{"platform": {"All_Weights": {"Bias_Weight": 72.5197590600039, "Categorical_Variables": {}, "Numerical_Variables": {"bpf_block_irq": {"scale": 1.5, "mean": 0, "variance": 0, "weight": 0.0}, "bpf_net_rx_irq": {"scale": 0.0008278145695364238, "mean": 0, "variance": 0, "weight": 0.0}, "bpf_net_tx_irq": {"scale": 0.6, "mean": 0, "variance": 0, "weight": 0.0}, "cache_miss": {"scale": 1.0158675600729726e-08, "mean": 0, "variance": 0, "weight": 236.0365904102088}, "cpu_cycles": {"scale": 1.8357850000664683e-11, "mean": 0, "variance": 0, "weight": 519.8792306270043}, "cpu_instructions": {"scale": 1.0, "mean": 0, "variance": 0, "weight": 0.0}}}}}