{"model_name": "ExponentialRegressionTrainer_0", "trainer": "ExponentialRegressionTrainer", "model_class": "curvefit", "model_file": "ExponentialRegressionTrainer_0.json", "features": ["bpf_cpu_time_ms", "bpf_page_cache_hit"], "fe_files": [], "output_type": "AbsPower", "mae": 6.58, "mape": -1, "node_type": 0, "machine_spec": {"processor": "11th_gen_intel_core", "cores": 8, "chips": 1, "memory": 31, "frequency": 4800}, "package_mae": 6.58, "core_mae": 5.09, "uncore_mae": 1.48, "dram_mae": 0.0, "package_mape": 30.76, "core_mape": 48.91, "uncore_mape": 45979.28, "dram_mape": -1}