{"package": {"All_Weights": {"Categorical_Variables": {}, "Numerical_Variables": {"bpf_cpu_time_ms": {"scale": 2185.9999999999995}, "bpf_page_cache_hit": {"scale": 1.0}}, "CurveFit_Weights": [2188.6233814533857, -0.0028259059806536885, -2176.666629186389]}}, "core": {"All_Weights": {"Categorical_Variables": {}, "Numerical_Variables": {"bpf_cpu_time_ms": {"scale": 2185.9999999999995}, "bpf_page_cache_hit": {"scale": 1.0}}, "CurveFit_Weights": [2202.038835923303, -0.001684579925709206, -2195.9495448814455]}}, "uncore": {"All_Weights": {"Categorical_Variables": {}, "Numerical_Variables": {"bpf_cpu_time_ms": {"scale": 2185.9999999999995}, "bpf_page_cache_hit": {"scale": 1.0}}, "CurveFit_Weights": [-0.10979447416271888, 1.628829513805676, 0.8753414570421705]}}, "dram": {"All_Weights": {"Categorical_Variables": {}, "Numerical_Variables": {"bpf_cpu_time_ms": {"scale": 2185.9999999999995}, "bpf_page_cache_hit": {"scale": 1.0}}, "CurveFit_Weights": [0.0, 1.0, 0.0]}}}