{"package": {"All_Weights": {"Bias_Weight": 113.51850975015755, "Categorical_Variables": {}, "Numerical_Variables": {"bpf_block_irq": {"scale": 1.5, "mean": 0, "variance": 0, "weight": 0.0}, "bpf_net_rx_irq": {"scale": 0.0008278145695364238, "mean": 0, "variance": 0, "weight": 0.0}, "bpf_net_tx_irq": {"scale": 0.6, "mean": 0, "variance": 0, "weight": 7.105766992835571}, "cache_miss": {"scale": 1.0158675600729726e-08, "mean": 0, "variance": 0, "weight": 125.1615515923916}, "cpu_cycles": {"scale": 1.8357850000664683e-11, "mean": 0, "variance": 0, "weight": 449.71662556640644}, "cpu_instructions": {"scale": 1.0, "mean": 0, "variance": 0, "weight": 0.0}}}}, "core": {"All_Weights": {"Bias_Weight": 0.0, "Categorical_Variables": {}, "Numerical_Variables": {"bpf_block_irq": {"scale": 1.5, "mean": 0, "variance": 0, "weight": 0.0}, "bpf_net_rx_irq": {"scale": 0.0008278145695364238, "mean": 0, "variance": 0, "weight": 0.0}, "bpf_net_tx_irq": {"scale": 0.6, "mean": 0, "variance": 0, "weight": 0.0}, "cache_miss": {"scale": 1.0158675600729726e-08, "mean": 0, "variance": 0, "weight": 0.0}, "cpu_cycles": {"scale": 1.8357850000664683e-11, "mean": 0, "variance": 0, "weight": 0.0}, "cpu_instructions": {"scale": 1.0, "mean": 0, "variance": 0, "weight": 0.0}}}}, "uncore": {"All_Weights": {"Bias_Weight": 0.0, "Categorical_Variables": {}, "Numerical_Variables": {"bpf_block_irq": {"scale": 1.5, "mean": 0, "variance": 0, "weight": 0.0}, "bpf_net_rx_irq": {"scale": 0.0008278145695364238, "mean": 0, "variance": 0, "weight": 0.0}, "bpf_net_tx_irq": {"scale": 0.6, "mean": 0, "variance": 0, "weight": 0.0}, "cache_miss": {"scale": 1.0158675600729726e-08, "mean": 0, "variance": 0, "weight": 0.0}, "cpu_cycles": {"scale": 1.8357850000664683e-11, "mean": 0, "variance": 0, "weight": 0.0}, "cpu_instructions": {"scale": 1.0, "mean": 0, "variance": 0, "weight": 0.0}}}}, "dram": {"All_Weights": {"Bias_Weight": 140.29665462018093, "Categorical_Variables": {}, "Numerical_Variables": {"bpf_block_irq": {"scale": 1.5, "mean": 0, "variance": 0, "weight": 0.0}, "bpf_net_rx_irq": {"scale": 0.0008278145695364238, "mean": 0, "variance": 0, "weight": 0.0}, "bpf_net_tx_irq": {"scale": 0.6, "mean": 0, "variance": 0, "weight": 0.0}, "cache_miss": {"scale": 1.0158675600729726e-08, "mean": 0, "variance": 0, "weight": 77.25287440731977}, "cpu_cycles": {"scale": 1.8357850000664683e-11, "mean": 0, "variance": 0, "weight": 6.554008266798499}, "cpu_instructions": {"scale": 1.0, "mean": 0, "variance": 0, "weight": 0.0}}}}}