{"learner":{"attributes":{"scikit_learn":"{\"_estimator_type\": \"regressor\"}"},"feature_names":[],"feature_types":[],"gradient_booster":{"model":{"gbtree_model_param":{"num_parallel_tree":"1","num_trees":"100"},"iteration_indptr":[0,1,2,3,4,5,6,7,8,9,10,11,12,13,14,15,16,17,18,19,20,21,22,23,24,25,26,27,28,29,30,31,32,33,34,35,36,37,38,39,40,41,42,43,44,45,46,47,48,49,50,51,52,53,54,55,56,57,58,59,60,61,62,63,64,65,66,67,68,69,70,71,72,73,74,75,76,77,78,79,80,81,82,83,84,85,86,87,88,89,90,91,92,93,94,95,96,97,98,99,100],"tree_info":[0,0,0,0,0,0,0,0,0,0,0,0,0,0,0,0,0,0,0,0,0,0,0,0,0,0,0,0,0,0,0,0,0,0,0,0,0,0,0,0,0,0,0,0,0,0,0,0,0,0,0,0,0,0,0,0,0,0,0,0,0,0,0,0,0,0,0,0,0,0,0,0,0,0,0,0,0,0,0,0,0,0,0,0,0,0,0,0,0,0,0,0,0,0,0,0,0,0,0,0],"trees":[{"base_weights":[4.577637E-6,-9.002777E1,1.0803334E1,-1.0606667E1,-4.916664E-1],"categories":[],"categories_nodes":[],"categories_segments":[],"categories_sizes":[],"default_left":[0,0,0,0,0],"id":0,"left_children":[1,3,-1,-1,-1],"loss_changes":[1.06986016E5,7.669035E3,0E0,0E0,0E0],"parents":[2147483647,0,0,1,1],"right_children":[2,4,-1,-1,-1],"split_conditions":[6.0762453E-1,4.0574175E-1,1.0803334E1,-1.0606667E1,-4.916664E-1],"split_indices":[0,0,0,0,0],"split_type":[0,0,0,0,0],"sum_hessian":[9E0,5E0,4E0,4E0,1E0],"tree_param":{"num_deleted":"0","num_feature":"2","num_nodes":"5","size_leaf_vector":"1"}},{"base_weights":[-2.949066E-2,-8.287471E1,9.939067E0,-9.758132E1,-4.6708298E-1,-1.0704499E1,-2.9863327E0],"categories":[],"categories_nodes":[],"categories_segments":[],"categories_sizes":[],"default_left":[0,0,0,0,0,0,0],"id":1,"left_children":[1,3,-1,5,-1,-1,-1],"loss_changes":[9.0601836E4,6.4448945E3,0E0,7.5859375E0,0E0,0E0,0E0],"parents":[2147483647,0,0,1,1,3,3],"right_children":[2,4,-1,6,-1,-1,-1],"split_conditions":[6.0762453E-1,4.0574175E-1,9.939067E0,3.0500564E-1,-4.6708298E-1,-1.0704499E1,-2.9863327E0],"split_indices":[0,0,0,0,0,0,0],"split_type":[0,0,0,0,0,0,0],"sum_hessian":[9E0,5E0,4E0,4E0,1E0,3E0,1E0],"tree_param":{"num_deleted":"0","num_feature":"2","num_nodes":"7","size_leaf_vector":"1"}},{"base_weights":[-4.4842833E-1,-7.694689E1,9.143942E0,-9.056136E0,-4.4372866E-1],"categories":[],"categories_nodes":[],"categories_segments":[],"categories_sizes":[],"default_left":[0,0,0,0,0],"id":2,"left_children":[1,3,-1,-1,-1],"loss_changes":[7.732877E4,5.5212266E3,0E0,0E0,0E0],"parents":[2147483647,0,0,1,1],"right_children":[2,4,-1,-1,-1],"split_conditions":[6.0762453E-1,4.0574175E-1,9.143942E0,-9.056136E0,-4.4372866E-1],"split_indices":[0,0,0,0,0],"split_type":[0,0,0,0,0],"sum_hessian":[9E0,5E0,4E0,4E0,1E0],"tree_param":{"num_deleted":"0","num_feature":"2","num_nodes":"5","size_leaf_vector":"1"}},{"base_weights":[-4.3917543E-1,-7.083552E1,8.412427E1,-9.222452E0,-1.8705011E1,2.4640167E0,9.283525E0,-2.3842094E0,-4.2154238E-1],"categories":[],"categories_nodes":[],"categories_segments":[],"categories_sizes":[],"default_left":[0,0,0,0,0,0,0,0,0],"id":3,"left_children":[1,3,5,-1,7,-1,-1,-1,-1],"loss_changes":[6.5488555E4,4.9650566E3,3.0335156E2,0E0,1.22798096E2,0E0,0E0,0E0,0E0],"parents":[2147483647,0,0,1,1,2,2,4,4],"right_children":[2,4,6,-1,8,-1,-1,-1,-1],"split_conditions":[6.0762453E-1,3.0500564E-1,7.120471E-1,-9.222452E0,4.0574175E-1,2.4640167E0,9.283525E0,-2.3842094E0,-4.2154238E-1],"split_indices":[0,0,0,0,0,0,0,0,0],"split_type":[0,0,0,0,0,0,0,0,0],"sum_hessian":[9E0,5E0,4E0,3E0,2E0,1E0,3E0,1E0,1E0],"tree_param":{"num_deleted":"0","num_feature":"2","num_nodes":"9","size_leaf_vector":"1"}},{"base_weights":[-4.2332155E-1,-6.575666E1,7.806135E1,-8.530767E0,-1.776976E1,2.3408158E0,8.58726E0,-2.2649987E0,-4.004654E-1],"categories":[],"categories_nodes":[],"categories_segments":[],"categories_sizes":[],"default_left":[0,0,0,0,0,0,0,0,0],"id":4,"left_children":[1,3,5,-1,7,-1,-1,-1,-1],"loss_changes":[5.6409707E4,4.113256E3,1.2443164E2,0E0,1.1082501E2,0E0,0E0,0E0,0E0],"parents":[2147483647,0,0,1,1,2,2,4,4],"right_children":[2,4,6,-1,8,-1,-1,-1,-1],"split_conditions":[6.0762453E-1,3.0500564E-1,7.120471E-1,-8.530767E0,4.0574175E-1,2.3408158E0,8.58726E0,-2.2649987E0,-4.004654E-1],"split_indices":[0,0,0,0,0,0,0,0,0],"split_type":[0,0,0,0,0,0,0,0,0],"sum_hessian":[9E0,5E0,4E0,3E0,2E0,1E0,3E0,1E0,1E0],"tree_param":{"num_deleted":"0","num_feature":"2","num_nodes":"9","size_leaf_vector":"1"}},{"base_weights":[-4.0780792E-1,-6.1047035E1,7.244083E0,-7.89096E0,-1.6881271E1,-2.1517487E0,-3.8044205E-1],"categories":[],"categories_nodes":[],"categories_segments":[],"categories_sizes":[],"default_left":[0,0,0,0,0,0,0],"id":5,"left_children":[1,3,-1,-1,5,-1,-1],"loss_changes":[4.8597145E4,3.4013887E3,0E0,0E0,1.00019714E2,0E0,0E0],"parents":[2147483647,0,0,1,1,4,4],"right_children":[2,4,-1,-1,6,-1,-1],"split_conditions":[6.0762453E-1,3.0500564E-1,7.244083E0,-7.89096E0,4.0574175E-1,-2.1517487E0,-3.8044205E-1],"split_indices":[0,0,0,0,0,0,0],"split_type":[0,0,0,0,0,0,0],"sum_hessian":[9E0,5E0,4E0,3E0,2E0,1E0,1E0],"tree_param":{"num_deleted":"0","num_feature":"2","num_nodes":"7","size_leaf_vector":"1"}},{"base_weights":[-6.8493193E-1,-5.6679523E1,6.664556E1,-6.656975E0,-3.6141968E-1,1.8615707E0,7.39991E0],"categories":[],"categories_nodes":[],"categories_segments":[],"categories_sizes":[],"default_left":[0,0,0,0,0,0,0],"id":6,"left_children":[1,3,5,-1,-1,-1,-1],"loss_changes":[4.147887E4,2.908373E3,3.8840234E2,0E0,0E0,0E0,0E0],"parents":[2147483647,0,0,1,1,2,2],"right_children":[2,4,6,-1,-1,-1,-1],"split_conditions":[6.0762453E-1,4.0574175E-1,7.120471E-1,-6.656975E0,-3.6141968E-1,1.8615707E0,7.39991E0],"split_indices":[0,0,0,0,0,0,0],"split_type":[0,0,0,0,0,0,0],"sum_hessian":[9E0,5E0,4E0,4E0,1E0,1E0,3E0],"tree_param":{"num_deleted":"0","num_feature":"2","num_nodes":"7","size_leaf_vector":"1"}},{"base_weights":[-3.9212877E-1,-5.2181305E1,6.1833305E1,-6.7998652E0,-1.3697743E1,1.7684921E0,6.8449173E0,-1.7113129E0,-3.433487E-1],"categories":[],"categories_nodes":[],"categories_segments":[],"categories_sizes":[],"default_left":[0,0,0,0,0,0,0,0,0],"id":7,"left_children":[1,3,5,-1,7,-1,-1,-1,-1],"loss_changes":[3.5452582E4,2.7208174E3,2.4988086E2,0E0,4.6411377E1,0E0,0E0,0E0,0E0],"parents":[2147483647,0,0,1,1,2,2,4,4],"right_children":[2,4,6,-1,8,-1,-1,-1,-1],"split_conditions":[6.0762453E-1,3.0500564E-1,7.120471E-1,-6.7998652E0,4.0574175E-1,1.7684921E0,6.8449173E0,-1.7113129E0,-3.433487E-1],"split_indices":[0,0,0,0,0,0,0,0,0],"split_type":[0,0,0,0,0,0,0,0,0],"sum_hessian":[9E0,5E0,4E0,3E0,2E0,1E0,3E0,1E0,1E0],"tree_param":{"num_deleted":"0","num_feature":"2","num_nodes":"9","size_leaf_vector":"1"}},{"base_weights":[-3.7702408E-1,-4.8438927E1,5.737266E1,-6.289875E0,-1.3012853E1,1.6800674E0,6.331549E0,-1.625747E0,-3.2618102E-1],"categories":[],"categories_nodes":[],"categories_segments":[],"categories_sizes":[],"default_left":[0,0,0,0,0,0,0,0,0],"id":8,"left_children":[1,3,5,-1,7,-1,-1,-1,-1],"loss_changes":[3.0534668E4,2.2550361E3,1.418164E2,0E0,4.1886383E1,0E0,0E0,0E0,0E0],"parents":[2147483647,0,0,1,1,2,2,4,4],"right_children":[2,4,6,-1,8,-1,-1,-1,-1],"split_conditions":[6.0762453E-1,3.0500564E-1,7.120471E-1,-6.289875E0,4.0574175E-1,1.6800674E0,6.331549E0,-1.625747E0,-3.2618102E-1],"split_indices":[0,0,0,0,0,0,0,0,0],"split_type":[0,0,0,0,0,0,0,0,0],"sum_hessian":[9E0,5E0,4E0,3E0,2E0,1E0,3E0,1E0,1E0],"tree_param":{"num_deleted":"0","num_feature":"2","num_nodes":"9","size_leaf_vector":"1"}},{"base_weights":[-3.6233672E-1,-4.4968662E1,5.3237724E1,-5.818134E0,-1.2362208E1,1.596064E0,5.8566833E0,-1.5444596E0,-3.0987167E-1],"categories":[],"categories_nodes":[],"categories_segments":[],"categories_sizes":[],"default_left":[0,0,0,0,0,0,0,0,0],"id":9,"left_children":[1,3,5,-1,7,-1,-1,-1,-1],"loss_changes":[2.6303047E4,1.8656611E3,5.8504883E1,0E0,3.780258E1,0E0,0E0,0E0,0E0],"parents":[2147483647,0,0,1,1,2,2,4,4],"right_children":[2,4,6,-1,8,-1,-1,-1,-1],"split_conditions":[6.0762453E-1,3.0500564E-1,7.120471E-1,-5.818134E0,4.0574175E-1,1.596064E0,5.8566833E0,-1.5444596E0,-3.0987167E-1],"split_indices":[0,0,0,0,0,0,0,0,0],"split_type":[0,0,0,0,0,0,0,0,0],"sum_hessian":[9E0,5E0,4E0,3E0,2E0,1E0,3E0,1E0,1E0],"tree_param":{"num_deleted":"0","num_feature":"2","num_nodes":"9","size_leaf_vector":"1"}},{"base_weights":[-3.480774E-1,-4.175054E1,4.9404495E1,-6.000466E0,-1.7622318E1,2.2352545E0,5.9988284E0,-2.1533906E0,-2.943779E-1],"categories":[],"categories_nodes":[],"categories_segments":[],"categories_sizes":[],"default_left":[0,0,0,0,0,0,0,0,0],"id":10,"left_children":[1,3,5,-1,7,-1,-1,-1,-1],"loss_changes":[2.2661457E4,1.5852148E3,9.066992E1,0E0,1.6627454E2,0E0,0E0,0E0,0E0],"parents":[2147483647,0,0,1,1,2,2,4,4],"right_children":[2,4,6,-1,8,-1,-1,-1,-1],"split_conditions":[6.0762453E-1,2.0368053E-1,8.120654E-1,-6.000466E0,4.0574175E-1,2.2352545E0,5.9988284E0,-2.1533906E0,-2.943779E-1],"split_indices":[0,0,0,0,0,0,0,0,0],"split_type":[0,0,0,0,0,0,0,0,0],"sum_hessian":[9E0,5E0,4E0,2E0,3E0,2E0,2E0,2E0,1E0],"tree_param":{"num_deleted":"0","num_feature":"2","num_nodes":"9","size_leaf_vector":"1"}},{"base_weights":[-3.3468857E-1,-3.898353E1,4.6110855E1,-5.600435E0,-1.6472029E1,2.0862372E0,5.5989056E0,-2.0098312E0,-2.7965927E-1],"categories":[],"categories_nodes":[],"categories_segments":[],"categories_sizes":[],"default_left":[0,0,0,0,0,0,0,0,0],"id":11,"left_children":[1,3,5,-1,7,-1,-1,-1,-1],"loss_changes":[1.9748227E4,1.3764795E3,7.8984375E1,0E0,1.421571E2,0E0,0E0,0E0,0E0],"parents":[2147483647,0,0,1,1,2,2,4,4],"right_children":[2,4,6,-1,8,-1,-1,-1,-1],"split_conditions":[6.0762453E-1,2.0368053E-1,8.120654E-1,-5.600435E0,4.0574175E-1,2.0862372E0,5.5989056E0,-2.0098312E0,-2.7965927E-1],"split_indices":[0,0,0,0,0,0,0,0,0],"split_type":[0,0,0,0,0,0,0,0,0],"sum_hessian":[9E0,5E0,4E0,2E0,3E0,2E0,2E0,2E0,1E0],"tree_param":{"num_deleted":"0","num_feature":"2","num_nodes":"9","size_leaf_vector":"1"}},{"base_weights":[-3.2169953E-1,-3.640016E1,4.3036797E1,-5.2270727E0,-1.5397198E1,1.9471543E0,5.225645E0,-1.8758423E0,-2.656761E-1],"categories":[],"categories_nodes":[],"categories_segments":[],"categories_sizes":[],"default_left":[0,0,0,0,0,0,0,0,0],"id":12,"left_children":[1,3,5,-1,7,-1,-1,-1,-1],"loss_changes":[1.7209625E4,1.1951509E3,6.880371E1,0E0,1.2145715E2,0E0,0E0,0E0,0E0],"parents":[2147483647,0,0,1,1,2,2,4,4],"right_children":[2,4,6,-1,8,-1,-1,-1,-1],"split_conditions":[6.0762453E-1,2.0368053E-1,8.120654E-1,-5.2270727E0,4.0574175E-1,1.9471543E0,5.225645E0,-1.8758423E0,-2.656761E-1],"split_indices":[0,0,0,0,0,0,0,0,0],"split_type":[0,0,0,0,0,0,0,0,0],"sum_hessian":[9E0,5E0,4E0,2E0,3E0,2E0,2E0,2E0,1E0],"tree_param":{"num_deleted":"0","num_feature":"2","num_nodes":"9","size_leaf_vector":"1"}},{"base_weights":[-3.091095E-1,-3.3988247E1,4.0167675E1,-4.389399E0,-9.451172E0,1.8173441E0,4.877269E0,-1.1652832E0,-2.523926E-1],"categories":[],"categories_nodes":[],"categories_segments":[],"categories_sizes":[],"default_left":[0,0,0,0,0,0,0,0,0],"id":13,"left_children":[1,3,5,-1,7,-1,-1,-1,-1],"loss_changes":[1.4997461E4,1.0434985E3,5.993506E1,0E0,1.6343414E1,0E0,0E0,0E0,0E0],"parents":[2147483647,0,0,1,1,2,2,4,4],"right_children":[2,4,6,-1,8,-1,-1,-1,-1],"split_conditions":[6.0762453E-1,3.0500564E-1,8.120654E-1,-4.389399E0,4.0574175E-1,1.8173441E0,4.877269E0,-1.1652832E0,-2.523926E-1],"split_indices":[0,0,0,0,0,0,0,0,0],"split_type":[0,0,0,0,0,0,0,0,0],"sum_hessian":[9E0,5E0,4E0,3E0,2E0,2E0,2E0,1E0,1E0],"tree_param":{"num_deleted":"0","num_feature":"2","num_nodes":"9","size_leaf_vector":"1"}},{"base_weights":[-1.894432E-1,-3.1557268E1,3.7489834E1,-4.5859747E0,-1.2941092E1,1.6961879E0,4.552118E0,-1.5656303E0,-2.397728E-1],"categories":[],"categories_nodes":[],"categories_segments":[],"categories_sizes":[],"default_left":[0,0,0,0,0,0,0,0,0],"id":14,"left_children":[1,3,5,-1,7,-1,-1,-1,-1],"loss_changes":[1.3002246E4,1.0040698E3,5.2210938E1,0E0,7.697034E1,0E0,0E0,0E0,0E0],"parents":[2147483647,0,0,1,1,2,2,4,4],"right_children":[2,4,6,-1,8,-1,-1,-1,-1],"split_conditions":[6.0762453E-1,2.0368053E-1,8.120654E-1,-4.5859747E0,4.0574175E-1,1.6961879E0,4.552118E0,-1.5656303E0,-2.397728E-1],"split_indices":[0,0,0,0,0,0,0,0,0],"split_type":[0,0,0,0,0,0,0,0,0],"sum_hessian":[9E0,5E0,4E0,2E0,3E0,2E0,2E0,2E0,1E0],"tree_param":{"num_deleted":"0","num_feature":"2","num_nodes":"9","size_leaf_vector":"1"}},{"base_weights":[-1.8480758E-1,-2.946677E1,3.499051E1,-4.280243E0,-1.2098333E1,1.0271515E0,3.8602378E0,-1.4612552E0,-2.2778396E-1],"categories":[],"categories_nodes":[],"categories_segments":[],"categories_sizes":[],"default_left":[0,0,0,0,0,0,0,0,0],"id":15,"left_children":[1,3,5,-1,7,-1,-1,-1,-1],"loss_changes":[1.133108E4,8.718794E2,4.990381E1,0E0,6.547839E1,0E0,0E0,0E0,0E0],"parents":[2147483647,0,0,1,1,2,2,4,4],"right_children":[2,4,6,-1,8,-1,-1,-1,-1],"split_conditions":[6.0762453E-1,2.0368053E-1,7.120471E-1,-4.280243E0,4.0574175E-1,1.0271515E0,3.8602378E0,-1.4612552E0,-2.2778396E-1],"split_indices":[0,0,0,0,0,0,0,0,0],"split_type":[0,0,0,0,0,0,0,0,0],"sum_hessian":[9E0,5E0,4E0,2E0,3E0,1E0,3E0,2E0,1E0],"tree_param":{"num_deleted":"0","num_feature":"2","num_nodes":"9","size_leaf_vector":"1"}},{"base_weights":[-2.7451247E-1,-2.7514973E1,3.246894E1,-3.9948933E0,-1.1310759E1,1.420196E0,3.9912946E0,-1.363838E0,-2.1639481E-1],"categories":[],"categories_nodes":[],"categories_segments":[],"categories_sizes":[],"default_left":[0,0,0,0,0,0,0,0,0],"id":16,"left_children":[1,3,5,-1,7,-1,-1,-1,-1],"loss_changes":[9.81285E3,7.570425E2,1.13055176E2,0E0,5.56485E1,0E0,0E0,0E0,0E0],"parents":[2147483647,0,0,1,1,2,2,4,4],"right_children":[2,4,6,-1,8,-1,-1,-1,-1],"split_conditions":[6.0762453E-1,2.0368053E-1,8.120654E-1,-3.9948933E0,4.0574175E-1,1.420196E0,3.9912946E0,-1.363838E0,-2.1639481E-1],"split_indices":[0,0,0,0,0,0,0,0,0],"split_type":[0,0,0,0,0,0,0,0,0],"sum_hessian":[9E0,5E0,4E0,2E0,3E0,2E0,2E0,2E0,1E0],"tree_param":{"num_deleted":"0","num_feature":"2","num_nodes":"9","size_leaf_vector":"1"}},{"base_weights":[-2.634262E-1,-2.5692663E1,3.0304342E1,-3.7285671E0,-1.0574741E1,1.3255162E0,3.7252076E0,-1.2729157E0,-2.055748E-1],"categories":[],"categories_nodes":[],"categories_segments":[],"categories_sizes":[],"default_left":[0,0,0,0,0,0,0,0,0],"id":17,"left_children":[1,3,5,-1,7,-1,-1,-1,-1],"loss_changes":[8.551749E3,6.5728687E2,9.84834E1,0E0,4.724585E1,0E0,0E0,0E0,0E0],"parents":[2147483647,0,0,1,1,2,2,4,4],"right_children":[2,4,6,-1,8,-1,-1,-1,-1],"split_conditions":[6.0762453E-1,2.0368053E-1,8.120654E-1,-3.7285671E0,4.0574175E-1,1.3255162E0,3.7252076E0,-1.2729157E0,-2.055748E-1],"split_indices":[0,0,0,0,0,0,0,0,0],"split_type":[0,0,0,0,0,0,0,0,0],"sum_hessian":[9E0,5E0,4E0,2E0,3E0,2E0,2E0,2E0,1E0],"tree_param":{"num_deleted":"0","num_feature":"2","num_nodes":"9","size_leaf_vector":"1"}},{"base_weights":[-2.527191E-1,-2.3991236E1,2.8284046E1,-3.4799957E0,-9.886887E0,1.237148E0,3.4768598E0,-1.1880544E0,-1.9529572E-1],"categories":[],"categories_nodes":[],"categories_segments":[],"categories_sizes":[],"default_left":[0,0,0,0,0,0,0,0,0],"id":18,"left_children":[1,3,5,-1,7,-1,-1,-1,-1],"loss_changes":[7.452774E3,5.706367E2,8.579028E1,0E0,4.0067963E1,0E0,0E0,0E0,0E0],"parents":[2147483647,0,0,1,1,2,2,4,4],"right_children":[2,4,6,-1,8,-1,-1,-1,-1],"split_conditions":[6.0762453E-1,2.0368053E-1,8.120654E-1,-3.4799957E0,4.0574175E-1,1.237148E0,3.4768598E0,-1.1880544E0,-1.9529572E-1],"split_indices":[0,0,0,0,0,0,0,0,0],"split_type":[0,0,0,0,0,0,0,0,0],"sum_hessian":[9E0,5E0,4E0,2E0,3E0,2E0,2E0,2E0,1E0],"tree_param":{"num_deleted":"0","num_feature":"2","num_nodes":"9","size_leaf_vector":"1"}},{"base_weights":[-2.4238357E-1,-2.240267E1,2.6398438E1,-3.247996E0,-9.244036E0,1.1546712E0,3.2450683E0,-1.1088508E0,-1.8553086E-1],"categories":[],"categories_nodes":[],"categories_segments":[],"categories_sizes":[],"default_left":[0,0,0,0,0,0,0,0,0],"id":19,"left_children":[1,3,5,-1,7,-1,-1,-1,-1],"loss_changes":[6.495078E3,4.9537427E2,7.473291E1,0E0,3.3940643E1,0E0,0E0,0E0,0E0],"parents":[2147483647,0,0,1,1,2,2,4,4],"right_children":[2,4,6,-1,8,-1,-1,-1,-1],"split_conditions":[6.0762453E-1,2.0368053E-1,8.120654E-1,-3.247996E0,4.0574175E-1,1.1546712E0,3.2450683E0,-1.1088508E0,-1.8553086E-1],"split_indices":[0,0,0,0,0,0,0,0,0],"split_type":[0,0,0,0,0,0,0,0,0],"sum_hessian":[9E0,5E0,4E0,2E0,3E0,2E0,2E0,2E0,1E0],"tree_param":{"num_deleted":"0","num_feature":"2","num_nodes":"9","size_leaf_vector":"1"}},{"base_weights":[-2.3240586E-1,-2.0919466E1,2.4638546E1,-3.031463E0,-8.643227E0,1.0776932E0,3.0287313E0,-1.0349274E0,-1.7625427E-1],"categories":[],"categories_nodes":[],"categories_segments":[],"categories_sizes":[],"default_left":[0,0,0,0,0,0,0,0,0],"id":20,"left_children":[1,3,5,-1,7,-1,-1,-1,-1],"loss_changes":[5.660494E3,4.3000732E2,6.510083E1,0E0,2.871402E1,0E0,0E0,0E0,0E0],"parents":[2147483647,0,0,1,1,2,2,4,4],"right_children":[2,4,6,-1,8,-1,-1,-1,-1],"split_conditions":[6.0762453E-1,2.0368053E-1,8.120654E-1,-3.031463E0,4.0574175E-1,1.0776932E0,3.0287313E0,-1.0349274E0,-1.7625427E-1],"split_indices":[0,0,0,0,0,0,0,0,0],"split_type":[0,0,0,0,0,0,0,0,0],"sum_hessian":[9E0,5E0,4E0,2E0,3E0,2E0,2E0,2E0,1E0],"tree_param":{"num_deleted":"0","num_feature":"2","num_nodes":"9","size_leaf_vector":"1"}},{"base_weights":[-2.2278519E-1,-1.9534626E1,2.2995981E1,-2.8293655E0,-8.081699E0,1.0058467E0,2.8268168E0,-9.659322E-1,-1.6744156E-1],"categories":[],"categories_nodes":[],"categories_segments":[],"categories_sizes":[],"default_left":[0,0,0,0,0,0,0,0,0],"id":21,"left_children":[1,3,5,-1,7,-1,-1,-1,-1],"loss_changes":[4.9331895E3,3.7323828E2,5.6710693E1,0E0,2.4259369E1,0E0,0E0,0E0,0E0],"parents":[2147483647,0,0,1,1,2,2,4,4],"right_children":[2,4,6,-1,8,-1,-1,-1,-1],"split_conditions":[6.0762453E-1,2.0368053E-1,8.120654E-1,-2.8293655E0,4.0574175E-1,1.0058467E0,2.8268168E0,-9.659322E-1,-1.6744156E-1],"split_indices":[0,0,0,0,0,0,0,0,0],"split_type":[0,0,0,0,0,0,0,0,0],"sum_hessian":[9E0,5E0,4E0,2E0,3E0,2E0,2E0,2E0,1E0],"tree_param":{"num_deleted":"0","num_feature":"2","num_nodes":"9","size_leaf_vector":"1"}},{"base_weights":[-2.1351548E-1,-1.8241621E1,2.1462915E1,-2.640741E0,-7.556875E0,9.3878984E-1,2.6383626E0,-9.015369E-1,-1.5906982E-1],"categories":[],"categories_nodes":[],"categories_segments":[],"categories_sizes":[],"default_left":[0,0,0,0,0,0,0,0,0],"id":22,"left_children":[1,3,5,-1,7,-1,-1,-1,-1],"loss_changes":[4.299368E3,3.2393896E2,4.940161E1,0E0,2.0465775E1,0E0,0E0,0E0,0E0],"parents":[2147483647,0,0,1,1,2,2,4,4],"right_children":[2,4,6,-1,8,-1,-1,-1,-1],"split_conditions":[6.0762453E-1,2.0368053E-1,8.120654E-1,-2.640741E0,4.0574175E-1,9.3878984E-1,2.6383626E0,-9.015369E-1,-1.5906982E-1],"split_indices":[0,0,0,0,0,0,0,0,0],"split_type":[0,0,0,0,0,0,0,0,0],"sum_hessian":[9E0,5E0,4E0,2E0,3E0,2E0,2E0,2E0,1E0],"tree_param":{"num_deleted":"0","num_feature":"2","num_nodes":"9","size_leaf_vector":"1"}},{"base_weights":[-2.0458297E-1,-1.7034351E1,2.0032055E1,-2.4646919E0,-7.0663395E0,8.7620443E-1,2.4624717E0,-8.414345E-1,-1.5111618E-1],"categories":[],"categories_nodes":[],"categories_segments":[],"categories_sizes":[],"default_left":[0,0,0,0,0,0,0,0,0],"id":23,"left_children":[1,3,5,-1,7,-1,-1,-1,-1],"loss_changes":[3.7470127E3,2.811294E2,4.303369E1,0E0,1.7238174E1,0E0,0E0,0E0,0E0],"parents":[2147483647,0,0,1,1,2,2,4,4],"right_children":[2,4,6,-1,8,-1,-1,-1,-1],"split_conditions":[6.0762453E-1,2.0368053E-1,8.120654E-1,-2.4646919E0,4.0574175E-1,8.7620443E-1,2.4624717E0,-8.414345E-1,-1.5111618E-1],"split_indices":[0,0,0,0,0,0,0,0,0],"split_type":[0,0,0,0,0,0,0,0,0],"sum_hessian":[9E0,5E0,4E0,2E0,3E0,2E0,2E0,2E0,1E0],"tree_param":{"num_deleted":"0","num_feature":"2","num_nodes":"9","size_leaf_vector":"1"}},{"base_weights":[-1.9597626E-1,-1.5907123E1,1.8696594E1,-2.300379E0,-6.6078415E0,1.0314591E0,2.6112306E0,-7.853388E-1,-1.4356004E-1],"categories":[],"categories_nodes":[],"categories_segments":[],"categories_sizes":[],"default_left":[0,0,0,0,0,0,0,0,0],"id":24,"left_children":[1,3,5,-1,7,-1,-1,-1,-1],"loss_changes":[3.2656482E3,2.4395801E2,4.1454956E1,0E0,1.4494766E1,0E0,0E0,0E0,0E0],"parents":[2147483647,0,0,1,1,2,2,4,4],"right_children":[2,4,6,-1,8,-1,-1,-1,-1],"split_conditions":[6.0762453E-1,2.0368053E-1,9.136788E-1,-2.300379E0,4.0574175E-1,1.0314591E0,2.6112306E0,-7.853388E-1,-1.4356004E-1],"split_indices":[0,0,0,0,0,0,0,0,0],"split_type":[0,0,0,0,0,0,0,0,0],"sum_hessian":[9E0,5E0,4E0,2E0,3E0,3E0,1E0,2E0,1E0],"tree_param":{"num_deleted":"0","num_feature":"2","num_nodes":"9","size_leaf_vector":"1"}},{"base_weights":[-1.3503952E-1,-1.4854623E1,1.755547E1,-2.4727652E0,-7.9344873E0,9.540993E-1,2.4806688E0,-9.2361975E-1,-1.363823E-1],"categories":[],"categories_nodes":[],"categories_segments":[],"categories_sizes":[],"default_left":[0,0,0,0,0,0,0,0,0],"id":25,"left_children":[1,3,5,-1,7,-1,-1,-1,-1],"loss_changes":[2.864749E3,2.1373486E2,5.389319E1,0E0,3.0168976E1,0E0,0E0,0E0,0E0],"parents":[2147483647,0,0,1,1,2,2,4,4],"right_children":[2,4,6,-1,8,-1,-1,-1,-1],"split_conditions":[6.0762453E-1,1.0183141E-1,9.136788E-1,-2.4727652E0,4.0574175E-1,9.540993E-1,2.4806688E0,-9.2361975E-1,-1.363823E-1],"split_indices":[0,0,0,0,0,0,0,0,0],"split_type":[0,0,0,0,0,0,0,0,0],"sum_hessian":[9E0,5E0,4E0,1E0,4E0,3E0,1E0,3E0,1E0],"tree_param":{"num_deleted":"0","num_feature":"2","num_nodes":"9","size_leaf_vector":"1"}},{"base_weights":[-1.3133697E-1,-1.3957954E1,1.6486872E1,-2.3491268E0,-7.353038E0,8.8254166E-1,2.3566346E0,-8.543482E-1,-1.2956314E-1],"categories":[],"categories_nodes":[],"categories_segments":[],"categories_sizes":[],"default_left":[0,0,0,0,0,0,0,0,0],"id":26,"left_children":[1,3,5,-1,7,-1,-1,-1,-1],"loss_changes":[2.5278591E3,2.0506824E2,6.3212402E1,0E0,2.498581E1,0E0,0E0,0E0,0E0],"parents":[2147483647,0,0,1,1,2,2,4,4],"right_children":[2,4,6,-1,8,-1,-1,-1,-1],"split_conditions":[6.0762453E-1,1.0183141E-1,9.136788E-1,-2.3491268E0,4.0574175E-1,8.8254166E-1,2.3566346E0,-8.543482E-1,-1.2956314E-1],"split_indices":[0,0,0,0,0,0,0,0,0],"split_type":[0,0,0,0,0,0,0,0,0],"sum_hessian":[9E0,5E0,4E0,1E0,4E0,3E0,1E0,3E0,1E0],"tree_param":{"num_deleted":"0","num_feature":"2","num_nodes":"9","size_leaf_vector":"1"}},{"base_weights":[-1.2758788E-1,-1.3117665E1,1.5486023E1,-2.2316704E0,-6.814517E0,8.1635135E-1,2.2388031E0,-7.902722E-1,-1.2308502E-1],"categories":[],"categories_nodes":[],"categories_segments":[],"categories_sizes":[],"default_left":[0,0,0,0,0,0,0,0,0],"id":27,"left_children":[1,3,5,-1,7,-1,-1,-1,-1],"loss_changes":[2.2313606E3,1.9581995E2,6.993506E1,0E0,2.0653778E1,0E0,0E0,0E0,0E0],"parents":[2147483647,0,0,1,1,2,2,4,4],"right_children":[2,4,6,-1,8,-1,-1,-1,-1],"split_conditions":[6.0762453E-1,1.0183141E-1,9.136788E-1,-2.2316704E0,4.0574175E-1,8.1635135E-1,2.2388031E0,-7.902722E-1,-1.2308502E-1],"split_indices":[0,0,0,0,0,0,0,0,0],"split_type":[0,0,0,0,0,0,0,0,0],"sum_hessian":[9E0,5E0,4E0,1E0,4E0,3E0,1E0,3E0,1E0],"tree_param":{"num_deleted":"0","num_feature":"2","num_nodes":"9","size_leaf_vector":"1"}},{"base_weights":[-1.2381439E-1,-1.23300705E1,1.4548456E1,-2.120087E0,-6.3157372E0,7.5512546E-1,2.1268632E0,-7.3100156E-1,-1.16931155E-1],"categories":[],"categories_nodes":[],"categories_segments":[],"categories_sizes":[],"default_left":[0,0,0,0,0,0,0,0,0],"id":28,"left_children":[1,3,5,-1,7,-1,-1,-1,-1],"loss_changes":[1.9703184E3,1.8621252E2,7.4507324E1,0E0,1.7037216E1,0E0,0E0,0E0,0E0],"parents":[2147483647,0,0,1,1,2,2,4,4],"right_children":[2,4,6,-1,8,-1,-1,-1,-1],"split_conditions":[6.0762453E-1,1.0183141E-1,9.136788E-1,-2.120087E0,4.0574175E-1,7.5512546E-1,2.1268632E0,-7.3100156E-1,-1.16931155E-1],"split_indices":[0,0,0,0,0,0,0,0,0],"split_type":[0,0,0,0,0,0,0,0,0],"sum_hessian":[9E0,5E0,4E0,1E0,4E0,3E0,1E0,3E0,1E0],"tree_param":{"num_deleted":"0","num_feature":"2","num_nodes":"9","size_leaf_vector":"1"}},{"base_weights":[-1.2003632E-1,-1.1591733E1,1.3670008E1,-2.0140827E0,-5.8537498E0,6.984909E-1,2.02052E0,-6.7617637E-1,-1.1108475E-1],"categories":[],"categories_nodes":[],"categories_segments":[],"categories_sizes":[],"default_left":[0,0,0,0,0,0,0,0,0],"id":29,"left_children":[1,3,5,-1,7,-1,-1,-1,-1],"loss_changes":[1.7404111E3,1.7642786E2,7.731055E1,0E0,1.402182E1,0E0,0E0,0E0,0E0],"parents":[2147483647,0,0,1,1,2,2,4,4],"right_children":[2,4,6,-1,8,-1,-1,-1,-1],"split_conditions":[6.0762453E-1,1.0183141E-1,9.136788E-1,-2.0140827E0,4.0574175E-1,6.984909E-1,2.02052E0,-6.7617637E-1,-1.1108475E-1],"split_indices":[0,0,0,0,0,0,0,0,0],"split_type":[0,0,0,0,0,0,0,0,0],"sum_hessian":[9E0,5E0,4E0,1E0,4E0,3E0,1E0,3E0,1E0],"tree_param":{"num_deleted":"0","num_feature":"2","num_nodes":"9","size_leaf_vector":"1"}},{"base_weights":[-1.16262816E-1,-1.0899449E1,1.2846814E1,-1.9133784E0,-5.425826E0,6.4610445E-1,1.9194946E0,-6.25463E-1,-1.0553055E-1],"categories":[],"categories_nodes":[],"categories_segments":[],"categories_sizes":[],"default_left":[0,0,0,0,0,0,0,0,0],"id":30,"left_children":[1,3,5,-1,7,-1,-1,-1,-1],"loss_changes":[1.5378561E3,1.6661322E2,7.866919E1,0E0,1.1510971E1,0E0,0E0,0E0,0E0],"parents":[2147483647,0,0,1,1,2,2,4,4],"right_children":[2,4,6,-1,8,-1,-1,-1,-1],"split_conditions":[6.0762453E-1,1.0183141E-1,9.136788E-1,-1.9133784E0,4.0574175E-1,6.4610445E-1,1.9194946E0,-6.25463E-1,-1.0553055E-1],"split_indices":[0,0,0,0,0,0,0,0,0],"split_type":[0,0,0,0,0,0,0,0,0],"sum_hessian":[9E0,5E0,4E0,1E0,4E0,3E0,1E0,3E0,1E0],"tree_param":{"num_deleted":"0","num_feature":"2","num_nodes":"9","size_leaf_vector":"1"}},{"base_weights":[-1.1251755E-1,-1.0250233E1,1.2075244E1,-1.8177093E0,-5.029442E0,5.976456E-1,1.82352E0,-5.785532E-1,-1.0025406E-1],"categories":[],"categories_nodes":[],"categories_segments":[],"categories_sizes":[],"default_left":[0,0,0,0,0,0,0,0,0],"id":31,"left_children":[1,3,5,-1,7,-1,-1,-1,-1],"loss_changes":[1.3593346E3,1.5688629E2,7.8859436E1,0E0,9.423279E0,0E0,0E0,0E0,0E0],"parents":[2147483647,0,0,1,1,2,2,4,4],"right_children":[2,4,6,-1,8,-1,-1,-1,-1],"split_conditions":[6.0762453E-1,1.0183141E-1,9.136788E-1,-1.8177093E0,4.0574175E-1,5.976456E-1,1.82352E0,-5.785532E-1,-1.0025406E-1],"split_indices":[0,0,0,0,0,0,0,0,0],"split_type":[0,0,0,0,0,0,0,0,0],"sum_hessian":[9E0,5E0,4E0,1E0,4E0,3E0,1E0,3E0,1E0],"tree_param":{"num_deleted":"0","num_feature":"2","num_nodes":"9","size_leaf_vector":"1"}},{"base_weights":[-1.0880432E-1,-9.641296E0,1.1351947E1,-1.7268238E0,-4.6622605E0,5.5282134E-1,1.732344E0,-5.351618E-1,-9.524155E-2],"categories":[],"categories_nodes":[],"categories_segments":[],"categories_sizes":[],"default_left":[0,0,0,0,0,0,0,0,0],"id":32,"left_children":[1,3,5,-1,7,-1,-1,-1,-1],"loss_changes":[1.2019426E3,1.4733984E2,7.811426E1,0E0,7.6900787E0,0E0,0E0,0E0,0E0],"parents":[2147483647,0,0,1,1,2,2,4,4],"right_children":[2,4,6,-1,8,-1,-1,-1,-1],"split_conditions":[6.0762453E-1,1.0183141E-1,9.136788E-1,-1.7268238E0,4.0574175E-1,5.5282134E-1,1.732344E0,-5.351618E-1,-9.524155E-2],"split_indices":[0,0,0,0,0,0,0,0,0],"split_type":[0,0,0,0,0,0,0,0,0],"sum_hessian":[9E0,5E0,4E0,1E0,4E0,3E0,1E0,3E0,1E0],"tree_param":{"num_deleted":"0","num_feature":"2","num_nodes":"9","size_leaf_vector":"1"}},{"base_weights":[-1.0512962E-1,-9.070037E0,1.0673785E1,-1.6404828E0,-4.322114E0,5.113594E-1,1.6457275E0,-4.950246E-1,-9.047928E-2],"categories":[],"categories_nodes":[],"categories_segments":[],"categories_sizes":[],"default_left":[0,0,0,0,0,0,0,0,0],"id":33,"left_children":[1,3,5,-1,7,-1,-1,-1,-1],"loss_changes":[1.0631315E3,1.3804654E2,7.663074E1,0E0,6.2537003E0,0E0,0E0,0E0,0E0],"parents":[2147483647,0,0,1,1,2,2,4,4],"right_children":[2,4,6,-1,8,-1,-1,-1,-1],"split_conditions":[6.0762453E-1,1.0183141E-1,9.136788E-1,-1.6404828E0,4.0574175E-1,5.113594E-1,1.6457275E0,-4.950246E-1,-9.047928E-2],"split_indices":[0,0,0,0,0,0,0,0,0],"split_type":[0,0,0,0,0,0,0,0,0],"sum_hessian":[9E0,5E0,4E0,1E0,4E0,3E0,1E0,3E0,1E0],"tree_param":{"num_deleted":"0","num_feature":"2","num_nodes":"9","size_leaf_vector":"1"}},{"base_weights":[-1.0150318E-1,-8.53403E0,1.0037829E1,-1.5584587E0,-4.0070014E0,3.213908E-1,1.3515809E0,-4.5789766E-1,-8.5955046E-2],"categories":[],"categories_nodes":[],"categories_segments":[],"categories_sizes":[],"default_left":[0,0,0,0,0,0,0,0,0],"id":34,"left_children":[1,3,5,-1,7,-1,-1,-1,-1],"loss_changes":[9.406651E2,1.2906094E2,7.522867E1,0E0,5.06546E0,0E0,0E0,0E0,0E0],"parents":[2147483647,0,0,1,1,2,2,4,4],"right_children":[2,4,6,-1,8,-1,-1,-1,-1],"split_conditions":[6.0762453E-1,1.0183141E-1,8.120654E-1,-1.5584587E0,4.0574175E-1,3.213908E-1,1.3515809E0,-4.5789766E-1,-8.5955046E-2],"split_indices":[0,0,0,0,0,0,0,0,0],"split_type":[0,0,0,0,0,0,0,0,0],"sum_hessian":[9E0,5E0,4E0,1E0,4E0,2E0,2E0,3E0,1E0],"tree_param":{"num_deleted":"0","num_feature":"2","num_nodes":"9","size_leaf_vector":"1"}},{"base_weights":[-1.3428688E-1,-8.031012E0,9.36864E0,-1.4805357E0,-3.7150712E0,4.231491E-1,1.4958619E0,-4.235552E-1,-8.165741E-2],"categories":[],"categories_nodes":[],"categories_segments":[],"categories_sizes":[],"default_left":[0,0,0,0,0,0,0,0,0],"id":35,"left_children":[1,3,5,-1,7,-1,-1,-1,-1],"loss_changes":[8.256596E2,1.20423065E2,8.028549E1,0E0,4.0844193E0,0E0,0E0,0E0,0E0],"parents":[2147483647,0,0,1,1,2,2,4,4],"right_children":[2,4,6,-1,8,-1,-1,-1,-1],"split_conditions":[6.0762453E-1,1.0183141E-1,9.136788E-1,-1.4805357E0,4.0574175E-1,4.231491E-1,1.4958619E0,-4.235552E-1,-8.165741E-2],"split_indices":[0,0,0,0,0,0,0,0,0],"split_type":[0,0,0,0,0,0,0,0,0],"sum_hessian":[9E0,5E0,4E0,1E0,4E0,3E0,1E0,3E0,1E0],"tree_param":{"num_deleted":"0","num_feature":"2","num_nodes":"9","size_leaf_vector":"1"}},{"base_weights":[-1.2753277E-1,-7.558868E0,8.815577E0,-1.4065089E0,-3.444606E0,3.9141235E0,1.4210694E0,-4.3706512E-1,-1.3703589E-1,1.14463806E-1,4.4557396E-1],"categories":[],"categories_nodes":[],"categories_segments":[],"categories_sizes":[],"default_left":[0,0,0,0,0,0,0,0,0,0,0],"id":36,"left_children":[1,3,5,-1,7,9,-1,-1,-1,-1,-1],"loss_changes":[7.312282E2,1.1216107E2,7.659714E1,0E0,3.614872E0,8.9977646E-1,0E0,0E0,0E0,0E0,0E0],"parents":[2147483647,0,0,1,1,2,2,4,4,5,5],"right_children":[2,4,6,-1,8,10,-1,-1,-1,-1,-1],"split_conditions":[6.0762453E-1,1.0183141E-1,9.136788E-1,-1.4065089E0,3.0500564E-1,7.120471E-1,1.4210694E0,-4.3706512E-1,-1.3703589E-1,1.14463806E-1,4.4557396E-1],"split_indices":[0,0,0,0,0,0,0,0,0,0,0],"split_type":[0,0,0,0,0,0,0,0,0,0,0],"sum_hessian":[9E0,5E0,4E0,1E0,4E0,3E0,1E0,2E0,2E0,1E0,2E0],"tree_param":{"num_deleted":"0","num_feature":"2","num_nodes":"11","size_leaf_vector":"1"}},{"base_weights":[-1.14733696E-1,-7.133082E0,8.330231E0,-1.3361834E0,-3.2149644E0,3.662712E0,1.3500153E0,-4.0792748E-1,-1.2789993E-1,1.0874023E-1,4.1586813E-1],"categories":[],"categories_nodes":[],"categories_segments":[],"categories_sizes":[],"default_left":[0,0,0,0,0,0,0,0,0,0,0],"id":37,"left_children":[1,3,5,-1,7,9,-1,-1,-1,-1,-1],"loss_changes":[6.521172E2,1.0347208E2,7.120636E1,0E0,3.1489868E0,5.8694077E-1,0E0,0E0,0E0,0E0,0E0],"parents":[2147483647,0,0,1,1,2,2,4,4,5,5],"right_children":[2,4,6,-1,8,10,-1,-1,-1,-1,-1],"split_conditions":[6.0762453E-1,1.0183141E-1,9.136788E-1,-1.3361834E0,3.0500564E-1,7.120471E-1,1.3500153E0,-4.0792748E-1,-1.2789993E-1,1.0874023E-1,4.1586813E-1],"split_indices":[0,0,0,0,0,0,0,0,0,0,0],"split_type":[0,0,0,0,0,0,0,0,0,0,0],"sum_hessian":[9E0,5E0,4E0,1E0,4E0,3E0,1E0,2E0,2E0,1E0,2E0],"tree_param":{"num_deleted":"0","num_feature":"2","num_nodes":"11","size_leaf_vector":"1"}},{"base_weights":[-1.02996446E-1,-6.7317753E0,7.8721375E0,-1.2693743E0,-3.0006332E0,3.427597E0,1.2825149E0,-3.4291553E-1,-6.432724E-2,1.0330353E-1,3.8814393E-1],"categories":[],"categories_nodes":[],"categories_segments":[],"categories_sizes":[],"default_left":[0,0,0,0,0,0,0,0,0,0,0],"id":38,"left_children":[1,3,5,-1,7,9,-1,-1,-1,-1,-1],"loss_changes":[5.8164746E2,9.538043E1,6.610989E1,0E0,2.845024E0,3.3734894E-1,0E0,0E0,0E0,0E0,0E0],"parents":[2147483647,0,0,1,1,2,2,4,4,5,5],"right_children":[2,4,6,-1,8,10,-1,-1,-1,-1,-1],"split_conditions":[6.0762453E-1,1.0183141E-1,9.136788E-1,-1.2693743E0,4.0574175E-1,7.120471E-1,1.2825149E0,-3.4291553E-1,-6.432724E-2,1.0330353E-1,3.8814393E-1],"split_indices":[0,0,0,0,0,0,0,0,0,0,0],"split_type":[0,0,0,0,0,0,0,0,0,0,0],"sum_hessian":[9E0,5E0,4E0,1E0,4E0,3E0,1E0,3E0,1E0,1E0,2E0],"tree_param":{"num_deleted":"0","num_feature":"2","num_nodes":"11","size_leaf_vector":"1"}},{"base_weights":[-8.2961656E-2,-6.3380322E0,7.4397154E0,-1.2059056E0,-2.7820168E0,3.207695E0,1.2183899E0,-3.5787115E-1,-1.0579834E-1,9.813843E-2,3.6226705E-1],"categories":[],"categories_nodes":[],"categories_segments":[],"categories_sizes":[],"default_left":[0,0,0,0,0,0,0,0,0,0,0],"id":39,"left_children":[1,3,5,-1,7,9,-1,-1,-1,-1,-1],"loss_changes":[5.177019E2,8.851581E1,6.1305145E1,0E0,3.081421E0,1.4022446E-1,0E0,0E0,0E0,0E0,0E0],"parents":[2147483647,0,0,1,1,2,2,4,4,5,5],"right_children":[2,4,6,-1,8,10,-1,-1,-1,-1,-1],"split_conditions":[6.0762453E-1,1.0183141E-1,9.136788E-1,-1.2059056E0,3.0500564E-1,7.120471E-1,1.2183899E0,-3.5787115E-1,-1.0579834E-1,9.813843E-2,3.6226705E-1],"split_indices":[0,0,0,0,0,0,0,0,0,0,0],"split_type":[0,0,0,0,0,0,0,0,0,0,0],"sum_hessian":[9E0,5E0,4E0,1E0,4E0,3E0,1E0,2E0,2E0,1E0,2E0],"tree_param":{"num_deleted":"0","num_feature":"2","num_nodes":"11","size_leaf_vector":"1"}},{"base_weights":[-7.37442E-2,-5.9824905E0,7.0315003E0,-1.1456102E0,-2.5965476E0,3.002022E-1,1.1574707E0,-3.34013E-1,-9.8744966E-2],"categories":[],"categories_nodes":[],"categories_segments":[],"categories_sizes":[],"default_left":[0,0,0,0,0,0,0,0,0],"id":40,"left_children":[1,3,5,-1,7,-1,-1,-1,-1],"loss_changes":[4.6189676E2,8.1453705E1,5.6786224E1,0E0,2.6842728E0,0E0,0E0,0E0,0E0],"parents":[2147483647,0,0,1,1,2,2,4,4],"right_children":[2,4,6,-1,8,-1,-1,-1,-1],"split_conditions":[6.0762453E-1,1.0183141E-1,9.136788E-1,-1.1456102E0,3.0500564E-1,3.002022E-1,1.1574707E0,-3.34013E-1,-9.8744966E-2],"split_indices":[0,0,0,0,0,0,0,0,0],"split_type":[0,0,0,0,0,0,0,0,0],"sum_hessian":[9E0,5E0,4E0,1E0,4E0,3E0,1E0,2E0,2E0],"tree_param":{"num_deleted":"0","num_feature":"2","num_nodes":"9","size_leaf_vector":"1"}},{"base_weights":[-7.843933E-2,-5.647303E0,6.6198854E0,-1.0883297E0,-2.4234452E0,2.7768707E0,1.0995972E0,-3.1174546E-1,-9.2162065E-2,7.8221135E-2,3.18102E-1],"categories":[],"categories_nodes":[],"categories_segments":[],"categories_sizes":[],"default_left":[0,0,0,0,0,0,0,0,0,0,0],"id":41,"left_children":[1,3,5,-1,7,9,-1,-1,-1,-1,-1],"loss_changes":[4.104051E2,7.490553E1,5.355243E1,0E0,2.3382912E0,7.3633194E-1,0E0,0E0,0E0,0E0,0E0],"parents":[2147483647,0,0,1,1,2,2,4,4,5,5],"right_children":[2,4,6,-1,8,10,-1,-1,-1,-1,-1],"split_conditions":[6.0762453E-1,1.0183141E-1,9.136788E-1,-1.0883297E0,3.0500564E-1,7.120471E-1,1.0995972E0,-3.1174546E-1,-9.2162065E-2,7.8221135E-2,3.18102E-1],"split_indices":[0,0,0,0,0,0,0,0,0,0,0],"split_type":[0,0,0,0,0,0,0,0,0,0,0],"sum_hessian":[9E0,5E0,4E0,1E0,4E0,3E0,1E0,2E0,2E0,1E0,2E0],"tree_param":{"num_deleted":"0","num_feature":"2","num_nodes":"11","size_leaf_vector":"1"}},{"base_weights":[-7.0230484E-2,-5.3312793E0,6.257074E0,-8.7836546E-1,-1.4091778E-1,2.598259E0,1.0446167E0,7.43103E-2,2.9689434E-1],"categories":[],"categories_nodes":[],"categories_segments":[],"categories_sizes":[],"default_left":[0,0,0,0,0,0,0,0,0],"id":42,"left_children":[1,3,5,-1,-1,7,-1,-1,-1],"loss_changes":[3.6624078E2,6.886568E1,4.9493744E1,0E0,0E0,5.4447746E-1,0E0,0E0,0E0],"parents":[2147483647,0,0,1,1,2,2,5,5],"right_children":[2,4,6,-1,-1,8,-1,-1,-1],"split_conditions":[6.0762453E-1,2.0368053E-1,9.136788E-1,-8.7836546E-1,-1.4091778E-1,7.120471E-1,1.0446167E0,7.43103E-2,2.9689434E-1],"split_indices":[0,0,0,0,0,0,0,0,0],"split_type":[0,0,0,0,0,0,0,0,0],"sum_hessian":[9E0,5E0,4E0,2E0,3E0,3E0,1E0,1E0,2E0],"tree_param":{"num_deleted":"0","num_feature":"2","num_nodes":"9","size_leaf_vector":"1"}},{"base_weights":[-2.35569E-2,-4.9680333E0,5.9145265E0,-9.89995E-1,-2.00166E0,2.4312286E0,9.9238586E-1,-2.3059273E-1,-3.9229583E-2,7.059479E-2,2.7710065E-1],"categories":[],"categories_nodes":[],"categories_segments":[],"categories_sizes":[],"default_left":[0,0,0,0,0,0,0,0,0,0,0],"id":43,"left_children":[1,3,5,-1,7,9,-1,-1,-1,-1,-1],"loss_changes":[3.229907E2,6.7963104E1,4.5701324E1,0E0,1.5437794E0,3.8866425E-1,0E0,0E0,0E0,0E0,0E0],"parents":[2147483647,0,0,1,1,2,2,4,4,5,5],"right_children":[2,4,6,-1,8,10,-1,-1,-1,-1,-1],"split_conditions":[6.0762453E-1,1.0183141E-1,9.136788E-1,-9.89995E-1,4.0574175E-1,7.120471E-1,9.9238586E-1,-2.3059273E-1,-3.9229583E-2,7.059479E-2,2.7710065E-1],"split_indices":[0,0,0,0,0,0,0,0,0,0,0],"split_type":[0,0,0,0,0,0,0,0,0,0,0],"sum_hessian":[9E0,5E0,4E0,1E0,4E0,3E0,1E0,3E0,1E0,1E0,2E0],"tree_param":{"num_deleted":"0","num_feature":"2","num_nodes":"11","size_leaf_vector":"1"}},{"base_weights":[-1.3172912E-2,-4.6812005E0,5.591095E0,-9.404953E-1,-1.8554596E0,2.275032E0,9.427673E-1,-2.4161378E-1,-6.76295E-2,6.706543E-2,2.5862733E-1],"categories":[],"categories_nodes":[],"categories_segments":[],"categories_sizes":[],"default_left":[0,0,0,0,0,0,0,0,0,0,0],"id":44,"left_children":[1,3,5,-1,7,9,-1,-1,-1,-1,-1],"loss_changes":[2.8778183E2,6.2638092E1,4.216342E1,0E0,1.6716366E0,2.628994E-1,0E0,0E0,0E0,0E0,0E0],"parents":[2147483647,0,0,1,1,2,2,4,4,5,5],"right_children":[2,4,6,-1,8,10,-1,-1,-1,-1,-1],"split_conditions":[6.0762453E-1,1.0183141E-1,9.136788E-1,-9.404953E-1,3.0500564E-1,7.120471E-1,9.427673E-1,-2.4161378E-1,-6.76295E-2,6.706543E-2,2.5862733E-1],"split_indices":[0,0,0,0,0,0,0,0,0,0,0],"split_type":[0,0,0,0,0,0,0,0,0,0,0],"sum_hessian":[9E0,5E0,4E0,1E0,4E0,3E0,1E0,2E0,2E0,1E0,2E0],"tree_param":{"num_deleted":"0","num_feature":"2","num_nodes":"11","size_leaf_vector":"1"}},{"base_weights":[-9.988022E-3,-4.421371E0,5.285669E0,-8.934706E-1,-1.7317626E0,2.1289444E0,8.956284E-1,-2.255061E-1,-6.3121036E-2,6.371155E-2,2.413849E-1],"categories":[],"categories_nodes":[],"categories_segments":[],"categories_sizes":[],"default_left":[0,0,0,0,0,0,0,0,0,0,0],"id":45,"left_children":[1,3,5,-1,7,9,-1,-1,-1,-1,-1],"loss_changes":[2.569816E2,5.7361824E1,3.8868164E1,0E0,1.4561672E0,1.6221428E-1,0E0,0E0,0E0,0E0,0E0],"parents":[2147483647,0,0,1,1,2,2,4,4,5,5],"right_children":[2,4,6,-1,8,10,-1,-1,-1,-1,-1],"split_conditions":[6.0762453E-1,1.0183141E-1,9.136788E-1,-8.934706E-1,3.0500564E-1,7.120471E-1,8.956284E-1,-2.255061E-1,-6.3121036E-2,6.371155E-2,2.413849E-1],"split_indices":[0,0,0,0,0,0,0,0,0,0,0],"split_type":[0,0,0,0,0,0,0,0,0,0,0],"sum_hessian":[9E0,5E0,4E0,1E0,4E0,3E0,1E0,2E0,2E0,1E0,2E0],"tree_param":{"num_deleted":"0","num_feature":"2","num_nodes":"11","size_leaf_vector":"1"}},{"base_weights":[-7.1289064E-3,-4.176249E0,4.997241E0,-8.48797E-1,-1.6163108E0,1.9923172E0,8.508469E-1,-2.1047223E-1,-5.8912914E-2,6.0525514E-2,2.2529195E-1],"categories":[],"categories_nodes":[],"categories_segments":[],"categories_sizes":[],"default_left":[0,0,0,0,0,0,0,0,0,0,0],"id":46,"left_children":[1,3,5,-1,7,9,-1,-1,-1,-1,-1],"loss_changes":[2.2950793E2,5.250724E1,3.5803276E1,0E0,1.2684841E0,8.229542E-2,0E0,0E0,0E0,0E0,0E0],"parents":[2147483647,0,0,1,1,2,2,4,4,5,5],"right_children":[2,4,6,-1,8,10,-1,-1,-1,-1,-1],"split_conditions":[6.0762453E-1,1.0183141E-1,9.136788E-1,-8.48797E-1,3.0500564E-1,7.120471E-1,8.508469E-1,-2.1047223E-1,-5.8912914E-2,6.0525514E-2,2.2529195E-1],"split_indices":[0,0,0,0,0,0,0,0,0,0,0],"split_type":[0,0,0,0,0,0,0,0,0,0,0],"sum_hessian":[9E0,5E0,4E0,1E0,4E0,3E0,1E0,2E0,2E0,1E0,2E0],"tree_param":{"num_deleted":"0","num_feature":"2","num_nodes":"11","size_leaf_vector":"1"}},{"base_weights":[-4.5658113E-3,-3.9449875E0,4.7248535E0,-8.063572E-1,-1.5085564E0,1.8645477E0,8.0830383E-1,-1.9644076E-1,-5.4985303E-2,5.7499696E-2,2.1027325E-1],"categories":[],"categories_nodes":[],"categories_segments":[],"categories_sizes":[],"default_left":[0,0,0,0,0,0,0,0,0,0,0],"id":47,"left_children":[1,3,5,-1,7,9,-1,-1,-1,-1,-1],"loss_changes":[2.0499855E2,4.8043533E1,3.295598E1,0E0,1.1049948E0,1.9540787E-2,0E0,0E0,0E0,0E0,0E0],"parents":[2147483647,0,0,1,1,2,2,4,4,5,5],"right_children":[2,4,6,-1,8,10,-1,-1,-1,-1,-1],"split_conditions":[6.0762453E-1,1.0183141E-1,9.136788E-1,-8.063572E-1,3.0500564E-1,7.120471E-1,8.0830383E-1,-1.9644076E-1,-5.4985303E-2,5.7499696E-2,2.1027325E-1],"split_indices":[0,0,0,0,0,0,0,0,0,0,0],"split_type":[0,0,0,0,0,0,0,0,0,0,0],"sum_hessian":[9E0,5E0,4E0,1E0,4E0,3E0,1E0,2E0,2E0,1E0,2E0],"tree_param":{"num_deleted":"0","num_feature":"2","num_nodes":"11","size_leaf_vector":"1"}},{"base_weights":[-2.2755624E-3,-3.7267845E0,4.4675903E0,-7.660393E-1,-1.4079841E0,1.7450409E-1,7.6788944E-1,-1.8334465E-1,-5.131938E-2],"categories":[],"categories_nodes":[],"categories_segments":[],"categories_sizes":[],"default_left":[0,0,0,0,0,0,0,0,0],"id":48,"left_children":[1,3,5,-1,7,-1,-1,-1,-1],"loss_changes":[1.831303E2,4.394181E1,3.0314682E1,0E0,9.6258545E-1,0E0,0E0,0E0,0E0],"parents":[2147483647,0,0,1,1,2,2,4,4],"right_children":[2,4,6,-1,8,-1,-1,-1,-1],"split_conditions":[6.0762453E-1,1.0183141E-1,9.136788E-1,-7.660393E-1,3.0500564E-1,1.7450409E-1,7.6788944E-1,-1.8334465E-1,-5.131938E-2],"split_indices":[0,0,0,0,0,0,0,0,0],"split_type":[0,0,0,0,0,0,0,0,0],"sum_hessian":[9E0,5E0,4E0,1E0,4E0,3E0,1E0,2E0,2E0],"tree_param":{"num_deleted":"0","num_feature":"2","num_nodes":"9","size_leaf_vector":"1"}},{"base_weights":[-7.877255E-3,-3.5208905E0,4.209314E0,-7.2773737E-1,-1.314119E0,1.6141663E0,7.294952E-1,-1.7112173E-1,-4.7898103E-2,4.5899965E-2,1.846222E-1],"categories":[],"categories_nodes":[],"categories_segments":[],"categories_sizes":[],"default_left":[0,0,0,0,0,0,0,0,0,0,0],"id":49,"left_children":[1,3,5,-1,7,9,-1,-1,-1,-1,-1],"loss_changes":[1.6297101E2,4.0174873E1,2.8263176E1,0E0,8.385191E-1,2.2483635E-1,0E0,0E0,0E0,0E0,0E0],"parents":[2147483647,0,0,1,1,2,2,4,4,5,5],"right_children":[2,4,6,-1,8,10,-1,-1,-1,-1,-1],"split_conditions":[6.0762453E-1,1.0183141E-1,9.136788E-1,-7.2773737E-1,3.0500564E-1,7.120471E-1,7.294952E-1,-1.7112173E-1,-4.7898103E-2,4.5899965E-2,1.846222E-1],"split_indices":[0,0,0,0,0,0,0,0,0,0,0],"split_type":[0,0,0,0,0,0,0,0,0,0,0],"sum_hessian":[9E0,5E0,4E0,1E0,4E0,3E0,1E0,2E0,2E0,1E0,2E0],"tree_param":{"num_deleted":"0","num_feature":"2","num_nodes":"11","size_leaf_vector":"1"}},{"base_weights":[-5.7650567E-3,-3.3265946E0,3.9803834E0,-6.913505E-1,-1.2265114E0,1.510376E0,6.9302064E-1,-1.4327669E-1,-2.0074463E-2,4.360504E-2,1.7231344E-1],"categories":[],"categories_nodes":[],"categories_segments":[],"categories_sizes":[],"default_left":[0,0,0,0,0,0,0,0,0,0,0],"id":50,"left_children":[1,3,5,-1,7,9,-1,-1,-1,-1,-1],"loss_changes":[1.456143E2,3.671737E1,2.5963211E1,0E0,7.702298E-1,1.6291332E-1,0E0,0E0,0E0,0E0,0E0],"parents":[2147483647,0,0,1,1,2,2,4,4,5,5],"right_children":[2,4,6,-1,8,10,-1,-1,-1,-1,-1],"split_conditions":[6.0762453E-1,1.0183141E-1,9.136788E-1,-6.913505E-1,4.0574175E-1,7.120471E-1,6.9302064E-1,-1.4327669E-1,-2.0074463E-2,4.360504E-2,1.7231344E-1],"split_indices":[0,0,0,0,0,0,0,0,0,0,0],"split_type":[0,0,0,0,0,0,0,0,0,0,0],"sum_hessian":[9E0,5E0,4E0,1E0,4E0,3E0,1E0,3E0,1E0,1E0,2E0],"tree_param":{"num_deleted":"0","num_feature":"2","num_nodes":"11","size_leaf_vector":"1"}},{"base_weights":[2.3794174E-4,-3.1363833E0,3.7641358E0,-6.56783E-1,-1.136528E0,1.4133224E0,6.583695E-1,-1.5016174E-1,-3.9259594E-2,4.142456E-2,1.6082662E-1],"categories":[],"categories_nodes":[],"categories_segments":[],"categories_sizes":[],"default_left":[0,0,0,0,0,0,0,0,0,0,0],"id":51,"left_children":[1,3,5,-1,7,9,-1,-1,-1,-1,-1],"loss_changes":[1.2986499E2,3.3709858E1,2.3836395E1,0E0,7.684798E-1,1.1283779E-1,0E0,0E0,0E0,0E0,0E0],"parents":[2147483647,0,0,1,1,2,2,4,4,5,5],"right_children":[2,4,6,-1,8,10,-1,-1,-1,-1,-1],"split_conditions":[6.0762453E-1,1.0183141E-1,9.136788E-1,-6.56783E-1,3.0500564E-1,7.120471E-1,6.583695E-1,-1.5016174E-1,-3.9259594E-2,4.142456E-2,1.6082662E-1],"split_indices":[0,0,0,0,0,0,0,0,0,0,0],"split_type":[0,0,0,0,0,0,0,0,0,0,0],"sum_hessian":[9E0,5E0,4E0,1E0,4E0,3E0,1E0,2E0,2E0,1E0,2E0],"tree_param":{"num_deleted":"0","num_feature":"2","num_nodes":"11","size_leaf_vector":"1"}},{"base_weights":[1.6584396E-3,-2.9637785E0,3.5598512E0,-6.239438E-1,-1.060759E0,1.3225555E0,6.254517E-1,-1.4015096E-1,-3.6642205E-2,3.9353944E-2,1.5010478E-1],"categories":[],"categories_nodes":[],"categories_segments":[],"categories_sizes":[],"default_left":[0,0,0,0,0,0,0,0,0,0,0],"id":52,"left_children":[1,3,5,-1,7,9,-1,-1,-1,-1,-1],"loss_changes":[1.1606656E2,3.0783321E1,2.1871872E1,0E0,6.6943455E-1,7.256746E-2,0E0,0E0,0E0,0E0,0E0],"parents":[2147483647,0,0,1,1,2,2,4,4,5,5],"right_children":[2,4,6,-1,8,10,-1,-1,-1,-1,-1],"split_conditions":[6.0762453E-1,1.0183141E-1,9.136788E-1,-6.239438E-1,3.0500564E-1,7.120471E-1,6.254517E-1,-1.4015096E-1,-3.6642205E-2,3.9353944E-2,1.5010478E-1],"split_indices":[0,0,0,0,0,0,0,0,0,0,0],"split_type":[0,0,0,0,0,0,0,0,0,0,0],"sum_hessian":[9E0,5E0,4E0,1E0,4E0,3E0,1E0,2E0,2E0,1E0,2E0],"tree_param":{"num_deleted":"0","num_feature":"2","num_nodes":"11","size_leaf_vector":"1"}},{"base_weights":[2.9054643E-3,-2.8008573E0,3.3668396E0,-5.927467E-1,-9.900421E-1,1.2376556E0,5.941788E-1,-1.308075E-1,-3.4199525E-2,3.738556E-2,1.4009705E-1],"categories":[],"categories_nodes":[],"categories_segments":[],"categories_sizes":[],"default_left":[0,0,0,0,0,0,0,0,0,0,0],"id":53,"left_children":[1,3,5,-1,7,9,-1,-1,-1,-1,-1],"loss_changes":[1.0374677E2,2.8101826E1,2.00588E1,0E0,5.8314514E-1,4.0525436E-2,0E0,0E0,0E0,0E0,0E0],"parents":[2147483647,0,0,1,1,2,2,4,4,5,5],"right_children":[2,4,6,-1,8,10,-1,-1,-1,-1,-1],"split_conditions":[6.0762453E-1,1.0183141E-1,9.136788E-1,-5.927467E-1,3.0500564E-1,7.120471E-1,5.941788E-1,-1.308075E-1,-3.4199525E-2,3.738556E-2,1.4009705E-1],"split_indices":[0,0,0,0,0,0,0,0,0,0,0],"split_type":[0,0,0,0,0,0,0,0,0,0,0],"sum_hessian":[9E0,5E0,4E0,1E0,4E0,3E0,1E0,2E0,2E0,1E0,2E0],"tree_param":{"num_deleted":"0","num_feature":"2","num_nodes":"11","size_leaf_vector":"1"}},{"base_weights":[4.0037157E-3,-2.6470644E0,3.184485E0,-5.6310934E-1,-9.240402E-1,1.1582565E0,5.6446993E-1,-1.220871E-1,-3.191961E-2,3.551636E-2,1.3075663E-1],"categories":[],"categories_nodes":[],"categories_segments":[],"categories_sizes":[],"default_left":[0,0,0,0,0,0,0,0,0,0,0],"id":54,"left_children":[1,3,5,-1,7,9,-1,-1,-1,-1,-1],"loss_changes":[9.274627E1,2.5645962E1,1.8386765E1,0E0,5.0798416E-1,1.5238285E-2,0E0,0E0,0E0,0E0,0E0],"parents":[2147483647,0,0,1,1,2,2,4,4,5,5],"right_children":[2,4,6,-1,8,10,-1,-1,-1,-1,-1],"split_conditions":[6.0762453E-1,1.0183141E-1,9.136788E-1,-5.6310934E-1,3.0500564E-1,7.120471E-1,5.6446993E-1,-1.220871E-1,-3.191961E-2,3.551636E-2,1.3075663E-1],"split_indices":[0,0,0,0,0,0,0,0,0,0,0],"split_type":[0,0,0,0,0,0,0,0,0,0,0],"sum_hessian":[9E0,5E0,4E0,1E0,4E0,3E0,1E0,2E0,2E0,1E0,2E0],"tree_param":{"num_deleted":"0","num_feature":"2","num_nodes":"11","size_leaf_vector":"1"}},{"base_weights":[4.961872E-3,-2.5018773E0,3.0121765E0,-5.3495383E-1,-8.624374E-1,1.08399205E-1,5.3624576E-1,-1.324379E-1,-4.1585732E-1,-4.7467805E-2,-1.1969757E-2],"categories":[],"categories_nodes":[],"categories_segments":[],"categories_sizes":[],"default_left":[0,0,0,0,0,0,0,0,0,0,0],"id":55,"left_children":[1,3,5,-1,7,-1,-1,-1,9,-1,-1],"loss_changes":[8.2922134E1,2.339777E1,1.6846012E1,0E0,4.807167E-1,0E0,0E0,0E0,1.2863517E-2,0E0,0E0],"parents":[2147483647,0,0,1,1,2,2,4,4,8,8],"right_children":[2,4,6,-1,8,-1,-1,-1,10,-1,-1],"split_conditions":[6.0762453E-1,1.0183141E-1,9.136788E-1,-5.3495383E-1,2.0368053E-1,1.08399205E-1,5.3624576E-1,-1.324379E-1,4.0574175E-1,-4.7467805E-2,-1.1969757E-2],"split_indices":[0,0,0,0,0,0,0,0,0,0,0],"split_type":[0,0,0,0,0,0,0,0,0,0,0],"sum_hessian":[9E0,5E0,4E0,1E0,4E0,3E0,1E0,1E0,3E0,2E0,1E0],"tree_param":{"num_deleted":"0","num_feature":"2","num_nodes":"11","size_leaf_vector":"1"}},{"base_weights":[-3.7535666E-3,-1.5960768E0,4.243693E0,-4.226814E0,-1.4695485E-2,1.2712097E-1,5.09433E-1,-5.082061E-1,-1.2581597E-1,-3.8913155E-1,4.894511E-2,-4.430313E-2,-1.1371613E-2],"categories":[],"categories_nodes":[],"categories_segments":[],"categories_sizes":[],"default_left":[0,0,0,0,0,0,0,0,0,0,0,0,0],"id":56,"left_children":[1,3,5,7,9,-1,-1,-1,-1,11,-1,-1,-1],"loss_changes":[7.440634E1,3.3219475E1,1.1095505E0,1.2227554E0,1.323085E0,0E0,0E0,0E0,0E0,8.999467E-3,0E0,0E0,0E0],"parents":[2147483647,0,0,1,1,2,2,3,3,4,4,9,9],"right_children":[2,4,6,8,10,-1,-1,-1,-1,12,-1,-1,-1],"split_conditions":[8.120654E-1,2.0368053E-1,9.136788E-1,1.0183141E-1,6.0762453E-1,1.2712097E-1,5.09433E-1,-5.082061E-1,-1.2581597E-1,4.0574175E-1,4.894511E-2,-4.430313E-2,-1.1371613E-2],"split_indices":[0,0,0,0,0,0,0,0,0,0,0,0,0],"split_type":[0,0,0,0,0,0,0,0,0,0,0,0,0],"sum_hessian":[9E0,7E0,2E0,2E0,5E0,1E0,1E0,1E0,1E0,3E0,2E0,2E0,1E0],"tree_param":{"num_deleted":"0","num_feature":"2","num_nodes":"13","size_leaf_vector":"1"}},{"base_weights":[-3.8003922E-3,-1.5165646E0,4.031504E0,-4.015473E0,-1.434962E-2,1.2076416E-1,4.839615E-1,-4.827958E-1,-1.1952515E-1,-3.6413765E-1,4.5681763E-2,-4.134954E-2,-1.0803223E-2],"categories":[],"categories_nodes":[],"categories_segments":[],"categories_sizes":[],"default_left":[0,0,0,0,0,0,0,0,0,0,0,0,0],"id":57,"left_children":[1,3,5,7,9,-1,-1,-1,-1,11,-1,-1,-1],"loss_changes":[6.715868E1,2.997356E1,1.001461E0,1.1035385E0,1.1551964E0,0E0,0E0,0E0,0E0,5.8922768E-3,0E0,0E0,0E0],"parents":[2147483647,0,0,1,1,2,2,3,3,4,4,9,9],"right_children":[2,4,6,8,10,-1,-1,-1,-1,12,-1,-1,-1],"split_conditions":[8.120654E-1,2.0368053E-1,9.136788E-1,1.0183141E-1,6.0762453E-1,1.2076416E-1,4.839615E-1,-4.827958E-1,-1.1952515E-1,4.0574175E-1,4.5681763E-2,-4.134954E-2,-1.0803223E-2],"split_indices":[0,0,0,0,0,0,0,0,0,0,0,0,0],"split_type":[0,0,0,0,0,0,0,0,0,0,0,0,0],"sum_hessian":[9E0,7E0,2E0,2E0,5E0,1E0,1E0,1E0,1E0,3E0,2E0,2E0,1E0],"tree_param":{"num_deleted":"0","num_feature":"2","num_nodes":"13","size_leaf_vector":"1"}},{"base_weights":[-3.8251877E-3,-1.4410074E0,3.8299358E0,-3.8146992E0,-1.3993581E-2,1.1472626E-1,4.597641E-1,-4.5865604E-1,-1.1354885E-1,-3.4076118E-1,4.2636108E-2,-3.8592782E-2,-1.0263062E-2],"categories":[],"categories_nodes":[],"categories_segments":[],"categories_sizes":[],"default_left":[0,0,0,0,0,0,0,0,0,0,0,0,0],"id":58,"left_children":[1,3,5,7,9,-1,-1,-1,-1,11,-1,-1,-1],"loss_changes":[6.0617096E1,2.7044945E1,9.038048E-1,9.959488E-1,1.0086491E0,0E0,0E0,0E0,0E0,3.4142435E-3,0E0,0E0,0E0],"parents":[2147483647,0,0,1,1,2,2,3,3,4,4,9,9],"right_children":[2,4,6,8,10,-1,-1,-1,-1,12,-1,-1,-1],"split_conditions":[8.120654E-1,2.0368053E-1,9.136788E-1,1.0183141E-1,6.0762453E-1,1.1472626E-1,4.597641E-1,-4.5865604E-1,-1.1354885E-1,4.0574175E-1,4.2636108E-2,-3.8592782E-2,-1.0263062E-2],"split_indices":[0,0,0,0,0,0,0,0,0,0,0,0,0],"split_type":[0,0,0,0,0,0,0,0,0,0,0,0,0],"sum_hessian":[9E0,7E0,2E0,2E0,5E0,1E0,1E0,1E0,1E0,3E0,2E0,2E0,1E0],"tree_param":{"num_deleted":"0","num_feature":"2","num_nodes":"13","size_leaf_vector":"1"}},{"base_weights":[-3.8358688E-3,-1.369209E0,3.638438E0,-3.6239643E0,-1.3629913E-2,1.0899048E-1,4.367752E-1,-4.3572322E-1,-1.07871436E-1,-3.1889915E-1,3.9793905E-2,-3.6020152E-2,-9.749603E-3],"categories":[],"categories_nodes":[],"categories_segments":[],"categories_sizes":[],"default_left":[0,0,0,0,0,0,0,0,0,0,0,0,0],"id":59,"left_children":[1,3,5,7,9,-1,-1,-1,-1,11,-1,-1,-1],"loss_changes":[5.471241E1,2.44026E1,8.156128E-1,8.9883804E-1,8.8073844E-1,0E0,0E0,0E0,0E0,1.459688E-3,0E0,0E0,0E0],"parents":[2147483647,0,0,1,1,2,2,3,3,4,4,9,9],"right_children":[2,4,6,8,10,-1,-1,-1,-1,12,-1,-1,-1],"split_conditions":[8.120654E-1,2.0368053E-1,9.136788E-1,1.0183141E-1,6.0762453E-1,1.0899048E-1,4.367752E-1,-4.3572322E-1,-1.07871436E-1,4.0574175E-1,3.9793905E-2,-3.6020152E-2,-9.749603E-3],"split_indices":[0,0,0,0,0,0,0,0,0,0,0,0,0],"split_type":[0,0,0,0,0,0,0,0,0,0,0,0,0],"sum_hessian":[9E0,7E0,2E0,2E0,5E0,1E0,1E0,1E0,1E0,3E0,2E0,2E0,1E0],"tree_param":{"num_deleted":"0","num_feature":"2","num_nodes":"13","size_leaf_vector":"1"}},{"base_weights":[-3.8311959E-3,-1.300985E0,3.4565227E0,-3.442766E0,-1.3263702E-2,1.0354157E-1,4.1493684E-1,-4.1393706E-1,-1.0247784E-1,-2.9845238E-2,3.714091E-2],"categories":[],"categories_nodes":[],"categories_segments":[],"categories_sizes":[],"default_left":[0,0,0,0,0,0,0,0,0,0,0],"id":60,"left_children":[1,3,5,7,9,-1,-1,-1,-1,-1,-1],"loss_changes":[4.9382996E1,2.2018473E1,7.360382E-1,8.112068E-1,7.690739E-1,0E0,0E0,0E0,0E0,0E0,0E0],"parents":[2147483647,0,0,1,1,2,2,3,3,4,4],"right_children":[2,4,6,8,10,-1,-1,-1,-1,-1,-1],"split_conditions":[8.120654E-1,2.0368053E-1,9.136788E-1,1.0183141E-1,6.0762453E-1,1.0354157E-1,4.1493684E-1,-4.1393706E-1,-1.0247784E-1,-2.9845238E-2,3.714091E-2],"split_indices":[0,0,0,0,0,0,0,0,0,0,0],"split_type":[0,0,0,0,0,0,0,0,0,0,0],"sum_hessian":[9E0,7E0,2E0,2E0,5E0,1E0,1E0,1E0,1E0,3E0,2E0],"tree_param":{"num_deleted":"0","num_feature":"2","num_nodes":"11","size_leaf_vector":"1"}},{"base_weights":[-2.5131702E-3,-1.2345257E0,3.2836914E0,-3.2706275E0,-1.0720571E-2,9.836426E-2,3.9418945E-1,-3.9324018E-1,-9.7353935E-2,-2.7606773E-1,3.4664918E-2,-3.1629182E-2,-7.7697756E-3],"categories":[],"categories_nodes":[],"categories_segments":[],"categories_sizes":[],"default_left":[0,0,0,0,0,0,0,0,0,0,0,0,0],"id":61,"left_children":[1,3,5,7,9,-1,-1,-1,-1,11,-1,-1,-1],"loss_changes":[4.4540257E1,1.9899275E1,6.6427994E-1,7.321129E-1,6.64661E-1,0E0,0E0,0E0,0E0,7.341802E-3,0E0,0E0,0E0],"parents":[2147483647,0,0,1,1,2,2,3,3,4,4,9,9],"right_children":[2,4,6,8,10,-1,-1,-1,-1,12,-1,-1,-1],"split_conditions":[8.120654E-1,2.0368053E-1,9.136788E-1,1.0183141E-1,6.0762453E-1,9.836426E-2,3.9418945E-1,-3.9324018E-1,-9.7353935E-2,4.0574175E-1,3.4664918E-2,-3.1629182E-2,-7.7697756E-3],"split_indices":[0,0,0,0,0,0,0,0,0,0,0,0,0],"split_type":[0,0,0,0,0,0,0,0,0,0,0,0,0],"sum_hessian":[9E0,7E0,2E0,2E0,5E0,1E0,1E0,1E0,1E0,3E0,2E0,2E0,1E0],"tree_param":{"num_deleted":"0","num_feature":"2","num_nodes":"13","size_leaf_vector":"1"}},{"base_weights":[-2.5396824E-3,-1.1729896E0,3.1195068E0,-3.107096E0,-1.0438283E-2,9.344635E-2,3.7447968E-1,-3.735782E-1,-9.2486195E-2,-2.5831032E-1,3.235372E-2,-2.9520417E-2,-7.381439E-3],"categories":[],"categories_nodes":[],"categories_segments":[],"categories_sizes":[],"default_left":[0,0,0,0,0,0,0,0,0,0,0,0,0],"id":62,"left_children":[1,3,5,7,9,-1,-1,-1,-1,11,-1,-1,-1],"loss_changes":[4.0201145E1,1.7955551E1,5.994797E-1,6.607361E-1,5.802721E-1,0E0,0E0,0E0,0E0,5.4367483E-3,0E0,0E0,0E0],"parents":[2147483647,0,0,1,1,2,2,3,3,4,4,9,9],"right_children":[2,4,6,8,10,-1,-1,-1,-1,12,-1,-1,-1],"split_conditions":[8.120654E-1,2.0368053E-1,9.136788E-1,1.0183141E-1,6.0762453E-1,9.344635E-2,3.7447968E-1,-3.735782E-1,-9.2486195E-2,4.0574175E-1,3.235372E-2,-2.9520417E-2,-7.381439E-3],"split_indices":[0,0,0,0,0,0,0,0,0,0,0,0,0],"split_type":[0,0,0,0,0,0,0,0,0,0,0,0,0],"sum_hessian":[9E0,7E0,2E0,2E0,5E0,1E0,1E0,1E0,1E0,3E0,2E0,2E0,1E0],"tree_param":{"num_deleted":"0","num_feature":"2","num_nodes":"13","size_leaf_vector":"1"}},{"base_weights":[-2.55332E-3,-1.114516E0,2.9635315E0,-2.9517407E0,-1.0150909E-2,8.877411E-2,3.5575563E-1,-3.548993E-1,-8.786183E-2,-2.4170494E-1,3.0197144E-2,-2.7552543E-2,-7.012177E-3],"categories":[],"categories_nodes":[],"categories_segments":[],"categories_sizes":[],"default_left":[0,0,0,0,0,0,0,0,0,0,0,0,0],"id":63,"left_children":[1,3,5,7,9,-1,-1,-1,-1,11,-1,-1,-1],"loss_changes":[3.6284657E1,1.6201773E1,5.4102325E-1,5.963192E-1,5.0662714E-1,0E0,0E0,0E0,0E0,3.8917512E-3,0E0,0E0,0E0],"parents":[2147483647,0,0,1,1,2,2,3,3,4,4,9,9],"right_children":[2,4,6,8,10,-1,-1,-1,-1,12,-1,-1,-1],"split_conditions":[8.120654E-1,2.0368053E-1,9.136788E-1,1.0183141E-1,6.0762453E-1,8.877411E-2,3.5575563E-1,-3.548993E-1,-8.786183E-2,4.0574175E-1,3.0197144E-2,-2.7552543E-2,-7.012177E-3],"split_indices":[0,0,0,0,0,0,0,0,0,0,0,0,0],"split_type":[0,0,0,0,0,0,0,0,0,0,0,0,0],"sum_hessian":[9E0,7E0,2E0,2E0,5E0,1E0,1E0,1E0,1E0,3E0,2E0,2E0,1E0],"tree_param":{"num_deleted":"0","num_feature":"2","num_nodes":"13","size_leaf_vector":"1"}},{"base_weights":[-2.5568486E-3,-1.0589554E0,2.8153584E0,-2.8041542E0,-9.863536E-3,8.433533E-2,3.3796844E-1,-3.3715433E-1,-8.346882E-2,-2.2617531E-1,2.8184E-2,-2.5715891E-2,-6.6612246E-3],"categories":[],"categories_nodes":[],"categories_segments":[],"categories_sizes":[],"default_left":[0,0,0,0,0,0,0,0,0,0,0,0,0],"id":64,"left_children":[1,3,5,7,9,-1,-1,-1,-1,11,-1,-1,-1],"loss_changes":[3.274976E1,1.4619333E1,4.882927E-1,5.3816986E-1,4.4233873E-1,0E0,0E0,0E0,0E0,2.6454479E-3,0E0,0E0,0E0],"parents":[2147483647,0,0,1,1,2,2,3,3,4,4,9,9],"right_children":[2,4,6,8,10,-1,-1,-1,-1,12,-1,-1,-1],"split_conditions":[8.120654E-1,2.0368053E-1,9.136788E-1,1.0183141E-1,6.0762453E-1,8.433533E-2,3.3796844E-1,-3.3715433E-1,-8.346882E-2,4.0574175E-1,2.8184E-2,-2.5715891E-2,-6.6612246E-3],"split_indices":[0,0,0,0,0,0,0,0,0,0,0,0,0],"split_type":[0,0,0,0,0,0,0,0,0,0,0,0,0],"sum_hessian":[9E0,7E0,2E0,2E0,5E0,1E0,1E0,1E0,1E0,3E0,2E0,2E0,1E0],"tree_param":{"num_deleted":"0","num_feature":"2","num_nodes":"13","size_leaf_vector":"1"}},{"base_weights":[-2.5568486E-3,-1.0061638E0,2.6745808E0,-2.6639464E0,-9.578705E-3,8.01178E-2,3.2106933E-1,-3.2029662E-1,-7.929535E-2,-2.1164894E-1,2.6304116E-2,-2.4001313E-2,-6.32782E-3],"categories":[],"categories_nodes":[],"categories_segments":[],"categories_sizes":[],"default_left":[0,0,0,0,0,0,0,0,0,0,0,0,0],"id":65,"left_children":[1,3,5,7,9,-1,-1,-1,-1,11,-1,-1,-1],"loss_changes":[2.9559011E1,1.3191454E1,4.4072533E-1,4.8570442E-1,3.8620257E-1,0E0,0E0,0E0,0E0,1.6460568E-3,0E0,0E0,0E0],"parents":[2147483647,0,0,1,1,2,2,3,3,4,4,9,9],"right_children":[2,4,6,8,10,-1,-1,-1,-1,12,-1,-1,-1],"split_conditions":[8.120654E-1,2.0368053E-1,9.136788E-1,1.0183141E-1,6.0762453E-1,8.01178E-2,3.2106933E-1,-3.2029662E-1,-7.929535E-2,4.0574175E-1,2.6304116E-2,-2.4001313E-2,-6.32782E-3],"split_indices":[0,0,0,0,0,0,0,0,0,0,0,0,0],"split_type":[0,0,0,0,0,0,0,0,0,0,0,0,0],"sum_hessian":[9E0,7E0,2E0,2E0,5E0,1E0,1E0,1E0,1E0,3E0,2E0,2E0,1E0],"tree_param":{"num_deleted":"0","num_feature":"2","num_nodes":"13","size_leaf_vector":"1"}},{"base_weights":[-2.5435449E-3,-9.5599926E-1,2.5408528E0,-2.5307486E0,-9.291331E-3,7.611237E-2,3.0501556E-1,-3.0428177E-1,-7.533055E-2,-1.980648E-1,2.4550375E-2,-2.2401175E-2,-6.0112E-3],"categories":[],"categories_nodes":[],"categories_segments":[],"categories_sizes":[],"default_left":[0,0,0,0,0,0,0,0,0,0,0,0,0],"id":66,"left_children":[1,3,5,7,9,-1,-1,-1,-1,11,-1,-1,-1],"loss_changes":[2.667921E1,1.190311E1,3.9771843E-1,4.3834686E-1,3.3721697E-1,0E0,0E0,0E0,0E0,8.520186E-4,0E0,0E0,0E0],"parents":[2147483647,0,0,1,1,2,2,3,3,4,4,9,9],"right_children":[2,4,6,8,10,-1,-1,-1,-1,12,-1,-1,-1],"split_conditions":[8.120654E-1,2.0368053E-1,9.136788E-1,1.0183141E-1,6.0762453E-1,7.611237E-2,3.0501556E-1,-3.0428177E-1,-7.533055E-2,4.0574175E-1,2.4550375E-2,-2.2401175E-2,-6.0112E-3],"split_indices":[0,0,0,0,0,0,0,0,0,0,0,0,0],"split_type":[0,0,0,0,0,0,0,0,0,0,0,0,0],"sum_hessian":[9E0,7E0,2E0,2E0,5E0,1E0,1E0,1E0,1E0,3E0,2E0,2E0,1E0],"tree_param":{"num_deleted":"0","num_feature":"2","num_nodes":"13","size_leaf_vector":"1"}},{"base_weights":[-2.521944E-3,-9.083305E-1,2.413808E0,-2.4042118E0,-9.001414E-3,7.230683E-2,2.897644E-1,-2.890677E-1,-7.15641E-2,-1.8536186E-1,2.2914631E-2,-2.0907847E-2,-5.710602E-3],"categories":[],"categories_nodes":[],"categories_segments":[],"categories_sizes":[],"default_left":[0,0,0,0,0,0,0,0,0,0,0,0,0],"id":67,"left_children":[1,3,5,7,9,-1,-1,-1,-1,11,-1,-1,-1],"loss_changes":[2.4079863E1,1.0740676E1,3.5892868E-1,3.956051E-1,2.9447404E-1,0E0,0E0,0E0,0E0,2.2754073E-4,0E0,0E0,0E0],"parents":[2147483647,0,0,1,1,2,2,3,3,4,4,9,9],"right_children":[2,4,6,8,10,-1,-1,-1,-1,12,-1,-1,-1],"split_conditions":[8.120654E-1,2.0368053E-1,9.136788E-1,1.0183141E-1,6.0762453E-1,7.230683E-2,2.897644E-1,-2.890677E-1,-7.15641E-2,4.0574175E-1,2.2914631E-2,-2.0907847E-2,-5.710602E-3],"split_indices":[0,0,0,0,0,0,0,0,0,0,0,0,0],"split_type":[0,0,0,0,0,0,0,0,0,0,0,0,0],"sum_hessian":[9E0,7E0,2E0,2E0,5E0,1E0,1E0,1E0,1E0,3E0,2E0,2E0,1E0],"tree_param":{"num_deleted":"0","num_feature":"2","num_nodes":"13","size_leaf_vector":"1"}},{"base_weights":[-2.4970055E-3,-8.6304176E-1,2.2931213E0,-2.2840014E0,-8.721669E-3,6.869202E-2,2.7527618E-1,-2.746143E-1,-6.7985915E-2,-1.734829E-2,2.1386718E-2],"categories":[],"categories_nodes":[],"categories_segments":[],"categories_sizes":[],"default_left":[0,0,0,0,0,0,0,0,0,0,0],"id":68,"left_children":[1,3,5,7,9,-1,-1,-1,-1,-1,-1],"loss_changes":[2.1733881E1,9.691714E0,3.2389736E-1,3.5703278E-1,2.571464E-1,0E0,0E0,0E0,0E0,0E0,0E0],"parents":[2147483647,0,0,1,1,2,2,3,3,4,4],"right_children":[2,4,6,8,10,-1,-1,-1,-1,-1,-1],"split_conditions":[8.120654E-1,2.0368053E-1,9.136788E-1,1.0183141E-1,6.0762453E-1,6.869202E-2,2.7527618E-1,-2.746143E-1,-6.7985915E-2,-1.734829E-2,2.1386718E-2],"split_indices":[0,0,0,0,0,0,0,0,0,0,0],"split_type":[0,0,0,0,0,0,0,0,0,0,0],"sum_hessian":[9E0,7E0,2E0,2E0,5E0,1E0,1E0,1E0,1E0,3E0,2E0],"tree_param":{"num_deleted":"0","num_feature":"2","num_nodes":"11","size_leaf_vector":"1"}},{"base_weights":[-1.7071724E-3,-8.19059E-1,2.1784668E0,-2.1698015E0,-7.1779885E-3,6.5257266E-2,2.6151276E-1,-2.6088357E-1,-6.458664E-2,-1.6047096E-1,1.996053E-2,-1.8357595E-2,-4.5578005E-3],"categories":[],"categories_nodes":[],"categories_segments":[],"categories_sizes":[],"default_left":[0,0,0,0,0,0,0,0,0,0,0,0,0],"id":69,"left_children":[1,3,5,7,9,-1,-1,-1,-1,11,-1,-1,-1],"loss_changes":[1.9603987E1,8.757562E0,2.9233265E-1,3.2221985E-1,2.222214E-1,0E0,0E0,0E0,0E0,2.2513792E-3,0E0,0E0,0E0],"parents":[2147483647,0,0,1,1,2,2,3,3,4,4,9,9],"right_children":[2,4,6,8,10,-1,-1,-1,-1,12,-1,-1,-1],"split_conditions":[8.120654E-1,2.0368053E-1,9.136788E-1,1.0183141E-1,6.0762453E-1,6.5257266E-2,2.6151276E-1,-2.6088357E-1,-6.458664E-2,4.0574175E-1,1.996053E-2,-1.8357595E-2,-4.5578005E-3],"split_indices":[0,0,0,0,0,0,0,0,0,0,0,0,0],"split_type":[0,0,0,0,0,0,0,0,0,0,0,0,0],"sum_hessian":[9E0,7E0,2E0,2E0,5E0,1E0,1E0,1E0,1E0,3E0,2E0,2E0,1E0],"tree_param":{"num_deleted":"0","num_feature":"2","num_nodes":"13","size_leaf_vector":"1"}},{"base_weights":[-1.699543E-3,-7.782055E-1,2.0695496E0,-2.0613115E0,-6.95165E-3,6.1994936E-2,2.4843751E-1,-2.478394E-1,-6.135731E-2,-1.501522E-1,1.8629964E-1,-1.713384E-2,-4.3296814E-3,5.584717E-3,2.236023E-2],"categories":[],"categories_nodes":[],"categories_segments":[],"categories_sizes":[],"default_left":[0,0,0,0,0,0,0,0,0,0,0,0,0,0,0],"id":70,"left_children":[1,3,5,7,9,-1,-1,-1,-1,11,13,-1,-1,-1,-1],"loss_changes":[1.7693907E1,7.9024734E0,2.638073E-1,2.908039E-1,1.9401547E-1,0E0,0E0,0E0,0E0,1.6370267E-3,2.1111146E-3,0E0,0E0,0E0,0E0],"parents":[2147483647,0,0,1,1,2,2,3,3,4,4,9,9,10,10],"right_children":[2,4,6,8,10,-1,-1,-1,-1,12,14,-1,-1,-1,-1],"split_conditions":[8.120654E-1,2.0368053E-1,9.136788E-1,1.0183141E-1,6.0762453E-1,6.1994936E-2,2.4843751E-1,-2.478394E-1,-6.135731E-2,4.0574175E-1,7.120471E-1,-1.713384E-2,-4.3296814E-3,5.584717E-3,2.236023E-2],"split_indices":[0,0,0,0,0,0,0,0,0,0,0,0,0,0,0],"split_type":[0,0,0,0,0,0,0,0,0,0,0,0,0,0,0],"sum_hessian":[9E0,7E0,2E0,2E0,5E0,1E0,1E0,1E0,1E0,3E0,2E0,2E0,1E0,1E0,1E0],"tree_param":{"num_deleted":"0","num_feature":"2","num_nodes":"15","size_leaf_vector":"1"}},{"base_weights":[-7.574558E-4,-7.382248E-1,1.9660746E0,-1.9582464E0,-5.176544E-3,5.8895875E-2,2.3601532E-1,-2.3544744E-1,-5.8289528E-2,-1.4050102E-1,1.7698161E-1,-1.5991466E-2,-4.113007E-3,5.305481E-3,2.124176E-2],"categories":[],"categories_nodes":[],"categories_segments":[],"categories_sizes":[],"default_left":[0,0,0,0,0,0,0,0,0,0,0,0,0,0,0],"id":71,"left_children":[1,3,5,7,9,-1,-1,-1,-1,11,13,-1,-1,-1,-1],"loss_changes":[1.5956149E1,7.1445417E0,2.3804283E-1,2.624445E-1,1.7276883E-1,0E0,0E0,0E0,0E0,1.1392981E-3,1.9046366E-3,0E0,0E0,0E0,0E0],"parents":[2147483647,0,0,1,1,2,2,3,3,4,4,9,9,10,10],"right_children":[2,4,6,8,10,-1,-1,-1,-1,12,14,-1,-1,-1,-1],"split_conditions":[8.120654E-1,2.0368053E-1,9.136788E-1,1.0183141E-1,6.0762453E-1,5.8895875E-2,2.3601532E-1,-2.3544744E-1,-5.8289528E-2,4.0574175E-1,7.120471E-1,-1.5991466E-2,-4.113007E-3,5.305481E-3,2.124176E-2],"split_indices":[0,0,0,0,0,0,0,0,0,0,0,0,0,0,0],"split_type":[0,0,0,0,0,0,0,0,0,0,0,0,0,0,0],"sum_hessian":[9E0,7E0,2E0,2E0,5E0,1E0,1E0,1E0,1E0,3E0,2E0,2E0,1E0,1E0,1E0],"tree_param":{"num_deleted":"0","num_feature":"2","num_nodes":"15","size_leaf_vector":"1"}},{"base_weights":[7.915497E-5,-7.003138E-1,1.8677673E0,-1.8603344E0,-3.584544E-3,5.595093E-2,2.2421418E-1,-2.2367506E-1,-5.53751E-2,-1.3147545E-1,1.6813152E-1,-1.4925385E-2,-3.907013E-3,5.0399783E-3,2.0179749E-2],"categories":[],"categories_nodes":[],"categories_segments":[],"categories_sizes":[],"default_left":[0,0,0,0,0,0,0,0,0,0,0,0,0,0,0],"id":72,"left_children":[1,3,5,7,9,-1,-1,-1,-1,11,13,-1,-1,-1,-1],"loss_changes":[1.438918E1,6.459094E0,2.1483612E-1,2.3685455E-1,1.538707E-1,0E0,0E0,0E0,0E0,7.399097E-4,1.7201081E-3,0E0,0E0,0E0,0E0],"parents":[2147483647,0,0,1,1,2,2,3,3,4,4,9,9,10,10],"right_children":[2,4,6,8,10,-1,-1,-1,-1,12,14,-1,-1,-1,-1],"split_conditions":[8.120654E-1,2.0368053E-1,9.136788E-1,1.0183141E-1,6.0762453E-1,5.595093E-2,2.2421418E-1,-2.2367506E-1,-5.53751E-2,4.0574175E-1,7.120471E-1,-1.4925385E-2,-3.907013E-3,5.0399783E-3,2.0179749E-2],"split_indices":[0,0,0,0,0,0,0,0,0,0,0,0,0,0,0],"split_type":[0,0,0,0,0,0,0,0,0,0,0,0,0,0,0],"sum_hessian":[9E0,7E0,2E0,2E0,5E0,1E0,1E0,1E0,1E0,3E0,2E0,2E0,1E0,1E0,1E0],"tree_param":{"num_deleted":"0","num_feature":"2","num_nodes":"15","size_leaf_vector":"1"}},{"base_weights":[8.234501E-4,-6.643645E-1,1.7743835E0,-1.7673179E0,-2.1603901E-3,5.315399E-2,2.1300355E-1,-2.124913E-1,-5.2606393E-2,-1.2303734E-1,1.59729E-1,-1.3930512E-2,-3.7117004E-3,4.7882083E-3,1.9171143E-2],"categories":[],"categories_nodes":[],"categories_segments":[],"categories_sizes":[],"default_left":[0,0,0,0,0,0,0,0,0,0,0,0,0,0,0],"id":73,"left_children":[1,3,5,7,9,-1,-1,-1,-1,11,13,-1,-1,-1,-1],"loss_changes":[1.2976346E1,5.8392243E0,1.9386005E-1,2.1375847E-1,1.370648E-1,0E0,0E0,0E0,0E0,4.2034313E-4,1.5518665E-3,0E0,0E0,0E0,0E0],"parents":[2147483647,0,0,1,1,2,2,3,3,4,4,9,9,10,10],"right_children":[2,4,6,8,10,-1,-1,-1,-1,12,14,-1,-1,-1,-1],"split_conditions":[8.120654E-1,2.0368053E-1,9.136788E-1,1.0183141E-1,6.0762453E-1,5.315399E-2,2.1300355E-1,-2.124913E-1,-5.2606393E-2,4.0574175E-1,7.120471E-1,-1.3930512E-2,-3.7117004E-3,4.7882083E-3,1.9171143E-2],"split_indices":[0,0,0,0,0,0,0,0,0,0,0,0,0,0,0],"split_type":[0,0,0,0,0,0,0,0,0,0,0,0,0,0,0],"sum_hessian":[9E0,7E0,2E0,2E0,5E0,1E0,1E0,1E0,1E0,3E0,2E0,2E0,1E0,1E0,1E0],"tree_param":{"num_deleted":"0","num_feature":"2","num_nodes":"15","size_leaf_vector":"1"}},{"base_weights":[1.4770508E-3,-6.302757E-1,1.6856588E0,-1.6789526E0,-8.913676E-4,5.049591E-2,2.0235291E-1,-2.0186673E-1,-4.997616E-2,-1.1514473E-1,1.5174358E-1,-1.300176E-2,-3.5263062E-3,4.548645E-3,1.821289E-2],"categories":[],"categories_nodes":[],"categories_segments":[],"categories_sizes":[],"default_left":[0,0,0,0,0,0,0,0,0,0,0,0,0,0,0],"id":74,"left_children":[1,3,5,7,9,-1,-1,-1,-1,11,13,-1,-1,-1,-1],"loss_changes":[1.1702294E1,5.27867E0,1.7497063E-1,1.9291306E-1,1.22106805E-1,0E0,0E0,0E0,0E0,1.6745925E-4,1.4015809E-3,0E0,0E0,0E0,0E0],"parents":[2147483647,0,0,1,1,2,2,3,3,4,4,9,9,10,10],"right_children":[2,4,6,8,10,-1,-1,-1,-1,12,14,-1,-1,-1,-1],"split_conditions":[8.120654E-1,2.0368053E-1,9.136788E-1,1.0183141E-1,6.0762453E-1,5.049591E-2,2.0235291E-1,-2.0186673E-1,-4.997616E-2,4.0574175E-1,7.120471E-1,-1.300176E-2,-3.5263062E-3,4.548645E-3,1.821289E-2],"split_indices":[0,0,0,0,0,0,0,0,0,0,0,0,0,0,0],"split_type":[0,0,0,0,0,0,0,0,0,0,0,0,0,0,0],"sum_hessian":[9E0,7E0,2E0,2E0,5E0,1E0,1E0,1E0,1E0,3E0,2E0,2E0,1E0,1E0,1E0],"tree_param":{"num_deleted":"0","num_feature":"2","num_nodes":"15","size_leaf_vector":"1"}},{"base_weights":[2.0504475E-3,-5.979504E-1,1.6013693E0,-1.5950049E0,2.3523967E-4,4.797058E-2,1.922348E-1,-1.917734E-1,-4.7477342E-2,-1.0776329E-2,1.4415486E-1,4.3212892E-3,1.7301941E-2],"categories":[],"categories_nodes":[],"categories_segments":[],"categories_sizes":[],"default_left":[0,0,0,0,0,0,0,0,0,0,0,0,0],"id":75,"left_children":[1,3,5,7,9,-1,-1,-1,-1,-1,11,-1,-1],"loss_changes":[1.0553466E1,4.7717648E0,1.5792894E-1,1.7410469E-1,1.0879325E-1,0E0,0E0,0E0,0E0,0E0,1.264263E-3,0E0,0E0],"parents":[2147483647,0,0,1,1,2,2,3,3,4,4,10,10],"right_children":[2,4,6,8,10,-1,-1,-1,-1,-1,12,-1,-1],"split_conditions":[8.120654E-1,2.0368053E-1,9.136788E-1,1.0183141E-1,6.0762453E-1,4.797058E-2,1.922348E-1,-1.917734E-1,-4.7477342E-2,-1.0776329E-2,7.120471E-1,4.3212892E-3,1.7301941E-2],"split_indices":[0,0,0,0,0,0,0,0,0,0,0,0,0],"split_type":[0,0,0,0,0,0,0,0,0,0,0,0,0],"sum_hessian":[9E0,7E0,2E0,2E0,5E0,1E0,1E0,1E0,1E0,3E0,2E0,1E0,1E0],"tree_param":{"num_deleted":"0","num_feature":"2","num_nodes":"13","size_leaf_vector":"1"}},{"base_weights":[3.0232905E-3,-5.6670886E-1,1.5213013E0,-1.5152545E0,2.0154316E-3,4.55719E-2,1.826233E-1,-1.8218473E-1,-4.5103457E-2,-9.968376E-2,1.3694255E-1,-1.141688E-2,-2.811432E-3,4.1046143E-3,1.6436769E-2],"categories":[],"categories_nodes":[],"categories_segments":[],"categories_sizes":[],"default_left":[0,0,0,0,0,0,0,0,0,0,0,0,0,0,0],"id":76,"left_children":[1,3,5,7,9,-1,-1,-1,-1,11,13,-1,-1,-1,-1],"loss_changes":[9.512253E0,4.3187413E0,1.4253998E-1,1.5713024E-1,9.598282E-2,0E0,0E0,0E0,0E0,9.369701E-4,1.1432543E-3,0E0,0E0,0E0,0E0],"parents":[2147483647,0,0,1,1,2,2,3,3,4,4,9,9,10,10],"right_children":[2,4,6,8,10,-1,-1,-1,-1,12,14,-1,-1,-1,-1],"split_conditions":[8.120654E-1,2.0368053E-1,9.136788E-1,1.0183141E-1,6.0762453E-1,4.55719E-2,1.826233E-1,-1.8218473E-1,-4.5103457E-2,4.0574175E-1,7.120471E-1,-1.141688E-2,-2.811432E-3,4.1046143E-3,1.6436769E-2],"split_indices":[0,0,0,0,0,0,0,0,0,0,0,0,0,0,0],"split_type":[0,0,0,0,0,0,0,0,0,0,0,0,0,0,0],"sum_hessian":[9E0,7E0,2E0,2E0,5E0,1E0,1E0,1E0,1E0,3E0,2E0,2E0,1E0,1E0,1E0],"tree_param":{"num_deleted":"0","num_feature":"2","num_nodes":"15","size_leaf_vector":"1"}},{"base_weights":[3.4439086E-3,-1.4394913E0,5.441141E-1,-1.7307548E-1,-4.2848207E-2,2.8648376E-3,1.4452413E0,-9.327507E-2,1.3009644E-1,4.3293763E-2,1.7349243E-1,-1.0655976E-2,-2.671051E-3,3.9001466E-3,1.5614319E-2],"categories":[],"categories_nodes":[],"categories_segments":[],"categories_sizes":[],"default_left":[0,0,0,0,0,0,0,0,0,0,0,0,0,0,0],"id":77,"left_children":[1,3,5,-1,-1,7,9,11,13,-1,-1,-1,-1,-1,-1],"loss_changes":[8.584768E0,1.418128E-1,3.8977349E0,0E0,0E0,8.5526966E-2,1.286273E-1,6.9089234E-4,1.0283701E-3,0E0,0E0,0E0,0E0,0E0,0E0],"parents":[2147483647,0,0,1,1,2,2,5,5,6,6,7,7,8,8],"right_children":[2,4,6,-1,-1,8,10,12,14,-1,-1,-1,-1,-1,-1],"split_conditions":[2.0368053E-1,1.0183141E-1,8.120654E-1,-1.7307548E-1,-4.2848207E-2,6.0762453E-1,9.136788E-1,4.0574175E-1,7.120471E-1,4.3293763E-2,1.7349243E-1,-1.0655976E-2,-2.671051E-3,3.9001466E-3,1.5614319E-2],"split_indices":[0,0,0,0,0,0,0,0,0,0,0,0,0,0,0],"split_type":[0,0,0,0,0,0,0,0,0,0,0,0,0,0,0],"sum_hessian":[9E0,2E0,7E0,1E0,1E0,5E0,2E0,3E0,2E0,1E0,1E0,2E0,1E0,1E0,1E0],"tree_param":{"num_deleted":"0","num_feature":"2","num_nodes":"15","size_leaf_vector":"1"}},{"base_weights":[3.8019896E-3,-1.3675172E0,5.1757145E-1,-1.6442172E-1,-4.070587E-2,3.6074321E-3,1.3729757E0,-8.7278366E-2,1.2358602E-1,4.1128542E-2,1.6481781E-1,-9.945425E-3,-2.5375367E-3,3.704834E-3,1.4833069E-2],"categories":[],"categories_nodes":[],"categories_segments":[],"categories_sizes":[],"default_left":[0,0,0,0,0,0,0,0,0,0,0,0,0,0,0],"id":78,"left_children":[1,3,5,-1,-1,7,9,11,13,-1,-1,-1,-1,-1,-1],"loss_changes":[7.753207E0,1.2798357E-1,3.5122228E0,0E0,0E0,7.621249E-2,1.1610699E-1,4.912056E-4,9.286292E-4,0E0,0E0,0E0,0E0,0E0,0E0],"parents":[2147483647,0,0,1,1,2,2,5,5,6,6,7,7,8,8],"right_children":[2,4,6,-1,-1,8,10,12,14,-1,-1,-1,-1,-1,-1],"split_conditions":[2.0368053E-1,1.0183141E-1,8.120654E-1,-1.6442172E-1,-4.070587E-2,6.0762453E-1,9.136788E-1,4.0574175E-1,7.120471E-1,4.1128542E-2,1.6481781E-1,-9.945425E-3,-2.5375367E-3,3.704834E-3,1.4833069E-2],"split_indices":[0,0,0,0,0,0,0,0,0,0,0,0,0,0,0],"split_type":[0,0,0,0,0,0,0,0,0,0,0,0,0,0,0],"sum_hessian":[9E0,2E0,7E0,1E0,1E0,5E0,2E0,3E0,2E0,1E0,1E0,2E0,1E0,1E0,1E0],"tree_param":{"num_deleted":"0","num_feature":"2","num_nodes":"15","size_leaf_vector":"1"}},{"base_weights":[4.109144E-3,-1.299141E0,4.9231434E-1,-1.5620063E-1,-3.867054E-2,4.258474E-3,1.3043213E0,-8.167076E-2,1.1741129E-1,3.9071657E-2,1.5657654E-1,-9.282175E-3,-2.4108887E-3,3.5202026E-3,1.4091492E-2],"categories":[],"categories_nodes":[],"categories_segments":[],"categories_sizes":[],"default_left":[0,0,0,0,0,0,0,0,0,0,0,0,0,0,0],"id":79,"left_children":[1,3,5,-1,-1,7,9,11,13,-1,-1,-1,-1,-1,-1],"loss_changes":[7.002121E0,1.1550665E-1,3.1648836E0,0E0,0E0,6.792788E-2,1.0479927E-1,3.2966025E-4,8.361563E-4,0E0,0E0,0E0,0E0,0E0,0E0],"parents":[2147483647,0,0,1,1,2,2,5,5,6,6,7,7,8,8],"right_children":[2,4,6,-1,-1,8,10,12,14,-1,-1,-1,-1,-1,-1],"split_conditions":[2.0368053E-1,1.0183141E-1,8.120654E-1,-1.5620063E-1,-3.867054E-2,6.0762453E-1,9.136788E-1,4.0574175E-1,7.120471E-1,3.9071657E-2,1.5657654E-1,-9.282175E-3,-2.4108887E-3,3.5202026E-3,1.4091492E-2],"split_indices":[0,0,0,0,0,0,0,0,0,0,0,0,0,0,0],"split_type":[0,0,0,0,0,0,0,0,0,0,0,0,0,0,0],"sum_hessian":[9E0,2E0,7E0,1E0,1E0,5E0,2E0,3E0,2E0,1E0,1E0,2E0,1E0,1E0,1E0],"tree_param":{"num_deleted":"0","num_feature":"2","num_nodes":"15","size_leaf_vector":"1"}},{"base_weights":[4.3685674E-3,-1.2341844E0,4.6827984E-1,-1.4839059E-1,-3.6737062E-2,4.8205056E-3,1.2391052E0,-7.642555E-2,1.1154175E-1,3.711853E-2,1.4874725E-1,-8.6631775E-3,-2.2903443E-3,3.3447265E-3,1.3386535E-2],"categories":[],"categories_nodes":[],"categories_segments":[],"categories_sizes":[],"default_left":[0,0,0,0,0,0,0,0,0,0,0,0,0,0,0],"id":80,"left_children":[1,3,5,-1,-1,7,9,11,13,-1,-1,-1,-1,-1,-1],"loss_changes":[6.3237305E0,1.042428E-1,2.8519964E0,0E0,0E0,6.0548723E-2,9.456062E-2,2.0086765E-4,7.526204E-4,0E0,0E0,0E0,0E0,0E0,0E0],"parents":[2147483647,0,0,1,1,2,2,5,5,6,6,7,7,8,8],"right_children":[2,4,6,-1,-1,8,10,12,14,-1,-1,-1,-1,-1,-1],"split_conditions":[2.0368053E-1,1.0183141E-1,8.120654E-1,-1.4839059E-1,-3.6737062E-2,6.0762453E-1,9.136788E-1,4.0574175E-1,7.120471E-1,3.711853E-2,1.4874725E-1,-8.6631775E-3,-2.2903443E-3,3.3447265E-3,1.3386535E-2],"split_indices":[0,0,0,0,0,0,0,0,0,0,0,0,0,0,0],"split_type":[0,0,0,0,0,0,0,0,0,0,0,0,0,0,0],"sum_hessian":[9E0,2E0,7E0,1E0,1E0,5E0,2E0,3E0,2E0,1E0,1E0,2E0,1E0,1E0,1E0],"tree_param":{"num_deleted":"0","num_feature":"2","num_nodes":"15","size_leaf_vector":"1"}},{"base_weights":[4.582071E-3,-1.1724757E0,4.4540596E-1,-1.4097106E-1,-3.4900285E-2,5.297343E-3,1.1771545E0,-7.152176E-2,1.0595703E-1,3.526306E-2,1.4131013E-1,-8.085633E-3,-2.1759034E-3,3.1768798E-3,1.2716675E-2],"categories":[],"categories_nodes":[],"categories_segments":[],"categories_sizes":[],"default_left":[0,0,0,0,0,0,0,0,0,0,0,0,0,0,0],"id":81,"left_children":[1,3,5,-1,-1,7,9,11,13,-1,-1,-1,-1,-1,-1],"loss_changes":[5.7109795E0,9.407663E-2,2.5701547E0,0E0,0E0,5.3973753E-2,8.532858E-2,9.869784E-5,6.8059564E-4,0E0,0E0,0E0,0E0,0E0,0E0],"parents":[2147483647,0,0,1,1,2,2,5,5,6,6,7,7,8,8],"right_children":[2,4,6,-1,-1,8,10,12,14,-1,-1,-1,-1,-1,-1],"split_conditions":[2.0368053E-1,1.0183141E-1,8.120654E-1,-1.4097106E-1,-3.4900285E-2,6.0762453E-1,9.136788E-1,4.0574175E-1,7.120471E-1,3.526306E-2,1.4131013E-1,-8.085633E-3,-2.1759034E-3,3.1768798E-3,1.2716675E-2],"split_indices":[0,0,0,0,0,0,0,0,0,0,0,0,0,0,0],"split_type":[0,0,0,0,0,0,0,0,0,0,0,0,0,0,0],"sum_hessian":[9E0,2E0,7E0,1E0,1E0,5E0,2E0,3E0,2E0,1E0,1E0,2E0,1E0,1E0,1E0],"tree_param":{"num_deleted":"0","num_feature":"2","num_nodes":"15","size_leaf_vector":"1"}},{"base_weights":[4.757452E-3,-1.1138517E0,4.236412E-1,-1.339225E-1,-3.315525E-2,5.706787E-3,1.1182963E0,-6.693268E-2,1.0065714E-1,3.3499148E-2,1.342453E-1,-7.546488E-3,-2.066803E-3,3.0181885E-3,1.20803835E-2],"categories":[],"categories_nodes":[],"categories_segments":[],"categories_sizes":[],"default_left":[0,0,0,0,0,0,0,0,0,0,0,0,0,0,0],"id":82,"left_children":[1,3,5,-1,-1,7,9,11,13,-1,-1,-1,-1,-1,-1],"loss_changes":[5.1575456E0,8.490467E-2,2.3161802E0,0E0,0E0,4.812011E-2,7.7039E-2,1.9248575E-5,6.134417E-4,0E0,0E0,0E0,0E0,0E0,0E0],"parents":[2147483647,0,0,1,1,2,2,5,5,6,6,7,7,8,8],"right_children":[2,4,6,-1,-1,8,10,12,14,-1,-1,-1,-1,-1,-1],"split_conditions":[2.0368053E-1,1.0183141E-1,8.120654E-1,-1.339225E-1,-3.315525E-2,6.0762453E-1,9.136788E-1,4.0574175E-1,7.120471E-1,3.3499148E-2,1.342453E-1,-7.546488E-3,-2.066803E-3,3.0181885E-3,1.20803835E-2],"split_indices":[0,0,0,0,0,0,0,0,0,0,0,0,0,0,0],"split_type":[0,0,0,0,0,0,0,0,0,0,0,0,0,0,0],"sum_hessian":[9E0,2E0,7E0,1E0,1E0,5E0,2E0,3E0,2E0,1E0,1E0,2E0,1E0,1E0,1E0],"tree_param":{"num_deleted":"0","num_feature":"2","num_nodes":"15","size_leaf_vector":"1"}},{"base_weights":[4.894018E-3,-1.0581597E0,4.029274E-1,-1.2722638E-1,-3.1497575E-2,6.047567E-3,1.0623779E0,-6.264496E-2,9.562174E-2,3.1823732E-2,1.2753296E-1,-8.166122E-3,-2.9085795E-3,2.8671266E-3,1.1476136E-2],"categories":[],"categories_nodes":[],"categories_segments":[],"categories_sizes":[],"default_left":[0,0,0,0,0,0,0,0,0,0,0,0,0,0,0],"id":83,"left_children":[1,3,5,-1,-1,7,9,11,13,-1,-1,-1,-1,-1,-1],"loss_changes":[4.6576705E0,7.662368E-2,2.087356E0,0E0,0E0,4.290868E-2,6.95405E-2,1.774989E-4,5.538631E-4,0E0,0E0,0E0,0E0,0E0,0E0],"parents":[2147483647,0,0,1,1,2,2,5,5,6,6,7,7,8,8],"right_children":[2,4,6,-1,-1,8,10,12,14,-1,-1,-1,-1,-1,-1],"split_conditions":[2.0368053E-1,1.0183141E-1,8.120654E-1,-1.2722638E-1,-3.1497575E-2,6.0762453E-1,9.136788E-1,3.0500564E-1,7.120471E-1,3.1823732E-2,1.2753296E-1,-8.166122E-3,-2.9085795E-3,2.8671266E-3,1.1476136E-2],"split_indices":[0,0,0,0,0,0,0,0,0,0,0,0,0,0,0],"split_type":[0,0,0,0,0,0,0,0,0,0,0,0,0,0,0],"sum_hessian":[9E0,2E0,7E0,1E0,1E0,5E0,2E0,3E0,2E0,1E0,1E0,1E0,2E0,1E0,1E0],"tree_param":{"num_deleted":"0","num_feature":"2","num_nodes":"15","size_leaf_vector":"1"}},{"base_weights":[4.7943117E-3,-1.0052515E0,3.8296223E-1,-1.2086506E-1,-2.9922677E-2,5.987803E-3,1.009257E0,-5.914879E-2,9.084066E-2,3.023224E-2,1.2115631E-1,-7.75795E-3,-2.7145387E-3,2.7236938E-3,1.0902405E-2],"categories":[],"categories_nodes":[],"categories_segments":[],"categories_sizes":[],"default_left":[0,0,0,0,0,0,0,0,0,0,0,0,0,0,0],"id":84,"left_children":[1,3,5,-1,-1,7,9,11,13,-1,-1,-1,-1,-1,-1],"loss_changes":[4.204643E0,6.9153786E-2,1.8827337E0,0E0,0E0,3.8535267E-2,6.27687E-2,2.5345664E-4,5.001128E-4,0E0,0E0,0E0,0E0,0E0,0E0],"parents":[2147483647,0,0,1,1,2,2,5,5,6,6,7,7,8,8],"right_children":[2,4,6,-1,-1,8,10,12,14,-1,-1,-1,-1,-1,-1],"split_conditions":[2.0368053E-1,1.0183141E-1,8.120654E-1,-1.2086506E-1,-2.9922677E-2,6.0762453E-1,9.136788E-1,3.0500564E-1,7.120471E-1,3.023224E-2,1.2115631E-1,-7.75795E-3,-2.7145387E-3,2.7236938E-3,1.0902405E-2],"split_indices":[0,0,0,0,0,0,0,0,0,0,0,0,0,0,0],"split_type":[0,0,0,0,0,0,0,0,0,0,0,0,0,0,0],"sum_hessian":[9E0,2E0,7E0,1E0,1E0,5E0,2E0,3E0,2E0,1E0,1E0,1E0,2E0,1E0,1E0],"tree_param":{"num_deleted":"0","num_feature":"2","num_nodes":"15","size_leaf_vector":"1"}},{"base_weights":[4.6913386E-3,-9.54989E-1,3.6398506E-1,-1.1482181E-1,-2.8426552E-2,5.917867E-3,9.587911E-1,-5.5850983E-2,8.630371E-2,2.8720094E-2,1.1509857E-1,-7.369995E-3,-2.5334677E-3,2.5878907E-3,1.0357666E-2],"categories":[],"categories_nodes":[],"categories_segments":[],"categories_sizes":[],"default_left":[0,0,0,0,0,0,0,0,0,0,0,0,0,0,0],"id":85,"left_children":[1,3,5,-1,-1,7,9,11,13,-1,-1,-1,-1,-1,-1],"loss_changes":[3.7956731E0,6.241083E-2,1.6981702E0,0E0,0E0,3.4612194E-2,5.666375E-2,3.1157397E-4,4.5069307E-4,0E0,0E0,0E0,0E0,0E0,0E0],"parents":[2147483647,0,0,1,1,2,2,5,5,6,6,7,7,8,8],"right_children":[2,4,6,-1,-1,8,10,12,14,-1,-1,-1,-1,-1,-1],"split_conditions":[2.0368053E-1,1.0183141E-1,8.120654E-1,-1.1482181E-1,-2.8426552E-2,6.0762453E-1,9.136788E-1,3.0500564E-1,7.120471E-1,2.8720094E-2,1.1509857E-1,-7.369995E-3,-2.5334677E-3,2.5878907E-3,1.0357666E-2],"split_indices":[0,0,0,0,0,0,0,0,0,0,0,0,0,0,0],"split_type":[0,0,0,0,0,0,0,0,0,0,0,0,0,0,0],"sum_hessian":[9E0,2E0,7E0,1E0,1E0,5E0,2E0,3E0,2E0,1E0,1E0,1E0,2E0,1E0,1E0],"tree_param":{"num_deleted":"0","num_feature":"2","num_nodes":"15","size_leaf_vector":"1"}},{"base_weights":[4.5829536E-3,-9.072394E-1,3.4594345E-1,-1.0908071E-1,-2.7005196E-2,5.833944E-3,9.1084796E-1,-5.2742004E-2,8.199056E-2,2.728424E-2,1.09342955E-1,-7.0014955E-3,-2.3646036E-3,2.458191E-3,9.840393E-3],"categories":[],"categories_nodes":[],"categories_segments":[],"categories_sizes":[],"default_left":[0,0,0,0,0,0,0,0,0,0,0,0,0,0,0],"id":86,"left_children":[1,3,5,-1,-1,7,9,11,13,-1,-1,-1,-1,-1,-1],"loss_changes":[3.4264548E0,5.6326628E-2,1.5317215E0,0E0,0E0,3.1090025E-2,5.1130295E-2,3.5471655E-4,4.0785037E-4,0E0,0E0,0E0,0E0,0E0,0E0],"parents":[2147483647,0,0,1,1,2,2,5,5,6,6,7,7,8,8],"right_children":[2,4,6,-1,-1,8,10,12,14,-1,-1,-1,-1,-1,-1],"split_conditions":[2.0368053E-1,1.0183141E-1,8.120654E-1,-1.0908071E-1,-2.7005196E-2,6.0762453E-1,9.136788E-1,3.0500564E-1,7.120471E-1,2.728424E-2,1.09342955E-1,-7.0014955E-3,-2.3646036E-3,2.458191E-3,9.840393E-3],"split_indices":[0,0,0,0,0,0,0,0,0,0,0,0,0,0,0],"split_type":[0,0,0,0,0,0,0,0,0,0,0,0,0,0,0],"sum_hessian":[9E0,2E0,7E0,1E0,1E0,5E0,2E0,3E0,2E0,1E0,1E0,1E0,2E0,1E0,1E0],"tree_param":{"num_deleted":"0","num_feature":"2","num_nodes":"15","size_leaf_vector":"1"}},{"base_weights":[4.4722795E-3,-8.618777E-1,3.2879448E-1,-1.0362667E-1,-2.5654985E-2,5.7398477E-3,8.653056E-1,-4.9808502E-2,7.789103E-2,2.5920106E-2,1.03875734E-1,-6.651306E-3,-2.2069297E-3,2.3345947E-3,9.34906E-3],"categories":[],"categories_nodes":[],"categories_segments":[],"categories_sizes":[],"default_left":[0,0,0,0,0,0,0,0,0,0,0,0,0,0,0],"id":87,"left_children":[1,3,5,-1,-1,7,9,11,13,-1,-1,-1,-1,-1,-1],"loss_changes":[3.0931458E0,5.0833464E-2,1.3816125E0,0E0,0E0,2.792691E-2,4.6142578E-2,3.8558803E-4,3.700126E-4,0E0,0E0,0E0,0E0,0E0,0E0],"parents":[2147483647,0,0,1,1,2,2,5,5,6,6,7,7,8,8],"right_children":[2,4,6,-1,-1,8,10,12,14,-1,-1,-1,-1,-1,-1],"split_conditions":[2.0368053E-1,1.0183141E-1,8.120654E-1,-1.0362667E-1,-2.5654985E-2,6.0762453E-1,9.136788E-1,3.0500564E-1,7.120471E-1,2.5920106E-2,1.03875734E-1,-6.651306E-3,-2.2069297E-3,2.3345947E-3,9.34906E-3],"split_indices":[0,0,0,0,0,0,0,0,0,0,0,0,0,0,0],"split_type":[0,0,0,0,0,0,0,0,0,0,0,0,0,0,0],"sum_hessian":[9E0,2E0,7E0,1E0,1E0,5E0,2E0,3E0,2E0,1E0,1E0,1E0,2E0,1E0,1E0],"tree_param":{"num_deleted":"0","num_feature":"2","num_nodes":"15","size_leaf_vector":"1"}},{"base_weights":[4.362464E-3,-8.187842E-1,3.1249714E-1,-9.844533E-2,-2.4372293E-2,5.6419373E-3,8.220418E-1,-4.704094E-2,7.400513E-2,2.4624635E-2,9.868164E-2,-6.3186646E-3,-2.0596823E-3,2.218628E-3,8.882142E-3],"categories":[],"categories_nodes":[],"categories_segments":[],"categories_sizes":[],"default_left":[0,0,0,0,0,0,0,0,0,0,0,0,0,0,0],"id":88,"left_children":[1,3,5,-1,-1,7,9,11,13,-1,-1,-1,-1,-1,-1],"loss_changes":[2.792268E0,4.5875788E-2,1.2462134E0,0E0,0E0,2.5090687E-2,4.1629553E-2,4.0639192E-4,3.3267215E-4,0E0,0E0,0E0,0E0,0E0,0E0],"parents":[2147483647,0,0,1,1,2,2,5,5,6,6,7,7,8,8],"right_children":[2,4,6,-1,-1,8,10,12,14,-1,-1,-1,-1,-1,-1],"split_conditions":[2.0368053E-1,1.0183141E-1,8.120654E-1,-9.844533E-2,-2.4372293E-2,6.0762453E-1,9.136788E-1,3.0500564E-1,7.120471E-1,2.4624635E-2,9.868164E-2,-6.3186646E-3,-2.0596823E-3,2.218628E-3,8.882142E-3],"split_indices":[0,0,0,0,0,0,0,0,0,0,0,0,0,0,0],"split_type":[0,0,0,0,0,0,0,0,0,0,0,0,0,0,0],"sum_hessian":[9E0,2E0,7E0,1E0,1E0,5E0,2E0,3E0,2E0,1E0,1E0,1E0,2E0,1E0,1E0],"tree_param":{"num_deleted":"0","num_feature":"2","num_nodes":"15","size_leaf_vector":"1"}},{"base_weights":[4.2449115E-3,-7.77845E-1,2.9699802E-1,-9.352307E-2,-2.3153687E-2,5.5300393E-3,7.8093463E-1,-4.4431686E-2,7.030233E-2,2.339325E-2,9.374695E-2,-6.0028075E-3,-1.9223532E-3,2.1072389E-3,8.43811E-3],"categories":[],"categories_nodes":[],"categories_segments":[],"categories_sizes":[],"default_left":[0,0,0,0,0,0,0,0,0,0,0,0,0,0,0],"id":89,"left_children":[1,3,5,-1,-1,7,9,11,13,-1,-1,-1,-1,-1,-1],"loss_changes":[2.520611E0,4.1402817E-2,1.1240977E0,0E0,0E0,2.2540463E-2,3.757E-2,4.1867327E-4,3.011804E-4,0E0,0E0,0E0,0E0,0E0,0E0],"parents":[2147483647,0,0,1,1,2,2,5,5,6,6,7,7,8,8],"right_children":[2,4,6,-1,-1,8,10,12,14,-1,-1,-1,-1,-1,-1],"split_conditions":[2.0368053E-1,1.0183141E-1,8.120654E-1,-9.352307E-2,-2.3153687E-2,6.0762453E-1,9.136788E-1,3.0500564E-1,7.120471E-1,2.339325E-2,9.374695E-2,-6.0028075E-3,-1.9223532E-3,2.1072389E-3,8.43811E-3],"split_indices":[0,0,0,0,0,0,0,0,0,0,0,0,0,0,0],"split_type":[0,0,0,0,0,0,0,0,0,0,0,0,0,0,0],"sum_hessian":[9E0,2E0,7E0,1E0,1E0,5E0,2E0,3E0,2E0,1E0,1E0,1E0,2E0,1E0,1E0],"tree_param":{"num_deleted":"0","num_feature":"2","num_nodes":"15","size_leaf_vector":"1"}},{"base_weights":[4.1291355E-3,-7.389523E-1,2.8226852E-1,-8.8846914E-2,-2.1995926E-2,5.41687E-3,7.418823E-1,-4.19693E-2,6.679281E-2,2.22229E-2,8.905945E-2,-5.702591E-3,-1.7941793E-3,2.001953E-3,8.016968E-3],"categories":[],"categories_nodes":[],"categories_segments":[],"categories_sizes":[],"default_left":[0,0,0,0,0,0,0,0,0,0,0,0,0,0,0],"id":90,"left_children":[1,3,5,-1,-1,7,9,11,13,-1,-1,-1,-1,-1,-1],"loss_changes":[2.2753851E0,3.7367582E-2,1.0139401E0,0E0,0E0,2.025347E-2,3.3920288E-2,4.2394456E-4,2.7208123E-4,0E0,0E0,0E0,0E0,0E0,0E0],"parents":[2147483647,0,0,1,1,2,2,5,5,6,6,7,7,8,8],"right_children":[2,4,6,-1,-1,8,10,12,14,-1,-1,-1,-1,-1,-1],"split_conditions":[2.0368053E-1,1.0183141E-1,8.120654E-1,-8.8846914E-2,-2.1995926E-2,6.0762453E-1,9.136788E-1,3.0500564E-1,7.120471E-1,2.22229E-2,8.905945E-2,-5.702591E-3,-1.7941793E-3,2.001953E-3,8.016968E-3],"split_indices":[0,0,0,0,0,0,0,0,0,0,0,0,0,0,0],"split_type":[0,0,0,0,0,0,0,0,0,0,0,0,0,0,0],"sum_hessian":[9E0,2E0,7E0,1E0,1E0,5E0,2E0,3E0,2E0,1E0,1E0,1E0,2E0,1E0,1E0],"tree_param":{"num_deleted":"0","num_feature":"2","num_nodes":"15","size_leaf_vector":"1"}},{"base_weights":[4.0119053E-3,-7.020048E-1,2.6826668E-1,-8.440457E-2,-2.089615E-2,5.292257E-3,7.047933E-1,-3.964615E-2,6.3446045E-2,2.111206E-2,8.460694E-2,-5.4176333E-3,-1.6743978E-3,1.9012451E-3,7.6156617E-3],"categories":[],"categories_nodes":[],"categories_segments":[],"categories_sizes":[],"default_left":[0,0,0,0,0,0,0,0,0,0,0,0,0,0,0],"id":91,"left_children":[1,3,5,-1,-1,7,9,11,13,-1,-1,-1,-1,-1,-1],"loss_changes":[2.0540073E0,3.372383E-2,9.1463286E-1,0E0,0E0,1.8195422E-2,3.0609608E-2,4.2396365E-4,2.4640467E-4,0E0,0E0,0E0,0E0,0E0,0E0],"parents":[2147483647,0,0,1,1,2,2,5,5,6,6,7,7,8,8],"right_children":[2,4,6,-1,-1,8,10,12,14,-1,-1,-1,-1,-1,-1],"split_conditions":[2.0368053E-1,1.0183141E-1,8.120654E-1,-8.440457E-2,-2.089615E-2,6.0762453E-1,9.136788E-1,3.0500564E-1,7.120471E-1,2.111206E-2,8.460694E-2,-5.4176333E-3,-1.6743978E-3,1.9012451E-3,7.6156617E-3],"split_indices":[0,0,0,0,0,0,0,0,0,0,0,0,0,0,0],"split_type":[0,0,0,0,0,0,0,0,0,0,0,0,0,0,0],"sum_hessian":[9E0,2E0,7E0,1E0,1E0,5E0,2E0,3E0,2E0,1E0,1E0,1E0,2E0,1E0,1E0],"tree_param":{"num_deleted":"0","num_feature":"2","num_nodes":"15","size_leaf_vector":"1"}},{"base_weights":[3.895235E-3,-6.669043E-1,2.5495815E-1,-8.018434E-2,-1.9851303E-2,5.166372E-3,6.6955566E-1,-3.7454605E-2,6.0272217E-2,2.0056153E-2,8.03772E-2,-5.14679E-3,-1.5627543E-3,1.8066406E-3,7.234192E-3],"categories":[],"categories_nodes":[],"categories_segments":[],"categories_sizes":[],"default_left":[0,0,0,0,0,0,0,0,0,0,0,0,0,0,0],"id":92,"left_children":[1,3,5,-1,-1,7,9,11,13,-1,-1,-1,-1,-1,-1],"loss_changes":[1.8541615E0,3.0436635E-2,8.250452E-1,0E0,0E0,1.6349463E-2,2.7634144E-2,4.1915895E-4,2.2127572E-4,0E0,0E0,0E0,0E0,0E0,0E0],"parents":[2147483647,0,0,1,1,2,2,5,5,6,6,7,7,8,8],"right_children":[2,4,6,-1,-1,8,10,12,14,-1,-1,-1,-1,-1,-1],"split_conditions":[2.0368053E-1,1.0183141E-1,8.120654E-1,-8.018434E-2,-1.9851303E-2,6.0762453E-1,9.136788E-1,3.0500564E-1,7.120471E-1,2.0056153E-2,8.03772E-2,-5.14679E-3,-1.5627543E-3,1.8066406E-3,7.234192E-3],"split_indices":[0,0,0,0,0,0,0,0,0,0,0,0,0,0,0],"split_type":[0,0,0,0,0,0,0,0,0,0,0,0,0,0,0],"sum_hessian":[9E0,2E0,7E0,1E0,1E0,5E0,2E0,3E0,2E0,1E0,1E0,1E0,2E0,1E0,1E0],"tree_param":{"num_deleted":"0","num_feature":"2","num_nodes":"15","size_leaf_vector":"1"}},{"base_weights":[3.7792088E-3,-6.335589E-1,2.4230862E-1,-7.617512E-2,-1.885872E-2,5.039215E-3,6.360779E-1,-3.538704E-2,5.726115E-2,1.9053651E-2,7.6358035E-2,-4.8892978E-3,-1.4587402E-3,1.7166138E-3,6.8725585E-3],"categories":[],"categories_nodes":[],"categories_segments":[],"categories_sizes":[],"default_left":[0,0,0,0,0,0,0,0,0,0,0,0,0,0,0],"id":93,"left_children":[1,3,5,-1,-1,7,9,11,13,-1,-1,-1,-1,-1,-1],"loss_changes":[1.6737558E0,2.7469277E-2,7.442299E-1,0E0,0E0,1.4693125E-2,2.4932861E-2,4.1045249E-4,1.9924715E-4,0E0,0E0,0E0,0E0,0E0,0E0],"parents":[2147483647,0,0,1,1,2,2,5,5,6,6,7,7,8,8],"right_children":[2,4,6,-1,-1,8,10,12,14,-1,-1,-1,-1,-1,-1],"split_conditions":[2.0368053E-1,1.0183141E-1,8.120654E-1,-7.617512E-2,-1.885872E-2,6.0762453E-1,9.136788E-1,3.0500564E-1,7.120471E-1,1.9053651E-2,7.6358035E-2,-4.8892978E-3,-1.4587402E-3,1.7166138E-3,6.8725585E-3],"split_indices":[0,0,0,0,0,0,0,0,0,0,0,0,0,0,0],"split_type":[0,0,0,0,0,0,0,0,0,0,0,0,0,0,0],"sum_hessian":[9E0,2E0,7E0,1E0,1E0,5E0,2E0,3E0,2E0,1E0,1E0,1E0,2E0,1E0,1E0],"tree_param":{"num_deleted":"0","num_feature":"2","num_nodes":"15","size_leaf_vector":"1"}},{"base_weights":[3.6666156E-3,-6.018806E-1,2.302885E-1,-7.236637E-2,-1.7915726E-2,4.9120584E-3,6.0427856E-1,-3.3433914E-2,5.4402668E-2,1.8101502E-2,7.254028E-2,-4.6447753E-3,-1.3613383E-3,1.6311646E-3,6.5292357E-3],"categories":[],"categories_nodes":[],"categories_segments":[],"categories_sizes":[],"default_left":[0,0,0,0,0,0,0,0,0,0,0,0,0,0,0],"id":94,"left_children":[1,3,5,-1,-1,7,9,11,13,-1,-1,-1,-1,-1,-1],"loss_changes":[1.5109088E0,2.4792075E-2,6.7134E-1,0E0,0E0,1.3205487E-2,2.249384E-2,3.9945357E-4,1.793718E-4,0E0,0E0,0E0,0E0,0E0,0E0],"parents":[2147483647,0,0,1,1,2,2,5,5,6,6,7,7,8,8],"right_children":[2,4,6,-1,-1,8,10,12,14,-1,-1,-1,-1,-1,-1],"split_conditions":[2.0368053E-1,1.0183141E-1,8.120654E-1,-7.236637E-2,-1.7915726E-2,6.0762453E-1,9.136788E-1,3.0500564E-1,7.120471E-1,1.8101502E-2,7.254028E-2,-4.6447753E-3,-1.3613383E-3,1.6311646E-3,6.5292357E-3],"split_indices":[0,0,0,0,0,0,0,0,0,0,0,0,0,0,0],"split_type":[0,0,0,0,0,0,0,0,0,0,0,0,0,0,0],"sum_hessian":[9E0,2E0,7E0,1E0,1E0,5E0,2E0,3E0,2E0,1E0,1E0,1E0,2E0,1E0,1E0],"tree_param":{"num_deleted":"0","num_feature":"2","num_nodes":"15","size_leaf_vector":"1"}},{"base_weights":[3.5523295E-3,-5.7178724E-1,2.1886063E-1,-6.874805E-2,-1.7020036E-2,4.7810874E-3,5.7406616E-1,-3.1593323E-2,5.1686604E-2,1.7196655E-2,6.891327E-2,-4.4124606E-3,-1.2708028E-3,1.550293E-3,6.2026978E-3],"categories":[],"categories_nodes":[],"categories_segments":[],"categories_sizes":[],"default_left":[0,0,0,0,0,0,0,0,0,0,0,0,0,0,0],"id":95,"left_children":[1,3,5,-1,-1,7,9,11,13,-1,-1,-1,-1,-1,-1],"loss_changes":[1.3638954E0,2.2373378E-2,6.055932E-1,0E0,0E0,1.1869914E-2,2.0296872E-2,3.8589118E-4,1.6085804E-4,0E0,0E0,0E0,0E0,0E0,0E0],"parents":[2147483647,0,0,1,1,2,2,5,5,6,6,7,7,8,8],"right_children":[2,4,6,-1,-1,8,10,12,14,-1,-1,-1,-1,-1,-1],"split_conditions":[2.0368053E-1,1.0183141E-1,8.120654E-1,-6.874805E-2,-1.7020036E-2,6.0762453E-1,9.136788E-1,3.0500564E-1,7.120471E-1,1.7196655E-2,6.891327E-2,-4.4124606E-3,-1.2708028E-3,1.550293E-3,6.2026978E-3],"split_indices":[0,0,0,0,0,0,0,0,0,0,0,0,0,0,0],"split_type":[0,0,0,0,0,0,0,0,0,0,0,0,0,0,0],"sum_hessian":[9E0,2E0,7E0,1E0,1E0,5E0,2E0,3E0,2E0,1E0,1E0,1E0,2E0,1E0,1E0],"tree_param":{"num_deleted":"0","num_feature":"2","num_nodes":"15","size_leaf_vector":"1"}},{"base_weights":[3.437078E-3,-5.431975E-1,2.0799541E-1,-6.531065E-2,-1.6168976E-2,4.647573E-3,5.453593E-1,-2.9855728E-2,4.9102783E-2,1.633606E-2,6.5467834E-2,-4.191971E-3,-1.1861165E-3,1.4724731E-3,5.8929445E-3],"categories":[],"categories_nodes":[],"categories_segments":[],"categories_sizes":[],"default_left":[0,0,0,0,0,0,0,0,0,0,0,0,0,0,0],"id":96,"left_children":[1,3,5,-1,-1,7,9,11,13,-1,-1,-1,-1,-1,-1],"loss_changes":[1.2311693E0,2.0192742E-2,5.462831E-1,0E0,0E0,1.0669108E-2,1.8330574E-2,3.711274E-4,1.4574453E-4,0E0,0E0,0E0,0E0,0E0,0E0],"parents":[2147483647,0,0,1,1,2,2,5,5,6,6,7,7,8,8],"right_children":[2,4,6,-1,-1,8,10,12,14,-1,-1,-1,-1,-1,-1],"split_conditions":[2.0368053E-1,1.0183141E-1,8.120654E-1,-6.531065E-2,-1.6168976E-2,6.0762453E-1,9.136788E-1,3.0500564E-1,7.120471E-1,1.633606E-2,6.5467834E-2,-4.191971E-3,-1.1861165E-3,1.4724731E-3,5.8929445E-3],"split_indices":[0,0,0,0,0,0,0,0,0,0,0,0,0,0,0],"split_type":[0,0,0,0,0,0,0,0,0,0,0,0,0,0,0],"sum_hessian":[9E0,2E0,7E0,1E0,1E0,5E0,2E0,3E0,2E0,1E0,1E0,1E0,2E0,1E0,1E0],"tree_param":{"num_deleted":"0","num_feature":"2","num_nodes":"15","size_leaf_vector":"1"}},{"base_weights":[3.3271313E-3,-5.1603717E-1,1.9767284E-1,-6.2045123E-2,-1.5360451E-2,4.51533E-3,5.180969E-1,-2.8215408E-2,4.6651203E-2,1.5519715E-2,6.2194824E-2,-3.982544E-3,-1.1070252E-3,1.399231E-3,5.5984496E-3],"categories":[],"categories_nodes":[],"categories_segments":[],"categories_sizes":[],"default_left":[0,0,0,0,0,0,0,0,0,0,0,0,0,0,0],"id":97,"left_children":[1,3,5,-1,-1,7,9,11,13,-1,-1,-1,-1,-1,-1],"loss_changes":[1.1113688E0,1.8225074E-2,4.9279916E-1,0E0,0E0,9.591113E-3,1.6538203E-2,3.5534566E-4,1.310925E-4,0E0,0E0,0E0,0E0,0E0,0E0],"parents":[2147483647,0,0,1,1,2,2,5,5,6,6,7,7,8,8],"right_children":[2,4,6,-1,-1,8,10,12,14,-1,-1,-1,-1,-1,-1],"split_conditions":[2.0368053E-1,1.0183141E-1,8.120654E-1,-6.2045123E-2,-1.5360451E-2,6.0762453E-1,9.136788E-1,3.0500564E-1,7.120471E-1,1.5519715E-2,6.2194824E-2,-3.982544E-3,-1.1070252E-3,1.399231E-3,5.5984496E-3],"split_indices":[0,0,0,0,0,0,0,0,0,0,0,0,0,0,0],"split_type":[0,0,0,0,0,0,0,0,0,0,0,0,0,0,0],"sum_hessian":[9E0,2E0,7E0,1E0,1E0,5E0,2E0,3E0,2E0,1E0,1E0,1E0,2E0,1E0,1E0],"tree_param":{"num_deleted":"0","num_feature":"2","num_nodes":"15","size_leaf_vector":"1"}},{"base_weights":[3.2164096E-3,-4.9023485E-1,1.8785858E-1,-5.8942866E-2,-1.4592362E-2,4.384359E-3,4.921875E-1,-2.6664734E-2,4.4321697E-2,1.4743042E-2,5.9085082E-2,-3.7834167E-3,-1.0330201E-3,1.3290405E-3,5.319214E-3],"categories":[],"categories_nodes":[],"categories_segments":[],"categories_sizes":[],"default_left":[0,0,0,0,0,0,0,0,0,0,0,0,0,0,0],"id":98,"left_children":[1,3,5,-1,-1,7,9,11,13,-1,-1,-1,-1,-1,-1],"loss_changes":[1.003214E0,1.6449034E-2,4.4453415E-1,0E0,0E0,8.621934E-3,1.4935255E-2,3.3895532E-4,1.1883909E-4,0E0,0E0,0E0,0E0,0E0,0E0],"parents":[2147483647,0,0,1,1,2,2,5,5,6,6,7,7,8,8],"right_children":[2,4,6,-1,-1,8,10,12,14,-1,-1,-1,-1,-1,-1],"split_conditions":[2.0368053E-1,1.0183141E-1,8.120654E-1,-5.8942866E-2,-1.4592362E-2,6.0762453E-1,9.136788E-1,3.0500564E-1,7.120471E-1,1.4743042E-2,5.9085082E-2,-3.7834167E-3,-1.0330201E-3,1.3290405E-3,5.319214E-3],"split_indices":[0,0,0,0,0,0,0,0,0,0,0,0,0,0,0],"split_type":[0,0,0,0,0,0,0,0,0,0,0,0,0,0,0],"sum_hessian":[9E0,2E0,7E0,1E0,1E0,5E0,2E0,3E0,2E0,1E0,1E0,1E0,2E0,1E0,1E0],"tree_param":{"num_deleted":"0","num_feature":"2","num_nodes":"15","size_leaf_vector":"1"}},{"base_weights":[3.107512E-3,-4.6572348E-1,1.785307E-1,-5.599572E-2,-1.3862801E-2,4.2508445E-3,4.6758017E-1,-2.5201797E-2,4.2104084E-2,1.4006043E-2,5.6130983E-2,-3.5942078E-3,-9.641011E-4,1.2619019E-3,5.053711E-3],"categories":[],"categories_nodes":[],"categories_segments":[],"categories_sizes":[],"default_left":[0,0,0,0,0,0,0,0,0,0,0,0,0,0,0],"id":99,"left_children":[1,3,5,-1,-1,7,9,11,13,-1,-1,-1,-1,-1,-1],"loss_changes":[9.055841E-1,1.4844596E-2,4.0101638E-1,0E0,0E0,7.750366E-3,1.3477683E-2,3.2199058E-4,1.0821642E-4,0E0,0E0,0E0,0E0,0E0,0E0],"parents":[2147483647,0,0,1,1,2,2,5,5,6,6,7,7,8,8],"right_children":[2,4,6,-1,-1,8,10,12,14,-1,-1,-1,-1,-1,-1],"split_conditions":[2.0368053E-1,1.0183141E-1,8.120654E-1,-5.599572E-2,-1.3862801E-2,6.0762453E-1,9.136788E-1,3.0500564E-1,7.120471E-1,1.4006043E-2,5.6130983E-2,-3.5942078E-3,-9.641011E-4,1.2619019E-3,5.053711E-3],"split_indices":[0,0,0,0,0,0,0,0,0,0,0,0,0,0,0],"split_type":[0,0,0,0,0,0,0,0,0,0,0,0,0,0,0],"sum_hessian":[9E0,2E0,7E0,1E0,1E0,5E0,2E0,3E0,2E0,1E0,1E0,1E0,2E0,1E0,1E0],"tree_param":{"num_deleted":"0","num_feature":"2","num_nodes":"15","size_leaf_vector":"1"}}]},"name":"gbtree"},"learner_model_param":{"base_score":"1.8883333E2","boost_from_average":"1","num_class":"0","num_feature":"2","num_target":"1"},"objective":{"name":"reg:squarederror","reg_loss_param":{"scale_pos_weight":"1"}}},"version":[2,0,1]}