{"model_name": "PolynomialRegressionTrainer_2", "model_class": "scikit", "model_file": "PolynomialRegressionTrainer_2.json", "features": ["bpf_cpu_time_ms", "bpf_page_cache_hit", "cache_miss", "cgroupfs_cpu_usage_us", "cgroupfs_memory_usage_bytes", "cgroupfs_system_cpu_usage_us", "cgroupfs_user_cpu_usage_us", "cpu_cycles", "cpu_instructions"], "fe_files": ["poly_scaler.pkl"], "output_type": "AbsPower", "mae": 0.0, "mape": 0.03, "package_mae": 0.0, "core_mae": 0.0, "uncore_mae": 0.0, "dram_mae": 0.0, "package_mape": 0.0, "core_mape": 0.02, "uncore_mape": -1, "dram_mape": 0.03}