{"platform": {"All_Weights": {"Bias_Weight": 673.9475802444434, "Categorical_Variables": {}, "Numerical_Variables": {"bpf_block_irq": {"scale": 0.16683299724637102, "mean": 0, "variance": 0, "weight": -0.8198733159479876}, "bpf_cpu_time_us": {"scale": 5911.969193263386, "mean": 0, "variance": 0, "weight": 130.92400703480442}, "bpf_net_rx_irq": {"scale": 52.1304315700023, "mean": 0, "variance": 0, "weight": -3.1919865301469654}, "bpf_net_tx_irq": {"scale": 0.2898158296573689, "mean": 0, "variance": 0, "weight": 4.141504614072318}}}}}