{"model_name": "GradientBoostingRegressorTrainer_0", "trainer": "GradientBoostingRegressorTrainer", "model_class": "scikit", "model_file": "GradientBoostingRegressorTrainer_0.json", "features": ["bpf_cpu_time_ms", "bpf_page_cache_hit", "cache_miss", "cpu_cycles", "cpu_instructions"], "fe_files": [], "output_type": "AbsPower", "mae": 6.47, "mape": -1, "node_type": 0, "machine_spec": {"processor": "11th_gen_intel_core", "cores": 8, "chips": 1, "memory": 31, "frequency": 4800}, "package_mae": 6.47, "core_mae": 4.33, "uncore_mae": 1.12, "dram_mae": 0.0, "package_mape": 38.13, "core_mape": 41.53, "uncore_mape": 7555.89, "dram_mape": -1}