{"learner":{"attributes":{"scikit_learn":"{\"_estimator_type\": \"regressor\"}"},"feature_names":[],"feature_types":[],"gradient_booster":{"model":{"gbtree_model_param":{"num_parallel_tree":"1","num_trees":"100"},"iteration_indptr":[0,1,2,3,4,5,6,7,8,9,10,11,12,13,14,15,16,17,18,19,20,21,22,23,24,25,26,27,28,29,30,31,32,33,34,35,36,37,38,39,40,41,42,43,44,45,46,47,48,49,50,51,52,53,54,55,56,57,58,59,60,61,62,63,64,65,66,67,68,69,70,71,72,73,74,75,76,77,78,79,80,81,82,83,84,85,86,87,88,89,90,91,92,93,94,95,96,97,98,99,100],"tree_info":[0,0,0,0,0,0,0,0,0,0,0,0,0,0,0,0,0,0,0,0,0,0,0,0,0,0,0,0,0,0,0,0,0,0,0,0,0,0,0,0,0,0,0,0,0,0,0,0,0,0,0,0,0,0,0,0,0,0,0,0,0,0,0,0,0,0,0,0,0,0,0,0,0,0,0,0,0,0,0,0,0,0,0,0,0,0,0,0,0,0,0,0,0,0,0,0,0,0,0,0],"trees":[{"base_weights":[9.155274E-6,-9.457142E1,1.6550001E1,-1.0638888E1,-1.1833328E0],"categories":[],"categories_nodes":[],"categories_segments":[],"categories_sizes":[],"default_left":[0,0,0,0,0],"id":0,"left_children":[1,3,-1,-1,-1],"loss_changes":[1.7216728E5,5.5853438E3,0E0,0E0,0E0],"parents":[2147483647,0,0,1,1],"right_children":[2,4,-1,-1,-1],"split_conditions":[7.9871607E-1,5.999623E-1,1.6550001E1,-1.0638888E1,-1.1833328E0],"split_indices":[0,0,0,0,0],"split_type":[0,0,0,0,0],"sum_hessian":[9E0,6E0,3E0,5E0,1E0],"tree_param":{"num_deleted":"0","num_feature":"2","num_nodes":"5","size_leaf_vector":"1"}},{"base_weights":[4.7278747E-1,-8.680317E1,1.5308753E1,-9.752315E0,-1.1241668E0],"categories":[],"categories_nodes":[],"categories_segments":[],"categories_sizes":[],"default_left":[0,0,0,0,0],"id":1,"left_children":[1,3,-1,-1,-1],"loss_changes":[1.4648445E5,4.573797E3,0E0,0E0,0E0],"parents":[2147483647,0,0,1,1],"right_children":[2,4,-1,-1,-1],"split_conditions":[7.9871607E-1,5.999623E-1,1.5308753E1,-9.752315E0,-1.1241668E0],"split_indices":[0,0,0,0,0],"split_type":[0,0,0,0,0],"sum_hessian":[9E0,6E0,3E0,5E0,1E0],"tree_param":{"num_deleted":"0","num_feature":"2","num_nodes":"5","size_leaf_vector":"1"}},{"base_weights":[8.6874086E-1,-7.967663E1,1.4160596E1,-8.939621E0,-1.0679581E0],"categories":[],"categories_nodes":[],"categories_segments":[],"categories_sizes":[],"default_left":[0,0,0,0,0],"id":2,"left_children":[1,3,-1,-1,-1],"loss_changes":[1.2464E5,3.7396406E3,0E0,0E0,0E0],"parents":[2147483647,0,0,1,1],"right_children":[2,4,-1,-1,-1],"split_conditions":[7.9871607E-1,5.999623E-1,1.4160596E1,-8.939621E0,-1.0679581E0],"split_indices":[0,0,0,0,0],"split_type":[0,0,0,0,0],"sum_hessian":[9E0,6E0,3E0,5E0,1E0],"tree_param":{"num_deleted":"0","num_feature":"2","num_nodes":"5","size_leaf_vector":"1"}},{"base_weights":[1.1971802E0,-7.313861E1,1.3098552E1,-8.194652E0,-1.01456E0],"categories":[],"categories_nodes":[],"categories_segments":[],"categories_sizes":[],"default_left":[0,0,0,0,0],"id":3,"left_children":[1,3,-1,-1,-1],"loss_changes":[1.0605929E5,3.052461E3,0E0,0E0,0E0],"parents":[2147483647,0,0,1,1],"right_children":[2,4,-1,-1,-1],"split_conditions":[7.9871607E-1,5.999623E-1,1.3098552E1,-8.194652E0,-1.01456E0],"split_indices":[0,0,0,0,0],"split_type":[0,0,0,0,0],"sum_hessian":[9E0,6E0,3E0,5E0,1E0],"tree_param":{"num_deleted":"0","num_feature":"2","num_nodes":"5","size_leaf_vector":"1"}},{"base_weights":[1.4663941E0,-6.714036E1,1.2116161E1,-8.111294E0,-2.1472604E0],"categories":[],"categories_nodes":[],"categories_segments":[],"categories_sizes":[],"default_left":[0,0,0,0,0],"id":4,"left_children":[1,3,-1,-1,-1],"loss_changes":[9.025384E4,2.7249668E3,0E0,0E0,0E0],"parents":[2147483647,0,0,1,1],"right_children":[2,4,-1,-1,-1],"split_conditions":[7.9871607E-1,4.9966386E-1,1.2116161E1,-8.111294E0,-2.1472604E0],"split_indices":[0,0,0,0,0],"split_type":[0,0,0,0,0],"sum_hessian":[9E0,6E0,3E0,4E0,2E0],"tree_param":{"num_deleted":"0","num_feature":"2","num_nodes":"5","size_leaf_vector":"1"}},{"base_weights":[1.5055176E0,-6.1891834E1,1.120745E2,-7.4623904E0,-2.0041108E0,3.1549668E0,1.2839955E1],"categories":[],"categories_nodes":[],"categories_segments":[],"categories_sizes":[],"default_left":[0,0,0,0,0,0,0],"id":5,"left_children":[1,3,5,-1,-1,-1,-1],"loss_changes":[7.7034305E4,2.2343809E3,1.2073281E3,0E0,0E0,0E0,0E0],"parents":[2147483647,0,0,1,1,2,2],"right_children":[2,4,6,-1,-1,-1,-1],"split_conditions":[7.9871607E-1,4.9966386E-1,9.0150964E-1,-7.4623904E0,-2.0041108E0,3.1549668E0,1.2839955E1],"split_indices":[0,0,0,0,0,0,0],"split_type":[0,0,0,0,0,0,0],"sum_hessian":[9E0,6E0,3E0,4E0,2E0,1E0,2E0],"tree_param":{"num_deleted":"0","num_feature":"2","num_nodes":"7","size_leaf_vector":"1"}},{"base_weights":[2.0078125E0,-5.7054996E1,1.04865776E2,-6.4043283E0,-7.5626373E-1,2.9972184E0,1.1983958E1],"categories":[],"categories_nodes":[],"categories_segments":[],"categories_sizes":[],"default_left":[0,0,0,0,0,0,0],"id":6,"left_children":[1,3,5,-1,-1,-1,-1],"loss_changes":[6.673392E4,1.9367305E3,8.9391406E2,0E0,0E0,0E0,0E0],"parents":[2147483647,0,0,1,1,2,2],"right_children":[2,4,6,-1,-1,-1,-1],"split_conditions":[7.9871607E-1,5.999623E-1,9.0150964E-1,-6.4043283E0,-7.5626373E-1,2.9972184E0,1.1983958E1],"split_indices":[0,0,0,0,0,0,0],"split_type":[0,0,0,0,0,0,0],"sum_hessian":[9E0,6E0,3E0,5E0,1E0,1E0,2E0],"tree_param":{"num_deleted":"0","num_feature":"2","num_nodes":"7","size_leaf_vector":"1"}},{"base_weights":[2.5890899E0,-5.237244E1,9.81245E1,-6.3530517E0,-1.6318167E0,2.8473573E0,1.1185028E1],"categories":[],"categories_nodes":[],"categories_segments":[],"categories_sizes":[],"default_left":[0,0,0,0,0,0,0],"id":7,"left_children":[1,3,5,-1,-1,-1,-1],"loss_changes":[5.764674E4,1.779373E3,6.3927734E2,0E0,0E0,0E0,0E0],"parents":[2147483647,0,0,1,1,2,2],"right_children":[2,4,6,-1,-1,-1,-1],"split_conditions":[7.9871607E-1,4.9966386E-1,9.0150964E-1,-6.3530517E0,-1.6318167E0,2.8473573E0,1.1185028E1],"split_indices":[0,0,0,0,0,0,0],"split_type":[0,0,0,0,0,0,0],"sum_hessian":[9E0,6E0,3E0,4E0,2E0,1E0,2E0],"tree_param":{"num_deleted":"0","num_feature":"2","num_nodes":"7","size_leaf_vector":"1"}},{"base_weights":[2.9349334E0,-4.827589E1,9.1820145E1,-5.844807E0,-1.5230297E0,2.7049897E0,1.043936E1],"categories":[],"categories_nodes":[],"categories_segments":[],"categories_sizes":[],"default_left":[0,0,0,0,0,0,0],"id":8,"left_children":[1,3,5,-1,-1,-1,-1],"loss_changes":[4.995155E4,1.4628418E3,4.3370703E2,0E0,0E0,0E0,0E0],"parents":[2147483647,0,0,1,1,2,2],"right_children":[2,4,6,-1,-1,-1,-1],"split_conditions":[7.9871607E-1,4.9966386E-1,9.0150964E-1,-5.844807E0,-1.5230297E0,2.7049897E0,1.043936E1],"split_indices":[0,0,0,0,0,0,0],"split_type":[0,0,0,0,0,0,0],"sum_hessian":[9E0,6E0,3E0,4E0,2E0,1E0,2E0],"tree_param":{"num_deleted":"0","num_feature":"2","num_nodes":"7","size_leaf_vector":"1"}},{"base_weights":[3.2190979E0,-4.4500843E1,8.592422E1,-5.8223953E0,-1.965252E1,2.5697403E0,9.7434025E0,-2.2465303E0,-5.6070864E-1],"categories":[],"categories_nodes":[],"categories_segments":[],"categories_sizes":[],"default_left":[0,0,0,0,0,0,0,0,0],"id":9,"left_children":[1,3,5,-1,7,-1,-1,-1,-1],"loss_changes":[4.3290535E4,1.2427266E3,2.689922E2,0E0,3.206201E1,0E0,0E0,0E0,0E0],"parents":[2147483647,0,0,1,1,2,2,4,4],"right_children":[2,4,6,-1,8,-1,-1,-1,-1],"split_conditions":[7.9871607E-1,4.0008754E-1,9.0150964E-1,-5.8223953E0,5.999623E-1,2.5697403E0,9.7434025E0,-2.2465303E0,-5.6070864E-1],"split_indices":[0,0,0,0,0,0,0,0,0],"split_type":[0,0,0,0,0,0,0,0,0],"sum_hessian":[9E0,6E0,3E0,3E0,3E0,1E0,2E0,2E0,1E0],"tree_param":{"num_deleted":"0","num_feature":"2","num_nodes":"9","size_leaf_vector":"1"}},{"base_weights":[3.2655334E0,-4.128357E1,8.041008E1,-4.6388584E1,-5.3267366E-1,2.4412537E0,9.093842E0,-5.3857164E0,-2.0967622E0],"categories":[],"categories_nodes":[],"categories_segments":[],"categories_sizes":[],"default_left":[0,0,0,0,0,0,0,0,0],"id":10,"left_children":[1,3,5,7,-1,-1,-1,-1,-1],"loss_changes":[3.7686816E4,1.0378223E3,1.3820508E2,9.893555E0,0E0,0E0,0E0,0E0,0E0],"parents":[2147483647,0,0,1,1,2,2,3,3],"right_children":[2,4,6,8,-1,-1,-1,-1,-1],"split_conditions":[7.9871607E-1,5.999623E-1,9.0150964E-1,4.0008754E-1,-5.3267366E-1,2.4412537E0,9.093842E0,-5.3857164E0,-2.0967622E0],"split_indices":[0,0,0,0,0,0,0,0,0],"split_type":[0,0,0,0,0,0,0,0,0],"sum_hessian":[9E0,6E0,3E0,5E0,1E0,1E0,2E0,3E0,2E0],"tree_param":{"num_deleted":"0","num_feature":"2","num_nodes":"9","size_leaf_vector":"1"}},{"base_weights":[3.290976E0,-3.8300232E1,7.5252846E1,-4.2996807E0,-5.0603944E-1,2.319191E0,8.487586E0],"categories":[],"categories_nodes":[],"categories_segments":[],"categories_sizes":[],"default_left":[0,0,0,0,0,0,0],"id":11,"left_children":[1,3,5,-1,-1,-1,-1],"loss_changes":[3.281201E4,8.752119E2,3.5498047E1,0E0,0E0,0E0,0E0],"parents":[2147483647,0,0,1,1,2,2],"right_children":[2,4,6,-1,-1,-1,-1],"split_conditions":[7.9871607E-1,5.999623E-1,9.0150964E-1,-4.2996807E0,-5.0603944E-1,2.319191E0,8.487586E0],"split_indices":[0,0,0,0,0,0,0],"split_type":[0,0,0,0,0,0,0],"sum_hessian":[9E0,6E0,3E0,5E0,1E0,1E0,2E0],"tree_param":{"num_deleted":"0","num_feature":"2","num_nodes":"7","size_leaf_vector":"1"}},{"base_weights":[3.5619874E0,-3.515674E1,7.0429263E0,-4.659312E0,-1.4931176E0],"categories":[],"categories_nodes":[],"categories_segments":[],"categories_sizes":[],"default_left":[0,0,0,0,0],"id":12,"left_children":[1,3,-1,-1,-1],"loss_changes":[2.836622E4,9.2345996E2,0E0,0E0,0E0],"parents":[2147483647,0,0,1,1],"right_children":[2,4,-1,-1,-1],"split_conditions":[7.9871607E-1,4.0008754E-1,7.0429263E0,-4.659312E0,-1.4931176E0],"split_indices":[0,0,0,0,0],"split_type":[0,0,0,0,0],"sum_hessian":[9E0,6E0,3E0,3E0,3E0],"tree_param":{"num_deleted":"0","num_feature":"2","num_nodes":"5","size_leaf_vector":"1"}},{"base_weights":[3.2948272E0,-3.2519993E1,6.514706E1,-4.309864E0,-1.3811348E1,1.851085E0,7.452218E0,-1.5707916E0,-4.0608215E-1],"categories":[],"categories_nodes":[],"categories_segments":[],"categories_sizes":[],"default_left":[0,0,0,0,0,0,0,0,0],"id":13,"left_children":[1,3,5,-1,7,-1,-1,-1,-1],"loss_changes":[2.4270848E4,7.901343E2,3.6941016E2,0E0,1.0183105E1,0E0,0E0,0E0,0E0],"parents":[2147483647,0,0,1,1,2,2,4,4],"right_children":[2,4,6,-1,8,-1,-1,-1,-1],"split_conditions":[7.9871607E-1,4.0008754E-1,9.0150964E-1,-4.309864E0,5.999623E-1,1.851085E0,7.452218E0,-1.5707916E0,-4.0608215E-1],"split_indices":[0,0,0,0,0,0,0,0,0],"split_type":[0,0,0,0,0,0,0,0,0],"sum_hessian":[9E0,6E0,3E0,3E0,3E0,1E0,2E0,2E0,1E0],"tree_param":{"num_deleted":"0","num_feature":"2","num_nodes":"9","size_leaf_vector":"1"}},{"base_weights":[3.2670074E0,-3.0166094E1,6.0958183E1,-3.9866235E0,-1.2924431E1,1.7585312E0,6.955404E0,-1.4660716E0,-3.857788E-1],"categories":[],"categories_nodes":[],"categories_segments":[],"categories_sizes":[],"default_left":[0,0,0,0,0,0,0,0,0],"id":14,"left_children":[1,3,5,-1,7,-1,-1,-1,-1],"loss_changes":[2.112682E4,6.5547754E2,2.6817773E2,0E0,6.411194E0,0E0,0E0,0E0,0E0],"parents":[2147483647,0,0,1,1,2,2,4,4],"right_children":[2,4,6,-1,8,-1,-1,-1,-1],"split_conditions":[7.9871607E-1,4.0008754E-1,9.0150964E-1,-3.9866235E0,5.999623E-1,1.7585312E0,6.955404E0,-1.4660716E0,-3.857788E-1],"split_indices":[0,0,0,0,0,0,0,0,0],"split_type":[0,0,0,0,0,0,0,0,0],"sum_hessian":[9E0,6E0,3E0,3E0,3E0,1E0,2E0,2E0,1E0],"tree_param":{"num_deleted":"0","num_feature":"2","num_nodes":"9","size_leaf_vector":"1"}},{"base_weights":[3.2278519E0,-2.7983557E1,5.7040855E1,-3.687627E0,-1.2094955E1,1.670604E0,6.4917116E0,-1.3683339E0,-3.664902E-1],"categories":[],"categories_nodes":[],"categories_segments":[],"categories_sizes":[],"default_left":[0,0,0,0,0,0,0,0,0],"id":15,"left_children":[1,3,5,-1,7,-1,-1,-1,-1],"loss_changes":[1.8392004E4,5.430327E2,1.8624219E2,0E0,3.4125977E0,0E0,0E0,0E0,0E0],"parents":[2147483647,0,0,1,1,2,2,4,4],"right_children":[2,4,6,-1,8,-1,-1,-1,-1],"split_conditions":[7.9871607E-1,4.0008754E-1,9.0150964E-1,-3.687627E0,5.999623E-1,1.670604E0,6.4917116E0,-1.3683339E0,-3.664902E-1],"split_indices":[0,0,0,0,0,0,0,0,0],"split_type":[0,0,0,0,0,0,0,0,0],"sum_hessian":[9E0,6E0,3E0,3E0,3E0,1E0,2E0,2E0,1E0],"tree_param":{"num_deleted":"0","num_feature":"2","num_nodes":"9","size_leaf_vector":"1"}},{"base_weights":[3.1790574E0,-2.5959837E1,5.3377357E1,-3.7542713E0,-1.3818143E1,1.5870743E0,6.0589314E0,-1.5531849E0,-3.481659E-1],"categories":[],"categories_nodes":[],"categories_segments":[],"categories_sizes":[],"default_left":[0,0,0,0,0,0,0,0,0],"id":16,"left_children":[1,3,5,-1,7,-1,-1,-1,-1],"loss_changes":[1.6012896E4,4.6568018E2,1.2038672E2,0E0,3.449182E1,0E0,0E0,0E0,0E0],"parents":[2147483647,0,0,1,1,2,2,4,4],"right_children":[2,4,6,-1,8,-1,-1,-1,-1],"split_conditions":[7.9871607E-1,2.9967272E-1,9.0150964E-1,-3.7542713E0,5.999623E-1,1.5870743E0,6.0589314E0,-1.5531849E0,-3.481659E-1],"split_indices":[0,0,0,0,0,0,0,0,0],"split_type":[0,0,0,0,0,0,0,0,0],"sum_hessian":[9E0,6E0,3E0,2E0,4E0,1E0,2E0,3E0,1E0],"tree_param":{"num_deleted":"0","num_feature":"2","num_nodes":"9","size_leaf_vector":"1"}},{"base_weights":[3.0601883E0,-2.4171795E1,4.995111E1,-3.5039868E0,-1.2816592E1,1.507721E0,5.6550007E0,-1.4366955E0,-3.3075714E-1],"categories":[],"categories_nodes":[],"categories_segments":[],"categories_sizes":[],"default_left":[0,0,0,0,0,0,0,0,0],"id":17,"left_children":[1,3,5,-1,7,-1,-1,-1,-1],"loss_changes":[1.3976736E4,4.147727E2,6.790039E1,0E0,2.6192444E1,0E0,0E0,0E0,0E0],"parents":[2147483647,0,0,1,1,2,2,4,4],"right_children":[2,4,6,-1,8,-1,-1,-1,-1],"split_conditions":[7.9871607E-1,2.9967272E-1,9.0150964E-1,-3.5039868E0,5.999623E-1,1.507721E0,5.6550007E0,-1.4366955E0,-3.3075714E-1],"split_indices":[0,0,0,0,0,0,0,0,0],"split_type":[0,0,0,0,0,0,0,0,0],"sum_hessian":[9E0,6E0,3E0,2E0,4E0,1E0,2E0,3E0,1E0],"tree_param":{"num_deleted":"0","num_feature":"2","num_nodes":"9","size_leaf_vector":"1"}},{"base_weights":[2.9432921E0,-2.2507677E1,4.6746666E1,-3.2703876E0,-1.1888422E1,1.4323349E0,5.277999E0,-1.3289429E0,-3.1421968E-1],"categories":[],"categories_nodes":[],"categories_segments":[],"categories_sizes":[],"default_left":[0,0,0,0,0,0,0,0,0],"id":18,"left_children":[1,3,5,-1,7,-1,-1,-1,-1],"loss_changes":[1.2200542E4,3.69135E2,2.6495117E1,0E0,1.9509644E1,0E0,0E0,0E0,0E0],"parents":[2147483647,0,0,1,1,2,2,4,4],"right_children":[2,4,6,-1,8,-1,-1,-1,-1],"split_conditions":[7.9871607E-1,2.9967272E-1,9.0150964E-1,-3.2703876E0,5.999623E-1,1.4323349E0,5.277999E0,-1.3289429E0,-3.1421968E-1],"split_indices":[0,0,0,0,0,0,0,0,0],"split_type":[0,0,0,0,0,0,0,0,0],"sum_hessian":[9E0,6E0,3E0,2E0,4E0,1E0,2E0,3E0,1E0],"tree_param":{"num_deleted":"0","num_feature":"2","num_nodes":"9","size_leaf_vector":"1"}},{"base_weights":[2.8286376E0,-2.0958845E1,4.3749576E0,-3.0523622E0,-1.1028211E1,-1.2292718E0,-2.985092E-1],"categories":[],"categories_nodes":[],"categories_segments":[],"categories_sizes":[],"default_left":[0,0,0,0,0,0,0],"id":19,"left_children":[1,3,-1,-1,5,-1,-1],"loss_changes":[1.0651001E4,3.282693E2,0E0,0E0,1.4157959E1,0E0,0E0],"parents":[2147483647,0,0,1,1,4,4],"right_children":[2,4,-1,-1,6,-1,-1],"split_conditions":[7.9871607E-1,2.9967272E-1,4.3749576E0,-3.0523622E0,5.999623E-1,-1.2292718E0,-2.985092E-1],"split_indices":[0,0,0,0,0,0,0],"split_type":[0,0,0,0,0,0,0],"sum_hessian":[9E0,6E0,3E0,2E0,4E0,3E0,1E0],"tree_param":{"num_deleted":"0","num_feature":"2","num_nodes":"7","size_leaf_vector":"1"}},{"base_weights":[2.5252624E0,-1.951726E1,4.046836E1,-2.5933022E0,-8.2221836E-1,1.1419693E0,4.6344686E0],"categories":[],"categories_nodes":[],"categories_segments":[],"categories_sizes":[],"default_left":[0,0,0,0,0,0,0],"id":20,"left_children":[1,3,5,-1,-1,-1,-1],"loss_changes":[9.153447E3,2.9403955E2,1.5355566E2,0E0,0E0,0E0,0E0],"parents":[2147483647,0,0,1,1,2,2],"right_children":[2,4,6,-1,-1,-1,-1],"split_conditions":[7.9871607E-1,4.0008754E-1,9.0150964E-1,-2.5933022E0,-8.2221836E-1,1.1419693E0,4.6344686E0],"split_indices":[0,0,0,0,0,0,0],"split_type":[0,0,0,0,0,0,0],"sum_hessian":[9E0,6E0,3E0,3E0,3E0,1E0,2E0],"tree_param":{"num_deleted":"0","num_feature":"2","num_nodes":"7","size_leaf_vector":"1"}},{"base_weights":[2.5088272E0,-1.8053469E1,3.786564E1,-2.6759837E0,-9.218954E0,1.0848709E0,4.325505E0,-1.0311329E0,-2.4247284E-1],"categories":[],"categories_nodes":[],"categories_segments":[],"categories_sizes":[],"default_left":[0,0,0,0,0,0,0,0,0],"id":21,"left_children":[1,3,5,-1,7,-1,-1,-1,-1],"loss_changes":[7.9537783E3,2.9171802E2,1.1315918E2,0E0,1.2106995E1,0E0,0E0,0E0,0E0],"parents":[2147483647,0,0,1,1,2,2,4,4],"right_children":[2,4,6,-1,8,-1,-1,-1,-1],"split_conditions":[7.9871607E-1,2.9967272E-1,9.0150964E-1,-2.6759837E0,5.999623E-1,1.0848709E0,4.325505E0,-1.0311329E0,-2.4247284E-1],"split_indices":[0,0,0,0,0,0,0,0,0],"split_type":[0,0,0,0,0,0,0,0,0],"sum_hessian":[9E0,6E0,3E0,2E0,4E0,1E0,2E0,3E0,1E0],"tree_param":{"num_deleted":"0","num_feature":"2","num_nodes":"9","size_leaf_vector":"1"}},{"base_weights":[2.4040208E0,-1.6812353E1,3.543167E1,-2.497585E0,-8.551785E0,1.5889872E0,4.7028537E0,-9.537983E-1,-2.3034973E-1],"categories":[],"categories_nodes":[],"categories_segments":[],"categories_sizes":[],"default_left":[0,0,0,0,0,0,0,0,0],"id":22,"left_children":[1,3,5,-1,7,-1,-1,-1,-1],"loss_changes":[6.942407E3,2.5845764E2,1.592168E2,0E0,8.839539E0,0E0,0E0,0E0,0E0],"parents":[2147483647,0,0,1,1,2,2,4,4],"right_children":[2,4,6,-1,8,-1,-1,-1,-1],"split_conditions":[7.9871607E-1,2.9967272E-1,1E0,-2.497585E0,5.999623E-1,1.5889872E0,4.7028537E0,-9.537983E-1,-2.3034973E-1],"split_indices":[0,0,0,0,0,0,0,0,0],"split_type":[0,0,0,0,0,0,0,0,0],"sum_hessian":[9E0,6E0,3E0,2E0,4E0,2E0,1E0,3E0,1E0],"tree_param":{"num_deleted":"0","num_feature":"2","num_nodes":"9","size_leaf_vector":"1"}},{"base_weights":[2.424626E0,-1.5657081E1,3.3461456E1,-2.3310792E0,-7.9334383E0,1.4830546E0,4.4677095E0,-8.822636E-1,-2.188324E-1],"categories":[],"categories_nodes":[],"categories_segments":[],"categories_sizes":[],"default_left":[0,0,0,0,0,0,0,0,0],"id":23,"left_children":[1,3,5,-1,7,-1,-1,-1,-1],"loss_changes":[6.1358975E3,2.2886682E2,1.7324463E2,0E0,6.235901E0,0E0,0E0,0E0,0E0],"parents":[2147483647,0,0,1,1,2,2,4,4],"right_children":[2,4,6,-1,8,-1,-1,-1,-1],"split_conditions":[7.9871607E-1,2.9967272E-1,1E0,-2.3310792E0,5.999623E-1,1.4830546E0,4.4677095E0,-8.822636E-1,-2.188324E-1],"split_indices":[0,0,0,0,0,0,0,0,0],"split_type":[0,0,0,0,0,0,0,0,0],"sum_hessian":[9E0,6E0,3E0,2E0,4E0,2E0,1E0,3E0,1E0],"tree_param":{"num_deleted":"0","num_feature":"2","num_nodes":"9","size_leaf_vector":"1"}},{"base_weights":[2.4340255E0,-1.458168E1,3.1603004E1,-2.1756735E0,-7.360312E0,1.3841847E0,4.2443237E0,-8.1609386E-1,-2.0789032E-1],"categories":[],"categories_nodes":[],"categories_segments":[],"categories_sizes":[],"default_left":[0,0,0,0,0,0,0,0,0],"id":24,"left_children":[1,3,5,-1,7,-1,-1,-1,-1],"loss_changes":[5.424133E3,2.0255957E2,1.8264746E2,0E0,4.1763916E0,0E0,0E0,0E0,0E0],"parents":[2147483647,0,0,1,1,2,2,4,4],"right_children":[2,4,6,-1,8,-1,-1,-1,-1],"split_conditions":[7.9871607E-1,2.9967272E-1,1E0,-2.1756735E0,5.999623E-1,1.3841847E0,4.2443237E0,-8.1609386E-1,-2.0789032E-1],"split_indices":[0,0,0,0,0,0,0,0,0],"split_type":[0,0,0,0,0,0,0,0,0],"sum_hessian":[9E0,6E0,3E0,2E0,4E0,2E0,1E0,3E0,1E0],"tree_param":{"num_deleted":"0","num_feature":"2","num_nodes":"9","size_leaf_vector":"1"}},{"base_weights":[2.433513E0,-1.3580604E1,2.9849838E1,-2.3479714E0,-8.017467E0,1.2919067E0,4.032108E0,-8.830976E-1,-1.9749604E-1],"categories":[],"categories_nodes":[],"categories_segments":[],"categories_sizes":[],"default_left":[0,0,0,0,0,0,0,0,0],"id":25,"left_children":[1,3,5,-1,7,-1,-1,-1,-1],"loss_changes":[4.7958613E3,1.9724292E2,1.8823389E2,0E0,1.2052948E1,0E0,0E0,0E0,0E0],"parents":[2147483647,0,0,1,1,2,2,4,4],"right_children":[2,4,6,-1,8,-1,-1,-1,-1],"split_conditions":[7.9871607E-1,2.0006132E-1,1E0,-2.3479714E0,5.999623E-1,1.2919067E0,4.032108E0,-8.830976E-1,-1.9749604E-1],"split_indices":[0,0,0,0,0,0,0,0,0],"split_type":[0,0,0,0,0,0,0,0,0],"sum_hessian":[9E0,6E0,3E0,1E0,5E0,2E0,1E0,4E0,1E0],"tree_param":{"num_deleted":"0","num_feature":"2","num_nodes":"9","size_leaf_vector":"1"}},{"base_weights":[2.3797073E0,-1.2712335E1,2.8195854E1,-2.2305725E0,-7.3958154E0,1.205779E0,3.8305023E0,-8.1244963E-1,-1.8762055E-1],"categories":[],"categories_nodes":[],"categories_segments":[],"categories_sizes":[],"default_left":[0,0,0,0,0,0,0,0,0],"id":26,"left_children":[1,3,5,-1,7,-1,-1,-1,-1],"loss_changes":[4.254619E3,1.9205505E2,1.906958E2,0E0,8.888977E0,0E0,0E0,0E0,0E0],"parents":[2147483647,0,0,1,1,2,2,4,4],"right_children":[2,4,6,-1,8,-1,-1,-1,-1],"split_conditions":[7.9871607E-1,2.0006132E-1,1E0,-2.2305725E0,5.999623E-1,1.205779E0,3.8305023E0,-8.1244963E-1,-1.8762055E-1],"split_indices":[0,0,0,0,0,0,0,0,0],"split_type":[0,0,0,0,0,0,0,0,0],"sum_hessian":[9E0,6E0,3E0,1E0,5E0,2E0,1E0,4E0,1E0],"tree_param":{"num_deleted":"0","num_feature":"2","num_nodes":"9","size_leaf_vector":"1"}},{"base_weights":[2.3223038E0,-1.190262E1,2.6635345E1,-2.1190438E0,-6.8229117E0,1.1253947E0,3.638977E0,-7.4745363E-1,-1.7823945E-1],"categories":[],"categories_nodes":[],"categories_segments":[],"categories_sizes":[],"default_left":[0,0,0,0,0,0,0,0,0],"id":27,"left_children":[1,3,5,-1,7,-1,-1,-1,-1],"loss_changes":[3.7755422E3,1.8567548E2,1.9061816E2,0E0,6.384552E0,0E0,0E0,0E0,0E0],"parents":[2147483647,0,0,1,1,2,2,4,4],"right_children":[2,4,6,-1,8,-1,-1,-1,-1],"split_conditions":[7.9871607E-1,2.0006132E-1,1E0,-2.1190438E0,5.999623E-1,1.1253947E0,3.638977E0,-7.4745363E-1,-1.7823945E-1],"split_indices":[0,0,0,0,0,0,0,0,0],"split_type":[0,0,0,0,0,0,0,0,0],"sum_hessian":[9E0,6E0,3E0,1E0,5E0,2E0,1E0,4E0,1E0],"tree_param":{"num_deleted":"0","num_feature":"2","num_nodes":"9","size_leaf_vector":"1"}},{"base_weights":[2.2620423E0,-1.1147317E1,2.516291E1,-2.0130913E0,-6.294899E0,1.0503693E0,3.4570282E0,-7.497532E-1,-2.593089E-1],"categories":[],"categories_nodes":[],"categories_segments":[],"categories_sizes":[],"default_left":[0,0,0,0,0,0,0,0,0],"id":28,"left_children":[1,3,5,-1,7,-1,-1,-1,-1],"loss_changes":[3.3513584E3,1.784231E2,1.8850317E2,0E0,7.26976E0,0E0,0E0,0E0,0E0],"parents":[2147483647,0,0,1,1,2,2,4,4],"right_children":[2,4,6,-1,8,-1,-1,-1,-1],"split_conditions":[7.9871607E-1,2.0006132E-1,1E0,-2.0130913E0,4.9966386E-1,1.0503693E0,3.4570282E0,-7.497532E-1,-2.593089E-1],"split_indices":[0,0,0,0,0,0,0,0,0],"split_type":[0,0,0,0,0,0,0,0,0],"sum_hessian":[9E0,6E0,3E0,1E0,5E0,2E0,1E0,3E0,2E0],"tree_param":{"num_deleted":"0","num_feature":"2","num_nodes":"9","size_leaf_vector":"1"}},{"base_weights":[2.184363E0,-1.046432E1,2.3773468E1,-1.9124367E0,-5.8335853E0,9.803447E-1,3.2841766E0,-6.935215E-1,-2.4202168E-1],"categories":[],"categories_nodes":[],"categories_segments":[],"categories_sizes":[],"default_left":[0,0,0,0,0,0,0,0,0],"id":29,"left_children":[1,3,5,-1,7,-1,-1,-1,-1],"loss_changes":[2.9795107E3,1.6915302E2,1.847749E2,0E0,5.7769012E0,0E0,0E0,0E0,0E0],"parents":[2147483647,0,0,1,1,2,2,4,4],"right_children":[2,4,6,-1,8,-1,-1,-1,-1],"split_conditions":[7.9871607E-1,2.0006132E-1,1E0,-1.9124367E0,4.9966386E-1,9.803447E-1,3.2841766E0,-6.935215E-1,-2.4202168E-1],"split_indices":[0,0,0,0,0,0,0,0,0],"split_type":[0,0,0,0,0,0,0,0,0],"sum_hessian":[9E0,6E0,3E0,1E0,5E0,2E0,1E0,3E0,2E0],"tree_param":{"num_deleted":"0","num_feature":"2","num_nodes":"9","size_leaf_vector":"1"}},{"base_weights":[2.1075835E0,-9.824738E0,2.246225E1,-1.8168153E0,-5.406143E0,9.149882E-1,3.1199677E0,-6.4150697E-1,-2.2588603E-1],"categories":[],"categories_nodes":[],"categories_segments":[],"categories_sizes":[],"default_left":[0,0,0,0,0,0,0,0,0],"id":30,"left_children":[1,3,5,-1,7,-1,-1,-1,-1],"loss_changes":[2.6494697E3,1.598435E2,1.7979004E2,0E0,4.5615234E0,0E0,0E0,0E0,0E0],"parents":[2147483647,0,0,1,1,2,2,4,4],"right_children":[2,4,6,-1,8,-1,-1,-1,-1],"split_conditions":[7.9871607E-1,2.0006132E-1,1E0,-1.8168153E0,4.9966386E-1,9.149882E-1,3.1199677E0,-6.4150697E-1,-2.2588603E-1],"split_indices":[0,0,0,0,0,0,0,0,0],"split_type":[0,0,0,0,0,0,0,0,0],"sum_hessian":[9E0,6E0,3E0,1E0,5E0,2E0,1E0,3E0,2E0],"tree_param":{"num_deleted":"0","num_feature":"2","num_nodes":"9","size_leaf_vector":"1"}},{"base_weights":[2.0319016E0,-9.2257185E0,2.1224762E1,-1.7259743E0,-5.0100913E0,8.539897E-1,2.963968E0,-5.9339374E-1,-2.1082662E-1],"categories":[],"categories_nodes":[],"categories_segments":[],"categories_sizes":[],"default_left":[0,0,0,0,0,0,0,0,0],"id":31,"left_children":[1,3,5,-1,7,-1,-1,-1,-1],"loss_changes":[2.3564731E3,1.5060626E2,1.7384863E2,0E0,3.5747223E0,0E0,0E0,0E0,0E0],"parents":[2147483647,0,0,1,1,2,2,4,4],"right_children":[2,4,6,-1,8,-1,-1,-1,-1],"split_conditions":[7.9871607E-1,2.0006132E-1,1E0,-1.7259743E0,4.9966386E-1,8.539897E-1,2.963968E0,-5.9339374E-1,-2.1082662E-1],"split_indices":[0,0,0,0,0,0,0,0,0],"split_type":[0,0,0,0,0,0,0,0,0],"sum_hessian":[9E0,6E0,3E0,1E0,5E0,2E0,1E0,3E0,2E0],"tree_param":{"num_deleted":"0","num_feature":"2","num_nodes":"9","size_leaf_vector":"1"}},{"base_weights":[1.9574814E0,-8.664605E0,2.0056763E1,-1.639676E0,-4.64312E0,7.970561E-1,2.8157685E0,-5.0820464E-1,-1.2242432E-1],"categories":[],"categories_nodes":[],"categories_segments":[],"categories_sizes":[],"default_left":[0,0,0,0,0,0,0,0,0],"id":32,"left_children":[1,3,5,-1,7,-1,-1,-1,-1],"loss_changes":[2.0963052E3,1.4153107E2,1.6720483E2,0E0,2.7821655E0,0E0,0E0,0E0,0E0],"parents":[2147483647,0,0,1,1,2,2,4,4],"right_children":[2,4,6,-1,8,-1,-1,-1,-1],"split_conditions":[7.9871607E-1,2.0006132E-1,1E0,-1.639676E0,5.999623E-1,7.970561E-1,2.8157685E0,-5.0820464E-1,-1.2242432E-1],"split_indices":[0,0,0,0,0,0,0,0,0],"split_type":[0,0,0,0,0,0,0,0,0],"sum_hessian":[9E0,6E0,3E0,1E0,5E0,2E0,1E0,4E0,1E0],"tree_param":{"num_deleted":"0","num_feature":"2","num_nodes":"9","size_leaf_vector":"1"}},{"base_weights":[1.8959854E0,-8.122469E0,1.8954285E1,-1.5576919E0,-4.2839074E0,7.4391884E-1,2.6749787E0,-5.107731E-1,-1.7575073E-1],"categories":[],"categories_nodes":[],"categories_segments":[],"categories_sizes":[],"default_left":[0,0,0,0,0,0,0,0,0],"id":33,"left_children":[1,3,5,-1,7,-1,-1,-1,-1],"loss_changes":[1.8629335E3,1.335705E2,1.6006714E2,0E0,3.510971E0,0E0,0E0,0E0,0E0],"parents":[2147483647,0,0,1,1,2,2,4,4],"right_children":[2,4,6,-1,8,-1,-1,-1,-1],"split_conditions":[7.9871607E-1,2.0006132E-1,1E0,-1.5576919E0,4.9966386E-1,7.4391884E-1,2.6749787E0,-5.107731E-1,-1.7575073E-1],"split_indices":[0,0,0,0,0,0,0,0,0],"split_type":[0,0,0,0,0,0,0,0,0],"sum_hessian":[9E0,6E0,3E0,1E0,5E0,2E0,1E0,3E0,2E0],"tree_param":{"num_deleted":"0","num_feature":"2","num_nodes":"9","size_leaf_vector":"1"}},{"base_weights":[1.8238556E0,-7.6308246E0,1.7913582E1,-1.4798073E0,-3.9699376E0,6.9432473E-1,2.5412292E0,-4.7246513E-1,-1.6403402E-1],"categories":[],"categories_nodes":[],"categories_segments":[],"categories_sizes":[],"default_left":[0,0,0,0,0,0,0,0,0],"id":34,"left_children":[1,3,5,-1,7,-1,-1,-1,-1],"loss_changes":[1.6579276E3,1.24921936E2,1.5260962E2,0E0,2.799034E0,0E0,0E0,0E0,0E0],"parents":[2147483647,0,0,1,1,2,2,4,4],"right_children":[2,4,6,-1,8,-1,-1,-1,-1],"split_conditions":[7.9871607E-1,2.0006132E-1,1E0,-1.4798073E0,4.9966386E-1,6.9432473E-1,2.5412292E0,-4.7246513E-1,-1.6403402E-1],"split_indices":[0,0,0,0,0,0,0,0,0],"split_type":[0,0,0,0,0,0,0,0,0],"sum_hessian":[9E0,6E0,3E0,1E0,5E0,2E0,1E0,3E0,2E0],"tree_param":{"num_deleted":"0","num_feature":"2","num_nodes":"9","size_leaf_vector":"1"}},{"base_weights":[1.7533875E0,-7.1700745E0,1.6931099E1,-1.4058167E0,-3.6790314E0,6.480357E-1,2.4141662E0,-4.370308E-1,-1.5309855E-1],"categories":[],"categories_nodes":[],"categories_segments":[],"categories_sizes":[],"default_left":[0,0,0,0,0,0,0,0,0],"id":35,"left_children":[1,3,5,-1,7,-1,-1,-1,-1],"loss_changes":[1.4757745E3,1.1660596E2,1.4497644E2,0E0,2.218483E0,0E0,0E0,0E0,0E0],"parents":[2147483647,0,0,1,1,2,2,4,4],"right_children":[2,4,6,-1,8,-1,-1,-1,-1],"split_conditions":[7.9871607E-1,2.0006132E-1,1E0,-1.4058167E0,4.9966386E-1,6.480357E-1,2.4141662E0,-4.370308E-1,-1.5309855E-1],"split_indices":[0,0,0,0,0,0,0,0,0],"split_type":[0,0,0,0,0,0,0,0,0],"sum_hessian":[9E0,6E0,3E0,1E0,5E0,2E0,1E0,3E0,2E0],"tree_param":{"num_deleted":"0","num_feature":"2","num_nodes":"9","size_leaf_vector":"1"}},{"base_weights":[1.6846756E0,-6.7382007E0,1.600354E1,-1.3355255E0,-3.4094822E0,6.04834E-1,2.293457E0,-4.0425378E-1,-1.4289145E-1],"categories":[],"categories_nodes":[],"categories_segments":[],"categories_sizes":[],"default_left":[0,0,0,0,0,0,0,0,0],"id":36,"left_children":[1,3,5,-1,7,-1,-1,-1,-1],"loss_changes":[1.3138953E3,1.0864966E2,1.3728308E2,0E0,1.7464218E0,0E0,0E0,0E0,0E0],"parents":[2147483647,0,0,1,1,2,2,4,4],"right_children":[2,4,6,-1,8,-1,-1,-1,-1],"split_conditions":[7.9871607E-1,2.0006132E-1,1E0,-1.3355255E0,4.9966386E-1,6.04834E-1,2.293457E0,-4.0425378E-1,-1.4289145E-1],"split_indices":[0,0,0,0,0,0,0,0,0],"split_type":[0,0,0,0,0,0,0,0,0],"sum_hessian":[9E0,6E0,3E0,1E0,5E0,2E0,1E0,3E0,2E0],"tree_param":{"num_deleted":"0","num_feature":"2","num_nodes":"9","size_leaf_vector":"1"}},{"base_weights":[1.6177658E0,-4.8860035E0,1.8421897E0,-1.2687492E0,-1.9590062E0,-3.159729E0,2.6226655E-1,-3.7393495E-1,-1.3336588E-1],"categories":[],"categories_nodes":[],"categories_segments":[],"categories_sizes":[],"default_left":[0,0,0,0,0,0,0,0,0],"id":37,"left_children":[1,3,-1,-1,5,7,-1,-1,-1],"loss_changes":[1.1829113E3,1.578246E2,0E0,0E0,4.6796135E1,1.3635483E0,0E0,0E0,0E0],"parents":[2147483647,0,0,1,1,4,4,5,5],"right_children":[2,4,-1,-1,6,8,-1,-1,-1],"split_conditions":[9.0150964E-1,2.0006132E-1,1.8421897E0,-1.2687492E0,7.9871607E-1,4.9966386E-1,2.6226655E-1,-3.7393495E-1,-1.3336588E-1],"split_indices":[0,0,0,0,0,0,0,0,0],"split_type":[0,0,0,0,0,0,0,0,0],"sum_hessian":[9E0,7E0,2E0,1E0,6E0,5E0,1E0,3E0,2E0],"tree_param":{"num_deleted":"0","num_feature":"2","num_nodes":"9","size_leaf_vector":"1"}},{"base_weights":[1.4888337E0,-4.586628E0,1.7193787E1,-1.2053117E0,-1.7981131E0,4.9239197E-1,2.0866761E0,-2.9283092E0,2.4915314E-1,-3.4589005E-1,-1.244751E-1],"categories":[],"categories_nodes":[],"categories_segments":[],"categories_sizes":[],"default_left":[0,0,0,0,0,0,0,0,0,0,0],"id":38,"left_children":[1,3,5,-1,7,-1,-1,9,-1,-1,-1],"loss_changes":[1.0330099E3,1.4489044E2,3.2454468E1,0E0,4.123295E1,0E0,0E0,1.0542183E0,0E0,0E0,0E0],"parents":[2147483647,0,0,1,1,2,2,4,4,7,7],"right_children":[2,4,6,-1,8,-1,-1,10,-1,-1,-1],"split_conditions":[9.0150964E-1,2.0006132E-1,1E0,-1.2053117E0,7.9871607E-1,4.9239197E-1,2.0866761E0,4.9966386E-1,2.4915314E-1,-3.4589005E-1,-1.244751E-1],"split_indices":[0,0,0,0,0,0,0,0,0,0,0],"split_type":[0,0,0,0,0,0,0,0,0,0,0],"sum_hessian":[9E0,7E0,2E0,1E0,6E0,1E0,1E0,5E0,1E0,3E0,2E0],"tree_param":{"num_deleted":"0","num_feature":"2","num_nodes":"11","size_leaf_vector":"1"}},{"base_weights":[1.4552078E0,-4.30628E0,1.6334106E1,-1.1450462E0,-1.6499023E0,4.6777344E-1,1.9823426E0,-2.7138722E0,2.3669587E-1,-2.97016E-1,-7.162171E-2],"categories":[],"categories_nodes":[],"categories_segments":[],"categories_sizes":[],"default_left":[0,0,0,0,0,0,0,0,0,0,0],"id":39,"left_children":[1,3,5,-1,7,-1,-1,9,-1,-1,-1],"loss_changes":[9.275852E2,1.3292902E2,2.9289673E1,0E0,3.6340363E1,0E0,0E0,9.445648E-1,0E0,0E0,0E0],"parents":[2147483647,0,0,1,1,2,2,4,4,7,7],"right_children":[2,4,6,-1,8,-1,-1,10,-1,-1,-1],"split_conditions":[9.0150964E-1,2.0006132E-1,1E0,-1.1450462E0,7.9871607E-1,4.6777344E-1,1.9823426E0,5.999623E-1,2.3669587E-1,-2.97016E-1,-7.162171E-2],"split_indices":[0,0,0,0,0,0,0,0,0,0,0],"split_type":[0,0,0,0,0,0,0,0,0,0,0],"sum_hessian":[9E0,7E0,2E0,1E0,6E0,1E0,1E0,5E0,1E0,4E0,1E0],"tree_param":{"num_deleted":"0","num_feature":"2","num_nodes":"11","size_leaf_vector":"1"}},{"base_weights":[1.4269989E0,-4.0352745E0,1.5517395E1,-1.0877937E0,-1.5037602E0,4.4438478E-1,1.8832245E0,-2.5039241E0,2.2486115E-1,-2.9767266E-1,-1.0388794E-1],"categories":[],"categories_nodes":[],"categories_segments":[],"categories_sizes":[],"default_left":[0,0,0,0,0,0,0,0,0,0,0],"id":40,"left_children":[1,3,5,-1,7,-1,-1,9,-1,-1,-1],"loss_changes":[8.322729E2,1.2222058E2,2.6433777E1,0E0,3.1901257E1,0E0,0E0,1.0636024E0,0E0,0E0,0E0],"parents":[2147483647,0,0,1,1,2,2,4,4,7,7],"right_children":[2,4,6,-1,8,-1,-1,10,-1,-1,-1],"split_conditions":[9.0150964E-1,2.0006132E-1,1E0,-1.0877937E0,7.9871607E-1,4.4438478E-1,1.8832245E0,4.9966386E-1,2.2486115E-1,-2.9767266E-1,-1.0388794E-1],"split_indices":[0,0,0,0,0,0,0,0,0,0,0],"split_type":[0,0,0,0,0,0,0,0,0,0,0],"sum_hessian":[9E0,7E0,2E0,1E0,6E0,1E0,1E0,5E0,1E0,3E0,2E0],"tree_param":{"num_deleted":"0","num_feature":"2","num_nodes":"11","size_leaf_vector":"1"}},{"base_weights":[1.3906066E0,-3.7898102E0,1.4741516E1,-1.0334038E0,-1.3786294E0,4.2216492E-1,1.7890625E0,-2.3204625E0,2.1361847E-1,-2.7534753E-1,-9.696248E-2],"categories":[],"categories_nodes":[],"categories_segments":[],"categories_sizes":[],"default_left":[0,0,0,0,0,0,0,0,0,0,0],"id":41,"left_children":[1,3,5,-1,7,-1,-1,9,-1,-1,-1],"loss_changes":[7.475003E2,1.1198772E2,2.385669E1,0E0,2.8129513E1,0E0,0E0,8.3974075E-1,0E0,0E0,0E0],"parents":[2147483647,0,0,1,1,2,2,4,4,7,7],"right_children":[2,4,6,-1,8,-1,-1,10,-1,-1,-1],"split_conditions":[9.0150964E-1,2.0006132E-1,1E0,-1.0334038E0,7.9871607E-1,4.2216492E-1,1.7890625E0,4.9966386E-1,2.1361847E-1,-2.7534753E-1,-9.696248E-2],"split_indices":[0,0,0,0,0,0,0,0,0,0,0],"split_type":[0,0,0,0,0,0,0,0,0,0,0],"sum_hessian":[9E0,7E0,2E0,1E0,6E0,1E0,1E0,5E0,1E0,3E0,2E0],"tree_param":{"num_deleted":"0","num_feature":"2","num_nodes":"11","size_leaf_vector":"1"}},{"base_weights":[1.3534546E0,-3.559845E0,1.4004436E1,-9.8173374E-1,-1.2634408E0,4.010559E-1,1.6996094E0,-2.150472E0,2.0293732E-1,-2.5469667E-1,-9.049886E-2],"categories":[],"categories_nodes":[],"categories_segments":[],"categories_sizes":[],"default_left":[0,0,0,0,0,0,0,0,0,0,0],"id":42,"left_children":[1,3,5,-1,7,-1,-1,9,-1,-1,-1],"loss_changes":[6.7143414E2,1.0255422E2,2.1530945E1,0E0,2.4809912E1,0E0,0E0,6.579876E-1,0E0,0E0,0E0],"parents":[2147483647,0,0,1,1,2,2,4,4,7,7],"right_children":[2,4,6,-1,8,-1,-1,10,-1,-1,-1],"split_conditions":[9.0150964E-1,2.0006132E-1,1E0,-9.8173374E-1,7.9871607E-1,4.010559E-1,1.6996094E0,4.9966386E-1,2.0293732E-1,-2.5469667E-1,-9.049886E-2],"split_indices":[0,0,0,0,0,0,0,0,0,0,0],"split_type":[0,0,0,0,0,0,0,0,0,0,0],"sum_hessian":[9E0,7E0,2E0,1E0,6E0,1E0,1E0,5E0,1E0,3E0,2E0],"tree_param":{"num_deleted":"0","num_feature":"2","num_nodes":"11","size_leaf_vector":"1"}},{"base_weights":[1.3157761E0,-3.3443623E0,1.3304219E1,-9.3264693E-1,-1.1574228E0,3.810028E-1,1.6146301E0,-1.9929606E0,1.9279023E-1,-2.3559418E-1,-8.4466554E-2],"categories":[],"categories_nodes":[],"categories_segments":[],"categories_sizes":[],"default_left":[0,0,0,0,0,0,0,0,0,0,0],"id":43,"left_children":[1,3,5,-1,7,-1,-1,9,-1,-1,-1],"loss_changes":[6.031722E2,9.386539E1,1.9431946E1,0E0,2.1887573E1,0E0,0E0,5.108738E-1,0E0,0E0,0E0],"parents":[2147483647,0,0,1,1,2,2,4,4,7,7],"right_children":[2,4,6,-1,8,-1,-1,10,-1,-1,-1],"split_conditions":[9.0150964E-1,2.0006132E-1,1E0,-9.3264693E-1,7.9871607E-1,3.810028E-1,1.6146301E0,4.9966386E-1,1.9279023E-1,-2.3559418E-1,-8.4466554E-2],"split_indices":[0,0,0,0,0,0,0,0,0,0,0],"split_type":[0,0,0,0,0,0,0,0,0,0,0],"sum_hessian":[9E0,7E0,2E0,1E0,6E0,1E0,1E0,5E0,1E0,3E0,2E0],"tree_param":{"num_deleted":"0","num_feature":"2","num_nodes":"11","size_leaf_vector":"1"}},{"base_weights":[1.2777755E0,-3.1424122E0,1.2639018E1,-7.381887E0,-4.989395E-1,3.6195374E-1,1.533899E0,-8.860146E-1,-2.2126846E-1,-1.3313325E-1,1.8315125E-1],"categories":[],"categories_nodes":[],"categories_segments":[],"categories_sizes":[],"default_left":[0,0,0,0,0,0,0,0,0,0,0],"id":44,"left_children":[1,3,5,7,9,-1,-1,-1,-1,-1,-1],"loss_changes":[5.419052E2,8.597237E1,1.7536987E1,3.3195496E0,1.4077462E1,0E0,0E0,0E0,0E0,0E0,0E0],"parents":[2147483647,0,0,1,1,2,2,3,3,4,4],"right_children":[2,4,6,8,10,-1,-1,-1,-1,-1,-1],"split_conditions":[9.0150964E-1,2.9967272E-1,1E0,2.0006132E-1,7.9871607E-1,3.6195374E-1,1.533899E0,-8.860146E-1,-2.2126846E-1,-1.3313325E-1,1.8315125E-1],"split_indices":[0,0,0,0,0,0,0,0,0,0,0],"split_type":[0,0,0,0,0,0,0,0,0,0,0],"sum_hessian":[9E0,7E0,2E0,2E0,5E0,1E0,1E0,1E0,1E0,4E0,1E0],"tree_param":{"num_deleted":"0","num_feature":"2","num_nodes":"11","size_leaf_vector":"1"}},{"base_weights":[1.2338623E0,-2.9603271E0,1.200708E1,-7.012792E0,-4.4070688E-1,3.438568E-1,1.4572052E0,-8.417137E-1,-2.1020508E-1,-1.22481994E-1,1.7399292E-1],"categories":[],"categories_nodes":[],"categories_segments":[],"categories_sizes":[],"default_left":[0,0,0,0,0,0,0,0,0,0,0],"id":45,"left_children":[1,3,5,7,9,-1,-1,-1,-1,-1,-1],"loss_changes":[4.8739407E2,7.859479E1,1.5826965E1,2.9958801E0,1.239029E1,0E0,0E0,0E0,0E0,0E0,0E0],"parents":[2147483647,0,0,1,1,2,2,3,3,4,4],"right_children":[2,4,6,8,10,-1,-1,-1,-1,-1,-1],"split_conditions":[9.0150964E-1,2.9967272E-1,1E0,2.0006132E-1,7.9871607E-1,3.438568E-1,1.4572052E0,-8.417137E-1,-2.1020508E-1,-1.22481994E-1,1.7399292E-1],"split_indices":[0,0,0,0,0,0,0,0,0,0,0],"split_type":[0,0,0,0,0,0,0,0,0,0,0],"sum_hessian":[9E0,7E0,2E0,2E0,5E0,1E0,1E0,1E0,1E0,4E0,1E0],"tree_param":{"num_deleted":"0","num_feature":"2","num_nodes":"11","size_leaf_vector":"1"}},{"base_weights":[1.190538E0,-2.7893467E0,1.1406718E1,-6.66215E0,-3.880539E-1,3.2666323E-1,1.3843445E0,-7.996277E-1,-1.9969483E-1,-1.1268403E-1,1.6529389E-1],"categories":[],"categories_nodes":[],"categories_segments":[],"categories_sizes":[],"default_left":[0,0,0,0,0,0,0,0,0,0,0],"id":46,"left_children":[1,3,5,7,9,-1,-1,-1,-1,-1,-1],"loss_changes":[4.384095E2,7.181261E1,1.4284058E1,2.7037659E0,1.0909742E1,0E0,0E0,0E0,0E0,0E0,0E0],"parents":[2147483647,0,0,1,1,2,2,3,3,4,4],"right_children":[2,4,6,8,10,-1,-1,-1,-1,-1,-1],"split_conditions":[9.0150964E-1,2.9967272E-1,1E0,2.0006132E-1,7.9871607E-1,3.2666323E-1,1.3843445E0,-7.996277E-1,-1.9969483E-1,-1.1268403E-1,1.6529389E-1],"split_indices":[0,0,0,0,0,0,0,0,0,0,0],"split_type":[0,0,0,0,0,0,0,0,0,0,0],"sum_hessian":[9E0,7E0,2E0,2E0,5E0,1E0,1E0,1E0,1E0,4E0,1E0],"tree_param":{"num_deleted":"0","num_feature":"2","num_nodes":"11","size_leaf_vector":"1"}},{"base_weights":[1.1479126E0,-2.6287537E0,1.0836385E1,-6.329046E0,-3.404821E-1,3.103302E-1,1.3151276E0,-7.596466E-1,-1.8971024E-1,-1.0366974E0,1.5702973E-1,-1.14168935E-1,-3.0836487E-2],"categories":[],"categories_nodes":[],"categories_segments":[],"categories_sizes":[],"default_left":[0,0,0,0,0,0,0,0,0,0,0,0,0],"id":47,"left_children":[1,3,5,7,9,-1,-1,-1,-1,11,-1,-1,-1],"loss_changes":[3.9438748E2,6.558325E1,1.2891327E1,2.4401398E0,9.609806E0,0E0,0E0,0E0,0E0,3.0288696E-2,0E0,0E0,0E0],"parents":[2147483647,0,0,1,1,2,2,3,3,4,4,9,9],"right_children":[2,4,6,8,10,-1,-1,-1,-1,12,-1,-1,-1],"split_conditions":[9.0150964E-1,2.9967272E-1,1E0,2.0006132E-1,7.9871607E-1,3.103302E-1,1.3151276E0,-7.596466E-1,-1.8971024E-1,5.999623E-1,1.5702973E-1,-1.14168935E-1,-3.0836487E-2],"split_indices":[0,0,0,0,0,0,0,0,0,0,0,0,0],"split_type":[0,0,0,0,0,0,0,0,0,0,0,0,0],"sum_hessian":[9E0,7E0,2E0,2E0,5E0,1E0,1E0,1E0,1E0,4E0,1E0,3E0,1E0],"tree_param":{"num_deleted":"0","num_feature":"2","num_nodes":"13","size_leaf_vector":"1"}},{"base_weights":[1.1019332E0,-2.4830494E0,1.0294576E1,-6.0125937E0,-3.0443573E-1,2.9481506E-1,1.2493714E0,-7.216644E-1,-1.8022461E-1,-9.620331E-1,1.4917755E-1,-1.0560646E-1,-2.929535E-2],"categories":[],"categories_nodes":[],"categories_segments":[],"categories_sizes":[],"default_left":[0,0,0,0,0,0,0,0,0,0,0,0,0],"id":48,"left_children":[1,3,5,7,9,-1,-1,-1,-1,11,-1,-1,-1],"loss_changes":[3.5511658E2,5.9685658E1,1.1634064E1,2.2022476E0,8.522241E0,0E0,0E0,0E0,0E0,5.195141E-3,0E0,0E0,0E0],"parents":[2147483647,0,0,1,1,2,2,3,3,4,4,9,9],"right_children":[2,4,6,8,10,-1,-1,-1,-1,12,-1,-1,-1],"split_conditions":[9.0150964E-1,2.9967272E-1,1E0,2.0006132E-1,7.9871607E-1,2.9481506E-1,1.2493714E0,-7.216644E-1,-1.8022461E-1,5.999623E-1,1.4917755E-1,-1.0560646E-1,-2.929535E-2],"split_indices":[0,0,0,0,0,0,0,0,0,0,0,0,0],"split_type":[0,0,0,0,0,0,0,0,0,0,0,0,0],"sum_hessian":[9E0,7E0,2E0,2E0,5E0,1E0,1E0,1E0,1E0,4E0,1E0,3E0,1E0],"tree_param":{"num_deleted":"0","num_feature":"2","num_nodes":"13","size_leaf_vector":"1"}},{"base_weights":[1.057399E0,-2.3456936E0,9.779846E0,-5.711965E0,-2.7160898E-1,2.8007507E-1,1.1869019E0,-6.855812E-1,-1.7121354E-1,-8.92807E-2,1.4171906E-1],"categories":[],"categories_nodes":[],"categories_segments":[],"categories_sizes":[],"default_left":[0,0,0,0,0,0,0,0,0,0,0],"id":49,"left_children":[1,3,5,7,9,-1,-1,-1,-1,-1,-1],"loss_changes":[3.1977347E2,5.430403E1,1.049942E1,1.987503E0,7.5597515E0,0E0,0E0,0E0,0E0,0E0,0E0],"parents":[2147483647,0,0,1,1,2,2,3,3,4,4],"right_children":[2,4,6,8,10,-1,-1,-1,-1,-1,-1],"split_conditions":[9.0150964E-1,2.9967272E-1,1E0,2.0006132E-1,7.9871607E-1,2.8007507E-1,1.1869019E0,-6.855812E-1,-1.7121354E-1,-8.92807E-2,1.4171906E-1],"split_indices":[0,0,0,0,0,0,0,0,0,0,0],"split_type":[0,0,0,0,0,0,0,0,0,0,0],"sum_hessian":[9E0,7E0,2E0,2E0,5E0,1E0,1E0,1E0,1E0,4E0,1E0],"tree_param":{"num_deleted":"0","num_feature":"2","num_nodes":"11","size_leaf_vector":"1"}},{"base_weights":[1.017923E0,-2.211666E0,9.290853E0,-5.4263663E0,-2.3570506E-1,2.6607057E-1,1.1275574E0,-6.5130234E-1,-1.626526E-1,-8.213776E-1,1.3463287E-1,-9.098931E-2,-2.3365784E-2],"categories":[],"categories_nodes":[],"categories_segments":[],"categories_sizes":[],"default_left":[0,0,0,0,0,0,0,0,0,0,0,0,0],"id":50,"left_children":[1,3,5,7,9,-1,-1,-1,-1,11,-1,-1,-1],"loss_changes":[2.8772992E2,4.953795E1,9.476013E0,1.7937775E0,6.6651664E0,0E0,0E0,0E0,0E0,4.7507763E-2,0E0,0E0,0E0],"parents":[2147483647,0,0,1,1,2,2,3,3,4,4,9,9],"right_children":[2,4,6,8,10,-1,-1,-1,-1,12,-1,-1,-1],"split_conditions":[9.0150964E-1,2.9967272E-1,1E0,2.0006132E-1,7.9871607E-1,2.6607057E-1,1.1275574E0,-6.5130234E-1,-1.626526E-1,5.999623E-1,1.3463287E-1,-9.098931E-2,-2.3365784E-2],"split_indices":[0,0,0,0,0,0,0,0,0,0,0,0,0],"split_type":[0,0,0,0,0,0,0,0,0,0,0,0,0],"sum_hessian":[9E0,7E0,2E0,2E0,5E0,1E0,1E0,1E0,1E0,4E0,1E0,3E0,1E0],"tree_param":{"num_deleted":"0","num_feature":"2","num_nodes":"13","size_leaf_vector":"1"}},{"base_weights":[9.761292E-1,-2.0897064E0,8.826314E0,-5.1550446E0,-2.0875295E-1,2.5276795E-1,1.0711793E0,-6.1873704E-1,-1.5451966E-1,-7.621063E-1,1.279007E-1,-8.416481E-2,-2.2196962E-2],"categories":[],"categories_nodes":[],"categories_segments":[],"categories_sizes":[],"default_left":[0,0,0,0,0,0,0,0,0,0,0,0,0],"id":51,"left_children":[1,3,5,7,9,-1,-1,-1,-1,11,-1,-1,-1],"loss_changes":[2.5911816E2,4.5049942E1,8.551819E0,1.6189041E0,5.914281E0,0E0,0E0,0E0,0E0,2.7996778E-2,0E0,0E0,0E0],"parents":[2147483647,0,0,1,1,2,2,3,3,4,4,9,9],"right_children":[2,4,6,8,10,-1,-1,-1,-1,12,-1,-1,-1],"split_conditions":[9.0150964E-1,2.9967272E-1,1E0,2.0006132E-1,7.9871607E-1,2.5276795E-1,1.0711793E0,-6.1873704E-1,-1.5451966E-1,5.999623E-1,1.279007E-1,-8.416481E-2,-2.2196962E-2],"split_indices":[0,0,0,0,0,0,0,0,0,0,0,0,0],"split_type":[0,0,0,0,0,0,0,0,0,0,0,0,0],"sum_hessian":[9E0,7E0,2E0,2E0,5E0,1E0,1E0,1E0,1E0,4E0,1E0,3E0,1E0],"tree_param":{"num_deleted":"0","num_feature":"2","num_nodes":"13","size_leaf_vector":"1"}},{"base_weights":[9.357437E-1,-1.974699E0,8.38501E0,-4.897288E0,-1.8428802E-1,2.4013062E-1,1.0176209E0,-5.8779985E-1,-1.4679337E-1,-7.071686E-1,1.2150574E-1,-8.621979E-2,-3.1641643E-2],"categories":[],"categories_nodes":[],"categories_segments":[],"categories_sizes":[],"default_left":[0,0,0,0,0,0,0,0,0,0,0,0,0],"id":52,"left_children":[1,3,5,7,9,-1,-1,-1,-1,11,-1,-1,-1],"loss_changes":[2.333645E2,4.0958572E1,7.717819E0,1.4611053E0,5.2493935E0,0E0,0E0,0E0,0E0,3.0076504E-2,0E0,0E0,0E0],"parents":[2147483647,0,0,1,1,2,2,3,3,4,4,9,9],"right_children":[2,4,6,8,10,-1,-1,-1,-1,12,-1,-1,-1],"split_conditions":[9.0150964E-1,2.9967272E-1,1E0,2.0006132E-1,7.9871607E-1,2.4013062E-1,1.0176209E0,-5.8779985E-1,-1.4679337E-1,4.9966386E-1,1.2150574E-1,-8.621979E-2,-3.1641643E-2],"split_indices":[0,0,0,0,0,0,0,0,0,0,0,0,0],"split_type":[0,0,0,0,0,0,0,0,0,0,0,0,0],"sum_hessian":[9E0,7E0,2E0,2E0,5E0,1E0,1E0,1E0,1E0,4E0,1E0,2E0,2E0],"tree_param":{"num_deleted":"0","num_feature":"2","num_nodes":"13","size_leaf_vector":"1"}},{"base_weights":[8.9484864E-1,-1.8685989E0,7.9657593E0,-4.6524253E0,-1.6525269E-1,2.28125E-1,9.667389E-1,-5.5840987E-1,-1.3945389E-1,-6.6002196E-1,1.1542969E-1,-8.0471806E-2,-2.953186E-2],"categories":[],"categories_nodes":[],"categories_segments":[],"categories_sizes":[],"default_left":[0,0,0,0,0,0,0,0,0,0,0,0,0],"id":53,"left_children":[1,3,5,7,9,-1,-1,-1,-1,11,-1,-1,-1],"loss_changes":[2.1028574E2,3.7165733E1,6.9650574E0,1.3186188E0,4.6790967E0,0E0,0E0,0E0,0E0,2.6207447E-2,0E0,0E0,0E0],"parents":[2147483647,0,0,1,1,2,2,3,3,4,4,9,9],"right_children":[2,4,6,8,10,-1,-1,-1,-1,12,-1,-1,-1],"split_conditions":[9.0150964E-1,2.9967272E-1,1E0,2.0006132E-1,7.9871607E-1,2.28125E-1,9.667389E-1,-5.5840987E-1,-1.3945389E-1,4.9966386E-1,1.1542969E-1,-8.0471806E-2,-2.953186E-2],"split_indices":[0,0,0,0,0,0,0,0,0,0,0,0,0],"split_type":[0,0,0,0,0,0,0,0,0,0,0,0,0],"sum_hessian":[9E0,7E0,2E0,2E0,5E0,1E0,1E0,1E0,1E0,4E0,1E0,2E0,2E0],"tree_param":{"num_deleted":"0","num_feature":"2","num_nodes":"13","size_leaf_vector":"1"}},{"base_weights":[8.556076E-1,-1.7682896E0,7.5674644E0,-4.419805E0,-1.4781697E-1,2.1671753E-1,9.1840214E-1,-5.304894E-1,-1.3248138E-1,-6.160156E-1,1.09658815E-1,-7.5106815E-2,-2.756246E-2],"categories":[],"categories_nodes":[],"categories_segments":[],"categories_sizes":[],"default_left":[0,0,0,0,0,0,0,0,0,0,0,0,0],"id":54,"left_children":[1,3,5,7,9,-1,-1,-1,-1,11,-1,-1,-1],"loss_changes":[1.8949368E2,3.3720337E1,6.2862396E0,1.1900291E0,4.171288E0,0E0,0E0,0E0,0E0,2.284038E-2,0E0,0E0,0E0],"parents":[2147483647,0,0,1,1,2,2,3,3,4,4,9,9],"right_children":[2,4,6,8,10,-1,-1,-1,-1,12,-1,-1,-1],"split_conditions":[9.0150964E-1,2.9967272E-1,1E0,2.0006132E-1,7.9871607E-1,2.1671753E-1,9.1840214E-1,-5.304894E-1,-1.3248138E-1,4.9966386E-1,1.09658815E-1,-7.5106815E-2,-2.756246E-2],"split_indices":[0,0,0,0,0,0,0,0,0,0,0,0,0],"split_type":[0,0,0,0,0,0,0,0,0,0,0,0,0],"sum_hessian":[9E0,7E0,2E0,2E0,5E0,1E0,1E0,1E0,1E0,4E0,1E0,2E0,2E0],"tree_param":{"num_deleted":"0","num_feature":"2","num_nodes":"13","size_leaf_vector":"1"}},{"base_weights":[8.1795806E-1,-1.67346E0,7.189087E0,-4.198817E0,-1.3187154E-1,2.0588075E-1,8.724823E-1,-5.03965E-1,-1.2585755E-1,-5.749512E-1,1.04176335E-1,-7.00999E-2,-2.5725303E-2],"categories":[],"categories_nodes":[],"categories_segments":[],"categories_sizes":[],"default_left":[0,0,0,0,0,0,0,0,0,0,0,0,0],"id":55,"left_children":[1,3,5,7,9,-1,-1,-1,-1,11,-1,-1,-1],"loss_changes":[1.707621E2,3.0590786E1,5.673538E0,1.0739746E0,3.7190452E0,0E0,0E0,0E0,0E0,1.989162E-2,0E0,0E0,0E0],"parents":[2147483647,0,0,1,1,2,2,3,3,4,4,9,9],"right_children":[2,4,6,8,10,-1,-1,-1,-1,12,-1,-1,-1],"split_conditions":[9.0150964E-1,2.9967272E-1,1E0,2.0006132E-1,7.9871607E-1,2.0588075E-1,8.724823E-1,-5.03965E-1,-1.2585755E-1,4.9966386E-1,1.04176335E-1,-7.00999E-2,-2.5725303E-2],"split_indices":[0,0,0,0,0,0,0,0,0,0,0,0,0],"split_type":[0,0,0,0,0,0,0,0,0,0,0,0,0],"sum_hessian":[9E0,7E0,2E0,2E0,5E0,1E0,1E0,1E0,1E0,4E0,1E0,2E0,2E0],"tree_param":{"num_deleted":"0","num_feature":"2","num_nodes":"13","size_leaf_vector":"1"}},{"base_weights":[7.818497E-1,-1.5837994E0,6.8296304E0,-3.9888763E0,-1.1729431E-1,1.9558716E-1,8.288574E-1,-4.7876665E-1,-1.19564824E-1,-5.366211E-1,9.896698E-2,-5.93956E-2,-1.5364075E-2],"categories":[],"categories_nodes":[],"categories_segments":[],"categories_sizes":[],"default_left":[0,0,0,0,0,0,0,0,0,0,0,0,0],"id":56,"left_children":[1,3,5,7,9,-1,-1,-1,-1,11,-1,-1,-1],"loss_changes":[1.5388605E2,2.7748585E1,5.120224E0,9.692459E-1,3.316156E0,0E0,0E0,0E0,0E0,1.853478E-2,0E0,0E0,0E0],"parents":[2147483647,0,0,1,1,2,2,3,3,4,4,9,9],"right_children":[2,4,6,8,10,-1,-1,-1,-1,12,-1,-1,-1],"split_conditions":[9.0150964E-1,2.9967272E-1,1E0,2.0006132E-1,7.9871607E-1,1.9558716E-1,8.288574E-1,-4.7876665E-1,-1.19564824E-1,5.999623E-1,9.896698E-2,-5.93956E-2,-1.5364075E-2],"split_indices":[0,0,0,0,0,0,0,0,0,0,0,0,0],"split_type":[0,0,0,0,0,0,0,0,0,0,0,0,0],"sum_hessian":[9E0,7E0,2E0,2E0,5E0,1E0,1E0,1E0,1E0,4E0,1E0,3E0,1E0],"tree_param":{"num_deleted":"0","num_feature":"2","num_nodes":"13","size_leaf_vector":"1"}},{"base_weights":[7.486984E-1,-1.4971867E0,6.488159E0,-3.7894337E0,-1.0153198E-1,1.8580933E-1,7.8741455E-1,-4.5482865E-1,-1.13586426E-1,-4.979126E-1,9.4018556E-2,-6.1466474E-2,-2.1518962E-2],"categories":[],"categories_nodes":[],"categories_segments":[],"categories_sizes":[],"default_left":[0,0,0,0,0,0,0,0,0,0,0,0,0],"id":57,"left_children":[1,3,5,7,9,-1,-1,-1,-1,11,-1,-1,-1],"loss_changes":[1.3861568E2,2.5208735E1,4.62072E0,8.747673E-1,2.94563E0,0E0,0E0,0E0,0E0,3.2773137E-2,0E0,0E0,0E0],"parents":[2147483647,0,0,1,1,2,2,3,3,4,4,9,9],"right_children":[2,4,6,8,10,-1,-1,-1,-1,12,-1,-1,-1],"split_conditions":[9.0150964E-1,2.9967272E-1,1E0,2.0006132E-1,7.9871607E-1,1.8580933E-1,7.8741455E-1,-4.5482865E-1,-1.13586426E-1,4.9966386E-1,9.4018556E-2,-6.1466474E-2,-2.1518962E-2],"split_indices":[0,0,0,0,0,0,0,0,0,0,0,0,0],"split_type":[0,0,0,0,0,0,0,0,0,0,0,0,0],"sum_hessian":[9E0,7E0,2E0,2E0,5E0,1E0,1E0,1E0,1E0,4E0,1E0,2E0,2E0],"tree_param":{"num_deleted":"0","num_feature":"2","num_nodes":"13","size_leaf_vector":"1"}},{"base_weights":[7.154129E-1,-1.4171429E0,6.1637573E0,-3.5999603E0,-8.954366E-2,1.7651978E-1,7.4804384E-1,-4.3208694E-1,-1.0790711E-1,-4.6472168E-1,8.931732E-2,-5.7368975E-2,-2.0084636E-2],"categories":[],"categories_nodes":[],"categories_segments":[],"categories_sizes":[],"default_left":[0,0,0,0,0,0,0,0,0,0,0,0,0],"id":58,"left_children":[1,3,5,7,9,-1,-1,-1,-1,11,-1,-1,-1],"loss_changes":[1.249239E2,2.2860899E1,4.1700516E0,7.894707E-1,2.6272397E0,0E0,0E0,0E0,0E0,2.8546453E-2,0E0,0E0,0E0],"parents":[2147483647,0,0,1,1,2,2,3,3,4,4,9,9],"right_children":[2,4,6,8,10,-1,-1,-1,-1,12,-1,-1,-1],"split_conditions":[9.0150964E-1,2.9967272E-1,1E0,2.0006132E-1,7.9871607E-1,1.7651978E-1,7.4804384E-1,-4.3208694E-1,-1.0790711E-1,4.9966386E-1,8.931732E-2,-5.7368975E-2,-2.0084636E-2],"split_indices":[0,0,0,0,0,0,0,0,0,0,0,0,0],"split_type":[0,0,0,0,0,0,0,0,0,0,0,0,0],"sum_hessian":[9E0,7E0,2E0,2E0,5E0,1E0,1E0,1E0,1E0,4E0,1E0,2E0,2E0],"tree_param":{"num_deleted":"0","num_feature":"2","num_nodes":"13","size_leaf_vector":"1"}},{"base_weights":[6.835144E-1,-1.3414459E0,5.8555703E0,-3.4199626E0,-7.861328E-2,1.6769409E-1,7.106415E-1,-4.104828E-1,-1.025116E-1,-4.3374023E-1,8.485108E-2,-5.354411E-2,-1.874593E-2],"categories":[],"categories_nodes":[],"categories_segments":[],"categories_sizes":[],"default_left":[0,0,0,0,0,0,0,0,0,0,0,0,0],"id":59,"left_children":[1,3,5,7,9,-1,-1,-1,-1,11,-1,-1,-1],"loss_changes":[1.1258702E2,2.0729694E1,3.7634048E0,7.125168E-1,2.3435135E0,0E0,0E0,0E0,0E0,2.4861455E-2,0E0,0E0,0E0],"parents":[2147483647,0,0,1,1,2,2,3,3,4,4,9,9],"right_children":[2,4,6,8,10,-1,-1,-1,-1,12,-1,-1,-1],"split_conditions":[9.0150964E-1,2.9967272E-1,1E0,2.0006132E-1,7.9871607E-1,1.6769409E-1,7.106415E-1,-4.104828E-1,-1.025116E-1,4.9966386E-1,8.485108E-2,-5.354411E-2,-1.874593E-2],"split_indices":[0,0,0,0,0,0,0,0,0,0,0,0,0],"split_type":[0,0,0,0,0,0,0,0,0,0,0,0,0],"sum_hessian":[9E0,7E0,2E0,2E0,5E0,1E0,1E0,1E0,1E0,4E0,1E0,2E0,2E0],"tree_param":{"num_deleted":"0","num_feature":"2","num_nodes":"13","size_leaf_vector":"1"}},{"base_weights":[6.529495E-1,-1.2698574E0,5.5627847E0,-3.2489674E0,-6.865946E-2,1.5930787E-1,6.7510986E-1,-3.8995895E-1,-9.7386174E-2,-4.048279E-1,8.0609135E-2,-4.9974572E-2,-1.7496746E-2],"categories":[],"categories_nodes":[],"categories_segments":[],"categories_sizes":[],"default_left":[0,0,0,0,0,0,0,0,0,0,0,0,0],"id":60,"left_children":[1,3,5,7,9,-1,-1,-1,-1,11,-1,-1,-1],"loss_changes":[1.0147061E2,1.879535E1,3.3967285E0,6.430416E-1,2.0907097E0,0E0,0E0,0E0,0E0,2.1649957E-2,0E0,0E0,0E0],"parents":[2147483647,0,0,1,1,2,2,3,3,4,4,9,9],"right_children":[2,4,6,8,10,-1,-1,-1,-1,12,-1,-1,-1],"split_conditions":[9.0150964E-1,2.9967272E-1,1E0,2.0006132E-1,7.9871607E-1,1.5930787E-1,6.7510986E-1,-3.8995895E-1,-9.7386174E-2,4.9966386E-1,8.0609135E-2,-4.9974572E-2,-1.7496746E-2],"split_indices":[0,0,0,0,0,0,0,0,0,0,0,0,0],"split_type":[0,0,0,0,0,0,0,0,0,0,0,0,0],"sum_hessian":[9E0,7E0,2E0,2E0,5E0,1E0,1E0,1E0,1E0,4E0,1E0,2E0,2E0],"tree_param":{"num_deleted":"0","num_feature":"2","num_nodes":"13","size_leaf_vector":"1"}},{"base_weights":[6.2367404E-1,-1.2021503E0,5.2846475E0,-3.0865223E0,-5.9605915E-2,1.5134278E-1,6.413544E-1,-3.704613E-1,-9.251709E-2,-3.7784424E-1,7.657929E-2,-4.6643067E-2,-1.6330974E-2],"categories":[],"categories_nodes":[],"categories_segments":[],"categories_sizes":[],"default_left":[0,0,0,0,0,0,0,0,0,0,0,0,0],"id":61,"left_children":[1,3,5,7,9,-1,-1,-1,-1,11,-1,-1,-1],"loss_changes":[9.145413E1,1.7039856E1,3.065506E0,5.803299E-1,1.8653914E0,0E0,0E0,0E0,0E0,1.8851638E-2,0E0,0E0,0E0],"parents":[2147483647,0,0,1,1,2,2,3,3,4,4,9,9],"right_children":[2,4,6,8,10,-1,-1,-1,-1,12,-1,-1,-1],"split_conditions":[9.0150964E-1,2.9967272E-1,1E0,2.0006132E-1,7.9871607E-1,1.5134278E-1,6.413544E-1,-3.704613E-1,-9.251709E-2,4.9966386E-1,7.657929E-2,-4.6643067E-2,-1.6330974E-2],"split_indices":[0,0,0,0,0,0,0,0,0,0,0,0,0],"split_type":[0,0,0,0,0,0,0,0,0,0,0,0,0],"sum_hessian":[9E0,7E0,2E0,2E0,5E0,1E0,1E0,1E0,1E0,4E0,1E0,2E0,2E0],"tree_param":{"num_deleted":"0","num_feature":"2","num_nodes":"13","size_leaf_vector":"1"}},{"base_weights":[5.956375E-1,-1.1381054E0,5.0204062E0,-2.932195E0,-5.1376343E-2,1.4377442E-1,6.092865E-1,-3.5193786E-1,-8.789139E-2,-3.5265502E-1,7.275086E-2,-4.3533325E-2,-1.5242512E-2],"categories":[],"categories_nodes":[],"categories_segments":[],"categories_sizes":[],"default_left":[0,0,0,0,0,0,0,0,0,0,0,0,0],"id":62,"left_children":[1,3,5,7,9,-1,-1,-1,-1,11,-1,-1,-1],"loss_changes":[8.2427864E1,1.5446868E1,2.7667923E0,5.237293E-1,1.664528E0,0E0,0E0,0E0,0E0,1.6417503E-2,0E0,0E0,0E0],"parents":[2147483647,0,0,1,1,2,2,3,3,4,4,9,9],"right_children":[2,4,6,8,10,-1,-1,-1,-1,12,-1,-1,-1],"split_conditions":[9.0150964E-1,2.9967272E-1,1E0,2.0006132E-1,7.9871607E-1,1.4377442E-1,6.092865E-1,-3.5193786E-1,-8.789139E-2,4.9966386E-1,7.275086E-2,-4.3533325E-2,-1.5242512E-2],"split_indices":[0,0,0,0,0,0,0,0,0,0,0,0,0],"split_type":[0,0,0,0,0,0,0,0,0,0,0,0,0],"sum_hessian":[9E0,7E0,2E0,2E0,5E0,1E0,1E0,1E0,1E0,4E0,1E0,2E0,2E0],"tree_param":{"num_deleted":"0","num_feature":"2","num_nodes":"13","size_leaf_vector":"1"}},{"base_weights":[5.687866E-1,-1.0775299E0,4.7693686E0,-2.7855835E0,-4.3914795E-2,1.3658448E-1,5.788208E-1,-3.3434066E-1,-8.349686E-2,-3.2915038E-1,6.911316E-2,-4.0631104E-2,-1.4227295E-2],"categories":[],"categories_nodes":[],"categories_segments":[],"categories_sizes":[],"default_left":[0,0,0,0,0,0,0,0,0,0,0,0,0],"id":63,"left_children":[1,3,5,7,9,-1,-1,-1,-1,11,-1,-1,-1],"loss_changes":[7.429401E1,1.4001433E1,2.4971466E0,4.7265434E-1,1.4854547E0,0E0,0E0,0E0,0E0,1.4290869E-2,0E0,0E0,0E0],"parents":[2147483647,0,0,1,1,2,2,3,3,4,4,9,9],"right_children":[2,4,6,8,10,-1,-1,-1,-1,12,-1,-1,-1],"split_conditions":[9.0150964E-1,2.9967272E-1,1E0,2.0006132E-1,7.9871607E-1,1.3658448E-1,5.788208E-1,-3.3434066E-1,-8.349686E-2,4.9966386E-1,6.911316E-2,-4.0631104E-2,-1.4227295E-2],"split_indices":[0,0,0,0,0,0,0,0,0,0,0,0,0],"split_type":[0,0,0,0,0,0,0,0,0,0,0,0,0],"sum_hessian":[9E0,7E0,2E0,2E0,5E0,1E0,1E0,1E0,1E0,4E0,1E0,2E0,2E0],"tree_param":{"num_deleted":"0","num_feature":"2","num_nodes":"13","size_leaf_vector":"1"}},{"base_weights":[5.430893E-1,-1.0202274E0,4.5309043E0,-2.6463063E0,-3.7150066E-2,1.2975465E-1,5.49881E-1,-3.176239E-1,-7.9322055E-2,-3.0720824E-1,6.565704E-2,-4.3916322E-2,-1.644287E-2],"categories":[],"categories_nodes":[],"categories_segments":[],"categories_sizes":[],"default_left":[0,0,0,0,0,0,0,0,0,0,0,0,0],"id":64,"left_children":[1,3,5,7,9,-1,-1,-1,-1,11,-1,-1,-1],"loss_changes":[6.696472E1,1.2690182E1,2.2537956E0,4.265747E-1,1.3257732E0,0E0,0E0,0E0,0E0,2.1991313E-2,0E0,0E0,0E0],"parents":[2147483647,0,0,1,1,2,2,3,3,4,4,9,9],"right_children":[2,4,6,8,10,-1,-1,-1,-1,12,-1,-1,-1],"split_conditions":[9.0150964E-1,2.9967272E-1,1E0,2.0006132E-1,7.9871607E-1,1.2975465E-1,5.49881E-1,-3.176239E-1,-7.9322055E-2,4.0008754E-1,6.565704E-2,-4.3916322E-2,-1.644287E-2],"split_indices":[0,0,0,0,0,0,0,0,0,0,0,0,0],"split_type":[0,0,0,0,0,0,0,0,0,0,0,0,0],"sum_hessian":[9E0,7E0,2E0,2E0,5E0,1E0,1E0,1E0,1E0,4E0,1E0,1E0,3E0],"tree_param":{"num_deleted":"0","num_feature":"2","num_nodes":"13","size_leaf_vector":"1"}},{"base_weights":[5.175827E-1,-9.6715736E-1,4.304362E0,-2.5139923E0,-3.2546997E-2,1.232666E-1,5.223877E-1,-3.0174255E-1,-7.53563E-2,-2.8855592E-1,6.237488E-2,-4.172058E-2,-1.5209198E-2],"categories":[],"categories_nodes":[],"categories_segments":[],"categories_sizes":[],"default_left":[0,0,0,0,0,0,0,0,0,0,0,0,0],"id":65,"left_children":[1,3,5,7,9,-1,-1,-1,-1,11,-1,-1,-1],"loss_changes":[6.0386826E1,1.1483681E1,2.0341187E0,3.8495445E-1,1.1880918E0,0E0,0E0,0E0,0E0,2.4326712E-2,0E0,0E0,0E0],"parents":[2147483647,0,0,1,1,2,2,3,3,4,4,9,9],"right_children":[2,4,6,8,10,-1,-1,-1,-1,12,-1,-1,-1],"split_conditions":[9.0150964E-1,2.9967272E-1,1E0,2.0006132E-1,7.9871607E-1,1.232666E-1,5.223877E-1,-3.0174255E-1,-7.53563E-2,4.0008754E-1,6.237488E-2,-4.172058E-2,-1.5209198E-2],"split_indices":[0,0,0,0,0,0,0,0,0,0,0,0,0],"split_type":[0,0,0,0,0,0,0,0,0,0,0,0,0],"sum_hessian":[9E0,7E0,2E0,2E0,5E0,1E0,1E0,1E0,1E0,4E0,1E0,1E0,3E0],"tree_param":{"num_deleted":"0","num_feature":"2","num_nodes":"13","size_leaf_vector":"1"}},{"base_weights":[4.93219E-1,-9.1690063E-1,4.089132E0,-2.3882904E0,-2.8388977E-2,1.1710205E-1,4.962677E-1,-2.8665543E-1,-7.1588136E-2,-2.710907E-1,5.9255984E-2,-3.9634705E-2,-1.4068985E-2],"categories":[],"categories_nodes":[],"categories_segments":[],"categories_sizes":[],"default_left":[0,0,0,0,0,0,0,0,0,0,0,0,0],"id":66,"left_children":[1,3,5,7,9,-1,-1,-1,-1,11,-1,-1,-1],"loss_changes":[5.4455997E1,1.0390974E1,1.835907E0,3.4744644E-1,1.0648695E0,0E0,0E0,0E0,0E0,2.5905669E-2,0E0,0E0,0E0],"parents":[2147483647,0,0,1,1,2,2,3,3,4,4,9,9],"right_children":[2,4,6,8,10,-1,-1,-1,-1,12,-1,-1,-1],"split_conditions":[9.0150964E-1,2.9967272E-1,1E0,2.0006132E-1,7.9871607E-1,1.1710205E-1,4.962677E-1,-2.8665543E-1,-7.1588136E-2,4.0008754E-1,5.9255984E-2,-3.9634705E-2,-1.4068985E-2],"split_indices":[0,0,0,0,0,0,0,0,0,0,0,0,0],"split_type":[0,0,0,0,0,0,0,0,0,0,0,0,0],"sum_hessian":[9E0,7E0,2E0,2E0,5E0,1E0,1E0,1E0,1E0,4E0,1E0,1E0,3E0],"tree_param":{"num_deleted":"0","num_feature":"2","num_nodes":"13","size_leaf_vector":"1"}},{"base_weights":[4.6996155E-1,-8.69297E-1,3.8846638E0,-2.2688751E0,-2.4625143E-2,1.1124573E-1,4.7145388E-1,-2.7232286E-1,-6.800842E-2,-2.5472108E-1,5.6292724E-2,-3.765259E-2,-1.301384E-2],"categories":[],"categories_nodes":[],"categories_segments":[],"categories_sizes":[],"default_left":[0,0,0,0,0,0,0,0,0,0,0,0,0],"id":67,"left_children":[1,3,5,7,9,-1,-1,-1,-1,11,-1,-1,-1],"loss_changes":[4.910862E1,9.401603E0,1.657032E0,3.1359196E-1,9.545499E-1,0E0,0E0,0E0,0E0,2.687338E-2,0E0,0E0,0E0],"parents":[2147483647,0,0,1,1,2,2,3,3,4,4,9,9],"right_children":[2,4,6,8,10,-1,-1,-1,-1,12,-1,-1,-1],"split_conditions":[9.0150964E-1,2.9967272E-1,1E0,2.0006132E-1,7.9871607E-1,1.1124573E-1,4.7145388E-1,-2.7232286E-1,-6.800842E-2,4.0008754E-1,5.6292724E-2,-3.765259E-2,-1.301384E-2],"split_indices":[0,0,0,0,0,0,0,0,0,0,0,0,0],"split_type":[0,0,0,0,0,0,0,0,0,0,0,0,0],"sum_hessian":[9E0,7E0,2E0,2E0,5E0,1E0,1E0,1E0,1E0,4E0,1E0,1E0,3E0],"tree_param":{"num_deleted":"0","num_feature":"2","num_nodes":"13","size_leaf_vector":"1"}},{"base_weights":[4.4776154E-1,-8.242092E-1,3.6904297E0,-2.155431E0,-2.1230062E-2,1.0568237E-1,4.478821E-1,-2.5870666E-1,-6.4608E-2,-2.3938599E-1,5.3477477E-2,-3.5769653E-2,-1.2038422E-2],"categories":[],"categories_nodes":[],"categories_segments":[],"categories_sizes":[],"default_left":[0,0,0,0,0,0,0,0,0,0,0,0,0],"id":68,"left_children":[1,3,5,7,9,-1,-1,-1,-1,11,-1,-1,-1],"loss_changes":[4.4287476E1,8.505788E0,1.4956093E0,2.8301716E-1,8.557921E-1,0E0,0E0,0E0,0E0,2.733481E-2,0E0,0E0,0E0],"parents":[2147483647,0,0,1,1,2,2,3,3,4,4,9,9],"right_children":[2,4,6,8,10,-1,-1,-1,-1,12,-1,-1,-1],"split_conditions":[9.0150964E-1,2.9967272E-1,1E0,2.0006132E-1,7.9871607E-1,1.0568237E-1,4.478821E-1,-2.5870666E-1,-6.4608E-2,4.0008754E-1,5.3477477E-2,-3.5769653E-2,-1.2038422E-2],"split_indices":[0,0,0,0,0,0,0,0,0,0,0,0,0],"split_type":[0,0,0,0,0,0,0,0,0,0,0,0,0],"sum_hessian":[9E0,7E0,2E0,2E0,5E0,1E0,1E0,1E0,1E0,4E0,1E0,1E0,3E0],"tree_param":{"num_deleted":"0","num_feature":"2","num_nodes":"13","size_leaf_vector":"1"}},{"base_weights":[4.265732E-1,-7.8149605E-1,3.5059001E0,-2.0476582E0,-1.8165588E-2,1.0039673E-1,4.254883E-1,-2.4577104E-1,-6.1377715E-2,-2.2501525E-1,5.080414E-2,-3.3981323E-2,-1.1136246E-2],"categories":[],"categories_nodes":[],"categories_segments":[],"categories_sizes":[],"default_left":[0,0,0,0,0,0,0,0,0,0,0,0,0],"id":69,"left_children":[1,3,5,7,9,-1,-1,-1,-1,11,-1,-1,-1],"loss_changes":[3.9940247E1,7.6948047E0,1.3499489E0,2.5541115E-1,7.673915E-1,0E0,0E0,0E0,0E0,2.7393103E-2,0E0,0E0,0E0],"parents":[2147483647,0,0,1,1,2,2,3,3,4,4,9,9],"right_children":[2,4,6,8,10,-1,-1,-1,-1,12,-1,-1,-1],"split_conditions":[9.0150964E-1,2.9967272E-1,1E0,2.0006132E-1,7.9871607E-1,1.0039673E-1,4.254883E-1,-2.4577104E-1,-6.1377715E-2,4.0008754E-1,5.080414E-2,-3.3981323E-2,-1.1136246E-2],"split_indices":[0,0,0,0,0,0,0,0,0,0,0,0,0],"split_type":[0,0,0,0,0,0,0,0,0,0,0,0,0],"sum_hessian":[9E0,7E0,2E0,2E0,5E0,1E0,1E0,1E0,1E0,4E0,1E0,1E0,3E0],"tree_param":{"num_deleted":"0","num_feature":"2","num_nodes":"13","size_leaf_vector":"1"}},{"base_weights":[4.0635833E-1,-7.4102974E-1,3.3306072E0,-1.9452769E0,-1.5401204E-2,9.537659E-2,4.0421447E-1,-2.3348236E-1,-5.8309175E-2,-2.1153565E-1,4.826355E-2,-3.228226E-2,-1.0300827E-2],"categories":[],"categories_nodes":[],"categories_segments":[],"categories_sizes":[],"default_left":[0,0,0,0,0,0,0,0,0,0,0,0,0],"id":70,"left_children":[1,3,5,7,9,-1,-1,-1,-1,11,-1,-1,-1],"loss_changes":[3.602056E1,6.9607286E0,1.2183762E0,2.3048782E-1,6.8818754E-1,0E0,0E0,0E0,0E0,2.7135015E-2,0E0,0E0,0E0],"parents":[2147483647,0,0,1,1,2,2,3,3,4,4,9,9],"right_children":[2,4,6,8,10,-1,-1,-1,-1,12,-1,-1,-1],"split_conditions":[9.0150964E-1,2.9967272E-1,1E0,2.0006132E-1,7.9871607E-1,9.537659E-2,4.0421447E-1,-2.3348236E-1,-5.8309175E-2,4.0008754E-1,4.826355E-2,-3.228226E-2,-1.0300827E-2],"split_indices":[0,0,0,0,0,0,0,0,0,0,0,0,0],"split_type":[0,0,0,0,0,0,0,0,0,0,0,0,0],"sum_hessian":[9E0,7E0,2E0,2E0,5E0,1E0,1E0,1E0,1E0,4E0,1E0,1E0,3E0],"tree_param":{"num_deleted":"0","num_feature":"2","num_nodes":"13","size_leaf_vector":"1"}},{"base_weights":[3.8706818E-1,-7.026882E-1,3.1640625E0,-1.8480123E0,-1.2911479E-2,9.060669E-2,3.840027E-1,-2.2180787E-1,-5.5393983E-2,-1.988922E-1,4.584961E-2,-3.0667877E-2,-9.527588E-3],"categories":[],"categories_nodes":[],"categories_segments":[],"categories_sizes":[],"default_left":[0,0,0,0,0,0,0,0,0,0,0,0,0],"id":71,"left_children":[1,3,5,7,9,-1,-1,-1,-1,11,-1,-1,-1],"loss_changes":[3.248582E1,6.296283E0,1.0996532E0,2.0799637E-1,6.172277E-1,0E0,0E0,0E0,0E0,2.6623145E-2,0E0,0E0,0E0],"parents":[2147483647,0,0,1,1,2,2,3,3,4,4,9,9],"right_children":[2,4,6,8,10,-1,-1,-1,-1,12,-1,-1,-1],"split_conditions":[9.0150964E-1,2.9967272E-1,1E0,2.0006132E-1,7.9871607E-1,9.060669E-2,3.840027E-1,-2.2180787E-1,-5.5393983E-2,4.0008754E-1,4.584961E-2,-3.0667877E-2,-9.527588E-3],"split_indices":[0,0,0,0,0,0,0,0,0,0,0,0,0],"split_type":[0,0,0,0,0,0,0,0,0,0,0,0,0],"sum_hessian":[9E0,7E0,2E0,2E0,5E0,1E0,1E0,1E0,1E0,4E0,1E0,1E0,3E0],"tree_param":{"num_deleted":"0","num_feature":"2","num_nodes":"13","size_leaf_vector":"1"}},{"base_weights":[3.6866608E-1,-6.6636467E-1,3.0058594E0,-1.7556152E0,-1.0678609E-2,8.6077884E-2,3.6480102E-1,-2.1071778E-1,-5.2624512E-2,-1.8704529E-1,4.355774E-2,-2.9134369E-2,-8.813477E-3],"categories":[],"categories_nodes":[],"categories_segments":[],"categories_sizes":[],"default_left":[0,0,0,0,0,0,0,0,0,0,0,0,0],"id":72,"left_children":[1,3,5,7,9,-1,-1,-1,-1,11,-1,-1,-1],"loss_changes":[2.929876E1,5.6949034E0,9.922676E-1,1.8770885E-1,5.5370086E-1,0E0,0E0,0E0,0E0,2.5903523E-2,0E0,0E0,0E0],"parents":[2147483647,0,0,1,1,2,2,3,3,4,4,9,9],"right_children":[2,4,6,8,10,-1,-1,-1,-1,12,-1,-1,-1],"split_conditions":[9.0150964E-1,2.9967272E-1,1E0,2.0006132E-1,7.9871607E-1,8.6077884E-2,3.6480102E-1,-2.1071778E-1,-5.2624512E-2,4.0008754E-1,4.355774E-2,-2.9134369E-2,-8.813477E-3],"split_indices":[0,0,0,0,0,0,0,0,0,0,0,0,0],"split_type":[0,0,0,0,0,0,0,0,0,0,0,0,0],"sum_hessian":[9E0,7E0,2E0,2E0,5E0,1E0,1E0,1E0,1E0,4E0,1E0,1E0,3E0],"tree_param":{"num_deleted":"0","num_feature":"2","num_nodes":"13","size_leaf_vector":"1"}},{"base_weights":[3.5111848E-1,-6.3194084E-1,2.8555706E0,-1.6678314E0,-8.672078E-3,8.1774905E-2,3.465607E-1,-2.0018159E-1,-4.9993135E-2,-1.7592773E-1,4.1380312E-2,-2.7677918E-2,-8.152008E-3],"categories":[],"categories_nodes":[],"categories_segments":[],"categories_sizes":[],"default_left":[0,0,0,0,0,0,0,0,0,0,0,0,0],"id":73,"left_children":[1,3,5,7,9,-1,-1,-1,-1,11,-1,-1,-1],"loss_changes":[2.6424799E1,5.1506424E0,8.9543915E-1,1.694107E-1,4.967676E-1,0E0,0E0,0E0,0E0,2.5042683E-2,0E0,0E0,0E0],"parents":[2147483647,0,0,1,1,2,2,3,3,4,4,9,9],"right_children":[2,4,6,8,10,-1,-1,-1,-1,12,-1,-1,-1],"split_conditions":[9.0150964E-1,2.9967272E-1,1E0,2.0006132E-1,7.9871607E-1,8.1774905E-2,3.465607E-1,-2.0018159E-1,-4.9993135E-2,4.0008754E-1,4.1380312E-2,-2.7677918E-2,-8.152008E-3],"split_indices":[0,0,0,0,0,0,0,0,0,0,0,0,0],"split_type":[0,0,0,0,0,0,0,0,0,0,0,0,0],"sum_hessian":[9E0,7E0,2E0,2E0,5E0,1E0,1E0,1E0,1E0,4E0,1E0,1E0,3E0],"tree_param":{"num_deleted":"0","num_feature":"2","num_nodes":"13","size_leaf_vector":"1"}},{"base_weights":[3.34375E-1,-5.993271E-1,2.7127888E0,-1.5844421E0,-6.881714E-3,7.768555E-2,3.2923278E-1,-1.9017258E-1,-4.7493745E-2,-1.6550294E-1,3.931122E-2,-2.6293946E-2,-7.5408937E-3],"categories":[],"categories_nodes":[],"categories_segments":[],"categories_sizes":[],"default_left":[0,0,0,0,0,0,0,0,0,0,0,0,0],"id":74,"left_children":[1,3,5,7,9,-1,-1,-1,-1,11,-1,-1,-1],"loss_changes":[2.3833147E1,4.658111E0,8.081856E-1,1.5288258E-1,4.4574633E-1,0E0,0E0,0E0,0E0,2.4064243E-2,0E0,0E0,0E0],"parents":[2147483647,0,0,1,1,2,2,3,3,4,4,9,9],"right_children":[2,4,6,8,10,-1,-1,-1,-1,12,-1,-1,-1],"split_conditions":[9.0150964E-1,2.9967272E-1,1E0,2.0006132E-1,7.9871607E-1,7.768555E-2,3.2923278E-1,-1.9017258E-1,-4.7493745E-2,4.0008754E-1,3.931122E-2,-2.6293946E-2,-7.5408937E-3],"split_indices":[0,0,0,0,0,0,0,0,0,0,0,0,0],"split_type":[0,0,0,0,0,0,0,0,0,0,0,0,0],"sum_hessian":[9E0,7E0,2E0,2E0,5E0,1E0,1E0,1E0,1E0,4E0,1E0,1E0,3E0],"tree_param":{"num_deleted":"0","num_feature":"2","num_nodes":"13","size_leaf_vector":"1"}},{"base_weights":[3.1840974E-1,-5.684185E-1,2.5771484E0,-1.5052185E0,-5.282084E-3,7.380066E-2,3.1277162E-1,-1.8066406E-1,-4.5118716E-2,-1.5572205E-1,3.7345886E-2,-2.4979401E-2,-6.9755554E-2,-7.896933E-3,-2.105713E-3],"categories":[],"categories_nodes":[],"categories_segments":[],"categories_sizes":[],"default_left":[0,0,0,0,0,0,0,0,0,0,0,0,0,0,0],"id":75,"left_children":[1,3,5,7,9,-1,-1,-1,-1,11,-1,-1,13,-1,-1],"loss_changes":[2.149603E1,4.2124195E0,7.294426E-1,1.379919E-1,4.0002242E-1,0E0,0E0,0E0,0E0,2.3010664E-2,0E0,0E0,1.3191625E-4,0E0,0E0],"parents":[2147483647,0,0,1,1,2,2,3,3,4,4,9,9,12,12],"right_children":[2,4,6,8,10,-1,-1,-1,-1,12,-1,-1,14,-1,-1],"split_conditions":[9.0150964E-1,2.9967272E-1,1E0,2.0006132E-1,7.9871607E-1,7.380066E-2,3.1277162E-1,-1.8066406E-1,-4.5118716E-2,4.0008754E-1,3.7345886E-2,-2.4979401E-2,5.999623E-1,-7.896933E-3,-2.105713E-3],"split_indices":[0,0,0,0,0,0,0,0,0,0,0,0,0,0,0],"split_type":[0,0,0,0,0,0,0,0,0,0,0,0,0,0,0],"sum_hessian":[9E0,7E0,2E0,2E0,5E0,1E0,1E0,1E0,1E0,4E0,1E0,1E0,3E0,2E0,1E0],"tree_param":{"num_deleted":"0","num_feature":"2","num_nodes":"15","size_leaf_vector":"1"}},{"base_weights":[3.0288848E-1,-5.395031E-1,2.4483032E0,-1.429957E0,-4.3589273E-3,7.011109E-2,2.971344E-1,-1.7163086E-1,-4.2862702E-2,-1.4714356E-1,3.5478212E-2,-2.373047E-2,-6.52771E-2,-7.369995E-3,-2.0004273E-3],"categories":[],"categories_nodes":[],"categories_segments":[],"categories_sizes":[],"default_left":[0,0,0,0,0,0,0,0,0,0,0,0,0,0,0],"id":76,"left_children":[1,3,5,7,9,-1,-1,-1,-1,11,-1,-1,13,-1,-1],"loss_changes":[1.939366E1,3.8059363E0,6.5831757E-1,1.2454128E-1,3.5988283E-1,0E0,0E0,0E0,0E0,2.14153E-2,0E0,0E0,5.098991E-5,0E0,0E0],"parents":[2147483647,0,0,1,1,2,2,3,3,4,4,9,9,12,12],"right_children":[2,4,6,8,10,-1,-1,-1,-1,12,-1,-1,14,-1,-1],"split_conditions":[9.0150964E-1,2.9967272E-1,1E0,2.0006132E-1,7.9871607E-1,7.011109E-2,2.971344E-1,-1.7163086E-1,-4.2862702E-2,4.0008754E-1,3.5478212E-2,-2.373047E-2,5.999623E-1,-7.369995E-3,-2.0004273E-3],"split_indices":[0,0,0,0,0,0,0,0,0,0,0,0,0,0,0],"split_type":[0,0,0,0,0,0,0,0,0,0,0,0,0,0,0],"sum_hessian":[9E0,7E0,2E0,2E0,5E0,1E0,1E0,1E0,1E0,4E0,1E0,1E0,3E0,2E0,1E0],"tree_param":{"num_deleted":"0","num_feature":"2","num_nodes":"15","size_leaf_vector":"1"}},{"base_weights":[2.8811035E-1,-5.120697E-1,2.325887E0,-1.3584595E0,-3.5298665E-3,6.6604614E-2,2.8227845E-1,-1.6304933E-1,-4.0719606E-2,-1.3905029E-1,3.3703614E-2,-2.2544099E-2,-6.1092377E-3],"categories":[],"categories_nodes":[],"categories_segments":[],"categories_sizes":[],"default_left":[0,0,0,0,0,0,0,0,0,0,0,0,0],"id":77,"left_children":[1,3,5,7,9,-1,-1,-1,-1,11,-1,-1,-1],"loss_changes":[1.7496899E1,3.4385881E0,5.9420776E-1,1.12397194E-1,3.2378685E-1,0E0,0E0,0E0,0E0,1.990147E-2,0E0,0E0,0E0],"parents":[2147483647,0,0,1,1,2,2,3,3,4,4,9,9],"right_children":[2,4,6,8,10,-1,-1,-1,-1,12,-1,-1,-1],"split_conditions":[9.0150964E-1,2.9967272E-1,1E0,2.0006132E-1,7.9871607E-1,6.6604614E-2,2.8227845E-1,-1.6304933E-1,-4.0719606E-2,4.0008754E-1,3.3703614E-2,-2.2544099E-2,-6.1092377E-3],"split_indices":[0,0,0,0,0,0,0,0,0,0,0,0,0],"split_type":[0,0,0,0,0,0,0,0,0,0,0,0,0],"sum_hessian":[9E0,7E0,2E0,2E0,5E0,1E0,1E0,1E0,1E0,4E0,1E0,1E0,3E0],"tree_param":{"num_deleted":"0","num_feature":"2","num_nodes":"13","size_leaf_vector":"1"}},{"base_weights":[2.743164E-1,-4.857025E-1,2.2095947E0,-1.2905325E0,-2.337138E-3,6.327515E-2,2.6816407E-1,-1.5489654E-1,-3.868332E-2,-1.3088074E-1,3.2019045E-2,-2.1417236E-2,-5.651474E-2,-6.4722695E-3,-1.5945435E-3],"categories":[],"categories_nodes":[],"categories_segments":[],"categories_sizes":[],"default_left":[0,0,0,0,0,0,0,0,0,0,0,0,0,0,0],"id":78,"left_children":[1,3,5,7,9,-1,-1,-1,-1,11,-1,-1,13,-1,-1],"loss_changes":[1.5781687E1,3.1091993E0,5.362148E-1,1.01445675E-1,2.9065987E-1,0E0,0E0,0E0,0E0,1.8866435E-2,0E0,0E0,2.999343E-4,0E0,0E0],"parents":[2147483647,0,0,1,1,2,2,3,3,4,4,9,9,12,12],"right_children":[2,4,6,8,10,-1,-1,-1,-1,12,-1,-1,14,-1,-1],"split_conditions":[9.0150964E-1,2.9967272E-1,1E0,2.0006132E-1,7.9871607E-1,6.327515E-2,2.6816407E-1,-1.5489654E-1,-3.868332E-2,4.0008754E-1,3.2019045E-2,-2.1417236E-2,5.999623E-1,-6.4722695E-3,-1.5945435E-3],"split_indices":[0,0,0,0,0,0,0,0,0,0,0,0,0,0,0],"split_type":[0,0,0,0,0,0,0,0,0,0,0,0,0,0,0],"sum_hessian":[9E0,7E0,2E0,2E0,5E0,1E0,1E0,1E0,1E0,4E0,1E0,1E0,3E0,2E0,1E0],"tree_param":{"num_deleted":"0","num_feature":"2","num_nodes":"15","size_leaf_vector":"1"}},{"base_weights":[2.6091918E-1,-4.610138E-1,2.0991008E0,-1.226008E0,-1.6810099E-3,6.0110476E-2,2.5475463E-1,-1.4715195E-1,-3.674927E-2,-1.236908E-1,3.0418396E-2,-2.034607E-2,-5.288315E-2,-6.0409545E-3,-1.5151978E-3],"categories":[],"categories_nodes":[],"categories_segments":[],"categories_sizes":[],"default_left":[0,0,0,0,0,0,0,0,0,0,0,0,0,0,0],"id":79,"left_children":[1,3,5,7,9,-1,-1,-1,-1,11,-1,-1,13,-1,-1],"loss_changes":[1.4238154E1,2.8090348E0,4.8396587E-1,9.155321E-2,2.6153585E-1,0E0,0E0,0E0,0E0,1.7481953E-2,0E0,0E0,2.2059586E-4,0E0,0E0],"parents":[2147483647,0,0,1,1,2,2,3,3,4,4,9,9,12,12],"right_children":[2,4,6,8,10,-1,-1,-1,-1,12,-1,-1,14,-1,-1],"split_conditions":[9.0150964E-1,2.9967272E-1,1E0,2.0006132E-1,7.9871607E-1,6.0110476E-2,2.5475463E-1,-1.4715195E-1,-3.674927E-2,4.0008754E-1,3.0418396E-2,-2.034607E-2,5.999623E-1,-6.0409545E-3,-1.5151978E-3],"split_indices":[0,0,0,0,0,0,0,0,0,0,0,0,0,0,0],"split_type":[0,0,0,0,0,0,0,0,0,0,0,0,0,0,0],"sum_hessian":[9E0,7E0,2E0,2E0,5E0,1E0,1E0,1E0,1E0,4E0,1E0,1E0,3E0,2E0,1E0],"tree_param":{"num_deleted":"0","num_feature":"2","num_nodes":"15","size_leaf_vector":"1"}},{"base_weights":[2.4817352E-1,-4.3758583E-1,1.9941406E0,-1.1647085E0,-1.0935465E-3,5.7104494E-2,2.420166E-1,-1.3979416E-1,-3.491211E-2,-1.1690064E-1,2.8897095E-2,-1.9329071E-2,-4.948044E-2,-5.6381226E-3,-1.4389039E-3],"categories":[],"categories_nodes":[],"categories_segments":[],"categories_sizes":[],"default_left":[0,0,0,0,0,0,0,0,0,0,0,0,0,0,0],"id":80,"left_children":[1,3,5,7,9,-1,-1,-1,-1,11,-1,-1,13,-1,-1],"loss_changes":[1.284574E1,2.5377936E0,4.3680096E-1,8.26149E-2,2.3533002E-1,0E0,0E0,0E0,0E0,1.6187064E-2,0E0,0E0,1.5736185E-4,0E0,0E0],"parents":[2147483647,0,0,1,1,2,2,3,3,4,4,9,9,12,12],"right_children":[2,4,6,8,10,-1,-1,-1,-1,12,-1,-1,14,-1,-1],"split_conditions":[9.0150964E-1,2.9967272E-1,1E0,2.0006132E-1,7.9871607E-1,5.7104494E-2,2.420166E-1,-1.3979416E-1,-3.491211E-2,4.0008754E-1,2.8897095E-2,-1.9329071E-2,5.999623E-1,-5.6381226E-3,-1.4389039E-3],"split_indices":[0,0,0,0,0,0,0,0,0,0,0,0,0,0,0],"split_type":[0,0,0,0,0,0,0,0,0,0,0,0,0,0,0],"sum_hessian":[9E0,7E0,2E0,2E0,5E0,1E0,1E0,1E0,1E0,4E0,1E0,1E0,3E0,2E0,1E0],"tree_param":{"num_deleted":"0","num_feature":"2","num_nodes":"15","size_leaf_vector":"1"}},{"base_weights":[2.3604584E-1,-4.1535378E-1,1.8944296E0,-1.1064707E0,-5.6966144E-4,5.4248046E-2,2.2991638E-1,-1.3280411E-1,-3.3166505E-2,-1.1049195E-1,2.7452087E-2,-1.8362427E-2,-4.6302795E-2,-5.2622478E-3,-1.3671875E-3],"categories":[],"categories_nodes":[],"categories_segments":[],"categories_sizes":[],"default_left":[0,0,0,0,0,0,0,0,0,0,0,0,0,0,0],"id":81,"left_children":[1,3,5,7,9,-1,-1,-1,-1,11,-1,-1,13,-1,-1],"loss_changes":[1.1589563E1,2.2926843E0,3.9428902E-1,7.4557066E-2,2.1176383E-1,0E0,0E0,0E0,0E0,1.4969189E-2,0E0,0E0,1.0542013E-4,0E0,0E0],"parents":[2147483647,0,0,1,1,2,2,3,3,4,4,9,9,12,12],"right_children":[2,4,6,8,10,-1,-1,-1,-1,12,-1,-1,14,-1,-1],"split_conditions":[9.0150964E-1,2.9967272E-1,1E0,2.0006132E-1,7.9871607E-1,5.4248046E-2,2.2991638E-1,-1.3280411E-1,-3.3166505E-2,4.0008754E-1,2.7452087E-2,-1.8362427E-2,5.999623E-1,-5.2622478E-3,-1.3671875E-3],"split_indices":[0,0,0,0,0,0,0,0,0,0,0,0,0,0,0],"split_type":[0,0,0,0,0,0,0,0,0,0,0,0,0,0,0],"sum_hessian":[9E0,7E0,2E0,2E0,5E0,1E0,1E0,1E0,1E0,4E0,1E0,1E0,3E0,2E0,1E0],"tree_param":{"num_deleted":"0","num_feature":"2","num_nodes":"15","size_leaf_vector":"1"}},{"base_weights":[2.2450256E-1,-3.942604E-1,1.799703E0,-1.0511475E0,-1.0681152E-4,5.1535036E-2,2.1842042E-1,-1.2616424E-1,-3.1507876E-2,-1.0444336E-1,2.6078796E-2,-1.744461E-2,-4.3331146E-2,-4.911804E-3,-1.2985229E-3],"categories":[],"categories_nodes":[],"categories_segments":[],"categories_sizes":[],"default_left":[0,0,0,0,0,0,0,0,0,0,0,0,0,0,0],"id":82,"left_children":[1,3,5,7,9,-1,-1,-1,-1,11,-1,-1,13,-1,-1],"loss_changes":[1.0456308E1,2.0712028E0,3.5587502E-1,6.729984E-2,1.9056273E-1,0E0,0E0,0E0,0E0,1.3831165E-2,0E0,0E0,6.4625405E-5,0E0,0E0],"parents":[2147483647,0,0,1,1,2,2,3,3,4,4,9,9,12,12],"right_children":[2,4,6,8,10,-1,-1,-1,-1,12,-1,-1,14,-1,-1],"split_conditions":[9.0150964E-1,2.9967272E-1,1E0,2.0006132E-1,7.9871607E-1,5.1535036E-2,2.1842042E-1,-1.2616424E-1,-3.1507876E-2,4.0008754E-1,2.6078796E-2,-1.744461E-2,5.999623E-1,-4.911804E-3,-1.2985229E-3],"split_indices":[0,0,0,0,0,0,0,0,0,0,0,0,0,0,0],"split_type":[0,0,0,0,0,0,0,0,0,0,0,0,0,0,0],"sum_hessian":[9E0,7E0,2E0,2E0,5E0,1E0,1E0,1E0,1E0,4E0,1E0,1E0,3E0,2E0,1E0],"tree_param":{"num_deleted":"0","num_feature":"2","num_nodes":"15","size_leaf_vector":"1"}},{"base_weights":[2.1352234E-1,-3.7424088E-1,1.7097168E0,-9.985911E-1,3.077189E-4,4.8959352E-2,2.0749818E-1,-1.1985626E-1,-2.9932404E-2,-9.872742E-2,2.477417E-2,-1.657257E-2,-4.0546417E-2,-4.5842486E-3,-1.2329102E-3],"categories":[],"categories_nodes":[],"categories_segments":[],"categories_sizes":[],"default_left":[0,0,0,0,0,0,0,0,0,0,0,0,0,0,0],"id":83,"left_children":[1,3,5,7,9,-1,-1,-1,-1,11,-1,-1,13,-1,-1],"loss_changes":[9.433927E0,1.8711032E0,3.211069E-1,6.07419E-2,1.7148685E-1,0E0,0E0,0E0,0E0,1.2770552E-2,0E0,0E0,3.2566953E-5,0E0,0E0],"parents":[2147483647,0,0,1,1,2,2,3,3,4,4,9,9,12,12],"right_children":[2,4,6,8,10,-1,-1,-1,-1,12,-1,-1,14,-1,-1],"split_conditions":[9.0150964E-1,2.9967272E-1,1E0,2.0006132E-1,7.9871607E-1,4.8959352E-2,2.0749818E-1,-1.1985626E-1,-2.9932404E-2,4.0008754E-1,2.477417E-2,-1.657257E-2,5.999623E-1,-4.5842486E-3,-1.2329102E-3],"split_indices":[0,0,0,0,0,0,0,0,0,0,0,0,0,0,0],"split_type":[0,0,0,0,0,0,0,0,0,0,0,0,0,0,0],"sum_hessian":[9E0,7E0,2E0,2E0,5E0,1E0,1E0,1E0,1E0,4E0,1E0,1E0,3E0,2E0,1E0],"tree_param":{"num_deleted":"0","num_feature":"2","num_nodes":"15","size_leaf_vector":"1"}},{"base_weights":[2.030716E-1,-3.552456E-1,1.6242269E0,-9.4865924E-1,6.6884357E-4,4.651184E-2,1.971222E-1,-1.1386337E-1,-2.8435517E-2,-9.333801E-2,2.3535157E-2,-1.574402E-2,-3.7952423E-2,-4.279073E-3,-1.171875E-3],"categories":[],"categories_nodes":[],"categories_segments":[],"categories_sizes":[],"default_left":[0,0,0,0,0,0,0,0,0,0,0,0,0,0,0],"id":84,"left_children":[1,3,5,7,9,-1,-1,-1,-1,11,-1,-1,13,-1,-1],"loss_changes":[8.511554E0,1.6902704E0,2.8976345E-1,5.482602E-2,1.5433796E-1,0E0,0E0,0E0,0E0,1.1776444E-2,0E0,0E0,6.252434E-6,0E0,0E0],"parents":[2147483647,0,0,1,1,2,2,3,3,4,4,9,9,12,12],"right_children":[2,4,6,8,10,-1,-1,-1,-1,12,-1,-1,14,-1,-1],"split_conditions":[9.0150964E-1,2.9967272E-1,1E0,2.0006132E-1,7.9871607E-1,4.651184E-2,1.971222E-1,-1.1386337E-1,-2.8435517E-2,4.0008754E-1,2.3535157E-2,-1.574402E-2,5.999623E-1,-4.279073E-3,-1.171875E-3],"split_indices":[0,0,0,0,0,0,0,0,0,0,0,0,0,0,0],"split_type":[0,0,0,0,0,0,0,0,0,0,0,0,0,0,0],"sum_hessian":[9E0,7E0,2E0,2E0,5E0,1E0,1E0,1E0,1E0,4E0,1E0,1E0,3E0,2E0,1E0],"tree_param":{"num_deleted":"0","num_feature":"2","num_nodes":"15","size_leaf_vector":"1"}},{"base_weights":[1.9312897E-1,-3.3721733E-1,1.5430094E0,-9.012248E-1,9.892782E-4,4.4186402E-2,1.8726502E-1,-1.0817032E-1,-2.7013397E-2,-8.824768E-2,2.2358704E-2,-1.4956665E-2,-3.5526275E-3],"categories":[],"categories_nodes":[],"categories_segments":[],"categories_sizes":[],"default_left":[0,0,0,0,0,0,0,0,0,0,0,0,0],"id":85,"left_children":[1,3,5,7,9,-1,-1,-1,-1,11,-1,-1,-1],"loss_changes":[7.679371E0,1.5269E0,2.6148987E-1,4.9489975E-2,1.3891472E-1,0E0,0E0,0E0,0E0,1.0850564E-2,0E0,0E0,0E0],"parents":[2147483647,0,0,1,1,2,2,3,3,4,4,9,9],"right_children":[2,4,6,8,10,-1,-1,-1,-1,12,-1,-1,-1],"split_conditions":[9.0150964E-1,2.9967272E-1,1E0,2.0006132E-1,7.9871607E-1,4.4186402E-2,1.8726502E-1,-1.0817032E-1,-2.7013397E-2,4.0008754E-1,2.2358704E-2,-1.4956665E-2,-3.5526275E-3],"split_indices":[0,0,0,0,0,0,0,0,0,0,0,0,0],"split_type":[0,0,0,0,0,0,0,0,0,0,0,0,0],"sum_hessian":[9E0,7E0,2E0,2E0,5E0,1E0,1E0,1E0,1E0,4E0,1E0,1E0,3E0],"tree_param":{"num_deleted":"0","num_feature":"2","num_nodes":"13","size_leaf_vector":"1"}},{"base_weights":[1.8382415E-1,-3.1991768E-1,1.465861E0,-8.561656E-1,1.5258789E-3,4.197693E-2,1.7790222E-1,-1.0276184E-1,-2.5662994E-2,-8.312988E-2,2.1240234E-2,-1.4208985E-2,-3.286743E-2,-3.7577313E-3,-9.368897E-4],"categories":[],"categories_nodes":[],"categories_segments":[],"categories_sizes":[],"default_left":[0,0,0,0,0,0,0,0,0,0,0,0,0,0,0],"id":86,"left_children":[1,3,5,7,9,-1,-1,-1,-1,11,-1,-1,13,-1,-1],"loss_changes":[6.9271107E0,1.3802938E0,2.3600769E-1,4.46589E-2,1.2476843E-1,0E0,0E0,0E0,0E0,1.0147233E-2,0E0,0E0,9.06433E-5,0E0,0E0],"parents":[2147483647,0,0,1,1,2,2,3,3,4,4,9,9,12,12],"right_children":[2,4,6,8,10,-1,-1,-1,-1,12,-1,-1,14,-1,-1],"split_conditions":[9.0150964E-1,2.9967272E-1,1E0,2.0006132E-1,7.9871607E-1,4.197693E-2,1.7790222E-1,-1.0276184E-1,-2.5662994E-2,4.0008754E-1,2.1240234E-2,-1.4208985E-2,5.999623E-1,-3.7577313E-3,-9.368897E-4],"split_indices":[0,0,0,0,0,0,0,0,0,0,0,0,0,0,0],"split_type":[0,0,0,0,0,0,0,0,0,0,0,0,0,0,0],"sum_hessian":[9E0,7E0,2E0,2E0,5E0,1E0,1E0,1E0,1E0,4E0,1E0,1E0,3E0,2E0,1E0],"tree_param":{"num_deleted":"0","num_feature":"2","num_nodes":"15","size_leaf_vector":"1"}},{"base_weights":[1.7481843E-1,-3.0368614E-1,1.3925577E0,-8.133545E-1,1.7623901E-3,3.987732E-2,1.6900635E-1,-9.7623445E-2,-2.437973E-2,-7.859802E-2,2.0178223E-2,-1.3498688E-2,-3.075409E-2,-3.5074872E-3,-8.895874E-4],"categories":[],"categories_nodes":[],"categories_segments":[],"categories_sizes":[],"default_left":[0,0,0,0,0,0,0,0,0,0,0,0,0,0,0],"id":87,"left_children":[1,3,5,7,9,-1,-1,-1,-1,11,-1,-1,13,-1,-1],"loss_changes":[6.249839E0,1.2468531E0,2.1301746E-1,4.030502E-2,1.12301745E-1,0E0,0E0,0E0,0E0,9.337924E-3,0E0,0E0,6.5756496E-5,0E0,0E0],"parents":[2147483647,0,0,1,1,2,2,3,3,4,4,9,9,12,12],"right_children":[2,4,6,8,10,-1,-1,-1,-1,12,-1,-1,14,-1,-1],"split_conditions":[9.0150964E-1,2.9967272E-1,1E0,2.0006132E-1,7.9871607E-1,3.987732E-2,1.6900635E-1,-9.7623445E-2,-2.437973E-2,4.0008754E-1,2.0178223E-2,-1.3498688E-2,5.999623E-1,-3.5074872E-3,-8.895874E-4],"split_indices":[0,0,0,0,0,0,0,0,0,0,0,0,0,0,0],"split_type":[0,0,0,0,0,0,0,0,0,0,0,0,0,0,0],"sum_hessian":[9E0,7E0,2E0,2E0,5E0,1E0,1E0,1E0,1E0,4E0,1E0,1E0,3E0,2E0,1E0],"tree_param":{"num_deleted":"0","num_feature":"2","num_nodes":"15","size_leaf_vector":"1"}},{"base_weights":[1.6625671E-1,-2.882805E-1,1.322937E0,-7.7268475E-1,1.9683838E-3,3.7884522E-2,1.6055603E-1,-9.274216E-2,-2.3160553E-2,-7.4316405E-2,1.9169617E-2,-1.2823487E-2,-2.8778076E-2,-3.2735188E-3,-8.4533694E-4],"categories":[],"categories_nodes":[],"categories_segments":[],"categories_sizes":[],"default_left":[0,0,0,0,0,0,0,0,0,0,0,0,0,0,0],"id":88,"left_children":[1,3,5,7,9,-1,-1,-1,-1,11,-1,-1,13,-1,-1],"loss_changes":[5.638919E0,1.1263033E0,1.9220829E-1,3.6378622E-2,1.01086244E-1,0E0,0E0,0E0,0E0,8.586429E-3,0E0,0E0,4.4985907E-5,0E0,0E0],"parents":[2147483647,0,0,1,1,2,2,3,3,4,4,9,9,12,12],"right_children":[2,4,6,8,10,-1,-1,-1,-1,12,-1,-1,14,-1,-1],"split_conditions":[9.0150964E-1,2.9967272E-1,1E0,2.0006132E-1,7.9871607E-1,3.7884522E-2,1.6055603E-1,-9.274216E-2,-2.3160553E-2,4.0008754E-1,1.9169617E-2,-1.2823487E-2,5.999623E-1,-3.2735188E-3,-8.4533694E-4],"split_indices":[0,0,0,0,0,0,0,0,0,0,0,0,0,0,0],"split_type":[0,0,0,0,0,0,0,0,0,0,0,0,0,0,0],"sum_hessian":[9E0,7E0,2E0,2E0,5E0,1E0,1E0,1E0,1E0,4E0,1E0,1E0,3E0,2E0,1E0],"tree_param":{"num_deleted":"0","num_feature":"2","num_nodes":"15","size_leaf_vector":"1"}},{"base_weights":[1.5810394E-1,-2.7366066E-1,1.2567749E0,-7.340495E-1,2.1438599E-3,3.598938E-2,1.5252686E-1,-8.8105015E-2,-2.2002412E-2,-7.0272826E-2,1.8211365E-2,-1.2182618E-2,-2.6927948E-2,-3.0553183E-3,-8.0261234E-4],"categories":[],"categories_nodes":[],"categories_segments":[],"categories_sizes":[],"default_left":[0,0,0,0,0,0,0,0,0,0,0,0,0,0,0],"id":89,"left_children":[1,3,5,7,9,-1,-1,-1,-1,11,-1,-1,13,-1,-1],"loss_changes":[5.087602E0,1.0173922E0,1.7348576E-1,3.2833815E-2,9.099454E-2,0E0,0E0,0E0,0E0,7.89234E-3,0E0,0E0,2.8870534E-5,0E0,0E0],"parents":[2147483647,0,0,1,1,2,2,3,3,4,4,9,9,12,12],"right_children":[2,4,6,8,10,-1,-1,-1,-1,12,-1,-1,14,-1,-1],"split_conditions":[9.0150964E-1,2.9967272E-1,1E0,2.0006132E-1,7.9871607E-1,3.598938E-2,1.5252686E-1,-8.8105015E-2,-2.2002412E-2,4.0008754E-1,1.8211365E-2,-1.2182618E-2,5.999623E-1,-3.0553183E-3,-8.0261234E-4],"split_indices":[0,0,0,0,0,0,0,0,0,0,0,0,0,0,0],"split_type":[0,0,0,0,0,0,0,0,0,0,0,0,0,0,0],"sum_hessian":[9E0,7E0,2E0,2E0,5E0,1E0,1E0,1E0,1E0,4E0,1E0,1E0,3E0,2E0,1E0],"tree_param":{"num_deleted":"0","num_feature":"2","num_nodes":"15","size_leaf_vector":"1"}},{"base_weights":[1.5034637E-1,-2.5979042E-1,1.1939291E0,-6.97347E-1,2.2862752E-3,3.4188844E-2,1.4490052E-1,-8.36998E-2,-2.0902252E-2,-6.645813E-2,1.7300416E-2,-1.15737915E-2,-2.5203705E-2,-2.8518678E-3,-7.6293945E-4],"categories":[],"categories_nodes":[],"categories_segments":[],"categories_sizes":[],"default_left":[0,0,0,0,0,0,0,0,0,0,0,0,0,0,0],"id":90,"left_children":[1,3,5,7,9,-1,-1,-1,-1,11,-1,-1,13,-1,-1],"loss_changes":[4.5902877E0,9.189814E-1,1.5660763E-1,2.9633522E-2,8.191293E-2,0E0,0E0,0E0,0E0,7.2480217E-3,0E0,0E0,1.5453203E-5,0E0,0E0],"parents":[2147483647,0,0,1,1,2,2,3,3,4,4,9,9,12,12],"right_children":[2,4,6,8,10,-1,-1,-1,-1,12,-1,-1,14,-1,-1],"split_conditions":[9.0150964E-1,2.9967272E-1,1E0,2.0006132E-1,7.9871607E-1,3.4188844E-2,1.4490052E-1,-8.36998E-2,-2.0902252E-2,4.0008754E-1,1.7300416E-2,-1.15737915E-2,5.999623E-1,-2.8518678E-3,-7.6293945E-4],"split_indices":[0,0,0,0,0,0,0,0,0,0,0,0,0,0,0],"split_type":[0,0,0,0,0,0,0,0,0,0,0,0,0,0,0],"sum_hessian":[9E0,7E0,2E0,2E0,5E0,1E0,1E0,1E0,1E0,4E0,1E0,1E0,3E0,2E0,1E0],"tree_param":{"num_deleted":"0","num_feature":"2","num_nodes":"15","size_leaf_vector":"1"}},{"base_weights":[1.4297028E-1,-2.466259E-1,1.1342367E0,-6.6248065E-1,2.4058025E-3,3.247986E-2,1.3765565E-1,-7.951508E-2,-1.9857025E-2,-6.285401E-2,1.6435241E-2,-1.0995484E-2,-2.3590088E-2,-2.66215E-3,-7.247925E-4],"categories":[],"categories_nodes":[],"categories_segments":[],"categories_sizes":[],"default_left":[0,0,0,0,0,0,0,0,0,0,0,0,0,0,0],"id":91,"left_children":[1,3,5,7,9,-1,-1,-1,-1,11,-1,-1,13,-1,-1],"loss_changes":[4.1416683E0,8.3008194E-1,1.4132476E-1,2.6747823E-2,7.374183E-2,0E0,0E0,0E0,0E0,6.6529717E-3,0E0,0E0,5.2086543E-6,0E0,0E0],"parents":[2147483647,0,0,1,1,2,2,3,3,4,4,9,9,12,12],"right_children":[2,4,6,8,10,-1,-1,-1,-1,12,-1,-1,14,-1,-1],"split_conditions":[9.0150964E-1,2.9967272E-1,1E0,2.0006132E-1,7.9871607E-1,3.247986E-2,1.3765565E-1,-7.951508E-2,-1.9857025E-2,4.0008754E-1,1.6435241E-2,-1.0995484E-2,5.999623E-1,-2.66215E-3,-7.247925E-4],"split_indices":[0,0,0,0,0,0,0,0,0,0,0,0,0,0,0],"split_type":[0,0,0,0,0,0,0,0,0,0,0,0,0,0,0],"sum_hessian":[9E0,7E0,2E0,2E0,5E0,1E0,1E0,1E0,1E0,4E0,1E0,1E0,3E0,2E0,1E0],"tree_param":{"num_deleted":"0","num_feature":"2","num_nodes":"15","size_leaf_vector":"1"}},{"base_weights":[1.3595581E-1,-2.3413086E-1,1.077535E0,-6.2935895E-1,2.5049846E-3,3.0856324E-2,1.3077393E-1,-7.55394E-2,-1.8864442E-2,-5.944519E-2,1.5612793E-2,-1.0445404E-2,-2.2079467E-3],"categories":[],"categories_nodes":[],"categories_segments":[],"categories_sizes":[],"default_left":[0,0,0,0,0,0,0,0,0,0,0,0,0],"id":92,"left_children":[1,3,5,7,9,-1,-1,-1,-1,11,-1,-1,-1],"loss_changes":[3.7369432E0,7.4977756E-1,1.2754154E-1,2.413559E-2,6.638286E-2,0E0,0E0,0E0,0E0,6.1026514E-3,0E0,0E0,0E0],"parents":[2147483647,0,0,1,1,2,2,3,3,4,4,9,9],"right_children":[2,4,6,8,10,-1,-1,-1,-1,12,-1,-1,-1],"split_conditions":[9.0150964E-1,2.9967272E-1,1E0,2.0006132E-1,7.9871607E-1,3.0856324E-2,1.3077393E-1,-7.55394E-2,-1.8864442E-2,4.0008754E-1,1.5612793E-2,-1.0445404E-2,-2.2079467E-3],"split_indices":[0,0,0,0,0,0,0,0,0,0,0,0,0],"split_type":[0,0,0,0,0,0,0,0,0,0,0,0,0],"sum_hessian":[9E0,7E0,2E0,2E0,5E0,1E0,1E0,1E0,1E0,4E0,1E0,1E0,3E0],"tree_param":{"num_deleted":"0","num_feature":"2","num_nodes":"13","size_leaf_vector":"1"}},{"base_weights":[1.2937164E-1,-2.221508E-1,1.023641E0,-5.978902E-1,2.7440388E-3,2.9312134E-2,1.2423401E-1,-7.1762085E-2,-1.7921448E-2,-5.6033324E-2,1.4831543E-2,-9.92279E-3,-2.0427704E-2,-2.3381552E-3,-5.783081E-4],"categories":[],"categories_nodes":[],"categories_segments":[],"categories_sizes":[],"default_left":[0,0,0,0,0,0,0,0,0,0,0,0,0,0,0],"id":93,"left_children":[1,3,5,7,9,-1,-1,-1,-1,11,-1,-1,13,-1,-1],"loss_changes":[3.3709598E0,6.7765546E-1,1.1513567E-1,2.1776915E-2,5.964842E-2,0E0,0E0,0E0,0E0,5.662851E-3,0E0,0E0,3.781449E-5,0E0,0E0],"parents":[2147483647,0,0,1,1,2,2,3,3,4,4,9,9,12,12],"right_children":[2,4,6,8,10,-1,-1,-1,-1,12,-1,-1,14,-1,-1],"split_conditions":[9.0150964E-1,2.9967272E-1,1E0,2.0006132E-1,7.9871607E-1,2.9312134E-2,1.2423401E-1,-7.1762085E-2,-1.7921448E-2,4.0008754E-1,1.4831543E-2,-9.92279E-3,5.999623E-1,-2.3381552E-3,-5.783081E-4],"split_indices":[0,0,0,0,0,0,0,0,0,0,0,0,0,0,0],"split_type":[0,0,0,0,0,0,0,0,0,0,0,0,0,0,0],"sum_hessian":[9E0,7E0,2E0,2E0,5E0,1E0,1E0,1E0,1E0,4E0,1E0,1E0,3E0,2E0,1E0],"tree_param":{"num_deleted":"0","num_feature":"2","num_nodes":"15","size_leaf_vector":"1"}},{"base_weights":[1.2302399E-1,-2.1089745E-1,9.7247314E-1,-5.6799823E-1,2.802531E-3,2.784729E-2,1.18023686E-1,-6.817398E-2,-1.7025758E-2,-5.2996825E-2,1.4089966E-2,-9.42688E-3,-1.9111633E-2,-2.1820068E-3,-5.493164E-4],"categories":[],"categories_nodes":[],"categories_segments":[],"categories_sizes":[],"default_left":[0,0,0,0,0,0,0,0,0,0,0,0,0,0,0],"id":94,"left_children":[1,3,5,7,9,-1,-1,-1,-1,11,-1,-1,13,-1,-1],"loss_changes":[3.041585E0,6.120913E-1,1.03900194E-1,1.9647598E-2,5.3701617E-2,0E0,0E0,0E0,0E0,5.1909126E-3,0E0,0E0,2.7677743E-5,0E0,0E0],"parents":[2147483647,0,0,1,1,2,2,3,3,4,4,9,9,12,12],"right_children":[2,4,6,8,10,-1,-1,-1,-1,12,-1,-1,14,-1,-1],"split_conditions":[9.0150964E-1,2.9967272E-1,1E0,2.0006132E-1,7.9871607E-1,2.784729E-2,1.18023686E-1,-6.817398E-2,-1.7025758E-2,4.0008754E-1,1.4089966E-2,-9.42688E-3,5.999623E-1,-2.1820068E-3,-5.493164E-4],"split_indices":[0,0,0,0,0,0,0,0,0,0,0,0,0,0,0],"split_type":[0,0,0,0,0,0,0,0,0,0,0,0,0,0,0],"sum_hessian":[9E0,7E0,2E0,2E0,5E0,1E0,1E0,1E0,1E0,4E0,1E0,1E0,3E0,2E0,1E0],"tree_param":{"num_deleted":"0","num_feature":"2","num_nodes":"15","size_leaf_vector":"1"}},{"base_weights":[1.1698303E-1,-2.0021439E-1,9.2384845E-1,-5.3959656E-1,2.8457642E-3,2.645569E-2,1.1212158E-1,-6.476517E-2,-1.6174316E-2,-5.0125122E-2,1.338501E-2,-8.955384E-3,-1.7879486E-2,-2.036031E-3,-5.218506E-4],"categories":[],"categories_nodes":[],"categories_segments":[],"categories_sizes":[],"default_left":[0,0,0,0,0,0,0,0,0,0,0,0,0,0,0],"id":95,"left_children":[1,3,5,7,9,-1,-1,-1,-1,11,-1,-1,13,-1,-1],"loss_changes":[2.744324E0,5.5285555E-1,9.374261E-2,1.7733753E-2,4.834575E-2,0E0,0E0,0E0,0E0,4.7558416E-3,0E0,0E0,1.938839E-5,0E0,0E0],"parents":[2147483647,0,0,1,1,2,2,3,3,4,4,9,9,12,12],"right_children":[2,4,6,8,10,-1,-1,-1,-1,12,-1,-1,14,-1,-1],"split_conditions":[9.0150964E-1,2.9967272E-1,1E0,2.0006132E-1,7.9871607E-1,2.645569E-2,1.1212158E-1,-6.476517E-2,-1.6174316E-2,4.0008754E-1,1.338501E-2,-8.955384E-3,5.999623E-1,-2.036031E-3,-5.218506E-4],"split_indices":[0,0,0,0,0,0,0,0,0,0,0,0,0,0,0],"split_type":[0,0,0,0,0,0,0,0,0,0,0,0,0,0,0],"sum_hessian":[9E0,7E0,2E0,2E0,5E0,1E0,1E0,1E0,1E0,4E0,1E0,1E0,3E0,2E0,1E0],"tree_param":{"num_deleted":"0","num_feature":"2","num_nodes":"15","size_leaf_vector":"1"}},{"base_weights":[1.1123657E-1,-1.9007874E-1,8.776652E-1,-5.12619E-1,2.8711956E-3,2.5134278E-2,1.06515504E-1,-6.1527252E-2,-1.5365601E-2,-4.741516E-2,1.2715149E-2,-8.507538E-3,-1.6731262E-2,-1.900228E-3,-4.9591064E-4],"categories":[],"categories_nodes":[],"categories_segments":[],"categories_sizes":[],"default_left":[0,0,0,0,0,0,0,0,0,0,0,0,0,0,0],"id":96,"left_children":[1,3,5,7,9,-1,-1,-1,-1,11,-1,-1,13,-1,-1],"loss_changes":[2.4761922E0,4.9934486E-1,8.456826E-2,1.6006112E-2,4.3526523E-2,0E0,0E0,0E0,0E0,4.354393E-3,0E0,0E0,1.2704753E-5,0E0,0E0],"parents":[2147483647,0,0,1,1,2,2,3,3,4,4,9,9,12,12],"right_children":[2,4,6,8,10,-1,-1,-1,-1,12,-1,-1,14,-1,-1],"split_conditions":[9.0150964E-1,2.9967272E-1,1E0,2.0006132E-1,7.9871607E-1,2.5134278E-2,1.06515504E-1,-6.1527252E-2,-1.5365601E-2,4.0008754E-1,1.2715149E-2,-8.507538E-3,5.999623E-1,-1.900228E-3,-4.9591064E-4],"split_indices":[0,0,0,0,0,0,0,0,0,0,0,0,0,0,0],"split_type":[0,0,0,0,0,0,0,0,0,0,0,0,0,0,0],"sum_hessian":[9E0,7E0,2E0,2E0,5E0,1E0,1E0,1E0,1E0,4E0,1E0,1E0,3E0,2E0,1E0],"tree_param":{"num_deleted":"0","num_feature":"2","num_nodes":"15","size_leaf_vector":"1"}},{"base_weights":[1.05767824E-1,-1.8045807E-1,8.3378094E-1,-4.8698935E-1,2.8839111E-3,2.3876954E-2,1.0119019E-1,-5.8451083E-2,-1.4597321E-2,-4.4854738E-2,1.2078858E-2,-8.081818E-3,-1.5659332E-2,-2.0606995E-3,-7.141113E-4],"categories":[],"categories_nodes":[],"categories_segments":[],"categories_sizes":[],"default_left":[0,0,0,0,0,0,0,0,0,0,0,0,0,0,0],"id":97,"left_children":[1,3,5,7,9,-1,-1,-1,-1,11,-1,-1,13,-1,-1],"loss_changes":[2.2342246E0,4.5100483E-1,7.634044E-2,1.4446259E-2,3.9189596E-2,0E0,0E0,0E0,0E0,3.984277E-3,0E0,0E0,2.1424261E-5,0E0,0E0],"parents":[2147483647,0,0,1,1,2,2,3,3,4,4,9,9,12,12],"right_children":[2,4,6,8,10,-1,-1,-1,-1,12,-1,-1,14,-1,-1],"split_conditions":[9.0150964E-1,2.9967272E-1,1E0,2.0006132E-1,7.9871607E-1,2.3876954E-2,1.0119019E-1,-5.8451083E-2,-1.4597321E-2,4.0008754E-1,1.2078858E-2,-8.081818E-3,4.9966386E-1,-2.0606995E-3,-7.141113E-4],"split_indices":[0,0,0,0,0,0,0,0,0,0,0,0,0,0,0],"split_type":[0,0,0,0,0,0,0,0,0,0,0,0,0,0,0],"sum_hessian":[9E0,7E0,2E0,2E0,5E0,1E0,1E0,1E0,1E0,4E0,1E0,1E0,3E0,1E0,2E0],"tree_param":{"num_deleted":"0","num_feature":"2","num_nodes":"15","size_leaf_vector":"1"}},{"base_weights":[1.0051422E-1,-1.7139244E-1,7.9209393E-1,-4.6263632E-1,2.7949016E-3,2.2683715E-2,9.613037E-2,-5.552826E-2,-1.3867187E-2,-4.2544555E-2,1.1474609E-2,-7.6774596E-3,-1.4793396E-2,-1.9577027E-3,-6.673177E-4],"categories":[],"categories_nodes":[],"categories_segments":[],"categories_sizes":[],"default_left":[0,0,0,0,0,0,0,0,0,0,0,0,0,0,0],"id":98,"left_children":[1,3,5,7,9,-1,-1,-1,-1,11,-1,-1,13,-1,-1],"loss_changes":[2.01621E0,4.0714097E-1,6.888151E-2,1.3040245E-2,3.5336662E-2,0E0,0E0,0E0,0E0,3.6138594E-3,0E0,0E0,2.473552E-5,0E0,0E0],"parents":[2147483647,0,0,1,1,2,2,3,3,4,4,9,9,12,12],"right_children":[2,4,6,8,10,-1,-1,-1,-1,12,-1,-1,14,-1,-1],"split_conditions":[9.0150964E-1,2.9967272E-1,1E0,2.0006132E-1,7.9871607E-1,2.2683715E-2,9.613037E-2,-5.552826E-2,-1.3867187E-2,4.0008754E-1,1.1474609E-2,-7.6774596E-3,4.9966386E-1,-1.9577027E-3,-6.673177E-4],"split_indices":[0,0,0,0,0,0,0,0,0,0,0,0,0,0,0],"split_type":[0,0,0,0,0,0,0,0,0,0,0,0,0,0,0],"sum_hessian":[9E0,7E0,2E0,2E0,5E0,1E0,1E0,1E0,1E0,4E0,1E0,1E0,3E0,1E0,2E0],"tree_param":{"num_deleted":"0","num_feature":"2","num_nodes":"15","size_leaf_vector":"1"}},{"base_weights":[9.552002E-2,-1.6278076E-1,7.524821E-1,-4.39504E-1,2.7109783E-3,2.1548463E-2,9.132385E-2,-5.2751925E-2,-1.3173676E-2,-4.035034E-2,1.0900879E-2,-7.293701E-3,-1.3969421E-2,-1.8600464E-3,-6.225586E-4],"categories":[],"categories_nodes":[],"categories_segments":[],"categories_sizes":[],"default_left":[0,0,0,0,0,0,0,0,0,0,0,0,0,0,0],"id":99,"left_children":[1,3,5,7,9,-1,-1,-1,-1,11,-1,-1,13,-1,-1],"loss_changes":[1.8194277E0,3.6755475E-1,6.2188506E-2,1.1770964E-2,3.1862486E-2,0E0,0E0,0E0,0E0,3.2794438E-3,0E0,0E0,2.7649337E-5,0E0,0E0],"parents":[2147483647,0,0,1,1,2,2,3,3,4,4,9,9,12,12],"right_children":[2,4,6,8,10,-1,-1,-1,-1,12,-1,-1,14,-1,-1],"split_conditions":[9.0150964E-1,2.9967272E-1,1E0,2.0006132E-1,7.9871607E-1,2.1548463E-2,9.132385E-2,-5.2751925E-2,-1.3173676E-2,4.0008754E-1,1.0900879E-2,-7.293701E-3,4.9966386E-1,-1.8600464E-3,-6.225586E-4],"split_indices":[0,0,0,0,0,0,0,0,0,0,0,0,0,0,0],"split_type":[0,0,0,0,0,0,0,0,0,0,0,0,0,0,0],"sum_hessian":[9E0,7E0,2E0,2E0,5E0,1E0,1E0,1E0,1E0,4E0,1E0,1E0,3E0,1E0,2E0],"tree_param":{"num_deleted":"0","num_feature":"2","num_nodes":"15","size_leaf_vector":"1"}}]},"name":"gbtree"},"learner_model_param":{"base_score":"3.5266666E2","boost_from_average":"1","num_class":"0","num_feature":"2","num_target":"1"},"objective":{"name":"reg:squarederror","reg_loss_param":{"scale_pos_weight":"1"}}},"version":[2,1,1]}