{"learner":{"attributes":{"scikit_learn":"{\"_estimator_type\": \"regressor\"}"},"feature_names":[],"feature_types":[],"gradient_booster":{"model":{"gbtree_model_param":{"num_parallel_tree":"1","num_trees":"100"},"iteration_indptr":[0,1,2,3,4,5,6,7,8,9,10,11,12,13,14,15,16,17,18,19,20,21,22,23,24,25,26,27,28,29,30,31,32,33,34,35,36,37,38,39,40,41,42,43,44,45,46,47,48,49,50,51,52,53,54,55,56,57,58,59,60,61,62,63,64,65,66,67,68,69,70,71,72,73,74,75,76,77,78,79,80,81,82,83,84,85,86,87,88,89,90,91,92,93,94,95,96,97,98,99,100],"tree_info":[0,0,0,0,0,0,0,0,0,0,0,0,0,0,0,0,0,0,0,0,0,0,0,0,0,0,0,0,0,0,0,0,0,0,0,0,0,0,0,0,0,0,0,0,0,0,0,0,0,0,0,0,0,0,0,0,0,0,0,0,0,0,0,0,0,0,0,0,0,0,0,0,0,0,0,0,0,0,0,0,0,0,0,0,0,0,0,0,0,0,0,0,0,0,0,0,0,0,0,0],"trees":[{"base_weights":[9.155274E-6,-4.7733326E0,3.9777786E1,9.555562E0,5.250001E0,2.666672E-1,1.1666672E0],"categories":[],"categories_nodes":[],"categories_segments":[],"categories_sizes":[],"default_left":[0,0,0,0,0,0,0],"id":0,"left_children":[1,-1,3,5,-1,-1,-1],"loss_changes":[2.0885984E4,0E0,1.8052959E3,1.2518463E1,0E0,0E0,0E0],"parents":[2147483647,0,0,2,2,3,3],"right_children":[2,-1,4,6,-1,-1,-1],"split_conditions":[6.1272323E-1,-4.7733326E0,8.0405504E-1,6.9572175E-1,5.250001E0,2.666672E-1,1.1666672E0],"split_indices":[0,0,0,0,0,0,0],"split_type":[0,0,0,0,0,0,0],"sum_hessian":[9E0,4E0,5E0,2E0,3E0,1E0,1E0],"tree_param":{"num_deleted":"0","num_feature":"2","num_nodes":"7","size_leaf_vector":"1"}},{"base_weights":[1.9101563E-1,-4.391465E0,3.69139E1,9.077789E0,4.856251E0,2.5333405E-1,1.1083344E0],"categories":[],"categories_nodes":[],"categories_segments":[],"categories_sizes":[],"default_left":[0,0,0,0,0,0,0],"id":1,"left_children":[1,-1,3,5,-1,-1,-1],"loss_changes":[1.7817934E4,0E0,1.5046714E3,1.1297867E1,0E0,0E0,0E0],"parents":[2147483647,0,0,2,2,3,3],"right_children":[2,-1,4,6,-1,-1,-1],"split_conditions":[6.1272323E-1,-4.391465E0,8.0405504E-1,6.9572175E-1,4.856251E0,2.5333405E-1,1.1083344E0],"split_indices":[0,0,0,0,0,0,0],"split_type":[0,0,0,0,0,0,0],"sum_hessian":[9E0,4E0,5E0,2E0,3E0,1E0,1E0],"tree_param":{"num_deleted":"0","num_feature":"2","num_nodes":"7","size_leaf_vector":"1"}},{"base_weights":[3.5456237E-1,-4.040147E0,3.4258823E1,8.623901E0,4.492031E0,2.4066773E-1,1.0529175E0],"categories":[],"categories_nodes":[],"categories_segments":[],"categories_sizes":[],"default_left":[0,0,0,0,0,0,0],"id":2,"left_children":[1,-1,3,5,-1,-1,-1],"loss_changes":[1.5202138E4,0E0,1.2524497E3,1.0196213E1,0E0,0E0,0E0],"parents":[2147483647,0,0,2,2,3,3],"right_children":[2,-1,4,6,-1,-1,-1],"split_conditions":[6.1272323E-1,-4.040147E0,8.0405504E-1,6.9572175E-1,4.492031E0,2.4066773E-1,1.0529175E0],"split_indices":[0,0,0,0,0,0,0],"split_type":[0,0,0,0,0,0,0],"sum_hessian":[9E0,4E0,5E0,2E0,3E0,1E0,1E0],"tree_param":{"num_deleted":"0","num_feature":"2","num_nodes":"7","size_leaf_vector":"1"}},{"base_weights":[4.9365845E-1,-3.7169334E1,3.179721E1,-4.0846252E0,-1.1230835E0,8.192708E0,4.1551285E0,2.2863464E-1,1.0002717E0],"categories":[],"categories_nodes":[],"categories_segments":[],"categories_sizes":[],"default_left":[0,0,0,0,0,0,0,0,0],"id":3,"left_children":[1,3,5,-1,-1,7,-1,-1,-1],"loss_changes":[1.2971737E4,1.813086E1,1.041023E3,0E0,0E0,9.202011E0,0E0,0E0,0E0],"parents":[2147483647,0,0,1,1,2,2,5,5],"right_children":[2,4,6,-1,-1,8,-1,-1,-1],"split_conditions":[6.1272323E-1,4.0725446E-1,8.0405504E-1,-4.0846252E0,-1.1230835E0,6.9572175E-1,4.1551285E0,2.2863464E-1,1.0002717E0],"split_indices":[0,0,0,0,0,0,0,0,0],"split_type":[0,0,0,0,0,0,0,0,0],"sum_hessian":[9E0,4E0,5E0,3E0,1E0,2E0,3E0,1E0,1E0],"tree_param":{"num_deleted":"0","num_feature":"2","num_nodes":"9","size_leaf_vector":"1"}},{"base_weights":[4.6192628E-1,-3.4493947E0,2.9514832E1,7.783071E0,3.8434944E0,2.1720277E-1,9.502579E-1],"categories":[],"categories_nodes":[],"categories_segments":[],"categories_sizes":[],"default_left":[0,0,0,0,0,0,0],"id":4,"left_children":[1,-1,3,5,-1,-1,-1],"loss_changes":[1.1173778E4,0E0,8.6395654E2,8.30484E0,0E0,0E0,0E0],"parents":[2147483647,0,0,2,2,3,3],"right_children":[2,-1,4,6,-1,-1,-1],"split_conditions":[6.1272323E-1,-3.4493947E0,8.0405504E-1,6.9572175E-1,3.8434944E0,2.1720277E-1,9.502579E-1],"split_indices":[0,0,0,0,0,0,0],"split_type":[0,0,0,0,0,0,0],"sum_hessian":[9E0,4E0,5E0,2E0,3E0,1E0,1E0],"tree_param":{"num_deleted":"0","num_feature":"2","num_nodes":"7","size_leaf_vector":"1"}},{"base_weights":[5.7189023E-1,-3.1734425E1,2.7398504E1,-3.5195732E0,-8.9445955E-1,7.393921E0,3.5552316E0,2.0634308E-1,9.0274507E-1],"categories":[],"categories_nodes":[],"categories_segments":[],"categories_sizes":[],"default_left":[0,0,0,0,0,0,0,0,0],"id":5,"left_children":[1,3,5,-1,-1,7,-1,-1,-1],"loss_changes":[9.536165E3,7.960156E1,7.1581055E2,0E0,0E0,7.4950104E0,0E0,0E0,0E0],"parents":[2147483647,0,0,1,1,2,2,5,5],"right_children":[2,4,6,-1,-1,8,-1,-1,-1],"split_conditions":[6.1272323E-1,4.0725446E-1,8.0405504E-1,-3.5195732E0,-8.9445955E-1,6.9572175E-1,3.5552316E0,2.0634308E-1,9.0274507E-1],"split_indices":[0,0,0,0,0,0,0,0,0],"split_type":[0,0,0,0,0,0,0,0,0],"sum_hessian":[9E0,4E0,5E0,3E0,1E0,2E0,3E0,1E0,1E0],"tree_param":{"num_deleted":"0","num_feature":"2","num_nodes":"9","size_leaf_vector":"1"}},{"base_weights":[5.397278E-1,-2.9443792E1,2.543604E1,-3.2556062E0,-8.4973603E-1,7.024231E0,3.2885888E0,1.9602661E-1,8.57608E-1],"categories":[],"categories_nodes":[],"categories_segments":[],"categories_sizes":[],"default_left":[0,0,0,0,0,0,0,0,0],"id":6,"left_children":[1,3,5,-1,-1,7,-1,-1,-1],"loss_changes":[8.213725E3,4.9313965E1,5.919929E2,0E0,0E0,6.764145E0,0E0,0E0,0E0],"parents":[2147483647,0,0,1,1,2,2,5,5],"right_children":[2,4,6,-1,-1,8,-1,-1,-1],"split_conditions":[6.1272323E-1,4.0725446E-1,8.0405504E-1,-3.2556062E0,-8.4973603E-1,6.9572175E-1,3.2885888E0,1.9602661E-1,8.57608E-1],"split_indices":[0,0,0,0,0,0,0,0,0],"split_type":[0,0,0,0,0,0,0,0,0],"sum_hessian":[9E0,4E0,5E0,3E0,1E0,2E0,3E0,1E0,1E0],"tree_param":{"num_deleted":"0","num_feature":"2","num_nodes":"9","size_leaf_vector":"1"}},{"base_weights":[5.0945127E-1,-2.7320477E1,2.361615E1,-3.011435E0,-8.072495E-1,9.727921E0,3.426174E0,1.8622589E-1,1.1729054E0],"categories":[],"categories_nodes":[],"categories_segments":[],"categories_sizes":[],"default_left":[0,0,0,0,0,0,0,0,0],"id":7,"left_children":[1,3,5,-1,-1,7,-1,-1,-1],"loss_changes":[7.0757827E3,2.5783936E1,5.537949E2,0E0,0E0,4.111841E1,0E0,0E0,0E0],"parents":[2147483647,0,0,1,1,2,2,5,5],"right_children":[2,4,6,-1,-1,8,-1,-1,-1],"split_conditions":[6.1272323E-1,4.0725446E-1,9.1335565E-1,-3.011435E0,-8.072495E-1,6.9572175E-1,3.426174E0,1.8622589E-1,1.1729054E0],"split_indices":[0,0,0,0,0,0,0,0,0],"split_type":[0,0,0,0,0,0,0,0,0],"sum_hessian":[9E0,4E0,5E0,3E0,1E0,3E0,2E0,1E0,2E0],"tree_param":{"num_deleted":"0","num_feature":"2","num_nodes":"9","size_leaf_vector":"1"}},{"base_weights":[5.551697E-1,-2.5352161E1,2.2052084E1,-2.7855766E0,-7.668869E-1,9.09491E0,3.1977623E0,1.7691498E-1,1.0947113E0],"categories":[],"categories_nodes":[],"categories_segments":[],"categories_sizes":[],"default_left":[0,0,0,0,0,0,0,0,0],"id":8,"left_children":[1,3,5,-1,-1,7,-1,-1,-1],"loss_changes":[6.1283447E3,7.737793E0,4.808081E2,0E0,0E0,3.490811E1,0E0,0E0,0E0],"parents":[2147483647,0,0,1,1,2,2,5,5],"right_children":[2,4,6,-1,-1,8,-1,-1,-1],"split_conditions":[6.1272323E-1,4.0725446E-1,9.1335565E-1,-2.7855766E0,-7.668869E-1,6.9572175E-1,3.1977623E0,1.7691498E-1,1.0947113E0],"split_indices":[0,0,0,0,0,0,0,0,0],"split_type":[0,0,0,0,0,0,0,0,0],"sum_hessian":[9E0,4E0,5E0,3E0,1E0,3E0,2E0,1E0,2E0],"tree_param":{"num_deleted":"0","num_feature":"2","num_nodes":"9","size_leaf_vector":"1"}},{"base_weights":[5.913483E-1,-2.3527436E0,2.0591776E1,8.503326E0,2.9845786E0,1.6806947E-1,1.0217305E0],"categories":[],"categories_nodes":[],"categories_segments":[],"categories_sizes":[],"default_left":[0,0,0,0,0,0,0],"id":9,"left_children":[1,-1,3,5,-1,-1,-1],"loss_changes":[5.3083315E3,0E0,4.1741113E2,2.9603241E1,0E0,0E0,0E0],"parents":[2147483647,0,0,2,2,3,3],"right_children":[2,-1,4,6,-1,-1,-1],"split_conditions":[6.1272323E-1,-2.3527436E0,9.1335565E-1,6.9572175E-1,2.9845786E0,1.6806947E-1,1.0217305E0],"split_indices":[0,0,0,0,0,0,0],"split_type":[0,0,0,0,0,0,0],"sum_hessian":[9E0,4E0,5E0,3E0,2E0,1E0,2E0],"tree_param":{"num_deleted":"0","num_feature":"2","num_nodes":"7","size_leaf_vector":"1"}},{"base_weights":[7.143799E-1,-2.1645233E1,1.9228327E1,-2.6668458E0,-9.406932E-1,7.950447E0,2.785606E0,1.5966645E-1,9.536153E-1],"categories":[],"categories_nodes":[],"categories_segments":[],"categories_sizes":[],"default_left":[0,0,0,0,0,0,0,0,0],"id":10,"left_children":[1,3,5,-1,-1,7,-1,-1,-1],"loss_changes":[4.5558486E3,5.6510498E1,3.6234717E2,0E0,0E0,2.507489E1,0E0,0E0,0E0],"parents":[2147483647,0,0,1,1,2,2,5,5],"right_children":[2,4,6,-1,-1,8,-1,-1,-1],"split_conditions":[6.1272323E-1,2.8954613E-1,9.1335565E-1,-2.6668458E0,-9.406932E-1,6.9572175E-1,2.785606E0,1.5966645E-1,9.536153E-1],"split_indices":[0,0,0,0,0,0,0,0,0],"split_type":[0,0,0,0,0,0,0,0,0],"sum_hessian":[9E0,4E0,5E0,2E0,2E0,3E0,2E0,1E0,2E0],"tree_param":{"num_deleted":"0","num_feature":"2","num_nodes":"9","size_leaf_vector":"1"}},{"base_weights":[6.720764E-1,-2.0202215E1,1.7955307E1,-2.4890563E0,-8.779796E-1,7.4337234E0,2.5998983E0,1.5168305E-1,8.9004105E-1],"categories":[],"categories_nodes":[],"categories_segments":[],"categories_sizes":[],"default_left":[0,0,0,0,0,0,0,0,0],"id":11,"left_children":[1,3,5,-1,-1,7,-1,-1,-1],"loss_changes":[3.970489E3,4.9227295E1,3.1452405E2,0E0,0E0,2.121251E1,0E0,0E0,0E0],"parents":[2147483647,0,0,1,1,2,2,5,5],"right_children":[2,4,6,-1,-1,8,-1,-1,-1],"split_conditions":[6.1272323E-1,2.8954613E-1,9.1335565E-1,-2.4890563E0,-8.779796E-1,6.9572175E-1,2.5998983E0,1.5168305E-1,8.9004105E-1],"split_indices":[0,0,0,0,0,0,0,0,0],"split_type":[0,0,0,0,0,0,0,0,0],"sum_hessian":[9E0,4E0,5E0,2E0,2E0,3E0,2E0,1E0,2E0],"tree_param":{"num_deleted":"0","num_feature":"2","num_nodes":"9","size_leaf_vector":"1"}},{"base_weights":[6.323303E-1,-1.8855402E1,1.6766718E1,-2.32312E0,-8.1944686E-1,6.950783E0,2.4265726E0,1.4409943E-1,8.307048E-1],"categories":[],"categories_nodes":[],"categories_segments":[],"categories_sizes":[],"default_left":[0,0,0,0,0,0,0,0,0],"id":12,"left_children":[1,3,5,-1,-1,7,-1,-1,-1],"loss_changes":[3.4603696E3,4.2883057E1,2.729928E2,0E0,0E0,1.7920517E1,0E0,0E0,0E0],"parents":[2147483647,0,0,1,1,2,2,5,5],"right_children":[2,4,6,-1,-1,8,-1,-1,-1],"split_conditions":[6.1272323E-1,2.8954613E-1,9.1335565E-1,-2.32312E0,-8.1944686E-1,6.9572175E-1,2.4265726E0,1.4409943E-1,8.307048E-1],"split_indices":[0,0,0,0,0,0,0,0,0],"split_type":[0,0,0,0,0,0,0,0,0],"sum_hessian":[9E0,4E0,5E0,2E0,2E0,3E0,2E0,1E0,2E0],"tree_param":{"num_deleted":"0","num_feature":"2","num_nodes":"9","size_leaf_vector":"1"}},{"base_weights":[5.949768E-1,-1.759837E1,1.5656937E1,-2.1682456E0,-7.648163E-1,6.4993973E0,2.264801E0,1.3689423E-1,7.753235E-1],"categories":[],"categories_nodes":[],"categories_segments":[],"categories_sizes":[],"default_left":[0,0,0,0,0,0,0,0,0],"id":13,"left_children":[1,3,5,-1,-1,7,-1,-1,-1],"loss_changes":[3.015811E3,3.7356567E1,2.3692761E2,0E0,0E0,1.5117294E1,0E0,0E0,0E0],"parents":[2147483647,0,0,1,1,2,2,5,5],"right_children":[2,4,6,-1,-1,8,-1,-1,-1],"split_conditions":[6.1272323E-1,2.8954613E-1,9.1335565E-1,-2.1682456E0,-7.648163E-1,6.9572175E-1,2.264801E0,1.3689423E-1,7.753235E-1],"split_indices":[0,0,0,0,0,0,0,0,0],"split_type":[0,0,0,0,0,0,0,0,0],"sum_hessian":[9E0,4E0,5E0,2E0,2E0,3E0,2E0,1E0,2E0],"tree_param":{"num_deleted":"0","num_feature":"2","num_nodes":"9","size_leaf_vector":"1"}},{"base_weights":[5.5987245E-1,-1.6425146E1,1.4620743E1,-1.8327652E0,-4.4075623E-1,6.077507E0,2.1138144E0,1.3004914E-1,7.236349E-1],"categories":[],"categories_nodes":[],"categories_segments":[],"categories_sizes":[],"default_left":[0,0,0,0,0,0,0,0,0],"id":14,"left_children":[1,3,5,-1,-1,7,-1,-1,-1],"loss_changes":[2.6283894E3,3.3537476E1,2.0561096E2,0E0,0E0,1.2732407E1,0E0,0E0,0E0],"parents":[2147483647,0,0,1,1,2,2,5,5],"right_children":[2,4,6,-1,-1,8,-1,-1,-1],"split_conditions":[6.1272323E-1,4.0725446E-1,9.1335565E-1,-1.8327652E0,-4.4075623E-1,6.9572175E-1,2.1138144E0,1.3004914E-1,7.236349E-1],"split_indices":[0,0,0,0,0,0,0,0,0],"split_type":[0,0,0,0,0,0,0,0,0],"sum_hessian":[9E0,4E0,5E0,3E0,1E0,3E0,2E0,1E0,2E0],"tree_param":{"num_deleted":"0","num_feature":"2","num_nodes":"9","size_leaf_vector":"1"}},{"base_weights":[5.7328796E-1,-1.5237335E1,1.3653259E1,-1.9015115E0,-6.3804424E-1,5.683182E0,1.9728943E0,1.2354737E-1,6.753927E-1],"categories":[],"categories_nodes":[],"categories_segments":[],"categories_sizes":[],"default_left":[0,0,0,0,0,0,0,0,0],"id":15,"left_children":[1,3,5,-1,-1,7,-1,-1,-1],"loss_changes":[2.2760642E3,4.5972168E1,1.7841882E2,0E0,0E0,1.0705154E1,0E0,0E0,0E0],"parents":[2147483647,0,0,1,1,2,2,5,5],"right_children":[2,4,6,-1,-1,8,-1,-1,-1],"split_conditions":[6.1272323E-1,2.8954613E-1,9.1335565E-1,-1.9015115E0,-6.3804424E-1,6.9572175E-1,1.9728943E0,1.2354737E-1,6.753927E-1],"split_indices":[0,0,0,0,0,0,0,0,0],"split_type":[0,0,0,0,0,0,0,0,0],"sum_hessian":[9E0,4E0,5E0,2E0,2E0,3E0,2E0,1E0,2E0],"tree_param":{"num_deleted":"0","num_feature":"2","num_nodes":"9","size_leaf_vector":"1"}},{"base_weights":[5.391876E-1,-1.4221515E1,1.2749908E1,-1.7747437E0,-5.955088E-1,5.3146057E0,1.8413676E0,1.17370605E-1,6.3036704E-1],"categories":[],"categories_nodes":[],"categories_segments":[],"categories_sizes":[],"default_left":[0,0,0,0,0,0,0,0,0],"id":16,"left_children":[1,3,5,-1,-1,7,-1,-1,-1],"loss_changes":[1.9837112E3,4.0046265E1,1.5480951E2,0E0,0E0,8.98381E0,0E0,0E0,0E0],"parents":[2147483647,0,0,1,1,2,2,5,5],"right_children":[2,4,6,-1,-1,8,-1,-1,-1],"split_conditions":[6.1272323E-1,2.8954613E-1,9.1335565E-1,-1.7747437E0,-5.955088E-1,6.9572175E-1,1.8413676E0,1.17370605E-1,6.3036704E-1],"split_indices":[0,0,0,0,0,0,0,0,0],"split_type":[0,0,0,0,0,0,0,0,0],"sum_hessian":[9E0,4E0,5E0,2E0,2E0,3E0,2E0,1E0,2E0],"tree_param":{"num_deleted":"0","num_feature":"2","num_nodes":"9","size_leaf_vector":"1"}},{"base_weights":[5.071564E-1,-1.3273407E1,1.1906433E1,-1.656427E0,-5.5580753E-1,4.9700775E0,1.7186097E0,1.1150207E-1,5.883423E-1],"categories":[],"categories_nodes":[],"categories_segments":[],"categories_sizes":[],"default_left":[0,0,0,0,0,0,0,0,0],"id":17,"left_children":[1,3,5,-1,-1,7,-1,-1,-1],"loss_changes":[1.7289236E3,3.488507E1,1.3431354E2,0E0,0E0,7.523857E0,0E0,0E0,0E0],"parents":[2147483647,0,0,1,1,2,2,5,5],"right_children":[2,4,6,-1,-1,8,-1,-1,-1],"split_conditions":[6.1272323E-1,2.8954613E-1,9.1335565E-1,-1.656427E0,-5.5580753E-1,6.9572175E-1,1.7186097E0,1.1150207E-1,5.883423E-1],"split_indices":[0,0,0,0,0,0,0,0,0],"split_type":[0,0,0,0,0,0,0,0,0],"sum_hessian":[9E0,4E0,5E0,2E0,2E0,3E0,2E0,1E0,2E0],"tree_param":{"num_deleted":"0","num_feature":"2","num_nodes":"9","size_leaf_vector":"1"}},{"base_weights":[4.7706604E-1,-1.2388507E1,1.1118866E1,-1.5459981E0,-5.1875305E-1,3.018758E-1,1.441423E0],"categories":[],"categories_nodes":[],"categories_segments":[],"categories_sizes":[],"default_left":[0,0,0,0,0,0,0],"id":18,"left_children":[1,3,5,-1,-1,-1,-1],"loss_changes":[1.5068748E3,3.0388916E1,1.1664374E2,0E0,0E0,0E0,0E0],"parents":[2147483647,0,0,1,1,2,2],"right_children":[2,4,6,-1,-1,-1,-1],"split_conditions":[6.1272323E-1,2.8954613E-1,8.0405504E-1,-1.5459981E0,-5.1875305E-1,3.018758E-1,1.441423E0],"split_indices":[0,0,0,0,0,0,0],"split_type":[0,0,0,0,0,0,0],"sum_hessian":[9E0,4E0,5E0,2E0,2E0,2E0,3E0],"tree_param":{"num_deleted":"0","num_feature":"2","num_nodes":"7","size_leaf_vector":"1"}},{"base_weights":[3.972107E-1,-1.1562604E1,1.0297521E1,-1.442931E0,-4.8416954E-1,4.1367264E0,1.5079406E0,9.0832524E-2,4.9100852E-1],"categories":[],"categories_nodes":[],"categories_segments":[],"categories_sizes":[],"default_left":[0,0,0,0,0,0,0,0,0],"id":19,"left_children":[1,3,5,-1,-1,7,-1,-1,-1],"loss_changes":[1.3031249E3,2.6472046E1,1.143819E2,0E0,0E0,5.5268936E0,0E0,0E0,0E0],"parents":[2147483647,0,0,1,1,2,2,5,5],"right_children":[2,4,6,-1,-1,8,-1,-1,-1],"split_conditions":[6.1272323E-1,2.8954613E-1,9.1335565E-1,-1.442931E0,-4.8416954E-1,6.9572175E-1,1.5079406E0,9.0832524E-2,4.9100852E-1],"split_indices":[0,0,0,0,0,0,0,0,0],"split_type":[0,0,0,0,0,0,0,0,0],"sum_hessian":[9E0,4E0,5E0,2E0,2E0,3E0,2E0,1E0,2E0],"tree_param":{"num_deleted":"0","num_feature":"2","num_nodes":"9","size_leaf_vector":"1"}},{"base_weights":[3.73761E-1,-1.0791766E1,9.616074E0,-1.3467357E0,-4.518921E-1,3.8685226E0,1.4074117E0,8.629151E-2,4.5827538E-1],"categories":[],"categories_nodes":[],"categories_segments":[],"categories_sizes":[],"default_left":[0,0,0,0,0,0,0,0,0],"id":20,"left_children":[1,3,5,-1,-1,7,-1,-1,-1],"loss_changes":[1.1357273E3,2.3059937E1,9.9290955E1,0E0,0E0,4.632263E0,0E0,0E0,0E0],"parents":[2147483647,0,0,1,1,2,2,5,5],"right_children":[2,4,6,-1,-1,8,-1,-1,-1],"split_conditions":[6.1272323E-1,2.8954613E-1,9.1335565E-1,-1.3467357E0,-4.518921E-1,6.9572175E-1,1.4074117E0,8.629151E-2,4.5827538E-1],"split_indices":[0,0,0,0,0,0,0,0,0],"split_type":[0,0,0,0,0,0,0,0,0],"sum_hessian":[9E0,4E0,5E0,2E0,2E0,3E0,2E0,1E0,2E0],"tree_param":{"num_deleted":"0","num_feature":"2","num_nodes":"9","size_leaf_vector":"1"}},{"base_weights":[3.517212E-1,-1.0072309E1,8.979793E0,-1.256953E0,-4.2176515E-1,3.6178055E0,1.3135844E0,8.197632E-2,4.2772317E-1],"categories":[],"categories_nodes":[],"categories_segments":[],"categories_sizes":[],"default_left":[0,0,0,0,0,0,0,0,0],"id":21,"left_children":[1,3,5,-1,-1,7,-1,-1,-1],"loss_changes":[9.8983997E2,2.0087982E1,8.618521E1,0E0,0E0,3.874096E0,0E0,0E0,0E0],"parents":[2147483647,0,0,1,1,2,2,5,5],"right_children":[2,4,6,-1,-1,8,-1,-1,-1],"split_conditions":[6.1272323E-1,2.8954613E-1,9.1335565E-1,-1.256953E0,-4.2176515E-1,6.9572175E-1,1.3135844E0,8.197632E-2,4.2772317E-1],"split_indices":[0,0,0,0,0,0,0,0,0],"split_type":[0,0,0,0,0,0,0,0,0],"sum_hessian":[9E0,4E0,5E0,2E0,2E0,3E0,2E0,1E0,2E0],"tree_param":{"num_deleted":"0","num_feature":"2","num_nodes":"9","size_leaf_vector":"1"}},{"base_weights":[3.3099976E-1,-9.400824E0,8.385686E0,-1.1731557E0,-3.9364827E-1,3.3834457E0,1.2260112E0,7.787781E-2,3.9920756E-1],"categories":[],"categories_nodes":[],"categories_segments":[],"categories_sizes":[],"default_left":[0,0,0,0,0,0,0,0,0],"id":22,"left_children":[1,3,5,-1,-1,7,-1,-1,-1],"loss_changes":[8.627003E2,1.7498566E1,7.4803406E1,0E0,0E0,3.23217E0,0E0,0E0,0E0],"parents":[2147483647,0,0,1,1,2,2,5,5],"right_children":[2,4,6,-1,-1,8,-1,-1,-1],"split_conditions":[6.1272323E-1,2.8954613E-1,9.1335565E-1,-1.1731557E0,-3.9364827E-1,6.9572175E-1,1.2260112E0,7.787781E-2,3.9920756E-1],"split_indices":[0,0,0,0,0,0,0,0,0],"split_type":[0,0,0,0,0,0,0,0,0],"sum_hessian":[9E0,4E0,5E0,2E0,2E0,3E0,2E0,1E0,2E0],"tree_param":{"num_deleted":"0","num_feature":"2","num_nodes":"9","size_leaf_vector":"1"}},{"base_weights":[3.1152955E-1,-8.774103E0,7.8309684E0,-9.888939E-1,-2.1573792E-1,3.1643753E0,1.144277E0,7.3983766E-2,3.725942E-1],"categories":[],"categories_nodes":[],"categories_segments":[],"categories_sizes":[],"default_left":[0,0,0,0,0,0,0,0,0],"id":23,"left_children":[1,3,5,-1,-1,7,-1,-1,-1],"loss_changes":[7.5189825E2,1.5548645E1,6.491965E1,0E0,0E0,2.6895638E0,0E0,0E0,0E0],"parents":[2147483647,0,0,1,1,2,2,5,5],"right_children":[2,4,6,-1,-1,8,-1,-1,-1],"split_conditions":[6.1272323E-1,4.0725446E-1,9.1335565E-1,-9.888939E-1,-2.1573792E-1,6.9572175E-1,1.144277E0,7.3983766E-2,3.725942E-1],"split_indices":[0,0,0,0,0,0,0,0,0],"split_type":[0,0,0,0,0,0,0,0,0],"sum_hessian":[9E0,4E0,5E0,3E0,1E0,3E0,2E0,1E0,2E0],"tree_param":{"num_deleted":"0","num_feature":"2","num_nodes":"9","size_leaf_vector":"1"}},{"base_weights":[3.189972E-1,-8.137622E0,7.3130136E0,-1.0290192E0,-3.2725117E-1,2.959587E0,1.0679911E0,7.028504E-2,3.4775493E-1],"categories":[],"categories_nodes":[],"categories_segments":[],"categories_sizes":[],"default_left":[0,0,0,0,0,0,0,0,0],"id":24,"left_children":[1,3,5,-1,-1,7,-1,-1,-1],"loss_changes":[6.509679E2,1.8687653E1,5.6337128E1,0E0,0E0,2.2314224E0,0E0,0E0,0E0],"parents":[2147483647,0,0,1,1,2,2,5,5],"right_children":[2,4,6,-1,-1,8,-1,-1,-1],"split_conditions":[6.1272323E-1,2.8954613E-1,9.1335565E-1,-1.0290192E0,-3.2725117E-1,6.9572175E-1,1.0679911E0,7.028504E-2,3.4775493E-1],"split_indices":[0,0,0,0,0,0,0,0,0],"split_type":[0,0,0,0,0,0,0,0,0],"sum_hessian":[9E0,4E0,5E0,2E0,2E0,3E0,2E0,1E0,2E0],"tree_param":{"num_deleted":"0","num_feature":"2","num_nodes":"9","size_leaf_vector":"1"}},{"base_weights":[3.0007324E-1,-7.595117E0,6.829386E0,-9.604177E-1,-3.0543518E-1,2.7681427E0,9.9679154E-1,6.677093E-2,3.2457173E-1],"categories":[],"categories_nodes":[],"categories_segments":[],"categories_sizes":[],"default_left":[0,0,0,0,0,0,0,0,0],"id":25,"left_children":[1,3,5,-1,-1,7,-1,-1,-1],"loss_changes":[5.6737164E2,1.6278809E1,4.8885376E1,0E0,0E0,1.8452606E0,0E0,0E0,0E0],"parents":[2147483647,0,0,1,1,2,2,5,5],"right_children":[2,4,6,-1,-1,8,-1,-1,-1],"split_conditions":[6.1272323E-1,2.8954613E-1,9.1335565E-1,-9.604177E-1,-3.0543518E-1,6.9572175E-1,9.9679154E-1,6.677093E-2,3.2457173E-1],"split_indices":[0,0,0,0,0,0,0,0,0],"split_type":[0,0,0,0,0,0,0,0,0],"sum_hessian":[9E0,4E0,5E0,2E0,2E0,3E0,2E0,1E0,2E0],"tree_param":{"num_deleted":"0","num_feature":"2","num_nodes":"9","size_leaf_vector":"1"}},{"base_weights":[2.8229064E-1,-7.0887756E0,6.3777976E0,-8.963898E-1,-2.8507283E-1,2.589157E0,9.3033856E-1,6.343231E-2,3.0293274E-1],"categories":[],"categories_nodes":[],"categories_segments":[],"categories_sizes":[],"default_left":[0,0,0,0,0,0,0,0,0],"id":26,"left_children":[1,3,5,-1,-1,7,-1,-1,-1],"loss_changes":[4.9451465E2,1.4180618E1,4.2416077E1,0E0,0E0,1.5202675E0,0E0,0E0,0E0],"parents":[2147483647,0,0,1,1,2,2,5,5],"right_children":[2,4,6,-1,-1,8,-1,-1,-1],"split_conditions":[6.1272323E-1,2.8954613E-1,9.1335565E-1,-8.963898E-1,-2.8507283E-1,6.9572175E-1,9.3033856E-1,6.343231E-2,3.0293274E-1],"split_indices":[0,0,0,0,0,0,0,0,0],"split_type":[0,0,0,0,0,0,0,0,0],"sum_hessian":[9E0,4E0,5E0,2E0,2E0,3E0,2E0,1E0,2E0],"tree_param":{"num_deleted":"0","num_feature":"2","num_nodes":"9","size_leaf_vector":"1"}},{"base_weights":[2.6558533E-1,-6.616193E0,5.956136E0,-8.366303E-1,-2.6606855E-1,2.4218292E0,8.6831665E-1,6.026001E-2,2.8273723E-1],"categories":[],"categories_nodes":[],"categories_segments":[],"categories_sizes":[],"default_left":[0,0,0,0,0,0,0,0,0],"id":27,"left_children":[1,3,5,-1,-1,7,-1,-1,-1],"loss_changes":[4.31018E2,1.2352753E1,3.6799835E1,0E0,0E0,1.2473278E0,0E0,0E0,0E0],"parents":[2147483647,0,0,1,1,2,2,5,5],"right_children":[2,4,6,-1,-1,8,-1,-1,-1],"split_conditions":[6.1272323E-1,2.8954613E-1,9.1335565E-1,-8.366303E-1,-2.6606855E-1,6.9572175E-1,8.6831665E-1,6.026001E-2,2.8273723E-1],"split_indices":[0,0,0,0,0,0,0,0,0],"split_type":[0,0,0,0,0,0,0,0,0],"sum_hessian":[9E0,4E0,5E0,2E0,2E0,3E0,2E0,1E0,2E0],"tree_param":{"num_deleted":"0","num_feature":"2","num_nodes":"9","size_leaf_vector":"1"}},{"base_weights":[2.4988708E-1,-6.17511E0,5.562403E0,-7.8085536E-1,-2.4832967E-1,2.2653885E0,8.104289E-1,5.72464E-2,2.6388752E-1],"categories":[],"categories_nodes":[],"categories_segments":[],"categories_sizes":[],"default_left":[0,0,0,0,0,0,0,0,0],"id":28,"left_children":[1,3,5,-1,-1,7,-1,-1,-1],"loss_changes":[3.7567743E2,1.0760895E1,3.1924454E1,0E0,0E0,1.0184784E0,0E0,0E0,0E0],"parents":[2147483647,0,0,1,1,2,2,5,5],"right_children":[2,4,6,-1,-1,8,-1,-1,-1],"split_conditions":[6.1272323E-1,2.8954613E-1,9.1335565E-1,-7.8085536E-1,-2.4832967E-1,6.9572175E-1,8.104289E-1,5.72464E-2,2.6388752E-1],"split_indices":[0,0,0,0,0,0,0,0,0],"split_type":[0,0,0,0,0,0,0,0,0],"sum_hessian":[9E0,4E0,5E0,2E0,2E0,3E0,2E0,1E0,2E0],"tree_param":{"num_deleted":"0","num_feature":"2","num_nodes":"9","size_leaf_vector":"1"}},{"base_weights":[2.3513488E-1,-5.76344E0,5.194758E0,-7.2879845E-1,-2.3177491E-1,2.664508E0,8.923004E-1,5.438385E-2,3.0587158E-1],"categories":[],"categories_nodes":[],"categories_segments":[],"categories_sizes":[],"default_left":[0,0,0,0,0,0,0,0,0],"id":29,"left_children":[1,3,5,-1,-1,7,-1,-1,-1],"loss_changes":[3.2744638E2,9.37381E0,3.282495E1,0E0,0E0,2.5164757E0,0E0,0E0,0E0],"parents":[2147483647,0,0,1,1,2,2,5,5],"right_children":[2,4,6,-1,-1,8,-1,-1,-1],"split_conditions":[6.1272323E-1,2.8954613E-1,1E0,-7.2879845E-1,-2.3177491E-1,6.9572175E-1,8.923004E-1,5.438385E-2,3.0587158E-1],"split_indices":[0,0,0,0,0,0,0,0,0],"split_type":[0,0,0,0,0,0,0,0,0],"sum_hessian":[9E0,4E0,5E0,2E0,2E0,4E0,1E0,1E0,3E0],"tree_param":{"num_deleted":"0","num_feature":"2","num_nodes":"9","size_leaf_vector":"1"}},{"base_weights":[2.4082032E-1,-5.379205E0,4.8840384E0,-6.802114E-1,-2.1632282E-1,2.470105E0,8.476853E-1,5.1664736E-2,2.8293076E-1],"categories":[],"categories_nodes":[],"categories_segments":[],"categories_sizes":[],"default_left":[0,0,0,0,0,0,0,0,0],"id":30,"left_children":[1,3,5,-1,-1,7,-1,-1,-1],"loss_changes":[2.8722226E2,8.16568E0,3.1098175E1,0E0,0E0,2.0466805E0,0E0,0E0,0E0],"parents":[2147483647,0,0,1,1,2,2,5,5],"right_children":[2,4,6,-1,-1,8,-1,-1,-1],"split_conditions":[6.1272323E-1,2.8954613E-1,1E0,-6.802114E-1,-2.1632282E-1,6.9572175E-1,8.476853E-1,5.1664736E-2,2.8293076E-1],"split_indices":[0,0,0,0,0,0,0,0,0],"split_type":[0,0,0,0,0,0,0,0,0],"sum_hessian":[9E0,4E0,5E0,2E0,2E0,4E0,1E0,1E0,3E0],"tree_param":{"num_deleted":"0","num_feature":"2","num_nodes":"9","size_leaf_vector":"1"}},{"base_weights":[2.4530944E-1,-5.0205994E0,4.592682E0,-7.2614825E-1,-2.6450083E-1,2.2900147E0,8.053009E-1,4.9081422E-2,2.6171112E-1],"categories":[],"categories_nodes":[],"categories_segments":[],"categories_sizes":[],"default_left":[0,0,0,0,0,0,0,0,0],"id":31,"left_children":[1,3,5,-1,-1,7,-1,-1,-1],"loss_changes":[2.519867E2,7.410431E0,2.9366379E1,0E0,0E0,1.6580467E0,0E0,0E0,0E0],"parents":[2147483647,0,0,1,1,2,2,5,5],"right_children":[2,4,6,-1,-1,8,-1,-1,-1],"split_conditions":[6.1272323E-1,1.02306545E-1,1E0,-7.2614825E-1,-2.6450083E-1,6.9572175E-1,8.053009E-1,4.9081422E-2,2.6171112E-1],"split_indices":[0,0,0,0,0,0,0,0,0],"split_type":[0,0,0,0,0,0,0,0,0],"sum_hessian":[9E0,4E0,5E0,1E0,3E0,4E0,1E0,1E0,3E0],"tree_param":{"num_deleted":"0","num_feature":"2","num_nodes":"9","size_leaf_vector":"1"}},{"base_weights":[2.3332062E-1,-4.716672E0,4.3194275E0,-6.8984073E-1,-2.4466363E-1,2.123169E0,7.6503605E-1,4.662781E-2,2.4208222E-1],"categories":[],"categories_nodes":[],"categories_segments":[],"categories_sizes":[],"default_left":[0,0,0,0,0,0,0,0,0],"id":32,"left_children":[1,3,5,-1,-1,7,-1,-1,-1],"loss_changes":[2.226353E2,7.885193E0,2.7650536E1,0E0,0E0,1.3371162E0,0E0,0E0,0E0],"parents":[2147483647,0,0,1,1,2,2,5,5],"right_children":[2,4,6,-1,-1,8,-1,-1,-1],"split_conditions":[6.1272323E-1,1.02306545E-1,1E0,-6.8984073E-1,-2.4466363E-1,6.9572175E-1,7.6503605E-1,4.662781E-2,2.4208222E-1],"split_indices":[0,0,0,0,0,0,0,0,0],"split_type":[0,0,0,0,0,0,0,0,0],"sum_hessian":[9E0,4E0,5E0,1E0,3E0,4E0,1E0,1E0,3E0],"tree_param":{"num_deleted":"0","num_feature":"2","num_nodes":"9","size_leaf_vector":"1"}},{"base_weights":[2.2190551E-1,-4.431909E0,4.0631003E0,-6.5534896E-1,-2.2631417E-1,1.9685853E0,7.2678375E-1,4.4296265E-2,2.2392502E-1],"categories":[],"categories_nodes":[],"categories_segments":[],"categories_sizes":[],"default_left":[0,0,0,0,0,0,0,0,0],"id":33,"left_children":[1,3,5,-1,-1,7,-1,-1,-1],"loss_changes":[1.9676936E2,8.174606E0,2.5966866E1,0E0,0E0,1.0727577E0,0E0,0E0,0E0],"parents":[2147483647,0,0,1,1,2,2,5,5],"right_children":[2,4,6,-1,-1,8,-1,-1,-1],"split_conditions":[6.1272323E-1,1.02306545E-1,1E0,-6.5534896E-1,-2.2631417E-1,6.9572175E-1,7.2678375E-1,4.4296265E-2,2.2392502E-1],"split_indices":[0,0,0,0,0,0,0,0,0],"split_type":[0,0,0,0,0,0,0,0,0],"sum_hessian":[9E0,4E0,5E0,1E0,3E0,4E0,1E0,1E0,3E0],"tree_param":{"num_deleted":"0","num_feature":"2","num_nodes":"9","size_leaf_vector":"1"}},{"base_weights":[2.1104583E-1,-4.165048E0,3.8226166E0,-6.225815E-1,-2.0934029E-1,1.8253601E0,6.9044495E-1,4.208069E-2,2.0712967E-1],"categories":[],"categories_nodes":[],"categories_segments":[],"categories_sizes":[],"default_left":[0,0,0,0,0,0,0,0,0],"id":34,"left_children":[1,3,5,-1,-1,7,-1,-1,-1],"loss_changes":[1.7396712E2,8.312744E0,2.4328156E1,0E0,0E0,8.555393E-1,0E0,0E0,0E0],"parents":[2147483647,0,0,1,1,2,2,5,5],"right_children":[2,4,6,-1,-1,8,-1,-1,-1],"split_conditions":[6.1272323E-1,1.02306545E-1,1E0,-6.225815E-1,-2.0934029E-1,6.9572175E-1,6.9044495E-1,4.208069E-2,2.0712967E-1],"split_indices":[0,0,0,0,0,0,0,0,0],"split_type":[0,0,0,0,0,0,0,0,0],"sum_hessian":[9E0,4E0,5E0,1E0,3E0,4E0,1E0,1E0,3E0],"tree_param":{"num_deleted":"0","num_feature":"2","num_nodes":"9","size_leaf_vector":"1"}},{"base_weights":[2.0072022E-1,-3.9149232E0,3.5969696E0,-5.9145206E-1,-1.9363938E-1,1.6926696E0,6.559235E-1,3.9976504E-2,1.9159546E-1],"categories":[],"categories_nodes":[],"categories_segments":[],"categories_sizes":[],"default_left":[0,0,0,0,0,0,0,0,0],"id":35,"left_children":[1,3,5,-1,-1,7,-1,-1,-1],"loss_changes":[1.5385936E2,8.328468E0,2.274363E1,0E0,0E0,6.774988E-1,0E0,0E0,0E0],"parents":[2147483647,0,0,1,1,2,2,5,5],"right_children":[2,4,6,-1,-1,8,-1,-1,-1],"split_conditions":[6.1272323E-1,1.02306545E-1,1E0,-5.9145206E-1,-1.9363938E-1,6.9572175E-1,6.559235E-1,3.9976504E-2,1.9159546E-1],"split_indices":[0,0,0,0,0,0,0,0,0],"split_type":[0,0,0,0,0,0,0,0,0],"sum_hessian":[9E0,4E0,5E0,1E0,3E0,4E0,1E0,1E0,3E0],"tree_param":{"num_deleted":"0","num_feature":"2","num_nodes":"9","size_leaf_vector":"1"}},{"base_weights":[1.9088897E-1,-3.6804535E0,3.3851929E0,-4.8740387E-1,-1.2600504E-1,1.5697205E0,6.2312776E-1,3.7977602E-2,1.7722626E-1],"categories":[],"categories_nodes":[],"categories_segments":[],"categories_sizes":[],"default_left":[0,0,0,0,0,0,0,0,0],"id":36,"left_children":[1,3,5,-1,-1,7,-1,-1,-1],"loss_changes":[1.3612149E2,8.303261E0,2.1220566E1,0E0,0E0,5.3200626E-1,0E0,0E0,0E0],"parents":[2147483647,0,0,1,1,2,2,5,5],"right_children":[2,4,6,-1,-1,8,-1,-1,-1],"split_conditions":[6.1272323E-1,2.8954613E-1,1E0,-4.8740387E-1,-1.2600504E-1,6.9572175E-1,6.2312776E-1,3.7977602E-2,1.7722626E-1],"split_indices":[0,0,0,0,0,0,0,0,0],"split_type":[0,0,0,0,0,0,0,0,0],"sum_hessian":[9E0,4E0,5E0,2E0,2E0,4E0,1E0,1E0,3E0],"tree_param":{"num_deleted":"0","num_feature":"2","num_nodes":"9","size_leaf_vector":"1"}},{"base_weights":[1.9429627E-1,-3.435089E0,3.1864014E0,-5.3750914E-1,-1.6063156E0,1.4557984E0,5.9197086E-1,-1.823639E-1,-4.7717284E-2,5.980835E-2,1.8282472E-1],"categories":[],"categories_nodes":[],"categories_segments":[],"categories_sizes":[],"default_left":[0,0,0,0,0,0,0,0,0,0,0],"id":37,"left_children":[1,3,5,-1,7,9,-1,-1,-1,-1,-1],"loss_changes":[1.19540596E2,9.10503E0,1.9763714E1,0E0,1.1136532E-1,5.0382996E-1,0E0,0E0,0E0,0E0,0E0],"parents":[2147483647,0,0,1,1,2,2,4,4,5,5],"right_children":[2,4,6,-1,8,10,-1,-1,-1,-1,-1],"split_conditions":[6.1272323E-1,1.02306545E-1,1E0,-5.3750914E-1,4.0725446E-1,8.0405504E-1,5.9197086E-1,-1.823639E-1,-4.7717284E-2,5.980835E-2,1.8282472E-1],"split_indices":[0,0,0,0,0,0,0,0,0,0,0],"split_type":[0,0,0,0,0,0,0,0,0,0,0],"sum_hessian":[9E0,4E0,5E0,1E0,3E0,4E0,1E0,2E0,1E0,2E0,2E0],"tree_param":{"num_deleted":"0","num_feature":"2","num_nodes":"11","size_leaf_vector":"1"}},{"base_weights":[1.8156585E-1,-3.2450957E0,3.0068562E0,-5.106339E-1,-1.5032005E0,1.3587402E0,5.6237185E-1,-1.702062E-1,-4.533081E-2,5.5820722E-2,1.7063598E-1],"categories":[],"categories_nodes":[],"categories_segments":[],"categories_sizes":[],"default_left":[0,0,0,0,0,0,0,0,0,0,0],"id":38,"left_children":[1,3,5,-1,7,9,-1,-1,-1,-1,-1],"loss_changes":[1.0657069E2,8.534599E0,1.8236187E1,0E0,6.357384E-2,4.3890285E-1,0E0,0E0,0E0,0E0,0E0],"parents":[2147483647,0,0,1,1,2,2,4,4,5,5],"right_children":[2,4,6,-1,8,10,-1,-1,-1,-1,-1],"split_conditions":[6.1272323E-1,1.02306545E-1,1E0,-5.106339E-1,4.0725446E-1,8.0405504E-1,5.6237185E-1,-1.702062E-1,-4.533081E-2,5.5820722E-2,1.7063598E-1],"split_indices":[0,0,0,0,0,0,0,0,0,0,0],"split_type":[0,0,0,0,0,0,0,0,0,0,0],"sum_hessian":[9E0,4E0,5E0,1E0,3E0,4E0,1E0,2E0,1E0,2E0,2E0],"tree_param":{"num_deleted":"0","num_feature":"2","num_nodes":"11","size_leaf_vector":"1"}},{"base_weights":[1.6967621E-1,-3.0658233E0,2.8376465E0,-4.851021E-1,-1.4067688E0,1.268164E0,5.3425294E-1,-1.5885925E-1,-4.306488E-2,5.209961E-2,1.5926108E-1],"categories":[],"categories_nodes":[],"categories_segments":[],"categories_sizes":[],"default_left":[0,0,0,0,0,0,0,0,0,0,0],"id":39,"left_children":[1,3,5,-1,7,9,-1,-1,-1,-1,-1],"loss_changes":[9.502189E1,7.984432E0,1.6813015E1,0E0,2.5802135E-2,3.8233662E-1,0E0,0E0,0E0,0E0,0E0],"parents":[2147483647,0,0,1,1,2,2,4,4,5,5],"right_children":[2,4,6,-1,8,10,-1,-1,-1,-1,-1],"split_conditions":[6.1272323E-1,1.02306545E-1,1E0,-4.851021E-1,4.0725446E-1,8.0405504E-1,5.3425294E-1,-1.5885925E-1,-4.306488E-2,5.209961E-2,1.5926108E-1],"split_indices":[0,0,0,0,0,0,0,0,0,0,0],"split_type":[0,0,0,0,0,0,0,0,0,0,0],"sum_hessian":[9E0,4E0,5E0,1E0,3E0,4E0,1E0,2E0,1E0,2E0,2E0],"tree_param":{"num_deleted":"0","num_feature":"2","num_nodes":"11","size_leaf_vector":"1"}},{"base_weights":[1.5856628E-1,-2.8966491E0,2.6781514E0,-4.6084672E-1,-1.316578E-1,1.1836182E0,5.075409E-1,2.7693177E-2,1.3410568E-1],"categories":[],"categories_nodes":[],"categories_segments":[],"categories_sizes":[],"default_left":[0,0,0,0,0,0,0,0,0],"id":40,"left_children":[1,3,5,-1,-1,7,-1,-1,-1],"loss_changes":[8.473642E1,7.456566E0,1.5489338E1,0E0,0E0,3.423562E-1,0E0,0E0,0E0],"parents":[2147483647,0,0,1,1,2,2,5,5],"right_children":[2,4,6,-1,-1,8,-1,-1,-1],"split_conditions":[6.1272323E-1,1.02306545E-1,1E0,-4.6084672E-1,-1.316578E-1,6.9572175E-1,5.075409E-1,2.7693177E-2,1.3410568E-1],"split_indices":[0,0,0,0,0,0,0,0,0],"split_type":[0,0,0,0,0,0,0,0,0],"sum_hessian":[9E0,4E0,5E0,1E0,3E0,4E0,1E0,1E0,3E0],"tree_param":{"num_deleted":"0","num_feature":"2","num_nodes":"9","size_leaf_vector":"1"}},{"base_weights":[1.5039673E-1,-2.7254882E0,2.5219014E0,-4.3780443E-1,-1.2178383E0,1.0976257E0,4.82164E-1,-1.3949229E-1,-3.4329224E-2,4.3234255E-2,1.3970338E-1],"categories":[],"categories_nodes":[],"categories_segments":[],"categories_sizes":[],"default_left":[0,0,0,0,0,0,0,0,0,0,0],"id":41,"left_children":[1,3,5,-1,7,9,-1,-1,-1,-1,-1],"loss_changes":[7.5075165E1,7.1256332E0,1.4360413E1,0E0,1.4060831E-1,3.9195824E-1,0E0,0E0,0E0,0E0,0E0],"parents":[2147483647,0,0,1,1,2,2,4,4,5,5],"right_children":[2,4,6,-1,8,10,-1,-1,-1,-1,-1],"split_conditions":[6.1272323E-1,1.02306545E-1,1E0,-4.3780443E-1,4.0725446E-1,8.0405504E-1,4.82164E-1,-1.3949229E-1,-3.4329224E-2,4.3234255E-2,1.3970338E-1],"split_indices":[0,0,0,0,0,0,0,0,0,0,0],"split_type":[0,0,0,0,0,0,0,0,0,0,0],"sum_hessian":[9E0,4E0,5E0,1E0,3E0,4E0,1E0,2E0,1E0,2E0,2E0],"tree_param":{"num_deleted":"0","num_feature":"2","num_nodes":"11","size_leaf_vector":"1"}},{"base_weights":[1.407013E-1,-2.5752625E0,2.3805542E0,-4.1591415E-1,-1.1395073E0,1.0244446E0,4.580551E-1,-1.3019256E-1,-3.261261E-2,4.0351357E-2,1.303894E-1],"categories":[],"categories_nodes":[],"categories_segments":[],"categories_sizes":[],"default_left":[0,0,0,0,0,0,0,0,0,0,0],"id":42,"left_children":[1,3,5,-1,7,9,-1,-1,-1,-1,-1],"loss_changes":[6.696415E1,6.6309395E0,1.3208099E1,0E0,1.0384035E-1,3.4145498E-1,0E0,0E0,0E0,0E0,0E0],"parents":[2147483647,0,0,1,1,2,2,4,4,5,5],"right_children":[2,4,6,-1,8,10,-1,-1,-1,-1,-1],"split_conditions":[6.1272323E-1,1.02306545E-1,1E0,-4.1591415E-1,4.0725446E-1,8.0405504E-1,4.580551E-1,-1.3019256E-1,-3.261261E-2,4.0351357E-2,1.303894E-1],"split_indices":[0,0,0,0,0,0,0,0,0,0,0],"split_type":[0,0,0,0,0,0,0,0,0,0,0],"sum_hessian":[9E0,4E0,5E0,1E0,3E0,4E0,1E0,2E0,1E0,2E0,2E0],"tree_param":{"num_deleted":"0","num_feature":"2","num_nodes":"11","size_leaf_vector":"1"}},{"base_weights":[1.3163605E-1,-2.4334807E0,2.2472942E0,-3.951187E-1,-1.0662575E0,9.5614624E-1,4.3515167E-1,-1.2151337E-1,-3.0981446E-2,3.7661742E-2,1.2169596E-1],"categories":[],"categories_nodes":[],"categories_segments":[],"categories_sizes":[],"default_left":[0,0,0,0,0,0,0,0,0,0,0],"id":43,"left_children":[1,3,5,-1,7,9,-1,-1,-1,-1,-1],"loss_changes":[5.9737854E1,6.1622314E0,1.214049E1,0E0,7.3999405E-2,2.9741573E-1,0E0,0E0,0E0,0E0,0E0],"parents":[2147483647,0,0,1,1,2,2,4,4,5,5],"right_children":[2,4,6,-1,8,10,-1,-1,-1,-1,-1],"split_conditions":[6.1272323E-1,1.02306545E-1,1E0,-3.951187E-1,4.0725446E-1,8.0405504E-1,4.3515167E-1,-1.2151337E-1,-3.0981446E-2,3.7661742E-2,1.2169596E-1],"split_indices":[0,0,0,0,0,0,0,0,0,0,0],"split_type":[0,0,0,0,0,0,0,0,0,0,0],"sum_hessian":[9E0,4E0,5E0,1E0,3E0,4E0,1E0,2E0,1E0,2E0,2E0],"tree_param":{"num_deleted":"0","num_feature":"2","num_nodes":"11","size_leaf_vector":"1"}},{"base_weights":[1.2315979E-1,-2.2996583E0,2.121648E0,-3.7536317E-1,-9.9775696E-1,8.924011E-1,4.1339418E-1,-1.1341248E-1,-2.9432679E-2,3.5151165E-2,1.13582365E-1],"categories":[],"categories_nodes":[],"categories_segments":[],"categories_sizes":[],"default_left":[0,0,0,0,0,0,0,0,0,0,0],"id":44,"left_children":[1,3,5,-1,7,9,-1,-1,-1,-1,-1],"loss_changes":[5.32988E1,5.7194366E0,1.11525E1,0E0,4.989767E-2,2.59068E-1,0E0,0E0,0E0,0E0,0E0],"parents":[2147483647,0,0,1,1,2,2,4,4,5,5],"right_children":[2,4,6,-1,8,10,-1,-1,-1,-1,-1],"split_conditions":[6.1272323E-1,1.02306545E-1,1E0,-3.7536317E-1,4.0725446E-1,8.0405504E-1,4.1339418E-1,-1.1341248E-1,-2.9432679E-2,3.5151165E-2,1.13582365E-1],"split_indices":[0,0,0,0,0,0,0,0,0,0,0],"split_type":[0,0,0,0,0,0,0,0,0,0,0],"sum_hessian":[9E0,4E0,5E0,1E0,3E0,4E0,1E0,2E0,1E0,2E0,2E0],"tree_param":{"num_deleted":"0","num_feature":"2","num_nodes":"11","size_leaf_vector":"1"}},{"base_weights":[1.1523285E-1,-2.1733367E0,2.0031688E0,-3.5659486E-1,-9.3369675E-1,8.3290404E-1,3.927246E-1,-1.0585175E-1,-2.7961731E-2,3.2807413E-2,1.0600992E-1],"categories":[],"categories_nodes":[],"categories_segments":[],"categories_sizes":[],"default_left":[0,0,0,0,0,0,0,0,0,0,0],"id":45,"left_children":[1,3,5,-1,7,9,-1,-1,-1,-1,-1],"loss_changes":[4.756029E1,5.30217E0,1.0239059E1,0E0,3.0590773E-2,2.2568345E-1,0E0,0E0,0E0,0E0,0E0],"parents":[2147483647,0,0,1,1,2,2,4,4,5,5],"right_children":[2,4,6,-1,8,10,-1,-1,-1,-1,-1],"split_conditions":[6.1272323E-1,1.02306545E-1,1E0,-3.5659486E-1,4.0725446E-1,8.0405504E-1,3.927246E-1,-1.0585175E-1,-2.7961731E-2,3.2807413E-2,1.0600992E-1],"split_indices":[0,0,0,0,0,0,0,0,0,0,0],"split_type":[0,0,0,0,0,0,0,0,0,0,0],"sum_hessian":[9E0,4E0,5E0,1E0,3E0,4E0,1E0,2E0,1E0,2E0,2E0],"tree_param":{"num_deleted":"0","num_feature":"2","num_nodes":"11","size_leaf_vector":"1"}},{"base_weights":[1.0782166E-1,-2.0540833E0,1.8914388E0,-3.3876497E-1,-8.737793E-1,7.7737427E-1,3.730881E-1,-9.879456E-2,-2.6564026E-2,3.0620322E-2,9.8942064E-2],"categories":[],"categories_nodes":[],"categories_segments":[],"categories_sizes":[],"default_left":[0,0,0,0,0,0,0,0,0,0,0],"id":46,"left_children":[1,3,5,-1,7,9,-1,-1,-1,-1,-1],"loss_changes":[4.2445282E1,4.9100094E0,9.395248E0,0E0,1.5277624E-2,1.9658661E-1,0E0,0E0,0E0,0E0,0E0],"parents":[2147483647,0,0,1,1,2,2,4,4,5,5],"right_children":[2,4,6,-1,8,10,-1,-1,-1,-1,-1],"split_conditions":[6.1272323E-1,1.02306545E-1,1E0,-3.3876497E-1,4.0725446E-1,8.0405504E-1,3.730881E-1,-9.879456E-2,-2.6564026E-2,3.0620322E-2,9.8942064E-2],"split_indices":[0,0,0,0,0,0,0,0,0,0,0],"split_type":[0,0,0,0,0,0,0,0,0,0,0],"sum_hessian":[9E0,4E0,5E0,1E0,3E0,4E0,1E0,2E0,1E0,2E0,2E0],"tree_param":{"num_deleted":"0","num_feature":"2","num_nodes":"11","size_leaf_vector":"1"}},{"base_weights":[1.0089417E-1,-1.9415039E0,1.7860769E0,-3.2182693E-1,-8.177452E-1,7.255554E-1,3.5443422E-1,-9.2208356E-2,-2.5236512E-2,1.5318299E-2,8.303528E-2],"categories":[],"categories_nodes":[],"categories_segments":[],"categories_sizes":[],"default_left":[0,0,0,0,0,0,0,0,0,0,0],"id":47,"left_children":[1,3,5,-1,7,9,-1,-1,-1,-1,-1],"loss_changes":[3.7885815E1,4.542158E0,8.616451E0,0E0,3.2615662E-3,1.7271972E-1,0E0,0E0,0E0,0E0,0E0],"parents":[2147483647,0,0,1,1,2,2,4,4,5,5],"right_children":[2,4,6,-1,8,10,-1,-1,-1,-1,-1],"split_conditions":[6.1272323E-1,1.02306545E-1,1E0,-3.2182693E-1,4.0725446E-1,6.9572175E-1,3.5443422E-1,-9.2208356E-2,-2.5236512E-2,1.5318299E-2,8.303528E-2],"split_indices":[0,0,0,0,0,0,0,0,0,0,0],"split_type":[0,0,0,0,0,0,0,0,0,0,0],"sum_hessian":[9E0,4E0,5E0,1E0,3E0,4E0,1E0,2E0,1E0,1E0,3E0],"tree_param":{"num_deleted":"0","num_feature":"2","num_nodes":"11","size_leaf_vector":"1"}},{"base_weights":[9.215393E-2,-1.8352112E0,1.6829325E0,-3.057358E-1,-7.653351E-2,6.7266846E-1,3.3671266E-1,2.5301108E-2,8.6810306E-2],"categories":[],"categories_nodes":[],"categories_segments":[],"categories_sizes":[],"default_left":[0,0,0,0,0,0,0,0,0],"id":48,"left_children":[1,3,5,-1,-1,7,-1,-1,-1],"loss_changes":[3.374865E1,4.1978245E0,7.943926E0,0E0,0E0,1.9043803E-1,0E0,0E0,0E0],"parents":[2147483647,0,0,1,1,2,2,5,5],"right_children":[2,4,6,-1,-1,8,-1,-1,-1],"split_conditions":[6.1272323E-1,1.02306545E-1,1E0,-3.057358E-1,-7.653351E-2,8.0405504E-1,3.3671266E-1,2.5301108E-2,8.6810306E-2],"split_indices":[0,0,0,0,0,0,0,0,0],"split_type":[0,0,0,0,0,0,0,0,0],"sum_hessian":[9E0,4E0,5E0,1E0,3E0,4E0,1E0,2E0,2E0],"tree_param":{"num_deleted":"0","num_feature":"2","num_nodes":"9","size_leaf_vector":"1"}},{"base_weights":[8.9595035E-2,-1.7281402E0,1.5894419E0,-2.9044876E-1,-7.079315E-1,6.2781984E-1,3.1987762E-1,-8.095907E-2,-2.0147705E-2,2.3614502E-2,8.1022136E-2],"categories":[],"categories_nodes":[],"categories_segments":[],"categories_sizes":[],"default_left":[0,0,0,0,0,0,0,0,0,0,0],"id":49,"left_children":[1,3,5,-1,7,9,-1,-1,-1,-1,-1],"loss_changes":[3.0010025E1,3.9444218E0,7.277173E0,0E0,4.28288E-2,1.658808E-1,0E0,0E0,0E0,0E0,0E0],"parents":[2147483647,0,0,1,1,2,2,4,4,5,5],"right_children":[2,4,6,-1,8,10,-1,-1,-1,-1,-1],"split_conditions":[6.1272323E-1,1.02306545E-1,1E0,-2.9044876E-1,4.0725446E-1,8.0405504E-1,3.1987762E-1,-8.095907E-2,-2.0147705E-2,2.3614502E-2,8.1022136E-2],"split_indices":[0,0,0,0,0,0,0,0,0,0,0],"split_type":[0,0,0,0,0,0,0,0,0,0,0],"sum_hessian":[9E0,4E0,5E0,1E0,3E0,4E0,1E0,2E0,1E0,2E0,2E0],"tree_param":{"num_deleted":"0","num_feature":"2","num_nodes":"11","size_leaf_vector":"1"}},{"base_weights":[8.392944E-2,-1.6336365E0,1.5012461E0,-2.759262E-1,-6.6241455E-1,5.8596194E-1,3.0388337E-1,-7.556152E-2,-1.9140625E-2,2.2039795E-2,7.5620525E-2],"categories":[],"categories_nodes":[],"categories_segments":[],"categories_sizes":[],"default_left":[0,0,0,0,0,0,0,0,0,0,0],"id":50,"left_children":[1,3,5,-1,7,9,-1,-1,-1,-1,-1],"loss_changes":[2.6795837E1,3.6383877E0,6.6633368E0,0E0,3.096366E-2,1.44508E-1,0E0,0E0,0E0,0E0,0E0],"parents":[2147483647,0,0,1,1,2,2,4,4,5,5],"right_children":[2,4,6,-1,8,10,-1,-1,-1,-1,-1],"split_conditions":[6.1272323E-1,1.02306545E-1,1E0,-2.759262E-1,4.0725446E-1,8.0405504E-1,3.0388337E-1,-7.556152E-2,-1.9140625E-2,2.2039795E-2,7.5620525E-2],"split_indices":[0,0,0,0,0,0,0,0,0,0,0],"split_type":[0,0,0,0,0,0,0,0,0,0,0],"sum_hessian":[9E0,4E0,5E0,1E0,3E0,4E0,1E0,2E0,1E0,2E0,2E0],"tree_param":{"num_deleted":"0","num_feature":"2","num_nodes":"11","size_leaf_vector":"1"}},{"base_weights":[7.862701E-2,-1.5444E0,1.418045E0,-2.6213E-1,-6.1985016E-1,5.4689944E-1,2.8868866E-1,-7.052409E-2,-1.81839E-2,2.0570882E-2,7.057902E-2],"categories":[],"categories_nodes":[],"categories_segments":[],"categories_sizes":[],"default_left":[0,0,0,0,0,0,0,0,0,0,0],"id":51,"left_children":[1,3,5,-1,7,9,-1,-1,-1,-1,-1],"loss_changes":[2.3929144E1,3.353424E0,6.098613E0,0E0,2.1368027E-2,1.2587297E-1,0E0,0E0,0E0,0E0,0E0],"parents":[2147483647,0,0,1,1,2,2,4,4,5,5],"right_children":[2,4,6,-1,8,10,-1,-1,-1,-1,-1],"split_conditions":[6.1272323E-1,1.02306545E-1,1E0,-2.6213E-1,4.0725446E-1,8.0405504E-1,2.8868866E-1,-7.052409E-2,-1.81839E-2,2.0570882E-2,7.057902E-2],"split_indices":[0,0,0,0,0,0,0,0,0,0,0],"split_type":[0,0,0,0,0,0,0,0,0,0,0],"sum_hessian":[9E0,4E0,5E0,1E0,3E0,4E0,1E0,2E0,1E0,2E0,2E0],"tree_param":{"num_deleted":"0","num_feature":"2","num_nodes":"11","size_leaf_vector":"1"}},{"base_weights":[7.366333E-2,-1.4601257E0,1.3395437E0,-2.4902344E-1,-5.8004E-1,5.10437E-1,2.7425385E-1,-6.582235E-2,-1.7274475E-2,1.9199627E-2,6.587321E-2],"categories":[],"categories_nodes":[],"categories_segments":[],"categories_sizes":[],"default_left":[0,0,0,0,0,0,0,0,0,0,0],"id":52,"left_children":[1,3,5,-1,7,9,-1,-1,-1,-1,-1],"loss_changes":[2.1371836E1,3.0884838E0,5.579501E0,0E0,1.36704445E-2,1.0964191E-1,0E0,0E0,0E0,0E0,0E0],"parents":[2147483647,0,0,1,1,2,2,4,4,5,5],"right_children":[2,4,6,-1,8,10,-1,-1,-1,-1,-1],"split_conditions":[6.1272323E-1,1.02306545E-1,1E0,-2.4902344E-1,4.0725446E-1,8.0405504E-1,2.7425385E-1,-6.582235E-2,-1.7274475E-2,1.9199627E-2,6.587321E-2],"split_indices":[0,0,0,0,0,0,0,0,0,0,0],"split_type":[0,0,0,0,0,0,0,0,0,0,0],"sum_hessian":[9E0,4E0,5E0,1E0,3E0,4E0,1E0,2E0,1E0,2E0,2E0],"tree_param":{"num_deleted":"0","num_feature":"2","num_nodes":"11","size_leaf_vector":"1"}},{"base_weights":[6.90155E-2,-1.3805358E0,1.2654724E0,-2.3657227E-1,-5.4280853E-1,4.764038E-1,2.6054078E-1,-6.143392E-2,-1.6410828E-2,1.7919922E-2,6.1480712E-2],"categories":[],"categories_nodes":[],"categories_segments":[],"categories_sizes":[],"default_left":[0,0,0,0,0,0,0,0,0,0,0],"id":53,"left_children":[1,3,5,-1,7,9,-1,-1,-1,-1,-1],"loss_changes":[1.9090288E1,2.842454E0,5.102579E0,0E0,7.5365305E-3,9.549761E-2,0E0,0E0,0E0,0E0,0E0],"parents":[2147483647,0,0,1,1,2,2,4,4,5,5],"right_children":[2,4,6,-1,8,10,-1,-1,-1,-1,-1],"split_conditions":[6.1272323E-1,1.02306545E-1,1E0,-2.3657227E-1,4.0725446E-1,8.0405504E-1,2.6054078E-1,-6.143392E-2,-1.6410828E-2,1.7919922E-2,6.1480712E-2],"split_indices":[0,0,0,0,0,0,0,0,0,0,0],"split_type":[0,0,0,0,0,0,0,0,0,0,0],"sum_hessian":[9E0,4E0,5E0,1E0,3E0,4E0,1E0,2E0,1E0,2E0,2E0],"tree_param":{"num_deleted":"0","num_feature":"2","num_nodes":"11","size_leaf_vector":"1"}},{"base_weights":[6.466675E-2,-1.305365E0,1.195582E0,-2.2474365E-1,-5.07988E-1,4.446411E-1,2.4751435E-1,-5.7338458E-2,-1.5589905E-2,8.120728E-3,5.1519778E-2],"categories":[],"categories_nodes":[],"categories_segments":[],"categories_sizes":[],"default_left":[0,0,0,0,0,0,0,0,0,0,0],"id":54,"left_children":[1,3,5,-1,7,9,-1,-1,-1,-1,-1],"loss_changes":[1.705457E1,2.6142607E0,4.6646996E0,0E0,2.7116537E-3,8.6375475E-2,0E0,0E0,0E0,0E0,0E0],"parents":[2147483647,0,0,1,1,2,2,4,4,5,5],"right_children":[2,4,6,-1,8,10,-1,-1,-1,-1,-1],"split_conditions":[6.1272323E-1,1.02306545E-1,1E0,-2.2474365E-1,4.0725446E-1,6.9572175E-1,2.4751435E-1,-5.7338458E-2,-1.5589905E-2,8.120728E-3,5.1519778E-2],"split_indices":[0,0,0,0,0,0,0,0,0,0,0],"split_type":[0,0,0,0,0,0,0,0,0,0,0],"sum_hessian":[9E0,4E0,5E0,1E0,3E0,4E0,1E0,2E0,1E0,1E0,3E0],"tree_param":{"num_deleted":"0","num_feature":"2","num_nodes":"11","size_leaf_vector":"1"}},{"base_weights":[5.9150696E-2,-1.2343597E0,1.1272177E0,-2.1350633E-1,-4.754181E-2,4.1210938E-1,2.3513794E-1,1.4737956E-2,5.3946942E-2],"categories":[],"categories_nodes":[],"categories_segments":[],"categories_sizes":[],"default_left":[0,0,0,0,0,0,0,0,0],"id":55,"left_children":[1,3,5,-1,-1,7,-1,-1,-1],"loss_changes":[1.5206948E1,2.4028583E0,4.283424E0,0E0,0E0,8.907318E-2,0E0,0E0,0E0],"parents":[2147483647,0,0,1,1,2,2,5,5],"right_children":[2,4,6,-1,-1,8,-1,-1,-1],"split_conditions":[6.1272323E-1,1.02306545E-1,1E0,-2.1350633E-1,-4.754181E-2,8.0405504E-1,2.3513794E-1,1.4737956E-2,5.3946942E-2],"split_indices":[0,0,0,0,0,0,0,0,0],"split_type":[0,0,0,0,0,0,0,0,0],"sum_hessian":[9E0,4E0,5E0,1E0,3E0,4E0,1E0,2E0,2E0],"tree_param":{"num_deleted":"0","num_feature":"2","num_nodes":"9","size_leaf_vector":"1"}},{"base_weights":[5.7511903E-2,-1.1631317E0,1.0651296E0,-2.0283127E-1,-4.397583E-1,3.8463134E-1,2.2338104E-1,-5.0345868E-2,-1.2432861E-2,1.3755291E-2,5.0349932E-2],"categories":[],"categories_nodes":[],"categories_segments":[],"categories_sizes":[],"default_left":[0,0,0,0,0,0,0,0,0,0,0],"id":56,"left_children":[1,3,5,-1,7,9,-1,-1,-1,-1,-1],"loss_changes":[1.3538306E1,2.237277E0,3.912518E0,0E0,1.7777681E-2,7.759076E-2,0E0,0E0,0E0,0E0,0E0],"parents":[2147483647,0,0,1,1,2,2,4,4,5,5],"right_children":[2,4,6,-1,8,10,-1,-1,-1,-1,-1],"split_conditions":[6.1272323E-1,1.02306545E-1,1E0,-2.0283127E-1,4.0725446E-1,8.0405504E-1,2.2338104E-1,-5.0345868E-2,-1.2432861E-2,1.3755291E-2,5.0349932E-2],"split_indices":[0,0,0,0,0,0,0,0,0,0,0],"split_type":[0,0,0,0,0,0,0,0,0,0,0],"sum_hessian":[9E0,4E0,5E0,1E0,3E0,4E0,1E0,2E0,1E0,2E0,2E0],"tree_param":{"num_deleted":"0","num_feature":"2","num_nodes":"11","size_leaf_vector":"1"}},{"base_weights":[5.394287E-2,-1.0999451E0,1.0065256E0,-1.9268952E-1,-4.1148376E-1,3.5898438E-1,2.1221161E-1,-4.698995E-2,-1.1811829E-2,1.2837728E-2,4.6993002E-2],"categories":[],"categories_nodes":[],"categories_segments":[],"categories_sizes":[],"default_left":[0,0,0,0,0,0,0,0,0,0,0],"id":57,"left_children":[1,3,5,-1,7,9,-1,-1,-1,-1,-1],"loss_changes":[1.2098861E1,2.05373E0,3.5725384E0,0E0,1.3044953E-2,6.75959E-2,0E0,0E0,0E0,0E0,0E0],"parents":[2147483647,0,0,1,1,2,2,4,4,5,5],"right_children":[2,4,6,-1,8,10,-1,-1,-1,-1,-1],"split_conditions":[6.1272323E-1,1.02306545E-1,1E0,-1.9268952E-1,4.0725446E-1,8.0405504E-1,2.1221161E-1,-4.698995E-2,-1.1811829E-2,1.2837728E-2,4.6993002E-2],"split_indices":[0,0,0,0,0,0,0,0,0,0,0],"split_type":[0,0,0,0,0,0,0,0,0,0,0],"sum_hessian":[9E0,4E0,5E0,1E0,3E0,4E0,1E0,2E0,1E0,2E0,2E0],"tree_param":{"num_deleted":"0","num_feature":"2","num_nodes":"11","size_leaf_vector":"1"}},{"base_weights":[5.0601196E-2,-1.0402466E0,9.5120746E-1,-1.8305512E-1,-3.8503265E-1,3.3504638E-1,2.0160066E-1,-4.385681E-2,-1.1221314E-2,1.1981201E-2,4.3859866E-2],"categories":[],"categories_nodes":[],"categories_segments":[],"categories_sizes":[],"default_left":[0,0,0,0,0,0,0,0,0,0,0],"id":58,"left_children":[1,3,5,-1,7,9,-1,-1,-1,-1,-1],"loss_changes":[1.0813733E1,1.8842707E0,3.2610703E0,0E0,9.208918E-3,5.88907E-2,0E0,0E0,0E0,0E0,0E0],"parents":[2147483647,0,0,1,1,2,2,4,4,5,5],"right_children":[2,4,6,-1,8,10,-1,-1,-1,-1,-1],"split_conditions":[6.1272323E-1,1.02306545E-1,1E0,-1.8305512E-1,4.0725446E-1,8.0405504E-1,2.0160066E-1,-4.385681E-2,-1.1221314E-2,1.1981201E-2,4.3859866E-2],"split_indices":[0,0,0,0,0,0,0,0,0,0,0],"split_type":[0,0,0,0,0,0,0,0,0,0,0],"sum_hessian":[9E0,4E0,5E0,1E0,3E0,4E0,1E0,2E0,1E0,2E0,2E0],"tree_param":{"num_deleted":"0","num_feature":"2","num_nodes":"11","size_leaf_vector":"1"}},{"base_weights":[4.747162E-2,-9.83847E-1,8.989919E-1,-1.7390214E-1,-3.6029816E-1,3.127075E-1,1.9152069E-1,-4.093323E-2,-1.0659791E-2,1.118164E-2,4.093628E-2],"categories":[],"categories_nodes":[],"categories_segments":[],"categories_sizes":[],"default_left":[0,0,0,0,0,0,0,0,0,0,0],"id":59,"left_children":[1,3,5,-1,7,9,-1,-1,-1,-1,-1],"loss_changes":[9.666359E0,1.7278743E0,2.9758458E0,0E0,6.125927E-3,5.1312447E-2,0E0,0E0,0E0,0E0,0E0],"parents":[2147483647,0,0,1,1,2,2,4,4,5,5],"right_children":[2,4,6,-1,8,10,-1,-1,-1,-1,-1],"split_conditions":[6.1272323E-1,1.02306545E-1,1E0,-1.7390214E-1,4.0725446E-1,8.0405504E-1,1.9152069E-1,-4.093323E-2,-1.0659791E-2,1.118164E-2,4.093628E-2],"split_indices":[0,0,0,0,0,0,0,0,0,0,0],"split_type":[0,0,0,0,0,0,0,0,0,0,0],"sum_hessian":[9E0,4E0,5E0,1E0,3E0,4E0,1E0,2E0,1E0,2E0,2E0],"tree_param":{"num_deleted":"0","num_feature":"2","num_nodes":"11","size_leaf_vector":"1"}},{"base_weights":[4.4543456E-2,-9.305603E-1,8.49706E-1,-1.6520691E-1,-3.3716583E-1,2.9187012E-1,1.8194428E-1,-3.820394E-2,-1.01272585E-2,4.489136E-3,3.42392E-2],"categories":[],"categories_nodes":[],"categories_segments":[],"categories_sizes":[],"default_left":[0,0,0,0,0,0,0,0,0,0,0],"id":60,"left_children":[1,3,5,-1,7,9,-1,-1,-1,-1,-1],"loss_changes":[8.641873E0,1.5836754E0,2.7146826E0,0E0,3.6513507E-3,4.7018677E-2,0E0,0E0,0E0,0E0,0E0],"parents":[2147483647,0,0,1,1,2,2,4,4,5,5],"right_children":[2,4,6,-1,8,10,-1,-1,-1,-1,-1],"split_conditions":[6.1272323E-1,1.02306545E-1,1E0,-1.6520691E-1,4.0725446E-1,6.9572175E-1,1.8194428E-1,-3.820394E-2,-1.01272585E-2,4.489136E-3,3.42392E-2],"split_indices":[0,0,0,0,0,0,0,0,0,0,0],"split_type":[0,0,0,0,0,0,0,0,0,0,0],"sum_hessian":[9E0,4E0,5E0,1E0,3E0,4E0,1E0,2E0,1E0,1E0,3E0],"tree_param":{"num_deleted":"0","num_feature":"2","num_nodes":"11","size_leaf_vector":"1"}},{"base_weights":[4.080353E-2,-8.802093E-1,8.015137E-1,-1.5694657E-1,-3.1552887E-1,2.7042848E-1,1.7284699E-1,-3.565674E-2,-9.6206665E-3,9.146119E-3,3.5925295E-2],"categories":[],"categories_nodes":[],"categories_segments":[],"categories_sizes":[],"default_left":[0,0,0,0,0,0,0,0,0,0,0],"id":61,"left_children":[1,3,5,-1,7,9,-1,-1,-1,-1,-1],"loss_changes":[7.7117386E0,1.4508362E0,2.4863288E0,0E0,1.6984642E-3,4.6625644E-2,0E0,0E0,0E0,0E0,0E0],"parents":[2147483647,0,0,1,1,2,2,4,4,5,5],"right_children":[2,4,6,-1,8,10,-1,-1,-1,-1,-1],"split_conditions":[6.1272323E-1,1.02306545E-1,1E0,-1.5694657E-1,4.0725446E-1,8.0405504E-1,1.7284699E-1,-3.565674E-2,-9.6206665E-3,9.146119E-3,3.5925295E-2],"split_indices":[0,0,0,0,0,0,0,0,0,0,0],"split_type":[0,0,0,0,0,0,0,0,0,0,0],"sum_hessian":[9E0,4E0,5E0,1E0,3E0,4E0,1E0,2E0,1E0,2E0,2E0],"tree_param":{"num_deleted":"0","num_feature":"2","num_nodes":"11","size_leaf_vector":"1"}},{"base_weights":[3.829193E-2,-4.5191002E-1,1.3327332E0,-1.4909898E-1,-9.047154E-2,3.5705566E-2,1.642044E-1,-2.9529572E-1,1.3697052E-1,-3.327942E-2,-9.140015E-3,3.8070679E-3,1.572469E-2],"categories":[],"categories_nodes":[],"categories_segments":[],"categories_sizes":[],"default_left":[0,0,0,0,0,0,0,0,0,0,0,0,0],"id":62,"left_children":[1,3,5,-1,7,-1,-1,9,11,-1,-1,-1,-1],"loss_changes":[6.9476514E0,2.869615E0,3.1906223E-1,0E0,3.6654624E-1,0E0,0E0,1.6567111E-4,2.034828E-3,0E0,0E0,0E0,0E0],"parents":[2147483647,0,0,1,1,2,2,4,4,7,7,8,8],"right_children":[2,4,6,-1,8,-1,-1,10,12,-1,-1,-1,-1],"split_conditions":[9.1335565E-1,1.02306545E-1,1E0,-1.4909898E-1,6.1272323E-1,3.5705566E-2,1.642044E-1,4.0725446E-1,6.9572175E-1,-3.327942E-2,-9.140015E-3,3.8070679E-3,1.572469E-2],"split_indices":[0,0,0,0,0,0,0,0,0,0,0,0,0],"split_type":[0,0,0,0,0,0,0,0,0,0,0,0,0],"sum_hessian":[9E0,7E0,2E0,1E0,6E0,1E0,1E0,3E0,3E0,2E0,1E0,1E0,2E0],"tree_param":{"num_deleted":"0","num_feature":"2","num_nodes":"13","size_leaf_vector":"1"}},{"base_weights":[3.725586E-2,-4.2821503E-1,1.2660929E0,-1.4164428E-1,-8.469064E-2,3.3920288E-2,1.5599366E-1,-2.763672E-2,1.2815857E-1,3.616333E-3,1.4676921E-2],"categories":[],"categories_nodes":[],"categories_segments":[],"categories_sizes":[],"default_left":[0,0,0,0,0,0,0,0,0,0,0],"id":63,"left_children":[1,3,5,-1,7,-1,-1,-1,9,-1,-1],"loss_changes":[6.262039E0,2.5958836E0,2.8794765E-1,0E0,3.2100624E-1,0E0,0E0,0E0,1.5406981E-3,0E0,0E0],"parents":[2147483647,0,0,1,1,2,2,4,4,8,8],"right_children":[2,4,6,-1,8,-1,-1,-1,10,-1,-1],"split_conditions":[9.1335565E-1,1.02306545E-1,1E0,-1.4164428E-1,6.1272323E-1,3.3920288E-2,1.5599366E-1,-2.763672E-2,6.9572175E-1,3.616333E-3,1.4676921E-2],"split_indices":[0,0,0,0,0,0,0,0,0,0,0],"split_type":[0,0,0,0,0,0,0,0,0,0,0],"sum_hessian":[9E0,7E0,2E0,1E0,6E0,1E0,1E0,3E0,3E0,1E0,2E0],"tree_param":{"num_deleted":"0","num_feature":"2","num_nodes":"11","size_leaf_vector":"1"}},{"base_weights":[3.742218E-2,-4.0426445E-1,1.2027792E0,-1.3456193E-1,-7.755388E-2,3.222351E-2,1.4819336E-1,-2.5563812E-1,1.1991882E-1,-2.9218545E-2,-7.2998046E-3,3.4362793E-3,1.3698324E-2],"categories":[],"categories_nodes":[],"categories_segments":[],"categories_sizes":[],"default_left":[0,0,0,0,0,0,0,0,0,0,0,0,0],"id":64,"left_children":[1,3,5,-1,7,-1,-1,9,11,-1,-1,-1,-1],"loss_changes":[5.6334667E0,2.3560462E0,2.59892E-1,0E0,2.7682325E-1,0E0,0E0,5.371064E-3,1.1327267E-3,0E0,0E0,0E0,0E0],"parents":[2147483647,0,0,1,1,2,2,4,4,7,7,8,8],"right_children":[2,4,6,-1,8,-1,-1,10,12,-1,-1,-1,-1],"split_conditions":[9.1335565E-1,1.02306545E-1,1E0,-1.3456193E-1,6.1272323E-1,3.222351E-2,1.4819336E-1,4.0725446E-1,6.9572175E-1,-2.9218545E-2,-7.2998046E-3,3.4362793E-3,1.3698324E-2],"split_indices":[0,0,0,0,0,0,0,0,0,0,0,0,0],"split_type":[0,0,0,0,0,0,0,0,0,0,0,0,0],"sum_hessian":[9E0,7E0,2E0,1E0,6E0,1E0,1E0,3E0,3E0,2E0,1E0,1E0,2E0],"tree_param":{"num_deleted":"0","num_feature":"2","num_nodes":"13","size_leaf_vector":"1"}},{"base_weights":[3.6325075E-2,-3.8308334E-1,1.1426392E0,-1.2783356E-1,-7.25708E-2,3.0612184E-2,1.407837E-1,-2.392044E-1,1.12205505E-1,-2.7270509E-2,-6.9351196E-3,3.2638551E-3,1.2784831E-2],"categories":[],"categories_nodes":[],"categories_segments":[],"categories_sizes":[],"default_left":[0,0,0,0,0,0,0,0,0,0,0,0,0],"id":65,"left_children":[1,3,5,-1,7,-1,-1,9,11,-1,-1,-1,-1],"loss_changes":[5.0777006E0,2.1311264E0,2.3455787E-1,0E0,2.4236965E-1,0E0,0E0,3.848359E-3,8.058138E-4,0E0,0E0,0E0,0E0],"parents":[2147483647,0,0,1,1,2,2,4,4,7,7,8,8],"right_children":[2,4,6,-1,8,-1,-1,10,12,-1,-1,-1,-1],"split_conditions":[9.1335565E-1,1.02306545E-1,1E0,-1.2783356E-1,6.1272323E-1,3.0612184E-2,1.407837E-1,4.0725446E-1,6.9572175E-1,-2.7270509E-2,-6.9351196E-3,3.2638551E-3,1.2784831E-2],"split_indices":[0,0,0,0,0,0,0,0,0,0,0,0,0],"split_type":[0,0,0,0,0,0,0,0,0,0,0,0,0],"sum_hessian":[9E0,7E0,2E0,1E0,6E0,1E0,1E0,3E0,3E0,2E0,1E0,1E0,2E0],"tree_param":{"num_deleted":"0","num_feature":"2","num_nodes":"13","size_leaf_vector":"1"}},{"base_weights":[3.5232544E-2,-3.6302567E-1,1.0855103E0,-1.21441655E-1,-6.791033E-2,2.9081726E-2,1.3374482E-1,-2.238388E-1,1.0499573E-1,-2.5452677E-2,-6.5887454E-3,3.100586E-3,1.1932373E-2],"categories":[],"categories_nodes":[],"categories_segments":[],"categories_sizes":[],"default_left":[0,0,0,0,0,0,0,0,0,0,0,0,0],"id":66,"left_children":[1,3,5,-1,7,-1,-1,9,11,-1,-1,-1,-1],"loss_changes":[4.576885E0,1.9275966E0,2.1168661E-1,0E0,2.1222895E-1,0E0,0E0,2.6187003E-3,5.407743E-4,0E0,0E0,0E0,0E0],"parents":[2147483647,0,0,1,1,2,2,4,4,7,7,8,8],"right_children":[2,4,6,-1,8,-1,-1,10,12,-1,-1,-1,-1],"split_conditions":[9.1335565E-1,1.02306545E-1,1E0,-1.21441655E-1,6.1272323E-1,2.9081726E-2,1.3374482E-1,4.0725446E-1,6.9572175E-1,-2.5452677E-2,-6.5887454E-3,3.100586E-3,1.1932373E-2],"split_indices":[0,0,0,0,0,0,0,0,0,0,0,0,0],"split_type":[0,0,0,0,0,0,0,0,0,0,0,0,0],"sum_hessian":[9E0,7E0,2E0,1E0,6E0,1E0,1E0,3E0,3E0,2E0,1E0,1E0,2E0],"tree_param":{"num_deleted":"0","num_feature":"2","num_nodes":"13","size_leaf_vector":"1"}},{"base_weights":[3.414459E-2,-3.4403038E-1,1.0312296E0,-1.1536942E-1,-6.355067E-2,2.7627563E-2,1.2705688E-1,-2.0946503E-1,9.825134E-2,-2.37559E-2,-6.2591555E-3,2.9449463E-3,1.1136881E-2],"categories":[],"categories_nodes":[],"categories_segments":[],"categories_sizes":[],"default_left":[0,0,0,0,0,0,0,0,0,0,0,0,0],"id":67,"left_children":[1,3,5,-1,7,-1,-1,9,11,-1,-1,-1,-1],"loss_changes":[4.1255E0,1.7434359E0,1.9104314E-1,0E0,1.8584487E-1,0E0,0E0,1.6358495E-3,3.302768E-4,0E0,0E0,0E0,0E0],"parents":[2147483647,0,0,1,1,2,2,4,4,7,7,8,8],"right_children":[2,4,6,-1,8,-1,-1,10,12,-1,-1,-1,-1],"split_conditions":[9.1335565E-1,1.02306545E-1,1E0,-1.1536942E-1,6.1272323E-1,2.7627563E-2,1.2705688E-1,4.0725446E-1,6.9572175E-1,-2.37559E-2,-6.2591555E-3,2.9449463E-3,1.1136881E-2],"split_indices":[0,0,0,0,0,0,0,0,0,0,0,0,0],"split_type":[0,0,0,0,0,0,0,0,0,0,0,0,0],"sum_hessian":[9E0,7E0,2E0,1E0,6E0,1E0,1E0,3E0,3E0,2E0,1E0,1E0,2E0],"tree_param":{"num_deleted":"0","num_feature":"2","num_nodes":"13","size_leaf_vector":"1"}},{"base_weights":[3.3071898E-2,-3.2603836E-1,9.796753E-1,-1.09600835E-1,-5.947004E-2,2.6246643E-2,1.2070465E-1,-1.9602203E-1,9.194946E-2,-2.217204E-2,-5.9463503E-3,2.798462E-3,1.0394287E-2],"categories":[],"categories_nodes":[],"categories_segments":[],"categories_sizes":[],"default_left":[0,0,0,0,0,0,0,0,0,0,0,0,0],"id":68,"left_children":[1,3,5,-1,7,-1,-1,9,11,-1,-1,-1,-1],"loss_changes":[3.7187614E0,1.5768173E0,1.7240906E-1,0E0,1.6276056E-1,0E0,0E0,8.530468E-4,1.5982613E-4,0E0,0E0,0E0,0E0],"parents":[2147483647,0,0,1,1,2,2,4,4,7,7,8,8],"right_children":[2,4,6,-1,8,-1,-1,10,12,-1,-1,-1,-1],"split_conditions":[9.1335565E-1,1.02306545E-1,1E0,-1.09600835E-1,6.1272323E-1,2.6246643E-2,1.2070465E-1,4.0725446E-1,6.9572175E-1,-2.217204E-2,-5.9463503E-3,2.798462E-3,1.0394287E-2],"split_indices":[0,0,0,0,0,0,0,0,0,0,0,0,0],"split_type":[0,0,0,0,0,0,0,0,0,0,0,0,0],"sum_hessian":[9E0,7E0,2E0,1E0,6E0,1E0,1E0,3E0,3E0,2E0,1E0,1E0,2E0],"tree_param":{"num_deleted":"0","num_feature":"2","num_nodes":"13","size_leaf_vector":"1"}},{"base_weights":[3.200531E-2,-3.0900383E-1,9.306946E-1,-1.04120634E-1,-5.5659704E-2,2.4934387E-2,1.146698E-1,-1.8344879E-1,8.604431E-2,-2.069397E-2,-5.648804E-3,2.658081E-3,9.700521E-3],"categories":[],"categories_nodes":[],"categories_segments":[],"categories_sizes":[],"default_left":[0,0,0,0,0,0,0,0,0,0,0,0,0],"id":69,"left_children":[1,3,5,-1,7,-1,-1,9,11,-1,-1,-1,-1],"loss_changes":[3.3522007E0,1.4260406E0,1.5560007E-1,0E0,1.4254232E-1,0E0,0E0,2.4007261E-4,2.861768E-5,0E0,0E0,0E0,0E0],"parents":[2147483647,0,0,1,1,2,2,4,4,7,7,8,8],"right_children":[2,4,6,-1,8,-1,-1,10,12,-1,-1,-1,-1],"split_conditions":[9.1335565E-1,1.02306545E-1,1E0,-1.04120634E-1,6.1272323E-1,2.4934387E-2,1.146698E-1,4.0725446E-1,6.9572175E-1,-2.069397E-2,-5.648804E-3,2.658081E-3,9.700521E-3],"split_indices":[0,0,0,0,0,0,0,0,0,0,0,0,0],"split_type":[0,0,0,0,0,0,0,0,0,0,0,0,0],"sum_hessian":[9E0,7E0,2E0,1E0,6E0,1E0,1E0,3E0,3E0,2E0,1E0,1E0,2E0],"tree_param":{"num_deleted":"0","num_feature":"2","num_nodes":"13","size_leaf_vector":"1"}},{"base_weights":[3.0952454E-2,-2.9286766E-1,8.841553E-1,-9.891434E-2,-5.2093506E-2,2.3687745E-2,1.0893555E-1,-1.716919E-1,8.052826E-3,-2.2568513E-2,-7.846578E-3],"categories":[],"categories_nodes":[],"categories_segments":[],"categories_sizes":[],"default_left":[0,0,0,0,0,0,0,0,0,0,0],"id":70,"left_children":[1,3,5,-1,7,-1,-1,9,-1,-1,-1],"loss_changes":[3.0217829E0,1.2896335E0,1.4042091E-1,0E0,1.2485549E-1,0E0,0E0,2.42576E-3,0E0,0E0,0E0],"parents":[2147483647,0,0,1,1,2,2,4,4,7,7],"right_children":[2,4,6,-1,8,-1,-1,10,-1,-1,-1],"split_conditions":[9.1335565E-1,1.02306545E-1,1E0,-9.891434E-2,6.1272323E-1,2.3687745E-2,1.0893555E-1,2.8954613E-1,8.052826E-3,-2.2568513E-2,-7.846578E-3],"split_indices":[0,0,0,0,0,0,0,0,0,0,0],"split_type":[0,0,0,0,0,0,0,0,0,0,0],"sum_hessian":[9E0,7E0,2E0,1E0,6E0,1E0,1E0,3E0,3E0,1E0,2E0],"tree_param":{"num_deleted":"0","num_feature":"2","num_nodes":"11","size_leaf_vector":"1"}},{"base_weights":[2.8988648E-2,-2.7874374E-1,8.399455E-1,-9.3968965E-2,-5.0081525E-2,2.2503663E-2,1.0348816E-1,-1.6212845E-1,7.448578E-2,-2.1440124E-2,-7.32371E-3,2.1224977E-3,8.516439E-3],"categories":[],"categories_nodes":[],"categories_segments":[],"categories_sizes":[],"default_left":[0,0,0,0,0,0,0,0,0,0,0,0,0],"id":71,"left_children":[1,3,5,-1,7,-1,-1,9,11,-1,-1,-1,-1],"loss_changes":[2.7297065E0,1.1620057E0,1.267178E-1,0E0,1.0977794E-1,0E0,0E0,2.8842762E-3,4.6739355E-4,0E0,0E0,0E0,0E0],"parents":[2147483647,0,0,1,1,2,2,4,4,7,7,8,8],"right_children":[2,4,6,-1,8,-1,-1,10,12,-1,-1,-1,-1],"split_conditions":[9.1335565E-1,1.02306545E-1,1E0,-9.3968965E-2,6.1272323E-1,2.2503663E-2,1.0348816E-1,2.8954613E-1,6.9572175E-1,-2.1440124E-2,-7.32371E-3,2.1224977E-3,8.516439E-3],"split_indices":[0,0,0,0,0,0,0,0,0,0,0,0,0],"split_type":[0,0,0,0,0,0,0,0,0,0,0,0,0],"sum_hessian":[9E0,7E0,2E0,1E0,6E0,1E0,1E0,3E0,3E0,1E0,2E0,1E0,2E0],"tree_param":{"num_deleted":"0","num_feature":"2","num_nodes":"13","size_leaf_vector":"1"}},{"base_weights":[2.7479554E-2,-2.6488304E-1,7.979533E-1,-8.9270785E-2,-4.76641E-2,2.1379089E-2,9.8313905E-2,-1.5310669E-1,6.969452E-2,-2.0368194E-2,-6.8354285E-3,2.0156861E-3,7.948812E-3],"categories":[],"categories_nodes":[],"categories_segments":[],"categories_sizes":[],"default_left":[0,0,0,0,0,0,0,0,0,0,0,0,0],"id":72,"left_children":[1,3,5,-1,7,-1,-1,9,11,-1,-1,-1,-1],"loss_changes":[2.4639413E0,1.0484535E0,1.14349484E-1,0E0,9.729287E-2,0E0,0E0,3.2229647E-3,3.3837743E-4,0E0,0E0,0E0,0E0],"parents":[2147483647,0,0,1,1,2,2,4,4,7,7,8,8],"right_children":[2,4,6,-1,8,-1,-1,10,12,-1,-1,-1,-1],"split_conditions":[9.1335565E-1,1.02306545E-1,1E0,-8.9270785E-2,6.1272323E-1,2.1379089E-2,9.8313905E-2,2.8954613E-1,6.9572175E-1,-2.0368194E-2,-6.8354285E-3,2.0156861E-3,7.948812E-3],"split_indices":[0,0,0,0,0,0,0,0,0,0,0,0,0],"split_type":[0,0,0,0,0,0,0,0,0,0,0,0,0],"sum_hessian":[9E0,7E0,2E0,1E0,6E0,1E0,1E0,3E0,3E0,1E0,2E0,1E0,2E0],"tree_param":{"num_deleted":"0","num_feature":"2","num_nodes":"13","size_leaf_vector":"1"}},{"base_weights":[2.6049804E-2,-2.5170517E-1,7.5804645E-1,-8.480759E-2,-4.535566E-2,2.0309448E-2,9.339752E-2,-1.445961E-1,6.5223694E-2,-1.934967E-2,-6.3797E-3,1.914978E-3,7.4198404E-3],"categories":[],"categories_nodes":[],"categories_segments":[],"categories_sizes":[],"default_left":[0,0,0,0,0,0,0,0,0,0,0,0,0],"id":73,"left_children":[1,3,5,-1,7,-1,-1,9,11,-1,-1,-1,-1],"loss_changes":[2.2239614E0,9.4602144E-1,1.0321081E-1,0E0,8.6248696E-2,0E0,0E0,3.45999E-3,2.3311749E-4,0E0,0E0,0E0,0E0],"parents":[2147483647,0,0,1,1,2,2,4,4,7,7,8,8],"right_children":[2,4,6,-1,8,-1,-1,10,12,-1,-1,-1,-1],"split_conditions":[9.1335565E-1,1.02306545E-1,1E0,-8.480759E-2,6.1272323E-1,2.0309448E-2,9.339752E-2,2.8954613E-1,6.9572175E-1,-1.934967E-2,-6.3797E-3,1.914978E-3,7.4198404E-3],"split_indices":[0,0,0,0,0,0,0,0,0,0,0,0,0],"split_type":[0,0,0,0,0,0,0,0,0,0,0,0,0],"sum_hessian":[9E0,7E0,2E0,1E0,6E0,1E0,1E0,3E0,3E0,1E0,2E0,1E0,2E0],"tree_param":{"num_deleted":"0","num_feature":"2","num_nodes":"13","size_leaf_vector":"1"}},{"base_weights":[2.4694825E-2,-2.3918533E-1,7.201436E-1,-8.056717E-2,-4.3162756E-2,1.9293213E-2,8.872833E-2,-1.3656998E-1,6.1035156E-2,-1.8382264E-2,-5.954488E-3,2.810669E-3,7.991028E-3],"categories":[],"categories_nodes":[],"categories_segments":[],"categories_sizes":[],"default_left":[0,0,0,0,0,0,0,0,0,0,0,0,0],"id":74,"left_children":[1,3,5,-1,7,-1,-1,9,11,-1,-1,-1,-1],"loss_changes":[2.0073993E0,8.5357785E-1,9.316838E-2,0E0,7.6465435E-2,0E0,0E0,3.612861E-3,2.4010148E-4,0E0,0E0,0E0,0E0],"parents":[2147483647,0,0,1,1,2,2,4,4,7,7,8,8],"right_children":[2,4,6,-1,8,-1,-1,10,12,-1,-1,-1,-1],"split_conditions":[9.1335565E-1,1.02306545E-1,1E0,-8.056717E-2,6.1272323E-1,1.9293213E-2,8.872833E-2,2.8954613E-1,8.0405504E-1,-1.8382264E-2,-5.954488E-3,2.810669E-3,7.991028E-3],"split_indices":[0,0,0,0,0,0,0,0,0,0,0,0,0],"split_type":[0,0,0,0,0,0,0,0,0,0,0,0,0],"sum_hessian":[9E0,7E0,2E0,1E0,6E0,1E0,1E0,3E0,3E0,1E0,2E0,2E0,1E0],"tree_param":{"num_deleted":"0","num_feature":"2","num_nodes":"13","size_leaf_vector":"1"}},{"base_weights":[2.361908E-2,-2.270298E-1,6.8414307E-1,-7.653885E-2,-4.0780205E-2,1.8328859E-2,8.4292606E-2,-1.289978E-1,5.7632446E-2,-1.7462922E-2,-5.5577597E-3,2.6234945E-3,7.5912476E-3],"categories":[],"categories_nodes":[],"categories_segments":[],"categories_sizes":[],"default_left":[0,0,0,0,0,0,0,0,0,0,0,0,0],"id":75,"left_children":[1,3,5,-1,7,-1,-1,9,11,-1,-1,-1,-1],"loss_changes":[1.8109169E0,7.7093995E-1,8.408272E-2,0E0,6.820655E-2,0E0,0E0,3.6956072E-3,3.0422863E-4,0E0,0E0,0E0,0E0],"parents":[2147483647,0,0,1,1,2,2,4,4,7,7,8,8],"right_children":[2,4,6,-1,8,-1,-1,10,12,-1,-1,-1,-1],"split_conditions":[9.1335565E-1,1.02306545E-1,1E0,-7.653885E-2,6.1272323E-1,1.8328859E-2,8.4292606E-2,2.8954613E-1,8.0405504E-1,-1.7462922E-2,-5.5577597E-3,2.6234945E-3,7.5912476E-3],"split_indices":[0,0,0,0,0,0,0,0,0,0,0,0,0],"split_type":[0,0,0,0,0,0,0,0,0,0,0,0,0],"sum_hessian":[9E0,7E0,2E0,1E0,6E0,1E0,1E0,3E0,3E0,1E0,2E0,2E0,1E0],"tree_param":{"num_deleted":"0","num_feature":"2","num_nodes":"13","size_leaf_vector":"1"}},{"base_weights":[2.2581482E-2,-2.1549797E-1,6.4993286E-1,-7.2711945E-2,-3.853498E-2,1.7411804E-2,8.0078125E-2,-1.2185669E-1,5.442047E-2,-1.6590118E-2,-5.18748E-3,2.448527E-3,7.211304E-3],"categories":[],"categories_nodes":[],"categories_segments":[],"categories_sizes":[],"default_left":[0,0,0,0,0,0,0,0,0,0,0,0,0],"id":76,"left_children":[1,3,5,-1,7,-1,-1,9,11,-1,-1,-1,-1],"loss_changes":[1.633654E0,6.962849E-1,7.589722E-2,0E0,6.084795E-2,0E0,0E0,3.723178E-3,3.528148E-4,0E0,0E0,0E0,0E0],"parents":[2147483647,0,0,1,1,2,2,4,4,7,7,8,8],"right_children":[2,4,6,-1,8,-1,-1,10,12,-1,-1,-1,-1],"split_conditions":[9.1335565E-1,1.02306545E-1,1E0,-7.2711945E-2,6.1272323E-1,1.7411804E-2,8.0078125E-2,2.8954613E-1,8.0405504E-1,-1.6590118E-2,-5.18748E-3,2.448527E-3,7.211304E-3],"split_indices":[0,0,0,0,0,0,0,0,0,0,0,0,0],"split_type":[0,0,0,0,0,0,0,0,0,0,0,0,0],"sum_hessian":[9E0,7E0,2E0,1E0,6E0,1E0,1E0,3E0,3E0,1E0,2E0,2E0,1E0],"tree_param":{"num_deleted":"0","num_feature":"2","num_nodes":"13","size_leaf_vector":"1"}},{"base_weights":[2.1589661E-2,-2.0454979E-1,6.1743164E-1,-6.907654E-2,-3.640965E-2,1.6540527E-2,7.607422E-2,-1.1511612E-1,5.139923E-2,-1.5760804E-2,-4.841614E-3,2.2857666E-3,6.8511963E-3],"categories":[],"categories_nodes":[],"categories_segments":[],"categories_sizes":[],"default_left":[0,0,0,0,0,0,0,0,0,0,0,0,0],"id":77,"left_children":[1,3,5,-1,7,-1,-1,9,11,-1,-1,-1,-1],"loss_changes":[1.4737293E0,6.2886834E-1,6.85097E-2,0E0,5.4294765E-2,0E0,0E0,3.7060678E-3,3.8767327E-4,0E0,0E0,0E0,0E0],"parents":[2147483647,0,0,1,1,2,2,4,4,7,7,8,8],"right_children":[2,4,6,-1,8,-1,-1,10,12,-1,-1,-1,-1],"split_conditions":[9.1335565E-1,1.02306545E-1,1E0,-6.907654E-2,6.1272323E-1,1.6540527E-2,7.607422E-2,2.8954613E-1,8.0405504E-1,-1.5760804E-2,-4.841614E-3,2.2857666E-3,6.8511963E-3],"split_indices":[0,0,0,0,0,0,0,0,0,0,0,0,0],"split_type":[0,0,0,0,0,0,0,0,0,0,0,0,0],"sum_hessian":[9E0,7E0,2E0,1E0,6E0,1E0,1E0,3E0,3E0,1E0,2E0,2E0,1E0],"tree_param":{"num_deleted":"0","num_feature":"2","num_nodes":"13","size_leaf_vector":"1"}},{"base_weights":[2.0639038E-2,-1.9416046E-1,5.8655804E-1,-6.562271E-2,-3.440421E-2,1.5713502E-2,7.227021E-2,-1.08753204E-1,4.8545837E-2,-1.4972687E-2,-4.518636E-3,2.1331788E-3,6.5093995E-3],"categories":[],"categories_nodes":[],"categories_segments":[],"categories_sizes":[],"default_left":[0,0,0,0,0,0,0,0,0,0,0,0,0],"id":78,"left_children":[1,3,5,-1,7,-1,-1,9,11,-1,-1,-1,-1],"loss_changes":[1.3294775E0,5.679673E-1,6.1828256E-2,0E0,4.845028E-2,0E0,0E0,3.6526546E-3,4.127985E-4,0E0,0E0,0E0,0E0],"parents":[2147483647,0,0,1,1,2,2,4,4,7,7,8,8],"right_children":[2,4,6,-1,8,-1,-1,10,12,-1,-1,-1,-1],"split_conditions":[9.1335565E-1,1.02306545E-1,1E0,-6.562271E-2,6.1272323E-1,1.5713502E-2,7.227021E-2,2.8954613E-1,8.0405504E-1,-1.4972687E-2,-4.518636E-3,2.1331788E-3,6.5093995E-3],"split_indices":[0,0,0,0,0,0,0,0,0,0,0,0,0],"split_type":[0,0,0,0,0,0,0,0,0,0,0,0,0],"sum_hessian":[9E0,7E0,2E0,1E0,6E0,1E0,1E0,3E0,3E0,1E0,2E0,2E0,1E0],"tree_param":{"num_deleted":"0","num_feature":"2","num_nodes":"13","size_leaf_vector":"1"}},{"base_weights":[1.9726563E-2,-1.8430328E-1,5.5723065E-1,-6.234131E-2,-3.25143E-2,1.4927673E-2,6.865692E-2,-1.02752686E-1,4.585266E-2,-1.4224243E-2,-4.217529E-3,1.9907632E-3,6.1843875E-3],"categories":[],"categories_nodes":[],"categories_segments":[],"categories_sizes":[],"default_left":[0,0,0,0,0,0,0,0,0,0,0,0,0],"id":79,"left_children":[1,3,5,-1,7,-1,-1,9,11,-1,-1,-1,-1],"loss_changes":[1.1993681E0,5.1294637E-1,5.5803776E-2,0E0,4.3242063E-2,0E0,0E0,3.5696253E-3,4.2840466E-4,0E0,0E0,0E0,0E0],"parents":[2147483647,0,0,1,1,2,2,4,4,7,7,8,8],"right_children":[2,4,6,-1,8,-1,-1,10,12,-1,-1,-1,-1],"split_conditions":[9.1335565E-1,1.02306545E-1,1E0,-6.234131E-2,6.1272323E-1,1.4927673E-2,6.865692E-2,2.8954613E-1,8.0405504E-1,-1.4224243E-2,-4.217529E-3,1.9907632E-3,6.1843875E-3],"split_indices":[0,0,0,0,0,0,0,0,0,0,0,0,0],"split_type":[0,0,0,0,0,0,0,0,0,0,0,0,0],"sum_hessian":[9E0,7E0,2E0,1E0,6E0,1E0,1E0,3E0,3E0,1E0,2E0,2E0,1E0],"tree_param":{"num_deleted":"0","num_feature":"2","num_nodes":"13","size_leaf_vector":"1"}},{"base_weights":[1.8850708E-2,-1.7494965E-1,5.293681E-1,-5.922394E-2,-3.0731201E-2,1.4181519E-2,6.5223694E-2,-9.7091675E-2,4.3312073E-2,-1.3513184E-2,-3.9367676E-3,1.8585206E-3,5.874634E-3],"categories":[],"categories_nodes":[],"categories_segments":[],"categories_sizes":[],"default_left":[0,0,0,0,0,0,0,0,0,0,0,0,0],"id":80,"left_children":[1,3,5,-1,7,-1,-1,9,11,-1,-1,-1,-1],"loss_changes":[1.0819973E0,4.6324682E-1,5.03574E-2,0E0,3.8600065E-2,0E0,0E0,3.4634955E-3,4.3475162E-4,0E0,0E0,0E0,0E0],"parents":[2147483647,0,0,1,1,2,2,4,4,7,7,8,8],"right_children":[2,4,6,-1,8,-1,-1,10,12,-1,-1,-1,-1],"split_conditions":[9.1335565E-1,1.02306545E-1,1E0,-5.922394E-2,6.1272323E-1,1.4181519E-2,6.5223694E-2,2.8954613E-1,8.0405504E-1,-1.3513184E-2,-3.9367676E-3,1.8585206E-3,5.874634E-3],"split_indices":[0,0,0,0,0,0,0,0,0,0,0,0,0],"split_type":[0,0,0,0,0,0,0,0,0,0,0,0,0],"sum_hessian":[9E0,7E0,2E0,1E0,6E0,1E0,1E0,3E0,3E0,1E0,2E0,2E0,1E0],"tree_param":{"num_deleted":"0","num_feature":"2","num_nodes":"13","size_leaf_vector":"1"}},{"base_weights":[1.8013E-2,-1.6607094E-1,5.0289917E-1,-5.626297E-2,-2.9044015E-2,1.3471985E-2,6.196289E-2,-9.174347E-2,4.0916443E-2,-1.2837219E-2,-3.6743165E-3,1.7344157E-3,5.5816653E-3],"categories":[],"categories_nodes":[],"categories_segments":[],"categories_sizes":[],"default_left":[0,0,0,0,0,0,0,0,0,0,0,0,0],"id":81,"left_children":[1,3,5,-1,7,-1,-1,9,11,-1,-1,-1,-1],"loss_changes":[9.7611445E-1,4.1837284E-1,4.545611E-2,0E0,3.4459196E-2,0E0,0E0,3.341563E-3,4.3683546E-4,0E0,0E0,0E0,0E0],"parents":[2147483647,0,0,1,1,2,2,4,4,7,7,8,8],"right_children":[2,4,6,-1,8,-1,-1,10,12,-1,-1,-1,-1],"split_conditions":[9.1335565E-1,1.02306545E-1,1E0,-5.626297E-2,6.1272323E-1,1.3471985E-2,6.196289E-2,2.8954613E-1,8.0405504E-1,-1.2837219E-2,-3.6743165E-3,1.7344157E-3,5.5816653E-3],"split_indices":[0,0,0,0,0,0,0,0,0,0,0,0,0],"split_type":[0,0,0,0,0,0,0,0,0,0,0,0,0],"sum_hessian":[9E0,7E0,2E0,1E0,6E0,1E0,1E0,3E0,3E0,1E0,2E0,2E0,1E0],"tree_param":{"num_deleted":"0","num_feature":"2","num_nodes":"13","size_leaf_vector":"1"}},{"base_weights":[1.7208863E-2,-1.5765E-1,4.7776285E-1,-5.3450014E-2,-2.7457101E-2,1.2799072E-2,5.8865357E-2,-8.670044E-2,3.8650513E-2,-1.2195587E-2,-3.4296673E-3,1.6184489E-3,5.302429E-3],"categories":[],"categories_nodes":[],"categories_segments":[],"categories_sizes":[],"default_left":[0,0,0,0,0,0,0,0,0,0,0,0,0],"id":82,"left_children":[1,3,5,-1,7,-1,-1,9,11,-1,-1,-1,-1],"loss_changes":[8.806387E-1,3.7782985E-1,4.1017294E-2,0E0,3.0766066E-2,0E0,0E0,3.2073893E-3,4.3351576E-4,0E0,0E0,0E0,0E0],"parents":[2147483647,0,0,1,1,2,2,4,4,7,7,8,8],"right_children":[2,4,6,-1,8,-1,-1,10,12,-1,-1,-1,-1],"split_conditions":[9.1335565E-1,1.02306545E-1,1E0,-5.3450014E-2,6.1272323E-1,1.2799072E-2,5.8865357E-2,2.8954613E-1,8.0405504E-1,-1.2195587E-2,-3.4296673E-3,1.6184489E-3,5.302429E-3],"split_indices":[0,0,0,0,0,0,0,0,0,0,0,0,0],"split_type":[0,0,0,0,0,0,0,0,0,0,0,0,0],"sum_hessian":[9E0,7E0,2E0,1E0,6E0,1E0,1E0,3E0,3E0,1E0,2E0,2E0,1E0],"tree_param":{"num_deleted":"0","num_feature":"2","num_nodes":"13","size_leaf_vector":"1"}},{"base_weights":[1.6438294E-2,-1.496563E-1,4.5387778E-1,-5.0777435E-2,-2.595738E-2,1.2159729E-2,5.592194E-2,-8.19397E-2,3.6514282E-2,-1.1585998E-2,-3.201294E-3,1.5106201E-3,5.0369264E-3],"categories":[],"categories_nodes":[],"categories_segments":[],"categories_sizes":[],"default_left":[0,0,0,0,0,0,0,0,0,0,0,0,0],"id":83,"left_children":[1,3,5,-1,7,-1,-1,9,11,-1,-1,-1,-1],"loss_changes":[7.9448897E-1,3.4121004E-1,3.70093E-2,0E0,2.7473127E-2,0E0,0E0,3.0651018E-3,4.2554596E-4,0E0,0E0,0E0,0E0],"parents":[2147483647,0,0,1,1,2,2,4,4,7,7,8,8],"right_children":[2,4,6,-1,8,-1,-1,10,12,-1,-1,-1,-1],"split_conditions":[9.1335565E-1,1.02306545E-1,1E0,-5.0777435E-2,6.1272323E-1,1.2159729E-2,5.592194E-2,2.8954613E-1,8.0405504E-1,-1.1585998E-2,-3.201294E-3,1.5106201E-3,5.0369264E-3],"split_indices":[0,0,0,0,0,0,0,0,0,0,0,0,0],"split_type":[0,0,0,0,0,0,0,0,0,0,0,0,0],"sum_hessian":[9E0,7E0,2E0,1E0,6E0,1E0,1E0,3E0,3E0,1E0,2E0,2E0,1E0],"tree_param":{"num_deleted":"0","num_feature":"2","num_nodes":"13","size_leaf_vector":"1"}},{"base_weights":[1.5704345E-2,-1.4206696E-1,4.3119302E-1,-4.8238374E-2,-2.4538312E-2,1.155243E-2,5.3126525E-2,-7.744217E-2,3.4500122E-2,-1.1006928E-2,-2.987671E-3,1.4099121E-3,4.7851563E-3],"categories":[],"categories_nodes":[],"categories_segments":[],"categories_sizes":[],"default_left":[0,0,0,0,0,0,0,0,0,0,0,0,0],"id":84,"left_children":[1,3,5,-1,7,-1,-1,9,11,-1,-1,-1,-1],"loss_changes":[7.167802E-1,3.0813888E-1,3.3394992E-2,0E0,2.453529E-2,0E0,0E0,2.9191878E-3,4.1486602E-4,0E0,0E0,0E0,0E0],"parents":[2147483647,0,0,1,1,2,2,4,4,7,7,8,8],"right_children":[2,4,6,-1,8,-1,-1,10,12,-1,-1,-1,-1],"split_conditions":[9.1335565E-1,1.02306545E-1,1E0,-4.8238374E-2,6.1272323E-1,1.155243E-2,5.3126525E-2,2.8954613E-1,8.0405504E-1,-1.1006928E-2,-2.987671E-3,1.4099121E-3,4.7851563E-3],"split_indices":[0,0,0,0,0,0,0,0,0,0,0,0,0],"split_type":[0,0,0,0,0,0,0,0,0,0,0,0,0],"sum_hessian":[9E0,7E0,2E0,1E0,6E0,1E0,1E0,3E0,3E0,1E0,2E0,2E0,1E0],"tree_param":{"num_deleted":"0","num_feature":"2","num_nodes":"13","size_leaf_vector":"1"}},{"base_weights":[1.4996338E-2,-1.348648E-1,4.096273E-1,-4.5826722E-2,-2.319772E-2,1.0974121E-2,5.0469972E-2,-7.319641E-2,3.2600403E-2,-1.0456848E-2,-2.7882895E-3,1.3163249E-3,4.545593E-3],"categories":[],"categories_nodes":[],"categories_segments":[],"categories_sizes":[],"default_left":[0,0,0,0,0,0,0,0,0,0,0,0,0],"id":85,"left_children":[1,3,5,-1,7,-1,-1,9,11,-1,-1,-1,-1],"loss_changes":[6.4664274E-1,2.782765E-1,3.014636E-2,0E0,2.1915063E-2,0E0,0E0,2.7706437E-3,4.011523E-4,0E0,0E0,0E0,0E0],"parents":[2147483647,0,0,1,1,2,2,4,4,7,7,8,8],"right_children":[2,4,6,-1,8,-1,-1,10,12,-1,-1,-1,-1],"split_conditions":[9.1335565E-1,1.02306545E-1,1E0,-4.5826722E-2,6.1272323E-1,1.0974121E-2,5.0469972E-2,2.8954613E-1,8.0405504E-1,-1.0456848E-2,-2.7882895E-3,1.3163249E-3,4.545593E-3],"split_indices":[0,0,0,0,0,0,0,0,0,0,0,0,0],"split_type":[0,0,0,0,0,0,0,0,0,0,0,0,0],"sum_hessian":[9E0,7E0,2E0,1E0,6E0,1E0,1E0,3E0,3E0,1E0,2E0,2E0,1E0],"tree_param":{"num_deleted":"0","num_feature":"2","num_nodes":"13","size_leaf_vector":"1"}},{"base_weights":[1.4317322E-2,-1.2803078E-1,3.891398E-1,-4.3535616E-2,-2.193342E-2,1.0424805E-2,4.7946166E-2,-6.919098E-2,3.0807495E-2,-9.934234E-3,-2.6026408E-3,1.2288411E-3,4.3182373E-3],"categories":[],"categories_nodes":[],"categories_segments":[],"categories_sizes":[],"default_left":[0,0,0,0,0,0,0,0,0,0,0,0,0],"id":86,"left_children":[1,3,5,-1,7,-1,-1,9,11,-1,-1,-1,-1],"loss_changes":[5.8337456E-1,2.5130242E-1,2.7212888E-2,0E0,1.957845E-2,0E0,0E0,2.6203599E-3,3.86043E-4,0E0,0E0,0E0,0E0],"parents":[2147483647,0,0,1,1,2,2,4,4,7,7,8,8],"right_children":[2,4,6,-1,8,-1,-1,10,12,-1,-1,-1,-1],"split_conditions":[9.1335565E-1,1.02306545E-1,1E0,-4.3535616E-2,6.1272323E-1,1.0424805E-2,4.7946166E-2,2.8954613E-1,8.0405504E-1,-9.934234E-3,-2.6026408E-3,1.2288411E-3,4.3182373E-3],"split_indices":[0,0,0,0,0,0,0,0,0,0,0,0,0],"split_type":[0,0,0,0,0,0,0,0,0,0,0,0,0],"sum_hessian":[9E0,7E0,2E0,1E0,6E0,1E0,1E0,3E0,3E0,1E0,2E0,2E0,1E0],"tree_param":{"num_deleted":"0","num_feature":"2","num_nodes":"13","size_leaf_vector":"1"}},{"base_weights":[1.3668823E-2,-1.21543884E-1,3.6967978E-1,-4.1358948E-2,-2.0738874E-2,9.902954E-3,4.5549013E-2,-6.54068E-2,2.911377E-2,-9.437561E-3,-2.4291992E-3,1.147461E-3,4.101563E-3],"categories":[],"categories_nodes":[],"categories_segments":[],"categories_sizes":[],"default_left":[0,0,0,0,0,0,0,0,0,0,0,0,0],"id":87,"left_children":[1,3,5,-1,7,-1,-1,9,11,-1,-1,-1,-1],"loss_changes":[5.2630436E-1,2.269399E-1,2.45668E-2,0E0,1.7491937E-2,0E0,0E0,2.4716165E-3,3.6911666E-4,0E0,0E0,0E0,0E0],"parents":[2147483647,0,0,1,1,2,2,4,4,7,7,8,8],"right_children":[2,4,6,-1,8,-1,-1,10,12,-1,-1,-1,-1],"split_conditions":[9.1335565E-1,1.02306545E-1,1E0,-4.1358948E-2,6.1272323E-1,9.902954E-3,4.5549013E-2,2.8954613E-1,8.0405504E-1,-9.437561E-3,-2.4291992E-3,1.147461E-3,4.101563E-3],"split_indices":[0,0,0,0,0,0,0,0,0,0,0,0,0],"split_type":[0,0,0,0,0,0,0,0,0,0,0,0,0],"sum_hessian":[9E0,7E0,2E0,1E0,6E0,1E0,1E0,3E0,3E0,1E0,2E0,2E0,1E0],"tree_param":{"num_deleted":"0","num_feature":"2","num_nodes":"13","size_leaf_vector":"1"}},{"base_weights":[1.304779E-2,-1.1538887E-1,3.511963E-1,-3.929138E-2,-1.9611904E-2,9.40857E-3,4.3270875E-2,-6.1832428E-2,2.7511597E-2,-8.966065E-3,-2.2669474E-3,1.0701497E-3,3.8970949E-3],"categories":[],"categories_nodes":[],"categories_segments":[],"categories_sizes":[],"default_left":[0,0,0,0,0,0,0,0,0,0,0,0,0],"id":88,"left_children":[1,3,5,-1,7,-1,-1,9,11,-1,-1,-1,-1],"loss_changes":[4.7483078E-1,2.0493822E-1,2.2161484E-2,0E0,1.5628163E-2,0E0,0E0,2.326781E-3,3.5348372E-4,0E0,0E0,0E0,0E0],"parents":[2147483647,0,0,1,1,2,2,4,4,7,7,8,8],"right_children":[2,4,6,-1,8,-1,-1,10,12,-1,-1,-1,-1],"split_conditions":[9.1335565E-1,1.02306545E-1,1E0,-3.929138E-2,6.1272323E-1,9.40857E-3,4.3270875E-2,2.8954613E-1,8.0405504E-1,-8.966065E-3,-2.2669474E-3,1.0701497E-3,3.8970949E-3],"split_indices":[0,0,0,0,0,0,0,0,0,0,0,0,0],"split_type":[0,0,0,0,0,0,0,0,0,0,0,0,0],"sum_hessian":[9E0,7E0,2E0,1E0,6E0,1E0,1E0,3E0,3E0,1E0,2E0,2E0,1E0],"tree_param":{"num_deleted":"0","num_feature":"2","num_nodes":"13","size_leaf_vector":"1"}},{"base_weights":[1.2455749E-2,-1.09544754E-1,3.3363852E-1,-3.7326813E-2,-1.8545968E-2,8.938598E-3,4.1107178E-2,-7.081095E-2,1.6522218E-2,-8.517456E-3,-2.1041872E-3,-4.058838E-3,3.1595868E-3,-1.0696411E-3,4.6081544E-4],"categories":[],"categories_nodes":[],"categories_segments":[],"categories_sizes":[],"default_left":[0,0,0,0,0,0,0,0,0,0,0,0,0,0,0],"id":89,"left_children":[1,3,5,-1,7,-1,-1,9,11,-1,-1,13,-1,-1,-1],"loss_changes":[4.2839295E-1,1.8506542E-1,1.9995749E-2,0E0,1.3999822E-2,0E0,0E0,3.5235845E-4,1.6794004E-3,0E0,0E0,2.218741E-4,0E0,0E0,0E0],"parents":[2147483647,0,0,1,1,2,2,4,4,7,7,8,8,11,11],"right_children":[2,4,6,-1,8,-1,-1,10,12,-1,-1,14,-1,-1,-1],"split_conditions":[9.1335565E-1,1.02306545E-1,1E0,-3.7326813E-2,4.0725446E-1,8.938598E-3,4.1107178E-2,2.8954613E-1,6.9572175E-1,-8.517456E-3,-2.1041872E-3,6.1272323E-1,3.1595868E-3,-1.0696411E-3,4.6081544E-4],"split_indices":[0,0,0,0,0,0,0,0,0,0,0,0,0,0,0],"split_type":[0,0,0,0,0,0,0,0,0,0,0,0,0,0,0],"sum_hessian":[9E0,7E0,2E0,1E0,6E0,1E0,1E0,2E0,4E0,1E0,1E0,2E0,2E0,1E0,1E0],"tree_param":{"num_deleted":"0","num_feature":"2","num_nodes":"15","size_leaf_vector":"1"}},{"base_weights":[1.1671448E-2,-1.0426903E-1,3.1695557E-1,-3.5460662E-2,-1.7848423E-2,8.491516E-3,3.905182E-2,-6.727091E-2,1.53747555E-2,-8.091736E-3,-1.9989014E-3,-3.8553874E-3,2.947998E-2,-1.0162353E-3,4.3792726E-4,8.789063E-4,3.5430908E-3],"categories":[],"categories_nodes":[],"categories_segments":[],"categories_sizes":[],"default_left":[0,0,0,0,0,0,0,0,0,0,0,0,0,0,0,0,0],"id":90,"left_children":[1,3,5,-1,7,-1,-1,9,11,-1,-1,13,15,-1,-1,-1,-1],"loss_changes":[3.869965E-1,1.6674545E-1,1.8047571E-2,0E0,1.252808E-2,0E0,0E0,3.1823106E-4,1.4698841E-3,0E0,0E0,2.0031088E-4,5.7986006E-5,0E0,0E0,0E0,0E0],"parents":[2147483647,0,0,1,1,2,2,4,4,7,7,8,8,11,11,12,12],"right_children":[2,4,6,-1,8,-1,-1,10,12,-1,-1,14,16,-1,-1,-1,-1],"split_conditions":[9.1335565E-1,1.02306545E-1,1E0,-3.5460662E-2,4.0725446E-1,8.491516E-3,3.905182E-2,2.8954613E-1,6.9572175E-1,-8.091736E-3,-1.9989014E-3,6.1272323E-1,8.0405504E-1,-1.0162353E-3,4.3792726E-4,8.789063E-4,3.5430908E-3],"split_indices":[0,0,0,0,0,0,0,0,0,0,0,0,0,0,0,0,0],"split_type":[0,0,0,0,0,0,0,0,0,0,0,0,0,0,0,0,0],"sum_hessian":[9E0,7E0,2E0,1E0,6E0,1E0,1E0,2E0,4E0,1E0,1E0,2E0,2E0,1E0,1E0,1E0,1E0],"tree_param":{"num_deleted":"0","num_feature":"2","num_nodes":"17","size_leaf_vector":"1"}},{"base_weights":[1.1087036E-2,-9.9056244E-2,3.0110678E-1,-3.368759E-2,-1.6956875E-2,8.067322E-3,3.7098695E-2,-6.39089E-2,1.4605713E-2,-7.687378E-3,-1.8989564E-3,-3.6621094E-3,2.8004965E-2,-9.6588134E-4,4.1656496E-4,8.346558E-4,3.366089E-3],"categories":[],"categories_nodes":[],"categories_segments":[],"categories_sizes":[],"default_left":[0,0,0,0,0,0,0,0,0,0,0,0,0,0,0,0,0],"id":91,"left_children":[1,3,5,-1,7,-1,-1,9,11,-1,-1,13,15,-1,-1,-1,-1],"loss_changes":[3.4926376E-1,1.5048638E-1,1.6283095E-2,0E0,1.1306927E-2,0E0,0E0,2.873214E-4,1.3264329E-3,0E0,0E0,1.8105749E-4,5.260692E-5,0E0,0E0,0E0,0E0],"parents":[2147483647,0,0,1,1,2,2,4,4,7,7,8,8,11,11,12,12],"right_children":[2,4,6,-1,8,-1,-1,10,12,-1,-1,14,16,-1,-1,-1,-1],"split_conditions":[9.1335565E-1,1.02306545E-1,1E0,-3.368759E-2,4.0725446E-1,8.067322E-3,3.7098695E-2,2.8954613E-1,6.9572175E-1,-7.687378E-3,-1.8989564E-3,6.1272323E-1,8.0405504E-1,-9.6588134E-4,4.1656496E-4,8.346558E-4,3.366089E-3],"split_indices":[0,0,0,0,0,0,0,0,0,0,0,0,0,0,0,0,0],"split_type":[0,0,0,0,0,0,0,0,0,0,0,0,0,0,0,0,0],"sum_hessian":[9E0,7E0,2E0,1E0,6E0,1E0,1E0,2E0,4E0,1E0,1E0,2E0,2E0,1E0,1E0,1E0,1E0],"tree_param":{"num_deleted":"0","num_feature":"2","num_nodes":"17","size_leaf_vector":"1"}},{"base_weights":[1.0534668E-2,-9.410095E-2,2.8605142E-1,-3.2003023E-2,-1.6106742E-2,7.66449E-3,3.5243224E-2,-6.071472E-2,1.3879394E-2,-7.3028565E-3,-1.8043518E-3,-3.479004E-3,2.6611328E-2,-9.1705326E-4,3.9520263E-4,7.9345703E-4,3.1982423E-3],"categories":[],"categories_nodes":[],"categories_segments":[],"categories_sizes":[],"default_left":[0,0,0,0,0,0,0,0,0,0,0,0,0,0,0,0,0],"id":92,"left_children":[1,3,5,-1,7,-1,-1,9,11,-1,-1,13,15,-1,-1,-1,-1],"loss_changes":[3.152064E-1,1.3581476E-1,1.4689609E-2,0E0,1.0206031E-2,0E0,0E0,2.586469E-4,1.1976107E-3,0E0,0E0,1.6312394E-4,4.7177076E-5,0E0,0E0,0E0,0E0],"parents":[2147483647,0,0,1,1,2,2,4,4,7,7,8,8,11,11,12,12],"right_children":[2,4,6,-1,8,-1,-1,10,12,-1,-1,14,16,-1,-1,-1,-1],"split_conditions":[9.1335565E-1,1.02306545E-1,1E0,-3.2003023E-2,4.0725446E-1,7.66449E-3,3.5243224E-2,2.8954613E-1,6.9572175E-1,-7.3028565E-3,-1.8043518E-3,6.1272323E-1,8.0405504E-1,-9.1705326E-4,3.9520263E-4,7.9345703E-4,3.1982423E-3],"split_indices":[0,0,0,0,0,0,0,0,0,0,0,0,0,0,0,0,0],"split_type":[0,0,0,0,0,0,0,0,0,0,0,0,0,0,0,0,0],"sum_hessian":[9E0,7E0,2E0,1E0,6E0,1E0,1E0,2E0,4E0,1E0,1E0,2E0,2E0,1E0,1E0,1E0,1E0],"tree_param":{"num_deleted":"0","num_feature":"2","num_nodes":"17","size_leaf_vector":"1"}},{"base_weights":[1.0006714E-2,-8.939743E-2,2.7174887E-1,-3.0403137E-2,-1.5302385E-2,7.2814943E-3,3.3480834E-2,-5.7678223E-2,1.3183594E-2,-6.9374084E-3,-1.7143249E-3,-3.306071E-3,2.5278727E-2,-8.712769E-4,3.7536622E-4,7.537842E-4,3.038025E-3],"categories":[],"categories_nodes":[],"categories_segments":[],"categories_sizes":[],"default_left":[0,0,0,0,0,0,0,0,0,0,0,0,0,0,0,0,0],"id":93,"left_children":[1,3,5,-1,7,-1,-1,9,11,-1,-1,13,15,-1,-1,-1,-1],"loss_changes":[2.844762E-1,1.2257409E-1,1.3254955E-2,0E0,9.210227E-3,0E0,0E0,2.3297686E-4,1.0807968E-3,0E0,0E0,1.4721432E-4,4.2514992E-5,0E0,0E0,0E0,0E0],"parents":[2147483647,0,0,1,1,2,2,4,4,7,7,8,8,11,11,12,12],"right_children":[2,4,6,-1,8,-1,-1,10,12,-1,-1,14,16,-1,-1,-1,-1],"split_conditions":[9.1335565E-1,1.02306545E-1,1E0,-3.0403137E-2,4.0725446E-1,7.2814943E-3,3.3480834E-2,2.8954613E-1,6.9572175E-1,-6.9374084E-3,-1.7143249E-3,6.1272323E-1,8.0405504E-1,-8.712769E-4,3.7536622E-4,7.537842E-4,3.038025E-3],"split_indices":[0,0,0,0,0,0,0,0,0,0,0,0,0,0,0,0,0],"split_type":[0,0,0,0,0,0,0,0,0,0,0,0,0,0,0,0,0],"sum_hessian":[9E0,7E0,2E0,1E0,6E0,1E0,1E0,2E0,4E0,1E0,1E0,2E0,2E0,1E0,1E0,1E0,1E0],"tree_param":{"num_deleted":"0","num_feature":"2","num_nodes":"17","size_leaf_vector":"1"}},{"base_weights":[9.5047E-3,-8.492851E-2,2.5815836E-1,-2.8883362E-2,-1.4537266E-2,6.9168094E-3,3.1806946E-2,-5.479431E-2,1.2524414E-2,-6.590271E-3,-1.6288757E-3,-3.133138E-3,2.4007162E-2,-8.270264E-4,3.5705566E-4,7.1563723E-4,2.885437E-3],"categories":[],"categories_nodes":[],"categories_segments":[],"categories_sizes":[],"default_left":[0,0,0,0,0,0,0,0,0,0,0,0,0,0,0,0,0],"id":94,"left_children":[1,3,5,-1,7,-1,-1,9,11,-1,-1,13,15,-1,-1,-1,-1],"loss_changes":[2.5673664E-1,1.1062623E-1,1.19675845E-2,0E0,8.31223E-3,0E0,0E0,2.0973105E-4,9.741764E-4,0E0,0E0,1.3284262E-4,3.854523E-5,0E0,0E0,0E0,0E0],"parents":[2147483647,0,0,1,1,2,2,4,4,7,7,8,8,11,11,12,12],"right_children":[2,4,6,-1,8,-1,-1,10,12,-1,-1,14,16,-1,-1,-1,-1],"split_conditions":[9.1335565E-1,1.02306545E-1,1E0,-2.8883362E-2,4.0725446E-1,6.9168094E-3,3.1806946E-2,2.8954613E-1,6.9572175E-1,-6.590271E-3,-1.6288757E-3,6.1272323E-1,8.0405504E-1,-8.270264E-4,3.5705566E-4,7.1563723E-4,2.885437E-3],"split_indices":[0,0,0,0,0,0,0,0,0,0,0,0,0,0,0,0,0],"split_type":[0,0,0,0,0,0,0,0,0,0,0,0,0,0,0,0,0],"sum_hessian":[9E0,7E0,2E0,1E0,6E0,1E0,1E0,2E0,4E0,1E0,1E0,2E0,2E0,1E0,1E0,1E0,1E0],"tree_param":{"num_deleted":"0","num_feature":"2","num_nodes":"17","size_leaf_vector":"1"}},{"base_weights":[9.028626E-3,-8.0682755E-2,2.4524944E-1,-2.7439117E-2,-1.3811384E-2,6.5704347E-3,3.021698E-2,-5.2052815E-2,1.1895752E-2,-6.2606814E-3,-1.5472412E-3,-2.98055E-3,2.2806803E-2,-7.8582764E-4,3.3874513E-4,6.80542E-4,2.7404786E-3],"categories":[],"categories_nodes":[],"categories_segments":[],"categories_sizes":[],"default_left":[0,0,0,0,0,0,0,0,0,0,0,0,0,0,0,0,0],"id":95,"left_children":[1,3,5,-1,7,-1,-1,9,11,-1,-1,13,15,-1,-1,-1,-1],"loss_changes":[2.3170434E-1,9.983866E-2,1.0805443E-2,0E0,7.500751E-3,0E0,0E0,1.8952973E-4,8.795574E-4,0E0,0E0,1.19803626E-4,3.42211E-5,0E0,0E0,0E0,0E0],"parents":[2147483647,0,0,1,1,2,2,4,4,7,7,8,8,11,11,12,12],"right_children":[2,4,6,-1,8,-1,-1,10,12,-1,-1,14,16,-1,-1,-1,-1],"split_conditions":[9.1335565E-1,1.02306545E-1,1E0,-2.7439117E-2,4.0725446E-1,6.5704347E-3,3.021698E-2,2.8954613E-1,6.9572175E-1,-6.2606814E-3,-1.5472412E-3,6.1272323E-1,8.0405504E-1,-7.8582764E-4,3.3874513E-4,6.80542E-4,2.7404786E-3],"split_indices":[0,0,0,0,0,0,0,0,0,0,0,0,0,0,0,0,0],"split_type":[0,0,0,0,0,0,0,0,0,0,0,0,0,0,0,0,0],"sum_hessian":[9E0,7E0,2E0,1E0,6E0,1E0,1E0,2E0,4E0,1E0,1E0,2E0,2E0,1E0,1E0,1E0,1E0],"tree_param":{"num_deleted":"0","num_feature":"2","num_nodes":"17","size_leaf_vector":"1"}},{"base_weights":[8.578491E-3,-7.664871E-2,2.3299153E-1,-2.6067352E-2,-1.3120378E-2,6.2423707E-3,2.870636E-2,-4.9453735E-2,1.1303711E-2,-5.9478763E-3,-1.4701843E-3,-2.8279622E-3,2.166748E-2,-7.461548E-4,3.2196046E-4,6.469727E-4,2.6031495E-3],"categories":[],"categories_nodes":[],"categories_segments":[],"categories_sizes":[],"default_left":[0,0,0,0,0,0,0,0,0,0,0,0,0,0,0,0,0],"id":96,"left_children":[1,3,5,-1,7,-1,-1,9,11,-1,-1,13,15,-1,-1,-1,-1],"loss_changes":[2.0911945E-1,9.010619E-2,9.749293E-3,0E0,6.7708744E-3,0E0,0E0,1.7071841E-4,7.9356186E-4,0E0,0E0,1.08088985E-4,3.055297E-5,0E0,0E0,0E0,0E0],"parents":[2147483647,0,0,1,1,2,2,4,4,7,7,8,8,11,11,12,12],"right_children":[2,4,6,-1,8,-1,-1,10,12,-1,-1,14,16,-1,-1,-1,-1],"split_conditions":[9.1335565E-1,1.02306545E-1,1E0,-2.6067352E-2,4.0725446E-1,6.2423707E-3,2.870636E-2,2.8954613E-1,6.9572175E-1,-5.9478763E-3,-1.4701843E-3,6.1272323E-1,8.0405504E-1,-7.461548E-4,3.2196046E-4,6.469727E-4,2.6031495E-3],"split_indices":[0,0,0,0,0,0,0,0,0,0,0,0,0,0,0,0,0],"split_type":[0,0,0,0,0,0,0,0,0,0,0,0,0,0,0,0,0],"sum_hessian":[9E0,7E0,2E0,1E0,6E0,1E0,1E0,2E0,4E0,1E0,1E0,2E0,2E0,1E0,1E0,1E0,1E0],"tree_param":{"num_deleted":"0","num_feature":"2","num_nodes":"17","size_leaf_vector":"1"}},{"base_weights":[8.145141E-3,-7.2818756E-2,2.2133382E-1,-2.4764253E-2,-1.2466431E-2,5.9295655E-3,2.7270509E-2,-4.698181E-2,1.0736084E-2,-5.65033E-3,-1.3969422E-3,-2.6957195E-3,2.0589193E-2,-7.095337E-4,3.0517578E-4,6.149292E-4,2.4734498E-3],"categories":[],"categories_nodes":[],"categories_segments":[],"categories_sizes":[],"default_left":[0,0,0,0,0,0,0,0,0,0,0,0,0,0,0,0,0],"id":97,"left_children":[1,3,5,-1,7,-1,-1,9,11,-1,-1,13,15,-1,-1,-1,-1],"loss_changes":[1.8872312E-1,8.132094E-2,8.802086E-3,0E0,6.110306E-3,0E0,0E0,1.5366264E-4,7.172279E-4,0E0,0E0,9.751335E-5,2.7473667E-5,0E0,0E0,0E0,0E0],"parents":[2147483647,0,0,1,1,2,2,4,4,7,7,8,8,11,11,12,12],"right_children":[2,4,6,-1,8,-1,-1,10,12,-1,-1,14,16,-1,-1,-1,-1],"split_conditions":[9.1335565E-1,1.02306545E-1,1E0,-2.4764253E-2,4.0725446E-1,5.9295655E-3,2.7270509E-2,2.8954613E-1,6.9572175E-1,-5.65033E-3,-1.3969422E-3,6.1272323E-1,8.0405504E-1,-7.095337E-4,3.0517578E-4,6.149292E-4,2.4734498E-3],"split_indices":[0,0,0,0,0,0,0,0,0,0,0,0,0,0,0,0,0],"split_type":[0,0,0,0,0,0,0,0,0,0,0,0,0,0,0,0,0],"sum_hessian":[9E0,7E0,2E0,1E0,6E0,1E0,1E0,2E0,4E0,1E0,1E0,2E0,2E0,1E0,1E0,1E0,1E0],"tree_param":{"num_deleted":"0","num_feature":"2","num_nodes":"17","size_leaf_vector":"1"}},{"base_weights":[7.737732E-3,-6.917763E-2,2.1026611E-1,-2.3526002E-2,-1.1843001E-2,5.633545E-3,2.5906373E-2,-4.4631958E-2,1.0198975E-2,-5.3680423E-3,-1.3267518E-3,-2.5634766E-3,1.9561768E-2,-6.744385E-4,2.89917E-4,5.844116E-4,2.3498535E-3],"categories":[],"categories_nodes":[],"categories_segments":[],"categories_sizes":[],"default_left":[0,0,0,0,0,0,0,0,0,0,0,0,0,0,0,0,0],"id":98,"left_children":[1,3,5,-1,7,-1,-1,9,11,-1,-1,13,15,-1,-1,-1,-1],"loss_changes":[1.7032114E-1,7.339198E-2,7.93986E-3,0E0,5.5143335E-3,0E0,0E0,1.3919408E-4,6.476071E-4,0E0,0E0,8.806959E-5,2.4681445E-5,0E0,0E0,0E0,0E0],"parents":[2147483647,0,0,1,1,2,2,4,4,7,7,8,8,11,11,12,12],"right_children":[2,4,6,-1,8,-1,-1,10,12,-1,-1,14,16,-1,-1,-1,-1],"split_conditions":[9.1335565E-1,1.02306545E-1,1E0,-2.3526002E-2,4.0725446E-1,5.633545E-3,2.5906373E-2,2.8954613E-1,6.9572175E-1,-5.3680423E-3,-1.3267518E-3,6.1272323E-1,8.0405504E-1,-6.744385E-4,2.89917E-4,5.844116E-4,2.3498535E-3],"split_indices":[0,0,0,0,0,0,0,0,0,0,0,0,0,0,0,0,0],"split_type":[0,0,0,0,0,0,0,0,0,0,0,0,0,0,0,0,0],"sum_hessian":[9E0,7E0,2E0,1E0,6E0,1E0,1E0,2E0,4E0,1E0,1E0,2E0,2E0,1E0,1E0,1E0,1E0],"tree_param":{"num_deleted":"0","num_feature":"2","num_nodes":"17","size_leaf_vector":"1"}},{"base_weights":[7.348633E-3,-6.5719604E-2,1.9974773E-1,-2.234955E-2,-1.1252267E-2,5.3512575E-3,2.4610901E-2,-4.239909E-2,9.686279E-3,-5.0994875E-3,-1.260376E-3,-2.4414062E-3,1.8585205E-2,-6.4086914E-4,2.746582E-4,5.5541995E-4,2.232361E-3],"categories":[],"categories_nodes":[],"categories_segments":[],"categories_sizes":[],"default_left":[0,0,0,0,0,0,0,0,0,0,0,0,0,0,0,0,0],"id":99,"left_children":[1,3,5,-1,7,-1,-1,9,11,-1,-1,13,15,-1,-1,-1,-1],"loss_changes":[1.5370996E-1,6.623422E-2,7.169023E-3,0E0,4.975874E-3,0E0,0E0,1.2561539E-4,5.849909E-4,0E0,0E0,7.934868E-5,2.2155698E-5,0E0,0E0,0E0,0E0],"parents":[2147483647,0,0,1,1,2,2,4,4,7,7,8,8,11,11,12,12],"right_children":[2,4,6,-1,8,-1,-1,10,12,-1,-1,14,16,-1,-1,-1,-1],"split_conditions":[9.1335565E-1,1.02306545E-1,1E0,-2.234955E-2,4.0725446E-1,5.3512575E-3,2.4610901E-2,2.8954613E-1,6.9572175E-1,-5.0994875E-3,-1.260376E-3,6.1272323E-1,8.0405504E-1,-6.4086914E-4,2.746582E-4,5.5541995E-4,2.232361E-3],"split_indices":[0,0,0,0,0,0,0,0,0,0,0,0,0,0,0,0,0],"split_type":[0,0,0,0,0,0,0,0,0,0,0,0,0,0,0,0,0],"sum_hessian":[9E0,7E0,2E0,1E0,6E0,1E0,1E0,2E0,4E0,1E0,1E0,2E0,2E0,1E0,1E0,1E0,1E0],"tree_param":{"num_deleted":"0","num_feature":"2","num_nodes":"17","size_leaf_vector":"1"}}]},"name":"gbtree"},"learner_model_param":{"base_score":"3.0666666E2","boost_from_average":"1","num_class":"0","num_feature":"2","num_target":"1"},"objective":{"name":"reg:squarederror","reg_loss_param":{"scale_pos_weight":"1"}}},"version":[2,1,1]}