{"learner":{"attributes":{"scikit_learn":"{\"_estimator_type\": \"regressor\"}"},"feature_names":[],"feature_types":[],"gradient_booster":{"model":{"gbtree_model_param":{"num_parallel_tree":"1","num_trees":"100"},"iteration_indptr":[0,1,2,3,4,5,6,7,8,9,10,11,12,13,14,15,16,17,18,19,20,21,22,23,24,25,26,27,28,29,30,31,32,33,34,35,36,37,38,39,40,41,42,43,44,45,46,47,48,49,50,51,52,53,54,55,56,57,58,59,60,61,62,63,64,65,66,67,68,69,70,71,72,73,74,75,76,77,78,79,80,81,82,83,84,85,86,87,88,89,90,91,92,93,94,95,96,97,98,99,100],"tree_info":[0,0,0,0,0,0,0,0,0,0,0,0,0,0,0,0,0,0,0,0,0,0,0,0,0,0,0,0,0,0,0,0,0,0,0,0,0,0,0,0,0,0,0,0,0,0,0,0,0,0,0,0,0,0,0,0,0,0,0,0,0,0,0,0,0,0,0,0,0,0,0,0,0,0,0,0,0,0,0,0,0,0,0,0,0,0,0,0,0,0,0,0,0,0,0,0,0,0,0,0],"trees":[{"base_weights":[-7.6293946E-7,-1.10648155E1,1.3277777E1,-1.2422223E0,-2.1388893E-1,2.6111108E-1,1.5291666E0],"categories":[],"categories_nodes":[],"categories_segments":[],"categories_sizes":[],"default_left":[0,0,0,0,0,0,0],"id":0,"left_children":[1,3,5,-1,-1,-1,-1],"loss_changes":[1.6160776E3,4.6126953E1,6.747925E1,0E0,0E0,0E0,0E0],"parents":[2147483647,0,0,1,1,2,2],"right_children":[2,4,6,-1,-1,-1,-1],"split_conditions":[7.013297E-1,5.01564E-1,8.0112606E-1,-1.2422223E0,-2.1388893E-1,2.6111108E-1,1.5291666E0],"split_indices":[0,0,0,0,0,0,0],"split_type":[0,0,0,0,0,0,0],"sum_hessian":[9E0,5E0,4E0,4E0,1E0,1E0,3E0],"tree_param":{"num_deleted":"0","num_feature":"2","num_nodes":"7","size_leaf_vector":"1"}},{"base_weights":[3.3415604E-2,-1.0201019E1,1.2308055E1,-1.1428446E0,-2.0319453E-1,4.7180554E-1,1.5795369E0],"categories":[],"categories_nodes":[],"categories_segments":[],"categories_sizes":[],"default_left":[0,0,0,0,0,0,0],"id":1,"left_children":[1,3,5,-1,-1,-1,-1],"loss_changes":[1.3817948E3,3.6939636E1,5.782025E1,0E0,0E0,0E0,0E0],"parents":[2147483647,0,0,1,1,2,2],"right_children":[2,4,6,-1,-1,-1,-1],"split_conditions":[7.013297E-1,5.01564E-1,9.0341485E-1,-1.1428446E0,-2.0319453E-1,4.7180554E-1,1.5795369E0],"split_indices":[0,0,0,0,0,0,0],"split_type":[0,0,0,0,0,0,0],"sum_hessian":[9E0,5E0,4E0,4E0,1E0,2E0,2E0],"tree_param":{"num_deleted":"0","num_feature":"2","num_nodes":"7","size_leaf_vector":"1"}},{"base_weights":[1.0060463E-1,-9.405257E0,1.1487518E1,-1.1544534E0,-3.4178028E-1,2.2446528E-1,1.3237071E0],"categories":[],"categories_nodes":[],"categories_segments":[],"categories_sizes":[],"default_left":[0,0,0,0,0,0,0],"id":2,"left_children":[1,3,5,-1,-1,-1,-1],"loss_changes":[1.1904673E3,3.7395996E1,5.1141785E1,0E0,0E0,0E0,0E0],"parents":[2147483647,0,0,1,1,2,2],"right_children":[2,4,6,-1,-1,-1,-1],"split_conditions":[7.013297E-1,3.9978436E-1,8.0112606E-1,-1.1544534E0,-3.4178028E-1,2.2446528E-1,1.3237071E0],"split_indices":[0,0,0,0,0,0,0],"split_type":[0,0,0,0,0,0,0],"sum_hessian":[9E0,5E0,4E0,3E0,2E0,1E0,3E0],"tree_param":{"num_deleted":"0","num_feature":"2","num_nodes":"7","size_leaf_vector":"1"}},{"base_weights":[9.573784E-2,-8.714104E0,1.06484E1,-1.0678694E0,-3.1899497E-1,3.8874608E-1,1.3859874E0],"categories":[],"categories_nodes":[],"categories_segments":[],"categories_sizes":[],"default_left":[0,0,0,0,0,0,0],"id":3,"left_children":[1,3,5,-1,-1,-1,-1],"loss_changes":[1.0224642E3,3.1051697E1,5.4683105E1,0E0,0E0,0E0,0E0],"parents":[2147483647,0,0,1,1,2,2],"right_children":[2,4,6,-1,-1,-1,-1],"split_conditions":[7.013297E-1,3.9978436E-1,9.0341485E-1,-1.0678694E0,-3.1899497E-1,3.8874608E-1,1.3859874E0],"split_indices":[0,0,0,0,0,0,0],"split_type":[0,0,0,0,0,0,0],"sum_hessian":[9E0,5E0,4E0,3E0,2E0,2E0,2E0],"tree_param":{"num_deleted":"0","num_feature":"2","num_nodes":"7","size_leaf_vector":"1"}},{"base_weights":[1.2495117E-1,-8.073838E0,9.938508E0,-9.8777926E-1,-2.9772866E-1,3.6282972E-1,1.2935883E0],"categories":[],"categories_nodes":[],"categories_segments":[],"categories_sizes":[],"default_left":[0,0,0,0,0,0,0],"id":4,"left_children":[1,3,5,-1,-1,-1,-1],"loss_changes":[8.848347E2,2.575467E1,4.763513E1,0E0,0E0,0E0,0E0],"parents":[2147483647,0,0,1,1,2,2],"right_children":[2,4,6,-1,-1,-1,-1],"split_conditions":[7.013297E-1,3.9978436E-1,9.0341485E-1,-9.8777926E-1,-2.9772866E-1,3.6282972E-1,1.2935883E0],"split_indices":[0,0,0,0,0,0,0],"split_type":[0,0,0,0,0,0,0],"sum_hessian":[9E0,5E0,4E0,3E0,2E0,2E0,2E0],"tree_param":{"num_deleted":"0","num_feature":"2","num_nodes":"7","size_leaf_vector":"1"}},{"base_weights":[1.4954758E-1,-7.480705E0,9.275941E0,-9.1369575E-1,-2.7788004E-1,3.3864105E-1,1.2073492E0],"categories":[],"categories_nodes":[],"categories_segments":[],"categories_sizes":[],"default_left":[0,0,0,0,0,0,0],"id":5,"left_children":[1,3,5,-1,-1,-1,-1],"loss_changes":[7.6575745E2,2.133545E1,4.1495483E1,0E0,0E0,0E0,0E0],"parents":[2147483647,0,0,1,1,2,2],"right_children":[2,4,6,-1,-1,-1,-1],"split_conditions":[7.013297E-1,3.9978436E-1,9.0341485E-1,-9.1369575E-1,-2.7788004E-1,3.3864105E-1,1.2073492E0],"split_indices":[0,0,0,0,0,0,0],"split_type":[0,0,0,0,0,0,0],"sum_hessian":[9E0,5E0,4E0,3E0,2E0,2E0,2E0],"tree_param":{"num_deleted":"0","num_feature":"2","num_nodes":"7","size_leaf_vector":"1"}},{"base_weights":[1.700346E-1,-6.93123E0,8.657545E0,-7.7926135E-1,-1.3121568E-1,3.1606495E-1,1.1268593E0],"categories":[],"categories_nodes":[],"categories_segments":[],"categories_sizes":[],"default_left":[0,0,0,0,0,0,0],"id":6,"left_children":[1,3,5,-1,-1,-1,-1],"loss_changes":[6.627281E2,1.8815948E1,3.6147217E1,0E0,0E0,0E0,0E0],"parents":[2147483647,0,0,1,1,2,2],"right_children":[2,4,6,-1,-1,-1,-1],"split_conditions":[7.013297E-1,5.01564E-1,9.0341485E-1,-7.7926135E-1,-1.3121568E-1,3.1606495E-1,1.1268593E0],"split_indices":[0,0,0,0,0,0,0],"split_type":[0,0,0,0,0,0,0],"sum_hessian":[9E0,5E0,4E0,4E0,1E0,2E0,2E0],"tree_param":{"num_deleted":"0","num_feature":"2","num_nodes":"7","size_leaf_vector":"1"}},{"base_weights":[2.0627575E-1,-6.389854E0,8.080376E0,-7.86724E-1,-2.290055E-1,2.949939E-1,1.0517354E0],"categories":[],"categories_nodes":[],"categories_segments":[],"categories_sizes":[],"default_left":[0,0,0,0,0,0,0],"id":7,"left_children":[1,3,5,-1,-1,-1,-1],"loss_changes":[5.7101825E2,1.83255E1,3.148825E1,0E0,0E0,0E0,0E0],"parents":[2147483647,0,0,1,1,2,2],"right_children":[2,4,6,-1,-1,-1,-1],"split_conditions":[7.013297E-1,3.9978436E-1,9.0341485E-1,-7.86724E-1,-2.290055E-1,2.949939E-1,1.0517354E0],"split_indices":[0,0,0,0,0,0,0],"split_type":[0,0,0,0,0,0,0],"sum_hessian":[9E0,5E0,4E0,3E0,2E0,2E0,2E0],"tree_param":{"num_deleted":"0","num_feature":"2","num_nodes":"7","size_leaf_vector":"1"}},{"base_weights":[2.1874829E-1,-5.9201565E0,7.541684E0,-7.2771966E-1,-2.1373844E-1,3.7460312E-1,1.1362149E0],"categories":[],"categories_nodes":[],"categories_segments":[],"categories_sizes":[],"default_left":[0,0,0,0,0,0,0],"id":8,"left_children":[1,3,5,-1,-1,-1,-1],"loss_changes":[4.9419598E2,1.52460785E1,2.994284E1,0E0,0E0,0E0,0E0],"parents":[2147483647,0,0,1,1,2,2],"right_children":[2,4,6,-1,-1,-1,-1],"split_conditions":[7.013297E-1,3.9978436E-1,1E0,-7.2771966E-1,-2.1373844E-1,3.7460312E-1,1.1362149E0],"split_indices":[0,0,0,0,0,0,0],"split_type":[0,0,0,0,0,0,0],"sum_hessian":[9E0,5E0,4E0,3E0,2E0,3E0,1E0],"tree_param":{"num_deleted":"0","num_feature":"2","num_nodes":"7","size_leaf_vector":"1"}},{"base_weights":[2.5380975E-1,-5.48505E0,7.0896797E0,-7.483472E-1,-2.614971E-1,3.4650794E-1,1.0794041E0],"categories":[],"categories_nodes":[],"categories_segments":[],"categories_sizes":[],"default_left":[0,0,0,0,0,0,0],"id":9,"left_children":[1,3,5,-1,-1,-1,-1],"loss_changes":[4.3118826E2,1.4844711E1,2.9731949E1,0E0,0E0,0E0,0E0],"parents":[2147483647,0,0,1,1,2,2],"right_children":[2,4,6,-1,-1,-1,-1],"split_conditions":[7.013297E-1,2.9986158E-1,1E0,-7.483472E-1,-2.614971E-1,3.4650794E-1,1.0794041E0],"split_indices":[0,0,0,0,0,0,0],"split_type":[0,0,0,0,0,0,0],"sum_hessian":[9E0,5E0,4E0,2E0,3E0,3E0,1E0],"tree_param":{"num_deleted":"0","num_feature":"2","num_nodes":"7","size_leaf_vector":"1"}},{"base_weights":[2.7003556E-1,-5.1048527E0,6.6658945E0,-6.984575E-1,-2.4188481E-1,3.2051983E0,1.0254339E0,9.2122845E-2,3.6594456E-1],"categories":[],"categories_nodes":[],"categories_segments":[],"categories_sizes":[],"default_left":[0,0,0,0,0,0,0,0,0],"id":10,"left_children":[1,3,5,-1,-1,7,-1,-1,-1],"loss_changes":[3.7779868E2,1.3399017E1,2.9225403E1,0E0,0E0,7.787628E-1,0E0,0E0,0E0],"parents":[2147483647,0,0,1,1,2,2,5,5],"right_children":[2,4,6,-1,-1,8,-1,-1,-1],"split_conditions":[7.013297E-1,2.9986158E-1,1E0,-6.984575E-1,-2.4188481E-1,8.0112606E-1,1.0254339E0,9.2122845E-2,3.6594456E-1],"split_indices":[0,0,0,0,0,0,0,0,0],"split_type":[0,0,0,0,0,0,0,0,0],"sum_hessian":[9E0,5E0,4E0,2E0,3E0,3E0,1E0,1E0,2E0],"tree_param":{"num_deleted":"0","num_feature":"2","num_nodes":"9","size_leaf_vector":"1"}},{"base_weights":[2.973482E-1,-4.7510915E0,6.296006E0,-6.518936E-1,-2.2374348E-1,2.999196E0,9.741623E-1,8.7516785E-2,3.415483E-1],"categories":[],"categories_nodes":[],"categories_segments":[],"categories_sizes":[],"default_left":[0,0,0,0,0,0,0,0,0],"id":11,"left_children":[1,3,5,-1,-1,7,-1,-1,-1],"loss_changes":[3.3275153E2,1.2076828E1,2.7580688E1,0E0,0E0,5.47699E-1,0E0,0E0,0E0],"parents":[2147483647,0,0,1,1,2,2,5,5],"right_children":[2,4,6,-1,-1,8,-1,-1,-1],"split_conditions":[7.013297E-1,2.9986158E-1,1E0,-6.518936E-1,-2.2374348E-1,8.0112606E-1,9.741623E-1,8.7516785E-2,3.415483E-1],"split_indices":[0,0,0,0,0,0,0,0,0],"split_type":[0,0,0,0,0,0,0,0,0],"sum_hessian":[9E0,5E0,4E0,2E0,3E0,3E0,1E0,1E0,2E0],"tree_param":{"num_deleted":"0","num_feature":"2","num_nodes":"9","size_leaf_vector":"1"}},{"base_weights":[3.203722E-1,-4.4219217E0,5.9470506E0,-6.084341E-1,-2.0696273E-1,2.8065424E0,9.2545414E-1,8.314095E-2,3.1877837E-1],"categories":[],"categories_nodes":[],"categories_segments":[],"categories_sizes":[],"default_left":[0,0,0,0,0,0,0,0,0],"id":12,"left_children":[1,3,5,-1,-1,7,-1,-1,-1],"loss_changes":[2.93131E2,1.0870674E1,2.5962753E1,0E0,0E0,3.6165428E-1,0E0,0E0,0E0],"parents":[2147483647,0,0,1,1,2,2,5,5],"right_children":[2,4,6,-1,-1,8,-1,-1,-1],"split_conditions":[7.013297E-1,2.9986158E-1,1E0,-6.084341E-1,-2.0696273E-1,8.0112606E-1,9.2545414E-1,8.314095E-2,3.1877837E-1],"split_indices":[0,0,0,0,0,0,0,0,0],"split_type":[0,0,0,0,0,0,0,0,0],"sum_hessian":[9E0,5E0,4E0,2E0,3E0,3E0,1E0,1E0,2E0],"tree_param":{"num_deleted":"0","num_feature":"2","num_nodes":"9","size_leaf_vector":"1"}},{"base_weights":[3.3953267E-1,-4.1156287E0,5.61782E0,-4.7155014E-1,-5.5813313E-2,2.6263676E0,8.791815E-1,7.898388E-2,2.9752645E-1],"categories":[],"categories_nodes":[],"categories_segments":[],"categories_sizes":[],"default_left":[0,0,0,0,0,0,0,0,0],"id":13,"left_children":[1,3,5,-1,-1,7,-1,-1,-1],"loss_changes":[2.582771E2,1.0172394E1,2.4383728E1,0E0,0E0,2.1305656E-1,0E0,0E0,0E0],"parents":[2147483647,0,0,1,1,2,2,5,5],"right_children":[2,4,6,-1,-1,8,-1,-1,-1],"split_conditions":[7.013297E-1,5.01564E-1,1E0,-4.7155014E-1,-5.5813313E-2,8.0112606E-1,8.791815E-1,7.898388E-2,2.9752645E-1],"split_indices":[0,0,0,0,0,0,0,0,0],"split_type":[0,0,0,0,0,0,0,0,0],"sum_hessian":[9E0,5E0,4E0,4E0,1E0,3E0,1E0,1E0,2E0],"tree_param":{"num_deleted":"0","num_feature":"2","num_nodes":"9","size_leaf_vector":"1"}},{"base_weights":[3.7841207E-1,-3.79196E0,5.307176E0,-5.3643507E-1,-1.6646771E-1,2.457858E0,8.352224E-1,7.5034715E-2,2.7769127E-1],"categories":[],"categories_nodes":[],"categories_segments":[],"categories_sizes":[],"default_left":[0,0,0,0,0,0,0,0,0],"id":14,"left_children":[1,3,5,-1,-1,7,-1,-1,-1],"loss_changes":[2.2567241E2,1.113961E1,2.2852966E1,0E0,0E0,9.551048E-2,0E0,0E0,0E0],"parents":[2147483647,0,0,1,1,2,2,5,5],"right_children":[2,4,6,-1,-1,8,-1,-1,-1],"split_conditions":[7.013297E-1,2.9986158E-1,1E0,-5.3643507E-1,-1.6646771E-1,8.0112606E-1,8.352224E-1,7.5034715E-2,2.7769127E-1],"split_indices":[0,0,0,0,0,0,0,0,0],"split_type":[0,0,0,0,0,0,0,0,0],"sum_hessian":[9E0,5E0,4E0,2E0,3E0,3E0,1E0,1E0,2E0],"tree_param":{"num_deleted":"0","num_feature":"2","num_nodes":"9","size_leaf_vector":"1"}},{"base_weights":[3.890751E-1,-3.5299149E0,5.014048E0,-5.0067276E-1,-1.5398264E0,2.3002539E0,7.9346126E-1,-1.7551066E-1,-4.469929E-2,7.128296E-2,2.5917855E-1],"categories":[],"categories_nodes":[],"categories_segments":[],"categories_sizes":[],"default_left":[0,0,0,0,0,0,0,0,0,0,0],"id":15,"left_children":[1,3,5,-1,7,9,-1,-1,-1,-1,-1],"loss_changes":[1.9895139E2,9.924438E0,2.1377426E1,0E0,1.5654087E-1,3.6373138E-3,0E0,0E0,0E0,0E0,0E0],"parents":[2147483647,0,0,1,1,2,2,4,4,5,5],"right_children":[2,4,6,-1,8,10,-1,-1,-1,-1,-1],"split_conditions":[7.013297E-1,2.9986158E-1,1E0,-5.0067276E-1,5.01564E-1,8.0112606E-1,7.9346126E-1,-1.7551066E-1,-4.469929E-2,7.128296E-2,2.5917855E-1],"split_indices":[0,0,0,0,0,0,0,0,0,0,0],"split_type":[0,0,0,0,0,0,0,0,0,0,0],"sum_hessian":[9E0,5E0,4E0,2E0,3E0,3E0,1E0,2E0,1E0,1E0,2E0],"tree_param":{"num_deleted":"0","num_feature":"2","num_nodes":"11","size_leaf_vector":"1"}},{"base_weights":[3.9047185E-1,-3.2970705E0,4.737428E0,-4.6729454E-1,-1.4408965E0,2.1528445E-1,7.537882E-1,-1.6380997E-1,-4.2464353E-2],"categories":[],"categories_nodes":[],"categories_segments":[],"categories_sizes":[],"default_left":[0,0,0,0,0,0,0,0,0],"id":16,"left_children":[1,3,5,-1,7,-1,-1,-1,-1],"loss_changes":[1.759155E2,8.589951E0,1.9962143E1,0E0,1.0602474E-1,0E0,0E0,0E0,0E0],"parents":[2147483647,0,0,1,1,2,2,4,4],"right_children":[2,4,6,-1,8,-1,-1,-1,-1],"split_conditions":[7.013297E-1,2.9986158E-1,1E0,-4.6729454E-1,5.01564E-1,2.1528445E-1,7.537882E-1,-1.6380997E-1,-4.2464353E-2],"split_indices":[0,0,0,0,0,0,0,0,0],"split_type":[0,0,0,0,0,0,0,0,0],"sum_hessian":[9E0,5E0,4E0,2E0,3E0,3E0,1E0,2E0,1E0],"tree_param":{"num_deleted":"0","num_feature":"2","num_nodes":"9","size_leaf_vector":"1"}},{"base_weights":[3.8097477E-1,-3.0796244E0,4.457499E0,-4.3614158E-1,-1.3483748E0,1.9913797E0,7.160988E-1,-1.5288925E-1,-4.034109E-2,5.6954574E-2,2.2754757E-1],"categories":[],"categories_nodes":[],"categories_segments":[],"categories_sizes":[],"default_left":[0,0,0,0,0,0,0,0,0,0,0],"id":17,"left_children":[1,3,5,-1,7,9,-1,-1,-1,-1,-1],"loss_changes":[1.5479959E2,7.4337807E0,1.9075386E1,0E0,6.555891E-2,3.1976318E-1,0E0,0E0,0E0,0E0,0E0],"parents":[2147483647,0,0,1,1,2,2,4,4,5,5],"right_children":[2,4,6,-1,8,10,-1,-1,-1,-1,-1],"split_conditions":[7.013297E-1,2.9986158E-1,1E0,-4.3614158E-1,5.01564E-1,8.0112606E-1,7.160988E-1,-1.5288925E-1,-4.034109E-2,5.6954574E-2,2.2754757E-1],"split_indices":[0,0,0,0,0,0,0,0,0,0,0],"split_type":[0,0,0,0,0,0,0,0,0,0,0],"sum_hessian":[9E0,5E0,4E0,2E0,3E0,3E0,1E0,2E0,1E0,1E0,2E0],"tree_param":{"num_deleted":"0","num_feature":"2","num_nodes":"11","size_leaf_vector":"1"}},{"base_weights":[3.800005E-1,-2.8765574E0,4.2118697E0,-4.0706545E-1,-1.2618451E0,1.863368E0,6.8029386E-1,-1.4269663E-1,-3.832407E-2,5.4106902E-2,2.1237782E-1],"categories":[],"categories_nodes":[],"categories_segments":[],"categories_sizes":[],"default_left":[0,0,0,0,0,0,0,0,0,0,0],"id":18,"left_children":[1,3,5,-1,7,9,-1,-1,-1,-1,-1],"loss_changes":[1.3690273E2,6.4322014E0,1.7749275E1,0E0,3.3433914E-2,2.282486E-1,0E0,0E0,0E0,0E0,0E0],"parents":[2147483647,0,0,1,1,2,2,4,4,5,5],"right_children":[2,4,6,-1,8,10,-1,-1,-1,-1,-1],"split_conditions":[7.013297E-1,2.9986158E-1,1E0,-4.0706545E-1,5.01564E-1,8.0112606E-1,6.8029386E-1,-1.4269663E-1,-3.832407E-2,5.4106902E-2,2.1237782E-1],"split_indices":[0,0,0,0,0,0,0,0,0,0,0],"split_type":[0,0,0,0,0,0,0,0,0,0,0],"sum_hessian":[9E0,5E0,4E0,2E0,3E0,3E0,1E0,2E0,1E0,1E0,2E0],"tree_param":{"num_deleted":"0","num_feature":"2","num_nodes":"11","size_leaf_vector":"1"}},{"base_weights":[3.7786922E-1,-2.686916E0,3.9800377E0,-3.7992775E-1,-1.1809158E0,1.7436514E0,6.4627916E-1,-1.3318354E-1,-3.6407854E-2,5.1401522E-2,1.9821917E-1],"categories":[],"categories_nodes":[],"categories_segments":[],"categories_sizes":[],"default_left":[0,0,0,0,0,0,0,0,0,0,0],"id":19,"left_children":[1,3,5,-1,7,9,-1,-1,-1,-1,-1],"loss_changes":[1.2109276E2,5.5646744E0,1.6493126E1,0E0,8.213997E-3,1.5439415E-1,0E0,0E0,0E0,0E0,0E0],"parents":[2147483647,0,0,1,1,2,2,4,4,5,5],"right_children":[2,4,6,-1,8,10,-1,-1,-1,-1,-1],"split_conditions":[7.013297E-1,2.9986158E-1,1E0,-3.7992775E-1,5.01564E-1,8.0112606E-1,6.4627916E-1,-1.3318354E-1,-3.6407854E-2,5.1401522E-2,1.9821917E-1],"split_indices":[0,0,0,0,0,0,0,0,0,0,0],"split_type":[0,0,0,0,0,0,0,0,0,0,0],"sum_hessian":[9E0,5E0,4E0,2E0,3E0,3E0,1E0,2E0,1E0,1E0,2E0],"tree_param":{"num_deleted":"0","num_feature":"2","num_nodes":"11","size_leaf_vector":"1"}},{"base_weights":[3.747204E-1,-2.5098107E0,3.7612138E0,-3.5459927E-1,-1.1052217E-1,1.631691E0,6.139652E-1,4.883137E-2,1.8500456E-1],"categories":[],"categories_nodes":[],"categories_segments":[],"categories_sizes":[],"default_left":[0,0,0,0,0,0,0,0,0],"id":20,"left_children":[1,3,5,-1,-1,7,-1,-1,-1],"loss_changes":[1.071244E2,4.813343E0,1.5306686E1,0E0,0E0,9.5243454E-2,0E0,0E0,0E0],"parents":[2147483647,0,0,1,1,2,2,5,5],"right_children":[2,4,6,-1,-1,8,-1,-1,-1],"split_conditions":[7.013297E-1,2.9986158E-1,1E0,-3.5459927E-1,-1.1052217E-1,8.0112606E-1,6.139652E-1,4.883137E-2,1.8500456E-1],"split_indices":[0,0,0,0,0,0,0,0,0],"split_type":[0,0,0,0,0,0,0,0,0],"sum_hessian":[9E0,5E0,4E0,2E0,3E0,3E0,1E0,1E0,2E0],"tree_param":{"num_deleted":"0","num_feature":"2","num_nodes":"9","size_leaf_vector":"1"}},{"base_weights":[3.7551594E-1,-2.3363504E0,3.5546525E0,-2.9883176E-1,-6.8827756E-2,1.5269804E0,5.8326703E-1,4.638977E-2,1.7267089E-1],"categories":[],"categories_nodes":[],"categories_segments":[],"categories_sizes":[],"default_left":[0,0,0,0,0,0,0,0,0],"id":21,"left_children":[1,3,5,-1,-1,7,-1,-1,-1],"loss_changes":[9.4518845E1,4.3901405E0,1.4188988E1,0E0,0E0,4.829502E-2,0E0,0E0,0E0],"parents":[2147483647,0,0,1,1,2,2,5,5],"right_children":[2,4,6,-1,-1,8,-1,-1,-1],"split_conditions":[7.013297E-1,3.9978436E-1,1E0,-2.9883176E-1,-6.8827756E-2,8.0112606E-1,5.8326703E-1,4.638977E-2,1.7267089E-1],"split_indices":[0,0,0,0,0,0,0,0,0],"split_type":[0,0,0,0,0,0,0,0,0],"sum_hessian":[9E0,5E0,4E0,3E0,2E0,3E0,1E0,1E0,2E0],"tree_param":{"num_deleted":"0","num_feature":"2","num_nodes":"9","size_leaf_vector":"1"}},{"base_weights":[3.81431E-1,-2.1639917E0,3.359652E0,-3.1103718E-1,-9.132085E-1,1.4290466E0,5.541037E-1,-1.0468115E-1,-2.5619984E-2,4.4070244E-2,1.6115938E-1],"categories":[],"categories_nodes":[],"categories_segments":[],"categories_sizes":[],"default_left":[0,0,0,0,0,0,0,0,0,0,0],"id":22,"left_children":[1,3,5,-1,7,9,-1,-1,-1,-1,-1],"loss_changes":[8.307857E1,4.261881E0,1.3138573E1,0E0,8.2920074E-2,1.1444092E-2,0E0,0E0,0E0,0E0,0E0],"parents":[2147483647,0,0,1,1,2,2,4,4,5,5],"right_children":[2,4,6,-1,8,10,-1,-1,-1,-1,-1],"split_conditions":[7.013297E-1,2.9986158E-1,1E0,-3.1103718E-1,5.01564E-1,8.0112606E-1,5.541037E-1,-1.0468115E-1,-2.5619984E-2,4.4070244E-2,1.6115938E-1],"split_indices":[0,0,0,0,0,0,0,0,0,0,0],"split_type":[0,0,0,0,0,0,0,0,0,0,0],"sum_hessian":[9E0,5E0,4E0,2E0,3E0,3E0,1E0,2E0,1E0,1E0,2E0],"tree_param":{"num_deleted":"0","num_feature":"2","num_nodes":"11","size_leaf_vector":"1"}},{"base_weights":[3.7508717E-1,-2.021149E0,3.175553E0,-2.903014E-1,-8.544631E-1,1.3374491E-1,5.263985E-1,-9.770241E-2,-2.433901E-2],"categories":[],"categories_nodes":[],"categories_segments":[],"categories_sizes":[],"default_left":[0,0,0,0,0,0,0,0,0],"id":23,"left_children":[1,3,5,-1,7,-1,-1,-1,-1],"loss_changes":[7.352404E1,3.6926384E0,1.2153461E1,0E0,6.1777115E-2,0E0,0E0,0E0,0E0],"parents":[2147483647,0,0,1,1,2,2,4,4],"right_children":[2,4,6,-1,8,-1,-1,-1,-1],"split_conditions":[7.013297E-1,2.9986158E-1,1E0,-2.903014E-1,5.01564E-1,1.3374491E-1,5.263985E-1,-9.770241E-2,-2.433901E-2],"split_indices":[0,0,0,0,0,0,0,0,0],"split_type":[0,0,0,0,0,0,0,0,0],"sum_hessian":[9E0,5E0,4E0,2E0,3E0,3E0,1E0,2E0,1E0],"tree_param":{"num_deleted":"0","num_feature":"2","num_nodes":"9","size_leaf_vector":"1"}},{"base_weights":[3.6235905E-1,-1.5175654E0,3.561637E0,-2.1728215E0,8.03833E-2,1.414992E-1,5.000786E-1,-3.15711E-1,-1.13747194E-1,-2.3122026E-2,3.5179522E-2],"categories":[],"categories_nodes":[],"categories_segments":[],"categories_sizes":[],"default_left":[0,0,0,0,0,0,0,0,0,0,0],"id":24,"left_children":[1,3,5,7,9,-1,-1,-1,-1,-1,-1],"loss_changes":[6.554902E1,7.504118E0,5.281292E0,1.5042877E0,3.3506092E-1,0E0,0E0,0E0,0E0,0E0,0E0],"parents":[2147483647,0,0,1,1,2,2,3,3,4,4],"right_children":[2,4,6,8,10,-1,-1,-1,-1,-1,-1],"split_conditions":[8.0112606E-1,5.01564E-1,1E0,2.0153472E-1,7.013297E-1,1.414992E-1,5.000786E-1,-3.15711E-1,-1.13747194E-1,-2.3122026E-2,3.5179522E-2],"split_indices":[0,0,0,0,0,0,0,0,0,0,0],"split_type":[0,0,0,0,0,0,0,0,0,0,0],"sum_hessian":[9E0,6E0,3E0,4E0,2E0,2E0,1E0,1E0,3E0,1E0,1E0],"tree_param":{"num_deleted":"0","num_feature":"2","num_nodes":"11","size_leaf_vector":"1"}},{"base_weights":[3.4854087E-1,-1.4254373E0,3.3658676E0,-2.2771273E0,-2.1738815E-1,1.3206597E-1,4.750746E-1,-2.9992542E-1,-1.03666686E-1,-5.126546E-2,3.3420563E-2],"categories":[],"categories_nodes":[],"categories_segments":[],"categories_sizes":[],"default_left":[0,0,0,0,0,0,0,0,0,0,0],"id":25,"left_children":[1,3,5,7,9,-1,-1,-1,-1,-1,-1],"loss_changes":[5.8324554E1,6.707162E0,5.05534E0,4.7385406E-1,8.2280064E-1,0E0,0E0,0E0,0E0,0E0,0E0],"parents":[2147483647,0,0,1,1,2,2,3,3,4,4],"right_children":[2,4,6,8,10,-1,-1,-1,-1,-1,-1],"split_conditions":[8.0112606E-1,3.9978436E-1,1E0,2.0153472E-1,7.013297E-1,1.3206597E-1,4.750746E-1,-2.9992542E-1,-1.03666686E-1,-5.126546E-2,3.3420563E-2],"split_indices":[0,0,0,0,0,0,0,0,0,0,0],"split_type":[0,0,0,0,0,0,0,0,0,0,0],"sum_hessian":[9E0,6E0,3E0,3E0,3E0,2E0,1E0,1E0,2E0,2E0,1E0],"tree_param":{"num_deleted":"0","num_feature":"2","num_nodes":"11","size_leaf_vector":"1"}},{"base_weights":[3.3225736E-1,-1.3430989E0,3.1810665E0,-2.1503127E0,-2.0011044E-1,1.23261645E-1,4.5132086E-1,-2.8492913E-1,-9.67556E-2,-4.7847748E-2,3.1749535E-2],"categories":[],"categories_nodes":[],"categories_segments":[],"categories_sizes":[],"default_left":[0,0,0,0,0,0,0,0,0,0,0],"id":26,"left_children":[1,3,5,7,9,-1,-1,-1,-1,-1,-1],"loss_changes":[5.200019E1,6.0281525E0,4.8193893E0,5.500374E-1,7.2825193E-1,0E0,0E0,0E0,0E0,0E0,0E0],"parents":[2147483647,0,0,1,1,2,2,3,3,4,4],"right_children":[2,4,6,8,10,-1,-1,-1,-1,-1,-1],"split_conditions":[8.0112606E-1,3.9978436E-1,1E0,2.0153472E-1,7.013297E-1,1.23261645E-1,4.5132086E-1,-2.8492913E-1,-9.67556E-2,-4.7847748E-2,3.1749535E-2],"split_indices":[0,0,0,0,0,0,0,0,0,0,0],"split_type":[0,0,0,0,0,0,0,0,0,0,0],"sum_hessian":[9E0,6E0,3E0,3E0,3E0,2E0,1E0,1E0,2E0,2E0,1E0],"tree_param":{"num_deleted":"0","num_feature":"2","num_nodes":"11","size_leaf_vector":"1"}},{"base_weights":[3.167119E-1,-1.2656151E0,3.006606E0,-2.3045675E-1,-3.891205E-1,1.1504427E-1,4.287548E-1,-6.3721085E-1,3.016205E-2,-7.36213E-2,-1.7010212E-2],"categories":[],"categories_nodes":[],"categories_segments":[],"categories_sizes":[],"default_left":[0,0,0,0,0,0,0,0,0,0,0],"id":27,"left_children":[1,3,5,-1,7,-1,-1,9,-1,-1,-1],"loss_changes":[4.636813E1,5.4777E0,4.5779686E0,0E0,1.0490267E0,0E0,0E0,5.9747815E-2,0E0,0E0,0E0],"parents":[2147483647,0,0,1,1,2,2,4,4,7,7],"right_children":[2,4,6,-1,8,-1,-1,10,-1,-1,-1],"split_conditions":[8.0112606E-1,2.9986158E-1,1E0,-2.3045675E-1,7.013297E-1,1.1504427E-1,4.287548E-1,5.01564E-1,3.016205E-2,-7.36213E-2,-1.7010212E-2],"split_indices":[0,0,0,0,0,0,0,0,0,0,0],"split_type":[0,0,0,0,0,0,0,0,0,0,0],"sum_hessian":[9E0,6E0,3E0,2E0,4E0,2E0,1E0,3E0,1E0,2E0,1E0],"tree_param":{"num_deleted":"0","num_feature":"2","num_nodes":"11","size_leaf_vector":"1"}},{"base_weights":[3.1032783E-1,-1.1806146E0,2.841895E0,-2.5915986E-1,-5.1351756E-1,1.07374705E-1,4.0731698E-1,-7.308367E-1,2.8653909E-2,-8.327472E-2,-1.6159726E-2],"categories":[],"categories_nodes":[],"categories_segments":[],"categories_sizes":[],"default_left":[0,0,0,0,0,0,0,0,0,0,0],"id":28,"left_children":[1,3,5,-1,7,-1,-1,9,-1,-1,-1],"loss_changes":[4.1099392E1,5.258012E0,4.334751E0,0E0,1.2526189E0,0E0,0E0,1.5548778E-1,0E0,0E0,0E0],"parents":[2147483647,0,0,1,1,2,2,4,4,7,7],"right_children":[2,4,6,-1,8,-1,-1,10,-1,-1,-1],"split_conditions":[8.0112606E-1,2.0153472E-1,1E0,-2.5915986E-1,7.013297E-1,1.07374705E-1,4.0731698E-1,5.01564E-1,2.8653909E-2,-8.327472E-2,-1.6159726E-2],"split_indices":[0,0,0,0,0,0,0,0,0,0,0],"split_type":[0,0,0,0,0,0,0,0,0,0,0],"sum_hessian":[9E0,6E0,3E0,1E0,5E0,2E0,1E0,4E0,1E0,3E0,1E0],"tree_param":{"num_deleted":"0","num_feature":"2","num_nodes":"11","size_leaf_vector":"1"}},{"base_weights":[2.9776993E-1,-1.1096872E0,2.6863775E0,-2.4620186E-1,-4.739623E-1,1.0021629E-1,3.8695106E-1,-6.7763996E-1,2.7221298E-2,-7.702911E-2,-1.5351772E-2],"categories":[],"categories_nodes":[],"categories_segments":[],"categories_sizes":[],"default_left":[0,0,0,0,0,0,0,0,0,0,0],"id":29,"left_children":[1,3,5,-1,7,-1,-1,9,-1,-1,-1],"loss_changes":[3.6599667E1,4.8510704E0,4.09272E0,0E0,1.0963377E0,0E0,0E0,1.2454939E-1,0E0,0E0,0E0],"parents":[2147483647,0,0,1,1,2,2,4,4,7,7],"right_children":[2,4,6,-1,8,-1,-1,10,-1,-1,-1],"split_conditions":[8.0112606E-1,2.0153472E-1,1E0,-2.4620186E-1,7.013297E-1,1.0021629E-1,3.8695106E-1,5.01564E-1,2.7221298E-2,-7.702911E-2,-1.5351772E-2],"split_indices":[0,0,0,0,0,0,0,0,0,0,0],"split_type":[0,0,0,0,0,0,0,0,0,0,0],"sum_hessian":[9E0,6E0,3E0,1E0,5E0,2E0,1E0,4E0,1E0,3E0,1E0],"tree_param":{"num_deleted":"0","num_feature":"2","num_nodes":"11","size_leaf_vector":"1"}},{"base_weights":[2.855734E-1,-8.016727E-1,3.0897052E0,-1.5055828E0,2.7863312E-1,9.585228E-2,3.676035E-1,-2.3389177E-1,-7.1251966E-2,-1.458416E-2,4.6873856E-2],"categories":[],"categories_nodes":[],"categories_segments":[],"categories_sizes":[],"default_left":[0,0,0,0,0,0,0,0,0,0,0],"id":30,"left_children":[1,3,5,7,9,-1,-1,-1,-1,-1,-1],"loss_changes":[3.2964745E1,6.5030117E0,2.2516441E-1,1.6379108E0,3.9114138E-1,0E0,0E0,0E0,0E0,0E0,0E0],"parents":[2147483647,0,0,1,1,2,2,3,3,4,4],"right_children":[2,4,6,8,10,-1,-1,-1,-1,-1,-1],"split_conditions":[9.0341485E-1,5.01564E-1,1E0,2.0153472E-1,7.013297E-1,9.585228E-2,3.676035E-1,-2.3389177E-1,-7.1251966E-2,-1.458416E-2,4.6873856E-2],"split_indices":[0,0,0,0,0,0,0,0,0,0,0],"split_type":[0,0,0,0,0,0,0,0,0,0,0],"sum_hessian":[9E0,7E0,2E0,4E0,3E0,1E0,1E0,1E0,3E0,1E0,2E0],"tree_param":{"num_deleted":"0","num_feature":"2","num_nodes":"11","size_leaf_vector":"1"}},{"base_weights":[2.7607614E-1,-7.556124E-1,2.93522E0,-1.416053E0,2.588415E-1,9.1059685E-2,3.4922335E-1,-2.221972E-1,-6.590803E-2,-1.38549805E-2,4.3748856E-2],"categories":[],"categories_nodes":[],"categories_segments":[],"categories_sizes":[],"default_left":[0,0,0,0,0,0,0,0,0,0,0],"id":31,"left_children":[1,3,5,7,9,-1,-1,-1,-1,-1,-1],"loss_changes":[2.965197E1,5.726426E0,2.0320892E-1,1.5858355E0,3.4458506E-1,0E0,0E0,0E0,0E0,0E0,0E0],"parents":[2147483647,0,0,1,1,2,2,3,3,4,4],"right_children":[2,4,6,8,10,-1,-1,-1,-1,-1,-1],"split_conditions":[9.0341485E-1,5.01564E-1,1E0,2.0153472E-1,7.013297E-1,9.1059685E-2,3.4922335E-1,-2.221972E-1,-6.590803E-2,-1.38549805E-2,4.3748856E-2],"split_indices":[0,0,0,0,0,0,0,0,0,0,0],"split_type":[0,0,0,0,0,0,0,0,0,0,0],"sum_hessian":[9E0,7E0,2E0,4E0,3E0,1E0,1E0,1E0,3E0,1E0,2E0],"tree_param":{"num_deleted":"0","num_feature":"2","num_nodes":"11","size_leaf_vector":"1"}},{"base_weights":[2.6667565E-1,-7.1232736E-1,2.7884586E0,-2.1108733E-1,-2.1098177E-1,8.650666E-2,3.3176214E-1,-5.403681E-1,4.0832266E-2,-6.0964894E-2,-1.3162232E-2],"categories":[],"categories_nodes":[],"categories_segments":[],"categories_sizes":[],"default_left":[0,0,0,0,0,0,0,0,0,0,0],"id":32,"left_children":[1,3,5,-1,7,-1,-1,9,-1,-1,-1],"loss_changes":[2.6674625E1,5.1638823E0,1.833992E-1,0E0,1.6485773E0,0E0,0E0,6.1347842E-2,0E0,0E0,0E0],"parents":[2147483647,0,0,1,1,2,2,4,4,7,7],"right_children":[2,4,6,-1,8,-1,-1,10,-1,-1,-1],"split_conditions":[9.0341485E-1,2.0153472E-1,1E0,-2.1108733E-1,7.013297E-1,8.650666E-2,3.3176214E-1,5.01564E-1,4.0832266E-2,-6.0964894E-2,-1.3162232E-2],"split_indices":[0,0,0,0,0,0,0,0,0,0,0],"split_type":[0,0,0,0,0,0,0,0,0,0,0],"sum_hessian":[9E0,7E0,2E0,1E0,6E0,1E0,1E0,4E0,2E0,3E0,1E0],"tree_param":{"num_deleted":"0","num_feature":"2","num_nodes":"11","size_leaf_vector":"1"}},{"base_weights":[2.5739688E-1,-6.7164254E-1,2.6490364E0,-2.0053296E-1,-1.9464016E-1,8.218136E-2,3.151741E-1,-5.011568E-1,3.81101E-2,-5.639255E-2,-1.2504101E-2],"categories":[],"categories_nodes":[],"categories_segments":[],"categories_sizes":[],"default_left":[0,0,0,0,0,0,0,0,0,0,0],"id":33,"left_children":[1,3,5,-1,7,-1,-1,9,-1,-1,-1],"loss_changes":[2.399848E1,4.6990585E0,1.655178E-1,0E0,1.426311E0,0E0,0E0,4.752767E-2,0E0,0E0,0E0],"parents":[2147483647,0,0,1,1,2,2,4,4,7,7],"right_children":[2,4,6,-1,8,-1,-1,10,-1,-1,-1],"split_conditions":[9.0341485E-1,2.0153472E-1,1E0,-2.0053296E-1,7.013297E-1,8.218136E-2,3.151741E-1,5.01564E-1,3.81101E-2,-5.639255E-2,-1.2504101E-2],"split_indices":[0,0,0,0,0,0,0,0,0,0,0],"split_type":[0,0,0,0,0,0,0,0,0,0,0],"sum_hessian":[9E0,7E0,2E0,1E0,6E0,1E0,1E0,4E0,2E0,3E0,1E0],"tree_param":{"num_deleted":"0","num_feature":"2","num_nodes":"11","size_leaf_vector":"1"}},{"base_weights":[2.4826126E-1,-6.333928E-1,2.516585E0,-1.9050632E-1,-1.7957374E-1,7.807236E-2,2.994154E-1,-4.648203E-1,3.556951E-2,-5.21631E-2,-1.1878872E-2],"categories":[],"categories_nodes":[],"categories_segments":[],"categories_sizes":[],"default_left":[0,0,0,0,0,0,0,0,0,0,0],"id":34,"left_children":[1,3,5,-1,7,-1,-1,9,-1,-1,-1],"loss_changes":[2.1592756E1,4.2747664E0,1.4937401E-1,0E0,1.2341195E0,0E0,0E0,3.632748E-2,0E0,0E0,0E0],"parents":[2147483647,0,0,1,1,2,2,4,4,7,7],"right_children":[2,4,6,-1,8,-1,-1,10,-1,-1,-1],"split_conditions":[9.0341485E-1,2.0153472E-1,1E0,-1.9050632E-1,7.013297E-1,7.807236E-2,2.994154E-1,5.01564E-1,3.556951E-2,-5.21631E-2,-1.1878872E-2],"split_indices":[0,0,0,0,0,0,0,0,0,0,0],"split_type":[0,0,0,0,0,0,0,0,0,0,0],"sum_hessian":[9E0,7E0,2E0,1E0,6E0,1E0,1E0,4E0,2E0,3E0,1E0],"tree_param":{"num_deleted":"0","num_feature":"2","num_nodes":"11","size_leaf_vector":"1"}},{"base_weights":[2.3928614E-1,-5.974258E-1,2.390756E0,-1.8098103E-1,-1.6568375E-1,7.416878E-2,2.8444463E-1,-4.31147E-1,3.3198293E-2,-4.8250914E-2,-1.1284924E-2],"categories":[],"categories_nodes":[],"categories_segments":[],"categories_sizes":[],"default_left":[0,0,0,0,0,0,0,0,0,0,0],"id":35,"left_children":[1,3,5,-1,7,-1,-1,9,-1,-1,-1],"loss_changes":[1.9429905E1,3.8876424E0,1.3480568E-1,0E0,1.067919E0,0E0,0E0,2.7291477E-2,0E0,0E0,0E0],"parents":[2147483647,0,0,1,1,2,2,4,4,7,7],"right_children":[2,4,6,-1,8,-1,-1,10,-1,-1,-1],"split_conditions":[9.0341485E-1,2.0153472E-1,1E0,-1.8098103E-1,7.013297E-1,7.416878E-2,2.8444463E-1,5.01564E-1,3.3198293E-2,-4.8250914E-2,-1.1284924E-2],"split_indices":[0,0,0,0,0,0,0,0,0,0,0],"split_type":[0,0,0,0,0,0,0,0,0,0,0],"sum_hessian":[9E0,7E0,2E0,1E0,6E0,1E0,1E0,4E0,2E0,3E0,1E0],"tree_param":{"num_deleted":"0","num_feature":"2","num_nodes":"11","size_leaf_vector":"1"}},{"base_weights":[2.3048687E-1,-5.635984E-1,2.2712185E0,-1.7193198E-1,-1.5287821E-1,7.046032E-2,2.7022249E-1,-3.9993954E-1,3.0985007E-2,-4.4632126E-2,-1.0720635E-2],"categories":[],"categories_nodes":[],"categories_segments":[],"categories_sizes":[],"default_left":[0,0,0,0,0,0,0,0,0,0,0],"id":36,"left_children":[1,3,5,-1,7,-1,-1,9,-1,-1,-1],"loss_changes":[1.7485205E1,3.5345786E0,1.21665955E-1,0E0,9.2417705E-1,0E0,0E0,2.0038903E-2,0E0,0E0,0E0],"parents":[2147483647,0,0,1,1,2,2,4,4,7,7],"right_children":[2,4,6,-1,8,-1,-1,10,-1,-1,-1],"split_conditions":[9.0341485E-1,2.0153472E-1,1E0,-1.7193198E-1,7.013297E-1,7.046032E-2,2.7022249E-1,5.01564E-1,3.0985007E-2,-4.4632126E-2,-1.0720635E-2],"split_indices":[0,0,0,0,0,0,0,0,0,0,0],"split_type":[0,0,0,0,0,0,0,0,0,0,0],"sum_hessian":[9E0,7E0,2E0,1E0,6E0,1E0,1E0,4E0,2E0,3E0,1E0],"tree_param":{"num_deleted":"0","num_feature":"2","num_nodes":"11","size_leaf_vector":"1"}},{"base_weights":[2.2187614E-1,-5.317764E-1,2.1576576E0,-1.6333537E-1,-1.41072E-1,6.693726E-2,2.567114E-1,-3.7101611E-1,2.891922E-2,-4.128473E-2,-1.0184574E-2],"categories":[],"categories_nodes":[],"categories_segments":[],"categories_sizes":[],"default_left":[0,0,0,0,0,0,0,0,0,0,0],"id":37,"left_children":[1,3,5,-1,7,-1,-1,9,-1,-1,-1],"loss_changes":[1.5736458E1,3.2127082E0,1.0980797E-1,0E0,7.99852E-1,0E0,0E0,1.4251828E-2,0E0,0E0,0E0],"parents":[2147483647,0,0,1,1,2,2,4,4,7,7],"right_children":[2,4,6,-1,8,-1,-1,10,-1,-1,-1],"split_conditions":[9.0341485E-1,2.0153472E-1,1E0,-1.6333537E-1,7.013297E-1,6.693726E-2,2.567114E-1,5.01564E-1,2.891922E-2,-4.128473E-2,-1.0184574E-2],"split_indices":[0,0,0,0,0,0,0,0,0,0,0],"split_type":[0,0,0,0,0,0,0,0,0,0,0],"sum_hessian":[9E0,7E0,2E0,1E0,6E0,1E0,1E0,4E0,2E0,3E0,1E0],"tree_param":{"num_deleted":"0","num_feature":"2","num_nodes":"11","size_leaf_vector":"1"}},{"base_weights":[2.1346512E-1,-5.018344E-1,2.0497754E0,-1.5516858E-1,-1.3018622E-1,6.359043E-2,2.4387589E-1,-3.4420833E-1,2.6991272E-2,-3.8188387E-2,-9.675312E-3],"categories":[],"categories_nodes":[],"categories_segments":[],"categories_sizes":[],"default_left":[0,0,0,0,0,0,0,0,0,0,0],"id":38,"left_children":[1,3,5,-1,7,-1,-1,9,-1,-1,-1],"loss_changes":[1.4163766E1,2.9193947E0,9.910011E-2,0E0,6.923163E-1,0E0,0E0,9.666622E-3,0E0,0E0,0E0],"parents":[2147483647,0,0,1,1,2,2,4,4,7,7],"right_children":[2,4,6,-1,8,-1,-1,10,-1,-1,-1],"split_conditions":[9.0341485E-1,2.0153472E-1,1E0,-1.5516858E-1,7.013297E-1,6.359043E-2,2.4387589E-1,5.01564E-1,2.6991272E-2,-3.8188387E-2,-9.675312E-3],"split_indices":[0,0,0,0,0,0,0,0,0,0,0],"split_type":[0,0,0,0,0,0,0,0,0,0,0],"sum_hessian":[9E0,7E0,2E0,1E0,6E0,1E0,1E0,4E0,2E0,3E0,1E0],"tree_param":{"num_deleted":"0","num_feature":"2","num_nodes":"11","size_leaf_vector":"1"}},{"base_weights":[2.0526075E-1,-4.736563E-1,1.947286E0,-1.4741015E-1,-1.2014961E-1,6.0410883E-2,2.3168202E-1,-3.1935996E-1,2.5191752E-2,-3.5324242E-2,-9.191513E-3],"categories":[],"categories_nodes":[],"categories_segments":[],"categories_sizes":[],"default_left":[0,0,0,0,0,0,0,0,0,0,0],"id":39,"left_children":[1,3,5,-1,7,-1,-1,9,-1,-1,-1],"loss_changes":[1.274925E1,2.6521997E0,8.943844E-2,0E0,5.992898E-1,0E0,0E0,6.0635805E-3,0E0,0E0,0E0],"parents":[2147483647,0,0,1,1,2,2,4,4,7,7],"right_children":[2,4,6,-1,8,-1,-1,10,-1,-1,-1],"split_conditions":[9.0341485E-1,2.0153472E-1,1E0,-1.4741015E-1,7.013297E-1,6.0410883E-2,2.3168202E-1,5.01564E-1,2.5191752E-2,-3.5324242E-2,-9.191513E-3],"split_indices":[0,0,0,0,0,0,0,0,0,0,0],"split_type":[0,0,0,0,0,0,0,0,0,0,0],"sum_hessian":[9E0,7E0,2E0,1E0,6E0,1E0,1E0,4E0,2E0,3E0,1E0],"tree_param":{"num_deleted":"0","num_feature":"2","num_nodes":"11","size_leaf_vector":"1"}},{"base_weights":[1.9727059E-1,-4.471326E-1,1.8499222E0,-1.4003964E-1,-1.1089543E-1,5.7390403E-2,2.2009793E-1,-2.963272E-1,2.3512268E-2,-3.2674935E-2,-8.731938E-3],"categories":[],"categories_nodes":[],"categories_segments":[],"categories_sizes":[],"default_left":[0,0,0,0,0,0,0,0,0,0,0],"id":40,"left_children":[1,3,5,-1,7,-1,-1,9,-1,-1,-1],"loss_changes":[1.14769E1,2.4088836E0,8.0714226E-2,0E0,5.1881254E-1,0E0,0E0,3.2607615E-3,0E0,0E0,0E0],"parents":[2147483647,0,0,1,1,2,2,4,4,7,7],"right_children":[2,4,6,-1,8,-1,-1,10,-1,-1,-1],"split_conditions":[9.0341485E-1,2.0153472E-1,1E0,-1.4003964E-1,7.013297E-1,5.7390403E-2,2.2009793E-1,5.01564E-1,2.3512268E-2,-3.2674935E-2,-8.731938E-3],"split_indices":[0,0,0,0,0,0,0,0,0,0,0],"split_type":[0,0,0,0,0,0,0,0,0,0,0],"sum_hessian":[9E0,7E0,2E0,1E0,6E0,1E0,1E0,4E0,2E0,3E0,1E0],"tree_param":{"num_deleted":"0","num_feature":"2","num_nodes":"11","size_leaf_vector":"1"}},{"base_weights":[1.8949851E-1,-4.2216158E-1,1.7574259E0,-1.3303767E-1,-1.0236277E-1,5.4520797E-2,2.090931E-1,-2.7497596E-1,2.1944683E-2,-3.0224323E-2,-8.295345E-3],"categories":[],"categories_nodes":[],"categories_segments":[],"categories_sizes":[],"default_left":[0,0,0,0,0,0,0,0,0,0,0],"id":41,"left_children":[1,3,5,-1,7,-1,-1,9,-1,-1,-1],"loss_changes":[1.0332304E1,2.1873875E0,7.285023E-2,0E0,4.4918263E-1,0E0,0E0,1.1075437E-3,0E0,0E0,0E0],"parents":[2147483647,0,0,1,1,2,2,4,4,7,7],"right_children":[2,4,6,-1,8,-1,-1,10,-1,-1,-1],"split_conditions":[9.0341485E-1,2.0153472E-1,1E0,-1.3303767E-1,7.013297E-1,5.4520797E-2,2.090931E-1,5.01564E-1,2.1944683E-2,-3.0224323E-2,-8.295345E-3],"split_indices":[0,0,0,0,0,0,0,0,0,0,0],"split_type":[0,0,0,0,0,0,0,0,0,0,0],"sum_hessian":[9E0,7E0,2E0,1E0,6E0,1E0,1E0,4E0,2E0,3E0,1E0],"tree_param":{"num_deleted":"0","num_feature":"2","num_nodes":"11","size_leaf_vector":"1"}},{"base_weights":[1.8194866E-1,-3.9864755E-1,1.6695557E0,-1.263858E-1,-9.4494954E-2,5.1794816E-2,1.9863854E-1,-2.5518265E-1,2.0481618E-1,-3.0998422E-2,-1.1532021E-2,6.066132E-3,2.4656296E-2],"categories":[],"categories_nodes":[],"categories_segments":[],"categories_sizes":[],"default_left":[0,0,0,0,0,0,0,0,0,0,0,0,0],"id":42,"left_children":[1,3,5,-1,7,-1,-1,9,11,-1,-1,-1,-1],"loss_changes":[9.302555E0,1.9858193E0,6.574535E-2,0E0,3.8893485E-1,0E0,0E0,2.5759637E-3,3.0971617E-3,0E0,0E0,0E0,0E0],"parents":[2147483647,0,0,1,1,2,2,4,4,7,7,8,8],"right_children":[2,4,6,-1,8,-1,-1,10,12,-1,-1,-1,-1],"split_conditions":[9.0341485E-1,2.0153472E-1,1E0,-1.263858E-1,7.013297E-1,5.1794816E-2,1.9863854E-1,3.9978436E-1,8.0112606E-1,-3.0998422E-2,-1.1532021E-2,6.066132E-3,2.4656296E-2],"split_indices":[0,0,0,0,0,0,0,0,0,0,0,0,0],"split_type":[0,0,0,0,0,0,0,0,0,0,0,0,0],"sum_hessian":[9E0,7E0,2E0,1E0,6E0,1E0,1E0,4E0,2E0,2E0,2E0,1E0,1E0],"tree_param":{"num_deleted":"0","num_feature":"2","num_nodes":"13","size_leaf_vector":"1"}},{"base_weights":[1.7497739E-1,-3.7605727E-1,1.5860773E0,-1.200665E-1,-8.673259E-2,4.9205016E-2,1.8870659E-1,-2.3817062E-1,1.94575E-1,-2.8931871E-2,-1.0763232E-2,5.7628634E-3,2.3423387E-2],"categories":[],"categories_nodes":[],"categories_segments":[],"categories_sizes":[],"default_left":[0,0,0,0,0,0,0,0,0,0,0,0,0],"id":43,"left_children":[1,3,5,-1,7,-1,-1,9,11,-1,-1,-1,-1],"loss_changes":[8.372107E0,1.8044981E0,5.9337616E-2,0E0,3.4454674E-1,0E0,0E0,2.2438765E-3,2.794832E-3,0E0,0E0,0E0,0E0],"parents":[2147483647,0,0,1,1,2,2,4,4,7,7,8,8],"right_children":[2,4,6,-1,8,-1,-1,10,12,-1,-1,-1,-1],"split_conditions":[9.0341485E-1,2.0153472E-1,1E0,-1.200665E-1,7.013297E-1,4.9205016E-2,1.8870659E-1,3.9978436E-1,8.0112606E-1,-2.8931871E-2,-1.0763232E-2,5.7628634E-3,2.3423387E-2],"split_indices":[0,0,0,0,0,0,0,0,0,0,0,0,0],"split_type":[0,0,0,0,0,0,0,0,0,0,0,0,0],"sum_hessian":[9E0,7E0,2E0,1E0,6E0,1E0,1E0,4E0,2E0,2E0,2E0,1E0,1E0],"tree_param":{"num_deleted":"0","num_feature":"2","num_nodes":"13","size_leaf_vector":"1"}},{"base_weights":[1.6821337E-1,-3.547734E-1,1.5067736E0,-1.14063166E-1,-7.9560556E-2,4.674473E-2,1.7927133E-1,-2.2229251E-1,1.8484624E-1,-2.7003065E-2,-1.0045688E-2,5.474663E-3,2.2252275E-2],"categories":[],"categories_nodes":[],"categories_segments":[],"categories_sizes":[],"default_left":[0,0,0,0,0,0,0,0,0,0,0,0,0],"id":44,"left_children":[1,3,5,-1,7,-1,-1,9,11,-1,-1,-1,-1],"loss_changes":[7.5350556E0,1.6394771E0,5.355501E-2,0E0,3.0526504E-1,0E0,0E0,1.9546002E-3,2.522722E-3,0E0,0E0,0E0,0E0],"parents":[2147483647,0,0,1,1,2,2,4,4,7,7,8,8],"right_children":[2,4,6,-1,8,-1,-1,10,12,-1,-1,-1,-1],"split_conditions":[9.0341485E-1,2.0153472E-1,1E0,-1.14063166E-1,7.013297E-1,4.674473E-2,1.7927133E-1,3.9978436E-1,8.0112606E-1,-2.7003065E-2,-1.0045688E-2,5.474663E-3,2.2252275E-2],"split_indices":[0,0,0,0,0,0,0,0,0,0,0,0,0],"split_type":[0,0,0,0,0,0,0,0,0,0,0,0,0],"sum_hessian":[9E0,7E0,2E0,1E0,6E0,1E0,1E0,4E0,2E0,2E0,2E0,1E0,1E0],"tree_param":{"num_deleted":"0","num_feature":"2","num_nodes":"13","size_leaf_vector":"1"}},{"base_weights":[1.6165523E-1,-3.3471894E-1,1.4314346E0,-1.0836001E-1,-7.2935924E-2,4.4407465E-2,1.7030774E-1,-2.07473E-1,1.756045E-1,-2.520288E-2,-9.375954E-3,5.2009583E-3,2.1139717E-2],"categories":[],"categories_nodes":[],"categories_segments":[],"categories_sizes":[],"default_left":[0,0,0,0,0,0,0,0,0,0,0,0,0],"id":45,"left_children":[1,3,5,-1,7,-1,-1,9,11,-1,-1,-1,-1],"loss_changes":[6.7819853E0,1.4893217E0,4.833412E-2,0E0,2.7049848E-1,0E0,0E0,1.7028451E-3,2.2767037E-3,0E0,0E0,0E0,0E0],"parents":[2147483647,0,0,1,1,2,2,4,4,7,7,8,8],"right_children":[2,4,6,-1,8,-1,-1,10,12,-1,-1,-1,-1],"split_conditions":[9.0341485E-1,2.0153472E-1,1E0,-1.0836001E-1,7.013297E-1,4.4407465E-2,1.7030774E-1,3.9978436E-1,8.0112606E-1,-2.520288E-2,-9.375954E-3,5.2009583E-3,2.1139717E-2],"split_indices":[0,0,0,0,0,0,0,0,0,0,0,0,0],"split_type":[0,0,0,0,0,0,0,0,0,0,0,0,0],"sum_hessian":[9E0,7E0,2E0,1E0,6E0,1E0,1E0,4E0,2E0,2E0,2E0,1E0,1E0],"tree_param":{"num_deleted":"0","num_feature":"2","num_nodes":"13","size_leaf_vector":"1"}},{"base_weights":[1.5530176E-1,-3.1582153E-1,1.3598633E0,-1.0294199E-1,-6.6818915E-2,4.218712E-2,1.6179238E-1,-1.936411E-1,1.6682434E-1,-2.3522664E-2,-8.750852E-3,4.9409866E-3,2.0082666E-2],"categories":[],"categories_nodes":[],"categories_segments":[],"categories_sizes":[],"default_left":[0,0,0,0,0,0,0,0,0,0,0,0,0],"id":46,"left_children":[1,3,5,-1,7,-1,-1,9,11,-1,-1,-1,-1],"loss_changes":[6.1044436E0,1.3527181E0,4.3620586E-2,0E0,2.3972207E-1,0E0,0E0,1.4835745E-3,2.0542666E-3,0E0,0E0,0E0,0E0],"parents":[2147483647,0,0,1,1,2,2,4,4,7,7,8,8],"right_children":[2,4,6,-1,8,-1,-1,10,12,-1,-1,-1,-1],"split_conditions":[9.0341485E-1,2.0153472E-1,1E0,-1.0294199E-1,7.013297E-1,4.218712E-2,1.6179238E-1,3.9978436E-1,8.0112606E-1,-2.3522664E-2,-8.750852E-3,4.9409866E-3,2.0082666E-2],"split_indices":[0,0,0,0,0,0,0,0,0,0,0,0,0],"split_type":[0,0,0,0,0,0,0,0,0,0,0,0,0],"sum_hessian":[9E0,7E0,2E0,1E0,6E0,1E0,1E0,4E0,2E0,2E0,2E0,1E0,1E0],"tree_param":{"num_deleted":"0","num_feature":"2","num_nodes":"13","size_leaf_vector":"1"}},{"base_weights":[1.4915028E-1,-2.9801345E-1,1.2918701E0,-9.779491E-2,-6.1172757E-2,4.0077783E-2,1.5370274E-1,-1.8073158E-1,1.5848286E-1,-2.1954473E-2,-8.167458E-3,4.693985E-3,1.9078447E-2],"categories":[],"categories_nodes":[],"categories_segments":[],"categories_sizes":[],"default_left":[0,0,0,0,0,0,0,0,0,0,0,0,0],"id":47,"left_children":[1,3,5,-1,7,-1,-1,9,11,-1,-1,-1,-1],"loss_changes":[5.494823E0,1.2284677E0,3.9366722E-2,0E0,2.1247524E-1,0E0,0E0,1.2923479E-3,1.8536597E-3,0E0,0E0,0E0,0E0],"parents":[2147483647,0,0,1,1,2,2,4,4,7,7,8,8],"right_children":[2,4,6,-1,8,-1,-1,10,12,-1,-1,-1,-1],"split_conditions":[9.0341485E-1,2.0153472E-1,1E0,-9.779491E-2,7.013297E-1,4.0077783E-2,1.5370274E-1,3.9978436E-1,8.0112606E-1,-2.1954473E-2,-8.167458E-3,4.693985E-3,1.9078447E-2],"split_indices":[0,0,0,0,0,0,0,0,0,0,0,0,0],"split_type":[0,0,0,0,0,0,0,0,0,0,0,0,0],"sum_hessian":[9E0,7E0,2E0,1E0,6E0,1E0,1E0,4E0,2E0,2E0,2E0,1E0,1E0],"tree_param":{"num_deleted":"0","num_feature":"2","num_nodes":"13","size_leaf_vector":"1"}},{"base_weights":[1.4319916E-1,-2.8122997E-1,1.2272772E0,-9.2905186E-2,-5.596229E-2,3.8073923E-2,1.4601766E-1,-1.6868305E-1,1.5055974E-1,-1.8610978E-2,-4.948807E-3,4.459381E-3,1.812458E-2],"categories":[],"categories_nodes":[],"categories_segments":[],"categories_sizes":[],"default_left":[0,0,0,0,0,0,0,0,0,0,0,0,0],"id":48,"left_children":[1,3,5,-1,7,-1,-1,9,11,-1,-1,-1,-1],"loss_changes":[4.94629E0,1.1154748E0,3.5527706E-2,0E0,1.8835214E-1,0E0,0E0,1.1756718E-3,1.6725957E-3,0E0,0E0,0E0,0E0],"parents":[2147483647,0,0,1,1,2,2,4,4,7,7,8,8],"right_children":[2,4,6,-1,8,-1,-1,10,12,-1,-1,-1,-1],"split_conditions":[9.0341485E-1,2.0153472E-1,1E0,-9.2905186E-2,7.013297E-1,3.8073923E-2,1.4601766E-1,5.01564E-1,8.0112606E-1,-1.8610978E-2,-4.948807E-3,4.459381E-3,1.812458E-2],"split_indices":[0,0,0,0,0,0,0,0,0,0,0,0,0],"split_type":[0,0,0,0,0,0,0,0,0,0,0,0,0],"sum_hessian":[9E0,7E0,2E0,1E0,6E0,1E0,1E0,4E0,2E0,3E0,1E0,1E0,1E0],"tree_param":{"num_deleted":"0","num_feature":"2","num_nodes":"13","size_leaf_vector":"1"}},{"base_weights":[1.3790044E-1,-2.6484168E-1,1.1659126E0,-8.8259935E-2,-5.0504956E-2,3.6170196E-2,1.387167E-1,-1.5652618E-1,1.4303207E-1,-1.9250108E-2,-6.837591E-3,4.2364122E-3,1.72184E-2],"categories":[],"categories_nodes":[],"categories_segments":[],"categories_sizes":[],"default_left":[0,0,0,0,0,0,0,0,0,0,0,0,0],"id":49,"left_children":[1,3,5,-1,7,-1,-1,9,11,-1,-1,-1,-1],"loss_changes":[4.4490204E0,1.0146897E0,3.2064438E-2,0E0,1.660215E-1,0E0,0E0,2.6935562E-3,1.5095733E-3,0E0,0E0,0E0,0E0],"parents":[2147483647,0,0,1,1,2,2,4,4,7,7,8,8],"right_children":[2,4,6,-1,8,-1,-1,10,12,-1,-1,-1,-1],"split_conditions":[9.0341485E-1,2.0153472E-1,1E0,-8.8259935E-2,7.013297E-1,3.6170196E-2,1.387167E-1,3.9978436E-1,8.0112606E-1,-1.9250108E-2,-6.837591E-3,4.2364122E-3,1.72184E-2],"split_indices":[0,0,0,0,0,0,0,0,0,0,0,0,0],"split_type":[0,0,0,0,0,0,0,0,0,0,0,0,0],"sum_hessian":[9E0,7E0,2E0,1E0,6E0,1E0,1E0,4E0,2E0,2E0,2E0,1E0,1E0],"tree_param":{"num_deleted":"0","num_feature":"2","num_nodes":"13","size_leaf_vector":"1"}},{"base_weights":[1.3230944E-1,-2.4996936E-1,1.1076164E0,-8.384695E-2,-4.6116557E-2,3.436165E-2,1.3178082E-1,-1.460909E-1,1.3587952E-1,-1.7966747E-2,-6.3817347E-3,4.0245056E-3,1.6357422E-2],"categories":[],"categories_nodes":[],"categories_segments":[],"categories_sizes":[],"default_left":[0,0,0,0,0,0,0,0,0,0,0,0,0],"id":50,"left_children":[1,3,5,-1,7,-1,-1,9,11,-1,-1,-1,-1],"loss_changes":[4.005262E0,9.21072E-1,2.8938532E-2,0E0,1.472153E-1,0E0,0E0,2.3464337E-3,1.3626516E-3,0E0,0E0,0E0,0E0],"parents":[2147483647,0,0,1,1,2,2,4,4,7,7,8,8],"right_children":[2,4,6,-1,8,-1,-1,10,12,-1,-1,-1,-1],"split_conditions":[9.0341485E-1,2.0153472E-1,1E0,-8.384695E-2,7.013297E-1,3.436165E-2,1.3178082E-1,3.9978436E-1,8.0112606E-1,-1.7966747E-2,-6.3817347E-3,4.0245056E-3,1.6357422E-2],"split_indices":[0,0,0,0,0,0,0,0,0,0,0,0,0],"split_type":[0,0,0,0,0,0,0,0,0,0,0,0,0],"sum_hessian":[9E0,7E0,2E0,1E0,6E0,1E0,1E0,4E0,2E0,2E0,2E0,1E0,1E0],"tree_param":{"num_deleted":"0","num_feature":"2","num_nodes":"13","size_leaf_vector":"1"}},{"base_weights":[1.2691116E-1,-2.3594904E-1,1.0522346E0,-7.96546E-2,-4.207148E-2,3.264351E-2,1.2519169E-1,-1.3635139E-1,1.2908554E-1,-1.6768964E-2,-5.9562684E-3,3.8232803E-3,1.5539551E-2],"categories":[],"categories_nodes":[],"categories_segments":[],"categories_sizes":[],"default_left":[0,0,0,0,0,0,0,0,0,0,0,0,0],"id":51,"left_children":[1,3,5,-1,7,-1,-1,9,11,-1,-1,-1,-1],"loss_changes":[3.6059046E0,8.359854E-1,2.6118279E-2,0E0,1.3055769E-1,0E0,0E0,2.0440668E-3,1.2297966E-3,0E0,0E0,0E0,0E0],"parents":[2147483647,0,0,1,1,2,2,4,4,7,7,8,8],"right_children":[2,4,6,-1,8,-1,-1,10,12,-1,-1,-1,-1],"split_conditions":[9.0341485E-1,2.0153472E-1,1E0,-7.96546E-2,7.013297E-1,3.264351E-2,1.2519169E-1,3.9978436E-1,8.0112606E-1,-1.6768964E-2,-5.9562684E-3,3.8232803E-3,1.5539551E-2],"split_indices":[0,0,0,0,0,0,0,0,0,0,0,0,0],"split_type":[0,0,0,0,0,0,0,0,0,0,0,0,0],"sum_hessian":[9E0,7E0,2E0,1E0,6E0,1E0,1E0,4E0,2E0,2E0,2E0,1E0,1E0],"tree_param":{"num_deleted":"0","num_feature":"2","num_nodes":"13","size_leaf_vector":"1"}},{"base_weights":[1.21702194E-1,-2.2273111E-1,9.996236E-1,-7.567187E-2,-3.834452E-2,3.1011391E-2,1.1893215E-1,-1.2726097E-1,1.2263107E-1,-1.5651004E-2,-5.5591585E-3,3.632164E-3,1.47624975E-2],"categories":[],"categories_nodes":[],"categories_segments":[],"categories_sizes":[],"default_left":[0,0,0,0,0,0,0,0,0,0,0,0,0],"id":52,"left_children":[1,3,5,-1,7,-1,-1,9,11,-1,-1,-1,-1],"loss_changes":[3.246501E0,7.586651E-1,2.3570776E-2,0E0,1.157998E-1,0E0,0E0,1.7806739E-3,1.1096448E-3,0E0,0E0,0E0,0E0],"parents":[2147483647,0,0,1,1,2,2,4,4,7,7,8,8],"right_children":[2,4,6,-1,8,-1,-1,10,12,-1,-1,-1,-1],"split_conditions":[9.0341485E-1,2.0153472E-1,1E0,-7.567187E-2,7.013297E-1,3.1011391E-2,1.1893215E-1,3.9978436E-1,8.0112606E-1,-1.5651004E-2,-5.5591585E-3,3.632164E-3,1.47624975E-2],"split_indices":[0,0,0,0,0,0,0,0,0,0,0,0,0],"split_type":[0,0,0,0,0,0,0,0,0,0,0,0,0],"sum_hessian":[9E0,7E0,2E0,1E0,6E0,1E0,1E0,4E0,2E0,2E0,2E0,1E0,1E0],"tree_param":{"num_deleted":"0","num_feature":"2","num_nodes":"13","size_leaf_vector":"1"}},{"base_weights":[1.1667814E-1,-2.1026862E-1,9.4964343E-1,-7.188826E-2,-3.491197E-2,2.9460907E-2,1.1298561E-1,-1.18776515E-1,1.1649958E-1,-1.4607589E-2,-5.188497E-3,3.4505844E-3,1.4024354E-2],"categories":[],"categories_nodes":[],"categories_segments":[],"categories_sizes":[],"default_left":[0,0,0,0,0,0,0,0,0,0,0,0,0],"id":53,"left_children":[1,3,5,-1,7,-1,-1,9,11,-1,-1,-1,-1],"loss_changes":[2.9230332E0,6.88413E-1,2.1270514E-2,0E0,1.02723844E-1,0E0,0E0,1.5513375E-3,1.0013431E-3,0E0,0E0,0E0,0E0],"parents":[2147483647,0,0,1,1,2,2,4,4,7,7,8,8],"right_children":[2,4,6,-1,8,-1,-1,10,12,-1,-1,-1,-1],"split_conditions":[9.0341485E-1,2.0153472E-1,1E0,-7.188826E-2,7.013297E-1,2.9460907E-2,1.1298561E-1,3.9978436E-1,8.0112606E-1,-1.4607589E-2,-5.188497E-3,3.4505844E-3,1.4024354E-2],"split_indices":[0,0,0,0,0,0,0,0,0,0,0,0,0],"split_type":[0,0,0,0,0,0,0,0,0,0,0,0,0],"sum_hessian":[9E0,7E0,2E0,1E0,6E0,1E0,1E0,4E0,2E0,2E0,2E0,1E0,1E0],"tree_param":{"num_deleted":"0","num_feature":"2","num_nodes":"13","size_leaf_vector":"1"}},{"base_weights":[1.11834146E-1,-1.9851804E-1,9.021619E-1,-6.829386E-2,-3.175245E-2,2.7987862E-2,1.07336424E-1,-1.1085816E-1,1.1067454E-1,-1.3633728E-2,-4.842631E-3,3.2779693E-3,1.3323212E-2],"categories":[],"categories_nodes":[],"categories_segments":[],"categories_sizes":[],"default_left":[0,0,0,0,0,0,0,0,0,0,0,0,0],"id":54,"left_children":[1,3,5,-1,7,-1,-1,9,11,-1,-1,-1,-1],"loss_changes":[2.6318948E0,6.245924E-1,1.9197464E-2,0E0,9.113669E-2,0E0,0E0,1.3512373E-3,9.040497E-4,0E0,0E0,0E0,0E0],"parents":[2147483647,0,0,1,1,2,2,4,4,7,7,8,8],"right_children":[2,4,6,-1,8,-1,-1,10,12,-1,-1,-1,-1],"split_conditions":[9.0341485E-1,2.0153472E-1,1E0,-6.829386E-2,7.013297E-1,2.7987862E-2,1.07336424E-1,3.9978436E-1,8.0112606E-1,-1.3633728E-2,-4.842631E-3,3.2779693E-3,1.3323212E-2],"split_indices":[0,0,0,0,0,0,0,0,0,0,0,0,0],"split_type":[0,0,0,0,0,0,0,0,0,0,0,0,0],"sum_hessian":[9E0,7E0,2E0,1E0,6E0,1E0,1E0,4E0,2E0,2E0,2E0,1E0,1E0],"tree_param":{"num_deleted":"0","num_feature":"2","num_nodes":"13","size_leaf_vector":"1"}},{"base_weights":[1.0716601E-1,-1.8743742E-1,8.570531E-1,-6.487918E-2,-2.8845105E-2,2.658844E-2,1.0196953E-1,-1.0346756E-1,1.05140686E-1,-1.2724812E-2,-4.5197806E-3,3.1141283E-3,1.2656975E-2],"categories":[],"categories_nodes":[],"categories_segments":[],"categories_sizes":[],"default_left":[0,0,0,0,0,0,0,0,0,0,0,0,0],"id":55,"left_children":[1,3,5,-1,7,-1,-1,9,11,-1,-1,-1,-1],"loss_changes":[2.369837E0,5.6662357E-1,1.7325878E-2,0E0,8.086708E-2,0E0,0E0,1.1771098E-3,8.156672E-4,0E0,0E0,0E0,0E0],"parents":[2147483647,0,0,1,1,2,2,4,4,7,7,8,8],"right_children":[2,4,6,-1,8,-1,-1,10,12,-1,-1,-1,-1],"split_conditions":[9.0341485E-1,2.0153472E-1,1E0,-6.487918E-2,7.013297E-1,2.658844E-2,1.0196953E-1,3.9978436E-1,8.0112606E-1,-1.2724812E-2,-4.5197806E-3,3.1141283E-3,1.2656975E-2],"split_indices":[0,0,0,0,0,0,0,0,0,0,0,0,0],"split_type":[0,0,0,0,0,0,0,0,0,0,0,0,0],"sum_hessian":[9E0,7E0,2E0,1E0,6E0,1E0,1E0,4E0,2E0,2E0,2E0,1E0,1E0],"tree_param":{"num_deleted":"0","num_feature":"2","num_nodes":"13","size_leaf_vector":"1"}},{"base_weights":[1.0267E-1,-1.7698753E-1,8.142001E-1,-6.1635207E-2,-2.6170867E-2,2.5259018E-2,9.6870996E-2,-9.6569635E-2,9.988403E-2,-1.187652E-2,-4.2184195E-3,2.9584884E-3,1.2024117E-2],"categories":[],"categories_nodes":[],"categories_segments":[],"categories_sizes":[],"default_left":[0,0,0,0,0,0,0,0,0,0,0,0,0],"id":56,"left_children":[1,3,5,-1,7,-1,-1,9,11,-1,-1,-1,-1],"loss_changes":[2.1339507E0,5.139775E-1,1.5636086E-2,0E0,7.176453E-2,0E0,0E0,1.025565E-3,7.3594786E-4,0E0,0E0,0E0,0E0],"parents":[2147483647,0,0,1,1,2,2,4,4,7,7,8,8],"right_children":[2,4,6,-1,8,-1,-1,10,12,-1,-1,-1,-1],"split_conditions":[9.0341485E-1,2.0153472E-1,1E0,-6.1635207E-2,7.013297E-1,2.5259018E-2,9.6870996E-2,3.9978436E-1,8.0112606E-1,-1.187652E-2,-4.2184195E-3,2.9584884E-3,1.2024117E-2],"split_indices":[0,0,0,0,0,0,0,0,0,0,0,0,0],"split_type":[0,0,0,0,0,0,0,0,0,0,0,0,0],"sum_hessian":[9E0,7E0,2E0,1E0,6E0,1E0,1E0,4E0,2E0,2E0,2E0,1E0,1E0],"tree_param":{"num_deleted":"0","num_feature":"2","num_nodes":"13","size_leaf_vector":"1"}},{"base_weights":[9.8341085E-2,-1.6713226E-1,7.7348965E-1,-5.8553457E-2,-2.3712704E-2,2.3995971E-2,9.202748E-2,-9.013138E-2,9.488932E-2,-1.10847475E-2,-3.937149E-3,2.8104782E-3,1.142292E-2],"categories":[],"categories_nodes":[],"categories_segments":[],"categories_sizes":[],"default_left":[0,0,0,0,0,0,0,0,0,0,0,0,0],"id":57,"left_children":[1,3,5,-1,7,-1,-1,9,11,-1,-1,-1,-1],"loss_changes":[1.9216144E0,4.66172E-1,1.4113903E-2,0E0,6.369423E-2,0E0,0E0,8.935034E-4,6.644279E-4,0E0,0E0,0E0,0E0],"parents":[2147483647,0,0,1,1,2,2,4,4,7,7,8,8],"right_children":[2,4,6,-1,8,-1,-1,10,12,-1,-1,-1,-1],"split_conditions":[9.0341485E-1,2.0153472E-1,1E0,-5.8553457E-2,7.013297E-1,2.3995971E-2,9.202748E-2,3.9978436E-1,8.0112606E-1,-1.10847475E-2,-3.937149E-3,2.8104782E-3,1.142292E-2],"split_indices":[0,0,0,0,0,0,0,0,0,0,0,0,0],"split_type":[0,0,0,0,0,0,0,0,0,0,0,0,0],"sum_hessian":[9E0,7E0,2E0,1E0,6E0,1E0,1E0,4E0,2E0,2E0,2E0,1E0,1E0],"tree_param":{"num_deleted":"0","num_feature":"2","num_nodes":"13","size_leaf_vector":"1"}},{"base_weights":[9.417553E-2,-1.5783668E-1,7.3481625E-1,-5.5625774E-2,-2.1453993E-2,2.2796249E-2,8.7426186E-2,-8.412266E-2,9.014511E-2,-1.0345745E-2,-3.6746978E-3,2.6699067E-3,1.085186E-2],"categories":[],"categories_nodes":[],"categories_segments":[],"categories_sizes":[],"default_left":[0,0,0,0,0,0,0,0,0,0,0,0,0],"id":58,"left_children":[1,3,5,-1,7,-1,-1,9,11,-1,-1,-1,-1],"loss_changes":[1.7304736E0,4.2276788E-1,1.2736797E-2,0E0,5.6539614E-2,0E0,0E0,7.782467E-4,5.998295E-4,0E0,0E0,0E0,0E0],"parents":[2147483647,0,0,1,1,2,2,4,4,7,7,8,8],"right_children":[2,4,6,-1,8,-1,-1,10,12,-1,-1,-1,-1],"split_conditions":[9.0341485E-1,2.0153472E-1,1E0,-5.5625774E-2,7.013297E-1,2.2796249E-2,8.7426186E-2,3.9978436E-1,8.0112606E-1,-1.0345745E-2,-3.6746978E-3,2.6699067E-3,1.085186E-2],"split_indices":[0,0,0,0,0,0,0,0,0,0,0,0,0],"split_type":[0,0,0,0,0,0,0,0,0,0,0,0,0],"sum_hessian":[9E0,7E0,2E0,1E0,6E0,1E0,1E0,4E0,2E0,2E0,2E0,1E0,1E0],"tree_param":{"num_deleted":"0","num_feature":"2","num_nodes":"13","size_leaf_vector":"1"}},{"base_weights":[9.0167806E-2,-1.490686E-1,6.980756E-1,-5.2844476E-2,-1.9379888E-2,2.1656418E-2,8.305492E-2,-7.851429E-2,8.563741E-2,-9.656048E-3,-3.4296673E-3,2.5363923E-3,1.0309219E-2],"categories":[],"categories_nodes":[],"categories_segments":[],"categories_sizes":[],"default_left":[0,0,0,0,0,0,0,0,0,0,0,0,0],"id":59,"left_children":[1,3,5,-1,7,-1,-1,9,11,-1,-1,-1,-1],"loss_changes":[1.558398E0,3.833652E-1,1.1495471E-2,0E0,5.0194707E-2,0E0,0E0,6.7809597E-4,5.4136105E-4,0E0,0E0,0E0,0E0],"parents":[2147483647,0,0,1,1,2,2,4,4,7,7,8,8],"right_children":[2,4,6,-1,8,-1,-1,10,12,-1,-1,-1,-1],"split_conditions":[9.0341485E-1,2.0153472E-1,1E0,-5.2844476E-2,7.013297E-1,2.1656418E-2,8.305492E-2,3.9978436E-1,8.0112606E-1,-9.656048E-3,-3.4296673E-3,2.5363923E-3,1.0309219E-2],"split_indices":[0,0,0,0,0,0,0,0,0,0,0,0,0],"split_type":[0,0,0,0,0,0,0,0,0,0,0,0,0],"sum_hessian":[9E0,7E0,2E0,1E0,6E0,1E0,1E0,4E0,2E0,2E0,2E0,1E0,1E0],"tree_param":{"num_deleted":"0","num_feature":"2","num_nodes":"13","size_leaf_vector":"1"}},{"base_weights":[8.631401E-2,-1.4079714E-1,6.631724E-1,-5.0202277E-2,-1.7475946E-2,2.0573616E-2,7.8902245E-2,-7.3279954E-2,8.135605E-2,-8.173036E-3,-1.9739151E-3,2.4095536E-3,9.793854E-3],"categories":[],"categories_nodes":[],"categories_segments":[],"categories_sizes":[],"default_left":[0,0,0,0,0,0,0,0,0,0,0,0,0],"id":60,"left_children":[1,3,5,-1,7,-1,-1,9,11,-1,-1,-1,-1],"loss_changes":[1.4034826E0,3.4760082E-1,1.0374665E-2,0E0,4.4568315E-2,0E0,0E0,6.489195E-4,4.8868544E-4,0E0,0E0,0E0,0E0],"parents":[2147483647,0,0,1,1,2,2,4,4,7,7,8,8],"right_children":[2,4,6,-1,8,-1,-1,10,12,-1,-1,-1,-1],"split_conditions":[9.0341485E-1,2.0153472E-1,1E0,-5.0202277E-2,7.013297E-1,2.0573616E-2,7.8902245E-2,5.01564E-1,8.0112606E-1,-8.173036E-3,-1.9739151E-3,2.4095536E-3,9.793854E-3],"split_indices":[0,0,0,0,0,0,0,0,0,0,0,0,0],"split_type":[0,0,0,0,0,0,0,0,0,0,0,0,0],"sum_hessian":[9E0,7E0,2E0,1E0,6E0,1E0,1E0,4E0,2E0,3E0,1E0,1E0,1E0],"tree_param":{"num_deleted":"0","num_feature":"2","num_nodes":"13","size_leaf_vector":"1"}},{"base_weights":[8.281565E-2,-1.3273561E-1,6.3001376E-1,-4.7692157E-2,-1.5434538E-2,1.9544983E-2,7.495709E-2,-6.798134E-2,7.728831E-2,-9.703445E-3,-3.6459446E-3,2.289009E-3,9.304238E-3],"categories":[],"categories_nodes":[],"categories_segments":[],"categories_sizes":[],"default_left":[0,0,0,0,0,0,0,0,0,0,0,0,0],"id":61,"left_children":[1,3,5,-1,7,-1,-1,9,11,-1,-1,-1,-1],"loss_changes":[1.2631178E0,3.15626E-1,9.361982E-3,0E0,3.9360188E-2,0E0,0E0,1.0412224E-3,4.412327E-4,0E0,0E0,0E0,0E0],"parents":[2147483647,0,0,1,1,2,2,4,4,7,7,8,8],"right_children":[2,4,6,-1,8,-1,-1,10,12,-1,-1,-1,-1],"split_conditions":[9.0341485E-1,2.0153472E-1,1E0,-4.7692157E-2,7.013297E-1,1.9544983E-2,7.495709E-2,2.9986158E-1,8.0112606E-1,-9.703445E-3,-3.6459446E-3,2.289009E-3,9.304238E-3],"split_indices":[0,0,0,0,0,0,0,0,0,0,0,0,0],"split_type":[0,0,0,0,0,0,0,0,0,0,0,0,0],"sum_hessian":[9E0,7E0,2E0,1E0,6E0,1E0,1E0,4E0,2E0,1E0,3E0,1E0,1E0],"tree_param":{"num_deleted":"0","num_feature":"2","num_nodes":"13","size_leaf_vector":"1"}},{"base_weights":[7.903948E-2,-1.2564266E-1,5.98512E-1,-4.5307543E-2,-1.4141492E-2,1.8567657E-2,7.120915E-2,-6.3852504E-2,7.342402E-2,-9.218263E-3,-3.3724308E-3,2.1745681E-3,8.839035E-3],"categories":[],"categories_nodes":[],"categories_segments":[],"categories_sizes":[],"default_left":[0,0,0,0,0,0,0,0,0,0,0,0,0],"id":62,"left_children":[1,3,5,-1,7,-1,-1,9,11,-1,-1,-1,-1],"loss_changes":[1.1384662E0,2.856659E-1,8.4501505E-3,0E0,3.51591E-2,0E0,0E0,1.1588838E-3,3.9819628E-4,0E0,0E0,0E0,0E0],"parents":[2147483647,0,0,1,1,2,2,4,4,7,7,8,8],"right_children":[2,4,6,-1,8,-1,-1,10,12,-1,-1,-1,-1],"split_conditions":[9.0341485E-1,2.0153472E-1,1E0,-4.5307543E-2,7.013297E-1,1.8567657E-2,7.120915E-2,2.9986158E-1,8.0112606E-1,-9.218263E-3,-3.3724308E-3,2.1745681E-3,8.839035E-3],"split_indices":[0,0,0,0,0,0,0,0,0,0,0,0,0],"split_type":[0,0,0,0,0,0,0,0,0,0,0,0,0],"sum_hessian":[9E0,7E0,2E0,1E0,6E0,1E0,1E0,4E0,2E0,1E0,3E0,1E0,1E0],"tree_param":{"num_deleted":"0","num_feature":"2","num_nodes":"13","size_leaf_vector":"1"}},{"base_weights":[7.542491E-2,-1.1893898E-1,5.68587E-1,-4.304216E-2,-1.2952669E-2,1.7639352E-2,6.76487E-2,-5.998554E-2,6.975301E-2,-8.757353E-3,-3.1195164E-3,2.0658493E-3,8.397102E-3],"categories":[],"categories_nodes":[],"categories_segments":[],"categories_sizes":[],"default_left":[0,0,0,0,0,0,0,0,0,0,0,0,0],"id":63,"left_children":[1,3,5,-1,7,-1,-1,9,11,-1,-1,-1,-1],"loss_changes":[1.0261562E0,2.5852802E-1,7.625103E-3,0E0,3.1413373E-2,0E0,0E0,1.2394711E-3,3.5936479E-4,0E0,0E0,0E0,0E0],"parents":[2147483647,0,0,1,1,2,2,4,4,7,7,8,8],"right_children":[2,4,6,-1,8,-1,-1,10,12,-1,-1,-1,-1],"split_conditions":[9.0341485E-1,2.0153472E-1,1E0,-4.304216E-2,7.013297E-1,1.7639352E-2,6.76487E-2,2.9986158E-1,8.0112606E-1,-8.757353E-3,-3.1195164E-3,2.0658493E-3,8.397102E-3],"split_indices":[0,0,0,0,0,0,0,0,0,0,0,0,0],"split_type":[0,0,0,0,0,0,0,0,0,0,0,0,0],"sum_hessian":[9E0,7E0,2E0,1E0,6E0,1E0,1E0,4E0,2E0,1E0,3E0,1E0,1E0],"tree_param":{"num_deleted":"0","num_feature":"2","num_nodes":"13","size_leaf_vector":"1"}},{"base_weights":[7.196574E-2,-1.1260182E-1,5.401573E-1,-4.089005E-2,-1.1859076E-2,1.6757393E-2,6.4266205E-2,-5.6361772E-2,6.6265106E-2,-8.319474E-3,-2.8854848E-3,1.962471E-3,7.977295E-3],"categories":[],"categories_nodes":[],"categories_segments":[],"categories_sizes":[],"default_left":[0,0,0,0,0,0,0,0,0,0,0,0,0],"id":64,"left_children":[1,3,5,-1,7,-1,-1,9,11,-1,-1,-1,-1],"loss_changes":[9.2495245E-1,2.3395033E-1,6.8812966E-3,0E0,2.8071975E-2,0E0,0E0,1.2898892E-3,3.2451283E-4,0E0,0E0,0E0,0E0],"parents":[2147483647,0,0,1,1,2,2,4,4,7,7,8,8],"right_children":[2,4,6,-1,8,-1,-1,10,12,-1,-1,-1,-1],"split_conditions":[9.0341485E-1,2.0153472E-1,1E0,-4.089005E-2,7.013297E-1,1.6757393E-2,6.4266205E-2,2.9986158E-1,8.0112606E-1,-8.319474E-3,-2.8854848E-3,1.962471E-3,7.977295E-3],"split_indices":[0,0,0,0,0,0,0,0,0,0,0,0,0],"split_type":[0,0,0,0,0,0,0,0,0,0,0,0,0],"sum_hessian":[9E0,7E0,2E0,1E0,6E0,1E0,1E0,4E0,2E0,1E0,3E0,1E0,1E0],"tree_param":{"num_deleted":"0","num_feature":"2","num_nodes":"13","size_leaf_vector":"1"}},{"base_weights":[6.865635E-2,-1.0661054E-1,5.1314926E-1,-3.884554E-2,-1.0853359E-2,1.5919495E-2,6.1052896E-2,-5.2966308E-2,6.2952675E-2,-7.903481E-3,-2.6690483E-3,1.8644333E-3,7.5784684E-3],"categories":[],"categories_nodes":[],"categories_segments":[],"categories_sizes":[],"default_left":[0,0,0,0,0,0,0,0,0,0,0,0,0],"id":65,"left_children":[1,3,5,-1,7,-1,-1,9,11,-1,-1,-1,-1],"loss_changes":[8.33756E-1,2.116933E-1,6.2107444E-3,0E0,2.50917E-2,0E0,0E0,1.3153804E-3,2.9273983E-4,0E0,0E0,0E0,0E0],"parents":[2147483647,0,0,1,1,2,2,4,4,7,7,8,8],"right_children":[2,4,6,-1,8,-1,-1,10,12,-1,-1,-1,-1],"split_conditions":[9.0341485E-1,2.0153472E-1,1E0,-3.884554E-2,7.013297E-1,1.5919495E-2,6.1052896E-2,2.9986158E-1,8.0112606E-1,-7.903481E-3,-2.6690483E-3,1.8644333E-3,7.5784684E-3],"split_indices":[0,0,0,0,0,0,0,0,0,0,0,0,0],"split_type":[0,0,0,0,0,0,0,0,0,0,0,0,0],"sum_hessian":[9E0,7E0,2E0,1E0,6E0,1E0,1E0,4E0,2E0,1E0,3E0,1E0,1E0],"tree_param":{"num_deleted":"0","num_feature":"2","num_nodes":"13","size_leaf_vector":"1"}},{"base_weights":[6.548991E-2,-1.0094696E-1,4.874916E-1,-3.6903262E-2,-9.930066E-3,1.5123558E-2,5.8000185E-2,-4.978466E-2,5.980428E-2,-7.508326E-3,-2.4689198E-3,1.771164E-3,7.1994783E-3],"categories":[],"categories_nodes":[],"categories_segments":[],"categories_sizes":[],"default_left":[0,0,0,0,0,0,0,0,0,0,0,0,0],"id":66,"left_children":[1,3,5,-1,7,-1,-1,9,11,-1,-1,-1,-1],"loss_changes":[7.515772E-1,1.915381E-1,5.604446E-3,0E0,2.2431973E-2,0E0,0E0,1.3206545E-3,2.6424602E-4,0E0,0E0,0E0,0E0],"parents":[2147483647,0,0,1,1,2,2,4,4,7,7,8,8],"right_children":[2,4,6,-1,8,-1,-1,10,12,-1,-1,-1,-1],"split_conditions":[9.0341485E-1,2.0153472E-1,1E0,-3.6903262E-2,7.013297E-1,1.5123558E-2,5.8000185E-2,2.9986158E-1,8.0112606E-1,-7.508326E-3,-2.4689198E-3,1.771164E-3,7.1994783E-3],"split_indices":[0,0,0,0,0,0,0,0,0,0,0,0,0],"split_type":[0,0,0,0,0,0,0,0,0,0,0,0,0],"sum_hessian":[9E0,7E0,2E0,1E0,6E0,1E0,1E0,4E0,2E0,1E0,3E0,1E0,1E0],"tree_param":{"num_deleted":"0","num_feature":"2","num_nodes":"13","size_leaf_vector":"1"}},{"base_weights":[6.246228E-2,-9.559101E-2,4.6311697E-1,-3.5058092E-2,-9.080887E-3,1.43672945E-2,5.510025E-2,-4.680214E-2,5.681483E-2,-7.1329116E-3,-2.2838116E-3,1.682663E-3,6.8395617E-3],"categories":[],"categories_nodes":[],"categories_segments":[],"categories_sizes":[],"default_left":[0,0,0,0,0,0,0,0,0,0,0,0,0],"id":67,"left_children":[1,3,5,-1,7,-1,-1,9,11,-1,-1,-1,-1],"loss_changes":[6.775177E-1,1.732901E-1,5.059421E-3,0E0,2.005874E-2,0E0,0E0,1.3098018E-3,2.3841672E-4,0E0,0E0,0E0,0E0],"parents":[2147483647,0,0,1,1,2,2,4,4,7,7,8,8],"right_children":[2,4,6,-1,8,-1,-1,10,12,-1,-1,-1,-1],"split_conditions":[9.0341485E-1,2.0153472E-1,1E0,-3.5058092E-2,7.013297E-1,1.43672945E-2,5.510025E-2,2.9986158E-1,8.0112606E-1,-7.1329116E-3,-2.2838116E-3,1.682663E-3,6.8395617E-3],"split_indices":[0,0,0,0,0,0,0,0,0,0,0,0,0],"split_type":[0,0,0,0,0,0,0,0,0,0,0,0,0],"sum_hessian":[9E0,7E0,2E0,1E0,6E0,1E0,1E0,4E0,2E0,1E0,3E0,1E0,1E0],"tree_param":{"num_deleted":"0","num_feature":"2","num_nodes":"13","size_leaf_vector":"1"}},{"base_weights":[5.95675E-2,-9.052628E-2,4.3996176E-1,-3.3305194E-2,-8.300917E-3,1.3648987E-2,5.2345276E-2,-4.4005774E-2,5.397415E-2,-6.7762854E-3,-2.1125793E-3,1.598549E-3,6.497574E-3],"categories":[],"categories_nodes":[],"categories_segments":[],"categories_sizes":[],"default_left":[0,0,0,0,0,0,0,0,0,0,0,0,0],"id":68,"left_children":[1,3,5,-1,7,-1,-1,9,11,-1,-1,-1,-1],"loss_changes":[6.107762E-1,1.5676942E-1,4.565537E-3,0E0,1.7939832E-2,0E0,0E0,1.2862626E-3,2.1513831E-4,0E0,0E0,0E0,0E0],"parents":[2147483647,0,0,1,1,2,2,4,4,7,7,8,8],"right_children":[2,4,6,-1,8,-1,-1,10,12,-1,-1,-1,-1],"split_conditions":[9.0341485E-1,2.0153472E-1,1E0,-3.3305194E-2,7.013297E-1,1.3648987E-2,5.2345276E-2,2.9986158E-1,8.0112606E-1,-6.7762854E-3,-2.1125793E-3,1.598549E-3,6.497574E-3],"split_indices":[0,0,0,0,0,0,0,0,0,0,0,0,0],"split_type":[0,0,0,0,0,0,0,0,0,0,0,0,0],"sum_hessian":[9E0,7E0,2E0,1E0,6E0,1E0,1E0,4E0,2E0,1E0,3E0,1E0,1E0],"tree_param":{"num_deleted":"0","num_feature":"2","num_nodes":"13","size_leaf_vector":"1"}},{"base_weights":[5.68007E-2,-8.57355E-2,4.1796365E-1,-3.1639934E-2,-7.583618E-3,1.2966538E-2,4.9728014E-2,-4.13826E-2,5.127589E-2,-6.4374926E-3,-1.9540787E-3,1.518631E-3,6.1727525E-3],"categories":[],"categories_nodes":[],"categories_segments":[],"categories_sizes":[],"default_left":[0,0,0,0,0,0,0,0,0,0,0,0,0],"id":69,"left_children":[1,3,5,-1,7,-1,-1,9,11,-1,-1,-1,-1],"loss_changes":[5.506223E-1,1.4181507E-1,4.12035E-3,0E0,1.604767E-2,0E0,0E0,1.253033E-3,1.9417237E-4,0E0,0E0,0E0,0E0],"parents":[2147483647,0,0,1,1,2,2,4,4,7,7,8,8],"right_children":[2,4,6,-1,8,-1,-1,10,12,-1,-1,-1,-1],"split_conditions":[9.0341485E-1,2.0153472E-1,1E0,-3.1639934E-2,7.013297E-1,1.2966538E-2,4.9728014E-2,2.9986158E-1,8.0112606E-1,-6.4374926E-3,-1.9540787E-3,1.518631E-3,6.1727525E-3],"split_indices":[0,0,0,0,0,0,0,0,0,0,0,0,0],"split_type":[0,0,0,0,0,0,0,0,0,0,0,0,0],"sum_hessian":[9E0,7E0,2E0,1E0,6E0,1E0,1E0,4E0,2E0,1E0,3E0,1E0,1E0],"tree_param":{"num_deleted":"0","num_feature":"2","num_nodes":"13","size_leaf_vector":"1"}},{"base_weights":[5.4155875E-2,-8.120471E-2,3.970655E-1,-3.0057931E-2,-6.925583E-3,1.231823E-2,4.7241595E-2,-3.8923264E-2,4.8712414E-2,-6.1156275E-3,-1.8075943E-3,1.4427186E-3,5.8641434E-3],"categories":[],"categories_nodes":[],"categories_segments":[],"categories_sizes":[],"default_left":[0,0,0,0,0,0,0,0,0,0,0,0,0],"id":70,"left_children":[1,3,5,-1,7,-1,-1,9,11,-1,-1,-1,-1],"loss_changes":[4.9640805E-1,1.2827796E-1,3.7183762E-3,0E0,1.4358055E-2,0E0,0E0,1.2120362E-3,1.7522508E-4,0E0,0E0,0E0,0E0],"parents":[2147483647,0,0,1,1,2,2,4,4,7,7,8,8],"right_children":[2,4,6,-1,8,-1,-1,10,12,-1,-1,-1,-1],"split_conditions":[9.0341485E-1,2.0153472E-1,1E0,-3.0057931E-2,7.013297E-1,1.231823E-2,4.7241595E-2,2.9986158E-1,8.0112606E-1,-6.1156275E-3,-1.8075943E-3,1.4427186E-3,5.8641434E-3],"split_indices":[0,0,0,0,0,0,0,0,0,0,0,0,0],"split_type":[0,0,0,0,0,0,0,0,0,0,0,0,0],"sum_hessian":[9E0,7E0,2E0,1E0,6E0,1E0,1E0,4E0,2E0,1E0,3E0,1E0,1E0],"tree_param":{"num_deleted":"0","num_feature":"2","num_nodes":"13","size_leaf_vector":"1"}},{"base_weights":[5.1629305E-2,-7.6918066E-2,3.7721252E-1,-2.8555036E-2,-6.3205445E-3,1.1702347E-2,4.4879533E-2,-3.661518E-2,4.6277363E-2,-5.809832E-3,-1.6719819E-3,1.3706208E-3,5.570984E-3],"categories":[],"categories_nodes":[],"categories_segments":[],"categories_sizes":[],"default_left":[0,0,0,0,0,0,0,0,0,0,0,0,0],"id":71,"left_children":[1,3,5,-1,7,-1,-1,9,11,-1,-1,-1,-1],"loss_changes":[4.4754314E-1,1.1602655E-1,3.3555925E-3,0E0,1.28484955E-2,0E0,0E0,1.1656806E-3,1.5810924E-4,0E0,0E0,0E0,0E0],"parents":[2147483647,0,0,1,1,2,2,4,4,7,7,8,8],"right_children":[2,4,6,-1,8,-1,-1,10,12,-1,-1,-1,-1],"split_conditions":[9.0341485E-1,2.0153472E-1,1E0,-2.8555036E-2,7.013297E-1,1.1702347E-2,4.4879533E-2,2.9986158E-1,8.0112606E-1,-5.809832E-3,-1.6719819E-3,1.3706208E-3,5.570984E-3],"split_indices":[0,0,0,0,0,0,0,0,0,0,0,0,0],"split_type":[0,0,0,0,0,0,0,0,0,0,0,0,0],"sum_hessian":[9E0,7E0,2E0,1E0,6E0,1E0,1E0,4E0,2E0,1E0,3E0,1E0,1E0],"tree_param":{"num_deleted":"0","num_feature":"2","num_nodes":"13","size_leaf_vector":"1"}},{"base_weights":[4.9215365E-2,-7.2862566E-2,3.5835138E-1,-2.712729E-2,-5.7649612E-3,1.1117172E-2,4.2635538E-2,-3.4449577E-2,4.3964386E-2,-4.7449428E-3,-9.966533E-4,1.3021469E-3,5.292511E-3],"categories":[],"categories_nodes":[],"categories_segments":[],"categories_sizes":[],"default_left":[0,0,0,0,0,0,0,0,0,0,0,0,0],"id":72,"left_children":[1,3,5,-1,7,-1,-1,9,11,-1,-1,-1,-1],"loss_changes":[4.0349725E-1,1.0493897E-1,3.028959E-3,0E0,1.1499825E-2,0E0,0E0,1.1184732E-3,1.4264975E-4,0E0,0E0,0E0,0E0],"parents":[2147483647,0,0,1,1,2,2,4,4,7,7,8,8],"right_children":[2,4,6,-1,8,-1,-1,10,12,-1,-1,-1,-1],"split_conditions":[9.0341485E-1,2.0153472E-1,1E0,-2.712729E-2,7.013297E-1,1.1117172E-2,4.2635538E-2,3.9978436E-1,8.0112606E-1,-4.7449428E-3,-9.966533E-4,1.3021469E-3,5.292511E-3],"split_indices":[0,0,0,0,0,0,0,0,0,0,0,0,0],"split_type":[0,0,0,0,0,0,0,0,0,0,0,0,0],"sum_hessian":[9E0,7E0,2E0,1E0,6E0,1E0,1E0,4E0,2E0,2E0,2E0,1E0,1E0],"tree_param":{"num_deleted":"0","num_feature":"2","num_nodes":"13","size_leaf_vector":"1"}},{"base_weights":[4.704213E-2,-6.8859994E-2,3.4043375E-1,-2.5770927E-2,-5.065918E-3,1.0561371E-2,4.0503692E-2,-3.2152556E-2,4.176712E-2,-5.282116E-3,-1.3780118E-3,1.2371064E-3,5.027962E-3],"categories":[],"categories_nodes":[],"categories_segments":[],"categories_sizes":[],"default_left":[0,0,0,0,0,0,0,0,0,0,0,0,0],"id":73,"left_children":[1,3,5,-1,7,-1,-1,9,11,-1,-1,-1,-1],"loss_changes":[3.634894E-1,9.507419E-2,2.7329028E-3,0E0,1.02227675E-2,0E0,0E0,1.1707814E-3,1.2868922E-4,0E0,0E0,0E0,0E0],"parents":[2147483647,0,0,1,1,2,2,4,4,7,7,8,8],"right_children":[2,4,6,-1,8,-1,-1,10,12,-1,-1,-1,-1],"split_conditions":[9.0341485E-1,2.0153472E-1,1E0,-2.5770927E-2,7.013297E-1,1.0561371E-2,4.0503692E-2,2.9986158E-1,8.0112606E-1,-5.282116E-3,-1.3780118E-3,1.2371064E-3,5.027962E-3],"split_indices":[0,0,0,0,0,0,0,0,0,0,0,0,0],"split_type":[0,0,0,0,0,0,0,0,0,0,0,0,0],"sum_hessian":[9E0,7E0,2E0,1E0,6E0,1E0,1E0,4E0,2E0,1E0,3E0,1E0,1E0],"tree_param":{"num_deleted":"0","num_feature":"2","num_nodes":"13","size_leaf_vector":"1"}},{"base_weights":[4.482751E-2,-6.524485E-2,3.2341132E-1,-2.448237E-2,-4.61592E-3,1.0033227E-2,3.847847E-2,-3.0269813E-2,3.967921E-2,-5.017996E-3,-1.2747288E-2,1.1753083E-3,4.7765733E-3,-1.4617284E-3,-3.5686494E-4],"categories":[],"categories_nodes":[],"categories_segments":[],"categories_sizes":[],"default_left":[0,0,0,0,0,0,0,0,0,0,0,0,0,0,0],"id":74,"left_children":[1,3,5,-1,7,-1,-1,9,11,-1,13,-1,-1,-1,-1],"loss_changes":[3.2774472E-1,8.5971296E-2,2.4670362E-3,0E0,9.15548E-3,0E0,0E0,1.1047218E-3,1.1608144E-4,0E0,1.6492093E-5,0E0,0E0,0E0,0E0],"parents":[2147483647,0,0,1,1,2,2,4,4,7,7,8,8,10,10],"right_children":[2,4,6,-1,8,-1,-1,10,12,-1,14,-1,-1,-1,-1],"split_conditions":[9.0341485E-1,2.0153472E-1,1E0,-2.448237E-2,7.013297E-1,1.0033227E-2,3.847847E-2,2.9986158E-1,8.0112606E-1,-5.017996E-3,5.01564E-1,1.1753083E-3,4.7765733E-3,-1.4617284E-3,-3.5686494E-4],"split_indices":[0,0,0,0,0,0,0,0,0,0,0,0,0,0,0],"split_type":[0,0,0,0,0,0,0,0,0,0,0,0,0,0,0],"sum_hessian":[9E0,7E0,2E0,1E0,6E0,1E0,1E0,4E0,2E0,1E0,3E0,1E0,1E0,2E0,1E0],"tree_param":{"num_deleted":"0","num_feature":"2","num_nodes":"15","size_leaf_vector":"1"}},{"base_weights":[4.2659186E-2,-6.1891317E-2,3.072408E-1,-2.3258258E-2,-4.2807716E-3,9.531594E-3,3.6554527E-2,-2.861042E-2,3.7695568E-2,-4.767084E-3,-1.1927605E-2,1.1165619E-3,4.5377733E-3,-1.3643265E-3,-3.3903122E-4],"categories":[],"categories_nodes":[],"categories_segments":[],"categories_sizes":[],"default_left":[0,0,0,0,0,0,0,0,0,0,0,0,0,0,0],"id":75,"left_children":[1,3,5,-1,7,-1,-1,9,11,-1,13,-1,-1,-1,-1],"loss_changes":[2.9563692E-1,7.767329E-2,2.2262335E-3,0E0,8.2273735E-3,0E0,0E0,1.0213084E-3,1.047519E-4,0E0,1.2333388E-5,0E0,0E0,0E0,0E0],"parents":[2147483647,0,0,1,1,2,2,4,4,7,7,8,8,10,10],"right_children":[2,4,6,-1,8,-1,-1,10,12,-1,14,-1,-1,-1,-1],"split_conditions":[9.0341485E-1,2.0153472E-1,1E0,-2.3258258E-2,7.013297E-1,9.531594E-3,3.6554527E-2,2.9986158E-1,8.0112606E-1,-4.767084E-3,5.01564E-1,1.1165619E-3,4.5377733E-3,-1.3643265E-3,-3.3903122E-4],"split_indices":[0,0,0,0,0,0,0,0,0,0,0,0,0,0,0],"split_type":[0,0,0,0,0,0,0,0,0,0,0,0,0,0,0],"sum_hessian":[9E0,7E0,2E0,1E0,6E0,1E0,1E0,4E0,2E0,1E0,3E0,1E0,1E0,2E0,1E0],"tree_param":{"num_deleted":"0","num_feature":"2","num_nodes":"15","size_leaf_vector":"1"}},{"base_weights":[4.0593814E-2,-5.8711886E-2,2.9187775E-1,-2.2095347E-2,-3.9697373E-3,9.054947E-3,3.4726717E-2,-2.7043533E-2,3.5809834E-2,-4.5287134E-3,-1.11608505E-2,1.0606766E-3,4.310799E-3,-1.2734096E-3,-3.2205583E-4],"categories":[],"categories_nodes":[],"categories_segments":[],"categories_sizes":[],"default_left":[0,0,0,0,0,0,0,0,0,0,0,0,0,0,0],"id":76,"left_children":[1,3,5,-1,7,-1,-1,9,11,-1,13,-1,-1,-1,-1],"loss_changes":[2.6667598E-1,7.017449E-2,2.0094812E-3,0E0,7.3934845E-3,0E0,0E0,9.433436E-4,9.457115E-5,0E0,8.957228E-6,0E0,0E0,0E0,0E0],"parents":[2147483647,0,0,1,1,2,2,4,4,7,7,8,8,10,10],"right_children":[2,4,6,-1,8,-1,-1,10,12,-1,14,-1,-1,-1,-1],"split_conditions":[9.0341485E-1,2.0153472E-1,1E0,-2.2095347E-2,7.013297E-1,9.054947E-3,3.4726717E-2,2.9986158E-1,8.0112606E-1,-4.5287134E-3,5.01564E-1,1.0606766E-3,4.310799E-3,-1.2734096E-3,-3.2205583E-4],"split_indices":[0,0,0,0,0,0,0,0,0,0,0,0,0,0,0],"split_type":[0,0,0,0,0,0,0,0,0,0,0,0,0,0,0],"sum_hessian":[9E0,7E0,2E0,1E0,6E0,1E0,1E0,4E0,2E0,1E0,3E0,1E0,1E0,2E0,1E0],"tree_param":{"num_deleted":"0","num_feature":"2","num_nodes":"15","size_leaf_vector":"1"}},{"base_weights":[3.8628053E-2,-5.5696428E-2,2.77284E-1,-2.0990586E-2,-3.6799568E-3,8.602142E-3,3.2990456E-2,-2.5563622E-2,3.401947E-2,-4.3022633E-3,-1.0443211E-2,1.0076523E-3,4.0952684E-3,-1.188469E-3,-3.0593874E-4],"categories":[],"categories_nodes":[],"categories_segments":[],"categories_sizes":[],"default_left":[0,0,0,0,0,0,0,0,0,0,0,0,0,0,0],"id":77,"left_children":[1,3,5,-1,7,-1,-1,9,11,-1,13,-1,-1,-1,-1],"loss_changes":[2.405547E-1,6.3399E-2,1.8141717E-3,0E0,6.6446722E-3,0E0,0E0,8.706425E-4,8.534384E-5,0E0,6.2146573E-6,0E0,0E0,0E0,0E0],"parents":[2147483647,0,0,1,1,2,2,4,4,7,7,8,8,10,10],"right_children":[2,4,6,-1,8,-1,-1,10,12,-1,14,-1,-1,-1,-1],"split_conditions":[9.0341485E-1,2.0153472E-1,1E0,-2.0990586E-2,7.013297E-1,8.602142E-3,3.2990456E-2,2.9986158E-1,8.0112606E-1,-4.3022633E-3,5.01564E-1,1.0076523E-3,4.0952684E-3,-1.188469E-3,-3.0593874E-4],"split_indices":[0,0,0,0,0,0,0,0,0,0,0,0,0,0,0],"split_type":[0,0,0,0,0,0,0,0,0,0,0,0,0,0,0],"sum_hessian":[9E0,7E0,2E0,1E0,6E0,1E0,1E0,4E0,2E0,1E0,3E0,1E0,1E0,2E0,1E0],"tree_param":{"num_deleted":"0","num_feature":"2","num_nodes":"15","size_leaf_vector":"1"}},{"base_weights":[3.6755897E-2,-5.283767E-2,2.634201E-1,-1.9941067E-2,-3.4114292E-3,8.172035E-3,3.1340983E-2,-2.416687E-2,3.2318115E-2,-4.087162E-3,-9.772778E-3,9.5729827E-4,3.8904191E-3,-1.1092504E-3,-2.9067995E-4],"categories":[],"categories_nodes":[],"categories_segments":[],"categories_sizes":[],"default_left":[0,0,0,0,0,0,0,0,0,0,0,0,0,0,0],"id":78,"left_children":[1,3,5,-1,7,-1,-1,9,11,-1,13,-1,-1,-1,-1],"loss_changes":[2.1699506E-1,5.7276145E-2,1.6373843E-3,0E0,5.9721046E-3,0E0,0E0,8.028194E-4,7.697428E-5,0E0,4.0011946E-6,0E0,0E0,0E0,0E0],"parents":[2147483647,0,0,1,1,2,2,4,4,7,7,8,8,10,10],"right_children":[2,4,6,-1,8,-1,-1,10,12,-1,14,-1,-1,-1,-1],"split_conditions":[9.0341485E-1,2.0153472E-1,1E0,-1.9941067E-2,7.013297E-1,8.172035E-3,3.1340983E-2,2.9986158E-1,8.0112606E-1,-4.087162E-3,5.01564E-1,9.5729827E-4,3.8904191E-3,-1.1092504E-3,-2.9067995E-4],"split_indices":[0,0,0,0,0,0,0,0,0,0,0,0,0,0,0],"split_type":[0,0,0,0,0,0,0,0,0,0,0,0,0,0,0],"sum_hessian":[9E0,7E0,2E0,1E0,6E0,1E0,1E0,4E0,2E0,1E0,3E0,1E0,1E0,2E0,1E0],"tree_param":{"num_deleted":"0","num_feature":"2","num_nodes":"15","size_leaf_vector":"1"}},{"base_weights":[3.497362E-2,-5.0126433E-2,2.5024924E-1,-1.8944025E-2,-3.1615666E-3,7.7634812E-3,2.9773904E-2,-2.2847366E-2,3.0701956E-2,-3.8827898E-3,-9.14526E-3,9.0942386E-4,3.6958696E-3,-1.0352453E-3,-2.761841E-4],"categories":[],"categories_nodes":[],"categories_segments":[],"categories_sizes":[],"default_left":[0,0,0,0,0,0,0,0,0,0,0,0,0,0,0],"id":79,"left_children":[1,3,5,-1,7,-1,-1,9,11,-1,13,-1,-1,-1,-1],"loss_changes":[1.9574375E-1,5.1743913E-2,1.4773607E-3,0E0,5.3678723E-3,0E0,0E0,7.397437E-4,6.9470145E-5,0E0,2.2322347E-6,0E0,0E0,0E0,0E0],"parents":[2147483647,0,0,1,1,2,2,4,4,7,7,8,8,10,10],"right_children":[2,4,6,-1,8,-1,-1,10,12,-1,14,-1,-1,-1,-1],"split_conditions":[9.0341485E-1,2.0153472E-1,1E0,-1.8944025E-2,7.013297E-1,7.7634812E-3,2.9773904E-2,2.9986158E-1,8.0112606E-1,-3.8827898E-3,5.01564E-1,9.0942386E-4,3.6958696E-3,-1.0352453E-3,-2.761841E-4],"split_indices":[0,0,0,0,0,0,0,0,0,0,0,0,0,0,0],"split_type":[0,0,0,0,0,0,0,0,0,0,0,0,0,0,0],"sum_hessian":[9E0,7E0,2E0,1E0,6E0,1E0,1E0,4E0,2E0,1E0,3E0,1E0,1E0,2E0,1E0],"tree_param":{"num_deleted":"0","num_feature":"2","num_nodes":"15","size_leaf_vector":"1"}},{"base_weights":[3.3276938E-2,-4.755521E-2,2.3773701E-1,-1.7996836E-2,-2.9292789E-3,7.375336E-3,2.8285218E-2,-2.1601295E-2,2.9167175E-2,-3.6886693E-3,-8.5582735E-4,8.6402893E-4,3.5110475E-3],"categories":[],"categories_nodes":[],"categories_segments":[],"categories_sizes":[],"default_left":[0,0,0,0,0,0,0,0,0,0,0,0,0],"id":80,"left_children":[1,3,5,-1,7,-1,-1,9,11,-1,-1,-1,-1],"loss_changes":[1.7657511E-1,4.67453E-2,1.3331473E-3,0E0,4.825188E-3,0E0,0E0,6.8115233E-4,6.2627485E-5,0E0,0E0,0E0,0E0],"parents":[2147483647,0,0,1,1,2,2,4,4,7,7,8,8],"right_children":[2,4,6,-1,8,-1,-1,10,12,-1,-1,-1,-1],"split_conditions":[9.0341485E-1,2.0153472E-1,1E0,-1.7996836E-2,7.013297E-1,7.375336E-3,2.8285218E-2,2.9986158E-1,8.0112606E-1,-3.6886693E-3,-8.5582735E-4,8.6402893E-4,3.5110475E-3],"split_indices":[0,0,0,0,0,0,0,0,0,0,0,0,0],"split_type":[0,0,0,0,0,0,0,0,0,0,0,0,0],"sum_hessian":[9E0,7E0,2E0,1E0,6E0,1E0,1E0,4E0,2E0,1E0,3E0,1E0,1E0],"tree_param":{"num_deleted":"0","num_feature":"2","num_nodes":"13","size_leaf_vector":"1"}},{"base_weights":[3.1699277E-2,-4.5069814E-2,2.2585042E-1,-1.7096996E-2,-2.6597977E-3,7.006645E-3,2.687092E-2,-2.0349693E-2,2.7709961E-2,-3.5042285E-3,-7.915974E-3,8.2092284E-4,3.3355714E-3,-9.09106E-4,-2.1953582E-4],"categories":[],"categories_nodes":[],"categories_segments":[],"categories_sizes":[],"default_left":[0,0,0,0,0,0,0,0,0,0,0,0,0,0,0],"id":81,"left_children":[1,3,5,-1,7,-1,-1,9,11,-1,13,-1,-1,-1,-1],"loss_changes":[1.5922712E-1,4.2260673E-2,1.202628E-3,0E0,4.324554E-3,0E0,0E0,6.3602417E-4,5.6464225E-5,0E0,6.930699E-6,0E0,0E0,0E0,0E0],"parents":[2147483647,0,0,1,1,2,2,4,4,7,7,8,8,10,10],"right_children":[2,4,6,-1,8,-1,-1,10,12,-1,14,-1,-1,-1,-1],"split_conditions":[9.0341485E-1,2.0153472E-1,1E0,-1.7096996E-2,7.013297E-1,7.006645E-3,2.687092E-2,2.9986158E-1,8.0112606E-1,-3.5042285E-3,5.01564E-1,8.2092284E-4,3.3355714E-3,-9.09106E-4,-2.1953582E-4],"split_indices":[0,0,0,0,0,0,0,0,0,0,0,0,0,0,0],"split_type":[0,0,0,0,0,0,0,0,0,0,0,0,0,0,0],"sum_hessian":[9E0,7E0,2E0,1E0,6E0,1E0,1E0,4E0,2E0,1E0,3E0,1E0,1E0,2E0,1E0],"tree_param":{"num_deleted":"0","num_feature":"2","num_nodes":"15","size_leaf_vector":"1"}},{"base_weights":[3.0159999E-2,-4.275912E-2,2.1455765E-1,-1.6242146E-2,-2.4614334E-3,6.6562654E-3,2.5527382E-2,-1.9241143E-2,2.6325226E-2,-3.3290386E-3,-7.4062347E-3,7.7991484E-4,3.168869E-3,-8.4845227E-4,-2.0856857E-4],"categories":[],"categories_nodes":[],"categories_segments":[],"categories_sizes":[],"default_left":[0,0,0,0,0,0,0,0,0,0,0,0,0,0,0],"id":82,"left_children":[1,3,5,-1,7,-1,-1,9,11,-1,13,-1,-1,-1,-1],"loss_changes":[1.4363545E-1,3.817714E-2,1.0856539E-3,0E0,3.8877497E-3,0E0,0E0,5.848012E-4,5.094707E-5,0E0,5.252281E-6,0E0,0E0,0E0,0E0],"parents":[2147483647,0,0,1,1,2,2,4,4,7,7,8,8,10,10],"right_children":[2,4,6,-1,8,-1,-1,10,12,-1,14,-1,-1,-1,-1],"split_conditions":[9.0341485E-1,2.0153472E-1,1E0,-1.6242146E-2,7.013297E-1,6.6562654E-3,2.5527382E-2,2.9986158E-1,8.0112606E-1,-3.3290386E-3,5.01564E-1,7.7991484E-4,3.168869E-3,-8.4845227E-4,-2.0856857E-4],"split_indices":[0,0,0,0,0,0,0,0,0,0,0,0,0,0,0],"split_type":[0,0,0,0,0,0,0,0,0,0,0,0,0,0,0],"sum_hessian":[9E0,7E0,2E0,1E0,6E0,1E0,1E0,4E0,2E0,1E0,3E0,1E0,1E0,2E0,1E0],"tree_param":{"num_deleted":"0","num_feature":"2","num_nodes":"15","size_leaf_vector":"1"}},{"base_weights":[2.8694391E-2,-4.0568054E-2,2.0382945E-1,-1.5430045E-2,-2.2776467E-3,6.323433E-3,2.4250984E-2,-1.8194199E-2,2.5009155E-2,-3.1625747E-3,-6.9298744E-3,7.4100494E-4,3.0103684E-3,-7.9186755E-4,-1.9817353E-4],"categories":[],"categories_nodes":[],"categories_segments":[],"categories_sizes":[],"default_left":[0,0,0,0,0,0,0,0,0,0,0,0,0,0,0],"id":83,"left_children":[1,3,5,-1,7,-1,-1,9,11,-1,13,-1,-1,-1,-1],"loss_changes":[1.2957178E-1,3.4487437E-2,9.798706E-4,0E0,3.495204E-3,0E0,0E0,5.3732435E-4,4.59078E-5,0E0,3.8781727E-6,0E0,0E0,0E0,0E0],"parents":[2147483647,0,0,1,1,2,2,4,4,7,7,8,8,10,10],"right_children":[2,4,6,-1,8,-1,-1,10,12,-1,14,-1,-1,-1,-1],"split_conditions":[9.0341485E-1,2.0153472E-1,1E0,-1.5430045E-2,7.013297E-1,6.323433E-3,2.4250984E-2,2.9986158E-1,8.0112606E-1,-3.1625747E-3,5.01564E-1,7.4100494E-4,3.0103684E-3,-7.9186755E-4,-1.9817353E-4],"split_indices":[0,0,0,0,0,0,0,0,0,0,0,0,0,0,0],"split_type":[0,0,0,0,0,0,0,0,0,0,0,0,0,0,0],"sum_hessian":[9E0,7E0,2E0,1E0,6E0,1E0,1E0,4E0,2E0,1E0,3E0,1E0,1E0,2E0,1E0],"tree_param":{"num_deleted":"0","num_feature":"2","num_nodes":"15","size_leaf_vector":"1"}},{"base_weights":[2.729931E-2,-3.8490057E-2,1.9363785E-1,-1.4658547E-2,-2.1070752E-3,6.0071945E-3,2.3038482E-2,-1.7205428E-2,2.3759207E-2,-3.0044557E-3,-6.4845085E-3,7.040024E-4,2.8598786E-3,-7.390976E-4,-1.8825532E-4],"categories":[],"categories_nodes":[],"categories_segments":[],"categories_sizes":[],"default_left":[0,0,0,0,0,0,0,0,0,0,0,0,0,0,0],"id":84,"left_children":[1,3,5,-1,7,-1,-1,9,11,-1,13,-1,-1,-1,-1],"loss_changes":[1.168862E-1,3.1153798E-2,8.8477135E-4,0E0,3.142555E-3,0E0,0E0,4.9341214E-4,4.140532E-5,0E0,2.772198E-6,0E0,0E0,0E0,0E0],"parents":[2147483647,0,0,1,1,2,2,4,4,7,7,8,8,10,10],"right_children":[2,4,6,-1,8,-1,-1,10,12,-1,14,-1,-1,-1,-1],"split_conditions":[9.0341485E-1,2.0153472E-1,1E0,-1.4658547E-2,7.013297E-1,6.0071945E-3,2.3038482E-2,2.9986158E-1,8.0112606E-1,-3.0044557E-3,5.01564E-1,7.040024E-4,2.8598786E-3,-7.390976E-4,-1.8825532E-4],"split_indices":[0,0,0,0,0,0,0,0,0,0,0,0,0,0,0],"split_type":[0,0,0,0,0,0,0,0,0,0,0,0,0,0,0],"sum_hessian":[9E0,7E0,2E0,1E0,6E0,1E0,1E0,4E0,2E0,1E0,3E0,1E0,1E0,2E0,1E0],"tree_param":{"num_deleted":"0","num_feature":"2","num_nodes":"15","size_leaf_vector":"1"}},{"base_weights":[2.597108E-2,-3.6519706E-2,1.8395615E-1,-1.3925624E-2,-1.9493103E-3,5.706787E-3,2.1886636E-2,-1.627121E-2,2.2570292E-2,-2.854252E-3,-6.067753E-3,6.6871644E-4,2.7168274E-3,-6.8982446E-4,-1.7881393E-4],"categories":[],"categories_nodes":[],"categories_segments":[],"categories_sizes":[],"default_left":[0,0,0,0,0,0,0,0,0,0,0,0,0,0,0],"id":85,"left_children":[1,3,5,-1,7,-1,-1,9,11,-1,13,-1,-1,-1,-1],"loss_changes":[1.0544413E-1,2.8141689E-2,7.9885125E-4,0E0,2.825417E-3,0E0,0E0,4.528599E-4,3.7412276E-5,0E0,1.8816936E-6,0E0,0E0,0E0,0E0],"parents":[2147483647,0,0,1,1,2,2,4,4,7,7,8,8,10,10],"right_children":[2,4,6,-1,8,-1,-1,10,12,-1,14,-1,-1,-1,-1],"split_conditions":[9.0341485E-1,2.0153472E-1,1E0,-1.3925624E-2,7.013297E-1,5.706787E-3,2.1886636E-2,2.9986158E-1,8.0112606E-1,-2.854252E-3,5.01564E-1,6.6871644E-4,2.7168274E-3,-6.8982446E-4,-1.7881393E-4],"split_indices":[0,0,0,0,0,0,0,0,0,0,0,0,0,0,0],"split_type":[0,0,0,0,0,0,0,0,0,0,0,0,0,0,0],"sum_hessian":[9E0,7E0,2E0,1E0,6E0,1E0,1E0,4E0,2E0,1E0,3E0,1E0,1E0,2E0,1E0],"tree_param":{"num_deleted":"0","num_feature":"2","num_nodes":"15","size_leaf_vector":"1"}},{"base_weights":[2.4707556E-2,-3.4650147E-2,1.7475891E-1,-1.3229347E-2,-1.8020357E-3,5.421448E-3,2.079239E-2,-1.5388298E-2,2.1442413E-2,-2.7115345E-3,-5.6777E-3,6.3533784E-4,2.5810243E-3,-6.437937E-4,-1.698494E-4],"categories":[],"categories_nodes":[],"categories_segments":[],"categories_sizes":[],"default_left":[0,0,0,0,0,0,0,0,0,0,0,0,0,0,0],"id":86,"left_children":[1,3,5,-1,7,-1,-1,9,11,-1,13,-1,-1,-1,-1],"loss_changes":[9.512246E-2,2.5420792E-2,7.2107464E-4,0E0,2.5405986E-3,0E0,0E0,4.154304E-4,3.373681E-5,0E0,1.1657539E-6,0E0,0E0,0E0,0E0],"parents":[2147483647,0,0,1,1,2,2,4,4,7,7,8,8,10,10],"right_children":[2,4,6,-1,8,-1,-1,10,12,-1,14,-1,-1,-1,-1],"split_conditions":[9.0341485E-1,2.0153472E-1,1E0,-1.3229347E-2,7.013297E-1,5.421448E-3,2.079239E-2,2.9986158E-1,8.0112606E-1,-2.7115345E-3,5.01564E-1,6.3533784E-4,2.5810243E-3,-6.437937E-4,-1.698494E-4],"split_indices":[0,0,0,0,0,0,0,0,0,0,0,0,0,0,0],"split_type":[0,0,0,0,0,0,0,0,0,0,0,0,0,0,0],"sum_hessian":[9E0,7E0,2E0,1E0,6E0,1E0,1E0,4E0,2E0,1E0,3E0,1E0,1E0,2E0,1E0],"tree_param":{"num_deleted":"0","num_feature":"2","num_nodes":"15","size_leaf_vector":"1"}},{"base_weights":[2.3504114E-2,-3.2877624E-2,1.660207E-1,-1.2567878E-2,-1.6662052E-3,5.1504136E-3,1.9752694E-2,-1.4554215E-2,2.0369211E-2,-2.5759698E-3,-5.31292E-4,6.034851E-4,2.4518967E-3],"categories":[],"categories_nodes":[],"categories_segments":[],"categories_sizes":[],"default_left":[0,0,0,0,0,0,0,0,0,0,0,0,0],"id":87,"left_children":[1,3,5,-1,7,-1,-1,9,11,-1,-1,-1,-1],"loss_changes":[8.58117E-2,2.2962239E-2,6.504953E-4,0E0,2.2844065E-3,0E0,0E0,3.809065E-4,3.0483934E-5,0E0,0E0,0E0,0E0],"parents":[2147483647,0,0,1,1,2,2,4,4,7,7,8,8],"right_children":[2,4,6,-1,8,-1,-1,10,12,-1,-1,-1,-1],"split_conditions":[9.0341485E-1,2.0153472E-1,1E0,-1.2567878E-2,7.013297E-1,5.1504136E-3,1.9752694E-2,2.9986158E-1,8.0112606E-1,-2.5759698E-3,-5.31292E-4,6.034851E-4,2.4518967E-3],"split_indices":[0,0,0,0,0,0,0,0,0,0,0,0,0],"split_type":[0,0,0,0,0,0,0,0,0,0,0,0,0],"sum_hessian":[9E0,7E0,2E0,1E0,6E0,1E0,1E0,4E0,2E0,1E0,3E0,1E0,1E0],"tree_param":{"num_deleted":"0","num_feature":"2","num_nodes":"13","size_leaf_vector":"1"}},{"base_weights":[2.2382354E-2,-3.116703E-2,1.5771993E-1,-1.1939478E-2,-1.5066692E-3,4.8929215E-3,1.8765068E-2,-1.371975E-2,1.9350687E-2,-2.447176E-3,-4.913807E-3,5.73349E-4,2.3292543E-3,-5.653381E-4,-1.3475418E-4],"categories":[],"categories_nodes":[],"categories_segments":[],"categories_sizes":[],"default_left":[0,0,0,0,0,0,0,0,0,0,0,0,0,0,0],"id":88,"left_children":[1,3,5,-1,7,-1,-1,9,11,-1,13,-1,-1,-1,-1],"loss_changes":[7.73881E-2,2.0755045E-2,5.869642E-4,0E0,2.0486144E-3,0E0,0E0,3.531584E-4,2.7483446E-5,0E0,2.9319053E-6,0E0,0E0,0E0,0E0],"parents":[2147483647,0,0,1,1,2,2,4,4,7,7,8,8,10,10],"right_children":[2,4,6,-1,8,-1,-1,10,12,-1,14,-1,-1,-1,-1],"split_conditions":[9.0341485E-1,2.0153472E-1,1E0,-1.1939478E-2,7.013297E-1,4.8929215E-3,1.8765068E-2,2.9986158E-1,8.0112606E-1,-2.447176E-3,5.01564E-1,5.73349E-4,2.3292543E-3,-5.653381E-4,-1.3475418E-4],"split_indices":[0,0,0,0,0,0,0,0,0,0,0,0,0,0,0],"split_type":[0,0,0,0,0,0,0,0,0,0,0,0,0,0,0],"sum_hessian":[9E0,7E0,2E0,1E0,6E0,1E0,1E0,4E0,2E0,1E0,3E0,1E0,1E0,2E0,1E0],"tree_param":{"num_deleted":"0","num_feature":"2","num_nodes":"15","size_leaf_vector":"1"}},{"base_weights":[2.1291304E-2,-2.95735E-2,1.4983368E-1,-1.1342502E-2,-1.3911383E-3,4.6482086E-3,1.7826844E-2,-1.2977409E-2,1.8383026E-2,-2.3248196E-3,-4.597664E-3,5.447388E-4,2.212715E-3,-5.276998E-4,-1.2798309E-4],"categories":[],"categories_nodes":[],"categories_segments":[],"categories_sizes":[],"default_left":[0,0,0,0,0,0,0,0,0,0,0,0,0,0,0],"id":89,"left_children":[1,3,5,-1,7,-1,-1,9,11,-1,13,-1,-1,-1,-1],"loss_changes":[6.981394E-2,1.874728E-2,5.3004175E-4,0E0,1.8423257E-3,0E0,0E0,3.234456E-4,2.476282E-5,0E0,2.262008E-6,0E0,0E0,0E0,0E0],"parents":[2147483647,0,0,1,1,2,2,4,4,7,7,8,8,10,10],"right_children":[2,4,6,-1,8,-1,-1,10,12,-1,14,-1,-1,-1,-1],"split_conditions":[9.0341485E-1,2.0153472E-1,1E0,-1.1342502E-2,7.013297E-1,4.6482086E-3,1.7826844E-2,2.9986158E-1,8.0112606E-1,-2.3248196E-3,5.01564E-1,5.447388E-4,2.212715E-3,-5.276998E-4,-1.2798309E-4],"split_indices":[0,0,0,0,0,0,0,0,0,0,0,0,0,0,0],"split_type":[0,0,0,0,0,0,0,0,0,0,0,0,0,0,0],"sum_hessian":[9E0,7E0,2E0,1E0,6E0,1E0,1E0,4E0,2E0,1E0,3E0,1E0,1E0,2E0,1E0],"tree_param":{"num_deleted":"0","num_feature":"2","num_nodes":"15","size_leaf_vector":"1"}},{"base_weights":[2.0253468E-2,-2.8061748E-2,1.4234288E-1,-1.0775375E-2,-1.2837818E-3,4.4158935E-3,1.693554E-2,-1.2275505E-2,1.7463684E-2,-2.2085668E-3,-4.301548E-3,5.174637E-4,2.1020889E-3,-4.9247744E-4,-1.21593475E-4],"categories":[],"categories_nodes":[],"categories_segments":[],"categories_sizes":[],"default_left":[0,0,0,0,0,0,0,0,0,0,0,0,0,0,0],"id":90,"left_children":[1,3,5,-1,7,-1,-1,9,11,-1,13,-1,-1,-1,-1],"loss_changes":[6.298216E-2,1.6933586E-2,4.7802925E-4,0E0,1.6568442E-3,0E0,0E0,2.961266E-4,2.2368506E-5,0E0,1.7039347E-6,0E0,0E0,0E0,0E0],"parents":[2147483647,0,0,1,1,2,2,4,4,7,7,8,8,10,10],"right_children":[2,4,6,-1,8,-1,-1,10,12,-1,14,-1,-1,-1,-1],"split_conditions":[9.0341485E-1,2.0153472E-1,1E0,-1.0775375E-2,7.013297E-1,4.4158935E-3,1.693554E-2,2.9986158E-1,8.0112606E-1,-2.2085668E-3,5.01564E-1,5.174637E-4,2.1020889E-3,-4.9247744E-4,-1.21593475E-4],"split_indices":[0,0,0,0,0,0,0,0,0,0,0,0,0,0,0],"split_type":[0,0,0,0,0,0,0,0,0,0,0,0,0,0,0],"sum_hessian":[9E0,7E0,2E0,1E0,6E0,1E0,1E0,4E0,2E0,1E0,3E0,1E0,1E0,2E0,1E0],"tree_param":{"num_deleted":"0","num_feature":"2","num_nodes":"15","size_leaf_vector":"1"}},{"base_weights":[1.9264985E-2,-2.6628017E-2,1.3522466E-1,-1.0236598E-2,-1.1845997E-3,4.195023E-3,1.6088678E-2,-1.161251E-2,1.6590118E-2,-2.0981312E-3,-4.0249825E-3,4.9152377E-4,1.996994E-3,-5.403519E-4,-1.7642975E-4],"categories":[],"categories_nodes":[],"categories_segments":[],"categories_sizes":[],"default_left":[0,0,0,0,0,0,0,0,0,0,0,0,0,0,0],"id":91,"left_children":[1,3,5,-1,7,-1,-1,9,11,-1,13,-1,-1,-1,-1],"loss_changes":[5.681814E-2,1.5294997E-2,4.316233E-4,0E0,1.4901252E-3,0E0,0E0,2.7098082E-4,2.0220003E-5,0E0,2.9323273E-6,0E0,0E0,0E0,0E0],"parents":[2147483647,0,0,1,1,2,2,4,4,7,7,8,8,10,10],"right_children":[2,4,6,-1,8,-1,-1,10,12,-1,14,-1,-1,-1,-1],"split_conditions":[9.0341485E-1,2.0153472E-1,1E0,-1.0236598E-2,7.013297E-1,4.195023E-3,1.6088678E-2,2.9986158E-1,8.0112606E-1,-2.0981312E-3,3.9978436E-1,4.9152377E-4,1.996994E-3,-5.403519E-4,-1.7642975E-4],"split_indices":[0,0,0,0,0,0,0,0,0,0,0,0,0,0,0],"split_type":[0,0,0,0,0,0,0,0,0,0,0,0,0,0,0],"sum_hessian":[9E0,7E0,2E0,1E0,6E0,1E0,1E0,4E0,2E0,1E0,3E0,1E0,1E0,1E0,2E0],"tree_param":{"num_deleted":"0","num_feature":"2","num_nodes":"15","size_leaf_vector":"1"}},{"base_weights":[1.8309975E-2,-2.528596E-2,1.2846248E-1,-9.72476E-3,-1.1132105E-3,3.9852145E-3,1.5284157E-2,-1.10143665E-2,1.5759787E-2,-1.993227E-3,-3.8018227E-3,4.6691895E-4,1.897049E-3,-5.133629E-4,-1.6466777E-4],"categories":[],"categories_nodes":[],"categories_segments":[],"categories_sizes":[],"default_left":[0,0,0,0,0,0,0,0,0,0,0,0,0,0,0],"id":92,"left_children":[1,3,5,-1,7,-1,-1,9,11,-1,13,-1,-1,-1,-1],"loss_changes":[5.1270306E-2,1.3807828E-2,3.896542E-4,0E0,1.3430192E-3,0E0,0E0,2.4582492E-4,1.8249033E-5,0E0,3.0275078E-6,0E0,0E0,0E0,0E0],"parents":[2147483647,0,0,1,1,2,2,4,4,7,7,8,8,10,10],"right_children":[2,4,6,-1,8,-1,-1,10,12,-1,14,-1,-1,-1,-1],"split_conditions":[9.0341485E-1,2.0153472E-1,1E0,-9.72476E-3,7.013297E-1,3.9852145E-3,1.5284157E-2,2.9986158E-1,8.0112606E-1,-1.993227E-3,3.9978436E-1,4.6691895E-4,1.897049E-3,-5.133629E-4,-1.6466777E-4],"split_indices":[0,0,0,0,0,0,0,0,0,0,0,0,0,0,0],"split_type":[0,0,0,0,0,0,0,0,0,0,0,0,0,0,0],"sum_hessian":[9E0,7E0,2E0,1E0,6E0,1E0,1E0,4E0,2E0,1E0,3E0,1E0,1E0,1E0,2E0],"tree_param":{"num_deleted":"0","num_feature":"2","num_nodes":"15","size_leaf_vector":"1"}},{"base_weights":[1.7402554E-2,-2.4011254E-2,1.2203852E-1,-9.238529E-3,-1.0456358E-3,3.7858963E-3,1.4519882E-2,-1.0447502E-2,1.4972687E-2,-1.8935681E-3,-3.5915375E-3,4.436493E-4,1.8022538E-3,-4.8770904E-4,-1.537323E-4],"categories":[],"categories_nodes":[],"categories_segments":[],"categories_sizes":[],"default_left":[0,0,0,0,0,0,0,0,0,0,0,0,0,0,0],"id":93,"left_children":[1,3,5,-1,7,-1,-1,9,11,-1,13,-1,-1,-1,-1],"loss_changes":[4.6264037E-2,1.24654155E-2,3.5179406E-4,0E0,1.210642E-3,0E0,0E0,2.2296509E-4,1.6444537E-5,0E0,3.0655428E-6,0E0,0E0,0E0,0E0],"parents":[2147483647,0,0,1,1,2,2,4,4,7,7,8,8,10,10],"right_children":[2,4,6,-1,8,-1,-1,10,12,-1,14,-1,-1,-1,-1],"split_conditions":[9.0341485E-1,2.0153472E-1,1E0,-9.238529E-3,7.013297E-1,3.7858963E-3,1.4519882E-2,2.9986158E-1,8.0112606E-1,-1.8935681E-3,3.9978436E-1,4.436493E-4,1.8022538E-3,-4.8770904E-4,-1.537323E-4],"split_indices":[0,0,0,0,0,0,0,0,0,0,0,0,0,0,0],"split_type":[0,0,0,0,0,0,0,0,0,0,0,0,0,0,0],"sum_hessian":[9E0,7E0,2E0,1E0,6E0,1E0,1E0,4E0,2E0,1E0,3E0,1E0,1E0,1E0,2E0],"tree_param":{"num_deleted":"0","num_feature":"2","num_nodes":"15","size_leaf_vector":"1"}},{"base_weights":[1.6540956E-2,-2.2800386E-2,1.1593755E-1,-8.776593E-3,-9.816034E-4,3.5966875E-3,1.3793945E-2,-9.909248E-3,1.4225006E-2,-1.7988682E-3,-3.3922195E-3,4.2152405E-4,1.7122269E-3,-4.63295E-4,-1.4343263E-4],"categories":[],"categories_nodes":[],"categories_segments":[],"categories_sizes":[],"default_left":[0,0,0,0,0,0,0,0,0,0,0,0,0,0,0],"id":94,"left_children":[1,3,5,-1,7,-1,-1,9,11,-1,13,-1,-1,-1,-1],"loss_changes":[4.1747376E-2,1.1253601E-2,3.172718E-4,0E0,1.0912735E-3,0E0,0E0,2.0224799E-4,1.4828227E-5,0E0,3.0717092E-6,0E0,0E0,0E0,0E0],"parents":[2147483647,0,0,1,1,2,2,4,4,7,7,8,8,10,10],"right_children":[2,4,6,-1,8,-1,-1,10,12,-1,14,-1,-1,-1,-1],"split_conditions":[9.0341485E-1,2.0153472E-1,1E0,-8.776593E-3,7.013297E-1,3.5966875E-3,1.3793945E-2,2.9986158E-1,8.0112606E-1,-1.7988682E-3,3.9978436E-1,4.2152405E-4,1.7122269E-3,-4.63295E-4,-1.4343263E-4],"split_indices":[0,0,0,0,0,0,0,0,0,0,0,0,0,0,0],"split_type":[0,0,0,0,0,0,0,0,0,0,0,0,0,0,0],"sum_hessian":[9E0,7E0,2E0,1E0,6E0,1E0,1E0,4E0,2E0,1E0,3E0,1E0,1E0,1E0,2E0],"tree_param":{"num_deleted":"0","num_feature":"2","num_nodes":"15","size_leaf_vector":"1"}},{"base_weights":[1.5721083E-2,-2.1651328E-2,1.1014048E-1,-8.33776E-3,-9.2220306E-4,3.4168244E-3,1.3104248E-2,-9.399605E-3,1.3514201E-2,-1.7089368E-3,-3.2048225E-3,4.005432E-4,1.6265869E-3,-4.401207E-4,-1.3389588E-4],"categories":[],"categories_nodes":[],"categories_segments":[],"categories_sizes":[],"default_left":[0,0,0,0,0,0,0,0,0,0,0,0,0,0,0],"id":95,"left_children":[1,3,5,-1,7,-1,-1,9,11,-1,13,-1,-1,-1,-1],"loss_changes":[3.767149E-2,1.0159362E-2,2.8642267E-4,0E0,9.837104E-4,0E0,0E0,1.8341362E-4,1.3343117E-5,0E0,3.0361261E-6,0E0,0E0,0E0,0E0],"parents":[2147483647,0,0,1,1,2,2,4,4,7,7,8,8,10,10],"right_children":[2,4,6,-1,8,-1,-1,10,12,-1,14,-1,-1,-1,-1],"split_conditions":[9.0341485E-1,2.0153472E-1,1E0,-8.33776E-3,7.013297E-1,3.4168244E-3,1.3104248E-2,2.9986158E-1,8.0112606E-1,-1.7089368E-3,3.9978436E-1,4.005432E-4,1.6265869E-3,-4.401207E-4,-1.3389588E-4],"split_indices":[0,0,0,0,0,0,0,0,0,0,0,0,0,0,0],"split_type":[0,0,0,0,0,0,0,0,0,0,0,0,0,0,0],"sum_hessian":[9E0,7E0,2E0,1E0,6E0,1E0,1E0,4E0,2E0,1E0,3E0,1E0,1E0,1E0,2E0],"tree_param":{"num_deleted":"0","num_feature":"2","num_nodes":"15","size_leaf_vector":"1"}},{"base_weights":[1.4941836E-2,-2.0560205E-2,1.0463333E-1,-7.920861E-3,-8.66345E-4,3.245926E-3,1.2449074E-2,-8.916283E-3,1.2839E-2,-1.6234874E-3,-3.027916E-3,3.8051605E-4,1.5453339E-3,-4.180908E-4,-1.2499491E-4],"categories":[],"categories_nodes":[],"categories_segments":[],"categories_sizes":[],"default_left":[0,0,0,0,0,0,0,0,0,0,0,0,0,0,0],"id":96,"left_children":[1,3,5,-1,7,-1,-1,9,11,-1,13,-1,-1,-1,-1],"loss_changes":[3.3993594E-2,9.171486E-3,2.586916E-4,0E0,8.867663E-4,0E0,0E0,1.6631492E-4,1.205015E-5,0E0,2.974004E-6,0E0,0E0,0E0,0E0],"parents":[2147483647,0,0,1,1,2,2,4,4,7,7,8,8,10,10],"right_children":[2,4,6,-1,8,-1,-1,10,12,-1,14,-1,-1,-1,-1],"split_conditions":[9.0341485E-1,2.0153472E-1,1E0,-7.920861E-3,7.013297E-1,3.245926E-3,1.2449074E-2,2.9986158E-1,8.0112606E-1,-1.6234874E-3,3.9978436E-1,3.8051605E-4,1.5453339E-3,-4.180908E-4,-1.2499491E-4],"split_indices":[0,0,0,0,0,0,0,0,0,0,0,0,0,0,0],"split_type":[0,0,0,0,0,0,0,0,0,0,0,0,0,0,0],"sum_hessian":[9E0,7E0,2E0,1E0,6E0,1E0,1E0,4E0,2E0,1E0,3E0,1E0,1E0,1E0,2E0],"tree_param":{"num_deleted":"0","num_feature":"2","num_nodes":"15","size_leaf_vector":"1"}},{"base_weights":[1.4201164E-2,-1.9524336E-2,9.940211E-2,-7.5248242E-3,-8.1402913E-4,3.0836107E-3,1.1826706E-2,-8.457756E-3,1.2196858E-2,-1.5423298E-3,-2.860546E-3,3.6144257E-4,1.4680863E-3,-3.9720535E-4,-1.16602576E-4],"categories":[],"categories_nodes":[],"categories_segments":[],"categories_sizes":[],"default_left":[0,0,0,0,0,0,0,0,0,0,0,0,0,0,0],"id":97,"left_children":[1,3,5,-1,7,-1,-1,9,11,-1,13,-1,-1,-1,-1],"loss_changes":[3.0675206E-2,8.2796365E-3,2.3358688E-4,0E0,7.9931977E-4,0E0,0E0,1.508189E-4,1.0893476E-5,0E0,2.9023686E-6,0E0,0E0,0E0,0E0],"parents":[2147483647,0,0,1,1,2,2,4,4,7,7,8,8,10,10],"right_children":[2,4,6,-1,8,-1,-1,10,12,-1,14,-1,-1,-1,-1],"split_conditions":[9.0341485E-1,2.0153472E-1,1E0,-7.5248242E-3,7.013297E-1,3.0836107E-3,1.1826706E-2,2.9986158E-1,8.0112606E-1,-1.5423298E-3,3.9978436E-1,3.6144257E-4,1.4680863E-3,-3.9720535E-4,-1.16602576E-4],"split_indices":[0,0,0,0,0,0,0,0,0,0,0,0,0,0,0],"split_type":[0,0,0,0,0,0,0,0,0,0,0,0,0,0,0],"sum_hessian":[9E0,7E0,2E0,1E0,6E0,1E0,1E0,4E0,2E0,1E0,3E0,1E0,1E0,1E0,2E0],"tree_param":{"num_deleted":"0","num_feature":"2","num_nodes":"15","size_leaf_vector":"1"}},{"base_weights":[1.3496923E-2,-1.8541157E-2,9.443283E-2,-7.148576E-3,-7.6539174E-4,2.9294968E-3,1.1235428E-2,-8.023453E-3,1.1586507E-2,-1.4652252E-3,-2.7031898E-3,3.4332275E-4,1.3946533E-3,-3.7736894E-4,-1.08846034E-4],"categories":[],"categories_nodes":[],"categories_segments":[],"categories_sizes":[],"default_left":[0,0,0,0,0,0,0,0,0,0,0,0,0,0,0],"id":98,"left_children":[1,3,5,-1,7,-1,-1,9,11,-1,13,-1,-1,-1,-1],"loss_changes":[2.7681205E-2,7.4743317E-3,2.1068007E-4,0E0,7.2051963E-4,0E0,0E0,1.3672694E-4,9.844225E-6,0E0,2.8067589E-6,0E0,0E0,0E0,0E0],"parents":[2147483647,0,0,1,1,2,2,4,4,7,7,8,8,10,10],"right_children":[2,4,6,-1,8,-1,-1,10,12,-1,14,-1,-1,-1,-1],"split_conditions":[9.0341485E-1,2.0153472E-1,1E0,-7.148576E-3,7.013297E-1,2.9294968E-3,1.1235428E-2,2.9986158E-1,8.0112606E-1,-1.4652252E-3,3.9978436E-1,3.4332275E-4,1.3946533E-3,-3.7736894E-4,-1.08846034E-4],"split_indices":[0,0,0,0,0,0,0,0,0,0,0,0,0,0,0],"split_type":[0,0,0,0,0,0,0,0,0,0,0,0,0,0,0],"sum_hessian":[9E0,7E0,2E0,1E0,6E0,1E0,1E0,4E0,2E0,1E0,3E0,1E0,1E0,1E0,2E0],"tree_param":{"num_deleted":"0","num_feature":"2","num_nodes":"15","size_leaf_vector":"1"}},{"base_weights":[1.2827444E-2,-1.760751E-2,8.971151E-2,-6.7911386E-3,-7.196154E-4,2.7830123E-3,1.0673714E-2,-7.6114656E-3,1.1006673E-2,-1.391983E-3,-2.5544167E-3,3.2615662E-4,1.3248444E-3,-3.5848617E-4,-1.0159811E-4],"categories":[],"categories_nodes":[],"categories_segments":[],"categories_sizes":[],"default_left":[0,0,0,0,0,0,0,0,0,0,0,0,0,0,0],"id":99,"left_children":[1,3,5,-1,7,-1,-1,9,11,-1,13,-1,-1,-1,-1],"loss_changes":[2.4979226E-2,6.747342E-3,1.9020028E-4,0E0,6.4948766E-4,0E0,0E0,1.239515E-4,8.8775705E-6,0E0,2.6989437E-6,0E0,0E0,0E0,0E0],"parents":[2147483647,0,0,1,1,2,2,4,4,7,7,8,8,10,10],"right_children":[2,4,6,-1,8,-1,-1,10,12,-1,14,-1,-1,-1,-1],"split_conditions":[9.0341485E-1,2.0153472E-1,1E0,-6.7911386E-3,7.013297E-1,2.7830123E-3,1.0673714E-2,2.9986158E-1,8.0112606E-1,-1.391983E-3,3.9978436E-1,3.2615662E-4,1.3248444E-3,-3.5848617E-4,-1.0159811E-4],"split_indices":[0,0,0,0,0,0,0,0,0,0,0,0,0,0,0],"split_type":[0,0,0,0,0,0,0,0,0,0,0,0,0,0,0],"sum_hessian":[9E0,7E0,2E0,1E0,6E0,1E0,1E0,4E0,2E0,1E0,3E0,1E0,1E0,1E0,2E0],"tree_param":{"num_deleted":"0","num_feature":"2","num_nodes":"15","size_leaf_vector":"1"}}]},"name":"gbtree"},"learner_model_param":{"base_score":"2.9277779E1","boost_from_average":"1","num_class":"0","num_feature":"2","num_target":"1"},"objective":{"name":"reg:squarederror","reg_loss_param":{"scale_pos_weight":"1"}}},"version":[2,0,1]}