{"learner":{"attributes":{"scikit_learn":"{\"_estimator_type\": \"regressor\"}"},"feature_names":[],"feature_types":[],"gradient_booster":{"model":{"gbtree_model_param":{"num_parallel_tree":"1","num_trees":"100"},"iteration_indptr":[0,1,2,3,4,5,6,7,8,9,10,11,12,13,14,15,16,17,18,19,20,21,22,23,24,25,26,27,28,29,30,31,32,33,34,35,36,37,38,39,40,41,42,43,44,45,46,47,48,49,50,51,52,53,54,55,56,57,58,59,60,61,62,63,64,65,66,67,68,69,70,71,72,73,74,75,76,77,78,79,80,81,82,83,84,85,86,87,88,89,90,91,92,93,94,95,96,97,98,99,100],"tree_info":[0,0,0,0,0,0,0,0,0,0,0,0,0,0,0,0,0,0,0,0,0,0,0,0,0,0,0,0,0,0,0,0,0,0,0,0,0,0,0,0,0,0,0,0,0,0,0,0,0,0,0,0,0,0,0,0,0,0,0,0,0,0,0,0,0,0,0,0,0,0,0,0,0,0,0,0,0,0,0,0,0,0,0,0,0,0,0,0,0,0,0,0,0,0,0,0,0,0,0,0],"trees":[{"base_weights":[-1.5258789E-6,-5.4533334E0,4.5444443E1,6.566666E-1,5.1906667E0],"categories":[],"categories_nodes":[],"categories_segments":[],"categories_sizes":[],"default_left":[0,0,0,0,0],"id":0,"left_children":[1,-1,3,-1,-1],"loss_changes":[2.726061E4,0E0,1.1665674E3,0E0,0E0],"parents":[2147483647,0,0,2,2],"right_children":[2,-1,4,-1,-1],"split_conditions":[6.023053E-1,-5.4533334E0,7.0446026E-1,6.566666E-1,5.1906667E0],"split_indices":[0,0,0,0,0],"split_type":[0,0,0,0,0],"sum_hessian":[9E0,4E0,5E0,1E0,4E0],"tree_param":{"num_deleted":"0","num_feature":"2","num_nodes":"5","size_leaf_vector":"1"}},{"base_weights":[3.9398193E-2,-5.0170662E1,4.187455E1,-5.561E0,-1.4206666E0,6.238335E-1,4.775413E0],"categories":[],"categories_nodes":[],"categories_segments":[],"categories_sizes":[],"default_left":[0,0,0,0,0,0,0],"id":1,"left_children":[1,3,5,-1,-1,-1,-1],"loss_changes":[2.310633E4,1.8806738E2,9.59249E2,0E0,0E0,0E0,0E0],"parents":[2147483647,0,0,1,1,2,2],"right_children":[2,4,6,-1,-1,-1,-1],"split_conditions":[6.023053E-1,4.0267378E-1,7.0446026E-1,-5.561E0,-1.4206666E0,6.238335E-1,4.775413E0],"split_indices":[0,0,0,0,0,0,0],"split_type":[0,0,0,0,0,0,0],"sum_hessian":[9E0,4E0,5E0,3E0,1E0,1E0,4E0],"tree_param":{"num_deleted":"0","num_feature":"2","num_nodes":"7","size_leaf_vector":"1"}},{"base_weights":[-1.22779846E-1,-4.6549927E1,3.858697E1,-5.143924E0,-1.3496331E0,5.926415E-1,4.39338E0],"categories":[],"categories_nodes":[],"categories_segments":[],"categories_sizes":[],"default_left":[0,0,0,0,0,0,0],"id":2,"left_children":[1,3,5,-1,-1,-1,-1],"loss_changes":[1.9768055E4,1.1380664E2,7.874131E2,0E0,0E0,0E0,0E0],"parents":[2147483647,0,0,1,1,2,2],"right_children":[2,4,6,-1,-1,-1,-1],"split_conditions":[6.023053E-1,4.0267378E-1,7.0446026E-1,-5.143924E0,-1.3496331E0,5.926415E-1,4.39338E0],"split_indices":[0,0,0,0,0,0,0],"split_type":[0,0,0,0,0,0,0],"sum_hessian":[9E0,4E0,5E0,3E0,1E0,1E0,4E0],"tree_param":{"num_deleted":"0","num_feature":"2","num_nodes":"7","size_leaf_vector":"1"}},{"base_weights":[-2.6125795E-1,-4.3193645E1,3.5559277E1,-4.7581306E0,-1.2821511E0,1.167802E0,4.4580398E0],"categories":[],"categories_nodes":[],"categories_segments":[],"categories_sizes":[],"default_left":[0,0,0,0,0,0,0],"id":3,"left_children":[1,3,5,-1,-1,-1,-1],"loss_changes":[1.6914545E4,5.6249023E1,7.720044E2,0E0,0E0,0E0,0E0],"parents":[2147483647,0,0,1,1,2,2],"right_children":[2,4,6,-1,-1,-1,-1],"split_conditions":[6.023053E-1,4.0267378E-1,8.004982E-1,-4.7581306E0,-1.2821511E0,1.167802E0,4.4580398E0],"split_indices":[0,0,0,0,0,0,0],"split_type":[0,0,0,0,0,0,0],"sum_hessian":[9E0,4E0,5E0,3E0,1E0,2E0,3E0],"tree_param":{"num_deleted":"0","num_feature":"2","num_nodes":"7","size_leaf_vector":"1"}},{"base_weights":[-2.765747E-1,-4.0082336E1,3.294099E1,-4.4012704E0,-1.2180436E0,1.0899485E0,4.1236873E0],"categories":[],"categories_nodes":[],"categories_segments":[],"categories_sizes":[],"default_left":[0,0,0,0,0,0,0],"id":4,"left_children":[1,3,5,-1,-1,-1,-1],"loss_changes":[1.4542856E4,1.2229492E1,6.476621E2,0E0,0E0,0E0,0E0],"parents":[2147483647,0,0,1,1,2,2],"right_children":[2,4,6,-1,-1,-1,-1],"split_conditions":[6.023053E-1,4.0267378E-1,8.004982E-1,-4.4012704E0,-1.2180436E0,1.0899485E0,4.1236873E0],"split_indices":[0,0,0,0,0,0,0],"split_type":[0,0,0,0,0,0,0],"sum_hessian":[9E0,4E0,5E0,3E0,1E0,2E0,3E0],"tree_param":{"num_deleted":"0","num_feature":"2","num_nodes":"7","size_leaf_vector":"1"}},{"base_weights":[-2.8948364E-1,-3.719796E1,3.051583E1,-4.509933E0,-1.6897272E0,1.0172852E0,3.8144104E0],"categories":[],"categories_nodes":[],"categories_segments":[],"categories_sizes":[],"default_left":[0,0,0,0,0,0,0],"id":5,"left_children":[1,3,5,-1,-1,-1,-1],"loss_changes":[1.2504898E4,3.995996E1,5.4305664E2,0E0,0E0,0E0,0E0],"parents":[2147483647,0,0,1,1,2,2],"right_children":[2,4,6,-1,-1,-1,-1],"split_conditions":[6.023053E-1,2.9916462E-1,8.004982E-1,-4.509933E0,-1.6897272E0,1.0172852E0,3.8144104E0],"split_indices":[0,0,0,0,0,0,0],"split_type":[0,0,0,0,0,0,0],"sum_hessian":[9E0,4E0,5E0,2E0,2E0,2E0,3E0],"tree_param":{"num_deleted":"0","num_feature":"2","num_nodes":"7","size_leaf_vector":"1"}},{"base_weights":[-3.9733124E-1,-3.4718098E1,2.826953E1,-4.209271E0,-1.5770787E0,3.9925766E-1,3.2326405E0],"categories":[],"categories_nodes":[],"categories_segments":[],"categories_sizes":[],"default_left":[0,0,0,0,0,0,0],"id":6,"left_children":[1,3,5,-1,-1,-1,-1],"loss_changes":[1.0820149E4,3.481006E1,4.6186572E2,0E0,0E0,0E0,0E0],"parents":[2147483647,0,0,1,1,2,2],"right_children":[2,4,6,-1,-1,-1,-1],"split_conditions":[6.023053E-1,2.9916462E-1,7.0446026E-1,-4.209271E0,-1.5770787E0,3.9925766E-1,3.2326405E0],"split_indices":[0,0,0,0,0,0,0],"split_type":[0,0,0,0,0,0,0],"sum_hessian":[9E0,4E0,5E0,2E0,2E0,1E0,4E0],"tree_param":{"num_deleted":"0","num_feature":"2","num_nodes":"7","size_leaf_vector":"1"}},{"base_weights":[-5.730423E-1,-3.2403557E1,2.6047895E1,-3.9286525E0,-1.4719406E0,8.284027E-1,3.2858822E0],"categories":[],"categories_nodes":[],"categories_segments":[],"categories_sizes":[],"default_left":[0,0,0,0,0,0,0],"id":7,"left_children":[1,3,5,-1,-1,-1,-1],"loss_changes":[9.317626E3,3.0322754E1,4.5372705E2,0E0,0E0,0E0,0E0],"parents":[2147483647,0,0,1,1,2,2],"right_children":[2,4,6,-1,-1,-1,-1],"split_conditions":[6.023053E-1,2.9916462E-1,8.004982E-1,-3.9286525E0,-1.4719406E0,8.284027E-1,3.2858822E0],"split_indices":[0,0,0,0,0,0,0],"split_type":[0,0,0,0,0,0,0],"sum_hessian":[9E0,4E0,5E0,2E0,2E0,2E0,3E0],"tree_param":{"num_deleted":"0","num_feature":"2","num_nodes":"7","size_leaf_vector":"1"}},{"base_weights":[-6.4437103E-1,-3.0243322E1,2.4128817E1,-3.6667423E0,-1.3738114E0,7.731761E-1,3.0394406E0],"categories":[],"categories_nodes":[],"categories_segments":[],"categories_sizes":[],"default_left":[0,0,0,0,0,0,0],"id":8,"left_children":[1,3,5,-1,-1,-1,-1],"loss_changes":[8.06234E3,2.6414062E1,3.814209E2,0E0,0E0,0E0,0E0],"parents":[2147483647,0,0,1,1,2,2],"right_children":[2,4,6,-1,-1,-1,-1],"split_conditions":[6.023053E-1,2.9916462E-1,8.004982E-1,-3.6667423E0,-1.3738114E0,7.731761E-1,3.0394406E0],"split_indices":[0,0,0,0,0,0,0],"split_type":[0,0,0,0,0,0,0],"sum_hessian":[9E0,4E0,5E0,2E0,2E0,2E0,3E0],"tree_param":{"num_deleted":"0","num_feature":"2","num_nodes":"7","size_leaf_vector":"1"}},{"base_weights":[-7.027298E-1,-2.8227102E1,2.235137E1,-3.4222932E0,-1.282224E0,7.216309E-1,2.8114822E0],"categories":[],"categories_nodes":[],"categories_segments":[],"categories_sizes":[],"default_left":[0,0,0,0,0,0,0],"id":9,"left_children":[1,3,5,-1,-1,-1,-1],"loss_changes":[6.97641E3,2.301001E1,3.204961E2,0E0,0E0,0E0,0E0],"parents":[2147483647,0,0,1,1,2,2],"right_children":[2,4,6,-1,-1,-1,-1],"split_conditions":[6.023053E-1,2.9916462E-1,8.004982E-1,-3.4222932E0,-1.282224E0,7.216309E-1,2.8114822E0],"split_indices":[0,0,0,0,0,0,0],"split_type":[0,0,0,0,0,0,0],"sum_hessian":[9E0,4E0,5E0,2E0,2E0,2E0,3E0],"tree_param":{"num_deleted":"0","num_feature":"2","num_nodes":"7","size_leaf_vector":"1"}},{"base_weights":[-7.4959564E-1,-2.6345295E1,2.0705086E1,-3.1941402E0,-1.1967423E0,2.63134E-1,2.3793569E0],"categories":[],"categories_nodes":[],"categories_segments":[],"categories_sizes":[],"default_left":[0,0,0,0,0,0,0],"id":10,"left_children":[1,3,5,-1,-1,-1,-1],"loss_changes":[6.036957E3,2.0044434E1,2.7231372E2,0E0,0E0,0E0,0E0],"parents":[2147483647,0,0,1,1,2,2],"right_children":[2,4,6,-1,-1,-1,-1],"split_conditions":[6.023053E-1,2.9916462E-1,7.0446026E-1,-3.1941402E0,-1.1967423E0,2.63134E-1,2.3793569E0],"split_indices":[0,0,0,0,0,0,0],"split_type":[0,0,0,0,0,0,0],"sum_hessian":[9E0,4E0,5E0,2E0,2E0,1E0,4E0],"tree_param":{"num_deleted":"0","num_feature":"2","num_nodes":"7","size_leaf_vector":"1"}},{"base_weights":[-8.494781E-1,-2.458894E1,1.9074987E1,-2.709835E0,-7.27565E-1,8.298019E0,2.7085948E0,2.4997711E-1,9.3975115E-1],"categories":[],"categories_nodes":[],"categories_segments":[],"categories_sizes":[],"default_left":[0,0,0,0,0,0,0,0,0],"id":11,"left_children":[1,3,5,-1,-1,7,-1,-1,-1],"loss_changes":[5.198994E3,2.0072754E1,2.932434E2,0E0,0E0,2.0088806E0,0E0,0E0,0E0],"parents":[2147483647,0,0,1,1,2,2,5,5],"right_children":[2,4,6,-1,-1,8,-1,-1,-1],"split_conditions":[6.023053E-1,4.0267378E-1,9.0541714E-1,-2.709835E0,-7.27565E-1,7.0446026E-1,2.7085948E0,2.4997711E-1,9.3975115E-1],"split_indices":[0,0,0,0,0,0,0,0,0],"split_type":[0,0,0,0,0,0,0,0,0],"sum_hessian":[9E0,4E0,5E0,3E0,1E0,3E0,2E0,1E0,2E0],"tree_param":{"num_deleted":"0","num_feature":"2","num_nodes":"9","size_leaf_vector":"1"}},{"base_weights":[-7.1843565E-1,-2.2817524E1,1.781721E1,-2.8005416E0,-1.0023788E0,7.765648E0,2.5280223E0,2.3747864E-1,8.7710065E-1],"categories":[],"categories_nodes":[],"categories_segments":[],"categories_sizes":[],"default_left":[0,0,0,0,0,0,0,0,0],"id":12,"left_children":[1,3,5,-1,-1,7,-1,-1,-1],"loss_changes":[4.502753E3,5.1142334E1,2.5377222E2,0E0,0E0,8.497162E-1,0E0,0E0,0E0],"parents":[2147483647,0,0,1,1,2,2,5,5],"right_children":[2,4,6,-1,-1,8,-1,-1,-1],"split_conditions":[6.023053E-1,2.9916462E-1,9.0541714E-1,-2.8005416E0,-1.0023788E0,7.0446026E-1,2.5280223E0,2.3747864E-1,8.7710065E-1],"split_indices":[0,0,0,0,0,0,0,0,0],"split_type":[0,0,0,0,0,0,0,0,0],"sum_hessian":[9E0,4E0,5E0,2E0,2E0,3E0,2E0,1E0,2E0],"tree_param":{"num_deleted":"0","num_feature":"2","num_nodes":"9","size_leaf_vector":"1"}},{"base_weights":[-6.626221E-1,-2.1296352E1,1.6642591E1,-2.613839E0,-9.355535E-1,7.267727E-1,2.359488E0],"categories":[],"categories_nodes":[],"categories_segments":[],"categories_sizes":[],"default_left":[0,0,0,0,0,0,0],"id":13,"left_children":[1,3,5,-1,-1,-1,-1],"loss_changes":[3.9251377E3,4.4550537E1,2.1957935E2,0E0,0E0,0E0,0E0],"parents":[2147483647,0,0,1,1,2,2],"right_children":[2,4,6,-1,-1,-1,-1],"split_conditions":[6.023053E-1,2.9916462E-1,9.0541714E-1,-2.613839E0,-9.355535E-1,7.267727E-1,2.359488E0],"split_indices":[0,0,0,0,0,0,0],"split_type":[0,0,0,0,0,0,0],"sum_hessian":[9E0,4E0,5E0,2E0,2E0,3E0,2E0],"tree_param":{"num_deleted":"0","num_feature":"2","num_nodes":"7","size_leaf_vector":"1"}},{"base_weights":[-6.4267427E-1,-1.9876598E1,1.5492709E1,-2.4395828E0,-8.731837E-1,6.722645E0,2.2021892E0,1.892662E-1,7.7017516E-1],"categories":[],"categories_nodes":[],"categories_segments":[],"categories_sizes":[],"default_left":[0,0,0,0,0,0,0,0,0],"id":14,"left_children":[1,3,5,-1,-1,7,-1,-1,-1],"loss_changes":[3.4114097E3,3.8808228E1,1.9552283E2,0E0,0E0,4.3394623E0,0E0,0E0,0E0],"parents":[2147483647,0,0,1,1,2,2,5,5],"right_children":[2,4,6,-1,-1,8,-1,-1,-1],"split_conditions":[6.023053E-1,2.9916462E-1,9.0541714E-1,-2.4395828E0,-8.731837E-1,7.0446026E-1,2.2021892E0,1.892662E-1,7.7017516E-1],"split_indices":[0,0,0,0,0,0,0,0,0],"split_type":[0,0,0,0,0,0,0,0,0],"sum_hessian":[9E0,4E0,5E0,2E0,2E0,3E0,2E0,1E0,2E0],"tree_param":{"num_deleted":"0","num_feature":"2","num_nodes":"9","size_leaf_vector":"1"}},{"base_weights":[-5.935211E-1,-1.8551493E1,1.4470375E1,-2.276944E0,-8.1497145E-1,6.2902412E0,2.0553763E0,1.798027E-1,7.1883035E-1],"categories":[],"categories_nodes":[],"categories_segments":[],"categories_sizes":[],"default_left":[0,0,0,0,0,0,0,0,0],"id":15,"left_children":[1,3,5,-1,-1,7,-1,-1,-1],"loss_changes":[2.973617E3,3.3806396E1,1.6928943E2,0E0,0E0,3.212387E0,0E0,0E0,0E0],"parents":[2147483647,0,0,1,1,2,2,5,5],"right_children":[2,4,6,-1,-1,8,-1,-1,-1],"split_conditions":[6.023053E-1,2.9916462E-1,9.0541714E-1,-2.276944E0,-8.1497145E-1,7.0446026E-1,2.0553763E0,1.798027E-1,7.1883035E-1],"split_indices":[0,0,0,0,0,0,0,0,0],"split_type":[0,0,0,0,0,0,0,0,0],"sum_hessian":[9E0,4E0,5E0,2E0,2E0,3E0,2E0,1E0,2E0],"tree_param":{"num_deleted":"0","num_feature":"2","num_nodes":"9","size_leaf_vector":"1"}},{"base_weights":[-5.479584E-1,-1.7314724E1,1.3515674E1,-2.1251476E0,-7.6063997E-1,3.9824066E-1,1.7286705E0],"categories":[],"categories_nodes":[],"categories_segments":[],"categories_sizes":[],"default_left":[0,0,0,0,0,0,0],"id":16,"left_children":[1,3,5,-1,-1,-1,-1],"loss_changes":[2.5920364E3,2.9449097E1,1.4685889E2,0E0,0E0,0E0,0E0],"parents":[2147483647,0,0,1,1,2,2],"right_children":[2,4,6,-1,-1,-1,-1],"split_conditions":[6.023053E-1,2.9916462E-1,8.004982E-1,-2.1251476E0,-7.6063997E-1,3.9824066E-1,1.7286705E0],"split_indices":[0,0,0,0,0,0,0],"split_type":[0,0,0,0,0,0,0],"sum_hessian":[9E0,4E0,5E0,2E0,2E0,2E0,3E0],"tree_param":{"num_deleted":"0","num_feature":"2","num_nodes":"7","size_leaf_vector":"1"}},{"base_weights":[-5.6904984E-1,-1.6160412E1,1.2518593E1,-1.9834712E0,-7.0993066E-1,5.254589E0,1.8031067E0,1.5090027E-1,6.000117E-1],"categories":[],"categories_nodes":[],"categories_segments":[],"categories_sizes":[],"default_left":[0,0,0,0,0,0,0,0,0],"id":17,"left_children":[1,3,5,-1,-1,7,-1,-1,-1],"loss_changes":[2.2428472E3,2.5653442E1,1.4551001E2,0E0,0E0,2.1155624E0,0E0,0E0,0E0],"parents":[2147483647,0,0,1,1,2,2,5,5],"right_children":[2,4,6,-1,-1,8,-1,-1,-1],"split_conditions":[6.023053E-1,2.9916462E-1,9.0541714E-1,-1.9834712E0,-7.0993066E-1,7.0446026E-1,1.8031067E0,1.5090027E-1,6.000117E-1],"split_indices":[0,0,0,0,0,0,0,0,0],"split_type":[0,0,0,0,0,0,0,0,0],"sum_hessian":[9E0,4E0,5E0,2E0,2E0,3E0,2E0,1E0,2E0],"tree_param":{"num_deleted":"0","num_feature":"2","num_nodes":"9","size_leaf_vector":"1"}},{"base_weights":[-5.2607954E-1,-1.5083049E1,1.1692409E1,-1.8512396E0,-6.62602E-1,4.9168625E0,1.6829001E0,1.4335556E-1,5.600113E-1],"categories":[],"categories_nodes":[],"categories_segments":[],"categories_sizes":[],"default_left":[0,0,0,0,0,0,0,0,0],"id":18,"left_children":[1,3,5,-1,-1,7,-1,-1,-1],"loss_changes":[1.9549988E3,2.2346924E1,1.26073364E2,0E0,0E0,1.491806E0,0E0,0E0,0E0],"parents":[2147483647,0,0,1,1,2,2,5,5],"right_children":[2,4,6,-1,-1,8,-1,-1,-1],"split_conditions":[6.023053E-1,2.9916462E-1,9.0541714E-1,-1.8512396E0,-6.62602E-1,7.0446026E-1,1.6829001E0,1.4335556E-1,5.600113E-1],"split_indices":[0,0,0,0,0,0,0,0,0],"split_type":[0,0,0,0,0,0,0,0,0],"sum_hessian":[9E0,4E0,5E0,2E0,2E0,3E0,2E0,1E0,2E0],"tree_param":{"num_deleted":"0","num_feature":"2","num_nodes":"9","size_leaf_vector":"1"}},{"base_weights":[-4.8623046E-1,-1.4077512E1,1.0920876E1,-1.7278235E0,-6.184286E-1,4.601017E0,1.5707062E0,1.3618775E-1,5.226771E-1],"categories":[],"categories_nodes":[],"categories_segments":[],"categories_sizes":[],"default_left":[0,0,0,0,0,0,0,0,0],"id":19,"left_children":[1,3,5,-1,-1,7,-1,-1,-1],"loss_changes":[1.7041105E3,1.9466553E1,1.09219666E2,0E0,0E0,9.8939514E-1,0E0,0E0,0E0],"parents":[2147483647,0,0,1,1,2,2,5,5],"right_children":[2,4,6,-1,-1,8,-1,-1,-1],"split_conditions":[6.023053E-1,2.9916462E-1,9.0541714E-1,-1.7278235E0,-6.184286E-1,7.0446026E-1,1.5707062E0,1.3618775E-1,5.226771E-1],"split_indices":[0,0,0,0,0,0,0,0,0],"split_type":[0,0,0,0,0,0,0,0,0],"sum_hessian":[9E0,4E0,5E0,2E0,2E0,3E0,2E0,1E0,2E0],"tree_param":{"num_deleted":"0","num_feature":"2","num_nodes":"9","size_leaf_vector":"1"}},{"base_weights":[-4.4927597E-1,-1.3139012E1,1.0200383E1,-1.8594764E0,-7.126383E-1,4.3056335E0,1.4659923E0,1.2937851E-1,4.8783213E-1],"categories":[],"categories_nodes":[],"categories_segments":[],"categories_sizes":[],"default_left":[0,0,0,0,0,0,0,0,0],"id":20,"left_children":[1,3,5,-1,-1,7,-1,-1,-1],"loss_changes":[1.4854366E3,3.1503723E1,9.460693E1,0E0,0E0,5.8789825E-1,0E0,0E0,0E0],"parents":[2147483647,0,0,1,1,2,2,5,5],"right_children":[2,4,6,-1,-1,8,-1,-1,-1],"split_conditions":[6.023053E-1,1.005217E-1,9.0541714E-1,-1.8594764E0,-7.126383E-1,7.0446026E-1,1.4659923E0,1.2937851E-1,4.8783213E-1],"split_indices":[0,0,0,0,0,0,0,0,0],"split_type":[0,0,0,0,0,0,0,0,0],"sum_hessian":[9E0,4E0,5E0,1E0,3E0,3E0,2E0,1E0,2E0],"tree_param":{"num_deleted":"0","num_feature":"2","num_nodes":"9","size_leaf_vector":"1"}},{"base_weights":[-4.5324096E-1,-1.2339536E1,9.527545E0,-1.7665027E0,-6.591906E-1,4.0293694E0,1.3682598E0,1.22909546E-1,4.5530954E-1],"categories":[],"categories_nodes":[],"categories_segments":[],"categories_sizes":[],"default_left":[0,0,0,0,0,0,0,0,0],"id":21,"left_children":[1,3,5,-1,-1,7,-1,-1,-1],"loss_changes":[1.303911E3,3.659857E1,8.1938965E1,0E0,0E0,2.701187E-1,0E0,0E0,0E0],"parents":[2147483647,0,0,1,1,2,2,5,5],"right_children":[2,4,6,-1,-1,8,-1,-1,-1],"split_conditions":[6.023053E-1,1.005217E-1,9.0541714E-1,-1.7665027E0,-6.591906E-1,7.0446026E-1,1.3682598E0,1.22909546E-1,4.5530954E-1],"split_indices":[0,0,0,0,0,0,0,0,0],"split_type":[0,0,0,0,0,0,0,0,0],"sum_hessian":[9E0,4E0,5E0,1E0,3E0,3E0,2E0,1E0,2E0],"tree_param":{"num_deleted":"0","num_feature":"2","num_nodes":"9","size_leaf_vector":"1"}},{"base_weights":[-4.5583725E-1,-1.1590721E1,8.899205E0,-1.6781777E0,-6.0975134E-1,3.7709885E0,1.2770427E0,1.1676407E-1,4.2495576E-1],"categories":[],"categories_nodes":[],"categories_segments":[],"categories_sizes":[],"default_left":[0,0,0,0,0,0,0,0,0],"id":22,"left_children":[1,3,5,-1,-1,7,-1,-1,-1],"loss_changes":[1.1448213E3,4.025067E1,7.095764E1,0E0,0E0,2.1572113E-2,0E0,0E0,0E0],"parents":[2147483647,0,0,1,1,2,2,5,5],"right_children":[2,4,6,-1,-1,8,-1,-1,-1],"split_conditions":[6.023053E-1,1.005217E-1,9.0541714E-1,-1.6781777E0,-6.0975134E-1,7.0446026E-1,1.2770427E0,1.1676407E-1,4.2495576E-1],"split_indices":[0,0,0,0,0,0,0,0,0],"split_type":[0,0,0,0,0,0,0,0,0],"sum_hessian":[9E0,4E0,5E0,1E0,3E0,3E0,2E0,1E0,2E0],"tree_param":{"num_deleted":"0","num_feature":"2","num_nodes":"9","size_leaf_vector":"1"}},{"base_weights":[-4.5716935E-1,-1.0889235E1,8.312413E0,-1.5942688E0,-5.6402E-1,3.5293198E-1,1.1919068E0],"categories":[],"categories_nodes":[],"categories_segments":[],"categories_sizes":[],"default_left":[0,0,0,0,0,0,0],"id":23,"left_children":[1,3,5,-1,-1,-1,-1],"loss_changes":[1.00536444E3,4.27088E1,6.1439606E1,0E0,0E0,0E0,0E0],"parents":[2147483647,0,0,1,1,2,2],"right_children":[2,4,6,-1,-1,-1,-1],"split_conditions":[6.023053E-1,1.005217E-1,9.0541714E-1,-1.5942688E0,-5.6402E-1,3.5293198E-1,1.1919068E0],"split_indices":[0,0,0,0,0,0,0],"split_type":[0,0,0,0,0,0,0],"sum_hessian":[9E0,4E0,5E0,1E0,3E0,3E0,2E0],"tree_param":{"num_deleted":"0","num_feature":"2","num_nodes":"7","size_leaf_vector":"1"}},{"base_weights":[-4.727989E-1,-1.0231969E1,7.738642E0,-1.5145553E0,-5.2171844E-1,3.264618E0,1.1124462E0,9.3279265E-2,3.730962E-1],"categories":[],"categories_nodes":[],"categories_segments":[],"categories_sizes":[],"default_left":[0,0,0,0,0,0,0,0,0],"id":24,"left_children":[1,3,5,-1,-1,7,-1,-1,-1],"loss_changes":[8.8055E2,4.418567E1,5.4572327E1,0E0,0E0,8.695183E-1,0E0,0E0,0E0],"parents":[2147483647,0,0,1,1,2,2,5,5],"right_children":[2,4,6,-1,-1,8,-1,-1,-1],"split_conditions":[6.023053E-1,1.005217E-1,9.0541714E-1,-1.5145553E0,-5.2171844E-1,7.0446026E-1,1.1124462E0,9.3279265E-2,3.730962E-1],"split_indices":[0,0,0,0,0,0,0,0,0],"split_type":[0,0,0,0,0,0,0,0,0],"sum_hessian":[9E0,4E0,5E0,1E0,3E0,3E0,2E0,1E0,2E0],"tree_param":{"num_deleted":"0","num_feature":"2","num_nodes":"9","size_leaf_vector":"1"}},{"base_weights":[-4.7126237E-1,-9.616026E0,7.227918E0,-1.4388275E0,-4.8258954E-1,3.0547523E0,1.0382832E0,8.861542E-2,3.482234E-1],"categories":[],"categories_nodes":[],"categories_segments":[],"categories_sizes":[],"default_left":[0,0,0,0,0,0,0,0,0],"id":25,"left_children":[1,3,5,-1,-1,7,-1,-1,-1],"loss_changes":[7.735757E2,4.4862183E1,4.72789E1,0E0,0E0,6.22345E-1,0E0,0E0,0E0],"parents":[2147483647,0,0,1,1,2,2,5,5],"right_children":[2,4,6,-1,-1,8,-1,-1,-1],"split_conditions":[6.023053E-1,1.005217E-1,9.0541714E-1,-1.4388275E0,-4.8258954E-1,7.0446026E-1,1.0382832E0,8.861542E-2,3.482234E-1],"split_indices":[0,0,0,0,0,0,0,0,0],"split_type":[0,0,0,0,0,0,0,0,0],"sum_hessian":[9E0,4E0,5E0,1E0,3E0,3E0,2E0,1E0,2E0],"tree_param":{"num_deleted":"0","num_feature":"2","num_nodes":"9","size_leaf_vector":"1"}},{"base_weights":[-4.6876603E-1,-9.038707E0,6.750979E0,-1.3668861E0,-4.463953E-1,2.8584862E0,9.6906435E-1,8.418427E-2,3.2500866E-1],"categories":[],"categories_nodes":[],"categories_segments":[],"categories_sizes":[],"default_left":[0,0,0,0,0,0,0,0,0],"id":26,"left_children":[1,3,5,-1,-1,7,-1,-1,-1],"loss_changes":[6.7974805E2,4.4891937E1,4.095517E1,0E0,0E0,4.228096E-1,0E0,0E0,0E0],"parents":[2147483647,0,0,1,1,2,2,5,5],"right_children":[2,4,6,-1,-1,8,-1,-1,-1],"split_conditions":[6.023053E-1,1.005217E-1,9.0541714E-1,-1.3668861E0,-4.463953E-1,7.0446026E-1,9.6906435E-1,8.418427E-2,3.2500866E-1],"split_indices":[0,0,0,0,0,0,0,0,0],"split_type":[0,0,0,0,0,0,0,0,0],"sum_hessian":[9E0,4E0,5E0,1E0,3E0,3E0,2E0,1E0,2E0],"tree_param":{"num_deleted":"0","num_feature":"2","num_nodes":"9","size_leaf_vector":"1"}},{"base_weights":[-4.6539307E-1,-8.497492E0,6.305588E0,-1.2985417E0,-4.1291562E-1,1.760727E-1,8.1378365E-1],"categories":[],"categories_nodes":[],"categories_segments":[],"categories_sizes":[],"default_left":[0,0,0,0,0,0,0],"id":27,"left_children":[1,3,5,-1,-1,-1,-1],"loss_changes":[5.9743353E2,4.440497E1,3.5635376E1,0E0,0E0,0E0,0E0],"parents":[2147483647,0,0,1,1,2,2],"right_children":[2,4,6,-1,-1,-1,-1],"split_conditions":[6.023053E-1,1.005217E-1,8.004982E-1,-1.2985417E0,-4.1291562E-1,1.760727E-1,8.1378365E-1],"split_indices":[0,0,0,0,0,0,0],"split_type":[0,0,0,0,0,0,0],"sum_hessian":[9E0,4E0,5E0,1E0,3E0,2E0,3E0],"tree_param":{"num_deleted":"0","num_feature":"2","num_nodes":"7","size_leaf_vector":"1"}},{"base_weights":[-4.9101257E-1,-7.990033E0,5.8400064E0,-1.2336148E0,-3.8194677E-1,3.0573852E0,9.8765564E-1,7.1171574E-2,3.465874E-1],"categories":[],"categories_nodes":[],"categories_segments":[],"categories_sizes":[],"default_left":[0,0,0,0,0,0,0,0,0],"id":28,"left_children":[1,3,5,-1,-1,7,-1,-1,-1],"loss_changes":[5.214262E2,4.351126E1,3.71967E1,0E0,0E0,2.3241768E0,0E0,0E0,0E0],"parents":[2147483647,0,0,1,1,2,2,5,5],"right_children":[2,4,6,-1,-1,8,-1,-1,-1],"split_conditions":[6.023053E-1,1.005217E-1,1E0,-1.2336148E0,-3.8194677E-1,7.0446026E-1,9.8765564E-1,7.1171574E-2,3.465874E-1],"split_indices":[0,0,0,0,0,0,0,0,0],"split_type":[0,0,0,0,0,0,0,0,0],"sum_hessian":[9E0,4E0,5E0,1E0,3E0,4E0,1E0,1E0,3E0],"tree_param":{"num_deleted":"0","num_feature":"2","num_nodes":"9","size_leaf_vector":"1"}},{"base_weights":[-4.6292573E-1,-7.514142E0,5.490242E0,-1.1719341E0,-3.5330066E-1,2.8351989E0,9.382729E-1,6.761322E-2,3.2059327E-1],"categories":[],"categories_nodes":[],"categories_segments":[],"categories_sizes":[],"default_left":[0,0,0,0,0,0,0,0,0],"id":29,"left_children":[1,3,5,-1,-1,7,-1,-1,-1],"loss_changes":[4.610252E2,4.2302795E1,3.5406418E1,0E0,0E0,1.8345604E0,0E0,0E0,0E0],"parents":[2147483647,0,0,1,1,2,2,5,5],"right_children":[2,4,6,-1,-1,8,-1,-1,-1],"split_conditions":[6.023053E-1,1.005217E-1,1E0,-1.1719341E0,-3.5330066E-1,7.0446026E-1,9.382729E-1,6.761322E-2,3.2059327E-1],"split_indices":[0,0,0,0,0,0,0,0,0],"split_type":[0,0,0,0,0,0,0,0,0],"sum_hessian":[9E0,4E0,5E0,1E0,3E0,4E0,1E0,1E0,3E0],"tree_param":{"num_deleted":"0","num_feature":"2","num_nodes":"9","size_leaf_vector":"1"}},{"base_weights":[-4.3650666E-1,-7.0677733E0,5.1623E0,-1.1133374E0,-3.2680303E-1,2.6293244E0,8.91359E-1,6.423264E-2,2.9654923E-1],"categories":[],"categories_nodes":[],"categories_segments":[],"categories_sizes":[],"default_left":[0,0,0,0,0,0,0,0,0],"id":30,"left_children":[1,3,5,-1,-1,7,-1,-1,-1],"loss_changes":[4.0775778E2,4.0856964E1,3.357483E1,0E0,0E0,1.435009E0,0E0,0E0,0E0],"parents":[2147483647,0,0,1,1,2,2,5,5],"right_children":[2,4,6,-1,-1,8,-1,-1,-1],"split_conditions":[6.023053E-1,1.005217E-1,1E0,-1.1133374E0,-3.2680303E-1,7.0446026E-1,8.91359E-1,6.423264E-2,2.9654923E-1],"split_indices":[0,0,0,0,0,0,0,0,0],"split_type":[0,0,0,0,0,0,0,0,0],"sum_hessian":[9E0,4E0,5E0,1E0,3E0,4E0,1E0,1E0,3E0],"tree_param":{"num_deleted":"0","num_feature":"2","num_nodes":"9","size_leaf_vector":"1"}},{"base_weights":[-4.1165847E-1,-6.649025E0,4.854757E0,-1.0576706E0,-3.0229282E-1,2.4385438E0,8.467911E-1,6.102066E-2,2.7430764E-1],"categories":[],"categories_nodes":[],"categories_segments":[],"categories_sizes":[],"default_left":[0,0,0,0,0,0,0,0,0],"id":31,"left_children":[1,3,5,-1,-1,7,-1,-1,-1],"loss_changes":[3.6076498E2,3.9238144E1,3.1731537E1,0E0,0E0,1.1100979E0,0E0,0E0,0E0],"parents":[2147483647,0,0,1,1,2,2,5,5],"right_children":[2,4,6,-1,-1,8,-1,-1,-1],"split_conditions":[6.023053E-1,1.005217E-1,1E0,-1.0576706E0,-3.0229282E-1,7.0446026E-1,8.467911E-1,6.102066E-2,2.7430764E-1],"split_indices":[0,0,0,0,0,0,0,0,0],"split_type":[0,0,0,0,0,0,0,0,0],"sum_hessian":[9E0,4E0,5E0,1E0,3E0,4E0,1E0,1E0,3E0],"tree_param":{"num_deleted":"0","num_feature":"2","num_nodes":"9","size_leaf_vector":"1"}},{"base_weights":[-3.8827667E-1,-6.256116E0,4.566302E0,-1.0047871E0,-2.7962093E0,2.2617555E0,8.0445176E-1,-3.170779E-1,-8.362503E-2,5.7969667E-2,2.537346E-1],"categories":[],"categories_nodes":[],"categories_segments":[],"categories_sizes":[],"default_left":[0,0,0,0,0,0,0,0,0,0,0],"id":32,"left_children":[1,3,5,-1,7,9,-1,-1,-1,-1,-1],"loss_changes":[3.19294E2,3.7499634E1,2.9899529E1,0E0,2.8499985E-1,8.4690666E-1,0E0,0E0,0E0,0E0,0E0],"parents":[2147483647,0,0,1,1,2,2,4,4,5,5],"right_children":[2,4,6,-1,8,10,-1,-1,-1,-1,-1],"split_conditions":[6.023053E-1,1.005217E-1,1E0,-1.0047871E0,4.0267378E-1,7.0446026E-1,8.0445176E-1,-3.170779E-1,-8.362503E-2,5.7969667E-2,2.537346E-1],"split_indices":[0,0,0,0,0,0,0,0,0,0,0],"split_type":[0,0,0,0,0,0,0,0,0,0,0],"sum_hessian":[9E0,4E0,5E0,1E0,3E0,4E0,1E0,2E0,1E0,1E0,3E0],"tree_param":{"num_deleted":"0","num_feature":"2","num_nodes":"11","size_leaf_vector":"1"}},{"base_weights":[-3.7838516E-1,-5.9116044E0,4.295695E0,-9.545479E-1,-2.616766E0,2.0979187E0,7.642288E-1,-2.959394E-1,-7.9444125E-2,5.507126E-2,2.3470421E-1],"categories":[],"categories_nodes":[],"categories_segments":[],"categories_sizes":[],"default_left":[0,0,0,0,0,0,0,0,0,0,0],"id":33,"left_children":[1,3,5,-1,7,9,-1,-1,-1,-1,-1],"loss_changes":[2.8402155E2,3.488687E1,2.8097466E1,0E0,1.4645195E-1,6.346817E-1,0E0,0E0,0E0,0E0,0E0],"parents":[2147483647,0,0,1,1,2,2,4,4,5,5],"right_children":[2,4,6,-1,8,10,-1,-1,-1,-1,-1],"split_conditions":[6.023053E-1,1.005217E-1,1E0,-9.545479E-1,4.0267378E-1,7.0446026E-1,7.642288E-1,-2.959394E-1,-7.9444125E-2,5.507126E-2,2.3470421E-1],"split_indices":[0,0,0,0,0,0,0,0,0,0,0],"split_type":[0,0,0,0,0,0,0,0,0,0,0],"sum_hessian":[9E0,4E0,5E0,1E0,3E0,4E0,1E0,2E0,1E0,1E0,3E0],"tree_param":{"num_deleted":"0","num_feature":"2","num_nodes":"11","size_leaf_vector":"1"}},{"base_weights":[-3.6814117E-1,-5.586432E0,4.0417914E0,-9.068203E-1,-2.4489384E0,1.9460785E0,7.260178E-1,-2.7621028E-1,-7.547226E-2,5.231781E-2,2.171009E-1],"categories":[],"categories_nodes":[],"categories_segments":[],"categories_sizes":[],"default_left":[0,0,0,0,0,0,0,0,0,0,0],"id":34,"left_children":[1,3,5,-1,7,9,-1,-1,-1,-1,-1],"loss_changes":[2.5270227E2,3.2412704E1,2.6340004E1,0E0,3.7649155E-2,4.644432E-1,0E0,0E0,0E0,0E0,0E0],"parents":[2147483647,0,0,1,1,2,2,4,4,5,5],"right_children":[2,4,6,-1,8,10,-1,-1,-1,-1,-1],"split_conditions":[6.023053E-1,1.005217E-1,1E0,-9.068203E-1,4.0267378E-1,7.0446026E-1,7.260178E-1,-2.7621028E-1,-7.547226E-2,5.231781E-2,2.171009E-1],"split_indices":[0,0,0,0,0,0,0,0,0,0,0],"split_type":[0,0,0,0,0,0,0,0,0,0,0],"sum_hessian":[9E0,4E0,5E0,1E0,3E0,4E0,1E0,2E0,1E0,1E0,3E0],"tree_param":{"num_deleted":"0","num_feature":"2","num_nodes":"11","size_leaf_vector":"1"}},{"base_weights":[-3.5763472E-1,-5.2794905E0,3.8035176E0,-8.614792E-1,-2.2919674E-1,1.8053528E0,6.897171E-1,4.970169E-2,2.0081826E-1],"categories":[],"categories_nodes":[],"categories_segments":[],"categories_sizes":[],"default_left":[0,0,0,0,0,0,0,0,0],"id":35,"left_children":[1,3,5,-1,-1,7,-1,-1,-1],"loss_changes":[2.2488657E2,3.007663E1,2.4637955E1,0E0,0E0,3.287449E-1,0E0,0E0,0E0],"parents":[2147483647,0,0,1,1,2,2,5,5],"right_children":[2,4,6,-1,-1,8,-1,-1,-1],"split_conditions":[6.023053E-1,1.005217E-1,1E0,-8.614792E-1,-2.2919674E-1,7.0446026E-1,6.897171E-1,4.970169E-2,2.0081826E-1],"split_indices":[0,0,0,0,0,0,0,0,0],"split_type":[0,0,0,0,0,0,0,0,0],"sum_hessian":[9E0,4E0,5E0,1E0,3E0,4E0,1E0,1E0,3E0],"tree_param":{"num_deleted":"0","num_feature":"2","num_nodes":"9","size_leaf_vector":"1"}},{"base_weights":[-3.3691484E-1,-4.969676E0,3.5798721E0,-8.1840515E-1,-2.1200695E0,1.6749207E0,6.552315E-1,-2.4251683E-1,-6.023865E-2,4.72168E-2,1.8575668E-1],"categories":[],"categories_nodes":[],"categories_segments":[],"categories_sizes":[],"default_left":[0,0,0,0,0,0,0,0,0,0,0],"id":36,"left_children":[1,3,5,-1,7,9,-1,-1,-1,-1,-1],"loss_changes":[1.992462E2,2.844777E1,2.2999542E1,0E0,3.9128494E-1,2.2130775E-1,0E0,0E0,0E0,0E0,0E0],"parents":[2147483647,0,0,1,1,2,2,4,4,5,5],"right_children":[2,4,6,-1,8,10,-1,-1,-1,-1,-1],"split_conditions":[6.023053E-1,1.005217E-1,1E0,-8.1840515E-1,4.0267378E-1,7.0446026E-1,6.552315E-1,-2.4251683E-1,-6.023865E-2,4.72168E-2,1.8575668E-1],"split_indices":[0,0,0,0,0,0,0,0,0,0,0],"split_type":[0,0,0,0,0,0,0,0,0,0,0],"sum_hessian":[9E0,4E0,5E0,1E0,3E0,4E0,1E0,2E0,1E0,1E0,3E0],"tree_param":{"num_deleted":"0","num_feature":"2","num_nodes":"11","size_leaf_vector":"1"}},{"base_weights":[-3.26519E-1,-4.6969404E0,3.3699188E0,-7.774849E-1,-1.9837513E0,1.5540222E0,6.224701E-1,-2.2634915E-1,-5.7226565E-2,6.911876E-2,1.8988495E-1],"categories":[],"categories_nodes":[],"categories_segments":[],"categories_sizes":[],"default_left":[0,0,0,0,0,0,0,0,0,0,0],"id":37,"left_children":[1,3,5,-1,7,9,-1,-1,-1,-1,-1],"loss_changes":[1.7737822E2,2.6331383E1,2.1430618E1,0E0,2.8407764E-1,1.751833E-1,0E0,0E0,0E0,0E0,0E0],"parents":[2147483647,0,0,1,1,2,2,4,4,5,5],"right_children":[2,4,6,-1,8,10,-1,-1,-1,-1,-1],"split_conditions":[6.023053E-1,1.005217E-1,1E0,-7.774849E-1,4.0267378E-1,8.004982E-1,6.224701E-1,-2.2634915E-1,-5.7226565E-2,6.911876E-2,1.8988495E-1],"split_indices":[0,0,0,0,0,0,0,0,0,0,0],"split_type":[0,0,0,0,0,0,0,0,0,0,0],"sum_hessian":[9E0,4E0,5E0,1E0,3E0,4E0,1E0,2E0,1E0,2E0,2E0],"tree_param":{"num_deleted":"0","num_feature":"2","num_nodes":"11","size_leaf_vector":"1"}},{"base_weights":[-3.1182557E-1,-4.4394593E0,3.17984E0,-7.3861045E-1,-1.8562717E0,1.4504211E0,5.9134674E-1,-2.112592E-1,-5.436554E-2,6.4510606E-2,1.7722626E-1],"categories":[],"categories_nodes":[],"categories_segments":[],"categories_sizes":[],"default_left":[0,0,0,0,0,0,0,0,0,0,0],"id":38,"left_children":[1,3,5,-1,7,9,-1,-1,-1,-1,-1],"loss_changes":[1.5823994E2,2.4348076E1,1.9788502E1,0E0,1.9727993E-1,1.5262222E-1,0E0,0E0,0E0,0E0,0E0],"parents":[2147483647,0,0,1,1,2,2,4,4,5,5],"right_children":[2,4,6,-1,8,10,-1,-1,-1,-1,-1],"split_conditions":[6.023053E-1,1.005217E-1,1E0,-7.3861045E-1,4.0267378E-1,8.004982E-1,5.9134674E-1,-2.112592E-1,-5.436554E-2,6.4510606E-2,1.7722626E-1],"split_indices":[0,0,0,0,0,0,0,0,0,0,0],"split_type":[0,0,0,0,0,0,0,0,0,0,0],"sum_hessian":[9E0,4E0,5E0,1E0,3E0,4E0,1E0,2E0,1E0,2E0,2E0],"tree_param":{"num_deleted":"0","num_feature":"2","num_nodes":"11","size_leaf_vector":"1"}},{"base_weights":[-2.9775923E-1,-4.1963606E0,3.000702E0,-7.0168E-1,-1.737051E0,1.3537232E0,5.617798E-1,-1.9717535E-1,-5.1647186E-2,3.817444E-2,1.5012817E-1],"categories":[],"categories_nodes":[],"categories_segments":[],"categories_sizes":[],"default_left":[0,0,0,0,0,0,0,0,0,0,0],"id":39,"left_children":[1,3,5,-1,7,9,-1,-1,-1,-1,-1],"loss_changes":[1.4118588E2,2.2493126E1,1.8256863E1,0E0,1.2753582E-1,1.4401245E-1,0E0,0E0,0E0,0E0,0E0],"parents":[2147483647,0,0,1,1,2,2,4,4,5,5],"right_children":[2,4,6,-1,8,10,-1,-1,-1,-1,-1],"split_conditions":[6.023053E-1,1.005217E-1,1E0,-7.0168E-1,4.0267378E-1,7.0446026E-1,5.617798E-1,-1.9717535E-1,-5.1647186E-2,3.817444E-2,1.5012817E-1],"split_indices":[0,0,0,0,0,0,0,0,0,0,0],"split_type":[0,0,0,0,0,0,0,0,0,0,0],"sum_hessian":[9E0,4E0,5E0,1E0,3E0,4E0,1E0,2E0,1E0,1E0,3E0],"tree_param":{"num_deleted":"0","num_feature":"2","num_nodes":"11","size_leaf_vector":"1"}},{"base_weights":[-2.8802642E-1,-3.9668243E0,2.8256428E0,-6.665959E-1,-1.6255512E0,1.2560089E0,5.3369063E-1,-1.840304E-1,-4.9064636E-2,5.3932697E-2,1.5540212E-1],"categories":[],"categories_nodes":[],"categories_segments":[],"categories_sizes":[],"default_left":[0,0,0,0,0,0,0,0,0,0,0],"id":40,"left_children":[1,3,5,-1,7,9,-1,-1,-1,-1,-1],"loss_changes":[1.2575444E2,2.0761185E1,1.6947388E1,0E0,7.195759E-2,2.29774E-1,0E0,0E0,0E0,0E0,0E0],"parents":[2147483647,0,0,1,1,2,2,4,4,5,5],"right_children":[2,4,6,-1,8,10,-1,-1,-1,-1,-1],"split_conditions":[6.023053E-1,1.005217E-1,1E0,-6.665959E-1,4.0267378E-1,8.004982E-1,5.3369063E-1,-1.840304E-1,-4.9064636E-2,5.3932697E-2,1.5540212E-1],"split_indices":[0,0,0,0,0,0,0,0,0,0,0],"split_type":[0,0,0,0,0,0,0,0,0,0,0],"sum_hessian":[9E0,4E0,5E0,1E0,3E0,4E0,1E0,2E0,1E0,2E0,2E0],"tree_param":{"num_deleted":"0","num_feature":"2","num_nodes":"11","size_leaf_vector":"1"}},{"base_weights":[-2.7489012E-1,-3.7500794E0,2.666916E0,-6.332661E-1,-1.5212688E0,1.1722748E0,5.070061E-1,-1.7176184E-1,-4.6611022E-2,5.0336715E-2,1.4504242E-1],"categories":[],"categories_nodes":[],"categories_segments":[],"categories_sizes":[],"default_left":[0,0,0,0,0,0,0,0,0,0,0],"id":41,"left_children":[1,3,5,-1,7,9,-1,-1,-1,-1,-1],"loss_changes":[1.1223447E2,1.9146744E1,1.5607529E1,0E0,2.8120995E-2,2.001853E-1,0E0,0E0,0E0,0E0,0E0],"parents":[2147483647,0,0,1,1,2,2,4,4,5,5],"right_children":[2,4,6,-1,8,10,-1,-1,-1,-1,-1],"split_conditions":[6.023053E-1,1.005217E-1,1E0,-6.332661E-1,4.0267378E-1,8.004982E-1,5.070061E-1,-1.7176184E-1,-4.6611022E-2,5.0336715E-2,1.4504242E-1],"split_indices":[0,0,0,0,0,0,0,0,0,0,0],"split_type":[0,0,0,0,0,0,0,0,0,0,0],"sum_hessian":[9E0,4E0,5E0,1E0,3E0,4E0,1E0,2E0,1E0,2E0,2E0],"tree_param":{"num_deleted":"0","num_feature":"2","num_nodes":"11","size_leaf_vector":"1"}},{"base_weights":[-2.623268E-1,-3.5453994E0,2.5172882E0,-6.01603E-1,-1.4237347E-1,1.0941223E0,4.816559E-1,4.6980795E-2,1.3537292E-1],"categories":[],"categories_nodes":[],"categories_segments":[],"categories_sizes":[],"default_left":[0,0,0,0,0,0,0,0,0],"id":42,"left_children":[1,3,5,-1,-1,7,-1,-1,-1],"loss_changes":[1.00181564E2,1.7644016E1,1.436356E1,0E0,0E0,1.7438889E-1,0E0,0E0,0E0],"parents":[2147483647,0,0,1,1,2,2,5,5],"right_children":[2,4,6,-1,-1,8,-1,-1,-1],"split_conditions":[6.023053E-1,1.005217E-1,1E0,-6.01603E-1,-1.4237347E-1,8.004982E-1,4.816559E-1,4.6980795E-2,1.3537292E-1],"split_indices":[0,0,0,0,0,0,0,0,0],"split_type":[0,0,0,0,0,0,0,0,0],"sum_hessian":[9E0,4E0,5E0,1E0,3E0,4E0,1E0,2E0,2E0],"tree_param":{"num_deleted":"0","num_feature":"2","num_nodes":"9","size_leaf_vector":"1"}},{"base_weights":[-2.440918E-1,-3.988762E0,1.9305899E0,-5.715229E-1,-1.5081964E-1,3.7855834E-1,3.8737795E-1,-3.7161257E-2,6.590042E-2],"categories":[],"categories_nodes":[],"categories_segments":[],"categories_sizes":[],"default_left":[0,0,0,0,0,0,0,0,0],"id":43,"left_children":[1,3,5,-1,-1,7,-1,-1,-1],"loss_changes":[8.9135315E1,8.510765E0,1.9644789E1,0E0,0E0,1.296806E0,0E0,0E0,0E0],"parents":[2147483647,0,0,1,1,2,2,5,5],"right_children":[2,4,6,-1,-1,8,-1,-1,-1],"split_conditions":[4.0267378E-1,1.005217E-1,9.0541714E-1,-5.715229E-1,-1.5081964E-1,6.023053E-1,3.8737795E-1,-3.7161257E-2,6.590042E-2],"split_indices":[0,0,0,0,0,0,0,0,0],"split_type":[0,0,0,0,0,0,0,0,0],"sum_hessian":[9E0,3E0,6E0,1E0,2E0,4E0,2E0,1E0,3E0],"tree_param":{"num_deleted":"0","num_feature":"2","num_nodes":"9","size_leaf_vector":"1"}},{"base_weights":[-2.5030595E-1,-3.7704716E0,1.7969753E0,-5.4294664E-1,-1.4076513E-1,6.357905E-1,4.382042E-1,-3.53035E-2,9.041626E-1,3.945516E-2,1.1123861E-1],"categories":[],"categories_nodes":[],"categories_segments":[],"categories_sizes":[],"default_left":[0,0,0,0,0,0,0,0,0,0,0],"id":44,"left_children":[1,3,5,-1,-1,7,-1,-1,9,-1,-1],"loss_changes":[7.884313E1,8.036827E0,1.822612E1,0E0,0E0,1.9114404E0,0E0,0E0,9.167099E-2,0E0,0E0],"parents":[2147483647,0,0,1,1,2,2,5,5,8,8],"right_children":[2,4,6,-1,-1,8,-1,-1,10,-1,-1],"split_conditions":[4.0267378E-1,1.005217E-1,1E0,-5.4294664E-1,-1.4076513E-1,6.023053E-1,4.382042E-1,-3.53035E-2,8.004982E-1,3.945516E-2,1.1123861E-1],"split_indices":[0,0,0,0,0,0,0,0,0,0,0],"split_type":[0,0,0,0,0,0,0,0,0,0,0],"sum_hessian":[9E0,3E0,6E0,1E0,2E0,5E0,1E0,1E0,4E0,2E0,2E0],"tree_param":{"num_deleted":"0","num_feature":"2","num_nodes":"11","size_leaf_vector":"1"}},{"base_weights":[-2.3828736E-1,-3.564354E0,1.6963632E0,-5.1579934E-1,-1.3138098E-1,5.9144336E-1,4.162941E-1,-3.3538055E-2,8.438843E-1,3.6824547E-2,1.0382284E-1],"categories":[],"categories_nodes":[],"categories_segments":[],"categories_sizes":[],"default_left":[0,0,0,0,0,0,0,0,0,0,0],"id":45,"left_children":[1,3,5,-1,-1,7,-1,-1,9,-1,-1],"loss_changes":[7.03942E1,7.569599E0,1.661545E1,0E0,0E0,1.686832E0,0E0,0E0,7.986522E-2,0E0,0E0],"parents":[2147483647,0,0,1,1,2,2,5,5,8,8],"right_children":[2,4,6,-1,-1,8,-1,-1,10,-1,-1],"split_conditions":[4.0267378E-1,1.005217E-1,1E0,-5.1579934E-1,-1.3138098E-1,6.023053E-1,4.162941E-1,-3.3538055E-2,8.004982E-1,3.6824547E-2,1.0382284E-1],"split_indices":[0,0,0,0,0,0,0,0,0,0,0],"split_type":[0,0,0,0,0,0,0,0,0,0,0],"sum_hessian":[9E0,3E0,6E0,1E0,2E0,5E0,1E0,1E0,4E0,2E0,2E0],"tree_param":{"num_deleted":"0","num_feature":"2","num_nodes":"11","size_leaf_vector":"1"}},{"base_weights":[-2.2683486E-1,-3.3697147E0,1.6015015E0,-4.900093E-1,-1.2262243E-1,5.501531E-1,3.954796E-1,-3.1861115E-2,7.876282E-1,3.4369912E-2,9.690145E-2],"categories":[],"categories_nodes":[],"categories_segments":[],"categories_sizes":[],"default_left":[0,0,0,0,0,0,0,0,0,0,0],"id":46,"left_children":[1,3,5,-1,-1,7,-1,-1,9,-1,-1],"loss_changes":[6.2859016E1,7.112793E0,1.5143185E1,0E0,0E0,1.4888061E0,0E0,0E0,6.9563866E-2,0E0,0E0],"parents":[2147483647,0,0,1,1,2,2,5,5,8,8],"right_children":[2,4,6,-1,-1,8,-1,-1,10,-1,-1],"split_conditions":[4.0267378E-1,1.005217E-1,1E0,-4.900093E-1,-1.2262243E-1,6.023053E-1,3.954796E-1,-3.1861115E-2,8.004982E-1,3.4369912E-2,9.690145E-2],"split_indices":[0,0,0,0,0,0,0,0,0,0,0],"split_type":[0,0,0,0,0,0,0,0,0,0,0],"sum_hessian":[9E0,3E0,6E0,1E0,2E0,5E0,1E0,1E0,4E0,2E0,2E0],"tree_param":{"num_deleted":"0","num_feature":"2","num_nodes":"11","size_leaf_vector":"1"}},{"base_weights":[-2.159256E-1,-3.8955612E0,1.1909285E0,-4.6550867E-1,-1.1882553E-1,2.876162E-1,3.7570572E-1,-5.54095E-2,7.3511964E-1,1.9875336E-2,8.195229E-2],"categories":[],"categories_nodes":[],"categories_segments":[],"categories_sizes":[],"default_left":[0,0,0,0,0,0,0,0,0,0,0],"id":47,"left_children":[1,3,5,-1,-1,7,-1,-1,9,-1,-1],"loss_changes":[5.6406433E1,6.373749E-1,1.7463533E1,0E0,0E0,3.0440066E0,0E0,0E0,6.347203E-2,0E0,0E0],"parents":[2147483647,0,0,1,1,2,2,5,5,8,8],"right_children":[2,4,6,-1,-1,8,-1,-1,10,-1,-1],"split_conditions":[2.9916462E-1,1.005217E-1,1E0,-4.6550867E-1,-1.1882553E-1,6.023053E-1,3.7570572E-1,-5.54095E-2,7.0446026E-1,1.9875336E-2,8.195229E-2],"split_indices":[0,0,0,0,0,0,0,0,0,0,0],"split_type":[0,0,0,0,0,0,0,0,0,0,0],"sum_hessian":[9E0,2E0,7E0,1E0,1E0,6E0,1E0,2E0,4E0,1E0,3E0],"tree_param":{"num_deleted":"0","num_feature":"2","num_nodes":"11","size_leaf_vector":"1"}},{"base_weights":[-2.1055527E-1,-3.7007828E0,1.1245995E0,-4.422333E-1,-1.1288414E-1,2.8299967E-2,2.942332E0,-5.1715594E-2,4.3031693E-2,8.442917E-2,3.5692063E-1],"categories":[],"categories_nodes":[],"categories_segments":[],"categories_sizes":[],"default_left":[0,0,0,0,0,0,0,0,0,0,0],"id":48,"left_children":[1,3,5,-1,-1,7,9,-1,-1,-1,-1],"loss_changes":[5.0761833E1,5.752411E-1,1.5858966E1,0E0,0E0,1.5382361E0,9.3217087E-1,0E0,0E0,0E0,0E0],"parents":[2147483647,0,0,1,1,2,2,5,5,6,6],"right_children":[2,4,6,-1,-1,8,10,-1,-1,-1,-1],"split_conditions":[2.9916462E-1,1.005217E-1,9.0541714E-1,-4.422333E-1,-1.1288414E-1,6.023053E-1,1E0,-5.1715594E-2,4.3031693E-2,8.442917E-2,3.5692063E-1],"split_indices":[0,0,0,0,0,0,0,0,0,0,0],"split_type":[0,0,0,0,0,0,0,0,0,0,0],"sum_hessian":[9E0,2E0,7E0,1E0,1E0,5E0,2E0,2E0,3E0,1E0,1E0],"tree_param":{"num_deleted":"0","num_feature":"2","num_nodes":"11","size_leaf_vector":"1"}},{"base_weights":[-2.0174484E-1,-3.5157444E0,1.0662231E0,-4.2012176E-1,-1.0723992E-1,2.402242E-2,2.7952168E0,-4.826813E-2,3.980446E-2,8.0207825E-2,3.390747E-1],"categories":[],"categories_nodes":[],"categories_segments":[],"categories_sizes":[],"default_left":[0,0,0,0,0,0,0,0,0,0,0],"id":49,"left_children":[1,3,5,-1,-1,7,9,-1,-1,-1,-1],"loss_changes":[4.5769024E1,5.191612E-1,1.434852E1,0E0,0E0,1.3292391E0,8.412781E-1,0E0,0E0,0E0,0E0],"parents":[2147483647,0,0,1,1,2,2,5,5,6,6],"right_children":[2,4,6,-1,-1,8,10,-1,-1,-1,-1],"split_conditions":[2.9916462E-1,1.005217E-1,9.0541714E-1,-4.2012176E-1,-1.0723992E-1,6.023053E-1,1E0,-4.826813E-2,3.980446E-2,8.0207825E-2,3.390747E-1],"split_indices":[0,0,0,0,0,0,0,0,0,0,0],"split_type":[0,0,0,0,0,0,0,0,0,0,0],"sum_hessian":[9E0,2E0,7E0,1E0,1E0,5E0,2E0,2E0,3E0,1E0,1E0],"tree_param":{"num_deleted":"0","num_feature":"2","num_nodes":"11","size_leaf_vector":"1"}},{"base_weights":[-1.9322662E-1,-3.3399582E0,1.010951E0,-3.9911577E-1,-1.0187798E-1,2.0206451E-2,2.6554565E0,-4.5050304E-2,3.6818694E-2,7.619782E-2,3.2212067E-1],"categories":[],"categories_nodes":[],"categories_segments":[],"categories_sizes":[],"default_left":[0,0,0,0,0,0,0,0,0,0,0],"id":50,"left_children":[1,3,5,-1,-1,7,9,-1,-1,-1,-1],"loss_changes":[4.1268772E1,4.685402E-1,1.2980621E1,0E0,0E0,1.1486557E0,7.592163E-1,0E0,0E0,0E0,0E0],"parents":[2147483647,0,0,1,1,2,2,5,5,6,6],"right_children":[2,4,6,-1,-1,8,10,-1,-1,-1,-1],"split_conditions":[2.9916462E-1,1.005217E-1,9.0541714E-1,-3.9911577E-1,-1.0187798E-1,6.023053E-1,1E0,-4.5050304E-2,3.6818694E-2,7.619782E-2,3.2212067E-1],"split_indices":[0,0,0,0,0,0,0,0,0,0,0],"split_type":[0,0,0,0,0,0,0,0,0,0,0],"sum_hessian":[9E0,2E0,7E0,1E0,1E0,5E0,2E0,2E0,3E0,1E0,1E0],"tree_param":{"num_deleted":"0","num_feature":"2","num_nodes":"11","size_leaf_vector":"1"}},{"base_weights":[-1.8499526E-1,-3.172961E0,9.5861626E-1,-3.7915993E-1,-9.678421E-2,1.6812643E-2,2.5226848E0,-4.204712E-2,3.4057237E-2,7.2387695E-2,3.06015E-1],"categories":[],"categories_nodes":[],"categories_segments":[],"categories_sizes":[],"default_left":[0,0,0,0,0,0,0,0,0,0,0],"id":51,"left_children":[1,3,5,-1,-1,7,9,-1,-1,-1,-1],"loss_changes":[3.721237E1,4.2284393E-1,1.1741949E1,0E0,0E0,9.9265015E-1,6.852207E-1,0E0,0E0,0E0,0E0],"parents":[2147483647,0,0,1,1,2,2,5,5,6,6],"right_children":[2,4,6,-1,-1,8,10,-1,-1,-1,-1],"split_conditions":[2.9916462E-1,1.005217E-1,9.0541714E-1,-3.7915993E-1,-9.678421E-2,6.023053E-1,1E0,-4.204712E-2,3.4057237E-2,7.2387695E-2,3.06015E-1],"split_indices":[0,0,0,0,0,0,0,0,0,0,0],"split_type":[0,0,0,0,0,0,0,0,0,0,0],"sum_hessian":[9E0,2E0,7E0,1E0,1E0,5E0,2E0,2E0,3E0,1E0,1E0],"tree_param":{"num_deleted":"0","num_feature":"2","num_nodes":"11","size_leaf_vector":"1"}},{"base_weights":[-1.7704849E-1,-3.0143127E0,9.0905666E-1,-3.6020204E-1,-9.194489E-2,1.3800303E-2,2.3965504E0,-3.924383E-2,3.1502914E-2,6.8768315E-2,2.9071426E-1],"categories":[],"categories_nodes":[],"categories_segments":[],"categories_sizes":[],"default_left":[0,0,0,0,0,0,0,0,0,0,0],"id":52,"left_children":[1,3,5,-1,-1,7,9,-1,-1,-1,-1],"loss_changes":[3.3555855E1,3.8162804E-1,1.0620434E1,0E0,0E0,8.578541E-1,6.184082E-1,0E0,0E0,0E0,0E0],"parents":[2147483647,0,0,1,1,2,2,5,5,6,6],"right_children":[2,4,6,-1,-1,8,10,-1,-1,-1,-1],"split_conditions":[2.9916462E-1,1.005217E-1,9.0541714E-1,-3.6020204E-1,-9.194489E-2,6.023053E-1,1E0,-3.924383E-2,3.1502914E-2,6.8768315E-2,2.9071426E-1],"split_indices":[0,0,0,0,0,0,0,0,0,0,0],"split_type":[0,0,0,0,0,0,0,0,0,0,0],"sum_hessian":[9E0,2E0,7E0,1E0,1E0,5E0,2E0,2E0,3E0,1E0,1E0],"tree_param":{"num_deleted":"0","num_feature":"2","num_nodes":"11","size_leaf_vector":"1"}},{"base_weights":[-1.693863E-1,-2.863599E0,8.621168E-1,-3.4219208E-1,-8.73478E-2,1.1127472E-2,2.2767231E0,-3.6627453E-2,2.913971E-2,6.5329745E-2,2.7617875E-1],"categories":[],"categories_nodes":[],"categories_segments":[],"categories_sizes":[],"default_left":[0,0,0,0,0,0,0,0,0,0,0],"id":53,"left_children":[1,3,5,-1,-1,7,9,-1,-1,-1,-1],"loss_changes":[3.0259647E1,3.4440994E-1,9.605186E0,0E0,0E0,7.4137723E-1,5.581274E-1,0E0,0E0,0E0,0E0],"parents":[2147483647,0,0,1,1,2,2,5,5,6,6],"right_children":[2,4,6,-1,-1,8,10,-1,-1,-1,-1],"split_conditions":[2.9916462E-1,1.005217E-1,9.0541714E-1,-3.4219208E-1,-8.73478E-2,6.023053E-1,1E0,-3.6627453E-2,2.913971E-2,6.5329745E-2,2.7617875E-1],"split_indices":[0,0,0,0,0,0,0,0,0,0,0],"split_type":[0,0,0,0,0,0,0,0,0,0,0],"sum_hessian":[9E0,2E0,7E0,1E0,1E0,5E0,2E0,2E0,3E0,1E0,1E0],"tree_param":{"num_deleted":"0","num_feature":"2","num_nodes":"11","size_leaf_vector":"1"}},{"base_weights":[-1.6200104E-1,-2.7204182E0,8.1765556E-1,-3.250824E-1,-8.298035E-2,8.763631E-3,2.1628876E0,-3.4185793E-2,2.6953888E-1,6.20636E-2,2.6236954E-1,8.162689E-3,3.0496726E-2],"categories":[],"categories_nodes":[],"categories_segments":[],"categories_sizes":[],"default_left":[0,0,0,0,0,0,0,0,0,0,0,0,0],"id":54,"left_children":[1,3,5,-1,-1,7,9,-1,11,-1,-1,-1,-1],"loss_changes":[2.7288067E1,3.1083488E-1,8.686224E0,0E0,0E0,6.407445E-1,5.03685E-1,0E0,1.7361343E-3,0E0,0E0,0E0,0E0],"parents":[2147483647,0,0,1,1,2,2,5,5,6,6,8,8],"right_children":[2,4,6,-1,-1,8,10,-1,12,-1,-1,-1,-1],"split_conditions":[2.9916462E-1,1.005217E-1,9.0541714E-1,-3.250824E-1,-8.298035E-2,6.023053E-1,1E0,-3.4185793E-2,7.0446026E-1,6.20636E-2,2.6236954E-1,8.162689E-3,3.0496726E-2],"split_indices":[0,0,0,0,0,0,0,0,0,0,0,0,0],"split_type":[0,0,0,0,0,0,0,0,0,0,0,0,0],"sum_hessian":[9E0,2E0,7E0,1E0,1E0,5E0,2E0,2E0,3E0,1E0,1E0,1E0,2E0],"tree_param":{"num_deleted":"0","num_feature":"2","num_nodes":"13","size_leaf_vector":"1"}},{"base_weights":[-1.5371856E-1,-2.584399E0,7.770014E-1,-3.0882835E-1,-7.883149E-2,8.6301165E-3,2.0547435E0,-3.190689E-2,2.5224686E-1,5.8960725E-2,2.492508E-1,7.754517E-3,2.8463235E-2],"categories":[],"categories_nodes":[],"categories_segments":[],"categories_sizes":[],"default_left":[0,0,0,0,0,0,0,0,0,0,0,0,0],"id":55,"left_children":[1,3,5,-1,-1,7,9,-1,11,-1,-1,-1,-1],"loss_changes":[2.4630909E1,2.8051758E-1,7.8365097E0,0E0,0E0,5.59482E-1,4.545536E-1,0E0,5.5933E-4,0E0,0E0,0E0,0E0],"parents":[2147483647,0,0,1,1,2,2,5,5,6,6,8,8],"right_children":[2,4,6,-1,-1,8,10,-1,12,-1,-1,-1,-1],"split_conditions":[2.9916462E-1,1.005217E-1,9.0541714E-1,-3.0882835E-1,-7.883149E-2,6.023053E-1,1E0,-3.190689E-2,7.0446026E-1,5.8960725E-2,2.492508E-1,7.754517E-3,2.8463235E-2],"split_indices":[0,0,0,0,0,0,0,0,0,0,0,0,0],"split_type":[0,0,0,0,0,0,0,0,0,0,0,0,0],"sum_hessian":[9E0,2E0,7E0,1E0,1E0,5E0,2E0,2E0,3E0,1E0,1E0,1E0,2E0],"tree_param":{"num_deleted":"0","num_feature":"2","num_nodes":"13","size_leaf_vector":"1"}},{"base_weights":[-1.4585876E-1,-2.4551773E0,7.3836803E-1,-2.9338685E-1,-7.488976E-2,8.487701E-3,1.952006E0,-2.9779816E-2,2.3608018E-2,5.6012727E-2,2.3678818E-1],"categories":[],"categories_nodes":[],"categories_segments":[],"categories_sizes":[],"default_left":[0,0,0,0,0,0,0,0,0,0,0],"id":56,"left_children":[1,3,5,-1,-1,7,9,-1,-1,-1,-1],"loss_changes":[2.2232439E1,2.5317574E-1,7.069915E0,0E0,0E0,4.8855436E-1,4.102316E-1,0E0,0E0,0E0,0E0],"parents":[2147483647,0,0,1,1,2,2,5,5,6,6],"right_children":[2,4,6,-1,-1,8,10,-1,-1,-1,-1],"split_conditions":[2.9916462E-1,1.005217E-1,9.0541714E-1,-2.9338685E-1,-7.488976E-2,6.023053E-1,1E0,-2.9779816E-2,2.3608018E-2,5.6012727E-2,2.3678818E-1],"split_indices":[0,0,0,0,0,0,0,0,0,0,0],"split_type":[0,0,0,0,0,0,0,0,0,0,0],"sum_hessian":[9E0,2E0,7E0,1E0,1E0,5E0,2E0,2E0,3E0,1E0,1E0],"tree_param":{"num_deleted":"0","num_feature":"2","num_nodes":"11","size_leaf_vector":"1"}},{"base_weights":[-1.3943633E-1,-2.3324177E0,7.0036125E-1,-2.7871743E-1,-7.114525E-2,6.612142E-3,1.8544058E0,-2.7794395E-2,2.1837616E-1,5.3211976E-2,2.2494888E-1,6.186676E-3,2.4992371E-2],"categories":[],"categories_nodes":[],"categories_segments":[],"categories_sizes":[],"default_left":[0,0,0,0,0,0,0,0,0,0,0,0,0],"id":57,"left_children":[1,3,5,-1,-1,7,9,-1,11,-1,-1,-1,-1],"loss_changes":[2.005014E1,2.2849083E-1,6.392677E0,0E0,0E0,4.2224875E-1,3.7024212E-1,0E0,4.287973E-3,0E0,0E0,0E0,0E0],"parents":[2147483647,0,0,1,1,2,2,5,5,6,6,8,8],"right_children":[2,4,6,-1,-1,8,10,-1,12,-1,-1,-1,-1],"split_conditions":[2.9916462E-1,1.005217E-1,9.0541714E-1,-2.7871743E-1,-7.114525E-2,6.023053E-1,1E0,-2.7794395E-2,7.0446026E-1,5.3211976E-2,2.2494888E-1,6.186676E-3,2.4992371E-2],"split_indices":[0,0,0,0,0,0,0,0,0,0,0,0,0],"split_type":[0,0,0,0,0,0,0,0,0,0,0,0,0],"sum_hessian":[9E0,2E0,7E0,1E0,1E0,5E0,2E0,2E0,3E0,1E0,1E0,1E0,2E0],"tree_param":{"num_deleted":"0","num_feature":"2","num_nodes":"13","size_leaf_vector":"1"}},{"base_weights":[-1.323227E-1,-2.2157974E0,6.6552067E-1,-2.6478156E-1,-6.7588046E-2,6.5167747E-3,1.7616882E0,-2.5941214E-1,2.0433426E-1,5.0551604E-2,2.1370164E-1,-3.0744553E-2,-8.167267E-3,9.284465E-3,2.6940156E-2],"categories":[],"categories_nodes":[],"categories_segments":[],"categories_sizes":[],"default_left":[0,0,0,0,0,0,0,0,0,0,0,0,0,0,0],"id":58,"left_children":[1,3,5,-1,-1,7,9,11,13,-1,-1,-1,-1,-1,-1],"loss_changes":[1.8097525E1,2.0621014E-1,5.767549E0,0E0,0E0,3.686391E-1,3.341341E-1,5.0239265E-4,4.0048063E-3,0E0,0E0,0E0,0E0,0E0,0E0],"parents":[2147483647,0,0,1,1,2,2,5,5,6,6,7,7,8,8],"right_children":[2,4,6,-1,-1,8,10,12,14,-1,-1,-1,-1,-1,-1],"split_conditions":[2.9916462E-1,1.005217E-1,9.0541714E-1,-2.6478156E-1,-6.7588046E-2,6.023053E-1,1E0,4.0267378E-1,8.004982E-1,5.0551604E-2,2.1370164E-1,-3.0744553E-2,-8.167267E-3,9.284465E-3,2.6940156E-2],"split_indices":[0,0,0,0,0,0,0,0,0,0,0,0,0,0,0],"split_type":[0,0,0,0,0,0,0,0,0,0,0,0,0,0,0],"sum_hessian":[9E0,2E0,7E0,1E0,1E0,5E0,2E0,2E0,3E0,1E0,1E0,1E0,1E0,2E0,1E0],"tree_param":{"num_deleted":"0","num_feature":"2","num_nodes":"15","size_leaf_vector":"1"}},{"base_weights":[-1.2617035E-1,-2.1050084E0,6.316652E-1,-2.5154266E-1,-6.4208604E-2,5.418142E-3,1.6736044E0,-2.4644215E-1,1.9295883E-1,4.8023988E-2,2.0301667E-1,-2.920723E-2,-7.7590942E-3,8.665975E-3,2.5592804E-2],"categories":[],"categories_nodes":[],"categories_segments":[],"categories_sizes":[],"default_left":[0,0,0,0,0,0,0,0,0,0,0,0,0,0,0],"id":59,"left_children":[1,3,5,-1,-1,7,9,11,13,-1,-1,-1,-1,-1,-1],"loss_changes":[1.6326E1,1.8610954E-1,5.2110224E0,0E0,0E0,3.3095753E-1,3.0155945E-1,4.5195222E-4,4.5956224E-3,0E0,0E0,0E0,0E0,0E0,0E0],"parents":[2147483647,0,0,1,1,2,2,5,5,6,6,7,7,8,8],"right_children":[2,4,6,-1,-1,8,10,12,14,-1,-1,-1,-1,-1,-1],"split_conditions":[2.9916462E-1,1.005217E-1,9.0541714E-1,-2.5154266E-1,-6.4208604E-2,6.023053E-1,1E0,4.0267378E-1,8.004982E-1,4.8023988E-2,2.0301667E-1,-2.920723E-2,-7.7590942E-3,8.665975E-3,2.5592804E-2],"split_indices":[0,0,0,0,0,0,0,0,0,0,0,0,0,0,0],"split_type":[0,0,0,0,0,0,0,0,0,0,0,0,0,0,0],"sum_hessian":[9E0,2E0,7E0,1E0,1E0,5E0,2E0,2E0,3E0,1E0,1E0,1E0,1E0,2E0,1E0],"tree_param":{"num_deleted":"0","num_feature":"2","num_nodes":"15","size_leaf_vector":"1"}},{"base_weights":[-1.2029572E-1,-1.9997584E0,5.9953976E-1,-2.3896562E-1,-6.0998153E-2,4.423777E-3,1.5899252E0,-2.3412323E-1,1.8222809E-1,4.5623016E-2,1.9286576E-1,-2.7746964E-2,-7.371521E-3,8.088175E-3,2.4313355E-2],"categories":[],"categories_nodes":[],"categories_segments":[],"categories_sizes":[],"default_left":[0,0,0,0,0,0,0,0,0,0,0,0,0,0,0],"id":60,"left_children":[1,3,5,-1,-1,7,9,11,13,-1,-1,-1,-1,-1,-1],"loss_changes":[1.4727974E1,1.6796589E-1,4.7081194E0,0E0,0E0,2.9715195E-1,2.7214575E-1,4.055947E-4,5.0251037E-3,0E0,0E0,0E0,0E0,0E0,0E0],"parents":[2147483647,0,0,1,1,2,2,5,5,6,6,7,7,8,8],"right_children":[2,4,6,-1,-1,8,10,12,14,-1,-1,-1,-1,-1,-1],"split_conditions":[2.9916462E-1,1.005217E-1,9.0541714E-1,-2.3896562E-1,-6.0998153E-2,6.023053E-1,1E0,4.0267378E-1,8.004982E-1,4.5623016E-2,1.9286576E-1,-2.7746964E-2,-7.371521E-3,8.088175E-3,2.4313355E-2],"split_indices":[0,0,0,0,0,0,0,0,0,0,0,0,0,0,0],"split_type":[0,0,0,0,0,0,0,0,0,0,0,0,0,0,0],"sum_hessian":[9E0,2E0,7E0,1E0,1E0,5E0,2E0,2E0,3E0,1E0,1E0,1E0,1E0,2E0,1E0],"tree_param":{"num_deleted":"0","num_feature":"2","num_nodes":"15","size_leaf_vector":"1"}},{"base_weights":[-1.1468506E-1,-1.8997701E0,5.6905746E-1,-2.2701721E-1,-5.7948302E-2,3.5298665E-3,1.5104269E0,-2.2241719E-1,1.721077E-1,4.3341827E-2,1.832222E-1,-2.6359558E-2,-7.0030214E-3,7.549032E-3,2.3097992E-2],"categories":[],"categories_nodes":[],"categories_segments":[],"categories_sizes":[],"default_left":[0,0,0,0,0,0,0,0,0,0,0,0,0,0,0],"id":61,"left_children":[1,3,5,-1,-1,7,9,11,13,-1,-1,-1,-1,-1,-1],"loss_changes":[1.3286465E1,1.5158367E-1,4.2536316E0,0E0,0E0,2.668177E-1,2.4560976E-1,3.6551058E-4,5.315572E-3,0E0,0E0,0E0,0E0,0E0,0E0],"parents":[2147483647,0,0,1,1,2,2,5,5,6,6,7,7,8,8],"right_children":[2,4,6,-1,-1,8,10,12,14,-1,-1,-1,-1,-1,-1],"split_conditions":[2.9916462E-1,1.005217E-1,9.0541714E-1,-2.2701721E-1,-5.7948302E-2,6.023053E-1,1E0,4.0267378E-1,8.004982E-1,4.3341827E-2,1.832222E-1,-2.6359558E-2,-7.0030214E-3,7.549032E-3,2.3097992E-2],"split_indices":[0,0,0,0,0,0,0,0,0,0,0,0,0,0,0],"split_type":[0,0,0,0,0,0,0,0,0,0,0,0,0,0,0],"sum_hessian":[9E0,2E0,7E0,1E0,1E0,5E0,2E0,2E0,3E0,1E0,1E0,1E0,1E0,2E0,1E0],"tree_param":{"num_deleted":"0","num_feature":"2","num_nodes":"15","size_leaf_vector":"1"}},{"base_weights":[-1.0932922E-1,-1.8047816E0,5.4013157E-1,-2.156662E-1,-5.505104E-2,2.7224224E-3,1.434906E0,-2.1129608E-1,1.625557E-1,4.117508E-2,1.7406082E-1,-2.504158E-2,-6.652832E-3,7.045492E-3,2.1942902E-2],"categories":[],"categories_nodes":[],"categories_segments":[],"categories_sizes":[],"default_left":[0,0,0,0,0,0,0,0,0,0,0,0,0,0,0],"id":62,"left_children":[1,3,5,-1,-1,7,9,11,13,-1,-1,-1,-1,-1,-1],"loss_changes":[1.1986118E1,1.3679409E-1,3.8429735E0,0E0,0E0,2.3959106E-1,2.2164536E-1,3.3007562E-4,5.4924563E-3,0E0,0E0,0E0,0E0,0E0,0E0],"parents":[2147483647,0,0,1,1,2,2,5,5,6,6,7,7,8,8],"right_children":[2,4,6,-1,-1,8,10,12,14,-1,-1,-1,-1,-1,-1],"split_conditions":[2.9916462E-1,1.005217E-1,9.0541714E-1,-2.156662E-1,-5.505104E-2,6.023053E-1,1E0,4.0267378E-1,8.004982E-1,4.117508E-2,1.7406082E-1,-2.504158E-2,-6.652832E-3,7.045492E-3,2.1942902E-2],"split_indices":[0,0,0,0,0,0,0,0,0,0,0,0,0,0,0],"split_type":[0,0,0,0,0,0,0,0,0,0,0,0,0,0,0],"sum_hessian":[9E0,2E0,7E0,1E0,1E0,5E0,2E0,2E0,3E0,1E0,1E0,1E0,1E0,2E0,1E0],"tree_param":{"num_deleted":"0","num_feature":"2","num_nodes":"15","size_leaf_vector":"1"}},{"base_weights":[-1.04214475E-1,-1.7145411E0,5.126848E-1,-2.0488282E-1,-5.2298356E-2,1.9976299E-3,1.3631643E0,-2.0073192E-1,1.5354538E-1,3.911667E-2,1.6535798E-1,-2.3789598E-2,-6.3201906E-3,6.575521E-3,2.0845795E-2],"categories":[],"categories_nodes":[],"categories_segments":[],"categories_sizes":[],"default_left":[0,0,0,0,0,0,0,0,0,0,0,0,0,0,0],"id":63,"left_children":[1,3,5,-1,-1,7,9,11,13,-1,-1,-1,-1,-1,-1],"loss_changes":[1.0813113E1,1.2346363E-1,3.4719083E0,0E0,0E0,2.1516068E-1,2.0002413E-1,2.9804558E-4,5.57594E-3,0E0,0E0,0E0,0E0,0E0,0E0],"parents":[2147483647,0,0,1,1,2,2,5,5,6,6,7,7,8,8],"right_children":[2,4,6,-1,-1,8,10,12,14,-1,-1,-1,-1,-1,-1],"split_conditions":[2.9916462E-1,1.005217E-1,9.0541714E-1,-2.0488282E-1,-5.2298356E-2,6.023053E-1,1E0,4.0267378E-1,8.004982E-1,3.911667E-2,1.6535798E-1,-2.3789598E-2,-6.3201906E-3,6.575521E-3,2.0845795E-2],"split_indices":[0,0,0,0,0,0,0,0,0,0,0,0,0,0,0],"split_type":[0,0,0,0,0,0,0,0,0,0,0,0,0,0,0],"sum_hessian":[9E0,2E0,7E0,1E0,1E0,5E0,2E0,2E0,3E0,1E0,1E0,1E0,1E0,2E0,1E0],"tree_param":{"num_deleted":"0","num_feature":"2","num_nodes":"15","size_leaf_vector":"1"}},{"base_weights":[-9.933396E-2,-1.6288147E0,4.8663807E-1,-1.9463883E-1,-4.968338E-2,1.3491312E-3,1.2950033E0,-1.9069672E-1,1.4504623E-1,3.7160493E-2,1.5709E-1,-2.2600174E-2,-6.0043335E-3,6.137085E-3,1.9803619E-2],"categories":[],"categories_nodes":[],"categories_segments":[],"categories_sizes":[],"default_left":[0,0,0,0,0,0,0,0,0,0,0,0,0,0,0],"id":64,"left_children":[1,3,5,-1,-1,7,9,11,13,-1,-1,-1,-1,-1,-1],"loss_changes":[9.754973E0,1.1143017E-1,3.1365783E0,0E0,0E0,1.9323842E-1,1.8053341E-1,2.6825815E-4,5.5821687E-3,0E0,0E0,0E0,0E0,0E0,0E0],"parents":[2147483647,0,0,1,1,2,2,5,5,6,6,7,7,8,8],"right_children":[2,4,6,-1,-1,8,10,12,14,-1,-1,-1,-1,-1,-1],"split_conditions":[2.9916462E-1,1.005217E-1,9.0541714E-1,-1.9463883E-1,-4.968338E-2,6.023053E-1,1E0,4.0267378E-1,8.004982E-1,3.7160493E-2,1.5709E-1,-2.2600174E-2,-6.0043335E-3,6.137085E-3,1.9803619E-2],"split_indices":[0,0,0,0,0,0,0,0,0,0,0,0,0,0,0],"split_type":[0,0,0,0,0,0,0,0,0,0,0,0,0,0,0],"sum_hessian":[9E0,2E0,7E0,1E0,1E0,5E0,2E0,2E0,3E0,1E0,1E0,1E0,1E0,2E0,1E0],"tree_param":{"num_deleted":"0","num_feature":"2","num_nodes":"15","size_leaf_vector":"1"}},{"base_weights":[-9.46724E-2,-1.5473734E0,4.6192455E-1,-1.8490677E-1,-4.719925E-2,7.718404E-4,1.2302551E0,-1.8115997E-1,1.3702774E-1,3.5302736E-2,1.4923553E-1,-2.1470262E-2,-5.7037356E-3,5.7281493E-3,1.8813325E-2],"categories":[],"categories_nodes":[],"categories_segments":[],"categories_sizes":[],"default_left":[0,0,0,0,0,0,0,0,0,0,0,0,0,0,0],"id":65,"left_children":[1,3,5,-1,-1,7,9,11,13,-1,-1,-1,-1,-1,-1],"loss_changes":[8.80046E0,1.0056257E-1,2.8335922E0,0E0,0E0,1.7355964E-1,1.6292238E-1,2.4412572E-4,5.5253357E-3,0E0,0E0,0E0,0E0,0E0,0E0],"parents":[2147483647,0,0,1,1,2,2,5,5,6,6,7,7,8,8],"right_children":[2,4,6,-1,-1,8,10,12,14,-1,-1,-1,-1,-1,-1],"split_conditions":[2.9916462E-1,1.005217E-1,9.0541714E-1,-1.8490677E-1,-4.719925E-2,6.023053E-1,1E0,4.0267378E-1,8.004982E-1,3.5302736E-2,1.4923553E-1,-2.1470262E-2,-5.7037356E-3,5.7281493E-3,1.8813325E-2],"split_indices":[0,0,0,0,0,0,0,0,0,0,0,0,0,0,0],"split_type":[0,0,0,0,0,0,0,0,0,0,0,0,0,0,0],"sum_hessian":[9E0,2E0,7E0,1E0,1E0,5E0,2E0,2E0,3E0,1E0,1E0,1E0,1E0,2E0,1E0],"tree_param":{"num_deleted":"0","num_feature":"2","num_nodes":"15","size_leaf_vector":"1"}},{"base_weights":[-9.022369E-2,-1.4700037E0,4.384718E-1,-1.7566147E-1,-4.4839095E-2,2.5812784E-4,1.1687418E0,-1.7210133E-1,1.294632E-1,3.3537295E-2,1.4177398E-1,-2.0396804E-2,-5.418396E-3,5.3466796E-3,1.787262E-2],"categories":[],"categories_nodes":[],"categories_segments":[],"categories_sizes":[],"default_left":[0,0,0,0,0,0,0,0,0,0,0,0,0,0,0],"id":66,"left_children":[1,3,5,-1,-1,7,9,11,13,-1,-1,-1,-1,-1,-1],"loss_changes":[7.9393897E0,9.076643E-2,2.559813E0,0E0,0E0,1.558991E-1,1.470499E-1,2.2112578E-4,5.4193214E-3,0E0,0E0,0E0,0E0,0E0,0E0],"parents":[2147483647,0,0,1,1,2,2,5,5,6,6,7,7,8,8],"right_children":[2,4,6,-1,-1,8,10,12,14,-1,-1,-1,-1,-1,-1],"split_conditions":[2.9916462E-1,1.005217E-1,9.0541714E-1,-1.7566147E-1,-4.4839095E-2,6.023053E-1,1E0,4.0267378E-1,8.004982E-1,3.3537295E-2,1.4177398E-1,-2.0396804E-2,-5.418396E-3,5.3466796E-3,1.787262E-2],"split_indices":[0,0,0,0,0,0,0,0,0,0,0,0,0,0,0],"split_type":[0,0,0,0,0,0,0,0,0,0,0,0,0,0,0],"sum_hessian":[9E0,2E0,7E0,1E0,1E0,5E0,2E0,2E0,3E0,1E0,1E0,1E0,1E0,2E0,1E0],"tree_param":{"num_deleted":"0","num_feature":"2","num_nodes":"15","size_leaf_vector":"1"}},{"base_weights":[-8.59787E-2,-1.3965048E0,4.162159E-1,-1.668785E-1,-4.25972E-2,-1.9836426E-4,1.1103058E0,-1.6349792E-1,1.223259E-1,3.186035E-2,1.3468552E-1,-1.9377137E-2,-5.1475526E-3,4.9906415E-3,1.6979218E-2],"categories":[],"categories_nodes":[],"categories_segments":[],"categories_sizes":[],"default_left":[0,0,0,0,0,0,0,0,0,0,0,0,0,0,0],"id":67,"left_children":[1,3,5,-1,-1,7,9,11,13,-1,-1,-1,-1,-1,-1],"loss_changes":[7.1626377E0,8.191538E-2,2.3124518E0,0E0,0E0,1.4004898E-1,1.3271737E-1,1.9942224E-4,5.276218E-3,0E0,0E0,0E0,0E0,0E0,0E0],"parents":[2147483647,0,0,1,1,2,2,5,5,6,6,7,7,8,8],"right_children":[2,4,6,-1,-1,8,10,12,14,-1,-1,-1,-1,-1,-1],"split_conditions":[2.9916462E-1,1.005217E-1,9.0541714E-1,-1.668785E-1,-4.25972E-2,6.023053E-1,1E0,4.0267378E-1,8.004982E-1,3.186035E-2,1.3468552E-1,-1.9377137E-2,-5.1475526E-3,4.9906415E-3,1.6979218E-2],"split_indices":[0,0,0,0,0,0,0,0,0,0,0,0,0,0,0],"split_type":[0,0,0,0,0,0,0,0,0,0,0,0,0,0,0],"sum_hessian":[9E0,2E0,7E0,1E0,1E0,5E0,2E0,2E0,3E0,1E0,1E0,1E0,1E0,2E0,1E0],"tree_param":{"num_deleted":"0","num_feature":"2","num_nodes":"15","size_leaf_vector":"1"}},{"base_weights":[-8.193054E-2,-1.3266805E0,3.95092E-1,-1.5853463E-1,-4.0467452E-2,-6.052653E-4,1.0547892E0,-1.553243E-1,1.1558533E-1,3.0267334E-2,1.2795106E-1,-1.8408203E-2,-4.890442E-3,4.658E-3,1.6130066E-2],"categories":[],"categories_nodes":[],"categories_segments":[],"categories_sizes":[],"default_left":[0,0,0,0,0,0,0,0,0,0,0,0,0,0,0],"id":68,"left_children":[1,3,5,-1,-1,7,9,11,13,-1,-1,-1,-1,-1,-1],"loss_changes":[6.461899E0,7.392454E-2,2.0889616E0,0E0,0E0,1.2581459E-1,1.1977553E-1,1.7876178E-4,5.1050223E-3,0E0,0E0,0E0,0E0,0E0,0E0],"parents":[2147483647,0,0,1,1,2,2,5,5,6,6,7,7,8,8],"right_children":[2,4,6,-1,-1,8,10,12,14,-1,-1,-1,-1,-1,-1],"split_conditions":[2.9916462E-1,1.005217E-1,9.0541714E-1,-1.5853463E-1,-4.0467452E-2,6.023053E-1,1E0,4.0267378E-1,8.004982E-1,3.0267334E-2,1.2795106E-1,-1.8408203E-2,-4.890442E-3,4.658E-3,1.6130066E-2],"split_indices":[0,0,0,0,0,0,0,0,0,0,0,0,0,0,0],"split_type":[0,0,0,0,0,0,0,0,0,0,0,0,0,0,0],"sum_hessian":[9E0,2E0,7E0,1E0,1E0,5E0,2E0,2E0,3E0,1E0,1E0,1E0,1E0,2E0,1E0],"tree_param":{"num_deleted":"0","num_feature":"2","num_nodes":"15","size_leaf_vector":"1"}},{"base_weights":[-7.806663E-2,-1.2603468E0,3.7504673E-1,-1.5060787E-1,-3.844414E-2,-9.6257526E-4,1.0020498E0,-1.4756012E-1,1.0922623E-1,2.8753662E-2,1.215538E-1,-1.7487718E-2,-4.6463013E-3,4.3477374E-3,1.5323639E-2],"categories":[],"categories_nodes":[],"categories_segments":[],"categories_sizes":[],"default_left":[0,0,0,0,0,0,0,0,0,0,0,0,0,0,0],"id":69,"left_children":[1,3,5,-1,-1,7,9,11,13,-1,-1,-1,-1,-1,-1],"loss_changes":[5.8297577E0,6.671524E-2,1.8870363E0,0E0,0E0,1.13037884E-1,1.0810876E-1,1.597032E-4,4.912153E-3,0E0,0E0,0E0,0E0,0E0,0E0],"parents":[2147483647,0,0,1,1,2,2,5,5,6,6,7,7,8,8],"right_children":[2,4,6,-1,-1,8,10,12,14,-1,-1,-1,-1,-1,-1],"split_conditions":[2.9916462E-1,1.005217E-1,9.0541714E-1,-1.5060787E-1,-3.844414E-2,6.023053E-1,1E0,4.0267378E-1,8.004982E-1,2.8753662E-2,1.215538E-1,-1.7487718E-2,-4.6463013E-3,4.3477374E-3,1.5323639E-2],"split_indices":[0,0,0,0,0,0,0,0,0,0,0,0,0,0,0],"split_type":[0,0,0,0,0,0,0,0,0,0,0,0,0,0,0],"sum_hessian":[9E0,2E0,7E0,1E0,1E0,5E0,2E0,2E0,3E0,1E0,1E0,1E0,1E0,2E0,1E0],"tree_param":{"num_deleted":"0","num_feature":"2","num_nodes":"15","size_leaf_vector":"1"}},{"base_weights":[-7.4380495E-2,-1.1973292E0,3.5602283E-1,-1.4307748E-1,-3.652191E-2,-1.2779236E-3,9.519501E-1,-1.4018504E-1,1.0322189E-1,2.7316285E-2,1.1547623E-1,-1.6613388E-2,-4.414368E-3,1.9577027E-3,1.2457784E-2],"categories":[],"categories_nodes":[],"categories_segments":[],"categories_sizes":[],"default_left":[0,0,0,0,0,0,0,0,0,0,0,0,0,0,0],"id":70,"left_children":[1,3,5,-1,-1,7,9,11,13,-1,-1,-1,-1,-1,-1],"loss_changes":[5.2594852E0,6.0210705E-2,1.7046187E0,0E0,0E0,1.0156477E-1,9.756088E-2,1.4272705E-4,4.7063977E-3,0E0,0E0,0E0,0E0,0E0,0E0],"parents":[2147483647,0,0,1,1,2,2,5,5,6,6,7,7,8,8],"right_children":[2,4,6,-1,-1,8,10,12,14,-1,-1,-1,-1,-1,-1],"split_conditions":[2.9916462E-1,1.005217E-1,9.0541714E-1,-1.4307748E-1,-3.652191E-2,6.023053E-1,1E0,4.0267378E-1,7.0446026E-1,2.7316285E-2,1.1547623E-1,-1.6613388E-2,-4.414368E-3,1.9577027E-3,1.2457784E-2],"split_indices":[0,0,0,0,0,0,0,0,0,0,0,0,0,0,0],"split_type":[0,0,0,0,0,0,0,0,0,0,0,0,0,0,0],"sum_hessian":[9E0,2E0,7E0,1E0,1E0,5E0,2E0,2E0,3E0,1E0,1E0,1E0,1E0,1E0,2E0],"tree_param":{"num_deleted":"0","num_feature":"2","num_nodes":"15","size_leaf_vector":"1"}},{"base_weights":[-7.128258E-2,-1.1374626E0,3.3744526E-1,-1.3592358E-1,-3.4695815E-2,-2.2494E-3,9.0435284E-1,-1.3317616E-1,9.6508026E-2,2.5950624E-2,1.09702304E-1,-1.5782548E-2,-4.1938783E-3,3.5776775E-3,1.3935089E-2],"categories":[],"categories_nodes":[],"categories_segments":[],"categories_sizes":[],"default_left":[0,0,0,0,0,0,0,0,0,0,0,0,0,0,0],"id":71,"left_children":[1,3,5,-1,-1,7,9,11,13,-1,-1,-1,-1,-1,-1],"loss_changes":[4.7416058E0,5.4339886E-2,1.5426378E0,0E0,0E0,9.043252E-2,8.804393E-2,1.2780353E-4,5.422078E-3,0E0,0E0,0E0,0E0,0E0,0E0],"parents":[2147483647,0,0,1,1,2,2,5,5,6,6,7,7,8,8],"right_children":[2,4,6,-1,-1,8,10,12,14,-1,-1,-1,-1,-1,-1],"split_conditions":[2.9916462E-1,1.005217E-1,9.0541714E-1,-1.3592358E-1,-3.4695815E-2,6.023053E-1,1E0,4.0267378E-1,8.004982E-1,2.5950624E-2,1.09702304E-1,-1.5782548E-2,-4.1938783E-3,3.5776775E-3,1.3935089E-2],"split_indices":[0,0,0,0,0,0,0,0,0,0,0,0,0,0,0],"split_type":[0,0,0,0,0,0,0,0,0,0,0,0,0,0,0],"sum_hessian":[9E0,2E0,7E0,1E0,1E0,5E0,2E0,2E0,3E0,1E0,1E0,1E0,1E0,2E0,1E0],"tree_param":{"num_deleted":"0","num_feature":"2","num_nodes":"15","size_leaf_vector":"1"}},{"base_weights":[-6.789436E-2,-1.080588E0,3.2035255E-1,-1.2912731E-1,-3.296089E-2,-2.4312336E-3,8.591359E-1,-1.265157E-1,9.123993E-2,2.4652863E-2,1.0421753E-1,-1.4993287E-2,-3.98407E-3,3.3396406E-3,1.3238526E-2],"categories":[],"categories_nodes":[],"categories_segments":[],"categories_sizes":[],"default_left":[0,0,0,0,0,0,0,0,0,0,0,0,0,0,0],"id":72,"left_children":[1,3,5,-1,-1,7,9,11,13,-1,-1,-1,-1,-1,-1],"loss_changes":[4.277921E0,4.9045324E-2,1.3933733E0,0E0,0E0,8.128211E-2,7.9467535E-2,1.1561066E-4,5.0987713E-3,0E0,0E0,0E0,0E0,0E0,0E0],"parents":[2147483647,0,0,1,1,2,2,5,5,6,6,7,7,8,8],"right_children":[2,4,6,-1,-1,8,10,12,14,-1,-1,-1,-1,-1,-1],"split_conditions":[2.9916462E-1,1.005217E-1,9.0541714E-1,-1.2912731E-1,-3.296089E-2,6.023053E-1,1E0,4.0267378E-1,8.004982E-1,2.4652863E-2,1.0421753E-1,-1.4993287E-2,-3.98407E-3,3.3396406E-3,1.3238526E-2],"split_indices":[0,0,0,0,0,0,0,0,0,0,0,0,0,0,0],"split_type":[0,0,0,0,0,0,0,0,0,0,0,0,0,0,0],"sum_hessian":[9E0,2E0,7E0,1E0,1E0,5E0,2E0,2E0,3E0,1E0,1E0,1E0,1E0,2E0,1E0],"tree_param":{"num_deleted":"0","num_feature":"2","num_nodes":"15","size_leaf_vector":"1"}},{"base_weights":[-6.4668655E-2,-1.0265592E0,3.0412388E-1,-1.2267094E-1,-3.1312943E-2,-2.5901794E-3,8.1617737E-1,-1.2019094E-1,8.6257935E-2,2.3419952E-2,9.900665E-2,-1.4243699E-2,-3.7849427E-3,3.116862E-3,1.2576294E-2],"categories":[],"categories_nodes":[],"categories_segments":[],"categories_sizes":[],"default_left":[0,0,0,0,0,0,0,0,0,0,0,0,0,0,0],"id":73,"left_children":[1,3,5,-1,-1,7,9,11,13,-1,-1,-1,-1,-1,-1],"loss_changes":[3.8595817E0,4.4260263E-2,1.2585461E0,0E0,0E0,7.305905E-2,7.1725845E-2,1.0416284E-4,4.785355E-3,0E0,0E0,0E0,0E0,0E0,0E0],"parents":[2147483647,0,0,1,1,2,2,5,5,6,6,7,7,8,8],"right_children":[2,4,6,-1,-1,8,10,12,14,-1,-1,-1,-1,-1,-1],"split_conditions":[2.9916462E-1,1.005217E-1,9.0541714E-1,-1.2267094E-1,-3.1312943E-2,6.023053E-1,1E0,4.0267378E-1,8.004982E-1,2.3419952E-2,9.900665E-2,-1.4243699E-2,-3.7849427E-3,3.116862E-3,1.2576294E-2],"split_indices":[0,0,0,0,0,0,0,0,0,0,0,0,0,0,0],"split_type":[0,0,0,0,0,0,0,0,0,0,0,0,0,0,0],"sum_hessian":[9E0,2E0,7E0,1E0,1E0,5E0,2E0,2E0,3E0,1E0,1E0,1E0,1E0,2E0,1E0],"tree_param":{"num_deleted":"0","num_feature":"2","num_nodes":"15","size_leaf_vector":"1"}},{"base_weights":[-6.1589815E-2,-9.752324E-1,2.887249E-1,-1.16537474E-1,-2.9747391E-2,-2.7186077E-3,7.753703E-1,-1.1418152E-1,8.155823E-2,2.224884E-2,9.40567E-2,-1.3531494E-2,-3.5957338E-3,2.9093425E-3,1.1947632E-2],"categories":[],"categories_nodes":[],"categories_segments":[],"categories_sizes":[],"default_left":[0,0,0,0,0,0,0,0,0,0,0,0,0,0,0],"id":74,"left_children":[1,3,5,-1,-1,7,9,11,13,-1,-1,-1,-1,-1,-1],"loss_changes":[3.4821985E0,3.994298E-2,1.1367452E0,0E0,0E0,6.5674886E-2,6.473744E-2,9.386614E-5,4.481487E-3,0E0,0E0,0E0,0E0,0E0,0E0],"parents":[2147483647,0,0,1,1,2,2,5,5,6,6,7,7,8,8],"right_children":[2,4,6,-1,-1,8,10,12,14,-1,-1,-1,-1,-1,-1],"split_conditions":[2.9916462E-1,1.005217E-1,9.0541714E-1,-1.16537474E-1,-2.9747391E-2,6.023053E-1,1E0,4.0267378E-1,8.004982E-1,2.224884E-2,9.40567E-2,-1.3531494E-2,-3.5957338E-3,2.9093425E-3,1.1947632E-2],"split_indices":[0,0,0,0,0,0,0,0,0,0,0,0,0,0,0],"split_type":[0,0,0,0,0,0,0,0,0,0,0,0,0,0,0],"sum_hessian":[9E0,2E0,7E0,1E0,1E0,5E0,2E0,2E0,3E0,1E0,1E0,1E0,1E0,2E0,1E0],"tree_param":{"num_deleted":"0","num_feature":"2","num_nodes":"15","size_leaf_vector":"1"}},{"base_weights":[-5.865555E-2,-9.2647046E-1,2.7410698E-1,-1.10710524E-1,-2.8260041E-2,-2.8254192E-3,7.366028E-1,-1.0846964E-1,7.7114105E-2,2.1136476E-2,8.935394E-2,-1.2854767E-2,-3.41568E-3,2.7150472E-3,1.1350251E-2],"categories":[],"categories_nodes":[],"categories_segments":[],"categories_sizes":[],"default_left":[0,0,0,0,0,0,0,0,0,0,0,0,0,0,0],"id":75,"left_children":[1,3,5,-1,-1,7,9,11,13,-1,-1,-1,-1,-1,-1],"loss_changes":[3.1417148E0,3.604746E-2,1.0267218E0,0E0,0E0,5.9035435E-2,5.8424592E-2,8.538738E-5,4.1907392E-3,0E0,0E0,0E0,0E0,0E0,0E0],"parents":[2147483647,0,0,1,1,2,2,5,5,6,6,7,7,8,8],"right_children":[2,4,6,-1,-1,8,10,12,14,-1,-1,-1,-1,-1,-1],"split_conditions":[2.9916462E-1,1.005217E-1,9.0541714E-1,-1.10710524E-1,-2.8260041E-2,6.023053E-1,1E0,4.0267378E-1,8.004982E-1,2.1136476E-2,8.935394E-2,-1.2854767E-2,-3.41568E-3,2.7150472E-3,1.1350251E-2],"split_indices":[0,0,0,0,0,0,0,0,0,0,0,0,0,0,0],"split_type":[0,0,0,0,0,0,0,0,0,0,0,0,0,0,0],"sum_hessian":[9E0,2E0,7E0,1E0,1E0,5E0,2E0,2E0,3E0,1E0,1E0,1E0,1E0,2E0,1E0],"tree_param":{"num_deleted":"0","num_feature":"2","num_nodes":"15","size_leaf_vector":"1"}},{"base_weights":[-5.5858612E-2,-8.801473E-1,2.6023197E-1,-1.0517502E-1,-2.6847078E-2,-2.910614E-3,6.9977313E-1,-1.0304514E-1,7.291794E-2,2.0079805E-2,8.488617E-2,-1.2211991E-2,-3.2447816E-3,2.5339762E-3,1.0782624E-2],"categories":[],"categories_nodes":[],"categories_segments":[],"categories_sizes":[],"default_left":[0,0,0,0,0,0,0,0,0,0,0,0,0,0,0],"id":76,"left_children":[1,3,5,-1,-1,7,9,11,13,-1,-1,-1,-1,-1,-1],"loss_changes":[2.8345413E0,3.2532215E-2,9.2733276E-1,0E0,0E0,5.3072177E-2,5.27246E-2,7.735938E-5,3.911201E-3,0E0,0E0,0E0,0E0,0E0,0E0],"parents":[2147483647,0,0,1,1,2,2,5,5,6,6,7,7,8,8],"right_children":[2,4,6,-1,-1,8,10,12,14,-1,-1,-1,-1,-1,-1],"split_conditions":[2.9916462E-1,1.005217E-1,9.0541714E-1,-1.0517502E-1,-2.6847078E-2,6.023053E-1,1E0,4.0267378E-1,8.004982E-1,2.0079805E-2,8.488617E-2,-1.2211991E-2,-3.2447816E-3,2.5339762E-3,1.0782624E-2],"split_indices":[0,0,0,0,0,0,0,0,0,0,0,0,0,0,0],"split_type":[0,0,0,0,0,0,0,0,0,0,0,0,0,0,0],"sum_hessian":[9E0,2E0,7E0,1E0,1E0,5E0,2E0,2E0,3E0,1E0,1E0,1E0,1E0,2E0,1E0],"tree_param":{"num_deleted":"0","num_feature":"2","num_nodes":"15","size_leaf_vector":"1"}},{"base_weights":[-5.319176E-2,-8.361397E-1,2.4706268E-1,-9.991627E-2,-2.5504684E-2,-2.9754639E-3,6.647847E-1,-9.789022E-2,6.895447E-2,1.9075776E-2,8.064194E-2,-1.1601257E-2,-3.0822754E-3,2.3651123E-3,1.0243225E-2],"categories":[],"categories_nodes":[],"categories_segments":[],"categories_sizes":[],"default_left":[0,0,0,0,0,0,0,0,0,0,0,0,0,0,0],"id":77,"left_children":[1,3,5,-1,-1,7,9,11,13,-1,-1,-1,-1,-1,-1],"loss_changes":[2.557415E0,2.9361248E-2,8.375497E-1,0E0,0E0,4.771324E-2,4.758513E-2,7.0434064E-5,3.6439858E-3,0E0,0E0,0E0,0E0,0E0,0E0],"parents":[2147483647,0,0,1,1,2,2,5,5,6,6,7,7,8,8],"right_children":[2,4,6,-1,-1,8,10,12,14,-1,-1,-1,-1,-1,-1],"split_conditions":[2.9916462E-1,1.005217E-1,9.0541714E-1,-9.991627E-2,-2.5504684E-2,6.023053E-1,1E0,4.0267378E-1,8.004982E-1,1.9075776E-2,8.064194E-2,-1.1601257E-2,-3.0822754E-3,2.3651123E-3,1.0243225E-2],"split_indices":[0,0,0,0,0,0,0,0,0,0,0,0,0,0,0],"split_type":[0,0,0,0,0,0,0,0,0,0,0,0,0,0,0],"sum_hessian":[9E0,2E0,7E0,1E0,1E0,5E0,2E0,2E0,3E0,1E0,1E0,1E0,1E0,2E0,1E0],"tree_param":{"num_deleted":"0","num_feature":"2","num_nodes":"15","size_leaf_vector":"1"}},{"base_weights":[-5.0649643E-2,-7.9433316E-1,2.3456287E-1,-9.492054E-2,-2.4229432E-2,-3.0225117E-3,6.31546E-1,-9.299469E-2,6.521225E-2,1.8122101E-2,7.6609805E-2,-1.1021042E-2,-2.9281618E-3,2.2074382E-3,9.731293E-3],"categories":[],"categories_nodes":[],"categories_segments":[],"categories_sizes":[],"default_left":[0,0,0,0,0,0,0,0,0,0,0,0,0,0,0],"id":78,"left_children":[1,3,5,-1,-1,7,9,11,13,-1,-1,-1,-1,-1,-1],"loss_changes":[2.3073995E0,2.649951E-2,7.5644815E-1,0E0,0E0,4.2899773E-2,4.294324E-2,6.346032E-5,3.390897E-3,0E0,0E0,0E0,0E0,0E0,0E0],"parents":[2147483647,0,0,1,1,2,2,5,5,6,6,7,7,8,8],"right_children":[2,4,6,-1,-1,8,10,12,14,-1,-1,-1,-1,-1,-1],"split_conditions":[2.9916462E-1,1.005217E-1,9.0541714E-1,-9.492054E-2,-2.4229432E-2,6.023053E-1,1E0,4.0267378E-1,8.004982E-1,1.8122101E-2,7.6609805E-2,-1.1021042E-2,-2.9281618E-3,2.2074382E-3,9.731293E-3],"split_indices":[0,0,0,0,0,0,0,0,0,0,0,0,0,0,0],"split_type":[0,0,0,0,0,0,0,0,0,0,0,0,0,0,0],"sum_hessian":[9E0,2E0,7E0,1E0,1E0,5E0,2E0,2E0,3E0,1E0,1E0,1E0,1E0,2E0,1E0],"tree_param":{"num_deleted":"0","num_feature":"2","num_nodes":"15","size_leaf_vector":"1"}},{"base_weights":[-4.8229218E-2,-7.546158E-1,2.226944E-1,-9.017449E-2,-2.3017883E-2,-3.056844E-3,5.999654E-1,-8.83433E-2,6.167221E-2,1.7215729E-2,7.277908E-2,-1.04698185E-2,-2.7816773E-3,2.0599365E-3,9.244538E-3],"categories":[],"categories_nodes":[],"categories_segments":[],"categories_sizes":[],"default_left":[0,0,0,0,0,0,0,0,0,0,0,0,0,0,0],"id":79,"left_children":[1,3,5,-1,-1,7,9,11,13,-1,-1,-1,-1,-1,-1],"loss_changes":[2.0818167E0,2.3917198E-2,6.8318915E-1,0E0,0E0,3.85714E-2,3.875971E-2,5.7345256E-5,3.1514512E-3,0E0,0E0,0E0,0E0,0E0,0E0],"parents":[2147483647,0,0,1,1,2,2,5,5,6,6,7,7,8,8],"right_children":[2,4,6,-1,-1,8,10,12,14,-1,-1,-1,-1,-1,-1],"split_conditions":[2.9916462E-1,1.005217E-1,9.0541714E-1,-9.017449E-2,-2.3017883E-2,6.023053E-1,1E0,4.0267378E-1,8.004982E-1,1.7215729E-2,7.277908E-2,-1.04698185E-2,-2.7816773E-3,2.0599365E-3,9.244538E-3],"split_indices":[0,0,0,0,0,0,0,0,0,0,0,0,0,0,0],"split_type":[0,0,0,0,0,0,0,0,0,0,0,0,0,0,0],"sum_hessian":[9E0,2E0,7E0,1E0,1E0,5E0,2E0,2E0,3E0,1E0,1E0,1E0,1E0,2E0,1E0],"tree_param":{"num_deleted":"0","num_feature":"2","num_nodes":"15","size_leaf_vector":"1"}},{"base_weights":[-4.5921706E-2,-7.168846E-1,2.114296E-1,-8.56657E-2,-2.186699E-2,-3.0771892E-3,5.699666E-1,-8.392843E-2,5.8330536E-2,1.6355133E-2,6.913986E-2,-9.946442E-3,-2.6428222E-3,1.9226074E-3,8.782196E-3],"categories":[],"categories_nodes":[],"categories_segments":[],"categories_sizes":[],"default_left":[0,0,0,0,0,0,0,0,0,0,0,0,0,0,0],"id":80,"left_children":[1,3,5,-1,-1,7,9,11,13,-1,-1,-1,-1,-1,-1],"loss_changes":[1.8783023E0,2.1584988E-2,6.17023E-1,0E0,0E0,3.4684934E-2,3.4976184E-2,5.1300973E-5,2.924513E-3,0E0,0E0,0E0,0E0,0E0,0E0],"parents":[2147483647,0,0,1,1,2,2,5,5,6,6,7,7,8,8],"right_children":[2,4,6,-1,-1,8,10,12,14,-1,-1,-1,-1,-1,-1],"split_conditions":[2.9916462E-1,1.005217E-1,9.0541714E-1,-8.56657E-2,-2.186699E-2,6.023053E-1,1E0,4.0267378E-1,8.004982E-1,1.6355133E-2,6.913986E-2,-9.946442E-3,-2.6428222E-3,1.9226074E-3,8.782196E-3],"split_indices":[0,0,0,0,0,0,0,0,0,0,0,0,0,0,0],"split_type":[0,0,0,0,0,0,0,0,0,0,0,0,0,0,0],"sum_hessian":[9E0,2E0,7E0,1E0,1E0,5E0,2E0,2E0,3E0,1E0,1E0,1E0,1E0,2E0,1E0],"tree_param":{"num_deleted":"0","num_feature":"2","num_nodes":"15","size_leaf_vector":"1"}},{"base_weights":[-4.3722533E-2,-6.8104047E-1,2.00737E-1,-8.138237E-2,-2.0773698E-2,-3.0848186E-3,5.414683E-1,-7.973226E-2,5.5171967E-2,1.5537262E-2,6.5682985E-2,-9.449005E-3,-2.5108338E-3,1.7944336E-2,8.342743E-3,5.226135E-4,2.169037E-3],"categories":[],"categories_nodes":[],"categories_segments":[],"categories_sizes":[],"default_left":[0,0,0,0,0,0,0,0,0,0,0,0,0,0,0,0,0],"id":81,"left_children":[1,3,5,-1,-1,7,9,11,13,-1,-1,-1,-1,15,-1,-1,-1],"loss_changes":[1.6946945E0,1.9478917E-2,5.572581E-1,0E0,0E0,3.1190386E-2,3.1568408E-2,4.589744E-5,2.7104858E-3,0E0,0E0,0E0,0E0,2.9571587E-5,0E0,0E0,0E0],"parents":[2147483647,0,0,1,1,2,2,5,5,6,6,7,7,8,8,13,13],"right_children":[2,4,6,-1,-1,8,10,12,14,-1,-1,-1,-1,16,-1,-1,-1],"split_conditions":[2.9916462E-1,1.005217E-1,9.0541714E-1,-8.138237E-2,-2.0773698E-2,6.023053E-1,1E0,4.0267378E-1,8.004982E-1,1.5537262E-2,6.5682985E-2,-9.449005E-3,-2.5108338E-3,7.0446026E-1,8.342743E-3,5.226135E-4,2.169037E-3],"split_indices":[0,0,0,0,0,0,0,0,0,0,0,0,0,0,0,0,0],"split_type":[0,0,0,0,0,0,0,0,0,0,0,0,0,0,0,0,0],"sum_hessian":[9E0,2E0,7E0,1E0,1E0,5E0,2E0,2E0,3E0,1E0,1E0,1E0,1E0,2E0,1E0,1E0,1E0],"tree_param":{"num_deleted":"0","num_feature":"2","num_nodes":"17","size_leaf_vector":"1"}},{"base_weights":[-4.153595E-2,-6.469879E-1,1.9070053E-1,-7.731324E-2,-1.9734954E-2,-2.9296875E-3,5.143941E-1,-7.574463E-2,5.241394E-2,1.476059E-2,6.239853E-2,-8.976745E-3,-2.3849488E-3,1.7049154E-2,7.925415E-3,4.966736E-4,2.0606995E-3],"categories":[],"categories_nodes":[],"categories_segments":[],"categories_sizes":[],"default_left":[0,0,0,0,0,0,0,0,0,0,0,0,0,0,0,0,0],"id":82,"left_children":[1,3,5,-1,-1,7,9,11,13,-1,-1,-1,-1,15,-1,-1,-1],"loss_changes":[1.5294613E0,1.7580867E-2,5.029219E-1,0E0,0E0,2.8149132E-2,2.8486371E-2,4.2241067E-5,2.4455767E-3,0E0,0E0,0E0,0E0,2.6612484E-5,0E0,0E0,0E0],"parents":[2147483647,0,0,1,1,2,2,5,5,6,6,7,7,8,8,13,13],"right_children":[2,4,6,-1,-1,8,10,12,14,-1,-1,-1,-1,16,-1,-1,-1],"split_conditions":[2.9916462E-1,1.005217E-1,9.0541714E-1,-7.731324E-2,-1.9734954E-2,6.023053E-1,1E0,4.0267378E-1,8.004982E-1,1.476059E-2,6.239853E-2,-8.976745E-3,-2.3849488E-3,7.0446026E-1,7.925415E-3,4.966736E-4,2.0606995E-3],"split_indices":[0,0,0,0,0,0,0,0,0,0,0,0,0,0,0,0,0],"split_type":[0,0,0,0,0,0,0,0,0,0,0,0,0,0,0,0,0],"sum_hessian":[9E0,2E0,7E0,1E0,1E0,5E0,2E0,2E0,3E0,1E0,1E0,1E0,1E0,2E0,1E0,1E0,1E0],"tree_param":{"num_deleted":"0","num_feature":"2","num_nodes":"17","size_leaf_vector":"1"}},{"base_weights":[-3.9458085E-2,-6.1463803E-1,1.8116665E-1,-7.344761E-2,-1.8748093E-2,-2.7834575E-3,4.8867798E-1,-7.195791E-2,4.9793243E-2,1.4022827E-2,5.9278872E-2,-8.527756E-3,-2.2659302E-3,1.6194662E-2,7.5294496E-3,4.7149658E-4,1.9577027E-3],"categories":[],"categories_nodes":[],"categories_segments":[],"categories_sizes":[],"default_left":[0,0,0,0,0,0,0,0,0,0,0,0,0,0,0,0,0],"id":83,"left_children":[1,3,5,-1,-1,7,9,11,13,-1,-1,-1,-1,15,-1,-1,-1],"loss_changes":[1.380341E0,1.5868783E-2,4.5389417E-1,0E0,0E0,2.5404803E-2,2.5706291E-2,3.7590973E-5,2.2078538E-3,0E0,0E0,0E0,0E0,2.4180568E-5,0E0,0E0,0E0],"parents":[2147483647,0,0,1,1,2,2,5,5,6,6,7,7,8,8,13,13],"right_children":[2,4,6,-1,-1,8,10,12,14,-1,-1,-1,-1,16,-1,-1,-1],"split_conditions":[2.9916462E-1,1.005217E-1,9.0541714E-1,-7.344761E-2,-1.8748093E-2,6.023053E-1,1E0,4.0267378E-1,8.004982E-1,1.4022827E-2,5.9278872E-2,-8.527756E-3,-2.2659302E-3,7.0446026E-1,7.5294496E-3,4.7149658E-4,1.9577027E-3],"split_indices":[0,0,0,0,0,0,0,0,0,0,0,0,0,0,0,0,0],"split_type":[0,0,0,0,0,0,0,0,0,0,0,0,0,0,0,0,0],"sum_hessian":[9E0,2E0,7E0,1E0,1E0,5E0,2E0,2E0,3E0,1E0,1E0,1E0,1E0,2E0,1E0,1E0,1E0],"tree_param":{"num_deleted":"0","num_feature":"2","num_nodes":"17","size_leaf_vector":"1"}},{"base_weights":[-3.7485123E-2,-5.839068E-1,1.7210865E-1,-6.97752E-2,-1.7810822E-2,-2.6435852E-3,4.6424356E-1,-6.8361916E-2,4.730606E-2,1.3321686E-2,5.6314852E-2,-8.101272E-3,-2.1530152E-3,1.5385945E-2,7.1533206E-3,4.4784546E-4,1.8600464E-3],"categories":[],"categories_nodes":[],"categories_segments":[],"categories_sizes":[],"default_left":[0,0,0,0,0,0,0,0,0,0,0,0,0,0,0,0,0],"id":84,"left_children":[1,3,5,-1,-1,7,9,11,13,-1,-1,-1,-1,15,-1,-1,-1],"loss_changes":[1.2457613E0,1.4319301E-2,4.096371E-1,0E0,0E0,2.2929577E-2,2.3199677E-2,3.3162534E-5,1.9927267E-3,0E0,0E0,0E0,0E0,2.1885673E-5,0E0,0E0,0E0],"parents":[2147483647,0,0,1,1,2,2,5,5,6,6,7,7,8,8,13,13],"right_children":[2,4,6,-1,-1,8,10,12,14,-1,-1,-1,-1,16,-1,-1,-1],"split_conditions":[2.9916462E-1,1.005217E-1,9.0541714E-1,-6.97752E-2,-1.7810822E-2,6.023053E-1,1E0,4.0267378E-1,8.004982E-1,1.3321686E-2,5.6314852E-2,-8.101272E-3,-2.1530152E-3,7.0446026E-1,7.1533206E-3,4.4784546E-4,1.8600464E-3],"split_indices":[0,0,0,0,0,0,0,0,0,0,0,0,0,0,0,0,0],"split_type":[0,0,0,0,0,0,0,0,0,0,0,0,0,0,0,0,0],"sum_hessian":[9E0,2E0,7E0,1E0,1E0,5E0,2E0,2E0,3E0,1E0,1E0,1E0,1E0,2E0,1E0,1E0,1E0],"tree_param":{"num_deleted":"0","num_feature":"2","num_nodes":"17","size_leaf_vector":"1"}},{"base_weights":[-3.5610963E-2,-5.547104E-1,1.635027E-1,-6.628647E-2,-1.692009E-2,-2.5113423E-3,4.4102988E-1,-6.494395E-2,4.494095E-2,1.265564E-2,5.349884E-2,-7.6961517E-3,-2.0454407E-3,1.461792E-2,6.795502E-3,4.257202E-4,1.7669678E-3],"categories":[],"categories_nodes":[],"categories_segments":[],"categories_sizes":[],"default_left":[0,0,0,0,0,0,0,0,0,0,0,0,0,0,0,0,0],"id":85,"left_children":[1,3,5,-1,-1,7,9,11,13,-1,-1,-1,-1,15,-1,-1,-1],"loss_changes":[1.1242946E0,1.2926161E-2,3.6969483E-1,0E0,0E0,2.0694064E-2,2.0936191E-2,2.9766E-5,1.7980635E-3,0E0,0E0,0E0,0E0,1.9631814E-5,0E0,0E0,0E0],"parents":[2147483647,0,0,1,1,2,2,5,5,6,6,7,7,8,8,13,13],"right_children":[2,4,6,-1,-1,8,10,12,14,-1,-1,-1,-1,16,-1,-1,-1],"split_conditions":[2.9916462E-1,1.005217E-1,9.0541714E-1,-6.628647E-2,-1.692009E-2,6.023053E-1,1E0,4.0267378E-1,8.004982E-1,1.265564E-2,5.349884E-2,-7.6961517E-3,-2.0454407E-3,7.0446026E-1,6.795502E-3,4.257202E-4,1.7669678E-3],"split_indices":[0,0,0,0,0,0,0,0,0,0,0,0,0,0,0,0,0],"split_type":[0,0,0,0,0,0,0,0,0,0,0,0,0,0,0,0,0],"sum_hessian":[9E0,2E0,7E0,1E0,1E0,5E0,2E0,2E0,3E0,1E0,1E0,1E0,1E0,2E0,1E0,1E0,1E0],"tree_param":{"num_deleted":"0","num_feature":"2","num_nodes":"17","size_leaf_vector":"1"}},{"base_weights":[-3.3829115E-2,-5.269737E-1,1.5532875E-1,-6.297207E-2,-1.607399E-2,-2.3854573E-3,4.1898093E-1,-6.169637E-2,4.269409E-2,1.2023163E-2,5.0823975E-2,-7.3112487E-3,-1.9432068E-3,1.3885498E-2,6.4559937E-3,4.043579E-4,1.6784668E-3],"categories":[],"categories_nodes":[],"categories_segments":[],"categories_sizes":[],"default_left":[0,0,0,0,0,0,0,0,0,0,0,0,0,0,0,0,0],"id":86,"left_children":[1,3,5,-1,-1,7,9,11,13,-1,-1,-1,-1,15,-1,-1,-1],"loss_changes":[1.014676E0,1.1667013E-2,3.3365297E-1,0E0,0E0,1.8676326E-2,1.8891573E-2,2.6755966E-5,1.6232496E-3,0E0,0E0,0E0,0E0,1.7730054E-5,0E0,0E0,0E0],"parents":[2147483647,0,0,1,1,2,2,5,5,6,6,7,7,8,8,13,13],"right_children":[2,4,6,-1,-1,8,10,12,14,-1,-1,-1,-1,16,-1,-1,-1],"split_conditions":[2.9916462E-1,1.005217E-1,9.0541714E-1,-6.297207E-2,-1.607399E-2,6.023053E-1,1E0,4.0267378E-1,8.004982E-1,1.2023163E-2,5.0823975E-2,-7.3112487E-3,-1.9432068E-3,7.0446026E-1,6.4559937E-3,4.043579E-4,1.6784668E-3],"split_indices":[0,0,0,0,0,0,0,0,0,0,0,0,0,0,0,0,0],"split_type":[0,0,0,0,0,0,0,0,0,0,0,0,0,0,0,0,0],"sum_hessian":[9E0,2E0,7E0,1E0,1E0,5E0,2E0,2E0,3E0,1E0,1E0,1E0,1E0,2E0,1E0,1E0,1E0],"tree_param":{"num_deleted":"0","num_feature":"2","num_nodes":"17","size_leaf_vector":"1"}},{"base_weights":[-3.213768E-2,-5.0062436E-1,1.4756203E-1,-5.982342E-2,-1.5270233E-2,-2.2659302E-3,3.980306E-1,-5.8614094E-2,4.0561676E-2,1.1421966E-2,4.8282623E-2,-6.945801E-3,-1.8463135E-3,1.3193767E-2,6.1332704E-3,3.845215E-4,1.5945435E-3],"categories":[],"categories_nodes":[],"categories_segments":[],"categories_sizes":[],"default_left":[0,0,0,0,0,0,0,0,0,0,0,0,0,0,0,0,0],"id":87,"left_children":[1,3,5,-1,-1,7,9,11,13,-1,-1,-1,-1,15,-1,-1,-1],"loss_changes":[9.1574234E-1,1.0530055E-2,3.0111945E-1,0E0,0E0,1.6857028E-2,1.7049551E-2,2.3768283E-5,1.4646286E-3,0E0,0E0,0E0,0E0,1.5858735E-5,0E0,0E0,0E0],"parents":[2147483647,0,0,1,1,2,2,5,5,6,6,7,7,8,8,13,13],"right_children":[2,4,6,-1,-1,8,10,12,14,-1,-1,-1,-1,16,-1,-1,-1],"split_conditions":[2.9916462E-1,1.005217E-1,9.0541714E-1,-5.982342E-2,-1.5270233E-2,6.023053E-1,1E0,4.0267378E-1,8.004982E-1,1.1421966E-2,4.8282623E-2,-6.945801E-3,-1.8463135E-3,7.0446026E-1,6.1332704E-3,3.845215E-4,1.5945435E-3],"split_indices":[0,0,0,0,0,0,0,0,0,0,0,0,0,0,0,0,0],"split_type":[0,0,0,0,0,0,0,0,0,0,0,0,0,0,0,0,0],"sum_hessian":[9E0,2E0,7E0,1E0,1E0,5E0,2E0,2E0,3E0,1E0,1E0,1E0,1E0,2E0,1E0,1E0,1E0],"tree_param":{"num_deleted":"0","num_feature":"2","num_nodes":"17","size_leaf_vector":"1"}},{"base_weights":[-3.053093E-2,-4.7559485E-1,1.401844E-1,-5.6832314E-2,-1.4506913E-2,-2.1514893E-3,3.7812805E-1,-5.5684406E-2,3.853607E-2,1.0850525E-2,4.5868684E-2,-6.5986635E-3,-1.7539979E-3,1.2537639E-2,5.8265687E-3,3.65448E-4,1.5151978E-3],"categories":[],"categories_nodes":[],"categories_segments":[],"categories_sizes":[],"default_left":[0,0,0,0,0,0,0,0,0,0,0,0,0,0,0,0,0],"id":88,"left_children":[1,3,5,-1,-1,7,9,11,13,-1,-1,-1,-1,15,-1,-1,-1],"loss_changes":[8.2646334E-1,9.5011E-3,2.7175692E-1,0E0,0E0,1.52146015E-2,1.5391529E-2,2.1513551E-5,1.3212422E-3,0E0,0E0,0E0,0E0,1.4298159E-5,0E0,0E0,0E0],"parents":[2147483647,0,0,1,1,2,2,5,5,6,6,7,7,8,8,13,13],"right_children":[2,4,6,-1,-1,8,10,12,14,-1,-1,-1,-1,16,-1,-1,-1],"split_conditions":[2.9916462E-1,1.005217E-1,9.0541714E-1,-5.6832314E-2,-1.4506913E-2,6.023053E-1,1E0,4.0267378E-1,8.004982E-1,1.0850525E-2,4.5868684E-2,-6.5986635E-3,-1.7539979E-3,7.0446026E-1,5.8265687E-3,3.65448E-4,1.5151978E-3],"split_indices":[0,0,0,0,0,0,0,0,0,0,0,0,0,0,0,0,0],"split_type":[0,0,0,0,0,0,0,0,0,0,0,0,0,0,0,0,0],"sum_hessian":[9E0,2E0,7E0,1E0,1E0,5E0,2E0,2E0,3E0,1E0,1E0,1E0,1E0,2E0,1E0,1E0,1E0],"tree_param":{"num_deleted":"0","num_feature":"2","num_nodes":"17","size_leaf_vector":"1"}},{"base_weights":[-2.9004287E-2,-4.5181656E-1,1.3317585E-1,-5.3990748E-2,-1.37817385E-2,-2.0434062E-3,3.592224E-1,-5.2899677E-2,3.660965E-2,1.0308075E-2,4.3575287E-2,-6.268692E-3,-1.6662598E-3,1.1912028E-2,5.5351257E-3,3.4713745E-4,1.4396667E-3],"categories":[],"categories_nodes":[],"categories_segments":[],"categories_sizes":[],"default_left":[0,0,0,0,0,0,0,0,0,0,0,0,0,0,0,0,0],"id":89,"left_children":[1,3,5,-1,-1,7,9,11,13,-1,-1,-1,-1,15,-1,-1,-1],"loss_changes":[7.458886E-1,8.572817E-3,2.4526085E-1,0E0,0E0,1.373114E-2,1.3890177E-2,1.945626E-5,1.1921469E-3,0E0,0E0,0E0,0E0,1.29397085E-5,0E0,0E0,0E0],"parents":[2147483647,0,0,1,1,2,2,5,5,6,6,7,7,8,8,13,13],"right_children":[2,4,6,-1,-1,8,10,12,14,-1,-1,-1,-1,16,-1,-1,-1],"split_conditions":[2.9916462E-1,1.005217E-1,9.0541714E-1,-5.3990748E-2,-1.37817385E-2,6.023053E-1,1E0,4.0267378E-1,8.004982E-1,1.0308075E-2,4.3575287E-2,-6.268692E-3,-1.6662598E-3,7.0446026E-1,5.5351257E-3,3.4713745E-4,1.4396667E-3],"split_indices":[0,0,0,0,0,0,0,0,0,0,0,0,0,0,0,0,0],"split_type":[0,0,0,0,0,0,0,0,0,0,0,0,0,0,0,0,0],"sum_hessian":[9E0,2E0,7E0,1E0,1E0,5E0,2E0,2E0,3E0,1E0,1E0,1E0,1E0,2E0,1E0,1E0,1E0],"tree_param":{"num_deleted":"0","num_feature":"2","num_nodes":"17","size_leaf_vector":"1"}},{"base_weights":[-2.7555848E-2,-4.292272E-1,1.2651539E-1,-5.1291276E-2,-1.3092804E-2,-1.9416809E-3,3.4125772E-1,-5.025482E-2,3.4778595E-2,9.792328E-3,4.139633E-2,-5.955124E-3,-1.5830994E-3,1.13169355E-2,5.258179E-3,3.2958985E-4,1.3679505E-3],"categories":[],"categories_nodes":[],"categories_segments":[],"categories_sizes":[],"default_left":[0,0,0,0,0,0,0,0,0,0,0,0,0,0,0,0,0],"id":90,"left_children":[1,3,5,-1,-1,7,9,11,13,-1,-1,-1,-1,15,-1,-1,-1],"loss_changes":[6.7316383E-1,7.735312E-3,2.2134398E-1,0E0,0E0,1.2392223E-2,1.2538701E-2,1.7299782E-5,1.075705E-3,0E0,0E0,0E0,0E0,1.1764496E-5,0E0,0E0,0E0],"parents":[2147483647,0,0,1,1,2,2,5,5,6,6,7,7,8,8,13,13],"right_children":[2,4,6,-1,-1,8,10,12,14,-1,-1,-1,-1,16,-1,-1,-1],"split_conditions":[2.9916462E-1,1.005217E-1,9.0541714E-1,-5.1291276E-2,-1.3092804E-2,6.023053E-1,1E0,4.0267378E-1,8.004982E-1,9.792328E-3,4.139633E-2,-5.955124E-3,-1.5830994E-3,7.0446026E-1,5.258179E-3,3.2958985E-4,1.3679505E-3],"split_indices":[0,0,0,0,0,0,0,0,0,0,0,0,0,0,0,0,0],"split_type":[0,0,0,0,0,0,0,0,0,0,0,0,0,0,0,0,0],"sum_hessian":[9E0,2E0,7E0,1E0,1E0,5E0,2E0,2E0,3E0,1E0,1E0,1E0,1E0,2E0,1E0,1E0,1E0],"tree_param":{"num_deleted":"0","num_feature":"2","num_nodes":"17","size_leaf_vector":"1"}},{"base_weights":[-2.6179504E-2,-4.0776572E-1,1.2018776E-1,-4.8726656E-2,-1.2438202E-2,-1.8463135E-3,3.2419333E-1,-4.7739666E-2,3.303528E-2,9.302521E-3,3.9326478E-2,-5.657196E-3,-1.5037537E-3,1.0747273E-2,4.9949647E-3,3.1280518E-4,1.2992859E-3],"categories":[],"categories_nodes":[],"categories_segments":[],"categories_sizes":[],"default_left":[0,0,0,0,0,0,0,0,0,0,0,0,0,0,0,0,0],"id":91,"left_children":[1,3,5,-1,-1,7,9,11,13,-1,-1,-1,-1,15,-1,-1,-1],"loss_changes":[6.0752577E-1,6.9805086E-3,1.997636E-1,0E0,0E0,1.1182092E-2,1.1317819E-2,1.580175E-5,9.711273E-4,0E0,0E0,0E0,0E0,1.068649E-5,0E0,0E0,0E0],"parents":[2147483647,0,0,1,1,2,2,5,5,6,6,7,7,8,8,13,13],"right_children":[2,4,6,-1,-1,8,10,12,14,-1,-1,-1,-1,16,-1,-1,-1],"split_conditions":[2.9916462E-1,1.005217E-1,9.0541714E-1,-4.8726656E-2,-1.2438202E-2,6.023053E-1,1E0,4.0267378E-1,8.004982E-1,9.302521E-3,3.9326478E-2,-5.657196E-3,-1.5037537E-3,7.0446026E-1,4.9949647E-3,3.1280518E-4,1.2992859E-3],"split_indices":[0,0,0,0,0,0,0,0,0,0,0,0,0,0,0,0,0],"split_type":[0,0,0,0,0,0,0,0,0,0,0,0,0,0,0,0,0],"sum_hessian":[9E0,2E0,7E0,1E0,1E0,5E0,2E0,2E0,3E0,1E0,1E0,1E0,1E0,2E0,1E0,1E0,1E0],"tree_param":{"num_deleted":"0","num_feature":"2","num_nodes":"17","size_leaf_vector":"1"}},{"base_weights":[-2.4868393E-2,-3.873787E-1,1.1418152E-1,-4.6290398E-2,-1.1816407E-2,-1.7496744E-3,3.079834E-1,-4.534912E-2,3.138733E-2,8.837128E-3,3.736038E-2,-5.3741457E-3,-1.4282226E-3,1.0213216E-2,4.7454834E-3,2.975464E-4,1.2344361E-3],"categories":[],"categories_nodes":[],"categories_segments":[],"categories_sizes":[],"default_left":[0,0,0,0,0,0,0,0,0,0,0,0,0,0,0,0,0],"id":92,"left_children":[1,3,5,-1,-1,7,9,11,13,-1,-1,-1,-1,15,-1,-1,-1],"loss_changes":[5.483017E-1,6.2989295E-3,1.8028031E-1,0E0,0E0,1.0091918E-2,1.0217279E-2,1.4623627E-5,8.7619433E-4,0E0,0E0,0E0,0E0,9.543874E-6,0E0,0E0,0E0],"parents":[2147483647,0,0,1,1,2,2,5,5,6,6,7,7,8,8,13,13],"right_children":[2,4,6,-1,-1,8,10,12,14,-1,-1,-1,-1,16,-1,-1,-1],"split_conditions":[2.9916462E-1,1.005217E-1,9.0541714E-1,-4.6290398E-2,-1.1816407E-2,6.023053E-1,1E0,4.0267378E-1,8.004982E-1,8.837128E-3,3.736038E-2,-5.3741457E-3,-1.4282226E-3,7.0446026E-1,4.7454834E-3,2.975464E-4,1.2344361E-3],"split_indices":[0,0,0,0,0,0,0,0,0,0,0,0,0,0,0,0,0],"split_type":[0,0,0,0,0,0,0,0,0,0,0,0,0,0,0,0,0],"sum_hessian":[9E0,2E0,7E0,1E0,1E0,5E0,2E0,2E0,3E0,1E0,1E0,1E0,1E0,2E0,1E0,1E0,1E0],"tree_param":{"num_deleted":"0","num_feature":"2","num_nodes":"17","size_leaf_vector":"1"}},{"base_weights":[-2.362442E-2,-3.6800894E-1,1.08472824E-1,-4.397583E-2,-1.1225509E-2,-1.663208E-3,2.9258728E-1,-4.3080647E-2,2.9815674E-2,8.395386E-3,3.5492707E-2,-5.105591E-3,-1.3565064E-3,9.699504E-3,4.5082094E-3,2.822876E-4,1.1726379E-3],"categories":[],"categories_nodes":[],"categories_segments":[],"categories_sizes":[],"default_left":[0,0,0,0,0,0,0,0,0,0,0,0,0,0,0,0,0],"id":93,"left_children":[1,3,5,-1,-1,7,9,11,13,-1,-1,-1,-1,15,-1,-1,-1],"loss_changes":[4.948414E-1,5.685419E-3,1.6270773E-1,0E0,0E0,9.107126E-3,9.220988E-3,1.36070885E-5,7.911334E-4,0E0,0E0,0E0,0E0,8.712086E-6,0E0,0E0,0E0],"parents":[2147483647,0,0,1,1,2,2,5,5,6,6,7,7,8,8,13,13],"right_children":[2,4,6,-1,-1,8,10,12,14,-1,-1,-1,-1,16,-1,-1,-1],"split_conditions":[2.9916462E-1,1.005217E-1,9.0541714E-1,-4.397583E-2,-1.1225509E-2,6.023053E-1,1E0,4.0267378E-1,8.004982E-1,8.395386E-3,3.5492707E-2,-5.105591E-3,-1.3565064E-3,7.0446026E-1,4.5082094E-3,2.822876E-4,1.1726379E-3],"split_indices":[0,0,0,0,0,0,0,0,0,0,0,0,0,0,0,0,0],"split_type":[0,0,0,0,0,0,0,0,0,0,0,0,0,0,0,0,0],"sum_hessian":[9E0,2E0,7E0,1E0,1E0,5E0,2E0,2E0,3E0,1E0,1E0,1E0,1E0,2E0,1E0,1E0,1E0],"tree_param":{"num_deleted":"0","num_feature":"2","num_nodes":"17","size_leaf_vector":"1"}},{"base_weights":[-2.2441864E-2,-3.4960938E-1,1.03051186E-1,-4.177704E-2,-1.0664368E-2,-1.5780131E-3,2.779592E-1,-4.0926617E-2,2.8327942E-2,7.975769E-3,3.371811E-2,-4.8503876E-3,-1.2886048E-3,9.216309E-3,4.2831423E-3,2.685547E-4,1.1138916E-3],"categories":[],"categories_nodes":[],"categories_segments":[],"categories_sizes":[],"default_left":[0,0,0,0,0,0,0,0,0,0,0,0,0,0,0,0,0],"id":94,"left_children":[1,3,5,-1,-1,7,9,11,13,-1,-1,-1,-1,15,-1,-1,-1],"loss_changes":[4.4660014E-1,5.129814E-3,1.468425E-1,0E0,0E0,8.219912E-3,8.320838E-3,1.2388919E-5,7.139931E-4,0E0,0E0,0E0,0E0,7.754192E-6,0E0,0E0,0E0],"parents":[2147483647,0,0,1,1,2,2,5,5,6,6,7,7,8,8,13,13],"right_children":[2,4,6,-1,-1,8,10,12,14,-1,-1,-1,-1,16,-1,-1,-1],"split_conditions":[2.9916462E-1,1.005217E-1,9.0541714E-1,-4.177704E-2,-1.0664368E-2,6.023053E-1,1E0,4.0267378E-1,8.004982E-1,7.975769E-3,3.371811E-2,-4.8503876E-3,-1.2886048E-3,7.0446026E-1,4.2831423E-3,2.685547E-4,1.1138916E-3],"split_indices":[0,0,0,0,0,0,0,0,0,0,0,0,0,0,0,0,0],"split_type":[0,0,0,0,0,0,0,0,0,0,0,0,0,0,0,0,0],"sum_hessian":[9E0,2E0,7E0,1E0,1E0,5E0,2E0,2E0,3E0,1E0,1E0,1E0,1E0,2E0,1E0,1E0,1E0],"tree_param":{"num_deleted":"0","num_feature":"2","num_nodes":"17","size_leaf_vector":"1"}},{"base_weights":[-2.1321869E-2,-3.321279E-1,9.789562E-2,-3.968811E-2,-1.0131073E-2,-1.5017191E-3,2.6405844E-1,-3.888194E-2,2.6908875E-2,7.576752E-3,3.2032013E-2,-4.607773E-3,-1.2245178E-3,8.753459E-3,4.068756E-3,2.548218E-4,1.058197E-3],"categories":[],"categories_nodes":[],"categories_segments":[],"categories_sizes":[],"default_left":[0,0,0,0,0,0,0,0,0,0,0,0,0,0,0,0,0],"id":95,"left_children":[1,3,5,-1,-1,7,9,11,13,-1,-1,-1,-1,15,-1,-1,-1],"loss_changes":[4.03049E-1,4.6301484E-3,1.3252568E-1,0E0,0E0,7.418234E-3,7.510826E-3,1.0787509E-5,6.4447406E-4,0E0,0E0,0E0,0E0,7.0739043E-6,0E0,0E0,0E0],"parents":[2147483647,0,0,1,1,2,2,5,5,6,6,7,7,8,8,13,13],"right_children":[2,4,6,-1,-1,8,10,12,14,-1,-1,-1,-1,16,-1,-1,-1],"split_conditions":[2.9916462E-1,1.005217E-1,9.0541714E-1,-3.968811E-2,-1.0131073E-2,6.023053E-1,1E0,4.0267378E-1,8.004982E-1,7.576752E-3,3.2032013E-2,-4.607773E-3,-1.2245178E-3,7.0446026E-1,4.068756E-3,2.548218E-4,1.058197E-3],"split_indices":[0,0,0,0,0,0,0,0,0,0,0,0,0,0,0,0,0],"split_type":[0,0,0,0,0,0,0,0,0,0,0,0,0,0,0,0,0],"sum_hessian":[9E0,2E0,7E0,1E0,1E0,5E0,2E0,2E0,3E0,1E0,1E0,1E0,1E0,2E0,1E0,1E0,1E0],"tree_param":{"num_deleted":"0","num_feature":"2","num_nodes":"17","size_leaf_vector":"1"}},{"base_weights":[-2.0256806E-2,-3.1552124E-1,9.299946E-2,-3.7703704E-2,-9.624481E-3,-1.4279684E-3,2.508545E-1,-3.6938984E-2,2.5562286E-2,7.197571E-3,3.0430604E-2,-4.377365E-3,-1.1634827E-3,8.31604E-3,3.8650513E-3,2.4185181E-4,1.0055542E-3],"categories":[],"categories_nodes":[],"categories_segments":[],"categories_sizes":[],"default_left":[0,0,0,0,0,0,0,0,0,0,0,0,0,0,0,0,0],"id":96,"left_children":[1,3,5,-1,-1,7,9,11,13,-1,-1,-1,-1,15,-1,-1,-1],"loss_changes":[3.6374876E-1,4.1790307E-3,1.1960497E-1,0E0,0E0,6.694953E-3,6.7813993E-3,9.5376745E-6,5.8147195E-4,0E0,0E0,0E0,0E0,6.456743E-6,0E0,0E0,0E0],"parents":[2147483647,0,0,1,1,2,2,5,5,6,6,7,7,8,8,13,13],"right_children":[2,4,6,-1,-1,8,10,12,14,-1,-1,-1,-1,16,-1,-1,-1],"split_conditions":[2.9916462E-1,1.005217E-1,9.0541714E-1,-3.7703704E-2,-9.624481E-3,6.023053E-1,1E0,4.0267378E-1,8.004982E-1,7.197571E-3,3.0430604E-2,-4.377365E-3,-1.1634827E-3,7.0446026E-1,3.8650513E-3,2.4185181E-4,1.0055542E-3],"split_indices":[0,0,0,0,0,0,0,0,0,0,0,0,0,0,0,0,0],"split_type":[0,0,0,0,0,0,0,0,0,0,0,0,0,0,0,0,0],"sum_hessian":[9E0,2E0,7E0,1E0,1E0,5E0,2E0,2E0,3E0,1E0,1E0,1E0,1E0,2E0,1E0,1E0,1E0],"tree_param":{"num_deleted":"0","num_feature":"2","num_nodes":"17","size_leaf_vector":"1"}},{"base_weights":[-1.9244384E-2,-2.997462E-1,8.834934E-2,-3.5818484E-2,-9.143448E-3,-1.3567606E-3,2.3831177E-1,-3.509267E-2,2.4284363E-2,6.8374635E-3,2.8909301E-2,-4.1584014E-3,-1.1054993E-3,7.898967E-3,3.6720277E-3,2.2964478E-4,9.5520023E-4],"categories":[],"categories_nodes":[],"categories_segments":[],"categories_sizes":[],"default_left":[0,0,0,0,0,0,0,0,0,0,0,0,0,0,0,0,0],"id":97,"left_children":[1,3,5,-1,-1,7,9,11,13,-1,-1,-1,-1,15,-1,-1,-1],"loss_changes":[3.2828474E-1,3.7699044E-3,1.07943684E-1,0E0,0E0,6.0423627E-3,6.1222315E-3,8.399598E-6,5.2501704E-4,0E0,0E0,0E0,0E0,5.847818E-6,0E0,0E0,0E0],"parents":[2147483647,0,0,1,1,2,2,5,5,6,6,7,7,8,8,13,13],"right_children":[2,4,6,-1,-1,8,10,12,14,-1,-1,-1,-1,16,-1,-1,-1],"split_conditions":[2.9916462E-1,1.005217E-1,9.0541714E-1,-3.5818484E-2,-9.143448E-3,6.023053E-1,1E0,4.0267378E-1,8.004982E-1,6.8374635E-3,2.8909301E-2,-4.1584014E-3,-1.1054993E-3,7.0446026E-1,3.6720277E-3,2.2964478E-4,9.5520023E-4],"split_indices":[0,0,0,0,0,0,0,0,0,0,0,0,0,0,0,0,0],"split_type":[0,0,0,0,0,0,0,0,0,0,0,0,0,0,0,0,0],"sum_hessian":[9E0,2E0,7E0,1E0,1E0,5E0,2E0,2E0,3E0,1E0,1E0,1E0,1E0,2E0,1E0,1E0,1E0],"tree_param":{"num_deleted":"0","num_feature":"2","num_nodes":"17","size_leaf_vector":"1"}},{"base_weights":[-1.8284608E-2,-2.8475952E-1,8.392906E-2,-3.4027483E-2,-8.6864475E-3,-1.2919108E-3,2.2639465E-1,-3.3340454E-2,2.3067474E-2,6.4956667E-3,2.7463531E-2,-3.9505004E-3,-1.0505676E-3,7.502238E-3,3.4881593E-3,2.1820069E-4,9.07135E-4],"categories":[],"categories_nodes":[],"categories_segments":[],"categories_sizes":[],"default_left":[0,0,0,0,0,0,0,0,0,0,0,0,0,0,0,0,0],"id":98,"left_children":[1,3,5,-1,-1,7,9,11,13,-1,-1,-1,-1,15,-1,-1,-1],"loss_changes":[2.962734E-1,3.4008026E-3,9.742093E-2,0E0,0E0,5.4531773E-3,5.524233E-3,7.271534E-6,4.738681E-4,0E0,0E0,0E0,0E0,5.2503747E-6,0E0,0E0,0E0],"parents":[2147483647,0,0,1,1,2,2,5,5,6,6,7,7,8,8,13,13],"right_children":[2,4,6,-1,-1,8,10,12,14,-1,-1,-1,-1,16,-1,-1,-1],"split_conditions":[2.9916462E-1,1.005217E-1,9.0541714E-1,-3.4027483E-2,-8.6864475E-3,6.023053E-1,1E0,4.0267378E-1,8.004982E-1,6.4956667E-3,2.7463531E-2,-3.9505004E-3,-1.0505676E-3,7.0446026E-1,3.4881593E-3,2.1820069E-4,9.07135E-4],"split_indices":[0,0,0,0,0,0,0,0,0,0,0,0,0,0,0,0,0],"split_type":[0,0,0,0,0,0,0,0,0,0,0,0,0,0,0,0,0],"sum_hessian":[9E0,2E0,7E0,1E0,1E0,5E0,2E0,2E0,3E0,1E0,1E0,1E0,1E0,2E0,1E0,1E0,1E0],"tree_param":{"num_deleted":"0","num_feature":"2","num_nodes":"17","size_leaf_vector":"1"}},{"base_weights":[-1.7369842E-2,-2.7052054E-1,7.9732895E-2,-3.232613E-2,-8.251953E-3,-1.2257894E-3,2.1507263E-1,-3.167216E-2,2.1915436E-2,6.170654E-3,2.609024E-2,-3.7528991E-3,-9.979248E-4,7.130941E-3,3.3134462E-3,2.0751954E-4,8.621216E-4],"categories":[],"categories_nodes":[],"categories_segments":[],"categories_sizes":[],"default_left":[0,0,0,0,0,0,0,0,0,0,0,0,0,0,0,0,0],"id":99,"left_children":[1,3,5,-1,-1,7,9,11,13,-1,-1,-1,-1,15,-1,-1,-1],"loss_changes":[2.673856E-1,3.070563E-3,8.791906E-2,0E0,0E0,4.921507E-3,4.9868077E-3,6.6440552E-6,4.2719045E-4,0E0,0E0,0E0,0E0,4.7126523E-6,0E0,0E0,0E0],"parents":[2147483647,0,0,1,1,2,2,5,5,6,6,7,7,8,8,13,13],"right_children":[2,4,6,-1,-1,8,10,12,14,-1,-1,-1,-1,16,-1,-1,-1],"split_conditions":[2.9916462E-1,1.005217E-1,9.0541714E-1,-3.232613E-2,-8.251953E-3,6.023053E-1,1E0,4.0267378E-1,8.004982E-1,6.170654E-3,2.609024E-2,-3.7528991E-3,-9.979248E-4,7.0446026E-1,3.3134462E-3,2.0751954E-4,8.621216E-4],"split_indices":[0,0,0,0,0,0,0,0,0,0,0,0,0,0,0,0,0],"split_type":[0,0,0,0,0,0,0,0,0,0,0,0,0,0,0,0,0],"sum_hessian":[9E0,2E0,7E0,1E0,1E0,5E0,2E0,2E0,3E0,1E0,1E0,1E0,1E0,2E0,1E0,1E0,1E0],"tree_param":{"num_deleted":"0","num_feature":"2","num_nodes":"17","size_leaf_vector":"1"}}]},"name":"gbtree"},"learner_model_param":{"base_score":"1.6686667E2","boost_from_average":"1","num_class":"0","num_feature":"2","num_target":"1"},"objective":{"name":"reg:squarederror","reg_loss_param":{"scale_pos_weight":"1"}}},"version":[2,0,1]}