{"model_name": "KNeighborsRegressorTrainer_0", "trainer": "KNeighborsRegressorTrainer", "model_class": "scikit", "model_file": "KNeighborsRegressorTrainer_0.json", "features": ["bpf_block_irq", "bpf_net_rx_irq", "bpf_net_tx_irq", "cache_miss", "cpu_cycles", "cpu_instructions"], "fe_files": [], "output_type": "AbsPower", "mae": 5.93, "mape": -1, "node_type": 0, "machine_spec": {"processor": "11th_gen_intel_core", "cores": 8, "chips": 1, "memory": 31, "frequency": 4800}, "package_mae": 5.93, "core_mae": 4.74, "uncore_mae": 1.18, "dram_mae": 0.0, "package_mape": 41.89, "core_mape": 58.7, "uncore_mape": 847.97, "dram_mape": -1}