{"package": {"All_Weights": {"Categorical_Variables": {}, "Numerical_Variables": {"bpf_block_irq": {"scale": 1.0}, "bpf_net_rx_irq": {"scale": 3077.3333333333335}, "bpf_net_tx_irq": {"scale": 1.0}, "cache_miss": {"scale": 47758890482.0}, "cpu_cycles": {"scale": 296920248053.6667}, "cpu_instructions": {"scale": 365426866197.0}}, "CurveFit_Weights": [73.48147826038043, 104.77007410922288, 48.64330340864094]}}, "core": {"All_Weights": {"Categorical_Variables": {}, "Numerical_Variables": {"bpf_block_irq": {"scale": 1.0}, "bpf_net_rx_irq": {"scale": 3077.3333333333335}, "bpf_net_tx_irq": {"scale": 1.0}, "cache_miss": {"scale": 47758890482.0}, "cpu_cycles": {"scale": 296920248053.6667}, "cpu_instructions": {"scale": 365426866197.0}}, "CurveFit_Weights": [0.0, 1.0, 0.0]}}, "uncore": {"All_Weights": {"Categorical_Variables": {}, "Numerical_Variables": {"bpf_block_irq": {"scale": 1.0}, "bpf_net_rx_irq": {"scale": 3077.3333333333335}, "bpf_net_tx_irq": {"scale": 1.0}, "cache_miss": {"scale": 47758890482.0}, "cpu_cycles": {"scale": 296920248053.6667}, "cpu_instructions": {"scale": 365426866197.0}}, "CurveFit_Weights": [0.0, 1.0, 0.0]}}, "dram": {"All_Weights": {"Categorical_Variables": {}, "Numerical_Variables": {"bpf_block_irq": {"scale": 1.0}, "bpf_net_rx_irq": {"scale": 3077.3333333333335}, "bpf_net_tx_irq": {"scale": 1.0}, "cache_miss": {"scale": 47758890482.0}, "cpu_cycles": {"scale": 296920248053.6667}, "cpu_instructions": {"scale": 365426866197.0}}, "CurveFit_Weights": [2.1102279372303356, 557.3813065274353, 12.486238335938161]}}}