{"package": {"All_Weights": {"Categorical_Variables": {}, "Numerical_Variables": {"bpf_block_irq": {"scale": 1.0}, "bpf_net_rx_irq": {"scale": 3337.333333333333}, "bpf_net_tx_irq": {"scale": 3.3333333333333335}, "cache_miss": {"scale": 33356886487.666668}, "cpu_cycles": {"scale": 193692353461.00003}, "cpu_instructions": {"scale": 224635433702.66666}}, "CurveFit_Weights": [58.98958561756894, 20.116376851200197, 46.777949678849104]}}, "core": {"All_Weights": {"Categorical_Variables": {}, "Numerical_Variables": {"bpf_block_irq": {"scale": 1.0}, "bpf_net_rx_irq": {"scale": 3337.333333333333}, "bpf_net_tx_irq": {"scale": 3.3333333333333335}, "cache_miss": {"scale": 33356886487.666668}, "cpu_cycles": {"scale": 193692353461.00003}, "cpu_instructions": {"scale": 224635433702.66666}}, "CurveFit_Weights": [0.0, 1.0, 0.0]}}, "uncore": {"All_Weights": {"Categorical_Variables": {}, "Numerical_Variables": {"bpf_block_irq": {"scale": 1.0}, "bpf_net_rx_irq": {"scale": 3337.333333333333}, "bpf_net_tx_irq": {"scale": 3.3333333333333335}, "cache_miss": {"scale": 33356886487.666668}, "cpu_cycles": {"scale": 193692353461.00003}, "cpu_instructions": {"scale": 224635433702.66666}}, "CurveFit_Weights": [0.0, 1.0, 0.0]}}, "dram": {"All_Weights": {"Categorical_Variables": {}, "Numerical_Variables": {"bpf_block_irq": {"scale": 1.0}, "bpf_net_rx_irq": {"scale": 3337.333333333333}, "bpf_net_tx_irq": {"scale": 3.3333333333333335}, "cache_miss": {"scale": 33356886487.666668}, "cpu_cycles": {"scale": 193692353461.00003}, "cpu_instructions": {"scale": 224635433702.66666}}, "CurveFit_Weights": [1.8746986080811687, 26211026.99922217, -3.7898063761317666]}}}