{"package": {"All_Weights": {"Bias_Weight": 382.7172540529316, "Categorical_Variables": {}, "Numerical_Variables": {"kubelet_cpu_usage": {"mean": 2.7841174507841173, "variance": 4.773214544763872, "weight": 41.061456257812004}, "kubelet_memory_bytes": {"mean": 11109562.896229563, "variance": 6570417164165793.0, "weight": -3.8080982435142117}}}}, "core": {"All_Weights": {"Bias_Weight": 0.0, "Categorical_Variables": {}, "Numerical_Variables": {"kubelet_cpu_usage": {"mean": 2.7841174507841173, "variance": 4.773214544763872, "weight": 0.0}, "kubelet_memory_bytes": {"mean": 11109562.896229563, "variance": 6570417164165793.0, "weight": 0.0}}}}, "uncore": {"All_Weights": {"Bias_Weight": 0.0, "Categorical_Variables": {}, "Numerical_Variables": {"kubelet_cpu_usage": {"mean": 2.7841174507841173, "variance": 4.773214544763872, "weight": 0.0}, "kubelet_memory_bytes": {"mean": 11109562.896229563, "variance": 6570417164165793.0, "weight": 0.0}}}}, "dram": {"All_Weights": {"Bias_Weight": 156.9791913752529, "Categorical_Variables": {}, "Numerical_Variables": {"kubelet_cpu_usage": {"mean": 2.7841174507841173, "variance": 4.773214544763872, "weight": 0.10233239096585613}, "kubelet_memory_bytes": {"mean": 11109562.896229563, "variance": 6570417164165793.0, "weight": 0.43477765436822124}}}}}