{"learner":{"attributes":{"scikit_learn":"{\"_estimator_type\": \"regressor\"}"},"feature_names":[],"feature_types":[],"gradient_booster":{"model":{"gbtree_model_param":{"num_parallel_tree":"1","num_trees":"100"},"iteration_indptr":[0,1,2,3,4,5,6,7,8,9,10,11,12,13,14,15,16,17,18,19,20,21,22,23,24,25,26,27,28,29,30,31,32,33,34,35,36,37,38,39,40,41,42,43,44,45,46,47,48,49,50,51,52,53,54,55,56,57,58,59,60,61,62,63,64,65,66,67,68,69,70,71,72,73,74,75,76,77,78,79,80,81,82,83,84,85,86,87,88,89,90,91,92,93,94,95,96,97,98,99,100],"tree_info":[0,0,0,0,0,0,0,0,0,0,0,0,0,0,0,0,0,0,0,0,0,0,0,0,0,0,0,0,0,0,0,0,0,0,0,0,0,0,0,0,0,0,0,0,0,0,0,0,0,0,0,0,0,0,0,0,0,0,0,0,0,0,0,0,0,0,0,0,0,0,0,0,0,0,0,0,0,0,0,0,0,0,0,0,0,0,0,0,0,0,0,0,0,0,0,0,0,0,0,0],"trees":[{"base_weights":[-1.5258789E-6,-6.1962963E1,7.435555E1,-6.904445E0,-1.3277779E0,1.9222221E0,8.333333E0],"categories":[],"categories_nodes":[],"categories_segments":[],"categories_sizes":[],"default_left":[0,0,0,0,0,0,0],"id":0,"left_children":[1,3,5,-1,-1,-1,-1],"loss_changes":[5.0680195E4,1.1518242E3,8.730215E2,0E0,0E0,0E0,0E0],"parents":[2147483647,0,0,1,1,2,2],"right_children":[2,4,6,-1,-1,-1,-1],"split_conditions":[7.021164E-1,5.027162E-1,8.0143994E-1,-6.904445E0,-1.3277779E0,1.9222221E0,8.333333E0],"split_indices":[0,0,0,0,0,0,0],"split_type":[0,0,0,0,0,0,0],"sum_hessian":[9E0,5E0,4E0,4E0,1E0,1E0,3E0],"tree_param":{"num_deleted":"0","num_feature":"2","num_nodes":"7","size_leaf_vector":"1"}},{"base_weights":[2.023346E-1,-5.7138702E1,6.8971115E1,-6.3520885E0,-1.2613891E0,1.8261108E0,7.7083335E0],"categories":[],"categories_nodes":[],"categories_segments":[],"categories_sizes":[],"default_left":[0,0,0,0,0,0,0],"id":1,"left_children":[1,3,5,-1,-1,-1,-1],"loss_changes":[4.3373652E4,9.0374805E2,6.4922656E2,0E0,0E0,0E0,0E0],"parents":[2147483647,0,0,1,1,2,2],"right_children":[2,4,6,-1,-1,-1,-1],"split_conditions":[7.021164E-1,5.027162E-1,8.0143994E-1,-6.3520885E0,-1.2613891E0,1.8261108E0,7.7083335E0],"split_indices":[0,0,0,0,0,0,0],"split_type":[0,0,0,0,0,0,0],"sum_hessian":[9E0,5E0,4E0,4E0,1E0,1E0,3E0],"tree_param":{"num_deleted":"0","num_feature":"2","num_nodes":"7","size_leaf_vector":"1"}},{"base_weights":[3.7419587E-1,-5.2693752E1,6.3980892E1,-5.843922E0,-1.19832E0,1.7348053E0,7.1302094E0],"categories":[],"categories_nodes":[],"categories_segments":[],"categories_sizes":[],"default_left":[0,0,0,0,0,0,0],"id":2,"left_children":[1,3,5,-1,-1,-1,-1],"loss_changes":[3.7126164E4,7.0311914E2,4.700879E2,0E0,0E0,0E0,0E0],"parents":[2147483647,0,0,1,1,2,2],"right_children":[2,4,6,-1,-1,-1,-1],"split_conditions":[7.021164E-1,5.027162E-1,8.0143994E-1,-5.843922E0,-1.19832E0,1.7348053E0,7.1302094E0],"split_indices":[0,0,0,0,0,0,0],"split_type":[0,0,0,0,0,0,0],"sum_hessian":[9E0,5E0,4E0,4E0,1E0,1E0,3E0],"tree_param":{"num_deleted":"0","num_feature":"2","num_nodes":"7","size_leaf_vector":"1"}},{"base_weights":[5.1905364E-1,-4.8598087E1,5.9355812E1,-5.8841333E0,-1.8741064E0,1.6480652E0,6.5954437E0],"categories":[],"categories_nodes":[],"categories_segments":[],"categories_sizes":[],"default_left":[0,0,0,0,0,0,0],"id":3,"left_children":[1,3,5,-1,-1,-1,-1],"loss_changes":[3.178351E4,7.3224805E2,3.2761523E2,0E0,0E0,0E0,0E0],"parents":[2147483647,0,0,1,1,2,2],"right_children":[2,4,6,-1,-1,-1,-1],"split_conditions":[7.021164E-1,4.0222344E-1,8.0143994E-1,-5.8841333E0,-1.8741064E0,1.6480652E0,6.5954437E0],"split_indices":[0,0,0,0,0,0,0],"split_type":[0,0,0,0,0,0,0],"sum_hessian":[9E0,5E0,4E0,3E0,2E0,1E0,3E0],"tree_param":{"num_deleted":"0","num_feature":"2","num_nodes":"7","size_leaf_vector":"1"}},{"base_weights":[5.1567537E-1,-4.5031315E1,5.506893E1,-5.442823E0,-1.7491664E0,1.5656617E0,6.1007857E0],"categories":[],"categories_nodes":[],"categories_segments":[],"categories_sizes":[],"default_left":[0,0,0,0,0,0,0],"id":4,"left_children":[1,3,5,-1,-1,-1,-1],"loss_changes":[2.7327191E4,6.0068555E2,2.1515625E2,0E0,0E0,0E0,0E0],"parents":[2147483647,0,0,1,1,2,2],"right_children":[2,4,6,-1,-1,-1,-1],"split_conditions":[7.021164E-1,4.0222344E-1,8.0143994E-1,-5.442823E0,-1.7491664E0,1.5656617E0,6.1007857E0],"split_indices":[0,0,0,0,0,0,0],"split_type":[0,0,0,0,0,0,0],"sum_hessian":[9E0,5E0,4E0,3E0,2E0,1E0,3E0],"tree_param":{"num_deleted":"0","num_feature":"2","num_nodes":"7","size_leaf_vector":"1"}},{"base_weights":[5.1155394E-1,-4.172685E1,5.109533E1,-5.0346107E0,-1.6325556E0,1.4873787E0,5.6432266E0],"categories":[],"categories_nodes":[],"categories_segments":[],"categories_sizes":[],"default_left":[0,0,0,0,0,0,0],"id":5,"left_children":[1,3,5,-1,-1,-1,-1],"loss_changes":[2.3497824E4,4.917129E2,1.2719922E2,0E0,0E0,0E0,0E0],"parents":[2147483647,0,0,1,1,2,2],"right_children":[2,4,6,-1,-1,-1,-1],"split_conditions":[7.021164E-1,4.0222344E-1,8.0143994E-1,-5.0346107E0,-1.6325556E0,1.4873787E0,5.6432266E0],"split_indices":[0,0,0,0,0,0,0],"split_type":[0,0,0,0,0,0,0],"sum_hessian":[9E0,5E0,4E0,3E0,2E0,1E0,3E0],"tree_param":{"num_deleted":"0","num_feature":"2","num_nodes":"7","size_leaf_vector":"1"}},{"base_weights":[5.0674284E-1,-3.8665363E1,4.741192E1,-4.6570153E0,-1.5237187E0,1.4130096E0,5.2199855E0],"categories":[],"categories_nodes":[],"categories_segments":[],"categories_sizes":[],"default_left":[0,0,0,0,0,0,0],"id":6,"left_children":[1,3,5,-1,-1,-1,-1],"loss_changes":[2.0206943E4,4.015703E2,5.9166016E1,0E0,0E0,0E0,0E0],"parents":[2147483647,0,0,1,1,2,2],"right_children":[2,4,6,-1,-1,-1,-1],"split_conditions":[7.021164E-1,4.0222344E-1,8.0143994E-1,-4.6570153E0,-1.5237187E0,1.4130096E0,5.2199855E0],"split_indices":[0,0,0,0,0,0,0],"split_type":[0,0,0,0,0,0,0],"sum_hessian":[9E0,5E0,4E0,3E0,2E0,1E0,3E0],"tree_param":{"num_deleted":"0","num_feature":"2","num_nodes":"7","size_leaf_vector":"1"}},{"base_weights":[5.012924E-1,-3.5828953E1,4.3997326E1,-3.9797032E0,-7.994278E-1,1.3423592E0,4.8284864E0],"categories":[],"categories_nodes":[],"categories_segments":[],"categories_sizes":[],"default_left":[0,0,0,0,0,0,0],"id":7,"left_children":[1,3,5,-1,-1,-1,-1],"loss_changes":[1.7378592E4,3.4455225E2,7.274414E0,0E0,0E0,0E0,0E0],"parents":[2147483647,0,0,1,1,2,2],"right_children":[2,4,6,-1,-1,-1,-1],"split_conditions":[7.021164E-1,5.027162E-1,8.0143994E-1,-3.9797032E0,-7.994278E-1,1.3423592E0,4.8284864E0],"split_indices":[0,0,0,0,0,0,0],"split_type":[0,0,0,0,0,0,0],"sum_hessian":[9E0,5E0,4E0,4E0,1E0,1E0,3E0],"tree_param":{"num_deleted":"0","num_feature":"2","num_nodes":"7","size_leaf_vector":"1"}},{"base_weights":[5.903336E-1,-3.3042576E1,4.083176E1,-4.0092616E0,-1.2628337E0,1.846316E0,4.958977E0],"categories":[],"categories_nodes":[],"categories_segments":[],"categories_sizes":[],"default_left":[0,0,0,0,0,0,0],"id":8,"left_children":[1,3,5,-1,-1,-1,-1],"loss_changes":[1.4883549E4,3.5722412E2,6.3938477E1,0E0,0E0,0E0,0E0],"parents":[2147483647,0,0,1,1,2,2],"right_children":[2,4,6,-1,-1,-1,-1],"split_conditions":[7.021164E-1,4.0222344E-1,9.0260476E-1,-4.0092616E0,-1.2628337E0,1.846316E0,4.958977E0],"split_indices":[0,0,0,0,0,0,0],"split_type":[0,0,0,0,0,0,0],"sum_hessian":[9E0,5E0,4E0,3E0,2E0,2E0,2E0],"tree_param":{"num_deleted":"0","num_feature":"2","num_nodes":"7","size_leaf_vector":"1"}},{"base_weights":[6.846191E-1,-3.0617002E1,3.8109642E1,-3.7085667E0,-1.1786449E0,1.7232285E0,4.6283784E0],"categories":[],"categories_nodes":[],"categories_segments":[],"categories_sizes":[],"default_left":[0,0,0,0,0,0,0],"id":9,"left_children":[1,3,5,-1,-1,-1,-1],"loss_changes":[1.2881441E4,2.9374316E2,5.5697266E1,0E0,0E0,0E0,0E0],"parents":[2147483647,0,0,1,1,2,2],"right_children":[2,4,6,-1,-1,-1,-1],"split_conditions":[7.021164E-1,4.0222344E-1,9.0260476E-1,-3.7085667E0,-1.1786449E0,1.7232285E0,4.6283784E0],"split_indices":[0,0,0,0,0,0,0],"split_type":[0,0,0,0,0,0,0],"sum_hessian":[9E0,5E0,4E0,3E0,2E0,2E0,2E0],"tree_param":{"num_deleted":"0","num_feature":"2","num_nodes":"7","size_leaf_vector":"1"}},{"base_weights":[7.625984E-1,-2.8369837E1,3.5569E1,-3.4304245E0,-1.1000682E0,1.6083466E0,4.31982E0],"categories":[],"categories_nodes":[],"categories_segments":[],"categories_sizes":[],"default_left":[0,0,0,0,0,0,0],"id":10,"left_children":[1,3,5,-1,-1,-1,-1],"loss_changes":[1.1149038E4,2.4108398E2,4.8519043E1,0E0,0E0,0E0,0E0],"parents":[2147483647,0,0,1,1,2,2],"right_children":[2,4,6,-1,-1,-1,-1],"split_conditions":[7.021164E-1,4.0222344E-1,9.0260476E-1,-3.4304245E0,-1.1000682E0,1.6083466E0,4.31982E0],"split_indices":[0,0,0,0,0,0,0],"split_type":[0,0,0,0,0,0,0],"sum_hessian":[9E0,5E0,4E0,3E0,2E0,2E0,2E0],"tree_param":{"num_deleted":"0","num_feature":"2","num_nodes":"7","size_leaf_vector":"1"}},{"base_weights":[8.2610476E-1,-2.6287933E1,3.319773E1,-3.4872377E0,-1.3277619E0,1.5011231E0,4.0318317E0],"categories":[],"categories_nodes":[],"categories_segments":[],"categories_sizes":[],"default_left":[0,0,0,0,0,0,0],"id":11,"left_children":[1,3,5,-1,-1,-1,-1],"loss_changes":[9.649955E3,2.070957E2,4.2265625E1,0E0,0E0,0E0,0E0],"parents":[2147483647,0,0,1,1,2,2],"right_children":[2,4,6,-1,-1,-1,-1],"split_conditions":[7.021164E-1,3.0156225E-1,9.0260476E-1,-3.4872377E0,-1.3277619E0,1.5011231E0,4.0318317E0],"split_indices":[0,0,0,0,0,0,0],"split_type":[0,0,0,0,0,0,0],"sum_hessian":[9E0,5E0,4E0,2E0,3E0,2E0,2E0],"tree_param":{"num_deleted":"0","num_feature":"2","num_nodes":"7","size_leaf_vector":"1"}},{"base_weights":[8.1528777E-1,-2.4461641E1,3.0984547E1,-2.9655864E0,-9.3821305E-1,1.4010478E0,3.7630432E0],"categories":[],"categories_nodes":[],"categories_segments":[],"categories_sizes":[],"default_left":[0,0,0,0,0,0,0],"id":12,"left_children":[1,3,5,-1,-1,-1,-1],"loss_changes":[8.383795E3,1.9172314E2,3.681787E1,0E0,0E0,0E0,0E0],"parents":[2147483647,0,0,1,1,2,2],"right_children":[2,4,6,-1,-1,-1,-1],"split_conditions":[7.021164E-1,4.0222344E-1,9.0260476E-1,-2.9655864E0,-9.3821305E-1,1.4010478E0,3.7630432E0],"split_indices":[0,0,0,0,0,0,0],"split_type":[0,0,0,0,0,0,0],"sum_hessian":[9E0,5E0,4E0,3E0,2E0,2E0,2E0],"tree_param":{"num_deleted":"0","num_feature":"2","num_nodes":"7","size_leaf_vector":"1"}},{"base_weights":[8.59787E-1,-2.2666113E1,2.891891E1,-3.0570495E0,-1.1071297E0,1.3076447E0,3.5121734E0],"categories":[],"categories_nodes":[],"categories_segments":[],"categories_sizes":[],"default_left":[0,0,0,0,0,0,0],"id":13,"left_children":[1,3,5,-1,-1,-1,-1],"loss_changes":[7.2566396E3,2.1144434E2,3.2072266E1,0E0,0E0,0E0,0E0],"parents":[2147483647,0,0,1,1,2,2],"right_children":[2,4,6,-1,-1,-1,-1],"split_conditions":[7.021164E-1,3.0156225E-1,9.0260476E-1,-3.0570495E0,-1.1071297E0,1.3076447E0,3.5121734E0],"split_indices":[0,0,0,0,0,0,0],"split_type":[0,0,0,0,0,0,0],"sum_hessian":[9E0,5E0,4E0,2E0,3E0,2E0,2E0],"tree_param":{"num_deleted":"0","num_feature":"2","num_nodes":"7","size_leaf_vector":"1"}},{"base_weights":[8.393723E-1,-2.1093529E1,2.6990978E1,-2.8532462E0,-1.0240948E0,1.2204682E0,3.2780285E0],"categories":[],"categories_nodes":[],"categories_segments":[],"categories_sizes":[],"default_left":[0,0,0,0,0,0,0],"id":14,"left_children":[1,3,5,-1,-1,-1,-1],"loss_changes":[6.305141E3,1.9219019E2,2.793872E1,0E0,0E0,0E0,0E0],"parents":[2147483647,0,0,1,1,2,2],"right_children":[2,4,6,-1,-1,-1,-1],"split_conditions":[7.021164E-1,3.0156225E-1,9.0260476E-1,-2.8532462E0,-1.0240948E0,1.2204682E0,3.2780285E0],"split_indices":[0,0,0,0,0,0,0],"split_type":[0,0,0,0,0,0,0],"sum_hessian":[9E0,5E0,4E0,2E0,3E0,2E0,2E0],"tree_param":{"num_deleted":"0","num_feature":"2","num_nodes":"7","size_leaf_vector":"1"}},{"base_weights":[8.175491E-1,-1.96304E1,2.5191578E1,-2.6630294E0,-9.4728774E-1,1.1391033E0,3.059493E0],"categories":[],"categories_nodes":[],"categories_segments":[],"categories_sizes":[],"default_left":[0,0,0,0,0,0,0],"id":15,"left_children":[1,3,5,-1,-1,-1,-1],"loss_changes":[5.4785093E3,1.74344E2,2.4338379E1,0E0,0E0,0E0,0E0],"parents":[2147483647,0,0,1,1,2,2],"right_children":[2,4,6,-1,-1,-1,-1],"split_conditions":[7.021164E-1,3.0156225E-1,9.0260476E-1,-2.6630294E0,-9.4728774E-1,1.1391033E0,3.059493E0],"split_indices":[0,0,0,0,0,0,0],"split_type":[0,0,0,0,0,0,0],"sum_hessian":[9E0,5E0,4E0,2E0,3E0,2E0,2E0],"tree_param":{"num_deleted":"0","num_feature":"2","num_nodes":"7","size_leaf_vector":"1"}},{"base_weights":[7.946228E-1,-1.826908E1,2.351214E1,-2.4854941E0,-8.762413E-1,6.8787616E-1,2.5950794E0],"categories":[],"categories_nodes":[],"categories_segments":[],"categories_sizes":[],"default_left":[0,0,0,0,0,0,0],"id":16,"left_children":[1,3,5,-1,-1,-1,-1],"loss_changes":[4.760344E3,1.5786829E2,2.4306152E1,0E0,0E0,0E0,0E0],"parents":[2147483647,0,0,1,1,2,2],"right_children":[2,4,6,-1,-1,-1,-1],"split_conditions":[7.021164E-1,3.0156225E-1,8.0143994E-1,-2.4854941E0,-8.762413E-1,6.8787616E-1,2.5950794E0],"split_indices":[0,0,0,0,0,0,0],"split_type":[0,0,0,0,0,0,0],"sum_hessian":[9E0,5E0,4E0,2E0,3E0,1E0,3E0],"tree_param":{"num_deleted":"0","num_feature":"2","num_nodes":"7","size_leaf_vector":"1"}},{"base_weights":[7.07283E-1,-1.7002459E1,2.1817516E1,-1.9317578E0,-2.7134323E-1,9.5373124E-1,2.6825216E0],"categories":[],"categories_nodes":[],"categories_segments":[],"categories_sizes":[],"default_left":[0,0,0,0,0,0,0],"id":17,"left_children":[1,3,5,-1,-1,-1,-1],"loss_changes":[4.1095195E3,1.4606775E2,5.163745E1,0E0,0E0,0E0,0E0],"parents":[2147483647,0,0,1,1,2,2],"right_children":[2,4,6,-1,-1,-1,-1],"split_conditions":[7.021164E-1,5.027162E-1,9.0260476E-1,-1.9317578E0,-2.7134323E-1,9.5373124E-1,2.6825216E0],"split_indices":[0,0,0,0,0,0,0],"split_type":[0,0,0,0,0,0,0],"sum_hessian":[9E0,5E0,4E0,4E0,1E0,2E0,2E0],"tree_param":{"num_deleted":"0","num_feature":"2","num_nodes":"7","size_leaf_vector":"1"}},{"base_weights":[7.7986753E-1,-1.5669398E1,2.0363012E1,-2.1910105E0,-7.0715183E-1,8.9014894E-1,2.5036867E0],"categories":[],"categories_nodes":[],"categories_segments":[],"categories_sizes":[],"default_left":[0,0,0,0,0,0,0],"id":18,"left_children":[1,3,5,-1,-1,-1,-1],"loss_changes":[3.5403596E3,1.6700354E2,4.4981934E1,0E0,0E0,0E0,0E0],"parents":[2147483647,0,0,1,1,2,2],"right_children":[2,4,6,-1,-1,-1,-1],"split_conditions":[7.021164E-1,3.0156225E-1,9.0260476E-1,-2.1910105E0,-7.0715183E-1,8.9014894E-1,2.5036867E0],"split_indices":[0,0,0,0,0,0,0],"split_type":[0,0,0,0,0,0,0],"sum_hessian":[9E0,5E0,4E0,2E0,3E0,2E0,2E0],"tree_param":{"num_deleted":"0","num_feature":"2","num_nodes":"7","size_leaf_vector":"1"}},{"base_weights":[7.5144655E-1,-1.45854845E1,1.9005474E1,-2.0449433E0,-6.541153E-1,8.308055E-1,2.3367736E0],"categories":[],"categories_nodes":[],"categories_segments":[],"categories_sizes":[],"default_left":[0,0,0,0,0,0,0],"id":19,"left_children":[1,3,5,-1,-1,-1,-1],"loss_changes":[3.0768118E3,1.4926636E2,3.9184204E1,0E0,0E0,0E0,0E0],"parents":[2147483647,0,0,1,1,2,2],"right_children":[2,4,6,-1,-1,-1,-1],"split_conditions":[7.021164E-1,3.0156225E-1,9.0260476E-1,-2.0449433E0,-6.541153E-1,8.308055E-1,2.3367736E0],"split_indices":[0,0,0,0,0,0,0],"split_type":[0,0,0,0,0,0,0],"sum_hessian":[9E0,5E0,4E0,2E0,3E0,2E0,2E0],"tree_param":{"num_deleted":"0","num_feature":"2","num_nodes":"7","size_leaf_vector":"1"}},{"base_weights":[7.2315216E-1,-1.3576779E1,1.773844E1,-1.9086136E0,-6.0505676E-1,7.754181E-1,2.1809886E0],"categories":[],"categories_nodes":[],"categories_segments":[],"categories_sizes":[],"default_left":[0,0,0,0,0,0,0],"id":20,"left_children":[1,3,5,-1,-1,-1,-1],"loss_changes":[2.6740054E3,1.3330542E2,3.4134033E1,0E0,0E0,0E0,0E0],"parents":[2147483647,0,0,1,1,2,2],"right_children":[2,4,6,-1,-1,-1,-1],"split_conditions":[7.021164E-1,3.0156225E-1,9.0260476E-1,-1.9086136E0,-6.0505676E-1,7.754181E-1,2.1809886E0],"split_indices":[0,0,0,0,0,0,0],"split_type":[0,0,0,0,0,0,0],"sum_hessian":[9E0,5E0,4E0,2E0,3E0,2E0,2E0],"tree_param":{"num_deleted":"0","num_feature":"2","num_nodes":"7","size_leaf_vector":"1"}},{"base_weights":[6.951111E-1,-1.2638046E1,1.6555878E1,-1.7813727E0,-5.596775E0,7.2372335E-1,2.0355897E0,-6.399302E-1,-1.594597E-1],"categories":[],"categories_nodes":[],"categories_segments":[],"categories_sizes":[],"default_left":[0,0,0,0,0,0,0,0,0],"id":21,"left_children":[1,3,5,-1,7,-1,-1,-1,-1],"loss_changes":[2.3239749E3,1.18960815E2,2.9734741E1,0E0,2.6431198E0,0E0,0E0,0E0,0E0],"parents":[2147483647,0,0,1,1,2,2,4,4],"right_children":[2,4,6,-1,8,-1,-1,-1,-1],"split_conditions":[7.021164E-1,3.0156225E-1,9.0260476E-1,-1.7813727E0,5.027162E-1,7.2372335E-1,2.0355897E0,-6.399302E-1,-1.594597E-1],"split_indices":[0,0,0,0,0,0,0,0,0],"split_type":[0,0,0,0,0,0,0,0,0],"sum_hessian":[9E0,5E0,4E0,2E0,3E0,2E0,2E0,2E0,1E0],"tree_param":{"num_deleted":"0","num_feature":"2","num_nodes":"9","size_leaf_vector":"1"}},{"base_weights":[6.434555E-1,-1.180437E1,1.5452154E1,-1.6626145E0,-5.236946E0,6.7547506E-1,1.8998841E0,-5.9726816E-1,-1.5148698E-1],"categories":[],"categories_nodes":[],"categories_segments":[],"categories_sizes":[],"default_left":[0,0,0,0,0,0,0,0,0],"id":22,"left_children":[1,3,5,-1,7,-1,-1,-1,-1],"loss_changes":[2.0257639E3,1.0292963E2,2.5902344E1,0E0,1.9060211E0,0E0,0E0,0E0,0E0],"parents":[2147483647,0,0,1,1,2,2,4,4],"right_children":[2,4,6,-1,8,-1,-1,-1,-1],"split_conditions":[7.021164E-1,3.0156225E-1,9.0260476E-1,-1.6626145E0,5.027162E-1,6.7547506E-1,1.8998841E0,-5.9726816E-1,-1.5148698E-1],"split_indices":[0,0,0,0,0,0,0,0,0],"split_type":[0,0,0,0,0,0,0,0,0],"sum_hessian":[9E0,5E0,4E0,2E0,3E0,2E0,2E0,2E0,1E0],"tree_param":{"num_deleted":"0","num_feature":"2","num_nodes":"9","size_leaf_vector":"1"}},{"base_weights":[5.9551084E-1,-1.1025828E1,1.4422015E1,-1.5517735E0,-4.90044E0,6.3044333E-1,1.773226E0,-5.5745035E-1,-1.4391251E-1],"categories":[],"categories_nodes":[],"categories_segments":[],"categories_sizes":[],"default_left":[0,0,0,0,0,0,0,0,0],"id":23,"left_children":[1,3,5,-1,7,-1,-1,-1,-1],"loss_changes":[1.7658396E3,8.904431E1,2.2564087E1,0E0,1.310173E0,0E0,0E0,0E0,0E0],"parents":[2147483647,0,0,1,1,2,2,4,4],"right_children":[2,4,6,-1,8,-1,-1,-1,-1],"split_conditions":[7.021164E-1,3.0156225E-1,9.0260476E-1,-1.5517735E0,5.027162E-1,6.3044333E-1,1.773226E0,-5.5745035E-1,-1.4391251E-1],"split_indices":[0,0,0,0,0,0,0,0,0],"split_type":[0,0,0,0,0,0,0,0,0],"sum_hessian":[9E0,5E0,4E0,2E0,3E0,2E0,2E0,2E0,1E0],"tree_param":{"num_deleted":"0","num_feature":"2","num_nodes":"9","size_leaf_vector":"1"}},{"base_weights":[5.510117E-1,-1.029877E1,1.34605465E1,-1.448322E0,-4.585739E0,5.884135E-1,1.655011E0,-5.202871E-1,-1.3671723E-1],"categories":[],"categories_nodes":[],"categories_segments":[],"categories_sizes":[],"default_left":[0,0,0,0,0,0,0,0,0],"id":24,"left_children":[1,3,5,-1,7,-1,-1,-1,-1],"loss_changes":[1.5392834E3,7.7019104E1,1.9655945E1,0E0,8.318939E-1,0E0,0E0,0E0,0E0],"parents":[2147483647,0,0,1,1,2,2,4,4],"right_children":[2,4,6,-1,8,-1,-1,-1,-1],"split_conditions":[7.021164E-1,3.0156225E-1,9.0260476E-1,-1.448322E0,5.027162E-1,5.884135E-1,1.655011E0,-5.202871E-1,-1.3671723E-1],"split_indices":[0,0,0,0,0,0,0,0,0],"split_type":[0,0,0,0,0,0,0,0,0],"sum_hessian":[9E0,5E0,4E0,2E0,3E0,2E0,2E0,2E0,1E0],"tree_param":{"num_deleted":"0","num_feature":"2","num_nodes":"9","size_leaf_vector":"1"}},{"base_weights":[5.097229E-1,-9.6197815E0,1.2563184E1,-1.3517674E0,-4.291416E0,6.786438E-1,1.7835083E0,-4.8560128E-1,-1.298813E-1],"categories":[],"categories_nodes":[],"categories_segments":[],"categories_sizes":[],"default_left":[0,0,0,0,0,0,0,0,0],"id":25,"left_children":[1,3,5,-1,7,-1,-1,-1,-1],"loss_changes":[1.3418109E3,6.6606384E1,3.1235413E1,0E0,4.514084E-1,0E0,0E0,0E0,0E0],"parents":[2147483647,0,0,1,1,2,2,4,4],"right_children":[2,4,6,-1,8,-1,-1,-1,-1],"split_conditions":[7.021164E-1,3.0156225E-1,1E0,-1.3517674E0,5.027162E-1,6.786438E-1,1.7835083E0,-4.8560128E-1,-1.298813E-1],"split_indices":[0,0,0,0,0,0,0,0,0],"split_type":[0,0,0,0,0,0,0,0,0],"sum_hessian":[9E0,5E0,4E0,2E0,3E0,3E0,1E0,2E0,1E0],"tree_param":{"num_deleted":"0","num_feature":"2","num_nodes":"9","size_leaf_vector":"1"}},{"base_weights":[5.0823975E-1,-8.985677E0,1.1799292E1,-1.2616496E0,-4.016144E0,6.277451E-1,1.694333E0,-4.5322776E-1,-1.2338715E-1],"categories":[],"categories_nodes":[],"categories_segments":[],"categories_sizes":[],"default_left":[0,0,0,0,0,0,0,0,0],"id":26,"left_children":[1,3,5,-1,7,-1,-1,-1,-1],"loss_changes":[1.1779877E3,5.7591248E1,3.5661865E1,0E0,1.5184784E-1,0E0,0E0,0E0,0E0],"parents":[2147483647,0,0,1,1,2,2,4,4],"right_children":[2,4,6,-1,8,-1,-1,-1,-1],"split_conditions":[7.021164E-1,3.0156225E-1,1E0,-1.2616496E0,5.027162E-1,6.277451E-1,1.694333E0,-4.5322776E-1,-1.2338715E-1],"split_indices":[0,0,0,0,0,0,0,0,0],"split_type":[0,0,0,0,0,0,0,0,0],"sum_hessian":[9E0,5E0,4E0,2E0,3E0,3E0,1E0,2E0,1E0],"tree_param":{"num_deleted":"0","num_feature":"2","num_nodes":"9","size_leaf_vector":"1"}},{"base_weights":[5.057953E-1,-8.393489E0,1.1083776E1,-1.1775396E0,-3.7586862E-1,5.806641E-1,1.6096162E0],"categories":[],"categories_nodes":[],"categories_segments":[],"categories_sizes":[],"default_left":[0,0,0,0,0,0,0],"id":27,"left_children":[1,3,5,-1,-1,-1,-1],"loss_changes":[1.0343961E3,4.9786835E1,3.8790527E1,0E0,0E0,0E0,0E0],"parents":[2147483647,0,0,1,1,2,2],"right_children":[2,4,6,-1,-1,-1,-1],"split_conditions":[7.021164E-1,3.0156225E-1,1E0,-1.1775396E0,-3.7586862E-1,5.806641E-1,1.6096162E0],"split_indices":[0,0,0,0,0,0,0],"split_type":[0,0,0,0,0,0,0],"sum_hessian":[9E0,5E0,4E0,2E0,3E0,3E0,1E0],"tree_param":{"num_deleted":"0","num_feature":"2","num_nodes":"7","size_leaf_vector":"1"}},{"base_weights":[5.189041E-1,-7.8130417E0,1.0413458E1,-1.2742779E0,-4.2785387E0,5.3711474E-1,1.5291351E0,-4.8560506E-1,-9.842453E-2],"categories":[],"categories_nodes":[],"categories_segments":[],"categories_sizes":[],"default_left":[0,0,0,0,0,0,0,0,0],"id":28,"left_children":[1,3,5,-1,7,-1,-1,-1,-1],"loss_changes":[9.0576965E2,5.0024597E1,4.0847168E1,0E0,4.732918E0,0E0,0E0,0E0,0E0],"parents":[2147483647,0,0,1,1,2,2,4,4],"right_children":[2,4,6,-1,8,-1,-1,-1,-1],"split_conditions":[7.021164E-1,2.0124449E-1,1E0,-1.2742779E0,5.027162E-1,5.3711474E-1,1.5291351E0,-4.8560506E-1,-9.842453E-2],"split_indices":[0,0,0,0,0,0,0,0,0],"split_type":[0,0,0,0,0,0,0,0,0],"sum_hessian":[9E0,5E0,4E0,1E0,4E0,3E0,1E0,3E0,1E0],"tree_param":{"num_deleted":"0","num_feature":"2","num_nodes":"9","size_leaf_vector":"1"}},{"base_weights":[4.8780745E-1,-7.3414574E0,9.785364E0,-1.210564E0,-3.9674926E0,4.968315E-1,1.452678E0,-4.491848E-1,-9.350357E-2],"categories":[],"categories_nodes":[],"categories_segments":[],"categories_sizes":[],"default_left":[0,0,0,0,0,0,0,0,0],"id":29,"left_children":[1,3,5,-1,7,-1,-1,-1,-1],"loss_changes":[7.997691E2,4.8416046E1,4.2024567E1,0E0,3.7503815E0,0E0,0E0,0E0,0E0],"parents":[2147483647,0,0,1,1,2,2,4,4],"right_children":[2,4,6,-1,8,-1,-1,-1,-1],"split_conditions":[7.021164E-1,2.0124449E-1,1E0,-1.210564E0,5.027162E-1,4.968315E-1,1.452678E0,-4.491848E-1,-9.350357E-2],"split_indices":[0,0,0,0,0,0,0,0,0],"split_type":[0,0,0,0,0,0,0,0,0],"sum_hessian":[9E0,5E0,4E0,1E0,4E0,3E0,1E0,3E0,1E0],"tree_param":{"num_deleted":"0","num_feature":"2","num_nodes":"9","size_leaf_vector":"1"}},{"base_weights":[4.586563E-1,-6.8995185E0,9.196734E0,-1.1500359E0,-3.6792786E0,4.5956954E-1,1.3800446E0,-4.154957E-1,-8.882828E-2],"categories":[],"categories_nodes":[],"categories_segments":[],"categories_sizes":[],"default_left":[0,0,0,0,0,0,0,0,0],"id":30,"left_children":[1,3,5,-1,7,-1,-1,-1,-1],"loss_changes":[7.0641614E2,4.658185E1,4.2486603E1,0E0,2.9473038E0,0E0,0E0,0E0,0E0],"parents":[2147483647,0,0,1,1,2,2,4,4],"right_children":[2,4,6,-1,8,-1,-1,-1,-1],"split_conditions":[7.021164E-1,2.0124449E-1,1E0,-1.1500359E0,5.027162E-1,4.5956954E-1,1.3800446E0,-4.154957E-1,-8.882828E-2],"split_indices":[0,0,0,0,0,0,0,0,0],"split_type":[0,0,0,0,0,0,0,0,0],"sum_hessian":[9E0,5E0,4E0,1E0,4E0,3E0,1E0,3E0,1E0],"tree_param":{"num_deleted":"0","num_feature":"2","num_nodes":"9","size_leaf_vector":"1"}},{"base_weights":[4.3131867E-1,-6.485293E0,8.644989E0,-1.092534E0,-3.4122162E0,4.2510223E-1,1.3110428E0,-3.8433343E-1,-8.4387206E-2],"categories":[],"categories_nodes":[],"categories_segments":[],"categories_sizes":[],"default_left":[0,0,0,0,0,0,0,0,0],"id":31,"left_children":[1,3,5,-1,7,-1,-1,-1,-1],"loss_changes":[6.24173E2,4.4587967E1,4.2372223E1,0E0,2.2930145E0,0E0,0E0,0E0,0E0],"parents":[2147483647,0,0,1,1,2,2,4,4],"right_children":[2,4,6,-1,8,-1,-1,-1,-1],"split_conditions":[7.021164E-1,2.0124449E-1,1E0,-1.092534E0,5.027162E-1,4.2510223E-1,1.3110428E0,-3.8433343E-1,-8.4387206E-2],"split_indices":[0,0,0,0,0,0,0,0,0],"split_type":[0,0,0,0,0,0,0,0,0],"sum_hessian":[9E0,5E0,4E0,1E0,4E0,3E0,1E0,3E0,1E0],"tree_param":{"num_deleted":"0","num_feature":"2","num_nodes":"9","size_leaf_vector":"1"}},{"base_weights":[4.056732E-1,-6.096975E0,8.127716E0,-1.037907E0,-3.1647415E0,3.93219E-1,1.245491E0,-3.5550863E-1,-8.016815E-2],"categories":[],"categories_nodes":[],"categories_segments":[],"categories_sizes":[],"default_left":[0,0,0,0,0,0,0,0,0],"id":32,"left_children":[1,3,5,-1,7,-1,-1,-1,-1],"loss_changes":[5.516918E2,4.2489548E1,4.1799194E1,0E0,1.7619896E0,0E0,0E0,0E0,0E0],"parents":[2147483647,0,0,1,1,2,2,4,4],"right_children":[2,4,6,-1,8,-1,-1,-1,-1],"split_conditions":[7.021164E-1,2.0124449E-1,1E0,-1.037907E0,5.027162E-1,3.93219E-1,1.245491E0,-3.5550863E-1,-8.016815E-2],"split_indices":[0,0,0,0,0,0,0,0,0],"split_type":[0,0,0,0,0,0,0,0,0],"sum_hessian":[9E0,5E0,4E0,1E0,4E0,3E0,1E0,3E0,1E0],"tree_param":{"num_deleted":"0","num_feature":"2","num_nodes":"9","size_leaf_vector":"1"}},{"base_weights":[3.8161927E-1,-5.7328744E0,7.642688E0,-9.860115E-1,-2.9354033E0,3.6372757E-1,1.1832169E0,-3.288456E-1,-7.615967E-2],"categories":[],"categories_nodes":[],"categories_segments":[],"categories_sizes":[],"default_left":[0,0,0,0,0,0,0,0,0],"id":33,"left_children":[1,3,5,-1,7,-1,-1,-1,-1],"loss_changes":[4.877922E2,4.033159E1,4.086612E1,0E0,1.3328629E0,0E0,0E0,0E0,0E0],"parents":[2147483647,0,0,1,1,2,2,4,4],"right_children":[2,4,6,-1,8,-1,-1,-1,-1],"split_conditions":[7.021164E-1,2.0124449E-1,1E0,-9.860115E-1,5.027162E-1,3.6372757E-1,1.1832169E0,-3.288456E-1,-7.615967E-2],"split_indices":[0,0,0,0,0,0,0,0,0],"split_type":[0,0,0,0,0,0,0,0,0],"sum_hessian":[9E0,5E0,4E0,1E0,4E0,3E0,1E0,3E0,1E0],"tree_param":{"num_deleted":"0","num_feature":"2","num_nodes":"9","size_leaf_vector":"1"}},{"base_weights":[3.5904694E-1,-5.391426E0,7.187805E0,-9.3671113E-1,-2.7228668E0,3.3644792E-1,1.1240555E0,-3.0418244E-1,-7.2351836E-2],"categories":[],"categories_nodes":[],"categories_segments":[],"categories_sizes":[],"default_left":[0,0,0,0,0,0,0,0,0],"id":34,"left_children":[1,3,5,-1,7,-1,-1,-1,-1],"loss_changes":[4.314384E2,3.8150726E1,3.965634E1,0E0,9.877205E-1,0E0,0E0,0E0,0E0],"parents":[2147483647,0,0,1,1,2,2,4,4],"right_children":[2,4,6,-1,8,-1,-1,-1,-1],"split_conditions":[7.021164E-1,2.0124449E-1,1E0,-9.3671113E-1,5.027162E-1,3.3644792E-1,1.1240555E0,-3.0418244E-1,-7.2351836E-2],"split_indices":[0,0,0,0,0,0,0,0,0],"split_type":[0,0,0,0,0,0,0,0,0],"sum_hessian":[9E0,5E0,4E0,1E0,4E0,3E0,1E0,3E0,1E0],"tree_param":{"num_deleted":"0","num_feature":"2","num_nodes":"9","size_leaf_vector":"1"}},{"base_weights":[3.3786964E-1,-5.071156E0,6.7611265E0,-8.898756E-1,-2.525885E0,3.1121445E-1,1.0678529E0,-2.8136864E-1,-6.873398E-2],"categories":[],"categories_nodes":[],"categories_segments":[],"categories_sizes":[],"default_left":[0,0,0,0,0,0,0,0,0],"id":35,"left_children":[1,3,5,-1,7,-1,-1,-1,-1],"loss_changes":[3.8172235E2,3.597644E1,3.8239517E1,0E0,7.117214E-1,0E0,0E0,0E0,0E0],"parents":[2147483647,0,0,1,1,2,2,4,4],"right_children":[2,4,6,-1,8,-1,-1,-1,-1],"split_conditions":[7.021164E-1,2.0124449E-1,1E0,-8.898756E-1,5.027162E-1,3.1121445E-1,1.0678529E0,-2.8136864E-1,-6.873398E-2],"split_indices":[0,0,0,0,0,0,0,0,0],"split_type":[0,0,0,0,0,0,0,0,0],"sum_hessian":[9E0,5E0,4E0,1E0,4E0,3E0,1E0,3E0,1E0],"tree_param":{"num_deleted":"0","num_feature":"2","num_nodes":"9","size_leaf_vector":"1"}},{"base_weights":[3.1799355E-1,-4.7707005E0,6.3608274E0,-8.4538174E-1,-2.3433137E0,2.878731E-1,1.0144608E0,-2.6026574E-1,-6.529694E-2],"categories":[],"categories_nodes":[],"categories_segments":[],"categories_sizes":[],"default_left":[0,0,0,0,0,0,0,0,0],"id":36,"left_children":[1,3,5,-1,7,-1,-1,-1,-1],"loss_changes":[3.3784695E2,3.3832153E1,3.6673843E1,0E0,4.92445E-1,0E0,0E0,0E0,0E0],"parents":[2147483647,0,0,1,1,2,2,4,4],"right_children":[2,4,6,-1,8,-1,-1,-1,-1],"split_conditions":[7.021164E-1,2.0124449E-1,1E0,-8.4538174E-1,5.027162E-1,2.878731E-1,1.0144608E0,-2.6026574E-1,-6.529694E-2],"split_indices":[0,0,0,0,0,0,0,0,0],"split_type":[0,0,0,0,0,0,0,0,0],"sum_hessian":[9E0,5E0,4E0,1E0,4E0,3E0,1E0,3E0,1E0],"tree_param":{"num_deleted":"0","num_feature":"2","num_nodes":"9","size_leaf_vector":"1"}},{"base_weights":[2.9933357E-1,-4.4887867E0,5.9852114E0,-8.031126E-1,-2.1740937E0,2.6628265E0,9.637375E-1,-2.4074554E-1,-6.203232E-2,7.516632E-2,3.0493268E-1],"categories":[],"categories_nodes":[],"categories_segments":[],"categories_sizes":[],"default_left":[0,0,0,0,0,0,0,0,0,0,0],"id":37,"left_children":[1,3,5,-1,7,9,-1,-1,-1,-1,-1],"loss_changes":[2.99113E2,3.1736145E1,3.5006805E1,0E0,3.1955338E-1,6.6259193E-1,0E0,0E0,0E0,0E0,0E0],"parents":[2147483647,0,0,1,1,2,2,4,4,5,5],"right_children":[2,4,6,-1,8,10,-1,-1,-1,-1,-1],"split_conditions":[7.021164E-1,2.0124449E-1,1E0,-8.031126E-1,5.027162E-1,8.0143994E-1,9.637375E-1,-2.4074554E-1,-6.203232E-2,7.516632E-2,3.0493268E-1],"split_indices":[0,0,0,0,0,0,0,0,0,0,0],"split_type":[0,0,0,0,0,0,0,0,0,0,0],"sum_hessian":[9E0,5E0,4E0,1E0,4E0,3E0,1E0,3E0,1E0,1E0,2E0],"tree_param":{"num_deleted":"0","num_feature":"2","num_nodes":"11","size_leaf_vector":"1"}},{"base_weights":[2.9319382E-1,-4.224224E0,5.6554565E0,-7.6295704E-1,-2.017241E0,2.4915695E0,9.1555023E-1,-2.2268963E-1,-5.893097E-2,7.1408086E-2,2.846039E-1],"categories":[],"categories_nodes":[],"categories_segments":[],"categories_sizes":[],"default_left":[0,0,0,0,0,0,0,0,0,0,0],"id":38,"left_children":[1,3,5,-1,7,9,-1,-1,-1,-1,-1],"loss_changes":[2.6612573E2,2.9702568E1,3.2557175E1,0E0,1.8453598E-1,4.879589E-1,0E0,0E0,0E0,0E0,0E0],"parents":[2147483647,0,0,1,1,2,2,4,4,5,5],"right_children":[2,4,6,-1,8,10,-1,-1,-1,-1,-1],"split_conditions":[7.021164E-1,2.0124449E-1,1E0,-7.6295704E-1,5.027162E-1,8.0143994E-1,9.1555023E-1,-2.2268963E-1,-5.893097E-2,7.1408086E-2,2.846039E-1],"split_indices":[0,0,0,0,0,0,0,0,0,0,0],"split_type":[0,0,0,0,0,0,0,0,0,0,0],"sum_hessian":[9E0,5E0,4E0,1E0,4E0,3E0,1E0,3E0,1E0,1E0,2E0],"tree_param":{"num_deleted":"0","num_feature":"2","num_nodes":"11","size_leaf_vector":"1"}},{"base_weights":[2.8657037E-1,-3.9758995E0,5.34422E0,-7.248091E-1,-1.871843E0,2.3314133E0,8.697724E-1,-2.0598812E-1,-5.5984497E-2,6.783753E-2,2.656301E-1],"categories":[],"categories_nodes":[],"categories_segments":[],"categories_sizes":[],"default_left":[0,0,0,0,0,0,0,0,0,0,0],"id":39,"left_children":[1,3,5,-1,7,9,-1,-1,-1,-1,-1],"loss_changes":[2.3682886E2,2.7741966E1,3.0239288E1,0E0,8.0314636E-2,3.4623718E-1,0E0,0E0,0E0,0E0,0E0],"parents":[2147483647,0,0,1,1,2,2,4,4,5,5],"right_children":[2,4,6,-1,8,10,-1,-1,-1,-1,-1],"split_conditions":[7.021164E-1,2.0124449E-1,1E0,-7.248091E-1,5.027162E-1,8.0143994E-1,8.697724E-1,-2.0598812E-1,-5.5984497E-2,6.783753E-2,2.656301E-1],"split_indices":[0,0,0,0,0,0,0,0,0,0,0],"split_type":[0,0,0,0,0,0,0,0,0,0,0],"sum_hessian":[9E0,5E0,4E0,1E0,4E0,3E0,1E0,3E0,1E0,1E0,2E0],"tree_param":{"num_deleted":"0","num_feature":"2","num_nodes":"11","size_leaf_vector":"1"}},{"base_weights":[2.7955818E-1,-3.7427742E0,5.0504456E0,-6.885687E-1,-1.7370545E0,2.1816406E0,8.262833E-1,-1.9053917E-1,-5.3185273E-2,6.4445496E-2,2.4792175E-1],"categories":[],"categories_nodes":[],"categories_segments":[],"categories_sizes":[],"default_left":[0,0,0,0,0,0,0,0,0,0,0],"id":40,"left_children":[1,3,5,-1,7,9,-1,-1,-1,-1,-1],"loss_changes":[2.1080362E2,2.5862007E1,2.805204E1,0E0,1.0147095E-3,2.3197937E-1,0E0,0E0,0E0,0E0,0E0],"parents":[2147483647,0,0,1,1,2,2,4,4,5,5],"right_children":[2,4,6,-1,8,10,-1,-1,-1,-1,-1],"split_conditions":[7.021164E-1,2.0124449E-1,1E0,-6.885687E-1,5.027162E-1,8.0143994E-1,8.262833E-1,-1.9053917E-1,-5.3185273E-2,6.4445496E-2,2.4792175E-1],"split_indices":[0,0,0,0,0,0,0,0,0,0,0],"split_type":[0,0,0,0,0,0,0,0,0,0,0],"sum_hessian":[9E0,5E0,4E0,1E0,4E0,3E0,1E0,3E0,1E0,1E0,2E0],"tree_param":{"num_deleted":"0","num_feature":"2","num_nodes":"11","size_leaf_vector":"1"}},{"base_weights":[2.7223548E-1,-3.5238793E0,4.773126E0,-6.541403E-1,-1.6120942E-1,2.041565E0,7.8496855E-1,6.122284E-2,2.3139344E-1],"categories":[],"categories_nodes":[],"categories_segments":[],"categories_sizes":[],"default_left":[0,0,0,0,0,0,0,0,0],"id":41,"left_children":[1,3,5,-1,-1,7,-1,-1,-1],"loss_changes":[1.8767891E2,2.4067787E1,2.59934E1,0E0,0E0,1.405735E-1,0E0,0E0,0E0],"parents":[2147483647,0,0,1,1,2,2,5,5],"right_children":[2,4,6,-1,-1,8,-1,-1,-1],"split_conditions":[7.021164E-1,2.0124449E-1,1E0,-6.541403E-1,-1.6120942E-1,8.0143994E-1,7.8496855E-1,6.122284E-2,2.3139344E-1],"split_indices":[0,0,0,0,0,0,0,0,0],"split_type":[0,0,0,0,0,0,0,0,0],"sum_hessian":[9E0,5E0,4E0,1E0,4E0,3E0,1E0,1E0,2E0],"tree_param":{"num_deleted":"0","num_feature":"2","num_nodes":"9","size_leaf_vector":"1"}},{"base_weights":[2.7123564E-1,-3.3073833E0,4.511331E0,-6.2143326E-1,-1.4831269E0,1.9105644E0,7.457199E-1,-1.8154654E-1,-6.564128E-2,5.8161926E-2,2.159673E-1],"categories":[],"categories_nodes":[],"categories_segments":[],"categories_sizes":[],"default_left":[0,0,0,0,0,0,0,0,0,0,0],"id":42,"left_children":[1,3,5,-1,7,9,-1,-1,-1,-1,-1],"loss_changes":[1.6665756E2,2.2601486E1,2.406012E1,0E0,1.820488E-1,6.809902E-2,0E0,0E0,0E0,0E0,0E0],"parents":[2147483647,0,0,1,1,2,2,4,4,5,5],"right_children":[2,4,6,-1,8,10,-1,-1,-1,-1,-1],"split_conditions":[7.021164E-1,2.0124449E-1,1E0,-6.2143326E-1,4.0222344E-1,8.0143994E-1,7.457199E-1,-1.8154654E-1,-6.564128E-2,5.8161926E-2,2.159673E-1],"split_indices":[0,0,0,0,0,0,0,0,0,0,0],"split_type":[0,0,0,0,0,0,0,0,0,0,0],"sum_hessian":[9E0,5E0,4E0,1E0,4E0,3E0,1E0,2E0,2E0,1E0,2E0],"tree_param":{"num_deleted":"0","num_feature":"2","num_nodes":"11","size_leaf_vector":"1"}},{"base_weights":[2.5923347E-1,-3.1214135E0,4.264163E0,-5.903616E-1,-1.3842499E0,1.7880363E0,7.0843357E-1,-1.6944326E-1,-6.126506E-2,5.5253603E-2,2.0156911E-1],"categories":[],"categories_nodes":[],"categories_segments":[],"categories_sizes":[],"default_left":[0,0,0,0,0,0,0,0,0,0,0],"id":43,"left_children":[1,3,5,-1,7,9,-1,-1,-1,-1,-1],"loss_changes":[1.4870276E2,2.0826767E1,2.2248466E1,0E0,1.5858841E-1,1.1328697E-2,0E0,0E0,0E0,0E0,0E0],"parents":[2147483647,0,0,1,1,2,2,4,4,5,5],"right_children":[2,4,6,-1,8,10,-1,-1,-1,-1,-1],"split_conditions":[7.021164E-1,2.0124449E-1,1E0,-5.903616E-1,4.0222344E-1,8.0143994E-1,7.0843357E-1,-1.6944326E-1,-6.126506E-2,5.5253603E-2,2.0156911E-1],"split_indices":[0,0,0,0,0,0,0,0,0,0,0],"split_type":[0,0,0,0,0,0,0,0,0,0,0],"sum_hessian":[9E0,5E0,4E0,1E0,4E0,3E0,1E0,2E0,2E0,1E0,2E0],"tree_param":{"num_deleted":"0","num_feature":"2","num_nodes":"11","size_leaf_vector":"1"}},{"base_weights":[2.4772835E-1,-2.946118E0,4.0307984E0,-5.6084347E-1,-1.2919677E0,1.673439E-1,6.730118E-1,-1.4343606E-1,-3.6119845E-2],"categories":[],"categories_nodes":[],"categories_segments":[],"categories_sizes":[],"default_left":[0,0,0,0,0,0,0,0,0],"id":44,"left_children":[1,3,5,-1,7,-1,-1,-1,-1],"loss_changes":[1.3270065E2,1.9177315E1,2.0553886E1,0E0,1.4458466E-1,0E0,0E0,0E0,0E0],"parents":[2147483647,0,0,1,1,2,2,4,4],"right_children":[2,4,6,-1,8,-1,-1,-1,-1],"split_conditions":[7.021164E-1,2.0124449E-1,1E0,-5.6084347E-1,5.027162E-1,1.673439E-1,6.730118E-1,-1.4343606E-1,-3.6119845E-2],"split_indices":[0,0,0,0,0,0,0,0,0],"split_type":[0,0,0,0,0,0,0,0,0],"sum_hessian":[9E0,5E0,4E0,1E0,4E0,3E0,1E0,3E0,1E0],"tree_param":{"num_deleted":"0","num_feature":"2","num_nodes":"9","size_leaf_vector":"1"}},{"base_weights":[2.3294945E-1,-2.774908E0,3.7957885E0,-5.328013E-1,-1.1986847E0,1.5479279E0,6.3936156E-1,-1.48585E-1,-5.119578E-2,4.412384E-2,1.7697449E-1],"categories":[],"categories_nodes":[],"categories_segments":[],"categories_sizes":[],"default_left":[0,0,0,0,0,0,0,0,0,0,0],"id":45,"left_children":[1,3,5,-1,7,9,-1,-1,-1,-1,-1],"loss_changes":[1.1769808E2,1.7758968E1,1.930091E1,0E0,2.2532892E-1,2.0105076E-1,0E0,0E0,0E0,0E0,0E0],"parents":[2147483647,0,0,1,1,2,2,4,4,5,5],"right_children":[2,4,6,-1,8,10,-1,-1,-1,-1,-1],"split_conditions":[7.021164E-1,2.0124449E-1,1E0,-5.328013E-1,4.0222344E-1,8.0143994E-1,6.3936156E-1,-1.48585E-1,-5.119578E-2,4.412384E-2,1.7697449E-1],"split_indices":[0,0,0,0,0,0,0,0,0,0,0],"split_type":[0,0,0,0,0,0,0,0,0,0,0],"sum_hessian":[9E0,5E0,4E0,1E0,4E0,3E0,1E0,2E0,2E0,1E0,2E0],"tree_param":{"num_deleted":"0","num_feature":"2","num_nodes":"11","size_leaf_vector":"1"}},{"base_weights":[2.2244033E-1,-2.6195157E0,3.5882995E0,-5.0616115E-1,-1.1187744E0,1.44841E0,6.073929E-1,-1.386795E-1,-4.7782898E-2,4.191742E-2,1.6517639E-1],"categories":[],"categories_nodes":[],"categories_segments":[],"categories_sizes":[],"default_left":[0,0,0,0,0,0,0,0,0,0,0],"id":46,"left_children":[1,3,5,-1,7,9,-1,-1,-1,-1,-1],"loss_changes":[1.0505585E2,1.632692E1,1.7797318E1,0E0,1.9628239E-1,1.4481926E-1,0E0,0E0,0E0,0E0,0E0],"parents":[2147483647,0,0,1,1,2,2,4,4,5,5],"right_children":[2,4,6,-1,8,10,-1,-1,-1,-1,-1],"split_conditions":[7.021164E-1,2.0124449E-1,1E0,-5.0616115E-1,4.0222344E-1,8.0143994E-1,6.073929E-1,-1.386795E-1,-4.7782898E-2,4.191742E-2,1.6517639E-1],"split_indices":[0,0,0,0,0,0,0,0,0,0,0],"split_type":[0,0,0,0,0,0,0,0,0,0,0],"sum_hessian":[9E0,5E0,4E0,1E0,4E0,3E0,1E0,2E0,2E0,1E0,2E0],"tree_param":{"num_deleted":"0","num_feature":"2","num_nodes":"11","size_leaf_vector":"1"}},{"base_weights":[2.123806E-1,-2.4730027E0,3.3923645E0,-4.8085308E-1,-1.044191E0,1.355339E0,5.770233E-1,-1.2943421E-1,-4.4597626E-2,3.9821625E-2,1.5416412E-1],"categories":[],"categories_nodes":[],"categories_segments":[],"categories_sizes":[],"default_left":[0,0,0,0,0,0,0,0,0,0,0],"id":47,"left_children":[1,3,5,-1,7,9,-1,-1,-1,-1,-1],"loss_changes":[9.378408E1,1.500116E1,1.639827E1,0E0,1.7097473E-1,9.93495E-2,0E0,0E0,0E0,0E0,0E0],"parents":[2147483647,0,0,1,1,2,2,4,4,5,5],"right_children":[2,4,6,-1,8,10,-1,-1,-1,-1,-1],"split_conditions":[7.021164E-1,2.0124449E-1,1E0,-4.8085308E-1,4.0222344E-1,8.0143994E-1,5.770233E-1,-1.2943421E-1,-4.4597626E-2,3.9821625E-2,1.5416412E-1],"split_indices":[0,0,0,0,0,0,0,0,0,0,0],"split_type":[0,0,0,0,0,0,0,0,0,0,0],"sum_hessian":[9E0,5E0,4E0,1E0,4E0,3E0,1E0,2E0,2E0,1E0,2E0],"tree_param":{"num_deleted":"0","num_feature":"2","num_nodes":"11","size_leaf_vector":"1"}},{"base_weights":[2.0275345E-1,-2.3348503E0,3.2073274E0,-4.5681038E-1,-9.7457886E-1,1.2682991E0,5.48172E-1,-1.2080536E-1,-4.1624453E-2,3.7830353E-2,1.4388631E-1],"categories":[],"categories_nodes":[],"categories_segments":[],"categories_sizes":[],"default_left":[0,0,0,0,0,0,0,0,0,0,0],"id":48,"left_children":[1,3,5,-1,7,9,-1,-1,-1,-1,-1],"loss_changes":[8.373281E1,1.3775009E1,1.5098095E1,0E0,1.4893913E-1,6.287813E-2,0E0,0E0,0E0,0E0,0E0],"parents":[2147483647,0,0,1,1,2,2,4,4,5,5],"right_children":[2,4,6,-1,8,10,-1,-1,-1,-1,-1],"split_conditions":[7.021164E-1,2.0124449E-1,1E0,-4.5681038E-1,4.0222344E-1,8.0143994E-1,5.48172E-1,-1.2080536E-1,-4.1624453E-2,3.7830353E-2,1.4388631E-1],"split_indices":[0,0,0,0,0,0,0,0,0,0,0],"split_type":[0,0,0,0,0,0,0,0,0,0,0],"sum_hessian":[9E0,5E0,4E0,1E0,4E0,3E0,1E0,2E0,2E0,1E0,2E0],"tree_param":{"num_deleted":"0","num_feature":"2","num_nodes":"11","size_leaf_vector":"1"}},{"base_weights":[1.93544E-1,-2.204572E0,3.0325744E0,-4.339699E-1,-9.0960693E-1,1.1868973E0,5.207642E-1,-1.12751774E-1,-3.8849387E-2,3.5939027E-2,1.3429362E-1],"categories":[],"categories_nodes":[],"categories_segments":[],"categories_sizes":[],"default_left":[0,0,0,0,0,0,0,0,0,0,0],"id":49,"left_children":[1,3,5,-1,7,9,-1,-1,-1,-1,-1],"loss_changes":[7.476877E1,1.2642067E1,1.3891426E1,0E0,1.2974739E-1,3.385496E-2,0E0,0E0,0E0,0E0,0E0],"parents":[2147483647,0,0,1,1,2,2,4,4,5,5],"right_children":[2,4,6,-1,8,10,-1,-1,-1,-1,-1],"split_conditions":[7.021164E-1,2.0124449E-1,1E0,-4.339699E-1,4.0222344E-1,8.0143994E-1,5.207642E-1,-1.12751774E-1,-3.8849387E-2,3.5939027E-2,1.3429362E-1],"split_indices":[0,0,0,0,0,0,0,0,0,0,0],"split_type":[0,0,0,0,0,0,0,0,0,0,0],"sum_hessian":[9E0,5E0,4E0,1E0,4E0,3E0,1E0,2E0,2E0,1E0,2E0],"tree_param":{"num_deleted":"0","num_feature":"2","num_nodes":"11","size_leaf_vector":"1"}},{"base_weights":[1.847332E-1,-2.081709E0,2.867517E0,-4.1227132E-1,-8.4896547E-1,1.1107635E0,4.9472657E-1,-1.0523478E-1,-3.625946E-2,3.4142304E-2,1.2534027E-1],"categories":[],"categories_nodes":[],"categories_segments":[],"categories_sizes":[],"default_left":[0,0,0,0,0,0,0,0,0,0,0],"id":50,"left_children":[1,3,5,-1,7,9,-1,-1,-1,-1,-1],"loss_changes":[6.677308E1,1.1596167E1,1.2772781E1,0E0,1.130209E-1,1.1012077E-2,0E0,0E0,0E0,0E0,0E0],"parents":[2147483647,0,0,1,1,2,2,4,4,5,5],"right_children":[2,4,6,-1,8,10,-1,-1,-1,-1,-1],"split_conditions":[7.021164E-1,2.0124449E-1,1E0,-4.1227132E-1,4.0222344E-1,8.0143994E-1,4.9472657E-1,-1.0523478E-1,-3.625946E-2,3.4142304E-2,1.2534027E-1],"split_indices":[0,0,0,0,0,0,0,0,0,0,0],"split_type":[0,0,0,0,0,0,0,0,0,0,0],"sum_hessian":[9E0,5E0,4E0,1E0,4E0,3E0,1E0,2E0,2E0,1E0,2E0],"tree_param":{"num_deleted":"0","num_feature":"2","num_nodes":"11","size_leaf_vector":"1"}},{"base_weights":[1.7630425E-1,-1.9658337E0,2.711609E0,-3.9165783E-1,-7.9236907E-1,1.0395584E-1,4.6999055E-1,-9.82193E-2,-3.3842217E-2],"categories":[],"categories_nodes":[],"categories_segments":[],"categories_sizes":[],"default_left":[0,0,0,0,0,0,0,0,0],"id":51,"left_children":[1,3,5,-1,7,-1,-1,-1,-1],"loss_changes":[5.9640293E1,1.0631401E1,1.17368355E1,0E0,9.8454E-2,0E0,0E0,0E0,0E0],"parents":[2147483647,0,0,1,1,2,2,4,4],"right_children":[2,4,6,-1,8,-1,-1,-1,-1],"split_conditions":[7.021164E-1,2.0124449E-1,1E0,-3.9165783E-1,4.0222344E-1,1.0395584E-1,4.6999055E-1,-9.82193E-2,-3.3842217E-2],"split_indices":[0,0,0,0,0,0,0,0,0],"split_type":[0,0,0,0,0,0,0,0,0],"sum_hessian":[9E0,5E0,4E0,1E0,4E0,3E0,1E0,2E0,2E0],"tree_param":{"num_deleted":"0","num_feature":"2","num_nodes":"9","size_leaf_vector":"1"}},{"base_weights":[1.6369705E-1,-1.5134964E0,3.0578613E0,-3.720749E-1,-5.254962E-1,1.1005453E-1,4.464905E-1,-7.3954314E-1,2.7236938E-2,-9.167125E-2,-3.1585947E-2],"categories":[],"categories_nodes":[],"categories_segments":[],"categories_sizes":[],"default_left":[0,0,0,0,0,0,0,0,0,0,0],"id":52,"left_children":[1,3,5,-1,7,-1,-1,9,-1,-1,-1],"loss_changes":[5.31688E1,1.3310122E1,6.1022835E0,0E0,1.2261132E0,0E0,0E0,8.5766315E-2,0E0,0E0,0E0],"parents":[2147483647,0,0,1,1,2,2,4,4,7,7],"right_children":[2,4,6,-1,8,-1,-1,10,-1,-1,-1],"split_conditions":[8.0143994E-1,2.0124449E-1,1E0,-3.720749E-1,7.021164E-1,1.1005453E-1,4.464905E-1,4.0222344E-1,2.7236938E-2,-9.167125E-2,-3.1585947E-2],"split_indices":[0,0,0,0,0,0,0,0,0,0,0],"split_type":[0,0,0,0,0,0,0,0,0,0,0],"sum_hessian":[9E0,6E0,3E0,1E0,5E0,2E0,1E0,4E0,1E0,2E0,2E0],"tree_param":{"num_deleted":"0","num_feature":"2","num_nodes":"11","size_leaf_vector":"1"}},{"base_weights":[1.561718E-1,-1.132544E0,3.5406902E0,-2.9430733E0,-3.8522083E-2,1.06938176E-1,4.2416534E-1,-3.534712E-1,-8.798981E-2,-4.2284966E-2,4.8675537E-2],"categories":[],"categories_nodes":[],"categories_segments":[],"categories_sizes":[],"default_left":[0,0,0,0,0,0,0,0,0,0,0],"id":53,"left_children":[1,3,5,7,9,-1,-1,-1,-1,-1,-1],"loss_changes":[4.762681E1,1.5732697E1,6.609459E-1,5.51775E-1,1.4170959E0,0E0,0E0,0E0,0E0,0E0,0E0],"parents":[2147483647,0,0,1,1,2,2,3,3,4,4],"right_children":[2,4,6,8,10,-1,-1,-1,-1,-1,-1],"split_conditions":[9.0260476E-1,3.0156225E-1,1E0,2.0124449E-1,7.021164E-1,1.06938176E-1,4.2416534E-1,-3.534712E-1,-8.798981E-2,-4.2284966E-2,4.8675537E-2],"split_indices":[0,0,0,0,0,0,0,0,0,0,0],"split_type":[0,0,0,0,0,0,0,0,0,0,0],"sum_hessian":[9E0,7E0,2E0,2E0,5E0,1E0,1E0,1E0,1E0,3E0,2E0],"tree_param":{"num_deleted":"0","num_feature":"2","num_nodes":"11","size_leaf_vector":"1"}},{"base_weights":[1.5015754E-1,-1.0736747E0,3.3636577E0,-2.7959201E0,-3.3606213E-2,1.0159149E-1,4.0295717E-1,-3.357977E-1,-8.359032E-2,-3.911381E-2,4.5430504E-2],"categories":[],"categories_nodes":[],"categories_segments":[],"categories_sizes":[],"default_left":[0,0,0,0,0,0,0,0,0,0,0],"id":54,"left_children":[1,3,5,7,9,-1,-1,-1,-1,-1,-1],"loss_changes":[4.2939323E1,1.4236066E1,5.964813E-1,4.979782E-1,1.2243589E0,0E0,0E0,0E0,0E0,0E0,0E0],"parents":[2147483647,0,0,1,1,2,2,3,3,4,4],"right_children":[2,4,6,8,10,-1,-1,-1,-1,-1,-1],"split_conditions":[9.0260476E-1,3.0156225E-1,1E0,2.0124449E-1,7.021164E-1,1.0159149E-1,4.0295717E-1,-3.357977E-1,-8.359032E-2,-3.911381E-2,4.5430504E-2],"split_indices":[0,0,0,0,0,0,0,0,0,0,0],"split_type":[0,0,0,0,0,0,0,0,0,0,0],"sum_hessian":[9E0,7E0,2E0,2E0,5E0,1E0,1E0,1E0,1E0,3E0,2E0],"tree_param":{"num_deleted":"0","num_feature":"2","num_nodes":"11","size_leaf_vector":"1"}},{"base_weights":[1.4429016E-1,-1.0179405E0,3.1954753E0,-2.6561253E0,-2.9191336E-2,9.651184E-2,3.8280946E-1,-3.1900787E-1,-7.941093E-2,-3.6180306E-2,4.240214E-2],"categories":[],"categories_nodes":[],"categories_segments":[],"categories_sizes":[],"default_left":[0,0,0,0,0,0,0,0,0,0,0],"id":55,"left_children":[1,3,5,7,9,-1,-1,-1,-1,-1,-1],"loss_changes":[3.8714615E1,1.2880497E1,5.383358E-1,4.494171E-1,1.0578755E0,0E0,0E0,0E0,0E0,0E0,0E0],"parents":[2147483647,0,0,1,1,2,2,3,3,4,4],"right_children":[2,4,6,8,10,-1,-1,-1,-1,-1,-1],"split_conditions":[9.0260476E-1,3.0156225E-1,1E0,2.0124449E-1,7.021164E-1,9.651184E-2,3.8280946E-1,-3.1900787E-1,-7.941093E-2,-3.6180306E-2,4.240214E-2],"split_indices":[0,0,0,0,0,0,0,0,0,0,0],"split_type":[0,0,0,0,0,0,0,0,0,0,0],"sum_hessian":[9E0,7E0,2E0,2E0,5E0,1E0,1E0,1E0,1E0,3E0,2E0],"tree_param":{"num_deleted":"0","num_feature":"2","num_nodes":"11","size_leaf_vector":"1"}},{"base_weights":[1.3857421E-1,-9.651718E-1,3.0357056E0,-2.523318E0,-2.5236765E-2,9.1687016E-2,3.6366883E-1,-3.030575E-1,-7.544022E-2,-3.3466913E-2,3.9575197E-2],"categories":[],"categories_nodes":[],"categories_segments":[],"categories_sizes":[],"default_left":[0,0,0,0,0,0,0,0,0,0,0],"id":56,"left_children":[1,3,5,7,9,-1,-1,-1,-1,-1,-1],"loss_changes":[3.4906948E1,1.1652767E1,4.857788E-1,4.0561104E-1,9.1405106E-1,0E0,0E0,0E0,0E0,0E0,0E0],"parents":[2147483647,0,0,1,1,2,2,3,3,4,4],"right_children":[2,4,6,8,10,-1,-1,-1,-1,-1,-1],"split_conditions":[9.0260476E-1,3.0156225E-1,1E0,2.0124449E-1,7.021164E-1,9.1687016E-2,3.6366883E-1,-3.030575E-1,-7.544022E-2,-3.3466913E-2,3.9575197E-2],"split_indices":[0,0,0,0,0,0,0,0,0,0,0],"split_type":[0,0,0,0,0,0,0,0,0,0,0],"sum_hessian":[9E0,7E0,2E0,2E0,5E0,1E0,1E0,1E0,1E0,3E0,2E0],"tree_param":{"num_deleted":"0","num_feature":"2","num_nodes":"11","size_leaf_vector":"1"}},{"base_weights":[1.3301277E-1,-9.152045E-1,2.8839214E0,-2.397152E0,-2.1696726E-2,8.710327E-2,3.4548494E-1,-2.8790456E-1,-7.1668245E-2,-3.095684E-2,3.6936443E-2],"categories":[],"categories_nodes":[],"categories_segments":[],"categories_sizes":[],"default_left":[0,0,0,0,0,0,0,0,0,0,0],"id":57,"left_children":[1,3,5,7,9,-1,-1,-1,-1,-1,-1],"loss_changes":[3.1474876E1,1.0541042E1,4.383564E-1,3.6606216E-1,7.897962E-1,0E0,0E0,0E0,0E0,0E0,0E0],"parents":[2147483647,0,0,1,1,2,2,3,3,4,4],"right_children":[2,4,6,8,10,-1,-1,-1,-1,-1,-1],"split_conditions":[9.0260476E-1,3.0156225E-1,1E0,2.0124449E-1,7.021164E-1,8.710327E-2,3.4548494E-1,-2.8790456E-1,-7.1668245E-2,-3.095684E-2,3.6936443E-2],"split_indices":[0,0,0,0,0,0,0,0,0,0,0],"split_type":[0,0,0,0,0,0,0,0,0,0,0],"sum_hessian":[9E0,7E0,2E0,2E0,5E0,1E0,1E0,1E0,1E0,3E0,2E0],"tree_param":{"num_deleted":"0","num_feature":"2","num_nodes":"11","size_leaf_vector":"1"}},{"base_weights":[1.2761116E-1,-8.678832E-1,2.7397258E0,-2.2772942E0,-1.8530527E-2,8.274841E-2,3.2821044E-1,-2.735094E-1,-6.808472E-2,-2.8634835E-2,3.4473673E-2],"categories":[],"categories_nodes":[],"categories_segments":[],"categories_sizes":[],"default_left":[0,0,0,0,0,0,0,0,0,0,0],"id":58,"left_children":[1,3,5,7,9,-1,-1,-1,-1,-1,-1],"loss_changes":[2.8381218E1,9.534495E0,3.95586E-1,3.303795E-1,6.824515E-1,0E0,0E0,0E0,0E0,0E0,0E0],"parents":[2147483647,0,0,1,1,2,2,3,3,4,4],"right_children":[2,4,6,8,10,-1,-1,-1,-1,-1,-1],"split_conditions":[9.0260476E-1,3.0156225E-1,1E0,2.0124449E-1,7.021164E-1,8.274841E-2,3.2821044E-1,-2.735094E-1,-6.808472E-2,-2.8634835E-2,3.4473673E-2],"split_indices":[0,0,0,0,0,0,0,0,0,0,0],"split_type":[0,0,0,0,0,0,0,0,0,0,0],"sum_hessian":[9E0,7E0,2E0,2E0,5E0,1E0,1E0,1E0,1E0,3E0,2E0],"tree_param":{"num_deleted":"0","num_feature":"2","num_nodes":"11","size_leaf_vector":"1"}},{"base_weights":[1.22369386E-1,-8.230629E-1,2.6027324E0,-2.1634293E0,-1.5702566E-2,7.8610234E-2,3.1179962E-1,-2.598339E-1,-6.468048E-2,-2.648716E-1,3.21757E-2,-3.031896E-2,-7.49588E-3],"categories":[],"categories_nodes":[],"categories_segments":[],"categories_sizes":[],"default_left":[0,0,0,0,0,0,0,0,0,0,0,0,0],"id":59,"left_children":[1,3,5,7,9,-1,-1,-1,-1,11,-1,-1,-1],"loss_changes":[2.5592365E1,8.623298E0,3.570671E-1,2.9816628E-1,5.897311E-1,0E0,0E0,0E0,0E0,6.381601E-3,0E0,0E0,0E0],"parents":[2147483647,0,0,1,1,2,2,3,3,4,4,9,9],"right_children":[2,4,6,8,10,-1,-1,-1,-1,12,-1,-1,-1],"split_conditions":[9.0260476E-1,3.0156225E-1,1E0,2.0124449E-1,7.021164E-1,7.8610234E-2,3.1179962E-1,-2.598339E-1,-6.468048E-2,5.027162E-1,3.21757E-2,-3.031896E-2,-7.49588E-3],"split_indices":[0,0,0,0,0,0,0,0,0,0,0,0,0],"split_type":[0,0,0,0,0,0,0,0,0,0,0,0,0],"sum_hessian":[9E0,7E0,2E0,2E0,5E0,1E0,1E0,1E0,1E0,3E0,2E0,2E0,1E0],"tree_param":{"num_deleted":"0","num_feature":"2","num_nodes":"13","size_leaf_vector":"1"}},{"base_weights":[1.1615677E-1,-7.8202724E-1,2.4725952E0,-2.055257E0,-1.5074412E-2,7.467957E-2,2.9620972E-1,-2.4684219E-1,-6.144638E-2,-2.4783897E-1,3.0030314E-2,-2.8297678E-2,-7.121277E-3],"categories":[],"categories_nodes":[],"categories_segments":[],"categories_sizes":[],"default_left":[0,0,0,0,0,0,0,0,0,0,0,0,0],"id":60,"left_children":[1,3,5,7,9,-1,-1,-1,-1,11,-1,-1,-1],"loss_changes":[2.309879E1,7.781077E0,3.2226562E-1,2.6909924E-1,5.148791E-1,0E0,0E0,0E0,0E0,4.673451E-3,0E0,0E0,0E0],"parents":[2147483647,0,0,1,1,2,2,3,3,4,4,9,9],"right_children":[2,4,6,8,10,-1,-1,-1,-1,12,-1,-1,-1],"split_conditions":[9.0260476E-1,3.0156225E-1,1E0,2.0124449E-1,7.021164E-1,7.467957E-2,2.9620972E-1,-2.4684219E-1,-6.144638E-2,5.027162E-1,3.0030314E-2,-2.8297678E-2,-7.121277E-3],"split_indices":[0,0,0,0,0,0,0,0,0,0,0,0,0],"split_type":[0,0,0,0,0,0,0,0,0,0,0,0,0],"sum_hessian":[9E0,7E0,2E0,2E0,5E0,1E0,1E0,1E0,1E0,3E0,2E0,2E0,1E0],"tree_param":{"num_deleted":"0","num_feature":"2","num_nodes":"13","size_leaf_vector":"1"}},{"base_weights":[1.10263824E-1,-7.430334E-1,2.3489685E0,-1.9524943E0,-1.4464061E-2,7.094574E-2,2.8139955E-1,-2.3450013E-1,-5.8374025E-2,-2.319088E-1,2.802836E-2,-2.6411185E-2,-6.764984E-3],"categories":[],"categories_nodes":[],"categories_segments":[],"categories_sizes":[],"default_left":[0,0,0,0,0,0,0,0,0,0,0,0,0],"id":61,"left_children":[1,3,5,7,9,-1,-1,-1,-1,11,-1,-1,-1],"loss_changes":[2.0848167E1,7.0211678E0,2.9084015E-1,2.4286461E-1,4.495482E-1,0E0,0E0,0E0,0E0,3.291428E-3,0E0,0E0,0E0],"parents":[2147483647,0,0,1,1,2,2,3,3,4,4,9,9],"right_children":[2,4,6,8,10,-1,-1,-1,-1,12,-1,-1,-1],"split_conditions":[9.0260476E-1,3.0156225E-1,1E0,2.0124449E-1,7.021164E-1,7.094574E-2,2.8139955E-1,-2.3450013E-1,-5.8374025E-2,5.027162E-1,2.802836E-2,-2.6411185E-2,-6.764984E-3],"split_indices":[0,0,0,0,0,0,0,0,0,0,0,0,0],"split_type":[0,0,0,0,0,0,0,0,0,0,0,0,0],"sum_hessian":[9E0,7E0,2E0,2E0,5E0,1E0,1E0,1E0,1E0,3E0,2E0,2E0,1E0],"tree_param":{"num_deleted":"0","num_feature":"2","num_nodes":"13","size_leaf_vector":"1"}},{"base_weights":[1.0466804E-1,-7.0598364E-1,2.2315166E0,-1.8548698E0,-1.3876597E-2,6.739807E-2,2.6732942E-1,-2.2277509E-1,-5.5455398E-2,-2.170124E-1,2.6159668E-2,-2.4650319E-2,-6.427002E-3],"categories":[],"categories_nodes":[],"categories_segments":[],"categories_sizes":[],"default_left":[0,0,0,0,0,0,0,0,0,0,0,0,0],"id":62,"left_children":[1,3,5,7,9,-1,-1,-1,-1,11,-1,-1,-1],"loss_changes":[1.8816748E1,6.3354783E0,2.6250362E-1,2.191801E-1,3.9252064E-1,0E0,0E0,0E0,0E0,2.175212E-3,0E0,0E0,0E0],"parents":[2147483647,0,0,1,1,2,2,3,3,4,4,9,9],"right_children":[2,4,6,8,10,-1,-1,-1,-1,12,-1,-1,-1],"split_conditions":[9.0260476E-1,3.0156225E-1,1E0,2.0124449E-1,7.021164E-1,6.739807E-2,2.6732942E-1,-2.2277509E-1,-5.5455398E-2,5.027162E-1,2.6159668E-2,-2.4650319E-2,-6.427002E-3],"split_indices":[0,0,0,0,0,0,0,0,0,0,0,0,0],"split_type":[0,0,0,0,0,0,0,0,0,0,0,0,0],"sum_hessian":[9E0,7E0,2E0,2E0,5E0,1E0,1E0,1E0,1E0,3E0,2E0,2E0,1E0],"tree_param":{"num_deleted":"0","num_feature":"2","num_nodes":"13","size_leaf_vector":"1"}},{"base_weights":[9.936142E-2,-8.492988E-1,1.7346764E0,-2.1163635E-1,-2.8539404E-1,6.1981708E-2,2.5396273E-1,-5.1344045E-2,-4.301071E-2,-1.0855103E-2,7.6805116E-3],"categories":[],"categories_nodes":[],"categories_segments":[],"categories_sizes":[],"default_left":[0,0,0,0,0,0,0,0,0,0,0],"id":63,"left_children":[1,3,5,-1,7,-1,-1,-1,9,-1,-1],"loss_changes":[1.6986841E1,4.397529E0,2.015523E0,0E0,3.0956444E-1,0E0,0E0,0E0,3.974834E-2,0E0,0E0],"parents":[2147483647,0,0,1,1,2,2,4,4,8,8],"right_children":[2,4,6,-1,8,-1,-1,-1,10,-1,-1],"split_conditions":[8.0143994E-1,2.0124449E-1,1E0,-2.1163635E-1,4.0222344E-1,6.1981708E-2,2.5396273E-1,-5.1344045E-2,7.021164E-1,-1.0855103E-2,7.6805116E-3],"split_indices":[0,0,0,0,0,0,0,0,0,0,0],"split_type":[0,0,0,0,0,0,0,0,0,0,0],"sum_hessian":[9E0,6E0,3E0,1E0,5E0,2E0,1E0,2E0,3E0,2E0,1E0],"tree_param":{"num_deleted":"0","num_feature":"2","num_nodes":"11","size_leaf_vector":"1"}},{"base_weights":[9.440422E-2,-6.3748026E-1,2.0146282E0,-1.6744652E0,-1.2741089E-2,6.0929872E-2,2.4126434E-1,-2.0105457E-1,-5.0115205E-2,-1.8481827E-1,2.2094218E-2,-2.0933533E-2,-5.5633546E-3],"categories":[],"categories_nodes":[],"categories_segments":[],"categories_sizes":[],"default_left":[0,0,0,0,0,0,0,0,0,0,0,0,0],"id":64,"left_children":[1,3,5,7,9,-1,-1,-1,-1,11,-1,-1,-1],"loss_changes":[1.5338105E1,5.161426E0,2.0800781E-1,1.7539406E-1,2.821035E-1,0E0,0E0,0E0,0E0,1.0228455E-3,0E0,0E0,0E0],"parents":[2147483647,0,0,1,1,2,2,3,3,4,4,9,9],"right_children":[2,4,6,8,10,-1,-1,-1,-1,12,-1,-1,-1],"split_conditions":[9.0260476E-1,3.0156225E-1,1E0,2.0124449E-1,7.021164E-1,6.0929872E-2,2.4126434E-1,-2.0105457E-1,-5.0115205E-2,5.027162E-1,2.2094218E-2,-2.0933533E-2,-5.5633546E-3],"split_indices":[0,0,0,0,0,0,0,0,0,0,0,0,0],"split_type":[0,0,0,0,0,0,0,0,0,0,0,0,0],"sum_hessian":[9E0,7E0,2E0,2E0,5E0,1E0,1E0,1E0,1E0,3E0,2E0,2E0,1E0],"tree_param":{"num_deleted":"0","num_feature":"2","num_nodes":"13","size_leaf_vector":"1"}},{"base_weights":[8.9624785E-2,-6.056776E-1,1.9138895E0,-1.5907415E0,-1.2199402E-2,5.7882693E-2,2.2920075E-1,-1.9100189E-1,-4.760933E-2,-1.7295837E-1,2.0621236E-1,-1.9537862E-2,-5.2848817E-3,6.192017E-3,2.4739837E-2],"categories":[],"categories_nodes":[],"categories_segments":[],"categories_sizes":[],"default_left":[0,0,0,0,0,0,0,0,0,0,0,0,0,0,0],"id":65,"left_children":[1,3,5,7,9,-1,-1,-1,-1,11,13,-1,-1,-1,-1],"loss_changes":[1.3843356E1,4.6575055E0,1.8775845E-1,1.5829897E-1,2.4633606E-1,0E0,0E0,0E0,0E0,4.4600666E-4,2.5095195E-3,0E0,0E0,0E0,0E0],"parents":[2147483647,0,0,1,1,2,2,3,3,4,4,9,9,10,10],"right_children":[2,4,6,8,10,-1,-1,-1,-1,12,14,-1,-1,-1,-1],"split_conditions":[9.0260476E-1,3.0156225E-1,1E0,2.0124449E-1,7.021164E-1,5.7882693E-2,2.2920075E-1,-1.9100189E-1,-4.760933E-2,5.027162E-1,8.0143994E-1,-1.9537862E-2,-5.2848817E-3,6.192017E-3,2.4739837E-2],"split_indices":[0,0,0,0,0,0,0,0,0,0,0,0,0,0,0],"split_type":[0,0,0,0,0,0,0,0,0,0,0,0,0,0,0],"sum_hessian":[9E0,7E0,2E0,2E0,5E0,1E0,1E0,1E0,1E0,3E0,2E0,2E0,1E0,1E0,1E0],"tree_param":{"num_deleted":"0","num_feature":"2","num_nodes":"15","size_leaf_vector":"1"}},{"base_weights":[8.6120605E-2,-5.74173E-1,1.8181967E0,-1.5112051E0,-9.961446E-3,5.4988097E-2,2.177414E-1,-1.814518E-1,-4.5228958E-2,-1.6186906E-2,1.9590251E-1,5.882263E-3,2.3503114E-2],"categories":[],"categories_nodes":[],"categories_segments":[],"categories_sizes":[],"default_left":[0,0,0,0,0,0,0,0,0,0,0,0,0],"id":66,"left_children":[1,3,5,7,9,-1,-1,-1,-1,-1,11,-1,-1],"loss_changes":[1.2480746E1,4.2144203E0,1.6948414E-1,1.4286089E-1,2.1934436E-1,0E0,0E0,0E0,0E0,0E0,2.266094E-3,0E0,0E0],"parents":[2147483647,0,0,1,1,2,2,3,3,4,4,10,10],"right_children":[2,4,6,8,10,-1,-1,-1,-1,-1,12,-1,-1],"split_conditions":[9.0260476E-1,3.0156225E-1,1E0,2.0124449E-1,7.021164E-1,5.4988097E-2,2.177414E-1,-1.814518E-1,-4.5228958E-2,-1.6186906E-2,8.0143994E-1,5.882263E-3,2.3503114E-2],"split_indices":[0,0,0,0,0,0,0,0,0,0,0,0,0],"split_type":[0,0,0,0,0,0,0,0,0,0,0,0,0],"sum_hessian":[9E0,7E0,2E0,2E0,5E0,1E0,1E0,1E0,1E0,3E0,2E0,1E0,1E0],"tree_param":{"num_deleted":"0","num_feature":"2","num_nodes":"13","size_leaf_vector":"1"}},{"base_weights":[8.343277E-2,-5.434408E-1,1.7272848E0,-1.435646E0,-6.76473E-3,5.2238464E-2,2.0685425E-1,-1.723793E-1,-4.2967606E-2,-1.4972687E-1,1.8610637E-1,-1.7155966E-2,-4.211426E-3,5.5877687E-3,2.2328187E-2],"categories":[],"categories_nodes":[],"categories_segments":[],"categories_sizes":[],"default_left":[0,0,0,0,0,0,0,0,0,0,0,0,0,0,0],"id":67,"left_children":[1,3,5,7,9,-1,-1,-1,-1,11,13,-1,-1,-1,-1],"loss_changes":[1.124355E1,3.8208902E0,1.5297031E-1,1.2892914E-1,1.9330472E-1,0E0,0E0,0E0,0E0,2.1728203E-3,2.0474643E-3,0E0,0E0,0E0,0E0],"parents":[2147483647,0,0,1,1,2,2,3,3,4,4,9,9,10,10],"right_children":[2,4,6,8,10,-1,-1,-1,-1,12,14,-1,-1,-1,-1],"split_conditions":[9.0260476E-1,3.0156225E-1,1E0,2.0124449E-1,7.021164E-1,5.2238464E-2,2.0685425E-1,-1.723793E-1,-4.2967606E-2,5.027162E-1,8.0143994E-1,-1.7155966E-2,-4.211426E-3,5.5877687E-3,2.2328187E-2],"split_indices":[0,0,0,0,0,0,0,0,0,0,0,0,0,0,0],"split_type":[0,0,0,0,0,0,0,0,0,0,0,0,0,0,0],"sum_hessian":[9E0,7E0,2E0,2E0,5E0,1E0,1E0,1E0,1E0,3E0,2E0,2E0,1E0,1E0,1E0],"tree_param":{"num_deleted":"0","num_feature":"2","num_nodes":"15","size_leaf_vector":"1"}},{"base_weights":[8.012009E-2,-5.151949E-1,1.64092E0,-1.3638636E0,-4.9947104E-3,4.962616E-2,1.9651185E-1,-1.6376038E-1,-4.0819168E-2,-1.4009476E-1,1.7680359E-1,-1.6012065E-2,-4.0008547E-3,5.3085326E-3,2.1212006E-2],"categories":[],"categories_nodes":[],"categories_segments":[],"categories_sizes":[],"default_left":[0,0,0,0,0,0,0,0,0,0,0,0,0,0,0],"id":68,"left_children":[1,3,5,7,9,-1,-1,-1,-1,11,13,-1,-1,-1,-1],"loss_changes":[1.013707E1,3.4571154E0,1.3807678E-1,1.1636114E-1,1.7213501E-1,0E0,0E0,0E0,0E0,1.6110688E-3,1.8474087E-3,0E0,0E0,0E0,0E0],"parents":[2147483647,0,0,1,1,2,2,3,3,4,4,9,9,10,10],"right_children":[2,4,6,8,10,-1,-1,-1,-1,12,14,-1,-1,-1,-1],"split_conditions":[9.0260476E-1,3.0156225E-1,1E0,2.0124449E-1,7.021164E-1,4.962616E-2,1.9651185E-1,-1.6376038E-1,-4.0819168E-2,5.027162E-1,8.0143994E-1,-1.6012065E-2,-4.0008547E-3,5.3085326E-3,2.1212006E-2],"split_indices":[0,0,0,0,0,0,0,0,0,0,0,0,0,0,0],"split_type":[0,0,0,0,0,0,0,0,0,0,0,0,0,0,0],"sum_hessian":[9E0,7E0,2E0,2E0,5E0,1E0,1E0,1E0,1E0,3E0,2E0,2E0,1E0,1E0,1E0],"tree_param":{"num_deleted":"0","num_feature":"2","num_nodes":"15","size_leaf_vector":"1"}},{"base_weights":[7.691612E-2,-4.884343E-1,1.5588785E0,-1.2956709E0,-3.4103394E-3,4.714508E-2,1.8668671E-1,-1.5557232E-1,-3.8778305E-2,-1.3108826E-1,1.6796367E-1,-1.7274475E-2,-5.9621176E-3,5.04303E-3,2.015152E-2],"categories":[],"categories_nodes":[],"categories_segments":[],"categories_sizes":[],"default_left":[0,0,0,0,0,0,0,0,0,0,0,0,0,0,0],"id":69,"left_children":[1,3,5,7,9,-1,-1,-1,-1,11,13,-1,-1,-1,-1],"loss_changes":[9.139691E0,3.1278138E0,1.2460947E-1,1.0501194E-1,1.5330212E-1,0E0,0E0,0E0,0E0,1.6090274E-3,1.667805E-3,0E0,0E0,0E0,0E0],"parents":[2147483647,0,0,1,1,2,2,3,3,4,4,9,9,10,10],"right_children":[2,4,6,8,10,-1,-1,-1,-1,12,14,-1,-1,-1,-1],"split_conditions":[9.0260476E-1,3.0156225E-1,1E0,2.0124449E-1,7.021164E-1,4.714508E-2,1.8668671E-1,-1.5557232E-1,-3.8778305E-2,4.0222344E-1,8.0143994E-1,-1.7274475E-2,-5.9621176E-3,5.04303E-3,2.015152E-2],"split_indices":[0,0,0,0,0,0,0,0,0,0,0,0,0,0,0],"split_type":[0,0,0,0,0,0,0,0,0,0,0,0,0,0,0],"sum_hessian":[9E0,7E0,2E0,2E0,5E0,1E0,1E0,1E0,1E0,3E0,2E0,1E0,2E0,1E0,1E0],"tree_param":{"num_deleted":"0","num_feature":"2","num_nodes":"15","size_leaf_vector":"1"}},{"base_weights":[7.336922E-2,-4.6363974E-1,1.4809366E0,-1.230887E0,-2.7427673E-3,4.4787597E-2,1.773529E-1,-1.4779377E-1,-3.6839295E-2,-1.2378883E-1,1.5956624E-1,-1.6410828E-2,-5.564626E-3,4.7912598E-3,1.9143676E-2],"categories":[],"categories_nodes":[],"categories_segments":[],"categories_sizes":[],"default_left":[0,0,0,0,0,0,0,0,0,0,0,0,0,0,0],"id":70,"left_children":[1,3,5,7,9,-1,-1,-1,-1,11,13,-1,-1,-1,-1],"loss_changes":[8.245385E0,2.8255997E0,1.1247587E-1,9.4777584E-2,1.3763373E-1,0E0,0E0,0E0,0E0,1.857873E-3,1.5031472E-3,0E0,0E0,0E0,0E0],"parents":[2147483647,0,0,1,1,2,2,3,3,4,4,9,9,10,10],"right_children":[2,4,6,8,10,-1,-1,-1,-1,12,14,-1,-1,-1,-1],"split_conditions":[9.0260476E-1,3.0156225E-1,1E0,2.0124449E-1,7.021164E-1,4.4787597E-2,1.773529E-1,-1.4779377E-1,-3.6839295E-2,4.0222344E-1,8.0143994E-1,-1.6410828E-2,-5.564626E-3,4.7912598E-3,1.9143676E-2],"split_indices":[0,0,0,0,0,0,0,0,0,0,0,0,0,0,0],"split_type":[0,0,0,0,0,0,0,0,0,0,0,0,0,0,0],"sum_hessian":[9E0,7E0,2E0,2E0,5E0,1E0,1E0,1E0,1E0,3E0,2E0,1E0,2E0,1E0,1E0],"tree_param":{"num_deleted":"0","num_feature":"2","num_nodes":"15","size_leaf_vector":"1"}},{"base_weights":[6.997605E-2,-4.401102E-1,1.4068807E0,-1.169342E0,-2.1425884E-3,4.254761E-2,1.684845E-1,-1.4040413E-1,-3.4997176E-2,-1.16903305E-1,1.5158589E-1,-1.5590287E-2,-5.193583E-3,4.551697E-3,1.8186187E-2],"categories":[],"categories_nodes":[],"categories_segments":[],"categories_sizes":[],"default_left":[0,0,0,0,0,0,0,0,0,0,0,0,0,0,0],"id":71,"left_children":[1,3,5,7,9,-1,-1,-1,-1,11,13,-1,-1,-1,-1],"loss_changes":[7.4385495E0,2.5525346E0,1.0152483E-1,8.5541725E-2,1.23572834E-1,0E0,0E0,0E0,0E0,2.0378642E-3,1.3562217E-3,0E0,0E0,0E0,0E0],"parents":[2147483647,0,0,1,1,2,2,3,3,4,4,9,9,10,10],"right_children":[2,4,6,8,10,-1,-1,-1,-1,12,14,-1,-1,-1,-1],"split_conditions":[9.0260476E-1,3.0156225E-1,1E0,2.0124449E-1,7.021164E-1,4.254761E-2,1.684845E-1,-1.4040413E-1,-3.4997176E-2,4.0222344E-1,8.0143994E-1,-1.5590287E-2,-5.193583E-3,4.551697E-3,1.8186187E-2],"split_indices":[0,0,0,0,0,0,0,0,0,0,0,0,0,0,0],"split_type":[0,0,0,0,0,0,0,0,0,0,0,0,0,0,0],"sum_hessian":[9E0,7E0,2E0,2E0,5E0,1E0,1E0,1E0,1E0,3E0,2E0,1E0,2E0,1E0,1E0],"tree_param":{"num_deleted":"0","num_feature":"2","num_nodes":"15","size_leaf_vector":"1"}},{"base_weights":[6.67366E-2,-4.1778088E-1,1.3365377E0,-1.1108755E0,-1.6034445E-3,4.0420532E-2,1.6006012E-1,-1.3338394E-1,-3.3247378E-2,-1.1041069E-1,1.4400737E-1,-1.4810944E-2,-4.8474628E-3,4.3243407E-3,1.7276764E-2],"categories":[],"categories_nodes":[],"categories_segments":[],"categories_sizes":[],"default_left":[0,0,0,0,0,0,0,0,0,0,0,0,0,0,0],"id":72,"left_children":[1,3,5,7,9,-1,-1,-1,-1,11,13,-1,-1,-1,-1],"loss_changes":[6.7107882E0,2.3058214E0,9.161377E-2,7.7199936E-2,1.1096102E-1,0E0,0E0,0E0,0E0,2.1600984E-3,1.2229346E-3,0E0,0E0,0E0,0E0],"parents":[2147483647,0,0,1,1,2,2,3,3,4,4,9,9,10,10],"right_children":[2,4,6,8,10,-1,-1,-1,-1,12,14,-1,-1,-1,-1],"split_conditions":[9.0260476E-1,3.0156225E-1,1E0,2.0124449E-1,7.021164E-1,4.0420532E-2,1.6006012E-1,-1.3338394E-1,-3.3247378E-2,4.0222344E-1,8.0143994E-1,-1.4810944E-2,-4.8474628E-3,4.3243407E-3,1.7276764E-2],"split_indices":[0,0,0,0,0,0,0,0,0,0,0,0,0,0,0],"split_type":[0,0,0,0,0,0,0,0,0,0,0,0,0,0,0],"sum_hessian":[9E0,7E0,2E0,2E0,5E0,1E0,1E0,1E0,1E0,3E0,2E0,1E0,2E0,1E0,1E0],"tree_param":{"num_deleted":"0","num_feature":"2","num_nodes":"15","size_leaf_vector":"1"}},{"base_weights":[6.364441E-2,-3.9658737E-1,1.2697144E0,-1.0553309E0,-1.1177063E-3,3.840027E-2,1.5205689E-1,-1.267147E-1,-3.158493E-2,-1.0428429E-1,1.368103E-1,-1.4070511E-2,-4.524231E-3,4.108429E-3,1.6413117E-2],"categories":[],"categories_nodes":[],"categories_segments":[],"categories_sizes":[],"default_left":[0,0,0,0,0,0,0,0,0,0,0,0,0,0,0],"id":73,"left_children":[1,3,5,7,9,-1,-1,-1,-1,11,13,-1,-1,-1,-1],"loss_changes":[6.0542703E0,2.082925E0,8.265209E-2,6.967473E-2,9.964453E-2,0E0,0E0,0E0,0E0,2.2356063E-3,1.1027418E-3,0E0,0E0,0E0,0E0],"parents":[2147483647,0,0,1,1,2,2,3,3,4,4,9,9,10,10],"right_children":[2,4,6,8,10,-1,-1,-1,-1,12,14,-1,-1,-1,-1],"split_conditions":[9.0260476E-1,3.0156225E-1,1E0,2.0124449E-1,7.021164E-1,3.840027E-2,1.5205689E-1,-1.267147E-1,-3.158493E-2,4.0222344E-1,8.0143994E-1,-1.4070511E-2,-4.524231E-3,4.108429E-3,1.6413117E-2],"split_indices":[0,0,0,0,0,0,0,0,0,0,0,0,0,0,0],"split_type":[0,0,0,0,0,0,0,0,0,0,0,0,0,0,0],"sum_hessian":[9E0,7E0,2E0,2E0,5E0,1E0,1E0,1E0,1E0,3E0,2E0,1E0,2E0,1E0,1E0],"tree_param":{"num_deleted":"0","num_feature":"2","num_nodes":"15","size_leaf_vector":"1"}},{"base_weights":[6.0687255E-2,-3.764763E-1,1.2062277E0,-1.0025635E0,-6.866455E-4,3.6480714E-2,1.4445344E-1,-1.20378874E-1,-3.0005647E-2,-9.850693E-2,1.2996928E-1,-1.3367081E-2,-4.22287E-3,3.9031983E-3,1.5592194E-2],"categories":[],"categories_nodes":[],"categories_segments":[],"categories_sizes":[],"default_left":[0,0,0,0,0,0,0,0,0,0,0,0,0,0,0],"id":74,"left_children":[1,3,5,7,9,-1,-1,-1,-1,11,13,-1,-1,-1,-1],"loss_changes":[5.4620013E0,1.8815284E0,7.457209E-2,6.288195E-2,8.948767E-2,0E0,0E0,0E0,0E0,2.2711009E-3,9.942465E-4,0E0,0E0,0E0,0E0],"parents":[2147483647,0,0,1,1,2,2,3,3,4,4,9,9,10,10],"right_children":[2,4,6,8,10,-1,-1,-1,-1,12,14,-1,-1,-1,-1],"split_conditions":[9.0260476E-1,3.0156225E-1,1E0,2.0124449E-1,7.021164E-1,3.6480714E-2,1.4445344E-1,-1.20378874E-1,-3.0005647E-2,4.0222344E-1,8.0143994E-1,-1.3367081E-2,-4.22287E-3,3.9031983E-3,1.5592194E-2],"split_indices":[0,0,0,0,0,0,0,0,0,0,0,0,0,0,0],"split_type":[0,0,0,0,0,0,0,0,0,0,0,0,0,0,0],"sum_hessian":[9E0,7E0,2E0,2E0,5E0,1E0,1E0,1E0,1E0,3E0,2E0,1E0,2E0,1E0,1E0],"tree_param":{"num_deleted":"0","num_feature":"2","num_nodes":"15","size_leaf_vector":"1"}},{"base_weights":[5.7866286E-2,-3.5738897E-1,1.1459249E0,-9.5243454E-1,-3.0136108E-4,3.465729E-2,1.3723145E-1,-1.14359856E-1,-2.8505325E-2,-9.305382E-2,1.2346903E-1,-1.2698746E-2,-3.9413455E-3,3.7078857E-3,1.48124695E-2],"categories":[],"categories_nodes":[],"categories_segments":[],"categories_sizes":[],"default_left":[0,0,0,0,0,0,0,0,0,0,0,0,0,0,0],"id":75,"left_children":[1,3,5,7,9,-1,-1,-1,-1,11,13,-1,-1,-1,-1],"loss_changes":[4.9277616E0,1.69958E0,6.728768E-2,5.675149E-2,8.0369316E-2,0E0,0E0,0E0,0E0,2.2758394E-3,8.977279E-4,0E0,0E0,0E0,0E0],"parents":[2147483647,0,0,1,1,2,2,3,3,4,4,9,9,10,10],"right_children":[2,4,6,8,10,-1,-1,-1,-1,12,14,-1,-1,-1,-1],"split_conditions":[9.0260476E-1,3.0156225E-1,1E0,2.0124449E-1,7.021164E-1,3.465729E-2,1.3723145E-1,-1.14359856E-1,-2.8505325E-2,4.0222344E-1,8.0143994E-1,-1.2698746E-2,-3.9413455E-3,3.7078857E-3,1.48124695E-2],"split_indices":[0,0,0,0,0,0,0,0,0,0,0,0,0,0,0],"split_type":[0,0,0,0,0,0,0,0,0,0,0,0,0,0,0],"sum_hessian":[9E0,7E0,2E0,2E0,5E0,1E0,1E0,1E0,1E0,3E0,2E0,1E0,2E0,1E0,1E0],"tree_param":{"num_deleted":"0","num_feature":"2","num_nodes":"15","size_leaf_vector":"1"}},{"base_weights":[5.516739E-2,-3.392744E-1,1.088623E0,-9.048131E-1,4.0690105E-5,3.292389E-2,1.3036957E-1,-1.0864182E-1,-2.7080154E-2,-8.79097E-2,1.1729431E-1,-1.206398E-2,-3.6786397E-3,3.5224915E-3,1.4071655E-2],"categories":[],"categories_nodes":[],"categories_segments":[],"categories_sizes":[],"default_left":[0,0,0,0,0,0,0,0,0,0,0,0,0,0,0],"id":76,"left_children":[1,3,5,7,9,-1,-1,-1,-1,11,13,-1,-1,-1,-1],"loss_changes":[4.445723E0,1.5352035E0,6.074071E-2,5.121541E-2,7.218632E-2,0E0,0E0,0E0,0E0,2.2551771E-3,8.1001595E-4,0E0,0E0,0E0,0E0],"parents":[2147483647,0,0,1,1,2,2,3,3,4,4,9,9,10,10],"right_children":[2,4,6,8,10,-1,-1,-1,-1,12,14,-1,-1,-1,-1],"split_conditions":[9.0260476E-1,3.0156225E-1,1E0,2.0124449E-1,7.021164E-1,3.292389E-2,1.3036957E-1,-1.0864182E-1,-2.7080154E-2,4.0222344E-1,8.0143994E-1,-1.206398E-2,-3.6786397E-3,3.5224915E-3,1.4071655E-2],"split_indices":[0,0,0,0,0,0,0,0,0,0,0,0,0,0,0],"split_type":[0,0,0,0,0,0,0,0,0,0,0,0,0,0,0],"sum_hessian":[9E0,7E0,2E0,2E0,5E0,1E0,1E0,1E0,1E0,3E0,2E0,1E0,2E0,1E0,1E0],"tree_param":{"num_deleted":"0","num_feature":"2","num_nodes":"15","size_leaf_vector":"1"}},{"base_weights":[5.2591704E-2,-3.2208157E-1,1.0341898E0,-8.5957336E-1,3.4459433E-4,3.1277467E-2,1.23851016E-1,-1.0320969E-1,-2.5726318E-2,-8.3055496E-2,1.1142985E-1,-1.1460877E-2,-3.433482E-3,3.3462525E-3,1.3368226E-2],"categories":[],"categories_nodes":[],"categories_segments":[],"categories_sizes":[],"default_left":[0,0,0,0,0,0,0,0,0,0,0,0,0,0,0],"id":77,"left_children":[1,3,5,7,9,-1,-1,-1,-1,11,13,-1,-1,-1,-1],"loss_changes":[4.0108795E0,1.3867077E0,5.482459E-2,4.6217203E-2,6.484198E-2,0E0,0E0,0E0,0E0,2.214115E-3,7.3153526E-4,0E0,0E0,0E0,0E0],"parents":[2147483647,0,0,1,1,2,2,3,3,4,4,9,9,10,10],"right_children":[2,4,6,8,10,-1,-1,-1,-1,12,14,-1,-1,-1,-1],"split_conditions":[9.0260476E-1,3.0156225E-1,1E0,2.0124449E-1,7.021164E-1,3.1277467E-2,1.23851016E-1,-1.0320969E-1,-2.5726318E-2,4.0222344E-1,8.0143994E-1,-1.1460877E-2,-3.433482E-3,3.3462525E-3,1.3368226E-2],"split_indices":[0,0,0,0,0,0,0,0,0,0,0,0,0,0,0],"split_type":[0,0,0,0,0,0,0,0,0,0,0,0,0,0,0],"sum_hessian":[9E0,7E0,2E0,2E0,5E0,1E0,1E0,1E0,1E0,3E0,2E0,1E0,2E0,1E0,1E0],"tree_param":{"num_deleted":"0","num_feature":"2","num_nodes":"15","size_leaf_vector":"1"}},{"base_weights":[5.013504E-2,-3.057623E-1,9.824829E-1,-8.165944E-1,6.1416626E-4,2.971344E-2,1.17658995E-1,-9.8049164E-2,-2.4440004E-2,-7.8474045E-2,1.0586039E-1,-1.0887909E-2,-3.2046002E-3,3.1791688E-3,1.269989E-2],"categories":[],"categories_nodes":[],"categories_segments":[],"categories_sizes":[],"default_left":[0,0,0,0,0,0,0,0,0,0,0,0,0,0,0],"id":78,"left_children":[1,3,5,7,9,-1,-1,-1,-1,11,13,-1,-1,-1,-1],"loss_changes":[3.6186073E0,1.252557E0,4.948759E-2,4.1711092E-2,5.8249705E-2,0E0,0E0,0E0,0E0,2.157446E-3,6.595962E-4,0E0,0E0,0E0,0E0],"parents":[2147483647,0,0,1,1,2,2,3,3,4,4,9,9,10,10],"right_children":[2,4,6,8,10,-1,-1,-1,-1,12,14,-1,-1,-1,-1],"split_conditions":[9.0260476E-1,3.0156225E-1,1E0,2.0124449E-1,7.021164E-1,2.971344E-2,1.17658995E-1,-9.8049164E-2,-2.4440004E-2,4.0222344E-1,8.0143994E-1,-1.0887909E-2,-3.2046002E-3,3.1791688E-3,1.269989E-2],"split_indices":[0,0,0,0,0,0,0,0,0,0,0,0,0,0,0],"split_type":[0,0,0,0,0,0,0,0,0,0,0,0,0,0,0],"sum_hessian":[9E0,7E0,2E0,2E0,5E0,1E0,1E0,1E0,1E0,3E0,2E0,1E0,2E0,1E0,1E0],"tree_param":{"num_deleted":"0","num_feature":"2","num_nodes":"15","size_leaf_vector":"1"}},{"base_weights":[4.7789384E-2,-2.902732E-1,9.333598E-1,-7.757657E-1,8.5194904E-4,2.8227234E-2,1.1177673E-1,-9.3146704E-2,-2.3218155E-2,-7.4150085E-2,1.0057068E-1,-1.0343552E-2,-2.990977E-3,3.0204772E-3,1.2065125E-2],"categories":[],"categories_nodes":[],"categories_segments":[],"categories_sizes":[],"default_left":[0,0,0,0,0,0,0,0,0,0,0,0,0,0,0],"id":79,"left_children":[1,3,5,7,9,-1,-1,-1,-1,11,13,-1,-1,-1,-1],"loss_changes":[3.2647114E0,1.1313736E0,4.468155E-2,3.764093E-2,5.233197E-2,0E0,0E0,0E0,0E0,2.0886548E-3,5.947184E-4,0E0,0E0,0E0,0E0],"parents":[2147483647,0,0,1,1,2,2,3,3,4,4,9,9,10,10],"right_children":[2,4,6,8,10,-1,-1,-1,-1,12,14,-1,-1,-1,-1],"split_conditions":[9.0260476E-1,3.0156225E-1,1E0,2.0124449E-1,7.021164E-1,2.8227234E-2,1.1177673E-1,-9.3146704E-2,-2.3218155E-2,4.0222344E-1,8.0143994E-1,-1.0343552E-2,-2.990977E-3,3.0204772E-3,1.2065125E-2],"split_indices":[0,0,0,0,0,0,0,0,0,0,0,0,0,0,0],"split_type":[0,0,0,0,0,0,0,0,0,0,0,0,0,0,0],"sum_hessian":[9E0,7E0,2E0,2E0,5E0,1E0,1E0,1E0,1E0,3E0,2E0,1E0,2E0,1E0,1E0],"tree_param":{"num_deleted":"0","num_feature":"2","num_nodes":"15","size_leaf_vector":"1"}},{"base_weights":[4.5547865E-2,-2.7557325E-1,8.8668823E-1,-7.369779E-1,1.0579427E-3,2.6815796E-2,1.0618744E-1,-8.8489346E-2,-2.2057343E-2,-7.006836E-2,9.554037E-2,-9.826279E-3,-2.7915954E-3,2.8694153E-3,1.146164E-2],"categories":[],"categories_nodes":[],"categories_segments":[],"categories_sizes":[],"default_left":[0,0,0,0,0,0,0,0,0,0,0,0,0,0,0],"id":80,"left_children":[1,3,5,7,9,-1,-1,-1,-1,11,13,-1,-1,-1,-1],"loss_changes":[2.945427E0,1.0218911E0,4.0323734E-2,3.3968687E-2,4.701547E-2,0E0,0E0,0E0,0E0,2.0107515E-3,5.3665973E-4,0E0,0E0,0E0,0E0],"parents":[2147483647,0,0,1,1,2,2,3,3,4,4,9,9,10,10],"right_children":[2,4,6,8,10,-1,-1,-1,-1,12,14,-1,-1,-1,-1],"split_conditions":[9.0260476E-1,3.0156225E-1,1E0,2.0124449E-1,7.021164E-1,2.6815796E-2,1.0618744E-1,-8.8489346E-2,-2.2057343E-2,4.0222344E-1,8.0143994E-1,-9.826279E-3,-2.7915954E-3,2.8694153E-3,1.146164E-2],"split_indices":[0,0,0,0,0,0,0,0,0,0,0,0,0,0,0],"split_type":[0,0,0,0,0,0,0,0,0,0,0,0,0,0,0],"sum_hessian":[9E0,7E0,2E0,2E0,5E0,1E0,1E0,1E0,1E0,3E0,2E0,1E0,2E0,1E0,1E0],"tree_param":{"num_deleted":"0","num_feature":"2","num_nodes":"15","size_leaf_vector":"1"}},{"base_weights":[4.3408204E-2,-2.6161957E-1,8.423462E-1,-7.001292E-1,1.238505E-3,2.5474548E-2,1.0087738E-1,-8.406486E-2,-2.0954514E-2,-6.6215515E-2,9.0764366E-2,-9.334946E-3,-2.6054382E-3,2.7259828E-3,1.0888672E-2],"categories":[],"categories_nodes":[],"categories_segments":[],"categories_sizes":[],"default_left":[0,0,0,0,0,0,0,0,0,0,0,0,0,0,0],"id":81,"left_children":[1,3,5,7,9,-1,-1,-1,-1,11,13,-1,-1,-1,-1],"loss_changes":[2.657357E0,9.2299336E-1,3.639841E-2,3.065598E-2,4.2243283E-2,0E0,0E0,0E0,0E0,1.9267574E-3,4.8432313E-4,0E0,0E0,0E0,0E0],"parents":[2147483647,0,0,1,1,2,2,3,3,4,4,9,9,10,10],"right_children":[2,4,6,8,10,-1,-1,-1,-1,12,14,-1,-1,-1,-1],"split_conditions":[9.0260476E-1,3.0156225E-1,1E0,2.0124449E-1,7.021164E-1,2.5474548E-2,1.0087738E-1,-8.406486E-2,-2.0954514E-2,4.0222344E-1,8.0143994E-1,-9.334946E-3,-2.6054382E-3,2.7259828E-3,1.0888672E-2],"split_indices":[0,0,0,0,0,0,0,0,0,0,0,0,0,0,0],"split_type":[0,0,0,0,0,0,0,0,0,0,0,0,0,0,0],"sum_hessian":[9E0,7E0,2E0,2E0,5E0,1E0,1E0,1E0,1E0,3E0,2E0,1E0,2E0,1E0,1E0],"tree_param":{"num_deleted":"0","num_feature":"2","num_nodes":"15","size_leaf_vector":"1"}},{"base_weights":[4.1365433E-2,-2.4837637E-1,8.0022174E-1,-6.6512173E-1,1.3923645E-3,2.420044E-2,9.5832825E-2,-7.986164E-2,-1.9906616E-2,-6.25782E-2,8.622233E-2,-8.868027E-3,-2.4317424E-3,2.5894165E-3,1.03439335E-2],"categories":[],"categories_nodes":[],"categories_segments":[],"categories_sizes":[],"default_left":[0,0,0,0,0,0,0,0,0,0,0,0,0,0,0],"id":82,"left_children":[1,3,5,7,9,-1,-1,-1,-1,11,13,-1,-1,-1,-1],"loss_changes":[2.39748E0,8.336458E-1,3.285384E-2,2.7670264E-2,3.7955366E-2,0E0,0E0,0E0,0E0,1.8382668E-3,4.3753348E-4,0E0,0E0,0E0,0E0],"parents":[2147483647,0,0,1,1,2,2,3,3,4,4,9,9,10,10],"right_children":[2,4,6,8,10,-1,-1,-1,-1,12,14,-1,-1,-1,-1],"split_conditions":[9.0260476E-1,3.0156225E-1,1E0,2.0124449E-1,7.021164E-1,2.420044E-2,9.5832825E-2,-7.986164E-2,-1.9906616E-2,4.0222344E-1,8.0143994E-1,-8.868027E-3,-2.4317424E-3,2.5894165E-3,1.03439335E-2],"split_indices":[0,0,0,0,0,0,0,0,0,0,0,0,0,0,0],"split_type":[0,0,0,0,0,0,0,0,0,0,0,0,0,0,0],"sum_hessian":[9E0,7E0,2E0,2E0,5E0,1E0,1E0,1E0,1E0,3E0,2E0,1E0,2E0,1E0,1E0],"tree_param":{"num_deleted":"0","num_feature":"2","num_nodes":"15","size_leaf_vector":"1"}},{"base_weights":[3.941803E-2,-2.3580742E-1,7.602132E-1,-6.3186646E-1,1.5233358E-3,2.2990419E-2,9.1041565E-2,-7.586861E-2,-1.8911362E-2,-5.914688E-2,8.190918E-2,-7.198588E-3,-1.0314941E-3,2.4597168E-3,9.82666E-3],"categories":[],"categories_nodes":[],"categories_segments":[],"categories_sizes":[],"default_left":[0,0,0,0,0,0,0,0,0,0,0,0,0,0,0],"id":83,"left_children":[1,3,5,7,9,-1,-1,-1,-1,11,13,-1,-1,-1,-1],"loss_changes":[2.1630757E0,7.529385E-1,2.9652715E-2,2.4971366E-2,3.410683E-2,0E0,0E0,0E0,0E0,1.7652828E-3,3.9535016E-4,0E0,0E0,0E0,0E0],"parents":[2147483647,0,0,1,1,2,2,3,3,4,4,9,9,10,10],"right_children":[2,4,6,8,10,-1,-1,-1,-1,12,14,-1,-1,-1,-1],"split_conditions":[9.0260476E-1,3.0156225E-1,1E0,2.0124449E-1,7.021164E-1,2.2990419E-2,9.1041565E-2,-7.586861E-2,-1.8911362E-2,5.027162E-1,8.0143994E-1,-7.198588E-3,-1.0314941E-3,2.4597168E-3,9.82666E-3],"split_indices":[0,0,0,0,0,0,0,0,0,0,0,0,0,0,0],"split_type":[0,0,0,0,0,0,0,0,0,0,0,0,0,0,0],"sum_hessian":[9E0,7E0,2E0,2E0,5E0,1E0,1E0,1E0,1E0,3E0,2E0,2E0,1E0,1E0,1E0],"tree_param":{"num_deleted":"0","num_feature":"2","num_nodes":"15","size_leaf_vector":"1"}},{"base_weights":[3.7810516E-2,-2.235651E-1,7.222087E-1,-6.0027313E-1,2.049764E-3,2.1841431E-2,8.648987E-2,-7.207527E-2,-1.7965699E-2,-5.5286407E-2,7.7814735E-2,-8.064652E-3,-1.9950867E-3,2.3368837E-3,9.335327E-3],"categories":[],"categories_nodes":[],"categories_segments":[],"categories_sizes":[],"default_left":[0,0,0,0,0,0,0,0,0,0,0,0,0,0,0],"id":84,"left_children":[1,3,5,7,9,-1,-1,-1,-1,11,13,-1,-1,-1,-1],"loss_changes":[1.9503106E0,6.811578E-1,2.6753068E-2,2.2538662E-2,3.036654E-2,0E0,0E0,0E0,0E0,1.9754842E-3,3.5647117E-4,0E0,0E0,0E0,0E0],"parents":[2147483647,0,0,1,1,2,2,3,3,4,4,9,9,10,10],"right_children":[2,4,6,8,10,-1,-1,-1,-1,12,14,-1,-1,-1,-1],"split_conditions":[9.0260476E-1,3.0156225E-1,1E0,2.0124449E-1,7.021164E-1,2.1841431E-2,8.648987E-2,-7.207527E-2,-1.7965699E-2,4.0222344E-1,8.0143994E-1,-8.064652E-3,-1.9950867E-3,2.3368837E-3,9.335327E-3],"split_indices":[0,0,0,0,0,0,0,0,0,0,0,0,0,0,0],"split_type":[0,0,0,0,0,0,0,0,0,0,0,0,0,0,0],"sum_hessian":[9E0,7E0,2E0,2E0,5E0,1E0,1E0,1E0,1E0,3E0,2E0,1E0,2E0,1E0,1E0],"tree_param":{"num_deleted":"0","num_feature":"2","num_nodes":"15","size_leaf_vector":"1"}},{"base_weights":[3.6019135E-2,-2.1226215E-1,6.860962E-1,-5.702591E-1,2.1133423E-3,2.0748902E-2,8.216553E-2,-6.847153E-2,-1.7067337E-2,-5.2272797E-2,7.3923744E-2,-7.661438E-3,-1.862081E-3,2.2201538E-3,8.868408E-3],"categories":[],"categories_nodes":[],"categories_segments":[],"categories_sizes":[],"default_left":[0,0,0,0,0,0,0,0,0,0,0,0,0,0,0],"id":85,"left_children":[1,3,5,7,9,-1,-1,-1,-1,11,13,-1,-1,-1,-1],"loss_changes":[1.7596519E0,6.1517143E-1,2.4154305E-2,2.034241E-2,2.7297145E-2,0E0,0E0,0E0,0E0,1.8499484E-3,3.2138824E-4,0E0,0E0,0E0,0E0],"parents":[2147483647,0,0,1,1,2,2,3,3,4,4,9,9,10,10],"right_children":[2,4,6,8,10,-1,-1,-1,-1,12,14,-1,-1,-1,-1],"split_conditions":[9.0260476E-1,3.0156225E-1,1E0,2.0124449E-1,7.021164E-1,2.0748902E-2,8.216553E-2,-6.847153E-2,-1.7067337E-2,4.0222344E-1,8.0143994E-1,-7.661438E-3,-1.862081E-3,2.2201538E-3,8.868408E-3],"split_indices":[0,0,0,0,0,0,0,0,0,0,0,0,0,0,0],"split_type":[0,0,0,0,0,0,0,0,0,0,0,0,0,0,0],"sum_hessian":[9E0,7E0,2E0,2E0,5E0,1E0,1E0,1E0,1E0,3E0,2E0,1E0,2E0,1E0,1E0],"tree_param":{"num_deleted":"0","num_feature":"2","num_nodes":"15","size_leaf_vector":"1"}},{"base_weights":[3.4311295E-2,-2.015338E-1,6.5179443E-1,-5.417468E-1,2.1616619E-3,1.9711304E-2,7.805786E-2,-6.504803E-2,-1.6213989E-2,-4.9427032E-2,7.0226036E-2,-7.2784424E-3,-1.7379761E-3,2.1087646E-3,8.425141E-3],"categories":[],"categories_nodes":[],"categories_segments":[],"categories_sizes":[],"default_left":[0,0,0,0,0,0,0,0,0,0,0,0,0,0,0],"id":86,"left_children":[1,3,5,7,9,-1,-1,-1,-1,11,13,-1,-1,-1,-1],"loss_changes":[1.5876622E0,5.555697E-1,2.1805167E-2,1.8359184E-2,2.4539176E-2,0E0,0E0,0E0,0E0,1.7291866E-3,2.9088836E-4,0E0,0E0,0E0,0E0],"parents":[2147483647,0,0,1,1,2,2,3,3,4,4,9,9,10,10],"right_children":[2,4,6,8,10,-1,-1,-1,-1,12,14,-1,-1,-1,-1],"split_conditions":[9.0260476E-1,3.0156225E-1,1E0,2.0124449E-1,7.021164E-1,1.9711304E-2,7.805786E-2,-6.504803E-2,-1.6213989E-2,4.0222344E-1,8.0143994E-1,-7.2784424E-3,-1.7379761E-3,2.1087646E-3,8.425141E-3],"split_indices":[0,0,0,0,0,0,0,0,0,0,0,0,0,0,0],"split_type":[0,0,0,0,0,0,0,0,0,0,0,0,0,0,0],"sum_hessian":[9E0,7E0,2E0,2E0,5E0,1E0,1E0,1E0,1E0,3E0,2E0,1E0,2E0,1E0,1E0],"tree_param":{"num_deleted":"0","num_feature":"2","num_nodes":"15","size_leaf_vector":"1"}},{"base_weights":[3.268242E-2,-1.913476E-1,6.1920166E-1,-5.146599E-1,2.1998088E-3,1.8725587E-2,7.415467E-2,-6.179562E-2,-1.5403367E-2,-4.673767E-2,6.6716515E-2,-6.91452E-3,-1.6220093E-3,2.003479E-3,8.003998E-3],"categories":[],"categories_nodes":[],"categories_segments":[],"categories_sizes":[],"default_left":[0,0,0,0,0,0,0,0,0,0,0,0,0,0,0],"id":87,"left_children":[1,3,5,7,9,-1,-1,-1,-1,11,13,-1,-1,-1,-1],"loss_changes":[1.432462E0,5.017422E-1,1.9680262E-2,1.6568005E-2,2.2061884E-2,0E0,0E0,0E0,0E0,1.6137529E-3,2.6230235E-4,0E0,0E0,0E0,0E0],"parents":[2147483647,0,0,1,1,2,2,3,3,4,4,9,9,10,10],"right_children":[2,4,6,8,10,-1,-1,-1,-1,12,14,-1,-1,-1,-1],"split_conditions":[9.0260476E-1,3.0156225E-1,1E0,2.0124449E-1,7.021164E-1,1.8725587E-2,7.415467E-2,-6.179562E-2,-1.5403367E-2,4.0222344E-1,8.0143994E-1,-6.91452E-3,-1.6220093E-3,2.003479E-3,8.003998E-3],"split_indices":[0,0,0,0,0,0,0,0,0,0,0,0,0,0,0],"split_type":[0,0,0,0,0,0,0,0,0,0,0,0,0,0,0],"sum_hessian":[9E0,7E0,2E0,2E0,5E0,1E0,1E0,1E0,1E0,3E0,2E0,1E0,2E0,1E0,1E0],"tree_param":{"num_deleted":"0","num_feature":"2","num_nodes":"15","size_leaf_vector":"1"}},{"base_weights":[3.1127166E-2,-1.8167973E-1,5.882365E-1,-4.8892722E-1,2.2239685E-3,1.7788697E-2,7.044678E-2,-5.8705904E-2,-1.4633179E-2,-4.419899E-2,6.337992E-2,-6.5689087E-3,-1.5139262E-3,1.9035339E-3,7.603455E-3],"categories":[],"categories_nodes":[],"categories_segments":[],"categories_sizes":[],"default_left":[0,0,0,0,0,0,0,0,0,0,0,0,0,0,0],"id":88,"left_children":[1,3,5,7,9,-1,-1,-1,-1,11,13,-1,-1,-1,-1],"loss_changes":[1.2924377E0,4.5311895E-1,1.7770648E-2,1.4953136E-2,1.9835573E-2,0E0,0E0,0E0,0E0,1.5035011E-3,2.3614708E-4,0E0,0E0,0E0,0E0],"parents":[2147483647,0,0,1,1,2,2,3,3,4,4,9,9,10,10],"right_children":[2,4,6,8,10,-1,-1,-1,-1,12,14,-1,-1,-1,-1],"split_conditions":[9.0260476E-1,3.0156225E-1,1E0,2.0124449E-1,7.021164E-1,1.7788697E-2,7.044678E-2,-5.8705904E-2,-1.4633179E-2,4.0222344E-1,8.0143994E-1,-6.5689087E-3,-1.5139262E-3,1.9035339E-3,7.603455E-3],"split_indices":[0,0,0,0,0,0,0,0,0,0,0,0,0,0,0],"split_type":[0,0,0,0,0,0,0,0,0,0,0,0,0,0,0],"sum_hessian":[9E0,7E0,2E0,2E0,5E0,1E0,1E0,1E0,1E0,3E0,2E0,1E0,2E0,1E0,1E0],"tree_param":{"num_deleted":"0","num_feature":"2","num_nodes":"15","size_leaf_vector":"1"}},{"base_weights":[2.9646683E-2,-1.7250204E-1,5.588277E-1,-4.6448135E-1,2.2379558E-3,1.6899109E-2,6.692505E-2,-5.5770684E-2,-1.390152E-2,-4.1801453E-2,6.021118E-2,-6.2404633E-3,-1.4132182E-3,1.8081665E-3,7.2235106E-3],"categories":[],"categories_nodes":[],"categories_segments":[],"categories_sizes":[],"default_left":[0,0,0,0,0,0,0,0,0,0,0,0,0,0,0],"id":89,"left_children":[1,3,5,7,9,-1,-1,-1,-1,11,13,-1,-1,-1,-1],"loss_changes":[1.1661316E0,4.0920317E-1,1.6043127E-2,1.3495505E-2,1.7835556E-2,0E0,0E0,0E0,0E0,1.3983864E-3,2.1355506E-4,0E0,0E0,0E0,0E0],"parents":[2147483647,0,0,1,1,2,2,3,3,4,4,9,9,10,10],"right_children":[2,4,6,8,10,-1,-1,-1,-1,12,14,-1,-1,-1,-1],"split_conditions":[9.0260476E-1,3.0156225E-1,1E0,2.0124449E-1,7.021164E-1,1.6899109E-2,6.692505E-2,-5.5770684E-2,-1.390152E-2,4.0222344E-1,8.0143994E-1,-6.2404633E-3,-1.4132182E-3,1.8081665E-3,7.2235106E-3],"split_indices":[0,0,0,0,0,0,0,0,0,0,0,0,0,0,0],"split_type":[0,0,0,0,0,0,0,0,0,0,0,0,0,0,0],"sum_hessian":[9E0,7E0,2E0,2E0,5E0,1E0,1E0,1E0,1E0,3E0,2E0,1E0,2E0,1E0,1E0],"tree_param":{"num_deleted":"0","num_feature":"2","num_nodes":"15","size_leaf_vector":"1"}},{"base_weights":[2.8236007E-2,-1.6378641E-1,5.308838E-1,-4.4125748E-1,2.2468567E-3,1.6053772E-2,6.35788E-2,-5.298214E-2,-1.3206482E-2,-3.9533615E-2,5.72052E-2,-5.928421E-3,-1.318868E-3,1.7181396E-3,6.8626404E-3],"categories":[],"categories_nodes":[],"categories_segments":[],"categories_sizes":[],"default_left":[0,0,0,0,0,0,0,0,0,0,0,0,0,0,0],"id":90,"left_children":[1,3,5,7,9,-1,-1,-1,-1,11,13,-1,-1,-1,-1],"loss_changes":[1.052148E0,3.695469E-1,1.4484584E-2,1.2179136E-2,1.6038641E-2,0E0,0E0,0E0,0E0,1.299432E-3,1.9226223E-4,0E0,0E0,0E0,0E0],"parents":[2147483647,0,0,1,1,2,2,3,3,4,4,9,9,10,10],"right_children":[2,4,6,8,10,-1,-1,-1,-1,12,14,-1,-1,-1,-1],"split_conditions":[9.0260476E-1,3.0156225E-1,1E0,2.0124449E-1,7.021164E-1,1.6053772E-2,6.35788E-2,-5.298214E-2,-1.3206482E-2,4.0222344E-1,8.0143994E-1,-5.928421E-3,-1.318868E-3,1.7181396E-3,6.8626404E-3],"split_indices":[0,0,0,0,0,0,0,0,0,0,0,0,0,0,0],"split_type":[0,0,0,0,0,0,0,0,0,0,0,0,0,0,0],"sum_hessian":[9E0,7E0,2E0,2E0,5E0,1E0,1E0,1E0,1E0,3E0,2E0,1E0,2E0,1E0,1E0],"tree_param":{"num_deleted":"0","num_feature":"2","num_nodes":"15","size_leaf_vector":"1"}},{"base_weights":[2.6889801E-2,-1.5551662E-1,5.043437E-1,-4.1919455E-1,2.2417705E-3,1.525116E-2,6.0400393E-2,-5.0333023E-2,-1.2546158E-2,-3.739357E-2,5.4341633E-2,-5.632019E-3,-1.23113E-3,1.6319276E-3,6.5193176E-3],"categories":[],"categories_nodes":[],"categories_segments":[],"categories_sizes":[],"default_left":[0,0,0,0,0,0,0,0,0,0,0,0,0,0,0],"id":91,"left_children":[1,3,5,7,9,-1,-1,-1,-1,11,13,-1,-1,-1,-1],"loss_changes":[9.493403E-1,3.3371896E-1,1.3073444E-2,1.0991693E-2,1.4422002E-2,0E0,0E0,0E0,0E0,1.2055156E-3,1.7389841E-4,0E0,0E0,0E0,0E0],"parents":[2147483647,0,0,1,1,2,2,3,3,4,4,9,9,10,10],"right_children":[2,4,6,8,10,-1,-1,-1,-1,12,14,-1,-1,-1,-1],"split_conditions":[9.0260476E-1,3.0156225E-1,1E0,2.0124449E-1,7.021164E-1,1.525116E-2,6.0400393E-2,-5.0333023E-2,-1.2546158E-2,4.0222344E-1,8.0143994E-1,-5.632019E-3,-1.23113E-3,1.6319276E-3,6.5193176E-3],"split_indices":[0,0,0,0,0,0,0,0,0,0,0,0,0,0,0],"split_type":[0,0,0,0,0,0,0,0,0,0,0,0,0,0,0],"sum_hessian":[9E0,7E0,2E0,2E0,5E0,1E0,1E0,1E0,1E0,3E0,2E0,1E0,2E0,1E0,1E0],"tree_param":{"num_deleted":"0","num_feature":"2","num_nodes":"15","size_leaf_vector":"1"}},{"base_weights":[2.5606537E-2,-1.4766407E-1,4.7912598E-1,-3.982366E-1,2.2328694E-3,1.448822E-2,5.7380676E-2,-4.7816467E-2,-1.1919022E-2,-3.5369873E-2,5.162557E-2,-5.3504943E-3,-1.1489868E-2,1.550293E-3,6.1935424E-3,-1.3786316E-3,-3.4484864E-4],"categories":[],"categories_nodes":[],"categories_segments":[],"categories_sizes":[],"default_left":[0,0,0,0,0,0,0,0,0,0,0,0,0,0,0,0,0],"id":92,"left_children":[1,3,5,7,9,-1,-1,-1,-1,11,13,-1,15,-1,-1,-1,-1],"loss_changes":[8.565656E-1,3.0136967E-1,1.1804998E-2,9.918362E-3,1.2969796E-2,0E0,0E0,0E0,0E0,1.1174977E-3,1.5707687E-4,0E0,7.857918E-6,0E0,0E0,0E0,0E0],"parents":[2147483647,0,0,1,1,2,2,3,3,4,4,9,9,10,10,12,12],"right_children":[2,4,6,8,10,-1,-1,-1,-1,12,14,-1,16,-1,-1,-1,-1],"split_conditions":[9.0260476E-1,3.0156225E-1,1E0,2.0124449E-1,7.021164E-1,1.448822E-2,5.7380676E-2,-4.7816467E-2,-1.1919022E-2,4.0222344E-1,8.0143994E-1,-5.3504943E-3,5.027162E-1,1.550293E-3,6.1935424E-3,-1.3786316E-3,-3.4484864E-4],"split_indices":[0,0,0,0,0,0,0,0,0,0,0,0,0,0,0,0,0],"split_type":[0,0,0,0,0,0,0,0,0,0,0,0,0,0,0,0,0],"sum_hessian":[9E0,7E0,2E0,2E0,5E0,1E0,1E0,1E0,1E0,3E0,2E0,1E0,2E0,1E0,1E0,1E0,1E0],"tree_param":{"num_deleted":"0","num_feature":"2","num_nodes":"17","size_leaf_vector":"1"}},{"base_weights":[2.4325943E-2,-1.402812E-1,4.5516968E-1,-3.7832513E-1,2.1209717E-3,1.3763428E-2,5.4512024E-2,-4.5425605E-2,-1.1323166E-2,-3.3599854E-2,4.9041748E-2,-5.083084E-3,-1.0912578E-2,1.4724731E-3,5.883789E-3,-1.3095856E-3,-3.2730104E-4],"categories":[],"categories_nodes":[],"categories_segments":[],"categories_sizes":[],"default_left":[0,0,0,0,0,0,0,0,0,0,0,0,0,0,0,0,0],"id":93,"left_children":[1,3,5,7,9,-1,-1,-1,-1,11,13,-1,15,-1,-1,-1,-1],"loss_changes":[7.730514E-1,2.7198625E-1,1.06601715E-2,8.950204E-3,1.1704087E-2,0E0,0E0,0E0,0E0,1.0090014E-3,1.4215149E-4,0E0,7.1750546E-6,0E0,0E0,0E0,0E0],"parents":[2147483647,0,0,1,1,2,2,3,3,4,4,9,9,10,10,12,12],"right_children":[2,4,6,8,10,-1,-1,-1,-1,12,14,-1,16,-1,-1,-1,-1],"split_conditions":[9.0260476E-1,3.0156225E-1,1E0,2.0124449E-1,7.021164E-1,1.3763428E-2,5.4512024E-2,-4.5425605E-2,-1.1323166E-2,4.0222344E-1,8.0143994E-1,-5.083084E-3,5.027162E-1,1.4724731E-3,5.883789E-3,-1.3095856E-3,-3.2730104E-4],"split_indices":[0,0,0,0,0,0,0,0,0,0,0,0,0,0,0,0,0],"split_type":[0,0,0,0,0,0,0,0,0,0,0,0,0,0,0,0,0],"sum_hessian":[9E0,7E0,2E0,2E0,5E0,1E0,1E0,1E0,1E0,3E0,2E0,1E0,2E0,1E0,1E0,1E0,1E0],"tree_param":{"num_deleted":"0","num_feature":"2","num_nodes":"17","size_leaf_vector":"1"}},{"base_weights":[2.3109818E-2,-1.3326788E-1,4.3241373E-1,-3.5940933E-1,2.0141602E-3,1.3075257E-2,5.1786806E-2,-4.3154337E-2,-1.0757065E-2,-3.1921387E-2,4.6590168E-2,-4.8290254E-3,-1.0368347E-2,1.399231E-3,5.5892947E-3,-1.2439728E-3,-3.112793E-4],"categories":[],"categories_nodes":[],"categories_segments":[],"categories_sizes":[],"default_left":[0,0,0,0,0,0,0,0,0,0,0,0,0,0,0,0,0],"id":94,"left_children":[1,3,5,7,9,-1,-1,-1,-1,11,13,-1,15,-1,-1,-1,-1],"loss_changes":[6.976869E-1,2.4546693E-1,9.622157E-3,8.077025E-3,1.0563491E-2,0E0,0E0,0E0,0E0,9.105052E-4,1.2768013E-4,0E0,6.364746E-6,0E0,0E0,0E0,0E0],"parents":[2147483647,0,0,1,1,2,2,3,3,4,4,9,9,10,10,12,12],"right_children":[2,4,6,8,10,-1,-1,-1,-1,12,14,-1,16,-1,-1,-1,-1],"split_conditions":[9.0260476E-1,3.0156225E-1,1E0,2.0124449E-1,7.021164E-1,1.3075257E-2,5.1786806E-2,-4.3154337E-2,-1.0757065E-2,4.0222344E-1,8.0143994E-1,-4.8290254E-3,5.027162E-1,1.399231E-3,5.5892947E-3,-1.2439728E-3,-3.112793E-4],"split_indices":[0,0,0,0,0,0,0,0,0,0,0,0,0,0,0,0,0],"split_type":[0,0,0,0,0,0,0,0,0,0,0,0,0,0,0,0,0],"sum_hessian":[9E0,7E0,2E0,2E0,5E0,1E0,1E0,1E0,1E0,3E0,2E0,1E0,2E0,1E0,1E0,1E0,1E0],"tree_param":{"num_deleted":"0","num_feature":"2","num_nodes":"17","size_leaf_vector":"1"}},{"base_weights":[2.1955108E-2,-1.2660503E-1,4.1079712E-1,-3.414383E-1,1.9124349E-3,1.2422181E-2,4.9197387E-2,-4.099655E-2,-1.0219193E-2,-3.0326843E-2,4.4260662E-2,-4.587555E-3,-9.852092E-3,1.3290405E-3,5.3100586E-3,-1.1817933E-3,-2.960205E-4],"categories":[],"categories_nodes":[],"categories_segments":[],"categories_sizes":[],"default_left":[0,0,0,0,0,0,0,0,0,0,0,0,0,0,0,0,0],"id":95,"left_children":[1,3,5,7,9,-1,-1,-1,-1,11,13,-1,15,-1,-1,-1,-1],"loss_changes":[6.2967324E-1,2.2153156E-1,8.675873E-3,7.289529E-3,9.533943E-3,0E0,0E0,0E0,0E0,8.214533E-4,1.1559622E-4,0E0,5.661539E-6,0E0,0E0,0E0,0E0],"parents":[2147483647,0,0,1,1,2,2,3,3,4,4,9,9,10,10,12,12],"right_children":[2,4,6,8,10,-1,-1,-1,-1,12,14,-1,16,-1,-1,-1,-1],"split_conditions":[9.0260476E-1,3.0156225E-1,1E0,2.0124449E-1,7.021164E-1,1.2422181E-2,4.9197387E-2,-4.099655E-2,-1.0219193E-2,4.0222344E-1,8.0143994E-1,-4.587555E-3,5.027162E-1,1.3290405E-3,5.3100586E-3,-1.1817933E-3,-2.960205E-4],"split_indices":[0,0,0,0,0,0,0,0,0,0,0,0,0,0,0,0,0],"split_type":[0,0,0,0,0,0,0,0,0,0,0,0,0,0,0,0,0],"sum_hessian":[9E0,7E0,2E0,2E0,5E0,1E0,1E0,1E0,1E0,3E0,2E0,1E0,2E0,1E0,1E0,1E0,1E0],"tree_param":{"num_deleted":"0","num_feature":"2","num_nodes":"17","size_leaf_vector":"1"}},{"base_weights":[2.0856857E-2,-1.20275974E-1,3.902588E-1,-3.2436752E-1,1.8157959E-3,1.1801148E-2,4.673767E-2,-3.8946725E-2,-9.708405E-3,-2.8812408E-2,4.2048138E-2,-4.3582916E-3,-9.361267E-3,1.2626648E-3,5.0445558E-3,-1.1226655E-3,-2.8152467E-4],"categories":[],"categories_nodes":[],"categories_segments":[],"categories_sizes":[],"default_left":[0,0,0,0,0,0,0,0,0,0,0,0,0,0,0,0,0],"id":96,"left_children":[1,3,5,7,9,-1,-1,-1,-1,11,13,-1,15,-1,-1,-1,-1],"loss_changes":[5.682862E-1,1.9993217E-1,7.829666E-3,6.5772235E-3,8.604974E-3,0E0,0E0,0E0,0E0,7.412215E-4,1.04235485E-4,0E0,5.0267845E-6,0E0,0E0,0E0,0E0],"parents":[2147483647,0,0,1,1,2,2,3,3,4,4,9,9,10,10,12,12],"right_children":[2,4,6,8,10,-1,-1,-1,-1,12,14,-1,16,-1,-1,-1,-1],"split_conditions":[9.0260476E-1,3.0156225E-1,1E0,2.0124449E-1,7.021164E-1,1.1801148E-2,4.673767E-2,-3.8946725E-2,-9.708405E-3,4.0222344E-1,8.0143994E-1,-4.3582916E-3,5.027162E-1,1.2626648E-3,5.0445558E-3,-1.1226655E-3,-2.8152467E-4],"split_indices":[0,0,0,0,0,0,0,0,0,0,0,0,0,0,0,0,0],"split_type":[0,0,0,0,0,0,0,0,0,0,0,0,0,0,0,0,0],"sum_hessian":[9E0,7E0,2E0,2E0,5E0,1E0,1E0,1E0,1E0,3E0,2E0,1E0,2E0,1E0,1E0,1E0,1E0],"tree_param":{"num_deleted":"0","num_feature":"2","num_nodes":"17","size_leaf_vector":"1"}},{"base_weights":[1.9809341E-2,-1.14264965E-1,3.707377E-1,-3.0814996E-1,1.7217001E-3,1.12106325E-2,4.4400025E-2,-3.6999322E-2,-9.223175E-3,-2.7374268E-2,3.9942425E-2,-4.1404725E-3,-8.895874E-3,1.1993408E-3,4.792023E-3,-1.0665894E-3,-2.6779177E-4],"categories":[],"categories_nodes":[],"categories_segments":[],"categories_sizes":[],"default_left":[0,0,0,0,0,0,0,0,0,0,0,0,0,0,0,0,0],"id":97,"left_children":[1,3,5,7,9,-1,-1,-1,-1,11,13,-1,15,-1,-1,-1,-1],"loss_changes":[5.1286715E-1,1.8043515E-1,7.0687532E-3,5.934119E-3,7.765808E-3,0E0,0E0,0E0,0E0,6.6870986E-4,9.418838E-5,0E0,4.455331E-6,0E0,0E0,0E0,0E0],"parents":[2147483647,0,0,1,1,2,2,3,3,4,4,9,9,10,10,12,12],"right_children":[2,4,6,8,10,-1,-1,-1,-1,12,14,-1,16,-1,-1,-1,-1],"split_conditions":[9.0260476E-1,3.0156225E-1,1E0,2.0124449E-1,7.021164E-1,1.12106325E-2,4.4400025E-2,-3.6999322E-2,-9.223175E-3,4.0222344E-1,8.0143994E-1,-4.1404725E-3,5.027162E-1,1.1993408E-3,4.792023E-3,-1.0665894E-3,-2.6779177E-4],"split_indices":[0,0,0,0,0,0,0,0,0,0,0,0,0,0,0,0,0],"split_type":[0,0,0,0,0,0,0,0,0,0,0,0,0,0,0,0,0],"sum_hessian":[9E0,7E0,2E0,2E0,5E0,1E0,1E0,1E0,1E0,3E0,2E0,1E0,2E0,1E0,1E0,1E0,1E0],"tree_param":{"num_deleted":"0","num_feature":"2","num_nodes":"17","size_leaf_vector":"1"}},{"base_weights":[1.882019E-2,-1.08551025E-1,3.5220337E-1,-2.927424E-1,1.6365051E-3,1.0650635E-2,4.217987E-2,-3.5149384E-2,-8.761979E-3,-2.6002884E-2,3.7943523E-2,-3.9333343E-3,-8.448283E-3,1.1390686E-3,4.55246E-3,-1.0131836E-3,-2.5405883E-4],"categories":[],"categories_nodes":[],"categories_segments":[],"categories_sizes":[],"default_left":[0,0,0,0,0,0,0,0,0,0,0,0,0,0,0,0,0],"id":98,"left_children":[1,3,5,7,9,-1,-1,-1,-1,11,13,-1,15,-1,-1,-1,-1],"loss_changes":[4.6286622E-1,1.6284382E-1,6.3738525E-3,5.3559244E-3,7.0076636E-3,0E0,0E0,0E0,0E0,6.037443E-4,8.534035E-5,0E0,4.0969317E-6,0E0,0E0,0E0,0E0],"parents":[2147483647,0,0,1,1,2,2,3,3,4,4,9,9,10,10,12,12],"right_children":[2,4,6,8,10,-1,-1,-1,-1,12,14,-1,16,-1,-1,-1,-1],"split_conditions":[9.0260476E-1,3.0156225E-1,1E0,2.0124449E-1,7.021164E-1,1.0650635E-2,4.217987E-2,-3.5149384E-2,-8.761979E-3,4.0222344E-1,8.0143994E-1,-3.9333343E-3,5.027162E-1,1.1390686E-3,4.55246E-3,-1.0131836E-3,-2.5405883E-4],"split_indices":[0,0,0,0,0,0,0,0,0,0,0,0,0,0,0,0,0],"split_type":[0,0,0,0,0,0,0,0,0,0,0,0,0,0,0,0,0],"sum_hessian":[9E0,7E0,2E0,2E0,5E0,1E0,1E0,1E0,1E0,3E0,2E0,1E0,2E0,1E0,1E0,1E0,1E0],"tree_param":{"num_deleted":"0","num_feature":"2","num_nodes":"17","size_leaf_vector":"1"}},{"base_weights":[1.788025E-2,-1.0312271E-1,3.3459473E-1,-2.781067E-1,1.5563965E-3,1.0118104E-2,4.0071107E-2,-3.3391953E-2,-8.324051E-3,-2.4700165E-2,3.6046345E-2,-3.736496E-3,-8.02358E-3,1.0818482E-3,4.325104E-3,-9.6244813E-4,-2.4108887E-4],"categories":[],"categories_nodes":[],"categories_segments":[],"categories_sizes":[],"default_left":[0,0,0,0,0,0,0,0,0,0,0,0,0,0,0,0,0],"id":99,"left_children":[1,3,5,7,9,-1,-1,-1,-1,11,13,-1,15,-1,-1,-1,-1],"loss_changes":[4.1773817E-1,1.4697017E-1,5.7530403E-3,4.8324764E-3,6.3238754E-3,0E0,0E0,0E0,0E0,5.450214E-4,7.736636E-5,0E0,3.752546E-6,0E0,0E0,0E0,0E0],"parents":[2147483647,0,0,1,1,2,2,3,3,4,4,9,9,10,10,12,12],"right_children":[2,4,6,8,10,-1,-1,-1,-1,12,14,-1,16,-1,-1,-1,-1],"split_conditions":[9.0260476E-1,3.0156225E-1,1E0,2.0124449E-1,7.021164E-1,1.0118104E-2,4.0071107E-2,-3.3391953E-2,-8.324051E-3,4.0222344E-1,8.0143994E-1,-3.736496E-3,5.027162E-1,1.0818482E-3,4.325104E-3,-9.6244813E-4,-2.4108887E-4],"split_indices":[0,0,0,0,0,0,0,0,0,0,0,0,0,0,0,0,0],"split_type":[0,0,0,0,0,0,0,0,0,0,0,0,0,0,0,0,0],"sum_hessian":[9E0,7E0,2E0,2E0,5E0,1E0,1E0,1E0,1E0,3E0,2E0,1E0,2E0,1E0,1E0,1E0,1E0],"tree_param":{"num_deleted":"0","num_feature":"2","num_nodes":"17","size_leaf_vector":"1"}}]},"name":"gbtree"},"learner_model_param":{"base_score":"1.6255556E2","boost_from_average":"1","num_class":"0","num_feature":"2","num_target":"1"},"objective":{"name":"reg:squarederror","reg_loss_param":{"scale_pos_weight":"1"}}},"version":[2,1,1]}