{"name": "specpower-0.7.11", "isolator": "min", "extractor": "default", "abs_trainers": ["PolynomialRegressionTrainer", "GradientBoostingRegressorTrainer", "KNeighborsRegressorTrainer", "LinearRegressionTrainer", "SVRRegressorTrainer", "XgboostFitTrainer", "SGDRegressorTrainer", "LogarithmicRegressionTrainer", "LogisticRegressionTrainer", "ExponentialRegressionTrainer"], "dyn_trainers": ["PolynomialRegressionTrainer", "GradientBoostingRegressorTrainer", "KNeighborsRegressorTrainer", "LinearRegressionTrainer", "SVRRegressorTrainer", "XgboostFitTrainer", "SGDRegressorTrainer", "LogarithmicRegressionTrainer", "LogisticRegressionTrainer", "ExponentialRegressionTrainer"], "init_time": "2024-08-14 07:29:45", "last_update_time": "2024-08-14 07:32:04", "publisher": "sunya-ch", "collect_time": "Late 2007 to Early 2024", "export_time": "2024-08-14 07:33:27"}