{"package": {"All_Weights": {"Bias_Weight": 90.81088811794834, "Categorical_Variables": {}, "Numerical_Variables": {"bpf_cpu_time_us": {"scale": 91202.66666666666, "mean": 0, "variance": 0, "weight": -340.7268558150678}, "cache_miss": {"scale": 1590590809.0, "mean": 0, "variance": 0, "weight": 152.12789448995161}, "cgroupfs_cpu_usage_us": {"scale": 12170083.666666666, "mean": 0, "variance": 0, "weight": -27.02065340837763}, "cgroupfs_memory_usage_bytes": {"scale": 4784128.0, "mean": 0, "variance": 0, "weight": -6.356304282404163}, "cgroupfs_system_cpu_usage_us": {"scale": 2759825.333333333, "mean": 0, "variance": 0, "weight": -55.8585856570862}, "cgroupfs_user_cpu_usage_us": {"scale": 9410258.0, "mean": 0, "variance": 0, "weight": -18.56320547760113}, "cpu_cycles": {"scale": 149704902796.3333, "mean": 0, "variance": 0, "weight": 1033.1388372285855}, "cpu_instructions": {"scale": 213346687012.6667, "mean": 0, "variance": 0, "weight": 320.7707283560972}, "kubelet_cpu_usage": {"scale": 624.6666666666666, "mean": 0, "variance": 0, "weight": -41.511382664153516}, "kubelet_memory_bytes": {"scale": 13031665664.0, "mean": 0, "variance": 0, "weight": 18.78312763837536}}}}, "core": {"All_Weights": {"Bias_Weight": 0.0, "Categorical_Variables": {}, "Numerical_Variables": {"bpf_cpu_time_us": {"scale": 91202.66666666666, "mean": 0, "variance": 0, "weight": 0.0}, "cache_miss": {"scale": 1590590809.0, "mean": 0, "variance": 0, "weight": 0.0}, "cgroupfs_cpu_usage_us": {"scale": 12170083.666666666, "mean": 0, "variance": 0, "weight": 0.0}, "cgroupfs_memory_usage_bytes": {"scale": 4784128.0, "mean": 0, "variance": 0, "weight": 0.0}, "cgroupfs_system_cpu_usage_us": {"scale": 2759825.333333333, "mean": 0, "variance": 0, "weight": 0.0}, "cgroupfs_user_cpu_usage_us": {"scale": 9410258.0, "mean": 0, "variance": 0, "weight": 0.0}, "cpu_cycles": {"scale": 149704902796.3333, "mean": 0, "variance": 0, "weight": 0.0}, "cpu_instructions": {"scale": 213346687012.6667, "mean": 0, "variance": 0, "weight": 0.0}, "kubelet_cpu_usage": {"scale": 624.6666666666666, "mean": 0, "variance": 0, "weight": 0.0}, "kubelet_memory_bytes": {"scale": 13031665664.0, "mean": 0, "variance": 0, "weight": 0.0}}}}, "uncore": {"All_Weights": {"Bias_Weight": 0.0, "Categorical_Variables": {}, "Numerical_Variables": {"bpf_cpu_time_us": {"scale": 91202.66666666666, "mean": 0, "variance": 0, "weight": 0.0}, "cache_miss": {"scale": 1590590809.0, "mean": 0, "variance": 0, "weight": 0.0}, "cgroupfs_cpu_usage_us": {"scale": 12170083.666666666, "mean": 0, "variance": 0, "weight": 0.0}, "cgroupfs_memory_usage_bytes": {"scale": 4784128.0, "mean": 0, "variance": 0, "weight": 0.0}, "cgroupfs_system_cpu_usage_us": {"scale": 2759825.333333333, "mean": 0, "variance": 0, "weight": 0.0}, "cgroupfs_user_cpu_usage_us": {"scale": 9410258.0, "mean": 0, "variance": 0, "weight": 0.0}, "cpu_cycles": {"scale": 149704902796.3333, "mean": 0, "variance": 0, "weight": 0.0}, "cpu_instructions": {"scale": 213346687012.6667, "mean": 0, "variance": 0, "weight": 0.0}, "kubelet_cpu_usage": {"scale": 624.6666666666666, "mean": 0, "variance": 0, "weight": 0.0}, "kubelet_memory_bytes": {"scale": 13031665664.0, "mean": 0, "variance": 0, "weight": 0.0}}}}, "dram": {"All_Weights": {"Bias_Weight": 2.9581019244980538, "Categorical_Variables": {}, "Numerical_Variables": {"bpf_cpu_time_us": {"scale": 91202.66666666666, "mean": 0, "variance": 0, "weight": -2.703528308591172}, "cache_miss": {"scale": 1590590809.0, "mean": 0, "variance": 0, "weight": 163.745568700695}, "cgroupfs_cpu_usage_us": {"scale": 12170083.666666666, "mean": 0, "variance": 0, "weight": -1.4096576005864137}, "cgroupfs_memory_usage_bytes": {"scale": 4784128.0, "mean": 0, "variance": 0, "weight": 2.6800624533020425}, "cgroupfs_system_cpu_usage_us": {"scale": 2759825.333333333, "mean": 0, "variance": 0, "weight": -1.5195851203593314}, "cgroupfs_user_cpu_usage_us": {"scale": 9410258.0, "mean": 0, "variance": 0, "weight": -1.377421591330316}, "cpu_cycles": {"scale": 149704902796.3333, "mean": 0, "variance": 0, "weight": 31.166006508896565}, "cpu_instructions": {"scale": 213346687012.6667, "mean": 0, "variance": 0, "weight": -28.59197560809}, "kubelet_cpu_usage": {"scale": 624.6666666666666, "mean": 0, "variance": 0, "weight": -8.523019357931716}, "kubelet_memory_bytes": {"scale": 13031665664.0, "mean": 0, "variance": 0, "weight": 29.533712761061718}}}}}