{"learner":{"attributes":{"scikit_learn":"{\"_estimator_type\": \"regressor\"}"},"feature_names":[],"feature_types":[],"gradient_booster":{"model":{"gbtree_model_param":{"num_parallel_tree":"1","num_trees":"100"},"iteration_indptr":[0,1,2,3,4,5,6,7,8,9,10,11,12,13,14,15,16,17,18,19,20,21,22,23,24,25,26,27,28,29,30,31,32,33,34,35,36,37,38,39,40,41,42,43,44,45,46,47,48,49,50,51,52,53,54,55,56,57,58,59,60,61,62,63,64,65,66,67,68,69,70,71,72,73,74,75,76,77,78,79,80,81,82,83,84,85,86,87,88,89,90,91,92,93,94,95,96,97,98,99,100],"tree_info":[0,0,0,0,0,0,0,0,0,0,0,0,0,0,0,0,0,0,0,0,0,0,0,0,0,0,0,0,0,0,0,0,0,0,0,0,0,0,0,0,0,0,0,0,0,0,0,0,0,0,0,0,0,0,0,0,0,0,0,0,0,0,0,0,0,0,0,0,0,0,0,0,0,0,0,0,0,0,0,0,0,0,0,0,0,0,0,0,0,0,0,0,0,0,0,0,0,0,0,0],"trees":[{"base_weights":[-3.0517579E-6,-1.1922226E1,9.935184E0,-1.3133337E0,-3.5388908E-1,1.6611099E-1,1.1257776E0],"categories":[],"categories_nodes":[],"categories_segments":[],"categories_sizes":[],"default_left":[0,0,0,0,0,0,0],"id":0,"left_children":[1,3,5,-1,-1,-1,-1],"loss_changes":[1.3029446E3,4.288269E0,4.6958984E1,0E0,0E0,0E0,0E0],"parents":[2147483647,0,0,1,1,2,2],"right_children":[2,4,6,-1,-1,-1,-1],"split_conditions":[5.0172174E-1,2.958662E-1,6.0024816E-1,-1.3133337E0,-3.5388908E-1,1.6611099E-1,1.1257776E0],"split_indices":[0,0,0,0,0,0,0],"split_type":[0,0,0,0,0,0,0],"sum_hessian":[9E0,4E0,5E0,3E0,1E0,1E0,4E0],"tree_param":{"num_deleted":"0","num_feature":"2","num_nodes":"7","size_leaf_vector":"1"}},{"base_weights":[-3.753662E-2,-1.1063449E1,9.15698E0,-1.2148339E0,-3.361946E-1,1.5780564E-1,1.0357153E0],"categories":[],"categories_nodes":[],"categories_segments":[],"categories_sizes":[],"default_left":[0,0,0,0,0,0,0],"id":1,"left_children":[1,3,5,-1,-1,-1,-1],"loss_changes":[1.1150872E3,9.343262E-1,3.8231995E1,0E0,0E0,0E0,0E0],"parents":[2147483647,0,0,1,1,2,2],"right_children":[2,4,6,-1,-1,-1,-1],"split_conditions":[5.0172174E-1,2.958662E-1,6.0024816E-1,-1.2148339E0,-3.361946E-1,1.5780564E-1,1.0357153E0],"split_indices":[0,0,0,0,0,0,0],"split_type":[0,0,0,0,0,0,0],"sum_hessian":[9E0,4E0,5E0,3E0,1E0,1E0,4E0],"tree_param":{"num_deleted":"0","num_feature":"2","num_nodes":"7","size_leaf_vector":"1"}},{"base_weights":[-6.9532014E-2,-1.0267309E0,8.440204E0,1.4991532E-1,9.5285827E-1],"categories":[],"categories_nodes":[],"categories_segments":[],"categories_sizes":[],"default_left":[0,0,0,0,0],"id":2,"left_children":[1,-1,3,-1,-1],"loss_changes":[9.544619E2,0E0,3.1042145E1,0E0,0E0],"parents":[2147483647,0,0,2,2],"right_children":[2,-1,4,-1,-1],"split_conditions":[5.0172174E-1,-1.0267309E0,6.0024816E-1,1.4991532E-1,9.5285827E-1],"split_indices":[0,0,0,0,0],"split_type":[0,0,0,0,0],"sum_hessian":[9E0,4E0,5E0,1E0,4E0],"tree_param":{"num_deleted":"0","num_feature":"2","num_nodes":"5","size_leaf_vector":"1"}},{"base_weights":[-5.4973602E-2,-9.445921E0,7.7799783E0,-1.0467161E0,-2.680481E-1,2.68542E-1,9.655903E-1],"categories":[],"categories_nodes":[],"categories_segments":[],"categories_sizes":[],"default_left":[0,0,0,0,0,0,0],"id":3,"left_children":[1,3,5,-1,-1,-1,-1],"loss_changes":[8.092653E2,6.488678E0,3.1411896E1,0E0,0E0,0E0,0E0],"parents":[2147483647,0,0,1,1,2,2],"right_children":[2,4,6,-1,-1,-1,-1],"split_conditions":[5.0172174E-1,2.958662E-1,6.998464E-1,-1.0467161E0,-2.680481E-1,2.68542E-1,9.655903E-1],"split_indices":[0,0,0,0,0,0,0],"split_type":[0,0,0,0,0,0,0],"sum_hessian":[9E0,4E0,5E0,3E0,1E0,2E0,3E0],"tree_param":{"num_deleted":"0","num_feature":"2","num_nodes":"7","size_leaf_vector":"1"}},{"base_weights":[-5.7539366E-2,-8.764282E0,7.2076697E0,-9.6821254E-1,-2.5464556E-1,2.5063935E-1,8.9317095E-1],"categories":[],"categories_nodes":[],"categories_segments":[],"categories_sizes":[],"default_left":[0,0,0,0,0,0,0],"id":4,"left_children":[1,3,5,-1,-1,-1,-1],"loss_changes":[6.9573315E2,3.8798523E0,2.6244751E1,0E0,0E0,0E0,0E0],"parents":[2147483647,0,0,1,1,2,2],"right_children":[2,4,6,-1,-1,-1,-1],"split_conditions":[5.0172174E-1,2.958662E-1,6.998464E-1,-9.6821254E-1,-2.5464556E-1,2.5063935E-1,8.9317095E-1],"split_indices":[0,0,0,0,0,0,0],"split_type":[0,0,0,0,0,0,0],"sum_hessian":[9E0,4E0,5E0,3E0,1E0,2E0,3E0],"tree_param":{"num_deleted":"0","num_feature":"2","num_nodes":"7","size_leaf_vector":"1"}},{"base_weights":[-5.9690095E-2,-8.132423E0,6.677536E0,-8.955963E-1,-2.4191323E-1,2.3392995E-1,8.2618296E-1],"categories":[],"categories_nodes":[],"categories_segments":[],"categories_sizes":[],"default_left":[0,0,0,0,0,0,0],"id":5,"left_children":[1,3,5,-1,-1,-1,-1],"loss_changes":[5.9818286E2,1.8599548E0,2.1911346E1,0E0,0E0,0E0,0E0],"parents":[2147483647,0,0,1,1,2,2],"right_children":[2,4,6,-1,-1,-1,-1],"split_conditions":[5.0172174E-1,2.958662E-1,6.998464E-1,-8.955963E-1,-2.4191323E-1,2.3392995E-1,8.2618296E-1],"split_indices":[0,0,0,0,0,0,0],"split_type":[0,0,0,0,0,0,0],"sum_hessian":[9E0,4E0,5E0,3E0,1E0,2E0,3E0],"tree_param":{"num_deleted":"0","num_feature":"2","num_nodes":"7","size_leaf_vector":"1"}},{"base_weights":[-6.145935E-2,-7.5466814E0,6.1864686E0,-8.2842636E-1,-2.2981758E-1,2.1833447E-1,7.6421946E-1],"categories":[],"categories_nodes":[],"categories_segments":[],"categories_sizes":[],"default_left":[0,0,0,0,0,0,0],"id":6,"left_children":[1,3,5,-1,-1,-1,-1],"loss_changes":[5.143586E2,3.1732178E-1,1.827916E1,0E0,0E0,0E0,0E0],"parents":[2147483647,0,0,1,1,2,2],"right_children":[2,4,6,-1,-1,-1,-1],"split_conditions":[5.0172174E-1,2.958662E-1,6.998464E-1,-8.2842636E-1,-2.2981758E-1,2.1833447E-1,7.6421946E-1],"split_indices":[0,0,0,0,0,0,0],"split_type":[0,0,0,0,0,0,0],"sum_hessian":[9E0,4E0,5E0,3E0,1E0,2E0,3E0],"tree_param":{"num_deleted":"0","num_feature":"2","num_nodes":"7","size_leaf_vector":"1"}},{"base_weights":[-6.2884524E-2,-7.0036635E0,5.731579E0,-8.455953E-1,-3.2168198E-1,9.3846895E-2,6.5025073E-1],"categories":[],"categories_nodes":[],"categories_segments":[],"categories_sizes":[],"default_left":[0,0,0,0,0,0,0],"id":7,"left_children":[1,3,5,-1,-1,-1,-1],"loss_changes":[4.4232294E2,2.966919E-1,1.6068466E1,0E0,0E0,0E0,0E0],"parents":[2147483647,0,0,1,1,2,2],"right_children":[2,4,6,-1,-1,-1,-1],"split_conditions":[5.0172174E-1,1.9896021E-1,6.0024816E-1,-8.455953E-1,-3.2168198E-1,9.3846895E-2,6.5025073E-1],"split_indices":[0,0,0,0,0,0,0],"split_type":[0,0,0,0,0,0,0],"sum_hessian":[9E0,4E0,5E0,2E0,2E0,1E0,4E0],"tree_param":{"num_deleted":"0","num_feature":"2","num_nodes":"7","size_leaf_vector":"1"}},{"base_weights":[-9.89151E-2,-6.536752E0,5.282435E0,-7.892222E-1,-3.0023652E-1,1.7897516E-1,6.581339E-1],"categories":[],"categories_nodes":[],"categories_segments":[],"categories_sizes":[],"default_left":[0,0,0,0,0,0,0],"id":8,"left_children":[1,3,5,-1,-1,-1,-1],"loss_changes":[3.8097253E2,2.584381E-1,1.5440994E1,0E0,0E0,0E0,0E0],"parents":[2147483647,0,0,1,1,2,2],"right_children":[2,4,6,-1,-1,-1,-1],"split_conditions":[5.0172174E-1,1.9896021E-1,6.998464E-1,-7.892222E-1,-3.0023652E-1,1.7897516E-1,6.581339E-1],"split_indices":[0,0,0,0,0,0,0],"split_type":[0,0,0,0,0,0,0],"sum_hessian":[9E0,4E0,5E0,2E0,2E0,2E0,3E0],"tree_param":{"num_deleted":"0","num_feature":"2","num_nodes":"7","size_leaf_vector":"1"}},{"base_weights":[-1.1425857E-1,-6.1009674E0,4.8937087E0,-7.366074E-1,-2.8022054E-1,1.6704331E-1,6.087738E-1],"categories":[],"categories_nodes":[],"categories_segments":[],"categories_sizes":[],"default_left":[0,0,0,0,0,0,0],"id":9,"left_children":[1,3,5,-1,-1,-1,-1],"loss_changes":[3.2966876E2,2.2515869E-1,1.2922958E1,0E0,0E0,0E0,0E0],"parents":[2147483647,0,0,1,1,2,2],"right_children":[2,4,6,-1,-1,-1,-1],"split_conditions":[5.0172174E-1,1.9896021E-1,6.998464E-1,-7.366074E-1,-2.8022054E-1,1.6704331E-1,6.087738E-1],"split_indices":[0,0,0,0,0,0,0],"split_type":[0,0,0,0,0,0,0],"sum_hessian":[9E0,4E0,5E0,2E0,2E0,2E0,3E0],"tree_param":{"num_deleted":"0","num_feature":"2","num_nodes":"7","size_leaf_vector":"1"}},{"base_weights":[-1.2693329E-1,-5.6942353E0,4.5336404E0,-6.251696E-1,-1.7321968E-1,2.1296883E-1,6.227697E-1],"categories":[],"categories_nodes":[],"categories_segments":[],"categories_sizes":[],"default_left":[0,0,0,0,0,0,0],"id":10,"left_children":[1,3,5,-1,-1,-1,-1],"loss_changes":[2.852838E2,2.142334E-1,1.1171532E1,0E0,0E0,0E0,0E0],"parents":[2147483647,0,0,1,1,2,2],"right_children":[2,4,6,-1,-1,-1,-1],"split_conditions":[5.0172174E-1,2.958662E-1,8.096315E-1,-6.251696E-1,-1.7321968E-1,2.1296883E-1,6.227697E-1],"split_indices":[0,0,0,0,0,0,0],"split_type":[0,0,0,0,0,0,0],"sum_hessian":[9E0,4E0,5E0,3E0,1E0,3E0,2E0],"tree_param":{"num_deleted":"0","num_feature":"2","num_nodes":"7","size_leaf_vector":"1"}},{"base_weights":[-1.1050568E-1,-5.284491E0,4.2195663E0,-6.4582217E-1,-2.3492634E-1,1.4170913E-1,5.266531E-1],"categories":[],"categories_nodes":[],"categories_segments":[],"categories_sizes":[],"default_left":[0,0,0,0,0,0,0],"id":11,"left_children":[1,3,5,-1,-1,-1,-1],"loss_changes":[2.4633556E2,2.053772E0,1.0141403E1,0E0,0E0,0E0,0E0],"parents":[2147483647,0,0,1,1,2,2],"right_children":[2,4,6,-1,-1,-1,-1],"split_conditions":[5.0172174E-1,1.9896021E-1,6.998464E-1,-6.4582217E-1,-2.3492634E-1,1.4170913E-1,5.266531E-1],"split_indices":[0,0,0,0,0,0,0],"split_type":[0,0,0,0,0,0,0],"sum_hessian":[9E0,4E0,5E0,2E0,2E0,2E0,3E0],"tree_param":{"num_deleted":"0","num_feature":"2","num_nodes":"7","size_leaf_vector":"1"}},{"base_weights":[-1.2069321E-1,-4.932193E0,3.9090054E0,-6.027674E-1,-2.1926473E-1,1.7674465E0,5.4614156E-1,5.4119494E-2,1.9957988E-1],"categories":[],"categories_nodes":[],"categories_segments":[],"categories_sizes":[],"default_left":[0,0,0,0,0,0,0,0,0],"id":12,"left_children":[1,3,5,-1,-1,7,-1,-1,-1],"loss_changes":[2.1316891E2,1.789032E0,1.0294701E1,0E0,0E0,3.995323E-2,0E0,0E0,0E0],"parents":[2147483647,0,0,1,1,2,2,5,5],"right_children":[2,4,6,-1,-1,8,-1,-1,-1],"split_conditions":[5.0172174E-1,1.9896021E-1,8.096315E-1,-6.027674E-1,-2.1926473E-1,6.0024816E-1,5.4614156E-1,5.4119494E-2,1.9957988E-1],"split_indices":[0,0,0,0,0,0,0,0,0],"split_type":[0,0,0,0,0,0,0,0,0],"sum_hessian":[9E0,4E0,5E0,2E0,2E0,3E0,2E0,1E0,2E0],"tree_param":{"num_deleted":"0","num_feature":"2","num_nodes":"9","size_leaf_vector":"1"}},{"base_weights":[-1.1084366E-1,-4.603381E0,3.6514118E0,-5.625829E-1,-2.0464733E-1,1.6541271E-1,5.0973207E-1],"categories":[],"categories_nodes":[],"categories_segments":[],"categories_sizes":[],"default_left":[0,0,0,0,0,0,0],"id":13,"left_children":[1,3,5,-1,-1,-1,-1],"loss_changes":[1.8582959E2,1.5584106E0,8.895729E0,0E0,0E0,0E0,0E0],"parents":[2147483647,0,0,1,1,2,2],"right_children":[2,4,6,-1,-1,-1,-1],"split_conditions":[5.0172174E-1,1.9896021E-1,8.096315E-1,-5.625829E-1,-2.0464733E-1,1.6541271E-1,5.0973207E-1],"split_indices":[0,0,0,0,0,0,0],"split_type":[0,0,0,0,0,0,0],"sum_hessian":[9E0,4E0,5E0,2E0,2E0,3E0,2E0],"tree_param":{"num_deleted":"0","num_feature":"2","num_nodes":"7","size_leaf_vector":"1"}},{"base_weights":[-1.0896759E-1,-4.2964873E0,3.3987935E0,-5.250773E-1,-1.9100393E-1,1.5300674E0,4.7574973E-1,4.3142702E-2,1.7524719E-1],"categories":[],"categories_nodes":[],"categories_segments":[],"categories_sizes":[],"default_left":[0,0,0,0,0,0,0,0,0],"id":14,"left_children":[1,3,5,-1,-1,7,-1,-1,-1],"loss_changes":[1.6149106E2,1.3575745E0,7.954979E0,0E0,0E0,2.2130585E-1,0E0,0E0,0E0],"parents":[2147483647,0,0,1,1,2,2,5,5],"right_children":[2,4,6,-1,-1,8,-1,-1,-1],"split_conditions":[5.0172174E-1,1.9896021E-1,8.096315E-1,-5.250773E-1,-1.9100393E-1,6.0024816E-1,4.7574973E-1,4.3142702E-2,1.7524719E-1],"split_indices":[0,0,0,0,0,0,0,0,0],"split_type":[0,0,0,0,0,0,0,0,0],"sum_hessian":[9E0,4E0,5E0,2E0,2E0,3E0,2E0,1E0,2E0],"tree_param":{"num_deleted":"0","num_feature":"2","num_nodes":"9","size_leaf_vector":"1"}},{"base_weights":[-1.0026474E-1,-4.0100555E0,3.1746051E0,-4.900721E-1,-1.7827047E-1,1.4316578E0,4.440333E-1,4.098549E-2,1.6356406E-1],"categories":[],"categories_nodes":[],"categories_segments":[],"categories_sizes":[],"default_left":[0,0,0,0,0,0,0,0,0],"id":15,"left_children":[1,3,5,-1,-1,7,-1,-1,-1],"loss_changes":[1.407709E2,1.1825867E0,6.879547E0,0E0,0E0,1.6334534E-1,0E0,0E0,0E0],"parents":[2147483647,0,0,1,1,2,2,5,5],"right_children":[2,4,6,-1,-1,8,-1,-1,-1],"split_conditions":[5.0172174E-1,1.9896021E-1,8.096315E-1,-4.900721E-1,-1.7827047E-1,6.0024816E-1,4.440333E-1,4.098549E-2,1.6356406E-1],"split_indices":[0,0,0,0,0,0,0,0,0],"split_type":[0,0,0,0,0,0,0,0,0],"sum_hessian":[9E0,4E0,5E0,2E0,2E0,3E0,2E0,1E0,2E0],"tree_param":{"num_deleted":"0","num_feature":"2","num_nodes":"9","size_leaf_vector":"1"}},{"base_weights":[-9.2214204E-2,-3.7427185E0,2.9652417E0,-4.5740053E-1,-1.663859E-1,1.3396282E0,4.1443124E-1,3.8936235E-2,1.5265961E-1],"categories":[],"categories_nodes":[],"categories_segments":[],"categories_sizes":[],"default_left":[0,0,0,0,0,0,0,0,0],"id":16,"left_children":[1,3,5,-1,-1,7,-1,-1,-1],"loss_changes":[1.22710625E2,1.0301361E0,5.948448E0,0E0,0E0,1.16277695E-1,0E0,0E0,0E0],"parents":[2147483647,0,0,1,1,2,2,5,5],"right_children":[2,4,6,-1,-1,8,-1,-1,-1],"split_conditions":[5.0172174E-1,1.9896021E-1,8.096315E-1,-4.5740053E-1,-1.663859E-1,6.0024816E-1,4.1443124E-1,3.8936235E-2,1.5265961E-1],"split_indices":[0,0,0,0,0,0,0,0,0],"split_type":[0,0,0,0,0,0,0,0,0],"sum_hessian":[9E0,4E0,5E0,2E0,2E0,3E0,2E0,1E0,2E0],"tree_param":{"num_deleted":"0","num_feature":"2","num_nodes":"9","size_leaf_vector":"1"}},{"base_weights":[-8.476715E-2,-3.4932036E0,2.7697246E0,-4.2690736E-1,-1.5529327E-1,1.2535667E0,3.8680267E-1,3.6989596E-2,1.424825E-1],"categories":[],"categories_nodes":[],"categories_segments":[],"categories_sizes":[],"default_left":[0,0,0,0,0,0,0,0,0],"id":17,"left_children":[1,3,5,-1,-1,7,-1,-1,-1],"loss_changes":[1.0696875E2,8.9740753E-1,5.1423645E0,0E0,0E0,7.8306675E-2,0E0,0E0,0E0],"parents":[2147483647,0,0,1,1,2,2,5,5],"right_children":[2,4,6,-1,-1,8,-1,-1,-1],"split_conditions":[5.0172174E-1,1.9896021E-1,8.096315E-1,-4.2690736E-1,-1.5529327E-1,6.0024816E-1,3.8680267E-1,3.6989596E-2,1.424825E-1],"split_indices":[0,0,0,0,0,0,0,0,0],"split_type":[0,0,0,0,0,0,0,0,0],"sum_hessian":[9E0,4E0,5E0,2E0,2E0,3E0,2E0,1E0,2E0],"tree_param":{"num_deleted":"0","num_feature":"2","num_nodes":"9","size_leaf_vector":"1"}},{"base_weights":[-7.788086E-2,-3.2603211E0,2.5871327E0,-3.9844665E-1,-1.4494018E-1,1.1730804E0,3.6101583E-1,3.5140228E-2,1.3298391E-1],"categories":[],"categories_nodes":[],"categories_segments":[],"categories_sizes":[],"default_left":[0,0,0,0,0,0,0,0,0],"id":18,"left_children":[1,3,5,-1,-1,7,-1,-1,-1],"loss_changes":[9.3247345E1,7.817459E-1,4.444664E0,0E0,0E0,4.791212E-2,0E0,0E0,0E0],"parents":[2147483647,0,0,1,1,2,2,5,5],"right_children":[2,4,6,-1,-1,8,-1,-1,-1],"split_conditions":[5.0172174E-1,1.9896021E-1,8.096315E-1,-3.9844665E-1,-1.4494018E-1,6.0024816E-1,3.6101583E-1,3.5140228E-2,1.3298391E-1],"split_indices":[0,0,0,0,0,0,0,0,0],"split_type":[0,0,0,0,0,0,0,0,0],"sum_hessian":[9E0,4E0,5E0,2E0,2E0,3E0,2E0,1E0,2E0],"tree_param":{"num_deleted":"0","num_feature":"2","num_nodes":"9","size_leaf_vector":"1"}},{"base_weights":[-7.151642E-2,-3.0429657E0,2.4166107E0,-3.7188366E-1,-1.3527732E-1,1.097805E0,3.3694813E-1,3.338318E-2,1.2411856E-1],"categories":[],"categories_nodes":[],"categories_segments":[],"categories_sizes":[],"default_left":[0,0,0,0,0,0,0,0,0],"id":19,"left_children":[1,3,5,-1,-1,7,-1,-1,-1],"loss_changes":[8.1287094E1,6.81015E-1,3.8408775E0,0E0,0E0,2.380848E-2,0E0,0E0,0E0],"parents":[2147483647,0,0,1,1,2,2,5,5],"right_children":[2,4,6,-1,-1,8,-1,-1,-1],"split_conditions":[5.0172174E-1,1.9896021E-1,8.096315E-1,-3.7188366E-1,-1.3527732E-1,6.0024816E-1,3.3694813E-1,3.338318E-2,1.2411856E-1],"split_indices":[0,0,0,0,0,0,0,0,0],"split_type":[0,0,0,0,0,0,0,0,0],"sum_hessian":[9E0,4E0,5E0,2E0,2E0,3E0,2E0,1E0,2E0],"tree_param":{"num_deleted":"0","num_feature":"2","num_nodes":"9","size_leaf_vector":"1"}},{"base_weights":[-6.5634154E-2,-2.8401E0,2.2573597E0,-3.4709117E-1,-1.2625885E-1,1.2653763E0,3.608639E-1,3.171387E-2,1.423151E-1],"categories":[],"categories_nodes":[],"categories_segments":[],"categories_sizes":[],"default_left":[0,0,0,0,0,0,0,0,0],"id":20,"left_children":[1,3,5,-1,-1,7,-1,-1,-1],"loss_changes":[7.086181E1,5.932274E-1,3.4763927E0,0E0,0E0,2.967043E-1,0E0,0E0,0E0],"parents":[2147483647,0,0,1,1,2,2,5,5],"right_children":[2,4,6,-1,-1,8,-1,-1,-1],"split_conditions":[5.0172174E-1,1.9896021E-1,1E0,-3.4709117E-1,-1.2625885E-1,6.0024816E-1,3.608639E-1,3.171387E-2,1.423151E-1],"split_indices":[0,0,0,0,0,0,0,0,0],"split_type":[0,0,0,0,0,0,0,0,0],"sum_hessian":[9E0,4E0,5E0,2E0,2E0,4E0,1E0,1E0,3E0],"tree_param":{"num_deleted":"0","num_feature":"2","num_nodes":"9","size_leaf_vector":"1"}},{"base_weights":[-5.291748E-2,-2.65076E0,2.1207707E0,-3.2395172E-1,-1.17841594E-1,1.1736419E0,3.4282073E-1,3.0128097E-2,1.316412E-1],"categories":[],"categories_nodes":[],"categories_segments":[],"categories_sizes":[],"default_left":[0,0,0,0,0,0,0,0,0],"id":21,"left_children":[1,3,5,-1,-1,7,-1,-1,-1],"loss_changes":[6.209065E1,5.167694E-1,3.4063778E0,0E0,0E0,2.2612476E-1,0E0,0E0,0E0],"parents":[2147483647,0,0,1,1,2,2,5,5],"right_children":[2,4,6,-1,-1,8,-1,-1,-1],"split_conditions":[5.0172174E-1,1.9896021E-1,1E0,-3.2395172E-1,-1.17841594E-1,6.0024816E-1,3.4282073E-1,3.0128097E-2,1.316412E-1],"split_indices":[0,0,0,0,0,0,0,0,0],"split_type":[0,0,0,0,0,0,0,0,0],"sum_hessian":[9E0,4E0,5E0,2E0,2E0,4E0,1E0,1E0,3E0],"tree_param":{"num_deleted":"0","num_feature":"2","num_nodes":"9","size_leaf_vector":"1"}},{"base_weights":[-4.1344453E-2,-2.4740417E0,1.992794E0,-3.0235493E-1,-1.0998535E-1,1.0886338E0,3.2567978E-1,2.8621674E-2,1.2176838E-1],"categories":[],"categories_nodes":[],"categories_segments":[],"categories_sizes":[],"default_left":[0,0,0,0,0,0,0,0,0],"id":22,"left_children":[1,3,5,-1,-1,7,-1,-1,-1],"loss_changes":[5.441469E1,4.5017433E-1,3.3117104E0,0E0,0E0,1.6923857E-1,0E0,0E0,0E0],"parents":[2147483647,0,0,1,1,2,2,5,5],"right_children":[2,4,6,-1,-1,8,-1,-1,-1],"split_conditions":[5.0172174E-1,1.9896021E-1,1E0,-3.0235493E-1,-1.0998535E-1,6.0024816E-1,3.2567978E-1,2.8621674E-2,1.2176838E-1],"split_indices":[0,0,0,0,0,0,0,0,0],"split_type":[0,0,0,0,0,0,0,0,0],"sum_hessian":[9E0,4E0,5E0,2E0,2E0,4E0,1E0,1E0,3E0],"tree_param":{"num_deleted":"0","num_feature":"2","num_nodes":"9","size_leaf_vector":"1"}},{"base_weights":[-3.0837249E-2,-2.3091063E0,1.87286E0,-2.5596142E-1,-6.535377E-2,1.0098495E0,3.093956E-1,2.71904E-2,1.1263599E-1],"categories":[],"categories_nodes":[],"categories_segments":[],"categories_sizes":[],"default_left":[0,0,0,0,0,0,0,0,0],"id":23,"left_children":[1,3,5,-1,-1,7,-1,-1,-1],"loss_changes":[4.769598E1,4.0085983E-1,3.1984844E0,0E0,0E0,1.2362957E-1,0E0,0E0,0E0],"parents":[2147483647,0,0,1,1,2,2,5,5],"right_children":[2,4,6,-1,-1,8,-1,-1,-1],"split_conditions":[5.0172174E-1,2.958662E-1,1E0,-2.5596142E-1,-6.535377E-2,6.0024816E-1,3.093956E-1,2.71904E-2,1.1263599E-1],"split_indices":[0,0,0,0,0,0,0,0,0],"split_type":[0,0,0,0,0,0,0,0,0],"sum_hessian":[9E0,4E0,5E0,3E0,1E0,4E0,1E0,1E0,3E0],"tree_param":{"num_deleted":"0","num_feature":"2","num_nodes":"9","size_leaf_vector":"1"}},{"base_weights":[-1.4962768E-2,-2.1424606E0,1.760446E0,-2.651342E-1,-9.19426E-2,9.3683165E-1,2.9392585E-1,2.583084E-2,1.0418854E-1],"categories":[],"categories_nodes":[],"categories_segments":[],"categories_sizes":[],"default_left":[0,0,0,0,0,0,0,0,0],"id":24,"left_children":[1,3,5,-1,-1,7,-1,-1,-1],"loss_changes":[4.154347E1,6.741829E-1,3.0717316E0,0E0,0E0,8.727932E-2,0E0,0E0,0E0],"parents":[2147483647,0,0,1,1,2,2,5,5],"right_children":[2,4,6,-1,-1,8,-1,-1,-1],"split_conditions":[5.0172174E-1,1.9896021E-1,1E0,-2.651342E-1,-9.19426E-2,6.0024816E-1,2.9392585E-1,2.583084E-2,1.0418854E-1],"split_indices":[0,0,0,0,0,0,0,0,0],"split_type":[0,0,0,0,0,0,0,0,0],"sum_hessian":[9E0,4E0,5E0,2E0,2E0,4E0,1E0,1E0,3E0],"tree_param":{"num_deleted":"0","num_feature":"2","num_nodes":"9","size_leaf_vector":"1"}},{"base_weights":[-6.778717E-3,-1.9996293E0,1.6550598E0,-2.4745838E-1,-8.581314E-2,8.6915284E-1,2.7922973E-1,2.4539186E-2,9.637451E-2],"categories":[],"categories_nodes":[],"categories_segments":[],"categories_sizes":[],"default_left":[0,0,0,0,0,0,0,0,0],"id":25,"left_children":[1,3,5,-1,-1,7,-1,-1,-1],"loss_changes":[3.6427467E1,5.872822E-1,2.9356441E0,0E0,0E0,5.85196E-2,0E0,0E0,0E0],"parents":[2147483647,0,0,1,1,2,2,5,5],"right_children":[2,4,6,-1,-1,8,-1,-1,-1],"split_conditions":[5.0172174E-1,1.9896021E-1,1E0,-2.4745838E-1,-8.581314E-2,6.0024816E-1,2.7922973E-1,2.4539186E-2,9.637451E-2],"split_indices":[0,0,0,0,0,0,0,0,0],"split_type":[0,0,0,0,0,0,0,0,0],"sum_hessian":[9E0,4E0,5E0,2E0,2E0,4E0,1E0,1E0,3E0],"tree_param":{"num_deleted":"0","num_feature":"2","num_nodes":"9","size_leaf_vector":"1"}},{"base_weights":[5.874634E-4,-1.8663193E0,1.5562452E0,-2.3096111E-1,-8.009212E-2,8.064209E-1,2.6526833E-1,2.3312379E-2,8.914643E-2],"categories":[],"categories_nodes":[],"categories_segments":[],"categories_sizes":[],"default_left":[0,0,0,0,0,0,0,0,0],"id":26,"left_children":[1,3,5,-1,-1,7,-1,-1,-1],"loss_changes":[3.1947128E1,5.115948E-1,2.7936354E0,0E0,0E0,3.5954237E-2,0E0,0E0,0E0],"parents":[2147483647,0,0,1,1,2,2,5,5],"right_children":[2,4,6,-1,-1,8,-1,-1,-1],"split_conditions":[5.0172174E-1,1.9896021E-1,1E0,-2.3096111E-1,-8.009212E-2,6.0024816E-1,2.6526833E-1,2.3312379E-2,8.914643E-2],"split_indices":[0,0,0,0,0,0,0,0,0],"split_type":[0,0,0,0,0,0,0,0,0],"sum_hessian":[9E0,4E0,5E0,2E0,2E0,4E0,1E0,1E0,3E0],"tree_param":{"num_deleted":"0","num_feature":"2","num_nodes":"9","size_leaf_vector":"1"}},{"base_weights":[7.196045E-3,-1.741896E0,1.4635735E0,-2.1556346E-1,-7.4752554E-2,7.482681E-1,2.52005E-1,2.2146607E-2,8.246022E-2],"categories":[],"categories_nodes":[],"categories_segments":[],"categories_sizes":[],"default_left":[0,0,0,0,0,0,0,0,0],"id":27,"left_children":[1,3,5,-1,-1,7,-1,-1,-1],"loss_changes":[2.8022776E1,4.4565392E-1,2.6485472E0,0E0,0E0,1.8443108E-2,0E0,0E0,0E0],"parents":[2147483647,0,0,1,1,2,2,5,5],"right_children":[2,4,6,-1,-1,8,-1,-1,-1],"split_conditions":[5.0172174E-1,1.9896021E-1,1E0,-2.1556346E-1,-7.4752554E-2,6.0024816E-1,2.52005E-1,2.2146607E-2,8.246022E-2],"split_indices":[0,0,0,0,0,0,0,0,0],"split_type":[0,0,0,0,0,0,0,0,0],"sum_hessian":[9E0,4E0,5E0,2E0,2E0,4E0,1E0,1E0,3E0],"tree_param":{"num_deleted":"0","num_feature":"2","num_nodes":"9","size_leaf_vector":"1"}},{"base_weights":[1.3105774E-2,-1.6257706E0,1.3766518E0,-2.0119274E-1,-6.976903E-2,6.943634E-1,2.3940468E-1,2.1039201E-2,7.6275826E-2],"categories":[],"categories_nodes":[],"categories_segments":[],"categories_sizes":[],"default_left":[0,0,0,0,0,0,0,0,0],"id":28,"left_children":[1,3,5,-1,-1,7,-1,-1,-1],"loss_changes":[2.4584951E1,3.882208E-1,2.5026026E0,0E0,0E0,5.0275326E-3,0E0,0E0,0E0],"parents":[2147483647,0,0,1,1,2,2,5,5],"right_children":[2,4,6,-1,-1,8,-1,-1,-1],"split_conditions":[5.0172174E-1,1.9896021E-1,1E0,-2.0119274E-1,-6.976903E-2,6.0024816E-1,2.3940468E-1,2.1039201E-2,7.6275826E-2],"split_indices":[0,0,0,0,0,0,0,0,0],"split_type":[0,0,0,0,0,0,0,0,0],"sum_hessian":[9E0,4E0,5E0,2E0,2E0,4E0,1E0,1E0,3E0],"tree_param":{"num_deleted":"0","num_feature":"2","num_nodes":"9","size_leaf_vector":"1"}},{"base_weights":[1.8370818E-2,-1.5173843E0,1.295105E0,-2.1583481E-1,-8.175564E-2,6.443878E-2,2.2743455E-1],"categories":[],"categories_nodes":[],"categories_segments":[],"categories_sizes":[],"default_left":[0,0,0,0,0,0,0],"id":29,"left_children":[1,3,5,-1,-1,-1,-1],"loss_changes":[2.1572683E1,4.7824955E-1,2.3576908E0,0E0,0E0,0E0,0E0],"parents":[2147483647,0,0,1,1,2,2],"right_children":[2,4,6,-1,-1,-1,-1],"split_conditions":[5.0172174E-1,1.0398697E-1,1E0,-2.1583481E-1,-8.175564E-2,6.443878E-2,2.2743455E-1],"split_indices":[0,0,0,0,0,0,0],"split_type":[0,0,0,0,0,0,0],"sum_hessian":[9E0,4E0,5E0,1E0,3E0,4E0,1E0],"tree_param":{"num_deleted":"0","num_feature":"2","num_nodes":"7","size_leaf_vector":"1"}},{"base_weights":[1.5962983E-2,-1.4251633E0,1.214241E0,-2.0504303E-1,-7.562389E-2,5.928375E-1,2.1606293E-1,1.6765213E-2,6.5722086E-2],"categories":[],"categories_nodes":[],"categories_segments":[],"categories_sizes":[],"default_left":[0,0,0,0,0,0,0,0,0],"id":30,"left_children":[1,3,5,-1,-1,7,-1,-1,-1],"loss_changes":[1.8999191E1,5.406666E-1,2.247631E0,0E0,0E0,2.6689768E-2,0E0,0E0,0E0],"parents":[2147483647,0,0,1,1,2,2,5,5],"right_children":[2,4,6,-1,-1,8,-1,-1,-1],"split_conditions":[5.0172174E-1,1.0398697E-1,1E0,-2.0504303E-1,-7.562389E-2,6.0024816E-1,2.1606293E-1,1.6765213E-2,6.5722086E-2],"split_indices":[0,0,0,0,0,0,0,0,0],"split_type":[0,0,0,0,0,0,0,0,0],"sum_hessian":[9E0,4E0,5E0,1E0,3E0,4E0,1E0,1E0,3E0],"tree_param":{"num_deleted":"0","num_feature":"2","num_nodes":"9","size_leaf_vector":"1"}},{"base_weights":[1.6155243E-2,-1.3387817E0,1.1425768E0,-1.9479103E-1,-6.9952205E-2,5.500534E-1,2.0525971E-1,1.5927125E-2,6.0793113E-2],"categories":[],"categories_nodes":[],"categories_segments":[],"categories_sizes":[],"default_left":[0,0,0,0,0,0,0,0,0],"id":31,"left_children":[1,3,5,-1,-1,7,-1,-1,-1],"loss_changes":[1.6791965E1,5.843506E-1,2.1062117E0,0E0,0E0,1.6261935E-2,0E0,0E0,0E0],"parents":[2147483647,0,0,1,1,2,2,5,5],"right_children":[2,4,6,-1,-1,8,-1,-1,-1],"split_conditions":[5.0172174E-1,1.0398697E-1,1E0,-1.9479103E-1,-6.9952205E-2,6.0024816E-1,2.0525971E-1,1.5927125E-2,6.0793113E-2],"split_indices":[0,0,0,0,0,0,0,0,0],"split_type":[0,0,0,0,0,0,0,0,0],"sum_hessian":[9E0,4E0,5E0,1E0,3E0,4E0,1E0,1E0,3E0],"tree_param":{"num_deleted":"0","num_feature":"2","num_nodes":"9","size_leaf_vector":"1"}},{"base_weights":[1.6264344E-2,-1.2578506E0,1.0753161E0,-1.8505135E-1,-6.470566E-2,5.103928E-1,1.9499664E-1,1.5130616E-2,5.623379E-2],"categories":[],"categories_nodes":[],"categories_segments":[],"categories_sizes":[],"default_left":[0,0,0,0,0,0,0,0,0],"id":32,"left_children":[1,3,5,-1,-1,7,-1,-1,-1],"loss_changes":[1.4846125E1,6.125879E-1,1.9694133E0,0E0,0E0,8.17883E-3,0E0,0E0,0E0],"parents":[2147483647,0,0,1,1,2,2,5,5],"right_children":[2,4,6,-1,-1,8,-1,-1,-1],"split_conditions":[5.0172174E-1,1.0398697E-1,1E0,-1.8505135E-1,-6.470566E-2,6.0024816E-1,1.9499664E-1,1.5130616E-2,5.623379E-2],"split_indices":[0,0,0,0,0,0,0,0,0],"split_type":[0,0,0,0,0,0,0,0,0],"sum_hessian":[9E0,4E0,5E0,1E0,3E0,4E0,1E0,1E0,3E0],"tree_param":{"num_deleted":"0","num_feature":"2","num_nodes":"9","size_leaf_vector":"1"}},{"base_weights":[1.629715E-2,-1.1820176E0,1.0121765E0,-1.757988E-1,-5.985279E-2,4.7362518E-1,1.8524666E-1,1.4374161E-2,5.201607E-2],"categories":[],"categories_nodes":[],"categories_segments":[],"categories_sizes":[],"default_left":[0,0,0,0,0,0,0,0,0],"id":33,"left_children":[1,3,5,-1,-1,7,-1,-1,-1],"loss_changes":[1.3130178E1,6.2815905E-1,1.8378615E0,0E0,0E0,1.9876957E-3,0E0,0E0,0E0],"parents":[2147483647,0,0,1,1,2,2,5,5],"right_children":[2,4,6,-1,-1,8,-1,-1,-1],"split_conditions":[5.0172174E-1,1.0398697E-1,1E0,-1.757988E-1,-5.985279E-2,6.0024816E-1,1.8524666E-1,1.4374161E-2,5.201607E-2],"split_indices":[0,0,0,0,0,0,0,0,0],"split_type":[0,0,0,0,0,0,0,0,0],"sum_hessian":[9E0,4E0,5E0,1E0,3E0,4E0,1E0,1E0,3E0],"tree_param":{"num_deleted":"0","num_feature":"2","num_nodes":"9","size_leaf_vector":"1"}},{"base_weights":[1.6265105E-2,-1.1109467E0,9.5289737E-1,-1.6700898E-1,-5.5363845E-2,4.395401E-2,1.7598419E-1],"categories":[],"categories_nodes":[],"categories_segments":[],"categories_sizes":[],"default_left":[0,0,0,0,0,0,0],"id":34,"left_children":[1,3,5,-1,-1,-1,-1],"loss_changes":[1.1616447E1,6.334491E-1,1.7119842E0,0E0,0E0,0E0,0E0],"parents":[2147483647,0,0,1,1,2,2],"right_children":[2,4,6,-1,-1,-1,-1],"split_conditions":[5.0172174E-1,1.0398697E-1,1E0,-1.6700898E-1,-5.5363845E-2,4.395401E-2,1.7598419E-1],"split_indices":[0,0,0,0,0,0,0],"split_type":[0,0,0,0,0,0,0],"sum_hessian":[9E0,4E0,5E0,1E0,3E0,4E0,1E0],"tree_param":{"num_deleted":"0","num_feature":"2","num_nodes":"7","size_leaf_vector":"1"}},{"base_weights":[1.4395905E-2,-1.0443252E0,8.942642E-1,-1.5865861E-1,-5.1211357E-2,4.0437776E-1,1.6718483E-1,1.1457825E-2,4.481831E-2],"categories":[],"categories_nodes":[],"categories_segments":[],"categories_sizes":[],"default_left":[0,0,0,0,0,0,0,0,0],"id":35,"left_children":[1,3,5,-1,-1,7,-1,-1,-1],"loss_changes":[1.0249255E1,6.3047504E-1,1.60951E0,0E0,0E0,1.2121737E-2,0E0,0E0,0E0],"parents":[2147483647,0,0,1,1,2,2,5,5],"right_children":[2,4,6,-1,-1,8,-1,-1,-1],"split_conditions":[5.0172174E-1,1.0398697E-1,1E0,-1.5865861E-1,-5.1211357E-2,6.0024816E-1,1.6718483E-1,1.1457825E-2,4.481831E-2],"split_indices":[0,0,0,0,0,0,0,0,0],"split_type":[0,0,0,0,0,0,0,0,0],"sum_hessian":[9E0,4E0,5E0,1E0,3E0,4E0,1E0,1E0,3E0],"tree_param":{"num_deleted":"0","num_feature":"2","num_nodes":"9","size_leaf_vector":"1"}},{"base_weights":[1.4315796E-2,-9.8186797E-1,8.42083E-1,-1.5072556E-1,-4.737072E-2,3.7519684E-1,1.5882568E-1,1.674525E-2,4.5787558E-2],"categories":[],"categories_nodes":[],"categories_segments":[],"categories_sizes":[],"default_left":[0,0,0,0,0,0,0,0,0],"id":36,"left_children":[1,3,5,-1,-1,7,-1,-1,-1],"loss_changes":[9.072896E0,6.209092E-1,1.4943604E0,0E0,0E0,9.207785E-3,0E0,0E0,0E0],"parents":[2147483647,0,0,1,1,2,2,5,5],"right_children":[2,4,6,-1,-1,8,-1,-1,-1],"split_conditions":[5.0172174E-1,1.0398697E-1,1E0,-1.5072556E-1,-4.737072E-2,6.998464E-1,1.5882568E-1,1.674525E-2,4.5787558E-2],"split_indices":[0,0,0,0,0,0,0,0,0],"split_type":[0,0,0,0,0,0,0,0,0],"sum_hessian":[9E0,4E0,5E0,1E0,3E0,4E0,1E0,2E0,2E0],"tree_param":{"num_deleted":"0","num_feature":"2","num_nodes":"9","size_leaf_vector":"1"}},{"base_weights":[1.52107235E-2,-9.2330015E-1,7.9476804E-1,-1.4318924E-1,-4.3817904E-2,3.5018462E-1,1.5088426E-1,1.5628815E-2,4.273529E-2],"categories":[],"categories_nodes":[],"categories_segments":[],"categories_sizes":[],"default_left":[0,0,0,0,0,0,0,0,0],"id":37,"left_children":[1,3,5,-1,-1,7,-1,-1,-1],"loss_changes":[8.050039E0,6.062193E-1,1.3764203E0,0E0,0E0,8.023024E-3,0E0,0E0,0E0],"parents":[2147483647,0,0,1,1,2,2,5,5],"right_children":[2,4,6,-1,-1,8,-1,-1,-1],"split_conditions":[5.0172174E-1,1.0398697E-1,1E0,-1.4318924E-1,-4.3817904E-2,6.998464E-1,1.5088426E-1,1.5628815E-2,4.273529E-2],"split_indices":[0,0,0,0,0,0,0,0,0],"split_type":[0,0,0,0,0,0,0,0,0],"sum_hessian":[9E0,4E0,5E0,1E0,3E0,4E0,1E0,2E0,2E0],"tree_param":{"num_deleted":"0","num_feature":"2","num_nodes":"9","size_leaf_vector":"1"}},{"base_weights":[1.5913391E-2,-8.683731E-1,7.501666E-1,-1.3602982E-1,-4.0531732E-2,3.2684022E-1,1.4333992E-1,9.2659E-3,3.6222078E-2],"categories":[],"categories_nodes":[],"categories_segments":[],"categories_sizes":[],"default_left":[0,0,0,0,0,0,0,0,0],"id":38,"left_children":[1,3,5,-1,-1,7,-1,-1,-1],"loss_changes":[7.1443267E0,5.875912E-1,1.2668898E0,0E0,0E0,7.864296E-3,0E0,0E0,0E0],"parents":[2147483647,0,0,1,1,2,2,5,5],"right_children":[2,4,6,-1,-1,8,-1,-1,-1],"split_conditions":[5.0172174E-1,1.0398697E-1,1E0,-1.3602982E-1,-4.0531732E-2,6.0024816E-1,1.4333992E-1,9.2659E-3,3.6222078E-2],"split_indices":[0,0,0,0,0,0,0,0,0],"split_type":[0,0,0,0,0,0,0,0,0],"sum_hessian":[9E0,4E0,5E0,1E0,3E0,4E0,1E0,1E0,3E0],"tree_param":{"num_deleted":"0","num_feature":"2","num_nodes":"9","size_leaf_vector":"1"}},{"base_weights":[1.5549469E-2,-8.168457E-1,7.066205E-1,-1.2922822E-1,-3.749161E-2,3.0325317E-1,1.3617288E-1,1.3070679E-2,3.7471518E-2],"categories":[],"categories_nodes":[],"categories_segments":[],"categories_sizes":[],"default_left":[0,0,0,0,0,0,0,0,0],"id":39,"left_children":[1,3,5,-1,-1,7,-1,-1,-1],"loss_changes":[6.329642E0,5.660496E-1,1.1725469E0,0E0,0E0,1.2674689E-2,0E0,0E0,0E0],"parents":[2147483647,0,0,1,1,2,2,5,5],"right_children":[2,4,6,-1,-1,8,-1,-1,-1],"split_conditions":[5.0172174E-1,1.0398697E-1,1E0,-1.2922822E-1,-3.749161E-2,6.998464E-1,1.3617288E-1,1.3070679E-2,3.7471518E-2],"split_indices":[0,0,0,0,0,0,0,0,0],"split_type":[0,0,0,0,0,0,0,0,0],"sum_hessian":[9E0,4E0,5E0,1E0,3E0,4E0,1E0,2E0,2E0],"tree_param":{"num_deleted":"0","num_feature":"2","num_nodes":"9","size_leaf_vector":"1"}},{"base_weights":[1.5995026E-2,-7.685059E-1,6.670799E-1,-1.22766875E-1,-3.4679794E-1,1.7622376E-2,1.0991949E-1,-3.918406E-2,-1.0583497E-2],"categories":[],"categories_nodes":[],"categories_segments":[],"categories_sizes":[],"default_left":[0,0,0,0,0,0,0,0,0],"id":40,"left_children":[1,3,5,-1,7,-1,-1,-1,-1],"loss_changes":[5.620422E0,5.4241014E-1,1.0789335E0,0E0,1.9440353E-3,0E0,0E0,0E0,0E0],"parents":[2147483647,0,0,1,1,2,2,4,4],"right_children":[2,4,6,-1,8,-1,-1,-1,-1],"split_conditions":[5.0172174E-1,1.0398697E-1,8.096315E-1,-1.22766875E-1,2.958662E-1,1.7622376E-2,1.0991949E-1,-3.918406E-2,-1.0583497E-2],"split_indices":[0,0,0,0,0,0,0,0,0],"split_type":[0,0,0,0,0,0,0,0,0],"sum_hessian":[9E0,4E0,5E0,1E0,3E0,3E0,2E0,2E0,1E0],"tree_param":{"num_deleted":"0","num_feature":"2","num_nodes":"9","size_leaf_vector":"1"}},{"base_weights":[9.896087E-3,-7.2616273E-1,6.2162906E-1,-1.1662865E-1,-3.2456017E-1,2.5048065E-1,1.2386856E-1,-3.6571756E-2,-1.0054397E-2,1.1024475E-2,3.07223E-2],"categories":[],"categories_nodes":[],"categories_segments":[],"categories_sizes":[],"default_left":[0,0,0,0,0,0,0,0,0,0,0],"id":41,"left_children":[1,3,5,-1,7,9,-1,-1,-1,-1,-1],"loss_changes":[4.9541183E0,5.05244E-1,1.0638506E0,0E0,1.0898709E-4,5.9168637E-3,0E0,0E0,0E0,0E0,0E0],"parents":[2147483647,0,0,1,1,2,2,4,4,5,5],"right_children":[2,4,6,-1,8,10,-1,-1,-1,-1,-1],"split_conditions":[5.0172174E-1,1.0398697E-1,1E0,-1.1662865E-1,2.958662E-1,6.998464E-1,1.2386856E-1,-3.6571756E-2,-1.0054397E-2,1.1024475E-2,3.07223E-2],"split_indices":[0,0,0,0,0,0,0,0,0,0,0],"split_type":[0,0,0,0,0,0,0,0,0,0,0],"sum_hessian":[9E0,4E0,5E0,1E0,3E0,4E0,1E0,2E0,1E0,2E0,2E0],"tree_param":{"num_deleted":"0","num_feature":"2","num_nodes":"11","size_leaf_vector":"1"}},{"base_weights":[9.143067E-3,-6.861954E-1,5.870679E-1,-1.1079712E-1,-3.0375862E-2,2.3378143E-1,1.1767502E-1,1.0289511E-2,2.8674064E-2],"categories":[],"categories_nodes":[],"categories_segments":[],"categories_sizes":[],"default_left":[0,0,0,0,0,0,0,0,0],"id":42,"left_children":[1,3,5,-1,-1,7,-1,-1,-1],"loss_changes":[4.4213767E0,4.699571E-1,9.748583E-1,0E0,0E0,5.153954E-3,0E0,0E0,0E0],"parents":[2147483647,0,0,1,1,2,2,5,5],"right_children":[2,4,6,-1,-1,8,-1,-1,-1],"split_conditions":[5.0172174E-1,1.0398697E-1,1E0,-1.1079712E-1,-3.0375862E-2,6.998464E-1,1.1767502E-1,1.0289511E-2,2.8674064E-2],"split_indices":[0,0,0,0,0,0,0,0,0],"split_type":[0,0,0,0,0,0,0,0,0],"sum_hessian":[9E0,4E0,5E0,1E0,3E0,4E0,1E0,2E0,2E0],"tree_param":{"num_deleted":"0","num_feature":"2","num_nodes":"9","size_leaf_vector":"1"}},{"base_weights":[9.774017E-3,-6.45813E-1,5.544675E-1,-1.05257414E-1,-2.8097916E-1,2.1819611E-1,1.1179123E-1,-3.210856E-2,-8.03299E-3,9.603373E-3,2.6762644E-2],"categories":[],"categories_nodes":[],"categories_segments":[],"categories_sizes":[],"default_left":[0,0,0,0,0,0,0,0,0,0,0],"id":43,"left_children":[1,3,5,-1,7,9,-1,-1,-1,-1,-1],"loss_changes":[3.9290223E0,4.4624949E-1,8.9289784E-1,0E0,6.396532E-3,4.491493E-3,0E0,0E0,0E0,0E0,0E0],"parents":[2147483647,0,0,1,1,2,2,4,4,5,5],"right_children":[2,4,6,-1,8,10,-1,-1,-1,-1,-1],"split_conditions":[5.0172174E-1,1.0398697E-1,1E0,-1.05257414E-1,2.958662E-1,6.998464E-1,1.1179123E-1,-3.210856E-2,-8.03299E-3,9.603373E-3,2.6762644E-2],"split_indices":[0,0,0,0,0,0,0,0,0,0,0],"split_type":[0,0,0,0,0,0,0,0,0,0,0],"sum_hessian":[9E0,4E0,5E0,1E0,3E0,4E0,1E0,2E0,1E0,2E0,2E0],"tree_param":{"num_deleted":"0","num_feature":"2","num_nodes":"11","size_leaf_vector":"1"}},{"base_weights":[9.072113E-3,-6.103104E-1,5.2371216E-1,-9.999466E-2,-2.6291466E-1,2.0364837E-1,1.0620155E-1,-2.9967753E-2,-7.631302E-3,8.963013E-3,2.4978383E-2],"categories":[],"categories_nodes":[],"categories_segments":[],"categories_sizes":[],"default_left":[0,0,0,0,0,0,0,0,0,0,0],"id":44,"left_children":[1,3,5,-1,7,9,-1,-1,-1,-1,-1],"loss_changes":[3.5072174E0,4.1388905E-1,8.174708E-1,0E0,4.5707524E-3,3.9132684E-3,0E0,0E0,0E0,0E0,0E0],"parents":[2147483647,0,0,1,1,2,2,4,4,5,5],"right_children":[2,4,6,-1,8,10,-1,-1,-1,-1,-1],"split_conditions":[5.0172174E-1,1.0398697E-1,1E0,-9.999466E-2,2.958662E-1,6.998464E-1,1.0620155E-1,-2.9967753E-2,-7.631302E-3,8.963013E-3,2.4978383E-2],"split_indices":[0,0,0,0,0,0,0,0,0,0,0],"split_type":[0,0,0,0,0,0,0,0,0,0,0],"sum_hessian":[9E0,4E0,5E0,1E0,3E0,4E0,1E0,2E0,1E0,2E0,2E0],"tree_param":{"num_deleted":"0","num_feature":"2","num_nodes":"11","size_leaf_vector":"1"}},{"base_weights":[8.419037E-3,-5.7679904E-1,4.9469757E-1,-9.499512E-2,-2.4602318E-1,1.900711E-1,1.0089149E-1,-2.796987E-2,-7.249832E-3,8.365377E-3,2.331314E-2],"categories":[],"categories_nodes":[],"categories_segments":[],"categories_sizes":[],"default_left":[0,0,0,0,0,0,0,0,0,0,0],"id":45,"left_children":[1,3,5,-1,7,9,-1,-1,-1,-1,-1],"loss_changes":[3.131131E0,3.834386E-1,7.480999E-1,0E0,3.0964613E-3,3.40949E-3,0E0,0E0,0E0,0E0,0E0],"parents":[2147483647,0,0,1,1,2,2,4,4,5,5],"right_children":[2,4,6,-1,8,10,-1,-1,-1,-1,-1],"split_conditions":[5.0172174E-1,1.0398697E-1,1E0,-9.499512E-2,2.958662E-1,6.998464E-1,1.0089149E-1,-2.796987E-2,-7.249832E-3,8.365377E-3,2.331314E-2],"split_indices":[0,0,0,0,0,0,0,0,0,0,0],"split_type":[0,0,0,0,0,0,0,0,0,0,0],"sum_hessian":[9E0,4E0,5E0,1E0,3E0,4E0,1E0,2E0,1E0,2E0,2E0],"tree_param":{"num_deleted":"0","num_feature":"2","num_nodes":"11","size_leaf_vector":"1"}},{"base_weights":[7.8125E-3,-5.45163E-1,4.673233E-1,-9.024544E-2,-2.3022652E-1,1.774002E-1,9.584694E-2,-2.6105246E-2,-6.887436E-3,4.8557282E-3,1.9747162E-2],"categories":[],"categories_nodes":[],"categories_segments":[],"categories_sizes":[],"default_left":[0,0,0,0,0,0,0,0,0,0,0],"id":46,"left_children":[1,3,5,-1,7,9,-1,-1,-1,-1,-1],"loss_changes":[2.7957494E0,3.548516E-1,6.8433475E-1,0E0,1.9154996E-3,3.3416152E-3,0E0,0E0,0E0,0E0,0E0],"parents":[2147483647,0,0,1,1,2,2,4,4,5,5],"right_children":[2,4,6,-1,8,10,-1,-1,-1,-1,-1],"split_conditions":[5.0172174E-1,1.0398697E-1,1E0,-9.024544E-2,2.958662E-1,6.0024816E-1,9.584694E-2,-2.6105246E-2,-6.887436E-3,4.8557282E-3,1.9747162E-2],"split_indices":[0,0,0,0,0,0,0,0,0,0,0],"split_type":[0,0,0,0,0,0,0,0,0,0,0],"sum_hessian":[9E0,4E0,5E0,1E0,3E0,4E0,1E0,2E0,1E0,1E0,3E0],"tree_param":{"num_deleted":"0","num_feature":"2","num_nodes":"11","size_leaf_vector":"1"}},{"base_weights":[6.754303E-3,-5.1529235E-1,4.4066748E-1,-8.573303E-2,-2.1545029E-1,1.6458282E-1,9.105454E-2,-2.4364727E-2,-6.542969E-3,6.9880164E-3,2.0442454E-2],"categories":[],"categories_nodes":[],"categories_segments":[],"categories_sizes":[],"default_left":[0,0,0,0,0,0,0,0,0,0,0],"id":47,"left_children":[1,3,5,-1,7,9,-1,-1,-1,-1,-1],"loss_changes":[2.492302E0,3.280747E-1,6.284963E-1,0E0,9.787381E-4,4.5803636E-3,0E0,0E0,0E0,0E0,0E0],"parents":[2147483647,0,0,1,1,2,2,4,4,5,5],"right_children":[2,4,6,-1,8,10,-1,-1,-1,-1,-1],"split_conditions":[5.0172174E-1,1.0398697E-1,1E0,-8.573303E-2,2.958662E-1,6.998464E-1,9.105454E-2,-2.4364727E-2,-6.542969E-3,6.9880164E-3,2.0442454E-2],"split_indices":[0,0,0,0,0,0,0,0,0,0,0],"split_type":[0,0,0,0,0,0,0,0,0,0,0],"sum_hessian":[9E0,4E0,5E0,1E0,3E0,4E0,1E0,2E0,1E0,2E0,2E0],"tree_param":{"num_deleted":"0","num_feature":"2","num_nodes":"11","size_leaf_vector":"1"}},{"base_weights":[6.2644957E-3,-4.8708954E-1,4.163488E-1,-8.144646E-2,-2.0162964E-1,1.5361175E-1,8.6501695E-2,-2.2740174E-2,-6.215668E-3,6.5221153E-3,1.9079845E-2],"categories":[],"categories_nodes":[],"categories_segments":[],"categories_sizes":[],"default_left":[0,0,0,0,0,0,0,0,0,0,0],"id":48,"left_children":[1,3,5,-1,7,9,-1,-1,-1,-1,-1],"loss_changes":[2.2259665E0,3.0304205E-1,5.7441366E-1,0E0,2.4351478E-4,3.99068E-3,0E0,0E0,0E0,0E0,0E0],"parents":[2147483647,0,0,1,1,2,2,4,4,5,5],"right_children":[2,4,6,-1,8,10,-1,-1,-1,-1,-1],"split_conditions":[5.0172174E-1,1.0398697E-1,1E0,-8.144646E-2,2.958662E-1,6.998464E-1,8.6501695E-2,-2.2740174E-2,-6.215668E-3,6.5221153E-3,1.9079845E-2],"split_indices":[0,0,0,0,0,0,0,0,0,0,0],"split_type":[0,0,0,0,0,0,0,0,0,0,0],"sum_hessian":[9E0,4E0,5E0,1E0,3E0,4E0,1E0,2E0,1E0,2E0,2E0],"tree_param":{"num_deleted":"0","num_feature":"2","num_nodes":"11","size_leaf_vector":"1"}},{"base_weights":[5.808258E-3,-4.604599E-1,3.93397E-1,-7.737427E-2,-1.8870354E-2,1.4337006E-1,8.217659E-2,7.7547072E-3,2.03331E-2],"categories":[],"categories_nodes":[],"categories_segments":[],"categories_sizes":[],"default_left":[0,0,0,0,0,0,0,0,0],"id":49,"left_children":[1,3,5,-1,-1,7,-1,-1,-1],"loss_changes":[1.9883463E0,2.7967513E-1,5.2480596E-1,0E0,0E0,3.9663017E-3,0E0,0E0,0E0],"parents":[2147483647,0,0,1,1,2,2,5,5],"right_children":[2,4,6,-1,-1,8,-1,-1,-1],"split_conditions":[5.0172174E-1,1.0398697E-1,1E0,-7.737427E-2,-1.8870354E-2,8.096315E-1,8.217659E-2,7.7547072E-3,2.03331E-2],"split_indices":[0,0,0,0,0,0,0,0,0],"split_type":[0,0,0,0,0,0,0,0,0],"sum_hessian":[9E0,4E0,5E0,1E0,3E0,4E0,1E0,3E0,1E0],"tree_param":{"num_deleted":"0","num_feature":"2","num_nodes":"9","size_leaf_vector":"1"}},{"base_weights":[6.629944E-3,-4.3366393E-1,3.7243652E-1,-7.35054E-2,-1.7455292E-1,1.346527E-1,7.806778E-2,-1.9966125E-2,-4.961395E-3,7.1733478E-3,1.9316483E-2],"categories":[],"categories_nodes":[],"categories_segments":[],"categories_sizes":[],"default_left":[0,0,0,0,0,0,0,0,0,0,0],"id":50,"left_children":[1,3,5,-1,7,9,-1,-1,-1,-1,-1],"loss_changes":[1.7721363E0,2.6216167E-1,4.7731858E-1,0E0,2.6420578E-3,4.551299E-3,0E0,0E0,0E0,0E0,0E0],"parents":[2147483647,0,0,1,1,2,2,4,4,5,5],"right_children":[2,4,6,-1,8,10,-1,-1,-1,-1,-1],"split_conditions":[5.0172174E-1,1.0398697E-1,1E0,-7.35054E-2,2.958662E-1,8.096315E-1,7.806778E-2,-1.9966125E-2,-4.961395E-3,7.1733478E-3,1.9316483E-2],"split_indices":[0,0,0,0,0,0,0,0,0,0,0],"split_type":[0,0,0,0,0,0,0,0,0,0,0],"sum_hessian":[9E0,4E0,5E0,1E0,3E0,4E0,1E0,2E0,1E0,3E0,1E0],"tree_param":{"num_deleted":"0","num_feature":"2","num_nodes":"11","size_leaf_vector":"1"}},{"base_weights":[6.57959E-3,-4.0998536E-1,3.5262045E-1,-6.983032E-2,-1.6333008E-1,1.2648621E-1,7.4164584E-2,-1.8635051E-2,-4.71344E-3,6.6354754E-3,1.8350601E-2],"categories":[],"categories_nodes":[],"categories_segments":[],"categories_sizes":[],"default_left":[0,0,0,0,0,0,0,0,0,0,0],"id":51,"left_children":[1,3,5,-1,7,9,-1,-1,-1,-1,-1],"loss_changes":[1.5860541E0,2.4152166E-1,4.3402386E-1,0E0,1.9159764E-3,4.9669296E-3,0E0,0E0,0E0,0E0,0E0],"parents":[2147483647,0,0,1,1,2,2,4,4,5,5],"right_children":[2,4,6,-1,8,10,-1,-1,-1,-1,-1],"split_conditions":[5.0172174E-1,1.0398697E-1,1E0,-6.983032E-2,2.958662E-1,8.096315E-1,7.4164584E-2,-1.8635051E-2,-4.71344E-3,6.6354754E-3,1.8350601E-2],"split_indices":[0,0,0,0,0,0,0,0,0,0,0],"split_type":[0,0,0,0,0,0,0,0,0,0,0],"sum_hessian":[9E0,4E0,5E0,1E0,3E0,4E0,1E0,2E0,1E0,3E0,1E0],"tree_param":{"num_deleted":"0","num_feature":"2","num_nodes":"11","size_leaf_vector":"1"}},{"base_weights":[6.5193176E-3,-3.8762054E-1,3.3388266E-1,-6.633873E-2,-1.5283203E-1,1.1883392E-1,7.045632E-2,-1.7392477E-2,-4.477692E-3,6.1376574E-3,1.7433167E-2],"categories":[],"categories_nodes":[],"categories_segments":[],"categories_sizes":[],"default_left":[0,0,0,0,0,0,0,0,0,0,0],"id":52,"left_children":[1,3,5,-1,7,9,-1,-1,-1,-1,-1],"loss_changes":[1.4196893E0,2.2234744E-1,3.9456016E-1,0E0,1.3289005E-3,5.24389E-3,0E0,0E0,0E0,0E0,0E0],"parents":[2147483647,0,0,1,1,2,2,4,4,5,5],"right_children":[2,4,6,-1,8,10,-1,-1,-1,-1,-1],"split_conditions":[5.0172174E-1,1.0398697E-1,1E0,-6.633873E-2,2.958662E-1,8.096315E-1,7.045632E-2,-1.7392477E-2,-4.477692E-3,6.1376574E-3,1.7433167E-2],"split_indices":[0,0,0,0,0,0,0,0,0,0,0],"split_type":[0,0,0,0,0,0,0,0,0,0,0],"sum_hessian":[9E0,4E0,5E0,1E0,3E0,4E0,1E0,2E0,1E0,3E0,1E0],"tree_param":{"num_deleted":"0","num_feature":"2","num_nodes":"11","size_leaf_vector":"1"}},{"base_weights":[6.450653E-3,-3.6649933E-1,3.161672E-1,-6.302185E-2,-1.4301491E-1,1.1166687E-1,6.6933446E-2,-1.6232809E-2,-4.253769E-3,5.6776046E-3,1.6561508E-2],"categories":[],"categories_nodes":[],"categories_segments":[],"categories_sizes":[],"default_left":[0,0,0,0,0,0,0,0,0,0,0],"id":53,"left_children":[1,3,5,-1,7,9,-1,-1,-1,-1,-1],"loss_changes":[1.2709628E0,2.0455498E-1,3.5859442E-1,0E0,8.5707754E-4,5.40334E-3,0E0,0E0,0E0,0E0,0E0],"parents":[2147483647,0,0,1,1,2,2,4,4,5,5],"right_children":[2,4,6,-1,8,10,-1,-1,-1,-1,-1],"split_conditions":[5.0172174E-1,1.0398697E-1,1E0,-6.302185E-2,2.958662E-1,8.096315E-1,6.6933446E-2,-1.6232809E-2,-4.253769E-3,5.6776046E-3,1.6561508E-2],"split_indices":[0,0,0,0,0,0,0,0,0,0,0],"split_type":[0,0,0,0,0,0,0,0,0,0,0],"sum_hessian":[9E0,4E0,5E0,1E0,3E0,4E0,1E0,2E0,1E0,3E0,1E0],"tree_param":{"num_deleted":"0","num_feature":"2","num_nodes":"11","size_leaf_vector":"1"}},{"base_weights":[6.372833E-3,-3.4655E-1,2.9941306E-1,-5.086441E-2,-6.893921E-3,1.04948424E-1,6.358681E-2,5.2518845E-3,1.5733337E-2],"categories":[],"categories_nodes":[],"categories_segments":[],"categories_sizes":[],"default_left":[0,0,0,0,0,0,0,0,0],"id":54,"left_children":[1,3,5,-1,-1,7,-1,-1,-1],"loss_changes":[1.1379675E0,1.8992984E-1,3.258382E-1,0E0,0E0,5.469639E-3,0E0,0E0,0E0],"parents":[2147483647,0,0,1,1,2,2,5,5],"right_children":[2,4,6,-1,-1,8,-1,-1,-1],"split_conditions":[5.0172174E-1,1.9896021E-1,1E0,-5.086441E-2,-6.893921E-3,8.096315E-1,6.358681E-2,5.2518845E-3,1.5733337E-2],"split_indices":[0,0,0,0,0,0,0,0,0],"split_type":[0,0,0,0,0,0,0,0,0],"sum_hessian":[9E0,4E0,5E0,2E0,2E0,4E0,1E0,3E0,1E0],"tree_param":{"num_deleted":"0","num_feature":"2","num_nodes":"9","size_leaf_vector":"1"}},{"base_weights":[8.419037E-3,-1.7786217E-1,5.0236255E-1,-4.7473398E-1,2.1743774E-4,1.4946747E-2,6.040764E-2,-5.7327654E-2,-1.3882446E-2,-6.4341226E-3,4.858208E-3],"categories":[],"categories_nodes":[],"categories_segments":[],"categories_sizes":[],"default_left":[0,0,0,0,0,0,0,0,0,0,0],"id":55,"left_children":[1,3,5,7,9,-1,-1,-1,-1,-1,-1],"loss_changes":[1.0094752E0,4.2303783E-1,1.7393172E-2,1.9719303E-2,2.185997E-2,0E0,0E0,0E0,0E0,0E0,0E0],"parents":[2147483647,0,0,1,1,2,2,3,3,4,4],"right_children":[2,4,6,8,10,-1,-1,-1,-1,-1,-1],"split_conditions":[8.096315E-1,1.9896021E-1,1E0,1.0398697E-1,5.0172174E-1,1.4946747E-2,6.040764E-2,-5.7327654E-2,-1.3882446E-2,-6.4341226E-3,4.858208E-3],"split_indices":[0,0,0,0,0,0,0,0,0,0,0],"split_type":[0,0,0,0,0,0,0,0,0,0,0],"sum_hessian":[9E0,7E0,2E0,2E0,5E0,1E0,1E0,1E0,1E0,2E0,3E0],"tree_param":{"num_deleted":"0","num_feature":"2","num_nodes":"11","size_leaf_vector":"1"}},{"base_weights":[7.833099E-3,-1.6917515E-1,4.7724405E-1,-4.509964E-1,-6.866455E-5,1.4199448E-2,5.7387162E-2,-5.446129E-2,-1.3188171E-2,-6.005351E-3,4.4937134E-3],"categories":[],"categories_nodes":[],"categories_segments":[],"categories_sizes":[],"default_left":[0,0,0,0,0,0,0,0,0,0,0],"id":56,"left_children":[1,3,5,7,9,-1,-1,-1,-1,-1,-1],"loss_changes":[9.1163397E-1,3.8123143E-1,1.5696406E-2,1.7798722E-2,1.8896626E-2,0E0,0E0,0E0,0E0,0E0,0E0],"parents":[2147483647,0,0,1,1,2,2,3,3,4,4],"right_children":[2,4,6,8,10,-1,-1,-1,-1,-1,-1],"split_conditions":[8.096315E-1,1.9896021E-1,1E0,1.0398697E-1,5.0172174E-1,1.4199448E-2,5.7387162E-2,-5.446129E-2,-1.3188171E-2,-6.005351E-3,4.4937134E-3],"split_indices":[0,0,0,0,0,0,0,0,0,0,0],"split_type":[0,0,0,0,0,0,0,0,0,0,0],"sum_hessian":[9E0,7E0,2E0,2E0,5E0,1E0,1E0,1E0,1E0,2E0,3E0],"tree_param":{"num_deleted":"0","num_feature":"2","num_nodes":"11","size_leaf_vector":"1"}},{"base_weights":[7.292175E-3,-1.6090298E-1,4.5338187E-1,-4.2844644E-1,-3.1407675E-4,1.3489532E-2,5.4517746E-2,-5.173836E-2,-1.252861E-2,-5.605062E-3,4.156685E-3],"categories":[],"categories_nodes":[],"categories_segments":[],"categories_sizes":[],"default_left":[0,0,0,0,0,0,0,0,0,0,0],"id":57,"left_children":[1,3,5,7,9,-1,-1,-1,-1,-1,-1],"loss_changes":[8.232517E-1,3.435815E-1,1.4165163E-2,1.6065717E-2,1.6335635E-2,0E0,0E0,0E0,0E0,0E0,0E0],"parents":[2147483647,0,0,1,1,2,2,3,3,4,4],"right_children":[2,4,6,8,10,-1,-1,-1,-1,-1,-1],"split_conditions":[8.096315E-1,1.9896021E-1,1E0,1.0398697E-1,5.0172174E-1,1.3489532E-2,5.4517746E-2,-5.173836E-2,-1.252861E-2,-5.605062E-3,4.156685E-3],"split_indices":[0,0,0,0,0,0,0,0,0,0,0],"split_type":[0,0,0,0,0,0,0,0,0,0,0],"sum_hessian":[9E0,7E0,2E0,2E0,5E0,1E0,1E0,1E0,1E0,2E0,3E0],"tree_param":{"num_deleted":"0","num_feature":"2","num_nodes":"11","size_leaf_vector":"1"}},{"base_weights":[6.791687E-3,-1.5302753E-1,4.3071237E-1,-4.0702567E-1,-5.238851E-4,1.2815095E-2,5.1791765E-2,-4.915161E-2,-1.1902237E-2,-5.2312217E-3,3.8448335E-3],"categories":[],"categories_nodes":[],"categories_segments":[],"categories_sizes":[],"default_left":[0,0,0,0,0,0,0,0,0,0,0],"id":58,"left_children":[1,3,5,7,9,-1,-1,-1,-1,-1,-1],"loss_changes":[7.434176E-1,3.0967188E-1,1.278317E-2,1.44991875E-2,1.4121154E-2,0E0,0E0,0E0,0E0,0E0,0E0],"parents":[2147483647,0,0,1,1,2,2,3,3,4,4],"right_children":[2,4,6,8,10,-1,-1,-1,-1,-1,-1],"split_conditions":[8.096315E-1,1.9896021E-1,1E0,1.0398697E-1,5.0172174E-1,1.2815095E-2,5.1791765E-2,-4.915161E-2,-1.1902237E-2,-5.2312217E-3,3.8448335E-3],"split_indices":[0,0,0,0,0,0,0,0,0,0,0],"split_type":[0,0,0,0,0,0,0,0,0,0,0],"sum_hessian":[9E0,7E0,2E0,2E0,5E0,1E0,1E0,1E0,1E0,2E0,3E0],"tree_param":{"num_deleted":"0","num_feature":"2","num_nodes":"11","size_leaf_vector":"1"}},{"base_weights":[6.3293455E-3,-1.4552975E-1,4.0917715E-1,-3.866755E-1,-7.019043E-4,1.2174225E-2,4.920235E-2,-4.6694186E-2,-1.1307145E-2,-4.882304E-3,3.5564422E-3],"categories":[],"categories_nodes":[],"categories_segments":[],"categories_sizes":[],"default_left":[0,0,0,0,0,0,0,0,0,0,0],"id":59,"left_children":[1,3,5,7,9,-1,-1,-1,-1,-1,-1],"loss_changes":[6.7130846E-1,2.7912557E-1,1.1538744E-2,1.3085753E-2,1.2207424E-2,0E0,0E0,0E0,0E0,0E0,0E0],"parents":[2147483647,0,0,1,1,2,2,3,3,4,4],"right_children":[2,4,6,8,10,-1,-1,-1,-1,-1,-1],"split_conditions":[8.096315E-1,1.9896021E-1,1E0,1.0398697E-1,5.0172174E-1,1.2174225E-2,4.920235E-2,-4.6694186E-2,-1.1307145E-2,-4.882304E-3,3.5564422E-3],"split_indices":[0,0,0,0,0,0,0,0,0,0,0],"split_type":[0,0,0,0,0,0,0,0,0,0,0],"sum_hessian":[9E0,7E0,2E0,2E0,5E0,1E0,1E0,1E0,1E0,2E0,3E0],"tree_param":{"num_deleted":"0","num_feature":"2","num_nodes":"11","size_leaf_vector":"1"}},{"base_weights":[5.9013367E-3,-1.3839245E-1,3.8871765E-1,-3.6734262E-1,-8.5194904E-4,1.1565399E-2,4.674225E-2,-4.435959E-2,-1.0741807E-2,-4.556783E-3,3.289795E-2,9.609223E-4,3.7457782E-3],"categories":[],"categories_nodes":[],"categories_segments":[],"categories_sizes":[],"default_left":[0,0,0,0,0,0,0,0,0,0,0,0,0],"id":60,"left_children":[1,3,5,7,9,-1,-1,-1,-1,-1,11,-1,-1],"loss_changes":[6.061757E-1,2.5160643E-1,1.0414988E-2,1.1810064E-2,1.0554027E-2,0E0,0E0,0E0,0E0,0E0,6.483076E-5,0E0,0E0],"parents":[2147483647,0,0,1,1,2,2,3,3,4,4,10,10],"right_children":[2,4,6,8,10,-1,-1,-1,-1,-1,12,-1,-1],"split_conditions":[8.096315E-1,1.9896021E-1,1E0,1.0398697E-1,5.0172174E-1,1.1565399E-2,4.674225E-2,-4.435959E-2,-1.0741807E-2,-4.556783E-3,6.0024816E-1,9.609223E-4,3.7457782E-3],"split_indices":[0,0,0,0,0,0,0,0,0,0,0,0,0],"split_type":[0,0,0,0,0,0,0,0,0,0,0,0,0],"sum_hessian":[9E0,7E0,2E0,2E0,5E0,1E0,1E0,1E0,1E0,2E0,3E0,1E0,2E0],"tree_param":{"num_deleted":"0","num_feature":"2","num_nodes":"13","size_leaf_vector":"1"}},{"base_weights":[5.645752E-3,-1.31423E-1,3.692805E-1,-3.4897614E-1,-7.425944E-4,1.0987091E-2,4.4404984E-2,-4.2141724E-2,-1.0204697E-2,-4.253133E-3,3.0784607E-2,9.1285707E-4,3.4960432E-3],"categories":[],"categories_nodes":[],"categories_segments":[],"categories_sizes":[],"default_left":[0,0,0,0,0,0,0,0,0,0,0,0,0],"id":61,"left_children":[1,3,5,7,9,-1,-1,-1,-1,-1,11,-1,-1],"loss_changes":[5.4696155E-1,2.2718029E-1,9.3995035E-3,1.0659128E-2,9.214201E-3,0E0,0E0,0E0,0E0,0E0,4.258845E-5,0E0,0E0],"parents":[2147483647,0,0,1,1,2,2,3,3,4,4,10,10],"right_children":[2,4,6,8,10,-1,-1,-1,-1,-1,12,-1,-1],"split_conditions":[8.096315E-1,1.9896021E-1,1E0,1.0398697E-1,5.0172174E-1,1.0987091E-2,4.4404984E-2,-4.2141724E-2,-1.0204697E-2,-4.253133E-3,6.0024816E-1,9.1285707E-4,3.4960432E-3],"split_indices":[0,0,0,0,0,0,0,0,0,0,0,0,0],"split_type":[0,0,0,0,0,0,0,0,0,0,0,0,0],"sum_hessian":[9E0,7E0,2E0,2E0,5E0,1E0,1E0,1E0,1E0,2E0,3E0,1E0,2E0],"tree_param":{"num_deleted":"0","num_feature":"2","num_nodes":"13","size_leaf_vector":"1"}},{"base_weights":[5.4016113E-3,-1.248045E-1,3.5081735E-1,-3.3152518E-1,-6.434123E-4,1.04377745E-2,4.218483E-2,-4.0034484E-2,-9.69429E-3,-3.9698286E-3,2.8808594E-2,8.670807E-4,3.2630921E-3],"categories":[],"categories_nodes":[],"categories_segments":[],"categories_sizes":[],"default_left":[0,0,0,0,0,0,0,0,0,0,0,0,0],"id":62,"left_children":[1,3,5,7,9,-1,-1,-1,-1,-1,11,-1,-1],"loss_changes":[4.93536E-1,2.0512E-1,8.482933E-3,9.621024E-3,8.045117E-3,0E0,0E0,0E0,0E0,0E0,2.4956418E-5,0E0,0E0],"parents":[2147483647,0,0,1,1,2,2,3,3,4,4,10,10],"right_children":[2,4,6,8,10,-1,-1,-1,-1,-1,12,-1,-1],"split_conditions":[8.096315E-1,1.9896021E-1,1E0,1.0398697E-1,5.0172174E-1,1.04377745E-2,4.218483E-2,-4.0034484E-2,-9.69429E-3,-3.9698286E-3,6.0024816E-1,8.670807E-4,3.2630921E-3],"split_indices":[0,0,0,0,0,0,0,0,0,0,0,0,0],"split_type":[0,0,0,0,0,0,0,0,0,0,0,0,0],"sum_hessian":[9E0,7E0,2E0,2E0,5E0,1E0,1E0,1E0,1E0,2E0,3E0,1E0,2E0],"tree_param":{"num_deleted":"0","num_feature":"2","num_nodes":"13","size_leaf_vector":"1"}},{"base_weights":[5.165863E-3,-1.1852169E-1,3.3327737E-1,-3.1494904E-1,-5.5440265E-4,9.915925E-3,4.0075686E-2,-3.8032915E-2,-9.209442E-3,-3.7053425E-3,2.6958466E-2,8.235932E-4,3.0454001E-3],"categories":[],"categories_nodes":[],"categories_segments":[],"categories_sizes":[],"default_left":[0,0,0,0,0,0,0,0,0,0,0,0,0],"id":63,"left_children":[1,3,5,7,9,-1,-1,-1,-1,-1,11,-1,-1],"loss_changes":[4.4533372E-1,1.852014E-1,7.6557696E-3,8.684576E-3,7.0240605E-3,0E0,0E0,0E0,0E0,0E0,1.0963995E-5,0E0,0E0],"parents":[2147483647,0,0,1,1,2,2,3,3,4,4,10,10],"right_children":[2,4,6,8,10,-1,-1,-1,-1,-1,12,-1,-1],"split_conditions":[8.096315E-1,1.9896021E-1,1E0,1.0398697E-1,5.0172174E-1,9.915925E-3,4.0075686E-2,-3.8032915E-2,-9.209442E-3,-3.7053425E-3,6.0024816E-1,8.235932E-4,3.0454001E-3],"split_indices":[0,0,0,0,0,0,0,0,0,0,0,0,0],"split_type":[0,0,0,0,0,0,0,0,0,0,0,0,0],"sum_hessian":[9E0,7E0,2E0,2E0,5E0,1E0,1E0,1E0,1E0,2E0,3E0,1E0,2E0],"tree_param":{"num_deleted":"0","num_feature":"2","num_nodes":"13","size_leaf_vector":"1"}},{"base_weights":[4.9407957E-3,-1.125536E-1,3.1661224E-1,-2.9920197E-1,-4.7047934E-4,9.420014E-3,3.8071822E-2,-3.613129E-2,-8.749008E-3,-3.4581502E-3,2.5230409E-3],"categories":[],"categories_nodes":[],"categories_segments":[],"categories_sizes":[],"default_left":[0,0,0,0,0,0,0,0,0,0,0],"id":64,"left_children":[1,3,5,7,9,-1,-1,-1,-1,-1,-1],"loss_changes":[4.018323E-1,1.672203E-1,6.9101453E-3,7.837564E-3,6.1326064E-3,0E0,0E0,0E0,0E0,0E0,0E0],"parents":[2147483647,0,0,1,1,2,2,3,3,4,4],"right_children":[2,4,6,8,10,-1,-1,-1,-1,-1,-1],"split_conditions":[8.096315E-1,1.9896021E-1,1E0,1.0398697E-1,5.0172174E-1,9.420014E-3,3.8071822E-2,-3.613129E-2,-8.749008E-3,-3.4581502E-3,2.5230409E-3],"split_indices":[0,0,0,0,0,0,0,0,0,0,0],"split_type":[0,0,0,0,0,0,0,0,0,0,0],"sum_hessian":[9E0,7E0,2E0,2E0,5E0,1E0,1E0,1E0,1E0,2E0,3E0],"tree_param":{"num_deleted":"0","num_feature":"2","num_nodes":"11","size_leaf_vector":"1"}},{"base_weights":[4.613495E-3,-1.070261E-1,3.0078125E-1,-2.8424072E-1,-5.8110553E-4,8.948899E-3,3.616829E-2,-3.4324646E-2,-8.311463E-3,-3.2277424E-3,2.333641E-2,6.5612793E-4,2.6741028E-3],"categories":[],"categories_nodes":[],"categories_segments":[],"categories_sizes":[],"default_left":[0,0,0,0,0,0,0,0,0,0,0,0,0],"id":65,"left_children":[1,3,5,7,9,-1,-1,-1,-1,-1,11,-1,-1],"loss_changes":[3.6283192E-1,1.5074371E-1,6.237477E-3,7.0739836E-3,5.3018224E-3,0E0,0E0,0E0,0E0,0E0,5.2996213E-5,0E0,0E0],"parents":[2147483647,0,0,1,1,2,2,3,3,4,4,10,10],"right_children":[2,4,6,8,10,-1,-1,-1,-1,-1,12,-1,-1],"split_conditions":[8.096315E-1,1.9896021E-1,1E0,1.0398697E-1,5.0172174E-1,8.948899E-3,3.616829E-2,-3.4324646E-2,-8.311463E-3,-3.2277424E-3,6.0024816E-1,6.5612793E-4,2.6741028E-3],"split_indices":[0,0,0,0,0,0,0,0,0,0,0,0,0],"split_type":[0,0,0,0,0,0,0,0,0,0,0,0,0],"sum_hessian":[9E0,7E0,2E0,2E0,5E0,1E0,1E0,1E0,1E0,2E0,3E0,1E0,2E0],"tree_param":{"num_deleted":"0","num_feature":"2","num_nodes":"13","size_leaf_vector":"1"}},{"base_weights":[4.40979E-3,-1.016407E-1,2.8574118E-1,-2.700297E-1,-5.060832E-4,8.501435E-3,3.4359742E-2,-3.2608416E-2,-7.896042E-3,-3.0125936E-3,2.1835327E-2,6.2332157E-4,2.4958292E-3],"categories":[],"categories_nodes":[],"categories_segments":[],"categories_sizes":[],"default_left":[0,0,0,0,0,0,0,0,0,0,0,0,0],"id":66,"left_children":[1,3,5,7,9,-1,-1,-1,-1,-1,11,-1,-1],"loss_changes":[3.2739624E-1,1.36103E-1,5.6291968E-3,6.383091E-3,4.6283053E-3,0E0,0E0,0E0,0E0,0E0,3.9328937E-5,0E0,0E0],"parents":[2147483647,0,0,1,1,2,2,3,3,4,4,10,10],"right_children":[2,4,6,8,10,-1,-1,-1,-1,-1,12,-1,-1],"split_conditions":[8.096315E-1,1.9896021E-1,1E0,1.0398697E-1,5.0172174E-1,8.501435E-3,3.4359742E-2,-3.2608416E-2,-7.896042E-3,-3.0125936E-3,6.0024816E-1,6.2332157E-4,2.4958292E-3],"split_indices":[0,0,0,0,0,0,0,0,0,0,0,0,0],"split_type":[0,0,0,0,0,0,0,0,0,0,0,0,0],"sum_hessian":[9E0,7E0,2E0,2E0,5E0,1E0,1E0,1E0,1E0,2E0,3E0,1E0,2E0],"tree_param":{"num_deleted":"0","num_feature":"2","num_nodes":"13","size_leaf_vector":"1"}},{"base_weights":[4.2152405E-3,-9.6526146E-2,2.7145386E-1,-2.5652823E-1,-4.374186E-4,8.076477E-3,3.26416E-2,-3.0978013E-2,-7.501221E-3,-2.8116861E-3,2.0431519E-2,5.92041E-4,2.3295085E-3],"categories":[],"categories_nodes":[],"categories_segments":[],"categories_sizes":[],"default_left":[0,0,0,0,0,0,0,0,0,0,0,0,0],"id":67,"left_children":[1,3,5,7,9,-1,-1,-1,-1,-1,11,-1,-1],"loss_changes":[2.954223E-1,1.22882955E-1,5.0791353E-3,5.760938E-3,4.0403134E-3,0E0,0E0,0E0,0E0,0E0,2.8297654E-5,0E0,0E0],"parents":[2147483647,0,0,1,1,2,2,3,3,4,4,10,10],"right_children":[2,4,6,8,10,-1,-1,-1,-1,-1,12,-1,-1],"split_conditions":[8.096315E-1,1.9896021E-1,1E0,1.0398697E-1,5.0172174E-1,8.076477E-3,3.26416E-2,-3.0978013E-2,-7.501221E-3,-2.8116861E-3,6.0024816E-1,5.92041E-4,2.3295085E-3],"split_indices":[0,0,0,0,0,0,0,0,0,0,0,0,0],"split_type":[0,0,0,0,0,0,0,0,0,0,0,0,0],"sum_hessian":[9E0,7E0,2E0,2E0,5E0,1E0,1E0,1E0,1E0,2E0,3E0,1E0,2E0],"tree_param":{"num_deleted":"0","num_feature":"2","num_nodes":"13","size_leaf_vector":"1"}},{"base_weights":[4.029083E-3,-9.166908E-2,2.5788116E-1,-2.437032E-1,-3.7384033E-4,7.672501E-3,3.1009674E-2,-2.9429246E-2,-7.126236E-3,-2.624003E-3,1.9119263E-2,5.622864E-4,2.1743774E-3],"categories":[],"categories_nodes":[],"categories_segments":[],"categories_sizes":[],"default_left":[0,0,0,0,0,0,0,0,0,0,0,0,0],"id":68,"left_children":[1,3,5,7,9,-1,-1,-1,-1,-1,11,-1,-1],"loss_changes":[2.6657152E-1,1.1094883E-1,4.5853406E-3,5.1989704E-3,3.5269638E-3,0E0,0E0,0E0,0E0,0E0,1.942343E-5,0E0,0E0],"parents":[2147483647,0,0,1,1,2,2,3,3,4,4,10,10],"right_children":[2,4,6,8,10,-1,-1,-1,-1,-1,12,-1,-1],"split_conditions":[8.096315E-1,1.9896021E-1,1E0,1.0398697E-1,5.0172174E-1,7.672501E-3,3.1009674E-2,-2.9429246E-2,-7.126236E-3,-2.624003E-3,6.0024816E-1,5.622864E-4,2.1743774E-3],"split_indices":[0,0,0,0,0,0,0,0,0,0,0,0,0],"split_type":[0,0,0,0,0,0,0,0,0,0,0,0,0],"sum_hessian":[9E0,7E0,2E0,2E0,5E0,1E0,1E0,1E0,1E0,2E0,3E0,1E0,2E0],"tree_param":{"num_deleted":"0","num_feature":"2","num_nodes":"13","size_leaf_vector":"1"}},{"base_weights":[3.8497925E-3,-8.705807E-2,2.4498749E-1,-2.3151906E-1,-3.1789145E-4,7.2887423E-3,2.9459381E-2,-2.7957916E-2,-6.7699435E-3,-2.4490356E-2,1.789093E-2,-2.9663087E-3,-7.072449E-4,5.340576E-4,2.029419E-3],"categories":[],"categories_nodes":[],"categories_segments":[],"categories_sizes":[],"default_left":[0,0,0,0,0,0,0,0,0,0,0,0,0,0,0],"id":69,"left_children":[1,3,5,7,9,-1,-1,-1,-1,11,13,-1,-1,-1,-1],"loss_changes":[2.4054126E-1,1.00170985E-1,4.1395575E-3,4.6922117E-3,3.079068E-3,0E0,0E0,0E0,0E0,6.0503837E-5,1.2264354E-5,0E0,0E0,0E0,0E0],"parents":[2147483647,0,0,1,1,2,2,3,3,4,4,9,9,10,10],"right_children":[2,4,6,8,10,-1,-1,-1,-1,12,14,-1,-1,-1,-1],"split_conditions":[8.096315E-1,1.9896021E-1,1E0,1.0398697E-1,5.0172174E-1,7.2887423E-3,2.9459381E-2,-2.7957916E-2,-6.7699435E-3,2.958662E-1,6.0024816E-1,-2.9663087E-3,-7.072449E-4,5.340576E-4,2.029419E-3],"split_indices":[0,0,0,0,0,0,0,0,0,0,0,0,0,0,0],"split_type":[0,0,0,0,0,0,0,0,0,0,0,0,0,0,0],"sum_hessian":[9E0,7E0,2E0,2E0,5E0,1E0,1E0,1E0,1E0,2E0,3E0,1E0,1E0,1E0,2E0],"tree_param":{"num_deleted":"0","num_feature":"2","num_nodes":"15","size_leaf_vector":"1"}},{"base_weights":[3.5560608E-3,-8.283234E-2,2.3273976E-1,-2.1994527E-1,-4.7047934E-4,6.9244388E-3,2.7986526E-2,-2.6560212E-2,-6.4315796E-3,-2.3264566E-2,1.6742706E-2,-2.817917E-3,-6.717682E-4,5.0735474E-4,1.8941244E-3],"categories":[],"categories_nodes":[],"categories_segments":[],"categories_sizes":[],"default_left":[0,0,0,0,0,0,0,0,0,0,0,0,0,0,0],"id":70,"left_children":[1,3,5,7,9,-1,-1,-1,-1,11,13,-1,-1,-1,-1],"loss_changes":[2.1726653E-1,9.023952E-2,3.735289E-3,4.2342395E-3,2.7436651E-3,0E0,0E0,0E0,0E0,5.466526E-5,6.5211207E-6,0E0,0E0,0E0,0E0],"parents":[2147483647,0,0,1,1,2,2,3,3,4,4,9,9,10,10],"right_children":[2,4,6,8,10,-1,-1,-1,-1,12,14,-1,-1,-1,-1],"split_conditions":[8.096315E-1,1.9896021E-1,1E0,1.0398697E-1,5.0172174E-1,6.9244388E-3,2.7986526E-2,-2.6560212E-2,-6.4315796E-3,2.958662E-1,6.0024816E-1,-2.817917E-3,-6.717682E-4,5.0735474E-4,1.8941244E-3],"split_indices":[0,0,0,0,0,0,0,0,0,0,0,0,0,0,0],"split_type":[0,0,0,0,0,0,0,0,0,0,0,0,0,0,0],"sum_hessian":[9E0,7E0,2E0,2E0,5E0,1E0,1E0,1E0,1E0,2E0,3E0,1E0,1E0,1E0,2E0],"tree_param":{"num_deleted":"0","num_feature":"2","num_nodes":"15","size_leaf_vector":"1"}},{"base_weights":[3.2836914E-3,-7.8808784E-2,2.211024E-1,-2.0894878E-1,-6.039937E-4,6.578064E-3,2.6587296E-2,-2.5232315E-2,-6.110001E-3,-2.2102356E-2,1.5670776E-2,-2.6771545E-3,-6.3819886E-4,4.8217774E-4,1.7679849E-3],"categories":[],"categories_nodes":[],"categories_segments":[],"categories_sizes":[],"default_left":[0,0,0,0,0,0,0,0,0,0,0,0,0,0,0],"id":71,"left_children":[1,3,5,7,9,-1,-1,-1,-1,11,13,-1,-1,-1,-1],"loss_changes":[1.9623758E-1,8.129436E-2,3.3722222E-3,3.8215965E-3,2.4456463E-3,0E0,0E0,0E0,0E0,4.9348455E-5,1.9373838E-6,0E0,0E0,0E0,0E0],"parents":[2147483647,0,0,1,1,2,2,3,3,4,4,9,9,10,10],"right_children":[2,4,6,8,10,-1,-1,-1,-1,12,14,-1,-1,-1,-1],"split_conditions":[8.096315E-1,1.9896021E-1,1E0,1.0398697E-1,5.0172174E-1,6.578064E-3,2.6587296E-2,-2.5232315E-2,-6.110001E-3,2.958662E-1,6.0024816E-1,-2.6771545E-3,-6.3819886E-4,4.8217774E-4,1.7679849E-3],"split_indices":[0,0,0,0,0,0,0,0,0,0,0,0,0,0,0],"split_type":[0,0,0,0,0,0,0,0,0,0,0,0,0,0,0],"sum_hessian":[9E0,7E0,2E0,2E0,5E0,1E0,1E0,1E0,1E0,2E0,3E0,1E0,1E0,1E0,2E0],"tree_param":{"num_deleted":"0","num_feature":"2","num_nodes":"15","size_leaf_vector":"1"}},{"base_weights":[3.0311584E-3,-7.497883E-2,2.1004741E-1,-1.9850159E-1,-7.209778E-4,6.2492373E-3,2.5257874E-2,-2.3970796E-2,-5.8044433E-3,-2.0996094E-2,1.4665604E-3,-2.5432587E-3,-6.0615543E-4],"categories":[],"categories_nodes":[],"categories_segments":[],"categories_sizes":[],"default_left":[0,0,0,0,0,0,0,0,0,0,0,0,0],"id":72,"left_children":[1,3,5,7,9,-1,-1,-1,-1,11,-1,-1,-1],"loss_changes":[1.7724244E-1,7.3237166E-2,3.0429065E-3,3.4494698E-3,2.1797088E-3,0E0,0E0,0E0,0E0,4.4609886E-5,0E0,0E0,0E0],"parents":[2147483647,0,0,1,1,2,2,3,3,4,4,9,9],"right_children":[2,4,6,8,10,-1,-1,-1,-1,12,-1,-1,-1],"split_conditions":[8.096315E-1,1.9896021E-1,1E0,1.0398697E-1,5.0172174E-1,6.2492373E-3,2.5257874E-2,-2.3970796E-2,-5.8044433E-3,2.958662E-1,1.4665604E-3,-2.5432587E-3,-6.0615543E-4],"split_indices":[0,0,0,0,0,0,0,0,0,0,0,0,0],"split_type":[0,0,0,0,0,0,0,0,0,0,0,0,0],"sum_hessian":[9E0,7E0,2E0,2E0,5E0,1E0,1E0,1E0,1E0,2E0,3E0,1E0,1E0],"tree_param":{"num_deleted":"0","num_feature":"2","num_nodes":"13","size_leaf_vector":"1"}},{"base_weights":[2.7328492E-3,-7.141304E-2,1.9954427E-1,-1.8857574E-1,-9.295146E-4,5.9368135E-3,2.3994828E-2,-2.2772217E-2,-5.514145E-3,-1.9948324E-2,1.3566971E-2,-2.4162293E-3,-5.760193E-4,3.8490296E-4,1.5523274E-3],"categories":[],"categories_nodes":[],"categories_segments":[],"categories_sizes":[],"default_left":[0,0,0,0,0,0,0,0,0,0,0,0,0,0,0],"id":73,"left_children":[1,3,5,7,9,-1,-1,-1,-1,11,13,-1,-1,-1,-1],"loss_changes":[1.6017765E-1,6.588903E-2,2.7457476E-3,3.1135008E-3,1.9248737E-3,0E0,0E0,0E0,0E0,4.018552E-5,1.6295468E-5,0E0,0E0,0E0,0E0],"parents":[2147483647,0,0,1,1,2,2,3,3,4,4,9,9,10,10],"right_children":[2,4,6,8,10,-1,-1,-1,-1,12,14,-1,-1,-1,-1],"split_conditions":[8.096315E-1,1.9896021E-1,1E0,1.0398697E-1,5.0172174E-1,5.9368135E-3,2.3994828E-2,-2.2772217E-2,-5.514145E-3,2.958662E-1,6.0024816E-1,-2.4162293E-3,-5.760193E-4,3.8490296E-4,1.5523274E-3],"split_indices":[0,0,0,0,0,0,0,0,0,0,0,0,0,0,0],"split_type":[0,0,0,0,0,0,0,0,0,0,0,0,0,0,0],"sum_hessian":[9E0,7E0,2E0,2E0,5E0,1E0,1E0,1E0,1E0,2E0,3E0,1E0,1E0,1E0,2E0],"tree_param":{"num_deleted":"0","num_feature":"2","num_nodes":"15","size_leaf_vector":"1"}},{"base_weights":[2.519989E-3,-6.793785E-2,1.8956757E-1,-1.7914581E-1,-1.0108948E-3,5.64003E-3,2.2795105E-2,-2.163353E-2,-5.2383426E-3,-1.8951416E-2,1.269722E-2,-2.2953034E-3,-5.4740906E-4,5.734762E-4,1.6792298E-3],"categories":[],"categories_nodes":[],"categories_segments":[],"categories_sizes":[],"default_left":[0,0,0,0,0,0,0,0,0,0,0,0,0,0,0],"id":74,"left_children":[1,3,5,7,9,-1,-1,-1,-1,11,13,-1,-1,-1,-1],"loss_changes":[1.4466849E-1,5.936139E-2,2.4777725E-3,2.810292E-3,1.7162146E-3,0E0,0E0,0E0,0E0,3.614626E-5,1.77474E-5,0E0,0E0,0E0,0E0],"parents":[2147483647,0,0,1,1,2,2,3,3,4,4,9,9,10,10],"right_children":[2,4,6,8,10,-1,-1,-1,-1,12,14,-1,-1,-1,-1],"split_conditions":[8.096315E-1,1.9896021E-1,1E0,1.0398697E-1,5.0172174E-1,5.64003E-3,2.2795105E-2,-2.163353E-2,-5.2383426E-3,2.958662E-1,6.998464E-1,-2.2953034E-3,-5.4740906E-4,5.734762E-4,1.6792298E-3],"split_indices":[0,0,0,0,0,0,0,0,0,0,0,0,0,0,0],"split_type":[0,0,0,0,0,0,0,0,0,0,0,0,0,0,0],"sum_hessian":[9E0,7E0,2E0,2E0,5E0,1E0,1E0,1E0,1E0,2E0,3E0,1E0,1E0,2E0,1E0],"tree_param":{"num_deleted":"0","num_feature":"2","num_nodes":"15","size_leaf_vector":"1"}},{"base_weights":[2.3666383E-3,-6.4575195E-2,1.8008931E-1,-1.7018636E-1,-1.0070801E-3,5.3581237E-3,2.1655275E-2,-2.0551682E-2,-4.9762726E-3,-1.8002829E-2,1.1991501E-2,-2.180481E-3,-5.1994325E-4,5.353292E-4,1.5953064E-3],"categories":[],"categories_nodes":[],"categories_segments":[],"categories_sizes":[],"default_left":[0,0,0,0,0,0,0,0,0,0,0,0,0,0,0],"id":75,"left_children":[1,3,5,7,9,-1,-1,-1,-1,11,13,-1,-1,-1,-1],"loss_changes":[1.3060011E-1,5.353663E-2,2.235584E-3,2.5367886E-3,1.5414045E-3,0E0,0E0,0E0,0E0,3.266218E-5,1.9789324E-5,0E0,0E0,0E0,0E0],"parents":[2147483647,0,0,1,1,2,2,3,3,4,4,9,9,10,10],"right_children":[2,4,6,8,10,-1,-1,-1,-1,12,14,-1,-1,-1,-1],"split_conditions":[8.096315E-1,1.9896021E-1,1E0,1.0398697E-1,5.0172174E-1,5.3581237E-3,2.1655275E-2,-2.0551682E-2,-4.9762726E-3,2.958662E-1,6.998464E-1,-2.180481E-3,-5.1994325E-4,5.353292E-4,1.5953064E-3],"split_indices":[0,0,0,0,0,0,0,0,0,0,0,0,0,0,0],"split_type":[0,0,0,0,0,0,0,0,0,0,0,0,0,0,0],"sum_hessian":[9E0,7E0,2E0,2E0,5E0,1E0,1E0,1E0,1E0,2E0,3E0,1E0,1E0,2E0,1E0],"tree_param":{"num_deleted":"0","num_feature":"2","num_nodes":"15","size_leaf_vector":"1"}},{"base_weights":[2.2224425E-3,-6.1379433E-2,1.7108662E-1,-1.6167705E-1,-1.0007223E-3,5.090332E-3,2.0572662E-2,-1.9524002E-2,-4.7275545E-3,-1.710256E-2,1.1325836E-2,-2.0713806E-3,-4.940033E-4,4.9972534E-4,1.5155793E-3],"categories":[],"categories_nodes":[],"categories_segments":[],"categories_sizes":[],"default_left":[0,0,0,0,0,0,0,0,0,0,0,0,0,0,0],"id":76,"left_children":[1,3,5,7,9,-1,-1,-1,-1,11,13,-1,-1,-1,-1],"loss_changes":[1.17901996E-1,4.8284926E-2,2.0172745E-3,2.2888854E-3,1.3845821E-3,0E0,0E0,0E0,0E0,2.9438757E-5,2.121547E-5,0E0,0E0,0E0,0E0],"parents":[2147483647,0,0,1,1,2,2,3,3,4,4,9,9,10,10],"right_children":[2,4,6,8,10,-1,-1,-1,-1,12,14,-1,-1,-1,-1],"split_conditions":[8.096315E-1,1.9896021E-1,1E0,1.0398697E-1,5.0172174E-1,5.090332E-3,2.0572662E-2,-1.9524002E-2,-4.7275545E-3,2.958662E-1,6.998464E-1,-2.0713806E-3,-4.940033E-4,4.9972534E-4,1.5155793E-3],"split_indices":[0,0,0,0,0,0,0,0,0,0,0,0,0,0,0],"split_type":[0,0,0,0,0,0,0,0,0,0,0,0,0,0,0],"sum_hessian":[9E0,7E0,2E0,2E0,5E0,1E0,1E0,1E0,1E0,2E0,3E0,1E0,1E0,2E0,1E0],"tree_param":{"num_deleted":"0","num_feature":"2","num_nodes":"15","size_leaf_vector":"1"}},{"base_weights":[2.0866394E-3,-5.834198E-2,1.6253407E-1,-1.5359242E-1,-9.930929E-4,4.835892E-3,1.954422E-2,-1.8547822E-2,-4.4910433E-3,-1.6248068E-2,1.0696411E-2,-1.9680024E-3,-4.6920776E-4,4.664103E-4,1.4396667E-3],"categories":[],"categories_nodes":[],"categories_segments":[],"categories_sizes":[],"default_left":[0,0,0,0,0,0,0,0,0,0,0,0,0,0,0],"id":77,"left_children":[1,3,5,7,9,-1,-1,-1,-1,11,13,-1,-1,-1,-1],"loss_changes":[1.0643873E-1,4.3547526E-2,1.8204972E-3,2.0663217E-3,1.2437345E-3,0E0,0E0,0E0,0E0,2.6638736E-5,2.213681E-5,0E0,0E0,0E0,0E0],"parents":[2147483647,0,0,1,1,2,2,3,3,4,4,9,9,10,10],"right_children":[2,4,6,8,10,-1,-1,-1,-1,12,14,-1,-1,-1,-1],"split_conditions":[8.096315E-1,1.9896021E-1,1E0,1.0398697E-1,5.0172174E-1,4.835892E-3,1.954422E-2,-1.8547822E-2,-4.4910433E-3,2.958662E-1,6.998464E-1,-1.9680024E-3,-4.6920776E-4,4.664103E-4,1.4396667E-3],"split_indices":[0,0,0,0,0,0,0,0,0,0,0,0,0,0,0],"split_type":[0,0,0,0,0,0,0,0,0,0,0,0,0,0,0],"sum_hessian":[9E0,7E0,2E0,2E0,5E0,1E0,1E0,1E0,1E0,2E0,3E0,1E0,1E0,2E0,1E0],"tree_param":{"num_deleted":"0","num_feature":"2","num_nodes":"15","size_leaf_vector":"1"}},{"base_weights":[1.9584657E-3,-5.5454254E-2,1.5440623E-1,-1.4591217E-1,-9.829203E-4,4.59404E-3,1.8566895E-2,-1.7620469E-2,-4.2663575E-3,-1.5436809E-2,1.0103226E-2,-1.8695832E-3,-4.4593812E-4,4.3538414E-4,1.367569E-3],"categories":[],"categories_nodes":[],"categories_segments":[],"categories_sizes":[],"default_left":[0,0,0,0,0,0,0,0,0,0,0,0,0,0,0],"id":78,"left_children":[1,3,5,7,9,-1,-1,-1,-1,11,13,-1,-1,-1,-1],"loss_changes":[9.608689E-2,3.927549E-2,1.6430989E-3,1.865454E-3,1.117389E-3,0E0,0E0,0E0,0E0,2.3955188E-5,2.2616121E-5,0E0,0E0,0E0,0E0],"parents":[2147483647,0,0,1,1,2,2,3,3,4,4,9,9,10,10],"right_children":[2,4,6,8,10,-1,-1,-1,-1,12,14,-1,-1,-1,-1],"split_conditions":[8.096315E-1,1.9896021E-1,1E0,1.0398697E-1,5.0172174E-1,4.59404E-3,1.8566895E-2,-1.7620469E-2,-4.2663575E-3,2.958662E-1,6.998464E-1,-1.8695832E-3,-4.4593812E-4,4.3538414E-4,1.367569E-3],"split_indices":[0,0,0,0,0,0,0,0,0,0,0,0,0,0,0],"split_type":[0,0,0,0,0,0,0,0,0,0,0,0,0,0,0],"sum_hessian":[9E0,7E0,2E0,2E0,5E0,1E0,1E0,1E0,1E0,2E0,3E0,1E0,1E0,2E0,1E0],"tree_param":{"num_deleted":"0","num_feature":"2","num_nodes":"15","size_leaf_vector":"1"}},{"base_weights":[1.8386841E-3,-5.2708626E-2,1.4668529E-1,-1.3861592E-1,-9.7020465E-4,4.364395E-3,1.7638398E-2,-1.6739273E-2,-4.053116E-3,-1.466624E-2,9.544373E-3,-1.7761231E-3,-4.2381286E-4,4.0639244E-4,1.2992859E-3],"categories":[],"categories_nodes":[],"categories_segments":[],"categories_sizes":[],"default_left":[0,0,0,0,0,0,0,0,0,0,0,0,0,0,0],"id":79,"left_children":[1,3,5,7,9,-1,-1,-1,-1,11,13,-1,-1,-1,-1],"loss_changes":[8.67415E-2,3.5423182E-2,1.4824867E-3,1.683075E-3,1.0040281E-3,0E0,0E0,0E0,0E0,2.1550339E-5,2.2795022E-5,0E0,0E0,0E0,0E0],"parents":[2147483647,0,0,1,1,2,2,3,3,4,4,9,9,10,10],"right_children":[2,4,6,8,10,-1,-1,-1,-1,12,14,-1,-1,-1,-1],"split_conditions":[8.096315E-1,1.9896021E-1,1E0,1.0398697E-1,5.0172174E-1,4.364395E-3,1.7638398E-2,-1.6739273E-2,-4.053116E-3,2.958662E-1,6.998464E-1,-1.7761231E-3,-4.2381286E-4,4.0639244E-4,1.2992859E-3],"split_indices":[0,0,0,0,0,0,0,0,0,0,0,0,0,0,0],"split_type":[0,0,0,0,0,0,0,0,0,0,0,0,0,0,0],"sum_hessian":[9E0,7E0,2E0,2E0,5E0,1E0,1E0,1E0,1E0,2E0,3E0,1E0,1E0,2E0,1E0],"tree_param":{"num_deleted":"0","num_feature":"2","num_nodes":"15","size_leaf_vector":"1"}},{"base_weights":[1.7272949E-3,-5.0097466E-2,1.3935089E-1,-1.316859E-1,-9.536743E-4,4.1461946E-3,1.675644E-2,-1.590233E-2,-3.8505555E-3,-1.3931274E-2,9.017944E-3,-1.6872407E-3,-4.0245056E-4,3.7943522E-4,1.2344361E-3],"categories":[],"categories_nodes":[],"categories_segments":[],"categories_sizes":[],"default_left":[0,0,0,0,0,0,0,0,0,0,0,0,0,0,0],"id":80,"left_children":[1,3,5,7,9,-1,-1,-1,-1,11,13,-1,-1,-1,-1],"loss_changes":[7.830423E-2,3.1950936E-2,1.3378263E-3,1.5186407E-3,9.0207753E-4,0E0,0E0,0E0,0E0,1.9508181E-5,2.266452E-5,0E0,0E0,0E0,0E0],"parents":[2147483647,0,0,1,1,2,2,3,3,4,4,9,9,10,10],"right_children":[2,4,6,8,10,-1,-1,-1,-1,12,14,-1,-1,-1,-1],"split_conditions":[8.096315E-1,1.9896021E-1,1E0,1.0398697E-1,5.0172174E-1,4.1461946E-3,1.675644E-2,-1.590233E-2,-3.8505555E-3,2.958662E-1,6.998464E-1,-1.6872407E-3,-4.0245056E-4,3.7943522E-4,1.2344361E-3],"split_indices":[0,0,0,0,0,0,0,0,0,0,0,0,0,0,0],"split_type":[0,0,0,0,0,0,0,0,0,0,0,0,0,0,0],"sum_hessian":[9E0,7E0,2E0,2E0,5E0,1E0,1E0,1E0,1E0,2E0,3E0,1E0,1E0,2E0,1E0],"tree_param":{"num_deleted":"0","num_feature":"2","num_nodes":"15","size_leaf_vector":"1"}},{"base_weights":[1.6220093E-3,-4.761696E-2,1.3238525E-1,-1.2510173E-1,-9.384155E-4,3.9390563E-3,1.5918732E-2,-1.5107346E-2,-3.6579133E-3,-1.3234456E-2,8.518219E-3,-1.6029358E-3,-3.8223268E-4,3.5400392E-4,1.1726379E-3],"categories":[],"categories_nodes":[],"categories_segments":[],"categories_sizes":[],"default_left":[0,0,0,0,0,0,0,0,0,0,0,0,0,0,0],"id":81,"left_children":[1,3,5,7,9,-1,-1,-1,-1,11,13,-1,-1,-1,-1],"loss_changes":[7.069025E-2,2.8817609E-2,1.2068711E-3,1.3711192E-3,8.1040896E-4,0E0,0E0,0E0,0E0,1.7648505E-5,2.2371358E-5,0E0,0E0,0E0,0E0],"parents":[2147483647,0,0,1,1,2,2,3,3,4,4,9,9,10,10],"right_children":[2,4,6,8,10,-1,-1,-1,-1,12,14,-1,-1,-1,-1],"split_conditions":[8.096315E-1,1.9896021E-1,1E0,1.0398697E-1,5.0172174E-1,3.9390563E-3,1.5918732E-2,-1.5107346E-2,-3.6579133E-3,2.958662E-1,6.998464E-1,-1.6029358E-3,-3.8223268E-4,3.5400392E-4,1.1726379E-3],"split_indices":[0,0,0,0,0,0,0,0,0,0,0,0,0,0,0],"split_type":[0,0,0,0,0,0,0,0,0,0,0,0,0,0,0],"sum_hessian":[9E0,7E0,2E0,2E0,5E0,1E0,1E0,1E0,1E0,2E0,3E0,1E0,1E0,2E0,1E0],"tree_param":{"num_deleted":"0","num_feature":"2","num_nodes":"15","size_leaf_vector":"1"}},{"base_weights":[1.5235901E-3,-4.5258522E-2,1.2576802E-1,-1.1884817E-1,-9.206136E-4,3.742218E-3,1.5122986E-2,-1.4352036E-2,-3.4751892E-3,-1.2573242E-2,8.049011E-3,-1.5228272E-3,-3.631592E-4,3.3060712E-4,1.1138916E-3],"categories":[],"categories_nodes":[],"categories_segments":[],"categories_sizes":[],"default_left":[0,0,0,0,0,0,0,0,0,0,0,0,0,0,0],"id":82,"left_children":[1,3,5,7,9,-1,-1,-1,-1,11,13,-1,-1,-1,-1],"loss_changes":[6.381624E-2,2.5993073E-2,1.088988E-3,1.2369156E-3,7.283204E-4,0E0,0E0,0E0,0E0,1.5918165E-5,2.1794898E-5,0E0,0E0,0E0,0E0],"parents":[2147483647,0,0,1,1,2,2,3,3,4,4,9,9,10,10],"right_children":[2,4,6,8,10,-1,-1,-1,-1,12,14,-1,-1,-1,-1],"split_conditions":[8.096315E-1,1.9896021E-1,1E0,1.0398697E-1,5.0172174E-1,3.742218E-3,1.5122986E-2,-1.4352036E-2,-3.4751892E-3,2.958662E-1,6.998464E-1,-1.5228272E-3,-3.631592E-4,3.3060712E-4,1.1138916E-3],"split_indices":[0,0,0,0,0,0,0,0,0,0,0,0,0,0,0],"split_type":[0,0,0,0,0,0,0,0,0,0,0,0,0,0,0],"sum_hessian":[9E0,7E0,2E0,2E0,5E0,1E0,1E0,1E0,1E0,2E0,3E0,1E0,1E0,2E0,1E0],"tree_param":{"num_deleted":"0","num_feature":"2","num_nodes":"15","size_leaf_vector":"1"}},{"base_weights":[1.4328003E-3,-4.3014526E-2,1.1948141E-1,-1.1290487E-1,-9.0026855E-4,3.5552979E-3,1.4366913E-2,-1.3634491E-2,-3.301239E-3,-1.1942546E-2,7.6065063E-3,-1.4465332E-3,-3.4484864E-4,3.0873617E-4,1.058197E-3],"categories":[],"categories_nodes":[],"categories_segments":[],"categories_sizes":[],"default_left":[0,0,0,0,0,0,0,0,0,0,0,0,0,0,0],"id":83,"left_children":[1,3,5,7,9,-1,-1,-1,-1,11,13,-1,-1,-1,-1],"loss_changes":[5.7608884E-2,2.3445392E-2,9.82251E-4,1.1169761E-3,6.544461E-4,0E0,0E0,0E0,0E0,1.44025835E-5,2.1115848E-5,0E0,0E0,0E0,0E0],"parents":[2147483647,0,0,1,1,2,2,3,3,4,4,9,9,10,10],"right_children":[2,4,6,8,10,-1,-1,-1,-1,12,14,-1,-1,-1,-1],"split_conditions":[8.096315E-1,1.9896021E-1,1E0,1.0398697E-1,5.0172174E-1,3.5552979E-3,1.4366913E-2,-1.3634491E-2,-3.301239E-3,2.958662E-1,6.998464E-1,-1.4465332E-3,-3.4484864E-4,3.0873617E-4,1.058197E-3],"split_indices":[0,0,0,0,0,0,0,0,0,0,0,0,0,0,0],"split_type":[0,0,0,0,0,0,0,0,0,0,0,0,0,0,0],"sum_hessian":[9E0,7E0,2E0,2E0,5E0,1E0,1E0,1E0,1E0,2E0,3E0,1E0,1E0,2E0,1E0],"tree_param":{"num_deleted":"0","num_feature":"2","num_nodes":"15","size_leaf_vector":"1"}},{"base_weights":[1.3465881E-3,-4.088211E-2,1.1350759E-1,-1.0725912E-1,-8.799235E-4,3.377533E-3,1.3648606E-2,-1.2952805E-2,-3.1360628E-3,-1.134491E-2,7.188797E-3,-1.374054E-3,-3.276825E-4,2.883911E-4,1.0051727E-3],"categories":[],"categories_nodes":[],"categories_segments":[],"categories_sizes":[],"default_left":[0,0,0,0,0,0,0,0,0,0,0,0,0,0,0],"id":84,"left_children":[1,3,5,7,9,-1,-1,-1,-1,11,13,-1,-1,-1,-1],"loss_changes":[5.2004557E-2,2.1147422E-2,8.865148E-4,1.0084584E-3,5.881905E-4,0E0,0E0,0E0,0E0,1.2959121E-5,2.0310064E-5,0E0,0E0,0E0,0E0],"parents":[2147483647,0,0,1,1,2,2,3,3,4,4,9,9,10,10],"right_children":[2,4,6,8,10,-1,-1,-1,-1,12,14,-1,-1,-1,-1],"split_conditions":[8.096315E-1,1.9896021E-1,1E0,1.0398697E-1,5.0172174E-1,3.377533E-3,1.3648606E-2,-1.2952805E-2,-3.1360628E-3,2.958662E-1,6.998464E-1,-1.374054E-3,-3.276825E-4,2.883911E-4,1.0051727E-3],"split_indices":[0,0,0,0,0,0,0,0,0,0,0,0,0,0,0],"split_type":[0,0,0,0,0,0,0,0,0,0,0,0,0,0,0],"sum_hessian":[9E0,7E0,2E0,2E0,5E0,1E0,1E0,1E0,1E0,2E0,3E0,1E0,1E0,2E0,1E0],"tree_param":{"num_deleted":"0","num_feature":"2","num_nodes":"15","size_leaf_vector":"1"}},{"base_weights":[1.2641907E-3,-3.8856506E-2,1.0783132E-1,-1.0189565E-1,-8.6085004E-4,3.208542E-3,1.2966156E-2,-1.2305069E-2,-2.9792786E-3,-1.0777791E-2,6.7920685E-3,-1.3053895E-3,-3.112793E-4,2.690633E-4,9.5481874E-4],"categories":[],"categories_nodes":[],"categories_segments":[],"categories_sizes":[],"default_left":[0,0,0,0,0,0,0,0,0,0,0,0,0,0,0],"id":85,"left_children":[1,3,5,7,9,-1,-1,-1,-1,11,13,-1,-1,-1,-1],"loss_changes":[4.6945423E-2,1.9073993E-2,8.004084E-4,9.099934E-4,5.285648E-4,0E0,0E0,0E0,0E0,1.1704891E-5,1.9525498E-5,0E0,0E0,0E0,0E0],"parents":[2147483647,0,0,1,1,2,2,3,3,4,4,9,9,10,10],"right_children":[2,4,6,8,10,-1,-1,-1,-1,12,14,-1,-1,-1,-1],"split_conditions":[8.096315E-1,1.9896021E-1,1E0,1.0398697E-1,5.0172174E-1,3.208542E-3,1.2966156E-2,-1.2305069E-2,-2.9792786E-3,2.958662E-1,6.998464E-1,-1.3053895E-3,-3.112793E-4,2.690633E-4,9.5481874E-4],"split_indices":[0,0,0,0,0,0,0,0,0,0,0,0,0,0,0],"split_type":[0,0,0,0,0,0,0,0,0,0,0,0,0,0,0],"sum_hessian":[9E0,7E0,2E0,2E0,5E0,1E0,1E0,1E0,1E0,2E0,3E0,1E0,1E0,2E0,1E0],"tree_param":{"num_deleted":"0","num_feature":"2","num_nodes":"15","size_leaf_vector":"1"}},{"base_weights":[1.1871338E-3,-3.6930084E-2,1.0243734E-1,-9.680176E-2,-8.392334E-4,3.047943E-3,1.23176575E-2,-1.1689759E-2,-2.8305054E-3,-1.0238647E-2,6.4201355E-3,-1.2401581E-3,-2.9563904E-4,2.512614E-4,9.07135E-4],"categories":[],"categories_nodes":[],"categories_segments":[],"categories_sizes":[],"default_left":[0,0,0,0,0,0,0,0,0,0,0,0,0,0,0],"id":86,"left_children":[1,3,5,7,9,-1,-1,-1,-1,11,13,-1,-1,-1,-1],"loss_changes":[4.237678E-2,1.7205318E-2,7.227063E-4,8.207001E-4,4.751364E-4,0E0,0E0,0E0,0E0,1.0589196E-5,1.8645907E-5,0E0,0E0,0E0,0E0],"parents":[2147483647,0,0,1,1,2,2,3,3,4,4,9,9,10,10],"right_children":[2,4,6,8,10,-1,-1,-1,-1,12,14,-1,-1,-1,-1],"split_conditions":[8.096315E-1,1.9896021E-1,1E0,1.0398697E-1,5.0172174E-1,3.047943E-3,1.23176575E-2,-1.1689759E-2,-2.8305054E-3,2.958662E-1,6.998464E-1,-1.2401581E-3,-2.9563904E-4,2.512614E-4,9.07135E-4],"split_indices":[0,0,0,0,0,0,0,0,0,0,0,0,0,0,0],"split_type":[0,0,0,0,0,0,0,0,0,0,0,0,0,0,0],"sum_hessian":[9E0,7E0,2E0,2E0,5E0,1E0,1E0,1E0,1E0,2E0,3E0,1E0,1E0,2E0,1E0],"tree_param":{"num_deleted":"0","num_feature":"2","num_nodes":"15","size_leaf_vector":"1"}},{"base_weights":[1.1154175E-3,-3.509903E-2,9.731547E-2,-9.196218E-2,-8.1761676E-4,2.8953552E-3,1.1701966E-2,-1.11053465E-2,-2.6889802E-3,-9.724935E-3,6.067276E-3,-1.1779786E-3,-2.807617E-4,2.3447674E-4,8.6174015E-4],"categories":[],"categories_nodes":[],"categories_segments":[],"categories_sizes":[],"default_left":[0,0,0,0,0,0,0,0,0,0,0,0,0,0,0],"id":87,"left_children":[1,3,5,7,9,-1,-1,-1,-1,11,13,-1,-1,-1,-1],"loss_changes":[3.8253993E-2,1.5519602E-2,6.52913E-4,7.4074045E-4,4.2695948E-4,0E0,0E0,0E0,0E0,9.569019E-6,1.7765647E-5,0E0,0E0,0E0,0E0],"parents":[2147483647,0,0,1,1,2,2,3,3,4,4,9,9,10,10],"right_children":[2,4,6,8,10,-1,-1,-1,-1,12,14,-1,-1,-1,-1],"split_conditions":[8.096315E-1,1.9896021E-1,1E0,1.0398697E-1,5.0172174E-1,2.8953552E-3,1.1701966E-2,-1.11053465E-2,-2.6889802E-3,2.958662E-1,6.998464E-1,-1.1779786E-3,-2.807617E-4,2.3447674E-4,8.6174015E-4],"split_indices":[0,0,0,0,0,0,0,0,0,0,0,0,0,0,0],"split_type":[0,0,0,0,0,0,0,0,0,0,0,0,0,0,0],"sum_hessian":[9E0,7E0,2E0,2E0,5E0,1E0,1E0,1E0,1E0,2E0,3E0,1E0,1E0,2E0,1E0],"tree_param":{"num_deleted":"0","num_feature":"2","num_nodes":"15","size_leaf_vector":"1"}},{"base_weights":[1.0467529E-3,-3.3359528E-2,9.2447914E-2,-8.73642E-2,-7.972717E-4,2.7503967E-3,1.1116791E-2,-1.0549927E-2,-2.5547028E-3,-9.239197E-3,5.73349E-3,-1.1192322E-3,-2.6664734E-4,2.187093E-4,8.1863406E-4],"categories":[],"categories_nodes":[],"categories_segments":[],"categories_sizes":[],"default_left":[0,0,0,0,0,0,0,0,0,0,0,0,0,0,0],"id":88,"left_children":[1,3,5,7,9,-1,-1,-1,-1,11,13,-1,-1,-1,-1],"loss_changes":[3.453176E-2,1.399846E-2,5.8969297E-4,6.679818E-4,3.8376605E-4,0E0,0E0,0E0,0E0,8.668023E-6,1.689083E-5,0E0,0E0,0E0,0E0],"parents":[2147483647,0,0,1,1,2,2,3,3,4,4,9,9,10,10],"right_children":[2,4,6,8,10,-1,-1,-1,-1,12,14,-1,-1,-1,-1],"split_conditions":[8.096315E-1,1.9896021E-1,1E0,1.0398697E-1,5.0172174E-1,2.7503967E-3,1.1116791E-2,-1.0549927E-2,-2.5547028E-3,2.958662E-1,6.998464E-1,-1.1192322E-3,-2.6664734E-4,2.187093E-4,8.1863406E-4],"split_indices":[0,0,0,0,0,0,0,0,0,0,0,0,0,0,0],"split_type":[0,0,0,0,0,0,0,0,0,0,0,0,0,0,0],"sum_hessian":[9E0,7E0,2E0,2E0,5E0,1E0,1E0,1E0,1E0,2E0,3E0,1E0,1E0,2E0,1E0],"tree_param":{"num_deleted":"0","num_feature":"2","num_nodes":"15","size_leaf_vector":"1"}},{"base_weights":[9.841919E-4,-3.1704903E-2,8.782705E-2,-8.2995094E-2,-7.756551E-4,2.6130676E-3,1.0560989E-2,-1.0022354E-2,-2.4269104E-3,-8.776347E-3,5.4187775E-3,-1.0631562E-3,-2.532959E-4,8.850098E-5,6.63503E-4],"categories":[],"categories_nodes":[],"categories_segments":[],"categories_sizes":[],"default_left":[0,0,0,0,0,0,0,0,0,0,0,0,0,0,0],"id":89,"left_children":[1,3,5,7,9,-1,-1,-1,-1,11,13,-1,-1,-1,-1],"loss_changes":[3.1172693E-2,1.262656E-2,5.3175166E-4,6.0293823E-4,3.4491555E-4,0E0,0E0,0E0,0E0,7.819166E-6,1.6184757E-5,0E0,0E0,0E0,0E0],"parents":[2147483647,0,0,1,1,2,2,3,3,4,4,9,9,10,10],"right_children":[2,4,6,8,10,-1,-1,-1,-1,12,14,-1,-1,-1,-1],"split_conditions":[8.096315E-1,1.9896021E-1,1E0,1.0398697E-1,5.0172174E-1,2.6130676E-3,1.0560989E-2,-1.0022354E-2,-2.4269104E-3,2.958662E-1,6.0024816E-1,-1.0631562E-3,-2.532959E-4,8.850098E-5,6.63503E-4],"split_indices":[0,0,0,0,0,0,0,0,0,0,0,0,0,0,0],"split_type":[0,0,0,0,0,0,0,0,0,0,0,0,0,0,0],"sum_hessian":[9E0,7E0,2E0,2E0,5E0,1E0,1E0,1E0,1E0,2E0,3E0,1E0,1E0,1E0,2E0],"tree_param":{"num_deleted":"0","num_feature":"2","num_nodes":"15","size_leaf_vector":"1"}},{"base_weights":[9.017944E-4,-3.0161858E-2,8.34376E-2,-7.8844704E-2,-7.9345703E-4,2.482605E-3,1.0033036E-2,-9.521103E-3,-2.3056031E-3,-8.338928E-3,5.0640106E-3,-1.0101319E-3,-2.407074E-4,1.7878214E-4,7.446289E-4],"categories":[],"categories_nodes":[],"categories_segments":[],"categories_sizes":[],"default_left":[0,0,0,0,0,0,0,0,0,0,0,0,0,0,0],"id":90,"left_children":[1,3,5,7,9,-1,-1,-1,-1,11,13,-1,-1,-1,-1],"loss_changes":[2.8155267E-2,1.1375339E-2,4.7952496E-4,5.4397807E-4,3.0741253E-4,0E0,0E0,0E0,0E0,7.0481037E-6,1.7906546E-5,0E0,0E0,0E0,0E0],"parents":[2147483647,0,0,1,1,2,2,3,3,4,4,9,9,10,10],"right_children":[2,4,6,8,10,-1,-1,-1,-1,12,14,-1,-1,-1,-1],"split_conditions":[8.096315E-1,1.9896021E-1,1E0,1.0398697E-1,5.0172174E-1,2.482605E-3,1.0033036E-2,-9.521103E-3,-2.3056031E-3,2.958662E-1,6.998464E-1,-1.0101319E-3,-2.407074E-4,1.7878214E-4,7.446289E-4],"split_indices":[0,0,0,0,0,0,0,0,0,0,0,0,0,0,0],"split_type":[0,0,0,0,0,0,0,0,0,0,0,0,0,0,0],"sum_hessian":[9E0,7E0,2E0,2E0,5E0,1E0,1E0,1E0,1E0,2E0,3E0,1E0,1E0,2E0,1E0],"tree_param":{"num_deleted":"0","num_feature":"2","num_nodes":"15","size_leaf_vector":"1"}},{"base_weights":[8.4838865E-4,-2.8664589E-2,7.926687E-2,-7.4902855E-2,-7.680257E-4,2.3586273E-3,9.531403E-3,-9.045029E-3,-2.1903992E-3,-7.921855E-3,4.7893524E-3,-9.5977786E-4,-2.2850037E-4,1.6708374E-4,7.072449E-4],"categories":[],"categories_nodes":[],"categories_segments":[],"categories_sizes":[],"default_left":[0,0,0,0,0,0,0,0,0,0,0,0,0,0,0],"id":91,"left_children":[1,3,5,7,9,-1,-1,-1,-1,11,13,-1,-1,-1,-1],"loss_changes":[2.541578E-2,1.0261582E-2,4.3244474E-4,4.90766E-4,2.7647975E-4,0E0,0E0,0E0,0E0,6.409842E-6,1.6662569E-5,0E0,0E0,0E0,0E0],"parents":[2147483647,0,0,1,1,2,2,3,3,4,4,9,9,10,10],"right_children":[2,4,6,8,10,-1,-1,-1,-1,12,14,-1,-1,-1,-1],"split_conditions":[8.096315E-1,1.9896021E-1,1E0,1.0398697E-1,5.0172174E-1,2.3586273E-3,9.531403E-3,-9.045029E-3,-2.1903992E-3,2.958662E-1,6.998464E-1,-9.5977786E-4,-2.2850037E-4,1.6708374E-4,7.072449E-4],"split_indices":[0,0,0,0,0,0,0,0,0,0,0,0,0,0,0],"split_type":[0,0,0,0,0,0,0,0,0,0,0,0,0,0,0],"sum_hessian":[9E0,7E0,2E0,2E0,5E0,1E0,1E0,1E0,1E0,2E0,3E0,1E0,1E0,2E0,1E0],"tree_param":{"num_deleted":"0","num_feature":"2","num_nodes":"15","size_leaf_vector":"1"}},{"base_weights":[7.9803466E-4,-2.7241707E-2,7.5304665E-2,-7.115682E-2,-7.4386597E-4,2.2407533E-3,9.054947E-3,-8.592606E-3,-2.0809174E-3,-7.525126E-3,4.5280457E-3,-9.1171265E-4,-2.1705628E-4,1.5589395E-4,6.717682E-4],"categories":[],"categories_nodes":[],"categories_segments":[],"categories_sizes":[],"default_left":[0,0,0,0,0,0,0,0,0,0,0,0,0,0,0],"id":92,"left_children":[1,3,5,7,9,-1,-1,-1,-1,11,13,-1,-1,-1,-1],"loss_changes":[2.2942895E-2,9.2563145E-3,3.9022975E-4,4.4273958E-4,2.4857532E-4,0E0,0E0,0E0,0E0,5.78411E-6,1.553259E-5,0E0,0E0,0E0,0E0],"parents":[2147483647,0,0,1,1,2,2,3,3,4,4,9,9,10,10],"right_children":[2,4,6,8,10,-1,-1,-1,-1,12,14,-1,-1,-1,-1],"split_conditions":[8.096315E-1,1.9896021E-1,1E0,1.0398697E-1,5.0172174E-1,2.2407533E-3,9.054947E-3,-8.592606E-3,-2.0809174E-3,2.958662E-1,6.998464E-1,-9.1171265E-4,-2.1705628E-4,1.5589395E-4,6.717682E-4],"split_indices":[0,0,0,0,0,0,0,0,0,0,0,0,0,0,0],"split_type":[0,0,0,0,0,0,0,0,0,0,0,0,0,0,0],"sum_hessian":[9E0,7E0,2E0,2E0,5E0,1E0,1E0,1E0,1E0,2E0,3E0,1E0,1E0,2E0,1E0],"tree_param":{"num_deleted":"0","num_feature":"2","num_nodes":"15","size_leaf_vector":"1"}},{"base_weights":[7.499695E-4,-2.5889397E-2,7.153829E-2,-6.7598976E-2,-7.1970624E-4,2.128601E-3,8.602142E-3,-8.163071E-3,-1.9767762E-3,-7.1512857E-3,4.283905E-3,-8.663178E-4,-2.0637513E-4,1.4572144E-4,6.3819886E-4],"categories":[],"categories_nodes":[],"categories_segments":[],"categories_sizes":[],"default_left":[0,0,0,0,0,0,0,0,0,0,0,0,0,0,0],"id":93,"left_children":[1,3,5,7,9,-1,-1,-1,-1,11,13,-1,-1,-1,-1],"loss_changes":[2.0709641E-2,8.349887E-3,3.5237893E-4,3.9980747E-4,2.2372216E-4,0E0,0E0,0E0,0E0,5.1967654E-6,1.4422607E-5,0E0,0E0,0E0,0E0],"parents":[2147483647,0,0,1,1,2,2,3,3,4,4,9,9,10,10],"right_children":[2,4,6,8,10,-1,-1,-1,-1,12,14,-1,-1,-1,-1],"split_conditions":[8.096315E-1,1.9896021E-1,1E0,1.0398697E-1,5.0172174E-1,2.128601E-3,8.602142E-3,-8.163071E-3,-1.9767762E-3,2.958662E-1,6.998464E-1,-8.663178E-4,-2.0637513E-4,1.4572144E-4,6.3819886E-4],"split_indices":[0,0,0,0,0,0,0,0,0,0,0,0,0,0,0],"split_type":[0,0,0,0,0,0,0,0,0,0,0,0,0,0,0],"sum_hessian":[9E0,7E0,2E0,2E0,5E0,1E0,1E0,1E0,1E0,2E0,3E0,1E0,1E0,2E0,1E0],"tree_param":{"num_deleted":"0","num_feature":"2","num_nodes":"15","size_leaf_vector":"1"}},{"base_weights":[7.0495607E-4,-2.4603844E-2,6.7960106E-2,-6.4219154E-2,-6.9554645E-4,2.0221712E-3,8.171844E-3,-7.754898E-3,-1.8779755E-3,-6.792704E-3,4.0512085E-3,-8.228302E-4,-1.9607545E-4,1.3605754E-4,6.0615543E-4],"categories":[],"categories_nodes":[],"categories_segments":[],"categories_sizes":[],"default_left":[0,0,0,0,0,0,0,0,0,0,0,0,0,0,0],"id":94,"left_children":[1,3,5,7,9,-1,-1,-1,-1,11,13,-1,-1,-1,-1],"loss_changes":[1.869355E-2,7.53241E-3,3.179172E-4,3.607478E-4,2.0116894E-4,0E0,0E0,0E0,0E0,4.6765344E-6,1.338921E-5,0E0,0E0,0E0,0E0],"parents":[2147483647,0,0,1,1,2,2,3,3,4,4,9,9,10,10],"right_children":[2,4,6,8,10,-1,-1,-1,-1,12,14,-1,-1,-1,-1],"split_conditions":[8.096315E-1,1.9896021E-1,1E0,1.0398697E-1,5.0172174E-1,2.0221712E-3,8.171844E-3,-7.754898E-3,-1.8779755E-3,2.958662E-1,6.998464E-1,-8.228302E-4,-1.9607545E-4,1.3605754E-4,6.0615543E-4],"split_indices":[0,0,0,0,0,0,0,0,0,0,0,0,0,0,0],"split_type":[0,0,0,0,0,0,0,0,0,0,0,0,0,0,0],"sum_hessian":[9E0,7E0,2E0,2E0,5E0,1E0,1E0,1E0,1E0,2E0,3E0,1E0,1E0,2E0,1E0],"tree_param":{"num_deleted":"0","num_feature":"2","num_nodes":"15","size_leaf_vector":"1"}},{"base_weights":[6.629944E-4,-2.3382187E-2,6.456248E-2,-6.1009724E-2,-6.713867E-4,1.9210816E-3,7.7632903E-3,-7.367325E-3,-1.784134E-3,-6.451925E-3,3.8318634E-3,-7.816315E-4,-1.8615722E-4,1.2690226E-4,5.760193E-4],"categories":[],"categories_nodes":[],"categories_segments":[],"categories_sizes":[],"default_left":[0,0,0,0,0,0,0,0,0,0,0,0,0,0,0],"id":95,"left_children":[1,3,5,7,9,-1,-1,-1,-1,11,13,-1,-1,-1,-1],"loss_changes":[1.687436E-2,6.7954515E-3,2.8690416E-4,3.255615E-4,1.8091014E-4,0E0,0E0,0E0,0E0,4.2384636E-6,1.2458193E-5,0E0,0E0,0E0,0E0],"parents":[2147483647,0,0,1,1,2,2,3,3,4,4,9,9,10,10],"right_children":[2,4,6,8,10,-1,-1,-1,-1,12,14,-1,-1,-1,-1],"split_conditions":[8.096315E-1,1.9896021E-1,1E0,1.0398697E-1,5.0172174E-1,1.9210816E-3,7.7632903E-3,-7.367325E-3,-1.784134E-3,2.958662E-1,6.998464E-1,-7.816315E-4,-1.8615722E-4,1.2690226E-4,5.760193E-4],"split_indices":[0,0,0,0,0,0,0,0,0,0,0,0,0,0,0],"split_type":[0,0,0,0,0,0,0,0,0,0,0,0,0,0,0],"sum_hessian":[9E0,7E0,2E0,2E0,5E0,1E0,1E0,1E0,1E0,2E0,3E0,1E0,1E0,2E0,1E0],"tree_param":{"num_deleted":"0","num_feature":"2","num_nodes":"15","size_leaf_vector":"1"}},{"base_weights":[6.2179565E-4,-2.2222519E-2,6.1332703E-2,-5.7957966E-2,-6.510417E-4,1.8249511E-3,7.3749544E-3,-6.9988254E-3,-1.6948701E-3,-6.13149E-3,3.622055E-3,-7.4272155E-4,-1.7700196E-4,1.18255615E-4,5.470276E-4],"categories":[],"categories_nodes":[],"categories_segments":[],"categories_sizes":[],"default_left":[0,0,0,0,0,0,0,0,0,0,0,0,0,0,0],"id":96,"left_children":[1,3,5,7,9,-1,-1,-1,-1,11,13,-1,-1,-1,-1],"loss_changes":[1.5231959E-2,6.1291982E-3,2.5897846E-4,2.9384997E-4,1.627195E-4,0E0,0E0,0E0,0E0,3.8074868E-6,1.1566022E-5,0E0,0E0,0E0,0E0],"parents":[2147483647,0,0,1,1,2,2,3,3,4,4,9,9,10,10],"right_children":[2,4,6,8,10,-1,-1,-1,-1,12,14,-1,-1,-1,-1],"split_conditions":[8.096315E-1,1.9896021E-1,1E0,1.0398697E-1,5.0172174E-1,1.8249511E-3,7.3749544E-3,-6.9988254E-3,-1.6948701E-3,2.958662E-1,6.998464E-1,-7.4272155E-4,-1.7700196E-4,1.18255615E-4,5.470276E-4],"split_indices":[0,0,0,0,0,0,0,0,0,0,0,0,0,0,0],"split_type":[0,0,0,0,0,0,0,0,0,0,0,0,0,0,0],"sum_hessian":[9E0,7E0,2E0,2E0,5E0,1E0,1E0,1E0,1E0,2E0,3E0,1E0,1E0,2E0,1E0],"tree_param":{"num_deleted":"0","num_feature":"2","num_nodes":"15","size_leaf_vector":"1"}},{"base_weights":[5.836487E-4,-2.1120071E-2,5.8265686E-2,-5.506134E-2,-6.2942505E-4,1.7337799E-3,7.006073E-3,-6.6490173E-3,-1.6101837E-3,-5.8263144E-3,3.4255981E-3,-7.05719E-4,-1.6822816E-4,1.1037191E-4,5.1956176E-4],"categories":[],"categories_nodes":[],"categories_segments":[],"categories_sizes":[],"default_left":[0,0,0,0,0,0,0,0,0,0,0,0,0,0,0],"id":97,"left_children":[1,3,5,7,9,-1,-1,-1,-1,11,13,-1,-1,-1,-1],"loss_changes":[1.3749723E-2,5.529171E-3,2.3353938E-4,2.6517082E-4,1.4639966E-4,0E0,0E0,0E0,0E0,3.4301847E-6,1.0704582E-5,0E0,0E0,0E0,0E0],"parents":[2147483647,0,0,1,1,2,2,3,3,4,4,9,9,10,10],"right_children":[2,4,6,8,10,-1,-1,-1,-1,12,14,-1,-1,-1,-1],"split_conditions":[8.096315E-1,1.9896021E-1,1E0,1.0398697E-1,5.0172174E-1,1.7337799E-3,7.006073E-3,-6.6490173E-3,-1.6101837E-3,2.958662E-1,6.998464E-1,-7.05719E-4,-1.6822816E-4,1.1037191E-4,5.1956176E-4],"split_indices":[0,0,0,0,0,0,0,0,0,0,0,0,0,0,0],"split_type":[0,0,0,0,0,0,0,0,0,0,0,0,0,0,0],"sum_hessian":[9E0,7E0,2E0,2E0,5E0,1E0,1E0,1E0,1E0,2E0,3E0,1E0,1E0,2E0,1E0],"tree_param":{"num_deleted":"0","num_feature":"2","num_nodes":"15","size_leaf_vector":"1"}},{"base_weights":[5.5084226E-4,-2.0069122E-2,5.53538E-2,-5.230713E-2,-6.052653E-4,1.6471863E-3,6.655884E-3,-6.316376E-3,-1.5296936E-3,-5.533854E-3,3.2424927E-3,-6.702423E-4,-1.5983582E-4,1.03251135E-4,4.9362186E-4],"categories":[],"categories_nodes":[],"categories_segments":[],"categories_sizes":[],"default_left":[0,0,0,0,0,0,0,0,0,0,0,0,0,0,0],"id":98,"left_children":[1,3,5,7,9,-1,-1,-1,-1,11,13,-1,-1,-1,-1],"loss_changes":[1.2411253E-2,4.988148E-3,2.1067262E-4,2.3920555E-4,1.3172759E-4,0E0,0E0,0E0,0E0,3.08382E-6,9.875705E-6,0E0,0E0,0E0,0E0],"parents":[2147483647,0,0,1,1,2,2,3,3,4,4,9,9,10,10],"right_children":[2,4,6,8,10,-1,-1,-1,-1,12,14,-1,-1,-1,-1],"split_conditions":[8.096315E-1,1.9896021E-1,1E0,1.0398697E-1,5.0172174E-1,1.6471863E-3,6.655884E-3,-6.316376E-3,-1.5296936E-3,2.958662E-1,6.998464E-1,-6.702423E-4,-1.5983582E-4,1.03251135E-4,4.9362186E-4],"split_indices":[0,0,0,0,0,0,0,0,0,0,0,0,0,0,0],"split_type":[0,0,0,0,0,0,0,0,0,0,0,0,0,0,0],"sum_hessian":[9E0,7E0,2E0,2E0,5E0,1E0,1E0,1E0,1E0,2E0,3E0,1E0,1E0,2E0,1E0],"tree_param":{"num_deleted":"0","num_feature":"2","num_nodes":"15","size_leaf_vector":"1"}},{"base_weights":[5.17273E-4,-1.9073486E-2,5.2586872E-2,-4.969279E-2,-5.849202E-4,1.5647889E-3,6.323242E-3,-6.000519E-3,-1.4533997E-3,-5.256653E-3,3.0651093E-3,-6.36673E-4,-1.5182495E-4,9.6130374E-5,4.688263E-4],"categories":[],"categories_nodes":[],"categories_segments":[],"categories_sizes":[],"default_left":[0,0,0,0,0,0,0,0,0,0,0,0,0,0,0],"id":99,"left_children":[1,3,5,7,9,-1,-1,-1,-1,11,13,-1,-1,-1,-1],"loss_changes":[1.1203845E-2,4.4997893E-3,1.9025337E-4,2.1559931E-4,1.1842399E-4,0E0,0E0,0E0,0E0,2.7834612E-6,9.152354E-6,0E0,0E0,0E0,0E0],"parents":[2147483647,0,0,1,1,2,2,3,3,4,4,9,9,10,10],"right_children":[2,4,6,8,10,-1,-1,-1,-1,12,14,-1,-1,-1,-1],"split_conditions":[8.096315E-1,1.9896021E-1,1E0,1.0398697E-1,5.0172174E-1,1.5647889E-3,6.323242E-3,-6.000519E-3,-1.4533997E-3,2.958662E-1,6.998464E-1,-6.36673E-4,-1.5182495E-4,9.6130374E-5,4.688263E-4],"split_indices":[0,0,0,0,0,0,0,0,0,0,0,0,0,0,0],"split_type":[0,0,0,0,0,0,0,0,0,0,0,0,0,0,0],"sum_hessian":[9E0,7E0,2E0,2E0,5E0,1E0,1E0,1E0,1E0,2E0,3E0,1E0,1E0,2E0,1E0],"tree_param":{"num_deleted":"0","num_feature":"2","num_nodes":"15","size_leaf_vector":"1"}}]},"name":"gbtree"},"learner_model_param":{"base_score":"9.667778E1","boost_from_average":"1","num_class":"0","num_feature":"2","num_target":"1"},"objective":{"name":"reg:squarederror","reg_loss_param":{"scale_pos_weight":"1"}}},"version":[2,0,1]}