{"package": {"All_Weights": {"Bias_Weight": 218.3966186633528, "Categorical_Variables": {}, "Numerical_Variables": {"bpf_cpu_time_us": {"mean": 5608.400902868793, "variance": 29661131.240907874, "weight": 2.883716052833132}, "cache_miss": {"mean": 11772187.522252472, "variance": 409151166293758.44, "weight": 25.70131276925067}, "cgroupfs_cpu_usage_us": {"mean": 1080538.090723751, "variance": 129154197094126.67, "weight": -0.4937762370238867}, "cgroupfs_memory_usage_bytes": {"mean": 98691.1128585991, "variance": 557223414532.787, "weight": 2.1140126843211946}, "cgroupfs_system_cpu_usage_us": {"mean": 251370.65487112277, "variance": 6987370354187.755, "weight": -0.5331308282150322}, "cgroupfs_user_cpu_usage_us": {"mean": 829167.4355613805, "variance": 76060314812705.55, "weight": -0.4818463062913715}, "cpu_cycles": {"mean": 10958623148.504377, "variance": 1.3653973085887105e+20, "weight": 93.14241529478564}, "cpu_instructions": {"mean": 0.0, "variance": 0.0, "weight": 0.0}, "kubelet_cpu_usage": {"mean": 7.212174166302607, "variance": 420.0275514159066, "weight": 0.5311078638946592}, "kubelet_memory_bytes": {"mean": 22912587.379641764, "variance": 1.1963713956742662e+17, "weight": -0.8922048715684671}}}}, "core": {"All_Weights": {"Bias_Weight": 0.0, "Categorical_Variables": {}, "Numerical_Variables": {"bpf_cpu_time_us": {"mean": 5608.400902868793, "variance": 29661131.240907874, "weight": 0.0}, "cache_miss": {"mean": 11772187.522252472, "variance": 409151166293758.44, "weight": 0.0}, "cgroupfs_cpu_usage_us": {"mean": 1080538.090723751, "variance": 129154197094126.67, "weight": 0.0}, "cgroupfs_memory_usage_bytes": {"mean": 98691.1128585991, "variance": 557223414532.787, "weight": 0.0}, "cgroupfs_system_cpu_usage_us": {"mean": 251370.65487112277, "variance": 6987370354187.755, "weight": 0.0}, "cgroupfs_user_cpu_usage_us": {"mean": 829167.4355613805, "variance": 76060314812705.55, "weight": 0.0}, "cpu_cycles": {"mean": 10958623148.504377, "variance": 1.3653973085887105e+20, "weight": 0.0}, "cpu_instructions": {"mean": 0.0, "variance": 0.0, "weight": 0.0}, "kubelet_cpu_usage": {"mean": 7.212174166302607, "variance": 420.0275514159066, "weight": 0.0}, "kubelet_memory_bytes": {"mean": 22912587.379641764, "variance": 1.1963713956742662e+17, "weight": 0.0}}}}, "uncore": {"All_Weights": {"Bias_Weight": 0.0, "Categorical_Variables": {}, "Numerical_Variables": {"bpf_cpu_time_us": {"mean": 5608.400902868793, "variance": 29661131.240907874, "weight": 0.0}, "cache_miss": {"mean": 11772187.522252472, "variance": 409151166293758.44, "weight": 0.0}, "cgroupfs_cpu_usage_us": {"mean": 1080538.090723751, "variance": 129154197094126.67, "weight": 0.0}, "cgroupfs_memory_usage_bytes": {"mean": 98691.1128585991, "variance": 557223414532.787, "weight": 0.0}, "cgroupfs_system_cpu_usage_us": {"mean": 251370.65487112277, "variance": 6987370354187.755, "weight": 0.0}, "cgroupfs_user_cpu_usage_us": {"mean": 829167.4355613805, "variance": 76060314812705.55, "weight": 0.0}, "cpu_cycles": {"mean": 10958623148.504377, "variance": 1.3653973085887105e+20, "weight": 0.0}, "cpu_instructions": {"mean": 0.0, "variance": 0.0, "weight": 0.0}, "kubelet_cpu_usage": {"mean": 7.212174166302607, "variance": 420.0275514159066, "weight": 0.0}, "kubelet_memory_bytes": {"mean": 22912587.379641764, "variance": 1.1963713956742662e+17, "weight": 0.0}}}}, "dram": {"All_Weights": {"Bias_Weight": 150.57643608036616, "Categorical_Variables": {}, "Numerical_Variables": {"bpf_cpu_time_us": {"mean": 5608.400902868793, "variance": 29661131.240907874, "weight": 5.515301687561827}, "cache_miss": {"mean": 11772187.522252472, "variance": 409151166293758.44, "weight": 15.268252633878754}, "cgroupfs_cpu_usage_us": {"mean": 1080538.090723751, "variance": 129154197094126.67, "weight": 0.47468672731958417}, "cgroupfs_memory_usage_bytes": {"mean": 98691.1128585991, "variance": 557223414532.787, "weight": -1.854097908794221}, "cgroupfs_system_cpu_usage_us": {"mean": 251370.65487112277, "variance": 6987370354187.755, "weight": 0.43348499750494174}, "cgroupfs_user_cpu_usage_us": {"mean": 829167.4355613805, "variance": 76060314812705.55, "weight": 0.48717555800472334}, "cpu_cycles": {"mean": 10958623148.504377, "variance": 1.3653973085887105e+20, "weight": -3.046539603190609}, "cpu_instructions": {"mean": 0.0, "variance": 0.0, "weight": 0.0}, "kubelet_cpu_usage": {"mean": 7.212174166302607, "variance": 420.0275514159066, "weight": 0.3900349664740487}, "kubelet_memory_bytes": {"mean": 22912587.379641764, "variance": 1.1963713956742662e+17, "weight": 0.3554187633279851}}}}}