{"learner":{"attributes":{"scikit_learn":"{\"_estimator_type\": \"regressor\"}"},"feature_names":[],"feature_types":[],"gradient_booster":{"model":{"gbtree_model_param":{"num_parallel_tree":"1","num_trees":"100"},"iteration_indptr":[0,1,2,3,4,5,6,7,8,9,10,11,12,13,14,15,16,17,18,19,20,21,22,23,24,25,26,27,28,29,30,31,32,33,34,35,36,37,38,39,40,41,42,43,44,45,46,47,48,49,50,51,52,53,54,55,56,57,58,59,60,61,62,63,64,65,66,67,68,69,70,71,72,73,74,75,76,77,78,79,80,81,82,83,84,85,86,87,88,89,90,91,92,93,94,95,96,97,98,99,100],"tree_info":[0,0,0,0,0,0,0,0,0,0,0,0,0,0,0,0,0,0,0,0,0,0,0,0,0,0,0,0,0,0,0,0,0,0,0,0,0,0,0,0,0,0,0,0,0,0,0,0,0,0,0,0,0,0,0,0,0,0,0,0,0,0,0,0,0,0,0,0,0,0,0,0,0,0,0,0,0,0,0,0,0,0,0,0,0,0,0,0,0,0,0,0,0,0,0,0,0,0,0,0],"trees":[{"base_weights":[-1.1444092E-6,-2.6752382E1,4.681667E0,-3.1955557E0,-9.162964E-1],"categories":[],"categories_nodes":[],"categories_segments":[],"categories_sizes":[],"default_left":[0,0,0,0,0],"id":0,"left_children":[1,3,-1,-1,-1],"loss_changes":[1.3777031E4,3.4783838E2,0E0,0E0,0E0],"parents":[2147483647,0,0,1,1],"right_children":[2,4,-1,-1,-1],"split_conditions":[8.021026E-1,3.994956E-1,4.681667E0,-3.1955557E0,-9.162964E-1],"split_indices":[0,0,0,0,0],"split_type":[0,0,0,0,0],"sum_hessian":[9E0,6E0,3E0,4E0,2E0],"tree_param":{"num_deleted":"0","num_feature":"2","num_nodes":"5","size_leaf_vector":"1"}},{"base_weights":[5.698204E-2,-2.466455E1,4.330542E0,-2.9399111E0,-8.552098E-1],"categories":[],"categories_nodes":[],"categories_segments":[],"categories_sizes":[],"default_left":[0,0,0,0,0],"id":1,"left_children":[1,3,-1,-1,-1],"loss_changes":[1.1759785E4,2.8257324E2,0E0,0E0,0E0],"parents":[2147483647,0,0,1,1],"right_children":[2,4,-1,-1,-1],"split_conditions":[8.021026E-1,3.994956E-1,4.330542E0,-2.9399111E0,-8.552098E-1],"split_indices":[0,0,0,0,0],"split_type":[0,0,0,0,0],"sum_hessian":[9E0,6E0,3E0,4E0,2E0],"tree_param":{"num_deleted":"0","num_feature":"2","num_nodes":"5","size_leaf_vector":"1"}},{"base_weights":[1.0482521E-1,-2.2740255E1,4.005751E0,-2.9431732E0,-1.0363715E0],"categories":[],"categories_nodes":[],"categories_segments":[],"categories_sizes":[],"default_left":[0,0,0,0,0],"id":2,"left_children":[1,3,-1,-1,-1],"loss_changes":[1.0038141E4,2.7469946E2,0E0,0E0,0E0],"parents":[2147483647,0,0,1,1],"right_children":[2,4,-1,-1,-1],"split_conditions":[8.021026E-1,3.019421E-1,4.005751E0,-2.9431732E0,-1.0363715E0],"split_indices":[0,0,0,0,0],"split_type":[0,0,0,0,0],"sum_hessian":[9E0,6E0,3E0,3E0,3E0],"tree_param":{"num_deleted":"0","num_feature":"2","num_nodes":"5","size_leaf_vector":"1"}},{"base_weights":[9.696312E-2,-2.1034737E1,3.7053196E0,-2.722435E0,-9.5864373E-1],"categories":[],"categories_nodes":[],"categories_segments":[],"categories_sizes":[],"default_left":[0,0,0,0,0],"id":3,"left_children":[1,3,-1,-1,-1],"loss_changes":[8.588885E3,2.350393E2,0E0,0E0,0E0],"parents":[2147483647,0,0,1,1],"right_children":[2,4,-1,-1,-1],"split_conditions":[8.021026E-1,3.019421E-1,3.7053196E0,-2.722435E0,-9.5864373E-1],"split_indices":[0,0,0,0,0],"split_type":[0,0,0,0,0],"sum_hessian":[9E0,6E0,3E0,3E0,3E0],"tree_param":{"num_deleted":"0","num_feature":"2","num_nodes":"5","size_leaf_vector":"1"}},{"base_weights":[8.9689255E-2,-1.9457132E1,3.4274204E0,-2.5182526E0,-8.8674563E-1],"categories":[],"categories_nodes":[],"categories_segments":[],"categories_sizes":[],"default_left":[0,0,0,0,0],"id":4,"left_children":[1,3,-1,-1,-1],"loss_changes":[7.348864E3,2.0110522E2,0E0,0E0,0E0],"parents":[2147483647,0,0,1,1],"right_children":[2,4,-1,-1,-1],"split_conditions":[8.021026E-1,3.019421E-1,3.4274204E0,-2.5182526E0,-8.8674563E-1],"split_indices":[0,0,0,0,0],"split_type":[0,0,0,0,0],"sum_hessian":[9E0,6E0,3E0,3E0,3E0],"tree_param":{"num_deleted":"0","num_feature":"2","num_nodes":"5","size_leaf_vector":"1"}},{"base_weights":[8.29647E-2,-1.7997847E1,3.1703644E1,-2.3293839E0,-8.202395E-1,9.802429E-1,3.5736573E0],"categories":[],"categories_nodes":[],"categories_segments":[],"categories_sizes":[],"default_left":[0,0,0,0,0,0,0],"id":5,"left_children":[1,3,5,-1,-1,-1,-1],"loss_changes":[6.2878726E3,1.7207104E2,2.9990234E0,0E0,0E0,0E0,0E0],"parents":[2147483647,0,0,1,1,2,2],"right_children":[2,4,6,-1,-1,-1,-1],"split_conditions":[8.021026E-1,3.019421E-1,8.954825E-1,-2.3293839E0,-8.202395E-1,9.802429E-1,3.5736573E0],"split_indices":[0,0,0,0,0,0,0],"split_type":[0,0,0,0,0,0,0],"sum_hessian":[9E0,6E0,3E0,3E0,3E0,1E0,2E0],"tree_param":{"num_deleted":"0","num_feature":"2","num_nodes":"7","size_leaf_vector":"1"}},{"base_weights":[2.150959E-1,-1.664801E1,2.9671757E0,-1.8627522E1,-2.3854713E-1,-2.3563821E0,-1.0268415E0],"categories":[],"categories_nodes":[],"categories_segments":[],"categories_sizes":[],"default_left":[0,0,0,0,0,0,0],"id":6,"left_children":[1,3,-1,5,-1,-1,-1],"loss_changes":[5.461283E3,1.5319446E2,0E0,5.6152344E0,0E0,0E0,0E0],"parents":[2147483647,0,0,1,1,3,3],"right_children":[2,4,-1,6,-1,-1,-1],"split_conditions":[8.021026E-1,4.996103E-1,2.9671757E0,1.9832784E-1,-2.3854713E-1,-2.3563821E0,-1.0268415E0],"split_indices":[0,0,0,0,0,0,0],"split_type":[0,0,0,0,0,0,0],"sum_hessian":[9E0,6E0,3E0,5E0,1E0,2E0,3E0],"tree_param":{"num_deleted":"0","num_feature":"2","num_nodes":"7","size_leaf_vector":"1"}},{"base_weights":[1.2812614E-1,-1.5500605E1,2.7446373E1,-1.8645546E0,-5.0921655E-1,7.82872E-1,3.1376016E0],"categories":[],"categories_nodes":[],"categories_segments":[],"categories_sizes":[],"default_left":[0,0,0,0,0,0,0],"id":7,"left_children":[1,3,5,-1,-1,-1,-1],"loss_changes":[4.6949307E3,1.3419128E2,6.2727295E1,0E0,0E0,0E0,0E0],"parents":[2147483647,0,0,1,1,2,2],"right_children":[2,4,6,-1,-1,-1,-1],"split_conditions":[8.021026E-1,3.994956E-1,8.954825E-1,-1.8645546E0,-5.0921655E-1,7.82872E-1,3.1376016E0],"split_indices":[0,0,0,0,0,0,0],"split_type":[0,0,0,0,0,0,0],"sum_hessian":[9E0,6E0,3E0,4E0,2E0,1E0,2E0],"tree_param":{"num_deleted":"0","num_feature":"2","num_nodes":"7","size_leaf_vector":"1"}},{"base_weights":[2.6998407E-1,-1.4289654E1,2.5681854E1,-2.0749862E0,-7.5555983E0,7.4372864E-1,2.9284282E0,-8.4387034E-1,-2.0115891E-1],"categories":[],"categories_nodes":[],"categories_segments":[],"categories_sizes":[],"default_left":[0,0,0,0,0,0,0,0,0],"id":8,"left_children":[1,3,5,-1,7,-1,-1,-1,-1],"loss_changes":[4.0668608E3,1.4774634E2,4.510327E1,0E0,7.504486E0,0E0,0E0,0E0,0E0],"parents":[2147483647,0,0,1,1,2,2,4,4],"right_children":[2,4,6,-1,8,-1,-1,-1,-1],"split_conditions":[8.021026E-1,1.9832784E-1,8.954825E-1,-2.0749862E0,4.996103E-1,7.4372864E-1,2.9284282E0,-8.4387034E-1,-2.0115891E-1],"split_indices":[0,0,0,0,0,0,0,0,0],"split_type":[0,0,0,0,0,0,0,0,0],"sum_hessian":[9E0,6E0,3E0,2E0,4E0,1E0,2E0,3E0,1E0],"tree_param":{"num_deleted":"0","num_feature":"2","num_nodes":"9","size_leaf_vector":"1"}},{"base_weights":[2.9820213E-1,-1.3306403E1,2.4031712E1,-1.9366535E0,-7.0090437E0,7.065422E-1,2.7332E0,-7.8058E-1,-1.9110107E-1],"categories":[],"categories_nodes":[],"categories_segments":[],"categories_sizes":[],"default_left":[0,0,0,0,0,0,0,0,0],"id":9,"left_children":[1,3,5,-1,7,-1,-1,-1,-1],"loss_changes":[3.548626E3,1.3139893E2,3.0862549E1,0E0,5.3924713E0,0E0,0E0,0E0,0E0],"parents":[2147483647,0,0,1,1,2,2,4,4],"right_children":[2,4,6,-1,8,-1,-1,-1,-1],"split_conditions":[8.021026E-1,1.9832784E-1,8.954825E-1,-1.9366535E0,4.996103E-1,7.065422E-1,2.7332E0,-7.8058E-1,-1.9110107E-1],"split_indices":[0,0,0,0,0,0,0,0,0],"split_type":[0,0,0,0,0,0,0,0,0],"sum_hessian":[9E0,6E0,3E0,2E0,4E0,1E0,2E0,3E0,1E0],"tree_param":{"num_deleted":"0","num_feature":"2","num_nodes":"9","size_leaf_vector":"1"}},{"base_weights":[3.2152215E-1,-1.239124E1,2.2488476E1,-1.8075434E0,-6.5024767E0,6.7121506E-1,2.5509868E0,-7.2203654E-1,-1.8154602E-1],"categories":[],"categories_nodes":[],"categories_segments":[],"categories_sizes":[],"default_left":[0,0,0,0,0,0,0,0,0],"id":10,"left_children":[1,3,5,-1,7,-1,-1,-1,-1],"loss_changes":[3.0966924E3,1.167749E2,1.9439697E1,0E0,3.7154999E0,0E0,0E0,0E0,0E0],"parents":[2147483647,0,0,1,1,2,2,4,4],"right_children":[2,4,6,-1,8,-1,-1,-1,-1],"split_conditions":[8.021026E-1,1.9832784E-1,8.954825E-1,-1.8075434E0,4.996103E-1,6.7121506E-1,2.5509868E0,-7.2203654E-1,-1.8154602E-1],"split_indices":[0,0,0,0,0,0,0,0,0],"split_type":[0,0,0,0,0,0,0,0,0],"sum_hessian":[9E0,6E0,3E0,2E0,4E0,1E0,2E0,3E0,1E0],"tree_param":{"num_deleted":"0","num_feature":"2","num_nodes":"9","size_leaf_vector":"1"}},{"base_weights":[3.404789E-1,-1.1539419E1,2.1045181E1,-1.6870406E0,-6.0329437E0,6.376541E-1,2.3809214E0,-6.678837E-1,-1.7246857E-1],"categories":[],"categories_nodes":[],"categories_segments":[],"categories_sizes":[],"default_left":[0,0,0,0,0,0,0,0,0],"id":11,"left_children":[1,3,5,-1,7,-1,-1,-1,-1],"loss_changes":[2.7025469E3,1.0370642E2,1.0358032E1,0E0,2.3944702E0,0E0,0E0,0E0,0E0],"parents":[2147483647,0,0,1,1,2,2,4,4],"right_children":[2,4,6,-1,8,-1,-1,-1,-1],"split_conditions":[8.021026E-1,1.9832784E-1,8.954825E-1,-1.6870406E0,4.996103E-1,6.376541E-1,2.3809214E0,-6.678837E-1,-1.7246857E-1],"split_indices":[0,0,0,0,0,0,0,0,0],"split_type":[0,0,0,0,0,0,0,0,0],"sum_hessian":[9E0,6E0,3E0,2E0,4E0,1E0,2E0,3E0,1E0],"tree_param":{"num_deleted":"0","num_feature":"2","num_nodes":"9","size_leaf_vector":"1"}},{"base_weights":[3.5555077E-1,-1.0746532E1,1.9695309E1,-1.5745711E0,-5.5977187E0,6.0577166E-1,2.2221935E0,-6.177923E-1,-1.6384506E-1],"categories":[],"categories_nodes":[],"categories_segments":[],"categories_sizes":[],"default_left":[0,0,0,0,0,0,0,0,0],"id":12,"left_children":[1,3,5,-1,7,-1,-1,-1,-1],"loss_changes":[2.3587722E3,9.203876E1,3.2141113E0,0E0,1.3637085E0,0E0,0E0,0E0,0E0],"parents":[2147483647,0,0,1,1,2,2,4,4],"right_children":[2,4,6,-1,8,-1,-1,-1,-1],"split_conditions":[8.021026E-1,1.9832784E-1,8.954825E-1,-1.5745711E0,4.996103E-1,6.0577166E-1,2.2221935E0,-6.177923E-1,-1.6384506E-1],"split_indices":[0,0,0,0,0,0,0,0,0],"split_type":[0,0,0,0,0,0,0,0,0],"sum_hessian":[9E0,6E0,3E0,2E0,4E0,1E0,2E0,3E0,1E0],"tree_param":{"num_deleted":"0","num_feature":"2","num_nodes":"9","size_leaf_vector":"1"}},{"base_weights":[3.6716956E-1,-1.0008481E1,1.8432766E0,-1.4695998E0,-5.194275E0,-5.7145804E-1,-1.5565263E-1],"categories":[],"categories_nodes":[],"categories_segments":[],"categories_sizes":[],"default_left":[0,0,0,0,0,0,0],"id":13,"left_children":[1,3,-1,-1,5,-1,-1],"loss_changes":[2.0589072E3,8.163165E1,0E0,0E0,5.6881714E-1,0E0,0E0],"parents":[2147483647,0,0,1,1,4,4],"right_children":[2,4,-1,-1,6,-1,-1],"split_conditions":[8.021026E-1,1.9832784E-1,1.8432766E0,-1.4695998E0,4.996103E-1,-5.7145804E-1,-1.5565263E-1],"split_indices":[0,0,0,0,0,0,0],"split_type":[0,0,0,0,0,0,0],"sum_hessian":[9E0,6E0,3E0,2E0,4E0,3E0,1E0],"tree_param":{"num_deleted":"0","num_feature":"2","num_nodes":"7","size_leaf_vector":"1"}},{"base_weights":[2.951084E-1,-9.32145E0,1.7050308E1,-1.58122E0,-5.6042914E0,4.833191E-1,1.9511617E0,-6.13367E-1,-1.4786987E-1],"categories":[],"categories_nodes":[],"categories_segments":[],"categories_sizes":[],"default_left":[0,0,0,0,0,0,0,0,0],"id":14,"left_children":[1,3,5,-1,7,-1,-1,-1,-1],"loss_changes":[1.7702073E3,8.0273865E1,2.597705E1,0E0,4.034149E0,0E0,0E0,0E0,0E0],"parents":[2147483647,0,0,1,1,2,2,4,4],"right_children":[2,4,6,-1,8,-1,-1,-1,-1],"split_conditions":[8.021026E-1,1.0024786E-1,8.954825E-1,-1.58122E0,4.996103E-1,4.833191E-1,1.9511617E0,-6.13367E-1,-1.4786987E-1],"split_indices":[0,0,0,0,0,0,0,0,0],"split_type":[0,0,0,0,0,0,0,0,0],"sum_hessian":[9E0,6E0,3E0,1E0,5E0,1E0,2E0,4E0,1E0],"tree_param":{"num_deleted":"0","num_feature":"2","num_nodes":"9","size_leaf_vector":"1"}},{"base_weights":[2.7480048E-1,-8.723942E0,1.5953899E1,-1.502159E0,-5.170736E0,4.59153E-1,1.8210846E0,-5.642978E-1,-1.4047623E-1],"categories":[],"categories_nodes":[],"categories_segments":[],"categories_sizes":[],"default_left":[0,0,0,0,0,0,0,0,0],"id":15,"left_children":[1,3,5,-1,7,-1,-1,-1,-1],"loss_changes":[1.5501025E3,7.896521E1,1.8961365E1,0E0,2.7436676E0,0E0,0E0,0E0,0E0],"parents":[2147483647,0,0,1,1,2,2,4,4],"right_children":[2,4,6,-1,8,-1,-1,-1,-1],"split_conditions":[8.021026E-1,1.0024786E-1,8.954825E-1,-1.502159E0,4.996103E-1,4.59153E-1,1.8210846E0,-5.642978E-1,-1.4047623E-1],"split_indices":[0,0,0,0,0,0,0,0,0],"split_type":[0,0,0,0,0,0,0,0,0],"sum_hessian":[9E0,6E0,3E0,1E0,5E0,1E0,2E0,4E0,1E0],"tree_param":{"num_deleted":"0","num_feature":"2","num_nodes":"9","size_leaf_vector":"1"}},{"base_weights":[2.546505E-1,-8.166822E0,1.4928566E1,-1.427051E0,-4.7711234E0,4.3619537E-1,1.6996787E0,-5.191538E-1,-1.3345261E-1],"categories":[],"categories_nodes":[],"categories_segments":[],"categories_sizes":[],"default_left":[0,0,0,0,0,0,0,0,0],"id":16,"left_children":[1,3,5,-1,7,-1,-1,-1,-1],"loss_changes":[1.3576788E3,7.699765E1,1.32771E1,0E0,1.740509E0,0E0,0E0,0E0,0E0],"parents":[2147483647,0,0,1,1,2,2,4,4],"right_children":[2,4,6,-1,8,-1,-1,-1,-1],"split_conditions":[8.021026E-1,1.0024786E-1,8.954825E-1,-1.427051E0,4.996103E-1,4.3619537E-1,1.6996787E0,-5.191538E-1,-1.3345261E-1],"split_indices":[0,0,0,0,0,0,0,0,0],"split_type":[0,0,0,0,0,0,0,0,0],"sum_hessian":[9E0,6E0,3E0,1E0,5E0,1E0,2E0,4E0,1E0],"tree_param":{"num_deleted":"0","num_feature":"2","num_nodes":"9","size_leaf_vector":"1"}},{"base_weights":[2.3480949E-1,-7.6472325E0,1.3969681E1,-1.3556986E0,-4.4027762E0,4.14386E-1,1.5863668E0,-4.7762117E-1,-1.2677994E-1],"categories":[],"categories_nodes":[],"categories_segments":[],"categories_sizes":[],"default_left":[0,0,0,0,0,0,0,0,0],"id":17,"left_children":[1,3,5,-1,7,-1,-1,-1,-1],"loss_changes":[1.1894176E3,7.4529205E1,8.703064E0,0E0,9.6900177E-1,0E0,0E0,0E0,0E0],"parents":[2147483647,0,0,1,1,2,2,4,4],"right_children":[2,4,6,-1,8,-1,-1,-1,-1],"split_conditions":[8.021026E-1,1.0024786E-1,8.954825E-1,-1.3556986E0,4.996103E-1,4.14386E-1,1.5863668E0,-4.7762117E-1,-1.2677994E-1],"split_indices":[0,0,0,0,0,0,0,0,0],"split_type":[0,0,0,0,0,0,0,0,0],"sum_hessian":[9E0,6E0,3E0,1E0,5E0,1E0,2E0,4E0,1E0],"tree_param":{"num_deleted":"0","num_feature":"2","num_nodes":"9","size_leaf_vector":"1"}},{"base_weights":[2.1539497E-1,-7.162523E0,1.3072903E1,-1.2879137E0,-4.063231E0,6.027491E-1,1.7104568E0,-4.394113E-1,-1.2044106E-1],"categories":[],"categories_nodes":[],"categories_segments":[],"categories_sizes":[],"default_left":[0,0,0,0,0,0,0,0,0],"id":18,"left_children":[1,3,5,-1,7,-1,-1,-1,-1],"loss_changes":[1.0422513E3,7.1691284E1,1.0521301E1,0E0,3.832779E-1,0E0,0E0,0E0,0E0],"parents":[2147483647,0,0,1,1,2,2,4,4],"right_children":[2,4,6,-1,8,-1,-1,-1,-1],"split_conditions":[8.021026E-1,1.0024786E-1,1E0,-1.2879137E0,4.996103E-1,6.027491E-1,1.7104568E0,-4.394113E-1,-1.2044106E-1],"split_indices":[0,0,0,0,0,0,0,0,0],"split_type":[0,0,0,0,0,0,0,0,0],"sum_hessian":[9E0,6E0,3E0,1E0,5E0,2E0,1E0,4E0,1E0],"tree_param":{"num_deleted":"0","num_feature":"2","num_nodes":"9","size_leaf_vector":"1"}},{"base_weights":[2.4040031E-1,-6.710236E0,1.2343914E1,-1.2235183E0,-3.750215E-1,5.625656E-1,1.6249344E0],"categories":[],"categories_nodes":[],"categories_segments":[],"categories_sizes":[],"default_left":[0,0,0,0,0,0,0],"id":19,"left_children":[1,3,5,-1,-1,-1,-1],"loss_changes":[9.2410175E2,6.859314E1,1.3537537E1,0E0,0E0,0E0,0E0],"parents":[2147483647,0,0,1,1,2,2],"right_children":[2,4,6,-1,-1,-1,-1],"split_conditions":[8.021026E-1,1.0024786E-1,1E0,-1.2235183E0,-3.750215E-1,5.625656E-1,1.6249344E0],"split_indices":[0,0,0,0,0,0,0],"split_type":[0,0,0,0,0,0,0],"sum_hessian":[9E0,6E0,3E0,1E0,5E0,2E0,1E0],"tree_param":{"num_deleted":"0","num_feature":"2","num_nodes":"7","size_leaf_vector":"1"}},{"base_weights":[2.752575E-1,-6.2675743E0,1.1656399E1,-1.1623423E0,-3.4376957E0,5.2506155E-1,1.5436875E0,-3.7425628E-1,-9.566803E-2],"categories":[],"categories_nodes":[],"categories_segments":[],"categories_sizes":[],"default_left":[0,0,0,0,0,0,0,0,0],"id":20,"left_children":[1,3,5,-1,7,-1,-1,-1,-1],"loss_changes":[8.1770624E2,6.6137024E1,1.5814575E1,0E0,9.578476E-1,0E0,0E0,0E0,0E0],"parents":[2147483647,0,0,1,1,2,2,4,4],"right_children":[2,4,6,-1,8,-1,-1,-1,-1],"split_conditions":[8.021026E-1,1.0024786E-1,1E0,-1.1623423E0,4.996103E-1,5.2506155E-1,1.5436875E0,-3.7425628E-1,-9.566803E-2],"split_indices":[0,0,0,0,0,0,0,0,0],"split_type":[0,0,0,0,0,0,0,0,0],"sum_hessian":[9E0,6E0,3E0,1E0,5E0,2E0,1E0,4E0,1E0],"tree_param":{"num_deleted":"0","num_feature":"2","num_nodes":"9","size_leaf_vector":"1"}},{"base_weights":[2.9138297E-1,-5.873996E0,1.100795E1,-1.104225E0,-3.172245E0,4.9005792E-1,1.4665031E0,-3.443155E-1,-9.088478E-2],"categories":[],"categories_nodes":[],"categories_segments":[],"categories_sizes":[],"default_left":[0,0,0,0,0,0,0,0,0],"id":21,"left_children":[1,3,5,-1,7,-1,-1,-1,-1],"loss_changes":[7.253775E2,6.271463E1,1.747348E1,0E0,5.497589E-1,0E0,0E0,0E0,0E0],"parents":[2147483647,0,0,1,1,2,2,4,4],"right_children":[2,4,6,-1,8,-1,-1,-1,-1],"split_conditions":[8.021026E-1,1.0024786E-1,1E0,-1.104225E0,4.996103E-1,4.9005792E-1,1.4665031E0,-3.443155E-1,-9.088478E-2],"split_indices":[0,0,0,0,0,0,0,0,0],"split_type":[0,0,0,0,0,0,0,0,0],"sum_hessian":[9E0,6E0,3E0,1E0,5E0,2E0,1E0,4E0,1E0],"tree_param":{"num_deleted":"0","num_feature":"2","num_nodes":"9","size_leaf_vector":"1"}},{"base_weights":[3.039585E-1,-5.506515E0,1.0396297E1,-1.0490137E0,-2.927555E0,4.5738778E-1,1.3931779E0,-3.1677032E-1,-8.634072E-2],"categories":[],"categories_nodes":[],"categories_segments":[],"categories_sizes":[],"default_left":[0,0,0,0,0,0,0,0,0],"id":22,"left_children":[1,3,5,-1,7,-1,-1,-1,-1],"loss_changes":[6.436601E2,5.9257477E1,1.861795E1,0E0,2.3918915E-1,0E0,0E0,0E0,0E0],"parents":[2147483647,0,0,1,1,2,2,4,4],"right_children":[2,4,6,-1,8,-1,-1,-1,-1],"split_conditions":[8.021026E-1,1.0024786E-1,1E0,-1.0490137E0,4.996103E-1,4.5738778E-1,1.3931779E0,-3.1677032E-1,-8.634072E-2],"split_indices":[0,0,0,0,0,0,0,0,0],"split_type":[0,0,0,0,0,0,0,0,0],"sum_hessian":[9E0,6E0,3E0,1E0,5E0,2E0,1E0,4E0,1E0],"tree_param":{"num_deleted":"0","num_feature":"2","num_nodes":"9","size_leaf_vector":"1"}},{"base_weights":[3.1340903E-1,-5.1633086E0,9.819313E0,-9.9656314E-1,-2.7019832E0,4.2689568E-1,1.3235191E0,-3.141098E-1,-1.2158356E-1],"categories":[],"categories_nodes":[],"categories_segments":[],"categories_sizes":[],"default_left":[0,0,0,0,0,0,0,0,0],"id":23,"left_children":[1,3,5,-1,7,-1,-1,-1,-1],"loss_changes":[5.713117E2,5.58136E1,1.9336914E1,0E0,9.648132E-2,0E0,0E0,0E0,0E0],"parents":[2147483647,0,0,1,1,2,2,4,4],"right_children":[2,4,6,-1,8,-1,-1,-1,-1],"split_conditions":[8.021026E-1,1.0024786E-1,1E0,-9.9656314E-1,3.994956E-1,4.2689568E-1,1.3235191E0,-3.141098E-1,-1.2158356E-1],"split_indices":[0,0,0,0,0,0,0,0,0],"split_type":[0,0,0,0,0,0,0,0,0],"sum_hessian":[9E0,6E0,3E0,1E0,5E0,2E0,1E0,3E0,2E0],"tree_param":{"num_deleted":"0","num_feature":"2","num_nodes":"9","size_leaf_vector":"1"}},{"base_weights":[3.1388435E-1,-4.851586E0,9.274986E0,-9.4673485E-1,-2.504401E0,3.9843598E-1,1.2573433E0,-2.701503E-1,-7.594452E-2],"categories":[],"categories_nodes":[],"categories_segments":[],"categories_sizes":[],"default_left":[0,0,0,0,0,0,0,0,0],"id":24,"left_children":[1,3,5,-1,7,-1,-1,-1,-1],"loss_changes":[5.0788147E2,5.212828E1,1.970633E1,0E0,1.1962891E-2,0E0,0E0,0E0,0E0],"parents":[2147483647,0,0,1,1,2,2,4,4],"right_children":[2,4,6,-1,8,-1,-1,-1,-1],"split_conditions":[8.021026E-1,1.0024786E-1,1E0,-9.4673485E-1,4.996103E-1,3.9843598E-1,1.2573433E0,-2.701503E-1,-7.594452E-2],"split_indices":[0,0,0,0,0,0,0,0,0],"split_type":[0,0,0,0,0,0,0,0,0],"sum_hessian":[9E0,6E0,3E0,1E0,5E0,2E0,1E0,4E0,1E0],"tree_param":{"num_deleted":"0","num_feature":"2","num_nodes":"9","size_leaf_vector":"1"}},{"base_weights":[3.1879005E-1,-4.5511184E0,8.761433E0,-8.9939827E-1,-2.3116443E0,3.7187347E-1,1.1944764E0,-2.7029037E-1,-1.0194168E-1],"categories":[],"categories_nodes":[],"categories_segments":[],"categories_sizes":[],"default_left":[0,0,0,0,0,0,0,0,0],"id":25,"left_children":[1,3,5,-1,7,-1,-1,-1,-1],"loss_changes":[4.510233E2,4.8856873E1,1.9790894E1,0E0,2.781906E-1,0E0,0E0,0E0,0E0],"parents":[2147483647,0,0,1,1,2,2,4,4],"right_children":[2,4,6,-1,8,-1,-1,-1,-1],"split_conditions":[8.021026E-1,1.0024786E-1,1E0,-8.9939827E-1,3.994956E-1,3.7187347E-1,1.1944764E0,-2.7029037E-1,-1.0194168E-1],"split_indices":[0,0,0,0,0,0,0,0,0],"split_type":[0,0,0,0,0,0,0,0,0],"sum_hessian":[9E0,6E0,3E0,1E0,5E0,2E0,1E0,3E0,2E0],"tree_param":{"num_deleted":"0","num_feature":"2","num_nodes":"9","size_leaf_vector":"1"}},{"base_weights":[3.1638527E-1,-4.2776656E0,8.276878E0,-8.544283E-1,-2.142516E0,3.4708202E-1,1.1347526E0,-2.7225164E-1,-1.1718865E-1],"categories":[],"categories_nodes":[],"categories_segments":[],"categories_sizes":[],"default_left":[0,0,0,0,0,0,0,0,0],"id":26,"left_children":[1,3,5,-1,7,-1,-1,-1,-1],"loss_changes":[4.0111484E2,4.5462814E1,1.964563E1,0E0,1.8731499E-1,0E0,0E0,0E0,0E0],"parents":[2147483647,0,0,1,1,2,2,4,4],"right_children":[2,4,6,-1,8,-1,-1,-1,-1],"split_conditions":[8.021026E-1,1.0024786E-1,1E0,-8.544283E-1,3.019421E-1,3.4708202E-1,1.1347526E0,-2.7225164E-1,-1.1718865E-1],"split_indices":[0,0,0,0,0,0,0,0,0],"split_type":[0,0,0,0,0,0,0,0,0],"sum_hessian":[9E0,6E0,3E0,1E0,5E0,2E0,1E0,2E0,3E0],"tree_param":{"num_deleted":"0","num_feature":"2","num_nodes":"9","size_leaf_vector":"1"}},{"base_weights":[3.085453E-1,-4.027594E0,7.8196526E0,-8.117067E-1,-1.9931704E0,3.239436E-1,1.0780152E0,-2.3347588E-1,-8.733292E-2],"categories":[],"categories_nodes":[],"categories_segments":[],"categories_sizes":[],"default_left":[0,0,0,0,0,0,0,0,0],"id":27,"left_children":[1,3,5,-1,7,-1,-1,-1,-1],"loss_changes":[3.5718646E2,4.2059334E1,1.9317291E1,0E0,2.5613403E-1,0E0,0E0,0E0,0E0],"parents":[2147483647,0,0,1,1,2,2,4,4],"right_children":[2,4,6,-1,8,-1,-1,-1,-1],"split_conditions":[8.021026E-1,1.0024786E-1,1E0,-8.117067E-1,3.994956E-1,3.239436E-1,1.0780152E0,-2.3347588E-1,-8.733292E-2],"split_indices":[0,0,0,0,0,0,0,0,0],"split_type":[0,0,0,0,0,0,0,0,0],"sum_hessian":[9E0,6E0,3E0,1E0,5E0,2E0,1E0,3E0,2E0],"tree_param":{"num_deleted":"0","num_feature":"2","num_nodes":"9","size_leaf_vector":"1"}},{"base_weights":[3.0463448E-1,-3.7866228E0,7.388176E0,-7.7112144E-1,-1.8473219E0,3.023473E-1,1.0241143E0,-2.3853634E-1,-9.819603E-2],"categories":[],"categories_nodes":[],"categories_segments":[],"categories_sizes":[],"default_left":[0,0,0,0,0,0,0,0,0],"id":28,"left_children":[1,3,5,-1,7,-1,-1,-1,-1],"loss_changes":[3.1778214E2,3.9031647E1,1.8845581E1,0E0,4.5126915E-1,0E0,0E0,0E0,0E0],"parents":[2147483647,0,0,1,1,2,2,4,4],"right_children":[2,4,6,-1,8,-1,-1,-1,-1],"split_conditions":[8.021026E-1,1.0024786E-1,1E0,-7.7112144E-1,3.019421E-1,3.023473E-1,1.0241143E0,-2.3853634E-1,-9.819603E-2],"split_indices":[0,0,0,0,0,0,0,0,0],"split_type":[0,0,0,0,0,0,0,0,0],"sum_hessian":[9E0,6E0,3E0,1E0,5E0,2E0,1E0,2E0,3E0],"tree_param":{"num_deleted":"0","num_feature":"2","num_nodes":"9","size_leaf_vector":"1"}},{"base_weights":[2.9603082E-1,-3.5662258E0,6.9809723E0,-7.325655E-1,-1.7187119E0,2.8219044E-1,9.729088E-1,-2.2263412E-1,-9.083118E-2],"categories":[],"categories_nodes":[],"categories_segments":[],"categories_sizes":[],"default_left":[0,0,0,0,0,0,0,0,0],"id":29,"left_children":[1,3,5,-1,7,-1,-1,-1,-1],"loss_changes":[2.8308533E2,3.6028503E1,1.826384E1,0E0,4.4608688E-1,0E0,0E0,0E0,0E0],"parents":[2147483647,0,0,1,1,2,2,4,4],"right_children":[2,4,6,-1,8,-1,-1,-1,-1],"split_conditions":[8.021026E-1,1.0024786E-1,1E0,-7.325655E-1,3.019421E-1,2.8219044E-1,9.729088E-1,-2.2263412E-1,-9.083118E-2],"split_indices":[0,0,0,0,0,0,0,0,0],"split_type":[0,0,0,0,0,0,0,0,0],"sum_hessian":[9E0,6E0,3E0,1E0,5E0,2E0,1E0,2E0,3E0],"tree_param":{"num_deleted":"0","num_feature":"2","num_nodes":"9","size_leaf_vector":"1"}},{"base_weights":[2.8733176E-1,-3.3590376E0,6.5966454E0,-6.9593716E-1,-1.5990868E0,2.633774E-1,9.24263E-1,-2.0779191E-1,-8.401909E-2],"categories":[],"categories_nodes":[],"categories_segments":[],"categories_sizes":[],"default_left":[0,0,0,0,0,0,0,0,0],"id":30,"left_children":[1,3,5,-1,7,-1,-1,-1,-1],"loss_changes":[2.5221927E2,3.3226234E1,1.7599777E1,0E0,4.3445396E-1,0E0,0E0,0E0,0E0],"parents":[2147483647,0,0,1,1,2,2,4,4],"right_children":[2,4,6,-1,8,-1,-1,-1,-1],"split_conditions":[8.021026E-1,1.0024786E-1,1E0,-6.9593716E-1,3.019421E-1,2.633774E-1,9.24263E-1,-2.0779191E-1,-8.401909E-2],"split_indices":[0,0,0,0,0,0,0,0,0],"split_type":[0,0,0,0,0,0,0,0,0],"sum_hessian":[9E0,6E0,3E0,1E0,5E0,2E0,1E0,2E0,3E0],"tree_param":{"num_deleted":"0","num_feature":"2","num_nodes":"9","size_leaf_vector":"1"}},{"base_weights":[2.7858925E-1,-3.1642385E0,6.2338905E0,-6.6114026E-1,-1.4878107E0,2.458186E-1,8.7805027E-1,-1.9393896E-1,-7.77174E-2],"categories":[],"categories_nodes":[],"categories_segments":[],"categories_sizes":[],"default_left":[0,0,0,0,0,0,0,0,0],"id":31,"left_children":[1,3,5,-1,7,-1,-1,-1,-1],"loss_changes":[2.2475629E2,3.0615936E1,1.6876907E1,0E0,4.1820717E-1,0E0,0E0,0E0,0E0],"parents":[2147483647,0,0,1,1,2,2,4,4],"right_children":[2,4,6,-1,8,-1,-1,-1,-1],"split_conditions":[8.021026E-1,1.0024786E-1,1E0,-6.6114026E-1,3.019421E-1,2.458186E-1,8.7805027E-1,-1.9393896E-1,-7.77174E-2],"split_indices":[0,0,0,0,0,0,0,0,0],"split_type":[0,0,0,0,0,0,0,0,0],"sum_hessian":[9E0,6E0,3E0,1E0,5E0,2E0,1E0,2E0,3E0],"tree_param":{"num_deleted":"0","num_feature":"2","num_nodes":"9","size_leaf_vector":"1"}},{"base_weights":[2.6983833E-1,-2.9810698E0,5.891468E0,-6.280832E-1,-1.384304E0,2.2943066E-1,8.3414763E-1,-1.8100968E-1,-7.188835E-2],"categories":[],"categories_nodes":[],"categories_segments":[],"categories_sizes":[],"default_left":[0,0,0,0,0,0,0,0,0],"id":32,"left_children":[1,3,5,-1,7,-1,-1,-1,-1],"loss_changes":[2.003169E2,2.8188053E1,1.6114395E1,0E0,3.987379E-1,0E0,0E0,0E0,0E0],"parents":[2147483647,0,0,1,1,2,2,4,4],"right_children":[2,4,6,-1,8,-1,-1,-1,-1],"split_conditions":[8.021026E-1,1.0024786E-1,1E0,-6.280832E-1,3.019421E-1,2.2943066E-1,8.3414763E-1,-1.8100968E-1,-7.188835E-2],"split_indices":[0,0,0,0,0,0,0,0,0],"split_type":[0,0,0,0,0,0,0,0,0],"sum_hessian":[9E0,6E0,3E0,1E0,5E0,2E0,1E0,2E0,3E0],"tree_param":{"num_deleted":"0","num_feature":"2","num_nodes":"9","size_leaf_vector":"1"}},{"base_weights":[2.6111412E-1,-2.8088167E0,5.5682144E0,-5.9667915E-1,-1.2880224E0,2.1413524E-1,7.9244006E-1,-1.6894251E-1,-6.649647E-2],"categories":[],"categories_nodes":[],"categories_segments":[],"categories_sizes":[],"default_left":[0,0,0,0,0,0,0,0,0],"id":33,"left_children":[1,3,5,-1,7,-1,-1,-1,-1],"loss_changes":[1.785644E2,2.5933044E1,1.5328354E1,0E0,3.7717533E-1,0E0,0E0,0E0,0E0],"parents":[2147483647,0,0,1,1,2,2,4,4],"right_children":[2,4,6,-1,8,-1,-1,-1,-1],"split_conditions":[8.021026E-1,1.0024786E-1,1E0,-5.9667915E-1,3.019421E-1,2.1413524E-1,7.9244006E-1,-1.6894251E-1,-6.649647E-2],"split_indices":[0,0,0,0,0,0,0,0,0],"split_type":[0,0,0,0,0,0,0,0,0],"sum_hessian":[9E0,6E0,3E0,1E0,5E0,2E0,1E0,2E0,3E0],"tree_param":{"num_deleted":"0","num_feature":"2","num_nodes":"9","size_leaf_vector":"1"}},{"base_weights":[2.5244865E-1,-2.6468074E0,5.263035E0,-5.668451E-1,-1.1984583E0,1.9985911E-1,7.528183E-1,-1.576795E-1,-6.1509132E-2],"categories":[],"categories_nodes":[],"categories_segments":[],"categories_sizes":[],"default_left":[0,0,0,0,0,0,0,0,0],"id":34,"left_children":[1,3,5,-1,7,-1,-1,-1,-1],"loss_changes":[1.5919998E2,2.3841362E1,1.4532036E1,0E0,3.5438251E-1,0E0,0E0,0E0,0E0],"parents":[2147483647,0,0,1,1,2,2,4,4],"right_children":[2,4,6,-1,8,-1,-1,-1,-1],"split_conditions":[8.021026E-1,1.0024786E-1,1E0,-5.668451E-1,3.019421E-1,1.9985911E-1,7.528183E-1,-1.576795E-1,-6.1509132E-2],"split_indices":[0,0,0,0,0,0,0,0,0],"split_type":[0,0,0,0,0,0,0,0,0],"sum_hessian":[9E0,6E0,3E0,1E0,5E0,2E0,1E0,2E0,3E0],"tree_param":{"num_deleted":"0","num_feature":"2","num_nodes":"9","size_leaf_vector":"1"}},{"base_weights":[2.4386711E-1,-1.9788499E0,6.089823E-1,-4.5131364E0,-3.8189825E-1,-5.385027E-1,-1.3846779E-1,-7.843033E-2,8.150635E-2],"categories":[],"categories_nodes":[],"categories_segments":[],"categories_sizes":[],"default_left":[0,0,0,0,0,0,0,0,0],"id":35,"left_children":[1,3,-1,5,7,-1,-1,-1,-1],"loss_changes":[1.4198991E2,3.0653507E1,0E0,7.2649E-1,3.5292373E0,0E0,0E0,0E0,0E0],"parents":[2147483647,0,0,1,1,3,3,4,4],"right_children":[2,4,-1,6,8,-1,-1,-1,-1],"split_conditions":[8.954825E-1,1.9832784E-1,6.089823E-1,1.0024786E-1,8.021026E-1,-5.385027E-1,-1.3846779E-1,-7.843033E-2,8.150635E-2],"split_indices":[0,0,0,0,0,0,0,0,0],"split_type":[0,0,0,0,0,0,0,0,0],"sum_hessian":[9E0,7E0,2E0,2E0,5E0,1E0,1E0,4E0,1E0],"tree_param":{"num_deleted":"0","num_feature":"2","num_nodes":"9","size_leaf_vector":"1"}},{"base_weights":[2.1298942E-1,-2.3528905E0,4.650032E0,-5.115774E-1,-1.039781E0,1.6351877E-1,6.8472826E-1,-1.3993785E-1,-5.1013757E-2],"categories":[],"categories_nodes":[],"categories_segments":[],"categories_sizes":[],"default_left":[0,0,0,0,0,0,0,0,0],"id":36,"left_children":[1,3,5,-1,7,-1,-1,-1,-1],"loss_changes":[1.2479021E2,2.0076496E1,1.5300873E1,0E0,4.2887497E-1,0E0,0E0,0E0,0E0],"parents":[2147483647,0,0,1,1,2,2,4,4],"right_children":[2,4,6,-1,8,-1,-1,-1,-1],"split_conditions":[8.021026E-1,1.0024786E-1,1E0,-5.115774E-1,3.019421E-1,1.6351877E-1,6.8472826E-1,-1.3993785E-1,-5.1013757E-2],"split_indices":[0,0,0,0,0,0,0,0,0],"split_type":[0,0,0,0,0,0,0,0,0],"sum_hessian":[9E0,6E0,3E0,1E0,5E0,2E0,1E0,2E0,3E0],"tree_param":{"num_deleted":"0","num_feature":"2","num_nodes":"9","size_leaf_vector":"1"}},{"base_weights":[2.0626259E-1,-1.7675815E0,5.4010925E0,-4.0703087E0,-3.2162094E-1,1.5967178E-1,6.5049213E-1,-4.8599872E-1,-1.2454758E-1,-6.629654E-2,6.925507E-2],"categories":[],"categories_nodes":[],"categories_segments":[],"categories_sizes":[],"default_left":[0,0,0,0,0,0,0,0,0,0,0],"id":37,"left_children":[1,3,5,7,9,-1,-1,-1,-1,-1,-1],"loss_changes":[1.1208471E2,2.5328127E1,2.2116013E0,6.3913345E-1,2.5362282E0,0E0,0E0,0E0,0E0,0E0,0E0],"parents":[2147483647,0,0,1,1,2,2,3,3,4,4],"right_children":[2,4,6,8,10,-1,-1,-1,-1,-1,-1],"split_conditions":[8.954825E-1,1.9832784E-1,1E0,1.0024786E-1,8.021026E-1,1.5967178E-1,6.5049213E-1,-4.8599872E-1,-1.2454758E-1,-6.629654E-2,6.925507E-2],"split_indices":[0,0,0,0,0,0,0,0,0,0,0],"split_type":[0,0,0,0,0,0,0,0,0,0,0],"sum_hessian":[9E0,7E0,2E0,2E0,5E0,1E0,1E0,1E0,1E0,4E0,1E0],"tree_param":{"num_deleted":"0","num_feature":"2","num_nodes":"11","size_leaf_vector":"1"}},{"base_weights":[2.0589486E-1,-1.6667705E0,5.131037E0,-3.866792E0,-2.889646E-1,1.5168838E-1,6.1796725E-1,-4.6169874E-1,-1.18320085E-1,-6.0992587E-2,6.5792084E-2],"categories":[],"categories_nodes":[],"categories_segments":[],"categories_sizes":[],"default_left":[0,0,0,0,0,0,0,0,0,0,0],"id":38,"left_children":[1,3,5,7,9,-1,-1,-1,-1,-1,-1],"loss_changes":[1.007837E2,2.3132256E1,1.9959412E0,5.768242E-1,2.224764E0,0E0,0E0,0E0,0E0,0E0,0E0],"parents":[2147483647,0,0,1,1,2,2,3,3,4,4],"right_children":[2,4,6,8,10,-1,-1,-1,-1,-1,-1],"split_conditions":[8.954825E-1,1.9832784E-1,1E0,1.0024786E-1,8.021026E-1,1.5168838E-1,6.1796725E-1,-4.6169874E-1,-1.18320085E-1,-6.0992587E-2,6.5792084E-2],"split_indices":[0,0,0,0,0,0,0,0,0,0,0],"split_type":[0,0,0,0,0,0,0,0,0,0,0],"sum_hessian":[9E0,7E0,2E0,2E0,5E0,1E0,1E0,1E0,1E0,4E0,1E0],"tree_param":{"num_deleted":"0","num_feature":"2","num_nodes":"11","size_leaf_vector":"1"}},{"base_weights":[2.047474E-1,-1.5719981E0,4.8744864E0,-3.673453E0,-2.59271E-1,1.44104E-1,5.87069E-1,-4.386137E-1,-1.1240425E-1,-5.6113434E-1,6.250229E-2,-6.1914634E-2,-1.6454315E-2],"categories":[],"categories_nodes":[],"categories_segments":[],"categories_sizes":[],"default_left":[0,0,0,0,0,0,0,0,0,0,0,0,0],"id":39,"left_children":[1,3,5,7,9,-1,-1,-1,-1,11,-1,-1,-1],"loss_changes":[9.0632065E1,2.1116673E1,1.8013229E0,5.2056885E-1,1.9523373E0,0E0,0E0,0E0,0E0,1.3159037E-2,0E0,0E0,0E0],"parents":[2147483647,0,0,1,1,2,2,3,3,4,4,9,9],"right_children":[2,4,6,8,10,-1,-1,-1,-1,12,-1,-1,-1],"split_conditions":[8.954825E-1,1.9832784E-1,1E0,1.0024786E-1,8.021026E-1,1.44104E-1,5.87069E-1,-4.386137E-1,-1.1240425E-1,4.996103E-1,6.250229E-2,-6.1914634E-2,-1.6454315E-2],"split_indices":[0,0,0,0,0,0,0,0,0,0,0,0,0],"split_type":[0,0,0,0,0,0,0,0,0,0,0,0,0],"sum_hessian":[9E0,7E0,2E0,2E0,5E0,1E0,1E0,1E0,1E0,4E0,1E0,3E0,1E0],"tree_param":{"num_deleted":"0","num_feature":"2","num_nodes":"13","size_leaf_vector":"1"}},{"base_weights":[2.0070152E-1,-1.4856591E0,4.6307626E0,-3.4897804E0,-2.3598862E-1,1.368988E-1,5.577156E-1,-4.1668302E-1,-1.0678406E-1,-5.206955E-1,5.937729E-2,-5.7271194E-2,-1.5631486E-2],"categories":[],"categories_nodes":[],"categories_segments":[],"categories_sizes":[],"default_left":[0,0,0,0,0,0,0,0,0,0,0,0,0],"id":40,"left_children":[1,3,5,7,9,-1,-1,-1,-1,11,-1,-1,-1],"loss_changes":[8.158654E1,1.9212381E1,1.6257095E0,4.698105E-1,1.7266077E0,0E0,0E0,0E0,0E0,5.2455664E-3,0E0,0E0,0E0],"parents":[2147483647,0,0,1,1,2,2,3,3,4,4,9,9],"right_children":[2,4,6,8,10,-1,-1,-1,-1,12,-1,-1,-1],"split_conditions":[8.954825E-1,1.9832784E-1,1E0,1.0024786E-1,8.021026E-1,1.368988E-1,5.577156E-1,-4.1668302E-1,-1.0678406E-1,4.996103E-1,5.937729E-2,-5.7271194E-2,-1.5631486E-2],"split_indices":[0,0,0,0,0,0,0,0,0,0,0,0,0],"split_type":[0,0,0,0,0,0,0,0,0,0,0,0,0],"sum_hessian":[9E0,7E0,2E0,2E0,5E0,1E0,1E0,1E0,1E0,4E0,1E0,3E0,1E0],"tree_param":{"num_deleted":"0","num_feature":"2","num_nodes":"13","size_leaf_vector":"1"}},{"base_weights":[1.9639473E-1,-1.4042163E0,4.3992257E0,-3.3152936E0,-2.1464157E-1,1.3005371E-1,5.2983016E-1,-3.9584905E-1,-1.0144501E-1,-4.832047E-2,5.6408692E-2],"categories":[],"categories_nodes":[],"categories_segments":[],"categories_sizes":[],"default_left":[0,0,0,0,0,0,0,0,0,0,0],"id":41,"left_children":[1,3,5,7,9,-1,-1,-1,-1,-1,-1],"loss_changes":[7.344844E1,1.7475353E1,1.4672279E0,4.2399597E-1,1.5273957E0,0E0,0E0,0E0,0E0,0E0,0E0],"parents":[2147483647,0,0,1,1,2,2,3,3,4,4],"right_children":[2,4,6,8,10,-1,-1,-1,-1,-1,-1],"split_conditions":[8.954825E-1,1.9832784E-1,1E0,1.0024786E-1,8.021026E-1,1.3005371E-1,5.2983016E-1,-3.9584905E-1,-1.0144501E-1,-4.832047E-2,5.6408692E-2],"split_indices":[0,0,0,0,0,0,0,0,0,0,0],"split_type":[0,0,0,0,0,0,0,0,0,0,0],"sum_hessian":[9E0,7E0,2E0,2E0,5E0,1E0,1E0,1E0,1E0,4E0,1E0],"tree_param":{"num_deleted":"0","num_feature":"2","num_nodes":"11","size_leaf_vector":"1"}},{"base_weights":[1.9382171E-1,-1.3249474E0,4.1792655E0,-3.1495285E0,-1.9183223E-1,1.2355118E-1,5.0333863E-1,-3.7605667E-1,-9.6372604E-2,-4.4455108E-1,5.3588104E-2,-5.4671224E-2,-1.9420624E-2],"categories":[],"categories_nodes":[],"categories_segments":[],"categories_sizes":[],"default_left":[0,0,0,0,0,0,0,0,0,0,0,0,0],"id":42,"left_children":[1,3,5,7,9,-1,-1,-1,-1,11,-1,-1,-1],"loss_changes":[6.6066986E1,1.5935503E1,1.3241539E0,3.8267136E-1,1.3416678E0,0E0,0E0,0E0,0E0,2.1702588E-2,0E0,0E0,0E0],"parents":[2147483647,0,0,1,1,2,2,3,3,4,4,9,9],"right_children":[2,4,6,8,10,-1,-1,-1,-1,12,-1,-1,-1],"split_conditions":[8.954825E-1,1.9832784E-1,1E0,1.0024786E-1,8.021026E-1,1.2355118E-1,5.0333863E-1,-3.7605667E-1,-9.6372604E-2,3.994956E-1,5.3588104E-2,-5.4671224E-2,-1.9420624E-2],"split_indices":[0,0,0,0,0,0,0,0,0,0,0,0,0],"split_type":[0,0,0,0,0,0,0,0,0,0,0,0,0],"sum_hessian":[9E0,7E0,2E0,2E0,5E0,1E0,1E0,1E0,1E0,4E0,1E0,2E0,2E0],"tree_param":{"num_deleted":"0","num_feature":"2","num_nodes":"13","size_leaf_vector":"1"}},{"base_weights":[1.878353E-1,-1.2540689E0,3.9703014E0,-2.9920514E0,-1.7606609E-1,1.1737366E-1,4.7817156E-1,-3.5725385E-1,-9.155388E-2,-4.1491395E-1,5.0908662E-2,-5.102641E-2,-1.8125916E-2],"categories":[],"categories_nodes":[],"categories_segments":[],"categories_sizes":[],"default_left":[0,0,0,0,0,0,0,0,0,0,0,0,0],"id":43,"left_children":[1,3,5,7,9,-1,-1,-1,-1,11,-1,-1,-1],"loss_changes":[5.9518562E1,1.4461602E1,1.1950417E0,3.4536552E-1,1.1931107E0,0E0,0E0,0E0,0E0,1.8904984E-2,0E0,0E0,0E0],"parents":[2147483647,0,0,1,1,2,2,3,3,4,4,9,9],"right_children":[2,4,6,8,10,-1,-1,-1,-1,12,-1,-1,-1],"split_conditions":[8.954825E-1,1.9832784E-1,1E0,1.0024786E-1,8.021026E-1,1.1737366E-1,4.7817156E-1,-3.5725385E-1,-9.155388E-2,3.994956E-1,5.0908662E-2,-5.102641E-2,-1.8125916E-2],"split_indices":[0,0,0,0,0,0,0,0,0,0,0,0,0],"split_type":[0,0,0,0,0,0,0,0,0,0,0,0,0],"sum_hessian":[9E0,7E0,2E0,2E0,5E0,1E0,1E0,1E0,1E0,4E0,1E0,2E0,2E0],"tree_param":{"num_deleted":"0","num_feature":"2","num_nodes":"13","size_leaf_vector":"1"}},{"base_weights":[1.8190269E-1,-1.1870427E0,3.7717896E0,-2.8424492E0,-1.6149902E-1,1.1150513E-1,4.542633E-1,-3.3939114E-1,-8.6976245E-2,-3.872528E-1,4.8363496E-2,-4.3128204E-2,-1.0556794E-2],"categories":[],"categories_nodes":[],"categories_segments":[],"categories_sizes":[],"default_left":[0,0,0,0,0,0,0,0,0,0,0,0,0],"id":44,"left_children":[1,3,5,7,9,-1,-1,-1,-1,11,-1,-1,-1],"loss_changes":[5.3620865E1,1.3122483E1,1.0785217E0,3.1168938E-1,1.0611376E0,0E0,0E0,0E0,0E0,1.6482294E-2,0E0,0E0,0E0],"parents":[2147483647,0,0,1,1,2,2,3,3,4,4,9,9],"right_children":[2,4,6,8,10,-1,-1,-1,-1,12,-1,-1,-1],"split_conditions":[8.954825E-1,1.9832784E-1,1E0,1.0024786E-1,8.021026E-1,1.1150513E-1,4.542633E-1,-3.3939114E-1,-8.6976245E-2,4.996103E-1,4.8363496E-2,-4.3128204E-2,-1.0556794E-2],"split_indices":[0,0,0,0,0,0,0,0,0,0,0,0,0],"split_type":[0,0,0,0,0,0,0,0,0,0,0,0,0],"sum_hessian":[9E0,7E0,2E0,2E0,5E0,1E0,1E0,1E0,1E0,4E0,1E0,3E0,1E0],"tree_param":{"num_deleted":"0","num_feature":"2","num_nodes":"13","size_leaf_vector":"1"}},{"base_weights":[1.7711869E-1,-1.1223001E0,3.583196E0,-2.7003276E0,-1.4623642E-1,1.0592957E-1,4.3154985E-1,-3.2242164E-1,-8.262749E-2,-3.592636E-1,4.5944978E-2,-4.474945E-2,-1.5127818E-2],"categories":[],"categories_nodes":[],"categories_segments":[],"categories_sizes":[],"default_left":[0,0,0,0,0,0,0,0,0,0,0,0,0],"id":45,"left_children":[1,3,5,7,9,-1,-1,-1,-1,11,-1,-1,-1],"loss_changes":[4.8280632E1,1.1927157E1,9.7338486E-1,2.8129578E-1,9.3922937E-1,0E0,0E0,0E0,0E0,2.4057508E-2,0E0,0E0,0E0],"parents":[2147483647,0,0,1,1,2,2,3,3,4,4,9,9],"right_children":[2,4,6,8,10,-1,-1,-1,-1,12,-1,-1,-1],"split_conditions":[8.954825E-1,1.9832784E-1,1E0,1.0024786E-1,8.021026E-1,1.0592957E-1,4.3154985E-1,-3.2242164E-1,-8.262749E-2,3.994956E-1,4.5944978E-2,-4.474945E-2,-1.5127818E-2],"split_indices":[0,0,0,0,0,0,0,0,0,0,0,0,0],"split_type":[0,0,0,0,0,0,0,0,0,0,0,0,0],"sum_hessian":[9E0,7E0,2E0,2E0,5E0,1E0,1E0,1E0,1E0,4E0,1E0,2E0,2E0],"tree_param":{"num_deleted":"0","num_feature":"2","num_nodes":"13","size_leaf_vector":"1"}},{"base_weights":[1.7125663E-1,-1.0624433E0,3.4040375E0,-2.5653114E0,-1.3393529E-1,1.0063324E-1,4.099724E-1,-3.0630055E-1,-7.849617E-2,-3.353134E-1,4.3647766E-2,-4.1766357E-2,-1.41192125E-2],"categories":[],"categories_nodes":[],"categories_segments":[],"categories_sizes":[],"default_left":[0,0,0,0,0,0,0,0,0,0,0,0,0],"id":46,"left_children":[1,3,5,7,9,-1,-1,-1,-1,11,-1,-1,-1],"loss_changes":[4.349941E1,1.0819814E1,8.7846756E-1,2.538681E-1,8.355689E-1,0E0,0E0,0E0,0E0,2.095884E-2,0E0,0E0,0E0],"parents":[2147483647,0,0,1,1,2,2,3,3,4,4,9,9],"right_children":[2,4,6,8,10,-1,-1,-1,-1,12,-1,-1,-1],"split_conditions":[8.954825E-1,1.9832784E-1,1E0,1.0024786E-1,8.021026E-1,1.0063324E-1,4.099724E-1,-3.0630055E-1,-7.849617E-2,3.994956E-1,4.3647766E-2,-4.1766357E-2,-1.41192125E-2],"split_indices":[0,0,0,0,0,0,0,0,0,0,0,0,0],"split_type":[0,0,0,0,0,0,0,0,0,0,0,0,0],"sum_hessian":[9E0,7E0,2E0,2E0,5E0,1E0,1E0,1E0,1E0,4E0,1E0,2E0,2E0],"tree_param":{"num_deleted":"0","num_feature":"2","num_nodes":"13","size_leaf_vector":"1"}},{"base_weights":[1.654892E-1,-1.005827E0,3.233836E0,-2.4370449E0,-1.2258021E-1,9.5601656E-2,3.8947374E-1,-2.909855E-1,-7.457123E-2,-3.1295928E-1,4.146576E-2,-4.4858932E-2,-1.6690446E-2],"categories":[],"categories_nodes":[],"categories_segments":[],"categories_sizes":[],"default_left":[0,0,0,0,0,0,0,0,0,0,0,0,0],"id":47,"left_children":[1,3,5,7,9,-1,-1,-1,-1,11,-1,-1,-1],"loss_changes":[3.919272E1,9.814214E0,7.928066E-1,2.2912216E-1,7.4344397E-1,0E0,0E0,0E0,0E0,2.4175555E-2,0E0,0E0,0E0],"parents":[2147483647,0,0,1,1,2,2,3,3,4,4,9,9],"right_children":[2,4,6,8,10,-1,-1,-1,-1,12,-1,-1,-1],"split_conditions":[8.954825E-1,1.9832784E-1,1E0,1.0024786E-1,8.021026E-1,9.5601656E-2,3.8947374E-1,-2.909855E-1,-7.457123E-2,3.019421E-1,4.146576E-2,-4.4858932E-2,-1.6690446E-2],"split_indices":[0,0,0,0,0,0,0,0,0,0,0,0,0],"split_type":[0,0,0,0,0,0,0,0,0,0,0,0,0],"sum_hessian":[9E0,7E0,2E0,2E0,5E0,1E0,1E0,1E0,1E0,4E0,1E0,1E0,3E0],"tree_param":{"num_deleted":"0","num_feature":"2","num_nodes":"13","size_leaf_vector":"1"}},{"base_weights":[1.5888366E-1,-9.5344925E-1,3.0721436E0,-2.3151932E0,-1.13669075E-1,9.082184E-2,3.699997E-1,-2.7643624E-1,-7.084274E-2,-2.9397124E-1,3.939209E-2,-4.261589E-2,-1.5438462E-2],"categories":[],"categories_nodes":[],"categories_segments":[],"categories_sizes":[],"default_left":[0,0,0,0,0,0,0,0,0,0,0,0,0],"id":48,"left_children":[1,3,5,7,9,-1,-1,-1,-1,11,-1,-1,-1],"loss_changes":[3.5334282E1,8.885359E0,7.15477E-1,2.0677948E-1,6.649189E-1,0E0,0E0,0E0,0E0,2.6465803E-2,0E0,0E0,0E0],"parents":[2147483647,0,0,1,1,2,2,3,3,4,4,9,9],"right_children":[2,4,6,8,10,-1,-1,-1,-1,12,-1,-1,-1],"split_conditions":[8.954825E-1,1.9832784E-1,1E0,1.0024786E-1,8.021026E-1,9.082184E-2,3.699997E-1,-2.7643624E-1,-7.084274E-2,3.019421E-1,3.939209E-2,-4.261589E-2,-1.5438462E-2],"split_indices":[0,0,0,0,0,0,0,0,0,0,0,0,0],"split_type":[0,0,0,0,0,0,0,0,0,0,0,0,0],"sum_hessian":[9E0,7E0,2E0,2E0,5E0,1E0,1E0,1E0,1E0,4E0,1E0,1E0,3E0],"tree_param":{"num_deleted":"0","num_feature":"2","num_nodes":"13","size_leaf_vector":"1"}},{"base_weights":[1.524849E-1,-9.038458E-1,2.9185383E0,-2.1994324E0,-1.0541153E-1,8.628082E-2,3.5149994E-1,-2.6261446E-1,-6.730042E-2,-2.7618256E-1,3.742218E-2,-4.0485002E-2,-1.4280319E-2],"categories":[],"categories_nodes":[],"categories_segments":[],"categories_sizes":[],"default_left":[0,0,0,0,0,0,0,0,0,0,0,0,0],"id":49,"left_children":[1,3,5,7,9,-1,-1,-1,-1,11,-1,-1,-1],"loss_changes":[3.1856579E1,8.04368E0,6.457195E-1,1.8663025E-1,5.947984E-1,0E0,0E0,0E0,0E0,2.7994066E-2,0E0,0E0,0E0],"parents":[2147483647,0,0,1,1,2,2,3,3,4,4,9,9],"right_children":[2,4,6,8,10,-1,-1,-1,-1,12,-1,-1,-1],"split_conditions":[8.954825E-1,1.9832784E-1,1E0,1.0024786E-1,8.021026E-1,8.628082E-2,3.5149994E-1,-2.6261446E-1,-6.730042E-2,3.019421E-1,3.742218E-2,-4.0485002E-2,-1.4280319E-2],"split_indices":[0,0,0,0,0,0,0,0,0,0,0,0,0],"split_type":[0,0,0,0,0,0,0,0,0,0,0,0,0],"sum_hessian":[9E0,7E0,2E0,2E0,5E0,1E0,1E0,1E0,1E0,4E0,1E0,1E0,3E0],"tree_param":{"num_deleted":"0","num_feature":"2","num_nodes":"13","size_leaf_vector":"1"}},{"base_weights":[1.4629021E-1,-8.568673E-1,2.7726135E0,-2.089461E0,-9.775925E-2,8.196717E-2,3.3392486E-1,-2.4948369E-1,-6.393547E-2,-2.595169E-1,3.5551455E-2,-3.846092E-2,-1.3209152E-2],"categories":[],"categories_nodes":[],"categories_segments":[],"categories_sizes":[],"default_left":[0,0,0,0,0,0,0,0,0,0,0,0,0],"id":50,"left_children":[1,3,5,7,9,-1,-1,-1,-1,11,-1,-1,-1],"loss_changes":[2.872192E1,7.281111E0,5.8272934E-1,1.6842842E-1,5.321851E-1,0E0,0E0,0E0,0E0,2.8896093E-2,0E0,0E0,0E0],"parents":[2147483647,0,0,1,1,2,2,3,3,4,4,9,9],"right_children":[2,4,6,8,10,-1,-1,-1,-1,12,-1,-1,-1],"split_conditions":[8.954825E-1,1.9832784E-1,1E0,1.0024786E-1,8.021026E-1,8.196717E-2,3.3392486E-1,-2.4948369E-1,-6.393547E-2,3.019421E-1,3.5551455E-2,-3.846092E-2,-1.3209152E-2],"split_indices":[0,0,0,0,0,0,0,0,0,0,0,0,0],"split_type":[0,0,0,0,0,0,0,0,0,0,0,0,0],"sum_hessian":[9E0,7E0,2E0,2E0,5E0,1E0,1E0,1E0,1E0,4E0,1E0,1E0,3E0],"tree_param":{"num_deleted":"0","num_feature":"2","num_nodes":"13","size_leaf_vector":"1"}},{"base_weights":[1.4029542E-1,-8.123741E-1,2.6339824E0,-1.9849879E0,-9.067154E-2,7.7868655E-2,3.172287E-1,-2.3700944E-1,-6.0738754E-2,-2.4390106E-1,3.3773806E-2,-3.6537934E-2,-1.2218666E-2],"categories":[],"categories_nodes":[],"categories_segments":[],"categories_sizes":[],"default_left":[0,0,0,0,0,0,0,0,0,0,0,0,0],"id":51,"left_children":[1,3,5,7,9,-1,-1,-1,-1,11,-1,-1,-1],"loss_changes":[2.5896374E1,6.5902452E0,5.259266E-1,1.5200233E-1,4.7624463E-1,0E0,0E0,0E0,0E0,2.9283762E-2,0E0,0E0,0E0],"parents":[2147483647,0,0,1,1,2,2,3,3,4,4,9,9],"right_children":[2,4,6,8,10,-1,-1,-1,-1,12,-1,-1,-1],"split_conditions":[8.954825E-1,1.9832784E-1,1E0,1.0024786E-1,8.021026E-1,7.7868655E-2,3.172287E-1,-2.3700944E-1,-6.0738754E-2,3.019421E-1,3.3773806E-2,-3.6537934E-2,-1.2218666E-2],"split_indices":[0,0,0,0,0,0,0,0,0,0,0,0,0],"split_type":[0,0,0,0,0,0,0,0,0,0,0,0,0],"sum_hessian":[9E0,7E0,2E0,2E0,5E0,1E0,1E0,1E0,1E0,4E0,1E0,1E0,3E0],"tree_param":{"num_deleted":"0","num_feature":"2","num_nodes":"13","size_leaf_vector":"1"}},{"base_weights":[1.3450432E-1,-7.70226E-1,2.5022838E0,-1.8857384E0,-8.4098816E-2,7.397538E-2,3.013672E-1,-2.2515889E-1,-5.7701875E-2,-2.2926025E-1,3.208542E-2,-3.4711074E-2,-1.1301994E-2],"categories":[],"categories_nodes":[],"categories_segments":[],"categories_sizes":[],"default_left":[0,0,0,0,0,0,0,0,0,0,0,0,0],"id":52,"left_children":[1,3,5,7,9,-1,-1,-1,-1,11,-1,-1,-1],"loss_changes":[2.3349342E1,5.964478E0,4.7463608E-1,1.3717842E-1,4.2626044E-1,0E0,0E0,0E0,0E0,2.926445E-2,0E0,0E0,0E0],"parents":[2147483647,0,0,1,1,2,2,3,3,4,4,9,9],"right_children":[2,4,6,8,10,-1,-1,-1,-1,12,-1,-1,-1],"split_conditions":[8.954825E-1,1.9832784E-1,1E0,1.0024786E-1,8.021026E-1,7.397538E-2,3.013672E-1,-2.2515889E-1,-5.7701875E-2,3.019421E-1,3.208542E-2,-3.4711074E-2,-1.1301994E-2],"split_indices":[0,0,0,0,0,0,0,0,0,0,0,0,0],"split_type":[0,0,0,0,0,0,0,0,0,0,0,0,0],"sum_hessian":[9E0,7E0,2E0,2E0,5E0,1E0,1E0,1E0,1E0,4E0,1E0,1E0,3E0],"tree_param":{"num_deleted":"0","num_feature":"2","num_nodes":"13","size_leaf_vector":"1"}},{"base_weights":[1.2890892E-1,-7.303033E-1,2.3771718E0,-1.7914518E0,-7.801183E-2,7.027664E-2,2.8629914E-1,-2.1390095E-1,-5.481682E-2,-2.1553802E-1,3.0480957E-2,-3.2975387E-2,-1.045456E-2],"categories":[],"categories_nodes":[],"categories_segments":[],"categories_sizes":[],"default_left":[0,0,0,0,0,0,0,0,0,0,0,0,0],"id":53,"left_children":[1,3,5,7,9,-1,-1,-1,-1,11,-1,-1,-1],"loss_changes":[2.1053404E1,5.3976703E0,4.283619E-1,1.23802185E-1,3.8158587E-1,0E0,0E0,0E0,0E0,2.8911144E-2,0E0,0E0,0E0],"parents":[2147483647,0,0,1,1,2,2,3,3,4,4,9,9],"right_children":[2,4,6,8,10,-1,-1,-1,-1,12,-1,-1,-1],"split_conditions":[8.954825E-1,1.9832784E-1,1E0,1.0024786E-1,8.021026E-1,7.027664E-2,2.8629914E-1,-2.1390095E-1,-5.481682E-2,3.019421E-1,3.0480957E-2,-3.2975387E-2,-1.045456E-2],"split_indices":[0,0,0,0,0,0,0,0,0,0,0,0,0],"split_type":[0,0,0,0,0,0,0,0,0,0,0,0,0],"sum_hessian":[9E0,7E0,2E0,2E0,5E0,1E0,1E0,1E0,1E0,4E0,1E0,1E0,3E0],"tree_param":{"num_deleted":"0","num_feature":"2","num_nodes":"13","size_leaf_vector":"1"}},{"base_weights":[1.23506926E-1,-6.9248295E-1,2.258311E0,-1.7018789E0,-7.237116E-2,6.6762544E-2,2.719841E-1,-2.0320587E-1,-5.207596E-2,-2.0267181E-1,2.8956605E-2,-3.1326678E-2,-9.670639E-3],"categories":[],"categories_nodes":[],"categories_segments":[],"categories_sizes":[],"default_left":[0,0,0,0,0,0,0,0,0,0,0,0,0],"id":54,"left_children":[1,3,5,7,9,-1,-1,-1,-1,11,-1,-1,-1],"loss_changes":[1.8983625E1,4.8843403E0,3.8661194E-1,1.11730576E-1,3.416508E-1,0E0,0E0,0E0,0E0,2.8301299E-2,0E0,0E0,0E0],"parents":[2147483647,0,0,1,1,2,2,3,3,4,4,9,9],"right_children":[2,4,6,8,10,-1,-1,-1,-1,12,-1,-1,-1],"split_conditions":[8.954825E-1,1.9832784E-1,1E0,1.0024786E-1,8.021026E-1,6.6762544E-2,2.719841E-1,-2.0320587E-1,-5.207596E-2,3.019421E-1,2.8956605E-2,-3.1326678E-2,-9.670639E-3],"split_indices":[0,0,0,0,0,0,0,0,0,0,0,0,0],"split_type":[0,0,0,0,0,0,0,0,0,0,0,0,0],"sum_hessian":[9E0,7E0,2E0,2E0,5E0,1E0,1E0,1E0,1E0,4E0,1E0,1E0,3E0],"tree_param":{"num_deleted":"0","num_feature":"2","num_nodes":"13","size_leaf_vector":"1"}},{"base_weights":[1.18299484E-1,-6.566491E-1,2.145396E0,-1.6167845E0,-6.7139946E-2,6.3424684E-2,2.583847E-1,-1.9304562E-1,-4.9472045E-2,-1.9060211E-1,2.7508546E-2,-2.976036E-2,-8.945084E-3],"categories":[],"categories_nodes":[],"categories_segments":[],"categories_sizes":[],"default_left":[0,0,0,0,0,0,0,0,0,0,0,0,0],"id":55,"left_children":[1,3,5,7,9,-1,-1,-1,-1,11,-1,-1,-1],"loss_changes":[1.7117727E1,4.419518E0,3.488989E-1,1.0084295E-1,3.059432E-1,0E0,0E0,0E0,0E0,2.7495787E-2,0E0,0E0,0E0],"parents":[2147483647,0,0,1,1,2,2,3,3,4,4,9,9],"right_children":[2,4,6,8,10,-1,-1,-1,-1,12,-1,-1,-1],"split_conditions":[8.954825E-1,1.9832784E-1,1E0,1.0024786E-1,8.021026E-1,6.3424684E-2,2.583847E-1,-1.9304562E-1,-4.9472045E-2,3.019421E-1,2.7508546E-2,-2.976036E-2,-8.945084E-3],"split_indices":[0,0,0,0,0,0,0,0,0,0,0,0,0],"split_type":[0,0,0,0,0,0,0,0,0,0,0,0,0],"sum_hessian":[9E0,7E0,2E0,2E0,5E0,1E0,1E0,1E0,1E0,4E0,1E0,1E0,3E0],"tree_param":{"num_deleted":"0","num_feature":"2","num_nodes":"13","size_leaf_vector":"1"}},{"base_weights":[1.1327629E-1,-6.227002E-1,2.0381215E0,-1.5359459E0,-6.2294006E-2,6.0253143E-2,2.4546508E-1,-1.8339328E-1,-4.6998598E-2,-1.7928466E-1,2.6132965E-2,-2.8272247E-2,-8.27446E-3],"categories":[],"categories_nodes":[],"categories_segments":[],"categories_sizes":[],"default_left":[0,0,0,0,0,0,0,0,0,0,0,0,0],"id":56,"left_children":[1,3,5,7,9,-1,-1,-1,-1,11,-1,-1,-1],"loss_changes":[1.5435548E1,3.9986284E0,3.1489182E-1,9.1003895E-2,2.7401805E-1,0E0,0E0,0E0,0E0,2.653572E-2,0E0,0E0,0E0],"parents":[2147483647,0,0,1,1,2,2,3,3,4,4,9,9],"right_children":[2,4,6,8,10,-1,-1,-1,-1,12,-1,-1,-1],"split_conditions":[8.954825E-1,1.9832784E-1,1E0,1.0024786E-1,8.021026E-1,6.0253143E-2,2.4546508E-1,-1.8339328E-1,-4.6998598E-2,3.019421E-1,2.6132965E-2,-2.8272247E-2,-8.27446E-3],"split_indices":[0,0,0,0,0,0,0,0,0,0,0,0,0],"split_type":[0,0,0,0,0,0,0,0,0,0,0,0,0],"sum_hessian":[9E0,7E0,2E0,2E0,5E0,1E0,1E0,1E0,1E0,4E0,1E0,1E0,3E0],"tree_param":{"num_deleted":"0","num_feature":"2","num_nodes":"13","size_leaf_vector":"1"}},{"base_weights":[1.0843964E-1,-5.905304E-1,1.9362131E0,-1.4591497E0,-5.7799023E-2,5.7240296E-2,2.3319168E-1,-1.742237E-1,-4.4648744E-2,-1.6866302E-1,2.482605E-2,-2.6858522E-2,-7.6536178E-3],"categories":[],"categories_nodes":[],"categories_segments":[],"categories_sizes":[],"default_left":[0,0,0,0,0,0,0,0,0,0,0,0,0],"id":57,"left_children":[1,3,5,7,9,-1,-1,-1,-1,11,-1,-1,-1],"loss_changes":[1.3918982E1,3.6175885E0,2.8419876E-1,8.2129E-2,2.4545828E-1,0E0,0E0,0E0,0E0,2.5471091E-2,0E0,0E0,0E0],"parents":[2147483647,0,0,1,1,2,2,3,3,4,4,9,9],"right_children":[2,4,6,8,10,-1,-1,-1,-1,12,-1,-1,-1],"split_conditions":[8.954825E-1,1.9832784E-1,1E0,1.0024786E-1,8.021026E-1,5.7240296E-2,2.3319168E-1,-1.742237E-1,-4.4648744E-2,3.019421E-1,2.482605E-2,-2.6858522E-2,-7.6536178E-3],"split_indices":[0,0,0,0,0,0,0,0,0,0,0,0,0],"split_type":[0,0,0,0,0,0,0,0,0,0,0,0,0],"sum_hessian":[9E0,7E0,2E0,2E0,5E0,1E0,1E0,1E0,1E0,4E0,1E0,1E0,3E0],"tree_param":{"num_deleted":"0","num_feature":"2","num_nodes":"13","size_leaf_vector":"1"}},{"base_weights":[1.03783414E-1,-5.600481E-1,1.8394064E0,-1.3861923E0,-5.3634644E-2,5.437851E-2,2.2153245E-1,-1.6551247E-1,-4.2416383E-2,-1.5870056E-1,2.3584748E-2,-2.5515748E-2,-7.079697E-2,-8.000183E-3,-2.1591187E-3],"categories":[],"categories_nodes":[],"categories_segments":[],"categories_sizes":[],"default_left":[0,0,0,0,0,0,0,0,0,0,0,0,0,0,0],"id":58,"left_children":[1,3,5,7,9,-1,-1,-1,-1,11,-1,-1,13,-1,-1],"loss_changes":[1.2551767E1,3.2726164E0,2.5648212E-1,7.411766E-2,2.1991736E-1,0E0,0E0,0E0,0E0,2.4330169E-2,0E0,0E0,8.439459E-5,0E0,0E0],"parents":[2147483647,0,0,1,1,2,2,3,3,4,4,9,9,12,12],"right_children":[2,4,6,8,10,-1,-1,-1,-1,12,-1,-1,14,-1,-1],"split_conditions":[8.954825E-1,1.9832784E-1,1E0,1.0024786E-1,8.021026E-1,5.437851E-2,2.2153245E-1,-1.6551247E-1,-4.2416383E-2,3.019421E-1,2.3584748E-2,-2.5515748E-2,4.996103E-1,-8.000183E-3,-2.1591187E-3],"split_indices":[0,0,0,0,0,0,0,0,0,0,0,0,0,0,0],"split_type":[0,0,0,0,0,0,0,0,0,0,0,0,0,0,0],"sum_hessian":[9E0,7E0,2E0,2E0,5E0,1E0,1E0,1E0,1E0,4E0,1E0,1E0,3E0,2E0,1E0],"tree_param":{"num_deleted":"0","num_feature":"2","num_nodes":"15","size_leaf_vector":"1"}},{"base_weights":[9.899445E-2,-5.3154564E-1,1.7474365E0,-1.3168818E0,-5.028661E-2,5.1659394E-2,2.1045609E-1,-1.5723686E-1,-4.029541E-2,-1.499649E-1,2.2405243E-2,-2.4240112E-2,-6.625557E-2,-7.4666343E-3,-2.0511628E-3],"categories":[],"categories_nodes":[],"categories_segments":[],"categories_sizes":[],"default_left":[0,0,0,0,0,0,0,0,0,0,0,0,0,0,0],"id":59,"left_children":[1,3,5,7,9,-1,-1,-1,-1,11,-1,-1,13,-1,-1],"loss_changes":[1.1322931E1,2.9573796E0,2.3148823E-1,6.6896915E-2,1.9767389E-1,0E0,0E0,0E0,0E0,2.2628441E-2,0E0,0E0,7.4394047E-6,0E0,0E0],"parents":[2147483647,0,0,1,1,2,2,3,3,4,4,9,9,12,12],"right_children":[2,4,6,8,10,-1,-1,-1,-1,12,-1,-1,14,-1,-1],"split_conditions":[8.954825E-1,1.9832784E-1,1E0,1.0024786E-1,8.021026E-1,5.1659394E-2,2.1045609E-1,-1.5723686E-1,-4.029541E-2,3.019421E-1,2.2405243E-2,-2.4240112E-2,4.996103E-1,-7.4666343E-3,-2.0511628E-3],"split_indices":[0,0,0,0,0,0,0,0,0,0,0,0,0,0,0],"split_type":[0,0,0,0,0,0,0,0,0,0,0,0,0,0,0],"sum_hessian":[9E0,7E0,2E0,2E0,5E0,1E0,1E0,1E0,1E0,4E0,1E0,1E0,3E0,2E0,1E0],"tree_param":{"num_deleted":"0","num_feature":"2","num_nodes":"15","size_leaf_vector":"1"}},{"base_weights":[9.441948E-2,-5.044999E-1,1.6600647E0,-1.2510363E0,-4.7148388E-2,4.907608E-2,1.9993363E-1,-1.4937496E-1,-3.8280487E-2,-1.4171906E-1,2.1285249E-2,-2.3028184E-2,-6.2007904E-3],"categories":[],"categories_nodes":[],"categories_segments":[],"categories_sizes":[],"default_left":[0,0,0,0,0,0,0,0,0,0,0,0,0],"id":60,"left_children":[1,3,5,7,9,-1,-1,-1,-1,11,-1,-1,-1],"loss_changes":[1.0214456E1,2.6724522E0,2.089386E-1,6.0379505E-2,1.7769599E-1,0E0,0E0,0E0,0E0,2.1017909E-2,0E0,0E0,0E0],"parents":[2147483647,0,0,1,1,2,2,3,3,4,4,9,9],"right_children":[2,4,6,8,10,-1,-1,-1,-1,12,-1,-1,-1],"split_conditions":[8.954825E-1,1.9832784E-1,1E0,1.0024786E-1,8.021026E-1,4.907608E-2,1.9993363E-1,-1.4937496E-1,-3.8280487E-2,3.019421E-1,2.1285249E-2,-2.3028184E-2,-6.2007904E-3],"split_indices":[0,0,0,0,0,0,0,0,0,0,0,0,0],"split_type":[0,0,0,0,0,0,0,0,0,0,0,0,0],"sum_hessian":[9E0,7E0,2E0,2E0,5E0,1E0,1E0,1E0,1E0,4E0,1E0,1E0,3E0],"tree_param":{"num_deleted":"0","num_feature":"2","num_nodes":"13","size_leaf_vector":"1"}},{"base_weights":[9.031944E-2,-4.7849894E-1,1.577062E0,-1.1884829E0,-4.3757122E-2,4.6622466E-2,1.8993683E-1,-1.4190617E-1,-3.6366273E-2,-1.3339233E-1,2.0220948E-2,-2.1876907E-2,-5.735588E-2,-6.555176E-3,-1.6384125E-3],"categories":[],"categories_nodes":[],"categories_segments":[],"categories_sizes":[],"default_left":[0,0,0,0,0,0,0,0,0,0,0,0,0,0,0],"id":61,"left_children":[1,3,5,7,9,-1,-1,-1,-1,11,-1,-1,13,-1,-1],"loss_changes":[9.211488E0,2.417273E0,1.8855715E-1,5.4498196E-2,1.5925682E-1,0E0,0E0,0E0,0E0,1.9911028E-2,0E0,0E0,2.691904E-4,0E0,0E0],"parents":[2147483647,0,0,1,1,2,2,3,3,4,4,9,9,12,12],"right_children":[2,4,6,8,10,-1,-1,-1,-1,12,-1,-1,14,-1,-1],"split_conditions":[8.954825E-1,1.9832784E-1,1E0,1.0024786E-1,8.021026E-1,4.6622466E-2,1.8993683E-1,-1.4190617E-1,-3.6366273E-2,3.019421E-1,2.0220948E-2,-2.1876907E-2,4.996103E-1,-6.555176E-3,-1.6384125E-3],"split_indices":[0,0,0,0,0,0,0,0,0,0,0,0,0,0,0],"split_type":[0,0,0,0,0,0,0,0,0,0,0,0,0,0,0],"sum_hessian":[9E0,7E0,2E0,2E0,5E0,1E0,1E0,1E0,1E0,4E0,1E0,1E0,3E0,2E0,1E0],"tree_param":{"num_deleted":"0","num_feature":"2","num_nodes":"15","size_leaf_vector":"1"}},{"base_weights":[8.613167E-2,-4.5416403E-1,1.4982096E0,-1.1290575E0,-4.1023254E-2,4.4291686E-2,1.8043976E-1,-1.3481084E-1,-3.4547806E-2,-1.2606812E-1,1.9210054E-2,-2.0783234E-2,-5.3668976E-2,-6.118266E-3,-1.5563965E-3],"categories":[],"categories_nodes":[],"categories_segments":[],"categories_sizes":[],"default_left":[0,0,0,0,0,0,0,0,0,0,0,0,0,0,0],"id":62,"left_children":[1,3,5,7,9,-1,-1,-1,-1,11,-1,-1,13,-1,-1],"loss_changes":[8.30983E0,2.184291E0,1.7015553E-1,4.918909E-2,1.4317364E-1,0E0,0E0,0E0,0E0,1.8444143E-2,0E0,0E0,1.9299146E-4,0E0,0E0],"parents":[2147483647,0,0,1,1,2,2,3,3,4,4,9,9,12,12],"right_children":[2,4,6,8,10,-1,-1,-1,-1,12,-1,-1,14,-1,-1],"split_conditions":[8.954825E-1,1.9832784E-1,1E0,1.0024786E-1,8.021026E-1,4.4291686E-2,1.8043976E-1,-1.3481084E-1,-3.4547806E-2,3.019421E-1,1.9210054E-2,-2.0783234E-2,4.996103E-1,-6.118266E-3,-1.5563965E-3],"split_indices":[0,0,0,0,0,0,0,0,0,0,0,0,0,0,0],"split_type":[0,0,0,0,0,0,0,0,0,0,0,0,0,0,0],"sum_hessian":[9E0,7E0,2E0,2E0,5E0,1E0,1E0,1E0,1E0,4E0,1E0,1E0,3E0,2E0,1E0],"tree_param":{"num_deleted":"0","num_feature":"2","num_nodes":"15","size_leaf_vector":"1"}},{"base_weights":[8.213081E-2,-4.3107367E-1,1.4232992E0,-1.0726051E0,-3.8462322E-2,4.2076875E-2,1.71418E-1,-1.2807027E-1,-3.282051E-2,-1.1915283E-1,1.8249512E-2,-1.9744111E-2,-5.022049E-2,-5.7103476E-3,-1.4785767E-3],"categories":[],"categories_nodes":[],"categories_segments":[],"categories_sizes":[],"default_left":[0,0,0,0,0,0,0,0,0,0,0,0,0,0,0],"id":63,"left_children":[1,3,5,7,9,-1,-1,-1,-1,11,-1,-1,13,-1,-1],"loss_changes":[7.496483E0,1.9737254E0,1.5357733E-1,4.43902E-2,1.2871982E-1,0E0,0E0,0E0,0E0,1.706738E-2,0E0,0E0,1.3126712E-4,0E0,0E0],"parents":[2147483647,0,0,1,1,2,2,3,3,4,4,9,9,12,12],"right_children":[2,4,6,8,10,-1,-1,-1,-1,12,-1,-1,14,-1,-1],"split_conditions":[8.954825E-1,1.9832784E-1,1E0,1.0024786E-1,8.021026E-1,4.2076875E-2,1.71418E-1,-1.2807027E-1,-3.282051E-2,3.019421E-1,1.8249512E-2,-1.9744111E-2,4.996103E-1,-5.7103476E-3,-1.4785767E-3],"split_indices":[0,0,0,0,0,0,0,0,0,0,0,0,0,0,0],"split_type":[0,0,0,0,0,0,0,0,0,0,0,0,0,0,0],"sum_hessian":[9E0,7E0,2E0,2E0,5E0,1E0,1E0,1E0,1E0,4E0,1E0,1E0,3E0,2E0,1E0],"tree_param":{"num_deleted":"0","num_feature":"2","num_nodes":"15","size_leaf_vector":"1"}},{"base_weights":[7.8308865E-2,-4.0916348E-1,1.3521322E0,-1.0189743E0,-3.6064148E-2,3.997269E-2,1.6284715E-1,-1.2166672E-1,-3.1179428E-2,-1.1262512E-1,1.7337037E-2,-1.8756866E-2,-4.699707E-2,-5.3298953E-3,-1.4045716E-3],"categories":[],"categories_nodes":[],"categories_segments":[],"categories_sizes":[],"default_left":[0,0,0,0,0,0,0,0,0,0,0,0,0,0,0],"id":64,"left_children":[1,3,5,7,9,-1,-1,-1,-1,11,-1,-1,13,-1,-1],"loss_changes":[6.7627797E0,1.7834117E0,1.3861704E-1,4.0063143E-2,1.15732916E-1,0E0,0E0,0E0,0E0,1.5776813E-2,0E0,0E0,8.200016E-5,0E0,0E0],"parents":[2147483647,0,0,1,1,2,2,3,3,4,4,9,9,12,12],"right_children":[2,4,6,8,10,-1,-1,-1,-1,12,-1,-1,14,-1,-1],"split_conditions":[8.954825E-1,1.9832784E-1,1E0,1.0024786E-1,8.021026E-1,3.997269E-2,1.6284715E-1,-1.2166672E-1,-3.1179428E-2,3.019421E-1,1.7337037E-2,-1.8756866E-2,4.996103E-1,-5.3298953E-3,-1.4045716E-3],"split_indices":[0,0,0,0,0,0,0,0,0,0,0,0,0,0,0],"split_type":[0,0,0,0,0,0,0,0,0,0,0,0,0,0,0],"sum_hessian":[9E0,7E0,2E0,2E0,5E0,1E0,1E0,1E0,1E0,4E0,1E0,1E0,3E0,2E0,1E0],"tree_param":{"num_deleted":"0","num_feature":"2","num_nodes":"15","size_leaf_vector":"1"}},{"base_weights":[7.4661255E-2,-3.883705E-1,1.2845255E0,-9.680252E-1,-3.3814747E-2,3.7973788E-2,1.5470505E-1,-1.1558342E-1,-2.9620362E-2,-1.06459044E-1,1.6470337E-2,-1.7818833E-2,-4.3979645E-2,-4.9743652E-3,-1.3343812E-3],"categories":[],"categories_nodes":[],"categories_segments":[],"categories_sizes":[],"default_left":[0,0,0,0,0,0,0,0,0,0,0,0,0,0,0],"id":65,"left_children":[1,3,5,7,9,-1,-1,-1,-1,11,-1,-1,13,-1,-1],"loss_changes":[6.1009274E0,1.6114258E0,1.2511444E-1,3.616023E-2,1.0406142E-1,0E0,0E0,0E0,0E0,1.457135E-2,0E0,0E0,4.2570755E-5,0E0,0E0],"parents":[2147483647,0,0,1,1,2,2,3,3,4,4,9,9,12,12],"right_children":[2,4,6,8,10,-1,-1,-1,-1,12,-1,-1,14,-1,-1],"split_conditions":[8.954825E-1,1.9832784E-1,1E0,1.0024786E-1,8.021026E-1,3.7973788E-2,1.5470505E-1,-1.1558342E-1,-2.9620362E-2,3.019421E-1,1.6470337E-2,-1.7818833E-2,4.996103E-1,-4.9743652E-3,-1.3343812E-3],"split_indices":[0,0,0,0,0,0,0,0,0,0,0,0,0,0,0],"split_type":[0,0,0,0,0,0,0,0,0,0,0,0,0,0,0],"sum_hessian":[9E0,7E0,2E0,2E0,5E0,1E0,1E0,1E0,1E0,4E0,1E0,1E0,3E0,2E0,1E0],"tree_param":{"num_deleted":"0","num_feature":"2","num_nodes":"15","size_leaf_vector":"1"}},{"base_weights":[7.117653E-2,-3.6864042E-1,1.2202963E0,-9.196256E-1,-3.1707764E-2,3.607483E-2,1.469696E-1,-1.0980435E-1,-2.8139496E-2,-1.00637816E-1,1.5647126E-2,-1.692772E-2,-4.1158676E-2,-4.6427413E-3,-1.267624E-3],"categories":[],"categories_nodes":[],"categories_segments":[],"categories_sizes":[],"default_left":[0,0,0,0,0,0,0,0,0,0,0,0,0,0,0],"id":66,"left_children":[1,3,5,7,9,-1,-1,-1,-1,11,-1,-1,13,-1,-1],"loss_changes":[5.503874E0,1.4559999E0,1.12923145E-1,3.2631397E-2,9.3574055E-2,0E0,0E0,0E0,0E0,1.3445828E-2,0E0,0E0,1.1740718E-5,0E0,0E0],"parents":[2147483647,0,0,1,1,2,2,3,3,4,4,9,9,12,12],"right_children":[2,4,6,8,10,-1,-1,-1,-1,12,-1,-1,14,-1,-1],"split_conditions":[8.954825E-1,1.9832784E-1,1E0,1.0024786E-1,8.021026E-1,3.607483E-2,1.469696E-1,-1.0980435E-1,-2.8139496E-2,3.019421E-1,1.5647126E-2,-1.692772E-2,4.996103E-1,-4.6427413E-3,-1.267624E-3],"split_indices":[0,0,0,0,0,0,0,0,0,0,0,0,0,0,0],"split_type":[0,0,0,0,0,0,0,0,0,0,0,0,0,0,0],"sum_hessian":[9E0,7E0,2E0,2E0,5E0,1E0,1E0,1E0,1E0,4E0,1E0,1E0,3E0,2E0,1E0],"tree_param":{"num_deleted":"0","num_feature":"2","num_nodes":"15","size_leaf_vector":"1"}},{"base_weights":[6.785126E-2,-3.4991646E-1,1.1592814E0,-8.7364453E-1,-2.9733023E-2,3.427124E-2,1.3962097E-1,-1.04314044E-1,-2.6732637E-2,-9.514008E-2,1.48651125E-2,-1.6081238E-2,-3.8518906E-3],"categories":[],"categories_nodes":[],"categories_segments":[],"categories_sizes":[],"default_left":[0,0,0,0,0,0,0,0,0,0,0,0,0],"id":67,"left_children":[1,3,5,7,9,-1,-1,-1,-1,11,-1,-1,-1],"loss_changes":[4.9652944E0,1.3155363E0,1.0190678E-1,2.9446363E-2,8.414817E-2,0E0,0E0,0E0,0E0,1.2397893E-2,0E0,0E0,0E0],"parents":[2147483647,0,0,1,1,2,2,3,3,4,4,9,9],"right_children":[2,4,6,8,10,-1,-1,-1,-1,12,-1,-1,-1],"split_conditions":[8.954825E-1,1.9832784E-1,1E0,1.0024786E-1,8.021026E-1,3.427124E-2,1.3962097E-1,-1.04314044E-1,-2.6732637E-2,3.019421E-1,1.48651125E-2,-1.6081238E-2,-3.8518906E-3],"split_indices":[0,0,0,0,0,0,0,0,0,0,0,0,0],"split_type":[0,0,0,0,0,0,0,0,0,0,0,0,0],"sum_hessian":[9E0,7E0,2E0,2E0,5E0,1E0,1E0,1E0,1E0,4E0,1E0,1E0,3E0],"tree_param":{"num_deleted":"0","num_feature":"2","num_nodes":"13","size_leaf_vector":"1"}},{"base_weights":[6.484489E-2,-3.3193827E-1,1.1013184E0,-8.2996243E-1,-2.760315E-2,3.2557677E-2,1.3264008E-1,-9.90984E-2,-2.5395965E-2,-8.961181E-2,1.4122009E-2,-1.3027446E-2,-1.9078574E-3],"categories":[],"categories_nodes":[],"categories_segments":[],"categories_sizes":[],"default_left":[0,0,0,0,0,0,0,0,0,0,0,0,0],"id":68,"left_children":[1,3,5,7,9,-1,-1,-1,-1,11,-1,-1,-1],"loss_changes":[4.478122E0,1.1896204E0,9.197211E-2,2.6576757E-2,7.5466014E-2,0E0,0E0,0E0,0E0,1.1854891E-2,0E0,0E0,0E0],"parents":[2147483647,0,0,1,1,2,2,3,3,4,4,9,9],"right_children":[2,4,6,8,10,-1,-1,-1,-1,12,-1,-1,-1],"split_conditions":[8.954825E-1,1.9832784E-1,1E0,1.0024786E-1,8.021026E-1,3.2557677E-2,1.3264008E-1,-9.90984E-2,-2.5395965E-2,3.994956E-1,1.4122009E-2,-1.3027446E-2,-1.9078574E-3],"split_indices":[0,0,0,0,0,0,0,0,0,0,0,0,0],"split_type":[0,0,0,0,0,0,0,0,0,0,0,0,0],"sum_hessian":[9E0,7E0,2E0,2E0,5E0,1E0,1E0,1E0,1E0,4E0,1E0,2E0,2E0],"tree_param":{"num_deleted":"0","num_feature":"2","num_nodes":"13","size_leaf_vector":"1"}},{"base_weights":[6.2348556E-2,-3.1440783E-1,1.0462494E0,-7.884636E-1,-2.4978638E-2,3.0929565E-2,1.2600784E-1,-9.414349E-2,-2.4126053E-2,-8.363648E-2,1.34155275E-2,-1.4625549E-2,-3.1417847E-2,-3.578186E-3,-9.162903E-4],"categories":[],"categories_nodes":[],"categories_segments":[],"categories_sizes":[],"default_left":[0,0,0,0,0,0,0,0,0,0,0,0,0,0,0],"id":69,"left_children":[1,3,5,7,9,-1,-1,-1,-1,11,-1,-1,13,-1,-1],"loss_changes":[4.0358586E0,1.07795E0,8.300948E-2,2.398789E-2,6.7226976E-2,0E0,0E0,0E0,0E0,1.1754364E-2,0E0,0E0,6.0617924E-5,0E0,0E0],"parents":[2147483647,0,0,1,1,2,2,3,3,4,4,9,9,12,12],"right_children":[2,4,6,8,10,-1,-1,-1,-1,12,-1,-1,14,-1,-1],"split_conditions":[8.954825E-1,1.9832784E-1,1E0,1.0024786E-1,8.021026E-1,3.0929565E-2,1.2600784E-1,-9.414349E-2,-2.4126053E-2,3.019421E-1,1.34155275E-2,-1.4625549E-2,4.996103E-1,-3.578186E-3,-9.162903E-4],"split_indices":[0,0,0,0,0,0,0,0,0,0,0,0,0,0,0],"split_type":[0,0,0,0,0,0,0,0,0,0,0,0,0,0,0],"sum_hessian":[9E0,7E0,2E0,2E0,5E0,1E0,1E0,1E0,1E0,4E0,1E0,1E0,3E0,2E0,1E0],"tree_param":{"num_deleted":"0","num_feature":"2","num_nodes":"15","size_leaf_vector":"1"}},{"base_weights":[5.9410095E-2,-2.9846382E-1,9.939372E-1,-7.4904126E-1,-2.3431143E-2,2.9383088E-2,1.1970749E-1,-8.9436345E-2,-2.2919847E-2,-7.909699E-2,1.2744904E-2,-1.3894272E-2,-2.9399872E-2,-3.3396406E-3,-8.705139E-4],"categories":[],"categories_nodes":[],"categories_segments":[],"categories_sizes":[],"default_left":[0,0,0,0,0,0,0,0,0,0,0,0,0,0,0],"id":70,"left_children":[1,3,5,7,9,-1,-1,-1,-1,11,-1,-1,13,-1,-1],"loss_changes":[3.6410832E0,9.738372E-1,7.491636E-2,2.1647334E-2,6.0474068E-2,0E0,0E0,0E0,0E0,1.07859E-2,0E0,0E0,4.0108338E-5,0E0,0E0],"parents":[2147483647,0,0,1,1,2,2,3,3,4,4,9,9,12,12],"right_children":[2,4,6,8,10,-1,-1,-1,-1,12,-1,-1,14,-1,-1],"split_conditions":[8.954825E-1,1.9832784E-1,1E0,1.0024786E-1,8.021026E-1,2.9383088E-2,1.1970749E-1,-8.9436345E-2,-2.2919847E-2,3.019421E-1,1.2744904E-2,-1.3894272E-2,4.996103E-1,-3.3396406E-3,-8.705139E-4],"split_indices":[0,0,0,0,0,0,0,0,0,0,0,0,0,0,0],"split_type":[0,0,0,0,0,0,0,0,0,0,0,0,0,0,0],"sum_hessian":[9E0,7E0,2E0,2E0,5E0,1E0,1E0,1E0,1E0,4E0,1E0,1E0,3E0,2E0,1E0],"tree_param":{"num_deleted":"0","num_feature":"2","num_nodes":"15","size_leaf_vector":"1"}},{"base_weights":[5.6606673E-2,-2.833314E-1,9.442393E-1,-7.115898E-1,-2.1980286E-2,2.7913665E-2,1.1372223E-1,-8.4964566E-2,-2.177391E-2,-7.480774E-2,1.2107849E-2,-1.3199615E-2,-2.7511597E-2,-3.116862E-3,-8.270264E-4],"categories":[],"categories_nodes":[],"categories_segments":[],"categories_sizes":[],"default_left":[0,0,0,0,0,0,0,0,0,0,0,0,0,0,0],"id":71,"left_children":[1,3,5,7,9,-1,-1,-1,-1,11,-1,-1,13,-1,-1],"loss_changes":[3.2849338E0,8.7976557E-1,6.76198E-2,1.953578E-2,5.4402195E-2,0E0,0E0,0E0,0E0,9.892533E-3,0E0,0E0,2.3691216E-5,0E0,0E0],"parents":[2147483647,0,0,1,1,2,2,3,3,4,4,9,9,12,12],"right_children":[2,4,6,8,10,-1,-1,-1,-1,12,-1,-1,14,-1,-1],"split_conditions":[8.954825E-1,1.9832784E-1,1E0,1.0024786E-1,8.021026E-1,2.7913665E-2,1.1372223E-1,-8.4964566E-2,-2.177391E-2,3.019421E-1,1.2107849E-2,-1.3199615E-2,4.996103E-1,-3.116862E-3,-8.270264E-4],"split_indices":[0,0,0,0,0,0,0,0,0,0,0,0,0,0,0],"split_type":[0,0,0,0,0,0,0,0,0,0,0,0,0,0,0],"sum_hessian":[9E0,7E0,2E0,2E0,5E0,1E0,1E0,1E0,1E0,4E0,1E0,1E0,3E0,2E0,1E0],"tree_param":{"num_deleted":"0","num_feature":"2","num_nodes":"15","size_leaf_vector":"1"}},{"base_weights":[5.393219E-2,-2.689705E-1,8.970286E-1,-6.7601013E-1,-2.0622253E-2,2.651825E-2,1.0803604E-1,-8.071633E-2,-2.0685196E-2,-7.0755005E-2,1.1502075E-2,-1.2539673E-2,-2.5745392E-2,-2.908834E-3,-7.8582764E-4],"categories":[],"categories_nodes":[],"categories_segments":[],"categories_sizes":[],"default_left":[0,0,0,0,0,0,0,0,0,0,0,0,0,0,0],"id":72,"left_children":[1,3,5,7,9,-1,-1,-1,-1,11,-1,-1,13,-1,-1],"loss_changes":[2.9636552E0,7.9475987E-1,6.1019897E-2,1.7631292E-2,4.893924E-2,0E0,0E0,0E0,0E0,9.068623E-3,0E0,0E0,1.0598451E-5,0E0,0E0],"parents":[2147483647,0,0,1,1,2,2,3,3,4,4,9,9,12,12],"right_children":[2,4,6,8,10,-1,-1,-1,-1,12,-1,-1,14,-1,-1],"split_conditions":[8.954825E-1,1.9832784E-1,1E0,1.0024786E-1,8.021026E-1,2.651825E-2,1.0803604E-1,-8.071633E-2,-2.0685196E-2,3.019421E-1,1.1502075E-2,-1.2539673E-2,4.996103E-1,-2.908834E-3,-7.8582764E-4],"split_indices":[0,0,0,0,0,0,0,0,0,0,0,0,0,0,0],"split_type":[0,0,0,0,0,0,0,0,0,0,0,0,0,0,0],"sum_hessian":[9E0,7E0,2E0,2E0,5E0,1E0,1E0,1E0,1E0,4E0,1E0,1E0,3E0,2E0,1E0],"tree_param":{"num_deleted":"0","num_feature":"2","num_nodes":"15","size_leaf_vector":"1"}},{"base_weights":[5.1380537E-2,-2.5534105E-1,8.521779E-1,-6.4221066E-1,-1.9349417E-2,2.519226E-2,1.0263443E-1,-7.668056E-2,-1.9651031E-2,-6.6926576E-2,1.0926819E-2,-1.1912537E-2,-2.4095536E-3],"categories":[],"categories_nodes":[],"categories_segments":[],"categories_sizes":[],"default_left":[0,0,0,0,0,0,0,0,0,0,0,0,0],"id":73,"left_children":[1,3,5,7,9,-1,-1,-1,-1,11,-1,-1,-1],"loss_changes":[2.6738145E0,7.1795744E-1,5.50735E-2,1.5910864E-2,4.4028506E-2,0E0,0E0,0E0,0E0,8.308254E-3,0E0,0E0,0E0],"parents":[2147483647,0,0,1,1,2,2,3,3,4,4,9,9],"right_children":[2,4,6,8,10,-1,-1,-1,-1,12,-1,-1,-1],"split_conditions":[8.954825E-1,1.9832784E-1,1E0,1.0024786E-1,8.021026E-1,2.519226E-2,1.0263443E-1,-7.668056E-2,-1.9651031E-2,3.019421E-1,1.0926819E-2,-1.1912537E-2,-2.4095536E-3],"split_indices":[0,0,0,0,0,0,0,0,0,0,0,0,0],"split_type":[0,0,0,0,0,0,0,0,0,0,0,0,0],"sum_hessian":[9E0,7E0,2E0,2E0,5E0,1E0,1E0,1E0,1E0,4E0,1E0,1E0,3E0],"tree_param":{"num_deleted":"0","num_feature":"2","num_nodes":"13","size_leaf_vector":"1"}},{"base_weights":[4.9053192E-2,-2.4227238E-1,8.095703E-1,-6.100998E-1,-1.797994E-2,2.3932649E-2,9.75029E-2,-7.284661E-2,-1.8668367E-2,-6.309815E-2,1.0380554E-2,-1.1317062E-2,-2.2287369E-2,-2.5543214E-3,-6.2599184E-4],"categories":[],"categories_nodes":[],"categories_segments":[],"categories_sizes":[],"default_left":[0,0,0,0,0,0,0,0,0,0,0,0,0,0,0],"id":74,"left_children":[1,3,5,7,9,-1,-1,-1,-1,11,-1,-1,13,-1,-1],"loss_changes":[2.4117174E0,6.4903766E-1,4.970503E-2,1.4361858E-2,3.951839E-2,0E0,0E0,0E0,0E0,7.6952092E-3,0E0,0E0,4.8832968E-5,0E0,0E0],"parents":[2147483647,0,0,1,1,2,2,3,3,4,4,9,9,12,12],"right_children":[2,4,6,8,10,-1,-1,-1,-1,12,-1,-1,14,-1,-1],"split_conditions":[8.954825E-1,1.9832784E-1,1E0,1.0024786E-1,8.021026E-1,2.3932649E-2,9.75029E-2,-7.284661E-2,-1.8668367E-2,3.019421E-1,1.0380554E-2,-1.1317062E-2,4.996103E-1,-2.5543214E-3,-6.2599184E-4],"split_indices":[0,0,0,0,0,0,0,0,0,0,0,0,0,0,0],"split_type":[0,0,0,0,0,0,0,0,0,0,0,0,0,0,0],"sum_hessian":[9E0,7E0,2E0,2E0,5E0,1E0,1E0,1E0,1E0,4E0,1E0,1E0,3E0,2E0,1E0],"tree_param":{"num_deleted":"0","num_feature":"2","num_nodes":"15","size_leaf_vector":"1"}},{"base_weights":[4.6729278E-2,-2.2999859E-1,7.690938E-1,-5.795949E-1,-1.686732E-2,2.273636E-2,9.262772E-2,-6.920433E-2,-1.773491E-2,-5.9687804E-2,9.861755E-3,-1.0751343E-2,-2.0853043E-2,-2.3839315E-3,-5.9471134E-4],"categories":[],"categories_nodes":[],"categories_segments":[],"categories_sizes":[],"default_left":[0,0,0,0,0,0,0,0,0,0,0,0,0,0,0],"id":75,"left_children":[1,3,5,7,9,-1,-1,-1,-1,11,-1,-1,13,-1,-1],"loss_changes":[2.1758745E0,5.8630323E-1,4.4851184E-2,1.2962341E-2,3.5556972E-2,0E0,0E0,0E0,0E0,7.0445016E-3,0E0,0E0,3.627746E-5,0E0,0E0],"parents":[2147483647,0,0,1,1,2,2,3,3,4,4,9,9,12,12],"right_children":[2,4,6,8,10,-1,-1,-1,-1,12,-1,-1,14,-1,-1],"split_conditions":[8.954825E-1,1.9832784E-1,1E0,1.0024786E-1,8.021026E-1,2.273636E-2,9.262772E-2,-6.920433E-2,-1.773491E-2,3.019421E-1,9.861755E-3,-1.0751343E-2,4.996103E-1,-2.3839315E-3,-5.9471134E-4],"split_indices":[0,0,0,0,0,0,0,0,0,0,0,0,0,0,0],"split_type":[0,0,0,0,0,0,0,0,0,0,0,0,0,0,0],"sum_hessian":[9E0,7E0,2E0,2E0,5E0,1E0,1E0,1E0,1E0,4E0,1E0,1E0,3E0,2E0,1E0],"tree_param":{"num_deleted":"0","num_feature":"2","num_nodes":"15","size_leaf_vector":"1"}},{"base_weights":[4.451256E-2,-2.1834993E-1,7.3064166E-1,-5.5061466E-1,-1.5825907E-2,2.159958E-2,8.799668E-2,-6.5744214E-2,-1.6847992E-2,-5.6466676E-2,9.3688965E-3,-1.0213852E-2,-1.9514084E-2,-2.5978088E-3,-8.7000534E-4],"categories":[],"categories_nodes":[],"categories_segments":[],"categories_sizes":[],"default_left":[0,0,0,0,0,0,0,0,0,0,0,0,0,0,0],"id":76,"left_children":[1,3,5,7,9,-1,-1,-1,-1,11,-1,-1,13,-1,-1],"loss_changes":[1.9631118E0,5.2961874E-1,4.047942E-2,1.1701703E-2,3.1994916E-2,0E0,0E0,0E0,0E0,6.445324E-3,0E0,0E0,5.3597032E-5,0E0,0E0],"parents":[2147483647,0,0,1,1,2,2,3,3,4,4,9,9,12,12],"right_children":[2,4,6,8,10,-1,-1,-1,-1,12,-1,-1,14,-1,-1],"split_conditions":[8.954825E-1,1.9832784E-1,1E0,1.0024786E-1,8.021026E-1,2.159958E-2,8.799668E-2,-6.5744214E-2,-1.6847992E-2,3.019421E-1,9.3688965E-3,-1.0213852E-2,3.994956E-1,-2.5978088E-3,-8.7000534E-4],"split_indices":[0,0,0,0,0,0,0,0,0,0,0,0,0,0,0],"split_type":[0,0,0,0,0,0,0,0,0,0,0,0,0,0,0],"sum_hessian":[9E0,7E0,2E0,2E0,5E0,1E0,1E0,1E0,1E0,4E0,1E0,1E0,3E0,1E0,2E0],"tree_param":{"num_deleted":"0","num_feature":"2","num_nodes":"15","size_leaf_vector":"1"}},{"base_weights":[4.232979E-2,-2.0737791E-1,6.9410706E-1,-5.230853E-1,-1.4961243E-2,2.0519257E-2,8.35968E-2,-6.2457085E-2,-1.6005708E-2,-5.35553E-2,8.9004515E-3,-9.703064E-3,-1.8428802E-2,-2.4677278E-3,-8.1202196E-4],"categories":[],"categories_nodes":[],"categories_segments":[],"categories_sizes":[],"default_left":[0,0,0,0,0,0,0,0,0,0,0,0,0,0,0],"id":77,"left_children":[1,3,5,7,9,-1,-1,-1,-1,11,-1,-1,13,-1,-1],"loss_changes":[1.7714806E0,4.7815284E-1,3.6539197E-2,1.055938E-2,2.8841425E-2,0E0,0E0,0E0,0E0,5.847523E-3,0E0,0E0,5.7266792E-5,0E0,0E0],"parents":[2147483647,0,0,1,1,2,2,3,3,4,4,9,9,12,12],"right_children":[2,4,6,8,10,-1,-1,-1,-1,12,-1,-1,14,-1,-1],"split_conditions":[8.954825E-1,1.9832784E-1,1E0,1.0024786E-1,8.021026E-1,2.0519257E-2,8.35968E-2,-6.2457085E-2,-1.6005708E-2,3.019421E-1,8.9004515E-3,-9.703064E-3,3.994956E-1,-2.4677278E-3,-8.1202196E-4],"split_indices":[0,0,0,0,0,0,0,0,0,0,0,0,0,0,0],"split_type":[0,0,0,0,0,0,0,0,0,0,0,0,0,0,0],"sum_hessian":[9E0,7E0,2E0,2E0,5E0,1E0,1E0,1E0,1E0,4E0,1E0,1E0,3E0,1E0,2E0],"tree_param":{"num_deleted":"0","num_feature":"2","num_nodes":"15","size_leaf_vector":"1"}},{"base_weights":[4.0252686E-2,-1.9695854E-1,6.593984E-1,-4.9693045E-1,-1.4146169E-2,1.9493103E-2,7.9416655E-2,-5.9334185E-2,-1.5205383E-2,-5.0798036E-2,8.455658E-3,-9.217835E-3,-1.7408371E-2,-2.344513E-3,-7.581075E-4],"categories":[],"categories_nodes":[],"categories_segments":[],"categories_sizes":[],"default_left":[0,0,0,0,0,0,0,0,0,0,0,0,0,0,0],"id":78,"left_children":[1,3,5,7,9,-1,-1,-1,-1,11,-1,-1,13,-1,-1],"loss_changes":[1.5985572E0,4.3167898E-1,3.2978535E-2,9.530187E-3,2.6001146E-2,0E0,0E0,0E0,0E0,5.3036977E-3,0E0,0E0,5.9560756E-5,0E0,0E0],"parents":[2147483647,0,0,1,1,2,2,3,3,4,4,9,9,12,12],"right_children":[2,4,6,8,10,-1,-1,-1,-1,12,-1,-1,14,-1,-1],"split_conditions":[8.954825E-1,1.9832784E-1,1E0,1.0024786E-1,8.021026E-1,1.9493103E-2,7.9416655E-2,-5.9334185E-2,-1.5205383E-2,3.019421E-1,8.455658E-3,-9.217835E-3,3.994956E-1,-2.344513E-3,-7.581075E-4],"split_indices":[0,0,0,0,0,0,0,0,0,0,0,0,0,0,0],"split_type":[0,0,0,0,0,0,0,0,0,0,0,0,0,0,0],"sum_hessian":[9E0,7E0,2E0,2E0,5E0,1E0,1E0,1E0,1E0,4E0,1E0,1E0,3E0,1E0,2E0],"tree_param":{"num_deleted":"0","num_feature":"2","num_nodes":"15","size_leaf_vector":"1"}},{"base_weights":[3.827591E-2,-1.8706417E-1,6.2642413E-1,-4.7208405E-1,-1.3376872E-2,1.8518066E-2,7.5445555E-2,-5.6367494E-2,-1.4445114E-2,-4.8184205E-2,8.03299E-3,-8.757019E-3,-1.644516E-2,-2.2274018E-3,-7.077535E-4],"categories":[],"categories_nodes":[],"categories_segments":[],"categories_sizes":[],"default_left":[0,0,0,0,0,0,0,0,0,0,0,0,0,0,0],"id":79,"left_children":[1,3,5,7,9,-1,-1,-1,-1,11,-1,-1,13,-1,-1],"loss_changes":[1.4425153E0,3.897197E-1,2.9768467E-2,8.60101E-3,2.3440728E-2,0E0,0E0,0E0,0E0,4.8102606E-3,0E0,0E0,6.0765073E-5,0E0,0E0],"parents":[2147483647,0,0,1,1,2,2,3,3,4,4,9,9,12,12],"right_children":[2,4,6,8,10,-1,-1,-1,-1,12,-1,-1,14,-1,-1],"split_conditions":[8.954825E-1,1.9832784E-1,1E0,1.0024786E-1,8.021026E-1,1.8518066E-2,7.5445555E-2,-5.6367494E-2,-1.4445114E-2,3.019421E-1,8.03299E-3,-8.757019E-3,3.994956E-1,-2.2274018E-3,-7.077535E-4],"split_indices":[0,0,0,0,0,0,0,0,0,0,0,0,0,0,0],"split_type":[0,0,0,0,0,0,0,0,0,0,0,0,0,0,0],"sum_hessian":[9E0,7E0,2E0,2E0,5E0,1E0,1E0,1E0,1E0,4E0,1E0,1E0,3E0,1E0,2E0],"tree_param":{"num_deleted":"0","num_feature":"2","num_nodes":"15","size_leaf_vector":"1"}},{"base_weights":[3.6398314E-2,-1.7766571E-1,5.9510297E-1,-4.4848123E-1,-1.2646993E-2,1.7591858E-2,7.167359E-2,-5.3549197E-2,-1.37229925E-2,-4.5703124E-2,7.6316833E-3,-8.319092E-3,-1.5533447E-2,-2.1160126E-3,-6.604513E-4],"categories":[],"categories_nodes":[],"categories_segments":[],"categories_sizes":[],"default_left":[0,0,0,0,0,0,0,0,0,0,0,0,0,0,0],"id":80,"left_children":[1,3,5,7,9,-1,-1,-1,-1,11,-1,-1,13,-1,-1],"loss_changes":[1.301715E0,3.5184512E-1,2.6872635E-2,7.761121E-3,2.1132719E-2,0E0,0E0,0E0,0E0,4.3627312E-3,0E0,0E0,6.1208615E-5,0E0,0E0],"parents":[2147483647,0,0,1,1,2,2,3,3,4,4,9,9,12,12],"right_children":[2,4,6,8,10,-1,-1,-1,-1,12,-1,-1,14,-1,-1],"split_conditions":[8.954825E-1,1.9832784E-1,1E0,1.0024786E-1,8.021026E-1,1.7591858E-2,7.167359E-2,-5.3549197E-2,-1.37229925E-2,3.019421E-1,7.6316833E-3,-8.319092E-3,3.994956E-1,-2.1160126E-3,-6.604513E-4],"split_indices":[0,0,0,0,0,0,0,0,0,0,0,0,0,0,0],"split_type":[0,0,0,0,0,0,0,0,0,0,0,0,0,0,0],"sum_hessian":[9E0,7E0,2E0,2E0,5E0,1E0,1E0,1E0,1E0,4E0,1E0,1E0,3E0,1E0,2E0],"tree_param":{"num_deleted":"0","num_feature":"2","num_nodes":"15","size_leaf_vector":"1"}},{"base_weights":[3.4612276E-2,-1.6874027E-1,5.653483E-1,-4.260559E-1,-1.1959076E-2,1.6712189E-2,6.809006E-2,-5.087166E-2,-1.3036728E-2,-4.3351747E-2,7.2502135E-3,-7.90329E-3,-1.4673233E-2,-2.0103455E-3,-6.162008E-4],"categories":[],"categories_nodes":[],"categories_segments":[],"categories_sizes":[],"default_left":[0,0,0,0,0,0,0,0,0,0,0,0,0,0,0],"id":81,"left_children":[1,3,5,7,9,-1,-1,-1,-1,11,-1,-1,13,-1,-1],"loss_changes":[1.1746624E0,3.176428E-1,2.42545E-2,7.005453E-3,1.9051872E-2,0E0,0E0,0E0,0E0,3.9567444E-3,0E0,0E0,6.0993712E-5,0E0,0E0],"parents":[2147483647,0,0,1,1,2,2,3,3,4,4,9,9,12,12],"right_children":[2,4,6,8,10,-1,-1,-1,-1,12,-1,-1,14,-1,-1],"split_conditions":[8.954825E-1,1.9832784E-1,1E0,1.0024786E-1,8.021026E-1,1.6712189E-2,6.809006E-2,-5.087166E-2,-1.3036728E-2,3.019421E-1,7.2502135E-3,-7.90329E-3,3.994956E-1,-2.0103455E-3,-6.162008E-4],"split_indices":[0,0,0,0,0,0,0,0,0,0,0,0,0,0,0],"split_type":[0,0,0,0,0,0,0,0,0,0,0,0,0,0,0],"sum_hessian":[9E0,7E0,2E0,2E0,5E0,1E0,1E0,1E0,1E0,4E0,1E0,1E0,3E0,1E0,2E0],"tree_param":{"num_deleted":"0","num_feature":"2","num_nodes":"15","size_leaf_vector":"1"}},{"base_weights":[3.291397E-2,-1.6026402E-1,5.370839E-1,-4.047521E-1,-1.1309306E-2,1.587677E-2,6.468582E-2,-4.832802E-2,-1.23847965E-2,-4.1122437E-2,6.8878173E-3,-7.5080874E-3,-1.386261E-2,-1.910019E-3,-5.7500205E-4],"categories":[],"categories_nodes":[],"categories_segments":[],"categories_sizes":[],"default_left":[0,0,0,0,0,0,0,0,0,0,0,0,0,0,0],"id":82,"left_children":[1,3,5,7,9,-1,-1,-1,-1,11,-1,-1,13,-1,-1],"loss_changes":[1.0600207E0,2.8676373E-1,2.1888018E-2,6.3233376E-3,1.7176278E-2,0E0,0E0,0E0,0E0,3.5876874E-3,0E0,0E0,6.01348E-5,0E0,0E0],"parents":[2147483647,0,0,1,1,2,2,3,3,4,4,9,9,12,12],"right_children":[2,4,6,8,10,-1,-1,-1,-1,12,-1,-1,14,-1,-1],"split_conditions":[8.954825E-1,1.9832784E-1,1E0,1.0024786E-1,8.021026E-1,1.587677E-2,6.468582E-2,-4.832802E-2,-1.23847965E-2,3.019421E-1,6.8878173E-3,-7.5080874E-3,3.994956E-1,-1.910019E-3,-5.7500205E-4],"split_indices":[0,0,0,0,0,0,0,0,0,0,0,0,0,0,0],"split_type":[0,0,0,0,0,0,0,0,0,0,0,0,0,0,0],"sum_hessian":[9E0,7E0,2E0,2E0,5E0,1E0,1E0,1E0,1E0,4E0,1E0,1E0,3E0,1E0,2E0],"tree_param":{"num_deleted":"0","num_feature":"2","num_nodes":"15","size_leaf_vector":"1"}},{"base_weights":[3.1297684E-2,-1.5221548E-1,5.102336E-1,-3.8451514E-1,-1.0696411E-2,1.5083313E-2,6.1451722E-2,-4.59116E-2,-1.1765671E-2,-3.901062E-2,6.543732E-3,-7.132721E-3,-1.309967E-2,-1.8146515E-3,-5.368551E-4],"categories":[],"categories_nodes":[],"categories_segments":[],"categories_sizes":[],"default_left":[0,0,0,0,0,0,0,0,0,0,0,0,0,0,0],"id":83,"left_children":[1,3,5,7,9,-1,-1,-1,-1,11,-1,-1,13,-1,-1],"loss_changes":[9.565759E-1,2.5888568E-1,1.9749224E-2,5.705565E-3,1.5486747E-2,0E0,0E0,0E0,0E0,3.2524043E-3,0E0,0E0,5.8650505E-5,0E0,0E0],"parents":[2147483647,0,0,1,1,2,2,3,3,4,4,9,9,12,12],"right_children":[2,4,6,8,10,-1,-1,-1,-1,12,-1,-1,14,-1,-1],"split_conditions":[8.954825E-1,1.9832784E-1,1E0,1.0024786E-1,8.021026E-1,1.5083313E-2,6.1451722E-2,-4.59116E-2,-1.1765671E-2,3.019421E-1,6.543732E-3,-7.132721E-3,3.994956E-1,-1.8146515E-3,-5.368551E-4],"split_indices":[0,0,0,0,0,0,0,0,0,0,0,0,0,0,0],"split_type":[0,0,0,0,0,0,0,0,0,0,0,0,0,0,0],"sum_hessian":[9E0,7E0,2E0,2E0,5E0,1E0,1E0,1E0,1E0,4E0,1E0,1E0,3E0,1E0,2E0],"tree_param":{"num_deleted":"0","num_feature":"2","num_nodes":"15","size_leaf_vector":"1"}},{"base_weights":[2.9759979E-2,-1.4457226E-1,4.8472595E-1,-3.652903E-1,-1.0117848E-2,1.4329529E-2,5.8379363E-2,-4.3616105E-2,-1.1177445E-2,-3.700714E-2,6.2164306E-3,-6.776047E-3,-1.2378693E-2,-1.7238617E-3,-5.0125126E-4],"categories":[],"categories_nodes":[],"categories_segments":[],"categories_sizes":[],"default_left":[0,0,0,0,0,0,0,0,0,0,0,0,0,0,0],"id":84,"left_children":[1,3,5,7,9,-1,-1,-1,-1,11,-1,-1,13,-1,-1],"loss_changes":[8.6323035E-1,2.337162E-1,1.7819285E-2,5.148858E-3,1.39622195E-2,0E0,0E0,0E0,0E0,2.9482478E-3,0E0,0E0,5.678751E-5,0E0,0E0],"parents":[2147483647,0,0,1,1,2,2,3,3,4,4,9,9,12,12],"right_children":[2,4,6,8,10,-1,-1,-1,-1,12,-1,-1,14,-1,-1],"split_conditions":[8.954825E-1,1.9832784E-1,1E0,1.0024786E-1,8.021026E-1,1.4329529E-2,5.8379363E-2,-4.3616105E-2,-1.1177445E-2,3.019421E-1,6.2164306E-3,-6.776047E-3,3.994956E-1,-1.7238617E-3,-5.0125126E-4],"split_indices":[0,0,0,0,0,0,0,0,0,0,0,0,0,0,0],"split_type":[0,0,0,0,0,0,0,0,0,0,0,0,0,0,0],"sum_hessian":[9E0,7E0,2E0,2E0,5E0,1E0,1E0,1E0,1E0,4E0,1E0,1E0,3E0,1E0,2E0],"tree_param":{"num_deleted":"0","num_feature":"2","num_nodes":"15","size_leaf_vector":"1"}},{"base_weights":[2.8298188E-2,-1.3731098E-1,4.604899E-1,-3.4702554E-1,-9.568532E-3,1.3613129E-2,5.546036E-2,-4.143524E-2,-1.0618592E-2,-3.5105895E-2,5.9059146E-3,-6.4373016E-3,-1.1695862E-2,-1.6376496E-3,-4.6768188E-4],"categories":[],"categories_nodes":[],"categories_segments":[],"categories_sizes":[],"default_left":[0,0,0,0,0,0,0,0,0,0,0,0,0,0,0],"id":85,"left_children":[1,3,5,7,9,-1,-1,-1,-1,11,-1,-1,13,-1,-1],"loss_changes":[7.789794E-1,2.1099511E-1,1.6080856E-2,4.6465397E-3,1.2588743E-2,0E0,0E0,0E0,0E0,2.6728236E-3,0E0,0E0,5.482434E-5,0E0,0E0],"parents":[2147483647,0,0,1,1,2,2,3,3,4,4,9,9,12,12],"right_children":[2,4,6,8,10,-1,-1,-1,-1,12,-1,-1,14,-1,-1],"split_conditions":[8.954825E-1,1.9832784E-1,1E0,1.0024786E-1,8.021026E-1,1.3613129E-2,5.546036E-2,-4.143524E-2,-1.0618592E-2,3.019421E-1,5.9059146E-3,-6.4373016E-3,3.994956E-1,-1.6376496E-3,-4.6768188E-4],"split_indices":[0,0,0,0,0,0,0,0,0,0,0,0,0,0,0],"split_type":[0,0,0,0,0,0,0,0,0,0,0,0,0,0,0],"sum_hessian":[9E0,7E0,2E0,2E0,5E0,1E0,1E0,1E0,1E0,4E0,1E0,1E0,3E0,1E0,2E0],"tree_param":{"num_deleted":"0","num_feature":"2","num_nodes":"15","size_leaf_vector":"1"}},{"base_weights":[2.6906585E-2,-1.3041592E-1,4.374644E-1,-3.2967377E-1,-9.051005E-3,1.29325865E-2,5.2687075E-2,-3.936348E-2,-1.0087586E-2,-3.3303834E-2,5.610657E-3,-6.115341E-3,-1.1053085E-2,-1.5556336E-3,-4.3665568E-4],"categories":[],"categories_nodes":[],"categories_segments":[],"categories_sizes":[],"default_left":[0,0,0,0,0,0,0,0,0,0,0,0,0,0,0],"id":86,"left_children":[1,3,5,7,9,-1,-1,-1,-1,11,-1,-1,13,-1,-1],"loss_changes":[7.0295215E-1,1.904794E-1,1.4510632E-2,4.19423E-3,1.1350096E-2,0E0,0E0,0E0,0E0,2.4224357E-3,0E0,0E0,5.2516814E-5,0E0,0E0],"parents":[2147483647,0,0,1,1,2,2,3,3,4,4,9,9,12,12],"right_children":[2,4,6,8,10,-1,-1,-1,-1,12,-1,-1,14,-1,-1],"split_conditions":[8.954825E-1,1.9832784E-1,1E0,1.0024786E-1,8.021026E-1,1.29325865E-2,5.2687075E-2,-3.936348E-2,-1.0087586E-2,3.019421E-1,5.610657E-3,-6.115341E-3,3.994956E-1,-1.5556336E-3,-4.3665568E-4],"split_indices":[0,0,0,0,0,0,0,0,0,0,0,0,0,0,0],"split_type":[0,0,0,0,0,0,0,0,0,0,0,0,0,0,0],"sum_hessian":[9E0,7E0,2E0,2E0,5E0,1E0,1E0,1E0,1E0,4E0,1E0,1E0,3E0,1E0,2E0],"tree_param":{"num_deleted":"0","num_feature":"2","num_nodes":"15","size_leaf_vector":"1"}},{"base_weights":[2.5581742E-2,-1.23868465E-1,4.1558838E-1,-3.1319046E-1,-8.562724E-3,1.2285614E-2,5.0052643E-2,-3.7395287E-2,-9.583282E-3,-3.159485E-2,5.3298953E-3,-5.8094026E-3,-1.0446548E-2,-1.4778137E-3,-4.0766396E-4],"categories":[],"categories_nodes":[],"categories_segments":[],"categories_sizes":[],"default_left":[0,0,0,0,0,0,0,0,0,0,0,0,0,0,0],"id":87,"left_children":[1,3,5,7,9,-1,-1,-1,-1,11,-1,-1,13,-1,-1],"loss_changes":[6.3434404E-1,1.7195752E-1,1.3099551E-2,3.7845671E-3,1.0232807E-2,0E0,0E0,0E0,0E0,2.1951809E-3,0E0,0E0,5.012218E-5,0E0,0E0],"parents":[2147483647,0,0,1,1,2,2,3,3,4,4,9,9,12,12],"right_children":[2,4,6,8,10,-1,-1,-1,-1,12,-1,-1,14,-1,-1],"split_conditions":[8.954825E-1,1.9832784E-1,1E0,1.0024786E-1,8.021026E-1,1.2285614E-2,5.0052643E-2,-3.7395287E-2,-9.583282E-3,3.019421E-1,5.3298953E-3,-5.8094026E-3,3.994956E-1,-1.4778137E-3,-4.0766396E-4],"split_indices":[0,0,0,0,0,0,0,0,0,0,0,0,0,0,0],"split_type":[0,0,0,0,0,0,0,0,0,0,0,0,0,0,0],"sum_hessian":[9E0,7E0,2E0,2E0,5E0,1E0,1E0,1E0,1E0,4E0,1E0,1E0,3E0,1E0,2E0],"tree_param":{"num_deleted":"0","num_feature":"2","num_nodes":"15","size_leaf_vector":"1"}},{"base_weights":[2.4323273E-2,-1.1765003E-1,3.94811E-1,-2.9753113E-1,-8.101146E-3,1.1671448E-2,4.75502E-2,-3.5525512E-2,-9.104157E-3,-2.9975891E-2,5.0636292E-3,-5.519104E-3,-9.874344E-3,-1.4038086E-3,-3.807068E-4],"categories":[],"categories_nodes":[],"categories_segments":[],"categories_sizes":[],"default_left":[0,0,0,0,0,0,0,0,0,0,0,0,0,0,0],"id":88,"left_children":[1,3,5,7,9,-1,-1,-1,-1,11,-1,-1,13,-1,-1],"loss_changes":[5.724432E-1,1.5523584E-1,1.1821687E-2,3.415227E-3,9.227066E-3,0E0,0E0,0E0,0E0,1.9893423E-3,0E0,0E0,4.7606358E-5,0E0,0E0],"parents":[2147483647,0,0,1,1,2,2,3,3,4,4,9,9,12,12],"right_children":[2,4,6,8,10,-1,-1,-1,-1,12,-1,-1,14,-1,-1],"split_conditions":[8.954825E-1,1.9832784E-1,1E0,1.0024786E-1,8.021026E-1,1.1671448E-2,4.75502E-2,-3.5525512E-2,-9.104157E-3,3.019421E-1,5.0636292E-3,-5.519104E-3,3.994956E-1,-1.4038086E-3,-3.807068E-4],"split_indices":[0,0,0,0,0,0,0,0,0,0,0,0,0,0,0],"split_type":[0,0,0,0,0,0,0,0,0,0,0,0,0,0,0],"sum_hessian":[9E0,7E0,2E0,2E0,5E0,1E0,1E0,1E0,1E0,4E0,1E0,1E0,3E0,1E0,2E0],"tree_param":{"num_deleted":"0","num_feature":"2","num_nodes":"15","size_leaf_vector":"1"}},{"base_weights":[2.3125838E-2,-1.11744404E-1,3.750712E-1,-2.826551E-1,-7.6649985E-3,1.1087799E-2,4.517288E-2,-3.37492E-2,-8.649063E-3,-2.8439332E-2,4.8103333E-3,-5.2433014E-3,-9.332657E-3,-1.3336182E-3,-3.5527546E-4],"categories":[],"categories_nodes":[],"categories_segments":[],"categories_sizes":[],"default_left":[0,0,0,0,0,0,0,0,0,0,0,0,0,0,0],"id":89,"left_children":[1,3,5,7,9,-1,-1,-1,-1,11,-1,-1,13,-1,-1],"loss_changes":[5.165817E-1,1.401397E-1,1.0670513E-2,3.081262E-3,8.319326E-3,0E0,0E0,0E0,0E0,1.802858E-3,0E0,0E0,4.5179768E-5,0E0,0E0],"parents":[2147483647,0,0,1,1,2,2,3,3,4,4,9,9,12,12],"right_children":[2,4,6,8,10,-1,-1,-1,-1,12,-1,-1,14,-1,-1],"split_conditions":[8.954825E-1,1.9832784E-1,1E0,1.0024786E-1,8.021026E-1,1.1087799E-2,4.517288E-2,-3.37492E-2,-8.649063E-3,3.019421E-1,4.8103333E-3,-5.2433014E-3,3.994956E-1,-1.3336182E-3,-3.5527546E-4],"split_indices":[0,0,0,0,0,0,0,0,0,0,0,0,0,0,0],"split_type":[0,0,0,0,0,0,0,0,0,0,0,0,0,0,0],"sum_hessian":[9E0,7E0,2E0,2E0,5E0,1E0,1E0,1E0,1E0,4E0,1E0,1E0,3E0,1E0,2E0],"tree_param":{"num_deleted":"0","num_feature":"2","num_nodes":"15","size_leaf_vector":"1"}},{"base_weights":[2.1988679E-2,-1.0613346E-1,3.5631815E-1,-2.6852164E-1,-7.250468E-3,1.0533142E-2,4.291458E-2,-3.2061767E-2,-8.216477E-3,-2.698059E-2,4.5700073E-3,-4.981232E-3,-8.81958E-3,-1.266861E-3,-3.3137004E-4],"categories":[],"categories_nodes":[],"categories_segments":[],"categories_sizes":[],"default_left":[0,0,0,0,0,0,0,0,0,0,0,0,0,0,0],"id":90,"left_children":[1,3,5,7,9,-1,-1,-1,-1,11,-1,-1,13,-1,-1],"loss_changes":[4.6616733E-1,1.2651251E-1,9.633809E-3,2.7818829E-3,7.5013386E-3,0E0,0E0,0E0,0E0,1.6339123E-3,0E0,0E0,4.278921E-5,0E0,0E0],"parents":[2147483647,0,0,1,1,2,2,3,3,4,4,9,9,12,12],"right_children":[2,4,6,8,10,-1,-1,-1,-1,12,-1,-1,14,-1,-1],"split_conditions":[8.954825E-1,1.9832784E-1,1E0,1.0024786E-1,8.021026E-1,1.0533142E-2,4.291458E-2,-3.2061767E-2,-8.216477E-3,3.019421E-1,4.5700073E-3,-4.981232E-3,3.994956E-1,-1.266861E-3,-3.3137004E-4],"split_indices":[0,0,0,0,0,0,0,0,0,0,0,0,0,0,0],"split_type":[0,0,0,0,0,0,0,0,0,0,0,0,0,0,0],"sum_hessian":[9E0,7E0,2E0,2E0,5E0,1E0,1E0,1E0,1E0,4E0,1E0,1E0,3E0,1E0,2E0],"tree_param":{"num_deleted":"0","num_feature":"2","num_nodes":"15","size_leaf_vector":"1"}},{"base_weights":[2.0905685E-2,-1.0080767E-1,3.3850607E-1,-2.5509515E-1,-6.8626404E-3,1.0006714E-2,4.0769197E-2,-3.0458642E-2,-7.805634E-3,-2.559967E-2,4.3411255E-3,-4.732132E-3,-8.338928E-3,-1.203537E-3,-3.094991E-4],"categories":[],"categories_nodes":[],"categories_segments":[],"categories_sizes":[],"default_left":[0,0,0,0,0,0,0,0,0,0,0,0,0,0,0],"id":91,"left_children":[1,3,5,7,9,-1,-1,-1,-1,11,-1,-1,13,-1,-1],"loss_changes":[4.2068607E-1,1.1420572E-1,8.693278E-3,2.5107116E-3,6.7632147E-3,0E0,0E0,0E0,0E0,1.4800497E-3,0E0,0E0,4.028628E-5,0E0,0E0],"parents":[2147483647,0,0,1,1,2,2,3,3,4,4,9,9,12,12],"right_children":[2,4,6,8,10,-1,-1,-1,-1,12,-1,-1,14,-1,-1],"split_conditions":[8.954825E-1,1.9832784E-1,1E0,1.0024786E-1,8.021026E-1,1.0006714E-2,4.0769197E-2,-3.0458642E-2,-7.805634E-3,3.019421E-1,4.3411255E-3,-4.732132E-3,3.994956E-1,-1.203537E-3,-3.094991E-4],"split_indices":[0,0,0,0,0,0,0,0,0,0,0,0,0,0,0],"split_type":[0,0,0,0,0,0,0,0,0,0,0,0,0,0,0],"sum_hessian":[9E0,7E0,2E0,2E0,5E0,1E0,1E0,1E0,1E0,4E0,1E0,1E0,3E0,1E0,2E0],"tree_param":{"num_deleted":"0","num_feature":"2","num_nodes":"15","size_leaf_vector":"1"}},{"base_weights":[1.9876862E-2,-9.574604E-2,3.2157898E-1,-2.4234009E-1,-6.491343E-3,9.506226E-3,3.873062E-2,-2.8935624E-2,-7.41539E-3,-2.4287414E-2,4.124451E-3,-4.4956207E-3,-7.881165E-3,-1.1432648E-3,-2.8864545E-4],"categories":[],"categories_nodes":[],"categories_segments":[],"categories_sizes":[],"default_left":[0,0,0,0,0,0,0,0,0,0,0,0,0,0,0],"id":92,"left_children":[1,3,5,7,9,-1,-1,-1,-1,11,-1,-1,13,-1,-1],"loss_changes":[3.7962663E-1,1.0310055E-1,7.846773E-3,2.265513E-3,6.0987864E-3,0E0,0E0,0E0,0E0,1.3411797E-3,0E0,0E0,3.7954713E-5,0E0,0E0],"parents":[2147483647,0,0,1,1,2,2,3,3,4,4,9,9,12,12],"right_children":[2,4,6,8,10,-1,-1,-1,-1,12,-1,-1,14,-1,-1],"split_conditions":[8.954825E-1,1.9832784E-1,1E0,1.0024786E-1,8.021026E-1,9.506226E-3,3.873062E-2,-2.8935624E-2,-7.41539E-3,3.019421E-1,4.124451E-3,-4.4956207E-3,3.994956E-1,-1.1432648E-3,-2.8864545E-4],"split_indices":[0,0,0,0,0,0,0,0,0,0,0,0,0,0,0],"split_type":[0,0,0,0,0,0,0,0,0,0,0,0,0,0,0],"sum_hessian":[9E0,7E0,2E0,2E0,5E0,1E0,1E0,1E0,1E0,4E0,1E0,1E0,3E0,1E0,2E0],"tree_param":{"num_deleted":"0","num_feature":"2","num_nodes":"15","size_leaf_vector":"1"}},{"base_weights":[1.8898392E-2,-9.094E-2,3.055013E-1,-2.3022334E-1,-6.1416626E-3,9.030915E-3,3.6794282E-2,-2.74889E-2,-7.0446017E-3,-2.3043822E-2,3.9184573E-3,-4.270935E-3,-7.4501038E-3,-1.0860444E-3,-2.6931762E-4],"categories":[],"categories_nodes":[],"categories_segments":[],"categories_sizes":[],"default_left":[0,0,0,0,0,0,0,0,0,0,0,0,0,0,0],"id":93,"left_children":[1,3,5,7,9,-1,-1,-1,-1,11,-1,-1,13,-1,-1],"loss_changes":[3.4258232E-1,9.307401E-2,7.0821643E-3,2.0448416E-3,5.49963E-3,0E0,0E0,0E0,0E0,1.2151045E-3,0E0,0E0,3.564186E-5,0E0,0E0],"parents":[2147483647,0,0,1,1,2,2,3,3,4,4,9,9,12,12],"right_children":[2,4,6,8,10,-1,-1,-1,-1,12,-1,-1,14,-1,-1],"split_conditions":[8.954825E-1,1.9832784E-1,1E0,1.0024786E-1,8.021026E-1,9.030915E-3,3.6794282E-2,-2.74889E-2,-7.0446017E-3,3.019421E-1,3.9184573E-3,-4.270935E-3,3.994956E-1,-1.0860444E-3,-2.6931762E-4],"split_indices":[0,0,0,0,0,0,0,0,0,0,0,0,0,0,0],"split_type":[0,0,0,0,0,0,0,0,0,0,0,0,0,0,0],"sum_hessian":[9E0,7E0,2E0,2E0,5E0,1E0,1E0,1E0,1E0,4E0,1E0,1E0,3E0,1E0,2E0],"tree_param":{"num_deleted":"0","num_feature":"2","num_nodes":"15","size_leaf_vector":"1"}},{"base_weights":[1.796608E-2,-8.637762E-2,2.9022726E-1,-2.1871312E-1,-5.8135986E-3,8.579254E-3,3.4954835E-2,-2.6114464E-2,-6.692505E-3,-2.1865845E-2,3.7223815E-3,-4.057312E-3,-7.045746E-3,-1.0318756E-3,-2.515157E-4],"categories":[],"categories_nodes":[],"categories_segments":[],"categories_sizes":[],"default_left":[0,0,0,0,0,0,0,0,0,0,0,0,0,0,0],"id":94,"left_children":[1,3,5,7,9,-1,-1,-1,-1,11,-1,-1,13,-1,-1],"loss_changes":[3.0915654E-1,8.402033E-2,6.393194E-3,1.8446743E-3,4.959013E-3,0E0,0E0,0E0,0E0,1.1003504E-3,0E0,0E0,3.3361357E-5,0E0,0E0],"parents":[2147483647,0,0,1,1,2,2,3,3,4,4,9,9,12,12],"right_children":[2,4,6,8,10,-1,-1,-1,-1,12,-1,-1,14,-1,-1],"split_conditions":[8.954825E-1,1.9832784E-1,1E0,1.0024786E-1,8.021026E-1,8.579254E-3,3.4954835E-2,-2.6114464E-2,-6.692505E-3,3.019421E-1,3.7223815E-3,-4.057312E-3,3.994956E-1,-1.0318756E-3,-2.515157E-4],"split_indices":[0,0,0,0,0,0,0,0,0,0,0,0,0,0,0],"split_type":[0,0,0,0,0,0,0,0,0,0,0,0,0,0,0],"sum_hessian":[9E0,7E0,2E0,2E0,5E0,1E0,1E0,1E0,1E0,4E0,1E0,1E0,3E0,1E0,2E0],"tree_param":{"num_deleted":"0","num_feature":"2","num_nodes":"15","size_leaf_vector":"1"}},{"base_weights":[1.7080307E-2,-8.204317E-2,2.7571616E-1,-2.0777766E-1,-5.502065E-3,8.150483E-3,3.320694E-2,-2.4808694E-2,-6.357956E-3,-2.0747375E-2,3.5362244E-3,-3.8543702E-3,-6.662369E-3,-9.803772E-4,-2.3473104E-4],"categories":[],"categories_nodes":[],"categories_segments":[],"categories_sizes":[],"default_left":[0,0,0,0,0,0,0,0,0,0,0,0,0,0,0],"id":95,"left_children":[1,3,5,7,9,-1,-1,-1,-1,11,-1,-1,13,-1,-1],"loss_changes":[2.7898946E-1,7.584764E-2,5.7680607E-3,1.6642958E-3,4.471608E-3,0E0,0E0,0E0,0E0,9.965145E-4,0E0,0E0,3.1208852E-5,0E0,0E0],"parents":[2147483647,0,0,1,1,2,2,3,3,4,4,9,9,12,12],"right_children":[2,4,6,8,10,-1,-1,-1,-1,12,-1,-1,14,-1,-1],"split_conditions":[8.954825E-1,1.9832784E-1,1E0,1.0024786E-1,8.021026E-1,8.150483E-3,3.320694E-2,-2.4808694E-2,-6.357956E-3,3.019421E-1,3.5362244E-3,-3.8543702E-3,3.994956E-1,-9.803772E-4,-2.3473104E-4],"split_indices":[0,0,0,0,0,0,0,0,0,0,0,0,0,0,0],"split_type":[0,0,0,0,0,0,0,0,0,0,0,0,0,0,0],"sum_hessian":[9E0,7E0,2E0,2E0,5E0,1E0,1E0,1E0,1E0,4E0,1E0,1E0,3E0,1E0,2E0],"tree_param":{"num_deleted":"0","num_feature":"2","num_nodes":"15","size_leaf_vector":"1"}},{"base_weights":[1.6238403E-2,-7.7926636E-2,2.6193237E-1,-1.9739024E-1,-5.207062E-3,7.7430727E-3,3.1546783E-2,-2.3568345E-2,-6.0401917E-3,-1.9685363E-2,3.3592226E-3,-3.661728E-3,-6.298065E-3,-9.311676E-4,-2.1896363E-4],"categories":[],"categories_nodes":[],"categories_segments":[],"categories_sizes":[],"default_left":[0,0,0,0,0,0,0,0,0,0,0,0,0,0,0],"id":96,"left_children":[1,3,5,7,9,-1,-1,-1,-1,11,-1,-1,13,-1,-1],"loss_changes":[2.5176933E-1,6.8470925E-2,5.205244E-3,1.5014336E-3,4.0317615E-3,0E0,0E0,0E0,0E0,9.027448E-4,0E0,0E0,2.9135641E-5,0E0,0E0],"parents":[2147483647,0,0,1,1,2,2,3,3,4,4,9,9,12,12],"right_children":[2,4,6,8,10,-1,-1,-1,-1,12,-1,-1,14,-1,-1],"split_conditions":[8.954825E-1,1.9832784E-1,1E0,1.0024786E-1,8.021026E-1,7.7430727E-3,3.1546783E-2,-2.3568345E-2,-6.0401917E-3,3.019421E-1,3.3592226E-3,-3.661728E-3,3.994956E-1,-9.311676E-4,-2.1896363E-4],"split_indices":[0,0,0,0,0,0,0,0,0,0,0,0,0,0,0],"split_type":[0,0,0,0,0,0,0,0,0,0,0,0,0,0,0],"sum_hessian":[9E0,7E0,2E0,2E0,5E0,1E0,1E0,1E0,1E0,4E0,1E0,1E0,3E0,1E0,2E0],"tree_param":{"num_deleted":"0","num_feature":"2","num_nodes":"15","size_leaf_vector":"1"}},{"base_weights":[1.5439605E-2,-7.401562E-2,2.4884033E-1,-1.8752034E-1,-4.927317E-3,7.3562623E-3,2.9969787E-2,-2.2389984E-2,-5.738068E-3,-1.8678283E-2,3.1913759E-3,-3.4786225E-3,-5.9547424E-3,-7.502238E-4,-6.5612796E-5],"categories":[],"categories_nodes":[],"categories_segments":[],"categories_sizes":[],"default_left":[0,0,0,0,0,0,0,0,0,0,0,0,0,0,0],"id":97,"left_children":[1,3,5,7,9,-1,-1,-1,-1,11,-1,-1,13,-1,-1],"loss_changes":[2.2720721E-1,6.1810818E-2,4.6960264E-3,1.3557225E-3,3.6356964E-3,0E0,0E0,0E0,0E0,8.1760716E-4,0E0,0E0,2.7875896E-5,0E0,0E0],"parents":[2147483647,0,0,1,1,2,2,3,3,4,4,9,9,12,12],"right_children":[2,4,6,8,10,-1,-1,-1,-1,12,-1,-1,14,-1,-1],"split_conditions":[8.954825E-1,1.9832784E-1,1E0,1.0024786E-1,8.021026E-1,7.3562623E-3,2.9969787E-2,-2.2389984E-2,-5.738068E-3,3.019421E-1,3.1913759E-3,-3.4786225E-3,4.996103E-1,-7.502238E-4,-6.5612796E-5],"split_indices":[0,0,0,0,0,0,0,0,0,0,0,0,0,0,0],"split_type":[0,0,0,0,0,0,0,0,0,0,0,0,0,0,0],"sum_hessian":[9E0,7E0,2E0,2E0,5E0,1E0,1E0,1E0,1E0,4E0,1E0,1E0,3E0,2E0,1E0],"tree_param":{"num_deleted":"0","num_feature":"2","num_nodes":"15","size_leaf_vector":"1"}},{"base_weights":[1.4705276E-2,-7.0268154E-2,2.3639934E-1,-1.781451E-1,-4.6183267E-3,6.9885254E-3,2.8471375E-2,-2.1270562E-2,-5.4512024E-3,-1.7669678E-2,3.0319213E-3,-3.3046722E-3,-5.563736E-3,-8.472443E-4,-1.7700196E-4],"categories":[],"categories_nodes":[],"categories_segments":[],"categories_sizes":[],"default_left":[0,0,0,0,0,0,0,0,0,0,0,0,0,0,0],"id":98,"left_children":[1,3,5,7,9,-1,-1,-1,-1,11,-1,-1,13,-1,-1],"loss_changes":[2.0499238E-1,5.5834077E-2,4.237786E-3,1.2234598E-3,3.2716233E-3,0E0,0E0,0E0,0E0,7.469049E-4,0E0,0E0,2.9142844E-5,0E0,0E0],"parents":[2147483647,0,0,1,1,2,2,3,3,4,4,9,9,12,12],"right_children":[2,4,6,8,10,-1,-1,-1,-1,12,-1,-1,14,-1,-1],"split_conditions":[8.954825E-1,1.9832784E-1,1E0,1.0024786E-1,8.021026E-1,6.9885254E-3,2.8471375E-2,-2.1270562E-2,-5.4512024E-3,3.019421E-1,3.0319213E-3,-3.3046722E-3,3.994956E-1,-8.472443E-4,-1.7700196E-4],"split_indices":[0,0,0,0,0,0,0,0,0,0,0,0,0,0,0],"split_type":[0,0,0,0,0,0,0,0,0,0,0,0,0,0,0],"sum_hessian":[9E0,7E0,2E0,2E0,5E0,1E0,1E0,1E0,1E0,4E0,1E0,1E0,3E0,1E0,2E0],"tree_param":{"num_deleted":"0","num_feature":"2","num_nodes":"15","size_leaf_vector":"1"}},{"base_weights":[1.3977433E-2,-6.674528E-2,2.2457886E-1,-1.6923904E-1,-4.374186E-3,6.639099E-3,2.704773E-2,-2.0207023E-2,-5.178833E-3,-1.676941E-2,2.8800964E-3,-2.629598E-2,-1.6530356E-4,-3.1394958E-3,-8.049011E-4],"categories":[],"categories_nodes":[],"categories_segments":[],"categories_sizes":[],"default_left":[0,0,0,0,0,0,0,0,0,0,0,0,0,0,0],"id":99,"left_children":[1,3,5,7,9,-1,-1,-1,-1,11,-1,13,-1,-1,-1],"loss_changes":[1.8499276E-1,5.0400894E-2,3.8244724E-3,1.1032671E-3,2.9502555E-3,0E0,0E0,0E0,0E0,6.7656767E-4,0E0,2.6424183E-5,0E0,0E0,0E0],"parents":[2147483647,0,0,1,1,2,2,3,3,4,4,9,9,11,11],"right_children":[2,4,6,8,10,-1,-1,-1,-1,12,-1,14,-1,-1,-1],"split_conditions":[8.954825E-1,1.9832784E-1,1E0,1.0024786E-1,8.021026E-1,6.639099E-3,2.704773E-2,-2.0207023E-2,-5.178833E-3,3.994956E-1,2.8800964E-3,3.019421E-1,-1.6530356E-4,-3.1394958E-3,-8.049011E-4],"split_indices":[0,0,0,0,0,0,0,0,0,0,0,0,0,0,0],"split_type":[0,0,0,0,0,0,0,0,0,0,0,0,0,0,0],"sum_hessian":[9E0,7E0,2E0,2E0,5E0,1E0,1E0,1E0,1E0,4E0,1E0,2E0,2E0,1E0,1E0],"tree_param":{"num_deleted":"0","num_feature":"2","num_nodes":"15","size_leaf_vector":"1"}}]},"name":"gbtree"},"learner_model_param":{"base_score":"1.19244446E2","boost_from_average":"1","num_class":"0","num_feature":"2","num_target":"1"},"objective":{"name":"reg:squarederror","reg_loss_param":{"scale_pos_weight":"1"}}},"version":[2,0,1]}