{"model_name": "SVRRegressorTrainer_0", "trainer": "SVRRegressorTrainer", "model_class": "scikit", "model_file": "SVRRegressorTrainer_0.json", "features": ["bpf_cpu_time_ms", "bpf_page_cache_hit"], "fe_files": [], "output_type": "AbsPower", "mae": 7.22, "mape": -1, "node_type": 0, "machine_spec": {"processor": "11th_gen_intel_core", "cores": 8, "chips": 1, "memory": 31, "frequency": 4800}, "package_mae": 7.22, "core_mae": 4.61, "uncore_mae": 1.2, "dram_mae": 0.0, "package_mape": 53.39, "core_mape": 35.91, "uncore_mape": 33976.07, "dram_mape": -1}