{"model_name": "SGDRegressorTrainer_0", "trainer": "SGDRegressorTrainer", "model_class": "scikit", "model_file": "SGDRegressorTrainer_0.json", "features": ["bpf_cpu_time_ms", "bpf_page_cache_hit", "cache_miss", "cpu_cycles", "cpu_instructions"], "fe_files": [], "output_type": "AbsPower", "mae": 23520450744915.83, "mape": -1, "node_type": 0, "machine_spec": {"processor": "11th_gen_intel_core", "cores": 8, "chips": 1, "memory": 31, "frequency": 4800}, "package_mae": 9436501093272.64, "core_mae": 23520450744915.83, "uncore_mae": 11656657707893.36, "dram_mae": 0.0, "package_mape": 51918011686677.58, "core_mape": 167471843118083.34, "uncore_mape": 5.3064672928833e+16, "dram_mape": -1}