{"package": {"All_Weights": {"Bias_Weight": 167.43199069525858, "Categorical_Variables": {}, "Numerical_Variables": {"bpf_block_irq": {"scale": 0.16683299724637102, "mean": 0, "variance": 0, "weight": 0.9512011339909688}, "bpf_cpu_time_us": {"scale": 5911.969193263386, "mean": 0, "variance": 0, "weight": 105.56974596232516}, "bpf_net_rx_irq": {"scale": 52.1304315700023, "mean": 0, "variance": 0, "weight": -2.595931921102867}, "bpf_net_tx_irq": {"scale": 0.2898158296573689, "mean": 0, "variance": 0, "weight": 5.010374150267411}}}}, "core": {"All_Weights": {"Bias_Weight": 0.0, "Categorical_Variables": {}, "Numerical_Variables": {"bpf_block_irq": {"scale": 0.16683299724637102, "mean": 0, "variance": 0, "weight": 0.0}, "bpf_cpu_time_us": {"scale": 5911.969193263386, "mean": 0, "variance": 0, "weight": 0.0}, "bpf_net_rx_irq": {"scale": 52.1304315700023, "mean": 0, "variance": 0, "weight": 0.0}, "bpf_net_tx_irq": {"scale": 0.2898158296573689, "mean": 0, "variance": 0, "weight": 0.0}}}}, "uncore": {"All_Weights": {"Bias_Weight": 0.0, "Categorical_Variables": {}, "Numerical_Variables": {"bpf_block_irq": {"scale": 0.16683299724637102, "mean": 0, "variance": 0, "weight": 0.0}, "bpf_cpu_time_us": {"scale": 5911.969193263386, "mean": 0, "variance": 0, "weight": 0.0}, "bpf_net_rx_irq": {"scale": 52.1304315700023, "mean": 0, "variance": 0, "weight": 0.0}, "bpf_net_tx_irq": {"scale": 0.2898158296573689, "mean": 0, "variance": 0, "weight": 0.0}}}}, "dram": {"All_Weights": {"Bias_Weight": 77.8733863666159, "Categorical_Variables": {}, "Numerical_Variables": {"bpf_block_irq": {"scale": 0.16683299724637102, "mean": 0, "variance": 0, "weight": 0.11114829808953233}, "bpf_cpu_time_us": {"scale": 5911.969193263386, "mean": 0, "variance": 0, "weight": 10.372421689049458}, "bpf_net_rx_irq": {"scale": 52.1304315700023, "mean": 0, "variance": 0, "weight": -1.9392792499424436}, "bpf_net_tx_irq": {"scale": 0.2898158296573689, "mean": 0, "variance": 0, "weight": -0.4038831499842153}}}}}