{"learner":{"attributes":{"scikit_learn":"{\"_estimator_type\": \"regressor\"}"},"feature_names":[],"feature_types":[],"gradient_booster":{"model":{"gbtree_model_param":{"num_parallel_tree":"1","num_trees":"100"},"iteration_indptr":[0,1,2,3,4,5,6,7,8,9,10,11,12,13,14,15,16,17,18,19,20,21,22,23,24,25,26,27,28,29,30,31,32,33,34,35,36,37,38,39,40,41,42,43,44,45,46,47,48,49,50,51,52,53,54,55,56,57,58,59,60,61,62,63,64,65,66,67,68,69,70,71,72,73,74,75,76,77,78,79,80,81,82,83,84,85,86,87,88,89,90,91,92,93,94,95,96,97,98,99,100],"tree_info":[0,0,0,0,0,0,0,0,0,0,0,0,0,0,0,0,0,0,0,0,0,0,0,0,0,0,0,0,0,0,0,0,0,0,0,0,0,0,0,0,0,0,0,0,0,0,0,0,0,0,0,0,0,0,0,0,0,0,0,0,0,0,0,0,0,0,0,0,0,0,0,0,0,0,0,0,0,0,0,0,0,0,0,0,0,0,0,0,0,0,0,0,0,0,0,0,0,0,0,0],"trees":[{"base_weights":[1.9073487E-7,-1.645111E1,1.370926E1,-1.8491668E0,-4.1444445E-1,4.0740737E-1,1.7508335E0],"categories":[],"categories_nodes":[],"categories_segments":[],"categories_sizes":[],"default_left":[0,0,0,0,0,0,0],"id":0,"left_children":[1,3,5,-1,-1,-1,-1],"loss_changes":[2.4808582E3,4.892444E1,1.4829846E2,0E0,0E0,0E0,0E0],"parents":[2147483647,0,0,1,1,2,2],"right_children":[2,4,6,-1,-1,-1,-1],"split_conditions":[4.9946764E-1,3.0424473E-1,7.0474434E-1,-1.8491668E0,-4.1444445E-1,4.0740737E-1,1.7508335E0],"split_indices":[0,0,0,0,0,0,0],"split_type":[0,0,0,0,0,0,0],"sum_hessian":[9E0,4E0,5E0,3E0,1E0,2E0,3E0],"tree_param":{"num_deleted":"0","num_feature":"2","num_nodes":"7","size_leaf_vector":"1"}},{"base_weights":[-1.05371475E-2,-1.5258722E1,1.269804E1,-1.7104791E0,-3.9372227E-1,3.80247E-1,1.6195208E0],"categories":[],"categories_nodes":[],"categories_segments":[],"categories_sizes":[],"default_left":[0,0,0,0,0,0,0],"id":1,"left_children":[1,3,5,-1,-1,-1,-1],"loss_changes":[2.1315833E3,3.7155884E1,1.25074036E2,0E0,0E0,0E0,0E0],"parents":[2147483647,0,0,1,1,2,2],"right_children":[2,4,6,-1,-1,-1,-1],"split_conditions":[4.9946764E-1,3.0424473E-1,7.0474434E-1,-1.7104791E0,-3.9372227E-1,3.80247E-1,1.6195208E0],"split_indices":[0,0,0,0,0,0,0],"split_type":[0,0,0,0,0,0,0],"sum_hessian":[9E0,4E0,5E0,3E0,1E0,2E0,3E0],"tree_param":{"num_deleted":"0","num_feature":"2","num_nodes":"7","size_leaf_vector":"1"}},{"base_weights":[-1.9926643E-2,-1.415369E1,1.1761531E1,-1.7552828E0,-6.0366553E-1,3.5489732E-1,1.4980567E0],"categories":[],"categories_nodes":[],"categories_segments":[],"categories_sizes":[],"default_left":[0,0,0,0,0,0,0],"id":2,"left_children":[1,3,5,-1,-1,-1,-1],"loss_changes":[1.8316322E3,3.1994263E1,1.0545343E2,0E0,0E0,0E0,0E0],"parents":[2147483647,0,0,1,1,2,2],"right_children":[2,4,6,-1,-1,-1,-1],"split_conditions":[4.9946764E-1,1.9922782E-1,7.0474434E-1,-1.7552828E0,-6.0366553E-1,3.5489732E-1,1.4980567E0],"split_indices":[0,0,0,0,0,0,0],"split_type":[0,0,0,0,0,0,0],"sum_hessian":[9E0,4E0,5E0,2E0,2E0,2E0,3E0],"tree_param":{"num_deleted":"0","num_feature":"2","num_nodes":"7","size_leaf_vector":"1"}},{"base_weights":[-6.85339E-2,-1.3210111E1,1.0894202E1,-1.638264E0,-5.634212E-1,1.0342808E-1,1.265933E0],"categories":[],"categories_nodes":[],"categories_segments":[],"categories_sizes":[],"default_left":[0,0,0,0,0,0,0],"id":3,"left_children":[1,3,5,-1,-1,-1,-1],"loss_changes":[1.58459E3,2.7870483E1,9.133087E1,0E0,0E0,0E0,0E0],"parents":[2147483647,0,0,1,1,2,2],"right_children":[2,4,6,-1,-1,-1,-1],"split_conditions":[4.9946764E-1,1.9922782E-1,6.038301E-1,-1.638264E0,-5.634212E-1,1.0342808E-1,1.265933E0],"split_indices":[0,0,0,0,0,0,0],"split_type":[0,0,0,0,0,0,0],"sum_hessian":[9E0,4E0,5E0,2E0,2E0,1E0,4E0],"tree_param":{"num_deleted":"0","num_feature":"2","num_nodes":"7","size_leaf_vector":"1"}},{"base_weights":[-1.4491367E-1,-1.2329437E1,1.0033009E1,-1.3833388E0,-3.1568193E-1,2.8559217E-1,1.2907572E0],"categories":[],"categories_nodes":[],"categories_segments":[],"categories_sizes":[],"default_left":[0,0,0,0,0,0,0],"id":4,"left_children":[1,3,5,-1,-1,-1,-1],"loss_changes":[1.3638328E3,2.5306335E1,8.692291E1,0E0,0E0,0E0,0E0],"parents":[2147483647,0,0,1,1,2,2],"right_children":[2,4,6,-1,-1,-1,-1],"split_conditions":[4.9946764E-1,3.0424473E-1,7.0474434E-1,-1.3833388E0,-3.1568193E-1,2.8559217E-1,1.2907572E0],"split_indices":[0,0,0,0,0,0,0],"split_type":[0,0,0,0,0,0,0],"sum_hessian":[9E0,4E0,5E0,3E0,1E0,2E0,3E0],"tree_param":{"num_deleted":"0","num_feature":"2","num_nodes":"7","size_leaf_vector":"1"}},{"base_weights":[-1.4268894E-1,-1.1436298E1,9.292434E0,-1.4368237E0,-4.6922588E-1,3.895647E0,1.3390671E0,8.3977126E-2,4.6343485E-1],"categories":[],"categories_nodes":[],"categories_segments":[],"categories_sizes":[],"default_left":[0,0,0,0,0,0,0,0,0],"id":5,"left_children":[1,3,5,-1,-1,7,-1,-1,-1],"loss_changes":[1.1718369E3,3.1446106E1,8.0538574E1,0E0,0E0,5.137722E0,0E0,0E0,0E0],"parents":[2147483647,0,0,1,1,2,2,5,5],"right_children":[2,4,6,-1,-1,8,-1,-1,-1],"split_conditions":[4.9946764E-1,1.9922782E-1,9.0226525E-1,-1.4368237E0,-4.6922588E-1,6.038301E-1,1.3390671E0,8.3977126E-2,4.6343485E-1],"split_indices":[0,0,0,0,0,0,0,0,0],"split_type":[0,0,0,0,0,0,0,0,0],"sum_hessian":[9E0,4E0,5E0,2E0,2E0,3E0,2E0,1E0,2E0],"tree_param":{"num_deleted":"0","num_feature":"2","num_nodes":"9","size_leaf_vector":"1"}},{"base_weights":[-1.3037701E-1,-1.0673878E1,8.677604E0,-1.3410356E0,-4.3794408E-1,3.6429348E0,1.249796E0,7.977829E-2,4.3253914E-1],"categories":[],"categories_nodes":[],"categories_segments":[],"categories_sizes":[],"default_left":[0,0,0,0,0,0,0,0,0],"id":6,"left_children":[1,3,5,-1,-1,7,-1,-1,-1],"loss_changes":[1.02129315E3,2.7393127E1,6.987616E1,0E0,0E0,4.316044E0,0E0,0E0,0E0],"parents":[2147483647,0,0,1,1,2,2,5,5],"right_children":[2,4,6,-1,-1,8,-1,-1,-1],"split_conditions":[4.9946764E-1,1.9922782E-1,9.0226525E-1,-1.3410356E0,-4.3794408E-1,6.038301E-1,1.249796E0,7.977829E-2,4.3253914E-1],"split_indices":[0,0,0,0,0,0,0,0,0],"split_type":[0,0,0,0,0,0,0,0,0],"sum_hessian":[9E0,4E0,5E0,2E0,2E0,3E0,2E0,1E0,2E0],"tree_param":{"num_deleted":"0","num_feature":"2","num_nodes":"9","size_leaf_vector":"1"}},{"base_weights":[-1.1902676E-1,-9.962287E0,8.103528E0,-1.2516332E0,-4.087479E-1,3.4067202E0,1.1664761E0,7.578945E-2,4.0370306E-1],"categories":[],"categories_nodes":[],"categories_segments":[],"categories_sizes":[],"default_left":[0,0,0,0,0,0,0,0,0],"id":7,"left_children":[1,3,5,-1,-1,7,-1,-1,-1],"loss_changes":[8.900971E2,2.3862366E1,6.0619995E1,0E0,0E0,3.6186867E0,0E0,0E0,0E0],"parents":[2147483647,0,0,1,1,2,2,5,5],"right_children":[2,4,6,-1,-1,8,-1,-1,-1],"split_conditions":[4.9946764E-1,1.9922782E-1,9.0226525E-1,-1.2516332E0,-4.087479E-1,6.038301E-1,1.1664761E0,7.578945E-2,4.0370306E-1],"split_indices":[0,0,0,0,0,0,0,0,0],"split_type":[0,0,0,0,0,0,0,0,0],"sum_hessian":[9E0,4E0,5E0,2E0,2E0,3E0,2E0,1E0,2E0],"tree_param":{"num_deleted":"0","num_feature":"2","num_nodes":"9","size_leaf_vector":"1"}},{"base_weights":[-1.0856533E-1,-9.298134E0,7.567503E0,-1.3511432E0,-4.8669514E-1,3.1859217E0,1.0887111E0,7.199993E-2,3.767896E-1],"categories":[],"categories_nodes":[],"categories_segments":[],"categories_sizes":[],"default_left":[0,0,0,0,0,0,0,0,0],"id":8,"left_children":[1,3,5,-1,-1,7,-1,-1,-1],"loss_changes":[7.757613E2,2.7589966E1,5.2585297E1,0E0,0E0,3.0275307E0,0E0,0E0,0E0],"parents":[2147483647,0,0,1,1,2,2,5,5],"right_children":[2,4,6,-1,-1,8,-1,-1,-1],"split_conditions":[4.9946764E-1,1.0307549E-1,9.0226525E-1,-1.3511432E0,-4.8669514E-1,6.038301E-1,1.0887111E0,7.199993E-2,3.767896E-1],"split_indices":[0,0,0,0,0,0,0,0,0],"split_type":[0,0,0,0,0,0,0,0,0],"sum_hessian":[9E0,4E0,5E0,1E0,3E0,3E0,2E0,1E0,2E0],"tree_param":{"num_deleted":"0","num_feature":"2","num_nodes":"9","size_leaf_vector":"1"}},{"base_weights":[-1.2774257E-1,-8.735889E0,7.0670033E0,-1.2835861E0,-4.5019308E-1,2.9795275E0,1.0161303E0,6.84E-2,3.5167035E-1],"categories":[],"categories_nodes":[],"categories_segments":[],"categories_sizes":[],"default_left":[0,0,0,0,0,0,0,0,0],"id":9,"left_children":[1,3,5,-1,-1,7,-1,-1,-1],"loss_changes":[6.810708E2,2.90094E1,4.561139E1,0E0,0E0,2.5269814E0,0E0,0E0,0E0],"parents":[2147483647,0,0,1,1,2,2,5,5],"right_children":[2,4,6,-1,-1,8,-1,-1,-1],"split_conditions":[4.9946764E-1,1.0307549E-1,9.0226525E-1,-1.2835861E0,-4.5019308E-1,6.038301E-1,1.0161303E0,6.84E-2,3.5167035E-1],"split_indices":[0,0,0,0,0,0,0,0,0],"split_type":[0,0,0,0,0,0,0,0,0],"sum_hessian":[9E0,4E0,5E0,1E0,3E0,3E0,2E0,1E0,2E0],"tree_param":{"num_deleted":"0","num_feature":"2","num_nodes":"9","size_leaf_vector":"1"}},{"base_weights":[-1.447258E-1,-8.209056E0,6.5996704E0,-1.2194068E0,-4.1642863E-1,2.7865925E0,9.483884E-1,6.497993E-2,3.282257E-1],"categories":[],"categories_nodes":[],"categories_segments":[],"categories_sizes":[],"default_left":[0,0,0,0,0,0,0,0,0],"id":10,"left_children":[1,3,5,-1,-1,7,-1,-1,-1],"loss_changes":[5.9806744E2,2.9812683E1,3.9558685E1,0E0,0E0,2.1037216E0,0E0,0E0,0E0],"parents":[2147483647,0,0,1,1,2,2,5,5],"right_children":[2,4,6,-1,-1,8,-1,-1,-1],"split_conditions":[4.9946764E-1,1.0307549E-1,9.0226525E-1,-1.2194068E0,-4.1642863E-1,6.038301E-1,9.483884E-1,6.497993E-2,3.282257E-1],"split_indices":[0,0,0,0,0,0,0,0,0],"split_type":[0,0,0,0,0,0,0,0,0],"sum_hessian":[9E0,4E0,5E0,1E0,3E0,3E0,2E0,1E0,2E0],"tree_param":{"num_deleted":"0","num_feature":"2","num_nodes":"9","size_leaf_vector":"1"}},{"base_weights":[-1.5967675E-1,-7.7153177E0,6.1633034E0,-1.1584365E0,-3.8519645E-1,2.6062355E0,8.8516265E-1,6.173096E-2,3.0634412E-1],"categories":[],"categories_nodes":[],"categories_segments":[],"categories_sizes":[],"default_left":[0,0,0,0,0,0,0,0,0],"id":11,"left_children":[1,3,5,-1,-1,7,-1,-1,-1],"loss_changes":[5.252935E2,3.011493E1,3.4305847E1,0E0,0E0,1.7463017E0,0E0,0E0,0E0],"parents":[2147483647,0,0,1,1,2,2,5,5],"right_children":[2,4,6,-1,-1,8,-1,-1,-1],"split_conditions":[4.9946764E-1,1.0307549E-1,9.0226525E-1,-1.1584365E0,-3.8519645E-1,6.038301E-1,8.8516265E-1,6.173096E-2,3.0634412E-1],"split_indices":[0,0,0,0,0,0,0,0,0],"split_type":[0,0,0,0,0,0,0,0,0],"sum_hessian":[9E0,4E0,5E0,1E0,3E0,3E0,2E0,1E0,2E0],"tree_param":{"num_deleted":"0","num_feature":"2","num_nodes":"9","size_leaf_vector":"1"}},{"base_weights":[-1.7274818E-1,-7.2525125E0,5.7558465E0,-1.1005148E0,-3.563067E-1,2.4376316E0,8.261518E-1,5.8644485E-2,2.8592122E-1],"categories":[],"categories_nodes":[],"categories_segments":[],"categories_sizes":[],"default_left":[0,0,0,0,0,0,0,0,0],"id":12,"left_children":[1,3,5,-1,-1,7,-1,-1,-1],"loss_changes":[4.6147488E2,3.001361E1,2.9747604E1,0E0,0E0,1.4449272E0,0E0,0E0,0E0],"parents":[2147483647,0,0,1,1,2,2,5,5],"right_children":[2,4,6,-1,-1,8,-1,-1,-1],"split_conditions":[4.9946764E-1,1.0307549E-1,9.0226525E-1,-1.1005148E0,-3.563067E-1,6.038301E-1,8.261518E-1,5.8644485E-2,2.8592122E-1],"split_indices":[0,0,0,0,0,0,0,0,0],"split_type":[0,0,0,0,0,0,0,0,0],"sum_hessian":[9E0,4E0,5E0,1E0,3E0,3E0,2E0,1E0,2E0],"tree_param":{"num_deleted":"0","num_feature":"2","num_nodes":"9","size_leaf_vector":"1"}},{"base_weights":[-1.8408413E-1,-6.8186255E0,5.375381E0,-1.045489E0,-3.295837E-1,1.4942195E-1,6.942407E-1],"categories":[],"categories_nodes":[],"categories_segments":[],"categories_sizes":[],"default_left":[0,0,0,0,0,0,0],"id":13,"left_children":[1,3,5,-1,-1,-1,-1],"loss_changes":[4.0549768E2,2.9591309E1,2.6117813E1,0E0,0E0,0E0,0E0],"parents":[2147483647,0,0,1,1,2,2],"right_children":[2,4,6,-1,-1,-1,-1],"split_conditions":[4.9946764E-1,1.0307549E-1,7.0474434E-1,-1.045489E0,-3.295837E-1,1.4942195E-1,6.942407E-1],"split_indices":[0,0,0,0,0,0,0],"split_type":[0,0,0,0,0,0,0],"sum_hessian":[9E0,4E0,5E0,1E0,3E0,2E0,3E0],"tree_param":{"num_deleted":"0","num_feature":"2","num_nodes":"7","size_leaf_vector":"1"}},{"base_weights":[-2.1881676E-1,-6.4117775E0,4.978453E0,-9.9321455E-1,-3.0486494E-1,2.0317383E0,7.2479224E-1,4.8241235E-2,2.3873761E-1],"categories":[],"categories_nodes":[],"categories_segments":[],"categories_sizes":[],"default_left":[0,0,0,0,0,0,0,0,0],"id":14,"left_children":[1,3,5,-1,-1,7,-1,-1,-1],"loss_changes":[3.5378558E2,2.8917618E1,2.5398987E1,0E0,0E0,1.0522976E0,0E0,0E0,0E0],"parents":[2147483647,0,0,1,1,2,2,5,5],"right_children":[2,4,6,-1,-1,8,-1,-1,-1],"split_conditions":[4.9946764E-1,1.0307549E-1,9.0226525E-1,-9.9321455E-1,-3.0486494E-1,6.038301E-1,7.2479224E-1,4.8241235E-2,2.3873761E-1],"split_indices":[0,0,0,0,0,0,0,0,0],"split_type":[0,0,0,0,0,0,0,0,0],"sum_hessian":[9E0,4E0,5E0,1E0,3E0,3E0,2E0,1E0,2E0],"tree_param":{"num_deleted":"0","num_feature":"2","num_nodes":"9","size_leaf_vector":"1"}},{"base_weights":[-2.255661E-1,-6.0302153E0,4.649236E0,-9.4355386E-1,-2.8200004E-1,1.9003086E0,6.764727E-1,4.5829203E-2,2.228217E-1],"categories":[],"categories_nodes":[],"categories_segments":[],"categories_sizes":[],"default_left":[0,0,0,0,0,0,0,0,0],"id":15,"left_children":[1,3,5,-1,-1,7,-1,-1,-1],"loss_changes":[3.1100107E2,2.8050873E1,2.2036926E1,0E0,0E0,8.702221E-1,0E0,0E0,0E0],"parents":[2147483647,0,0,1,1,2,2,5,5],"right_children":[2,4,6,-1,-1,8,-1,-1,-1],"split_conditions":[4.9946764E-1,1.0307549E-1,9.0226525E-1,-9.4355386E-1,-2.8200004E-1,6.038301E-1,6.764727E-1,4.5829203E-2,2.228217E-1],"split_indices":[0,0,0,0,0,0,0,0,0],"split_type":[0,0,0,0,0,0,0,0,0],"sum_hessian":[9E0,4E0,5E0,1E0,3E0,3E0,2E0,1E0,2E0],"tree_param":{"num_deleted":"0","num_feature":"2","num_nodes":"9","size_leaf_vector":"1"}},{"base_weights":[-2.3105201E-1,-5.6723046E0,4.3418336E0,-8.9637613E-1,-2.6085E-1,1.777441E0,6.313746E-1,4.3537714E-2,2.07967E-1],"categories":[],"categories_nodes":[],"categories_segments":[],"categories_sizes":[],"default_left":[0,0,0,0,0,0,0,0,0],"id":16,"left_children":[1,3,5,-1,-1,7,-1,-1,-1],"loss_changes":[2.7345047E2,2.7039917E1,1.9118233E1,0E0,0E0,7.170019E-1,0E0,0E0,0E0],"parents":[2147483647,0,0,1,1,2,2,5,5],"right_children":[2,4,6,-1,-1,8,-1,-1,-1],"split_conditions":[4.9946764E-1,1.0307549E-1,9.0226525E-1,-8.9637613E-1,-2.6085E-1,6.038301E-1,6.313746E-1,4.3537714E-2,2.07967E-1],"split_indices":[0,0,0,0,0,0,0,0,0],"split_type":[0,0,0,0,0,0,0,0,0],"sum_hessian":[9E0,4E0,5E0,1E0,3E0,3E0,2E0,1E0,2E0],"tree_param":{"num_deleted":"0","num_feature":"2","num_nodes":"9","size_leaf_vector":"1"}},{"base_weights":[-2.3538113E-1,-5.3365192E0,4.0547976E0,-8.515574E-1,-2.4128623E0,1.6625738E0,5.89283E-1,-2.747176E-1,-7.049608E-2,4.1360855E-2,1.9410262E-1],"categories":[],"categories_nodes":[],"categories_segments":[],"categories_sizes":[],"default_left":[0,0,0,0,0,0,0,0,0,0,0],"id":17,"left_children":[1,3,5,-1,7,9,-1,-1,-1,-1,-1],"loss_changes":[2.4048642E2,2.5925415E1,1.6584648E1,0E0,3.4724617E-1,5.8828354E-1,0E0,0E0,0E0,0E0,0E0],"parents":[2147483647,0,0,1,1,2,2,4,4,5,5],"right_children":[2,4,6,-1,8,10,-1,-1,-1,-1,-1],"split_conditions":[4.9946764E-1,1.0307549E-1,9.0226525E-1,-8.515574E-1,3.0424473E-1,6.038301E-1,5.89283E-1,-2.747176E-1,-7.049608E-2,4.1360855E-2,1.9410262E-1],"split_indices":[0,0,0,0,0,0,0,0,0,0,0],"split_type":[0,0,0,0,0,0,0,0,0,0,0],"sum_hessian":[9E0,4E0,5E0,1E0,3E0,3E0,2E0,2E0,1E0,1E0,2E0],"tree_param":{"num_deleted":"0","num_feature":"2","num_nodes":"11","size_leaf_vector":"1"}},{"base_weights":[-2.4904557E-1,-5.042222E0,3.7867756E0,-8.089795E-1,-2.2578797E0,1.5551825E0,5.499975E-1,-2.564031E-1,-6.69713E-2,3.929291E-2,1.811624E-1],"categories":[],"categories_nodes":[],"categories_segments":[],"categories_sizes":[],"default_left":[0,0,0,0,0,0,0,0,0,0,0],"id":18,"left_children":[1,3,5,-1,7,9,-1,-1,-1,-1,-1],"loss_changes":[2.1253778E2,2.4161652E1,1.4385521E1,0E0,2.2771263E-1,4.8036003E-1,0E0,0E0,0E0,0E0,0E0],"parents":[2147483647,0,0,1,1,2,2,4,4,5,5],"right_children":[2,4,6,-1,8,10,-1,-1,-1,-1,-1],"split_conditions":[4.9946764E-1,1.0307549E-1,9.0226525E-1,-8.089795E-1,3.0424473E-1,6.038301E-1,5.499975E-1,-2.564031E-1,-6.69713E-2,3.929291E-2,1.811624E-1],"split_indices":[0,0,0,0,0,0,0,0,0,0,0],"split_type":[0,0,0,0,0,0,0,0,0,0,0],"sum_hessian":[9E0,4E0,5E0,1E0,3E0,3E0,2E0,2E0,1E0,1E0,2E0],"tree_param":{"num_deleted":"0","num_feature":"2","num_nodes":"11","size_leaf_vector":"1"}},{"base_weights":[-2.6033172E-1,-4.7644706E0,3.536506E0,-7.6853055E-1,-2.1129355E0,1.4547777E0,5.133309E-1,-2.3930958E-1,-6.3622765E-2,3.732834E-2,1.690848E-1],"categories":[],"categories_nodes":[],"categories_segments":[],"categories_sizes":[],"default_left":[0,0,0,0,0,0,0,0,0,0,0],"id":19,"left_children":[1,3,5,-1,7,9,-1,-1,-1,-1,-1],"loss_changes":[1.8786443E2,2.248494E1,1.247683E1,0E0,1.3230324E-1,3.90069E-1,0E0,0E0,0E0,0E0,0E0],"parents":[2147483647,0,0,1,1,2,2,4,4,5,5],"right_children":[2,4,6,-1,8,10,-1,-1,-1,-1,-1],"split_conditions":[4.9946764E-1,1.0307549E-1,9.0226525E-1,-7.6853055E-1,3.0424473E-1,6.038301E-1,5.133309E-1,-2.3930958E-1,-6.3622765E-2,3.732834E-2,1.690848E-1],"split_indices":[0,0,0,0,0,0,0,0,0,0,0],"split_type":[0,0,0,0,0,0,0,0,0,0,0],"sum_hessian":[9E0,4E0,5E0,1E0,3E0,3E0,2E0,2E0,1E0,1E0,2E0],"tree_param":{"num_deleted":"0","num_feature":"2","num_nodes":"11","size_leaf_vector":"1"}},{"base_weights":[-2.6947108E-1,-4.5023165E0,3.3028119E0,-7.30104E-1,-1.9773755E0,1.3609028E0,4.7910866E-1,-2.233556E-1,-6.0441684E-2,3.5462E-2,1.5781237E-1],"categories":[],"categories_nodes":[],"categories_segments":[],"categories_sizes":[],"default_left":[0,0,0,0,0,0,0,0,0,0,0],"id":20,"left_children":[1,3,5,-1,7,9,-1,-1,-1,-1,-1],"loss_changes":[1.6607951E2,2.0896164E1,1.0820366E1,0E0,5.6902885E-2,3.147087E-1,0E0,0E0,0E0,0E0,0E0],"parents":[2147483647,0,0,1,1,2,2,4,4,5,5],"right_children":[2,4,6,-1,8,10,-1,-1,-1,-1,-1],"split_conditions":[4.9946764E-1,1.0307549E-1,9.0226525E-1,-7.30104E-1,3.0424473E-1,6.038301E-1,4.7910866E-1,-2.233556E-1,-6.0441684E-2,3.5462E-2,1.5781237E-1],"split_indices":[0,0,0,0,0,0,0,0,0,0,0],"split_type":[0,0,0,0,0,0,0,0,0,0,0],"sum_hessian":[9E0,4E0,5E0,1E0,3E0,3E0,2E0,2E0,1E0,1E0,2E0],"tree_param":{"num_deleted":"0","num_feature":"2","num_nodes":"11","size_leaf_vector":"1"}},{"base_weights":[-2.766757E-1,-4.254865E0,3.0845947E0,-6.935988E-1,-1.8505874E-1,1.2731304E0,4.471682E-1,3.368893E-2,1.4729144E-1],"categories":[],"categories_nodes":[],"categories_segments":[],"categories_sizes":[],"default_left":[0,0,0,0,0,0,0,0,0],"id":21,"left_children":[1,3,5,-1,-1,7,-1,-1,-1],"loss_changes":[1.4684224E2,1.9395164E1,9.382919E0,0E0,0E0,2.5197506E-1,0E0,0E0,0E0],"parents":[2147483647,0,0,1,1,2,2,5,5],"right_children":[2,4,6,-1,-1,8,-1,-1,-1],"split_conditions":[4.9946764E-1,1.0307549E-1,9.0226525E-1,-6.935988E-1,-1.8505874E-1,6.038301E-1,4.471682E-1,3.368893E-2,1.4729144E-1],"split_indices":[0,0,0,0,0,0,0,0,0],"split_type":[0,0,0,0,0,0,0,0,0],"sum_hessian":[9E0,4E0,5E0,1E0,3E0,3E0,2E0,1E0,2E0],"tree_param":{"num_deleted":"0","num_feature":"2","num_nodes":"9","size_leaf_vector":"1"}},{"base_weights":[-2.740589E-1,-4.0051103E0,2.880827E0,-6.5891886E-1,-1.7117934E0,1.191062E0,4.1735712E-1,-1.9612795E-1,-4.816675E-2,3.2004546E-2,1.374719E-1],"categories":[],"categories_nodes":[],"categories_segments":[],"categories_sizes":[],"default_left":[0,0,0,0,0,0,0,0,0,0,0],"id":22,"left_children":[1,3,5,-1,7,9,-1,-1,-1,-1,-1],"loss_changes":[1.2924843E2,1.8351227E1,8.135624E0,0E0,2.8291225E-1,1.999011E-1,0E0,0E0,0E0,0E0,0E0],"parents":[2147483647,0,0,1,1,2,2,4,4,5,5],"right_children":[2,4,6,-1,8,10,-1,-1,-1,-1,-1],"split_conditions":[4.9946764E-1,1.0307549E-1,9.0226525E-1,-6.5891886E-1,3.0424473E-1,6.038301E-1,4.1735712E-1,-1.9612795E-1,-4.816675E-2,3.2004546E-2,1.374719E-1],"split_indices":[0,0,0,0,0,0,0,0,0,0,0],"split_type":[0,0,0,0,0,0,0,0,0,0,0],"sum_hessian":[9E0,4E0,5E0,1E0,3E0,3E0,2E0,2E0,1E0,1E0,2E0],"tree_param":{"num_deleted":"0","num_feature":"2","num_nodes":"11","size_leaf_vector":"1"}},{"base_weights":[-2.7829075E-1,-3.7852414E0,2.6905499E0,-6.259729E-1,-1.601687E0,1.1143255E0,3.8953325E-1,-1.830527E-1,-4.5758344E-2,3.0404283E-2,1.2830721E-1],"categories":[],"categories_nodes":[],"categories_segments":[],"categories_sizes":[],"default_left":[0,0,0,0,0,0,0,0,0,0,0],"id":23,"left_children":[1,3,5,-1,7,9,-1,-1,-1,-1,-1],"loss_changes":[1.14300156E2,1.6989769E1,7.0533752E0,0E0,2.0964813E-1,1.5682077E-1,0E0,0E0,0E0,0E0,0E0],"parents":[2147483647,0,0,1,1,2,2,4,4,5,5],"right_children":[2,4,6,-1,8,10,-1,-1,-1,-1,-1],"split_conditions":[4.9946764E-1,1.0307549E-1,9.0226525E-1,-6.259729E-1,3.0424473E-1,6.038301E-1,3.8953325E-1,-1.830527E-1,-4.5758344E-2,3.0404283E-2,1.2830721E-1],"split_indices":[0,0,0,0,0,0,0,0,0,0,0],"split_type":[0,0,0,0,0,0,0,0,0,0,0],"sum_hessian":[9E0,4E0,5E0,1E0,3E0,3E0,2E0,2E0,1E0,1E0,2E0],"tree_param":{"num_deleted":"0","num_feature":"2","num_nodes":"11","size_leaf_vector":"1"}},{"base_weights":[-2.811157E-1,-3.5776742E0,2.512869E0,-5.946743E-1,-1.4987211E0,6.706365E-2,3.266326E-1,-1.7084923E-1,-4.3470383E-2],"categories":[],"categories_nodes":[],"categories_segments":[],"categories_sizes":[],"default_left":[0,0,0,0,0,0,0,0,0],"id":24,"left_children":[1,3,5,-1,7,-1,-1,-1,-1],"loss_changes":[1.0109556E2,1.5713406E1,6.137741E0,0E0,1.5011215E-1,0E0,0E0,0E0,0E0],"parents":[2147483647,0,0,1,1,2,2,4,4],"right_children":[2,4,6,-1,8,-1,-1,-1,-1],"split_conditions":[4.9946764E-1,1.0307549E-1,7.0474434E-1,-5.946743E-1,3.0424473E-1,6.706365E-2,3.266326E-1,-1.7084923E-1,-4.3470383E-2],"split_indices":[0,0,0,0,0,0,0,0,0],"split_type":[0,0,0,0,0,0,0,0,0],"sum_hessian":[9E0,4E0,5E0,1E0,3E0,2E0,3E0,2E0,1E0],"tree_param":{"num_deleted":"0","num_feature":"2","num_nodes":"9","size_leaf_vector":"1"}},{"base_weights":[-2.9453403E-1,-3.3817058E0,2.327198E0,-5.6494063E-1,-1.4024291E0,9.273815E-1,3.4178874E-1,-1.5945931E-1,-4.1296866E-2,2.5531007E-2,1.066302E-1],"categories":[],"categories_nodes":[],"categories_segments":[],"categories_sizes":[],"default_left":[0,0,0,0,0,0,0,0,0,0,0],"id":25,"left_children":[1,3,5,-1,7,9,-1,-1,-1,-1,-1],"loss_changes":[8.8807274E1,1.4519142E1,5.990906E0,0E0,1.0203791E-1,1.0122013E-1,0E0,0E0,0E0,0E0,0E0],"parents":[2147483647,0,0,1,1,2,2,4,4,5,5],"right_children":[2,4,6,-1,8,10,-1,-1,-1,-1,-1],"split_conditions":[4.9946764E-1,1.0307549E-1,9.0226525E-1,-5.6494063E-1,3.0424473E-1,6.038301E-1,3.4178874E-1,-1.5945931E-1,-4.1296866E-2,2.5531007E-2,1.066302E-1],"split_indices":[0,0,0,0,0,0,0,0,0,0,0],"split_type":[0,0,0,0,0,0,0,0,0,0,0],"sum_hessian":[9E0,4E0,5E0,1E0,3E0,3E0,2E0,2E0,1E0,1E0,2E0],"tree_param":{"num_deleted":"0","num_feature":"2","num_nodes":"11","size_leaf_vector":"1"}},{"base_weights":[-2.9425508E-1,-3.1966743E0,2.1734703E0,-5.366936E-1,-1.3123751E0,8.6768436E-1,3.190028E-1,-1.4882864E-1,-3.9232064E-2,2.4254417E-2,9.952164E-2],"categories":[],"categories_nodes":[],"categories_segments":[],"categories_sizes":[],"default_left":[0,0,0,0,0,0,0,0,0,0,0],"id":26,"left_children":[1,3,5,-1,7,9,-1,-1,-1,-1,-1],"loss_changes":[7.857161E1,1.3403679E1,5.196501E0,0E0,6.350613E-2,7.751751E-2,0E0,0E0,0E0,0E0,0E0],"parents":[2147483647,0,0,1,1,2,2,4,4,5,5],"right_children":[2,4,6,-1,8,10,-1,-1,-1,-1,-1],"split_conditions":[4.9946764E-1,1.0307549E-1,9.0226525E-1,-5.366936E-1,3.0424473E-1,6.038301E-1,3.190028E-1,-1.4882864E-1,-3.9232064E-2,2.4254417E-2,9.952164E-2],"split_indices":[0,0,0,0,0,0,0,0,0,0,0],"split_type":[0,0,0,0,0,0,0,0,0,0,0],"sum_hessian":[9E0,4E0,5E0,1E0,3E0,3E0,2E0,2E0,1E0,1E0,2E0],"tree_param":{"num_deleted":"0","num_feature":"2","num_nodes":"11","size_leaf_vector":"1"}},{"base_weights":[-2.930273E-1,-3.0219579E0,2.0299194E0,-5.098589E-1,-1.2281528E0,1.0426956E0,3.483019E-1,-1.3890673E-1,-3.7270453E-2,2.3041725E-2,1.1881609E-1],"categories":[],"categories_nodes":[],"categories_segments":[],"categories_sizes":[],"default_left":[0,0,0,0,0,0,0,0,0,0,0],"id":27,"left_children":[1,3,5,-1,7,9,-1,-1,-1,-1,-1],"loss_changes":[6.952593E1,1.236351E1,4.9754753E0,0E0,3.2904625E-2,3.17019E-1,0E0,0E0,0E0,0E0,0E0],"parents":[2147483647,0,0,1,1,2,2,4,4,5,5],"right_children":[2,4,6,-1,8,10,-1,-1,-1,-1,-1],"split_conditions":[4.9946764E-1,1.0307549E-1,1E0,-5.098589E-1,3.0424473E-1,6.038301E-1,3.483019E-1,-1.3890673E-1,-3.7270453E-2,2.3041725E-2,1.1881609E-1],"split_indices":[0,0,0,0,0,0,0,0,0,0,0],"split_type":[0,0,0,0,0,0,0,0,0,0,0],"sum_hessian":[9E0,4E0,5E0,1E0,3E0,4E0,1E0,2E0,1E0,1E0,3E0],"tree_param":{"num_deleted":"0","num_feature":"2","num_nodes":"11","size_leaf_vector":"1"}},{"base_weights":[-2.8331223E-1,-2.8569694E0,1.9086208E0,-4.8436594E-1,-1.1493821E0,9.6679765E-1,3.3088684E-1,-1.296463E-1,-3.5406973E-2,2.1889687E-2,1.0990486E-1],"categories":[],"categories_nodes":[],"categories_segments":[],"categories_sizes":[],"default_left":[0,0,0,0,0,0,0,0,0,0,0],"id":28,"left_children":[1,3,5,-1,7,9,-1,-1,-1,-1,-1],"loss_changes":[6.1865715E1,1.139502E1,4.713709E0,0E0,8.862495E-3,2.539754E-1,0E0,0E0,0E0,0E0,0E0],"parents":[2147483647,0,0,1,1,2,2,4,4,5,5],"right_children":[2,4,6,-1,8,10,-1,-1,-1,-1,-1],"split_conditions":[4.9946764E-1,1.0307549E-1,1E0,-4.8436594E-1,3.0424473E-1,6.038301E-1,3.3088684E-1,-1.296463E-1,-3.5406973E-2,2.1889687E-2,1.0990486E-1],"split_indices":[0,0,0,0,0,0,0,0,0,0,0],"split_type":[0,0,0,0,0,0,0,0,0,0,0],"sum_hessian":[9E0,4E0,5E0,1E0,3E0,4E0,1E0,2E0,1E0,1E0,3E0],"tree_param":{"num_deleted":"0","num_feature":"2","num_nodes":"11","size_leaf_vector":"1"}},{"base_weights":[-2.7365494E-1,-2.7011566E0,1.7948723E0,-4.6014768E-1,-1.07570745E-1,8.9647675E-1,3.143425E-1,2.079525E-2,1.0166197E-1],"categories":[],"categories_nodes":[],"categories_segments":[],"categories_sizes":[],"default_left":[0,0,0,0,0,0,0,0,0],"id":29,"left_children":[1,3,5,-1,-1,7,-1,-1,-1],"loss_changes":[5.5061764E1,1.0494526E1,4.451195E0,0E0,0E0,2.0219755E-1,0E0,0E0,0E0],"parents":[2147483647,0,0,1,1,2,2,5,5],"right_children":[2,4,6,-1,-1,8,-1,-1,-1],"split_conditions":[4.9946764E-1,1.0307549E-1,1E0,-4.6014768E-1,-1.07570745E-1,6.038301E-1,3.143425E-1,2.079525E-2,1.0166197E-1],"split_indices":[0,0,0,0,0,0,0,0,0],"split_type":[0,0,0,0,0,0,0,0,0],"sum_hessian":[9E0,4E0,5E0,1E0,3E0,4E0,1E0,1E0,3E0],"tree_param":{"num_deleted":"0","num_feature":"2","num_nodes":"9","size_leaf_vector":"1"}},{"base_weights":[-2.5938112E-1,-3.0394402E0,1.3662785E0,-4.371403E-1,-1.1383184E-1,3.9115754E-1,2.536054E-1,-2.8258134E-2,6.302376E-2],"categories":[],"categories_nodes":[],"categories_segments":[],"categories_sizes":[],"default_left":[0,0,0,0,0,0,0,0,0],"id":30,"left_children":[1,3,5,-1,-1,7,-1,-1,-1],"loss_changes":[4.934702E1,5.1528435E0,6.992712E0,0E0,0E0,9.8348093E-1,0E0,0E0,0E0],"parents":[2147483647,0,0,1,1,2,2,5,5],"right_children":[2,4,6,-1,-1,8,-1,-1,-1],"split_conditions":[3.0424473E-1,1.0307549E-1,9.0226525E-1,-4.371403E-1,-1.1383184E-1,4.9946764E-1,2.536054E-1,-2.8258134E-2,6.302376E-2],"split_indices":[0,0,0,0,0,0,0,0,0],"split_type":[0,0,0,0,0,0,0,0,0],"sum_hessian":[9E0,3E0,6E0,1E0,2E0,4E0,2E0,1E0,3E0],"tree_param":{"num_deleted":"0","num_feature":"2","num_nodes":"9","size_leaf_vector":"1"}},{"base_weights":[-2.597026E-1,-3.509764E0,9.915333E-1,-4.1528326E-1,-1.11181356E-1,-8.017425E-2,2.0832844E0,-5.0018948E-2,3.665657E-2,8.714116E-2,2.8594515E-1],"categories":[],"categories_nodes":[],"categories_segments":[],"categories_sizes":[],"default_left":[0,0,0,0,0,0,0,0,0,0,0],"id":31,"left_children":[1,3,5,-1,-1,7,9,-1,-1,-1,-1],"loss_changes":[4.414598E1,8.964539E-3,9.527327E0,0E0,0E0,1.1215402E0,1.2707043E0,0E0,0E0,0E0,0E0],"parents":[2147483647,0,0,1,1,2,2,5,5,6,6],"right_children":[2,4,6,-1,-1,8,10,-1,-1,-1,-1],"split_conditions":[1.9922782E-1,1.0307549E-1,7.0474434E-1,-4.1528326E-1,-1.11181356E-1,4.9946764E-1,1E0,-5.0018948E-2,3.665657E-2,8.714116E-2,2.8594515E-1],"split_indices":[0,0,0,0,0,0,0,0,0,0,0],"split_type":[0,0,0,0,0,0,0,0,0,0,0],"sum_hessian":[9E0,2E0,7E0,1E0,1E0,4E0,3E0,2E0,2E0,2E0,1E0],"tree_param":{"num_deleted":"0","num_feature":"2","num_nodes":"11","size_leaf_vector":"1"}},{"base_weights":[-2.5040674E-1,-3.334276E0,9.37345E-1,-3.945191E-1,-1.0562229E-1,-7.48291E-2,1.9682264E0,-4.6684396E-2,3.4212876E-2,8.133163E-2,2.7164784E-1],"categories":[],"categories_nodes":[],"categories_segments":[],"categories_sizes":[],"default_left":[0,0,0,0,0,0,0,0,0,0,0],"id":32,"left_children":[1,3,5,-1,-1,7,9,-1,-1,-1,-1],"loss_changes":[3.9754078E1,8.087158E-3,8.494732E0,0E0,0E0,9.769891E-1,1.2472992E0,0E0,0E0,0E0,0E0],"parents":[2147483647,0,0,1,1,2,2,5,5,6,6],"right_children":[2,4,6,-1,-1,8,10,-1,-1,-1,-1],"split_conditions":[1.9922782E-1,1.0307549E-1,7.0474434E-1,-3.945191E-1,-1.0562229E-1,4.9946764E-1,1E0,-4.6684396E-2,3.4212876E-2,8.133163E-2,2.7164784E-1],"split_indices":[0,0,0,0,0,0,0,0,0,0,0],"split_type":[0,0,0,0,0,0,0,0,0,0,0],"sum_hessian":[9E0,2E0,7E0,1E0,1E0,4E0,3E0,2E0,2E0,2E0,1E0],"tree_param":{"num_deleted":"0","num_feature":"2","num_nodes":"11","size_leaf_vector":"1"}},{"base_weights":[-2.4133015E-1,-3.1675625E0,8.8617325E-1,-3.7479314E-1,-1.0034122E-1,-6.9841005E-2,1.8596478E0,-4.357211E-2,3.193194E-2,7.590943E-2,2.5806543E-1],"categories":[],"categories_nodes":[],"categories_segments":[],"categories_sizes":[],"default_left":[0,0,0,0,0,0,0,0,0,0,0],"id":33,"left_children":[1,3,5,-1,-1,7,9,-1,-1,-1,-1],"loss_changes":[3.580038E1,7.2956085E-3,7.5751247E0,0E0,0E0,8.510644E-1,1.215064E0,0E0,0E0,0E0,0E0],"parents":[2147483647,0,0,1,1,2,2,5,5,6,6],"right_children":[2,4,6,-1,-1,8,10,-1,-1,-1,-1],"split_conditions":[1.9922782E-1,1.0307549E-1,7.0474434E-1,-3.7479314E-1,-1.0034122E-1,4.9946764E-1,1E0,-4.357211E-2,3.193194E-2,7.590943E-2,2.5806543E-1],"split_indices":[0,0,0,0,0,0,0,0,0,0,0],"split_type":[0,0,0,0,0,0,0,0,0,0,0],"sum_hessian":[9E0,2E0,7E0,1E0,1E0,4E0,3E0,2E0,2E0,2E0,1E0],"tree_param":{"num_deleted":"0","num_feature":"2","num_nodes":"11","size_leaf_vector":"1"}},{"base_weights":[-2.324771E-1,-3.0091841E0,8.378477E-1,-3.560535E-1,-9.532414E-2,2.570768E-1,2.451622E-1,-4.0667344E-2,6.039116E-1,1.146431E-2,6.97568E-2],"categories":[],"categories_nodes":[],"categories_segments":[],"categories_sizes":[],"default_left":[0,0,0,0,0,0,0,0,0,0,0],"id":34,"left_children":[1,3,5,-1,-1,7,-1,-1,9,-1,-1],"loss_changes":[3.2241024E1,6.5898895E-3,6.8676105E0,0E0,0E0,1.8570765E0,0E0,0E0,1.4914417E-1,0E0,0E0],"parents":[2147483647,0,0,1,1,2,2,5,5,8,8],"right_children":[2,4,6,-1,-1,8,-1,-1,10,-1,-1],"split_conditions":[1.9922782E-1,1.0307549E-1,1E0,-3.560535E-1,-9.532414E-2,4.9946764E-1,2.451622E-1,-4.0667344E-2,6.038301E-1,1.146431E-2,6.97568E-2],"split_indices":[0,0,0,0,0,0,0,0,0,0,0],"split_type":[0,0,0,0,0,0,0,0,0,0,0],"sum_hessian":[9E0,2E0,7E0,1E0,1E0,6E0,1E0,2E0,4E0,1E0,3E0],"tree_param":{"num_deleted":"0","num_feature":"2","num_nodes":"11","size_leaf_vector":"1"}},{"base_weights":[-2.2579536E-1,-2.8587253E0,7.8977776E-1,-3.3825085E-1,-9.0557955E-2,2.3716299E-1,2.3290406E-1,-3.7956238E-2,5.5976564E-1,1.0891152E-2,6.452513E-2],"categories":[],"categories_nodes":[],"categories_segments":[],"categories_sizes":[],"default_left":[0,0,0,0,0,0,0,0,0,0,0],"id":35,"left_children":[1,3,5,-1,-1,7,-1,-1,9,-1,-1],"loss_changes":[2.8997084E1,5.9432983E-3,6.252593E0,0E0,0E0,1.6051667E0,0E0,0E0,1.2243247E-1,0E0,0E0],"parents":[2147483647,0,0,1,1,2,2,5,5,8,8],"right_children":[2,4,6,-1,-1,8,-1,-1,10,-1,-1],"split_conditions":[1.9922782E-1,1.0307549E-1,1E0,-3.3825085E-1,-9.0557955E-2,4.9946764E-1,2.3290406E-1,-3.7956238E-2,6.038301E-1,1.0891152E-2,6.452513E-2],"split_indices":[0,0,0,0,0,0,0,0,0,0,0],"split_type":[0,0,0,0,0,0,0,0,0,0,0],"sum_hessian":[9E0,2E0,7E0,1E0,1E0,6E0,1E0,2E0,4E0,1E0,3E0],"tree_param":{"num_deleted":"0","num_feature":"2","num_nodes":"11","size_leaf_vector":"1"}},{"base_weights":[-2.1906038E-1,-2.7157893E0,7.445955E-1,-3.213383E-1,-8.60301E-2,2.1879795E-1,2.2125892E-1,-3.5425823E-2,5.188721E-1,1.0346604E-2,5.9685707E-2],"categories":[],"categories_nodes":[],"categories_segments":[],"categories_sizes":[],"default_left":[0,0,0,0,0,0,0,0,0,0,0],"id":36,"left_children":[1,3,5,-1,-1,7,-1,-1,9,-1,-1],"loss_changes":[2.6082043E1,5.361557E-3,5.69083E0,0E0,0E0,1.38753E0,0E0,0E0,1.00222826E-1,0E0,0E0],"parents":[2147483647,0,0,1,1,2,2,5,5,8,8],"right_children":[2,4,6,-1,-1,8,-1,-1,10,-1,-1],"split_conditions":[1.9922782E-1,1.0307549E-1,1E0,-3.213383E-1,-8.60301E-2,4.9946764E-1,2.2125892E-1,-3.5425823E-2,6.038301E-1,1.0346604E-2,5.9685707E-2],"split_indices":[0,0,0,0,0,0,0,0,0,0,0],"split_type":[0,0,0,0,0,0,0,0,0,0,0],"sum_hessian":[9E0,2E0,7E0,1E0,1E0,6E0,1E0,2E0,4E0,1E0,3E0],"tree_param":{"num_deleted":"0","num_feature":"2","num_nodes":"11","size_leaf_vector":"1"}},{"base_weights":[-2.123044E-1,-2.5799997E0,7.0211935E-1,-3.052714E-1,-8.1728555E-2,2.0186234E-1,2.1019593E-1,-3.3064142E-2,4.8099214E-1,9.82933E-3,5.520935E-2],"categories":[],"categories_nodes":[],"categories_segments":[],"categories_sizes":[],"default_left":[0,0,0,0,0,0,0,0,0,0,0],"id":37,"left_children":[1,3,5,-1,-1,7,-1,-1,9,-1,-1],"loss_changes":[2.3462236E1,4.840851E-3,5.177932E0,0E0,0E0,1.1994996E0,0E0,0E0,8.178496E-2,0E0,0E0],"parents":[2147483647,0,0,1,1,2,2,5,5,8,8],"right_children":[2,4,6,-1,-1,8,-1,-1,10,-1,-1],"split_conditions":[1.9922782E-1,1.0307549E-1,1E0,-3.052714E-1,-8.1728555E-2,4.9946764E-1,2.1019593E-1,-3.3064142E-2,6.038301E-1,9.82933E-3,5.520935E-2],"split_indices":[0,0,0,0,0,0,0,0,0,0,0],"split_type":[0,0,0,0,0,0,0,0,0,0,0],"sum_hessian":[9E0,2E0,7E0,1E0,1E0,6E0,1E0,2E0,4E0,1E0,3E0],"tree_param":{"num_deleted":"0","num_feature":"2","num_nodes":"11","size_leaf_vector":"1"}},{"base_weights":[-2.0555754E-1,-2.451E0,6.6217804E-1,-2.9000783E-1,-7.764216E-2,1.8624333E-1,1.9968605E-1,-3.0859886E-2,4.4589996E-1,9.337807E-3,5.1068593E-2],"categories":[],"categories_nodes":[],"categories_segments":[],"categories_sizes":[],"default_left":[0,0,0,0,0,0,0,0,0,0,0],"id":38,"left_children":[1,3,5,-1,-1,7,-1,-1,9,-1,-1],"loss_changes":[2.11075E1,4.3678284E-3,4.7098713E0,0E0,0E0,1.0370275E0,0E0,0E0,6.650555E-2,0E0,0E0],"parents":[2147483647,0,0,1,1,2,2,5,5,8,8],"right_children":[2,4,6,-1,-1,8,-1,-1,10,-1,-1],"split_conditions":[1.9922782E-1,1.0307549E-1,1E0,-2.9000783E-1,-7.764216E-2,4.9946764E-1,1.9968605E-1,-3.0859886E-2,6.038301E-1,9.337807E-3,5.1068593E-2],"split_indices":[0,0,0,0,0,0,0,0,0,0,0],"split_type":[0,0,0,0,0,0,0,0,0,0,0],"sum_hessian":[9E0,2E0,7E0,1E0,1E0,6E0,1E0,2E0,4E0,1E0,3E0],"tree_param":{"num_deleted":"0","num_feature":"2","num_nodes":"11","size_leaf_vector":"1"}},{"base_weights":[-1.988432E-1,-2.32845E0,6.246147E-1,-2.7550745E-1,-7.376003E-2,1.7184012E-1,1.8970184E-1,-2.8802618E-2,4.133919E-1,8.870888E-3,4.723854E-2],"categories":[],"categories_nodes":[],"categories_segments":[],"categories_sizes":[],"default_left":[0,0,0,0,0,0,0,0,0,0,0],"id":39,"left_children":[1,3,5,-1,-1,7,-1,-1,9,-1,-1],"loss_changes":[1.8990799E1,3.944397E-3,4.2829123E0,0E0,0E0,8.966383E-1,0E0,0E0,5.3866208E-2,0E0,0E0],"parents":[2147483647,0,0,1,1,2,2,5,5,8,8],"right_children":[2,4,6,-1,-1,8,-1,-1,10,-1,-1],"split_conditions":[1.9922782E-1,1.0307549E-1,1E0,-2.7550745E-1,-7.376003E-2,4.9946764E-1,1.8970184E-1,-2.8802618E-2,6.038301E-1,8.870888E-3,4.723854E-2],"split_indices":[0,0,0,0,0,0,0,0,0,0,0],"split_type":[0,0,0,0,0,0,0,0,0,0,0],"sum_hessian":[9E0,2E0,7E0,1E0,1E0,6E0,1E0,2E0,4E0,1E0,3E0],"tree_param":{"num_deleted":"0","num_feature":"2","num_nodes":"11","size_leaf_vector":"1"}},{"base_weights":[-1.921844E-1,-2.212027E0,5.8927965E-1,-2.6173207E-1,-7.007199E-2,1.5855789E-1,1.802166E-1,-2.6882425E-2,3.832756E-1,8.427429E-3,4.3695737E-2],"categories":[],"categories_nodes":[],"categories_segments":[],"categories_sizes":[],"default_left":[0,0,0,0,0,0,0,0,0,0,0],"id":40,"left_children":[1,3,5,-1,-1,7,-1,-1,9,-1,-1],"loss_changes":[1.7087847E1,3.56102E-3,3.8935847E0,0E0,0E0,7.753161E-1,0E0,0E0,4.343033E-2,0E0,0E0],"parents":[2147483647,0,0,1,1,2,2,5,5,8,8],"right_children":[2,4,6,-1,-1,8,-1,-1,10,-1,-1],"split_conditions":[1.9922782E-1,1.0307549E-1,1E0,-2.6173207E-1,-7.007199E-2,4.9946764E-1,1.802166E-1,-2.6882425E-2,6.038301E-1,8.427429E-3,4.3695737E-2],"split_indices":[0,0,0,0,0,0,0,0,0,0,0],"split_type":[0,0,0,0,0,0,0,0,0,0,0],"sum_hessian":[9E0,2E0,7E0,1E0,1E0,6E0,1E0,2E0,4E0,1E0,3E0],"tree_param":{"num_deleted":"0","num_feature":"2","num_nodes":"11","size_leaf_vector":"1"}},{"base_weights":[-1.856008E-1,-2.1014256E0,5.560336E-1,-2.4864547E-1,-6.6568375E-2,1.4630726E-1,1.7120591E-1,-2.509028E-2,3.5537186E-1,8.006096E-3,4.0418435E-2],"categories":[],"categories_nodes":[],"categories_segments":[],"categories_sizes":[],"default_left":[0,0,0,0,0,0,0,0,0,0,0],"id":41,"left_children":[1,3,5,-1,-1,7,-1,-1,9,-1,-1],"loss_changes":[1.537688E1,3.2138824E-3,3.538746E0,0E0,0E0,6.704617E-1,0E0,0E0,3.483367E-2,0E0,0E0],"parents":[2147483647,0,0,1,1,2,2,5,5,8,8],"right_children":[2,4,6,-1,-1,8,-1,-1,10,-1,-1],"split_conditions":[1.9922782E-1,1.0307549E-1,1E0,-2.4864547E-1,-6.6568375E-2,4.9946764E-1,1.7120591E-1,-2.509028E-2,6.038301E-1,8.006096E-3,4.0418435E-2],"split_indices":[0,0,0,0,0,0,0,0,0,0,0],"split_type":[0,0,0,0,0,0,0,0,0,0,0],"sum_hessian":[9E0,2E0,7E0,1E0,1E0,6E0,1E0,2E0,4E0,1E0,3E0],"tree_param":{"num_deleted":"0","num_feature":"2","num_nodes":"11","size_leaf_vector":"1"}},{"base_weights":[-1.7910728E-1,-1.9963545E0,5.247488E-1,-2.362132E-1,-6.3239954E-2,1.3501085E-1,1.6264573E-1,-2.3417537E-1,3.295204E-1,-2.8232098E-2,-6.894207E-3,1.2844212E-2,4.2075858E-2],"categories":[],"categories_nodes":[],"categories_segments":[],"categories_sizes":[],"default_left":[0,0,0,0,0,0,0,0,0,0,0,0,0],"id":42,"left_children":[1,3,5,-1,-1,7,-1,9,11,-1,-1,-1,-1],"loss_changes":[1.3838388E1,2.902031E-3,3.2154312E0,0E0,0E0,5.798373E-1,0E0,4.401982E-3,3.7686884E-2,0E0,0E0,0E0,0E0],"parents":[2147483647,0,0,1,1,2,2,5,5,7,7,8,8],"right_children":[2,4,6,-1,-1,8,-1,10,12,-1,-1,-1,-1],"split_conditions":[1.9922782E-1,1.0307549E-1,1E0,-2.362132E-1,-6.3239954E-2,4.9946764E-1,1.6264573E-1,3.0424473E-1,7.0474434E-1,-2.8232098E-2,-6.894207E-3,1.2844212E-2,4.2075858E-2],"split_indices":[0,0,0,0,0,0,0,0,0,0,0,0,0],"split_type":[0,0,0,0,0,0,0,0,0,0,0,0,0],"sum_hessian":[9E0,2E0,7E0,1E0,1E0,6E0,1E0,2E0,4E0,1E0,1E0,2E0,2E0],"tree_param":{"num_deleted":"0","num_feature":"2","num_nodes":"13","size_leaf_vector":"1"}},{"base_weights":[-1.7289758E-1,-1.8965367E0,4.9507928E-1,-2.2440255E-1,-6.0077954E-2,1.24337606E-1,1.5451355E-1,-2.2246616E-1,3.0755234E-1,-2.682047E-2,-6.549454E-3,1.198794E-2,3.9270785E-2],"categories":[],"categories_nodes":[],"categories_segments":[],"categories_sizes":[],"default_left":[0,0,0,0,0,0,0,0,0,0,0,0,0],"id":43,"left_children":[1,3,5,-1,-1,7,-1,9,11,-1,-1,-1,-1],"loss_changes":[1.2452446E1,2.6187897E-3,2.9222784E0,0E0,0E0,5.131968E-1,0E0,3.973022E-3,3.2829314E-2,0E0,0E0,0E0,0E0],"parents":[2147483647,0,0,1,1,2,2,5,5,7,7,8,8],"right_children":[2,4,6,-1,-1,8,-1,10,12,-1,-1,-1,-1],"split_conditions":[1.9922782E-1,1.0307549E-1,1E0,-2.2440255E-1,-6.0077954E-2,4.9946764E-1,1.5451355E-1,3.0424473E-1,7.0474434E-1,-2.682047E-2,-6.549454E-3,1.198794E-2,3.9270785E-2],"split_indices":[0,0,0,0,0,0,0,0,0,0,0,0,0],"split_type":[0,0,0,0,0,0,0,0,0,0,0,0,0],"sum_hessian":[9E0,2E0,7E0,1E0,1E0,6E0,1E0,2E0,4E0,1E0,1E0,2E0,2E0],"tree_param":{"num_deleted":"0","num_feature":"2","num_nodes":"13","size_leaf_vector":"1"}},{"base_weights":[-1.668159E-1,-1.80171E0,4.6712136E-1,-2.1318243E-1,-5.707407E-2,1.1445863E-1,1.4678803E-1,-2.113425E-1,2.8704756E-1,-2.5479412E-2,-6.221962E-3,1.1188635E-2,3.665263E-2],"categories":[],"categories_nodes":[],"categories_segments":[],"categories_sizes":[],"default_left":[0,0,0,0,0,0,0,0,0,0,0,0,0],"id":44,"left_children":[1,3,5,-1,-1,7,-1,9,11,-1,-1,-1,-1],"loss_changes":[1.120582E1,2.363205E-3,2.6554313E0,0E0,0E0,4.5427305E-1,0E0,3.5857111E-3,2.8598696E-2,0E0,0E0,0E0,0E0],"parents":[2147483647,0,0,1,1,2,2,5,5,7,7,8,8],"right_children":[2,4,6,-1,-1,8,-1,10,12,-1,-1,-1,-1],"split_conditions":[1.9922782E-1,1.0307549E-1,1E0,-2.1318243E-1,-5.707407E-2,4.9946764E-1,1.4678803E-1,3.0424473E-1,7.0474434E-1,-2.5479412E-2,-6.221962E-3,1.1188635E-2,3.665263E-2],"split_indices":[0,0,0,0,0,0,0,0,0,0,0,0,0],"split_type":[0,0,0,0,0,0,0,0,0,0,0,0,0],"sum_hessian":[9E0,2E0,7E0,1E0,1E0,6E0,1E0,2E0,4E0,1E0,1E0,2E0,2E0],"tree_param":{"num_deleted":"0","num_feature":"2","num_nodes":"13","size_leaf_vector":"1"}},{"base_weights":[-1.6086707E-1,-1.7116246E0,4.407754E-1,-2.025233E-1,-5.422039E-2,1.0531889E-1,1.3944855E-1,-2.0077515E-1,2.6791152E-1,-2.42054E-2,-5.9108734E-3,1.0442734E-2,3.4209188E-2],"categories":[],"categories_nodes":[],"categories_segments":[],"categories_sizes":[],"default_left":[0,0,0,0,0,0,0,0,0,0,0,0,0],"id":45,"left_children":[1,3,5,-1,-1,7,-1,9,11,-1,-1,-1,-1],"loss_changes":[1.0084458E1,2.1305084E-3,2.4125605E0,0E0,0E0,4.0217045E-1,0E0,3.235966E-3,2.4912834E-2,0E0,0E0,0E0,0E0],"parents":[2147483647,0,0,1,1,2,2,5,5,7,7,8,8],"right_children":[2,4,6,-1,-1,8,-1,10,12,-1,-1,-1,-1],"split_conditions":[1.9922782E-1,1.0307549E-1,1E0,-2.025233E-1,-5.422039E-2,4.9946764E-1,1.3944855E-1,3.0424473E-1,7.0474434E-1,-2.42054E-2,-5.9108734E-3,1.0442734E-2,3.4209188E-2],"split_indices":[0,0,0,0,0,0,0,0,0,0,0,0,0],"split_type":[0,0,0,0,0,0,0,0,0,0,0,0,0],"sum_hessian":[9E0,2E0,7E0,1E0,1E0,6E0,1E0,2E0,4E0,1E0,1E0,2E0,2E0],"tree_param":{"num_deleted":"0","num_feature":"2","num_nodes":"13","size_leaf_vector":"1"}},{"base_weights":[-1.5505663E-1,-1.6260434E0,4.1594553E-1,-1.9239715E-1,-5.150938E-2,9.686334E-2,1.3247605E-1,-1.9073613E-1,2.5005037E-1,-2.299509E-2,-5.61533E-3,9.7465515E-3,3.1928506E-2],"categories":[],"categories_nodes":[],"categories_segments":[],"categories_sizes":[],"default_left":[0,0,0,0,0,0,0,0,0,0,0,0,0],"id":46,"left_children":[1,3,5,-1,-1,7,-1,9,11,-1,-1,-1,-1],"loss_changes":[9.075712E0,1.9230843E-3,2.1915727E0,0E0,0E0,3.5608917E-1,0E0,2.920404E-3,2.1701545E-2,0E0,0E0,0E0,0E0],"parents":[2147483647,0,0,1,1,2,2,5,5,7,7,8,8],"right_children":[2,4,6,-1,-1,8,-1,10,12,-1,-1,-1,-1],"split_conditions":[1.9922782E-1,1.0307549E-1,1E0,-1.9239715E-1,-5.150938E-2,4.9946764E-1,1.3247605E-1,3.0424473E-1,7.0474434E-1,-2.299509E-2,-5.61533E-3,9.7465515E-3,3.1928506E-2],"split_indices":[0,0,0,0,0,0,0,0,0,0,0,0,0],"split_type":[0,0,0,0,0,0,0,0,0,0,0,0,0],"sum_hessian":[9E0,2E0,7E0,1E0,1E0,6E0,1E0,2E0,4E0,1E0,1E0,2E0,2E0],"tree_param":{"num_deleted":"0","num_feature":"2","num_nodes":"13","size_leaf_vector":"1"}},{"base_weights":[-1.4938769E-1,-1.5447412E0,3.9254332E-1,-1.8277729E-1,-4.893389E-2,8.904321E-2,1.2585221E-1,-1.8119939E-1,2.3338012E-1,-2.184534E-2,-5.334568E-3,4.7952654E-3,2.6774883E-2],"categories":[],"categories_nodes":[],"categories_segments":[],"categories_sizes":[],"default_left":[0,0,0,0,0,0,0,0,0,0,0,0,0],"id":47,"left_children":[1,3,5,-1,-1,7,-1,9,11,-1,-1,-1,-1],"loss_changes":[8.168231E0,1.7366409E-3,1.9905341E0,0E0,0E0,3.153302E-1,0E0,2.6356503E-3,1.9025236E-2,0E0,0E0,0E0,0E0],"parents":[2147483647,0,0,1,1,2,2,5,5,7,7,8,8],"right_children":[2,4,6,-1,-1,8,-1,10,12,-1,-1,-1,-1],"split_conditions":[1.9922782E-1,1.0307549E-1,1E0,-1.8277729E-1,-4.893389E-2,4.9946764E-1,1.2585221E-1,3.0424473E-1,6.038301E-1,-2.184534E-2,-5.334568E-3,4.7952654E-3,2.6774883E-2],"split_indices":[0,0,0,0,0,0,0,0,0,0,0,0,0],"split_type":[0,0,0,0,0,0,0,0,0,0,0,0,0],"sum_hessian":[9E0,2E0,7E0,1E0,1E0,6E0,1E0,2E0,4E0,1E0,1E0,1E0,3E0],"tree_param":{"num_deleted":"0","num_feature":"2","num_nodes":"13","size_leaf_vector":"1"}},{"base_weights":[-1.4459625E-1,-1.4675044E0,3.6956882E-1,-1.7363842E-1,-4.648724E-2,8.076586E-2,1.1955948E-1,-1.7213948E-1,2.1635589E-1,-2.0753099E-2,-5.0678253E-3,8.044434E-3,2.8014883E-2],"categories":[],"categories_nodes":[],"categories_segments":[],"categories_sizes":[],"default_left":[0,0,0,0,0,0,0,0,0,0,0,0,0],"id":48,"left_children":[1,3,5,-1,-1,7,-1,9,11,-1,-1,-1,-1],"loss_changes":[7.344275E0,1.5659332E-3,1.8119068E0,0E0,0E0,2.772835E-1,0E0,2.3787767E-3,2.0814613E-2,0E0,0E0,0E0,0E0],"parents":[2147483647,0,0,1,1,2,2,5,5,7,7,8,8],"right_children":[2,4,6,-1,-1,8,-1,10,12,-1,-1,-1,-1],"split_conditions":[1.9922782E-1,1.0307549E-1,1E0,-1.7363842E-1,-4.648724E-2,4.9946764E-1,1.1955948E-1,3.0424473E-1,7.0474434E-1,-2.0753099E-2,-5.0678253E-3,8.044434E-3,2.8014883E-2],"split_indices":[0,0,0,0,0,0,0,0,0,0,0,0,0],"split_type":[0,0,0,0,0,0,0,0,0,0,0,0,0],"sum_hessian":[9E0,2E0,7E0,1E0,1E0,6E0,1E0,2E0,4E0,1E0,1E0,2E0,2E0],"tree_param":{"num_deleted":"0","num_feature":"2","num_nodes":"13","size_leaf_vector":"1"}},{"base_weights":[-1.3916954E-1,-1.3941289E0,3.4883642E-1,-1.649565E-1,-4.4162847E-2,7.415172E-2,1.1358147E-1,-1.6353226E-1,2.0193176E-1,-1.9715404E-2,-4.8144343E-3,7.5080874E-3,2.6147207E-2],"categories":[],"categories_nodes":[],"categories_segments":[],"categories_sizes":[],"default_left":[0,0,0,0,0,0,0,0,0,0,0,0,0],"id":49,"left_children":[1,3,5,-1,-1,7,-1,9,11,-1,-1,-1,-1],"loss_changes":[6.6105995E0,1.414299E-3,1.6451445E0,0E0,0E0,2.4562123E-1,0E0,2.146788E-3,1.813215E-2,0E0,0E0,0E0,0E0],"parents":[2147483647,0,0,1,1,2,2,5,5,7,7,8,8],"right_children":[2,4,6,-1,-1,8,-1,10,12,-1,-1,-1,-1],"split_conditions":[1.9922782E-1,1.0307549E-1,1E0,-1.649565E-1,-4.4162847E-2,4.9946764E-1,1.1358147E-1,3.0424473E-1,7.0474434E-1,-1.9715404E-2,-4.8144343E-3,7.5080874E-3,2.6147207E-2],"split_indices":[0,0,0,0,0,0,0,0,0,0,0,0,0],"split_type":[0,0,0,0,0,0,0,0,0,0,0,0,0],"sum_hessian":[9E0,2E0,7E0,1E0,1E0,6E0,1E0,2E0,4E0,1E0,1E0,2E0,2E0],"tree_param":{"num_deleted":"0","num_feature":"2","num_nodes":"13","size_leaf_vector":"1"}},{"base_weights":[-1.338931E-1,-1.3244225E0,3.2929206E-1,-1.5670867E-1,-4.1954707E-2,6.804085E-2,1.0790253E-1,-1.5535545E-1,1.8847045E-1,-1.8729592E-2,-4.5737266E-3,7.007599E-3,2.4404144E-2],"categories":[],"categories_nodes":[],"categories_segments":[],"categories_sizes":[],"default_left":[0,0,0,0,0,0,0,0,0,0,0,0,0],"id":50,"left_children":[1,3,5,-1,-1,7,-1,9,11,-1,-1,-1,-1],"loss_changes":[5.950477E0,1.2760162E-3,1.4935318E0,0E0,0E0,2.176046E-1,0E0,1.9373596E-3,1.5795037E-2,0E0,0E0,0E0,0E0],"parents":[2147483647,0,0,1,1,2,2,5,5,7,7,8,8],"right_children":[2,4,6,-1,-1,8,-1,10,12,-1,-1,-1,-1],"split_conditions":[1.9922782E-1,1.0307549E-1,1E0,-1.5670867E-1,-4.1954707E-2,4.9946764E-1,1.0790253E-1,3.0424473E-1,7.0474434E-1,-1.8729592E-2,-4.5737266E-3,7.007599E-3,2.4404144E-2],"split_indices":[0,0,0,0,0,0,0,0,0,0,0,0,0],"split_type":[0,0,0,0,0,0,0,0,0,0,0,0,0],"sum_hessian":[9E0,2E0,7E0,1E0,1E0,6E0,1E0,2E0,4E0,1E0,1E0,2E0,2E0],"tree_param":{"num_deleted":"0","num_feature":"2","num_nodes":"13","size_leaf_vector":"1"}},{"base_weights":[-1.2876873E-1,-1.2582016E0,3.108647E-1,-1.4887324E-1,-3.9857008E-2,6.239564E-2,1.02507405E-1,-1.4758746E-1,1.7590638E-1,-1.7793084E-2,-4.3450356E-3,6.540426E-3,2.2777302E-2],"categories":[],"categories_nodes":[],"categories_segments":[],"categories_sizes":[],"default_left":[0,0,0,0,0,0,0,0,0,0,0,0,0],"id":51,"left_children":[1,3,5,-1,-1,7,-1,9,11,-1,-1,-1,-1],"loss_changes":[5.3564944E0,1.1506081E-3,1.355711E0,0E0,0E0,1.9280894E-1,0E0,1.7484501E-3,1.37595385E-2,0E0,0E0,0E0,0E0],"parents":[2147483647,0,0,1,1,2,2,5,5,7,7,8,8],"right_children":[2,4,6,-1,-1,8,-1,10,12,-1,-1,-1,-1],"split_conditions":[1.9922782E-1,1.0307549E-1,1E0,-1.4887324E-1,-3.9857008E-2,4.9946764E-1,1.02507405E-1,3.0424473E-1,7.0474434E-1,-1.7793084E-2,-4.3450356E-3,6.540426E-3,2.2777302E-2],"split_indices":[0,0,0,0,0,0,0,0,0,0,0,0,0],"split_type":[0,0,0,0,0,0,0,0,0,0,0,0,0],"sum_hessian":[9E0,2E0,7E0,1E0,1E0,6E0,1E0,2E0,4E0,1E0,1E0,2E0,2E0],"tree_param":{"num_deleted":"0","num_feature":"2","num_nodes":"13","size_leaf_vector":"1"}},{"base_weights":[-1.2379656E-1,-1.1952912E0,2.934885E-1,-1.4142957E-1,-3.7864115E-2,5.718122E-2,9.738197E-2,-1.4020793E-1,1.6417846E-1,-1.69034E-2,-4.127789E-3,6.104279E-3,2.12588E-2],"categories":[],"categories_nodes":[],"categories_segments":[],"categories_sizes":[],"default_left":[0,0,0,0,0,0,0,0,0,0,0,0,0],"id":52,"left_children":[1,3,5,-1,-1,7,-1,9,11,-1,-1,-1,-1],"loss_changes":[4.821991E0,1.0399818E-3,1.2304535E0,0E0,0E0,1.708598E-1,0E0,1.5779287E-3,1.1986777E-2,0E0,0E0,0E0,0E0],"parents":[2147483647,0,0,1,1,2,2,5,5,7,7,8,8],"right_children":[2,4,6,-1,-1,8,-1,10,12,-1,-1,-1,-1],"split_conditions":[1.9922782E-1,1.0307549E-1,1E0,-1.4142957E-1,-3.7864115E-2,4.9946764E-1,9.738197E-2,3.0424473E-1,7.0474434E-1,-1.69034E-2,-4.127789E-3,6.104279E-3,2.12588E-2],"split_indices":[0,0,0,0,0,0,0,0,0,0,0,0,0],"split_type":[0,0,0,0,0,0,0,0,0,0,0,0,0],"sum_hessian":[9E0,2E0,7E0,1E0,1E0,6E0,1E0,2E0,4E0,1E0,1E0,2E0,2E0],"tree_param":{"num_deleted":"0","num_feature":"2","num_nodes":"13","size_leaf_vector":"1"}},{"base_weights":[-1.18974425E-1,-1.1355264E0,2.7710438E-1,-1.343581E-1,-3.5970878E-2,5.2368164E-2,9.25129E-2,-1.3319778E-1,1.532341E-1,-1.6058255E-2,-3.9214133E-3,5.6973775E-3,1.984164E-2],"categories":[],"categories_nodes":[],"categories_segments":[],"categories_sizes":[],"default_left":[0,0,0,0,0,0,0,0,0,0,0,0,0],"id":53,"left_children":[1,3,5,-1,-1,7,-1,9,11,-1,-1,-1,-1],"loss_changes":[4.3410063E0,9.391308E-4,1.1166294E0,0E0,0E0,1.5143143E-1,0E0,1.4240518E-3,1.044178E-2,0E0,0E0,0E0,0E0],"parents":[2147483647,0,0,1,1,2,2,5,5,7,7,8,8],"right_children":[2,4,6,-1,-1,8,-1,10,12,-1,-1,-1,-1],"split_conditions":[1.9922782E-1,1.0307549E-1,1E0,-1.343581E-1,-3.5970878E-2,4.9946764E-1,9.25129E-2,3.0424473E-1,7.0474434E-1,-1.6058255E-2,-3.9214133E-3,5.6973775E-3,1.984164E-2],"split_indices":[0,0,0,0,0,0,0,0,0,0,0,0,0],"split_type":[0,0,0,0,0,0,0,0,0,0,0,0,0],"sum_hessian":[9E0,2E0,7E0,1E0,1E0,6E0,1E0,2E0,4E0,1E0,1E0,2E0,2E0],"tree_param":{"num_deleted":"0","num_feature":"2","num_nodes":"13","size_leaf_vector":"1"}},{"base_weights":[-1.1430325E-1,-1.0787501E0,2.6165223E-1,-1.2764017E-1,-3.4172345E-2,4.7924858E-2,8.788719E-2,-1.2653796E-1,1.4301758E-1,-1.5255356E-2,-3.725338E-3,2.5102615E-3,1.6622066E-2],"categories":[],"categories_nodes":[],"categories_segments":[],"categories_sizes":[],"default_left":[0,0,0,0,0,0,0,0,0,0,0,0,0],"id":54,"left_children":[1,3,5,-1,-1,7,-1,9,11,-1,-1,-1,-1],"loss_changes":[3.9081478E0,8.4733963E-4,1.0132141E0,0E0,0E0,1.3422816E-1,0E0,1.28524E-3,9.50738E-3,0E0,0E0,0E0,0E0],"parents":[2147483647,0,0,1,1,2,2,5,5,7,7,8,8],"right_children":[2,4,6,-1,-1,8,-1,10,12,-1,-1,-1,-1],"split_conditions":[1.9922782E-1,1.0307549E-1,1E0,-1.2764017E-1,-3.4172345E-2,4.9946764E-1,8.788719E-2,3.0424473E-1,6.038301E-1,-1.5255356E-2,-3.725338E-3,2.5102615E-3,1.6622066E-2],"split_indices":[0,0,0,0,0,0,0,0,0,0,0,0,0],"split_type":[0,0,0,0,0,0,0,0,0,0,0,0,0],"sum_hessian":[9E0,2E0,7E0,1E0,1E0,6E0,1E0,2E0,4E0,1E0,1E0,1E0,3E0],"tree_param":{"num_deleted":"0","num_feature":"2","num_nodes":"13","size_leaf_vector":"1"}},{"base_weights":[-1.1025067E-1,-1.0248127E0,2.4649143E-1,-1.2125816E-1,-3.246374E-2,4.3154035E-2,8.349266E-2,-1.2021128E-1,1.3254242E-1,-1.4492608E-2,-3.5390854E-3,4.6797437E-3,1.741066E-2],"categories":[],"categories_nodes":[],"categories_segments":[],"categories_sizes":[],"default_left":[0,0,0,0,0,0,0,0,0,0,0,0,0],"id":55,"left_children":[1,3,5,-1,-1,7,-1,9,11,-1,-1,-1,-1],"loss_changes":[3.5152354E0,7.6413155E-4,9.2117655E-1,0E0,0E0,1.18153825E-1,0E0,1.1599027E-3,9.671852E-3,0E0,0E0,0E0,0E0],"parents":[2147483647,0,0,1,1,2,2,5,5,7,7,8,8],"right_children":[2,4,6,-1,-1,8,-1,10,12,-1,-1,-1,-1],"split_conditions":[1.9922782E-1,1.0307549E-1,1E0,-1.2125816E-1,-3.246374E-2,4.9946764E-1,8.349266E-2,3.0424473E-1,7.0474434E-1,-1.4492608E-2,-3.5390854E-3,4.6797437E-3,1.741066E-2],"split_indices":[0,0,0,0,0,0,0,0,0,0,0,0,0],"split_type":[0,0,0,0,0,0,0,0,0,0,0,0,0],"sum_hessian":[9E0,2E0,7E0,1E0,1E0,6E0,1E0,2E0,4E0,1E0,1E0,2E0,2E0],"tree_param":{"num_deleted":"0","num_feature":"2","num_nodes":"13","size_leaf_vector":"1"}},{"base_weights":[-1.05843306E-1,-9.7357225E-1,2.3278546E-1,-1.1519525E-1,-3.0840589E-2,3.9418083E-2,7.931786E-2,-1.14201225E-1,1.2370606E-1,-1.3768005E-2,-3.3621788E-3,4.3677012E-3,1.6249975E-2],"categories":[],"categories_nodes":[],"categories_segments":[],"categories_sizes":[],"default_left":[0,0,0,0,0,0,0,0,0,0,0,0,0],"id":56,"left_children":[1,3,5,-1,-1,7,-1,9,11,-1,-1,-1,-1],"loss_changes":[3.1650133E0,6.887913E-4,8.356284E-1,0E0,0E0,1.047652E-1,0E0,1.0466836E-3,8.425608E-3,0E0,0E0,0E0,0E0],"parents":[2147483647,0,0,1,1,2,2,5,5,7,7,8,8],"right_children":[2,4,6,-1,-1,8,-1,10,12,-1,-1,-1,-1],"split_conditions":[1.9922782E-1,1.0307549E-1,1E0,-1.1519525E-1,-3.0840589E-2,4.9946764E-1,7.931786E-2,3.0424473E-1,7.0474434E-1,-1.3768005E-2,-3.3621788E-3,4.3677012E-3,1.6249975E-2],"split_indices":[0,0,0,0,0,0,0,0,0,0,0,0,0],"split_type":[0,0,0,0,0,0,0,0,0,0,0,0,0],"sum_hessian":[9E0,2E0,7E0,1E0,1E0,6E0,1E0,2E0,4E0,1E0,1E0,2E0,2E0],"tree_param":{"num_deleted":"0","num_feature":"2","num_nodes":"13","size_leaf_vector":"1"}},{"base_weights":[-1.01582006E-1,-9.2489386E-1,2.198577E-1,-1.0943549E-1,-2.9298592E-2,3.597423E-2,7.5352095E-2,-1.08491264E-1,1.1545868E-1,-1.3079643E-2,-3.194046E-3,4.0765125E-3,1.51666E-2],"categories":[],"categories_nodes":[],"categories_segments":[],"categories_sizes":[],"default_left":[0,0,0,0,0,0,0,0,0,0,0,0,0],"id":57,"left_children":[1,3,5,-1,-1,7,-1,9,11,-1,-1,-1,-1],"loss_changes":[2.849796E0,6.2060356E-4,7.5794756E-1,0E0,0E0,9.290557E-2,0E0,9.4473734E-4,7.339582E-3,0E0,0E0,0E0,0E0],"parents":[2147483647,0,0,1,1,2,2,5,5,7,7,8,8],"right_children":[2,4,6,-1,-1,8,-1,10,12,-1,-1,-1,-1],"split_conditions":[1.9922782E-1,1.0307549E-1,1E0,-1.0943549E-1,-2.9298592E-2,4.9946764E-1,7.5352095E-2,3.0424473E-1,7.0474434E-1,-1.3079643E-2,-3.194046E-3,4.0765125E-3,1.51666E-2],"split_indices":[0,0,0,0,0,0,0,0,0,0,0,0,0],"split_type":[0,0,0,0,0,0,0,0,0,0,0,0,0],"sum_hessian":[9E0,2E0,7E0,1E0,1E0,6E0,1E0,2E0,4E0,1E0,1E0,2E0,2E0],"tree_param":{"num_deleted":"0","num_feature":"2","num_nodes":"13","size_leaf_vector":"1"}},{"base_weights":[-9.746561E-2,-8.7864906E-1,2.0766139E-1,-1.0396371E-1,-2.7833654E-2,3.2800674E-2,7.158432E-2,-1.03066124E-1,1.0776062E-1,-1.2425614E-2,-3.0343055E-3,3.804652E-3,1.4155452E-2],"categories":[],"categories_nodes":[],"categories_segments":[],"categories_sizes":[],"default_left":[0,0,0,0,0,0,0,0,0,0,0,0,0],"id":58,"left_children":[1,3,5,-1,-1,7,-1,9,11,-1,-1,-1,-1],"loss_changes":[2.5660632E0,5.6028366E-4,6.8740815E-1,0E0,0E0,8.239845E-2,0E0,8.526966E-4,6.393902E-3,0E0,0E0,0E0,0E0],"parents":[2147483647,0,0,1,1,2,2,5,5,7,7,8,8],"right_children":[2,4,6,-1,-1,8,-1,10,12,-1,-1,-1,-1],"split_conditions":[1.9922782E-1,1.0307549E-1,1E0,-1.0396371E-1,-2.7833654E-2,4.9946764E-1,7.158432E-2,3.0424473E-1,7.0474434E-1,-1.2425614E-2,-3.0343055E-3,3.804652E-3,1.4155452E-2],"split_indices":[0,0,0,0,0,0,0,0,0,0,0,0,0],"split_type":[0,0,0,0,0,0,0,0,0,0,0,0,0],"sum_hessian":[9E0,2E0,7E0,1E0,1E0,6E0,1E0,2E0,4E0,1E0,1E0,2E0,2E0],"tree_param":{"num_deleted":"0","num_feature":"2","num_nodes":"13","size_leaf_vector":"1"}},{"base_weights":[-9.3489945E-2,-8.347165E-1,1.9615626E-1,-9.876552E-2,-2.6441956E-2,2.9878616E-2,6.800499E-2,-9.791247E-2,1.0057755E-1,-1.1804295E-2,-2.882576E-3,1.5382767E-3,1.1803055E-2],"categories":[],"categories_nodes":[],"categories_segments":[],"categories_sizes":[],"default_left":[0,0,0,0,0,0,0,0,0,0,0,0,0],"id":59,"left_children":[1,3,5,-1,-1,7,-1,9,11,-1,-1,-1,-1],"loss_changes":[2.3106694E0,5.0616264E-4,6.233666E-1,0E0,0E0,7.309064E-2,0E0,7.695686E-4,5.618885E-3,0E0,0E0,0E0,0E0],"parents":[2147483647,0,0,1,1,2,2,5,5,7,7,8,8],"right_children":[2,4,6,-1,-1,8,-1,10,12,-1,-1,-1,-1],"split_conditions":[1.9922782E-1,1.0307549E-1,1E0,-9.876552E-2,-2.6441956E-2,4.9946764E-1,6.800499E-2,3.0424473E-1,6.038301E-1,-1.1804295E-2,-2.882576E-3,1.5382767E-3,1.1803055E-2],"split_indices":[0,0,0,0,0,0,0,0,0,0,0,0,0],"split_type":[0,0,0,0,0,0,0,0,0,0,0,0,0],"sum_hessian":[9E0,2E0,7E0,1E0,1E0,6E0,1E0,2E0,4E0,1E0,1E0,1E0,3E0],"tree_param":{"num_deleted":"0","num_feature":"2","num_nodes":"13","size_leaf_vector":"1"}},{"base_weights":[-8.999596E-2,-7.9298085E-1,1.8487287E-1,-9.382725E-2,-2.5119876E-2,2.6698794E-2,6.460457E-2,-9.3016945E-2,9.318848E-2,-1.1214065E-2,-2.7384758E-3,3.1064353E-3,1.2424978E-2],"categories":[],"categories_nodes":[],"categories_segments":[],"categories_sizes":[],"default_left":[0,0,0,0,0,0,0,0,0,0,0,0,0],"id":60,"left_children":[1,3,5,-1,-1,7,-1,9,11,-1,-1,-1,-1],"loss_changes":[2.078887E0,4.5621395E-4,5.66316E-1,0E0,0E0,6.4387135E-2,0E0,6.9445E-4,5.7885423E-3,0E0,0E0,0E0,0E0],"parents":[2147483647,0,0,1,1,2,2,5,5,7,7,8,8],"right_children":[2,4,6,-1,-1,8,-1,10,12,-1,-1,-1,-1],"split_conditions":[1.9922782E-1,1.0307549E-1,1E0,-9.382725E-2,-2.5119876E-2,4.9946764E-1,6.460457E-2,3.0424473E-1,7.0474434E-1,-1.1214065E-2,-2.7384758E-3,3.1064353E-3,1.2424978E-2],"split_indices":[0,0,0,0,0,0,0,0,0,0,0,0,0],"split_type":[0,0,0,0,0,0,0,0,0,0,0,0,0],"sum_hessian":[9E0,2E0,7E0,1E0,1E0,6E0,1E0,2E0,4E0,1E0,1E0,2E0,2E0],"tree_param":{"num_deleted":"0","num_feature":"2","num_nodes":"13","size_leaf_vector":"1"}},{"base_weights":[-8.627291E-2,-7.5333184E-1,1.746583E-1,-8.9135885E-2,-2.3863887E-2,2.4254391E-2,6.1374284E-2,-8.836619E-2,8.697586E-2,-1.0653401E-2,-2.6015283E-3,2.8994242E-3,1.1596552E-2],"categories":[],"categories_nodes":[],"categories_segments":[],"categories_sizes":[],"default_left":[0,0,0,0,0,0,0,0,0,0,0,0,0],"id":61,"left_children":[1,3,5,-1,-1,7,-1,9,11,-1,-1,-1,-1],"loss_changes":[1.8721406E0,4.117489E-4,5.1343423E-1,0E0,0E0,5.7131823E-2,0E0,6.2682666E-4,5.042009E-3,0E0,0E0,0E0,0E0],"parents":[2147483647,0,0,1,1,2,2,5,5,7,7,8,8],"right_children":[2,4,6,-1,-1,8,-1,10,12,-1,-1,-1,-1],"split_conditions":[1.9922782E-1,1.0307549E-1,1E0,-8.9135885E-2,-2.3863887E-2,4.9946764E-1,6.1374284E-2,3.0424473E-1,7.0474434E-1,-1.0653401E-2,-2.6015283E-3,2.8994242E-3,1.1596552E-2],"split_indices":[0,0,0,0,0,0,0,0,0,0,0,0,0],"split_type":[0,0,0,0,0,0,0,0,0,0,0,0,0],"sum_hessian":[9E0,2E0,7E0,1E0,1E0,6E0,1E0,2E0,4E0,1E0,1E0,2E0,2E0],"tree_param":{"num_deleted":"0","num_feature":"2","num_nodes":"13","size_leaf_vector":"1"}},{"base_weights":[-8.268368E-2,-7.156649E-1,1.6501975E-1,-8.467909E-2,-2.267065E-2,2.200617E-2,5.830574E-2,-8.3948135E-2,8.117752E-2,-1.0120774E-2,-2.471447E-3,2.7061463E-3,1.0823441E-2],"categories":[],"categories_nodes":[],"categories_segments":[],"categories_sizes":[],"default_left":[0,0,0,0,0,0,0,0,0,0,0,0,0],"id":62,"left_children":[1,3,5,-1,-1,7,-1,9,11,-1,-1,-1,-1],"loss_changes":[1.6860151E0,3.7240982E-4,4.654496E-1,0E0,0E0,5.0700918E-2,0E0,5.657505E-4,4.39208E-3,0E0,0E0,0E0,0E0],"parents":[2147483647,0,0,1,1,2,2,5,5,7,7,8,8],"right_children":[2,4,6,-1,-1,8,-1,10,12,-1,-1,-1,-1],"split_conditions":[1.9922782E-1,1.0307549E-1,1E0,-8.467909E-2,-2.267065E-2,4.9946764E-1,5.830574E-2,3.0424473E-1,7.0474434E-1,-1.0120774E-2,-2.471447E-3,2.7061463E-3,1.0823441E-2],"split_indices":[0,0,0,0,0,0,0,0,0,0,0,0,0],"split_type":[0,0,0,0,0,0,0,0,0,0,0,0,0],"sum_hessian":[9E0,2E0,7E0,1E0,1E0,6E0,1E0,2E0,4E0,1E0,1E0,2E0,2E0],"tree_param":{"num_deleted":"0","num_feature":"2","num_nodes":"13","size_leaf_vector":"1"}},{"base_weights":[-7.9225615E-2,-6.7988163E-1,1.559236E-1,-8.044513E-2,-2.1537114E-2,1.9939695E-2,5.5390548E-2,-7.9750694E-2,7.576599E-2,-9.614754E-3,-2.347851E-3,2.5258383E-3,1.0101828E-2],"categories":[],"categories_nodes":[],"categories_segments":[],"categories_sizes":[],"default_left":[0,0,0,0,0,0,0,0,0,0,0,0,0],"id":63,"left_children":[1,3,5,-1,-1,7,-1,9,11,-1,-1,-1,-1],"loss_changes":[1.5184475E0,3.362894E-4,4.2190838E-1,0E0,0E0,4.4999808E-2,0E0,5.106572E-4,3.825605E-3,0E0,0E0,0E0,0E0],"parents":[2147483647,0,0,1,1,2,2,5,5,7,7,8,8],"right_children":[2,4,6,-1,-1,8,-1,10,12,-1,-1,-1,-1],"split_conditions":[1.9922782E-1,1.0307549E-1,1E0,-8.044513E-2,-2.1537114E-2,4.9946764E-1,5.5390548E-2,3.0424473E-1,7.0474434E-1,-9.614754E-3,-2.347851E-3,2.5258383E-3,1.0101828E-2],"split_indices":[0,0,0,0,0,0,0,0,0,0,0,0,0],"split_type":[0,0,0,0,0,0,0,0,0,0,0,0,0],"sum_hessian":[9E0,2E0,7E0,1E0,1E0,6E0,1E0,2E0,4E0,1E0,1E0,2E0,2E0],"tree_param":{"num_deleted":"0","num_feature":"2","num_nodes":"13","size_leaf_vector":"1"}},{"base_weights":[-7.5895295E-2,-6.458873E-1,1.4733863E-1,-7.642288E-2,-2.0460224E-2,1.8041065E-2,5.2621078E-2,-7.576307E-2,7.071533E-2,-9.134007E-3,-2.2304535E-3,2.357483E-3,9.428406E-3],"categories":[],"categories_nodes":[],"categories_segments":[],"categories_sizes":[],"default_left":[0,0,0,0,0,0,0,0,0,0,0,0,0],"id":64,"left_children":[1,3,5,-1,-1,7,-1,9,11,-1,-1,-1,-1],"loss_changes":[1.3675797E0,3.039837E-4,3.824046E-1,0E0,0E0,3.9945055E-2,0E0,4.6087243E-4,3.332479E-3,0E0,0E0,0E0,0E0],"parents":[2147483647,0,0,1,1,2,2,5,5,7,7,8,8],"right_children":[2,4,6,-1,-1,8,-1,10,12,-1,-1,-1,-1],"split_conditions":[1.9922782E-1,1.0307549E-1,1E0,-7.642288E-2,-2.0460224E-2,4.9946764E-1,5.2621078E-2,3.0424473E-1,7.0474434E-1,-9.134007E-3,-2.2304535E-3,2.357483E-3,9.428406E-3],"split_indices":[0,0,0,0,0,0,0,0,0,0,0,0,0],"split_type":[0,0,0,0,0,0,0,0,0,0,0,0,0],"sum_hessian":[9E0,2E0,7E0,1E0,1E0,6E0,1E0,2E0,4E0,1E0,1E0,2E0,2E0],"tree_param":{"num_deleted":"0","num_feature":"2","num_nodes":"13","size_leaf_vector":"1"}},{"base_weights":[-7.269007E-2,-6.13593E-1,1.3923478E-1,-7.260173E-2,-1.9437218E-2,1.6296659E-2,4.9990084E-2,-7.1975075E-2,6.6000365E-2,-8.677292E-3,-2.118969E-3,3.0769348E-2,1.0346222E-2,7.818222E-4,3.5813649E-3],"categories":[],"categories_nodes":[],"categories_segments":[],"categories_sizes":[],"default_left":[0,0,0,0,0,0,0,0,0,0,0,0,0,0,0],"id":65,"left_children":[1,3,5,-1,-1,7,-1,9,11,-1,-1,13,-1,-1,-1],"loss_changes":[1.2317412E0,2.7418137E-4,3.465701E-1,0E0,0E0,3.5462406E-2,0E0,4.158523E-4,3.4156311E-3,0E0,0E0,1.8309033E-4,0E0,0E0,0E0],"parents":[2147483647,0,0,1,1,2,2,5,5,7,7,8,8,11,11],"right_children":[2,4,6,-1,-1,8,-1,10,12,-1,-1,14,-1,-1,-1],"split_conditions":[1.9922782E-1,1.0307549E-1,1E0,-7.260173E-2,-1.9437218E-2,4.9946764E-1,4.9990084E-2,3.0424473E-1,9.0226525E-1,-8.677292E-3,-2.118969E-3,6.038301E-1,1.0346222E-2,7.818222E-4,3.5813649E-3],"split_indices":[0,0,0,0,0,0,0,0,0,0,0,0,0,0,0],"split_type":[0,0,0,0,0,0,0,0,0,0,0,0,0,0,0],"sum_hessian":[9E0,2E0,7E0,1E0,1E0,6E0,1E0,2E0,4E0,1E0,1E0,3E0,1E0,1E0,2E0],"tree_param":{"num_deleted":"0","num_feature":"2","num_nodes":"15","size_leaf_vector":"1"}},{"base_weights":[-6.923449E-2,-5.8291316E-1,1.3204932E-1,-6.897165E-2,-1.8465329E-2,1.5225819E-2,4.7490694E-2,-6.837654E-2,6.234207E-2,-8.243466E-3,-2.0130158E-3,2.8782845E-2,9.828949E-3,7.4272155E-4,3.342565E-3],"categories":[],"categories_nodes":[],"categories_segments":[],"categories_sizes":[],"default_left":[0,0,0,0,0,0,0,0,0,0,0,0,0,0,0],"id":66,"left_children":[1,3,5,-1,-1,7,-1,9,11,-1,-1,13,-1,-1,-1],"loss_changes":[1.1109253E0,2.4795532E-4,3.1319976E-1,0E0,0E0,3.1835947E-2,0E0,3.7533604E-4,3.2027867E-3,0E0,0E0,1.4834083E-4,0E0,0E0,0E0],"parents":[2147483647,0,0,1,1,2,2,5,5,7,7,8,8,11,11],"right_children":[2,4,6,-1,-1,8,-1,10,12,-1,-1,14,-1,-1,-1],"split_conditions":[1.9922782E-1,1.0307549E-1,1E0,-6.897165E-2,-1.8465329E-2,4.9946764E-1,4.7490694E-2,3.0424473E-1,9.0226525E-1,-8.243466E-3,-2.0130158E-3,6.038301E-1,9.828949E-3,7.4272155E-4,3.342565E-3],"split_indices":[0,0,0,0,0,0,0,0,0,0,0,0,0,0,0],"split_type":[0,0,0,0,0,0,0,0,0,0,0,0,0,0,0],"sum_hessian":[9E0,2E0,7E0,1E0,1E0,6E0,1E0,2E0,4E0,1E0,1E0,3E0,1E0,1E0,2E0],"tree_param":{"num_deleted":"0","num_feature":"2","num_nodes":"15","size_leaf_vector":"1"}},{"base_weights":[-6.5939926E-2,-5.537676E-1,1.2523794E-1,-6.5523066E-2,-1.7542077E-2,1.4226096E-2,4.5116045E-2,-6.495794E-2,5.8891296E-2,-7.831288E-3,-1.9124032E-3,2.692604E-2,9.337616E-3,7.0552825E-4,3.1197867E-3],"categories":[],"categories_nodes":[],"categories_segments":[],"categories_sizes":[],"default_left":[0,0,0,0,0,0,0,0,0,0,0,0,0,0,0],"id":67,"left_children":[1,3,5,-1,-1,7,-1,9,11,-1,-1,13,-1,-1,-1],"loss_changes":[1.0019712E0,2.2357702E-4,2.8303182E-1,0E0,0E0,2.8582852E-2,0E0,3.3866894E-4,2.997337E-3,0E0,0E0,1.19427685E-4,0E0,0E0,0E0],"parents":[2147483647,0,0,1,1,2,2,5,5,7,7,8,8,11,11],"right_children":[2,4,6,-1,-1,8,-1,10,12,-1,-1,14,-1,-1,-1],"split_conditions":[1.9922782E-1,1.0307549E-1,1E0,-6.5523066E-2,-1.7542077E-2,4.9946764E-1,4.5116045E-2,3.0424473E-1,9.0226525E-1,-7.831288E-3,-1.9124032E-3,6.038301E-1,9.337616E-3,7.0552825E-4,3.1197867E-3],"split_indices":[0,0,0,0,0,0,0,0,0,0,0,0,0,0,0],"split_type":[0,0,0,0,0,0,0,0,0,0,0,0,0,0,0],"sum_hessian":[9E0,2E0,7E0,1E0,1E0,6E0,1E0,2E0,4E0,1E0,1E0,3E0,1E0,1E0,2E0],"tree_param":{"num_deleted":"0","num_feature":"2","num_nodes":"15","size_leaf_vector":"1"}},{"base_weights":[-6.279872E-2,-5.260793E-1,1.1878133E-1,-6.2246915E-2,-1.6664982E-2,1.3291768E-2,4.2860415E-2,-6.170972E-2,5.563431E-2,-7.439709E-3,-1.8167496E-3,2.51894E-2,8.870698E-3,6.702423E-4,2.9117584E-3],"categories":[],"categories_nodes":[],"categories_segments":[],"categories_sizes":[],"default_left":[0,0,0,0,0,0,0,0,0,0,0,0,0,0,0],"id":68,"left_children":[1,3,5,-1,-1,7,-1,9,11,-1,-1,13,-1,-1,-1],"loss_changes":[9.037136E-1,2.0158291E-4,2.5576767E-1,0E0,0E0,2.5663452E-2,0E0,3.0569918E-4,2.7999962E-3,0E0,0E0,9.5322495E-5,0E0,0E0,0E0],"parents":[2147483647,0,0,1,1,2,2,5,5,7,7,8,8,11,11],"right_children":[2,4,6,-1,-1,8,-1,10,12,-1,-1,14,-1,-1,-1],"split_conditions":[1.9922782E-1,1.0307549E-1,1E0,-6.2246915E-2,-1.6664982E-2,4.9946764E-1,4.2860415E-2,3.0424473E-1,9.0226525E-1,-7.439709E-3,-1.8167496E-3,6.038301E-1,8.870698E-3,6.702423E-4,2.9117584E-3],"split_indices":[0,0,0,0,0,0,0,0,0,0,0,0,0,0,0],"split_type":[0,0,0,0,0,0,0,0,0,0,0,0,0,0,0],"sum_hessian":[9E0,2E0,7E0,1E0,1E0,6E0,1E0,2E0,4E0,1E0,1E0,3E0,1E0,1E0,2E0],"tree_param":{"num_deleted":"0","num_feature":"2","num_nodes":"15","size_leaf_vector":"1"}},{"base_weights":[-5.980451E-2,-4.997755E-1,1.1266017E-1,-5.913457E-2,-1.5831757E-2,1.2419292E-2,4.0717315E-2,-5.862363E-2,5.2561186E-2,-7.0676804E-3,-1.7258645E-3,2.3566246E-2,8.427048E-3,6.36673E-4,2.7177176E-3],"categories":[],"categories_nodes":[],"categories_segments":[],"categories_sizes":[],"default_left":[0,0,0,0,0,0,0,0,0,0,0,0,0,0,0],"id":69,"left_children":[1,3,5,-1,-1,7,-1,9,11,-1,-1,13,-1,-1,-1],"loss_changes":[8.1509936E-1,1.8161535E-4,2.3112112E-1,0E0,0E0,2.3043912E-2,0E0,2.759518E-4,2.6111063E-3,0E0,0E0,7.5394986E-5,0E0,0E0,0E0],"parents":[2147483647,0,0,1,1,2,2,5,5,7,7,8,8,11,11],"right_children":[2,4,6,-1,-1,8,-1,10,12,-1,-1,14,-1,-1,-1],"split_conditions":[1.9922782E-1,1.0307549E-1,1E0,-5.913457E-2,-1.5831757E-2,4.9946764E-1,4.0717315E-2,3.0424473E-1,9.0226525E-1,-7.0676804E-3,-1.7258645E-3,6.038301E-1,8.427048E-3,6.36673E-4,2.7177176E-3],"split_indices":[0,0,0,0,0,0,0,0,0,0,0,0,0,0,0],"split_type":[0,0,0,0,0,0,0,0,0,0,0,0,0,0,0],"sum_hessian":[9E0,2E0,7E0,1E0,1E0,6E0,1E0,2E0,4E0,1E0,1E0,3E0,1E0,1E0,2E0],"tree_param":{"num_deleted":"0","num_feature":"2","num_nodes":"15","size_leaf_vector":"1"}},{"base_weights":[-5.695025E-2,-4.7478697E-1,1.068573E-1,-5.6177836E-2,-1.5040207E-2,1.1604309E-2,3.8681414E-2,-5.5692036E-2,4.9661256E-2,-6.7142486E-3,-1.639557E-3,2.204895E-2,8.005524E-3,6.0482026E-4,2.5366466E-3],"categories":[],"categories_nodes":[],"categories_segments":[],"categories_sizes":[],"default_left":[0,0,0,0,0,0,0,0,0,0,0,0,0,0,0],"id":70,"left_children":[1,3,5,-1,-1,7,-1,9,11,-1,-1,13,-1,-1,-1],"loss_changes":[7.3518246E-1,1.6349554E-4,2.088451E-1,0E0,0E0,2.069339E-2,0E0,2.4904683E-4,2.4311058E-3,0E0,0E0,5.8909412E-5,0E0,0E0,0E0],"parents":[2147483647,0,0,1,1,2,2,5,5,7,7,8,8,11,11],"right_children":[2,4,6,-1,-1,8,-1,10,12,-1,-1,14,-1,-1,-1],"split_conditions":[1.9922782E-1,1.0307549E-1,1E0,-5.6177836E-2,-1.5040207E-2,4.9946764E-1,3.8681414E-2,3.0424473E-1,9.0226525E-1,-6.7142486E-3,-1.639557E-3,6.038301E-1,8.005524E-3,6.0482026E-4,2.5366466E-3],"split_indices":[0,0,0,0,0,0,0,0,0,0,0,0,0,0,0],"split_type":[0,0,0,0,0,0,0,0,0,0,0,0,0,0,0],"sum_hessian":[9E0,2E0,7E0,1E0,1E0,6E0,1E0,2E0,4E0,1E0,1E0,3E0,1E0,1E0,2E0],"tree_param":{"num_deleted":"0","num_feature":"2","num_nodes":"15","size_leaf_vector":"1"}},{"base_weights":[-5.4229535E-2,-4.5104787E-1,1.0135603E-1,-5.3368945E-2,-1.42882345E-2,1.0843004E-2,3.6747362E-2,-5.2907307E-2,4.692459E-2,-6.378555E-3,-1.557541E-3,2.062893E-2,7.605362E-3,5.7449343E-4,2.3675284E-3],"categories":[],"categories_nodes":[],"categories_segments":[],"categories_sizes":[],"default_left":[0,0,0,0,0,0,0,0,0,0,0,0,0,0,0],"id":71,"left_children":[1,3,5,-1,-1,7,-1,9,11,-1,-1,13,-1,-1,-1],"loss_changes":[6.631085E-1,1.4704466E-4,1.8871231E-1,0E0,0E0,1.8584142E-2,0E0,2.2483058E-4,2.26093E-3,0E0,0E0,4.535471E-5,0E0,0E0,0E0],"parents":[2147483647,0,0,1,1,2,2,5,5,7,7,8,8,11,11],"right_children":[2,4,6,-1,-1,8,-1,10,12,-1,-1,14,-1,-1,-1],"split_conditions":[1.9922782E-1,1.0307549E-1,1E0,-5.3368945E-2,-1.42882345E-2,4.9946764E-1,3.6747362E-2,3.0424473E-1,9.0226525E-1,-6.378555E-3,-1.557541E-3,6.038301E-1,7.605362E-3,5.7449343E-4,2.3675284E-3],"split_indices":[0,0,0,0,0,0,0,0,0,0,0,0,0,0,0],"split_type":[0,0,0,0,0,0,0,0,0,0,0,0,0,0,0],"sum_hessian":[9E0,2E0,7E0,1E0,1E0,6E0,1E0,2E0,4E0,1E0,1E0,3E0,1E0,1E0,2E0],"tree_param":{"num_deleted":"0","num_feature":"2","num_nodes":"15","size_leaf_vector":"1"}},{"base_weights":[-5.1637314E-2,-4.2849556E-1,9.613919E-2,-5.0700497E-2,-1.35738375E-2,1.0131018E-2,3.4909822E-2,-5.0261814E-2,4.4340514E-2,-6.0596466E-3,-1.4796257E-3,1.930046E-2,7.2250366E-3,5.4569246E-4,2.2095998E-3],"categories":[],"categories_nodes":[],"categories_segments":[],"categories_sizes":[],"default_left":[0,0,0,0,0,0,0,0,0,0,0,0,0,0,0],"id":72,"left_children":[1,3,5,-1,-1,7,-1,9,11,-1,-1,13,-1,-1,-1],"loss_changes":[5.9810317E-1,1.3256073E-4,1.7051563E-1,0E0,0E0,1.6690694E-2,0E0,2.0297151E-4,2.0998558E-3,0E0,0E0,3.422436E-5,0E0,0E0,0E0],"parents":[2147483647,0,0,1,1,2,2,5,5,7,7,8,8,11,11],"right_children":[2,4,6,-1,-1,8,-1,10,12,-1,-1,14,-1,-1,-1],"split_conditions":[1.9922782E-1,1.0307549E-1,1E0,-5.0700497E-2,-1.35738375E-2,4.9946764E-1,3.4909822E-2,3.0424473E-1,9.0226525E-1,-6.0596466E-3,-1.4796257E-3,6.038301E-1,7.2250366E-3,5.4569246E-4,2.2095998E-3],"split_indices":[0,0,0,0,0,0,0,0,0,0,0,0,0,0,0],"split_type":[0,0,0,0,0,0,0,0,0,0,0,0,0,0,0],"sum_hessian":[9E0,2E0,7E0,1E0,1E0,6E0,1E0,2E0,4E0,1E0,1E0,3E0,1E0,1E0,2E0],"tree_param":{"num_deleted":"0","num_feature":"2","num_nodes":"15","size_leaf_vector":"1"}},{"base_weights":[-4.9165837E-2,-4.0707055E-1,9.119415E-2,-4.8165474E-2,-1.2895107E-2,9.466989E-3,3.3164214E-2,-4.7748566E-2,4.1902922E-2,-5.7566646E-3,-1.4056206E-3,1.805973E-2,6.863785E-3,5.184174E-4,2.0623526E-3],"categories":[],"categories_nodes":[],"categories_segments":[],"categories_sizes":[],"default_left":[0,0,0,0,0,0,0,0,0,0,0,0,0,0,0],"id":73,"left_children":[1,3,5,-1,-1,7,-1,9,11,-1,-1,13,-1,-1,-1],"loss_changes":[5.3947747E-1,1.20043755E-4,1.5406941E-1,0E0,0E0,1.4991684E-2,0E0,1.8321397E-4,1.9476498E-3,0E0,0E0,2.5125104E-5,0E0,0E0,0E0],"parents":[2147483647,0,0,1,1,2,2,5,5,7,7,8,8,11,11],"right_children":[2,4,6,-1,-1,8,-1,10,12,-1,-1,14,-1,-1,-1],"split_conditions":[1.9922782E-1,1.0307549E-1,1E0,-4.8165474E-2,-1.2895107E-2,4.9946764E-1,3.3164214E-2,3.0424473E-1,9.0226525E-1,-5.7566646E-3,-1.4056206E-3,6.038301E-1,6.863785E-3,5.184174E-4,2.0623526E-3],"split_indices":[0,0,0,0,0,0,0,0,0,0,0,0,0,0,0],"split_type":[0,0,0,0,0,0,0,0,0,0,0,0,0,0,0],"sum_hessian":[9E0,2E0,7E0,1E0,1E0,6E0,1E0,2E0,4E0,1E0,1E0,3E0,1E0,1E0,2E0],"tree_param":{"num_deleted":"0","num_feature":"2","num_nodes":"15","size_leaf_vector":"1"}},{"base_weights":[-4.6811294E-2,-3.8671684E-1,8.65047E-2,-4.57572E-2,-1.2250328E-2,8.845465E-3,3.150597E-2,-4.5361202E-2,3.9600372E-2,-5.4688454E-3,-1.3353348E-3,1.6898155E-2,6.520462E-3,4.9247744E-4,1.924769E-3],"categories":[],"categories_nodes":[],"categories_segments":[],"categories_sizes":[],"default_left":[0,0,0,0,0,0,0,0,0,0,0,0,0,0,0],"id":74,"left_children":[1,3,5,-1,-1,7,-1,9,11,-1,-1,13,-1,-1,-1],"loss_changes":[4.8660132E-1,1.0856986E-4,1.3920836E-1,0E0,0E0,1.3466168E-2,0E0,1.6536191E-4,1.8045278E-3,0E0,0E0,1.7736922E-5,0E0,0E0,0E0],"parents":[2147483647,0,0,1,1,2,2,5,5,7,7,8,8,11,11],"right_children":[2,4,6,-1,-1,8,-1,10,12,-1,-1,14,-1,-1,-1],"split_conditions":[1.9922782E-1,1.0307549E-1,1E0,-4.57572E-2,-1.2250328E-2,4.9946764E-1,3.150597E-2,3.0424473E-1,9.0226525E-1,-5.4688454E-3,-1.3353348E-3,6.038301E-1,6.520462E-3,4.9247744E-4,1.924769E-3],"split_indices":[0,0,0,0,0,0,0,0,0,0,0,0,0,0,0],"split_type":[0,0,0,0,0,0,0,0,0,0,0,0,0,0,0],"sum_hessian":[9E0,2E0,7E0,1E0,1E0,6E0,1E0,2E0,4E0,1E0,1E0,3E0,1E0,1E0,2E0],"tree_param":{"num_deleted":"0","num_feature":"2","num_nodes":"15","size_leaf_vector":"1"}},{"base_weights":[-4.4567883E-2,-3.6738083E-1,8.205795E-2,-4.346934E-2,-1.1637784E-2,8.2648145E-3,2.9930497E-2,-4.3093365E-2,3.742676E-2,-5.195427E-3,-1.2685776E-3,1.581192E-2,6.1943056E-3,4.6787263E-4,1.7963409E-3],"categories":[],"categories_nodes":[],"categories_segments":[],"categories_sizes":[],"default_left":[0,0,0,0,0,0,0,0,0,0,0,0,0,0,0],"id":75,"left_children":[1,3,5,-1,-1,7,-1,9,11,-1,-1,13,-1,-1,-1],"loss_changes":[4.389111E-1,9.828806E-5,1.25777E-1,0E0,0E0,1.2096775E-2,0E0,1.4923606E-4,1.6701398E-3,0E0,0E0,1.176598E-5,0E0,0E0,0E0],"parents":[2147483647,0,0,1,1,2,2,5,5,7,7,8,8,11,11],"right_children":[2,4,6,-1,-1,8,-1,10,12,-1,-1,14,-1,-1,-1],"split_conditions":[1.9922782E-1,1.0307549E-1,1E0,-4.346934E-2,-1.1637784E-2,4.9946764E-1,2.9930497E-2,3.0424473E-1,9.0226525E-1,-5.195427E-3,-1.2685776E-3,6.038301E-1,6.1943056E-3,4.6787263E-4,1.7963409E-3],"split_indices":[0,0,0,0,0,0,0,0,0,0,0,0,0,0,0],"split_type":[0,0,0,0,0,0,0,0,0,0,0,0,0,0,0],"sum_hessian":[9E0,2E0,7E0,1E0,1E0,6E0,1E0,2E0,4E0,1E0,1E0,3E0,1E0,1E0,2E0],"tree_param":{"num_deleted":"0","num_feature":"2","num_nodes":"15","size_leaf_vector":"1"}},{"base_weights":[-4.242947E-2,-3.490115E-1,7.7842474E-2,-4.1295875E-2,-1.1055851E-2,7.7228546E-3,2.8433992E-2,-4.0938694E-2,3.5375215E-2,-4.935646E-3,-1.2051583E-3,1.4796257E-2,5.884552E-3,4.4441223E-4,1.6765594E-3],"categories":[],"categories_nodes":[],"categories_segments":[],"categories_sizes":[],"default_left":[0,0,0,0,0,0,0,0,0,0,0,0,0,0,0],"id":76,"left_children":[1,3,5,-1,-1,7,-1,9,11,-1,-1,13,-1,-1,-1],"loss_changes":[3.959001E-1,8.9108944E-5,1.1364025E-1,0E0,0E0,1.0867462E-2,0E0,1.3467157E-4,1.5442786E-3,0E0,0E0,7.0390524E-6,0E0,0E0,0E0],"parents":[2147483647,0,0,1,1,2,2,5,5,7,7,8,8,11,11],"right_children":[2,4,6,-1,-1,8,-1,10,12,-1,-1,14,-1,-1,-1],"split_conditions":[1.9922782E-1,1.0307549E-1,1E0,-4.1295875E-2,-1.1055851E-2,4.9946764E-1,2.8433992E-2,3.0424473E-1,9.0226525E-1,-4.935646E-3,-1.2051583E-3,6.038301E-1,5.884552E-3,4.4441223E-4,1.6765594E-3],"split_indices":[0,0,0,0,0,0,0,0,0,0,0,0,0,0,0],"split_type":[0,0,0,0,0,0,0,0,0,0,0,0,0,0,0],"sum_hessian":[9E0,2E0,7E0,1E0,1E0,6E0,1E0,2E0,4E0,1E0,1E0,3E0,1E0,1E0,2E0],"tree_param":{"num_deleted":"0","num_feature":"2","num_nodes":"15","size_leaf_vector":"1"}},{"base_weights":[-4.0391482E-2,-3.315612E-1,7.38461E-2,-3.923108E-2,-1.0503101E-2,7.2176796E-3,2.7012253E-2,-3.8891476E-2,3.3439636E-2,-4.6888352E-3,-1.144886E-3,1.3847351E-2,5.590439E-3,4.22287E-4,1.5647889E-3],"categories":[],"categories_nodes":[],"categories_segments":[],"categories_sizes":[],"default_left":[0,0,0,0,0,0,0,0,0,0,0,0,0,0,0],"id":77,"left_children":[1,3,5,-1,-1,7,-1,9,11,-1,-1,13,-1,-1,-1],"loss_changes":[3.5710976E-1,8.004904E-5,1.0267105E-1,0E0,0E0,9.764023E-3,0E0,1.21547375E-4,1.426551E-3,0E0,0E0,3.2379758E-6,0E0,0E0,0E0],"parents":[2147483647,0,0,1,1,2,2,5,5,7,7,8,8,11,11],"right_children":[2,4,6,-1,-1,8,-1,10,12,-1,-1,14,-1,-1,-1],"split_conditions":[1.9922782E-1,1.0307549E-1,1E0,-3.923108E-2,-1.0503101E-2,4.9946764E-1,2.7012253E-2,3.0424473E-1,9.0226525E-1,-4.6888352E-3,-1.144886E-3,6.038301E-1,5.590439E-3,4.22287E-4,1.5647889E-3],"split_indices":[0,0,0,0,0,0,0,0,0,0,0,0,0,0,0],"split_type":[0,0,0,0,0,0,0,0,0,0,0,0,0,0,0],"sum_hessian":[9E0,2E0,7E0,1E0,1E0,6E0,1E0,2E0,4E0,1E0,1E0,3E0,1E0,1E0,2E0],"tree_param":{"num_deleted":"0","num_feature":"2","num_nodes":"15","size_leaf_vector":"1"}},{"base_weights":[-3.845068E-2,-3.1498292E-1,7.005525E-2,-3.726953E-2,-9.977913E-3,6.744657E-3,2.5661469E-2,-3.694725E-2,3.161087E-2,-4.4544223E-3,-1.0876656E-3,1.295948E-3,5.310822E-3],"categories":[],"categories_nodes":[],"categories_segments":[],"categories_sizes":[],"default_left":[0,0,0,0,0,0,0,0,0,0,0,0,0],"id":78,"left_children":[1,3,5,-1,-1,7,-1,9,11,-1,-1,-1,-1],"loss_changes":[3.221201E-1,7.250905E-5,9.275874E-2,0E0,0E0,8.773101E-3,0E0,1.0968093E-4,1.3165222E-3,0E0,0E0,0E0,0E0],"parents":[2147483647,0,0,1,1,2,2,5,5,7,7,8,8],"right_children":[2,4,6,-1,-1,8,-1,10,12,-1,-1,-1,-1],"split_conditions":[1.9922782E-1,1.0307549E-1,1E0,-3.726953E-2,-9.977913E-3,4.9946764E-1,2.5661469E-2,3.0424473E-1,9.0226525E-1,-4.4544223E-3,-1.0876656E-3,1.295948E-3,5.310822E-3],"split_indices":[0,0,0,0,0,0,0,0,0,0,0,0,0],"split_type":[0,0,0,0,0,0,0,0,0,0,0,0,0],"sum_hessian":[9E0,2E0,7E0,1E0,1E0,6E0,1E0,2E0,4E0,1E0,1E0,3E0,1E0],"tree_param":{"num_deleted":"0","num_feature":"2","num_nodes":"13","size_leaf_vector":"1"}},{"base_weights":[-3.665778E-2,-2.9923397E-1,6.6390514E-2,-3.540605E-2,-9.479046E-3,6.2217712E-3,2.4378587E-2,-3.51003E-2,2.9770661E-2,-4.2317393E-3,-1.0333061E-3,1.19867325E-2,5.0453185E-3,3.3626557E-4,1.374054E-3],"categories":[],"categories_nodes":[],"categories_segments":[],"categories_sizes":[],"default_left":[0,0,0,0,0,0,0,0,0,0,0,0,0,0,0],"id":79,"left_children":[1,3,5,-1,-1,7,-1,9,11,-1,-1,13,-1,-1,-1],"loss_changes":[2.9044658E-1,6.5237284E-5,8.387245E-2,0E0,0E0,7.856581E-3,0E0,9.897398E-5,1.2343139E-3,0E0,0E0,1.4295161E-5,0E0,0E0,0E0],"parents":[2147483647,0,0,1,1,2,2,5,5,7,7,8,8,11,11],"right_children":[2,4,6,-1,-1,8,-1,10,12,-1,-1,14,-1,-1,-1],"split_conditions":[1.9922782E-1,1.0307549E-1,1E0,-3.540605E-2,-9.479046E-3,4.9946764E-1,2.4378587E-2,3.0424473E-1,9.0226525E-1,-4.2317393E-3,-1.0333061E-3,6.038301E-1,5.0453185E-3,3.3626557E-4,1.374054E-3],"split_indices":[0,0,0,0,0,0,0,0,0,0,0,0,0,0,0],"split_type":[0,0,0,0,0,0,0,0,0,0,0,0,0,0,0],"sum_hessian":[9E0,2E0,7E0,1E0,1E0,6E0,1E0,2E0,4E0,1E0,1E0,3E0,1E0,1E0,2E0],"tree_param":{"num_deleted":"0","num_feature":"2","num_nodes":"15","size_leaf_vector":"1"}},{"base_weights":[-3.4892727E-2,-2.842721E-1,6.2986135E-2,-3.3635747E-2,-9.00507E-3,5.813326E-3,2.315979E-2,-3.3344906E-2,2.81456E-2,-4.0201186E-3,-9.81617E-4,1.1216164E-2,4.793167E-3,3.194809E-4,1.2825013E-3],"categories":[],"categories_nodes":[],"categories_segments":[],"categories_sizes":[],"default_left":[0,0,0,0,0,0,0,0,0,0,0,0,0,0,0],"id":80,"left_children":[1,3,5,-1,-1,7,-1,9,11,-1,-1,13,-1,-1,-1],"loss_changes":[2.619949E-1,5.9068203E-5,7.577371E-2,0E0,0E0,7.0599588E-3,0E0,8.933735E-5,1.1372259E-3,0E0,0E0,1.06471125E-5,0E0,0E0,0E0],"parents":[2147483647,0,0,1,1,2,2,5,5,7,7,8,8,11,11],"right_children":[2,4,6,-1,-1,8,-1,10,12,-1,-1,14,-1,-1,-1],"split_conditions":[1.9922782E-1,1.0307549E-1,1E0,-3.3635747E-2,-9.00507E-3,4.9946764E-1,2.315979E-2,3.0424473E-1,9.0226525E-1,-4.0201186E-3,-9.81617E-4,6.038301E-1,4.793167E-3,3.194809E-4,1.2825013E-3],"split_indices":[0,0,0,0,0,0,0,0,0,0,0,0,0,0,0],"split_type":[0,0,0,0,0,0,0,0,0,0,0,0,0,0,0],"sum_hessian":[9E0,2E0,7E0,1E0,1E0,6E0,1E0,2E0,4E0,1E0,1E0,3E0,1E0,1E0,2E0],"tree_param":{"num_deleted":"0","num_feature":"2","num_nodes":"15","size_leaf_vector":"1"}},{"base_weights":[-3.3212196E-2,-2.7005866E-1,5.9756756E-2,-3.195396E-2,-8.55484E-3,5.431584E-3,2.2001648E-2,-3.1677246E-2,2.6610564E-2,-3.8190843E-3,-9.3250273E-4,1.0495186E-2,4.5536044E-3,3.0345918E-4,1.1970521E-3],"categories":[],"categories_nodes":[],"categories_segments":[],"categories_sizes":[],"default_left":[0,0,0,0,0,0,0,0,0,0,0,0,0,0,0],"id":81,"left_children":[1,3,5,-1,-1,7,-1,9,11,-1,-1,13,-1,-1,-1],"loss_changes":[2.3633152E-1,5.310774E-5,6.8454064E-2,0E0,0E0,6.34444E-3,0E0,8.0649275E-5,1.0470469E-3,0E0,0E0,7.701805E-6,0E0,0E0,0E0],"parents":[2147483647,0,0,1,1,2,2,5,5,7,7,8,8,11,11],"right_children":[2,4,6,-1,-1,8,-1,10,12,-1,-1,14,-1,-1,-1],"split_conditions":[1.9922782E-1,1.0307549E-1,1E0,-3.195396E-2,-8.55484E-3,4.9946764E-1,2.2001648E-2,3.0424473E-1,9.0226525E-1,-3.8190843E-3,-9.3250273E-4,6.038301E-1,4.5536044E-3,3.0345918E-4,1.1970521E-3],"split_indices":[0,0,0,0,0,0,0,0,0,0,0,0,0,0,0],"split_type":[0,0,0,0,0,0,0,0,0,0,0,0,0,0,0],"sum_hessian":[9E0,2E0,7E0,1E0,1E0,6E0,1E0,2E0,4E0,1E0,1E0,3E0,1E0,1E0,2E0],"tree_param":{"num_deleted":"0","num_feature":"2","num_nodes":"15","size_leaf_vector":"1"}},{"base_weights":[-3.161211E-2,-2.5655589E-1,5.6693316E-2,-3.0356264E-2,-8.1271175E-3,5.07382E-3,2.090149E-2,-3.0093512E-2,2.5159454E-2,-3.6281587E-3,-8.858681E-4,9.819984E-3,4.3258667E-3,2.882004E-4,1.1171977E-3],"categories":[],"categories_nodes":[],"categories_segments":[],"categories_sizes":[],"default_left":[0,0,0,0,0,0,0,0,0,0,0,0,0,0,0],"id":82,"left_children":[1,3,5,-1,-1,7,-1,9,11,-1,-1,13,-1,-1,-1],"loss_changes":[2.1318255E-1,4.7817826E-5,6.18416E-2,0E0,0E0,5.7016434E-3,0E0,7.280125E-5,9.6336217E-4,0E0,0E0,5.322683E-6,0E0,0E0,0E0],"parents":[2147483647,0,0,1,1,2,2,5,5,7,7,8,8,11,11],"right_children":[2,4,6,-1,-1,8,-1,10,12,-1,-1,14,-1,-1,-1],"split_conditions":[1.9922782E-1,1.0307549E-1,1E0,-3.0356264E-2,-8.1271175E-3,4.9946764E-1,2.090149E-2,3.0424473E-1,9.0226525E-1,-3.6281587E-3,-8.858681E-4,6.038301E-1,4.3258667E-3,2.882004E-4,1.1171977E-3],"split_indices":[0,0,0,0,0,0,0,0,0,0,0,0,0,0,0],"split_type":[0,0,0,0,0,0,0,0,0,0,0,0,0,0,0],"sum_hessian":[9E0,2E0,7E0,1E0,1E0,6E0,1E0,2E0,4E0,1E0,1E0,3E0,1E0,1E0,2E0],"tree_param":{"num_deleted":"0","num_feature":"2","num_nodes":"15","size_leaf_vector":"1"}},{"base_weights":[-3.0088056E-2,-2.4372804E-1,5.3787947E-2,-2.883845E-2,-7.720757E-3,4.7397614E-3,1.9856263E-2,-2.8589249E-2,2.3789216E-2,-3.4467697E-3,-8.416176E-4,9.188652E-3,4.1095736E-3,2.7370453E-4,1.042684E-3],"categories":[],"categories_nodes":[],"categories_segments":[],"categories_sizes":[],"default_left":[0,0,0,0,0,0,0,0,0,0,0,0,0,0,0],"id":83,"left_children":[1,3,5,-1,-1,7,-1,9,11,-1,-1,13,-1,-1,-1],"loss_changes":[1.923023E-1,4.3168664E-5,5.5866346E-2,0E0,0E0,5.1244115E-3,0E0,6.567291E-5,8.8581E-4,0E0,0E0,3.4144614E-6,0E0,0E0,0E0],"parents":[2147483647,0,0,1,1,2,2,5,5,7,7,8,8,11,11],"right_children":[2,4,6,-1,-1,8,-1,10,12,-1,-1,14,-1,-1,-1],"split_conditions":[1.9922782E-1,1.0307549E-1,1E0,-2.883845E-2,-7.720757E-3,4.9946764E-1,1.9856263E-2,3.0424473E-1,9.0226525E-1,-3.4467697E-3,-8.416176E-4,6.038301E-1,4.1095736E-3,2.7370453E-4,1.042684E-3],"split_indices":[0,0,0,0,0,0,0,0,0,0,0,0,0,0,0],"split_type":[0,0,0,0,0,0,0,0,0,0,0,0,0,0,0],"sum_hessian":[9E0,2E0,7E0,1E0,1E0,6E0,1E0,2E0,4E0,1E0,1E0,3E0,1E0,1E0,2E0],"tree_param":{"num_deleted":"0","num_feature":"2","num_nodes":"15","size_leaf_vector":"1"}},{"base_weights":[-2.8636247E-2,-2.3154157E-1,5.103278E-2,-2.7396528E-2,-7.334709E-3,4.4280463E-3,1.8863296E-2,-2.716001E-2,2.249527E-2,-3.2744408E-3,-7.9956057E-4,8.599281E-3,3.9039613E-3,2.5997162E-4,9.732564E-4],"categories":[],"categories_nodes":[],"categories_segments":[],"categories_sizes":[],"default_left":[0,0,0,0,0,0,0,0,0,0,0,0,0,0,0],"id":84,"left_children":[1,3,5,-1,-1,7,-1,9,11,-1,-1,13,-1,-1,-1],"loss_changes":[1.7346892E-1,3.902614E-5,5.046729E-2,0E0,0E0,4.6059308E-3,0E0,5.925377E-5,8.137871E-4,0E0,0E0,1.8949213E-6,0E0,0E0,0E0],"parents":[2147483647,0,0,1,1,2,2,5,5,7,7,8,8,11,11],"right_children":[2,4,6,-1,-1,8,-1,10,12,-1,-1,14,-1,-1,-1],"split_conditions":[1.9922782E-1,1.0307549E-1,1E0,-2.7396528E-2,-7.334709E-3,4.9946764E-1,1.8863296E-2,3.0424473E-1,9.0226525E-1,-3.2744408E-3,-7.9956057E-4,6.038301E-1,3.9039613E-3,2.5997162E-4,9.732564E-4],"split_indices":[0,0,0,0,0,0,0,0,0,0,0,0,0,0,0],"split_type":[0,0,0,0,0,0,0,0,0,0,0,0,0,0,0],"sum_hessian":[9E0,2E0,7E0,1E0,1E0,6E0,1E0,2E0,4E0,1E0,1E0,3E0,1E0,1E0,2E0],"tree_param":{"num_deleted":"0","num_feature":"2","num_nodes":"15","size_leaf_vector":"1"}},{"base_weights":[-2.7252723E-2,-2.1996419E-1,4.8420668E-2,-2.6026702E-2,-6.967926E-3,4.137039E-3,1.7920304E-2,-2.5801977E-2,2.1273041E-2,-3.110695E-3,-7.596016E-4,8.048058E-4,3.7086487E-3],"categories":[],"categories_nodes":[],"categories_segments":[],"categories_sizes":[],"default_left":[0,0,0,0,0,0,0,0,0,0,0,0,0],"id":85,"left_children":[1,3,5,-1,-1,7,-1,9,11,-1,-1,-1,-1],"loss_changes":[1.5648212E-1,3.5509467E-5,4.5590773E-2,0E0,0E0,4.1401316E-3,0E0,5.3457683E-5,7.4718846E-4,0E0,0E0,0E0,0E0],"parents":[2147483647,0,0,1,1,2,2,5,5,7,7,8,8],"right_children":[2,4,6,-1,-1,8,-1,10,12,-1,-1,-1,-1],"split_conditions":[1.9922782E-1,1.0307549E-1,1E0,-2.6026702E-2,-6.967926E-3,4.9946764E-1,1.7920304E-2,3.0424473E-1,9.0226525E-1,-3.110695E-3,-7.596016E-4,8.048058E-4,3.7086487E-3],"split_indices":[0,0,0,0,0,0,0,0,0,0,0,0,0],"split_type":[0,0,0,0,0,0,0,0,0,0,0,0,0],"sum_hessian":[9E0,2E0,7E0,1E0,1E0,6E0,1E0,2E0,4E0,1E0,1E0,3E0,1E0],"tree_param":{"num_deleted":"0","num_feature":"2","num_nodes":"13","size_leaf_vector":"1"}},{"base_weights":[-2.5970701E-2,-2.089661E-1,4.5898914E-2,-2.4725368E-2,-6.619549E-3,3.8152423E-3,1.7024232E-2,-2.4511972E-2,2.0048523E-2,-2.9551506E-3,-7.2164537E-4,7.4443817E-3,3.5232545E-3,2.067566E-4,8.5474655E-4],"categories":[],"categories_nodes":[],"categories_segments":[],"categories_sizes":[],"default_left":[0,0,0,0,0,0,0,0,0,0,0,0,0,0,0],"id":86,"left_children":[1,3,5,-1,-1,7,-1,9,11,-1,-1,13,-1,-1,-1],"loss_changes":[1.411094E-1,3.193319E-5,4.12131E-2,0E0,0E0,3.7103344E-3,0E0,4.8227026E-5,6.946232E-4,0E0,0E0,6.0518505E-6,0E0,0E0,0E0],"parents":[2147483647,0,0,1,1,2,2,5,5,7,7,8,8,11,11],"right_children":[2,4,6,-1,-1,8,-1,10,12,-1,-1,14,-1,-1,-1],"split_conditions":[1.9922782E-1,1.0307549E-1,1E0,-2.4725368E-2,-6.619549E-3,4.9946764E-1,1.7024232E-2,3.0424473E-1,9.0226525E-1,-2.9551506E-3,-7.2164537E-4,6.038301E-1,3.5232545E-3,2.067566E-4,8.5474655E-4],"split_indices":[0,0,0,0,0,0,0,0,0,0,0,0,0,0,0],"split_type":[0,0,0,0,0,0,0,0,0,0,0,0,0,0,0],"sum_hessian":[9E0,2E0,7E0,1E0,1E0,6E0,1E0,2E0,4E0,1E0,1E0,3E0,1E0,1E0,2E0],"tree_param":{"num_deleted":"0","num_feature":"2","num_nodes":"15","size_leaf_vector":"1"}},{"base_weights":[-2.471467E-2,-1.9851752E-1,4.355073E-2,-2.3489099E-2,-6.2885284E-3,3.5631997E-3,1.6173173E-2,-2.328682E-2,1.896057E-2,-2.8074265E-3,-6.855965E-4,6.965637E-3,3.3470155E-3,1.9645691E-4,7.9778035E-4],"categories":[],"categories_nodes":[],"categories_segments":[],"categories_sizes":[],"default_left":[0,0,0,0,0,0,0,0,0,0,0,0,0,0,0],"id":87,"left_children":[1,3,5,-1,-1,7,-1,9,11,-1,-1,13,-1,-1,-1],"loss_changes":[1.2729278E-1,2.9057264E-5,3.7229847E-2,0E0,0E0,3.3354694E-3,0E0,4.3509295E-5,6.3706643E-4,0E0,0E0,4.5747E-6,0E0,0E0,0E0],"parents":[2147483647,0,0,1,1,2,2,5,5,7,7,8,8,11,11],"right_children":[2,4,6,-1,-1,8,-1,10,12,-1,-1,14,-1,-1,-1],"split_conditions":[1.9922782E-1,1.0307549E-1,1E0,-2.3489099E-2,-6.2885284E-3,4.9946764E-1,1.6173173E-2,3.0424473E-1,9.0226525E-1,-2.8074265E-3,-6.855965E-4,6.038301E-1,3.3470155E-3,1.9645691E-4,7.9778035E-4],"split_indices":[0,0,0,0,0,0,0,0,0,0,0,0,0,0,0],"split_type":[0,0,0,0,0,0,0,0,0,0,0,0,0,0,0],"sum_hessian":[9E0,2E0,7E0,1E0,1E0,6E0,1E0,2E0,4E0,1E0,1E0,3E0,1E0,1E0,2E0],"tree_param":{"num_deleted":"0","num_feature":"2","num_nodes":"15","size_leaf_vector":"1"}},{"base_weights":[-2.3519326E-2,-1.8859164E-1,4.1322708E-2,-2.2314643E-2,-5.9741023E-3,3.327506E-3,1.5364456E-2,-2.2122702E-2,1.7932128E-2,-2.6670457E-3,-6.5135956E-4,6.5174103E-3,3.1795502E-3,1.865387E-4,7.446289E-4],"categories":[],"categories_nodes":[],"categories_segments":[],"categories_sizes":[],"default_left":[0,0,0,0,0,0,0,0,0,0,0,0,0,0,0],"id":88,"left_children":[1,3,5,-1,-1,7,-1,9,11,-1,-1,13,-1,-1,-1],"loss_changes":[1.1482936E-1,2.6226044E-5,3.3630274E-2,0E0,0E0,2.9985418E-3,0E0,3.92386E-5,5.840082E-4,0E0,0E0,3.3944525E-6,0E0,0E0,0E0],"parents":[2147483647,0,0,1,1,2,2,5,5,7,7,8,8,11,11],"right_children":[2,4,6,-1,-1,8,-1,10,12,-1,-1,14,-1,-1,-1],"split_conditions":[1.9922782E-1,1.0307549E-1,1E0,-2.2314643E-2,-5.9741023E-3,4.9946764E-1,1.5364456E-2,3.0424473E-1,9.0226525E-1,-2.6670457E-3,-6.5135956E-4,6.038301E-1,3.1795502E-3,1.865387E-4,7.446289E-4],"split_indices":[0,0,0,0,0,0,0,0,0,0,0,0,0,0,0],"split_type":[0,0,0,0,0,0,0,0,0,0,0,0,0,0,0],"sum_hessian":[9E0,2E0,7E0,1E0,1E0,6E0,1E0,2E0,4E0,1E0,1E0,3E0,1E0,1E0,2E0],"tree_param":{"num_deleted":"0","num_feature":"2","num_nodes":"15","size_leaf_vector":"1"}},{"base_weights":[-2.2380963E-2,-1.7916216E-1,3.9209604E-2,-2.1198912E-2,-5.6754113E-3,3.107616E-3,1.4596176E-2,-2.1017075E-2,1.6960908E-2,-2.533722E-3,-6.188393E-4,6.0987473E-3,3.0204772E-3,1.7719269E-4,6.9503783E-4],"categories":[],"categories_nodes":[],"categories_segments":[],"categories_sizes":[],"default_left":[0,0,0,0,0,0,0,0,0,0,0,0,0,0,0],"id":89,"left_children":[1,3,5,-1,-1,7,-1,9,11,-1,-1,13,-1,-1,-1],"loss_changes":[1.035873E-1,2.3595989E-5,3.0378127E-2,0E0,0E0,2.6959132E-3,0E0,3.5389443E-5,5.350737E-4,0E0,0E0,2.4238543E-6,0E0,0E0,0E0],"parents":[2147483647,0,0,1,1,2,2,5,5,7,7,8,8,11,11],"right_children":[2,4,6,-1,-1,8,-1,10,12,-1,-1,14,-1,-1,-1],"split_conditions":[1.9922782E-1,1.0307549E-1,1E0,-2.1198912E-2,-5.6754113E-3,4.9946764E-1,1.4596176E-2,3.0424473E-1,9.0226525E-1,-2.533722E-3,-6.188393E-4,6.038301E-1,3.0204772E-3,1.7719269E-4,6.9503783E-4],"split_indices":[0,0,0,0,0,0,0,0,0,0,0,0,0,0,0],"split_type":[0,0,0,0,0,0,0,0,0,0,0,0,0,0,0],"sum_hessian":[9E0,2E0,7E0,1E0,1E0,6E0,1E0,2E0,4E0,1E0,1E0,3E0,1E0,1E0,2E0],"tree_param":{"num_deleted":"0","num_feature":"2","num_nodes":"15","size_leaf_vector":"1"}},{"base_weights":[-2.1296382E-2,-1.7020376E-1,3.7205935E-2,-2.0138968E-2,-5.3915977E-3,2.9027122E-3,1.3866425E-2,-1.996676E-2,1.6043853E-2,-2.407074E-3,-5.879402E-4,5.707741E-3,2.8694153E-3,1.6841889E-4,6.4875284E-4],"categories":[],"categories_nodes":[],"categories_segments":[],"categories_sizes":[],"default_left":[0,0,0,0,0,0,0,0,0,0,0,0,0,0,0],"id":90,"left_children":[1,3,5,-1,-1,7,-1,9,11,-1,-1,13,-1,-1,-1],"loss_changes":[9.344685E-2,2.1502376E-5,2.7440272E-2,0E0,0E0,2.4240608E-3,0E0,3.192108E-5,4.899958E-4,0E0,0E0,1.6238482E-6,0E0,0E0,0E0],"parents":[2147483647,0,0,1,1,2,2,5,5,7,7,8,8,11,11],"right_children":[2,4,6,-1,-1,8,-1,10,12,-1,-1,14,-1,-1,-1],"split_conditions":[1.9922782E-1,1.0307549E-1,1E0,-2.0138968E-2,-5.3915977E-3,4.9946764E-1,1.3866425E-2,3.0424473E-1,9.0226525E-1,-2.407074E-3,-5.879402E-4,6.038301E-1,2.8694153E-3,1.6841889E-4,6.4875284E-4],"split_indices":[0,0,0,0,0,0,0,0,0,0,0,0,0,0,0],"split_type":[0,0,0,0,0,0,0,0,0,0,0,0,0,0,0],"sum_hessian":[9E0,2E0,7E0,1E0,1E0,6E0,1E0,2E0,4E0,1E0,1E0,3E0,1E0,1E0,2E0],"tree_param":{"num_deleted":"0","num_feature":"2","num_nodes":"15","size_leaf_vector":"1"}},{"base_weights":[-2.0263433E-2,-1.6169341E-1,3.530574E-2,-1.9132018E-2,-5.1219943E-3,2.7114323E-3,1.3173294E-2,-1.8968582E-2,1.5177155E-2,-2.2867203E-3,-5.5856706E-4,5.34153E-4,2.7259828E-3],"categories":[],"categories_nodes":[],"categories_segments":[],"categories_sizes":[],"default_left":[0,0,0,0,0,0,0,0,0,0,0,0,0],"id":91,"left_children":[1,3,5,-1,-1,7,-1,9,11,-1,-1,-1,-1],"loss_changes":[8.4300175E-2,1.950562E-5,2.478664E-2,0E0,0E0,2.1796883E-3,0E0,2.8796028E-5,4.48594E-4,0E0,0E0,0E0,0E0],"parents":[2147483647,0,0,1,1,2,2,5,5,7,7,8,8],"right_children":[2,4,6,-1,-1,8,-1,10,12,-1,-1,-1,-1],"split_conditions":[1.9922782E-1,1.0307549E-1,1E0,-1.9132018E-2,-5.1219943E-3,4.9946764E-1,1.3173294E-2,3.0424473E-1,9.0226525E-1,-2.2867203E-3,-5.5856706E-4,5.34153E-4,2.7259828E-3],"split_indices":[0,0,0,0,0,0,0,0,0,0,0,0,0],"split_type":[0,0,0,0,0,0,0,0,0,0,0,0,0],"sum_hessian":[9E0,2E0,7E0,1E0,1E0,6E0,1E0,2E0,4E0,1E0,1E0,3E0,1E0],"tree_param":{"num_deleted":"0","num_feature":"2","num_nodes":"13","size_leaf_vector":"1"}},{"base_weights":[-1.9303715E-2,-1.53609E-1,3.347373E-2,-1.8175418E-2,-4.8659327E-3,2.499989E-3,1.2514496E-2,-1.8019995E-2,1.4311981E-2,-2.1723749E-3,-5.306244E-4,4.9409866E-3,2.589798E-3,1.3332367E-4,5.699158E-4],"categories":[],"categories_nodes":[],"categories_segments":[],"categories_sizes":[],"default_left":[0,0,0,0,0,0,0,0,0,0,0,0,0,0,0],"id":92,"left_children":[1,3,5,-1,-1,7,-1,9,11,-1,-1,13,-1,-1,-1],"loss_changes":[7.602476E-2,1.744926E-5,2.2402346E-2,0E0,0E0,1.954575E-3,0E0,2.5994319E-5,4.1490002E-4,0E0,0E0,3.3428441E-6,0E0,0E0,0E0],"parents":[2147483647,0,0,1,1,2,2,5,5,7,7,8,8,11,11],"right_children":[2,4,6,-1,-1,8,-1,10,12,-1,-1,14,-1,-1,-1],"split_conditions":[1.9922782E-1,1.0307549E-1,1E0,-1.8175418E-2,-4.8659327E-3,4.9946764E-1,1.2514496E-2,3.0424473E-1,9.0226525E-1,-2.1723749E-3,-5.306244E-4,6.038301E-1,2.589798E-3,1.3332367E-4,5.699158E-4],"split_indices":[0,0,0,0,0,0,0,0,0,0,0,0,0,0,0],"split_type":[0,0,0,0,0,0,0,0,0,0,0,0,0,0,0],"sum_hessian":[9E0,2E0,7E0,1E0,1E0,6E0,1E0,2E0,4E0,1E0,1E0,3E0,1E0,1E0,2E0],"tree_param":{"num_deleted":"0","num_feature":"2","num_nodes":"15","size_leaf_vector":"1"}},{"base_weights":[-1.8366223E-2,-1.4592864E-1,3.176546E-2,-1.7266646E-2,-4.6226503E-3,2.3351398E-3,1.1888886E-2,-1.711909E-2,1.354065E-2,-2.0637512E-3,-5.041123E-4,4.623413E-3,2.4604797E-3,1.2664795E-4,5.320231E-4],"categories":[],"categories_nodes":[],"categories_segments":[],"categories_sizes":[],"default_left":[0,0,0,0,0,0,0,0,0,0,0,0,0,0,0],"id":93,"left_children":[1,3,5,-1,-1,7,-1,9,11,-1,-1,13,-1,-1,-1],"loss_changes":[6.858467E-2,1.5690923E-5,2.0234933E-2,0E0,0E0,1.7577654E-3,0E0,2.3449946E-5,3.7955004E-4,0E0,0E0,2.6187263E-6,0E0,0E0,0E0],"parents":[2147483647,0,0,1,1,2,2,5,5,7,7,8,8,11,11],"right_children":[2,4,6,-1,-1,8,-1,10,12,-1,-1,14,-1,-1,-1],"split_conditions":[1.9922782E-1,1.0307549E-1,1E0,-1.7266646E-2,-4.6226503E-3,4.9946764E-1,1.1888886E-2,3.0424473E-1,9.0226525E-1,-2.0637512E-3,-5.041123E-4,6.038301E-1,2.4604797E-3,1.2664795E-4,5.320231E-4],"split_indices":[0,0,0,0,0,0,0,0,0,0,0,0,0,0,0],"split_type":[0,0,0,0,0,0,0,0,0,0,0,0,0,0,0],"sum_hessian":[9E0,2E0,7E0,1E0,1E0,6E0,1E0,2E0,4E0,1E0,1E0,3E0,1E0,1E0,2E0],"tree_param":{"num_deleted":"0","num_feature":"2","num_nodes":"15","size_leaf_vector":"1"}},{"base_weights":[-1.7474215E-2,-1.3863195E-1,3.0144215E-2,-1.6403316E-2,-4.39148E-3,2.180372E-3,1.1294556E-2,-1.6263327E-2,1.2810516E-2,-1.9605637E-3,-4.7893525E-4,4.3268204E-3,2.337265E-3,1.203537E-4,4.966736E-4],"categories":[],"categories_nodes":[],"categories_segments":[],"categories_sizes":[],"default_left":[0,0,0,0,0,0,0,0,0,0,0,0,0,0,0],"id":94,"left_children":[1,3,5,-1,-1,7,-1,9,11,-1,-1,13,-1,-1,-1],"loss_changes":[6.1872367E-2,1.43013895E-5,1.8277286E-2,0E0,0E0,1.5807558E-3,0E0,2.1150452E-5,3.4690037E-4,0E0,0E0,2.0169027E-6,0E0,0E0,0E0],"parents":[2147483647,0,0,1,1,2,2,5,5,7,7,8,8,11,11],"right_children":[2,4,6,-1,-1,8,-1,10,12,-1,-1,14,-1,-1,-1],"split_conditions":[1.9922782E-1,1.0307549E-1,1E0,-1.6403316E-2,-4.39148E-3,4.9946764E-1,1.1294556E-2,3.0424473E-1,9.0226525E-1,-1.9605637E-3,-4.7893525E-4,6.038301E-1,2.337265E-3,1.203537E-4,4.966736E-4],"split_indices":[0,0,0,0,0,0,0,0,0,0,0,0,0,0,0],"split_type":[0,0,0,0,0,0,0,0,0,0,0,0,0,0,0],"sum_hessian":[9E0,2E0,7E0,1E0,1E0,6E0,1E0,2E0,4E0,1E0,1E0,3E0,1E0,1E0,2E0],"tree_param":{"num_deleted":"0","num_feature":"2","num_nodes":"15","size_leaf_vector":"1"}},{"base_weights":[-1.6624862E-2,-1.3170062E-1,2.8606653E-2,-1.5583149E-2,-4.1719438E-3,2.0362309E-3,1.0729981E-2,-1.545016E-2,1.2120819E-2,-1.8625259E-3,-4.5499802E-4,4.0483475E-3,2.2205354E-3,1.14250186E-4,4.636129E-4],"categories":[],"categories_nodes":[],"categories_segments":[],"categories_sizes":[],"default_left":[0,0,0,0,0,0,0,0,0,0,0,0,0,0,0],"id":95,"left_children":[1,3,5,-1,-1,7,-1,9,11,-1,-1,13,-1,-1,-1],"loss_changes":[5.581802E-2,1.2770295E-5,1.6508795E-2,0E0,0E0,1.42167E-3,0E0,1.9082858E-5,3.171406E-4,0E0,0E0,1.535227E-6,0E0,0E0,0E0],"parents":[2147483647,0,0,1,1,2,2,5,5,7,7,8,8,11,11],"right_children":[2,4,6,-1,-1,8,-1,10,12,-1,-1,14,-1,-1,-1],"split_conditions":[1.9922782E-1,1.0307549E-1,1E0,-1.5583149E-2,-4.1719438E-3,4.9946764E-1,1.0729981E-2,3.0424473E-1,9.0226525E-1,-1.8625259E-3,-4.5499802E-4,6.038301E-1,2.2205354E-3,1.14250186E-4,4.636129E-4],"split_indices":[0,0,0,0,0,0,0,0,0,0,0,0,0,0,0],"split_type":[0,0,0,0,0,0,0,0,0,0,0,0,0,0,0],"sum_hessian":[9E0,2E0,7E0,1E0,1E0,6E0,1E0,2E0,4E0,1E0,1E0,3E0,1E0,1E0,2E0],"tree_param":{"num_deleted":"0","num_feature":"2","num_nodes":"15","size_leaf_vector":"1"}},{"base_weights":[-1.5816897E-2,-1.2511577E-1,2.7147293E-2,-1.4803991E-2,-3.963375E-3,1.9008091E-3,1.0193634E-2,-1.4677684E-2,1.1467743E-2,-1.7694473E-3,-4.322052E-4,3.7870407E-3,2.1095276E-3,1.0852814E-4,4.3258668E-4],"categories":[],"categories_nodes":[],"categories_segments":[],"categories_sizes":[],"default_left":[0,0,0,0,0,0,0,0,0,0,0,0,0,0,0],"id":96,"left_children":[1,3,5,-1,-1,7,-1,9,11,-1,-1,13,-1,-1,-1],"loss_changes":[5.0355934E-2,1.1425465E-5,1.4911521E-2,0E0,0E0,1.2785572E-3,0E0,1.7245882E-5,2.8984243E-4,0E0,0E0,1.12833E-6,0E0,0E0,0E0],"parents":[2147483647,0,0,1,1,2,2,5,5,7,7,8,8,11,11],"right_children":[2,4,6,-1,-1,8,-1,10,12,-1,-1,14,-1,-1,-1],"split_conditions":[1.9922782E-1,1.0307549E-1,1E0,-1.4803991E-2,-3.963375E-3,4.9946764E-1,1.0193634E-2,3.0424473E-1,9.0226525E-1,-1.7694473E-3,-4.322052E-4,6.038301E-1,2.1095276E-3,1.0852814E-4,4.3258668E-4],"split_indices":[0,0,0,0,0,0,0,0,0,0,0,0,0,0,0],"split_type":[0,0,0,0,0,0,0,0,0,0,0,0,0,0,0],"sum_hessian":[9E0,2E0,7E0,1E0,1E0,6E0,1E0,2E0,4E0,1E0,1E0,3E0,1E0,1E0,2E0],"tree_param":{"num_deleted":"0","num_feature":"2","num_nodes":"15","size_leaf_vector":"1"}},{"base_weights":[-1.5047366E-2,-1.1885995E-1,2.5763273E-2,-1.406379E-2,-3.7652017E-3,1.7751966E-3,9.683991E-3,-1.3943355E-2,1.0851288E-2,-1.6809463E-3,-4.105568E-4,3.5448074E-3,2.0038604E-3,1.5920003E-4,4.7016144E-4],"categories":[],"categories_nodes":[],"categories_segments":[],"categories_sizes":[],"default_left":[0,0,0,0,0,0,0,0,0,0,0,0,0,0,0],"id":97,"left_children":[1,3,5,-1,-1,7,-1,9,11,-1,-1,13,-1,-1,-1],"loss_changes":[4.5428798E-2,1.033023E-5,1.3468024E-2,0E0,0E0,1.1499443E-3,0E0,1.5576079E-5,2.6460178E-4,0E0,0E0,1.5511105E-6,0E0,0E0,0E0],"parents":[2147483647,0,0,1,1,2,2,5,5,7,7,8,8,11,11],"right_children":[2,4,6,-1,-1,8,-1,10,12,-1,-1,14,-1,-1,-1],"split_conditions":[1.9922782E-1,1.0307549E-1,1E0,-1.406379E-2,-3.7652017E-3,4.9946764E-1,9.683991E-3,3.0424473E-1,9.0226525E-1,-1.6809463E-3,-4.105568E-4,7.0474434E-1,2.0038604E-3,1.5920003E-4,4.7016144E-4],"split_indices":[0,0,0,0,0,0,0,0,0,0,0,0,0,0,0],"split_type":[0,0,0,0,0,0,0,0,0,0,0,0,0,0,0],"sum_hessian":[9E0,2E0,7E0,1E0,1E0,6E0,1E0,2E0,4E0,1E0,1E0,3E0,1E0,2E0,1E0],"tree_param":{"num_deleted":"0","num_feature":"2","num_nodes":"15","size_leaf_vector":"1"}},{"base_weights":[-1.43032195E-2,-1.1291698E-1,2.4464846E-2,-1.3360602E-2,-3.5769462E-3,1.6743796E-3,9.199905E-3,-1.3246536E-2,1.0292053E-2,-1.5969276E-3,-3.900528E-4,3.3473969E-3,1.9035339E-3,1.4851888E-4,4.4670104E-4],"categories":[],"categories_nodes":[],"categories_segments":[],"categories_sizes":[],"default_left":[0,0,0,0,0,0,0,0,0,0,0,0,0,0,0],"id":98,"left_children":[1,3,5,-1,-1,7,-1,9,11,-1,-1,13,-1,-1,-1],"loss_changes":[4.0993143E-2,9.3095005E-6,1.2159048E-2,0E0,0E0,1.0364191E-3,0E0,1.4051679E-5,2.3987674E-4,0E0,0E0,1.705459E-6,0E0,0E0,0E0],"parents":[2147483647,0,0,1,1,2,2,5,5,7,7,8,8,11,11],"right_children":[2,4,6,-1,-1,8,-1,10,12,-1,-1,14,-1,-1,-1],"split_conditions":[1.9922782E-1,1.0307549E-1,1E0,-1.3360602E-2,-3.5769462E-3,4.9946764E-1,9.199905E-3,3.0424473E-1,9.0226525E-1,-1.5969276E-3,-3.900528E-4,7.0474434E-1,1.9035339E-3,1.4851888E-4,4.4670104E-4],"split_indices":[0,0,0,0,0,0,0,0,0,0,0,0,0,0,0],"split_type":[0,0,0,0,0,0,0,0,0,0,0,0,0,0,0],"sum_hessian":[9E0,2E0,7E0,1E0,1E0,6E0,1E0,2E0,4E0,1E0,1E0,3E0,1E0,2E0,1E0],"tree_param":{"num_deleted":"0","num_feature":"2","num_nodes":"15","size_leaf_vector":"1"}},{"base_weights":[-1.359525E-2,-1.07271366E-1,2.3232698E-2,-1.2692573E-2,-3.3981323E-3,1.5806471E-3,8.739853E-3,-1.258405E-2,9.763336E-3,-1.5171051E-3,-3.7050247E-4,3.1614304E-3,1.808548E-3,1.3860068E-4,4.2438507E-4],"categories":[],"categories_nodes":[],"categories_segments":[],"categories_sizes":[],"default_left":[0,0,0,0,0,0,0,0,0,0,0,0,0,0,0],"id":99,"left_children":[1,3,5,-1,-1,7,-1,9,11,-1,-1,13,-1,-1,-1],"loss_changes":[3.6991194E-2,8.303672E-6,1.0976428E-2,0E0,0E0,9.3419955E-4,0E0,1.2701028E-5,2.1753402E-4,0E0,0E0,1.8050123E-6,0E0,0E0,0E0],"parents":[2147483647,0,0,1,1,2,2,5,5,7,7,8,8,11,11],"right_children":[2,4,6,-1,-1,8,-1,10,12,-1,-1,14,-1,-1,-1],"split_conditions":[1.9922782E-1,1.0307549E-1,1E0,-1.2692573E-2,-3.3981323E-3,4.9946764E-1,8.739853E-3,3.0424473E-1,9.0226525E-1,-1.5171051E-3,-3.7050247E-4,7.0474434E-1,1.808548E-3,1.3860068E-4,4.2438507E-4],"split_indices":[0,0,0,0,0,0,0,0,0,0,0,0,0,0,0],"split_type":[0,0,0,0,0,0,0,0,0,0,0,0,0,0,0],"sum_hessian":[9E0,2E0,7E0,1E0,1E0,6E0,1E0,2E0,4E0,1E0,1E0,3E0,1E0,2E0,1E0],"tree_param":{"num_deleted":"0","num_feature":"2","num_nodes":"15","size_leaf_vector":"1"}}]},"name":"gbtree"},"learner_model_param":{"base_score":"3.938889E1","boost_from_average":"1","num_class":"0","num_feature":"2","num_target":"1"},"objective":{"name":"reg:squarederror","reg_loss_param":{"scale_pos_weight":"1"}}},"version":[2,0,1]}