{"model_name": "SGDRegressorTrainer_0", "trainer": "SGDRegressorTrainer", "model_class": "scikit", "model_file": "SGDRegressorTrainer_0.json", "features": ["bpf_cpu_time_ms", "bpf_page_cache_hit"], "fe_files": [], "output_type": "AbsPower", "mae": 7.99, "mape": -1, "node_type": 0, "machine_spec": {"processor": "11th_gen_intel_core", "cores": 8, "chips": 1, "memory": 31, "frequency": 4800}, "package_mae": 7.99, "core_mae": 4.6, "uncore_mae": 1.4, "dram_mae": 0.0, "package_mape": 47.11, "core_mape": 47.4, "uncore_mape": 36945.47, "dram_mape": -1}