{"learner":{"attributes":{"scikit_learn":"{\"_estimator_type\": \"regressor\"}"},"feature_names":[],"feature_types":[],"gradient_booster":{"model":{"gbtree_model_param":{"num_parallel_tree":"1","num_trees":"100"},"iteration_indptr":[0,1,2,3,4,5,6,7,8,9,10,11,12,13,14,15,16,17,18,19,20,21,22,23,24,25,26,27,28,29,30,31,32,33,34,35,36,37,38,39,40,41,42,43,44,45,46,47,48,49,50,51,52,53,54,55,56,57,58,59,60,61,62,63,64,65,66,67,68,69,70,71,72,73,74,75,76,77,78,79,80,81,82,83,84,85,86,87,88,89,90,91,92,93,94,95,96,97,98,99,100],"tree_info":[0,0,0,0,0,0,0,0,0,0,0,0,0,0,0,0,0,0,0,0,0,0,0,0,0,0,0,0,0,0,0,0,0,0,0,0,0,0,0,0,0,0,0,0,0,0,0,0,0,0,0,0,0,0,0,0,0,0,0,0,0,0,0,0,0,0,0,0,0,0,0,0,0,0,0,0,0,0,0,0,0,0,0,0,0,0,0,0,0,0,0,0,0,0,0,0,0,0,0,0],"trees":[{"base_weights":[3.0517579E-6,-1.1844441E1,1.4213336E1,-1.3766664E0,-1.1166649E-1,2.3833351E-1,1.6575003E0],"categories":[],"categories_nodes":[],"categories_segments":[],"categories_sizes":[],"default_left":[0,0,0,0,0,0,0],"id":0,"left_children":[1,3,5,-1,-1,-1,-1],"loss_changes":[1.8518394E3,1.0835425E2,1.0018884E2,0E0,0E0,0E0,0E0],"parents":[2147483647,0,0,1,1,2,2],"right_children":[2,4,6,-1,-1,-1,-1],"split_conditions":[5.0180185E-1,3.9839435E-1,7.0108247E-1,-1.3766664E0,-1.1166649E-1,2.3833351E-1,1.6575003E0],"split_indices":[0,0,0,0,0,0,0],"split_type":[0,0,0,0,0,0,0],"sum_hessian":[9E0,5E0,4E0,4E0,1E0,1E0,3E0],"tree_param":{"num_deleted":"0","num_feature":"2","num_nodes":"7","size_leaf_vector":"1"}},{"base_weights":[4.0750884E-2,-1.0908055E1,1.3171168E1,-1.40425E0,-3.0927786E-1,2.2641678E-1,1.5331877E0],"categories":[],"categories_nodes":[],"categories_segments":[],"categories_sizes":[],"default_left":[0,0,0,0,0,0,0],"id":1,"left_children":[1,3,5,-1,-1,-1,-1],"loss_changes":[1.5812959E3,1.0354895E2,8.31203E1,0E0,0E0,0E0,0E0],"parents":[2147483647,0,0,1,1,2,2],"right_children":[2,4,6,-1,-1,-1,-1],"split_conditions":[5.0180185E-1,3.011298E-1,7.0108247E-1,-1.40425E0,-3.0927786E-1,2.2641678E-1,1.5331877E0],"split_indices":[0,0,0,0,0,0,0],"split_type":[0,0,0,0,0,0,0],"sum_hessian":[9E0,5E0,4E0,3E0,2E0,1E0,3E0],"tree_param":{"num_deleted":"0","num_feature":"2","num_nodes":"7","size_leaf_vector":"1"}},{"base_weights":[4.128418E-2,-1.0102837E1,1.2205973E1,-1.2989311E0,-2.8865917E0,2.150959E-1,1.4181986E0,-3.4236947E-1,-9.061928E-2],"categories":[],"categories_nodes":[],"categories_segments":[],"categories_sizes":[],"default_left":[0,0,0,0,0,0,0,0,0],"id":2,"left_children":[1,3,5,-1,7,-1,-1,-1,-1],"loss_changes":[1.3573157E3,8.748218E1,6.8839294E1,0E0,8.85067E-2,0E0,0E0,0E0,0E0],"parents":[2147483647,0,0,1,1,2,2,4,4],"right_children":[2,4,6,-1,8,-1,-1,-1,-1],"split_conditions":[5.0180185E-1,3.011298E-1,7.0108247E-1,-1.2989311E0,3.9839435E-1,2.150959E-1,1.4181986E0,-3.4236947E-1,-9.061928E-2],"split_indices":[0,0,0,0,0,0,0,0,0],"split_type":[0,0,0,0,0,0,0,0,0],"sum_hessian":[9E0,5E0,4E0,3E0,2E0,1E0,3E0,1E0,1E0],"tree_param":{"num_deleted":"0","num_feature":"2","num_nodes":"9","size_leaf_vector":"1"}},{"base_weights":[2.7292633E-2,-9.381207E0,1.1312035E1,-1.2015116E0,-2.7422612E0,2.0434113E-1,1.3118337E0,-3.25251E-1,-8.608818E-2],"categories":[],"categories_nodes":[],"categories_segments":[],"categories_sizes":[],"default_left":[0,0,0,0,0,0,0,0,0],"id":3,"left_children":[1,3,5,-1,7,-1,-1,-1,-1],"loss_changes":[1.1678456E3,7.1969666E1,5.6903564E1,0E0,7.98893E-2,0E0,0E0,0E0,0E0],"parents":[2147483647,0,0,1,1,2,2,4,4],"right_children":[2,4,6,-1,8,-1,-1,-1,-1],"split_conditions":[5.0180185E-1,3.011298E-1,7.0108247E-1,-1.2015116E0,3.9839435E-1,2.0434113E-1,1.3118337E0,-3.25251E-1,-8.608818E-2],"split_indices":[0,0,0,0,0,0,0,0,0],"split_type":[0,0,0,0,0,0,0,0,0],"sum_hessian":[9E0,5E0,4E0,3E0,2E0,1E0,3E0,1E0,1E0],"tree_param":{"num_deleted":"0","num_feature":"2","num_nodes":"9","size_leaf_vector":"1"}},{"base_weights":[1.4896393E-2,-8.711894E0,1.0484065E1,-1.111398E0,-2.6051483E0,1.9412422E-1,1.213446E0,-3.0898857E-1,-8.1783675E-2],"categories":[],"categories_nodes":[],"categories_segments":[],"categories_sizes":[],"default_left":[0,0,0,0,0,0,0,0,0],"id":4,"left_children":[1,3,5,-1,7,-1,-1,-1,-1],"loss_changes":[1.0049585E3,5.9059998E1,4.693927E1,0E0,7.2107315E-2,0E0,0E0,0E0,0E0],"parents":[2147483647,0,0,1,1,2,2,4,4],"right_children":[2,4,6,-1,8,-1,-1,-1,-1],"split_conditions":[5.0180185E-1,3.011298E-1,7.0108247E-1,-1.111398E0,3.9839435E-1,1.9412422E-1,1.213446E0,-3.0898857E-1,-8.1783675E-2],"split_indices":[0,0,0,0,0,0,0,0,0],"split_type":[0,0,0,0,0,0,0,0,0],"sum_hessian":[9E0,5E0,4E0,3E0,2E0,1E0,3E0,1E0,1E0],"tree_param":{"num_deleted":"0","num_feature":"2","num_nodes":"9","size_leaf_vector":"1"}},{"base_weights":[3.9466857E-3,-8.091065E0,9.717173E0,-9.3985015E-1,-7.769432E-2,1.8441811E-1,1.1224375E0],"categories":[],"categories_nodes":[],"categories_segments":[],"categories_sizes":[],"default_left":[0,0,0,0,0,0,0],"id":5,"left_children":[1,3,5,-1,-1,-1,-1],"loss_changes":[8.649091E2,5.007437E1,3.8631165E1,0E0,0E0,0E0,0E0],"parents":[2147483647,0,0,1,1,2,2],"right_children":[2,4,6,-1,-1,-1,-1],"split_conditions":[5.0180185E-1,3.9839435E-1,7.0108247E-1,-9.3985015E-1,-7.769432E-2,1.8441811E-1,1.1224375E0],"split_indices":[0,0,0,0,0,0,0],"split_type":[0,0,0,0,0,0,0],"sum_hessian":[9E0,5E0,4E0,4E0,1E0,1E0,3E0],"tree_param":{"num_deleted":"0","num_feature":"2","num_nodes":"7","size_leaf_vector":"1"}},{"base_weights":[3.2483675E-2,-7.4515495E0,9.006826E0,-9.5755446E-1,-2.1357067E-1,1.7519723E-1,1.0382547E0],"categories":[],"categories_nodes":[],"categories_segments":[],"categories_sizes":[],"default_left":[0,0,0,0,0,0,0],"id":6,"left_children":[1,3,5,-1,-1,-1,-1],"loss_changes":[7.387576E2,4.7294373E1,3.1713318E1,0E0,0E0,0E0,0E0],"parents":[2147483647,0,0,1,1,2,2],"right_children":[2,4,6,-1,-1,-1,-1],"split_conditions":[5.0180185E-1,3.011298E-1,7.0108247E-1,-9.5755446E-1,-2.1357067E-1,1.7519723E-1,1.0382547E0],"split_indices":[0,0,0,0,0,0,0],"split_type":[0,0,0,0,0,0,0],"sum_hessian":[9E0,5E0,4E0,3E0,2E0,1E0,3E0],"tree_param":{"num_deleted":"0","num_feature":"2","num_nodes":"7","size_leaf_vector":"1"}},{"base_weights":[3.346939E-2,-6.901581E0,8.348836E0,-8.857376E-1,-1.9933268E0,1.6643754E-1,9.6038574E-1,-2.3586808E-1,-6.313095E-2],"categories":[],"categories_nodes":[],"categories_segments":[],"categories_sizes":[],"default_left":[0,0,0,0,0,0,0,0,0],"id":7,"left_children":[1,3,5,-1,7,-1,-1,-1,-1],"loss_changes":[6.34295E2,3.994156E1,2.5961273E1,0E0,3.7975311E-3,0E0,0E0,0E0,0E0],"parents":[2147483647,0,0,1,1,2,2,4,4],"right_children":[2,4,6,-1,8,-1,-1,-1,-1],"split_conditions":[5.0180185E-1,3.011298E-1,7.0108247E-1,-8.857376E-1,3.9839435E-1,1.6643754E-1,9.6038574E-1,-2.3586808E-1,-6.313095E-2],"split_indices":[0,0,0,0,0,0,0,0,0],"split_type":[0,0,0,0,0,0,0,0,0],"sum_hessian":[9E0,5E0,4E0,3E0,2E0,1E0,3E0,1E0,1E0],"tree_param":{"num_deleted":"0","num_feature":"2","num_nodes":"9","size_leaf_vector":"1"}},{"base_weights":[2.433014E-2,-6.4088798E0,7.739316E0,-8.193075E-1,-1.893659E0,2.8912458E-1,1.0007614E0,-2.2407456E-1,-5.997429E-2],"categories":[],"categories_nodes":[],"categories_segments":[],"categories_sizes":[],"default_left":[0,0,0,0,0,0,0,0,0],"id":8,"left_children":[1,3,5,-1,7,-1,-1,-1,-1],"loss_changes":[5.459216E2,3.2821335E1,2.6049896E1,0E0,3.4322739E-3,0E0,0E0,0E0,0E0],"parents":[2147483647,0,0,1,1,2,2,4,4],"right_children":[2,4,6,-1,8,-1,-1,-1,-1],"split_conditions":[5.0180185E-1,3.011298E-1,9.0663826E-1,-8.193075E-1,3.9839435E-1,2.8912458E-1,1.0007614E0,-2.2407456E-1,-5.997429E-2],"split_indices":[0,0,0,0,0,0,0,0,0],"split_type":[0,0,0,0,0,0,0,0,0],"sum_hessian":[9E0,5E0,4E0,3E0,2E0,2E0,2E0,1E0,1E0],"tree_param":{"num_deleted":"0","num_feature":"2","num_nodes":"9","size_leaf_vector":"1"}},{"base_weights":[4.054947E-2,-5.951885E0,7.223361E0,-8.4920853E-1,-2.5587635E0,2.6984966E-1,9.340439E-1,-3.0318478E-1,-5.6975555E-2],"categories":[],"categories_nodes":[],"categories_segments":[],"categories_sizes":[],"default_left":[0,0,0,0,0,0,0,0,0],"id":9,"left_children":[1,3,5,-1,7,-1,-1,-1,-1],"loss_changes":[4.734179E2,2.9986023E1,2.2692291E1,0E0,2.036459E0,0E0,0E0,0E0,0E0],"parents":[2147483647,0,0,1,1,2,2,4,4],"right_children":[2,4,6,-1,8,-1,-1,-1,-1],"split_conditions":[5.0180185E-1,2.0125642E-1,9.0663826E-1,-8.4920853E-1,3.9839435E-1,2.6984966E-1,9.340439E-1,-3.0318478E-1,-5.6975555E-2],"split_indices":[0,0,0,0,0,0,0,0,0],"split_type":[0,0,0,0,0,0,0,0,0],"sum_hessian":[9E0,5E0,4E0,2E0,3E0,2E0,2E0,2E0,1E0],"tree_param":{"num_deleted":"0","num_feature":"2","num_nodes":"9","size_leaf_vector":"1"}},{"base_weights":[3.5945892E-2,-5.5582595E0,6.741803E0,-7.925949E-1,-2.3929272E0,2.5185955E-1,8.717743E-1,-2.8297246E-1,-5.412674E-2],"categories":[],"categories_nodes":[],"categories_segments":[],"categories_sizes":[],"default_left":[0,0,0,0,0,0,0,0,0],"id":10,"left_children":[1,3,5,-1,7,-1,-1,-1,-1],"loss_changes":[4.1261212E2,2.6000946E1,1.9767548E1,0E0,1.7035637E0,0E0,0E0,0E0,0E0],"parents":[2147483647,0,0,1,1,2,2,4,4],"right_children":[2,4,6,-1,8,-1,-1,-1,-1],"split_conditions":[5.0180185E-1,2.0125642E-1,9.0663826E-1,-7.925949E-1,3.9839435E-1,2.5185955E-1,8.717743E-1,-2.8297246E-1,-5.412674E-2],"split_indices":[0,0,0,0,0,0,0,0,0],"split_type":[0,0,0,0,0,0,0,0,0],"sum_hessian":[9E0,5E0,4E0,2E0,3E0,2E0,2E0,2E0,1E0],"tree_param":{"num_deleted":"0","num_feature":"2","num_nodes":"9","size_leaf_vector":"1"}},{"base_weights":[3.1745147E-2,-5.190716E0,6.2923493E0,-7.397553E-1,-2.2379093E0,2.3506878E-1,8.1365615E-1,-2.6410753E-1,-5.1420595E-2],"categories":[],"categories_nodes":[],"categories_segments":[],"categories_sizes":[],"default_left":[0,0,0,0,0,0,0,0,0],"id":11,"left_children":[1,3,5,-1,7,-1,-1,-1,-1],"loss_changes":[3.596194E2,2.2543121E1,1.7219788E1,0E0,1.4216957E0,0E0,0E0,0E0,0E0],"parents":[2147483647,0,0,1,1,2,2,4,4],"right_children":[2,4,6,-1,8,-1,-1,-1,-1],"split_conditions":[5.0180185E-1,2.0125642E-1,9.0663826E-1,-7.397553E-1,3.9839435E-1,2.3506878E-1,8.1365615E-1,-2.6410753E-1,-5.1420595E-2],"split_indices":[0,0,0,0,0,0,0,0,0],"split_type":[0,0,0,0,0,0,0,0,0],"sum_hessian":[9E0,5E0,4E0,2E0,3E0,2E0,2E0,2E0,1E0],"tree_param":{"num_deleted":"0","num_feature":"2","num_nodes":"9","size_leaf_vector":"1"}},{"base_weights":[2.7913665E-2,-4.847525E0,5.8728576E0,-6.9043833E-1,-2.0930004E0,1.0582047E-1,6.81197E-1,-2.465004E-1,-4.884949E-2],"categories":[],"categories_nodes":[],"categories_segments":[],"categories_sizes":[],"default_left":[0,0,0,0,0,0,0,0,0],"id":12,"left_children":[1,3,5,-1,7,-1,-1,-1,-1],"loss_changes":[3.1343552E2,1.9543106E1,1.5399033E1,0E0,1.1833858E0,0E0,0E0,0E0,0E0],"parents":[2147483647,0,0,1,1,2,2,4,4],"right_children":[2,4,6,-1,8,-1,-1,-1,-1],"split_conditions":[5.0180185E-1,2.0125642E-1,7.0108247E-1,-6.9043833E-1,3.9839435E-1,1.0582047E-1,6.81197E-1,-2.465004E-1,-4.884949E-2],"split_indices":[0,0,0,0,0,0,0,0,0],"split_type":[0,0,0,0,0,0,0,0,0],"sum_hessian":[9E0,5E0,4E0,2E0,3E0,1E0,3E0,2E0,1E0],"tree_param":{"num_deleted":"0","num_feature":"2","num_nodes":"9","size_leaf_vector":"1"}},{"base_weights":[5.244446E-3,-4.5270715E0,5.442975E0,-6.444092E-1,-1.9575386E0,1.9316356E-1,7.13999E-1,-2.3006718E-1,-4.6406936E-2],"categories":[],"categories_nodes":[],"categories_segments":[],"categories_sizes":[],"default_left":[0,0,0,0,0,0,0,0,0],"id":13,"left_children":[1,3,5,-1,7,-1,-1,-1,-1],"loss_changes":[2.7109586E2,1.6940514E1,1.6002121E1,0E0,9.821644E-1,0E0,0E0,0E0,0E0],"parents":[2147483647,0,0,1,1,2,2,4,4],"right_children":[2,4,6,-1,8,-1,-1,-1,-1],"split_conditions":[5.0180185E-1,2.0125642E-1,9.0663826E-1,-6.444092E-1,3.9839435E-1,1.9316356E-1,7.13999E-1,-2.3006718E-1,-4.6406936E-2],"split_indices":[0,0,0,0,0,0,0,0,0],"split_type":[0,0,0,0,0,0,0,0,0],"sum_hessian":[9E0,5E0,4E0,2E0,3E0,2E0,2E0,2E0,1E0],"tree_param":{"num_deleted":"0","num_feature":"2","num_nodes":"9","size_leaf_vector":"1"}},{"base_weights":[3.3485412E-3,-4.2278457E0,5.0801115E0,-6.014486E-1,-1.830904E0,1.8028615E-1,6.663992E-1,-2.1472958E-1,-4.4086456E-2],"categories":[],"categories_nodes":[],"categories_segments":[],"categories_sizes":[],"default_left":[0,0,0,0,0,0,0,0,0],"id":14,"left_children":[1,3,5,-1,7,-1,-1,-1,-1],"loss_changes":[2.3628563E2,1.4682884E1,1.393959E1,0E0,8.1252E-1,0E0,0E0,0E0,0E0],"parents":[2147483647,0,0,1,1,2,2,4,4],"right_children":[2,4,6,-1,8,-1,-1,-1,-1],"split_conditions":[5.0180185E-1,2.0125642E-1,9.0663826E-1,-6.014486E-1,3.9839435E-1,1.8028615E-1,6.663992E-1,-2.1472958E-1,-4.4086456E-2],"split_indices":[0,0,0,0,0,0,0,0,0],"split_type":[0,0,0,0,0,0,0,0,0],"sum_hessian":[9E0,5E0,4E0,2E0,3E0,2E0,2E0,2E0,1E0],"tree_param":{"num_deleted":"0","num_feature":"2","num_nodes":"9","size_leaf_vector":"1"}},{"base_weights":[1.6563416E-3,-3.9484394E0,4.74144E0,-5.61352E-1,-1.7125187E0,1.6826731E-1,6.219727E-1,-2.0041429E-1,-4.1882325E-2],"categories":[],"categories_nodes":[],"categories_segments":[],"categories_sizes":[],"default_left":[0,0,0,0,0,0,0,0,0],"id":15,"left_children":[1,3,5,-1,7,-1,-1,-1,-1],"loss_changes":[2.0594727E2,1.272467E1,1.2142891E1,0E0,6.697092E-1,0E0,0E0,0E0,0E0],"parents":[2147483647,0,0,1,1,2,2,4,4],"right_children":[2,4,6,-1,8,-1,-1,-1,-1],"split_conditions":[5.0180185E-1,2.0125642E-1,9.0663826E-1,-5.61352E-1,3.9839435E-1,1.6826731E-1,6.219727E-1,-2.0041429E-1,-4.1882325E-2],"split_indices":[0,0,0,0,0,0,0,0,0],"split_type":[0,0,0,0,0,0,0,0,0],"sum_hessian":[9E0,5E0,4E0,2E0,3E0,2E0,2E0,2E0,1E0],"tree_param":{"num_deleted":"0","num_feature":"2","num_nodes":"9","size_leaf_vector":"1"}},{"base_weights":[1.5182495E-4,-3.6875343E0,4.425345E0,-5.2392834E-1,-1.6018391E0,1.5704957E-1,5.8050793E-1,-1.8705317E-1,-3.9788056E-2],"categories":[],"categories_nodes":[],"categories_segments":[],"categories_sizes":[],"default_left":[0,0,0,0,0,0,0,0,0],"id":16,"left_children":[1,3,5,-1,7,-1,-1,-1,-1],"loss_changes":[1.7950583E2,1.102636E1,1.057782E1,0E0,5.4973125E-1,0E0,0E0,0E0,0E0],"parents":[2147483647,0,0,1,1,2,2,4,4],"right_children":[2,4,6,-1,8,-1,-1,-1,-1],"split_conditions":[5.0180185E-1,2.0125642E-1,9.0663826E-1,-5.2392834E-1,3.9839435E-1,1.5704957E-1,5.8050793E-1,-1.8705317E-1,-3.9788056E-2],"split_indices":[0,0,0,0,0,0,0,0,0],"split_type":[0,0,0,0,0,0,0,0,0],"sum_hessian":[9E0,5E0,4E0,2E0,3E0,2E0,2E0,2E0,1E0],"tree_param":{"num_deleted":"0","num_feature":"2","num_nodes":"9","size_leaf_vector":"1"}},{"base_weights":[-1.1856079E-3,-3.4439113E0,4.1303225E0,-4.8899993E-1,-1.4983673E0,1.4657949E-1,5.418076E-1,-1.7458318E-1,-3.779869E-2],"categories":[],"categories_nodes":[],"categories_segments":[],"categories_sizes":[],"default_left":[0,0,0,0,0,0,0,0,0],"id":17,"left_children":[1,3,5,-1,7,-1,-1,-1,-1],"loss_changes":[1.5646094E2,9.553551E0,9.214485E0,0E0,4.491167E-1,0E0,0E0,0E0,0E0],"parents":[2147483647,0,0,1,1,2,2,4,4],"right_children":[2,4,6,-1,8,-1,-1,-1,-1],"split_conditions":[5.0180185E-1,2.0125642E-1,9.0663826E-1,-4.8899993E-1,3.9839435E-1,1.4657949E-1,5.418076E-1,-1.7458318E-1,-3.779869E-2],"split_indices":[0,0,0,0,0,0,0,0,0],"split_type":[0,0,0,0,0,0,0,0,0],"sum_hessian":[9E0,5E0,4E0,2E0,3E0,2E0,2E0,2E0,1E0],"tree_param":{"num_deleted":"0","num_feature":"2","num_nodes":"9","size_leaf_vector":"1"}},{"base_weights":[-2.3666383E-3,-3.216418E0,3.8549683E0,-4.5640007E-1,-1.4016266E0,5.8262635E-2,4.5273972E-1,-1.6294429E-1,-3.590889E-2],"categories":[],"categories_nodes":[],"categories_segments":[],"categories_sizes":[],"default_left":[0,0,0,0,0,0,0,0,0],"id":18,"left_children":[1,3,5,-1,7,-1,-1,-1,-1],"loss_changes":[1.3637592E2,8.276459E0,8.364311E0,0E0,3.6491346E-1,0E0,0E0,0E0,0E0],"parents":[2147483647,0,0,1,1,2,2,4,4],"right_children":[2,4,6,-1,8,-1,-1,-1,-1],"split_conditions":[5.0180185E-1,2.0125642E-1,7.0108247E-1,-4.5640007E-1,3.9839435E-1,5.8262635E-2,4.5273972E-1,-1.6294429E-1,-3.590889E-2],"split_indices":[0,0,0,0,0,0,0,0,0],"split_type":[0,0,0,0,0,0,0,0,0],"sum_hessian":[9E0,5E0,4E0,2E0,3E0,1E0,3E0,2E0,1E0],"tree_param":{"num_deleted":"0","num_feature":"2","num_nodes":"9","size_leaf_vector":"1"}},{"base_weights":[-1.6555786E-2,-3.0039864E0,3.571672E0,-4.259735E-1,-1.3111782E0,1.1977412E-1,4.7550455E-1,-1.5208155E-1,-3.4113314E-2],"categories":[],"categories_nodes":[],"categories_segments":[],"categories_sizes":[],"default_left":[0,0,0,0,0,0,0,0,0],"id":19,"left_children":[1,3,5,-1,7,-1,-1,-1,-1],"loss_changes":[1.1792507E2,7.169182E0,8.350922E0,0E0,2.9463053E-1,0E0,0E0,0E0,0E0],"parents":[2147483647,0,0,1,1,2,2,4,4],"right_children":[2,4,6,-1,8,-1,-1,-1,-1],"split_conditions":[5.0180185E-1,2.0125642E-1,9.0663826E-1,-4.259735E-1,3.9839435E-1,1.1977412E-1,4.7550455E-1,-1.5208155E-1,-3.4113314E-2],"split_indices":[0,0,0,0,0,0,0,0,0],"split_type":[0,0,0,0,0,0,0,0,0],"sum_hessian":[9E0,5E0,4E0,2E0,3E0,2E0,2E0,2E0,1E0],"tree_param":{"num_deleted":"0","num_feature":"2","num_nodes":"9","size_leaf_vector":"1"}},{"base_weights":[-1.6588593E-2,-2.8056157E0,3.3335617E0,-3.586689E-1,-8.289795E-2,1.1178919E-1,4.438044E-1],"categories":[],"categories_nodes":[],"categories_segments":[],"categories_sizes":[],"default_left":[0,0,0,0,0,0,0],"id":20,"left_children":[1,3,5,-1,-1,-1,-1],"loss_changes":[1.0278928E2,6.2900963E0,7.2745934E0,0E0,0E0,0E0,0E0],"parents":[2147483647,0,0,1,1,2,2],"right_children":[2,4,6,-1,-1,-1,-1],"split_conditions":[5.0180185E-1,3.011298E-1,9.0663826E-1,-3.586689E-1,-8.289795E-2,1.1178919E-1,4.438044E-1],"split_indices":[0,0,0,0,0,0,0],"split_type":[0,0,0,0,0,0,0],"sum_hessian":[9E0,5E0,4E0,3E0,2E0,2E0,2E0],"tree_param":{"num_deleted":"0","num_feature":"2","num_nodes":"7","size_leaf_vector":"1"}},{"base_weights":[-3.5263062E-3,-2.5986493E0,3.1113267E0,-3.7366435E-1,-1.0954914E0,1.043368E-1,4.1421762E-1,-1.2722372E-1,-2.826271E-2],"categories":[],"categories_nodes":[],"categories_segments":[],"categories_sizes":[],"default_left":[0,0,0,0,0,0,0,0,0],"id":21,"left_children":[1,3,5,-1,7,-1,-1,-1,-1],"loss_changes":[8.891952E1,6.1700478E0,6.336956E0,0E0,2.1511269E-1,0E0,0E0,0E0,0E0],"parents":[2147483647,0,0,1,1,2,2,4,4],"right_children":[2,4,6,-1,8,-1,-1,-1,-1],"split_conditions":[5.0180185E-1,2.0125642E-1,9.0663826E-1,-3.7366435E-1,3.9839435E-1,1.043368E-1,4.1421762E-1,-1.2722372E-1,-2.826271E-2],"split_indices":[0,0,0,0,0,0,0,0,0],"split_type":[0,0,0,0,0,0,0,0,0],"sum_hessian":[9E0,5E0,4E0,2E0,3E0,2E0,2E0,2E0,1E0],"tree_param":{"num_deleted":"0","num_feature":"2","num_nodes":"9","size_leaf_vector":"1"}},{"base_weights":[-4.234314E-3,-2.4269779E0,2.9039047E0,-3.4875336E-1,-1.0248165E0,9.738083E-2,3.866033E-1,-1.1874237E-1,-2.6849747E-2],"categories":[],"categories_nodes":[],"categories_segments":[],"categories_sizes":[],"default_left":[0,0,0,0,0,0,0,0,0],"id":22,"left_children":[1,3,5,-1,7,-1,-1,-1,-1],"loss_changes":[7.7504456E1,5.348339E0,5.5202293E0,0E0,1.7311144E-1,0E0,0E0,0E0,0E0],"parents":[2147483647,0,0,1,1,2,2,4,4],"right_children":[2,4,6,-1,8,-1,-1,-1,-1],"split_conditions":[5.0180185E-1,2.0125642E-1,9.0663826E-1,-3.4875336E-1,3.9839435E-1,9.738083E-2,3.866033E-1,-1.1874237E-1,-2.6849747E-2],"split_indices":[0,0,0,0,0,0,0,0,0],"split_type":[0,0,0,0,0,0,0,0,0],"sum_hessian":[9E0,5E0,4E0,2E0,3E0,2E0,2E0,2E0,1E0],"tree_param":{"num_deleted":"0","num_feature":"2","num_nodes":"9","size_leaf_vector":"1"}},{"base_weights":[-4.8469543E-3,-2.2666702E0,2.7103105E0,-3.7912712E-1,-1.2034957E0,3.3685304E-2,3.2194614E-1,-1.376833E-1,-2.5507355E-2],"categories":[],"categories_nodes":[],"categories_segments":[],"categories_sizes":[],"default_left":[0,0,0,0,0,0,0,0,0],"id":23,"left_children":[1,3,5,-1,7,-1,-1,-1,-1],"loss_changes":[6.755544E1,5.1627216E0,4.957756E0,0E0,4.707904E-1,0E0,0E0,0E0,0E0],"parents":[2147483647,0,0,1,1,2,2,4,4],"right_children":[2,4,6,-1,8,-1,-1,-1,-1],"split_conditions":[5.0180185E-1,9.9045515E-2,7.0108247E-1,-3.7912712E-1,3.9839435E-1,3.3685304E-2,3.2194614E-1,-1.376833E-1,-2.5507355E-2],"split_indices":[0,0,0,0,0,0,0,0,0],"split_type":[0,0,0,0,0,0,0,0,0],"sum_hessian":[9E0,5E0,4E0,1E0,4E0,1E0,3E0,3E0,1E0],"tree_param":{"num_deleted":"0","num_feature":"2","num_nodes":"9","size_leaf_vector":"1"}},{"base_weights":[-2.3031617E-2,-2.1303914E0,2.5104065E0,-3.6017075E-1,-1.1157868E0,7.9034425E-2,3.3936664E-1,-1.2735729E-1,-2.4232103E-2],"categories":[],"categories_nodes":[],"categories_segments":[],"categories_sizes":[],"default_left":[0,0,0,0,0,0,0,0,0],"id":24,"left_children":[1,3,5,-1,7,-1,-1,-1,-1],"loss_changes":[5.8736805E1,4.9380875E0,4.9141483E0,0E0,3.804903E-1,0E0,0E0,0E0,0E0],"parents":[2147483647,0,0,1,1,2,2,4,4],"right_children":[2,4,6,-1,8,-1,-1,-1,-1],"split_conditions":[5.0180185E-1,9.9045515E-2,9.0663826E-1,-3.6017075E-1,3.9839435E-1,7.9034425E-2,3.3936664E-1,-1.2735729E-1,-2.4232103E-2],"split_indices":[0,0,0,0,0,0,0,0,0],"split_type":[0,0,0,0,0,0,0,0,0],"sum_hessian":[9E0,5E0,4E0,1E0,4E0,2E0,2E0,3E0,1E0],"tree_param":{"num_deleted":"0","num_feature":"2","num_nodes":"9","size_leaf_vector":"1"}},{"base_weights":[-3.006363E-2,-2.0026462E0,2.343048E0,-3.4216234E-1,-1.0345261E0,7.376557E-2,3.1674245E-1,-1.1780548E-1,-2.3020554E-2],"categories":[],"categories_nodes":[],"categories_segments":[],"categories_sizes":[],"default_left":[0,0,0,0,0,0,0,0,0],"id":25,"left_children":[1,3,5,-1,7,-1,-1,-1,-1],"loss_changes":[5.1503887E1,4.7026806E0,4.2807713E0,0E0,3.0602074E-1,0E0,0E0,0E0,0E0],"parents":[2147483647,0,0,1,1,2,2,4,4],"right_children":[2,4,6,-1,8,-1,-1,-1,-1],"split_conditions":[5.0180185E-1,9.9045515E-2,9.0663826E-1,-3.4216234E-1,3.9839435E-1,7.376557E-2,3.1674245E-1,-1.1780548E-1,-2.3020554E-2],"split_indices":[0,0,0,0,0,0,0,0,0],"split_type":[0,0,0,0,0,0,0,0,0],"sum_hessian":[9E0,5E0,4E0,1E0,4E0,2E0,2E0,3E0,1E0],"tree_param":{"num_deleted":"0","num_feature":"2","num_nodes":"9","size_leaf_vector":"1"}},{"base_weights":[-3.6306E-2,-1.8828799E0,2.1868439E0,-3.2505417E-1,-9.592392E-1,6.8847656E-2,2.9562634E-1,-1.0897007E-1,-2.186966E-2],"categories":[],"categories_nodes":[],"categories_segments":[],"categories_sizes":[],"default_left":[0,0,0,0,0,0,0,0,0],"id":26,"left_children":[1,3,5,-1,7,-1,-1,-1,-1],"loss_changes":[4.516967E1,4.461323E0,3.7290459E0,0E0,2.4474764E-1,0E0,0E0,0E0,0E0],"parents":[2147483647,0,0,1,1,2,2,4,4],"right_children":[2,4,6,-1,8,-1,-1,-1,-1],"split_conditions":[5.0180185E-1,9.9045515E-2,9.0663826E-1,-3.2505417E-1,3.9839435E-1,6.8847656E-2,2.9562634E-1,-1.0897007E-1,-2.186966E-2],"split_indices":[0,0,0,0,0,0,0,0,0],"split_type":[0,0,0,0,0,0,0,0,0],"sum_hessian":[9E0,5E0,4E0,1E0,4E0,2E0,2E0,3E0,1E0],"tree_param":{"num_deleted":"0","num_feature":"2","num_nodes":"9","size_leaf_vector":"1"}},{"base_weights":[-4.181671E-2,-1.770574E0,2.0410552E0,-3.0880126E-1,-8.8948363E-1,6.4257815E-2,2.759181E-1,-1.0079727E-1,-2.0776367E-2],"categories":[],"categories_nodes":[],"categories_segments":[],"categories_sizes":[],"default_left":[0,0,0,0,0,0,0,0,0],"id":27,"left_children":[1,3,5,-1,7,-1,-1,-1,-1],"loss_changes":[3.9621635E1,4.2179604E0,3.2484207E0,0E0,1.9446135E-1,0E0,0E0,0E0,0E0],"parents":[2147483647,0,0,1,1,2,2,4,4],"right_children":[2,4,6,-1,8,-1,-1,-1,-1],"split_conditions":[5.0180185E-1,9.9045515E-2,9.0663826E-1,-3.0880126E-1,3.9839435E-1,6.4257815E-2,2.759181E-1,-1.0079727E-1,-2.0776367E-2],"split_indices":[0,0,0,0,0,0,0,0,0],"split_type":[0,0,0,0,0,0,0,0,0],"sum_hessian":[9E0,5E0,4E0,1E0,4E0,2E0,2E0,3E0,1E0],"tree_param":{"num_deleted":"0","num_feature":"2","num_nodes":"9","size_leaf_vector":"1"}},{"base_weights":[-4.6653748E-2,-1.665245E0,1.9049866E0,-2.9336128E-1,-8.2484895E-1,1.7705917E-2,2.2927037E-1,-9.32373E-2,-1.9737625E-2],"categories":[],"categories_nodes":[],"categories_segments":[],"categories_sizes":[],"default_left":[0,0,0,0,0,0,0,0,0],"id":28,"left_children":[1,3,5,-1,7,-1,-1,-1,-1],"loss_changes":[3.476135E1,3.9757996E0,2.9437904E0,0E0,1.5331388E-1,0E0,0E0,0E0,0E0],"parents":[2147483647,0,0,1,1,2,2,4,4],"right_children":[2,4,6,-1,8,-1,-1,-1,-1],"split_conditions":[5.0180185E-1,9.9045515E-2,7.0108247E-1,-2.9336128E-1,3.9839435E-1,1.7705917E-2,2.2927037E-1,-9.32373E-2,-1.9737625E-2],"split_indices":[0,0,0,0,0,0,0,0,0],"split_type":[0,0,0,0,0,0,0,0,0],"sum_hessian":[9E0,5E0,4E0,1E0,4E0,1E0,3E0,3E0,1E0],"tree_param":{"num_deleted":"0","num_feature":"2","num_nodes":"9","size_leaf_vector":"1"}},{"base_weights":[-5.792465E-2,-1.5664431E0,1.7638824E0,-2.786934E-1,-7.649582E-1,5.1741537E-2,2.4223888E-1,-8.62444E-2,-1.8750763E-2],"categories":[],"categories_nodes":[],"categories_segments":[],"categories_sizes":[],"default_left":[0,0,0,0,0,0,0,0,0],"id":29,"left_children":[1,3,5,-1,7,-1,-1,-1,-1],"loss_changes":[3.024532E1,3.737342E0,2.8506498E0,0E0,1.19751215E-1,0E0,0E0,0E0,0E0],"parents":[2147483647,0,0,1,1,2,2,4,4],"right_children":[2,4,6,-1,8,-1,-1,-1,-1],"split_conditions":[5.0180185E-1,9.9045515E-2,9.0663826E-1,-2.786934E-1,3.9839435E-1,5.1741537E-2,2.4223888E-1,-8.62444E-2,-1.8750763E-2],"split_indices":[0,0,0,0,0,0,0,0,0],"split_type":[0,0,0,0,0,0,0,0,0],"sum_hessian":[9E0,5E0,4E0,1E0,4E0,2E0,2E0,3E0,1E0],"tree_param":{"num_deleted":"0","num_feature":"2","num_nodes":"9","size_leaf_vector":"1"}},{"base_weights":[-6.110382E-2,-1.4737473E0,1.6462891E0,-2.6475868E-1,-7.09462E-1,4.8292032E-1,2.2608948E-1,-7.977619E-2,-1.781311E-2,1.4233398E-2,5.820465E-2],"categories":[],"categories_nodes":[],"categories_segments":[],"categories_sizes":[],"default_left":[0,0,0,0,0,0,0,0,0,0,0],"id":30,"left_children":[1,3,5,-1,7,9,-1,-1,-1,-1,-1],"loss_changes":[2.6545588E1,3.504528E0,2.4832325E0,0E0,9.247613E-2,1.8438041E-2,0E0,0E0,0E0,0E0,0E0],"parents":[2147483647,0,0,1,1,2,2,4,4,5,5],"right_children":[2,4,6,-1,8,10,-1,-1,-1,-1,-1],"split_conditions":[5.0180185E-1,9.9045515E-2,9.0663826E-1,-2.6475868E-1,3.9839435E-1,7.0108247E-1,2.2608948E-1,-7.977619E-2,-1.781311E-2,1.4233398E-2,5.820465E-2],"split_indices":[0,0,0,0,0,0,0,0,0,0,0],"split_type":[0,0,0,0,0,0,0,0,0,0,0],"sum_hessian":[9E0,5E0,4E0,1E0,4E0,2E0,2E0,3E0,1E0,1E0,1E0],"tree_param":{"num_deleted":"0","num_feature":"2","num_nodes":"11","size_leaf_vector":"1"}},{"base_weights":[-6.137695E-2,-1.3867658E0,1.541365E0,-2.5152093E-1,-6.580353E-1,4.587733E-1,2.1101685E-1,-7.3793225E-2,-1.6922379E-2,1.3521576E-2,5.529442E-2],"categories":[],"categories_nodes":[],"categories_segments":[],"categories_sizes":[],"default_left":[0,0,0,0,0,0,0,0,0,0,0],"id":31,"left_children":[1,3,5,-1,7,9,-1,-1,-1,-1,-1],"loss_changes":[2.3380075E1,3.2788906E0,2.1108208E0,0E0,7.03969E-2,1.6642332E-2,0E0,0E0,0E0,0E0,0E0],"parents":[2147483647,0,0,1,1,2,2,4,4,5,5],"right_children":[2,4,6,-1,8,10,-1,-1,-1,-1,-1],"split_conditions":[5.0180185E-1,9.9045515E-2,9.0663826E-1,-2.5152093E-1,3.9839435E-1,7.0108247E-1,2.1101685E-1,-7.3793225E-2,-1.6922379E-2,1.3521576E-2,5.529442E-2],"split_indices":[0,0,0,0,0,0,0,0,0,0,0],"split_type":[0,0,0,0,0,0,0,0,0,0,0],"sum_hessian":[9E0,5E0,4E0,1E0,4E0,2E0,2E0,3E0,1E0,1E0,1E0],"tree_param":{"num_deleted":"0","num_feature":"2","num_nodes":"11","size_leaf_vector":"1"}},{"base_weights":[-6.147995E-2,-1.30513E0,1.443196E0,-2.38945E-1,-6.10376E-1,4.3583426E-1,1.9694926E-1,-6.825886E-2,-1.607628E-2,1.2845612E-2,5.2529525E-2],"categories":[],"categories_nodes":[],"categories_segments":[],"categories_sizes":[],"default_left":[0,0,0,0,0,0,0,0,0,0,0],"id":32,"left_children":[1,3,5,-1,7,9,-1,-1,-1,-1,-1],"loss_changes":[2.0596464E1,3.061551E0,1.7924833E0,0E0,5.260384E-2,1.5017748E-2,0E0,0E0,0E0,0E0,0E0],"parents":[2147483647,0,0,1,1,2,2,4,4,5,5],"right_children":[2,4,6,-1,8,10,-1,-1,-1,-1,-1],"split_conditions":[5.0180185E-1,9.9045515E-2,9.0663826E-1,-2.38945E-1,3.9839435E-1,7.0108247E-1,1.9694926E-1,-6.825886E-2,-1.607628E-2,1.2845612E-2,5.2529525E-2],"split_indices":[0,0,0,0,0,0,0,0,0,0,0],"split_type":[0,0,0,0,0,0,0,0,0,0,0],"sum_hessian":[9E0,5E0,4E0,1E0,4E0,2E0,2E0,3E0,1E0,1E0,1E0],"tree_param":{"num_deleted":"0","num_feature":"2","num_nodes":"11","size_leaf_vector":"1"}},{"base_weights":[-6.142807E-2,-1.2284966E0,1.3513397E0,-2.2699776E-1,-5.6620485E-1,4.1404215E-1,1.8381907E-1,-6.313934E-2,-1.5272522E-2,1.2203217E-2,4.9903106E-2],"categories":[],"categories_nodes":[],"categories_segments":[],"categories_sizes":[],"default_left":[0,0,0,0,0,0,0,0,0,0,0],"id":33,"left_children":[1,3,5,-1,7,9,-1,-1,-1,-1,-1],"loss_changes":[1.8148083E1,2.8533134E0,1.5205326E0,0E0,3.8341045E-2,1.355499E-2,0E0,0E0,0E0,0E0,0E0],"parents":[2147483647,0,0,1,1,2,2,4,4,5,5],"right_children":[2,4,6,-1,8,10,-1,-1,-1,-1,-1],"split_conditions":[5.0180185E-1,9.9045515E-2,9.0663826E-1,-2.2699776E-1,3.9839435E-1,7.0108247E-1,1.8381907E-1,-6.313934E-2,-1.5272522E-2,1.2203217E-2,4.9903106E-2],"split_indices":[0,0,0,0,0,0,0,0,0,0,0],"split_type":[0,0,0,0,0,0,0,0,0,0,0],"sum_hessian":[9E0,5E0,4E0,1E0,4E0,2E0,2E0,3E0,1E0,1E0,1E0],"tree_param":{"num_deleted":"0","num_feature":"2","num_nodes":"11","size_leaf_vector":"1"}},{"base_weights":[-6.1234284E-2,-1.1565475E0,1.2653885E0,-2.1564789E-1,-5.252655E-1,5.6336975E-1,2.0367317E-1,-5.840378E-2,-1.450882E-2,1.1592865E-2,6.7387395E-2],"categories":[],"categories_nodes":[],"categories_segments":[],"categories_sizes":[],"default_left":[0,0,0,0,0,0,0,0,0,0,0],"id":34,"left_children":[1,3,5,-1,7,9,-1,-1,-1,-1,-1],"loss_changes":[1.5994158E1,2.6547089E0,1.5600538E0,0E0,2.6982427E-2,1.1965513E-1,0E0,0E0,0E0,0E0,0E0],"parents":[2147483647,0,0,1,1,2,2,4,4,5,5],"right_children":[2,4,6,-1,8,10,-1,-1,-1,-1,-1],"split_conditions":[5.0180185E-1,9.9045515E-2,1E0,-2.1564789E-1,3.9839435E-1,7.0108247E-1,2.0367317E-1,-5.840378E-2,-1.450882E-2,1.1592865E-2,6.7387395E-2],"split_indices":[0,0,0,0,0,0,0,0,0,0,0],"split_type":[0,0,0,0,0,0,0,0,0,0,0],"sum_hessian":[9E0,5E0,4E0,1E0,4E0,3E0,1E0,3E0,1E0,1E0,2E0],"tree_param":{"num_deleted":"0","num_feature":"2","num_nodes":"11","size_leaf_vector":"1"}},{"base_weights":[-5.570221E-2,-1.0889868E0,1.1953796E0,-2.0486565E-1,-4.8732147E-1,5.2677536E-1,1.9348983E-1,-5.4023553E-2,-1.3783264E-2,1.1013031E-2,6.2894695E-2],"categories":[],"categories_nodes":[],"categories_segments":[],"categories_sizes":[],"default_left":[0,0,0,0,0,0,0,0,0,0,0],"id":35,"left_children":[1,3,5,-1,7,9,-1,-1,-1,-1,-1],"loss_changes":[1.4228988E1,2.4660454E0,1.45297E0,0E0,1.8002272E-2,1.0101104E-1,0E0,0E0,0E0,0E0,0E0],"parents":[2147483647,0,0,1,1,2,2,4,4,5,5],"right_children":[2,4,6,-1,8,10,-1,-1,-1,-1,-1],"split_conditions":[5.0180185E-1,9.9045515E-2,1E0,-2.0486565E-1,3.9839435E-1,7.0108247E-1,1.9348983E-1,-5.4023553E-2,-1.3783264E-2,1.1013031E-2,6.2894695E-2],"split_indices":[0,0,0,0,0,0,0,0,0,0,0],"split_type":[0,0,0,0,0,0,0,0,0,0,0],"sum_hessian":[9E0,5E0,4E0,1E0,4E0,3E0,1E0,3E0,1E0,1E0,2E0],"tree_param":{"num_deleted":"0","num_feature":"2","num_nodes":"11","size_leaf_vector":"1"}},{"base_weights":[-5.0660707E-2,-1.0255331E0,1.1293182E0,-1.9462243E-1,-4.5214996E-1,4.9257278E-1,1.83815E-1,-5.5281322E-2,-2.0077007E-2,1.0462189E-2,5.8701582E-2],"categories":[],"categories_nodes":[],"categories_segments":[],"categories_sizes":[],"default_left":[0,0,0,0,0,0,0,0,0,0,0],"id":36,"left_children":[1,3,5,-1,7,9,-1,-1,-1,-1,-1],"loss_changes":[1.2661441E1,2.2874675E0,1.351305E0,0E0,1.5535235E-2,8.5142255E-2,0E0,0E0,0E0,0E0,0E0],"parents":[2147483647,0,0,1,1,2,2,4,4,5,5],"right_children":[2,4,6,-1,8,10,-1,-1,-1,-1,-1],"split_conditions":[5.0180185E-1,9.9045515E-2,1E0,-1.9462243E-1,3.011298E-1,7.0108247E-1,1.83815E-1,-5.5281322E-2,-2.0077007E-2,1.0462189E-2,5.8701582E-2],"split_indices":[0,0,0,0,0,0,0,0,0,0,0],"split_type":[0,0,0,0,0,0,0,0,0,0,0],"sum_hessian":[9E0,5E0,4E0,1E0,4E0,3E0,1E0,2E0,2E0,1E0,2E0],"tree_param":{"num_deleted":"0","num_feature":"2","num_nodes":"11","size_leaf_vector":"1"}},{"base_weights":[-4.729233E-2,-9.6797436E-1,1.0669845E0,-1.8489113E-1,-4.220047E-1,4.6060753E-1,1.7462464E-1,-5.1595815E-2,-1.8738301E-2,9.939194E-3,5.478821E-2],"categories":[],"categories_nodes":[],"categories_segments":[],"categories_sizes":[],"default_left":[0,0,0,0,0,0,0,0,0,0,0],"id":37,"left_children":[1,3,5,-1,7,9,-1,-1,-1,-1,-1],"loss_changes":[1.129176E1,2.1055403E0,1.2551093E0,0E0,1.3535798E-2,7.1644664E-2,0E0,0E0,0E0,0E0,0E0],"parents":[2147483647,0,0,1,1,2,2,4,4,5,5],"right_children":[2,4,6,-1,8,10,-1,-1,-1,-1,-1],"split_conditions":[5.0180185E-1,9.9045515E-2,1E0,-1.8489113E-1,3.011298E-1,7.0108247E-1,1.7462464E-1,-5.1595815E-2,-1.8738301E-2,9.939194E-3,5.478821E-2],"split_indices":[0,0,0,0,0,0,0,0,0,0,0],"split_type":[0,0,0,0,0,0,0,0,0,0,0],"sum_hessian":[9E0,5E0,4E0,1E0,4E0,3E0,1E0,2E0,2E0,1E0,2E0],"tree_param":{"num_deleted":"0","num_feature":"2","num_nodes":"11","size_leaf_vector":"1"}},{"base_weights":[-4.4150542E-2,-9.137141E-1,1.0081558E0,-1.7564659E-1,-3.9387053E-1,4.30727E-1,1.6589355E-1,-4.8155975E-2,-1.7489117E-2,9.4421385E-3,5.113551E-2],"categories":[],"categories_nodes":[],"categories_segments":[],"categories_sizes":[],"default_left":[0,0,0,0,0,0,0,0,0,0,0],"id":38,"left_children":[1,3,5,-1,7,9,-1,-1,-1,-1,-1],"loss_changes":[1.0071638E1,1.9367743E0,1.1643462E0,0E0,1.1790097E-2,6.017977E-2,0E0,0E0,0E0,0E0,0E0],"parents":[2147483647,0,0,1,1,2,2,4,4,5,5],"right_children":[2,4,6,-1,8,10,-1,-1,-1,-1,-1],"split_conditions":[5.0180185E-1,9.9045515E-2,1E0,-1.7564659E-1,3.011298E-1,7.0108247E-1,1.6589355E-1,-4.8155975E-2,-1.7489117E-2,9.4421385E-3,5.113551E-2],"split_indices":[0,0,0,0,0,0,0,0,0,0,0],"split_type":[0,0,0,0,0,0,0,0,0,0,0],"sum_hessian":[9E0,5E0,4E0,1E0,4E0,3E0,1E0,2E0,2E0,1E0,2E0],"tree_param":{"num_deleted":"0","num_feature":"2","num_nodes":"11","size_leaf_vector":"1"}},{"base_weights":[-4.1217804E-2,-8.62559E-1,9.5263517E-1,-1.668644E-1,-3.6761323E-1,4.027996E-1,1.5759888E-1,-4.0812302E-2,-1.0278702E-2,8.96988E-3,4.7726694E-2],"categories":[],"categories_nodes":[],"categories_segments":[],"categories_sizes":[],"default_left":[0,0,0,0,0,0,0,0,0,0,0],"id":39,"left_children":[1,3,5,-1,7,9,-1,-1,-1,-1,-1],"loss_changes":[8.984629E0,1.7803946E0,1.0789022E0,0E0,1.1690438E-2,5.0452888E-2,0E0,0E0,0E0,0E0,0E0],"parents":[2147483647,0,0,1,1,2,2,4,4,5,5],"right_children":[2,4,6,-1,8,10,-1,-1,-1,-1,-1],"split_conditions":[5.0180185E-1,9.9045515E-2,1E0,-1.668644E-1,3.9839435E-1,7.0108247E-1,1.5759888E-1,-4.0812302E-2,-1.0278702E-2,8.96988E-3,4.7726694E-2],"split_indices":[0,0,0,0,0,0,0,0,0,0,0],"split_type":[0,0,0,0,0,0,0,0,0,0,0],"sum_hessian":[9E0,5E0,4E0,1E0,4E0,3E0,1E0,3E0,1E0,1E0,2E0],"tree_param":{"num_deleted":"0","num_feature":"2","num_nodes":"11","size_leaf_vector":"1"}},{"base_weights":[-3.746338E-2,-8.1263095E-1,9.002304E-1,-1.5852128E-1,-3.4107208E-1,3.7669182E-1,1.4971924E-1,-4.2224884E-2,-1.4620463E-2,8.521271E-3,4.454473E-2],"categories":[],"categories_nodes":[],"categories_segments":[],"categories_sizes":[],"default_left":[0,0,0,0,0,0,0,0,0,0,0],"id":40,"left_children":[1,3,5,-1,7,9,-1,-1,-1,-1,-1],"loss_changes":[8.000253E0,1.6452351E0,9.98683E-1,0E0,1.735878E-2,4.2205393E-2,0E0,0E0,0E0,0E0,0E0],"parents":[2147483647,0,0,1,1,2,2,4,4,5,5],"right_children":[2,4,6,-1,8,10,-1,-1,-1,-1,-1],"split_conditions":[5.0180185E-1,9.9045515E-2,1E0,-1.5852128E-1,3.011298E-1,7.0108247E-1,1.4971924E-1,-4.2224884E-2,-1.4620463E-2,8.521271E-3,4.454473E-2],"split_indices":[0,0,0,0,0,0,0,0,0,0,0],"split_type":[0,0,0,0,0,0,0,0,0,0,0],"sum_hessian":[9E0,5E0,4E0,1E0,4E0,3E0,1E0,2E0,2E0,1E0,2E0],"tree_param":{"num_deleted":"0","num_feature":"2","num_nodes":"11","size_leaf_vector":"1"}},{"base_weights":[-3.4976196E-2,-7.6726407E-1,8.5076445E-1,-1.505951E-1,-3.183365E-1,3.522892E-1,1.4223328E-1,-3.9410148E-2,-1.3645935E-2,8.095169E-3,4.1575115E-2],"categories":[],"categories_nodes":[],"categories_segments":[],"categories_sizes":[],"default_left":[0,0,0,0,0,0,0,0,0,0,0],"id":41,"left_children":[1,3,5,-1,7,9,-1,-1,-1,-1,-1],"loss_changes":[7.138932E0,1.5103025E0,9.23491E-1,0E0,1.5120685E-2,3.522262E-2,0E0,0E0,0E0,0E0,0E0],"parents":[2147483647,0,0,1,1,2,2,4,4,5,5],"right_children":[2,4,6,-1,8,10,-1,-1,-1,-1,-1],"split_conditions":[5.0180185E-1,9.9045515E-2,1E0,-1.505951E-1,3.011298E-1,7.0108247E-1,1.4223328E-1,-3.9410148E-2,-1.3645935E-2,8.095169E-3,4.1575115E-2],"split_indices":[0,0,0,0,0,0,0,0,0,0,0],"split_type":[0,0,0,0,0,0,0,0,0,0,0],"sum_hessian":[9E0,5E0,4E0,1E0,4E0,3E0,1E0,2E0,2E0,1E0,2E0],"tree_param":{"num_deleted":"0","num_feature":"2","num_nodes":"11","size_leaf_vector":"1"}},{"base_weights":[-3.265152E-2,-7.244771E-1,8.040695E-1,-1.4306526E-1,-2.971115E-1,3.294773E-1,1.3512193E-1,-3.6782585E-2,-1.2736003E-2,7.6904297E-3,3.8803354E-2],"categories":[],"categories_nodes":[],"categories_segments":[],"categories_sizes":[],"default_left":[0,0,0,0,0,0,0,0,0,0,0],"id":42,"left_children":[1,3,5,-1,7,9,-1,-1,-1,-1,-1],"loss_changes":[6.3711805E0,1.3857076E0,8.5316896E-1,0E0,1.3172984E-2,2.9317468E-2,0E0,0E0,0E0,0E0,0E0],"parents":[2147483647,0,0,1,1,2,2,4,4,5,5],"right_children":[2,4,6,-1,8,10,-1,-1,-1,-1,-1],"split_conditions":[5.0180185E-1,9.9045515E-2,1E0,-1.4306526E-1,3.011298E-1,7.0108247E-1,1.3512193E-1,-3.6782585E-2,-1.2736003E-2,7.6904297E-3,3.8803354E-2],"split_indices":[0,0,0,0,0,0,0,0,0,0,0],"split_type":[0,0,0,0,0,0,0,0,0,0,0],"sum_hessian":[9E0,5E0,4E0,1E0,4E0,3E0,1E0,2E0,2E0,1E0,2E0],"tree_param":{"num_deleted":"0","num_feature":"2","num_nodes":"11","size_leaf_vector":"1"}},{"base_weights":[-3.0483246E-2,-6.841278E-1,7.599869E-1,-1.3591194E-1,-2.773056E-1,3.0815315E-1,1.283661E-1,-3.43305E-2,-1.1887106E-2,7.3059085E-3,3.6216483E-2],"categories":[],"categories_nodes":[],"categories_segments":[],"categories_sizes":[],"default_left":[0,0,0,0,0,0,0,0,0,0,0],"id":43,"left_children":[1,3,5,-1,7,9,-1,-1,-1,-1,-1],"loss_changes":[5.686794E0,1.2707179E0,7.875037E-1,0E0,1.1473864E-2,2.4331868E-2,0E0,0E0,0E0,0E0,0E0],"parents":[2147483647,0,0,1,1,2,2,4,4,5,5],"right_children":[2,4,6,-1,8,10,-1,-1,-1,-1,-1],"split_conditions":[5.0180185E-1,9.9045515E-2,1E0,-1.3591194E-1,3.011298E-1,7.0108247E-1,1.283661E-1,-3.43305E-2,-1.1887106E-2,7.3059085E-3,3.6216483E-2],"split_indices":[0,0,0,0,0,0,0,0,0,0,0],"split_type":[0,0,0,0,0,0,0,0,0,0,0],"sum_hessian":[9E0,5E0,4E0,1E0,4E0,3E0,1E0,2E0,2E0,1E0,2E0],"tree_param":{"num_deleted":"0","num_feature":"2","num_nodes":"11","size_leaf_vector":"1"}},{"base_weights":[-2.8459167E-2,-6.460698E-1,7.183655E-1,-1.2911645E-1,-2.5881806E-1,2.8821945E-1,1.2194748E-1,-3.204168E-2,-1.1094666E-2,6.9404603E-3,3.3802286E-2],"categories":[],"categories_nodes":[],"categories_segments":[],"categories_sizes":[],"default_left":[0,0,0,0,0,0,0,0,0,0,0],"id":44,"left_children":[1,3,5,-1,7,9,-1,-1,-1,-1,-1],"loss_changes":[5.0765834E0,1.1647077E0,7.262745E-1,0E0,9.994268E-3,2.0130545E-2,0E0,0E0,0E0,0E0,0E0],"parents":[2147483647,0,0,1,1,2,2,4,4,5,5],"right_children":[2,4,6,-1,8,10,-1,-1,-1,-1,-1],"split_conditions":[5.0180185E-1,9.9045515E-2,1E0,-1.2911645E-1,3.011298E-1,7.0108247E-1,1.2194748E-1,-3.204168E-2,-1.1094666E-2,6.9404603E-3,3.3802286E-2],"split_indices":[0,0,0,0,0,0,0,0,0,0,0],"split_type":[0,0,0,0,0,0,0,0,0,0,0],"sum_hessian":[9E0,5E0,4E0,1E0,4E0,3E0,1E0,2E0,2E0,1E0,2E0],"tree_param":{"num_deleted":"0","num_feature":"2","num_nodes":"11","size_leaf_vector":"1"}},{"base_weights":[-2.6569366E-2,-6.10171E-1,6.790665E-1,-1.2266045E-1,-2.4156341E-1,2.6958275E-1,1.1585007E-1,-2.9905448E-2,-1.0355123E-2,6.593323E-3,3.154882E-2],"categories":[],"categories_nodes":[],"categories_segments":[],"categories_sizes":[],"default_left":[0,0,0,0,0,0,0,0,0,0,0],"id":45,"left_children":[1,3,5,-1,7,9,-1,-1,-1,-1,-1],"loss_changes":[4.532449E0,1.0670297E0,6.692908E-1,0E0,8.704841E-3,1.6593337E-2,0E0,0E0,0E0,0E0,0E0],"parents":[2147483647,0,0,1,1,2,2,4,4,5,5],"right_children":[2,4,6,-1,8,10,-1,-1,-1,-1,-1],"split_conditions":[5.0180185E-1,9.9045515E-2,1E0,-1.2266045E-1,3.011298E-1,7.0108247E-1,1.1585007E-1,-2.9905448E-2,-1.0355123E-2,6.593323E-3,3.154882E-2],"split_indices":[0,0,0,0,0,0,0,0,0,0,0],"split_type":[0,0,0,0,0,0,0,0,0,0,0],"sum_hessian":[9E0,5E0,4E0,1E0,4E0,3E0,1E0,2E0,2E0,1E0,2E0],"tree_param":{"num_deleted":"0","num_feature":"2","num_nodes":"11","size_leaf_vector":"1"}},{"base_weights":[-2.480545E-2,-5.7630795E-1,6.419586E-1,-1.1652756E-1,-2.2545929E-1,2.5215912E-1,1.1005783E-1,-2.7911631E-2,-9.664917E-3,6.263733E-3,2.9445395E-2],"categories":[],"categories_nodes":[],"categories_segments":[],"categories_sizes":[],"default_left":[0,0,0,0,0,0,0,0,0,0,0],"id":46,"left_children":[1,3,5,-1,7,9,-1,-1,-1,-1,-1],"loss_changes":[4.047186E0,9.771087E-1,6.1632776E-1,0E0,7.5814724E-3,1.36193335E-2,0E0,0E0,0E0,0E0,0E0],"parents":[2147483647,0,0,1,1,2,2,4,4,5,5],"right_children":[2,4,6,-1,8,10,-1,-1,-1,-1,-1],"split_conditions":[5.0180185E-1,9.9045515E-2,1E0,-1.1652756E-1,3.011298E-1,7.0108247E-1,1.1005783E-1,-2.7911631E-2,-9.664917E-3,6.263733E-3,2.9445395E-2],"split_indices":[0,0,0,0,0,0,0,0,0,0,0],"split_type":[0,0,0,0,0,0,0,0,0,0,0],"sum_hessian":[9E0,5E0,4E0,1E0,4E0,3E0,1E0,2E0,2E0,1E0,2E0],"tree_param":{"num_deleted":"0","num_feature":"2","num_nodes":"11","size_leaf_vector":"1"}},{"base_weights":[-2.3159027E-2,-5.443611E-1,6.069153E-1,-1.1070099E-1,-2.1042939E-1,2.3587036E-1,1.0455475E-1,-2.6051078E-2,-9.020488E-3,5.9505464E-3,2.7482351E-2],"categories":[],"categories_nodes":[],"categories_segments":[],"categories_sizes":[],"default_left":[0,0,0,0,0,0,0,0,0,0,0],"id":47,"left_children":[1,3,5,-1,7,9,-1,-1,-1,-1,-1],"loss_changes":[3.6143415E0,8.943703E-1,5.671475E-1,0E0,6.6056997E-3,1.1126384E-2,0E0,0E0,0E0,0E0,0E0],"parents":[2147483647,0,0,1,1,2,2,4,4,5,5],"right_children":[2,4,6,-1,8,10,-1,-1,-1,-1,-1],"split_conditions":[5.0180185E-1,9.9045515E-2,1E0,-1.1070099E-1,3.011298E-1,7.0108247E-1,1.0455475E-1,-2.6051078E-2,-9.020488E-3,5.9505464E-3,2.7482351E-2],"split_indices":[0,0,0,0,0,0,0,0,0,0,0],"split_type":[0,0,0,0,0,0,0,0,0,0,0],"sum_hessian":[9E0,5E0,4E0,1E0,4E0,3E0,1E0,2E0,2E0,1E0,2E0],"tree_param":{"num_deleted":"0","num_feature":"2","num_nodes":"11","size_leaf_vector":"1"}},{"base_weights":[-2.162094E-2,-5.1421994E-1,5.73822E-1,-1.0516586E-1,-1.9640045E-1,2.2064209E-1,9.932709E-2,-2.1993065E-2,-5.113983E-3,5.653E-3,2.5650278E-2],"categories":[],"categories_nodes":[],"categories_segments":[],"categories_sizes":[],"default_left":[0,0,0,0,0,0,0,0,0,0,0],"id":48,"left_children":[1,3,5,-1,7,9,-1,-1,-1,-1,-1],"loss_changes":[3.2282164E0,8.1830466E-1,5.215473E-1,0E0,5.8428347E-3,9.040594E-3,0E0,0E0,0E0,0E0,0E0],"parents":[2147483647,0,0,1,1,2,2,4,4,5,5],"right_children":[2,4,6,-1,8,10,-1,-1,-1,-1,-1],"split_conditions":[5.0180185E-1,9.9045515E-2,1E0,-1.0516586E-1,3.9839435E-1,7.0108247E-1,9.932709E-2,-2.1993065E-2,-5.113983E-3,5.653E-3,2.5650278E-2],"split_indices":[0,0,0,0,0,0,0,0,0,0,0],"split_type":[0,0,0,0,0,0,0,0,0,0,0],"sum_hessian":[9E0,5E0,4E0,1E0,4E0,3E0,1E0,3E0,1E0,1E0,2E0],"tree_param":{"num_deleted":"0","num_feature":"2","num_nodes":"11","size_leaf_vector":"1"}},{"base_weights":[-1.9623566E-2,-4.8484293E-1,5.425644E-1,-9.990769E-2,-1.8218079E-1,2.0640373E-1,9.436035E-2,-2.6327897E-2,-9.608651E-3,5.370331E-3,2.3940278E-2],"categories":[],"categories_nodes":[],"categories_segments":[],"categories_sizes":[],"default_left":[0,0,0,0,0,0,0,0,0,0,0],"id":49,"left_children":[1,3,5,-1,7,9,-1,-1,-1,-1,-1],"loss_changes":[2.8784657E0,7.518221E-1,4.7930455E-1,0E0,9.612888E-3,7.29914E-3,0E0,0E0,0E0,0E0,0E0],"parents":[2147483647,0,0,1,1,2,2,4,4,5,5],"right_children":[2,4,6,-1,8,10,-1,-1,-1,-1,-1],"split_conditions":[5.0180185E-1,9.9045515E-2,1E0,-9.990769E-2,2.0125642E-1,7.0108247E-1,9.436035E-2,-2.6327897E-2,-9.608651E-3,5.370331E-3,2.3940278E-2],"split_indices":[0,0,0,0,0,0,0,0,0,0,0],"split_type":[0,0,0,0,0,0,0,0,0,0,0],"sum_hessian":[9E0,5E0,4E0,1E0,4E0,3E0,1E0,1E0,3E0,1E0,2E0],"tree_param":{"num_deleted":"0","num_feature":"2","num_nodes":"11","size_leaf_vector":"1"}},{"base_weights":[-1.88797E-2,-4.5900092E-1,5.130417E-1,-7.994919E-1,-8.888245E-3,1.9309044E-1,8.964234E-2,-9.491234E-2,-2.5011444E-2,5.101776E-3,2.2344207E-2],"categories":[],"categories_nodes":[],"categories_segments":[],"categories_sizes":[],"default_left":[0,0,0,0,0,0,0,0,0,0,0],"id":50,"left_children":[1,3,5,7,-1,9,-1,-1,-1,-1,-1],"loss_changes":[2.5765855E0,6.8507123E-1,4.4022644E-1,9.222984E-3,0E0,5.8490485E-3,0E0,0E0,0E0,0E0,0E0],"parents":[2147483647,0,0,1,1,2,2,3,3,5,5],"right_children":[2,4,6,8,-1,10,-1,-1,-1,-1,-1],"split_conditions":[5.0180185E-1,2.0125642E-1,1E0,9.9045515E-2,-8.888245E-3,7.0108247E-1,8.964234E-2,-9.491234E-2,-2.5011444E-2,5.101776E-3,2.2344207E-2],"split_indices":[0,0,0,0,0,0,0,0,0,0,0],"split_type":[0,0,0,0,0,0,0,0,0,0,0],"sum_hessian":[9E0,5E0,4E0,2E0,3E0,3E0,1E0,1E0,1E0,1E0,2E0],"tree_param":{"num_deleted":"0","num_feature":"2","num_nodes":"11","size_leaf_vector":"1"}},{"base_weights":[-1.8164825E-2,-4.345703E-1,4.8515472E-1,-7.595189E-1,-8.221626E-3,1.8064308E-1,8.516007E-2,-9.016686E-2,-2.3760987E-2,4.846573E-3,2.0854695E-2],"categories":[],"categories_nodes":[],"categories_segments":[],"categories_sizes":[],"default_left":[0,0,0,0,0,0,0,0,0,0,0],"id":51,"left_children":[1,3,5,7,-1,9,-1,-1,-1,-1,-1],"loss_changes":[2.306684E0,6.24537E-1,4.0409958E-1,8.322239E-3,0E0,4.6456754E-3,0E0,0E0,0E0,0E0,0E0],"parents":[2147483647,0,0,1,1,2,2,3,3,5,5],"right_children":[2,4,6,8,-1,10,-1,-1,-1,-1,-1],"split_conditions":[5.0180185E-1,2.0125642E-1,1E0,9.9045515E-2,-8.221626E-3,7.0108247E-1,8.516007E-2,-9.016686E-2,-2.3760987E-2,4.846573E-3,2.0854695E-2],"split_indices":[0,0,0,0,0,0,0,0,0,0,0],"split_type":[0,0,0,0,0,0,0,0,0,0,0],"sum_hessian":[9E0,5E0,4E0,2E0,3E0,3E0,1E0,1E0,1E0,1E0,2E0],"tree_param":{"num_deleted":"0","num_feature":"2","num_nodes":"11","size_leaf_vector":"1"}},{"base_weights":[-1.7476654E-2,-4.1147104E-1,4.5881194E-1,-7.215449E-1,-7.60479E-3,1.6900444E-1,8.09021E-2,-8.565865E-2,-2.257309E-2,4.6043396E-3,1.9464366E-2],"categories":[],"categories_nodes":[],"categories_segments":[],"categories_sizes":[],"default_left":[0,0,0,0,0,0,0,0,0,0,0],"id":52,"left_children":[1,3,5,7,-1,9,-1,-1,-1,-1,-1],"loss_changes":[2.0653381E0,5.691637E-1,3.7073803E-1,7.5085163E-3,0E0,3.648445E-3,0E0,0E0,0E0,0E0,0E0],"parents":[2147483647,0,0,1,1,2,2,3,3,5,5],"right_children":[2,4,6,8,-1,10,-1,-1,-1,-1,-1],"split_conditions":[5.0180185E-1,2.0125642E-1,1E0,9.9045515E-2,-7.60479E-3,7.0108247E-1,8.09021E-2,-8.565865E-2,-2.257309E-2,4.6043396E-3,1.9464366E-2],"split_indices":[0,0,0,0,0,0,0,0,0,0,0],"split_type":[0,0,0,0,0,0,0,0,0,0,0],"sum_hessian":[9E0,5E0,4E0,2E0,3E0,3E0,1E0,1E0,1E0,1E0,2E0],"tree_param":{"num_deleted":"0","num_feature":"2","num_nodes":"11","size_leaf_vector":"1"}},{"base_weights":[-1.681595E-2,-6.85468E-1,2.3603058E-1,-8.137589E-2,-2.144432E-2,5.015782E-2,7.685699E-2,-7.0343018E-3,1.581192E-1,4.373932E-3,1.8166607E-2],"categories":[],"categories_nodes":[],"categories_segments":[],"categories_sizes":[],"default_left":[0,0,0,0,0,0,0,0,0,0,0],"id":53,"left_children":[1,3,5,-1,-1,7,-1,-1,9,-1,-1],"loss_changes":[1.852455E0,6.7794323E-3,7.533268E-1,0E0,0E0,1.0218864E-1,0E0,0E0,2.8271899E-3,0E0,0E0],"parents":[2147483647,0,0,1,1,2,2,5,5,8,8],"right_children":[2,4,6,-1,-1,8,-1,-1,10,-1,-1],"split_conditions":[2.0125642E-1,9.9045515E-2,1E0,-8.137589E-2,-2.144432E-2,5.0180185E-1,7.685699E-2,-7.0343018E-3,7.0108247E-1,4.373932E-3,1.8166607E-2],"split_indices":[0,0,0,0,0,0,0,0,0,0,0],"split_type":[0,0,0,0,0,0,0,0,0,0,0],"sum_hessian":[9E0,2E0,7E0,1E0,1E0,6E0,1E0,3E0,3E0,1E0,2E0],"tree_param":{"num_deleted":"0","num_feature":"2","num_nodes":"11","size_leaf_vector":"1"}},{"base_weights":[-1.618042E-2,-6.511943E-1,2.2397232E-1,-7.730713E-2,-2.0372009E-2,4.7356743E-2,7.301407E-2,-6.5067294E-3,1.4794159E-1,4.15535E-3,1.6955312E-2],"categories":[],"categories_nodes":[],"categories_segments":[],"categories_sizes":[],"default_left":[0,0,0,0,0,0,0,0,0,0,0],"id":54,"left_children":[1,3,5,-1,-1,7,-1,-1,9,-1,-1],"loss_changes":[1.6708525E0,6.120324E-3,6.8060076E-1,0E0,0E0,8.8783234E-2,0E0,0E0,2.151318E-3,0E0,0E0],"parents":[2147483647,0,0,1,1,2,2,5,5,8,8],"right_children":[2,4,6,-1,-1,8,-1,-1,10,-1,-1],"split_conditions":[2.0125642E-1,9.9045515E-2,1E0,-7.730713E-2,-2.0372009E-2,5.0180185E-1,7.301407E-2,-6.5067294E-3,7.0108247E-1,4.15535E-3,1.6955312E-2],"split_indices":[0,0,0,0,0,0,0,0,0,0,0],"split_type":[0,0,0,0,0,0,0,0,0,0,0],"sum_hessian":[9E0,2E0,7E0,1E0,1E0,6E0,1E0,3E0,3E0,1E0,2E0],"tree_param":{"num_deleted":"0","num_feature":"2","num_nodes":"11","size_leaf_vector":"1"}},{"base_weights":[-1.556778E-2,-6.186345E-1,2.1252823E-1,-7.34417E-2,-1.9353485E-2,4.4708252E-2,6.936341E-2,-6.0186386E-3,1.3842583E-1,3.947449E-3,1.5825145E-2],"categories":[],"categories_nodes":[],"categories_segments":[],"categories_sizes":[],"default_left":[0,0,0,0,0,0,0,0,0,0,0],"id":55,"left_children":[1,3,5,-1,-1,7,-1,-1,9,-1,-1],"loss_changes":[1.5070486E0,5.5218935E-3,6.1490214E-1,0E0,0E0,7.714465E-2,0E0,0E0,1.600191E-3,0E0,0E0],"parents":[2147483647,0,0,1,1,2,2,5,5,8,8],"right_children":[2,4,6,-1,-1,8,-1,-1,10,-1,-1],"split_conditions":[2.0125642E-1,9.9045515E-2,1E0,-7.34417E-2,-1.9353485E-2,5.0180185E-1,6.936341E-2,-6.0186386E-3,7.0108247E-1,3.947449E-3,1.5825145E-2],"split_indices":[0,0,0,0,0,0,0,0,0,0,0],"split_type":[0,0,0,0,0,0,0,0,0,0,0],"sum_hessian":[9E0,2E0,7E0,1E0,1E0,6E0,1E0,3E0,3E0,1E0,2E0],"tree_param":{"num_deleted":"0","num_feature":"2","num_nodes":"11","size_leaf_vector":"1"}},{"base_weights":[-1.4978027E-2,-5.8770245E-1,2.0166588E-1,-6.976967E-2,-1.8385697E-2,4.220363E-2,6.589508E-2,-5.5671693E-3,1.2952805E-1,3.750229E-3,1.4770254E-2],"categories":[],"categories_nodes":[],"categories_segments":[],"categories_sizes":[],"default_left":[0,0,0,0,0,0,0,0,0,0,0],"id":56,"left_children":[1,3,5,-1,-1,7,-1,-1,9,-1,-1],"loss_changes":[1.3592921E0,4.985571E-3,5.5554736E-1,0E0,0E0,6.7039385E-2,0E0,0E0,1.1508912E-3,0E0,0E0],"parents":[2147483647,0,0,1,1,2,2,5,5,8,8],"right_children":[2,4,6,-1,-1,8,-1,-1,10,-1,-1],"split_conditions":[2.0125642E-1,9.9045515E-2,1E0,-6.976967E-2,-1.8385697E-2,5.0180185E-1,6.589508E-2,-5.5671693E-3,7.0108247E-1,3.750229E-3,1.4770254E-2],"split_indices":[0,0,0,0,0,0,0,0,0,0,0],"split_type":[0,0,0,0,0,0,0,0,0,0,0],"sum_hessian":[9E0,2E0,7E0,1E0,1E0,6E0,1E0,3E0,3E0,1E0,2E0],"tree_param":{"num_deleted":"0","num_feature":"2","num_nodes":"11","size_leaf_vector":"1"}},{"base_weights":[-1.4409637E-2,-5.583165E-1,1.9135666E-1,-6.628113E-2,-1.7466355E-2,3.983416E-2,6.260071E-2,-5.14946E-3,1.21204376E-1,3.5625459E-3,1.3785553E-2],"categories":[],"categories_nodes":[],"categories_segments":[],"categories_sizes":[],"default_left":[0,0,0,0,0,0,0,0,0,0,0],"id":57,"left_children":[1,3,5,-1,-1,7,-1,-1,9,-1,-1],"loss_changes":[1.2260147E0,4.5002103E-3,5.019381E-1,0E0,0E0,5.8261458E-2,0E0,0E0,7.887855E-4,0E0,0E0],"parents":[2147483647,0,0,1,1,2,2,5,5,8,8],"right_children":[2,4,6,-1,-1,8,-1,-1,10,-1,-1],"split_conditions":[2.0125642E-1,9.9045515E-2,1E0,-6.628113E-2,-1.7466355E-2,5.0180185E-1,6.260071E-2,-5.14946E-3,7.0108247E-1,3.5625459E-3,1.3785553E-2],"split_indices":[0,0,0,0,0,0,0,0,0,0,0],"split_type":[0,0,0,0,0,0,0,0,0,0,0],"sum_hessian":[9E0,2E0,7E0,1E0,1E0,6E0,1E0,3E0,3E0,1E0,2E0],"tree_param":{"num_deleted":"0","num_feature":"2","num_nodes":"11","size_leaf_vector":"1"}},{"base_weights":[-1.3863373E-2,-5.304006E-1,1.81571E-1,-6.296692E-2,-1.6593171E-2,3.7594385E-2,5.9470367E-2,-4.763222E-3,1.13422394E-1,3.3843995E-3,1.286672E-2],"categories":[],"categories_nodes":[],"categories_segments":[],"categories_sizes":[],"default_left":[0,0,0,0,0,0,0,0,0,0,0],"id":58,"left_children":[1,3,5,-1,-1,7,-1,-1,9,-1,-1],"loss_changes":[1.1057967E0,4.0588975E-3,4.5349407E-1,0E0,0E0,5.0640505E-2,0E0,0E0,4.980229E-4,0E0,0E0],"parents":[2147483647,0,0,1,1,2,2,5,5,8,8],"right_children":[2,4,6,-1,-1,8,-1,-1,10,-1,-1],"split_conditions":[2.0125642E-1,9.9045515E-2,1E0,-6.296692E-2,-1.6593171E-2,5.0180185E-1,5.9470367E-2,-4.763222E-3,7.0108247E-1,3.3843995E-3,1.286672E-2],"split_indices":[0,0,0,0,0,0,0,0,0,0,0],"split_type":[0,0,0,0,0,0,0,0,0,0,0],"sum_hessian":[9E0,2E0,7E0,1E0,1E0,6E0,1E0,3E0,3E0,1E0,2E0],"tree_param":{"num_deleted":"0","num_feature":"2","num_nodes":"11","size_leaf_vector":"1"}},{"base_weights":[-1.3336944E-2,-5.038808E-1,1.7228413E-1,-5.981865E-2,-1.5763475E-2,3.5475593E-2,5.6497194E-2,-4.4061663E-3,1.0614395E-1,3.2150268E-3,1.2009176E-2],"categories":[],"categories_nodes":[],"categories_segments":[],"categories_sizes":[],"default_left":[0,0,0,0,0,0,0,0,0,0,0],"id":59,"left_children":[1,3,5,-1,-1,7,-1,-1,9,-1,-1],"loss_changes":[9.9736357E-1,3.663838E-3,4.097416E-1,0E0,0E0,4.4022247E-2,0E0,0E0,2.6721135E-4,0E0,0E0],"parents":[2147483647,0,0,1,1,2,2,5,5,8,8],"right_children":[2,4,6,-1,-1,8,-1,-1,10,-1,-1],"split_conditions":[2.0125642E-1,9.9045515E-2,1E0,-5.981865E-2,-1.5763475E-2,5.0180185E-1,5.6497194E-2,-4.4061663E-3,7.0108247E-1,3.2150268E-3,1.2009176E-2],"split_indices":[0,0,0,0,0,0,0,0,0,0,0],"split_type":[0,0,0,0,0,0,0,0,0,0,0],"sum_hessian":[9E0,2E0,7E0,1E0,1E0,6E0,1E0,3E0,3E0,1E0,2E0],"tree_param":{"num_deleted":"0","num_feature":"2","num_nodes":"11","size_leaf_vector":"1"}},{"base_weights":[-1.2828827E-2,-4.78686E-1,1.6347122E-1,-5.6827545E-2,-1.4975357E-2,3.3475604E-2,5.3672027E-2,-4.075432E-2,9.9336624E-2,-4.6541854E-3,-1.1695862E-3,3.0544281E-3,1.1208598E-2],"categories":[],"categories_nodes":[],"categories_segments":[],"categories_sizes":[],"default_left":[0,0,0,0,0,0,0,0,0,0,0,0,0],"id":60,"left_children":[1,3,5,-1,-1,7,-1,9,11,-1,-1,-1,-1],"loss_changes":[8.995578E-1,3.305316E-3,3.701989E-1,0E0,0E0,3.8270406E-2,0E0,1.2835953E-4,8.4646046E-5,0E0,0E0,0E0,0E0],"parents":[2147483647,0,0,1,1,2,2,5,5,7,7,8,8],"right_children":[2,4,6,-1,-1,8,-1,10,12,-1,-1,-1,-1],"split_conditions":[2.0125642E-1,9.9045515E-2,1E0,-5.6827545E-2,-1.4975357E-2,5.0180185E-1,5.3672027E-2,3.9839435E-1,7.0108247E-1,-4.6541854E-3,-1.1695862E-3,3.0544281E-3,1.1208598E-2],"split_indices":[0,0,0,0,0,0,0,0,0,0,0,0,0],"split_type":[0,0,0,0,0,0,0,0,0,0,0,0,0],"sum_hessian":[9E0,2E0,7E0,1E0,1E0,6E0,1E0,3E0,3E0,2E0,1E0,1E0,2E0],"tree_param":{"num_deleted":"0","num_feature":"2","num_nodes":"13","size_leaf_vector":"1"}},{"base_weights":[-1.2515259E-2,-4.547526E-1,1.5488815E-1,-5.398636E-2,-1.4226533E-2,3.133283E-2,5.098877E-2,-3.813553E-2,9.296799E-3,-4.3439227E-3,-1.1112214E-3],"categories":[],"categories_nodes":[],"categories_segments":[],"categories_sizes":[],"default_left":[0,0,0,0,0,0,0,0,0,0,0],"id":61,"left_children":[1,3,5,-1,-1,7,-1,9,-1,-1,-1],"loss_changes":[8.107562E-1,2.9844642E-3,3.349204E-1,0E0,0E0,3.3517238E-2,0E0,9.0588816E-5,0E0,0E0,0E0],"parents":[2147483647,0,0,1,1,2,2,5,5,7,7],"right_children":[2,4,6,-1,-1,8,-1,10,-1,-1,-1],"split_conditions":[2.0125642E-1,9.9045515E-2,1E0,-5.398636E-2,-1.4226533E-2,5.0180185E-1,5.098877E-2,3.9839435E-1,9.296799E-3,-4.3439227E-3,-1.1112214E-3],"split_indices":[0,0,0,0,0,0,0,0,0,0,0],"split_type":[0,0,0,0,0,0,0,0,0,0,0],"sum_hessian":[9E0,2E0,7E0,1E0,1E0,6E0,1E0,3E0,3E0,2E0,1E0],"tree_param":{"num_deleted":"0","num_feature":"2","num_nodes":"11","size_leaf_vector":"1"}},{"base_weights":[-1.2602997E-2,-4.3201447E-1,1.4625168E-1,-5.128708E-2,-1.35150915E-2,2.8747559E-2,4.8439026E-2,-3.5686493E-2,8.599472E-2,-4.0545147E-3,-1.0555268E-3,2.4368286E-3,9.84141E-3],"categories":[],"categories_nodes":[],"categories_segments":[],"categories_sizes":[],"default_left":[0,0,0,0,0,0,0,0,0,0,0,0,0],"id":62,"left_children":[1,3,5,-1,-1,7,-1,9,11,-1,-1,-1,-1],"loss_changes":[7.294376E-1,2.6949048E-3,3.0393636E-1,0E0,0E0,2.8889515E-2,0E0,6.045075E-5,6.632656E-4,0E0,0E0,0E0,0E0],"parents":[2147483647,0,0,1,1,2,2,5,5,7,7,8,8],"right_children":[2,4,6,-1,-1,8,-1,10,12,-1,-1,-1,-1],"split_conditions":[2.0125642E-1,9.9045515E-2,1E0,-5.128708E-2,-1.35150915E-2,5.0180185E-1,4.8439026E-2,3.9839435E-1,7.0108247E-1,-4.0545147E-3,-1.0555268E-3,2.4368286E-3,9.84141E-3],"split_indices":[0,0,0,0,0,0,0,0,0,0,0,0,0],"split_type":[0,0,0,0,0,0,0,0,0,0,0,0,0],"sum_hessian":[9E0,2E0,7E0,1E0,1E0,6E0,1E0,3E0,3E0,2E0,1E0,1E0,2E0],"tree_param":{"num_deleted":"0","num_feature":"2","num_nodes":"13","size_leaf_vector":"1"}},{"base_weights":[-1.2262726E-2,-4.1041565E-1,1.3857746E-1,-4.872284E-2,-1.2839508E-2,2.6895795E-2,4.6017457E-2,-3.3397675E-2,8.046532E-2,-3.7844342E-3,-1.0028839E-3,2.3151399E-3,9.1852825E-3],"categories":[],"categories_nodes":[],"categories_segments":[],"categories_sizes":[],"default_left":[0,0,0,0,0,0,0,0,0,0,0,0,0],"id":63,"left_children":[1,3,5,-1,-1,7,-1,9,11,-1,-1,-1,-1],"loss_changes":[6.5744895E-1,2.4306178E-3,2.749552E-1,0E0,0E0,2.52966E-2,0E0,3.6119018E-5,4.841294E-4,0E0,0E0,0E0,0E0],"parents":[2147483647,0,0,1,1,2,2,5,5,7,7,8,8],"right_children":[2,4,6,-1,-1,8,-1,10,12,-1,-1,-1,-1],"split_conditions":[2.0125642E-1,9.9045515E-2,1E0,-4.872284E-2,-1.2839508E-2,5.0180185E-1,4.6017457E-2,3.9839435E-1,7.0108247E-1,-3.7844342E-3,-1.0028839E-3,2.3151399E-3,9.1852825E-3],"split_indices":[0,0,0,0,0,0,0,0,0,0,0,0,0],"split_type":[0,0,0,0,0,0,0,0,0,0,0,0,0],"sum_hessian":[9E0,2E0,7E0,1E0,1E0,6E0,1E0,3E0,3E0,2E0,1E0,1E0,2E0],"tree_param":{"num_deleted":"0","num_feature":"2","num_nodes":"13","size_leaf_vector":"1"}},{"base_weights":[-1.1920166E-2,-3.898951E-1,1.3131046E-1,-4.6286773E-2,-1.21974945E-2,2.5165012E-2,4.371643E-2,-3.1255722E-2,7.5294495E-2,-3.5321552E-3,-9.529114E-4,2.1995546E-3,8.572897E-3],"categories":[],"categories_nodes":[],"categories_segments":[],"categories_sizes":[],"default_left":[0,0,0,0,0,0,0,0,0,0,0,0,0],"id":64,"left_children":[1,3,5,-1,-1,7,-1,9,11,-1,-1,-1,-1],"loss_changes":[5.9257317E-1,2.1942556E-3,2.4871872E-1,0E0,0E0,2.215178E-2,0E0,1.6763806E-5,3.389325E-4,0E0,0E0,0E0,0E0],"parents":[2147483647,0,0,1,1,2,2,5,5,7,7,8,8],"right_children":[2,4,6,-1,-1,8,-1,10,12,-1,-1,-1,-1],"split_conditions":[2.0125642E-1,9.9045515E-2,1E0,-4.6286773E-2,-1.21974945E-2,5.0180185E-1,4.371643E-2,3.9839435E-1,7.0108247E-1,-3.5321552E-3,-9.529114E-4,2.1995546E-3,8.572897E-3],"split_indices":[0,0,0,0,0,0,0,0,0,0,0,0,0],"split_type":[0,0,0,0,0,0,0,0,0,0,0,0,0],"sum_hessian":[9E0,2E0,7E0,1E0,1E0,6E0,1E0,3E0,3E0,2E0,1E0,1E0,2E0],"tree_param":{"num_deleted":"0","num_feature":"2","num_nodes":"13","size_leaf_vector":"1"}},{"base_weights":[-1.1576081E-2,-3.7039948E-1,1.244297E-1,-4.39724E-2,-1.1587525E-2,2.354649E-2,4.153061E-2,-2.9251099E-2,7.045746E-2,-3.2966614E-3,-9.052277E-4,2.089691E-3,8.0012E-3],"categories":[],"categories_nodes":[],"categories_segments":[],"categories_sizes":[],"default_left":[0,0,0,0,0,0,0,0,0,0,0,0,0],"id":65,"left_children":[1,3,5,-1,-1,7,-1,9,11,-1,-1,-1,-1],"loss_changes":[5.341093E-1,1.981169E-3,2.2497737E-1,0E0,0E0,1.939846E-2,0E0,1.7732382E-6,2.2211112E-4,0E0,0E0,0E0,0E0],"parents":[2147483647,0,0,1,1,2,2,5,5,7,7,8,8],"right_children":[2,4,6,-1,-1,8,-1,10,12,-1,-1,-1,-1],"split_conditions":[2.0125642E-1,9.9045515E-2,1E0,-4.39724E-2,-1.1587525E-2,5.0180185E-1,4.153061E-2,3.9839435E-1,7.0108247E-1,-3.2966614E-3,-9.052277E-4,2.089691E-3,8.0012E-3],"split_indices":[0,0,0,0,0,0,0,0,0,0,0,0,0],"split_type":[0,0,0,0,0,0,0,0,0,0,0,0,0],"sum_hessian":[9E0,2E0,7E0,1E0,1E0,6E0,1E0,3E0,3E0,2E0,1E0,1E0,2E0],"tree_param":{"num_deleted":"0","num_feature":"2","num_nodes":"13","size_leaf_vector":"1"}},{"base_weights":[-1.1231994E-2,-3.5187784E-1,1.179142E-1,-4.1773606E-2,-1.1008072E-2,2.2033691E-2,3.945389E-2,-2.7376176E-3,6.5935135E-2,2.9691062E-3,8.7333685E-3],"categories":[],"categories_nodes":[],"categories_segments":[],"categories_sizes":[],"default_left":[0,0,0,0,0,0,0,0,0,0,0],"id":66,"left_children":[1,3,5,-1,-1,7,-1,-1,9,-1,-1],"loss_changes":[4.814226E-1,1.7882586E-3,2.0349017E-1,0E0,0E0,1.6989203E-2,0E0,0E0,5.092509E-4,0E0,0E0],"parents":[2147483647,0,0,1,1,2,2,5,5,8,8],"right_children":[2,4,6,-1,-1,8,-1,-1,10,-1,-1],"split_conditions":[2.0125642E-1,9.9045515E-2,1E0,-4.1773606E-2,-1.1008072E-2,5.0180185E-1,3.945389E-2,-2.7376176E-3,9.0663826E-1,2.9691062E-3,8.7333685E-3],"split_indices":[0,0,0,0,0,0,0,0,0,0,0],"split_type":[0,0,0,0,0,0,0,0,0,0,0],"sum_hessian":[9E0,2E0,7E0,1E0,1E0,6E0,1E0,3E0,3E0,2E0,1E0],"tree_param":{"num_deleted":"0","num_feature":"2","num_nodes":"11","size_leaf_vector":"1"}},{"base_weights":[-1.0544586E-2,-3.3428445E-1,1.1217594E-1,-3.968506E-2,-1.0457612E-2,2.1112714E-2,3.7480928E-2,-2.532196E-2,6.226921E-2,-2.894338E-3,-7.2288513E-4,2.7712504E-3,8.296967E-3],"categories":[],"categories_nodes":[],"categories_segments":[],"categories_sizes":[],"default_left":[0,0,0,0,0,0,0,0,0,0,0,0,0],"id":67,"left_children":[1,3,5,-1,-1,7,-1,9,11,-1,-1,-1,-1],"loss_changes":[4.3479395E-1,1.6147792E-3,1.8341663E-1,0E0,0E0,1.4954399E-2,0E0,5.28635E-5,5.620597E-4,0E0,0E0,0E0,0E0],"parents":[2147483647,0,0,1,1,2,2,5,5,7,7,8,8],"right_children":[2,4,6,-1,-1,8,-1,10,12,-1,-1,-1,-1],"split_conditions":[2.0125642E-1,9.9045515E-2,1E0,-3.968506E-2,-1.0457612E-2,5.0180185E-1,3.7480928E-2,3.9839435E-1,9.0663826E-1,-2.894338E-3,-7.2288513E-4,2.7712504E-3,8.296967E-3],"split_indices":[0,0,0,0,0,0,0,0,0,0,0,0,0],"split_type":[0,0,0,0,0,0,0,0,0,0,0,0,0],"sum_hessian":[9E0,2E0,7E0,1E0,1E0,6E0,1E0,3E0,3E0,2E0,1E0,2E0,1E0],"tree_param":{"num_deleted":"0","num_feature":"2","num_nodes":"13","size_leaf_vector":"1"}},{"base_weights":[-1.0010528E-2,-3.1756845E-1,1.0657501E-1,-3.7700653E-2,-9.934616E-3,2.0065308E-2,3.5607148E-2,-2.3694992E-2,5.880928E-2,-2.7015687E-3,-6.866455E-4,2.586619E-3,7.881927E-3],"categories":[],"categories_nodes":[],"categories_segments":[],"categories_sizes":[],"default_left":[0,0,0,0,0,0,0,0,0,0,0,0,0],"id":68,"left_children":[1,3,5,-1,-1,7,-1,9,11,-1,-1,-1,-1],"loss_changes":[3.9241293E-1,1.4579892E-3,1.6552623E-1,0E0,0E0,1.326162E-2,0E0,3.8027763E-5,5.980097E-4,0E0,0E0,0E0,0E0],"parents":[2147483647,0,0,1,1,2,2,5,5,7,7,8,8],"right_children":[2,4,6,-1,-1,8,-1,10,12,-1,-1,-1,-1],"split_conditions":[2.0125642E-1,9.9045515E-2,1E0,-3.7700653E-2,-9.934616E-3,5.0180185E-1,3.5607148E-2,3.9839435E-1,9.0663826E-1,-2.7015687E-3,-6.866455E-4,2.586619E-3,7.881927E-3],"split_indices":[0,0,0,0,0,0,0,0,0,0,0,0,0],"split_type":[0,0,0,0,0,0,0,0,0,0,0,0,0],"sum_hessian":[9E0,2E0,7E0,1E0,1E0,6E0,1E0,3E0,3E0,2E0,1E0,2E0,1E0],"tree_param":{"num_deleted":"0","num_feature":"2","num_nodes":"13","size_leaf_vector":"1"}},{"base_weights":[-9.505463E-3,-3.0168915E-1,1.012516E-1,-3.581543E-2,-9.437943E-3,1.9069126E-2,3.3826448E-2,-2.2172928E-2,5.55439E-2,-2.521515E-3,-6.5231323E-4,2.4141946E-3,7.487488E-3],"categories":[],"categories_nodes":[],"categories_segments":[],"categories_sizes":[],"default_left":[0,0,0,0,0,0,0,0,0,0,0,0,0],"id":69,"left_children":[1,3,5,-1,-1,7,-1,9,11,-1,-1,-1,-1],"loss_changes":[3.5416058E-1,1.3149381E-3,1.4937602E-1,0E0,0E0,1.1761633E-2,0E0,2.5958754E-5,6.204955E-4,0E0,0E0,0E0,0E0],"parents":[2147483647,0,0,1,1,2,2,5,5,7,7,8,8],"right_children":[2,4,6,-1,-1,8,-1,10,12,-1,-1,-1,-1],"split_conditions":[2.0125642E-1,9.9045515E-2,1E0,-3.581543E-2,-9.437943E-3,5.0180185E-1,3.3826448E-2,3.9839435E-1,9.0663826E-1,-2.521515E-3,-6.5231323E-4,2.4141946E-3,7.487488E-3],"split_indices":[0,0,0,0,0,0,0,0,0,0,0,0,0],"split_type":[0,0,0,0,0,0,0,0,0,0,0,0,0],"sum_hessian":[9E0,2E0,7E0,1E0,1E0,6E0,1E0,3E0,3E0,2E0,1E0,2E0,1E0],"tree_param":{"num_deleted":"0","num_feature":"2","num_nodes":"13","size_leaf_vector":"1"}},{"base_weights":[-9.025574E-3,-2.8660583E-1,9.619522E-2,-3.4024812E-2,-8.966065E-3,1.8123081E-2,3.213501E-2,-2.0750046E-2,5.246544E-2,-2.3536682E-3,-6.1950687E-4,2.2534688E-3,7.1128844E-3],"categories":[],"categories_nodes":[],"categories_segments":[],"categories_sizes":[],"default_left":[0,0,0,0,0,0,0,0,0,0,0,0,0],"id":70,"left_children":[1,3,5,-1,-1,7,-1,9,11,-1,-1,-1,-1],"loss_changes":[3.1964225E-1,1.1868924E-3,1.3480273E-1,0E0,0E0,1.04336245E-2,0E0,1.6426318E-5,6.3157175E-4,0E0,0E0,0E0,0E0],"parents":[2147483647,0,0,1,1,2,2,5,5,7,7,8,8],"right_children":[2,4,6,-1,-1,8,-1,10,12,-1,-1,-1,-1],"split_conditions":[2.0125642E-1,9.9045515E-2,1E0,-3.4024812E-2,-8.966065E-3,5.0180185E-1,3.213501E-2,3.9839435E-1,9.0663826E-1,-2.3536682E-3,-6.1950687E-4,2.2534688E-3,7.1128844E-3],"split_indices":[0,0,0,0,0,0,0,0,0,0,0,0,0],"split_type":[0,0,0,0,0,0,0,0,0,0,0,0,0],"sum_hessian":[9E0,2E0,7E0,1E0,1E0,6E0,1E0,3E0,3E0,2E0,1E0,2E0,1E0],"tree_param":{"num_deleted":"0","num_feature":"2","num_nodes":"13","size_leaf_vector":"1"}},{"base_weights":[-8.569336E-3,-2.722753E-1,9.139156E-2,-3.2323457E-2,-8.517838E-3,1.7223904E-2,3.052826E-2,-1.9420624E-2,4.9562454E-2,-2.1970114E-3,-5.886078E-4,2.1034242E-3,6.757355E-3],"categories":[],"categories_nodes":[],"categories_segments":[],"categories_sizes":[],"default_left":[0,0,0,0,0,0,0,0,0,0,0,0,0],"id":71,"left_children":[1,3,5,-1,-1,7,-1,9,11,-1,-1,-1,-1],"loss_changes":[2.884865E-1,1.0703653E-3,1.2165223E-1,0E0,0E0,9.25775E-3,0E0,8.706935E-6,6.3393917E-4,0E0,0E0,0E0,0E0],"parents":[2147483647,0,0,1,1,2,2,5,5,7,7,8,8],"right_children":[2,4,6,-1,-1,8,-1,10,12,-1,-1,-1,-1],"split_conditions":[2.0125642E-1,9.9045515E-2,1E0,-3.2323457E-2,-8.517838E-3,5.0180185E-1,3.052826E-2,3.9839435E-1,9.0663826E-1,-2.1970114E-3,-5.886078E-4,2.1034242E-3,6.757355E-3],"split_indices":[0,0,0,0,0,0,0,0,0,0,0,0,0],"split_type":[0,0,0,0,0,0,0,0,0,0,0,0,0],"sum_hessian":[9E0,2E0,7E0,1E0,1E0,6E0,1E0,3E0,3E0,2E0,1E0,2E0,1E0],"tree_param":{"num_deleted":"0","num_feature":"2","num_nodes":"13","size_leaf_vector":"1"}},{"base_weights":[-8.137512E-3,-2.586619E-1,8.6826324E-2,-3.070717E-2,-8.0921175E-3,1.636832E-2,2.9001618E-2,-1.8175125E-2,4.6819687E-2,-2.0505271E-3,-5.5923464E-4,1.9630434E-3,6.4193727E-3],"categories":[],"categories_nodes":[],"categories_segments":[],"categories_sizes":[],"default_left":[0,0,0,0,0,0,0,0,0,0,0,0,0],"id":72,"left_children":[1,3,5,-1,-1,7,-1,9,11,-1,-1,-1,-1],"loss_changes":[2.6036626E-1,9.6456707E-4,1.0978374E-1,0E0,0E0,8.2142195E-3,0E0,2.6061898E-6,6.2939804E-4,0E0,0E0,0E0,0E0],"parents":[2147483647,0,0,1,1,2,2,5,5,7,7,8,8],"right_children":[2,4,6,-1,-1,8,-1,10,12,-1,-1,-1,-1],"split_conditions":[2.0125642E-1,9.9045515E-2,1E0,-3.070717E-2,-8.0921175E-3,5.0180185E-1,2.9001618E-2,3.9839435E-1,9.0663826E-1,-2.0505271E-3,-5.5923464E-4,1.9630434E-3,6.4193727E-3],"split_indices":[0,0,0,0,0,0,0,0,0,0,0,0,0],"split_type":[0,0,0,0,0,0,0,0,0,0,0,0,0],"sum_hessian":[9E0,2E0,7E0,1E0,1E0,6E0,1E0,3E0,3E0,2E0,1E0,2E0,1E0],"tree_param":{"num_deleted":"0","num_feature":"2","num_nodes":"13","size_leaf_vector":"1"}},{"base_weights":[-7.726288E-3,-2.4572754E-1,8.248997E-2,-2.9171754E-2,-7.687378E-3,1.5556335E-2,2.755127E-2,-1.7009735E-2,4.4233322E-2,-2.1995546E-3,-8.0159504E-4,1.8323263E-3,6.098175E-3],"categories":[],"categories_nodes":[],"categories_segments":[],"categories_sizes":[],"default_left":[0,0,0,0,0,0,0,0,0,0,0,0,0],"id":73,"left_children":[1,3,5,-1,-1,7,-1,9,11,-1,-1,-1,-1],"loss_changes":[2.3498587E-1,8.713156E-4,9.9071726E-2,0E0,0E0,7.2896746E-3,0E0,3.0500814E-6,6.1842613E-4,0E0,0E0,0E0,0E0],"parents":[2147483647,0,0,1,1,2,2,5,5,7,7,8,8],"right_children":[2,4,6,-1,-1,8,-1,10,12,-1,-1,-1,-1],"split_conditions":[2.0125642E-1,9.9045515E-2,1E0,-2.9171754E-2,-7.687378E-3,5.0180185E-1,2.755127E-2,3.011298E-1,9.0663826E-1,-2.1995546E-3,-8.0159504E-4,1.8323263E-3,6.098175E-3],"split_indices":[0,0,0,0,0,0,0,0,0,0,0,0,0],"split_type":[0,0,0,0,0,0,0,0,0,0,0,0,0],"sum_hessian":[9E0,2E0,7E0,1E0,1E0,6E0,1E0,3E0,3E0,1E0,2E0,2E0,1E0],"tree_param":{"num_deleted":"0","num_feature":"2","num_nodes":"13","size_leaf_vector":"1"}},{"base_weights":[-7.3921205E-3,-2.3343913E-1,7.829952E-2,-2.7713014E-2,-7.3028565E-3,1.47040235E-2,2.6173402E-2,-1.6059875E-2,4.1791916E-2,-2.089691E-3,-7.4818934E-4,1.710256E-3,5.792999E-3],"categories":[],"categories_nodes":[],"categories_segments":[],"categories_sizes":[],"default_left":[0,0,0,0,0,0,0,0,0,0,0,0,0],"id":74,"left_children":[1,3,5,-1,-1,7,-1,9,11,-1,-1,-1,-1],"loss_changes":[2.1198155E-1,7.8707933E-4,8.947632E-2,0E0,0E0,6.504478E-3,0E0,9.619631E-6,6.030034E-4,0E0,0E0,0E0,0E0],"parents":[2147483647,0,0,1,1,2,2,5,5,7,7,8,8],"right_children":[2,4,6,-1,-1,8,-1,10,12,-1,-1,-1,-1],"split_conditions":[2.0125642E-1,9.9045515E-2,1E0,-2.7713014E-2,-7.3028565E-3,5.0180185E-1,2.6173402E-2,3.011298E-1,9.0663826E-1,-2.089691E-3,-7.4818934E-4,1.710256E-3,5.792999E-3],"split_indices":[0,0,0,0,0,0,0,0,0,0,0,0,0],"split_type":[0,0,0,0,0,0,0,0,0,0,0,0,0],"sum_hessian":[9E0,2E0,7E0,1E0,1E0,6E0,1E0,3E0,3E0,1E0,2E0,2E0,1E0],"tree_param":{"num_deleted":"0","num_feature":"2","num_nodes":"13","size_leaf_vector":"1"}},{"base_weights":[-7.0709228E-3,-2.2176869E-1,7.432461E-2,-2.6327515E-2,-6.93779E-3,1.3899667E-2,2.486496E-2,-1.5163422E-2,3.948784E-2,-1.9851686E-3,-6.983439E-4,1.5963236E-3,5.503082E-3],"categories":[],"categories_nodes":[],"categories_segments":[],"categories_sizes":[],"default_left":[0,0,0,0,0,0,0,0,0,0,0,0,0],"id":75,"left_children":[1,3,5,-1,-1,7,-1,9,11,-1,-1,-1,-1],"loss_changes":[1.9123727E-1,7.1011484E-4,8.081247E-2,0E0,0E0,5.80447E-3,0E0,1.4766585E-5,5.840999E-4,0E0,0E0,0E0,0E0],"parents":[2147483647,0,0,1,1,2,2,5,5,7,7,8,8],"right_children":[2,4,6,-1,-1,8,-1,10,12,-1,-1,-1,-1],"split_conditions":[2.0125642E-1,9.9045515E-2,1E0,-2.6327515E-2,-6.93779E-3,5.0180185E-1,2.486496E-2,3.011298E-1,9.0663826E-1,-1.9851686E-3,-6.983439E-4,1.5963236E-3,5.503082E-3],"split_indices":[0,0,0,0,0,0,0,0,0,0,0,0,0],"split_type":[0,0,0,0,0,0,0,0,0,0,0,0,0],"sum_hessian":[9E0,2E0,7E0,1E0,1E0,6E0,1E0,3E0,3E0,1E0,2E0,2E0,1E0],"tree_param":{"num_deleted":"0","num_feature":"2","num_nodes":"13","size_leaf_vector":"1"}},{"base_weights":[-6.7626955E-3,-2.1068065E-1,7.055187E-2,-2.5011063E-2,-6.591034E-3,1.3141087E-2,2.362137E-2,-1.4316559E-2,3.731346E-2,-1.8859863E-3,-6.515503E-4,1.4900208E-3,5.227661E-3],"categories":[],"categories_nodes":[],"categories_segments":[],"categories_sizes":[],"default_left":[0,0,0,0,0,0,0,0,0,0,0,0,0],"id":76,"left_children":[1,3,5,-1,-1,7,-1,9,11,-1,-1,-1,-1],"loss_changes":[1.7252219E-1,6.400049E-4,7.29821E-2,0E0,0E0,5.180216E-3,0E0,1.8888793E-5,5.625589E-4,0E0,0E0,0E0,0E0],"parents":[2147483647,0,0,1,1,2,2,5,5,7,7,8,8],"right_children":[2,4,6,-1,-1,8,-1,10,12,-1,-1,-1,-1],"split_conditions":[2.0125642E-1,9.9045515E-2,1E0,-2.5011063E-2,-6.591034E-3,5.0180185E-1,2.362137E-2,3.011298E-1,9.0663826E-1,-1.8859863E-3,-6.515503E-4,1.4900208E-3,5.227661E-3],"split_indices":[0,0,0,0,0,0,0,0,0,0,0,0,0],"split_type":[0,0,0,0,0,0,0,0,0,0,0,0,0],"sum_hessian":[9E0,2E0,7E0,1E0,1E0,6E0,1E0,3E0,3E0,1E0,2E0,2E0,1E0],"tree_param":{"num_deleted":"0","num_feature":"2","num_nodes":"13","size_leaf_vector":"1"}},{"base_weights":[-6.467438E-3,-2.0014699E-1,6.6970825E-2,-2.3760606E-2,-6.261444E-3,1.24228345E-2,2.2440339E-2,-1.3521194E-2,3.5261154E-2,-1.7917634E-3,-6.0831703E-4,1.3908386E-3,4.965973E-3],"categories":[],"categories_nodes":[],"categories_segments":[],"categories_sizes":[],"default_left":[0,0,0,0,0,0,0,0,0,0,0,0,0],"id":77,"left_children":[1,3,5,-1,-1,7,-1,9,11,-1,-1,-1,-1],"loss_changes":[1.556389E-1,5.77949E-4,6.591331E-2,0E0,0E0,4.6243994E-3,0E0,2.180721E-5,5.391105E-4,0E0,0E0,0E0,0E0],"parents":[2147483647,0,0,1,1,2,2,5,5,7,7,8,8],"right_children":[2,4,6,-1,-1,8,-1,10,12,-1,-1,-1,-1],"split_conditions":[2.0125642E-1,9.9045515E-2,1E0,-2.3760606E-2,-6.261444E-3,5.0180185E-1,2.2440339E-2,3.011298E-1,9.0663826E-1,-1.7917634E-3,-6.0831703E-4,1.3908386E-3,4.965973E-3],"split_indices":[0,0,0,0,0,0,0,0,0,0,0,0,0],"split_type":[0,0,0,0,0,0,0,0,0,0,0,0,0],"sum_hessian":[9E0,2E0,7E0,1E0,1E0,6E0,1E0,3E0,3E0,1E0,2E0,2E0,1E0],"tree_param":{"num_deleted":"0","num_feature":"2","num_nodes":"13","size_leaf_vector":"1"}},{"base_weights":[-6.1820983E-3,-1.9013977E-1,6.357479E-2,-2.257271E-2,-5.9482576E-3,1.1748178E-2,2.1318054E-2,-1.2767792E-2,3.3327103E-2,-1.702118E-3,-5.6762696E-4,1.2982687E-3,4.7180178E-3],"categories":[],"categories_nodes":[],"categories_segments":[],"categories_sizes":[],"default_left":[0,0,0,0,0,0,0,0,0,0,0,0,0],"id":78,"left_children":[1,3,5,-1,-1,7,-1,9,11,-1,-1,-1,-1],"loss_changes":[1.4041124E-1,5.2239E-4,5.9523996E-2,0E0,0E0,4.1287113E-3,0E0,2.4035166E-5,5.148053E-4,0E0,0E0,0E0,0E0],"parents":[2147483647,0,0,1,1,2,2,5,5,7,7,8,8],"right_children":[2,4,6,-1,-1,8,-1,10,12,-1,-1,-1,-1],"split_conditions":[2.0125642E-1,9.9045515E-2,1E0,-2.257271E-2,-5.9482576E-3,5.0180185E-1,2.1318054E-2,3.011298E-1,9.0663826E-1,-1.702118E-3,-5.6762696E-4,1.2982687E-3,4.7180178E-3],"split_indices":[0,0,0,0,0,0,0,0,0,0,0,0,0],"split_type":[0,0,0,0,0,0,0,0,0,0,0,0,0],"sum_hessian":[9E0,2E0,7E0,1E0,1E0,6E0,1E0,3E0,3E0,1E0,2E0,2E0,1E0],"tree_param":{"num_deleted":"0","num_feature":"2","num_nodes":"13","size_leaf_vector":"1"}},{"base_weights":[-5.908966E-3,-1.80631E-1,6.0350418E-2,-2.1443939E-2,-5.6507112E-3,1.1108398E-2,2.0252228E-2,-1.2060165E-2,3.1499863E-2,-1.6170501E-3,-5.299886E-4,1.2118022E-3,4.4822693E-3],"categories":[],"categories_nodes":[],"categories_segments":[],"categories_sizes":[],"default_left":[0,0,0,0,0,0,0,0,0,0,0,0,0],"id":79,"left_children":[1,3,5,-1,-1,7,-1,9,11,-1,-1,-1,-1],"loss_changes":[1.266709E-1,4.7193468E-4,5.375694E-2,0E0,0E0,3.6869799E-3,0E0,2.5446236E-5,4.8972154E-4,0E0,0E0,0E0,0E0],"parents":[2147483647,0,0,1,1,2,2,5,5,7,7,8,8],"right_children":[2,4,6,-1,-1,8,-1,10,12,-1,-1,-1,-1],"split_conditions":[2.0125642E-1,9.9045515E-2,1E0,-2.1443939E-2,-5.6507112E-3,5.0180185E-1,2.0252228E-2,3.011298E-1,9.0663826E-1,-1.6170501E-3,-5.299886E-4,1.2118022E-3,4.4822693E-3],"split_indices":[0,0,0,0,0,0,0,0,0,0,0,0,0],"split_type":[0,0,0,0,0,0,0,0,0,0,0,0,0],"sum_hessian":[9E0,2E0,7E0,1E0,1E0,6E0,1E0,3E0,3E0,1E0,2E0,2E0,1E0],"tree_param":{"num_deleted":"0","num_feature":"2","num_nodes":"13","size_leaf_vector":"1"}},{"base_weights":[-5.6480407E-3,-1.715978E-1,5.7289124E-2,-2.0371629E-2,-5.3680423E-3,1.0502406E-2,1.9239808E-2,-1.1392593E-2,2.9771805E-2,-1.5361786E-3,-4.948934E-4,1.1309306E-3,4.2579654E-3],"categories":[],"categories_nodes":[],"categories_segments":[],"categories_sizes":[],"default_left":[0,0,0,0,0,0,0,0,0,0,0,0,0],"id":80,"left_children":[1,3,5,-1,-1,7,-1,9,11,-1,-1,-1,-1],"loss_changes":[1.14274755E-1,4.2640418E-4,4.854979E-2,0E0,0E0,3.2925024E-3,0E0,2.628006E-5,4.6431297E-4,0E0,0E0,0E0,0E0],"parents":[2147483647,0,0,1,1,2,2,5,5,7,7,8,8],"right_children":[2,4,6,-1,-1,8,-1,10,12,-1,-1,-1,-1],"split_conditions":[2.0125642E-1,9.9045515E-2,1E0,-2.0371629E-2,-5.3680423E-3,5.0180185E-1,1.9239808E-2,3.011298E-1,9.0663826E-1,-1.5361786E-3,-4.948934E-4,1.1309306E-3,4.2579654E-3],"split_indices":[0,0,0,0,0,0,0,0,0,0,0,0,0],"split_type":[0,0,0,0,0,0,0,0,0,0,0,0,0],"sum_hessian":[9E0,2E0,7E0,1E0,1E0,6E0,1E0,3E0,3E0,1E0,2E0,2E0,1E0],"tree_param":{"num_deleted":"0","num_feature":"2","num_nodes":"13","size_leaf_vector":"1"}},{"base_weights":[-5.397034E-3,-1.6301727E-1,5.4385185E-2,-1.9353105E-2,-5.0994875E-3,9.932382E-3,1.827774E-2,-6.4086914E-3,3.385671E-2,-1.0761261E-2,5.5007933E-4,1.0334015E-3,4.045105E-3,-1.4595032E-3,-4.6183268E-4],"categories":[],"categories_nodes":[],"categories_segments":[],"categories_sizes":[],"default_left":[0,0,0,0,0,0,0,0,0,0,0,0,0,0,0],"id":81,"left_children":[1,3,5,-1,-1,7,-1,9,11,13,-1,-1,-1,-1,-1],"loss_changes":[1.030946E-1,3.8558245E-4,4.384374E-2,0E0,0E0,2.9536216E-3,0E0,3.1837978E-4,4.7328183E-5,2.679776E-5,0E0,0E0,0E0,0E0,0E0],"parents":[2147483647,0,0,1,1,2,2,5,5,7,7,8,8,9,9],"right_children":[2,4,6,-1,-1,8,-1,10,12,14,-1,-1,-1,-1,-1],"split_conditions":[2.0125642E-1,9.9045515E-2,1E0,-1.9353105E-2,-5.0994875E-3,7.0108247E-1,1.827774E-2,5.0180185E-1,9.0663826E-1,3.011298E-1,5.5007933E-4,1.0334015E-3,4.045105E-3,-1.4595032E-3,-4.6183268E-4],"split_indices":[0,0,0,0,0,0,0,0,0,0,0,0,0,0,0],"split_type":[0,0,0,0,0,0,0,0,0,0,0,0,0,0,0],"sum_hessian":[9E0,2E0,7E0,1E0,1E0,6E0,1E0,4E0,2E0,3E0,1E0,1E0,1E0,1E0,2E0],"tree_param":{"num_deleted":"0","num_feature":"2","num_nodes":"15","size_leaf_vector":"1"}},{"base_weights":[-5.103302E-3,-1.5486653E-1,5.1695824E-2,-1.8385315E-2,-4.8446655E-3,9.470259E-3,1.736374E-2,-6.0409545E-3,3.2165527E-2,-1.0164261E-2,5.226135E-4,9.81903E-4,3.8429261E-3,-1.3866425E-3,-4.308065E-4],"categories":[],"categories_nodes":[],"categories_segments":[],"categories_sizes":[],"default_left":[0,0,0,0,0,0,0,0,0,0,0,0,0,0,0],"id":82,"left_children":[1,3,5,-1,-1,7,-1,9,11,13,-1,-1,-1,-1,-1],"loss_changes":[9.3070164E-2,3.4718215E-4,3.9548025E-2,0E0,0E0,2.6585285E-3,0E0,2.854081E-4,4.2579137E-5,2.6984955E-5,0E0,0E0,0E0,0E0,0E0],"parents":[2147483647,0,0,1,1,2,2,5,5,7,7,8,8,9,9],"right_children":[2,4,6,-1,-1,8,-1,10,12,14,-1,-1,-1,-1,-1],"split_conditions":[2.0125642E-1,9.9045515E-2,1E0,-1.8385315E-2,-4.8446655E-3,7.0108247E-1,1.736374E-2,5.0180185E-1,9.0663826E-1,3.011298E-1,5.226135E-4,9.81903E-4,3.8429261E-3,-1.3866425E-3,-4.308065E-4],"split_indices":[0,0,0,0,0,0,0,0,0,0,0,0,0,0,0],"split_type":[0,0,0,0,0,0,0,0,0,0,0,0,0,0,0],"sum_hessian":[9E0,2E0,7E0,1E0,1E0,6E0,1E0,4E0,2E0,3E0,1E0,1E0,1E0,1E0,2E0],"tree_param":{"num_deleted":"0","num_feature":"2","num_nodes":"15","size_leaf_vector":"1"}},{"base_weights":[-4.827118E-3,-1.471227E-1,4.9137115E-2,-1.7465973E-2,-4.6024323E-3,9.026663E-3,1.6495515E-2,-5.696106E-3,3.0555725E-2,-9.6035E-3,4.966736E-4,9.326935E-4,3.6506653E-3,-1.317215E-3,-4.023234E-4],"categories":[],"categories_nodes":[],"categories_segments":[],"categories_sizes":[],"default_left":[0,0,0,0,0,0,0,0,0,0,0,0,0,0,0],"id":83,"left_children":[1,3,5,-1,-1,7,-1,9,11,13,-1,-1,-1,-1,-1],"loss_changes":[8.40179E-2,3.132522E-4,3.5675112E-2,0E0,0E0,2.3928205E-3,0E0,2.5601767E-4,3.8497616E-5,2.6661437E-5,0E0,0E0,0E0,0E0,0E0],"parents":[2147483647,0,0,1,1,2,2,5,5,7,7,8,8,9,9],"right_children":[2,4,6,-1,-1,8,-1,10,12,14,-1,-1,-1,-1,-1],"split_conditions":[2.0125642E-1,9.9045515E-2,1E0,-1.7465973E-2,-4.6024323E-3,7.0108247E-1,1.6495515E-2,5.0180185E-1,9.0663826E-1,3.011298E-1,4.966736E-4,9.326935E-4,3.6506653E-3,-1.317215E-3,-4.023234E-4],"split_indices":[0,0,0,0,0,0,0,0,0,0,0,0,0,0,0],"split_type":[0,0,0,0,0,0,0,0,0,0,0,0,0,0,0],"sum_hessian":[9E0,2E0,7E0,1E0,1E0,6E0,1E0,4E0,2E0,3E0,1E0,1E0,1E0,1E0,2E0],"tree_param":{"num_deleted":"0","num_feature":"2","num_nodes":"15","size_leaf_vector":"1"}},{"base_weights":[-4.5646667E-3,-1.3976796E-1,4.6707153E-2,-1.659279E-2,-4.3724063E-3,8.605957E-3,1.5670776E-2,-5.369568E-3,2.9029846E-2,-9.07135E-3,4.7187807E-4,8.861542E-4,3.4683228E-3,-1.2512207E-3,-3.7536622E-4],"categories":[],"categories_nodes":[],"categories_segments":[],"categories_sizes":[],"default_left":[0,0,0,0,0,0,0,0,0,0,0,0,0,0,0],"id":84,"left_children":[1,3,5,-1,-1,7,-1,9,11,13,-1,-1,-1,-1,-1],"loss_changes":[7.5849354E-2,2.8245896E-4,3.2180615E-2,0E0,0E0,2.1539198E-3,0E0,2.2953005E-4,3.4710392E-5,2.6223017E-5,0E0,0E0,0E0,0E0,0E0],"parents":[2147483647,0,0,1,1,2,2,5,5,7,7,8,8,9,9],"right_children":[2,4,6,-1,-1,8,-1,10,12,14,-1,-1,-1,-1,-1],"split_conditions":[2.0125642E-1,9.9045515E-2,1E0,-1.659279E-2,-4.3724063E-3,7.0108247E-1,1.5670776E-2,5.0180185E-1,9.0663826E-1,3.011298E-1,4.7187807E-4,8.861542E-4,3.4683228E-3,-1.2512207E-3,-3.7536622E-4],"split_indices":[0,0,0,0,0,0,0,0,0,0,0,0,0,0,0],"split_type":[0,0,0,0,0,0,0,0,0,0,0,0,0,0,0],"sum_hessian":[9E0,2E0,7E0,1E0,1E0,6E0,1E0,4E0,2E0,3E0,1E0,1E0,1E0,1E0,2E0],"tree_param":{"num_deleted":"0","num_feature":"2","num_nodes":"15","size_leaf_vector":"1"}},{"base_weights":[-4.3174746E-3,-1.3277943E-1,4.4395447E-2,-1.5763093E-2,-4.153824E-3,8.202689E-3,1.4887238E-2,-5.064392E-3,2.7580261E-2,-8.571625E-3,4.4822693E-4,8.419037E-4,3.2951355E-3,-1.1886597E-3,-3.5044353E-4],"categories":[],"categories_nodes":[],"categories_segments":[],"categories_sizes":[],"default_left":[0,0,0,0,0,0,0,0,0,0,0,0,0,0,0],"id":85,"left_children":[1,3,5,-1,-1,7,-1,9,11,13,-1,-1,-1,-1,-1],"loss_changes":[6.847238E-2,2.547279E-4,2.9029313E-2,0E0,0E0,1.9392641E-3,0E0,2.0583214E-4,3.133132E-5,2.5534566E-5,0E0,0E0,0E0,0E0,0E0],"parents":[2147483647,0,0,1,1,2,2,5,5,7,7,8,8,9,9],"right_children":[2,4,6,-1,-1,8,-1,10,12,14,-1,-1,-1,-1,-1],"split_conditions":[2.0125642E-1,9.9045515E-2,1E0,-1.5763093E-2,-4.153824E-3,7.0108247E-1,1.4887238E-2,5.0180185E-1,9.0663826E-1,3.011298E-1,4.4822693E-4,8.419037E-4,3.2951355E-3,-1.1886597E-3,-3.5044353E-4],"split_indices":[0,0,0,0,0,0,0,0,0,0,0,0,0,0,0],"split_type":[0,0,0,0,0,0,0,0,0,0,0,0,0,0,0],"sum_hessian":[9E0,2E0,7E0,1E0,1E0,6E0,1E0,4E0,2E0,3E0,1E0,1E0,1E0,1E0,2E0],"tree_param":{"num_deleted":"0","num_feature":"2","num_nodes":"15","size_leaf_vector":"1"}},{"base_weights":[-4.084778E-3,-1.2614186E-1,4.2197227E-2,-1.4974976E-2,-3.9463043E-3,7.817949E-3,1.4142609E-2,-4.776001E-3,2.6201883E-2,-8.098602E-3,4.257202E-4,7.99942E-4,3.1303407E-3,-1.1291504E-3,-3.270467E-4],"categories":[],"categories_nodes":[],"categories_segments":[],"categories_sizes":[],"default_left":[0,0,0,0,0,0,0,0,0,0,0,0,0,0,0],"id":86,"left_children":[1,3,5,-1,-1,7,-1,9,11,13,-1,-1,-1,-1,-1],"loss_changes":[6.1813306E-2,2.2932515E-4,2.6185673E-2,0E0,0E0,1.7458247E-3,0E0,1.8454605E-4,2.8171577E-5,2.473456E-5,0E0,0E0,0E0,0E0,0E0],"parents":[2147483647,0,0,1,1,2,2,5,5,7,7,8,8,9,9],"right_children":[2,4,6,-1,-1,8,-1,10,12,14,-1,-1,-1,-1,-1],"split_conditions":[2.0125642E-1,9.9045515E-2,1E0,-1.4974976E-2,-3.9463043E-3,7.0108247E-1,1.4142609E-2,5.0180185E-1,9.0663826E-1,3.011298E-1,4.257202E-4,7.99942E-4,3.1303407E-3,-1.1291504E-3,-3.270467E-4],"split_indices":[0,0,0,0,0,0,0,0,0,0,0,0,0,0,0],"split_type":[0,0,0,0,0,0,0,0,0,0,0,0,0,0,0],"sum_hessian":[9E0,2E0,7E0,1E0,1E0,6E0,1E0,4E0,2E0,3E0,1E0,1E0,1E0,1E0,2E0],"tree_param":{"num_deleted":"0","num_feature":"2","num_nodes":"15","size_leaf_vector":"1"}},{"base_weights":[-3.8642883E-3,-1.198349E-1,4.0107727E-2,-1.4226151E-2,-3.7490844E-3,7.4506486E-3,1.3435364E-2,-4.5043947E-3,2.4892172E-2,-7.6522827E-3,4.043579E-4,7.598877E-4,2.9739381E-3,-1.0726929E-3,-3.0517578E-4],"categories":[],"categories_nodes":[],"categories_segments":[],"categories_sizes":[],"default_left":[0,0,0,0,0,0,0,0,0,0,0,0,0,0,0],"id":87,"left_children":[1,3,5,-1,-1,7,-1,9,11,13,-1,-1,-1,-1,-1],"loss_changes":[5.580092E-2,2.065897E-4,2.3621347E-2,0E0,0E0,1.5717234E-3,0E0,1.6548294E-4,2.548669E-5,2.3843953E-5,0E0,0E0,0E0,0E0,0E0],"parents":[2147483647,0,0,1,1,2,2,5,5,7,7,8,8,9,9],"right_children":[2,4,6,-1,-1,8,-1,10,12,14,-1,-1,-1,-1,-1],"split_conditions":[2.0125642E-1,9.9045515E-2,1E0,-1.4226151E-2,-3.7490844E-3,7.0108247E-1,1.3435364E-2,5.0180185E-1,9.0663826E-1,3.011298E-1,4.043579E-4,7.598877E-4,2.9739381E-3,-1.0726929E-3,-3.0517578E-4],"split_indices":[0,0,0,0,0,0,0,0,0,0,0,0,0,0,0],"split_type":[0,0,0,0,0,0,0,0,0,0,0,0,0,0,0],"sum_hessian":[9E0,2E0,7E0,1E0,1E0,6E0,1E0,4E0,2E0,3E0,1E0,1E0,1E0,1E0,2E0],"tree_param":{"num_deleted":"0","num_feature":"2","num_nodes":"15","size_leaf_vector":"1"}},{"base_weights":[-3.655243E-3,-1.13843285E-1,3.8122177E-2,-1.351471E-2,-3.5617829E-3,7.0996964E-3,1.2763977E-2,-4.248047E-3,2.3646036E-2,-7.2307587E-3,3.8414003E-4,7.217407E-4,2.825165E-3,-1.0189057E-3,-2.8483075E-4],"categories":[],"categories_nodes":[],"categories_segments":[],"categories_sizes":[],"default_left":[0,0,0,0,0,0,0,0,0,0,0,0,0,0,0],"id":88,"left_children":[1,3,5,-1,-1,7,-1,9,11,13,-1,-1,-1,-1,-1],"loss_changes":[5.0373677E-2,1.8585101E-4,2.1310259E-2,0E0,0E0,1.4147948E-3,0E0,1.4841868E-4,2.3088069E-5,2.2836815E-5,0E0,0E0,0E0,0E0,0E0],"parents":[2147483647,0,0,1,1,2,2,5,5,7,7,8,8,9,9],"right_children":[2,4,6,-1,-1,8,-1,10,12,14,-1,-1,-1,-1,-1],"split_conditions":[2.0125642E-1,9.9045515E-2,1E0,-1.351471E-2,-3.5617829E-3,7.0108247E-1,1.2763977E-2,5.0180185E-1,9.0663826E-1,3.011298E-1,3.8414003E-4,7.217407E-4,2.825165E-3,-1.0189057E-3,-2.8483075E-4],"split_indices":[0,0,0,0,0,0,0,0,0,0,0,0,0,0,0],"split_type":[0,0,0,0,0,0,0,0,0,0,0,0,0,0,0],"sum_hessian":[9E0,2E0,7E0,1E0,1E0,6E0,1E0,4E0,2E0,3E0,1E0,1E0,1E0,1E0,2E0],"tree_param":{"num_deleted":"0","num_feature":"2","num_nodes":"15","size_leaf_vector":"1"}},{"base_weights":[-3.4576417E-3,-1.08151756E-1,3.6234856E-2,-1.2839126E-2,-3.3836365E-3,6.765093E-3,1.212616E-2,-4.006958E-3,2.246348E-2,-6.83403E-3,3.6506655E-4,6.855011E-4,2.6840211E-3,-9.677887E-4,-2.6601154E-4],"categories":[],"categories_nodes":[],"categories_segments":[],"categories_sizes":[],"default_left":[0,0,0,0,0,0,0,0,0,0,0,0,0,0,0],"id":89,"left_children":[1,3,5,-1,-1,7,-1,9,11,13,-1,-1,-1,-1,-1],"loss_changes":[4.547457E-2,1.680255E-4,1.9225396E-2,0E0,0E0,1.273737E-3,0E0,1.3319202E-4,2.0952197E-5,2.173576E-5,0E0,0E0,0E0,0E0,0E0],"parents":[2147483647,0,0,1,1,2,2,5,5,7,7,8,8,9,9],"right_children":[2,4,6,-1,-1,8,-1,10,12,14,-1,-1,-1,-1,-1],"split_conditions":[2.0125642E-1,9.9045515E-2,1E0,-1.2839126E-2,-3.3836365E-3,7.0108247E-1,1.212616E-2,5.0180185E-1,9.0663826E-1,3.011298E-1,3.6506655E-4,6.855011E-4,2.6840211E-3,-9.677887E-4,-2.6601154E-4],"split_indices":[0,0,0,0,0,0,0,0,0,0,0,0,0,0,0],"split_type":[0,0,0,0,0,0,0,0,0,0,0,0,0,0,0],"sum_hessian":[9E0,2E0,7E0,1E0,1E0,6E0,1E0,4E0,2E0,3E0,1E0,1E0,1E0,1E0,2E0],"tree_param":{"num_deleted":"0","num_feature":"2","num_nodes":"15","size_leaf_vector":"1"}},{"base_weights":[-3.2714843E-3,-1.02742516E-1,3.4439087E-2,-1.2197114E-2,-3.214264E-3,6.4457483E-3,1.1519623E-2,-3.779602E-3,2.1339417E-2,-7.8353885E-4,1.5360514E-3,6.511688E-4,2.5497437E-3,-1.1634827E-4,3.46756E-4],"categories":[],"categories_nodes":[],"categories_segments":[],"categories_sizes":[],"default_left":[0,0,0,0,0,0,0,0,0,0,0,0,0,0,0],"id":90,"left_children":[1,3,5,-1,-1,7,-1,9,11,-1,13,-1,-1,-1,-1],"loss_changes":[4.104945E-2,1.5214086E-4,1.734277E-2,0E0,0E0,1.1467054E-3,0E0,1.19831326E-4,1.8930645E-5,0E0,1.9676963E-5,0E0,0E0,0E0,0E0],"parents":[2147483647,0,0,1,1,2,2,5,5,7,7,8,8,10,10],"right_children":[2,4,6,-1,-1,8,-1,10,12,-1,14,-1,-1,-1,-1],"split_conditions":[2.0125642E-1,9.9045515E-2,1E0,-1.2197114E-2,-3.214264E-3,7.0108247E-1,1.1519623E-2,3.9839435E-1,9.0663826E-1,-7.8353885E-4,5.0180185E-1,6.511688E-4,2.5497437E-3,-1.1634827E-4,3.46756E-4],"split_indices":[0,0,0,0,0,0,0,0,0,0,0,0,0,0,0],"split_type":[0,0,0,0,0,0,0,0,0,0,0,0,0,0,0],"sum_hessian":[9E0,2E0,7E0,1E0,1E0,6E0,1E0,4E0,2E0,2E0,2E0,1E0,1E0,1E0,1E0],"tree_param":{"num_deleted":"0","num_feature":"2","num_nodes":"15","size_leaf_vector":"1"}},{"base_weights":[-3.0677796E-3,-9.7605385E-2,3.2767296E-2,-1.1587143E-2,-3.0536652E-3,6.1808997E-3,1.0943604E-2,-3.5110475E-3,2.0273844E-2,-6.0367584E-3,3.2958985E-4,6.187439E-4,2.4223328E-3,-8.8005065E-4,-2.1820069E-4],"categories":[],"categories_nodes":[],"categories_segments":[],"categories_sizes":[],"default_left":[0,0,0,0,0,0,0,0,0,0,0,0,0,0,0],"id":91,"left_children":[1,3,5,-1,-1,7,-1,9,11,13,-1,-1,-1,-1,-1],"loss_changes":[3.707589E-2,1.369156E-4,1.563035E-2,0E0,0E0,1.027299E-3,0E0,1.0585843E-4,1.7021666E-5,2.3411485E-5,0E0,0E0,0E0,0E0,0E0],"parents":[2147483647,0,0,1,1,2,2,5,5,7,7,8,8,9,9],"right_children":[2,4,6,-1,-1,8,-1,10,12,14,-1,-1,-1,-1,-1],"split_conditions":[2.0125642E-1,9.9045515E-2,1E0,-1.1587143E-2,-3.0536652E-3,7.0108247E-1,1.0943604E-2,5.0180185E-1,9.0663826E-1,3.011298E-1,3.2958985E-4,6.187439E-4,2.4223328E-3,-8.8005065E-4,-2.1820069E-4],"split_indices":[0,0,0,0,0,0,0,0,0,0,0,0,0,0,0],"split_type":[0,0,0,0,0,0,0,0,0,0,0,0,0,0,0],"sum_hessian":[9E0,2E0,7E0,1E0,1E0,6E0,1E0,4E0,2E0,3E0,1E0,1E0,1E0,1E0,2E0],"tree_param":{"num_deleted":"0","num_feature":"2","num_nodes":"15","size_leaf_vector":"1"}},{"base_weights":[-2.9029846E-3,-9.272512E-2,3.1143188E-2,-1.1007691E-2,-2.9010773E-3,5.887713E-3,1.03965765E-2,-3.3126832E-3,1.9259134E-2,-6.945292E-3,1.4241537E-3,5.878449E-4,2.3010254E-3,-8.361816E-4,-2.0561219E-4,-9.95636E-5,3.1318664E-4],"categories":[],"categories_nodes":[],"categories_segments":[],"categories_sizes":[],"default_left":[0,0,0,0,0,0,0,0,0,0,0,0,0,0,0,0,0],"id":92,"left_children":[1,3,5,-1,-1,7,-1,9,11,13,15,-1,-1,-1,-1,-1,-1],"loss_changes":[3.3468753E-2,1.2325682E-4,1.410123E-2,0E0,0E0,9.2495605E-4,0E0,9.592653E-5,1.5313039E-5,3.5839766E-6,1.5515116E-5,0E0,0E0,0E0,0E0,0E0,0E0],"parents":[2147483647,0,0,1,1,2,2,5,5,7,7,8,8,9,9,10,10],"right_children":[2,4,6,-1,-1,8,-1,10,12,14,16,-1,-1,-1,-1,-1,-1],"split_conditions":[2.0125642E-1,9.9045515E-2,1E0,-1.1007691E-2,-2.9010773E-3,7.0108247E-1,1.03965765E-2,3.9839435E-1,9.0663826E-1,3.011298E-1,5.0180185E-1,5.878449E-4,2.3010254E-3,-8.361816E-4,-2.0561219E-4,-9.95636E-5,3.1318664E-4],"split_indices":[0,0,0,0,0,0,0,0,0,0,0,0,0,0,0,0,0],"split_type":[0,0,0,0,0,0,0,0,0,0,0,0,0,0,0,0,0],"sum_hessian":[9E0,2E0,7E0,1E0,1E0,6E0,1E0,4E0,2E0,2E0,2E0,1E0,1E0,1E0,1E0,1E0,1E0],"tree_param":{"num_deleted":"0","num_feature":"2","num_nodes":"17","size_leaf_vector":"1"}},{"base_weights":[-2.7572631E-3,-8.808899E-2,2.9586792E-2,-1.045723E-2,-2.7561188E-3,5.5934363E-3,9.877014E-3,-3.1463623E-3,1.8295288E-2,-6.5968833E-3,1.3529459E-3,5.584717E-4,2.1858215E-3,-7.9421996E-4,-1.953125E-4,-9.46045E-5,2.975464E-4],"categories":[],"categories_nodes":[],"categories_segments":[],"categories_sizes":[],"default_left":[0,0,0,0,0,0,0,0,0,0,0,0,0,0,0,0,0],"id":93,"left_children":[1,3,5,-1,-1,7,-1,9,11,13,15,-1,-1,-1,-1,-1,-1],"loss_changes":[3.0206012E-2,1.1095777E-4,1.2727061E-2,0E0,0E0,8.3464495E-4,0E0,8.6550004E-5,1.378858E-5,3.2298703E-6,1.40053835E-5,0E0,0E0,0E0,0E0,0E0,0E0],"parents":[2147483647,0,0,1,1,2,2,5,5,7,7,8,8,9,9,10,10],"right_children":[2,4,6,-1,-1,8,-1,10,12,14,16,-1,-1,-1,-1,-1,-1],"split_conditions":[2.0125642E-1,9.9045515E-2,1E0,-1.045723E-2,-2.7561188E-3,7.0108247E-1,9.877014E-3,3.9839435E-1,9.0663826E-1,3.011298E-1,5.0180185E-1,5.584717E-4,2.1858215E-3,-7.9421996E-4,-1.953125E-4,-9.46045E-5,2.975464E-4],"split_indices":[0,0,0,0,0,0,0,0,0,0,0,0,0,0,0,0,0],"split_type":[0,0,0,0,0,0,0,0,0,0,0,0,0,0,0,0,0],"sum_hessian":[9E0,2E0,7E0,1E0,1E0,6E0,1E0,4E0,2E0,2E0,2E0,1E0,1E0,1E0,1E0,1E0,1E0],"tree_param":{"num_deleted":"0","num_feature":"2","num_nodes":"17","size_leaf_vector":"1"}},{"base_weights":[-2.6184083E-3,-8.368429E-2,2.8108597E-2,-9.934234E-3,-2.6184083E-3,5.314418E-3,9.3833925E-3,-2.9891967E-3,1.7382303E-2,-6.266276E-3,1.2842814E-3,5.306244E-4,2.0767213E-3,-7.5454713E-4,-1.853943E-4,-9.002686E-5,2.8266906E-4],"categories":[],"categories_nodes":[],"categories_segments":[],"categories_sizes":[],"default_left":[0,0,0,0,0,0,0,0,0,0,0,0,0,0,0,0,0],"id":94,"left_children":[1,3,5,-1,-1,7,-1,9,11,13,15,-1,-1,-1,-1,-1,-1],"loss_changes":[2.7261365E-2,9.983778E-5,1.1486567E-2,0E0,0E0,7.5340865E-4,0E0,7.80703E-5,1.2433156E-5,2.9438306E-6,1.265319E-5,0E0,0E0,0E0,0E0,0E0,0E0],"parents":[2147483647,0,0,1,1,2,2,5,5,7,7,8,8,9,9,10,10],"right_children":[2,4,6,-1,-1,8,-1,10,12,14,16,-1,-1,-1,-1,-1,-1],"split_conditions":[2.0125642E-1,9.9045515E-2,1E0,-9.934234E-3,-2.6184083E-3,7.0108247E-1,9.3833925E-3,3.9839435E-1,9.0663826E-1,3.011298E-1,5.0180185E-1,5.306244E-4,2.0767213E-3,-7.5454713E-4,-1.853943E-4,-9.002686E-5,2.8266906E-4],"split_indices":[0,0,0,0,0,0,0,0,0,0,0,0,0,0,0,0,0],"split_type":[0,0,0,0,0,0,0,0,0,0,0,0,0,0,0,0,0],"sum_hessian":[9E0,2E0,7E0,1E0,1E0,6E0,1E0,4E0,2E0,2E0,2E0,1E0,1E0,1E0,1E0,1E0,1E0],"tree_param":{"num_deleted":"0","num_feature":"2","num_nodes":"17","size_leaf_vector":"1"}},{"base_weights":[-2.4879456E-3,-7.950083E-2,2.670288E-2,-9.437561E-3,-2.4875642E-3,5.0484794E-3,8.914185E-3,-2.8396607E-3,1.6512552E-2,-5.9534707E-3,1.2207031E-3,5.0392153E-4,1.9729615E-3,-7.1678165E-4,-1.7623902E-4,-8.544922E-5,2.685547E-4],"categories":[],"categories_nodes":[],"categories_segments":[],"categories_sizes":[],"default_left":[0,0,0,0,0,0,0,0,0,0,0,0,0,0,0,0,0],"id":95,"left_children":[1,3,5,-1,-1,7,-1,9,11,13,15,-1,-1,-1,-1,-1,-1],"loss_changes":[2.46036E-2,8.995831E-5,1.0366596E-2,0E0,0E0,6.7990157E-4,0E0,7.048344E-5,1.1309516E-5,2.6357666E-6,1.14142895E-5,0E0,0E0,0E0,0E0,0E0,0E0],"parents":[2147483647,0,0,1,1,2,2,5,5,7,7,8,8,9,9,10,10],"right_children":[2,4,6,-1,-1,8,-1,10,12,14,16,-1,-1,-1,-1,-1,-1],"split_conditions":[2.0125642E-1,9.9045515E-2,1E0,-9.437561E-3,-2.4875642E-3,7.0108247E-1,8.914185E-3,3.9839435E-1,9.0663826E-1,3.011298E-1,5.0180185E-1,5.0392153E-4,1.9729615E-3,-7.1678165E-4,-1.7623902E-4,-8.544922E-5,2.685547E-4],"split_indices":[0,0,0,0,0,0,0,0,0,0,0,0,0,0,0,0,0],"split_type":[0,0,0,0,0,0,0,0,0,0,0,0,0,0,0,0,0],"sum_hessian":[9E0,2E0,7E0,1E0,1E0,6E0,1E0,4E0,2E0,2E0,2E0,1E0,1E0,1E0,1E0,1E0,1E0],"tree_param":{"num_deleted":"0","num_feature":"2","num_nodes":"17","size_leaf_vector":"1"}},{"base_weights":[-2.3628236E-3,-7.552592E-2,2.536869E-2,-8.965683E-3,-2.363205E-3,4.7967094E-3,8.468628E-3,-2.697754E-3,1.5688578E-2,-5.6559243E-3,1.159668E-3,4.787445E-4,1.8745422E-3,-6.8092346E-4,-1.6746522E-4,-8.1253056E-5,2.5520325E-4],"categories":[],"categories_nodes":[],"categories_segments":[],"categories_sizes":[],"default_left":[0,0,0,0,0,0,0,0,0,0,0,0,0,0,0,0,0],"id":96,"left_children":[1,3,5,-1,-1,7,-1,9,11,13,15,-1,-1,-1,-1,-1,-1],"loss_changes":[2.2205228E-2,8.114986E-5,9.3560275E-3,0E0,0E0,6.1372493E-4,0E0,6.361355E-5,1.0226504E-5,2.371824E-6,1.0311662E-5,0E0,0E0,0E0,0E0,0E0,0E0],"parents":[2147483647,0,0,1,1,2,2,5,5,7,7,8,8,9,9,10,10],"right_children":[2,4,6,-1,-1,8,-1,10,12,14,16,-1,-1,-1,-1,-1,-1],"split_conditions":[2.0125642E-1,9.9045515E-2,1E0,-8.965683E-3,-2.363205E-3,7.0108247E-1,8.468628E-3,3.9839435E-1,9.0663826E-1,3.011298E-1,5.0180185E-1,4.787445E-4,1.8745422E-3,-6.8092346E-4,-1.6746522E-4,-8.1253056E-5,2.5520325E-4],"split_indices":[0,0,0,0,0,0,0,0,0,0,0,0,0,0,0,0,0],"split_type":[0,0,0,0,0,0,0,0,0,0,0,0,0,0,0,0,0],"sum_hessian":[9E0,2E0,7E0,1E0,1E0,6E0,1E0,4E0,2E0,2E0,2E0,1E0,1E0,1E0,1E0,1E0,1E0],"tree_param":{"num_deleted":"0","num_feature":"2","num_nodes":"17","size_leaf_vector":"1"}},{"base_weights":[-2.244568E-3,-7.174937E-2,2.4100304E-2,-8.517456E-3,-2.2449493E-3,4.5569283E-3,8.0451965E-3,-2.5619506E-3,1.4902751E-2,-5.3736367E-3,1.1037191E-3,4.5471193E-4,1.7807008E-3,-6.469727E-4,-1.5907288E-4,-7.705689E-5,2.4261475E-4],"categories":[],"categories_nodes":[],"categories_segments":[],"categories_sizes":[],"default_left":[0,0,0,0,0,0,0,0,0,0,0,0,0,0,0,0,0],"id":97,"left_children":[1,3,5,-1,-1,7,-1,9,11,13,15,-1,-1,-1,-1,-1,-1],"loss_changes":[2.0040132E-2,7.345434E-5,8.443799E-3,0E0,0E0,5.537347E-4,0E0,5.7464556E-5,9.255658E-6,2.1476371E-6,9.305349E-6,0E0,0E0,0E0,0E0,0E0,0E0],"parents":[2147483647,0,0,1,1,2,2,5,5,7,7,8,8,9,9,10,10],"right_children":[2,4,6,-1,-1,8,-1,10,12,14,16,-1,-1,-1,-1,-1,-1],"split_conditions":[2.0125642E-1,9.9045515E-2,1E0,-8.517456E-3,-2.2449493E-3,7.0108247E-1,8.0451965E-3,3.9839435E-1,9.0663826E-1,3.011298E-1,5.0180185E-1,4.5471193E-4,1.7807008E-3,-6.469727E-4,-1.5907288E-4,-7.705689E-5,2.4261475E-4],"split_indices":[0,0,0,0,0,0,0,0,0,0,0,0,0,0,0,0,0],"split_type":[0,0,0,0,0,0,0,0,0,0,0,0,0,0,0,0,0],"sum_hessian":[9E0,2E0,7E0,1E0,1E0,6E0,1E0,4E0,2E0,2E0,2E0,1E0,1E0,1E0,1E0,1E0,1E0],"tree_param":{"num_deleted":"0","num_feature":"2","num_nodes":"17","size_leaf_vector":"1"}},{"base_weights":[-2.1331788E-3,-6.816355E-2,2.289486E-2,-8.091736E-3,-2.1327974E-3,4.3280465E-3,7.6431273E-3,-2.4337769E-3,1.415507E-2,-5.104065E-3,1.0477701E-3,4.3182375E-4,1.6914367E-3,-6.1454775E-4,-1.5106202E-4,-7.324219E-5,2.3040772E-4],"categories":[],"categories_nodes":[],"categories_segments":[],"categories_sizes":[],"default_left":[0,0,0,0,0,0,0,0,0,0,0,0,0,0,0,0,0],"id":98,"left_children":[1,3,5,-1,-1,7,-1,9,11,13,15,-1,-1,-1,-1,-1,-1],"loss_changes":[1.8086703E-2,6.619096E-5,7.621206E-3,0E0,0E0,4.995904E-4,0E0,5.1831557E-5,8.388015E-6,1.9432919E-6,8.39696E-6,0E0,0E0,0E0,0E0,0E0,0E0],"parents":[2147483647,0,0,1,1,2,2,5,5,7,7,8,8,9,9,10,10],"right_children":[2,4,6,-1,-1,8,-1,10,12,14,16,-1,-1,-1,-1,-1,-1],"split_conditions":[2.0125642E-1,9.9045515E-2,1E0,-8.091736E-3,-2.1327974E-3,7.0108247E-1,7.6431273E-3,3.9839435E-1,9.0663826E-1,3.011298E-1,5.0180185E-1,4.3182375E-4,1.6914367E-3,-6.1454775E-4,-1.5106202E-4,-7.324219E-5,2.3040772E-4],"split_indices":[0,0,0,0,0,0,0,0,0,0,0,0,0,0,0,0,0],"split_type":[0,0,0,0,0,0,0,0,0,0,0,0,0,0,0,0,0],"sum_hessian":[9E0,2E0,7E0,1E0,1E0,6E0,1E0,4E0,2E0,2E0,2E0,1E0,1E0,1E0,1E0,1E0,1E0],"tree_param":{"num_deleted":"0","num_feature":"2","num_nodes":"17","size_leaf_vector":"1"}},{"base_weights":[-2.0256042E-3,-6.475321E-2,2.175045E-2,-7.6869964E-3,-2.0259859E-3,4.1122437E-3,7.260895E-3,-2.3101806E-3,1.3445537E-2,-4.8472085E-3,9.969076E-4,4.1007996E-4,1.6067505E-3,-5.836487E-4,-1.4343263E-4,-6.942749E-5,2.1896363E-4],"categories":[],"categories_nodes":[],"categories_segments":[],"categories_sizes":[],"default_left":[0,0,0,0,0,0,0,0,0,0,0,0,0,0,0,0,0],"id":99,"left_children":[1,3,5,-1,-1,7,-1,9,11,13,15,-1,-1,-1,-1,-1,-1],"loss_changes":[1.6322564E-2,5.9969723E-5,6.877836E-3,0E0,0E0,4.5065815E-4,0E0,4.67831E-5,7.615192E-6,1.7574421E-6,7.571575E-6,0E0,0E0,0E0,0E0,0E0,0E0],"parents":[2147483647,0,0,1,1,2,2,5,5,7,7,8,8,9,9,10,10],"right_children":[2,4,6,-1,-1,8,-1,10,12,14,16,-1,-1,-1,-1,-1,-1],"split_conditions":[2.0125642E-1,9.9045515E-2,1E0,-7.6869964E-3,-2.0259859E-3,7.0108247E-1,7.260895E-3,3.9839435E-1,9.0663826E-1,3.011298E-1,5.0180185E-1,4.1007996E-4,1.6067505E-3,-5.836487E-4,-1.4343263E-4,-6.942749E-5,2.1896363E-4],"split_indices":[0,0,0,0,0,0,0,0,0,0,0,0,0,0,0,0,0],"split_type":[0,0,0,0,0,0,0,0,0,0,0,0,0,0,0,0,0],"sum_hessian":[9E0,2E0,7E0,1E0,1E0,6E0,1E0,4E0,2E0,2E0,2E0,1E0,1E0,1E0,1E0,1E0,1E0],"tree_param":{"num_deleted":"0","num_feature":"2","num_nodes":"17","size_leaf_vector":"1"}}]},"name":"gbtree"},"learner_model_param":{"base_score":"1.0523333E2","boost_from_average":"1","num_class":"0","num_feature":"2","num_target":"1"},"objective":{"name":"reg:squarederror","reg_loss_param":{"scale_pos_weight":"1"}}},"version":[2,0,1]}