{"model_name": "KNeighborsRegressorTrainer_0", "trainer": "KNeighborsRegressorTrainer", "model_class": "scikit", "model_file": "KNeighborsRegressorTrainer_0.json", "features": ["bpf_block_irq", "bpf_cpu_time_ms", "bpf_net_rx_irq", "bpf_net_tx_irq", "bpf_page_cache_hit"], "fe_files": [], "output_type": "AbsPower", "mae": 5.73, "mape": -1, "node_type": 0, "machine_spec": {"processor": "11th_gen_intel_core", "cores": 8, "chips": 1, "memory": 31, "frequency": 4800}, "package_mae": 5.73, "core_mae": 4.93, "uncore_mae": 1.15, "dram_mae": 0.0, "package_mape": 34.12, "core_mape": 56.41, "uncore_mape": 1053.23, "dram_mape": -1}