{"package": {"All_Weights": {"Categorical_Variables": {}, "Numerical_Variables": {"bpf_cpu_time_ms": {"scale": 45123.33333333333}, "bpf_page_cache_hit": {"scale": 1.0}}, "CurveFit_Weights": [1208310.1365166705, 0.0002637781565293886, -1208095.918393298]}}, "core": {"All_Weights": {"Categorical_Variables": {}, "Numerical_Variables": {"bpf_cpu_time_ms": {"scale": 45123.33333333333}, "bpf_page_cache_hit": {"scale": 1.0}}, "CurveFit_Weights": [0.0, 1.0, 0.0]}}, "uncore": {"All_Weights": {"Categorical_Variables": {}, "Numerical_Variables": {"bpf_cpu_time_ms": {"scale": 45123.33333333333}, "bpf_page_cache_hit": {"scale": 1.0}}, "CurveFit_Weights": [0.0, 1.0, 0.0]}}, "dram": {"All_Weights": {"Categorical_Variables": {}, "Numerical_Variables": {"bpf_cpu_time_ms": {"scale": 45123.33333333333}, "bpf_page_cache_hit": {"scale": 1.0}}, "CurveFit_Weights": [865.370522610057, 1.0, -847.1969869258821]}}}