{"package": {"All_Weights": {"Categorical_Variables": {}, "Numerical_Variables": {"bpf_cpu_time_ms": {"scale": 45613.333333333336}, "bpf_page_cache_hit": {"scale": 1.0}}, "CurveFit_Weights": [1546076.3932615826, 0.0002045191654218496, -1545861.25024902]}}, "core": {"All_Weights": {"Categorical_Variables": {}, "Numerical_Variables": {"bpf_cpu_time_ms": {"scale": 45613.333333333336}, "bpf_page_cache_hit": {"scale": 1.0}}, "CurveFit_Weights": [0.0, 1.0, 0.0]}}, "uncore": {"All_Weights": {"Categorical_Variables": {}, "Numerical_Variables": {"bpf_cpu_time_ms": {"scale": 45613.333333333336}, "bpf_page_cache_hit": {"scale": 1.0}}, "CurveFit_Weights": [0.0, 1.0, 0.0]}}, "dram": {"All_Weights": {"Categorical_Variables": {}, "Numerical_Variables": {"bpf_cpu_time_ms": {"scale": 45613.333333333336}, "bpf_page_cache_hit": {"scale": 1.0}}, "CurveFit_Weights": [792.5602418877679, 1.0, -774.5908566661336]}}}