{"package": {"All_Weights": {"Categorical_Variables": {}, "Numerical_Variables": {"bpf_cpu_time_ms": {"scale": 45613.333333333336}, "bpf_page_cache_hit": {"scale": 1.0}}, "CurveFit_Weights": [82.3963572602427, 6246422.214613677, -809.1937155141864]}}, "core": {"All_Weights": {"Categorical_Variables": {}, "Numerical_Variables": {"bpf_cpu_time_ms": {"scale": 45613.333333333336}, "bpf_page_cache_hit": {"scale": 1.0}}, "CurveFit_Weights": [0.0, 1.0, 0.0]}}, "uncore": {"All_Weights": {"Categorical_Variables": {}, "Numerical_Variables": {"bpf_cpu_time_ms": {"scale": 45613.333333333336}, "bpf_page_cache_hit": {"scale": 1.0}}, "CurveFit_Weights": [0.0, 1.0, 0.0]}}, "dram": {"All_Weights": {"Categorical_Variables": {}, "Numerical_Variables": {"bpf_cpu_time_ms": {"scale": 45613.333333333336}, "bpf_page_cache_hit": {"scale": 1.0}}, "CurveFit_Weights": [7.468000000000757, 1.0, 17.871687229568884]}}}