{"package": {"All_Weights": {"Categorical_Variables": {}, "Numerical_Variables": {"bpf_cpu_time_ms": {"scale": 45123.33333333333}, "bpf_page_cache_hit": {"scale": 1.0}}, "CurveFit_Weights": [79.53501200546481, 9069190.30479495, -788.6493514108272]}}, "core": {"All_Weights": {"Categorical_Variables": {}, "Numerical_Variables": {"bpf_cpu_time_ms": {"scale": 45123.33333333333}, "bpf_page_cache_hit": {"scale": 1.0}}, "CurveFit_Weights": [0.0, 1.0, 0.0]}}, "uncore": {"All_Weights": {"Categorical_Variables": {}, "Numerical_Variables": {"bpf_cpu_time_ms": {"scale": 45123.33333333333}, "bpf_page_cache_hit": {"scale": 1.0}}, "CurveFit_Weights": [0.0, 1.0, 0.0]}}, "dram": {"All_Weights": {"Categorical_Variables": {}, "Numerical_Variables": {"bpf_cpu_time_ms": {"scale": 45123.33333333333}, "bpf_page_cache_hit": {"scale": 1.0}}, "CurveFit_Weights": [6.154333333333247, 1.0, 18.178934153459497]}}}