{"model_name": "SVRRegressorTrainer_0", "trainer": "SVRRegressorTrainer", "model_class": "scikit", "model_file": "SVRRegressorTrainer_0.json", "features": ["bpf_block_irq", "bpf_cpu_time_ms", "bpf_net_rx_irq", "bpf_net_tx_irq", "bpf_page_cache_hit"], "fe_files": [], "output_type": "AbsPower", "mae": 7.94, "mape": -1, "node_type": 0, "machine_spec": {"processor": "11th_gen_intel_core", "cores": 8, "chips": 1, "memory": 31, "frequency": 4800}, "package_mae": 7.94, "core_mae": 4.92, "uncore_mae": 1.25, "dram_mae": 0.0, "package_mape": 60.09, "core_mape": 52.61, "uncore_mape": 34106.45, "dram_mape": -1}