{"model_name": "ExponentialRegressionTrainer_0", "trainer": "ExponentialRegressionTrainer", "model_class": "curvefit", "model_file": "ExponentialRegressionTrainer_0.json", "features": ["bpf_cpu_time_ms", "bpf_page_cache_hit"], "fe_files": [], "output_type": "AbsPower", "mae": 3.78, "mape": -1, "node_type": 0, "machine_spec": {"processor": "11th_gen_intel_core", "cores": 8, "chips": 1, "memory": 31, "frequency": 4800}, "package_mae": 3.78, "core_mae": 3.76, "uncore_mae": 0.24, "dram_mae": 0.0, "package_mape": 22.69, "core_mape": 27.77, "uncore_mape": 202.27, "dram_mape": -1}