{"package": {"All_Weights": {"Bias_Weight": 215.91217560207485, "Categorical_Variables": {}, "Numerical_Variables": {"kubelet_cpu_usage": {"mean": 7.212174166302607, "variance": 420.0275514159066, "weight": 34.92666298584907}, "kubelet_memory_bytes": {"mean": 22912587.379641764, "variance": 1.1963713956742662e+17, "weight": -0.24399951019637317}}}}, "core": {"All_Weights": {"Bias_Weight": 0.0, "Categorical_Variables": {}, "Numerical_Variables": {"kubelet_cpu_usage": {"mean": 7.212174166302607, "variance": 420.0275514159066, "weight": 0.0}, "kubelet_memory_bytes": {"mean": 22912587.379641764, "variance": 1.1963713956742662e+17, "weight": 0.0}}}}, "uncore": {"All_Weights": {"Bias_Weight": 0.0, "Categorical_Variables": {}, "Numerical_Variables": {"kubelet_cpu_usage": {"mean": 7.212174166302607, "variance": 420.0275514159066, "weight": 0.0}, "kubelet_memory_bytes": {"mean": 22912587.379641764, "variance": 1.1963713956742662e+17, "weight": 0.0}}}}, "dram": {"All_Weights": {"Bias_Weight": 150.15671149099114, "Categorical_Variables": {}, "Numerical_Variables": {"kubelet_cpu_usage": {"mean": 7.212174166302607, "variance": 420.0275514159066, "weight": 2.2889781490615326}, "kubelet_memory_bytes": {"mean": 22912587.379641764, "variance": 1.1963713956742662e+17, "weight": 0.7888001355640122}}}}}