{"name": "ec2-0.7.11", "isolator": "min", "extractor": "default", "abs_trainers": ["PolynomialRegressionTrainer", "GradientBoostingRegressorTrainer", "KNeighborsRegressorTrainer", "LinearRegressionTrainer", "SVRRegressorTrainer", "XgboostFitTrainer", "SGDRegressorTrainer", "LogarithmicRegressionTrainer", "LogisticRegressionTrainer", "ExponentialRegressionTrainer", "PolynomialRegressionTrainer", "GradientBoostingRegressorTrainer", "KNeighborsRegressorTrainer", "LinearRegressionTrainer", "SVRRegressorTrainer", "XgboostFitTrainer", "SGDRegressorTrainer", "LogarithmicRegressionTrainer", "LogisticRegressionTrainer", "ExponentialRegressionTrainer", "PolynomialRegressionTrainer", "GradientBoostingRegressorTrainer", "KNeighborsRegressorTrainer", "LinearRegressionTrainer", "SVRRegressorTrainer", "XgboostFitTrainer", "SGDRegressorTrainer", "LogarithmicRegressionTrainer", "LogisticRegressionTrainer", "ExponentialRegressionTrainer", "PolynomialRegressionTrainer", "GradientBoostingRegressorTrainer", "KNeighborsRegressorTrainer", "LinearRegressionTrainer", "SVRRegressorTrainer", "XgboostFitTrainer", "SGDRegressorTrainer", "LogarithmicRegressionTrainer", "LogisticRegressionTrainer", "ExponentialRegressionTrainer", "PolynomialRegressionTrainer", "GradientBoostingRegressorTrainer", "KNeighborsRegressorTrainer", "LinearRegressionTrainer", "SVRRegressorTrainer", "XgboostFitTrainer", "SGDRegressorTrainer", "LogarithmicRegressionTrainer", "LogisticRegressionTrainer", "ExponentialRegressionTrainer", "PolynomialRegressionTrainer", "GradientBoostingRegressorTrainer", "KNeighborsRegressorTrainer", "LinearRegressionTrainer", "SVRRegressorTrainer", "XgboostFitTrainer", "SGDRegressorTrainer", "LogarithmicRegressionTrainer", "LogisticRegressionTrainer", "ExponentialRegressionTrainer", "PolynomialRegressionTrainer", "GradientBoostingRegressorTrainer", "KNeighborsRegressorTrainer", "LinearRegressionTrainer", "SVRRegressorTrainer", "XgboostFitTrainer", "SGDRegressorTrainer", "LogarithmicRegressionTrainer", "LogisticRegressionTrainer", "ExponentialRegressionTrainer", "PolynomialRegressionTrainer", "GradientBoostingRegressorTrainer", "KNeighborsRegressorTrainer", "LinearRegressionTrainer", "SVRRegressorTrainer", "XgboostFitTrainer", "SGDRegressorTrainer", "LogarithmicRegressionTrainer", "LogisticRegressionTrainer", "ExponentialRegressionTrainer"], "dyn_trainers": ["PolynomialRegressionTrainer", "GradientBoostingRegressorTrainer", "KNeighborsRegressorTrainer", "LinearRegressionTrainer", "SVRRegressorTrainer", "XgboostFitTrainer", "SGDRegressorTrainer", "LogarithmicRegressionTrainer", "LogisticRegressionTrainer", "ExponentialRegressionTrainer", "PolynomialRegressionTrainer", "GradientBoostingRegressorTrainer", "KNeighborsRegressorTrainer", "LinearRegressionTrainer", "SVRRegressorTrainer", "XgboostFitTrainer", "SGDRegressorTrainer", "LogarithmicRegressionTrainer", "LogisticRegressionTrainer", "ExponentialRegressionTrainer", "PolynomialRegressionTrainer", "GradientBoostingRegressorTrainer", "KNeighborsRegressorTrainer", "LinearRegressionTrainer", "SVRRegressorTrainer", "XgboostFitTrainer", "SGDRegressorTrainer", "LogarithmicRegressionTrainer", "LogisticRegressionTrainer", "ExponentialRegressionTrainer", "PolynomialRegressionTrainer", "GradientBoostingRegressorTrainer", "KNeighborsRegressorTrainer", "LinearRegressionTrainer", "SVRRegressorTrainer", "XgboostFitTrainer", "SGDRegressorTrainer", "LogarithmicRegressionTrainer", "LogisticRegressionTrainer", "ExponentialRegressionTrainer", "PolynomialRegressionTrainer", "GradientBoostingRegressorTrainer", "KNeighborsRegressorTrainer", "LinearRegressionTrainer", "SVRRegressorTrainer", "XgboostFitTrainer", "SGDRegressorTrainer", "LogarithmicRegressionTrainer", "LogisticRegressionTrainer", "ExponentialRegressionTrainer", "PolynomialRegressionTrainer", "GradientBoostingRegressorTrainer", "KNeighborsRegressorTrainer", "LinearRegressionTrainer", "SVRRegressorTrainer", "XgboostFitTrainer", "SGDRegressorTrainer", "LogarithmicRegressionTrainer", "LogisticRegressionTrainer", "ExponentialRegressionTrainer", "PolynomialRegressionTrainer", "GradientBoostingRegressorTrainer", "KNeighborsRegressorTrainer", "LinearRegressionTrainer", "SVRRegressorTrainer", "XgboostFitTrainer", "SGDRegressorTrainer", "LogarithmicRegressionTrainer", "LogisticRegressionTrainer", "ExponentialRegressionTrainer", "PolynomialRegressionTrainer", "GradientBoostingRegressorTrainer", "KNeighborsRegressorTrainer", "LinearRegressionTrainer", "SVRRegressorTrainer", "XgboostFitTrainer", "SGDRegressorTrainer", "LogarithmicRegressionTrainer", "LogisticRegressionTrainer", "ExponentialRegressionTrainer"], "init_time": "2024-08-14 07:11:03", "last_update_time": "2024-08-14 07:12:37", "publisher": "sunya-ch", "collect_time": "2024-07-25 21:05:43", "export_time": "2024-08-14 07:12:48"}