{"0": {"attrs": {"processor": "intel_xeon_platinum_8259cl", "cores": 96, "chips": 2, "memory": 377, "frequency": 3500}, "members": ["m5.metal-ami-0e4d0bb9670ea8db0"]}, "1": {"attrs": {"processor": "intel_xeon_e5_2686v4", "cores": 72, "chips": 2, "memory": 503, "frequency": 3000}, "members": ["i3.metal-ami-0e4d0bb9670ea8db0"]}, "2": {"attrs": {"processor": "intel_xeon_platinum_8275cl", "cores": 96, "chips": 2, "memory": 188, "frequency": 3900}, "members": ["c5.metal-ami-0e4d0bb9670ea8db0"]}, "3": {"attrs": {"processor": "intel_xeon_platinum_8259cl", "cores": 96, "chips": 2, "memory": 755, "frequency": 3500}, "members": ["r5.metal-ami-0e4d0bb9670ea8db0"]}, "4": {"attrs": {"processor": "intel_xeon_platinum_8252c", "cores": 48, "chips": 2, "memory": 188, "frequency": 4500}, "members": ["m5zn.metal-ami-0e4d0bb9670ea8db0"]}, "5": {"attrs": {"processor": "intel_xeon_platinum_8488c", "cores": 96, "chips": 1, "memory": 377, "frequency": 3800}, "members": ["m7i.metal-24xl-ami-0e4d0bb9670ea8db0"]}}