,Unnamed: 0,model_name,model_class,model_file,features,fe_files,output_type,mae,mape,package_mae,core_mae,uncore_mae,dram_mae,package_mape,core_mape,uncore_mape,dram_mape,trainer,node_type,feature_group
0,42,GradientBoostingRegressorTrainer_1,scikit,GradientBoostingRegressorTrainer_1.json,"['bpf_block_irq', 'bpf_cpu_time_ms', 'bpf_net_rx_irq', 'bpf_net_tx_irq', 'bpf_page_cache_hit']",[],AbsPower,4.85,1.88,4.85,0.0,0.0,0.42,4.09,-1,-1,1.88,GradientBoostingRegressorTrainer,1,BPFIRQ
1,10,LogarithmicRegressionTrainer_1,curvefit,LogarithmicRegressionTrainer_1.json,"['bpf_block_irq', 'bpf_cpu_time_ms', 'bpf_net_rx_irq', 'bpf_net_tx_irq', 'bpf_page_cache_hit']",[],AbsPower,8.62,18.14,8.62,0.0,0.0,3.64,9.47,-1,-1,18.14,LogarithmicRegressionTrainer,1,BPFIRQ
2,28,KNeighborsRegressorTrainer_1,scikit,KNeighborsRegressorTrainer_1.json,"['bpf_block_irq', 'bpf_cpu_time_ms', 'bpf_net_rx_irq', 'bpf_net_tx_irq', 'bpf_page_cache_hit']",[],AbsPower,10.03,6.5,10.03,0.0,0.0,1.31,8.13,-1,-1,6.5,KNeighborsRegressorTrainer,1,BPFIRQ
3,43,PolynomialRegressionTrainer_1,scikit,PolynomialRegressionTrainer_1.json,"['bpf_block_irq', 'bpf_cpu_time_ms', 'bpf_net_rx_irq', 'bpf_net_tx_irq', 'bpf_page_cache_hit']",['poly_scaler.pkl'],AbsPower,10.68,10.45,10.68,0.0,0.0,2.58,15.47,-1,-1,10.45,PolynomialRegressionTrainer,1,BPFIRQ
4,25,XgboostFitTrainer_1,xgboost,XgboostFitTrainer_1.json,"['bpf_block_irq', 'bpf_cpu_time_ms', 'bpf_net_rx_irq', 'bpf_net_tx_irq', 'bpf_page_cache_hit']",[],AbsPower,10.98,8.71,10.98,0.0,0.0,1.72,12.63,-1,-1,8.71,XgboostFitTrainer,1,BPFIRQ
5,49,GradientBoostingRegressorTrainer_4,scikit,GradientBoostingRegressorTrainer_4.json,"['bpf_block_irq', 'bpf_cpu_time_ms', 'bpf_net_rx_irq', 'bpf_net_tx_irq', 'bpf_page_cache_hit']",[],AbsPower,12.08,4.85,12.08,0.0,0.0,0.8,3.04,-1,-1,4.85,GradientBoostingRegressorTrainer,4,BPFIRQ
6,46,GradientBoostingRegressorTrainer_5,scikit,GradientBoostingRegressorTrainer_5.json,"['bpf_block_irq', 'bpf_cpu_time_ms', 'bpf_net_rx_irq', 'bpf_net_tx_irq', 'bpf_page_cache_hit']",[],AbsPower,12.94,0.42,12.94,0.0,0.0,0.13,8.19,-1,-1,0.42,GradientBoostingRegressorTrainer,5,BPFIRQ
7,22,XgboostFitTrainer_0,xgboost,XgboostFitTrainer_0.json,"['bpf_block_irq', 'bpf_cpu_time_ms', 'bpf_net_rx_irq', 'bpf_net_tx_irq', 'bpf_page_cache_hit']",[],AbsPower,17.21,4.53,17.21,0.0,0.0,0.96,9.49,-1,-1,4.53,XgboostFitTrainer,0,BPFIRQ
8,29,XgboostFitTrainer_2,xgboost,XgboostFitTrainer_2.json,"['bpf_block_irq', 'bpf_cpu_time_ms', 'bpf_net_rx_irq', 'bpf_net_tx_irq', 'bpf_page_cache_hit']",[],AbsPower,19.82,5.34,19.82,0.0,0.0,0.86,6.1,-1,-1,5.34,XgboostFitTrainer,2,BPFIRQ
9,34,GradientBoostingRegressorTrainer_2,scikit,GradientBoostingRegressorTrainer_2.json,"['bpf_block_irq', 'bpf_cpu_time_ms', 'bpf_net_rx_irq', 'bpf_net_tx_irq', 'bpf_page_cache_hit']",[],AbsPower,19.91,4.99,19.91,0.0,0.0,0.78,8.67,-1,-1,4.99,GradientBoostingRegressorTrainer,2,BPFIRQ
10,41,GradientBoostingRegressorTrainer_0,scikit,GradientBoostingRegressorTrainer_0.json,"['bpf_block_irq', 'bpf_cpu_time_ms', 'bpf_net_rx_irq', 'bpf_net_tx_irq', 'bpf_page_cache_hit']",[],AbsPower,20.1,4.95,20.1,0.0,0.0,0.9,17.5,-1,-1,4.95,GradientBoostingRegressorTrainer,0,BPFIRQ
11,20,XgboostFitTrainer_5,xgboost,XgboostFitTrainer_5.json,"['bpf_block_irq', 'bpf_cpu_time_ms', 'bpf_net_rx_irq', 'bpf_net_tx_irq', 'bpf_page_cache_hit']",[],AbsPower,23.72,0.43,23.72,0.0,0.0,0.14,9.83,-1,-1,0.43,XgboostFitTrainer,5,BPFIRQ
12,36,ExponentialRegressionTrainer_1,curvefit,ExponentialRegressionTrainer_1.json,"['bpf_block_irq', 'bpf_cpu_time_ms', 'bpf_net_rx_irq', 'bpf_net_tx_irq', 'bpf_page_cache_hit']",[],AbsPower,24.04,18.67,24.04,0.0,0.0,3.74,35.25,-1,-1,18.67,ExponentialRegressionTrainer,1,BPFIRQ
13,37,LinearRegressionTrainer_1,scikit,LinearRegressionTrainer_1.json,"['bpf_block_irq', 'bpf_cpu_time_ms', 'bpf_net_rx_irq', 'bpf_net_tx_irq', 'bpf_page_cache_hit']",[],AbsPower,25.31,12.48,25.31,0.0,0.0,2.97,23.01,-1,-1,12.48,LinearRegressionTrainer,1,BPFIRQ
14,2,SGDRegressorTrainer_1,scikit,SGDRegressorTrainer_1.json,"['bpf_block_irq', 'bpf_cpu_time_ms', 'bpf_net_rx_irq', 'bpf_net_tx_irq', 'bpf_page_cache_hit']",[],AbsPower,26.1,19.25,26.1,0.0,0.0,3.63,22.72,-1,-1,19.25,SGDRegressorTrainer,1,BPFIRQ
15,26,XgboostFitTrainer_3,xgboost,XgboostFitTrainer_3.json,"['bpf_block_irq', 'bpf_cpu_time_ms', 'bpf_net_rx_irq', 'bpf_net_tx_irq', 'bpf_page_cache_hit']",[],AbsPower,26.38,6.36,26.38,0.0,0.0,2.5,20.28,-1,-1,6.36,XgboostFitTrainer,3,BPFIRQ
16,33,GradientBoostingRegressorTrainer_3,scikit,GradientBoostingRegressorTrainer_3.json,"['bpf_block_irq', 'bpf_cpu_time_ms', 'bpf_net_rx_irq', 'bpf_net_tx_irq', 'bpf_page_cache_hit']",[],AbsPower,30.41,2.09,30.41,0.0,0.0,0.87,12.03,-1,-1,2.09,GradientBoostingRegressorTrainer,3,BPFIRQ
17,23,KNeighborsRegressorTrainer_3,scikit,KNeighborsRegressorTrainer_3.json,"['bpf_block_irq', 'bpf_cpu_time_ms', 'bpf_net_rx_irq', 'bpf_net_tx_irq', 'bpf_page_cache_hit']",[],AbsPower,32.58,6.34,32.58,0.0,0.0,2.48,13.21,-1,-1,6.34,KNeighborsRegressorTrainer,3,BPFIRQ
19,3,SVRRegressorTrainer_1,scikit,SVRRegressorTrainer_1.json,"['bpf_block_irq', 'bpf_cpu_time_ms', 'bpf_net_rx_irq', 'bpf_net_tx_irq', 'bpf_page_cache_hit']",[],AbsPower,33.57,8.41,33.57,0.0,0.0,2.12,41.85,-1,-1,8.41,SVRRegressorTrainer,1,BPFIRQ
20,19,KNeighborsRegressorTrainer_4,scikit,KNeighborsRegressorTrainer_4.json,"['bpf_block_irq', 'bpf_cpu_time_ms', 'bpf_net_rx_irq', 'bpf_net_tx_irq', 'bpf_page_cache_hit']",[],AbsPower,34.21,6.42,34.21,0.0,0.0,1.19,10.64,-1,-1,6.42,KNeighborsRegressorTrainer,4,BPFIRQ
21,24,KNeighborsRegressorTrainer_2,scikit,KNeighborsRegressorTrainer_2.json,"['bpf_block_irq', 'bpf_cpu_time_ms', 'bpf_net_rx_irq', 'bpf_net_tx_irq', 'bpf_page_cache_hit']",[],AbsPower,34.91,9.09,34.91,0.0,0.0,1.35,23.56,-1,-1,9.09,KNeighborsRegressorTrainer,2,BPFIRQ
23,7,LogarithmicRegressionTrainer_5,curvefit,LogarithmicRegressionTrainer_5.json,"['bpf_block_irq', 'bpf_cpu_time_ms', 'bpf_net_rx_irq', 'bpf_net_tx_irq', 'bpf_page_cache_hit']",[],AbsPower,38.03,0.32,38.03,0.0,0.0,0.1,23.05,-1,-1,0.32,LogarithmicRegressionTrainer,5,BPFIRQ
24,32,PolynomialRegressionTrainer_3,scikit,PolynomialRegressionTrainer_3.json,"['bpf_block_irq', 'bpf_cpu_time_ms', 'bpf_net_rx_irq', 'bpf_net_tx_irq', 'bpf_page_cache_hit']",['poly_scaler.pkl'],AbsPower,44.97,13.41,44.97,0.0,0.0,5.22,33.19,-1,-1,13.41,PolynomialRegressionTrainer,3,BPFIRQ
25,47,PolynomialRegressionTrainer_5,scikit,PolynomialRegressionTrainer_5.json,"['bpf_block_irq', 'bpf_cpu_time_ms', 'bpf_net_rx_irq', 'bpf_net_tx_irq', 'bpf_page_cache_hit']",['poly_scaler.pkl'],AbsPower,47.75,0.26,47.75,0.0,0.0,0.08,33.04,-1,-1,0.26,PolynomialRegressionTrainer,5,BPFIRQ
26,18,KNeighborsRegressorTrainer_5,scikit,KNeighborsRegressorTrainer_5.json,"['bpf_block_irq', 'bpf_cpu_time_ms', 'bpf_net_rx_irq', 'bpf_net_tx_irq', 'bpf_page_cache_hit']",[],AbsPower,48.04,0.32,48.04,0.0,0.0,0.1,25.47,-1,-1,0.32,KNeighborsRegressorTrainer,5,BPFIRQ
27,40,PolynomialRegressionTrainer_0,scikit,PolynomialRegressionTrainer_0.json,"['bpf_block_irq', 'bpf_cpu_time_ms', 'bpf_net_rx_irq', 'bpf_net_tx_irq', 'bpf_page_cache_hit']",['poly_scaler.pkl'],AbsPower,49.45,12.41,49.45,0.0,0.0,2.43,31.67,-1,-1,12.41,PolynomialRegressionTrainer,0,BPFIRQ
28,27,KNeighborsRegressorTrainer_0,scikit,KNeighborsRegressorTrainer_0.json,"['bpf_block_irq', 'bpf_cpu_time_ms', 'bpf_net_rx_irq', 'bpf_net_tx_irq', 'bpf_page_cache_hit']",[],AbsPower,51.54,6.75,51.54,0.0,0.0,1.29,47.98,-1,-1,6.75,KNeighborsRegressorTrainer,0,BPFIRQ
29,14,LogarithmicRegressionTrainer_2,curvefit,LogarithmicRegressionTrainer_2.json,"['bpf_block_irq', 'bpf_cpu_time_ms', 'bpf_net_rx_irq', 'bpf_net_tx_irq', 'bpf_page_cache_hit']",[],AbsPower,58.1,15.88,58.1,0.0,0.0,2.54,42.02,-1,-1,15.88,LogarithmicRegressionTrainer,2,BPFIRQ
30,50,LinearRegressionTrainer_5,scikit,LinearRegressionTrainer_5.json,"['bpf_block_irq', 'bpf_cpu_time_ms', 'bpf_net_rx_irq', 'bpf_net_tx_irq', 'bpf_page_cache_hit']",[],AbsPower,60.77,0.35,60.77,0.0,0.0,0.11,37.23,-1,-1,0.35,LinearRegressionTrainer,5,BPFIRQ
31,38,LinearRegressionTrainer_3,scikit,LinearRegressionTrainer_3.json,"['bpf_block_irq', 'bpf_cpu_time_ms', 'bpf_net_rx_irq', 'bpf_net_tx_irq', 'bpf_page_cache_hit']",[],AbsPower,61.49,15.01,61.49,0.0,0.0,5.83,42.95,-1,-1,15.01,LinearRegressionTrainer,3,BPFIRQ
32,30,LinearRegressionTrainer_0,scikit,LinearRegressionTrainer_0.json,"['bpf_block_irq', 'bpf_cpu_time_ms', 'bpf_net_rx_irq', 'bpf_net_tx_irq', 'bpf_page_cache_hit']",[],AbsPower,62.15,14.98,62.15,0.0,0.0,2.89,30.57,-1,-1,14.98,LinearRegressionTrainer,0,BPFIRQ
34,13,SGDRegressorTrainer_5,scikit,SGDRegressorTrainer_5.json,"['bpf_block_irq', 'bpf_cpu_time_ms', 'bpf_net_rx_irq', 'bpf_net_tx_irq', 'bpf_page_cache_hit']",[],AbsPower,63.81,0.96,63.81,0.0,0.0,0.3,49.93,-1,-1,0.96,SGDRegressorTrainer,5,BPFIRQ
36,5,SGDRegressorTrainer_3,scikit,SGDRegressorTrainer_3.json,"['bpf_block_irq', 'bpf_cpu_time_ms', 'bpf_net_rx_irq', 'bpf_net_tx_irq', 'bpf_page_cache_hit']",[],AbsPower,67.67,12.78,67.67,0.0,0.0,4.7,62.77,-1,-1,12.78,SGDRegressorTrainer,3,BPFIRQ
37,21,XgboostFitTrainer_4,xgboost,XgboostFitTrainer_4.json,"['bpf_block_irq', 'bpf_cpu_time_ms', 'bpf_net_rx_irq', 'bpf_net_tx_irq', 'bpf_page_cache_hit']",[],AbsPower,68.66,4.18,68.66,0.0,0.0,0.72,22.34,-1,-1,4.18,XgboostFitTrainer,4,BPFIRQ
38,1,SGDRegressorTrainer_0,scikit,SGDRegressorTrainer_0.json,"['bpf_block_irq', 'bpf_cpu_time_ms', 'bpf_net_rx_irq', 'bpf_net_tx_irq', 'bpf_page_cache_hit']",[],AbsPower,71.18,15.64,71.18,0.0,0.0,2.89,65.9,-1,-1,15.64,SGDRegressorTrainer,0,BPFIRQ
39,12,SVRRegressorTrainer_5,scikit,SVRRegressorTrainer_5.json,"['bpf_block_irq', 'bpf_cpu_time_ms', 'bpf_net_rx_irq', 'bpf_net_tx_irq', 'bpf_page_cache_hit']",[],AbsPower,72.07,0.34,72.07,0.0,0.0,0.11,69.4,-1,-1,0.34,SVRRegressorTrainer,5,BPFIRQ
41,51,ExponentialRegressionTrainer_5,curvefit,ExponentialRegressionTrainer_5.json,"['bpf_block_irq', 'bpf_cpu_time_ms', 'bpf_net_rx_irq', 'bpf_net_tx_irq', 'bpf_page_cache_hit']",[],AbsPower,74.83,0.45,74.83,0.0,0.0,0.14,69.48,-1,-1,0.45,ExponentialRegressionTrainer,5,BPFIRQ
42,35,PolynomialRegressionTrainer_2,scikit,PolynomialRegressionTrainer_2.json,"['bpf_block_irq', 'bpf_cpu_time_ms', 'bpf_net_rx_irq', 'bpf_net_tx_irq', 'bpf_page_cache_hit']",['poly_scaler.pkl'],AbsPower,89.57,9.99,89.57,0.0,0.0,1.56,52.14,-1,-1,9.99,PolynomialRegressionTrainer,2,BPFIRQ
43,9,SVRRegressorTrainer_2,scikit,SVRRegressorTrainer_2.json,"['bpf_block_irq', 'bpf_cpu_time_ms', 'bpf_net_rx_irq', 'bpf_net_tx_irq', 'bpf_page_cache_hit']",[],AbsPower,90.77,6.41,90.77,0.0,0.0,1.1,97.5,-1,-1,6.41,SVRRegressorTrainer,2,BPFIRQ
44,52,ExponentialRegressionTrainer_4,curvefit,ExponentialRegressionTrainer_4.json,"['bpf_block_irq', 'bpf_cpu_time_ms', 'bpf_net_rx_irq', 'bpf_net_tx_irq', 'bpf_page_cache_hit']",[],AbsPower,92.82,14.49,92.82,0.0,0.0,2.34,56.8,-1,-1,14.49,ExponentialRegressionTrainer,4,BPFIRQ
45,53,LinearRegressionTrainer_4,scikit,LinearRegressionTrainer_4.json,"['bpf_block_irq', 'bpf_cpu_time_ms', 'bpf_net_rx_irq', 'bpf_net_tx_irq', 'bpf_page_cache_hit']",[],AbsPower,93.5,10.52,93.5,0.0,0.0,1.97,58.29,-1,-1,10.52,LinearRegressionTrainer,4,BPFIRQ
46,4,SVRRegressorTrainer_3,scikit,SVRRegressorTrainer_3.json,"['bpf_block_irq', 'bpf_cpu_time_ms', 'bpf_net_rx_irq', 'bpf_net_tx_irq', 'bpf_page_cache_hit']",[],AbsPower,98.07,10.29,98.07,0.0,0.0,3.44,125.09,-1,-1,10.29,SVRRegressorTrainer,3,BPFIRQ
54,28,KNeighborsRegressorTrainer_1,scikit,KNeighborsRegressorTrainer_1.json,"['bpf_cpu_time_ms', 'bpf_page_cache_hit']",[],AbsPower,2.58,4.72,2.58,0.0,0.0,1.06,3.48,-1,-1,4.72,KNeighborsRegressorTrainer,1,BPFOnly
55,42,GradientBoostingRegressorTrainer_1,scikit,GradientBoostingRegressorTrainer_1.json,"['bpf_cpu_time_ms', 'bpf_page_cache_hit']",[],AbsPower,3.12,4.67,3.12,0.0,0.0,1.03,3.1,-1,-1,4.67,GradientBoostingRegressorTrainer,1,BPFOnly
56,25,XgboostFitTrainer_1,xgboost,XgboostFitTrainer_1.json,"['bpf_cpu_time_ms', 'bpf_page_cache_hit']",[],AbsPower,3.44,6.02,3.44,0.0,0.0,1.36,2.07,-1,-1,6.02,XgboostFitTrainer,1,BPFOnly
57,10,LogarithmicRegressionTrainer_1,curvefit,LogarithmicRegressionTrainer_1.json,"['bpf_cpu_time_ms', 'bpf_page_cache_hit']",[],AbsPower,5.76,15.75,5.76,0.0,0.0,3.57,5.61,-1,-1,15.75,LogarithmicRegressionTrainer,1,BPFOnly
58,43,PolynomialRegressionTrainer_1,scikit,PolynomialRegressionTrainer_1.json,"['bpf_cpu_time_ms', 'bpf_page_cache_hit']",['poly_scaler.pkl'],AbsPower,14.3,7.34,14.3,0.0,0.0,1.69,16.52,-1,-1,7.34,PolynomialRegressionTrainer,1,BPFOnly
59,34,GradientBoostingRegressorTrainer_2,scikit,GradientBoostingRegressorTrainer_2.json,"['bpf_cpu_time_ms', 'bpf_page_cache_hit']",[],AbsPower,14.83,2.4,14.83,0.0,0.0,0.37,6.95,-1,-1,2.4,GradientBoostingRegressorTrainer,2,BPFOnly
60,2,SGDRegressorTrainer_1,scikit,SGDRegressorTrainer_1.json,"['bpf_cpu_time_ms', 'bpf_page_cache_hit']",[],AbsPower,18.35,12.4,18.35,0.0,0.0,2.6,11.37,-1,-1,12.4,SGDRegressorTrainer,1,BPFOnly
61,33,GradientBoostingRegressorTrainer_3,scikit,GradientBoostingRegressorTrainer_3.json,"['bpf_cpu_time_ms', 'bpf_page_cache_hit']",[],AbsPower,19.37,5.39,19.37,0.0,0.0,2.03,6.56,-1,-1,5.39,GradientBoostingRegressorTrainer,3,BPFOnly
62,46,GradientBoostingRegressorTrainer_5,scikit,GradientBoostingRegressorTrainer_5.json,"['bpf_cpu_time_ms', 'bpf_page_cache_hit']",[],AbsPower,21.42,0.21,21.42,0.0,0.0,0.06,9.43,-1,-1,0.21,GradientBoostingRegressorTrainer,5,BPFOnly
63,23,KNeighborsRegressorTrainer_3,scikit,KNeighborsRegressorTrainer_3.json,"['bpf_cpu_time_ms', 'bpf_page_cache_hit']",[],AbsPower,22.71,5.8,22.71,0.0,0.0,2.36,8.82,-1,-1,5.8,KNeighborsRegressorTrainer,3,BPFOnly
64,20,XgboostFitTrainer_5,xgboost,XgboostFitTrainer_5.json,"['bpf_cpu_time_ms', 'bpf_page_cache_hit']",[],AbsPower,23.05,0.31,23.05,0.0,0.0,0.1,13.18,-1,-1,0.31,XgboostFitTrainer,5,BPFOnly
66,37,LinearRegressionTrainer_1,scikit,LinearRegressionTrainer_1.json,"['bpf_cpu_time_ms', 'bpf_page_cache_hit']",[],AbsPower,25.05,16.68,25.05,0.0,0.0,3.24,24.18,-1,-1,16.68,LinearRegressionTrainer,1,BPFOnly
67,29,XgboostFitTrainer_2,xgboost,XgboostFitTrainer_2.json,"['bpf_cpu_time_ms', 'bpf_page_cache_hit']",[],AbsPower,27.41,1.44,27.41,0.0,0.0,0.24,7.4,-1,-1,1.44,XgboostFitTrainer,2,BPFOnly
68,26,XgboostFitTrainer_3,xgboost,XgboostFitTrainer_3.json,"['bpf_cpu_time_ms', 'bpf_page_cache_hit']",[],AbsPower,27.42,1.93,27.42,0.0,0.0,0.73,20.3,-1,-1,1.93,XgboostFitTrainer,3,BPFOnly
69,7,LogarithmicRegressionTrainer_5,curvefit,LogarithmicRegressionTrainer_5.json,"['bpf_cpu_time_ms', 'bpf_page_cache_hit']",[],AbsPower,28.13,0.37,28.13,0.0,0.0,0.11,20.21,-1,-1,0.37,LogarithmicRegressionTrainer,5,BPFOnly
70,18,KNeighborsRegressorTrainer_5,scikit,KNeighborsRegressorTrainer_5.json,"['bpf_cpu_time_ms', 'bpf_page_cache_hit']",[],AbsPower,28.47,0.19,28.47,0.0,0.0,0.06,13.3,-1,-1,0.19,KNeighborsRegressorTrainer,5,BPFOnly
71,3,SVRRegressorTrainer_1,scikit,SVRRegressorTrainer_1.json,"['bpf_cpu_time_ms', 'bpf_page_cache_hit']",[],AbsPower,32.5,15.38,32.5,0.0,0.0,2.89,38.14,-1,-1,15.38,SVRRegressorTrainer,1,BPFOnly
72,27,KNeighborsRegressorTrainer_0,scikit,KNeighborsRegressorTrainer_0.json,"['bpf_cpu_time_ms', 'bpf_page_cache_hit']",[],AbsPower,33.82,6.68,33.82,0.0,0.0,1.24,21.57,-1,-1,6.68,KNeighborsRegressorTrainer,0,BPFOnly
74,22,XgboostFitTrainer_0,xgboost,XgboostFitTrainer_0.json,"['bpf_cpu_time_ms', 'bpf_page_cache_hit']",[],AbsPower,35.53,4.58,35.53,0.0,0.0,0.96,20.69,-1,-1,4.58,XgboostFitTrainer,0,BPFOnly
75,21,XgboostFitTrainer_4,xgboost,XgboostFitTrainer_4.json,"['bpf_cpu_time_ms', 'bpf_page_cache_hit']",[],AbsPower,39.04,2.74,39.04,0.0,0.0,0.41,14.3,-1,-1,2.74,XgboostFitTrainer,4,BPFOnly
76,41,GradientBoostingRegressorTrainer_0,scikit,GradientBoostingRegressorTrainer_0.json,"['bpf_cpu_time_ms', 'bpf_page_cache_hit']",[],AbsPower,39.6,3.3,39.6,0.0,0.0,0.56,31.22,-1,-1,3.3,GradientBoostingRegressorTrainer,0,BPFOnly
77,24,KNeighborsRegressorTrainer_2,scikit,KNeighborsRegressorTrainer_2.json,"['bpf_cpu_time_ms', 'bpf_page_cache_hit']",[],AbsPower,41.49,5.58,41.49,0.0,0.0,0.89,14.89,-1,-1,5.58,KNeighborsRegressorTrainer,2,BPFOnly
78,11,LogarithmicRegressionTrainer_0,curvefit,LogarithmicRegressionTrainer_0.json,"['bpf_cpu_time_ms', 'bpf_page_cache_hit']",[],AbsPower,42.54,18.0,42.54,0.0,0.0,3.68,20.73,-1,-1,18.0,LogarithmicRegressionTrainer,0,BPFOnly
79,40,PolynomialRegressionTrainer_0,scikit,PolynomialRegressionTrainer_0.json,"['bpf_cpu_time_ms', 'bpf_page_cache_hit']",['poly_scaler.pkl'],AbsPower,45.32,14.4,45.32,0.0,0.0,2.79,22.51,-1,-1,14.4,PolynomialRegressionTrainer,0,BPFOnly
80,32,PolynomialRegressionTrainer_3,scikit,PolynomialRegressionTrainer_3.json,"['bpf_cpu_time_ms', 'bpf_page_cache_hit']",['poly_scaler.pkl'],AbsPower,50.22,11.93,50.22,0.0,0.0,4.24,43.08,-1,-1,11.93,PolynomialRegressionTrainer,3,BPFOnly
81,13,SGDRegressorTrainer_5,scikit,SGDRegressorTrainer_5.json,"['bpf_cpu_time_ms', 'bpf_page_cache_hit']",[],AbsPower,56.35,0.88,56.35,0.0,0.0,0.28,35.41,-1,-1,0.88,SGDRegressorTrainer,5,BPFOnly
82,19,KNeighborsRegressorTrainer_4,scikit,KNeighborsRegressorTrainer_4.json,"['bpf_cpu_time_ms', 'bpf_page_cache_hit']",[],AbsPower,57.14,8.01,57.14,0.0,0.0,1.23,41.9,-1,-1,8.01,KNeighborsRegressorTrainer,4,BPFOnly
83,30,LinearRegressionTrainer_0,scikit,LinearRegressionTrainer_0.json,"['bpf_cpu_time_ms', 'bpf_page_cache_hit']",[],AbsPower,57.2,16.64,57.2,0.0,0.0,3.26,55.55,-1,-1,16.64,LinearRegressionTrainer,0,BPFOnly
84,35,PolynomialRegressionTrainer_2,scikit,PolynomialRegressionTrainer_2.json,"['bpf_cpu_time_ms', 'bpf_page_cache_hit']",['poly_scaler.pkl'],AbsPower,57.56,6.49,57.56,0.0,0.0,0.9,52.85,-1,-1,6.49,PolynomialRegressionTrainer,2,BPFOnly
85,49,GradientBoostingRegressorTrainer_4,scikit,GradientBoostingRegressorTrainer_4.json,"['bpf_cpu_time_ms', 'bpf_page_cache_hit']",[],AbsPower,58.98,1.56,58.98,0.0,0.0,0.22,27.3,-1,-1,1.56,GradientBoostingRegressorTrainer,4,BPFOnly
86,50,LinearRegressionTrainer_5,scikit,LinearRegressionTrainer_5.json,"['bpf_cpu_time_ms', 'bpf_page_cache_hit']",[],AbsPower,59.44,0.45,59.44,0.0,0.0,0.14,43.54,-1,-1,0.45,LinearRegressionTrainer,5,BPFOnly
87,5,SGDRegressorTrainer_3,scikit,SGDRegressorTrainer_3.json,"['bpf_cpu_time_ms', 'bpf_page_cache_hit']",[],AbsPower,59.64,17.36,59.64,0.0,0.0,5.72,48.56,-1,-1,17.36,SGDRegressorTrainer,3,BPFOnly
88,48,PolynomialRegressionTrainer_4,scikit,PolynomialRegressionTrainer_4.json,"['bpf_cpu_time_ms', 'bpf_page_cache_hit']",['poly_scaler.pkl'],AbsPower,60.06,17.75,60.06,0.0,0.0,2.49,41.88,-1,-1,17.75,PolynomialRegressionTrainer,4,BPFOnly
89,6,LogarithmicRegressionTrainer_4,curvefit,LogarithmicRegressionTrainer_4.json,"['bpf_cpu_time_ms', 'bpf_page_cache_hit']",[],AbsPower,60.73,11.07,60.73,0.0,0.0,1.8,15.74,-1,-1,11.07,LogarithmicRegressionTrainer,4,BPFOnly
90,1,SGDRegressorTrainer_0,scikit,SGDRegressorTrainer_0.json,"['bpf_cpu_time_ms', 'bpf_page_cache_hit']",[],AbsPower,60.78,17.77,60.78,0.0,0.0,3.17,50.93,-1,-1,17.77,SGDRegressorTrainer,0,BPFOnly
91,4,SVRRegressorTrainer_3,scikit,SVRRegressorTrainer_3.json,"['bpf_cpu_time_ms', 'bpf_page_cache_hit']",[],AbsPower,63.51,9.68,63.51,0.0,0.0,3.35,46.75,-1,-1,9.68,SVRRegressorTrainer,3,BPFOnly
92,47,PolynomialRegressionTrainer_5,scikit,PolynomialRegressionTrainer_5.json,"['bpf_cpu_time_ms', 'bpf_page_cache_hit']",['poly_scaler.pkl'],AbsPower,63.77,0.27,63.77,0.0,0.0,0.09,41.44,-1,-1,0.27,PolynomialRegressionTrainer,5,BPFOnly
93,14,LogarithmicRegressionTrainer_2,curvefit,LogarithmicRegressionTrainer_2.json,"['bpf_cpu_time_ms', 'bpf_page_cache_hit']",[],AbsPower,64.46,19.96,64.46,0.0,0.0,3.02,33.18,-1,-1,19.96,LogarithmicRegressionTrainer,2,BPFOnly
94,31,ExponentialRegressionTrainer_0,curvefit,ExponentialRegressionTrainer_0.json,"['bpf_cpu_time_ms', 'bpf_page_cache_hit']",[],AbsPower,65.3,18.15,65.3,0.0,0.0,3.88,61.74,-1,-1,18.15,ExponentialRegressionTrainer,0,BPFOnly
95,51,ExponentialRegressionTrainer_5,curvefit,ExponentialRegressionTrainer_5.json,"['bpf_cpu_time_ms', 'bpf_page_cache_hit']",[],AbsPower,66.28,0.54,66.28,0.0,0.0,0.17,38.14,-1,-1,0.54,ExponentialRegressionTrainer,5,BPFOnly
96,38,LinearRegressionTrainer_3,scikit,LinearRegressionTrainer_3.json,"['bpf_cpu_time_ms', 'bpf_page_cache_hit']",[],AbsPower,70.17,17.65,70.17,0.0,0.0,5.27,65.97,-1,-1,17.65,LinearRegressionTrainer,3,BPFOnly
97,9,SVRRegressorTrainer_2,scikit,SVRRegressorTrainer_2.json,"['bpf_cpu_time_ms', 'bpf_page_cache_hit']",[],AbsPower,71.61,6.1,71.61,0.0,0.0,0.99,71.11,-1,-1,6.1,SVRRegressorTrainer,2,BPFOnly
98,12,SVRRegressorTrainer_5,scikit,SVRRegressorTrainer_5.json,"['bpf_cpu_time_ms', 'bpf_page_cache_hit']",[],AbsPower,85.34,0.43,85.34,0.0,0.0,0.14,80.69,-1,-1,0.43,SVRRegressorTrainer,5,BPFOnly
99,0,SVRRegressorTrainer_0,scikit,SVRRegressorTrainer_0.json,"['bpf_cpu_time_ms', 'bpf_page_cache_hit']",[],AbsPower,88.91,7.89,88.91,0.0,0.0,1.85,111.07,-1,-1,7.89,SVRRegressorTrainer,0,BPFOnly
101,52,ExponentialRegressionTrainer_4,curvefit,ExponentialRegressionTrainer_4.json,"['bpf_cpu_time_ms', 'bpf_page_cache_hit']",[],AbsPower,90.48,11.04,90.48,0.0,0.0,2.03,58.23,-1,-1,11.04,ExponentialRegressionTrainer,4,BPFOnly
102,16,SGDRegressorTrainer_4,scikit,SGDRegressorTrainer_4.json,"['bpf_cpu_time_ms', 'bpf_page_cache_hit']",[],AbsPower,90.57,15.09,90.57,0.0,0.0,2.25,23.73,-1,-1,15.09,SGDRegressorTrainer,4,BPFOnly
103,53,LinearRegressionTrainer_4,scikit,LinearRegressionTrainer_4.json,"['bpf_cpu_time_ms', 'bpf_page_cache_hit']",[],AbsPower,91.45,14.97,91.45,0.0,0.0,2.1,77.66,-1,-1,14.97,LinearRegressionTrainer,4,BPFOnly
104,45,LinearRegressionTrainer_2,scikit,LinearRegressionTrainer_2.json,"['bpf_cpu_time_ms', 'bpf_page_cache_hit']",[],AbsPower,98.63,10.2,98.63,0.0,0.0,1.71,79.56,-1,-1,10.2,LinearRegressionTrainer,2,BPFOnly
108,49,GradientBoostingRegressorTrainer_4,scikit,GradientBoostingRegressorTrainer_4.json,"['bpf_cpu_time_ms', 'bpf_page_cache_hit', 'cache_miss', 'cpu_cycles', 'cpu_instructions']",[],AbsPower,1.68,2.86,1.68,0.0,0.0,0.44,0.82,-1,-1,2.86,GradientBoostingRegressorTrainer,4,Basic
109,42,GradientBoostingRegressorTrainer_1,scikit,GradientBoostingRegressorTrainer_1.json,"['bpf_cpu_time_ms', 'bpf_page_cache_hit', 'cache_miss', 'cpu_cycles', 'cpu_instructions']",[],AbsPower,2.21,5.58,2.21,0.0,0.0,1.1,1.69,-1,-1,5.58,GradientBoostingRegressorTrainer,1,Basic
110,28,KNeighborsRegressorTrainer_1,scikit,KNeighborsRegressorTrainer_1.json,"['bpf_cpu_time_ms', 'bpf_page_cache_hit', 'cache_miss', 'cpu_cycles', 'cpu_instructions']",[],AbsPower,2.87,3.8,2.87,0.0,0.0,0.94,2.2,-1,-1,3.8,KNeighborsRegressorTrainer,1,Basic
111,43,PolynomialRegressionTrainer_1,scikit,PolynomialRegressionTrainer_1.json,"['bpf_cpu_time_ms', 'bpf_page_cache_hit', 'cache_miss', 'cpu_cycles', 'cpu_instructions']",['poly_scaler.pkl'],AbsPower,3.95,2.7,3.95,0.0,0.0,0.64,3.48,-1,-1,2.7,PolynomialRegressionTrainer,1,Basic
112,25,XgboostFitTrainer_1,xgboost,XgboostFitTrainer_1.json,"['bpf_cpu_time_ms', 'bpf_page_cache_hit', 'cache_miss', 'cpu_cycles', 'cpu_instructions']",[],AbsPower,4.35,3.36,4.35,0.0,0.0,0.58,3.37,-1,-1,3.36,XgboostFitTrainer,1,Basic
113,29,XgboostFitTrainer_2,xgboost,XgboostFitTrainer_2.json,"['bpf_cpu_time_ms', 'bpf_page_cache_hit', 'cache_miss', 'cpu_cycles', 'cpu_instructions']",[],AbsPower,4.35,1.08,4.35,0.0,0.0,0.18,1.81,-1,-1,1.08,XgboostFitTrainer,2,Basic
114,22,XgboostFitTrainer_0,xgboost,XgboostFitTrainer_0.json,"['bpf_cpu_time_ms', 'bpf_page_cache_hit', 'cache_miss', 'cpu_cycles', 'cpu_instructions']",[],AbsPower,4.5,2.2,4.5,0.0,0.0,0.43,1.94,-1,-1,2.2,XgboostFitTrainer,0,Basic
115,41,GradientBoostingRegressorTrainer_0,scikit,GradientBoostingRegressorTrainer_0.json,"['bpf_cpu_time_ms', 'bpf_page_cache_hit', 'cache_miss', 'cpu_cycles', 'cpu_instructions']",[],AbsPower,5.58,0.71,5.58,0.0,0.0,0.14,3.05,-1,-1,0.71,GradientBoostingRegressorTrainer,0,Basic
116,10,LogarithmicRegressionTrainer_1,curvefit,LogarithmicRegressionTrainer_1.json,"['bpf_cpu_time_ms', 'bpf_page_cache_hit', 'cache_miss', 'cpu_cycles', 'cpu_instructions']",[],AbsPower,6.44,7.82,6.44,0.0,0.0,1.65,4.96,-1,-1,7.82,LogarithmicRegressionTrainer,1,Basic
117,35,PolynomialRegressionTrainer_2,scikit,PolynomialRegressionTrainer_2.json,"['bpf_cpu_time_ms', 'bpf_page_cache_hit', 'cache_miss', 'cpu_cycles', 'cpu_instructions']",['poly_scaler.pkl'],AbsPower,7.09,1.26,7.09,0.0,0.0,0.19,2.76,-1,-1,1.26,PolynomialRegressionTrainer,2,Basic
118,40,PolynomialRegressionTrainer_0,scikit,PolynomialRegressionTrainer_0.json,"['bpf_cpu_time_ms', 'bpf_page_cache_hit', 'cache_miss', 'cpu_cycles', 'cpu_instructions']",['poly_scaler.pkl'],AbsPower,7.21,2.08,7.21,0.0,0.0,0.46,5.62,-1,-1,2.08,PolynomialRegressionTrainer,0,Basic
119,27,KNeighborsRegressorTrainer_0,scikit,KNeighborsRegressorTrainer_0.json,"['bpf_cpu_time_ms', 'bpf_page_cache_hit', 'cache_miss', 'cpu_cycles', 'cpu_instructions']",[],AbsPower,7.42,1.87,7.42,0.0,0.0,0.38,4.48,-1,-1,1.87,KNeighborsRegressorTrainer,0,Basic
120,47,PolynomialRegressionTrainer_5,scikit,PolynomialRegressionTrainer_5.json,"['bpf_cpu_time_ms', 'bpf_page_cache_hit', 'cache_miss', 'cpu_cycles', 'cpu_instructions']",['poly_scaler.pkl'],AbsPower,8.28,0.44,8.28,0.0,0.0,0.14,3.91,-1,-1,0.44,PolynomialRegressionTrainer,5,Basic
121,21,XgboostFitTrainer_4,xgboost,XgboostFitTrainer_4.json,"['bpf_cpu_time_ms', 'bpf_page_cache_hit', 'cache_miss', 'cpu_cycles', 'cpu_instructions']",[],AbsPower,8.33,0.18,8.33,0.0,0.0,0.03,4.2,-1,-1,0.18,XgboostFitTrainer,4,Basic
122,32,PolynomialRegressionTrainer_3,scikit,PolynomialRegressionTrainer_3.json,"['bpf_cpu_time_ms', 'bpf_page_cache_hit', 'cache_miss', 'cpu_cycles', 'cpu_instructions']",['poly_scaler.pkl'],AbsPower,8.54,3.07,8.54,0.0,0.0,1.13,4.9,-1,-1,3.07,PolynomialRegressionTrainer,3,Basic
123,48,PolynomialRegressionTrainer_4,scikit,PolynomialRegressionTrainer_4.json,"['bpf_cpu_time_ms', 'bpf_page_cache_hit', 'cache_miss', 'cpu_cycles', 'cpu_instructions']",['poly_scaler.pkl'],AbsPower,8.55,1.39,8.55,0.0,0.0,0.25,6.23,-1,-1,1.39,PolynomialRegressionTrainer,4,Basic
124,34,GradientBoostingRegressorTrainer_2,scikit,GradientBoostingRegressorTrainer_2.json,"['bpf_cpu_time_ms', 'bpf_page_cache_hit', 'cache_miss', 'cpu_cycles', 'cpu_instructions']",[],AbsPower,9.08,1.6,9.08,0.0,0.0,0.27,4.63,-1,-1,1.6,GradientBoostingRegressorTrainer,2,Basic
125,26,XgboostFitTrainer_3,xgboost,XgboostFitTrainer_3.json,"['bpf_cpu_time_ms', 'bpf_page_cache_hit', 'cache_miss', 'cpu_cycles', 'cpu_instructions']",[],AbsPower,10.51,1.29,10.51,0.0,0.0,0.42,6.36,-1,-1,1.29,XgboostFitTrainer,3,Basic
126,24,KNeighborsRegressorTrainer_2,scikit,KNeighborsRegressorTrainer_2.json,"['bpf_cpu_time_ms', 'bpf_page_cache_hit', 'cache_miss', 'cpu_cycles', 'cpu_instructions']",[],AbsPower,11.06,1.08,11.06,0.0,0.0,0.17,6.27,-1,-1,1.08,KNeighborsRegressorTrainer,2,Basic
127,5,SGDRegressorTrainer_3,scikit,SGDRegressorTrainer_3.json,"['bpf_cpu_time_ms', 'bpf_page_cache_hit', 'cache_miss', 'cpu_cycles', 'cpu_instructions']",[],AbsPower,11.31,4.59,11.31,0.0,0.0,1.5,5.45,-1,-1,4.59,SGDRegressorTrainer,3,Basic
128,20,XgboostFitTrainer_5,xgboost,XgboostFitTrainer_5.json,"['bpf_cpu_time_ms', 'bpf_page_cache_hit', 'cache_miss', 'cpu_cycles', 'cpu_instructions']",[],AbsPower,11.31,0.23,11.31,0.0,0.0,0.07,4.89,-1,-1,0.23,XgboostFitTrainer,5,Basic
129,18,KNeighborsRegressorTrainer_5,scikit,KNeighborsRegressorTrainer_5.json,"['bpf_cpu_time_ms', 'bpf_page_cache_hit', 'cache_miss', 'cpu_cycles', 'cpu_instructions']",[],AbsPower,12.45,0.26,12.45,0.0,0.0,0.08,5.18,-1,-1,0.26,KNeighborsRegressorTrainer,5,Basic
130,23,KNeighborsRegressorTrainer_3,scikit,KNeighborsRegressorTrainer_3.json,"['bpf_cpu_time_ms', 'bpf_page_cache_hit', 'cache_miss', 'cpu_cycles', 'cpu_instructions']",[],AbsPower,12.89,2.05,12.89,0.0,0.0,0.77,5.61,-1,-1,2.05,KNeighborsRegressorTrainer,3,Basic
131,30,LinearRegressionTrainer_0,scikit,LinearRegressionTrainer_0.json,"['bpf_cpu_time_ms', 'bpf_page_cache_hit', 'cache_miss', 'cpu_cycles', 'cpu_instructions']",[],AbsPower,12.98,5.03,12.98,0.0,0.0,1.1,7.3,-1,-1,5.03,LinearRegressionTrainer,0,Basic
132,38,LinearRegressionTrainer_3,scikit,LinearRegressionTrainer_3.json,"['bpf_cpu_time_ms', 'bpf_page_cache_hit', 'cache_miss', 'cpu_cycles', 'cpu_instructions']",[],AbsPower,14.22,5.03,14.22,0.0,0.0,1.96,6.54,-1,-1,5.03,LinearRegressionTrainer,3,Basic
133,50,LinearRegressionTrainer_5,scikit,LinearRegressionTrainer_5.json,"['bpf_cpu_time_ms', 'bpf_page_cache_hit', 'cache_miss', 'cpu_cycles', 'cpu_instructions']",[],AbsPower,14.58,0.39,14.58,0.0,0.0,0.12,8.66,-1,-1,0.39,LinearRegressionTrainer,5,Basic
134,19,KNeighborsRegressorTrainer_4,scikit,KNeighborsRegressorTrainer_4.json,"['bpf_cpu_time_ms', 'bpf_page_cache_hit', 'cache_miss', 'cpu_cycles', 'cpu_instructions']",[],AbsPower,15.52,0.64,15.52,0.0,0.0,0.11,4.71,-1,-1,0.64,KNeighborsRegressorTrainer,4,Basic
135,37,LinearRegressionTrainer_1,scikit,LinearRegressionTrainer_1.json,"['bpf_cpu_time_ms', 'bpf_page_cache_hit', 'cache_miss', 'cpu_cycles', 'cpu_instructions']",[],AbsPower,16.33,14.06,16.33,0.0,0.0,3.09,14.25,-1,-1,14.06,LinearRegressionTrainer,1,Basic
136,33,GradientBoostingRegressorTrainer_3,scikit,GradientBoostingRegressorTrainer_3.json,"['bpf_cpu_time_ms', 'bpf_page_cache_hit', 'cache_miss', 'cpu_cycles', 'cpu_instructions']",[],AbsPower,17.22,1.64,17.22,0.0,0.0,0.62,9.46,-1,-1,1.64,GradientBoostingRegressorTrainer,3,Basic
137,1,SGDRegressorTrainer_0,scikit,SGDRegressorTrainer_0.json,"['bpf_cpu_time_ms', 'bpf_page_cache_hit', 'cache_miss', 'cpu_cycles', 'cpu_instructions']",[],AbsPower,17.27,3.65,17.27,0.0,0.0,0.7,11.22,-1,-1,3.65,SGDRegressorTrainer,0,Basic
138,13,SGDRegressorTrainer_5,scikit,SGDRegressorTrainer_5.json,"['bpf_cpu_time_ms', 'bpf_page_cache_hit', 'cache_miss', 'cpu_cycles', 'cpu_instructions']",[],AbsPower,17.8,1.46,17.8,0.0,0.0,0.46,5.92,-1,-1,1.46,SGDRegressorTrainer,5,Basic
139,11,LogarithmicRegressionTrainer_0,curvefit,LogarithmicRegressionTrainer_0.json,"['bpf_cpu_time_ms', 'bpf_page_cache_hit', 'cache_miss', 'cpu_cycles', 'cpu_instructions']",[],AbsPower,17.99,4.52,17.99,0.0,0.0,0.95,9.59,-1,-1,4.52,LogarithmicRegressionTrainer,0,Basic
140,46,GradientBoostingRegressorTrainer_5,scikit,GradientBoostingRegressorTrainer_5.json,"['bpf_cpu_time_ms', 'bpf_page_cache_hit', 'cache_miss', 'cpu_cycles', 'cpu_instructions']",[],AbsPower,18.27,0.24,18.27,0.0,0.0,0.07,7.25,-1,-1,0.24,GradientBoostingRegressorTrainer,5,Basic
141,7,LogarithmicRegressionTrainer_5,curvefit,LogarithmicRegressionTrainer_5.json,"['bpf_cpu_time_ms', 'bpf_page_cache_hit', 'cache_miss', 'cpu_cycles', 'cpu_instructions']",[],AbsPower,18.96,0.44,18.96,0.0,0.0,0.14,8.25,-1,-1,0.44,LogarithmicRegressionTrainer,5,Basic
142,45,LinearRegressionTrainer_2,scikit,LinearRegressionTrainer_2.json,"['bpf_cpu_time_ms', 'bpf_page_cache_hit', 'cache_miss', 'cpu_cycles', 'cpu_instructions']",[],AbsPower,20.39,4.18,20.39,0.0,0.0,0.73,8.75,-1,-1,4.18,LinearRegressionTrainer,2,Basic
143,53,LinearRegressionTrainer_4,scikit,LinearRegressionTrainer_4.json,"['bpf_cpu_time_ms', 'bpf_page_cache_hit', 'cache_miss', 'cpu_cycles', 'cpu_instructions']",[],AbsPower,20.39,6.22,20.39,0.0,0.0,0.99,7.33,-1,-1,6.22,LinearRegressionTrainer,4,Basic
144,16,SGDRegressorTrainer_4,scikit,SGDRegressorTrainer_4.json,"['bpf_cpu_time_ms', 'bpf_page_cache_hit', 'cache_miss', 'cpu_cycles', 'cpu_instructions']",[],AbsPower,21.0,4.68,21.0,0.0,0.0,0.75,17.56,-1,-1,4.68,SGDRegressorTrainer,4,Basic
145,36,ExponentialRegressionTrainer_1,curvefit,ExponentialRegressionTrainer_1.json,"['bpf_cpu_time_ms', 'bpf_page_cache_hit', 'cache_miss', 'cpu_cycles', 'cpu_instructions']",[],AbsPower,21.42,15.4,21.42,0.0,0.0,3.09,30.64,-1,-1,15.4,ExponentialRegressionTrainer,1,Basic
146,2,SGDRegressorTrainer_1,scikit,SGDRegressorTrainer_1.json,"['bpf_cpu_time_ms', 'bpf_page_cache_hit', 'cache_miss', 'cpu_cycles', 'cpu_instructions']",[],AbsPower,22.6,14.65,22.6,0.0,0.0,3.35,28.94,-1,-1,14.65,SGDRegressorTrainer,1,Basic
147,8,SGDRegressorTrainer_2,scikit,SGDRegressorTrainer_2.json,"['bpf_cpu_time_ms', 'bpf_page_cache_hit', 'cache_miss', 'cpu_cycles', 'cpu_instructions']",[],AbsPower,23.95,4.33,23.95,0.0,0.0,0.63,9.32,-1,-1,4.33,SGDRegressorTrainer,2,Basic
148,3,SVRRegressorTrainer_1,scikit,SVRRegressorTrainer_1.json,"['bpf_cpu_time_ms', 'bpf_page_cache_hit', 'cache_miss', 'cpu_cycles', 'cpu_instructions']",[],AbsPower,29.72,10.18,29.72,0.0,0.0,2.36,35.45,-1,-1,10.18,SVRRegressorTrainer,1,Basic
149,15,LogarithmicRegressionTrainer_3,curvefit,LogarithmicRegressionTrainer_3.json,"['bpf_cpu_time_ms', 'bpf_page_cache_hit', 'cache_miss', 'cpu_cycles', 'cpu_instructions']",[],AbsPower,29.77,3.92,29.77,0.0,0.0,1.39,14.45,-1,-1,3.92,LogarithmicRegressionTrainer,3,Basic
150,14,LogarithmicRegressionTrainer_2,curvefit,LogarithmicRegressionTrainer_2.json,"['bpf_cpu_time_ms', 'bpf_page_cache_hit', 'cache_miss', 'cpu_cycles', 'cpu_instructions']",[],AbsPower,30.88,4.21,30.88,0.0,0.0,0.7,13.45,-1,-1,4.21,LogarithmicRegressionTrainer,2,Basic
151,31,ExponentialRegressionTrainer_0,curvefit,ExponentialRegressionTrainer_0.json,"['bpf_cpu_time_ms', 'bpf_page_cache_hit', 'cache_miss', 'cpu_cycles', 'cpu_instructions']",[],AbsPower,38.24,8.84,38.24,0.0,0.0,1.92,30.56,-1,-1,8.84,ExponentialRegressionTrainer,0,Basic
152,6,LogarithmicRegressionTrainer_4,curvefit,LogarithmicRegressionTrainer_4.json,"['bpf_cpu_time_ms', 'bpf_page_cache_hit', 'cache_miss', 'cpu_cycles', 'cpu_instructions']",[],AbsPower,46.04,10.11,46.04,0.0,0.0,1.51,16.63,-1,-1,10.11,LogarithmicRegressionTrainer,4,Basic
153,51,ExponentialRegressionTrainer_5,curvefit,ExponentialRegressionTrainer_5.json,"['bpf_cpu_time_ms', 'bpf_page_cache_hit', 'cache_miss', 'cpu_cycles', 'cpu_instructions']",[],AbsPower,50.89,0.24,50.89,0.0,0.0,0.08,27.9,-1,-1,0.24,ExponentialRegressionTrainer,5,Basic
154,39,ExponentialRegressionTrainer_3,curvefit,ExponentialRegressionTrainer_3.json,"['bpf_cpu_time_ms', 'bpf_page_cache_hit', 'cache_miss', 'cpu_cycles', 'cpu_instructions']",[],AbsPower,57.88,15.11,57.88,0.0,0.0,4.68,34.25,-1,-1,15.11,ExponentialRegressionTrainer,3,Basic
155,0,SVRRegressorTrainer_0,scikit,SVRRegressorTrainer_0.json,"['bpf_cpu_time_ms', 'bpf_page_cache_hit', 'cache_miss', 'cpu_cycles', 'cpu_instructions']",[],AbsPower,59.82,1.89,59.82,0.0,0.0,0.34,62.41,-1,-1,1.89,SVRRegressorTrainer,0,Basic
156,4,SVRRegressorTrainer_3,scikit,SVRRegressorTrainer_3.json,"['bpf_cpu_time_ms', 'bpf_page_cache_hit', 'cache_miss', 'cpu_cycles', 'cpu_instructions']",[],AbsPower,77.83,3.28,77.83,0.0,0.0,1.19,76.11,-1,-1,3.28,SVRRegressorTrainer,3,Basic
157,52,ExponentialRegressionTrainer_4,curvefit,ExponentialRegressionTrainer_4.json,"['bpf_cpu_time_ms', 'bpf_page_cache_hit', 'cache_miss', 'cpu_cycles', 'cpu_instructions']",[],AbsPower,84.91,14.5,84.91,0.0,0.0,1.94,39.42,-1,-1,14.5,ExponentialRegressionTrainer,4,Basic
158,12,SVRRegressorTrainer_5,scikit,SVRRegressorTrainer_5.json,"['bpf_cpu_time_ms', 'bpf_page_cache_hit', 'cache_miss', 'cpu_cycles', 'cpu_instructions']",[],AbsPower,86.71,0.42,86.71,0.0,0.0,0.13,90.35,-1,-1,0.42,SVRRegressorTrainer,5,Basic
159,17,SVRRegressorTrainer_4,scikit,SVRRegressorTrainer_4.json,"['bpf_cpu_time_ms', 'bpf_page_cache_hit', 'cache_miss', 'cpu_cycles', 'cpu_instructions']",[],AbsPower,93.13,1.8,93.13,0.0,0.0,0.28,107.32,-1,-1,1.8,SVRRegressorTrainer,4,Basic
162,43,PolynomialRegressionTrainer_1,scikit,PolynomialRegressionTrainer_1.json,"['bpf_block_irq', 'bpf_net_rx_irq', 'bpf_net_tx_irq', 'cache_miss', 'cpu_cycles', 'cpu_instructions']",['poly_scaler.pkl'],AbsPower,3.31,2.56,3.31,0.0,0.0,0.64,3.09,-1,-1,2.56,PolynomialRegressionTrainer,1,CounterIRQCombined
163,28,KNeighborsRegressorTrainer_1,scikit,KNeighborsRegressorTrainer_1.json,"['bpf_block_irq', 'bpf_net_rx_irq', 'bpf_net_tx_irq', 'cache_miss', 'cpu_cycles', 'cpu_instructions']",[],AbsPower,3.51,4.59,3.51,0.0,0.0,0.96,2.98,-1,-1,4.59,KNeighborsRegressorTrainer,1,CounterIRQCombined
164,49,GradientBoostingRegressorTrainer_4,scikit,GradientBoostingRegressorTrainer_4.json,"['bpf_block_irq', 'bpf_net_rx_irq', 'bpf_net_tx_irq', 'cache_miss', 'cpu_cycles', 'cpu_instructions']",[],AbsPower,3.54,2.64,3.54,0.0,0.0,0.34,2.78,-1,-1,2.64,GradientBoostingRegressorTrainer,4,CounterIRQCombined
165,42,GradientBoostingRegressorTrainer_1,scikit,GradientBoostingRegressorTrainer_1.json,"['bpf_block_irq', 'bpf_net_rx_irq', 'bpf_net_tx_irq', 'cache_miss', 'cpu_cycles', 'cpu_instructions']",[],AbsPower,3.61,3.21,3.61,0.0,0.0,0.63,2.95,-1,-1,3.21,GradientBoostingRegressorTrainer,1,CounterIRQCombined
166,34,GradientBoostingRegressorTrainer_2,scikit,GradientBoostingRegressorTrainer_2.json,"['bpf_block_irq', 'bpf_net_rx_irq', 'bpf_net_tx_irq', 'cache_miss', 'cpu_cycles', 'cpu_instructions']",[],AbsPower,4.01,1.52,4.01,0.0,0.0,0.22,4.3,-1,-1,1.52,GradientBoostingRegressorTrainer,2,CounterIRQCombined
167,26,XgboostFitTrainer_3,xgboost,XgboostFitTrainer_3.json,"['bpf_block_irq', 'bpf_net_rx_irq', 'bpf_net_tx_irq', 'cache_miss', 'cpu_cycles', 'cpu_instructions']",[],AbsPower,4.61,1.85,4.61,0.0,0.0,0.67,3.04,-1,-1,1.85,XgboostFitTrainer,3,CounterIRQCombined
168,27,KNeighborsRegressorTrainer_0,scikit,KNeighborsRegressorTrainer_0.json,"['bpf_block_irq', 'bpf_net_rx_irq', 'bpf_net_tx_irq', 'cache_miss', 'cpu_cycles', 'cpu_instructions']",[],AbsPower,5.27,4.16,5.27,0.0,0.0,0.77,3.19,-1,-1,4.16,KNeighborsRegressorTrainer,0,CounterIRQCombined
169,25,XgboostFitTrainer_1,xgboost,XgboostFitTrainer_1.json,"['bpf_block_irq', 'bpf_net_rx_irq', 'bpf_net_tx_irq', 'cache_miss', 'cpu_cycles', 'cpu_instructions']",[],AbsPower,6.48,5.59,6.48,0.0,0.0,1.19,5.02,-1,-1,5.59,XgboostFitTrainer,1,CounterIRQCombined
170,10,LogarithmicRegressionTrainer_1,curvefit,LogarithmicRegressionTrainer_1.json,"['bpf_block_irq', 'bpf_net_rx_irq', 'bpf_net_tx_irq', 'cache_miss', 'cpu_cycles', 'cpu_instructions']",[],AbsPower,6.88,6.5,6.88,0.0,0.0,1.34,7.59,-1,-1,6.5,LogarithmicRegressionTrainer,1,CounterIRQCombined
171,19,KNeighborsRegressorTrainer_4,scikit,KNeighborsRegressorTrainer_4.json,"['bpf_block_irq', 'bpf_net_rx_irq', 'bpf_net_tx_irq', 'cache_miss', 'cpu_cycles', 'cpu_instructions']",[],AbsPower,7.01,1.0,7.01,0.0,0.0,0.14,4.63,-1,-1,1.0,KNeighborsRegressorTrainer,4,CounterIRQCombined
172,23,KNeighborsRegressorTrainer_3,scikit,KNeighborsRegressorTrainer_3.json,"['bpf_block_irq', 'bpf_net_rx_irq', 'bpf_net_tx_irq', 'cache_miss', 'cpu_cycles', 'cpu_instructions']",[],AbsPower,8.36,2.18,8.36,0.0,0.0,0.86,3.36,-1,-1,2.18,KNeighborsRegressorTrainer,3,CounterIRQCombined
173,41,GradientBoostingRegressorTrainer_0,scikit,GradientBoostingRegressorTrainer_0.json,"['bpf_block_irq', 'bpf_net_rx_irq', 'bpf_net_tx_irq', 'cache_miss', 'cpu_cycles', 'cpu_instructions']",[],AbsPower,8.57,1.6,8.57,0.0,0.0,0.28,5.62,-1,-1,1.6,GradientBoostingRegressorTrainer,0,CounterIRQCombined
174,22,XgboostFitTrainer_0,xgboost,XgboostFitTrainer_0.json,"['bpf_block_irq', 'bpf_net_rx_irq', 'bpf_net_tx_irq', 'cache_miss', 'cpu_cycles', 'cpu_instructions']",[],AbsPower,8.95,1.79,8.95,0.0,0.0,0.34,5.07,-1,-1,1.79,XgboostFitTrainer,0,CounterIRQCombined
175,40,PolynomialRegressionTrainer_0,scikit,PolynomialRegressionTrainer_0.json,"['bpf_block_irq', 'bpf_net_rx_irq', 'bpf_net_tx_irq', 'cache_miss', 'cpu_cycles', 'cpu_instructions']",['poly_scaler.pkl'],AbsPower,9.45,1.5,9.45,0.0,0.0,0.33,7.35,-1,-1,1.5,PolynomialRegressionTrainer,0,CounterIRQCombined
176,46,GradientBoostingRegressorTrainer_5,scikit,GradientBoostingRegressorTrainer_5.json,"['bpf_block_irq', 'bpf_net_rx_irq', 'bpf_net_tx_irq', 'cache_miss', 'cpu_cycles', 'cpu_instructions']",[],AbsPower,11.17,0.21,11.17,0.0,0.0,0.07,4.68,-1,-1,0.21,GradientBoostingRegressorTrainer,5,CounterIRQCombined
177,35,PolynomialRegressionTrainer_2,scikit,PolynomialRegressionTrainer_2.json,"['bpf_block_irq', 'bpf_net_rx_irq', 'bpf_net_tx_irq', 'cache_miss', 'cpu_cycles', 'cpu_instructions']",['poly_scaler.pkl'],AbsPower,11.44,0.79,11.44,0.0,0.0,0.13,3.36,-1,-1,0.79,PolynomialRegressionTrainer,2,CounterIRQCombined
178,21,XgboostFitTrainer_4,xgboost,XgboostFitTrainer_4.json,"['bpf_block_irq', 'bpf_net_rx_irq', 'bpf_net_tx_irq', 'cache_miss', 'cpu_cycles', 'cpu_instructions']",[],AbsPower,11.81,1.32,11.81,0.0,0.0,0.19,3.11,-1,-1,1.32,XgboostFitTrainer,4,CounterIRQCombined
179,38,LinearRegressionTrainer_3,scikit,LinearRegressionTrainer_3.json,"['bpf_block_irq', 'bpf_net_rx_irq', 'bpf_net_tx_irq', 'cache_miss', 'cpu_cycles', 'cpu_instructions']",[],AbsPower,12.45,6.08,12.45,0.0,0.0,2.42,6.73,-1,-1,6.08,LinearRegressionTrainer,3,CounterIRQCombined
180,47,PolynomialRegressionTrainer_5,scikit,PolynomialRegressionTrainer_5.json,"['bpf_block_irq', 'bpf_net_rx_irq', 'bpf_net_tx_irq', 'cache_miss', 'cpu_cycles', 'cpu_instructions']",['poly_scaler.pkl'],AbsPower,12.57,0.24,12.57,0.0,0.0,0.07,5.37,-1,-1,0.24,PolynomialRegressionTrainer,5,CounterIRQCombined
181,30,LinearRegressionTrainer_0,scikit,LinearRegressionTrainer_0.json,"['bpf_block_irq', 'bpf_net_rx_irq', 'bpf_net_tx_irq', 'cache_miss', 'cpu_cycles', 'cpu_instructions']",[],AbsPower,13.11,6.05,13.11,0.0,0.0,1.13,8.91,-1,-1,6.05,LinearRegressionTrainer,0,CounterIRQCombined
182,18,KNeighborsRegressorTrainer_5,scikit,KNeighborsRegressorTrainer_5.json,"['bpf_block_irq', 'bpf_net_rx_irq', 'bpf_net_tx_irq', 'cache_miss', 'cpu_cycles', 'cpu_instructions']",[],AbsPower,14.08,0.22,14.08,0.0,0.0,0.07,8.67,-1,-1,0.22,KNeighborsRegressorTrainer,5,CounterIRQCombined
183,1,SGDRegressorTrainer_0,scikit,SGDRegressorTrainer_0.json,"['bpf_block_irq', 'bpf_net_rx_irq', 'bpf_net_tx_irq', 'cache_miss', 'cpu_cycles', 'cpu_instructions']",[],AbsPower,14.23,4.18,14.23,0.0,0.0,0.86,8.65,-1,-1,4.18,SGDRegressorTrainer,0,CounterIRQCombined
184,24,KNeighborsRegressorTrainer_2,scikit,KNeighborsRegressorTrainer_2.json,"['bpf_block_irq', 'bpf_net_rx_irq', 'bpf_net_tx_irq', 'cache_miss', 'cpu_cycles', 'cpu_instructions']",[],AbsPower,14.36,2.57,14.36,0.0,0.0,0.4,6.45,-1,-1,2.57,KNeighborsRegressorTrainer,2,CounterIRQCombined
185,32,PolynomialRegressionTrainer_3,scikit,PolynomialRegressionTrainer_3.json,"['bpf_block_irq', 'bpf_net_rx_irq', 'bpf_net_tx_irq', 'cache_miss', 'cpu_cycles', 'cpu_instructions']",['poly_scaler.pkl'],AbsPower,14.51,2.56,14.51,0.0,0.0,1.1,10.96,-1,-1,2.56,PolynomialRegressionTrainer,3,CounterIRQCombined
186,50,LinearRegressionTrainer_5,scikit,LinearRegressionTrainer_5.json,"['bpf_block_irq', 'bpf_net_rx_irq', 'bpf_net_tx_irq', 'cache_miss', 'cpu_cycles', 'cpu_instructions']",[],AbsPower,14.74,0.48,14.74,0.0,0.0,0.15,6.72,-1,-1,0.48,LinearRegressionTrainer,5,CounterIRQCombined
187,33,GradientBoostingRegressorTrainer_3,scikit,GradientBoostingRegressorTrainer_3.json,"['bpf_block_irq', 'bpf_net_rx_irq', 'bpf_net_tx_irq', 'cache_miss', 'cpu_cycles', 'cpu_instructions']",[],AbsPower,15.75,2.36,15.75,0.0,0.0,0.91,7.79,-1,-1,2.36,GradientBoostingRegressorTrainer,3,CounterIRQCombined
188,5,SGDRegressorTrainer_3,scikit,SGDRegressorTrainer_3.json,"['bpf_block_irq', 'bpf_net_rx_irq', 'bpf_net_tx_irq', 'cache_miss', 'cpu_cycles', 'cpu_instructions']",[],AbsPower,16.23,4.65,16.23,0.0,0.0,1.89,12.59,-1,-1,4.65,SGDRegressorTrainer,3,CounterIRQCombined
189,13,SGDRegressorTrainer_5,scikit,SGDRegressorTrainer_5.json,"['bpf_block_irq', 'bpf_net_rx_irq', 'bpf_net_tx_irq', 'cache_miss', 'cpu_cycles', 'cpu_instructions']",[],AbsPower,16.61,1.23,16.61,0.0,0.0,0.39,7.89,-1,-1,1.23,SGDRegressorTrainer,5,CounterIRQCombined
190,37,LinearRegressionTrainer_1,scikit,LinearRegressionTrainer_1.json,"['bpf_block_irq', 'bpf_net_rx_irq', 'bpf_net_tx_irq', 'cache_miss', 'cpu_cycles', 'cpu_instructions']",[],AbsPower,17.52,14.91,17.52,0.0,0.0,3.29,17.37,-1,-1,14.91,LinearRegressionTrainer,1,CounterIRQCombined
191,8,SGDRegressorTrainer_2,scikit,SGDRegressorTrainer_2.json,"['bpf_block_irq', 'bpf_net_rx_irq', 'bpf_net_tx_irq', 'cache_miss', 'cpu_cycles', 'cpu_instructions']",[],AbsPower,18.57,3.89,18.57,0.0,0.0,0.65,9.44,-1,-1,3.89,SGDRegressorTrainer,2,CounterIRQCombined
192,53,LinearRegressionTrainer_4,scikit,LinearRegressionTrainer_4.json,"['bpf_block_irq', 'bpf_net_rx_irq', 'bpf_net_tx_irq', 'cache_miss', 'cpu_cycles', 'cpu_instructions']",[],AbsPower,18.98,5.0,18.98,0.0,0.0,0.9,4.29,-1,-1,5.0,LinearRegressionTrainer,4,CounterIRQCombined
193,20,XgboostFitTrainer_5,xgboost,XgboostFitTrainer_5.json,"['bpf_block_irq', 'bpf_net_rx_irq', 'bpf_net_tx_irq', 'cache_miss', 'cpu_cycles', 'cpu_instructions']",[],AbsPower,19.17,0.12,19.17,0.0,0.0,0.04,9.72,-1,-1,0.12,XgboostFitTrainer,5,CounterIRQCombined
194,7,LogarithmicRegressionTrainer_5,curvefit,LogarithmicRegressionTrainer_5.json,"['bpf_block_irq', 'bpf_net_rx_irq', 'bpf_net_tx_irq', 'cache_miss', 'cpu_cycles', 'cpu_instructions']",[],AbsPower,19.53,0.31,19.53,0.0,0.0,0.1,10.09,-1,-1,0.31,LogarithmicRegressionTrainer,5,CounterIRQCombined
195,29,XgboostFitTrainer_2,xgboost,XgboostFitTrainer_2.json,"['bpf_block_irq', 'bpf_net_rx_irq', 'bpf_net_tx_irq', 'cache_miss', 'cpu_cycles', 'cpu_instructions']",[],AbsPower,19.81,2.36,19.81,0.0,0.0,0.39,9.67,-1,-1,2.36,XgboostFitTrainer,2,CounterIRQCombined
196,2,SGDRegressorTrainer_1,scikit,SGDRegressorTrainer_1.json,"['bpf_block_irq', 'bpf_net_rx_irq', 'bpf_net_tx_irq', 'cache_miss', 'cpu_cycles', 'cpu_instructions']",[],AbsPower,19.83,12.52,19.83,0.0,0.0,2.6,26.51,-1,-1,12.52,SGDRegressorTrainer,1,CounterIRQCombined
197,36,ExponentialRegressionTrainer_1,curvefit,ExponentialRegressionTrainer_1.json,"['bpf_block_irq', 'bpf_net_rx_irq', 'bpf_net_tx_irq', 'cache_miss', 'cpu_cycles', 'cpu_instructions']",[],AbsPower,21.9,13.77,21.9,0.0,0.0,2.87,25.44,-1,-1,13.77,ExponentialRegressionTrainer,1,CounterIRQCombined
198,14,LogarithmicRegressionTrainer_2,curvefit,LogarithmicRegressionTrainer_2.json,"['bpf_block_irq', 'bpf_net_rx_irq', 'bpf_net_tx_irq', 'cache_miss', 'cpu_cycles', 'cpu_instructions']",[],AbsPower,24.08,3.21,24.08,0.0,0.0,0.55,8.77,-1,-1,3.21,LogarithmicRegressionTrainer,2,CounterIRQCombined
199,15,LogarithmicRegressionTrainer_3,curvefit,LogarithmicRegressionTrainer_3.json,"['bpf_block_irq', 'bpf_net_rx_irq', 'bpf_net_tx_irq', 'cache_miss', 'cpu_cycles', 'cpu_instructions']",[],AbsPower,25.15,6.36,25.15,0.0,0.0,2.24,12.85,-1,-1,6.36,LogarithmicRegressionTrainer,3,CounterIRQCombined
200,45,LinearRegressionTrainer_2,scikit,LinearRegressionTrainer_2.json,"['bpf_block_irq', 'bpf_net_rx_irq', 'bpf_net_tx_irq', 'cache_miss', 'cpu_cycles', 'cpu_instructions']",[],AbsPower,27.15,4.28,27.15,0.0,0.0,0.78,9.9,-1,-1,4.28,LinearRegressionTrainer,2,CounterIRQCombined
201,16,SGDRegressorTrainer_4,scikit,SGDRegressorTrainer_4.json,"['bpf_block_irq', 'bpf_net_rx_irq', 'bpf_net_tx_irq', 'cache_miss', 'cpu_cycles', 'cpu_instructions']",[],AbsPower,28.33,5.23,28.33,0.0,0.0,0.79,12.78,-1,-1,5.23,SGDRegressorTrainer,4,CounterIRQCombined
202,6,LogarithmicRegressionTrainer_4,curvefit,LogarithmicRegressionTrainer_4.json,"['bpf_block_irq', 'bpf_net_rx_irq', 'bpf_net_tx_irq', 'cache_miss', 'cpu_cycles', 'cpu_instructions']",[],AbsPower,28.46,4.37,28.46,0.0,0.0,0.63,28.64,-1,-1,4.37,LogarithmicRegressionTrainer,4,CounterIRQCombined
203,3,SVRRegressorTrainer_1,scikit,SVRRegressorTrainer_1.json,"['bpf_block_irq', 'bpf_net_rx_irq', 'bpf_net_tx_irq', 'cache_miss', 'cpu_cycles', 'cpu_instructions']",[],AbsPower,32.21,7.4,32.21,0.0,0.0,1.83,38.12,-1,-1,7.4,SVRRegressorTrainer,1,CounterIRQCombined
204,11,LogarithmicRegressionTrainer_0,curvefit,LogarithmicRegressionTrainer_0.json,"['bpf_block_irq', 'bpf_net_rx_irq', 'bpf_net_tx_irq', 'cache_miss', 'cpu_cycles', 'cpu_instructions']",[],AbsPower,32.38,8.6,32.38,0.0,0.0,1.77,25.46,-1,-1,8.6,LogarithmicRegressionTrainer,0,CounterIRQCombined
205,51,ExponentialRegressionTrainer_5,curvefit,ExponentialRegressionTrainer_5.json,"['bpf_block_irq', 'bpf_net_rx_irq', 'bpf_net_tx_irq', 'cache_miss', 'cpu_cycles', 'cpu_instructions']",[],AbsPower,40.09,0.3,40.09,0.0,0.0,0.09,16.45,-1,-1,0.3,ExponentialRegressionTrainer,5,CounterIRQCombined
206,31,ExponentialRegressionTrainer_0,curvefit,ExponentialRegressionTrainer_0.json,"['bpf_block_irq', 'bpf_net_rx_irq', 'bpf_net_tx_irq', 'cache_miss', 'cpu_cycles', 'cpu_instructions']",[],AbsPower,50.69,12.55,50.69,0.0,0.0,2.58,41.27,-1,-1,12.55,ExponentialRegressionTrainer,0,CounterIRQCombined
207,39,ExponentialRegressionTrainer_3,curvefit,ExponentialRegressionTrainer_3.json,"['bpf_block_irq', 'bpf_net_rx_irq', 'bpf_net_tx_irq', 'cache_miss', 'cpu_cycles', 'cpu_instructions']",[],AbsPower,62.02,17.69,62.02,0.0,0.0,5.85,53.76,-1,-1,17.69,ExponentialRegressionTrainer,3,CounterIRQCombined
208,4,SVRRegressorTrainer_3,scikit,SVRRegressorTrainer_3.json,"['bpf_block_irq', 'bpf_net_rx_irq', 'bpf_net_tx_irq', 'cache_miss', 'cpu_cycles', 'cpu_instructions']",[],AbsPower,71.79,1.71,71.79,0.0,0.0,0.66,79.0,-1,-1,1.71,SVRRegressorTrainer,3,CounterIRQCombined
209,0,SVRRegressorTrainer_0,scikit,SVRRegressorTrainer_0.json,"['bpf_block_irq', 'bpf_net_rx_irq', 'bpf_net_tx_irq', 'cache_miss', 'cpu_cycles', 'cpu_instructions']",[],AbsPower,79.56,2.21,79.56,0.0,0.0,0.42,104.43,-1,-1,2.21,SVRRegressorTrainer,0,CounterIRQCombined
210,44,ExponentialRegressionTrainer_2,curvefit,ExponentialRegressionTrainer_2.json,"['bpf_block_irq', 'bpf_net_rx_irq', 'bpf_net_tx_irq', 'cache_miss', 'cpu_cycles', 'cpu_instructions']",[],AbsPower,95.89,8.88,95.89,0.0,0.0,1.38,85.69,-1,-1,8.88,ExponentialRegressionTrainer,2,CounterIRQCombined
216,25,XgboostFitTrainer_1,xgboost,XgboostFitTrainer_1.json,"['cache_miss', 'cpu_cycles', 'cpu_instructions']",[],AbsPower,1.51,4.36,1.51,0.0,0.0,0.9,2.09,-1,-1,4.36,XgboostFitTrainer,1,CounterOnly
217,43,PolynomialRegressionTrainer_1,scikit,PolynomialRegressionTrainer_1.json,"['cache_miss', 'cpu_cycles', 'cpu_instructions']",['poly_scaler.pkl'],AbsPower,2.73,5.98,2.73,0.0,0.0,1.19,2.07,-1,-1,5.98,PolynomialRegressionTrainer,1,CounterOnly
218,41,GradientBoostingRegressorTrainer_0,scikit,GradientBoostingRegressorTrainer_0.json,"['cache_miss', 'cpu_cycles', 'cpu_instructions']",[],AbsPower,4.23,0.99,4.23,0.0,0.0,0.18,2.42,-1,-1,0.99,GradientBoostingRegressorTrainer,0,CounterOnly
219,26,XgboostFitTrainer_3,xgboost,XgboostFitTrainer_3.json,"['cache_miss', 'cpu_cycles', 'cpu_instructions']",[],AbsPower,4.25,0.9,4.25,0.0,0.0,0.29,1.67,-1,-1,0.9,XgboostFitTrainer,3,CounterOnly
220,28,KNeighborsRegressorTrainer_1,scikit,KNeighborsRegressorTrainer_1.json,"['cache_miss', 'cpu_cycles', 'cpu_instructions']",[],AbsPower,4.43,5.63,4.43,0.0,0.0,1.18,2.84,-1,-1,5.63,KNeighborsRegressorTrainer,1,CounterOnly
221,48,PolynomialRegressionTrainer_4,scikit,PolynomialRegressionTrainer_4.json,"['cache_miss', 'cpu_cycles', 'cpu_instructions']",['poly_scaler.pkl'],AbsPower,4.85,0.92,4.85,0.0,0.0,0.15,2.14,-1,-1,0.92,PolynomialRegressionTrainer,4,CounterOnly
222,40,PolynomialRegressionTrainer_0,scikit,PolynomialRegressionTrainer_0.json,"['cache_miss', 'cpu_cycles', 'cpu_instructions']",['poly_scaler.pkl'],AbsPower,4.91,1.44,4.91,0.0,0.0,0.31,2.34,-1,-1,1.44,PolynomialRegressionTrainer,0,CounterOnly
223,21,XgboostFitTrainer_4,xgboost,XgboostFitTrainer_4.json,"['cache_miss', 'cpu_cycles', 'cpu_instructions']",[],AbsPower,5.9,1.15,5.9,0.0,0.0,0.18,1.56,-1,-1,1.15,XgboostFitTrainer,4,CounterOnly
224,19,KNeighborsRegressorTrainer_4,scikit,KNeighborsRegressorTrainer_4.json,"['cache_miss', 'cpu_cycles', 'cpu_instructions']",[],AbsPower,6.02,1.89,6.02,0.0,0.0,0.29,1.41,-1,-1,1.89,KNeighborsRegressorTrainer,4,CounterOnly
225,20,XgboostFitTrainer_5,xgboost,XgboostFitTrainer_5.json,"['cache_miss', 'cpu_cycles', 'cpu_instructions']",[],AbsPower,6.34,0.34,6.34,0.0,0.0,0.11,3.32,-1,-1,0.34,XgboostFitTrainer,5,CounterOnly
226,42,GradientBoostingRegressorTrainer_1,scikit,GradientBoostingRegressorTrainer_1.json,"['cache_miss', 'cpu_cycles', 'cpu_instructions']",[],AbsPower,6.54,5.68,6.54,0.0,0.0,1.06,4.92,-1,-1,5.68,GradientBoostingRegressorTrainer,1,CounterOnly
227,46,GradientBoostingRegressorTrainer_5,scikit,GradientBoostingRegressorTrainer_5.json,"['cache_miss', 'cpu_cycles', 'cpu_instructions']",[],AbsPower,6.55,0.37,6.55,0.0,0.0,0.12,3.23,-1,-1,0.37,GradientBoostingRegressorTrainer,5,CounterOnly
228,24,KNeighborsRegressorTrainer_2,scikit,KNeighborsRegressorTrainer_2.json,"['cache_miss', 'cpu_cycles', 'cpu_instructions']",[],AbsPower,6.88,2.67,6.88,0.0,0.0,0.38,3.34,-1,-1,2.67,KNeighborsRegressorTrainer,2,CounterOnly
229,33,GradientBoostingRegressorTrainer_3,scikit,GradientBoostingRegressorTrainer_3.json,"['cache_miss', 'cpu_cycles', 'cpu_instructions']",[],AbsPower,7.34,1.37,7.34,0.0,0.0,0.48,3.79,-1,-1,1.37,GradientBoostingRegressorTrainer,3,CounterOnly
230,22,XgboostFitTrainer_0,xgboost,XgboostFitTrainer_0.json,"['cache_miss', 'cpu_cycles', 'cpu_instructions']",[],AbsPower,8.14,2.99,8.14,0.0,0.0,0.59,4.92,-1,-1,2.99,XgboostFitTrainer,0,CounterOnly
231,49,GradientBoostingRegressorTrainer_4,scikit,GradientBoostingRegressorTrainer_4.json,"['cache_miss', 'cpu_cycles', 'cpu_instructions']",[],AbsPower,8.4,1.57,8.4,0.0,0.0,0.22,3.03,-1,-1,1.57,GradientBoostingRegressorTrainer,4,CounterOnly
232,47,PolynomialRegressionTrainer_5,scikit,PolynomialRegressionTrainer_5.json,"['cache_miss', 'cpu_cycles', 'cpu_instructions']",['poly_scaler.pkl'],AbsPower,9.3,0.33,9.3,0.0,0.0,0.1,4.03,-1,-1,0.33,PolynomialRegressionTrainer,5,CounterOnly
233,7,LogarithmicRegressionTrainer_5,curvefit,LogarithmicRegressionTrainer_5.json,"['cache_miss', 'cpu_cycles', 'cpu_instructions']",[],AbsPower,9.39,0.31,9.39,0.0,0.0,0.1,4.41,-1,-1,0.31,LogarithmicRegressionTrainer,5,CounterOnly
234,27,KNeighborsRegressorTrainer_0,scikit,KNeighborsRegressorTrainer_0.json,"['cache_miss', 'cpu_cycles', 'cpu_instructions']",[],AbsPower,9.87,1.86,9.87,0.0,0.0,0.35,6.34,-1,-1,1.86,KNeighborsRegressorTrainer,0,CounterOnly
235,30,LinearRegressionTrainer_0,scikit,LinearRegressionTrainer_0.json,"['cache_miss', 'cpu_cycles', 'cpu_instructions']",[],AbsPower,10.71,4.84,10.71,0.0,0.0,1.03,6.88,-1,-1,4.84,LinearRegressionTrainer,0,CounterOnly
236,5,SGDRegressorTrainer_3,scikit,SGDRegressorTrainer_3.json,"['cache_miss', 'cpu_cycles', 'cpu_instructions']",[],AbsPower,10.72,3.29,10.72,0.0,0.0,1.05,8.01,-1,-1,3.29,SGDRegressorTrainer,3,CounterOnly
237,32,PolynomialRegressionTrainer_3,scikit,PolynomialRegressionTrainer_3.json,"['cache_miss', 'cpu_cycles', 'cpu_instructions']",['poly_scaler.pkl'],AbsPower,11.5,3.52,11.5,0.0,0.0,1.19,4.03,-1,-1,3.52,PolynomialRegressionTrainer,3,CounterOnly
238,29,XgboostFitTrainer_2,xgboost,XgboostFitTrainer_2.json,"['cache_miss', 'cpu_cycles', 'cpu_instructions']",[],AbsPower,11.73,1.88,11.73,0.0,0.0,0.29,5.15,-1,-1,1.88,XgboostFitTrainer,2,CounterOnly
239,10,LogarithmicRegressionTrainer_1,curvefit,LogarithmicRegressionTrainer_1.json,"['cache_miss', 'cpu_cycles', 'cpu_instructions']",[],AbsPower,12.01,6.07,12.01,0.0,0.0,1.51,10.27,-1,-1,6.07,LogarithmicRegressionTrainer,1,CounterOnly
240,13,SGDRegressorTrainer_5,scikit,SGDRegressorTrainer_5.json,"['cache_miss', 'cpu_cycles', 'cpu_instructions']",[],AbsPower,13.02,1.21,13.02,0.0,0.0,0.38,5.57,-1,-1,1.21,SGDRegressorTrainer,5,CounterOnly
241,1,SGDRegressorTrainer_0,scikit,SGDRegressorTrainer_0.json,"['cache_miss', 'cpu_cycles', 'cpu_instructions']",[],AbsPower,13.1,5.02,13.1,0.0,0.0,0.98,8.15,-1,-1,5.02,SGDRegressorTrainer,0,CounterOnly
242,38,LinearRegressionTrainer_3,scikit,LinearRegressionTrainer_3.json,"['cache_miss', 'cpu_cycles', 'cpu_instructions']",[],AbsPower,13.48,5.91,13.48,0.0,0.0,2.23,10.62,-1,-1,5.91,LinearRegressionTrainer,3,CounterOnly
243,50,LinearRegressionTrainer_5,scikit,LinearRegressionTrainer_5.json,"['cache_miss', 'cpu_cycles', 'cpu_instructions']",[],AbsPower,14.41,0.34,14.41,0.0,0.0,0.11,6.06,-1,-1,0.34,LinearRegressionTrainer,5,CounterOnly
244,34,GradientBoostingRegressorTrainer_2,scikit,GradientBoostingRegressorTrainer_2.json,"['cache_miss', 'cpu_cycles', 'cpu_instructions']",[],AbsPower,14.54,1.98,14.54,0.0,0.0,0.28,9.66,-1,-1,1.98,GradientBoostingRegressorTrainer,2,CounterOnly
245,35,PolynomialRegressionTrainer_2,scikit,PolynomialRegressionTrainer_2.json,"['cache_miss', 'cpu_cycles', 'cpu_instructions']",['poly_scaler.pkl'],AbsPower,14.67,1.8,14.67,0.0,0.0,0.27,5.35,-1,-1,1.8,PolynomialRegressionTrainer,2,CounterOnly
246,53,LinearRegressionTrainer_4,scikit,LinearRegressionTrainer_4.json,"['cache_miss', 'cpu_cycles', 'cpu_instructions']",[],AbsPower,16.69,5.01,16.69,0.0,0.0,0.87,17.83,-1,-1,5.01,LinearRegressionTrainer,4,CounterOnly
247,11,LogarithmicRegressionTrainer_0,curvefit,LogarithmicRegressionTrainer_0.json,"['cache_miss', 'cpu_cycles', 'cpu_instructions']",[],AbsPower,18.52,6.83,18.52,0.0,0.0,1.34,7.85,-1,-1,6.83,LogarithmicRegressionTrainer,0,CounterOnly
248,2,SGDRegressorTrainer_1,scikit,SGDRegressorTrainer_1.json,"['cache_miss', 'cpu_cycles', 'cpu_instructions']",[],AbsPower,19.92,15.03,19.92,0.0,0.0,3.03,22.58,-1,-1,15.03,SGDRegressorTrainer,1,CounterOnly
249,45,LinearRegressionTrainer_2,scikit,LinearRegressionTrainer_2.json,"['cache_miss', 'cpu_cycles', 'cpu_instructions']",[],AbsPower,20.74,3.35,20.74,0.0,0.0,0.55,8.99,-1,-1,3.35,LinearRegressionTrainer,2,CounterOnly
250,23,KNeighborsRegressorTrainer_3,scikit,KNeighborsRegressorTrainer_3.json,"['cache_miss', 'cpu_cycles', 'cpu_instructions']",[],AbsPower,21.04,1.1,21.04,0.0,0.0,0.41,10.47,-1,-1,1.1,KNeighborsRegressorTrainer,3,CounterOnly
251,37,LinearRegressionTrainer_1,scikit,LinearRegressionTrainer_1.json,"['cache_miss', 'cpu_cycles', 'cpu_instructions']",[],AbsPower,21.07,9.76,21.07,0.0,0.0,2.37,25.68,-1,-1,9.76,LinearRegressionTrainer,1,CounterOnly
252,36,ExponentialRegressionTrainer_1,curvefit,ExponentialRegressionTrainer_1.json,"['cache_miss', 'cpu_cycles', 'cpu_instructions']",[],AbsPower,21.37,10.06,21.37,0.0,0.0,2.28,28.31,-1,-1,10.06,ExponentialRegressionTrainer,1,CounterOnly
253,8,SGDRegressorTrainer_2,scikit,SGDRegressorTrainer_2.json,"['cache_miss', 'cpu_cycles', 'cpu_instructions']",[],AbsPower,21.99,4.03,21.99,0.0,0.0,0.69,10.77,-1,-1,4.03,SGDRegressorTrainer,2,CounterOnly
254,3,SVRRegressorTrainer_1,scikit,SVRRegressorTrainer_1.json,"['cache_miss', 'cpu_cycles', 'cpu_instructions']",[],AbsPower,24.22,6.86,24.22,0.0,0.0,1.27,21.46,-1,-1,6.86,SVRRegressorTrainer,1,CounterOnly
255,18,KNeighborsRegressorTrainer_5,scikit,KNeighborsRegressorTrainer_5.json,"['cache_miss', 'cpu_cycles', 'cpu_instructions']",[],AbsPower,25.45,0.34,25.45,0.0,0.0,0.11,3.93,-1,-1,0.34,KNeighborsRegressorTrainer,5,CounterOnly
256,16,SGDRegressorTrainer_4,scikit,SGDRegressorTrainer_4.json,"['cache_miss', 'cpu_cycles', 'cpu_instructions']",[],AbsPower,26.95,5.44,26.95,0.0,0.0,0.84,15.88,-1,-1,5.44,SGDRegressorTrainer,4,CounterOnly
257,15,LogarithmicRegressionTrainer_3,curvefit,LogarithmicRegressionTrainer_3.json,"['cache_miss', 'cpu_cycles', 'cpu_instructions']",[],AbsPower,34.82,7.55,34.82,0.0,0.0,2.58,19.15,-1,-1,7.55,LogarithmicRegressionTrainer,3,CounterOnly
258,14,LogarithmicRegressionTrainer_2,curvefit,LogarithmicRegressionTrainer_2.json,"['cache_miss', 'cpu_cycles', 'cpu_instructions']",[],AbsPower,40.88,4.99,40.88,0.0,0.0,0.86,22.46,-1,-1,4.99,LogarithmicRegressionTrainer,2,CounterOnly
259,51,ExponentialRegressionTrainer_5,curvefit,ExponentialRegressionTrainer_5.json,"['cache_miss', 'cpu_cycles', 'cpu_instructions']",[],AbsPower,47.31,0.53,47.31,0.0,0.0,0.17,27.9,-1,-1,0.53,ExponentialRegressionTrainer,5,CounterOnly
260,4,SVRRegressorTrainer_3,scikit,SVRRegressorTrainer_3.json,"['cache_miss', 'cpu_cycles', 'cpu_instructions']",[],AbsPower,48.86,3.72,48.86,0.0,0.0,1.35,44.16,-1,-1,3.72,SVRRegressorTrainer,3,CounterOnly
261,31,ExponentialRegressionTrainer_0,curvefit,ExponentialRegressionTrainer_0.json,"['cache_miss', 'cpu_cycles', 'cpu_instructions']",[],AbsPower,56.63,13.74,56.63,0.0,0.0,2.66,64.35,-1,-1,13.74,ExponentialRegressionTrainer,0,CounterOnly
262,39,ExponentialRegressionTrainer_3,curvefit,ExponentialRegressionTrainer_3.json,"['cache_miss', 'cpu_cycles', 'cpu_instructions']",[],AbsPower,59.91,12.31,59.91,0.0,0.0,3.93,37.03,-1,-1,12.31,ExponentialRegressionTrainer,3,CounterOnly
263,6,LogarithmicRegressionTrainer_4,curvefit,LogarithmicRegressionTrainer_4.json,"['cache_miss', 'cpu_cycles', 'cpu_instructions']",[],AbsPower,62.81,8.14,62.81,0.0,0.0,1.24,33.12,-1,-1,8.14,LogarithmicRegressionTrainer,4,CounterOnly
264,52,ExponentialRegressionTrainer_4,curvefit,ExponentialRegressionTrainer_4.json,"['cache_miss', 'cpu_cycles', 'cpu_instructions']",[],AbsPower,64.46,14.46,64.46,0.0,0.0,2.15,17.09,-1,-1,14.46,ExponentialRegressionTrainer,4,CounterOnly
265,44,ExponentialRegressionTrainer_2,curvefit,ExponentialRegressionTrainer_2.json,"['cache_miss', 'cpu_cycles', 'cpu_instructions']",[],AbsPower,74.11,10.52,74.11,0.0,0.0,1.66,57.62,-1,-1,10.52,ExponentialRegressionTrainer,2,CounterOnly
266,12,SVRRegressorTrainer_5,scikit,SVRRegressorTrainer_5.json,"['cache_miss', 'cpu_cycles', 'cpu_instructions']",[],AbsPower,76.14,0.53,76.14,0.0,0.0,0.17,69.89,-1,-1,0.53,SVRRegressorTrainer,5,CounterOnly
267,0,SVRRegressorTrainer_0,scikit,SVRRegressorTrainer_0.json,"['cache_miss', 'cpu_cycles', 'cpu_instructions']",[],AbsPower,87.11,1.99,87.11,0.0,0.0,0.39,104.29,-1,-1,1.99,SVRRegressorTrainer,0,CounterOnly
