,Unnamed: 0,model_name,model_class,model_file,features,fe_files,output_type,mae,mape,package_mae,core_mae,uncore_mae,dram_mae,package_mape,core_mape,uncore_mape,dram_mape,trainer,node_type,feature_group
1,42,GradientBoostingRegressorTrainer_1,scikit,GradientBoostingRegressorTrainer_1.json,"['bpf_block_irq', 'bpf_cpu_time_ms', 'bpf_net_rx_irq', 'bpf_net_tx_irq', 'bpf_page_cache_hit']",[],DynPower,5.16,18.49,5.16,0.0,0.0,0.91,17.12,-1,-1,18.49,GradientBoostingRegressorTrainer,1,BPFIRQ
2,25,XgboostFitTrainer_1,xgboost,XgboostFitTrainer_1.json,"['bpf_block_irq', 'bpf_cpu_time_ms', 'bpf_net_rx_irq', 'bpf_net_tx_irq', 'bpf_page_cache_hit']",[],DynPower,8.14,22.25,8.14,0.0,0.0,1.68,52.77,-1,-1,22.25,XgboostFitTrainer,1,BPFIRQ
3,28,KNeighborsRegressorTrainer_1,scikit,KNeighborsRegressorTrainer_1.json,"['bpf_block_irq', 'bpf_cpu_time_ms', 'bpf_net_rx_irq', 'bpf_net_tx_irq', 'bpf_page_cache_hit']",[],DynPower,8.82,11.09,8.82,0.0,0.0,0.89,28.95,-1,-1,11.09,KNeighborsRegressorTrainer,1,BPFIRQ
19,29,XgboostFitTrainer_2,xgboost,XgboostFitTrainer_2.json,"['bpf_block_irq', 'bpf_cpu_time_ms', 'bpf_net_rx_irq', 'bpf_net_tx_irq', 'bpf_page_cache_hit']",[],DynPower,42.39,10.34,42.39,0.0,0.0,0.38,37.33,-1,-1,10.34,XgboostFitTrainer,2,BPFIRQ
45,49,GradientBoostingRegressorTrainer_4,scikit,GradientBoostingRegressorTrainer_4.json,"['bpf_block_irq', 'bpf_cpu_time_ms', 'bpf_net_rx_irq', 'bpf_net_tx_irq', 'bpf_page_cache_hit']",[],DynPower,89.29,9.76,89.29,0.0,0.0,0.69,200.15,-1,-1,9.76,GradientBoostingRegressorTrainer,4,BPFIRQ
54,42,GradientBoostingRegressorTrainer_1,scikit,GradientBoostingRegressorTrainer_1.json,"['bpf_cpu_time_ms', 'bpf_page_cache_hit']",[],DynPower,2.94,17.23,2.94,0.0,0.0,0.7,48.02,-1,-1,17.23,GradientBoostingRegressorTrainer,1,BPFOnly
55,28,KNeighborsRegressorTrainer_1,scikit,KNeighborsRegressorTrainer_1.json,"['bpf_cpu_time_ms', 'bpf_page_cache_hit']",[],DynPower,4.12,38.81,4.12,0.0,0.0,1.0,15.45,-1,-1,38.81,KNeighborsRegressorTrainer,1,BPFOnly
56,25,XgboostFitTrainer_1,xgboost,XgboostFitTrainer_1.json,"['bpf_cpu_time_ms', 'bpf_page_cache_hit']",[],DynPower,5.03,34.41,5.03,0.0,0.0,0.94,11.83,-1,-1,34.41,XgboostFitTrainer,1,BPFOnly
60,41,GradientBoostingRegressorTrainer_0,scikit,GradientBoostingRegressorTrainer_0.json,"['bpf_cpu_time_ms', 'bpf_page_cache_hit']",[],DynPower,16.65,17.6,16.65,0.0,0.0,0.41,20.5,-1,-1,17.6,GradientBoostingRegressorTrainer,0,BPFOnly
62,26,XgboostFitTrainer_3,xgboost,XgboostFitTrainer_3.json,"['bpf_cpu_time_ms', 'bpf_page_cache_hit']",[],DynPower,19.51,15.08,19.51,0.0,0.0,1.18,76.56,-1,-1,15.08,XgboostFitTrainer,3,BPFOnly
72,2,SGDRegressorTrainer_1,scikit,SGDRegressorTrainer_1.json,"['bpf_cpu_time_ms', 'bpf_page_cache_hit']",[],DynPower,28.54,19.92,28.54,0.0,0.0,2.55,375.51,-1,-1,19.92,SGDRegressorTrainer,1,BPFOnly
97,16,SGDRegressorTrainer_4,scikit,SGDRegressorTrainer_4.json,"['bpf_cpu_time_ms', 'bpf_page_cache_hit']",[],DynPower,73.98,12.78,73.98,0.0,0.0,0.85,212.62,-1,-1,12.78,SGDRegressorTrainer,4,BPFOnly
108,42,GradientBoostingRegressorTrainer_1,scikit,GradientBoostingRegressorTrainer_1.json,"['bpf_block_irq', 'bpf_net_rx_irq', 'bpf_net_tx_irq', 'cache_miss', 'cpu_cycles', 'cpu_instructions']",[],DynPower,3.26,59.61,3.26,0.0,0.0,0.65,19.23,-1,-1,59.61,GradientBoostingRegressorTrainer,1,CounterIRQCombined
109,10,LogarithmicRegressionTrainer_1,curvefit,LogarithmicRegressionTrainer_1.json,"['bpf_block_irq', 'bpf_net_rx_irq', 'bpf_net_tx_irq', 'cache_miss', 'cpu_cycles', 'cpu_instructions']",[],DynPower,4.45,50.27,4.45,0.0,0.0,1.6,81.95,-1,-1,50.27,LogarithmicRegressionTrainer,1,CounterIRQCombined
110,28,KNeighborsRegressorTrainer_1,scikit,KNeighborsRegressorTrainer_1.json,"['bpf_block_irq', 'bpf_net_rx_irq', 'bpf_net_tx_irq', 'cache_miss', 'cpu_cycles', 'cpu_instructions']",[],DynPower,4.8,21.56,4.8,0.0,0.0,0.92,20.66,-1,-1,21.56,KNeighborsRegressorTrainer,1,CounterIRQCombined
112,35,PolynomialRegressionTrainer_2,scikit,PolynomialRegressionTrainer_2.json,"['bpf_block_irq', 'bpf_net_rx_irq', 'bpf_net_tx_irq', 'cache_miss', 'cpu_cycles', 'cpu_instructions']",['poly_scaler.pkl'],DynPower,5.31,14.7,5.31,0.0,0.0,0.26,22.99,-1,-1,14.7,PolynomialRegressionTrainer,2,CounterIRQCombined
113,27,KNeighborsRegressorTrainer_0,scikit,KNeighborsRegressorTrainer_0.json,"['bpf_block_irq', 'bpf_net_rx_irq', 'bpf_net_tx_irq', 'cache_miss', 'cpu_cycles', 'cpu_instructions']",[],DynPower,5.34,77.04,5.34,0.0,0.0,0.42,51.34,-1,-1,77.04,KNeighborsRegressorTrainer,0,CounterIRQCombined
114,41,GradientBoostingRegressorTrainer_0,scikit,GradientBoostingRegressorTrainer_0.json,"['bpf_block_irq', 'bpf_net_rx_irq', 'bpf_net_tx_irq', 'cache_miss', 'cpu_cycles', 'cpu_instructions']",[],DynPower,5.82,45.4,5.82,0.0,0.0,0.42,7.1,-1,-1,45.4,GradientBoostingRegressorTrainer,0,CounterIRQCombined
115,25,XgboostFitTrainer_1,xgboost,XgboostFitTrainer_1.json,"['bpf_block_irq', 'bpf_net_rx_irq', 'bpf_net_tx_irq', 'cache_miss', 'cpu_cycles', 'cpu_instructions']",[],DynPower,5.9,8.58,5.9,0.0,0.0,0.48,8.22,-1,-1,8.58,XgboostFitTrainer,1,CounterIRQCombined
117,49,GradientBoostingRegressorTrainer_4,scikit,GradientBoostingRegressorTrainer_4.json,"['bpf_block_irq', 'bpf_net_rx_irq', 'bpf_net_tx_irq', 'cache_miss', 'cpu_cycles', 'cpu_instructions']",[],DynPower,6.61,16.91,6.61,0.0,0.0,0.22,10.45,-1,-1,16.91,GradientBoostingRegressorTrainer,4,CounterIRQCombined
118,24,KNeighborsRegressorTrainer_2,scikit,KNeighborsRegressorTrainer_2.json,"['bpf_block_irq', 'bpf_net_rx_irq', 'bpf_net_tx_irq', 'cache_miss', 'cpu_cycles', 'cpu_instructions']",[],DynPower,7.22,20.08,7.22,0.0,0.0,0.23,11.96,-1,-1,20.08,KNeighborsRegressorTrainer,2,CounterIRQCombined
119,21,XgboostFitTrainer_4,xgboost,XgboostFitTrainer_4.json,"['bpf_block_irq', 'bpf_net_rx_irq', 'bpf_net_tx_irq', 'cache_miss', 'cpu_cycles', 'cpu_instructions']",[],DynPower,7.92,96.66,7.92,0.0,0.0,0.1,35.95,-1,-1,96.66,XgboostFitTrainer,4,CounterIRQCombined
121,19,KNeighborsRegressorTrainer_4,scikit,KNeighborsRegressorTrainer_4.json,"['bpf_block_irq', 'bpf_net_rx_irq', 'bpf_net_tx_irq', 'cache_miss', 'cpu_cycles', 'cpu_instructions']",[],DynPower,10.1,9.87,10.1,0.0,0.0,0.28,9.74,-1,-1,9.87,KNeighborsRegressorTrainer,4,CounterIRQCombined
124,33,GradientBoostingRegressorTrainer_3,scikit,GradientBoostingRegressorTrainer_3.json,"['bpf_block_irq', 'bpf_net_rx_irq', 'bpf_net_tx_irq', 'cache_miss', 'cpu_cycles', 'cpu_instructions']",[],DynPower,10.86,8.63,10.86,0.0,0.0,0.62,596.58,-1,-1,8.63,GradientBoostingRegressorTrainer,3,CounterIRQCombined
132,29,XgboostFitTrainer_2,xgboost,XgboostFitTrainer_2.json,"['bpf_block_irq', 'bpf_net_rx_irq', 'bpf_net_tx_irq', 'cache_miss', 'cpu_cycles', 'cpu_instructions']",[],DynPower,15.83,15.24,15.83,0.0,0.0,0.2,31.62,-1,-1,15.24,XgboostFitTrainer,2,CounterIRQCombined
147,14,LogarithmicRegressionTrainer_2,curvefit,LogarithmicRegressionTrainer_2.json,"['bpf_block_irq', 'bpf_net_rx_irq', 'bpf_net_tx_irq', 'cache_miss', 'cpu_cycles', 'cpu_instructions']",[],DynPower,30.48,18.1,30.48,0.0,0.0,0.63,144.9,-1,-1,18.1,LogarithmicRegressionTrainer,2,CounterIRQCombined
150,6,LogarithmicRegressionTrainer_4,curvefit,LogarithmicRegressionTrainer_4.json,"['bpf_block_irq', 'bpf_net_rx_irq', 'bpf_net_tx_irq', 'cache_miss', 'cpu_cycles', 'cpu_instructions']",[],DynPower,35.18,13.93,35.18,0.0,0.0,0.84,191.33,-1,-1,13.93,LogarithmicRegressionTrainer,4,CounterIRQCombined
157,0,SVRRegressorTrainer_0,scikit,SVRRegressorTrainer_0.json,"['bpf_block_irq', 'bpf_net_rx_irq', 'bpf_net_tx_irq', 'cache_miss', 'cpu_cycles', 'cpu_instructions']",[],DynPower,84.65,16.94,84.65,0.0,0.0,0.46,3761.35,-1,-1,16.94,SVRRegressorTrainer,0,CounterIRQCombined
160,17,SVRRegressorTrainer_4,scikit,SVRRegressorTrainer_4.json,"['bpf_block_irq', 'bpf_net_rx_irq', 'bpf_net_tx_irq', 'cache_miss', 'cpu_cycles', 'cpu_instructions']",[],DynPower,99.15,6.47,99.15,0.0,0.0,0.22,3271.22,-1,-1,6.47,SVRRegressorTrainer,4,CounterIRQCombined
162,43,PolynomialRegressionTrainer_1,scikit,PolynomialRegressionTrainer_1.json,"['cache_miss', 'cpu_cycles', 'cpu_instructions']",['poly_scaler.pkl'],DynPower,4.75,22.27,4.75,0.0,0.0,1.69,23.17,-1,-1,22.27,PolynomialRegressionTrainer,1,CounterOnly
163,27,KNeighborsRegressorTrainer_0,scikit,KNeighborsRegressorTrainer_0.json,"['cache_miss', 'cpu_cycles', 'cpu_instructions']",[],DynPower,5.2,20.48,5.2,0.0,0.0,0.38,36.73,-1,-1,20.48,KNeighborsRegressorTrainer,0,CounterOnly
164,41,GradientBoostingRegressorTrainer_0,scikit,GradientBoostingRegressorTrainer_0.json,"['cache_miss', 'cpu_cycles', 'cpu_instructions']",[],DynPower,5.39,48.08,5.39,0.0,0.0,0.16,20.36,-1,-1,48.08,GradientBoostingRegressorTrainer,0,CounterOnly
166,34,GradientBoostingRegressorTrainer_2,scikit,GradientBoostingRegressorTrainer_2.json,"['cache_miss', 'cpu_cycles', 'cpu_instructions']",[],DynPower,6.02,12.37,6.02,0.0,0.0,0.17,38.22,-1,-1,12.37,GradientBoostingRegressorTrainer,2,CounterOnly
167,25,XgboostFitTrainer_1,xgboost,XgboostFitTrainer_1.json,"['cache_miss', 'cpu_cycles', 'cpu_instructions']",[],DynPower,6.24,23.13,6.24,0.0,0.0,1.0,15.62,-1,-1,23.13,XgboostFitTrainer,1,CounterOnly
168,26,XgboostFitTrainer_3,xgboost,XgboostFitTrainer_3.json,"['cache_miss', 'cpu_cycles', 'cpu_instructions']",[],DynPower,6.5,46.34,6.5,0.0,0.0,0.9,15.73,-1,-1,46.34,XgboostFitTrainer,3,CounterOnly
169,28,KNeighborsRegressorTrainer_1,scikit,KNeighborsRegressorTrainer_1.json,"['cache_miss', 'cpu_cycles', 'cpu_instructions']",[],DynPower,6.73,26.53,6.73,0.0,0.0,1.33,16.28,-1,-1,26.53,KNeighborsRegressorTrainer,1,CounterOnly
172,42,GradientBoostingRegressorTrainer_1,scikit,GradientBoostingRegressorTrainer_1.json,"['cache_miss', 'cpu_cycles', 'cpu_instructions']",[],DynPower,7.56,18.2,7.56,0.0,0.0,0.6,62.86,-1,-1,18.2,GradientBoostingRegressorTrainer,1,CounterOnly
173,32,PolynomialRegressionTrainer_3,scikit,PolynomialRegressionTrainer_3.json,"['cache_miss', 'cpu_cycles', 'cpu_instructions']",['poly_scaler.pkl'],DynPower,7.91,59.41,7.91,0.0,0.0,1.77,21.56,-1,-1,59.41,PolynomialRegressionTrainer,3,CounterOnly
174,48,PolynomialRegressionTrainer_4,scikit,PolynomialRegressionTrainer_4.json,"['cache_miss', 'cpu_cycles', 'cpu_instructions']",['poly_scaler.pkl'],DynPower,8.01,10.39,8.01,0.0,0.0,0.17,5.24,-1,-1,10.39,PolynomialRegressionTrainer,4,CounterOnly
175,40,PolynomialRegressionTrainer_0,scikit,PolynomialRegressionTrainer_0.json,"['cache_miss', 'cpu_cycles', 'cpu_instructions']",['poly_scaler.pkl'],DynPower,8.08,18.45,8.08,0.0,0.0,0.33,27.39,-1,-1,18.45,PolynomialRegressionTrainer,0,CounterOnly
176,35,PolynomialRegressionTrainer_2,scikit,PolynomialRegressionTrainer_2.json,"['cache_miss', 'cpu_cycles', 'cpu_instructions']",['poly_scaler.pkl'],DynPower,8.55,13.6,8.55,0.0,0.0,0.3,47.14,-1,-1,13.6,PolynomialRegressionTrainer,2,CounterOnly
177,10,LogarithmicRegressionTrainer_1,curvefit,LogarithmicRegressionTrainer_1.json,"['cache_miss', 'cpu_cycles', 'cpu_instructions']",[],DynPower,8.74,91.32,8.74,0.0,0.0,1.37,46.63,-1,-1,91.32,LogarithmicRegressionTrainer,1,CounterOnly
179,30,LinearRegressionTrainer_0,scikit,LinearRegressionTrainer_0.json,"['cache_miss', 'cpu_cycles', 'cpu_instructions']",[],DynPower,9.9,71.31,9.9,0.0,0.0,1.41,91.23,-1,-1,71.31,LinearRegressionTrainer,0,CounterOnly
182,24,KNeighborsRegressorTrainer_2,scikit,KNeighborsRegressorTrainer_2.json,"['cache_miss', 'cpu_cycles', 'cpu_instructions']",[],DynPower,11.22,10.09,11.22,0.0,0.0,0.22,20.48,-1,-1,10.09,KNeighborsRegressorTrainer,2,CounterOnly
186,21,XgboostFitTrainer_4,xgboost,XgboostFitTrainer_4.json,"['cache_miss', 'cpu_cycles', 'cpu_instructions']",[],DynPower,12.71,3.27,12.71,0.0,0.0,0.17,633.89,-1,-1,3.27,XgboostFitTrainer,4,CounterOnly
188,29,XgboostFitTrainer_2,xgboost,XgboostFitTrainer_2.json,"['cache_miss', 'cpu_cycles', 'cpu_instructions']",[],DynPower,14.09,15.62,14.09,0.0,0.0,0.19,12.95,-1,-1,15.62,XgboostFitTrainer,2,CounterOnly
189,19,KNeighborsRegressorTrainer_4,scikit,KNeighborsRegressorTrainer_4.json,"['cache_miss', 'cpu_cycles', 'cpu_instructions']",[],DynPower,14.21,13.53,14.21,0.0,0.0,0.28,5.63,-1,-1,13.53,KNeighborsRegressorTrainer,4,CounterOnly
190,53,LinearRegressionTrainer_4,scikit,LinearRegressionTrainer_4.json,"['cache_miss', 'cpu_cycles', 'cpu_instructions']",[],DynPower,16.09,16.31,16.09,0.0,0.0,0.71,4.45,-1,-1,16.31,LinearRegressionTrainer,4,CounterOnly
192,33,GradientBoostingRegressorTrainer_3,scikit,GradientBoostingRegressorTrainer_3.json,"['cache_miss', 'cpu_cycles', 'cpu_instructions']",[],DynPower,17.7,13.84,17.7,0.0,0.0,0.55,37.4,-1,-1,13.84,GradientBoostingRegressorTrainer,3,CounterOnly
