{"learner":{"attributes":{"scikit_learn":"{\"_estimator_type\": \"regressor\"}"},"feature_names":[],"feature_types":[],"gradient_booster":{"model":{"gbtree_model_param":{"num_parallel_tree":"1","num_trees":"100"},"iteration_indptr":[0,1,2,3,4,5,6,7,8,9,10,11,12,13,14,15,16,17,18,19,20,21,22,23,24,25,26,27,28,29,30,31,32,33,34,35,36,37,38,39,40,41,42,43,44,45,46,47,48,49,50,51,52,53,54,55,56,57,58,59,60,61,62,63,64,65,66,67,68,69,70,71,72,73,74,75,76,77,78,79,80,81,82,83,84,85,86,87,88,89,90,91,92,93,94,95,96,97,98,99,100],"tree_info":[0,0,0,0,0,0,0,0,0,0,0,0,0,0,0,0,0,0,0,0,0,0,0,0,0,0,0,0,0,0,0,0,0,0,0,0,0,0,0,0,0,0,0,0,0,0,0,0,0,0,0,0,0,0,0,0,0,0,0,0,0,0,0,0,0,0,0,0,0,0,0,0,0,0,0,0,0,0,0,0,0,0,0,0,0,0,0,0,0,0,0,0,0,0,0,0,0,0,0,0],"trees":[{"base_weights":[-3.0517579E-6,-3.642593E1,4.371111E0,-4.908334E0,-7.4074095E-1],"categories":[],"categories_nodes":[],"categories_segments":[],"categories_sizes":[],"default_left":[0,0,0,0,0],"id":0,"left_children":[1,3,-1,-1,-1],"loss_changes":[1.7514395E4,1.8402148E3,0E0,0E0,0E0],"parents":[2147483647,0,0,1,1],"right_children":[2,4,-1,-1,-1],"split_conditions":[7.11075E-1,4.044243E-1,4.371111E0,-4.908334E0,-7.4074095E-1],"split_indices":[0,0,0,0,0],"split_type":[0,0,0,0,0],"sum_hessian":[9E0,5E0,4E0,3E0,2E0],"tree_param":{"num_deleted":"0","num_feature":"2","num_nodes":"5","size_leaf_vector":"1"}},{"base_weights":[-1.2779693E-1,-3.3724846E1,4.0214222E1,-4.5402083E0,-6.9135845E-1,1.1758889E0,4.438833E0],"categories":[],"categories_nodes":[],"categories_segments":[],"categories_sizes":[],"default_left":[0,0,0,0,0,0,0],"id":1,"left_children":[1,3,5,-1,-1,-1,-1],"loss_changes":[1.4909946E4,1.5645967E3,7.192139E1,0E0,0E0,0E0,0E0],"parents":[2147483647,0,0,1,1,2,2],"right_children":[2,4,6,-1,-1,-1,-1],"split_conditions":[7.11075E-1,4.044243E-1,8.0648255E-1,-4.5402083E0,-6.9135845E-1,1.1758889E0,4.438833E0],"split_indices":[0,0,0,0,0,0,0],"split_type":[0,0,0,0,0,0,0],"sum_hessian":[9E0,5E0,4E0,3E0,2E0,1E0,3E0],"tree_param":{"num_deleted":"0","num_feature":"2","num_nodes":"7","size_leaf_vector":"1"}},{"base_weights":[-7.669983E-2,-3.1224289E1,3.7315746E1,-4.1996927E0,-6.452677E-1,1.1170944E0,4.1059213E0],"categories":[],"categories_nodes":[],"categories_segments":[],"categories_sizes":[],"default_left":[0,0,0,0,0,0,0],"id":2,"left_children":[1,3,5,-1,-1,-1,-1],"loss_changes":[1.2812004E4,1.3301401E3,3.069043E1,0E0,0E0,0E0,0E0],"parents":[2147483647,0,0,1,1,2,2],"right_children":[2,4,6,-1,-1,-1,-1],"split_conditions":[7.11075E-1,4.044243E-1,8.0648255E-1,-4.1996927E0,-6.452677E-1,1.1170944E0,4.1059213E0],"split_indices":[0,0,0,0,0,0,0],"split_type":[0,0,0,0,0,0,0],"sum_hessian":[9E0,5E0,4E0,3E0,2E0,1E0,3E0],"tree_param":{"num_deleted":"0","num_feature":"2","num_nodes":"7","size_leaf_vector":"1"}},{"base_weights":[-3.1227112E-2,-2.8909355E1,3.4628773E0,-3.8847158E0,-6.0225016E-1],"categories":[],"categories_nodes":[],"categories_segments":[],"categories_sizes":[],"default_left":[0,0,0,0,0],"id":3,"left_children":[1,3,-1,-1,-1],"loss_changes":[1.1010254E4,1.1307129E3,0E0,0E0,0E0],"parents":[2147483647,0,0,1,1],"right_children":[2,4,-1,-1,-1],"split_conditions":[7.11075E-1,4.044243E-1,3.4628773E0,-3.8847158E0,-6.0225016E-1],"split_indices":[0,0,0,0,0],"split_type":[0,0,0,0,0],"sum_hessian":[9E0,5E0,4E0,3E0,2E0],"tree_param":{"num_deleted":"0","num_feature":"2","num_nodes":"5","size_leaf_vector":"1"}},{"base_weights":[-1.3051148E-1,-2.6766245E1,3.185847E1,-4.071877E0,-9.610291E0,8.8809586E-1,3.5382612E0,-1.1336553E0,-2.2157517E-1],"categories":[],"categories_nodes":[],"categories_segments":[],"categories_sizes":[],"default_left":[0,0,0,0,0,0,0,0,0],"id":4,"left_children":[1,3,5,-1,7,-1,-1,-1,-1],"loss_changes":[9.373232E3,1.044894E3,9.064795E1,0E0,2.5940674E1,0E0,0E0,0E0,0E0],"parents":[2147483647,0,0,1,1,2,2,4,4],"right_children":[2,4,6,-1,8,-1,-1,-1,-1],"split_conditions":[7.11075E-1,3.0275455E-1,8.0648255E-1,-4.071877E0,5.073654E-1,8.8809586E-1,3.5382612E0,-1.1336553E0,-2.2157517E-1],"split_indices":[0,0,0,0,0,0,0,0,0],"split_type":[0,0,0,0,0,0,0,0,0],"sum_hessian":[9E0,5E0,4E0,2E0,3E0,1E0,3E0,2E0,1E0],"tree_param":{"num_deleted":"0","num_feature":"2","num_nodes":"9","size_leaf_vector":"1"}},{"base_weights":[-2.1753235E-1,-2.4994139E1,2.9557901E1,-3.8004181E0,-8.988071E0,8.436913E-1,3.272892E0,-1.0580785E0,-2.1049653E-1],"categories":[],"categories_nodes":[],"categories_segments":[],"categories_sizes":[],"default_left":[0,0,0,0,0,0,0,0,0],"id":5,"left_children":[1,3,5,-1,7,-1,-1,-1,-1],"loss_changes":[8.1161157E3,9.0785376E2,5.874414E1,0E0,2.1579071E1,0E0,0E0,0E0,0E0],"parents":[2147483647,0,0,1,1,2,2,4,4],"right_children":[2,4,6,-1,8,-1,-1,-1,-1],"split_conditions":[7.11075E-1,3.0275455E-1,8.0648255E-1,-3.8004181E0,5.073654E-1,8.436913E-1,3.272892E0,-1.0580785E0,-2.1049653E-1],"split_indices":[0,0,0,0,0,0,0,0,0],"split_type":[0,0,0,0,0,0,0,0,0],"sum_hessian":[9E0,5E0,4E0,2E0,3E0,1E0,3E0,2E0,1E0],"tree_param":{"num_deleted":"0","num_feature":"2","num_nodes":"9","size_leaf_vector":"1"}},{"base_weights":[-2.910202E-1,-2.333956E1,2.742543E1,-3.547057E0,-8.40641E0,8.015068E-1,3.0274255E0,-9.875402E-1,-1.9997178E-1],"categories":[],"categories_nodes":[],"categories_segments":[],"categories_sizes":[],"default_left":[0,0,0,0,0,0,0,0,0],"id":6,"left_children":[1,3,5,-1,7,-1,-1,-1,-1],"loss_changes":[7.028334E3,7.887449E2,3.3833496E1,0E0,1.7897491E1,0E0,0E0,0E0,0E0],"parents":[2147483647,0,0,1,1,2,2,4,4],"right_children":[2,4,6,-1,8,-1,-1,-1,-1],"split_conditions":[7.11075E-1,3.0275455E-1,8.0648255E-1,-3.547057E0,5.073654E-1,8.015068E-1,3.0274255E0,-9.875402E-1,-1.9997178E-1],"split_indices":[0,0,0,0,0,0,0,0,0],"split_type":[0,0,0,0,0,0,0,0,0],"sum_hessian":[9E0,5E0,4E0,2E0,3E0,1E0,3E0,2E0,1E0],"tree_param":{"num_deleted":"0","num_feature":"2","num_nodes":"9","size_leaf_vector":"1"}},{"base_weights":[-3.5248262E-1,-2.17947E1,2.5448675E1,-3.3105867E0,-7.862652E0,7.6143116E-1,2.800369E0,-9.217046E-1,-1.8997346E-1],"categories":[],"categories_nodes":[],"categories_segments":[],"categories_sizes":[],"default_left":[0,0,0,0,0,0,0,0,0],"id":7,"left_children":[1,3,5,-1,7,-1,-1,-1,-1],"loss_changes":[6.0869863E3,6.8522656E2,1.4606689E1,0E0,1.4794632E1,0E0,0E0,0E0,0E0],"parents":[2147483647,0,0,1,1,2,2,4,4],"right_children":[2,4,6,-1,8,-1,-1,-1,-1],"split_conditions":[7.11075E-1,3.0275455E-1,8.0648255E-1,-3.3105867E0,5.073654E-1,7.6143116E-1,2.800369E0,-9.217046E-1,-1.8997346E-1],"split_indices":[0,0,0,0,0,0,0,0,0],"split_type":[0,0,0,0,0,0,0,0,0],"sum_hessian":[9E0,5E0,4E0,2E0,3E0,1E0,3E0,2E0,1E0],"tree_param":{"num_deleted":"0","num_feature":"2","num_nodes":"9","size_leaf_vector":"1"}},{"base_weights":[-4.0327913E-1,-2.0352272E1,2.3616168E0,-2.75434E0,-3.980011E-1],"categories":[],"categories_nodes":[],"categories_segments":[],"categories_sizes":[],"default_left":[0,0,0,0,0],"id":8,"left_children":[1,3,-1,-1,-1],"loss_changes":[5.2722803E3,5.967871E2,0E0,0E0,0E0],"parents":[2147483647,0,0,1,1],"right_children":[2,4,-1,-1,-1],"split_conditions":[7.11075E-1,4.044243E-1,2.3616168E0,-2.75434E0,-3.980011E-1],"split_indices":[0,0,0,0,0],"split_type":[0,0,0,0,0],"sum_hessian":[9E0,5E0,4E0,3E0,2E0],"tree_param":{"num_deleted":"0","num_feature":"2","num_nodes":"5","size_leaf_vector":"1"}},{"base_weights":[-4.4202727E-1,-1.884244E1,2.1726873E1,-2.9062583E0,-6.4667244E0,6.052788E-1,2.41322E0,-7.551798E-1,-1.605751E-1],"categories":[],"categories_nodes":[],"categories_segments":[],"categories_sizes":[],"default_left":[0,0,0,0,0,0,0,0,0],"id":9,"left_children":[1,3,5,-1,7,-1,-1,-1,-1],"loss_changes":[4.4885566E3,5.709497E2,4.243921E1,0E0,8.971771E0,0E0,0E0,0E0,0E0],"parents":[2147483647,0,0,1,1,2,2,4,4],"right_children":[2,4,6,-1,8,-1,-1,-1,-1],"split_conditions":[7.11075E-1,3.0275455E-1,8.0648255E-1,-2.9062583E0,5.073654E-1,6.052788E-1,2.41322E0,-7.551798E-1,-1.605751E-1],"split_indices":[0,0,0,0,0,0,0,0,0],"split_type":[0,0,0,0,0,0,0,0,0],"sum_hessian":[9E0,5E0,4E0,2E0,3E0,1E0,3E0,2E0,1E0],"tree_param":{"num_deleted":"0","num_feature":"2","num_nodes":"9","size_leaf_vector":"1"}},{"base_weights":[-4.781784E-1,-1.75952E1,2.0157883E1,-2.712507E0,-6.048996E0,8.865555E-1,2.4730918E0,-7.04835E-1,-1.5254669E-1],"categories":[],"categories_nodes":[],"categories_segments":[],"categories_sizes":[],"default_left":[0,0,0,0,0,0,0,0,0],"id":10,"left_children":[1,3,5,-1,7,-1,-1,-1,-1],"loss_changes":[3.886961E3,4.961234E2,3.8947754E1,0E0,7.3303986E0,0E0,0E0,0E0,0E0],"parents":[2147483647,0,0,1,1,2,2,4,4],"right_children":[2,4,6,-1,8,-1,-1,-1,-1],"split_conditions":[7.11075E-1,3.0275455E-1,9.1433126E-1,-2.712507E0,5.073654E-1,8.865555E-1,2.4730918E0,-7.04835E-1,-1.5254669E-1],"split_indices":[0,0,0,0,0,0,0,0,0],"split_type":[0,0,0,0,0,0,0,0,0],"sum_hessian":[9E0,5E0,4E0,2E0,3E0,2E0,2E0,2E0,1E0],"tree_param":{"num_deleted":"0","num_feature":"2","num_nodes":"9","size_leaf_vector":"1"}},{"base_weights":[-4.513855E-1,-1.6430662E1,1.8814022E1,-2.5316732E0,-5.6584435E0,8.274521E-1,2.3082185E0,-6.578461E-1,-1.4491959E-1],"categories":[],"categories_nodes":[],"categories_segments":[],"categories_sizes":[],"default_left":[0,0,0,0,0,0,0,0,0],"id":11,"left_children":[1,3,5,-1,7,-1,-1,-1,-1],"loss_changes":[3.3875996E3,4.3108276E2,3.392749E1,0E0,5.956848E0,0E0,0E0,0E0,0E0],"parents":[2147483647,0,0,1,1,2,2,4,4],"right_children":[2,4,6,-1,8,-1,-1,-1,-1],"split_conditions":[7.11075E-1,3.0275455E-1,9.1433126E-1,-2.5316732E0,5.073654E-1,8.274521E-1,2.3082185E0,-6.578461E-1,-1.4491959E-1],"split_indices":[0,0,0,0,0,0,0,0,0],"split_type":[0,0,0,0,0,0,0,0,0],"sum_hessian":[9E0,5E0,4E0,2E0,3E0,2E0,2E0,2E0,1E0],"tree_param":{"num_deleted":"0","num_feature":"2","num_nodes":"9","size_leaf_vector":"1"}},{"base_weights":[-4.2612153E-1,-1.5343333E1,1.7559757E1,-2.3628948E0,-5.293289E0,7.722885E-1,2.1543376E0,-6.139893E-1,-1.3767396E-1],"categories":[],"categories_nodes":[],"categories_segments":[],"categories_sizes":[],"default_left":[0,0,0,0,0,0,0,0,0],"id":12,"left_children":[1,3,5,-1,7,-1,-1,-1,-1],"loss_changes":[2.9524167E3,3.7454993E2,2.9554688E1,0E0,4.810028E0,0E0,0E0,0E0,0E0],"parents":[2147483647,0,0,1,1,2,2,4,4],"right_children":[2,4,6,-1,8,-1,-1,-1,-1],"split_conditions":[7.11075E-1,3.0275455E-1,9.1433126E-1,-2.3628948E0,5.073654E-1,7.722885E-1,2.1543376E0,-6.139893E-1,-1.3767396E-1],"split_indices":[0,0,0,0,0,0,0,0,0],"split_type":[0,0,0,0,0,0,0,0,0],"sum_hessian":[9E0,5E0,4E0,2E0,3E0,2E0,2E0,2E0,1E0],"tree_param":{"num_deleted":"0","num_feature":"2","num_nodes":"9","size_leaf_vector":"1"}},{"base_weights":[-4.0230408E-1,-1.4328092E1,1.6389103E1,-2.205368E0,-4.9518776E0,4.5069963E-1,1.823288E0,-5.7305706E-1,-1.3078995E-1],"categories":[],"categories_nodes":[],"categories_segments":[],"categories_sizes":[],"default_left":[0,0,0,0,0,0,0,0,0],"id":13,"left_children":[1,3,5,-1,7,-1,-1,-1,-1],"loss_changes":[2.5731604E3,3.2541345E2,2.7364136E1,0E0,3.8551483E0,0E0,0E0,0E0,0E0],"parents":[2147483647,0,0,1,1,2,2,4,4],"right_children":[2,4,6,-1,8,-1,-1,-1,-1],"split_conditions":[7.11075E-1,3.0275455E-1,8.0648255E-1,-2.205368E0,5.073654E-1,4.5069963E-1,1.823288E0,-5.7305706E-1,-1.3078995E-1],"split_indices":[0,0,0,0,0,0,0,0,0],"split_type":[0,0,0,0,0,0,0,0,0],"sum_hessian":[9E0,5E0,4E0,2E0,3E0,1E0,3E0,2E0,1E0],"tree_param":{"num_deleted":"0","num_feature":"2","num_nodes":"9","size_leaf_vector":"1"}},{"base_weights":[-4.2559662E-1,-1.3380153E1,1.5204989E1,-2.0583436E0,-4.6326523E0,6.450028E-1,1.8891623E0,-5.3485316E-1,-1.2425079E-1],"categories":[],"categories_nodes":[],"categories_segments":[],"categories_sizes":[],"default_left":[0,0,0,0,0,0,0,0,0],"id":14,"left_children":[1,3,5,-1,7,-1,-1,-1,-1],"loss_changes":[2.228318E3,2.8270825E2,3.953003E1,0E0,3.0621338E0,0E0,0E0,0E0,0E0],"parents":[2147483647,0,0,1,1,2,2,4,4],"right_children":[2,4,6,-1,8,-1,-1,-1,-1],"split_conditions":[7.11075E-1,3.0275455E-1,9.1433126E-1,-2.0583436E0,5.073654E-1,6.450028E-1,1.8891623E0,-5.3485316E-1,-1.2425079E-1],"split_indices":[0,0,0,0,0,0,0,0,0],"split_type":[0,0,0,0,0,0,0,0,0],"sum_hessian":[9E0,5E0,4E0,2E0,3E0,2E0,2E0,2E0,1E0],"tree_param":{"num_deleted":"0","num_feature":"2","num_nodes":"9","size_leaf_vector":"1"}},{"base_weights":[-4.0136415E-1,-1.2495044E1,1.4191324E1,-1.7129177E1,-2.1511841E-1,6.020025E-1,1.7632182E0,-2.21584E0,-8.066635E-1],"categories":[],"categories_nodes":[],"categories_segments":[],"categories_sizes":[],"default_left":[0,0,0,0,0,0,0,0,0],"id":15,"left_children":[1,3,5,7,-1,-1,-1,-1,-1],"loss_changes":[1.9421141E3,2.5076105E2,3.443518E1,3.5664062E0,0E0,0E0,0E0,0E0,0E0],"parents":[2147483647,0,0,1,1,2,2,3,3],"right_children":[2,4,6,8,-1,-1,-1,-1,-1],"split_conditions":[7.11075E-1,4.044243E-1,9.1433126E-1,1.0213216E-1,-2.1511841E-1,6.020025E-1,1.7632182E0,-2.21584E0,-8.066635E-1],"split_indices":[0,0,0,0,0,0,0,0,0],"split_type":[0,0,0,0,0,0,0,0,0],"sum_hessian":[9E0,5E0,4E0,3E0,2E0,2E0,2E0,1E0,2E0],"tree_param":{"num_deleted":"0","num_feature":"2","num_nodes":"9","size_leaf_vector":"1"}},{"base_weights":[-4.4846803E-1,-1.1785144E1,1.3245236E1,-1.82037E0,-4.0249405E0,5.6186885E-1,1.6456705E0,-4.6513724E-1,-1.0728226E-1],"categories":[],"categories_nodes":[],"categories_segments":[],"categories_sizes":[],"default_left":[0,0,0,0,0,0,0,0,0],"id":16,"left_children":[1,3,5,-1,7,-1,-1,-1,-1],"loss_changes":[1.7085078E3,2.2558691E2,2.999701E1,0E0,2.4071045E0,0E0,0E0,0E0,0E0],"parents":[2147483647,0,0,1,1,2,2,4,4],"right_children":[2,4,6,-1,8,-1,-1,-1,-1],"split_conditions":[7.11075E-1,3.0275455E-1,9.1433126E-1,-1.82037E0,5.073654E-1,5.6186885E-1,1.6456705E0,-4.6513724E-1,-1.0728226E-1],"split_indices":[0,0,0,0,0,0,0,0,0],"split_type":[0,0,0,0,0,0,0,0,0],"sum_hessian":[9E0,5E0,4E0,2E0,3E0,2E0,2E0,2E0,1E0],"tree_param":{"num_deleted":"0","num_feature":"2","num_nodes":"9","size_leaf_vector":"1"}},{"base_weights":[-4.2214814E-1,-1.1005427E1,1.2362216E1,-2.0140297E0,-5.1503935E0,5.244105E-1,1.5359589E0,-6.767024E-1,-1.8169658E-1],"categories":[],"categories_nodes":[],"categories_segments":[],"categories_sizes":[],"default_left":[0,0,0,0,0,0,0,0,0],"id":17,"left_children":[1,3,5,-1,7,-1,-1,-1,-1],"loss_changes":[1.4890564E3,2.1717932E2,2.613086E1,0E0,1.4649139E1,0E0,0E0,0E0,0E0],"parents":[2147483647,0,0,1,1,2,2,4,4],"right_children":[2,4,6,-1,8,-1,-1,-1,-1],"split_conditions":[7.11075E-1,1.0213216E-1,9.1433126E-1,-2.0140297E0,4.044243E-1,5.244105E-1,1.5359589E0,-6.767024E-1,-1.8169658E-1],"split_indices":[0,0,0,0,0,0,0,0,0],"split_type":[0,0,0,0,0,0,0,0,0],"sum_hessian":[9E0,5E0,4E0,1E0,4E0,2E0,2E0,2E0,2E0],"tree_param":{"num_deleted":"0","num_feature":"2","num_nodes":"9","size_leaf_vector":"1"}},{"base_weights":[-4.6114197E-1,-1.0383624E1,1.1538065E1,-1.9133285E0,-4.8070345E0,4.8944956E-1,1.4335612E0,-6.315893E-1,-1.6958313E-1],"categories":[],"categories_nodes":[],"categories_segments":[],"categories_sizes":[],"default_left":[0,0,0,0,0,0,0,0,0],"id":18,"left_children":[1,3,5,-1,7,-1,-1,-1,-1],"loss_changes":[1.310426E3,2.0078528E2,2.276294E1,0E0,1.2761139E1,0E0,0E0,0E0,0E0],"parents":[2147483647,0,0,1,1,2,2,4,4],"right_children":[2,4,6,-1,8,-1,-1,-1,-1],"split_conditions":[7.11075E-1,1.0213216E-1,9.1433126E-1,-1.9133285E0,4.044243E-1,4.8944956E-1,1.4335612E0,-6.315893E-1,-1.6958313E-1],"split_indices":[0,0,0,0,0,0,0,0,0],"split_type":[0,0,0,0,0,0,0,0,0],"sum_hessian":[9E0,5E0,4E0,1E0,4E0,2E0,2E0,2E0,2E0],"tree_param":{"num_deleted":"0","num_feature":"2","num_nodes":"9","size_leaf_vector":"1"}},{"base_weights":[-4.9417725E-1,-9.797676E0,1.0768857E1,-1.8176621E0,-4.486563E0,4.5681915E-1,1.3379903E0,-5.8948314E-1,-1.5827738E-1],"categories":[],"categories_nodes":[],"categories_segments":[],"categories_sizes":[],"default_left":[0,0,0,0,0,0,0,0,0],"id":19,"left_children":[1,3,5,-1,7,-1,-1,-1,-1],"loss_changes":[1.153366E3,1.8545856E2,1.9829102E1,0E0,1.1116386E1,0E0,0E0,0E0,0E0],"parents":[2147483647,0,0,1,1,2,2,4,4],"right_children":[2,4,6,-1,8,-1,-1,-1,-1],"split_conditions":[7.11075E-1,1.0213216E-1,9.1433126E-1,-1.8176621E0,4.044243E-1,4.5681915E-1,1.3379903E0,-5.8948314E-1,-1.5827738E-1],"split_indices":[0,0,0,0,0,0,0,0,0],"split_type":[0,0,0,0,0,0,0,0,0],"sum_hessian":[9E0,5E0,4E0,1E0,4E0,2E0,2E0,2E0,2E0],"tree_param":{"num_deleted":"0","num_feature":"2","num_nodes":"9","size_leaf_vector":"1"}},{"base_weights":[-5.218231E-1,-9.245481E0,1.0050931E1,-1.7267792E0,-4.1874604E0,4.2636466E-1,1.2487905E0,-5.5018467E-1,-1.4772543E-1],"categories":[],"categories_nodes":[],"categories_segments":[],"categories_sizes":[],"default_left":[0,0,0,0,0,0,0,0,0],"id":20,"left_children":[1,3,5,-1,7,-1,-1,-1,-1],"loss_changes":[1.0152565E3,1.7115393E2,1.7273285E1,0E0,9.683662E0,0E0,0E0,0E0,0E0],"parents":[2147483647,0,0,1,1,2,2,4,4],"right_children":[2,4,6,-1,8,-1,-1,-1,-1],"split_conditions":[7.11075E-1,1.0213216E-1,9.1433126E-1,-1.7267792E0,4.044243E-1,4.2636466E-1,1.2487905E0,-5.5018467E-1,-1.4772543E-1],"split_indices":[0,0,0,0,0,0,0,0,0],"split_type":[0,0,0,0,0,0,0,0,0],"sum_hessian":[9E0,5E0,4E0,1E0,4E0,2E0,2E0,2E0,2E0],"tree_param":{"num_deleted":"0","num_feature":"2","num_nodes":"9","size_leaf_vector":"1"}},{"base_weights":[-5.4459536E-1,-8.725049E0,9.380869E0,-1.6404403E0,-3.9082978E0,3.9794058E-1,1.1655376E0,-5.135056E-1,-1.378774E-1],"categories":[],"categories_nodes":[],"categories_segments":[],"categories_sizes":[],"default_left":[0,0,0,0,0,0,0,0,0],"id":21,"left_children":[1,3,5,-1,7,-1,-1,-1,-1],"loss_changes":[8.937966E2,1.5782397E2,1.50468445E1,0E0,8.435486E0,0E0,0E0,0E0,0E0],"parents":[2147483647,0,0,1,1,2,2,4,4],"right_children":[2,4,6,-1,8,-1,-1,-1,-1],"split_conditions":[7.11075E-1,1.0213216E-1,9.1433126E-1,-1.6404403E0,4.044243E-1,3.9794058E-1,1.1655376E0,-5.135056E-1,-1.378774E-1],"split_indices":[0,0,0,0,0,0,0,0,0],"split_type":[0,0,0,0,0,0,0,0,0],"sum_hessian":[9E0,5E0,4E0,1E0,4E0,2E0,2E0,2E0,2E0],"tree_param":{"num_deleted":"0","num_feature":"2","num_nodes":"9","size_leaf_vector":"1"}},{"base_weights":[-5.6297E-1,-8.234515E0,8.755478E0,-1.5584183E0,-3.6477447E0,2.2297135E-1,9.829491E-1,-4.7927195E-1,-1.2868552E-1],"categories":[],"categories_nodes":[],"categories_segments":[],"categories_sizes":[],"default_left":[0,0,0,0,0,0,0,0,0],"id":22,"left_children":[1,3,5,-1,7,-1,-1,-1,-1],"loss_changes":[7.86966E2,1.4542026E2,1.3126831E1,0E0,7.3482666E0,0E0,0E0,0E0,0E0],"parents":[2147483647,0,0,1,1,2,2,4,4],"right_children":[2,4,6,-1,8,-1,-1,-1,-1],"split_conditions":[7.11075E-1,1.0213216E-1,8.0648255E-1,-1.5584183E0,4.044243E-1,2.2297135E-1,9.829491E-1,-4.7927195E-1,-1.2868552E-1],"split_indices":[0,0,0,0,0,0,0,0,0],"split_type":[0,0,0,0,0,0,0,0,0],"sum_hessian":[9E0,5E0,4E0,1E0,4E0,1E0,3E0,2E0,2E0],"tree_param":{"num_deleted":"0","num_feature":"2","num_nodes":"9","size_leaf_vector":"1"}},{"base_weights":[-6.027191E-1,-7.772123E0,8.121109E0,-1.4804977E0,-3.4045563E0,3.312139E-1,1.0223043E0,-4.4732004E-1,-1.20106E-1],"categories":[],"categories_nodes":[],"categories_segments":[],"categories_sizes":[],"default_left":[0,0,0,0,0,0,0,0,0],"id":23,"left_children":[1,3,5,-1,7,-1,-1,-1,-1],"loss_changes":[6.885647E2,1.3389441E2,1.6680573E1,0E0,6.401184E0,0E0,0E0,0E0,0E0],"parents":[2147483647,0,0,1,1,2,2,4,4],"right_children":[2,4,6,-1,8,-1,-1,-1,-1],"split_conditions":[7.11075E-1,1.0213216E-1,9.1433126E-1,-1.4804977E0,4.044243E-1,3.312139E-1,1.0223043E0,-4.4732004E-1,-1.20106E-1],"split_indices":[0,0,0,0,0,0,0,0,0],"split_type":[0,0,0,0,0,0,0,0,0],"sum_hessian":[9E0,5E0,4E0,1E0,4E0,2E0,2E0,2E0,2E0],"tree_param":{"num_deleted":"0","num_feature":"2","num_nodes":"9","size_leaf_vector":"1"}},{"base_weights":[-6.118866E-1,-7.33623E0,7.579703E0,-1.4064728E0,-3.177585E0,3.091334E-1,9.541504E-1,-4.1749826E-1,-1.1209921E-1],"categories":[],"categories_nodes":[],"categories_segments":[],"categories_sizes":[],"default_left":[0,0,0,0,0,0,0,0,0],"id":24,"left_children":[1,3,5,-1,7,-1,-1,-1,-1],"loss_changes":[6.0643695E2,1.2319678E2,1.4530457E1,0E0,5.576088E0,0E0,0E0,0E0,0E0],"parents":[2147483647,0,0,1,1,2,2,4,4],"right_children":[2,4,6,-1,8,-1,-1,-1,-1],"split_conditions":[7.11075E-1,1.0213216E-1,9.1433126E-1,-1.4064728E0,4.044243E-1,3.091334E-1,9.541504E-1,-4.1749826E-1,-1.1209921E-1],"split_indices":[0,0,0,0,0,0,0,0,0],"split_type":[0,0,0,0,0,0,0,0,0],"sum_hessian":[9E0,5E0,4E0,1E0,4E0,2E0,2E0,2E0,2E0],"tree_param":{"num_deleted":"0","num_feature":"2","num_nodes":"9","size_leaf_vector":"1"}},{"base_weights":[-6.179741E-1,-6.925284E0,7.074393E0,-1.3361492E0,-2.965744E0,2.885249E-1,8.905406E-1,-3.4866068E-1,-4.4114687E-2],"categories":[],"categories_nodes":[],"categories_segments":[],"categories_sizes":[],"default_left":[0,0,0,0,0,0,0,0,0],"id":25,"left_children":[1,3,5,-1,7,-1,-1,-1,-1],"loss_changes":[5.341736E2,1.13279785E2,1.26575775E1,0E0,5.0367355E0,0E0,0E0,0E0,0E0],"parents":[2147483647,0,0,1,1,2,2,4,4],"right_children":[2,4,6,-1,8,-1,-1,-1,-1],"split_conditions":[7.11075E-1,1.0213216E-1,9.1433126E-1,-1.3361492E0,5.073654E-1,2.885249E-1,8.905406E-1,-3.4866068E-1,-4.4114687E-2],"split_indices":[0,0,0,0,0,0,0,0,0],"split_type":[0,0,0,0,0,0,0,0,0],"sum_hessian":[9E0,5E0,4E0,1E0,4E0,2E0,2E0,3E0,1E0],"tree_param":{"num_deleted":"0","num_feature":"2","num_nodes":"9","size_leaf_vector":"1"}},{"base_weights":[-6.1116105E-1,-6.5209084E0,6.602768E0,-1.2693417E0,-2.7477233E0,2.6928967E-1,8.311717E-1,-3.66421E-1,-9.15329E-2],"categories":[],"categories_nodes":[],"categories_segments":[],"categories_sizes":[],"default_left":[0,0,0,0,0,0,0,0,0],"id":26,"left_children":[1,3,5,-1,7,-1,-1,-1,-1],"loss_changes":[4.6938104E2,1.0486206E2,1.1026276E1,0E0,5.0428696E0,0E0,0E0,0E0,0E0],"parents":[2147483647,0,0,1,1,2,2,4,4],"right_children":[2,4,6,-1,8,-1,-1,-1,-1],"split_conditions":[7.11075E-1,1.0213216E-1,9.1433126E-1,-1.2693417E0,4.044243E-1,2.6928967E-1,8.311717E-1,-3.66421E-1,-9.15329E-2],"split_indices":[0,0,0,0,0,0,0,0,0],"split_type":[0,0,0,0,0,0,0,0,0],"sum_hessian":[9E0,5E0,4E0,1E0,4E0,2E0,2E0,2E0,2E0],"tree_param":{"num_deleted":"0","num_feature":"2","num_nodes":"9","size_leaf_vector":"1"}},{"base_weights":[-6.1272734E-1,-6.1566978E0,6.1625824E0,-1.2058747E0,-2.5645385E0,2.5133717E-1,7.757599E-1,-3.419927E-1,-8.5430406E-2],"categories":[],"categories_nodes":[],"categories_segments":[],"categories_sizes":[],"default_left":[0,0,0,0,0,0,0,0,0],"id":27,"left_children":[1,3,5,-1,7,-1,-1,-1,-1],"loss_changes":[4.1356232E2,9.628145E1,9.605011E0,0E0,4.3929214E0,0E0,0E0,0E0,0E0],"parents":[2147483647,0,0,1,1,2,2,4,4],"right_children":[2,4,6,-1,8,-1,-1,-1,-1],"split_conditions":[7.11075E-1,1.0213216E-1,9.1433126E-1,-1.2058747E0,4.044243E-1,2.5133717E-1,7.757599E-1,-3.419927E-1,-8.5430406E-2],"split_indices":[0,0,0,0,0,0,0,0,0],"split_type":[0,0,0,0,0,0,0,0,0],"sum_hessian":[9E0,5E0,4E0,1E0,4E0,2E0,2E0,2E0,2E0],"tree_param":{"num_deleted":"0","num_feature":"2","num_nodes":"9","size_leaf_vector":"1"}},{"base_weights":[-6.1207426E-1,-5.8132424E0,5.7517424E0,-1.1455811E0,-2.3935668E0,2.34581E-1,7.240428E-1,-3.19193E-1,-7.97348E-2],"categories":[],"categories_nodes":[],"categories_segments":[],"categories_sizes":[],"default_left":[0,0,0,0,0,0,0,0,0],"id":28,"left_children":[1,3,5,-1,7,-1,-1,-1,-1],"loss_changes":[3.644291E2,8.835426E1,8.367142E0,0E0,3.8267326E0,0E0,0E0,0E0,0E0],"parents":[2147483647,0,0,1,1,2,2,4,4],"right_children":[2,4,6,-1,8,-1,-1,-1,-1],"split_conditions":[7.11075E-1,1.0213216E-1,9.1433126E-1,-1.1455811E0,4.044243E-1,2.34581E-1,7.240428E-1,-3.19193E-1,-7.97348E-2],"split_indices":[0,0,0,0,0,0,0,0,0],"split_type":[0,0,0,0,0,0,0,0,0],"sum_hessian":[9E0,5E0,4E0,1E0,4E0,2E0,2E0,2E0,2E0],"tree_param":{"num_deleted":"0","num_feature":"2","num_nodes":"9","size_leaf_vector":"1"}},{"base_weights":[-6.0945433E-1,-5.489334E0,5.3682923E0,-1.0883019E0,-2.2339935E0,2.1894227E-1,6.757731E-1,-2.979131E-1,-7.441915E-2],"categories":[],"categories_nodes":[],"categories_segments":[],"categories_sizes":[],"default_left":[0,0,0,0,0,0,0,0,0],"id":29,"left_children":[1,3,5,-1,7,-1,-1,-1,-1],"loss_changes":[3.2117517E2,8.1037094E1,7.2886963E0,0E0,3.3334923E0,0E0,0E0,0E0,0E0],"parents":[2147483647,0,0,1,1,2,2,4,4],"right_children":[2,4,6,-1,8,-1,-1,-1,-1],"split_conditions":[7.11075E-1,1.0213216E-1,9.1433126E-1,-1.0883019E0,4.044243E-1,2.1894227E-1,6.757731E-1,-2.979131E-1,-7.441915E-2],"split_indices":[0,0,0,0,0,0,0,0,0],"split_type":[0,0,0,0,0,0,0,0,0],"sum_hessian":[9E0,5E0,4E0,1E0,4E0,2E0,2E0,2E0,2E0],"tree_param":{"num_deleted":"0","num_feature":"2","num_nodes":"9","size_leaf_vector":"1"}},{"base_weights":[-6.051041E-1,-6.1191955E0,4.0908227E0,-1.0338868E0,-2.4795608E-1,6.08785E-1,5.6796455E-1,-2.5353242E-2,1.1667099E-1],"categories":[],"categories_nodes":[],"categories_segments":[],"categories_sizes":[],"default_left":[0,0,0,0,0,0,0,0,0],"id":30,"left_children":[1,3,5,-1,-1,7,-1,-1,-1],"loss_changes":[2.8397025E2,5.1154465E1,2.9736366E1,0E0,0E0,1.739124E0,0E0,0E0,0E0],"parents":[2147483647,0,0,1,1,2,2,5,5],"right_children":[2,4,6,-1,-1,8,-1,-1,-1],"split_conditions":[5.073654E-1,1.0213216E-1,8.0648255E-1,-1.0338868E0,-2.4795608E-1,7.11075E-1,5.6796455E-1,-2.5353242E-2,1.1667099E-1],"split_indices":[0,0,0,0,0,0,0,0,0],"split_type":[0,0,0,0,0,0,0,0,0],"sum_hessian":[9E0,4E0,5E0,1E0,3E0,2E0,3E0,1E0,1E0],"tree_param":{"num_deleted":"0","num_feature":"2","num_nodes":"9","size_leaf_vector":"1"}},{"base_weights":[-6.068481E-1,-6.8723755E0,3.0601459E0,-9.821922E-1,-2.615219E-1,1.0158157E-1,5.2536736E0,-6.0347494E-2,1.1083756E-1,2.3739472E-1,6.9464266E-1],"categories":[],"categories_nodes":[],"categories_segments":[],"categories_sizes":[],"default_left":[0,0,0,0,0,0,0,0,0,0,0],"id":31,"left_children":[1,3,5,-1,-1,7,9,-1,-1,-1,-1],"loss_changes":[2.5078699E2,2.4540253E1,4.4894173E1,0E0,0E0,3.5082633E0,3.0082092E0,0E0,0E0,0E0,0E0],"parents":[2147483647,0,0,1,1,2,2,5,5,6,6],"right_children":[2,4,6,-1,-1,8,10,-1,-1,-1,-1],"split_conditions":[4.044243E-1,1.0213216E-1,8.0648255E-1,-9.821922E-1,-2.615219E-1,7.11075E-1,1E0,-6.0347494E-2,1.1083756E-1,2.3739472E-1,6.9464266E-1],"split_indices":[0,0,0,0,0,0,0,0,0,0,0],"split_type":[0,0,0,0,0,0,0,0,0,0,0],"sum_hessian":[9E0,3E0,6E0,1E0,2E0,3E0,3E0,2E0,1E0,2E0,1E0],"tree_param":{"num_deleted":"0","num_feature":"2","num_nodes":"11","size_leaf_vector":"1"}},{"base_weights":[-5.7228243E-1,-6.496067E0,2.894492E0,-9.330826E-1,-2.4408722E-1,1.0404587E-1,4.961315E0,-5.6324262E-2,1.0529556E-1,2.215683E-1,6.599106E-1],"categories":[],"categories_nodes":[],"categories_segments":[],"categories_sizes":[],"default_left":[0,0,0,0,0,0,0,0,0,0,0],"id":32,"left_children":[1,3,5,-1,-1,7,9,-1,-1,-1,-1],"loss_changes":[2.2416707E2,2.3206635E1,3.9855312E1,0E0,0E0,3.1258557E0,3.3655548E0,0E0,0E0,0E0,0E0],"parents":[2147483647,0,0,1,1,2,2,5,5,6,6],"right_children":[2,4,6,-1,-1,8,10,-1,-1,-1,-1],"split_conditions":[4.044243E-1,1.0213216E-1,8.0648255E-1,-9.330826E-1,-2.4408722E-1,7.11075E-1,1E0,-5.6324262E-2,1.0529556E-1,2.215683E-1,6.599106E-1],"split_indices":[0,0,0,0,0,0,0,0,0,0,0],"split_type":[0,0,0,0,0,0,0,0,0,0,0],"sum_hessian":[9E0,3E0,6E0,1E0,2E0,3E0,3E0,2E0,1E0,2E0,1E0],"tree_param":{"num_deleted":"0","num_feature":"2","num_nodes":"11","size_leaf_vector":"1"}},{"base_weights":[-5.3972703E-1,-6.140753E0,2.737963E0,-8.864285E-1,-2.2781475E-1,1.0588074E-1,4.6855545E0,-5.256958E-2,1.0003052E-1,2.0679729E-1,6.26915E-1],"categories":[],"categories_nodes":[],"categories_segments":[],"categories_sizes":[],"default_left":[0,0,0,0,0,0,0,0,0,0,0],"id":33,"left_children":[1,3,5,-1,-1,7,9,-1,-1,-1,-1],"loss_changes":[2.003974E2,2.1885574E1,3.5387436E1,0E0,0E0,2.7854462E0,3.616333E0,0E0,0E0,0E0,0E0],"parents":[2147483647,0,0,1,1,2,2,5,5,6,6],"right_children":[2,4,6,-1,-1,8,10,-1,-1,-1,-1],"split_conditions":[4.044243E-1,1.0213216E-1,8.0648255E-1,-8.864285E-1,-2.2781475E-1,7.11075E-1,1E0,-5.256958E-2,1.0003052E-1,2.0679729E-1,6.26915E-1],"split_indices":[0,0,0,0,0,0,0,0,0,0,0],"split_type":[0,0,0,0,0,0,0,0,0,0,0],"sum_hessian":[9E0,3E0,6E0,1E0,2E0,3E0,3E0,2E0,1E0,2E0,1E0],"tree_param":{"num_deleted":"0","num_feature":"2","num_nodes":"11","size_leaf_vector":"1"}},{"base_weights":[-5.0906295E-1,-5.8052387E0,2.5900464E0,-8.42107E-1,-2.1262716E-1,1.07154846E-1,4.4254265E0,-4.9065147E-2,9.502869E-2,1.9301097E-1,5.9556884E-1],"categories":[],"categories_nodes":[],"categories_segments":[],"categories_sizes":[],"default_left":[0,0,0,0,0,0,0,0,0,0,0],"id":34,"left_children":[1,3,5,-1,-1,7,9,-1,-1,-1,-1],"loss_changes":[1.7917014E2,2.0588745E1,3.1425144E1,0E0,0E0,2.482378E0,3.7788239E0,0E0,0E0,0E0,0E0],"parents":[2147483647,0,0,1,1,2,2,5,5,6,6],"right_children":[2,4,6,-1,-1,8,10,-1,-1,-1,-1],"split_conditions":[4.044243E-1,1.0213216E-1,8.0648255E-1,-8.42107E-1,-2.1262716E-1,7.11075E-1,1E0,-4.9065147E-2,9.502869E-2,1.9301097E-1,5.9556884E-1],"split_indices":[0,0,0,0,0,0,0,0,0,0,0],"split_type":[0,0,0,0,0,0,0,0,0,0,0],"sum_hessian":[9E0,3E0,6E0,1E0,2E0,3E0,3E0,2E0,1E0,2E0,1E0],"tree_param":{"num_deleted":"0","num_feature":"2","num_nodes":"11","size_leaf_vector":"1"}},{"base_weights":[-4.801758E-1,-5.4883957E0,2.4502606E0,-8.0000156E-1,-1.9845174E-1,5.603882E-1,4.7832948E-1,-4.579366E-1,1.3919169E-1,-5.552063E-2,-1.3169861E-2],"categories":[],"categories_nodes":[],"categories_segments":[],"categories_sizes":[],"default_left":[0,0,0,0,0,0,0,0,0,0,0],"id":35,"left_children":[1,3,5,-1,-1,7,-1,9,-1,-1,-1],"loss_changes":[1.602107E2,1.9325462E1,2.818346E1,0E0,0E0,4.871241E0,0E0,2.2079349E-2,0E0,0E0,0E0],"parents":[2147483647,0,0,1,1,2,2,5,5,7,7],"right_children":[2,4,6,-1,-1,8,-1,10,-1,-1,-1],"split_conditions":[4.044243E-1,1.0213216E-1,9.1433126E-1,-8.0000156E-1,-1.9845174E-1,7.11075E-1,4.7832948E-1,5.073654E-1,1.3919169E-1,-5.552063E-2,-1.3169861E-2],"split_indices":[0,0,0,0,0,0,0,0,0,0,0],"split_type":[0,0,0,0,0,0,0,0,0,0,0],"sum_hessian":[9E0,3E0,6E0,1E0,2E0,4E0,2E0,2E0,2E0,1E0,1E0],"tree_param":{"num_deleted":"0","num_feature":"2","num_nodes":"11","size_leaf_vector":"1"}},{"base_weights":[-4.7711945E-1,-5.189167E0,2.2836392E0,-7.6000136E-1,-1.8522136E-1,8.580017E-1,5.4187316E-1,-4.3503824E-1,1.6132812E-1,-5.2744295E-2,-1.2511444E-2],"categories":[],"categories_nodes":[],"categories_segments":[],"categories_sizes":[],"default_left":[0,0,0,0,0,0,0,0,0,0,0],"id":36,"left_children":[1,3,5,-1,-1,7,-1,9,-1,-1,-1],"loss_changes":[1.4193845E2,1.8102684E1,2.6637257E1,0E0,0E0,6.5614786E0,0E0,1.9924462E-2,0E0,0E0,0E0],"parents":[2147483647,0,0,1,1,2,2,5,5,7,7],"right_children":[2,4,6,-1,-1,8,-1,10,-1,-1,-1],"split_conditions":[4.044243E-1,1.0213216E-1,1E0,-7.6000136E-1,-1.8522136E-1,7.11075E-1,5.4187316E-1,5.073654E-1,1.6132812E-1,-5.2744295E-2,-1.2511444E-2],"split_indices":[0,0,0,0,0,0,0,0,0,0,0],"split_type":[0,0,0,0,0,0,0,0,0,0,0],"sum_hessian":[9E0,3E0,6E0,1E0,2E0,5E0,1E0,2E0,3E0,1E0,1E0],"tree_param":{"num_deleted":"0","num_feature":"2","num_nodes":"11","size_leaf_vector":"1"}},{"base_weights":[-4.601326E-1,-4.9065533E0,2.1464124E0,-7.2200125E-1,-1.7287293E-1,7.8821564E-1,5.147797E-1,-4.132843E-1,1.4922868E-1,-5.0106812E-2,-1.1885834E-2],"categories":[],"categories_nodes":[],"categories_segments":[],"categories_sizes":[],"default_left":[0,0,0,0,0,0,0,0,0,0,0],"id":37,"left_children":[1,3,5,-1,-1,7,-1,9,-1,-1,-1],"loss_changes":[1.2642944E2,1.6925621E1,2.4477715E1,0E0,0E0,5.6923876E0,0E0,1.798135E-2,0E0,0E0,0E0],"parents":[2147483647,0,0,1,1,2,2,5,5,7,7],"right_children":[2,4,6,-1,-1,8,-1,10,-1,-1,-1],"split_conditions":[4.044243E-1,1.0213216E-1,1E0,-7.2200125E-1,-1.7287293E-1,7.11075E-1,5.147797E-1,5.073654E-1,1.4922868E-1,-5.0106812E-2,-1.1885834E-2],"split_indices":[0,0,0,0,0,0,0,0,0,0,0],"split_type":[0,0,0,0,0,0,0,0,0,0,0],"sum_hessian":[9E0,3E0,6E0,1E0,2E0,5E0,1E0,2E0,3E0,1E0,1E0],"tree_param":{"num_deleted":"0","num_feature":"2","num_nodes":"11","size_leaf_vector":"1"}},{"base_weights":[-4.4340593E-1,-4.63962E0,2.0177743E0,-6.859013E-1,-1.6134848E-1,7.239329E-1,4.8904115E-1,-3.926188E-1,1.3803636E-1,-4.760132E-2,-1.1291504E-2],"categories":[],"categories_nodes":[],"categories_segments":[],"categories_sizes":[],"default_left":[0,0,0,0,0,0,0,0,0,0,0],"id":38,"left_children":[1,3,5,-1,-1,7,-1,9,-1,-1,-1],"loss_changes":[1.1263809E2,1.5797821E1,2.247683E1,0E0,0E0,4.9395885E0,0E0,1.622811E-2,0E0,0E0,0E0],"parents":[2147483647,0,0,1,1,2,2,5,5,7,7],"right_children":[2,4,6,-1,-1,8,-1,10,-1,-1,-1],"split_conditions":[4.044243E-1,1.0213216E-1,1E0,-6.859013E-1,-1.6134848E-1,7.11075E-1,4.8904115E-1,5.073654E-1,1.3803636E-1,-4.760132E-2,-1.1291504E-2],"split_indices":[0,0,0,0,0,0,0,0,0,0,0],"split_type":[0,0,0,0,0,0,0,0,0,0,0],"sum_hessian":[9E0,3E0,6E0,1E0,2E0,5E0,1E0,2E0,3E0,1E0,1E0],"tree_param":{"num_deleted":"0","num_feature":"2","num_nodes":"11","size_leaf_vector":"1"}},{"base_weights":[-4.2697066E-1,-4.387472E0,1.8971689E0,-6.516064E-1,-1.5059204E-1,6.647339E-1,4.6458894E-1,-3.7298584E-1,1.2768403E-1,-4.522095E-2,-1.0726929E-2],"categories":[],"categories_nodes":[],"categories_segments":[],"categories_sizes":[],"default_left":[0,0,0,0,0,0,0,0,0,0,0],"id":39,"left_children":[1,3,5,-1,-1,7,-1,9,-1,-1,-1],"loss_changes":[1.0037136E2,1.4721916E1,2.0625053E1,0E0,0E0,4.2874117E0,0E0,1.4644921E-2,0E0,0E0,0E0],"parents":[2147483647,0,0,1,1,2,2,5,5,7,7],"right_children":[2,4,6,-1,-1,8,-1,10,-1,-1,-1],"split_conditions":[4.044243E-1,1.0213216E-1,1E0,-6.516064E-1,-1.5059204E-1,7.11075E-1,4.6458894E-1,5.073654E-1,1.2768403E-1,-4.522095E-2,-1.0726929E-2],"split_indices":[0,0,0,0,0,0,0,0,0,0,0],"split_type":[0,0,0,0,0,0,0,0,0,0,0],"sum_hessian":[9E0,3E0,6E0,1E0,2E0,5E0,1E0,2E0,3E0,1E0,1E0],"tree_param":{"num_deleted":"0","num_feature":"2","num_nodes":"11","size_leaf_vector":"1"}},{"base_weights":[-4.1086274E-1,-4.1492767E0,1.7840685E0,-6.190262E-1,-1.4055277E-1,6.102168E-1,4.4135895E-1,-3.543345E-1,1.1810761E-1,-4.2959597E-2,-1.0190583E-2],"categories":[],"categories_nodes":[],"categories_segments":[],"categories_sizes":[],"default_left":[0,0,0,0,0,0,0,0,0,0,0],"id":40,"left_children":[1,3,5,-1,-1,7,-1,9,-1,-1,-1],"loss_changes":[8.945821E1,1.3699211E1,1.891343E1,0E0,0E0,3.7222342E0,0E0,1.3216138E-2,0E0,0E0,0E0],"parents":[2147483647,0,0,1,1,2,2,5,5,7,7],"right_children":[2,4,6,-1,-1,8,-1,10,-1,-1,-1],"split_conditions":[4.044243E-1,1.0213216E-1,1E0,-6.190262E-1,-1.4055277E-1,7.11075E-1,4.4135895E-1,5.073654E-1,1.1810761E-1,-4.2959597E-2,-1.0190583E-2],"split_indices":[0,0,0,0,0,0,0,0,0,0,0],"split_type":[0,0,0,0,0,0,0,0,0,0,0],"sum_hessian":[9E0,3E0,6E0,1E0,2E0,5E0,1E0,2E0,3E0,1E0,1E0],"tree_param":{"num_deleted":"0","num_feature":"2","num_nodes":"11","size_leaf_vector":"1"}},{"base_weights":[-3.9510116E-1,-3.9242458E0,1.6779959E0,-5.8807486E-1,-1.3118286E-1,5.60023E-1,4.192917E-1,-3.3661905E-1,1.0924988E-1,-4.0811922E-2,-9.680939E-3],"categories":[],"categories_nodes":[],"categories_segments":[],"categories_sizes":[],"default_left":[0,0,0,0,0,0,0,0,0,0,0],"id":41,"left_children":[1,3,5,-1,-1,7,-1,9,-1,-1,-1],"loss_changes":[7.974746E1,1.2730274E1,1.7333166E1,0E0,0E0,3.232397E0,0E0,1.1929482E-2,0E0,0E0,0E0],"parents":[2147483647,0,0,1,1,2,2,5,5,7,7],"right_children":[2,4,6,-1,-1,8,-1,10,-1,-1,-1],"split_conditions":[4.044243E-1,1.0213216E-1,1E0,-5.8807486E-1,-1.3118286E-1,7.11075E-1,4.192917E-1,5.073654E-1,1.0924988E-1,-4.0811922E-2,-9.680939E-3],"split_indices":[0,0,0,0,0,0,0,0,0,0,0],"split_type":[0,0,0,0,0,0,0,0,0,0,0],"sum_hessian":[9E0,3E0,6E0,1E0,2E0,5E0,1E0,2E0,3E0,1E0,1E0],"tree_param":{"num_deleted":"0","num_feature":"2","num_nodes":"11","size_leaf_vector":"1"}},{"base_weights":[-3.7971267E-1,-4.5164056E0,1.2190113E0,-5.586712E-1,-1.1878967E-1,2.5507683E-1,3.9832765E-1,-5.6417465E-1,1.0105591E-1,-6.90918E-2,-9.197235E-3],"categories":[],"categories_nodes":[],"categories_segments":[],"categories_sizes":[],"default_left":[0,0,0,0,0,0,0,0,0,0,0],"id":42,"left_children":[1,3,5,-1,-1,7,-1,9,-1,-1,-1],"loss_changes":[7.163985E1,4.051136E0,2.0300522E1,0E0,0E0,4.9026413E0,0E0,1.7584848E-1,0E0,0E0,0E0],"parents":[2147483647,0,0,1,1,2,2,5,5,7,7],"right_children":[2,4,6,-1,-1,8,-1,10,-1,-1,-1],"split_conditions":[3.0275455E-1,1.0213216E-1,1E0,-5.586712E-1,-1.1878967E-1,7.11075E-1,3.9832765E-1,5.073654E-1,1.0105591E-1,-6.90918E-2,-9.197235E-3],"split_indices":[0,0,0,0,0,0,0,0,0,0,0],"split_type":[0,0,0,0,0,0,0,0,0,0,0],"sum_hessian":[9E0,2E0,7E0,1E0,1E0,6E0,1E0,3E0,3E0,2E0,1E0],"tree_param":{"num_deleted":"0","num_feature":"2","num_nodes":"11","size_leaf_vector":"1"}},{"base_weights":[-3.6737594E-1,-4.290586E0,1.1497498E0,-5.307377E-1,-1.1285019E-1,2.3282297E-1,3.7841186E-1,-5.273285E-1,9.347687E-2,-6.448568E-2,-8.737183E-3],"categories":[],"categories_nodes":[],"categories_segments":[],"categories_sizes":[],"default_left":[0,0,0,0,0,0,0,0,0,0,0],"id":43,"left_children":[1,3,5,-1,-1,7,-1,9,-1,-1,-1],"loss_changes":[6.445313E1,3.656147E0,1.844316E1,0E0,0E0,4.228026E0,0E0,1.5048718E-1,0E0,0E0,0E0],"parents":[2147483647,0,0,1,1,2,2,5,5,7,7],"right_children":[2,4,6,-1,-1,8,-1,10,-1,-1,-1],"split_conditions":[3.0275455E-1,1.0213216E-1,1E0,-5.307377E-1,-1.1285019E-1,7.11075E-1,3.7841186E-1,5.073654E-1,9.347687E-2,-6.448568E-2,-8.737183E-3],"split_indices":[0,0,0,0,0,0,0,0,0,0,0],"split_type":[0,0,0,0,0,0,0,0,0,0,0],"sum_hessian":[9E0,2E0,7E0,1E0,1E0,6E0,1E0,3E0,3E0,2E0,1E0],"tree_param":{"num_deleted":"0","num_feature":"2","num_nodes":"11","size_leaf_vector":"1"}},{"base_weights":[-3.5513002E-1,-4.076055E0,1.0846081E0,-5.0420076E-1,-1.0720749E-1,2.1243504E-1,3.5949096E-1,-4.9290085E-1,8.6466216E-2,-6.018677E-2,-8.3000185E-3],"categories":[],"categories_nodes":[],"categories_segments":[],"categories_sizes":[],"default_left":[0,0,0,0,0,0,0,0,0,0,0],"id":44,"left_children":[1,3,5,-1,-1,7,-1,9,-1,-1,-1],"loss_changes":[5.7992496E1,3.2996979E0,1.6751654E1,0E0,0E0,3.646467E0,0E0,1.2870729E-1,0E0,0E0,0E0],"parents":[2147483647,0,0,1,1,2,2,5,5,7,7],"right_children":[2,4,6,-1,-1,8,-1,10,-1,-1,-1],"split_conditions":[3.0275455E-1,1.0213216E-1,1E0,-5.0420076E-1,-1.0720749E-1,7.11075E-1,3.5949096E-1,5.073654E-1,8.6466216E-2,-6.018677E-2,-8.3000185E-3],"split_indices":[0,0,0,0,0,0,0,0,0,0,0],"split_type":[0,0,0,0,0,0,0,0,0,0,0],"sum_hessian":[9E0,2E0,7E0,1E0,1E0,6E0,1E0,3E0,3E0,2E0,1E0],"tree_param":{"num_deleted":"0","num_feature":"2","num_nodes":"11","size_leaf_vector":"1"}},{"base_weights":[-3.4301224E-1,-3.8722508E0,1.0233288E0,-4.7899055E-1,-1.01847075E-1,1.9375828E-1,3.415161E-1,-4.6073532E-1,7.998123E-2,-5.6174725E-2,-7.884979E-3],"categories":[],"categories_nodes":[],"categories_segments":[],"categories_sizes":[],"default_left":[0,0,0,0,0,0,0,0,0,0,0],"id":45,"left_children":[1,3,5,-1,-1,7,-1,9,-1,-1,-1],"loss_changes":[5.218402E1,2.977974E0,1.5211833E1,0E0,0E0,3.1451113E0,0E0,1.1000627E-1,0E0,0E0,0E0],"parents":[2147483647,0,0,1,1,2,2,5,5,7,7],"right_children":[2,4,6,-1,-1,8,-1,10,-1,-1,-1],"split_conditions":[3.0275455E-1,1.0213216E-1,1E0,-4.7899055E-1,-1.01847075E-1,7.11075E-1,3.415161E-1,5.073654E-1,7.998123E-2,-5.6174725E-2,-7.884979E-3],"split_indices":[0,0,0,0,0,0,0,0,0,0,0],"split_type":[0,0,0,0,0,0,0,0,0,0,0],"sum_hessian":[9E0,2E0,7E0,1E0,1E0,6E0,1E0,3E0,3E0,2E0,1E0],"tree_param":{"num_deleted":"0","num_feature":"2","num_nodes":"11","size_leaf_vector":"1"}},{"base_weights":[-3.310539E-1,-3.6786373E0,9.6567154E-1,-4.5504114E-1,-9.6754454E-2,1.7665318E-1,3.2444E-1,-4.3067932E-1,7.398224E-2,-5.243022E-2,-7.4905395E-3],"categories":[],"categories_nodes":[],"categories_segments":[],"categories_sizes":[],"default_left":[0,0,0,0,0,0,0,0,0,0,0],"id":46,"left_children":[1,3,5,-1,-1,7,-1,9,-1,-1,-1],"loss_changes":[4.696132E1,2.6876526E0,1.3810535E1,0E0,0E0,2.712843E0,0E0,9.396118E-2,0E0,0E0,0E0],"parents":[2147483647,0,0,1,1,2,2,5,5,7,7],"right_children":[2,4,6,-1,-1,8,-1,10,-1,-1,-1],"split_conditions":[3.0275455E-1,1.0213216E-1,1E0,-4.5504114E-1,-9.6754454E-2,7.11075E-1,3.2444E-1,5.073654E-1,7.398224E-2,-5.243022E-2,-7.4905395E-3],"split_indices":[0,0,0,0,0,0,0,0,0,0,0],"split_type":[0,0,0,0,0,0,0,0,0,0,0],"sum_hessian":[9E0,2E0,7E0,1E0,1E0,6E0,1E0,3E0,3E0,2E0,1E0],"tree_param":{"num_deleted":"0","num_feature":"2","num_nodes":"11","size_leaf_vector":"1"}},{"base_weights":[-3.1927794E-1,-3.4947052E0,9.11417E-1,-4.3228912E-1,-9.191666E-2,1.6099548E-1,3.082184E-1,-4.025917E-1,6.843338E-2,-4.8934937E-2,-7.1159364E-3],"categories":[],"categories_nodes":[],"categories_segments":[],"categories_sizes":[],"default_left":[0,0,0,0,0,0,0,0,0,0,0],"id":47,"left_children":[1,3,5,-1,-1,7,-1,9,-1,-1,-1],"loss_changes":[4.2264957E1,2.425621E0,1.2535703E1,0E0,0E0,2.3401344E0,0E0,8.019537E-2,0E0,0E0,0E0],"parents":[2147483647,0,0,1,1,2,2,5,5,7,7],"right_children":[2,4,6,-1,-1,8,-1,10,-1,-1,-1],"split_conditions":[3.0275455E-1,1.0213216E-1,1E0,-4.3228912E-1,-9.191666E-2,7.11075E-1,3.082184E-1,5.073654E-1,6.843338E-2,-4.8934937E-2,-7.1159364E-3],"split_indices":[0,0,0,0,0,0,0,0,0,0,0],"split_type":[0,0,0,0,0,0,0,0,0,0,0],"sum_hessian":[9E0,2E0,7E0,1E0,1E0,6E0,1E0,3E0,3E0,2E0,1E0],"tree_param":{"num_deleted":"0","num_feature":"2","num_nodes":"11","size_leaf_vector":"1"}},{"base_weights":[-3.0771104E-1,-3.3199692E0,8.6034966E-1,-4.1067466E-1,-8.732071E-2,1.466653E-1,2.92807E-1,-3.763466E-1,6.3301086E-1,-4.5672607E-2,-6.760407E-3,1.7964935E-2,7.242482E-2],"categories":[],"categories_nodes":[],"categories_segments":[],"categories_sizes":[],"default_left":[0,0,0,0,0,0,0,0,0,0,0,0,0],"id":48,"left_children":[1,3,5,-1,-1,7,-1,9,11,-1,-1,-1,-1],"loss_changes":[3.8041336E1,2.1891327E0,1.1376152E1,0E0,0E0,2.018783E0,0E0,6.8389714E-2,3.534341E-2,0E0,0E0,0E0,0E0],"parents":[2147483647,0,0,1,1,2,2,5,5,7,7,8,8],"right_children":[2,4,6,-1,-1,8,-1,10,12,-1,-1,-1,-1],"split_conditions":[3.0275455E-1,1.0213216E-1,1E0,-4.1067466E-1,-8.732071E-2,7.11075E-1,2.92807E-1,5.073654E-1,8.0648255E-1,-4.5672607E-2,-6.760407E-3,1.7964935E-2,7.242482E-2],"split_indices":[0,0,0,0,0,0,0,0,0,0,0,0,0],"split_type":[0,0,0,0,0,0,0,0,0,0,0,0,0],"sum_hessian":[9E0,2E0,7E0,1E0,1E0,6E0,1E0,3E0,3E0,2E0,1E0,1E0,2E0],"tree_param":{"num_deleted":"0","num_feature":"2","num_nodes":"13","size_leaf_vector":"1"}},{"base_weights":[-2.9366225E-1,-3.1539688E0,8.156605E-1,-3.9014092E-1,-8.295441E-2,1.3742283E-1,2.781662E-1,-3.518219E-1,5.9231186E-1,-4.262797E-2,-6.422424E-3,1.7066956E-2,6.759694E-2],"categories":[],"categories_nodes":[],"categories_segments":[],"categories_sizes":[],"default_left":[0,0,0,0,0,0,0,0,0,0,0,0,0],"id":49,"left_children":[1,3,5,-1,-1,7,-1,9,11,-1,-1,-1,-1],"loss_changes":[3.4302597E1,1.9757156E0,1.0285066E1,0E0,0E0,1.7662526E0,0E0,5.8278114E-2,2.5726795E-2,0E0,0E0,0E0,0E0],"parents":[2147483647,0,0,1,1,2,2,5,5,7,7,8,8],"right_children":[2,4,6,-1,-1,8,-1,10,12,-1,-1,-1,-1],"split_conditions":[3.0275455E-1,1.0213216E-1,1E0,-3.9014092E-1,-8.295441E-2,7.11075E-1,2.781662E-1,5.073654E-1,8.0648255E-1,-4.262797E-2,-6.422424E-3,1.7066956E-2,6.759694E-2],"split_indices":[0,0,0,0,0,0,0,0,0,0,0,0,0],"split_type":[0,0,0,0,0,0,0,0,0,0,0,0,0],"sum_hessian":[9E0,2E0,7E0,1E0,1E0,6E0,1E0,3E0,3E0,2E0,1E0,1E0,2E0],"tree_param":{"num_deleted":"0","num_feature":"2","num_nodes":"13","size_leaf_vector":"1"}},{"base_weights":[-2.8022614E-1,-2.9962718E0,7.7331924E-1,-3.706337E-1,-7.880707E-2,1.287711E-1,2.6425782E-1,-3.2889938E-1,5.542488E-1,-3.978577E-2,-6.101227E-3,1.6213989E-2,6.309052E-2],"categories":[],"categories_nodes":[],"categories_segments":[],"categories_sizes":[],"default_left":[0,0,0,0,0,0,0,0,0,0,0,0,0],"id":50,"left_children":[1,3,5,-1,-1,7,-1,9,11,-1,-1,-1,-1],"loss_changes":[3.0931847E1,1.7830467E0,9.29833E0,0E0,0E0,1.5453922E0,0E0,4.9617946E-2,1.7935634E-2,0E0,0E0,0E0,0E0],"parents":[2147483647,0,0,1,1,2,2,5,5,7,7,8,8],"right_children":[2,4,6,-1,-1,8,-1,10,12,-1,-1,-1,-1],"split_conditions":[3.0275455E-1,1.0213216E-1,1E0,-3.706337E-1,-7.880707E-2,7.11075E-1,2.6425782E-1,5.073654E-1,8.0648255E-1,-3.978577E-2,-6.101227E-3,1.6213989E-2,6.309052E-2],"split_indices":[0,0,0,0,0,0,0,0,0,0,0,0,0],"split_type":[0,0,0,0,0,0,0,0,0,0,0,0,0],"sum_hessian":[9E0,2E0,7E0,1E0,1E0,6E0,1E0,3E0,3E0,2E0,1E0,1E0,2E0],"tree_param":{"num_deleted":"0","num_feature":"2","num_nodes":"13","size_leaf_vector":"1"}},{"base_weights":[-2.6737976E-1,-2.8464558E0,7.3319626E-1,-3.521019E-1,-7.486649E-2,1.20666504E-1,2.5104523E-1,-3.0748367E-1,5.1865005E-1,-3.713379E-2,-5.796051E-3,1.5402985E-2,5.8884688E-2],"categories":[],"categories_nodes":[],"categories_segments":[],"categories_sizes":[],"default_left":[0,0,0,0,0,0,0,0,0,0,0,0,0],"id":51,"left_children":[1,3,5,-1,-1,7,-1,9,11,-1,-1,-1,-1],"loss_changes":[2.7892626E1,1.6092148E0,8.40605E0,0E0,0E0,1.3522534E0,0E0,4.2209476E-2,1.1680722E-2,0E0,0E0,0E0,0E0],"parents":[2147483647,0,0,1,1,2,2,5,5,7,7,8,8],"right_children":[2,4,6,-1,-1,8,-1,10,12,-1,-1,-1,-1],"split_conditions":[3.0275455E-1,1.0213216E-1,1E0,-3.521019E-1,-7.486649E-2,7.11075E-1,2.5104523E-1,5.073654E-1,8.0648255E-1,-3.713379E-2,-5.796051E-3,1.5402985E-2,5.8884688E-2],"split_indices":[0,0,0,0,0,0,0,0,0,0,0,0,0],"split_type":[0,0,0,0,0,0,0,0,0,0,0,0,0],"sum_hessian":[9E0,2E0,7E0,1E0,1E0,6E0,1E0,3E0,3E0,2E0,1E0,1E0,2E0],"tree_param":{"num_deleted":"0","num_feature":"2","num_nodes":"13","size_leaf_vector":"1"}},{"base_weights":[-2.550972E-1,-2.7041347E0,6.95179E-1,-3.344967E-1,-7.11235E-2,1.130807E-1,2.3849335E-1,-2.8746414E-1,4.8535538E-1,-3.46578E-2,-5.506134E-3,1.4633179E-2,5.49586E-2],"categories":[],"categories_nodes":[],"categories_segments":[],"categories_sizes":[],"default_left":[0,0,0,0,0,0,0,0,0,0,0,0,0],"id":52,"left_children":[1,3,5,-1,-1,7,-1,9,11,-1,-1,-1,-1],"loss_changes":[2.5152477E1,1.4522858E0,7.5991354E0,0E0,0E0,1.1833112E0,0E0,3.5869807E-2,6.6807866E-3,0E0,0E0,0E0,0E0],"parents":[2147483647,0,0,1,1,2,2,5,5,7,7,8,8],"right_children":[2,4,6,-1,-1,8,-1,10,12,-1,-1,-1,-1],"split_conditions":[3.0275455E-1,1.0213216E-1,1E0,-3.344967E-1,-7.11235E-2,7.11075E-1,2.3849335E-1,5.073654E-1,8.0648255E-1,-3.46578E-2,-5.506134E-3,1.4633179E-2,5.49586E-2],"split_indices":[0,0,0,0,0,0,0,0,0,0,0,0,0],"split_type":[0,0,0,0,0,0,0,0,0,0,0,0,0],"sum_hessian":[9E0,2E0,7E0,1E0,1E0,6E0,1E0,3E0,3E0,2E0,1E0,1E0,2E0],"tree_param":{"num_deleted":"0","num_feature":"2","num_nodes":"13","size_leaf_vector":"1"}},{"base_weights":[-2.4335937E-1,-2.568929E0,6.5914917E-1,-3.177719E-1,-6.7567445E-2,1.0597447E-1,2.2656861E-1,-2.6876068E-1,4.54216E-1,-3.2347616E-2,-5.230713E-3,1.390152E-2,5.1294453E-2],"categories":[],"categories_nodes":[],"categories_segments":[],"categories_sizes":[],"default_left":[0,0,0,0,0,0,0,0,0,0,0,0,0],"id":53,"left_children":[1,3,5,-1,-1,7,-1,9,11,-1,-1,-1,-1],"loss_changes":[2.2681772E1,1.3106804E0,6.8694596E0,0E0,0E0,1.0355638E0,0E0,3.0453295E-2,2.737999E-3,0E0,0E0,0E0,0E0],"parents":[2147483647,0,0,1,1,2,2,5,5,7,7,8,8],"right_children":[2,4,6,-1,-1,8,-1,10,12,-1,-1,-1,-1],"split_conditions":[3.0275455E-1,1.0213216E-1,1E0,-3.177719E-1,-6.7567445E-2,7.11075E-1,2.2656861E-1,5.073654E-1,8.0648255E-1,-3.2347616E-2,-5.230713E-3,1.390152E-2,5.1294453E-2],"split_indices":[0,0,0,0,0,0,0,0,0,0,0,0,0],"split_type":[0,0,0,0,0,0,0,0,0,0,0,0,0],"sum_hessian":[9E0,2E0,7E0,1E0,1E0,6E0,1E0,3E0,3E0,2E0,1E0,1E0,2E0],"tree_param":{"num_deleted":"0","num_feature":"2","num_nodes":"13","size_leaf_vector":"1"}},{"base_weights":[-2.3213883E-1,-2.440483E0,6.250076E-1,-3.018833E-1,-6.418915E-2,9.932164E-2,2.1524048E-1,-2.5127792E-1,4.250908E-2,-3.569107E-2,-9.709677E-3],"categories":[],"categories_nodes":[],"categories_segments":[],"categories_sizes":[],"default_left":[0,0,0,0,0,0,0,0,0,0,0],"id":54,"left_children":[1,3,5,-1,-1,7,-1,9,-1,-1,-1],"loss_changes":[2.0454063E1,1.1828842E0,6.20967E0,0E0,0E0,9.063176E-1,0E0,3.0491501E-2,0E0,0E0,0E0],"parents":[2147483647,0,0,1,1,2,2,5,5,7,7],"right_children":[2,4,6,-1,-1,8,-1,10,-1,-1,-1],"split_conditions":[3.0275455E-1,1.0213216E-1,1E0,-3.018833E-1,-6.418915E-2,7.11075E-1,2.1524048E-1,4.044243E-1,4.250908E-2,-3.569107E-2,-9.709677E-3],"split_indices":[0,0,0,0,0,0,0,0,0,0,0],"split_type":[0,0,0,0,0,0,0,0,0,0,0],"sum_hessian":[9E0,2E0,7E0,1E0,1E0,6E0,1E0,3E0,3E0,1E0,2E0],"tree_param":{"num_deleted":"0","num_feature":"2","num_nodes":"11","size_leaf_vector":"1"}},{"base_weights":[-2.2429886E-1,-2.3184586E0,5.890484E-1,-2.8678933E-1,-6.0979463E-2,8.8974E-2,2.0447846E-1,-2.3750305E-1,3.9320755E-1,-3.3906557E-2,-9.062704E-3,1.1080933E-2,4.5040384E-2],"categories":[],"categories_nodes":[],"categories_segments":[],"categories_sizes":[],"default_left":[0,0,0,0,0,0,0,0,0,0,0,0,0],"id":55,"left_children":[1,3,5,-1,-1,7,-1,9,11,-1,-1,-1,-1],"loss_changes":[1.8398474E1,1.0675716E0,5.6418777E0,0E0,0E0,7.8866494E-1,0E0,2.8939858E-2,1.4699578E-2,0E0,0E0,0E0,0E0],"parents":[2147483647,0,0,1,1,2,2,5,5,7,7,8,8],"right_children":[2,4,6,-1,-1,8,-1,10,12,-1,-1,-1,-1],"split_conditions":[3.0275455E-1,1.0213216E-1,1E0,-2.8678933E-1,-6.0979463E-2,7.11075E-1,2.0447846E-1,4.044243E-1,8.0648255E-1,-3.3906557E-2,-9.062704E-3,1.1080933E-2,4.5040384E-2],"split_indices":[0,0,0,0,0,0,0,0,0,0,0,0,0],"split_type":[0,0,0,0,0,0,0,0,0,0,0,0,0],"sum_hessian":[9E0,2E0,7E0,1E0,1E0,6E0,1E0,3E0,3E0,1E0,2E0,1E0,2E0],"tree_param":{"num_deleted":"0","num_feature":"2","num_nodes":"13","size_leaf_vector":"1"}},{"base_weights":[-2.1488266E-1,-2.2025375E0,5.5734825E-1,-2.7244988E-1,-5.7930756E-2,8.1954956E-2,1.9425507E-1,-2.2449493E-1,3.679161E-1,-3.2211304E-2,-8.458456E-3,1.0527039E-2,4.2037454E-2],"categories":[],"categories_nodes":[],"categories_segments":[],"categories_sizes":[],"default_left":[0,0,0,0,0,0,0,0,0,0,0,0,0],"id":56,"left_children":[1,3,5,-1,-1,7,-1,9,11,-1,-1,-1,-1],"loss_changes":[1.6576866E1,9.634657E-1,5.108926E0,0E0,0E0,6.9602466E-1,0E0,2.7385354E-2,1.0858893E-2,0E0,0E0,0E0,0E0],"parents":[2147483647,0,0,1,1,2,2,5,5,7,7,8,8],"right_children":[2,4,6,-1,-1,8,-1,10,12,-1,-1,-1,-1],"split_conditions":[3.0275455E-1,1.0213216E-1,1E0,-2.7244988E-1,-5.7930756E-2,7.11075E-1,1.9425507E-1,4.044243E-1,8.0648255E-1,-3.2211304E-2,-8.458456E-3,1.0527039E-2,4.2037454E-2],"split_indices":[0,0,0,0,0,0,0,0,0,0,0,0,0],"split_type":[0,0,0,0,0,0,0,0,0,0,0,0,0],"sum_hessian":[9E0,2E0,7E0,1E0,1E0,6E0,1E0,3E0,3E0,1E0,2E0,1E0,2E0],"tree_param":{"num_deleted":"0","num_feature":"2","num_nodes":"13","size_leaf_vector":"1"}},{"base_weights":[-2.0581512E-1,-2.0924072E0,5.273838E-1,-2.588272E-1,-5.5033874E-2,7.545907E-2,1.8454285E-1,-2.1221542E-1,3.442688E-1,-3.060074E-2,-7.894898E-3,1.0000611E-2,3.9235435E-2],"categories":[],"categories_nodes":[],"categories_segments":[],"categories_sizes":[],"default_left":[0,0,0,0,0,0,0,0,0,0,0,0,0],"id":57,"left_children":[1,3,5,-1,-1,7,-1,9,11,-1,-1,-1,-1],"loss_changes":[1.4935975E1,8.695469E-1,4.6260014E0,0E0,0E0,6.1436707E-1,0E0,2.583833E-2,7.744193E-3,0E0,0E0,0E0,0E0],"parents":[2147483647,0,0,1,1,2,2,5,5,7,7,8,8],"right_children":[2,4,6,-1,-1,8,-1,10,12,-1,-1,-1,-1],"split_conditions":[3.0275455E-1,1.0213216E-1,1E0,-2.588272E-1,-5.5033874E-2,7.11075E-1,1.8454285E-1,4.044243E-1,8.0648255E-1,-3.060074E-2,-7.894898E-3,1.0000611E-2,3.9235435E-2],"split_indices":[0,0,0,0,0,0,0,0,0,0,0,0,0],"split_type":[0,0,0,0,0,0,0,0,0,0,0,0,0],"sum_hessian":[9E0,2E0,7E0,1E0,1E0,6E0,1E0,3E0,3E0,1E0,2E0,1E0,2E0],"tree_param":{"num_deleted":"0","num_feature":"2","num_nodes":"13","size_leaf_vector":"1"}},{"base_weights":[-1.9709244E-1,-1.9877853E0,4.9905396E-1,-2.4588585E-1,-5.2281953E-2,6.944493E-2,1.7531586E-1,-2.0062256E-1,3.2215118E-1,-2.9071046E-2,-7.368978E-3,9.500885E-3,3.661957E-2],"categories":[],"categories_nodes":[],"categories_segments":[],"categories_sizes":[],"default_left":[0,0,0,0,0,0,0,0,0,0,0,0,0],"id":58,"left_children":[1,3,5,-1,-1,7,-1,9,11,-1,-1,-1,-1],"loss_changes":[1.3457855E1,7.8477955E-1,4.1884494E0,0E0,0E0,5.42365E-1,0E0,2.4318025E-2,5.2256286E-3,0E0,0E0,0E0,0E0],"parents":[2147483647,0,0,1,1,2,2,5,5,7,7,8,8],"right_children":[2,4,6,-1,-1,8,-1,10,12,-1,-1,-1,-1],"split_conditions":[3.0275455E-1,1.0213216E-1,1E0,-2.4588585E-1,-5.2281953E-2,7.11075E-1,1.7531586E-1,4.044243E-1,8.0648255E-1,-2.9071046E-2,-7.368978E-3,9.500885E-3,3.661957E-2],"split_indices":[0,0,0,0,0,0,0,0,0,0,0,0,0],"split_type":[0,0,0,0,0,0,0,0,0,0,0,0,0],"sum_hessian":[9E0,2E0,7E0,1E0,1E0,6E0,1E0,3E0,3E0,1E0,2E0,1E0,2E0],"tree_param":{"num_deleted":"0","num_feature":"2","num_nodes":"13","size_leaf_vector":"1"}},{"base_weights":[-1.8870239E-1,-1.8883972E0,4.7227097E-1,-2.3359147E-1,-4.9668122E-2,6.388201E-2,1.6654968E-1,-1.8967056E-1,3.0146408E-1,-2.7617646E-2,-6.8776454E-3,9.025574E-3,3.4178164E-2],"categories":[],"categories_nodes":[],"categories_segments":[],"categories_sizes":[],"default_left":[0,0,0,0,0,0,0,0,0,0,0,0,0],"id":59,"left_children":[1,3,5,-1,-1,7,-1,9,11,-1,-1,-1,-1],"loss_changes":[1.2126365E1,7.082472E-1,3.792007E0,0E0,0E0,4.788557E-1,0E0,2.2837773E-2,3.2138526E-3,0E0,0E0,0E0,0E0],"parents":[2147483647,0,0,1,1,2,2,5,5,7,7,8,8],"right_children":[2,4,6,-1,-1,8,-1,10,12,-1,-1,-1,-1],"split_conditions":[3.0275455E-1,1.0213216E-1,1E0,-2.3359147E-1,-4.9668122E-2,7.11075E-1,1.6654968E-1,4.044243E-1,8.0648255E-1,-2.7617646E-2,-6.8776454E-3,9.025574E-3,3.4178164E-2],"split_indices":[0,0,0,0,0,0,0,0,0,0,0,0,0],"split_type":[0,0,0,0,0,0,0,0,0,0,0,0,0],"sum_hessian":[9E0,2E0,7E0,1E0,1E0,6E0,1E0,3E0,3E0,1E0,2E0,1E0,2E0],"tree_param":{"num_deleted":"0","num_feature":"2","num_nodes":"13","size_leaf_vector":"1"}},{"base_weights":[-1.806343E-1,-1.7939783E0,4.46949E-1,-2.2191201E-1,-4.7184754E-2,5.8737617E-2,1.5822144E-1,-1.793251E-1,2.8211594E-1,-2.6236726E-2,-6.418864E-3,8.573914E-3,3.1899516E-2],"categories":[],"categories_nodes":[],"categories_segments":[],"categories_sizes":[],"default_left":[0,0,0,0,0,0,0,0,0,0,0,0,0],"id":60,"left_children":[1,3,5,-1,-1,7,-1,9,11,-1,-1,-1,-1],"loss_changes":[1.0926895E1,6.391926E-1,3.432848E0,0E0,0E0,4.228368E-1,0E0,2.1403715E-2,1.6185343E-3,0E0,0E0,0E0,0E0],"parents":[2147483647,0,0,1,1,2,2,5,5,7,7,8,8],"right_children":[2,4,6,-1,-1,8,-1,10,12,-1,-1,-1,-1],"split_conditions":[3.0275455E-1,1.0213216E-1,1E0,-2.2191201E-1,-4.7184754E-2,7.11075E-1,1.5822144E-1,4.044243E-1,8.0648255E-1,-2.6236726E-2,-6.418864E-3,8.573914E-3,3.1899516E-2],"split_indices":[0,0,0,0,0,0,0,0,0,0,0,0,0],"split_type":[0,0,0,0,0,0,0,0,0,0,0,0,0],"sum_hessian":[9E0,2E0,7E0,1E0,1E0,6E0,1E0,3E0,3E0,1E0,2E0,1E0,2E0],"tree_param":{"num_deleted":"0","num_feature":"2","num_nodes":"13","size_leaf_vector":"1"}},{"base_weights":[-1.7287827E-1,-1.7042822E0,4.2300797E-1,-2.1081658E-1,-4.4825744E-2,5.3981237E-2,1.5030976E-1,-1.6955566E-1,2.6402283E-1,-2.1154277E-2,-2.179718E-3,8.145141E-3,2.977295E-2],"categories":[],"categories_nodes":[],"categories_segments":[],"categories_sizes":[],"default_left":[0,0,0,0,0,0,0,0,0,0,0,0,0],"id":61,"left_children":[1,3,5,-1,-1,7,-1,9,11,-1,-1,-1,-1],"loss_changes":[9.84635E0,5.7686234E-1,3.107516E0,0E0,0E0,3.734309E-1,0E0,2.0204768E-2,3.6498904E-4,0E0,0E0,0E0,0E0],"parents":[2147483647,0,0,1,1,2,2,5,5,7,7,8,8],"right_children":[2,4,6,-1,-1,8,-1,10,12,-1,-1,-1,-1],"split_conditions":[3.0275455E-1,1.0213216E-1,1E0,-2.1081658E-1,-4.4825744E-2,7.11075E-1,1.5030976E-1,5.073654E-1,8.0648255E-1,-2.1154277E-2,-2.179718E-3,8.145141E-3,2.977295E-2],"split_indices":[0,0,0,0,0,0,0,0,0,0,0,0,0],"split_type":[0,0,0,0,0,0,0,0,0,0,0,0,0],"sum_hessian":[9E0,2E0,7E0,1E0,1E0,6E0,1E0,3E0,3E0,2E0,1E0,1E0,2E0],"tree_param":{"num_deleted":"0","num_feature":"2","num_nodes":"13","size_leaf_vector":"1"}},{"base_weights":[-1.6466598E-1,-1.6190668E0,4.013176E-1,-2.0027581E-1,-4.258423E-2,5.066354E-2,1.427948E-1,-1.5843582E-1,2.4709702E-2,-2.3867799E-2,-5.212911E-3],"categories":[],"categories_nodes":[],"categories_segments":[],"categories_sizes":[],"default_left":[0,0,0,0,0,0,0,0,0,0,0],"id":62,"left_children":[1,3,5,-1,-1,7,-1,9,-1,-1,-1],"loss_changes":[8.881431E0,5.2063036E-1,2.8075924E0,0E0,0E0,3.2666782E-1,0E0,2.1679051E-2,0E0,0E0,0E0],"parents":[2147483647,0,0,1,1,2,2,5,5,7,7],"right_children":[2,4,6,-1,-1,8,-1,10,-1,-1,-1],"split_conditions":[3.0275455E-1,1.0213216E-1,1E0,-2.0027581E-1,-4.258423E-2,7.11075E-1,1.427948E-1,4.044243E-1,2.4709702E-2,-2.3867799E-2,-5.212911E-3],"split_indices":[0,0,0,0,0,0,0,0,0,0,0],"split_type":[0,0,0,0,0,0,0,0,0,0,0],"sum_hessian":[9E0,2E0,7E0,1E0,1E0,6E0,1E0,3E0,3E0,1E0,2E0],"tree_param":{"num_deleted":"0","num_feature":"2","num_nodes":"11","size_leaf_vector":"1"}},{"base_weights":[-1.5864106E-1,-1.5381113E0,3.7849045E-1,-1.9026184E-1,-4.0454865E-2,4.497419E-2,1.3565521E-1,-1.4986038E-1,2.2856522E-1,-2.267456E-2,-4.8650107E-3,6.502533E-3,2.6140342E-2],"categories":[],"categories_nodes":[],"categories_segments":[],"categories_sizes":[],"default_left":[0,0,0,0,0,0,0,0,0,0,0,0,0],"id":63,"left_children":[1,3,5,-1,-1,7,-1,9,11,-1,-1,-1,-1],"loss_changes":[7.9917307E0,4.6987247E-1,2.548586E0,0E0,0E0,2.84642E-1,0E0,2.0095102E-2,4.4835657E-3,0E0,0E0,0E0,0E0],"parents":[2147483647,0,0,1,1,2,2,5,5,7,7,8,8],"right_children":[2,4,6,-1,-1,8,-1,10,12,-1,-1,-1,-1],"split_conditions":[3.0275455E-1,1.0213216E-1,1E0,-1.9026184E-1,-4.0454865E-2,7.11075E-1,1.3565521E-1,4.044243E-1,8.0648255E-1,-2.267456E-2,-4.8650107E-3,6.502533E-3,2.6140342E-2],"split_indices":[0,0,0,0,0,0,0,0,0,0,0,0,0],"split_type":[0,0,0,0,0,0,0,0,0,0,0,0,0],"sum_hessian":[9E0,2E0,7E0,1E0,1E0,6E0,1E0,3E0,3E0,1E0,2E0,1E0,2E0],"tree_param":{"num_deleted":"0","num_feature":"2","num_nodes":"13","size_leaf_vector":"1"}},{"base_weights":[-1.5177307E-1,-1.461207E0,3.582363E-1,-1.8074875E-1,-3.843231E-2,4.120527E-2,1.2887268E-1,-1.4175797E-1,2.1386719E-1,-2.1540834E-2,-4.540507E-3,6.177521E-3,2.4397278E-2],"categories":[],"categories_nodes":[],"categories_segments":[],"categories_sizes":[],"default_left":[0,0,0,0,0,0,0,0,0,0,0,0,0],"id":64,"left_children":[1,3,5,-1,-1,7,-1,9,11,-1,-1,-1,-1],"loss_changes":[7.201694E0,4.2405224E-1,2.3068528E0,0E0,0E0,2.5145286E-1,0E0,1.8605076E-2,3.243804E-3,0E0,0E0,0E0,0E0],"parents":[2147483647,0,0,1,1,2,2,5,5,7,7,8,8],"right_children":[2,4,6,-1,-1,8,-1,10,12,-1,-1,-1,-1],"split_conditions":[3.0275455E-1,1.0213216E-1,1E0,-1.8074875E-1,-3.843231E-2,7.11075E-1,1.2887268E-1,4.044243E-1,8.0648255E-1,-2.1540834E-2,-4.540507E-3,6.177521E-3,2.4397278E-2],"split_indices":[0,0,0,0,0,0,0,0,0,0,0,0,0],"split_type":[0,0,0,0,0,0,0,0,0,0,0,0,0],"sum_hessian":[9E0,2E0,7E0,1E0,1E0,6E0,1E0,3E0,3E0,1E0,2E0,1E0,2E0],"tree_param":{"num_deleted":"0","num_feature":"2","num_nodes":"13","size_leaf_vector":"1"}},{"base_weights":[-1.4517441E-1,-1.3881454E0,3.3908653E-1,-1.7171136E-1,-3.6510468E-2,3.7730627E-2,1.22428894E-1,-1.3409805E-1,2.0012665E-1,-2.0463562E-2,-4.2373657E-2,5.8685304E-3,2.27712E-2,-5.01709E-3,-1.3389587E-3],"categories":[],"categories_nodes":[],"categories_segments":[],"categories_sizes":[],"default_left":[0,0,0,0,0,0,0,0,0,0,0,0,0,0,0],"id":65,"left_children":[1,3,5,-1,-1,7,-1,9,11,-1,13,-1,-1,-1,-1],"loss_changes":[6.4899244E0,3.8271713E-1,2.0878944E0,0E0,0E0,2.2216664E-1,0E0,1.7208911E-2,2.243489E-3,0E0,6.219838E-6,0E0,0E0,0E0,0E0],"parents":[2147483647,0,0,1,1,2,2,5,5,7,7,8,8,10,10],"right_children":[2,4,6,-1,-1,8,-1,10,12,-1,14,-1,-1,-1,-1],"split_conditions":[3.0275455E-1,1.0213216E-1,1E0,-1.7171136E-1,-3.6510468E-2,7.11075E-1,1.22428894E-1,4.044243E-1,8.0648255E-1,-2.0463562E-2,5.073654E-1,5.8685304E-3,2.27712E-2,-5.01709E-3,-1.3389587E-3],"split_indices":[0,0,0,0,0,0,0,0,0,0,0,0,0,0,0],"split_type":[0,0,0,0,0,0,0,0,0,0,0,0,0,0,0],"sum_hessian":[9E0,2E0,7E0,1E0,1E0,6E0,1E0,3E0,3E0,1E0,2E0,1E0,2E0,1E0,1E0],"tree_param":{"num_deleted":"0","num_feature":"2","num_nodes":"15","size_leaf_vector":"1"}},{"base_weights":[-1.3905334E-1,-1.3187357E0,3.2070923E-1,-1.6312562E-1,-3.4684755E-2,3.4218926E-2,1.1630707E-1,-1.2739182E-1,1.8727493E-1,-1.9440461E-2,-4.0252686E-2,5.5747987E-3,2.125346E-2,-4.766083E-3,-1.27182E-3],"categories":[],"categories_nodes":[],"categories_segments":[],"categories_sizes":[],"default_left":[0,0,0,0,0,0,0,0,0,0,0,0,0,0,0],"id":66,"left_children":[1,3,5,-1,-1,7,-1,9,11,-1,13,-1,-1,-1,-1],"loss_changes":[5.846669E0,3.45407E-1,1.8908281E0,0E0,0E0,1.9700576E-1,0E0,1.5532434E-2,1.4409125E-3,0E0,5.7779253E-6,0E0,0E0,0E0,0E0],"parents":[2147483647,0,0,1,1,2,2,5,5,7,7,8,8,10,10],"right_children":[2,4,6,-1,-1,8,-1,10,12,-1,14,-1,-1,-1,-1],"split_conditions":[3.0275455E-1,1.0213216E-1,1E0,-1.6312562E-1,-3.4684755E-2,7.11075E-1,1.1630707E-1,4.044243E-1,8.0648255E-1,-1.9440461E-2,5.073654E-1,5.5747987E-3,2.125346E-2,-4.766083E-3,-1.27182E-3],"split_indices":[0,0,0,0,0,0,0,0,0,0,0,0,0,0,0],"split_type":[0,0,0,0,0,0,0,0,0,0,0,0,0,0,0],"sum_hessian":[9E0,2E0,7E0,1E0,1E0,6E0,1E0,3E0,3E0,1E0,2E0,1E0,2E0,1E0,1E0],"tree_param":{"num_deleted":"0","num_feature":"2","num_nodes":"15","size_leaf_vector":"1"}},{"base_weights":[-1.3316269E-1,-1.2528E0,3.0334663E-1,-1.5496941E-1,-3.295059E-2,3.09906E-2,1.1049195E-1,-1.21025085E-1,1.7525864E-1,-1.8468475E-2,-3.824361E-2,8.035787E-3,2.2998048E-2,-4.5280457E-3,-1.2084962E-3],"categories":[],"categories_nodes":[],"categories_segments":[],"categories_sizes":[],"default_left":[0,0,0,0,0,0,0,0,0,0,0,0,0,0,0],"id":67,"left_children":[1,3,5,-1,-1,7,-1,9,11,-1,13,-1,-1,-1,-1],"loss_changes":[5.267354E0,3.1172848E-1,1.7122636E0,0E0,0E0,1.7472772E-1,0E0,1.4016356E-2,2.2918358E-3,0E0,5.0105155E-6,0E0,0E0,0E0,0E0],"parents":[2147483647,0,0,1,1,2,2,5,5,7,7,8,8,10,10],"right_children":[2,4,6,-1,-1,8,-1,10,12,-1,14,-1,-1,-1,-1],"split_conditions":[3.0275455E-1,1.0213216E-1,1E0,-1.5496941E-1,-3.295059E-2,7.11075E-1,1.1049195E-1,4.044243E-1,9.1433126E-1,-1.8468475E-2,5.073654E-1,8.035787E-3,2.2998048E-2,-4.5280457E-3,-1.2084962E-3],"split_indices":[0,0,0,0,0,0,0,0,0,0,0,0,0,0,0],"split_type":[0,0,0,0,0,0,0,0,0,0,0,0,0,0,0],"sum_hessian":[9E0,2E0,7E0,1E0,1E0,6E0,1E0,3E0,3E0,1E0,2E0,2E0,1E0,1E0,1E0],"tree_param":{"num_deleted":"0","num_feature":"2","num_nodes":"15","size_leaf_vector":"1"}},{"base_weights":[-1.2691116E-1,-1.1901627E0,2.8767204E-1,-1.47221E-1,-3.1303406E-2,2.886309E-2,1.0496674E-1,-1.14974976E-1,1.6548538E-1,-1.7545318E-2,-3.6331177E-2,7.499695E-3,2.1847535E-2,-4.3014525E-3,-1.1482239E-3],"categories":[],"categories_nodes":[],"categories_segments":[],"categories_sizes":[],"default_left":[0,0,0,0,0,0,0,0,0,0,0,0,0,0,0],"id":68,"left_children":[1,3,5,-1,-1,7,-1,9,11,-1,13,-1,-1,-1,-1],"loss_changes":[4.7504387E0,2.8132296E-1,1.5473928E0,0E0,0E0,1.565871E-1,0E0,1.2650527E-2,2.7949288E-3,0E0,4.319474E-6,0E0,0E0,0E0,0E0],"parents":[2147483647,0,0,1,1,2,2,5,5,7,7,8,8,10,10],"right_children":[2,4,6,-1,-1,8,-1,10,12,-1,14,-1,-1,-1,-1],"split_conditions":[3.0275455E-1,1.0213216E-1,1E0,-1.47221E-1,-3.1303406E-2,7.11075E-1,1.0496674E-1,4.044243E-1,9.1433126E-1,-1.7545318E-2,5.073654E-1,7.499695E-3,2.1847535E-2,-4.3014525E-3,-1.1482239E-3],"split_indices":[0,0,0,0,0,0,0,0,0,0,0,0,0,0,0],"split_type":[0,0,0,0,0,0,0,0,0,0,0,0,0,0,0],"sum_hessian":[9E0,2E0,7E0,1E0,1E0,6E0,1E0,3E0,3E0,1E0,2E0,2E0,1E0,1E0,1E0],"tree_param":{"num_deleted":"0","num_feature":"2","num_nodes":"15","size_leaf_vector":"1"}},{"base_weights":[-1.2094116E-1,-1.1306509E0,2.728176E-1,-1.3985978E-1,-2.9737854E-2,2.6883807E-2,9.9717714E-2,-1.0922623E-1,1.5627289E-1,-1.6667938E-2,-3.451538E-2,6.9997157E-3,2.0755006E-2,-4.086304E-3,-1.0910034E-3],"categories":[],"categories_nodes":[],"categories_segments":[],"categories_sizes":[],"default_left":[0,0,0,0,0,0,0,0,0,0,0,0,0,0,0],"id":69,"left_children":[1,3,5,-1,-1,7,-1,9,11,-1,13,-1,-1,-1,-1],"loss_changes":[4.2842817E0,2.5390553E-1,1.398348E0,0E0,0E0,1.4034717E-1,0E0,1.1416495E-2,3.1679869E-3,0E0,3.6987476E-6,0E0,0E0,0E0,0E0],"parents":[2147483647,0,0,1,1,2,2,5,5,7,7,8,8,10,10],"right_children":[2,4,6,-1,-1,8,-1,10,12,-1,14,-1,-1,-1,-1],"split_conditions":[3.0275455E-1,1.0213216E-1,1E0,-1.3985978E-1,-2.9737854E-2,7.11075E-1,9.9717714E-2,4.044243E-1,9.1433126E-1,-1.6667938E-2,5.073654E-1,6.9997157E-3,2.0755006E-2,-4.086304E-3,-1.0910034E-3],"split_indices":[0,0,0,0,0,0,0,0,0,0,0,0,0,0,0],"split_type":[0,0,0,0,0,0,0,0,0,0,0,0,0,0,0],"sum_hessian":[9E0,2E0,7E0,1E0,1E0,6E0,1E0,3E0,3E0,1E0,2E0,2E0,1E0,1E0,1E0],"tree_param":{"num_deleted":"0","num_feature":"2","num_nodes":"15","size_leaf_vector":"1"}},{"base_weights":[-1.1524506E-1,-1.0741171E0,2.5873756E-1,-1.3286667E-1,-2.8250886E-2,2.5039673E-2,9.4731145E-2,-1.0376358E-1,1.4758301E-1,-1.5834808E-2,-3.2786053E-2,6.5327967E-3,1.9717408E-2,-3.881836E-3,-1.0360718E-3],"categories":[],"categories_nodes":[],"categories_segments":[],"categories_sizes":[],"default_left":[0,0,0,0,0,0,0,0,0,0,0,0,0,0,0],"id":70,"left_children":[1,3,5,-1,-1,7,-1,9,11,-1,13,-1,-1,-1,-1],"loss_changes":[3.8639293E0,2.291503E-1,1.2636256E0,0E0,0E0,1.258016E-1,0E0,1.0305483E-2,3.4354776E-3,0E0,3.6435667E-6,0E0,0E0,0E0,0E0],"parents":[2147483647,0,0,1,1,2,2,5,5,7,7,8,8,10,10],"right_children":[2,4,6,-1,-1,8,-1,10,12,-1,14,-1,-1,-1,-1],"split_conditions":[3.0275455E-1,1.0213216E-1,1E0,-1.3286667E-1,-2.8250886E-2,7.11075E-1,9.4731145E-2,4.044243E-1,9.1433126E-1,-1.5834808E-2,5.073654E-1,6.5327967E-3,1.9717408E-2,-3.881836E-3,-1.0360718E-3],"split_indices":[0,0,0,0,0,0,0,0,0,0,0,0,0,0,0],"split_type":[0,0,0,0,0,0,0,0,0,0,0,0,0,0,0],"sum_hessian":[9E0,2E0,7E0,1E0,1E0,6E0,1E0,3E0,3E0,1E0,2E0,2E0,1E0,1E0,1E0],"tree_param":{"num_deleted":"0","num_feature":"2","num_nodes":"15","size_leaf_vector":"1"}},{"base_weights":[-1.09809116E-1,-1.0204138E0,2.4539375E-1,-1.2622337E-1,-2.6838684E-2,2.332197E-2,8.999481E-2,-9.857559E-2,1.3938904E-1,-1.5042878E-2,-3.1148275E-2,6.097412E-3,1.873169E-2,-3.6880493E-3,-9.841919E-4],"categories":[],"categories_nodes":[],"categories_segments":[],"categories_sizes":[],"default_left":[0,0,0,0,0,0,0,0,0,0,0,0,0,0,0],"id":71,"left_children":[1,3,5,-1,-1,7,-1,9,11,-1,13,-1,-1,-1,-1],"loss_changes":[3.484897E0,2.0679832E-1,1.1418759E0,0E0,0E0,1.127784E-1,0E0,9.299684E-3,3.6115497E-3,0E0,3.423309E-6,0E0,0E0,0E0,0E0],"parents":[2147483647,0,0,1,1,2,2,5,5,7,7,8,8,10,10],"right_children":[2,4,6,-1,-1,8,-1,10,12,-1,14,-1,-1,-1,-1],"split_conditions":[3.0275455E-1,1.0213216E-1,1E0,-1.2622337E-1,-2.6838684E-2,7.11075E-1,8.999481E-2,4.044243E-1,9.1433126E-1,-1.5042878E-2,5.073654E-1,6.097412E-3,1.873169E-2,-3.6880493E-3,-9.841919E-4],"split_indices":[0,0,0,0,0,0,0,0,0,0,0,0,0,0,0],"split_type":[0,0,0,0,0,0,0,0,0,0,0,0,0,0,0],"sum_hessian":[9E0,2E0,7E0,1E0,1E0,6E0,1E0,3E0,3E0,1E0,2E0,2E0,1E0,1E0,1E0],"tree_param":{"num_deleted":"0","num_feature":"2","num_nodes":"15","size_leaf_vector":"1"}},{"base_weights":[-1.046257E-1,-9.6939343E-1,2.327404E-1,-1.1991234E-1,-2.5496675E-2,2.1717617E-2,8.5494995E-2,-9.3647E-2,1.3165283E-1,-1.4290619E-2,-2.9591879E-2,5.690511E-3,1.77948E-2,-3.503418E-3,-9.3536376E-4],"categories":[],"categories_nodes":[],"categories_segments":[],"categories_sizes":[],"default_left":[0,0,0,0,0,0,0,0,0,0,0,0,0,0,0],"id":72,"left_children":[1,3,5,-1,-1,7,-1,9,11,-1,13,-1,-1,-1,-1],"loss_changes":[3.1430502E0,1.8663907E-1,1.0318358E0,0E0,0E0,1.0110734E-1,0E0,8.392353E-3,3.715679E-3,0E0,2.7308706E-6,0E0,0E0,0E0,0E0],"parents":[2147483647,0,0,1,1,2,2,5,5,7,7,8,8,10,10],"right_children":[2,4,6,-1,-1,8,-1,10,12,-1,14,-1,-1,-1,-1],"split_conditions":[3.0275455E-1,1.0213216E-1,1E0,-1.1991234E-1,-2.5496675E-2,7.11075E-1,8.5494995E-2,4.044243E-1,9.1433126E-1,-1.4290619E-2,5.073654E-1,5.690511E-3,1.77948E-2,-3.503418E-3,-9.3536376E-4],"split_indices":[0,0,0,0,0,0,0,0,0,0,0,0,0,0,0],"split_type":[0,0,0,0,0,0,0,0,0,0,0,0,0,0,0],"sum_hessian":[9E0,2E0,7E0,1E0,1E0,6E0,1E0,3E0,3E0,1E0,2E0,2E0,1E0,1E0,1E0],"tree_param":{"num_deleted":"0","num_feature":"2","num_nodes":"15","size_leaf_vector":"1"}},{"base_weights":[-9.967957E-2,-9.209239E-1,2.20747E-1,-1.1391678E-1,-2.4221802E-2,2.0226615E-2,8.121949E-2,-8.8962555E-2,1.2435913E-1,-1.3575745E-2,-2.8111776E-2,5.311076E-3,1.6905213E-2,-3.327942E-3,-8.8882446E-4],"categories":[],"categories_nodes":[],"categories_segments":[],"categories_sizes":[],"default_left":[0,0,0,0,0,0,0,0,0,0,0,0,0,0,0],"id":73,"left_children":[1,3,5,-1,-1,7,-1,9,11,-1,13,-1,-1,-1,-1],"loss_changes":[2.834776E0,1.6844344E-1,9.3235075E-1,0E0,0E0,9.065431E-2,0E0,7.573638E-3,3.7587248E-3,0E0,2.2253953E-6,0E0,0E0,0E0,0E0],"parents":[2147483647,0,0,1,1,2,2,5,5,7,7,8,8,10,10],"right_children":[2,4,6,-1,-1,8,-1,10,12,-1,14,-1,-1,-1,-1],"split_conditions":[3.0275455E-1,1.0213216E-1,1E0,-1.1391678E-1,-2.4221802E-2,7.11075E-1,8.121949E-2,4.044243E-1,9.1433126E-1,-1.3575745E-2,5.073654E-1,5.311076E-3,1.6905213E-2,-3.327942E-3,-8.8882446E-4],"split_indices":[0,0,0,0,0,0,0,0,0,0,0,0,0,0,0],"split_type":[0,0,0,0,0,0,0,0,0,0,0,0,0,0,0],"sum_hessian":[9E0,2E0,7E0,1E0,1E0,6E0,1E0,3E0,3E0,1E0,2E0,2E0,1E0,1E0,1E0],"tree_param":{"num_deleted":"0","num_feature":"2","num_nodes":"15","size_leaf_vector":"1"}},{"base_weights":[-9.496079E-2,-8.748805E-1,2.093792E-1,-1.08221054E-1,-2.3011018E-2,1.8835885E-2,7.715912E-2,-8.451462E-2,1.1747742E-1,-1.2896729E-2,-2.6707968E-2,4.957072E-3,1.6059875E-2,-3.161621E-3,-8.44574E-4],"categories":[],"categories_nodes":[],"categories_segments":[],"categories_sizes":[],"default_left":[0,0,0,0,0,0,0,0,0,0,0,0,0,0,0],"id":74,"left_children":[1,3,5,-1,-1,7,-1,9,11,-1,13,-1,-1,-1,-1],"loss_changes":[2.556789E0,1.520133E-1,8.424722E-1,0E0,0E0,8.1291124E-2,0E0,6.8341866E-3,3.751915E-3,0E0,1.8840656E-6,0E0,0E0,0E0,0E0],"parents":[2147483647,0,0,1,1,2,2,5,5,7,7,8,8,10,10],"right_children":[2,4,6,-1,-1,8,-1,10,12,-1,14,-1,-1,-1,-1],"split_conditions":[3.0275455E-1,1.0213216E-1,1E0,-1.08221054E-1,-2.3011018E-2,7.11075E-1,7.715912E-2,4.044243E-1,9.1433126E-1,-1.2896729E-2,5.073654E-1,4.957072E-3,1.6059875E-2,-3.161621E-3,-8.44574E-4],"split_indices":[0,0,0,0,0,0,0,0,0,0,0,0,0,0,0],"split_type":[0,0,0,0,0,0,0,0,0,0,0,0,0,0,0],"sum_hessian":[9E0,2E0,7E0,1E0,1E0,6E0,1E0,3E0,3E0,1E0,2E0,2E0,1E0,1E0,1E0],"tree_param":{"num_deleted":"0","num_feature":"2","num_nodes":"15","size_leaf_vector":"1"}},{"base_weights":[-9.04602E-2,-8.3113605E-1,1.9860077E-1,-1.02809906E-1,-2.1860505E-2,1.7538888E-2,7.3301695E-2,-8.029175E-2,1.109848E-1,-1.2252045E-2,-2.5375366E-2,4.626465E-3,1.5257264E-2,-3.0036927E-3,-8.0261234E-4],"categories":[],"categories_nodes":[],"categories_segments":[],"categories_sizes":[],"default_left":[0,0,0,0,0,0,0,0,0,0,0,0,0,0,0],"id":75,"left_children":[1,3,5,-1,-1,7,-1,9,11,-1,13,-1,-1,-1,-1],"loss_changes":[2.3060691E0,1.371901E-1,7.6124287E-1,0E0,0E0,7.290428E-2,0E0,6.1671883E-3,3.7075616E-3,0E0,1.5436672E-6,0E0,0E0,0E0,0E0],"parents":[2147483647,0,0,1,1,2,2,5,5,7,7,8,8,10,10],"right_children":[2,4,6,-1,-1,8,-1,10,12,-1,14,-1,-1,-1,-1],"split_conditions":[3.0275455E-1,1.0213216E-1,1E0,-1.02809906E-1,-2.1860505E-2,7.11075E-1,7.3301695E-2,4.044243E-1,9.1433126E-1,-1.2252045E-2,5.073654E-1,4.626465E-3,1.5257264E-2,-3.0036927E-3,-8.0261234E-4],"split_indices":[0,0,0,0,0,0,0,0,0,0,0,0,0,0,0],"split_type":[0,0,0,0,0,0,0,0,0,0,0,0,0,0,0],"sum_hessian":[9E0,2E0,7E0,1E0,1E0,6E0,1E0,3E0,3E0,1E0,2E0,2E0,1E0,1E0,1E0],"tree_param":{"num_deleted":"0","num_feature":"2","num_nodes":"15","size_leaf_vector":"1"}},{"base_weights":[-8.616638E-2,-7.8957623E-1,1.883831E-1,-9.766922E-2,-2.0767212E-2,1.6333444E-2,6.963654E-2,-7.627487E-2,1.048584E-1,-1.1639404E-2,-2.41038E-2,4.3182373E-3,1.4494324E-2,-2.8533936E-3,-7.621765E-4],"categories":[],"categories_nodes":[],"categories_segments":[],"categories_sizes":[],"default_left":[0,0,0,0,0,0,0,0,0,0,0,0,0,0,0],"id":76,"left_children":[1,3,5,-1,-1,7,-1,9,11,-1,13,-1,-1,-1,-1],"loss_changes":[2.0799508E0,1.2381899E-1,6.878114E-1,0E0,0E0,6.538509E-2,0E0,5.5667013E-3,3.6301017E-3,0E0,1.5740516E-6,0E0,0E0,0E0,0E0],"parents":[2147483647,0,0,1,1,2,2,5,5,7,7,8,8,10,10],"right_children":[2,4,6,-1,-1,8,-1,10,12,-1,14,-1,-1,-1,-1],"split_conditions":[3.0275455E-1,1.0213216E-1,1E0,-9.766922E-2,-2.0767212E-2,7.11075E-1,6.963654E-2,4.044243E-1,9.1433126E-1,-1.1639404E-2,5.073654E-1,4.3182373E-3,1.4494324E-2,-2.8533936E-3,-7.621765E-4],"split_indices":[0,0,0,0,0,0,0,0,0,0,0,0,0,0,0],"split_type":[0,0,0,0,0,0,0,0,0,0,0,0,0,0,0],"sum_hessian":[9E0,2E0,7E0,1E0,1E0,6E0,1E0,3E0,3E0,1E0,2E0,2E0,1E0,1E0,1E0],"tree_param":{"num_deleted":"0","num_feature":"2","num_nodes":"15","size_leaf_vector":"1"}},{"base_weights":[-8.207397E-2,-7.500966E-1,1.7869377E-1,-9.278565E-2,-1.9728852E-2,1.5208653E-2,6.615448E-2,-7.2460175E-2,9.907532E-2,-1.1057282E-2,-2.2898355E-2,4.030355E-3,1.3769532E-2,-2.710724E-3,-7.2402955E-4],"categories":[],"categories_nodes":[],"categories_segments":[],"categories_sizes":[],"default_left":[0,0,0,0,0,0,0,0,0,0,0,0,0,0,0],"id":77,"left_children":[1,3,5,-1,-1,7,-1,9,11,-1,13,-1,-1,-1,-1],"loss_changes":[1.8760252E0,1.11745834E-1,6.214504E-1,0E0,0E0,5.8646455E-2,0E0,5.0237924E-3,3.5294518E-3,0E0,1.4443649E-6,0E0,0E0,0E0,0E0],"parents":[2147483647,0,0,1,1,2,2,5,5,7,7,8,8,10,10],"right_children":[2,4,6,-1,-1,8,-1,10,12,-1,14,-1,-1,-1,-1],"split_conditions":[3.0275455E-1,1.0213216E-1,1E0,-9.278565E-2,-1.9728852E-2,7.11075E-1,6.615448E-2,4.044243E-1,9.1433126E-1,-1.1057282E-2,5.073654E-1,4.030355E-3,1.3769532E-2,-2.710724E-3,-7.2402955E-4],"split_indices":[0,0,0,0,0,0,0,0,0,0,0,0,0,0,0],"split_type":[0,0,0,0,0,0,0,0,0,0,0,0,0,0,0],"sum_hessian":[9E0,2E0,7E0,1E0,1E0,6E0,1E0,3E0,3E0,1E0,2E0,2E0,1E0,1E0,1E0],"tree_param":{"num_deleted":"0","num_feature":"2","num_nodes":"15","size_leaf_vector":"1"}},{"base_weights":[-7.817078E-2,-7.125905E-1,1.6950798E-1,-8.814621E-2,-1.8742371E-2,1.41623365E-2,6.284638E-2,-6.883621E-2,9.36203E-2,-1.0504151E-2,-2.1753946E-2,3.7618E-3,1.308136E-2,-2.5749207E-3,-6.881714E-4],"categories":[],"categories_nodes":[],"categories_segments":[],"categories_sizes":[],"default_left":[0,0,0,0,0,0,0,0,0,0,0,0,0,0,0],"id":78,"left_children":[1,3,5,-1,-1,7,-1,9,11,-1,13,-1,-1,-1,-1],"loss_changes":[1.6921128E0,1.0085034E-1,5.614737E-1,0E0,0E0,5.2608736E-2,0E0,4.5334417E-3,3.4106933E-3,0E0,1.0567019E-6,0E0,0E0,0E0,0E0],"parents":[2147483647,0,0,1,1,2,2,5,5,7,7,8,8,10,10],"right_children":[2,4,6,-1,-1,8,-1,10,12,-1,14,-1,-1,-1,-1],"split_conditions":[3.0275455E-1,1.0213216E-1,1E0,-8.814621E-2,-1.8742371E-2,7.11075E-1,6.284638E-2,4.044243E-1,9.1433126E-1,-1.0504151E-2,5.073654E-1,3.7618E-3,1.308136E-2,-2.5749207E-3,-6.881714E-4],"split_indices":[0,0,0,0,0,0,0,0,0,0,0,0,0,0,0],"split_type":[0,0,0,0,0,0,0,0,0,0,0,0,0,0,0],"sum_hessian":[9E0,2E0,7E0,1E0,1E0,6E0,1E0,3E0,3E0,1E0,2E0,2E0,1E0,1E0,1E0],"tree_param":{"num_deleted":"0","num_feature":"2","num_nodes":"15","size_leaf_vector":"1"}},{"base_weights":[-7.445221E-2,-6.7696124E-1,1.6079521E-1,-8.373871E-2,-1.7805481E-2,1.31814135E-2,5.970459E-2,-6.5395355E-2,8.846283E-2,-9.979248E-3,-2.0665487E-3,3.510539E-3,1.2426758E-2],"categories":[],"categories_nodes":[],"categories_segments":[],"categories_sizes":[],"default_left":[0,0,0,0,0,0,0,0,0,0,0,0,0],"id":79,"left_children":[1,3,5,-1,-1,7,-1,9,11,-1,-1,-1,-1],"loss_changes":[1.526239E0,9.101164E-2,5.07303E-1,0E0,0E0,4.7192656E-2,0E0,4.0920544E-3,3.2793358E-3,0E0,0E0,0E0,0E0],"parents":[2147483647,0,0,1,1,2,2,5,5,7,7,8,8],"right_children":[2,4,6,-1,-1,8,-1,10,12,-1,-1,-1,-1],"split_conditions":[3.0275455E-1,1.0213216E-1,1E0,-8.373871E-2,-1.7805481E-2,7.11075E-1,5.970459E-2,4.044243E-1,9.1433126E-1,-9.979248E-3,-2.0665487E-3,3.510539E-3,1.2426758E-2],"split_indices":[0,0,0,0,0,0,0,0,0,0,0,0,0],"split_type":[0,0,0,0,0,0,0,0,0,0,0,0,0],"sum_hessian":[9E0,2E0,7E0,1E0,1E0,6E0,1E0,3E0,3E0,1E0,2E0,2E0,1E0],"tree_param":{"num_deleted":"0","num_feature":"2","num_nodes":"13","size_leaf_vector":"1"}},{"base_weights":[-7.080078E-2,-6.431122E-1,1.5266609E-1,-7.95517E-2,-1.6915131E-2,1.2418474E-2,5.671997E-2,-6.1870575E-2,8.3602905E-2,-9.480285E-3,-1.9292196E-2,3.2765705E-3,1.1805725E-2,-2.342987E-3,-5.508423E-4],"categories":[],"categories_nodes":[],"categories_segments":[],"categories_sizes":[],"default_left":[0,0,0,0,0,0,0,0,0,0,0,0,0,0,0],"id":80,"left_children":[1,3,5,-1,-1,7,-1,9,11,-1,13,-1,-1,-1,-1],"loss_changes":[1.3771079E0,8.2138896E-2,4.5805502E-1,0E0,0E0,4.2190127E-2,0E0,3.7798565E-3,3.1380206E-3,0E0,4.203664E-5,0E0,0E0,0E0,0E0],"parents":[2147483647,0,0,1,1,2,2,5,5,7,7,8,8,10,10],"right_children":[2,4,6,-1,-1,8,-1,10,12,-1,14,-1,-1,-1,-1],"split_conditions":[3.0275455E-1,1.0213216E-1,1E0,-7.95517E-2,-1.6915131E-2,7.11075E-1,5.671997E-2,4.044243E-1,9.1433126E-1,-9.480285E-3,5.073654E-1,3.2765705E-3,1.1805725E-2,-2.342987E-3,-5.508423E-4],"split_indices":[0,0,0,0,0,0,0,0,0,0,0,0,0,0,0],"split_type":[0,0,0,0,0,0,0,0,0,0,0,0,0,0,0],"sum_hessian":[9E0,2E0,7E0,1E0,1E0,6E0,1E0,3E0,3E0,1E0,2E0,2E0,1E0,1E0,1E0],"tree_param":{"num_deleted":"0","num_feature":"2","num_nodes":"15","size_leaf_vector":"1"}},{"base_weights":[-6.74263E-2,-6.109543E-1,1.4482498E-1,-7.5574115E-2,-1.606903E-2,1.1561803E-2,5.3883363E-2,-5.8776855E-2,7.901001E-2,-9.0065E-3,-1.8325806E-2,3.0578615E-3,1.121521E-2,-2.2254945E-3,-5.2337645E-4],"categories":[],"categories_nodes":[],"categories_segments":[],"categories_sizes":[],"default_left":[0,0,0,0,0,0,0,0,0,0,0,0,0,0,0],"id":81,"left_children":[1,3,5,-1,-1,7,-1,9,11,-1,13,-1,-1,-1,-1],"loss_changes":[1.2421266E0,7.4136615E-2,4.138249E-1,0E0,0E0,3.7853476E-2,0E0,3.41204E-3,2.991015E-3,0E0,3.7844176E-5,0E0,0E0,0E0,0E0],"parents":[2147483647,0,0,1,1,2,2,5,5,7,7,8,8,10,10],"right_children":[2,4,6,-1,-1,8,-1,10,12,-1,14,-1,-1,-1,-1],"split_conditions":[3.0275455E-1,1.0213216E-1,1E0,-7.5574115E-2,-1.606903E-2,7.11075E-1,5.3883363E-2,4.044243E-1,9.1433126E-1,-9.0065E-3,5.073654E-1,3.0578615E-3,1.121521E-2,-2.2254945E-3,-5.2337645E-4],"split_indices":[0,0,0,0,0,0,0,0,0,0,0,0,0,0,0],"split_type":[0,0,0,0,0,0,0,0,0,0,0,0,0,0,0],"sum_hessian":[9E0,2E0,7E0,1E0,1E0,6E0,1E0,3E0,3E0,1E0,2E0,2E0,1E0,1E0,1E0],"tree_param":{"num_deleted":"0","num_feature":"2","num_nodes":"15","size_leaf_vector":"1"}},{"base_weights":[-6.4209744E-2,-5.804062E-1,1.3739014E-1,-7.179528E-2,-1.5265656E-2,1.0763986E-2,5.118866E-2,-5.583954E-2,7.467651E-2,-8.556366E-3,-1.7410278E-2,2.8544108E-3,1.0653687E-2,-2.1141053E-3,-4.9743656E-4],"categories":[],"categories_nodes":[],"categories_segments":[],"categories_sizes":[],"default_left":[0,0,0,0,0,0,0,0,0,0,0,0,0,0,0],"id":82,"left_children":[1,3,5,-1,-1,7,-1,9,11,-1,13,-1,-1,-1,-1],"loss_changes":[1.1203935E0,6.690633E-2,3.7385842E-1,0E0,0E0,3.39675E-2,0E0,3.0794172E-3,2.8381795E-3,0E0,3.4023426E-5,0E0,0E0,0E0,0E0],"parents":[2147483647,0,0,1,1,2,2,5,5,7,7,8,8,10,10],"right_children":[2,4,6,-1,-1,8,-1,10,12,-1,14,-1,-1,-1,-1],"split_conditions":[3.0275455E-1,1.0213216E-1,1E0,-7.179528E-2,-1.5265656E-2,7.11075E-1,5.118866E-2,4.044243E-1,9.1433126E-1,-8.556366E-3,5.073654E-1,2.8544108E-3,1.0653687E-2,-2.1141053E-3,-4.9743656E-4],"split_indices":[0,0,0,0,0,0,0,0,0,0,0,0,0,0,0],"split_type":[0,0,0,0,0,0,0,0,0,0,0,0,0,0,0],"sum_hessian":[9E0,2E0,7E0,1E0,1E0,6E0,1E0,3E0,3E0,1E0,2E0,2E0,1E0,1E0,1E0],"tree_param":{"num_deleted":"0","num_feature":"2","num_nodes":"15","size_leaf_vector":"1"}},{"base_weights":[-6.113968E-2,-5.5138904E-1,1.303463E-1,-6.820565E-2,-1.4502716E-2,1.0025024E-2,4.862976E-2,-5.3043365E-2,7.058716E-2,-8.128357E-3,-1.653544E-2,2.6641847E-3,1.0121155E-2,-2.0080567E-3,-4.7225953E-4],"categories":[],"categories_nodes":[],"categories_segments":[],"categories_sizes":[],"default_left":[0,0,0,0,0,0,0,0,0,0,0,0,0,0,0],"id":83,"left_children":[1,3,5,-1,-1,7,-1,9,11,-1,13,-1,-1,-1,-1],"loss_changes":[1.0106304E0,6.0378015E-2,3.37753E-1,0E0,0E0,3.0481074E-2,0E0,2.7799048E-3,2.6867315E-3,0E0,3.080169E-5,0E0,0E0,0E0,0E0],"parents":[2147483647,0,0,1,1,2,2,5,5,7,7,8,8,10,10],"right_children":[2,4,6,-1,-1,8,-1,10,12,-1,14,-1,-1,-1,-1],"split_conditions":[3.0275455E-1,1.0213216E-1,1E0,-6.820565E-2,-1.4502716E-2,7.11075E-1,4.862976E-2,4.044243E-1,9.1433126E-1,-8.128357E-3,5.073654E-1,2.6641847E-3,1.0121155E-2,-2.0080567E-3,-4.7225953E-4],"split_indices":[0,0,0,0,0,0,0,0,0,0,0,0,0,0,0],"split_type":[0,0,0,0,0,0,0,0,0,0,0,0,0,0,0],"sum_hessian":[9E0,2E0,7E0,1E0,1E0,6E0,1E0,3E0,3E0,1E0,2E0,2E0,1E0,1E0,1E0],"tree_param":{"num_deleted":"0","num_feature":"2","num_nodes":"15","size_leaf_vector":"1"}},{"base_weights":[-5.8219146E-2,-5.2382153E-1,1.23659134E-1,-6.479531E-2,-1.3777924E-2,9.331839E-3,4.619751E-2,-5.0388336E-2,6.6719055E-2,-7.7217105E-3,-1.570638E-2,2.4861654E-3,9.614564E-3,-1.9073486E-3,-4.486084E-4],"categories":[],"categories_nodes":[],"categories_segments":[],"categories_sizes":[],"default_left":[0,0,0,0,0,0,0,0,0,0,0,0,0,0,0],"id":84,"left_children":[1,3,5,-1,-1,7,-1,9,11,-1,13,-1,-1,-1,-1],"loss_changes":[9.116048E-1,5.448562E-2,3.051189E-1,0E0,0E0,2.7352085E-2,0E0,2.5090948E-3,2.5365409E-3,0E0,2.7774542E-5,0E0,0E0,0E0,0E0],"parents":[2147483647,0,0,1,1,2,2,5,5,7,7,8,8,10,10],"right_children":[2,4,6,-1,-1,8,-1,10,12,-1,14,-1,-1,-1,-1],"split_conditions":[3.0275455E-1,1.0213216E-1,1E0,-6.479531E-2,-1.3777924E-2,7.11075E-1,4.619751E-2,4.044243E-1,9.1433126E-1,-7.7217105E-3,5.073654E-1,2.4861654E-3,9.614564E-3,-1.9073486E-3,-4.486084E-4],"split_indices":[0,0,0,0,0,0,0,0,0,0,0,0,0,0,0],"split_type":[0,0,0,0,0,0,0,0,0,0,0,0,0,0,0],"sum_hessian":[9E0,2E0,7E0,1E0,1E0,6E0,1E0,3E0,3E0,1E0,2E0,2E0,1E0,1E0,1E0],"tree_param":{"num_deleted":"0","num_feature":"2","num_nodes":"15","size_leaf_vector":"1"}},{"base_weights":[-5.5433653E-2,-4.976298E-1,1.1731911E-1,-6.1555482E-2,-1.3088989E-2,8.6866105E-3,4.388733E-2,-4.7870636E-2,6.3072205E-2,-7.335663E-3,-1.4923096E-2,2.3203532E-3,9.133912E-3,-1.8119812E-3,-4.2648317E-4],"categories":[],"categories_nodes":[],"categories_segments":[],"categories_sizes":[],"default_left":[0,0,0,0,0,0,0,0,0,0,0,0,0,0,0],"id":85,"left_children":[1,3,5,-1,-1,7,-1,9,11,-1,13,-1,-1,-1,-1],"loss_changes":[8.2228756E-1,4.9173474E-2,2.7563754E-1,0E0,0E0,2.4550604E-2,0E0,2.2640945E-3,2.3884661E-3,0E0,2.4936395E-5,0E0,0E0,0E0,0E0],"parents":[2147483647,0,0,1,1,2,2,5,5,7,7,8,8,10,10],"right_children":[2,4,6,-1,-1,8,-1,10,12,-1,14,-1,-1,-1,-1],"split_conditions":[3.0275455E-1,1.0213216E-1,1E0,-6.1555482E-2,-1.3088989E-2,7.11075E-1,4.388733E-2,4.044243E-1,9.1433126E-1,-7.335663E-3,5.073654E-1,2.3203532E-3,9.133912E-3,-1.8119812E-3,-4.2648317E-4],"split_indices":[0,0,0,0,0,0,0,0,0,0,0,0,0,0,0],"split_type":[0,0,0,0,0,0,0,0,0,0,0,0,0,0,0],"sum_hessian":[9E0,2E0,7E0,1E0,1E0,6E0,1E0,3E0,3E0,1E0,2E0,2E0,1E0,1E0,1E0],"tree_param":{"num_deleted":"0","num_feature":"2","num_nodes":"15","size_leaf_vector":"1"}},{"base_weights":[-5.2775573E-2,-4.727478E-1,1.1131096E-1,-5.8477785E-2,-1.2434388E-2,8.089338E-3,4.1693117E-2,-4.5475006E-2,5.9631348E-2,-6.968689E-3,-1.4175415E-2,2.1657308E-3,8.6776735E-3,-1.7211915E-3,-4.0512087E-4],"categories":[],"categories_nodes":[],"categories_segments":[],"categories_sizes":[],"default_left":[0,0,0,0,0,0,0,0,0,0,0,0,0,0,0],"id":86,"left_children":[1,3,5,-1,-1,7,-1,9,11,-1,13,-1,-1,-1,-1],"loss_changes":[7.4173987E-1,4.438156E-2,2.4900019E-1,0E0,0E0,2.2037433E-2,0E0,2.0434475E-3,2.2439286E-3,0E0,2.2497377E-5,0E0,0E0,0E0,0E0],"parents":[2147483647,0,0,1,1,2,2,5,5,7,7,8,8,10,10],"right_children":[2,4,6,-1,-1,8,-1,10,12,-1,14,-1,-1,-1,-1],"split_conditions":[3.0275455E-1,1.0213216E-1,1E0,-5.8477785E-2,-1.2434388E-2,7.11075E-1,4.1693117E-2,4.044243E-1,9.1433126E-1,-6.968689E-3,5.073654E-1,2.1657308E-3,8.6776735E-3,-1.7211915E-3,-4.0512087E-4],"split_indices":[0,0,0,0,0,0,0,0,0,0,0,0,0,0,0],"split_type":[0,0,0,0,0,0,0,0,0,0,0,0,0,0,0],"sum_hessian":[9E0,2E0,7E0,1E0,1E0,6E0,1E0,3E0,3E0,1E0,2E0,2E0,1E0,1E0,1E0],"tree_param":{"num_deleted":"0","num_feature":"2","num_nodes":"15","size_leaf_vector":"1"}},{"base_weights":[-5.024185E-2,-4.491094E-1,1.0561371E-1,-5.555382E-2,-1.1812592E-2,7.5334823E-3,3.9608765E-2,-4.319763E-2,5.6381226E-2,-6.6200257E-3,-1.3463338E-2,2.0212808E-3,8.244324E-3,-1.6349793E-3,-3.845215E-4],"categories":[],"categories_nodes":[],"categories_segments":[],"categories_sizes":[],"default_left":[0,0,0,0,0,0,0,0,0,0,0,0,0,0,0],"id":87,"left_children":[1,3,5,-1,-1,7,-1,9,11,-1,13,-1,-1,-1,-1],"loss_changes":[6.690893E-1,4.0055096E-2,2.2493407E-1,0E0,0E0,1.9782238E-2,0E0,1.8445905E-3,2.1040766E-3,0E0,2.0418374E-5,0E0,0E0,0E0,0E0],"parents":[2147483647,0,0,1,1,2,2,5,5,7,7,8,8,10,10],"right_children":[2,4,6,-1,-1,8,-1,10,12,-1,14,-1,-1,-1,-1],"split_conditions":[3.0275455E-1,1.0213216E-1,1E0,-5.555382E-2,-1.1812592E-2,7.11075E-1,3.9608765E-2,4.044243E-1,9.1433126E-1,-6.6200257E-3,5.073654E-1,2.0212808E-3,8.244324E-3,-1.6349793E-3,-3.845215E-4],"split_indices":[0,0,0,0,0,0,0,0,0,0,0,0,0,0,0],"split_type":[0,0,0,0,0,0,0,0,0,0,0,0,0,0,0],"sum_hessian":[9E0,2E0,7E0,1E0,1E0,6E0,1E0,3E0,3E0,1E0,2E0,2E0,1E0,1E0,1E0],"tree_param":{"num_deleted":"0","num_feature":"2","num_nodes":"15","size_leaf_vector":"1"}},{"base_weights":[-4.7829438E-2,-4.2665353E-1,1.0020828E-1,-5.2775957E-2,-1.1222077E-2,7.0146834E-3,3.7628174E-2,-4.1038513E-2,5.331421E-2,-6.28891E-3,-1.2791951E-2,6.8511965E-4,6.651815E-3,-1.5533448E-3,-3.65448E-4],"categories":[],"categories_nodes":[],"categories_segments":[],"categories_sizes":[],"default_left":[0,0,0,0,0,0,0,0,0,0,0,0,0,0,0],"id":88,"left_children":[1,3,5,-1,-1,7,-1,9,11,-1,13,-1,-1,-1,-1],"loss_changes":[6.0355675E-1,3.6147594E-2,2.0318675E-1,0E0,0E0,1.7761817E-2,0E0,1.6643414E-3,1.9982494E-3,0E0,1.8384366E-5,0E0,0E0,0E0,0E0],"parents":[2147483647,0,0,1,1,2,2,5,5,7,7,8,8,10,10],"right_children":[2,4,6,-1,-1,8,-1,10,12,-1,14,-1,-1,-1,-1],"split_conditions":[3.0275455E-1,1.0213216E-1,1E0,-5.2775957E-2,-1.1222077E-2,7.11075E-1,3.7628174E-2,4.044243E-1,8.0648255E-1,-6.28891E-3,5.073654E-1,6.8511965E-4,6.651815E-3,-1.5533448E-3,-3.65448E-4],"split_indices":[0,0,0,0,0,0,0,0,0,0,0,0,0,0,0],"split_type":[0,0,0,0,0,0,0,0,0,0,0,0,0,0,0],"sum_hessian":[9E0,2E0,7E0,1E0,1E0,6E0,1E0,3E0,3E0,1E0,2E0,1E0,2E0,1E0,1E0],"tree_param":{"num_deleted":"0","num_feature":"2","num_nodes":"15","size_leaf_vector":"1"}},{"base_weights":[-4.577179E-2,-4.053243E-1,9.4781876E-2,-5.013733E-2,-1.0661316E-2,6.188529E-3,3.5746764E-2,-3.8986206E-2,4.981613E-2,-5.974579E-3,-1.2151082E-2,1.6423544E-3,7.499695E-3,-1.475525E-3,-3.4713745E-4],"categories":[],"categories_nodes":[],"categories_segments":[],"categories_sizes":[],"default_left":[0,0,0,0,0,0,0,0,0,0,0,0,0,0,0],"id":89,"left_children":[1,3,5,-1,-1,7,-1,9,11,-1,13,-1,-1,-1,-1],"loss_changes":[5.4378164E-1,3.2619685E-2,1.8396547E-1,0E0,0E0,1.57382E-2,0E0,1.5023677E-3,2.131694E-3,0E0,1.6589212E-5,0E0,0E0,0E0,0E0],"parents":[2147483647,0,0,1,1,2,2,5,5,7,7,8,8,10,10],"right_children":[2,4,6,-1,-1,8,-1,10,12,-1,14,-1,-1,-1,-1],"split_conditions":[3.0275455E-1,1.0213216E-1,1E0,-5.013733E-2,-1.0661316E-2,7.11075E-1,3.5746764E-2,4.044243E-1,9.1433126E-1,-5.974579E-3,5.073654E-1,1.6423544E-3,7.499695E-3,-1.475525E-3,-3.4713745E-4],"split_indices":[0,0,0,0,0,0,0,0,0,0,0,0,0,0,0],"split_type":[0,0,0,0,0,0,0,0,0,0,0,0,0,0,0],"sum_hessian":[9E0,2E0,7E0,1E0,1E0,6E0,1E0,3E0,3E0,1E0,2E0,2E0,1E0,1E0,1E0],"tree_param":{"num_deleted":"0","num_feature":"2","num_nodes":"15","size_leaf_vector":"1"}},{"base_weights":[-4.3563843E-2,-3.8505554E-1,8.9941025E-2,-4.763031E-2,-1.0128021E-2,5.761283E-3,3.3959962E-2,-3.703308E-2,4.7115326E-2,-5.675507E-3,-1.15407305E-2,1.5324911E-3,7.1243285E-3,-1.4015198E-3,-3.2958985E-4],"categories":[],"categories_nodes":[],"categories_segments":[],"categories_sizes":[],"default_left":[0,0,0,0,0,0,0,0,0,0,0,0,0,0,0],"id":90,"left_children":[1,3,5,-1,-1,7,-1,9,11,-1,13,-1,-1,-1,-1],"loss_changes":[4.9054036E-1,2.9441327E-2,1.6617304E-1,0E0,0E0,1.4132866E-2,0E0,1.3560439E-3,1.976354E-3,0E0,1.5012018E-5,0E0,0E0,0E0,0E0],"parents":[2147483647,0,0,1,1,2,2,5,5,7,7,8,8,10,10],"right_children":[2,4,6,-1,-1,8,-1,10,12,-1,14,-1,-1,-1,-1],"split_conditions":[3.0275455E-1,1.0213216E-1,1E0,-4.763031E-2,-1.0128021E-2,7.11075E-1,3.3959962E-2,4.044243E-1,9.1433126E-1,-5.675507E-3,5.073654E-1,1.5324911E-3,7.1243285E-3,-1.4015198E-3,-3.2958985E-4],"split_indices":[0,0,0,0,0,0,0,0,0,0,0,0,0,0,0],"split_type":[0,0,0,0,0,0,0,0,0,0,0,0,0,0,0],"sum_hessian":[9E0,2E0,7E0,1E0,1E0,6E0,1E0,3E0,3E0,1E0,2E0,2E0,1E0,1E0,1E0],"tree_param":{"num_deleted":"0","num_feature":"2","num_nodes":"15","size_leaf_vector":"1"}},{"base_weights":[-4.1458894E-2,-3.6580148E-1,8.5351944E-2,-4.5248795E-2,-9.621429E-3,5.368914E-3,3.226166E-2,-3.517914E-2,4.4574738E-2,-5.391693E-3,-1.09608965E-2,1.4307658E-3,6.768799E-3,-1.3313293E-3,-3.1280518E-4],"categories":[],"categories_nodes":[],"categories_segments":[],"categories_sizes":[],"default_left":[0,0,0,0,0,0,0,0,0,0,0,0,0,0,0],"id":91,"left_children":[1,3,5,-1,-1,7,-1,9,11,-1,13,-1,-1,-1,-1],"loss_changes":[4.4252342E-1,2.6572883E-2,1.5008506E-1,0E0,0E0,1.26961395E-2,0E0,1.2242077E-3,1.8298253E-3,0E0,1.3633195E-5,0E0,0E0,0E0,0E0],"parents":[2147483647,0,0,1,1,2,2,5,5,7,7,8,8,10,10],"right_children":[2,4,6,-1,-1,8,-1,10,12,-1,14,-1,-1,-1,-1],"split_conditions":[3.0275455E-1,1.0213216E-1,1E0,-4.5248795E-2,-9.621429E-3,7.11075E-1,3.226166E-2,4.044243E-1,9.1433126E-1,-5.391693E-3,5.073654E-1,1.4307658E-3,6.768799E-3,-1.3313293E-3,-3.1280518E-4],"split_indices":[0,0,0,0,0,0,0,0,0,0,0,0,0,0,0],"split_type":[0,0,0,0,0,0,0,0,0,0,0,0,0,0,0],"sum_hessian":[9E0,2E0,7E0,1E0,1E0,6E0,1E0,3E0,3E0,1E0,2E0,2E0,1E0,1E0,1E0],"tree_param":{"num_deleted":"0","num_feature":"2","num_nodes":"15","size_leaf_vector":"1"}},{"base_weights":[-3.945923E-2,-3.4750876E-1,8.0991745E-2,-4.29863E-2,-9.140015E-3,4.9939835E-3,3.0648803E-2,-2.5057983E-2,5.3415935E-2,-4.2582195E-2,8.1888837E-4,1.5823365E-3,6.4300536E-3,-5.1223757E-3,-1.2649536E-3,-2.975464E-4,4.2037966E-4],"categories":[],"categories_nodes":[],"categories_segments":[],"categories_sizes":[],"default_left":[0,0,0,0,0,0,0,0,0,0,0,0,0,0,0,0,0],"id":92,"left_children":[1,3,5,-1,-1,7,-1,9,11,13,15,-1,-1,-1,-1,-1,-1],"loss_changes":[3.99194E-1,2.3985326E-2,1.3556711E-1,0E0,0E0,1.1524719E-2,0E0,2.302229E-3,2.1008961E-4,1.2803776E-4,5.1038845E-5,0E0,0E0,0E0,0E0,0E0,0E0],"parents":[2147483647,0,0,1,1,2,2,5,5,7,7,8,8,9,9,10,10],"right_children":[2,4,6,-1,-1,8,-1,10,12,14,16,-1,-1,-1,-1,-1,-1],"split_conditions":[3.0275455E-1,1.0213216E-1,1E0,-4.29863E-2,-9.140015E-3,8.0648255E-1,3.0648803E-2,5.073654E-1,9.1433126E-1,4.044243E-1,7.11075E-1,1.5823365E-3,6.4300536E-3,-5.1223757E-3,-1.2649536E-3,-2.975464E-4,4.2037966E-4],"split_indices":[0,0,0,0,0,0,0,0,0,0,0,0,0,0,0,0,0],"split_type":[0,0,0,0,0,0,0,0,0,0,0,0,0,0,0,0,0],"sum_hessian":[9E0,2E0,7E0,1E0,1E0,6E0,1E0,4E0,2E0,2E0,2E0,1E0,1E0,1E0,1E0,1E0,1E0],"tree_param":{"num_deleted":"0","num_feature":"2","num_nodes":"17","size_leaf_vector":"1"}},{"base_weights":[-3.7486266E-2,-3.3013406E-1,7.6942444E-2,-4.0837098E-2,-8.683014E-3,4.7433036E-3,2.9116822E-2,-2.3803711E-2,5.074056E-2,-4.045105E-2,7.7819824E-4,1.5029907E-3,6.1080935E-3,-4.8660277E-3,-1.2016296E-3,-2.822876E-4,3.9901733E-4],"categories":[],"categories_nodes":[],"categories_segments":[],"categories_sizes":[],"default_left":[0,0,0,0,0,0,0,0,0,0,0,0,0,0,0,0,0],"id":93,"left_children":[1,3,5,-1,-1,7,-1,9,11,13,15,-1,-1,-1,-1,-1,-1],"loss_changes":[3.602744E-1,2.1647125E-2,1.22354224E-1,0E0,0E0,1.0399405E-2,0E0,2.0775953E-3,1.8974347E-4,1.15565956E-4,4.5963447E-5,0E0,0E0,0E0,0E0,0E0,0E0],"parents":[2147483647,0,0,1,1,2,2,5,5,7,7,8,8,9,9,10,10],"right_children":[2,4,6,-1,-1,8,-1,10,12,14,16,-1,-1,-1,-1,-1,-1],"split_conditions":[3.0275455E-1,1.0213216E-1,1E0,-4.0837098E-2,-8.683014E-3,8.0648255E-1,2.9116822E-2,5.073654E-1,9.1433126E-1,4.044243E-1,7.11075E-1,1.5029907E-3,6.1080935E-3,-4.8660277E-3,-1.2016296E-3,-2.822876E-4,3.9901733E-4],"split_indices":[0,0,0,0,0,0,0,0,0,0,0,0,0,0,0,0,0],"split_type":[0,0,0,0,0,0,0,0,0,0,0,0,0,0,0,0,0],"sum_hessian":[9E0,2E0,7E0,1E0,1E0,6E0,1E0,4E0,2E0,2E0,2E0,1E0,1E0,1E0,1E0,1E0,1E0],"tree_param":{"num_deleted":"0","num_feature":"2","num_nodes":"17","size_leaf_vector":"1"}},{"base_weights":[-3.56102E-2,-3.1362662E-1,7.309723E-2,-3.879509E-2,-8.248902E-3,4.507882E-3,2.7661134E-2,-2.2613525E-2,4.82076E-2,-3.8426716E-2,7.375081E-4,1.4282226E-3,5.8029178E-3,-4.6226503E-3,-1.1413575E-3,-2.685547E-4,3.791809E-4],"categories":[],"categories_nodes":[],"categories_segments":[],"categories_sizes":[],"default_left":[0,0,0,0,0,0,0,0,0,0,0,0,0,0,0,0,0],"id":94,"left_children":[1,3,5,-1,-1,7,-1,9,11,13,15,-1,-1,-1,-1,-1,-1],"loss_changes":[3.2514974E-1,1.953572E-2,1.10424265E-1,0E0,0E0,9.386528E-3,0E0,1.8746117E-3,1.708162E-4,1.0448042E-4,4.1548203E-5,0E0,0E0,0E0,0E0,0E0,0E0],"parents":[2147483647,0,0,1,1,2,2,5,5,7,7,8,8,9,9,10,10],"right_children":[2,4,6,-1,-1,8,-1,10,12,14,16,-1,-1,-1,-1,-1,-1],"split_conditions":[3.0275455E-1,1.0213216E-1,1E0,-3.879509E-2,-8.248902E-3,8.0648255E-1,2.7661134E-2,5.073654E-1,9.1433126E-1,4.044243E-1,7.11075E-1,1.4282226E-3,5.8029178E-3,-4.6226503E-3,-1.1413575E-3,-2.685547E-4,3.791809E-4],"split_indices":[0,0,0,0,0,0,0,0,0,0,0,0,0,0,0,0,0],"split_type":[0,0,0,0,0,0,0,0,0,0,0,0,0,0,0,0,0],"sum_hessian":[9E0,2E0,7E0,1E0,1E0,6E0,1E0,4E0,2E0,2E0,2E0,1E0,1E0,1E0,1E0,1E0,1E0],"tree_param":{"num_deleted":"0","num_feature":"2","num_nodes":"17","size_leaf_vector":"1"}},{"base_weights":[-3.3827208E-2,-2.9794312E-1,6.944466E-2,-3.6855318E-2,-7.836151E-3,4.28336E-3,2.6278688E-2,-2.1481324E-2,4.579671E-2,-3.650411E-2,7.019043E-4,1.3565064E-3,5.513001E-3,-4.39148E-3,-1.084137E-3,-2.548218E-4,3.6010743E-4],"categories":[],"categories_nodes":[],"categories_segments":[],"categories_sizes":[],"default_left":[0,0,0,0,0,0,0,0,0,0,0,0,0,0,0,0,0],"id":95,"left_children":[1,3,5,-1,-1,7,-1,9,11,13,15,-1,-1,-1,-1,-1,-1],"loss_changes":[2.9344797E-1,1.7633617E-2,9.966183E-2,0E0,0E0,8.470823E-3,0E0,1.6918918E-3,1.5464006E-4,9.44389E-5,3.744429E-5,0E0,0E0,0E0,0E0,0E0,0E0],"parents":[2147483647,0,0,1,1,2,2,5,5,7,7,8,8,9,9,10,10],"right_children":[2,4,6,-1,-1,8,-1,10,12,14,16,-1,-1,-1,-1,-1,-1],"split_conditions":[3.0275455E-1,1.0213216E-1,1E0,-3.6855318E-2,-7.836151E-3,8.0648255E-1,2.6278688E-2,5.073654E-1,9.1433126E-1,4.044243E-1,7.11075E-1,1.3565064E-3,5.513001E-3,-4.39148E-3,-1.084137E-3,-2.548218E-4,3.6010743E-4],"split_indices":[0,0,0,0,0,0,0,0,0,0,0,0,0,0,0,0,0],"split_type":[0,0,0,0,0,0,0,0,0,0,0,0,0,0,0,0,0],"sum_hessian":[9E0,2E0,7E0,1E0,1E0,6E0,1E0,4E0,2E0,2E0,2E0,1E0,1E0,1E0,1E0,1E0,1E0],"tree_param":{"num_deleted":"0","num_feature":"2","num_nodes":"17","size_leaf_vector":"1"}},{"base_weights":[-3.2135773E-2,-2.830429E-1,6.5971375E-2,-3.5012435E-2,-7.4440003E-3,4.0675574E-3,2.4964904E-2,-2.0407105E-2,4.3502808E-2,-3.4678143E-2,6.663005E-4,1.2886048E-3,5.2368166E-3,-4.171753E-3,-1.0299683E-3,-2.4185181E-4,3.4179687E-4],"categories":[],"categories_nodes":[],"categories_segments":[],"categories_sizes":[],"default_left":[0,0,0,0,0,0,0,0,0,0,0,0,0,0,0,0,0],"id":96,"left_children":[1,3,5,-1,-1,7,-1,9,11,13,15,-1,-1,-1,-1,-1,-1],"loss_changes":[2.6483056E-1,1.5916899E-2,8.994733E-2,0E0,0E0,7.643917E-3,0E0,1.5268025E-3,1.3946695E-4,8.5151056E-5,3.3731612E-5,0E0,0E0,0E0,0E0,0E0,0E0],"parents":[2147483647,0,0,1,1,2,2,5,5,7,7,8,8,9,9,10,10],"right_children":[2,4,6,-1,-1,8,-1,10,12,14,16,-1,-1,-1,-1,-1,-1],"split_conditions":[3.0275455E-1,1.0213216E-1,1E0,-3.5012435E-2,-7.4440003E-3,8.0648255E-1,2.4964904E-2,5.073654E-1,9.1433126E-1,4.044243E-1,7.11075E-1,1.2886048E-3,5.2368166E-3,-4.171753E-3,-1.0299683E-3,-2.4185181E-4,3.4179687E-4],"split_indices":[0,0,0,0,0,0,0,0,0,0,0,0,0,0,0,0,0],"split_type":[0,0,0,0,0,0,0,0,0,0,0,0,0,0,0,0,0],"sum_hessian":[9E0,2E0,7E0,1E0,1E0,6E0,1E0,4E0,2E0,2E0,2E0,1E0,1E0,1E0,1E0,1E0,1E0],"tree_param":{"num_deleted":"0","num_feature":"2","num_nodes":"17","size_leaf_vector":"1"}},{"base_weights":[-3.0528259E-2,-2.6889038E-1,6.267357E-2,-3.3261873E-2,-7.071686E-3,3.8648334E-3,2.3716737E-2,-1.9384766E-2,4.1325886E-2,-3.2943726E-2,6.357829E-4,1.2245178E-3,4.9743652E-3,-3.9634705E-3,-9.780884E-4,-2.2964478E-4,3.2501222E-4],"categories":[],"categories_nodes":[],"categories_segments":[],"categories_sizes":[],"default_left":[0,0,0,0,0,0,0,0,0,0,0,0,0,0,0,0,0],"id":97,"left_children":[1,3,5,-1,-1,7,-1,9,11,13,15,-1,-1,-1,-1,-1,-1],"loss_changes":[2.3901017E-1,1.4366046E-2,8.117746E-2,0E0,0E0,6.8977736E-3,0E0,1.378234E-3,1.2526382E-4,7.728371E-5,3.0461271E-5,0E0,0E0,0E0,0E0,0E0,0E0],"parents":[2147483647,0,0,1,1,2,2,5,5,7,7,8,8,9,9,10,10],"right_children":[2,4,6,-1,-1,8,-1,10,12,14,16,-1,-1,-1,-1,-1,-1],"split_conditions":[3.0275455E-1,1.0213216E-1,1E0,-3.3261873E-2,-7.071686E-3,8.0648255E-1,2.3716737E-2,5.073654E-1,9.1433126E-1,4.044243E-1,7.11075E-1,1.2245178E-3,4.9743652E-3,-3.9634705E-3,-9.780884E-4,-2.2964478E-4,3.2501222E-4],"split_indices":[0,0,0,0,0,0,0,0,0,0,0,0,0,0,0,0,0],"split_type":[0,0,0,0,0,0,0,0,0,0,0,0,0,0,0,0,0],"sum_hessian":[9E0,2E0,7E0,1E0,1E0,6E0,1E0,4E0,2E0,2E0,2E0,1E0,1E0,1E0,1E0,1E0,1E0],"tree_param":{"num_deleted":"0","num_feature":"2","num_nodes":"17","size_leaf_vector":"1"}},{"base_weights":[-2.9000854E-2,-2.554474E-1,5.9541702E-2,-3.1598665E-2,-6.718445E-3,3.6730084E-3,2.2531128E-2,-1.8414307E-2,3.9260864E-2,-3.1295776E-2,6.052653E-4,1.1634827E-3,4.725647E-3,-3.7651062E-3,-9.292603E-4,-2.1820069E-4,3.0899048E-4],"categories":[],"categories_nodes":[],"categories_segments":[],"categories_sizes":[],"default_left":[0,0,0,0,0,0,0,0,0,0,0,0,0,0,0,0,0],"id":98,"left_children":[1,3,5,-1,-1,7,-1,9,11,13,15,-1,-1,-1,-1,-1,-1],"loss_changes":[2.1571134E-1,1.296249E-2,7.3263064E-2,0E0,0E0,6.2252423E-3,0E0,1.2439424E-3,1.12839974E-4,6.963289E-5,2.7518292E-5,0E0,0E0,0E0,0E0,0E0,0E0],"parents":[2147483647,0,0,1,1,2,2,5,5,7,7,8,8,9,9,10,10],"right_children":[2,4,6,-1,-1,8,-1,10,12,14,16,-1,-1,-1,-1,-1,-1],"split_conditions":[3.0275455E-1,1.0213216E-1,1E0,-3.1598665E-2,-6.718445E-3,8.0648255E-1,2.2531128E-2,5.073654E-1,9.1433126E-1,4.044243E-1,7.11075E-1,1.1634827E-3,4.725647E-3,-3.7651062E-3,-9.292603E-4,-2.1820069E-4,3.0899048E-4],"split_indices":[0,0,0,0,0,0,0,0,0,0,0,0,0,0,0,0,0],"split_type":[0,0,0,0,0,0,0,0,0,0,0,0,0,0,0,0,0],"sum_hessian":[9E0,2E0,7E0,1E0,1E0,6E0,1E0,4E0,2E0,2E0,2E0,1E0,1E0,1E0,1E0,1E0,1E0],"tree_param":{"num_deleted":"0","num_feature":"2","num_nodes":"17","size_leaf_vector":"1"}},{"base_weights":[-2.7549744E-2,-2.4267578E-1,5.656624E-2,-3.0018616E-2,-6.3827517E-3,3.489903E-3,2.140503E-2,-1.7492676E-2,3.7297565E-2,-2.9729208E-2,5.7474774E-4,1.1054993E-3,4.489136E-3,-3.5766603E-3,-8.82721E-4,-2.0751954E-4,2.937317E-4],"categories":[],"categories_nodes":[],"categories_segments":[],"categories_sizes":[],"default_left":[0,0,0,0,0,0,0,0,0,0,0,0,0,0,0,0,0],"id":99,"left_children":[1,3,5,-1,-1,7,-1,9,11,13,15,-1,-1,-1,-1,-1,-1],"loss_changes":[1.9468263E-1,1.1696756E-2,6.61224E-2,0E0,0E0,5.6180377E-3,0E0,1.1224996E-3,1.0156818E-4,6.286148E-5,2.4877527E-5,0E0,0E0,0E0,0E0,0E0,0E0],"parents":[2147483647,0,0,1,1,2,2,5,5,7,7,8,8,9,9,10,10],"right_children":[2,4,6,-1,-1,8,-1,10,12,14,16,-1,-1,-1,-1,-1,-1],"split_conditions":[3.0275455E-1,1.0213216E-1,1E0,-3.0018616E-2,-6.3827517E-3,8.0648255E-1,2.140503E-2,5.073654E-1,9.1433126E-1,4.044243E-1,7.11075E-1,1.1054993E-3,4.489136E-3,-3.5766603E-3,-8.82721E-4,-2.0751954E-4,2.937317E-4],"split_indices":[0,0,0,0,0,0,0,0,0,0,0,0,0,0,0,0,0],"split_type":[0,0,0,0,0,0,0,0,0,0,0,0,0,0,0,0,0],"sum_hessian":[9E0,2E0,7E0,1E0,1E0,6E0,1E0,4E0,2E0,2E0,2E0,1E0,1E0,1E0,1E0,1E0,1E0],"tree_param":{"num_deleted":"0","num_feature":"2","num_nodes":"17","size_leaf_vector":"1"}}]},"name":"gbtree"},"learner_model_param":{"base_score":"1.9511111E2","boost_from_average":"1","num_class":"0","num_feature":"2","num_target":"1"},"objective":{"name":"reg:squarederror","reg_loss_param":{"scale_pos_weight":"1"}}},"version":[2,0,1]}