{"package": {"All_Weights": {"Bias_Weight": 114.89387427302503, "Categorical_Variables": {}, "Numerical_Variables": {"cache_miss": {"scale": 1.0158675600729725e-08, "mean": 0, "variance": 0, "weight": 128.19121915019565}, "cpu_cycles": {"scale": 1.8357850000664686e-11, "mean": 0, "variance": 0, "weight": 447.6393551490029}, "cpu_instructions": {"scale": 1.0, "mean": 0, "variance": 0, "weight": 0.0}}}}, "core": {"All_Weights": {"Bias_Weight": 0.0, "Categorical_Variables": {}, "Numerical_Variables": {"cache_miss": {"scale": 1.0158675600729725e-08, "mean": 0, "variance": 0, "weight": 0.0}, "cpu_cycles": {"scale": 1.8357850000664686e-11, "mean": 0, "variance": 0, "weight": 0.0}, "cpu_instructions": {"scale": 1.0, "mean": 0, "variance": 0, "weight": 0.0}}}}, "uncore": {"All_Weights": {"Bias_Weight": 0.0, "Categorical_Variables": {}, "Numerical_Variables": {"cache_miss": {"scale": 1.0158675600729725e-08, "mean": 0, "variance": 0, "weight": 0.0}, "cpu_cycles": {"scale": 1.8357850000664686e-11, "mean": 0, "variance": 0, "weight": 0.0}, "cpu_instructions": {"scale": 1.0, "mean": 0, "variance": 0, "weight": 0.0}}}}, "dram": {"All_Weights": {"Bias_Weight": 140.4182216263521, "Categorical_Variables": {}, "Numerical_Variables": {"cache_miss": {"scale": 1.0158675600729725e-08, "mean": 0, "variance": 0, "weight": 76.20476863038493}, "cpu_cycles": {"scale": 1.8357850000664686e-11, "mean": 0, "variance": 0, "weight": 6.870334664774356}, "cpu_instructions": {"scale": 1.0, "mean": 0, "variance": 0, "weight": 0.0}}}}}