{"learner":{"attributes":{"scikit_learn":"{\"_estimator_type\": \"regressor\"}"},"feature_names":[],"feature_types":[],"gradient_booster":{"model":{"gbtree_model_param":{"num_parallel_tree":"1","num_trees":"100"},"iteration_indptr":[0,1,2,3,4,5,6,7,8,9,10,11,12,13,14,15,16,17,18,19,20,21,22,23,24,25,26,27,28,29,30,31,32,33,34,35,36,37,38,39,40,41,42,43,44,45,46,47,48,49,50,51,52,53,54,55,56,57,58,59,60,61,62,63,64,65,66,67,68,69,70,71,72,73,74,75,76,77,78,79,80,81,82,83,84,85,86,87,88,89,90,91,92,93,94,95,96,97,98,99,100],"tree_info":[0,0,0,0,0,0,0,0,0,0,0,0,0,0,0,0,0,0,0,0,0,0,0,0,0,0,0,0,0,0,0,0,0,0,0,0,0,0,0,0,0,0,0,0,0,0,0,0,0,0,0,0,0,0,0,0,0,0,0,0,0,0,0,0,0,0,0,0,0,0,0,0,0,0,0,0,0,0,0,0,0,0,0,0,0,0,0,0,0,0,0,0,0,0,0,0,0,0,0,0],"trees":[{"base_weights":[-1.1444092E-6,-1.9722223E1,2.3666666E0,-2.3333335E0,-8.3333395E-2],"categories":[],"categories_nodes":[],"categories_segments":[],"categories_sizes":[],"default_left":[0,0,0,0,0],"id":0,"left_children":[1,3,-1,-1,-1],"loss_changes":[5.1343516E3,3.898147E2,0E0,0E0,0E0],"parents":[2147483647,0,0,1,1],"right_children":[2,4,-1,-1,-1],"split_conditions":[7.02583E-1,5.030689E-1,2.3666666E0,-2.3333335E0,-8.3333395E-2],"split_indices":[0,0,0,0,0],"split_type":[0,0,0,0,0],"sum_hessian":[9E0,5E0,4E0,4E0,1E0],"tree_param":{"num_deleted":"0","num_feature":"2","num_nodes":"5","size_leaf_vector":"1"}},{"base_weights":[-5.001068E-3,-1.815278E1,2.1773336E0,-2.146667E0,-7.916679E-2],"categories":[],"categories_nodes":[],"categories_segments":[],"categories_sizes":[],"default_left":[0,0,0,0,0],"id":1,"left_children":[1,3,-1,-1,-1],"loss_changes":[4.3475303E3,3.2820227E2,0E0,0E0,0E0],"parents":[2147483647,0,0,1,1],"right_children":[2,4,-1,-1,-1],"split_conditions":[7.02583E-1,5.030689E-1,2.1773336E0,-2.146667E0,-7.916679E-2],"split_indices":[0,0,0,0,0],"split_type":[0,0,0,0,0],"sum_hessian":[9E0,5E0,4E0,4E0,1E0],"tree_param":{"num_deleted":"0","num_feature":"2","num_nodes":"5","size_leaf_vector":"1"}},{"base_weights":[-9.350968E-3,-1.6708473E1,2.0031467E1,-1.9749335E0,-7.520848E-2,5.894667E-1,2.2092E0],"categories":[],"categories_nodes":[],"categories_segments":[],"categories_sizes":[],"default_left":[0,0,0,0,0,0,0],"id":2,"left_children":[1,3,5,-1,-1,-1,-1],"loss_changes":[3.681336E3,2.7627368E2,1.5421753E1,0E0,0E0,0E0,0E0],"parents":[2147483647,0,0,1,1,2,2],"right_children":[2,4,6,-1,-1,-1,-1],"split_conditions":[7.02583E-1,5.030689E-1,8.085024E-1,-1.9749335E0,-7.520848E-2,5.894667E-1,2.2092E0],"split_indices":[0,0,0,0,0,0,0],"split_type":[0,0,0,0,0,0,0],"sum_hessian":[9E0,5E0,4E0,4E0,1E0,1E0,3E0],"tree_param":{"num_deleted":"0","num_feature":"2","num_nodes":"7","size_leaf_vector":"1"}},{"base_weights":[6.643601E-2,-1.5379317E1,1.8588053E1,-1.8169388E0,-7.144814E-2,5.599934E-1,2.04351E0],"categories":[],"categories_nodes":[],"categories_segments":[],"categories_sizes":[],"default_left":[0,0,0,0,0,0,0],"id":3,"left_children":[1,3,5,-1,-1,-1,-1],"loss_changes":[3.1466746E3,2.3251392E2,5.5130615E0,0E0,0E0,0E0,0E0],"parents":[2147483647,0,0,1,1,2,2],"right_children":[2,4,6,-1,-1,-1,-1],"split_conditions":[7.02583E-1,5.030689E-1,8.085024E-1,-1.8169388E0,-7.144814E-2,5.599934E-1,2.04351E0],"split_indices":[0,0,0,0,0,0,0],"split_type":[0,0,0,0,0,0,0],"sum_hessian":[9E0,5E0,4E0,4E0,1E0,1E0,3E0],"tree_param":{"num_deleted":"0","num_feature":"2","num_nodes":"7","size_leaf_vector":"1"}},{"base_weights":[1.3130455E-1,-1.4156116E1,1.7249947E0,-1.8546097E0,-3.5841026E0,-4.6973974E-1,-6.7875676E-2],"categories":[],"categories_nodes":[],"categories_segments":[],"categories_sizes":[],"default_left":[0,0,0,0,0,0,0],"id":4,"left_children":[1,3,-1,-1,5,-1,-1],"loss_changes":[2.690005E3,2.1199438E2,0E0,0E0,6.515129E0,0E0,0E0],"parents":[2147483647,0,0,1,1,4,4],"right_children":[2,4,-1,-1,6,-1,-1],"split_conditions":[7.02583E-1,3.0435717E-1,1.7249947E0,-1.8546097E0,5.030689E-1,-4.6973974E-1,-6.7875676E-2],"split_indices":[0,0,0,0,0,0,0],"split_type":[0,0,0,0,0,0,0],"sum_hessian":[9E0,5E0,4E0,3E0,2E0,1E0,1E0],"tree_param":{"num_deleted":"0","num_feature":"2","num_nodes":"7","size_leaf_vector":"1"}},{"base_weights":[5.1451303E-2,-1.3139208E1,1.5869951E1,-1.7155138E0,-3.4048977E0,4.4574395E-1,1.7608719E0,-4.4625273E-1,-6.448193E-2],"categories":[],"categories_nodes":[],"categories_segments":[],"categories_sizes":[],"default_left":[0,0,0,0,0,0,0,0,0],"id":5,"left_children":[1,3,5,-1,7,-1,-1,-1,-1],"loss_changes":[2.295083E3,1.7614246E2,2.072876E1,0E0,5.879898E0,0E0,0E0,0E0,0E0],"parents":[2147483647,0,0,1,1,2,2,4,4],"right_children":[2,4,6,-1,8,-1,-1,-1,-1],"split_conditions":[7.02583E-1,3.0435717E-1,8.085024E-1,-1.7155138E0,5.030689E-1,4.4574395E-1,1.7608719E0,-4.4625273E-1,-6.448193E-2],"split_indices":[0,0,0,0,0,0,0,0,0],"split_type":[0,0,0,0,0,0,0,0,0],"sum_hessian":[9E0,5E0,4E0,3E0,2E0,1E0,3E0,1E0,1E0],"tree_param":{"num_deleted":"0","num_feature":"2","num_nodes":"9","size_leaf_vector":"1"}},{"base_weights":[4.4342995E-2,-1.2196328E1,1.4724279E1,-1.5868504E0,-3.2346523E0,4.2345676E-1,1.6288067E0,-4.239401E-1,-6.1257746E-2],"categories":[],"categories_nodes":[],"categories_segments":[],"categories_sizes":[],"default_left":[0,0,0,0,0,0,0,0,0],"id":6,"left_children":[1,3,5,-1,7,-1,-1,-1,-1],"loss_changes":[1.976505E3,1.4612396E2,1.304541E1,0E0,5.3066177E0,0E0,0E0,0E0,0E0],"parents":[2147483647,0,0,1,1,2,2,4,4],"right_children":[2,4,6,-1,8,-1,-1,-1,-1],"split_conditions":[7.02583E-1,3.0435717E-1,8.085024E-1,-1.5868504E0,5.030689E-1,4.2345676E-1,1.6288067E0,-4.239401E-1,-6.1257746E-2],"split_indices":[0,0,0,0,0,0,0,0,0],"split_type":[0,0,0,0,0,0,0,0,0],"sum_hessian":[9E0,5E0,4E0,3E0,2E0,1E0,3E0,1E0,1E0],"tree_param":{"num_deleted":"0","num_feature":"2","num_nodes":"9","size_leaf_vector":"1"}},{"base_weights":[3.793011E-2,-1.1322037E1,1.3662304E1,-1.3353664E1,-5.8194924E-2,4.0228388E-1,1.506646E0,-1.4678365E0,-4.0274307E-1],"categories":[],"categories_nodes":[],"categories_segments":[],"categories_sizes":[],"default_left":[0,0,0,0,0,0,0,0,0],"id":7,"left_children":[1,3,5,7,-1,-1,-1,-1,-1],"loss_changes":[1.7024094E3,1.2314801E2,7.0665894E0,2.656189E0,0E0,0E0,0E0,0E0,0E0],"parents":[2147483647,0,0,1,1,2,2,3,3],"right_children":[2,4,6,8,-1,-1,-1,-1,-1],"split_conditions":[7.02583E-1,5.030689E-1,8.085024E-1,3.0435717E-1,-5.8194924E-2,4.0228388E-1,1.506646E0,-1.4678365E0,-4.0274307E-1],"split_indices":[0,0,0,0,0,0,0,0,0],"split_type":[0,0,0,0,0,0,0,0,0],"sum_hessian":[9E0,5E0,4E0,4E0,1E0,1E0,3E0,3E0,1E0],"tree_param":{"num_deleted":"0","num_feature":"2","num_nodes":"9","size_leaf_vector":"1"}},{"base_weights":[3.215275E-2,-1.0511295E1,1.267786E1,-1.2392415E0,-5.5285264E-2,3.8216972E-1,1.3936477E0],"categories":[],"categories_nodes":[],"categories_segments":[],"categories_sizes":[],"default_left":[0,0,0,0,0,0,0],"id":8,"left_children":[1,3,5,-1,-1,-1,-1],"loss_changes":[1.4665543E3,1.05546814E2,2.4715576E0,0E0,0E0,0E0,0E0],"parents":[2147483647,0,0,1,1,2,2],"right_children":[2,4,6,-1,-1,-1,-1],"split_conditions":[7.02583E-1,5.030689E-1,8.085024E-1,-1.2392415E0,-5.5285264E-2,3.8216972E-1,1.3936477E0],"split_indices":[0,0,0,0,0,0,0],"split_type":[0,0,0,0,0,0,0],"sum_hessian":[9E0,5E0,4E0,4E0,1E0,1E0,3E0],"tree_param":{"num_deleted":"0","num_feature":"2","num_nodes":"7","size_leaf_vector":"1"}},{"base_weights":[7.7066615E-2,-9.6759205E0,1.1765238E1,-1.2648057E0,-2.4877656E0,5.26096E-1,1.4347771E0,-3.206439E-1,-5.2520942E-2],"categories":[],"categories_nodes":[],"categories_segments":[],"categories_sizes":[],"default_left":[0,0,0,0,0,0,0,0,0],"id":9,"left_children":[1,3,5,-1,7,-1,-1,-1,-1],"loss_changes":[1.2537853E3,9.6719666E1,8.504517E0,0E0,2.5472565E0,0E0,0E0,0E0,0E0],"parents":[2147483647,0,0,1,1,2,2,4,4],"right_children":[2,4,6,-1,8,-1,-1,-1,-1],"split_conditions":[7.02583E-1,3.0435717E-1,9.086361E-1,-1.2648057E0,5.030689E-1,5.26096E-1,1.4347771E0,-3.206439E-1,-5.2520942E-2],"split_indices":[0,0,0,0,0,0,0,0,0],"split_type":[0,0,0,0,0,0,0,0,0],"sum_hessian":[9E0,5E0,4E0,3E0,2E0,2E0,2E0,1E0,1E0],"tree_param":{"num_deleted":"0","num_feature":"2","num_nodes":"9","size_leaf_vector":"1"}},{"base_weights":[1.01650044E-1,-8.981324E0,1.0980889E1,-1.1699454E0,-2.3633773E0,4.9102288E-1,1.3391254E0,-3.0461168E-1,-4.9894907E-2],"categories":[],"categories_nodes":[],"categories_segments":[],"categories_sizes":[],"default_left":[0,0,0,0,0,0,0,0,0],"id":10,"left_children":[1,3,5,-1,7,-1,-1,-1,-1],"loss_changes":[1.0867815E3,8.0280396E1,7.4084473E0,0E0,2.2988987E0,0E0,0E0,0E0,0E0],"parents":[2147483647,0,0,1,1,2,2,4,4],"right_children":[2,4,6,-1,8,-1,-1,-1,-1],"split_conditions":[7.02583E-1,3.0435717E-1,9.086361E-1,-1.1699454E0,5.030689E-1,4.9102288E-1,1.3391254E0,-3.0461168E-1,-4.9894907E-2],"split_indices":[0,0,0,0,0,0,0,0,0],"split_type":[0,0,0,0,0,0,0,0,0],"sum_hessian":[9E0,5E0,4E0,3E0,2E0,2E0,2E0,1E0,1E0],"tree_param":{"num_deleted":"0","num_feature":"2","num_nodes":"9","size_leaf_vector":"1"}},{"base_weights":[1.220541E-1,-8.337267E0,1.0248829E1,-1.2063996E0,-3.4579043E0,4.5828795E-1,1.2498502E0,-4.2945385E-1,-4.7400095E-2],"categories":[],"categories_nodes":[],"categories_segments":[],"categories_sizes":[],"default_left":[0,0,0,0,0,0,0,0,0],"id":11,"left_children":[1,3,5,-1,7,-1,-1,-1,-1],"loss_changes":[9.421037E2,6.7388214E1,6.453491E0,0E0,7.950123E0,0E0,0E0,0E0,0E0],"parents":[2147483647,0,0,1,1,2,2,4,4],"right_children":[2,4,6,-1,8,-1,-1,-1,-1],"split_conditions":[7.02583E-1,2.0221446E-1,9.086361E-1,-1.2063996E0,5.030689E-1,4.5828795E-1,1.2498502E0,-4.2945385E-1,-4.7400095E-2],"split_indices":[0,0,0,0,0,0,0,0,0],"split_type":[0,0,0,0,0,0,0,0,0],"sum_hessian":[9E0,5E0,4E0,2E0,3E0,2E0,2E0,2E0,1E0],"tree_param":{"num_deleted":"0","num_feature":"2","num_nodes":"9","size_leaf_vector":"1"}},{"base_weights":[1.1233749E-1,-7.7840824E0,9.565574E0,-1.1259729E0,-3.231327E0,4.2773554E-1,1.1665268E0,-4.008236E-1,-4.5030024E-2],"categories":[],"categories_nodes":[],"categories_segments":[],"categories_sizes":[],"default_left":[0,0,0,0,0,0,0,0,0],"id":12,"left_children":[1,3,5,-1,7,-1,-1,-1,-1],"loss_changes":[8.2092645E2,5.8558746E1,5.621704E0,0E0,6.8375053E0,0E0,0E0,0E0,0E0],"parents":[2147483647,0,0,1,1,2,2,4,4],"right_children":[2,4,6,-1,8,-1,-1,-1,-1],"split_conditions":[7.02583E-1,2.0221446E-1,9.086361E-1,-1.1259729E0,5.030689E-1,4.2773554E-1,1.1665268E0,-4.008236E-1,-4.5030024E-2],"split_indices":[0,0,0,0,0,0,0,0,0],"split_type":[0,0,0,0,0,0,0,0,0],"sum_hessian":[9E0,5E0,4E0,2E0,3E0,2E0,2E0,2E0,1E0],"tree_param":{"num_deleted":"0","num_feature":"2","num_nodes":"9","size_leaf_vector":"1"}},{"base_weights":[1.033474E-1,-7.2676454E0,8.92787E0,-9.4482386E-1,-1.9376392E0,3.992199E-1,1.0887583E0,-2.478673E-1,-4.277859E-2],"categories":[],"categories_nodes":[],"categories_segments":[],"categories_sizes":[],"default_left":[0,0,0,0,0,0,0,0,0],"id":13,"left_children":[1,3,5,-1,7,-1,-1,-1,-1],"loss_changes":[7.153395E2,5.1428192E1,4.8971252E0,0E0,1.3903036E0,0E0,0E0,0E0,0E0],"parents":[2147483647,0,0,1,1,2,2,4,4],"right_children":[2,4,6,-1,8,-1,-1,-1,-1],"split_conditions":[7.02583E-1,3.0435717E-1,9.086361E-1,-9.4482386E-1,5.030689E-1,3.992199E-1,1.0887583E0,-2.478673E-1,-4.277859E-2],"split_indices":[0,0,0,0,0,0,0,0,0],"split_type":[0,0,0,0,0,0,0,0,0],"sum_hessian":[9E0,5E0,4E0,3E0,2E0,2E0,2E0,1E0,1E0],"tree_param":{"num_deleted":"0","num_feature":"2","num_nodes":"9","size_leaf_vector":"1"}},{"base_weights":[1.18264005E-1,-6.7467923E0,8.332679E0,-9.8791975E-1,-2.7107906E0,3.7260526E-1,1.0161747E0,-3.3434564E-1,-4.0639687E-2],"categories":[],"categories_nodes":[],"categories_segments":[],"categories_sizes":[],"default_left":[0,0,0,0,0,0,0,0,0],"id":14,"left_children":[1,3,5,-1,7,-1,-1,-1,-1],"loss_changes":[6.2014307E2,4.9073914E1,4.26593E0,0E0,4.4728737E0,0E0,0E0,0E0,0E0],"parents":[2147483647,0,0,1,1,2,2,4,4],"right_children":[2,4,6,-1,8,-1,-1,-1,-1],"split_conditions":[7.02583E-1,2.0221446E-1,9.086361E-1,-9.8791975E-1,5.030689E-1,3.7260526E-1,1.0161747E0,-3.3434564E-1,-4.0639687E-2],"split_indices":[0,0,0,0,0,0,0,0,0],"split_type":[0,0,0,0,0,0,0,0,0],"sum_hessian":[9E0,5E0,4E0,2E0,3E0,2E0,2E0,2E0,1E0],"tree_param":{"num_deleted":"0","num_feature":"2","num_nodes":"9","size_leaf_vector":"1"}},{"base_weights":[1.0902405E-1,-6.299265E0,7.777166E0,-9.220585E-1,-2.5334587E0,3.4776497E-1,9.484294E-1,-3.1205598E-1,-3.8607787E-2],"categories":[],"categories_nodes":[],"categories_segments":[],"categories_sizes":[],"default_left":[0,0,0,0,0,0,0,0,0],"id":15,"left_children":[1,3,5,-1,7,-1,-1,-1,-1],"loss_changes":[5.4038715E2,4.2646774E1,3.716034E0,0E0,3.8381386E0,0E0,0E0,0E0,0E0],"parents":[2147483647,0,0,1,1,2,2,4,4],"right_children":[2,4,6,-1,8,-1,-1,-1,-1],"split_conditions":[7.02583E-1,2.0221446E-1,9.086361E-1,-9.220585E-1,5.030689E-1,3.4776497E-1,9.484294E-1,-3.1205598E-1,-3.8607787E-2],"split_indices":[0,0,0,0,0,0,0,0,0],"split_type":[0,0,0,0,0,0,0,0,0],"sum_hessian":[9E0,5E0,4E0,2E0,3E0,2E0,2E0,2E0,1E0],"tree_param":{"num_deleted":"0","num_feature":"2","num_nodes":"9","size_leaf_vector":"1"}},{"base_weights":[1.0046806E-1,-5.8814588E0,7.258687E0,-8.60588E-1,-2.3677788E0,3.2458064E-1,8.852005E-1,-2.9125226E-1,-3.667736E-2],"categories":[],"categories_nodes":[],"categories_segments":[],"categories_sizes":[],"default_left":[0,0,0,0,0,0,0,0,0],"id":16,"left_children":[1,3,5,-1,7,-1,-1,-1,-1],"loss_changes":[4.708911E2,3.705963E1,3.2370605E0,0E0,3.2919044E0,0E0,0E0,0E0,0E0],"parents":[2147483647,0,0,1,1,2,2,4,4],"right_children":[2,4,6,-1,8,-1,-1,-1,-1],"split_conditions":[7.02583E-1,2.0221446E-1,9.086361E-1,-8.60588E-1,5.030689E-1,3.2458064E-1,8.852005E-1,-2.9125226E-1,-3.667736E-2],"split_indices":[0,0,0,0,0,0,0,0,0],"split_type":[0,0,0,0,0,0,0,0,0],"sum_hessian":[9E0,5E0,4E0,2E0,3E0,2E0,2E0,2E0,1E0],"tree_param":{"num_deleted":"0","num_feature":"2","num_nodes":"9","size_leaf_vector":"1"}},{"base_weights":[9.254761E-2,-5.4913993E0,6.774774E0,-8.0321544E-1,-2.2129831E0,3.029419E-1,8.2618713E-1,-2.7183545E-1,-3.4843445E-2],"categories":[],"categories_nodes":[],"categories_segments":[],"categories_sizes":[],"default_left":[0,0,0,0,0,0,0,0,0],"id":17,"left_children":[1,3,5,-1,7,-1,-1,-1,-1],"loss_changes":[4.1033493E2,3.220288E1,2.81987E0,0E0,2.821991E0,0E0,0E0,0E0,0E0],"parents":[2147483647,0,0,1,1,2,2,4,4],"right_children":[2,4,6,-1,8,-1,-1,-1,-1],"split_conditions":[7.02583E-1,2.0221446E-1,9.086361E-1,-8.0321544E-1,5.030689E-1,3.029419E-1,8.2618713E-1,-2.7183545E-1,-3.4843445E-2],"split_indices":[0,0,0,0,0,0,0,0,0],"split_type":[0,0,0,0,0,0,0,0,0],"sum_hessian":[9E0,5E0,4E0,2E0,3E0,2E0,2E0,2E0,1E0],"tree_param":{"num_deleted":"0","num_feature":"2","num_nodes":"9","size_leaf_vector":"1"}},{"base_weights":[8.521652E-2,-5.1272416E0,6.323123E0,-7.4966776E-1,-2.0683546E0,1.8054867E-1,7.001161E-1,-2.537131E-1,-3.310127E-2],"categories":[],"categories_nodes":[],"categories_segments":[],"categories_sizes":[],"default_left":[0,0,0,0,0,0,0,0,0],"id":18,"left_children":[1,3,5,-1,7,-1,-1,-1,-1],"loss_changes":[3.5756845E2,2.7981232E1,2.6751251E0,0E0,2.4178772E0,0E0,0E0,0E0,0E0],"parents":[2147483647,0,0,1,1,2,2,4,4],"right_children":[2,4,6,-1,8,-1,-1,-1,-1],"split_conditions":[7.02583E-1,2.0221446E-1,8.085024E-1,-7.4966776E-1,5.030689E-1,1.8054867E-1,7.001161E-1,-2.537131E-1,-3.310127E-2],"split_indices":[0,0,0,0,0,0,0,0,0],"split_type":[0,0,0,0,0,0,0,0,0],"sum_hessian":[9E0,5E0,4E0,2E0,3E0,1E0,3E0,2E0,1E0],"tree_param":{"num_deleted":"0","num_feature":"2","num_nodes":"9","size_leaf_vector":"1"}},{"base_weights":[6.1112594E-2,-4.7872643E0,5.8669424E0,-6.9968987E-1,-1.9332228E0,2.533904E-1,7.2443336E-1,-2.3679887E-1,-3.1446267E-2],"categories":[],"categories_nodes":[],"categories_segments":[],"categories_sizes":[],"default_left":[0,0,0,0,0,0,0,0,0],"id":19,"left_children":[1,3,5,-1,7,-1,-1,-1,-1],"loss_changes":[3.0957513E2,2.4311768E1,4.598053E0,0E0,2.0704813E0,0E0,0E0,0E0,0E0],"parents":[2147483647,0,0,1,1,2,2,4,4],"right_children":[2,4,6,-1,8,-1,-1,-1,-1],"split_conditions":[7.02583E-1,2.0221446E-1,9.086361E-1,-6.9968987E-1,5.030689E-1,2.533904E-1,7.2443336E-1,-2.3679887E-1,-3.1446267E-2],"split_indices":[0,0,0,0,0,0,0,0,0],"split_type":[0,0,0,0,0,0,0,0,0],"sum_hessian":[9E0,5E0,4E0,2E0,3E0,2E0,2E0,2E0,1E0],"tree_param":{"num_deleted":"0","num_feature":"2","num_nodes":"9","size_leaf_vector":"1"}},{"base_weights":[5.598984E-2,-4.4698606E0,5.4758124E0,-6.530439E-1,-1.806962E0,2.3649763E-1,6.761378E-1,-2.2101223E-1,-2.987404E-2],"categories":[],"categories_nodes":[],"categories_segments":[],"categories_sizes":[],"default_left":[0,0,0,0,0,0,0,0,0],"id":20,"left_children":[1,3,5,-1,7,-1,-1,-1,-1],"loss_changes":[2.697692E2,2.1122406E1,4.005417E0,0E0,1.7719679E0,0E0,0E0,0E0,0E0],"parents":[2147483647,0,0,1,1,2,2,4,4],"right_children":[2,4,6,-1,8,-1,-1,-1,-1],"split_conditions":[7.02583E-1,2.0221446E-1,9.086361E-1,-6.530439E-1,5.030689E-1,2.3649763E-1,6.761378E-1,-2.2101223E-1,-2.987404E-2],"split_indices":[0,0,0,0,0,0,0,0,0],"split_type":[0,0,0,0,0,0,0,0,0],"sum_hessian":[9E0,5E0,4E0,2E0,3E0,2E0,2E0,2E0,1E0],"tree_param":{"num_deleted":"0","num_feature":"2","num_nodes":"9","size_leaf_vector":"1"}},{"base_weights":[5.126114E-2,-4.17353E0,5.1107583E0,-6.095076E-1,-1.6889877E0,2.2073124E-1,6.310618E-1,-2.0627812E-1,-2.8380394E-2],"categories":[],"categories_nodes":[],"categories_segments":[],"categories_sizes":[],"default_left":[0,0,0,0,0,0,0,0,0],"id":21,"left_children":[1,3,5,-1,7,-1,-1,-1,-1],"loss_changes":[2.3508307E2,1.8350471E1,3.4891357E0,0E0,1.5155678E0,0E0,0E0,0E0,0E0],"parents":[2147483647,0,0,1,1,2,2,4,4],"right_children":[2,4,6,-1,8,-1,-1,-1,-1],"split_conditions":[7.02583E-1,2.0221446E-1,9.086361E-1,-6.095076E-1,5.030689E-1,2.2073124E-1,6.310618E-1,-2.0627812E-1,-2.8380394E-2],"split_indices":[0,0,0,0,0,0,0,0,0],"split_type":[0,0,0,0,0,0,0,0,0],"sum_hessian":[9E0,5E0,4E0,2E0,3E0,2E0,2E0,2E0,1E0],"tree_param":{"num_deleted":"0","num_feature":"2","num_nodes":"9","size_leaf_vector":"1"}},{"base_weights":[4.6897314E-2,-3.8968713E0,4.77004E0,-5.688738E-1,-1.5787535E0,2.060159E-1,5.889908E-1,-1.9252625E-1,-2.6961327E-2],"categories":[],"categories_nodes":[],"categories_segments":[],"categories_sizes":[],"default_left":[0,0,0,0,0,0,0,0,0],"id":22,"left_children":[1,3,5,-1,7,-1,-1,-1,-1],"loss_changes":[2.0485808E2,1.59414215E1,3.039383E0,0E0,1.2954388E0,0E0,0E0,0E0,0E0],"parents":[2147483647,0,0,1,1,2,2,4,4],"right_children":[2,4,6,-1,8,-1,-1,-1,-1],"split_conditions":[7.02583E-1,2.0221446E-1,9.086361E-1,-5.688738E-1,5.030689E-1,2.060159E-1,5.889908E-1,-1.9252625E-1,-2.6961327E-2],"split_indices":[0,0,0,0,0,0,0,0,0],"split_type":[0,0,0,0,0,0,0,0,0],"sum_hessian":[9E0,5E0,4E0,2E0,3E0,2E0,2E0,2E0,1E0],"tree_param":{"num_deleted":"0","num_feature":"2","num_nodes":"9","size_leaf_vector":"1"}},{"base_weights":[4.287224E-2,-3.6385777E0,4.452038E0,-5.309489E-1,-1.47575E0,1.9228147E-1,5.497248E-1,-1.7969118E-1,-2.5613213E-2],"categories":[],"categories_nodes":[],"categories_segments":[],"categories_sizes":[],"default_left":[0,0,0,0,0,0,0,0,0],"id":23,"left_children":[1,3,5,-1,7,-1,-1,-1,-1],"loss_changes":[1.7852031E2,1.384787E1,2.647667E0,0E0,1.1065321E0,0E0,0E0,0E0,0E0],"parents":[2147483647,0,0,1,1,2,2,4,4],"right_children":[2,4,6,-1,8,-1,-1,-1,-1],"split_conditions":[7.02583E-1,2.0221446E-1,9.086361E-1,-5.309489E-1,5.030689E-1,1.9228147E-1,5.497248E-1,-1.7969118E-1,-2.5613213E-2],"split_indices":[0,0,0,0,0,0,0,0,0],"split_type":[0,0,0,0,0,0,0,0,0],"sum_hessian":[9E0,5E0,4E0,2E0,3E0,2E0,2E0,2E0,1E0],"tree_param":{"num_deleted":"0","num_feature":"2","num_nodes":"9","size_leaf_vector":"1"}},{"base_weights":[3.9159775E-2,-3.3974292E0,4.1552343E0,-5.716643E-1,-1.790258E0,2.2700071E-1,5.848072E-1,-2.1161595E-1,-2.4332618E-2],"categories":[],"categories_nodes":[],"categories_segments":[],"categories_sizes":[],"default_left":[0,0,0,0,0,0,0,0,0],"id":24,"left_children":[1,3,5,-1,7,-1,-1,-1,-1],"loss_changes":[1.5556969E2,1.2129967E1,2.681755E0,0E0,2.0058193E0,0E0,0E0,0E0,0E0],"parents":[2147483647,0,0,1,1,2,2,4,4],"right_children":[2,4,6,-1,8,-1,-1,-1,-1],"split_conditions":[7.02583E-1,1.0130128E-1,1E0,-5.716643E-1,5.030689E-1,2.2700071E-1,5.848072E-1,-2.1161595E-1,-2.4332618E-2],"split_indices":[0,0,0,0,0,0,0,0,0],"split_type":[0,0,0,0,0,0,0,0,0],"sum_hessian":[9E0,5E0,4E0,1E0,4E0,3E0,1E0,3E0,1E0],"tree_param":{"num_deleted":"0","num_feature":"2","num_nodes":"9","size_leaf_vector":"1"}},{"base_weights":[3.5663605E-2,-3.1922882E0,3.902073E0,-5.4308105E-1,-1.6584215E0,2.0997572E-1,5.555668E-1,-1.9574474E-1,-2.3115922E-2],"categories":[],"categories_nodes":[],"categories_segments":[],"categories_sizes":[],"default_left":[0,0,0,0,0,0,0,0,0],"id":25,"left_children":[1,3,5,-1,7,-1,-1,-1,-1],"loss_changes":[1.3726236E2,1.159499E1,3.2359467E0,0E0,1.6814585E0,0E0,0E0,0E0,0E0],"parents":[2147483647,0,0,1,1,2,2,4,4],"right_children":[2,4,6,-1,8,-1,-1,-1,-1],"split_conditions":[7.02583E-1,1.0130128E-1,1E0,-5.4308105E-1,5.030689E-1,2.0997572E-1,5.555668E-1,-1.9574474E-1,-2.3115922E-2],"split_indices":[0,0,0,0,0,0,0,0,0],"split_type":[0,0,0,0,0,0,0,0,0],"sum_hessian":[9E0,5E0,4E0,1E0,4E0,3E0,1E0,3E0,1E0],"tree_param":{"num_deleted":"0","num_feature":"2","num_nodes":"9","size_leaf_vector":"1"}},{"base_weights":[3.245764E-2,-3.000049E0,3.6649742E0,-5.15927E-1,-1.536351E0,1.942275E-1,5.277886E-1,-1.8106385E-1,-2.1960068E-2],"categories":[],"categories_nodes":[],"categories_segments":[],"categories_sizes":[],"default_left":[0,0,0,0,0,0,0,0,0],"id":26,"left_children":[1,3,5,-1,7,-1,-1,-1,-1],"loss_changes":[1.2115141E2,1.1036232E1,3.6417007E0,0E0,1.4082232E0,0E0,0E0,0E0,0E0],"parents":[2147483647,0,0,1,1,2,2,4,4],"right_children":[2,4,6,-1,8,-1,-1,-1,-1],"split_conditions":[7.02583E-1,1.0130128E-1,1E0,-5.15927E-1,5.030689E-1,1.942275E-1,5.277886E-1,-1.8106385E-1,-2.1960068E-2],"split_indices":[0,0,0,0,0,0,0,0,0],"split_type":[0,0,0,0,0,0,0,0,0],"sum_hessian":[9E0,5E0,4E0,1E0,4E0,3E0,1E0,3E0,1E0],"tree_param":{"num_deleted":"0","num_feature":"2","num_nodes":"9","size_leaf_vector":"1"}},{"base_weights":[2.9518414E-2,-2.8198688E0,3.4428794E0,-4.9013063E-1,-1.4233202E0,1.7966032E-1,5.013992E-1,-1.6748403E-1,-2.0862008E-2],"categories":[],"categories_nodes":[],"categories_segments":[],"categories_sizes":[],"default_left":[0,0,0,0,0,0,0,0,0],"id":27,"left_children":[1,3,5,-1,7,-1,-1,-1,-1],"loss_changes":[1.06968346E2,1.0464844E1,3.9242744E0,0E0,1.1782017E0,0E0,0E0,0E0,0E0],"parents":[2147483647,0,0,1,1,2,2,4,4],"right_children":[2,4,6,-1,8,-1,-1,-1,-1],"split_conditions":[7.02583E-1,1.0130128E-1,1E0,-4.9013063E-1,5.030689E-1,1.7966032E-1,5.013992E-1,-1.6748403E-1,-2.0862008E-2],"split_indices":[0,0,0,0,0,0,0,0,0],"split_type":[0,0,0,0,0,0,0,0,0],"sum_hessian":[9E0,5E0,4E0,1E0,4E0,3E0,1E0,3E0,1E0],"tree_param":{"num_deleted":"0","num_feature":"2","num_nodes":"9","size_leaf_vector":"1"}},{"base_weights":[2.6825523E-2,-2.6509612E0,3.2348046E0,-4.656241E-1,-1.3186572E0,1.6618586E-1,4.7632942E-1,-1.5492271E-1,-1.9818878E-2],"categories":[],"categories_nodes":[],"categories_segments":[],"categories_sizes":[],"default_left":[0,0,0,0,0,0,0,0,0],"id":28,"left_children":[1,3,5,-1,7,-1,-1,-1,-1],"loss_changes":[9.447818E1,9.88987E0,4.10524E0,0E0,9.846926E-1,0E0,0E0,0E0,0E0],"parents":[2147483647,0,0,1,1,2,2,4,4],"right_children":[2,4,6,-1,8,-1,-1,-1,-1],"split_conditions":[7.02583E-1,1.0130128E-1,1E0,-4.656241E-1,5.030689E-1,1.6618586E-1,4.7632942E-1,-1.5492271E-1,-1.9818878E-2],"split_indices":[0,0,0,0,0,0,0,0,0],"split_type":[0,0,0,0,0,0,0,0,0],"sum_hessian":[9E0,5E0,4E0,1E0,4E0,3E0,1E0,3E0,1E0],"tree_param":{"num_deleted":"0","num_feature":"2","num_nodes":"9","size_leaf_vector":"1"}},{"base_weights":[2.4357986E-2,-2.492593E0,3.0398278E0,-4.423429E-1,-1.2217401E0,1.5372191E-1,4.5251313E-1,-1.4330351E-1,-1.882801E-2],"categories":[],"categories_nodes":[],"categories_segments":[],"categories_sizes":[],"default_left":[0,0,0,0,0,0,0,0,0],"id":29,"left_children":[1,3,5,-1,7,-1,-1,-1,-1],"loss_changes":[8.3474945E1,9.318573E0,4.2030296E0,0E0,8.220129E-1,0E0,0E0,0E0,0E0],"parents":[2147483647,0,0,1,1,2,2,4,4],"right_children":[2,4,6,-1,8,-1,-1,-1,-1],"split_conditions":[7.02583E-1,1.0130128E-1,1E0,-4.423429E-1,5.030689E-1,1.5372191E-1,4.5251313E-1,-1.4330351E-1,-1.882801E-2],"split_indices":[0,0,0,0,0,0,0,0,0],"split_type":[0,0,0,0,0,0,0,0,0],"sum_hessian":[9E0,5E0,4E0,1E0,4E0,3E0,1E0,3E0,1E0],"tree_param":{"num_deleted":"0","num_feature":"2","num_nodes":"9","size_leaf_vector":"1"}},{"base_weights":[2.2097683E-2,-2.3440795E0,2.8570907E0,-4.2022577E-1,-1.1319923E0,1.4219265E-1,4.2988738E-1,-1.3255577E-1,-1.7886544E-2],"categories":[],"categories_nodes":[],"categories_segments":[],"categories_sizes":[],"default_left":[0,0,0,0,0,0,0,0,0],"id":30,"left_children":[1,3,5,-1,7,-1,-1,-1,-1],"loss_changes":[7.3778206E1,8.7567215E0,4.2332954E0,0E0,6.853652E-1,0E0,0E0,0E0,0E0],"parents":[2147483647,0,0,1,1,2,2,4,4],"right_children":[2,4,6,-1,8,-1,-1,-1,-1],"split_conditions":[7.02583E-1,1.0130128E-1,1E0,-4.2022577E-1,5.030689E-1,1.4219265E-1,4.2988738E-1,-1.3255577E-1,-1.7886544E-2],"split_indices":[0,0,0,0,0,0,0,0,0],"split_type":[0,0,0,0,0,0,0,0,0],"sum_hessian":[9E0,5E0,4E0,1E0,4E0,3E0,1E0,3E0,1E0],"tree_param":{"num_deleted":"0","num_feature":"2","num_nodes":"9","size_leaf_vector":"1"}},{"base_weights":[2.0029878E-2,-2.204783E0,2.6857994E0,-3.9921448E-1,-1.0488818E0,1.3152838E-1,4.083931E-1,-1.2261412E-1,-1.6992187E-2],"categories":[],"categories_nodes":[],"categories_segments":[],"categories_sizes":[],"default_left":[0,0,0,0,0,0,0,0,0],"id":31,"left_children":[1,3,5,-1,7,-1,-1,-1,-1],"loss_changes":[6.522999E1,8.208796E0,4.209278E0,0E0,5.7067156E-1,0E0,0E0,0E0,0E0],"parents":[2147483647,0,0,1,1,2,2,4,4],"right_children":[2,4,6,-1,8,-1,-1,-1,-1],"split_conditions":[7.02583E-1,1.0130128E-1,1E0,-3.9921448E-1,5.030689E-1,1.3152838E-1,4.083931E-1,-1.2261412E-1,-1.6992187E-2],"split_indices":[0,0,0,0,0,0,0,0,0],"split_type":[0,0,0,0,0,0,0,0,0],"sum_hessian":[9E0,5E0,4E0,1E0,4E0,3E0,1E0,3E0,1E0],"tree_param":{"num_deleted":"0","num_feature":"2","num_nodes":"9","size_leaf_vector":"1"}},{"base_weights":[1.8136311E-2,-2.0741086E0,2.525203E0,-3.7925377E-1,-9.7191525E-1,1.2166367E-1,3.879734E-1,-1.1341808E-1,-1.6142655E-2],"categories":[],"categories_nodes":[],"categories_segments":[],"categories_sizes":[],"default_left":[0,0,0,0,0,0,0,0,0],"id":32,"left_children":[1,3,5,-1,7,-1,-1,-1,-1],"loss_changes":[5.769152E1,7.6782207E0,4.1422405E0,0E0,4.744854E-1,0E0,0E0,0E0,0E0],"parents":[2147483647,0,0,1,1,2,2,4,4],"right_children":[2,4,6,-1,8,-1,-1,-1,-1],"split_conditions":[7.02583E-1,1.0130128E-1,1E0,-3.7925377E-1,5.030689E-1,1.2166367E-1,3.879734E-1,-1.1341808E-1,-1.6142655E-2],"split_indices":[0,0,0,0,0,0,0,0,0],"split_type":[0,0,0,0,0,0,0,0,0],"sum_hessian":[9E0,5E0,4E0,1E0,4E0,3E0,1E0,3E0,1E0],"tree_param":{"num_deleted":"0","num_feature":"2","num_nodes":"9","size_leaf_vector":"1"}},{"base_weights":[1.6405154E-2,-1.9514998E0,2.3746102E0,-3.602911E-1,-9.0063554E-1,1.12538815E-1,3.6857492E-1,-1.0491171E-1,-1.5335465E-2],"categories":[],"categories_nodes":[],"categories_segments":[],"categories_sizes":[],"default_left":[0,0,0,0,0,0,0,0,0],"id":33,"left_children":[1,3,5,-1,7,-1,-1,-1,-1],"loss_changes":[5.1041283E1,7.1675415E0,4.0416183E0,0E0,3.9389992E-1,0E0,0E0,0E0,0E0],"parents":[2147483647,0,0,1,1,2,2,4,4],"right_children":[2,4,6,-1,8,-1,-1,-1,-1],"split_conditions":[7.02583E-1,1.0130128E-1,1E0,-3.602911E-1,5.030689E-1,1.12538815E-1,3.6857492E-1,-1.0491171E-1,-1.5335465E-2],"split_indices":[0,0,0,0,0,0,0,0,0],"split_type":[0,0,0,0,0,0,0,0,0],"sum_hessian":[9E0,5E0,4E0,1E0,4E0,3E0,1E0,3E0,1E0],"tree_param":{"num_deleted":"0","num_feature":"2","num_nodes":"9","size_leaf_vector":"1"}},{"base_weights":[1.482172E-2,-1.8364396E0,2.233371E0,-3.4227654E-1,-8.346214E-1,1.0409832E-1,3.501461E-1,-9.704333E-2,-1.4568711E-2],"categories":[],"categories_nodes":[],"categories_segments":[],"categories_sizes":[],"default_left":[0,0,0,0,0,0,0,0,0],"id":34,"left_children":[1,3,5,-1,7,-1,-1,-1,-1],"loss_changes":[4.5172596E1,6.678545E0,3.9153118E0,0E0,3.264475E-1,0E0,0E0,0E0,0E0],"parents":[2147483647,0,0,1,1,2,2,4,4],"right_children":[2,4,6,-1,8,-1,-1,-1,-1],"split_conditions":[7.02583E-1,1.0130128E-1,1E0,-3.4227654E-1,5.030689E-1,1.0409832E-1,3.501461E-1,-9.704333E-2,-1.4568711E-2],"split_indices":[0,0,0,0,0,0,0,0,0],"split_type":[0,0,0,0,0,0,0,0,0],"sum_hessian":[9E0,5E0,4E0,1E0,4E0,3E0,1E0,3E0,1E0],"tree_param":{"num_deleted":"0","num_feature":"2","num_nodes":"9","size_leaf_vector":"1"}},{"base_weights":[1.337595E-2,-1.7284436E0,2.1008842E0,-3.251627E-1,-7.7348155E-1,6.327629E-2,2.8687108E-1,-8.976505E-2,-1.3840294E-2],"categories":[],"categories_nodes":[],"categories_segments":[],"categories_sizes":[],"default_left":[0,0,0,0,0,0,0,0,0],"id":35,"left_children":[1,3,5,-1,7,-1,-1,-1,-1],"loss_changes":[3.9991886E1,6.2124214E0,3.8210983E0,0E0,2.7004743E-1,0E0,0E0,0E0,0E0],"parents":[2147483647,0,0,1,1,2,2,4,4],"right_children":[2,4,6,-1,8,-1,-1,-1,-1],"split_conditions":[7.02583E-1,1.0130128E-1,9.086361E-1,-3.251627E-1,5.030689E-1,6.327629E-2,2.8687108E-1,-8.976505E-2,-1.3840294E-2],"split_indices":[0,0,0,0,0,0,0,0,0],"split_type":[0,0,0,0,0,0,0,0,0],"sum_hessian":[9E0,5E0,4E0,1E0,4E0,2E0,2E0,3E0,1E0],"tree_param":{"num_deleted":"0","num_feature":"2","num_nodes":"9","size_leaf_vector":"1"}},{"base_weights":[4.175949E-3,-1.6270605E0,1.9608246E0,-2.6323116E-1,-4.6635723E-1,8.595543E-1,3.182953E-1,-5.3415425E-2,-1.3148308E-2,2.5772095E-2,9.742584E-2],"categories":[],"categories_nodes":[],"categories_segments":[],"categories_sizes":[],"default_left":[0,0,0,0,0,0,0,0,0,0,0],"id":36,"left_children":[1,3,5,-1,7,9,-1,-1,-1,-1,-1],"loss_changes":[3.510795E1,5.7731915E0,3.9935474E0,0E0,2.0581603E-2,2.5043964E-2,0E0,0E0,0E0,0E0,0E0],"parents":[2147483647,0,0,1,1,2,2,4,4,5,5],"right_children":[2,4,6,-1,8,10,-1,-1,-1,-1,-1],"split_conditions":[7.02583E-1,2.0221446E-1,1E0,-2.6323116E-1,5.030689E-1,8.085024E-1,3.182953E-1,-5.3415425E-2,-1.3148308E-2,2.5772095E-2,9.742584E-2],"split_indices":[0,0,0,0,0,0,0,0,0,0,0],"split_type":[0,0,0,0,0,0,0,0,0,0,0],"sum_hessian":[9E0,5E0,4E0,2E0,3E0,3E0,1E0,2E0,1E0,1E0,2E0],"tree_param":{"num_deleted":"0","num_feature":"2","num_nodes":"11","size_leaf_vector":"1"}},{"base_weights":[1.4927673E-2,-1.5193201E0,1.8530395E0,-2.95743E-1,-6.4021224E-1,8.043976E-1,3.0238038E-1,-8.363781E-2,-2.3064232E-2,2.448349E-2,9.0930685E-2],"categories":[],"categories_nodes":[],"categories_segments":[],"categories_sizes":[],"default_left":[0,0,0,0,0,0,0,0,0,0,0],"id":37,"left_children":[1,3,5,-1,7,9,-1,-1,-1,-1,-1],"loss_changes":[3.1016552E1,5.6921387E0,3.7062225E0,0E0,2.088139E-1,1.2183189E-2,0E0,0E0,0E0,0E0,0E0],"parents":[2147483647,0,0,1,1,2,2,4,4,5,5],"right_children":[2,4,6,-1,8,10,-1,-1,-1,-1,-1],"split_conditions":[7.02583E-1,1.0130128E-1,1E0,-2.95743E-1,3.0435717E-1,8.085024E-1,3.0238038E-1,-8.363781E-2,-2.3064232E-2,2.448349E-2,9.0930685E-2],"split_indices":[0,0,0,0,0,0,0,0,0,0,0],"split_type":[0,0,0,0,0,0,0,0,0,0,0],"sum_hessian":[9E0,5E0,4E0,1E0,4E0,3E0,1E0,2E0,2E0,1E0,2E0],"tree_param":{"num_deleted":"0","num_feature":"2","num_nodes":"11","size_leaf_vector":"1"}},{"base_weights":[1.4970303E-2,-1.4344624E0,1.7512954E0,-2.8095585E-1,-5.975315E-1,7.5281334E-1,2.8726122E-1,-7.806193E-2,-2.1526655E-2,2.3259355E-2,8.486888E-2],"categories":[],"categories_nodes":[],"categories_segments":[],"categories_sizes":[],"default_left":[0,0,0,0,0,0,0,0,0,0,0],"id":38,"left_children":[1,3,5,-1,7,9,-1,-1,-1,-1,-1],"loss_changes":[2.7679031E1,5.226363E0,3.4355326E0,0E0,1.8189907E-1,2.105713E-3,0E0,0E0,0E0,0E0,0E0],"parents":[2147483647,0,0,1,1,2,2,4,4,5,5],"right_children":[2,4,6,-1,8,10,-1,-1,-1,-1,-1],"split_conditions":[7.02583E-1,1.0130128E-1,1E0,-2.8095585E-1,3.0435717E-1,8.085024E-1,2.8726122E-1,-7.806193E-2,-2.1526655E-2,2.3259355E-2,8.486888E-2],"split_indices":[0,0,0,0,0,0,0,0,0,0,0],"split_type":[0,0,0,0,0,0,0,0,0,0,0],"sum_hessian":[9E0,5E0,4E0,1E0,4E0,3E0,1E0,2E0,2E0,1E0,2E0],"tree_param":{"num_deleted":"0","num_feature":"2","num_nodes":"11","size_leaf_vector":"1"}},{"base_weights":[1.4957666E-2,-1.3544403E0,1.6552436E0,-2.6690805E-1,-5.5769616E-1,7.045641E-2,2.728981E-1,-7.285779E-2,-2.0091565E-2],"categories":[],"categories_nodes":[],"categories_segments":[],"categories_sizes":[],"default_left":[0,0,0,0,0,0,0,0,0],"id":39,"left_children":[1,3,5,-1,7,-1,-1,-1,-1],"loss_changes":[2.470397E1,4.796056E0,3.18116E0,0E0,1.584537E-1,0E0,0E0,0E0,0E0],"parents":[2147483647,0,0,1,1,2,2,4,4],"right_children":[2,4,6,-1,8,-1,-1,-1,-1],"split_conditions":[7.02583E-1,1.0130128E-1,1E0,-2.6690805E-1,3.0435717E-1,7.045641E-2,2.728981E-1,-7.285779E-2,-2.0091565E-2],"split_indices":[0,0,0,0,0,0,0,0,0],"split_type":[0,0,0,0,0,0,0,0,0],"sum_hessian":[9E0,5E0,4E0,1E0,4E0,3E0,1E0,2E0,2E0],"tree_param":{"num_deleted":"0","num_feature":"2","num_nodes":"9","size_leaf_vector":"1"}},{"base_weights":[1.1811638E-2,-1.2789723E0,1.55839E0,-2.5356266E-1,-5.205162E-1,6.51721E-1,2.5925332E-1,-6.800061E-2,-1.8752098E-2,1.8573571E-2,7.4513756E-2],"categories":[],"categories_nodes":[],"categories_segments":[],"categories_sizes":[],"default_left":[0,0,0,0,0,0,0,0,0,0,0],"id":40,"left_children":[1,3,5,-1,7,9,-1,-1,-1,-1,-1],"loss_changes":[2.1956125E1,4.3988676E0,2.99852E0,0E0,1.3803136E-1,3.5724282E-2,0E0,0E0,0E0,0E0,0E0],"parents":[2147483647,0,0,1,1,2,2,4,4,5,5],"right_children":[2,4,6,-1,8,10,-1,-1,-1,-1,-1],"split_conditions":[7.02583E-1,1.0130128E-1,1E0,-2.5356266E-1,3.0435717E-1,8.085024E-1,2.5925332E-1,-6.800061E-2,-1.8752098E-2,1.8573571E-2,7.4513756E-2],"split_indices":[0,0,0,0,0,0,0,0,0,0,0],"split_type":[0,0,0,0,0,0,0,0,0,0,0],"sum_hessian":[9E0,5E0,4E0,1E0,4E0,3E0,1E0,2E0,2E0,1E0,2E0],"tree_param":{"num_deleted":"0","num_feature":"2","num_nodes":"11","size_leaf_vector":"1"}},{"base_weights":[1.1832381E-2,-1.2077943E0,1.4730179E0,-2.4088453E-1,-4.8581505E-1,6.098194E-1,2.462906E-1,-6.346722E-2,-1.7501958E-2,1.7644882E-2,6.954601E-2],"categories":[],"categories_nodes":[],"categories_segments":[],"categories_sizes":[],"default_left":[0,0,0,0,0,0,0,0,0,0,0],"id":41,"left_children":[1,3,5,-1,7,9,-1,-1,-1,-1,-1],"loss_changes":[1.9600111E1,4.032549E0,2.770422E0,0E0,1.2024057E-1,2.5743365E-2,0E0,0E0,0E0,0E0,0E0],"parents":[2147483647,0,0,1,1,2,2,4,4,5,5],"right_children":[2,4,6,-1,8,10,-1,-1,-1,-1,-1],"split_conditions":[7.02583E-1,1.0130128E-1,1E0,-2.4088453E-1,3.0435717E-1,8.085024E-1,2.462906E-1,-6.346722E-2,-1.7501958E-2,1.7644882E-2,6.954601E-2],"split_indices":[0,0,0,0,0,0,0,0,0,0,0],"split_type":[0,0,0,0,0,0,0,0,0,0,0],"sum_hessian":[9E0,5E0,4E0,1E0,4E0,3E0,1E0,2E0,2E0,1E0,2E0],"tree_param":{"num_deleted":"0","num_feature":"2","num_nodes":"11","size_leaf_vector":"1"}},{"base_weights":[1.181078E-2,-1.1406573E0,1.3924103E0,-2.288403E-1,-4.534275E-1,5.7063293E-1,2.3397599E-1,-5.295644E-2,-7.4440003E-3,1.6762543E-2,6.490936E-2],"categories":[],"categories_nodes":[],"categories_segments":[],"categories_sizes":[],"default_left":[0,0,0,0,0,0,0,0,0,0,0],"id":42,"left_children":[1,3,5,-1,7,9,-1,-1,-1,-1,-1],"loss_changes":[1.7499233E1,3.694965E0,2.5574064E0,0E0,1.0485387E-1,1.7676473E-2,0E0,0E0,0E0,0E0,0E0],"parents":[2147483647,0,0,1,1,2,2,4,4,5,5],"right_children":[2,4,6,-1,8,10,-1,-1,-1,-1,-1],"split_conditions":[7.02583E-1,1.0130128E-1,1E0,-2.288403E-1,5.030689E-1,8.085024E-1,2.3397599E-1,-5.295644E-2,-7.4440003E-3,1.6762543E-2,6.490936E-2],"split_indices":[0,0,0,0,0,0,0,0,0,0,0],"split_type":[0,0,0,0,0,0,0,0,0,0,0],"sum_hessian":[9E0,5E0,4E0,1E0,4E0,3E0,1E0,3E0,1E0,1E0,2E0],"tree_param":{"num_deleted":"0","num_feature":"2","num_nodes":"11","size_leaf_vector":"1"}},{"base_weights":[1.3269758E-2,-1.0747987E0,1.3162979E0,-2.1739829E-1,-4.2016524E-1,5.3398705E-1,2.2227708E-1,-5.5705644E-2,-1.43219E-2,1.5924454E-2,6.058197E-2],"categories":[],"categories_nodes":[],"categories_segments":[],"categories_sizes":[],"default_left":[0,0,0,0,0,0,0,0,0,0,0],"id":43,"left_children":[1,3,5,-1,7,9,-1,-1,-1,-1,-1],"loss_changes":[1.5592594E1,3.4039445E0,2.3587866E0,0E0,1.0977644E-1,1.1201501E-2,0E0,0E0,0E0,0E0,0E0],"parents":[2147483647,0,0,1,1,2,2,4,4,5,5],"right_children":[2,4,6,-1,8,10,-1,-1,-1,-1,-1],"split_conditions":[7.02583E-1,1.0130128E-1,1E0,-2.1739829E-1,3.0435717E-1,8.085024E-1,2.2227708E-1,-5.5705644E-2,-1.43219E-2,1.5924454E-2,6.058197E-2],"split_indices":[0,0,0,0,0,0,0,0,0,0,0],"split_type":[0,0,0,0,0,0,0,0,0,0,0],"sum_hessian":[9E0,5E0,4E0,1E0,4E0,3E0,1E0,2E0,2E0,1E0,2E0],"tree_param":{"num_deleted":"0","num_feature":"2","num_nodes":"11","size_leaf_vector":"1"}},{"base_weights":[1.3078308E-2,-1.0152231E0,1.2444245E0,-2.0652838E-1,-3.921543E-1,4.997139E-1,2.1116333E-1,-5.199191E-2,-1.3367145E-2,1.5128327E-2,5.654297E-2],"categories":[],"categories_nodes":[],"categories_segments":[],"categories_sizes":[],"default_left":[0,0,0,0,0,0,0,0,0,0,0],"id":44,"left_children":[1,3,5,-1,7,9,-1,-1,-1,-1,-1],"loss_changes":[1.3925319E1,3.1156502E0,2.1738853E0,0E0,9.562677E-2,6.0495734E-3,0E0,0E0,0E0,0E0,0E0],"parents":[2147483647,0,0,1,1,2,2,4,4,5,5],"right_children":[2,4,6,-1,8,10,-1,-1,-1,-1,-1],"split_conditions":[7.02583E-1,1.0130128E-1,1E0,-2.0652838E-1,3.0435717E-1,8.085024E-1,2.1116333E-1,-5.199191E-2,-1.3367145E-2,1.5128327E-2,5.654297E-2],"split_indices":[0,0,0,0,0,0,0,0,0,0,0],"split_type":[0,0,0,0,0,0,0,0,0,0,0],"sum_hessian":[9E0,5E0,4E0,1E0,4E0,3E0,1E0,2E0,2E0,1E0,2E0],"tree_param":{"num_deleted":"0","num_feature":"2","num_nodes":"11","size_leaf_vector":"1"}},{"base_weights":[1.2864947E-2,-9.590157E-1,1.1765487E0,-1.9620197E-1,-3.6601105E-1,4.676609E-1,2.0060502E-1,-4.852581E-2,-1.2476031E-2,1.4371872E-2,5.2773543E-2],"categories":[],"categories_nodes":[],"categories_segments":[],"categories_sizes":[],"default_left":[0,0,0,0,0,0,0,0,0,0,0],"id":45,"left_children":[1,3,5,-1,7,9,-1,-1,-1,-1,-1],"loss_changes":[1.2437947E1,2.8505955E0,2.001967E0,0E0,8.3301306E-2,1.9971132E-3,0E0,0E0,0E0,0E0,0E0],"parents":[2147483647,0,0,1,1,2,2,4,4,5,5],"right_children":[2,4,6,-1,8,10,-1,-1,-1,-1,-1],"split_conditions":[7.02583E-1,1.0130128E-1,1E0,-1.9620197E-1,3.0435717E-1,8.085024E-1,2.0060502E-1,-4.852581E-2,-1.2476031E-2,1.4371872E-2,5.2773543E-2],"split_indices":[0,0,0,0,0,0,0,0,0,0,0],"split_type":[0,0,0,0,0,0,0,0,0,0,0],"sum_hessian":[9E0,5E0,4E0,1E0,4E0,3E0,1E0,2E0,2E0,1E0,2E0],"tree_param":{"num_deleted":"0","num_feature":"2","num_nodes":"11","size_leaf_vector":"1"}},{"base_weights":[1.2633085E-2,-9.059811E-1,1.1124436E0,-1.8639186E-1,-3.4160995E-1,4.376812E-2,1.9057465E-1,-4.5290757E-2,-1.1644236E-2],"categories":[],"categories_nodes":[],"categories_segments":[],"categories_sizes":[],"default_left":[0,0,0,0,0,0,0,0,0],"id":46,"left_children":[1,3,5,-1,7,-1,-1,-1,-1],"loss_changes":[1.1110869E1,2.607061E0,1.8423452E0,0E0,7.2565496E-2,0E0,0E0,0E0,0E0],"parents":[2147483647,0,0,1,1,2,2,4,4],"right_children":[2,4,6,-1,8,-1,-1,-1,-1],"split_conditions":[7.02583E-1,1.0130128E-1,1E0,-1.8639186E-1,3.0435717E-1,4.376812E-2,1.9057465E-1,-4.5290757E-2,-1.1644236E-2],"split_indices":[0,0,0,0,0,0,0,0,0],"split_type":[0,0,0,0,0,0,0,0,0],"sum_hessian":[9E0,5E0,4E0,1E0,4E0,3E0,1E0,2E0,2E0],"tree_param":{"num_deleted":"0","num_feature":"2","num_nodes":"9","size_leaf_vector":"1"}},{"base_weights":[1.0470724E-2,-8.559377E-1,1.0480667E0,-1.7707227E-1,-3.188362E-1,4.0485382E-1,1.8104592E-1,-4.227136E-2,-1.0868009E-2,1.1464692E-2,4.633738E-2],"categories":[],"categories_nodes":[],"categories_segments":[],"categories_sizes":[],"default_left":[0,0,0,0,0,0,0,0,0,0,0],"id":47,"left_children":[1,3,5,-1,7,9,-1,-1,-1,-1,-1],"loss_changes":[9.886898E0,2.3834238E0,1.7189317E0,0E0,6.32118E-2,1.4807284E-2,0E0,0E0,0E0,0E0,0E0],"parents":[2147483647,0,0,1,1,2,2,4,4,5,5],"right_children":[2,4,6,-1,8,10,-1,-1,-1,-1,-1],"split_conditions":[7.02583E-1,1.0130128E-1,1E0,-1.7707227E-1,3.0435717E-1,8.085024E-1,1.8104592E-1,-4.227136E-2,-1.0868009E-2,1.1464692E-2,4.633738E-2],"split_indices":[0,0,0,0,0,0,0,0,0,0,0],"split_type":[0,0,0,0,0,0,0,0,0,0,0],"sum_hessian":[9E0,5E0,4E0,1E0,4E0,3E0,1E0,2E0,2E0,1E0,2E0],"tree_param":{"num_deleted":"0","num_feature":"2","num_nodes":"11","size_leaf_vector":"1"}},{"base_weights":[1.0286832E-2,-8.087124E-1,9.910286E-1,-1.6821866E-1,-2.9758033E-1,3.7881756E-1,1.7199364E-1,-3.522849E-2,-3.9381026E-3,1.0891533E-2,4.3247987E-2],"categories":[],"categories_nodes":[],"categories_segments":[],"categories_sizes":[],"default_left":[0,0,0,0,0,0,0,0,0,0,0],"id":48,"left_children":[1,3,5,-1,7,9,-1,-1,-1,-1,-1],"loss_changes":[8.833725E0,2.178178E0,1.5796847E0,0E0,5.675006E-2,1.0830641E-2,0E0,0E0,0E0,0E0,0E0],"parents":[2147483647,0,0,1,1,2,2,4,4,5,5],"right_children":[2,4,6,-1,8,10,-1,-1,-1,-1,-1],"split_conditions":[7.02583E-1,1.0130128E-1,1E0,-1.6821866E-1,5.030689E-1,8.085024E-1,1.7199364E-1,-3.522849E-2,-3.9381026E-3,1.0891533E-2,4.3247987E-2],"split_indices":[0,0,0,0,0,0,0,0,0,0,0],"split_type":[0,0,0,0,0,0,0,0,0,0,0],"sum_hessian":[9E0,5E0,4E0,1E0,4E0,3E0,1E0,3E0,1E0,1E0,2E0],"tree_param":{"num_deleted":"0","num_feature":"2","num_nodes":"11","size_leaf_vector":"1"}},{"base_weights":[1.1131978E-2,-7.624055E-1,9.371506E-1,-1.5980773E-1,-2.7565575E-1,3.544693E-1,1.6339378E-1,-3.710467E-2,-8.837954E-3,1.0346985E-2,4.0364586E-2],"categories":[],"categories_nodes":[],"categories_segments":[],"categories_sizes":[],"default_left":[0,0,0,0,0,0,0,0,0,0,0],"id":49,"left_children":[1,3,5,-1,7,9,-1,-1,-1,-1,-1],"loss_changes":[7.8775897E0,2.000059E0,1.4508438E0,0E0,5.6529343E-2,7.6079965E-3,0E0,0E0,0E0,0E0,0E0],"parents":[2147483647,0,0,1,1,2,2,4,4,5,5],"right_children":[2,4,6,-1,8,10,-1,-1,-1,-1,-1],"split_conditions":[7.02583E-1,1.0130128E-1,1E0,-1.5980773E-1,3.0435717E-1,8.085024E-1,1.6339378E-1,-3.710467E-2,-8.837954E-3,1.0346985E-2,4.0364586E-2],"split_indices":[0,0,0,0,0,0,0,0,0,0,0],"split_type":[0,0,0,0,0,0,0,0,0,0,0],"sum_hessian":[9E0,5E0,4E0,1E0,4E0,3E0,1E0,2E0,2E0,1E0,2E0],"tree_param":{"num_deleted":"0","num_feature":"2","num_nodes":"11","size_leaf_vector":"1"}},{"base_weights":[1.0854316E-2,-7.204565E-1,8.862564E-1,-1.5181734E-1,-2.5727844E-1,3.3169937E-1,1.5522423E-1,-3.463103E-2,-8.248711E-3,9.829712E-3,3.767344E-2],"categories":[],"categories_nodes":[],"categories_segments":[],"categories_sizes":[],"default_left":[0,0,0,0,0,0,0,0,0,0,0],"id":50,"left_children":[1,3,5,-1,7,9,-1,-1,-1,-1,-1],"loss_changes":[7.040419E0,1.8263161E0,1.3317575E0,0E0,4.9243838E-2,5.0132275E-3,0E0,0E0,0E0,0E0,0E0],"parents":[2147483647,0,0,1,1,2,2,4,4,5,5],"right_children":[2,4,6,-1,8,10,-1,-1,-1,-1,-1],"split_conditions":[7.02583E-1,1.0130128E-1,1E0,-1.5181734E-1,3.0435717E-1,8.085024E-1,1.5522423E-1,-3.463103E-2,-8.248711E-3,9.829712E-3,3.767344E-2],"split_indices":[0,0,0,0,0,0,0,0,0,0,0],"split_type":[0,0,0,0,0,0,0,0,0,0,0],"sum_hessian":[9E0,5E0,4E0,1E0,4E0,3E0,1E0,2E0,2E0,1E0,2E0],"tree_param":{"num_deleted":"0","num_feature":"2","num_nodes":"11","size_leaf_vector":"1"}},{"base_weights":[1.0571266E-2,-6.808606E-1,8.381752E-1,-1.4422648E-1,-2.401268E-1,3.1040478E-1,1.4746284E-1,-3.2322314E-2,-7.6988223E-3,9.338188E-3,3.5161845E-2],"categories":[],"categories_nodes":[],"categories_segments":[],"categories_sizes":[],"default_left":[0,0,0,0,0,0,0,0,0,0,0],"id":51,"left_children":[1,3,5,-1,7,9,-1,-1,-1,-1,-1],"loss_changes":[6.2929974E0,1.6671326E0,1.2217743E0,0E0,4.2896718E-2,2.942443E-3,0E0,0E0,0E0,0E0,0E0],"parents":[2147483647,0,0,1,1,2,2,4,4,5,5],"right_children":[2,4,6,-1,8,10,-1,-1,-1,-1,-1],"split_conditions":[7.02583E-1,1.0130128E-1,1E0,-1.4422648E-1,3.0435717E-1,8.085024E-1,1.4746284E-1,-3.2322314E-2,-7.6988223E-3,9.338188E-3,3.5161845E-2],"split_indices":[0,0,0,0,0,0,0,0,0,0,0],"split_type":[0,0,0,0,0,0,0,0,0,0,0],"sum_hessian":[9E0,5E0,4E0,1E0,4E0,3E0,1E0,2E0,2E0,1E0,2E0],"tree_param":{"num_deleted":"0","num_feature":"2","num_nodes":"11","size_leaf_vector":"1"}},{"base_weights":[1.0285211E-2,-6.434828E-1,7.9274976E-1,-1.3701515E-1,-2.241188E-1,2.9048824E-1,1.400898E-1,-3.0167518E-2,-7.185618E-3,8.871269E-3,3.2817587E-2],"categories":[],"categories_nodes":[],"categories_segments":[],"categories_sizes":[],"default_left":[0,0,0,0,0,0,0,0,0,0,0],"id":52,"left_children":[1,3,5,-1,7,9,-1,-1,-1,-1,-1],"loss_changes":[5.625624E0,1.5213552E0,1.1203027E0,0E0,3.7367433E-2,1.304388E-3,0E0,0E0,0E0,0E0,0E0],"parents":[2147483647,0,0,1,1,2,2,4,4,5,5],"right_children":[2,4,6,-1,8,10,-1,-1,-1,-1,-1],"split_conditions":[7.02583E-1,1.0130128E-1,1E0,-1.3701515E-1,3.0435717E-1,8.085024E-1,1.400898E-1,-3.0167518E-2,-7.185618E-3,8.871269E-3,3.2817587E-2],"split_indices":[0,0,0,0,0,0,0,0,0,0,0],"split_type":[0,0,0,0,0,0,0,0,0,0,0],"sum_hessian":[9E0,5E0,4E0,1E0,4E0,3E0,1E0,2E0,2E0,1E0,2E0],"tree_param":{"num_deleted":"0","num_feature":"2","num_nodes":"11","size_leaf_vector":"1"}},{"base_weights":[9.998227E-3,-6.081958E-1,7.498314E-1,-1.3016438E-1,-2.091774E-1,2.7186298E-1,1.3308525E-1,-2.5075817E-2,-2.1427155E-3,8.42762E-3,3.0629983E-2],"categories":[],"categories_nodes":[],"categories_segments":[],"categories_sizes":[],"default_left":[0,0,0,0,0,0,0,0,0,0,0],"id":53,"left_children":[1,3,5,-1,7,9,-1,-1,-1,-1,-1],"loss_changes":[5.029649E0,1.3879168E0,1.0267389E0,0E0,3.3660963E-2,2.5808811E-5,0E0,0E0,0E0,0E0,0E0],"parents":[2147483647,0,0,1,1,2,2,4,4,5,5],"right_children":[2,4,6,-1,8,10,-1,-1,-1,-1,-1],"split_conditions":[7.02583E-1,1.0130128E-1,1E0,-1.3016438E-1,5.030689E-1,8.085024E-1,1.3308525E-1,-2.5075817E-2,-2.1427155E-3,8.42762E-3,3.0629983E-2],"split_indices":[0,0,0,0,0,0,0,0,0,0,0],"split_type":[0,0,0,0,0,0,0,0,0,0,0],"sum_hessian":[9E0,5E0,4E0,1E0,4E0,3E0,1E0,3E0,1E0,1E0,2E0],"tree_param":{"num_deleted":"0","num_feature":"2","num_nodes":"11","size_leaf_vector":"1"}},{"base_weights":[1.0474038E-2,-3.8222358E-1,1.0541763E0,-1.0238125E0,2.274831E-3,3.1695556E-2,1.264309E-1,-1.2365617E-1,-2.9915715E-2,-9.255028E-2,1.2795003E-2,-1.0983023E-2,-2.0355226E-3],"categories":[],"categories_nodes":[],"categories_segments":[],"categories_sizes":[],"default_left":[0,0,0,0,0,0,0,0,0,0,0,0,0],"id":54,"left_children":[1,3,5,7,9,-1,-1,-1,-1,11,-1,-1,-1],"loss_changes":[4.501525E0,1.9758484E0,6.401253E-2,9.258294E-2,8.3344795E-2,0E0,0E0,0E0,0E0,2.7544908E-3,0E0,0E0,0E0],"parents":[2147483647,0,0,1,1,2,2,3,3,4,4,9,9],"right_children":[2,4,6,8,10,-1,-1,-1,-1,12,-1,-1,-1],"split_conditions":[9.086361E-1,2.0221446E-1,1E0,1.0130128E-1,7.02583E-1,3.1695556E-2,1.264309E-1,-1.2365617E-1,-2.9915715E-2,5.030689E-1,1.2795003E-2,-1.0983023E-2,-2.0355226E-3],"split_indices":[0,0,0,0,0,0,0,0,0,0,0,0,0],"split_type":[0,0,0,0,0,0,0,0,0,0,0,0,0],"sum_hessian":[9E0,7E0,2E0,2E0,5E0,1E0,1E0,1E0,1E0,3E0,2E0,2E0,1E0],"tree_param":{"num_deleted":"0","num_feature":"2","num_nodes":"13","size_leaf_vector":"1"}},{"base_weights":[9.859967E-3,-3.632253E-1,1.0014673E0,-9.7262186E-1,2.0105045E-3,3.0110931E-2,1.2010918E-1,-1.1747336E-1,-2.8419925E-2,-8.654952E-2,1.1942037E-2,-1.0250823E-2,-1.93367E-3],"categories":[],"categories_nodes":[],"categories_segments":[],"categories_sizes":[],"default_left":[0,0,0,0,0,0,0,0,0,0,0,0,0],"id":55,"left_children":[1,3,5,7,9,-1,-1,-1,-1,11,-1,-1,-1],"loss_changes":[4.0632997E0,1.7825428E0,5.7765722E-2,8.355641E-2,7.2722696E-2,0E0,0E0,0E0,0E0,2.3083463E-3,0E0,0E0,0E0],"parents":[2147483647,0,0,1,1,2,2,3,3,4,4,9,9],"right_children":[2,4,6,8,10,-1,-1,-1,-1,12,-1,-1,-1],"split_conditions":[9.086361E-1,2.0221446E-1,1E0,1.0130128E-1,7.02583E-1,3.0110931E-2,1.2010918E-1,-1.1747336E-1,-2.8419925E-2,5.030689E-1,1.1942037E-2,-1.0250823E-2,-1.93367E-3],"split_indices":[0,0,0,0,0,0,0,0,0,0,0,0,0],"split_type":[0,0,0,0,0,0,0,0,0,0,0,0,0],"sum_hessian":[9E0,7E0,2E0,2E0,5E0,1E0,1E0,1E0,1E0,3E0,2E0,2E0,1E0],"tree_param":{"num_deleted":"0","num_feature":"2","num_nodes":"13","size_leaf_vector":"1"}},{"base_weights":[9.282112E-3,-3.4516978E-1,9.513931E-1,-9.239909E-1,1.7690659E-3,2.8605271E-2,1.141037E-1,-1.11599684E-1,-2.699895E-2,-8.094072E-2,1.114591E-2,-9.567452E-3,-1.8369675E-3],"categories":[],"categories_nodes":[],"categories_segments":[],"categories_sizes":[],"default_left":[0,0,0,0,0,0,0,0,0,0,0,0,0],"id":56,"left_children":[1,3,5,7,9,-1,-1,-1,-1,11,-1,-1,-1],"loss_changes":[3.6677225E0,1.6081588E0,5.2136183E-2,7.5409174E-2,6.345622E-2,0E0,0E0,0E0,0E0,1.930125E-3,0E0,0E0,0E0],"parents":[2147483647,0,0,1,1,2,2,3,3,4,4,9,9],"right_children":[2,4,6,8,10,-1,-1,-1,-1,12,-1,-1,-1],"split_conditions":[9.086361E-1,2.0221446E-1,1E0,1.0130128E-1,7.02583E-1,2.8605271E-2,1.141037E-1,-1.11599684E-1,-2.699895E-2,5.030689E-1,1.114591E-2,-9.567452E-3,-1.8369675E-3],"split_indices":[0,0,0,0,0,0,0,0,0,0,0,0,0],"split_type":[0,0,0,0,0,0,0,0,0,0,0,0,0],"sum_hessian":[9E0,7E0,2E0,2E0,5E0,1E0,1E0,1E0,1E0,3E0,2E0,2E0,1E0],"tree_param":{"num_deleted":"0","num_feature":"2","num_nodes":"13","size_leaf_vector":"1"}},{"base_weights":[8.739161E-3,-3.2801E-1,9.0382385E-1,-8.7779146E-1,1.549085E-3,2.7175141E-2,1.0839844E-1,-1.060197E-1,-2.5649024E-2,-7.569742E-2,1.0402807E-2,-8.9296345E-3,-1.7450333E-3],"categories":[],"categories_nodes":[],"categories_segments":[],"categories_sizes":[],"default_left":[0,0,0,0,0,0,0,0,0,0,0,0,0],"id":57,"left_children":[1,3,5,7,9,-1,-1,-1,-1,11,-1,-1,-1],"loss_changes":[3.3106534E0,1.4508436E0,4.7049284E-2,6.805611E-2,5.537151E-2,0E0,0E0,0E0,0E0,1.6101412E-3,0E0,0E0,0E0],"parents":[2147483647,0,0,1,1,2,2,3,3,4,4,9,9],"right_children":[2,4,6,8,10,-1,-1,-1,-1,12,-1,-1,-1],"split_conditions":[9.086361E-1,2.0221446E-1,1E0,1.0130128E-1,7.02583E-1,2.7175141E-2,1.0839844E-1,-1.060197E-1,-2.5649024E-2,5.030689E-1,1.0402807E-2,-8.9296345E-3,-1.7450333E-3],"split_indices":[0,0,0,0,0,0,0,0,0,0,0,0,0],"split_type":[0,0,0,0,0,0,0,0,0,0,0,0,0],"sum_hessian":[9E0,7E0,2E0,2E0,5E0,1E0,1E0,1E0,1E0,3E0,2E0,2E0,1E0],"tree_param":{"num_deleted":"0","num_feature":"2","num_nodes":"13","size_leaf_vector":"1"}},{"base_weights":[8.227969E-3,-3.117022E-1,8.586324E-1,-8.339019E-1,1.3480186E-3,2.5816346E-2,1.0297852E-1,-1.00718714E-1,-2.436657E-2,-7.079673E-2,9.709167E-3,-8.334319E-3,-1.6578675E-3],"categories":[],"categories_nodes":[],"categories_segments":[],"categories_sizes":[],"default_left":[0,0,0,0,0,0,0,0,0,0,0,0,0],"id":58,"left_children":[1,3,5,7,9,-1,-1,-1,-1,11,-1,-1,-1],"loss_changes":[2.9883378E0,1.308922E0,4.2462826E-2,6.142068E-2,4.831818E-2,0E0,0E0,0E0,0E0,1.3392586E-3,0E0,0E0,0E0],"parents":[2147483647,0,0,1,1,2,2,3,3,4,4,9,9],"right_children":[2,4,6,8,10,-1,-1,-1,-1,12,-1,-1,-1],"split_conditions":[9.086361E-1,2.0221446E-1,1E0,1.0130128E-1,7.02583E-1,2.5816346E-2,1.0297852E-1,-1.00718714E-1,-2.436657E-2,5.030689E-1,9.709167E-3,-8.334319E-3,-1.6578675E-3],"split_indices":[0,0,0,0,0,0,0,0,0,0,0,0,0],"split_type":[0,0,0,0,0,0,0,0,0,0,0,0,0],"sum_hessian":[9E0,7E0,2E0,2E0,5E0,1E0,1E0,1E0,1E0,3E0,2E0,2E0,1E0],"tree_param":{"num_deleted":"0","num_feature":"2","num_nodes":"13","size_leaf_vector":"1"}},{"base_weights":[7.74734E-3,-2.9620305E-1,8.156993E-1,-7.922068E-1,1.1660258E-3,2.4525452E-2,9.782944E-2,-9.568278E-2,-2.3148252E-2,-6.621456E-2,9.061813E-3,-7.7786767E-3,-1.5748978E-3],"categories":[],"categories_nodes":[],"categories_segments":[],"categories_sizes":[],"default_left":[0,0,0,0,0,0,0,0,0,0,0,0,0],"id":59,"left_children":[1,3,5,7,9,-1,-1,-1,-1,11,-1,-1,-1],"loss_changes":[2.6973855E0,1.1808932E0,3.832352E-2,5.543208E-2,4.216425E-2,0E0,0E0,0E0,0E0,1.1109281E-3,0E0,0E0,0E0],"parents":[2147483647,0,0,1,1,2,2,3,3,4,4,9,9],"right_children":[2,4,6,8,10,-1,-1,-1,-1,12,-1,-1,-1],"split_conditions":[9.086361E-1,2.0221446E-1,1E0,1.0130128E-1,7.02583E-1,2.4525452E-2,9.782944E-2,-9.568278E-2,-2.3148252E-2,5.030689E-1,9.061813E-3,-7.7786767E-3,-1.5748978E-3],"split_indices":[0,0,0,0,0,0,0,0,0,0,0,0,0],"split_type":[0,0,0,0,0,0,0,0,0,0,0,0,0],"sum_hessian":[9E0,7E0,2E0,2E0,5E0,1E0,1E0,1E0,1E0,3E0,2E0,2E0,1E0],"tree_param":{"num_deleted":"0","num_feature":"2","num_nodes":"13","size_leaf_vector":"1"}},{"base_weights":[7.295358E-3,-2.8147298E-1,7.7491254E-1,-7.5259644E-1,1.0008812E-3,2.3299027E-2,9.293785E-2,-9.089864E-2,-2.1990824E-2,-6.193137E-2,8.457693E-3,-7.2601E-3,-1.4961243E-3],"categories":[],"categories_nodes":[],"categories_segments":[],"categories_sizes":[],"default_left":[0,0,0,0,0,0,0,0,0,0,0,0,0],"id":60,"left_children":[1,3,5,7,9,-1,-1,-1,-1,11,-1,-1,-1],"loss_changes":[2.4347525E0,1.0653937E0,3.458953E-2,5.0027728E-2,3.679574E-2,0E0,0E0,0E0,0E0,9.184135E-4,0E0,0E0,0E0],"parents":[2147483647,0,0,1,1,2,2,3,3,4,4,9,9],"right_children":[2,4,6,8,10,-1,-1,-1,-1,12,-1,-1,-1],"split_conditions":[9.086361E-1,2.0221446E-1,1E0,1.0130128E-1,7.02583E-1,2.3299027E-2,9.293785E-2,-9.089864E-2,-2.1990824E-2,5.030689E-1,8.457693E-3,-7.2601E-3,-1.4961243E-3],"split_indices":[0,0,0,0,0,0,0,0,0,0,0,0,0],"split_type":[0,0,0,0,0,0,0,0,0,0,0,0,0],"sum_hessian":[9E0,7E0,2E0,2E0,5E0,1E0,1E0,1E0,1E0,3E0,2E0,2E0,1E0],"tree_param":{"num_deleted":"0","num_feature":"2","num_nodes":"13","size_leaf_vector":"1"}},{"base_weights":[6.8698404E-3,-2.674747E-1,7.3616534E-1,-7.149666E-1,8.503596E-4,2.2134019E-2,8.829079E-2,-8.635371E-2,-2.0891285E-2,-5.792761E-2,7.893753E-3,-6.7761103E-3,-1.4213562E-3],"categories":[],"categories_nodes":[],"categories_segments":[],"categories_sizes":[],"default_left":[0,0,0,0,0,0,0,0,0,0,0,0,0],"id":61,"left_children":[1,3,5,7,9,-1,-1,-1,-1,11,-1,-1,-1],"loss_changes":[2.197688E0,9.6119434E-1,3.1217337E-2,4.5149922E-2,3.2111492E-2,0E0,0E0,0E0,0E0,7.5632054E-4,0E0,0E0,0E0],"parents":[2147483647,0,0,1,1,2,2,3,3,4,4,9,9],"right_children":[2,4,6,8,10,-1,-1,-1,-1,12,-1,-1,-1],"split_conditions":[9.086361E-1,2.0221446E-1,1E0,1.0130128E-1,7.02583E-1,2.2134019E-2,8.829079E-2,-8.635371E-2,-2.0891285E-2,5.030689E-1,7.893753E-3,-6.7761103E-3,-1.4213562E-3],"split_indices":[0,0,0,0,0,0,0,0,0,0,0,0,0],"split_type":[0,0,0,0,0,0,0,0,0,0,0,0,0],"sum_hessian":[9E0,7E0,2E0,2E0,5E0,1E0,1E0,1E0,1E0,3E0,2E0,2E0,1E0],"tree_param":{"num_deleted":"0","num_feature":"2","num_nodes":"13","size_leaf_vector":"1"}},{"base_weights":[6.4709545E-3,-2.5417078E-1,6.9935864E-1,-6.7921835E-1,7.147789E-4,2.1027375E-2,8.387642E-2,-8.2036026E-2,-1.9846726E-2,-5.418372E-2,7.367452E-3,-6.3243546E-3,-1.3502121E-3],"categories":[],"categories_nodes":[],"categories_segments":[],"categories_sizes":[],"default_left":[0,0,0,0,0,0,0,0,0,0,0,0,0],"id":62,"left_children":[1,3,5,7,9,-1,-1,-1,-1,11,-1,-1,-1],"loss_changes":[1.983711E0,8.6719346E-1,2.8173327E-2,4.0747643E-2,2.8024241E-2,0E0,0E0,0E0,0E0,6.203512E-4,0E0,0E0,0E0],"parents":[2147483647,0,0,1,1,2,2,3,3,4,4,9,9],"right_children":[2,4,6,8,10,-1,-1,-1,-1,12,-1,-1,-1],"split_conditions":[9.086361E-1,2.0221446E-1,1E0,1.0130128E-1,7.02583E-1,2.1027375E-2,8.387642E-2,-8.2036026E-2,-1.9846726E-2,5.030689E-1,7.367452E-3,-6.3243546E-3,-1.3502121E-3],"split_indices":[0,0,0,0,0,0,0,0,0,0,0,0,0],"split_type":[0,0,0,0,0,0,0,0,0,0,0,0,0],"sum_hessian":[9E0,7E0,2E0,2E0,5E0,1E0,1E0,1E0,1E0,3E0,2E0,2E0,1E0],"tree_param":{"num_deleted":"0","num_feature":"2","num_nodes":"13","size_leaf_vector":"1"}},{"base_weights":[6.095207E-3,-2.4152745E-1,6.6439056E-1,-6.4525735E-1,5.920728E-4,1.9976044E-2,7.9682544E-2,-7.793423E-2,-1.885438E-2,-5.0683737E-2,6.876246E-3,-5.9027034E-3,-1.282692E-3],"categories":[],"categories_nodes":[],"categories_segments":[],"categories_sizes":[],"default_left":[0,0,0,0,0,0,0,0,0,0,0,0,0],"id":63,"left_children":[1,3,5,7,9,-1,-1,-1,-1,11,-1,-1,-1],"loss_changes":[1.7905571E0,7.8238916E-1,2.5425434E-2,3.6774993E-2,2.445809E-2,0E0,0E0,0E0,0E0,5.062679E-4,0E0,0E0,0E0],"parents":[2147483647,0,0,1,1,2,2,3,3,4,4,9,9],"right_children":[2,4,6,8,10,-1,-1,-1,-1,12,-1,-1,-1],"split_conditions":[9.086361E-1,2.0221446E-1,1E0,1.0130128E-1,7.02583E-1,1.9976044E-2,7.9682544E-2,-7.793423E-2,-1.885438E-2,5.030689E-1,6.876246E-3,-5.9027034E-3,-1.282692E-3],"split_indices":[0,0,0,0,0,0,0,0,0,0,0,0,0],"split_type":[0,0,0,0,0,0,0,0,0,0,0,0,0],"sum_hessian":[9E0,7E0,2E0,2E0,5E0,1E0,1E0,1E0,1E0,3E0,2E0,2E0,1E0],"tree_param":{"num_deleted":"0","num_feature":"2","num_nodes":"13","size_leaf_vector":"1"}},{"base_weights":[5.742061E-3,-2.2951199E-1,6.311722E-1,-6.1299455E-1,4.8128763E-4,1.8977357E-2,7.569847E-2,-7.4037515E-2,-1.7911673E-2,-4.741192E-2,6.417847E-3,-5.509186E-3,-1.2186051E-3],"categories":[],"categories_nodes":[],"categories_segments":[],"categories_sizes":[],"default_left":[0,0,0,0,0,0,0,0,0,0,0,0,0],"id":64,"left_children":[1,3,5,7,9,-1,-1,-1,-1,11,-1,-1,-1],"loss_changes":[1.6162113E0,7.0588243E-1,2.2944689E-2,3.3189178E-2,2.1346796E-2,0E0,0E0,0E0,0E0,4.1077845E-4,0E0,0E0,0E0],"parents":[2147483647,0,0,1,1,2,2,3,3,4,4,9,9],"right_children":[2,4,6,8,10,-1,-1,-1,-1,12,-1,-1,-1],"split_conditions":[9.086361E-1,2.0221446E-1,1E0,1.0130128E-1,7.02583E-1,1.8977357E-2,7.569847E-2,-7.4037515E-2,-1.7911673E-2,5.030689E-1,6.417847E-3,-5.509186E-3,-1.2186051E-3],"split_indices":[0,0,0,0,0,0,0,0,0,0,0,0,0],"split_type":[0,0,0,0,0,0,0,0,0,0,0,0,0],"sum_hessian":[9E0,7E0,2E0,2E0,5E0,1E0,1E0,1E0,1E0,3E0,2E0,2E0,1E0],"tree_param":{"num_deleted":"0","num_feature":"2","num_nodes":"13","size_leaf_vector":"1"}},{"base_weights":[5.4098964E-3,-2.1809305E-1,5.9961444E-1,-5.823447E-1,3.8162866E-4,1.8028641E-2,7.191353E-2,-7.0335634E-2,-1.7016077E-2,-4.4353247E-2,5.990092E-3,-5.141926E-3,-1.1577606E-3],"categories":[],"categories_nodes":[],"categories_segments":[],"categories_sizes":[],"default_left":[0,0,0,0,0,0,0,0,0,0,0,0,0],"id":65,"left_children":[1,3,5,7,9,-1,-1,-1,-1,11,-1,-1,-1],"loss_changes":[1.4588364E0,6.368604E-1,2.0704985E-2,2.995348E-2,1.8632328E-2,0E0,0E0,0E0,0E0,3.3106003E-4,0E0,0E0,0E0],"parents":[2147483647,0,0,1,1,2,2,3,3,4,4,9,9],"right_children":[2,4,6,8,10,-1,-1,-1,-1,12,-1,-1,-1],"split_conditions":[9.086361E-1,2.0221446E-1,1E0,1.0130128E-1,7.02583E-1,1.8028641E-2,7.191353E-2,-7.0335634E-2,-1.7016077E-2,5.030689E-1,5.990092E-3,-5.141926E-3,-1.1577606E-3],"split_indices":[0,0,0,0,0,0,0,0,0,0,0,0,0],"split_type":[0,0,0,0,0,0,0,0,0,0,0,0,0],"sum_hessian":[9E0,7E0,2E0,2E0,5E0,1E0,1E0,1E0,1E0,3E0,2E0,2E0,1E0],"tree_param":{"num_deleted":"0","num_feature":"2","num_nodes":"13","size_leaf_vector":"1"}},{"base_weights":[5.0974013E-3,-2.072408E-1,5.696335E-1,-5.5322737E-1,2.9261908E-4,1.7127229E-2,6.831779E-2,-6.6818856E-2,-1.6165257E-2,-4.1492224E-2,5.59082E-3,-4.7991117E-3,-1.0997773E-3],"categories":[],"categories_nodes":[],"categories_segments":[],"categories_sizes":[],"default_left":[0,0,0,0,0,0,0,0,0,0,0,0,0],"id":66,"left_children":[1,3,5,7,9,-1,-1,-1,-1,11,-1,-1,-1],"loss_changes":[1.316777E0,5.745922E-1,1.8685699E-2,2.703321E-2,1.6263086E-2,0E0,0E0,0E0,0E0,2.6492542E-4,0E0,0E0,0E0],"parents":[2147483647,0,0,1,1,2,2,3,3,4,4,9,9],"right_children":[2,4,6,8,10,-1,-1,-1,-1,12,-1,-1,-1],"split_conditions":[9.086361E-1,2.0221446E-1,1E0,1.0130128E-1,7.02583E-1,1.7127229E-2,6.831779E-2,-6.6818856E-2,-1.6165257E-2,5.030689E-1,5.59082E-3,-4.7991117E-3,-1.0997773E-3],"split_indices":[0,0,0,0,0,0,0,0,0,0,0,0,0],"split_type":[0,0,0,0,0,0,0,0,0,0,0,0,0],"sum_hessian":[9E0,7E0,2E0,2E0,5E0,1E0,1E0,1E0,1E0,3E0,2E0,2E0,1E0],"tree_param":{"num_deleted":"0","num_feature":"2","num_nodes":"13","size_leaf_vector":"1"}},{"base_weights":[4.8020124E-3,-1.9692889E-1,5.411504E-1,-5.2556616E-1,2.1123886E-4,1.627083E-2,6.490173E-2,-6.347791E-2,-1.53570175E-2,-3.881812E-2,5.2179974E-3,-4.479186E-3,-1.0448456E-3],"categories":[],"categories_nodes":[],"categories_segments":[],"categories_sizes":[],"default_left":[0,0,0,0,0,0,0,0,0,0,0,0,0],"id":67,"left_children":[1,3,5,7,9,-1,-1,-1,-1,11,-1,-1,-1],"loss_changes":[1.1885486E0,5.184118E-1,1.6863704E-2,2.4397135E-2,1.4195367E-2,0E0,0E0,0E0,0E0,2.0988612E-4,0E0,0E0,0E0],"parents":[2147483647,0,0,1,1,2,2,3,3,4,4,9,9],"right_children":[2,4,6,8,10,-1,-1,-1,-1,12,-1,-1,-1],"split_conditions":[9.086361E-1,2.0221446E-1,1E0,1.0130128E-1,7.02583E-1,1.627083E-2,6.490173E-2,-6.347791E-2,-1.53570175E-2,5.030689E-1,5.2179974E-3,-4.479186E-3,-1.0448456E-3],"split_indices":[0,0,0,0,0,0,0,0,0,0,0,0,0],"split_type":[0,0,0,0,0,0,0,0,0,0,0,0,0],"sum_hessian":[9E0,7E0,2E0,2E0,5E0,1E0,1E0,1E0,1E0,3E0,2E0,2E0,1E0],"tree_param":{"num_deleted":"0","num_feature":"2","num_nodes":"13","size_leaf_vector":"1"}},{"base_weights":[4.5244335E-3,-1.8712877E-1,5.140915E-1,-4.9928787E-1,1.3891856E-4,1.5457153E-2,6.1656572E-2,-6.0304016E-2,-1.4589167E-2,-3.631735E-2,4.870097E-3,-4.1805906E-3,-9.925843E-4],"categories":[],"categories_nodes":[],"categories_segments":[],"categories_sizes":[],"default_left":[0,0,0,0,0,0,0,0,0,0,0,0,0],"id":68,"left_children":[1,3,5,7,9,-1,-1,-1,-1,11,-1,-1,-1],"loss_changes":[1.0728029E0,4.6772793E-1,1.5221059E-2,2.2018433E-2,1.2391036E-2,0E0,0E0,0E0,0E0,1.6444596E-4,0E0,0E0,0E0],"parents":[2147483647,0,0,1,1,2,2,3,3,4,4,9,9],"right_children":[2,4,6,8,10,-1,-1,-1,-1,12,-1,-1,-1],"split_conditions":[9.086361E-1,2.0221446E-1,1E0,1.0130128E-1,7.02583E-1,1.5457153E-2,6.1656572E-2,-6.0304016E-2,-1.4589167E-2,5.030689E-1,4.870097E-3,-4.1805906E-3,-9.925843E-4],"split_indices":[0,0,0,0,0,0,0,0,0,0,0,0,0],"split_type":[0,0,0,0,0,0,0,0,0,0,0,0,0],"sum_hessian":[9E0,7E0,2E0,2E0,5E0,1E0,1E0,1E0,1E0,3E0,2E0,2E0,1E0],"tree_param":{"num_deleted":"0","num_feature":"2","num_nodes":"13","size_leaf_vector":"1"}},{"base_weights":[4.2642117E-3,-1.7781526E-1,4.8838806E-1,-4.7432342E-1,7.470449E-5,1.4684296E-2,5.8573913E-2,-5.7288814E-2,-1.3859701E-2,-3.397894E-2,4.5454665E-3,-4.5002936E-3,-1.5303295E-3],"categories":[],"categories_nodes":[],"categories_segments":[],"categories_sizes":[],"default_left":[0,0,0,0,0,0,0,0,0,0,0,0,0],"id":69,"left_children":[1,3,5,7,9,-1,-1,-1,-1,11,-1,-1,-1],"loss_changes":[9.68333E-1,4.2200208E-1,1.3737619E-2,1.9871771E-2,1.0816619E-2,0E0,0E0,0E0,0E0,1.3482803E-4,0E0,0E0,0E0],"parents":[2147483647,0,0,1,1,2,2,3,3,4,4,9,9],"right_children":[2,4,6,8,10,-1,-1,-1,-1,12,-1,-1,-1],"split_conditions":[9.086361E-1,2.0221446E-1,1E0,1.0130128E-1,7.02583E-1,1.4684296E-2,5.8573913E-2,-5.7288814E-2,-1.3859701E-2,3.0435717E-1,4.5454665E-3,-4.5002936E-3,-1.5303295E-3],"split_indices":[0,0,0,0,0,0,0,0,0,0,0,0,0],"split_type":[0,0,0,0,0,0,0,0,0,0,0,0,0],"sum_hessian":[9E0,7E0,2E0,2E0,5E0,1E0,1E0,1E0,1E0,3E0,2E0,1E0,2E0],"tree_param":{"num_deleted":"0","num_feature":"2","num_nodes":"13","size_leaf_vector":"1"}},{"base_weights":[3.8998723E-3,-1.691135E-1,4.639689E-1,-4.5060727E-1,-1.8103917E-4,1.3949967E-2,5.5645373E-2,-5.4424375E-2,-1.31667135E-2,-3.2088995E-2,4.2423247E-3,-4.2752745E-3,-1.4283498E-3],"categories":[],"categories_nodes":[],"categories_segments":[],"categories_sizes":[],"default_left":[0,0,0,0,0,0,0,0,0,0,0,0,0],"id":70,"left_children":[1,3,5,7,9,-1,-1,-1,-1,11,-1,-1,-1],"loss_changes":[8.7444437E-1,3.8034588E-1,1.2400329E-2,1.7934263E-2,9.517814E-3,0E0,0E0,0E0,0E0,1.488342E-4,0E0,0E0,0E0],"parents":[2147483647,0,0,1,1,2,2,3,3,4,4,9,9],"right_children":[2,4,6,8,10,-1,-1,-1,-1,12,-1,-1,-1],"split_conditions":[9.086361E-1,2.0221446E-1,1E0,1.0130128E-1,7.02583E-1,1.3949967E-2,5.5645373E-2,-5.4424375E-2,-1.31667135E-2,3.0435717E-1,4.2423247E-3,-4.2752745E-3,-1.4283498E-3],"split_indices":[0,0,0,0,0,0,0,0,0,0,0,0,0],"split_type":[0,0,0,0,0,0,0,0,0,0,0,0,0],"sum_hessian":[9E0,7E0,2E0,2E0,5E0,1E0,1E0,1E0,1E0,3E0,2E0,1E0,2E0],"tree_param":{"num_deleted":"0","num_feature":"2","num_nodes":"13","size_leaf_vector":"1"}},{"base_weights":[3.5640956E-3,-1.608338E-1,4.4077048E-1,-4.2807698E-1,-4.0658316E-4,1.325264E-2,5.286293E-2,-5.1703155E-2,-1.2508392E-2,-3.030634E-2,3.9595286E-3,-4.0615085E-3,-1.3331731E-3],"categories":[],"categories_nodes":[],"categories_segments":[],"categories_sizes":[],"default_left":[0,0,0,0,0,0,0,0,0,0,0,0,0],"id":71,"left_children":[1,3,5,7,9,-1,-1,-1,-1,11,-1,-1,-1],"loss_changes":[7.8964895E-1,3.4281057E-1,1.1188507E-2,1.6185522E-2,8.376265E-3,0E0,0E0,0E0,0E0,1.5847804E-4,0E0,0E0,0E0],"parents":[2147483647,0,0,1,1,2,2,3,3,4,4,9,9],"right_children":[2,4,6,8,10,-1,-1,-1,-1,12,-1,-1,-1],"split_conditions":[9.086361E-1,2.0221446E-1,1E0,1.0130128E-1,7.02583E-1,1.325264E-2,5.286293E-2,-5.1703155E-2,-1.2508392E-2,3.0435717E-1,3.9595286E-3,-4.0615085E-3,-1.3331731E-3],"split_indices":[0,0,0,0,0,0,0,0,0,0,0,0,0],"split_type":[0,0,0,0,0,0,0,0,0,0,0,0,0],"sum_hessian":[9E0,7E0,2E0,2E0,5E0,1E0,1E0,1E0,1E0,3E0,2E0,1E0,2E0],"tree_param":{"num_deleted":"0","num_feature":"2","num_nodes":"13","size_leaf_vector":"1"}},{"base_weights":[3.2543123E-3,-1.5295649E-1,4.187317E-1,-4.0667313E-1,-6.054242E-4,1.2590027E-2,5.0219726E-2,-4.9117997E-2,-1.1882973E-2,-2.8624773E-2,3.6955518E-3,-3.8584233E-3,-1.2443543E-3],"categories":[],"categories_nodes":[],"categories_segments":[],"categories_sizes":[],"default_left":[0,0,0,0,0,0,0,0,0,0,0,0,0],"id":72,"left_children":[1,3,5,7,9,-1,-1,-1,-1,11,-1,-1,-1],"loss_changes":[7.1306825E-1,3.0898577E-1,1.0097265E-2,1.4607459E-2,7.372442E-3,0E0,0E0,0E0,0E0,1.6450067E-4,0E0,0E0,0E0],"parents":[2147483647,0,0,1,1,2,2,3,3,4,4,9,9],"right_children":[2,4,6,8,10,-1,-1,-1,-1,12,-1,-1,-1],"split_conditions":[9.086361E-1,2.0221446E-1,1E0,1.0130128E-1,7.02583E-1,1.2590027E-2,5.0219726E-2,-4.9117997E-2,-1.1882973E-2,3.0435717E-1,3.6955518E-3,-3.8584233E-3,-1.2443543E-3],"split_indices":[0,0,0,0,0,0,0,0,0,0,0,0,0],"split_type":[0,0,0,0,0,0,0,0,0,0,0,0,0],"sum_hessian":[9E0,7E0,2E0,2E0,5E0,1E0,1E0,1E0,1E0,3E0,2E0,1E0,2E0],"tree_param":{"num_deleted":"0","num_feature":"2","num_nodes":"13","size_leaf_vector":"1"}},{"base_weights":[2.9695393E-3,-1.4546181E-1,3.9779663E-1,-3.8633955E-1,-7.793109E-4,1.1960602E-2,4.7708895E-2,-4.66621E-2,-1.1288834E-2,-2.7038336E-2,3.4492493E-2,-3.665495E-3,-1.1614482E-3,9.971618E-4,4.176712E-3],"categories":[],"categories_nodes":[],"categories_segments":[],"categories_sizes":[],"default_left":[0,0,0,0,0,0,0,0,0,0,0,0,0,0,0],"id":73,"left_children":[1,3,5,7,9,-1,-1,-1,-1,11,13,-1,-1,-1,-1],"loss_changes":[6.439114E-1,2.7850527E-1,9.1124475E-3,1.3183087E-2,6.489839E-3,0E0,0E0,0E0,0E0,1.6757264E-4,1.1865492E-4,0E0,0E0,0E0,0E0],"parents":[2147483647,0,0,1,1,2,2,3,3,4,4,9,9,10,10],"right_children":[2,4,6,8,10,-1,-1,-1,-1,12,14,-1,-1,-1,-1],"split_conditions":[9.086361E-1,2.0221446E-1,1E0,1.0130128E-1,7.02583E-1,1.1960602E-2,4.7708895E-2,-4.66621E-2,-1.1288834E-2,3.0435717E-1,8.085024E-1,-3.665495E-3,-1.1614482E-3,9.971618E-4,4.176712E-3],"split_indices":[0,0,0,0,0,0,0,0,0,0,0,0,0,0,0],"split_type":[0,0,0,0,0,0,0,0,0,0,0,0,0,0,0],"sum_hessian":[9E0,7E0,2E0,2E0,5E0,1E0,1E0,1E0,1E0,3E0,2E0,1E0,2E0,1E0,1E0],"tree_param":{"num_deleted":"0","num_feature":"2","num_nodes":"15","size_leaf_vector":"1"}},{"base_weights":[2.8794885E-3,-1.3811569E-1,3.779068E-1,-3.6702263E-1,-6.4293545E-4,1.1362458E-2,4.5323562E-2,-4.4328995E-2,-1.0724402E-2,-2.5541544E-2,3.276952E-2,-3.4821988E-3,-1.0840733E-3,9.473801E-4,3.9680484E-3],"categories":[],"categories_nodes":[],"categories_segments":[],"categories_sizes":[],"default_left":[0,0,0,0,0,0,0,0,0,0,0,0,0,0,0],"id":74,"left_children":[1,3,5,7,9,-1,-1,-1,-1,11,13,-1,-1,-1,-1],"loss_changes":[5.809653E-1,2.5151175E-1,8.225501E-3,1.1897653E-2,5.8285263E-3,0E0,0E0,0E0,0E0,1.6822433E-4,1.0706228E-4,0E0,0E0,0E0,0E0],"parents":[2147483647,0,0,1,1,2,2,3,3,4,4,9,9,10,10],"right_children":[2,4,6,8,10,-1,-1,-1,-1,12,14,-1,-1,-1,-1],"split_conditions":[9.086361E-1,2.0221446E-1,1E0,1.0130128E-1,7.02583E-1,1.1362458E-2,4.5323562E-2,-4.4328995E-2,-1.0724402E-2,3.0435717E-1,8.085024E-1,-3.4821988E-3,-1.0840733E-3,9.473801E-4,3.9680484E-3],"split_indices":[0,0,0,0,0,0,0,0,0,0,0,0,0,0,0],"split_type":[0,0,0,0,0,0,0,0,0,0,0,0,0,0,0],"sum_hessian":[9E0,7E0,2E0,2E0,5E0,1E0,1E0,1E0,1E0,3E0,2E0,1E0,2E0,1E0,1E0],"tree_param":{"num_deleted":"0","num_feature":"2","num_nodes":"15","size_leaf_vector":"1"}},{"base_weights":[2.7896822E-3,-1.3114214E-1,3.5901132E-1,-3.4867162E-1,-5.203883E-4,1.0794449E-2,4.305725E-2,-4.2112544E-2,-1.0188199E-2,-2.412939E-2,3.1131744E-2,-3.3081055E-3,-1.0118484E-3,9.000778E-4,3.769684E-3],"categories":[],"categories_nodes":[],"categories_segments":[],"categories_sizes":[],"default_left":[0,0,0,0,0,0,0,0,0,0,0,0,0,0,0],"id":75,"left_children":[1,3,5,7,9,-1,-1,-1,-1,11,13,-1,-1,-1,-1],"loss_changes":[5.2417564E-1,2.2713123E-1,7.422E-3,1.0737449E-2,5.2348417E-3,0E0,0E0,0E0,0E0,1.6695354E-4,9.657466E-5,0E0,0E0,0E0,0E0],"parents":[2147483647,0,0,1,1,2,2,3,3,4,4,9,9,10,10],"right_children":[2,4,6,8,10,-1,-1,-1,-1,12,14,-1,-1,-1,-1],"split_conditions":[9.086361E-1,2.0221446E-1,1E0,1.0130128E-1,7.02583E-1,1.0794449E-2,4.305725E-2,-4.2112544E-2,-1.0188199E-2,3.0435717E-1,8.085024E-1,-3.3081055E-3,-1.0118484E-3,9.000778E-4,3.769684E-3],"split_indices":[0,0,0,0,0,0,0,0,0,0,0,0,0,0,0],"split_type":[0,0,0,0,0,0,0,0,0,0,0,0,0,0,0],"sum_hessian":[9E0,7E0,2E0,2E0,5E0,1E0,1E0,1E0,1E0,3E0,2E0,1E0,2E0,1E0,1E0],"tree_param":{"num_deleted":"0","num_feature":"2","num_nodes":"15","size_leaf_vector":"1"}},{"base_weights":[2.7004362E-3,-1.2452172E-1,3.4105936E-1,-3.3123806E-1,-4.0992102E-4,1.0254669E-2,4.0904235E-2,-4.0006917E-2,-9.678793E-3,-2.2796392E-2,2.9575348E-2,-2.7036986E-3,-5.037308E-4,8.550644E-4,3.5812377E-3],"categories":[],"categories_nodes":[],"categories_segments":[],"categories_sizes":[],"default_left":[0,0,0,0,0,0,0,0,0,0,0,0,0,0,0],"id":76,"left_children":[1,3,5,7,9,-1,-1,-1,-1,11,13,-1,-1,-1,-1],"loss_changes":[4.7293684E-1,2.0511173E-1,6.6984594E-3,9.690493E-3,4.7017974E-3,0E0,0E0,0E0,0E0,1.650427E-4,8.717622E-5,0E0,0E0,0E0,0E0],"parents":[2147483647,0,0,1,1,2,2,3,3,4,4,9,9,10,10],"right_children":[2,4,6,8,10,-1,-1,-1,-1,12,14,-1,-1,-1,-1],"split_conditions":[9.086361E-1,2.0221446E-1,1E0,1.0130128E-1,7.02583E-1,1.0254669E-2,4.0904235E-2,-4.0006917E-2,-9.678793E-3,5.030689E-1,8.085024E-1,-2.7036986E-3,-5.037308E-4,8.550644E-4,3.5812377E-3],"split_indices":[0,0,0,0,0,0,0,0,0,0,0,0,0,0,0],"split_type":[0,0,0,0,0,0,0,0,0,0,0,0,0,0,0],"sum_hessian":[9E0,7E0,2E0,2E0,5E0,1E0,1E0,1E0,1E0,3E0,2E0,2E0,1E0,1E0,1E0],"tree_param":{"num_deleted":"0","num_feature":"2","num_nodes":"15","size_leaf_vector":"1"}},{"base_weights":[2.7014196E-3,-1.181261E-1,3.2400766E-1,-3.1467614E-1,-1.633962E-4,9.741974E-3,3.8859177E-2,-3.800657E-2,-9.194851E-3,-2.1318436E-2,2.8097788E-2,-3.0075074E-3,-8.374532E-4,8.123398E-4,3.4023286E-3],"categories":[],"categories_nodes":[],"categories_segments":[],"categories_sizes":[],"default_left":[0,0,0,0,0,0,0,0,0,0,0,0,0,0,0],"id":77,"left_children":[1,3,5,7,9,-1,-1,-1,-1,11,13,-1,-1,-1,-1],"loss_changes":[4.2650014E-1,1.8543318E-1,6.045401E-3,8.74573E-3,4.1862E-3,0E0,0E0,0E0,0E0,2.0151562E-4,7.868977E-5,0E0,0E0,0E0,0E0],"parents":[2147483647,0,0,1,1,2,2,3,3,4,4,9,9,10,10],"right_children":[2,4,6,8,10,-1,-1,-1,-1,12,14,-1,-1,-1,-1],"split_conditions":[9.086361E-1,2.0221446E-1,1E0,1.0130128E-1,7.02583E-1,9.741974E-3,3.8859177E-2,-3.800657E-2,-9.194851E-3,3.0435717E-1,8.085024E-1,-3.0075074E-3,-8.374532E-4,8.123398E-4,3.4023286E-3],"split_indices":[0,0,0,0,0,0,0,0,0,0,0,0,0,0,0],"split_type":[0,0,0,0,0,0,0,0,0,0,0,0,0,0,0],"sum_hessian":[9E0,7E0,2E0,2E0,5E0,1E0,1E0,1E0,1E0,3E0,2E0,1E0,2E0,1E0,1E0],"tree_param":{"num_deleted":"0","num_feature":"2","num_nodes":"15","size_leaf_vector":"1"}},{"base_weights":[2.6086033E-3,-1.1216722E-1,3.0780792E-1,-2.9894218E-1,-8.519491E-5,9.254837E-3,3.6916353E-2,-3.6106244E-2,-8.735085E-3,-2.0147324E-2,2.6692709E-2,-2.857113E-3,-7.815679E-4,7.7171327E-4,3.232193E-3],"categories":[],"categories_nodes":[],"categories_segments":[],"categories_sizes":[],"default_left":[0,0,0,0,0,0,0,0,0,0,0,0,0,0,0],"id":78,"left_children":[1,3,5,7,9,-1,-1,-1,-1,11,13,-1,-1,-1,-1],"loss_changes":[3.8482097E-1,1.6744743E-1,5.456656E-3,7.8932345E-3,3.761117E-3,0E0,0E0,0E0,0E0,1.9221473E-4,7.1020564E-5,0E0,0E0,0E0,0E0],"parents":[2147483647,0,0,1,1,2,2,3,3,4,4,9,9,10,10],"right_children":[2,4,6,8,10,-1,-1,-1,-1,12,14,-1,-1,-1,-1],"split_conditions":[9.086361E-1,2.0221446E-1,1E0,1.0130128E-1,7.02583E-1,9.254837E-3,3.6916353E-2,-3.6106244E-2,-8.735085E-3,3.0435717E-1,8.085024E-1,-2.857113E-3,-7.815679E-4,7.7171327E-4,3.232193E-3],"split_indices":[0,0,0,0,0,0,0,0,0,0,0,0,0,0,0],"split_type":[0,0,0,0,0,0,0,0,0,0,0,0,0,0,0],"sum_hessian":[9E0,7E0,2E0,2E0,5E0,1E0,1E0,1E0,1E0,3E0,2E0,1E0,2E0,1E0,1E0],"tree_param":{"num_deleted":"0","num_feature":"2","num_nodes":"15","size_leaf_vector":"1"}},{"base_weights":[2.516967E-3,-1.06510125E-1,2.924169E-1,-2.839952E-1,-1.5894571E-5,8.792114E-3,3.507042E-2,-3.4300935E-2,-8.29835E-3,-1.9042015E-2,2.5357565E-2,-2.7142526E-3,-7.2943367E-4,7.331848E-4,3.07045E-3],"categories":[],"categories_nodes":[],"categories_segments":[],"categories_sizes":[],"default_left":[0,0,0,0,0,0,0,0,0,0,0,0,0,0,0],"id":79,"left_children":[1,3,5,7,9,-1,-1,-1,-1,11,13,-1,-1,-1,-1],"loss_changes":[3.4721482E-1,1.5120457E-1,4.924208E-3,7.123485E-3,3.37941E-3,0E0,0E0,0E0,0E0,1.8266204E-4,6.40261E-5,0E0,0E0,0E0,0E0],"parents":[2147483647,0,0,1,1,2,2,3,3,4,4,9,9,10,10],"right_children":[2,4,6,8,10,-1,-1,-1,-1,12,14,-1,-1,-1,-1],"split_conditions":[9.086361E-1,2.0221446E-1,1E0,1.0130128E-1,7.02583E-1,8.792114E-3,3.507042E-2,-3.4300935E-2,-8.29835E-3,3.0435717E-1,8.085024E-1,-2.7142526E-3,-7.2943367E-4,7.331848E-4,3.07045E-3],"split_indices":[0,0,0,0,0,0,0,0,0,0,0,0,0,0,0],"split_type":[0,0,0,0,0,0,0,0,0,0,0,0,0,0,0],"sum_hessian":[9E0,7E0,2E0,2E0,5E0,1E0,1E0,1E0,1E0,3E0,2E0,1E0,2E0,1E0,1E0],"tree_param":{"num_deleted":"0","num_feature":"2","num_nodes":"15","size_leaf_vector":"1"}},{"base_weights":[2.4279058E-3,-1.0113878E-1,2.7779642E-1,-2.697956E-1,4.6094257E-5,8.3526615E-3,3.3316802E-2,-3.2585885E-2,-7.883454E-3,-1.7999172E-2,2.4091085E-2,-2.5785447E-3,-6.808599E-4,6.9656374E-4,2.917099E-3],"categories":[],"categories_nodes":[],"categories_segments":[],"categories_sizes":[],"default_left":[0,0,0,0,0,0,0,0,0,0,0,0,0,0,0],"id":80,"left_children":[1,3,5,7,9,-1,-1,-1,-1,11,13,-1,-1,-1,-1],"loss_changes":[3.1328604E-1,1.365366E-1,4.442692E-3,6.428778E-3,3.0370092E-3,0E0,0E0,0E0,0E0,1.7296872E-4,5.7792407E-5,0E0,0E0,0E0,0E0],"parents":[2147483647,0,0,1,1,2,2,3,3,4,4,9,9,10,10],"right_children":[2,4,6,8,10,-1,-1,-1,-1,12,14,-1,-1,-1,-1],"split_conditions":[9.086361E-1,2.0221446E-1,1E0,1.0130128E-1,7.02583E-1,8.3526615E-3,3.3316802E-2,-3.2585885E-2,-7.883454E-3,3.0435717E-1,8.085024E-1,-2.5785447E-3,-6.808599E-4,6.9656374E-4,2.917099E-3],"split_indices":[0,0,0,0,0,0,0,0,0,0,0,0,0,0,0],"split_type":[0,0,0,0,0,0,0,0,0,0,0,0,0,0,0],"sum_hessian":[9E0,7E0,2E0,2E0,5E0,1E0,1E0,1E0,1E0,3E0,2E0,1E0,2E0,1E0,1E0],"tree_param":{"num_deleted":"0","num_feature":"2","num_nodes":"15","size_leaf_vector":"1"}},{"base_weights":[2.3402392E-3,-9.603939E-2,2.6390585E-1,-2.5630596E-1,1.004537E-4,7.934952E-3,3.1650927E-2,-3.0956594E-2,-7.4893E-3,-1.7014503E-2,2.2886911E-2,-2.449608E-3,-6.355286E-4,6.616592E-4,2.7713776E-3],"categories":[],"categories_nodes":[],"categories_segments":[],"categories_sizes":[],"default_left":[0,0,0,0,0,0,0,0,0,0,0,0,0,0,0],"id":81,"left_children":[1,3,5,7,9,-1,-1,-1,-1,11,13,-1,-1,-1,-1],"loss_changes":[2.826726E-1,1.2328977E-1,4.010007E-3,5.8018267E-3,2.729345E-3,0E0,0E0,0E0,0E0,1.6331149E-4,5.223311E-5,0E0,0E0,0E0,0E0],"parents":[2147483647,0,0,1,1,2,2,3,3,4,4,9,9,10,10],"right_children":[2,4,6,8,10,-1,-1,-1,-1,12,14,-1,-1,-1,-1],"split_conditions":[9.086361E-1,2.0221446E-1,1E0,1.0130128E-1,7.02583E-1,7.934952E-3,3.1650927E-2,-3.0956594E-2,-7.4893E-3,3.0435717E-1,8.085024E-1,-2.449608E-3,-6.355286E-4,6.616592E-4,2.7713776E-3],"split_indices":[0,0,0,0,0,0,0,0,0,0,0,0,0,0,0],"split_type":[0,0,0,0,0,0,0,0,0,0,0,0,0,0,0],"sum_hessian":[9E0,7E0,2E0,2E0,5E0,1E0,1E0,1E0,1E0,3E0,2E0,1E0,2E0,1E0,1E0],"tree_param":{"num_deleted":"0","num_feature":"2","num_nodes":"15","size_leaf_vector":"1"}},{"base_weights":[2.2552013E-3,-9.119707E-2,2.5070953E-1,-2.434907E-1,1.4925003E-4,7.538223E-3,3.0068208E-2,-2.9408766E-2,-7.1148397E-3,-1.6083956E-2,2.1743774E-2,-2.3271085E-3,-5.9312186E-4,6.286621E-4,2.632904E-3],"categories":[],"categories_nodes":[],"categories_segments":[],"categories_sizes":[],"default_left":[0,0,0,0,0,0,0,0,0,0,0,0,0,0,0],"id":82,"left_children":[1,3,5,7,9,-1,-1,-1,-1,11,13,-1,-1,-1,-1],"loss_changes":[2.5505018E-1,1.1132805E-1,3.6185682E-3,5.236119E-3,2.4530161E-3,0E0,0E0,0E0,0E0,1.5385018E-4,4.71049E-5,0E0,0E0,0E0,0E0],"parents":[2147483647,0,0,1,1,2,2,3,3,4,4,9,9,10,10],"right_children":[2,4,6,8,10,-1,-1,-1,-1,12,14,-1,-1,-1,-1],"split_conditions":[9.086361E-1,2.0221446E-1,1E0,1.0130128E-1,7.02583E-1,7.538223E-3,3.0068208E-2,-2.9408766E-2,-7.1148397E-3,3.0435717E-1,8.085024E-1,-2.3271085E-3,-5.9312186E-4,6.286621E-4,2.632904E-3],"split_indices":[0,0,0,0,0,0,0,0,0,0,0,0,0,0,0],"split_type":[0,0,0,0,0,0,0,0,0,0,0,0,0,0,0],"sum_hessian":[9E0,7E0,2E0,2E0,5E0,1E0,1E0,1E0,1E0,3E0,2E0,1E0,2E0,1E0,1E0],"tree_param":{"num_deleted":"0","num_feature":"2","num_nodes":"15","size_leaf_vector":"1"}},{"base_weights":[2.1719753E-3,-8.6600445E-2,2.3817444E-1,-2.3131631E-1,1.9089381E-4,7.1613314E-3,2.8564835E-2,-2.7938327E-2,-6.759119E-3,-1.5206099E-2,2.0656586E-2,-2.2107603E-3,-5.536398E-4,5.9719087E-4,2.501297E-3],"categories":[],"categories_nodes":[],"categories_segments":[],"categories_sizes":[],"default_left":[0,0,0,0,0,0,0,0,0,0,0,0,0,0,0],"id":83,"left_children":[1,3,5,7,9,-1,-1,-1,-1,11,13,-1,-1,-1,-1],"loss_changes":[2.3013112E-1,1.0052483E-1,3.2656938E-3,4.7254562E-3,2.2047667E-3,0E0,0E0,0E0,0E0,1.445454E-4,4.254107E-5,0E0,0E0,0E0,0E0],"parents":[2147483647,0,0,1,1,2,2,3,3,4,4,9,9,10,10],"right_children":[2,4,6,8,10,-1,-1,-1,-1,12,14,-1,-1,-1,-1],"split_conditions":[9.086361E-1,2.0221446E-1,1E0,1.0130128E-1,7.02583E-1,7.1613314E-3,2.8564835E-2,-2.7938327E-2,-6.759119E-3,3.0435717E-1,8.085024E-1,-2.2107603E-3,-5.536398E-4,5.9719087E-4,2.501297E-3],"split_indices":[0,0,0,0,0,0,0,0,0,0,0,0,0,0,0],"split_type":[0,0,0,0,0,0,0,0,0,0,0,0,0,0,0],"sum_hessian":[9E0,7E0,2E0,2E0,5E0,1E0,1E0,1E0,1E0,3E0,2E0,1E0,2E0,1E0,1E0],"tree_param":{"num_deleted":"0","num_feature":"2","num_nodes":"15","size_leaf_vector":"1"}},{"base_weights":[2.0903826E-3,-8.223638E-2,2.2626495E-1,-2.1975064E-1,2.2681554E-4,6.803131E-3,2.7136613E-2,-2.6541412E-2,-6.4211846E-3,-1.4376879E-2,1.9622803E-2,-2.1002293E-3,-5.167643E-4,5.672455E-4,2.376175E-3],"categories":[],"categories_nodes":[],"categories_segments":[],"categories_sizes":[],"default_left":[0,0,0,0,0,0,0,0,0,0,0,0,0,0,0],"id":84,"left_children":[1,3,5,7,9,-1,-1,-1,-1,11,13,-1,-1,-1,-1],"loss_changes":[2.0764637E-1,9.076878E-2,2.948165E-3,4.264578E-3,1.981633E-3,0E0,0E0,0E0,0E0,1.3552757E-4,3.8431725E-5,0E0,0E0,0E0,0E0],"parents":[2147483647,0,0,1,1,2,2,3,3,4,4,9,9,10,10],"right_children":[2,4,6,8,10,-1,-1,-1,-1,12,14,-1,-1,-1,-1],"split_conditions":[9.086361E-1,2.0221446E-1,1E0,1.0130128E-1,7.02583E-1,6.803131E-3,2.7136613E-2,-2.6541412E-2,-6.4211846E-3,3.0435717E-1,8.085024E-1,-2.1002293E-3,-5.167643E-4,5.672455E-4,2.376175E-3],"split_indices":[0,0,0,0,0,0,0,0,0,0,0,0,0,0,0],"split_type":[0,0,0,0,0,0,0,0,0,0,0,0,0,0,0],"sum_hessian":[9E0,7E0,2E0,2E0,5E0,1E0,1E0,1E0,1E0,3E0,2E0,1E0,2E0,1E0,1E0],"tree_param":{"num_deleted":"0","num_feature":"2","num_nodes":"15","size_leaf_vector":"1"}},{"base_weights":[2.0113885E-3,-7.8092225E-2,2.1495056E-1,-2.0876314E-1,2.5860468E-4,6.4628604E-3,2.5779724E-2,-2.5214342E-2,-6.1001303E-3,-1.3593912E-2,1.8642426E-2,-1.9952299E-3,-4.823685E-4,5.38826E-4,2.2575378E-3],"categories":[],"categories_nodes":[],"categories_segments":[],"categories_sizes":[],"default_left":[0,0,0,0,0,0,0,0,0,0,0,0,0,0,0],"id":85,"left_children":[1,3,5,7,9,-1,-1,-1,-1,11,13,-1,-1,-1,-1],"loss_changes":[1.8735793E-1,8.195938E-2,2.6613176E-3,3.8487762E-3,1.7813967E-3,0E0,0E0,0E0,0E0,1.268143E-4,3.474194E-5,0E0,0E0,0E0,0E0],"parents":[2147483647,0,0,1,1,2,2,3,3,4,4,9,9,10,10],"right_children":[2,4,6,8,10,-1,-1,-1,-1,12,14,-1,-1,-1,-1],"split_conditions":[9.086361E-1,2.0221446E-1,1E0,1.0130128E-1,7.02583E-1,6.4628604E-3,2.5779724E-2,-2.5214342E-2,-6.1001303E-3,3.0435717E-1,8.085024E-1,-1.9952299E-3,-4.823685E-4,5.38826E-4,2.2575378E-3],"split_indices":[0,0,0,0,0,0,0,0,0,0,0,0,0,0,0],"split_type":[0,0,0,0,0,0,0,0,0,0,0,0,0,0,0],"sum_hessian":[9E0,7E0,2E0,2E0,5E0,1E0,1E0,1E0,1E0,3E0,2E0,1E0,2E0,1E0,1E0],"tree_param":{"num_deleted":"0","num_feature":"2","num_nodes":"15","size_leaf_vector":"1"}},{"base_weights":[1.9348233E-3,-7.41577E-2,2.042033E-1,-1.9832513E-1,2.8562546E-4,6.1397552E-3,2.4490738E-2,-2.3953624E-2,-5.795145E-3,-1.2854338E-2,1.7710367E-2,-1.8954754E-3,-4.5026146E-4,5.1193236E-4,2.1446228E-3],"categories":[],"categories_nodes":[],"categories_segments":[],"categories_sizes":[],"default_left":[0,0,0,0,0,0,0,0,0,0,0,0,0,0,0],"id":86,"left_children":[1,3,5,7,9,-1,-1,-1,-1,11,13,-1,-1,-1,-1],"loss_changes":[1.6905443E-1,7.400414E-2,2.4016201E-3,3.4733936E-3,1.6014179E-3,0E0,0E0,0E0,0E0,1.1844997E-4,3.1324977E-5,0E0,0E0,0E0,0E0],"parents":[2147483647,0,0,1,1,2,2,3,3,4,4,9,9,10,10],"right_children":[2,4,6,8,10,-1,-1,-1,-1,12,14,-1,-1,-1,-1],"split_conditions":[9.086361E-1,2.0221446E-1,1E0,1.0130128E-1,7.02583E-1,6.1397552E-3,2.4490738E-2,-2.3953624E-2,-5.795145E-3,3.0435717E-1,8.085024E-1,-1.8954754E-3,-4.5026146E-4,5.1193236E-4,2.1446228E-3],"split_indices":[0,0,0,0,0,0,0,0,0,0,0,0,0,0,0],"split_type":[0,0,0,0,0,0,0,0,0,0,0,0,0,0,0],"sum_hessian":[9E0,7E0,2E0,2E0,5E0,1E0,1E0,1E0,1E0,3E0,2E0,1E0,2E0,1E0,1E0],"tree_param":{"num_deleted":"0","num_feature":"2","num_nodes":"15","size_leaf_vector":"1"}},{"base_weights":[1.8606454E-3,-7.042143E-2,1.9399261E-1,-1.8840876E-1,3.091494E-4,5.832672E-3,2.326622E-2,-2.2755943E-2,-5.5053714E-3,-1.2155294E-2,1.6825357E-2,-1.8006802E-3,-4.2025247E-4,4.863739E-4,2.03743E-3],"categories":[],"categories_nodes":[],"categories_segments":[],"categories_sizes":[],"default_left":[0,0,0,0,0,0,0,0,0,0,0,0,0,0,0],"id":87,"left_children":[1,3,5,7,9,-1,-1,-1,-1,11,13,-1,-1,-1,-1],"loss_changes":[1.525382E-1,6.682074E-2,2.1680146E-3,3.1348243E-3,1.4397092E-3,0E0,0E0,0E0,0E0,1.1046871E-4,2.8257899E-5,0E0,0E0,0E0,0E0],"parents":[2147483647,0,0,1,1,2,2,3,3,4,4,9,9,10,10],"right_children":[2,4,6,8,10,-1,-1,-1,-1,12,14,-1,-1,-1,-1],"split_conditions":[9.086361E-1,2.0221446E-1,1E0,1.0130128E-1,7.02583E-1,5.832672E-3,2.326622E-2,-2.2755943E-2,-5.5053714E-3,3.0435717E-1,8.085024E-1,-1.8006802E-3,-4.2025247E-4,4.863739E-4,2.03743E-3],"split_indices":[0,0,0,0,0,0,0,0,0,0,0,0,0,0,0],"split_type":[0,0,0,0,0,0,0,0,0,0,0,0,0,0,0],"sum_hessian":[9E0,7E0,2E0,2E0,5E0,1E0,1E0,1E0,1E0,3E0,2E0,1E0,2E0,1E0,1E0],"tree_param":{"num_deleted":"0","num_feature":"2","num_nodes":"15","size_leaf_vector":"1"}},{"base_weights":[1.7883896E-3,-6.687443E-2,1.842931E-1,-1.7898826E-1,3.282229E-4,5.541229E-3,2.2102738E-2,-2.1618146E-2,-5.230093E-3,-1.1495352E-2,1.5983582E-2,-1.7106533E-3,-3.9227805E-4,4.6195983E-4,1.9355774E-3],"categories":[],"categories_nodes":[],"categories_segments":[],"categories_sizes":[],"default_left":[0,0,0,0,0,0,0,0,0,0,0,0,0,0,0],"id":88,"left_children":[1,3,5,7,9,-1,-1,-1,-1,11,13,-1,-1,-1,-1],"loss_changes":[1.3763739E-1,6.033353E-2,1.95539E-3,2.8292239E-3,1.2943507E-3,0E0,0E0,0E0,0E0,1.0285911E-4,2.5548681E-5,0E0,0E0,0E0,0E0],"parents":[2147483647,0,0,1,1,2,2,3,3,4,4,9,9,10,10],"right_children":[2,4,6,8,10,-1,-1,-1,-1,12,14,-1,-1,-1,-1],"split_conditions":[9.086361E-1,2.0221446E-1,1E0,1.0130128E-1,7.02583E-1,5.541229E-3,2.2102738E-2,-2.1618146E-2,-5.230093E-3,3.0435717E-1,8.085024E-1,-1.7106533E-3,-3.9227805E-4,4.6195983E-4,1.9355774E-3],"split_indices":[0,0,0,0,0,0,0,0,0,0,0,0,0,0,0],"split_type":[0,0,0,0,0,0,0,0,0,0,0,0,0,0,0],"sum_hessian":[9E0,7E0,2E0,2E0,5E0,1E0,1E0,1E0,1E0,3E0,2E0,1E0,2E0,1E0,1E0],"tree_param":{"num_deleted":"0","num_feature":"2","num_nodes":"15","size_leaf_vector":"1"}},{"base_weights":[1.7187983E-3,-6.350626E-2,1.7507935E-1,-1.700389E-1,3.4443536E-4,5.264282E-3,2.099762E-2,-2.0537239E-2,-4.9685957E-3,-1.0871172E-2,1.5183766E-2,-1.6251088E-3,-3.6608378E-4,4.3888093E-4,1.8386841E-3],"categories":[],"categories_nodes":[],"categories_segments":[],"categories_sizes":[],"default_left":[0,0,0,0,0,0,0,0,0,0,0,0,0,0,0],"id":89,"left_children":[1,3,5,7,9,-1,-1,-1,-1,11,13,-1,-1,-1,-1],"loss_changes":[1.24193154E-1,5.4476026E-2,1.7642006E-3,2.5533512E-3,1.1636581E-3,0E0,0E0,0E0,0E0,9.567136E-5,2.303475E-5,0E0,0E0,0E0,0E0],"parents":[2147483647,0,0,1,1,2,2,3,3,4,4,9,9,10,10],"right_children":[2,4,6,8,10,-1,-1,-1,-1,12,14,-1,-1,-1,-1],"split_conditions":[9.086361E-1,2.0221446E-1,1E0,1.0130128E-1,7.02583E-1,5.264282E-3,2.099762E-2,-2.0537239E-2,-4.9685957E-3,3.0435717E-1,8.085024E-1,-1.6251088E-3,-3.6608378E-4,4.3888093E-4,1.8386841E-3],"split_indices":[0,0,0,0,0,0,0,0,0,0,0,0,0,0,0],"split_type":[0,0,0,0,0,0,0,0,0,0,0,0,0,0,0],"sum_hessian":[9E0,7E0,2E0,2E0,5E0,1E0,1E0,1E0,1E0,3E0,2E0,1E0,2E0,1E0,1E0],"tree_param":{"num_deleted":"0","num_feature":"2","num_nodes":"15","size_leaf_vector":"1"}},{"base_weights":[1.6513586E-3,-6.030801E-2,1.6632588E-1,-1.6153693E-1,3.577868E-4,5.001068E-3,1.9947816E-2,-1.9510377E-2,-4.7201635E-3,-1.0281801E-2,1.4424642E-2,-1.5438556E-3,-3.4166974E-4,4.1694642E-4,1.7467499E-3],"categories":[],"categories_nodes":[],"categories_segments":[],"categories_sizes":[],"default_left":[0,0,0,0,0,0,0,0,0,0,0,0,0,0,0],"id":90,"left_children":[1,3,5,7,9,-1,-1,-1,-1,11,13,-1,-1,-1,-1],"loss_changes":[1.1206208E-1,4.9186863E-2,1.5922934E-3,2.304405E-3,1.0463045E-3,0E0,0E0,0E0,0E0,8.885781E-5,2.0784966E-5,0E0,0E0,0E0,0E0],"parents":[2147483647,0,0,1,1,2,2,3,3,4,4,9,9,10,10],"right_children":[2,4,6,8,10,-1,-1,-1,-1,12,14,-1,-1,-1,-1],"split_conditions":[9.086361E-1,2.0221446E-1,1E0,1.0130128E-1,7.02583E-1,5.001068E-3,1.9947816E-2,-1.9510377E-2,-4.7201635E-3,3.0435717E-1,8.085024E-1,-1.5438556E-3,-3.4166974E-4,4.1694642E-4,1.7467499E-3],"split_indices":[0,0,0,0,0,0,0,0,0,0,0,0,0,0,0],"split_type":[0,0,0,0,0,0,0,0,0,0,0,0,0,0,0],"sum_hessian":[9E0,7E0,2E0,2E0,5E0,1E0,1E0,1E0,1E0,3E0,2E0,1E0,2E0,1E0,1E0],"tree_param":{"num_deleted":"0","num_feature":"2","num_nodes":"15","size_leaf_vector":"1"}},{"base_weights":[1.5853762E-3,-5.727102E-2,1.5800731E-1,-1.5346022E-1,3.6875406E-4,4.750824E-3,1.8950272E-2,-1.8534858E-2,-4.4841766E-3,-9.724617E-3,1.3703664E-2,-1.4666558E-3,-3.188451E-3,3.961563E-4,1.6593933E-3,-3.8862228E-4,-8.9645386E-5],"categories":[],"categories_nodes":[],"categories_segments":[],"categories_sizes":[],"default_left":[0,0,0,0,0,0,0,0,0,0,0,0,0,0,0,0,0],"id":91,"left_children":[1,3,5,7,9,-1,-1,-1,-1,11,13,-1,15,-1,-1,-1,-1],"loss_changes":[1.0111355E-1,4.4411186E-2,1.4377087E-3,2.0796284E-3,9.4082806E-4,0E0,0E0,0E0,0E0,8.244178E-5,1.8733961E-5,0E0,1.3140525E-6,0E0,0E0,0E0,0E0],"parents":[2147483647,0,0,1,1,2,2,3,3,4,4,9,9,10,10,12,12],"right_children":[2,4,6,8,10,-1,-1,-1,-1,12,14,-1,16,-1,-1,-1,-1],"split_conditions":[9.086361E-1,2.0221446E-1,1E0,1.0130128E-1,7.02583E-1,4.750824E-3,1.8950272E-2,-1.8534858E-2,-4.4841766E-3,3.0435717E-1,8.085024E-1,-1.4666558E-3,5.030689E-1,3.961563E-4,1.6593933E-3,-3.8862228E-4,-8.9645386E-5],"split_indices":[0,0,0,0,0,0,0,0,0,0,0,0,0,0,0,0,0],"split_type":[0,0,0,0,0,0,0,0,0,0,0,0,0,0,0,0,0],"sum_hessian":[9E0,7E0,2E0,2E0,5E0,1E0,1E0,1E0,1E0,3E0,2E0,1E0,2E0,1E0,1E0,1E0,1E0],"tree_param":{"num_deleted":"0","num_feature":"2","num_nodes":"17","size_leaf_vector":"1"}},{"base_weights":[1.5055746E-3,-5.4407705E-2,1.5010579E-1,-1.4578721E-1,3.4999847E-4,4.5131682E-3,1.8002702E-2,-1.7608114E-2,-4.2599677E-3,-9.237766E-3,1.3017018E-2,-1.3933182E-3,-3.0282338E-3,3.763199E-4,1.576233E-3,-3.6916733E-4,-8.506775E-5],"categories":[],"categories_nodes":[],"categories_segments":[],"categories_sizes":[],"default_left":[0,0,0,0,0,0,0,0,0,0,0,0,0,0,0,0,0],"id":92,"left_children":[1,3,5,7,9,-1,-1,-1,-1,11,13,-1,15,-1,-1,-1,-1],"loss_changes":[9.1254175E-2,4.0080883E-2,1.2979358E-3,1.8768683E-3,8.4893865E-4,0E0,0E0,0E0,0E0,7.4432406E-5,1.6897044E-5,0E0,1.1936081E-6,0E0,0E0,0E0,0E0],"parents":[2147483647,0,0,1,1,2,2,3,3,4,4,9,9,10,10,12,12],"right_children":[2,4,6,8,10,-1,-1,-1,-1,12,14,-1,16,-1,-1,-1,-1],"split_conditions":[9.086361E-1,2.0221446E-1,1E0,1.0130128E-1,7.02583E-1,4.5131682E-3,1.8002702E-2,-1.7608114E-2,-4.2599677E-3,3.0435717E-1,8.085024E-1,-1.3933182E-3,5.030689E-1,3.763199E-4,1.576233E-3,-3.6916733E-4,-8.506775E-5],"split_indices":[0,0,0,0,0,0,0,0,0,0,0,0,0,0,0,0,0],"split_type":[0,0,0,0,0,0,0,0,0,0,0,0,0,0,0,0,0],"sum_hessian":[9E0,7E0,2E0,2E0,5E0,1E0,1E0,1E0,1E0,3E0,2E0,1E0,2E0,1E0,1E0,1E0,1E0],"tree_param":{"num_deleted":"0","num_feature":"2","num_nodes":"17","size_leaf_vector":"1"}},{"base_weights":[1.429227E-3,-5.1687893E-2,1.4259847E-1,-1.3849781E-1,3.3171973E-4,4.2873383E-3,1.7102433E-2,-1.6727708E-2,-4.046965E-3,-8.7759495E-3,1.2364705E-2,-1.3236523E-3,-2.8769176E-3,3.5743715E-4,1.4972687E-3,-3.5066606E-4,-8.0871585E-5],"categories":[],"categories_nodes":[],"categories_segments":[],"categories_sizes":[],"default_left":[0,0,0,0,0,0,0,0,0,0,0,0,0,0,0,0,0],"id":93,"left_children":[1,3,5,7,9,-1,-1,-1,-1,11,13,-1,15,-1,-1,-1,-1],"loss_changes":[8.235565E-2,3.6172487E-2,1.1719242E-3,1.6938932E-3,7.660668E-4,0E0,0E0,0E0,0E0,6.717187E-5,1.525713E-5,0E0,1.0714157E-6,0E0,0E0,0E0,0E0],"parents":[2147483647,0,0,1,1,2,2,3,3,4,4,9,9,10,10,12,12],"right_children":[2,4,6,8,10,-1,-1,-1,-1,12,14,-1,16,-1,-1,-1,-1],"split_conditions":[9.086361E-1,2.0221446E-1,1E0,1.0130128E-1,7.02583E-1,4.2873383E-3,1.7102433E-2,-1.6727708E-2,-4.046965E-3,3.0435717E-1,8.085024E-1,-1.3236523E-3,5.030689E-1,3.5743715E-4,1.4972687E-3,-3.5066606E-4,-8.0871585E-5],"split_indices":[0,0,0,0,0,0,0,0,0,0,0,0,0,0,0,0,0],"split_type":[0,0,0,0,0,0,0,0,0,0,0,0,0,0,0,0,0],"sum_hessian":[9E0,7E0,2E0,2E0,5E0,1E0,1E0,1E0,1E0,3E0,2E0,1E0,2E0,1E0,1E0,1E0,1E0],"tree_param":{"num_deleted":"0","num_feature":"2","num_nodes":"17","size_leaf_vector":"1"}},{"base_weights":[1.3575375E-3,-4.91034E-2,1.3546753E-1,-1.3157278E-1,3.1518936E-4,4.0729525E-3,1.6247177E-2,-1.5891323E-2,-3.844595E-3,-8.337259E-3,1.1746724E-2,-1.2574673E-3,-2.7332306E-4,3.3950806E-4,1.4225006E-3],"categories":[],"categories_nodes":[],"categories_segments":[],"categories_sizes":[],"default_left":[0,0,0,0,0,0,0,0,0,0,0,0,0,0,0],"id":94,"left_children":[1,3,5,7,9,-1,-1,-1,-1,11,13,-1,-1,-1,-1],"loss_changes":[7.432508E-2,3.2645635E-2,1.0575876E-3,1.5288144E-3,6.9140014E-4,0E0,0E0,0E0,0E0,6.0616847E-5,1.3798155E-5,0E0,0E0,0E0,0E0],"parents":[2147483647,0,0,1,1,2,2,3,3,4,4,9,9,10,10],"right_children":[2,4,6,8,10,-1,-1,-1,-1,12,14,-1,-1,-1,-1],"split_conditions":[9.086361E-1,2.0221446E-1,1E0,1.0130128E-1,7.02583E-1,4.0729525E-3,1.6247177E-2,-1.5891323E-2,-3.844595E-3,3.0435717E-1,8.085024E-1,-1.2574673E-3,-2.7332306E-4,3.3950806E-4,1.4225006E-3],"split_indices":[0,0,0,0,0,0,0,0,0,0,0,0,0,0,0],"split_type":[0,0,0,0,0,0,0,0,0,0,0,0,0,0,0],"sum_hessian":[9E0,7E0,2E0,2E0,5E0,1E0,1E0,1E0,1E0,3E0,2E0,1E0,2E0,1E0,1E0],"tree_param":{"num_deleted":"0","num_feature":"2","num_nodes":"15","size_leaf_vector":"1"}},{"base_weights":[1.3032972E-3,-4.6630614E-2,1.2869263E-1,-1.24994256E-1,3.229777E-4,3.8692474E-3,1.5434647E-2,-1.5096757E-2,-3.652382E-3,-7.885933E-3,1.1160533E-2,-1.0093689E-3,-6.3133244E-5,3.2253267E-4,1.3515473E-3],"categories":[],"categories_nodes":[],"categories_segments":[],"categories_sizes":[],"default_left":[0,0,0,0,0,0,0,0,0,0,0,0,0,0,0],"id":95,"left_children":[1,3,5,7,9,-1,-1,-1,-1,11,13,-1,-1,-1,-1],"loss_changes":[6.7063704E-2,2.9476006E-2,9.544976E-4,1.3796985E-3,6.217983E-4,0E0,0E0,0E0,0E0,5.7693076E-5,1.2468983E-5,0E0,0E0,0E0,0E0],"parents":[2147483647,0,0,1,1,2,2,3,3,4,4,9,9,10,10],"right_children":[2,4,6,8,10,-1,-1,-1,-1,12,14,-1,-1,-1,-1],"split_conditions":[9.086361E-1,2.0221446E-1,1E0,1.0130128E-1,7.02583E-1,3.8692474E-3,1.5434647E-2,-1.5096757E-2,-3.652382E-3,5.030689E-1,8.085024E-1,-1.0093689E-3,-6.3133244E-5,3.2253267E-4,1.3515473E-3],"split_indices":[0,0,0,0,0,0,0,0,0,0,0,0,0,0,0],"split_type":[0,0,0,0,0,0,0,0,0,0,0,0,0,0,0],"sum_hessian":[9E0,7E0,2E0,2E0,5E0,1E0,1E0,1E0,1E0,3E0,2E0,2E0,1E0,1E0,1E0],"tree_param":{"num_deleted":"0","num_feature":"2","num_nodes":"15","size_leaf_vector":"1"}},{"base_weights":[1.2888104E-3,-4.4235926E-2,1.2225851E-1,-1.18744485E-1,3.9100647E-4,3.6758424E-3,1.4662934E-2,-1.434192E-2,-3.4697533E-3,-7.3652267E-3,1.0602315E-2,-1.1441231E-3,-2.1928152E-4,3.063202E-4,1.2840271E-3],"categories":[],"categories_nodes":[],"categories_segments":[],"categories_sizes":[],"default_left":[0,0,0,0,0,0,0,0,0,0,0,0,0,0,0],"id":96,"left_children":[1,3,5,7,9,-1,-1,-1,-1,11,13,-1,-1,-1,-1],"loss_changes":[6.047935E-2,2.6647136E-2,8.6126104E-4,1.2452081E-3,5.5329624E-4,0E0,0E0,0E0,0E0,5.9242593E-5,1.1284283E-5,0E0,0E0,0E0,0E0],"parents":[2147483647,0,0,1,1,2,2,3,3,4,4,9,9,10,10],"right_children":[2,4,6,8,10,-1,-1,-1,-1,12,14,-1,-1,-1,-1],"split_conditions":[9.086361E-1,2.0221446E-1,1E0,1.0130128E-1,7.02583E-1,3.6758424E-3,1.4662934E-2,-1.434192E-2,-3.4697533E-3,3.0435717E-1,8.085024E-1,-1.1441231E-3,-2.1928152E-4,3.063202E-4,1.2840271E-3],"split_indices":[0,0,0,0,0,0,0,0,0,0,0,0,0,0,0],"split_type":[0,0,0,0,0,0,0,0,0,0,0,0,0,0,0],"sum_hessian":[9E0,7E0,2E0,2E0,5E0,1E0,1E0,1E0,1E0,3E0,2E0,1E0,2E0,1E0,1E0],"tree_param":{"num_deleted":"0","num_feature":"2","num_nodes":"15","size_leaf_vector":"1"}},{"base_weights":[1.2352705E-3,-4.2010218E-2,1.1614481E-1,-1.12807356E-1,3.900528E-4,3.491974E-3,1.3929749E-2,-1.3624824E-2,-3.29628E-3,-6.9699287E-3,1.0073344E-2,-1.0869027E-3,-2.047221E-3,2.910614E-4,1.2199403E-3,-2.5806428E-4,-4.901886E-5],"categories":[],"categories_nodes":[],"categories_segments":[],"categories_sizes":[],"default_left":[0,0,0,0,0,0,0,0,0,0,0,0,0,0,0,0,0],"id":97,"left_children":[1,3,5,7,9,-1,-1,-1,-1,11,13,-1,15,-1,-1,-1,-1],"loss_changes":[5.4572463E-2,2.4058541E-2,7.775016E-4,1.1237562E-3,4.978235E-4,0E0,0E0,0E0,0E0,5.4525168E-5,1.0177377E-5,0E0,1.2266637E-6,0E0,0E0,0E0,0E0],"parents":[2147483647,0,0,1,1,2,2,3,3,4,4,9,9,10,10,12,12],"right_children":[2,4,6,8,10,-1,-1,-1,-1,12,14,-1,16,-1,-1,-1,-1],"split_conditions":[9.086361E-1,2.0221446E-1,1E0,1.0130128E-1,7.02583E-1,3.491974E-3,1.3929749E-2,-1.3624824E-2,-3.29628E-3,3.0435717E-1,8.085024E-1,-1.0869027E-3,5.030689E-1,2.910614E-4,1.2199403E-3,-2.5806428E-4,-4.901886E-5],"split_indices":[0,0,0,0,0,0,0,0,0,0,0,0,0,0,0,0,0],"split_type":[0,0,0,0,0,0,0,0,0,0,0,0,0,0,0,0,0],"sum_hessian":[9E0,7E0,2E0,2E0,5E0,1E0,1E0,1E0,1E0,3E0,2E0,1E0,2E0,1E0,1E0,1E0,1E0],"tree_param":{"num_deleted":"0","num_feature":"2","num_nodes":"17","size_leaf_vector":"1"}},{"base_weights":[1.1731535E-3,-3.9909672E-2,1.103363E-1,-1.0716712E-1,3.706614E-4,3.3172609E-3,1.3233185E-2,-1.2943583E-2,-3.131485E-3,-6.621361E-3,9.569804E-3,-1.0325433E-3,-1.9448599E-3,2.7656555E-4,1.1589051E-3,-2.4518967E-4,-4.6539306E-5],"categories":[],"categories_nodes":[],"categories_segments":[],"categories_sizes":[],"default_left":[0,0,0,0,0,0,0,0,0,0,0,0,0,0,0,0,0],"id":98,"left_children":[1,3,5,7,9,-1,-1,-1,-1,11,13,-1,15,-1,-1,-1,-1],"loss_changes":[4.9250793E-2,2.171294E-2,7.019788E-4,1.014132E-3,4.4928878E-4,0E0,0E0,0E0,0E0,4.920685E-5,9.166426E-6,0E0,1.1093371E-6,0E0,0E0,0E0,0E0],"parents":[2147483647,0,0,1,1,2,2,3,3,4,4,9,9,10,10,12,12],"right_children":[2,4,6,8,10,-1,-1,-1,-1,12,14,-1,16,-1,-1,-1,-1],"split_conditions":[9.086361E-1,2.0221446E-1,1E0,1.0130128E-1,7.02583E-1,3.3172609E-3,1.3233185E-2,-1.2943583E-2,-3.131485E-3,3.0435717E-1,8.085024E-1,-1.0325433E-3,5.030689E-1,2.7656555E-4,1.1589051E-3,-2.4518967E-4,-4.6539306E-5],"split_indices":[0,0,0,0,0,0,0,0,0,0,0,0,0,0,0,0,0],"split_type":[0,0,0,0,0,0,0,0,0,0,0,0,0,0,0,0,0],"sum_hessian":[9E0,7E0,2E0,2E0,5E0,1E0,1E0,1E0,1E0,3E0,2E0,1E0,2E0,1E0,1E0,1E0,1E0],"tree_param":{"num_deleted":"0","num_feature":"2","num_nodes":"17","size_leaf_vector":"1"}},{"base_weights":[1.1149154E-3,-3.791395E-2,1.0482025E-1,-1.0180863E-1,3.5238266E-4,3.1513216E-3,1.2571717E-2,-1.2296404E-2,-2.9748918E-3,-6.2901974E-3,9.091695E-3,-9.809018E-4,-1.8475851E-4,2.6283265E-4,1.1009217E-3],"categories":[],"categories_nodes":[],"categories_segments":[],"categories_sizes":[],"default_left":[0,0,0,0,0,0,0,0,0,0,0,0,0,0,0],"id":99,"left_children":[1,3,5,7,9,-1,-1,-1,-1,11,13,-1,-1,-1,-1],"loss_changes":[4.4449165E-2,1.9595996E-2,6.3391775E-4,9.153094E-4,4.0549808E-4,0E0,0E0,0E0,0E0,4.4408007E-5,8.245115E-6,0E0,0E0,0E0,0E0],"parents":[2147483647,0,0,1,1,2,2,3,3,4,4,9,9,10,10],"right_children":[2,4,6,8,10,-1,-1,-1,-1,12,14,-1,-1,-1,-1],"split_conditions":[9.086361E-1,2.0221446E-1,1E0,1.0130128E-1,7.02583E-1,3.1513216E-3,1.2571717E-2,-1.2296404E-2,-2.9748918E-3,3.0435717E-1,8.085024E-1,-9.809018E-4,-1.8475851E-4,2.6283265E-4,1.1009217E-3],"split_indices":[0,0,0,0,0,0,0,0,0,0,0,0,0,0,0],"split_type":[0,0,0,0,0,0,0,0,0,0,0,0,0,0,0],"sum_hessian":[9E0,7E0,2E0,2E0,5E0,1E0,1E0,1E0,1E0,3E0,2E0,1E0,2E0,1E0,1E0],"tree_param":{"num_deleted":"0","num_feature":"2","num_nodes":"15","size_leaf_vector":"1"}}]},"name":"gbtree"},"learner_model_param":{"base_score":"4.0666668E1","boost_from_average":"1","num_class":"0","num_feature":"2","num_target":"1"},"objective":{"name":"reg:squarederror","reg_loss_param":{"scale_pos_weight":"1"}}},"version":[2,0,1]}