{"model_name": "LogarithmicRegressionTrainer_0", "trainer": "LogarithmicRegressionTrainer", "model_class": "curvefit", "model_file": "LogarithmicRegressionTrainer_0.json", "features": ["bpf_block_irq", "bpf_cpu_time_ms", "bpf_net_rx_irq", "bpf_net_tx_irq", "bpf_page_cache_hit"], "fe_files": [], "output_type": "AbsPower", "mae": 7.39, "mape": -1, "node_type": 0, "machine_spec": {"processor": "11th_gen_intel_core", "cores": 8, "chips": 1, "memory": 31, "frequency": 4800}, "package_mae": 7.39, "core_mae": 5.57, "uncore_mae": 1.28, "dram_mae": 0.0, "package_mape": 41.0, "core_mape": 53.89, "uncore_mape": 10926.81, "dram_mape": -1}