{"learner":{"attributes":{"scikit_learn":"{\"_estimator_type\": \"regressor\"}"},"feature_names":[],"feature_types":[],"gradient_booster":{"model":{"gbtree_model_param":{"num_parallel_tree":"1","num_trees":"100"},"iteration_indptr":[0,1,2,3,4,5,6,7,8,9,10,11,12,13,14,15,16,17,18,19,20,21,22,23,24,25,26,27,28,29,30,31,32,33,34,35,36,37,38,39,40,41,42,43,44,45,46,47,48,49,50,51,52,53,54,55,56,57,58,59,60,61,62,63,64,65,66,67,68,69,70,71,72,73,74,75,76,77,78,79,80,81,82,83,84,85,86,87,88,89,90,91,92,93,94,95,96,97,98,99,100],"tree_info":[0,0,0,0,0,0,0,0,0,0,0,0,0,0,0,0,0,0,0,0,0,0,0,0,0,0,0,0,0,0,0,0,0,0,0,0,0,0,0,0,0,0,0,0,0,0,0,0,0,0,0,0,0,0,0,0,0,0,0,0,0,0,0,0,0,0,0,0,0,0,0,0,0,0,0,0,0,0,0,0,0,0,0,0,0,0,0,0,0,0,0,0,0,0,0,0,0,0,0,0],"trees":[{"base_weights":[9.155274E-6,-1.6388889E2,1.9666667E2,-1.8693333E1,-2.433333E0,4.3666673E0,2.24E1],"categories":[],"categories_nodes":[],"categories_segments":[],"categories_sizes":[],"default_left":[0,0,0,0,0,0,0],"id":0,"left_children":[1,3,5,-1,-1,-1,-1],"loss_changes":[3.545463E5,1.4747172E4,1.1128672E4,0E0,0E0,0E0,0E0],"parents":[2147483647,0,0,1,1,2,2],"right_children":[2,4,6,-1,-1,-1,-1],"split_conditions":[7.254539E-1,5.1470774E-1,8.2769614E-1,-1.8693333E1,-2.433333E0,4.3666673E0,2.24E1],"split_indices":[0,0,0,0,0,0,0],"split_type":[0,0,0,0,0,0,0],"sum_hessian":[9E0,5E0,4E0,4E0,1E0,1E0,3E0],"tree_param":{"num_deleted":"0","num_feature":"2","num_nodes":"7","size_leaf_vector":"1"}},{"base_weights":[5.640076E-1,-1.510211E2,1.8235335E2,-1.8923E1,-4.9735556E0,4.148334E0,2.0720001E1],"categories":[],"categories_nodes":[],"categories_segments":[],"categories_sizes":[],"default_left":[0,0,0,0,0,0,0],"id":1,"left_children":[1,3,5,-1,-1,-1,-1],"loss_changes":[3.0310478E5,1.3808594E4,8.905391E3,0E0,0E0,0E0,0E0],"parents":[2147483647,0,0,1,1,2,2],"right_children":[2,4,6,-1,-1,-1,-1],"split_conditions":[7.254539E-1,3.1043947E-1,8.2769614E-1,-1.8923E1,-4.9735556E0,4.148334E0,2.0720001E1],"split_indices":[0,0,0,0,0,0,0],"split_type":[0,0,0,0,0,0,0],"sum_hessian":[9E0,5E0,4E0,3E0,2E0,1E0,3E0],"tree_param":{"num_deleted":"0","num_feature":"2","num_nodes":"7","size_leaf_vector":"1"}},{"base_weights":[6.047821E-1,-1.3990176E2,1.6909167E2,-1.7503775E1,-4.6419864E0,3.9409165E0,1.9166E1],"categories":[],"categories_nodes":[],"categories_segments":[],"categories_sizes":[],"default_left":[0,0,0,0,0,0,0],"id":2,"left_children":[1,3,5,-1,-1,-1,-1],"loss_changes":[2.6039131E5,1.1582242E4,7.0804375E3,0E0,0E0,0E0,0E0],"parents":[2147483647,0,0,1,1,2,2],"right_children":[2,4,6,-1,-1,-1,-1],"split_conditions":[7.254539E-1,3.1043947E-1,8.2769614E-1,-1.7503775E1,-4.6419864E0,3.9409165E0,1.9166E1],"split_indices":[0,0,0,0,0,0,0],"split_type":[0,0,0,0,0,0,0],"sum_hessian":[9E0,5E0,4E0,3E0,2E0,1E0,3E0],"tree_param":{"num_deleted":"0","num_feature":"2","num_nodes":"7","size_leaf_vector":"1"}},{"base_weights":[6.404297E-1,-1.2960254E2,1.568039E2,-1.6190992E1,-4.3325195E0,6.2974925E0,1.9836493E1],"categories":[],"categories_nodes":[],"categories_segments":[],"categories_sizes":[],"default_left":[0,0,0,0,0,0,0],"id":3,"left_children":[1,3,5,-1,-1,-1,-1],"loss_changes":[2.2371412E5,9.709586E3,7.006117E3,0E0,0E0,0E0,0E0],"parents":[2147483647,0,0,1,1,2,2],"right_children":[2,4,6,-1,-1,-1,-1],"split_conditions":[7.254539E-1,3.1043947E-1,9.261218E-1,-1.6190992E1,-4.3325195E0,6.2974925E0,1.9836493E1],"split_indices":[0,0,0,0,0,0,0],"split_type":[0,0,0,0,0,0,0],"sum_hessian":[9E0,5E0,4E0,3E0,2E0,2E0,2E0],"tree_param":{"num_deleted":"0","num_feature":"2","num_nodes":"7","size_leaf_vector":"1"}},{"base_weights":[1.1374328E0,-1.20062874E2,1.4635031E2,-1.376184E1,-1.6142639E0,5.8776603E0,1.851406E1],"categories":[],"categories_nodes":[],"categories_segments":[],"categories_sizes":[],"default_left":[0,0,0,0,0,0,0],"id":4,"left_children":[1,3,5,-1,-1,-1,-1],"loss_changes":[1.9356969E5,8.724727E3,6.1031094E3,0E0,0E0,0E0,0E0],"parents":[2147483647,0,0,1,1,2,2],"right_children":[2,4,6,-1,-1,-1,-1],"split_conditions":[7.254539E-1,5.1470774E-1,9.261218E-1,-1.376184E1,-1.6142639E0,5.8776603E0,1.851406E1],"split_indices":[0,0,0,0,0,0,0],"split_type":[0,0,0,0,0,0,0],"sum_hessian":[9E0,5E0,4E0,4E0,1E0,2E0,2E0],"tree_param":{"num_deleted":"0","num_feature":"2","num_nodes":"7","size_leaf_vector":"1"}},{"base_weights":[1.9252503E0,-1.1061927E2,1.3659363E2,-1.3944529E1,-3.5311482E0,5.4858165E0,1.7279787E1],"categories":[],"categories_nodes":[],"categories_segments":[],"categories_sizes":[],"default_left":[0,0,0,0,0,0,0],"id":5,"left_children":[1,3,5,-1,-1,-1,-1],"loss_changes":[1.6667175E5,8.100922E3,5.3164844E3,0E0,0E0,0E0,0E0],"parents":[2147483647,0,0,1,1,2,2],"right_children":[2,4,6,-1,-1,-1,-1],"split_conditions":[7.254539E-1,3.1043947E-1,9.261218E-1,-1.3944529E1,-3.5311482E0,5.4858165E0,1.7279787E1],"split_indices":[0,0,0,0,0,0,0],"split_type":[0,0,0,0,0,0,0],"sum_hessian":[9E0,5E0,4E0,3E0,2E0,2E0,2E0],"tree_param":{"num_deleted":"0","num_feature":"2","num_nodes":"7","size_leaf_vector":"1"}},{"base_weights":[2.2617188E0,-1.02469955E2,1.2748738E2,-1.4476613E1,-4.5130333E1,5.1200957E0,1.6127802E1,-5.1127157E0,-1.3569931E0],"categories":[],"categories_nodes":[],"categories_segments":[],"categories_sizes":[],"default_left":[0,0,0,0,0,0,0,0,0],"id":6,"left_children":[1,3,5,-1,7,-1,-1,-1,-1],"loss_changes":[1.4421456E5,8.0181367E3,4.63125E3,0E0,6.3256348E1,0E0,0E0,0E0,0E0],"parents":[2147483647,0,0,1,1,2,2,4,4],"right_children":[2,4,6,-1,8,-1,-1,-1,-1],"split_conditions":[7.254539E-1,2.0734416E-1,9.261218E-1,-1.4476613E1,5.1470774E-1,5.1200957E0,1.6127802E1,-5.1127157E0,-1.3569931E0],"split_indices":[0,0,0,0,0,0,0,0,0],"split_type":[0,0,0,0,0,0,0,0,0],"sum_hessian":[9E0,5E0,4E0,2E0,3E0,2E0,2E0,2E0,1E0],"tree_param":{"num_deleted":"0","num_feature":"2","num_nodes":"9","size_leaf_vector":"1"}},{"base_weights":[2.0657105E0,-9.571401E1,1.18988235E2,-1.3511505E1,-4.2234734E1,2.6048188E0,1.3571121E1,-4.771869E0,-1.2891434E0],"categories":[],"categories_nodes":[],"categories_segments":[],"categories_sizes":[],"default_left":[0,0,0,0,0,0,0,0,0],"id":7,"left_children":[1,3,5,-1,7,-1,-1,-1,-1],"loss_changes":[1.25715375E5,6.936285E3,4.236133E3,0E0,2.8507324E1,0E0,0E0,0E0,0E0],"parents":[2147483647,0,0,1,1,2,2,4,4],"right_children":[2,4,6,-1,8,-1,-1,-1,-1],"split_conditions":[7.254539E-1,2.0734416E-1,8.2769614E-1,-1.3511505E1,5.1470774E-1,2.6048188E0,1.3571121E1,-4.771869E0,-1.2891434E0],"split_indices":[0,0,0,0,0,0,0,0,0],"split_type":[0,0,0,0,0,0,0,0,0],"sum_hessian":[9E0,5E0,4E0,2E0,3E0,1E0,3E0,2E0,1E0],"tree_param":{"num_deleted":"0","num_feature":"2","num_nodes":"9","size_leaf_vector":"1"}},{"base_weights":[1.5194855E0,-8.940469E1,1.103246E2,-1.2610739E1,-3.9526505E1,4.239558E0,1.4147876E1,-4.4537435E0,-1.2246857E0],"categories":[],"categories_nodes":[],"categories_segments":[],"categories_sizes":[],"default_left":[0,0,0,0,0,0,0,0,0],"id":8,"left_children":[1,3,5,-1,7,-1,-1,-1,-1],"loss_changes":[1.08793695E5,5.9993945E3,4.583289E3,0E0,1.3422852E0,0E0,0E0,0E0,0E0],"parents":[2147483647,0,0,1,1,2,2,4,4],"right_children":[2,4,6,-1,8,-1,-1,-1,-1],"split_conditions":[7.254539E-1,2.0734416E-1,9.261218E-1,-1.2610739E1,5.1470774E-1,4.239558E0,1.4147876E1,-4.4537435E0,-1.2246857E0],"split_indices":[0,0,0,0,0,0,0,0,0],"split_type":[0,0,0,0,0,0,0,0,0],"sum_hessian":[9E0,5E0,4E0,2E0,3E0,2E0,2E0,2E0,1E0],"tree_param":{"num_deleted":"0","num_feature":"2","num_nodes":"9","size_leaf_vector":"1"}},{"base_weights":[1.3773559E0,-8.351243E1,1.0296962E2,-1.1770022E1,-3.699347E0,3.9569204E0,1.3204683E1],"categories":[],"categories_nodes":[],"categories_segments":[],"categories_sizes":[],"default_left":[0,0,0,0,0,0,0],"id":9,"left_children":[1,3,5,-1,-1,-1,-1],"loss_changes":[9.48407E4,5.1881445E3,3.992543E3,0E0,0E0,0E0,0E0],"parents":[2147483647,0,0,1,1,2,2],"right_children":[2,4,6,-1,-1,-1,-1],"split_conditions":[7.254539E-1,2.0734416E-1,9.261218E-1,-1.1770022E1,-3.699347E0,3.9569204E0,1.3204683E1],"split_indices":[0,0,0,0,0,0,0],"split_type":[0,0,0,0,0,0,0],"sum_hessian":[9E0,5E0,4E0,2E0,3E0,2E0,2E0],"tree_param":{"num_deleted":"0","num_feature":"2","num_nodes":"7","size_leaf_vector":"1"}},{"base_weights":[1.4088379E0,-7.773942E1,9.610497E1,-1.0985354E1,-3.4218964E1,3.6931264E0,1.2324369E1,-3.9102051E0,-9.784851E-1],"categories":[],"categories_nodes":[],"categories_segments":[],"categories_sizes":[],"default_left":[0,0,0,0,0,0,0,0,0],"id":10,"left_children":[1,3,5,-1,7,-1,-1,-1,-1],"loss_changes":[8.242148E4,4.6266523E3,3.4779492E3,0E0,9.464795E1,0E0,0E0,0E0,0E0],"parents":[2147483647,0,0,1,1,2,2,4,4],"right_children":[2,4,6,-1,8,-1,-1,-1,-1],"split_conditions":[7.254539E-1,2.0734416E-1,9.261218E-1,-1.0985354E1,5.1470774E-1,3.6931264E0,1.2324369E1,-3.9102051E0,-9.784851E-1],"split_indices":[0,0,0,0,0,0,0,0,0],"split_type":[0,0,0,0,0,0,0,0,0],"sum_hessian":[9E0,5E0,4E0,2E0,3E0,2E0,2E0,2E0,1E0],"tree_param":{"num_deleted":"0","num_feature":"2","num_nodes":"9","size_leaf_vector":"1"}},{"base_weights":[1.2823089E0,-7.2611145E1,8.969799E1,-1.0252997E1,-3.2019234E1,3.446919E0,1.1502747E1,-3.649524E0,-9.2956084E-1],"categories":[],"categories_nodes":[],"categories_segments":[],"categories_sizes":[],"default_left":[0,0,0,0,0,0,0,0,0],"id":11,"left_children":[1,3,5,-1,7,-1,-1,-1,-1],"loss_changes":[7.184648E4,4.0038418E3,3.0296797E3,0E0,6.759863E1,0E0,0E0,0E0,0E0],"parents":[2147483647,0,0,1,1,2,2,4,4],"right_children":[2,4,6,-1,8,-1,-1,-1,-1],"split_conditions":[7.254539E-1,2.0734416E-1,9.261218E-1,-1.0252997E1,5.1470774E-1,3.446919E0,1.1502747E1,-3.649524E0,-9.2956084E-1],"split_indices":[0,0,0,0,0,0,0,0,0],"split_type":[0,0,0,0,0,0,0,0,0],"sum_hessian":[9E0,5E0,4E0,2E0,3E0,2E0,2E0,2E0,1E0],"tree_param":{"num_deleted":"0","num_feature":"2","num_nodes":"9","size_leaf_vector":"1"}},{"base_weights":[1.1658356E0,-6.7822044E1,8.3718124E1,-9.569465E0,-2.9962074E1,3.2171235E0,1.0735897E1,-3.4062214E0,-8.8308257E-1],"categories":[],"categories_nodes":[],"categories_segments":[],"categories_sizes":[],"default_left":[0,0,0,0,0,0,0,0,0],"id":12,"left_children":[1,3,5,-1,7,-1,-1,-1,-1],"loss_changes":[6.2629004E4,3.4643262E3,2.6391914E3,0E0,4.5766846E1,0E0,0E0,0E0,0E0],"parents":[2147483647,0,0,1,1,2,2,4,4],"right_children":[2,4,6,-1,8,-1,-1,-1,-1],"split_conditions":[7.254539E-1,2.0734416E-1,9.261218E-1,-9.569465E0,5.1470774E-1,3.2171235E0,1.0735897E1,-3.4062214E0,-8.8308257E-1],"split_indices":[0,0,0,0,0,0,0,0,0],"split_type":[0,0,0,0,0,0,0,0,0],"sum_hessian":[9E0,5E0,4E0,2E0,3E0,2E0,2E0,2E0,1E0],"tree_param":{"num_deleted":"0","num_feature":"2","num_nodes":"9","size_leaf_vector":"1"}},{"base_weights":[1.0586731E0,-6.3349636E1,7.813691E1,-1.0473626E1,-3.4125057E1,1.5468949E0,8.993667E0,-3.8461683E0,-8.389282E-1],"categories":[],"categories_nodes":[],"categories_segments":[],"categories_sizes":[],"default_left":[0,0,0,0,0,0,0,0,0],"id":13,"left_children":[1,3,5,-1,7,-1,-1,-1,-1],"loss_changes":[5.459473E4,3.6829082E3,2.3061074E3,0E0,2.3536572E2,0E0,0E0,0E0,0E0],"parents":[2147483647,0,0,1,1,2,2,4,4],"right_children":[2,4,6,-1,8,-1,-1,-1,-1],"split_conditions":[7.254539E-1,1.0341774E-1,8.2769614E-1,-1.0473626E1,5.1470774E-1,1.5468949E0,8.993667E0,-3.8461683E0,-8.389282E-1],"split_indices":[0,0,0,0,0,0,0,0,0],"split_type":[0,0,0,0,0,0,0,0,0],"sum_hessian":[9E0,5E0,4E0,1E0,4E0,1E0,3E0,3E0,1E0],"tree_param":{"num_deleted":"0","num_feature":"2","num_nodes":"9","size_leaf_vector":"1"}},{"base_weights":[4.909912E-1,-5.9541126E1,7.2431335E1,-9.9499445E0,-3.1649576E1,3.5836945E0,1.0940445E1,-3.557706E0,-7.969818E-1],"categories":[],"categories_nodes":[],"categories_segments":[],"categories_sizes":[],"default_left":[0,0,0,0,0,0,0,0,0],"id":14,"left_children":[1,3,5,-1,7,-1,-1,-1,-1],"loss_changes":[4.7499957E4,3.5378828E3,2.8443242E3,0E0,1.8146729E2,0E0,0E0,0E0,0E0],"parents":[2147483647,0,0,1,1,2,2,4,4],"right_children":[2,4,6,-1,8,-1,-1,-1,-1],"split_conditions":[7.254539E-1,1.0341774E-1,1E0,-9.9499445E0,5.1470774E-1,3.5836945E0,1.0940445E1,-3.557706E0,-7.969818E-1],"split_indices":[0,0,0,0,0,0,0,0,0],"split_type":[0,0,0,0,0,0,0,0,0],"sum_hessian":[9E0,5E0,4E0,1E0,4E0,3E0,1E0,3E0,1E0],"tree_param":{"num_deleted":"0","num_feature":"2","num_nodes":"9","size_leaf_vector":"1"}},{"base_weights":[4.6385193E-1,-5.5971115E1,6.809304E1,-9.452447E0,-2.935555E1,3.3149185E0,1.0393424E1,-3.290878E0,-7.57132E-1],"categories":[],"categories_nodes":[],"categories_segments":[],"categories_sizes":[],"default_left":[0,0,0,0,0,0,0,0,0],"id":15,"left_children":[1,3,5,-1,7,-1,-1,-1,-1],"loss_changes":[4.1977754E4,3.3818984E3,2.8168125E3,0E0,1.3785938E2,0E0,0E0,0E0,0E0],"parents":[2147483647,0,0,1,1,2,2,4,4],"right_children":[2,4,6,-1,8,-1,-1,-1,-1],"split_conditions":[7.254539E-1,1.0341774E-1,1E0,-9.452447E0,5.1470774E-1,3.3149185E0,1.0393424E1,-3.290878E0,-7.57132E-1],"split_indices":[0,0,0,0,0,0,0,0,0],"split_type":[0,0,0,0,0,0,0,0,0],"sum_hessian":[9E0,5E0,4E0,1E0,4E0,3E0,1E0,3E0,1E0],"tree_param":{"num_deleted":"0","num_feature":"2","num_nodes":"9","size_leaf_vector":"1"}},{"base_weights":[4.3825072E-1,-5.262408E1,6.40254E1,-8.979824E0,-2.7229599E1,3.0662987E0,9.873752E0,-3.0440624E0,-7.1927494E-1],"categories":[],"categories_nodes":[],"categories_segments":[],"categories_sizes":[],"default_left":[0,0,0,0,0,0,0,0,0],"id":16,"left_children":[1,3,5,-1,7,-1,-1,-1,-1],"loss_changes":[3.71101E4,3.2189395E3,2.7628125E3,0E0,1.0274219E2,0E0,0E0,0E0,0E0],"parents":[2147483647,0,0,1,1,2,2,4,4],"right_children":[2,4,6,-1,8,-1,-1,-1,-1],"split_conditions":[7.254539E-1,1.0341774E-1,1E0,-8.979824E0,5.1470774E-1,3.0662987E0,9.873752E0,-3.0440624E0,-7.1927494E-1],"split_indices":[0,0,0,0,0,0,0,0,0],"split_type":[0,0,0,0,0,0,0,0,0],"sum_hessian":[9E0,5E0,4E0,1E0,4E0,3E0,1E0,3E0,1E0],"tree_param":{"num_deleted":"0","num_feature":"2","num_nodes":"9","size_leaf_vector":"1"}},{"base_weights":[4.1411743E-1,-4.948553E1,6.021087E1,-8.530833E0,-2.5259304E1,2.8363273E0,9.380063E0,-2.8157575E0,-6.8331146E-1],"categories":[],"categories_nodes":[],"categories_segments":[],"categories_sizes":[],"default_left":[0,0,0,0,0,0,0,0,0],"id":17,"left_children":[1,3,5,-1,7,-1,-1,-1,-1],"loss_changes":[3.2817938E4,3.0522773E3,2.6882695E3,0E0,7.461621E1,0E0,0E0,0E0,0E0],"parents":[2147483647,0,0,1,1,2,2,4,4],"right_children":[2,4,6,-1,8,-1,-1,-1,-1],"split_conditions":[7.254539E-1,1.0341774E-1,1E0,-8.530833E0,5.1470774E-1,2.8363273E0,9.380063E0,-2.8157575E0,-6.8331146E-1],"split_indices":[0,0,0,0,0,0,0,0,0],"split_type":[0,0,0,0,0,0,0,0,0],"sum_hessian":[9E0,5E0,4E0,1E0,4E0,3E0,1E0,3E0,1E0],"tree_param":{"num_deleted":"0","num_feature":"2","num_nodes":"9","size_leaf_vector":"1"}},{"base_weights":[3.9135894E-1,-4.6541958E1,5.6633068E1,-8.104291E0,-2.3433187E1,2.6236038E0,8.911059E0,-2.6045759E0,-6.4914554E-1],"categories":[],"categories_nodes":[],"categories_segments":[],"categories_sizes":[],"default_left":[0,0,0,0,0,0,0,0,0],"id":18,"left_children":[1,3,5,-1,7,-1,-1,-1,-1],"loss_changes":[2.9031914E4,2.8845547E3,2.5981934E3,0E0,5.223242E1,0E0,0E0,0E0,0E0],"parents":[2147483647,0,0,1,1,2,2,4,4],"right_children":[2,4,6,-1,8,-1,-1,-1,-1],"split_conditions":[7.254539E-1,1.0341774E-1,1E0,-8.104291E0,5.1470774E-1,2.6236038E0,8.911059E0,-2.6045759E0,-6.4914554E-1],"split_indices":[0,0,0,0,0,0,0,0,0],"split_type":[0,0,0,0,0,0,0,0,0],"sum_hessian":[9E0,5E0,4E0,1E0,4E0,3E0,1E0,3E0,1E0],"tree_param":{"num_deleted":"0","num_feature":"2","num_nodes":"9","size_leaf_vector":"1"}},{"base_weights":[3.698883E-1,-4.3780766E1,5.3276695E1,-7.699076E0,-2.1740616E1,2.4268341E1,8.465507E0,-2.4092329E0,-6.1668855E-1,6.9830936E-1,2.7702394E0],"categories":[],"categories_nodes":[],"categories_segments":[],"categories_sizes":[],"default_left":[0,0,0,0,0,0,0,0,0,0,0],"id":19,"left_children":[1,3,5,-1,7,9,-1,-1,-1,-1,-1],"loss_changes":[2.5691197E4,2.7178916E3,2.4967344E3,0E0,3.455005E1,4.398535E1,0E0,0E0,0E0,0E0,0E0],"parents":[2147483647,0,0,1,1,2,2,4,4,5,5],"right_children":[2,4,6,-1,8,10,-1,-1,-1,-1,-1],"split_conditions":[7.254539E-1,1.0341774E-1,1E0,-7.699076E0,5.1470774E-1,8.2769614E-1,8.465507E0,-2.4092329E0,-6.1668855E-1,6.9830936E-1,2.7702394E0],"split_indices":[0,0,0,0,0,0,0,0,0,0,0],"split_type":[0,0,0,0,0,0,0,0,0,0,0],"sum_hessian":[9E0,5E0,4E0,1E0,4E0,3E0,1E0,3E0,1E0,1E0,2E0],"tree_param":{"num_deleted":"0","num_feature":"2","num_nodes":"11","size_leaf_vector":"1"}},{"base_weights":[4.5380098E-1,-4.119019E1,5.0335827E1,-7.314122E0,-2.0171738E1,2.2708633E1,8.042231E0,-2.2285404E0,-5.858536E-1,6.6339415E-1,2.585555E0],"categories":[],"categories_nodes":[],"categories_segments":[],"categories_sizes":[],"default_left":[0,0,0,0,0,0,0,0,0,0,0],"id":20,"left_children":[1,3,5,-1,7,9,-1,-1,-1,-1,-1],"loss_changes":[2.2846209E4,2.5539814E3,2.3297432E3,0E0,2.0707031E1,3.0818848E1,0E0,0E0,0E0,0E0,0E0],"parents":[2147483647,0,0,1,1,2,2,4,4,5,5],"right_children":[2,4,6,-1,8,10,-1,-1,-1,-1,-1],"split_conditions":[7.254539E-1,1.0341774E-1,1E0,-7.314122E0,5.1470774E-1,8.2769614E-1,8.042231E0,-2.2285404E0,-5.858536E-1,6.6339415E-1,2.585555E0],"split_indices":[0,0,0,0,0,0,0,0,0,0,0],"split_type":[0,0,0,0,0,0,0,0,0,0,0],"sum_hessian":[9E0,5E0,4E0,1E0,4E0,3E0,1E0,3E0,1E0,1E0,2E0],"tree_param":{"num_deleted":"0","num_feature":"2","num_nodes":"11","size_leaf_vector":"1"}},{"base_weights":[5.2468413E-1,-3.8759254E1,4.7560474E1,-6.948416E0,-1.8717442E1,2.125E1,7.6401186E0,-2.0613995E0,-5.565613E-1,6.3022465E-1,2.4131837E0],"categories":[],"categories_nodes":[],"categories_segments":[],"categories_sizes":[],"default_left":[0,0,0,0,0,0,0,0,0,0,0],"id":21,"left_children":[1,3,5,-1,7,9,-1,-1,-1,-1,-1],"loss_changes":[2.0320918E4,2.3941318E3,2.170539E3,0E0,9.986328E0,2.0223145E1,0E0,0E0,0E0,0E0,0E0],"parents":[2147483647,0,0,1,1,2,2,4,4,5,5],"right_children":[2,4,6,-1,8,10,-1,-1,-1,-1,-1],"split_conditions":[7.254539E-1,1.0341774E-1,1E0,-6.948416E0,5.1470774E-1,8.2769614E-1,7.6401186E0,-2.0613995E0,-5.565613E-1,6.3022465E-1,2.4131837E0],"split_indices":[0,0,0,0,0,0,0,0,0,0,0],"split_type":[0,0,0,0,0,0,0,0,0,0,0],"sum_hessian":[9E0,5E0,4E0,1E0,4E0,3E0,1E0,3E0,1E0,1E0,2E0],"tree_param":{"num_deleted":"0","num_feature":"2","num_nodes":"11","size_leaf_vector":"1"}},{"base_weights":[5.8392334E-1,-3.6477726E1,4.494112E1,-6.6009955E0,-1.736929E1,1.9885841E1,7.2581115E0,-1.9067944E0,-5.2873385E-1,5.987137E-1,2.2523031E0],"categories":[],"categories_nodes":[],"categories_segments":[],"categories_sizes":[],"default_left":[0,0,0,0,0,0,0,0,0,0,0],"id":22,"left_children":[1,3,5,-1,7,9,-1,-1,-1,-1,-1],"loss_changes":[1.807886E4,2.2393423E3,2.0193027E3,0E0,1.7966309E0,1.1765625E1,0E0,0E0,0E0,0E0,0E0],"parents":[2147483647,0,0,1,1,2,2,4,4,5,5],"right_children":[2,4,6,-1,8,10,-1,-1,-1,-1,-1],"split_conditions":[7.254539E-1,1.0341774E-1,1E0,-6.6009955E0,5.1470774E-1,8.2769614E-1,7.2581115E0,-1.9067944E0,-5.2873385E-1,5.987137E-1,2.2523031E0],"split_indices":[0,0,0,0,0,0,0,0,0,0,0],"split_type":[0,0,0,0,0,0,0,0,0,0,0],"sum_hessian":[9E0,5E0,4E0,1E0,4E0,3E0,1E0,3E0,1E0,1E0,2E0],"tree_param":{"num_deleted":"0","num_feature":"2","num_nodes":"11","size_leaf_vector":"1"}},{"base_weights":[6.327896E-1,-3.4336037E1,4.2468822E1,-6.270946E0,-1.6119461E0,1.861E1,6.895206E0,5.687775E-1,2.1021485E0],"categories":[],"categories_nodes":[],"categories_segments":[],"categories_sizes":[],"default_left":[0,0,0,0,0,0,0,0,0],"id":23,"left_children":[1,3,5,-1,-1,7,-1,-1,-1],"loss_changes":[1.6087781E4,2.090357E3,1.8760957E3,0E0,0E0,5.081421E0,0E0,0E0,0E0],"parents":[2147483647,0,0,1,1,2,2,5,5],"right_children":[2,4,6,-1,-1,8,-1,-1,-1],"split_conditions":[7.254539E-1,1.0341774E-1,1E0,-6.270946E0,-1.6119461E0,8.2769614E-1,6.895206E0,5.687775E-1,2.1021485E0],"split_indices":[0,0,0,0,0,0,0,0,0],"split_type":[0,0,0,0,0,0,0,0,0],"sum_hessian":[9E0,5E0,4E0,1E0,4E0,3E0,1E0,1E0,2E0],"tree_param":{"num_deleted":"0","num_feature":"2","num_nodes":"9","size_leaf_vector":"1"}},{"base_weights":[7.378273E-1,-3.221625E1,4.0135155E1,-5.957399E0,-1.4829907E1,1.7416718E0,6.5504456E0,-1.6428887E0,-4.2169952E-1],"categories":[],"categories_nodes":[],"categories_segments":[],"categories_sizes":[],"default_left":[0,0,0,0,0,0,0,0,0],"id":24,"left_children":[1,3,5,-1,7,-1,-1,-1,-1],"loss_changes":[1.427603E4,1.9704292E3,1.7408813E3,0E0,1.5568481E1,0E0,0E0,0E0,0E0],"parents":[2147483647,0,0,1,1,2,2,4,4],"right_children":[2,4,6,-1,8,-1,-1,-1,-1],"split_conditions":[7.254539E-1,1.0341774E-1,1E0,-5.957399E0,5.1470774E-1,1.7416718E0,6.5504456E0,-1.6428887E0,-4.2169952E-1],"split_indices":[0,0,0,0,0,0,0,0,0],"split_type":[0,0,0,0,0,0,0,0,0],"sum_hessian":[9E0,5E0,4E0,1E0,4E0,3E0,1E0,3E0,1E0],"tree_param":{"num_deleted":"0","num_feature":"2","num_nodes":"9","size_leaf_vector":"1"}},{"base_weights":[6.9105303E-1,-3.0331629E1,3.778006E1,-5.6595287E0,-1.3759839E1,1.611045E1,6.2229247E0,-1.5196724E0,-4.0061495E-1,4.532547E-1,1.8458903E0],"categories":[],"categories_nodes":[],"categories_segments":[],"categories_sizes":[],"default_left":[0,0,0,0,0,0,0,0,0,0,0],"id":25,"left_children":[1,3,5,-1,7,9,-1,-1,-1,-1,-1],"loss_changes":[1.2651936E4,1.8326729E3,1.6464795E3,0E0,9.194275E0,2.5094727E1,0E0,0E0,0E0,0E0,0E0],"parents":[2147483647,0,0,1,1,2,2,4,4,5,5],"right_children":[2,4,6,-1,8,10,-1,-1,-1,-1,-1],"split_conditions":[7.254539E-1,1.0341774E-1,1E0,-5.6595287E0,5.1470774E-1,8.2769614E-1,6.2229247E0,-1.5196724E0,-4.0061495E-1,4.532547E-1,1.8458903E0],"split_indices":[0,0,0,0,0,0,0,0,0,0,0],"split_type":[0,0,0,0,0,0,0,0,0,0,0],"sum_hessian":[9E0,5E0,4E0,1E0,4E0,3E0,1E0,3E0,1E0,1E0,2E0],"tree_param":{"num_deleted":"0","num_feature":"2","num_nodes":"11","size_leaf_vector":"1"}},{"base_weights":[7.161766E-1,-2.856177E1,3.5706474E1,-5.376552E0,-1.2767914E1,1.5074196E1,5.91178E0,-1.4056969E0,-3.8058472E-1,4.3059236E-1,1.7228311E0],"categories":[],"categories_nodes":[],"categories_segments":[],"categories_sizes":[],"default_left":[0,0,0,0,0,0,0,0,0,0,0],"id":26,"left_children":[1,3,5,-1,7,9,-1,-1,-1,-1,-1],"loss_changes":[1.1264281E4,1.7019131E3,1.5239917E3,0E0,4.2643433E0,1.8600708E1,0E0,0E0,0E0,0E0,0E0],"parents":[2147483647,0,0,1,1,2,2,4,4,5,5],"right_children":[2,4,6,-1,8,10,-1,-1,-1,-1,-1],"split_conditions":[7.254539E-1,1.0341774E-1,1E0,-5.376552E0,5.1470774E-1,8.2769614E-1,5.91178E0,-1.4056969E0,-3.8058472E-1,4.3059236E-1,1.7228311E0],"split_indices":[0,0,0,0,0,0,0,0,0,0,0],"split_type":[0,0,0,0,0,0,0,0,0,0,0],"sum_hessian":[9E0,5E0,4E0,1E0,4E0,3E0,1E0,3E0,1E0,1E0,2E0],"tree_param":{"num_deleted":"0","num_feature":"2","num_nodes":"11","size_leaf_vector":"1"}},{"base_weights":[7.347916E-1,-2.6899397E1,3.374886E1,-5.1077247E0,-1.1848376E1,1.4105125E1,5.6161895E0,-1.440916E0,-5.338135E-1,4.090622E-1,1.6079752E0],"categories":[],"categories_nodes":[],"categories_segments":[],"categories_sizes":[],"default_left":[0,0,0,0,0,0,0,0,0,0,0],"id":27,"left_children":[1,3,5,-1,7,9,-1,-1,-1,-1,-1],"loss_changes":[1.0030993E4,1.5782251E3,1.409208E3,0E0,6.4385986E0,1.3323425E1,0E0,0E0,0E0,0E0,0E0],"parents":[2147483647,0,0,1,1,2,2,4,4,5,5],"right_children":[2,4,6,-1,8,10,-1,-1,-1,-1,-1],"split_conditions":[7.254539E-1,1.0341774E-1,1E0,-5.1077247E0,3.1043947E-1,8.2769614E-1,5.6161895E0,-1.440916E0,-5.338135E-1,4.090622E-1,1.6079752E0],"split_indices":[0,0,0,0,0,0,0,0,0,0,0],"split_type":[0,0,0,0,0,0,0,0,0,0,0],"sum_hessian":[9E0,5E0,4E0,1E0,4E0,3E0,1E0,2E0,2E0,1E0,2E0],"tree_param":{"num_deleted":"0","num_feature":"2","num_nodes":"11","size_leaf_vector":"1"}},{"base_weights":[7.163895E-1,-2.5389864E1,3.1900616E1,-4.8523383E0,-1.1058484E1,1.3198875E1,5.335379E0,-1.3448547E0,-4.9822593E-1,3.8860932E-1,1.5007771E0],"categories":[],"categories_nodes":[],"categories_segments":[],"categories_sizes":[],"default_left":[0,0,0,0,0,0,0,0,0,0,0],"id":28,"left_children":[1,3,5,-1,7,9,-1,-1,-1,-1,-1],"loss_changes":[8.950986E3,1.4526165E3,1.3018486E3,0E0,5.6086426E0,9.061829E0,0E0,0E0,0E0,0E0,0E0],"parents":[2147483647,0,0,1,1,2,2,4,4,5,5],"right_children":[2,4,6,-1,8,10,-1,-1,-1,-1,-1],"split_conditions":[7.254539E-1,1.0341774E-1,1E0,-4.8523383E0,3.1043947E-1,8.2769614E-1,5.335379E0,-1.3448547E0,-4.9822593E-1,3.8860932E-1,1.5007771E0],"split_indices":[0,0,0,0,0,0,0,0,0,0,0],"split_type":[0,0,0,0,0,0,0,0,0,0,0],"sum_hessian":[9E0,5E0,4E0,1E0,4E0,3E0,1E0,2E0,2E0,1E0,2E0],"tree_param":{"num_deleted":"0","num_feature":"2","num_nodes":"11","size_leaf_vector":"1"}},{"base_weights":[6.9768065E-1,-2.3966782E1,3.0155499E1,-4.6097217E0,-1.0321253E1,1.2351326E1,5.0686097E0,-1.2551982E0,-4.650106E-1,3.6917877E-1,1.4007243E0],"categories":[],"categories_nodes":[],"categories_segments":[],"categories_sizes":[],"default_left":[0,0,0,0,0,0,0,0,0,0,0],"id":29,"left_children":[1,3,5,-1,7,9,-1,-1,-1,-1,-1],"loss_changes":[7.9883423E3,1.3361077E3,1.2016113E3,0E0,4.8859863E0,5.646179E0,0E0,0E0,0E0,0E0,0E0],"parents":[2147483647,0,0,1,1,2,2,4,4,5,5],"right_children":[2,4,6,-1,8,10,-1,-1,-1,-1,-1],"split_conditions":[7.254539E-1,1.0341774E-1,1E0,-4.6097217E0,3.1043947E-1,8.2769614E-1,5.0686097E0,-1.2551982E0,-4.650106E-1,3.6917877E-1,1.4007243E0],"split_indices":[0,0,0,0,0,0,0,0,0,0,0],"split_type":[0,0,0,0,0,0,0,0,0,0,0],"sum_hessian":[9E0,5E0,4E0,1E0,4E0,3E0,1E0,2E0,2E0,1E0,2E0],"tree_param":{"num_deleted":"0","num_feature":"2","num_nodes":"11","size_leaf_vector":"1"}},{"base_weights":[6.787758E-1,-2.2625095E1,2.8507666E1,-4.3792357E0,-9.633173E0,1.1558685E1,4.8151793E0,-1.171518E0,-4.3401083E-1,3.5072023E-1,1.3073446E0],"categories":[],"categories_nodes":[],"categories_segments":[],"categories_sizes":[],"default_left":[0,0,0,0,0,0,0,0,0,0,0],"id":30,"left_children":[1,3,5,-1,7,9,-1,-1,-1,-1,-1],"loss_changes":[7.1301973E3,1.2281609E3,1.1081685E3,0E0,4.255829E0,2.9330444E0,0E0,0E0,0E0,0E0,0E0],"parents":[2147483647,0,0,1,1,2,2,4,4,5,5],"right_children":[2,4,6,-1,8,10,-1,-1,-1,-1,-1],"split_conditions":[7.254539E-1,1.0341774E-1,1E0,-4.3792357E0,3.1043947E-1,8.2769614E-1,4.8151793E0,-1.171518E0,-4.3401083E-1,3.5072023E-1,1.3073446E0],"split_indices":[0,0,0,0,0,0,0,0,0,0,0],"split_type":[0,0,0,0,0,0,0,0,0,0,0],"sum_hessian":[9E0,5E0,4E0,1E0,4E0,3E0,1E0,2E0,2E0,1E0,2E0],"tree_param":{"num_deleted":"0","num_feature":"2","num_nodes":"11","size_leaf_vector":"1"}},{"base_weights":[6.5974426E-1,-2.136004E1,2.6951538E1,-4.160274E0,-8.990954E0,1.0817322E1,4.5744205E0,-1.0934163E0,-4.050761E-1,3.331848E-1,1.2201864E0],"categories":[],"categories_nodes":[],"categories_segments":[],"categories_sizes":[],"default_left":[0,0,0,0,0,0,0,0,0,0,0],"id":31,"left_children":[1,3,5,-1,7,9,-1,-1,-1,-1,-1],"loss_changes":[6.3650825E3,1.1282537E3,1.0211946E3,0E0,3.7074585E0,8.010254E-1,0E0,0E0,0E0,0E0,0E0],"parents":[2147483647,0,0,1,1,2,2,4,4,5,5],"right_children":[2,4,6,-1,8,10,-1,-1,-1,-1,-1],"split_conditions":[7.254539E-1,1.0341774E-1,1E0,-4.160274E0,3.1043947E-1,8.2769614E-1,4.5744205E0,-1.0934163E0,-4.050761E-1,3.331848E-1,1.2201864E0],"split_indices":[0,0,0,0,0,0,0,0,0,0,0],"split_type":[0,0,0,0,0,0,0,0,0,0,0],"sum_hessian":[9E0,5E0,4E0,1E0,4E0,3E0,1E0,2E0,2E0,1E0,2E0],"tree_param":{"num_deleted":"0","num_feature":"2","num_nodes":"11","size_leaf_vector":"1"}},{"base_weights":[6.4067E-1,-2.0167162E1,2.5481934E1,-3.9522603E0,-8.391553E0,1.0123917E0,4.3457003E0,-9.265701E-1,-2.4474792E-1],"categories":[],"categories_nodes":[],"categories_segments":[],"categories_sizes":[],"default_left":[0,0,0,0,0,0,0,0,0],"id":32,"left_children":[1,3,5,-1,7,-1,-1,-1,-1],"loss_changes":[5.6828267E3,1.0358767E3,9.403518E2,0E0,3.3023987E0,0E0,0E0,0E0,0E0],"parents":[2147483647,0,0,1,1,2,2,4,4],"right_children":[2,4,6,-1,8,-1,-1,-1,-1],"split_conditions":[7.254539E-1,1.0341774E-1,1E0,-3.9522603E0,5.1470774E-1,1.0123917E0,4.3457003E0,-9.265701E-1,-2.4474792E-1],"split_indices":[0,0,0,0,0,0,0,0,0],"split_type":[0,0,0,0,0,0,0,0,0],"sum_hessian":[9E0,5E0,4E0,1E0,4E0,3E0,1E0,3E0,1E0],"tree_param":{"num_deleted":"0","num_feature":"2","num_nodes":"9","size_leaf_vector":"1"}},{"base_weights":[6.0005647E-1,-1.9004372E1,2.400536E1,-3.754647E0,-7.786658E0,4.8526E-1,3.515633E0,-9.587504E-1,-3.3902588E-1],"categories":[],"categories_nodes":[],"categories_segments":[],"categories_sizes":[],"default_left":[0,0,0,0,0,0,0,0,0],"id":33,"left_children":[1,3,5,-1,7,-1,-1,-1,-1],"loss_changes":[5.0446826E3,9.556382E2,8.9725977E2,0E0,7.0820923E0,0E0,0E0,0E0,0E0],"parents":[2147483647,0,0,1,1,2,2,4,4],"right_children":[2,4,6,-1,8,-1,-1,-1,-1],"split_conditions":[7.254539E-1,1.0341774E-1,9.261218E-1,-3.754647E0,3.1043947E-1,4.8526E-1,3.515633E0,-9.587504E-1,-3.3902588E-1],"split_indices":[0,0,0,0,0,0,0,0,0],"split_type":[0,0,0,0,0,0,0,0,0],"sum_hessian":[9E0,5E0,4E0,1E0,4E0,2E0,2E0,2E0,2E0],"tree_param":{"num_deleted":"0","num_feature":"2","num_nodes":"9","size_leaf_vector":"1"}},{"base_weights":[4.3489608E-1,-1.7946005E1,2.2404999E1,-3.5669148E0,-7.2675476E0,8.24308E0,3.9526336E0,-8.948334E-1,-3.1642458E-1,2.4164276E-1,9.379822E-1],"categories":[],"categories_nodes":[],"categories_segments":[],"categories_sizes":[],"default_left":[0,0,0,0,0,0,0,0,0,0,0],"id":34,"left_children":[1,3,5,-1,7,9,-1,-1,-1,-1,-1],"loss_changes":[4.4403833E3,8.7630774E2,8.8653613E2,0E0,6.1691284E0,3.827942E0,0E0,0E0,0E0,0E0,0E0],"parents":[2147483647,0,0,1,1,2,2,4,4,5,5],"right_children":[2,4,6,-1,8,10,-1,-1,-1,-1,-1],"split_conditions":[7.254539E-1,1.0341774E-1,1E0,-3.5669148E0,3.1043947E-1,8.2769614E-1,3.9526336E0,-8.948334E-1,-3.1642458E-1,2.4164276E-1,9.379822E-1],"split_indices":[0,0,0,0,0,0,0,0,0,0,0],"split_type":[0,0,0,0,0,0,0,0,0,0,0],"sum_hessian":[9E0,5E0,4E0,1E0,4E0,3E0,1E0,2E0,2E0,1E0,2E0],"tree_param":{"num_deleted":"0","num_feature":"2","num_nodes":"11","size_leaf_vector":"1"}},{"base_weights":[4.2681733E-1,-1.6947762E1,2.1190948E1,-3.3885689E0,-6.783038E0,7.7136765E0,3.7550018E0,-8.351776E-1,-2.953288E-1,2.2956085E-1,8.7544966E-1],"categories":[],"categories_nodes":[],"categories_segments":[],"categories_sizes":[],"default_left":[0,0,0,0,0,0,0,0,0,0,0],"id":35,"left_children":[1,3,5,-1,7,9,-1,-1,-1,-1,-1],"loss_changes":[3.9668193E3,8.031681E2,8.127295E2,0E0,5.374161E0,2.460022E0,0E0,0E0,0E0,0E0,0E0],"parents":[2147483647,0,0,1,1,2,2,4,4,5,5],"right_children":[2,4,6,-1,8,10,-1,-1,-1,-1,-1],"split_conditions":[7.254539E-1,1.0341774E-1,1E0,-3.3885689E0,3.1043947E-1,8.2769614E-1,3.7550018E0,-8.351776E-1,-2.953288E-1,2.2956085E-1,8.7544966E-1],"split_indices":[0,0,0,0,0,0,0,0,0,0,0],"split_type":[0,0,0,0,0,0,0,0,0,0,0],"sum_hessian":[9E0,5E0,4E0,1E0,4E0,3E0,1E0,2E0,2E0,1E0,2E0],"tree_param":{"num_deleted":"0","num_feature":"2","num_nodes":"11","size_leaf_vector":"1"}},{"base_weights":[4.182312E-1,-1.600617E1,2.0043865E1,-3.2191408E0,-6.330841E0,7.2185745E0,3.5672517E0,-7.794993E-1,-2.7564088E-1,2.1808319E-1,8.170878E-1],"categories":[],"categories_nodes":[],"categories_segments":[],"categories_sizes":[],"default_left":[0,0,0,0,0,0,0,0,0,0,0],"id":36,"left_children":[1,3,5,-1,7,9,-1,-1,-1,-1,-1],"loss_changes":[3.5442183E3,7.3578625E2,7.4470544E2,0E0,4.681381E0,1.3705292E0,0E0,0E0,0E0,0E0,0E0],"parents":[2147483647,0,0,1,1,2,2,4,4,5,5],"right_children":[2,4,6,-1,8,10,-1,-1,-1,-1,-1],"split_conditions":[7.254539E-1,1.0341774E-1,1E0,-3.2191408E0,3.1043947E-1,8.2769614E-1,3.5672517E0,-7.794993E-1,-2.7564088E-1,2.1808319E-1,8.170878E-1],"split_indices":[0,0,0,0,0,0,0,0,0,0,0],"split_type":[0,0,0,0,0,0,0,0,0,0,0],"sum_hessian":[9E0,5E0,4E0,1E0,4E0,3E0,1E0,2E0,2E0,1E0,2E0],"tree_param":{"num_deleted":"0","num_feature":"2","num_nodes":"11","size_leaf_vector":"1"}},{"base_weights":[4.0922165E-1,-1.00550165E1,2.817745E1,-3.0581837E0,-2.75378E0,8.377289E-1,3.3888886E0,-5.908789E0,3.4224957E-1,-7.27533E-1,-2.572652E-1],"categories":[],"categories_nodes":[],"categories_segments":[],"categories_sizes":[],"default_left":[0,0,0,0,0,0,0,0,0,0,0],"id":37,"left_children":[1,3,5,-1,7,-1,-1,9,-1,-1,-1],"loss_changes":[3.1890583E3,1.1147537E3,5.536499E1,0E0,1.5662625E2,0E0,0E0,4.077942E0,0E0,0E0,0E0],"parents":[2147483647,0,0,1,1,2,2,4,4,7,7],"right_children":[2,4,6,-1,8,-1,-1,10,-1,-1,-1],"split_conditions":[9.261218E-1,1.0341774E-1,1E0,-3.0581837E0,7.254539E-1,8.377289E-1,3.3888886E0,3.1043947E-1,3.4224957E-1,-7.27533E-1,-2.572652E-1],"split_indices":[0,0,0,0,0,0,0,0,0,0,0],"split_type":[0,0,0,0,0,0,0,0,0,0,0],"sum_hessian":[9E0,7E0,2E0,1E0,6E0,1E0,1E0,4E0,2E0,2E0,2E0],"tree_param":{"num_deleted":"0","num_feature":"2","num_nodes":"11","size_leaf_vector":"1"}},{"base_weights":[4.2089003E-1,-9.512103E0,2.6768576E1,-2.9052746E0,-2.5701904E0,7.9584354E-1,3.2194428E0,-5.5148683E0,3.194336E-1,-6.7903036E-1,-2.4011433E-1],"categories":[],"categories_nodes":[],"categories_segments":[],"categories_sizes":[],"default_left":[0,0,0,0,0,0,0,0,0,0,0],"id":38,"left_children":[1,3,5,-1,7,-1,-1,9,-1,-1,-1],"loss_changes":[2.871739E3,1.0105244E3,4.9966064E1,0E0,1.3643906E2,0E0,0E0,3.5522614E0,0E0,0E0,0E0],"parents":[2147483647,0,0,1,1,2,2,4,4,7,7],"right_children":[2,4,6,-1,8,-1,-1,10,-1,-1,-1],"split_conditions":[9.261218E-1,1.0341774E-1,1E0,-2.9052746E0,7.254539E-1,7.9584354E-1,3.2194428E0,3.1043947E-1,3.194336E-1,-6.7903036E-1,-2.4011433E-1],"split_indices":[0,0,0,0,0,0,0,0,0,0,0],"split_type":[0,0,0,0,0,0,0,0,0,0,0],"sum_hessian":[9E0,7E0,2E0,1E0,6E0,1E0,1E0,4E0,2E0,2E0,2E0],"tree_param":{"num_deleted":"0","num_feature":"2","num_nodes":"11","size_leaf_vector":"1"}},{"base_weights":[4.2983168E-1,-8.999019E0,2.5430155E1,-2.760011E0,-2.3988473E0,7.5605166E-1,3.0584717E0,-5.1472106E0,2.981374E-1,-6.337616E-1,-2.2410686E-1],"categories":[],"categories_nodes":[],"categories_segments":[],"categories_sizes":[],"default_left":[0,0,0,0,0,0,0,0,0,0,0],"id":39,"left_children":[1,3,5,-1,7,-1,-1,9,-1,-1,-1],"loss_changes":[2.5860896E3,9.1595465E2,4.5094116E1,0E0,1.1885338E2,0E0,0E0,3.0944061E0,0E0,0E0,0E0],"parents":[2147483647,0,0,1,1,2,2,4,4,7,7],"right_children":[2,4,6,-1,8,-1,-1,10,-1,-1,-1],"split_conditions":[9.261218E-1,1.0341774E-1,1E0,-2.760011E0,7.254539E-1,7.5605166E-1,3.0584717E0,3.1043947E-1,2.981374E-1,-6.337616E-1,-2.2410686E-1],"split_indices":[0,0,0,0,0,0,0,0,0,0,0],"split_type":[0,0,0,0,0,0,0,0,0,0,0],"sum_hessian":[9E0,7E0,2E0,1E0,6E0,1E0,1E0,4E0,2E0,2E0,2E0],"tree_param":{"num_deleted":"0","num_feature":"2","num_nodes":"11","size_leaf_vector":"1"}},{"base_weights":[4.363289E-1,-8.514083E0,2.4158651E1,-2.6220105E0,-2.238922E0,7.182495E-1,2.905548E0,-4.804059E0,2.782613E-1,-5.91511E-1,-2.0916545E-1],"categories":[],"categories_nodes":[],"categories_segments":[],"categories_sizes":[],"default_left":[0,0,0,0,0,0,0,0,0,0,0],"id":40,"left_children":[1,3,5,-1,7,-1,-1,9,-1,-1,-1],"loss_changes":[2.3289343E3,8.3016016E2,4.0697144E1,0E0,1.0353432E2,0E0,0E0,2.6957245E0,0E0,0E0,0E0],"parents":[2147483647,0,0,1,1,2,2,4,4,7,7],"right_children":[2,4,6,-1,8,-1,-1,10,-1,-1,-1],"split_conditions":[9.261218E-1,1.0341774E-1,1E0,-2.6220105E0,7.254539E-1,7.182495E-1,2.905548E0,3.1043947E-1,2.782613E-1,-5.91511E-1,-2.0916545E-1],"split_indices":[0,0,0,0,0,0,0,0,0,0,0],"split_type":[0,0,0,0,0,0,0,0,0,0,0],"sum_hessian":[9E0,7E0,2E0,1E0,6E0,1E0,1E0,4E0,2E0,2E0,2E0],"tree_param":{"num_deleted":"0","num_feature":"2","num_nodes":"11","size_leaf_vector":"1"}},{"base_weights":[4.406349E-1,-8.055728E0,2.2950724E1,-2.49091E0,-2.0896606E0,6.8233645E-1,2.7602723E0,-4.483789E0,2.597107E-1,-5.5207723E-1,-1.9522095E-1],"categories":[],"categories_nodes":[],"categories_segments":[],"categories_sizes":[],"default_left":[0,0,0,0,0,0,0,0,0,0,0],"id":41,"left_children":[1,3,5,-1,7,-1,-1,9,-1,-1,-1],"loss_changes":[2.0974236E3,7.5233527E2,3.672998E1,0E0,9.018994E1,0E0,0E0,2.34832E0,0E0,0E0,0E0],"parents":[2147483647,0,0,1,1,2,2,4,4,7,7],"right_children":[2,4,6,-1,8,-1,-1,10,-1,-1,-1],"split_conditions":[9.261218E-1,1.0341774E-1,1E0,-2.49091E0,7.254539E-1,6.8233645E-1,2.7602723E0,3.1043947E-1,2.597107E-1,-5.5207723E-1,-1.9522095E-1],"split_indices":[0,0,0,0,0,0,0,0,0,0,0],"split_type":[0,0,0,0,0,0,0,0,0,0,0],"sum_hessian":[9E0,7E0,2E0,1E0,6E0,1E0,1E0,4E0,2E0,2E0,2E0],"tree_param":{"num_deleted":"0","num_feature":"2","num_nodes":"11","size_leaf_vector":"1"}},{"base_weights":[4.4298822E-1,-7.6224656E0,2.1803202E1,-2.3663645E0,-1.9503479E0,6.4822084E-1,2.6222596E0,-4.1848693E0,2.4239706E-1,-5.15272E-1,-1.8220621E-1],"categories":[],"categories_nodes":[],"categories_segments":[],"categories_sizes":[],"default_left":[0,0,0,0,0,0,0,0,0,0,0],"id":42,"left_children":[1,3,5,-1,7,-1,-1,9,-1,-1,-1],"loss_changes":[1.8889922E3,6.8174725E2,3.3148315E1,0E0,7.856556E1,0E0,0E0,2.0456467E0,0E0,0E0,0E0],"parents":[2147483647,0,0,1,1,2,2,4,4,7,7],"right_children":[2,4,6,-1,8,-1,-1,10,-1,-1,-1],"split_conditions":[9.261218E-1,1.0341774E-1,1E0,-2.3663645E0,7.254539E-1,6.4822084E-1,2.6222596E0,3.1043947E-1,2.4239706E-1,-5.15272E-1,-1.8220621E-1],"split_indices":[0,0,0,0,0,0,0,0,0,0,0],"split_type":[0,0,0,0,0,0,0,0,0,0,0],"sum_hessian":[9E0,7E0,2E0,1E0,6E0,1E0,1E0,4E0,2E0,2E0,2E0],"tree_param":{"num_deleted":"0","num_feature":"2","num_nodes":"11","size_leaf_vector":"1"}},{"base_weights":[4.436016E-1,-7.212893E0,2.0713053E1,-2.2480464E0,-1.8203169E0,6.1581117E-1,2.4911468E0,-3.9058716E0,2.26238E-1,-4.809204E-1,-1.7005819E-1],"categories":[],"categories_nodes":[],"categories_segments":[],"categories_sizes":[],"default_left":[0,0,0,0,0,0,0,0,0,0,0],"id":43,"left_children":[1,3,5,-1,7,-1,-1,9,-1,-1,-1],"loss_changes":[1.7013306E3,6.1773065E2,2.9915527E1,0E0,6.843938E1,0E0,0E0,1.7821045E0,0E0,0E0,0E0],"parents":[2147483647,0,0,1,1,2,2,4,4,7,7],"right_children":[2,4,6,-1,8,-1,-1,10,-1,-1,-1],"split_conditions":[9.261218E-1,1.0341774E-1,1E0,-2.2480464E0,7.254539E-1,6.1581117E-1,2.4911468E0,3.1043947E-1,2.26238E-1,-4.809204E-1,-1.7005819E-1],"split_indices":[0,0,0,0,0,0,0,0,0,0,0],"split_type":[0,0,0,0,0,0,0,0,0,0,0],"sum_hessian":[9E0,7E0,2E0,1E0,6E0,1E0,1E0,4E0,2E0,2E0,2E0],"tree_param":{"num_deleted":"0","num_feature":"2","num_nodes":"11","size_leaf_vector":"1"}},{"base_weights":[4.426586E-1,-6.825705E0,1.9677408E1,-2.135644E0,-1.6989659E0,5.85022E-1,2.3665893E0,-3.6454835E0,2.111552E-1,-4.0704423E-1,-9.728241E-2],"categories":[],"categories_nodes":[],"categories_segments":[],"categories_sizes":[],"default_left":[0,0,0,0,0,0,0,0,0,0,0],"id":44,"left_children":[1,3,5,-1,7,-1,-1,9,-1,-1,-1],"loss_changes":[1.5323638E3,5.596784E2,2.6998047E1,0E0,5.96183E1,0E0,0E0,1.7190323E0,0E0,0E0,0E0],"parents":[2147483647,0,0,1,1,2,2,4,4,7,7],"right_children":[2,4,6,-1,8,-1,-1,10,-1,-1,-1],"split_conditions":[9.261218E-1,1.0341774E-1,1E0,-2.135644E0,7.254539E-1,5.85022E-1,2.3665893E0,5.1470774E-1,2.111552E-1,-4.0704423E-1,-9.728241E-2],"split_indices":[0,0,0,0,0,0,0,0,0,0,0],"split_type":[0,0,0,0,0,0,0,0,0,0,0],"sum_hessian":[9E0,7E0,2E0,1E0,6E0,1E0,1E0,4E0,2E0,3E0,1E0],"tree_param":{"num_deleted":"0","num_feature":"2","num_nodes":"11","size_leaf_vector":"1"}},{"base_weights":[4.5067176E-1,-6.4467387E0,1.8693542E1,-2.0288618E0,-1.5709534E0,5.557709E-1,2.2482605E0,-3.3817992E0,1.9707744E-1,-4.217224E-1,-1.419108E-1],"categories":[],"categories_nodes":[],"categories_segments":[],"categories_sizes":[],"default_left":[0,0,0,0,0,0,0,0,0,0,0],"id":45,"left_children":[1,3,5,-1,7,-1,-1,9,-1,-1,-1],"loss_changes":[1.3787981E3,5.080478E2,2.4365723E1,0E0,5.1559425E1,0E0,0E0,2.2137108E0,0E0,0E0,0E0],"parents":[2147483647,0,0,1,1,2,2,4,4,7,7],"right_children":[2,4,6,-1,8,-1,-1,10,-1,-1,-1],"split_conditions":[9.261218E-1,1.0341774E-1,1E0,-2.0288618E0,7.254539E-1,5.557709E-1,2.2482605E0,3.1043947E-1,1.9707744E-1,-4.217224E-1,-1.419108E-1],"split_indices":[0,0,0,0,0,0,0,0,0,0,0],"split_type":[0,0,0,0,0,0,0,0,0,0,0],"sum_hessian":[9E0,7E0,2E0,1E0,6E0,1E0,1E0,4E0,2E0,2E0,2E0],"tree_param":{"num_deleted":"0","num_feature":"2","num_nodes":"11","size_leaf_vector":"1"}},{"base_weights":[4.464596E-1,-6.1014943E0,1.775885E1,-1.9274187E0,-1.4662257E0,5.279816E-1,2.135846E0,-3.1563478E0,1.8393861E-1,-3.936076E-1,-1.3245036E-1],"categories":[],"categories_nodes":[],"categories_segments":[],"categories_sizes":[],"default_left":[0,0,0,0,0,0,0,0,0,0,0],"id":46,"left_children":[1,3,5,-1,7,-1,-1,9,-1,-1,-1],"loss_changes":[1.2419629E3,4.6021143E2,2.1990173E1,0E0,4.491395E1,0E0,0E0,1.9283524E0,0E0,0E0,0E0],"parents":[2147483647,0,0,1,1,2,2,4,4,7,7],"right_children":[2,4,6,-1,8,-1,-1,10,-1,-1,-1],"split_conditions":[9.261218E-1,1.0341774E-1,1E0,-1.9274187E0,7.254539E-1,5.279816E-1,2.135846E0,3.1043947E-1,1.8393861E-1,-3.936076E-1,-1.3245036E-1],"split_indices":[0,0,0,0,0,0,0,0,0,0,0],"split_type":[0,0,0,0,0,0,0,0,0,0,0],"sum_hessian":[9E0,7E0,2E0,1E0,6E0,1E0,1E0,4E0,2E0,2E0,2E0],"tree_param":{"num_deleted":"0","num_feature":"2","num_nodes":"11","size_leaf_vector":"1"}},{"base_weights":[4.4123992E-1,-5.7750416E0,1.687091E1,-1.8310479E0,-1.3684824E0,5.015839E-1,2.0290527E0,-2.945929E0,1.7167562E-1,-4.2119905E-1,-1.576416E-1],"categories":[],"categories_nodes":[],"categories_segments":[],"categories_sizes":[],"default_left":[0,0,0,0,0,0,0,0,0,0,0],"id":47,"left_children":[1,3,5,-1,7,-1,-1,9,-1,-1,-1],"loss_changes":[1.1187448E3,4.168476E2,1.9845398E1,0E0,3.9125034E1,0E0,0E0,2.0295868E0,0E0,0E0,0E0],"parents":[2147483647,0,0,1,1,2,2,4,4,7,7],"right_children":[2,4,6,-1,8,-1,-1,10,-1,-1,-1],"split_conditions":[9.261218E-1,1.0341774E-1,1E0,-1.8310479E0,7.254539E-1,5.015839E-1,2.0290527E0,2.0734416E-1,1.7167562E-1,-4.2119905E-1,-1.576416E-1],"split_indices":[0,0,0,0,0,0,0,0,0,0,0],"split_type":[0,0,0,0,0,0,0,0,0,0,0],"sum_hessian":[9E0,7E0,2E0,1E0,6E0,1E0,1E0,4E0,2E0,1E0,3E0],"tree_param":{"num_deleted":"0","num_feature":"2","num_nodes":"11","size_leaf_vector":"1"}},{"base_weights":[4.263603E-1,-5.477311E0,1.6027365E1,-1.7394955E0,-1.2897971E0,4.7650453E-1,1.9276001E0,-2.767099E0,1.602305E-1,-4.0013885E-1,-1.4581795E-1],"categories":[],"categories_nodes":[],"categories_segments":[],"categories_sizes":[],"default_left":[0,0,0,0,0,0,0,0,0,0,0],"id":48,"left_children":[1,3,5,-1,7,-1,-1,9,-1,-1,-1],"loss_changes":[1.0088189E3,3.768064E2,1.7910522E1,0E0,3.4341297E1,0E0,0E0,2.2431831E0,0E0,0E0,0E0],"parents":[2147483647,0,0,1,1,2,2,4,4,7,7],"right_children":[2,4,6,-1,8,-1,-1,10,-1,-1,-1],"split_conditions":[9.261218E-1,1.0341774E-1,1E0,-1.7394955E0,7.254539E-1,4.7650453E-1,1.9276001E0,2.0734416E-1,1.602305E-1,-4.0013885E-1,-1.4581795E-1],"split_indices":[0,0,0,0,0,0,0,0,0,0,0],"split_type":[0,0,0,0,0,0,0,0,0,0,0],"sum_hessian":[9E0,7E0,2E0,1E0,6E0,1E0,1E0,4E0,2E0,1E0,3E0],"tree_param":{"num_deleted":"0","num_feature":"2","num_nodes":"11","size_leaf_vector":"1"}},{"base_weights":[4.1161346E-1,-5.1952305E0,1.5225993E1,-1.6525208E0,-1.2159184E0,4.5267946E-1,1.8312196E0,-2.599582E0,1.4954935E-1,-3.8013154E-1,-1.3488197E-1],"categories":[],"categories_nodes":[],"categories_segments":[],"categories_sizes":[],"default_left":[0,0,0,0,0,0,0,0,0,0,0],"id":49,"left_children":[1,3,5,-1,7,-1,-1,9,-1,-1,-1],"loss_changes":[9.097217E2,3.4059082E2,1.6164124E1,0E0,3.0149431E1,0E0,0E0,2.3881226E0,0E0,0E0,0E0],"parents":[2147483647,0,0,1,1,2,2,4,4,7,7],"right_children":[2,4,6,-1,8,-1,-1,10,-1,-1,-1],"split_conditions":[9.261218E-1,1.0341774E-1,1E0,-1.6525208E0,7.254539E-1,4.5267946E-1,1.8312196E0,2.0734416E-1,1.4954935E-1,-3.8013154E-1,-1.3488197E-1],"split_indices":[0,0,0,0,0,0,0,0,0,0,0],"split_type":[0,0,0,0,0,0,0,0,0,0,0],"sum_hessian":[9E0,7E0,2E0,1E0,6E0,1E0,1E0,4E0,2E0,1E0,3E0],"tree_param":{"num_deleted":"0","num_feature":"2","num_nodes":"11","size_leaf_vector":"1"}},{"base_weights":[3.970438E-1,-4.927951E0,1.4464681E1,-1.5698947E0,-1.1465302E0,4.3004456E-1,1.7396576E0,-2.4426239E0,1.395803E-1,-3.611252E-1,-1.24765396E-1],"categories":[],"categories_nodes":[],"categories_segments":[],"categories_sizes":[],"default_left":[0,0,0,0,0,0,0,0,0,0,0],"id":50,"left_children":[1,3,5,-1,7,-1,-1,9,-1,-1,-1],"loss_changes":[8.2038214E2,3.07838E2,1.458844E1,0E0,2.6475132E1,0E0,0E0,2.4767838E0,0E0,0E0,0E0],"parents":[2147483647,0,0,1,1,2,2,4,4,7,7],"right_children":[2,4,6,-1,8,-1,-1,10,-1,-1,-1],"split_conditions":[9.261218E-1,1.0341774E-1,1E0,-1.5698947E0,7.254539E-1,4.3004456E-1,1.7396576E0,2.0734416E-1,1.395803E-1,-3.611252E-1,-1.24765396E-1],"split_indices":[0,0,0,0,0,0,0,0,0,0,0],"split_type":[0,0,0,0,0,0,0,0,0,0,0],"sum_hessian":[9E0,7E0,2E0,1E0,6E0,1E0,1E0,4E0,2E0,1E0,3E0],"tree_param":{"num_deleted":"0","num_feature":"2","num_nodes":"11","size_leaf_vector":"1"}},{"base_weights":[3.826832E-1,-4.674684E0,1.3741435E1,-1.4914E0,-1.0813533E0,4.085419E-1,1.6526734E0,-2.2955413E0,1.3027446E-1,-3.430687E-1,-1.1540832E-1],"categories":[],"categories_nodes":[],"categories_segments":[],"categories_sizes":[],"default_left":[0,0,0,0,0,0,0,0,0,0,0],"id":51,"left_children":[1,3,5,-1,7,-1,-1,9,-1,-1,-1],"loss_changes":[7.3983795E2,2.782187E2,1.3166016E1,0E0,2.3253708E1,0E0,0E0,2.5193062E0,0E0,0E0,0E0],"parents":[2147483647,0,0,1,1,2,2,4,4,7,7],"right_children":[2,4,6,-1,8,-1,-1,10,-1,-1,-1],"split_conditions":[9.261218E-1,1.0341774E-1,1E0,-1.4914E0,7.254539E-1,4.085419E-1,1.6526734E0,2.0734416E-1,1.3027446E-1,-3.430687E-1,-1.1540832E-1],"split_indices":[0,0,0,0,0,0,0,0,0,0,0],"split_type":[0,0,0,0,0,0,0,0,0,0,0],"sum_hessian":[9E0,7E0,2E0,1E0,6E0,1E0,1E0,4E0,2E0,1E0,3E0],"tree_param":{"num_deleted":"0","num_feature":"2","num_nodes":"11","size_leaf_vector":"1"}},{"base_weights":[3.6857852E-1,-4.434663E0,1.3054362E1,-1.41683E0,-1.0201002E0,3.881134E-1,1.570041E0,-2.1576812E0,1.21590175E-1,-3.2591555E-1,-1.06752396E-1],"categories":[],"categories_nodes":[],"categories_segments":[],"categories_sizes":[],"default_left":[0,0,0,0,0,0,0,0,0,0,0],"id":52,"left_children":[1,3,5,-1,7,-1,-1,9,-1,-1,-1],"loss_changes":[6.6722046E2,2.5143582E2,1.1882965E1,0E0,2.0428963E1,0E0,0E0,2.5246735E0,0E0,0E0,0E0],"parents":[2147483647,0,0,1,1,2,2,4,4,7,7],"right_children":[2,4,6,-1,8,-1,-1,10,-1,-1,-1],"split_conditions":[9.261218E-1,1.0341774E-1,1E0,-1.41683E0,7.254539E-1,3.881134E-1,1.570041E0,2.0734416E-1,1.21590175E-1,-3.2591555E-1,-1.06752396E-1],"split_indices":[0,0,0,0,0,0,0,0,0,0,0],"split_type":[0,0,0,0,0,0,0,0,0,0,0],"sum_hessian":[9E0,7E0,2E0,1E0,6E0,1E0,1E0,4E0,2E0,1E0,3E0],"tree_param":{"num_deleted":"0","num_feature":"2","num_nodes":"11","size_leaf_vector":"1"}},{"base_weights":[3.5474244E-1,-4.207184E0,1.2401631E1,-1.3459885E0,-9.6252877E-1,3.6870727E-1,1.4915375E0,-2.0284486E0,1.134847E0,-3.096199E-1,-9.874611E-2,3.560791E-2,1.3461915E-1],"categories":[],"categories_nodes":[],"categories_segments":[],"categories_sizes":[],"default_left":[0,0,0,0,0,0,0,0,0,0,0,0,0],"id":53,"left_children":[1,3,5,-1,7,-1,-1,9,11,-1,-1,-1,-1],"loss_changes":[6.0174615E2,2.2721904E2,1.0724396E1,0E0,1.7951418E1,0E0,0E0,2.5001984E0,1.4414072E-2,0E0,0E0,0E0,0E0],"parents":[2147483647,0,0,1,1,2,2,4,4,7,7,8,8],"right_children":[2,4,6,-1,8,-1,-1,10,12,-1,-1,-1,-1],"split_conditions":[9.261218E-1,1.0341774E-1,1E0,-1.3459885E0,7.254539E-1,3.6870727E-1,1.4915375E0,2.0734416E-1,8.2769614E-1,-3.096199E-1,-9.874611E-2,3.560791E-2,1.3461915E-1],"split_indices":[0,0,0,0,0,0,0,0,0,0,0,0,0],"split_type":[0,0,0,0,0,0,0,0,0,0,0,0,0],"sum_hessian":[9E0,7E0,2E0,1E0,6E0,1E0,1E0,4E0,2E0,1E0,3E0,1E0,1E0],"tree_param":{"num_deleted":"0","num_feature":"2","num_nodes":"13","size_leaf_vector":"1"}},{"base_weights":[3.4687918E-1,-3.9844842E0,1.1781555E1,-1.278689E0,-9.002991E-1,3.502716E-1,1.4169617E0,-1.9072754E0,1.0780945E0,-2.9413912E-1,-9.133988E-2,3.382721E-2,1.2788697E-1],"categories":[],"categories_nodes":[],"categories_segments":[],"categories_sizes":[],"default_left":[0,0,0,0,0,0,0,0,0,0,0,0,0],"id":54,"left_children":[1,3,5,-1,7,-1,-1,9,11,-1,-1,-1,-1],"loss_changes":[5.422208E2,2.0567398E2,9.678986E0,0E0,1.6001589E1,0E0,0E0,2.4522552E0,1.3008118E-2,0E0,0E0,0E0,0E0],"parents":[2147483647,0,0,1,1,2,2,4,4,7,7,8,8],"right_children":[2,4,6,-1,8,-1,-1,10,12,-1,-1,-1,-1],"split_conditions":[9.261218E-1,1.0341774E-1,1E0,-1.278689E0,7.254539E-1,3.502716E-1,1.4169617E0,2.0734416E-1,8.2769614E-1,-2.9413912E-1,-9.133988E-2,3.382721E-2,1.2788697E-1],"split_indices":[0,0,0,0,0,0,0,0,0,0,0,0,0],"split_type":[0,0,0,0,0,0,0,0,0,0,0,0,0],"sum_hessian":[9E0,7E0,2E0,1E0,6E0,1E0,1E0,4E0,2E0,1E0,3E0,1E0,1E0],"tree_param":{"num_deleted":"0","num_feature":"2","num_nodes":"13","size_leaf_vector":"1"}},{"base_weights":[3.3866864E-1,-3.7738383E0,1.1192464E1,-1.2147546E0,-8.422307E-1,3.3275756E-1,1.3461121E0,-1.7936432E0,1.0242004E0,-2.794319E-1,-8.448944E-2,3.2136537E-2,1.2149353E-1],"categories":[],"categories_nodes":[],"categories_segments":[],"categories_sizes":[],"default_left":[0,0,0,0,0,0,0,0,0,0,0,0,0],"id":55,"left_children":[1,3,5,-1,7,-1,-1,9,11,-1,-1,-1,-1],"loss_changes":[4.8860162E2,1.8615634E2,8.735291E0,0E0,1.4267271E1,0E0,0E0,2.3860455E0,1.1727333E-2,0E0,0E0,0E0,0E0],"parents":[2147483647,0,0,1,1,2,2,4,4,7,7,8,8],"right_children":[2,4,6,-1,8,-1,-1,10,12,-1,-1,-1,-1],"split_conditions":[9.261218E-1,1.0341774E-1,1E0,-1.2147546E0,7.254539E-1,3.3275756E-1,1.3461121E0,2.0734416E-1,8.2769614E-1,-2.794319E-1,-8.448944E-2,3.2136537E-2,1.2149353E-1],"split_indices":[0,0,0,0,0,0,0,0,0,0,0,0,0],"split_type":[0,0,0,0,0,0,0,0,0,0,0,0,0],"sum_hessian":[9E0,7E0,2E0,1E0,6E0,1E0,1E0,4E0,2E0,1E0,3E0,1E0,1E0],"tree_param":{"num_deleted":"0","num_feature":"2","num_nodes":"13","size_leaf_vector":"1"}},{"base_weights":[3.301819E-1,-3.574585E0,1.0632833E1,-1.1540169E0,-7.8804886E-1,3.161194E-1,1.2788056E0,-1.9802895E0,6.012039E-1,-2.6546022E-1,-8.706512E-2,-2.5706483E-2,9.7298175E-1,3.0529786E-2,1.1541748E-1],"categories":[],"categories_nodes":[],"categories_segments":[],"categories_sizes":[],"default_left":[0,0,0,0,0,0,0,0,0,0,0,0,0,0,0],"id":56,"left_children":[1,3,5,-1,7,-1,-1,9,11,-1,-1,-1,13,-1,-1],"loss_changes":[4.4030246E2,1.6847687E2,7.883606E0,0E0,1.2784822E1,0E0,0E0,6.817398E-1,1.5264606E0,0E0,0E0,0E0,1.0571957E-2,0E0,0E0],"parents":[2147483647,0,0,1,1,2,2,4,4,7,7,8,8,12,12],"right_children":[2,4,6,-1,8,-1,-1,10,12,-1,-1,-1,14,-1,-1],"split_conditions":[9.261218E-1,1.0341774E-1,1E0,-1.1540169E0,5.1470774E-1,3.161194E-1,1.2788056E0,2.0734416E-1,7.254539E-1,-2.6546022E-1,-8.706512E-2,-2.5706483E-2,8.2769614E-1,3.0529786E-2,1.1541748E-1],"split_indices":[0,0,0,0,0,0,0,0,0,0,0,0,0,0,0],"split_type":[0,0,0,0,0,0,0,0,0,0,0,0,0,0,0],"sum_hessian":[9E0,7E0,2E0,1E0,6E0,1E0,1E0,3E0,3E0,1E0,2E0,1E0,2E0,1E0,1E0],"tree_param":{"num_deleted":"0","num_feature":"2","num_nodes":"15","size_leaf_vector":"1"}},{"base_weights":[3.1802768E-1,-3.390414E0,1.0101196E1,-1.0963161E0,-7.424273E-1,3.0031434E-1,1.2148651E0,-1.8703918E0,5.711441E-1,-2.5218734E-1,-8.126068E-2,-2.4421692E-2,9.2433673E-1,2.9003907E-2,1.0964661E-1],"categories":[],"categories_nodes":[],"categories_segments":[],"categories_sizes":[],"default_left":[0,0,0,0,0,0,0,0,0,0,0,0,0,0,0],"id":57,"left_children":[1,3,5,-1,7,-1,-1,9,11,-1,-1,-1,13,-1,-1],"loss_changes":[3.9705035E2,1.522809E2,7.114685E0,0E0,1.1439897E1,0E0,0E0,7.0721817E-1,1.3776568E0,0E0,0E0,0E0,9.525776E-3,0E0,0E0],"parents":[2147483647,0,0,1,1,2,2,4,4,7,7,8,8,12,12],"right_children":[2,4,6,-1,8,-1,-1,10,12,-1,-1,-1,14,-1,-1],"split_conditions":[9.261218E-1,1.0341774E-1,1E0,-1.0963161E0,5.1470774E-1,3.0031434E-1,1.2148651E0,2.0734416E-1,7.254539E-1,-2.5218734E-1,-8.126068E-2,-2.4421692E-2,8.2769614E-1,2.9003907E-2,1.0964661E-1],"split_indices":[0,0,0,0,0,0,0,0,0,0,0,0,0,0,0],"split_type":[0,0,0,0,0,0,0,0,0,0,0,0,0,0,0],"sum_hessian":[9E0,7E0,2E0,1E0,6E0,1E0,1E0,3E0,3E0,1E0,2E0,1E0,2E0,1E0,1E0],"tree_param":{"num_deleted":"0","num_feature":"2","num_nodes":"15","size_leaf_vector":"1"}},{"base_weights":[3.061962E-1,-3.2158113E0,9.59615E0,-1.0415003E0,-6.9949776E-1,2.852997E-1,1.154123E0,-1.766716E0,5.425949E-1,-2.3957825E-1,-7.5843304E-2,-2.3200989E-2,8.781331E-1,2.7554322E-2,1.0416565E-1],"categories":[],"categories_nodes":[],"categories_segments":[],"categories_sizes":[],"default_left":[0,0,0,0,0,0,0,0,0,0,0,0,0,0,0],"id":58,"left_children":[1,3,5,-1,7,-1,-1,9,11,-1,-1,-1,13,-1,-1],"loss_changes":[3.580523E2,1.376381E2,6.4207764E0,0E0,1.02376995E1,0E0,0E0,7.20068E-1,1.2433735E0,0E0,0E0,0E0,8.591175E-3,0E0,0E0],"parents":[2147483647,0,0,1,1,2,2,4,4,7,7,8,8,12,12],"right_children":[2,4,6,-1,8,-1,-1,10,12,-1,-1,-1,14,-1,-1],"split_conditions":[9.261218E-1,1.0341774E-1,1E0,-1.0415003E0,5.1470774E-1,2.852997E-1,1.154123E0,2.0734416E-1,7.254539E-1,-2.3957825E-1,-7.5843304E-2,-2.3200989E-2,8.2769614E-1,2.7554322E-2,1.0416565E-1],"split_indices":[0,0,0,0,0,0,0,0,0,0,0,0,0,0,0],"split_type":[0,0,0,0,0,0,0,0,0,0,0,0,0,0,0],"sum_hessian":[9E0,7E0,2E0,1E0,6E0,1E0,1E0,3E0,3E0,1E0,2E0,1E0,2E0,1E0,1E0],"tree_param":{"num_deleted":"0","num_feature":"2","num_nodes":"15","size_leaf_vector":"1"}},{"base_weights":[2.9467696E-1,-3.0502863E0,9.116353E0,-9.894253E-1,-6.591121E-1,2.7103576E-1,1.0964173E0,-1.423288E0,8.342183E-1,-2.2759934E-1,-6.411133E-2,2.6176453E-2,9.89563E-2],"categories":[],"categories_nodes":[],"categories_segments":[],"categories_sizes":[],"default_left":[0,0,0,0,0,0,0,0,0,0,0,0,0],"id":59,"left_children":[1,3,5,-1,7,-1,-1,9,11,-1,-1,-1,-1],"loss_changes":[3.228893E2,1.24399506E2,5.7945404E0,0E0,9.175503E0,0E0,0E0,1.8756533E0,7.750511E-3,0E0,0E0,0E0,0E0],"parents":[2147483647,0,0,1,1,2,2,4,4,7,7,8,8],"right_children":[2,4,6,-1,8,-1,-1,10,12,-1,-1,-1,-1],"split_conditions":[9.261218E-1,1.0341774E-1,1E0,-9.894253E-1,7.254539E-1,2.7103576E-1,1.0964173E0,2.0734416E-1,8.2769614E-1,-2.2759934E-1,-6.411133E-2,2.6176453E-2,9.89563E-2],"split_indices":[0,0,0,0,0,0,0,0,0,0,0,0,0],"split_type":[0,0,0,0,0,0,0,0,0,0,0,0,0],"sum_hessian":[9E0,7E0,2E0,1E0,6E0,1E0,1E0,4E0,2E0,1E0,3E0,1E0,1E0],"tree_param":{"num_deleted":"0","num_feature":"2","num_nodes":"13","size_leaf_vector":"1"}},{"base_weights":[2.863533E-1,-2.8897543E0,8.660522E0,-9.39954E-1,-6.169935E-1,2.5748292E-1,1.0415955E0,-1.5799446E0,5.00206E-1,-2.1621934E-1,-6.651306E-2,-1.883545E-2,7.92511E-1,2.486725E-2,9.40094E-2],"categories":[],"categories_nodes":[],"categories_segments":[],"categories_sizes":[],"default_left":[0,0,0,0,0,0,0,0,0,0,0,0,0,0,0],"id":60,"left_children":[1,3,5,-1,7,-1,-1,9,11,-1,-1,-1,13,-1,-1],"loss_changes":[2.9099942E2,1.1256202E2,5.2297516E0,0E0,8.320957E0,0E0,0E0,6.9245625E-1,9.5435166E-1,0E0,0E0,0E0,7.0085526E-3,0E0,0E0],"parents":[2147483647,0,0,1,1,2,2,4,4,7,7,8,8,12,12],"right_children":[2,4,6,-1,8,-1,-1,10,12,-1,-1,-1,14,-1,-1],"split_conditions":[9.261218E-1,1.0341774E-1,1E0,-9.39954E-1,5.1470774E-1,2.5748292E-1,1.0415955E0,2.0734416E-1,7.254539E-1,-2.1621934E-1,-6.651306E-2,-1.883545E-2,8.2769614E-1,2.486725E-2,9.40094E-2],"split_indices":[0,0,0,0,0,0,0,0,0,0,0,0,0,0,0],"split_type":[0,0,0,0,0,0,0,0,0,0,0,0,0,0,0],"sum_hessian":[9E0,7E0,2E0,1E0,6E0,1E0,1E0,3E0,3E0,1E0,2E0,1E0,2E0,1E0,1E0],"tree_param":{"num_deleted":"0","num_feature":"2","num_nodes":"15","size_leaf_vector":"1"}},{"base_weights":[2.7535456E-1,-2.741111E0,8.227478E0,-8.9295626E-1,-5.8139473E-1,2.4460755E-1,9.895142E-1,-1.4926376E0,4.7519684E-1,-2.0540848E-1,-6.2079366E-2,-1.7893983E-2,7.52889E-1,2.3623658E-2,8.930969E-2],"categories":[],"categories_nodes":[],"categories_segments":[],"categories_sizes":[],"default_left":[0,0,0,0,0,0,0,0,0,0,0,0,0,0,0],"id":61,"left_children":[1,3,5,-1,7,-1,-1,9,11,-1,-1,-1,13,-1,-1],"loss_changes":[2.6242548E2,1.01730804E2,4.720047E0,0E0,7.448977E0,0E0,0E0,6.8281555E-1,8.613164E-1,0E0,0E0,0E0,6.3340664E-3,0E0,0E0],"parents":[2147483647,0,0,1,1,2,2,4,4,7,7,8,8,12,12],"right_children":[2,4,6,-1,8,-1,-1,10,12,-1,-1,-1,14,-1,-1],"split_conditions":[9.261218E-1,1.0341774E-1,1E0,-8.9295626E-1,5.1470774E-1,2.4460755E-1,9.895142E-1,2.0734416E-1,7.254539E-1,-2.0540848E-1,-6.2079366E-2,-1.7893983E-2,8.2769614E-1,2.3623658E-2,8.930969E-2],"split_indices":[0,0,0,0,0,0,0,0,0,0,0,0,0,0,0],"split_type":[0,0,0,0,0,0,0,0,0,0,0,0,0,0,0],"sum_hessian":[9E0,7E0,2E0,1E0,6E0,1E0,1E0,3E0,3E0,1E0,2E0,1E0,2E0,1E0,1E0],"tree_param":{"num_deleted":"0","num_feature":"2","num_nodes":"15","size_leaf_vector":"1"}},{"base_weights":[2.6468983E-1,-2.6001756E0,7.816101E0,-8.483085E-1,-5.478908E-1,2.323761E-1,9.400391E-1,-1.4102478E0,4.514389E-1,-1.9513778E-1,-5.794118E-2,-1.6999817E-2,7.152507E-1,2.2442628E-2,8.484497E-2],"categories":[],"categories_nodes":[],"categories_segments":[],"categories_sizes":[],"default_left":[0,0,0,0,0,0,0,0,0,0,0,0,0,0,0],"id":62,"left_children":[1,3,5,-1,7,-1,-1,9,11,-1,-1,-1,13,-1,-1],"loss_changes":[2.3666101E2,9.193942E1,4.2601013E0,0E0,6.6690936E0,0E0,0E0,6.677103E-1,7.7736086E-1,0E0,0E0,0E0,5.7177544E-3,0E0,0E0],"parents":[2147483647,0,0,1,1,2,2,4,4,7,7,8,8,12,12],"right_children":[2,4,6,-1,8,-1,-1,10,12,-1,-1,-1,14,-1,-1],"split_conditions":[9.261218E-1,1.0341774E-1,1E0,-8.483085E-1,5.1470774E-1,2.323761E-1,9.400391E-1,2.0734416E-1,7.254539E-1,-1.9513778E-1,-5.794118E-2,-1.6999817E-2,8.2769614E-1,2.2442628E-2,8.484497E-2],"split_indices":[0,0,0,0,0,0,0,0,0,0,0,0,0,0,0],"split_type":[0,0,0,0,0,0,0,0,0,0,0,0,0,0,0],"sum_hessian":[9E0,7E0,2E0,1E0,6E0,1E0,1E0,3E0,3E0,1E0,2E0,1E0,2E0,1E0,1E0],"tree_param":{"num_deleted":"0","num_feature":"2","num_nodes":"15","size_leaf_vector":"1"}},{"base_weights":[2.5435466E-1,-2.4665415E0,7.425293E0,-8.0589306E-1,-5.163531E-1,2.2075807E-1,8.930359E-1,-1.332489E0,4.2887115E-1,-1.8538056E-1,-5.407817E-2,-1.6149903E-2,6.794942E-1,2.1321107E-2,8.0603026E-2],"categories":[],"categories_nodes":[],"categories_segments":[],"categories_sizes":[],"default_left":[0,0,0,0,0,0,0,0,0,0,0,0,0,0,0],"id":63,"left_children":[1,3,5,-1,7,-1,-1,9,11,-1,-1,-1,13,-1,-1],"loss_changes":[2.1342857E2,8.308845E1,3.8445282E0,0E0,5.9714866E0,0E0,0E0,6.484165E-1,7.0157915E-1,0E0,0E0,0E0,5.150318E-3,0E0,0E0],"parents":[2147483647,0,0,1,1,2,2,4,4,7,7,8,8,12,12],"right_children":[2,4,6,-1,8,-1,-1,10,12,-1,-1,-1,14,-1,-1],"split_conditions":[9.261218E-1,1.0341774E-1,1E0,-8.0589306E-1,5.1470774E-1,2.2075807E-1,8.930359E-1,2.0734416E-1,7.254539E-1,-1.8538056E-1,-5.407817E-2,-1.6149903E-2,8.2769614E-1,2.1321107E-2,8.0603026E-2],"split_indices":[0,0,0,0,0,0,0,0,0,0,0,0,0,0,0],"split_type":[0,0,0,0,0,0,0,0,0,0,0,0,0,0,0],"sum_hessian":[9E0,7E0,2E0,1E0,6E0,1E0,1E0,3E0,3E0,1E0,2E0,1E0,2E0,1E0,1E0],"tree_param":{"num_deleted":"0","num_feature":"2","num_nodes":"15","size_leaf_vector":"1"}},{"base_weights":[2.443327E-1,-2.3398402E0,7.054016E0,-7.655984E-1,-4.8667908E-1,2.0971985E-1,8.483826E-1,-1.5035248E-1,2.2076416E-1,-2.7756754E-2,6.455078E-1,2.0254517E-2,7.657166E-2],"categories":[],"categories_nodes":[],"categories_segments":[],"categories_sizes":[],"default_left":[0,0,0,0,0,0,0,0,0,0,0,0,0],"id":64,"left_children":[1,3,5,-1,7,-1,-1,-1,9,-1,11,-1,-1],"loss_changes":[1.9247925E2,7.508736E1,3.4696503E0,0E0,5.3674493E0,0E0,0E0,0E0,1.2374882E0,0E0,4.651785E-3,0E0,0E0],"parents":[2147483647,0,0,1,1,2,2,4,4,8,8,10,10],"right_children":[2,4,6,-1,8,-1,-1,-1,10,-1,12,-1,-1],"split_conditions":[9.261218E-1,1.0341774E-1,1E0,-7.655984E-1,3.1043947E-1,2.0971985E-1,8.483826E-1,-1.5035248E-1,7.254539E-1,-2.7756754E-2,8.2769614E-1,2.0254517E-2,7.657166E-2],"split_indices":[0,0,0,0,0,0,0,0,0,0,0,0,0],"split_type":[0,0,0,0,0,0,0,0,0,0,0,0,0],"sum_hessian":[9E0,7E0,2E0,1E0,6E0,1E0,1E0,2E0,4E0,2E0,2E0,1E0,1E0],"tree_param":{"num_deleted":"0","num_feature":"2","num_nodes":"13","size_leaf_vector":"1"}},{"base_weights":[2.410204E-1,-2.2117174E0,6.7013144E0,-7.2731847E-1,-4.496242E-1,1.9923401E-1,8.0596316E-1,-1.1769867E0,3.9014435E-1,-1.6859436E-1,-4.453532E-2,-1.3954163E-2,6.132202E-1,1.9241333E-2,7.27417E-2],"categories":[],"categories_nodes":[],"categories_segments":[],"categories_sizes":[],"default_left":[0,0,0,0,0,0,0,0,0,0,0,0,0,0,0],"id":65,"left_children":[1,3,5,-1,7,-1,-1,9,11,-1,-1,-1,13,-1,-1],"loss_changes":[1.7327548E2,6.808002E1,3.1313171E0,0E0,4.7349076E0,0E0,0E0,7.3863935E-1,5.582104E-1,0E0,0E0,0E0,4.199624E-3,0E0,0E0],"parents":[2147483647,0,0,1,1,2,2,4,4,7,7,8,8,12,12],"right_children":[2,4,6,-1,8,-1,-1,10,12,-1,-1,-1,14,-1,-1],"split_conditions":[9.261218E-1,1.0341774E-1,1E0,-7.2731847E-1,5.1470774E-1,1.9923401E-1,8.0596316E-1,2.0734416E-1,7.254539E-1,-1.6859436E-1,-4.453532E-2,-1.3954163E-2,8.2769614E-1,1.9241333E-2,7.27417E-2],"split_indices":[0,0,0,0,0,0,0,0,0,0,0,0,0,0,0],"split_type":[0,0,0,0,0,0,0,0,0,0,0,0,0,0,0],"sum_hessian":[9E0,7E0,2E0,1E0,6E0,1E0,1E0,3E0,3E0,1E0,2E0,1E0,2E0,1E0,1E0],"tree_param":{"num_deleted":"0","num_feature":"2","num_nodes":"15","size_leaf_vector":"1"}},{"base_weights":[2.3119612E-1,-2.098349E0,6.3662515E0,-6.9095254E-1,-4.2396328E-1,1.8927307E-1,7.656647E-1,-1.3322449E0,2.0579834E-1,-1.6016464E-1,-3.9672088E-2,-2.3956299E-2,5.8256024E-1,1.828003E-2,6.910401E-2],"categories":[],"categories_nodes":[],"categories_segments":[],"categories_sizes":[],"default_left":[0,0,0,0,0,0,0,0,0,0,0,0,0,0,0],"id":66,"left_children":[1,3,5,-1,7,-1,-1,9,11,-1,-1,-1,13,-1,-1],"loss_changes":[1.5627753E2,6.1516747E1,2.8258514E0,0E0,4.27818E0,0E0,0E0,1.2068844E-1,9.7853565E-1,0E0,0E0,0E0,3.7753582E-3,0E0,0E0],"parents":[2147483647,0,0,1,1,2,2,4,4,7,7,8,8,12,12],"right_children":[2,4,6,-1,8,-1,-1,10,12,-1,-1,-1,14,-1,-1],"split_conditions":[9.261218E-1,1.0341774E-1,1E0,-6.9095254E-1,3.1043947E-1,1.8927307E-1,7.656647E-1,2.0734416E-1,7.254539E-1,-1.6016464E-1,-3.9672088E-2,-2.3956299E-2,8.2769614E-1,1.828003E-2,6.910401E-2],"split_indices":[0,0,0,0,0,0,0,0,0,0,0,0,0,0,0],"split_type":[0,0,0,0,0,0,0,0,0,0,0,0,0,0,0],"sum_hessian":[9E0,7E0,2E0,1E0,6E0,1E0,1E0,2E0,4E0,1E0,1E0,2E0,2E0,1E0,1E0],"tree_param":{"num_deleted":"0","num_feature":"2","num_nodes":"15","size_leaf_vector":"1"}},{"base_weights":[2.2083426E-1,-1.991932E0,6.047933E0,-6.564049E-1,-4.010511E-1,1.7980957E-1,7.273804E-1,-1.2656301E0,1.979065E-1,-1.5215607E-1,-3.7688445E-2,-2.2359213E-2,5.534363E-1,1.7366027E-2,6.564941E-2],"categories":[],"categories_nodes":[],"categories_segments":[],"categories_sizes":[],"default_left":[0,0,0,0,0,0,0,0,0,0,0,0,0,0,0],"id":67,"left_children":[1,3,5,-1,7,-1,-1,9,11,-1,-1,-1,13,-1,-1],"loss_changes":[1.4098715E2,5.555703E1,2.5502548E0,0E0,3.8753996E0,0E0,0E0,1.0891914E-1,8.7302065E-1,0E0,0E0,0E0,3.4097433E-3,0E0,0E0],"parents":[2147483647,0,0,1,1,2,2,4,4,7,7,8,8,12,12],"right_children":[2,4,6,-1,8,-1,-1,10,12,-1,-1,-1,14,-1,-1],"split_conditions":[9.261218E-1,1.0341774E-1,1E0,-6.564049E-1,3.1043947E-1,1.7980957E-1,7.273804E-1,2.0734416E-1,7.254539E-1,-1.5215607E-1,-3.7688445E-2,-2.2359213E-2,8.2769614E-1,1.7366027E-2,6.564941E-2],"split_indices":[0,0,0,0,0,0,0,0,0,0,0,0,0,0,0],"split_type":[0,0,0,0,0,0,0,0,0,0,0,0,0,0,0],"sum_hessian":[9E0,7E0,2E0,1E0,6E0,1E0,1E0,2E0,4E0,1E0,1E0,2E0,2E0,1E0,1E0],"tree_param":{"num_deleted":"0","num_feature":"2","num_nodes":"15","size_leaf_vector":"1"}},{"base_weights":[2.1091318E-1,-1.8909377E0,5.7455444E0,-6.235847E-1,-3.7940106E-1,1.7081909E-1,6.9101256E-1,-1.2023468E0,1.9024658E-1,-1.4454804E-1,-3.5803985E-2,-2.086792E-2,5.2575684E-1,1.6497804E-2,6.2365722E-2],"categories":[],"categories_nodes":[],"categories_segments":[],"categories_sizes":[],"default_left":[0,0,0,0,0,0,0,0,0,0,0,0,0,0,0],"id":68,"left_children":[1,3,5,-1,7,-1,-1,9,11,-1,-1,-1,13,-1,-1],"loss_changes":[1.2719416E2,5.0174026E1,2.3016586E0,0E0,3.5102663E0,0E0,0E0,9.829855E-2,7.78933E-1,0E0,0E0,0E0,3.0713677E-3,0E0,0E0],"parents":[2147483647,0,0,1,1,2,2,4,4,7,7,8,8,12,12],"right_children":[2,4,6,-1,8,-1,-1,10,12,-1,-1,-1,14,-1,-1],"split_conditions":[9.261218E-1,1.0341774E-1,1E0,-6.235847E-1,3.1043947E-1,1.7081909E-1,6.9101256E-1,2.0734416E-1,7.254539E-1,-1.4454804E-1,-3.5803985E-2,-2.086792E-2,8.2769614E-1,1.6497804E-2,6.2365722E-2],"split_indices":[0,0,0,0,0,0,0,0,0,0,0,0,0,0,0],"split_type":[0,0,0,0,0,0,0,0,0,0,0,0,0,0,0],"sum_hessian":[9E0,7E0,2E0,1E0,6E0,1E0,1E0,2E0,4E0,1E0,1E0,2E0,2E0,1E0,1E0],"tree_param":{"num_deleted":"0","num_feature":"2","num_nodes":"15","size_leaf_vector":"1"}},{"base_weights":[2.0140429E-1,-1.7950891E0,5.458252E0,-5.924055E-1,-3.589434E-1,1.6227722E-1,6.564606E-1,-1.1422323E0,1.828186E-1,-1.3732071E-1,-3.4014132E-2,-1.9476319E-2,4.9946085E-1,1.5672302E-2,5.9246827E-2],"categories":[],"categories_nodes":[],"categories_segments":[],"categories_sizes":[],"default_left":[0,0,0,0,0,0,0,0,0,0,0,0,0,0,0],"id":69,"left_children":[1,3,5,-1,7,-1,-1,9,11,-1,-1,-1,13,-1,-1],"loss_changes":[1.14750656E2,4.531197E1,2.0773315E0,0E0,3.1793141E0,0E0,0E0,8.870411E-2,6.9506836E-1,0E0,0E0,0E0,2.7779937E-3,0E0,0E0],"parents":[2147483647,0,0,1,1,2,2,4,4,7,7,8,8,12,12],"right_children":[2,4,6,-1,8,-1,-1,10,12,-1,-1,-1,14,-1,-1],"split_conditions":[9.261218E-1,1.0341774E-1,1E0,-5.924055E-1,3.1043947E-1,1.6227722E-1,6.564606E-1,2.0734416E-1,7.254539E-1,-1.3732071E-1,-3.4014132E-2,-1.9476319E-2,8.2769614E-1,1.5672302E-2,5.9246827E-2],"split_indices":[0,0,0,0,0,0,0,0,0,0,0,0,0,0,0],"split_type":[0,0,0,0,0,0,0,0,0,0,0,0,0,0,0],"sum_hessian":[9E0,7E0,2E0,1E0,6E0,1E0,1E0,2E0,4E0,1E0,1E0,2E0,2E0,1E0,1E0],"tree_param":{"num_deleted":"0","num_feature":"2","num_nodes":"15","size_leaf_vector":"1"}},{"base_weights":[1.9230375E-1,-1.7041241E0,5.1853433E0,-5.627852E-1,-3.396127E-1,1.541626E-1,6.236389E-1,-1.0851237E0,1.7561646E-1,-1.3045502E-1,-3.2313537E-2,-1.8178305E-2,4.7447714E-1,1.4888001E-2,5.628357E-2],"categories":[],"categories_nodes":[],"categories_segments":[],"categories_sizes":[],"default_left":[0,0,0,0,0,0,0,0,0,0,0,0,0,0,0],"id":70,"left_children":[1,3,5,-1,7,-1,-1,9,11,-1,-1,-1,13,-1,-1],"loss_changes":[1.0352587E2,4.0920483E1,1.8749619E0,0E0,2.8793287E0,0E0,0E0,8.0055E-2,6.203152E-1,0E0,0E0,0E0,2.5129318E-3,0E0,0E0],"parents":[2147483647,0,0,1,1,2,2,4,4,7,7,8,8,12,12],"right_children":[2,4,6,-1,8,-1,-1,10,12,-1,-1,-1,14,-1,-1],"split_conditions":[9.261218E-1,1.0341774E-1,1E0,-5.627852E-1,3.1043947E-1,1.541626E-1,6.236389E-1,2.0734416E-1,7.254539E-1,-1.3045502E-1,-3.2313537E-2,-1.8178305E-2,8.2769614E-1,1.4888001E-2,5.628357E-2],"split_indices":[0,0,0,0,0,0,0,0,0,0,0,0,0,0,0],"split_type":[0,0,0,0,0,0,0,0,0,0,0,0,0,0,0],"sum_hessian":[9E0,7E0,2E0,1E0,6E0,1E0,1E0,2E0,4E0,1E0,1E0,2E0,2E0,1E0,1E0],"tree_param":{"num_deleted":"0","num_feature":"2","num_nodes":"15","size_leaf_vector":"1"}},{"base_weights":[1.8359813E-1,-1.6177771E0,4.926066E0,-5.34646E-1,-3.213283E-1,1.4645386E-1,5.9245604E-1,-1.0308634E0,1.6865845E-1,-1.23931885E-1,-3.0697633E-2,-1.696574E-2,4.507548E-1,1.4143372E-2,5.3469848E-2],"categories":[],"categories_nodes":[],"categories_segments":[],"categories_sizes":[],"default_left":[0,0,0,0,0,0,0,0,0,0,0,0,0,0,0],"id":71,"left_children":[1,3,5,-1,7,-1,-1,9,11,-1,-1,-1,13,-1,-1],"loss_changes":[9.339892E1,3.6954395E1,1.6922073E0,0E0,2.6075034E0,0E0,0E0,7.225323E-2,5.536622E-1,0E0,0E0,0E0,2.2722483E-3,0E0,0E0],"parents":[2147483647,0,0,1,1,2,2,4,4,7,7,8,8,12,12],"right_children":[2,4,6,-1,8,-1,-1,10,12,-1,-1,-1,14,-1,-1],"split_conditions":[9.261218E-1,1.0341774E-1,1E0,-5.34646E-1,3.1043947E-1,1.4645386E-1,5.9245604E-1,2.0734416E-1,7.254539E-1,-1.23931885E-1,-3.0697633E-2,-1.696574E-2,8.2769614E-1,1.4143372E-2,5.3469848E-2],"split_indices":[0,0,0,0,0,0,0,0,0,0,0,0,0,0,0],"split_type":[0,0,0,0,0,0,0,0,0,0,0,0,0,0,0],"sum_hessian":[9E0,7E0,2E0,1E0,6E0,1E0,1E0,2E0,4E0,1E0,1E0,2E0,2E0,1E0,1E0],"tree_param":{"num_deleted":"0","num_feature":"2","num_nodes":"15","size_leaf_vector":"1"}},{"base_weights":[1.7526464E-1,-1.5358249E0,4.6797485E0,-5.0791365E-1,-3.0404663E-1,1.3912964E-1,5.6283265E-1,-9.793193E-1,1.6192627E-1,-1.1773529E-1,-2.9162599E-2,-1.5834553E-2,4.2822266E-1,1.343689E-2,5.079651E-2],"categories":[],"categories_nodes":[],"categories_segments":[],"categories_sizes":[],"default_left":[0,0,0,0,0,0,0,0,0,0,0,0,0,0,0],"id":72,"left_children":[1,3,5,-1,7,-1,-1,9,11,-1,-1,-1,13,-1,-1],"loss_changes":[8.426303E1,3.33723E1,1.5273895E0,0E0,2.3611887E0,0E0,0E0,6.521273E-2,4.9424326E-1,0E0,0E0,0E0,2.043128E-3,0E0,0E0],"parents":[2147483647,0,0,1,1,2,2,4,4,7,7,8,8,12,12],"right_children":[2,4,6,-1,8,-1,-1,10,12,-1,-1,-1,14,-1,-1],"split_conditions":[9.261218E-1,1.0341774E-1,1E0,-5.0791365E-1,3.1043947E-1,1.3912964E-1,5.6283265E-1,2.0734416E-1,7.254539E-1,-1.1773529E-1,-2.9162599E-2,-1.5834553E-2,8.2769614E-1,1.343689E-2,5.079651E-2],"split_indices":[0,0,0,0,0,0,0,0,0,0,0,0,0,0,0],"split_type":[0,0,0,0,0,0,0,0,0,0,0,0,0,0,0],"sum_hessian":[9E0,7E0,2E0,1E0,6E0,1E0,1E0,2E0,4E0,1E0,1E0,2E0,2E0,1E0,1E0],"tree_param":{"num_deleted":"0","num_feature":"2","num_nodes":"15","size_leaf_vector":"1"}},{"base_weights":[1.6729593E-1,-1.4580401E0,4.4457603E0,-4.8251796E-1,-2.8770882E-1,1.3217163E-1,5.346924E-1,-9.303538E-1,1.5541992E-1,-1.1184845E-1,-2.770462E-2,-1.4778646E-2,4.0681967E-1,1.27655035E-2,4.8257448E-2],"categories":[],"categories_nodes":[],"categories_segments":[],"categories_sizes":[],"default_left":[0,0,0,0,0,0,0,0,0,0,0,0,0,0,0],"id":73,"left_children":[1,3,5,-1,7,-1,-1,9,11,-1,-1,-1,13,-1,-1],"loss_changes":[7.6021515E1,3.0137102E1,1.3787117E0,0E0,2.1380167E0,0E0,0E0,5.8849573E-2,4.412524E-1,0E0,0E0,0E0,1.8411577E-3,0E0,0E0],"parents":[2147483647,0,0,1,1,2,2,4,4,7,7,8,8,12,12],"right_children":[2,4,6,-1,8,-1,-1,10,12,-1,-1,-1,14,-1,-1],"split_conditions":[9.261218E-1,1.0341774E-1,1E0,-4.8251796E-1,3.1043947E-1,1.3217163E-1,5.346924E-1,2.0734416E-1,7.254539E-1,-1.1184845E-1,-2.770462E-2,-1.4778646E-2,8.2769614E-1,1.27655035E-2,4.8257448E-2],"split_indices":[0,0,0,0,0,0,0,0,0,0,0,0,0,0,0],"split_type":[0,0,0,0,0,0,0,0,0,0,0,0,0,0,0],"sum_hessian":[9E0,7E0,2E0,1E0,6E0,1E0,1E0,2E0,4E0,1E0,1E0,2E0,2E0,1E0,1E0],"tree_param":{"num_deleted":"0","num_feature":"2","num_nodes":"15","size_leaf_vector":"1"}},{"base_weights":[1.5966702E-1,-1.3842175E0,4.22347E0,-4.5839205E-1,-2.722713E-1,1.2556152E-1,5.07959E-1,-8.8383484E-1,1.4912109E-1,-1.06256105E-1,-2.6319122E-2,-1.3793945E-2,3.864746E-1,1.2127685E-2,4.5843508E-2],"categories":[],"categories_nodes":[],"categories_segments":[],"categories_sizes":[],"default_left":[0,0,0,0,0,0,0,0,0,0,0,0,0,0,0],"id":74,"left_children":[1,3,5,-1,7,-1,-1,9,11,-1,-1,-1,13,-1,-1],"loss_changes":[6.8586624E1,2.721511E1,1.2445107E0,0E0,1.935756E0,0E0,0E0,5.3119183E-2,3.9398426E-1,0E0,0E0,0E0,1.6537011E-3,0E0,0E0],"parents":[2147483647,0,0,1,1,2,2,4,4,7,7,8,8,12,12],"right_children":[2,4,6,-1,8,-1,-1,10,12,-1,-1,-1,14,-1,-1],"split_conditions":[9.261218E-1,1.0341774E-1,1E0,-4.5839205E-1,3.1043947E-1,1.2556152E-1,5.07959E-1,2.0734416E-1,7.254539E-1,-1.06256105E-1,-2.6319122E-2,-1.3793945E-2,8.2769614E-1,1.2127685E-2,4.5843508E-2],"split_indices":[0,0,0,0,0,0,0,0,0,0,0,0,0,0,0],"split_type":[0,0,0,0,0,0,0,0,0,0,0,0,0,0,0],"sum_hessian":[9E0,7E0,2E0,1E0,6E0,1E0,1E0,2E0,4E0,1E0,1E0,2E0,2E0,1E0,1E0],"tree_param":{"num_deleted":"0","num_feature":"2","num_nodes":"15","size_leaf_vector":"1"}},{"base_weights":[1.523797E-1,-1.3141412E0,4.0123086E0,-4.3547246E-1,-2.5766864E-1,1.19284056E-1,4.8256227E-1,-7.01561E-1,2.5064087E-1,-1.0094299E-1,-2.6246134E-2,-4.9453736E-3,3.6715698E-1,1.1521912E-2,4.3551635E-2],"categories":[],"categories_nodes":[],"categories_segments":[],"categories_sizes":[],"default_left":[0,0,0,0,0,0,0,0,0,0,0,0,0,0,0],"id":75,"left_children":[1,3,5,-1,7,-1,-1,9,11,-1,-1,-1,13,-1,-1],"loss_changes":[6.1879402E1,2.4576267E1,1.1231384E0,0E0,1.7552828E0,0E0,0E0,2.7580428E-1,1.580207E-1,0E0,0E0,0E0,1.4871359E-3,0E0,0E0],"parents":[2147483647,0,0,1,1,2,2,4,4,7,7,8,8,12,12],"right_children":[2,4,6,-1,8,-1,-1,10,12,-1,-1,-1,14,-1,-1],"split_conditions":[9.261218E-1,1.0341774E-1,1E0,-4.3547246E-1,5.1470774E-1,1.19284056E-1,4.8256227E-1,2.0734416E-1,7.254539E-1,-1.0094299E-1,-2.6246134E-2,-4.9453736E-3,8.2769614E-1,1.1521912E-2,4.3551635E-2],"split_indices":[0,0,0,0,0,0,0,0,0,0,0,0,0,0,0],"split_type":[0,0,0,0,0,0,0,0,0,0,0,0,0,0,0],"sum_hessian":[9E0,7E0,2E0,1E0,6E0,1E0,1E0,3E0,3E0,1E0,2E0,1E0,2E0,1E0,1E0],"tree_param":{"num_deleted":"0","num_feature":"2","num_nodes":"15","size_leaf_vector":"1"}},{"base_weights":[1.4607191E-1,-1.2468001E0,3.8117065E0,-4.1369882E-1,-2.4291775E-1,1.13320924E-1,4.5843506E-1,-7.972463E-1,1.3826294E-1,-9.589615E-2,-2.3690796E-2,-1.1834717E-2,3.487854E-1,1.0945129E-2,4.1372683E-2],"categories":[],"categories_nodes":[],"categories_segments":[],"categories_sizes":[],"default_left":[0,0,0,0,0,0,0,0,0,0,0,0,0,0,0],"id":76,"left_children":[1,3,5,-1,7,-1,-1,9,11,-1,-1,-1,13,-1,-1],"loss_changes":[5.5810036E1,2.2206324E1,1.0135422E0,0E0,1.589325E0,0E0,0E0,4.466009E-2,3.113887E-1,0E0,0E0,0E0,1.3451576E-3,0E0,0E0],"parents":[2147483647,0,0,1,1,2,2,4,4,7,7,8,8,12,12],"right_children":[2,4,6,-1,8,-1,-1,10,12,-1,-1,-1,14,-1,-1],"split_conditions":[9.261218E-1,1.0341774E-1,1E0,-4.1369882E-1,3.1043947E-1,1.13320924E-1,4.5843506E-1,2.0734416E-1,7.254539E-1,-9.589615E-2,-2.3690796E-2,-1.1834717E-2,8.2769614E-1,1.0945129E-2,4.1372683E-2],"split_indices":[0,0,0,0,0,0,0,0,0,0,0,0,0,0,0],"split_type":[0,0,0,0,0,0,0,0,0,0,0,0,0,0,0],"sum_hessian":[9E0,7E0,2E0,1E0,6E0,1E0,1E0,2E0,4E0,1E0,1E0,2E0,2E0,1E0,1E0],"tree_param":{"num_deleted":"0","num_feature":"2","num_nodes":"15","size_leaf_vector":"1"}},{"base_weights":[1.3935828E-1,-1.1837199E0,3.621114E0,-3.930139E-1,-2.2992598E-1,1.0765381E-1,4.3551332E-1,-7.573802E-1,1.3253173E-1,-9.110107E-2,-2.2505952E-2,-1.1045328E-2,3.313395E-1,1.0397339E-2,3.930359E-2],"categories":[],"categories_nodes":[],"categories_segments":[],"categories_sizes":[],"default_left":[0,0,0,0,0,0,0,0,0,0,0,0,0,0,0],"id":77,"left_children":[1,3,5,-1,7,-1,-1,9,11,-1,-1,-1,13,-1,-1],"loss_changes":[5.0352737E1,2.0052502E1,9.1483307E-1,0E0,1.4386358E0,0E0,0E0,4.0310502E-2,2.781341E-1,0E0,0E0,0E0,1.2177229E-3,0E0,0E0],"parents":[2147483647,0,0,1,1,2,2,4,4,7,7,8,8,12,12],"right_children":[2,4,6,-1,8,-1,-1,10,12,-1,-1,-1,14,-1,-1],"split_conditions":[9.261218E-1,1.0341774E-1,1E0,-3.930139E-1,3.1043947E-1,1.0765381E-1,4.3551332E-1,2.0734416E-1,7.254539E-1,-9.110107E-2,-2.2505952E-2,-1.1045328E-2,8.2769614E-1,1.0397339E-2,3.930359E-2],"split_indices":[0,0,0,0,0,0,0,0,0,0,0,0,0,0,0],"split_type":[0,0,0,0,0,0,0,0,0,0,0,0,0,0,0],"sum_hessian":[9E0,7E0,2E0,1E0,6E0,1E0,1E0,2E0,4E0,1E0,1E0,2E0,2E0,1E0,1E0],"tree_param":{"num_deleted":"0","num_feature":"2","num_nodes":"15","size_leaf_vector":"1"}},{"base_weights":[1.3294283E-1,-1.1238453E0,3.4400635E0,-3.733632E-1,-2.1764265E-1,1.0227051E-1,4.1373903E-1,-7.1951294E-1,1.2700805E-1,-8.6546324E-2,-2.1380616E-2,-1.0308838E-2,3.1476846E-1,9.877014E-3,3.7338257E-2],"categories":[],"categories_nodes":[],"categories_segments":[],"categories_sizes":[],"default_left":[0,0,0,0,0,0,0,0,0,0,0,0,0,0,0],"id":78,"left_children":[1,3,5,-1,7,-1,-1,9,11,-1,-1,-1,13,-1,-1],"loss_changes":[4.5429596E1,1.8107368E1,8.257332E-1,0E0,1.3021736E0,0E0,0E0,3.6382794E-2,2.4846397E-1,0E0,0E0,0E0,1.1025965E-3,0E0,0E0],"parents":[2147483647,0,0,1,1,2,2,4,4,7,7,8,8,12,12],"right_children":[2,4,6,-1,8,-1,-1,10,12,-1,-1,-1,14,-1,-1],"split_conditions":[9.261218E-1,1.0341774E-1,1E0,-3.733632E-1,3.1043947E-1,1.0227051E-1,4.1373903E-1,2.0734416E-1,7.254539E-1,-8.6546324E-2,-2.1380616E-2,-1.0308838E-2,8.2769614E-1,9.877014E-3,3.7338257E-2],"split_indices":[0,0,0,0,0,0,0,0,0,0,0,0,0,0,0],"split_type":[0,0,0,0,0,0,0,0,0,0,0,0,0,0,0],"sum_hessian":[9E0,7E0,2E0,1E0,6E0,1E0,1E0,2E0,4E0,1E0,1E0,2E0,2E0,1E0,1E0],"tree_param":{"num_deleted":"0","num_feature":"2","num_nodes":"15","size_leaf_vector":"1"}},{"base_weights":[1.268053E-1,-1.0670106E0,3.2680461E0,-2.9127598E0,3.3699036E-2,9.7155765E-2,3.9305115E-1,-3.5469505E-1,-8.221894E-2,-1.737175E-1,2.990214E-1,-2.1136982E-2,-3.038025E-3,9.38263E-3,3.5470583E-2],"categories":[],"categories_nodes":[],"categories_segments":[],"categories_sizes":[],"default_left":[0,0,0,0,0,0,0,0,0,0,0,0,0,0,0],"id":79,"left_children":[1,3,5,7,9,-1,-1,-1,-1,11,13,-1,-1,-1,-1],"loss_changes":[4.098767E1,1.6351229E1,7.4531555E-1,1.0611935E0,3.8213873E-1,0E0,0E0,0E0,0E0,1.5166454E-2,9.97752E-4,0E0,0E0,0E0,0E0],"parents":[2147483647,0,0,1,1,2,2,3,3,4,4,9,9,10,10],"right_children":[2,4,6,8,10,-1,-1,-1,-1,12,14,-1,-1,-1,-1],"split_conditions":[9.261218E-1,2.0734416E-1,1E0,1.0341774E-1,7.254539E-1,9.7155765E-2,3.9305115E-1,-3.5469505E-1,-8.221894E-2,5.1470774E-1,8.2769614E-1,-2.1136982E-2,-3.038025E-3,9.38263E-3,3.5470583E-2],"split_indices":[0,0,0,0,0,0,0,0,0,0,0,0,0,0,0],"split_type":[0,0,0,0,0,0,0,0,0,0,0,0,0,0,0],"sum_hessian":[9E0,7E0,2E0,2E0,5E0,1E0,1E0,1E0,1E0,3E0,2E0,2E0,1E0,1E0,1E0],"tree_param":{"num_deleted":"0","num_feature":"2","num_nodes":"15","size_leaf_vector":"1"}},{"base_weights":[1.2152314E-1,-1.0123341E0,3.1046345E0,-2.7671235E0,3.378296E-2,9.229737E-2,3.7339783E-1,-3.369603E-1,-7.8108214E-2,-1.6238403E-1,2.8407797E-1,-1.972758E-2,-2.885437E-3,8.914185E-3,3.3697512E-2],"categories":[],"categories_nodes":[],"categories_segments":[],"categories_sizes":[],"default_left":[0,0,0,0,0,0,0,0,0,0,0,0,0,0,0],"id":80,"left_children":[1,3,5,7,9,-1,-1,-1,-1,11,13,-1,-1,-1,-1],"loss_changes":[3.696715E1,1.4779201E1,6.726799E-1,9.577122E-1,3.4072745E-1,0E0,0E0,0E0,0E0,1.294408E-2,8.960813E-4,0E0,0E0,0E0,0E0],"parents":[2147483647,0,0,1,1,2,2,3,3,4,4,9,9,10,10],"right_children":[2,4,6,8,10,-1,-1,-1,-1,12,14,-1,-1,-1,-1],"split_conditions":[9.261218E-1,2.0734416E-1,1E0,1.0341774E-1,7.254539E-1,9.229737E-2,3.7339783E-1,-3.369603E-1,-7.8108214E-2,5.1470774E-1,8.2769614E-1,-1.972758E-2,-2.885437E-3,8.914185E-3,3.3697512E-2],"split_indices":[0,0,0,0,0,0,0,0,0,0,0,0,0,0,0],"split_type":[0,0,0,0,0,0,0,0,0,0,0,0,0,0,0],"sum_hessian":[9E0,7E0,2E0,2E0,5E0,1E0,1E0,1E0,1E0,3E0,2E0,2E0,1E0,1E0,1E0],"tree_param":{"num_deleted":"0","num_feature":"2","num_nodes":"15","size_leaf_vector":"1"}},{"base_weights":[1.1643438E-1,-9.604827E-1,2.9494019E0,-2.6287668E0,3.3739727E-2,8.7683104E-2,3.5472718E-1,-3.201123E-1,-7.420273E-2,-1.5179825E-1,2.698771E-1,-1.8412782E-2,-2.7404786E-3,8.468628E-3,3.201294E-2],"categories":[],"categories_nodes":[],"categories_segments":[],"categories_sizes":[],"default_left":[0,0,0,0,0,0,0,0,0,0,0,0,0,0,0],"id":81,"left_children":[1,3,5,7,9,-1,-1,-1,-1,11,13,-1,-1,-1,-1],"loss_changes":[3.334156E1,1.3357857E1,6.0702324E-1,8.643398E-1,3.038416E-1,0E0,0E0,0E0,0E0,1.104036E-2,8.082092E-4,0E0,0E0,0E0,0E0],"parents":[2147483647,0,0,1,1,2,2,3,3,4,4,9,9,10,10],"right_children":[2,4,6,8,10,-1,-1,-1,-1,12,14,-1,-1,-1,-1],"split_conditions":[9.261218E-1,2.0734416E-1,1E0,1.0341774E-1,7.254539E-1,8.7683104E-2,3.5472718E-1,-3.201123E-1,-7.420273E-2,5.1470774E-1,8.2769614E-1,-1.8412782E-2,-2.7404786E-3,8.468628E-3,3.201294E-2],"split_indices":[0,0,0,0,0,0,0,0,0,0,0,0,0,0,0],"split_type":[0,0,0,0,0,0,0,0,0,0,0,0,0,0,0],"sum_hessian":[9E0,7E0,2E0,2E0,5E0,1E0,1E0,1E0,1E0,3E0,2E0,2E0,1E0,1E0,1E0],"tree_param":{"num_deleted":"0","num_feature":"2","num_nodes":"15","size_leaf_vector":"1"}},{"base_weights":[1.1153154E-1,-9.113058E-1,2.8019207E0,-2.497328E0,3.358968E-2,8.329773E-2,3.3699036E-1,-3.0410668E-1,-7.049256E-2,-1.4190674E-1,2.5638834E-1,-1.7185466E-2,-2.6031495E-3,8.044434E-3,3.041382E-2],"categories":[],"categories_nodes":[],"categories_segments":[],"categories_sizes":[],"default_left":[0,0,0,0,0,0,0,0,0,0,0,0,0,0,0],"id":82,"left_children":[1,3,5,7,9,-1,-1,-1,-1,11,13,-1,-1,-1,-1],"loss_changes":[3.0071709E1,1.2072887E1,5.4792595E-1,7.8006744E-1,2.7098542E-1,0E0,0E0,0E0,0E0,9.407252E-3,7.376969E-4,0E0,0E0,0E0,0E0],"parents":[2147483647,0,0,1,1,2,2,3,3,4,4,9,9,10,10],"right_children":[2,4,6,8,10,-1,-1,-1,-1,12,14,-1,-1,-1,-1],"split_conditions":[9.261218E-1,2.0734416E-1,1E0,1.0341774E-1,7.254539E-1,8.329773E-2,3.3699036E-1,-3.0410668E-1,-7.049256E-2,5.1470774E-1,8.2769614E-1,-1.7185466E-2,-2.6031495E-3,8.044434E-3,3.041382E-2],"split_indices":[0,0,0,0,0,0,0,0,0,0,0,0,0,0,0],"split_type":[0,0,0,0,0,0,0,0,0,0,0,0,0,0,0],"sum_hessian":[9E0,7E0,2E0,2E0,5E0,1E0,1E0,1E0,1E0,3E0,2E0,2E0,1E0,1E0,1E0],"tree_param":{"num_deleted":"0","num_feature":"2","num_nodes":"15","size_leaf_vector":"1"}},{"base_weights":[1.0681343E-1,-8.646674E-1,2.6618245E0,-2.3724606E0,3.3340454E-2,7.913208E-2,3.201416E-1,-2.8890133E-1,-6.696778E-2,-1.3266754E-1,2.4357097E-1,-1.604004E-2,-2.4734498E-3,7.641602E-3,2.8894043E-2],"categories":[],"categories_nodes":[],"categories_segments":[],"categories_sizes":[],"default_left":[0,0,0,0,0,0,0,0,0,0,0,0,0,0,0],"id":83,"left_children":[1,3,5,7,9,-1,-1,-1,-1,11,13,-1,-1,-1,-1],"loss_changes":[2.7123035E1,1.0911182E1,4.945755E-1,7.0402145E-1,2.4171361E-1,0E0,0E0,0E0,0E0,8.005746E-3,6.7152083E-4,0E0,0E0,0E0,0E0],"parents":[2147483647,0,0,1,1,2,2,3,3,4,4,9,9,10,10],"right_children":[2,4,6,8,10,-1,-1,-1,-1,12,14,-1,-1,-1,-1],"split_conditions":[9.261218E-1,2.0734416E-1,1E0,1.0341774E-1,7.254539E-1,7.913208E-2,3.201416E-1,-2.8890133E-1,-6.696778E-2,5.1470774E-1,8.2769614E-1,-1.604004E-2,-2.4734498E-3,7.641602E-3,2.8894043E-2],"split_indices":[0,0,0,0,0,0,0,0,0,0,0,0,0,0,0],"split_type":[0,0,0,0,0,0,0,0,0,0,0,0,0,0,0],"sum_hessian":[9E0,7E0,2E0,2E0,5E0,1E0,1E0,1E0,1E0,3E0,2E0,2E0,1E0,1E0,1E0],"tree_param":{"num_deleted":"0","num_feature":"2","num_nodes":"15","size_leaf_vector":"1"}},{"base_weights":[1.0228376E-1,-8.204256E-1,2.5287476E0,-2.2538366E0,3.3017475E-2,7.517701E-2,3.0413514E-1,-2.7445626E-1,-6.361923E-2,-1.2402725E-1,2.3140462E-1,-1.49703985E-2,-2.3498535E-3,7.260132E-3,2.7450562E-2],"categories":[],"categories_nodes":[],"categories_segments":[],"categories_sizes":[],"default_left":[0,0,0,0,0,0,0,0,0,0,0,0,0,0,0],"id":84,"left_children":[1,3,5,7,9,-1,-1,-1,-1,11,13,-1,-1,-1,-1],"loss_changes":[2.4463858E1,9.861094E0,4.4625854E-1,6.3539124E-1,2.156344E-1,0E0,0E0,0E0,0E0,6.807171E-3,6.042719E-4,0E0,0E0,0E0,0E0],"parents":[2147483647,0,0,1,1,2,2,3,3,4,4,9,9,10,10],"right_children":[2,4,6,8,10,-1,-1,-1,-1,12,14,-1,-1,-1,-1],"split_conditions":[9.261218E-1,2.0734416E-1,1E0,1.0341774E-1,7.254539E-1,7.517701E-2,3.0413514E-1,-2.7445626E-1,-6.361923E-2,5.1470774E-1,8.2769614E-1,-1.49703985E-2,-2.3498535E-3,7.260132E-3,2.7450562E-2],"split_indices":[0,0,0,0,0,0,0,0,0,0,0,0,0,0,0],"split_type":[0,0,0,0,0,0,0,0,0,0,0,0,0,0,0],"sum_hessian":[9E0,7E0,2E0,2E0,5E0,1E0,1E0,1E0,1E0,3E0,2E0,2E0,1E0,1E0,1E0],"tree_param":{"num_deleted":"0","num_feature":"2","num_nodes":"15","size_leaf_vector":"1"}},{"base_weights":[9.791479E-2,-7.7847016E-1,2.402303E0,-2.1411467E0,3.2613117E-2,7.1417235E-2,2.8892824E-1,-2.6073346E-1,-6.043854E-2,-1.1595154E-1,2.198283E-1,-1.3971965E-2,-2.232361E-3,6.8969727E-3,2.607727E-2],"categories":[],"categories_nodes":[],"categories_segments":[],"categories_sizes":[],"default_left":[0,0,0,0,0,0,0,0,0,0,0,0,0,0,0],"id":85,"left_children":[1,3,5,7,9,-1,-1,-1,-1,11,13,-1,-1,-1,-1],"loss_changes":[2.2065435E1,8.911783E0,4.0280724E-1,5.734234E-1,1.9237077E-1,0E0,0E0,0E0,0E0,5.782388E-3,5.450249E-4,0E0,0E0,0E0,0E0],"parents":[2147483647,0,0,1,1,2,2,3,3,4,4,9,9,10,10],"right_children":[2,4,6,8,10,-1,-1,-1,-1,12,14,-1,-1,-1,-1],"split_conditions":[9.261218E-1,2.0734416E-1,1E0,1.0341774E-1,7.254539E-1,7.1417235E-2,2.8892824E-1,-2.6073346E-1,-6.043854E-2,5.1470774E-1,8.2769614E-1,-1.3971965E-2,-2.232361E-3,6.8969727E-3,2.607727E-2],"split_indices":[0,0,0,0,0,0,0,0,0,0,0,0,0,0,0],"split_type":[0,0,0,0,0,0,0,0,0,0,0,0,0,0,0],"sum_hessian":[9E0,7E0,2E0,2E0,5E0,1E0,1E0,1E0,1E0,3E0,2E0,2E0,1E0,1E0,1E0],"tree_param":{"num_deleted":"0","num_feature":"2","num_nodes":"15","size_leaf_vector":"1"}},{"base_weights":[9.371929E-2,-7.386706E-1,2.2821858E0,-2.0340889E0,3.215027E-2,6.784668E-2,2.744812E-1,-2.4769679E-1,-5.7416536E-2,-1.0840607E-1,2.0884196E-1,-1.3040162E-2,-2.1209717E-3,6.552124E-3,2.477417E-2],"categories":[],"categories_nodes":[],"categories_segments":[],"categories_sizes":[],"default_left":[0,0,0,0,0,0,0,0,0,0,0,0,0,0,0],"id":86,"left_children":[1,3,5,7,9,-1,-1,-1,-1,11,13,-1,-1,-1,-1],"loss_changes":[1.9902357E1,8.05368E0,3.635025E-1,5.17519E-1,1.7165056E-1,0E0,0E0,0E0,0E0,4.9059466E-3,4.930794E-4,0E0,0E0,0E0,0E0],"parents":[2147483647,0,0,1,1,2,2,3,3,4,4,9,9,10,10],"right_children":[2,4,6,8,10,-1,-1,-1,-1,12,14,-1,-1,-1,-1],"split_conditions":[9.261218E-1,2.0734416E-1,1E0,1.0341774E-1,7.254539E-1,6.784668E-2,2.744812E-1,-2.4769679E-1,-5.7416536E-2,5.1470774E-1,8.2769614E-1,-1.3040162E-2,-2.1209717E-3,6.552124E-3,2.477417E-2],"split_indices":[0,0,0,0,0,0,0,0,0,0,0,0,0,0,0],"split_type":[0,0,0,0,0,0,0,0,0,0,0,0,0,0,0],"sum_hessian":[9E0,7E0,2E0,2E0,5E0,1E0,1E0,1E0,1E0,3E0,2E0,2E0,1E0,1E0,1E0],"tree_param":{"num_deleted":"0","num_feature":"2","num_nodes":"15","size_leaf_vector":"1"}},{"base_weights":[8.9683436E-2,-7.0092213E-1,2.1680706E0,-1.9323835E0,3.1628925E-2,6.4453125E-2,2.6075745E-1,-2.3531194E-1,-5.4545593E-2,-1.0135269E-1,1.9839478E-1,-1.2170919E-2,-2.0141602E-3,6.22406E-3,2.3535157E-2],"categories":[],"categories_nodes":[],"categories_segments":[],"categories_sizes":[],"default_left":[0,0,0,0,0,0,0,0,0,0,0,0,0,0,0],"id":87,"left_children":[1,3,5,7,9,-1,-1,-1,-1,11,13,-1,-1,-1,-1],"loss_changes":[1.7951492E1,7.277987E0,3.281412E-1,4.6706676E-1,1.5316859E-1,0E0,0E0,0E0,0E0,4.161276E-3,4.470423E-4,0E0,0E0,0E0,0E0],"parents":[2147483647,0,0,1,1,2,2,3,3,4,4,9,9,10,10],"right_children":[2,4,6,8,10,-1,-1,-1,-1,12,14,-1,-1,-1,-1],"split_conditions":[9.261218E-1,2.0734416E-1,1E0,1.0341774E-1,7.254539E-1,6.4453125E-2,2.6075745E-1,-2.3531194E-1,-5.4545593E-2,5.1470774E-1,8.2769614E-1,-1.2170919E-2,-2.0141602E-3,6.22406E-3,2.3535157E-2],"split_indices":[0,0,0,0,0,0,0,0,0,0,0,0,0,0,0],"split_type":[0,0,0,0,0,0,0,0,0,0,0,0,0,0,0],"sum_hessian":[9E0,7E0,2E0,2E0,5E0,1E0,1E0,1E0,1E0,3E0,2E0,2E0,1E0,1E0,1E0],"tree_param":{"num_deleted":"0","num_feature":"2","num_nodes":"15","size_leaf_vector":"1"}},{"base_weights":[8.580832E-2,-6.651166E-1,2.059672E0,-1.8357629E0,3.1059265E-2,6.123047E-2,2.4772035E-1,-2.2354634E-1,-5.1818084E-2,-9.4760895E-2,1.8846639E-1,-1.1359151E-2,-1.9134522E-3,5.9127808E-3,2.2357179E-2],"categories":[],"categories_nodes":[],"categories_segments":[],"categories_sizes":[],"default_left":[0,0,0,0,0,0,0,0,0,0,0,0,0,0,0],"id":88,"left_children":[1,3,5,7,9,-1,-1,-1,-1,11,13,-1,-1,-1,-1],"loss_changes":[1.6192156E1,6.576823E0,2.961607E-1,4.215393E-1,1.3668917E-1,0E0,0E0,0E0,0E0,3.5228468E-3,4.0213764E-4,0E0,0E0,0E0,0E0],"parents":[2147483647,0,0,1,1,2,2,3,3,4,4,9,9,10,10],"right_children":[2,4,6,8,10,-1,-1,-1,-1,12,14,-1,-1,-1,-1],"split_conditions":[9.261218E-1,2.0734416E-1,1E0,1.0341774E-1,7.254539E-1,6.123047E-2,2.4772035E-1,-2.2354634E-1,-5.1818084E-2,5.1470774E-1,8.2769614E-1,-1.1359151E-2,-1.9134522E-3,5.9127808E-3,2.2357179E-2],"split_indices":[0,0,0,0,0,0,0,0,0,0,0,0,0,0,0],"split_type":[0,0,0,0,0,0,0,0,0,0,0,0,0,0,0],"sum_hessian":[9E0,7E0,2E0,2E0,5E0,1E0,1E0,1E0,1E0,3E0,2E0,2E0,1E0,1E0,1E0],"tree_param":{"num_deleted":"0","num_feature":"2","num_nodes":"15","size_leaf_vector":"1"}},{"base_weights":[8.208571E-2,-6.311499E-1,1.9566854E0,-1.7439743E0,3.0454E-2,5.8169555E-2,2.3533325E-1,-2.1236901E-1,-4.9227145E-2,-8.860397E-2,1.7904663E-1,-1.2410737E-2,-3.540039E-3,5.6167603E-3,2.1240234E-2],"categories":[],"categories_nodes":[],"categories_segments":[],"categories_sizes":[],"default_left":[0,0,0,0,0,0,0,0,0,0,0,0,0,0,0],"id":89,"left_children":[1,3,5,7,9,-1,-1,-1,-1,11,13,-1,-1,-1,-1],"loss_changes":[1.4605272E1,5.9431033E0,2.6723576E-1,3.8044167E-1,1.22011065E-1,0E0,0E0,0E0,0E0,3.1621829E-3,3.6602467E-4,0E0,0E0,0E0,0E0],"parents":[2147483647,0,0,1,1,2,2,3,3,4,4,9,9,10,10],"right_children":[2,4,6,8,10,-1,-1,-1,-1,12,14,-1,-1,-1,-1],"split_conditions":[9.261218E-1,2.0734416E-1,1E0,1.0341774E-1,7.254539E-1,5.8169555E-2,2.3533325E-1,-2.1236901E-1,-4.9227145E-2,3.1043947E-1,8.2769614E-1,-1.2410737E-2,-3.540039E-3,5.6167603E-3,2.1240234E-2],"split_indices":[0,0,0,0,0,0,0,0,0,0,0,0,0,0,0],"split_type":[0,0,0,0,0,0,0,0,0,0,0,0,0,0,0],"sum_hessian":[9E0,7E0,2E0,2E0,5E0,1E0,1E0,1E0,1E0,3E0,2E0,1E0,2E0,1E0,1E0],"tree_param":{"num_deleted":"0","num_feature":"2","num_nodes":"15","size_leaf_vector":"1"}},{"base_weights":[7.815628E-2,-5.993719E-1,1.8588461E0,-1.6567764E0,2.9225668E-2,5.5261232E-2,2.2356568E-1,-2.0175056E-1,-4.67659E-2,-8.3732605E-2,1.700948E-1,-1.17904665E-2,-3.3040363E-3,5.3359987E-3,2.0178223E-2],"categories":[],"categories_nodes":[],"categories_segments":[],"categories_sizes":[],"default_left":[0,0,0,0,0,0,0,0,0,0,0,0,0,0,0],"id":90,"left_children":[1,3,5,7,9,-1,-1,-1,-1,11,13,-1,-1,-1,-1],"loss_changes":[1.3178816E1,5.365876E0,2.4115658E-1,3.4334278E-1,1.0971649E-1,0E0,0E0,0E0,0E0,3.03342E-3,3.2997876E-4,0E0,0E0,0E0,0E0],"parents":[2147483647,0,0,1,1,2,2,3,3,4,4,9,9,10,10],"right_children":[2,4,6,8,10,-1,-1,-1,-1,12,14,-1,-1,-1,-1],"split_conditions":[9.261218E-1,2.0734416E-1,1E0,1.0341774E-1,7.254539E-1,5.5261232E-2,2.2356568E-1,-2.0175056E-1,-4.67659E-2,3.1043947E-1,8.2769614E-1,-1.17904665E-2,-3.3040363E-3,5.3359987E-3,2.0178223E-2],"split_indices":[0,0,0,0,0,0,0,0,0,0,0,0,0,0,0],"split_type":[0,0,0,0,0,0,0,0,0,0,0,0,0,0,0],"sum_hessian":[9E0,7E0,2E0,2E0,5E0,1E0,1E0,1E0,1E0,3E0,2E0,1E0,2E0,1E0,1E0],"tree_param":{"num_deleted":"0","num_feature":"2","num_nodes":"15","size_leaf_vector":"1"}},{"base_weights":[7.441165E-2,-5.692016E-1,1.7659098E0,-1.5739368E0,2.8032938E-2,5.249939E-2,2.1238708E-1,-1.9166304E-1,-4.442749E-2,-7.9135895E-2,1.615804E-1,-1.1200714E-2,-3.08431E-3,5.06897E-3,1.9168092E-2],"categories":[],"categories_nodes":[],"categories_segments":[],"categories_sizes":[],"default_left":[0,0,0,0,0,0,0,0,0,0,0,0,0,0,0],"id":91,"left_children":[1,3,5,7,9,-1,-1,-1,-1,11,13,-1,-1,-1,-1],"loss_changes":[1.1891865E1,4.8446226E0,2.1757984E-1,3.0987215E-1,9.8659575E-2,0E0,0E0,0E0,0E0,2.8951298E-3,2.9734522E-4,0E0,0E0,0E0,0E0],"parents":[2147483647,0,0,1,1,2,2,3,3,4,4,9,9,10,10],"right_children":[2,4,6,8,10,-1,-1,-1,-1,12,14,-1,-1,-1,-1],"split_conditions":[9.261218E-1,2.0734416E-1,1E0,1.0341774E-1,7.254539E-1,5.249939E-2,2.1238708E-1,-1.9166304E-1,-4.442749E-2,3.1043947E-1,8.2769614E-1,-1.1200714E-2,-3.08431E-3,5.06897E-3,1.9168092E-2],"split_indices":[0,0,0,0,0,0,0,0,0,0,0,0,0,0,0],"split_type":[0,0,0,0,0,0,0,0,0,0,0,0,0,0,0],"sum_hessian":[9E0,7E0,2E0,2E0,5E0,1E0,1E0,1E0,1E0,3E0,2E0,1E0,2E0,1E0,1E0],"tree_param":{"num_deleted":"0","num_feature":"2","num_nodes":"15","size_leaf_vector":"1"}},{"base_weights":[7.084541E-2,-5.4054785E-1,1.6776123E0,-1.495238E0,2.6888529E-2,4.987488E-2,2.0176697E-1,-1.820799E-1,-4.220581E-2,-7.479477E-2,1.5350342E-1,-9.091696E-3,-1.3214111E-3,4.815674E-3,1.820984E-2],"categories":[],"categories_nodes":[],"categories_segments":[],"categories_sizes":[],"default_left":[0,0,0,0,0,0,0,0,0,0,0,0,0,0,0],"id":92,"left_children":[1,3,5,7,9,-1,-1,-1,-1,11,13,-1,-1,-1,-1],"loss_changes":[1.0730494E1,4.374012E0,1.9633389E-1,2.796731E-1,8.8728964E-2,0E0,0E0,0E0,0E0,2.7698707E-3,2.6789308E-4,0E0,0E0,0E0,0E0],"parents":[2147483647,0,0,1,1,2,2,3,3,4,4,9,9,10,10],"right_children":[2,4,6,8,10,-1,-1,-1,-1,12,14,-1,-1,-1,-1],"split_conditions":[9.261218E-1,2.0734416E-1,1E0,1.0341774E-1,7.254539E-1,4.987488E-2,2.0176697E-1,-1.820799E-1,-4.220581E-2,5.1470774E-1,8.2769614E-1,-9.091696E-3,-1.3214111E-3,4.815674E-3,1.820984E-2],"split_indices":[0,0,0,0,0,0,0,0,0,0,0,0,0,0,0],"split_type":[0,0,0,0,0,0,0,0,0,0,0,0,0,0,0],"sum_hessian":[9E0,7E0,2E0,2E0,5E0,1E0,1E0,1E0,1E0,3E0,2E0,2E0,1E0,1E0,1E0],"tree_param":{"num_deleted":"0","num_feature":"2","num_nodes":"15","size_leaf_vector":"1"}},{"base_weights":[6.7758225E-2,-5.1295084E-1,1.5937296E0,-1.4204761E0,2.630361E-2,4.738159E-2,1.9167785E-1,-1.729759E-1,-4.009552E-2,-6.9919586E-2,1.4583333E-1,-1.0186004E-2,-2.5319417E-3,4.5745852E-3,1.7300416E-2],"categories":[],"categories_nodes":[],"categories_segments":[],"categories_sizes":[],"default_left":[0,0,0,0,0,0,0,0,0,0,0,0,0,0,0],"id":93,"left_children":[1,3,5,7,9,-1,-1,-1,-1,11,13,-1,-1,-1,-1],"loss_changes":[9.678959E0,3.9524598E0,1.7716074E-1,2.5240564E-1,7.92058E-2,0E0,0E0,0E0,0E0,3.1191614E-3,2.4414808E-4,0E0,0E0,0E0,0E0],"parents":[2147483647,0,0,1,1,2,2,3,3,4,4,9,9,10,10],"right_children":[2,4,6,8,10,-1,-1,-1,-1,12,14,-1,-1,-1,-1],"split_conditions":[9.261218E-1,2.0734416E-1,1E0,1.0341774E-1,7.254539E-1,4.738159E-2,1.9167785E-1,-1.729759E-1,-4.009552E-2,3.1043947E-1,8.2769614E-1,-1.0186004E-2,-2.5319417E-3,4.5745852E-3,1.7300416E-2],"split_indices":[0,0,0,0,0,0,0,0,0,0,0,0,0,0,0],"split_type":[0,0,0,0,0,0,0,0,0,0,0,0,0,0,0],"sum_hessian":[9E0,7E0,2E0,2E0,5E0,1E0,1E0,1E0,1E0,3E0,2E0,1E0,2E0,1E0,1E0],"tree_param":{"num_deleted":"0","num_feature":"2","num_nodes":"15","size_leaf_vector":"1"}},{"base_weights":[6.4505294E-2,-4.871403E-1,1.5140585E0,-1.3494507E0,2.5204977E-2,4.5013428E-2,1.8209533E-1,-1.643271E-1,-3.8090516E-2,-6.610489E-2,1.385498E-1,-9.676361E-3,-2.3630778E-3,4.3457034E-3,1.6436769E-2],"categories":[],"categories_nodes":[],"categories_segments":[],"categories_sizes":[],"default_left":[0,0,0,0,0,0,0,0,0,0,0,0,0,0,0],"id":94,"left_children":[1,3,5,7,9,-1,-1,-1,-1,11,13,-1,-1,-1,-1],"loss_changes":[8.733954E0,3.5684187E0,1.5986538E-1,2.2780418E-1,7.1255825E-2,0E0,0E0,0E0,0E0,2.922209E-3,2.2234768E-4,0E0,0E0,0E0,0E0],"parents":[2147483647,0,0,1,1,2,2,3,3,4,4,9,9,10,10],"right_children":[2,4,6,8,10,-1,-1,-1,-1,12,14,-1,-1,-1,-1],"split_conditions":[9.261218E-1,2.0734416E-1,1E0,1.0341774E-1,7.254539E-1,4.5013428E-2,1.8209533E-1,-1.643271E-1,-3.8090516E-2,3.1043947E-1,8.2769614E-1,-9.676361E-3,-2.3630778E-3,4.3457034E-3,1.6436769E-2],"split_indices":[0,0,0,0,0,0,0,0,0,0,0,0,0,0,0],"split_type":[0,0,0,0,0,0,0,0,0,0,0,0,0,0,0],"sum_hessian":[9E0,7E0,2E0,2E0,5E0,1E0,1E0,1E0,1E0,3E0,2E0,1E0,2E0,1E0,1E0],"tree_param":{"num_deleted":"0","num_feature":"2","num_nodes":"15","size_leaf_vector":"1"}},{"base_weights":[6.13976E-2,-4.6263593E-1,1.4383545E0,-1.2819797E0,2.4141947E-2,4.2761233E-2,1.7299195E-1,-1.5611075E-1,-3.618622E-2,-6.2511444E-2,1.3163249E-1,-9.192658E-3,-2.206421E-3,4.1290284E-3,1.5615845E-2],"categories":[],"categories_nodes":[],"categories_segments":[],"categories_sizes":[],"default_left":[0,0,0,0,0,0,0,0,0,0,0,0,0,0,0],"id":95,"left_children":[1,3,5,7,9,-1,-1,-1,-1,11,13,-1,-1,-1,-1],"loss_changes":[7.88115E0,3.2216573E0,1.4435625E-1,2.05585E-1,6.411505E-2,0E0,0E0,0E0,0E0,2.730757E-3,1.9935891E-4,0E0,0E0,0E0,0E0],"parents":[2147483647,0,0,1,1,2,2,3,3,4,4,9,9,10,10],"right_children":[2,4,6,8,10,-1,-1,-1,-1,12,14,-1,-1,-1,-1],"split_conditions":[9.261218E-1,2.0734416E-1,1E0,1.0341774E-1,7.254539E-1,4.2761233E-2,1.7299195E-1,-1.5611075E-1,-3.618622E-2,3.1043947E-1,8.2769614E-1,-9.192658E-3,-2.206421E-3,4.1290284E-3,1.5615845E-2],"split_indices":[0,0,0,0,0,0,0,0,0,0,0,0,0,0,0],"split_type":[0,0,0,0,0,0,0,0,0,0,0,0,0,0,0],"sum_hessian":[9E0,7E0,2E0,2E0,5E0,1E0,1E0,1E0,1E0,3E0,2E0,1E0,2E0,1E0,1E0],"tree_param":{"num_deleted":"0","num_feature":"2","num_nodes":"15","size_leaf_vector":"1"}},{"base_weights":[5.843568E-2,-4.3936843E-1,1.3664347E0,-1.2178782E0,2.3114523E-2,4.0621947E-2,1.6434327E-1,-1.4830521E-1,-3.4376528E-2,-5.9116364E-2,1.2505086E-1,-8.7333685E-3,-2.0599365E-3,3.9230348E-3,1.4834595E-2],"categories":[],"categories_nodes":[],"categories_segments":[],"categories_sizes":[],"default_left":[0,0,0,0,0,0,0,0,0,0,0,0,0,0,0],"id":96,"left_children":[1,3,5,7,9,-1,-1,-1,-1,11,13,-1,-1,-1,-1],"loss_changes":[7.111641E0,2.9085307E0,1.3033867E-1,1.8555403E-1,5.7686448E-2,0E0,0E0,0E0,0E0,2.5483659E-3,1.7791986E-4,0E0,0E0,0E0,0E0],"parents":[2147483647,0,0,1,1,2,2,3,3,4,4,9,9,10,10],"right_children":[2,4,6,8,10,-1,-1,-1,-1,12,14,-1,-1,-1,-1],"split_conditions":[9.261218E-1,2.0734416E-1,1E0,1.0341774E-1,7.254539E-1,4.0621947E-2,1.6434327E-1,-1.4830521E-1,-3.4376528E-2,3.1043947E-1,8.2769614E-1,-8.7333685E-3,-2.0599365E-3,3.9230348E-3,1.4834595E-2],"split_indices":[0,0,0,0,0,0,0,0,0,0,0,0,0,0,0],"split_type":[0,0,0,0,0,0,0,0,0,0,0,0,0,0,0],"sum_hessian":[9E0,7E0,2E0,2E0,5E0,1E0,1E0,1E0,1E0,3E0,2E0,1E0,2E0,1E0,1E0],"tree_param":{"num_deleted":"0","num_feature":"2","num_nodes":"15","size_leaf_vector":"1"}},{"base_weights":[5.561025E-2,-4.1727307E-1,1.2980957E0,-1.1569837E0,2.2127787E-2,3.8589478E-2,1.5612487E-1,-1.4088994E-1,-3.2657623E-2,-5.590439E-2,1.1879476E-1,-8.296967E-3,-1.9226074E-3,3.7261962E-3,1.4093018E-2],"categories":[],"categories_nodes":[],"categories_segments":[],"categories_sizes":[],"default_left":[0,0,0,0,0,0,0,0,0,0,0,0,0,0,0],"id":97,"left_children":[1,3,5,7,9,-1,-1,-1,-1,11,13,-1,-1,-1,-1],"loss_changes":[6.4171667E0,2.6258376E0,1.1766815E-1,1.6746521E-1,5.189995E-2,0E0,0E0,0E0,0E0,2.375654E-3,1.6295165E-4,0E0,0E0,0E0,0E0],"parents":[2147483647,0,0,1,1,2,2,3,3,4,4,9,9,10,10],"right_children":[2,4,6,8,10,-1,-1,-1,-1,12,14,-1,-1,-1,-1],"split_conditions":[9.261218E-1,2.0734416E-1,1E0,1.0341774E-1,7.254539E-1,3.8589478E-2,1.5612487E-1,-1.4088994E-1,-3.2657623E-2,3.1043947E-1,8.2769614E-1,-8.296967E-3,-1.9226074E-3,3.7261962E-3,1.4093018E-2],"split_indices":[0,0,0,0,0,0,0,0,0,0,0,0,0,0,0],"split_type":[0,0,0,0,0,0,0,0,0,0,0,0,0,0,0],"sum_hessian":[9E0,7E0,2E0,2E0,5E0,1E0,1E0,1E0,1E0,3E0,2E0,1E0,2E0,1E0,1E0],"tree_param":{"num_deleted":"0","num_feature":"2","num_nodes":"15","size_leaf_vector":"1"}},{"base_weights":[5.292678E-2,-3.9628965E-1,1.233195E0,-1.0991359E0,2.1181742E-2,3.6660768E-2,1.4831848E-1,-1.3384545E-1,-3.1024933E-2,-5.286789E-2,1.12854004E-1,-7.881927E-3,-1.7944336E-3,3.540039E-3,1.3388062E-2],"categories":[],"categories_nodes":[],"categories_segments":[],"categories_sizes":[],"default_left":[0,0,0,0,0,0,0,0,0,0,0,0,0,0,0],"id":98,"left_children":[1,3,5,7,9,-1,-1,-1,-1,11,13,-1,-1,-1,-1],"loss_changes":[5.7906613E0,2.3706272E0,1.0616684E-1,1.5113115E-1,4.6696134E-2,0E0,0E0,0E0,0E0,2.2108983E-3,1.4633313E-4,0E0,0E0,0E0,0E0],"parents":[2147483647,0,0,1,1,2,2,3,3,4,4,9,9,10,10],"right_children":[2,4,6,8,10,-1,-1,-1,-1,12,14,-1,-1,-1,-1],"split_conditions":[9.261218E-1,2.0734416E-1,1E0,1.0341774E-1,7.254539E-1,3.6660768E-2,1.4831848E-1,-1.3384545E-1,-3.1024933E-2,3.1043947E-1,8.2769614E-1,-7.881927E-3,-1.7944336E-3,3.540039E-3,1.3388062E-2],"split_indices":[0,0,0,0,0,0,0,0,0,0,0,0,0,0,0],"split_type":[0,0,0,0,0,0,0,0,0,0,0,0,0,0,0],"sum_hessian":[9E0,7E0,2E0,2E0,5E0,1E0,1E0,1E0,1E0,3E0,2E0,1E0,2E0,1E0,1E0],"tree_param":{"num_deleted":"0","num_feature":"2","num_nodes":"15","size_leaf_vector":"1"}},{"base_weights":[5.0371982E-2,-3.7635845E-1,1.1715292E0,-1.0441804E0,2.027893E-2,3.4826662E-2,1.4090271E-1,-1.2715319E-1,-2.9473877E-2,-4.9995422E-2,1.0721842E-1,-7.487488E-3,-1.6743978E-3,3.3630372E-3,1.2719727E-2],"categories":[],"categories_nodes":[],"categories_segments":[],"categories_sizes":[],"default_left":[0,0,0,0,0,0,0,0,0,0,0,0,0,0,0],"id":99,"left_children":[1,3,5,7,9,-1,-1,-1,-1,11,13,-1,-1,-1,-1],"loss_changes":[5.2252336E0,2.1402402E0,9.5852375E-2,1.3638997E-1,4.201813E-2,0E0,0E0,0E0,0E0,2.0554075E-3,1.3292208E-4,0E0,0E0,0E0,0E0],"parents":[2147483647,0,0,1,1,2,2,3,3,4,4,9,9,10,10],"right_children":[2,4,6,8,10,-1,-1,-1,-1,12,14,-1,-1,-1,-1],"split_conditions":[9.261218E-1,2.0734416E-1,1E0,1.0341774E-1,7.254539E-1,3.4826662E-2,1.4090271E-1,-1.2715319E-1,-2.9473877E-2,3.1043947E-1,8.2769614E-1,-7.487488E-3,-1.6743978E-3,3.3630372E-3,1.2719727E-2],"split_indices":[0,0,0,0,0,0,0,0,0,0,0,0,0,0,0],"split_type":[0,0,0,0,0,0,0,0,0,0,0,0,0,0,0],"sum_hessian":[9E0,7E0,2E0,2E0,5E0,1E0,1E0,1E0,1E0,3E0,2E0,1E0,2E0,1E0,1E0],"tree_param":{"num_deleted":"0","num_feature":"2","num_nodes":"15","size_leaf_vector":"1"}}]},"name":"gbtree"},"learner_model_param":{"base_score":"3.9166666E2","boost_from_average":"1","num_class":"0","num_feature":"2","num_target":"1"},"objective":{"name":"reg:squarederror","reg_loss_param":{"scale_pos_weight":"1"}}},"version":[2,0,1]}