{"learner":{"attributes":{"scikit_learn":"{\"_estimator_type\": \"regressor\"}"},"feature_names":[],"feature_types":[],"gradient_booster":{"model":{"gbtree_model_param":{"num_parallel_tree":"1","num_trees":"100"},"iteration_indptr":[0,1,2,3,4,5,6,7,8,9,10,11,12,13,14,15,16,17,18,19,20,21,22,23,24,25,26,27,28,29,30,31,32,33,34,35,36,37,38,39,40,41,42,43,44,45,46,47,48,49,50,51,52,53,54,55,56,57,58,59,60,61,62,63,64,65,66,67,68,69,70,71,72,73,74,75,76,77,78,79,80,81,82,83,84,85,86,87,88,89,90,91,92,93,94,95,96,97,98,99,100],"tree_info":[0,0,0,0,0,0,0,0,0,0,0,0,0,0,0,0,0,0,0,0,0,0,0,0,0,0,0,0,0,0,0,0,0,0,0,0,0,0,0,0,0,0,0,0,0,0,0,0,0,0,0,0,0,0,0,0,0,0,0,0,0,0,0,0,0,0,0,0,0,0,0,0,0,0,0,0,0,0,0,0,0,0,0,0,0,0,0,0,0,0,0,0,0,0,0,0,0,0,0,0],"trees":[{"base_weights":[-1.1444092E-6,-1.988889E1,2.3866665E1,-2.525E0,-6.111112E-1,6.666666E-1,2.65E0],"categories":[],"categories_nodes":[],"categories_segments":[],"categories_sizes":[],"default_left":[0,0,0,0,0,0,0],"id":0,"left_children":[1,3,5,-1,-1,-1,-1],"loss_changes":[5.221496E3,2.8887964E2,4.980005E1,0E0,0E0,0E0,0E0],"parents":[2147483647,0,0,1,1,2,2],"right_children":[2,4,6,-1,-1,-1,-1],"split_conditions":[6.0389924E-1,3.009159E-1,7.053903E-1,-2.525E0,-6.111112E-1,6.666666E-1,2.65E0],"split_indices":[0,0,0,0,0,0,0],"split_type":[0,0,0,0,0,0,0],"sum_hessian":[9E0,5E0,4E0,3E0,2E0,1E0,3E0],"tree_param":{"num_deleted":"0","num_feature":"2","num_nodes":"7","size_leaf_vector":"1"}},{"base_weights":[1.8054198E-2,-1.8422686E1,2.2143332E1,-2.3356252E0,-5.703705E-1,6.333332E-1,2.4512498E0],"categories":[],"categories_nodes":[],"categories_segments":[],"categories_sizes":[],"default_left":[0,0,0,0,0,0,0],"id":1,"left_children":[1,3,5,-1,-1,-1,-1],"loss_changes":[4.4880044E3,2.4328223E2,3.2036865E1,0E0,0E0,0E0,0E0],"parents":[2147483647,0,0,1,1,2,2],"right_children":[2,4,6,-1,-1,-1,-1],"split_conditions":[6.0389924E-1,3.009159E-1,7.053903E-1,-2.3356252E0,-5.703705E-1,6.333332E-1,2.4512498E0],"split_indices":[0,0,0,0,0,0,0],"split_type":[0,0,0,0,0,0,0],"sum_hessian":[9E0,5E0,4E0,3E0,2E0,1E0,3E0],"tree_param":{"num_deleted":"0","num_feature":"2","num_nodes":"7","size_leaf_vector":"1"}},{"base_weights":[3.4107972E-2,-1.706475E1,2.0545916E1,-1.9780663E0,-1.7425938E-1,6.016666E-1,2.2674062E0],"categories":[],"categories_nodes":[],"categories_segments":[],"categories_sizes":[],"default_left":[0,0,0,0,0,0,0],"id":2,"left_children":[1,3,5,-1,-1,-1,-1],"loss_changes":[3.857896E3,2.1521204E2,1.8179688E1,0E0,0E0,0E0,0E0],"parents":[2147483647,0,0,1,1,2,2],"right_children":[2,4,6,-1,-1,-1,-1],"split_conditions":[6.0389924E-1,4.0339738E-1,7.053903E-1,-1.9780663E0,-1.7425938E-1,6.016666E-1,2.2674062E0],"split_indices":[0,0,0,0,0,0,0],"split_type":[0,0,0,0,0,0,0],"sum_hessian":[9E0,5E0,4E0,4E0,1E0,1E0,3E0],"tree_param":{"num_deleted":"0","num_feature":"2","num_nodes":"7","size_leaf_vector":"1"}},{"base_weights":[1.02371596E-1,-1.5716996E1,1.906514E1,-2.0120983E0,-4.6060166E-1,8.4654474E-1,2.3309784E0],"categories":[],"categories_nodes":[],"categories_segments":[],"categories_sizes":[],"default_left":[0,0,0,0,0,0,0],"id":3,"left_children":[1,3,5,-1,-1,-1,-1],"loss_changes":[3.2994368E3,2.0091785E2,2.7631836E1,0E0,0E0,0E0,0E0],"parents":[2147483647,0,0,1,1,2,2],"right_children":[2,4,6,-1,-1,-1,-1],"split_conditions":[6.0389924E-1,3.009159E-1,9.056554E-1,-2.0120983E0,-4.6060166E-1,8.4654474E-1,2.3309784E0],"split_indices":[0,0,0,0,0,0,0],"split_type":[0,0,0,0,0,0,0],"sum_hessian":[9E0,5E0,4E0,3E0,2E0,2E0,2E0],"tree_param":{"num_deleted":"0","num_feature":"2","num_nodes":"7","size_leaf_vector":"1"}},{"base_weights":[1.6261597E-1,-1.4557414E1,1.7794128E1,-1.861191E0,-4.298949E-1,7.901084E-1,2.1755798E0],"categories":[],"categories_nodes":[],"categories_segments":[],"categories_sizes":[],"default_left":[0,0,0,0,0,0,0],"id":4,"left_children":[1,3,5,-1,-1,-1,-1],"loss_changes":[2.8544006E3,1.6954578E2,2.4070557E1,0E0,0E0,0E0,0E0],"parents":[2147483647,0,0,1,1,2,2],"right_children":[2,4,6,-1,-1,-1,-1],"split_conditions":[6.0389924E-1,3.009159E-1,9.056554E-1,-1.861191E0,-4.298949E-1,7.901084E-1,2.1755798E0],"split_indices":[0,0,0,0,0,0,0],"split_type":[0,0,0,0,0,0,0],"sum_hessian":[9E0,5E0,4E0,3E0,2E0,2E0,2E0],"tree_param":{"num_deleted":"0","num_feature":"2","num_nodes":"7","size_leaf_vector":"1"}},{"base_weights":[2.1381454E-1,-1.3483521E1,1.6607855E1,-1.5696138E1,-1.2102165E-1,7.3743457E-1,2.0305412E0,-1.8969793E0,-7.190439E-1],"categories":[],"categories_nodes":[],"categories_segments":[],"categories_sizes":[],"default_left":[0,0,0,0,0,0,0,0,0],"id":5,"left_children":[1,3,5,7,-1,-1,-1,-1,-1],"loss_changes":[2.4694788E3,1.4394104E2,2.096814E1,2.8223877E0,0E0,0E0,0E0,0E0,0E0],"parents":[2147483647,0,0,1,1,2,2,3,3],"right_children":[2,4,6,8,-1,-1,-1,-1,-1],"split_conditions":[6.0389924E-1,4.0339738E-1,9.056554E-1,2.0065776E-1,-1.2102165E-1,7.3743457E-1,2.0305412E0,-1.8969793E0,-7.190439E-1],"split_indices":[0,0,0,0,0,0,0,0,0],"split_type":[0,0,0,0,0,0,0,0,0],"sum_hessian":[9E0,5E0,4E0,4E0,1E0,2E0,2E0,2E0,2E0],"tree_param":{"num_deleted":"0","num_feature":"2","num_nodes":"9","size_leaf_vector":"1"}},{"base_weights":[1.9552651E-1,-1.2591343E1,1.5500665E1,-1.6087765E0,-3.7323315E0,6.8827224E-1,1.895172E0,-4.4487914E-1,-1.1497059E-1],"categories":[],"categories_nodes":[],"categories_segments":[],"categories_sizes":[],"default_left":[0,0,0,0,0,0,0,0,0],"id":6,"left_children":[1,3,5,-1,7,-1,-1,-1,-1],"loss_changes":[2.1522222E3,1.258042E2,1.8265503E1,0E0,4.3624115E-1,0E0,0E0,0E0,0E0],"parents":[2147483647,0,0,1,1,2,2,4,4],"right_children":[2,4,6,-1,8,-1,-1,-1,-1],"split_conditions":[6.0389924E-1,3.009159E-1,9.056554E-1,-1.6087765E0,4.0339738E-1,6.8827224E-1,1.895172E0,-4.4487914E-1,-1.1497059E-1],"split_indices":[0,0,0,0,0,0,0,0,0],"split_type":[0,0,0,0,0,0,0,0,0],"sum_hessian":[9E0,5E0,4E0,3E0,2E0,2E0,2E0,1E0,1E0],"tree_param":{"num_deleted":"0","num_feature":"2","num_nodes":"9","size_leaf_vector":"1"}},{"base_weights":[2.1745567E-1,-1.1693646E1,1.4467287E1,-1.6632622E0,-5.066004E0,6.4238757E-1,1.7688271E0,-6.026525E-1,-1.0922203E-1],"categories":[],"categories_nodes":[],"categories_segments":[],"categories_sizes":[],"default_left":[0,0,0,0,0,0,0,0,0],"id":7,"left_children":[1,3,5,-1,7,-1,-1,-1,-1],"loss_changes":[1.8664873E3,1.1214166E2,1.5911255E1,0E0,8.68531E0,0E0,0E0,0E0,0E0],"parents":[2147483647,0,0,1,1,2,2,4,4],"right_children":[2,4,6,-1,8,-1,-1,-1,-1],"split_conditions":[6.0389924E-1,2.0065776E-1,9.056554E-1,-1.6632622E0,4.0339738E-1,6.4238757E-1,1.7688271E0,-6.026525E-1,-1.0922203E-1],"split_indices":[0,0,0,0,0,0,0,0,0],"split_type":[0,0,0,0,0,0,0,0,0],"sum_hessian":[9E0,5E0,4E0,2E0,3E0,2E0,2E0,2E0,1E0],"tree_param":{"num_deleted":"0","num_feature":"2","num_nodes":"9","size_leaf_vector":"1"}},{"base_weights":[1.9931813E-1,-1.0920138E1,1.3502802E1,-1.552378E0,-4.737372E0,5.995617E-1,1.6509055E0,-5.624756E-1,-1.0376091E-1],"categories":[],"categories_nodes":[],"categories_segments":[],"categories_sizes":[],"default_left":[0,0,0,0,0,0,0,0,0],"id":8,"left_children":[1,3,5,-1,7,-1,-1,-1,-1],"loss_changes":[1.6267275E3,9.723755E1,1.3860535E1,0E0,7.296158E0,0E0,0E0,0E0,0E0],"parents":[2147483647,0,0,1,1,2,2,4,4],"right_children":[2,4,6,-1,8,-1,-1,-1,-1],"split_conditions":[6.0389924E-1,2.0065776E-1,9.056554E-1,-1.552378E0,4.0339738E-1,5.995617E-1,1.6509055E0,-5.624756E-1,-1.0376091E-1],"split_indices":[0,0,0,0,0,0,0,0,0],"split_type":[0,0,0,0,0,0,0,0,0],"sum_hessian":[9E0,5E0,4E0,2E0,3E0,2E0,2E0,2E0,1E0],"tree_param":{"num_deleted":"0","num_feature":"2","num_nodes":"9","size_leaf_vector":"1"}},{"base_weights":[1.8257141E-1,-1.0197894E1,1.2602615E1,-1.4488863E0,-4.430194E0,5.5959094E-1,1.540845E0,-5.2497727E-1,-9.8572925E-2],"categories":[],"categories_nodes":[],"categories_segments":[],"categories_sizes":[],"default_left":[0,0,0,0,0,0,0,0,0],"id":9,"left_children":[1,3,5,-1,7,-1,-1,-1,-1],"loss_changes":[1.4177784E3,8.4305664E1,1.2074036E1,0E0,6.11718E0,0E0,0E0,0E0,0E0],"parents":[2147483647,0,0,1,1,2,2,4,4],"right_children":[2,4,6,-1,8,-1,-1,-1,-1],"split_conditions":[6.0389924E-1,2.0065776E-1,9.056554E-1,-1.4488863E0,4.0339738E-1,5.5959094E-1,1.540845E0,-5.2497727E-1,-9.8572925E-2],"split_indices":[0,0,0,0,0,0,0,0,0],"split_type":[0,0,0,0,0,0,0,0,0],"sum_hessian":[9E0,5E0,4E0,2E0,3E0,2E0,2E0,2E0,1E0],"tree_param":{"num_deleted":"0","num_feature":"2","num_nodes":"9","size_leaf_vector":"1"}},{"base_weights":[1.6711482E-1,-9.52351E0,1.1762442E1,-1.3522938E0,-4.143062E0,3.2838842E-1,1.3061111E0,-4.8997876E-1,-9.3644336E-2],"categories":[],"categories_nodes":[],"categories_segments":[],"categories_sizes":[],"default_left":[0,0,0,0,0,0,0,0,0],"id":10,"left_children":[1,3,5,-1,7,-1,-1,-1,-1],"loss_changes":[1.2356794E3,7.308594E1,1.2163025E1,0E0,5.117752E0,0E0,0E0,0E0,0E0],"parents":[2147483647,0,0,1,1,2,2,4,4],"right_children":[2,4,6,-1,8,-1,-1,-1,-1],"split_conditions":[6.0389924E-1,2.0065776E-1,7.053903E-1,-1.3522938E0,4.0339738E-1,3.2838842E-1,1.3061111E0,-4.8997876E-1,-9.3644336E-2],"split_indices":[0,0,0,0,0,0,0,0,0],"split_type":[0,0,0,0,0,0,0,0,0],"sum_hessian":[9E0,5E0,4E0,2E0,3E0,1E0,3E0,2E0,1E0],"tree_param":{"num_deleted":"0","num_feature":"2","num_nodes":"9","size_leaf_vector":"1"}},{"base_weights":[1.2026081E-1,-8.893812E0,1.0913096E1,-1.262141E0,-3.874662E0,4.6780166E-1,1.3510479E0,-4.573135E-1,-8.8962175E-2],"categories":[],"categories_nodes":[],"categories_segments":[],"categories_sizes":[],"default_left":[0,0,0,0,0,0,0,0,0],"id":11,"left_children":[1,3,5,-1,7,-1,-1,-1,-1],"loss_changes":[1.0699331E3,6.335251E1,1.7772217E1,0E0,4.271511E0,0E0,0E0,0E0,0E0],"parents":[2147483647,0,0,1,1,2,2,4,4],"right_children":[2,4,6,-1,8,-1,-1,-1,-1],"split_conditions":[6.0389924E-1,2.0065776E-1,9.056554E-1,-1.262141E0,4.0339738E-1,4.6780166E-1,1.3510479E0,-4.573135E-1,-8.8962175E-2],"split_indices":[0,0,0,0,0,0,0,0,0],"split_type":[0,0,0,0,0,0,0,0,0],"sum_hessian":[9E0,5E0,4E0,2E0,3E0,2E0,2E0,2E0,1E0],"tree_param":{"num_deleted":"0","num_feature":"2","num_nodes":"9","size_leaf_vector":"1"}},{"base_weights":[1.0927753E-1,-8.305834E0,1.0185556E1,-1.1779983E0,-3.6237645E0,4.36615E-1,1.2609776E0,-4.268259E-1,-8.4514044E-2],"categories":[],"categories_nodes":[],"categories_segments":[],"categories_sizes":[],"default_left":[0,0,0,0,0,0,0,0,0],"id":12,"left_children":[1,3,5,-1,7,-1,-1,-1,-1],"loss_changes":[9.3252954E2,5.4909363E1,1.5481506E1,0E0,3.5559502E0,0E0,0E0,0E0,0E0],"parents":[2147483647,0,0,1,1,2,2,4,4],"right_children":[2,4,6,-1,8,-1,-1,-1,-1],"split_conditions":[6.0389924E-1,2.0065776E-1,9.056554E-1,-1.1779983E0,4.0339738E-1,4.36615E-1,1.2609776E0,-4.268259E-1,-8.4514044E-2],"split_indices":[0,0,0,0,0,0,0,0,0],"split_type":[0,0,0,0,0,0,0,0,0],"sum_hessian":[9E0,5E0,4E0,2E0,3E0,2E0,2E0,2E0,1E0],"tree_param":{"num_deleted":"0","num_feature":"2","num_nodes":"9","size_leaf_vector":"1"}},{"base_weights":[9.917507E-2,-7.756807E0,9.506518E0,-1.0994651E0,-3.3892226E0,4.0750733E-1,1.1769124E0,-3.9837083E-1,-8.028831E-2],"categories":[],"categories_nodes":[],"categories_segments":[],"categories_sizes":[],"default_left":[0,0,0,0,0,0,0,0,0],"id":13,"left_children":[1,3,5,-1,7,-1,-1,-1,-1],"loss_changes":[8.127795E2,4.7586E1,1.3486053E1,0E0,2.9517136E0,0E0,0E0,0E0,0E0],"parents":[2147483647,0,0,1,1,2,2,4,4],"right_children":[2,4,6,-1,8,-1,-1,-1,-1],"split_conditions":[6.0389924E-1,2.0065776E-1,9.056554E-1,-1.0994651E0,4.0339738E-1,4.0750733E-1,1.1769124E0,-3.9837083E-1,-8.028831E-2],"split_indices":[0,0,0,0,0,0,0,0,0],"split_type":[0,0,0,0,0,0,0,0,0],"sum_hessian":[9E0,5E0,4E0,2E0,3E0,2E0,2E0,2E0,1E0],"tree_param":{"num_deleted":"0","num_feature":"2","num_nodes":"9","size_leaf_vector":"1"}},{"base_weights":[8.988724E-2,-7.244147E0,8.872751E0,-1.0261674E0,-3.1699648E0,3.8034007E-1,1.0984517E0,-3.718127E-1,-7.627392E-2],"categories":[],"categories_nodes":[],"categories_segments":[],"categories_sizes":[],"default_left":[0,0,0,0,0,0,0,0,0],"id":14,"left_children":[1,3,5,-1,7,-1,-1,-1,-1],"loss_changes":[7.084137E2,4.123459E1,1.1747925E1,0E0,2.4422417E0,0E0,0E0,0E0,0E0],"parents":[2147483647,0,0,1,1,2,2,4,4],"right_children":[2,4,6,-1,8,-1,-1,-1,-1],"split_conditions":[6.0389924E-1,2.0065776E-1,9.056554E-1,-1.0261674E0,4.0339738E-1,3.8034007E-1,1.0984517E0,-3.718127E-1,-7.627392E-2],"split_indices":[0,0,0,0,0,0,0,0,0],"split_type":[0,0,0,0,0,0,0,0,0],"sum_hessian":[9E0,5E0,4E0,2E0,3E0,2E0,2E0,2E0,1E0],"tree_param":{"num_deleted":"0","num_feature":"2","num_nodes":"9","size_leaf_vector":"1"}},{"base_weights":[8.135243E-2,-6.7654414E0,8.281235E0,-9.5775634E-1,-2.9649901E0,3.5498402E-1,1.0252217E0,-3.4702525E-1,-7.2460175E-2],"categories":[],"categories_nodes":[],"categories_segments":[],"categories_sizes":[],"default_left":[0,0,0,0,0,0,0,0,0],"id":15,"left_children":[1,3,5,-1,7,-1,-1,-1,-1],"loss_changes":[6.1745526E2,3.5726593E1,1.0233765E1,0E0,2.0133858E0,0E0,0E0,0E0,0E0],"parents":[2147483647,0,0,1,1,2,2,4,4],"right_children":[2,4,6,-1,8,-1,-1,-1,-1],"split_conditions":[6.0389924E-1,2.0065776E-1,9.056554E-1,-9.5775634E-1,4.0339738E-1,3.5498402E-1,1.0252217E0,-3.4702525E-1,-7.2460175E-2],"split_indices":[0,0,0,0,0,0,0,0,0],"split_type":[0,0,0,0,0,0,0,0,0],"sum_hessian":[9E0,5E0,4E0,2E0,3E0,2E0,2E0,2E0,1E0],"tree_param":{"num_deleted":"0","num_feature":"2","num_nodes":"9","size_leaf_vector":"1"}},{"base_weights":[7.351341E-2,-6.3184376E0,7.7291517E0,-8.065654E-1,-1.8826701E-1,3.313184E-1,9.568736E-1],"categories":[],"categories_nodes":[],"categories_segments":[],"categories_sizes":[],"default_left":[0,0,0,0,0,0,0],"id":16,"left_children":[1,3,5,-1,-1,-1,-1],"loss_changes":[5.3818085E2,3.1316483E1,8.914734E0,0E0,0E0,0E0,0E0],"parents":[2147483647,0,0,1,1,2,2],"right_children":[2,4,6,-1,-1,-1,-1],"split_conditions":[6.0389924E-1,3.009159E-1,9.056554E-1,-8.065654E-1,-1.8826701E-1,3.313184E-1,9.568736E-1],"split_indices":[0,0,0,0,0,0,0],"split_type":[0,0,0,0,0,0,0],"sum_hessian":[9E0,5E0,4E0,3E0,2E0,2E0,2E0],"tree_param":{"num_deleted":"0","num_feature":"2","num_nodes":"7","size_leaf_vector":"1"}},{"base_weights":[9.5498845E-2,-5.852399E0,7.2138762E0,-8.401348E-1,-2.4775872E0,3.0923054E-1,8.9308214E-1,-2.9072908E-1,-5.942383E-2],"categories":[],"categories_nodes":[],"categories_segments":[],"categories_sizes":[],"default_left":[0,0,0,0,0,0,0,0,0],"id":17,"left_children":[1,3,5,-1,7,-1,-1,-1,-1],"loss_changes":[4.656123E2,3.0798264E1,7.765747E0,0E0,1.5095043E0,0E0,0E0,0E0,0E0],"parents":[2147483647,0,0,1,1,2,2,4,4],"right_children":[2,4,6,-1,8,-1,-1,-1,-1],"split_conditions":[6.0389924E-1,2.0065776E-1,9.056554E-1,-8.401348E-1,4.0339738E-1,3.0923054E-1,8.9308214E-1,-2.9072908E-1,-5.942383E-2],"split_indices":[0,0,0,0,0,0,0,0,0],"split_type":[0,0,0,0,0,0,0,0,0],"sum_hessian":[9E0,5E0,4E0,2E0,3E0,2E0,2E0,2E0,1E0],"tree_param":{"num_deleted":"0","num_feature":"2","num_nodes":"9","size_leaf_vector":"1"}},{"base_weights":[8.715191E-2,-5.4655395E0,6.732951E0,-7.8412575E-1,-2.3173661E0,2.8861517E-1,8.335434E-1,-2.7134714E-1,-5.645256E-2],"categories":[],"categories_nodes":[],"categories_segments":[],"categories_sizes":[],"default_left":[0,0,0,0,0,0,0,0,0],"id":18,"left_children":[1,3,5,-1,7,-1,-1,-1,-1],"loss_changes":[4.0581995E2,2.670398E1,6.7648163E0,0E0,1.2454109E0,0E0,0E0,0E0,0E0],"parents":[2147483647,0,0,1,1,2,2,4,4],"right_children":[2,4,6,-1,8,-1,-1,-1,-1],"split_conditions":[6.0389924E-1,2.0065776E-1,9.056554E-1,-7.8412575E-1,4.0339738E-1,2.8861517E-1,8.335434E-1,-2.7134714E-1,-5.645256E-2],"split_indices":[0,0,0,0,0,0,0,0,0],"split_type":[0,0,0,0,0,0,0,0,0],"sum_hessian":[9E0,5E0,4E0,2E0,3E0,2E0,2E0,2E0,1E0],"tree_param":{"num_deleted":"0","num_feature":"2","num_nodes":"9","size_leaf_vector":"1"}},{"base_weights":[7.946034E-2,-5.104306E0,6.284088E0,-7.318507E-1,-2.1675792E0,1.6314831E-1,7.039369E-1,-2.532573E-1,-5.3629875E-2],"categories":[],"categories_nodes":[],"categories_segments":[],"categories_sizes":[],"default_left":[0,0,0,0,0,0,0,0,0],"id":19,"left_children":[1,3,5,-1,7,-1,-1,-1,-1],"loss_changes":[3.5370932E2,2.3151566E1,6.085495E0,0E0,1.0234146E0,0E0,0E0,0E0,0E0],"parents":[2147483647,0,0,1,1,2,2,4,4],"right_children":[2,4,6,-1,8,-1,-1,-1,-1],"split_conditions":[6.0389924E-1,2.0065776E-1,7.053903E-1,-7.318507E-1,4.0339738E-1,1.6314831E-1,7.039369E-1,-2.532573E-1,-5.3629875E-2],"split_indices":[0,0,0,0,0,0,0,0,0],"split_type":[0,0,0,0,0,0,0,0,0],"sum_hessian":[9E0,5E0,4E0,2E0,3E0,1E0,3E0,2E0,1E0],"tree_param":{"num_deleted":"0","num_feature":"2","num_nodes":"9","size_leaf_vector":"1"}},{"base_weights":[5.43499E-2,-4.7669983E0,5.8290977E0,-7.872955E-1,-2.571216E0,2.4047127E-1,7.31045E-1,-2.9592785E-1,-5.0948333E-2],"categories":[],"categories_nodes":[],"categories_segments":[],"categories_sizes":[],"default_left":[0,0,0,0,0,0,0,0,0],"id":20,"left_children":[1,3,5,-1,7,-1,-1,-1,-1],"loss_changes":[3.06208E2,2.0676971E1,7.784073E0,0E0,2.4926987E0,0E0,0E0,0E0,0E0],"parents":[2147483647,0,0,1,1,2,2,4,4],"right_children":[2,4,6,-1,8,-1,-1,-1,-1],"split_conditions":[6.0389924E-1,1.0061618E-1,9.056554E-1,-7.872955E-1,4.0339738E-1,2.4047127E-1,7.31045E-1,-2.9592785E-1,-5.0948333E-2],"split_indices":[0,0,0,0,0,0,0,0,0],"split_type":[0,0,0,0,0,0,0,0,0],"sum_hessian":[9E0,5E0,4E0,1E0,4E0,2E0,2E0,3E0,1E0],"tree_param":{"num_deleted":"0","num_feature":"2","num_nodes":"9","size_leaf_vector":"1"}},{"base_weights":[3.264885E-2,-4.4793267E0,5.44049E0,-7.479307E-1,-2.3834693E0,2.2443989E-1,6.8230844E-1,-2.7373323E-1,-4.840088E-2],"categories":[],"categories_nodes":[],"categories_segments":[],"categories_sizes":[],"default_left":[0,0,0,0,0,0,0,0,0],"id":21,"left_children":[1,3,5,-1,7,-1,-1,-1,-1],"loss_changes":[2.6837024E2,1.9898476E1,6.7807617E0,0E0,2.0358505E0,0E0,0E0,0E0,0E0],"parents":[2147483647,0,0,1,1,2,2,4,4],"right_children":[2,4,6,-1,8,-1,-1,-1,-1],"split_conditions":[6.0389924E-1,1.0061618E-1,9.056554E-1,-7.479307E-1,4.0339738E-1,2.2443989E-1,6.8230844E-1,-2.7373323E-1,-4.840088E-2],"split_indices":[0,0,0,0,0,0,0,0,0],"split_type":[0,0,0,0,0,0,0,0,0],"sum_hessian":[9E0,5E0,4E0,1E0,4E0,2E0,2E0,3E0,1E0],"tree_param":{"num_deleted":"0","num_feature":"2","num_nodes":"9","size_leaf_vector":"1"}},{"base_weights":[1.3051415E-2,-4.2097383E0,5.0777884E0,-7.105342E-1,-2.209549E0,2.0947711E-1,6.36821E-1,-2.532032E-1,-4.5980837E-2],"categories":[],"categories_nodes":[],"categories_segments":[],"categories_sizes":[],"default_left":[0,0,0,0,0,0,0,0,0],"id":22,"left_children":[1,3,5,-1,7,-1,-1,-1,-1],"loss_changes":[2.3524933E2,1.9050926E1,5.9068146E0,0E0,1.6570587E0,0E0,0E0,0E0,0E0],"parents":[2147483647,0,0,1,1,2,2,4,4],"right_children":[2,4,6,-1,8,-1,-1,-1,-1],"split_conditions":[6.0389924E-1,1.0061618E-1,9.056554E-1,-7.105342E-1,4.0339738E-1,2.0947711E-1,6.36821E-1,-2.532032E-1,-4.5980837E-2],"split_indices":[0,0,0,0,0,0,0,0,0],"split_type":[0,0,0,0,0,0,0,0,0],"sum_hessian":[9E0,5E0,4E0,1E0,4E0,2E0,2E0,3E0,1E0],"tree_param":{"num_deleted":"0","num_feature":"2","num_nodes":"9","size_leaf_vector":"1"}},{"base_weights":[-4.594803E-3,-3.9570503E0,4.7392707E0,-6.750075E-1,-2.0484304E0,1.9551201E-1,5.943665E-1,-2.3421295E-1,-4.368172E-2],"categories":[],"categories_nodes":[],"categories_segments":[],"categories_sizes":[],"default_left":[0,0,0,0,0,0,0,0,0],"id":23,"left_children":[1,3,5,-1,7,-1,-1,-1,-1],"loss_changes":[2.0625272E2,1.8157875E1,5.145485E0,0E0,1.343565E0,0E0,0E0,0E0,0E0],"parents":[2147483647,0,0,1,1,2,2,4,4],"right_children":[2,4,6,-1,8,-1,-1,-1,-1],"split_conditions":[6.0389924E-1,1.0061618E-1,9.056554E-1,-6.750075E-1,4.0339738E-1,1.9551201E-1,5.943665E-1,-2.3421295E-1,-4.368172E-2],"split_indices":[0,0,0,0,0,0,0,0,0],"split_type":[0,0,0,0,0,0,0,0,0],"sum_hessian":[9E0,5E0,4E0,1E0,4E0,2E0,2E0,3E0,1E0],"tree_param":{"num_deleted":"0","num_feature":"2","num_nodes":"9","size_leaf_vector":"1"}},{"base_weights":[-2.0437527E-2,-3.720162E0,4.4233193E0,-6.412571E-1,-1.8991659E0,1.8247795E-1,5.547419E-1,-2.1664694E-1,-4.1497614E-2],"categories":[],"categories_nodes":[],"categories_segments":[],"categories_sizes":[],"default_left":[0,0,0,0,0,0,0,0,0],"id":24,"left_children":[1,3,5,-1,7,-1,-1,-1,-1],"loss_changes":[1.8086221E2,1.7238663E1,4.4822845E0,0E0,1.0846119E0,0E0,0E0,0E0,0E0],"parents":[2147483647,0,0,1,1,2,2,4,4],"right_children":[2,4,6,-1,8,-1,-1,-1,-1],"split_conditions":[6.0389924E-1,1.0061618E-1,9.056554E-1,-6.412571E-1,4.0339738E-1,1.8247795E-1,5.547419E-1,-2.1664694E-1,-4.1497614E-2],"split_indices":[0,0,0,0,0,0,0,0,0],"split_type":[0,0,0,0,0,0,0,0,0],"sum_hessian":[9E0,5E0,4E0,1E0,4E0,2E0,2E0,3E0,1E0],"tree_param":{"num_deleted":"0","num_feature":"2","num_nodes":"9","size_leaf_vector":"1"}},{"base_weights":[-3.46118E-2,-3.4980462E0,4.128432E0,-6.091942E-1,-1.7608783E0,1.7031275E-1,5.177592E-1,-2.003984E-1,-3.94228E-2],"categories":[],"categories_nodes":[],"categories_segments":[],"categories_sizes":[],"default_left":[0,0,0,0,0,0,0,0,0],"id":25,"left_children":[1,3,5,-1,7,-1,-1,-1,-1],"loss_changes":[1.5862572E2,1.6309029E1,3.9045563E0,0E0,8.7117386E-1,0E0,0E0,0E0,0E0],"parents":[2147483647,0,0,1,1,2,2,4,4],"right_children":[2,4,6,-1,8,-1,-1,-1,-1],"split_conditions":[6.0389924E-1,1.0061618E-1,9.056554E-1,-6.091942E-1,4.0339738E-1,1.7031275E-1,5.177592E-1,-2.003984E-1,-3.94228E-2],"split_indices":[0,0,0,0,0,0,0,0,0],"split_type":[0,0,0,0,0,0,0,0,0],"sum_hessian":[9E0,5E0,4E0,1E0,4E0,2E0,2E0,3E0,1E0],"tree_param":{"num_deleted":"0","num_feature":"2","num_nodes":"9","size_leaf_vector":"1"}},{"base_weights":[-4.7245406E-2,-3.2897446E0,3.8532028E0,-5.787346E-1,-1.6327555E0,2.0043468E-1,5.6243134E-1,-1.8536857E-1,-3.7451744E-2],"categories":[],"categories_nodes":[],"categories_segments":[],"categories_sizes":[],"default_left":[0,0,0,0,0,0,0,0,0],"id":26,"left_children":[1,3,5,-1,7,-1,-1,-1,-1],"loss_changes":[1.3914806E2,1.5381668E1,5.099571E0,0E0,6.956749E-1,0E0,0E0,0E0,0E0],"parents":[2147483647,0,0,1,1,2,2,4,4],"right_children":[2,4,6,-1,8,-1,-1,-1,-1],"split_conditions":[6.0389924E-1,1.0061618E-1,1E0,-5.787346E-1,4.0339738E-1,2.0043468E-1,5.6243134E-1,-1.8536857E-1,-3.7451744E-2],"split_indices":[0,0,0,0,0,0,0,0,0],"split_type":[0,0,0,0,0,0,0,0,0],"sum_hessian":[9E0,5E0,4E0,1E0,4E0,3E0,1E0,3E0,1E0],"tree_param":{"num_deleted":"0","num_feature":"2","num_nodes":"9","size_leaf_vector":"1"}},{"base_weights":[-4.638958E-2,-3.0943625E0,3.620456E0,-5.4979783E-1,-1.5140438E0,1.8540211E-1,5.343098E-1,-1.7146592E-1,-3.557911E-2],"categories":[],"categories_nodes":[],"categories_segments":[],"categories_sizes":[],"default_left":[0,0,0,0,0,0,0,0,0],"id":27,"left_children":[1,3,5,-1,7,-1,-1,-1,-1],"loss_changes":[1.2296746E2,1.4466694E1,5.3084564E0,0E0,5.5175686E-1,0E0,0E0,0E0,0E0],"parents":[2147483647,0,0,1,1,2,2,4,4],"right_children":[2,4,6,-1,8,-1,-1,-1,-1],"split_conditions":[6.0389924E-1,1.0061618E-1,1E0,-5.4979783E-1,4.0339738E-1,1.8540211E-1,5.343098E-1,-1.7146592E-1,-3.557911E-2],"split_indices":[0,0,0,0,0,0,0,0,0],"split_type":[0,0,0,0,0,0,0,0,0],"sum_hessian":[9E0,5E0,4E0,1E0,4E0,3E0,1E0,3E0,1E0],"tree_param":{"num_deleted":"0","num_feature":"2","num_nodes":"9","size_leaf_vector":"1"}},{"base_weights":[-4.5463372E-2,-2.9110663E0,3.4023528E0,-5.2230793E-1,-1.404048E0,1.7149697E-1,5.075943E-1,-1.5860593E-1,-3.3800125E-2],"categories":[],"categories_nodes":[],"categories_segments":[],"categories_sizes":[],"default_left":[0,0,0,0,0,0,0,0,0],"id":28,"left_children":[1,3,5,-1,7,-1,-1,-1,-1],"loss_changes":[1.0870521E2,1.3572018E1,5.414852E0,0E0,4.3407345E-1,0E0,0E0,0E0,0E0],"parents":[2147483647,0,0,1,1,2,2,4,4],"right_children":[2,4,6,-1,8,-1,-1,-1,-1],"split_conditions":[6.0389924E-1,1.0061618E-1,1E0,-5.2230793E-1,4.0339738E-1,1.7149697E-1,5.075943E-1,-1.5860593E-1,-3.3800125E-2],"split_indices":[0,0,0,0,0,0,0,0,0],"split_type":[0,0,0,0,0,0,0,0,0],"sum_hessian":[9E0,5E0,4E0,1E0,4E0,3E0,1E0,3E0,1E0],"tree_param":{"num_deleted":"0","num_feature":"2","num_nodes":"9","size_leaf_vector":"1"}},{"base_weights":[-4.4478796E-2,-2.7390788E0,3.197937E0,-4.961925E-1,-1.3021246E0,1.5863477E-1,4.8221475E-1,-1.4671047E-1,-3.2110214E-2],"categories":[],"categories_nodes":[],"categories_segments":[],"categories_sizes":[],"default_left":[0,0,0,0,0,0,0,0,0],"id":29,"left_children":[1,3,5,-1,7,-1,-1,-1,-1],"loss_changes":[9.612954E1,1.2703724E1,5.438198E0,0E0,3.3815575E-1,0E0,0E0,0E0,0E0],"parents":[2147483647,0,0,1,1,2,2,4,4],"right_children":[2,4,6,-1,8,-1,-1,-1,-1],"split_conditions":[6.0389924E-1,1.0061618E-1,1E0,-4.961925E-1,4.0339738E-1,1.5863477E-1,4.8221475E-1,-1.4671047E-1,-3.2110214E-2],"split_indices":[0,0,0,0,0,0,0,0,0],"split_type":[0,0,0,0,0,0,0,0,0],"sum_hessian":[9E0,5E0,4E0,1E0,4E0,3E0,1E0,3E0,1E0],"tree_param":{"num_deleted":"0","num_feature":"2","num_nodes":"9","size_leaf_vector":"1"}},{"base_weights":[-4.3447398E-2,-2.5776727E0,3.0063126E0,-4.7138286E-1,-1.2076759E0,1.467371E-1,4.5810395E-1,-1.3570718E-1,-3.0504609E-2],"categories":[],"categories_nodes":[],"categories_segments":[],"categories_sizes":[],"default_left":[0,0,0,0,0,0,0,0,0],"id":30,"left_children":[1,3,5,-1,7,-1,-1,-1,-1],"loss_changes":[8.503708E1,1.1866383E1,5.3949776E0,0E0,2.602768E-1,0E0,0E0,0E0,0E0],"parents":[2147483647,0,0,1,1,2,2,4,4],"right_children":[2,4,6,-1,8,-1,-1,-1,-1],"split_conditions":[6.0389924E-1,1.0061618E-1,1E0,-4.7138286E-1,4.0339738E-1,1.467371E-1,4.5810395E-1,-1.3570718E-1,-3.0504609E-2],"split_indices":[0,0,0,0,0,0,0,0,0],"split_type":[0,0,0,0,0,0,0,0,0],"sum_hessian":[9E0,5E0,4E0,1E0,4E0,3E0,1E0,3E0,1E0],"tree_param":{"num_deleted":"0","num_feature":"2","num_nodes":"9","size_leaf_vector":"1"}},{"base_weights":[-4.237776E-2,-2.4261708E0,2.8266494E0,-4.4781372E-1,-1.1201502E0,1.3573189E-1,4.351986E-1,-1.2552913E-1,-2.8979301E-2],"categories":[],"categories_nodes":[],"categories_segments":[],"categories_sizes":[],"default_left":[0,0,0,0,0,0,0,0,0],"id":31,"left_children":[1,3,5,-1,7,-1,-1,-1,-1],"loss_changes":[7.52496E1,1.1063274E1,5.2990837E0,0E0,1.9730234E-1,0E0,0E0,0E0,0E0],"parents":[2147483647,0,0,1,1,2,2,4,4],"right_children":[2,4,6,-1,8,-1,-1,-1,-1],"split_conditions":[6.0389924E-1,1.0061618E-1,1E0,-4.4781372E-1,4.0339738E-1,1.3573189E-1,4.351986E-1,-1.2552913E-1,-2.8979301E-2],"split_indices":[0,0,0,0,0,0,0,0,0],"split_type":[0,0,0,0,0,0,0,0,0],"sum_hessian":[9E0,5E0,4E0,1E0,4E0,3E0,1E0,3E0,1E0],"tree_param":{"num_deleted":"0","num_feature":"2","num_nodes":"9","size_leaf_vector":"1"}},{"base_weights":[-4.1278936E-2,-2.2839408E0,2.6581712E0,-4.25423E-1,-1.039037E0,1.2555198E-1,4.134388E-1,-1.16114475E-1,-2.7530288E-2],"categories":[],"categories_nodes":[],"categories_segments":[],"categories_sizes":[],"default_left":[0,0,0,0,0,0,0,0,0],"id":32,"left_children":[1,3,5,-1,7,-1,-1,-1,-1],"loss_changes":[6.661065E1,1.02966175E1,5.162281E0,0E0,1.4662266E-1,0E0,0E0,0E0,0E0],"parents":[2147483647,0,0,1,1,2,2,4,4],"right_children":[2,4,6,-1,8,-1,-1,-1,-1],"split_conditions":[6.0389924E-1,1.0061618E-1,1E0,-4.25423E-1,4.0339738E-1,1.2555198E-1,4.134388E-1,-1.16114475E-1,-2.7530288E-2],"split_indices":[0,0,0,0,0,0,0,0,0],"split_type":[0,0,0,0,0,0,0,0,0],"sum_hessian":[9E0,5E0,4E0,1E0,4E0,3E0,1E0,3E0,1E0],"tree_param":{"num_deleted":"0","num_feature":"2","num_nodes":"9","size_leaf_vector":"1"}},{"base_weights":[-4.015827E-2,-2.1503916E0,2.5001533E0,-4.041519E-1,-9.638624E-1,1.16135694E-1,3.9276695E-1,-1.0740592E-1,-2.6153756E-2],"categories":[],"categories_nodes":[],"categories_segments":[],"categories_sizes":[],"default_left":[0,0,0,0,0,0,0,0,0],"id":33,"left_children":[1,3,5,-1,7,-1,-1,-1,-1],"loss_changes":[5.898281E1,9.567797E0,4.994343E0,0E0,1.0606289E-1,0E0,0E0,0E0,0E0],"parents":[2147483647,0,0,1,1,2,2,4,4],"right_children":[2,4,6,-1,8,-1,-1,-1,-1],"split_conditions":[6.0389924E-1,1.0061618E-1,1E0,-4.041519E-1,4.0339738E-1,1.16135694E-1,3.9276695E-1,-1.0740592E-1,-2.6153756E-2],"split_indices":[0,0,0,0,0,0,0,0,0],"split_type":[0,0,0,0,0,0,0,0,0],"sum_hessian":[9E0,5E0,4E0,1E0,4E0,3E0,1E0,3E0,1E0],"tree_param":{"num_deleted":"0","num_feature":"2","num_nodes":"9","size_leaf_vector":"1"}},{"base_weights":[-3.9023113E-2,-2.0249708E0,2.3519187E0,-3.8394427E-1,-8.941879E-1,1.074256E0,3.731285E-1,-1.1091296E-1,-3.8118362E-2,3.1850245E-2,1.22000635E-1],"categories":[],"categories_nodes":[],"categories_segments":[],"categories_sizes":[],"default_left":[0,0,0,0,0,0,0,0,0,0,0],"id":34,"left_children":[1,3,5,-1,7,9,-1,-1,-1,-1,-1],"loss_changes":[5.2245426E1,8.8774605E0,4.803467E0,0E0,1.2854767E-1,5.2030563E-2,0E0,0E0,0E0,0E0,0E0],"parents":[2147483647,0,0,1,1,2,2,4,4,5,5],"right_children":[2,4,6,-1,8,10,-1,-1,-1,-1,-1],"split_conditions":[6.0389924E-1,1.0061618E-1,1E0,-3.8394427E-1,3.009159E-1,7.053903E-1,3.731285E-1,-1.1091296E-1,-3.8118362E-2,3.1850245E-2,1.22000635E-1],"split_indices":[0,0,0,0,0,0,0,0,0,0,0],"split_type":[0,0,0,0,0,0,0,0,0,0,0],"sum_hessian":[9E0,5E0,4E0,1E0,4E0,3E0,1E0,2E0,2E0,1E0,2E0],"tree_param":{"num_deleted":"0","num_feature":"2","num_nodes":"11","size_leaf_vector":"1"}},{"base_weights":[-3.572054E-2,-1.9113027E0,2.2221222E0,-3.6474705E-1,-8.3457506E-1,1.0052929E0,3.5447198E-1,-1.0351878E-1,-3.5577074E-2,3.0257797E-2,1.13867186E-1],"categories":[],"categories_nodes":[],"categories_segments":[],"categories_sizes":[],"default_left":[0,0,0,0,0,0,0,0,0,0,0],"id":35,"left_children":[1,3,5,-1,7,9,-1,-1,-1,-1,-1],"loss_changes":[4.6594845E1,8.17219E0,4.4833946E0,0E0,1.1198163E-1,3.037262E-2,0E0,0E0,0E0,0E0,0E0],"parents":[2147483647,0,0,1,1,2,2,4,4,5,5],"right_children":[2,4,6,-1,8,10,-1,-1,-1,-1,-1],"split_conditions":[6.0389924E-1,1.0061618E-1,1E0,-3.6474705E-1,3.009159E-1,7.053903E-1,3.5447198E-1,-1.0351878E-1,-3.5577074E-2,3.0257797E-2,1.13867186E-1],"split_indices":[0,0,0,0,0,0,0,0,0,0,0],"split_type":[0,0,0,0,0,0,0,0,0,0,0],"sum_hessian":[9E0,5E0,4E0,1E0,4E0,3E0,1E0,2E0,2E0,1E0,2E0],"tree_param":{"num_deleted":"0","num_feature":"2","num_nodes":"11","size_leaf_vector":"1"}},{"base_weights":[-3.267317E-2,-1.8041463E0,2.0996292E0,-3.465097E-1,-7.7893674E-1,9.40794E-1,3.367485E-1,-9.661751E-2,-3.3205286E-2,2.874489E-2,1.0627594E-1],"categories":[],"categories_nodes":[],"categories_segments":[],"categories_sizes":[],"default_left":[0,0,0,0,0,0,0,0,0,0,0],"id":36,"left_children":[1,3,5,-1,7,9,-1,-1,-1,-1,-1],"loss_changes":[4.1561203E1,7.5178432E0,4.17807E0,0E0,9.754777E-2,1.3252974E-2,0E0,0E0,0E0,0E0,0E0],"parents":[2147483647,0,0,1,1,2,2,4,4,5,5],"right_children":[2,4,6,-1,8,10,-1,-1,-1,-1,-1],"split_conditions":[6.0389924E-1,1.0061618E-1,1E0,-3.465097E-1,3.009159E-1,7.053903E-1,3.367485E-1,-9.661751E-2,-3.3205286E-2,2.874489E-2,1.0627594E-1],"split_indices":[0,0,0,0,0,0,0,0,0,0,0],"split_type":[0,0,0,0,0,0,0,0,0,0,0],"sum_hessian":[9E0,5E0,4E0,1E0,4E0,3E0,1E0,2E0,2E0,1E0,2E0],"tree_param":{"num_deleted":"0","num_feature":"2","num_nodes":"11","size_leaf_vector":"1"}},{"base_weights":[-2.9862022E-2,-1.7031202E0,1.9840202E0,-2.7991715E-1,-4.5530178E-2,8.804693E-2,3.199112E-1],"categories":[],"categories_nodes":[],"categories_segments":[],"categories_sizes":[],"default_left":[0,0,0,0,0,0,0],"id":37,"left_children":[1,3,5,-1,-1,-1,-1],"loss_changes":[3.7076477E1,6.93157E0,3.8878555E0,0E0,0E0,0E0,0E0],"parents":[2147483647,0,0,1,1,2,2],"right_children":[2,4,6,-1,-1,-1,-1],"split_conditions":[6.0389924E-1,2.0065776E-1,1E0,-2.7991715E-1,-4.5530178E-2,8.804693E-2,3.199112E-1],"split_indices":[0,0,0,0,0,0,0],"split_type":[0,0,0,0,0,0,0],"sum_hessian":[9E0,5E0,4E0,2E0,3E0,3E0,1E0],"tree_param":{"num_deleted":"0","num_feature":"2","num_nodes":"7","size_leaf_vector":"1"}},{"base_weights":[-1.8623877E-2,-1.5870497E0,1.8672119E0,-3.1518835E-1,-6.437063E-1,8.1443596E-1,3.039158E-1,-7.185104E-2,-1.7224504E-2,2.290535E-2,9.332123E-2],"categories":[],"categories_nodes":[],"categories_segments":[],"categories_sizes":[],"default_left":[0,0,0,0,0,0,0,0,0,0,0],"id":38,"left_children":[1,3,5,-1,7,9,-1,-1,-1,-1,-1],"loss_changes":[3.2541294E1,6.828166E0,3.6937828E0,0E0,5.2576065E-2,6.4362764E-2,0E0,0E0,0E0,0E0,0E0],"parents":[2147483647,0,0,1,1,2,2,4,4,5,5],"right_children":[2,4,6,-1,8,10,-1,-1,-1,-1,-1],"split_conditions":[6.0389924E-1,1.0061618E-1,1E0,-3.1518835E-1,4.0339738E-1,7.053903E-1,3.039158E-1,-7.185104E-2,-1.7224504E-2,2.290535E-2,9.332123E-2],"split_indices":[0,0,0,0,0,0,0,0,0,0,0],"split_type":[0,0,0,0,0,0,0,0,0,0,0],"sum_hessian":[9E0,5E0,4E0,1E0,4E0,3E0,1E0,3E0,1E0,1E0,2E0],"tree_param":{"num_deleted":"0","num_feature":"2","num_nodes":"11","size_leaf_vector":"1"}},{"base_weights":[-1.5173865E-2,-1.495722E0,1.7645187E0,-2.994289E-1,-5.971508E-1,7.620487E-1,2.8871995E-1,-7.4538045E-2,-2.4987094E-2,2.1760179E-2,8.7099716E-2],"categories":[],"categories_nodes":[],"categories_segments":[],"categories_sizes":[],"default_left":[0,0,0,0,0,0,0,0,0,0,0],"id":39,"left_children":[1,3,5,-1,7,9,-1,-1,-1,-1,-1],"loss_changes":[2.8988436E1,6.291374E0,3.427081E0,0E0,7.113695E-2,4.773569E-2,0E0,0E0,0E0,0E0,0E0],"parents":[2147483647,0,0,1,1,2,2,4,4,5,5],"right_children":[2,4,6,-1,8,10,-1,-1,-1,-1,-1],"split_conditions":[6.0389924E-1,1.0061618E-1,1E0,-2.994289E-1,3.009159E-1,7.053903E-1,2.8871995E-1,-7.4538045E-2,-2.4987094E-2,2.1760179E-2,8.7099716E-2],"split_indices":[0,0,0,0,0,0,0,0,0,0,0],"split_type":[0,0,0,0,0,0,0,0,0,0,0],"sum_hessian":[9E0,5E0,4E0,1E0,4E0,3E0,1E0,2E0,2E0,1E0,2E0],"tree_param":{"num_deleted":"0","num_feature":"2","num_nodes":"11","size_leaf_vector":"1"}},{"base_weights":[-1.3793421E-2,-1.4126426E0,1.6675842E0,-2.8445747E-1,-5.573412E-1,7.130604E-1,2.7428398E-1,-6.956886E-2,-2.3321344E-2,2.0672226E-2,8.129323E-2],"categories":[],"categories_nodes":[],"categories_segments":[],"categories_sizes":[],"default_left":[0,0,0,0,0,0,0,0,0,0,0],"id":40,"left_children":[1,3,5,-1,7,9,-1,-1,-1,-1,-1],"loss_changes":[2.5875637E1,5.7630024E0,3.1759768E0,0E0,6.1967015E-2,3.422475E-2,0E0,0E0,0E0,0E0,0E0],"parents":[2147483647,0,0,1,1,2,2,4,4,5,5],"right_children":[2,4,6,-1,8,10,-1,-1,-1,-1,-1],"split_conditions":[6.0389924E-1,1.0061618E-1,1E0,-2.8445747E-1,3.009159E-1,7.053903E-1,2.7428398E-1,-6.956886E-2,-2.3321344E-2,2.0672226E-2,8.129323E-2],"split_indices":[0,0,0,0,0,0,0,0,0,0,0],"split_type":[0,0,0,0,0,0,0,0,0,0,0],"sum_hessian":[9E0,5E0,4E0,1E0,4E0,3E0,1E0,2E0,2E0,1E0,2E0],"tree_param":{"num_deleted":"0","num_feature":"2","num_nodes":"11","size_leaf_vector":"1"}},{"base_weights":[-1.2523365E-2,-1.3342694E0,1.5760765E0,-2.7023458E-1,-5.201849E-1,6.672468E-1,2.6056978E-1,-6.4930946E-2,-2.1766536E-2,1.9638633E-2,7.587382E-2],"categories":[],"categories_nodes":[],"categories_segments":[],"categories_sizes":[],"default_left":[0,0,0,0,0,0,0,0,0,0,0],"id":41,"left_children":[1,3,5,-1,7,9,-1,-1,-1,-1,-1],"loss_changes":[2.3100166E1,5.276659E0,2.9401073E0,0E0,5.3981423E-2,2.3312807E-2,0E0,0E0,0E0,0E0,0E0],"parents":[2147483647,0,0,1,1,2,2,4,4,5,5],"right_children":[2,4,6,-1,8,10,-1,-1,-1,-1,-1],"split_conditions":[6.0389924E-1,1.0061618E-1,1E0,-2.7023458E-1,3.009159E-1,7.053903E-1,2.6056978E-1,-6.4930946E-2,-2.1766536E-2,1.9638633E-2,7.587382E-2],"split_indices":[0,0,0,0,0,0,0,0,0,0,0],"split_type":[0,0,0,0,0,0,0,0,0,0,0],"sum_hessian":[9E0,5E0,4E0,1E0,4E0,3E0,1E0,2E0,2E0,1E0,2E0],"tree_param":{"num_deleted":"0","num_feature":"2","num_nodes":"11","size_leaf_vector":"1"}},{"base_weights":[-1.13556385E-2,-1.2603309E0,1.4896858E0,-2.5672287E-1,-4.8550567E-1,6.2440014E-1,2.4754143E-1,-6.0602188E-2,-2.0315425E-2,1.865673E-2,7.081553E-2],"categories":[],"categories_nodes":[],"categories_segments":[],"categories_sizes":[],"default_left":[0,0,0,0,0,0,0,0,0,0,0],"id":42,"left_children":[1,3,5,-1,7,9,-1,-1,-1,-1,-1],"loss_changes":[2.0625134E1,4.829299E0,2.7190342E0,0E0,4.7023654E-2,1.4564514E-2,0E0,0E0,0E0,0E0,0E0],"parents":[2147483647,0,0,1,1,2,2,4,4,5,5],"right_children":[2,4,6,-1,8,10,-1,-1,-1,-1,-1],"split_conditions":[6.0389924E-1,1.0061618E-1,1E0,-2.5672287E-1,3.009159E-1,7.053903E-1,2.4754143E-1,-6.0602188E-2,-2.0315425E-2,1.865673E-2,7.081553E-2],"split_indices":[0,0,0,0,0,0,0,0,0,0,0],"split_type":[0,0,0,0,0,0,0,0,0,0,0],"sum_hessian":[9E0,5E0,4E0,1E0,4E0,3E0,1E0,2E0,2E0,1E0,2E0],"tree_param":{"num_deleted":"0","num_feature":"2","num_nodes":"11","size_leaf_vector":"1"}},{"base_weights":[-1.0282993E-2,-1.190571E0,1.4081192E0,-2.4388671E-1,-4.5313835E-1,5.843277E-1,2.3516427E-1,-5.6562044E-2,-1.8961018E-2,1.7723847E-2,6.6094466E-2],"categories":[],"categories_nodes":[],"categories_segments":[],"categories_sizes":[],"default_left":[0,0,0,0,0,0,0,0,0,0,0],"id":43,"left_children":[1,3,5,-1,7,9,-1,-1,-1,-1,-1],"loss_changes":[1.8417698E1,4.4180613E0,2.5122023E0,0E0,4.096377E-2,7.61497E-3,0E0,0E0,0E0,0E0,0E0],"parents":[2147483647,0,0,1,1,2,2,4,4,5,5],"right_children":[2,4,6,-1,8,10,-1,-1,-1,-1,-1],"split_conditions":[6.0389924E-1,1.0061618E-1,1E0,-2.4388671E-1,3.009159E-1,7.053903E-1,2.3516427E-1,-5.6562044E-2,-1.8961018E-2,1.7723847E-2,6.6094466E-2],"split_indices":[0,0,0,0,0,0,0,0,0,0,0],"split_type":[0,0,0,0,0,0,0,0,0,0,0],"sum_hessian":[9E0,5E0,4E0,1E0,4E0,3E0,1E0,2E0,2E0,1E0,2E0],"tree_param":{"num_deleted":"0","num_feature":"2","num_nodes":"11","size_leaf_vector":"1"}},{"base_weights":[-9.296512E-3,-1.1247483E0,1.331105E0,-2.3169236E-1,-4.2292863E-1,5.468502E-1,2.2340623E-1,-5.2791215E-2,-1.769689E-2,1.6837692E-2,6.1688233E-2],"categories":[],"categories_nodes":[],"categories_segments":[],"categories_sizes":[],"default_left":[0,0,0,0,0,0,0,0,0,0,0],"id":44,"left_children":[1,3,5,-1,7,9,-1,-1,-1,-1,-1],"loss_changes":[1.6448692E1,4.04026E0,2.319045E0,0E0,3.5684586E-2,2.152443E-3,0E0,0E0,0E0,0E0,0E0],"parents":[2147483647,0,0,1,1,2,2,4,4,5,5],"right_children":[2,4,6,-1,8,10,-1,-1,-1,-1,-1],"split_conditions":[6.0389924E-1,1.0061618E-1,1E0,-2.3169236E-1,3.009159E-1,7.053903E-1,2.2340623E-1,-5.2791215E-2,-1.769689E-2,1.6837692E-2,6.1688233E-2],"split_indices":[0,0,0,0,0,0,0,0,0,0,0],"split_type":[0,0,0,0,0,0,0,0,0,0,0],"sum_hessian":[9E0,5E0,4E0,1E0,4E0,3E0,1E0,2E0,2E0,1E0,2E0],"tree_param":{"num_deleted":"0","num_feature":"2","num_nodes":"11","size_leaf_vector":"1"}},{"base_weights":[-8.392143E-3,-1.062637E0,1.2583802E0,-2.2010775E-1,-3.9473343E-1,5.1179506E-2,2.1223603E-1,-4.9271774E-2,-1.651713E-2],"categories":[],"categories_nodes":[],"categories_segments":[],"categories_sizes":[],"default_left":[0,0,0,0,0,0,0,0,0],"id":45,"left_children":[1,3,5,-1,7,-1,-1,-1,-1],"loss_changes":[1.4692083E1,3.6933718E0,2.13896E0,0E0,3.1084597E-2,0E0,0E0,0E0,0E0],"parents":[2147483647,0,0,1,1,2,2,4,4],"right_children":[2,4,6,-1,8,-1,-1,-1,-1],"split_conditions":[6.0389924E-1,1.0061618E-1,1E0,-2.2010775E-1,3.009159E-1,5.1179506E-2,2.1223603E-1,-4.9271774E-2,-1.651713E-2],"split_indices":[0,0,0,0,0,0,0,0,0],"split_type":[0,0,0,0,0,0,0,0,0],"sum_hessian":[9E0,5E0,4E0,1E0,4E0,3E0,1E0,2E0,2E0],"tree_param":{"num_deleted":"0","num_feature":"2","num_nodes":"9","size_leaf_vector":"1"}},{"base_weights":[-9.800291E-3,-1.0040225E0,1.1852264E0,-2.0910238E-1,-3.6841756E-1,4.7341156E-1,2.016243E-1,-4.5986973E-2,-1.5415954E-2,1.343689E-2,5.4163616E-2],"categories":[],"categories_nodes":[],"categories_segments":[],"categories_sizes":[],"default_left":[0,0,0,0,0,0,0,0,0,0,0],"id":46,"left_children":[1,3,5,-1,7,9,-1,-1,-1,-1,-1],"loss_changes":[1.3071216E1,3.375051E0,2.0031366E0,0E0,2.707851E-2,1.9745111E-2,0E0,0E0,0E0,0E0,0E0],"parents":[2147483647,0,0,1,1,2,2,4,4,5,5],"right_children":[2,4,6,-1,8,10,-1,-1,-1,-1,-1],"split_conditions":[6.0389924E-1,1.0061618E-1,1E0,-2.0910238E-1,3.009159E-1,7.053903E-1,2.016243E-1,-4.5986973E-2,-1.5415954E-2,1.343689E-2,5.4163616E-2],"split_indices":[0,0,0,0,0,0,0,0,0,0,0],"split_type":[0,0,0,0,0,0,0,0,0,0,0],"sum_hessian":[9E0,5E0,4E0,1E0,4E0,3E0,1E0,2E0,2E0,1E0,2E0],"tree_param":{"num_deleted":"0","num_feature":"2","num_nodes":"11","size_leaf_vector":"1"}},{"base_weights":[-8.947635E-3,-9.4870484E-1,1.1205505E0,-1.9864725E-1,-3.438568E-1,4.4297218E-1,1.915432E-1,-4.9390506E-2,-1.8286848E-2,1.2765122E-2,5.0552875E-2],"categories":[],"categories_nodes":[],"categories_segments":[],"categories_sizes":[],"default_left":[0,0,0,0,0,0,0,0,0,0,0],"id":47,"left_children":[1,3,5,-1,7,9,-1,-1,-1,-1,-1],"loss_changes":[1.1677612E1,3.0830884E0,1.8444896E0,0E0,3.0460417E-2,1.4370263E-2,0E0,0E0,0E0,0E0,0E0],"parents":[2147483647,0,0,1,1,2,2,4,4,5,5],"right_children":[2,4,6,-1,8,10,-1,-1,-1,-1,-1],"split_conditions":[6.0389924E-1,1.0061618E-1,1E0,-1.9864725E-1,2.0065776E-1,7.053903E-1,1.915432E-1,-4.9390506E-2,-1.8286848E-2,1.2765122E-2,5.0552875E-2],"split_indices":[0,0,0,0,0,0,0,0,0,0,0],"split_type":[0,0,0,0,0,0,0,0,0,0,0],"sum_hessian":[9E0,5E0,4E0,1E0,4E0,3E0,1E0,1E0,3E0,1E0,2E0],"tree_param":{"num_deleted":"0","num_feature":"2","num_nodes":"11","size_leaf_vector":"1"}},{"base_weights":[-9.198761E-3,-8.982213E-1,1.059468E0,-1.8871489E-1,-3.2300606E-1,4.14505E-1,1.8196602E-1,-4.6920966E-2,-1.6915275E-2,1.2126923E-2,4.718272E-2],"categories":[],"categories_nodes":[],"categories_segments":[],"categories_sizes":[],"default_left":[0,0,0,0,0,0,0,0,0,0,0],"id":48,"left_children":[1,3,5,-1,7,9,-1,-1,-1,-1,-1],"loss_changes":[1.0452327E1,2.8035169E0,1.6972213E0,0E0,3.310144E-2,1.0017514E-2,0E0,0E0,0E0,0E0,0E0],"parents":[2147483647,0,0,1,1,2,2,4,4,5,5],"right_children":[2,4,6,-1,8,10,-1,-1,-1,-1,-1],"split_conditions":[6.0389924E-1,1.0061618E-1,1E0,-1.8871489E-1,2.0065776E-1,7.053903E-1,1.8196602E-1,-4.6920966E-2,-1.6915275E-2,1.2126923E-2,4.718272E-2],"split_indices":[0,0,0,0,0,0,0,0,0,0,0],"split_type":[0,0,0,0,0,0,0,0,0,0,0],"sum_hessian":[9E0,5E0,4E0,1E0,4E0,3E0,1E0,1E0,3E0,1E0,2E0],"tree_param":{"num_deleted":"0","num_feature":"2","num_nodes":"11","size_leaf_vector":"1"}},{"base_weights":[-9.406472E-3,-8.504915E-1,1.0017769E0,-1.7927913E-1,-3.034733E-1,3.878832E-1,1.7286758E-1,-4.4574928E-2,-1.5646696E-2,1.1520577E-2,4.4037376E-2],"categories":[],"categories_nodes":[],"categories_segments":[],"categories_sizes":[],"default_left":[0,0,0,0,0,0,0,0,0,0,0],"id":49,"left_children":[1,3,5,-1,7,9,-1,-1,-1,-1,-1],"loss_changes":[9.3569145E0,2.548667E0,1.560669E0,0E0,3.483233E-2,6.518364E-3,0E0,0E0,0E0,0E0,0E0],"parents":[2147483647,0,0,1,1,2,2,4,4,5,5],"right_children":[2,4,6,-1,8,10,-1,-1,-1,-1,-1],"split_conditions":[6.0389924E-1,1.0061618E-1,1E0,-1.7927913E-1,2.0065776E-1,7.053903E-1,1.7286758E-1,-4.4574928E-2,-1.5646696E-2,1.1520577E-2,4.4037376E-2],"split_indices":[0,0,0,0,0,0,0,0,0,0,0],"split_type":[0,0,0,0,0,0,0,0,0,0,0],"sum_hessian":[9E0,5E0,4E0,1E0,4E0,3E0,1E0,1E0,3E0,1E0,2E0],"tree_param":{"num_deleted":"0","num_feature":"2","num_nodes":"11","size_leaf_vector":"1"}},{"base_weights":[-9.573197E-3,-8.0535924E-1,9.472847E-1,-1.7031519E-1,-2.8517038E-1,3.6298466E-1,1.6422425E-1,-4.234619E-2,-1.44732E-2,1.0944557E-2,4.1101586E-2],"categories":[],"categories_nodes":[],"categories_segments":[],"categories_sizes":[],"default_left":[0,0,0,0,0,0,0,0,0,0,0],"id":50,"left_children":[1,3,5,-1,7,9,-1,-1,-1,-1,-1],"loss_changes":[8.377446E0,2.3164418E0,1.4342103E0,0E0,3.5818726E-2,3.7272573E-3,0E0,0E0,0E0,0E0,0E0],"parents":[2147483647,0,0,1,1,2,2,4,4,5,5],"right_children":[2,4,6,-1,8,10,-1,-1,-1,-1,-1],"split_conditions":[6.0389924E-1,1.0061618E-1,1E0,-1.7031519E-1,2.0065776E-1,7.053903E-1,1.6422425E-1,-4.234619E-2,-1.44732E-2,1.0944557E-2,4.1101586E-2],"split_indices":[0,0,0,0,0,0,0,0,0,0,0],"split_type":[0,0,0,0,0,0,0,0,0,0,0],"sum_hessian":[9E0,5E0,4E0,1E0,4E0,3E0,1E0,1E0,3E0,1E0,2E0],"tree_param":{"num_deleted":"0","num_feature":"2","num_nodes":"11","size_leaf_vector":"1"}},{"base_weights":[-9.7018005E-3,-7.626792E-1,8.9581144E-1,-1.6179942E-1,-2.6801738E-1,3.396988E-1,1.5601312E-1,-4.0228892E-2,-1.3387728E-2,1.0397339E-2,3.8361613E-2],"categories":[],"categories_nodes":[],"categories_segments":[],"categories_sizes":[],"default_left":[0,0,0,0,0,0,0,0,0,0,0],"id":51,"left_children":[1,3,5,-1,7,9,-1,-1,-1,-1,-1],"loss_changes":[7.501528E0,2.1048992E0,1.3172083E0,0E0,3.6198646E-2,1.5238523E-3,0E0,0E0,0E0,0E0,0E0],"parents":[2147483647,0,0,1,1,2,2,4,4,5,5],"right_children":[2,4,6,-1,8,10,-1,-1,-1,-1,-1],"split_conditions":[6.0389924E-1,1.0061618E-1,1E0,-1.6179942E-1,2.0065776E-1,7.053903E-1,1.5601312E-1,-4.0228892E-2,-1.3387728E-2,1.0397339E-2,3.8361613E-2],"split_indices":[0,0,0,0,0,0,0,0,0,0,0],"split_type":[0,0,0,0,0,0,0,0,0,0,0],"sum_hessian":[9E0,5E0,4E0,1E0,4E0,3E0,1E0,1E0,3E0,1E0,2E0],"tree_param":{"num_deleted":"0","num_feature":"2","num_nodes":"11","size_leaf_vector":"1"}},{"base_weights":[-9.795832E-3,-7.223137E-1,8.471848E-1,-1.5370946E-1,-2.5193864E-1,3.1791877E-2,1.4821243E-1,-3.821745E-2,-1.2383604E-2],"categories":[],"categories_nodes":[],"categories_segments":[],"categories_sizes":[],"default_left":[0,0,0,0,0,0,0,0,0],"id":52,"left_children":[1,3,5,-1,7,-1,-1,-1,-1],"loss_changes":[6.718073E0,1.9122617E0,1.209064E0,0E0,3.609079E-2,0E0,0E0,0E0,0E0],"parents":[2147483647,0,0,1,1,2,2,4,4],"right_children":[2,4,6,-1,8,-1,-1,-1,-1],"split_conditions":[6.0389924E-1,1.0061618E-1,1E0,-1.5370946E-1,2.0065776E-1,3.1791877E-2,1.4821243E-1,-3.821745E-2,-1.2383604E-2],"split_indices":[0,0,0,0,0,0,0,0,0],"split_type":[0,0,0,0,0,0,0,0,0],"sum_hessian":[9E0,5E0,4E0,1E0,4E0,3E0,1E0,1E0,3E0],"tree_param":{"num_deleted":"0","num_feature":"2","num_nodes":"9","size_leaf_vector":"1"}},{"base_weights":[-1.1246371E-2,-6.8413395E-1,7.98468E-1,-1.4602397E-1,-2.3686485E-1,2.94075E-1,1.4080201E-1,-3.630657E-2,-1.1454821E-2,8.287812E-3,3.3684794E-2],"categories":[],"categories_nodes":[],"categories_segments":[],"categories_sizes":[],"default_left":[0,0,0,0,0,0,0,0,0,0,0],"id":53,"left_children":[1,3,5,-1,7,9,-1,-1,-1,-1,-1],"loss_changes":[5.994727E0,1.7368891E0,1.1232052E0,0E0,3.5593808E-2,8.216739E-3,0E0,0E0,0E0,0E0,0E0],"parents":[2147483647,0,0,1,1,2,2,4,4,5,5],"right_children":[2,4,6,-1,8,10,-1,-1,-1,-1,-1],"split_conditions":[6.0389924E-1,1.0061618E-1,1E0,-1.4602397E-1,2.0065776E-1,7.053903E-1,1.4080201E-1,-3.630657E-2,-1.1454821E-2,8.287812E-3,3.3684794E-2],"split_indices":[0,0,0,0,0,0,0,0,0,0,0],"split_type":[0,0,0,0,0,0,0,0,0,0,0],"sum_hessian":[9E0,5E0,4E0,1E0,4E0,3E0,1E0,1E0,3E0,1E0,2E0],"tree_param":{"num_deleted":"0","num_feature":"2","num_nodes":"11","size_leaf_vector":"1"}},{"base_weights":[-1.122241E-2,-1.1547602E0,4.1900706E-1,-1.3872278E-1,-3.4491252E-2,4.4552484E-3,1.1084417E0,-1.0595656E-2,1.501859E-2,3.250427E-2,1.3376199E-1],"categories":[],"categories_nodes":[],"categories_segments":[],"categories_sizes":[],"default_left":[0,0,0,0,0,0,0,0,0,0,0],"id":54,"left_children":[1,3,5,-1,-1,7,9,-1,-1,-1,-1],"loss_changes":[5.4036894E0,8.631754E-2,2.2815125E0,0E0,0E0,1.1245549E-1,1.0383034E-1,0E0,0E0,0E0,0E0],"parents":[2147483647,0,0,1,1,2,2,5,5,6,6],"right_children":[2,4,6,-1,-1,8,10,-1,-1,-1,-1],"split_conditions":[2.0065776E-1,1.0061618E-1,9.056554E-1,-1.3872278E-1,-3.4491252E-2,6.0389924E-1,1E0,-1.0595656E-2,1.501859E-2,3.250427E-2,1.3376199E-1],"split_indices":[0,0,0,0,0,0,0,0,0,0,0],"split_type":[0,0,0,0,0,0,0,0,0,0,0],"sum_hessian":[9E0,2E0,7E0,1E0,1E0,5E0,2E0,3E0,2E0,1E0,1E0],"tree_param":{"num_deleted":"0","num_feature":"2","num_nodes":"11","size_leaf_vector":"1"}},{"base_weights":[-1.035223E-2,-1.097022E0,3.9844298E-1,-1.3178663E-1,-3.2766677E-2,4.746437E-3,1.0530218E0,-9.800959E-2,1.4017232E-2,3.0879213E-2,1.2707405E-1,-1.1230151E-2,-2.756691E-3],"categories":[],"categories_nodes":[],"categories_segments":[],"categories_sizes":[],"default_left":[0,0,0,0,0,0,0,0,0,0,0,0,0],"id":55,"left_children":[1,3,5,-1,-1,7,9,11,-1,-1,-1,-1,-1],"loss_changes":[4.8793554E0,7.790208E-2,2.0566454E0,0E0,0E0,9.723319E-2,9.370351E-2,9.312406E-4,0E0,0E0,0E0,0E0,0E0],"parents":[2147483647,0,0,1,1,2,2,5,5,6,6,7,7],"right_children":[2,4,6,-1,-1,8,10,12,-1,-1,-1,-1,-1],"split_conditions":[2.0065776E-1,1.0061618E-1,9.056554E-1,-1.3178663E-1,-3.2766677E-2,6.0389924E-1,1E0,4.0339738E-1,1.4017232E-2,3.0879213E-2,1.2707405E-1,-1.1230151E-2,-2.756691E-3],"split_indices":[0,0,0,0,0,0,0,0,0,0,0,0,0],"split_type":[0,0,0,0,0,0,0,0,0,0,0,0,0],"sum_hessian":[9E0,2E0,7E0,1E0,1E0,5E0,2E0,3E0,2E0,1E0,1E0,2E0,1E0],"tree_param":{"num_deleted":"0","num_feature":"2","num_nodes":"13","size_leaf_vector":"1"}},{"base_weights":[-9.973598E-3,-1.0421711E0,3.7834716E-1,-1.251973E-1,-3.112836E-2,4.2772293E-3,1.0003713E0,-9.1704845E-2,1.3082759E-2,2.9335404E-2,1.2072029E-1,-1.04814535E-2,-2.6187897E-3],"categories":[],"categories_nodes":[],"categories_segments":[],"categories_sizes":[],"default_left":[0,0,0,0,0,0,0,0,0,0,0,0,0],"id":56,"left_children":[1,3,5,-1,-1,7,9,11,-1,-1,-1,-1,-1],"loss_changes":[4.4025397E0,7.030606E-2,1.8571651E0,0E0,0E0,8.487692E-2,8.456278E-2,6.907545E-4,0E0,0E0,0E0,0E0,0E0],"parents":[2147483647,0,0,1,1,2,2,5,5,6,6,7,7],"right_children":[2,4,6,-1,-1,8,10,12,-1,-1,-1,-1,-1],"split_conditions":[2.0065776E-1,1.0061618E-1,9.056554E-1,-1.251973E-1,-3.112836E-2,6.0389924E-1,1E0,4.0339738E-1,1.3082759E-2,2.9335404E-2,1.2072029E-1,-1.04814535E-2,-2.6187897E-3],"split_indices":[0,0,0,0,0,0,0,0,0,0,0,0,0],"split_type":[0,0,0,0,0,0,0,0,0,0,0,0,0],"sum_hessian":[9E0,2E0,7E0,1E0,1E0,5E0,2E0,3E0,2E0,1E0,1E0,2E0,1E0],"tree_param":{"num_deleted":"0","num_feature":"2","num_nodes":"13","size_leaf_vector":"1"}},{"base_weights":[-9.605574E-3,-9.9006265E-1,3.5926652E-1,-1.1893743E-1,-2.9571963E-2,3.8455327E-3,9.5035297E-1,-8.5810184E-2,1.2210465E-2,2.7868653E-2,1.146843E-1,-9.782728E-3,-2.4879456E-3],"categories":[],"categories_nodes":[],"categories_segments":[],"categories_sizes":[],"default_left":[0,0,0,0,0,0,0,0,0,0,0,0,0],"id":57,"left_children":[1,3,5,-1,-1,7,9,11,-1,-1,-1,-1,-1],"loss_changes":[3.9723287E0,6.345105E-2,1.6770217E0,0E0,0E0,7.409345E-2,7.631731E-2,4.949514E-4,0E0,0E0,0E0,0E0,0E0],"parents":[2147483647,0,0,1,1,2,2,5,5,6,6,7,7],"right_children":[2,4,6,-1,-1,8,10,12,-1,-1,-1,-1,-1],"split_conditions":[2.0065776E-1,1.0061618E-1,9.056554E-1,-1.1893743E-1,-2.9571963E-2,6.0389924E-1,1E0,4.0339738E-1,1.2210465E-2,2.7868653E-2,1.146843E-1,-9.782728E-3,-2.4879456E-3],"split_indices":[0,0,0,0,0,0,0,0,0,0,0,0,0],"split_type":[0,0,0,0,0,0,0,0,0,0,0,0,0],"sum_hessian":[9E0,2E0,7E0,1E0,1E0,5E0,2E0,3E0,2E0,1E0,1E0,2E0,1E0],"tree_param":{"num_deleted":"0","num_feature":"2","num_nodes":"13","size_leaf_vector":"1"}},{"base_weights":[-9.246707E-3,-9.405596E-1,3.4115148E-1,-1.1299056E-1,-2.8093386E-2,3.4513474E-3,9.028346E-1,-8.029699E-2,1.1396536E-2,2.6475145E-2,1.0895004E-1,-9.130541E-3,-2.3635866E-3],"categories":[],"categories_nodes":[],"categories_segments":[],"categories_sizes":[],"default_left":[0,0,0,0,0,0,0,0,0,0,0,0,0],"id":58,"left_children":[1,3,5,-1,-1,7,9,11,-1,-1,-1,-1,-1],"loss_changes":[3.5841768E0,5.726385E-2,1.5143278E0,0E0,0E0,6.468326E-2,6.8877935E-2,3.3691525E-4,0E0,0E0,0E0,0E0,0E0],"parents":[2147483647,0,0,1,1,2,2,5,5,6,6,7,7],"right_children":[2,4,6,-1,-1,8,10,12,-1,-1,-1,-1,-1],"split_conditions":[2.0065776E-1,1.0061618E-1,9.056554E-1,-1.1299056E-1,-2.8093386E-2,6.0389924E-1,1E0,4.0339738E-1,1.1396536E-2,2.6475145E-2,1.0895004E-1,-9.130541E-3,-2.3635866E-3],"split_indices":[0,0,0,0,0,0,0,0,0,0,0,0,0],"split_type":[0,0,0,0,0,0,0,0,0,0,0,0,0],"sum_hessian":[9E0,2E0,7E0,1E0,1E0,5E0,2E0,3E0,2E0,1E0,1E0,2E0,1E0],"tree_param":{"num_deleted":"0","num_feature":"2","num_nodes":"13","size_leaf_vector":"1"}},{"base_weights":[-8.897543E-3,-8.935316E-1,3.2395244E-1,-1.0734103E-1,-2.668872E-2,3.089587E-3,8.57694E-1,-7.5140476E-2,1.0636648E-2,2.5151445E-2,1.0350265E-1,-8.521843E-3,-2.245331E-3],"categories":[],"categories_nodes":[],"categories_segments":[],"categories_sizes":[],"default_left":[0,0,0,0,0,0,0,0,0,0,0,0,0],"id":59,"left_children":[1,3,5,-1,-1,7,9,11,-1,-1,-1,-1,-1],"loss_changes":[3.2339664E0,5.1680326E-2,1.3674128E0,0E0,0E0,5.6468572E-2,6.2161922E-2,2.1048076E-4,0E0,0E0,0E0,0E0,0E0],"parents":[2147483647,0,0,1,1,2,2,5,5,6,6,7,7],"right_children":[2,4,6,-1,-1,8,10,12,-1,-1,-1,-1,-1],"split_conditions":[2.0065776E-1,1.0061618E-1,9.056554E-1,-1.0734103E-1,-2.668872E-2,6.0389924E-1,1E0,4.0339738E-1,1.0636648E-2,2.5151445E-2,1.0350265E-1,-8.521843E-3,-2.245331E-3],"split_indices":[0,0,0,0,0,0,0,0,0,0,0,0,0],"split_type":[0,0,0,0,0,0,0,0,0,0,0,0,0],"sum_hessian":[9E0,2E0,7E0,1E0,1E0,5E0,2E0,3E0,2E0,1E0,1E0,2E0,1E0],"tree_param":{"num_deleted":"0","num_feature":"2","num_nodes":"13","size_leaf_vector":"1"}},{"base_weights":[-8.558011E-3,-8.488551E-1,3.0762315E-1,-1.0197397E-1,-2.535429E-2,2.7596157E-3,8.1480914E-1,-7.0317745E-2,9.927622E-3,2.3893738E-2,9.832764E-2,-7.953707E-3,-2.132988E-3],"categories":[],"categories_nodes":[],"categories_segments":[],"categories_sizes":[],"default_left":[0,0,0,0,0,0,0,0,0,0,0,0,0],"id":60,"left_children":[1,3,5,-1,-1,7,9,11,-1,-1,-1,-1,-1],"loss_changes":[2.9179885E0,4.664135E-2,1.2347317E0,0E0,0E0,4.9299955E-2,5.6105018E-2,1.10024586E-4,0E0,0E0,0E0,0E0,0E0],"parents":[2147483647,0,0,1,1,2,2,5,5,6,6,7,7],"right_children":[2,4,6,-1,-1,8,10,12,-1,-1,-1,-1,-1],"split_conditions":[2.0065776E-1,1.0061618E-1,9.056554E-1,-1.0197397E-1,-2.535429E-2,6.0389924E-1,1E0,4.0339738E-1,9.927622E-3,2.3893738E-2,9.832764E-2,-7.953707E-3,-2.132988E-3],"split_indices":[0,0,0,0,0,0,0,0,0,0,0,0,0],"split_type":[0,0,0,0,0,0,0,0,0,0,0,0,0],"sum_hessian":[9E0,2E0,7E0,1E0,1E0,5E0,2E0,3E0,2E0,1E0,1E0,2E0,1E0],"tree_param":{"num_deleted":"0","num_feature":"2","num_nodes":"13","size_leaf_vector":"1"}},{"base_weights":[-8.22866E-3,-8.064123E-1,2.921188E-1,-9.687527E-2,-2.408657E-2,2.4576187E-3,7.740682E-1,-6.580782E-2,9.2659E-3,2.2698974E-2,9.341126E-2,-7.423464E-3,-2.0263672E-3],"categories":[],"categories_nodes":[],"categories_segments":[],"categories_sizes":[],"default_left":[0,0,0,0,0,0,0,0,0,0,0,0,0],"id":61,"left_children":[1,3,5,-1,-1,7,9,11,-1,-1,-1,-1,-1],"loss_changes":[2.6328924E0,4.2093873E-2,1.114914E0,0E0,0E0,4.3043505E-2,5.063641E-2,3.090501E-5,0E0,0E0,0E0,0E0,0E0],"parents":[2147483647,0,0,1,1,2,2,5,5,6,6,7,7],"right_children":[2,4,6,-1,-1,8,10,12,-1,-1,-1,-1,-1],"split_conditions":[2.0065776E-1,1.0061618E-1,9.056554E-1,-9.687527E-2,-2.408657E-2,6.0389924E-1,1E0,4.0339738E-1,9.2659E-3,2.2698974E-2,9.341126E-2,-7.423464E-3,-2.0263672E-3],"split_indices":[0,0,0,0,0,0,0,0,0,0,0,0,0],"split_type":[0,0,0,0,0,0,0,0,0,0,0,0,0],"sum_hessian":[9E0,2E0,7E0,1E0,1E0,5E0,2E0,3E0,2E0,1E0,1E0,2E0,1E0],"tree_param":{"num_deleted":"0","num_feature":"2","num_nodes":"13","size_leaf_vector":"1"}},{"base_weights":[-7.909167E-3,-7.660915E-1,2.7739787E-1,-9.203151E-2,-2.2882223E-2,2.181689E-3,7.3536426E-1,-6.1589717E-3,8.648301E-3,2.1564102E-2,8.874054E-2],"categories":[],"categories_nodes":[],"categories_segments":[],"categories_sizes":[],"default_left":[0,0,0,0,0,0,0,0,0,0,0],"id":62,"left_children":[1,3,5,-1,-1,7,9,-1,-1,-1,-1],"loss_changes":[2.37566E0,3.7990212E-2,1.0067139E0,0E0,0E0,3.7582543E-2,4.5696855E-2,0E0,0E0,0E0,0E0],"parents":[2147483647,0,0,1,1,2,2,5,5,6,6],"right_children":[2,4,6,-1,-1,8,10,-1,-1,-1,-1],"split_conditions":[2.0065776E-1,1.0061618E-1,9.056554E-1,-9.203151E-2,-2.2882223E-2,6.0389924E-1,1E0,-6.1589717E-3,8.648301E-3,2.1564102E-2,8.874054E-2],"split_indices":[0,0,0,0,0,0,0,0,0,0,0],"split_type":[0,0,0,0,0,0,0,0,0,0,0],"sum_hessian":[9E0,2E0,7E0,1E0,1E0,5E0,2E0,3E0,2E0,1E0,1E0],"tree_param":{"num_deleted":"0","num_feature":"2","num_nodes":"11","size_leaf_vector":"1"}},{"base_weights":[-7.3297145E-3,-7.277869E-1,2.6375794E-1,-8.742993E-2,-2.17381E-2,2.378146E-3,6.985982E-1,-5.697012E-2,8.071645E-3,2.048607E-2,8.430367E-2,-6.5179826E-3,-1.6170501E-3],"categories":[],"categories_nodes":[],"categories_segments":[],"categories_sizes":[],"default_left":[0,0,0,0,0,0,0,0,0,0,0,0,0],"id":63,"left_children":[1,3,5,-1,-1,7,9,11,-1,-1,-1,-1,-1],"loss_changes":[2.1450303E0,3.428638E-2,9.076064E-1,0E0,0E0,3.249388E-2,4.1239023E-2,2.8582104E-4,0E0,0E0,0E0,0E0,0E0],"parents":[2147483647,0,0,1,1,2,2,5,5,6,6,7,7],"right_children":[2,4,6,-1,-1,8,10,12,-1,-1,-1,-1,-1],"split_conditions":[2.0065776E-1,1.0061618E-1,9.056554E-1,-8.742993E-2,-2.17381E-2,6.0389924E-1,1E0,4.0339738E-1,8.071645E-3,2.048607E-2,8.430367E-2,-6.5179826E-3,-1.6170501E-3],"split_indices":[0,0,0,0,0,0,0,0,0,0,0,0,0],"split_type":[0,0,0,0,0,0,0,0,0,0,0,0,0],"sum_hessian":[9E0,2E0,7E0,1E0,1E0,5E0,2E0,3E0,2E0,1E0,1E0,2E0,1E0],"tree_param":{"num_deleted":"0","num_feature":"2","num_nodes":"13","size_leaf_vector":"1"}},{"base_weights":[-7.041049E-3,-6.913976E-1,2.5047278E-1,-8.305844E-2,-2.0651197E-2,2.1295547E-3,6.6366833E-1,-5.3307056E-2,7.533518E-2,1.9461824E-2,8.008843E-2,-6.0834885E-3,-1.5361786E-3,2.2594451E-3,9.0408325E-3],"categories":[],"categories_nodes":[],"categories_segments":[],"categories_sizes":[],"default_left":[0,0,0,0,0,0,0,0,0,0,0,0,0,0,0],"id":64,"left_children":[1,3,5,-1,-1,7,9,11,13,-1,-1,-1,-1,-1,-1],"loss_changes":[1.935489E0,3.0943394E-2,8.1950116E-1,0E0,0E0,2.836553E-2,3.7216783E-2,2.0804908E-4,3.421791E-4,0E0,0E0,0E0,0E0,0E0,0E0],"parents":[2147483647,0,0,1,1,2,2,5,5,6,6,7,7,8,8],"right_children":[2,4,6,-1,-1,8,10,12,14,-1,-1,-1,-1,-1,-1],"split_conditions":[2.0065776E-1,1.0061618E-1,9.056554E-1,-8.305844E-2,-2.0651197E-2,6.0389924E-1,1E0,4.0339738E-1,7.053903E-1,1.9461824E-2,8.008843E-2,-6.0834885E-3,-1.5361786E-3,2.2594451E-3,9.0408325E-3],"split_indices":[0,0,0,0,0,0,0,0,0,0,0,0,0,0,0],"split_type":[0,0,0,0,0,0,0,0,0,0,0,0,0,0,0],"sum_hessian":[9E0,2E0,7E0,1E0,1E0,5E0,2E0,3E0,2E0,1E0,1E0,2E0,1E0,1E0,1E0],"tree_param":{"num_deleted":"0","num_feature":"2","num_nodes":"15","size_leaf_vector":"1"}},{"base_weights":[-6.3844323E-3,-6.568278E-1,2.3832989E-1,-7.8905515E-2,-1.9618655E-2,2.5304158E-3,6.3048553E-1,-4.988098E-2,7.156881E-2,1.8488694E-2,7.608414E-2,-5.6779226E-3,-1.4593125E-3,2.1465302E-3,8.588791E-3],"categories":[],"categories_nodes":[],"categories_segments":[],"categories_sizes":[],"default_left":[0,0,0,0,0,0,0,0,0,0,0,0,0,0,0],"id":65,"left_children":[1,3,5,-1,-1,7,9,11,13,-1,-1,-1,-1,-1,-1],"loss_changes":[1.7482698E0,2.7926207E-2,7.3816526E-1,0E0,0E0,2.5280312E-2,3.35896E-2,1.4511123E-4,3.0870177E-4,0E0,0E0,0E0,0E0,0E0,0E0],"parents":[2147483647,0,0,1,1,2,2,5,5,6,6,7,7,8,8],"right_children":[2,4,6,-1,-1,8,10,12,14,-1,-1,-1,-1,-1,-1],"split_conditions":[2.0065776E-1,1.0061618E-1,9.056554E-1,-7.8905515E-2,-1.9618655E-2,6.0389924E-1,1E0,4.0339738E-1,7.053903E-1,1.8488694E-2,7.608414E-2,-5.6779226E-3,-1.4593125E-3,2.1465302E-3,8.588791E-3],"split_indices":[0,0,0,0,0,0,0,0,0,0,0,0,0,0,0],"split_type":[0,0,0,0,0,0,0,0,0,0,0,0,0,0,0],"sum_hessian":[9E0,2E0,7E0,1E0,1E0,5E0,2E0,3E0,2E0,1E0,1E0,2E0,1E0,1E0,1E0],"tree_param":{"num_deleted":"0","num_feature":"2","num_nodes":"15","size_leaf_vector":"1"}},{"base_weights":[-5.7807206E-3,-6.239863E-1,2.2676897E-1,-7.496025E-2,-1.8637706E-2,2.8769176E-3,5.9896344E-1,-4.6676636E-2,6.798935E-2,1.7564392E-2,7.2280124E-2,-5.2993777E-3,-1.386261E-3,2.0391464E-3,8.159257E-3],"categories":[],"categories_nodes":[],"categories_segments":[],"categories_sizes":[],"default_left":[0,0,0,0,0,0,0,0,0,0,0,0,0,0,0],"id":66,"left_children":[1,3,5,-1,-1,7,9,11,13,-1,-1,-1,-1,-1,-1],"loss_changes":[1.579136E0,2.5203586E-2,6.6492796E-1,0E0,0E0,2.2532828E-2,3.0313134E-2,9.4531104E-5,2.786601E-4,0E0,0E0,0E0,0E0,0E0,0E0],"parents":[2147483647,0,0,1,1,2,2,5,5,6,6,7,7,8,8],"right_children":[2,4,6,-1,-1,8,10,12,14,-1,-1,-1,-1,-1,-1],"split_conditions":[2.0065776E-1,1.0061618E-1,9.056554E-1,-7.496025E-2,-1.8637706E-2,6.0389924E-1,1E0,4.0339738E-1,7.053903E-1,1.7564392E-2,7.2280124E-2,-5.2993777E-3,-1.386261E-3,2.0391464E-3,8.159257E-3],"split_indices":[0,0,0,0,0,0,0,0,0,0,0,0,0,0,0],"split_type":[0,0,0,0,0,0,0,0,0,0,0,0,0,0,0],"sum_hessian":[9E0,2E0,7E0,1E0,1E0,5E0,2E0,3E0,2E0,1E0,1E0,2E0,1E0,1E0,1E0],"tree_param":{"num_deleted":"0","num_feature":"2","num_nodes":"15","size_leaf_vector":"1"}},{"base_weights":[-5.226779E-3,-5.92787E-1,2.1576166E-1,-7.121223E-2,-1.7705822E-2,3.174464E-3,5.690155E-1,-4.3681145E-2,6.4590454E-2,1.668625E-2,6.866608E-2,-4.9461364E-3,-1.3170242E-3,1.9371033E-3,7.751465E-3],"categories":[],"categories_nodes":[],"categories_segments":[],"categories_sizes":[],"default_left":[0,0,0,0,0,0,0,0,0,0,0,0,0,0,0],"id":67,"left_children":[1,3,5,-1,-1,7,9,11,13,-1,-1,-1,-1,-1,-1],"loss_changes":[1.4263408E0,2.2746325E-2,5.989716E-1,0E0,0E0,2.0087486E-2,2.7356267E-2,5.4021366E-5,2.5173463E-4,0E0,0E0,0E0,0E0,0E0,0E0],"parents":[2147483647,0,0,1,1,2,2,5,5,6,6,7,7,8,8],"right_children":[2,4,6,-1,-1,8,10,12,14,-1,-1,-1,-1,-1,-1],"split_conditions":[2.0065776E-1,1.0061618E-1,9.056554E-1,-7.121223E-2,-1.7705822E-2,6.0389924E-1,1E0,4.0339738E-1,7.053903E-1,1.668625E-2,6.866608E-2,-4.9461364E-3,-1.3170242E-3,1.9371033E-3,7.751465E-3],"split_indices":[0,0,0,0,0,0,0,0,0,0,0,0,0,0,0],"split_type":[0,0,0,0,0,0,0,0,0,0,0,0,0,0,0],"sum_hessian":[9E0,2E0,7E0,1E0,1E0,5E0,2E0,3E0,2E0,1E0,1E0,2E0,1E0,1E0,1E0],"tree_param":{"num_deleted":"0","num_feature":"2","num_nodes":"15","size_leaf_vector":"1"}},{"base_weights":[-4.718137E-3,-5.631476E-1,2.0528269E-1,-6.765162E-2,-1.6820526E-2,3.4275055E-3,5.405655E-1,-4.087925E-2,6.1360676E-2,1.5851974E-2,6.523285E-2,-4.61642E-3,-1.2512207E-3,1.8402099E-3,7.3638917E-3],"categories":[],"categories_nodes":[],"categories_segments":[],"categories_sizes":[],"default_left":[0,0,0,0,0,0,0,0,0,0,0,0,0,0,0],"id":68,"left_children":[1,3,5,-1,-1,7,9,11,13,-1,-1,-1,-1,-1,-1],"loss_changes":[1.2883111E0,2.0528555E-2,5.395758E-1,0E0,0E0,1.7909363E-2,2.468878E-2,2.2056978E-5,2.2725668E-4,0E0,0E0,0E0,0E0,0E0,0E0],"parents":[2147483647,0,0,1,1,2,2,5,5,6,6,7,7,8,8],"right_children":[2,4,6,-1,-1,8,10,12,14,-1,-1,-1,-1,-1,-1],"split_conditions":[2.0065776E-1,1.0061618E-1,9.056554E-1,-6.765162E-2,-1.6820526E-2,6.0389924E-1,1E0,4.0339738E-1,7.053903E-1,1.5851974E-2,6.523285E-2,-4.61642E-3,-1.2512207E-3,1.8402099E-3,7.3638917E-3],"split_indices":[0,0,0,0,0,0,0,0,0,0,0,0,0,0,0],"split_type":[0,0,0,0,0,0,0,0,0,0,0,0,0,0,0],"sum_hessian":[9E0,2E0,7E0,1E0,1E0,5E0,2E0,3E0,2E0,1E0,1E0,2E0,1E0,1E0,1E0],"tree_param":{"num_deleted":"0","num_feature":"2","num_nodes":"15","size_leaf_vector":"1"}},{"base_weights":[-4.2512296E-3,-5.3499013E-1,1.9530725E-1,-6.4269036E-2,-1.5979482E-2,3.6411285E-3,5.135371E-1,-3.8258552E-3,5.829366E-2,1.505928E-2,6.1971284E-2,1.7482758E-3,6.9957734E-3],"categories":[],"categories_nodes":[],"categories_segments":[],"categories_sizes":[],"default_left":[0,0,0,0,0,0,0,0,0,0,0,0,0],"id":69,"left_children":[1,3,5,-1,-1,7,9,-1,11,-1,-1,-1,-1],"loss_changes":[1.1636219E0,1.852727E-2,4.8608124E-1,0E0,0E0,1.5969774E-2,2.2283316E-2,0E0,2.0501018E-4,0E0,0E0,0E0,0E0],"parents":[2147483647,0,0,1,1,2,2,5,5,6,6,8,8],"right_children":[2,4,6,-1,-1,8,10,-1,12,-1,-1,-1,-1],"split_conditions":[2.0065776E-1,1.0061618E-1,9.056554E-1,-6.4269036E-2,-1.5979482E-2,6.0389924E-1,1E0,-3.8258552E-3,7.053903E-1,1.505928E-2,6.1971284E-2,1.7482758E-3,6.9957734E-3],"split_indices":[0,0,0,0,0,0,0,0,0,0,0,0,0],"split_type":[0,0,0,0,0,0,0,0,0,0,0,0,0],"sum_hessian":[9E0,2E0,7E0,1E0,1E0,5E0,2E0,3E0,2E0,1E0,1E0,1E0,1E0],"tree_param":{"num_deleted":"0","num_feature":"2","num_nodes":"13","size_leaf_vector":"1"}},{"base_weights":[-3.6562323E-3,-5.082405E-1,1.860199E-1,-6.1055582E-2,-1.5180493E-2,4.096985E-3,4.878591E-1,-3.5388947E-2,5.537923E-2,1.4306259E-2,5.8872607E-2,-4.0536243E-3,-9.973526E-4,1.6609192E-3,6.645966E-3],"categories":[],"categories_nodes":[],"categories_segments":[],"categories_sizes":[],"default_left":[0,0,0,0,0,0,0,0,0,0,0,0,0,0,0],"id":70,"left_children":[1,3,5,-1,-1,7,9,11,13,-1,-1,-1,-1,-1,-1],"loss_changes":[1.0516188E0,1.672107E-2,4.37293E-1,0E0,0E0,1.4109377E-2,2.0111024E-2,1.18994154E-4,1.8492434E-4,0E0,0E0,0E0,0E0,0E0,0E0],"parents":[2147483647,0,0,1,1,2,2,5,5,6,6,7,7,8,8],"right_children":[2,4,6,-1,-1,8,10,12,14,-1,-1,-1,-1,-1,-1],"split_conditions":[2.0065776E-1,1.0061618E-1,9.056554E-1,-6.1055582E-2,-1.5180493E-2,6.0389924E-1,1E0,4.0339738E-1,7.053903E-1,1.4306259E-2,5.8872607E-2,-4.0536243E-3,-9.973526E-4,1.6609192E-3,6.645966E-3],"split_indices":[0,0,0,0,0,0,0,0,0,0,0,0,0,0,0],"split_type":[0,0,0,0,0,0,0,0,0,0,0,0,0,0,0],"sum_hessian":[9E0,2E0,7E0,1E0,1E0,5E0,2E0,3E0,2E0,1E0,1E0,2E0,1E0,1E0,1E0],"tree_param":{"num_deleted":"0","num_feature":"2","num_nodes":"15","size_leaf_vector":"1"}},{"base_weights":[-3.2710074E-3,-4.8282847E-1,1.7697191E-1,-5.8002807E-2,-1.4421463E-2,4.2298636E-3,4.6346536E-1,-3.311348E-2,5.2611034E-2,1.3591004E-2,5.5928804E-2,-3.7834167E-3,-9.4757084E-4,1.5779495E-3,6.3137054E-3],"categories":[],"categories_nodes":[],"categories_segments":[],"categories_sizes":[],"default_left":[0,0,0,0,0,0,0,0,0,0,0,0,0,0,0],"id":71,"left_children":[1,3,5,-1,-1,7,9,11,13,-1,-1,-1,-1,-1,-1],"loss_changes":[9.4981545E-1,1.5090823E-2,3.939553E-1,0E0,0E0,1.2582422E-2,1.814884E-2,8.784095E-5,1.6679801E-4,0E0,0E0,0E0,0E0,0E0,0E0],"parents":[2147483647,0,0,1,1,2,2,5,5,6,6,7,7,8,8],"right_children":[2,4,6,-1,-1,8,10,12,14,-1,-1,-1,-1,-1,-1],"split_conditions":[2.0065776E-1,1.0061618E-1,9.056554E-1,-5.8002807E-2,-1.4421463E-2,6.0389924E-1,1E0,4.0339738E-1,7.053903E-1,1.3591004E-2,5.5928804E-2,-3.7834167E-3,-9.4757084E-4,1.5779495E-3,6.3137054E-3],"split_indices":[0,0,0,0,0,0,0,0,0,0,0,0,0,0,0],"split_type":[0,0,0,0,0,0,0,0,0,0,0,0,0,0,0],"sum_hessian":[9E0,2E0,7E0,1E0,1E0,5E0,2E0,3E0,2E0,1E0,1E0,2E0,1E0,1E0,1E0],"tree_param":{"num_deleted":"0","num_feature":"2","num_nodes":"15","size_leaf_vector":"1"}},{"base_weights":[-2.9186844E-3,-4.5868704E-1,1.6835928E-1,-5.5102665E-2,-1.370039E-2,4.3328605E-3,4.4029236E-1,-3.0984879E-2,4.9978893E-2,1.2911606E-2,5.3132247E-2,-3.5311382E-3,-9.0026855E-4,1.4989853E-3,5.9978487E-3],"categories":[],"categories_nodes":[],"categories_segments":[],"categories_sizes":[],"default_left":[0,0,0,0,0,0,0,0,0,0,0,0,0,0,0],"id":72,"left_children":[1,3,5,-1,-1,7,9,11,13,-1,-1,-1,-1,-1,-1],"loss_changes":[8.5785496E-1,1.36194825E-2,3.54926E-1,0E0,0E0,1.1221278E-2,1.6376913E-2,6.25269E-5,1.5055994E-4,0E0,0E0,0E0,0E0,0E0,0E0],"parents":[2147483647,0,0,1,1,2,2,5,5,6,6,7,7,8,8],"right_children":[2,4,6,-1,-1,8,10,12,14,-1,-1,-1,-1,-1,-1],"split_conditions":[2.0065776E-1,1.0061618E-1,9.056554E-1,-5.5102665E-2,-1.370039E-2,6.0389924E-1,1E0,4.0339738E-1,7.053903E-1,1.2911606E-2,5.3132247E-2,-3.5311382E-3,-9.0026855E-4,1.4989853E-3,5.9978487E-3],"split_indices":[0,0,0,0,0,0,0,0,0,0,0,0,0,0,0],"split_type":[0,0,0,0,0,0,0,0,0,0,0,0,0,0,0],"sum_hessian":[9E0,2E0,7E0,1E0,1E0,5E0,2E0,3E0,2E0,1E0,1E0,2E0,1E0,1E0,1E0],"tree_param":{"num_deleted":"0","num_feature":"2","num_nodes":"15","size_leaf_vector":"1"}},{"base_weights":[-2.59583E-3,-4.3575263E-1,1.6016245E-1,-5.234753E-2,-1.3015366E-2,4.4104257E-3,4.1827902E-1,-2.899456E-2,4.7480267E-2,1.2266159E-2,5.0475694E-2,-3.2957715E-3,-8.552551E-4,1.4240266E-3,5.6980136E-3],"categories":[],"categories_nodes":[],"categories_segments":[],"categories_sizes":[],"default_left":[0,0,0,0,0,0,0,0,0,0,0,0,0,0,0],"id":73,"left_children":[1,3,5,-1,-1,7,9,11,13,-1,-1,-1,-1,-1,-1],"loss_changes":[7.7478975E-1,1.229161E-2,3.1977263E-1,0E0,0E0,1.0009153E-2,1.4778793E-2,4.2186584E-5,1.3591489E-4,0E0,0E0,0E0,0E0,0E0,0E0],"parents":[2147483647,0,0,1,1,2,2,5,5,6,6,7,7,8,8],"right_children":[2,4,6,-1,-1,8,10,12,14,-1,-1,-1,-1,-1,-1],"split_conditions":[2.0065776E-1,1.0061618E-1,9.056554E-1,-5.234753E-2,-1.3015366E-2,6.0389924E-1,1E0,4.0339738E-1,7.053903E-1,1.2266159E-2,5.0475694E-2,-3.2957715E-3,-8.552551E-4,1.4240266E-3,5.6980136E-3],"split_indices":[0,0,0,0,0,0,0,0,0,0,0,0,0,0,0],"split_type":[0,0,0,0,0,0,0,0,0,0,0,0,0,0,0],"sum_hessian":[9E0,2E0,7E0,1E0,1E0,5E0,2E0,3E0,2E0,1E0,1E0,2E0,1E0,1E0,1E0],"tree_param":{"num_deleted":"0","num_feature":"2","num_nodes":"15","size_leaf_vector":"1"}},{"base_weights":[-2.3014904E-3,-4.1396487E-1,1.5235996E-1,-4.9730152E-2,-1.2364578E-2,4.4644675E-3,3.973643E-1,-2.7132988E-2,4.510625E-2,1.1652756E-2,4.795189E-2,-3.0760446E-3,-8.125305E-4,1.3528824E-3,5.4130554E-3],"categories":[],"categories_nodes":[],"categories_segments":[],"categories_sizes":[],"default_left":[0,0,0,0,0,0,0,0,0,0,0,0,0,0,0],"id":74,"left_children":[1,3,5,-1,-1,7,9,11,13,-1,-1,-1,-1,-1,-1],"loss_changes":[6.997562E-1,1.1093438E-2,2.881063E-1,0E0,0E0,8.9289285E-3,1.3338923E-2,2.5860267E-5,1.2256997E-4,0E0,0E0,0E0,0E0,0E0,0E0],"parents":[2147483647,0,0,1,1,2,2,5,5,6,6,7,7,8,8],"right_children":[2,4,6,-1,-1,8,10,12,14,-1,-1,-1,-1,-1,-1],"split_conditions":[2.0065776E-1,1.0061618E-1,9.056554E-1,-4.9730152E-2,-1.2364578E-2,6.0389924E-1,1E0,4.0339738E-1,7.053903E-1,1.1652756E-2,4.795189E-2,-3.0760446E-3,-8.125305E-4,1.3528824E-3,5.4130554E-3],"split_indices":[0,0,0,0,0,0,0,0,0,0,0,0,0,0,0],"split_type":[0,0,0,0,0,0,0,0,0,0,0,0,0,0,0],"sum_hessian":[9E0,2E0,7E0,1E0,1E0,5E0,2E0,3E0,2E0,1E0,1E0,2E0,1E0,1E0,1E0],"tree_param":{"num_deleted":"0","num_feature":"2","num_nodes":"15","size_leaf_vector":"1"}},{"base_weights":[-2.0326613E-3,-3.9326668E-1,1.4493418E-1,-4.7243644E-2,-1.1746359E-2,4.4968924E-3,3.7749735E-1,-2.5391579E-2,4.2849224E-2,1.1070251E-2,4.555435E-2,-2.8709413E-3,-7.71904E-4,1.2851715E-3,5.142212E-3],"categories":[],"categories_nodes":[],"categories_segments":[],"categories_sizes":[],"default_left":[0,0,0,0,0,0,0,0,0,0,0,0,0,0,0],"id":75,"left_children":[1,3,5,-1,-1,7,9,11,13,-1,-1,-1,-1,-1,-1],"loss_changes":[6.31982E-1,1.0011733E-2,2.5958675E-1,0E0,0E0,7.965764E-3,1.2037128E-2,1.2929086E-5,1.1063414E-4,0E0,0E0,0E0,0E0,0E0,0E0],"parents":[2147483647,0,0,1,1,2,2,5,5,6,6,7,7,8,8],"right_children":[2,4,6,-1,-1,8,10,12,14,-1,-1,-1,-1,-1,-1],"split_conditions":[2.0065776E-1,1.0061618E-1,9.056554E-1,-4.7243644E-2,-1.1746359E-2,6.0389924E-1,1E0,4.0339738E-1,7.053903E-1,1.1070251E-2,4.555435E-2,-2.8709413E-3,-7.71904E-4,1.2851715E-3,5.142212E-3],"split_indices":[0,0,0,0,0,0,0,0,0,0,0,0,0,0,0],"split_type":[0,0,0,0,0,0,0,0,0,0,0,0,0,0,0],"sum_hessian":[9E0,2E0,7E0,1E0,1E0,5E0,2E0,3E0,2E0,1E0,1E0,2E0,1E0,1E0,1E0],"tree_param":{"num_deleted":"0","num_feature":"2","num_nodes":"15","size_leaf_vector":"1"}},{"base_weights":[-1.7877996E-3,-3.736033E-1,1.378665E-1,-4.488146E-2,-1.1159039E-2,4.5108795E-3,3.5862222E-1,-2.3763657E-2,4.0706635E-2,1.0516739E-2,4.3276597E-2,-2.6795706E-3,-7.3337555E-4,1.2208939E-3,4.885101E-3],"categories":[],"categories_nodes":[],"categories_segments":[],"categories_sizes":[],"default_left":[0,0,0,0,0,0,0,0,0,0,0,0,0,0,0],"id":76,"left_children":[1,3,5,-1,-1,7,9,11,13,-1,-1,-1,-1,-1,-1],"loss_changes":[5.7076377E-1,9.035587E-3,2.3389445E-1,0E0,0E0,7.107848E-3,1.0863394E-2,2.7518254E-6,9.986898E-5,0E0,0E0,0E0,0E0,0E0,0E0],"parents":[2147483647,0,0,1,1,2,2,5,5,6,6,7,7,8,8],"right_children":[2,4,6,-1,-1,8,10,12,14,-1,-1,-1,-1,-1,-1],"split_conditions":[2.0065776E-1,1.0061618E-1,9.056554E-1,-4.488146E-2,-1.1159039E-2,6.0389924E-1,1E0,4.0339738E-1,7.053903E-1,1.0516739E-2,4.3276597E-2,-2.6795706E-3,-7.3337555E-4,1.2208939E-3,4.885101E-3],"split_indices":[0,0,0,0,0,0,0,0,0,0,0,0,0,0,0],"split_type":[0,0,0,0,0,0,0,0,0,0,0,0,0,0,0],"sum_hessian":[9E0,2E0,7E0,1E0,1E0,5E0,2E0,3E0,2E0,1E0,1E0,2E0,1E0,1E0,1E0],"tree_param":{"num_deleted":"0","num_feature":"2","num_nodes":"15","size_leaf_vector":"1"}},{"base_weights":[-1.5636266E-3,-3.549232E-1,1.3114166E-1,-4.263739E-2,-1.0601091E-2,4.508972E-3,3.4069315E-1,-2.224064E-3,3.867213E-2,9.991074E-3,4.11129E-2,1.1598588E-3,4.6409606E-3],"categories":[],"categories_nodes":[],"categories_segments":[],"categories_sizes":[],"default_left":[0,0,0,0,0,0,0,0,0,0,0,0,0],"id":77,"left_children":[1,3,5,-1,-1,7,9,-1,11,-1,-1,-1,-1],"loss_changes":[5.1547205E-1,8.154541E-3,2.1075235E-1,0E0,0E0,6.3432E-3,9.802967E-3,0E0,9.015668E-5,0E0,0E0,0E0,0E0],"parents":[2147483647,0,0,1,1,2,2,5,5,6,6,8,8],"right_children":[2,4,6,-1,-1,8,10,-1,12,-1,-1,-1,-1],"split_conditions":[2.0065776E-1,1.0061618E-1,9.056554E-1,-4.263739E-2,-1.0601091E-2,6.0389924E-1,1E0,-2.224064E-3,7.053903E-1,9.991074E-3,4.11129E-2,1.1598588E-3,4.6409606E-3],"split_indices":[0,0,0,0,0,0,0,0,0,0,0,0,0],"split_type":[0,0,0,0,0,0,0,0,0,0,0,0,0],"sum_hessian":[9E0,2E0,7E0,1E0,1E0,5E0,2E0,3E0,2E0,1E0,1E0,1E0,1E0],"tree_param":{"num_deleted":"0","num_feature":"2","num_nodes":"13","size_leaf_vector":"1"}},{"base_weights":[-1.2633562E-3,-3.3717704E-1,1.24862194E-1,-4.0505517E-2,-1.0071039E-2,4.6545663E-3,3.236567E-1,-2.0572662E-2,3.673935E-2,9.491349E-3,3.905716E-2,-2.352651E-3,-5.8555603E-4,1.1018753E-3,4.4090273E-3],"categories":[],"categories_nodes":[],"categories_segments":[],"categories_sizes":[],"default_left":[0,0,0,0,0,0,0,0,0,0,0,0,0,0,0],"id":78,"left_children":[1,3,5,-1,-1,7,9,11,13,-1,-1,-1,-1,-1,-1],"loss_changes":[4.657736E-1,7.359475E-3,1.8966648E-1,0E0,0E0,5.612287E-3,8.8484585E-3,3.61274E-5,8.139014E-5,0E0,0E0,0E0,0E0,0E0,0E0],"parents":[2147483647,0,0,1,1,2,2,5,5,6,6,7,7,8,8],"right_children":[2,4,6,-1,-1,8,10,12,14,-1,-1,-1,-1,-1,-1],"split_conditions":[2.0065776E-1,1.0061618E-1,9.056554E-1,-4.0505517E-2,-1.0071039E-2,6.0389924E-1,1E0,4.0339738E-1,7.053903E-1,9.491349E-3,3.905716E-2,-2.352651E-3,-5.8555603E-4,1.1018753E-3,4.4090273E-3],"split_indices":[0,0,0,0,0,0,0,0,0,0,0,0,0,0,0],"split_type":[0,0,0,0,0,0,0,0,0,0,0,0,0,0,0],"sum_hessian":[9E0,2E0,7E0,1E0,1E0,5E0,2E0,3E0,2E0,1E0,1E0,2E0,1E0,1E0,1E0],"tree_param":{"num_deleted":"0","num_feature":"2","num_nodes":"15","size_leaf_vector":"1"}},{"base_weights":[-1.0824322E-3,-3.2031825E-1,1.1876631E-1,-3.848024E-2,-9.567499E-3,4.617691E-3,3.0747476E-1,-1.9249916E-2,3.4901936E-2,9.0168E-3,3.7104417E-2,-2.5583268E-3,-8.611043E-4,1.0467529E-3,4.1885376E-3],"categories":[],"categories_nodes":[],"categories_segments":[],"categories_sizes":[],"default_left":[0,0,0,0,0,0,0,0,0,0,0,0,0,0,0],"id":79,"left_children":[1,3,5,-1,-1,7,9,11,13,-1,-1,-1,-1,-1,-1],"loss_changes":[4.2064312E-1,6.641835E-3,1.7090666E-1,0E0,0E0,5.008734E-3,7.98586E-3,4.922028E-5,7.347227E-5,0E0,0E0,0E0,0E0,0E0,0E0],"parents":[2147483647,0,0,1,1,2,2,5,5,6,6,7,7,8,8],"right_children":[2,4,6,-1,-1,8,10,12,14,-1,-1,-1,-1,-1,-1],"split_conditions":[2.0065776E-1,1.0061618E-1,9.056554E-1,-3.848024E-2,-9.567499E-3,6.0389924E-1,1E0,3.009159E-1,7.053903E-1,9.0168E-3,3.7104417E-2,-2.5583268E-3,-8.611043E-4,1.0467529E-3,4.1885376E-3],"split_indices":[0,0,0,0,0,0,0,0,0,0,0,0,0,0,0],"split_type":[0,0,0,0,0,0,0,0,0,0,0,0,0,0,0],"sum_hessian":[9E0,2E0,7E0,1E0,1E0,5E0,2E0,3E0,2E0,1E0,1E0,1E0,2E0,1E0,1E0],"tree_param":{"num_deleted":"0","num_feature":"2","num_nodes":"15","size_leaf_vector":"1"}},{"base_weights":[-9.850204E-4,-3.0430242E-1,1.1288214E-1,-3.655623E-2,-9.0891365E-3,4.4587455E-3,2.9210153E-1,-1.8179893E-2,3.315735E-2,8.565903E-3,3.524933E-2,-2.430439E-3,-8.0369314E-4,9.944916E-4,3.9791106E-3],"categories":[],"categories_nodes":[],"categories_segments":[],"categories_sizes":[],"default_left":[0,0,0,0,0,0,0,0,0,0,0,0,0,0,0],"id":80,"left_children":[1,3,5,-1,-1,7,9,11,13,-1,-1,-1,-1,-1,-1],"loss_changes":[3.797292E-1,5.994141E-3,1.5415019E-1,0E0,0E0,4.500981E-3,7.2080195E-3,5.3149415E-5,6.623776E-5,0E0,0E0,0E0,0E0,0E0,0E0],"parents":[2147483647,0,0,1,1,2,2,5,5,6,6,7,7,8,8],"right_children":[2,4,6,-1,-1,8,10,12,14,-1,-1,-1,-1,-1,-1],"split_conditions":[2.0065776E-1,1.0061618E-1,9.056554E-1,-3.655623E-2,-9.0891365E-3,6.0389924E-1,1E0,3.009159E-1,7.053903E-1,8.565903E-3,3.524933E-2,-2.430439E-3,-8.0369314E-4,9.944916E-4,3.9791106E-3],"split_indices":[0,0,0,0,0,0,0,0,0,0,0,0,0,0,0],"split_type":[0,0,0,0,0,0,0,0,0,0,0,0,0,0,0],"sum_hessian":[9E0,2E0,7E0,1E0,1E0,5E0,2E0,3E0,2E0,1E0,1E0,1E0,2E0,1E0,1E0],"tree_param":{"num_deleted":"0","num_feature":"2","num_nodes":"15","size_leaf_vector":"1"}},{"base_weights":[-8.9604256E-4,-2.890872E-1,1.07287645E-1,-3.472842E-2,-8.634663E-3,4.302025E-3,2.7749634E-1,-1.717043E-2,3.1497955E-2,8.137512E-3,3.348694E-2,-2.308941E-3,-7.500967E-4,9.447098E-4,3.7799836E-3],"categories":[],"categories_nodes":[],"categories_segments":[],"categories_sizes":[],"default_left":[0,0,0,0,0,0,0,0,0,0,0,0,0,0,0],"id":81,"left_children":[1,3,5,-1,-1,7,9,11,13,-1,-1,-1,-1,-1,-1],"loss_changes":[3.427913E-1,5.4098666E-3,1.390386E-1,0E0,0E0,4.044614E-3,6.506175E-3,5.5740587E-5,5.978672E-5,0E0,0E0,0E0,0E0,0E0,0E0],"parents":[2147483647,0,0,1,1,2,2,5,5,6,6,7,7,8,8],"right_children":[2,4,6,-1,-1,8,10,12,14,-1,-1,-1,-1,-1,-1],"split_conditions":[2.0065776E-1,1.0061618E-1,9.056554E-1,-3.472842E-2,-8.634663E-3,6.0389924E-1,1E0,3.009159E-1,7.053903E-1,8.137512E-3,3.348694E-2,-2.308941E-3,-7.500967E-4,9.447098E-4,3.7799836E-3],"split_indices":[0,0,0,0,0,0,0,0,0,0,0,0,0,0,0],"split_type":[0,0,0,0,0,0,0,0,0,0,0,0,0,0,0],"sum_hessian":[9E0,2E0,7E0,1E0,1E0,5E0,2E0,3E0,2E0,1E0,1E0,1E0,2E0,1E0,1E0],"tree_param":{"num_deleted":"0","num_feature":"2","num_nodes":"15","size_leaf_vector":"1"}},{"base_weights":[-8.13514E-4,-2.7463287E-1,1.01970434E-1,-3.2991998E-2,-8.202935E-3,4.1500726E-3,2.63621E-1,-1.6217709E-2,2.9923758E-2,7.730484E-3,3.1812668E-2,-2.193451E-3,-7.000605E-4,8.9740753E-4,3.591156E-3],"categories":[],"categories_nodes":[],"categories_segments":[],"categories_sizes":[],"default_left":[0,0,0,0,0,0,0,0,0,0,0,0,0,0,0],"id":82,"left_children":[1,3,5,-1,-1,7,9,11,13,-1,-1,-1,-1,-1,-1],"loss_changes":[3.0944678E-1,4.8823506E-3,1.254077E-1,0E0,0E0,3.6350116E-3,5.873129E-3,5.721452E-5,5.4054428E-5,0E0,0E0,0E0,0E0,0E0,0E0],"parents":[2147483647,0,0,1,1,2,2,5,5,6,6,7,7,8,8],"right_children":[2,4,6,-1,-1,8,10,12,14,-1,-1,-1,-1,-1,-1],"split_conditions":[2.0065776E-1,1.0061618E-1,9.056554E-1,-3.2991998E-2,-8.202935E-3,6.0389924E-1,1E0,3.009159E-1,7.053903E-1,7.730484E-3,3.1812668E-2,-2.193451E-3,-7.000605E-4,8.9740753E-4,3.591156E-3],"split_indices":[0,0,0,0,0,0,0,0,0,0,0,0,0,0,0],"split_type":[0,0,0,0,0,0,0,0,0,0,0,0,0,0,0],"sum_hessian":[9E0,2E0,7E0,1E0,1E0,5E0,2E0,3E0,2E0,1E0,1E0,1E0,2E0,1E0,1E0],"tree_param":{"num_deleted":"0","num_feature":"2","num_nodes":"15","size_leaf_vector":"1"}},{"base_weights":[-7.37828E-4,-2.6090136E-1,9.691572E-2,-3.13424E-2,-7.7928067E-3,4.000982E-3,2.5043997E-1,-1.5318871E-2,2.8427124E-2,7.3440555E-3,3.022194E-2,-2.0837784E-3,-6.5333047E-4,8.5258484E-4,3.4114837E-3],"categories":[],"categories_nodes":[],"categories_segments":[],"categories_sizes":[],"default_left":[0,0,0,0,0,0,0,0,0,0,0,0,0,0,0],"id":83,"left_children":[1,3,5,-1,-1,7,9,11,13,-1,-1,-1,-1,-1,-1],"loss_changes":[2.7934435E-1,4.406169E-3,1.1311532E-1,0E0,0E0,3.2669283E-3,5.299628E-3,5.780754E-5,4.8720278E-5,0E0,0E0,0E0,0E0,0E0,0E0],"parents":[2147483647,0,0,1,1,2,2,5,5,6,6,7,7,8,8],"right_children":[2,4,6,-1,-1,8,10,12,14,-1,-1,-1,-1,-1,-1],"split_conditions":[2.0065776E-1,1.0061618E-1,9.056554E-1,-3.13424E-2,-7.7928067E-3,6.0389924E-1,1E0,3.009159E-1,7.053903E-1,7.3440555E-3,3.022194E-2,-2.0837784E-3,-6.5333047E-4,8.5258484E-4,3.4114837E-3],"split_indices":[0,0,0,0,0,0,0,0,0,0,0,0,0,0,0],"split_type":[0,0,0,0,0,0,0,0,0,0,0,0,0,0,0],"sum_hessian":[9E0,2E0,7E0,1E0,1E0,5E0,2E0,3E0,2E0,1E0,1E0,1E0,2E0,1E0,1E0],"tree_param":{"num_deleted":"0","num_feature":"2","num_nodes":"15","size_leaf_vector":"1"}},{"base_weights":[-6.6860317E-4,-2.478564E-1,9.2110395E-2,-2.9775277E-2,-7.4031833E-3,3.8550694E-3,2.3791759E-1,-1.4471531E-2,2.7005514E-2,6.9767E-3,2.8710937E-2,-1.9796372E-3,-6.097794E-4,8.0986024E-4,3.240967E-3],"categories":[],"categories_nodes":[],"categories_segments":[],"categories_sizes":[],"default_left":[0,0,0,0,0,0,0,0,0,0,0,0,0,0,0],"id":84,"left_children":[1,3,5,-1,-1,7,9,11,13,-1,-1,-1,-1,-1,-1],"loss_changes":[2.521685E-1,3.9764643E-3,1.020289E-1,0E0,0E0,2.9364247E-3,4.784122E-3,5.7641068E-5,4.4054585E-5,0E0,0E0,0E0,0E0,0E0,0E0],"parents":[2147483647,0,0,1,1,2,2,5,5,6,6,7,7,8,8],"right_children":[2,4,6,-1,-1,8,10,12,14,-1,-1,-1,-1,-1,-1],"split_conditions":[2.0065776E-1,1.0061618E-1,9.056554E-1,-2.9775277E-2,-7.4031833E-3,6.0389924E-1,1E0,3.009159E-1,7.053903E-1,6.9767E-3,2.8710937E-2,-1.9796372E-3,-6.097794E-4,8.0986024E-4,3.240967E-3],"split_indices":[0,0,0,0,0,0,0,0,0,0,0,0,0,0,0],"split_type":[0,0,0,0,0,0,0,0,0,0,0,0,0,0,0],"sum_hessian":[9E0,2E0,7E0,1E0,1E0,5E0,2E0,3E0,2E0,1E0,1E0,1E0,2E0,1E0,1E0],"tree_param":{"num_deleted":"0","num_feature":"2","num_nodes":"15","size_leaf_vector":"1"}},{"base_weights":[-6.040752E-4,-2.3546351E-1,8.7543726E-2,-2.8286515E-2,-7.033014E-3,3.71329E-3,2.2602336E-1,-1.3671398E-2,2.5655111E-2,6.6280365E-3,2.7275467E-2,-1.8806458E-3,-5.6908926E-4,7.694244E-4,3.0788423E-3],"categories":[],"categories_nodes":[],"categories_segments":[],"categories_sizes":[],"default_left":[0,0,0,0,0,0,0,0,0,0,0,0,0,0,0],"id":85,"left_children":[1,3,5,-1,-1,7,9,11,13,-1,-1,-1,-1,-1,-1],"loss_changes":[2.2763678E-1,3.5888255E-3,9.203118E-2,0E0,0E0,2.6394515E-3,4.3167174E-3,5.689595E-5,3.9702514E-5,0E0,0E0,0E0,0E0,0E0,0E0],"parents":[2147483647,0,0,1,1,2,2,5,5,6,6,7,7,8,8],"right_children":[2,4,6,-1,-1,8,10,12,14,-1,-1,-1,-1,-1,-1],"split_conditions":[2.0065776E-1,1.0061618E-1,9.056554E-1,-2.8286515E-2,-7.033014E-3,6.0389924E-1,1E0,3.009159E-1,7.053903E-1,6.6280365E-3,2.7275467E-2,-1.8806458E-3,-5.6908926E-4,7.694244E-4,3.0788423E-3],"split_indices":[0,0,0,0,0,0,0,0,0,0,0,0,0,0,0],"split_type":[0,0,0,0,0,0,0,0,0,0,0,0,0,0,0],"sum_hessian":[9E0,2E0,7E0,1E0,1E0,5E0,2E0,3E0,2E0,1E0,1E0,1E0,2E0,1E0,1E0],"tree_param":{"num_deleted":"0","num_feature":"2","num_nodes":"15","size_leaf_vector":"1"}},{"base_weights":[-5.461335E-4,-2.2369023E-1,8.320117E-2,-2.6872188E-2,-6.681347E-3,3.5740535E-3,2.1472168E-1,-1.2917042E-2,2.4370829E-2,6.296539E-3,2.5911713E-2,-1.7866135E-3,-5.311966E-4,7.30896E-4,2.9247284E-3],"categories":[],"categories_nodes":[],"categories_segments":[],"categories_sizes":[],"default_left":[0,0,0,0,0,0,0,0,0,0,0,0,0,0,0],"id":86,"left_children":[1,3,5,-1,-1,7,9,11,13,-1,-1,-1,-1,-1,-1],"loss_changes":[2.0548846E-1,3.2390058E-3,8.3013356E-2,0E0,0E0,2.3725687E-3,3.896445E-3,5.564856E-5,3.583706E-5,0E0,0E0,0E0,0E0,0E0,0E0],"parents":[2147483647,0,0,1,1,2,2,5,5,6,6,7,7,8,8],"right_children":[2,4,6,-1,-1,8,10,12,14,-1,-1,-1,-1,-1,-1],"split_conditions":[2.0065776E-1,1.0061618E-1,9.056554E-1,-2.6872188E-2,-6.681347E-3,6.0389924E-1,1E0,3.009159E-1,7.053903E-1,6.296539E-3,2.5911713E-2,-1.7866135E-3,-5.311966E-4,7.30896E-4,2.9247284E-3],"split_indices":[0,0,0,0,0,0,0,0,0,0,0,0,0,0,0],"split_type":[0,0,0,0,0,0,0,0,0,0,0,0,0,0,0],"sum_hessian":[9E0,2E0,7E0,1E0,1E0,5E0,2E0,3E0,2E0,1E0,1E0,1E0,2E0,1E0,1E0],"tree_param":{"num_deleted":"0","num_feature":"2","num_nodes":"15","size_leaf_vector":"1"}},{"base_weights":[-4.9163104E-4,-2.125057E-1,7.90751E-2,-2.552858E-2,-6.347275E-3,3.4399033E-3,2.0398712E-1,-1.2204647E-2,2.315267E-2,5.9818267E-3,2.4616241E-2,-1.6972543E-3,-4.9578346E-4,6.942749E-4,2.7786256E-3],"categories":[],"categories_nodes":[],"categories_segments":[],"categories_sizes":[],"default_left":[0,0,0,0,0,0,0,0,0,0,0,0,0,0,0],"id":87,"left_children":[1,3,5,-1,-1,7,9,11,13,-1,-1,-1,-1,-1,-1],"loss_changes":[1.8549657E-1,2.9232502E-3,7.488026E-2,0E0,0E0,2.1329545E-3,3.5160854E-3,5.406112E-5,3.2417127E-5,0E0,0E0,0E0,0E0,0E0,0E0],"parents":[2147483647,0,0,1,1,2,2,5,5,6,6,7,7,8,8],"right_children":[2,4,6,-1,-1,8,10,12,14,-1,-1,-1,-1,-1,-1],"split_conditions":[2.0065776E-1,1.0061618E-1,9.056554E-1,-2.552858E-2,-6.347275E-3,6.0389924E-1,1E0,3.009159E-1,7.053903E-1,5.9818267E-3,2.4616241E-2,-1.6972543E-3,-4.9578346E-4,6.942749E-4,2.7786256E-3],"split_indices":[0,0,0,0,0,0,0,0,0,0,0,0,0,0,0],"split_type":[0,0,0,0,0,0,0,0,0,0,0,0,0,0,0],"sum_hessian":[9E0,2E0,7E0,1E0,1E0,5E0,2E0,3E0,2E0,1E0,1E0,1E0,2E0,1E0,1E0],"tree_param":{"num_deleted":"0","num_feature":"2","num_nodes":"15","size_leaf_vector":"1"}},{"base_weights":[-4.415959E-4,-2.0188029E-1,7.515311E-2,-2.4252152E-2,-6.0298922E-3,3.3095677E-3,1.9378917E-1,-1.1532307E-2,2.1995544E-2,5.682755E-3,2.338562E-2,-1.6123772E-3,-4.627228E-4,6.595612E-4,2.6397705E-3],"categories":[],"categories_nodes":[],"categories_segments":[],"categories_sizes":[],"default_left":[0,0,0,0,0,0,0,0,0,0,0,0,0,0,0],"id":88,"left_children":[1,3,5,-1,-1,7,9,11,13,-1,-1,-1,-1,-1,-1],"loss_changes":[1.6744892E-1,2.63834E-3,6.754452E-2,0E0,0E0,1.9176689E-3,3.1734556E-3,5.220936E-5,2.9269955E-5,0E0,0E0,0E0,0E0,0E0,0E0],"parents":[2147483647,0,0,1,1,2,2,5,5,6,6,7,7,8,8],"right_children":[2,4,6,-1,-1,8,10,12,14,-1,-1,-1,-1,-1,-1],"split_conditions":[2.0065776E-1,1.0061618E-1,9.056554E-1,-2.4252152E-2,-6.0298922E-3,6.0389924E-1,1E0,3.009159E-1,7.053903E-1,5.682755E-3,2.338562E-2,-1.6123772E-3,-4.627228E-4,6.595612E-4,2.6397705E-3],"split_indices":[0,0,0,0,0,0,0,0,0,0,0,0,0,0,0],"split_type":[0,0,0,0,0,0,0,0,0,0,0,0,0,0,0],"sum_hessian":[9E0,2E0,7E0,1E0,1E0,5E0,2E0,3E0,2E0,1E0,1E0,1E0,2E0,1E0,1E0],"tree_param":{"num_deleted":"0","num_feature":"2","num_nodes":"15","size_leaf_vector":"1"}},{"base_weights":[-3.9646626E-4,-1.9178621E-1,7.1424246E-2,-2.3039544E-2,-5.7283877E-3,3.1824112E-3,1.8409984E-1,-1.0898113E-2,2.089564E-2,5.39856E-3,2.2216415E-2,-1.5317918E-3,-4.318873E-4,6.26564E-4,2.507782E-3],"categories":[],"categories_nodes":[],"categories_segments":[],"categories_sizes":[],"default_left":[0,0,0,0,0,0,0,0,0,0,0,0,0,0,0],"id":89,"left_children":[1,3,5,-1,-1,7,9,11,13,-1,-1,-1,-1,-1,-1],"loss_changes":[1.5115567E-1,2.3811534E-3,6.092763E-2,0E0,0E0,1.7241924E-3,2.8644651E-3,5.0159637E-5,2.6427326E-5,0E0,0E0,0E0,0E0,0E0,0E0],"parents":[2147483647,0,0,1,1,2,2,5,5,6,6,7,7,8,8],"right_children":[2,4,6,-1,-1,8,10,12,14,-1,-1,-1,-1,-1,-1],"split_conditions":[2.0065776E-1,1.0061618E-1,9.056554E-1,-2.3039544E-2,-5.7283877E-3,6.0389924E-1,1E0,3.009159E-1,7.053903E-1,5.39856E-3,2.2216415E-2,-1.5317918E-3,-4.318873E-4,6.26564E-4,2.507782E-3],"split_indices":[0,0,0,0,0,0,0,0,0,0,0,0,0,0,0],"split_type":[0,0,0,0,0,0,0,0,0,0,0,0,0,0,0],"sum_hessian":[9E0,2E0,7E0,1E0,1E0,5E0,2E0,3E0,2E0,1E0,1E0,1E0,2E0,1E0,1E0],"tree_param":{"num_deleted":"0","num_feature":"2","num_nodes":"15","size_leaf_vector":"1"}},{"base_weights":[-3.5567582E-4,-1.8219678E-1,6.78792E-2,-2.1887567E-2,-5.441952E-3,3.0587513E-3,1.7489369E-1,-1.0299683E-2,1.9850412E-2,5.128479E-3,2.1105576E-2,-1.4552117E-3,-4.0314996E-4,5.952835E-4,2.3822784E-3],"categories":[],"categories_nodes":[],"categories_segments":[],"categories_sizes":[],"default_left":[0,0,0,0,0,0,0,0,0,0,0,0,0,0,0],"id":90,"left_children":[1,3,5,-1,-1,7,9,11,13,-1,-1,-1,-1,-1,-1],"loss_changes":[1.3644642E-1,2.1490753E-3,5.495886E-2,0E0,0E0,1.5503147E-3,2.5859103E-3,4.7953305E-5,2.3805886E-5,0E0,0E0,0E0,0E0,0E0,0E0],"parents":[2147483647,0,0,1,1,2,2,5,5,6,6,7,7,8,8],"right_children":[2,4,6,-1,-1,8,10,12,14,-1,-1,-1,-1,-1,-1],"split_conditions":[2.0065776E-1,1.0061618E-1,9.056554E-1,-2.1887567E-2,-5.441952E-3,6.0389924E-1,1E0,3.009159E-1,7.053903E-1,5.128479E-3,2.1105576E-2,-1.4552117E-3,-4.0314996E-4,5.952835E-4,2.3822784E-3],"split_indices":[0,0,0,0,0,0,0,0,0,0,0,0,0,0,0],"split_type":[0,0,0,0,0,0,0,0,0,0,0,0,0,0,0],"sum_hessian":[9E0,2E0,7E0,1E0,1E0,5E0,2E0,3E0,2E0,1E0,1E0,1E0,2E0,1E0,1E0],"tree_param":{"num_deleted":"0","num_feature":"2","num_nodes":"15","size_leaf_vector":"1"}},{"base_weights":[-3.1707287E-4,-1.7308705E-1,6.45113E-2,-2.0793188E-2,-5.1698685E-3,2.93986E-3,1.661504E-1,-9.734154E-3,1.8858591E-2,4.8721316E-3,2.005043E-2,-1.3824463E-3,-3.762563E-4,5.6552887E-4,2.2632598E-3],"categories":[],"categories_nodes":[],"categories_segments":[],"categories_sizes":[],"default_left":[0,0,0,0,0,0,0,0,0,0,0,0,0,0,0],"id":91,"left_children":[1,3,5,-1,-1,7,9,11,13,-1,-1,-1,-1,-1,-1],"loss_changes":[1.23170026E-1,1.9394681E-3,4.957607E-2,0E0,0E0,1.3940978E-3,2.3336112E-3,4.5687193E-5,2.1494227E-5,0E0,0E0,0E0,0E0,0E0,0E0],"parents":[2147483647,0,0,1,1,2,2,5,5,6,6,7,7,8,8],"right_children":[2,4,6,-1,-1,8,10,12,14,-1,-1,-1,-1,-1,-1],"split_conditions":[2.0065776E-1,1.0061618E-1,9.056554E-1,-2.0793188E-2,-5.1698685E-3,6.0389924E-1,1E0,3.009159E-1,7.053903E-1,4.8721316E-3,2.005043E-2,-1.3824463E-3,-3.762563E-4,5.6552887E-4,2.2632598E-3],"split_indices":[0,0,0,0,0,0,0,0,0,0,0,0,0,0,0],"split_type":[0,0,0,0,0,0,0,0,0,0,0,0,0,0,0],"sum_hessian":[9E0,2E0,7E0,1E0,1E0,5E0,2E0,3E0,2E0,1E0,1E0,1E0,2E0,1E0,1E0],"tree_param":{"num_deleted":"0","num_feature":"2","num_nodes":"15","size_leaf_vector":"1"}},{"base_weights":[-2.8271676E-4,-1.6443269E-1,6.130886E-2,-1.9753529E-2,-4.911375E-3,2.8241475E-3,1.57842E-1,-9.200096E-3,1.791509E-2,4.6283724E-3,1.9047929E-2,-1.3133049E-3,-3.511429E-4,5.3730013E-4,2.1499635E-3],"categories":[],"categories_nodes":[],"categories_segments":[],"categories_sizes":[],"default_left":[0,0,0,0,0,0,0,0,0,0,0,0,0,0,0],"id":92,"left_children":[1,3,5,-1,-1,7,9,11,13,-1,-1,-1,-1,-1,-1],"loss_changes":[1.1118374E-1,1.7503649E-3,4.471994E-2,0E0,0E0,1.2535636E-3,2.1067858E-3,4.337728E-5,1.9355444E-5,0E0,0E0,0E0,0E0,0E0,0E0],"parents":[2147483647,0,0,1,1,2,2,5,5,6,6,7,7,8,8],"right_children":[2,4,6,-1,-1,8,10,12,14,-1,-1,-1,-1,-1,-1],"split_conditions":[2.0065776E-1,1.0061618E-1,9.056554E-1,-1.9753529E-2,-4.911375E-3,6.0389924E-1,1E0,3.009159E-1,7.053903E-1,4.6283724E-3,1.9047929E-2,-1.3133049E-3,-3.511429E-4,5.3730013E-4,2.1499635E-3],"split_indices":[0,0,0,0,0,0,0,0,0,0,0,0,0,0,0],"split_type":[0,0,0,0,0,0,0,0,0,0,0,0,0,0,0],"sum_hessian":[9E0,2E0,7E0,1E0,1E0,5E0,2E0,3E0,2E0,1E0,1E0,1E0,2E0,1E0,1E0],"tree_param":{"num_deleted":"0","num_feature":"2","num_nodes":"15","size_leaf_vector":"1"}},{"base_weights":[-2.5171638E-4,-1.5621103E-1,5.8264494E-2,-1.8765852E-2,-4.665804E-3,2.711932E-3,1.4994812E-1,-8.696079E-3,1.7018637E-2,4.39682E-3,1.8095398E-2,-1.2475968E-3,-3.277461E-4,5.104065E-4,2.042389E-3],"categories":[],"categories_nodes":[],"categories_segments":[],"categories_sizes":[],"default_left":[0,0,0,0,0,0,0,0,0,0,0,0,0,0,0],"id":93,"left_children":[1,3,5,-1,-1,7,9,11,13,-1,-1,-1,-1,-1,-1],"loss_changes":[1.0036304E-1,1.5797243E-3,4.0339436E-2,0E0,0E0,1.1272617E-3,1.9017756E-3,4.1037594E-5,1.7471553E-5,0E0,0E0,0E0,0E0,0E0,0E0],"parents":[2147483647,0,0,1,1,2,2,5,5,6,6,7,7,8,8],"right_children":[2,4,6,-1,-1,8,10,12,14,-1,-1,-1,-1,-1,-1],"split_conditions":[2.0065776E-1,1.0061618E-1,9.056554E-1,-1.8765852E-2,-4.665804E-3,6.0389924E-1,1E0,3.009159E-1,7.053903E-1,4.39682E-3,1.8095398E-2,-1.2475968E-3,-3.277461E-4,5.104065E-4,2.042389E-3],"split_indices":[0,0,0,0,0,0,0,0,0,0,0,0,0,0,0],"split_type":[0,0,0,0,0,0,0,0,0,0,0,0,0,0,0],"sum_hessian":[9E0,2E0,7E0,1E0,1E0,5E0,2E0,3E0,2E0,1E0,1E0,1E0,2E0,1E0,1E0],"tree_param":{"num_deleted":"0","num_feature":"2","num_nodes":"15","size_leaf_vector":"1"}},{"base_weights":[-2.2296906E-4,-1.4840062E-1,5.5371523E-2,-1.782756E-2,-4.4325353E-3,2.603213E-3,1.4245097E-1,-8.220196E-3,1.6166687E-2,4.1770935E-3,1.7190551E-2,-1.1852265E-3,-3.0587515E-4,4.8484802E-4,1.940155E-3],"categories":[],"categories_nodes":[],"categories_segments":[],"categories_sizes":[],"default_left":[0,0,0,0,0,0,0,0,0,0,0,0,0,0,0],"id":94,"left_children":[1,3,5,-1,-1,7,9,11,13,-1,-1,-1,-1,-1,-1],"loss_changes":[9.059579E-2,1.4256015E-3,3.638945E-2,0E0,0E0,1.0137116E-3,1.7157979E-3,3.8733735E-5,1.5770493E-5,0E0,0E0,0E0,0E0,0E0,0E0],"parents":[2147483647,0,0,1,1,2,2,5,5,6,6,7,7,8,8],"right_children":[2,4,6,-1,-1,8,10,12,14,-1,-1,-1,-1,-1,-1],"split_conditions":[2.0065776E-1,1.0061618E-1,9.056554E-1,-1.782756E-2,-4.4325353E-3,6.0389924E-1,1E0,3.009159E-1,7.053903E-1,4.1770935E-3,1.7190551E-2,-1.1852265E-3,-3.0587515E-4,4.8484802E-4,1.940155E-3],"split_indices":[0,0,0,0,0,0,0,0,0,0,0,0,0,0,0],"split_type":[0,0,0,0,0,0,0,0,0,0,0,0,0,0,0],"sum_hessian":[9E0,2E0,7E0,1E0,1E0,5E0,2E0,3E0,2E0,1E0,1E0,1E0,2E0,1E0,1E0],"tree_param":{"num_deleted":"0","num_feature":"2","num_nodes":"15","size_leaf_vector":"1"}},{"base_weights":[-1.9668936E-4,-1.4098054E-1,5.262184E-2,-1.6936181E-2,-4.2109014E-3,2.4986267E-3,1.3532765E-1,-7.771492E-3,1.5359242E-2,3.9680484E-3,1.63311E-2,-1.1260033E-3,-2.8553008E-4,4.606247E-4,1.8432618E-3],"categories":[],"categories_nodes":[],"categories_segments":[],"categories_sizes":[],"default_left":[0,0,0,0,0,0,0,0,0,0,0,0,0,0,0],"id":95,"left_children":[1,3,5,-1,-1,7,9,11,13,-1,-1,-1,-1,-1,-1],"loss_changes":[8.1778616E-2,1.286637E-3,3.282572E-2,0E0,0E0,9.1184455E-4,1.5493222E-3,3.645054E-5,1.4238758E-5,0E0,0E0,0E0,0E0,0E0,0E0],"parents":[2147483647,0,0,1,1,2,2,5,5,6,6,7,7,8,8],"right_children":[2,4,6,-1,-1,8,10,12,14,-1,-1,-1,-1,-1,-1],"split_conditions":[2.0065776E-1,1.0061618E-1,9.056554E-1,-1.6936181E-2,-4.2109014E-3,6.0389924E-1,1E0,3.009159E-1,7.053903E-1,3.9680484E-3,1.63311E-2,-1.1260033E-3,-2.8553008E-4,4.606247E-4,1.8432618E-3],"split_indices":[0,0,0,0,0,0,0,0,0,0,0,0,0,0,0],"split_type":[0,0,0,0,0,0,0,0,0,0,0,0,0,0,0],"sum_hessian":[9E0,2E0,7E0,1E0,1E0,5E0,2E0,3E0,2E0,1E0,1E0,1E0,2E0,1E0,1E0],"tree_param":{"num_deleted":"0","num_feature":"2","num_nodes":"15","size_leaf_vector":"1"}},{"base_weights":[-1.732409E-4,-1.3393165E-1,5.000782E-2,-1.608937E-2,-4.000378E-3,2.3969014E-3,1.2856038E-1,-7.347107E-3,1.4589946E-2,3.769684E-3,1.5514374E-2,-1.0697366E-3,-2.664566E-4,4.375458E-4,1.750946E-3],"categories":[],"categories_nodes":[],"categories_segments":[],"categories_sizes":[],"default_left":[0,0,0,0,0,0,0,0,0,0,0,0,0,0,0],"id":96,"left_children":[1,3,5,-1,-1,7,9,11,13,-1,-1,-1,-1,-1,-1],"loss_changes":[7.381903E-2,1.1611097E-3,2.961153E-2,0E0,0E0,8.200486E-4,1.397945E-3,3.424703E-5,1.2852135E-5,0E0,0E0,0E0,0E0,0E0,0E0],"parents":[2147483647,0,0,1,1,2,2,5,5,6,6,7,7,8,8],"right_children":[2,4,6,-1,-1,8,10,12,14,-1,-1,-1,-1,-1,-1],"split_conditions":[2.0065776E-1,1.0061618E-1,9.056554E-1,-1.608937E-2,-4.000378E-3,6.0389924E-1,1E0,3.009159E-1,7.053903E-1,3.769684E-3,1.5514374E-2,-1.0697366E-3,-2.664566E-4,4.375458E-4,1.750946E-3],"split_indices":[0,0,0,0,0,0,0,0,0,0,0,0,0,0,0],"split_type":[0,0,0,0,0,0,0,0,0,0,0,0,0,0,0],"sum_hessian":[9E0,2E0,7E0,1E0,1E0,5E0,2E0,3E0,2E0,1E0,1E0,1E0,2E0,1E0,1E0],"tree_param":{"num_deleted":"0","num_feature":"2","num_nodes":"15","size_leaf_vector":"1"}},{"base_weights":[-1.5188455E-4,-1.2723498E-1,4.752326E-2,-1.5284902E-2,-3.8003444E-3,2.298673E-3,1.2213135E-1,-6.946087E-3,1.3858795E-2,3.5812377E-3,1.4738465E-2,-1.0162353E-3,-2.486547E-4,4.1561128E-4,1.663208E-3],"categories":[],"categories_nodes":[],"categories_segments":[],"categories_sizes":[],"default_left":[0,0,0,0,0,0,0,0,0,0,0,0,0,0,0],"id":97,"left_children":[1,3,5,-1,-1,7,9,11,13,-1,-1,-1,-1,-1,-1],"loss_changes":[6.663367E-2,1.0479502E-3,2.6712218E-2,0E0,0E0,7.3748775E-4,1.26132E-3,3.210311E-5,1.1600088E-5,0E0,0E0,0E0,0E0,0E0,0E0],"parents":[2147483647,0,0,1,1,2,2,5,5,6,6,7,7,8,8],"right_children":[2,4,6,-1,-1,8,10,12,14,-1,-1,-1,-1,-1,-1],"split_conditions":[2.0065776E-1,1.0061618E-1,9.056554E-1,-1.5284902E-2,-3.8003444E-3,6.0389924E-1,1E0,3.009159E-1,7.053903E-1,3.5812377E-3,1.4738465E-2,-1.0162353E-3,-2.486547E-4,4.1561128E-4,1.663208E-3],"split_indices":[0,0,0,0,0,0,0,0,0,0,0,0,0,0,0],"split_type":[0,0,0,0,0,0,0,0,0,0,0,0,0,0,0],"sum_hessian":[9E0,2E0,7E0,1E0,1E0,5E0,2E0,3E0,2E0,1E0,1E0,1E0,2E0,1E0,1E0],"tree_param":{"num_deleted":"0","num_feature":"2","num_nodes":"15","size_leaf_vector":"1"}},{"base_weights":[-1.3182164E-4,-1.2087321E-1,4.5162678E-2,-1.4520657E-2,-3.6103248E-3,2.2042592E-3,1.1602529E-1,-6.567955E-3,1.31657915E-2,3.4023286E-3,1.4001465E-2,-8.195241E-4,-8.430481E-5,3.9482117E-4,1.5800477E-3],"categories":[],"categories_nodes":[],"categories_segments":[],"categories_sizes":[],"default_left":[0,0,0,0,0,0,0,0,0,0,0,0,0,0,0],"id":98,"left_children":[1,3,5,-1,-1,7,9,11,13,-1,-1,-1,-1,-1,-1],"loss_changes":[6.014817E-2,9.457804E-4,2.4097418E-2,0E0,0E0,6.634138E-4,1.137767E-3,3.0355266E-5,1.0472606E-5,0E0,0E0,0E0,0E0,0E0,0E0],"parents":[2147483647,0,0,1,1,2,2,5,5,6,6,7,7,8,8],"right_children":[2,4,6,-1,-1,8,10,12,14,-1,-1,-1,-1,-1,-1],"split_conditions":[2.0065776E-1,1.0061618E-1,9.056554E-1,-1.4520657E-2,-3.6103248E-3,6.0389924E-1,1E0,4.0339738E-1,7.053903E-1,3.4023286E-3,1.4001465E-2,-8.195241E-4,-8.430481E-5,3.9482117E-4,1.5800477E-3],"split_indices":[0,0,0,0,0,0,0,0,0,0,0,0,0,0,0],"split_type":[0,0,0,0,0,0,0,0,0,0,0,0,0,0,0],"sum_hessian":[9E0,2E0,7E0,1E0,1E0,5E0,2E0,3E0,2E0,1E0,1E0,2E0,1E0,1E0,1E0],"tree_param":{"num_deleted":"0","num_feature":"2","num_nodes":"15","size_leaf_vector":"1"}},{"base_weights":[-8.4137915E-5,-1.1482946E-1,4.2955875E-2,-1.3794625E-2,-3.4297945E-3,2.1622975E-3,1.102244E-1,-6.136894E-3,1.2507121E-2,3.232193E-3,1.3301468E-2,-9.243965E-4,-2.0198822E-4,3.7498475E-4,1.5010834E-3],"categories":[],"categories_nodes":[],"categories_segments":[],"categories_sizes":[],"default_left":[0,0,0,0,0,0,0,0,0,0,0,0,0,0,0],"id":99,"left_children":[1,3,5,-1,-1,7,9,11,13,-1,-1,-1,-1,-1,-1],"loss_changes":[5.4319E-2,8.5361674E-4,2.1714654E-2,0E0,0E0,5.918769E-4,1.0269657E-3,3.2495678E-5,9.488751E-6,0E0,0E0,0E0,0E0,0E0,0E0],"parents":[2147483647,0,0,1,1,2,2,5,5,6,6,7,7,8,8],"right_children":[2,4,6,-1,-1,8,10,12,14,-1,-1,-1,-1,-1,-1],"split_conditions":[2.0065776E-1,1.0061618E-1,9.056554E-1,-1.3794625E-2,-3.4297945E-3,6.0389924E-1,1E0,3.009159E-1,7.053903E-1,3.232193E-3,1.3301468E-2,-9.243965E-4,-2.0198822E-4,3.7498475E-4,1.5010834E-3],"split_indices":[0,0,0,0,0,0,0,0,0,0,0,0,0,0,0],"split_type":[0,0,0,0,0,0,0,0,0,0,0,0,0,0,0],"sum_hessian":[9E0,2E0,7E0,1E0,1E0,5E0,2E0,3E0,2E0,1E0,1E0,1E0,2E0,1E0,1E0],"tree_param":{"num_deleted":"0","num_feature":"2","num_nodes":"15","size_leaf_vector":"1"}}]},"name":"gbtree"},"learner_model_param":{"base_score":"4.4666668E1","boost_from_average":"1","num_class":"0","num_feature":"2","num_target":"1"},"objective":{"name":"reg:squarederror","reg_loss_param":{"scale_pos_weight":"1"}}},"version":[2,1,1]}