{"model_name": "LogarithmicRegressionTrainer_0", "trainer": "LogarithmicRegressionTrainer", "model_class": "curvefit", "model_file": "LogarithmicRegressionTrainer_0.json", "features": ["bpf_cpu_time_ms", "bpf_page_cache_hit"], "fe_files": [], "output_type": "AbsPower", "mae": 8.03, "mape": -1, "node_type": 0, "machine_spec": {"processor": "11th_gen_intel_core", "cores": 8, "chips": 1, "memory": 31, "frequency": 4800}, "package_mae": 8.03, "core_mae": 5.14, "uncore_mae": 1.4, "dram_mae": 0.0, "package_mape": 54.86, "core_mape": 39.02, "uncore_mape": 11560.74, "dram_mape": -1}