{"learner":{"attributes":{"scikit_learn":"{\"_estimator_type\": \"regressor\"}"},"feature_names":[],"feature_types":[],"gradient_booster":{"model":{"gbtree_model_param":{"num_parallel_tree":"1","num_trees":"100"},"iteration_indptr":[0,1,2,3,4,5,6,7,8,9,10,11,12,13,14,15,16,17,18,19,20,21,22,23,24,25,26,27,28,29,30,31,32,33,34,35,36,37,38,39,40,41,42,43,44,45,46,47,48,49,50,51,52,53,54,55,56,57,58,59,60,61,62,63,64,65,66,67,68,69,70,71,72,73,74,75,76,77,78,79,80,81,82,83,84,85,86,87,88,89,90,91,92,93,94,95,96,97,98,99,100],"tree_info":[0,0,0,0,0,0,0,0,0,0,0,0,0,0,0,0,0,0,0,0,0,0,0,0,0,0,0,0,0,0,0,0,0,0,0,0,0,0,0,0,0,0,0,0,0,0,0,0,0,0,0,0,0,0,0,0,0,0,0,0,0,0,0,0,0,0,0,0,0,0,0,0,0,0,0,0,0,0,0,0,0,0,0,0,0,0,0,0,0,0,0,0,0,0,0,0,0,0,0,0],"trees":[{"base_weights":[-2.670288E-6,-4.471852E1,5.366222E0,-5.157778E0,-5.211113E-1],"categories":[],"categories_nodes":[],"categories_segments":[],"categories_sizes":[],"default_left":[0,0,0,0,0],"id":0,"left_children":[1,3,-1,-1,-1],"loss_changes":[2.6396645E4,1.3571709E3,0E0,0E0,0E0],"parents":[2147483647,0,0,1,1],"right_children":[2,4,-1,-1,-1],"split_conditions":[6.0394293E-1,4.0168795E-1,5.366222E0,-5.157778E0,-5.211113E-1],"split_indices":[0,0,0,0,0],"split_type":[0,0,0,0,0],"sum_hessian":[9E0,5E0,4E0,4E0,1E0],"tree_param":{"num_deleted":"0","num_feature":"2","num_nodes":"5","size_leaf_vector":"1"}},{"base_weights":[-3.1268694E-2,-4.1193153E1,4.9369244E1,-5.224834E0,-1.2721856E0,1.4105778E0,5.465867E0],"categories":[],"categories_nodes":[],"categories_segments":[],"categories_sizes":[],"default_left":[0,0,0,0,0,0,0],"id":1,"left_children":[1,3,5,-1,-1,-1,-1],"loss_changes":[2.2367857E4,1.2238369E3,1.6161426E2,0E0,0E0,0E0,0E0],"parents":[2147483647,0,0,1,1,2,2],"right_children":[2,4,6,-1,-1,-1,-1],"split_conditions":[6.0394293E-1,3.0206713E-1,7.029443E-1,-5.224834E0,-1.2721856E0,1.4105778E0,5.465867E0],"split_indices":[0,0,0,0,0,0,0],"split_type":[0,0,0,0,0,0,0],"sum_hessian":[9E0,5E0,4E0,3E0,2E0,1E0,3E0],"tree_param":{"num_deleted":"0","num_feature":"2","num_nodes":"7","size_leaf_vector":"1"}},{"base_weights":[9.80072E-3,-3.8156673E1,4.580761E1,-4.832971E0,-1.187373E0,1.340049E0,5.055927E0],"categories":[],"categories_nodes":[],"categories_segments":[],"categories_sizes":[],"default_left":[0,0,0,0,0,0,0],"id":2,"left_children":[1,3,5,-1,-1,-1,-1],"loss_changes":[1.9227277E4,1.0304092E3,9.2418945E1,0E0,0E0,0E0,0E0],"parents":[2147483647,0,0,1,1,2,2],"right_children":[2,4,6,-1,-1,-1,-1],"split_conditions":[6.0394293E-1,3.0206713E-1,7.029443E-1,-4.832971E0,-1.187373E0,1.340049E0,5.055927E0],"split_indices":[0,0,0,0,0,0,0],"split_type":[0,0,0,0,0,0,0],"sum_hessian":[9E0,5E0,4E0,3E0,2E0,1E0,3E0],"tree_param":{"num_deleted":"0","num_feature":"2","num_nodes":"7","size_leaf_vector":"1"}},{"base_weights":[4.6383668E-2,-3.53444E1,4.2506046E1,-4.0924964E0,-3.7207794E-1,1.2730465E0,4.6767325E0],"categories":[],"categories_nodes":[],"categories_segments":[],"categories_sizes":[],"default_left":[0,0,0,0,0,0,0],"id":3,"left_children":[1,3,5,-1,-1,-1,-1],"loss_changes":[1.6529156E4,9.0659326E2,3.9041016E1,0E0,0E0,0E0,0E0],"parents":[2147483647,0,0,1,1,2,2],"right_children":[2,4,6,-1,-1,-1,-1],"split_conditions":[6.0394293E-1,4.0168795E-1,7.029443E-1,-4.0924964E0,-3.7207794E-1,1.2730465E0,4.6767325E0],"split_indices":[0,0,0,0,0,0,0],"split_type":[0,0,0,0,0,0,0],"sum_hessian":[9E0,5E0,4E0,4E0,1E0,1E0,3E0],"tree_param":{"num_deleted":"0","num_feature":"2","num_nodes":"7","size_leaf_vector":"1"}},{"base_weights":[1.9026566E-1,-3.2554054E1,3.9445398E0,-4.1635613E0,-9.593959E-1],"categories":[],"categories_nodes":[],"categories_segments":[],"categories_sizes":[],"default_left":[0,0,0,0,0],"id":4,"left_children":[1,3,-1,-1,-1],"loss_changes":[1.4137933E4,8.516304E2,0E0,0E0,0E0],"parents":[2147483647,0,0,1,1],"right_children":[2,4,-1,-1,-1],"split_conditions":[6.0394293E-1,3.0206713E-1,3.9445398E0,-4.1635613E0,-9.593959E-1],"split_indices":[0,0,0,0,0],"split_type":[0,0,0,0,0],"sum_hessian":[9E0,5E0,4E0,3E0,2E0],"tree_param":{"num_deleted":"0","num_feature":"2","num_nodes":"5","size_leaf_vector":"1"}},{"base_weights":[5.3395845E-2,-3.0152475E1,3.628976E1,-3.851294E0,-8.954361E-1,1.577061E0,4.471233E0],"categories":[],"categories_nodes":[],"categories_segments":[],"categories_sizes":[],"default_left":[0,0,0,0,0,0,0],"id":5,"left_children":[1,3,5,-1,-1,-1,-1],"loss_changes":[1.2039735E4,7.1849805E2,1.58979E2,0E0,0E0,0E0,0E0],"parents":[2147483647,0,0,1,1,2,2],"right_children":[2,4,6,-1,-1,-1,-1],"split_conditions":[6.0394293E-1,3.0206713E-1,9.038267E-1,-3.851294E0,-8.954361E-1,1.577061E0,4.471233E0],"split_indices":[0,0,0,0,0,0,0],"split_type":[0,0,0,0,0,0,0],"sum_hessian":[9E0,5E0,4E0,3E0,2E0,2E0,2E0],"tree_param":{"num_deleted":"0","num_feature":"2","num_nodes":"7","size_leaf_vector":"1"}},{"base_weights":[1.782135E-1,-2.7928347E1,3.3870445E1,-3.562447E0,-8.357402E0,1.4719234E0,4.1731505E0,-9.9287796E-1,-2.6073226E-1],"categories":[],"categories_nodes":[],"categories_segments":[],"categories_sizes":[],"default_left":[0,0,0,0,0,0,0,0,0],"id":6,"left_children":[1,3,5,-1,7,-1,-1,-1,-1],"loss_changes":[1.0415673E4,6.059946E2,1.3848877E2,0E0,1.2191315E0,0E0,0E0,0E0,0E0],"parents":[2147483647,0,0,1,1,2,2,4,4],"right_children":[2,4,6,-1,8,-1,-1,-1,-1],"split_conditions":[6.0394293E-1,3.0206713E-1,9.038267E-1,-3.562447E0,4.0168795E-1,1.4719234E0,4.1731505E0,-9.9287796E-1,-2.6073226E-1],"split_indices":[0,0,0,0,0,0,0,0,0],"split_type":[0,0,0,0,0,0,0,0,0],"sum_hessian":[9E0,5E0,4E0,3E0,2E0,2E0,2E0,1E0,1E0],"tree_param":{"num_deleted":"0","num_feature":"2","num_nodes":"9","size_leaf_vector":"1"}},{"base_weights":[2.4329224E-1,-2.5938189E1,3.1612411E1,-3.0135044E1,-2.4769555E-1,1.373795E0,3.8949401E0,-3.6424565E0,-1.380051E0],"categories":[],"categories_nodes":[],"categories_segments":[],"categories_sizes":[],"default_left":[0,0,0,0,0,0,0,0,0],"id":7,"left_children":[1,3,5,7,-1,-1,-1,-1,-1],"loss_changes":[9.032869E3,5.1613696E2,1.2063867E2,1.1004395E1,0E0,0E0,0E0,0E0,0E0],"parents":[2147483647,0,0,1,1,2,2,3,3],"right_children":[2,4,6,8,-1,-1,-1,-1,-1],"split_conditions":[6.0394293E-1,4.0168795E-1,9.038267E-1,1.9860093E-1,-2.4769555E-1,1.373795E0,3.8949401E0,-3.6424565E0,-1.380051E0],"split_indices":[0,0,0,0,0,0,0,0,0],"split_type":[0,0,0,0,0,0,0,0,0],"sum_hessian":[9E0,5E0,4E0,4E0,1E0,2E0,2E0,2E0,2E0],"tree_param":{"num_deleted":"0","num_feature":"2","num_nodes":"9","size_leaf_vector":"1"}},{"base_weights":[2.1881561E-1,-2.4222738E1,2.9504917E1,-2.8126041E1,-2.3531075E-1,7.9102784E-1,3.2926006E0,-3.3996263E0,-1.2880477E0],"categories":[],"categories_nodes":[],"categories_segments":[],"categories_sizes":[],"default_left":[0,0,0,0,0,0,0,0,0],"id":8,"left_children":[1,3,5,7,-1,-1,-1,-1,-1],"loss_changes":[7.8726675E3,4.4599927E2,1.0893262E2,9.586182E0,0E0,0E0,0E0,0E0,0E0],"parents":[2147483647,0,0,1,1,2,2,3,3],"right_children":[2,4,6,8,-1,-1,-1,-1,-1],"split_conditions":[6.0394293E-1,4.0168795E-1,7.029443E-1,1.9860093E-1,-2.3531075E-1,7.9102784E-1,3.2926006E0,-3.3996263E0,-1.2880477E0],"split_indices":[0,0,0,0,0,0,0,0,0],"split_type":[0,0,0,0,0,0,0,0,0],"sum_hessian":[9E0,5E0,4E0,4E0,1E0,1E0,3E0,2E0,2E0],"tree_param":{"num_deleted":"0","num_feature":"2","num_nodes":"9","size_leaf_vector":"1"}},{"base_weights":[1.129982E-1,-2.262096E1,2.737115E1,-2.6250973E1,-2.2354507E-1,1.1460876E0,3.4157703E0,-3.1729841E0,-1.2021779E0],"categories":[],"categories_nodes":[],"categories_segments":[],"categories_sizes":[],"default_left":[0,0,0,0,0,0,0,0,0],"id":9,"left_children":[1,3,5,7,-1,-1,-1,-1,-1],"loss_changes":[6.816018E3,3.8531494E2,1.4840234E2,8.350342E0,0E0,0E0,0E0,0E0,0E0],"parents":[2147483647,0,0,1,1,2,2,3,3],"right_children":[2,4,6,8,-1,-1,-1,-1,-1],"split_conditions":[6.0394293E-1,4.0168795E-1,9.038267E-1,1.9860093E-1,-2.2354507E-1,1.1460876E0,3.4157703E0,-3.1729841E0,-1.2021779E0],"split_indices":[0,0,0,0,0,0,0,0,0],"split_type":[0,0,0,0,0,0,0,0,0],"sum_hessian":[9E0,5E0,4E0,4E0,1E0,2E0,2E0,2E0,2E0],"tree_param":{"num_deleted":"0","num_feature":"2","num_nodes":"9","size_leaf_vector":"1"}},{"base_weights":[9.8013304E-2,-2.1125315E1,2.5546406E1,-2.6877532E0,-6.413923E-1,1.0696819E0,3.1880524E0],"categories":[],"categories_nodes":[],"categories_segments":[],"categories_sizes":[],"default_left":[0,0,0,0,0,0,0],"id":10,"left_children":[1,3,5,-1,-1,-1,-1],"loss_changes":[5.9406714E3,3.353484E2,1.292749E2,0E0,0E0,0E0,0E0],"parents":[2147483647,0,0,1,1,2,2],"right_children":[2,4,6,-1,-1,-1,-1],"split_conditions":[6.0394293E-1,3.0206713E-1,9.038267E-1,-2.6877532E0,-6.413923E-1,1.0696819E0,3.1880524E0],"split_indices":[0,0,0,0,0,0,0],"split_type":[0,0,0,0,0,0,0],"sum_hessian":[9E0,5E0,4E0,3E0,2E0,2E0,2E0],"tree_param":{"num_deleted":"0","num_feature":"2","num_nodes":"7","size_leaf_vector":"1"}},{"base_weights":[1.8107148E-1,-1.956764E1,2.3843311E1,-2.7822683E0,-8.484448E0,9.9836963E-1,2.9755158E0,-1.0110611E0,-1.8029824E-1],"categories":[],"categories_nodes":[],"categories_segments":[],"categories_sizes":[],"default_left":[0,0,0,0,0,0,0,0,0],"id":11,"left_children":[1,3,5,-1,7,-1,-1,-1,-1],"loss_changes":[5.1395454E3,3.1289307E2,1.1261304E2,0E0,2.5231323E1,0E0,0E0,0E0,0E0],"parents":[2147483647,0,0,1,1,2,2,4,4],"right_children":[2,4,6,-1,8,-1,-1,-1,-1],"split_conditions":[6.0394293E-1,1.9860093E-1,9.038267E-1,-2.7822683E0,4.0168795E-1,9.9836963E-1,2.9755158E0,-1.0110611E0,-1.8029824E-1],"split_indices":[0,0,0,0,0,0,0,0,0],"split_type":[0,0,0,0,0,0,0,0,0],"sum_hessian":[9E0,5E0,4E0,2E0,3E0,2E0,2E0,2E0,1E0],"tree_param":{"num_deleted":"0","num_feature":"2","num_nodes":"9","size_leaf_vector":"1"}},{"base_weights":[1.6299209E-1,-1.8273148E1,2.2253761E1,-2.5967839E0,-7.9338427E0,9.318118E-1,2.7771485E0,-9.4365686E-1,-1.7128335E-1],"categories":[],"categories_nodes":[],"categories_segments":[],"categories_sizes":[],"default_left":[0,0,0,0,0,0,0,0,0],"id":12,"left_children":[1,3,5,-1,7,-1,-1,-1,-1],"loss_changes":[4.4793315E3,2.7132166E2,9.809863E1,0E0,2.1230606E1,0E0,0E0,0E0,0E0],"parents":[2147483647,0,0,1,1,2,2,4,4],"right_children":[2,4,6,-1,8,-1,-1,-1,-1],"split_conditions":[6.0394293E-1,1.9860093E-1,9.038267E-1,-2.5967839E0,4.0168795E-1,9.318118E-1,2.7771485E0,-9.4365686E-1,-1.7128335E-1],"split_indices":[0,0,0,0,0,0,0,0,0],"split_type":[0,0,0,0,0,0,0,0,0],"sum_hessian":[9E0,5E0,4E0,2E0,3E0,2E0,2E0,2E0,1E0],"tree_param":{"num_deleted":"0","num_feature":"2","num_nodes":"9","size_leaf_vector":"1"}},{"base_weights":[1.4641723E-1,-1.7064455E1,2.077018E1,-2.423665E0,-7.419194E0,8.696912E-1,2.5920055E0,-8.8074636E-1,-1.6271935E-1],"categories":[],"categories_nodes":[],"categories_segments":[],"categories_sizes":[],"default_left":[0,0,0,0,0,0,0,0,0],"id":13,"left_children":[1,3,5,-1,7,-1,-1,-1,-1],"loss_changes":[3.903961E3,2.3524963E2,8.5454834E1,0E0,1.7831985E1,0E0,0E0,0E0,0E0],"parents":[2147483647,0,0,1,1,2,2,4,4],"right_children":[2,4,6,-1,8,-1,-1,-1,-1],"split_conditions":[6.0394293E-1,1.9860093E-1,9.038267E-1,-2.423665E0,4.0168795E-1,8.696912E-1,2.5920055E0,-8.8074636E-1,-1.6271935E-1],"split_indices":[0,0,0,0,0,0,0,0,0],"split_type":[0,0,0,0,0,0,0,0,0],"sum_hessian":[9E0,5E0,4E0,2E0,3E0,2E0,2E0,2E0,1E0],"tree_param":{"num_deleted":"0","num_feature":"2","num_nodes":"9","size_leaf_vector":"1"}},{"base_weights":[1.3123092E-1,-1.5935864E1,1.93855E1,-2.2620876E0,-6.938142E0,8.117119E-1,2.4192047E0,-8.2203E-1,-1.5458336E-1],"categories":[],"categories_nodes":[],"categories_segments":[],"categories_sizes":[],"default_left":[0,0,0,0,0,0,0,0,0],"id":14,"left_children":[1,3,5,-1,7,-1,-1,-1,-1],"loss_changes":[3.4025266E3,2.0395227E2,7.444043E1,0E0,1.4947937E1,0E0,0E0,0E0,0E0],"parents":[2147483647,0,0,1,1,2,2,4,4],"right_children":[2,4,6,-1,8,-1,-1,-1,-1],"split_conditions":[6.0394293E-1,1.9860093E-1,9.038267E-1,-2.2620876E0,4.0168795E-1,8.117119E-1,2.4192047E0,-8.2203E-1,-1.5458336E-1],"split_indices":[0,0,0,0,0,0,0,0,0],"split_type":[0,0,0,0,0,0,0,0,0],"sum_hessian":[9E0,5E0,4E0,2E0,3E0,2E0,2E0,2E0,1E0],"tree_param":{"num_deleted":"0","num_feature":"2","num_nodes":"9","size_leaf_vector":"1"}},{"base_weights":[1.1733017E-1,-1.4882061E1,1.8093134E1,-2.1112814E0,-6.4884806E0,7.5759786E-1,2.2579246E0,-7.6722807E-1,-1.4685403E-1],"categories":[],"categories_nodes":[],"categories_segments":[],"categories_sizes":[],"default_left":[0,0,0,0,0,0,0,0,0],"id":15,"left_children":[1,3,5,-1,7,-1,-1,-1,-1],"loss_changes":[2.965524E3,1.7679993E2,6.4845825E1,0E0,1.2503372E1,0E0,0E0,0E0,0E0],"parents":[2147483647,0,0,1,1,2,2,4,4],"right_children":[2,4,6,-1,8,-1,-1,-1,-1],"split_conditions":[6.0394293E-1,1.9860093E-1,9.038267E-1,-2.1112814E0,4.0168795E-1,7.5759786E-1,2.2579246E0,-7.6722807E-1,-1.4685403E-1],"split_indices":[0,0,0,0,0,0,0,0,0],"split_type":[0,0,0,0,0,0,0,0,0],"sum_hessian":[9E0,5E0,4E0,2E0,3E0,2E0,2E0,2E0,1E0],"tree_param":{"num_deleted":"0","num_feature":"2","num_nodes":"9","size_leaf_vector":"1"}},{"base_weights":[1.046135E-1,-1.3898083E1,1.6886927E1,-1.9705294E0,-6.0681543E0,7.070913E-1,2.1073966E0,-7.160796E-1,-1.395115E-1],"categories":[],"categories_nodes":[],"categories_segments":[],"categories_sizes":[],"default_left":[0,0,0,0,0,0,0,0,0],"id":16,"left_children":[1,3,5,-1,7,-1,-1,-1,-1],"loss_changes":[2.5846724E3,1.532456E2,5.6487915E1,0E0,1.0433685E1,0E0,0E0,0E0,0E0],"parents":[2147483647,0,0,1,1,2,2,4,4],"right_children":[2,4,6,-1,8,-1,-1,-1,-1],"split_conditions":[6.0394293E-1,1.9860093E-1,9.038267E-1,-1.9705294E0,4.0168795E-1,7.070913E-1,2.1073966E0,-7.160796E-1,-1.395115E-1],"split_indices":[0,0,0,0,0,0,0,0,0],"split_type":[0,0,0,0,0,0,0,0,0],"sum_hessian":[9E0,5E0,4E0,2E0,3E0,2E0,2E0,2E0,1E0],"tree_param":{"num_deleted":"0","num_feature":"2","num_nodes":"9","size_leaf_vector":"1"}},{"base_weights":[9.298935E-2,-1.2979295E1,1.5761133E1,-2.1343706E0,-7.0376716E0,3.868744E-1,1.7767044E0,-8.13441E-1,-1.3253593E-1],"categories":[],"categories_nodes":[],"categories_segments":[],"categories_sizes":[],"default_left":[0,0,0,0,0,0,0,0,0],"id":17,"left_children":[1,3,5,-1,7,-1,-1,-1,-1],"loss_changes":[2.2527527E3,1.4797906E2,5.0539185E1,0E0,2.0543533E1,0E0,0E0,0E0,0E0],"parents":[2147483647,0,0,1,1,2,2,4,4],"right_children":[2,4,6,-1,8,-1,-1,-1,-1],"split_conditions":[6.0394293E-1,1.0074842E-1,7.029443E-1,-2.1343706E0,4.0168795E-1,3.868744E-1,1.7767044E0,-8.13441E-1,-1.3253593E-1],"split_indices":[0,0,0,0,0,0,0,0,0],"split_type":[0,0,0,0,0,0,0,0,0],"sum_hessian":[9E0,5E0,4E0,1E0,4E0,1E0,3E0,3E0,1E0],"tree_param":{"num_deleted":"0","num_feature":"2","num_nodes":"9","size_leaf_vector":"1"}},{"base_weights":[-7.985687E-3,-1.21947565E1,1.4617737E1,-2.0276523E0,-6.5230994E0,5.878326E-1,1.8484567E0,-7.5243294E-1,-1.2590905E-1],"categories":[],"categories_nodes":[],"categories_segments":[],"categories_sizes":[],"default_left":[0,0,0,0,0,0,0,0,0],"id":18,"left_children":[1,3,5,-1,7,-1,-1,-1,-1],"loss_changes":[1.960663E3,1.4275629E2,6.031079E1,0E0,1.6878616E1,0E0,0E0,0E0,0E0],"parents":[2147483647,0,0,1,1,2,2,4,4],"right_children":[2,4,6,-1,8,-1,-1,-1,-1],"split_conditions":[6.0394293E-1,1.0074842E-1,9.038267E-1,-2.0276523E0,4.0168795E-1,5.878326E-1,1.8484567E0,-7.5243294E-1,-1.2590905E-1],"split_indices":[0,0,0,0,0,0,0,0,0],"split_type":[0,0,0,0,0,0,0,0,0],"sum_hessian":[9E0,5E0,4E0,1E0,4E0,2E0,2E0,3E0,1E0],"tree_param":{"num_deleted":"0","num_feature":"2","num_nodes":"9","size_leaf_vector":"1"}},{"base_weights":[-5.415535E-2,-1.1459613E1,1.3643225E1,-1.9262695E0,-6.046458E0,5.48644E-1,1.7252268E0,-6.960004E-1,-1.1961365E-1],"categories":[],"categories_nodes":[],"categories_segments":[],"categories_sizes":[],"default_left":[0,0,0,0,0,0,0,0,0],"id":19,"left_children":[1,3,5,-1,7,-1,-1,-1,-1],"loss_changes":[1.7185952E3,1.3696466E2,5.2537354E1,0E0,1.3829849E1,0E0,0E0,0E0,0E0],"parents":[2147483647,0,0,1,1,2,2,4,4],"right_children":[2,4,6,-1,8,-1,-1,-1,-1],"split_conditions":[6.0394293E-1,1.0074842E-1,9.038267E-1,-1.9262695E0,4.0168795E-1,5.48644E-1,1.7252268E0,-6.960004E-1,-1.1961365E-1],"split_indices":[0,0,0,0,0,0,0,0,0],"split_type":[0,0,0,0,0,0,0,0,0],"sum_hessian":[9E0,5E0,4E0,1E0,4E0,2E0,2E0,3E0,1E0],"tree_param":{"num_deleted":"0","num_feature":"2","num_nodes":"9","size_leaf_vector":"1"}},{"base_weights":[-9.554024E-2,-1.0770633E1,1.2733679E1,-1.829956E0,-5.6049356E0,5.120677E-1,1.6102122E0,-6.4380044E-1,-1.1363297E-1],"categories":[],"categories_nodes":[],"categories_segments":[],"categories_sizes":[],"default_left":[0,0,0,0,0,0,0,0,0],"id":20,"left_children":[1,3,5,-1,7,-1,-1,-1,-1],"loss_changes":[1.5066809E3,1.307851E2,4.5766052E1,0E0,1.1297592E1,0E0,0E0,0E0,0E0],"parents":[2147483647,0,0,1,1,2,2,4,4],"right_children":[2,4,6,-1,8,-1,-1,-1,-1],"split_conditions":[6.0394293E-1,1.0074842E-1,9.038267E-1,-1.829956E0,4.0168795E-1,5.120677E-1,1.6102122E0,-6.4380044E-1,-1.1363297E-1],"split_indices":[0,0,0,0,0,0,0,0,0],"split_type":[0,0,0,0,0,0,0,0,0],"sum_hessian":[9E0,5E0,4E0,1E0,4E0,2E0,2E0,3E0,1E0],"tree_param":{"num_deleted":"0","num_feature":"2","num_nodes":"9","size_leaf_vector":"1"}},{"base_weights":[-1.3249855E-1,-1.0124803E1,1.1884766E1,-1.7384583E0,-5.1959295E0,4.7792968E-1,1.5028646E0,-5.9551555E-1,-1.0795136E-1],"categories":[],"categories_nodes":[],"categories_segments":[],"categories_sizes":[],"default_left":[0,0,0,0,0,0,0,0,0],"id":21,"left_children":[1,3,5,-1,7,-1,-1,-1,-1],"loss_changes":[1.3211326E3,1.2436615E2,3.986731E1,0E0,9.197769E0,0E0,0E0,0E0,0E0],"parents":[2147483647,0,0,1,1,2,2,4,4],"right_children":[2,4,6,-1,8,-1,-1,-1,-1],"split_conditions":[6.0394293E-1,1.0074842E-1,9.038267E-1,-1.7384583E0,4.0168795E-1,4.7792968E-1,1.5028646E0,-5.9551555E-1,-1.0795136E-1],"split_indices":[0,0,0,0,0,0,0,0,0],"split_type":[0,0,0,0,0,0,0,0,0],"sum_hessian":[9E0,5E0,4E0,1E0,4E0,2E0,2E0,3E0,1E0],"tree_param":{"num_deleted":"0","num_feature":"2","num_nodes":"9","size_leaf_vector":"1"}},{"base_weights":[-1.6536446E-1,-9.519311E0,1.1092443E1,-1.6515354E0,-4.817031E0,4.460673E-1,1.4026734E0,-5.5085194E-1,-1.0255394E-1],"categories":[],"categories_nodes":[],"categories_segments":[],"categories_sizes":[],"default_left":[0,0,0,0,0,0,0,0,0],"id":22,"left_children":[1,3,5,-1,7,-1,-1,-1,-1],"loss_changes":[1.1586418E3,1.178291E2,3.4729004E1,0E0,7.459656E0,0E0,0E0,0E0,0E0],"parents":[2147483647,0,0,1,1,2,2,4,4],"right_children":[2,4,6,-1,8,-1,-1,-1,-1],"split_conditions":[6.0394293E-1,1.0074842E-1,9.038267E-1,-1.6515354E0,4.0168795E-1,4.460673E-1,1.4026734E0,-5.5085194E-1,-1.0255394E-1],"split_indices":[0,0,0,0,0,0,0,0,0],"split_type":[0,0,0,0,0,0,0,0,0],"sum_hessian":[9E0,5E0,4E0,1E0,4E0,2E0,2E0,3E0,1E0],"tree_param":{"num_deleted":"0","num_feature":"2","num_nodes":"9","size_leaf_vector":"1"}},{"base_weights":[-1.9444771E-1,-8.951536E0,1.0352948E1,-1.5689586E0,-4.4660087E0,4.1632995E-1,1.3091614E0,-5.09538E-1,-9.742623E-2],"categories":[],"categories_nodes":[],"categories_segments":[],"categories_sizes":[],"default_left":[0,0,0,0,0,0,0,0,0],"id":23,"left_children":[1,3,5,-1,7,-1,-1,-1,-1],"loss_changes":[1.0163195E3,1.1127243E2,3.0252625E1,0E0,6.0237885E0,0E0,0E0,0E0,0E0],"parents":[2147483647,0,0,1,1,2,2,4,4],"right_children":[2,4,6,-1,8,-1,-1,-1,-1],"split_conditions":[6.0394293E-1,1.0074842E-1,9.038267E-1,-1.5689586E0,4.0168795E-1,4.1632995E-1,1.3091614E0,-5.09538E-1,-9.742623E-2],"split_indices":[0,0,0,0,0,0,0,0,0],"split_type":[0,0,0,0,0,0,0,0,0],"sum_hessian":[9E0,5E0,4E0,1E0,4E0,2E0,2E0,3E0,1E0],"tree_param":{"num_deleted":"0","num_feature":"2","num_nodes":"9","size_leaf_vector":"1"}},{"base_weights":[-2.20047E-1,-8.419037E0,9.66275E0,-1.4905108E0,-4.1408014E0,3.885742E-1,1.2218841E0,-4.7132275E-1,-9.255486E-2],"categories":[],"categories_nodes":[],"categories_segments":[],"categories_sizes":[],"default_left":[0,0,0,0,0,0,0,0,0],"id":24,"left_children":[1,3,5,-1,7,-1,-1,-1,-1],"loss_changes":[8.9164056E2,1.0477457E2,2.6353546E1,0E0,4.840149E0,0E0,0E0,0E0,0E0],"parents":[2147483647,0,0,1,1,2,2,4,4],"right_children":[2,4,6,-1,8,-1,-1,-1,-1],"split_conditions":[6.0394293E-1,1.0074842E-1,9.038267E-1,-1.4905108E0,4.0168795E-1,3.885742E-1,1.2218841E0,-4.7132275E-1,-9.255486E-2],"split_indices":[0,0,0,0,0,0,0,0,0],"split_type":[0,0,0,0,0,0,0,0,0],"sum_hessian":[9E0,5E0,4E0,1E0,4E0,2E0,2E0,3E0,1E0],"tree_param":{"num_deleted":"0","num_feature":"2","num_nodes":"9","size_leaf_vector":"1"}},{"base_weights":[-2.4243602E-1,-7.9195323E0,9.018567E0,-1.4159852E0,-3.839498E0,1.9865799E-1,1.0279919E0,-4.3597364E-1,-8.7927245E-2],"categories":[],"categories_nodes":[],"categories_segments":[],"categories_sizes":[],"default_left":[0,0,0,0,0,0,0,0,0],"id":25,"left_children":[1,3,5,-1,7,-1,-1,-1,-1],"loss_changes":[7.823989E2,9.839758E1,2.3927155E1,0E0,3.866722E0,0E0,0E0,0E0,0E0],"parents":[2147483647,0,0,1,1,2,2,4,4],"right_children":[2,4,6,-1,8,-1,-1,-1,-1],"split_conditions":[6.0394293E-1,1.0074842E-1,7.029443E-1,-1.4159852E0,4.0168795E-1,1.9865799E-1,1.0279919E0,-4.3597364E-1,-8.7927245E-2],"split_indices":[0,0,0,0,0,0,0,0,0],"split_type":[0,0,0,0,0,0,0,0,0],"sum_hessian":[9E0,5E0,4E0,1E0,4E0,1E0,3E0,3E0,1E0],"tree_param":{"num_deleted":"0","num_feature":"2","num_nodes":"9","size_leaf_vector":"1"}},{"base_weights":[-2.895132E-1,-7.450893E0,8.362045E0,-1.345186E0,-3.560328E0,3.217809E-1,1.0718933E0,-4.0327558E-1,-8.3530806E-2],"categories":[],"categories_nodes":[],"categories_segments":[],"categories_sizes":[],"default_left":[0,0,0,0,0,0,0,0,0],"id":26,"left_children":[1,3,5,-1,7,-1,-1,-1,-1],"loss_changes":[6.818757E2,9.218988E1,2.6130432E1,0E0,3.068283E0,0E0,0E0,0E0,0E0],"parents":[2147483647,0,0,1,1,2,2,4,4],"right_children":[2,4,6,-1,8,-1,-1,-1,-1],"split_conditions":[6.0394293E-1,1.0074842E-1,9.038267E-1,-1.345186E0,4.0168795E-1,3.217809E-1,1.0718933E0,-4.0327558E-1,-8.3530806E-2],"split_indices":[0,0,0,0,0,0,0,0,0],"split_type":[0,0,0,0,0,0,0,0,0],"sum_hessian":[9E0,5E0,4E0,1E0,4E0,2E0,2E0,3E0,1E0],"tree_param":{"num_deleted":"0","num_feature":"2","num_nodes":"9","size_leaf_vector":"1"}},{"base_weights":[-3.0439416E-1,-7.0111356E0,7.8045745E0,-1.2779267E0,-3.3016562E0,4.004093E-1,1.1503251E0,-3.7303E-1,-7.93541E-2],"categories":[],"categories_nodes":[],"categories_segments":[],"categories_sizes":[],"default_left":[0,0,0,0,0,0,0,0,0],"id":27,"left_children":[1,3,5,-1,7,-1,-1,-1,-1],"loss_changes":[5.9856647E2,8.6187836E1,2.4223633E1,0E0,2.415287E0,0E0,0E0,0E0,0E0],"parents":[2147483647,0,0,1,1,2,2,4,4],"right_children":[2,4,6,-1,8,-1,-1,-1,-1],"split_conditions":[6.0394293E-1,1.0074842E-1,1E0,-1.2779267E0,4.0168795E-1,4.004093E-1,1.1503251E0,-3.7303E-1,-7.93541E-2],"split_indices":[0,0,0,0,0,0,0,0,0],"split_type":[0,0,0,0,0,0,0,0,0],"sum_hessian":[9E0,5E0,4E0,1E0,4E0,3E0,1E0,3E0,1E0],"tree_param":{"num_deleted":"0","num_feature":"2","num_nodes":"9","size_leaf_vector":"1"}},{"base_weights":[-2.919113E-1,-6.5984063E0,7.334265E0,-1.2140303E0,-3.0619667E0,3.7037888E-1,1.0928086E0,-3.4505263E-1,-7.538643E-2],"categories":[],"categories_nodes":[],"categories_segments":[],"categories_sizes":[],"default_left":[0,0,0,0,0,0,0,0,0],"id":28,"left_children":[1,3,5,-1,7,-1,-1,-1,-1],"loss_changes":[5.293389E2,8.0418304E1,2.4761078E1,0E0,1.8829498E0,0E0,0E0,0E0,0E0],"parents":[2147483647,0,0,1,1,2,2,4,4],"right_children":[2,4,6,-1,8,-1,-1,-1,-1],"split_conditions":[6.0394293E-1,1.0074842E-1,1E0,-1.2140303E0,4.0168795E-1,3.7037888E-1,1.0928086E0,-3.4505263E-1,-7.538643E-2],"split_indices":[0,0,0,0,0,0,0,0,0],"split_type":[0,0,0,0,0,0,0,0,0],"sum_hessian":[9E0,5E0,4E0,1E0,4E0,3E0,1E0,3E0,1E0],"tree_param":{"num_deleted":"0","num_feature":"2","num_nodes":"9","size_leaf_vector":"1"}},{"base_weights":[-2.7984732E-1,-6.2109776E0,6.8934784E0,-1.1533288E0,-2.8398583E0,3.4260064E-1,1.0381683E0,-3.1917372E-1,-7.161713E-2],"categories":[],"categories_nodes":[],"categories_segments":[],"categories_sizes":[],"default_left":[0,0,0,0,0,0,0,0,0],"id":29,"left_children":[1,3,5,-1,7,-1,-1,-1,-1],"loss_changes":[4.6827454E2,7.489993E1,2.490857E1,0E0,1.450573E0,0E0,0E0,0E0,0E0],"parents":[2147483647,0,0,1,1,2,2,4,4],"right_children":[2,4,6,-1,8,-1,-1,-1,-1],"split_conditions":[6.0394293E-1,1.0074842E-1,1E0,-1.1533288E0,4.0168795E-1,3.4260064E-1,1.0381683E0,-3.1917372E-1,-7.161713E-2],"split_indices":[0,0,0,0,0,0,0,0,0],"split_type":[0,0,0,0,0,0,0,0,0],"sum_hessian":[9E0,5E0,4E0,1E0,4E0,3E0,1E0,3E0,1E0],"tree_param":{"num_deleted":"0","num_feature":"2","num_nodes":"9","size_leaf_vector":"1"}},{"base_weights":[-2.681988E-1,-5.8472333E0,6.480283E0,-1.0956624E0,-2.6340308E0,3.1690523E-1,9.8626024E-1,-2.9523572E-1,-6.803627E-2],"categories":[],"categories_nodes":[],"categories_segments":[],"categories_sizes":[],"default_left":[0,0,0,0,0,0,0,0,0],"id":30,"left_children":[1,3,5,-1,7,-1,-1,-1,-1],"loss_changes":[4.1439185E2,6.964494E1,2.4743103E1,0E0,1.1008453E0,0E0,0E0,0E0,0E0],"parents":[2147483647,0,0,1,1,2,2,4,4],"right_children":[2,4,6,-1,8,-1,-1,-1,-1],"split_conditions":[6.0394293E-1,1.0074842E-1,1E0,-1.0956624E0,4.0168795E-1,3.1690523E-1,9.8626024E-1,-2.9523572E-1,-6.803627E-2],"split_indices":[0,0,0,0,0,0,0,0,0],"split_type":[0,0,0,0,0,0,0,0,0],"sum_hessian":[9E0,5E0,4E0,1E0,4E0,3E0,1E0,3E0,1E0],"tree_param":{"num_deleted":"0","num_feature":"2","num_nodes":"9","size_leaf_vector":"1"}},{"base_weights":[-2.5695783E-1,-5.505666E0,6.092883E0,-1.0408791E0,-2.4432824E0,2.9313698E-1,9.3694687E-1,-2.7309313E-1,-6.463432E-2],"categories":[],"categories_nodes":[],"categories_segments":[],"categories_sizes":[],"default_left":[0,0,0,0,0,0,0,0,0],"id":31,"left_children":[1,3,5,-1,7,-1,-1,-1,-1],"loss_changes":[3.6683E2,6.46599E1,2.4329468E1,0E0,8.193226E-1,0E0,0E0,0E0,0E0],"parents":[2147483647,0,0,1,1,2,2,4,4],"right_children":[2,4,6,-1,8,-1,-1,-1,-1],"split_conditions":[6.0394293E-1,1.0074842E-1,1E0,-1.0408791E0,4.0168795E-1,2.9313698E-1,9.3694687E-1,-2.7309313E-1,-6.463432E-2],"split_indices":[0,0,0,0,0,0,0,0,0],"split_type":[0,0,0,0,0,0,0,0,0],"sum_hessian":[9E0,5E0,4E0,1E0,4E0,3E0,1E0,3E0,1E0],"tree_param":{"num_deleted":"0","num_feature":"2","num_nodes":"9","size_leaf_vector":"1"}},{"base_weights":[-2.4611416E-1,-5.1848664E0,5.7296114E0,-9.888353E-1,-2.2664986E0,1.8543345E-1,7.6950175E-1,-2.5261107E-1,-6.140251E-2],"categories":[],"categories_nodes":[],"categories_segments":[],"categories_sizes":[],"default_left":[0,0,0,0,0,0,0,0,0],"id":32,"left_children":[1,3,5,-1,7,-1,-1,-1,-1],"loss_changes":[3.2483356E2,5.9947067E1,2.381334E1,0E0,5.9391403E-1,0E0,0E0,0E0,0E0],"parents":[2147483647,0,0,1,1,2,2,4,4],"right_children":[2,4,6,-1,8,-1,-1,-1,-1],"split_conditions":[6.0394293E-1,1.0074842E-1,9.038267E-1,-9.888353E-1,4.0168795E-1,1.8543345E-1,7.6950175E-1,-2.5261107E-1,-6.140251E-2],"split_indices":[0,0,0,0,0,0,0,0,0],"split_type":[0,0,0,0,0,0,0,0,0],"sum_hessian":[9E0,5E0,4E0,1E0,4E0,2E0,2E0,3E0,1E0],"tree_param":{"num_deleted":"0","num_feature":"2","num_nodes":"9","size_leaf_vector":"1"}},{"base_weights":[-2.5629598E-1,-4.8835225E0,5.347635E0,-9.393935E-1,-2.1026528E0,2.4264221E-1,8.516243E-1,-2.621581E-1,-8.8284045E-2],"categories":[],"categories_nodes":[],"categories_segments":[],"categories_sizes":[],"default_left":[0,0,0,0,0,0,0,0,0],"id":33,"left_children":[1,3,5,-1,7,-1,-1,-1,-1],"loss_changes":[2.8542184E2,5.5505035E1,2.5616898E1,0E0,8.5053635E-1,0E0,0E0,0E0,0E0],"parents":[2147483647,0,0,1,1,2,2,4,4],"right_children":[2,4,6,-1,8,-1,-1,-1,-1],"split_conditions":[6.0394293E-1,1.0074842E-1,1E0,-9.393935E-1,3.0206713E-1,2.4264221E-1,8.516243E-1,-2.621581E-1,-8.8284045E-2],"split_indices":[0,0,0,0,0,0,0,0,0],"split_type":[0,0,0,0,0,0,0,0,0],"sum_hessian":[9E0,5E0,4E0,1E0,4E0,3E0,1E0,2E0,2E0],"tree_param":{"num_deleted":"0","num_feature":"2","num_nodes":"9","size_leaf_vector":"1"}},{"base_weights":[-2.5022355E-1,-4.6101418E0,5.031723E0,-8.924238E-1,-1.9624748E0,2.2444382E0,8.090431E-1,-2.4468091E-1,-8.239823E-2,6.506043E-2,2.5588483E-1],"categories":[],"categories_nodes":[],"categories_segments":[],"categories_sizes":[],"default_left":[0,0,0,0,0,0,0,0,0,0,0],"id":34,"left_children":[1,3,5,-1,7,9,-1,-1,-1,-1,-1],"loss_changes":[2.5348552E2,5.102014E1,2.4468979E1,0E0,7.4092865E-1,3.3967018E-1,0E0,0E0,0E0,0E0,0E0],"parents":[2147483647,0,0,1,1,2,2,4,4,5,5],"right_children":[2,4,6,-1,8,10,-1,-1,-1,-1,-1],"split_conditions":[6.0394293E-1,1.0074842E-1,1E0,-8.924238E-1,3.0206713E-1,7.029443E-1,8.090431E-1,-2.4468091E-1,-8.239823E-2,6.506043E-2,2.5588483E-1],"split_indices":[0,0,0,0,0,0,0,0,0,0,0],"split_type":[0,0,0,0,0,0,0,0,0,0,0],"sum_hessian":[9E0,5E0,4E0,1E0,4E0,3E0,1E0,2E0,2E0,1E0,2E0],"tree_param":{"num_deleted":"0","num_feature":"2","num_nodes":"11","size_leaf_vector":"1"}},{"base_weights":[-2.3415318E-1,-4.352378E0,4.754547E0,-8.4780264E-1,-1.8316429E0,2.1002274E0,7.6859134E-1,-2.2836876E-1,-7.6905064E-2,6.1807252E-2,2.3882549E-1],"categories":[],"categories_nodes":[],"categories_segments":[],"categories_sizes":[],"default_left":[0,0,0,0,0,0,0,0,0,0,0],"id":35,"left_children":[1,3,5,-1,7,9,-1,-1,-1,-1,-1],"loss_changes":[2.2613947E2,4.6869286E1,2.2761757E1,0E0,6.454258E-1,2.3149109E-1,0E0,0E0,0E0,0E0,0E0],"parents":[2147483647,0,0,1,1,2,2,4,4,5,5],"right_children":[2,4,6,-1,8,10,-1,-1,-1,-1,-1],"split_conditions":[6.0394293E-1,1.0074842E-1,1E0,-8.4780264E-1,3.0206713E-1,7.029443E-1,7.6859134E-1,-2.2836876E-1,-7.6905064E-2,6.1807252E-2,2.3882549E-1],"split_indices":[0,0,0,0,0,0,0,0,0,0,0],"split_type":[0,0,0,0,0,0,0,0,0,0,0],"sum_hessian":[9E0,5E0,4E0,1E0,4E0,3E0,1E0,2E0,2E0,1E0,2E0],"tree_param":{"num_deleted":"0","num_feature":"2","num_nodes":"11","size_leaf_vector":"1"}},{"base_weights":[-2.1912423E-1,-4.1093197E0,4.492935E0,-8.054125E-1,-1.7095337E0,1.9653587E0,7.301621E-1,-2.1314418E-1,-7.177811E-2,5.8716584E-2,2.2290345E-1],"categories":[],"categories_nodes":[],"categories_segments":[],"categories_sizes":[],"default_left":[0,0,0,0,0,0,0,0,0,0,0],"id":36,"left_children":[1,3,5,-1,7,9,-1,-1,-1,-1,-1],"loss_changes":[2.0177122E2,4.3031334E1,2.1145538E1,0E0,5.62233E-1,1.4477158E-1,0E0,0E0,0E0,0E0,0E0],"parents":[2147483647,0,0,1,1,2,2,4,4,5,5],"right_children":[2,4,6,-1,8,10,-1,-1,-1,-1,-1],"split_conditions":[6.0394293E-1,1.0074842E-1,1E0,-8.054125E-1,3.0206713E-1,7.029443E-1,7.301621E-1,-2.1314418E-1,-7.177811E-2,5.8716584E-2,2.2290345E-1],"split_indices":[0,0,0,0,0,0,0,0,0,0,0],"split_type":[0,0,0,0,0,0,0,0,0,0,0],"sum_hessian":[9E0,5E0,4E0,1E0,4E0,3E0,1E0,2E0,2E0,1E0,2E0],"tree_param":{"num_deleted":"0","num_feature":"2","num_nodes":"11","size_leaf_vector":"1"}},{"base_weights":[-2.0506707E-1,-3.880111E0,4.2459993E0,-7.651419E-1,-1.5955658E0,1.8392296E0,6.936539E-1,-1.9893469E-1,-6.699295E-2,5.5780794E-2,2.0804341E-1],"categories":[],"categories_nodes":[],"categories_segments":[],"categories_sizes":[],"default_left":[0,0,0,0,0,0,0,0,0,0,0],"id":37,"left_children":[1,3,5,-1,7,9,-1,-1,-1,-1,-1],"loss_changes":[1.8005359E2,3.9485992E1,1.961966E1,0E0,4.8976803E-1,7.585621E-2,0E0,0E0,0E0,0E0,0E0],"parents":[2147483647,0,0,1,1,2,2,4,4,5,5],"right_children":[2,4,6,-1,8,10,-1,-1,-1,-1,-1],"split_conditions":[6.0394293E-1,1.0074842E-1,1E0,-7.651419E-1,3.0206713E-1,7.029443E-1,6.936539E-1,-1.9893469E-1,-6.699295E-2,5.5780794E-2,2.0804341E-1],"split_indices":[0,0,0,0,0,0,0,0,0,0,0],"split_type":[0,0,0,0,0,0,0,0,0,0,0],"sum_hessian":[9E0,5E0,4E0,1E0,4E0,3E0,1E0,2E0,2E0,1E0,2E0],"tree_param":{"num_deleted":"0","num_feature":"2","num_nodes":"11","size_leaf_vector":"1"}},{"base_weights":[-1.9191809E-1,-3.663944E0,4.0128965E0,-7.268848E-1,-1.4891937E0,1.7212639E0,6.589714E-1,-1.8567225E-1,-6.25267E-2,5.2991487E-2,1.941742E-1],"categories":[],"categories_nodes":[],"categories_segments":[],"categories_sizes":[],"default_left":[0,0,0,0,0,0,0,0,0,0,0],"id":38,"left_children":[1,3,5,-1,7,9,-1,-1,-1,-1,-1],"loss_changes":[1.6069528E2,3.6213875E1,1.818296E1,0E0,4.2664242E-1,2.1706581E-2,0E0,0E0,0E0,0E0,0E0],"parents":[2147483647,0,0,1,1,2,2,4,4,5,5],"right_children":[2,4,6,-1,8,10,-1,-1,-1,-1,-1],"split_conditions":[6.0394293E-1,1.0074842E-1,1E0,-7.268848E-1,3.0206713E-1,7.029443E-1,6.589714E-1,-1.8567225E-1,-6.25267E-2,5.2991487E-2,1.941742E-1],"split_indices":[0,0,0,0,0,0,0,0,0,0,0],"split_type":[0,0,0,0,0,0,0,0,0,0,0],"sum_hessian":[9E0,5E0,4E0,1E0,4E0,3E0,1E0,2E0,2E0,1E0,2E0],"tree_param":{"num_deleted":"0","num_feature":"2","num_nodes":"11","size_leaf_vector":"1"}},{"base_weights":[-1.7961931E-1,-3.4600635E0,3.7928376E0,-6.9054055E-1,-1.3899139E0,1.6109315E-1,6.260231E-1,-1.7329407E-1,-5.835826E-2],"categories":[],"categories_nodes":[],"categories_segments":[],"categories_sizes":[],"default_left":[0,0,0,0,0,0,0,0,0],"id":39,"left_children":[1,3,5,-1,7,-1,-1,-1,-1],"loss_changes":[1.4343768E2,3.3196312E1,1.6833298E1,0E0,3.7165165E-1,0E0,0E0,0E0,0E0],"parents":[2147483647,0,0,1,1,2,2,4,4],"right_children":[2,4,6,-1,8,-1,-1,-1,-1],"split_conditions":[6.0394293E-1,1.0074842E-1,1E0,-6.9054055E-1,3.0206713E-1,1.6109315E-1,6.260231E-1,-1.7329407E-1,-5.835826E-2],"split_indices":[0,0,0,0,0,0,0,0,0],"split_type":[0,0,0,0,0,0,0,0,0],"sum_hessian":[9E0,5E0,4E0,1E0,4E0,3E0,1E0,2E0,2E0],"tree_param":{"num_deleted":"0","num_feature":"2","num_nodes":"9","size_leaf_vector":"1"}},{"base_weights":[-1.7516336E-1,-3.2677562E0,3.5709808E0,-6.5601355E-1,-1.2972534E0,1.4901161E0,5.94722E-1,-1.6174112E-1,-5.4467775E-2,4.2287447E-2,1.7049052E-1],"categories":[],"categories_nodes":[],"categories_segments":[],"categories_sizes":[],"default_left":[0,0,0,0,0,0,0,0,0,0,0],"id":40,"left_children":[1,3,5,-1,7,9,-1,-1,-1,-1,-1],"loss_changes":[1.2752209E2,3.0415695E1,1.5861107E1,0E0,3.237486E-1,1.9596672E-1,0E0,0E0,0E0,0E0,0E0],"parents":[2147483647,0,0,1,1,2,2,4,4,5,5],"right_children":[2,4,6,-1,8,10,-1,-1,-1,-1,-1],"split_conditions":[6.0394293E-1,1.0074842E-1,1E0,-6.5601355E-1,3.0206713E-1,7.029443E-1,5.94722E-1,-1.6174112E-1,-5.4467775E-2,4.2287447E-2,1.7049052E-1],"split_indices":[0,0,0,0,0,0,0,0,0,0,0],"split_type":[0,0,0,0,0,0,0,0,0,0,0],"sum_hessian":[9E0,5E0,4E0,1E0,4E0,3E0,1E0,2E0,2E0,1E0,2E0],"tree_param":{"num_deleted":"0","num_feature":"2","num_nodes":"11","size_leaf_vector":"1"}},{"base_weights":[-1.6411905E-1,-3.086352E0,3.3753846E0,-6.232129E-1,-1.2107712E0,1.3943024E0,5.649857E-1,-1.5095851E-1,-5.083669E-2,4.017334E-2,1.5912476E-1],"categories":[],"categories_nodes":[],"categories_segments":[],"categories_sizes":[],"default_left":[0,0,0,0,0,0,0,0,0,0,0],"id":41,"left_children":[1,3,5,-1,7,9,-1,-1,-1,-1,-1],"loss_changes":[1.13850174E2,2.7855274E1,1.465197E1,0E0,2.8201866E-1,1.4267015E-1,0E0,0E0,0E0,0E0,0E0],"parents":[2147483647,0,0,1,1,2,2,4,4,5,5],"right_children":[2,4,6,-1,8,10,-1,-1,-1,-1,-1],"split_conditions":[6.0394293E-1,1.0074842E-1,1E0,-6.232129E-1,3.0206713E-1,7.029443E-1,5.649857E-1,-1.5095851E-1,-5.083669E-2,4.017334E-2,1.5912476E-1],"split_indices":[0,0,0,0,0,0,0,0,0,0,0],"split_type":[0,0,0,0,0,0,0,0,0,0,0],"sum_hessian":[9E0,5E0,4E0,1E0,4E0,3E0,1E0,2E0,2E0,1E0,2E0],"tree_param":{"num_deleted":"0","num_feature":"2","num_nodes":"11","size_leaf_vector":"1"}},{"base_weights":[-1.5377912E-1,-2.9152188E0,3.1907043E0,-5.920522E-1,-1.1300538E0,1.304699E0,5.367363E-1,-1.2740421E-1,-2.7705003E-2,3.8164522E-2,1.4851685E-1],"categories":[],"categories_nodes":[],"categories_segments":[],"categories_sizes":[],"default_left":[0,0,0,0,0,0,0,0,0,0,0],"id":42,"left_children":[1,3,5,-1,7,9,-1,-1,-1,-1,-1],"loss_changes":[1.016575E2,2.5499264E1,1.3523159E1,0E0,2.6113987E-1,9.95245E-2,0E0,0E0,0E0,0E0,0E0],"parents":[2147483647,0,0,1,1,2,2,4,4,5,5],"right_children":[2,4,6,-1,8,10,-1,-1,-1,-1,-1],"split_conditions":[6.0394293E-1,1.0074842E-1,1E0,-5.920522E-1,4.0168795E-1,7.029443E-1,5.367363E-1,-1.2740421E-1,-2.7705003E-2,3.8164522E-2,1.4851685E-1],"split_indices":[0,0,0,0,0,0,0,0,0,0,0],"split_type":[0,0,0,0,0,0,0,0,0,0,0],"sum_hessian":[9E0,5E0,4E0,1E0,4E0,3E0,1E0,3E0,1E0,1E0,2E0],"tree_param":{"num_deleted":"0","num_feature":"2","num_nodes":"11","size_leaf_vector":"1"}},{"base_weights":[-1.4077596E-1,-2.7482247E0,3.0163178E0,-5.6244963E-1,-1.0480713E0,1.2209015E0,5.0989914E-1,-1.3240103E-1,-4.2277526E-2,3.625641E-2,1.3861594E-1],"categories":[],"categories_nodes":[],"categories_segments":[],"categories_sizes":[],"default_left":[0,0,0,0,0,0,0,0,0,0,0],"id":43,"left_children":[1,3,5,-1,7,9,-1,-1,-1,-1,-1],"loss_changes":[9.0609116E1,2.344574E1,1.2470966E1,0E0,3.029585E-1,6.4816475E-2,0E0,0E0,0E0,0E0,0E0],"parents":[2147483647,0,0,1,1,2,2,4,4,5,5],"right_children":[2,4,6,-1,8,10,-1,-1,-1,-1,-1],"split_conditions":[6.0394293E-1,1.0074842E-1,1E0,-5.6244963E-1,3.0206713E-1,7.029443E-1,5.0989914E-1,-1.3240103E-1,-4.2277526E-2,3.625641E-2,1.3861594E-1],"split_indices":[0,0,0,0,0,0,0,0,0,0,0],"split_type":[0,0,0,0,0,0,0,0,0,0,0],"sum_hessian":[9E0,5E0,4E0,1E0,4E0,3E0,1E0,2E0,2E0,1E0,2E0],"tree_param":{"num_deleted":"0","num_feature":"2","num_nodes":"11","size_leaf_vector":"1"}},{"base_weights":[-1.3193397E-1,-2.5962582E0,2.851642E0,-5.3432715E-1,-9.7820127E-1,1.1425323E0,4.84404E-1,-1.2357432E-1,-3.945923E-2,3.4443665E-2,1.293752E-1],"categories":[],"categories_nodes":[],"categories_segments":[],"categories_sizes":[],"default_left":[0,0,0,0,0,0,0,0,0,0,0],"id":44,"left_children":[1,3,5,-1,7,9,-1,-1,-1,-1,-1],"loss_changes":[8.092858E1,2.1442146E1,1.1491661E1,0E0,2.6390457E-1,3.7135124E-2,0E0,0E0,0E0,0E0,0E0],"parents":[2147483647,0,0,1,1,2,2,4,4,5,5],"right_children":[2,4,6,-1,8,10,-1,-1,-1,-1,-1],"split_conditions":[6.0394293E-1,1.0074842E-1,1E0,-5.3432715E-1,3.0206713E-1,7.029443E-1,4.84404E-1,-1.2357432E-1,-3.945923E-2,3.4443665E-2,1.293752E-1],"split_indices":[0,0,0,0,0,0,0,0,0,0,0],"split_type":[0,0,0,0,0,0,0,0,0,0,0],"sum_hessian":[9E0,5E0,4E0,1E0,4E0,3E0,1E0,2E0,2E0,1E0,2E0],"tree_param":{"num_deleted":"0","num_feature":"2","num_nodes":"11","size_leaf_vector":"1"}},{"base_weights":[-1.23655036E-1,-2.4528594E0,2.6961212E0,-5.0761074E-1,-9.129883E-1,1.069233E0,4.601837E-1,-1.153361E-1,-3.6828615E-2,3.272171E-2,1.2074991E-1],"categories":[],"categories_nodes":[],"categories_segments":[],"categories_sizes":[],"default_left":[0,0,0,0,0,0,0,0,0,0,0],"id":45,"left_children":[1,3,5,-1,7,9,-1,-1,-1,-1,-1],"loss_changes":[7.229156E1,1.9602352E1,1.0581497E1,0E0,2.2989082E-1,1.5268803E-2,0E0,0E0,0E0,0E0,0E0],"parents":[2147483647,0,0,1,1,2,2,4,4,5,5],"right_children":[2,4,6,-1,8,10,-1,-1,-1,-1,-1],"split_conditions":[6.0394293E-1,1.0074842E-1,1E0,-5.0761074E-1,3.0206713E-1,7.029443E-1,4.601837E-1,-1.153361E-1,-3.6828615E-2,3.272171E-2,1.2074991E-1],"split_indices":[0,0,0,0,0,0,0,0,0,0,0],"split_type":[0,0,0,0,0,0,0,0,0,0,0],"sum_hessian":[9E0,5E0,4E0,1E0,4E0,3E0,1E0,2E0,2E0,1E0,2E0],"tree_param":{"num_deleted":"0","num_feature":"2","num_nodes":"11","size_leaf_vector":"1"}},{"base_weights":[-1.1590014E-1,-2.317536E0,2.5492432E0,-4.8223025E-1,-8.521225E-1,1.00068286E-1,4.3717423E-1,-1.0764694E-1,-3.4373473E-2],"categories":[],"categories_nodes":[],"categories_segments":[],"categories_sizes":[],"default_left":[0,0,0,0,0,0,0,0,0],"id":46,"left_children":[1,3,5,-1,7,-1,-1,-1,-1],"loss_changes":[6.458472E1,1.7913918E1,9.7365265E0,0E0,2.0025635E-1,0E0,0E0,0E0,0E0],"parents":[2147483647,0,0,1,1,2,2,4,4],"right_children":[2,4,6,-1,8,-1,-1,-1,-1],"split_conditions":[6.0394293E-1,1.0074842E-1,1E0,-4.8223025E-1,3.0206713E-1,1.00068286E-1,4.3717423E-1,-1.0764694E-1,-3.4373473E-2],"split_indices":[0,0,0,0,0,0,0,0,0],"split_type":[0,0,0,0,0,0,0,0,0],"sum_hessian":[9E0,5E0,4E0,1E0,4E0,3E0,1E0,2E0,2E0],"tree_param":{"num_deleted":"0","num_feature":"2","num_nodes":"9","size_leaf_vector":"1"}},{"base_weights":[-1.1301174E-1,-2.1898253E0,2.401767E0,-4.5811874E-1,-7.9531556E-1,9.256325E-1,4.1531524E-1,-1.1658783E-1,-4.112053E-2,2.608261E-2,1.06029265E-1],"categories":[],"categories_nodes":[],"categories_segments":[],"categories_sizes":[],"default_left":[0,0,0,0,0,0,0,0,0,0,0],"id":47,"left_children":[1,3,5,-1,7,9,-1,-1,-1,-1,-1],"loss_changes":[5.7486717E1,1.6365177E1,9.082111E0,0E0,2.3226953E-1,8.153939E-2,0E0,0E0,0E0,0E0,0E0],"parents":[2147483647,0,0,1,1,2,2,4,4,5,5],"right_children":[2,4,6,-1,8,10,-1,-1,-1,-1,-1],"split_conditions":[6.0394293E-1,1.0074842E-1,1E0,-4.5811874E-1,1.9860093E-1,7.029443E-1,4.1531524E-1,-1.1658783E-1,-4.112053E-2,2.608261E-2,1.06029265E-1],"split_indices":[0,0,0,0,0,0,0,0,0,0,0],"split_type":[0,0,0,0,0,0,0,0,0,0,0],"sum_hessian":[9E0,5E0,4E0,1E0,4E0,3E0,1E0,1E0,3E0,1E0,2E0],"tree_param":{"num_deleted":"0","num_feature":"2","num_nodes":"11","size_leaf_vector":"1"}},{"base_weights":[-1.0855045E-1,-3.639808E0,1.22924E0,-4.3521282E-1,-1.107584E-1,4.3125153E-3,3.2693481E0,-3.8036443E-2,5.1577758E-2,9.5852666E-2,3.9454958E-1],"categories":[],"categories_nodes":[],"categories_segments":[],"categories_sizes":[],"default_left":[0,0,0,0,0,0,0,0,0,0,0],"id":48,"left_children":[1,3,5,-1,-1,7,9,-1,-1,-1,-1],"loss_changes":[5.171502E1,5.909157E-1,1.997778E1,0E0,0E0,1.3766763E0,9.055023E-1,0E0,0E0,0E0,0E0],"parents":[2147483647,0,0,1,1,2,2,5,5,6,6],"right_children":[2,4,6,-1,-1,8,10,-1,-1,-1,-1],"split_conditions":[1.9860093E-1,1.0074842E-1,9.038267E-1,-4.3521282E-1,-1.107584E-1,6.0394293E-1,1E0,-3.8036443E-2,5.1577758E-2,9.5852666E-2,3.9454958E-1],"split_indices":[0,0,0,0,0,0,0,0,0,0,0],"split_type":[0,0,0,0,0,0,0,0,0,0,0],"sum_hessian":[9E0,2E0,7E0,1E0,1E0,5E0,2E0,3E0,2E0,1E0,1E0],"tree_param":{"num_deleted":"0","num_feature":"2","num_nodes":"11","size_leaf_vector":"1"}},{"base_weights":[-1.01896666E-1,-3.457817E0,1.1693106E0,-4.1345215E-1,-1.05220415E-1,6.140391E-3,3.1058807E0,-3.5183527E-2,4.8139445E-2,9.105988E-2,3.7482223E-1],"categories":[],"categories_nodes":[],"categories_segments":[],"categories_sizes":[],"default_left":[0,0,0,0,0,0,0,0,0,0,0],"id":49,"left_children":[1,3,5,-1,-1,7,9,-1,-1,-1,-1],"loss_changes":[4.6703964E1,5.3330994E-1,1.8001415E1,0E0,0E0,1.1901478E0,8.1723595E-1,0E0,0E0,0E0,0E0],"parents":[2147483647,0,0,1,1,2,2,5,5,6,6],"right_children":[2,4,6,-1,-1,8,10,-1,-1,-1,-1],"split_conditions":[1.9860093E-1,1.0074842E-1,9.038267E-1,-4.1345215E-1,-1.05220415E-1,6.0394293E-1,1E0,-3.5183527E-2,4.8139445E-2,9.105988E-2,3.7482223E-1],"split_indices":[0,0,0,0,0,0,0,0,0,0,0],"split_type":[0,0,0,0,0,0,0,0,0,0,0],"sum_hessian":[9E0,2E0,7E0,1E0,1E0,5E0,2E0,3E0,2E0,1E0,1E0],"tree_param":{"num_deleted":"0","num_feature":"2","num_nodes":"11","size_leaf_vector":"1"}},{"base_weights":[-9.569015E-2,-3.2849262E0,1.1122346E0,-3.9277956E-1,-9.995937E-2,7.6859794E-3,2.950587E0,-3.2544613E-2,4.4930015E-2,8.650666E-2,3.560814E-1],"categories":[],"categories_nodes":[],"categories_segments":[],"categories_sizes":[],"default_left":[0,0,0,0,0,0,0,0,0,0,0],"id":50,"left_children":[1,3,5,-1,-1,7,9,-1,-1,-1,-1],"loss_changes":[4.217718E1,4.813118E-1,1.6221718E1,0E0,0E0,1.0289181E0,7.3758125E-1,0E0,0E0,0E0,0E0],"parents":[2147483647,0,0,1,1,2,2,5,5,6,6],"right_children":[2,4,6,-1,-1,8,10,-1,-1,-1,-1],"split_conditions":[1.9860093E-1,1.0074842E-1,9.038267E-1,-3.9277956E-1,-9.995937E-2,6.0394293E-1,1E0,-3.2544613E-2,4.4930015E-2,8.650666E-2,3.560814E-1],"split_indices":[0,0,0,0,0,0,0,0,0,0,0],"split_type":[0,0,0,0,0,0,0,0,0,0,0],"sum_hessian":[9E0,2E0,7E0,1E0,1E0,5E0,2E0,3E0,2E0,1E0,1E0],"tree_param":{"num_deleted":"0","num_feature":"2","num_nodes":"11","size_leaf_vector":"1"}},{"base_weights":[-8.989801E-2,-3.1206796E0,1.0578823E0,-3.7314057E-1,-9.496136E-2,8.979797E-3,2.8030598E0,-3.0103683E-2,4.1934203E-2,8.218155E-2,3.3827743E-1],"categories":[],"categories_nodes":[],"categories_segments":[],"categories_sizes":[],"default_left":[0,0,0,0,0,0,0,0,0,0,0],"id":51,"left_children":[1,3,5,-1,-1,7,9,-1,-1,-1,-1],"loss_changes":[3.8088024E1,4.343872E-1,1.4618999E1,0E0,0E0,8.895522E-1,6.656513E-1,0E0,0E0,0E0,0E0],"parents":[2147483647,0,0,1,1,2,2,5,5,6,6],"right_children":[2,4,6,-1,-1,8,10,-1,-1,-1,-1],"split_conditions":[1.9860093E-1,1.0074842E-1,9.038267E-1,-3.7314057E-1,-9.496136E-2,6.0394293E-1,1E0,-3.0103683E-2,4.1934203E-2,8.218155E-2,3.3827743E-1],"split_indices":[0,0,0,0,0,0,0,0,0,0,0],"split_type":[0,0,0,0,0,0,0,0,0,0,0],"sum_hessian":[9E0,2E0,7E0,1E0,1E0,5E0,2E0,3E0,2E0,1E0,1E0],"tree_param":{"num_deleted":"0","num_feature":"2","num_nodes":"11","size_leaf_vector":"1"}},{"base_weights":[-8.44882E-2,-2.9646451E0,1.0061316E0,-3.5448357E-1,-9.02132E-2,1.0054906E-2,2.6629078E0,-2.784586E-2,3.9138794E-2,7.807236E-2,3.2136384E-1],"categories":[],"categories_nodes":[],"categories_segments":[],"categories_sizes":[],"default_left":[0,0,0,0,0,0,0,0,0,0,0],"id":52,"left_children":[1,3,5,-1,-1,7,9,-1,-1,-1,-1],"loss_changes":[3.4394382E1,3.9204025E-1,1.3175435E1,0E0,0E0,7.691037E-1,6.007652E-1,0E0,0E0,0E0,0E0],"parents":[2147483647,0,0,1,1,2,2,5,5,6,6],"right_children":[2,4,6,-1,-1,8,10,-1,-1,-1,-1],"split_conditions":[1.9860093E-1,1.0074842E-1,9.038267E-1,-3.5448357E-1,-9.02132E-2,6.0394293E-1,1E0,-2.784586E-2,3.9138794E-2,7.807236E-2,3.2136384E-1],"split_indices":[0,0,0,0,0,0,0,0,0,0,0],"split_type":[0,0,0,0,0,0,0,0,0,0,0],"sum_hessian":[9E0,2E0,7E0,1E0,1E0,5E0,2E0,3E0,2E0,1E0,1E0],"tree_param":{"num_deleted":"0","num_feature":"2","num_nodes":"11","size_leaf_vector":"1"}},{"base_weights":[-7.9436496E-2,-2.8164127E0,9.568591E-1,-3.367594E-1,-8.5702516E-2,1.0932286E-2,2.5297596E0,-2.5757313E-2,3.652954E-2,7.41684E-2,3.0529556E-1],"categories":[],"categories_nodes":[],"categories_segments":[],"categories_sizes":[],"default_left":[0,0,0,0,0,0,0,0,0,0,0],"id":53,"left_children":[1,3,5,-1,-1,7,9,-1,-1,-1,-1],"loss_changes":[3.1058073E1,3.538208E-1,1.1875135E1,0E0,0E0,6.6498077E-1,5.4221535E-1,0E0,0E0,0E0,0E0],"parents":[2147483647,0,0,1,1,2,2,5,5,6,6],"right_children":[2,4,6,-1,-1,8,10,-1,-1,-1,-1],"split_conditions":[1.9860093E-1,1.0074842E-1,9.038267E-1,-3.367594E-1,-8.5702516E-2,6.0394293E-1,1E0,-2.5757313E-2,3.652954E-2,7.41684E-2,3.0529556E-1],"split_indices":[0,0,0,0,0,0,0,0,0,0,0],"split_type":[0,0,0,0,0,0,0,0,0,0,0],"sum_hessian":[9E0,2E0,7E0,1E0,1E0,5E0,2E0,3E0,2E0,1E0,1E0],"tree_param":{"num_deleted":"0","num_feature":"2","num_nodes":"11","size_leaf_vector":"1"}},{"base_weights":[-7.471619E-2,-2.6755917E0,9.099517E-1,-3.199214E-1,-8.1417374E-2,1.1634191E-2,2.4032695E0,-2.382555E-1,3.409424E-2,7.0459746E-2,2.900307E-1,-2.7005387E-2,-7.1430206E-3],"categories":[],"categories_nodes":[],"categories_segments":[],"categories_sizes":[],"default_left":[0,0,0,0,0,0,0,0,0,0,0,0,0],"id":54,"left_children":[1,3,5,-1,-1,7,9,11,-1,-1,-1,-1,-1],"loss_changes":[2.8044645E1,3.193245E-1,1.0703829E1,0E0,0E0,5.749757E-1,4.8936272E-1,1.9290894E-3,0E0,0E0,0E0,0E0,0E0],"parents":[2147483647,0,0,1,1,2,2,5,5,6,6,7,7],"right_children":[2,4,6,-1,-1,8,10,12,-1,-1,-1,-1,-1],"split_conditions":[1.9860093E-1,1.0074842E-1,9.038267E-1,-3.199214E-1,-8.1417374E-2,6.0394293E-1,1E0,4.0168795E-1,3.409424E-2,7.0459746E-2,2.900307E-1,-2.7005387E-2,-7.1430206E-3],"split_indices":[0,0,0,0,0,0,0,0,0,0,0,0,0],"split_type":[0,0,0,0,0,0,0,0,0,0,0,0,0],"sum_hessian":[9E0,2E0,7E0,1E0,1E0,5E0,2E0,3E0,2E0,1E0,1E0,2E0,1E0],"tree_param":{"num_deleted":"0","num_feature":"2","num_nodes":"13","size_leaf_vector":"1"}},{"base_weights":[-7.1333505E-2,-2.5418122E0,8.640127E-1,-3.0392534E-1,-7.734652E-2,1.0463715E-2,2.2831066E0,-2.2296715E-1,3.1821695E-1,6.693649E-2,2.7552947E-1,-2.5204977E-2,-6.785965E-3,9.961701E-3,3.7770845E-2],"categories":[],"categories_nodes":[],"categories_segments":[],"categories_sizes":[],"default_left":[0,0,0,0,0,0,0,0,0,0,0,0,0,0,0],"id":55,"left_children":[1,3,5,-1,-1,7,9,11,13,-1,-1,-1,-1,-1,-1],"loss_changes":[2.5303688E1,2.8818893E-1,9.666239E0,0E0,0E0,5.019865E-1,4.4167137E-1,9.39697E-4,1.3883114E-3,0E0,0E0,0E0,0E0,0E0,0E0],"parents":[2147483647,0,0,1,1,2,2,5,5,6,6,7,7,8,8],"right_children":[2,4,6,-1,-1,8,10,12,14,-1,-1,-1,-1,-1,-1],"split_conditions":[1.9860093E-1,1.0074842E-1,9.038267E-1,-3.0392534E-1,-7.734652E-2,6.0394293E-1,1E0,4.0168795E-1,7.029443E-1,6.693649E-2,2.7552947E-1,-2.5204977E-2,-6.785965E-3,9.961701E-3,3.7770845E-2],"split_indices":[0,0,0,0,0,0,0,0,0,0,0,0,0,0,0],"split_type":[0,0,0,0,0,0,0,0,0,0,0,0,0,0,0],"sum_hessian":[9E0,2E0,7E0,1E0,1E0,5E0,2E0,3E0,2E0,1E0,1E0,2E0,1E0,1E0,1E0],"tree_param":{"num_deleted":"0","num_feature":"2","num_nodes":"15","size_leaf_vector":"1"}},{"base_weights":[-6.650667E-2,-2.4147215E0,8.223872E-1,-2.8872904E-1,-7.3479176E-2,1.2041092E-2,2.1689503E0,-2.0866871E-1,3.0230713E-1,6.3589476E-2,2.6175308E-1,-2.3524603E-2,-6.4468384E-3,9.463501E-3,3.588257E-2],"categories":[],"categories_nodes":[],"categories_segments":[],"categories_sizes":[],"default_left":[0,0,0,0,0,0,0,0,0,0,0,0,0,0,0],"id":56,"left_children":[1,3,5,-1,-1,7,9,11,13,-1,-1,-1,-1,-1,-1],"loss_changes":[2.2858974E1,2.6009178E-1,8.703341E0,0E0,0E0,4.474694E-1,3.986225E-1,1.6389787E-4,1.254499E-3,0E0,0E0,0E0,0E0,0E0,0E0],"parents":[2147483647,0,0,1,1,2,2,5,5,6,6,7,7,8,8],"right_children":[2,4,6,-1,-1,8,10,12,14,-1,-1,-1,-1,-1,-1],"split_conditions":[1.9860093E-1,1.0074842E-1,9.038267E-1,-2.8872904E-1,-7.3479176E-2,6.0394293E-1,1E0,4.0168795E-1,7.029443E-1,6.3589476E-2,2.6175308E-1,-2.3524603E-2,-6.4468384E-3,9.463501E-3,3.588257E-2],"split_indices":[0,0,0,0,0,0,0,0,0,0,0,0,0,0,0],"split_type":[0,0,0,0,0,0,0,0,0,0,0,0,0,0,0],"sum_hessian":[9E0,2E0,7E0,1E0,1E0,5E0,2E0,3E0,2E0,1E0,1E0,2E0,1E0,1E0,1E0],"tree_param":{"num_deleted":"0","num_feature":"2","num_nodes":"15","size_leaf_vector":"1"}},{"base_weights":[-6.2004708E-2,-2.2939856E0,7.827387E-1,-2.742926E-1,-6.980524E-2,1.3398488E-2,2.060506E0,-1.9529535E-2,2.8719077E-1,6.041031E-2,2.4866562E-1,8.990479E-3,3.4088135E-2],"categories":[],"categories_nodes":[],"categories_segments":[],"categories_sizes":[],"default_left":[0,0,0,0,0,0,0,0,0,0,0,0,0],"id":57,"left_children":[1,3,5,-1,-1,7,9,-1,11,-1,-1,-1,-1],"loss_changes":[2.0650103E1,2.3472977E-1,7.8366947E0,0E0,0E0,3.9891952E-1,3.5974216E-1,0E0,1.1303276E-3,0E0,0E0,0E0,0E0],"parents":[2147483647,0,0,1,1,2,2,5,5,6,6,8,8],"right_children":[2,4,6,-1,-1,8,10,-1,12,-1,-1,-1,-1],"split_conditions":[1.9860093E-1,1.0074842E-1,9.038267E-1,-2.742926E-1,-6.980524E-2,6.0394293E-1,1E0,-1.9529535E-2,7.029443E-1,6.041031E-2,2.4866562E-1,8.990479E-3,3.4088135E-2],"split_indices":[0,0,0,0,0,0,0,0,0,0,0,0,0],"split_type":[0,0,0,0,0,0,0,0,0,0,0,0,0],"sum_hessian":[9E0,2E0,7E0,1E0,1E0,5E0,2E0,3E0,2E0,1E0,1E0,1E0,1E0],"tree_param":{"num_deleted":"0","num_feature":"2","num_nodes":"13","size_leaf_vector":"1"}},{"base_weights":[-5.6951333E-2,-2.1792862E0,7.460432E-1,-2.6057798E-1,-6.631499E-2,1.5984854E-2,1.9574789E0,-1.806469E-1,2.7283224E-1,5.7389833E-2,2.36232E-1,-2.0654297E-2,-5.147934E-3,8.541107E-3,3.238373E-2],"categories":[],"categories_nodes":[],"categories_segments":[],"categories_sizes":[],"default_left":[0,0,0,0,0,0,0,0,0,0,0,0,0,0,0],"id":58,"left_children":[1,3,5,-1,-1,7,9,11,13,-1,-1,-1,-1,-1,-1],"loss_changes":[1.8668076E1,2.1184444E-1,7.04406E0,0E0,0E0,3.523124E-1,3.246584E-1,2.747029E-3,1.019001E-3,0E0,0E0,0E0,0E0,0E0,0E0],"parents":[2147483647,0,0,1,1,2,2,5,5,6,6,7,7,8,8],"right_children":[2,4,6,-1,-1,8,10,12,14,-1,-1,-1,-1,-1,-1],"split_conditions":[1.9860093E-1,1.0074842E-1,9.038267E-1,-2.6057798E-1,-6.631499E-2,6.0394293E-1,1E0,4.0168795E-1,7.029443E-1,5.7389833E-2,2.36232E-1,-2.0654297E-2,-5.147934E-3,8.541107E-3,3.238373E-2],"split_indices":[0,0,0,0,0,0,0,0,0,0,0,0,0,0,0],"split_type":[0,0,0,0,0,0,0,0,0,0,0,0,0,0,0],"sum_hessian":[9E0,2E0,7E0,1E0,1E0,5E0,2E0,3E0,2E0,1E0,1E0,2E0,1E0,1E0,1E0],"tree_param":{"num_deleted":"0","num_feature":"2","num_nodes":"15","size_leaf_vector":"1"}},{"base_weights":[-5.3071402E-2,-2.070322E0,7.100315E-1,-2.4754906E-1,-6.299925E-2,1.6906738E-2,1.8596039E0,-1.6903305E-1,2.591909E-1,5.4520417E-2,2.2442017E-1,-1.9277446E-2,-4.890442E-3,8.113861E-3,3.0764772E-2],"categories":[],"categories_nodes":[],"categories_segments":[],"categories_sizes":[],"default_left":[0,0,0,0,0,0,0,0,0,0,0,0,0,0,0],"id":59,"left_children":[1,3,5,-1,-1,7,9,11,13,-1,-1,-1,-1,-1,-1],"loss_changes":[1.6863691E1,1.9118881E-1,6.342936E0,0E0,0E0,3.141134E-1,2.929983E-1,1.9805655E-3,9.214282E-4,0E0,0E0,0E0,0E0,0E0,0E0],"parents":[2147483647,0,0,1,1,2,2,5,5,6,6,7,7,8,8],"right_children":[2,4,6,-1,-1,8,10,12,14,-1,-1,-1,-1,-1,-1],"split_conditions":[1.9860093E-1,1.0074842E-1,9.038267E-1,-2.4754906E-1,-6.299925E-2,6.0394293E-1,1E0,4.0168795E-1,7.029443E-1,5.4520417E-2,2.2442017E-1,-1.9277446E-2,-4.890442E-3,8.113861E-3,3.0764772E-2],"split_indices":[0,0,0,0,0,0,0,0,0,0,0,0,0,0,0],"split_type":[0,0,0,0,0,0,0,0,0,0,0,0,0,0,0],"sum_hessian":[9E0,2E0,7E0,1E0,1E0,5E0,2E0,3E0,2E0,1E0,1E0,2E0,1E0,1E0,1E0],"tree_param":{"num_deleted":"0","num_feature":"2","num_nodes":"15","size_leaf_vector":"1"}},{"base_weights":[-4.94545E-2,-1.9668058E0,6.7573404E-1,-2.351716E-1,-5.9849262E-2,1.766777E-2,1.766622E0,-1.5817165E-1,2.4623108E-1,5.1794436E-2,2.1319886E-1,-1.7992275E-2,-4.64592E-3,7.707977E-3,2.9226685E-2],"categories":[],"categories_nodes":[],"categories_segments":[],"categories_sizes":[],"default_left":[0,0,0,0,0,0,0,0,0,0,0,0,0,0,0],"id":60,"left_children":[1,3,5,-1,-1,7,9,11,13,-1,-1,-1,-1,-1,-1],"loss_changes":[1.523345E1,1.7254734E-1,5.7117996E0,0E0,0E0,2.8008944E-1,2.6442337E-1,1.3604015E-3,8.331686E-4,0E0,0E0,0E0,0E0,0E0,0E0],"parents":[2147483647,0,0,1,1,2,2,5,5,6,6,7,7,8,8],"right_children":[2,4,6,-1,-1,8,10,12,14,-1,-1,-1,-1,-1,-1],"split_conditions":[1.9860093E-1,1.0074842E-1,9.038267E-1,-2.351716E-1,-5.9849262E-2,6.0394293E-1,1E0,4.0168795E-1,7.029443E-1,5.1794436E-2,2.1319886E-1,-1.7992275E-2,-4.64592E-3,7.707977E-3,2.9226685E-2],"split_indices":[0,0,0,0,0,0,0,0,0,0,0,0,0,0,0],"split_type":[0,0,0,0,0,0,0,0,0,0,0,0,0,0,0],"sum_hessian":[9E0,2E0,7E0,1E0,1E0,5E0,2E0,3E0,2E0,1E0,1E0,2E0,1E0,1E0,1E0],"tree_param":{"num_deleted":"0","num_feature":"2","num_nodes":"15","size_leaf_vector":"1"}},{"base_weights":[-4.6080448E-2,-1.8684655E0,6.4307404E-1,-2.2341302E-1,-5.6856822E-2,1.8285116E-2,1.6782938E0,-1.4801407E-1,2.3392232E-1,4.9205016E-2,2.0253907E-1,-1.6792806E-2,-4.4136047E-3,7.322693E-3,2.7765656E-2],"categories":[],"categories_nodes":[],"categories_segments":[],"categories_sizes":[],"default_left":[0,0,0,0,0,0,0,0,0,0,0,0,0,0,0],"id":61,"left_children":[1,3,5,-1,-1,7,9,11,13,-1,-1,-1,-1,-1,-1],"loss_changes":[1.376061E1,1.5572357E-1,5.1436644E0,0E0,0E0,2.4978553E-1,2.386303E-1,8.6282194E-4,7.517338E-4,0E0,0E0,0E0,0E0,0E0,0E0],"parents":[2147483647,0,0,1,1,2,2,5,5,6,6,7,7,8,8],"right_children":[2,4,6,-1,-1,8,10,12,14,-1,-1,-1,-1,-1,-1],"split_conditions":[1.9860093E-1,1.0074842E-1,9.038267E-1,-2.2341302E-1,-5.6856822E-2,6.0394293E-1,1E0,4.0168795E-1,7.029443E-1,4.9205016E-2,2.0253907E-1,-1.6792806E-2,-4.4136047E-3,7.322693E-3,2.7765656E-2],"split_indices":[0,0,0,0,0,0,0,0,0,0,0,0,0,0,0],"split_type":[0,0,0,0,0,0,0,0,0,0,0,0,0,0,0],"sum_hessian":[9E0,2E0,7E0,1E0,1E0,5E0,2E0,3E0,2E0,1E0,1E0,2E0,1E0,1E0,1E0],"tree_param":{"num_deleted":"0","num_feature":"2","num_nodes":"15","size_leaf_vector":"1"}},{"base_weights":[-4.293909E-2,-1.7750425E0,6.119671E-1,-2.1224236E-1,-5.4014016E-2,1.876831E-2,1.5943756E0,-1.3851547E-1,2.2222392E-1,4.6744537E-2,1.9241181E-1,-1.567332E-2,-4.1931155E-3,6.956482E-3,2.6377106E-2],"categories":[],"categories_nodes":[],"categories_segments":[],"categories_sizes":[],"default_left":[0,0,0,0,0,0,0,0,0,0,0,0,0,0,0],"id":62,"left_children":[1,3,5,-1,-1,7,9,11,13,-1,-1,-1,-1,-1,-1],"loss_changes":[1.242992E1,1.4053917E-1,4.632184E0,0E0,0E0,2.2278306E-1,2.1537018E-1,4.6618283E-4,6.7846477E-4,0E0,0E0,0E0,0E0,0E0,0E0],"parents":[2147483647,0,0,1,1,2,2,5,5,6,6,7,7,8,8],"right_children":[2,4,6,-1,-1,8,10,12,14,-1,-1,-1,-1,-1,-1],"split_conditions":[1.9860093E-1,1.0074842E-1,9.038267E-1,-2.1224236E-1,-5.4014016E-2,6.0394293E-1,1E0,4.0168795E-1,7.029443E-1,4.6744537E-2,1.9241181E-1,-1.567332E-2,-4.1931155E-3,6.956482E-3,2.6377106E-2],"split_indices":[0,0,0,0,0,0,0,0,0,0,0,0,0,0,0],"split_type":[0,0,0,0,0,0,0,0,0,0,0,0,0,0,0],"sum_hessian":[9E0,2E0,7E0,1E0,1E0,5E0,2E0,3E0,2E0,1E0,1E0,2E0,1E0,1E0,1E0],"tree_param":{"num_deleted":"0","num_feature":"2","num_nodes":"15","size_leaf_vector":"1"}},{"base_weights":[-4.0008448E-2,-1.6862904E0,5.8234835E-1,-2.0163026E-1,-5.1313307E-2,1.9135157E-2,1.5146586E0,-1.2963009E-1,2.1111043E-1,4.4407655E-2,1.8279114E-1,-1.4628475E-2,-3.983307E-3,6.6085816E-3,2.5057985E-2],"categories":[],"categories_nodes":[],"categories_segments":[],"categories_sizes":[],"default_left":[0,0,0,0,0,0,0,0,0,0,0,0,0,0,0],"id":63,"left_children":[1,3,5,-1,-1,7,9,11,13,-1,-1,-1,-1,-1,-1],"loss_changes":[1.12277565E1,1.2683678E-1,4.171732E0,0E0,0E0,1.9872175E-1,1.9435549E-1,1.5518069E-4,6.123334E-4,0E0,0E0,0E0,0E0,0E0,0E0],"parents":[2147483647,0,0,1,1,2,2,5,5,6,6,7,7,8,8],"right_children":[2,4,6,-1,-1,8,10,12,14,-1,-1,-1,-1,-1,-1],"split_conditions":[1.9860093E-1,1.0074842E-1,9.038267E-1,-2.0163026E-1,-5.1313307E-2,6.0394293E-1,1E0,4.0168795E-1,7.029443E-1,4.4407655E-2,1.8279114E-1,-1.4628475E-2,-3.983307E-3,6.6085816E-3,2.5057985E-2],"split_indices":[0,0,0,0,0,0,0,0,0,0,0,0,0,0,0],"split_type":[0,0,0,0,0,0,0,0,0,0,0,0,0,0,0],"sum_hessian":[9E0,2E0,7E0,1E0,1E0,5E0,2E0,3E0,2E0,1E0,1E0,2E0,1E0,1E0,1E0],"tree_param":{"num_deleted":"0","num_feature":"2","num_nodes":"15","size_leaf_vector":"1"}},{"base_weights":[-3.7275337E-2,-1.6019758E0,5.5414677E-1,-1.9154875E-1,-4.8747636E-2,1.9397736E-2,1.4389292E0,-1.2132073E-2,2.0055644E-1,4.21875E-2,1.7365189E-1,6.278229E-3,2.3805236E-2],"categories":[],"categories_nodes":[],"categories_segments":[],"categories_sizes":[],"default_left":[0,0,0,0,0,0,0,0,0,0,0,0,0],"id":64,"left_children":[1,3,5,-1,-1,7,9,-1,11,-1,-1,-1,-1],"loss_changes":[1.0141715E1,1.1447048E-1,3.757181E0,0E0,0E0,1.772859E-1,1.7540026E-1,0E0,5.524382E-4,0E0,0E0,0E0,0E0],"parents":[2147483647,0,0,1,1,2,2,5,5,6,6,8,8],"right_children":[2,4,6,-1,-1,8,10,-1,12,-1,-1,-1,-1],"split_conditions":[1.9860093E-1,1.0074842E-1,9.038267E-1,-1.9154875E-1,-4.8747636E-2,6.0394293E-1,1E0,-1.2132073E-2,7.029443E-1,4.21875E-2,1.7365189E-1,6.278229E-3,2.3805236E-2],"split_indices":[0,0,0,0,0,0,0,0,0,0,0,0,0],"split_type":[0,0,0,0,0,0,0,0,0,0,0,0,0],"sum_hessian":[9E0,2E0,7E0,1E0,1E0,5E0,2E0,3E0,2E0,1E0,1E0,1E0,1E0],"tree_param":{"num_deleted":"0","num_feature":"2","num_nodes":"13","size_leaf_vector":"1"}},{"base_weights":[-3.4197498E-2,-1.5218769E0,5.2795696E-1,-1.819713E-1,-4.6310235E-2,2.0450592E-2,1.366984E0,-1.1222267E-1,1.9053142E-1,4.0077973E-2,1.6496964E-1,-1.2844594E-2,-3.1776428E-3,5.9646606E-3,2.261505E-2],"categories":[],"categories_nodes":[],"categories_segments":[],"categories_sizes":[],"default_left":[0,0,0,0,0,0,0,0,0,0,0,0,0,0,0],"id":65,"left_children":[1,3,5,-1,-1,7,9,11,13,-1,-1,-1,-1,-1,-1],"loss_changes":[9.166541E0,1.0331011E-1,3.3785372E0,0E0,0E0,1.5677302E-1,1.5830898E-1,1.1388548E-3,4.968941E-4,0E0,0E0,0E0,0E0,0E0,0E0],"parents":[2147483647,0,0,1,1,2,2,5,5,6,6,7,7,8,8],"right_children":[2,4,6,-1,-1,8,10,12,14,-1,-1,-1,-1,-1,-1],"split_conditions":[1.9860093E-1,1.0074842E-1,9.038267E-1,-1.819713E-1,-4.6310235E-2,6.0394293E-1,1E0,4.0168795E-1,7.029443E-1,4.0077973E-2,1.6496964E-1,-1.2844594E-2,-3.1776428E-3,5.9646606E-3,2.261505E-2],"split_indices":[0,0,0,0,0,0,0,0,0,0,0,0,0,0,0],"split_type":[0,0,0,0,0,0,0,0,0,0,0,0,0,0,0],"sum_hessian":[9E0,2E0,7E0,1E0,1E0,5E0,2E0,3E0,2E0,1E0,1E0,2E0,1E0,1E0,1E0],"tree_param":{"num_deleted":"0","num_feature":"2","num_nodes":"15","size_leaf_vector":"1"}},{"base_weights":[-3.1845473E-2,-1.445783E0,5.023618E-1,-1.7287274E-1,-4.3994714E-2,2.0498276E-2,1.2986349E0,-1.0500622E-1,1.8100484E-1,3.807373E-2,1.567215E-1,-1.1988196E-2,-3.0189515E-3,5.6663514E-3,2.1484375E-2],"categories":[],"categories_nodes":[],"categories_segments":[],"categories_sizes":[],"default_left":[0,0,0,0,0,0,0,0,0,0,0,0,0,0,0],"id":66,"left_children":[1,3,5,-1,-1,7,9,11,13,-1,-1,-1,-1,-1,-1],"loss_changes":[8.279662E0,9.3238354E-2,3.0429394E0,0E0,0E0,1.398724E-1,1.4288998E-1,8.326359E-4,4.4891983E-4,0E0,0E0,0E0,0E0,0E0,0E0],"parents":[2147483647,0,0,1,1,2,2,5,5,6,6,7,7,8,8],"right_children":[2,4,6,-1,-1,8,10,12,14,-1,-1,-1,-1,-1,-1],"split_conditions":[1.9860093E-1,1.0074842E-1,9.038267E-1,-1.7287274E-1,-4.3994714E-2,6.0394293E-1,1E0,4.0168795E-1,7.029443E-1,3.807373E-2,1.567215E-1,-1.1988196E-2,-3.0189515E-3,5.6663514E-3,2.1484375E-2],"split_indices":[0,0,0,0,0,0,0,0,0,0,0,0,0,0,0],"split_type":[0,0,0,0,0,0,0,0,0,0,0,0,0,0,0],"sum_hessian":[9E0,2E0,7E0,1E0,1E0,5E0,2E0,3E0,2E0,1E0,1E0,2E0,1E0,1E0,1E0],"tree_param":{"num_deleted":"0","num_feature":"2","num_nodes":"15","size_leaf_vector":"1"}},{"base_weights":[-2.9652953E-2,-1.3734938E0,4.7799397E-1,-1.642291E-1,-4.1794967E-2,2.047348E-2,1.2337036E0,-9.8257065E-2,1.7195638E-1,3.6170196E-2,1.4888535E-1,-1.11890165E-2,-2.8678894E-3,5.383301E-3,2.0410156E-2],"categories":[],"categories_nodes":[],"categories_segments":[],"categories_sizes":[],"default_left":[0,0,0,0,0,0,0,0,0,0,0,0,0,0,0],"id":67,"left_children":[1,3,5,-1,-1,7,9,11,13,-1,-1,-1,-1,-1,-1],"loss_changes":[7.478488E0,8.414793E-2,2.7407627E0,0E0,0E0,1.2480981E-1,1.2895203E-1,5.853772E-4,4.0388852E-4,0E0,0E0,0E0,0E0,0E0,0E0],"parents":[2147483647,0,0,1,1,2,2,5,5,6,6,7,7,8,8],"right_children":[2,4,6,-1,-1,8,10,12,14,-1,-1,-1,-1,-1,-1],"split_conditions":[1.9860093E-1,1.0074842E-1,9.038267E-1,-1.642291E-1,-4.1794967E-2,6.0394293E-1,1E0,4.0168795E-1,7.029443E-1,3.6170196E-2,1.4888535E-1,-1.11890165E-2,-2.8678894E-3,5.383301E-3,2.0410156E-2],"split_indices":[0,0,0,0,0,0,0,0,0,0,0,0,0,0,0],"split_type":[0,0,0,0,0,0,0,0,0,0,0,0,0,0,0],"sum_hessian":[9E0,2E0,7E0,1E0,1E0,5E0,2E0,3E0,2E0,1E0,1E0,2E0,1E0,1E0,1E0],"tree_param":{"num_deleted":"0","num_feature":"2","num_nodes":"15","size_leaf_vector":"1"}},{"base_weights":[-2.7610112E-2,-1.3048187E0,4.547944E-1,-1.5601765E-1,-3.9705183E-2,2.0381292E-2,1.1720225E0,-9.1944695E-2,1.6335551E-1,3.436203E-2,1.4144135E-1,-1.0442988E-2,-2.7244568E-3,5.113983E-3,1.9389344E-2],"categories":[],"categories_nodes":[],"categories_segments":[],"categories_sizes":[],"default_left":[0,0,0,0,0,0,0,0,0,0,0,0,0,0,0],"id":68,"left_children":[1,3,5,-1,-1,7,9,11,13,-1,-1,-1,-1,-1,-1],"loss_changes":[6.7547364E0,7.59449E-2,2.468699E0,0E0,0E0,1.11377984E-1,1.1637068E-1,3.8602576E-4,3.6483258E-4,0E0,0E0,0E0,0E0,0E0,0E0],"parents":[2147483647,0,0,1,1,2,2,5,5,6,6,7,7,8,8],"right_children":[2,4,6,-1,-1,8,10,12,14,-1,-1,-1,-1,-1,-1],"split_conditions":[1.9860093E-1,1.0074842E-1,9.038267E-1,-1.5601765E-1,-3.9705183E-2,6.0394293E-1,1E0,4.0168795E-1,7.029443E-1,3.436203E-2,1.4144135E-1,-1.0442988E-2,-2.7244568E-3,5.113983E-3,1.9389344E-2],"split_indices":[0,0,0,0,0,0,0,0,0,0,0,0,0,0,0],"split_type":[0,0,0,0,0,0,0,0,0,0,0,0,0,0,0],"sum_hessian":[9E0,2E0,7E0,1E0,1E0,5E0,2E0,3E0,2E0,1E0,1E0,2E0,1E0,1E0,1E0],"tree_param":{"num_deleted":"0","num_feature":"2","num_nodes":"15","size_leaf_vector":"1"}},{"base_weights":[-2.5706744E-2,-1.2395779E0,4.3270826E-1,-1.4821677E-1,-3.7719917E-2,2.023252E-2,1.1134237E0,-8.604145E-2,1.5518697E-1,3.2643892E-2,1.3436966E-1,-9.746679E-3,-2.588272E-3,4.8583983E-3,1.8419648E-2],"categories":[],"categories_nodes":[],"categories_segments":[],"categories_sizes":[],"default_left":[0,0,0,0,0,0,0,0,0,0,0,0,0,0,0],"id":69,"left_children":[1,3,5,-1,-1,7,9,11,13,-1,-1,-1,-1,-1,-1],"loss_changes":[6.1009426E0,6.85401E-2,2.2237015E0,0E0,0E0,9.9405386E-2,1.0502887E-1,2.2662804E-4,3.2850355E-4,0E0,0E0,0E0,0E0,0E0,0E0],"parents":[2147483647,0,0,1,1,2,2,5,5,6,6,7,7,8,8],"right_children":[2,4,6,-1,-1,8,10,12,14,-1,-1,-1,-1,-1,-1],"split_conditions":[1.9860093E-1,1.0074842E-1,9.038267E-1,-1.4821677E-1,-3.7719917E-2,6.0394293E-1,1E0,4.0168795E-1,7.029443E-1,3.2643892E-2,1.3436966E-1,-9.746679E-3,-2.588272E-3,4.8583983E-3,1.8419648E-2],"split_indices":[0,0,0,0,0,0,0,0,0,0,0,0,0,0,0],"split_type":[0,0,0,0,0,0,0,0,0,0,0,0,0,0,0],"sum_hessian":[9E0,2E0,7E0,1E0,1E0,5E0,2E0,3E0,2E0,1E0,1E0,2E0,1E0,1E0,1E0],"tree_param":{"num_deleted":"0","num_feature":"2","num_nodes":"15","size_leaf_vector":"1"}},{"base_weights":[-2.3932481E-2,-1.1775991E0,4.1168404E-1,-1.4080593E-1,-3.5833932E-2,2.003479E-2,1.0577545E0,-8.052063E-2,1.4743042E-1,3.1011963E-2,1.2765121E-1,-9.096782E-3,-2.458954E-3,4.6157837E-3,1.749878E-2],"categories":[],"categories_nodes":[],"categories_segments":[],"categories_sizes":[],"default_left":[0,0,0,0,0,0,0,0,0,0,0,0,0,0,0],"id":70,"left_children":[1,3,5,-1,-1,7,9,11,13,-1,-1,-1,-1,-1,-1],"loss_changes":[5.5103607E0,6.1857224E-2,2.0030723E0,0E0,0E0,8.873312E-2,9.478092E-2,1.0043383E-4,2.9535592E-4,0E0,0E0,0E0,0E0,0E0,0E0],"parents":[2147483647,0,0,1,1,2,2,5,5,6,6,7,7,8,8],"right_children":[2,4,6,-1,-1,8,10,12,14,-1,-1,-1,-1,-1,-1],"split_conditions":[1.9860093E-1,1.0074842E-1,9.038267E-1,-1.4080593E-1,-3.5833932E-2,6.0394293E-1,1E0,4.0168795E-1,7.029443E-1,3.1011963E-2,1.2765121E-1,-9.096782E-3,-2.458954E-3,4.6157837E-3,1.749878E-2],"split_indices":[0,0,0,0,0,0,0,0,0,0,0,0,0,0,0],"split_type":[0,0,0,0,0,0,0,0,0,0,0,0,0,0,0],"sum_hessian":[9E0,2E0,7E0,1E0,1E0,5E0,2E0,3E0,2E0,1E0,1E0,2E0,1E0,1E0,1E0],"tree_param":{"num_deleted":"0","num_feature":"2","num_nodes":"15","size_leaf_vector":"1"}},{"base_weights":[-2.2282267E-2,-1.1187192E0,3.916669E-1,-1.3376562E-1,-3.4042265E-2,1.9788742E-2,1.0048676E0,-7.535839E-2,1.4005534E-1,2.946167E-2,1.21268466E-1,-8.4903715E-3,-2.3361207E-3,4.384613E-3,1.6623689E-2],"categories":[],"categories_nodes":[],"categories_segments":[],"categories_sizes":[],"default_left":[0,0,0,0,0,0,0,0,0,0,0,0,0,0,0],"id":71,"left_children":[1,3,5,-1,-1,7,9,11,13,-1,-1,-1,-1,-1,-1],"loss_changes":[4.976857E0,5.5825233E-2,1.8044026E0,0E0,0E0,7.921248E-2,8.5529566E-2,1.8663704E-6,2.6787072E-4,0E0,0E0,0E0,0E0,0E0,0E0],"parents":[2147483647,0,0,1,1,2,2,5,5,6,6,7,7,8,8],"right_children":[2,4,6,-1,-1,8,10,12,14,-1,-1,-1,-1,-1,-1],"split_conditions":[1.9860093E-1,1.0074842E-1,9.038267E-1,-1.3376562E-1,-3.4042265E-2,6.0394293E-1,1E0,4.0168795E-1,7.029443E-1,2.946167E-2,1.21268466E-1,-8.4903715E-3,-2.3361207E-3,4.384613E-3,1.6623689E-2],"split_indices":[0,0,0,0,0,0,0,0,0,0,0,0,0,0,0],"split_type":[0,0,0,0,0,0,0,0,0,0,0,0,0,0,0],"sum_hessian":[9E0,2E0,7E0,1E0,1E0,5E0,2E0,3E0,2E0,1E0,1E0,2E0,1E0,1E0,1E0],"tree_param":{"num_deleted":"0","num_feature":"2","num_nodes":"15","size_leaf_vector":"1"}},{"base_weights":[-2.074194E-2,-1.0627832E0,3.726163E-1,-1.2707734E-1,-3.2340147E-2,1.9508997E-2,9.546254E-1,-7.0528984E-3,1.3305664E-1,2.7988434E-2,1.15205385E-1,4.1656494E-3,1.5792847E-2],"categories":[],"categories_nodes":[],"categories_segments":[],"categories_sizes":[],"default_left":[0,0,0,0,0,0,0,0,0,0,0,0,0],"id":72,"left_children":[1,3,5,-1,-1,7,9,-1,11,-1,-1,-1,-1],"loss_changes":[4.4949656E0,5.0382376E-2,1.6254698E0,0E0,0E0,7.0725955E-2,7.719731E-2,0E0,2.4111569E-4,0E0,0E0,0E0,0E0],"parents":[2147483647,0,0,1,1,2,2,5,5,6,6,8,8],"right_children":[2,4,6,-1,-1,8,10,-1,12,-1,-1,-1,-1],"split_conditions":[1.9860093E-1,1.0074842E-1,9.038267E-1,-1.2707734E-1,-3.2340147E-2,6.0394293E-1,1E0,-7.0528984E-3,7.029443E-1,2.7988434E-2,1.15205385E-1,4.1656494E-3,1.5792847E-2],"split_indices":[0,0,0,0,0,0,0,0,0,0,0,0,0],"split_type":[0,0,0,0,0,0,0,0,0,0,0,0,0],"sum_hessian":[9E0,2E0,7E0,1E0,1E0,5E0,2E0,3E0,2E0,1E0,1E0,1E0,1E0],"tree_param":{"num_deleted":"0","num_feature":"2","num_nodes":"13","size_leaf_vector":"1"}},{"base_weights":[-1.8999552E-2,-1.0096438E0,3.5486698E-1,-1.2072348E-1,-3.0723095E-2,1.9707998E-2,9.0689594E-1,-6.524086E-2,1.2640381E-1,2.6589204E-2,1.0944519E-1,-7.4541727E-3,-1.8669128E-3,3.957367E-3,1.5003204E-2],"categories":[],"categories_nodes":[],"categories_segments":[],"categories_sizes":[],"default_left":[0,0,0,0,0,0,0,0,0,0,0,0,0,0,0],"id":73,"left_children":[1,3,5,-1,-1,7,9,11,13,-1,-1,-1,-1,-1,-1],"loss_changes":[4.0619764E0,4.547143E-2,1.4622667E0,0E0,0E0,6.262882E-2,6.9666386E-2,3.4100004E-4,2.1760911E-4,0E0,0E0,0E0,0E0,0E0,0E0],"parents":[2147483647,0,0,1,1,2,2,5,5,6,6,7,7,8,8],"right_children":[2,4,6,-1,-1,8,10,12,14,-1,-1,-1,-1,-1,-1],"split_conditions":[1.9860093E-1,1.0074842E-1,9.038267E-1,-1.2072348E-1,-3.0723095E-2,6.0394293E-1,1E0,4.0168795E-1,7.029443E-1,2.6589204E-2,1.0944519E-1,-7.4541727E-3,-1.8669128E-3,3.957367E-3,1.5003204E-2],"split_indices":[0,0,0,0,0,0,0,0,0,0,0,0,0,0,0],"split_type":[0,0,0,0,0,0,0,0,0,0,0,0,0,0,0],"sum_hessian":[9E0,2E0,7E0,1E0,1E0,5E0,2E0,3E0,2E0,1E0,1E0,2E0,1E0,1E0,1E0],"tree_param":{"num_deleted":"0","num_feature":"2","num_nodes":"15","size_leaf_vector":"1"}},{"base_weights":[-1.767702E-2,-9.5916146E-1,3.3758926E-1,-1.146873E-1,-2.9186917E-2,1.9345602E-2,8.615468E-1,-6.10466E-2,1.2008667E-1,2.52594E-2,1.0397263E-1,-6.957245E-3,-1.7734527E-3,3.7597658E-3,1.4253235E-2],"categories":[],"categories_nodes":[],"categories_segments":[],"categories_sizes":[],"default_left":[0,0,0,0,0,0,0,0,0,0,0,0,0,0,0],"id":74,"left_children":[1,3,5,-1,-1,7,9,11,13,-1,-1,-1,-1,-1,-1],"loss_changes":[3.668579E0,4.1038513E-2,1.3173021E0,0E0,0E0,5.5923663E-2,6.288004E-2,2.4325307E-4,1.9568205E-4,0E0,0E0,0E0,0E0,0E0,0E0],"parents":[2147483647,0,0,1,1,2,2,5,5,6,6,7,7,8,8],"right_children":[2,4,6,-1,-1,8,10,12,14,-1,-1,-1,-1,-1,-1],"split_conditions":[1.9860093E-1,1.0074842E-1,9.038267E-1,-1.146873E-1,-2.9186917E-2,6.0394293E-1,1E0,4.0168795E-1,7.029443E-1,2.52594E-2,1.0397263E-1,-6.957245E-3,-1.7734527E-3,3.7597658E-3,1.4253235E-2],"split_indices":[0,0,0,0,0,0,0,0,0,0,0,0,0,0,0],"split_type":[0,0,0,0,0,0,0,0,0,0,0,0,0,0,0],"sum_hessian":[9E0,2E0,7E0,1E0,1E0,5E0,2E0,3E0,2E0,1E0,1E0,2E0,1E0,1E0,1E0],"tree_param":{"num_deleted":"0","num_feature":"2","num_nodes":"15","size_leaf_vector":"1"}},{"base_weights":[-1.6444277E-2,-9.112036E-1,3.21146E-1,-1.0895294E-1,-2.7727604E-2,1.8959045E-2,8.1847125E-1,-5.712509E-2,1.1408488E-1,2.3996735E-2,9.877396E-2,-6.493378E-3,-1.6849518E-3,3.5720826E-3,1.354065E-2],"categories":[],"categories_nodes":[],"categories_segments":[],"categories_sizes":[],"default_left":[0,0,0,0,0,0,0,0,0,0,0,0,0,0,0],"id":75,"left_children":[1,3,5,-1,-1,7,9,11,13,-1,-1,-1,-1,-1,-1],"loss_changes":[3.31325E0,3.703642E-2,1.1867645E0,0E0,0E0,4.9942512E-2,5.6741714E-2,1.6389415E-4,1.7571077E-4,0E0,0E0,0E0,0E0,0E0,0E0],"parents":[2147483647,0,0,1,1,2,2,5,5,6,6,7,7,8,8],"right_children":[2,4,6,-1,-1,8,10,12,14,-1,-1,-1,-1,-1,-1],"split_conditions":[1.9860093E-1,1.0074842E-1,9.038267E-1,-1.0895294E-1,-2.7727604E-2,6.0394293E-1,1E0,4.0168795E-1,7.029443E-1,2.3996735E-2,9.877396E-2,-6.493378E-3,-1.6849518E-3,3.5720826E-3,1.354065E-2],"split_indices":[0,0,0,0,0,0,0,0,0,0,0,0,0,0,0],"split_type":[0,0,0,0,0,0,0,0,0,0,0,0,0,0,0],"sum_hessian":[9E0,2E0,7E0,1E0,1E0,5E0,2E0,3E0,2E0,1E0,1E0,2E0,1E0,1E0,1E0],"tree_param":{"num_deleted":"0","num_feature":"2","num_nodes":"15","size_leaf_vector":"1"}},{"base_weights":[-1.5296864E-2,-8.6564356E-1,3.0549526E-1,-1.0350529E-1,-2.6341248E-2,1.8553415E-2,7.775472E-1,-5.345726E-2,1.0838318E-1,2.279663E-2,9.383545E-2,-6.0605365E-3,-1.600647E-3,3.3935548E-3,1.2863922E-2],"categories":[],"categories_nodes":[],"categories_segments":[],"categories_sizes":[],"default_left":[0,0,0,0,0,0,0,0,0,0,0,0,0,0,0],"id":76,"left_children":[1,3,5,-1,-1,7,9,11,13,-1,-1,-1,-1,-1,-1],"loss_changes":[2.9922953E0,3.3424854E-2,1.0691855E0,0E0,0E0,4.460608E-2,5.1216602E-2,1.0073185E-4,1.5860051E-4,0E0,0E0,0E0,0E0,0E0,0E0],"parents":[2147483647,0,0,1,1,2,2,5,5,6,6,7,7,8,8],"right_children":[2,4,6,-1,-1,8,10,12,14,-1,-1,-1,-1,-1,-1],"split_conditions":[1.9860093E-1,1.0074842E-1,9.038267E-1,-1.0350529E-1,-2.6341248E-2,6.0394293E-1,1E0,4.0168795E-1,7.029443E-1,2.279663E-2,9.383545E-2,-6.0605365E-3,-1.600647E-3,3.3935548E-3,1.2863922E-2],"split_indices":[0,0,0,0,0,0,0,0,0,0,0,0,0,0,0],"split_type":[0,0,0,0,0,0,0,0,0,0,0,0,0,0,0],"sum_hessian":[9E0,2E0,7E0,1E0,1E0,5E0,2E0,3E0,2E0,1E0,1E0,2E0,1E0,1E0,1E0],"tree_param":{"num_deleted":"0","num_feature":"2","num_nodes":"15","size_leaf_vector":"1"}},{"base_weights":[-1.4229024E-2,-8.2236165E-1,2.9059935E-1,-9.833003E-2,-2.5024224E-2,1.8131891E-2,7.386678E-1,-5.0026894E-2,1.0296631E-1,2.16568E-2,8.914337E-2,-6.576729E-3,-2.2857666E-3,3.2241822E-3,1.22207645E-2],"categories":[],"categories_nodes":[],"categories_segments":[],"categories_sizes":[],"default_left":[0,0,0,0,0,0,0,0,0,0,0,0,0,0,0],"id":77,"left_children":[1,3,5,-1,-1,7,9,11,13,-1,-1,-1,-1,-1,-1],"loss_changes":[2.7023952E0,3.0165195E-2,9.632791E-1,0E0,0E0,3.984435E-2,4.6221137E-2,2.0733103E-4,1.4230236E-4,0E0,0E0,0E0,0E0,0E0,0E0],"parents":[2147483647,0,0,1,1,2,2,5,5,6,6,7,7,8,8],"right_children":[2,4,6,-1,-1,8,10,12,14,-1,-1,-1,-1,-1,-1],"split_conditions":[1.9860093E-1,1.0074842E-1,9.038267E-1,-9.833003E-2,-2.5024224E-2,6.0394293E-1,1E0,3.0206713E-1,7.029443E-1,2.16568E-2,8.914337E-2,-6.576729E-3,-2.2857666E-3,3.2241822E-3,1.22207645E-2],"split_indices":[0,0,0,0,0,0,0,0,0,0,0,0,0,0,0],"split_type":[0,0,0,0,0,0,0,0,0,0,0,0,0,0,0],"sum_hessian":[9E0,2E0,7E0,1E0,1E0,5E0,2E0,3E0,2E0,1E0,1E0,1E0,2E0,1E0,1E0],"tree_param":{"num_deleted":"0","num_feature":"2","num_nodes":"15","size_leaf_vector":"1"}},{"base_weights":[-1.3401759E-2,-7.812435E-1,2.7621412E-1,-9.3413524E-2,-2.3773003E-2,1.7417273E-2,7.0173645E-1,-4.723835E-2,9.781901E-2,2.0574188E-2,8.468628E-2,-6.247902E-3,-2.1331788E-3,3.063202E-3,1.160965E-2],"categories":[],"categories_nodes":[],"categories_segments":[],"categories_sizes":[],"default_left":[0,0,0,0,0,0,0,0,0,0,0,0,0,0,0],"id":78,"left_children":[1,3,5,-1,-1,7,9,11,13,-1,-1,-1,-1,-1,-1],"loss_changes":[2.439582E0,2.7224183E-2,8.6876833E-1,0E0,0E0,3.5811353E-2,4.1710615E-2,2.4654437E-4,1.2775697E-4,0E0,0E0,0E0,0E0,0E0,0E0],"parents":[2147483647,0,0,1,1,2,2,5,5,6,6,7,7,8,8],"right_children":[2,4,6,-1,-1,8,10,12,14,-1,-1,-1,-1,-1,-1],"split_conditions":[1.9860093E-1,1.0074842E-1,9.038267E-1,-9.3413524E-2,-2.3773003E-2,6.0394293E-1,1E0,3.0206713E-1,7.029443E-1,2.0574188E-2,8.468628E-2,-6.247902E-3,-2.1331788E-3,3.063202E-3,1.160965E-2],"split_indices":[0,0,0,0,0,0,0,0,0,0,0,0,0,0,0],"split_type":[0,0,0,0,0,0,0,0,0,0,0,0,0,0,0],"sum_hessian":[9E0,2E0,7E0,1E0,1E0,5E0,2E0,3E0,2E0,1E0,1E0,1E0,2E0,1E0,1E0],"tree_param":{"num_deleted":"0","num_feature":"2","num_nodes":"15","size_leaf_vector":"1"}},{"base_weights":[-1.2624407E-2,-7.421813E-1,2.6253748E-1,-8.874285E-2,-2.2584343E-2,1.6724268E-2,6.666514E-1,-4.4608116E-2,9.2926025E-2,1.9545747E-2,8.0451965E-2,-5.9354785E-3,-1.9907632E-3,2.909851E-3,1.1029053E-2],"categories":[],"categories_nodes":[],"categories_segments":[],"categories_sizes":[],"default_left":[0,0,0,0,0,0,0,0,0,0,0,0,0,0,0],"id":79,"left_children":[1,3,5,-1,-1,7,9,11,13,-1,-1,-1,-1,-1,-1],"loss_changes":[2.2023127E0,2.4570107E-2,7.8354317E-1,0E0,0E0,3.2187067E-2,3.7638545E-2,2.7538557E-4,1.1570938E-4,0E0,0E0,0E0,0E0,0E0,0E0],"parents":[2147483647,0,0,1,1,2,2,5,5,6,6,7,7,8,8],"right_children":[2,4,6,-1,-1,8,10,12,14,-1,-1,-1,-1,-1,-1],"split_conditions":[1.9860093E-1,1.0074842E-1,9.038267E-1,-8.874285E-2,-2.2584343E-2,6.0394293E-1,1E0,3.0206713E-1,7.029443E-1,1.9545747E-2,8.0451965E-2,-5.9354785E-3,-1.9907632E-3,2.909851E-3,1.1029053E-2],"split_indices":[0,0,0,0,0,0,0,0,0,0,0,0,0,0,0],"split_type":[0,0,0,0,0,0,0,0,0,0,0,0,0,0,0],"sum_hessian":[9E0,2E0,7E0,1E0,1E0,5E0,2E0,3E0,2E0,1E0,1E0,1E0,2E0,1E0,1E0],"tree_param":{"num_deleted":"0","num_feature":"2","num_nodes":"15","size_leaf_vector":"1"}},{"base_weights":[-1.1895073E-2,-7.0507205E-1,2.4953318E-1,-8.430571E-2,-2.1455098E-2,1.6052881E-2,6.3331604E-1,-4.2128563E-2,8.827718E-2,1.856842E-2,7.642899E-2,-5.638695E-3,-1.8580118E-3,2.7641298E-3,1.0477448E-2],"categories":[],"categories_nodes":[],"categories_segments":[],"categories_sizes":[],"default_left":[0,0,0,0,0,0,0,0,0,0,0,0,0,0,0],"id":80,"left_children":[1,3,5,-1,-1,7,9,11,13,-1,-1,-1,-1,-1,-1],"loss_changes":[1.9880992E0,2.2175074E-2,7.066794E-1,0E0,0E0,2.8931674E-2,3.3967495E-2,2.9537454E-4,1.04883686E-4,0E0,0E0,0E0,0E0,0E0,0E0],"parents":[2147483647,0,0,1,1,2,2,5,5,6,6,7,7,8,8],"right_children":[2,4,6,-1,-1,8,10,12,14,-1,-1,-1,-1,-1,-1],"split_conditions":[1.9860093E-1,1.0074842E-1,9.038267E-1,-8.430571E-2,-2.1455098E-2,6.0394293E-1,1E0,3.0206713E-1,7.029443E-1,1.856842E-2,7.642899E-2,-5.638695E-3,-1.8580118E-3,2.7641298E-3,1.0477448E-2],"split_indices":[0,0,0,0,0,0,0,0,0,0,0,0,0,0,0],"split_type":[0,0,0,0,0,0,0,0,0,0,0,0,0,0,0],"sum_hessian":[9E0,2E0,7E0,1E0,1E0,5E0,2E0,3E0,2E0,1E0,1E0,1E0,2E0,1E0,1E0],"tree_param":{"num_deleted":"0","num_feature":"2","num_nodes":"15","size_leaf_vector":"1"}},{"base_weights":[-1.1207378E-2,-6.698182E-1,2.371726E-1,-8.0090426E-2,-2.038231E-2,1.5405655E-2,6.01649E-1,-3.9788246E-2,8.3862305E-2,1.7639924E-2,7.260742E-2,-5.3567886E-3,-1.7339071E-3,2.6260377E-3,9.953308E-3],"categories":[],"categories_nodes":[],"categories_segments":[],"categories_sizes":[],"default_left":[0,0,0,0,0,0,0,0,0,0,0,0,0,0,0],"id":81,"left_children":[1,3,5,-1,-1,7,9,11,13,-1,-1,-1,-1,-1,-1],"loss_changes":[1.7947198E0,2.001357E-2,6.3736165E-1,0E0,0E0,2.6007071E-2,3.0656457E-2,3.0854903E-4,9.422377E-5,0E0,0E0,0E0,0E0,0E0,0E0],"parents":[2147483647,0,0,1,1,2,2,5,5,6,6,7,7,8,8],"right_children":[2,4,6,-1,-1,8,10,12,14,-1,-1,-1,-1,-1,-1],"split_conditions":[1.9860093E-1,1.0074842E-1,9.038267E-1,-8.0090426E-2,-2.038231E-2,6.0394293E-1,1E0,3.0206713E-1,7.029443E-1,1.7639924E-2,7.260742E-2,-5.3567886E-3,-1.7339071E-3,2.6260377E-3,9.953308E-3],"split_indices":[0,0,0,0,0,0,0,0,0,0,0,0,0,0,0],"split_type":[0,0,0,0,0,0,0,0,0,0,0,0,0,0,0],"sum_hessian":[9E0,2E0,7E0,1E0,1E0,5E0,2E0,3E0,2E0,1E0,1E0,1E0,2E0,1E0,1E0],"tree_param":{"num_deleted":"0","num_feature":"2","num_nodes":"15","size_leaf_vector":"1"}},{"base_weights":[-1.0559559E-2,-6.3632745E-1,2.2542334E-1,-7.60859E-2,-1.9363213E-2,1.4780045E-2,5.715688E-1,-3.758335E-2,7.967123E-2,1.6757965E-2,6.8977356E-2,-5.088997E-3,-1.6184489E-3,2.494812E-3,9.455872E-3],"categories":[],"categories_nodes":[],"categories_segments":[],"categories_sizes":[],"default_left":[0,0,0,0,0,0,0,0,0,0,0,0,0,0,0],"id":82,"left_children":[1,3,5,-1,-1,7,9,11,13,-1,-1,-1,-1,-1,-1],"loss_changes":[1.6201482E0,1.8061876E-2,5.74858E-1,0E0,0E0,2.3381848E-2,2.7668238E-2,3.1535793E-4,8.500554E-5,0E0,0E0,0E0,0E0,0E0,0E0],"parents":[2147483647,0,0,1,1,2,2,5,5,6,6,7,7,8,8],"right_children":[2,4,6,-1,-1,8,10,12,14,-1,-1,-1,-1,-1,-1],"split_conditions":[1.9860093E-1,1.0074842E-1,9.038267E-1,-7.60859E-2,-1.9363213E-2,6.0394293E-1,1E0,3.0206713E-1,7.029443E-1,1.6757965E-2,6.8977356E-2,-5.088997E-3,-1.6184489E-3,2.494812E-3,9.455872E-3],"split_indices":[0,0,0,0,0,0,0,0,0,0,0,0,0,0,0],"split_type":[0,0,0,0,0,0,0,0,0,0,0,0,0,0,0],"sum_hessian":[9E0,2E0,7E0,1E0,1E0,5E0,2E0,3E0,2E0,1E0,1E0,1E0,2E0,1E0,1E0],"tree_param":{"num_deleted":"0","num_feature":"2","num_nodes":"15","size_leaf_vector":"1"}},{"base_weights":[-9.950936E-3,-6.0451096E-1,2.1425295E-1,-7.228161E-2,-1.8395042E-2,1.4176051E-2,5.429891E-1,-3.5502434E-2,7.568868E-2,1.5920257E-2,6.552811E-2,-4.8345565E-3,-1.5106201E-3,2.370453E-3,8.982849E-3],"categories":[],"categories_nodes":[],"categories_segments":[],"categories_sizes":[],"default_left":[0,0,0,0,0,0,0,0,0,0,0,0,0,0,0],"id":83,"left_children":[1,3,5,-1,-1,7,9,11,13,-1,-1,-1,-1,-1,-1],"loss_changes":[1.462545E0,1.6300917E-2,5.1848257E-1,0E0,0E0,2.1022256E-2,2.4966002E-2,3.1748833E-4,7.579662E-5,0E0,0E0,0E0,0E0,0E0,0E0],"parents":[2147483647,0,0,1,1,2,2,5,5,6,6,7,7,8,8],"right_children":[2,4,6,-1,-1,8,10,12,14,-1,-1,-1,-1,-1,-1],"split_conditions":[1.9860093E-1,1.0074842E-1,9.038267E-1,-7.228161E-2,-1.8395042E-2,6.0394293E-1,1E0,3.0206713E-1,7.029443E-1,1.5920257E-2,6.552811E-2,-4.8345565E-3,-1.5106201E-3,2.370453E-3,8.982849E-3],"split_indices":[0,0,0,0,0,0,0,0,0,0,0,0,0,0,0],"split_type":[0,0,0,0,0,0,0,0,0,0,0,0,0,0,0],"sum_hessian":[9E0,2E0,7E0,1E0,1E0,5E0,2E0,3E0,2E0,1E0,1E0,1E0,2E0,1E0,1E0],"tree_param":{"num_deleted":"0","num_feature":"2","num_nodes":"15","size_leaf_vector":"1"}},{"base_weights":[-9.376752E-3,-5.742856E-1,2.0363617E-1,-6.866752E-2,-1.747532E-2,1.3593038E-2,5.158437E-1,-3.353882E-2,7.19045E-2,1.5124512E-2,6.2252045E-2,-4.5928955E-3,-1.4099121E-3,2.2521974E-3,8.533478E-3],"categories":[],"categories_nodes":[],"categories_segments":[],"categories_sizes":[],"default_left":[0,0,0,0,0,0,0,0,0,0,0,0,0,0,0],"id":84,"left_children":[1,3,5,-1,-1,7,9,11,13,-1,-1,-1,-1,-1,-1],"loss_changes":[1.3202741E0,1.4711201E-2,4.6765137E-1,0E0,0E0,1.8901557E-2,2.2529304E-2,3.1588413E-4,6.775558E-5,0E0,0E0,0E0,0E0,0E0,0E0],"parents":[2147483647,0,0,1,1,2,2,5,5,6,6,7,7,8,8],"right_children":[2,4,6,-1,-1,8,10,12,14,-1,-1,-1,-1,-1,-1],"split_conditions":[1.9860093E-1,1.0074842E-1,9.038267E-1,-6.866752E-2,-1.747532E-2,6.0394293E-1,1E0,3.0206713E-1,7.029443E-1,1.5124512E-2,6.2252045E-2,-4.5928955E-3,-1.4099121E-3,2.2521974E-3,8.533478E-3],"split_indices":[0,0,0,0,0,0,0,0,0,0,0,0,0,0,0],"split_type":[0,0,0,0,0,0,0,0,0,0,0,0,0,0,0],"sum_hessian":[9E0,2E0,7E0,1E0,1E0,5E0,2E0,3E0,2E0,1E0,1E0,1E0,2E0,1E0,1E0],"tree_param":{"num_deleted":"0","num_feature":"2","num_nodes":"15","size_leaf_vector":"1"}},{"base_weights":[-8.837437E-3,-5.455714E-1,1.9354248E-1,-6.523415E-2,-1.6601562E-2,1.3031006E-2,4.9005127E-1,-3.1684875E-2,6.830851E-2,1.4368439E-2,5.913925E-2,-4.363251E-3,-1.3158162E-3,2.1392822E-3,8.106994E-3],"categories":[],"categories_nodes":[],"categories_segments":[],"categories_sizes":[],"default_left":[0,0,0,0,0,0,0,0,0,0,0,0,0,0,0],"id":85,"left_children":[1,3,5,-1,-1,7,9,11,13,-1,-1,-1,-1,-1,-1],"loss_changes":[1.191833E0,1.3276696E-2,4.218E-1,0E0,0E0,1.699504E-2,2.0329893E-2,3.112778E-4,6.181933E-5,0E0,0E0,0E0,0E0,0E0,0E0],"parents":[2147483647,0,0,1,1,2,2,5,5,6,6,7,7,8,8],"right_children":[2,4,6,-1,-1,8,10,12,14,-1,-1,-1,-1,-1,-1],"split_conditions":[1.9860093E-1,1.0074842E-1,9.038267E-1,-6.523415E-2,-1.6601562E-2,6.0394293E-1,1E0,3.0206713E-1,7.029443E-1,1.4368439E-2,5.913925E-2,-4.363251E-3,-1.3158162E-3,2.1392822E-3,8.106994E-3],"split_indices":[0,0,0,0,0,0,0,0,0,0,0,0,0,0,0],"split_type":[0,0,0,0,0,0,0,0,0,0,0,0,0,0,0],"sum_hessian":[9E0,2E0,7E0,1E0,1E0,5E0,2E0,3E0,2E0,1E0,1E0,1E0,2E0,1E0,1E0],"tree_param":{"num_deleted":"0","num_feature":"2","num_nodes":"15","size_leaf_vector":"1"}},{"base_weights":[-8.330559E-3,-5.1829284E-1,1.8394661E-1,-6.197244E-2,-1.5771484E-2,1.2489319E-2,4.6554565E-1,-2.9937744E-2,6.489563E-2,1.364975E-2,5.6182098E-2,-4.14505E-3,-1.2283325E-3,2.0324707E-3,7.701874E-3],"categories":[],"categories_nodes":[],"categories_segments":[],"categories_sizes":[],"default_left":[0,0,0,0,0,0,0,0,0,0,0,0,0,0,0],"id":86,"left_children":[1,3,5,-1,-1,7,9,11,13,-1,-1,-1,-1,-1,-1],"loss_changes":[1.0758792E0,1.19822025E-2,3.8044336E-1,0E0,0E0,1.5283505E-2,1.8350482E-2,3.03854E-4,5.563069E-5,0E0,0E0,0E0,0E0,0E0,0E0],"parents":[2147483647,0,0,1,1,2,2,5,5,6,6,7,7,8,8],"right_children":[2,4,6,-1,-1,8,10,12,14,-1,-1,-1,-1,-1,-1],"split_conditions":[1.9860093E-1,1.0074842E-1,9.038267E-1,-6.197244E-2,-1.5771484E-2,6.0394293E-1,1E0,3.0206713E-1,7.029443E-1,1.364975E-2,5.6182098E-2,-4.14505E-3,-1.2283325E-3,2.0324707E-3,7.701874E-3],"split_indices":[0,0,0,0,0,0,0,0,0,0,0,0,0,0,0],"split_type":[0,0,0,0,0,0,0,0,0,0,0,0,0,0,0],"sum_hessian":[9E0,2E0,7E0,1E0,1E0,5E0,2E0,3E0,2E0,1E0,1E0,1E0,2E0,1E0,1E0],"tree_param":{"num_deleted":"0","num_feature":"2","num_nodes":"15","size_leaf_vector":"1"}},{"base_weights":[-7.85327E-3,-4.923781E-1,1.7482519E-1,-5.887382E-2,-1.4982891E-2,1.1967341E-2,4.4226584E-1,-2.8286934E-2,6.1650593E-2,1.2966919E-2,5.3372957E-2,-3.9377213E-3,-1.1464437E-3,1.9309998E-3,7.3165894E-3],"categories":[],"categories_nodes":[],"categories_segments":[],"categories_sizes":[],"default_left":[0,0,0,0,0,0,0,0,0,0,0,0,0,0,0],"id":87,"left_children":[1,3,5,-1,-1,7,9,11,13,-1,-1,-1,-1,-1,-1],"loss_changes":[9.7120255E-1,1.081419E-2,3.4314573E-1,0E0,0E0,1.37436865E-2,1.6565502E-2,2.9482716E-4,4.9860217E-5,0E0,0E0,0E0,0E0,0E0,0E0],"parents":[2147483647,0,0,1,1,2,2,5,5,6,6,7,7,8,8],"right_children":[2,4,6,-1,-1,8,10,12,14,-1,-1,-1,-1,-1,-1],"split_conditions":[1.9860093E-1,1.0074842E-1,9.038267E-1,-5.887382E-2,-1.4982891E-2,6.0394293E-1,1E0,3.0206713E-1,7.029443E-1,1.2966919E-2,5.3372957E-2,-3.9377213E-3,-1.1464437E-3,1.9309998E-3,7.3165894E-3],"split_indices":[0,0,0,0,0,0,0,0,0,0,0,0,0,0,0],"split_type":[0,0,0,0,0,0,0,0,0,0,0,0,0,0,0],"sum_hessian":[9E0,2E0,7E0,1E0,1E0,5E0,2E0,3E0,2E0,1E0,1E0,1E0,2E0,1E0,1E0],"tree_param":{"num_deleted":"0","num_feature":"2","num_nodes":"15","size_leaf_vector":"1"}},{"base_weights":[-7.4043153E-3,-4.677594E-1,1.6615438E-1,-5.5930134E-2,-1.423378E-2,1.1463801E-2,4.2015076E-1,-2.6730537E-2,5.8568317E-2,1.231842E-2,5.0704192E-2,-3.740883E-3,-1.0701497E-3,1.8341065E-3,6.9511416E-3],"categories":[],"categories_nodes":[],"categories_segments":[],"categories_sizes":[],"default_left":[0,0,0,0,0,0,0,0,0,0,0,0,0,0,0],"id":88,"left_children":[1,3,5,-1,-1,7,9,11,13,-1,-1,-1,-1,-1,-1],"loss_changes":[8.7670654E-1,9.759426E-3,3.0951023E-1,0E0,0E0,1.2360318E-2,1.4951825E-2,2.8432044E-4,4.5718625E-5,0E0,0E0,0E0,0E0,0E0,0E0],"parents":[2147483647,0,0,1,1,2,2,5,5,6,6,7,7,8,8],"right_children":[2,4,6,-1,-1,8,10,12,14,-1,-1,-1,-1,-1,-1],"split_conditions":[1.9860093E-1,1.0074842E-1,9.038267E-1,-5.5930134E-2,-1.423378E-2,6.0394293E-1,1E0,3.0206713E-1,7.029443E-1,1.231842E-2,5.0704192E-2,-3.740883E-3,-1.0701497E-3,1.8341065E-3,6.9511416E-3],"split_indices":[0,0,0,0,0,0,0,0,0,0,0,0,0,0,0],"split_type":[0,0,0,0,0,0,0,0,0,0,0,0,0,0,0],"sum_hessian":[9E0,2E0,7E0,1E0,1E0,5E0,2E0,3E0,2E0,1E0,1E0,1E0,2E0,1E0,1E0],"tree_param":{"num_deleted":"0","num_feature":"2","num_nodes":"15","size_leaf_vector":"1"}},{"base_weights":[-6.980789E-3,-4.443712E-1,1.5791321E-1,-5.3133626E-2,-1.3522053E-2,1.0978699E-2,3.991445E-1,-2.5260925E-2,5.563863E-2,1.1702728E-2,4.8168946E-2,-3.553772E-3,-9.989421E-4,1.7425538E-3,6.603241E-3],"categories":[],"categories_nodes":[],"categories_segments":[],"categories_sizes":[],"default_left":[0,0,0,0,0,0,0,0,0,0,0,0,0,0,0],"id":89,"left_children":[1,3,5,-1,-1,7,9,11,13,-1,-1,-1,-1,-1,-1],"loss_changes":[7.914026E-1,8.808315E-3,2.791795E-1,0E0,0E0,1.1116238E-2,1.3491243E-2,2.7276715E-4,4.088506E-5,0E0,0E0,0E0,0E0,0E0,0E0],"parents":[2147483647,0,0,1,1,2,2,5,5,6,6,7,7,8,8],"right_children":[2,4,6,-1,-1,8,10,12,14,-1,-1,-1,-1,-1,-1],"split_conditions":[1.9860093E-1,1.0074842E-1,9.038267E-1,-5.3133626E-2,-1.3522053E-2,6.0394293E-1,1E0,3.0206713E-1,7.029443E-1,1.1702728E-2,4.8168946E-2,-3.553772E-3,-9.989421E-4,1.7425538E-3,6.603241E-3],"split_indices":[0,0,0,0,0,0,0,0,0,0,0,0,0,0,0],"split_type":[0,0,0,0,0,0,0,0,0,0,0,0,0,0,0],"sum_hessian":[9E0,2E0,7E0,1E0,1E0,5E0,2E0,3E0,2E0,1E0,1E0,1E0,2E0,1E0,1E0],"tree_param":{"num_deleted":"0","num_feature":"2","num_nodes":"15","size_leaf_vector":"1"}},{"base_weights":[-6.5820934E-3,-4.221529E-1,1.5007973E-1,-5.0476946E-2,-1.2845993E-2,1.0513306E-2,3.79186E-1,-2.3872375E-2,5.2856445E-2,1.1117554E-2,4.5760345E-2,-3.376007E-3,-9.3231205E-4,1.6555786E-3,6.2728883E-3],"categories":[],"categories_nodes":[],"categories_segments":[],"categories_sizes":[],"default_left":[0,0,0,0,0,0,0,0,0,0,0,0,0,0,0],"id":90,"left_children":[1,3,5,-1,-1,7,9,11,13,-1,-1,-1,-1,-1,-1],"loss_changes":[7.143974E-1,7.949054E-3,2.5181785E-1,0E0,0E0,9.997794E-3,1.2175798E-2,2.606851E-4,3.6600977E-5,0E0,0E0,0E0,0E0,0E0,0E0],"parents":[2147483647,0,0,1,1,2,2,5,5,6,6,7,7,8,8],"right_children":[2,4,6,-1,-1,8,10,12,14,-1,-1,-1,-1,-1,-1],"split_conditions":[1.9860093E-1,1.0074842E-1,9.038267E-1,-5.0476946E-2,-1.2845993E-2,6.0394293E-1,1E0,3.0206713E-1,7.029443E-1,1.1117554E-2,4.5760345E-2,-3.376007E-3,-9.3231205E-4,1.6555786E-3,6.2728883E-3],"split_indices":[0,0,0,0,0,0,0,0,0,0,0,0,0,0,0],"split_type":[0,0,0,0,0,0,0,0,0,0,0,0,0,0,0],"sum_hessian":[9E0,2E0,7E0,1E0,1E0,5E0,2E0,3E0,2E0,1E0,1E0,1E0,2E0,1E0,1E0],"tree_param":{"num_deleted":"0","num_feature":"2","num_nodes":"15","size_leaf_vector":"1"}},{"base_weights":[-6.2079728E-3,-4.0104526E-1,1.4263201E-1,-4.7953095E-2,-1.2203693E-2,1.00638075E-2,3.602244E-1,-2.256298E-2,5.021159E-2,1.0561371E-2,4.347229E-2,-3.2072067E-3,-8.702596E-4,1.5724183E-3,5.9593203E-3],"categories":[],"categories_nodes":[],"categories_segments":[],"categories_sizes":[],"default_left":[0,0,0,0,0,0,0,0,0,0,0,0,0,0,0],"id":91,"left_children":[1,3,5,-1,-1,7,9,11,13,-1,-1,-1,-1,-1,-1],"loss_changes":[6.448776E-1,7.1739852E-3,2.271414E-1,0E0,0E0,8.992282E-3,1.0991663E-2,2.4808804E-4,3.3587683E-5,0E0,0E0,0E0,0E0,0E0,0E0],"parents":[2147483647,0,0,1,1,2,2,5,5,6,6,7,7,8,8],"right_children":[2,4,6,-1,-1,8,10,12,14,-1,-1,-1,-1,-1,-1],"split_conditions":[1.9860093E-1,1.0074842E-1,9.038267E-1,-4.7953095E-2,-1.2203693E-2,6.0394293E-1,1E0,3.0206713E-1,7.029443E-1,1.0561371E-2,4.347229E-2,-3.2072067E-3,-8.702596E-4,1.5724183E-3,5.9593203E-3],"split_indices":[0,0,0,0,0,0,0,0,0,0,0,0,0,0,0],"split_type":[0,0,0,0,0,0,0,0,0,0,0,0,0,0,0],"sum_hessian":[9E0,2E0,7E0,1E0,1E0,5E0,2E0,3E0,2E0,1E0,1E0,1E0,2E0,1E0,1E0],"tree_param":{"num_deleted":"0","num_feature":"2","num_nodes":"15","size_leaf_vector":"1"}},{"base_weights":[-5.8544995E-3,-3.8099316E-1,1.3555431E-1,-4.5555443E-2,-1.1593533E-2,9.632111E-3,3.4221396E-1,-2.1326065E-2,4.7698975E-2,1.0033417E-2,4.1298676E-2,-3.0467988E-3,-8.122762E-4,1.4938355E-3,5.6610107E-3],"categories":[],"categories_nodes":[],"categories_segments":[],"categories_sizes":[],"default_left":[0,0,0,0,0,0,0,0,0,0,0,0,0,0,0],"id":92,"left_children":[1,3,5,-1,-1,7,9,11,13,-1,-1,-1,-1,-1,-1],"loss_changes":[5.821244E-1,6.4742863E-3,2.0488805E-1,0E0,0E0,8.088115E-3,9.918869E-3,2.3532996E-4,3.0141324E-5,0E0,0E0,0E0,0E0,0E0,0E0],"parents":[2147483647,0,0,1,1,2,2,5,5,6,6,7,7,8,8],"right_children":[2,4,6,-1,-1,8,10,12,14,-1,-1,-1,-1,-1,-1],"split_conditions":[1.9860093E-1,1.0074842E-1,9.038267E-1,-4.5555443E-2,-1.1593533E-2,6.0394293E-1,1E0,3.0206713E-1,7.029443E-1,1.0033417E-2,4.1298676E-2,-3.0467988E-3,-8.122762E-4,1.4938355E-3,5.6610107E-3],"split_indices":[0,0,0,0,0,0,0,0,0,0,0,0,0,0,0],"split_type":[0,0,0,0,0,0,0,0,0,0,0,0,0,0,0],"sum_hessian":[9E0,2E0,7E0,1E0,1E0,5E0,2E0,3E0,2E0,1E0,1E0,1E0,2E0,1E0,1E0],"tree_param":{"num_deleted":"0","num_feature":"2","num_nodes":"15","size_leaf_vector":"1"}},{"base_weights":[-5.5233478E-3,-3.6194372E-1,1.2882471E-1,-4.327767E-2,-1.101389E-2,9.216945E-3,3.2509866E-1,-2.0159721E-2,4.531352E-2,9.531403E-3,3.9233398E-2,-2.8944016E-3,-7.583618E-4,1.4190674E-3,5.3779604E-3],"categories":[],"categories_nodes":[],"categories_segments":[],"categories_sizes":[],"default_left":[0,0,0,0,0,0,0,0,0,0,0,0,0,0,0],"id":93,"left_children":[1,3,5,-1,-1,7,9,11,13,-1,-1,-1,-1,-1,-1],"loss_changes":[5.254712E-1,5.8426857E-3,1.848107E-1,0E0,0E0,7.2758896E-3,8.953989E-3,2.2238842E-4,2.7297065E-5,0E0,0E0,0E0,0E0,0E0,0E0],"parents":[2147483647,0,0,1,1,2,2,5,5,6,6,7,7,8,8],"right_children":[2,4,6,-1,-1,8,10,12,14,-1,-1,-1,-1,-1,-1],"split_conditions":[1.9860093E-1,1.0074842E-1,9.038267E-1,-4.327767E-2,-1.101389E-2,6.0394293E-1,1E0,3.0206713E-1,7.029443E-1,9.531403E-3,3.9233398E-2,-2.8944016E-3,-7.583618E-4,1.4190674E-3,5.3779604E-3],"split_indices":[0,0,0,0,0,0,0,0,0,0,0,0,0,0,0],"split_type":[0,0,0,0,0,0,0,0,0,0,0,0,0,0,0],"sum_hessian":[9E0,2E0,7E0,1E0,1E0,5E0,2E0,3E0,2E0,1E0,1E0,1E0,2E0,1E0,1E0],"tree_param":{"num_deleted":"0","num_feature":"2","num_nodes":"15","size_leaf_vector":"1"}},{"base_weights":[-5.209404E-3,-3.4384683E-1,1.224308E-1,-4.1113786E-2,-1.0463238E-2,8.81958E-3,3.08843E-1,-1.9058228E-2,4.305013E-2,9.054566E-3,3.7271883E-2,-2.7496337E-3,-7.0800784E-4,1.348114E-3,5.1094056E-3],"categories":[],"categories_nodes":[],"categories_segments":[],"categories_sizes":[],"default_left":[0,0,0,0,0,0,0,0,0,0,0,0,0,0,0],"id":94,"left_children":[1,3,5,-1,-1,7,9,11,13,-1,-1,-1,-1,-1,-1],"loss_changes":[4.7433493E-1,5.272627E-3,1.6670424E-1,0E0,0E0,6.5460955E-3,8.083701E-3,2.0961557E-4,2.4745706E-5,0E0,0E0,0E0,0E0,0E0,0E0],"parents":[2147483647,0,0,1,1,2,2,5,5,6,6,7,7,8,8],"right_children":[2,4,6,-1,-1,8,10,12,14,-1,-1,-1,-1,-1,-1],"split_conditions":[1.9860093E-1,1.0074842E-1,9.038267E-1,-4.1113786E-2,-1.0463238E-2,6.0394293E-1,1E0,3.0206713E-1,7.029443E-1,9.054566E-3,3.7271883E-2,-2.7496337E-3,-7.0800784E-4,1.348114E-3,5.1094056E-3],"split_indices":[0,0,0,0,0,0,0,0,0,0,0,0,0,0,0],"split_type":[0,0,0,0,0,0,0,0,0,0,0,0,0,0,0],"sum_hessian":[9E0,2E0,7E0,1E0,1E0,5E0,2E0,3E0,2E0,1E0,1E0,1E0,2E0,1E0,1E0],"tree_param":{"num_deleted":"0","num_feature":"2","num_nodes":"15","size_leaf_vector":"1"}},{"base_weights":[-4.912722E-3,-3.2665431E-1,1.16354465E-1,-3.9058097E-2,-9.940052E-3,8.438746E-3,2.934011E-1,-1.8015862E-2,4.089864E-2,8.602142E-3,3.540802E-2,-2.612114E-3,-6.6070555E-4,1.2809754E-3,4.853821E-3],"categories":[],"categories_nodes":[],"categories_segments":[],"categories_sizes":[],"default_left":[0,0,0,0,0,0,0,0,0,0,0,0,0,0,0],"id":95,"left_children":[1,3,5,-1,-1,7,9,11,13,-1,-1,-1,-1,-1,-1],"loss_changes":[4.2817467E-1,4.7587752E-3,1.5037298E-1,0E0,0E0,5.889107E-3,7.2923303E-3,1.9730232E-4,2.1998305E-5,0E0,0E0,0E0,0E0,0E0,0E0],"parents":[2147483647,0,0,1,1,2,2,5,5,6,6,7,7,8,8],"right_children":[2,4,6,-1,-1,8,10,12,14,-1,-1,-1,-1,-1,-1],"split_conditions":[1.9860093E-1,1.0074842E-1,9.038267E-1,-3.9058097E-2,-9.940052E-3,6.0394293E-1,1E0,3.0206713E-1,7.029443E-1,8.602142E-3,3.540802E-2,-2.612114E-3,-6.6070555E-4,1.2809754E-3,4.853821E-3],"split_indices":[0,0,0,0,0,0,0,0,0,0,0,0,0,0,0],"split_type":[0,0,0,0,0,0,0,0,0,0,0,0,0,0,0],"sum_hessian":[9E0,2E0,7E0,1E0,1E0,5E0,2E0,3E0,2E0,1E0,1E0,1E0,2E0,1E0,1E0],"tree_param":{"num_deleted":"0","num_feature":"2","num_nodes":"15","size_leaf_vector":"1"}},{"base_weights":[-4.6344995E-3,-3.103219E-1,1.1057758E-1,-3.710519E-2,-9.443092E-3,8.073171E-3,2.787272E-1,-1.7030716E-2,3.8853962E-2,8.171844E-3,3.3637237E-2,-2.4814606E-3,-6.164551E-4,1.2168884E-3,4.6112062E-3],"categories":[],"categories_nodes":[],"categories_segments":[],"categories_sizes":[],"default_left":[0,0,0,0,0,0,0,0,0,0,0,0,0,0,0],"id":96,"left_children":[1,3,5,-1,-1,7,9,11,13,-1,-1,-1,-1,-1,-1],"loss_changes":[3.8650346E-1,4.2943954E-3,1.3563842E-1,0E0,0E0,5.2980157E-3,6.581977E-3,1.8535322E-4,1.9916333E-5,0E0,0E0,0E0,0E0,0E0,0E0],"parents":[2147483647,0,0,1,1,2,2,5,5,6,6,7,7,8,8],"right_children":[2,4,6,-1,-1,8,10,12,14,-1,-1,-1,-1,-1,-1],"split_conditions":[1.9860093E-1,1.0074842E-1,9.038267E-1,-3.710519E-2,-9.443092E-3,6.0394293E-1,1E0,3.0206713E-1,7.029443E-1,8.171844E-3,3.3637237E-2,-2.4814606E-3,-6.164551E-4,1.2168884E-3,4.6112062E-3],"split_indices":[0,0,0,0,0,0,0,0,0,0,0,0,0,0,0],"split_type":[0,0,0,0,0,0,0,0,0,0,0,0,0,0,0],"sum_hessian":[9E0,2E0,7E0,1E0,1E0,5E0,2E0,3E0,2E0,1E0,1E0,1E0,2E0,1E0,1E0],"tree_param":{"num_deleted":"0","num_feature":"2","num_nodes":"15","size_leaf_vector":"1"}},{"base_weights":[-4.3715117E-3,-2.9480574E-1,1.0508776E-1,-3.524993E-2,-8.970928E-3,7.721583E-3,2.6479086E-1,-1.6100883E-2,3.691101E-2,7.762909E-3,3.195572E-2,-2.3572922E-3,-5.7525636E-4,1.1558533E-3,4.3807984E-3],"categories":[],"categories_nodes":[],"categories_segments":[],"categories_sizes":[],"default_left":[0,0,0,0,0,0,0,0,0,0,0,0,0,0,0],"id":97,"left_children":[1,3,5,-1,-1,7,9,11,13,-1,-1,-1,-1,-1,-1],"loss_changes":[3.4888765E-1,3.875792E-3,1.2235282E-1,0E0,0E0,4.7664847E-3,5.9435666E-3,1.7368747E-4,1.821015E-5,0E0,0E0,0E0,0E0,0E0,0E0],"parents":[2147483647,0,0,1,1,2,2,5,5,6,6,7,7,8,8],"right_children":[2,4,6,-1,-1,8,10,12,14,-1,-1,-1,-1,-1,-1],"split_conditions":[1.9860093E-1,1.0074842E-1,9.038267E-1,-3.524993E-2,-8.970928E-3,6.0394293E-1,1E0,3.0206713E-1,7.029443E-1,7.762909E-3,3.195572E-2,-2.3572922E-3,-5.7525636E-4,1.1558533E-3,4.3807984E-3],"split_indices":[0,0,0,0,0,0,0,0,0,0,0,0,0,0,0],"split_type":[0,0,0,0,0,0,0,0,0,0,0,0,0,0,0],"sum_hessian":[9E0,2E0,7E0,1E0,1E0,5E0,2E0,3E0,2E0,1E0,1E0,1E0,2E0,1E0,1E0],"tree_param":{"num_deleted":"0","num_feature":"2","num_nodes":"15","size_leaf_vector":"1"}},{"base_weights":[-4.1250587E-3,-2.8006566E-1,9.98683E-2,-3.3487435E-2,-8.5224155E-3,7.382075E-3,2.515513E-1,-1.522541E-2,3.5064697E-2,7.374573E-3,3.0358125E-2,-2.239418E-3,-5.371094E-4,1.09787E-3,4.1618347E-3],"categories":[],"categories_nodes":[],"categories_segments":[],"categories_sizes":[],"default_left":[0,0,0,0,0,0,0,0,0,0,0,0,0,0,0],"id":98,"left_children":[1,3,5,-1,-1,7,9,11,13,-1,-1,-1,-1,-1,-1],"loss_changes":[3.1492954E-1,3.4976304E-3,1.1037174E-1,0E0,0E0,4.2888816E-3,5.3658187E-3,1.622921E-4,1.6638078E-5,0E0,0E0,0E0,0E0,0E0,0E0],"parents":[2147483647,0,0,1,1,2,2,5,5,6,6,7,7,8,8],"right_children":[2,4,6,-1,-1,8,10,12,14,-1,-1,-1,-1,-1,-1],"split_conditions":[1.9860093E-1,1.0074842E-1,9.038267E-1,-3.3487435E-2,-8.5224155E-3,6.0394293E-1,1E0,3.0206713E-1,7.029443E-1,7.374573E-3,3.0358125E-2,-2.239418E-3,-5.371094E-4,1.09787E-3,4.1618347E-3],"split_indices":[0,0,0,0,0,0,0,0,0,0,0,0,0,0,0],"split_type":[0,0,0,0,0,0,0,0,0,0,0,0,0,0,0],"sum_hessian":[9E0,2E0,7E0,1E0,1E0,5E0,2E0,3E0,2E0,1E0,1E0,1E0,2E0,1E0,1E0],"tree_param":{"num_deleted":"0","num_feature":"2","num_nodes":"15","size_leaf_vector":"1"}},{"base_weights":[-3.893304E-3,-2.660625E-1,9.490681E-2,-3.1813063E-2,-8.096314E-3,7.055918E-3,2.3897298E-1,-1.4398575E-2,3.3309937E-2,7.006073E-3,2.8839875E-2,-2.1274567E-3,-5.015055E-4,1.0429382E-3,3.9535523E-3],"categories":[],"categories_nodes":[],"categories_segments":[],"categories_sizes":[],"default_left":[0,0,0,0,0,0,0,0,0,0,0,0,0,0,0],"id":99,"left_children":[1,3,5,-1,-1,7,9,11,13,-1,-1,-1,-1,-1,-1],"loss_changes":[2.842746E-1,3.1564683E-3,9.9564545E-2,0E0,0E0,3.8592156E-3,4.8404336E-3,1.5139091E-4,1.5003374E-5,0E0,0E0,0E0,0E0,0E0,0E0],"parents":[2147483647,0,0,1,1,2,2,5,5,6,6,7,7,8,8],"right_children":[2,4,6,-1,-1,8,10,12,14,-1,-1,-1,-1,-1,-1],"split_conditions":[1.9860093E-1,1.0074842E-1,9.038267E-1,-3.1813063E-2,-8.096314E-3,6.0394293E-1,1E0,3.0206713E-1,7.029443E-1,7.006073E-3,2.8839875E-2,-2.1274567E-3,-5.015055E-4,1.0429382E-3,3.9535523E-3],"split_indices":[0,0,0,0,0,0,0,0,0,0,0,0,0,0,0],"split_type":[0,0,0,0,0,0,0,0,0,0,0,0,0,0,0],"sum_hessian":[9E0,2E0,7E0,1E0,1E0,5E0,2E0,3E0,2E0,1E0,1E0,1E0,2E0,1E0,1E0],"tree_param":{"num_deleted":"0","num_feature":"2","num_nodes":"15","size_leaf_vector":"1"}}]},"name":"gbtree"},"learner_model_param":{"base_score":"1.0062222E2","boost_from_average":"1","num_class":"0","num_feature":"2","num_target":"1"},"objective":{"name":"reg:squarederror","reg_loss_param":{"scale_pos_weight":"1"}}},"version":[2,0,1]}