{"model_name": "PolynomialRegressionTrainer_4", "model_class": "scikit", "model_file": "PolynomialRegressionTrainer_4.json", "features": ["bpf_cpu_time_ms", "bpf_page_cache_hit", "cache_miss", "cgroupfs_cpu_usage_us", "cgroupfs_memory_usage_bytes", "cgroupfs_system_cpu_usage_us", "cgroupfs_user_cpu_usage_us", "cpu_cycles", "cpu_instructions"], "fe_files": ["poly_scaler.pkl"], "output_type": "DynPower", "mae": 3.24, "mape": 4.09, "package_mae": 3.24, "core_mae": 0.0, "uncore_mae": 0.0, "dram_mae": 0.83, "package_mape": 2.48, "core_mape": -1, "uncore_mape": -1, "dram_mape": 4.09}