{"learner":{"attributes":{"scikit_learn":"{\"_estimator_type\": \"regressor\"}"},"feature_names":[],"feature_types":[],"gradient_booster":{"model":{"gbtree_model_param":{"num_parallel_tree":"1","num_trees":"100"},"iteration_indptr":[0,1,2,3,4,5,6,7,8,9,10,11,12,13,14,15,16,17,18,19,20,21,22,23,24,25,26,27,28,29,30,31,32,33,34,35,36,37,38,39,40,41,42,43,44,45,46,47,48,49,50,51,52,53,54,55,56,57,58,59,60,61,62,63,64,65,66,67,68,69,70,71,72,73,74,75,76,77,78,79,80,81,82,83,84,85,86,87,88,89,90,91,92,93,94,95,96,97,98,99,100],"tree_info":[0,0,0,0,0,0,0,0,0,0,0,0,0,0,0,0,0,0,0,0,0,0,0,0,0,0,0,0,0,0,0,0,0,0,0,0,0,0,0,0,0,0,0,0,0,0,0,0,0,0,0,0,0,0,0,0,0,0,0,0,0,0,0,0,0,0,0,0,0,0,0,0,0,0,0,0,0,0,0,0,0,0,0,0,0,0,0,0,0,0,0,0,0,0,0,0,0,0,0,0],"trees":[{"base_weights":[-1.9073487E-7,-1.288E1,1.0733334E1,-1.4625E0,-2.95E-1,3.466666E-1,1.35E0],"categories":[],"categories_nodes":[],"categories_segments":[],"categories_sizes":[],"default_left":[0,0,0,0,0,0,0],"id":0,"left_children":[1,3,5,-1,-1,-1,-1],"loss_changes":[1.5206987E3,4.3495483E1,7.382678E1,0E0,0E0,0E0,0E0],"parents":[2147483647,0,0,1,1,2,2],"right_children":[2,4,6,-1,-1,-1,-1],"split_conditions":[5.0337857E-1,2.999317E-1,7.042061E-1,-1.4625E0,-2.95E-1,3.466666E-1,1.35E0],"split_indices":[0,0,0,0,0,0,0],"split_type":[0,0,0,0,0,0,0],"sum_hessian":[9E0,4E0,5E0,3E0,1E0,2E0,3E0],"tree_param":{"num_deleted":"0","num_feature":"2","num_nodes":"7","size_leaf_vector":"1"}},{"base_weights":[-6.0834885E-3,-1.19435005E1,9.942778E0,-1.3528126E0,-2.8024998E-1,3.235555E-1,1.2487501E0],"categories":[],"categories_nodes":[],"categories_segments":[],"categories_sizes":[],"default_left":[0,0,0,0,0,0,0],"id":1,"left_children":[1,3,5,-1,-1,-1,-1],"loss_changes":[1.3063885E3,3.4512756E1,6.200415E1,0E0,0E0,0E0,0E0],"parents":[2147483647,0,0,1,1,2,2],"right_children":[2,4,6,-1,-1,-1,-1],"split_conditions":[5.0337857E-1,2.999317E-1,7.042061E-1,-1.3528126E0,-2.8024998E-1,3.235555E-1,1.2487501E0],"split_indices":[0,0,0,0,0,0,0],"split_type":[0,0,0,0,0,0,0],"sum_hessian":[9E0,4E0,5E0,3E0,1E0,2E0,3E0],"tree_param":{"num_deleted":"0","num_feature":"2","num_nodes":"7","size_leaf_vector":"1"}},{"base_weights":[-1.1550617E-2,-1.1075763E1,9.210551E0,-1.395646E0,-4.5031458E-1,1.1648884E-1,1.0586706E0],"categories":[],"categories_nodes":[],"categories_segments":[],"categories_sizes":[],"default_left":[0,0,0,0,0,0,0],"id":2,"left_children":[1,3,5,-1,-1,-1,-1],"loss_changes":[1.122367E3,3.1820557E1,5.410013E1,0E0,0E0,0E0,0E0],"parents":[2147483647,0,0,1,1,2,2],"right_children":[2,4,6,-1,-1,-1,-1],"split_conditions":[5.0337857E-1,1.9911352E-1,6.050859E-1,-1.395646E0,-4.5031458E-1,1.1648884E-1,1.0586706E0],"split_indices":[0,0,0,0,0,0,0],"split_type":[0,0,0,0,0,0,0],"sum_hessian":[9E0,4E0,5E0,2E0,2E0,1E0,4E0],"tree_param":{"num_deleted":"0","num_feature":"2","num_nodes":"7","size_leaf_vector":"1"}},{"base_weights":[-7.747545E-2,-1.03373785E1,8.485356E0,-1.302603E0,-4.2029357E-1,2.6281318E-1,1.0756936E0],"categories":[],"categories_nodes":[],"categories_segments":[],"categories_sizes":[],"default_left":[0,0,0,0,0,0,0],"id":3,"left_children":[1,3,5,-1,-1,-1,-1],"loss_changes":[9.662547E2,2.77193E1,5.156024E1,0E0,0E0,0E0,0E0],"parents":[2147483647,0,0,1,1,2,2],"right_children":[2,4,6,-1,-1,-1,-1],"split_conditions":[5.0337857E-1,1.9911352E-1,7.042061E-1,-1.302603E0,-4.2029357E-1,2.6281318E-1,1.0756936E0],"split_indices":[0,0,0,0,0,0,0],"split_type":[0,0,0,0,0,0,0],"sum_hessian":[9E0,4E0,5E0,2E0,2E0,2E0,3E0],"tree_param":{"num_deleted":"0","num_feature":"2","num_nodes":"7","size_leaf_vector":"1"}},{"base_weights":[-1.08167365E-1,-9.64822E0,7.859905E0,-1.2157627E0,-3.92274E-1,2.4529229E-1,9.950165E-1],"categories":[],"categories_nodes":[],"categories_segments":[],"categories_sizes":[],"default_left":[0,0,0,0,0,0,0],"id":4,"left_children":[1,3,5,-1,-1,-1,-1],"loss_changes":[8.359924E2,2.4146606E1,4.3405E1,0E0,0E0,0E0,0E0],"parents":[2147483647,0,0,1,1,2,2],"right_children":[2,4,6,-1,-1,-1,-1],"split_conditions":[5.0337857E-1,1.9911352E-1,7.042061E-1,-1.2157627E0,-3.92274E-1,2.4529229E-1,9.950165E-1],"split_indices":[0,0,0,0,0,0,0],"split_type":[0,0,0,0,0,0,0],"sum_hessian":[9E0,4E0,5E0,2E0,2E0,2E0,3E0],"tree_param":{"num_deleted":"0","num_feature":"2","num_nodes":"7","size_leaf_vector":"1"}},{"base_weights":[-1.3412371E-1,-9.005005E0,7.2806315E0,-1.0240791E0,-2.0309325E-1,3.235013E0,1.0247912E0,8.525906E-2,3.7449571E-1],"categories":[],"categories_nodes":[],"categories_segments":[],"categories_sizes":[],"default_left":[0,0,0,0,0,0,0,0,0],"id":5,"left_children":[1,3,5,-1,-1,7,-1,-1,-1],"loss_changes":[7.233163E2,2.2293884E1,3.8874786E1,0E0,0E0,1.6666946E0,0E0,0E0,0E0],"parents":[2147483647,0,0,1,1,2,2,5,5],"right_children":[2,4,6,-1,-1,8,-1,-1,-1],"split_conditions":[5.0337857E-1,2.999317E-1,9.060032E-1,-1.0240791E0,-2.0309325E-1,6.050859E-1,1.0247912E0,8.525906E-2,3.7449571E-1],"split_indices":[0,0,0,0,0,0,0,0,0],"split_type":[0,0,0,0,0,0,0,0,0],"sum_hessian":[9E0,4E0,5E0,3E0,1E0,3E0,2E0,1E0,2E0],"tree_param":{"num_deleted":"0","num_feature":"2","num_nodes":"9","size_leaf_vector":"1"}},{"base_weights":[-9.497442E-2,-8.349939E0,6.799992E0,-1.06644E0,-3.2521662E-1,3.0264502E0,9.5647174E-1,8.099613E-2,3.4952927E-1],"categories":[],"categories_nodes":[],"categories_segments":[],"categories_sizes":[],"default_left":[0,0,0,0,0,0,0,0,0],"id":6,"left_children":[1,3,5,-1,-1,7,-1,-1,-1],"loss_changes":[6.259566E2,2.4310577E1,3.364972E1,0E0,0E0,1.3256836E0,0E0,0E0,0E0],"parents":[2147483647,0,0,1,1,2,2,5,5],"right_children":[2,4,6,-1,-1,8,-1,-1,-1],"split_conditions":[5.0337857E-1,1.9911352E-1,9.060032E-1,-1.06644E0,-3.2521662E-1,6.050859E-1,9.5647174E-1,8.099613E-2,3.4952927E-1],"split_indices":[0,0,0,0,0,0,0,0,0],"split_type":[0,0,0,0,0,0,0,0,0],"sum_hessian":[9E0,4E0,5E0,2E0,2E0,3E0,2E0,1E0,2E0],"tree_param":{"num_deleted":"0","num_feature":"2","num_nodes":"9","size_leaf_vector":"1"}},{"base_weights":[-8.594255E-2,-7.793277E0,6.3511596E0,-9.95344E-1,-3.0353555E-1,2.8314366E0,8.9270705E-1,7.6946355E-2,3.262273E-1],"categories":[],"categories_nodes":[],"categories_segments":[],"categories_sizes":[],"default_left":[0,0,0,0,0,0,0,0,0],"id":7,"left_children":[1,3,5,-1,-1,7,-1,-1,-1],"loss_changes":[5.4562537E2,2.1177185E1,2.9122528E1,0E0,0E0,1.043293E0,0E0,0E0,0E0],"parents":[2147483647,0,0,1,1,2,2,5,5],"right_children":[2,4,6,-1,-1,8,-1,-1,-1],"split_conditions":[5.0337857E-1,1.9911352E-1,9.060032E-1,-9.95344E-1,-3.0353555E-1,6.050859E-1,8.9270705E-1,7.6946355E-2,3.262273E-1],"split_indices":[0,0,0,0,0,0,0,0,0],"split_type":[0,0,0,0,0,0,0,0,0],"sum_hessian":[9E0,4E0,5E0,2E0,2E0,3E0,2E0,1E0,2E0],"tree_param":{"num_deleted":"0","num_feature":"2","num_nodes":"9","size_leaf_vector":"1"}},{"base_weights":[-7.764864E-2,-7.273725E0,5.932023E0,-9.289877E-1,-2.8329983E-1,2.6490855E0,8.3319324E-1,7.309904E-2,3.0447873E-1],"categories":[],"categories_nodes":[],"categories_segments":[],"categories_sizes":[],"default_left":[0,0,0,0,0,0,0,0,0],"id":8,"left_children":[1,3,5,-1,-1,7,-1,-1,-1],"loss_changes":[4.7560846E2,1.8447693E1,2.5200531E1,0E0,0E0,8.102627E-1,0E0,0E0,0E0],"parents":[2147483647,0,0,1,1,2,2,5,5],"right_children":[2,4,6,-1,-1,8,-1,-1,-1],"split_conditions":[5.0337857E-1,1.9911352E-1,9.060032E-1,-9.289877E-1,-2.8329983E-1,6.050859E-1,8.3319324E-1,7.309904E-2,3.0447873E-1],"split_indices":[0,0,0,0,0,0,0,0,0],"split_type":[0,0,0,0,0,0,0,0,0],"sum_hessian":[9E0,4E0,5E0,2E0,2E0,3E0,2E0,1E0,2E0],"tree_param":{"num_deleted":"0","num_feature":"2","num_nodes":"9","size_leaf_vector":"1"}},{"base_weights":[-7.003546E-2,-6.78881E0,5.5406156E0,-8.670551E-1,-2.6441315E-1,2.478572E0,7.776469E-1,6.944408E-2,2.841802E-1],"categories":[],"categories_nodes":[],"categories_segments":[],"categories_sizes":[],"default_left":[0,0,0,0,0,0,0,0,0],"id":9,"left_children":[1,3,5,-1,-1,7,-1,-1,-1],"loss_changes":[4.145812E2,1.6069992E1,2.1803146E1,0E0,0E0,6.187382E-1,0E0,0E0,0E0],"parents":[2147483647,0,0,1,1,2,2,5,5],"right_children":[2,4,6,-1,-1,8,-1,-1,-1],"split_conditions":[5.0337857E-1,1.9911352E-1,9.060032E-1,-8.670551E-1,-2.6441315E-1,6.050859E-1,7.776469E-1,6.944408E-2,2.841802E-1],"split_indices":[0,0,0,0,0,0,0,0,0],"split_type":[0,0,0,0,0,0,0,0,0],"sum_hessian":[9E0,4E0,5E0,2E0,2E0,3E0,2E0,1E0,2E0],"tree_param":{"num_deleted":"0","num_feature":"2","num_nodes":"9","size_leaf_vector":"1"}},{"base_weights":[-6.305094E-2,-6.3362217E0,5.1751E0,-8.092514E-1,-2.4678555E-1,2.319121E0,7.258039E-1,6.597185E-2,2.652349E-1],"categories":[],"categories_nodes":[],"categories_segments":[],"categories_sizes":[],"default_left":[0,0,0,0,0,0,0,0,0],"id":10,"left_children":[1,3,5,-1,-1,7,-1,-1,-1],"loss_changes":[3.6138873E2,1.3998764E1,1.8860718E1,0E0,0E0,4.6203423E-1,0E0,0E0,0E0],"parents":[2147483647,0,0,1,1,2,2,5,5],"right_children":[2,4,6,-1,-1,8,-1,-1,-1],"split_conditions":[5.0337857E-1,1.9911352E-1,9.060032E-1,-8.092514E-1,-2.4678555E-1,6.050859E-1,7.258039E-1,6.597185E-2,2.652349E-1],"split_indices":[0,0,0,0,0,0,0,0,0],"split_type":[0,0,0,0,0,0,0,0,0],"sum_hessian":[9E0,4E0,5E0,2E0,2E0,3E0,2E0,1E0,2E0],"tree_param":{"num_deleted":"0","num_feature":"2","num_nodes":"9","size_leaf_vector":"1"}},{"base_weights":[-5.664835E-2,-5.913807E0,4.8337584E0,-7.5530136E-1,-2.3033313E-1,1.5041065E-1,6.1225575E-1],"categories":[],"categories_nodes":[],"categories_segments":[],"categories_sizes":[],"default_left":[0,0,0,0,0,0,0],"id":11,"left_children":[1,3,5,-1,-1,-1,-1],"loss_changes":[3.1502478E2,1.2194473E1,1.6538544E1,0E0,0E0,0E0,0E0],"parents":[2147483647,0,0,1,1,2,2],"right_children":[2,4,6,-1,-1,-1,-1],"split_conditions":[5.0337857E-1,1.9911352E-1,7.042061E-1,-7.5530136E-1,-2.3033313E-1,1.5041065E-1,6.1225575E-1],"split_indices":[0,0,0,0,0,0,0],"split_type":[0,0,0,0,0,0,0],"sum_hessian":[9E0,4E0,5E0,2E0,2E0,2E0,3E0],"tree_param":{"num_deleted":"0","num_feature":"2","num_nodes":"7","size_leaf_vector":"1"}},{"base_weights":[-7.328024E-2,-5.519553E0,4.477494E0,-8.21211E-1,-2.793387E-1,1.941741E0,6.3659996E-1,5.5152703E-2,2.2213033E-1],"categories":[],"categories_nodes":[],"categories_segments":[],"categories_sizes":[],"default_left":[0,0,0,0,0,0,0,0,0],"id":12,"left_children":[1,3,5,-1,-1,7,-1,-1,-1],"loss_changes":[2.7256134E2,1.3762192E1,1.6371574E1,0E0,0E0,3.2949734E-1,0E0,0E0,0E0],"parents":[2147483647,0,0,1,1,2,2,5,5],"right_children":[2,4,6,-1,-1,8,-1,-1,-1],"split_conditions":[5.0337857E-1,9.9216625E-2,9.060032E-1,-8.21211E-1,-2.793387E-1,6.050859E-1,6.3659996E-1,5.5152703E-2,2.2213033E-1],"split_indices":[0,0,0,0,0,0,0,0,0],"split_type":[0,0,0,0,0,0,0,0,0],"sum_hessian":[9E0,4E0,5E0,1E0,3E0,3E0,2E0,1E0,2E0],"tree_param":{"num_deleted":"0","num_feature":"2","num_nodes":"9","size_leaf_vector":"1"}},{"base_weights":[-8.461885E-2,-5.187708E0,4.1820583E0,-7.801504E-1,-2.5838825E-1,1.8168879E0,5.9415996E-1,5.2395057E-2,2.0732167E-1],"categories":[],"categories_nodes":[],"categories_segments":[],"categories_sizes":[],"default_left":[0,0,0,0,0,0,0,0,0],"id":13,"left_children":[1,3,5,-1,-1,7,-1,-1,-1],"loss_changes":[2.3942763E2,1.3871185E1,1.4174461E1,0E0,0E0,2.3940563E-1,0E0,0E0,0E0],"parents":[2147483647,0,0,1,1,2,2,5,5],"right_children":[2,4,6,-1,-1,8,-1,-1,-1],"split_conditions":[5.0337857E-1,9.9216625E-2,9.060032E-1,-7.801504E-1,-2.5838825E-1,6.050859E-1,5.9415996E-1,5.2395057E-2,2.0732167E-1],"split_indices":[0,0,0,0,0,0,0,0,0],"split_type":[0,0,0,0,0,0,0,0,0],"sum_hessian":[9E0,4E0,5E0,1E0,3E0,3E0,2E0,1E0,2E0],"tree_param":{"num_deleted":"0","num_feature":"2","num_nodes":"9","size_leaf_vector":"1"}},{"base_weights":[-9.462261E-2,-4.8766446E0,3.906166E0,-7.411429E-1,-2.3900913E-1,1.7001286E0,5.545494E-1,4.9775314E-2,1.9350027E-1],"categories":[],"categories_nodes":[],"categories_segments":[],"categories_sizes":[],"default_left":[0,0,0,0,0,0,0,0,0],"id":14,"left_children":[1,3,5,-1,-1,7,-1,-1,-1],"loss_changes":[2.1036757E2,1.38004E1,1.2270462E1,0E0,0E0,1.6647339E-1,0E0,0E0,0E0],"parents":[2147483647,0,0,1,1,2,2,5,5],"right_children":[2,4,6,-1,-1,8,-1,-1,-1],"split_conditions":[5.0337857E-1,9.9216625E-2,9.060032E-1,-7.411429E-1,-2.3900913E-1,6.050859E-1,5.545494E-1,4.9775314E-2,1.9350027E-1],"split_indices":[0,0,0,0,0,0,0,0,0],"split_type":[0,0,0,0,0,0,0,0,0],"sum_hessian":[9E0,4E0,5E0,1E0,3E0,3E0,2E0,1E0,2E0],"tree_param":{"num_deleted":"0","num_feature":"2","num_nodes":"9","size_leaf_vector":"1"}},{"base_weights":[-1.03393175E-1,-4.58501E0,3.6485198E0,-7.0408577E-1,-2.210834E-1,1.5909343E0,5.1757944E-1,4.728651E-2,1.8060023E-1],"categories":[],"categories_nodes":[],"categories_segments":[],"categories_sizes":[],"default_left":[0,0,0,0,0,0,0,0,0],"id":15,"left_children":[1,3,5,-1,-1,7,-1,-1,-1],"loss_changes":[1.8487488E2,1.3586906E1,1.0620636E1,0E0,0E0,1.0784817E-1,0E0,0E0,0E0],"parents":[2147483647,0,0,1,1,2,2,5,5],"right_children":[2,4,6,-1,-1,8,-1,-1,-1],"split_conditions":[5.0337857E-1,9.9216625E-2,9.060032E-1,-7.0408577E-1,-2.210834E-1,6.050859E-1,5.1757944E-1,4.728651E-2,1.8060023E-1],"split_indices":[0,0,0,0,0,0,0,0,0],"split_type":[0,0,0,0,0,0,0,0,0],"sum_hessian":[9E0,4E0,5E0,1E0,3E0,3E0,2E0,1E0,2E0],"tree_param":{"num_deleted":"0","num_feature":"2","num_nodes":"9","size_leaf_vector":"1"}},{"base_weights":[-1.110239E-1,-4.3115435E0,3.407913E0,-6.688815E-1,-2.0450218E0,1.4888129E0,4.830742E-1,-2.32424E-1,-6.0368348E-2,4.492216E-2,1.6856028E-1],"categories":[],"categories_nodes":[],"categories_segments":[],"categories_sizes":[],"default_left":[0,0,0,0,0,0,0,0,0,0,0],"id":16,"left_children":[1,3,5,-1,7,9,-1,-1,-1,-1,-1],"loss_changes":[1.6250699E2,1.32619095E1,9.191238E0,0E0,2.0668602E-1,6.111431E-2,0E0,0E0,0E0,0E0,0E0],"parents":[2147483647,0,0,1,1,2,2,4,4,5,5],"right_children":[2,4,6,-1,8,10,-1,-1,-1,-1,-1],"split_conditions":[5.0337857E-1,9.9216625E-2,9.060032E-1,-6.688815E-1,2.999317E-1,6.050859E-1,4.830742E-1,-2.32424E-1,-6.0368348E-2,4.492216E-2,1.6856028E-1],"split_indices":[0,0,0,0,0,0,0,0,0,0,0],"split_type":[0,0,0,0,0,0,0,0,0,0,0],"sum_hessian":[9E0,4E0,5E0,1E0,3E0,3E0,2E0,2E0,1E0,1E0,2E0],"tree_param":{"num_deleted":"0","num_feature":"2","num_nodes":"11","size_leaf_vector":"1"}},{"base_weights":[-1.2643328E-1,-4.072724E0,3.1832144E0,-6.354374E-1,-1.913718E0,1.3933024E0,4.5086923E-1,-2.1692908E-1,-5.734997E-2,4.267607E-2,1.5732294E-1],"categories":[],"categories_nodes":[],"categories_segments":[],"categories_sizes":[],"default_left":[0,0,0,0,0,0,0,0,0,0,0],"id":17,"left_children":[1,3,5,-1,7,9,-1,-1,-1,-1,-1],"loss_changes":[1.4357268E2,1.2470001E1,7.952961E0,0E0,1.2600613E-1,2.4235725E-2,0E0,0E0,0E0,0E0,0E0],"parents":[2147483647,0,0,1,1,2,2,4,4,5,5],"right_children":[2,4,6,-1,8,10,-1,-1,-1,-1,-1],"split_conditions":[5.0337857E-1,9.9216625E-2,9.060032E-1,-6.354374E-1,2.999317E-1,6.050859E-1,4.5086923E-1,-2.1692908E-1,-5.734997E-2,4.267607E-2,1.5732294E-1],"split_indices":[0,0,0,0,0,0,0,0,0,0,0],"split_type":[0,0,0,0,0,0,0,0,0,0,0],"sum_hessian":[9E0,4E0,5E0,1E0,3E0,3E0,2E0,2E0,1E0,1E0,2E0],"tree_param":{"num_deleted":"0","num_feature":"2","num_nodes":"11","size_leaf_vector":"1"}},{"base_weights":[-1.3967495E-1,-3.847395E0,2.9733708E0,-6.0366553E-1,-1.790916E0,1.3039723E-1,4.2081124E-1,-2.0246716E-1,-5.448246E-2],"categories":[],"categories_nodes":[],"categories_segments":[],"categories_sizes":[],"default_left":[0,0,0,0,0,0,0,0,0],"id":18,"left_children":[1,3,5,-1,7,-1,-1,-1,-1],"loss_changes":[1.26862755E2,1.1699699E1,6.8803864E0,0E0,6.20327E-2,0E0,0E0,0E0,0E0],"parents":[2147483647,0,0,1,1,2,2,4,4],"right_children":[2,4,6,-1,8,-1,-1,-1,-1],"split_conditions":[5.0337857E-1,9.9216625E-2,9.060032E-1,-6.0366553E-1,2.999317E-1,1.3039723E-1,4.2081124E-1,-2.0246716E-1,-5.448246E-2],"split_indices":[0,0,0,0,0,0,0,0,0],"split_type":[0,0,0,0,0,0,0,0,0],"sum_hessian":[9E0,4E0,5E0,1E0,3E0,3E0,2E0,2E0,1E0],"tree_param":{"num_deleted":"0","num_feature":"2","num_nodes":"9","size_leaf_vector":"1"}},{"base_weights":[-1.5664835E-1,-3.6347787E0,2.7679017E0,-5.734823E-1,-1.6760621E0,1.2061739E0,3.9275715E-1,-1.8896936E-1,-5.1758386E-2,3.402233E-2,1.3814163E-1],"categories":[],"categories_nodes":[],"categories_segments":[],"categories_sizes":[],"default_left":[0,0,0,0,0,0,0,0,0,0,0],"id":19,"left_children":[1,3,5,-1,7,9,-1,-1,-1,-1,-1],"loss_changes":[1.1178038E2,1.095504E1,6.129196E0,0E0,1.1875153E-2,1.3701534E-1,0E0,0E0,0E0,0E0,0E0],"parents":[2147483647,0,0,1,1,2,2,4,4,5,5],"right_children":[2,4,6,-1,8,10,-1,-1,-1,-1,-1],"split_conditions":[5.0337857E-1,9.9216625E-2,9.060032E-1,-5.734823E-1,2.999317E-1,6.050859E-1,3.9275715E-1,-1.8896936E-1,-5.1758386E-2,3.402233E-2,1.3814163E-1],"split_indices":[0,0,0,0,0,0,0,0,0,0,0],"split_type":[0,0,0,0,0,0,0,0,0,0,0],"sum_hessian":[9E0,4E0,5E0,1E0,3E0,3E0,2E0,2E0,1E0,1E0,2E0],"tree_param":{"num_deleted":"0","num_feature":"2","num_nodes":"11","size_leaf_vector":"1"}},{"base_weights":[-1.6591263E-1,-3.434143E0,2.585265E0,-5.4480815E-1,-1.5686381E-1,1.1285973E0,3.6657333E-1,3.2321166E-2,1.289322E-1],"categories":[],"categories_nodes":[],"categories_segments":[],"categories_sizes":[],"default_left":[0,0,0,0,0,0,0,0,0],"id":20,"left_children":[1,3,5,-1,-1,7,-1,-1,-1],"loss_changes":[9.879299E1,1.0238987E1,5.306164E0,0E0,0E0,1.0105705E-1,0E0,0E0,0E0],"parents":[2147483647,0,0,1,1,2,2,5,5],"right_children":[2,4,6,-1,-1,8,-1,-1,-1],"split_conditions":[5.0337857E-1,9.9216625E-2,9.060032E-1,-5.4480815E-1,-1.5686381E-1,6.050859E-1,3.6657333E-1,3.2321166E-2,1.289322E-1],"split_indices":[0,0,0,0,0,0,0,0,0],"split_type":[0,0,0,0,0,0,0,0,0],"sum_hessian":[9E0,4E0,5E0,1E0,3E0,3E0,2E0,1E0,2E0],"tree_param":{"num_deleted":"0","num_feature":"2","num_nodes":"9","size_leaf_vector":"1"}},{"base_weights":[-1.66706E-1,-3.231063E0,2.414709E0,-5.1756775E-1,-1.45099E0,1.0560503E0,3.4213513E-1,-1.659138E-1,-4.1327287E-2,3.070507E-2,1.2033667E-1],"categories":[],"categories_nodes":[],"categories_segments":[],"categories_sizes":[],"default_left":[0,0,0,0,0,0,0,0,0,0,0],"id":21,"left_children":[1,3,5,-1,7,9,-1,-1,-1,-1,-1],"loss_changes":[8.6905846E1,9.797924E0,4.5929794E0,0E0,1.7831802E-1,7.186508E-2,0E0,0E0,0E0,0E0,0E0],"parents":[2147483647,0,0,1,1,2,2,4,4,5,5],"right_children":[2,4,6,-1,8,10,-1,-1,-1,-1,-1],"split_conditions":[5.0337857E-1,9.9216625E-2,9.060032E-1,-5.1756775E-1,2.999317E-1,6.050859E-1,3.4213513E-1,-1.659138E-1,-4.1327287E-2,3.070507E-2,1.2033667E-1],"split_indices":[0,0,0,0,0,0,0,0,0,0,0],"split_type":[0,0,0,0,0,0,0,0,0,0,0],"sum_hessian":[9E0,4E0,5E0,1E0,3E0,3E0,2E0,2E0,1E0,1E0,2E0],"tree_param":{"num_deleted":"0","num_feature":"2","num_nodes":"11","size_leaf_vector":"1"}},{"base_weights":[-1.7319918E-1,-3.0529184E0,2.2554333E0,-4.9168935E-1,-1.3577013E0,9.8820496E-1,3.19326E-1,-1.5485287E-1,-3.926096E-2,2.9169846E-2,1.123141E-1],"categories":[],"categories_nodes":[],"categories_segments":[],"categories_sizes":[],"default_left":[0,0,0,0,0,0,0,0,0,0,0],"id":22,"left_children":[1,3,5,-1,7,9,-1,-1,-1,-1,-1],"loss_changes":[7.6823456E1,9.123543E0,3.9750462E0,0E0,1.2869644E-1,4.8316956E-2,0E0,0E0,0E0,0E0,0E0],"parents":[2147483647,0,0,1,1,2,2,4,4,5,5],"right_children":[2,4,6,-1,8,10,-1,-1,-1,-1,-1],"split_conditions":[5.0337857E-1,9.9216625E-2,9.060032E-1,-4.9168935E-1,2.999317E-1,6.050859E-1,3.19326E-1,-1.5485287E-1,-3.926096E-2,2.9169846E-2,1.123141E-1],"split_indices":[0,0,0,0,0,0,0,0,0,0,0],"split_type":[0,0,0,0,0,0,0,0,0,0,0],"sum_hessian":[9E0,4E0,5E0,1E0,3E0,3E0,2E0,2E0,1E0,1E0,2E0],"tree_param":{"num_deleted":"0","num_feature":"2","num_nodes":"11","size_leaf_vector":"1"}},{"base_weights":[-1.7837791E-1,-2.884787E0,2.1066926E0,-4.6710488E-1,-1.2704594E0,9.2475605E-1,2.9803774E-1,-1.4452931E-1,-3.7297916E-2,2.7711296E-2,1.0482661E-1],"categories":[],"categories_nodes":[],"categories_segments":[],"categories_sizes":[],"default_left":[0,0,0,0,0,0,0,0,0,0,0],"id":23,"left_children":[1,3,5,-1,7,9,-1,-1,-1,-1,-1],"loss_changes":[6.7920715E1,8.483681E0,3.4397144E0,0E0,8.857536E-2,2.9473543E-2,0E0,0E0,0E0,0E0,0E0],"parents":[2147483647,0,0,1,1,2,2,4,4,5,5],"right_children":[2,4,6,-1,8,10,-1,-1,-1,-1,-1],"split_conditions":[5.0337857E-1,9.9216625E-2,9.060032E-1,-4.6710488E-1,2.999317E-1,6.050859E-1,2.9803774E-1,-1.4452931E-1,-3.7297916E-2,2.7711296E-2,1.0482661E-1],"split_indices":[0,0,0,0,0,0,0,0,0,0,0],"split_type":[0,0,0,0,0,0,0,0,0,0,0],"sum_hessian":[9E0,4E0,5E0,1E0,3E0,3E0,2E0,2E0,1E0,1E0,2E0],"tree_param":{"num_deleted":"0","num_feature":"2","num_nodes":"11","size_leaf_vector":"1"}},{"base_weights":[-1.82376E-1,-2.7260947E0,1.9677855E0,-4.4374964E-1,-1.1888702E0,5.9019215E-2,2.5090343E-1,-1.3489403E-1,-3.5433006E-2],"categories":[],"categories_nodes":[],"categories_segments":[],"categories_sizes":[],"default_left":[0,0,0,0,0,0,0,0,0],"id":24,"left_children":[1,3,5,-1,7,-1,-1,-1,-1],"loss_changes":[6.0058426E1,7.878433E0,2.9929123E0,0E0,5.6369305E-2,0E0,0E0,0E0,0E0],"parents":[2147483647,0,0,1,1,2,2,4,4],"right_children":[2,4,6,-1,8,-1,-1,-1,-1],"split_conditions":[5.0337857E-1,9.9216625E-2,7.042061E-1,-4.4374964E-1,2.999317E-1,5.9019215E-2,2.5090343E-1,-1.3489403E-1,-3.5433006E-2],"split_indices":[0,0,0,0,0,0,0,0,0],"split_type":[0,0,0,0,0,0,0,0,0],"sum_hessian":[9E0,4E0,5E0,1E0,3E0,2E0,3E0,2E0,1E0],"tree_param":{"num_deleted":"0","num_feature":"2","num_nodes":"9","size_leaf_vector":"1"}},{"base_weights":[-1.9455442E-1,-2.5763006E0,1.8226599E0,-4.2156217E-1,-1.112565E0,7.731781E-1,2.6144156E-1,-1.2590109E-1,-3.3661366E-2,2.337475E-2,8.750725E-2],"categories":[],"categories_nodes":[],"categories_segments":[],"categories_sizes":[],"default_left":[0,0,0,0,0,0,0,0,0,0,0],"id":25,"left_children":[1,3,5,-1,7,9,-1,-1,-1,-1,-1],"loss_changes":[5.2740643E1,7.3075104E0,2.9641895E0,0E0,3.0739307E-2,1.5313864E-2,0E0,0E0,0E0,0E0,0E0],"parents":[2147483647,0,0,1,1,2,2,4,4,5,5],"right_children":[2,4,6,-1,8,10,-1,-1,-1,-1,-1],"split_conditions":[5.0337857E-1,9.9216625E-2,9.060032E-1,-4.2156217E-1,2.999317E-1,6.050859E-1,2.6144156E-1,-1.2590109E-1,-3.3661366E-2,2.337475E-2,8.750725E-2],"split_indices":[0,0,0,0,0,0,0,0,0,0,0],"split_type":[0,0,0,0,0,0,0,0,0,0,0],"sum_hessian":[9E0,4E0,5E0,1E0,3E0,3E0,2E0,2E0,1E0,1E0,2E0],"tree_param":{"num_deleted":"0","num_feature":"2","num_nodes":"11","size_leaf_vector":"1"}},{"base_weights":[-1.9597912E-1,-2.4348958E0,1.7024479E0,-4.0048406E-1,-1.0411994E0,7.2358036E-1,2.4401219E-1,-1.1750771E-1,-3.197832E-2,2.2205925E-2,8.1673436E-2],"categories":[],"categories_nodes":[],"categories_segments":[],"categories_sizes":[],"default_left":[0,0,0,0,0,0,0,0,0,0,0],"id":26,"left_children":[1,3,5,-1,7,9,-1,-1,-1,-1,-1],"loss_changes":[4.664948E1,6.7702904E0,2.566887E0,0E0,1.0556221E-2,5.511284E-3,0E0,0E0,0E0,0E0,0E0],"parents":[2147483647,0,0,1,1,2,2,4,4,5,5],"right_children":[2,4,6,-1,8,10,-1,-1,-1,-1,-1],"split_conditions":[5.0337857E-1,9.9216625E-2,9.060032E-1,-4.0048406E-1,2.999317E-1,6.050859E-1,2.4401219E-1,-1.1750771E-1,-3.197832E-2,2.2205925E-2,8.1673436E-2],"split_indices":[0,0,0,0,0,0,0,0,0,0,0],"split_type":[0,0,0,0,0,0,0,0,0,0,0],"sum_hessian":[9E0,4E0,5E0,1E0,3E0,3E0,2E0,2E0,1E0,1E0,2E0],"tree_param":{"num_deleted":"0","num_feature":"2","num_nodes":"11","size_leaf_vector":"1"}},{"base_weights":[-1.9658852E-1,-2.3014E0,1.5901858E0,-3.8045985E-1,-9.7445086E-2,6.771927E-2,2.277448E-1],"categories":[],"categories_nodes":[],"categories_segments":[],"categories_sizes":[],"default_left":[0,0,0,0,0,0,0],"id":27,"left_children":[1,3,5,-1,-1,-1,-1],"loss_changes":[4.1267883E1,6.2659454E0,2.2225208E0,0E0,0E0,0E0,0E0],"parents":[2147483647,0,0,1,1,2,2],"right_children":[2,4,6,-1,-1,-1,-1],"split_conditions":[5.0337857E-1,9.9216625E-2,9.060032E-1,-3.8045985E-1,-9.7445086E-2,6.771927E-2,2.277448E-1],"split_indices":[0,0,0,0,0,0,0],"split_type":[0,0,0,0,0,0,0],"sum_hessian":[9E0,4E0,5E0,1E0,3E0,3E0,2E0],"tree_param":{"num_deleted":"0","num_feature":"2","num_nodes":"7","size_leaf_vector":"1"}},{"base_weights":[-1.9517365E-1,-2.5810156E0,1.1960466E0,-3.6143684E-1,-1.0317751E-1,-5.198288E-2,1.7056549E0,-2.5507165E-2,1.7709732E-2,7.171402E-2,2.125618E-1],"categories":[],"categories_nodes":[],"categories_segments":[],"categories_sizes":[],"default_left":[0,0,0,0,0,0,0,0,0,0,0],"id":28,"left_children":[1,3,5,-1,-1,7,9,-1,-1,-1,-1],"loss_changes":[3.627933E1,2.6744328E0,4.5407076E0,0E0,0E0,1.8474333E-1,5.513325E-1,0E0,0E0,0E0,0E0],"parents":[2147483647,0,0,1,1,2,2,5,5,6,6],"right_children":[2,4,6,-1,-1,8,10,-1,-1,-1,-1],"split_conditions":[2.999317E-1,9.9216625E-2,6.050859E-1,-3.6143684E-1,-1.0317751E-1,5.0337857E-1,9.060032E-1,-2.5507165E-2,1.7709732E-2,7.171402E-2,2.125618E-1],"split_indices":[0,0,0,0,0,0,0,0,0,0,0],"split_type":[0,0,0,0,0,0,0,0,0,0,0],"sum_hessian":[9E0,3E0,6E0,1E0,2E0,2E0,4E0,1E0,1E0,2E0,2E0],"tree_param":{"num_deleted":"0","num_feature":"2","num_nodes":"11","size_leaf_vector":"1"}},{"base_weights":[-1.9446954E-1,-2.4390676E0,1.1159393E0,-3.43365E-1,-9.6299015E-2,-4.9383163E-2,1.5919449E0,-2.4231816E-2,1.682434E-2,6.6933185E-2,1.9839096E-1],"categories":[],"categories_nodes":[],"categories_segments":[],"categories_sizes":[],"default_left":[0,0,0,0,0,0,0,0,0,0,0],"id":29,"left_children":[1,3,5,-1,-1,7,9,-1,-1,-1,-1],"loss_changes":[3.213526E1,2.5657501E0,3.9615145E0,0E0,0E0,1.6673176E-1,4.8026562E-1,0E0,0E0,0E0,0E0],"parents":[2147483647,0,0,1,1,2,2,5,5,6,6],"right_children":[2,4,6,-1,-1,8,10,-1,-1,-1,-1],"split_conditions":[2.999317E-1,9.9216625E-2,6.050859E-1,-3.43365E-1,-9.6299015E-2,5.0337857E-1,9.060032E-1,-2.4231816E-2,1.682434E-2,6.6933185E-2,1.9839096E-1],"split_indices":[0,0,0,0,0,0,0,0,0,0,0],"split_type":[0,0,0,0,0,0,0,0,0,0,0],"sum_hessian":[9E0,3E0,6E0,1E0,2E0,2E0,4E0,1E0,1E0,2E0,2E0],"tree_param":{"num_deleted":"0","num_feature":"2","num_nodes":"11","size_leaf_vector":"1"}},{"base_weights":[-1.931972E-1,-2.305077E0,1.0411909E0,-3.2619676E-1,-8.98791E-2,1.6718912E-1,1.6548948E0,-2.3020267E-2,3.7638728E-2,7.807019E-2,2.1387367E-1],"categories":[],"categories_nodes":[],"categories_segments":[],"categories_sizes":[],"default_left":[0,0,0,0,0,0,0,0,0,0,0],"id":30,"left_children":[1,3,5,-1,-1,7,9,-1,-1,-1,-1],"loss_changes":[2.8468817E1,2.450819E0,3.4779677E0,0E0,0E0,4.191799E-1,2.2169113E-2,0E0,0E0,0E0,0E0],"parents":[2147483647,0,0,1,1,2,2,5,5,6,6],"right_children":[2,4,6,-1,-1,8,10,-1,-1,-1,-1],"split_conditions":[2.999317E-1,9.9216625E-2,7.042061E-1,-3.2619676E-1,-8.98791E-2,5.0337857E-1,1E0,-2.3020267E-2,3.7638728E-2,7.807019E-2,2.1387367E-1],"split_indices":[0,0,0,0,0,0,0,0,0,0,0],"split_type":[0,0,0,0,0,0,0,0,0,0,0],"sum_hessian":[9E0,3E0,6E0,1E0,2E0,3E0,3E0,1E0,2E0,2E0,1E0],"tree_param":{"num_deleted":"0","num_feature":"2","num_nodes":"11","size_leaf_vector":"1"}},{"base_weights":[-1.8482938E-1,-2.178588E0,9.808655E-1,-3.098869E-1,-8.388713E-2,-5.178706E-2,1.4042839E0,-2.1869278E-2,1.4101219E-2,7.394552E-2,2.0317994E-1],"categories":[],"categories_nodes":[],"categories_segments":[],"categories_sizes":[],"default_left":[0,0,0,0,0,0,0,0,0,0,0],"id":31,"left_children":[1,3,5,-1,-1,7,9,-1,-1,-1,-1],"loss_changes":[2.5378044E1,2.3321095E0,3.1334329E0,0E0,0E0,1.2737623E-1,5.835266E-1,0E0,0E0,0E0,0E0],"parents":[2147483647,0,0,1,1,2,2,5,5,6,6],"right_children":[2,4,6,-1,-1,8,10,-1,-1,-1,-1],"split_conditions":[2.999317E-1,9.9216625E-2,6.050859E-1,-3.098869E-1,-8.388713E-2,5.0337857E-1,1E0,-2.1869278E-2,1.4101219E-2,7.394552E-2,2.0317994E-1],"split_indices":[0,0,0,0,0,0,0,0,0,0,0],"split_type":[0,0,0,0,0,0,0,0,0,0,0],"sum_hessian":[9E0,3E0,6E0,1E0,2E0,2E0,4E0,1E0,1E0,3E0,1E0],"tree_param":{"num_deleted":"0","num_feature":"2","num_nodes":"11","size_leaf_vector":"1"}},{"base_weights":[-1.7878766E-1,-2.0591726E0,9.212592E-1,-2.9439256E-1,-7.829466E-2,1.3757992E-1,1.4746237E0,-2.0775795E-2,3.219452E-2,6.793582E-2,1.9302101E-1],"categories":[],"categories_nodes":[],"categories_segments":[],"categories_sizes":[],"default_left":[0,0,0,0,0,0,0,0,0,0,0],"id":32,"left_children":[1,3,5,-1,-1,7,9,-1,-1,-1,-1],"loss_changes":[2.2582148E1,2.2116432E0,2.8327436E0,0E0,0E0,3.2155997E-1,1.3794422E-1,0E0,0E0,0E0,0E0],"parents":[2147483647,0,0,1,1,2,2,5,5,6,6],"right_children":[2,4,6,-1,-1,8,10,-1,-1,-1,-1],"split_conditions":[2.999317E-1,9.9216625E-2,7.042061E-1,-2.9439256E-1,-7.829466E-2,5.0337857E-1,1E0,-2.0775795E-2,3.219452E-2,6.793582E-2,1.9302101E-1],"split_indices":[0,0,0,0,0,0,0,0,0,0,0],"split_type":[0,0,0,0,0,0,0,0,0,0,0],"sum_hessian":[9E0,3E0,6E0,1E0,2E0,3E0,3E0,1E0,2E0,2E0,1E0],"tree_param":{"num_deleted":"0","num_feature":"2","num_nodes":"11","size_leaf_vector":"1"}},{"base_weights":[-1.7094035E-1,-1.9464272E0,8.680436E-1,-2.7967295E-1,-7.307501E-2,1.266756E-1,1.3924007E0,-1.9737054E-2,3.0048117E-2,6.340676E-2,1.8337002E-1],"categories":[],"categories_nodes":[],"categories_segments":[],"categories_sizes":[],"default_left":[0,0,0,0,0,0,0,0,0,0,0],"id":33,"left_children":[1,3,5,-1,-1,7,9,-1,-1,-1,-1],"loss_changes":[2.0136608E1,2.0910606E0,2.5448084E0,0E0,0E0,2.8459018E-1,1.759181E-1,0E0,0E0,0E0,0E0],"parents":[2147483647,0,0,1,1,2,2,5,5,6,6],"right_children":[2,4,6,-1,-1,8,10,-1,-1,-1,-1],"split_conditions":[2.999317E-1,9.9216625E-2,7.042061E-1,-2.7967295E-1,-7.307501E-2,5.0337857E-1,1E0,-1.9737054E-2,3.0048117E-2,6.340676E-2,1.8337002E-1],"split_indices":[0,0,0,0,0,0,0,0,0,0,0],"split_type":[0,0,0,0,0,0,0,0,0,0,0],"sum_hessian":[9E0,3E0,6E0,1E0,2E0,3E0,3E0,1E0,2E0,2E0,1E0],"tree_param":{"num_deleted":"0","num_feature":"2","num_nodes":"11","size_leaf_vector":"1"}},{"base_weights":[-1.6341248E-1,-1.8399715E0,8.179659E-1,-2.6568928E-1,-6.820335E-2,2.4952316E-1,1.4927153E-1,-1.875019E-2,4.056549E-1,1.0283852E-2,4.723142E-2],"categories":[],"categories_nodes":[],"categories_segments":[],"categories_sizes":[],"default_left":[0,0,0,0,0,0,0,0,0,0,0],"id":34,"left_children":[1,3,5,-1,-1,7,-1,-1,9,-1,-1],"loss_changes":[1.7958422E1,1.9716873E0,2.3124266E0,0E0,0E0,4.1722852E-1,0E0,0E0,3.2170057E-2,0E0,0E0],"parents":[2147483647,0,0,1,1,2,2,5,5,8,8],"right_children":[2,4,6,-1,-1,8,-1,-1,10,-1,-1],"split_conditions":[2.999317E-1,9.9216625E-2,9.060032E-1,-2.6568928E-1,-6.820335E-2,5.0337857E-1,1.4927153E-1,-1.875019E-2,6.050859E-1,1.0283852E-2,4.723142E-2],"split_indices":[0,0,0,0,0,0,0,0,0,0,0],"split_type":[0,0,0,0,0,0,0,0,0,0,0],"sum_hessian":[9E0,3E0,6E0,1E0,2E0,4E0,2E0,1E0,3E0,1E0,2E0],"tree_param":{"num_deleted":"0","num_feature":"2","num_nodes":"11","size_leaf_vector":"1"}},{"base_weights":[-1.61657E-1,-1.7394477E0,7.6303154E-1,-2.524048E-1,-6.3656494E-2,3.3441034E-1,1.6673794E-1,-5.3620655E-2,5.4183103E-2,-1.7812729E-2,9.769631E-3],"categories":[],"categories_nodes":[],"categories_segments":[],"categories_sizes":[],"default_left":[0,0,0,0,0,0,0,0,0,0,0],"id":35,"left_children":[1,3,5,-1,-1,7,-1,9,-1,-1,-1],"loss_changes":[1.5916904E1,1.8545685E0,2.1557698E0,0E0,0E0,5.1196724E-1,0E0,7.392228E-2,0E0,0E0,0E0],"parents":[2147483647,0,0,1,1,2,2,5,5,7,7],"right_children":[2,4,6,-1,-1,8,-1,10,-1,-1,-1],"split_conditions":[2.999317E-1,9.9216625E-2,1E0,-2.524048E-1,-6.3656494E-2,6.050859E-1,1.6673794E-1,5.0337857E-1,5.4183103E-2,-1.7812729E-2,9.769631E-3],"split_indices":[0,0,0,0,0,0,0,0,0,0,0],"split_type":[0,0,0,0,0,0,0,0,0,0,0],"sum_hessian":[9E0,3E0,6E0,1E0,2E0,5E0,1E0,2E0,3E0,1E0,1E0],"tree_param":{"num_deleted":"0","num_feature":"2","num_nodes":"11","size_leaf_vector":"1"}},{"base_weights":[-1.5580979E-1,-1.6445184E0,7.1713936E-1,-2.3978458E-1,-5.9412736E-2,3.0865893E-1,1.5840112E-1,-1.6922092E-2,4.3807906E-1,9.281158E-3,5.0119307E-2],"categories":[],"categories_nodes":[],"categories_segments":[],"categories_sizes":[],"default_left":[0,0,0,0,0,0,0,0,0,0,0],"id":36,"left_children":[1,3,5,-1,-1,7,-1,-1,9,-1,-1],"loss_changes":[1.4175017E1,1.7405281E0,1.9897821E0,0E0,0E0,4.4521588E-1,0E0,0E0,6.24395E-2,0E0,0E0],"parents":[2147483647,0,0,1,1,2,2,5,5,8,8],"right_children":[2,4,6,-1,-1,8,-1,-1,10,-1,-1],"split_conditions":[2.999317E-1,9.9216625E-2,1E0,-2.3978458E-1,-5.9412736E-2,5.0337857E-1,1.5840112E-1,-1.6922092E-2,6.050859E-1,9.281158E-3,5.0119307E-2],"split_indices":[0,0,0,0,0,0,0,0,0,0,0],"split_type":[0,0,0,0,0,0,0,0,0,0,0],"sum_hessian":[9E0,3E0,6E0,1E0,2E0,5E0,1E0,1E0,4E0,1E0,3E0],"tree_param":{"num_deleted":"0","num_feature":"2","num_nodes":"11","size_leaf_vector":"1"}},{"base_weights":[-1.5006013E-1,-1.554866E0,6.741232E-1,-2.2779535E-1,-5.54519E-2,2.8487363E-1,1.5048103E-1,-1.6075993E-2,4.0615234E-1,8.817101E-3,4.6360493E-2],"categories":[],"categories_nodes":[],"categories_segments":[],"categories_sizes":[],"default_left":[0,0,0,0,0,0,0,0,0,0,0],"id":37,"left_children":[1,3,5,-1,-1,7,-1,-1,9,-1,-1],"loss_changes":[1.2626348E1,1.6301842E0,1.8347313E0,0E0,0E0,3.895681E-1,0E0,0E0,5.046773E-2,0E0,0E0],"parents":[2147483647,0,0,1,1,2,2,5,5,8,8],"right_children":[2,4,6,-1,-1,8,-1,-1,10,-1,-1],"split_conditions":[2.999317E-1,9.9216625E-2,1E0,-2.2779535E-1,-5.54519E-2,5.0337857E-1,1.5048103E-1,-1.6075993E-2,6.050859E-1,8.817101E-3,4.6360493E-2],"split_indices":[0,0,0,0,0,0,0,0,0,0,0],"split_type":[0,0,0,0,0,0,0,0,0,0,0],"sum_hessian":[9E0,3E0,6E0,1E0,2E0,5E0,1E0,1E0,4E0,1E0,3E0],"tree_param":{"num_deleted":"0","num_feature":"2","num_nodes":"11","size_leaf_vector":"1"}},{"base_weights":[-1.4442043E-1,-1.470191E0,6.3379425E-1,-2.1640559E-1,-5.1755078E-2,2.6290354E-1,1.4295693E-1,-1.5272236E-2,3.7657318E-1,8.376312E-3,4.2883493E-2],"categories":[],"categories_nodes":[],"categories_segments":[],"categories_sizes":[],"default_left":[0,0,0,0,0,0,0,0,0,0,0],"id":38,"left_children":[1,3,5,-1,-1,7,-1,-1,9,-1,-1],"loss_changes":[1.124914E1,1.5240049E0,1.6901801E0,0E0,0E0,3.409755E-1,0E0,0E0,4.0593266E-2,0E0,0E0],"parents":[2147483647,0,0,1,1,2,2,5,5,8,8],"right_children":[2,4,6,-1,-1,8,-1,-1,10,-1,-1],"split_conditions":[2.999317E-1,9.9216625E-2,1E0,-2.1640559E-1,-5.1755078E-2,5.0337857E-1,1.4295693E-1,-1.5272236E-2,6.050859E-1,8.376312E-3,4.2883493E-2],"split_indices":[0,0,0,0,0,0,0,0,0,0,0],"split_type":[0,0,0,0,0,0,0,0,0,0,0],"sum_hessian":[9E0,3E0,6E0,1E0,2E0,5E0,1E0,1E0,4E0,1E0,3E0],"tree_param":{"num_deleted":"0","num_feature":"2","num_nodes":"11","size_leaf_vector":"1"}},{"base_weights":[-1.3890032E-1,-1.6921048E0,4.609139E-1,-2.0558532E-1,-4.823041E-2,-4.4132613E-2,9.7699356E-1,-2.5823532E-2,1.8468095E-2,3.9726388E-2,1.3580914E-1],"categories":[],"categories_nodes":[],"categories_segments":[],"categories_sizes":[],"default_left":[0,0,0,0,0,0,0,0,0,0,0],"id":39,"left_children":[1,3,5,-1,-1,7,9,-1,-1,-1,-1],"loss_changes":[1.0096255E1,3.2864285E-1,2.128271E0,0E0,0E0,2.9263908E-1,3.4421444E-1,0E0,0E0,0E0,0E0],"parents":[2147483647,0,0,1,1,2,2,5,5,6,6],"right_children":[2,4,6,-1,-1,8,10,-1,-1,-1,-1],"split_conditions":[1.9911352E-1,9.9216625E-2,7.042061E-1,-2.0558532E-1,-4.823041E-2,5.0337857E-1,1E0,-2.5823532E-2,1.8468095E-2,3.9726388E-2,1.3580914E-1],"split_indices":[0,0,0,0,0,0,0,0,0,0,0],"split_type":[0,0,0,0,0,0,0,0,0,0,0],"sum_hessian":[9E0,2E0,7E0,1E0,1E0,4E0,3E0,2E0,2E0,2E0,1E0],"tree_param":{"num_deleted":"0","num_feature":"2","num_nodes":"11","size_leaf_vector":"1"}},{"base_weights":[-1.335738E-1,-1.6074997E0,4.3584514E-1,-1.9530605E-1,-4.5818903E-2,1.2948418E-1,1.2901859E-1,-2.4101956E-2,3.258896E-1,7.0341113E-3,3.7219144E-2],"categories":[],"categories_nodes":[],"categories_segments":[],"categories_sizes":[],"default_left":[0,0,0,0,0,0,0,0,0,0,0],"id":40,"left_children":[1,3,5,-1,-1,7,-1,-1,9,-1,-1],"loss_changes":[9.093433E0,2.9659986E-1,1.9268346E0,0E0,0E0,5.8792835E-1,0E0,0E0,3.2981455E-2,0E0,0E0],"parents":[2147483647,0,0,1,1,2,2,5,5,8,8],"right_children":[2,4,6,-1,-1,8,-1,-1,10,-1,-1],"split_conditions":[1.9911352E-1,9.9216625E-2,1E0,-1.9530605E-1,-4.5818903E-2,5.0337857E-1,1.2901859E-1,-2.4101956E-2,6.050859E-1,7.0341113E-3,3.7219144E-2],"split_indices":[0,0,0,0,0,0,0,0,0,0,0],"split_type":[0,0,0,0,0,0,0,0,0,0,0],"sum_hessian":[9E0,2E0,7E0,1E0,1E0,6E0,1E0,2E0,4E0,1E0,3E0],"tree_param":{"num_deleted":"0","num_feature":"2","num_nodes":"11","size_leaf_vector":"1"}},{"base_weights":[-1.2941213E-1,-1.5271245E0,4.1090655E-1,-1.8554075E-1,-4.352794E-2,1.1941392E-1,1.2256775E-1,-2.2495206E-2,3.0215073E-1,6.682396E-3,3.4427643E-2],"categories":[],"categories_nodes":[],"categories_segments":[],"categories_sizes":[],"default_left":[0,0,0,0,0,0,0,0,0,0,0],"id":41,"left_children":[1,3,5,-1,-1,7,-1,-1,9,-1,-1],"loss_changes":[8.179607E0,2.676816E-1,1.7536349E0,0E0,0E0,5.084678E-1,0E0,0E0,2.6560605E-2,0E0,0E0],"parents":[2147483647,0,0,1,1,2,2,5,5,8,8],"right_children":[2,4,6,-1,-1,8,-1,-1,10,-1,-1],"split_conditions":[1.9911352E-1,9.9216625E-2,1E0,-1.8554075E-1,-4.352794E-2,5.0337857E-1,1.2256775E-1,-2.2495206E-2,6.050859E-1,6.682396E-3,3.4427643E-2],"split_indices":[0,0,0,0,0,0,0,0,0,0,0],"split_type":[0,0,0,0,0,0,0,0,0,0,0],"sum_hessian":[9E0,2E0,7E0,1E0,1E0,6E0,1E0,2E0,4E0,1E0,3E0],"tree_param":{"num_deleted":"0","num_feature":"2","num_nodes":"11","size_leaf_vector":"1"}},{"base_weights":[-1.2525949E-1,-1.4507685E0,3.874638E-1,-1.7626372E-1,-4.1351557E-2,1.1013167E-1,1.1643944E-1,-2.0995522E-2,2.8015748E-1,6.3482285E-3,3.184557E-2],"categories":[],"categories_nodes":[],"categories_segments":[],"categories_sizes":[],"default_left":[0,0,0,0,0,0,0,0,0,0,0],"id":42,"left_children":[1,3,5,-1,-1,7,-1,-1,9,-1,-1],"loss_changes":[7.3583136E0,2.415824E-1,1.5955058E0,0E0,0E0,4.3978173E-1,0E0,0E0,2.1275103E-2,0E0,0E0],"parents":[2147483647,0,0,1,1,2,2,5,5,8,8],"right_children":[2,4,6,-1,-1,8,-1,-1,10,-1,-1],"split_conditions":[1.9911352E-1,9.9216625E-2,1E0,-1.7626372E-1,-4.1351557E-2,5.0337857E-1,1.1643944E-1,-2.0995522E-2,6.050859E-1,6.3482285E-3,3.184557E-2],"split_indices":[0,0,0,0,0,0,0,0,0,0,0],"split_type":[0,0,0,0,0,0,0,0,0,0,0],"sum_hessian":[9E0,2E0,7E0,1E0,1E0,6E0,1E0,2E0,4E0,1E0,3E0],"tree_param":{"num_deleted":"0","num_feature":"2","num_nodes":"11","size_leaf_vector":"1"}},{"base_weights":[-1.2113104E-1,-1.3782301E0,3.654225E-1,-1.6745053E-1,-3.928399E-2,1.0157585E-1,1.1061745E-1,-1.9595783E-2,2.5978088E-1,6.030846E-3,2.9457187E-2],"categories":[],"categories_nodes":[],"categories_segments":[],"categories_sizes":[],"default_left":[0,0,0,0,0,0,0,0,0,0,0],"id":43,"left_children":[1,3,5,-1,-1,7,-1,-1,9,-1,-1],"loss_changes":[6.620096E0,2.1802711E-1,1.4511988E0,0E0,0E0,3.8040537E-1,0E0,0E0,1.6934037E-2,0E0,0E0],"parents":[2147483647,0,0,1,1,2,2,5,5,8,8],"right_children":[2,4,6,-1,-1,8,-1,-1,10,-1,-1],"split_conditions":[1.9911352E-1,9.9216625E-2,1E0,-1.6745053E-1,-3.928399E-2,5.0337857E-1,1.1061745E-1,-1.9595783E-2,6.050859E-1,6.030846E-3,2.9457187E-2],"split_indices":[0,0,0,0,0,0,0,0,0,0,0],"split_type":[0,0,0,0,0,0,0,0,0,0,0],"sum_hessian":[9E0,2E0,7E0,1E0,1E0,6E0,1E0,2E0,4E0,1E0,3E0],"tree_param":{"num_deleted":"0","num_feature":"2","num_nodes":"11","size_leaf_vector":"1"}},{"base_weights":[-1.1704049E-1,-1.3093187E0,3.446939E-1,-1.59078E-1,-3.7319805E-2,9.368869E-2,1.0508652E-1,-1.8289376E-2,2.4090043E-1,5.729294E-3,2.7247906E-2],"categories":[],"categories_nodes":[],"categories_segments":[],"categories_sizes":[],"default_left":[0,0,0,0,0,0,0,0,0,0,0],"id":44,"left_children":[1,3,5,-1,-1,7,-1,-1,9,-1,-1],"loss_changes":[5.9564724E0,1.9676924E-1,1.3195673E0,0E0,0E0,3.2907245E-1,0E0,0E0,1.3379246E-2,0E0,0E0],"parents":[2147483647,0,0,1,1,2,2,5,5,8,8],"right_children":[2,4,6,-1,-1,8,-1,-1,10,-1,-1],"split_conditions":[1.9911352E-1,9.9216625E-2,1E0,-1.59078E-1,-3.7319805E-2,5.0337857E-1,1.0508652E-1,-1.8289376E-2,6.050859E-1,5.729294E-3,2.7247906E-2],"split_indices":[0,0,0,0,0,0,0,0,0,0,0],"split_type":[0,0,0,0,0,0,0,0,0,0,0],"sum_hessian":[9E0,2E0,7E0,1E0,1E0,6E0,1E0,2E0,4E0,1E0,3E0],"tree_param":{"num_deleted":"0","num_feature":"2","num_nodes":"11","size_leaf_vector":"1"}},{"base_weights":[-1.1299896E-1,-1.2438526E0,3.2519603E-1,-1.511241E-1,-3.5453796E-2,8.6417876E-2,9.9832155E-2,-1.7070072E-2,2.2340545E-1,5.4428102E-3,2.5204277E-2],"categories":[],"categories_nodes":[],"categories_segments":[],"categories_sizes":[],"default_left":[0,0,0,0,0,0,0,0,0,0,0],"id":45,"left_children":[1,3,5,-1,-1,7,-1,-1,9,-1,-1],"loss_changes":[5.3598404E0,1.7758465E-1,1.1995484E0,0E0,0E0,2.8468984E-1,0E0,0E0,1.0477096E-2,0E0,0E0],"parents":[2147483647,0,0,1,1,2,2,5,5,8,8],"right_children":[2,4,6,-1,-1,8,-1,-1,10,-1,-1],"split_conditions":[1.9911352E-1,9.9216625E-2,1E0,-1.511241E-1,-3.5453796E-2,5.0337857E-1,9.9832155E-2,-1.7070072E-2,6.050859E-1,5.4428102E-3,2.5204277E-2],"split_indices":[0,0,0,0,0,0,0,0,0,0,0],"split_type":[0,0,0,0,0,0,0,0,0,0,0],"sum_hessian":[9E0,2E0,7E0,1E0,1E0,6E0,1E0,2E0,4E0,1E0,3E0],"tree_param":{"num_deleted":"0","num_feature":"2","num_nodes":"11","size_leaf_vector":"1"}},{"base_weights":[-1.0901556E-1,-1.18166E0,3.0685306E-1,-1.435679E-1,-3.3681106E-2,7.9716004E-2,9.484062E-2,-1.593202E-2,2.0719452E-1,5.1706317E-3,2.3314E-2],"categories":[],"categories_nodes":[],"categories_segments":[],"categories_sizes":[],"default_left":[0,0,0,0,0,0,0,0,0,0,0],"id":46,"left_children":[1,3,5,-1,-1,7,-1,-1,9,-1,-1],"loss_changes":[4.823387E0,1.6027069E-1,1.0901608E0,0E0,0E0,2.4631412E-1,0E0,0E0,8.11626E-3,0E0,0E0],"parents":[2147483647,0,0,1,1,2,2,5,5,8,8],"right_children":[2,4,6,-1,-1,8,-1,-1,10,-1,-1],"split_conditions":[1.9911352E-1,9.9216625E-2,1E0,-1.435679E-1,-3.3681106E-2,5.0337857E-1,9.484062E-2,-1.593202E-2,6.050859E-1,5.1706317E-3,2.3314E-2],"split_indices":[0,0,0,0,0,0,0,0,0,0,0],"split_type":[0,0,0,0,0,0,0,0,0,0,0],"sum_hessian":[9E0,2E0,7E0,1E0,1E0,6E0,1E0,2E0,4E0,1E0,3E0],"tree_param":{"num_deleted":"0","num_feature":"2","num_nodes":"11","size_leaf_vector":"1"}},{"base_weights":[-1.05099894E-1,-1.1225771E0,2.8959155E-1,-1.3638951E-1,-3.1997062E-2,7.353728E-2,9.0098575E-2,-1.4869881E-2,1.9217148E-1,4.912186E-3,2.1565342E-2],"categories":[],"categories_nodes":[],"categories_segments":[],"categories_sizes":[],"default_left":[0,0,0,0,0,0,0,0,0,0,0],"id":47,"left_children":[1,3,5,-1,-1,7,-1,-1,9,-1,-1],"loss_changes":[4.340985E0,1.4464355E-1,9.904985E-1,0E0,0E0,2.1312927E-1,0E0,0E0,6.2021315E-3,0E0,0E0],"parents":[2147483647,0,0,1,1,2,2,5,5,8,8],"right_children":[2,4,6,-1,-1,8,-1,-1,10,-1,-1],"split_conditions":[1.9911352E-1,9.9216625E-2,1E0,-1.3638951E-1,-3.1997062E-2,5.0337857E-1,9.0098575E-2,-1.4869881E-2,6.050859E-1,4.912186E-3,2.1565342E-2],"split_indices":[0,0,0,0,0,0,0,0,0,0,0],"split_type":[0,0,0,0,0,0,0,0,0,0,0],"sum_hessian":[9E0,2E0,7E0,1E0,1E0,6E0,1E0,2E0,4E0,1E0,3E0],"tree_param":{"num_deleted":"0","num_feature":"2","num_nodes":"11","size_leaf_vector":"1"}},{"base_weights":[-1.0125794E-1,-1.0664483E0,2.733457E-1,-1.2957004E-1,-3.0397225E-2,6.784194E-2,8.55936E-2,-1.3878568E-2,1.7825012E-1,4.6665194E-3,1.9948006E-2],"categories":[],"categories_nodes":[],"categories_segments":[],"categories_sizes":[],"default_left":[0,0,0,0,0,0,0,0,0,0,0],"id":48,"left_children":[1,3,5,-1,-1,7,-1,-1,9,-1,-1],"loss_changes":[3.9071481E0,1.3054037E-1,8.997277E-1,0E0,0E0,1.8443224E-1,0E0,0E0,4.6589077E-3,0E0,0E0],"parents":[2147483647,0,0,1,1,2,2,5,5,8,8],"right_children":[2,4,6,-1,-1,8,-1,-1,10,-1,-1],"split_conditions":[1.9911352E-1,9.9216625E-2,1E0,-1.2957004E-1,-3.0397225E-2,5.0337857E-1,8.55936E-2,-1.3878568E-2,6.050859E-1,4.6665194E-3,1.9948006E-2],"split_indices":[0,0,0,0,0,0,0,0,0,0,0],"split_type":[0,0,0,0,0,0,0,0,0,0,0],"sum_hessian":[9E0,2E0,7E0,1E0,1E0,6E0,1E0,2E0,4E0,1E0,3E0],"tree_param":{"num_deleted":"0","num_feature":"2","num_nodes":"11","size_leaf_vector":"1"}},{"base_weights":[-9.74957E-2,-1.0131259E0,2.580526E-1,-1.23091534E-1,-2.8877353E-2,6.259183E-2,8.13139E-2,-1.2953377E-2,1.6534881E-1,7.162094E-3,2.0396043E-2],"categories":[],"categories_nodes":[],"categories_segments":[],"categories_sizes":[],"default_left":[0,0,0,0,0,0,0,0,0,0,0],"id":49,"left_children":[1,3,5,-1,-1,7,-1,-1,9,-1,-1],"loss_changes":[3.5169473E0,1.1781287E-1,8.170851E-1,0E0,0E0,1.5961398E-1,0E0,0E0,3.4870803E-3,0E0,0E0],"parents":[2147483647,0,0,1,1,2,2,5,5,8,8],"right_children":[2,4,6,-1,-1,8,-1,-1,10,-1,-1],"split_conditions":[1.9911352E-1,9.9216625E-2,1E0,-1.23091534E-1,-2.8877353E-2,5.0337857E-1,8.13139E-2,-1.2953377E-2,7.042061E-1,7.162094E-3,2.0396043E-2],"split_indices":[0,0,0,0,0,0,0,0,0,0,0],"split_type":[0,0,0,0,0,0,0,0,0,0,0],"sum_hessian":[9E0,2E0,7E0,1E0,1E0,6E0,1E0,2E0,4E0,2E0,2E0],"tree_param":{"num_deleted":"0","num_feature":"2","num_nodes":"11","size_leaf_vector":"1"}},{"base_weights":[-9.335153E-2,-9.6246964E-1,2.4423671E-1,-1.1693696E-1,-2.743349E-2,5.8418546E-2,7.724819E-2,-1.2089857E-2,1.543251E-1,4.0752413E-3,1.7253017E-2],"categories":[],"categories_nodes":[],"categories_segments":[],"categories_sizes":[],"default_left":[0,0,0,0,0,0,0,0,0,0,0],"id":50,"left_children":[1,3,5,-1,-1,7,-1,-1,9,-1,-1],"loss_changes":[3.169111E0,1.0632634E-1,7.4013317E-1,0E0,0E0,1.390415E-1,0E0,0E0,3.3069775E-3,0E0,0E0],"parents":[2147483647,0,0,1,1,2,2,5,5,8,8],"right_children":[2,4,6,-1,-1,8,-1,-1,10,-1,-1],"split_conditions":[1.9911352E-1,9.9216625E-2,1E0,-1.1693696E-1,-2.743349E-2,5.0337857E-1,7.724819E-2,-1.2089857E-2,6.050859E-1,4.0752413E-3,1.7253017E-2],"split_indices":[0,0,0,0,0,0,0,0,0,0,0],"split_type":[0,0,0,0,0,0,0,0,0,0,0],"sum_hessian":[9E0,2E0,7E0,1E0,1E0,6E0,1E0,2E0,4E0,1E0,3E0],"tree_param":{"num_deleted":"0","num_feature":"2","num_nodes":"11","size_leaf_vector":"1"}},{"base_weights":[-8.9804694E-2,-9.143462E-1,2.3062396E-1,-1.11090116E-1,-2.6061822E-2,5.3896494E-2,7.338581E-2,-1.1283811E-2,1.4315796E-1,5.973689E-3,1.7885972E-2],"categories":[],"categories_nodes":[],"categories_segments":[],"categories_sizes":[],"default_left":[0,0,0,0,0,0,0,0,0,0,0],"id":51,"left_children":[1,3,5,-1,-1,7,-1,-1,9,-1,-1],"loss_changes":[2.8529372E0,9.5959425E-2,6.7192984E-1,0E0,0E0,1.20334506E-1,0E0,0E0,4.206866E-3,0E0,0E0],"parents":[2147483647,0,0,1,1,2,2,5,5,8,8],"right_children":[2,4,6,-1,-1,8,-1,-1,10,-1,-1],"split_conditions":[1.9911352E-1,9.9216625E-2,1E0,-1.11090116E-1,-2.6061822E-2,5.0337857E-1,7.338581E-2,-1.1283811E-2,7.042061E-1,5.973689E-3,1.7885972E-2],"split_indices":[0,0,0,0,0,0,0,0,0,0,0],"split_type":[0,0,0,0,0,0,0,0,0,0,0],"sum_hessian":[9E0,2E0,7E0,1E0,1E0,6E0,1E0,2E0,4E0,2E0,2E0],"tree_param":{"num_deleted":"0","num_feature":"2","num_nodes":"11","size_leaf_vector":"1"}},{"base_weights":[-8.59436E-2,-8.686288E-1,2.183063E-1,-1.05535604E-1,-2.475872E-2,5.030305E-2,6.971645E-2,-1.0531553E-1,1.3361359E-1,-1.2757683E-2,-3.0396462E-3,5.575435E-3,1.6693497E-2],"categories":[],"categories_nodes":[],"categories_segments":[],"categories_sizes":[],"default_left":[0,0,0,0,0,0,0,0,0,0,0,0,0],"id":52,"left_children":[1,3,5,-1,-1,7,-1,9,11,-1,-1,-1,-1],"loss_changes":[2.5709462E0,8.66034E-2,6.085284E-1,0E0,0E0,1.0482425E-1,0E0,1.1255033E-3,3.6645457E-3,0E0,0E0,0E0,0E0],"parents":[2147483647,0,0,1,1,2,2,5,5,7,7,8,8],"right_children":[2,4,6,-1,-1,8,-1,10,12,-1,-1,-1,-1],"split_conditions":[1.9911352E-1,9.9216625E-2,1E0,-1.05535604E-1,-2.475872E-2,5.0337857E-1,6.971645E-2,2.999317E-1,7.042061E-1,-1.2757683E-2,-3.0396462E-3,5.575435E-3,1.6693497E-2],"split_indices":[0,0,0,0,0,0,0,0,0,0,0,0,0],"split_type":[0,0,0,0,0,0,0,0,0,0,0,0,0],"sum_hessian":[9E0,2E0,7E0,1E0,1E0,6E0,1E0,2E0,4E0,1E0,1E0,2E0,2E0],"tree_param":{"num_deleted":"0","num_feature":"2","num_nodes":"13","size_leaf_vector":"1"}},{"base_weights":[-8.276014E-2,-8.251975E-1,2.059989E-1,-1.0025883E-1,-2.3520803E-2,4.6197075E-2,6.623059E-2,-1.0004934E-1,1.2470551E-1,-1.211977E-2,-2.8876306E-3,5.2036284E-3,1.5580623E-2],"categories":[],"categories_nodes":[],"categories_segments":[],"categories_sizes":[],"default_left":[0,0,0,0,0,0,0,0,0,0,0,0,0],"id":53,"left_children":[1,3,5,-1,-1,7,-1,9,11,-1,-1,-1,-1],"loss_changes":[2.313845E0,7.8159094E-2,5.5275285E-1,0E0,0E0,9.2847735E-2,0E0,1.0158382E-3,3.1927451E-3,0E0,0E0,0E0,0E0],"parents":[2147483647,0,0,1,1,2,2,5,5,7,7,8,8],"right_children":[2,4,6,-1,-1,8,-1,10,12,-1,-1,-1,-1],"split_conditions":[1.9911352E-1,9.9216625E-2,1E0,-1.0025883E-1,-2.3520803E-2,5.0337857E-1,6.623059E-2,2.999317E-1,7.042061E-1,-1.211977E-2,-2.8876306E-3,5.2036284E-3,1.5580623E-2],"split_indices":[0,0,0,0,0,0,0,0,0,0,0,0,0],"split_type":[0,0,0,0,0,0,0,0,0,0,0,0,0],"sum_hessian":[9E0,2E0,7E0,1E0,1E0,6E0,1E0,2E0,4E0,1E0,1E0,2E0,2E0],"tree_param":{"num_deleted":"0","num_feature":"2","num_nodes":"13","size_leaf_vector":"1"}},{"base_weights":[-7.9661086E-2,-7.8393775E-1,1.9440031E-1,-9.524589E-2,-2.2344781E-2,4.2403083E-2,6.291904E-2,-9.5047E-2,1.16392516E-1,-1.1513806E-2,-2.7432442E-3,4.8567457E-3,1.4542008E-2],"categories":[],"categories_nodes":[],"categories_segments":[],"categories_sizes":[],"default_left":[0,0,0,0,0,0,0,0,0,0,0,0,0],"id":54,"left_children":[1,3,5,-1,-1,7,-1,9,11,-1,-1,-1,-1],"loss_changes":[2.0825481E0,7.053828E-2,5.020156E-1,0E0,0E0,8.225173E-2,0E0,9.168256E-4,2.7812943E-3,0E0,0E0,0E0,0E0],"parents":[2147483647,0,0,1,1,2,2,5,5,7,7,8,8],"right_children":[2,4,6,-1,-1,8,-1,10,12,-1,-1,-1,-1],"split_conditions":[1.9911352E-1,9.9216625E-2,1E0,-9.524589E-2,-2.2344781E-2,5.0337857E-1,6.291904E-2,2.999317E-1,7.042061E-1,-1.1513806E-2,-2.7432442E-3,4.8567457E-3,1.4542008E-2],"split_indices":[0,0,0,0,0,0,0,0,0,0,0,0,0],"split_type":[0,0,0,0,0,0,0,0,0,0,0,0,0],"sum_hessian":[9E0,2E0,7E0,1E0,1E0,6E0,1E0,2E0,4E0,1E0,1E0,2E0,2E0],"tree_param":{"num_deleted":"0","num_feature":"2","num_nodes":"13","size_leaf_vector":"1"}},{"base_weights":[-7.66478E-2,-7.4474096E-1,1.834681E-1,-9.04836E-2,-2.1227552E-2,3.8897652E-2,5.9773065E-2,-9.029452E-2,1.0863342E-1,-1.0938073E-2,-2.6061058E-3,4.533005E-3,1.3572566E-2],"categories":[],"categories_nodes":[],"categories_segments":[],"categories_sizes":[],"default_left":[0,0,0,0,0,0,0,0,0,0,0,0,0],"id":55,"left_children":[1,3,5,-1,-1,7,-1,9,11,-1,-1,-1,-1],"loss_changes":[1.874453E0,6.36605E-2,4.558707E-1,0E0,0E0,7.287421E-2,0E0,8.273423E-4,2.4227016E-3,0E0,0E0,0E0,0E0],"parents":[2147483647,0,0,1,1,2,2,5,5,7,7,8,8],"right_children":[2,4,6,-1,-1,8,-1,10,12,-1,-1,-1,-1],"split_conditions":[1.9911352E-1,9.9216625E-2,1E0,-9.04836E-2,-2.1227552E-2,5.0337857E-1,5.9773065E-2,2.999317E-1,7.042061E-1,-1.0938073E-2,-2.6061058E-3,4.533005E-3,1.3572566E-2],"split_indices":[0,0,0,0,0,0,0,0,0,0,0,0,0],"split_type":[0,0,0,0,0,0,0,0,0,0,0,0,0],"sum_hessian":[9E0,2E0,7E0,1E0,1E0,6E0,1E0,2E0,4E0,1E0,1E0,2E0,2E0],"tree_param":{"num_deleted":"0","num_feature":"2","num_nodes":"13","size_leaf_vector":"1"}},{"base_weights":[-7.372042E-2,-7.0750386E-1,1.7316341E-1,-8.595942E-2,-2.0166159E-2,3.565979E-2,5.678444E-2,-8.577982E-2,1.013916E-1,-1.039114E-2,-2.475834E-3,4.2308806E-3,1.266772E-2],"categories":[],"categories_nodes":[],"categories_segments":[],"categories_sizes":[],"default_left":[0,0,0,0,0,0,0,0,0,0,0,0,0],"id":56,"left_children":[1,3,5,-1,-1,7,-1,9,11,-1,-1,-1,-1],"loss_changes":[1.6872225E0,5.745411E-2,4.1391128E-1,0E0,0E0,6.457447E-2,0E0,7.465724E-4,2.110161E-3,0E0,0E0,0E0,0E0],"parents":[2147483647,0,0,1,1,2,2,5,5,7,7,8,8],"right_children":[2,4,6,-1,-1,8,-1,10,12,-1,-1,-1,-1],"split_conditions":[1.9911352E-1,9.9216625E-2,1E0,-8.595942E-2,-2.0166159E-2,5.0337857E-1,5.678444E-2,2.999317E-1,7.042061E-1,-1.039114E-2,-2.475834E-3,4.2308806E-3,1.266772E-2],"split_indices":[0,0,0,0,0,0,0,0,0,0,0,0,0],"split_type":[0,0,0,0,0,0,0,0,0,0,0,0,0],"sum_hessian":[9E0,2E0,7E0,1E0,1E0,6E0,1E0,2E0,4E0,1E0,1E0,2E0,2E0],"tree_param":{"num_deleted":"0","num_feature":"2","num_nodes":"13","size_leaf_vector":"1"}},{"base_weights":[-7.087952E-2,-6.7212856E-1,1.6344881E-1,-8.166145E-2,-1.915784E-2,3.266961E-2,5.394516E-2,-8.149084E-2,9.4631955E-2,-9.871579E-3,-2.352047E-3,3.9488478E-3,1.1823146E-2],"categories":[],"categories_nodes":[],"categories_segments":[],"categories_sizes":[],"default_left":[0,0,0,0,0,0,0,0,0,0,0,0,0],"id":57,"left_children":[1,3,5,-1,-1,7,-1,9,11,-1,-1,-1,-1],"loss_changes":[1.5187554E0,5.1852465E-2,3.757631E-1,0E0,0E0,5.7227183E-2,0E0,6.737653E-4,1.8380098E-3,0E0,0E0,0E0,0E0],"parents":[2147483647,0,0,1,1,2,2,5,5,7,7,8,8],"right_children":[2,4,6,-1,-1,8,-1,10,12,-1,-1,-1,-1],"split_conditions":[1.9911352E-1,9.9216625E-2,1E0,-8.166145E-2,-1.915784E-2,5.0337857E-1,5.394516E-2,2.999317E-1,7.042061E-1,-9.871579E-3,-2.352047E-3,3.9488478E-3,1.1823146E-2],"split_indices":[0,0,0,0,0,0,0,0,0,0,0,0,0],"split_type":[0,0,0,0,0,0,0,0,0,0,0,0,0],"sum_hessian":[9E0,2E0,7E0,1E0,1E0,6E0,1E0,2E0,4E0,1E0,1E0,2E0,2E0],"tree_param":{"num_deleted":"0","num_feature":"2","num_nodes":"13","size_leaf_vector":"1"}},{"base_weights":[-6.8123564E-2,-6.3852227E-1,1.5429139E-1,-7.757837E-2,-1.819997E-2,2.9910224E-2,5.124798E-2,-7.74161E-2,8.832397E-2,-9.377956E-3,-2.234459E-3,2.1554946E-3,9.96275E-3],"categories":[],"categories_nodes":[],"categories_segments":[],"categories_sizes":[],"default_left":[0,0,0,0,0,0,0,0,0,0,0,0,0],"id":58,"left_children":[1,3,5,-1,-1,7,-1,9,11,-1,-1,-1,-1],"loss_changes":[1.3671706E0,4.679656E-2,3.4108675E-1,0E0,0E0,5.0723027E-2,0E0,6.0801767E-4,1.62616E-3,0E0,0E0,0E0,0E0],"parents":[2147483647,0,0,1,1,2,2,5,5,7,7,8,8],"right_children":[2,4,6,-1,-1,8,-1,10,12,-1,-1,-1,-1],"split_conditions":[1.9911352E-1,9.9216625E-2,1E0,-7.757837E-2,-1.819997E-2,5.0337857E-1,5.124798E-2,2.999317E-1,6.050859E-1,-9.377956E-3,-2.234459E-3,2.1554946E-3,9.96275E-3],"split_indices":[0,0,0,0,0,0,0,0,0,0,0,0,0],"split_type":[0,0,0,0,0,0,0,0,0,0,0,0,0],"sum_hessian":[9E0,2E0,7E0,1E0,1E0,6E0,1E0,2E0,4E0,1E0,1E0,1E0,3E0],"tree_param":{"num_deleted":"0","num_feature":"2","num_nodes":"13","size_leaf_vector":"1"}},{"base_weights":[-6.571374E-2,-6.065962E-1,1.4533138E-1,-7.369945E-2,-1.7289972E-2,2.6991162E-2,4.8685648E-2,-7.354482E-2,8.191452E-2,-8.909035E-3,-2.1226883E-3,3.2816571E-3,1.0370764E-2],"categories":[],"categories_nodes":[],"categories_segments":[],"categories_sizes":[],"default_left":[0,0,0,0,0,0,0,0,0,0,0,0,0],"id":59,"left_children":[1,3,5,-1,-1,7,-1,9,11,-1,-1,-1,-1],"loss_changes":[1.2296635E0,4.2233706E-2,3.1018838E-1,0E0,0E0,4.4676803E-2,0E0,5.488191E-4,1.9466579E-3,0E0,0E0,0E0,0E0],"parents":[2147483647,0,0,1,1,2,2,5,5,7,7,8,8],"right_children":[2,4,6,-1,-1,8,-1,10,12,-1,-1,-1,-1],"split_conditions":[1.9911352E-1,9.9216625E-2,1E0,-7.369945E-2,-1.7289972E-2,5.0337857E-1,4.8685648E-2,2.999317E-1,7.042061E-1,-8.909035E-3,-2.1226883E-3,3.2816571E-3,1.0370764E-2],"split_indices":[0,0,0,0,0,0,0,0,0,0,0,0,0],"split_type":[0,0,0,0,0,0,0,0,0,0,0,0,0],"sum_hessian":[9E0,2E0,7E0,1E0,1E0,6E0,1E0,2E0,4E0,1E0,1E0,2E0,2E0],"tree_param":{"num_deleted":"0","num_feature":"2","num_nodes":"13","size_leaf_vector":"1"}},{"base_weights":[-6.311083E-2,-5.762663E-1,1.3721132E-1,-7.001448E-2,-1.6425466E-2,2.4666378E-2,4.6251297E-2,-6.9867454E-2,7.64534E-2,-8.463574E-3,-2.0165443E-3,3.0629477E-3,9.679286E-3],"categories":[],"categories_nodes":[],"categories_segments":[],"categories_sizes":[],"default_left":[0,0,0,0,0,0,0,0,0,0,0,0,0],"id":60,"left_children":[1,3,5,-1,-1,7,-1,9,11,-1,-1,-1,-1],"loss_changes":[1.1070343E0,3.8116097E-2,2.8147995E-1,0E0,0E0,3.9610982E-2,0E0,4.9532205E-4,1.6954523E-3,0E0,0E0,0E0,0E0],"parents":[2147483647,0,0,1,1,2,2,5,5,7,7,8,8],"right_children":[2,4,6,-1,-1,8,-1,10,12,-1,-1,-1,-1],"split_conditions":[1.9911352E-1,9.9216625E-2,1E0,-7.001448E-2,-1.6425466E-2,5.0337857E-1,4.6251297E-2,2.999317E-1,7.042061E-1,-8.463574E-3,-2.0165443E-3,3.0629477E-3,9.679286E-3],"split_indices":[0,0,0,0,0,0,0,0,0,0,0,0,0],"split_type":[0,0,0,0,0,0,0,0,0,0,0,0,0],"sum_hessian":[9E0,2E0,7E0,1E0,1E0,6E0,1E0,2E0,4E0,1E0,1E0,2E0,2E0],"tree_param":{"num_deleted":"0","num_feature":"2","num_nodes":"13","size_leaf_vector":"1"}},{"base_weights":[-6.059251E-2,-5.474531E-1,1.2955427E-1,-6.6513754E-2,-1.560421E-2,2.2523062E-2,4.3938637E-2,-6.637446E-2,7.135697E-2,-8.040428E-3,-1.915741E-3,2.8587342E-3,9.0340935E-3],"categories":[],"categories_nodes":[],"categories_segments":[],"categories_sizes":[],"default_left":[0,0,0,0,0,0,0,0,0,0,0,0,0],"id":61,"left_children":[1,3,5,-1,-1,7,-1,9,11,-1,-1,-1,-1],"loss_changes":[9.966746E-1,3.439951E-2,2.5539732E-1,0E0,0E0,3.512477E-2,0E0,4.4700224E-4,1.4770813E-3,0E0,0E0,0E0,0E0],"parents":[2147483647,0,0,1,1,2,2,5,5,7,7,8,8],"right_children":[2,4,6,-1,-1,8,-1,10,12,-1,-1,-1,-1],"split_conditions":[1.9911352E-1,9.9216625E-2,1E0,-6.6513754E-2,-1.560421E-2,5.0337857E-1,4.3938637E-2,2.999317E-1,7.042061E-1,-8.040428E-3,-1.915741E-3,2.8587342E-3,9.0340935E-3],"split_indices":[0,0,0,0,0,0,0,0,0,0,0,0,0],"split_type":[0,0,0,0,0,0,0,0,0,0,0,0,0],"sum_hessian":[9E0,2E0,7E0,1E0,1E0,6E0,1E0,2E0,4E0,1E0,1E0,2E0,2E0],"tree_param":{"num_deleted":"0","num_feature":"2","num_nodes":"13","size_leaf_vector":"1"}},{"base_weights":[-5.8157135E-2,-5.200805E-1,1.22333765E-1,-6.318807E-2,-1.48240095E-2,2.0547867E-2,4.1741755E-2,-6.305631E-2,6.66008E-2,-7.6384544E-3,-1.8199921E-3,2.6682536E-3,8.43188E-3],"categories":[],"categories_nodes":[],"categories_segments":[],"categories_sizes":[],"default_left":[0,0,0,0,0,0,0,0,0,0,0,0,0],"id":62,"left_children":[1,3,5,-1,-1,7,-1,9,11,-1,-1,-1,-1],"loss_changes":[8.97353E-1,3.1045437E-2,2.3170587E-1,0E0,0E0,3.1151123E-2,0E0,4.033763E-4,1.2865178E-3,0E0,0E0,0E0,0E0],"parents":[2147483647,0,0,1,1,2,2,5,5,7,7,8,8],"right_children":[2,4,6,-1,-1,8,-1,10,12,-1,-1,-1,-1],"split_conditions":[1.9911352E-1,9.9216625E-2,1E0,-6.318807E-2,-1.48240095E-2,5.0337857E-1,4.1741755E-2,2.999317E-1,7.042061E-1,-7.6384544E-3,-1.8199921E-3,2.6682536E-3,8.43188E-3],"split_indices":[0,0,0,0,0,0,0,0,0,0,0,0,0],"split_type":[0,0,0,0,0,0,0,0,0,0,0,0,0],"sum_hessian":[9E0,2E0,7E0,1E0,1E0,6E0,1E0,2E0,4E0,1E0,1E0,2E0,2E0],"tree_param":{"num_deleted":"0","num_feature":"2","num_nodes":"13","size_leaf_vector":"1"}},{"base_weights":[-5.5803515E-2,-4.940765E-1,1.1552429E-1,-6.002866E-2,-1.4082814E-2,1.8728528E-2,3.965473E-2,-5.990346E-2,6.216202E-2,-7.256508E-3,-1.7290115E-3,2.4904886E-3,7.869848E-3],"categories":[],"categories_nodes":[],"categories_segments":[],"categories_sizes":[],"default_left":[0,0,0,0,0,0,0,0,0,0,0,0,0],"id":63,"left_children":[1,3,5,-1,-1,7,-1,9,11,-1,-1,-1,-1],"loss_changes":[8.0796134E-1,2.8018296E-2,2.1018796E-1,0E0,0E0,2.7630549E-2,0E0,3.640037E-4,1.1205301E-3,0E0,0E0,0E0,0E0],"parents":[2147483647,0,0,1,1,2,2,5,5,7,7,8,8],"right_children":[2,4,6,-1,-1,8,-1,10,12,-1,-1,-1,-1],"split_conditions":[1.9911352E-1,9.9216625E-2,1E0,-6.002866E-2,-1.4082814E-2,5.0337857E-1,3.965473E-2,2.999317E-1,7.042061E-1,-7.256508E-3,-1.7290115E-3,2.4904886E-3,7.869848E-3],"split_indices":[0,0,0,0,0,0,0,0,0,0,0,0,0],"split_type":[0,0,0,0,0,0,0,0,0,0,0,0,0],"sum_hessian":[9E0,2E0,7E0,1E0,1E0,6E0,1E0,2E0,4E0,1E0,1E0,2E0,2E0],"tree_param":{"num_deleted":"0","num_feature":"2","num_nodes":"13","size_leaf_vector":"1"}},{"base_weights":[-5.3531326E-2,-4.6937263E-1,1.0910058E-1,-5.702723E-2,-1.3378668E-2,1.7051969E-2,3.7672043E-2,-5.690829E-2,5.801773E-2,-6.893635E-3,-1.6426087E-3,2.3244224E-3,7.3451996E-3],"categories":[],"categories_nodes":[],"categories_segments":[],"categories_sizes":[],"default_left":[0,0,0,0,0,0,0,0,0,0,0,0,0],"id":64,"left_children":[1,3,5,-1,-1,7,-1,9,11,-1,-1,-1,-1],"loss_changes":[7.274995E-1,2.5286674E-2,1.9064847E-1,0E0,0E0,2.4510559E-2,0E0,3.2841228E-4,9.761844E-4,0E0,0E0,0E0,0E0],"parents":[2147483647,0,0,1,1,2,2,5,5,7,7,8,8],"right_children":[2,4,6,-1,-1,8,-1,10,12,-1,-1,-1,-1],"split_conditions":[1.9911352E-1,9.9216625E-2,1E0,-5.702723E-2,-1.3378668E-2,5.0337857E-1,3.7672043E-2,2.999317E-1,7.042061E-1,-6.893635E-3,-1.6426087E-3,2.3244224E-3,7.3451996E-3],"split_indices":[0,0,0,0,0,0,0,0,0,0,0,0,0],"split_type":[0,0,0,0,0,0,0,0,0,0,0,0,0],"sum_hessian":[9E0,2E0,7E0,1E0,1E0,6E0,1E0,2E0,4E0,1E0,1E0,2E0,2E0],"tree_param":{"num_deleted":"0","num_feature":"2","num_nodes":"13","size_leaf_vector":"1"}},{"base_weights":[-5.133822E-2,-4.4590387E-1,1.0304117E-1,-5.4175865E-2,-1.2709714E-2,1.5508379E-2,3.5788536E-2,-5.406316E-2,5.4149628E-2,-6.548977E-3,-1.5604973E-3,2.8129579E-3,7.911491E-3],"categories":[],"categories_nodes":[],"categories_segments":[],"categories_sizes":[],"default_left":[0,0,0,0,0,0,0,0,0,0,0,0,0],"id":65,"left_children":[1,3,5,-1,-1,7,-1,9,11,-1,-1,-1,-1],"loss_changes":[6.550745E-1,2.2821546E-2,1.7290756E-1,0E0,0E0,2.1745818E-2,0E0,2.9637478E-4,1.0225195E-3,0E0,0E0,0E0,0E0],"parents":[2147483647,0,0,1,1,2,2,5,5,7,7,8,8],"right_children":[2,4,6,-1,-1,8,-1,10,12,-1,-1,-1,-1],"split_conditions":[1.9911352E-1,9.9216625E-2,1E0,-5.4175865E-2,-1.2709714E-2,5.0337857E-1,3.5788536E-2,2.999317E-1,9.060032E-1,-6.548977E-3,-1.5604973E-3,2.8129579E-3,7.911491E-3],"split_indices":[0,0,0,0,0,0,0,0,0,0,0,0,0],"split_type":[0,0,0,0,0,0,0,0,0,0,0,0,0],"sum_hessian":[9E0,2E0,7E0,1E0,1E0,6E0,1E0,2E0,4E0,1E0,1E0,3E0,1E0],"tree_param":{"num_deleted":"0","num_feature":"2","num_nodes":"13","size_leaf_vector":"1"}},{"base_weights":[-4.9052216E-2,-4.236087E-1,9.7537994E-2,-5.1467072E-2,-1.2074232E-2,1.4331818E-2,3.3999063E-2,-5.1359814E-2,5.0880432E-2,-6.2214853E-3,-1.4824867E-3,2.6021004E-3,7.5159073E-3],"categories":[],"categories_nodes":[],"categories_segments":[],"categories_sizes":[],"default_left":[0,0,0,0,0,0,0,0,0,0,0,0,0],"id":66,"left_children":[1,3,5,-1,-1,7,-1,9,11,-1,-1,-1,-1],"loss_changes":[5.903811E-1,2.0596325E-2,1.5651578E-1,0E0,0E0,1.9419776E-2,0E0,2.6743766E-4,1.0620514E-3,0E0,0E0,0E0,0E0],"parents":[2147483647,0,0,1,1,2,2,5,5,7,7,8,8],"right_children":[2,4,6,-1,-1,8,-1,10,12,-1,-1,-1,-1],"split_conditions":[1.9911352E-1,9.9216625E-2,1E0,-5.1467072E-2,-1.2074232E-2,5.0337857E-1,3.3999063E-2,2.999317E-1,9.060032E-1,-6.2214853E-3,-1.4824867E-3,2.6021004E-3,7.5159073E-3],"split_indices":[0,0,0,0,0,0,0,0,0,0,0,0,0],"split_type":[0,0,0,0,0,0,0,0,0,0,0,0,0],"sum_hessian":[9E0,2E0,7E0,1E0,1E0,6E0,1E0,2E0,4E0,1E0,1E0,3E0,1E0],"tree_param":{"num_deleted":"0","num_feature":"2","num_nodes":"13","size_leaf_vector":"1"}},{"base_weights":[-4.6859704E-2,-4.0242818E-1,9.233594E-2,-4.889372E-2,-1.1470509E-2,1.3243811E-2,3.229904E-2,-4.8791885E-2,4.7816467E-2,-5.9103966E-3,-1.4083863E-3,2.4069787E-3,7.1401596E-3],"categories":[],"categories_nodes":[],"categories_segments":[],"categories_sizes":[],"default_left":[0,0,0,0,0,0,0,0,0,0,0,0,0],"id":67,"left_children":[1,3,5,-1,-1,7,-1,9,11,-1,-1,-1,-1],"loss_changes":[5.320944E-1,1.8588364E-2,1.4166602E-1,0E0,0E0,1.7346226E-2,0E0,2.4132384E-4,1.0817219E-3,0E0,0E0,0E0,0E0],"parents":[2147483647,0,0,1,1,2,2,5,5,7,7,8,8],"right_children":[2,4,6,-1,-1,8,-1,10,12,-1,-1,-1,-1],"split_conditions":[1.9911352E-1,9.9216625E-2,1E0,-4.889372E-2,-1.1470509E-2,5.0337857E-1,3.229904E-2,2.999317E-1,9.060032E-1,-5.9103966E-3,-1.4083863E-3,2.4069787E-3,7.1401596E-3],"split_indices":[0,0,0,0,0,0,0,0,0,0,0,0,0],"split_type":[0,0,0,0,0,0,0,0,0,0,0,0,0],"sum_hessian":[9E0,2E0,7E0,1E0,1E0,6E0,1E0,2E0,4E0,1E0,1E0,3E0,1E0],"tree_param":{"num_deleted":"0","num_feature":"2","num_nodes":"13","size_leaf_vector":"1"}},{"base_weights":[-4.4757545E-2,-3.823067E-1,8.741808E-2,-4.6449035E-2,-1.0896969E-2,1.2237549E-2,3.068409E-2,-4.6352386E-2,4.4944E-2,-5.614853E-3,-1.3380051E-3,2.2264482E-3,6.783104E-3],"categories":[],"categories_nodes":[],"categories_segments":[],"categories_sizes":[],"default_left":[0,0,0,0,0,0,0,0,0,0,0,0,0],"id":68,"left_children":[1,3,5,-1,-1,7,-1,9,11,-1,-1,-1,-1],"loss_changes":[4.7957823E-1,1.6776145E-2,1.282156E-1,0E0,0E0,1.5497143E-2,0E0,2.1773484E-4,1.0851128E-3,0E0,0E0,0E0,0E0],"parents":[2147483647,0,0,1,1,2,2,5,5,7,7,8,8],"right_children":[2,4,6,-1,-1,8,-1,10,12,-1,-1,-1,-1],"split_conditions":[1.9911352E-1,9.9216625E-2,1E0,-4.6449035E-2,-1.0896969E-2,5.0337857E-1,3.068409E-2,2.999317E-1,9.060032E-1,-5.614853E-3,-1.3380051E-3,2.2264482E-3,6.783104E-3],"split_indices":[0,0,0,0,0,0,0,0,0,0,0,0,0],"split_type":[0,0,0,0,0,0,0,0,0,0,0,0,0],"sum_hessian":[9E0,2E0,7E0,1E0,1E0,6E0,1E0,2E0,4E0,1E0,1E0,3E0,1E0],"tree_param":{"num_deleted":"0","num_feature":"2","num_nodes":"13","size_leaf_vector":"1"}},{"base_weights":[-4.274268E-2,-3.6319146E-1,8.276844E-2,-4.412658E-2,-1.0352135E-2,1.13073075E-2,2.914982E-2,-4.403432E-2,4.2250823E-2,-5.3340914E-3,-1.2710572E-3,2.0593645E-3,6.4439774E-3],"categories":[],"categories_nodes":[],"categories_segments":[],"categories_sizes":[],"default_left":[0,0,0,0,0,0,0,0,0,0,0,0,0],"id":69,"left_children":[1,3,5,-1,-1,7,-1,9,11,-1,-1,-1,-1],"loss_changes":[4.3225965E-1,1.5140325E-2,1.1603245E-1,0E0,0E0,1.38477385E-2,0E0,1.9655842E-4,1.0757009E-3,0E0,0E0,0E0,0E0],"parents":[2147483647,0,0,1,1,2,2,5,5,7,7,8,8],"right_children":[2,4,6,-1,-1,8,-1,10,12,-1,-1,-1,-1],"split_conditions":[1.9911352E-1,9.9216625E-2,1E0,-4.412658E-2,-1.0352135E-2,5.0337857E-1,2.914982E-2,2.999317E-1,9.060032E-1,-5.3340914E-3,-1.2710572E-3,2.0593645E-3,6.4439774E-3],"split_indices":[0,0,0,0,0,0,0,0,0,0,0,0,0],"split_type":[0,0,0,0,0,0,0,0,0,0,0,0,0],"sum_hessian":[9E0,2E0,7E0,1E0,1E0,6E0,1E0,2E0,4E0,1E0,1E0,3E0,1E0],"tree_param":{"num_deleted":"0","num_feature":"2","num_nodes":"13","size_leaf_vector":"1"}},{"base_weights":[-4.081139E-2,-3.450319E-1,7.837272E-2,-4.1920256E-2,-9.834528E-3,1.0447638E-2,2.7692413E-2,-4.1832607E-2,3.9726257E-2,-5.0673485E-3,-1.2075425E-3,1.9048691E-3,6.1218264E-3],"categories":[],"categories_nodes":[],"categories_segments":[],"categories_sizes":[],"default_left":[0,0,0,0,0,0,0,0,0,0,0,0,0],"id":70,"left_children":[1,3,5,-1,-1,7,-1,9,11,-1,-1,-1,-1],"loss_changes":[3.8962358E-1,1.3664126E-2,1.04999766E-1,0E0,0E0,1.2376707E-2,0E0,1.77335E-4,1.0558832E-3,0E0,0E0,0E0,0E0],"parents":[2147483647,0,0,1,1,2,2,5,5,7,7,8,8],"right_children":[2,4,6,-1,-1,8,-1,10,12,-1,-1,-1,-1],"split_conditions":[1.9911352E-1,9.9216625E-2,1E0,-4.1920256E-2,-9.834528E-3,5.0337857E-1,2.7692413E-2,2.999317E-1,9.060032E-1,-5.0673485E-3,-1.2075425E-3,1.9048691E-3,6.1218264E-3],"split_indices":[0,0,0,0,0,0,0,0,0,0,0,0,0],"split_type":[0,0,0,0,0,0,0,0,0,0,0,0,0],"sum_hessian":[9E0,2E0,7E0,1E0,1E0,6E0,1E0,2E0,4E0,1E0,1E0,3E0,1E0],"tree_param":{"num_deleted":"0","num_feature":"2","num_nodes":"13","size_leaf_vector":"1"}},{"base_weights":[-3.8960826E-2,-3.2778037E-1,7.4216604E-2,-3.9824244E-2,-9.342814E-3,9.653636E-3,2.630787E-2,-3.974088E-2,3.7359618E-2,-4.8139575E-3,-1.1471749E-3,1.762104E-2,5.815697E-3,5.130768E-4,2.0074209E-3],"categories":[],"categories_nodes":[],"categories_segments":[],"categories_sizes":[],"default_left":[0,0,0,0,0,0,0,0,0,0,0,0,0,0,0],"id":71,"left_children":[1,3,5,-1,-1,7,-1,9,11,-1,-1,13,-1,-1,-1],"loss_changes":[3.512053E-1,1.2331784E-2,9.50083E-2,0E0,0E0,1.1064369E-2,0E0,1.600259E-4,1.0277638E-3,0E0,0E0,1.9566854E-5,0E0,0E0,0E0],"parents":[2147483647,0,0,1,1,2,2,5,5,7,7,8,8,11,11],"right_children":[2,4,6,-1,-1,8,-1,10,12,-1,-1,14,-1,-1,-1],"split_conditions":[1.9911352E-1,9.9216625E-2,1E0,-3.9824244E-2,-9.342814E-3,5.0337857E-1,2.630787E-2,2.999317E-1,9.060032E-1,-4.8139575E-3,-1.1471749E-3,6.050859E-1,5.815697E-3,5.130768E-4,2.0074209E-3],"split_indices":[0,0,0,0,0,0,0,0,0,0,0,0,0,0,0],"split_type":[0,0,0,0,0,0,0,0,0,0,0,0,0,0,0],"sum_hessian":[9E0,2E0,7E0,1E0,1E0,6E0,1E0,2E0,4E0,1E0,1E0,3E0,1E0,1E0,2E0],"tree_param":{"num_deleted":"0","num_feature":"2","num_nodes":"15","size_leaf_vector":"1"}},{"base_weights":[-3.711282E-2,-3.1139123E-1,7.038069E-2,-3.783303E-2,-8.875656E-3,9.027754E-3,2.4992561E-2,-3.775406E-2,3.529129E-2,-4.5732497E-3,-1.089859E-3,1.6489983E-2,5.5248262E-3,4.8751832E-4,1.8736521E-3],"categories":[],"categories_nodes":[],"categories_segments":[],"categories_sizes":[],"default_left":[0,0,0,0,0,0,0,0,0,0,0,0,0,0,0],"id":72,"left_children":[1,3,5,-1,-1,7,-1,9,11,-1,-1,13,-1,-1,-1],"loss_changes":[3.167474E-1,1.1129558E-2,8.586859E-2,0E0,0E0,9.93298E-3,0E0,1.4437456E-4,9.65043E-4,0E0,0E0,1.3028388E-5,0E0,0E0,0E0],"parents":[2147483647,0,0,1,1,2,2,5,5,7,7,8,8,11,11],"right_children":[2,4,6,-1,-1,8,-1,10,12,-1,-1,14,-1,-1,-1],"split_conditions":[1.9911352E-1,9.9216625E-2,1E0,-3.783303E-2,-8.875656E-3,5.0337857E-1,2.4992561E-2,2.999317E-1,9.060032E-1,-4.5732497E-3,-1.089859E-3,6.050859E-1,5.5248262E-3,4.8751832E-4,1.8736521E-3],"split_indices":[0,0,0,0,0,0,0,0,0,0,0,0,0,0,0],"split_type":[0,0,0,0,0,0,0,0,0,0,0,0,0,0,0],"sum_hessian":[9E0,2E0,7E0,1E0,1E0,6E0,1E0,2E0,4E0,1E0,1E0,3E0,1E0,1E0,2E0],"tree_param":{"num_deleted":"0","num_feature":"2","num_nodes":"15","size_leaf_vector":"1"}},{"base_weights":[-3.535083E-2,-2.958216E-1,6.6744566E-2,-3.5941377E-2,-8.431864E-3,8.442743E-3,2.3742868E-2,-3.586642E-2,3.333969E-2,-4.344559E-3,-1.0354043E-3,1.5431404E-2,5.248642E-3,4.6310425E-4,1.7487844E-3],"categories":[],"categories_nodes":[],"categories_segments":[],"categories_sizes":[],"default_left":[0,0,0,0,0,0,0,0,0,0,0,0,0,0,0],"id":73,"left_children":[1,3,5,-1,-1,7,-1,9,11,-1,-1,13,-1,-1,-1],"loss_changes":[2.8567314E-1,1.0044515E-2,7.7605E-2,0E0,0E0,8.917917E-3,0E0,1.3025035E-4,9.044865E-4,0E0,0E0,7.8541925E-6,0E0,0E0,0E0],"parents":[2147483647,0,0,1,1,2,2,5,5,7,7,8,8,11,11],"right_children":[2,4,6,-1,-1,8,-1,10,12,-1,-1,14,-1,-1,-1],"split_conditions":[1.9911352E-1,9.9216625E-2,1E0,-3.5941377E-2,-8.431864E-3,5.0337857E-1,2.3742868E-2,2.999317E-1,9.060032E-1,-4.344559E-3,-1.0354043E-3,6.050859E-1,5.248642E-3,4.6310425E-4,1.7487844E-3],"split_indices":[0,0,0,0,0,0,0,0,0,0,0,0,0,0,0],"split_type":[0,0,0,0,0,0,0,0,0,0,0,0,0,0,0],"sum_hessian":[9E0,2E0,7E0,1E0,1E0,6E0,1E0,2E0,4E0,1E0,1E0,3E0,1E0,1E0,2E0],"tree_param":{"num_deleted":"0","num_feature":"2","num_nodes":"15","size_leaf_vector":"1"}},{"base_weights":[-3.367024E-2,-2.8103068E-1,6.32987E-2,-3.414431E-2,-8.010292E-3,7.896423E-3,2.2555733E-2,-3.4072876E-2,3.149872E-2,-4.127312E-3,-9.836197E-4,1.4442444E-2,4.9861907E-3,4.4002532E-4,1.6323089E-3],"categories":[],"categories_nodes":[],"categories_segments":[],"categories_sizes":[],"default_left":[0,0,0,0,0,0,0,0,0,0,0,0,0,0,0],"id":74,"left_children":[1,3,5,-1,-1,7,-1,9,11,-1,-1,13,-1,-1,-1],"loss_changes":[2.5765166E-1,9.065002E-3,7.0134886E-2,0E0,0E0,8.007254E-3,0E0,1.1755945E-4,8.4591005E-4,0E0,0E0,3.7174905E-6,0E0,0E0,0E0],"parents":[2147483647,0,0,1,1,2,2,5,5,7,7,8,8,11,11],"right_children":[2,4,6,-1,-1,8,-1,10,12,-1,-1,14,-1,-1,-1],"split_conditions":[1.9911352E-1,9.9216625E-2,1E0,-3.414431E-2,-8.010292E-3,5.0337857E-1,2.2555733E-2,2.999317E-1,9.060032E-1,-4.127312E-3,-9.836197E-4,6.050859E-1,4.9861907E-3,4.4002532E-4,1.6323089E-3],"split_indices":[0,0,0,0,0,0,0,0,0,0,0,0,0,0,0],"split_type":[0,0,0,0,0,0,0,0,0,0,0,0,0,0,0],"sum_hessian":[9E0,2E0,7E0,1E0,1E0,6E0,1E0,2E0,4E0,1E0,1E0,3E0,1E0,1E0,2E0],"tree_param":{"num_deleted":"0","num_feature":"2","num_nodes":"15","size_leaf_vector":"1"}},{"base_weights":[-3.206827E-2,-2.6697928E-1,6.003189E-2,-3.2437097E-2,-7.6097967E-3,7.385254E-3,2.1427918E-2,-3.2368977E-2,2.9760743E-2,-3.9209365E-3,-9.344101E-4,1.3516427E-3,4.7369003E-3],"categories":[],"categories_nodes":[],"categories_segments":[],"categories_sizes":[],"default_left":[0,0,0,0,0,0,0,0,0,0,0,0,0],"id":75,"left_children":[1,3,5,-1,-1,7,-1,9,11,-1,-1,-1,-1],"loss_changes":[2.3238069E-1,8.181006E-3,6.3382305E-2,0E0,0E0,7.1899667E-3,0E0,1.0612095E-4,7.899115E-4,0E0,0E0,0E0,0E0],"parents":[2147483647,0,0,1,1,2,2,5,5,7,7,8,8],"right_children":[2,4,6,-1,-1,8,-1,10,12,-1,-1,-1,-1],"split_conditions":[1.9911352E-1,9.9216625E-2,1E0,-3.2437097E-2,-7.6097967E-3,5.0337857E-1,2.1427918E-2,2.999317E-1,9.060032E-1,-3.9209365E-3,-9.344101E-4,1.3516427E-3,4.7369003E-3],"split_indices":[0,0,0,0,0,0,0,0,0,0,0,0,0],"split_type":[0,0,0,0,0,0,0,0,0,0,0,0,0],"sum_hessian":[9E0,2E0,7E0,1E0,1E0,6E0,1E0,2E0,4E0,1E0,1E0,3E0,1E0],"tree_param":{"num_deleted":"0","num_feature":"2","num_nodes":"13","size_leaf_vector":"1"}},{"base_weights":[-3.0599635E-2,-2.5363046E-1,5.6861877E-2,-3.0815242E-2,-7.229328E-3,6.8234033E-3,2.035656E-2,-3.0750275E-2,2.8002929E-2,-3.7248612E-3,-8.8768004E-4,1.2503624E-2,4.5000077E-3,3.5057068E-4,1.4334362E-3],"categories":[],"categories_nodes":[],"categories_segments":[],"categories_sizes":[],"default_left":[0,0,0,0,0,0,0,0,0,0,0,0,0,0,0],"id":76,"left_children":[1,3,5,-1,-1,7,-1,9,11,-1,-1,13,-1,-1,-1],"loss_changes":[2.0948803E-1,7.3832124E-3,5.733763E-2,0E0,0E0,6.4316466E-3,0E0,9.577535E-5,7.545557E-4,0E0,0E0,1.5639176E-5,0E0,0E0,0E0],"parents":[2147483647,0,0,1,1,2,2,5,5,7,7,8,8,11,11],"right_children":[2,4,6,-1,-1,8,-1,10,12,-1,-1,14,-1,-1,-1],"split_conditions":[1.9911352E-1,9.9216625E-2,1E0,-3.0815242E-2,-7.229328E-3,5.0337857E-1,2.035656E-2,2.999317E-1,9.060032E-1,-3.7248612E-3,-8.8768004E-4,6.050859E-1,4.5000077E-3,3.5057068E-4,1.4334362E-3],"split_indices":[0,0,0,0,0,0,0,0,0,0,0,0,0,0,0],"split_type":[0,0,0,0,0,0,0,0,0,0,0,0,0,0,0],"sum_hessian":[9E0,2E0,7E0,1E0,1E0,6E0,1E0,2E0,4E0,1E0,1E0,3E0,1E0,1E0,2E0],"tree_param":{"num_deleted":"0","num_feature":"2","num_nodes":"15","size_leaf_vector":"1"}},{"base_weights":[-2.914155E-2,-2.4094878E-1,5.3928852E-2,-2.9274479E-2,-6.867838E-3,6.379264E-3,1.93388E-2,-2.9212952E-2,2.645874E-2,-3.5386086E-3,-8.433342E-4,1.1698723E-2,4.2749406E-3,3.3302308E-4,1.3378144E-3],"categories":[],"categories_nodes":[],"categories_segments":[],"categories_sizes":[],"default_left":[0,0,0,0,0,0,0,0,0,0,0,0,0,0,0],"id":77,"left_children":[1,3,5,-1,-1,7,-1,9,11,-1,-1,13,-1,-1,-1],"loss_changes":[1.889432E-1,6.6635013E-3,5.181612E-2,0E0,0E0,5.775649E-3,0E0,8.6402986E-5,7.021392E-4,0E0,0E0,1.1664582E-5,0E0,0E0,0E0],"parents":[2147483647,0,0,1,1,2,2,5,5,7,7,8,8,11,11],"right_children":[2,4,6,-1,-1,8,-1,10,12,-1,-1,14,-1,-1,-1],"split_conditions":[1.9911352E-1,9.9216625E-2,1E0,-2.9274479E-2,-6.867838E-3,5.0337857E-1,1.93388E-2,2.999317E-1,9.060032E-1,-3.5386086E-3,-8.433342E-4,6.050859E-1,4.2749406E-3,3.3302308E-4,1.3378144E-3],"split_indices":[0,0,0,0,0,0,0,0,0,0,0,0,0,0,0],"split_type":[0,0,0,0,0,0,0,0,0,0,0,0,0,0,0],"sum_hessian":[9E0,2E0,7E0,1E0,1E0,6E0,1E0,2E0,4E0,1E0,1E0,3E0,1E0,1E0,2E0],"tree_param":{"num_deleted":"0","num_feature":"2","num_nodes":"15","size_leaf_vector":"1"}},{"base_weights":[-2.7751904E-2,-2.2890149E-1,5.1148176E-2,-2.7810756E-2,-6.5244674E-3,5.964279E-3,1.8371774E-2,-2.7752558E-2,2.5001526E-2,-3.361702E-3,-8.011818E-4,1.0946274E-2,4.0611266E-3,3.1642916E-4,1.2485505E-3],"categories":[],"categories_nodes":[],"categories_segments":[],"categories_sizes":[],"default_left":[0,0,0,0,0,0,0,0,0,0,0,0,0,0,0],"id":78,"left_children":[1,3,5,-1,-1,7,-1,9,11,-1,-1,13,-1,-1,-1],"loss_changes":[1.7041507E-1,6.0136914E-3,4.6824325E-2,0E0,0E0,5.1869866E-3,0E0,7.797312E-5,6.5245223E-4,0E0,0E0,8.405274E-6,0E0,0E0,0E0],"parents":[2147483647,0,0,1,1,2,2,5,5,7,7,8,8,11,11],"right_children":[2,4,6,-1,-1,8,-1,10,12,-1,-1,14,-1,-1,-1],"split_conditions":[1.9911352E-1,9.9216625E-2,1E0,-2.7810756E-2,-6.5244674E-3,5.0337857E-1,1.8371774E-2,2.999317E-1,9.060032E-1,-3.361702E-3,-8.011818E-4,6.050859E-1,4.0611266E-3,3.1642916E-4,1.2485505E-3],"split_indices":[0,0,0,0,0,0,0,0,0,0,0,0,0,0,0],"split_type":[0,0,0,0,0,0,0,0,0,0,0,0,0,0,0],"sum_hessian":[9E0,2E0,7E0,1E0,1E0,6E0,1E0,2E0,4E0,1E0,1E0,3E0,1E0,1E0,2E0],"tree_param":{"num_deleted":"0","num_feature":"2","num_nodes":"15","size_leaf_vector":"1"}},{"base_weights":[-2.6426613E-2,-2.1745653E-1,4.8512936E-2,-2.6420219E-2,-6.1982633E-3,5.5770874E-3,1.7453194E-2,-2.6364645E-2,2.362671E-2,-3.1935691E-3,-7.611275E-4,1.0243416E-2,3.8579942E-3,3.0059816E-4,1.16539E-3],"categories":[],"categories_nodes":[],"categories_segments":[],"categories_sizes":[],"default_left":[0,0,0,0,0,0,0,0,0,0,0,0,0,0,0],"id":79,"left_children":[1,3,5,-1,-1,7,-1,9,11,-1,-1,13,-1,-1,-1],"loss_changes":[1.5370642E-1,5.4272413E-3,4.231248E-2,0E0,0E0,4.6586627E-3,0E0,7.035653E-5,6.0542696E-4,0E0,0E0,5.801732E-6,0E0,0E0,0E0],"parents":[2147483647,0,0,1,1,2,2,5,5,7,7,8,8,11,11],"right_children":[2,4,6,-1,-1,8,-1,10,12,-1,-1,14,-1,-1,-1],"split_conditions":[1.9911352E-1,9.9216625E-2,1E0,-2.6420219E-2,-6.1982633E-3,5.0337857E-1,1.7453194E-2,2.999317E-1,9.060032E-1,-3.1935691E-3,-7.611275E-4,6.050859E-1,3.8579942E-3,3.0059816E-4,1.16539E-3],"split_indices":[0,0,0,0,0,0,0,0,0,0,0,0,0,0,0],"split_type":[0,0,0,0,0,0,0,0,0,0,0,0,0,0,0],"sum_hessian":[9E0,2E0,7E0,1E0,1E0,6E0,1E0,2E0,4E0,1E0,1E0,3E0,1E0,1E0,2E0],"tree_param":{"num_deleted":"0","num_feature":"2","num_nodes":"15","size_leaf_vector":"1"}},{"base_weights":[-2.5163507E-2,-2.0658381E-1,4.6014547E-2,-2.5099207E-2,-5.8883666E-3,5.2149636E-3,1.6580582E-2,-2.5046667E-2,2.2328949E-2,-3.0339241E-3,-7.230759E-4,9.585381E-3,3.665161E-3,2.8553008E-4,1.0876973E-3],"categories":[],"categories_nodes":[],"categories_segments":[],"categories_sizes":[],"default_left":[0,0,0,0,0,0,0,0,0,0,0,0,0,0,0],"id":80,"left_children":[1,3,5,-1,-1,7,-1,9,11,-1,-1,13,-1,-1,-1],"loss_changes":[1.3863729E-1,4.897982E-3,3.82348E-2,0E0,0E0,4.1845455E-3,0E0,6.350025E-5,5.612895E-4,0E0,0E0,3.7130376E-6,0E0,0E0,0E0],"parents":[2147483647,0,0,1,1,2,2,5,5,7,7,8,8,11,11],"right_children":[2,4,6,-1,-1,8,-1,10,12,-1,-1,14,-1,-1,-1],"split_conditions":[1.9911352E-1,9.9216625E-2,1E0,-2.5099207E-2,-5.8883666E-3,5.0337857E-1,1.6580582E-2,2.999317E-1,9.060032E-1,-3.0339241E-3,-7.230759E-4,6.050859E-1,3.665161E-3,2.8553008E-4,1.0876973E-3],"split_indices":[0,0,0,0,0,0,0,0,0,0,0,0,0,0,0],"split_type":[0,0,0,0,0,0,0,0,0,0,0,0,0,0,0],"sum_hessian":[9E0,2E0,7E0,1E0,1E0,6E0,1E0,2E0,4E0,1E0,1E0,3E0,1E0,1E0,2E0],"tree_param":{"num_deleted":"0","num_feature":"2","num_nodes":"15","size_leaf_vector":"1"}},{"base_weights":[-2.395993E-2,-1.9625475E-1,4.364562E-2,-2.3844246E-2,-5.5939676E-3,4.8765456E-3,1.5751457E-2,-2.3794174E-2,2.1103669E-2,-2.8821945E-3,-6.869316E-4,8.970261E-3,3.481865E-3,2.7122497E-4,1.0152181E-3],"categories":[],"categories_nodes":[],"categories_segments":[],"categories_sizes":[],"default_left":[0,0,0,0,0,0,0,0,0,0,0,0,0,0,0],"id":81,"left_children":[1,3,5,-1,-1,7,-1,9,11,-1,-1,13,-1,-1,-1],"loss_changes":[1.2504652E-1,4.420325E-3,3.4548625E-2,0E0,0E0,3.7588475E-3,0E0,5.729578E-5,5.197148E-4,0E0,0E0,2.050656E-6,0E0,0E0,0E0],"parents":[2147483647,0,0,1,1,2,2,5,5,7,7,8,8,11,11],"right_children":[2,4,6,-1,-1,8,-1,10,12,-1,-1,14,-1,-1,-1],"split_conditions":[1.9911352E-1,9.9216625E-2,1E0,-2.3844246E-2,-5.5939676E-3,5.0337857E-1,1.5751457E-2,2.999317E-1,9.060032E-1,-2.8821945E-3,-6.869316E-4,6.050859E-1,3.481865E-3,2.7122497E-4,1.0152181E-3],"split_indices":[0,0,0,0,0,0,0,0,0,0,0,0,0,0,0],"split_type":[0,0,0,0,0,0,0,0,0,0,0,0,0,0,0],"sum_hessian":[9E0,2E0,7E0,1E0,1E0,6E0,1E0,2E0,4E0,1E0,1E0,3E0,1E0,1E0,2E0],"tree_param":{"num_deleted":"0","num_feature":"2","num_nodes":"15","size_leaf_vector":"1"}},{"base_weights":[-2.281261E-2,-1.8644191E-1,4.1399956E-2,-2.2652034E-2,-5.3142547E-3,4.560198E-3,1.4963913E-2,-2.2604624E-2,1.9947052E-2,-2.7380944E-3,-6.525993E-4,8.395195E-4,3.3077241E-3],"categories":[],"categories_nodes":[],"categories_segments":[],"categories_sizes":[],"default_left":[0,0,0,0,0,0,0,0,0,0,0,0,0],"id":82,"left_children":[1,3,5,-1,-1,7,-1,9,11,-1,-1,-1,-1],"loss_changes":[1.1278926E-1,3.989421E-3,3.1217657E-2,0E0,0E0,3.3767638E-3,0E0,5.170214E-5,4.8070028E-4,0E0,0E0,0E0,0E0],"parents":[2147483647,0,0,1,1,2,2,5,5,7,7,8,8],"right_children":[2,4,6,-1,-1,8,-1,10,12,-1,-1,-1,-1],"split_conditions":[1.9911352E-1,9.9216625E-2,1E0,-2.2652034E-2,-5.3142547E-3,5.0337857E-1,1.4963913E-2,2.999317E-1,9.060032E-1,-2.7380944E-3,-6.525993E-4,8.395195E-4,3.3077241E-3],"split_indices":[0,0,0,0,0,0,0,0,0,0,0,0,0],"split_type":[0,0,0,0,0,0,0,0,0,0,0,0,0],"sum_hessian":[9E0,2E0,7E0,1E0,1E0,6E0,1E0,2E0,4E0,1E0,1E0,3E0,1E0],"tree_param":{"num_deleted":"0","num_feature":"2","num_nodes":"13","size_leaf_vector":"1"}},{"base_weights":[-2.1755904E-2,-1.7711996E-1,3.92251E-2,-2.1519432E-2,-5.0485614E-3,4.212516E-3,1.421566E-2,-2.1474203E-2,1.8782044E-2,-2.6011467E-3,-6.199837E-4,7.76577E-3,3.1423569E-3,2.1572113E-4,8.9162186E-4],"categories":[],"categories_nodes":[],"categories_segments":[],"categories_sizes":[],"default_left":[0,0,0,0,0,0,0,0,0,0,0,0,0,0,0],"id":83,"left_children":[1,3,5,-1,-1,7,-1,9,11,-1,-1,13,-1,-1,-1],"loss_changes":[1.016901E-1,3.600344E-3,2.8232343E-2,0E0,0E0,3.023033E-3,0E0,4.6644593E-5,4.5228412E-4,0E0,0E0,6.575283E-6,0E0,0E0,0E0],"parents":[2147483647,0,0,1,1,2,2,5,5,7,7,8,8,11,11],"right_children":[2,4,6,-1,-1,8,-1,10,12,-1,-1,14,-1,-1,-1],"split_conditions":[1.9911352E-1,9.9216625E-2,1E0,-2.1519432E-2,-5.0485614E-3,5.0337857E-1,1.421566E-2,2.999317E-1,9.060032E-1,-2.6011467E-3,-6.199837E-4,6.050859E-1,3.1423569E-3,2.1572113E-4,8.9162186E-4],"split_indices":[0,0,0,0,0,0,0,0,0,0,0,0,0,0,0],"split_type":[0,0,0,0,0,0,0,0,0,0,0,0,0,0,0],"sum_hessian":[9E0,2E0,7E0,1E0,1E0,6E0,1E0,2E0,4E0,1E0,1E0,3E0,1E0,1E0,2E0],"tree_param":{"num_deleted":"0","num_feature":"2","num_nodes":"15","size_leaf_vector":"1"}},{"base_weights":[-2.0713275E-2,-1.682639E-1,3.7207365E-2,-2.044346E-2,-4.7961236E-3,3.937585E-3,1.3504791E-2,-2.0400366E-2,1.7752837E-2,-2.4710656E-3,-5.889893E-4,7.265091E-3,2.9851913E-3,2.0484925E-4,8.321126E-4],"categories":[],"categories_nodes":[],"categories_segments":[],"categories_sizes":[],"default_left":[0,0,0,0,0,0,0,0,0,0,0,0,0,0,0],"id":84,"left_children":[1,3,5,-1,-1,7,-1,9,11,-1,-1,13,-1,-1,-1],"loss_changes":[9.172291E-2,3.2493696E-3,2.5509307E-2,0E0,0E0,2.7158088E-3,0E0,4.208996E-5,4.1758362E-4,0E0,0E0,4.989881E-6,0E0,0E0,0E0],"parents":[2147483647,0,0,1,1,2,2,5,5,7,7,8,8,11,11],"right_children":[2,4,6,-1,-1,8,-1,10,12,-1,-1,14,-1,-1,-1],"split_conditions":[1.9911352E-1,9.9216625E-2,1E0,-2.044346E-2,-4.7961236E-3,5.0337857E-1,1.3504791E-2,2.999317E-1,9.060032E-1,-2.4710656E-3,-5.889893E-4,6.050859E-1,2.9851913E-3,2.0484925E-4,8.321126E-4],"split_indices":[0,0,0,0,0,0,0,0,0,0,0,0,0,0,0],"split_type":[0,0,0,0,0,0,0,0,0,0,0,0,0,0,0],"sum_hessian":[9E0,2E0,7E0,1E0,1E0,6E0,1E0,2E0,4E0,1E0,1E0,3E0,1E0,1E0,2E0],"tree_param":{"num_deleted":"0","num_feature":"2","num_nodes":"15","size_leaf_vector":"1"}},{"base_weights":[-1.971921E-2,-1.5985073E-1,3.529501E-2,-1.9421287E-2,-4.556322E-3,3.6811829E-3,1.282959E-2,-1.9379934E-2,1.6781617E-2,-2.3474693E-3,-5.5952073E-4,6.7977905E-3,2.835846E-3,1.9454956E-4,7.766724E-4],"categories":[],"categories_nodes":[],"categories_segments":[],"categories_sizes":[],"default_left":[0,0,0,0,0,0,0,0,0,0,0,0,0,0,0],"id":85,"left_children":[1,3,5,-1,-1,7,-1,9,11,-1,-1,13,-1,-1,-1],"loss_changes":[8.27342E-2,2.9325262E-3,2.3048632E-2,0E0,0E0,2.440001E-3,0E0,3.7989696E-5,3.851311E-4,0E0,0E0,3.69607E-6,0E0,0E0,0E0],"parents":[2147483647,0,0,1,1,2,2,5,5,7,7,8,8,11,11],"right_children":[2,4,6,-1,-1,8,-1,10,12,-1,-1,14,-1,-1,-1],"split_conditions":[1.9911352E-1,9.9216625E-2,1E0,-1.9421287E-2,-4.556322E-3,5.0337857E-1,1.282959E-2,2.999317E-1,9.060032E-1,-2.3474693E-3,-5.5952073E-4,6.050859E-1,2.835846E-3,1.9454956E-4,7.766724E-4],"split_indices":[0,0,0,0,0,0,0,0,0,0,0,0,0,0,0],"split_type":[0,0,0,0,0,0,0,0,0,0,0,0,0,0,0],"sum_hessian":[9E0,2E0,7E0,1E0,1E0,6E0,1E0,2E0,4E0,1E0,1E0,3E0,1E0,1E0,2E0],"tree_param":{"num_deleted":"0","num_feature":"2","num_nodes":"15","size_leaf_vector":"1"}},{"base_weights":[-1.8772146E-2,-1.5185808E-1,3.3481598E-2,-1.8450223E-2,-4.3284893E-3,3.441402E-3,1.2188149E-2,-1.8411001E-2,1.5864562E-2,-2.2300722E-3,-5.315781E-4,6.360054E-3,2.69413E-3,1.8482209E-4,7.247925E-4],"categories":[],"categories_nodes":[],"categories_segments":[],"categories_sizes":[],"default_left":[0,0,0,0,0,0,0,0,0,0,0,0,0,0,0],"id":86,"left_children":[1,3,5,-1,-1,7,-1,9,11,-1,-1,13,-1,-1,-1],"loss_changes":[7.462683E-2,2.6466846E-3,2.0824956E-2,0E0,0E0,2.192414E-3,0E0,3.426452E-5,3.550466E-4,0E0,0E0,2.6279304E-6,0E0,0E0,0E0],"parents":[2147483647,0,0,1,1,2,2,5,5,7,7,8,8,11,11],"right_children":[2,4,6,-1,-1,8,-1,10,12,-1,-1,14,-1,-1,-1],"split_conditions":[1.9911352E-1,9.9216625E-2,1E0,-1.8450223E-2,-4.3284893E-3,5.0337857E-1,1.2188149E-2,2.999317E-1,9.060032E-1,-2.2300722E-3,-5.315781E-4,6.050859E-1,2.69413E-3,1.8482209E-4,7.247925E-4],"split_indices":[0,0,0,0,0,0,0,0,0,0,0,0,0,0,0],"split_type":[0,0,0,0,0,0,0,0,0,0,0,0,0,0,0],"sum_hessian":[9E0,2E0,7E0,1E0,1E0,6E0,1E0,2E0,4E0,1E0,1E0,3E0,1E0,1E0,2E0],"tree_param":{"num_deleted":"0","num_feature":"2","num_nodes":"15","size_leaf_vector":"1"}},{"base_weights":[-1.7869448E-2,-1.442651E-1,3.17626E-2,-1.7527713E-2,-4.112053E-3,3.2179696E-3,1.1578751E-2,-1.7490387E-2,1.499939E-2,-2.1185875E-3,-5.0497055E-4,5.9518814E-3,2.5594712E-3,1.756668E-4,6.76473E-4],"categories":[],"categories_nodes":[],"categories_segments":[],"categories_sizes":[],"default_left":[0,0,0,0,0,0,0,0,0,0,0,0,0,0,0],"id":87,"left_children":[1,3,5,-1,-1,7,-1,9,11,-1,-1,13,-1,-1,-1],"loss_changes":[6.731498E-2,2.3886785E-3,1.8815078E-2,0E0,0E0,1.970162E-3,0E0,3.0940748E-5,3.2696966E-4,0E0,0E0,1.7569109E-6,0E0,0E0,0E0],"parents":[2147483647,0,0,1,1,2,2,5,5,7,7,8,8,11,11],"right_children":[2,4,6,-1,-1,8,-1,10,12,-1,-1,14,-1,-1,-1],"split_conditions":[1.9911352E-1,9.9216625E-2,1E0,-1.7527713E-2,-4.112053E-3,5.0337857E-1,1.1578751E-2,2.999317E-1,9.060032E-1,-2.1185875E-3,-5.0497055E-4,6.050859E-1,2.5594712E-3,1.756668E-4,6.76473E-4],"split_indices":[0,0,0,0,0,0,0,0,0,0,0,0,0,0,0],"split_type":[0,0,0,0,0,0,0,0,0,0,0,0,0,0,0],"sum_hessian":[9E0,2E0,7E0,1E0,1E0,6E0,1E0,2E0,4E0,1E0,1E0,3E0,1E0,1E0,2E0],"tree_param":{"num_deleted":"0","num_feature":"2","num_nodes":"15","size_leaf_vector":"1"}},{"base_weights":[-1.7009318E-2,-1.3705178E-1,3.013277E-2,-1.6651327E-2,-3.906441E-3,3.009251E-3,1.09998705E-2,-1.661555E-2,1.4182282E-2,-2.0126344E-3,-4.7969818E-4,5.5704117E-3,2.4314881E-3,1.66893E-4,6.314596E-4],"categories":[],"categories_nodes":[],"categories_segments":[],"categories_sizes":[],"default_left":[0,0,0,0,0,0,0,0,0,0,0,0,0,0,0],"id":88,"left_children":[1,3,5,-1,-1,7,-1,9,11,-1,-1,13,-1,-1,-1],"loss_changes":[6.0720276E-2,2.155818E-3,1.6998949E-2,0E0,0E0,1.7705258E-3,0E0,2.7931877E-5,3.0085922E-4,0E0,0E0,1.0750664E-6,0E0,0E0,0E0],"parents":[2147483647,0,0,1,1,2,2,5,5,7,7,8,8,11,11],"right_children":[2,4,6,-1,-1,8,-1,10,12,-1,-1,14,-1,-1,-1],"split_conditions":[1.9911352E-1,9.9216625E-2,1E0,-1.6651327E-2,-3.906441E-3,5.0337857E-1,1.09998705E-2,2.999317E-1,9.060032E-1,-2.0126344E-3,-4.7969818E-4,6.050859E-1,2.4314881E-3,1.66893E-4,6.314596E-4],"split_indices":[0,0,0,0,0,0,0,0,0,0,0,0,0,0,0],"split_type":[0,0,0,0,0,0,0,0,0,0,0,0,0,0,0],"sum_hessian":[9E0,2E0,7E0,1E0,1E0,6E0,1E0,2E0,4E0,1E0,1E0,3E0,1E0,1E0,2E0],"tree_param":{"num_deleted":"0","num_feature":"2","num_nodes":"15","size_leaf_vector":"1"}},{"base_weights":[-1.6190857E-2,-1.3019925E-1,2.858615E-2,-1.581876E-2,-3.7111284E-3,2.8133392E-3,1.0449791E-2,-1.5784582E-2,1.3409424E-2,-1.9120217E-3,-4.556656E-4,5.21183E-4,2.3099899E-3],"categories":[],"categories_nodes":[],"categories_segments":[],"categories_sizes":[],"default_left":[0,0,0,0,0,0,0,0,0,0,0,0,0],"id":89,"left_children":[1,3,5,-1,-1,7,-1,9,11,-1,-1,-1,-1],"loss_changes":[5.4771442E-2,1.9455925E-3,1.5357687E-2,0E0,0E0,1.591118E-3,0E0,2.5232555E-5,2.768002E-4,0E0,0E0,0E0,0E0],"parents":[2147483647,0,0,1,1,2,2,5,5,7,7,8,8],"right_children":[2,4,6,-1,-1,8,-1,10,12,-1,-1,-1,-1],"split_conditions":[1.9911352E-1,9.9216625E-2,1E0,-1.581876E-2,-3.7111284E-3,5.0337857E-1,1.0449791E-2,2.999317E-1,9.060032E-1,-1.9120217E-3,-4.556656E-4,5.21183E-4,2.3099899E-3],"split_indices":[0,0,0,0,0,0,0,0,0,0,0,0,0],"split_type":[0,0,0,0,0,0,0,0,0,0,0,0,0],"sum_hessian":[9E0,2E0,7E0,1E0,1E0,6E0,1E0,2E0,4E0,1E0,1E0,3E0,1E0],"tree_param":{"num_deleted":"0","num_feature":"2","num_nodes":"13","size_leaf_vector":"1"}},{"base_weights":[-1.54340025E-2,-1.2368941E-1,2.7091026E-2,-1.5027821E-2,-3.525591E-3,2.5972638E-3,9.927369E-3,-1.4995575E-2,1.2633515E-2,-1.8164635E-3,-4.3287277E-4,4.81987E-3,2.1944046E-3,1.3237E-4,5.544027E-4],"categories":[],"categories_nodes":[],"categories_segments":[],"categories_sizes":[],"default_left":[0,0,0,0,0,0,0,0,0,0,0,0,0,0,0],"id":90,"left_children":[1,3,5,-1,-1,7,-1,9,11,-1,-1,13,-1,-1,-1],"loss_changes":[4.9386516E-2,1.7558262E-3,1.3886359E-2,0E0,0E0,1.4254098E-3,0E0,2.2781896E-5,2.5797845E-4,0E0,0E0,2.7884744E-6,0E0,0E0,0E0],"parents":[2147483647,0,0,1,1,2,2,5,5,7,7,8,8,11,11],"right_children":[2,4,6,-1,-1,8,-1,10,12,-1,-1,14,-1,-1,-1],"split_conditions":[1.9911352E-1,9.9216625E-2,1E0,-1.5027821E-2,-3.525591E-3,5.0337857E-1,9.927369E-3,2.999317E-1,9.060032E-1,-1.8164635E-3,-4.3287277E-4,6.050859E-1,2.1944046E-3,1.3237E-4,5.544027E-4],"split_indices":[0,0,0,0,0,0,0,0,0,0,0,0,0,0,0],"split_type":[0,0,0,0,0,0,0,0,0,0,0,0,0,0,0],"sum_hessian":[9E0,2E0,7E0,1E0,1E0,6E0,1E0,2E0,4E0,1E0,1E0,3E0,1E0,1E0,2E0],"tree_param":{"num_deleted":"0","num_feature":"2","num_nodes":"15","size_leaf_vector":"1"}},{"base_weights":[-1.4689678E-2,-1.17504895E-1,2.5702238E-2,-1.427643E-2,-3.3493042E-3,2.4280548E-3,9.431076E-3,-1.4245987E-2,1.1946869E-2,-1.7256737E-3,-4.1122438E-4,4.509926E-3,2.084732E-3,1.2569428E-4,5.175273E-4],"categories":[],"categories_nodes":[],"categories_segments":[],"categories_sizes":[],"default_left":[0,0,0,0,0,0,0,0,0,0,0,0,0,0,0],"id":91,"left_children":[1,3,5,-1,-1,7,-1,9,11,-1,-1,13,-1,-1,-1],"loss_changes":[4.4549175E-2,1.5846603E-3,1.2545468E-2,0E0,0E0,1.2812146E-3,0E0,2.0566571E-5,2.3694086E-4,0E0,0E0,2.152432E-6,0E0,0E0,0E0],"parents":[2147483647,0,0,1,1,2,2,5,5,7,7,8,8,11,11],"right_children":[2,4,6,-1,-1,8,-1,10,12,-1,-1,14,-1,-1,-1],"split_conditions":[1.9911352E-1,9.9216625E-2,1E0,-1.427643E-2,-3.3493042E-3,5.0337857E-1,9.431076E-3,2.999317E-1,9.060032E-1,-1.7256737E-3,-4.1122438E-4,6.050859E-1,2.084732E-3,1.2569428E-4,5.175273E-4],"split_indices":[0,0,0,0,0,0,0,0,0,0,0,0,0,0,0],"split_type":[0,0,0,0,0,0,0,0,0,0,0,0,0,0,0],"sum_hessian":[9E0,2E0,7E0,1E0,1E0,6E0,1E0,2E0,4E0,1E0,1E0,3E0,1E0,1E0,2E0],"tree_param":{"num_deleted":"0","num_feature":"2","num_nodes":"15","size_leaf_vector":"1"}},{"base_weights":[-1.3981295E-2,-1.1162964E-1,2.4384499E-2,-1.3562608E-2,-3.1818391E-3,2.2691998E-3,8.959579E-3,-1.3533275E-2,1.1296844E-2,-1.6393661E-3,-3.90625E-4,4.219055E-3,1.9804002E-3,1.1940003E-4,4.8294067E-4],"categories":[],"categories_nodes":[],"categories_segments":[],"categories_sizes":[],"default_left":[0,0,0,0,0,0,0,0,0,0,0,0,0,0,0],"id":92,"left_children":[1,3,5,-1,-1,7,-1,9,11,-1,-1,13,-1,-1,-1],"loss_changes":[4.01856E-2,1.4301501E-3,1.1334026E-2,0E0,0E0,1.1514971E-3,0E0,1.8573308E-5,2.1750515E-4,0E0,0E0,1.6190752E-6,0E0,0E0,0E0],"parents":[2147483647,0,0,1,1,2,2,5,5,7,7,8,8,11,11],"right_children":[2,4,6,-1,-1,8,-1,10,12,-1,-1,14,-1,-1,-1],"split_conditions":[1.9911352E-1,9.9216625E-2,1E0,-1.3562608E-2,-3.1818391E-3,5.0337857E-1,8.959579E-3,2.999317E-1,9.060032E-1,-1.6393661E-3,-3.90625E-4,6.050859E-1,1.9804002E-3,1.1940003E-4,4.8294067E-4],"split_indices":[0,0,0,0,0,0,0,0,0,0,0,0,0,0,0],"split_type":[0,0,0,0,0,0,0,0,0,0,0,0,0,0,0],"sum_hessian":[9E0,2E0,7E0,1E0,1E0,6E0,1E0,2E0,4E0,1E0,1E0,3E0,1E0,1E0,2E0],"tree_param":{"num_deleted":"0","num_feature":"2","num_nodes":"15","size_leaf_vector":"1"}},{"base_weights":[-1.3306719E-2,-1.06048286E-1,2.3134708E-2,-1.2884477E-2,-3.0227662E-3,2.1209717E-3,8.511543E-3,-1.2856801E-2,1.0683442E-2,-1.5574455E-3,-3.7107468E-4,3.947258E-3,1.8814087E-3,1.13487244E-4,4.5064292E-4],"categories":[],"categories_nodes":[],"categories_segments":[],"categories_sizes":[],"default_left":[0,0,0,0,0,0,0,0,0,0,0,0,0,0,0],"id":93,"left_children":[1,3,5,-1,-1,7,-1,9,11,-1,-1,13,-1,-1,-1],"loss_changes":[3.624975E-2,1.2906529E-3,1.0239046E-2,0E0,0E0,1.0350819E-3,0E0,1.6774575E-5,1.9958353E-4,0E0,0E0,1.1762022E-6,0E0,0E0,0E0],"parents":[2147483647,0,0,1,1,2,2,5,5,7,7,8,8,11,11],"right_children":[2,4,6,-1,-1,8,-1,10,12,-1,-1,14,-1,-1,-1],"split_conditions":[1.9911352E-1,9.9216625E-2,1E0,-1.2884477E-2,-3.0227662E-3,5.0337857E-1,8.511543E-3,2.999317E-1,9.060032E-1,-1.5574455E-3,-3.7107468E-4,6.050859E-1,1.8814087E-3,1.13487244E-4,4.5064292E-4],"split_indices":[0,0,0,0,0,0,0,0,0,0,0,0,0,0,0],"split_type":[0,0,0,0,0,0,0,0,0,0,0,0,0,0,0],"sum_hessian":[9E0,2E0,7E0,1E0,1E0,6E0,1E0,2E0,4E0,1E0,1E0,3E0,1E0,1E0,2E0],"tree_param":{"num_deleted":"0","num_feature":"2","num_nodes":"15","size_leaf_vector":"1"}},{"base_weights":[-1.2663526E-2,-1.00745745E-1,2.1950245E-2,-1.2240252E-2,-2.8716088E-3,1.9830975E-3,8.086014E-3,-1.2213389E-2,1.010437E-2,-1.4795304E-3,-3.5247803E-4,1.7191569E-4,1.512146E-3],"categories":[],"categories_nodes":[],"categories_segments":[],"categories_sizes":[],"default_left":[0,0,0,0,0,0,0,0,0,0,0,0,0],"id":94,"left_children":[1,3,5,-1,-1,7,-1,9,11,-1,-1,-1,-1],"loss_changes":[3.2699972E-2,1.1648685E-3,9.249747E-3,0E0,0E0,9.304634E-4,0E0,1.5149533E-5,1.8435065E-4,0E0,0E0,0E0,0E0],"parents":[2147483647,0,0,1,1,2,2,5,5,7,7,8,8],"right_children":[2,4,6,-1,-1,8,-1,10,12,-1,-1,-1,-1],"split_conditions":[1.9911352E-1,9.9216625E-2,1E0,-1.2240252E-2,-2.8716088E-3,5.0337857E-1,8.086014E-3,2.999317E-1,7.042061E-1,-1.4795304E-3,-3.5247803E-4,1.7191569E-4,1.512146E-3],"split_indices":[0,0,0,0,0,0,0,0,0,0,0,0,0],"split_type":[0,0,0,0,0,0,0,0,0,0,0,0,0],"sum_hessian":[9E0,2E0,7E0,1E0,1E0,6E0,1E0,2E0,4E0,1E0,1E0,2E0,2E0],"tree_param":{"num_deleted":"0","num_feature":"2","num_nodes":"13","size_leaf_vector":"1"}},{"base_weights":[-1.2114227E-2,-9.570849E-2,2.07479E-2,-1.162824E-2,-2.728033E-3,-3.6478043E-3,6.2623344E-2,-1.1602402E-2,3.230095E-4,1.7118454E-3,7.681656E-3,-1.4055253E-3,-3.3483506E-4],"categories":[],"categories_nodes":[],"categories_segments":[],"categories_sizes":[],"default_left":[0,0,0,0,0,0,0,0,0,0,0,0,0],"id":95,"left_children":[1,3,5,-1,-1,7,9,11,-1,-1,-1,-1,-1],"loss_changes":[2.9456602E-2,1.0512844E-3,8.401085E-3,0E0,0E0,3.657424E-4,6.226022E-4,1.3675919E-5,0E0,0E0,0E0,0E0,0E0],"parents":[2147483647,0,0,1,1,2,2,5,5,6,6,7,7],"right_children":[2,4,6,-1,-1,8,10,12,-1,-1,-1,-1,-1],"split_conditions":[1.9911352E-1,9.9216625E-2,9.060032E-1,-1.162824E-2,-2.728033E-3,5.0337857E-1,1E0,2.999317E-1,3.230095E-4,1.7118454E-3,7.681656E-3,-1.4055253E-3,-3.3483506E-4],"split_indices":[0,0,0,0,0,0,0,0,0,0,0,0,0],"split_type":[0,0,0,0,0,0,0,0,0,0,0,0,0],"sum_hessian":[9E0,2E0,7E0,1E0,1E0,5E0,2E0,2E0,3E0,1E0,1E0,1E0,1E0],"tree_param":{"num_deleted":"0","num_feature":"2","num_nodes":"13","size_leaf_vector":"1"}},{"base_weights":[-1.154125E-2,-9.092292E-2,1.9669533E-2,-1.1046829E-2,-2.59161E-3,-3.519694E-3,5.9491474E-2,-1.1021932E-2,2.986908E-4,1.6262055E-3,7.297516E-3,-1.3352394E-3,-3.1805038E-4],"categories":[],"categories_nodes":[],"categories_segments":[],"categories_sizes":[],"default_left":[0,0,0,0,0,0,0,0,0,0,0,0,0],"id":96,"left_children":[1,3,5,-1,-1,7,9,11,-1,-1,-1,-1,-1],"loss_changes":[2.6564054E-2,9.488389E-4,7.596913E-3,0E0,0E0,3.2580597E-4,5.6194887E-4,1.23551E-5,0E0,0E0,0E0,0E0,0E0],"parents":[2147483647,0,0,1,1,2,2,5,5,6,6,7,7],"right_children":[2,4,6,-1,-1,8,10,12,-1,-1,-1,-1,-1],"split_conditions":[1.9911352E-1,9.9216625E-2,9.060032E-1,-1.1046829E-2,-2.59161E-3,5.0337857E-1,1E0,2.999317E-1,2.986908E-4,1.6262055E-3,7.297516E-3,-1.3352394E-3,-3.1805038E-4],"split_indices":[0,0,0,0,0,0,0,0,0,0,0,0,0],"split_type":[0,0,0,0,0,0,0,0,0,0,0,0,0],"sum_hessian":[9E0,2E0,7E0,1E0,1E0,5E0,2E0,2E0,3E0,1E0,1E0,1E0,1E0],"tree_param":{"num_deleted":"0","num_feature":"2","num_nodes":"13","size_leaf_vector":"1"}},{"base_weights":[-1.0993609E-2,-8.6376935E-2,1.864934E-2,-1.0494487E-2,-2.4620534E-3,-3.3928554E-3,5.6517284E-2,-1.0470708E-2,2.7637482E-3,1.5449524E-3,6.93264E-3,-1.2684822E-3,-3.0212404E-4,1.1901856E-4,3.742218E-4],"categories":[],"categories_nodes":[],"categories_segments":[],"categories_sizes":[],"default_left":[0,0,0,0,0,0,0,0,0,0,0,0,0,0,0],"id":97,"left_children":[1,3,5,-1,-1,7,9,11,13,-1,-1,-1,-1,-1,-1],"loss_changes":[2.3956714E-2,8.5626915E-4,6.8692956E-3,0E0,0E0,2.9039162E-4,5.070651E-4,1.115803E-5,1.7048005E-6,0E0,0E0,0E0,0E0,0E0,0E0],"parents":[2147483647,0,0,1,1,2,2,5,5,6,6,7,7,8,8],"right_children":[2,4,6,-1,-1,8,10,12,14,-1,-1,-1,-1,-1,-1],"split_conditions":[1.9911352E-1,9.9216625E-2,9.060032E-1,-1.0494487E-2,-2.4620534E-3,5.0337857E-1,1E0,2.999317E-1,7.042061E-1,1.5449524E-3,6.93264E-3,-1.2684822E-3,-3.0212404E-4,1.1901856E-4,3.742218E-4],"split_indices":[0,0,0,0,0,0,0,0,0,0,0,0,0,0,0],"split_type":[0,0,0,0,0,0,0,0,0,0,0,0,0,0,0],"sum_hessian":[9E0,2E0,7E0,1E0,1E0,5E0,2E0,2E0,3E0,1E0,1E0,1E0,1E0,2E0,1E0],"tree_param":{"num_deleted":"0","num_feature":"2","num_nodes":"15","size_leaf_vector":"1"}},{"base_weights":[-1.0449608E-2,-8.2057975E-2,1.7709732E-2,-9.9697625E-3,-2.338934E-3,-3.232956E-3,5.3691864E-2,-9.947459E-3,2.6111603E-3,1.4677048E-3,6.586075E-3,-1.2050628E-3,-2.8705597E-4,6.217957E-5,3.0670167E-4],"categories":[],"categories_nodes":[],"categories_segments":[],"categories_sizes":[],"default_left":[0,0,0,0,0,0,0,0,0,0,0,0,0,0,0],"id":98,"left_children":[1,3,5,-1,-1,7,9,11,13,-1,-1,-1,-1,-1,-1],"loss_changes":[2.161767E-2,7.728189E-4,6.202084E-3,0E0,0E0,2.614164E-4,4.5765936E-4,1.005971E-5,1.7204002E-6,0E0,0E0,0E0,0E0,0E0,0E0],"parents":[2147483647,0,0,1,1,2,2,5,5,6,6,7,7,8,8],"right_children":[2,4,6,-1,-1,8,10,12,14,-1,-1,-1,-1,-1,-1],"split_conditions":[1.9911352E-1,9.9216625E-2,9.060032E-1,-9.9697625E-3,-2.338934E-3,5.0337857E-1,1E0,2.999317E-1,6.050859E-1,1.4677048E-3,6.586075E-3,-1.2050628E-3,-2.8705597E-4,6.217957E-5,3.0670167E-4],"split_indices":[0,0,0,0,0,0,0,0,0,0,0,0,0,0,0],"split_type":[0,0,0,0,0,0,0,0,0,0,0,0,0,0,0],"sum_hessian":[9E0,2E0,7E0,1E0,1E0,5E0,2E0,2E0,3E0,1E0,1E0,1E0,1E0,1E0,2E0],"tree_param":{"num_deleted":"0","num_feature":"2","num_nodes":"15","size_leaf_vector":"1"}},{"base_weights":[-9.942343E-3,-7.795494E-2,1.6805172E-2,-9.471275E-3,-2.221966E-3,-3.0962627E-3,5.1006317E-2,-9.450276E-3,2.4433136E-3,1.3942719E-3,6.256676E-3,-1.1447907E-3,-2.7275085E-4,9.892782E-5,3.40271E-4],"categories":[],"categories_nodes":[],"categories_segments":[],"categories_sizes":[],"default_left":[0,0,0,0,0,0,0,0,0,0,0,0,0,0,0],"id":99,"left_children":[1,3,5,-1,-1,7,9,11,13,-1,-1,-1,-1,-1,-1],"loss_changes":[1.9501725E-2,6.9751777E-4,5.603144E-3,0E0,0E0,2.3428128E-4,4.1306438E-4,9.0645335E-6,2.2137592E-6,0E0,0E0,0E0,0E0,0E0,0E0],"parents":[2147483647,0,0,1,1,2,2,5,5,6,6,7,7,8,8],"right_children":[2,4,6,-1,-1,8,10,12,14,-1,-1,-1,-1,-1,-1],"split_conditions":[1.9911352E-1,9.9216625E-2,9.060032E-1,-9.471275E-3,-2.221966E-3,5.0337857E-1,1E0,2.999317E-1,7.042061E-1,1.3942719E-3,6.256676E-3,-1.1447907E-3,-2.7275085E-4,9.892782E-5,3.40271E-4],"split_indices":[0,0,0,0,0,0,0,0,0,0,0,0,0,0,0],"split_type":[0,0,0,0,0,0,0,0,0,0,0,0,0,0,0],"sum_hessian":[9E0,2E0,7E0,1E0,1E0,5E0,2E0,2E0,3E0,1E0,1E0,1E0,1E0,2E0,1E0],"tree_param":{"num_deleted":"0","num_feature":"2","num_nodes":"15","size_leaf_vector":"1"}}]},"name":"gbtree"},"learner_model_param":{"base_score":"2.96E1","boost_from_average":"1","num_class":"0","num_feature":"2","num_target":"1"},"objective":{"name":"reg:squarederror","reg_loss_param":{"scale_pos_weight":"1"}}},"version":[2,0,1]}