{"model_name": "SGDRegressorTrainer_0", "trainer": "SGDRegressorTrainer", "model_class": "scikit", "model_file": "SGDRegressorTrainer_0.json", "features": ["bpf_cpu_time_ms", "bpf_page_cache_hit"], "fe_files": [], "output_type": "AbsPower", "mae": 4.7, "mape": -1, "node_type": 0, "machine_spec": {"processor": "11th_gen_intel_core", "cores": 8, "chips": 1, "memory": 31, "frequency": 4800}, "package_mae": 4.7, "core_mae": 4.65, "uncore_mae": 0.21, "dram_mae": 0.0, "package_mape": 23.4, "core_mape": 34.5, "uncore_mape": 222.75, "dram_mape": -1}