{"model_name": "SVRRegressorTrainer_0", "model_class": "scikit", "model_file": "SVRRegressorTrainer_0.json", "features": ["bpf_cpu_time_ms", "bpf_page_cache_hit", "cache_miss", "cgroupfs_cpu_usage_us", "cgroupfs_memory_usage_bytes", "cgroupfs_system_cpu_usage_us", "cgroupfs_user_cpu_usage_us", "cpu_cycles", "cpu_instructions"], "fe_files": [], "output_type": "AbsPower", "mae": 90.28, "mape": 1.79, "package_mae": 90.28, "core_mae": 0.0, "uncore_mae": 0.0, "dram_mae": 0.3, "package_mape": 52.92, "core_mape": -1, "uncore_mape": -1, "dram_mape": 1.79}