{"package": {"All_Weights": {"Bias_Weight": 120.76708052747126, "Categorical_Variables": {}, "Numerical_Variables": {"bpf_cpu_time_us": {"scale": 3.5519772673454885e-05, "mean": 0, "variance": 0, "weight": 500.30283848057906}}}}, "core": {"All_Weights": {"Bias_Weight": 0.0, "Categorical_Variables": {}, "Numerical_Variables": {"bpf_cpu_time_us": {"scale": 3.5519772673454885e-05, "mean": 0, "variance": 0, "weight": 0.0}}}}, "uncore": {"All_Weights": {"Bias_Weight": 0.0, "Categorical_Variables": {}, "Numerical_Variables": {"bpf_cpu_time_us": {"scale": 3.5519772673454885e-05, "mean": 0, "variance": 0, "weight": 0.0}}}}, "dram": {"All_Weights": {"Bias_Weight": 141.00964790604738, "Categorical_Variables": {}, "Numerical_Variables": {"bpf_cpu_time_us": {"scale": 3.5519772673454885e-05, "mean": 0, "variance": 0, "weight": 49.04705995292898}}}}}