{"model_name": "KNeighborsRegressorTrainer_3", "model_class": "scikit", "model_file": "KNeighborsRegressorTrainer_3.json", "features": ["bpf_cpu_time_ms", "bpf_page_cache_hit", "cache_miss", "cgroupfs_cpu_usage_us", "cgroupfs_memory_usage_bytes", "cgroupfs_system_cpu_usage_us", "cgroupfs_user_cpu_usage_us", "cpu_cycles", "cpu_instructions"], "fe_files": [], "output_type": "AbsPower", "mae": 8.84, "mape": 11.16, "package_mae": 4.58, "core_mae": 8.84, "uncore_mae": 0.0, "dram_mae": 1.09, "package_mape": 13.51, "core_mape": 24.57, "uncore_mape": -1, "dram_mape": 11.16}