timestamp,cgroupfs_cpu_usage_us,cgroupfs_memory_usage_bytes,cgroupfs_system_cpu_usage_us,cgroupfs_user_cpu_usage_us,platform_power,node_type
1695115663,389633.3333333334,737280.0,99613.33333333334,290020.0,190.0,1
1695115666,0.0,0.0,0.0,0.0,182.0,1
1695115669,0.0,0.0,0.0,0.0,171.0,1
1695115672,0.0,0.0,0.0,0.0,171.0,1
1695115675,0.0,0.0,0.0,0.0,171.0,1
1695115678,0.0,0.0,0.0,0.0,171.0,1
1695115681,0.0,0.0,0.0,0.0,171.0,1
1695115684,0.0,0.0,0.0,0.0,171.0,1
1695115687,0.0,0.0,0.0,0.0,171.0,1
1695115690,0.0,0.0,0.0,0.0,171.0,1
1695115693,84689.33333333333,0.0,0.0,84689.33333333333,171.0,1
1695115696,196339.66666666666,0.0,13262.0,183077.66666666666,171.0,1
1695115699,0.0,0.0,0.0,0.0,171.0,1
1695115702,0.0,0.0,0.0,0.0,171.0,1
1695115705,0.0,0.0,0.0,0.0,171.0,1
1695115708,386682.0,638976.0,97284.0,289404.0,180.0,1
1695115711,0.0,0.0,0.0,0.0,221.0,1
1695115714,25160.0,0.0,0.0,25160.0,219.0,1
1695115717,0.0,0.0,0.0,0.0,219.0,1
1695115720,0.0,0.0,0.0,0.0,222.0,1
1695115723,0.0,0.0,0.0,0.0,220.0,1
1695115726,0.0,0.0,0.0,0.0,223.0,1
1695115729,1413.3333333333335,0.0,0.0,1413.3333333333335,219.0,1
1695115732,0.0,0.0,0.0,0.0,223.0,1
1695115735,0.0,0.0,0.0,0.0,220.0,1
1695115738,0.0,0.0,0.0,0.0,220.0,1
1695115741,278360.0,109226.66666666666,87193.33333333334,191160.0,171.0,1
1695115744,0.0,103765.33333333333,0.0,0.0,171.0,1
1695115747,0.0,0.0,0.0,0.0,171.0,1
1695115750,0.0,0.0,0.0,0.0,171.0,1
1695115753,399728.3333333333,980309.3333333334,49729.333333333336,349999.0,174.0,1
1695115756,0.0,589824.0,0.0,0.0,230.0,1
1695115759,0.0,0.0,0.0,0.0,229.0,1
1695115762,0.0,0.0,0.0,0.0,227.0,1
1695115765,0.0,0.0,0.0,0.0,226.0,1
1695115768,0.0,0.0,0.0,0.0,227.0,1
1695115771,0.0,0.0,0.0,0.0,230.0,1
1695115774,24164.0,0.0,9667.0,14504.0,227.0,1
1695115777,0.0,0.0,0.0,0.0,227.0,1
1695115780,0.0,0.0,0.0,0.0,229.0,1
1695115783,0.0,0.0,0.0,0.0,229.0,1
1695115786,286062.0,0.0,71820.0,214242.0,171.0,1
1695115789,0.0,0.0,0.0,0.0,171.0,1
1695115792,0.0,0.0,0.0,0.0,171.0,1
1695115795,0.0,0.0,0.0,0.0,171.0,1
1695115798,386720.0,709973.3333333333,90906.66666666666,295813.3333333333,173.0,1
1695115801,41367.33333333333,0.0,3791.3333333333335,37576.0,212.0,1
1695115804,0.0,0.0,0.0,0.0,212.0,1
1695115807,0.0,0.0,0.0,0.0,212.0,1
1695115810,0.0,0.0,0.0,0.0,211.0,1
1695115813,0.0,0.0,0.0,0.0,213.0,1
1695115816,0.0,0.0,0.0,0.0,212.0,1
1695115819,0.0,0.0,0.0,0.0,211.0,1
1695115822,0.0,0.0,0.0,0.0,213.0,1
1695115825,0.0,0.0,0.0,0.0,210.0,1
1695115828,0.0,0.0,0.0,0.0,212.0,1
1695115831,299148.6666666666,0.0,4009.0,295139.6666666666,177.0,1
1695115834,29952.0,0.0,1542.0,28410.0,171.0,1
1695115837,0.0,0.0,0.0,0.0,171.0,1
1695115840,0.0,0.0,0.0,0.0,171.0,1
1695115843,333870.0,737280.0,55296.0,278568.0,175.0,1
1695115846,34413.333333333336,737280.0,19573.333333333332,14846.666666666668,218.0,1
1695115849,0.0,0.0,0.0,0.0,218.0,1
1695115852,0.0,0.0,0.0,0.0,219.0,1
1695115855,0.0,0.0,0.0,0.0,220.0,1
1695115858,0.0,0.0,0.0,0.0,221.0,1
1695115861,0.0,0.0,0.0,0.0,218.0,1
1695115864,0.0,0.0,0.0,0.0,219.0,1
1695115867,0.0,0.0,0.0,0.0,220.0,1
1695115870,0.0,0.0,0.0,0.0,219.0,1
1695115873,0.0,0.0,0.0,0.0,220.0,1
1695115876,262026.6666666667,0.0,35260.0,226766.6666666667,171.0,1
1695115879,14839.0,0.0,14839.0,0.0,173.0,1
1695115882,0.0,0.0,0.0,0.0,171.0,1
1695115885,0.0,0.0,0.0,0.0,171.0,1
1695115888,341316.0,651264.0,50502.0,290807.6666666666,176.0,1
1695115891,38689.0,70997.33333333333,3297.0,35392.0,235.0,1
1695115894,19460.0,0.0,0.0,19460.0,232.0,1
1695115897,0.0,0.0,0.0,0.0,232.0,1
1695115900,0.0,0.0,0.0,0.0,231.0,1
1695115903,0.0,0.0,0.0,0.0,234.0,1
1695115906,0.0,0.0,0.0,0.0,233.0,1
1695115909,0.0,0.0,0.0,0.0,233.0,1
1695115912,0.0,0.0,0.0,0.0,232.0,1
1695115915,0.0,0.0,0.0,0.0,232.0,1
1695115918,0.0,0.0,0.0,0.0,232.0,1
1695115921,311045.0,315392.0,120036.0,191016.0,174.0,1
1695115924,15853.333333333332,300373.3333333333,0.0,15853.333333333332,171.0,1
1695115927,0.0,0.0,0.0,0.0,171.0,1
1695115930,0.0,0.0,0.0,0.0,171.0,1
1695115933,275873.3333333333,1196032.0,70353.33333333333,205520.0,171.0,1
1695115936,129629687.0,4560213.333333334,51797680.333333336,77832006.66666667,236.0,1
1695115939,0.0,0.0,0.0,0.0,238.0,1
1695115942,0.0,0.0,0.0,0.0,240.0,1
1695115945,0.0,0.0,0.0,0.0,237.0,1
1695115948,0.0,0.0,0.0,0.0,238.0,1
1695115951,0.0,0.0,0.0,0.0,240.0,1
1695115954,21039.333333333336,30037.333333333332,8404.0,12628.0,238.0,1
1695115957,0.0,0.0,0.0,0.0,237.0,1
1695115960,0.0,0.0,0.0,0.0,239.0,1
1695115963,0.0,0.0,0.0,0.0,237.0,1
1695115966,269869.6666666667,1365.3333333333333,91417.33333333333,178458.33333333334,171.0,1
1695115969,23610.0,0.0,0.0,23604.0,171.0,1
1695115972,0.0,0.0,0.0,0.0,171.0,1
1695115975,0.0,0.0,0.0,0.0,171.0,1
1695115978,147726.0,613034.6666666667,20743.333333333336,126986.0,171.0,1
1695115981,217716.0,746837.3333333334,4438.666666666666,213274.0,239.0,1
1695115984,0.0,0.0,0.0,0.0,239.0,1
1695115987,0.0,0.0,0.0,0.0,240.0,1
1695115990,0.0,0.0,0.0,0.0,241.0,1
1695115993,0.0,0.0,0.0,0.0,241.0,1
1695115996,0.0,0.0,0.0,0.0,242.0,1
1695115999,0.0,0.0,0.0,0.0,241.0,1
1695116002,0.0,0.0,0.0,0.0,240.0,1
1695116005,0.0,0.0,0.0,0.0,240.0,1
1695116008,0.0,0.0,0.0,0.0,242.0,1
1695116011,262320.0,327680.0,87533.33333333334,174786.6666666667,177.0,1
1695116014,31400.666666666668,311296.0,12546.333333333334,18854.333333333336,171.0,1
1695116017,0.0,0.0,0.0,0.0,171.0,1
1695116020,0.0,0.0,0.0,0.0,171.0,1
1695116023,67076.33333333334,129706.66666666667,4794.333333333334,62282.0,171.0,1
1695116026,283391.3333333334,544768.0,36277.33333333333,247114.0,241.0,1
1695116029,0.0,0.0,0.0,0.0,241.0,1
1695116032,0.0,0.0,0.0,0.0,240.0,1
1695116035,0.0,0.0,0.0,0.0,239.0,1
1695116038,0.0,0.0,0.0,0.0,239.0,1
1695116041,0.0,0.0,0.0,0.0,238.0,1
1695116044,0.0,0.0,0.0,0.0,240.0,1
1695116047,0.0,0.0,0.0,0.0,242.0,1
1695116050,0.0,0.0,0.0,0.0,239.0,1
1695116053,0.0,0.0,0.0,0.0,241.0,1
1695116056,83580.0,0.0,9072.0,74515.0,171.0,1
1695116059,192480.0,0.0,24820.0,167660.0,171.0,1
1695116062,0.0,0.0,0.0,0.0,171.0,1
1695116065,0.0,0.0,0.0,0.0,171.0,1
1695116068,0.0,0.0,0.0,0.0,171.0,1
1695116071,394453.3333333334,709973.3333333333,146226.66666666666,248226.6666666667,182.0,1
1695116074,27133.333333333332,30037.333333333332,10838.666666666668,16294.666666666666,224.0,1
1695116077,0.0,0.0,0.0,0.0,222.0,1
1695116080,0.0,0.0,0.0,0.0,224.0,1
1695116083,0.0,0.0,0.0,0.0,224.0,1
1695116086,0.0,0.0,0.0,0.0,224.0,1
1695116089,0.0,0.0,0.0,0.0,224.0,1
1695116092,0.0,0.0,0.0,0.0,225.0,1
1695116095,0.0,0.0,0.0,0.0,223.0,1
1695116098,0.0,0.0,0.0,0.0,223.0,1
1695116101,68248.0,0.0,16257.666666666666,51984.0,208.0,1
1695116104,191367.33333333334,1365.3333333333333,66096.66666666666,125276.66666666667,171.0,1
1695116107,0.0,0.0,0.0,0.0,171.0,1
1695116110,0.0,0.0,0.0,0.0,172.0,1
1695116113,0.0,0.0,0.0,0.0,171.0,1
1695116116,376380.0,663552.0,77544.0,298836.0,208.0,1
1695116119,0.0,0.0,0.0,0.0,240.0,1
1695116122,0.0,0.0,0.0,0.0,242.0,1
1695116125,0.0,0.0,0.0,0.0,244.0,1
1695116128,0.0,0.0,0.0,0.0,240.0,1
1695116131,0.0,0.0,0.0,0.0,242.0,1
1695116134,22380.0,0.0,0.0,22373.333333333336,241.0,1
1695116137,0.0,0.0,0.0,0.0,242.0,1
1695116140,0.0,0.0,0.0,0.0,240.0,1
1695116143,0.0,0.0,0.0,0.0,244.0,1
1695116146,95613.33333333334,0.0,6646.666666666666,88966.66666666666,242.0,1
1695116149,185547.66666666666,0.0,35656.66666666667,149891.0,171.0,1
1695116152,0.0,0.0,0.0,0.0,171.0,1
1695116155,0.0,0.0,0.0,0.0,171.0,1
1695116158,0.0,0.0,0.0,0.0,171.0,1
1695116161,401058.3333333333,700416.0,88818.66666666667,312239.6666666667,200.0,1
1695116164,0.0,0.0,0.0,0.0,274.0,1
1695116167,0.0,0.0,0.0,0.0,273.0,1
1695116170,0.0,0.0,0.0,0.0,275.0,1
1695116173,0.0,0.0,0.0,0.0,274.0,1
1695116176,0.0,0.0,0.0,0.0,273.0,1
1695116179,0.0,0.0,0.0,0.0,275.0,1
1695116182,0.0,0.0,0.0,0.0,274.0,1
1695116185,0.0,0.0,0.0,0.0,275.0,1
1695116188,0.0,0.0,0.0,0.0,274.0,1
1695116191,81662.0,0.0,8302.0,73360.0,274.0,1
1695116194,222719.0,0.0,107324.0,115395.0,171.0,1
1695116197,0.0,0.0,0.0,0.0,171.0,1
1695116200,0.0,0.0,0.0,0.0,171.0,1
1695116203,0.0,0.0,0.0,0.0,171.0,1
1695116206,426173.3333333334,682666.6666666667,72040.0,354133.3333333334,184.0,1
1695116209,0.0,0.0,0.0,0.0,287.0,1
1695116212,0.0,0.0,0.0,0.0,285.0,1
1695116215,0.0,0.0,0.0,0.0,285.0,1
1695116218,0.0,0.0,0.0,0.0,285.0,1
1695116221,0.0,0.0,0.0,0.0,284.0,1
1695116224,0.0,0.0,0.0,0.0,284.0,1
1695116227,0.0,0.0,0.0,0.0,285.0,1
1695116230,0.0,0.0,0.0,0.0,286.0,1
1695116233,0.0,0.0,0.0,0.0,285.0,1
1695116236,0.0,0.0,0.0,0.0,286.0,1
1695116239,240692.0,0.0,52224.666666666664,188467.33333333334,171.0,1
1695116242,15378.0,0.0,6144.0,9240.0,171.0,1
1695116245,0.0,0.0,0.0,0.0,171.0,1
1695116248,0.0,0.0,0.0,0.0,171.0,1
1695116251,221795.0,1155072.0,57405.666666666664,164389.3333333333,171.0,1
1695116254,134971.0,1155072.0,64400.333333333336,70570.66666666667,293.0,1
1695116257,0.0,0.0,0.0,0.0,290.0,1
1695116260,0.0,0.0,0.0,0.0,291.0,1
1695116263,0.0,0.0,0.0,0.0,292.0,1
1695116266,0.0,0.0,0.0,0.0,291.0,1
1695116269,0.0,0.0,0.0,0.0,292.0,1
1695116272,0.0,0.0,0.0,0.0,293.0,1
1695116275,0.0,0.0,0.0,0.0,292.0,1
1695116278,0.0,0.0,0.0,0.0,292.0,1
1695116281,0.0,0.0,0.0,0.0,293.0,1
1695116284,261586.6666666667,191146.6666666667,75666.66666666667,185913.3333333333,179.0,1
1695116287,24636.666666666668,181589.33333333334,0.0,24636.666666666668,171.0,1
1695116290,0.0,0.0,0.0,0.0,171.0,1
1695116293,0.0,0.0,0.0,0.0,171.0,1
1695116296,258227.33333333334,1164629.3333333333,8324.0,249904.33333333334,171.0,1
1695116299,101653.0,1123669.3333333333,29372.666666666664,72279.33333333333,290.0,1
1695116302,0.0,0.0,0.0,0.0,291.0,1
1695116305,0.0,0.0,0.0,0.0,290.0,1
1695116308,0.0,0.0,0.0,0.0,289.0,1
1695116311,0.0,0.0,0.0,0.0,291.0,1
1695116314,16625.0,0.0,6643.0,9989.0,293.0,1
1695116317,0.0,0.0,0.0,0.0,291.0,1
1695116320,0.0,0.0,0.0,0.0,291.0,1
1695116323,0.0,0.0,0.0,0.0,294.0,1
1695116326,0.0,0.0,0.0,0.0,290.0,1
1695116329,243432.0,344064.0,6111.0,237314.0,171.0,1
1695116332,42626.66666666667,327680.0,5453.333333333334,37180.0,171.0,1
1695116335,0.0,0.0,0.0,0.0,171.0,1
1695116338,0.0,0.0,0.0,0.0,171.0,1
1695116341,52013.33333333333,928426.6666666667,15033.333333333332,36980.0,171.0,1
1695116344,356353.3333333334,928426.6666666667,101926.66666666666,254420.0,242.0,1
1695116347,0.0,0.0,0.0,0.0,242.0,1
1695116350,0.0,0.0,0.0,0.0,244.0,1
1695116353,0.0,0.0,0.0,0.0,243.0,1
1695116356,0.0,0.0,0.0,0.0,244.0,1
1695116359,0.0,0.0,0.0,0.0,244.0,1
1695116362,0.0,0.0,0.0,0.0,244.0,1
1695116365,0.0,0.0,0.0,0.0,246.0,1
1695116368,0.0,0.0,0.0,0.0,244.0,1
1695116371,1745.3333333333333,0.0,696.6666666666667,1048.6666666666665,243.0,1
1695116374,244970.0,0.0,21428.0,223549.33333333334,173.0,1
1695116377,82368.0,0.0,17310.0,65052.0,172.0,1
1695116380,0.0,0.0,0.0,0.0,171.0,1
1695116383,0.0,0.0,0.0,0.0,171.0,1
1695116386,244170.0,368640.0,24690.0,219480.0,171.0,1
1695116389,118547.33333333333,285354.6666666666,74974.0,43579.666666666664,273.0,1
1695116392,0.0,0.0,0.0,0.0,275.0,1
1695116395,0.0,0.0,0.0,0.0,275.0,1
1695116398,0.0,0.0,0.0,0.0,275.0,1
1695116401,0.0,0.0,0.0,0.0,276.0,1
1695116404,0.0,0.0,0.0,0.0,274.0,1
1695116407,0.0,0.0,0.0,0.0,276.0,1
1695116410,0.0,0.0,0.0,0.0,277.0,1
1695116413,0.0,0.0,0.0,0.0,276.0,1
1695116416,0.0,0.0,0.0,0.0,277.0,1
1695116419,117253.33333333334,77824.0,17940.0,99306.66666666666,171.0,1
1695116422,175553.66666666666,77824.0,42648.666666666664,132905.0,173.0,1
1695116425,0.0,0.0,0.0,0.0,174.0,1
1695116428,0.0,0.0,0.0,0.0,171.0,1
1695116431,0.0,0.0,0.0,0.0,171.0,1
1695116434,409646.3333333333,700416.0,86817.33333333333,322829.0,332.0,1
1695116437,0.0,0.0,0.0,0.0,339.0,1
1695116440,0.0,0.0,0.0,0.0,339.0,1
1695116443,0.0,0.0,0.0,0.0,339.0,1
1695116446,0.0,0.0,0.0,0.0,341.0,1
1695116449,0.0,0.0,0.0,0.0,339.0,1
1695116452,0.0,0.0,0.0,0.0,340.0,1
1695116455,0.0,0.0,0.0,0.0,343.0,1
1695116458,0.0,0.0,0.0,0.0,343.0,1
1695116461,0.0,0.0,0.0,0.0,344.0,1
1695116464,75943.0,0.0,0.0,75943.0,230.0,1
1695116467,186106.6666666667,0.0,57000.0,129106.66666666666,174.0,1
1695116470,0.0,0.0,0.0,0.0,171.0,1
1695116473,0.0,0.0,0.0,0.0,171.0,1
1695116476,0.0,0.0,0.0,0.0,171.0,1
1695116479,446746.6666666666,709973.3333333333,57046.66666666667,389700.0,343.0,1
1695116482,0.0,0.0,0.0,0.0,355.0,1
1695116485,0.0,0.0,0.0,0.0,357.0,1
1695116488,0.0,0.0,0.0,0.0,357.0,1
1695116491,0.0,0.0,0.0,0.0,357.0,1
1695116494,13698.666666666666,0.0,5463.333333333334,8235.333333333332,359.0,1
1695116497,0.0,0.0,0.0,0.0,359.0,1
1695116500,0.0,0.0,0.0,0.0,359.0,1
1695116503,0.0,0.0,0.0,0.0,360.0,1
1695116506,0.0,0.0,0.0,0.0,361.0,1
1695116509,78188.0,0.0,24918.666666666668,53269.333333333336,269.0,1
1695116512,220311.0,0.0,51632.0,168686.0,173.0,1
1695116515,0.0,0.0,0.0,0.0,171.0,1
1695116518,0.0,0.0,0.0,0.0,174.0,1
1695116521,0.0,0.0,0.0,0.0,171.0,1
1695116524,420910.0,745472.0,89243.0,331660.0,301.0,1
1695116527,0.0,0.0,0.0,0.0,364.0,1
1695116530,0.0,0.0,0.0,0.0,365.0,1
1695116533,0.0,0.0,0.0,0.0,365.0,1
1695116536,0.0,0.0,0.0,0.0,367.0,1
1695116539,0.0,0.0,0.0,0.0,367.0,1
1695116542,0.0,0.0,0.0,0.0,368.0,1
1695116545,0.0,0.0,0.0,0.0,370.0,1
1695116548,0.0,0.0,0.0,0.0,370.0,1
1695116551,899.3333333333334,0.0,361.0,538.3333333333333,369.0,1
1695116554,84252.33333333333,544768.0,28189.666666666668,56062.666666666664,363.0,1
1695116557,184560.0,516096.0,26874.0,157692.0,174.0,1
1695116560,0.0,0.0,0.0,0.0,171.0,1
1695116563,0.0,0.0,0.0,0.0,171.0,1
1695116566,0.0,0.0,0.0,0.0,171.0,1
1695116569,351270.0,638976.0,67428.0,283842.0,270.0,1
1695116572,0.0,0.0,0.0,0.0,365.0,1
1695116575,0.0,0.0,0.0,0.0,366.0,1
1695116578,0.0,0.0,0.0,0.0,368.0,1
1695116581,0.0,0.0,0.0,0.0,371.0,1
1695116584,0.0,0.0,0.0,0.0,368.0,1
1695116587,0.0,0.0,0.0,0.0,368.0,1
1695116590,0.0,0.0,0.0,0.0,370.0,1
1695116593,0.0,0.0,0.0,0.0,370.0,1
1695116596,0.0,0.0,0.0,0.0,369.0,1
1695116599,72660.0,0.0,40706.666666666664,31953.333333333336,219.0,1
1695116602,195339.0,0.0,6605.666666666667,188727.0,173.0,1
1695116605,0.0,0.0,0.0,0.0,171.0,1
1695116608,0.0,0.0,0.0,0.0,171.0,1
1695116611,0.0,0.0,0.0,0.0,171.0,1
1695116614,413940.3333333333,648533.3333333334,127059.33333333333,286881.0,197.0,1
1695116617,0.0,0.0,0.0,0.0,210.0,1
1695116620,0.0,0.0,0.0,0.0,213.0,1
1695116623,0.0,0.0,0.0,0.0,212.0,1
1695116626,0.0,0.0,0.0,0.0,213.0,1
1695116629,0.0,0.0,0.0,0.0,213.0,1
1695116632,0.0,0.0,0.0,0.0,213.0,1
1695116635,0.0,0.0,0.0,0.0,213.0,1
1695116638,0.0,0.0,0.0,0.0,214.0,1
1695116641,0.0,0.0,0.0,0.0,214.0,1
1695116644,83664.0,0.0,15253.0,68411.0,180.0,1
1695116647,211740.0,0.0,38386.666666666664,173360.0,174.0,1
1695116650,0.0,0.0,0.0,0.0,171.0,1
1695116653,0.0,0.0,0.0,0.0,171.0,1
1695116656,0.0,0.0,0.0,0.0,171.0,1
1695116659,404466.6666666666,709973.3333333333,121280.0,283180.0,185.0,1
1695116662,0.0,0.0,0.0,0.0,222.0,1
1695116665,0.0,0.0,0.0,0.0,219.0,1
1695116668,0.0,0.0,0.0,0.0,220.0,1
1695116671,0.0,0.0,0.0,0.0,221.0,1
1695116674,23686.666666666668,0.0,9449.333333333332,14243.666666666666,218.0,1
1695116677,0.0,0.0,0.0,0.0,218.0,1
1695116680,0.0,0.0,0.0,0.0,221.0,1
1695116683,0.0,0.0,0.0,0.0,220.0,1
1695116686,0.0,0.0,0.0,0.0,220.0,1
1695116689,67880.66666666666,0.0,32642.0,35238.66666666667,196.0,1
1695116692,182838.0,0.0,88752.0,94080.0,171.0,1
1695116695,0.0,0.0,0.0,0.0,171.0,1
1695116698,0.0,0.0,0.0,0.0,171.0,1
1695116701,0.0,0.0,0.0,0.0,174.0,1
1695116704,352824.0,688128.0,99414.0,253410.0,213.0,1
1695116707,0.0,0.0,0.0,0.0,232.0,1
1695116710,0.0,0.0,0.0,0.0,232.0,1
1695116713,0.0,0.0,0.0,0.0,232.0,1
1695116716,0.0,0.0,0.0,0.0,231.0,1
1695116719,0.0,0.0,0.0,0.0,231.0,1
1695116722,0.0,0.0,0.0,0.0,232.0,1
1695116725,0.0,0.0,0.0,0.0,233.0,1
1695116728,0.0,0.0,0.0,0.0,233.0,1
1695116731,1260.0,0.0,500.0,760.0,234.0,1
1695116734,93800.0,0.0,14293.333333333332,79506.66666666667,233.0,1
1695116737,184629.33333333334,0.0,79369.33333333333,105260.0,171.0,1
1695116740,0.0,0.0,0.0,0.0,171.0,1
1695116743,0.0,0.0,0.0,0.0,171.0,1
1695116746,0.0,0.0,0.0,0.0,171.0,1
1695116749,385814.0,674474.6666666666,115849.33333333333,269971.0,199.0,1
1695116752,0.0,0.0,0.0,0.0,232.0,1
1695116755,0.0,0.0,0.0,0.0,235.0,1
1695116758,0.0,0.0,0.0,0.0,234.0,1
1695116761,0.0,0.0,0.0,0.0,234.0,1
1695116764,0.0,0.0,0.0,0.0,235.0,1
1695116767,0.0,0.0,0.0,0.0,233.0,1
1695116770,0.0,0.0,0.0,0.0,234.0,1
1695116773,0.0,0.0,0.0,0.0,234.0,1
1695116776,0.0,0.0,0.0,0.0,237.0,1
1695116779,74252.0,0.0,7650.666666666667,66601.33333333334,234.0,1
1695116782,173352.0,0.0,22404.0,150948.0,171.0,1
1695116785,0.0,0.0,0.0,0.0,171.0,1
1695116788,0.0,0.0,0.0,0.0,171.0,1
1695116791,0.0,0.0,0.0,0.0,171.0,1
1695116794,392592.0,688128.0,84072.0,308520.0,184.0,1
1695116797,0.0,0.0,0.0,0.0,232.0,1
1695116800,0.0,0.0,0.0,0.0,232.0,1
1695116803,0.0,0.0,0.0,0.0,232.0,1
1695116806,0.0,0.0,0.0,0.0,234.0,1
1695116809,0.0,0.0,0.0,0.0,232.0,1
1695116812,0.0,0.0,0.0,0.0,232.0,1
1695116815,0.0,0.0,0.0,0.0,232.0,1
1695116818,0.0,0.0,0.0,0.0,232.0,1
1695116821,0.0,0.0,0.0,0.0,232.0,1
1695116824,0.0,0.0,0.0,0.0,231.0,1
1695116827,281246.6666666667,0.0,42993.33333333333,238246.6666666667,171.0,1
1695116830,17638.333333333336,0.0,0.0,17644.666666666664,171.0,1
1695116833,0.0,0.0,0.0,0.0,171.0,1
1695116836,0.0,0.0,0.0,0.0,171.0,1
1695116839,337047.3333333333,648533.3333333334,114424.33333333333,222623.0,171.0,1
1695116842,130272292.33333333,3407872.0,51931291.666666664,78340993.66666667,232.0,1
1695116845,0.0,0.0,0.0,0.0,233.0,1
1695116848,0.0,0.0,0.0,0.0,233.0,1
1695116851,0.0,0.0,0.0,0.0,234.0,1
1695116854,20797.0,0.0,8295.0,12509.0,232.0,1
1695116857,0.0,0.0,0.0,0.0,234.0,1
1695116860,0.0,0.0,0.0,0.0,234.0,1
1695116863,0.0,0.0,0.0,0.0,234.0,1
1695116866,0.0,0.0,0.0,0.0,233.0,1
1695116869,0.0,0.0,0.0,0.0,233.0,1
1695116872,280084.0,372736.0,39081.0,241003.0,171.0,1
1695116875,27420.0,354986.6666666666,27420.0,0.0,171.0,1
1695116878,0.0,0.0,0.0,0.0,171.0,1
1695116881,0.0,0.0,0.0,0.0,171.0,1
1695116884,218526.6666666667,409600.0,94120.0,124400.0,171.0,1
1695116887,143304.0,294912.0,52020.0,91284.0,223.0,1
1695116890,0.0,0.0,0.0,0.0,225.0,1
1695116893,0.0,0.0,0.0,0.0,224.0,1
1695116896,0.0,0.0,0.0,0.0,226.0,1
1695116899,0.0,0.0,0.0,0.0,222.0,1
1695116902,0.0,0.0,0.0,0.0,225.0,1
1695116905,0.0,0.0,0.0,0.0,225.0,1
1695116908,0.0,0.0,0.0,0.0,224.0,1
1695116911,1380.6666666666667,0.0,551.0,836.0,227.0,1
1695116914,22553.0,0.0,22553.0,0.0,224.0,1
1695116917,240749.0,0.0,77203.33333333334,163539.33333333334,177.0,1
1695116920,11418.0,0.0,4554.0,6870.0,171.0,1
1695116923,0.0,0.0,0.0,0.0,171.0,1
1695116926,0.0,0.0,0.0,0.0,171.0,1
1695116929,71742.0,147456.0,33888.0,37854.0,171.0,1
1695116932,289830.0,540672.0,110778.0,179052.0,240.0,1
1695116935,0.0,0.0,0.0,0.0,240.0,1
1695116938,0.0,0.0,0.0,0.0,241.0,1
1695116941,0.0,0.0,0.0,0.0,242.0,1
1695116944,0.0,0.0,0.0,0.0,242.0,1
1695116947,0.0,0.0,0.0,0.0,240.0,1
1695116950,0.0,0.0,0.0,0.0,241.0,1
1695116953,0.0,0.0,0.0,0.0,240.0,1
1695116956,0.0,0.0,0.0,0.0,239.0,1
1695116959,0.0,0.0,0.0,0.0,241.0,1
1695116962,231400.0,300373.3333333333,0.0,231393.3333333333,171.0,1
1695116965,48728.666666666664,285354.6666666666,8284.0,40444.666666666664,171.0,1
1695116968,0.0,0.0,0.0,0.0,171.0,1
1695116971,0.0,0.0,0.0,0.0,171.0,1
1695116974,64270.666666666664,259413.33333333334,31204.333333333332,33066.33333333333,173.0,1
1695116977,349226.3333333333,415061.3333333333,35048.66666666667,314184.0,274.0,1
1695116980,0.0,0.0,0.0,0.0,273.0,1
1695116983,0.0,0.0,0.0,0.0,274.0,1
1695116986,0.0,0.0,0.0,0.0,274.0,1
1695116989,0.0,0.0,0.0,0.0,274.0,1
1695116992,0.0,0.0,0.0,0.0,275.0,1
1695116995,0.0,0.0,0.0,0.0,275.0,1
1695116998,0.0,0.0,0.0,0.0,275.0,1
1695117001,0.0,0.0,0.0,0.0,275.0,1
1695117004,0.0,0.0,0.0,0.0,274.0,1
1695117007,224609.0,315392.0,29099.0,195503.0,172.0,1
1695117010,85913.33333333334,300373.3333333333,11140.0,74773.33333333333,171.0,1
1695117013,0.0,0.0,0.0,0.0,171.0,1
1695117016,0.0,0.0,0.0,0.0,172.0,1
1695117019,8653.333333333334,791893.3333333333,3446.666666666667,5206.666666666666,171.0,1
1695117022,427793.3333333334,791893.3333333333,49546.66666666667,378246.6666666666,279.0,1
1695117025,0.0,0.0,0.0,0.0,278.0,1
1695117028,0.0,0.0,0.0,0.0,282.0,1
1695117031,0.0,0.0,0.0,0.0,279.0,1
1695117034,15576.0,0.0,6204.0,9372.0,279.0,1
1695117037,0.0,0.0,0.0,0.0,279.0,1
1695117040,0.0,0.0,0.0,0.0,277.0,1
1695117043,0.0,0.0,0.0,0.0,277.0,1
1695117046,0.0,0.0,0.0,0.0,277.0,1
1695117049,0.0,0.0,0.0,0.0,278.0,1
1695117052,115998.66666666667,570709.3333333333,0.0,115998.66666666667,196.0,1
1695117055,215866.0,544768.0,8897.0,206976.0,171.0,1
1695117058,0.0,0.0,0.0,0.0,171.0,1
1695117061,0.0,0.0,0.0,0.0,171.0,1
1695117064,0.0,0.0,0.0,0.0,171.0,1
1695117067,366324.0,663552.0,89106.0,277212.0,278.0,1
1695117070,0.0,0.0,0.0,0.0,275.0,1
1695117073,0.0,0.0,0.0,0.0,278.0,1
1695117076,0.0,0.0,0.0,0.0,278.0,1
1695117079,0.0,0.0,0.0,0.0,276.0,1
1695117082,0.0,0.0,0.0,0.0,280.0,1
1695117085,0.0,0.0,0.0,0.0,277.0,1
1695117088,0.0,0.0,0.0,0.0,278.0,1
1695117091,1180.0,0.0,473.33333333333337,713.3333333333333,278.0,1
1695117094,14400.0,819200.0,5733.333333333334,8660.0,277.0,1
1695117097,71520.0,819200.0,0.0,71520.0,246.0,1
1695117100,196586.66666666666,778240.0,23243.333333333332,173349.66666666666,173.0,1
1695117103,0.0,0.0,0.0,0.0,171.0,1
1695117106,0.0,0.0,0.0,0.0,171.0,1
1695117109,0.0,0.0,0.0,0.0,171.0,1
1695117112,353735.6666666667,700416.0,42433.333333333336,311296.0,273.0,1
1695117115,0.0,0.0,0.0,0.0,279.0,1
1695117118,0.0,0.0,0.0,0.0,279.0,1
1695117121,0.0,0.0,0.0,0.0,280.0,1
1695117124,0.0,0.0,0.0,0.0,279.0,1
1695117127,0.0,0.0,0.0,0.0,277.0,1
1695117130,0.0,0.0,0.0,0.0,278.0,1
1695117133,0.0,0.0,0.0,0.0,277.0,1
1695117136,0.0,0.0,0.0,0.0,276.0,1
1695117139,0.0,0.0,0.0,0.0,278.0,1
1695117142,81298.0,0.0,56882.0,24423.0,272.0,1
1695117145,194740.0,0.0,54720.0,140013.33333333334,171.0,1
1695117148,0.0,0.0,0.0,0.0,171.0,1
1695117151,0.0,0.0,0.0,0.0,171.0,1
1695117154,18166.666666666668,0.0,18173.333333333332,0.0,171.0,1
1695117157,401593.3333333334,764586.6666666667,173086.6666666667,228506.6666666667,225.0,1
1695117160,0.0,0.0,0.0,0.0,244.0,1
1695117163,0.0,0.0,0.0,0.0,243.0,1
1695117166,0.0,0.0,0.0,0.0,246.0,1
1695117169,0.0,0.0,0.0,0.0,243.0,1
1695117172,0.0,0.0,0.0,0.0,244.0,1
1695117175,0.0,0.0,0.0,0.0,243.0,1
1695117178,0.0,0.0,0.0,0.0,243.0,1
1695117181,0.0,0.0,0.0,0.0,243.0,1
1695117184,0.0,0.0,0.0,0.0,243.0,1
1695117187,102322.0,0.0,47234.0,55080.666666666664,171.0,1
1695117190,222782.0,0.0,64757.0,158025.0,171.0,1
1695117193,0.0,0.0,0.0,0.0,171.0,1
1695117196,0.0,0.0,0.0,0.0,171.0,1
1695117199,0.0,0.0,0.0,0.0,172.0,1
1695117202,429562.0,716800.0,98896.0,330673.0,223.0,1
1695117205,0.0,0.0,0.0,0.0,278.0,1
1695117208,0.0,0.0,0.0,0.0,274.0,1
1695117211,0.0,0.0,0.0,0.0,274.0,1
1695117214,27446.666666666664,0.0,0.0,27446.666666666664,276.0,1
1695117217,0.0,0.0,0.0,0.0,276.0,1
1695117220,0.0,0.0,0.0,0.0,279.0,1
1695117223,0.0,0.0,0.0,0.0,277.0,1
1695117226,0.0,0.0,0.0,0.0,279.0,1
1695117229,0.0,0.0,0.0,0.0,276.0,1
1695117232,74600.33333333334,0.0,33376.66666666667,41217.333333333336,171.0,1
1695117235,177504.0,0.0,0.0,177504.0,172.0,1
1695117238,0.0,0.0,0.0,0.0,171.0,1
1695117241,0.0,0.0,0.0,0.0,171.0,1
1695117244,0.0,0.0,0.0,0.0,171.0,1
1695117247,359430.0,589824.0,100044.0,259386.0,197.0,1
1695117250,0.0,0.0,0.0,0.0,342.0,1
1695117253,0.0,0.0,0.0,0.0,340.0,1
1695117256,0.0,0.0,0.0,0.0,342.0,1
1695117259,0.0,0.0,0.0,0.0,340.0,1
1695117262,0.0,0.0,0.0,0.0,341.0,1
1695117265,0.0,0.0,0.0,0.0,342.0,1
1695117268,833.3333333333333,0.0,333.33333333333337,506.66666666666663,341.0,1
1695117271,0.0,0.0,0.0,0.0,343.0,1
1695117274,10953.333333333332,0.0,4360.0,6586.666666666666,343.0,1
1695117277,74706.66666666667,0.0,6673.333333333334,68040.0,253.0,1
1695117280,197954.66666666666,0.0,7695.0,190259.66666666666,171.0,1
1695117283,0.0,0.0,0.0,0.0,171.0,1
1695117286,0.0,0.0,0.0,0.0,175.0,1
1695117289,0.0,0.0,0.0,0.0,171.0,1
1695117292,357504.0,700416.0,76836.0,280661.6666666666,196.0,1
1695117295,0.0,0.0,0.0,0.0,350.0,1
1695117298,0.0,0.0,0.0,0.0,349.0,1
1695117301,0.0,0.0,0.0,0.0,348.0,1
1695117304,0.0,0.0,0.0,0.0,351.0,1
1695117307,0.0,0.0,0.0,0.0,348.0,1
1695117310,0.0,0.0,0.0,0.0,350.0,1
1695117313,0.0,0.0,0.0,0.0,352.0,1
1695117316,0.0,0.0,0.0,0.0,351.0,1
1695117319,0.0,0.0,0.0,0.0,352.0,1
1695117322,80313.0,0.0,0.0,80313.0,296.0,1
1695117325,171576.0,0.0,20844.0,150732.0,171.0,1
1695117328,0.0,0.0,0.0,0.0,171.0,1
1695117331,0.0,0.0,0.0,0.0,171.0,1
1695117334,15846.0,0.0,0.0,15846.0,171.0,1
1695117337,403962.0,663552.0,89874.0,314088.0,256.0,1
1695117340,0.0,0.0,0.0,0.0,347.0,1
1695117343,0.0,0.0,0.0,0.0,347.0,1
1695117346,0.0,0.0,0.0,0.0,347.0,1
1695117349,0.0,0.0,0.0,0.0,347.0,1
1695117352,0.0,0.0,0.0,0.0,347.0,1
1695117355,0.0,0.0,0.0,0.0,348.0,1
1695117358,0.0,0.0,0.0,0.0,352.0,1
1695117361,0.0,0.0,0.0,0.0,351.0,1
1695117364,0.0,0.0,0.0,0.0,352.0,1
1695117367,72320.0,0.0,11626.666666666668,60700.0,349.0,1
1695117370,200033.3333333333,0.0,16320.0,183706.6666666667,173.0,1
1695117373,0.0,0.0,0.0,0.0,171.0,1
1695117376,0.0,0.0,0.0,0.0,171.0,1
1695117379,0.0,0.0,0.0,0.0,171.0,1
1695117382,344235.6666666667,596650.6666666667,88122.0,256120.0,176.0,1
1695117385,20272.0,57344.0,20272.0,0.0,347.0,1
1695117388,0.0,0.0,0.0,0.0,346.0,1
1695117391,0.0,0.0,0.0,0.0,348.0,1
1695117394,11704.0,0.0,10773.0,931.0,349.0,1
1695117397,0.0,0.0,0.0,0.0,349.0,1
1695117400,0.0,0.0,0.0,0.0,350.0,1
1695117403,0.0,0.0,0.0,0.0,351.0,1
1695117406,0.0,0.0,0.0,0.0,351.0,1
1695117409,0.0,0.0,0.0,0.0,350.0,1
1695117412,0.0,0.0,0.0,0.0,349.0,1
1695117415,304731.0,0.0,66948.0,237776.0,173.0,1
1695117418,12380.0,0.0,4926.666666666667,7453.333333333334,171.0,1
1695117421,0.0,0.0,0.0,0.0,172.0,1
1695117424,0.0,0.0,0.0,0.0,171.0,1
1695117427,354020.0,737280.0,106880.0,247140.0,177.0,1
1695117430,37304.66666666667,30037.333333333332,2163.333333333333,35141.33333333333,213.0,1
1695117433,0.0,0.0,0.0,0.0,211.0,1
1695117436,0.0,0.0,0.0,0.0,211.0,1
1695117439,0.0,0.0,0.0,0.0,210.0,1
1695117442,0.0,0.0,0.0,0.0,212.0,1
1695117445,0.0,0.0,0.0,0.0,211.0,1
1695117448,0.0,0.0,0.0,0.0,212.0,1
1695117451,0.0,0.0,0.0,0.0,212.0,1
1695117454,28365.333333333332,0.0,0.0,28365.333333333332,214.0,1
1695117457,0.0,0.0,0.0,0.0,215.0,1
1695117460,284188.6666666666,0.0,61284.666666666664,222904.0,171.0,1
1695117463,16037.0,0.0,0.0,16044.0,171.0,1
1695117466,0.0,0.0,0.0,0.0,171.0,1
1695117469,0.0,0.0,0.0,0.0,171.0,1
1695117472,339136.0,888832.0,141974.0,197162.0,171.0,1
1695117475,53705.0,888832.0,0.0,53705.0,216.0,1
1695117478,0.0,0.0,0.0,0.0,219.0,1
1695117481,0.0,0.0,0.0,0.0,219.0,1
1695117484,0.0,0.0,0.0,0.0,220.0,1
1695117487,0.0,0.0,0.0,0.0,219.0,1
1695117490,0.0,0.0,0.0,0.0,218.0,1
1695117493,0.0,0.0,0.0,0.0,220.0,1
1695117496,0.0,0.0,0.0,0.0,221.0,1
1695117499,0.0,0.0,0.0,0.0,219.0,1
1695117502,0.0,0.0,0.0,0.0,219.0,1
1695117505,249778.33333333334,233472.0,56290.666666666664,193487.66666666666,172.0,1
1695117508,13266.0,221184.0,5280.0,7980.0,171.0,1
1695117511,0.0,0.0,0.0,0.0,171.0,1
1695117514,16758.0,0.0,6666.0,10092.0,171.0,1
1695117517,263286.0,442368.0,79236.0,184056.0,171.0,1
1695117520,131993.0,207530.66666666666,36233.0,95760.0,235.0,1
1695117523,0.0,0.0,0.0,0.0,231.0,1
1695117526,0.0,0.0,0.0,0.0,233.0,1
1695117529,0.0,0.0,0.0,0.0,231.0,1
1695117532,0.0,0.0,0.0,0.0,230.0,1
1695117535,0.0,0.0,0.0,0.0,231.0,1
1695117538,0.0,0.0,0.0,0.0,230.0,1
1695117541,0.0,0.0,0.0,0.0,231.0,1
1695117544,0.0,0.0,0.0,0.0,229.0,1
1695117547,0.0,0.0,0.0,0.0,231.0,1
1695117550,275220.0,0.0,52166.66666666667,223053.3333333333,174.0,1
1695117553,24598.666666666668,0.0,0.0,24598.666666666668,171.0,1
1695117556,0.0,0.0,0.0,0.0,171.0,1
1695117559,0.0,0.0,0.0,0.0,171.0,1
1695117562,136451.6666666667,181589.33333333334,9316.333333333332,127135.33333333333,175.0,1
1695117565,250584.66666666666,570709.3333333333,50565.333333333336,200019.33333333334,235.0,1
1695117568,0.0,0.0,0.0,0.0,236.0,1
1695117571,0.0,0.0,0.0,0.0,236.0,1
1695117574,18613.0,0.0,18613.0,0.0,234.0,1
1695117577,0.0,0.0,0.0,0.0,233.0,1
1695117580,0.0,0.0,0.0,0.0,235.0,1
1695117583,0.0,0.0,0.0,0.0,232.0,1
1695117586,0.0,0.0,0.0,0.0,235.0,1
1695117589,0.0,0.0,0.0,0.0,237.0,1
1695117592,0.0,0.0,0.0,0.0,232.0,1
1695117595,268317.0,315392.0,89978.0,178332.0,171.0,1
1695117598,15973.333333333332,300373.3333333333,6360.0,9620.0,171.0,1
1695117601,0.0,0.0,0.0,0.0,171.0,1
1695117604,0.0,0.0,0.0,0.0,171.0,1
1695117607,71273.33333333333,245760.0,5300.0,65973.33333333333,171.0,1
1695117610,307986.6666666667,436906.6666666666,71113.33333333333,236866.6666666667,233.0,1
1695117613,0.0,0.0,0.0,0.0,234.0,1
1695117616,0.0,0.0,0.0,0.0,236.0,1
1695117619,0.0,0.0,0.0,0.0,234.0,1
1695117622,0.0,0.0,0.0,0.0,235.0,1
1695117625,0.0,0.0,0.0,0.0,233.0,1
1695117628,0.0,0.0,0.0,0.0,235.0,1
1695117631,0.0,0.0,0.0,0.0,235.0,1
1695117634,21222.666666666664,0.0,8448.0,12782.0,236.0,1
1695117637,0.0,0.0,0.0,0.0,234.0,1
1695117640,74391.33333333334,0.0,24269.333333333332,50122.0,201.0,1
1695117643,180286.6666666667,0.0,51252.0,129029.0,174.0,1
1695117646,0.0,0.0,0.0,0.0,171.0,1
1695117649,0.0,0.0,0.0,0.0,171.0,1
1695117652,0.0,0.0,0.0,0.0,171.0,1
1695117655,368892.0,589824.0,79740.0,289158.0,224.0,1
1695117658,0.0,0.0,0.0,0.0,234.0,1
1695117661,0.0,0.0,0.0,0.0,235.0,1
1695117664,0.0,0.0,0.0,0.0,235.0,1
1695117667,0.0,0.0,0.0,0.0,235.0,1
1695117670,0.0,0.0,0.0,0.0,234.0,1
1695117673,0.0,0.0,0.0,0.0,234.0,1
1695117676,0.0,0.0,0.0,0.0,236.0,1
1695117679,0.0,0.0,0.0,0.0,233.0,1
1695117682,0.0,0.0,0.0,0.0,234.0,1
1695117685,88620.0,0.0,41180.0,47440.0,260.0,1
1695117688,195472.0,0.0,1095.6666666666665,194370.0,173.0,1
1695117691,0.0,0.0,0.0,0.0,171.0,1
1695117694,13680.0,752298.6666666666,5446.666666666667,8239.666666666668,171.0,1
1695117697,0.0,752298.6666666666,0.0,0.0,171.0,1
1695117700,366066.6666666667,726357.3333333334,52687.0,313379.6666666667,187.0,1
1695117703,0.0,0.0,0.0,0.0,222.0,1
1695117706,0.0,0.0,0.0,0.0,224.0,1
1695117709,0.0,0.0,0.0,0.0,223.0,1
1695117712,0.0,0.0,0.0,0.0,223.0,1
1695117715,0.0,0.0,0.0,0.0,225.0,1
1695117718,0.0,0.0,0.0,0.0,221.0,1
1695117721,0.0,0.0,0.0,0.0,223.0,1
1695117724,0.0,0.0,0.0,0.0,221.0,1
1695117727,0.0,0.0,0.0,0.0,222.0,1
1695117730,76125.0,0.0,6069.0,70049.0,222.0,1
1695117733,181120.0,0.0,31866.666666666664,149260.0,171.0,1
1695117736,0.0,0.0,0.0,0.0,171.0,1
1695117739,0.0,0.0,0.0,0.0,171.0,1
1695117742,0.0,0.0,0.0,0.0,171.0,1
1695117745,418746.6666666666,709973.3333333333,150080.0,268666.6666666667,182.0,1
1695117748,0.0,0.0,0.0,0.0,240.0,1
1695117751,0.0,0.0,0.0,0.0,238.0,1
1695117754,15847.333333333334,901120.0,0.0,15847.333333333334,239.0,1
1695117757,0.0,778240.0,0.0,0.0,238.0,1
1695117760,0.0,0.0,0.0,0.0,240.0,1
1695117763,0.0,0.0,0.0,0.0,238.0,1
1695117766,0.0,0.0,0.0,0.0,239.0,1
1695117769,0.0,0.0,0.0,0.0,239.0,1
1695117772,0.0,0.0,0.0,0.0,237.0,1
1695117775,68355.66666666666,0.0,32939.66666666667,35416.0,240.0,1
1695117778,173196.33333333334,40960.0,22068.0,151128.33333333334,171.0,1
1695117781,0.0,0.0,0.0,0.0,171.0,1
1695117784,0.0,0.0,0.0,0.0,171.0,1
1695117787,0.0,0.0,0.0,0.0,174.0,1
1695117790,380364.0,638976.0,42804.0,337554.0,182.0,1
1695117793,0.0,0.0,0.0,0.0,269.0,1
1695117796,0.0,0.0,0.0,0.0,268.0,1
1695117799,0.0,0.0,0.0,0.0,267.0,1
1695117802,0.0,0.0,0.0,0.0,271.0,1
1695117805,0.0,0.0,0.0,0.0,270.0,1
1695117808,0.0,0.0,0.0,0.0,271.0,1
1695117811,0.0,0.0,0.0,0.0,269.0,1
1695117814,15013.333333333332,27306.666666666664,5973.333333333334,9046.666666666666,271.0,1
1695117817,0.0,0.0,0.0,0.0,268.0,1
1695117820,9053.333333333334,0.0,3600.0,5446.666666666666,270.0,1
1695117823,280726.6666666667,0.0,65880.0,214853.3333333333,171.0,1
1695117826,0.0,0.0,0.0,0.0,171.0,1
1695117829,0.0,0.0,0.0,0.0,171.0,1
1695117832,0.0,0.0,0.0,0.0,171.0,1
1695117835,385839.3333333333,648533.3333333334,137819.6666666667,248019.66666666666,183.0,1
1695117838,0.0,0.0,0.0,0.0,278.0,1
1695117841,0.0,0.0,0.0,0.0,276.0,1
1695117844,0.0,0.0,0.0,0.0,279.0,1
1695117847,0.0,0.0,0.0,0.0,276.0,1
1695117850,0.0,0.0,0.0,0.0,277.0,1
1695117853,0.0,0.0,0.0,0.0,277.0,1
1695117856,0.0,0.0,0.0,0.0,277.0,1
1695117859,0.0,0.0,0.0,0.0,276.0,1
1695117862,0.0,0.0,0.0,0.0,275.0,1
1695117865,0.0,0.0,0.0,0.0,276.0,1
1695117868,292012.0,0.0,110607.0,181405.0,171.0,1
1695117871,0.0,0.0,0.0,0.0,171.0,1
1695117874,18313.333333333332,791893.3333333333,18306.666666666668,0.0,171.0,1
1695117877,0.0,791893.3333333333,0.0,0.0,171.0,1
1695117880,390580.0,737280.0,58366.66666666667,332213.3333333334,174.0,1
1695117883,0.0,0.0,0.0,0.0,281.0,1
1695117886,0.0,0.0,0.0,0.0,279.0,1
1695117889,0.0,0.0,0.0,0.0,281.0,1
1695117892,0.0,0.0,0.0,0.0,280.0,1
1695117895,0.0,0.0,0.0,0.0,281.0,1
1695117898,0.0,0.0,0.0,0.0,281.0,1
1695117901,0.0,0.0,0.0,0.0,280.0,1
1695117904,0.0,0.0,0.0,0.0,279.0,1
1695117907,0.0,0.0,0.0,0.0,281.0,1
1695117910,0.0,0.0,0.0,0.0,280.0,1
1695117913,280839.0,0.0,62902.666666666664,217942.66666666666,172.0,1
1695117916,0.0,0.0,0.0,0.0,171.0,1
1695117919,0.0,0.0,0.0,0.0,171.0,1
1695117922,0.0,0.0,0.0,0.0,171.0,1
1695117925,361398.0,688128.0,118548.0,242850.0,180.0,1
1695117928,0.0,0.0,0.0,0.0,281.0,1
1695117931,0.0,0.0,0.0,0.0,280.0,1
1695117934,13326.666666666668,764586.6666666667,5300.0,8026.666666666666,281.0,1
1695117937,0.0,764586.6666666667,0.0,0.0,280.0,1
1695117940,0.0,0.0,0.0,0.0,281.0,1
1695117943,0.0,0.0,0.0,0.0,281.0,1
1695117946,0.0,0.0,0.0,0.0,281.0,1
1695117949,0.0,0.0,0.0,0.0,280.0,1
1695117952,0.0,0.0,0.0,0.0,281.0,1
1695117955,0.0,0.0,0.0,0.0,281.0,1
1695117958,287133.3333333333,0.0,50966.66666666667,236160.0,171.0,1
1695117961,0.0,0.0,0.0,0.0,177.0,1
1695117964,0.0,0.0,0.0,0.0,171.0,1
1695117967,0.0,0.0,0.0,0.0,171.0,1
1695117970,335381.6666666667,622592.0,106811.66666666667,228570.0,184.0,1
1695117973,39557.0,0.0,21959.0,17598.0,244.0,1
1695117976,0.0,0.0,0.0,0.0,241.0,1
1695117979,0.0,0.0,0.0,0.0,242.0,1
1695117982,0.0,0.0,0.0,0.0,240.0,1
1695117985,0.0,0.0,0.0,0.0,240.0,1
1695117988,0.0,0.0,0.0,0.0,241.0,1
1695117991,0.0,0.0,0.0,0.0,242.0,1
1695117994,27552.0,28672.0,10955.0,16604.0,243.0,1
1695117997,0.0,0.0,0.0,0.0,242.0,1
1695118000,0.0,0.0,0.0,0.0,241.0,1
1695118003,277337.6666666666,1365.3333333333333,28344.0,248994.0,171.0,1
1695118006,0.0,0.0,0.0,0.0,171.0,1
1695118009,0.0,0.0,0.0,0.0,171.0,1
1695118012,0.0,0.0,0.0,0.0,171.0,1
1695118015,318342.0,663552.0,101118.0,217224.0,173.0,1
1695118018,32433.333333333336,27306.666666666664,18826.666666666668,13600.0,271.0,1
1695118021,0.0,0.0,0.0,0.0,271.0,1
1695118024,0.0,0.0,0.0,0.0,272.0,1
1695118027,0.0,0.0,0.0,0.0,270.0,1
1695118030,0.0,0.0,0.0,0.0,272.0,1
1695118033,0.0,0.0,0.0,0.0,270.0,1
1695118036,0.0,0.0,0.0,0.0,273.0,1
1695118039,0.0,0.0,0.0,0.0,271.0,1
1695118042,0.0,0.0,0.0,0.0,272.0,1
1695118045,0.0,0.0,0.0,0.0,274.0,1
1695118048,250566.6666666667,54613.33333333333,71346.66666666667,179226.6666666667,175.0,1
1695118051,10659.0,51882.666666666664,4237.0,6415.666666666667,171.0,1
1695118054,17347.0,804181.3333333334,17347.0,0.0,171.0,1
1695118057,0.0,804181.3333333334,0.0,0.0,171.0,1
1695118060,337769.3333333333,700416.0,91668.66666666667,246100.66666666666,173.0,1
1695118063,25564.0,0.0,0.0,25564.0,332.0,1
1695118066,0.0,0.0,0.0,0.0,333.0,1
1695118069,0.0,0.0,0.0,0.0,333.0,1
1695118072,0.0,0.0,0.0,0.0,332.0,1
1695118075,0.0,0.0,0.0,0.0,333.0,1
1695118078,0.0,0.0,0.0,0.0,333.0,1
1695118081,0.0,0.0,0.0,0.0,336.0,1
1695118084,0.0,0.0,0.0,0.0,333.0,1
1695118087,0.0,0.0,0.0,0.0,334.0,1
1695118090,0.0,0.0,0.0,0.0,335.0,1
1695118093,238253.66666666666,0.0,77064.0,161189.66666666666,171.0,1
1695118096,13122.0,0.0,13122.0,0.0,176.0,1
1695118099,0.0,0.0,0.0,0.0,171.0,1
1695118102,0.0,0.0,0.0,0.0,171.0,1
1695118105,329532.0,1376256.0,97980.0,231558.0,171.0,1
1695118108,56813.33333333333,1376256.0,0.0,56806.66666666667,342.0,1
1695118111,0.0,0.0,0.0,0.0,346.0,1
1695118114,10080.0,0.0,3553.333333333333,6526.666666666666,345.0,1
1695118117,0.0,0.0,0.0,0.0,346.0,1
1695118120,0.0,0.0,0.0,0.0,346.0,1
1695118123,0.0,0.0,0.0,0.0,346.0,1
1695118126,0.0,0.0,0.0,0.0,348.0,1
1695118129,0.0,0.0,0.0,0.0,351.0,1
1695118132,0.0,0.0,0.0,0.0,348.0,1
1695118135,0.0,0.0,0.0,0.0,350.0,1
1695118138,259340.0,0.0,34340.0,225000.0,180.0,1
1695118141,18930.333333333336,0.0,0.0,18930.333333333336,171.0,1
1695118144,0.0,0.0,0.0,0.0,171.0,1
1695118147,0.0,0.0,0.0,0.0,171.0,1
1695118150,288318.6666666666,1245184.0,40235.666666666664,248089.33333333334,171.0,1
1695118153,131272780.66666667,4647594.666666666,52209753.666666664,79063020.0,346.0,1
1695118156,0.0,0.0,0.0,0.0,353.0,1
1695118159,0.0,0.0,0.0,0.0,351.0,1
1695118162,0.0,0.0,0.0,0.0,352.0,1
1695118165,0.0,0.0,0.0,0.0,351.0,1
1695118168,854.0,0.0,343.0,518.0,356.0,1
1695118171,0.0,0.0,0.0,0.0,355.0,1
1695118174,11655.0,28672.0,4634.0,7021.0,355.0,1
1695118177,0.0,0.0,0.0,0.0,357.0,1
1695118180,0.0,0.0,0.0,0.0,357.0,1
1695118183,255617.33333333334,1064960.0,30652.333333333336,224965.0,173.0,1
1695118186,11874.0,1007616.0,4716.0,7152.0,171.0,1
1695118189,0.0,0.0,0.0,0.0,171.0,1
1695118192,0.0,0.0,0.0,0.0,171.0,1
1695118195,136228.66666666666,442368.0,27621.333333333332,108609.66666666667,171.0,1
1695118198,227533.33333333334,221184.0,70808.66666666667,156722.33333333334,351.0,1
1695118201,0.0,0.0,0.0,0.0,351.0,1
1695118204,0.0,0.0,0.0,0.0,350.0,1
1695118207,0.0,0.0,0.0,0.0,353.0,1
1695118210,0.0,0.0,0.0,0.0,353.0,1
1695118213,0.0,0.0,0.0,0.0,361.0,1
1695118216,0.0,0.0,0.0,0.0,355.0,1
1695118219,0.0,0.0,0.0,0.0,353.0,1
1695118222,0.0,0.0,0.0,0.0,355.0,1
1695118225,0.0,0.0,0.0,0.0,355.0,1
1695118228,249586.6666666667,163840.0,70966.66666666667,178626.6666666667,183.0,1
1695118231,22407.333333333332,155648.0,8904.666666666668,13502.666666666666,176.0,1
1695118234,18157.666666666664,0.0,18151.333333333336,0.0,171.0,1
1695118237,0.0,0.0,0.0,0.0,171.0,1
1695118240,74169.66666666666,207530.66666666666,46423.333333333336,27752.666666666668,171.0,1
1695118243,289458.6666666666,544768.0,132335.0,157117.33333333334,215.0,1
1695118246,0.0,0.0,0.0,0.0,215.0,1
1695118249,0.0,0.0,0.0,0.0,216.0,1
1695118252,0.0,0.0,0.0,0.0,214.0,1
1695118255,0.0,0.0,0.0,0.0,212.0,1
1695118258,0.0,0.0,0.0,0.0,214.0,1
1695118261,0.0,0.0,0.0,0.0,216.0,1
1695118264,0.0,0.0,0.0,0.0,213.0,1
1695118267,0.0,0.0,0.0,0.0,215.0,1
1695118270,0.0,0.0,0.0,0.0,212.0,1
1695118273,237202.0,200704.0,95053.0,142149.0,182.0,1
1695118276,40526.666666666664,191146.6666666667,22053.333333333336,18480.0,171.0,1
1695118279,0.0,0.0,0.0,0.0,171.0,1
1695118282,0.0,0.0,0.0,0.0,171.0,1
1695118285,48486.66666666667,873813.3333333333,42673.33333333333,5806.666666666666,171.0,1
1695118288,347293.3333333334,873813.3333333333,104220.0,243073.3333333333,222.0,1
1695118291,0.0,0.0,0.0,0.0,220.0,1
1695118294,27045.333333333332,1802240.0,0.0,27045.333333333332,222.0,1
1695118297,0.0,1556480.0,0.0,0.0,219.0,1
1695118300,0.0,0.0,0.0,0.0,221.0,1
1695118303,0.0,0.0,0.0,0.0,222.0,1
1695118306,0.0,0.0,0.0,0.0,221.0,1
1695118309,0.0,0.0,0.0,0.0,225.0,1
1695118312,0.0,0.0,0.0,0.0,223.0,1
1695118315,0.0,0.0,0.0,0.0,224.0,1
1695118318,181970.0,81920.0,32065.666666666668,149910.66666666666,197.0,1
1695118321,74838.0,0.0,35088.0,39744.0,171.0,1
1695118324,0.0,0.0,0.0,0.0,171.0,1
1695118327,0.0,0.0,0.0,0.0,171.0,1
1695118330,7512.0,737280.0,0.0,7518.0,171.0,1
1695118333,390576.0,737280.0,86340.0,304236.0,234.0,1
1695118336,0.0,0.0,0.0,0.0,234.0,1
1695118339,0.0,0.0,0.0,0.0,234.0,1
1695118342,0.0,0.0,0.0,0.0,235.0,1
1695118345,0.0,0.0,0.0,0.0,234.0,1
1695118348,0.0,0.0,0.0,0.0,235.0,1
1695118351,0.0,0.0,0.0,0.0,235.0,1
1695118354,21380.0,819200.0,8493.333333333334,12886.666666666668,235.0,1
1695118357,0.0,819200.0,0.0,0.0,235.0,1
1695118360,0.0,0.0,0.0,0.0,234.0,1
1695118363,69753.33333333333,0.0,4686.666666666667,65060.0,173.0,1
1695118366,188967.66666666666,0.0,36986.66666666667,151981.0,175.0,1
1695118369,0.0,0.0,0.0,0.0,171.0,1
1695118372,0.0,0.0,0.0,0.0,171.0,1
1695118375,0.0,0.0,0.0,0.0,171.0,1
1695118378,401444.6666666667,648533.3333333334,67089.0,334355.6666666667,184.0,1
1695118381,0.0,0.0,0.0,0.0,235.0,1
1695118384,0.0,0.0,0.0,0.0,233.0,1
1695118387,0.0,0.0,0.0,0.0,235.0,1
1695118390,0.0,0.0,0.0,0.0,233.0,1
1695118393,0.0,0.0,0.0,0.0,234.0,1
1695118396,0.0,0.0,0.0,0.0,234.0,1
1695118399,0.0,0.0,0.0,0.0,232.0,1
1695118402,0.0,0.0,0.0,0.0,234.0,1
1695118405,0.0,0.0,0.0,0.0,233.0,1
1695118408,0.0,0.0,0.0,0.0,233.0,1
1695118411,280938.0,372736.0,112441.0,168504.0,171.0,1
1695118414,33393.333333333336,354986.6666666666,1753.3333333333335,31633.333333333336,171.0,1
1695118417,0.0,354986.6666666666,0.0,0.0,171.0,1
1695118420,0.0,0.0,0.0,0.0,171.0,1
1695118423,398406.6666666666,709973.3333333333,136046.66666666666,262366.6666666667,171.0,1
1695118426,63499.333333333336,0.0,12562.0,50930.0,231.0,1
1695118429,0.0,0.0,0.0,0.0,232.0,1
1695118432,0.0,0.0,0.0,0.0,231.0,1
1695118435,0.0,0.0,0.0,0.0,232.0,1
1695118438,0.0,0.0,0.0,0.0,231.0,1
1695118441,0.0,0.0,0.0,0.0,231.0,1
1695118444,0.0,0.0,0.0,0.0,232.0,1
1695118447,0.0,0.0,0.0,0.0,231.0,1
1695118450,0.0,0.0,0.0,0.0,230.0,1
1695118453,0.0,0.0,0.0,0.0,231.0,1
1695118456,73960.66666666666,0.0,7511.333333333333,66449.33333333334,179.0,1
1695118459,167616.0,0.0,72306.0,95316.0,171.0,1
1695118462,0.0,0.0,0.0,0.0,171.0,1
1695118465,0.0,0.0,0.0,0.0,171.0,1
1695118468,0.0,0.0,0.0,0.0,171.0,1
1695118471,355764.0,614400.0,58806.0,296952.0,225.0,1
1695118474,19143.0,793258.6666666666,7603.666666666667,11539.666666666666,231.0,1
1695118477,830.3333333333334,793258.6666666666,329.66666666666663,500.33333333333337,232.0,1
1695118480,0.0,0.0,0.0,0.0,231.0,1
1695118483,0.0,0.0,0.0,0.0,232.0,1
1695118486,0.0,0.0,0.0,0.0,230.0,1
1695118489,0.0,0.0,0.0,0.0,233.0,1
1695118492,0.0,0.0,0.0,0.0,231.0,1
1695118495,0.0,0.0,0.0,0.0,231.0,1
1695118498,0.0,0.0,0.0,0.0,231.0,1
1695118501,74520.0,0.0,0.0,74520.0,247.0,1
1695118504,217786.6666666667,0.0,29986.666666666664,187800.0,171.0,1
1695118507,0.0,0.0,0.0,0.0,171.0,1
1695118510,0.0,0.0,0.0,0.0,171.0,1
1695118513,0.0,0.0,0.0,0.0,172.0,1
1695118516,395459.6666666667,648533.3333333334,108452.0,287014.0,185.0,1
1695118519,0.0,648533.3333333334,0.0,0.0,224.0,1
1695118522,0.0,0.0,0.0,0.0,223.0,1
1695118525,0.0,0.0,0.0,0.0,225.0,1
1695118528,0.0,0.0,0.0,0.0,225.0,1
1695118531,0.0,0.0,0.0,0.0,223.0,1
1695118534,6228.666666666667,596650.6666666667,434.0,5793.0,225.0,1
1695118537,13455.333333333334,596650.6666666667,155.0,13295.666666666666,225.0,1
1695118540,0.0,0.0,0.0,0.0,224.0,1
1695118543,0.0,0.0,0.0,0.0,226.0,1
1695118546,0.0,0.0,0.0,0.0,224.0,1
1695118549,270788.0,0.0,82751.33333333333,188036.66666666666,175.0,1
1695118552,0.0,0.0,0.0,0.0,171.0,1
1695118555,0.0,0.0,0.0,0.0,171.0,1
1695118558,0.0,0.0,0.0,0.0,171.0,1
1695118561,368760.0,737280.0,105768.0,262992.0,178.0,1
1695118564,0.0,737280.0,0.0,0.0,247.0,1
1695118567,0.0,0.0,0.0,0.0,241.0,1
1695118570,0.0,0.0,0.0,0.0,242.0,1
1695118573,0.0,0.0,0.0,0.0,242.0,1
1695118576,0.0,0.0,0.0,0.0,243.0,1
1695118579,0.0,0.0,0.0,0.0,243.0,1
1695118582,0.0,0.0,0.0,0.0,244.0,1
1695118585,0.0,0.0,0.0,0.0,243.0,1
1695118588,0.0,0.0,0.0,0.0,243.0,1
1695118591,0.0,0.0,0.0,0.0,246.0,1
1695118594,275820.0,0.0,11933.333333333332,263893.3333333333,171.0,1
1695118597,20678.333333333332,0.0,0.0,20672.0,171.0,1
1695118600,0.0,0.0,0.0,0.0,171.0,1
1695118603,0.0,0.0,0.0,0.0,171.0,1
1695118606,365034.3333333333,726357.3333333334,44257.333333333336,320783.3333333333,176.0,1
1695118609,43239.0,0.0,23429.0,19803.0,275.0,1
1695118612,0.0,0.0,0.0,0.0,275.0,1
1695118615,0.0,0.0,0.0,0.0,276.0,1
1695118618,0.0,0.0,0.0,0.0,275.0,1
1695118621,0.0,0.0,0.0,0.0,277.0,1
1695118624,0.0,0.0,0.0,0.0,276.0,1
1695118627,0.0,0.0,0.0,0.0,277.0,1
1695118630,0.0,0.0,0.0,0.0,277.0,1
1695118633,0.0,0.0,0.0,0.0,277.0,1
1695118636,0.0,0.0,0.0,0.0,276.0,1
1695118639,266114.0,0.0,89876.33333333333,176244.0,171.0,1
1695118642,0.0,0.0,0.0,0.0,171.0,1
1695118645,0.0,0.0,0.0,0.0,171.0,1
1695118648,0.0,0.0,0.0,0.0,171.0,1
1695118651,333240.0,663552.0,117360.0,215880.0,171.0,1
1695118654,34760.0,27306.666666666664,2293.3333333333335,32460.0,279.0,1
1695118657,14026.666666666668,27306.666666666664,5573.333333333334,8460.0,276.0,1
1695118660,0.0,0.0,0.0,0.0,276.0,1
1695118663,0.0,0.0,0.0,0.0,275.0,1
1695118666,0.0,0.0,0.0,0.0,278.0,1
1695118669,0.0,0.0,0.0,0.0,275.0,1
1695118672,0.0,0.0,0.0,0.0,276.0,1
1695118675,0.0,0.0,0.0,0.0,276.0,1
1695118678,0.0,0.0,0.0,0.0,276.0,1
1695118681,0.0,0.0,0.0,0.0,277.0,1
1695118684,91973.33333333334,0.0,0.0,91973.33333333334,171.0,1
1695118687,164850.33333333334,0.0,45904.0,118946.33333333333,173.0,1
1695118690,0.0,0.0,0.0,0.0,171.0,1
1695118693,0.0,0.0,0.0,0.0,171.0,1
1695118696,0.0,0.0,0.0,0.0,171.0,1
1695118699,392679.3333333333,674474.6666666666,47018.666666666664,345660.6666666667,273.0,1
1695118702,0.0,0.0,0.0,0.0,272.0,1
1695118705,0.0,0.0,0.0,0.0,271.0,1
1695118708,0.0,0.0,0.0,0.0,273.0,1
1695118711,0.0,0.0,0.0,0.0,271.0,1
1695118714,0.0,0.0,0.0,0.0,272.0,1
1695118717,15211.0,0.0,6034.0,9170.0,271.0,1
1695118720,0.0,0.0,0.0,0.0,270.0,1
1695118723,0.0,0.0,0.0,0.0,270.0,1
1695118726,0.0,0.0,0.0,0.0,271.0,1
1695118729,96250.0,0.0,1974.0,94276.0,286.0,1
1695118732,182736.0,0.0,31524.0,151212.0,171.0,1
1695118735,0.0,0.0,0.0,0.0,171.0,1
1695118738,0.0,0.0,0.0,0.0,171.0,1
1695118741,0.0,0.0,0.0,0.0,171.0,1
1695118744,345504.0,663552.0,86184.0,259326.0,187.0,1
1695118747,0.0,0.0,0.0,0.0,271.0,1
1695118750,0.0,0.0,0.0,0.0,272.0,1
1695118753,0.0,0.0,0.0,0.0,271.0,1
1695118756,0.0,0.0,0.0,0.0,272.0,1
1695118759,0.0,0.0,0.0,0.0,273.0,1
1695118762,0.0,0.0,0.0,0.0,271.0,1
1695118765,0.0,0.0,0.0,0.0,273.0,1
1695118768,0.0,0.0,0.0,0.0,273.0,1
1695118771,0.0,0.0,0.0,0.0,271.0,1
1695118774,0.0,0.0,0.0,0.0,272.0,1
1695118777,281166.6666666667,955733.3333333333,54540.0,226620.0,172.0,1
1695118780,15472.333333333334,907946.6666666666,0.0,15472.333333333334,171.0,1
1695118783,0.0,0.0,0.0,0.0,171.0,1
1695118786,0.0,0.0,0.0,0.0,171.0,1
1695118789,225536.33333333334,363178.6666666667,41458.0,184084.66666666666,172.0,1
1695118792,147750.3333333333,337237.3333333333,14940.333333333334,132810.0,245.0,1
1695118795,0.0,0.0,0.0,0.0,245.0,1
1695118798,0.0,0.0,0.0,0.0,247.0,1
1695118801,0.0,0.0,0.0,0.0,246.0,1
1695118804,0.0,0.0,0.0,0.0,244.0,1
1695118807,0.0,0.0,0.0,0.0,251.0,1
1695118810,0.0,0.0,0.0,0.0,246.0,1
1695118813,0.0,0.0,0.0,0.0,243.0,1
1695118816,0.0,0.0,0.0,0.0,246.0,1
1695118819,0.0,0.0,0.0,0.0,243.0,1
1695118822,284088.0,143360.0,22428.0,261660.0,171.0,1
1695118825,25333.333333333336,136533.33333333334,16026.666666666668,9300.0,171.0,1
1695118828,0.0,0.0,0.0,0.0,171.0,1
1695118831,0.0,0.0,0.0,0.0,171.0,1
1695118834,87473.33333333334,846506.6666666667,220.0,87260.0,171.0,1
1695118837,322580.0,846506.6666666667,134906.66666666666,187673.3333333333,275.0,1
1695118840,0.0,0.0,0.0,0.0,277.0,1
1695118843,0.0,0.0,0.0,0.0,276.0,1
1695118846,0.0,0.0,0.0,0.0,279.0,1
1695118849,0.0,0.0,0.0,0.0,276.0,1
1695118852,0.0,0.0,0.0,0.0,278.0,1
1695118855,0.0,0.0,0.0,0.0,279.0,1
1695118858,0.0,0.0,0.0,0.0,280.0,1
1695118861,0.0,0.0,0.0,0.0,278.0,1
1695118864,0.0,0.0,0.0,0.0,278.0,1
1695118867,261794.66666666666,389120.0,77235.0,184559.66666666666,173.0,1
1695118870,11556.0,368640.0,11550.0,0.0,172.0,1
1695118873,0.0,0.0,0.0,0.0,175.0,1
1695118876,0.0,0.0,0.0,0.0,171.0,1
1695118879,77754.0,884736.0,50376.0,27378.0,171.0,1
1695118882,290004.0,884736.0,27330.0,262674.0,343.0,1
1695118885,0.0,0.0,0.0,0.0,343.0,1
1695118888,0.0,0.0,0.0,0.0,346.0,1
1695118891,0.0,0.0,0.0,0.0,344.0,1
1695118894,0.0,0.0,0.0,0.0,345.0,1
1695118897,11480.0,0.0,0.0,11480.0,346.0,1
1695118900,0.0,0.0,0.0,0.0,346.0,1
1695118903,0.0,0.0,0.0,0.0,346.0,1
1695118906,0.0,0.0,0.0,0.0,347.0,1
1695118909,0.0,0.0,0.0,0.0,348.0,1
1695118912,186560.0,0.0,21566.666666666664,165000.0,177.0,1
1695118915,91966.33333333333,0.0,20330.0,71636.33333333334,174.0,1
1695118918,0.0,0.0,0.0,0.0,175.0,1
1695118921,0.0,0.0,0.0,0.0,171.0,1
1695118924,43275.666666666664,933888.0,6244.666666666667,37024.66666666667,171.0,1
1695118927,342050.6666666667,933888.0,65398.0,276659.0,345.0,1
1695118930,0.0,0.0,0.0,0.0,346.0,1
1695118933,0.0,0.0,0.0,0.0,346.0,1
1695118936,0.0,0.0,0.0,0.0,347.0,1
1695118939,0.0,0.0,0.0,0.0,346.0,1
1695118942,0.0,0.0,0.0,0.0,346.0,1
1695118945,0.0,0.0,0.0,0.0,348.0,1
1695118948,0.0,0.0,0.0,0.0,350.0,1
1695118951,0.0,0.0,0.0,0.0,349.0,1
1695118954,0.0,0.0,0.0,0.0,351.0,1
1695118957,70658.0,0.0,15967.0,54691.0,232.0,1
1695118960,209520.0,0.0,20140.0,189380.0,171.0,1
1695118963,0.0,0.0,0.0,0.0,171.0,1
1695118966,0.0,0.0,0.0,0.0,171.0,1
1695118969,0.0,0.0,0.0,0.0,171.0,1
1695118972,405840.0,764586.6666666667,156446.66666666666,249393.3333333333,222.0,1
1695118975,0.0,0.0,0.0,0.0,335.0,1
1695118978,0.0,0.0,0.0,0.0,339.0,1
1695118981,0.0,0.0,0.0,0.0,339.0,1
1695118984,0.0,0.0,0.0,0.0,339.0,1
1695118987,0.0,0.0,0.0,0.0,339.0,1
1695118990,0.0,0.0,0.0,0.0,342.0,1
1695118993,0.0,0.0,0.0,0.0,342.0,1
1695118996,0.0,0.0,0.0,0.0,341.0,1
1695118999,0.0,0.0,0.0,0.0,343.0,1
1695119002,0.0,0.0,0.0,0.0,343.0,1
1695119005,276038.3333333334,207530.66666666666,93803.0,182229.0,175.0,1
1695119008,15096.0,196608.0,5988.0,9108.0,171.0,1
1695119011,0.0,0.0,0.0,0.0,171.0,1
1695119014,0.0,0.0,0.0,0.0,171.0,1
1695119017,351660.0,638976.0,119676.0,231984.0,172.0,1
1695119020,31900.0,27306.666666666664,1160.0,30740.0,340.0,1
1695119023,0.0,0.0,0.0,0.0,338.0,1
1695119026,0.0,0.0,0.0,0.0,338.0,1
1695119029,0.0,0.0,0.0,0.0,341.0,1
1695119032,0.0,0.0,0.0,0.0,339.0,1
1695119035,0.0,0.0,0.0,0.0,343.0,1
1695119038,0.0,0.0,0.0,0.0,344.0,1
1695119041,0.0,0.0,0.0,0.0,342.0,1
1695119044,0.0,0.0,0.0,0.0,342.0,1
1695119047,0.0,0.0,0.0,0.0,342.0,1
1695119050,68386.66666666667,0.0,0.0,68386.66666666667,174.0,1
1695119053,206143.66666666666,0.0,4047.0,202096.66666666666,172.0,1
1695119056,0.0,0.0,0.0,0.0,171.0,1
1695119059,0.0,0.0,0.0,0.0,171.0,1
1695119062,0.0,0.0,0.0,0.0,171.0,1
1695119065,399354.6666666667,700416.0,77209.66666666666,322145.0,200.0,1
1695119068,0.0,0.0,0.0,0.0,238.0,1
1695119071,0.0,0.0,0.0,0.0,237.0,1
1695119074,0.0,0.0,0.0,0.0,237.0,1
1695119077,22792.0,0.0,9044.0,13755.0,238.0,1
1695119080,0.0,0.0,0.0,0.0,237.0,1
1695119083,0.0,0.0,0.0,0.0,236.0,1
1695119086,0.0,0.0,0.0,0.0,237.0,1
1695119089,0.0,0.0,0.0,0.0,235.0,1
1695119092,0.0,0.0,0.0,0.0,236.0,1
1695119095,76601.0,0.0,0.0,76594.0,179.0,1
1695119098,217893.3333333333,0.0,29413.333333333336,188486.6666666667,171.0,1
1695119101,0.0,0.0,0.0,0.0,171.0,1
1695119104,0.0,0.0,0.0,0.0,171.0,1
1695119107,0.0,0.0,0.0,0.0,171.0,1
1695119110,398246.6666666666,682666.6666666667,112966.66666666666,285280.0,251.0,1
1695119113,0.0,0.0,0.0,0.0,252.0,1
1695119116,0.0,0.0,0.0,0.0,252.0,1
1695119119,0.0,0.0,0.0,0.0,252.0,1
1695119122,0.0,0.0,0.0,0.0,252.0,1
1695119125,0.0,0.0,0.0,0.0,251.0,1
1695119128,0.0,0.0,0.0,0.0,252.0,1
1695119131,0.0,0.0,0.0,0.0,251.0,1
1695119134,0.0,0.0,0.0,0.0,252.0,1
1695119137,25580.333333333332,0.0,10146.0,15434.333333333334,252.0,1
1695119140,63504.333333333336,0.0,19956.333333333332,43541.666666666664,200.0,1
1695119143,173970.0,0.0,64494.0,109482.0,171.0,1
1695119146,0.0,0.0,0.0,0.0,171.0,1
1695119149,0.0,0.0,0.0,0.0,171.0,1
1695119152,0.0,0.0,0.0,0.0,171.0,1
1695119155,371256.0,614400.0,64950.0,306306.0,258.0,1
1695119158,0.0,0.0,0.0,0.0,299.0,1
1695119161,0.0,0.0,0.0,0.0,298.0,1
1695119164,0.0,0.0,0.0,0.0,299.0,1
1695119167,0.0,0.0,0.0,0.0,299.0,1
1695119170,0.0,0.0,0.0,0.0,299.0,1
1695119173,0.0,0.0,0.0,0.0,299.0,1
1695119176,0.0,0.0,0.0,0.0,300.0,1
1695119179,0.0,0.0,0.0,0.0,298.0,1
1695119182,0.0,0.0,0.0,0.0,299.0,1
1695119185,94200.0,0.0,37853.333333333336,56346.66666666667,280.0,1
1695119188,208265.33333333334,0.0,39399.666666666664,168859.33333333334,171.0,1
1695119191,0.0,0.0,0.0,0.0,171.0,1
1695119194,0.0,0.0,0.0,0.0,171.0,1
1695119197,16162.666666666666,0.0,6415.666666666667,9753.333333333334,171.0,1
1695119200,359885.3333333333,726357.3333333334,138440.3333333333,221438.66666666666,237.0,1
1695119203,0.0,0.0,0.0,0.0,301.0,1
1695119206,0.0,0.0,0.0,0.0,302.0,1
1695119209,0.0,0.0,0.0,0.0,300.0,1
1695119212,0.0,0.0,0.0,0.0,304.0,1
1695119215,0.0,0.0,0.0,0.0,305.0,1
1695119218,0.0,0.0,0.0,0.0,303.0,1
1695119221,0.0,0.0,0.0,0.0,304.0,1
1695119224,0.0,0.0,0.0,0.0,305.0,1
1695119227,0.0,0.0,0.0,0.0,304.0,1
1695119230,88856.66666666667,0.0,40926.0,47930.666666666664,312.0,1
1695119233,181524.0,0.0,77832.0,103692.0,171.0,1
1695119236,0.0,0.0,0.0,0.0,171.0,1
1695119239,0.0,0.0,0.0,0.0,171.0,1
1695119242,0.0,0.0,0.0,0.0,171.0,1
1695119245,369996.0,663552.0,85122.0,284874.0,190.0,1
1695119248,0.0,0.0,0.0,0.0,308.0,1
1695119251,0.0,0.0,0.0,0.0,306.0,1
1695119254,0.0,0.0,0.0,0.0,303.0,1
1695119257,41533.33333333333,791893.3333333333,16473.333333333332,25066.666666666664,303.0,1
1695119260,0.0,791893.3333333333,0.0,0.0,306.0,1
1695119263,0.0,0.0,0.0,0.0,305.0,1
1695119266,0.0,0.0,0.0,0.0,306.0,1
1695119269,0.0,0.0,0.0,0.0,304.0,1
1695119272,0.0,0.0,0.0,0.0,305.0,1
1695119275,0.0,0.0,0.0,0.0,305.0,1
1695119278,269906.6666666667,136533.33333333334,56080.0,213820.0,174.0,1
1695119281,10722.333333333334,129706.66666666667,4249.666666666666,6472.666666666667,171.0,1
1695119284,0.0,0.0,0.0,0.0,171.0,1
1695119287,0.0,0.0,0.0,0.0,171.0,1
1695119290,379183.0,622592.0,85829.33333333333,293353.6666666666,171.0,1
1695119293,41657.0,28672.0,4452.0,37205.0,305.0,1
1695119296,0.0,0.0,0.0,0.0,306.0,1
1695119299,0.0,0.0,0.0,0.0,305.0,1
1695119302,0.0,0.0,0.0,0.0,306.0,1
1695119305,0.0,0.0,0.0,0.0,308.0,1
1695119308,0.0,0.0,0.0,0.0,308.0,1
1695119311,0.0,0.0,0.0,0.0,306.0,1
1695119314,0.0,0.0,0.0,0.0,307.0,1
1695119317,40530.0,0.0,34433.0,6097.0,306.0,1
1695119320,0.0,0.0,0.0,0.0,305.0,1
1695119323,86912.0,0.0,47054.0,39858.0,171.0,1
1695119326,210466.6666666667,0.0,20520.0,189946.6666666667,171.0,1
1695119329,1466.6666666666665,0.0,586.6666666666666,886.6666666666667,171.0,1
1695119332,0.0,0.0,0.0,0.0,171.0,1
1695119335,0.0,0.0,0.0,0.0,171.0,1
1695119338,427093.3333333334,764586.6666666667,141886.66666666666,285200.0,245.0,1
1695119341,0.0,0.0,0.0,0.0,248.0,1
1695119344,0.0,0.0,0.0,0.0,249.0,1
1695119347,0.0,0.0,0.0,0.0,248.0,1
1695119350,0.0,0.0,0.0,0.0,246.0,1
1695119353,0.0,0.0,0.0,0.0,248.0,1
1695119356,0.0,0.0,0.0,0.0,249.0,1
1695119359,0.0,0.0,0.0,0.0,248.0,1
1695119362,0.0,0.0,0.0,0.0,250.0,1
1695119365,0.0,0.0,0.0,0.0,248.0,1
1695119368,74340.66666666666,0.0,0.0,74340.66666666666,199.0,1
1695119371,177534.0,0.0,31344.0,146196.0,171.0,1
1695119374,0.0,0.0,0.0,0.0,171.0,1
1695119377,15546.0,0.0,6162.0,9384.0,171.0,1
1695119380,0.0,0.0,0.0,0.0,171.0,1
1695119383,361728.0,638976.0,61164.0,300564.0,250.0,1
1695119386,0.0,0.0,0.0,0.0,267.0,1
1695119389,0.0,0.0,0.0,0.0,269.0,1
1695119392,0.0,0.0,0.0,0.0,267.0,1
1695119395,0.0,0.0,0.0,0.0,268.0,1
1695119398,0.0,0.0,0.0,0.0,268.0,1
1695119401,0.0,0.0,0.0,0.0,267.0,1
1695119404,0.0,0.0,0.0,0.0,269.0,1
1695119407,0.0,0.0,0.0,0.0,266.0,1
1695119410,0.0,0.0,0.0,0.0,267.0,1
1695119413,78833.33333333333,0.0,0.0,78826.66666666667,232.0,1
1695119416,206542.66666666666,0.0,101643.66666666667,104905.33333333333,174.0,1
1695119419,1526.3333333333333,0.0,601.6666666666667,918.3333333333334,171.0,1
1695119422,0.0,0.0,0.0,0.0,171.0,1
1695119425,0.0,0.0,0.0,0.0,171.0,1
1695119428,434720.0,700416.0,174312.33333333334,260414.0,330.0,1
1695119431,0.0,0.0,0.0,0.0,331.0,1
1695119434,0.0,0.0,0.0,0.0,331.0,1
1695119437,28371.0,28672.0,11242.0,17122.0,331.0,1
1695119440,0.0,0.0,0.0,0.0,331.0,1
1695119443,0.0,0.0,0.0,0.0,330.0,1
1695119446,0.0,0.0,0.0,0.0,334.0,1
1695119449,0.0,0.0,0.0,0.0,333.0,1
1695119452,0.0,0.0,0.0,0.0,332.0,1
1695119455,0.0,0.0,0.0,0.0,332.0,1
1695119458,89635.0,0.0,11417.0,78225.0,236.0,1
1695119461,192593.3333333333,0.0,13440.0,179153.3333333333,173.0,1
1695119464,0.0,0.0,0.0,0.0,171.0,1
1695119467,0.0,0.0,0.0,0.0,171.0,1
1695119470,0.0,0.0,0.0,0.0,171.0,1
1695119473,388253.3333333334,737280.0,103000.0,285246.6666666667,202.0,1
1695119476,0.0,0.0,0.0,0.0,333.0,1
1695119479,0.0,0.0,0.0,0.0,333.0,1
1695119482,0.0,0.0,0.0,0.0,334.0,1
1695119485,0.0,0.0,0.0,0.0,333.0,1
1695119488,0.0,0.0,0.0,0.0,334.0,1
1695119491,0.0,0.0,0.0,0.0,332.0,1
1695119494,0.0,0.0,0.0,0.0,334.0,1
1695119497,24294.666666666668,0.0,9626.666666666668,14668.0,333.0,1
1695119500,0.0,0.0,0.0,0.0,336.0,1
1695119503,82998.33333333333,0.0,44314.333333333336,38690.33333333333,332.0,1
1695119506,167376.0,0.0,35808.0,131562.0,171.0,1
1695119509,1584.0,0.0,630.0,960.0,171.0,1
1695119512,0.0,0.0,0.0,0.0,171.0,1
1695119515,0.0,0.0,0.0,0.0,171.0,1
1695119518,381498.0,688128.0,79818.0,301680.0,184.0,1
1695119521,0.0,0.0,0.0,0.0,330.0,1
1695119524,0.0,0.0,0.0,0.0,333.0,1
1695119527,0.0,0.0,0.0,0.0,332.0,1
1695119530,0.0,0.0,0.0,0.0,332.0,1
1695119533,0.0,0.0,0.0,0.0,333.0,1
1695119536,0.0,0.0,0.0,0.0,335.0,1
1695119539,0.0,0.0,0.0,0.0,332.0,1
1695119542,0.0,0.0,0.0,0.0,334.0,1
1695119545,0.0,0.0,0.0,0.0,332.0,1
1695119548,0.0,0.0,0.0,0.0,344.0,1
1695119551,272133.3333333333,0.0,33486.666666666664,238640.0,171.0,1
1695119554,14408.333333333334,0.0,5706.333333333333,8702.0,173.0,1
1695119557,16960.666666666664,0.0,6726.0,10241.0,171.0,1
1695119560,0.0,0.0,0.0,0.0,171.0,1
1695119563,253466.33333333334,518826.6666666667,145603.3333333333,107863.0,171.0,1
1695119566,137213.33333333334,218453.3333333333,43433.33333333333,93773.33333333334,333.0,1
1695119569,0.0,0.0,0.0,0.0,334.0,1
1695119572,0.0,0.0,0.0,0.0,334.0,1
1695119575,0.0,0.0,0.0,0.0,330.0,1
1695119578,0.0,0.0,0.0,0.0,332.0,1
1695119581,0.0,0.0,0.0,0.0,333.0,1
1695119584,0.0,0.0,0.0,0.0,337.0,1
1695119587,0.0,0.0,0.0,0.0,334.0,1
1695119590,0.0,0.0,0.0,0.0,332.0,1
1695119593,0.0,0.0,0.0,0.0,332.0,1
1695119596,86513.0,0.0,0.0,86513.0,176.0,1
1695119599,182460.0,0.0,42626.66666666667,139833.33333333334,171.0,1
1695119602,0.0,0.0,0.0,0.0,173.0,1
1695119605,0.0,0.0,0.0,0.0,175.0,1
1695119608,0.0,0.0,0.0,0.0,171.0,1
1695119611,407746.6666666666,655360.0,35846.666666666664,371900.0,223.0,1
1695119614,0.0,0.0,0.0,0.0,261.0,1
1695119617,22648.0,25941.333333333332,0.0,22654.333333333332,262.0,1
1695119620,0.0,0.0,0.0,0.0,259.0,1
1695119623,0.0,0.0,0.0,0.0,263.0,1
1695119626,0.0,0.0,0.0,0.0,260.0,1
1695119629,0.0,0.0,0.0,0.0,262.0,1
1695119632,0.0,0.0,0.0,0.0,261.0,1
1695119635,0.0,0.0,0.0,0.0,262.0,1
1695119638,0.0,0.0,0.0,0.0,260.0,1
1695119641,78273.66666666667,0.0,12989.666666666666,65284.0,253.0,1
1695119644,188568.0,0.0,59958.0,128604.0,171.0,1
1695119647,0.0,0.0,0.0,0.0,171.0,1
1695119650,0.0,0.0,0.0,0.0,171.0,1
1695119653,0.0,0.0,0.0,0.0,171.0,1
1695119656,365994.0,614400.0,99264.0,266730.0,222.0,1
1695119659,0.0,0.0,0.0,0.0,289.0,1
1695119662,0.0,0.0,0.0,0.0,291.0,1
1695119665,0.0,0.0,0.0,0.0,290.0,1
1695119668,0.0,0.0,0.0,0.0,291.0,1
1695119671,0.0,0.0,0.0,0.0,292.0,1
1695119674,0.0,0.0,0.0,0.0,292.0,1
1695119677,25086.666666666664,0.0,9940.0,15153.333333333332,295.0,1
1695119680,0.0,0.0,0.0,0.0,295.0,1
1695119683,0.0,0.0,0.0,0.0,294.0,1
1695119686,66406.66666666667,0.0,20846.666666666664,45553.33333333333,296.0,1
1695119689,200108.0,0.0,19576.333333333332,180531.66666666666,173.0,1
1695119692,0.0,0.0,0.0,0.0,171.0,1
1695119695,0.0,0.0,0.0,0.0,171.0,1
1695119698,0.0,0.0,0.0,0.0,171.0,1
1695119701,381494.6666666667,700416.0,97679.0,283815.6666666666,190.0,1
1695119704,0.0,0.0,0.0,0.0,375.0,1
1695119707,0.0,0.0,0.0,0.0,375.0,1
1695119710,0.0,0.0,0.0,0.0,376.0,1
1695119713,0.0,0.0,0.0,0.0,376.0,1
1695119716,0.0,0.0,0.0,0.0,378.0,1
1695119719,0.0,0.0,0.0,0.0,377.0,1
1695119722,0.0,0.0,0.0,0.0,378.0,1
1695119725,0.0,0.0,0.0,0.0,381.0,1
1695119728,0.0,0.0,0.0,0.0,379.0,1
1695119731,92995.0,0.0,0.0,93002.0,380.0,1
1695119734,192986.6666666667,0.0,83686.66666666666,109300.0,171.0,1
1695119737,17833.333333333332,0.0,7066.666666666666,10766.666666666668,171.0,1
1695119740,0.0,0.0,0.0,0.0,171.0,1
1695119743,0.0,0.0,0.0,0.0,171.0,1
1695119746,411253.3333333334,737280.0,164593.3333333333,246660.0,187.0,1
1695119749,0.0,0.0,0.0,0.0,376.0,1
1695119752,0.0,0.0,0.0,0.0,379.0,1
1695119755,0.0,0.0,0.0,0.0,377.0,1
1695119758,0.0,0.0,0.0,0.0,379.0,1
1695119761,0.0,0.0,0.0,0.0,381.0,1
1695119764,0.0,0.0,0.0,0.0,381.0,1
1695119767,0.0,0.0,0.0,0.0,382.0,1
1695119770,0.0,0.0,0.0,0.0,383.0,1
1695119773,0.0,0.0,0.0,0.0,382.0,1
1695119776,0.0,0.0,0.0,0.0,380.0,1
1695119779,266747.3333333334,0.0,90110.66666666667,176636.66666666666,171.0,1
1695119782,0.0,0.0,0.0,0.0,171.0,1
1695119785,0.0,0.0,0.0,0.0,171.0,1
1695119788,0.0,0.0,0.0,0.0,171.0,1
1695119791,388362.0,688128.0,4344.0,384012.0,184.0,1
1695119794,0.0,0.0,0.0,0.0,372.0,1
1695119797,40053.333333333336,0.0,33360.0,6693.333333333334,372.0,1
1695119800,0.0,0.0,0.0,0.0,372.0,1
1695119803,0.0,0.0,0.0,0.0,373.0,1
1695119806,0.0,0.0,0.0,0.0,372.0,1
1695119809,0.0,0.0,0.0,0.0,372.0,1
1695119812,0.0,0.0,0.0,0.0,374.0,1
1695119815,0.0,0.0,0.0,0.0,376.0,1
1695119818,0.0,0.0,0.0,0.0,377.0,1
1695119821,0.0,0.0,0.0,0.0,376.0,1
1695119824,266726.6666666667,300373.3333333333,66346.66666666667,200386.6666666667,174.0,1
1695119827,23997.0,285354.6666666666,23997.0,0.0,173.0,1
1695119830,0.0,0.0,0.0,0.0,171.0,1
1695119833,0.0,0.0,0.0,0.0,171.0,1
1695119836,258849.66666666666,389120.0,56417.333333333336,202432.33333333334,173.0,1
1695119839,115093.33333333334,300373.3333333333,40133.333333333336,74960.0,372.0,1
1695119842,0.0,0.0,0.0,0.0,370.0,1
1695119845,0.0,0.0,0.0,0.0,371.0,1
1695119848,0.0,0.0,0.0,0.0,373.0,1
1695119851,0.0,0.0,0.0,0.0,369.0,1
1695119854,0.0,0.0,0.0,0.0,377.0,1
1695119857,40985.0,0.0,4179.0,36799.0,377.0,1
1695119860,0.0,0.0,0.0,0.0,375.0,1
1695119863,0.0,0.0,0.0,0.0,376.0,1
1695119866,0.0,0.0,0.0,0.0,376.0,1
1695119869,193494.0,0.0,29057.0,164437.0,188.0,1
1695119872,88426.66666666666,0.0,606.6666666666666,87820.0,171.0,1
1695119875,0.0,0.0,0.0,0.0,172.0,1
1695119878,0.0,0.0,0.0,0.0,171.0,1
1695119881,42673.666666666664,1829546.6666666665,0.0,42675.333333333336,172.0,1
1695119884,368253.0,1829546.6666666665,77566.66666666667,290684.6666666667,242.0,1
1695119887,0.0,0.0,0.0,0.0,246.0,1
1695119890,0.0,0.0,0.0,0.0,241.0,1
1695119893,0.0,0.0,0.0,0.0,243.0,1
1695119896,0.0,0.0,0.0,0.0,242.0,1
1695119899,0.0,0.0,0.0,0.0,243.0,1
1695119902,0.0,0.0,0.0,0.0,243.0,1
1695119905,0.0,0.0,0.0,0.0,244.0,1
1695119908,0.0,0.0,0.0,0.0,246.0,1
1695119911,0.0,0.0,0.0,0.0,242.0,1
1695119914,84899.66666666667,430080.0,13914.333333333334,70985.33333333333,192.0,1
1695119917,193355.0,401408.0,49567.0,143788.0,171.0,1
1695119920,0.0,0.0,0.0,0.0,171.0,1
1695119923,0.0,0.0,0.0,0.0,171.0,1
1695119926,0.0,0.0,0.0,0.0,171.0,1
1695119929,362820.0,638976.0,40974.0,321852.0,235.0,1
1695119932,0.0,0.0,0.0,0.0,251.0,1
1695119935,0.0,0.0,0.0,0.0,250.0,1
1695119938,0.0,0.0,0.0,0.0,252.0,1
1695119941,0.0,0.0,0.0,0.0,250.0,1
1695119944,0.0,0.0,0.0,0.0,252.0,1
1695119947,0.0,0.0,0.0,0.0,250.0,1
1695119950,0.0,0.0,0.0,0.0,251.0,1
1695119953,0.0,0.0,0.0,0.0,253.0,1
1695119956,0.0,0.0,0.0,0.0,252.0,1
1695119959,78853.33333333333,0.0,0.0,78853.33333333333,224.0,1
1695119962,200139.66666666666,0.0,44092.666666666664,156040.66666666666,171.0,1
1695119965,0.0,0.0,0.0,0.0,171.0,1
1695119968,0.0,0.0,0.0,0.0,171.0,1
1695119971,0.0,0.0,0.0,0.0,171.0,1
1695119974,367225.6666666667,648533.3333333334,141347.3333333333,225878.33333333334,242.0,1
1695119977,31647.0,0.0,12530.0,19117.0,302.0,1
1695119980,0.0,0.0,0.0,0.0,300.0,1
1695119983,0.0,0.0,0.0,0.0,300.0,1
1695119986,0.0,0.0,0.0,0.0,300.0,1
1695119989,0.0,0.0,0.0,0.0,304.0,1
1695119992,0.0,0.0,0.0,0.0,301.0,1
1695119995,0.0,0.0,0.0,0.0,301.0,1
1695119998,0.0,0.0,0.0,0.0,303.0,1
1695120001,0.0,0.0,0.0,0.0,302.0,1
1695120004,72624.33333333334,0.0,0.0,72624.33333333334,187.0,1
1695120007,176496.0,0.0,15090.0,161406.0,171.0,1
1695120010,0.0,0.0,0.0,0.0,171.0,1
1695120013,0.0,0.0,0.0,0.0,171.0,1
1695120016,0.0,0.0,0.0,0.0,171.0,1
1695120019,338688.0,614400.0,151446.0,187248.0,303.0,1
1695120022,0.0,0.0,0.0,0.0,303.0,1
1695120025,0.0,0.0,0.0,0.0,305.0,1
1695120028,0.0,0.0,0.0,0.0,307.0,1
1695120031,0.0,0.0,0.0,0.0,306.0,1
1695120034,0.0,0.0,0.0,0.0,303.0,1
1695120037,34253.333333333336,0.0,31053.333333333336,3193.333333333333,304.0,1
1695120040,0.0,0.0,0.0,0.0,307.0,1
1695120043,0.0,0.0,0.0,0.0,305.0,1
1695120046,0.0,0.0,0.0,0.0,303.0,1
1695120049,73066.66666666667,0.0,0.0,73066.66666666667,264.0,1
1695120052,195142.66666666666,0.0,23325.666666666668,171817.0,171.0,1
1695120055,0.0,0.0,0.0,0.0,171.0,1
1695120058,0.0,0.0,0.0,0.0,171.0,1
1695120061,0.0,0.0,0.0,0.0,171.0,1
1695120064,367004.0,726357.3333333334,141258.6666666667,225751.66666666666,280.0,1
1695120067,0.0,0.0,0.0,0.0,306.0,1
1695120070,0.0,0.0,0.0,0.0,307.0,1
1695120073,0.0,0.0,0.0,0.0,305.0,1
1695120076,0.0,0.0,0.0,0.0,307.0,1
1695120079,0.0,0.0,0.0,0.0,306.0,1
1695120082,0.0,0.0,0.0,0.0,305.0,1
1695120085,0.0,0.0,0.0,0.0,308.0,1
1695120088,0.0,0.0,0.0,0.0,307.0,1
1695120091,0.0,0.0,0.0,0.0,307.0,1
1695120094,12663.0,294912.0,5012.0,7644.0,329.0,1
1695120097,320012.0,294912.0,36708.0,283311.0,171.0,1
1695120100,0.0,0.0,0.0,0.0,171.0,1
1695120103,0.0,0.0,0.0,0.0,171.0,1
1695120106,0.0,0.0,0.0,0.0,171.0,1
1695120109,358233.3333333334,682666.6666666667,91113.33333333334,267120.0,181.0,1
1695120112,37746.66666666667,25941.333333333332,20672.0,17074.666666666664,307.0,1
1695120115,0.0,0.0,0.0,0.0,306.0,1
1695120118,0.0,0.0,0.0,0.0,307.0,1
1695120121,0.0,0.0,0.0,0.0,308.0,1
1695120124,0.0,0.0,0.0,0.0,307.0,1
1695120127,0.0,0.0,0.0,0.0,306.0,1
1695120130,0.0,0.0,0.0,0.0,307.0,1
1695120133,0.0,0.0,0.0,0.0,308.0,1
1695120136,0.0,0.0,0.0,0.0,306.0,1
1695120139,0.0,0.0,0.0,0.0,305.0,1
1695120142,54789.666666666664,0.0,27423.333333333332,27366.333333333332,185.0,1
1695120145,182706.0,0.0,52230.0,130476.0,171.0,1
1695120148,0.0,0.0,0.0,0.0,171.0,1
1695120151,0.0,0.0,0.0,0.0,171.0,1
1695120154,0.0,0.0,0.0,0.0,173.0,1
1695120157,408360.0,614400.0,90504.0,317856.0,238.0,1
1695120160,0.0,0.0,0.0,0.0,255.0,1
1695120163,0.0,0.0,0.0,0.0,253.0,1
1695120166,0.0,0.0,0.0,0.0,252.0,1
1695120169,0.0,0.0,0.0,0.0,250.0,1
1695120172,0.0,0.0,0.0,0.0,251.0,1
1695120175,0.0,0.0,0.0,0.0,251.0,1
1695120178,0.0,0.0,0.0,0.0,252.0,1
1695120181,0.0,0.0,0.0,0.0,251.0,1
1695120184,0.0,0.0,0.0,0.0,251.0,1
1695120187,73546.66666666667,0.0,0.0,73546.66666666667,171.0,1
1695120190,206017.0,0.0,55321.666666666664,150695.3333333333,175.0,1
1695120193,0.0,0.0,0.0,0.0,171.0,1
1695120196,0.0,0.0,0.0,0.0,171.0,1
1695120199,0.0,0.0,0.0,0.0,171.0,1
1695120202,359695.3333333333,622592.0,61566.333333333336,298129.0,215.0,1
1695120205,0.0,0.0,0.0,0.0,266.0,1
1695120208,0.0,0.0,0.0,0.0,266.0,1
1695120211,0.0,0.0,0.0,0.0,268.0,1
1695120214,0.0,0.0,0.0,0.0,267.0,1
1695120217,27237.0,28672.0,27237.0,0.0,268.0,1
1695120220,0.0,0.0,0.0,0.0,266.0,1
1695120223,0.0,0.0,0.0,0.0,267.0,1
1695120226,0.0,0.0,0.0,0.0,266.0,1
1695120229,0.0,0.0,0.0,0.0,265.0,1
1695120232,68033.0,0.0,0.0,68026.0,190.0,1
1695120235,201113.3333333333,0.0,0.0,201113.3333333333,171.0,1
1695120238,0.0,0.0,0.0,0.0,171.0,1
1695120241,0.0,0.0,0.0,0.0,171.0,1
1695120244,0.0,0.0,0.0,0.0,171.0,1
1695120247,388866.6666666666,709973.3333333333,26293.333333333336,362573.3333333334,321.0,1
1695120250,0.0,0.0,0.0,0.0,330.0,1
1695120253,0.0,0.0,0.0,0.0,331.0,1
1695120256,0.0,0.0,0.0,0.0,332.0,1
1695120259,0.0,0.0,0.0,0.0,330.0,1
1695120262,0.0,0.0,0.0,0.0,330.0,1
1695120265,0.0,0.0,0.0,0.0,332.0,1
1695120268,0.0,0.0,0.0,0.0,332.0,1
1695120271,0.0,0.0,0.0,0.0,332.0,1
1695120274,0.0,0.0,0.0,0.0,333.0,1
1695120277,95285.0,0.0,0.0,95285.0,272.0,1
1695120280,182958.0,0.0,0.0,182958.0,172.0,1
1695120283,0.0,0.0,0.0,0.0,174.0,1
1695120286,0.0,0.0,0.0,0.0,171.0,1
1695120289,0.0,0.0,0.0,0.0,172.0,1
1695120292,372090.0,638976.0,55080.0,317010.0,282.0,1
1695120295,0.0,0.0,0.0,0.0,334.0,1
1695120298,0.0,0.0,0.0,0.0,335.0,1
1695120301,0.0,0.0,0.0,0.0,333.0,1
1695120304,0.0,0.0,0.0,0.0,334.0,1
1695120307,0.0,0.0,0.0,0.0,334.0,1
1695120310,0.0,0.0,0.0,0.0,334.0,1
1695120313,0.0,0.0,0.0,0.0,333.0,1
1695120316,0.0,0.0,0.0,0.0,334.0,1
1695120319,0.0,0.0,0.0,0.0,335.0,1
1695120322,77753.33333333333,0.0,13893.333333333332,63860.0,337.0,1
1695120325,210120.0,464213.3333333334,72300.0,137820.0,173.0,1
1695120328,0.0,441002.6666666667,0.0,0.0,171.0,1
1695120331,0.0,0.0,0.0,0.0,171.0,1
1695120334,0.0,0.0,0.0,0.0,171.0,1
1695120337,426638.6666666667,674474.6666666666,148833.3333333333,277811.6666666666,197.0,1
1695120340,0.0,0.0,0.0,0.0,334.0,1
1695120343,0.0,0.0,0.0,0.0,334.0,1
1695120346,0.0,0.0,0.0,0.0,334.0,1
1695120349,0.0,0.0,0.0,0.0,335.0,1
1695120352,0.0,0.0,0.0,0.0,335.0,1
1695120355,0.0,0.0,0.0,0.0,335.0,1
1695120358,0.0,0.0,0.0,0.0,335.0,1
1695120361,0.0,0.0,0.0,0.0,334.0,1
1695120364,0.0,0.0,0.0,0.0,335.0,1
1695120367,0.0,0.0,0.0,0.0,336.0,1
1695120370,265216.0,0.0,45444.0,219765.0,171.0,1
1695120373,18806.666666666668,0.0,0.0,18806.666666666668,171.0,1
1695120376,0.0,0.0,0.0,0.0,171.0,1
1695120379,0.0,0.0,0.0,0.0,171.0,1
1695120382,382640.0,737280.0,131773.33333333334,250873.3333333333,175.0,1
1695120385,45342.0,0.0,24588.666666666668,20746.0,335.0,1
1695120388,0.0,0.0,0.0,0.0,333.0,1
1695120391,0.0,0.0,0.0,0.0,334.0,1
1695120394,0.0,0.0,0.0,0.0,333.0,1
1695120397,47307.333333333336,0.0,37972.0,9342.666666666668,336.0,1
1695120400,0.0,0.0,0.0,0.0,335.0,1
1695120403,0.0,0.0,0.0,0.0,336.0,1
1695120406,0.0,0.0,0.0,0.0,336.0,1
1695120409,0.0,0.0,0.0,0.0,336.0,1
1695120412,0.0,0.0,0.0,0.0,335.0,1
1695120415,71408.33333333334,0.0,39741.666666666664,31666.666666666668,171.0,1
1695120418,192474.0,0.0,45786.0,146688.0,172.0,1
1695120421,0.0,0.0,0.0,0.0,172.0,1
1695120424,0.0,0.0,0.0,0.0,171.0,1
1695120427,0.0,0.0,0.0,0.0,171.0,1
1695120430,374652.0,638976.0,87504.0,287148.0,200.0,1
1695120433,0.0,0.0,0.0,0.0,263.0,1
1695120436,0.0,0.0,0.0,0.0,265.0,1
1695120439,0.0,0.0,0.0,0.0,263.0,1
1695120442,0.0,0.0,0.0,0.0,264.0,1
1695120445,0.0,0.0,0.0,0.0,265.0,1
1695120448,0.0,0.0,0.0,0.0,266.0,1
1695120451,0.0,0.0,0.0,0.0,266.0,1
1695120454,0.0,0.0,0.0,0.0,266.0,1
1695120457,25500.0,27306.666666666664,0.0,25500.0,265.0,1
1695120460,63966.66666666667,27306.666666666664,18533.333333333332,45433.33333333333,203.0,1
1695120463,200006.66666666666,25941.333333333332,41325.0,158681.66666666666,171.0,1
1695120466,0.0,0.0,0.0,0.0,171.0,1
1695120469,0.0,0.0,0.0,0.0,171.0,1
1695120472,0.0,0.0,0.0,0.0,171.0,1
1695120475,384009.0,674474.6666666666,87837.0,296172.0,274.0,1
1695120478,0.0,0.0,0.0,0.0,289.0,1
1695120481,0.0,0.0,0.0,0.0,290.0,1
1695120484,0.0,0.0,0.0,0.0,291.0,1
1695120487,0.0,0.0,0.0,0.0,289.0,1
1695120490,0.0,0.0,0.0,0.0,290.0,1
1695120493,0.0,0.0,0.0,0.0,291.0,1
1695120496,0.0,0.0,0.0,0.0,292.0,1
1695120499,0.0,0.0,0.0,0.0,290.0,1
1695120502,0.0,0.0,0.0,0.0,291.0,1
1695120505,78008.0,0.0,13160.0,64841.0,247.0,1
1695120508,214793.3333333333,0.0,109166.66666666666,105633.33333333334,171.0,1
1695120511,0.0,0.0,0.0,0.0,171.0,1
1695120514,0.0,0.0,0.0,0.0,174.0,1
1695120517,18720.0,0.0,18720.0,0.0,171.0,1
1695120520,415780.0,764586.6666666667,161133.33333333334,254640.0,308.0,1
1695120523,0.0,0.0,0.0,0.0,375.0,1
1695120526,0.0,0.0,0.0,0.0,374.0,1
1695120529,0.0,0.0,0.0,0.0,374.0,1
1695120532,0.0,0.0,0.0,0.0,375.0,1
1695120535,0.0,0.0,0.0,0.0,373.0,1
1695120538,0.0,0.0,0.0,0.0,378.0,1
1695120541,0.0,0.0,0.0,0.0,378.0,1
1695120544,0.0,0.0,0.0,0.0,378.0,1
1695120547,0.0,0.0,0.0,0.0,377.0,1
1695120550,63352.333333333336,0.0,3293.3333333333335,60059.0,352.0,1
1695120553,181566.0,0.0,46332.0,135240.0,177.0,1
1695120556,0.0,0.0,0.0,0.0,171.0,1
1695120559,0.0,0.0,0.0,0.0,171.0,1
1695120562,0.0,0.0,0.0,0.0,171.0,1
1695120565,348204.0,688128.0,76446.0,271758.0,231.0,1
1695120568,0.0,0.0,0.0,0.0,377.0,1
1695120571,0.0,0.0,0.0,0.0,375.0,1
1695120574,0.0,0.0,0.0,0.0,375.0,1
1695120577,29833.333333333336,0.0,11793.333333333332,18040.0,376.0,1
1695120580,0.0,0.0,0.0,0.0,377.0,1
1695120583,0.0,0.0,0.0,0.0,380.0,1
1695120586,0.0,0.0,0.0,0.0,381.0,1
1695120589,0.0,0.0,0.0,0.0,381.0,1
1695120592,0.0,0.0,0.0,0.0,384.0,1
1695120595,12926.666666666668,0.0,5106.666666666667,7813.333333333334,379.0,1
1695120598,254026.6666666667,0.0,26346.666666666664,227680.0,173.0,1
1695120601,12356.333333333334,0.0,12356.333333333334,0.0,171.0,1
1695120604,0.0,0.0,0.0,0.0,171.0,1
1695120607,0.0,0.0,0.0,0.0,171.0,1
1695120610,353419.0,622592.0,145052.3333333333,208373.0,171.0,1
1695120613,34454.0,0.0,19985.0,14462.0,374.0,1
1695120616,0.0,0.0,0.0,0.0,375.0,1
1695120619,0.0,0.0,0.0,0.0,375.0,1
1695120622,0.0,0.0,0.0,0.0,372.0,1
1695120625,0.0,0.0,0.0,0.0,374.0,1
1695120628,0.0,0.0,0.0,0.0,372.0,1
1695120631,0.0,0.0,0.0,0.0,379.0,1
1695120634,0.0,0.0,0.0,0.0,377.0,1
1695120637,43008.0,0.0,43008.0,0.0,377.0,1
1695120640,0.0,0.0,0.0,0.0,377.0,1
1695120643,76629.0,0.0,4998.0,71631.0,171.0,1
1695120646,212920.0,0.0,10106.666666666666,202820.0,171.0,1
1695120649,0.0,0.0,0.0,0.0,171.0,1
1695120652,0.0,0.0,0.0,0.0,171.0,1
1695120655,0.0,0.0,0.0,0.0,171.0,1
1695120658,406906.6666666666,737280.0,87466.66666666666,319440.0,376.0,1
1695120661,0.0,0.0,0.0,0.0,374.0,1
1695120664,0.0,0.0,0.0,0.0,377.0,1
1695120667,0.0,0.0,0.0,0.0,374.0,1
1695120670,0.0,0.0,0.0,0.0,374.0,1
1695120673,0.0,0.0,0.0,0.0,374.0,1
1695120676,0.0,0.0,0.0,0.0,378.0,1
1695120679,0.0,0.0,0.0,0.0,381.0,1
1695120682,0.0,0.0,0.0,0.0,379.0,1
1695120685,0.0,0.0,0.0,0.0,376.0,1
1695120688,71484.33333333334,0.0,6504.333333333333,64973.666666666664,322.0,1
1695120691,192755.0,0.0,99243.33333333333,93518.0,177.0,1
1695120694,0.0,0.0,0.0,0.0,172.0,1
1695120697,16644.0,0.0,16644.0,0.0,171.0,1
1695120700,0.0,0.0,0.0,0.0,171.0,1
1695120703,329766.0,638976.0,111828.0,217938.0,184.0,1
1695120706,22926.666666666664,27306.666666666664,9060.0,13860.0,213.0,1
1695120709,0.0,0.0,0.0,0.0,215.0,1
1695120712,0.0,0.0,0.0,0.0,215.0,1
1695120715,0.0,0.0,0.0,0.0,214.0,1
1695120718,0.0,0.0,0.0,0.0,215.0,1
1695120721,0.0,0.0,0.0,0.0,216.0,1
1695120724,0.0,0.0,0.0,0.0,217.0,1
1695120727,0.0,0.0,0.0,0.0,221.0,1
1695120730,0.0,0.0,0.0,0.0,221.0,1
1695120733,0.0,0.0,0.0,0.0,220.0,1
1695120736,0.0,0.0,0.0,0.0,220.0,1
1695120739,0.0,0.0,0.0,0.0,222.0,1
1695120742,0.0,0.0,0.0,0.0,214.0,1
1695120745,75433.33333333333,0.0,53393.33333333333,22046.666666666664,206.0,1
1695120748,197802.66666666666,0.0,57088.666666666664,140707.6666666667,171.0,1
1695120751,0.0,0.0,0.0,0.0,171.0,1
1695120754,0.0,0.0,0.0,0.0,171.0,1
1695120757,18214.666666666664,0.0,18214.666666666664,0.0,171.0,1
1695120760,367143.3333333333,674474.6666666666,58640.333333333336,308503.0,184.0,1
1695120763,0.0,0.0,0.0,0.0,225.0,1
1695120766,0.0,0.0,0.0,0.0,227.0,1
1695120769,0.0,0.0,0.0,0.0,235.0,1
1695120772,0.0,0.0,0.0,0.0,244.0,1
1695120775,0.0,0.0,0.0,0.0,242.0,1
1695120778,0.0,0.0,0.0,0.0,242.0,1
1695120781,0.0,0.0,0.0,0.0,244.0,1
1695120784,0.0,0.0,0.0,0.0,250.0,1
1695120787,0.0,0.0,0.0,0.0,250.0,1
1695120790,0.0,0.0,0.0,0.0,242.0,1
1695120793,0.0,0.0,0.0,0.0,253.0,1
1695120796,0.0,0.0,0.0,0.0,219.0,1
1695120799,71490.66666666666,0.0,39786.0,31704.666666666668,171.0,1
1695120802,175992.0,0.0,49578.0,126420.0,173.0,1
1695120805,0.0,0.0,0.0,0.0,171.0,1
1695120808,0.0,0.0,0.0,0.0,171.0,1
1695120811,0.0,0.0,0.0,0.0,171.0,1
1695120814,383448.0,614400.0,54636.0,328812.0,221.0,1
1695120817,25533.333333333336,54613.33333333333,0.0,25526.666666666664,240.0,1
1695120820,0.0,0.0,0.0,0.0,279.0,1
1695120823,0.0,0.0,0.0,0.0,281.0,1
1695120826,0.0,0.0,0.0,0.0,289.0,1
1695120829,0.0,0.0,0.0,0.0,300.0,1
1695120832,0.0,0.0,0.0,0.0,298.0,1
1695120835,0.0,0.0,0.0,0.0,302.0,1
1695120838,0.0,0.0,0.0,0.0,296.0,1
1695120841,0.0,0.0,0.0,0.0,299.0,1
1695120844,0.0,0.0,0.0,0.0,301.0,1
1695120847,0.0,0.0,0.0,0.0,272.0,1
1695120850,241331.66666666666,0.0,78774.0,162564.0,171.0,1
1695120853,0.0,0.0,0.0,0.0,171.0,1
1695120856,0.0,0.0,0.0,0.0,171.0,1
1695120859,0.0,0.0,0.0,0.0,171.0,1
1695120862,379100.6666666667,622592.0,63510.666666666664,315590.0,186.0,1
1695120865,0.0,0.0,0.0,0.0,248.0,1
1695120868,0.0,0.0,0.0,0.0,289.0,1
1695120871,0.0,0.0,0.0,0.0,291.0,1
1695120874,0.0,0.0,0.0,0.0,308.0,1
1695120877,33110.0,28672.0,13076.0,20027.0,308.0,1
1695120880,0.0,0.0,0.0,0.0,309.0,1
1695120883,0.0,0.0,0.0,0.0,309.0,1
1695120886,0.0,0.0,0.0,0.0,307.0,1
1695120889,0.0,0.0,0.0,0.0,309.0,1
1695120892,0.0,0.0,0.0,0.0,309.0,1
1695120895,0.0,0.0,0.0,0.0,288.0,1
1695120898,283269.0,0.0,95025.0,188251.0,171.0,1
1695120901,22580.0,0.0,8920.0,13660.0,171.0,1
1695120904,0.0,0.0,0.0,0.0,171.0,1
1695120907,0.0,0.0,0.0,0.0,171.0,1
1695120910,204453.3333333333,1146880.0,47166.66666666667,157286.66666666666,171.0,1
1695120913,198253.3333333333,1146880.0,50080.0,148173.33333333334,247.0,1
1695120916,0.0,0.0,0.0,0.0,288.0,1
1695120919,0.0,0.0,0.0,0.0,310.0,1
1695120922,0.0,0.0,0.0,0.0,311.0,1
1695120925,0.0,0.0,0.0,0.0,311.0,1
1695120928,0.0,0.0,0.0,0.0,311.0,1
1695120931,0.0,0.0,0.0,0.0,310.0,1
1695120934,0.0,0.0,0.0,0.0,311.0,1
1695120937,40007.666666666664,25941.333333333332,0.0,40001.333333333336,311.0,1
1695120940,0.0,0.0,0.0,0.0,311.0,1
1695120943,71832.66666666666,0.0,0.0,71839.0,330.0,1
1695120946,190560.0,344064.0,51180.0,139374.0,172.0,1
1695120949,1224.0,344064.0,486.0,744.0,171.0,1
1695120952,0.0,0.0,0.0,0.0,171.0,1
1695120955,0.0,0.0,0.0,0.0,171.0,1
1695120958,359826.0,663552.0,76200.0,283626.0,224.0,1
1695120961,0.0,0.0,0.0,0.0,227.0,1
1695120964,0.0,0.0,0.0,0.0,226.0,1
1695120967,0.0,0.0,0.0,0.0,227.0,1
1695120970,0.0,0.0,0.0,0.0,226.0,1
1695120973,0.0,0.0,0.0,0.0,229.0,1
1695120976,0.0,0.0,0.0,0.0,231.0,1
1695120979,0.0,0.0,0.0,0.0,231.0,1
1695120982,0.0,0.0,0.0,0.0,232.0,1
1695120985,0.0,0.0,0.0,0.0,233.0,1
1695120988,0.0,0.0,0.0,0.0,234.0,1
1695120991,0.0,0.0,0.0,0.0,241.0,1
1695120994,0.0,0.0,0.0,0.0,241.0,1
1695120997,26286.666666666664,0.0,26280.0,0.0,246.0,1
1695121000,0.0,0.0,0.0,0.0,241.0,1
1695121003,0.0,0.0,0.0,0.0,225.0,1
1695121006,193226.6666666667,0.0,55793.33333333333,137440.0,171.0,1
1695121009,91219.0,0.0,14300.666666666666,76918.33333333334,171.0,1
1695121012,0.0,0.0,0.0,0.0,171.0,1
1695121015,0.0,0.0,0.0,0.0,171.0,1
1695121018,0.0,0.0,0.0,0.0,171.0,1
1695121021,366516.3333333333,700416.0,113550.33333333333,252959.66666666666,247.0,1
1695121024,0.0,0.0,0.0,0.0,248.0,1
1695121027,0.0,0.0,0.0,0.0,261.0,1
1695121030,0.0,0.0,0.0,0.0,263.0,1
1695121033,0.0,0.0,0.0,0.0,264.0,1
1695121036,0.0,0.0,0.0,0.0,260.0,1
1695121039,0.0,0.0,0.0,0.0,267.0,1
1695121042,0.0,0.0,0.0,0.0,263.0,1
1695121045,0.0,0.0,0.0,0.0,266.0,1
1695121048,0.0,0.0,0.0,0.0,267.0,1
1695121051,0.0,0.0,0.0,0.0,272.0,1
1695121054,0.0,0.0,0.0,0.0,272.0,1
1695121057,26733.0,0.0,10563.0,16177.0,247.0,1
1695121060,78428.0,0.0,0.0,78428.0,171.0,1
1695121063,216306.6666666667,0.0,40960.0,175346.6666666667,173.0,1
1695121066,0.0,0.0,0.0,0.0,171.0,1
1695121069,0.0,0.0,0.0,0.0,171.0,1
1695121072,0.0,0.0,0.0,0.0,171.0,1
1695121075,397020.0,682666.6666666667,106433.33333333334,290586.6666666667,242.0,1
1695121078,0.0,0.0,0.0,0.0,286.0,1
1695121081,0.0,0.0,0.0,0.0,316.0,1
1695121084,0.0,0.0,0.0,0.0,314.0,1
1695121087,0.0,0.0,0.0,0.0,334.0,1
1695121090,0.0,0.0,0.0,0.0,338.0,1
1695121093,0.0,0.0,0.0,0.0,337.0,1
1695121096,0.0,0.0,0.0,0.0,335.0,1
1695121099,0.0,0.0,0.0,0.0,336.0,1
1695121102,0.0,0.0,0.0,0.0,337.0,1
1695121105,0.0,0.0,0.0,0.0,334.0,1
1695121108,60945.666666666664,0.0,0.0,60939.333333333336,273.0,1
1695121111,185237.33333333334,0.0,71110.66666666666,114133.0,171.0,1
1695121114,0.0,0.0,0.0,0.0,172.0,1
1695121117,16662.0,0.0,6582.0,10080.0,171.0,1
1695121120,0.0,0.0,0.0,0.0,171.0,1
1695121123,391458.0,712704.0,73578.0,317880.0,186.0,1
1695121126,0.0,0.0,0.0,0.0,304.0,1
1695121129,0.0,0.0,0.0,0.0,331.0,1
1695121132,0.0,0.0,0.0,0.0,343.0,1
1695121135,0.0,0.0,0.0,0.0,342.0,1
1695121138,0.0,0.0,0.0,0.0,341.0,1
1695121141,0.0,0.0,0.0,0.0,343.0,1
1695121144,0.0,0.0,0.0,0.0,347.0,1
1695121147,0.0,0.0,0.0,0.0,343.0,1
1695121150,0.0,0.0,0.0,0.0,342.0,1
1695121153,0.0,0.0,0.0,0.0,341.0,1
1695121156,68780.0,0.0,10373.333333333332,58400.0,260.0,1
1695121159,215493.3333333333,0.0,80486.66666666667,135006.66666666666,171.0,1
1695121162,0.0,0.0,0.0,0.0,171.0,1
1695121165,0.0,0.0,0.0,0.0,171.0,1
1695121168,0.0,0.0,0.0,0.0,171.0,1
1695121171,386662.6666666667,700416.0,110649.66666666667,276019.3333333334,185.0,1
1695121174,0.0,0.0,0.0,0.0,346.0,1
1695121177,42301.0,0.0,42301.0,0.0,343.0,1
1695121180,0.0,0.0,0.0,0.0,342.0,1
1695121183,0.0,0.0,0.0,0.0,345.0,1
1695121186,0.0,0.0,0.0,0.0,346.0,1
1695121189,0.0,0.0,0.0,0.0,343.0,1
1695121192,0.0,0.0,0.0,0.0,344.0,1
1695121195,0.0,0.0,0.0,0.0,344.0,1
1695121198,0.0,0.0,0.0,0.0,343.0,1
1695121201,0.0,0.0,0.0,0.0,344.0,1
1695121204,264222.0,401408.0,117082.0,147133.0,171.0,1
1695121207,54000.0,382293.3333333334,15980.0,38026.666666666664,173.0,1
1695121210,0.0,0.0,0.0,0.0,171.0,1
1695121213,0.0,0.0,0.0,0.0,171.0,1
1695121216,295733.3333333333,409600.0,2440.0,293293.3333333333,182.0,1
1695121219,141960.0,286720.0,0.0,141960.0,247.0,1
1695121222,0.0,0.0,0.0,0.0,248.0,1
1695121225,0.0,0.0,0.0,0.0,248.0,1
1695121228,0.0,0.0,0.0,0.0,249.0,1
1695121231,0.0,0.0,0.0,0.0,252.0,1
1695121234,0.0,0.0,0.0,0.0,253.0,1
1695121237,23883.0,0.0,22483.333333333332,1393.3333333333333,252.0,1
1695121240,0.0,0.0,0.0,0.0,253.0,1
1695121243,0.0,0.0,0.0,0.0,250.0,1
1695121246,0.0,0.0,0.0,0.0,253.0,1
1695121249,0.0,0.0,0.0,0.0,256.0,1
1695121252,0.0,0.0,0.0,0.0,254.0,1
1695121255,0.0,0.0,0.0,0.0,255.0,1
1695121258,69014.33333333334,0.0,0.0,69014.33333333334,217.0,1
1695121261,184078.0,13653.333333333334,34764.0,149314.0,171.0,1
1695121264,0.0,0.0,0.0,0.0,171.0,1
1695121267,0.0,0.0,0.0,0.0,171.0,1
1695121270,0.0,0.0,0.0,0.0,171.0,1
1695121273,357582.0,638976.0,117144.0,240438.0,193.0,1
1695121276,0.0,0.0,0.0,0.0,280.0,1
1695121279,0.0,0.0,0.0,0.0,289.0,1
1695121282,0.0,0.0,0.0,0.0,287.0,1
1695121285,0.0,0.0,0.0,0.0,289.0,1
1695121288,0.0,0.0,0.0,0.0,292.0,1
1695121291,0.0,0.0,0.0,0.0,292.0,1
1695121294,0.0,0.0,0.0,0.0,296.0,1
1695121297,23826.666666666664,0.0,9406.666666666666,14420.0,297.0,1
1695121300,0.0,0.0,0.0,0.0,295.0,1
1695121303,0.0,0.0,0.0,0.0,296.0,1
1695121306,0.0,0.0,0.0,0.0,299.0,1
1695121309,82546.66666666666,0.0,0.0,82546.66666666666,272.0,1
1695121312,185756.66666666666,0.0,61579.0,124177.66666666667,173.0,1
1695121315,0.0,0.0,0.0,0.0,171.0,1
1695121318,0.0,0.0,0.0,0.0,171.0,1
1695121321,0.0,0.0,0.0,0.0,171.0,1
1695121324,432275.3333333333,674474.6666666666,106932.0,325343.3333333333,191.0,1
1695121327,0.0,0.0,0.0,0.0,348.0,1
1695121330,0.0,0.0,0.0,0.0,371.0,1
1695121333,0.0,0.0,0.0,0.0,370.0,1
1695121336,0.0,0.0,0.0,0.0,383.0,1
1695121339,0.0,0.0,0.0,0.0,381.0,1
1695121342,0.0,0.0,0.0,0.0,383.0,1
1695121345,0.0,0.0,0.0,0.0,385.0,1
1695121348,0.0,0.0,0.0,0.0,384.0,1
1695121351,0.0,0.0,0.0,0.0,383.0,1
1695121354,0.0,0.0,0.0,0.0,385.0,1
1695121357,124796.0,368640.0,1260.0,123543.0,218.0,1
1695121360,210497.0,368640.0,29491.0,181006.0,174.0,1
1695121363,0.0,0.0,0.0,0.0,171.0,1
1695121366,0.0,0.0,0.0,0.0,171.0,1
1695121369,0.0,0.0,0.0,0.0,171.0,1
1695121372,435753.3333333334,709973.3333333333,93520.0,342226.6666666666,179.0,1
1695121375,0.0,0.0,0.0,0.0,382.0,1
1695121378,0.0,0.0,0.0,0.0,386.0,1
1695121381,0.0,0.0,0.0,0.0,391.0,1
1695121384,0.0,0.0,0.0,0.0,390.0,1
1695121387,0.0,0.0,0.0,0.0,390.0,1
1695121390,0.0,0.0,0.0,0.0,393.0,1
1695121393,0.0,0.0,0.0,0.0,393.0,1
1695121396,0.0,0.0,0.0,0.0,393.0,1
1695121399,0.0,0.0,0.0,0.0,396.0,1
1695121402,0.0,0.0,0.0,0.0,393.0,1
1695121405,92549.0,0.0,31470.333333333332,61085.0,273.0,1
1695121408,191610.0,0.0,29688.0,161922.0,171.0,1
1695121411,0.0,0.0,0.0,0.0,171.0,1
1695121414,0.0,0.0,0.0,0.0,172.0,1
1695121417,14640.0,0.0,5778.0,8862.0,171.0,1
1695121420,348606.0,688128.0,118404.0,230196.0,293.0,1
1695121423,0.0,0.0,0.0,0.0,390.0,1
1695121426,0.0,0.0,0.0,0.0,388.0,1
1695121429,0.0,0.0,0.0,0.0,386.0,1
1695121432,0.0,0.0,0.0,0.0,389.0,1
1695121435,0.0,0.0,0.0,0.0,392.0,1
1695121438,0.0,0.0,0.0,0.0,390.0,1
1695121441,0.0,0.0,0.0,0.0,392.0,1
1695121444,0.0,0.0,0.0,0.0,393.0,1
1695121447,0.0,0.0,0.0,0.0,391.0,1
1695121450,0.0,0.0,0.0,0.0,389.0,1
1695121453,241820.0,300373.3333333333,90880.0,150940.0,172.0,1
1695121456,43142.666666666664,285354.6666666666,22825.333333333332,20323.666666666668,177.0,1
1695121459,0.0,0.0,0.0,0.0,171.0,1
1695121462,0.0,0.0,0.0,0.0,171.0,1
1695121465,44789.333333333336,959829.3333333334,0.0,44783.0,171.0,1
1695121468,322005.6666666667,959829.3333333334,124513.33333333333,197492.33333333334,208.0,1
1695121471,0.0,0.0,0.0,0.0,205.0,1
1695121474,0.0,0.0,0.0,0.0,205.0,1
1695121477,26733.0,0.0,10556.0,16184.0,205.0,1
1695121480,0.0,0.0,0.0,0.0,206.0,1
1695121483,0.0,0.0,0.0,0.0,205.0,1
1695121486,0.0,0.0,0.0,0.0,205.0,1
1695121489,0.0,0.0,0.0,0.0,203.0,1
1695121492,0.0,0.0,0.0,0.0,205.0,1
1695121495,0.0,0.0,0.0,0.0,204.0,1
1695121498,197309.0,0.0,66682.0,130627.0,171.0,1
1695121501,98853.33333333334,0.0,33686.666666666664,65166.66666666667,171.0,1
1695121504,0.0,0.0,0.0,0.0,171.0,1
1695121507,0.0,0.0,0.0,0.0,171.0,1
1695121510,7886.666666666666,791893.3333333333,3113.333333333333,4766.666666666667,171.0,1
1695121513,397706.6666666666,791893.3333333333,54106.66666666667,343606.6666666666,203.0,1
1695121516,0.0,0.0,0.0,0.0,205.0,1
1695121519,0.0,0.0,0.0,0.0,204.0,1
1695121522,0.0,0.0,0.0,0.0,204.0,1
1695121525,0.0,0.0,0.0,0.0,204.0,1
1695121528,0.0,0.0,0.0,0.0,205.0,1
1695121531,0.0,0.0,0.0,0.0,205.0,1
1695121534,0.0,0.0,0.0,0.0,204.0,1
1695121537,22369.333333333332,51882.666666666664,8828.666666666668,13534.333333333334,205.0,1
1695121540,0.0,0.0,0.0,0.0,204.0,1
1695121543,93051.0,346794.6666666667,0.0,93057.33333333334,171.0,1
1695121546,154539.0,346794.6666666667,71448.0,83085.0,171.0,1
1695121549,0.0,0.0,0.0,0.0,171.0,1
1695121552,0.0,0.0,0.0,0.0,171.0,1
1695121555,0.0,0.0,0.0,0.0,171.0,1
1695121558,359778.0,663552.0,65892.0,293886.0,204.0,1
1695121561,0.0,0.0,0.0,0.0,204.0,1
1695121564,0.0,0.0,0.0,0.0,206.0,1
1695121567,0.0,0.0,0.0,0.0,205.0,1
1695121570,0.0,0.0,0.0,0.0,205.0,1
1695121573,0.0,0.0,0.0,0.0,204.0,1
1695121576,0.0,0.0,0.0,0.0,208.0,1
1695121579,0.0,0.0,0.0,0.0,203.0,1
1695121582,0.0,0.0,0.0,0.0,205.0,1
1695121585,0.0,0.0,0.0,0.0,203.0,1
1695121588,95553.33333333334,0.0,32386.666666666664,63173.33333333333,176.0,1
1695121591,189702.33333333334,0.0,81396.0,108300.0,171.0,1
1695121594,0.0,0.0,0.0,0.0,171.0,1
1695121597,17663.666666666664,0.0,17663.666666666664,0.0,172.0,1
1695121600,0.0,0.0,0.0,0.0,171.0,1
1695121603,366833.0,700416.0,119630.33333333333,247202.66666666666,204.0,1
1695121606,0.0,0.0,0.0,0.0,203.0,1
1695121609,0.0,0.0,0.0,0.0,205.0,1
1695121612,0.0,0.0,0.0,0.0,206.0,1
1695121615,0.0,0.0,0.0,0.0,206.0,1
1695121618,0.0,0.0,0.0,0.0,206.0,1
1695121621,0.0,0.0,0.0,0.0,203.0,1
1695121624,0.0,0.0,0.0,0.0,204.0,1
1695121627,0.0,0.0,0.0,0.0,204.0,1
1695121630,0.0,0.0,0.0,0.0,205.0,1
1695121633,75579.0,0.0,12243.0,63343.0,171.0,1
1695121636,211873.3333333333,0.0,113340.0,98526.66666666666,171.0,1
1695121639,0.0,0.0,0.0,0.0,171.0,1
1695121642,0.0,0.0,0.0,0.0,171.0,1
1695121645,0.0,0.0,0.0,0.0,171.0,1
1695121648,376286.6666666666,764586.6666666667,57853.33333333333,318440.0,221.0,1
1695121651,0.0,0.0,0.0,0.0,205.0,1
1695121654,0.0,0.0,0.0,0.0,207.0,1
1695121657,24415.0,0.0,9633.0,14775.666666666666,203.0,1
1695121660,0.0,0.0,0.0,0.0,204.0,1
1695121663,0.0,0.0,0.0,0.0,205.0,1
1695121666,0.0,0.0,0.0,0.0,205.0,1
1695121669,0.0,0.0,0.0,0.0,204.0,1
1695121672,0.0,0.0,0.0,0.0,204.0,1
1695121675,0.0,0.0,0.0,0.0,203.0,1
1695121678,60413.666666666664,0.0,7929.333333333333,52484.333333333336,193.0,1
1695121681,179604.0,0.0,66786.0,112818.0,171.0,1
1695121684,0.0,0.0,0.0,0.0,171.0,1
1695121687,0.0,0.0,0.0,0.0,171.0,1
1695121690,0.0,0.0,0.0,0.0,171.0,1
1695121693,389628.0,638976.0,72180.0,317454.0,211.0,1
1695121696,0.0,0.0,0.0,0.0,204.0,1
1695121699,0.0,0.0,0.0,0.0,203.0,1
1695121702,0.0,0.0,0.0,0.0,204.0,1
1695121705,0.0,0.0,0.0,0.0,204.0,1
1695121708,0.0,0.0,0.0,0.0,206.0,1
1695121711,0.0,0.0,0.0,0.0,205.0,1
1695121714,0.0,0.0,0.0,0.0,205.0,1
1695121717,26020.0,0.0,10266.666666666668,15753.333333333332,206.0,1
1695121720,0.0,0.0,0.0,0.0,204.0,1
1695121723,72600.0,0.0,34746.666666666664,37846.666666666664,203.0,1
1695121726,196833.66666666666,0.0,90015.66666666667,106818.0,171.0,1
1695121729,0.0,0.0,0.0,0.0,171.0,1
1695121732,0.0,0.0,0.0,0.0,171.0,1
1695121735,0.0,0.0,0.0,0.0,171.0,1
1695121738,388961.6666666667,674474.6666666666,68140.33333333334,320821.3333333333,193.0,1
1695121741,0.0,0.0,0.0,0.0,204.0,1
1695121744,0.0,0.0,0.0,0.0,203.0,1
1695121747,0.0,0.0,0.0,0.0,204.0,1
1695121750,0.0,0.0,0.0,0.0,205.0,1
1695121753,0.0,0.0,0.0,0.0,204.0,1
1695121756,0.0,0.0,0.0,0.0,204.0,1
1695121759,0.0,0.0,0.0,0.0,204.0,1
1695121762,0.0,0.0,0.0,0.0,204.0,1
1695121765,0.0,0.0,0.0,0.0,205.0,1
1695121768,92078.0,0.0,0.0,92078.0,177.0,1
1695121771,205933.3333333333,0.0,25253.333333333336,180680.0,174.0,1
1695121774,0.0,0.0,0.0,0.0,171.0,1
1695121777,18966.666666666668,0.0,0.0,18973.333333333332,173.0,1
1695121780,0.0,0.0,0.0,0.0,171.0,1
1695121783,403940.0,737280.0,99893.33333333334,304040.0,180.0,1
1695121786,0.0,0.0,0.0,0.0,203.0,1
1695121789,0.0,0.0,0.0,0.0,205.0,1
1695121792,0.0,0.0,0.0,0.0,204.0,1
1695121795,0.0,0.0,0.0,0.0,203.0,1
1695121798,0.0,0.0,0.0,0.0,203.0,1
1695121801,0.0,0.0,0.0,0.0,204.0,1
1695121804,0.0,0.0,0.0,0.0,202.0,1
1695121807,0.0,0.0,0.0,0.0,204.0,1
1695121810,0.0,0.0,0.0,0.0,204.0,1
1695121813,72054.33333333334,0.0,0.0,72054.33333333334,194.0,1
1695121816,184914.0,0.0,0.0,184914.0,174.0,1
1695121819,0.0,0.0,0.0,0.0,171.0,1
1695121822,0.0,0.0,0.0,0.0,171.0,1
1695121825,0.0,0.0,0.0,0.0,171.0,1
1695121828,358326.0,663552.0,130314.0,228018.0,207.0,1
1695121831,0.0,0.0,0.0,0.0,203.0,1
1695121834,0.0,0.0,0.0,0.0,204.0,1
1695121837,25260.0,0.0,0.0,25260.0,206.0,1
1695121840,0.0,0.0,0.0,0.0,206.0,1
1695121843,0.0,0.0,0.0,0.0,203.0,1
1695121846,0.0,0.0,0.0,0.0,203.0,1
1695121849,0.0,0.0,0.0,0.0,204.0,1
1695121852,0.0,0.0,0.0,0.0,205.0,1
1695121855,0.0,0.0,0.0,0.0,203.0,1
1695121858,76973.33333333333,0.0,12180.0,64793.33333333333,184.0,1
1695121861,209069.66666666666,0.0,39830.333333333336,169233.0,174.0,1
1695121864,0.0,0.0,0.0,0.0,171.0,1
1695121867,0.0,0.0,0.0,0.0,171.0,1
1695121870,0.0,0.0,0.0,0.0,171.0,1
1695121873,388005.3333333333,648533.3333333334,45321.333333333336,342684.0,211.0,1
1695121876,0.0,0.0,0.0,0.0,203.0,1
1695121879,0.0,0.0,0.0,0.0,204.0,1
1695121882,0.0,0.0,0.0,0.0,204.0,1
1695121885,0.0,0.0,0.0,0.0,204.0,1
1695121888,0.0,0.0,0.0,0.0,202.0,1
1695121891,0.0,0.0,0.0,0.0,204.0,1
1695121894,0.0,0.0,0.0,0.0,203.0,1
1695121897,26565.0,0.0,26572.0,0.0,205.0,1
1695121900,0.0,0.0,0.0,0.0,204.0,1
1695121903,82908.0,0.0,17458.0,65443.0,180.0,1
1695121906,226486.6666666667,0.0,73420.0,153066.66666666666,171.0,1
1695121909,0.0,0.0,0.0,0.0,171.0,1
1695121912,0.0,0.0,0.0,0.0,171.0,1
1695121915,0.0,0.0,0.0,0.0,171.0,1
1695121918,395940.0,709973.3333333333,181426.6666666667,214513.3333333333,221.0,1
1695121921,0.0,0.0,0.0,0.0,206.0,1
1695121924,0.0,0.0,0.0,0.0,203.0,1
1695121927,0.0,0.0,0.0,0.0,203.0,1
1695121930,0.0,0.0,0.0,0.0,206.0,1
1695121933,0.0,0.0,0.0,0.0,204.0,1
1695121936,0.0,0.0,0.0,0.0,202.0,1
1695121939,0.0,0.0,0.0,0.0,204.0,1
1695121942,0.0,0.0,0.0,0.0,206.0,1
1695121945,0.0,0.0,0.0,0.0,206.0,1
1695121948,62231.333333333336,0.0,19506.666666666668,42724.666666666664,193.0,1
1695121951,179142.0,0.0,35046.0,144096.0,171.0,1
1695121954,0.0,0.0,0.0,0.0,171.0,1
1695121957,15582.0,737280.0,6144.0,9438.0,171.0,1
1695121960,0.0,737280.0,0.0,0.0,172.0,1
1695121963,377742.0,688128.0,145668.0,232080.0,214.0,1
1695121966,0.0,0.0,0.0,0.0,204.0,1
1695121969,0.0,0.0,0.0,0.0,208.0,1
1695121972,0.0,0.0,0.0,0.0,204.0,1
1695121975,0.0,0.0,0.0,0.0,203.0,1
1695121978,0.0,0.0,0.0,0.0,205.0,1
1695121981,0.0,0.0,0.0,0.0,202.0,1
1695121984,0.0,0.0,0.0,0.0,205.0,1
1695121987,0.0,0.0,0.0,0.0,205.0,1
1695121990,0.0,0.0,0.0,0.0,204.0,1
1695121993,76980.0,0.0,36473.333333333336,40506.666666666664,202.0,1
1695121996,203021.33333333334,0.0,69989.66666666666,133031.6666666667,171.0,1
1695121999,0.0,0.0,0.0,0.0,171.0,1
1695122002,0.0,0.0,0.0,0.0,171.0,1
1695122005,0.0,0.0,0.0,0.0,171.0,1
1695122008,356731.3333333333,700416.0,71338.66666666666,285392.6666666666,200.0,1
1695122011,0.0,0.0,0.0,0.0,205.0,1
1695122014,0.0,0.0,0.0,0.0,207.0,1
1695122017,26439.0,28672.0,0.0,26439.0,203.0,1
1695122020,0.0,0.0,0.0,0.0,205.0,1
1695122023,0.0,0.0,0.0,0.0,204.0,1
1695122026,0.0,0.0,0.0,0.0,203.0,1
1695122029,0.0,0.0,0.0,0.0,204.0,1
1695122032,0.0,0.0,0.0,0.0,204.0,1
1695122035,0.0,0.0,0.0,0.0,206.0,1
1695122038,100009.0,0.0,20328.0,79681.0,171.0,1
1695122041,194820.0,0.0,14440.0,180373.3333333333,171.0,1
1695122044,0.0,0.0,0.0,0.0,174.0,1
1695122047,0.0,0.0,0.0,0.0,171.0,1
1695122050,0.0,0.0,0.0,0.0,171.0,1
1695122053,399546.6666666666,737280.0,166146.6666666667,233406.6666666667,186.0,1
1695122056,0.0,0.0,0.0,0.0,205.0,1
1695122059,0.0,0.0,0.0,0.0,204.0,1
1695122062,0.0,0.0,0.0,0.0,203.0,1
1695122065,0.0,0.0,0.0,0.0,206.0,1
1695122068,0.0,0.0,0.0,0.0,206.0,1
1695122071,0.0,0.0,0.0,0.0,206.0,1
1695122074,0.0,0.0,0.0,0.0,204.0,1
1695122077,28570.666666666668,0.0,11256.666666666668,17306.666666666664,204.0,1
1695122080,0.0,0.0,0.0,0.0,205.0,1
1695122083,96213.33333333333,0.0,32120.0,64100.666666666664,186.0,1
1695122086,226548.0,0.0,72646.0,153902.0,176.0,1
1695122089,0.0,0.0,0.0,0.0,171.0,1
1695122092,0.0,0.0,0.0,0.0,171.0,1
1695122095,0.0,0.0,0.0,0.0,171.0,1
1695122098,340704.0,614400.0,52890.0,287808.0,215.0,1
1695122101,0.0,0.0,0.0,0.0,205.0,1
1695122104,0.0,0.0,0.0,0.0,205.0,1
1695122107,0.0,0.0,0.0,0.0,204.0,1
1695122110,0.0,0.0,0.0,0.0,205.0,1
1695122113,0.0,0.0,0.0,0.0,203.0,1
1695122116,0.0,0.0,0.0,0.0,203.0,1
1695122119,0.0,0.0,0.0,0.0,204.0,1
1695122122,0.0,0.0,0.0,0.0,205.0,1
1695122125,0.0,0.0,0.0,0.0,205.0,1
1695122128,75653.33333333333,0.0,0.0,75653.33333333333,190.0,1
1695122131,187010.66666666666,0.0,10298.0,176719.0,172.0,1
1695122134,0.0,0.0,0.0,0.0,171.0,1
1695122137,17727.0,0.0,17720.666666666664,0.0,173.0,1
1695122140,0.0,0.0,0.0,0.0,171.0,1
1695122143,369081.3333333333,726357.3333333334,87159.33333333333,281922.0,207.0,1
1695122146,0.0,0.0,0.0,0.0,205.0,1
1695122149,0.0,0.0,0.0,0.0,206.0,1
1695122152,0.0,0.0,0.0,0.0,203.0,1
1695122155,0.0,0.0,0.0,0.0,204.0,1
1695122158,0.0,0.0,0.0,0.0,207.0,1
1695122161,0.0,0.0,0.0,0.0,204.0,1
1695122164,0.0,0.0,0.0,0.0,205.0,1
1695122167,0.0,0.0,0.0,0.0,204.0,1
1695122170,0.0,0.0,0.0,0.0,204.0,1
1695122173,84448.0,0.0,15764.0,68691.0,204.0,1
1695122176,238721.0,0.0,28637.0,210077.0,171.0,1
1695122179,0.0,0.0,0.0,0.0,171.0,1
1695122182,0.0,0.0,0.0,0.0,171.0,1
1695122185,0.0,0.0,0.0,0.0,171.0,1
1695122188,391333.3333333334,709973.3333333333,63800.0,327533.3333333333,187.0,1
1695122191,0.0,0.0,0.0,0.0,204.0,1
1695122194,0.0,0.0,0.0,0.0,204.0,1
1695122197,27382.666666666668,0.0,0.0,27382.666666666668,204.0,1
1695122200,0.0,0.0,0.0,0.0,207.0,1
1695122203,0.0,0.0,0.0,0.0,203.0,1
1695122206,0.0,0.0,0.0,0.0,205.0,1
1695122209,0.0,0.0,0.0,0.0,206.0,1
1695122212,0.0,0.0,0.0,0.0,203.0,1
1695122215,0.0,0.0,0.0,0.0,202.0,1
1695122218,77828.66666666666,0.0,23107.333333333332,54721.333333333336,205.0,1
1695122221,239220.66666666666,0.0,13170.666666666666,226050.0,171.0,1
1695122224,0.0,0.0,0.0,0.0,171.0,1
1695122227,0.0,0.0,0.0,0.0,171.0,1
1695122230,0.0,0.0,0.0,0.0,171.0,1
1695122233,435309.0,774144.0,83055.0,352254.0,183.0,1
1695122236,0.0,0.0,0.0,0.0,204.0,1
1695122239,0.0,0.0,0.0,0.0,205.0,1
1695122242,0.0,0.0,0.0,0.0,204.0,1
1695122245,0.0,0.0,0.0,0.0,204.0,1
1695122248,0.0,0.0,0.0,0.0,203.0,1
1695122251,0.0,0.0,0.0,0.0,203.0,1
1695122254,0.0,0.0,0.0,0.0,203.0,1
1695122257,22831.666666666668,0.0,8993.333333333332,13838.333333333334,204.0,1
1695122260,0.0,0.0,0.0,0.0,206.0,1
1695122263,71364.0,0.0,23116.666666666668,48253.666666666664,205.0,1
1695122266,187878.33333333334,0.0,9006.0,178872.33333333334,171.0,1
