timestamp,bpf_cpu_time_us,platform_power,node_type
1695115663,1321.0,570.0,1
1695115666,1139.6666666666667,546.0,1
1695115669,722.0,513.0,1
1695115672,487.6666666666667,513.0,1
1695115675,477.3333333333333,513.0,1
1695115678,528.0,513.0,1
1695115681,496.6666666666667,513.0,1
1695115684,489.66666666666663,513.0,1
1695115687,522.3333333333333,513.0,1
1695115690,498.33333333333337,513.0,1
1695115693,500.0,513.0,1
1695115696,519.6666666666667,513.0,1
1695115699,538.3333333333334,513.0,1
1695115702,540.3333333333334,513.0,1
1695115705,505.33333333333337,513.0,1
1695115708,568.0,540.0,1
1695115711,1481.3333333333333,663.0,1
1695115714,1488.6666666666665,657.0,1
1695115717,1507.0,657.0,1
1695115720,1448.0,666.0,1
1695115723,1524.6666666666665,660.0,1
1695115726,1477.0,669.0,1
1695115729,1531.0,657.0,1
1695115732,1471.3333333333333,669.0,1
1695115735,1488.6666666666665,660.0,1
1695115738,1505.0,660.0,1
1695115741,581.6666666666667,513.0,1
1695115744,485.0,513.0,1
1695115747,519.3333333333334,513.0,1
1695115750,514.3333333333334,513.0,1
1695115753,568.6666666666667,522.0,1
1695115756,2336.666666666667,690.0,1
1695115759,2453.666666666667,687.0,1
1695115762,2396.3333333333335,681.0,1
1695115765,2439.666666666667,678.0,1
1695115768,2433.3333333333335,681.0,1
1695115771,2484.0,690.0,1
1695115774,2448.6666666666665,681.0,1
1695115777,2424.3333333333335,681.0,1
1695115780,2476.0,687.0,1
1695115783,2448.6666666666665,687.0,1
1695115786,679.0,513.0,1
1695115789,642.0,513.0,1
1695115792,518.0,513.0,1
1695115795,489.0,513.0,1
1695115798,576.6666666666666,519.0,1
1695115801,4014.666666666667,636.0,1
1695115804,4279.666666666667,636.0,1
1695115807,4373.666666666667,636.0,1
1695115810,4284.333333333333,633.0,1
1695115813,4283.666666666667,639.0,1
1695115816,4294.666666666666,636.0,1
1695115819,4348.333333333334,633.0,1
1695115822,4345.666666666667,639.0,1
1695115825,4258.0,630.0,1
1695115828,4312.0,636.0,1
1695115831,884.0,531.0,1
1695115834,495.0,513.0,1
1695115837,538.6666666666666,513.0,1
1695115840,516.3333333333334,513.0,1
1695115843,613.3333333333334,525.0,1
1695115846,7101.333333333334,654.0,1
1695115849,8059.333333333333,654.0,1
1695115852,8057.333333333334,657.0,1
1695115855,8022.333333333333,660.0,1
1695115858,8080.333333333333,663.0,1
1695115861,8066.999999999999,654.0,1
1695115864,8023.666666666667,657.0,1
1695115867,8073.0,660.0,1
1695115870,8041.666666666667,657.0,1
1695115873,8061.333333333334,660.0,1
1695115876,1762.6666666666667,513.0,1
1695115879,492.0,519.0,1
1695115882,516.3333333333334,513.0,1
1695115885,535.3333333333333,513.0,1
1695115888,588.0,528.0,1
1695115891,11206.0,705.0,1
1695115894,14555.666666666666,696.0,1
1695115897,14615.666666666666,696.0,1
1695115900,14606.666666666666,693.0,1
1695115903,14634.666666666668,702.0,1
1695115906,14565.333333333332,699.0,1
1695115909,14595.333333333332,699.0,1
1695115912,14587.0,696.0,1
1695115915,14548.666666666666,696.0,1
1695115918,14571.0,696.0,1
1695115921,4287.333333333334,522.0,1
1695115924,510.0,513.0,1
1695115927,522.3333333333334,513.0,1
1695115930,531.0,513.0,1
1695115933,515.6666666666667,513.0,1
1695115936,15872.666666666666,708.0,1
1695115939,23046.666666666668,714.0,1
1695115942,23004.999999999996,720.0,1
1695115945,22955.333333333332,711.0,1
1695115948,23003.666666666668,714.0,1
1695115951,23010.333333333332,720.0,1
1695115954,22959.333333333336,714.0,1
1695115957,22994.666666666668,711.0,1
1695115960,22997.666666666668,717.0,1
1695115963,23040.0,711.0,1
1695115966,8170.0,513.0,1
1695115969,521.3333333333333,513.0,1
1695115972,519.3333333333334,513.0,1
1695115975,510.33333333333337,513.0,1
1695115978,517.0,513.0,1
1695115981,353.3333333333333,717.0,1
1695115984,28672.666666666668,717.0,1
1695115987,28609.666666666668,720.0,1
1695115990,28581.666666666668,723.0,1
1695115993,28509.333333333332,723.0,1
1695115996,28644.333333333332,726.0,1
1695115999,28637.666666666668,723.0,1
1695116002,28550.666666666664,720.0,1
1695116005,28606.0,720.0,1
1695116008,28488.0,726.0,1
1695116011,10854.333333333334,531.0,1
1695116014,538.6666666666666,513.0,1
1695116017,530.0,513.0,1
1695116020,504.3333333333333,513.0,1
1695116023,540.3333333333333,513.0,1
1695116026,342.6666666666667,723.0,1
1695116029,28505.0,723.0,1
1695116032,28511.0,720.0,1
1695116035,28549.0,717.0,1
1695116038,28643.0,717.0,1
1695116041,28467.000000000004,714.0,1
1695116044,28543.333333333332,720.0,1
1695116047,28545.0,726.0,1
1695116050,28602.333333333332,717.0,1
1695116053,28566.333333333332,723.0,1
1695116056,14371.666666666666,513.0,1
1695116059,520.3333333333334,513.0,1
1695116062,530.0,513.0,1
1695116065,494.66666666666663,513.0,1
1695116068,483.3333333333333,513.0,1
1695116071,521.3333333333334,546.0,1
1695116074,4274.333333333333,672.0,1
1695116077,4328.0,666.0,1
1695116080,4315.666666666667,672.0,1
1695116083,4359.0,672.0,1
1695116086,4299.0,672.0,1
1695116089,4330.0,672.0,1
1695116092,4311.0,675.0,1
1695116095,4282.666666666666,669.0,1
1695116098,4291.666666666667,669.0,1
1695116101,3634.3333333333335,624.0,1
1695116104,491.6666666666667,513.0,1
1695116107,576.0,513.0,1
1695116110,505.0,516.0,1
1695116113,498.33333333333337,513.0,1
1695116116,551.6666666666666,624.0,1
1695116119,8089.666666666667,720.0,1
1695116122,8094.333333333333,726.0,1
1695116125,8121.333333333333,732.0,1
1695116128,8112.999999999999,720.0,1
1695116131,8093.0,726.0,1
1695116134,8052.333333333333,723.0,1
1695116137,8124.666666666667,726.0,1
1695116140,8070.0,720.0,1
1695116143,8153.333333333333,732.0,1
1695116146,7219.666666666666,726.0,1
1695116149,558.6666666666666,513.0,1
1695116152,501.3333333333333,513.0,1
1695116155,510.3333333333333,513.0,1
1695116158,519.0,513.0,1
1695116161,554.3333333333334,600.0,1
1695116164,14641.666666666666,822.0,1
1695116167,14694.999999999998,819.0,1
1695116170,14652.0,825.0,1
1695116173,14684.0,822.0,1
1695116176,14689.333333333332,819.0,1
1695116179,14724.333333333334,825.0,1
1695116182,14682.333333333334,822.0,1
1695116185,14684.333333333334,825.0,1
1695116188,14705.666666666666,822.0,1
1695116191,13479.666666666666,822.0,1
1695116194,479.0,513.0,1
1695116197,631.3333333333334,513.0,1
1695116200,548.3333333333334,513.0,1
1695116203,535.3333333333333,513.0,1
1695116206,546.6666666666666,552.0,1
1695116209,22380.333333333332,861.0,1
1695116212,23153.333333333332,855.0,1
1695116215,23134.333333333332,855.0,1
1695116218,23147.666666666668,855.0,1
1695116221,23208.0,852.0,1
1695116224,23186.666666666668,852.0,1
1695116227,23193.0,855.0,1
1695116230,23172.666666666664,858.0,1
1695116233,23188.666666666668,855.0,1
1695116236,23186.000000000004,858.0,1
1695116239,1538.0,513.0,1
1695116242,516.6666666666666,513.0,1
1695116245,490.3333333333333,513.0,1
1695116248,513.6666666666666,513.0,1
1695116251,556.6666666666666,513.0,1
1695116254,258.3333333333333,879.0,1
1695116257,28902.333333333336,870.0,1
1695116260,28773.333333333336,873.0,1
1695116263,28824.333333333332,876.0,1
1695116266,28942.333333333336,873.0,1
1695116269,28741.0,876.0,1
1695116272,28951.666666666664,879.0,1
1695116275,28807.666666666668,876.0,1
1695116278,28896.0,876.0,1
1695116281,28810.333333333336,879.0,1
1695116284,10954.666666666666,537.0,1
1695116287,534.6666666666666,513.0,1
1695116290,504.33333333333337,513.0,1
1695116293,510.0,513.0,1
1695116296,691.6666666666666,513.0,1
1695116299,219.33333333333334,870.0,1
1695116302,28765.666666666668,873.0,1
1695116305,28773.333333333336,870.0,1
1695116308,28717.666666666668,867.0,1
1695116311,28833.0,873.0,1
1695116314,28676.000000000004,879.0,1
1695116317,28928.666666666664,873.0,1
1695116320,28901.666666666668,873.0,1
1695116323,28793.333333333332,882.0,1
1695116326,28807.333333333332,870.0,1
1695116329,9800.666666666668,513.0,1
1695116332,531.0,513.0,1
1695116335,514.0,513.0,1
1695116338,545.3333333333334,513.0,1
1695116341,513.6666666666666,513.0,1
1695116344,570.6666666666666,726.0,1
1695116347,4327.666666666667,726.0,1
1695116350,4332.666666666667,732.0,1
1695116353,4310.333333333334,729.0,1
1695116356,4306.0,732.0,1
1695116359,4361.0,732.0,1
1695116362,4311.0,732.0,1
1695116365,4375.0,738.0,1
1695116368,4278.0,732.0,1
1695116371,4322.666666666666,729.0,1
1695116374,1951.0,519.0,1
1695116377,525.0,516.0,1
1695116380,542.6666666666666,513.0,1
1695116383,519.6666666666667,513.0,1
1695116386,544.0,513.0,1
1695116389,570.3333333333334,819.0,1
1695116392,8110.666666666667,825.0,1
1695116395,8107.666666666667,825.0,1
1695116398,8108.333333333333,825.0,1
1695116401,8115.666666666666,828.0,1
1695116404,8098.333333333333,822.0,1
1695116407,8141.666666666667,828.0,1
1695116410,8090.666666666666,831.0,1
1695116413,8096.666666666667,828.0,1
1695116416,8173.000000000001,831.0,1
1695116419,2589.333333333333,513.0,1
1695116422,521.0,519.0,1
1695116425,531.3333333333334,522.0,1
1695116428,526.6666666666666,513.0,1
1695116431,520.3333333333334,513.0,1
1695116434,514.0,996.0,1
1695116437,14735.0,1017.0,1
1695116440,14746.0,1017.0,1
1695116443,14758.333333333334,1017.0,1
1695116446,14872.999999999998,1023.0,1
1695116449,14737.666666666666,1017.0,1
1695116452,14748.0,1020.0,1
1695116455,14710.666666666668,1029.0,1
1695116458,14738.666666666666,1029.0,1
1695116461,14729.333333333334,1032.0,1
1695116464,8234.333333333334,690.0,1
1695116467,548.3333333333333,522.0,1
1695116470,525.0,513.0,1
1695116473,481.6666666666667,513.0,1
1695116476,529.3333333333334,513.0,1
1695116479,537.6666666666667,1029.0,1
1695116482,23180.0,1065.0,1
1695116485,23178.333333333332,1071.0,1
1695116488,23245.666666666664,1071.0,1
1695116491,23197.999999999996,1071.0,1
1695116494,23225.999999999996,1077.0,1
1695116497,23263.666666666668,1077.0,1
1695116500,23251.000000000004,1077.0,1
1695116503,23238.333333333332,1080.0,1
1695116506,23272.333333333332,1083.0,1
1695116509,13364.000000000002,807.0,1
1695116512,546.0,519.0,1
1695116515,508.0,513.0,1
1695116518,490.6666666666667,522.0,1
1695116521,508.3333333333333,513.0,1
1695116524,388.0,903.0,1
1695116527,28977.333333333336,1092.0,1
1695116530,28969.333333333336,1095.0,1
1695116533,29016.0,1095.0,1
1695116536,29038.0,1101.0,1
1695116539,29019.666666666668,1101.0,1
1695116542,29132.0,1104.0,1
1695116545,29014.333333333332,1110.0,1
1695116548,28842.333333333332,1110.0,1
1695116551,28920.666666666664,1107.0,1
1695116554,19204.333333333336,1089.0,1
1695116557,526.3333333333334,522.0,1
1695116560,542.3333333333334,513.0,1
1695116563,506.66666666666663,513.0,1
1695116566,683.6666666666666,513.0,1
1695116569,394.0,810.0,1
1695116572,28985.666666666664,1095.0,1
1695116575,29007.333333333336,1098.0,1
1695116578,29005.666666666664,1104.0,1
1695116581,28934.666666666668,1113.0,1
1695116584,28932.333333333332,1104.0,1
1695116587,29081.333333333332,1104.0,1
1695116590,29008.666666666668,1110.0,1
1695116593,28924.333333333332,1110.0,1
1695116596,29007.333333333332,1107.0,1
1695116599,19436.666666666668,657.0,1
1695116602,548.6666666666666,519.0,1
1695116605,522.0,513.0,1
1695116608,519.0,513.0,1
1695116611,517.6666666666667,513.0,1
1695116614,561.6666666666666,591.0,1
1695116617,4349.666666666666,630.0,1
1695116620,4312.0,639.0,1
1695116623,4301.333333333333,636.0,1
1695116626,4350.333333333333,639.0,1
1695116629,4362.666666666667,639.0,1
1695116632,4296.666666666666,639.0,1
1695116635,4316.333333333334,639.0,1
1695116638,4292.0,642.0,1
1695116641,4352.666666666667,642.0,1
1695116644,2965.9999999999995,540.0,1
1695116647,562.0,522.0,1
1695116650,508.6666666666667,513.0,1
1695116653,532.0,513.0,1
1695116656,501.6666666666667,513.0,1
1695116659,581.6666666666666,555.0,1
1695116662,8070.666666666667,666.0,1
1695116665,8033.333333333334,657.0,1
1695116668,8026.333333333333,660.0,1
1695116671,8045.999999999999,663.0,1
1695116674,8067.0,654.0,1
1695116677,8019.666666666667,654.0,1
1695116680,8074.0,663.0,1
1695116683,8047.666666666667,660.0,1
1695116686,8185.333333333333,660.0,1
1695116689,6223.0,588.0,1
1695116692,512.6666666666666,513.0,1
1695116695,522.0,513.0,1
1695116698,499.0,513.0,1
1695116701,509.0,522.0,1
1695116704,534.0,639.0,1
1695116707,14617.0,696.0,1
1695116710,14591.333333333332,696.0,1
1695116713,14561.333333333332,696.0,1
1695116716,14589.333333333334,693.0,1
1695116719,14601.333333333334,693.0,1
1695116722,14594.666666666666,696.0,1
1695116725,14641.999999999998,699.0,1
1695116728,14575.666666666666,699.0,1
1695116731,14595.0,702.0,1
1695116734,11970.0,699.0,1
1695116737,532.0,513.0,1
1695116740,527.6666666666666,513.0,1
1695116743,523.0,513.0,1
1695116746,695.6666666666666,513.0,1
1695116749,553.6666666666666,597.0,1
1695116752,22928.333333333336,696.0,1
1695116755,22975.333333333336,705.0,1
1695116758,22960.333333333332,702.0,1
1695116761,23001.999999999996,702.0,1
1695116764,22971.666666666664,705.0,1
1695116767,23022.333333333332,699.0,1
1695116770,23030.333333333336,702.0,1
1695116773,22994.333333333332,702.0,1
1695116776,23008.666666666668,711.0,1
1695116779,20450.0,702.0,1
1695116782,534.3333333333334,513.0,1
1695116785,532.3333333333334,513.0,1
1695116788,531.6666666666666,513.0,1
1695116791,495.66666666666663,513.0,1
1695116794,514.6666666666666,552.0,1
1695116797,28391.0,696.0,1
1695116800,28480.666666666664,696.0,1
1695116803,28654.666666666664,696.0,1
1695116806,28514.666666666664,702.0,1
1695116809,28517.666666666668,696.0,1
1695116812,28588.666666666664,696.0,1
1695116815,28681.0,696.0,1
1695116818,28461.333333333332,696.0,1
1695116821,28729.666666666664,696.0,1
1695116824,27534.0,693.0,1
1695116827,828.3333333333333,513.0,1
1695116830,659.0,513.0,1
1695116833,509.6666666666667,513.0,1
1695116836,550.0,513.0,1
1695116839,563.3333333333334,513.0,1
1695116842,20359.000000000004,696.0,1
1695116845,28467.000000000004,699.0,1
1695116848,28379.333333333332,699.0,1
1695116851,28529.333333333332,702.0,1
1695116854,28699.333333333332,696.0,1
1695116857,28614.666666666668,702.0,1
1695116860,28630.666666666668,702.0,1
1695116863,28711.0,702.0,1
1695116866,28484.666666666668,699.0,1
1695116869,28583.0,699.0,1
1695116872,9375.333333333334,513.0,1
1695116875,495.6666666666667,513.0,1
1695116878,522.0,513.0,1
1695116881,436.6666666666667,513.0,1
1695116884,519.6666666666667,513.0,1
1695116887,589.3333333333334,669.0,1
1695116890,4347.0,675.0,1
1695116893,4293.333333333334,672.0,1
1695116896,4294.0,678.0,1
1695116899,4369.333333333334,666.0,1
1695116902,4334.666666666667,675.0,1
1695116905,4316.666666666667,675.0,1
1695116908,4365.333333333333,672.0,1
1695116911,4316.333333333334,681.0,1
1695116914,4307.333333333333,672.0,1
1695116917,1585.0,531.0,1
1695116920,532.6666666666666,513.0,1
1695116923,499.66666666666663,513.0,1
1695116926,538.3333333333334,513.0,1
1695116929,552.6666666666667,513.0,1
1695116932,601.6666666666666,720.0,1
1695116935,8098.666666666666,720.0,1
1695116938,8099.666666666666,723.0,1
1695116941,8131.0,726.0,1
1695116944,8072.333333333333,726.0,1
1695116947,8145.333333333333,720.0,1
1695116950,8212.0,723.0,1
1695116953,8062.666666666666,720.0,1
1695116956,8072.666666666666,717.0,1
1695116959,8099.0,723.0,1
1695116962,3462.0,513.0,1
1695116965,547.3333333333333,513.0,1
1695116968,505.0,513.0,1
1695116971,507.3333333333333,513.0,1
1695116974,496.3333333333333,519.0,1
1695116977,567.3333333333334,822.0,1
1695116980,14679.0,819.0,1
1695116983,14694.333333333334,822.0,1
1695116986,14699.0,822.0,1
1695116989,14686.666666666668,822.0,1
1695116992,14703.333333333332,825.0,1
1695116995,14673.333333333332,825.0,1
1695116998,14670.333333333334,825.0,1
1695117001,14677.666666666666,825.0,1
1695117004,14695.0,822.0,1
1695117007,6990.0,516.0,1
1695117010,534.3333333333334,513.0,1
1695117013,507.3333333333333,513.0,1
1695117016,510.6666666666667,516.0,1
1695117019,518.6666666666667,513.0,1
1695117022,572.0,837.0,1
1695117025,23099.333333333332,834.0,1
1695117028,23138.333333333332,846.0,1
1695117031,23114.0,837.0,1
1695117034,23145.0,837.0,1
1695117037,23168.0,837.0,1
1695117040,23149.0,831.0,1
1695117043,23173.333333333332,831.0,1
1695117046,23244.333333333332,831.0,1
1695117049,23156.333333333332,834.0,1
1695117052,11684.666666666666,588.0,1
1695117055,549.6666666666666,513.0,1
1695117058,545.3333333333333,513.0,1
1695117061,503.0,513.0,1
1695117064,524.6666666666667,513.0,1
1695117067,373.66666666666663,834.0,1
1695117070,28868.666666666668,825.0,1
1695117073,28879.000000000004,834.0,1
1695117076,28922.666666666668,834.0,1
1695117079,28907.0,828.0,1
1695117082,28854.333333333332,840.0,1
1695117085,28890.333333333336,831.0,1
1695117088,28893.333333333332,834.0,1
1695117091,28811.333333333332,834.0,1
1695117094,28825.333333333332,831.0,1
1695117097,16869.0,738.0,1
1695117100,639.0,519.0,1
1695117103,503.0,513.0,1
1695117106,528.6666666666667,513.0,1
1695117109,505.6666666666667,513.0,1
1695117112,353.0,819.0,1
1695117115,28601.333333333332,837.0,1
1695117118,28282.666666666668,837.0,1
1695117121,28866.0,840.0,1
1695117124,28905.333333333332,837.0,1
1695117127,28859.333333333332,831.0,1
1695117130,28919.666666666668,834.0,1
1695117133,28865.666666666664,831.0,1
1695117136,28928.0,828.0,1
1695117139,28805.333333333336,834.0,1
1695117142,17785.666666666668,816.0,1
1695117145,538.0,513.0,1
1695117148,532.0,513.0,1
1695117151,498.6666666666667,513.0,1
1695117154,502.0,513.0,1
1695117157,538.0,675.0,1
1695117160,4344.666666666667,732.0,1
1695117163,4294.0,729.0,1
1695117166,4372.0,738.0,1
1695117169,4358.0,729.0,1
1695117172,4332.333333333333,732.0,1
1695117175,4265.666666666667,729.0,1
1695117178,4386.0,729.0,1
1695117181,4326.333333333333,729.0,1
1695117184,4329.0,729.0,1
1695117187,2787.3333333333335,513.0,1
1695117190,569.0,513.0,1
1695117193,522.3333333333333,513.0,1
1695117196,507.6666666666667,513.0,1
1695117199,528.6666666666666,516.0,1
1695117202,566.0,669.0,1
1695117205,8105.0,834.0,1
1695117208,8095.666666666666,822.0,1
1695117211,8127.666666666666,822.0,1
1695117214,8113.666666666667,828.0,1
1695117217,8124.333333333334,828.0,1
1695117220,8267.0,837.0,1
1695117223,8124.666666666667,831.0,1
1695117226,8144.0,837.0,1
1695117229,8122.666666666666,828.0,1
1695117232,5249.333333333334,513.0,1
1695117235,508.6666666666667,516.0,1
1695117238,512.3333333333334,513.0,1
1695117241,521.0,513.0,1
1695117244,479.0,513.0,1
1695117247,539.0,591.0,1
1695117250,14751.0,1026.0,1
1695117253,14727.333333333334,1020.0,1
1695117256,14719.333333333332,1026.0,1
1695117259,14728.0,1020.0,1
1695117262,14735.333333333332,1023.0,1
1695117265,14763.666666666666,1026.0,1
1695117268,14700.333333333334,1023.0,1
1695117271,14760.0,1029.0,1
1695117274,14717.666666666666,1029.0,1
1695117277,10743.333333333334,759.0,1
1695117280,545.6666666666667,513.0,1
1695117283,506.0,513.0,1
1695117286,438.6666666666667,525.0,1
1695117289,501.0,513.0,1
1695117292,538.6666666666666,588.0,1
1695117295,23192.999999999996,1050.0,1
1695117298,23220.333333333332,1047.0,1
1695117301,23251.999999999996,1044.0,1
1695117304,23230.333333333336,1053.0,1
1695117307,23267.333333333332,1044.0,1
1695117310,23247.999999999996,1050.0,1
1695117313,23244.333333333336,1056.0,1
1695117316,23252.333333333336,1053.0,1
1695117319,23281.0,1056.0,1
1695117322,17276.0,888.0,1
1695117325,522.6666666666666,513.0,1
1695117328,506.6666666666667,513.0,1
1695117331,533.0,513.0,1
1695117334,518.3333333333334,513.0,1
1695117337,494.0,768.0,1
1695117340,28985.333333333332,1041.0,1
1695117343,28942.666666666668,1041.0,1
1695117346,29027.333333333332,1041.0,1
1695117349,28904.666666666668,1041.0,1
1695117352,29047.0,1041.0,1
1695117355,28990.333333333332,1044.0,1
1695117358,28956.333333333336,1056.0,1
1695117361,28998.333333333332,1053.0,1
1695117364,28958.0,1056.0,1
1695117367,24867.666666666668,1047.0,1
1695117370,689.0,519.0,1
1695117373,511.6666666666667,513.0,1
1695117376,500.0,513.0,1
1695117379,513.6666666666666,513.0,1
1695117382,563.3333333333334,528.0,1
1695117385,22776.0,1041.0,1
1695117388,28928.999999999996,1038.0,1
1695117391,28895.333333333336,1044.0,1
1695117394,28964.333333333332,1047.0,1
1695117397,28908.666666666664,1047.0,1
1695117400,28944.333333333332,1050.0,1
1695117403,29057.333333333332,1053.0,1
1695117406,29017.0,1053.0,1
1695117409,28853.666666666668,1050.0,1
1695117412,29045.666666666668,1047.0,1
1695117415,6963.333333333334,519.0,1
1695117418,539.3333333333334,513.0,1
1695117421,514.3333333333334,516.0,1
1695117424,486.6666666666667,513.0,1
1695117427,598.6666666666666,531.0,1
1695117430,3631.6666666666665,639.0,1
1695117433,4298.666666666666,633.0,1
1695117436,4316.666666666667,633.0,1
1695117439,4294.0,630.0,1
1695117442,4290.666666666666,636.0,1
1695117445,4298.0,633.0,1
1695117448,4349.666666666667,636.0,1
1695117451,4294.666666666667,636.0,1
1695117454,4256.333333333334,642.0,1
1695117457,4323.333333333334,645.0,1
1695117460,1292.0,513.0,1
1695117463,527.6666666666667,513.0,1
1695117466,536.3333333333334,513.0,1
1695117469,528.0,513.0,1
1695117472,582.3333333333333,513.0,1
1695117475,6263.666666666667,648.0,1
1695117478,8093.333333333333,657.0,1
1695117481,8062.666666666667,657.0,1
1695117484,8037.000000000001,660.0,1
1695117487,8087.999999999999,657.0,1
1695117490,8181.666666666666,654.0,1
1695117493,8015.999999999999,660.0,1
1695117496,8045.666666666667,663.0,1
1695117499,8080.0,657.0,1
1695117502,8073.666666666666,657.0,1
1695117505,2498.6666666666665,516.0,1
1695117508,518.6666666666666,513.0,1
1695117511,532.0,513.0,1
1695117514,488.3333333333333,513.0,1
1695117517,535.6666666666666,513.0,1
1695117520,550.0,705.0,1
1695117523,14592.666666666666,693.0,1
1695117526,14625.0,699.0,1
1695117529,14598.333333333334,693.0,1
1695117532,14616.666666666668,690.0,1
1695117535,14580.0,693.0,1
1695117538,14634.0,690.0,1
1695117541,14634.666666666666,693.0,1
1695117544,14603.333333333334,687.0,1
1695117547,14622.0,693.0,1
1695117550,5253.000000000001,522.0,1
1695117553,544.3333333333334,513.0,1
1695117556,479.33333333333337,513.0,1
1695117559,522.3333333333334,513.0,1
1695117562,517.3333333333334,525.0,1
1695117565,538.3333333333334,705.0,1
1695117568,23057.333333333332,708.0,1
1695117571,23052.333333333332,708.0,1
1695117574,22980.0,702.0,1
1695117577,23068.0,699.0,1
1695117580,23071.666666666668,705.0,1
1695117583,23040.333333333332,696.0,1
1695117586,23054.0,705.0,1
1695117589,23088.0,711.0,1
1695117592,23077.666666666668,696.0,1
1695117595,9210.666666666668,513.0,1
1695117598,537.3333333333333,513.0,1
1695117601,520.3333333333333,513.0,1
1695117604,519.0,513.0,1
1695117607,537.3333333333333,513.0,1
1695117610,372.3333333333333,699.0,1
1695117613,28598.333333333332,702.0,1
1695117616,28820.666666666668,708.0,1
1695117619,28688.999999999996,702.0,1
1695117622,28643.0,705.0,1
1695117625,28703.666666666668,699.0,1
1695117628,28828.0,705.0,1
1695117631,28727.333333333336,705.0,1
1695117634,28566.333333333332,708.0,1
1695117637,28690.000000000004,702.0,1
1695117640,13856.333333333334,603.0,1
1695117643,583.0,522.0,1
1695117646,663.0,513.0,1
1695117649,518.6666666666666,513.0,1
1695117652,550.3333333333334,513.0,1
1695117655,424.66666666666663,672.0,1
1695117658,28560.333333333332,702.0,1
1695117661,28558.666666666668,705.0,1
1695117664,28504.666666666668,705.0,1
1695117667,28670.666666666664,705.0,1
1695117670,28646.666666666668,702.0,1
1695117673,28674.333333333332,702.0,1
1695117676,28632.000000000004,708.0,1
1695117679,28619.666666666668,699.0,1
1695117682,28625.666666666668,702.0,1
1695117685,20978.0,780.0,1
1695117688,528.6666666666666,519.0,1
1695117691,547.0,513.0,1
1695117694,484.0,513.0,1
1695117697,535.0,513.0,1
1695117700,559.6666666666666,561.0,1
1695117703,4327.333333333333,666.0,1
1695117706,4309.0,672.0,1
1695117709,4340.333333333334,669.0,1
1695117712,4315.333333333333,669.0,1
1695117715,4290.0,675.0,1
1695117718,4339.0,663.0,1
1695117721,4308.666666666667,669.0,1
1695117724,4279.0,663.0,1
1695117727,4339.333333333334,666.0,1
1695117730,3679.6666666666665,666.0,1
1695117733,530.3333333333334,513.0,1
1695117736,522.0,513.0,1
1695117739,490.33333333333337,513.0,1
1695117742,531.6666666666666,513.0,1
1695117745,559.0,546.0,1
1695117748,8086.666666666667,720.0,1
1695117751,8070.0,714.0,1
1695117754,8074.0,717.0,1
1695117757,8096.666666666667,714.0,1
1695117760,8091.333333333333,720.0,1
1695117763,8067.333333333333,714.0,1
1695117766,8174.666666666667,717.0,1
1695117769,8125.666666666666,717.0,1
1695117772,8093.333333333333,711.0,1
1695117775,7172.333333333333,720.0,1
1695117778,489.0,513.0,1
1695117781,505.3333333333333,513.0,1
1695117784,489.6666666666667,513.0,1
1695117787,542.6666666666666,522.0,1
1695117790,542.3333333333333,546.0,1
1695117793,14688.666666666668,807.0,1
1695117796,14703.666666666668,804.0,1
1695117799,14661.666666666666,801.0,1
1695117802,14687.0,813.0,1
1695117805,14667.0,810.0,1
1695117808,14678.333333333332,813.0,1
1695117811,14672.333333333334,807.0,1
1695117814,14691.0,813.0,1
1695117817,14726.333333333334,804.0,1
1695117820,13991.0,810.0,1
1695117823,518.6666666666667,513.0,1
1695117826,512.0,513.0,1
1695117829,587.0,513.0,1
1695117832,463.3333333333333,513.0,1
1695117835,537.6666666666666,549.0,1
1695117838,22726.666666666668,834.0,1
1695117841,23180.0,828.0,1
1695117844,23209.333333333332,837.0,1
1695117847,23220.0,828.0,1
1695117850,23205.333333333332,831.0,1
1695117853,23226.666666666664,831.0,1
1695117856,23230.0,831.0,1
1695117859,23192.333333333332,828.0,1
1695117862,23203.666666666668,825.0,1
1695117865,23046.333333333332,828.0,1
1695117868,1097.6666666666667,513.0,1
1695117871,526.6666666666666,513.0,1
1695117874,598.0,513.0,1
1695117877,526.0,513.0,1
1695117880,547.3333333333333,522.0,1
1695117883,28090.666666666668,843.0,1
1695117886,28958.000000000004,837.0,1
1695117889,28866.666666666668,843.0,1
1695117892,28908.666666666668,840.0,1
1695117895,28850.666666666664,843.0,1
1695117898,28918.333333333332,843.0,1
1695117901,28690.0,840.0,1
1695117904,28868.333333333332,837.0,1
1695117907,28928.0,843.0,1
1695117910,28792.333333333332,840.0,1
1695117913,1607.0,516.0,1
1695117916,512.0,513.0,1
1695117919,505.33333333333337,513.0,1
1695117922,523.0,513.0,1
1695117925,554.3333333333334,540.0,1
1695117928,26184.333333333332,843.0,1
1695117931,28801.999999999996,840.0,1
1695117934,28663.0,843.0,1
1695117937,28870.333333333336,840.0,1
1695117940,28923.0,843.0,1
1695117943,28864.999999999996,843.0,1
1695117946,29027.333333333332,843.0,1
1695117949,28936.0,840.0,1
1695117952,28972.0,843.0,1
1695117955,28892.666666666664,843.0,1
1695117958,3311.3333333333335,513.0,1
1695117961,447.3333333333333,531.0,1
1695117964,481.33333333333337,513.0,1
1695117967,522.3333333333334,513.0,1
1695117970,580.0,552.0,1
1695117973,4100.666666666666,732.0,1
1695117976,4300.0,723.0,1
1695117979,4340.666666666666,726.0,1
1695117982,4348.333333333333,720.0,1
1695117985,4336.0,720.0,1
1695117988,4349.333333333333,723.0,1
1695117991,4344.333333333333,726.0,1
1695117994,4318.0,729.0,1
1695117997,4356.666666666667,726.0,1
1695118000,4327.333333333333,723.0,1
1695118003,816.6666666666667,513.0,1
1695118006,638.3333333333334,513.0,1
1695118009,541.3333333333333,513.0,1
1695118012,517.0,513.0,1
1695118015,525.6666666666667,519.0,1
1695118018,7242.333333333333,813.0,1
1695118021,8120.333333333333,813.0,1
1695118024,8129.0,816.0,1
1695118027,8118.333333333333,810.0,1
1695118030,8152.333333333334,816.0,1
1695118033,8119.666666666666,810.0,1
1695118036,8135.333333333334,819.0,1
1695118039,8035.666666666667,813.0,1
1695118042,8111.000000000001,816.0,1
1695118045,8149.333333333333,822.0,1
1695118048,1531.3333333333335,525.0,1
1695118051,542.0,513.0,1
1695118054,508.6666666666667,513.0,1
1695118057,532.3333333333333,513.0,1
1695118060,555.6666666666666,519.0,1
1695118063,12482.333333333332,996.0,1
1695118066,14727.0,999.0,1
1695118069,14782.0,999.0,1
1695118072,14743.666666666666,996.0,1
1695118075,14739.666666666668,999.0,1
1695118078,14707.0,999.0,1
1695118081,14777.0,1008.0,1
1695118084,14756.333333333332,999.0,1
1695118087,14747.0,1002.0,1
1695118090,14749.333333333334,1005.0,1
1695118093,2972.0,513.0,1
1695118096,589.0,528.0,1
1695118099,526.0,513.0,1
1695118102,520.0,513.0,1
1695118105,594.3333333333334,513.0,1
1695118108,17187.0,1026.0,1
1695118111,23248.0,1038.0,1
1695118114,23240.0,1035.0,1
1695118117,23225.666666666668,1038.0,1
1695118120,23398.333333333332,1038.0,1
1695118123,23241.0,1038.0,1
1695118126,23242.0,1044.0,1
1695118129,23267.666666666668,1053.0,1
1695118132,23246.666666666668,1044.0,1
1695118135,23251.0,1050.0,1
1695118138,6816.666666666666,540.0,1
1695118141,540.6666666666666,513.0,1
1695118144,494.0,513.0,1
1695118147,556.3333333333334,513.0,1
1695118150,537.0,513.0,1
1695118153,20146.333333333332,1038.0,1
1695118156,29060.666666666668,1059.0,1
1695118159,29042.000000000004,1053.0,1
1695118162,29055.0,1056.0,1
1695118165,29050.000000000004,1053.0,1
1695118168,29117.0,1068.0,1
1695118171,29151.0,1065.0,1
1695118174,28931.0,1065.0,1
1695118177,29093.0,1071.0,1
1695118180,29131.333333333336,1071.0,1
1695118183,9955.0,519.0,1
1695118186,512.3333333333334,513.0,1
1695118189,666.0,513.0,1
1695118192,498.0,513.0,1
1695118195,514.0,513.0,1
1695118198,289.0,1053.0,1
1695118201,29103.333333333332,1053.0,1
1695118204,29105.0,1050.0,1
1695118207,29086.0,1059.0,1
1695118210,29041.333333333336,1059.0,1
1695118213,29170.333333333332,1083.0,1
1695118216,29063.000000000004,1065.0,1
1695118219,29113.666666666668,1059.0,1
1695118222,29078.0,1065.0,1
1695118225,28992.0,1065.0,1
1695118228,11611.666666666666,549.0,1
1695118231,529.6666666666666,528.0,1
1695118234,498.0,513.0,1
1695118237,537.0,513.0,1
1695118240,486.6666666666667,513.0,1
1695118243,645.0,645.0,1
1695118246,4470.0,645.0,1
1695118249,4382.666666666667,648.0,1
1695118252,4311.0,642.0,1
1695118255,4279.333333333333,636.0,1
1695118258,4297.0,642.0,1
1695118261,4296.666666666666,648.0,1
1695118264,4295.0,639.0,1
1695118267,4333.666666666667,645.0,1
1695118270,4276.0,636.0,1
1695118273,2263.666666666667,546.0,1
1695118276,524.6666666666666,513.0,1
1695118279,507.0,513.0,1
1695118282,512.0,513.0,1
1695118285,521.0,513.0,1
1695118288,564.6666666666667,666.0,1
1695118291,8145.666666666667,660.0,1
1695118294,8014.000000000001,666.0,1
1695118297,8087.0,657.0,1
1695118300,8048.0,663.0,1
1695118303,8039.333333333334,666.0,1
1695118306,8042.999999999999,663.0,1
1695118309,8109.666666666666,675.0,1
1695118312,8068.666666666667,669.0,1
1695118315,8026.666666666666,672.0,1
1695118318,4168.666666666667,591.0,1
1695118321,534.6666666666666,513.0,1
1695118324,517.0,513.0,1
1695118327,523.0,513.0,1
1695118330,529.6666666666667,513.0,1
1695118333,540.3333333333333,702.0,1
1695118336,14587.333333333334,702.0,1
1695118339,14593.0,702.0,1
1695118342,14584.0,705.0,1
1695118345,14603.0,702.0,1
1695118348,14599.333333333334,705.0,1
1695118351,14599.0,705.0,1
1695118354,14589.0,705.0,1
1695118357,14623.666666666666,705.0,1
1695118360,14618.666666666666,702.0,1
1695118363,8691.0,519.0,1
1695118366,514.0,525.0,1
1695118369,568.6666666666666,513.0,1
1695118372,499.6666666666667,513.0,1
1695118375,521.3333333333333,513.0,1
1695118378,504.0,552.0,1
1695118381,22991.666666666668,705.0,1
1695118384,23005.000000000004,699.0,1
1695118387,23039.000000000004,705.0,1
1695118390,23061.666666666668,699.0,1
1695118393,23019.0,702.0,1
1695118396,23014.333333333336,702.0,1
1695118399,23006.333333333332,696.0,1
1695118402,23031.333333333332,702.0,1
1695118405,23029.666666666664,699.0,1
1695118408,22854.0,699.0,1
1695118411,1028.0,513.0,1
1695118414,509.66666666666663,513.0,1
1695118417,528.3333333333334,513.0,1
1695118420,523.6666666666666,513.0,1
1695118423,545.0,513.0,1
1695118426,20432.666666666664,693.0,1
1695118429,28552.333333333332,696.0,1
1695118432,28724.0,693.0,1
1695118435,28545.333333333332,696.0,1
1695118438,28501.0,693.0,1
1695118441,28682.333333333336,693.0,1
1695118444,28593.0,696.0,1
1695118447,28490.333333333336,693.0,1
1695118450,28615.666666666664,690.0,1
1695118453,28611.333333333332,693.0,1
1695118456,11962.0,537.0,1
1695118459,557.6666666666666,513.0,1
1695118462,518.3333333333333,513.0,1
1695118465,508.0,513.0,1
1695118468,508.6666666666667,513.0,1
1695118471,417.33333333333337,675.0,1
1695118474,28383.666666666664,693.0,1
1695118477,28536.333333333332,696.0,1
1695118480,28699.333333333332,693.0,1
1695118483,28642.666666666664,696.0,1
1695118486,28705.666666666664,690.0,1
1695118489,28548.666666666664,699.0,1
1695118492,28690.0,693.0,1
1695118495,28548.666666666668,693.0,1
1695118498,28579.0,693.0,1
1695118501,23771.666666666668,741.0,1
1695118504,509.33333333333337,513.0,1
1695118507,559.3333333333333,513.0,1
1695118510,497.3333333333333,513.0,1
1695118513,506.6666666666667,516.0,1
1695118516,548.6666666666666,555.0,1
1695118519,4355.333333333333,672.0,1
1695118522,4296.666666666666,669.0,1
1695118525,4341.333333333333,675.0,1
1695118528,4283.666666666666,675.0,1
1695118531,4327.0,669.0,1
1695118534,4297.0,675.0,1
1695118537,4350.0,675.0,1
1695118540,4326.0,672.0,1
1695118543,4334.333333333333,678.0,1
1695118546,4443.333333333334,672.0,1
1695118549,864.6666666666667,525.0,1
1695118552,525.3333333333334,513.0,1
1695118555,481.3333333333333,513.0,1
1695118558,484.0,513.0,1
1695118561,568.3333333333334,534.0,1
1695118564,7866.0,741.0,1
1695118567,8099.0,723.0,1
1695118570,8116.666666666667,726.0,1
1695118573,8057.333333333333,726.0,1
1695118576,8056.333333333333,729.0,1
1695118579,8129.666666666666,729.0,1
1695118582,8109.0,732.0,1
1695118585,8077.0,729.0,1
1695118588,8112.666666666667,729.0,1
1695118591,8109.666666666667,738.0,1
1695118594,1159.6666666666667,513.0,1
1695118597,643.3333333333334,513.0,1
1695118600,538.0,513.0,1
1695118603,524.6666666666667,513.0,1
1695118606,571.0,528.0,1
1695118609,13371.333333333334,825.0,1
1695118612,14713.666666666668,825.0,1
1695118615,14672.666666666666,828.0,1
1695118618,14634.333333333334,825.0,1
1695118621,14722.0,831.0,1
1695118624,14668.0,828.0,1
1695118627,14678.666666666668,831.0,1
1695118630,14708.333333333332,831.0,1
1695118633,14687.0,831.0,1
1695118636,14674.666666666668,828.0,1
1695118639,2961.6666666666665,513.0,1
1695118642,533.3333333333334,513.0,1
1695118645,500.66666666666663,513.0,1
1695118648,535.3333333333334,513.0,1
1695118651,543.0,513.0,1
1695118654,18840.0,837.0,1
1695118657,23117.333333333336,828.0,1
1695118660,23110.0,828.0,1
1695118663,23124.666666666668,825.0,1
1695118666,23144.000000000004,834.0,1
1695118669,23158.0,825.0,1
1695118672,23211.000000000004,828.0,1
1695118675,23140.333333333332,828.0,1
1695118678,23123.333333333336,828.0,1
1695118681,23151.999999999996,831.0,1
1695118684,7666.0,513.0,1
1695118687,647.0,519.0,1
1695118690,530.6666666666666,513.0,1
1695118693,504.0,513.0,1
1695118696,534.0,513.0,1
1695118699,382.33333333333337,819.0,1
1695118702,28792.666666666668,816.0,1
1695118705,28752.333333333332,813.0,1
1695118708,28624.0,819.0,1
1695118711,28883.0,813.0,1
1695118714,28710.333333333332,816.0,1
1695118717,28812.000000000004,813.0,1
1695118720,28749.333333333336,810.0,1
1695118723,28919.000000000004,810.0,1
1695118726,28814.666666666668,813.0,1
1695118729,21648.0,858.0,1
1695118732,567.3333333333334,513.0,1
1695118735,515.3333333333334,513.0,1
1695118738,521.3333333333333,513.0,1
1695118741,520.6666666666666,513.0,1
1695118744,513.3333333333334,561.0,1
1695118747,28303.333333333336,813.0,1
1695118750,28813.0,816.0,1
1695118753,28941.666666666668,813.0,1
1695118756,28811.0,816.0,1
1695118759,28821.666666666664,819.0,1
1695118762,28801.666666666668,813.0,1
1695118765,28924.0,819.0,1
1695118768,28809.666666666668,819.0,1
1695118771,28885.666666666664,813.0,1
1695118774,28677.666666666664,816.0,1
1695118777,2252.6666666666665,516.0,1
1695118780,567.6666666666666,513.0,1
1695118783,513.0,513.0,1
1695118786,432.0,513.0,1
1695118789,562.3333333333334,516.0,1
1695118792,593.3333333333333,735.0,1
1695118795,4325.333333333333,735.0,1
1695118798,4309.0,741.0,1
1695118801,4338.333333333334,738.0,1
1695118804,4315.0,732.0,1
1695118807,4415.333333333334,753.0,1
1695118810,4345.666666666667,738.0,1
1695118813,4285.0,729.0,1
1695118816,4339.333333333334,738.0,1
1695118819,4354.333333333333,729.0,1
1695118822,1723.0,513.0,1
1695118825,516.0,513.0,1
1695118828,546.0,513.0,1
1695118831,516.6666666666666,513.0,1
1695118834,503.0,513.0,1
1695118837,578.3333333333334,825.0,1
1695118840,8143.666666666666,831.0,1
1695118843,8125.666666666667,828.0,1
1695118846,8257.0,837.0,1
1695118849,8141.666666666667,828.0,1
1695118852,8157.666666666667,834.0,1
1695118855,8124.0,837.0,1
1695118858,8120.0,840.0,1
1695118861,8118.666666666666,834.0,1
1695118864,8110.333333333333,834.0,1
1695118867,3155.0,519.0,1
1695118870,534.6666666666666,516.0,1
1695118873,541.6666666666666,525.0,1
1695118876,490.66666666666663,513.0,1
1695118879,542.0,513.0,1
1695118882,542.0,1029.0,1
1695118885,14736.333333333334,1029.0,1
1695118888,14746.666666666668,1038.0,1
1695118891,14727.0,1032.0,1
1695118894,14733.333333333332,1035.0,1
1695118897,14750.666666666668,1038.0,1
1695118900,14738.666666666668,1038.0,1
1695118903,14744.666666666666,1038.0,1
1695118906,14719.333333333332,1041.0,1
1695118909,14738.333333333334,1044.0,1
1695118912,7093.666666666667,531.0,1
1695118915,512.0,522.0,1
1695118918,470.3333333333333,525.0,1
1695118921,529.6666666666666,513.0,1
1695118924,492.6666666666667,513.0,1
1695118927,521.3333333333334,1035.0,1
1695118930,23210.666666666664,1038.0,1
1695118933,23226.0,1038.0,1
1695118936,23217.333333333332,1041.0,1
1695118939,23239.333333333336,1038.0,1
1695118942,23253.333333333332,1038.0,1
1695118945,23229.666666666668,1044.0,1
1695118948,23239.333333333336,1050.0,1
1695118951,23255.666666666668,1047.0,1
1695118954,23231.333333333332,1053.0,1
1695118957,13076.333333333332,696.0,1
1695118960,649.6666666666666,513.0,1
1695118963,519.3333333333334,513.0,1
1695118966,521.6666666666667,513.0,1
1695118969,507.6666666666667,513.0,1
1695118972,455.6666666666667,666.0,1
1695118975,28951.666666666668,1005.0,1
1695118978,29016.333333333332,1017.0,1
1695118981,28961.333333333336,1017.0,1
1695118984,28895.666666666668,1017.0,1
1695118987,29069.333333333336,1017.0,1
1695118990,28966.0,1026.0,1
1695118993,28988.0,1026.0,1
1695118996,29118.0,1023.0,1
1695118999,28964.333333333332,1029.0,1
1695119002,27707.333333333336,1029.0,1
1695119005,855.0,525.0,1
1695119008,487.0,513.0,1
1695119011,442.6666666666667,513.0,1
1695119014,495.6666666666667,513.0,1
1695119017,572.6666666666666,516.0,1
1695119020,22253.0,1020.0,1
1695119023,28864.666666666668,1014.0,1
1695119026,29074.666666666664,1014.0,1
1695119029,28774.666666666664,1023.0,1
1695119032,28898.666666666668,1017.0,1
1695119035,29034.333333333332,1029.0,1
1695119038,29048.666666666668,1032.0,1
1695119041,28976.0,1026.0,1
1695119044,28921.333333333332,1026.0,1
1695119047,29009.333333333332,1026.0,1
1695119050,10262.0,522.0,1
1695119053,530.3333333333334,516.0,1
1695119056,534.3333333333334,513.0,1
1695119059,504.6666666666667,513.0,1
1695119062,535.3333333333334,513.0,1
1695119065,604.6666666666667,600.0,1
1695119068,4217.666666666667,714.0,1
1695119071,4243.666666666667,711.0,1
1695119074,4233.333333333334,711.0,1
1695119077,4380.0,714.0,1
1695119080,4291.333333333333,711.0,1
1695119083,4248.333333333333,708.0,1
1695119086,4271.666666666666,711.0,1
1695119089,4265.333333333334,705.0,1
1695119092,4292.0,708.0,1
1695119095,2782.3333333333335,537.0,1
1695119098,529.3333333333333,513.0,1
1695119101,495.3333333333333,513.0,1
1695119104,439.6666666666667,513.0,1
1695119107,543.6666666666666,513.0,1
1695119110,573.6666666666667,753.0,1
1695119113,7941.333333333334,756.0,1
1695119116,7928.0,756.0,1
1695119119,7935.333333333333,756.0,1
1695119122,7903.333333333333,756.0,1
1695119125,7906.999999999999,753.0,1
1695119128,7905.333333333333,756.0,1
1695119131,7916.0,753.0,1
1695119134,7892.333333333333,756.0,1
1695119137,7958.666666666667,756.0,1
1695119140,5077.333333333334,600.0,1
1695119143,575.0,513.0,1
1695119146,664.6666666666666,513.0,1
1695119149,537.0,513.0,1
1695119152,567.0,513.0,1
1695119155,528.6666666666666,774.0,1
1695119158,14489.666666666668,897.0,1
1695119161,14354.999999999998,894.0,1
1695119164,14425.666666666668,897.0,1
1695119167,14486.0,897.0,1
1695119170,14523.333333333334,897.0,1
1695119173,14480.666666666666,897.0,1
1695119176,14458.0,900.0,1
1695119179,14505.000000000002,894.0,1
1695119182,14420.666666666668,897.0,1
1695119185,10574.0,840.0,1
1695119188,591.6666666666666,513.0,1
1695119191,533.0,513.0,1
1695119194,508.0,513.0,1
1695119197,538.6666666666666,513.0,1
1695119200,546.0,711.0,1
1695119203,22619.0,903.0,1
1695119206,22553.0,906.0,1
1695119209,22548.333333333332,900.0,1
1695119212,22629.333333333332,912.0,1
1695119215,22559.0,915.0,1
1695119218,22603.000000000004,909.0,1
1695119221,22608.0,912.0,1
1695119224,22646.333333333336,915.0,1
1695119227,22585.999999999996,912.0,1
1695119230,17843.333333333336,936.0,1
1695119233,548.6666666666666,513.0,1
1695119236,498.0,513.0,1
1695119239,537.0,513.0,1
1695119242,515.3333333333334,513.0,1
1695119245,523.6666666666666,570.0,1
1695119248,27749.0,924.0,1
1695119251,27621.0,918.0,1
1695119254,27866.666666666668,909.0,1
1695119257,27894.666666666664,909.0,1
1695119260,27808.333333333336,918.0,1
1695119263,27742.0,915.0,1
1695119266,27806.333333333332,918.0,1
1695119269,27899.333333333332,912.0,1
1695119272,27697.666666666664,915.0,1
1695119275,25173.666666666664,915.0,1
1695119278,560.0,522.0,1
1695119281,561.0,513.0,1
1695119284,521.6666666666667,513.0,1
1695119287,521.3333333333333,513.0,1
1695119290,516.0,513.0,1
1695119293,19962.666666666664,915.0,1
1695119296,27758.333333333332,918.0,1
1695119299,27793.333333333332,915.0,1
1695119302,27713.333333333332,918.0,1
1695119305,27551.666666666668,924.0,1
1695119308,27842.666666666668,924.0,1
1695119311,27774.0,918.0,1
1695119314,27615.0,921.0,1
1695119317,27856.666666666668,918.0,1
1695119320,27913.000000000004,915.0,1
1695119323,8905.0,513.0,1
1695119326,577.0,513.0,1
1695119329,505.0,513.0,1
1695119332,505.3333333333333,513.0,1
1695119335,537.6666666666667,513.0,1
1695119338,549.0,735.0,1
1695119341,4283.0,744.0,1
1695119344,4280.666666666667,747.0,1
1695119347,4273.333333333334,744.0,1
1695119350,4274.333333333334,738.0,1
1695119353,4245.333333333333,744.0,1
1695119356,4263.0,747.0,1
1695119359,4259.333333333334,744.0,1
1695119362,4278.666666666667,750.0,1
1695119365,4306.333333333333,744.0,1
1695119368,2758.3333333333335,597.0,1
1695119371,536.0,513.0,1
1695119374,543.0,513.0,1
1695119377,531.0,513.0,1
1695119380,522.3333333333333,513.0,1
1695119383,577.6666666666666,750.0,1
1695119386,7970.999999999999,801.0,1
1695119389,7910.0,807.0,1
1695119392,7946.999999999999,801.0,1
1695119395,7957.0,804.0,1
1695119398,7964.333333333333,804.0,1
1695119401,7949.333333333333,801.0,1
1695119404,7954.0,807.0,1
1695119407,7974.0,798.0,1
1695119410,7982.666666666667,801.0,1
1695119413,5486.333333333333,696.0,1
1695119416,553.0,522.0,1
1695119419,496.3333333333333,513.0,1
1695119422,487.66666666666663,513.0,1
1695119425,502.0,513.0,1
1695119428,738.3333333333333,990.0,1
1695119431,14536.666666666668,993.0,1
1695119434,14534.333333333334,993.0,1
1695119437,14551.0,993.0,1
1695119440,14568.666666666666,993.0,1
1695119443,14541.999999999998,990.0,1
1695119446,14741.666666666666,1002.0,1
1695119449,14538.666666666668,999.0,1
1695119452,14565.0,996.0,1
1695119455,14570.333333333334,996.0,1
1695119458,8222.333333333334,708.0,1
1695119461,495.0,519.0,1
1695119464,465.6666666666667,513.0,1
1695119467,507.66666666666663,513.0,1
1695119470,461.0,513.0,1
1695119473,505.3333333333333,606.0,1
1695119476,22595.0,999.0,1
1695119479,22698.666666666664,999.0,1
1695119482,22607.666666666668,1002.0,1
1695119485,22672.666666666668,999.0,1
1695119488,22757.0,1002.0,1
1695119491,22694.0,996.0,1
1695119494,22716.666666666664,1002.0,1
1695119497,22706.333333333332,999.0,1
1695119500,22660.333333333332,1008.0,1
1695119503,19468.0,996.0,1
1695119506,495.6666666666667,513.0,1
1695119509,554.6666666666666,513.0,1
1695119512,514.0,513.0,1
1695119515,474.6666666666667,513.0,1
1695119518,534.3333333333334,552.0,1
1695119521,27710.333333333336,990.0,1
1695119524,27825.666666666668,999.0,1
1695119527,27977.0,996.0,1
1695119530,28034.666666666668,996.0,1
1695119533,28068.666666666668,999.0,1
1695119536,28009.333333333332,1005.0,1
1695119539,27998.333333333336,996.0,1
1695119542,28021.333333333332,1002.0,1
1695119545,27960.0,996.0,1
1695119548,26559.0,1032.0,1
1695119551,870.3333333333333,513.0,1
1695119554,669.6666666666667,519.0,1
1695119557,515.3333333333334,513.0,1
1695119560,493.0,513.0,1
1695119563,524.3333333333334,513.0,1
1695119566,449.0,999.0,1
1695119569,28019.666666666668,1002.0,1
1695119572,28041.333333333336,1002.0,1
1695119575,27784.666666666668,990.0,1
1695119578,27912.0,996.0,1
1695119581,27912.333333333336,999.0,1
1695119584,28209.0,1011.0,1
1695119587,27879.333333333332,1002.0,1
1695119590,28092.666666666664,996.0,1
1695119593,28092.666666666668,996.0,1
1695119596,11634.666666666666,528.0,1
1695119599,495.0,513.0,1
1695119602,486.0,519.0,1
1695119605,511.0,525.0,1
1695119608,516.6666666666667,513.0,1
1695119611,582.3333333333333,669.0,1
1695119614,4328.0,783.0,1
1695119617,4314.666666666667,786.0,1
1695119620,4278.0,777.0,1
1695119623,4342.0,789.0,1
1695119626,4297.666666666667,780.0,1
1695119629,4317.0,786.0,1
1695119632,4324.666666666666,783.0,1
1695119635,4274.0,786.0,1
1695119638,4229.666666666666,780.0,1
1695119641,3317.333333333333,759.0,1
1695119644,640.6666666666667,513.0,1
1695119647,539.6666666666667,513.0,1
1695119650,495.0,513.0,1
1695119653,503.66666666666663,513.0,1
1695119656,576.0,666.0,1
1695119659,7956.666666666666,867.0,1
1695119662,7944.000000000001,873.0,1
1695119665,7947.333333333333,870.0,1
1695119668,8008.333333333333,873.0,1
1695119671,7978.666666666667,876.0,1
1695119674,7941.666666666667,876.0,1
1695119677,8018.0,885.0,1
1695119680,7972.333333333333,885.0,1
1695119683,7931.333333333333,882.0,1
1695119686,6173.333333333334,888.0,1
1695119689,526.6666666666667,519.0,1
1695119692,527.0,513.0,1
1695119695,508.33333333333337,513.0,1
1695119698,511.3333333333333,513.0,1
1695119701,565.0,570.0,1
1695119704,14640.666666666668,1125.0,1
1695119707,14614.333333333334,1125.0,1
1695119710,14589.333333333334,1128.0,1
1695119713,14607.666666666668,1128.0,1
1695119716,14621.666666666666,1134.0,1
1695119719,14502.0,1131.0,1
1695119722,14600.333333333334,1134.0,1
1695119725,14731.0,1143.0,1
1695119728,14619.333333333332,1137.0,1
1695119731,12495.333333333334,1140.0,1
1695119734,492.3333333333333,513.0,1
1695119737,570.0,513.0,1
1695119740,534.0,513.0,1
1695119743,647.6666666666666,513.0,1
1695119746,565.6666666666667,561.0,1
1695119749,22591.333333333336,1128.0,1
1695119752,22712.666666666664,1137.0,1
1695119755,22754.333333333332,1131.0,1
1695119758,22684.666666666664,1137.0,1
1695119761,22759.0,1143.0,1
1695119764,22709.0,1143.0,1
1695119767,22766.0,1146.0,1
1695119770,22684.0,1149.0,1
1695119773,22730.666666666668,1146.0,1
1695119776,21724.000000000004,1140.0,1
1695119779,553.3333333333333,513.0,1
1695119782,513.3333333333334,513.0,1
1695119785,494.3333333333333,513.0,1
1695119788,661.6666666666666,513.0,1
1695119791,505.3333333333333,552.0,1
1695119794,27361.000000000004,1116.0,1
1695119797,27827.333333333332,1116.0,1
1695119800,28082.999999999996,1116.0,1
1695119803,28040.333333333332,1119.0,1
1695119806,28030.666666666668,1116.0,1
1695119809,27996.333333333336,1116.0,1
1695119812,28119.0,1122.0,1
1695119815,28122.666666666668,1128.0,1
1695119818,27861.999999999996,1131.0,1
1695119821,27610.0,1128.0,1
1695119824,1755.0,522.0,1
1695119827,560.0,519.0,1
1695119830,530.3333333333333,513.0,1
1695119833,500.3333333333333,513.0,1
1695119836,553.0,519.0,1
1695119839,418.33333333333337,1116.0,1
1695119842,28090.333333333332,1110.0,1
1695119845,27965.666666666668,1113.0,1
1695119848,27831.666666666664,1119.0,1
1695119851,27807.333333333332,1107.0,1
1695119854,28107.333333333336,1131.0,1
1695119857,27843.333333333336,1131.0,1
1695119860,27838.666666666664,1125.0,1
1695119863,28195.333333333336,1128.0,1
1695119866,27993.333333333332,1128.0,1
1695119869,10429.666666666666,564.0,1
1695119872,553.3333333333334,513.0,1
1695119875,509.6666666666667,516.0,1
1695119878,518.0,513.0,1
1695119881,530.0,516.0,1
1695119884,580.3333333333334,726.0,1
1695119887,4253.333333333334,738.0,1
1695119890,4271.666666666667,723.0,1
1695119893,4283.666666666667,729.0,1
1695119896,4242.333333333334,726.0,1
1695119899,4304.333333333333,729.0,1
1695119902,4249.0,729.0,1
1695119905,4243.666666666667,732.0,1
1695119908,4342.666666666667,738.0,1
1695119911,4256.666666666666,726.0,1
1695119914,2345.333333333333,576.0,1
1695119917,572.3333333333333,513.0,1
1695119920,532.3333333333333,513.0,1
1695119923,520.0,513.0,1
1695119926,497.0,513.0,1
1695119929,567.3333333333334,705.0,1
1695119932,7956.0,753.0,1
1695119935,7887.666666666667,750.0,1
1695119938,7891.0,756.0,1
1695119941,7908.333333333334,750.0,1
1695119944,7867.333333333333,756.0,1
1695119947,7940.0,750.0,1
1695119950,7938.333333333334,753.0,1
1695119953,7943.666666666666,759.0,1
1695119956,7915.333333333334,756.0,1
1695119959,4852.333333333333,672.0,1
1695119962,556.0,513.0,1
1695119965,504.0,513.0,1
1695119968,491.0,513.0,1
1695119971,530.3333333333333,513.0,1
1695119974,587.3333333333334,726.0,1
1695119977,14447.666666666666,906.0,1
1695119980,14466.333333333334,900.0,1
1695119983,14435.333333333332,900.0,1
1695119986,14425.666666666666,900.0,1
1695119989,14460.0,912.0,1
1695119992,14454.0,903.0,1
1695119995,14419.666666666666,903.0,1
1695119998,14412.0,909.0,1
1695120001,14460.0,906.0,1
1695120004,9234.0,561.0,1
1695120007,535.3333333333333,513.0,1
1695120010,516.6666666666667,513.0,1
1695120013,501.33333333333337,513.0,1
1695120016,502.0,513.0,1
1695120019,577.0,909.0,1
1695120022,22522.333333333336,909.0,1
1695120025,22563.666666666668,915.0,1
1695120028,22711.666666666664,921.0,1
1695120031,22604.333333333332,918.0,1
1695120034,22562.333333333332,909.0,1
1695120037,22650.666666666668,912.0,1
1695120040,22642.666666666664,921.0,1
1695120043,22575.666666666668,915.0,1
1695120046,22833.0,909.0,1
1695120049,16638.0,792.0,1
1695120052,694.6666666666667,513.0,1
1695120055,499.66666666666663,513.0,1
1695120058,518.0,513.0,1
1695120061,524.6666666666666,513.0,1
1695120064,509.3333333333333,840.0,1
1695120067,27558.666666666668,918.0,1
1695120070,27737.666666666668,921.0,1
1695120073,27547.0,915.0,1
1695120076,27681.333333333336,921.0,1
1695120079,27599.666666666668,918.0,1
1695120082,27524.666666666668,915.0,1
1695120085,27521.666666666664,924.0,1
1695120088,27568.333333333332,921.0,1
1695120091,27663.333333333332,921.0,1
1695120094,23962.666666666664,987.0,1
1695120097,524.3333333333334,513.0,1
1695120100,550.0,513.0,1
1695120103,504.33333333333337,513.0,1
1695120106,495.0,513.0,1
1695120109,591.3333333333334,543.0,1
1695120112,21406.666666666664,921.0,1
1695120115,27630.0,918.0,1
1695120118,27623.0,921.0,1
1695120121,27674.666666666664,924.0,1
1695120124,27761.333333333332,921.0,1
1695120127,27680.333333333336,918.0,1
1695120130,27705.0,921.0,1
1695120133,27539.0,924.0,1
1695120136,27678.333333333336,918.0,1
1695120139,27630.333333333332,915.0,1
1695120142,8822.666666666666,555.0,1
1695120145,526.6666666666666,513.0,1
1695120148,455.0,513.0,1
1695120151,567.0,513.0,1
1695120154,519.3333333333334,519.0,1
1695120157,614.6666666666666,714.0,1
1695120160,4346.0,765.0,1
1695120163,4319.666666666666,759.0,1
1695120166,4314.0,756.0,1
1695120169,4347.666666666667,750.0,1
1695120172,4458.0,753.0,1
1695120175,4271.0,753.0,1
1695120178,4291.333333333333,756.0,1
1695120181,4312.0,753.0,1
1695120184,4267.0,753.0,1
1695120187,2657.6666666666665,513.0,1
1695120190,524.3333333333333,525.0,1
1695120193,534.6666666666666,513.0,1
1695120196,504.33333333333337,513.0,1
1695120199,513.6666666666667,513.0,1
1695120202,598.0,645.0,1
1695120205,7934.666666666667,798.0,1
1695120208,7986.666666666667,798.0,1
1695120211,7963.333333333333,804.0,1
1695120214,7992.666666666667,801.0,1
1695120217,8036.333333333333,804.0,1
1695120220,7985.666666666667,798.0,1
1695120223,8032.0,801.0,1
1695120226,7985.666666666667,798.0,1
1695120229,7957.0,795.0,1
1695120232,5517.333333333334,570.0,1
1695120235,532.0,513.0,1
1695120238,502.0,513.0,1
1695120241,498.66666666666663,513.0,1
1695120244,520.3333333333334,513.0,1
1695120247,543.6666666666666,963.0,1
1695120250,14524.333333333334,990.0,1
1695120253,14536.0,993.0,1
1695120256,14467.666666666668,996.0,1
1695120259,14542.666666666666,990.0,1
1695120262,14521.666666666666,990.0,1
1695120265,14536.999999999998,996.0,1
1695120268,14485.0,996.0,1
1695120271,14630.0,996.0,1
1695120274,14514.666666666666,999.0,1
1695120277,10921.0,816.0,1
1695120280,560.6666666666666,516.0,1
1695120283,511.66666666666663,522.0,1
1695120286,659.0,513.0,1
1695120289,455.0,516.0,1
1695120292,520.3333333333333,846.0,1
1695120295,22646.333333333332,1002.0,1
1695120298,22704.0,1005.0,1
1695120301,22639.0,999.0,1
1695120304,22738.333333333332,1002.0,1
1695120307,22664.333333333336,1002.0,1
1695120310,22723.0,1002.0,1
1695120313,22704.666666666668,999.0,1
1695120316,22655.0,1002.0,1
1695120319,22658.666666666668,1005.0,1
1695120322,19223.0,1011.0,1
1695120325,536.6666666666667,519.0,1
1695120328,542.6666666666667,513.0,1
1695120331,516.0,513.0,1
1695120334,524.6666666666667,513.0,1
1695120337,569.6666666666666,591.0,1
1695120340,27378.0,1002.0,1
1695120343,27928.0,1002.0,1
1695120346,27668.666666666664,1002.0,1
1695120349,27609.666666666668,1005.0,1
1695120352,27837.333333333332,1005.0,1
1695120355,27797.666666666668,1005.0,1
1695120358,27829.0,1005.0,1
1695120361,27936.333333333336,1002.0,1
1695120364,27826.333333333336,1005.0,1
1695120367,27667.0,1008.0,1
1695120370,2580.0,513.0,1
1695120373,528.6666666666666,513.0,1
1695120376,499.3333333333333,513.0,1
1695120379,526.6666666666666,513.0,1
1695120382,565.6666666666666,525.0,1
1695120385,20096.666666666668,1005.0,1
1695120388,27667.0,999.0,1
1695120391,27829.333333333332,1002.0,1
1695120394,27872.666666666668,999.0,1
1695120397,27614.333333333332,1008.0,1
1695120400,27615.666666666668,1005.0,1
1695120403,27697.333333333332,1008.0,1
1695120406,27611.0,1008.0,1
1695120409,27689.0,1008.0,1
1695120412,27903.333333333336,1005.0,1
1695120415,10089.333333333334,513.0,1
1695120418,648.0,516.0,1
1695120421,526.6666666666666,516.0,1
1695120424,490.66666666666663,513.0,1
1695120427,517.0,513.0,1
1695120430,587.3333333333334,600.0,1
1695120433,4247.666666666667,789.0,1
1695120436,4290.333333333334,795.0,1
1695120439,4289.0,789.0,1
1695120442,4300.0,792.0,1
1695120445,4291.666666666667,795.0,1
1695120448,4302.333333333334,798.0,1
1695120451,4250.333333333334,798.0,1
1695120454,4261.0,798.0,1
1695120457,4304.0,795.0,1
1695120460,3120.333333333333,609.0,1
1695120463,544.3333333333334,513.0,1
1695120466,473.33333333333337,513.0,1
1695120469,518.6666666666666,513.0,1
1695120472,515.6666666666666,513.0,1
1695120475,558.6666666666667,822.0,1
1695120478,8036.333333333333,867.0,1
1695120481,8029.666666666666,870.0,1
1695120484,7978.666666666666,873.0,1
1695120487,8039.666666666667,867.0,1
1695120490,7990.333333333333,870.0,1
1695120493,8038.0,873.0,1
1695120496,8008.333333333333,876.0,1
1695120499,8045.333333333334,870.0,1
1695120502,8019.0,873.0,1
1695120505,6057.0,741.0,1
1695120508,676.6666666666666,513.0,1
1695120511,540.0,513.0,1
1695120514,484.3333333333333,522.0,1
1695120517,521.0,513.0,1
1695120520,552.6666666666666,924.0,1
1695120523,14562.666666666666,1125.0,1
1695120526,14558.333333333334,1122.0,1
1695120529,14397.0,1122.0,1
1695120532,14413.666666666666,1125.0,1
1695120535,14407.666666666666,1119.0,1
1695120538,14430.333333333332,1134.0,1
1695120541,14425.0,1134.0,1
1695120544,14443.333333333332,1134.0,1
1695120547,14438.666666666666,1131.0,1
1695120550,11136.333333333332,1056.0,1
1695120553,469.3333333333333,531.0,1
1695120556,464.0,513.0,1
1695120559,549.6666666666666,513.0,1
1695120562,500.0,513.0,1
1695120565,539.0,693.0,1
1695120568,22695.999999999996,1131.0,1
1695120571,22772.333333333332,1125.0,1
1695120574,22797.333333333332,1125.0,1
1695120577,22777.000000000004,1128.0,1
1695120580,22669.0,1131.0,1
1695120583,22760.666666666664,1140.0,1
1695120586,22761.333333333336,1143.0,1
1695120589,22746.666666666664,1143.0,1
1695120592,22733.666666666668,1152.0,1
1695120595,20332.0,1137.0,1
1695120598,509.0,519.0,1
1695120601,547.0,513.0,1
1695120604,510.66666666666663,513.0,1
1695120607,523.3333333333334,513.0,1
1695120610,550.3333333333333,513.0,1
1695120613,21262.666666666668,1122.0,1
1695120616,27768.0,1125.0,1
1695120619,27804.333333333332,1125.0,1
1695120622,27787.666666666668,1116.0,1
1695120625,27867.0,1122.0,1
1695120628,27769.666666666664,1116.0,1
1695120631,27980.0,1137.0,1
1695120634,27906.333333333332,1131.0,1
1695120637,27701.333333333336,1131.0,1
1695120640,27760.666666666668,1131.0,1
1695120643,9624.333333333334,513.0,1
1695120646,710.0,513.0,1
1695120649,517.0,513.0,1
1695120652,531.6666666666666,513.0,1
1695120655,504.0,513.0,1
1695120658,543.6666666666667,1128.0,1
1695120661,27898.666666666668,1122.0,1
1695120664,27938.0,1131.0,1
1695120667,27891.666666666664,1122.0,1
1695120670,27872.0,1122.0,1
1695120673,27907.0,1122.0,1
1695120676,27832.333333333332,1134.0,1
1695120679,27464.666666666668,1143.0,1
1695120682,27800.333333333332,1137.0,1
1695120685,28038.666666666668,1128.0,1
1695120688,19518.666666666668,966.0,1
1695120691,517.6666666666666,531.0,1
1695120694,529.6666666666666,516.0,1
1695120697,507.6666666666667,513.0,1
1695120700,535.3333333333333,513.0,1
1695120703,582.6666666666667,552.0,1
1695120706,4113.666666666667,639.0,1
1695120709,4325.0,645.0,1
1695120712,4301.0,645.0,1
1695120715,4281.0,642.0,1
1695120718,4269.666666666666,645.0,1
1695120721,4333.0,648.0,1
1695120724,4275.333333333334,651.0,1
1695120727,4198.333333333333,663.0,1
1695120730,4303.333333333333,663.0,1
1695120733,4238.333333333333,660.0,1
1695120736,4152.666666666667,660.0,1
1695120739,4320.0,666.0,1
1695120742,4327.666666666667,642.0,1
1695120745,2899.6666666666665,618.0,1
1695120748,527.0,513.0,1
1695120751,557.3333333333334,513.0,1
1695120754,499.6666666666667,513.0,1
1695120757,551.0,513.0,1
1695120760,576.3333333333333,552.0,1
1695120763,7995.333333333333,675.0,1
1695120766,8001.0,681.0,1
1695120769,7996.333333333333,705.0,1
1695120772,7977.333333333333,732.0,1
1695120775,7949.000000000001,726.0,1
1695120778,7942.333333333333,726.0,1
1695120781,7982.0,732.0,1
1695120784,7948.333333333333,750.0,1
1695120787,7980.666666666666,750.0,1
1695120790,7892.666666666666,726.0,1
1695120793,7753.666666666667,759.0,1
1695120796,8026.666666666667,657.0,1
1695120799,4382.333333333333,513.0,1
1695120802,553.0,519.0,1
1695120805,543.0,513.0,1
1695120808,542.3333333333334,513.0,1
1695120811,546.3333333333334,513.0,1
1695120814,521.0,663.0,1
1695120817,14538.0,720.0,1
1695120820,14512.666666666668,837.0,1
1695120823,14499.333333333332,843.0,1
1695120826,14435.666666666666,867.0,1
1695120829,14609.666666666666,900.0,1
1695120832,14460.0,894.0,1
1695120835,14410.333333333334,906.0,1
1695120838,14378.0,888.0,1
1695120841,14451.0,897.0,1
1695120844,14318.333333333334,903.0,1
1695120847,10270.333333333334,816.0,1
1695120850,507.6666666666667,513.0,1
1695120853,549.3333333333334,513.0,1
1695120856,508.3333333333333,513.0,1
1695120859,552.3333333333334,513.0,1
1695120862,545.3333333333334,558.0,1
1695120865,22648.333333333332,744.0,1
1695120868,22704.0,867.0,1
1695120871,22711.333333333336,873.0,1
1695120874,22576.333333333332,924.0,1
1695120877,22575.666666666668,924.0,1
1695120880,22636.666666666668,927.0,1
1695120883,22588.333333333332,927.0,1
1695120886,22582.666666666668,921.0,1
1695120889,22634.0,927.0,1
1695120892,22556.333333333332,927.0,1
1695120895,19348.333333333332,864.0,1
1695120898,5962.666666666667,513.0,1
1695120901,558.3333333333334,513.0,1
1695120904,502.3333333333333,513.0,1
1695120907,529.6666666666666,513.0,1
1695120910,533.0,513.0,1
1695120913,271.0,741.0,1
1695120916,28013.333333333332,864.0,1
1695120919,27887.333333333336,930.0,1
1695120922,27537.333333333332,933.0,1
1695120925,27710.333333333336,933.0,1
1695120928,27715.666666666668,933.0,1
1695120931,27593.333333333332,930.0,1
1695120934,27802.666666666668,933.0,1
1695120937,27567.666666666664,933.0,1
1695120940,27724.999999999996,933.0,1
1695120943,20858.0,990.0,1
1695120946,608.0,516.0,1
1695120949,534.3333333333334,513.0,1
1695120952,523.0,513.0,1
1695120955,499.3333333333333,513.0,1
1695120958,554.0,672.0,1
1695120961,4327.333333333333,681.0,1
1695120964,4298.333333333333,678.0,1
1695120967,4327.0,681.0,1
1695120970,4327.0,678.0,1
1695120973,4282.666666666667,687.0,1
1695120976,4251.0,693.0,1
1695120979,4456.333333333333,693.0,1
1695120982,4304.0,696.0,1
1695120985,4254.333333333334,699.0,1
1695120988,4198.0,702.0,1
1695120991,4202.333333333334,723.0,1
1695120994,4126.333333333333,723.0,1
1695120997,4163.666666666666,738.0,1
1695121000,4145.666666666666,723.0,1
1695121003,4291.333333333333,675.0,1
1695121006,1431.0,513.0,1
1695121009,561.3333333333334,513.0,1
1695121012,520.3333333333334,513.0,1
1695121015,506.66666666666663,513.0,1
1695121018,523.0,513.0,1
1695121021,592.0,741.0,1
1695121024,8001.666666666667,744.0,1
1695121027,7983.333333333333,783.0,1
1695121030,8007.333333333334,789.0,1
1695121033,7990.333333333333,792.0,1
1695121036,7954.666666666667,780.0,1
1695121039,7989.0,801.0,1
1695121042,7966.0,789.0,1
1695121045,7938.333333333333,798.0,1
1695121048,7943.0,801.0,1
1695121051,7833.0,816.0,1
1695121054,7730.666666666667,816.0,1
1695121057,7898.0,741.0,1
1695121060,3918.3333333333335,513.0,1
1695121063,524.3333333333334,519.0,1
1695121066,500.3333333333333,513.0,1
1695121069,522.6666666666667,513.0,1
1695121072,679.6666666666666,513.0,1
1695121075,519.3333333333333,726.0,1
1695121078,14591.333333333332,858.0,1
1695121081,14553.333333333332,948.0,1
1695121084,14555.0,942.0,1
1695121087,14566.333333333332,1002.0,1
1695121090,14589.0,1014.0,1
1695121093,14531.333333333334,1011.0,1
1695121096,14555.0,1005.0,1
1695121099,14523.0,1008.0,1
1695121102,14549.666666666666,1011.0,1
1695121105,14344.0,1002.0,1
1695121108,10561.333333333334,819.0,1
1695121111,551.6666666666666,513.0,1
1695121114,541.6666666666666,516.0,1
1695121117,497.0,513.0,1
1695121120,563.0,513.0,1
1695121123,513.6666666666667,558.0,1
1695121126,22855.0,912.0,1
1695121129,22780.666666666668,993.0,1
1695121132,22760.666666666664,1029.0,1
1695121135,22695.333333333336,1026.0,1
1695121138,22631.0,1023.0,1
1695121141,22702.666666666668,1029.0,1
1695121144,22573.0,1041.0,1
1695121147,22694.333333333332,1029.0,1
1695121150,22739.666666666668,1026.0,1
1695121153,22724.0,1023.0,1
1695121156,16593.0,780.0,1
1695121159,530.3333333333334,513.0,1
1695121162,568.3333333333333,513.0,1
1695121165,505.6666666666667,513.0,1
1695121168,494.6666666666667,513.0,1
1695121171,574.3333333333334,555.0,1
1695121174,27724.666666666668,1038.0,1
1695121177,27877.666666666668,1029.0,1
1695121180,27839.333333333336,1026.0,1
1695121183,27593.0,1035.0,1
1695121186,27886.666666666668,1038.0,1
1695121189,27810.666666666664,1029.0,1
1695121192,27897.666666666664,1032.0,1
1695121195,27768.999999999996,1032.0,1
1695121198,27974.333333333332,1029.0,1
1695121201,27841.0,1032.0,1
1695121204,9655.666666666666,513.0,1
1695121207,512.3333333333334,519.0,1
1695121210,493.3333333333333,513.0,1
1695121213,523.3333333333333,513.0,1
1695121216,539.6666666666666,546.0,1
1695121219,547.6666666666666,741.0,1
1695121222,4336.0,744.0,1
1695121225,4408.666666666666,744.0,1
1695121228,4253.666666666667,747.0,1
1695121231,4273.666666666667,756.0,1
1695121234,4300.333333333334,759.0,1
1695121237,4296.333333333333,756.0,1
1695121240,4297.666666666666,759.0,1
1695121243,4340.666666666667,750.0,1
1695121246,4460.333333333333,759.0,1
1695121249,4235.333333333333,768.0,1
1695121252,4135.666666666667,762.0,1
1695121255,4199.333333333333,765.0,1
1695121258,2934.0,651.0,1
1695121261,504.33333333333337,513.0,1
1695121264,523.3333333333334,513.0,1
1695121267,541.0,513.0,1
1695121270,505.66666666666663,513.0,1
1695121273,537.6666666666666,579.0,1
1695121276,8084.0,840.0,1
1695121279,8012.666666666667,867.0,1
1695121282,7972.333333333334,861.0,1
1695121285,7967.666666666667,867.0,1
1695121288,7979.666666666667,876.0,1
1695121291,7951.666666666667,876.0,1
1695121294,7944.333333333333,888.0,1
1695121297,7989.0,891.0,1
1695121300,7975.333333333333,885.0,1
1695121303,7891.0,888.0,1
1695121306,7737.666666666667,897.0,1
1695121309,6881.333333333333,816.0,1
1695121312,515.3333333333334,519.0,1
1695121315,515.6666666666666,513.0,1
1695121318,528.3333333333334,513.0,1
1695121321,524.6666666666666,513.0,1
1695121324,563.6666666666666,573.0,1
1695121327,14659.333333333334,1044.0,1
1695121330,14542.0,1113.0,1
1695121333,14540.666666666666,1110.0,1
1695121336,14583.666666666666,1149.0,1
1695121339,14529.0,1143.0,1
1695121342,14554.333333333334,1149.0,1
1695121345,14546.333333333334,1155.0,1
1695121348,14536.333333333334,1152.0,1
1695121351,14659.333333333332,1149.0,1
1695121354,14474.333333333332,1155.0,1
1695121357,7701.333333333334,654.0,1
1695121360,515.0,522.0,1
1695121363,527.3333333333334,513.0,1
1695121366,515.3333333333334,513.0,1
1695121369,537.3333333333333,513.0,1
1695121372,538.0,537.0,1
1695121375,22737.333333333332,1146.0,1
1695121378,22812.666666666668,1158.0,1
1695121381,22724.0,1173.0,1
1695121384,22813.333333333332,1170.0,1
1695121387,22701.0,1170.0,1
1695121390,22773.333333333332,1179.0,1
1695121393,22745.666666666664,1179.0,1
1695121396,22736.0,1179.0,1
1695121399,22760.0,1188.0,1
1695121402,22699.666666666664,1179.0,1
1695121405,14758.333333333334,819.0,1
1695121408,554.3333333333333,513.0,1
1695121411,511.0,513.0,1
1695121414,489.3333333333333,516.0,1
1695121417,531.0,513.0,1
1695121420,454.6666666666667,879.0,1
1695121423,28181.333333333336,1170.0,1
1695121426,27942.666666666664,1164.0,1
1695121429,27939.333333333336,1158.0,1
1695121432,27869.666666666664,1167.0,1
1695121435,27790.333333333332,1176.0,1
1695121438,27867.0,1170.0,1
1695121441,27932.0,1176.0,1
1695121444,27949.999999999996,1179.0,1
1695121447,27725.0,1173.0,1
1695121450,27850.666666666668,1167.0,1
1695121453,4025.3333333333335,516.0,1
1695121456,559.6666666666666,531.0,1
1695121459,534.0,513.0,1
1695121462,509.6666666666667,513.0,1
1695121465,648.3333333333334,513.0,1
1695121468,503.66666666666663,624.0,1
1695121471,485.0,615.0,1
1695121474,392.3333333333333,615.0,1
1695121477,465.66666666666663,615.0,1
1695121480,409.0,618.0,1
1695121483,341.6666666666667,615.0,1
1695121486,429.0,615.0,1
1695121489,439.66666666666663,609.0,1
1695121492,424.33333333333337,615.0,1
1695121495,434.0,612.0,1
1695121498,485.0,513.0,1
1695121501,566.3333333333334,513.0,1
1695121504,501.66666666666663,513.0,1
1695121507,518.0,513.0,1
1695121510,486.3333333333333,513.0,1
1695121513,506.0,609.0,1
1695121516,419.6666666666667,615.0,1
1695121519,451.0,612.0,1
1695121522,415.0,612.0,1
1695121525,374.6666666666667,612.0,1
1695121528,415.3333333333333,615.0,1
1695121531,404.33333333333337,615.0,1
1695121534,449.3333333333333,612.0,1
1695121537,453.3333333333333,615.0,1
1695121540,435.66666666666663,612.0,1
1695121543,499.3333333333333,513.0,1
1695121546,696.6666666666666,513.0,1
1695121549,500.3333333333333,513.0,1
1695121552,506.0,513.0,1
1695121555,507.0,513.0,1
1695121558,457.3333333333333,612.0,1
1695121561,426.6666666666667,612.0,1
1695121564,442.3333333333333,618.0,1
1695121567,436.33333333333337,615.0,1
1695121570,406.3333333333333,615.0,1
1695121573,449.66666666666663,612.0,1
1695121576,391.6666666666667,624.0,1
1695121579,431.3333333333333,609.0,1
1695121582,419.6666666666667,615.0,1
1695121585,391.3333333333333,609.0,1
1695121588,443.6666666666667,528.0,1
1695121591,528.3333333333334,513.0,1
1695121594,500.33333333333337,513.0,1
1695121597,524.6666666666666,516.0,1
1695121600,491.0,513.0,1
1695121603,462.3333333333333,612.0,1
1695121606,446.3333333333333,609.0,1
1695121609,446.33333333333337,615.0,1
1695121612,569.6666666666666,618.0,1
1695121615,422.3333333333333,618.0,1
1695121618,426.33333333333337,618.0,1
1695121621,454.66666666666663,609.0,1
1695121624,411.6666666666667,612.0,1
1695121627,461.0,612.0,1
1695121630,436.3333333333333,615.0,1
1695121633,476.3333333333333,513.0,1
1695121636,571.6666666666666,513.0,1
1695121639,521.0,513.0,1
1695121642,508.66666666666663,513.0,1
1695121645,486.0,513.0,1
1695121648,524.3333333333334,663.0,1
1695121651,438.0,615.0,1
1695121654,428.6666666666667,621.0,1
1695121657,467.0,609.0,1
1695121660,412.0,612.0,1
1695121663,416.66666666666663,615.0,1
1695121666,398.6666666666667,615.0,1
1695121669,448.3333333333333,612.0,1
1695121672,434.3333333333333,612.0,1
1695121675,445.6666666666667,609.0,1
1695121678,420.0,579.0,1
1695121681,521.3333333333333,513.0,1
1695121684,510.0,513.0,1
1695121687,511.0,513.0,1
1695121690,504.3333333333333,513.0,1
1695121693,472.6666666666667,633.0,1
1695121696,431.0,612.0,1
1695121699,572.3333333333334,609.0,1
1695121702,395.3333333333333,612.0,1
1695121705,421.6666666666667,612.0,1
1695121708,411.6666666666667,618.0,1
1695121711,424.0,615.0,1
1695121714,404.6666666666667,615.0,1
1695121717,451.0,618.0,1
1695121720,433.0,612.0,1
1695121723,454.0,609.0,1
1695121726,548.0,513.0,1
1695121729,554.6666666666666,513.0,1
1695121732,497.0,513.0,1
1695121735,498.66666666666663,513.0,1
1695121738,538.6666666666667,579.0,1
1695121741,412.3333333333333,612.0,1
1695121744,382.6666666666667,609.0,1
1695121747,447.6666666666667,612.0,1
1695121750,440.0,615.0,1
1695121753,409.33333333333337,612.0,1
1695121756,398.66666666666663,612.0,1
1695121759,477.0,612.0,1
1695121762,378.66666666666663,612.0,1
1695121765,410.0,615.0,1
1695121768,528.3333333333334,531.0,1
1695121771,538.3333333333334,522.0,1
1695121774,486.3333333333333,513.0,1
1695121777,517.6666666666666,519.0,1
1695121780,536.0,513.0,1
1695121783,513.0,540.0,1
1695121786,429.0,609.0,1
1695121789,453.0,615.0,1
1695121792,401.33333333333337,612.0,1
1695121795,417.3333333333333,609.0,1
1695121798,408.0,609.0,1
1695121801,450.3333333333333,612.0,1
1695121804,422.3333333333333,606.0,1
1695121807,431.3333333333333,612.0,1
1695121810,460.3333333333333,612.0,1
1695121813,425.6666666666667,582.0,1
1695121816,650.3333333333333,522.0,1
1695121819,541.3333333333334,513.0,1
1695121822,509.0,513.0,1
1695121825,493.0,513.0,1
1695121828,492.0,621.0,1
1695121831,444.33333333333337,609.0,1
1695121834,407.3333333333333,612.0,1
1695121837,437.3333333333333,618.0,1
1695121840,448.0,618.0,1
1695121843,453.3333333333333,609.0,1
1695121846,483.6666666666667,609.0,1
1695121849,454.33333333333337,612.0,1
1695121852,450.6666666666667,615.0,1
1695121855,408.66666666666663,609.0,1
1695121858,657.0,552.0,1
1695121861,596.6666666666666,522.0,1
1695121864,490.33333333333337,513.0,1
1695121867,512.0,513.0,1
1695121870,491.3333333333333,513.0,1
1695121873,465.0,633.0,1
1695121876,428.3333333333333,609.0,1
1695121879,435.66666666666663,612.0,1
1695121882,442.6666666666667,612.0,1
1695121885,400.3333333333333,612.0,1
1695121888,423.0,606.0,1
1695121891,449.3333333333333,612.0,1
1695121894,418.6666666666667,609.0,1
1695121897,463.6666666666667,615.0,1
1695121900,426.66666666666663,612.0,1
1695121903,490.0,540.0,1
1695121906,573.0,513.0,1
1695121909,505.3333333333333,513.0,1
1695121912,515.6666666666666,513.0,1
1695121915,478.6666666666667,513.0,1
1695121918,465.66666666666663,663.0,1
1695121921,439.3333333333333,618.0,1
1695121924,378.6666666666667,609.0,1
1695121927,447.3333333333333,609.0,1
1695121930,432.66666666666663,618.0,1
1695121933,428.6666666666667,612.0,1
1695121936,379.6666666666667,606.0,1
1695121939,448.0,612.0,1
1695121942,415.6666666666667,618.0,1
1695121945,439.3333333333333,618.0,1
1695121948,422.33333333333337,579.0,1
1695121951,544.3333333333334,513.0,1
1695121954,505.6666666666667,513.0,1
1695121957,509.3333333333333,513.0,1
1695121960,496.0,516.0,1
1695121963,667.3333333333333,642.0,1
1695121966,423.3333333333333,612.0,1
1695121969,460.33333333333337,624.0,1
1695121972,430.33333333333337,612.0,1
1695121975,438.3333333333333,609.0,1
1695121978,424.3333333333333,615.0,1
1695121981,435.0,606.0,1
1695121984,443.6666666666667,615.0,1
1695121987,424.0,615.0,1
1695121990,431.0,612.0,1
1695121993,474.3333333333333,606.0,1
1695121996,545.6666666666667,513.0,1
1695121999,529.0,513.0,1
1695122002,506.6666666666667,513.0,1
1695122005,502.33333333333337,513.0,1
1695122008,516.6666666666666,600.0,1
1695122011,427.0,615.0,1
1695122014,428.3333333333333,621.0,1
1695122017,448.66666666666663,609.0,1
1695122020,436.33333333333337,615.0,1
1695122023,382.6666666666667,612.0,1
1695122026,428.66666666666663,609.0,1
1695122029,444.6666666666667,612.0,1
1695122032,412.0,612.0,1
1695122035,428.3333333333333,618.0,1
1695122038,472.0,513.0,1
1695122041,553.6666666666667,513.0,1
1695122044,474.0,522.0,1
1695122047,564.0,513.0,1
1695122050,480.6666666666667,513.0,1
1695122053,511.66666666666663,558.0,1
1695122056,431.6666666666667,615.0,1
1695122059,467.66666666666663,612.0,1
1695122062,407.0,609.0,1
1695122065,438.0,618.0,1
1695122068,408.0,618.0,1
1695122071,444.6666666666667,618.0,1
1695122074,387.66666666666663,612.0,1
1695122077,477.33333333333337,612.0,1
1695122080,432.6666666666667,615.0,1
1695122083,557.6666666666667,558.0,1
1695122086,566.3333333333333,528.0,1
1695122089,533.3333333333334,513.0,1
1695122092,520.3333333333333,513.0,1
1695122095,499.3333333333333,513.0,1
1695122098,524.3333333333333,645.0,1
1695122101,437.0,615.0,1
1695122104,416.6666666666667,615.0,1
1695122107,451.6666666666667,612.0,1
1695122110,408.0,615.0,1
1695122113,453.6666666666667,609.0,1
1695122116,404.6666666666667,609.0,1
1695122119,447.0,612.0,1
1695122122,439.6666666666667,615.0,1
1695122125,389.0,615.0,1
1695122128,501.33333333333337,570.0,1
1695122131,511.66666666666663,516.0,1
1695122134,549.3333333333333,513.0,1
1695122137,521.3333333333333,519.0,1
1695122140,493.66666666666663,513.0,1
1695122143,541.6666666666666,621.0,1
1695122146,616.0,615.0,1
1695122149,486.33333333333337,618.0,1
1695122152,413.3333333333333,609.0,1
1695122155,413.33333333333337,612.0,1
1695122158,416.0,621.0,1
1695122161,470.6666666666667,612.0,1
1695122164,403.33333333333337,615.0,1
1695122167,446.66666666666663,612.0,1
1695122170,439.33333333333337,612.0,1
1695122173,452.66666666666663,612.0,1
1695122176,493.66666666666663,513.0,1
1695122179,571.6666666666667,513.0,1
1695122182,494.33333333333337,513.0,1
1695122185,487.3333333333333,513.0,1
1695122188,528.0,561.0,1
1695122191,703.3333333333333,612.0,1
1695122194,394.0,612.0,1
1695122197,426.0,612.0,1
1695122200,425.66666666666663,621.0,1
1695122203,431.66666666666663,609.0,1
1695122206,406.3333333333333,615.0,1
1695122209,456.0,618.0,1
1695122212,436.3333333333333,609.0,1
1695122215,428.0,606.0,1
1695122218,408.0,615.0,1
1695122221,535.6666666666667,513.0,1
1695122224,659.3333333333333,513.0,1
1695122227,500.33333333333337,513.0,1
1695122230,535.3333333333334,513.0,1
1695122233,524.0,549.0,1
1695122236,788.0,612.0,1
1695122239,451.3333333333333,615.0,1
1695122242,429.0,612.0,1
1695122245,417.0,612.0,1
1695122248,440.0,609.0,1
1695122251,433.3333333333333,609.0,1
1695122254,416.3333333333333,609.0,1
1695122257,416.6666666666667,612.0,1
1695122260,406.3333333333333,618.0,1
1695122263,442.0,615.0,1
1695122266,500.3333333333333,513.0,1
