timestamp,kubelet_cpu_usage,kubelet_memory_bytes,platform_power,node_type
1695115663,0.0,0.0,570.0,1
1695115666,0.3333333333333333,9516373.333333332,546.0,1
1695115669,0.6666666666666666,3822933.333333333,513.0,1
1695115672,0.0,43690.666666666664,513.0,1
1695115675,3.0,8399530.666666666,513.0,1
1695115678,0.3333333333333333,279893.3333333334,513.0,1
1695115681,0.0,0.0,513.0,1
1695115684,0.0,0.0,513.0,1
1695115687,0.0,542037.3333333334,513.0,1
1695115690,0.3333333333333333,0.0,513.0,1
1695115693,0.0,9557.333333333334,513.0,1
1695115696,0.0,244394.6666666667,513.0,1
1695115699,0.3333333333333333,591189.3333333333,513.0,1
1695115702,0.3333333333333333,589824.0,513.0,1
1695115705,0.3333333333333333,688128.0,513.0,1
1695115708,0.0,2730.6666666666665,540.0,1
1695115711,1.0,1275221.3333333333,663.0,1
1695115714,1.0,1370794.6666666665,657.0,1
1695115717,1.6666666666666665,1527808.0,657.0,1
1695115720,1.3333333333333333,117418.66666666666,666.0,1
1695115723,0.6666666666666666,64170.666666666664,660.0,1
1695115726,0.0,0.0,669.0,1
1695115729,0.0,55978.666666666664,657.0,1
1695115732,0.3333333333333333,217088.0,669.0,1
1695115735,4.666666666666666,114688.0,660.0,1
1695115738,0.0,811008.0,660.0,1
1695115741,0.0,94208.0,513.0,1
1695115744,0.0,0.0,513.0,1
1695115747,0.3333333333333333,236202.66666666666,513.0,1
1695115750,0.0,10922.666666666666,513.0,1
1695115753,0.3333333333333333,83285.33333333333,522.0,1
1695115756,2.0,2075306.6666666667,690.0,1
1695115759,2.3333333333333335,2127189.3333333335,687.0,1
1695115762,2.0,288085.3333333334,681.0,1
1695115765,2.333333333333333,0.0,678.0,1
1695115768,0.3333333333333333,0.0,681.0,1
1695115771,0.0,102400.0,690.0,1
1695115774,0.3333333333333333,133802.66666666666,681.0,1
1695115777,0.3333333333333333,225280.0,681.0,1
1695115780,0.0,203434.66666666666,687.0,1
1695115783,12.0,187050.66666666666,687.0,1
1695115786,0.0,15018.666666666668,513.0,1
1695115789,0.3333333333333333,258048.0,513.0,1
1695115792,0.0,9557.333333333334,513.0,1
1695115795,0.0,727722.6666666667,513.0,1
1695115798,0.0,72362.66666666666,519.0,1
1695115801,4.0,5537792.0,636.0,1
1695115804,4.333333333333333,5380778.666666667,636.0,1
1695115807,4.0,5023061.333333333,636.0,1
1695115810,4.333333333333333,1365.3333333333333,633.0,1
1695115813,2.6666666666666665,176128.0,639.0,1
1695115816,0.3333333333333333,131072.0,636.0,1
1695115819,0.0,46421.333333333336,633.0,1
1695115822,0.3333333333333333,2730.6666666666665,639.0,1
1695115825,14.0,0.0,630.0,1
1695115828,0.3333333333333333,46421.333333333336,636.0,1
1695115831,0.6666666666666666,0.0,531.0,1
1695115834,0.0,0.0,513.0,1
1695115837,0.3333333333333333,25941.333333333332,513.0,1
1695115840,0.0,274432.0,513.0,1
1695115843,0.0,318122.6666666666,525.0,1
1695115846,7.0,11184810.666666666,654.0,1
1695115849,8.666666666666668,16019455.999999998,654.0,1
1695115852,8.0,11311786.666666666,657.0,1
1695115855,8.0,4096.0,660.0,1
1695115858,8.0,0.0,663.0,1
1695115861,8.666666666666668,843776.0,654.0,1
1695115864,4.333333333333334,13653.333333333334,657.0,1
1695115867,0.0,144725.33333333334,660.0,1
1695115870,0.0,0.0,657.0,1
1695115873,0.6666666666666666,124245.33333333334,660.0,1
1695115876,0.3333333333333333,559786.6666666666,513.0,1
1695115879,0.3333333333333333,2730.6666666666665,519.0,1
1695115882,0.0,40960.0,513.0,1
1695115885,0.0,60074.666666666664,513.0,1
1695115888,0.6666666666666666,92842.66666666667,528.0,1
1695115891,11.666666666666666,20336640.0,705.0,1
1695115894,15.333333333333334,20332544.0,696.0,1
1695115897,15.0,20424021.333333336,696.0,1
1695115900,15.333333333333334,20400810.666666668,693.0,1
1695115903,9.666666666666666,20549632.0,702.0,1
1695115906,0.0,5461.333333333333,699.0,1
1695115909,0.0,57344.0,699.0,1
1695115912,0.3333333333333333,141994.66666666666,696.0,1
1695115915,0.0,143360.0,696.0,1
1695115918,0.3333333333333333,38229.333333333336,696.0,1
1695115921,0.0,0.0,522.0,1
1695115924,0.0,0.0,513.0,1
1695115927,0.3333333333333333,342698.6666666667,513.0,1
1695115930,0.0,54613.333333333336,513.0,1
1695115933,0.0,58709.333333333336,513.0,1
1695115936,17.333333333333332,32773461.333333332,708.0,1
1695115939,23.666666666666668,31936512.0,714.0,1
1695115942,24.0,32000682.666666668,720.0,1
1695115945,15.666666666666666,102400.0,711.0,1
1695115948,0.0,518826.6666666666,714.0,1
1695115951,0.3333333333333333,4096.0,720.0,1
1695115954,0.0,0.0,714.0,1
1695115957,102.0,1365.3333333333333,711.0,1
1695115960,0.0,0.0,717.0,1
1695115963,0.3333333333333333,137898.6666666667,711.0,1
1695115966,0.0,0.0,513.0,1
1695115969,0.3333333333333333,492885.3333333333,513.0,1
1695115972,0.0,20480.0,513.0,1
1695115975,0.0,0.0,513.0,1
1695115978,0.3333333333333333,499712.0,513.0,1
1695115981,0.0,12288.0,717.0,1
1695115984,31.333333333333332,509269.3333333333,717.0,1
1695115987,32.0,5461.333333333333,720.0,1
1695115990,26.0,135168.0,723.0,1
1695115993,1.0,49152.0,723.0,1
1695115996,0.0,1365.3333333333333,726.0,1
1695115999,0.3333333333333333,1650688.0,723.0,1
1695116002,124.0,0.0,720.0,1
1695116005,0.6666666666666666,352256.0,720.0,1
1695116008,0.0,39594.666666666664,726.0,1
1695116011,0.0,0.0,531.0,1
1695116014,0.0,0.0,513.0,1
1695116017,0.0,443733.3333333334,513.0,1
1695116020,0.6666666666666666,65536.0,513.0,1
1695116023,0.3333333333333333,98304.0,513.0,1
1695116026,0.0,5461.333333333333,723.0,1
1695116029,31.666666666666664,1654784.0,723.0,1
1695116032,31.333333333333332,2730.6666666666665,720.0,1
1695116035,32.333333333333336,62805.333333333336,717.0,1
1695116038,22.333333333333332,5461.333333333333,717.0,1
1695116041,0.0,535210.6666666666,714.0,1
1695116044,0.3333333333333333,9557.333333333334,720.0,1
1695116047,0.3333333333333333,662186.6666666666,726.0,1
1695116050,128.0,99669.33333333334,717.0,1
1695116053,0.3333333333333333,0.0,723.0,1
1695116056,0.6666666666666666,6826.666666666667,513.0,1
1695116059,0.0,0.0,513.0,1
1695116062,0.0,129706.66666666666,513.0,1
1695116065,0.0,0.0,513.0,1
1695116068,0.6666666666666666,576170.6666666666,513.0,1
1695116071,0.0,0.0,546.0,1
1695116074,4.0,6826.666666666667,672.0,1
1695116077,4.0,110592.0,666.0,1
1695116080,4.0,0.0,672.0,1
1695116083,4.333333333333334,121514.66666666667,672.0,1
1695116086,0.3333333333333333,0.0,672.0,1
1695116089,0.3333333333333333,70997.33333333334,672.0,1
1695116092,0.0,469674.6666666667,675.0,1
1695116095,0.0,126976.0,669.0,1
1695116098,0.3333333333333333,236202.66666666666,669.0,1
1695116101,0.3333333333333333,308565.3333333333,624.0,1
1695116104,0.0,933888.0,513.0,1
1695116107,0.0,0.0,513.0,1
1695116110,0.3333333333333333,42325.333333333336,516.0,1
1695116113,0.3333333333333333,212992.00000000003,513.0,1
1695116116,0.0,393216.0,624.0,1
1695116119,8.666666666666668,42325.333333333336,720.0,1
1695116122,8.333333333333334,109226.66666666666,726.0,1
1695116125,8.0,536576.0,732.0,1
1695116128,5.333333333333333,95573.33333333333,720.0,1
1695116131,0.3333333333333333,0.0,726.0,1
1695116134,0.0,1365.3333333333333,723.0,1
1695116137,0.3333333333333333,973482.6666666667,726.0,1
1695116140,0.0,86016.0,720.0,1
1695116143,0.0,0.0,732.0,1
1695116146,0.0,53248.0,726.0,1
1695116149,0.6666666666666666,305834.6666666666,513.0,1
1695116152,0.0,47786.666666666664,513.0,1
1695116155,0.6666666666666666,1201493.3333333333,513.0,1
1695116158,0.0,0.0,513.0,1
1695116161,0.0,0.0,600.0,1
1695116164,15.0,394581.3333333333,822.0,1
1695116167,15.333333333333334,8192.0,819.0,1
1695116170,14.666666666666666,16384.0,825.0,1
1695116173,15.333333333333334,1123669.3333333333,822.0,1
1695116176,15.0,53248.0,819.0,1
1695116179,15.333333333333334,99669.33333333334,825.0,1
1695116182,2.666666666666667,1365.3333333333333,822.0,1
1695116185,0.3333333333333333,1013077.3333333334,825.0,1
1695116188,0.3333333333333333,0.0,822.0,1
1695116191,0.0,55978.66666666667,822.0,1
1695116194,0.0,1365.3333333333333,513.0,1
1695116197,0.0,0.0,513.0,1
1695116200,0.0,1365.3333333333333,513.0,1
1695116203,0.3333333333333333,86016.0,513.0,1
1695116206,0.6666666666666666,3108864.0,552.0,1
1695116209,23.333333333333332,21475328.0,861.0,1
1695116212,24.0,21337429.333333332,855.0,1
1695116215,24.333333333333332,21590016.0,855.0,1
1695116218,24.333333333333332,21412522.666666668,855.0,1
1695116221,6.333333333333333,45056.0,852.0,1
1695116224,0.0,4096.0,852.0,1
1695116227,0.0,0.0,855.0,1
1695116230,81.0,27306.666666666664,858.0,1
1695116233,0.3333333333333333,464213.3333333333,855.0,1
1695116236,0.3333333333333333,40960.0,858.0,1
1695116239,0.0,1276586.6666666667,513.0,1
1695116242,0.0,0.0,513.0,1
1695116245,0.0,193877.33333333334,513.0,1
1695116248,0.3333333333333333,578901.3333333334,513.0,1
1695116251,0.3333333333333333,132437.33333333334,513.0,1
1695116254,0.0,47786.666666666664,879.0,1
1695116257,31.666666666666668,225280.0,870.0,1
1695116260,32.0,275797.3333333333,873.0,1
1695116263,32.0,0.0,876.0,1
1695116266,31.333333333333332,4096.0,873.0,1
1695116269,3.3333333333333335,137898.66666666666,876.0,1
1695116272,0.0,0.0,879.0,1
1695116275,0.0,12288.0,876.0,1
1695116278,0.0,253952.0,876.0,1
1695116281,150.33333333333334,88746.66666666666,879.0,1
1695116284,0.0,0.0,537.0,1
1695116287,0.3333333333333333,0.0,513.0,1
1695116290,0.6666666666666666,28672.0,513.0,1
1695116293,0.0,0.0,513.0,1
1695116296,0.0,21845.333333333336,513.0,1
1695116299,0.0,2730.6666666666665,870.0,1
1695116302,32.333333333333336,24576.0,873.0,1
1695116305,32.0,521557.3333333334,870.0,1
1695116308,31.666666666666664,23210.666666666664,867.0,1
1695116311,31.666666666666668,0.0,873.0,1
1695116314,32.333333333333336,913408.0,879.0,1
1695116317,11.333333333333334,0.0,873.0,1
1695116320,0.3333333333333333,40960.0,873.0,1
1695116323,0.0,0.0,882.0,1
1695116326,0.0,502442.6666666666,870.0,1
1695116329,0.0,1365.3333333333333,513.0,1
1695116332,0.3333333333333333,320853.3333333333,513.0,1
1695116335,0.0,0.0,513.0,1
1695116338,0.0,167936.0,513.0,1
1695116341,0.0,12288.0,513.0,1
1695116344,0.0,24576.0,726.0,1
1695116347,4.333333333333334,15018.666666666666,726.0,1
1695116350,5.0,61440.0,732.0,1
1695116353,4.666666666666667,1332565.3333333333,729.0,1
1695116356,4.0,159744.0,732.0,1
1695116359,4.0,0.0,732.0,1
1695116362,2.3333333333333335,0.0,732.0,1
1695116365,0.0,1011712.0,738.0,1
1695116368,0.0,45056.0,732.0,1
1695116371,0.0,46421.333333333336,729.0,1
1695116374,0.0,0.0,519.0,1
1695116377,0.0,0.0,516.0,1
1695116380,0.6666666666666666,166570.6666666667,513.0,1
1695116383,0.0,423253.3333333334,513.0,1
1695116386,0.0,92842.66666666667,513.0,1
1695116389,0.0,292181.3333333333,819.0,1
1695116392,7.666666666666667,537941.3333333334,825.0,1
1695116395,8.333333333333334,1365.3333333333333,825.0,1
1695116398,8.333333333333334,1365.3333333333333,825.0,1
1695116401,8.0,0.0,828.0,1
1695116404,6.333333333333333,759125.3333333334,822.0,1
1695116407,0.6666666666666666,45056.0,828.0,1
1695116410,0.3333333333333333,86015.99999999999,831.0,1
1695116413,0.0,2730.6666666666665,828.0,1
1695116416,33.333333333333336,2730.6666666666665,831.0,1
1695116419,0.0,434176.0,513.0,1
1695116422,0.0,8192.0,519.0,1
1695116425,0.6666666666666666,197973.3333333333,522.0,1
1695116428,0.0,0.0,513.0,1
1695116431,0.0,264874.6666666667,513.0,1
1695116434,0.0,0.0,996.0,1
1695116437,15.333333333333334,39594.666666666664,1017.0,1
1695116440,15.0,39594.66666666667,1017.0,1
1695116443,15.333333333333334,4095.9999999999995,1017.0,1
1695116446,15.0,0.0,1023.0,1
1695116449,15.0,95573.33333333333,1017.0,1
1695116452,7.666666666666667,12761770.666666666,1020.0,1
1695116455,0.0,501077.33333333326,1029.0,1
1695116458,0.0,12288.0,1029.0,1
1695116461,0.0,0.0,1032.0,1
1695116464,0.0,53248.0,690.0,1
1695116467,0.3333333333333333,79189.33333333333,522.0,1
1695116470,0.0,43690.666666666664,513.0,1
1695116473,0.3333333333333333,86016.0,513.0,1
1695116476,0.0,0.0,513.0,1
1695116479,0.3333333333333333,42325.333333333336,1029.0,1
1695116482,24.0,212992.0,1065.0,1
1695116485,24.0,84650.66666666667,1071.0,1
1695116488,24.333333333333332,129706.66666666667,1071.0,1
1695116491,19.666666666666668,13653.333333333334,1071.0,1
1695116494,0.3333333333333333,19114.666666666664,1077.0,1
1695116497,0.3333333333333333,47786.66666666667,1077.0,1
1695116500,0.0,6826.666666666667,1077.0,1
1695116503,0.0,536576.0,1080.0,1
1695116506,124.0,655360.0,1083.0,1
1695116509,0.0,0.0,807.0,1
1695116512,0.0,218453.33333333334,519.0,1
1695116515,0.0,1302528.0,513.0,1
1695116518,0.3333333333333333,72362.66666666667,522.0,1
1695116521,0.0,0.0,513.0,1
1695116524,0.3333333333333333,55978.66666666667,903.0,1
1695116527,32.0,776874.6666666666,1092.0,1
1695116530,31.333333333333332,192512.0,1095.0,1
1695116533,32.0,77824.0,1095.0,1
1695116536,32.0,51882.66666666667,1101.0,1
1695116539,21.666666666666668,311296.0,1101.0,1
1695116542,0.0,0.0,1104.0,1
1695116545,0.0,0.0,1110.0,1
1695116548,0.0,0.0,1110.0,1
1695116551,130.66666666666666,587093.3333333333,1107.0,1
1695116554,0.0,5461.333333333333,1089.0,1
1695116557,0.3333333333333333,113322.66666666666,522.0,1
1695116560,0.0,84650.66666666667,513.0,1
1695116563,0.0,311296.0,513.0,1
1695116566,0.3333333333333333,296277.3333333333,513.0,1
1695116569,0.3333333333333333,0.0,810.0,1
1695116572,31.666666666666664,4096.0,1095.0,1
1695116575,32.66666666666667,264874.6666666667,1098.0,1
1695116578,32.0,4096.0,1104.0,1
1695116581,31.666666666666668,24576.0,1113.0,1
1695116584,12.666666666666666,1432234.6666666667,1104.0,1
1695116587,0.0,90112.0,1104.0,1
1695116590,0.0,53248.0,1110.0,1
1695116593,0.3333333333333333,61440.0,1110.0,1
1695116596,0.3333333333333333,0.0,1107.0,1
1695116599,0.0,1365.3333333333333,657.0,1
1695116602,0.3333333333333333,320853.3333333333,519.0,1
1695116605,0.0,49152.0,513.0,1
1695116608,0.0,91477.33333333333,513.0,1
1695116611,0.3333333333333333,598016.0,513.0,1
1695116614,0.0,563882.6666666667,591.0,1
1695116617,4.0,0.0,630.0,1
1695116620,4.0,0.0,639.0,1
1695116623,4.0,225280.0,636.0,1
1695116626,4.0,19114.666666666668,639.0,1
1695116629,2.666666666666667,117418.66666666667,639.0,1
1695116632,0.0,476501.3333333333,639.0,1
1695116635,0.3333333333333333,17749.333333333332,639.0,1
1695116638,0.0,0.0,642.0,1
1695116641,15.666666666666666,206165.33333333334,642.0,1
1695116644,0.0,572074.6666666666,540.0,1
1695116647,0.0,0.0,522.0,1
1695116650,0.3333333333333333,5461.333333333333,513.0,1
1695116653,0.0,266240.0,513.0,1
1695116656,0.0,64170.66666666667,513.0,1
1695116659,0.0,91477.33333333333,555.0,1
1695116662,8.666666666666668,223914.6666666667,666.0,1
1695116665,8.666666666666668,62805.33333333333,657.0,1
1695116668,8.333333333333334,144725.33333333334,660.0,1
1695116671,7.0,0.0,663.0,1
1695116674,0.3333333333333333,357717.3333333333,654.0,1
1695116677,0.0,9557.333333333334,654.0,1
1695116680,0.0,15018.666666666668,663.0,1
1695116683,0.6666666666666666,103765.33333333334,660.0,1
1695116686,0.0,419157.3333333334,660.0,1
1695116689,0.0,1365.3333333333333,588.0,1
1695116692,0.0,0.0,513.0,1
1695116695,0.0,0.0,513.0,1
1695116698,0.6666666666666666,801450.6666666666,513.0,1
1695116701,0.0,25941.333333333332,522.0,1
1695116704,0.0,0.0,639.0,1
1695116707,15.0,0.0,696.0,1
1695116710,15.333333333333334,132437.33333333334,696.0,1
1695116713,15.333333333333332,167936.0,696.0,1
1695116716,15.333333333333334,2730.6666666666665,693.0,1
1695116719,14.666666666666666,4096.0,693.0,1
1695116722,15.0,0.0,696.0,1
1695116725,2.333333333333333,471040.0,699.0,1
1695116728,0.3333333333333333,0.0,699.0,1
1695116731,0.0,1365.3333333333333,702.0,1
1695116734,0.0,0.0,699.0,1
1695116737,0.3333333333333333,0.0,513.0,1
1695116740,0.3333333333333333,146090.6666666667,513.0,1
1695116743,0.3333333333333333,1413120.0,513.0,1
1695116746,0.0,1365.3333333333333,513.0,1
1695116749,0.6666666666666666,0.0,597.0,1
1695116752,24.0,79189.33333333333,696.0,1
1695116755,23.666666666666668,10922.666666666666,705.0,1
1695116758,24.0,102400.0,702.0,1
1695116761,12.0,211626.66666666666,702.0,1
1695116764,0.6666666666666666,188416.0,705.0,1
1695116767,0.3333333333333333,0.0,699.0,1
1695116770,0.0,4096.0,702.0,1
1695116773,0.0,43690.666666666664,702.0,1
1695116776,0.0,4096.0,711.0,1
1695116779,0.0,0.0,702.0,1
1695116782,0.3333333333333333,404138.6666666667,513.0,1
1695116785,0.0,102400.0,513.0,1
1695116788,0.3333333333333333,0.0,513.0,1
1695116791,0.0,45056.0,513.0,1
1695116794,0.0,61440.0,552.0,1
1695116797,32.333333333333336,862890.6666666666,696.0,1
1695116800,31.333333333333332,0.0,696.0,1
1695116803,32.0,6826.666666666666,696.0,1
1695116806,32.0,110592.0,702.0,1
1695116809,31.666666666666664,277162.6666666666,696.0,1
1695116812,16.333333333333336,47786.66666666667,696.0,1
1695116815,0.3333333333333333,0.0,696.0,1
1695116818,0.0,88746.66666666666,696.0,1
1695116821,0.0,90112.0,696.0,1
1695116824,0.3333333333333333,439637.3333333333,693.0,1
1695116827,0.0,0.0,513.0,1
1695116830,0.0,0.0,513.0,1
1695116833,0.3333333333333333,619861.3333333334,513.0,1
1695116836,0.6666666666666666,278528.0,513.0,1
1695116839,0.0,62805.333333333336,513.0,1
1695116842,23.333333333333332,22536192.0,696.0,1
1695116845,31.333333333333332,22536192.0,699.0,1
1695116848,32.0,22549845.333333332,699.0,1
1695116851,32.0,921600.0,702.0,1
1695116854,31.333333333333332,2730.6666666666665,696.0,1
1695116857,32.0,1365.3333333333333,702.0,1
1695116860,18.0,236202.66666666666,702.0,1
1695116863,0.0,0.0,702.0,1
1695116866,0.0,709973.3333333334,699.0,1
1695116869,1.0,826026.6666666666,699.0,1
1695116872,0.0,0.0,513.0,1
1695116875,0.0,55978.666666666664,513.0,1
1695116878,0.3333333333333333,472405.3333333333,513.0,1
1695116881,0.0,1365.3333333333333,513.0,1
1695116884,0.3333333333333333,266240.0,513.0,1
1695116887,0.0,0.0,669.0,1
1695116890,4.0,0.0,675.0,1
1695116893,4.333333333333334,400042.6666666666,672.0,1
1695116896,4.0,5461.333333333333,678.0,1
1695116899,4.0,68266.66666666667,666.0,1
1695116902,3.0,94208.0,675.0,1
1695116905,0.0,0.0,675.0,1
1695116908,0.0,286720.0,672.0,1
1695116911,0.3333333333333333,51882.666666666664,681.0,1
1695116914,15.666666666666668,496981.3333333334,672.0,1
1695116917,0.0,12288.0,531.0,1
1695116920,0.0,0.0,513.0,1
1695116923,0.0,146090.66666666666,513.0,1
1695116926,0.3333333333333333,16384.0,513.0,1
1695116929,0.3333333333333333,513365.3333333334,513.0,1
1695116932,0.6666666666666666,854698.6666666666,720.0,1
1695116935,8.0,217088.0,720.0,1
1695116938,8.0,10922.666666666666,723.0,1
1695116941,8.0,62805.33333333333,726.0,1
1695116944,1.3333333333333333,346794.6666666667,726.0,1
1695116947,0.6666666666666666,54613.333333333336,720.0,1
1695116950,0.3333333333333333,38229.333333333336,723.0,1
1695116953,27.0,0.0,720.0,1
1695116956,0.3333333333333333,83285.33333333333,717.0,1
1695116959,0.3333333333333333,8192.0,723.0,1
1695116962,0.0,4095.9999999999995,513.0,1
1695116965,0.3333333333333333,0.0,513.0,1
1695116968,0.0,253952.0,513.0,1
1695116971,0.6666666666666666,140629.33333333334,513.0,1
1695116974,0.0,80554.66666666667,519.0,1
1695116977,0.0,4096.0,822.0,1
1695116980,15.0,0.0,819.0,1
1695116983,15.0,229376.0,822.0,1
1695116986,15.333333333333334,0.0,822.0,1
1695116989,15.333333333333334,1365.3333333333333,822.0,1
1695116992,15.0,404138.6666666667,825.0,1
1695116995,8.333333333333334,9557.333333333334,825.0,1
1695116998,0.0,91477.33333333333,825.0,1
1695117001,0.0,50517.33333333333,825.0,1
1695117004,0.0,238933.33333333334,822.0,1
1695117007,0.0,408234.6666666667,516.0,1
1695117010,0.0,0.0,513.0,1
1695117013,0.3333333333333333,94208.0,513.0,1
1695117016,0.3333333333333333,2730.6666666666665,516.0,1
1695117019,0.0,103765.33333333333,513.0,1
1695117022,0.0,84650.66666666667,837.0,1
1695117025,25.0,32768.0,834.0,1
1695117028,24.333333333333332,6826.666666666666,846.0,1
1695117031,24.0,0.0,837.0,1
1695117034,23.666666666666668,5461.333333333333,837.0,1
1695117037,1.0,1365.3333333333333,837.0,1
1695117040,0.3333333333333333,4096.0,831.0,1
1695117043,0.0,905216.0,831.0,1
1695117046,0.0,6826.666666666667,831.0,1
1695117049,0.0,223914.66666666666,834.0,1
1695117052,0.3333333333333333,43690.666666666664,588.0,1
1695117055,0.0,338602.6666666667,513.0,1
1695117058,0.9999999999999999,133802.66666666666,513.0,1
1695117061,0.0,0.0,513.0,1
1695117064,0.3333333333333333,374101.3333333333,513.0,1
1695117067,0.0,557056.0,834.0,1
1695117070,32.0,0.0,825.0,1
1695117073,32.0,256682.6666666667,834.0,1
1695117076,21.0,270336.0,834.0,1
1695117079,0.0,849237.3333333334,828.0,1
1695117082,0.0,80554.66666666666,840.0,1
1695117085,0.0,400042.6666666667,831.0,1
1695117088,0.3333333333333333,0.0,834.0,1
1695117091,0.3333333333333333,2730.6666666666665,834.0,1
1695117094,190.0,0.0,831.0,1
1695117097,0.6666666666666666,128341.33333333333,738.0,1
1695117100,0.0,75093.33333333333,519.0,1
1695117103,0.0,236202.66666666666,513.0,1
1695117106,0.0,1365.3333333333333,513.0,1
1695117109,0.3333333333333333,1871871.9999999998,513.0,1
1695117112,0.0,176128.0,819.0,1
1695117115,32.0,60074.666666666664,837.0,1
1695117118,31.666666666666668,0.0,837.0,1
1695117121,31.333333333333332,0.0,840.0,1
1695117124,32.333333333333336,0.0,837.0,1
1695117127,28.666666666666664,111957.33333333333,831.0,1
1695117130,0.0,604842.6666666667,834.0,1
1695117133,0.0,9557.333333333334,831.0,1
1695117136,0.0,55978.666666666664,828.0,1
1695117139,0.6666666666666666,260778.66666666666,834.0,1
1695117142,0.0,1219242.6666666667,816.0,1
1695117145,0.3333333333333333,877909.3333333334,513.0,1
1695117148,0.0,241664.0,513.0,1
1695117151,0.0,12288.0,513.0,1
1695117154,0.0,0.0,513.0,1
1695117157,0.3333333333333333,290816.0,675.0,1
1695117160,4.333333333333334,1093632.0,732.0,1
1695117163,4.333333333333334,230741.3333333333,729.0,1
1695117166,4.0,27306.666666666668,738.0,1
1695117169,4.0,95573.33333333334,729.0,1
1695117172,4.666666666666667,21845.333333333336,732.0,1
1695117175,1.6666666666666667,4096.0,729.0,1
1695117178,0.0,2730.6666666666665,729.0,1
1695117181,0.0,8192.0,729.0,1
1695117184,0.6666666666666666,349525.3333333333,729.0,1
1695117187,0.0,0.0,513.0,1
1695117190,0.0,5461.333333333333,513.0,1
1695117193,0.3333333333333333,314026.6666666667,513.0,1
1695117196,0.0,278528.0,513.0,1
1695117199,0.0,0.0,516.0,1
1695117202,0.0,0.0,669.0,1
1695117205,8.0,0.0,834.0,1
1695117208,8.333333333333334,5461.333333333333,822.0,1
1695117211,9.0,86016.0,822.0,1
1695117214,1.0,15018.666666666666,828.0,1
1695117217,0.0,2730.6666666666665,828.0,1
1695117220,0.0,16384.0,837.0,1
1695117223,0.0,60074.666666666664,831.0,1
1695117226,0.6666666666666666,970752.0,837.0,1
1695117229,0.6666666666666666,0.0,828.0,1
1695117232,0.0,0.0,513.0,1
1695117235,0.0,1223338.6666666667,516.0,1
1695117238,0.0,0.0,513.0,1
1695117241,0.0,80554.66666666667,513.0,1
1695117244,0.3333333333333333,40960.0,513.0,1
1695117247,0.0,0.0,591.0,1
1695117250,15.0,0.0,1026.0,1
1695117253,15.0,228010.66666666666,1020.0,1
1695117256,15.333333333333334,5461.333333333333,1026.0,1
1695117259,15.0,1454080.0,1020.0,1
1695117262,4.0,233472.0,1023.0,1
1695117265,0.0,0.0,1026.0,1
1695117268,0.3333333333333333,36864.0,1023.0,1
1695117271,0.0,0.0,1029.0,1
1695117274,69.66666666666667,92842.66666666667,1029.0,1
1695117277,0.3333333333333333,42325.333333333336,759.0,1
1695117280,0.0,46421.333333333336,513.0,1
1695117283,0.3333333333333333,15018.666666666668,513.0,1
1695117286,0.3333333333333333,0.0,525.0,1
1695117289,0.3333333333333333,776874.6666666666,513.0,1
1695117292,0.0,4096.0,588.0,1
1695117295,24.0,228010.6666666667,1050.0,1
1695117298,24.0,1365.3333333333333,1047.0,1
1695117301,24.333333333333332,0.0,1044.0,1
1695117304,15.333333333333334,60074.66666666667,1053.0,1
1695117307,0.0,6826.666666666667,1044.0,1
1695117310,0.3333333333333333,1365.3333333333333,1050.0,1
1695117313,0.0,217088.0,1056.0,1
1695117316,0.0,106496.0,1053.0,1
1695117319,0.0,146090.6666666667,1056.0,1
1695117322,0.0,1190570.6666666665,888.0,1
1695117325,0.0,5461.333333333333,513.0,1
1695117328,0.0,45056.0,513.0,1
1695117331,0.0,0.0,513.0,1
1695117334,0.3333333333333333,981674.6666666665,513.0,1
1695117337,0.3333333333333333,554325.3333333334,768.0,1
1695117340,31.666666666666664,2730.6666666666665,1041.0,1
1695117343,32.0,1365.3333333333333,1041.0,1
1695117346,31.333333333333332,0.0,1041.0,1
1695117349,32.66666666666667,8867840.0,1041.0,1
1695117352,9.0,271701.3333333333,1041.0,1
1695117355,0.0,10922.666666666666,1044.0,1
1695117358,0.3333333333333333,0.0,1056.0,1
1695117361,0.0,0.0,1053.0,1
1695117364,0.0,539306.6666666666,1056.0,1
1695117367,0.3333333333333333,819200.0,1047.0,1
1695117370,0.0,47786.666666666664,519.0,1
1695117373,0.0,54613.333333333336,513.0,1
1695117376,0.0,51882.666666666664,513.0,1
1695117379,0.6666666666666666,664917.3333333334,513.0,1
1695117382,0.3333333333333333,223914.66666666666,528.0,1
1695117385,25.666666666666668,21723818.666666668,1041.0,1
1695117388,31.666666666666668,22185301.333333336,1038.0,1
1695117391,32.0,21621418.666666668,1044.0,1
1695117394,31.666666666666668,484693.3333333333,1047.0,1
1695117397,25.666666666666664,408234.6666666667,1047.0,1
1695117400,0.0,43690.666666666664,1050.0,1
1695117403,0.0,692224.0,1053.0,1
1695117406,0.3333333333333333,75093.33333333334,1053.0,1
1695117409,0.6666666666666666,288085.3333333333,1050.0,1
1695117412,149.33333333333334,17749.333333333332,1047.0,1
1695117415,0.0,5461.333333333333,519.0,1
1695117418,0.0,34133.333333333336,513.0,1
1695117421,0.0,79189.33333333334,516.0,1
1695117424,0.0,0.0,513.0,1
1695117427,0.0,226645.33333333334,531.0,1
1695117430,3.3333333333333335,3511637.3333333335,639.0,1
1695117433,4.666666666666667,275797.3333333333,633.0,1
1695117436,4.333333333333334,155648.0,633.0,1
1695117439,4.333333333333333,0.0,630.0,1
1695117442,4.0,0.0,636.0,1
1695117445,2.6666666666666665,4096.0,633.0,1
1695117448,0.3333333333333333,6826.666666666666,636.0,1
1695117451,0.6666666666666666,368640.0,636.0,1
1695117454,0.0,0.0,642.0,1
1695117457,0.0,0.0,645.0,1
1695117460,0.6666666666666666,189781.33333333334,513.0,1
1695117463,0.0,1365.3333333333333,513.0,1
1695117466,0.0,376832.00000000006,513.0,1
1695117469,0.0,521557.3333333333,513.0,1
1695117472,0.3333333333333333,387754.6666666667,513.0,1
1695117475,7.0,6354261.333333333,648.0,1
1695117478,8.0,6658730.666666667,657.0,1
1695117481,8.0,6392490.666666667,657.0,1
1695117484,8.0,6412970.666666667,660.0,1
1695117487,7.333333333333333,390485.3333333333,657.0,1
1695117490,0.0,0.0,654.0,1
1695117493,0.0,128341.33333333333,660.0,1
1695117496,0.0,17749.333333333332,663.0,1
1695117499,30.666666666666664,0.0,657.0,1
1695117502,0.3333333333333333,0.0,657.0,1
1695117505,0.3333333333333333,87381.33333333334,516.0,1
1695117508,0.0,47786.666666666664,513.0,1
1695117511,0.3333333333333333,1365.3333333333333,513.0,1
1695117514,0.6666666666666666,49152.0,513.0,1
1695117517,0.0,322218.6666666666,513.0,1
1695117520,0.3333333333333333,255317.33333333334,705.0,1
1695117523,15.0,5461.333333333333,693.0,1
1695117526,15.0,9557.333333333332,699.0,1
1695117529,15.333333333333334,312661.3333333333,693.0,1
1695117532,4.333333333333333,88746.66666666666,690.0,1
1695117535,0.3333333333333333,0.0,693.0,1
1695117538,0.0,225280.0,690.0,1
1695117541,0.0,46421.33333333333,693.0,1
1695117544,0.6666666666666666,17749.333333333332,687.0,1
1695117547,83.33333333333334,15018.666666666668,693.0,1
1695117550,0.0,0.0,522.0,1
1695117553,0.0,652629.3333333333,513.0,1
1695117556,0.0,133802.6666666667,513.0,1
1695117559,0.0,211626.66666666666,513.0,1
1695117562,0.0,117418.66666666666,525.0,1
1695117565,0.3333333333333333,2730.6666666666665,705.0,1
1695117568,23.666666666666668,0.0,708.0,1
1695117571,24.0,2730.6666666666665,708.0,1
1695117574,24.333333333333332,1365.3333333333333,702.0,1
1695117577,24.0,0.0,699.0,1
1695117580,10.666666666666668,49152.0,705.0,1
1695117583,0.3333333333333333,5461.333333333333,696.0,1
1695117586,0.0,4095.9999999999995,705.0,1
1695117589,81.0,0.0,711.0,1
1695117592,0.0,464213.3333333334,696.0,1
1695117595,0.3333333333333333,2730.6666666666665,513.0,1
1695117598,1.0,38229.33333333333,513.0,1
1695117601,0.0,2730.6666666666665,513.0,1
1695117604,0.0,0.0,513.0,1
1695117607,0.3333333333333333,212992.0,513.0,1
1695117610,0.0,311296.0,699.0,1
1695117613,31.666666666666668,0.0,702.0,1
1695117616,31.666666666666664,189781.33333333334,708.0,1
1695117619,32.0,992597.3333333334,702.0,1
1695117622,31.666666666666668,0.0,705.0,1
1695117625,32.0,98304.0,699.0,1
1695117628,7.666666666666667,0.0,705.0,1
1695117631,0.0,9557.333333333334,705.0,1
1695117634,0.0,50517.333333333336,708.0,1
1695117637,110.0,581632.0,702.0,1
1695117640,0.0,1365.3333333333333,603.0,1
1695117643,0.0,581632.0,522.0,1
1695117646,0.0,54613.333333333336,513.0,1
1695117649,0.0,76458.66666666667,513.0,1
1695117652,0.0,117418.66666666666,513.0,1
1695117655,1.3333333333333333,3001002.666666667,672.0,1
1695117658,31.333333333333332,0.0,702.0,1
1695117661,32.66666666666667,87381.33333333333,705.0,1
1695117664,31.333333333333332,6826.666666666667,705.0,1
1695117667,31.666666666666668,0.0,705.0,1
1695117670,31.333333333333332,92842.66666666667,702.0,1
1695117673,6.0,24576.0,702.0,1
1695117676,0.0,118784.0,708.0,1
1695117679,0.0,0.0,699.0,1
1695117682,0.0,49152.0,702.0,1
1695117685,0.3333333333333333,229376.0,780.0,1
1695117688,0.3333333333333333,237568.0,519.0,1
1695117691,0.0,525653.3333333334,513.0,1
1695117694,0.0,1365.3333333333333,513.0,1
1695117697,0.0,0.0,513.0,1
1695117700,0.3333333333333333,77824.0,561.0,1
1695117703,4.333333333333334,389120.0,666.0,1
1695117706,4.333333333333334,167936.0,672.0,1
1695117709,4.0,0.0,669.0,1
1695117712,2.3333333333333335,0.0,669.0,1
1695117715,0.3333333333333333,273066.6666666666,675.0,1
1695117718,0.3333333333333333,176128.0,663.0,1
1695117721,0.0,50517.33333333333,669.0,1
1695117724,17.333333333333332,0.0,663.0,1
1695117727,0.3333333333333333,189781.33333333334,666.0,1
1695117730,0.3333333333333333,69632.0,666.0,1
1695117733,0.6666666666666666,323583.99999999994,513.0,1
1695117736,0.0,36864.0,513.0,1
1695117739,0.0,0.0,513.0,1
1695117742,0.3333333333333333,0.0,513.0,1
1695117745,0.3333333333333333,447829.3333333334,546.0,1
1695117748,8.666666666666668,8192.0,720.0,1
1695117751,8.0,5461.333333333333,714.0,1
1695117754,8.0,0.0,717.0,1
1695117757,8.333333333333334,1365.3333333333333,714.0,1
1695117760,5.666666666666667,47786.666666666664,720.0,1
1695117763,0.0,49152.0,714.0,1
1695117766,0.3333333333333333,760490.6666666666,717.0,1
1695117769,0.0,162474.66666666666,717.0,1
1695117772,28.666666666666664,0.0,711.0,1
1695117775,0.0,726357.3333333334,720.0,1
1695117778,0.0,0.0,513.0,1
1695117781,0.0,111957.33333333334,513.0,1
1695117784,0.3333333333333333,53248.0,513.0,1
1695117787,1.0,98304.0,522.0,1
1695117790,0.0,0.0,546.0,1
1695117793,15.0,1365.3333333333333,807.0,1
1695117796,15.333333333333334,98304.0,804.0,1
1695117799,14.666666666666666,0.0,801.0,1
1695117802,16.0,31402.666666666664,813.0,1
1695117805,14.666666666666666,32768.0,810.0,1
1695117808,7.0,42325.333333333336,813.0,1
1695117811,0.0,159744.0,807.0,1
1695117814,0.0,54613.333333333336,813.0,1
1695117817,0.0,10922.666666666666,804.0,1
1695117820,0.0,591189.3333333334,810.0,1
1695117823,0.0,141994.6666666667,513.0,1
1695117826,0.0,54613.333333333336,513.0,1
1695117829,0.3333333333333333,1957888.0,513.0,1
1695117832,0.0,51882.666666666664,513.0,1
1695117835,0.3333333333333333,45056.0,549.0,1
1695117838,23.666666666666668,5038080.0,834.0,1
1695117841,24.333333333333332,5083136.0,828.0,1
1695117844,24.0,5358933.333333334,837.0,1
1695117847,24.0,50517.333333333336,828.0,1
1695117850,24.0,53248.0,831.0,1
1695117853,23.666666666666668,12288.0,831.0,1
1695117856,5.0,1365.3333333333333,831.0,1
1695117859,0.3333333333333333,58709.333333333336,828.0,1
1695117862,0.0,0.0,825.0,1
1695117865,81.0,24576.0,828.0,1
1695117868,0.3333333333333333,2730.6666666666665,513.0,1
1695117871,0.3333333333333333,838314.6666666667,513.0,1
1695117874,0.0,109226.66666666667,513.0,1
1695117877,0.3333333333333333,10922.666666666666,513.0,1
1695117880,0.3333333333333333,141994.66666666666,522.0,1
1695117883,31.0,10215424.0,843.0,1
1695117886,32.333333333333336,10066602.666666666,837.0,1
1695117889,31.666666666666668,9935530.666666668,843.0,1
1695117892,28.0,9975125.333333334,840.0,1
1695117895,0.0,0.0,843.0,1
1695117898,0.0,137898.6666666667,843.0,1
1695117901,0.0,4096.0,840.0,1
1695117904,0.3333333333333333,20480.0,837.0,1
1695117907,136.33333333333334,480597.3333333333,843.0,1
1695117910,0.6666666666666666,15018.666666666668,840.0,1
1695117913,0.3333333333333333,10922.666666666666,516.0,1
1695117916,0.0,0.0,513.0,1
1695117919,0.3333333333333333,877909.3333333334,513.0,1
1695117922,0.0,86016.0,513.0,1
1695117925,0.0,1167360.0,540.0,1
1695117928,30.333333333333332,21336064.0,843.0,1
1695117931,32.333333333333336,21277354.666666664,840.0,1
1695117934,31.666666666666668,81920.0,843.0,1
1695117937,31.333333333333332,170666.66666666666,840.0,1
1695117940,32.0,16384.0,843.0,1
1695117943,31.666666666666668,50517.333333333336,843.0,1
1695117946,8.0,0.0,843.0,1
1695117949,0.0,182954.66666666666,840.0,1
1695117952,0.6666666666666666,125610.66666666667,843.0,1
1695117955,0.0,1467733.3333333333,843.0,1
1695117958,0.0,68266.66666666667,513.0,1
1695117961,0.0,45056.0,531.0,1
1695117964,0.3333333333333333,161109.3333333333,513.0,1
1695117967,0.6666666666666666,686762.6666666667,513.0,1
1695117970,0.0,148821.33333333334,552.0,1
1695117973,4.0,2401621.3333333335,732.0,1
1695117976,4.0,0.0,723.0,1
1695117979,4.0,0.0,726.0,1
1695117982,4.666666666666667,839680.0,720.0,1
1695117985,4.0,1492309.3333333333,720.0,1
1695117988,1.6666666666666667,0.0,723.0,1
1695117991,0.0,50517.333333333336,726.0,1
1695117994,0.6666666666666666,126976.0,729.0,1
1695117997,0.0,161109.33333333334,726.0,1
1695118000,0.6666666666666666,1265664.0,723.0,1
1695118003,0.0,57344.0,513.0,1
1695118006,0.0,0.0,513.0,1
1695118009,0.0,330410.6666666666,513.0,1
1695118012,0.3333333333333333,90112.0,513.0,1
1695118015,1.3333333333333333,157013.3333333333,519.0,1
1695118018,7.333333333333333,5611520.0,813.0,1
1695118021,7.666666666666667,5427200.0,813.0,1
1695118024,8.333333333333334,5584213.333333333,816.0,1
1695118027,8.0,105130.66666666666,810.0,1
1695118030,4.0,309930.6666666666,816.0,1
1695118033,0.0,0.0,810.0,1
1695118036,0.0,0.0,819.0,1
1695118039,0.3333333333333333,367274.6666666666,813.0,1
1695118042,0.3333333333333333,267605.3333333333,816.0,1
1695118045,37.333333333333336,0.0,822.0,1
1695118048,0.0,0.0,525.0,1
1695118051,0.6666666666666666,12288.0,513.0,1
1695118054,0.6666666666666666,303104.0,513.0,1
1695118057,0.0,221184.0,513.0,1
1695118060,0.0,315392.0,519.0,1
1695118063,13.0,11122005.333333334,996.0,1
1695118066,15.333333333333334,11120640.0,999.0,1
1695118069,14.666666666666666,11120640.0,999.0,1
1695118072,10.333333333333334,11120640.0,996.0,1
1695118075,0.3333333333333333,4096.0,999.0,1
1695118078,0.3333333333333333,6826.666666666667,999.0,1
1695118081,0.0,513365.3333333334,1008.0,1
1695118084,0.0,0.0,999.0,1
1695118087,0.0,6826.666666666667,1002.0,1
1695118090,0.0,223914.66666666666,1005.0,1
1695118093,0.3333333333333333,329045.3333333333,513.0,1
1695118096,0.0,42325.33333333333,528.0,1
1695118099,0.0,0.0,513.0,1
1695118102,0.0,0.0,513.0,1
1695118105,0.3333333333333333,51882.66666666667,513.0,1
1695118108,18.0,17358848.0,1026.0,1
1695118111,24.0,18137088.0,1038.0,1
1695118114,24.0,17353386.666666668,1035.0,1
1695118117,24.0,17350656.0,1038.0,1
1695118120,24.333333333333332,17571840.0,1038.0,1
1695118123,24.0,17356117.333333332,1038.0,1
1695118126,6.666666666666667,12288.0,1044.0,1
1695118129,0.6666666666666666,995328.0,1053.0,1
1695118132,0.3333333333333333,360448.0,1044.0,1
1695118135,0.0,73728.0,1050.0,1
1695118138,0.0,0.0,540.0,1
1695118141,0.3333333333333333,154282.6666666667,513.0,1
1695118144,0.0,43690.666666666664,513.0,1
1695118147,0.3333333333333333,475136.0,513.0,1
1695118150,0.0,76458.66666666666,513.0,1
1695118153,22.333333333333332,22609920.0,1038.0,1
1695118156,31.666666666666668,22603093.333333332,1059.0,1
1695118159,32.0,22603093.333333332,1053.0,1
1695118162,31.666666666666668,58709.33333333333,1056.0,1
1695118165,3.0,172032.0,1053.0,1
1695118168,0.0,45056.0,1068.0,1
1695118171,0.0,6826.666666666667,1065.0,1
1695118174,0.0,768682.6666666666,1065.0,1
1695118177,0.0,32768.0,1071.0,1
1695118180,173.33333333333334,0.0,1071.0,1
1695118183,0.0,99669.33333333333,519.0,1
1695118186,0.0,801450.6666666666,513.0,1
1695118189,0.0,69632.0,513.0,1
1695118192,0.0,49152.0,513.0,1
1695118195,0.6666666666666666,103765.33333333333,513.0,1
1695118198,0.0,90112.0,1053.0,1
1695118201,31.333333333333332,0.0,1053.0,1
1695118204,32.0,68266.66666666667,1050.0,1
1695118207,32.333333333333336,176128.0,1059.0,1
1695118210,32.0,61440.0,1059.0,1
1695118213,0.0,2730.6666666666665,1083.0,1
1695118216,0.0,30037.333333333332,1065.0,1
1695118219,0.3333333333333333,621226.6666666666,1059.0,1
1695118222,0.0,51882.666666666664,1065.0,1
1695118225,136.33333333333334,167936.0,1065.0,1
1695118228,0.0,30037.333333333332,549.0,1
1695118231,0.0,131072.0,528.0,1
1695118234,0.3333333333333333,0.0,513.0,1
1695118237,0.3333333333333333,394581.3333333334,513.0,1
1695118240,0.0,8192.0,513.0,1
1695118243,0.3333333333333333,271701.3333333333,645.0,1
1695118246,4.0,0.0,645.0,1
1695118249,4.0,125610.66666666667,648.0,1
1695118252,4.666666666666667,0.0,642.0,1
1695118255,4.666666666666667,95573.33333333333,636.0,1
1695118258,4.0,165205.33333333334,642.0,1
1695118261,0.0,394581.3333333333,648.0,1
1695118264,0.3333333333333333,0.0,639.0,1
1695118267,0.3333333333333333,66901.33333333333,645.0,1
1695118270,0.0,0.0,636.0,1
1695118273,0.6666666666666666,652629.3333333334,546.0,1
1695118276,0.0,69632.0,513.0,1
1695118279,0.0,9557.333333333334,513.0,1
1695118282,0.0,4096.0,513.0,1
1695118285,0.3333333333333333,289450.6666666667,513.0,1
1695118288,0.3333333333333333,0.0,666.0,1
1695118291,8.333333333333334,831488.0,660.0,1
1695118294,8.0,0.0,666.0,1
1695118297,8.0,12288.0,657.0,1
1695118300,5.666666666666666,19114.666666666668,663.0,1
1695118303,0.3333333333333333,174762.66666666666,666.0,1
1695118306,0.3333333333333333,136533.3333333333,663.0,1
1695118309,0.0,0.0,675.0,1
1695118312,0.0,0.0,669.0,1
1695118315,37.66666666666667,233472.00000000003,672.0,1
1695118318,0.0,5461.333333333333,591.0,1
1695118321,0.0,184320.0,513.0,1
1695118324,0.3333333333333333,40960.0,513.0,1
1695118327,0.0,87381.33333333333,513.0,1
1695118330,0.3333333333333333,60074.66666666667,513.0,1
1695118333,0.6666666666666666,0.0,702.0,1
1695118336,15.333333333333334,12288.0,702.0,1
1695118339,14.666666666666666,45056.0,702.0,1
1695118342,15.0,0.0,705.0,1
1695118345,15.333333333333334,544768.0,702.0,1
1695118348,14.666666666666668,221184.0,705.0,1
1695118351,0.3333333333333333,0.0,705.0,1
1695118354,0.0,139264.0,705.0,1
1695118357,0.3333333333333333,0.0,705.0,1
1695118360,0.0,443733.3333333333,702.0,1
1695118363,0.0,274432.0,519.0,1
1695118366,0.0,0.0,525.0,1
1695118369,0.3333333333333333,169301.33333333334,513.0,1
1695118372,0.0,88746.66666666666,513.0,1
1695118375,0.6666666666666666,1069056.0,513.0,1
1695118378,0.0,0.0,552.0,1
1695118381,23.333333333333332,116053.33333333333,705.0,1
1695118384,24.666666666666664,103765.33333333333,699.0,1
1695118387,24.666666666666668,105130.66666666666,705.0,1
1695118390,24.0,299008.0,699.0,1
1695118393,23.666666666666668,87381.33333333333,702.0,1
1695118396,11.666666666666668,107861.33333333333,702.0,1
1695118399,0.0,0.0,696.0,1
1695118402,0.0,45056.0,702.0,1
1695118405,0.6666666666666666,158378.6666666667,699.0,1
1695118408,0.0,1365.3333333333333,699.0,1
1695118411,0.0,346794.6666666666,513.0,1
1695118414,0.3333333333333333,244394.6666666667,513.0,1
1695118417,0.0,0.0,513.0,1
1695118420,0.3333333333333333,617130.6666666666,513.0,1
1695118423,0.3333333333333333,1774933.3333333333,513.0,1
1695118426,23.666666666666664,23554730.666666664,693.0,1
1695118429,31.333333333333332,23564288.0,696.0,1
1695118432,31.666666666666668,23558826.666666664,693.0,1
1695118435,32.333333333333336,55978.66666666667,696.0,1
1695118438,28.666666666666668,21845.333333333336,693.0,1
1695118441,0.3333333333333333,30037.333333333336,693.0,1
1695118444,0.0,124245.33333333333,696.0,1
1695118447,0.3333333333333333,0.0,693.0,1
1695118450,0.0,0.0,690.0,1
1695118453,0.3333333333333333,5461.333333333333,693.0,1
1695118456,0.0,0.0,537.0,1
1695118459,0.6666666666666666,578901.3333333334,513.0,1
1695118462,0.0,121514.66666666666,513.0,1
1695118465,0.3333333333333333,200704.0,513.0,1
1695118468,0.0,165205.33333333334,513.0,1
1695118471,0.0,1365.3333333333333,675.0,1
1695118474,31.666666666666668,27306.666666666668,693.0,1
1695118477,31.666666666666668,308565.3333333333,696.0,1
1695118480,32.0,6826.666666666667,693.0,1
1695118483,16.0,225280.0,696.0,1
1695118486,0.3333333333333333,0.0,690.0,1
1695118489,0.0,1365.3333333333333,699.0,1
1695118492,0.3333333333333333,421888.0,693.0,1
1695118495,117.66666666666667,830122.6666666666,693.0,1
1695118498,0.3333333333333333,2730.6666666666665,693.0,1
1695118501,0.3333333333333333,126976.0,741.0,1
1695118504,0.6666666666666666,146090.6666666667,513.0,1
1695118507,0.0,117418.66666666666,513.0,1
1695118510,0.0,0.0,513.0,1
1695118513,0.0,51882.666666666664,516.0,1
1695118516,0.3333333333333333,162474.6666666667,555.0,1
1695118519,4.0,107861.33333333334,672.0,1
1695118522,4.333333333333334,90112.0,669.0,1
1695118525,4.0,12288.0,675.0,1
1695118528,4.0,0.0,675.0,1
1695118531,0.3333333333333333,327680.0,669.0,1
1695118534,0.0,110592.0,675.0,1
1695118537,0.3333333333333333,1365.3333333333333,675.0,1
1695118540,0.0,222549.33333333334,672.0,1
1695118543,0.0,0.0,678.0,1
1695118546,22.0,106496.0,672.0,1
1695118549,1.6666666666666665,682666.6666666667,525.0,1
1695118552,0.0,8192.0,513.0,1
1695118555,0.0,73728.0,513.0,1
1695118558,0.0,477866.6666666667,513.0,1
1695118561,0.6666666666666666,169301.33333333334,534.0,1
1695118564,8.0,5104981.333333333,741.0,1
1695118567,8.333333333333334,5378048.0,723.0,1
1695118570,8.0,5227861.333333333,726.0,1
1695118573,8.0,5436757.333333333,726.0,1
1695118576,8.0,77824.0,729.0,1
1695118579,2.333333333333333,965290.6666666666,729.0,1
1695118582,0.0,34133.333333333336,732.0,1
1695118585,0.0,38229.333333333336,729.0,1
1695118588,0.3333333333333333,42325.333333333336,729.0,1
1695118591,0.0,0.0,738.0,1
1695118594,0.0,53248.0,513.0,1
1695118597,0.3333333333333333,81920.0,513.0,1
1695118600,0.0,0.0,513.0,1
1695118603,0.3333333333333333,268970.6666666667,513.0,1
1695118606,0.6666666666666666,628053.3333333334,528.0,1
1695118609,14.333333333333334,12414976.0,825.0,1
1695118612,14.666666666666666,10637312.0,825.0,1
1695118615,15.0,39594.666666666664,828.0,1
1695118618,15.333333333333334,0.0,825.0,1
1695118621,15.0,9557.333333333332,831.0,1
1695118624,6.666666666666667,10922.666666666666,828.0,1
1695118627,0.0,42325.333333333336,831.0,1
1695118630,0.0,88746.66666666666,831.0,1
1695118633,0.0,121514.66666666667,831.0,1
1695118636,66.33333333333333,1365.3333333333333,828.0,1
1695118639,0.3333333333333333,939349.3333333334,513.0,1
1695118642,0.0,0.0,513.0,1
1695118645,0.3333333333333333,203434.66666666666,513.0,1
1695118648,0.0,357717.3333333333,513.0,1
1695118651,0.0,1365.3333333333333,513.0,1
1695118654,20.333333333333332,18198528.0,837.0,1
1695118657,24.0,18097493.333333332,828.0,1
1695118660,24.333333333333332,18184874.666666668,828.0,1
1695118663,24.0,18266794.666666668,825.0,1
1695118666,23.666666666666668,18096128.0,834.0,1
1695118669,24.333333333333332,0.0,825.0,1
1695118672,5.333333333333334,65536.0,828.0,1
1695118675,0.3333333333333333,472405.3333333333,828.0,1
1695118678,0.3333333333333333,111957.33333333333,828.0,1
1695118681,0.0,12288.0,831.0,1
1695118684,0.0,70997.33333333333,513.0,1
1695118687,0.3333333333333333,618496.0,519.0,1
1695118690,0.3333333333333333,245760.0,513.0,1
1695118693,0.0,894293.3333333334,513.0,1
1695118696,0.0,15018.666666666666,513.0,1
1695118699,0.3333333333333333,9557.333333333334,819.0,1
1695118702,32.333333333333336,10922.666666666666,816.0,1
1695118705,32.0,117418.66666666667,813.0,1
1695118708,31.666666666666664,838314.6666666666,819.0,1
1695118711,32.333333333333336,0.0,813.0,1
1695118714,32.333333333333336,98304.0,816.0,1
1695118717,25.666666666666668,128341.33333333333,813.0,1
1695118720,0.3333333333333333,10922.666666666666,810.0,1
1695118723,0.0,0.0,810.0,1
1695118726,0.0,15018.666666666668,813.0,1
1695118729,0.0,828757.3333333333,858.0,1
1695118732,0.0,36864.0,513.0,1
1695118735,0.3333333333333333,233472.0,513.0,1
1695118738,0.3333333333333333,0.0,513.0,1
1695118741,0.3333333333333333,60074.66666666667,513.0,1
1695118744,0.0,147456.0,561.0,1
1695118747,31.333333333333332,1449984.0,813.0,1
1695118750,32.0,1469098.6666666667,816.0,1
1695118753,32.0,1480021.3333333333,813.0,1
1695118756,31.666666666666668,1451349.3333333333,816.0,1
1695118759,17.666666666666668,0.0,819.0,1
1695118762,0.6666666666666666,592554.6666666666,813.0,1
1695118765,0.0,45056.0,819.0,1
1695118768,0.0,65536.0,819.0,1
1695118771,0.0,4096.0,813.0,1
1695118774,158.66666666666669,233472.0,816.0,1
1695118777,0.0,0.0,516.0,1
1695118780,0.0,2730.6666666666665,513.0,1
1695118783,0.3333333333333333,1365.3333333333333,513.0,1
1695118786,0.0,118784.0,513.0,1
1695118789,0.0,0.0,516.0,1
1695118792,0.9999999999999999,267605.3333333334,735.0,1
1695118795,4.0,232106.66666666666,735.0,1
1695118798,4.0,405504.0,741.0,1
1695118801,2.0,0.0,738.0,1
1695118804,0.0,17749.333333333332,732.0,1
1695118807,0.0,0.0,753.0,1
1695118810,0.6666666666666666,1275221.3333333333,738.0,1
1695118813,18.333333333333332,61440.0,729.0,1
1695118816,0.0,0.0,738.0,1
1695118819,0.0,60074.66666666667,729.0,1
1695118822,0.0,43690.666666666664,513.0,1
1695118825,0.3333333333333333,619861.3333333333,513.0,1
1695118828,0.0,64170.66666666667,513.0,1
1695118831,0.3333333333333333,53248.0,513.0,1
1695118834,0.3333333333333333,252586.66666666666,513.0,1
1695118837,0.0,21845.333333333332,825.0,1
1695118840,8.333333333333334,98304.0,831.0,1
1695118843,8.0,158378.66666666666,828.0,1
1695118846,8.333333333333334,4096.0,837.0,1
1695118849,8.666666666666666,178858.6666666667,828.0,1
1695118852,5.333333333333334,7839743.999999999,834.0,1
1695118855,0.0,137898.66666666666,837.0,1
1695118858,0.0,13653.333333333332,840.0,1
1695118861,0.3333333333333333,0.0,834.0,1
1695118864,0.3333333333333333,34133.33333333333,834.0,1
1695118867,0.0,39594.666666666664,519.0,1
1695118870,0.0,0.0,516.0,1
1695118873,0.0,334506.6666666667,525.0,1
1695118876,0.3333333333333333,282624.0,513.0,1
1695118879,0.3333333333333333,21845.333333333332,513.0,1
1695118882,0.0,128341.33333333333,1029.0,1
1695118885,15.0,96938.66666666667,1029.0,1
1695118888,15.0,987136.0,1038.0,1
1695118891,15.0,4096.0,1032.0,1
1695118894,10.0,94208.0,1035.0,1
1695118897,0.0,271701.3333333333,1038.0,1
1695118900,0.3333333333333333,0.0,1038.0,1
1695118903,0.0,4096.0,1038.0,1
1695118906,0.3333333333333333,121514.66666666667,1041.0,1
1695118909,67.0,697685.3333333334,1044.0,1
1695118912,0.0,0.0,531.0,1
1695118915,0.3333333333333333,152917.3333333333,522.0,1
1695118918,0.0,6826.666666666667,525.0,1
1695118921,0.3333333333333333,76458.66666666667,513.0,1
1695118924,0.0,15018.666666666666,513.0,1
1695118927,0.3333333333333333,20480.0,1035.0,1
1695118930,24.0,64170.66666666667,1038.0,1
1695118933,24.0,263509.3333333333,1038.0,1
1695118936,24.0,121514.66666666666,1041.0,1
1695118939,15.0,70997.33333333333,1038.0,1
1695118942,0.6666666666666666,5461.333333333333,1038.0,1
1695118945,0.0,36864.0,1044.0,1
1695118948,0.3333333333333333,415061.3333333334,1050.0,1
1695118951,0.0,238933.33333333334,1047.0,1
1695118954,0.0,0.0,1053.0,1
1695118957,0.0,247125.33333333334,696.0,1
1695118960,0.0,46421.333333333336,513.0,1
1695118963,0.3333333333333333,974848.0,513.0,1
1695118966,0.0,38229.333333333336,513.0,1
1695118969,0.0,410965.3333333333,513.0,1
1695118972,0.0,1365.3333333333333,666.0,1
1695118975,32.66666666666667,192512.0,1005.0,1
1695118978,32.333333333333336,243029.33333333334,1017.0,1
1695118981,32.0,330410.6666666667,1017.0,1
1695118984,20.333333333333332,957098.6666666666,1017.0,1
1695118987,0.3333333333333333,84650.66666666667,1017.0,1
1695118990,0.3333333333333333,4096.0,1026.0,1
1695118993,0.0,6826.666666666667,1026.0,1
1695118996,135.0,0.0,1023.0,1
1695118999,0.0,1365333.3333333335,1029.0,1
1695119002,0.0,701781.3333333333,1029.0,1
1695119005,0.0,12288.0,525.0,1
1695119008,0.0,178858.66666666666,513.0,1
1695119011,0.0,27306.666666666664,513.0,1
1695119014,1.0,338602.6666666667,513.0,1
1695119017,0.0,0.0,516.0,1
1695119020,25.333333333333332,24065365.333333332,1020.0,1
1695119023,31.666666666666668,23695360.0,1014.0,1
1695119026,32.0,23677610.666666664,1014.0,1
1695119029,32.333333333333336,73728.0,1023.0,1
1695119032,13.333333333333334,12288.0,1017.0,1
1695119035,0.0,2730.6666666666665,1029.0,1
1695119038,0.0,311296.0,1032.0,1
1695119041,0.0,1365.3333333333333,1026.0,1
1695119044,0.3333333333333333,4096.0,1026.0,1
1695119047,0.0,10922.666666666666,1026.0,1
1695119050,0.3333333333333333,86016.0,522.0,1
1695119053,0.0,1540096.0,516.0,1
1695119056,0.0,0.0,513.0,1
1695119059,0.3333333333333333,126976.0,513.0,1
1695119062,0.0,20480.0,513.0,1
1695119065,0.0,49152.0,600.0,1
1695119068,4.0,223914.66666666666,714.0,1
1695119071,4.666666666666667,899754.6666666666,711.0,1
1695119074,4.0,405504.0,711.0,1
1695119077,2.0,66901.33333333333,714.0,1
1695119080,0.0,43690.666666666664,711.0,1
1695119083,1.3333333333333333,1134592.0,708.0,1
1695119086,0.0,2730.6666666666665,711.0,1
1695119089,17.666666666666664,1163264.0,705.0,1
1695119092,0.0,5461.333333333333,708.0,1
1695119095,0.3333333333333333,110592.0,537.0,1
1695119098,0.0,0.0,513.0,1
1695119101,0.6666666666666666,42325.333333333336,513.0,1
1695119104,0.0,200704.0,513.0,1
1695119107,0.0,60074.666666666664,513.0,1
1695119110,0.0,1407658.6666666665,753.0,1
1695119113,8.0,39594.666666666664,756.0,1
1695119116,8.666666666666668,135168.0,756.0,1
1695119119,8.0,1365.3333333333333,756.0,1
1695119122,8.0,45056.0,756.0,1
1695119125,8.0,424618.6666666667,753.0,1
1695119128,6.0,0.0,756.0,1
1695119131,0.3333333333333333,2730.6666666666665,753.0,1
1695119134,0.0,12288.0,756.0,1
1695119137,0.0,86016.0,756.0,1
1695119140,0.6666666666666666,270336.0,600.0,1
1695119143,0.3333333333333333,83285.33333333333,513.0,1
1695119146,0.6666666666666666,151552.0,513.0,1
1695119149,0.3333333333333333,4096.0,513.0,1
1695119152,0.0,232106.6666666667,513.0,1
1695119155,0.0,66901.33333333333,774.0,1
1695119158,15.0,1288874.6666666665,897.0,1
1695119161,15.333333333333334,176128.0,894.0,1
1695119164,15.333333333333334,1365.3333333333333,897.0,1
1695119167,15.0,318122.6666666666,897.0,1
1695119170,2.6666666666666665,16383.999999999998,897.0,1
1695119173,0.3333333333333333,152917.33333333334,897.0,1
1695119176,0.0,46421.333333333336,900.0,1
1695119179,0.0,0.0,894.0,1
1695119182,0.6666666666666666,40960.0,897.0,1
1695119185,0.3333333333333333,253952.0,840.0,1
1695119188,0.0,2730.6666666666665,513.0,1
1695119191,0.3333333333333333,1365.3333333333333,513.0,1
1695119194,0.6666666666666666,1290240.0,513.0,1
1695119197,0.3333333333333333,70997.33333333334,513.0,1
1695119200,0.3333333333333333,46421.333333333336,711.0,1
1695119203,23.666666666666664,24576.0,903.0,1
1695119206,24.333333333333332,23210.666666666668,906.0,1
1695119209,24.0,23210.666666666668,900.0,1
1695119212,24.666666666666668,305834.6666666667,912.0,1
1695119215,23.666666666666668,27306.666666666668,915.0,1
1695119218,23.666666666666668,4096.0,909.0,1
1695119221,4.333333333333333,9557.333333333332,912.0,1
1695119224,0.0,8192.0,915.0,1
1695119227,0.0,0.0,912.0,1
1695119230,1.3333333333333333,122880.0,936.0,1
1695119233,0.3333333333333333,23210.666666666668,513.0,1
1695119236,0.0,314026.6666666667,513.0,1
1695119239,0.0,172032.0,513.0,1
1695119242,0.3333333333333333,86016.0,513.0,1
1695119245,0.0,53248.0,570.0,1
1695119248,32.333333333333336,7483392.0,924.0,1
1695119251,30.333333333333332,7034197.333333334,918.0,1
1695119254,32.333333333333336,6736554.666666667,909.0,1
1695119257,31.333333333333332,34133.33333333333,909.0,1
1695119260,31.333333333333332,0.0,918.0,1
1695119263,7.333333333333333,244394.66666666666,915.0,1
1695119266,0.0,135168.0,918.0,1
1695119269,0.6666666666666666,223914.6666666667,912.0,1
1695119272,0.3333333333333333,0.0,915.0,1
1695119275,0.6666666666666666,0.0,915.0,1
1695119278,0.6666666666666666,1628842.6666666667,522.0,1
1695119281,0.0,1365.3333333333333,513.0,1
1695119284,0.0,53248.0,513.0,1
1695119287,0.0,88746.66666666667,513.0,1
1695119290,0.3333333333333333,49152.0,513.0,1
1695119293,24.333333333333332,247579989.3333333,915.0,1
1695119296,32.0,247331498.66666666,918.0,1
1695119299,31.999999999999996,247323306.66666666,915.0,1
1695119302,32.0,247377920.0,918.0,1
1695119305,30.333333333333336,0.0,924.0,1
1695119308,7.0,45056.0,924.0,1
1695119311,0.3333333333333333,248490.66666666666,918.0,1
1695119314,0.3333333333333333,50517.333333333336,921.0,1
1695119317,0.3333333333333333,51882.666666666664,918.0,1
1695119320,0.6666666666666666,6826.666666666667,915.0,1
1695119323,0.3333333333333333,0.0,513.0,1
1695119326,0.3333333333333333,346794.6666666667,513.0,1
1695119329,0.6666666666666666,1398101.3333333333,513.0,1
1695119332,0.0,5461.333333333333,513.0,1
1695119335,0.0,345429.3333333333,513.0,1
1695119338,0.0,84650.66666666667,735.0,1
1695119341,4.0,304469.3333333333,744.0,1
1695119344,5.333333333333333,486058.6666666666,747.0,1
1695119347,4.333333333333334,1365.3333333333333,744.0,1
1695119350,4.0,113322.66666666667,738.0,1
1695119353,4.0,0.0,744.0,1
1695119356,1.9999999999999998,28672.0,747.0,1
1695119359,0.0,60074.666666666664,744.0,1
1695119362,0.0,305834.6666666667,750.0,1
1695119365,0.0,180224.0,744.0,1
1695119368,0.3333333333333333,0.0,597.0,1
1695119371,0.3333333333333333,133802.66666666666,513.0,1
1695119374,0.0,324949.3333333334,513.0,1
1695119377,0.0,88746.66666666667,513.0,1
1695119380,0.6666666666666666,124245.33333333333,513.0,1
1695119383,0.0,337237.3333333333,750.0,1
1695119386,8.333333333333334,0.0,801.0,1
1695119389,8.0,185685.3333333333,807.0,1
1695119392,8.666666666666668,51882.666666666664,801.0,1
1695119395,8.0,45056.0,804.0,1
1695119398,8.333333333333334,9557.333333333334,804.0,1
1695119401,3.3333333333333335,8192.0,801.0,1
1695119404,0.0,12288.0,807.0,1
1695119407,0.0,31402.666666666668,798.0,1
1695119410,0.0,0.0,801.0,1
1695119413,0.3333333333333333,0.0,696.0,1
1695119416,0.3333333333333333,159744.0,522.0,1
1695119419,0.0,12288.0,513.0,1
1695119422,1.0,339968.0,513.0,1
1695119425,0.3333333333333333,258047.99999999997,513.0,1
1695119428,0.0,345429.3333333333,990.0,1
1695119431,15.0,21845.333333333332,993.0,1
1695119434,15.0,0.0,993.0,1
1695119437,15.0,133802.66666666666,993.0,1
1695119440,15.333333333333334,5461.333333333333,993.0,1
1695119443,15.666666666666666,326314.6666666666,990.0,1
1695119446,9.0,0.0,1002.0,1
1695119449,0.0,0.0,999.0,1
1695119452,0.0,301738.6666666667,996.0,1
1695119455,0.0,0.0,996.0,1
1695119458,0.9999999999999999,4366336.0,708.0,1
1695119461,0.3333333333333333,286720.0,519.0,1
1695119464,0.0,1365.3333333333333,513.0,1
1695119467,0.3333333333333333,297642.6666666667,513.0,1
1695119470,0.0,1365.3333333333333,513.0,1
1695119473,0.3333333333333333,361813.3333333333,606.0,1
1695119476,24.0,383658.6666666666,999.0,1
1695119479,24.666666666666668,177493.33333333334,999.0,1
1695119482,24.0,491520.00000000006,1002.0,1
1695119485,1.3333333333333333,262144.0,999.0,1
1695119488,0.3333333333333333,256682.66666666666,1002.0,1
1695119491,0.0,0.0,996.0,1
1695119494,0.3333333333333333,35498.666666666664,1002.0,1
1695119497,113.0,1923754.6666666667,999.0,1
1695119500,0.3333333333333333,1365.3333333333333,1008.0,1
1695119503,0.3333333333333333,2730.6666666666665,996.0,1
1695119506,0.3333333333333333,21845.333333333332,513.0,1
1695119509,0.9999999999999999,486058.6666666667,513.0,1
1695119512,0.3333333333333333,117418.66666666667,513.0,1
1695119515,0.0,58709.33333333333,513.0,1
1695119518,0.3333333333333333,53248.0,552.0,1
1695119521,31.333333333333332,21951829.333333332,990.0,1
1695119524,31.0,22166186.666666668,999.0,1
1695119527,32.333333333333336,21984597.333333332,996.0,1
1695119530,11.666666666666668,0.0,996.0,1
1695119533,1.0,65536.0,999.0,1
1695119536,0.3333333333333333,39594.666666666664,1005.0,1
1695119539,0.3333333333333333,0.0,996.0,1
1695119542,0.0,1365.3333333333333,1002.0,1
1695119545,0.6666666666666666,53248.0,996.0,1
1695119548,0.3333333333333333,360448.0,1032.0,1
1695119551,0.3333333333333333,468309.3333333333,513.0,1
1695119554,0.3333333333333333,1523712.0,519.0,1
1695119557,0.6666666666666666,219818.66666666666,513.0,1
1695119560,0.0,1365.3333333333333,513.0,1
1695119563,0.0,253952.0,513.0,1
1695119566,0.3333333333333333,207530.66666666666,999.0,1
1695119569,30.666666666666668,92842.66666666667,1002.0,1
1695119572,31.0,21845.333333333332,1002.0,1
1695119575,33.333333333333336,566613.3333333333,990.0,1
1695119578,31.0,5461.333333333333,996.0,1
1695119581,31.333333333333332,10922.666666666666,999.0,1
1695119584,7.0,58709.333333333336,1011.0,1
1695119587,0.3333333333333333,83285.33333333334,1002.0,1
1695119590,0.6666666666666666,64170.66666666667,996.0,1
1695119593,0.3333333333333333,1365.3333333333333,996.0,1
1695119596,0.0,4096.0,528.0,1
1695119599,0.3333333333333333,167936.0,513.0,1
1695119602,0.3333333333333333,512000.0,519.0,1
1695119605,0.3333333333333333,0.0,525.0,1
1695119608,0.6666666666666666,251221.3333333333,513.0,1
1695119611,0.0,9557.333333333334,669.0,1
1695119614,4.0,4096.0,783.0,1
1695119617,4.333333333333333,81920.0,786.0,1
1695119620,4.333333333333333,0.0,777.0,1
1695119623,3.3333333333333335,1365.3333333333333,789.0,1
1695119626,0.3333333333333333,173397.33333333334,780.0,1
1695119629,0.0,540672.0,786.0,1
1695119632,0.0,192512.0,783.0,1
1695119635,0.3333333333333333,162474.66666666666,786.0,1
1695119638,17.333333333333332,4096.0,780.0,1
1695119641,0.0,36864.0,759.0,1
1695119644,0.0,4095.9999999999995,513.0,1
1695119647,0.6666666666666666,92842.66666666666,513.0,1
1695119650,0.0,39594.666666666664,513.0,1
1695119653,0.3333333333333333,191146.66666666666,513.0,1
1695119656,0.3333333333333333,2730.6666666666665,666.0,1
1695119659,8.0,251221.33333333334,867.0,1
1695119662,8.333333333333334,350890.6666666667,873.0,1
1695119665,8.0,1320277.3333333335,870.0,1
1695119668,8.666666666666668,193877.33333333334,873.0,1
1695119671,3.666666666666667,0.0,876.0,1
1695119674,0.0,410965.3333333333,876.0,1
1695119677,0.0,0.0,885.0,1
1695119680,0.0,309930.6666666667,885.0,1
1695119683,0.0,0.0,882.0,1
1695119686,0.0,0.0,888.0,1
1695119689,0.0,2730.6666666666665,519.0,1
1695119692,0.3333333333333333,505173.3333333334,513.0,1
1695119695,0.3333333333333333,28672.0,513.0,1
1695119698,0.3333333333333333,10922.666666666666,513.0,1
1695119701,0.6666666666666666,99669.33333333334,570.0,1
1695119704,14.666666666666666,0.0,1125.0,1
1695119707,15.333333333333334,0.0,1125.0,1
1695119710,16.333333333333336,80554.66666666667,1128.0,1
1695119713,14.666666666666666,72362.66666666667,1128.0,1
1695119716,8.0,0.0,1134.0,1
1695119719,0.0,286720.0,1131.0,1
1695119722,0.0,122880.0,1134.0,1
1695119725,0.0,113322.66666666666,1143.0,1
1695119728,0.6666666666666666,454656.0,1137.0,1
1695119731,0.0,0.0,1140.0,1
1695119734,0.3333333333333333,42325.333333333336,513.0,1
1695119737,0.3333333333333333,454656.0,513.0,1
1695119740,0.0,1365.3333333333333,513.0,1
1695119743,0.3333333333333333,0.0,513.0,1
1695119746,0.3333333333333333,32768.0,561.0,1
1695119749,24.0,169301.3333333333,1128.0,1
1695119752,24.0,47786.66666666667,1137.0,1
1695119755,23.333333333333332,53248.0,1131.0,1
1695119758,25.0,406869.3333333334,1137.0,1
1695119761,24.666666666666668,1168725.3333333335,1143.0,1
1695119764,23.333333333333332,47786.66666666667,1143.0,1
1695119767,0.6666666666666666,0.0,1146.0,1
1695119770,0.0,36864.0,1149.0,1
1695119773,0.0,13653.333333333334,1146.0,1
1695119776,0.0,0.0,1140.0,1
1695119779,0.6666666666666666,1272490.6666666667,513.0,1
1695119782,0.0,136533.33333333334,513.0,1
1695119785,0.3333333333333333,133802.66666666666,513.0,1
1695119788,0.0,0.0,513.0,1
1695119791,0.0,0.0,552.0,1
1695119794,31.333333333333332,118691157.33333334,1116.0,1
1695119797,32.0,123979093.33333334,1116.0,1
1695119800,32.333333333333336,0.0,1116.0,1
1695119803,31.666666666666664,4096.0,1119.0,1
1695119806,31.333333333333332,131072.0,1116.0,1
1695119809,21.0,68266.66666666666,1116.0,1
1695119812,0.3333333333333333,5461.333333333333,1122.0,1
1695119815,0.3333333333333333,131072.0,1128.0,1
1695119818,0.3333333333333333,439637.3333333333,1131.0,1
1695119821,0.6666666666666666,43690.666666666664,1128.0,1
1695119824,0.0,1365.3333333333333,522.0,1
1695119827,0.0,229376.0,519.0,1
1695119830,0.3333333333333333,169301.3333333333,513.0,1
1695119833,0.3333333333333333,170666.6666666667,513.0,1
1695119836,0.3333333333333333,436906.6666666667,519.0,1
1695119839,0.0,203434.66666666666,1116.0,1
1695119842,32.333333333333336,86016.0,1110.0,1
1695119845,31.666666666666668,380928.0,1113.0,1
1695119848,29.333333333333332,2730.6666666666665,1119.0,1
1695119851,0.0,1365.3333333333333,1107.0,1
1695119854,0.0,5461.333333333333,1131.0,1
1695119857,0.0,45056.0,1131.0,1
1695119860,0.0,6826.666666666667,1125.0,1
1695119863,1.3333333333333333,96938.66666666667,1128.0,1
1695119866,172.0,880640.0000000001,1128.0,1
1695119869,0.0,0.0,564.0,1
1695119872,0.0,19114.666666666668,513.0,1
1695119875,0.3333333333333333,54613.33333333333,516.0,1
1695119878,0.6666666666666666,140629.33333333334,513.0,1
1695119881,0.0,797354.6666666666,516.0,1
1695119884,0.0,237568.0,726.0,1
1695119887,4.333333333333334,1365.3333333333333,738.0,1
1695119890,4.0,1365.3333333333333,723.0,1
1695119893,4.333333333333334,19114.666666666668,729.0,1
1695119896,4.0,54613.33333333333,726.0,1
1695119899,4.666666666666667,98304.0,729.0,1
1695119902,3.3333333333333335,13653.333333333334,729.0,1
1695119905,0.0,51882.66666666667,732.0,1
1695119908,0.6666666666666666,995328.0,738.0,1
1695119911,0.0,61440.0,726.0,1
1695119914,0.0,1365.3333333333333,576.0,1
1695119917,0.0,0.0,513.0,1
1695119920,0.0,0.0,513.0,1
1695119923,0.3333333333333333,630784.0,513.0,1
1695119926,0.6666666666666666,263509.3333333333,513.0,1
1695119929,0.0,0.0,705.0,1
1695119932,8.333333333333334,64170.666666666664,753.0,1
1695119935,8.0,21845.333333333332,750.0,1
1695119938,8.333333333333334,491520.0,756.0,1
1695119941,1.0,334506.6666666666,750.0,1
1695119944,0.0,54613.333333333336,756.0,1
1695119947,0.0,15018.666666666666,750.0,1
1695119950,0.0,0.0,753.0,1
1695119953,37.333333333333336,45056.0,759.0,1
1695119956,0.0,45056.0,756.0,1
1695119959,0.6666666666666666,40960.0,672.0,1
1695119962,0.3333333333333333,0.0,513.0,1
1695119965,0.0,34133.333333333336,513.0,1
1695119968,0.0,16383.999999999998,513.0,1
1695119971,0.3333333333333333,387754.6666666667,513.0,1
1695119974,1.0,50517.33333333333,726.0,1
1695119977,14.666666666666666,374101.3333333333,906.0,1
1695119980,15.0,0.0,900.0,1
1695119983,15.666666666666666,45056.0,900.0,1
1695119986,14.666666666666666,1365.3333333333333,900.0,1
1695119989,15.0,32768.0,912.0,1
1695119992,0.0,0.0,903.0,1
1695119995,0.0,0.0,903.0,1
1695119998,0.0,91477.33333333333,909.0,1
1695120001,0.0,2730.6666666666665,906.0,1
1695120004,1.0,76458.66666666666,561.0,1
1695120007,0.6666666666666666,703146.6666666667,513.0,1
1695120010,0.0,0.0,513.0,1
1695120013,0.0,255317.33333333334,513.0,1
1695120016,0.0,229376.0,513.0,1
1695120019,0.0,45056.0,909.0,1
1695120022,24.666666666666668,36864.0,909.0,1
1695120025,23.666666666666668,0.0,915.0,1
1695120028,24.333333333333332,948906.6666666666,921.0,1
1695120031,13.0,45056.0,918.0,1
1695120034,0.6666666666666666,0.0,909.0,1
1695120037,0.3333333333333333,76458.66666666666,912.0,1
1695120040,1.3333333333333333,161109.3333333333,921.0,1
1695120043,0.0,91477.33333333333,915.0,1
1695120046,0.3333333333333333,1365.3333333333333,909.0,1
1695120049,0.3333333333333333,3612672.0,792.0,1
1695120052,0.0,8192.0,513.0,1
1695120055,0.3333333333333333,387754.6666666667,513.0,1
1695120058,0.0,166570.66666666666,513.0,1
1695120061,0.3333333333333333,88746.66666666666,513.0,1
1695120064,0.0,0.0,840.0,1
1695120067,32.0,31602005.333333332,918.0,1
1695120070,32.0,26832896.0,921.0,1
1695120073,29.666666666666668,1365.3333333333333,915.0,1
1695120076,31.0,696320.0,921.0,1
1695120079,0.3333333333333333,290816.0,918.0,1
1695120082,0.6666666666666666,172032.0,915.0,1
1695120085,0.0,0.0,924.0,1
1695120088,116.66666666666666,106496.0,921.0,1
1695120091,0.6666666666666666,174762.66666666666,921.0,1
1695120094,1.0,12288.0,987.0,1
1695120097,0.3333333333333333,401408.0,513.0,1
1695120100,0.3333333333333333,181589.33333333334,513.0,1
1695120103,0.0,65536.0,513.0,1
1695120106,0.3333333333333333,151552.0,513.0,1
1695120109,0.0,10922.666666666666,543.0,1
1695120112,27.0,2711698090.6666665,921.0,1
1695120115,31.0,2711739050.6666665,918.0,1
1695120118,31.333333333333332,1126400.0,921.0,1
1695120121,32.333333333333336,1365.3333333333333,924.0,1
1695120124,30.333333333333332,65536.0,921.0,1
1695120127,24.0,126976.0,918.0,1
1695120130,0.0,0.0,921.0,1
1695120133,0.6666666666666666,122880.0,924.0,1
1695120136,0.6666666666666666,68266.66666666666,918.0,1
1695120139,0.3333333333333333,0.0,915.0,1
1695120142,0.6666666666666666,288085.3333333334,555.0,1
1695120145,0.3333333333333333,133802.6666666667,513.0,1
1695120148,0.0,12288.0,513.0,1
1695120151,0.0,223914.66666666666,513.0,1
1695120154,0.0,154282.66666666666,519.0,1
1695120157,0.6666666666666666,0.0,714.0,1
1695120160,4.0,1365.3333333333333,765.0,1
1695120163,4.333333333333334,51882.66666666667,759.0,1
1695120166,4.0,19114.666666666664,756.0,1
1695120169,4.333333333333334,76458.66666666667,750.0,1
1695120172,4.0,53248.0,753.0,1
1695120175,4.0,405504.0,753.0,1
1695120178,0.3333333333333333,1197397.3333333333,756.0,1
1695120181,0.0,330410.6666666667,753.0,1
1695120184,0.6666666666666666,274432.0,753.0,1
1695120187,0.6666666666666666,0.0,513.0,1
1695120190,0.0,38229.333333333336,525.0,1
1695120193,0.3333333333333333,494250.6666666667,513.0,1
1695120196,0.0,80554.66666666667,513.0,1
1695120199,0.3333333333333333,40960.0,513.0,1
1695120202,0.3333333333333333,0.0,645.0,1
1695120205,8.333333333333334,632149.3333333334,798.0,1
1695120208,7.666666666666667,529749.3333333334,798.0,1
1695120211,8.666666666666668,1365.3333333333333,804.0,1
1695120214,8.333333333333334,178858.66666666666,801.0,1
1695120217,8.0,49152.0,804.0,1
1695120220,6.666666666666667,480597.3333333333,798.0,1
1695120223,0.3333333333333333,98304.0,801.0,1
1695120226,0.0,0.0,798.0,1
1695120229,0.3333333333333333,24576.0,795.0,1
1695120232,0.0,0.0,570.0,1
1695120235,0.3333333333333333,184320.0,513.0,1
1695120238,0.0,0.0,513.0,1
1695120241,0.3333333333333333,68266.66666666667,513.0,1
1695120244,0.0,312661.3333333333,513.0,1
1695120247,0.0,83285.33333333333,963.0,1
1695120250,15.333333333333334,623957.3333333334,990.0,1
1695120253,15.0,57344.0,993.0,1
1695120256,16.0,43690.666666666664,996.0,1
1695120259,15.333333333333332,9557.333333333334,990.0,1
1695120262,6.333333333333333,0.0,990.0,1
1695120265,0.0,357717.3333333333,996.0,1
1695120268,0.0,1273856.0,996.0,1
1695120271,0.6666666666666666,401408.0,996.0,1
1695120274,64.66666666666666,0.0,999.0,1
1695120277,0.3333333333333333,8192.0,816.0,1
1695120280,0.0,114688.0,516.0,1
1695120283,0.0,1365.3333333333333,522.0,1
1695120286,0.3333333333333333,4096.0,513.0,1
1695120289,0.0,798720.0,516.0,1
1695120292,0.9999999999999999,318122.6666666667,846.0,1
1695120295,24.333333333333332,0.0,1002.0,1
1695120298,23.666666666666664,181589.33333333334,1005.0,1
1695120301,25.0,42325.33333333333,999.0,1
1695120304,24.0,0.0,1002.0,1
1695120307,24.333333333333332,6826.666666666667,1002.0,1
1695120310,16.0,0.0,1002.0,1
1695120313,0.0,10922.666666666666,999.0,1
1695120316,0.0,290816.0,1002.0,1
1695120319,0.3333333333333333,68266.66666666666,1005.0,1
1695120322,0.0,2730.6666666666665,1011.0,1
1695120325,0.3333333333333333,378197.3333333334,519.0,1
1695120328,0.6666666666666666,170666.66666666666,513.0,1
1695120331,0.0,6826.666666666667,513.0,1
1695120334,0.3333333333333333,42325.333333333336,513.0,1
1695120337,0.0,155648.0,591.0,1
1695120340,30.0,1083226794.6666667,1002.0,1
1695120343,31.0,1082709333.3333335,1002.0,1
1695120346,32.333333333333336,1082710698.6666667,1002.0,1
1695120349,16.666666666666668,1082673834.6666667,1005.0,1
1695120352,1.0,188416.0,1005.0,1
1695120355,0.0,9557.333333333334,1005.0,1
1695120358,1.6666666666666665,174762.66666666666,1005.0,1
1695120361,137.33333333333334,162474.66666666666,1002.0,1
1695120364,0.0,1365.3333333333333,1005.0,1
1695120367,1.3333333333333333,79189.33333333334,1008.0,1
1695120370,0.6666666666666666,177493.33333333334,513.0,1
1695120373,0.0,155648.0,513.0,1
1695120376,0.0,307200.0,513.0,1
1695120379,0.0,0.0,513.0,1
1695120382,0.0,222549.33333333334,525.0,1
1695120385,24.666666666666664,2712498176.0,1005.0,1
1695120388,31.0,2712854528.0,999.0,1
1695120391,31.0,0.0,1002.0,1
1695120394,33.0,13653.333333333334,999.0,1
1695120397,29.666666666666664,442368.0,1008.0,1
1695120400,5.666666666666667,173397.3333333333,1005.0,1
1695120403,1.3333333333333333,217088.0,1008.0,1
1695120406,0.3333333333333333,0.0,1008.0,1
1695120409,0.3333333333333333,58709.333333333336,1008.0,1
1695120412,0.0,2730.6666666666665,1005.0,1
1695120415,0.3333333333333333,290816.0,513.0,1
1695120418,0.0,0.0,516.0,1
1695120421,1.3333333333333333,1328469.3333333333,516.0,1
1695120424,0.0,0.0,513.0,1
1695120427,0.0,544768.0,513.0,1
1695120430,0.0,24576.0,600.0,1
1695120433,4.0,54613.333333333336,789.0,1
1695120436,4.333333333333334,279893.3333333333,795.0,1
1695120439,4.0,42325.333333333336,789.0,1
1695120442,4.0,273066.6666666666,792.0,1
1695120445,4.0,0.0,795.0,1
1695120448,0.6666666666666666,0.0,798.0,1
1695120451,0.6666666666666666,5461.333333333333,798.0,1
1695120454,0.9999999999999999,259413.33333333334,798.0,1
1695120457,0.0,121514.66666666667,795.0,1
1695120460,0.0,141994.66666666666,609.0,1
1695120463,0.0,64170.66666666667,513.0,1
1695120466,0.3333333333333333,51882.66666666667,513.0,1
1695120469,0.0,75093.33333333334,513.0,1
1695120472,0.6666666666666666,135168.0,513.0,1
1695120475,0.0,0.0,822.0,1
1695120478,8.0,253952.00000000003,867.0,1
1695120481,8.0,0.0,870.0,1
1695120484,8.0,0.0,873.0,1
1695120487,8.333333333333334,87381.33333333333,867.0,1
1695120490,0.6666666666666666,94208.0,870.0,1
1695120493,0.0,1365.3333333333333,873.0,1
1695120496,0.3333333333333333,785066.6666666667,876.0,1
1695120499,0.3333333333333333,1365.3333333333333,870.0,1
1695120502,35.66666666666667,43690.666666666664,873.0,1
1695120505,0.0,6826.666666666666,741.0,1
1695120508,0.3333333333333333,0.0,513.0,1
1695120511,0.0,836949.3333333334,513.0,1
1695120514,0.3333333333333333,132437.33333333334,522.0,1
1695120517,0.3333333333333333,157013.33333333334,513.0,1
1695120520,0.6666666666666666,133802.66666666666,924.0,1
1695120523,15.0,1365.3333333333333,1125.0,1
1695120526,15.0,45056.0,1122.0,1
1695120529,15.666666666666666,0.0,1122.0,1
1695120532,15.0,1365.3333333333333,1125.0,1
1695120535,15.666666666666666,103765.33333333333,1119.0,1
1695120538,11.666666666666668,275797.3333333333,1134.0,1
1695120541,0.0,46421.333333333336,1134.0,1
1695120544,0.6666666666666666,0.0,1134.0,1
1695120547,0.3333333333333333,0.0,1131.0,1
1695120550,0.0,1365.3333333333333,1056.0,1
1695120553,0.6666666666666666,170666.6666666667,531.0,1
1695120556,0.0,0.0,513.0,1
1695120559,0.3333333333333333,441002.6666666667,513.0,1
1695120562,0.0,476501.3333333333,513.0,1
1695120565,0.6666666666666666,274432.0,693.0,1
1695120568,24.0,8895146.666666666,1131.0,1
1695120571,23.666666666666668,8895146.666666666,1125.0,1
1695120574,24.333333333333332,8897877.333333332,1125.0,1
1695120577,24.0,8895146.666666666,1128.0,1
1695120580,22.666666666666664,61439.99999999999,1131.0,1
1695120583,0.0,1365.3333333333333,1140.0,1
1695120586,0.9999999999999999,54613.333333333336,1143.0,1
1695120589,0.3333333333333333,13653.333333333332,1143.0,1
1695120592,0.0,1365.3333333333333,1152.0,1
1695120595,0.3333333333333333,757760.0,1137.0,1
1695120598,0.0,4096.0,519.0,1
1695120601,0.6666666666666666,652629.3333333334,513.0,1
1695120604,0.0,0.0,513.0,1
1695120607,0.0,133802.6666666667,513.0,1
1695120610,0.3333333333333333,30037.333333333332,513.0,1
1695120613,25.333333333333332,2712465408.0,1122.0,1
1695120616,32.666666666666664,2712439466.6666665,1125.0,1
1695120619,31.333333333333332,2712506368.0,1125.0,1
1695120622,31.0,2712677034.6666665,1116.0,1
1695120625,32.0,0.0,1122.0,1
1695120628,7.333333333333334,275797.3333333334,1116.0,1
1695120631,0.0,0.0,1137.0,1
1695120634,0.6666666666666666,147456.0,1131.0,1
1695120637,0.0,51882.666666666664,1131.0,1
1695120640,150.00000000000003,214357.3333333333,1131.0,1
1695120643,0.0,0.0,513.0,1
1695120646,1.3333333333333333,151552.0,513.0,1
1695120649,0.0,1365.3333333333333,513.0,1
1695120652,0.3333333333333333,70997.33333333334,513.0,1
1695120655,0.0,217088.0,513.0,1
1695120658,0.6666666666666666,481962.6666666667,1128.0,1
1695120661,30.666666666666668,45056.0,1122.0,1
1695120664,32.0,2730.6666666666665,1131.0,1
1695120667,31.666666666666664,95573.33333333333,1122.0,1
1695120670,5.333333333333333,2730.6666666666665,1122.0,1
1695120673,0.6666666666666666,15018.666666666666,1122.0,1
1695120676,0.6666666666666666,248490.66666666666,1134.0,1
1695120679,0.0,1365.3333333333333,1143.0,1
1695120682,0.3333333333333333,0.0,1137.0,1
1695120685,0.0,76458.66666666667,1128.0,1
1695120688,0.3333333333333333,43690.666666666664,966.0,1
1695120691,0.0,0.0,531.0,1
1695120694,1.3333333333333333,25941.333333333332,516.0,1
1695120697,0.0,90112.0,513.0,1
1695120700,0.0,0.0,513.0,1
1695120703,0.0,723626.6666666666,552.0,1
1695120706,3.6666666666666665,3426243925.3333335,639.0,1
1695120709,4.333333333333333,3713082709.3333335,645.0,1
1695120712,4.333333333333333,3650865834.6666665,645.0,1
1695120715,4.333333333333333,3678754133.333333,642.0,1
1695120718,4.0,3690120533.333333,645.0,1
1695120721,3.0,2558582784.0,648.0,1
1695120724,0.3333333333333333,38229.333333333336,651.0,1
1695120727,0.3333333333333333,157013.3333333333,663.0,1
1695120730,0.0,206165.3333333333,663.0,1
1695120733,0.3333333333333333,45056.0,660.0,1
1695120736,19.666666666666668,16975870634.666668,660.0,1
1695120739,0.0,8192.0,666.0,1
1695120742,0.6666666666666666,288085.3333333333,642.0,1
1695120745,0.3333333333333333,65536.0,618.0,1
1695120748,0.3333333333333333,94208.0,513.0,1
1695120751,0.0,200704.0,513.0,1
1695120754,0.0,0.0,513.0,1
1695120757,0.0,36864.0,513.0,1
1695120760,0.6666666666666666,382293.3333333334,552.0,1
1695120763,8.333333333333334,7388599637.333333,675.0,1
1695120766,8.333333333333334,7416928938.666667,681.0,1
1695120769,8.333333333333334,6821954901.333334,705.0,1
1695120772,8.666666666666668,7364524714.666667,732.0,1
1695120775,8.0,7131114154.666667,726.0,1
1695120778,2.6666666666666665,2430730240.0,726.0,1
1695120781,0.0,0.0,732.0,1
1695120784,0.3333333333333333,247125.3333333333,750.0,1
1695120787,28.333333333333332,169765546.66666666,750.0,1
1695120790,0.0,228010.66666666666,726.0,1
1695120793,0.3333333333333333,0.0,759.0,1
1695120796,0.3333333333333333,229376.0,657.0,1
1695120799,0.0,0.0,513.0,1
1695120802,0.0,96938.66666666667,519.0,1
1695120805,0.0,0.0,513.0,1
1695120808,1.0,192512.0,513.0,1
1695120811,0.3333333333333333,5461.333333333333,513.0,1
1695120814,0.0,4096.0,663.0,1
1695120817,14.666666666666666,12747808768.0,720.0,1
1695120820,16.0,13648788138.666668,837.0,1
1695120823,11.333333333333334,10569236480.0,843.0,1
1695120826,0.0,132437.33333333334,867.0,1
1695120829,0.0,222549.33333333334,900.0,1
1695120832,0.3333333333333333,1338026.6666666667,894.0,1
1695120835,52.66666666666667,1365.3333333333333,906.0,1
1695120838,0.6666666666666666,2730.6666666666665,888.0,1
1695120841,0.3333333333333333,0.0,897.0,1
1695120844,0.0,0.0,903.0,1
1695120847,0.3333333333333333,641706.6666666666,816.0,1
1695120850,0.0,28672.0,513.0,1
1695120853,0.3333333333333333,43690.666666666664,513.0,1
1695120856,0.3333333333333333,0.0,513.0,1
1695120859,0.0,50517.33333333333,513.0,1
1695120862,0.3333333333333333,27306.666666666668,558.0,1
1695120865,24.0,16215296682.666666,744.0,1
1695120868,24.666666666666664,16114720768.0,867.0,1
1695120871,24.0,1322231125.3333335,873.0,1
1695120874,24.333333333333332,1322076842.6666667,924.0,1
1695120877,12.0,1322095957.3333335,924.0,1
1695120880,0.3333333333333333,679936.0,927.0,1
1695120883,0.3333333333333333,49152.0,927.0,1
1695120886,0.3333333333333333,4096.0,921.0,1
1695120889,0.0,268970.6666666667,927.0,1
1695120892,115.66666666666666,15018.666666666666,927.0,1
1695120895,0.0,36864.0,864.0,1
1695120898,0.3333333333333333,502442.6666666667,513.0,1
1695120901,1.0,5461.333333333333,513.0,1
1695120904,0.3333333333333333,139264.0,513.0,1
1695120907,0.0,92842.66666666666,513.0,1
1695120910,0.0,80554.66666666666,513.0,1
1695120913,0.0,2730.6666666666665,741.0,1
1695120916,32.66666666666667,11267511637.333332,864.0,1
1695120919,31.666666666666668,11267276800.0,930.0,1
1695120922,31.666666666666664,11267466581.333334,933.0,1
1695120925,30.666666666666668,11267047424.0,933.0,1
1695120928,20.666666666666664,177493.3333333333,933.0,1
1695120931,0.0,202069.33333333334,930.0,1
1695120934,1.0,94208.0,933.0,1
1695120937,0.6666666666666666,1129130.6666666667,933.0,1
1695120940,0.0,2730.6666666666665,933.0,1
1695120943,0.0,0.0,990.0,1
1695120946,0.0,34133.333333333336,516.0,1
1695120949,0.0,46421.333333333336,513.0,1
1695120952,1.6666666666666665,12376746.666666668,513.0,1
1695120955,0.0,0.0,513.0,1
1695120958,0.3333333333333333,77824.0,672.0,1
1695120961,4.0,4894205269.333333,681.0,1
1695120964,4.0,4970154666.666667,678.0,1
1695120967,5.0,4976209920.0,681.0,1
1695120970,1.3333333333333333,1581385045.3333333,678.0,1
1695120973,0.3333333333333333,1071786.6666666665,687.0,1
1695120976,0.0,0.0,693.0,1
1695120979,0.0,352255.99999999994,693.0,1
1695120982,18.0,19412049920.0,696.0,1
1695120985,0.6666666666666666,1082709.3333333333,699.0,1
1695120988,0.0,0.0,702.0,1
1695120991,0.0,43690.666666666664,723.0,1
1695120994,0.0,36864.0,723.0,1
1695120997,18.666666666666668,5118139050.666667,738.0,1
1695121000,0.3333333333333333,326314.6666666667,723.0,1
1695121003,0.3333333333333333,106496.0,675.0,1
1695121006,0.3333333333333333,233472.0,513.0,1
1695121009,0.0,0.0,513.0,1
1695121012,0.3333333333333333,0.0,513.0,1
1695121015,0.6666666666666666,1048575.9999999999,513.0,1
1695121018,0.0,1228800.0,513.0,1
1695121021,0.6666666666666666,137898.66666666666,741.0,1
1695121024,8.0,9730639189.333332,744.0,1
1695121027,8.0,8785524053.333334,783.0,1
1695121030,8.333333333333334,8244822016.0,789.0,1
1695121033,2.666666666666667,2851685717.333333,792.0,1
1695121036,0.3333333333333333,36864.0,780.0,1
1695121039,0.0,0.0,801.0,1
1695121042,0.3333333333333333,43690.666666666664,789.0,1
1695121045,0.0,88746.66666666667,798.0,1
1695121048,38.0,5092947285.333334,801.0,1
1695121051,0.0,30037.333333333332,816.0,1
1695121054,0.9999999999999999,8192.0,816.0,1
1695121057,0.0,0.0,741.0,1
1695121060,0.3333333333333333,226645.33333333334,513.0,1
1695121063,0.0,0.0,519.0,1
1695121066,0.0,5461.333333333333,513.0,1
1695121069,0.3333333333333333,225280.0,513.0,1
1695121072,0.0,46421.333333333336,513.0,1
1695121075,0.0,0.0,726.0,1
1695121078,15.0,16035542357.333332,858.0,1
1695121081,15.333333333333334,16515059712.0,948.0,1
1695121084,15.333333333333334,3603737258.6666665,942.0,1
1695121087,9.0,47786.66666666667,1002.0,1
1695121090,0.3333333333333333,238933.3333333333,1014.0,1
1695121093,0.0,81920.0,1011.0,1
1695121096,0.0,42325.333333333336,1005.0,1
1695121099,0.0,0.0,1008.0,1
1695121102,81.66666666666666,2730.6666666666665,1011.0,1
1695121105,0.6666666666666666,12288.0,1002.0,1
1695121108,0.3333333333333333,0.0,819.0,1
1695121111,0.6666666666666666,45056.0,513.0,1
1695121114,0.0,141994.66666666666,516.0,1
1695121117,0.0,277162.6666666667,513.0,1
1695121120,0.6666666666666666,359082.6666666667,513.0,1
1695121123,0.0,0.0,558.0,1
1695121126,24.0,21684051968.0,912.0,1
1695121129,24.0,11533352960.0,993.0,1
1695121132,24.333333333333332,11533355690.666666,1029.0,1
1695121135,12.333333333333334,258048.0,1026.0,1
1695121138,0.0,141994.6666666667,1023.0,1
1695121141,0.3333333333333333,87381.33333333333,1029.0,1
1695121144,0.0,255317.33333333334,1041.0,1
1695121147,0.0,0.0,1029.0,1
1695121150,131.66666666666666,346794.6666666667,1026.0,1
1695121153,0.6666666666666666,42325.333333333336,1023.0,1
1695121156,0.0,8192.0,780.0,1
1695121159,0.3333333333333333,45056.0,513.0,1
1695121162,0.3333333333333333,1606997.3333333333,513.0,1
1695121165,0.0,0.0,513.0,1
1695121168,0.3333333333333333,180224.0,513.0,1
1695121171,0.0,226645.33333333334,555.0,1
1695121174,31.333333333333332,22038839296.0,1038.0,1
1695121177,32.0,116307285.33333334,1029.0,1
1695121180,31.666666666666664,116296362.66666667,1026.0,1
1695121183,31.666666666666664,21845.333333333332,1035.0,1
1695121186,31.666666666666668,0.0,1038.0,1
1695121189,28.666666666666668,128341.33333333334,1029.0,1
1695121192,0.3333333333333333,1365.3333333333333,1032.0,1
1695121195,1.3333333333333333,87381.33333333333,1032.0,1
1695121198,0.6666666666666666,5461.333333333333,1029.0,1
1695121201,0.3333333333333333,0.0,1032.0,1
1695121204,0.3333333333333333,0.0,513.0,1
1695121207,0.9999999999999999,16471381.333333334,519.0,1
1695121210,0.6666666666666666,962559.9999999999,513.0,1
1695121213,0.0,0.0,513.0,1
1695121216,0.0,1365.3333333333333,546.0,1
1695121219,0.0,72362.66666666667,741.0,1
1695121222,4.0,6201895594.666667,744.0,1
1695121225,4.0,6135833941.333333,744.0,1
1695121228,4.666666666666667,5648329386.666667,747.0,1
1695121231,4.0,4866128554.666667,756.0,1
1695121234,4.0,5432791040.0,759.0,1
1695121237,0.6666666666666666,549186218.6666667,756.0,1
1695121240,0.6666666666666666,84650.66666666666,759.0,1
1695121243,0.0,476501.3333333333,750.0,1
1695121246,0.3333333333333333,0.0,759.0,1
1695121249,0.0,34133.333333333336,768.0,1
1695121252,23.666666666666664,9863136597.333334,762.0,1
1695121255,0.3333333333333333,0.0,765.0,1
1695121258,0.0,180224.0,651.0,1
1695121261,0.6666666666666666,4060501.3333333335,513.0,1
1695121264,0.0,0.0,513.0,1
1695121267,0.0,68266.66666666667,513.0,1
1695121270,0.3333333333333333,0.0,513.0,1
1695121273,0.6666666666666666,320853.3333333333,579.0,1
1695121276,8.333333333333334,11804835840.0,840.0,1
1695121279,8.0,10114875392.0,867.0,1
1695121282,8.0,8955689642.666666,861.0,1
1695121285,4.666666666666667,5451549354.666667,867.0,1
1695121288,0.3333333333333333,161109.3333333333,876.0,1
1695121291,0.0,129706.66666666667,876.0,1
1695121294,0.0,1140053.3333333335,888.0,1
1695121297,0.3333333333333333,783701.3333333334,891.0,1
1695121300,40.33333333333333,1618568533.3333333,885.0,1
1695121303,0.0,0.0,888.0,1
1695121306,0.3333333333333333,699050.6666666666,897.0,1
1695121309,0.0,0.0,816.0,1
1695121312,0.0,421888.00000000006,519.0,1
1695121315,0.3333333333333333,158378.66666666666,513.0,1
1695121318,0.6666666666666666,225280.0,513.0,1
1695121321,0.0,689493.3333333334,513.0,1
1695121324,0.0,0.0,573.0,1
1695121327,15.333333333333334,20390978901.333332,1044.0,1
1695121330,15.0,17579865429.333332,1113.0,1
1695121333,15.333333333333334,2976641024.0,1110.0,1
1695121336,7.666666666666666,2976103082.6666665,1149.0,1
1695121339,0.0,0.0,1143.0,1
1695121342,0.0,394581.3333333333,1149.0,1
1695121345,0.3333333333333333,110592.0,1155.0,1
1695121348,0.0,140629.33333333334,1152.0,1
1695121351,70.33333333333334,632149.3333333333,1149.0,1
1695121354,0.0,94208.0,1155.0,1
1695121357,0.3333333333333333,364544.0,654.0,1
1695121360,0.0,222549.33333333334,522.0,1
1695121363,0.6666666666666666,103765.33333333333,513.0,1
1695121366,0.0,0.0,513.0,1
1695121369,0.0,31402.666666666668,513.0,1
1695121372,0.6666666666666666,28672.000000000004,537.0,1
1695121375,23.666666666666668,23948571989.333332,1146.0,1
1695121378,24.666666666666668,9459393877.333332,1158.0,1
1695121381,24.666666666666668,9459381589.333332,1173.0,1
1695121384,10.333333333333334,75093.33333333333,1170.0,1
1695121387,0.0,105130.66666666666,1170.0,1
1695121390,0.3333333333333333,143360.0,1179.0,1
1695121393,80.0,0.0,1179.0,1
1695121396,0.3333333333333333,131072.0,1179.0,1
1695121399,0.6666666666666666,53248.0,1188.0,1
1695121402,0.3333333333333333,15018.666666666666,1179.0,1
1695121405,0.0,47786.666666666664,819.0,1
1695121408,0.3333333333333333,88746.66666666667,513.0,1
1695121411,0.3333333333333333,49152.0,513.0,1
1695121414,0.0,90112.0,516.0,1
1695121417,0.6666666666666666,215722.6666666667,513.0,1
1695121420,0.0,0.0,879.0,1
1695121423,32.0,14689140736.0,1170.0,1
1695121426,31.666666666666664,14689222656.0,1164.0,1
1695121429,31.333333333333332,14689090218.666666,1158.0,1
1695121432,31.333333333333332,14689090218.666666,1167.0,1
1695121435,8.666666666666666,84650.66666666667,1176.0,1
1695121438,0.3333333333333333,177493.33333333334,1170.0,1
1695121441,0.6666666666666666,64170.666666666664,1176.0,1
1695121444,0.3333333333333333,507904.0,1179.0,1
1695121447,139.66666666666666,2730.6666666666665,1173.0,1
1695121450,0.3333333333333333,0.0,1167.0,1
1695121453,1.6666666666666665,106496.0,516.0,1
1695121456,0.0,0.0,531.0,1
1695121459,0.0,40960.0,513.0,1
1695121462,0.0,122880.0,513.0,1
1695121465,0.3333333333333333,252586.6666666667,513.0,1
1695121468,1.0,1112746.6666666667,624.0,1
1695121471,0.0,6826.666666666666,615.0,1
1695121474,0.0,401408.0,615.0,1
1695121477,0.3333333333333333,43690.66666666667,615.0,1
1695121480,0.3333333333333333,90112.0,618.0,1
1695121483,0.3333333333333333,172032.0,615.0,1
1695121486,0.0,4096.0,615.0,1
1695121489,0.0,1070421.3333333335,609.0,1
1695121492,0.0,0.0,615.0,1
1695121495,0.3333333333333333,329045.3333333334,612.0,1
1695121498,0.3333333333333333,237568.0,513.0,1
1695121501,0.0,333141.3333333334,513.0,1
1695121504,0.0,1365.3333333333333,513.0,1
1695121507,0.3333333333333333,473770.6666666667,513.0,1
1695121510,0.0,16384.0,513.0,1
1695121513,0.6666666666666666,0.0,609.0,1
1695121516,0.3333333333333333,370005.3333333334,615.0,1
1695121519,0.0,90112.0,612.0,1
1695121522,0.3333333333333333,88746.66666666667,612.0,1
1695121525,0.3333333333333333,262144.0,612.0,1
1695121528,0.0,648533.3333333334,615.0,1
1695121531,0.0,31402.666666666668,615.0,1
1695121534,0.3333333333333333,1316181.3333333335,612.0,1
1695121537,0.0,47786.666666666664,615.0,1
1695121540,0.6666666666666666,275797.3333333333,612.0,1
1695121543,0.0,4096.0,513.0,1
1695121546,0.0,0.0,513.0,1
1695121549,0.3333333333333333,361813.3333333333,513.0,1
1695121552,0.3333333333333333,1220608.0,513.0,1
1695121555,0.3333333333333333,88746.66666666667,513.0,1
1695121558,0.0,0.0,612.0,1
1695121561,0.6666666666666666,0.0,612.0,1
1695121564,0.6666666666666666,0.0,618.0,1
1695121567,0.0,76458.66666666667,615.0,1
1695121570,0.3333333333333333,447829.3333333333,615.0,1
1695121573,0.3333333333333333,237568.0,612.0,1
1695121576,0.3333333333333333,266240.0,624.0,1
1695121579,0.0,225280.0,609.0,1
1695121582,0.0,307200.0,615.0,1
1695121585,0.0,0.0,609.0,1
1695121588,0.6666666666666666,90112.0,528.0,1
1695121591,0.3333333333333333,238933.3333333333,513.0,1
1695121594,0.0,141994.66666666666,513.0,1
1695121597,0.0,1365.3333333333333,516.0,1
1695121600,0.0,0.0,513.0,1
1695121603,0.3333333333333333,299008.0,612.0,1
1695121606,0.0,487424.0,609.0,1
1695121609,0.0,6826.666666666667,615.0,1
1695121612,0.3333333333333333,607573.3333333334,618.0,1
1695121615,0.6666666666666666,61440.0,618.0,1
1695121618,0.0,225280.0,618.0,1
1695121621,0.6666666666666666,137898.66666666666,609.0,1
1695121624,0.3333333333333333,0.0,612.0,1
1695121627,0.0,24576.0,612.0,1
1695121630,0.6666666666666666,19114.666666666668,615.0,1
1695121633,0.3333333333333333,143360.0,513.0,1
1695121636,0.3333333333333333,0.0,513.0,1
1695121639,0.0,626688.0,513.0,1
1695121642,0.0,507904.0,513.0,1
1695121645,0.0,65536.0,513.0,1
1695121648,0.3333333333333333,13653.333333333334,663.0,1
1695121651,0.0,31402.666666666668,615.0,1
1695121654,0.0,98303.99999999999,621.0,1
1695121657,0.0,584362.6666666667,609.0,1
1695121660,0.3333333333333333,0.0,612.0,1
1695121663,0.3333333333333333,215722.66666666666,615.0,1
1695121666,0.0,21845.333333333332,615.0,1
1695121669,0.0,1365.3333333333333,612.0,1
1695121672,0.6666666666666666,132437.33333333334,612.0,1
1695121675,1.0,346794.6666666666,609.0,1
1695121678,0.3333333333333333,858794.6666666666,579.0,1
1695121681,0.0,255317.3333333333,513.0,1
1695121684,0.0,0.0,513.0,1
1695121687,0.0,9557.333333333334,513.0,1
1695121690,0.0,99669.33333333333,513.0,1
1695121693,0.6666666666666666,10922.666666666666,633.0,1
1695121696,0.3333333333333333,66901.33333333334,612.0,1
1695121699,0.0,0.0,609.0,1
1695121702,0.0,847872.0,612.0,1
1695121705,0.6666666666666666,42325.333333333336,612.0,1
1695121708,0.0,0.0,618.0,1
1695121711,0.3333333333333333,1992021.3333333335,615.0,1
1695121714,0.0,0.0,615.0,1
1695121717,0.3333333333333333,121514.66666666667,618.0,1
1695121720,0.6666666666666666,229376.0,612.0,1
1695121723,0.6666666666666666,17749.333333333332,609.0,1
1695121726,0.0,0.0,513.0,1
1695121729,0.3333333333333333,92842.66666666667,513.0,1
1695121732,0.0,0.0,513.0,1
1695121735,0.0,491520.0,513.0,1
1695121738,0.6666666666666666,36864.0,579.0,1
1695121741,0.0,279893.3333333333,612.0,1
1695121744,0.0,0.0,609.0,1
1695121747,0.0,8191.999999999999,612.0,1
1695121750,0.3333333333333333,151552.0,615.0,1
1695121753,0.3333333333333333,132437.3333333333,612.0,1
1695121756,0.0,45056.0,612.0,1
1695121759,0.0,0.0,612.0,1
1695121762,0.0,110592.0,612.0,1
1695121765,0.3333333333333333,10922.666666666666,615.0,1
1695121768,1.0,57344.0,531.0,1
1695121771,0.0,10922.666666666666,522.0,1
1695121774,0.0,0.0,513.0,1
1695121777,0.0,96938.66666666667,519.0,1
1695121780,0.0,240298.66666666666,513.0,1
1695121783,0.3333333333333333,569344.0,540.0,1
1695121786,0.6666666666666666,39594.66666666667,609.0,1
1695121789,0.3333333333333333,65536.0,615.0,1
1695121792,0.0,5461.333333333333,612.0,1
1695121795,0.0,252586.66666666666,609.0,1
1695121798,0.3333333333333333,19114.666666666668,609.0,1
1695121801,0.0,39594.666666666664,612.0,1
1695121804,0.3333333333333333,57344.0,606.0,1
1695121807,0.3333333333333333,1365.3333333333333,612.0,1
1695121810,0.3333333333333333,443733.3333333333,612.0,1
1695121813,0.6666666666666666,196608.0,582.0,1
1695121816,0.0,114688.0,522.0,1
1695121819,0.0,0.0,513.0,1
1695121822,0.0,0.0,513.0,1
1695121825,0.0,43690.666666666664,513.0,1
1695121828,0.0,255317.33333333334,621.0,1
1695121831,0.9999999999999999,303104.0,609.0,1
1695121834,0.0,253952.0,612.0,1
1695121837,0.0,0.0,618.0,1
1695121840,0.0,372736.0,618.0,1
1695121843,0.6666666666666666,376832.0,609.0,1
1695121846,0.3333333333333333,13327018.666666666,609.0,1
1695121849,0.3333333333333333,79189.33333333334,612.0,1
1695121852,0.3333333333333333,544768.0,615.0,1
1695121855,0.0,0.0,609.0,1
1695121858,0.0,581632.0,552.0,1
1695121861,0.9999999999999999,1301162.6666666665,522.0,1
1695121864,0.0,90112.0,513.0,1
1695121867,0.0,148821.33333333334,513.0,1
1695121870,0.3333333333333333,610304.0,513.0,1
1695121873,0.0,0.0,633.0,1
1695121876,0.0,0.0,609.0,1
1695121879,0.3333333333333333,192512.0,612.0,1
1695121882,0.0,53248.0,612.0,1
1695121885,0.0,39594.666666666664,612.0,1
1695121888,0.3333333333333333,294912.0,606.0,1
1695121891,0.0,2730.6666666666665,612.0,1
1695121894,0.3333333333333333,763221.3333333334,609.0,1
1695121897,0.0,4096.0,615.0,1
1695121900,0.0,13653.333333333334,612.0,1
1695121903,0.6666666666666666,118784.0,540.0,1
1695121906,0.3333333333333333,65536.0,513.0,1
1695121909,0.0,0.0,513.0,1
1695121912,0.3333333333333333,49152.0,513.0,1
1695121915,0.0,1204224.0,513.0,1
1695121918,0.0,69632.0,663.0,1
1695121921,0.6666666666666666,60074.666666666664,618.0,1
1695121924,0.0,394581.3333333333,609.0,1
1695121927,0.6666666666666666,120149.33333333333,609.0,1
1695121930,1.0,13653.333333333334,618.0,1
1695121933,0.3333333333333333,38229.333333333336,612.0,1
1695121936,0.3333333333333333,0.0,606.0,1
1695121939,0.3333333333333333,9557.333333333334,612.0,1
1695121942,0.0,98304.0,618.0,1
1695121945,0.3333333333333333,206165.33333333334,618.0,1
1695121948,0.0,510634.6666666666,579.0,1
1695121951,0.0,0.0,513.0,1
1695121954,0.3333333333333333,404138.6666666667,513.0,1
1695121957,0.3333333333333333,425984.0,513.0,1
1695121960,0.0,17749.333333333332,516.0,1
1695121963,0.3333333333333333,0.0,642.0,1
1695121966,0.0,274432.0,612.0,1
1695121969,0.6666666666666666,43690.666666666664,624.0,1
1695121972,0.3333333333333333,55978.66666666667,612.0,1
1695121975,0.3333333333333333,498346.6666666666,609.0,1
1695121978,0.0,150186.66666666666,615.0,1
1695121981,0.3333333333333333,15018.666666666666,606.0,1
1695121984,0.0,86016.0,615.0,1
1695121987,0.3333333333333333,75093.33333333333,615.0,1
1695121990,0.0,0.0,612.0,1
1695121993,0.0,995328.0,606.0,1
1695121996,0.0,2730.6666666666665,513.0,1
1695121999,0.3333333333333333,116053.33333333333,513.0,1
1695122002,0.0,0.0,513.0,1
1695122005,0.0,13653.333333333334,513.0,1
1695122008,0.0,0.0,600.0,1
1695122011,0.3333333333333333,264874.6666666666,615.0,1
1695122014,0.0,180224.0,621.0,1
1695122017,0.6666666666666666,1365.3333333333333,609.0,1
1695122020,0.0,0.0,615.0,1
1695122023,0.6666666666666666,193877.33333333334,612.0,1
1695122026,0.0,0.0,609.0,1
1695122029,0.3333333333333333,178858.6666666667,612.0,1
1695122032,0.0,292181.3333333333,612.0,1
1695122035,0.6666666666666666,1181013.3333333333,618.0,1
1695122038,0.0,0.0,513.0,1
1695122041,0.0,47786.666666666664,513.0,1
1695122044,0.0,5461.333333333333,522.0,1
1695122047,0.0,394581.3333333334,513.0,1
1695122050,0.3333333333333333,111957.33333333334,513.0,1
1695122053,0.0,76458.66666666667,558.0,1
1695122056,0.0,45056.0,615.0,1
1695122059,1.0,158378.66666666666,612.0,1
1695122062,0.0,144725.3333333333,609.0,1
1695122065,0.0,356352.0,618.0,1
1695122068,1.0,322218.6666666667,618.0,1
1695122071,0.3333333333333333,214357.33333333334,618.0,1
1695122074,0.0,42325.333333333336,612.0,1
1695122077,0.0,83285.33333333333,612.0,1
1695122080,0.0,42325.333333333336,615.0,1
1695122083,0.6666666666666666,0.0,558.0,1
1695122086,0.0,0.0,528.0,1
1695122089,0.0,761856.0,513.0,1
1695122092,0.0,0.0,513.0,1
1695122095,0.0,256682.6666666667,513.0,1
1695122098,0.0,0.0,645.0,1
1695122101,0.3333333333333333,43690.66666666667,615.0,1
1695122104,0.6666666666666666,230741.33333333334,615.0,1
1695122107,0.3333333333333333,88746.66666666666,612.0,1
1695122110,0.3333333333333333,12288.0,615.0,1
1695122113,0.0,0.0,609.0,1
1695122116,0.0,2730.6666666666665,609.0,1
1695122119,0.3333333333333333,307200.0,612.0,1
1695122122,0.6666666666666666,45056.0,615.0,1
1695122125,0.0,118784.0,615.0,1
1695122128,0.0,13653.333333333334,570.0,1
1695122131,0.0,0.0,516.0,1
1695122134,0.0,266239.99999999994,513.0,1
1695122137,0.6666666666666666,240298.66666666666,519.0,1
1695122140,0.0,45056.0,513.0,1
1695122143,0.0,410965.3333333333,621.0,1
1695122146,0.0,263509.3333333333,615.0,1
1695122149,0.3333333333333333,9557.333333333334,618.0,1
1695122152,1.3333333333333333,277162.6666666666,609.0,1
1695122155,0.0,1365.3333333333333,612.0,1
1695122158,0.0,0.0,621.0,1
1695122161,0.3333333333333333,176128.0,612.0,1
1695122164,0.0,5461.333333333333,615.0,1
1695122167,0.6666666666666666,43690.666666666664,612.0,1
1695122170,0.0,2730.6666666666665,612.0,1
1695122173,0.6666666666666666,0.0,612.0,1
1695122176,0.0,84650.66666666667,513.0,1
1695122179,0.3333333333333333,513365.3333333333,513.0,1
1695122182,0.0,0.0,513.0,1
1695122185,0.3333333333333333,827392.0,513.0,1
1695122188,0.0,1365.3333333333333,561.0,1
1695122191,1.0,471040.0,612.0,1
1695122194,0.6666666666666666,6826.666666666667,612.0,1
1695122197,0.3333333333333333,1365.3333333333333,612.0,1
1695122200,0.3333333333333333,221184.0,621.0,1
1695122203,0.0,113322.66666666666,609.0,1
1695122206,0.0,58709.333333333336,615.0,1
1695122209,0.0,1365.3333333333333,618.0,1
1695122212,0.0,178858.66666666666,609.0,1
1695122215,0.0,27306.666666666668,606.0,1
1695122218,0.6666666666666666,714069.3333333334,615.0,1
1695122221,0.3333333333333333,543402.6666666666,513.0,1
1695122224,0.0,43690.666666666664,513.0,1
1695122227,0.0,180224.0,513.0,1
1695122230,0.3333333333333333,228010.66666666666,513.0,1
1695122233,1.3333333333333333,84650.66666666666,549.0,1
1695122236,0.6666666666666666,203434.66666666666,612.0,1
1695122239,0.0,13653.333333333334,615.0,1
1695122242,0.0,4096.0,612.0,1
1695122245,0.0,12288.0,612.0,1
1695122248,0.0,267605.3333333333,609.0,1
1695122251,0.3333333333333333,228010.66666666666,609.0,1
1695122254,0.3333333333333333,0.0,609.0,1
1695122257,0.0,252586.66666666666,612.0,1
1695122260,0.0,0.0,618.0,1
1695122263,0.3333333333333333,40960.0,615.0,1
1695122266,0.6666666666666666,39594.666666666664,513.0,1
