{"learner":{"attributes":{"scikit_learn":"{\"_estimator_type\": \"regressor\"}"},"feature_names":[],"feature_types":[],"gradient_booster":{"model":{"gbtree_model_param":{"num_parallel_tree":"1","num_trees":"100"},"iteration_indptr":[0,1,2,3,4,5,6,7,8,9,10,11,12,13,14,15,16,17,18,19,20,21,22,23,24,25,26,27,28,29,30,31,32,33,34,35,36,37,38,39,40,41,42,43,44,45,46,47,48,49,50,51,52,53,54,55,56,57,58,59,60,61,62,63,64,65,66,67,68,69,70,71,72,73,74,75,76,77,78,79,80,81,82,83,84,85,86,87,88,89,90,91,92,93,94,95,96,97,98,99,100],"tree_info":[0,0,0,0,0,0,0,0,0,0,0,0,0,0,0,0,0,0,0,0,0,0,0,0,0,0,0,0,0,0,0,0,0,0,0,0,0,0,0,0,0,0,0,0,0,0,0,0,0,0,0,0,0,0,0,0,0,0,0,0,0,0,0,0,0,0,0,0,0,0,0,0,0,0,0,0,0,0,0,0,0,0,0,0,0,0,0,0,0,0,0,0,0,0,0,0,0,0,0,0],"trees":[{"base_weights":[3.8146973E-7,-1.0044444E1,8.370371E0,-1.1916666E0,-1.2777777E-1,1.2222224E-1,9.5555556E-1],"categories":[],"categories_nodes":[],"categories_segments":[],"categories_sizes":[],"default_left":[0,0,0,0,0,0,0],"id":0,"left_children":[1,3,5,-1,-1,-1,-1],"loss_changes":[9.248329E2,6.68389E1,3.915222E1,0E0,0E0,0E0,0E0],"parents":[2147483647,0,0,1,1,2,2],"right_children":[2,4,6,-1,-1,-1,-1],"split_conditions":[6.0550207E-1,5.0031483E-1,7.028597E-1,-1.1916666E0,-1.2777777E-1,1.2222224E-1,9.5555556E-1],"split_indices":[0,0,0,0,0,0,0],"split_type":[0,0,0,0,0,0,0],"sum_hessian":[9E0,4E0,5E0,3E0,1E0,1E0,4E0],"tree_param":{"num_deleted":"0","num_feature":"2","num_nodes":"7","size_leaf_vector":"1"}},{"base_weights":[-2.4166107E-2,-9.303888E0,7.7129636E0,-1.1022916E0,-1.2138891E-1,2.6037037E-1,9.616667E-1],"categories":[],"categories_nodes":[],"categories_segments":[],"categories_sizes":[],"default_left":[0,0,0,0,0,0,0],"id":1,"left_children":[1,3,5,-1,-1,-1,-1],"loss_changes":[7.897446E2,5.6154083E1,3.332013E1,0E0,0E0,0E0,0E0],"parents":[2147483647,0,0,1,1,2,2],"right_children":[2,4,6,-1,-1,-1,-1],"split_conditions":[6.0550207E-1,5.0031483E-1,8.092859E-1,-1.1022916E0,-1.2138891E-1,2.6037037E-1,9.616667E-1],"split_indices":[0,0,0,0,0,0,0],"split_type":[0,0,0,0,0,0,0],"sum_hessian":[9E0,4E0,5E0,3E0,1E0,2E0,3E0],"tree_param":{"num_deleted":"0","num_feature":"2","num_nodes":"7","size_leaf_vector":"1"}},{"base_weights":[-2.1913623E-2,-8.618236E0,7.1453404E0,-1.150773E0,-2.8559953E-1,1.0309257E-1,8.162038E-1],"categories":[],"categories_nodes":[],"categories_segments":[],"categories_sizes":[],"default_left":[0,0,0,0,0,0,0],"id":2,"left_children":[1,3,5,-1,-1,-1,-1],"loss_changes":[6.7770044E2,5.038379E1,2.8884613E1,0E0,0E0,0E0,0E0],"parents":[2147483647,0,0,1,1,2,2],"right_children":[2,4,6,-1,-1,-1,-1],"split_conditions":[6.0550207E-1,3.9585873E-1,7.028597E-1,-1.150773E0,-2.8559953E-1,1.0309257E-1,8.162038E-1],"split_indices":[0,0,0,0,0,0,0],"split_type":[0,0,0,0,0,0,0],"sum_hessian":[9E0,4E0,5E0,2E0,2E0,1E0,4E0],"tree_param":{"num_deleted":"0","num_feature":"2","num_nodes":"7","size_leaf_vector":"1"}},{"base_weights":[-7.14303E-2,-8.043687E0,6.584022E0,-1.074055E0,-2.665596E-1,2.1236916E-1,8.283264E-1],"categories":[],"categories_nodes":[],"categories_segments":[],"categories_sizes":[],"default_left":[0,0,0,0,0,0,0],"id":3,"left_children":[1,3,5,-1,-1,-1,-1],"loss_changes":[5.8354956E2,4.3889893E1,2.7884003E1,0E0,0E0,0E0,0E0],"parents":[2147483647,0,0,1,1,2,2],"right_children":[2,4,6,-1,-1,-1,-1],"split_conditions":[6.0550207E-1,3.9585873E-1,8.092859E-1,-1.074055E0,-2.665596E-1,2.1236916E-1,8.283264E-1],"split_indices":[0,0,0,0,0,0,0],"split_type":[0,0,0,0,0,0,0],"sum_hessian":[9E0,4E0,5E0,2E0,2E0,2E0,3E0],"tree_param":{"num_deleted":"0","num_feature":"2","num_nodes":"7","size_leaf_vector":"1"}},{"base_weights":[-9.427957E-2,-7.5074415E0,6.0990686E0,-8.9457446E-1,-8.771153E-2,1.9821116E-1,7.662019E-1],"categories":[],"categories_nodes":[],"categories_segments":[],"categories_sizes":[],"default_left":[0,0,0,0,0,0,0],"id":4,"left_children":[1,3,5,-1,-1,-1,-1],"loss_changes":[5.0491135E2,3.9835632E1,2.3420624E1,0E0,0E0,0E0,0E0],"parents":[2147483647,0,0,1,1,2,2],"right_children":[2,4,6,-1,-1,-1,-1],"split_conditions":[6.0550207E-1,5.0031483E-1,8.092859E-1,-8.9457446E-1,-8.771153E-2,1.9821116E-1,7.662019E-1],"split_indices":[0,0,0,0,0,0,0],"split_type":[0,0,0,0,0,0,0],"sum_hessian":[9E0,4E0,5E0,3E0,1E0,2E0,3E0],"tree_param":{"num_deleted":"0","num_feature":"2","num_nodes":"7","size_leaf_vector":"1"}},{"base_weights":[-8.663855E-2,-6.953154E0,5.6498976E0,-9.428129E-1,-2.1604608E-1,1.8499705E-1,7.0873684E-1],"categories":[],"categories_nodes":[],"categories_segments":[],"categories_sizes":[],"default_left":[0,0,0,0,0,0,0],"id":5,"left_children":[1,3,5,-1,-1,-1,-1],"loss_changes":[4.3318475E2,3.8939896E1,1.9662277E1,0E0,0E0,0E0,0E0],"parents":[2147483647,0,0,1,1,2,2],"right_children":[2,4,6,-1,-1,-1,-1],"split_conditions":[6.0550207E-1,3.9585873E-1,8.092859E-1,-9.428129E-1,-2.1604608E-1,1.8499705E-1,7.0873684E-1],"split_indices":[0,0,0,0,0,0,0],"split_type":[0,0,0,0,0,0,0],"sum_hessian":[9E0,4E0,5E0,2E0,2E0,2E0,3E0],"tree_param":{"num_deleted":"0","num_feature":"2","num_nodes":"7","size_leaf_vector":"1"}},{"base_weights":[-1.0448742E-1,-6.489611E0,5.2338634E0,-8.799588E-1,-2.0164306E-1,6.815901E-2,6.0080004E-1],"categories":[],"categories_nodes":[],"categories_segments":[],"categories_sizes":[],"default_left":[0,0,0,0,0,0,0],"id":6,"left_children":[1,3,5,-1,-1,-1,-1],"loss_changes":[3.7482608E2,3.3920944E1,1.7049484E1,0E0,0E0,0E0,0E0],"parents":[2147483647,0,0,1,1,2,2],"right_children":[2,4,6,-1,-1,-1,-1],"split_conditions":[6.0550207E-1,3.9585873E-1,7.028597E-1,-8.799588E-1,-2.0164306E-1,6.815901E-2,6.0080004E-1],"split_indices":[0,0,0,0,0,0,0],"split_type":[0,0,0,0,0,0,0],"sum_hessian":[9E0,4E0,5E0,2E0,2E0,1E0,4E0],"tree_param":{"num_deleted":"0","num_feature":"2","num_nodes":"7","size_leaf_vector":"1"}},{"base_weights":[-1.3530274E-1,-6.05697E0,4.8219705E0,-8.212949E-1,-1.8820019E-1,1.5036526E-1,6.105217E-1],"categories":[],"categories_nodes":[],"categories_segments":[],"categories_sizes":[],"default_left":[0,0,0,0,0,0,0],"id":7,"left_children":[1,3,5,-1,-1,-1,-1],"loss_changes":[3.2275977E2,2.954892E1,1.6369186E1,0E0,0E0,0E0,0E0],"parents":[2147483647,0,0,1,1,2,2],"right_children":[2,4,6,-1,-1,-1,-1],"split_conditions":[6.0550207E-1,3.9585873E-1,8.092859E-1,-8.212949E-1,-1.8820019E-1,1.5036526E-1,6.105217E-1],"split_indices":[0,0,0,0,0,0,0],"split_type":[0,0,0,0,0,0,0],"sum_hessian":[9E0,4E0,5E0,2E0,2E0,2E0,3E0],"tree_param":{"num_deleted":"0","num_feature":"2","num_nodes":"7","size_leaf_vector":"1"}},{"base_weights":[-1.4663334E-1,-6.8013077E0,3.6769853E0,-7.665419E-1,-2.1044874E-1,2.8008142E-2,5.130975E0,-5.303154E-2,5.7232764E-2,1.5327854E-1,5.6473255E-1],"categories":[],"categories_nodes":[],"categories_segments":[],"categories_sizes":[],"default_left":[0,0,0,0,0,0,0,0,0,0,0],"id":8,"left_children":[1,3,5,-1,-1,7,9,-1,-1,-1,-1],"loss_changes":[2.7945767E2,1.025238E-1,3.6995293E1,0E0,0E0,1.2152333E0,6.335144E-1,0E0,0E0,0E0,0E0],"parents":[2147483647,0,0,1,1,2,2,5,5,6,6],"right_children":[2,4,6,-1,-1,8,10,-1,-1,-1,-1],"split_conditions":[5.0031483E-1,3.9585873E-1,7.028597E-1,-7.665419E-1,-2.1044874E-1,6.0550207E-1,8.092859E-1,-5.303154E-2,5.7232764E-2,1.5327854E-1,5.6473255E-1],"split_indices":[0,0,0,0,0,0,0,0,0,0,0],"split_type":[0,0,0,0,0,0,0,0,0,0,0],"sum_hessian":[9E0,3E0,6E0,2E0,1E0,2E0,4E0,1E0,1E0,1E0,3E0],"tree_param":{"num_deleted":"0","num_feature":"2","num_nodes":"11","size_leaf_vector":"1"}},{"base_weights":[-1.5744725E-1,-6.3654244E-1,3.4124606E0,2.6608149E-2,4.76148E0,-5.0379943E-2,5.4371167E-2,2.1813317E-1,5.7544684E-1],"categories":[],"categories_nodes":[],"categories_segments":[],"categories_sizes":[],"default_left":[0,0,0,0,0,0,0,0,0],"id":9,"left_children":[1,-1,3,5,7,-1,-1,-1,-1],"loss_changes":[2.4334082E2,0E0,3.1846367E1,1.0967485E0,2.5787354E-1,0E0,0E0,0E0,0E0],"parents":[2147483647,0,0,2,2,3,3,4,4],"right_children":[2,-1,4,6,8,-1,-1,-1,-1],"split_conditions":[5.0031483E-1,-6.3654244E-1,7.028597E-1,6.0550207E-1,9.156613E-1,-5.0379943E-2,5.4371167E-2,2.1813317E-1,5.7544684E-1],"split_indices":[0,0,0,0,0,0,0,0,0],"split_type":[0,0,0,0,0,0,0,0,0],"sum_hessian":[9E0,3E0,6E0,2E0,4E0,1E0,1E0,2E0,2E0],"tree_param":{"num_deleted":"0","num_feature":"2","num_nodes":"9","size_leaf_vector":"1"}},{"base_weights":[-1.2559967E-1,-4.9018574E0,3.8755484E0,-6.730029E-1,-1.4397335E-1,1.2424036E-1,4.88152E-1],"categories":[],"categories_nodes":[],"categories_segments":[],"categories_sizes":[],"default_left":[0,0,0,0,0,0,0],"id":10,"left_children":[1,3,5,-1,-1,-1,-1],"loss_changes":[2.1010254E2,2.1957329E1,9.828384E0,0E0,0E0,0E0,0E0],"parents":[2147483647,0,0,1,1,2,2],"right_children":[2,4,6,-1,-1,-1,-1],"split_conditions":[6.0550207E-1,3.9585873E-1,8.092859E-1,-6.730029E-1,-1.4397335E-1,1.2424036E-1,4.88152E-1],"split_indices":[0,0,0,0,0,0,0],"split_type":[0,0,0,0,0,0,0],"sum_hessian":[9E0,4E0,5E0,2E0,2E0,2E0,3E0],"tree_param":{"num_deleted":"0","num_feature":"2","num_nodes":"7","size_leaf_vector":"1"}},{"base_weights":[-1.3349819E-1,-5.5155225E0,2.9610155E0,-6.2813604E-1,-1.609005E-1,3.18559E-2,4.126308E0,-4.0662196E-2,4.544058E-2,1.8317775E-1,5.0454026E-1],"categories":[],"categories_nodes":[],"categories_segments":[],"categories_sizes":[],"default_left":[0,0,0,0,0,0,0,0,0,0,0],"id":11,"left_children":[1,3,5,-1,-1,7,9,-1,-1,-1,-1],"loss_changes":[1.8287901E2,1.8602905E0,2.3761852E1,0E0,0E0,7.406076E-1,1.3023987E0,0E0,0E0,0E0,0E0],"parents":[2147483647,0,0,1,1,2,2,5,5,6,6],"right_children":[2,4,6,-1,-1,8,10,-1,-1,-1,-1],"split_conditions":[5.0031483E-1,3.9585873E-1,7.028597E-1,-6.2813604E-1,-1.609005E-1,6.0550207E-1,9.156613E-1,-4.0662196E-2,4.544058E-2,1.8317775E-1,5.0454026E-1],"split_indices":[0,0,0,0,0,0,0,0,0,0,0],"split_type":[0,0,0,0,0,0,0,0,0,0,0],"sum_hessian":[9E0,3E0,6E0,2E0,1E0,2E0,4E0,1E0,1E0,2E0,2E0],"tree_param":{"num_deleted":"0","num_feature":"2","num_nodes":"11","size_leaf_vector":"1"}},{"base_weights":[-1.2980232E-1,-5.1612296E0,2.763842E0,-5.8626026E-1,-1.528555E-1,3.0263266E-2,3.851221E0,-3.8629055E-2,4.3168545E-2,1.709659E-1,4.7090432E-1],"categories":[],"categories_nodes":[],"categories_segments":[],"categories_sizes":[],"default_left":[0,0,0,0,0,0,0,0,0,0,0],"id":12,"left_children":[1,3,5,-1,-1,7,9,-1,-1,-1,-1],"loss_changes":[1.5985645E2,1.2301407E0,2.0690502E1,0E0,0E0,6.6839784E-1,1.1345291E0,0E0,0E0,0E0,0E0],"parents":[2147483647,0,0,1,1,2,2,5,5,6,6],"right_children":[2,4,6,-1,-1,8,10,-1,-1,-1,-1],"split_conditions":[5.0031483E-1,3.9585873E-1,7.028597E-1,-5.8626026E-1,-1.528555E-1,6.0550207E-1,9.156613E-1,-3.8629055E-2,4.3168545E-2,1.709659E-1,4.7090432E-1],"split_indices":[0,0,0,0,0,0,0,0,0,0,0],"split_type":[0,0,0,0,0,0,0,0,0,0,0],"sum_hessian":[9E0,3E0,6E0,2E0,1E0,2E0,4E0,1E0,1E0,2E0,2E0],"tree_param":{"num_deleted":"0","num_feature":"2","num_nodes":"11","size_leaf_vector":"1"}},{"base_weights":[-1.260931E-1,-4.829886E0,2.5798018E0,-5.471763E-1,-1.4521275E-1,2.8750101E-2,3.5944724E0,-3.6697578E-2,4.1010093E-2,1.5956816E-1,4.3951058E-1],"categories":[],"categories_nodes":[],"categories_segments":[],"categories_sizes":[],"default_left":[0,0,0,0,0,0,0,0,0,0,0],"id":13,"left_children":[1,3,5,-1,-1,7,9,-1,-1,-1,-1],"loss_changes":[1.3973984E2,7.267151E-1,1.8016003E1,0E0,0E0,6.032283E-1,9.8830414E-1,0E0,0E0,0E0,0E0],"parents":[2147483647,0,0,1,1,2,2,5,5,6,6],"right_children":[2,4,6,-1,-1,8,10,-1,-1,-1,-1],"split_conditions":[5.0031483E-1,3.9585873E-1,7.028597E-1,-5.471763E-1,-1.4521275E-1,6.0550207E-1,9.156613E-1,-3.6697578E-2,4.1010093E-2,1.5956816E-1,4.3951058E-1],"split_indices":[0,0,0,0,0,0,0,0,0,0,0],"split_type":[0,0,0,0,0,0,0,0,0,0,0],"sum_hessian":[9E0,3E0,6E0,2E0,1E0,2E0,4E0,1E0,1E0,2E0,2E0],"tree_param":{"num_deleted":"0","num_feature":"2","num_nodes":"11","size_leaf_vector":"1"}},{"base_weights":[-1.2238369E-1,-4.5199947E0,2.4080203E0,-5.106979E-1,-1.3795213E-1,2.7312597E-2,3.3548408E0,-3.486271E-2,3.89596E-2,1.4893024E-1,4.102099E-1],"categories":[],"categories_nodes":[],"categories_segments":[],"categories_sizes":[],"default_left":[0,0,0,0,0,0,0,0,0,0,0],"id":14,"left_children":[1,3,5,-1,-1,7,9,-1,-1,-1,-1],"loss_changes":[1.2216156E2,3.284378E-1,1.5687096E1,0E0,0E0,5.4441386E-1,8.6092377E-1,0E0,0E0,0E0,0E0],"parents":[2147483647,0,0,1,1,2,2,5,5,6,6],"right_children":[2,4,6,-1,-1,8,10,-1,-1,-1,-1],"split_conditions":[5.0031483E-1,3.9585873E-1,7.028597E-1,-5.106979E-1,-1.3795213E-1,6.0550207E-1,9.156613E-1,-3.486271E-2,3.89596E-2,1.4893024E-1,4.102099E-1],"split_indices":[0,0,0,0,0,0,0,0,0,0,0],"split_type":[0,0,0,0,0,0,0,0,0,0,0],"sum_hessian":[9E0,3E0,6E0,2E0,1E0,2E0,4E0,1E0,1E0,2E0,2E0],"tree_param":{"num_deleted":"0","num_feature":"2","num_nodes":"11","size_leaf_vector":"1"}},{"base_weights":[-1.18686296E-1,-4.2301574E0,2.247681E0,-4.7665134E-1,-1.310545E-1,2.5946936E-2,3.131185E0,-3.3119585E-2,3.7011623E-2,1.390016E-1,3.828626E-1],"categories":[],"categories_nodes":[],"categories_segments":[],"categories_sizes":[],"default_left":[0,0,0,0,0,0,0,0,0,0,0],"id":15,"left_children":[1,3,5,-1,-1,7,9,-1,-1,-1,-1],"loss_changes":[1.0680055E2,1.7074585E-2,1.3659134E1,0E0,0E0,4.913337E-1,7.4996185E-1,0E0,0E0,0E0,0E0],"parents":[2147483647,0,0,1,1,2,2,5,5,6,6],"right_children":[2,4,6,-1,-1,8,10,-1,-1,-1,-1],"split_conditions":[5.0031483E-1,3.9585873E-1,7.028597E-1,-4.7665134E-1,-1.310545E-1,6.0550207E-1,9.156613E-1,-3.3119585E-2,3.7011623E-2,1.390016E-1,3.828626E-1],"split_indices":[0,0,0,0,0,0,0,0,0,0,0],"split_type":[0,0,0,0,0,0,0,0,0,0,0],"sum_hessian":[9E0,3E0,6E0,2E0,1E0,2E0,4E0,1E0,1E0,2E0,2E0],"tree_param":{"num_deleted":"0","num_feature":"2","num_nodes":"11","size_leaf_vector":"1"}},{"base_weights":[-1.1501255E-1,-3.9590684E-1,2.098021E0,2.4649302E-2,2.92244E0,-3.1463623E-2,3.516102E-2,1.2973486E-1,3.5733846E-1],"categories":[],"categories_nodes":[],"categories_segments":[],"categories_sizes":[],"default_left":[0,0,0,0,0,0,0,0,0],"id":16,"left_children":[1,-1,3,5,7,-1,-1,-1,-1],"loss_changes":[9.337646E1,0E0,1.1893253E1,4.4342858E-1,6.532936E-1,0E0,0E0,0E0,0E0],"parents":[2147483647,0,0,2,2,3,3,4,4],"right_children":[2,-1,4,6,8,-1,-1,-1,-1],"split_conditions":[5.0031483E-1,-3.9590684E-1,7.028597E-1,6.0550207E-1,9.156613E-1,-3.1463623E-2,3.516102E-2,1.2973486E-1,3.5733846E-1],"split_indices":[0,0,0,0,0,0,0,0,0],"split_type":[0,0,0,0,0,0,0,0,0],"sum_hessian":[9E0,3E0,6E0,2E0,4E0,1E0,1E0,2E0,2E0],"tree_param":{"num_deleted":"0","num_feature":"2","num_nodes":"9","size_leaf_vector":"1"}},{"base_weights":[-9.402466E-2,-3.0492725E0,2.3843527E0,-4.1848084E-1,-8.973128E-2,1.0751595E-1,3.3351594E-1],"categories":[],"categories_nodes":[],"categories_segments":[],"categories_sizes":[],"default_left":[0,0,0,0,0,0,0],"id":17,"left_children":[1,3,5,-1,-1,-1,-1],"loss_changes":[8.051273E1,8.463055E0,3.882904E0,0E0,0E0,0E0,0E0],"parents":[2147483647,0,0,1,1,2,2],"right_children":[2,4,6,-1,-1,-1,-1],"split_conditions":[6.0550207E-1,3.9585873E-1,9.156613E-1,-4.1848084E-1,-8.973128E-2,1.0751595E-1,3.3351594E-1],"split_indices":[0,0,0,0,0,0,0],"split_type":[0,0,0,0,0,0,0],"sum_hessian":[9E0,4E0,5E0,2E0,2E0,3E0,2E0],"tree_param":{"num_deleted":"0","num_feature":"2","num_nodes":"7","size_leaf_vector":"1"}},{"base_weights":[-9.1340065E-2,-3.4304652E0,1.82978E0,-3.9058208E-1,-1.0021992E-1,1.7489115E-2,2.5511985E0,-2.5403881E-2,2.802725E-2,1.1391818E-1,3.112816E-1],"categories":[],"categories_nodes":[],"categories_segments":[],"categories_sizes":[],"default_left":[0,0,0,0,0,0,0,0,0,0,0],"id":18,"left_children":[1,3,5,-1,-1,7,9,-1,-1,-1,-1],"loss_changes":[7.0425606E1,7.02755E-1,9.107323E0,0E0,0E0,2.8525913E-1,4.1900635E-1,0E0,0E0,0E0,0E0],"parents":[2147483647,0,0,1,1,2,2,5,5,6,6],"right_children":[2,4,6,-1,-1,8,10,-1,-1,-1,-1],"split_conditions":[5.0031483E-1,3.9585873E-1,7.028597E-1,-3.9058208E-1,-1.0021992E-1,6.0550207E-1,9.156613E-1,-2.5403881E-2,2.802725E-2,1.1391818E-1,3.112816E-1],"split_indices":[0,0,0,0,0,0,0,0,0,0,0],"split_type":[0,0,0,0,0,0,0,0,0,0,0],"sum_hessian":[9E0,3E0,6E0,2E0,1E0,2E0,4E0,1E0,1E0,2E0,2E0],"tree_param":{"num_deleted":"0","num_feature":"2","num_nodes":"11","size_leaf_vector":"1"}},{"base_weights":[-8.850422E-2,-3.2101192E0,1.7079192E0,-3.645433E-1,-9.5208935E-2,1.6614914E-2,2.381118E0,-2.4133682E-2,2.662592E-2,1.0632362E-1,2.9052937E-1],"categories":[],"categories_nodes":[],"categories_segments":[],"categories_sizes":[],"default_left":[0,0,0,0,0,0,0,0,0,0,0],"id":19,"left_children":[1,3,5,-1,-1,7,9,-1,-1,-1,-1],"loss_changes":[6.156005E1,4.6102524E-1,7.930525E0,0E0,0E0,2.5744668E-1,3.6499786E-1,0E0,0E0,0E0,0E0],"parents":[2147483647,0,0,1,1,2,2,5,5,6,6],"right_children":[2,4,6,-1,-1,8,10,-1,-1,-1,-1],"split_conditions":[5.0031483E-1,3.9585873E-1,7.028597E-1,-3.645433E-1,-9.5208935E-2,6.0550207E-1,9.156613E-1,-2.4133682E-2,2.662592E-2,1.0632362E-1,2.9052937E-1],"split_indices":[0,0,0,0,0,0,0,0,0,0,0],"split_type":[0,0,0,0,0,0,0,0,0,0,0],"sum_hessian":[9E0,3E0,6E0,2E0,1E0,2E0,4E0,1E0,1E0,2E0,2E0],"tree_param":{"num_deleted":"0","num_feature":"2","num_nodes":"11","size_leaf_vector":"1"}},{"base_weights":[-8.569489E-2,-3.0040455E0,1.5941762E0,-3.4024042E-1,-9.044848E-2,1.5783945E-2,2.2223763E0,-2.2927E-2,2.529459E-2,9.923541E-2,2.7116063E-1],"categories":[],"categories_nodes":[],"categories_segments":[],"categories_sizes":[],"default_left":[0,0,0,0,0,0,0,0,0,0,0],"id":20,"left_children":[1,3,5,-1,-1,7,9,-1,-1,-1,-1],"loss_changes":[5.3813503E1,2.680893E-1,6.9057465E0,0E0,0E0,2.3234531E-1,3.1794357E-1,0E0,0E0,0E0,0E0],"parents":[2147483647,0,0,1,1,2,2,5,5,6,6],"right_children":[2,4,6,-1,-1,8,10,-1,-1,-1,-1],"split_conditions":[5.0031483E-1,3.9585873E-1,7.028597E-1,-3.4024042E-1,-9.044848E-2,6.0550207E-1,9.156613E-1,-2.2927E-2,2.529459E-2,9.923541E-2,2.7116063E-1],"split_indices":[0,0,0,0,0,0,0,0,0,0,0],"split_type":[0,0,0,0,0,0,0,0,0,0,0],"sum_hessian":[9E0,3E0,6E0,2E0,1E0,2E0,4E0,1E0,1E0,2E0,2E0],"tree_param":{"num_deleted":"0","num_feature":"2","num_nodes":"11","size_leaf_vector":"1"}},{"base_weights":[-8.291797E-2,-2.8113132E0,1.4880104E0,-3.1755772E-1,-8.5926056E-2,1.4994304E-2,2.074218E0,-2.1780683E-2,2.4029827E-2,9.261971E-2,2.5308332E-1],"categories":[],"categories_nodes":[],"categories_segments":[],"categories_sizes":[],"default_left":[0,0,0,0,0,0,0,0,0,0,0],"id":21,"left_children":[1,3,5,-1,-1,7,9,-1,-1,-1,-1],"loss_changes":[4.70444E1,1.1560249E-1,6.0133524E0,0E0,0E0,2.0969164E-1,2.769661E-1,0E0,0E0,0E0,0E0],"parents":[2147483647,0,0,1,1,2,2,5,5,6,6],"right_children":[2,4,6,-1,-1,8,10,-1,-1,-1,-1],"split_conditions":[5.0031483E-1,3.9585873E-1,7.028597E-1,-3.1755772E-1,-8.5926056E-2,6.0550207E-1,9.156613E-1,-2.1780683E-2,2.4029827E-2,9.261971E-2,2.5308332E-1],"split_indices":[0,0,0,0,0,0,0,0,0,0,0],"split_type":[0,0,0,0,0,0,0,0,0,0,0],"sum_hessian":[9E0,3E0,6E0,2E0,1E0,2E0,4E0,1E0,1E0,2E0,2E0],"tree_param":{"num_deleted":"0","num_feature":"2","num_nodes":"11","size_leaf_vector":"1"}},{"base_weights":[-8.017941E-2,-2.631053E-1,1.3889169E0,1.424408E-2,1.9359372E0,-2.0691682E-2,2.2828294E-2,8.644505E-2,2.3621114E-1],"categories":[],"categories_nodes":[],"categories_segments":[],"categories_sizes":[],"default_left":[0,0,0,0,0,0,0,0,0],"id":22,"left_children":[1,-1,3,5,7,-1,-1,-1,-1],"loss_changes":[4.11291E1,0E0,5.2362404E0,1.8924665E-1,2.4127197E-1,0E0,0E0,0E0,0E0],"parents":[2147483647,0,0,2,2,3,3,4,4],"right_children":[2,-1,4,6,8,-1,-1,-1,-1],"split_conditions":[5.0031483E-1,-2.631053E-1,7.028597E-1,6.0550207E-1,9.156613E-1,-2.0691682E-2,2.2828294E-2,8.644505E-2,2.3621114E-1],"split_indices":[0,0,0,0,0,0,0,0,0],"split_type":[0,0,0,0,0,0,0,0,0],"sum_hessian":[9E0,3E0,6E0,2E0,4E0,1E0,1E0,2E0,2E0],"tree_param":{"num_deleted":"0","num_feature":"2","num_nodes":"9","size_leaf_vector":"1"}},{"base_weights":[-6.599255E-2,-2.433724E0,1.2964243E0,-2.7884686E-1,-6.847449E-2,1.3531367E-2,1.8068752E0,-1.9657135E-2,2.168684E-2,5.1624205E-2,2.000473E-1],"categories":[],"categories_nodes":[],"categories_segments":[],"categories_sizes":[],"default_left":[0,0,0,0,0,0,0,0,0,0,0],"id":23,"left_children":[1,3,5,-1,-1,7,9,-1,-1,-1,-1],"loss_changes":[3.5413513E1,5.7237625E-1,4.5595264E0,0E0,0E0,1.7079511E-1,2.1659088E-1,0E0,0E0,0E0,0E0],"parents":[2147483647,0,0,1,1,2,2,5,5,6,6],"right_children":[2,4,6,-1,-1,8,10,-1,-1,-1,-1],"split_conditions":[5.0031483E-1,3.9585873E-1,7.028597E-1,-2.7884686E-1,-6.847449E-2,6.0550207E-1,8.092859E-1,-1.9657135E-2,2.168684E-2,5.1624205E-2,2.000473E-1],"split_indices":[0,0,0,0,0,0,0,0,0,0,0],"split_type":[0,0,0,0,0,0,0,0,0,0,0],"sum_hessian":[9E0,3E0,6E0,2E0,1E0,2E0,4E0,1E0,1E0,1E0,3E0],"tree_param":{"num_deleted":"0","num_feature":"2","num_nodes":"11","size_leaf_vector":"1"}},{"base_weights":[-6.875515E-2,-1.8964428E0,1.465777E0,-2.602571E-1,-5.5816717E-2,6.452103E-2,2.0712738E-1],"categories":[],"categories_nodes":[],"categories_segments":[],"categories_sizes":[],"default_left":[0,0,0,0,0,0,0],"id":24,"left_children":[1,3,5,-1,-1,-1,-1],"loss_changes":[3.0826218E1,3.2723007E0,1.6446962E0,0E0,0E0,0E0,0E0],"parents":[2147483647,0,0,1,1,2,2],"right_children":[2,4,6,-1,-1,-1,-1],"split_conditions":[6.0550207E-1,3.9585873E-1,9.156613E-1,-2.602571E-1,-5.5816717E-2,6.452103E-2,2.0712738E-1],"split_indices":[0,0,0,0,0,0,0],"split_type":[0,0,0,0,0,0,0],"sum_hessian":[9E0,4E0,5E0,2E0,2E0,3E0,2E0],"tree_param":{"num_deleted":"0","num_feature":"2","num_nodes":"7","size_leaf_vector":"1"}},{"base_weights":[-6.632233E-2,-2.1330996E0,1.1241678E0,-2.8217998E-1,-9.629329E-2,9.953181E-3,1.5678631E0,-1.5883446E-2,1.7376423E-2,6.799158E-2,1.9331895E-1],"categories":[],"categories_nodes":[],"categories_segments":[],"categories_sizes":[],"default_left":[0,0,0,0,0,0,0,0,0,0,0],"id":25,"left_children":[1,3,5,-1,-1,7,9,-1,-1,-1,-1],"loss_changes":[2.700274E1,5.0637245E-1,3.4449968E0,0E0,0E0,1.1054759E-1,3.0754662E-1,0E0,0E0,0E0,0E0],"parents":[2147483647,0,0,1,1,2,2,5,5,6,6],"right_children":[2,4,6,-1,-1,8,10,-1,-1,-1,-1],"split_conditions":[5.0031483E-1,1.99214E-1,7.028597E-1,-2.8217998E-1,-9.629329E-2,6.0550207E-1,9.156613E-1,-1.5883446E-2,1.7376423E-2,6.799158E-2,1.9331895E-1],"split_indices":[0,0,0,0,0,0,0,0,0,0,0],"split_type":[0,0,0,0,0,0,0,0,0,0,0],"sum_hessian":[9E0,3E0,6E0,1E0,2E0,2E0,4E0,1E0,1E0,2E0,2E0],"tree_param":{"num_deleted":"0","num_feature":"2","num_nodes":"11","size_leaf_vector":"1"}},{"base_weights":[-7.125683E-2,-2.014408E0,1.0492948E0,-2.68071E-1,-8.987376E-2,9.455998E-3,1.4633392E0,-1.5089226E-2,1.6507626E-2,6.345876E-2,1.8043111E-1],"categories":[],"categories_nodes":[],"categories_segments":[],"categories_sizes":[],"default_left":[0,0,0,0,0,0,0,0,0,0,0],"id":26,"left_children":[1,3,5,-1,-1,7,9,-1,-1,-1,-1],"loss_changes":[2.3887722E1,5.642395E-1,2.999938E0,0E0,0E0,9.976904E-2,2.679119E-1,0E0,0E0,0E0,0E0],"parents":[2147483647,0,0,1,1,2,2,5,5,6,6],"right_children":[2,4,6,-1,-1,8,10,-1,-1,-1,-1],"split_conditions":[5.0031483E-1,1.99214E-1,7.028597E-1,-2.68071E-1,-8.987376E-2,6.0550207E-1,9.156613E-1,-1.5089226E-2,1.6507626E-2,6.345876E-2,1.8043111E-1],"split_indices":[0,0,0,0,0,0,0,0,0,0,0],"split_type":[0,0,0,0,0,0,0,0,0,0,0],"sum_hessian":[9E0,3E0,6E0,1E0,2E0,2E0,4E0,1E0,1E0,2E0,2E0],"tree_param":{"num_deleted":"0","num_feature":"2","num_nodes":"11","size_leaf_vector":"1"}},{"base_weights":[-7.5394824E-2,-1.9024534E0,9.7940934E-1,-2.5466743E-1,-8.3882175E-2,8.982976E-3,1.3657833E0,-1.4334775E-2,1.568222E-2,5.92282E-2,1.6840236E-1],"categories":[],"categories_nodes":[],"categories_segments":[],"categories_sizes":[],"default_left":[0,0,0,0,0,0,0,0,0,0,0],"id":27,"left_children":[1,3,5,-1,-1,7,9,-1,-1,-1,-1],"loss_changes":[2.113517E1,6.0464954E-1,2.6123638E0,0E0,0E0,9.004147E-2,2.3337936E-1,0E0,0E0,0E0,0E0],"parents":[2147483647,0,0,1,1,2,2,5,5,6,6],"right_children":[2,4,6,-1,-1,8,10,-1,-1,-1,-1],"split_conditions":[5.0031483E-1,1.99214E-1,7.028597E-1,-2.5466743E-1,-8.3882175E-2,6.0550207E-1,9.156613E-1,-1.4334775E-2,1.568222E-2,5.92282E-2,1.6840236E-1],"split_indices":[0,0,0,0,0,0,0,0,0,0,0],"split_type":[0,0,0,0,0,0,0,0,0,0,0],"sum_hessian":[9E0,3E0,6E0,1E0,2E0,2E0,4E0,1E0,1E0,2E0,2E0],"tree_param":{"num_deleted":"0","num_feature":"2","num_nodes":"11","size_leaf_vector":"1"}},{"base_weights":[-7.8812696E-2,-1.7968457E0,9.141794E-1,-2.4193406E-1,-7.829005E-2,8.534114E-3,1.2747307E0,-1.3617992E-2,1.4898109E-2,5.527967E-2,1.5717545E-1],"categories":[],"categories_nodes":[],"categories_segments":[],"categories_sizes":[],"default_left":[0,0,0,0,0,0,0,0,0,0,0],"id":28,"left_children":[1,3,5,-1,-1,7,9,-1,-1,-1,-1],"loss_changes":[1.870257E1,6.306E-1,2.2748427E0,0E0,0E0,8.1262186E-2,2.0329666E-1,0E0,0E0,0E0,0E0],"parents":[2147483647,0,0,1,1,2,2,5,5,6,6],"right_children":[2,4,6,-1,-1,8,10,-1,-1,-1,-1],"split_conditions":[5.0031483E-1,1.99214E-1,7.028597E-1,-2.4193406E-1,-7.829005E-2,6.0550207E-1,9.156613E-1,-1.3617992E-2,1.4898109E-2,5.527967E-2,1.5717545E-1],"split_indices":[0,0,0,0,0,0,0,0,0,0,0],"split_type":[0,0,0,0,0,0,0,0,0,0,0],"sum_hessian":[9E0,3E0,6E0,1E0,2E0,2E0,4E0,1E0,1E0,2E0,2E0],"tree_param":{"num_deleted":"0","num_feature":"2","num_nodes":"11","size_leaf_vector":"1"}},{"base_weights":[-8.1580356E-2,-1.697217E0,8.532949E-1,-2.2983737E-1,-7.307069E-2,1.7367554E-1,1.3195907E-1,-1.2937069E-2,3.178145E-2],"categories":[],"categories_nodes":[],"categories_segments":[],"categories_sizes":[],"default_left":[0,0,0,0,0,0,0,0,0],"id":29,"left_children":[1,3,5,-1,-1,7,-1,-1,-1],"loss_changes":[1.6552416E1,6.4465904E-1,1.9891443E0,0E0,0E0,2.1583897E-1,0E0,0E0,0E0],"parents":[2147483647,0,0,1,1,2,2,5,5],"right_children":[2,4,6,-1,-1,8,-1,-1,-1],"split_conditions":[5.0031483E-1,1.99214E-1,8.092859E-1,-2.2983737E-1,-7.307069E-2,6.0550207E-1,1.3195907E-1,-1.2937069E-2,3.178145E-2],"split_indices":[0,0,0,0,0,0,0,0,0],"split_type":[0,0,0,0,0,0,0,0,0],"sum_hessian":[9E0,3E0,6E0,1E0,2E0,3E0,3E0,1E0,2E0],"tree_param":{"num_deleted":"0","num_feature":"2","num_nodes":"9","size_leaf_vector":"1"}},{"base_weights":[-8.863258E-2,-1.6032224E0,7.895091E-1,-2.1834551E-1,-6.819932E-2,1.8259684E-3,1.1042172E0,-1.2290192E-2,1.2564087E-2,4.6136413E-2,1.3789979E-1],"categories":[],"categories_nodes":[],"categories_segments":[],"categories_sizes":[],"default_left":[0,0,0,0,0,0,0,0,0,0,0],"id":30,"left_children":[1,3,5,-1,-1,7,9,-1,-1,-1,-1],"loss_changes":[1.4566003E1,6.4900684E-1,1.7332153E0,0E0,0E0,6.1771017E-2,2.4699736E-1,0E0,0E0,0E0,0E0],"parents":[2147483647,0,0,1,1,2,2,5,5,6,6],"right_children":[2,4,6,-1,-1,8,10,-1,-1,-1,-1],"split_conditions":[5.0031483E-1,1.99214E-1,7.028597E-1,-2.1834551E-1,-6.819932E-2,6.0550207E-1,9.156613E-1,-1.2290192E-2,1.2564087E-2,4.6136413E-2,1.3789979E-1],"split_indices":[0,0,0,0,0,0,0,0,0,0,0],"split_type":[0,0,0,0,0,0,0,0,0,0,0],"sum_hessian":[9E0,3E0,6E0,1E0,2E0,2E0,4E0,1E0,1E0,2E0,2E0],"tree_param":{"num_deleted":"0","num_feature":"2","num_nodes":"11","size_leaf_vector":"1"}},{"base_weights":[-8.99929E-2,-1.5145364E0,7.3688805E-1,-2.0742822E-1,-6.365271E-2,1.7350515E-3,1.0306022E0,-1.1675644E-2,1.1935902E-2,5.55604E-2,1.4652978E-1],"categories":[],"categories_nodes":[],"categories_segments":[],"categories_sizes":[],"default_left":[0,0,0,0,0,0,0,0,0,0,0],"id":31,"left_children":[1,3,5,-1,-1,7,9,-1,-1,-1,-1],"loss_changes":[1.2895323E1,6.455116E-1,1.5096862E0,0E0,0E0,5.5748254E-2,2.1827269E-1,0E0,0E0,0E0,0E0],"parents":[2147483647,0,0,1,1,2,2,5,5,6,6],"right_children":[2,4,6,-1,-1,8,10,-1,-1,-1,-1],"split_conditions":[5.0031483E-1,1.99214E-1,7.028597E-1,-2.0742822E-1,-6.365271E-2,6.0550207E-1,1E0,-1.1675644E-2,1.1935902E-2,5.55604E-2,1.4652978E-1],"split_indices":[0,0,0,0,0,0,0,0,0,0,0],"split_type":[0,0,0,0,0,0,0,0,0,0,0],"sum_hessian":[9E0,3E0,6E0,1E0,2E0,2E0,4E0,1E0,1E0,3E0,1E0],"tree_param":{"num_deleted":"0","num_feature":"2","num_nodes":"11","size_leaf_vector":"1"}},{"base_weights":[-8.7867096E-2,-1.4308531E0,6.9210595E-1,-1.9705683E-1,-5.940921E-2,2.3712845E-1,1.2196999E-1,-1.10919E-2,3.5187006E-2],"categories":[],"categories_nodes":[],"categories_segments":[],"categories_sizes":[],"default_left":[0,0,0,0,0,0,0,0,0],"id":32,"left_children":[1,3,5,-1,-1,7,-1,-1,-1],"loss_changes":[1.1465232E1,6.357517E-1,1.3910778E0,0E0,0E0,2.3870671E-1,0E0,0E0,0E0],"parents":[2147483647,0,0,1,1,2,2,5,5],"right_children":[2,4,6,-1,-1,8,-1,-1,-1],"split_conditions":[5.0031483E-1,1.99214E-1,9.156613E-1,-1.9705683E-1,-5.940921E-2,6.0550207E-1,1.2196999E-1,-1.10919E-2,3.5187006E-2],"split_indices":[0,0,0,0,0,0,0,0,0],"split_type":[0,0,0,0,0,0,0,0,0],"sum_hessian":[9E0,3E0,6E0,1E0,2E0,4E0,2E0,1E0,3E0],"tree_param":{"num_deleted":"0","num_feature":"2","num_nodes":"9","size_leaf_vector":"1"}},{"base_weights":[-9.012063E-2,-1.3518841E0,6.437615E-1,-1.8720399E-1,-5.5448562E-2,2.1823463E-1,1.13838576E-1,-1.0537338E-2,3.2547998E-1,9.579754E-3,3.701083E-2],"categories":[],"categories_nodes":[],"categories_segments":[],"categories_sizes":[],"default_left":[0,0,0,0,0,0,0,0,0,0,0],"id":33,"left_children":[1,3,5,-1,-1,7,-1,-1,9,-1,-1],"loss_changes":[1.0130149E1,6.210666E-1,1.2248962E0,0E0,0E0,2.078242E-1,0E0,0E0,5.5458844E-3,0E0,0E0],"parents":[2147483647,0,0,1,1,2,2,5,5,8,8],"right_children":[2,4,6,-1,-1,8,-1,-1,10,-1,-1],"split_conditions":[5.0031483E-1,1.99214E-1,9.156613E-1,-1.8720399E-1,-5.5448562E-2,6.0550207E-1,1.13838576E-1,-1.0537338E-2,7.028597E-1,9.579754E-3,3.701083E-2],"split_indices":[0,0,0,0,0,0,0,0,0,0,0],"split_type":[0,0,0,0,0,0,0,0,0,0,0],"sum_hessian":[9E0,3E0,6E0,1E0,2E0,4E0,2E0,1E0,3E0,1E0,2E0],"tree_param":{"num_deleted":"0","num_feature":"2","num_nodes":"11","size_leaf_vector":"1"}},{"base_weights":[-9.038446E-2,-1.277359E0,6.007987E-1,-1.778438E-1,-5.1751997E-2,2.7622256E-1,1.274128E-1,-1.0010433E-2,3.7150878E-1,9.100723E-3,4.1888237E-2],"categories":[],"categories_nodes":[],"categories_segments":[],"categories_sizes":[],"default_left":[0,0,0,0,0,0,0,0,0,0,0],"id":34,"left_children":[1,3,5,-1,-1,7,-1,-1,9,-1,-1],"loss_changes":[8.971603E0,6.025801E-1,1.1778836E0,0E0,0E0,2.5234228E-1,0E0,0E0,2.8320491E-2,0E0,0E0],"parents":[2147483647,0,0,1,1,2,2,5,5,8,8],"right_children":[2,4,6,-1,-1,8,-1,-1,10,-1,-1],"split_conditions":[5.0031483E-1,1.99214E-1,1E0,-1.778438E-1,-5.1751997E-2,6.0550207E-1,1.274128E-1,-1.0010433E-2,7.028597E-1,9.100723E-3,4.1888237E-2],"split_indices":[0,0,0,0,0,0,0,0,0,0,0],"split_type":[0,0,0,0,0,0,0,0,0,0,0],"sum_hessian":[9E0,3E0,6E0,1E0,2E0,5E0,1E0,1E0,4E0,1E0,3E0],"tree_param":{"num_deleted":"0","num_feature":"2","num_nodes":"11","size_leaf_vector":"1"}},{"base_weights":[-8.746693E-2,-1.207022E0,5.647741E-1,-1.6895162E-1,-4.8301857E-2,2.554296E-1,1.21042065E-1,-9.509945E-3,3.445553E-1,8.645725E-3,3.8746547E-2],"categories":[],"categories_nodes":[],"categories_segments":[],"categories_sizes":[],"default_left":[0,0,0,0,0,0,0,0,0,0,0],"id":35,"left_children":[1,3,5,-1,-1,7,-1,-1,9,-1,-1],"loss_changes":[7.9838924E0,5.812421E-1,1.0889132E0,0E0,0E0,2.2021386E-1,0E0,0E0,2.1876037E-2,0E0,0E0],"parents":[2147483647,0,0,1,1,2,2,5,5,8,8],"right_children":[2,4,6,-1,-1,8,-1,-1,10,-1,-1],"split_conditions":[5.0031483E-1,1.99214E-1,1E0,-1.6895162E-1,-4.8301857E-2,6.0550207E-1,1.21042065E-1,-9.509945E-3,7.028597E-1,8.645725E-3,3.8746547E-2],"split_indices":[0,0,0,0,0,0,0,0,0,0,0],"split_type":[0,0,0,0,0,0,0,0,0,0,0],"sum_hessian":[9E0,3E0,6E0,1E0,2E0,5E0,1E0,1E0,4E0,1E0,3E0],"tree_param":{"num_deleted":"0","num_feature":"2","num_nodes":"11","size_leaf_vector":"1"}},{"base_weights":[-8.455284E-2,-1.1406333E0,5.310007E-1,-1.6050404E-1,-4.5081746E-2,2.3620065E-1,1.1499005E-1,-9.034443E-3,3.1957856E-1,8.213425E-3,3.584061E-2],"categories":[],"categories_nodes":[],"categories_segments":[],"categories_sizes":[],"default_left":[0,0,0,0,0,0,0,0,0,0,0],"id":36,"left_children":[1,3,5,-1,-1,7,-1,-1,9,-1,-1],"loss_changes":[7.1064177E0,5.578413E-1,1.0055543E0,0E0,0E0,1.9223198E-1,0E0,0E0,1.6659439E-2,0E0,0E0],"parents":[2147483647,0,0,1,1,2,2,5,5,8,8],"right_children":[2,4,6,-1,-1,8,-1,-1,10,-1,-1],"split_conditions":[5.0031483E-1,1.99214E-1,1E0,-1.6050404E-1,-4.5081746E-2,6.0550207E-1,1.1499005E-1,-9.034443E-3,7.028597E-1,8.213425E-3,3.584061E-2],"split_indices":[0,0,0,0,0,0,0,0,0,0,0],"split_type":[0,0,0,0,0,0,0,0,0,0,0],"sum_hessian":[9E0,3E0,6E0,1E0,2E0,5E0,1E0,1E0,4E0,1E0,3E0],"tree_param":{"num_deleted":"0","num_feature":"2","num_nodes":"11","size_leaf_vector":"1"}},{"base_weights":[-8.1654765E-2,-1.0779662E0,4.9933106E-1,-1.5247886E-1,-4.207627E-2,2.1841781E-1,1.0924053E-1,-8.582688E-3,2.964321E-1,7.802773E-3,3.315263E-2],"categories":[],"categories_nodes":[],"categories_segments":[],"categories_sizes":[],"default_left":[0,0,0,0,0,0,0,0,0,0,0],"id":37,"left_children":[1,3,5,-1,-1,7,-1,-1,9,-1,-1],"loss_changes":[6.3266907E0,5.330386E-1,9.276161E-1,0E0,0E0,1.6785449E-1,0E0,0E0,1.2455374E-2,0E0,0E0],"parents":[2147483647,0,0,1,1,2,2,5,5,8,8],"right_children":[2,4,6,-1,-1,8,-1,-1,10,-1,-1],"split_conditions":[5.0031483E-1,1.99214E-1,1E0,-1.5247886E-1,-4.207627E-2,6.0550207E-1,1.0924053E-1,-8.582688E-3,7.028597E-1,7.802773E-3,3.315263E-2],"split_indices":[0,0,0,0,0,0,0,0,0,0,0],"split_type":[0,0,0,0,0,0,0,0,0,0,0],"sum_hessian":[9E0,3E0,6E0,1E0,2E0,5E0,1E0,1E0,4E0,1E0,3E0],"tree_param":{"num_deleted":"0","num_feature":"2","num_nodes":"11","size_leaf_vector":"1"}},{"base_weights":[-7.878387E-2,-1.0188086E0,4.6962792E-1,-1.4485492E-1,-3.92712E-2,2.0197105E-1,1.0377846E-1,-8.1535345E-3,2.749794E-1,7.4126245E-3,3.0666113E-2],"categories":[],"categories_nodes":[],"categories_segments":[],"categories_sizes":[],"default_left":[0,0,0,0,0,0,0,0,0,0,0],"id":38,"left_children":[1,3,5,-1,-1,7,-1,-1,9,-1,-1],"loss_changes":[5.6336675E0,5.073738E-1,8.5489476E-1,0E0,0E0,1.4661056E-1,0E0,0E0,9.085238E-3,0E0,0E0],"parents":[2147483647,0,0,1,1,2,2,5,5,8,8],"right_children":[2,4,6,-1,-1,8,-1,-1,10,-1,-1],"split_conditions":[5.0031483E-1,1.99214E-1,1E0,-1.4485492E-1,-3.92712E-2,6.0550207E-1,1.0377846E-1,-8.1535345E-3,7.028597E-1,7.4126245E-3,3.0666113E-2],"split_indices":[0,0,0,0,0,0,0,0,0,0,0],"split_type":[0,0,0,0,0,0,0,0,0,0,0],"sum_hessian":[9E0,3E0,6E0,1E0,2E0,5E0,1E0,1E0,4E0,1E0,3E0],"tree_param":{"num_deleted":"0","num_feature":"2","num_nodes":"11","size_leaf_vector":"1"}},{"base_weights":[-7.5947784E-2,-9.6295935E-1,4.4176564E-1,-1.3761216E-1,-3.665314E-2,1.8676154E-1,9.858952E-2,-7.7458383E-3,2.550972E-1,7.0420266E-3,2.8366137E-2],"categories":[],"categories_nodes":[],"categories_segments":[],"categories_sizes":[],"default_left":[0,0,0,0,0,0,0,0,0,0,0],"id":39,"left_children":[1,3,5,-1,-1,7,-1,-1,9,-1,-1],"loss_changes":[5.0175805E0,4.812944E-1,7.8715956E-1,0E0,0E0,1.2809327E-1,0E0,0E0,6.4001977E-3,0E0,0E0],"parents":[2147483647,0,0,1,1,2,2,5,5,8,8],"right_children":[2,4,6,-1,-1,8,-1,-1,10,-1,-1],"split_conditions":[5.0031483E-1,1.99214E-1,1E0,-1.3761216E-1,-3.665314E-2,6.0550207E-1,9.858952E-2,-7.7458383E-3,7.028597E-1,7.0420266E-3,2.8366137E-2],"split_indices":[0,0,0,0,0,0,0,0,0,0,0],"split_type":[0,0,0,0,0,0,0,0,0,0,0],"sum_hessian":[9E0,3E0,6E0,1E0,2E0,5E0,1E0,1E0,4E0,1E0,3E0],"tree_param":{"num_deleted":"0","num_feature":"2","num_nodes":"11","size_leaf_vector":"1"}},{"base_weights":[-7.3154375E-2,-1.1089914E-1,3.244288E-1,1.0317584E-1,9.3659975E-2,-1.5370496E-2,2.3666915E-1,6.68993E-3,2.623868E-2],"categories":[],"categories_nodes":[],"categories_segments":[],"categories_sizes":[],"default_left":[0,0,0,0,0,0,0,0,0],"id":40,"left_children":[1,-1,3,5,-1,-1,7,-1,-1],"loss_changes":[4.4781027E0,0E0,9.8692256E-1,2.7642033E-1,0E0,0E0,4.2769015E-3,0E0,0E0],"parents":[2147483647,0,0,2,2,3,3,6,6],"right_children":[2,-1,4,6,-1,-1,8,-1,-1],"split_conditions":[3.9585873E-1,-1.1089914E-1,1E0,6.0550207E-1,9.3659975E-2,-1.5370496E-2,7.028597E-1,6.68993E-3,2.623868E-2],"split_indices":[0,0,0,0,0,0,0,0,0],"split_type":[0,0,0,0,0,0,0,0,0],"sum_hessian":[9E0,2E0,7E0,6E0,1E0,2E0,4E0,1E0,3E0],"tree_param":{"num_deleted":"0","num_feature":"2","num_nodes":"9","size_leaf_vector":"1"}},{"base_weights":[-6.580651E-2,-8.509372E-1,3.9224052E-1,-1.251866E-1,-3.0000558E-2,1.6102378E-1,8.8977054E-2,-6.589985E-3,2.1958847E-1,6.3554766E-3,2.4270821E-2],"categories":[],"categories_nodes":[],"categories_segments":[],"categories_sizes":[],"default_left":[0,0,0,0,0,0,0,0,0,0,0],"id":41,"left_children":[1,3,5,-1,-1,7,-1,-1,9,-1,-1],"loss_changes":[3.93004E0,5.079706E-1,6.619866E-1,0E0,0E0,9.4209105E-2,0E0,0E0,2.6120394E-3,0E0,0E0],"parents":[2147483647,0,0,1,1,2,2,5,5,8,8],"right_children":[2,4,6,-1,-1,8,-1,-1,10,-1,-1],"split_conditions":[5.0031483E-1,1.99214E-1,1E0,-1.251866E-1,-3.0000558E-2,6.0550207E-1,8.8977054E-2,-6.589985E-3,7.028597E-1,6.3554766E-3,2.4270821E-2],"split_indices":[0,0,0,0,0,0,0,0,0,0,0],"split_type":[0,0,0,0,0,0,0,0,0,0,0],"sum_hessian":[9E0,3E0,6E0,1E0,2E0,5E0,1E0,1E0,4E0,1E0,3E0],"tree_param":{"num_deleted":"0","num_feature":"2","num_nodes":"11","size_leaf_vector":"1"}},{"base_weights":[-6.344297E-2,-9.833297E-1,2.8944492E-1,-1.1892728E-1,-2.8572178E-2,8.928517E-2,8.452816E-2,-1.3126056E-2,2.0375557E-1,6.037712E-3,2.245059E-2],"categories":[],"categories_nodes":[],"categories_segments":[],"categories_sizes":[],"default_left":[0,0,0,0,0,0,0,0,0,0,0],"id":42,"left_children":[1,3,5,-1,-1,7,-1,-1,9,-1,-1],"loss_changes":[3.5307887E0,9.1201305E-2,8.1457794E-1,0E0,0E0,2.0346677E-1,0E0,0E0,1.3207197E-3,0E0,0E0],"parents":[2147483647,0,0,1,1,2,2,5,5,8,8],"right_children":[2,4,6,-1,-1,8,-1,-1,10,-1,-1],"split_conditions":[3.9585873E-1,1.99214E-1,1E0,-1.1892728E-1,-2.8572178E-2,6.0550207E-1,8.452816E-2,-1.3126056E-2,7.028597E-1,6.037712E-3,2.245059E-2],"split_indices":[0,0,0,0,0,0,0,0,0,0,0],"split_type":[0,0,0,0,0,0,0,0,0,0,0],"sum_hessian":[9E0,2E0,7E0,1E0,1E0,6E0,1E0,2E0,4E0,1E0,3E0],"tree_param":{"num_deleted":"0","num_feature":"2","num_nodes":"11","size_leaf_vector":"1"}},{"base_weights":[-6.185963E-2,-9.3416315E-1,2.7298665E-1,-1.129809E-1,-2.7143573E-2,8.255141E-2,8.0301665E-2,-1.2250964E-2,1.8907776E-1,5.7357787E-3,2.076683E-2],"categories":[],"categories_nodes":[],"categories_segments":[],"categories_sizes":[],"default_left":[0,0,0,0,0,0,0,0,0,0,0],"id":43,"left_children":[1,3,5,-1,-1,7,-1,-1,9,-1,-1],"loss_changes":[3.1758902E0,8.230901E-2,7.41201E-1,0E0,0E0,1.7607468E-1,0E0,0E0,3.323406E-4,0E0,0E0],"parents":[2147483647,0,0,1,1,2,2,5,5,8,8],"right_children":[2,4,6,-1,-1,8,-1,-1,10,-1,-1],"split_conditions":[3.9585873E-1,1.99214E-1,1E0,-1.129809E-1,-2.7143573E-2,6.0550207E-1,8.0301665E-2,-1.2250964E-2,7.028597E-1,5.7357787E-3,2.076683E-2],"split_indices":[0,0,0,0,0,0,0,0,0,0,0],"split_type":[0,0,0,0,0,0,0,0,0,0,0],"sum_hessian":[9E0,2E0,7E0,1E0,1E0,6E0,1E0,2E0,4E0,1E0,3E0],"tree_param":{"num_deleted":"0","num_feature":"2","num_nodes":"11","size_leaf_vector":"1"}},{"base_weights":[-6.023104E-2,-8.8745505E-1,2.5750685E-1,-1.07331865E-1,-2.57864E-2,7.633209E-2,7.628651E-2,-1.14342375E-2,1.7547036E-2],"categories":[],"categories_nodes":[],"categories_segments":[],"categories_sizes":[],"default_left":[0,0,0,0,0,0,0,0,0],"id":44,"left_children":[1,3,5,-1,-1,7,-1,-1,-1],"loss_changes":[2.85693E0,7.428384E-2,6.7423415E-1,0E0,0E0,1.5238565E-1,0E0,0E0,0E0],"parents":[2147483647,0,0,1,1,2,2,5,5],"right_children":[2,4,6,-1,-1,8,-1,-1,-1],"split_conditions":[3.9585873E-1,1.99214E-1,1E0,-1.07331865E-1,-2.57864E-2,6.0550207E-1,7.628651E-2,-1.14342375E-2,1.7547036E-2],"split_indices":[0,0,0,0,0,0,0,0,0],"split_type":[0,0,0,0,0,0,0,0,0],"sum_hessian":[9E0,2E0,7E0,1E0,1E0,6E0,1E0,2E0,4E0],"tree_param":{"num_deleted":"0","num_feature":"2","num_nodes":"9","size_leaf_vector":"1"}},{"base_weights":[-5.927999E-2,-8.4308237E-1,2.420559E-1,-1.0196527E-1,-2.449708E-2,6.9571905E-2,7.247219E-2,-1.0671934E-2,1.6143227E-1,4.5716288E-3,1.789322E-2],"categories":[],"categories_nodes":[],"categories_segments":[],"categories_sizes":[],"default_left":[0,0,0,0,0,0,0,0,0,0,0],"id":45,"left_children":[1,3,5,-1,-1,7,-1,-1,9,-1,-1],"loss_changes":[2.5659509E0,6.704116E-2,6.15597E-1,0E0,0E0,1.3058718E-1,0E0,0E0,1.944989E-3,0E0,0E0],"parents":[2147483647,0,0,1,1,2,2,5,5,8,8],"right_children":[2,4,6,-1,-1,8,-1,-1,10,-1,-1],"split_conditions":[3.9585873E-1,1.99214E-1,1E0,-1.0196527E-1,-2.449708E-2,6.0550207E-1,7.247219E-2,-1.0671934E-2,7.028597E-1,4.5716288E-3,1.789322E-2],"split_indices":[0,0,0,0,0,0,0,0,0,0,0],"split_type":[0,0,0,0,0,0,0,0,0,0,0],"sum_hessian":[9E0,2E0,7E0,1E0,1E0,6E0,1E0,2E0,4E0,1E0,3E0],"tree_param":{"num_deleted":"0","num_feature":"2","num_nodes":"11","size_leaf_vector":"1"}},{"base_weights":[-5.7572007E-2,-8.009282E-1,2.2838306E-1,-9.6867E-2,-2.327223E-2,6.4298905E-2,6.884861E-2,-9.960493E-3,1.4978142E-1,4.343033E-3,1.6551161E-2],"categories":[],"categories_nodes":[],"categories_segments":[],"categories_sizes":[],"default_left":[0,0,0,0,0,0,0,0,0,0,0],"id":46,"left_children":[1,3,5,-1,-1,7,-1,-1,9,-1,-1],"loss_changes":[2.308583E0,6.0504556E-2,5.596961E-1,0E0,0E0,1.1299536E-1,0E0,0E0,1.1763871E-3,0E0,0E0],"parents":[2147483647,0,0,1,1,2,2,5,5,8,8],"right_children":[2,4,6,-1,-1,8,-1,-1,10,-1,-1],"split_conditions":[3.9585873E-1,1.99214E-1,1E0,-9.6867E-2,-2.327223E-2,6.0550207E-1,6.884861E-2,-9.960493E-3,7.028597E-1,4.343033E-3,1.6551161E-2],"split_indices":[0,0,0,0,0,0,0,0,0,0,0],"split_type":[0,0,0,0,0,0,0,0,0,0,0],"sum_hessian":[9E0,2E0,7E0,1E0,1E0,6E0,1E0,2E0,4E0,1E0,3E0],"tree_param":{"num_deleted":"0","num_feature":"2","num_nodes":"11","size_leaf_vector":"1"}},{"base_weights":[-5.5850722E-2,-7.6088184E-1,2.1551728E-1,-9.202365E-2,-2.2108627E-2,5.9430532E-2,6.5406226E-2,-9.296481E-3,1.3898163E-1,4.1258815E-3,1.5309763E-2],"categories":[],"categories_nodes":[],"categories_segments":[],"categories_sizes":[],"default_left":[0,0,0,0,0,0,0,0,0,0,0],"id":47,"left_children":[1,3,5,-1,-1,7,-1,-1,9,-1,-1],"loss_changes":[2.077212E0,5.4605126E-2,5.087373E-1,0E0,0E0,9.778291E-2,0E0,0E0,5.8065355E-4,0E0,0E0],"parents":[2147483647,0,0,1,1,2,2,5,5,8,8],"right_children":[2,4,6,-1,-1,8,-1,-1,10,-1,-1],"split_conditions":[3.9585873E-1,1.99214E-1,1E0,-9.202365E-2,-2.2108627E-2,6.0550207E-1,6.5406226E-2,-9.296481E-3,7.028597E-1,4.1258815E-3,1.5309763E-2],"split_indices":[0,0,0,0,0,0,0,0,0,0,0],"split_type":[0,0,0,0,0,0,0,0,0,0,0],"sum_hessian":[9E0,2E0,7E0,1E0,1E0,6E0,1E0,2E0,4E0,1E0,3E0],"tree_param":{"num_deleted":"0","num_feature":"2","num_nodes":"11","size_leaf_vector":"1"}},{"base_weights":[-5.412414E-2,-7.228377E-1,2.0340896E-1,-8.742245E-2,-2.10032E-2,5.493627E-2,6.2135886E-2,-8.67672E-3,1.289711E-1,5.7800296E-3,1.5715154E-2],"categories":[],"categories_nodes":[],"categories_segments":[],"categories_sizes":[],"default_left":[0,0,0,0,0,0,0,0,0,0,0],"id":48,"left_children":[1,3,5,-1,-1,7,-1,-1,9,-1,-1],"loss_changes":[1.8691903E0,4.928112E-2,4.6229804E-1,0E0,0E0,8.4627405E-2,0E0,0E0,9.4471127E-4,0E0,0E0],"parents":[2147483647,0,0,1,1,2,2,5,5,8,8],"right_children":[2,4,6,-1,-1,8,-1,-1,10,-1,-1],"split_conditions":[3.9585873E-1,1.99214E-1,1E0,-8.742245E-2,-2.10032E-2,6.0550207E-1,6.2135886E-2,-8.67672E-3,8.092859E-1,5.7800296E-3,1.5715154E-2],"split_indices":[0,0,0,0,0,0,0,0,0,0,0],"split_type":[0,0,0,0,0,0,0,0,0,0,0],"sum_hessian":[9E0,2E0,7E0,1E0,1E0,6E0,1E0,2E0,4E0,2E0,2E0],"tree_param":{"num_deleted":"0","num_feature":"2","num_nodes":"11","size_leaf_vector":"1"}},{"base_weights":[-5.2059196E-2,-6.866958E-1,1.9243693E-1,-8.305134E-2,-1.9953037E-2,5.1273618E-2,5.902901E-2,-8.098284E-2,1.2037277E-1,-9.657765E-3,-2.4896623E-3,5.394745E-3,1.4667384E-2],"categories":[],"categories_nodes":[],"categories_segments":[],"categories_sizes":[],"default_left":[0,0,0,0,0,0,0,0,0,0,0,0,0],"id":49,"left_children":[1,3,5,-1,-1,7,-1,9,11,-1,-1,-1,-1],"loss_changes":[1.6838076E0,4.447627E-2,4.1903183E-1,0E0,0E0,7.37198E-2,0E0,2.1950342E-4,8.2261115E-4,0E0,0E0,0E0,0E0],"parents":[2147483647,0,0,1,1,2,2,5,5,7,7,8,8],"right_children":[2,4,6,-1,-1,8,-1,10,12,-1,-1,-1,-1],"split_conditions":[3.9585873E-1,1.99214E-1,1E0,-8.305134E-2,-1.9953037E-2,6.0550207E-1,5.902901E-2,5.0031483E-1,8.092859E-1,-9.657765E-3,-2.4896623E-3,5.394745E-3,1.4667384E-2],"split_indices":[0,0,0,0,0,0,0,0,0,0,0,0,0],"split_type":[0,0,0,0,0,0,0,0,0,0,0,0,0],"sum_hessian":[9E0,2E0,7E0,1E0,1E0,6E0,1E0,2E0,4E0,1E0,1E0,2E0,2E0],"tree_param":{"num_deleted":"0","num_feature":"2","num_nodes":"13","size_leaf_vector":"1"}},{"base_weights":[-5.0459314E-2,-6.52361E-1,1.8156123E-1,-7.889878E-2,-1.8955374E-2,4.7276907E-2,5.6077577E-2,-7.693418E-2,1.1234818E-1,-9.17492E-3,-2.3652078E-3,5.035146E-3,1.368955E-2],"categories":[],"categories_nodes":[],"categories_segments":[],"categories_sizes":[],"default_left":[0,0,0,0,0,0,0,0,0,0,0,0,0],"id":50,"left_children":[1,3,5,-1,-1,7,-1,9,11,-1,-1,-1,-1],"loss_changes":[1.514979E0,4.0140033E-2,3.8086882E-1,0E0,0E0,6.522142E-2,0E0,1.9806437E-4,7.163808E-4,0E0,0E0,0E0,0E0],"parents":[2147483647,0,0,1,1,2,2,5,5,7,7,8,8],"right_children":[2,4,6,-1,-1,8,-1,10,12,-1,-1,-1,-1],"split_conditions":[3.9585873E-1,1.99214E-1,1E0,-7.889878E-2,-1.8955374E-2,6.0550207E-1,5.6077577E-2,5.0031483E-1,8.092859E-1,-9.17492E-3,-2.3652078E-3,5.035146E-3,1.368955E-2],"split_indices":[0,0,0,0,0,0,0,0,0,0,0,0,0],"split_type":[0,0,0,0,0,0,0,0,0,0,0,0,0],"sum_hessian":[9E0,2E0,7E0,1E0,1E0,6E0,1E0,2E0,4E0,1E0,1E0,2E0,2E0],"tree_param":{"num_deleted":"0","num_feature":"2","num_nodes":"13","size_leaf_vector":"1"}},{"base_weights":[-4.887283E-2,-6.1974293E-1,1.7131257E-1,-7.495383E-2,-1.8007612E-2,4.3575015E-2,5.3273775E-2,-7.308769E-2,1.0485764E-1,-8.716202E-3,-2.2469522E-3,4.699453E-3,1.2776821E-2],"categories":[],"categories_nodes":[],"categories_segments":[],"categories_sizes":[],"default_left":[0,0,0,0,0,0,0,0,0,0,0,0,0],"id":51,"left_children":[1,3,5,-1,-1,7,-1,9,11,-1,-1,-1,-1],"loss_changes":[1.3631425E0,3.6226273E-2,3.4612647E-1,0E0,0E0,5.7709582E-2,0E0,1.7875992E-4,6.2397495E-4,0E0,0E0,0E0,0E0],"parents":[2147483647,0,0,1,1,2,2,5,5,7,7,8,8],"right_children":[2,4,6,-1,-1,8,-1,10,12,-1,-1,-1,-1],"split_conditions":[3.9585873E-1,1.99214E-1,1E0,-7.495383E-2,-1.8007612E-2,6.0550207E-1,5.3273775E-2,5.0031483E-1,8.092859E-1,-8.716202E-3,-2.2469522E-3,4.699453E-3,1.2776821E-2],"split_indices":[0,0,0,0,0,0,0,0,0,0,0,0,0],"split_type":[0,0,0,0,0,0,0,0,0,0,0,0,0],"sum_hessian":[9E0,2E0,7E0,1E0,1E0,6E0,1E0,2E0,4E0,1E0,1E0,2E0,2E0],"tree_param":{"num_deleted":"0","num_feature":"2","num_nodes":"13","size_leaf_vector":"1"}},{"base_weights":[-4.7302555E-2,-5.8875567E-1,1.6165519E-1,-7.120613E-2,-1.7107224E-2,4.0148325E-2,5.0610162E-2,-6.943321E-2,9.7867586E-2,-8.280373E-3,-2.1346093E-3,4.386139E-3,1.19251255E-2],"categories":[],"categories_nodes":[],"categories_segments":[],"categories_sizes":[],"default_left":[0,0,0,0,0,0,0,0,0,0,0,0,0],"id":52,"left_children":[1,3,5,-1,-1,7,-1,9,11,-1,-1,-1,-1],"loss_changes":[1.2265836E0,3.269422E-2,3.145017E-1,0E0,0E0,5.107002E-2,0E0,1.6131159E-4,5.4372475E-4,0E0,0E0,0E0,0E0],"parents":[2147483647,0,0,1,1,2,2,5,5,7,7,8,8],"right_children":[2,4,6,-1,-1,8,-1,10,12,-1,-1,-1,-1],"split_conditions":[3.9585873E-1,1.99214E-1,1E0,-7.120613E-2,-1.7107224E-2,6.0550207E-1,5.0610162E-2,5.0031483E-1,8.092859E-1,-8.280373E-3,-2.1346093E-3,4.386139E-3,1.19251255E-2],"split_indices":[0,0,0,0,0,0,0,0,0,0,0,0,0],"split_type":[0,0,0,0,0,0,0,0,0,0,0,0,0],"sum_hessian":[9E0,2E0,7E0,1E0,1E0,6E0,1E0,2E0,4E0,1E0,1E0,2E0,2E0],"tree_param":{"num_deleted":"0","num_feature":"2","num_nodes":"13","size_leaf_vector":"1"}},{"base_weights":[-4.575312E-2,-5.59318E-1,1.5255284E-1,-6.7645825E-2,-1.6251875E-2,3.697559E-2,4.807968E-2,-6.596184E-2,9.1342926E-2,-7.866383E-3,-2.0278932E-3,4.0936787E-3,1.1130142E-2],"categories":[],"categories_nodes":[],"categories_segments":[],"categories_sizes":[],"default_left":[0,0,0,0,0,0,0,0,0,0,0,0,0],"id":53,"left_children":[1,3,5,-1,-1,7,-1,9,11,-1,-1,-1,-1],"loss_changes":[1.1037554E0,2.9506266E-2,2.8572255E-1,0E0,0E0,4.5200184E-2,0E0,1.4557317E-4,4.7383085E-4,0E0,0E0,0E0,0E0],"parents":[2147483647,0,0,1,1,2,2,5,5,7,7,8,8],"right_children":[2,4,6,-1,-1,8,-1,10,12,-1,-1,-1,-1],"split_conditions":[3.9585873E-1,1.99214E-1,1E0,-6.7645825E-2,-1.6251875E-2,6.0550207E-1,4.807968E-2,5.0031483E-1,8.092859E-1,-7.866383E-3,-2.0278932E-3,4.0936787E-3,1.1130142E-2],"split_indices":[0,0,0,0,0,0,0,0,0,0,0,0,0],"split_type":[0,0,0,0,0,0,0,0,0,0,0,0,0],"sum_hessian":[9E0,2E0,7E0,1E0,1E0,6E0,1E0,2E0,4E0,1E0,1E0,2E0,2E0],"tree_param":{"num_deleted":"0","num_feature":"2","num_nodes":"13","size_leaf_vector":"1"}},{"base_weights":[-4.4226907E-2,-5.31352E-1,1.4397335E-1,-6.426352E-2,-1.5439272E-2,3.4039088E-2,4.567566E-2,-6.266403E-2,8.525314E-2,-7.4730874E-3,-1.9265175E-3,2.45018E-3,9.431553E-3],"categories":[],"categories_nodes":[],"categories_segments":[],"categories_sizes":[],"default_left":[0,0,0,0,0,0,0,0,0,0,0,0,0],"id":54,"left_children":[1,3,5,-1,-1,7,-1,9,11,-1,-1,-1,-1],"loss_changes":[9.932711E-1,2.6629567E-2,2.5953716E-1,0E0,0E0,4.001022E-2,0E0,1.3135746E-4,4.4185668E-4,0E0,0E0,0E0,0E0],"parents":[2147483647,0,0,1,1,2,2,5,5,7,7,8,8],"right_children":[2,4,6,-1,-1,8,-1,10,12,-1,-1,-1,-1],"split_conditions":[3.9585873E-1,1.99214E-1,1E0,-6.426352E-2,-1.5439272E-2,6.0550207E-1,4.567566E-2,5.0031483E-1,7.028597E-1,-7.4730874E-3,-1.9265175E-3,2.45018E-3,9.431553E-3],"split_indices":[0,0,0,0,0,0,0,0,0,0,0,0,0],"split_type":[0,0,0,0,0,0,0,0,0,0,0,0,0],"sum_hessian":[9E0,2E0,7E0,1E0,1E0,6E0,1E0,2E0,4E0,1E0,1E0,1E0,3E0],"tree_param":{"num_deleted":"0","num_feature":"2","num_nodes":"13","size_leaf_vector":"1"}},{"base_weights":[-4.2958714E-2,-5.047845E-1,1.355958E-1,-6.1050355E-2,-1.466732E-2,3.0990055E-2,4.33918E-2,-5.9530895E-2,7.910462E-2,-7.099438E-3,-1.8301964E-3,3.4247083E-3,9.759394E-3],"categories":[],"categories_nodes":[],"categories_segments":[],"categories_sizes":[],"default_left":[0,0,0,0,0,0,0,0,0,0,0,0,0],"id":55,"left_children":[1,3,5,-1,-1,7,-1,9,11,-1,-1,-1,-1],"loss_changes":[8.9305747E-1,2.403301E-2,2.3620258E-1,0E0,0E0,3.5196796E-2,0E0,1.18544325E-4,8.046217E-4,0E0,0E0,0E0,0E0],"parents":[2147483647,0,0,1,1,2,2,5,5,7,7,8,8],"right_children":[2,4,6,-1,-1,8,-1,10,12,-1,-1,-1,-1],"split_conditions":[3.9585873E-1,1.99214E-1,1E0,-6.1050355E-2,-1.466732E-2,6.0550207E-1,4.33918E-2,5.0031483E-1,8.092859E-1,-7.099438E-3,-1.8301964E-3,3.4247083E-3,9.759394E-3],"split_indices":[0,0,0,0,0,0,0,0,0,0,0,0,0],"split_type":[0,0,0,0,0,0,0,0,0,0,0,0,0],"sum_hessian":[9E0,2E0,7E0,1E0,1E0,6E0,1E0,2E0,4E0,1E0,1E0,2E0,2E0],"tree_param":{"num_deleted":"0","num_feature":"2","num_nodes":"13","size_leaf_vector":"1"}},{"base_weights":[-4.1469835E-2,-4.795452E-1,1.2799215E-1,-5.7997834E-2,-1.39339445E-2,2.8499058E-2,4.1222192E-2,-5.6554157E-2,7.383118E-2,-6.74448E-3,-1.7386436E-3,3.196335E-3,9.108862E-3],"categories":[],"categories_nodes":[],"categories_segments":[],"categories_sizes":[],"default_left":[0,0,0,0,0,0,0,0,0,0,0,0,0],"id":56,"left_children":[1,3,5,-1,-1,7,-1,9,11,-1,-1,-1,-1],"loss_changes":[8.0374926E-1,2.1689892E-2,2.1448322E-1,0E0,0E0,3.116496E-2,0E0,1.0706019E-4,7.011611E-4,0E0,0E0,0E0,0E0],"parents":[2147483647,0,0,1,1,2,2,5,5,7,7,8,8],"right_children":[2,4,6,-1,-1,8,-1,10,12,-1,-1,-1,-1],"split_conditions":[3.9585873E-1,1.99214E-1,1E0,-5.7997834E-2,-1.39339445E-2,6.0550207E-1,4.1222192E-2,5.0031483E-1,8.092859E-1,-6.74448E-3,-1.7386436E-3,3.196335E-3,9.108862E-3],"split_indices":[0,0,0,0,0,0,0,0,0,0,0,0,0],"split_type":[0,0,0,0,0,0,0,0,0,0,0,0,0],"sum_hessian":[9E0,2E0,7E0,1E0,1E0,6E0,1E0,2E0,4E0,1E0,1E0,2E0,2E0],"tree_param":{"num_deleted":"0","num_feature":"2","num_nodes":"13","size_leaf_vector":"1"}},{"base_weights":[-4.0011667E-2,-4.5556793E-1,1.2082338E-1,-5.509795E-2,-1.3237238E-2,2.619498E-2,3.9161112E-2,-5.3726196E-2,6.890869E-2,-6.407261E-3,-1.6516686E-3,2.9832206E-3,8.501562E-3],"categories":[],"categories_nodes":[],"categories_segments":[],"categories_sizes":[],"default_left":[0,0,0,0,0,0,0,0,0,0,0,0,0],"id":57,"left_children":[1,3,5,-1,-1,7,-1,9,11,-1,-1,-1,-1],"loss_changes":[7.2340333E-1,1.9575357E-2,1.9473542E-1,0E0,0E0,2.759831E-2,0E0,9.6687116E-5,6.1080605E-4,0E0,0E0,0E0,0E0],"parents":[2147483647,0,0,1,1,2,2,5,5,7,7,8,8],"right_children":[2,4,6,-1,-1,8,-1,10,12,-1,-1,-1,-1],"split_conditions":[3.9585873E-1,1.99214E-1,1E0,-5.509795E-2,-1.3237238E-2,6.0550207E-1,3.9161112E-2,5.0031483E-1,8.092859E-1,-6.407261E-3,-1.6516686E-3,2.9832206E-3,8.501562E-3],"split_indices":[0,0,0,0,0,0,0,0,0,0,0,0,0],"split_type":[0,0,0,0,0,0,0,0,0,0,0,0,0],"sum_hessian":[9E0,2E0,7E0,1E0,1E0,6E0,1E0,2E0,4E0,1E0,1E0,2E0,2E0],"tree_param":{"num_deleted":"0","num_feature":"2","num_nodes":"13","size_leaf_vector":"1"}},{"base_weights":[-3.8585685E-2,-4.3278956E-1,1.1406398E-1,-5.234305E-2,-1.2575388E-2,2.4064472E-2,3.7203025E-2,-5.1040012E-2,6.431427E-2,-6.086922E-3,-1.5690804E-3,2.7843476E-3,7.934698E-3],"categories":[],"categories_nodes":[],"categories_segments":[],"categories_sizes":[],"default_left":[0,0,0,0,0,0,0,0,0,0,0,0,0],"id":58,"left_children":[1,3,5,-1,-1,7,-1,9,11,-1,-1,-1,-1],"loss_changes":[6.511166E-1,1.7666578E-2,1.7678198E-1,0E0,0E0,2.4443185E-2,0E0,8.72761E-5,5.3197704E-4,0E0,0E0,0E0,0E0],"parents":[2147483647,0,0,1,1,2,2,5,5,7,7,8,8],"right_children":[2,4,6,-1,-1,8,-1,10,12,-1,-1,-1,-1],"split_conditions":[3.9585873E-1,1.99214E-1,1E0,-5.234305E-2,-1.2575388E-2,6.0550207E-1,3.7203025E-2,5.0031483E-1,8.092859E-1,-6.086922E-3,-1.5690804E-3,2.7843476E-3,7.934698E-3],"split_indices":[0,0,0,0,0,0,0,0,0,0,0,0,0],"split_type":[0,0,0,0,0,0,0,0,0,0,0,0,0],"sum_hessian":[9E0,2E0,7E0,1E0,1E0,6E0,1E0,2E0,4E0,1E0,1E0,2E0,2E0],"tree_param":{"num_deleted":"0","num_feature":"2","num_nodes":"13","size_leaf_vector":"1"}},{"base_weights":[-3.7192605E-2,-4.1115022E-1,1.0769057E-1,-4.97259E-2,-1.1946631E-2,2.2095544E-2,3.534279E-2,-4.848798E-2,6.002655E-2,-5.782604E-3,-1.490593E-3,2.598699E-3,7.405726E-3],"categories":[],"categories_nodes":[],"categories_segments":[],"categories_sizes":[],"default_left":[0,0,0,0,0,0,0,0,0,0,0,0,0],"id":59,"left_children":[1,3,5,-1,-1,7,-1,9,11,-1,-1,-1,-1],"loss_changes":[5.8607864E-1,1.5944004E-2,1.6046193E-1,0E0,0E0,2.1651693E-2,0E0,7.882295E-5,4.6347268E-4,0E0,0E0,0E0,0E0],"parents":[2147483647,0,0,1,1,2,2,5,5,7,7,8,8],"right_children":[2,4,6,-1,-1,8,-1,10,12,-1,-1,-1,-1],"split_conditions":[3.9585873E-1,1.99214E-1,1E0,-4.97259E-2,-1.1946631E-2,6.0550207E-1,3.534279E-2,5.0031483E-1,8.092859E-1,-5.782604E-3,-1.490593E-3,2.598699E-3,7.405726E-3],"split_indices":[0,0,0,0,0,0,0,0,0,0,0,0,0],"split_type":[0,0,0,0,0,0,0,0,0,0,0,0,0],"sum_hessian":[9E0,2E0,7E0,1E0,1E0,6E0,1E0,2E0,4E0,1E0,1E0,2E0,2E0],"tree_param":{"num_deleted":"0","num_feature":"2","num_nodes":"13","size_leaf_vector":"1"}},{"base_weights":[-3.583262E-2,-3.9059266E-1,1.0168147E-1,-4.72396E-2,-1.1349297E-2,2.0277023E-2,3.357563E-2,-4.6063107E-2,5.6025695E-2,-5.4934504E-3,-1.4160157E-3,2.4255118E-3,6.9121043E-3],"categories":[],"categories_nodes":[],"categories_segments":[],"categories_sizes":[],"default_left":[0,0,0,0,0,0,0,0,0,0,0,0,0],"id":60,"left_children":[1,3,5,-1,-1,7,-1,9,11,-1,-1,-1,-1],"loss_changes":[5.27561E-1,1.4389455E-2,1.456297E-1,0E0,0E0,1.9181719E-2,0E0,7.118983E-5,4.036948E-4,0E0,0E0,0E0,0E0],"parents":[2147483647,0,0,1,1,2,2,5,5,7,7,8,8],"right_children":[2,4,6,-1,-1,8,-1,10,12,-1,-1,-1,-1],"split_conditions":[3.9585873E-1,1.99214E-1,1E0,-4.72396E-2,-1.1349297E-2,6.0550207E-1,3.357563E-2,5.0031483E-1,8.092859E-1,-5.4934504E-3,-1.4160157E-3,2.4255118E-3,6.9121043E-3],"split_indices":[0,0,0,0,0,0,0,0,0,0,0,0,0],"split_type":[0,0,0,0,0,0,0,0,0,0,0,0,0],"sum_hessian":[9E0,2E0,7E0,1E0,1E0,6E0,1E0,2E0,4E0,1E0,1E0,2E0,2E0],"tree_param":{"num_deleted":"0","num_feature":"2","num_nodes":"13","size_leaf_vector":"1"}},{"base_weights":[-3.450825E-2,-3.71063E-1,9.601331E-2,-4.4877615E-2,-1.0781837E-2,1.8595831E-2,3.189678E-2,-4.37603E-2,5.2290343E-2,-5.2187922E-3,-1.345253E-3,2.2637686E-3,6.4512887E-3],"categories":[],"categories_nodes":[],"categories_segments":[],"categories_sizes":[],"default_left":[0,0,0,0,0,0,0,0,0,0,0,0,0],"id":61,"left_children":[1,3,5,-1,-1,7,-1,9,11,-1,-1,-1,-1],"loss_changes":[4.749035E-1,1.2986362E-2,1.3215314E-1,0E0,0E0,1.6995657E-2,0E0,6.420817E-5,3.517326E-4,0E0,0E0,0E0,0E0],"parents":[2147483647,0,0,1,1,2,2,5,5,7,7,8,8],"right_children":[2,4,6,-1,-1,8,-1,10,12,-1,-1,-1,-1],"split_conditions":[3.9585873E-1,1.99214E-1,1E0,-4.4877615E-2,-1.0781837E-2,6.0550207E-1,3.189678E-2,5.0031483E-1,8.092859E-1,-5.2187922E-3,-1.345253E-3,2.2637686E-3,6.4512887E-3],"split_indices":[0,0,0,0,0,0,0,0,0,0,0,0,0],"split_type":[0,0,0,0,0,0,0,0,0,0,0,0,0],"sum_hessian":[9E0,2E0,7E0,1E0,1E0,6E0,1E0,2E0,4E0,1E0,1E0,2E0,2E0],"tree_param":{"num_deleted":"0","num_feature":"2","num_nodes":"13","size_leaf_vector":"1"}},{"base_weights":[-3.321879E-2,-3.525099E-1,9.0667725E-2,-4.263374E-2,-1.0242748E-2,1.7043522E-2,3.0301858E-2,-4.157257E-2,4.8804473E-2,-4.957867E-3,-1.2780189E-3,2.1128336E-3,6.0212454E-3],"categories":[],"categories_nodes":[],"categories_segments":[],"categories_sizes":[],"default_left":[0,0,0,0,0,0,0,0,0,0,0,0,0],"id":62,"left_children":[1,3,5,-1,-1,7,-1,9,11,-1,-1,-1,-1],"loss_changes":[4.2751986E-1,1.172021E-2,1.1990879E-1,0E0,0E0,1.5060848E-2,0E0,5.7918485E-5,3.064545E-4,0E0,0E0,0E0,0E0],"parents":[2147483647,0,0,1,1,2,2,5,5,7,7,8,8],"right_children":[2,4,6,-1,-1,8,-1,10,12,-1,-1,-1,-1],"split_conditions":[3.9585873E-1,1.99214E-1,1E0,-4.263374E-2,-1.0242748E-2,6.0550207E-1,3.0301858E-2,5.0031483E-1,8.092859E-1,-4.957867E-3,-1.2780189E-3,2.1128336E-3,6.0212454E-3],"split_indices":[0,0,0,0,0,0,0,0,0,0,0,0,0],"split_type":[0,0,0,0,0,0,0,0,0,0,0,0,0],"sum_hessian":[9E0,2E0,7E0,1E0,1E0,6E0,1E0,2E0,4E0,1E0,1E0,2E0,2E0],"tree_param":{"num_deleted":"0","num_feature":"2","num_nodes":"13","size_leaf_vector":"1"}},{"base_weights":[-3.196423E-2,-3.348844E-1,8.5626364E-2,-4.050206E-2,-9.730602E-3,1.5610559E-2,2.8786851E-2,-3.9494198E-2,4.55513E-2,-4.710007E-3,-1.2141227E-3,1.9719442E-3,5.619939E-3],"categories":[],"categories_nodes":[],"categories_segments":[],"categories_sizes":[],"default_left":[0,0,0,0,0,0,0,0,0,0,0,0,0],"id":63,"left_children":[1,3,5,-1,-1,7,-1,9,11,-1,-1,-1,-1],"loss_changes":[3.8488057E-1,1.0577589E-2,1.0878737E-1,0E0,0E0,1.3348153E-2,0E0,5.2277E-5,2.670791E-4,0E0,0E0,0E0,0E0],"parents":[2147483647,0,0,1,1,2,2,5,5,7,7,8,8],"right_children":[2,4,6,-1,-1,8,-1,10,12,-1,-1,-1,-1],"split_conditions":[3.9585873E-1,1.99214E-1,1E0,-4.050206E-2,-9.730602E-3,6.0550207E-1,2.8786851E-2,5.0031483E-1,8.092859E-1,-4.710007E-3,-1.2141227E-3,1.9719442E-3,5.619939E-3],"split_indices":[0,0,0,0,0,0,0,0,0,0,0,0,0],"split_type":[0,0,0,0,0,0,0,0,0,0,0,0,0],"sum_hessian":[9E0,2E0,7E0,1E0,1E0,6E0,1E0,2E0,4E0,1E0,1E0,2E0,2E0],"tree_param":{"num_deleted":"0","num_feature":"2","num_nodes":"13","size_leaf_vector":"1"}},{"base_weights":[-3.0745339E-2,-3.1814012E-1,8.087087E-2,-3.8476955E-2,-9.244061E-3,1.4287949E-2,2.7347565E-2,-3.7519455E-2,4.25148E-2,-4.4745444E-3,-1.1533737E-3,1.8404642E-3,5.245336E-3],"categories":[],"categories_nodes":[],"categories_segments":[],"categories_sizes":[],"default_left":[0,0,0,0,0,0,0,0,0,0,0,0,0],"id":64,"left_children":[1,3,5,-1,-1,7,-1,9,11,-1,-1,-1,-1],"loss_changes":[3.465074E-1,9.546369E-3,9.86861E-2,0E0,0E0,1.1831651E-2,0E0,4.723575E-5,2.3271702E-4,0E0,0E0,0E0,0E0],"parents":[2147483647,0,0,1,1,2,2,5,5,7,7,8,8],"right_children":[2,4,6,-1,-1,8,-1,10,12,-1,-1,-1,-1],"split_conditions":[3.9585873E-1,1.99214E-1,1E0,-3.8476955E-2,-9.244061E-3,6.0550207E-1,2.7347565E-2,5.0031483E-1,8.092859E-1,-4.4745444E-3,-1.1533737E-3,1.8404642E-3,5.245336E-3],"split_indices":[0,0,0,0,0,0,0,0,0,0,0,0,0],"split_type":[0,0,0,0,0,0,0,0,0,0,0,0,0],"sum_hessian":[9E0,2E0,7E0,1E0,1E0,6E0,1E0,2E0,4E0,1E0,1E0,2E0,2E0],"tree_param":{"num_deleted":"0","num_feature":"2","num_nodes":"13","size_leaf_vector":"1"}},{"base_weights":[-2.9562306E-2,-3.0223313E-1,7.6384544E-2,-3.655311E-2,-8.781862E-3,1.3067518E-2,2.5980188E-2,-3.564326E-2,3.968048E-2,-4.250813E-3,-1.0956764E-3,1.0474205E-3,4.43635E-3],"categories":[],"categories_nodes":[],"categories_segments":[],"categories_sizes":[],"default_left":[0,0,0,0,0,0,0,0,0,0,0,0,0],"id":65,"left_children":[1,3,5,-1,-1,7,-1,9,11,-1,-1,-1,-1],"loss_changes":[3.119721E-1,8.615553E-3,8.951256E-2,0E0,0E0,1.04887085E-2,0E0,4.2656902E-5,2.1919515E-4,0E0,0E0,0E0,0E0],"parents":[2147483647,0,0,1,1,2,2,5,5,7,7,8,8],"right_children":[2,4,6,-1,-1,8,-1,10,12,-1,-1,-1,-1],"split_conditions":[3.9585873E-1,1.99214E-1,1E0,-3.655311E-2,-8.781862E-3,6.0550207E-1,2.5980188E-2,5.0031483E-1,7.028597E-1,-4.250813E-3,-1.0956764E-3,1.0474205E-3,4.43635E-3],"split_indices":[0,0,0,0,0,0,0,0,0,0,0,0,0],"split_type":[0,0,0,0,0,0,0,0,0,0,0,0,0],"sum_hessian":[9E0,2E0,7E0,1E0,1E0,6E0,1E0,2E0,4E0,1E0,1E0,1E0,3E0],"tree_param":{"num_deleted":"0","num_feature":"2","num_nodes":"13","size_leaf_vector":"1"}},{"base_weights":[-2.8528024E-2,-2.8712144E-1,7.201052E-2,-3.4725454E-2,-8.342767E-3,1.178033E-2,2.4681091E-2,-3.386116E-2,3.6809158E-2,-4.0382384E-3,-1.0409355E-3,1.5349706E-3,4.5998893E-3],"categories":[],"categories_nodes":[],"categories_segments":[],"categories_sizes":[],"default_left":[0,0,0,0,0,0,0,0,0,0,0,0,0],"id":66,"left_children":[1,3,5,-1,-1,7,-1,9,11,-1,-1,-1,-1],"loss_changes":[2.8066182E-1,7.775545E-3,8.131857E-2,0E0,0E0,9.242872E-3,0E0,3.8448954E-5,2.7996348E-4,0E0,0E0,0E0,0E0],"parents":[2147483647,0,0,1,1,2,2,5,5,7,7,8,8],"right_children":[2,4,6,-1,-1,8,-1,10,12,-1,-1,-1,-1],"split_conditions":[3.9585873E-1,1.99214E-1,1E0,-3.4725454E-2,-8.342767E-3,6.0550207E-1,2.4681091E-2,5.0031483E-1,8.092859E-1,-4.0382384E-3,-1.0409355E-3,1.5349706E-3,4.5998893E-3],"split_indices":[0,0,0,0,0,0,0,0,0,0,0,0,0],"split_type":[0,0,0,0,0,0,0,0,0,0,0,0,0],"sum_hessian":[9E0,2E0,7E0,1E0,1E0,6E0,1E0,2E0,4E0,1E0,1E0,2E0,2E0],"tree_param":{"num_deleted":"0","num_feature":"2","num_nodes":"13","size_leaf_vector":"1"}},{"base_weights":[-2.7408576E-2,-2.727654E-1,6.8026304E-2,-3.298918E-2,-7.92563E-3,1.0752814E-2,2.3447037E-2,-3.216807E-2,3.4354784E-2,-3.8363456E-3,-9.888649E-4,1.8391133E-3,4.910469E-3],"categories":[],"categories_nodes":[],"categories_segments":[],"categories_sizes":[],"default_left":[0,0,0,0,0,0,0,0,0,0,0,0,0],"id":67,"left_children":[1,3,5,-1,-1,7,-1,9,11,-1,-1,-1,-1],"loss_changes":[2.527112E-1,7.0174336E-3,7.374144E-2,0E0,0E0,8.196249E-3,0E0,3.4726225E-5,2.742214E-4,0E0,0E0,0E0,0E0],"parents":[2147483647,0,0,1,1,2,2,5,5,7,7,8,8],"right_children":[2,4,6,-1,-1,8,-1,10,12,-1,-1,-1,-1],"split_conditions":[3.9585873E-1,1.99214E-1,1E0,-3.298918E-2,-7.92563E-3,6.0550207E-1,2.3447037E-2,5.0031483E-1,9.156613E-1,-3.8363456E-3,-9.888649E-4,1.8391133E-3,4.910469E-3],"split_indices":[0,0,0,0,0,0,0,0,0,0,0,0,0],"split_type":[0,0,0,0,0,0,0,0,0,0,0,0,0],"sum_hessian":[9E0,2E0,7E0,1E0,1E0,6E0,1E0,2E0,4E0,1E0,1E0,3E0,1E0],"tree_param":{"num_deleted":"0","num_feature":"2","num_nodes":"13","size_leaf_vector":"1"}},{"base_weights":[-2.622218E-2,-2.5912714E-1,6.439495E-2,-3.1339716E-2,-7.529354E-3,9.952545E-3,2.227459E-2,-3.0560175E-2,3.2269668E-2,-3.6445619E-3,-9.394646E-4,1.7012119E-3,4.6649934E-3],"categories":[],"categories_nodes":[],"categories_segments":[],"categories_sizes":[],"default_left":[0,0,0,0,0,0,0,0,0,0,0,0,0],"id":68,"left_children":[1,3,5,-1,-1,7,-1,9,11,-1,-1,-1,-1],"loss_changes":[2.2773829E-1,6.3331723E-3,6.675117E-2,0E0,0E0,7.3150587E-3,0E0,3.131153E-5,3.0342396E-4,0E0,0E0,0E0,0E0],"parents":[2147483647,0,0,1,1,2,2,5,5,7,7,8,8],"right_children":[2,4,6,-1,-1,8,-1,10,12,-1,-1,-1,-1],"split_conditions":[3.9585873E-1,1.99214E-1,1E0,-3.1339716E-2,-7.529354E-3,6.0550207E-1,2.227459E-2,5.0031483E-1,9.156613E-1,-3.6445619E-3,-9.394646E-4,1.7012119E-3,4.6649934E-3],"split_indices":[0,0,0,0,0,0,0,0,0,0,0,0,0],"split_type":[0,0,0,0,0,0,0,0,0,0,0,0,0],"sum_hessian":[9E0,2E0,7E0,1E0,1E0,6E0,1E0,2E0,4E0,1E0,1E0,3E0,1E0],"tree_param":{"num_deleted":"0","num_feature":"2","num_nodes":"13","size_leaf_vector":"1"}},{"base_weights":[-2.508111E-2,-2.4617083E-1,6.0962677E-2,-2.9772734E-2,-7.1528913E-3,9.211949E-3,2.116089E-2,-2.9031754E-2,3.0315781E-2,-3.4623146E-3,-8.924484E-4,1.5736104E-3,4.4317245E-3],"categories":[],"categories_nodes":[],"categories_segments":[],"categories_sizes":[],"default_left":[0,0,0,0,0,0,0,0,0,0,0,0,0],"id":69,"left_children":[1,3,5,-1,-1,7,-1,9,11,-1,-1,-1,-1],"loss_changes":[2.0524122E-1,5.715683E-3,6.0419075E-2,0E0,0E0,6.529741E-3,0E0,2.8288923E-5,3.233035E-4,0E0,0E0,0E0,0E0],"parents":[2147483647,0,0,1,1,2,2,5,5,7,7,8,8],"right_children":[2,4,6,-1,-1,8,-1,10,12,-1,-1,-1,-1],"split_conditions":[3.9585873E-1,1.99214E-1,1E0,-2.9772734E-2,-7.1528913E-3,6.0550207E-1,2.116089E-2,5.0031483E-1,9.156613E-1,-3.4623146E-3,-8.924484E-4,1.5736104E-3,4.4317245E-3],"split_indices":[0,0,0,0,0,0,0,0,0,0,0,0,0],"split_type":[0,0,0,0,0,0,0,0,0,0,0,0,0],"sum_hessian":[9E0,2E0,7E0,1E0,1E0,6E0,1E0,2E0,4E0,1E0,1E0,3E0,1E0],"tree_param":{"num_deleted":"0","num_feature":"2","num_nodes":"13","size_leaf_vector":"1"}},{"base_weights":[-2.3984622E-2,-2.3386224E-1,5.771756E-2,-2.8284097E-2,-6.7952396E-3,8.526121E-3,2.0102883E-2,-2.7580261E-2,2.8484726E-2,-3.2892227E-3,-8.4781647E-4,1.4555454E-3,4.2100907E-3],"categories":[],"categories_nodes":[],"categories_segments":[],"categories_sizes":[],"default_left":[0,0,0,0,0,0,0,0,0,0,0,0,0],"id":70,"left_children":[1,3,5,-1,-1,7,-1,9,11,-1,-1,-1,-1],"loss_changes":[1.8497255E-1,5.1584393E-3,5.46835E-2,0E0,0E0,5.830047E-3,0E0,2.5543151E-5,3.3551967E-4,0E0,0E0,0E0,0E0],"parents":[2147483647,0,0,1,1,2,2,5,5,7,7,8,8],"right_children":[2,4,6,-1,-1,8,-1,10,12,-1,-1,-1,-1],"split_conditions":[3.9585873E-1,1.99214E-1,1E0,-2.8284097E-2,-6.7952396E-3,6.0550207E-1,2.0102883E-2,5.0031483E-1,9.156613E-1,-3.2892227E-3,-8.4781647E-4,1.4555454E-3,4.2100907E-3],"split_indices":[0,0,0,0,0,0,0,0,0,0,0,0,0],"split_type":[0,0,0,0,0,0,0,0,0,0,0,0,0],"sum_hessian":[9E0,2E0,7E0,1E0,1E0,6E0,1E0,2E0,4E0,1E0,1E0,3E0,1E0],"tree_param":{"num_deleted":"0","num_feature":"2","num_nodes":"13","size_leaf_vector":"1"}},{"base_weights":[-2.2931432E-2,-2.2216909E-1,5.4649115E-2,-2.6869893E-2,-6.4554694E-3,7.891246E-3,1.909771E-2,-2.6201883E-2,2.6768874E-2,-3.1248094E-3,-8.0547336E-4,1.3463497E-3,3.9995196E-3],"categories":[],"categories_nodes":[],"categories_segments":[],"categories_sizes":[],"default_left":[0,0,0,0,0,0,0,0,0,0,0,0,0],"id":71,"left_children":[1,3,5,-1,-1,7,-1,9,11,-1,-1,-1,-1],"loss_changes":[1.66711E-1,4.655555E-3,4.9488198E-2,0E0,0E0,5.2065775E-3,0E0,2.3027882E-5,3.4143077E-4,0E0,0E0,0E0,0E0],"parents":[2147483647,0,0,1,1,2,2,5,5,7,7,8,8],"right_children":[2,4,6,-1,-1,8,-1,10,12,-1,-1,-1,-1],"split_conditions":[3.9585873E-1,1.99214E-1,1E0,-2.6869893E-2,-6.4554694E-3,6.0550207E-1,1.909771E-2,5.0031483E-1,9.156613E-1,-3.1248094E-3,-8.0547336E-4,1.3463497E-3,3.9995196E-3],"split_indices":[0,0,0,0,0,0,0,0,0,0,0,0,0],"split_type":[0,0,0,0,0,0,0,0,0,0,0,0,0],"sum_hessian":[9E0,2E0,7E0,1E0,1E0,6E0,1E0,2E0,4E0,1E0,1E0,3E0,1E0],"tree_param":{"num_deleted":"0","num_feature":"2","num_nodes":"13","size_leaf_vector":"1"}},{"base_weights":[-2.191937E-2,-2.110606E-1,5.1748514E-2,-2.5526393E-2,-6.132698E-3,7.304328E-3,1.8142892E-2,-2.4892172E-2,2.5161361E-2,-2.9685975E-3,-7.652283E-4,1.2453556E-3,3.7996292E-3],"categories":[],"categories_nodes":[],"categories_segments":[],"categories_sizes":[],"default_left":[0,0,0,0,0,0,0,0,0,0,0,0,0],"id":72,"left_children":[1,3,5,-1,-1,7,-1,9,11,-1,-1,-1,-1],"loss_changes":[1.5025842E-1,4.201606E-3,4.4783104E-2,0E0,0E0,4.6508587E-3,0E0,2.0768377E-5,3.423302E-4,0E0,0E0,0E0,0E0],"parents":[2147483647,0,0,1,1,2,2,5,5,7,7,8,8],"right_children":[2,4,6,-1,-1,8,-1,10,12,-1,-1,-1,-1],"split_conditions":[3.9585873E-1,1.99214E-1,1E0,-2.5526393E-2,-6.132698E-3,6.0550207E-1,1.8142892E-2,5.0031483E-1,9.156613E-1,-2.9685975E-3,-7.652283E-4,1.2453556E-3,3.7996292E-3],"split_indices":[0,0,0,0,0,0,0,0,0,0,0,0,0],"split_type":[0,0,0,0,0,0,0,0,0,0,0,0,0],"sum_hessian":[9E0,2E0,7E0,1E0,1E0,6E0,1E0,2E0,4E0,1E0,1E0,3E0,1E0],"tree_param":{"num_deleted":"0","num_feature":"2","num_nodes":"13","size_leaf_vector":"1"}},{"base_weights":[-2.0947885E-2,-2.0050764E-1,4.900551E-2,-2.4250079E-2,-5.826068E-3,6.7612785E-3,1.7235756E-2,-2.3647944E-2,2.3654556E-2,-2.8202056E-3,-7.269859E-4,1.151991E-3,3.6096573E-3],"categories":[],"categories_nodes":[],"categories_segments":[],"categories_sizes":[],"default_left":[0,0,0,0,0,0,0,0,0,0,0,0,0],"id":73,"left_children":[1,3,5,-1,-1,7,-1,9,11,-1,-1,-1,-1],"loss_changes":[1.3543412E-1,3.7919283E-3,4.0521942E-2,0E0,0E0,4.1553616E-3,0E0,1.8737977E-5,3.39068E-4,0E0,0E0,0E0,0E0],"parents":[2147483647,0,0,1,1,2,2,5,5,7,7,8,8],"right_children":[2,4,6,-1,-1,8,-1,10,12,-1,-1,-1,-1],"split_conditions":[3.9585873E-1,1.99214E-1,1E0,-2.4250079E-2,-5.826068E-3,6.0550207E-1,1.7235756E-2,5.0031483E-1,9.156613E-1,-2.8202056E-3,-7.269859E-4,1.151991E-3,3.6096573E-3],"split_indices":[0,0,0,0,0,0,0,0,0,0,0,0,0],"split_type":[0,0,0,0,0,0,0,0,0,0,0,0,0],"sum_hessian":[9E0,2E0,7E0,1E0,1E0,6E0,1E0,2E0,4E0,1E0,1E0,3E0,1E0],"tree_param":{"num_deleted":"0","num_feature":"2","num_nodes":"13","size_leaf_vector":"1"}},{"base_weights":[-2.0015478E-2,-1.904823E-1,4.6411514E-2,-2.3037577E-2,-5.534768E-3,6.258828E-3,1.6374016E-2,-2.2465387E-2,2.2241592E-2,-2.6791573E-3,-6.9065095E-4,1.065588E-3,3.4292222E-3],"categories":[],"categories_nodes":[],"categories_segments":[],"categories_sizes":[],"default_left":[0,0,0,0,0,0,0,0,0,0,0,0,0],"id":74,"left_children":[1,3,5,-1,-1,7,-1,9,11,-1,-1,-1,-1],"loss_changes":[1.22076556E-1,3.4222007E-3,3.666366E-2,0E0,0E0,3.7133128E-3,0E0,1.6895588E-5,3.3266167E-4,0E0,0E0,0E0,0E0],"parents":[2147483647,0,0,1,1,2,2,5,5,7,7,8,8],"right_children":[2,4,6,-1,-1,8,-1,10,12,-1,-1,-1,-1],"split_conditions":[3.9585873E-1,1.99214E-1,1E0,-2.3037577E-2,-5.534768E-3,6.0550207E-1,1.6374016E-2,5.0031483E-1,9.156613E-1,-2.6791573E-3,-6.9065095E-4,1.065588E-3,3.4292222E-3],"split_indices":[0,0,0,0,0,0,0,0,0,0,0,0,0],"split_type":[0,0,0,0,0,0,0,0,0,0,0,0,0],"sum_hessian":[9E0,2E0,7E0,1E0,1E0,6E0,1E0,2E0,4E0,1E0,1E0,3E0,1E0],"tree_param":{"num_deleted":"0","num_feature":"2","num_nodes":"13","size_leaf_vector":"1"}},{"base_weights":[-1.91211E-2,-1.809582E-1,4.395795E-2,-2.1885693E-2,-5.258036E-3,5.793708E-3,1.5555382E-2,-2.1341959E-2,2.0916367E-2,-2.545166E-3,-6.5612793E-4,9.856701E-4,3.2577515E-3],"categories":[],"categories_nodes":[],"categories_segments":[],"categories_sizes":[],"default_left":[0,0,0,0,0,0,0,0,0,0,0,0,0],"id":75,"left_children":[1,3,5,-1,-1,7,-1,9,11,-1,-1,-1,-1],"loss_changes":[1.1003985E-1,3.0884966E-3,3.317054E-2,0E0,0E0,3.3189403E-3,0E0,1.5237019E-5,3.2373494E-4,0E0,0E0,0E0,0E0],"parents":[2147483647,0,0,1,1,2,2,5,5,7,7,8,8],"right_children":[2,4,6,-1,-1,8,-1,10,12,-1,-1,-1,-1],"split_conditions":[3.9585873E-1,1.99214E-1,1E0,-2.1885693E-2,-5.258036E-3,6.0550207E-1,1.5555382E-2,5.0031483E-1,9.156613E-1,-2.545166E-3,-6.5612793E-4,9.856701E-4,3.2577515E-3],"split_indices":[0,0,0,0,0,0,0,0,0,0,0,0,0],"split_type":[0,0,0,0,0,0,0,0,0,0,0,0,0],"sum_hessian":[9E0,2E0,7E0,1E0,1E0,6E0,1E0,2E0,4E0,1E0,1E0,3E0,1E0],"tree_param":{"num_deleted":"0","num_feature":"2","num_nodes":"13","size_leaf_vector":"1"}},{"base_weights":[-1.8263722E-2,-1.7191029E-1,4.1636705E-2,-2.0791411E-2,-4.9951314E-3,5.363192E-3,1.4777565E-2,-2.0275116E-2,1.9673537E-2,-2.417946E-3,-6.2332157E-4,6.0825347E-4,2.6706697E-3],"categories":[],"categories_nodes":[],"categories_segments":[],"categories_sizes":[],"default_left":[0,0,0,0,0,0,0,0,0,0,0,0,0],"id":76,"left_children":[1,3,5,-1,-1,7,-1,9,11,-1,-1,-1,-1],"loss_changes":[9.919272E-2,2.7873889E-3,3.0007713E-2,0E0,0E0,2.9671346E-3,0E0,1.3757497E-5,3.1549402E-4,0E0,0E0,0E0,0E0],"parents":[2147483647,0,0,1,1,2,2,5,5,7,7,8,8],"right_children":[2,4,6,-1,-1,8,-1,10,12,-1,-1,-1,-1],"split_conditions":[3.9585873E-1,1.99214E-1,1E0,-2.0791411E-2,-4.9951314E-3,6.0550207E-1,1.4777565E-2,5.0031483E-1,8.092859E-1,-2.417946E-3,-6.2332157E-4,6.0825347E-4,2.6706697E-3],"split_indices":[0,0,0,0,0,0,0,0,0,0,0,0,0],"split_type":[0,0,0,0,0,0,0,0,0,0,0,0,0],"sum_hessian":[9E0,2E0,7E0,1E0,1E0,6E0,1E0,2E0,4E0,1E0,1E0,2E0,2E0],"tree_param":{"num_deleted":"0","num_feature":"2","num_nodes":"13","size_leaf_vector":"1"}},{"base_weights":[-1.7514396E-2,-1.6331474E-1,3.9350033E-2,-1.9751847E-2,-4.745364E-3,4.8610144E-3,1.4038659E-2,-1.9261042E-2,1.8362045E-2,-2.29702E-3,-5.921364E-4,8.1458094E-4,2.9613494E-3],"categories":[],"categories_nodes":[],"categories_segments":[],"categories_sizes":[],"default_left":[0,0,0,0,0,0,0,0,0,0,0,0,0],"id":77,"left_children":[1,3,5,-1,-1,7,-1,9,11,-1,-1,-1,-1],"loss_changes":[8.933498E-2,2.5156736E-3,2.7194792E-2,0E0,0E0,2.6333807E-3,0E0,1.2422097E-5,3.335115E-4,0E0,0E0,0E0,0E0],"parents":[2147483647,0,0,1,1,2,2,5,5,7,7,8,8],"right_children":[2,4,6,-1,-1,8,-1,10,12,-1,-1,-1,-1],"split_conditions":[3.9585873E-1,1.99214E-1,1E0,-1.9751847E-2,-4.745364E-3,6.0550207E-1,1.4038659E-2,5.0031483E-1,9.156613E-1,-2.29702E-3,-5.921364E-4,8.1458094E-4,2.9613494E-3],"split_indices":[0,0,0,0,0,0,0,0,0,0,0,0,0],"split_type":[0,0,0,0,0,0,0,0,0,0,0,0,0],"sum_hessian":[9E0,2E0,7E0,1E0,1E0,6E0,1E0,2E0,4E0,1E0,1E0,3E0,1E0],"tree_param":{"num_deleted":"0","num_feature":"2","num_nodes":"13","size_leaf_vector":"1"}},{"base_weights":[-1.6720247E-2,-1.5514898E-1,3.728056E-2,-1.8764257E-2,-4.50809E-3,4.501343E-3,1.3336754E-2,-1.8298468E-2,1.728096E-2,-2.1821975E-3,-5.625725E-4,7.534504E-3,2.8133392E-3,2.2888184E-4,8.5201266E-4],"categories":[],"categories_nodes":[],"categories_segments":[],"categories_sizes":[],"default_left":[0,0,0,0,0,0,0,0,0,0,0,0,0,0,0],"id":78,"left_children":[1,3,5,-1,-1,7,-1,9,11,-1,-1,13,-1,-1,-1],"loss_changes":[8.053668E-2,2.2704229E-3,2.459691E-2,0E0,0E0,2.355825E-3,0E0,1.11931E-5,3.1689252E-4,0E0,0E0,1.1800439E-6,0E0,0E0,0E0],"parents":[2147483647,0,0,1,1,2,2,5,5,7,7,8,8,11,11],"right_children":[2,4,6,-1,-1,8,-1,10,12,-1,-1,14,-1,-1,-1],"split_conditions":[3.9585873E-1,1.99214E-1,1E0,-1.8764257E-2,-4.50809E-3,6.0550207E-1,1.3336754E-2,5.0031483E-1,9.156613E-1,-2.1821975E-3,-5.625725E-4,7.028597E-1,2.8133392E-3,2.2888184E-4,8.5201266E-4],"split_indices":[0,0,0,0,0,0,0,0,0,0,0,0,0,0,0],"split_type":[0,0,0,0,0,0,0,0,0,0,0,0,0,0,0],"sum_hessian":[9E0,2E0,7E0,1E0,1E0,6E0,1E0,2E0,4E0,1E0,1E0,3E0,1E0,1E0,2E0],"tree_param":{"num_deleted":"0","num_feature":"2","num_nodes":"15","size_leaf_vector":"1"}},{"base_weights":[-1.5926529E-2,-1.4739156E-1,3.5363674E-2,-1.7826045E-2,-4.282689E-3,4.2157853E-3,1.2669945E-2,-1.7383575E-2,1.6332245E-2,-2.0730973E-3,-5.344391E-4,7.051468E-4,2.6727677E-3],"categories":[],"categories_nodes":[],"categories_segments":[],"categories_sizes":[],"default_left":[0,0,0,0,0,0,0,0,0,0,0,0,0],"id":79,"left_children":[1,3,5,-1,-1,7,-1,9,11,-1,-1,-1,-1],"loss_changes":[7.2640985E-2,2.0490438E-3,2.2225196E-2,0E0,0E0,2.115867E-3,0E0,1.0105374E-5,2.9391912E-4,0E0,0E0,0E0,0E0],"parents":[2147483647,0,0,1,1,2,2,5,5,7,7,8,8],"right_children":[2,4,6,-1,-1,8,-1,10,12,-1,-1,-1,-1],"split_conditions":[3.9585873E-1,1.99214E-1,1E0,-1.7826045E-2,-4.282689E-3,6.0550207E-1,1.2669945E-2,5.0031483E-1,9.156613E-1,-2.0730973E-3,-5.344391E-4,7.051468E-4,2.6727677E-3],"split_indices":[0,0,0,0,0,0,0,0,0,0,0,0,0],"split_type":[0,0,0,0,0,0,0,0,0,0,0,0,0],"sum_hessian":[9E0,2E0,7E0,1E0,1E0,6E0,1E0,2E0,4E0,1E0,1E0,3E0,1E0],"tree_param":{"num_deleted":"0","num_feature":"2","num_nodes":"13","size_leaf_vector":"1"}},{"base_weights":[-1.5200925E-2,-1.4002204E-1,3.350711E-2,-1.6934741E-2,-4.0685656E-3,3.9037976E-3,1.20365145E-2,-1.651446E-2,1.5373993E-2,-1.969433E-3,-5.0773623E-4,6.5221786E-3,2.5390626E-3,1.821518E-4,7.4818934E-4],"categories":[],"categories_nodes":[],"categories_segments":[],"categories_sizes":[],"default_left":[0,0,0,0,0,0,0,0,0,0,0,0,0,0,0],"id":80,"left_children":[1,3,5,-1,-1,7,-1,9,11,-1,-1,13,-1,-1,-1],"loss_changes":[6.548965E-2,1.8492155E-3,2.0100402E-2,0E0,0E0,1.8933031E-3,0E0,9.110139E-6,2.7772458E-4,0E0,0E0,4.416768E-6,0E0,0E0,0E0],"parents":[2147483647,0,0,1,1,2,2,5,5,7,7,8,8,11,11],"right_children":[2,4,6,-1,-1,8,-1,10,12,-1,-1,14,-1,-1,-1],"split_conditions":[3.9585873E-1,1.99214E-1,1E0,-1.6934741E-2,-4.0685656E-3,6.0550207E-1,1.20365145E-2,5.0031483E-1,9.156613E-1,-1.969433E-3,-5.0773623E-4,7.028597E-1,2.5390626E-3,1.821518E-4,7.4818934E-4],"split_indices":[0,0,0,0,0,0,0,0,0,0,0,0,0,0,0],"split_type":[0,0,0,0,0,0,0,0,0,0,0,0,0,0,0],"sum_hessian":[9E0,2E0,7E0,1E0,1E0,6E0,1E0,2E0,4E0,1E0,1E0,3E0,1E0,1E0,2E0],"tree_param":{"num_deleted":"0","num_feature":"2","num_nodes":"15","size_leaf_vector":"1"}},{"base_weights":[-1.4478302E-2,-1.3302104E-1,3.178501E-2,-1.6088009E-2,-3.8651468E-3,3.655025E-3,1.1434746E-2,-1.5688578E-2,1.4530182E-2,-1.8709183E-3,-4.823685E-4,6.102562E-3,2.412033E-3,1.7299653E-4,6.983439E-4],"categories":[],"categories_nodes":[],"categories_segments":[],"categories_sizes":[],"default_left":[0,0,0,0,0,0,0,0,0,0,0,0,0,0,0],"id":81,"left_children":[1,3,5,-1,-1,7,-1,9,11,-1,-1,13,-1,-1,-1],"loss_changes":[5.9069872E-2,1.6688891E-3,1.81619E-2,0E0,0E0,1.700511E-3,0E0,8.208444E-6,2.5691476E-4,0E0,0E0,3.325782E-6,0E0,0E0,0E0],"parents":[2147483647,0,0,1,1,2,2,5,5,7,7,8,8,11,11],"right_children":[2,4,6,-1,-1,8,-1,10,12,-1,-1,14,-1,-1,-1],"split_conditions":[3.9585873E-1,1.99214E-1,1E0,-1.6088009E-2,-3.8651468E-3,6.0550207E-1,1.1434746E-2,5.0031483E-1,9.156613E-1,-1.8709183E-3,-4.823685E-4,7.028597E-1,2.412033E-3,1.7299653E-4,6.983439E-4],"split_indices":[0,0,0,0,0,0,0,0,0,0,0,0,0,0,0],"split_type":[0,0,0,0,0,0,0,0,0,0,0,0,0,0,0],"sum_hessian":[9E0,2E0,7E0,1E0,1E0,6E0,1E0,2E0,4E0,1E0,1E0,3E0,1E0,1E0,2E0],"tree_param":{"num_deleted":"0","num_feature":"2","num_nodes":"15","size_leaf_vector":"1"}},{"base_weights":[-1.378932E-2,-1.2636995E-1,3.0152082E-2,-1.5283609E-2,-3.6718845E-3,3.422601E-3,1.0862923E-2,-1.4904022E-2,1.3734055E-2,-1.7773629E-3,-4.582405E-4,5.710125E-3,2.2914887E-3,1.6431809E-4,6.518046E-4],"categories":[],"categories_nodes":[],"categories_segments":[],"categories_sizes":[],"default_left":[0,0,0,0,0,0,0,0,0,0,0,0,0,0,0],"id":82,"left_children":[1,3,5,-1,-1,7,-1,9,11,-1,-1,13,-1,-1,-1],"loss_changes":[5.327983E-2,1.506187E-3,1.6409433E-2,0E0,0E0,1.5275116E-3,0E0,7.410941E-6,2.3748475E-4,0E0,0E0,2.4327455E-6,0E0,0E0,0E0],"parents":[2147483647,0,0,1,1,2,2,5,5,7,7,8,8,11,11],"right_children":[2,4,6,-1,-1,8,-1,10,12,-1,-1,14,-1,-1,-1],"split_conditions":[3.9585873E-1,1.99214E-1,1E0,-1.5283609E-2,-3.6718845E-3,6.0550207E-1,1.0862923E-2,5.0031483E-1,9.156613E-1,-1.7773629E-3,-4.582405E-4,7.028597E-1,2.2914887E-3,1.6431809E-4,6.518046E-4],"split_indices":[0,0,0,0,0,0,0,0,0,0,0,0,0,0,0],"split_type":[0,0,0,0,0,0,0,0,0,0,0,0,0,0,0],"sum_hessian":[9E0,2E0,7E0,1E0,1E0,6E0,1E0,2E0,4E0,1E0,1E0,3E0,1E0,1E0,2E0],"tree_param":{"num_deleted":"0","num_feature":"2","num_nodes":"15","size_leaf_vector":"1"}},{"base_weights":[-1.3132811E-2,-1.2005154E-1,2.8603315E-2,-1.451943E-2,-3.4883022E-3,3.204618E-3,1.031971E-2,-1.4158885E-2,1.2981797E-2,-1.6884804E-3,-4.3535233E-4,5.3429604E-3,2.176857E-3,1.5611648E-4,6.0831703E-4],"categories":[],"categories_nodes":[],"categories_segments":[],"categories_sizes":[],"default_left":[0,0,0,0,0,0,0,0,0,0,0,0,0,0,0],"id":83,"left_children":[1,3,5,-1,-1,7,-1,9,11,-1,-1,13,-1,-1,-1],"loss_changes":[4.805761E-2,1.3592951E-3,1.4825972E-2,0E0,0E0,1.3721702E-3,0E0,6.6775247E-6,2.1929503E-4,0E0,0E0,1.700464E-6,0E0,0E0,0E0],"parents":[2147483647,0,0,1,1,2,2,5,5,7,7,8,8,11,11],"right_children":[2,4,6,-1,-1,8,-1,10,12,-1,-1,14,-1,-1,-1],"split_conditions":[3.9585873E-1,1.99214E-1,1E0,-1.451943E-2,-3.4883022E-3,6.0550207E-1,1.031971E-2,5.0031483E-1,9.156613E-1,-1.6884804E-3,-4.3535233E-4,7.028597E-1,2.176857E-3,1.5611648E-4,6.0831703E-4],"split_indices":[0,0,0,0,0,0,0,0,0,0,0,0,0,0,0],"split_type":[0,0,0,0,0,0,0,0,0,0,0,0,0,0,0],"sum_hessian":[9E0,2E0,7E0,1E0,1E0,6E0,1E0,2E0,4E0,1E0,1E0,3E0,1E0,1E0,2E0],"tree_param":{"num_deleted":"0","num_feature":"2","num_nodes":"15","size_leaf_vector":"1"}},{"base_weights":[-1.2506557E-2,-1.14048876E-1,2.7135134E-2,-1.3793456E-2,-3.3138753E-3,3.0008045E-3,9.803772E-3,-1.3451259E-2,1.2271881E-2,-1.6040802E-3,-4.1360856E-4,5.0001144E-3,2.0679475E-3,1.4829636E-4,5.678177E-4],"categories":[],"categories_nodes":[],"categories_segments":[],"categories_sizes":[],"default_left":[0,0,0,0,0,0,0,0,0,0,0,0,0,0,0],"id":84,"left_children":[1,3,5,-1,-1,7,-1,9,11,-1,-1,13,-1,-1,-1],"loss_changes":[4.3347828E-2,1.2268014E-3,1.3395298E-2,0E0,0E0,1.2327707E-3,0E0,6.0199527E-6,2.0229048E-4,0E0,0E0,1.1188604E-6,0E0,0E0,0E0],"parents":[2147483647,0,0,1,1,2,2,5,5,7,7,8,8,11,11],"right_children":[2,4,6,-1,-1,8,-1,10,12,-1,-1,14,-1,-1,-1],"split_conditions":[3.9585873E-1,1.99214E-1,1E0,-1.3793456E-2,-3.3138753E-3,6.0550207E-1,9.803772E-3,5.0031483E-1,9.156613E-1,-1.6040802E-3,-4.1360856E-4,7.028597E-1,2.0679475E-3,1.4829636E-4,5.678177E-4],"split_indices":[0,0,0,0,0,0,0,0,0,0,0,0,0,0,0],"split_type":[0,0,0,0,0,0,0,0,0,0,0,0,0,0,0],"sum_hessian":[9E0,2E0,7E0,1E0,1E0,6E0,1E0,2E0,4E0,1E0,1E0,3E0,1E0,1E0,2E0],"tree_param":{"num_deleted":"0","num_feature":"2","num_nodes":"15","size_leaf_vector":"1"}},{"base_weights":[-1.1909699E-2,-1.0834638E-1,2.574277E-2,-1.3103783E-2,-3.1481744E-3,2.8100696E-3,9.313583E-3,-1.27786E-2,1.1601257E-2,-1.5238762E-3,-3.9291382E-4,4.6787263E-4,1.964569E-3],"categories":[],"categories_nodes":[],"categories_segments":[],"categories_sizes":[],"default_left":[0,0,0,0,0,0,0,0,0,0,0,0,0],"id":85,"left_children":[1,3,5,-1,-1,7,-1,9,11,-1,-1,-1,-1],"loss_changes":[3.9099928E-2,1.1072122E-3,1.2102322E-2,0E0,0E0,1.1075484E-3,0E0,5.438167E-6,1.8652237E-4,0E0,0E0,0E0,0E0],"parents":[2147483647,0,0,1,1,2,2,5,5,7,7,8,8],"right_children":[2,4,6,-1,-1,8,-1,10,12,-1,-1,-1,-1],"split_conditions":[3.9585873E-1,1.99214E-1,1E0,-1.3103783E-2,-3.1481744E-3,6.0550207E-1,9.313583E-3,5.0031483E-1,9.156613E-1,-1.5238762E-3,-3.9291382E-4,4.6787263E-4,1.964569E-3],"split_indices":[0,0,0,0,0,0,0,0,0,0,0,0,0],"split_type":[0,0,0,0,0,0,0,0,0,0,0,0,0],"sum_hessian":[9E0,2E0,7E0,1E0,1E0,6E0,1E0,2E0,4E0,1E0,1E0,3E0,1E0],"tree_param":{"num_deleted":"0","num_feature":"2","num_nodes":"13","size_leaf_vector":"1"}},{"base_weights":[-1.1360836E-2,-1.02929115E-1,2.4397373E-2,-1.2448597E-2,-2.9907704E-3,2.6027134E-3,8.847999E-3,-1.2139638E-2,1.0927582E-2,-1.4476776E-3,-3.7326812E-4,4.327774E-3,1.8663406E-3,1.1749268E-4,4.987081E-4],"categories":[],"categories_nodes":[],"categories_segments":[],"categories_sizes":[],"default_left":[0,0,0,0,0,0,0,0,0,0,0,0,0,0,0],"id":86,"left_children":[1,3,5,-1,-1,7,-1,9,11,-1,-1,13,-1,-1,-1],"loss_changes":[3.5254378E-2,9.992458E-4,1.0942984E-2,0E0,0E0,9.917539E-4,0E0,4.907459E-6,1.7450372E-4,0E0,0E0,2.4553228E-6,0E0,0E0,0E0],"parents":[2147483647,0,0,1,1,2,2,5,5,7,7,8,8,11,11],"right_children":[2,4,6,-1,-1,8,-1,10,12,-1,-1,14,-1,-1,-1],"split_conditions":[3.9585873E-1,1.99214E-1,1E0,-1.2448597E-2,-2.9907704E-3,6.0550207E-1,8.847999E-3,5.0031483E-1,9.156613E-1,-1.4476776E-3,-3.7326812E-4,7.028597E-1,1.8663406E-3,1.1749268E-4,4.987081E-4],"split_indices":[0,0,0,0,0,0,0,0,0,0,0,0,0,0,0],"split_type":[0,0,0,0,0,0,0,0,0,0,0,0,0,0,0],"sum_hessian":[9E0,2E0,7E0,1E0,1E0,6E0,1E0,2E0,4E0,1E0,1E0,3E0,1E0,1E0,2E0],"tree_param":{"num_deleted":"0","num_feature":"2","num_nodes":"15","size_leaf_vector":"1"}},{"base_weights":[-1.0817504E-2,-9.7782694E-2,2.314663E-2,-1.182617E-2,-2.8412342E-3,2.4370465E-3,8.405685E-3,-1.1532466E-2,1.0331345E-2,-1.3752937E-3,-3.5457613E-4,4.0488243E-3,1.7730714E-3,1.11579895E-4,4.6545663E-4],"categories":[],"categories_nodes":[],"categories_segments":[],"categories_sizes":[],"default_left":[0,0,0,0,0,0,0,0,0,0,0,0,0,0,0],"id":87,"left_children":[1,3,5,-1,-1,7,-1,9,11,-1,-1,13,-1,-1,-1],"loss_changes":[3.180031E-2,9.0181455E-4,9.886552E-3,0E0,0E0,8.9110236E-4,0E0,4.4381304E-6,1.6064488E-4,0E0,0E0,1.9130675E-6,0E0,0E0,0E0],"parents":[2147483647,0,0,1,1,2,2,5,5,7,7,8,8,11,11],"right_children":[2,4,6,-1,-1,8,-1,10,12,-1,-1,14,-1,-1,-1],"split_conditions":[3.9585873E-1,1.99214E-1,1E0,-1.182617E-2,-2.8412342E-3,6.0550207E-1,8.405685E-3,5.0031483E-1,9.156613E-1,-1.3752937E-3,-3.5457613E-4,7.028597E-1,1.7730714E-3,1.11579895E-4,4.6545663E-4],"split_indices":[0,0,0,0,0,0,0,0,0,0,0,0,0,0,0],"split_type":[0,0,0,0,0,0,0,0,0,0,0,0,0,0,0],"sum_hessian":[9E0,2E0,7E0,1E0,1E0,6E0,1E0,2E0,4E0,1E0,1E0,3E0,1E0,1E0,2E0],"tree_param":{"num_deleted":"0","num_feature":"2","num_nodes":"15","size_leaf_vector":"1"}},{"base_weights":[-1.0299683E-2,-9.28936E-2,2.1960497E-2,-1.1234856E-2,-2.6991845E-3,2.2820064E-3,7.985497E-3,-1.0955811E-2,9.768295E-3,-1.3065338E-3,-3.3683778E-4,3.7884712E-3,1.6843796E-3,1.0604859E-4,4.3443046E-4],"categories":[],"categories_nodes":[],"categories_segments":[],"categories_sizes":[],"default_left":[0,0,0,0,0,0,0,0,0,0,0,0,0,0,0],"id":88,"left_children":[1,3,5,-1,-1,7,-1,9,11,-1,-1,13,-1,-1,-1],"loss_changes":[2.8684936E-2,8.13853E-4,8.931977E-3,0E0,0E0,8.0073444E-4,0E0,4.0087034E-6,1.4773896E-4,0E0,0E0,1.4581456E-6,0E0,0E0,0E0],"parents":[2147483647,0,0,1,1,2,2,5,5,7,7,8,8,11,11],"right_children":[2,4,6,-1,-1,8,-1,10,12,-1,-1,14,-1,-1,-1],"split_conditions":[3.9585873E-1,1.99214E-1,1E0,-1.1234856E-2,-2.6991845E-3,6.0550207E-1,7.985497E-3,5.0031483E-1,9.156613E-1,-1.3065338E-3,-3.3683778E-4,7.028597E-1,1.6843796E-3,1.0604859E-4,4.3443046E-4],"split_indices":[0,0,0,0,0,0,0,0,0,0,0,0,0,0,0],"split_type":[0,0,0,0,0,0,0,0,0,0,0,0,0,0,0],"sum_hessian":[9E0,2E0,7E0,1E0,1E0,6E0,1E0,2E0,4E0,1E0,1E0,3E0,1E0,1E0,2E0],"tree_param":{"num_deleted":"0","num_feature":"2","num_nodes":"15","size_leaf_vector":"1"}},{"base_weights":[-9.806538E-3,-8.8248886E-2,2.0835161E-2,-1.0673118E-2,-2.5642158E-3,2.1365029E-3,7.5862887E-3,-1.0407765E-2,9.235764E-3,-1.2412071E-3,-3.1995773E-4,3.5443306E-3,1.6000748E-3,1.00708006E-4,4.0543877E-4],"categories":[],"categories_nodes":[],"categories_segments":[],"categories_sizes":[],"default_left":[0,0,0,0,0,0,0,0,0,0,0,0,0,0,0],"id":89,"left_children":[1,3,5,-1,-1,7,-1,9,11,-1,-1,13,-1,-1,-1],"loss_changes":[2.5874749E-2,7.345285E-4,8.069476E-3,0E0,0E0,7.195089E-4,0E0,3.6288693E-6,1.3580028E-4,0E0,0E0,1.0934746E-6,0E0,0E0,0E0],"parents":[2147483647,0,0,1,1,2,2,5,5,7,7,8,8,11,11],"right_children":[2,4,6,-1,-1,8,-1,10,12,-1,-1,14,-1,-1,-1],"split_conditions":[3.9585873E-1,1.99214E-1,1E0,-1.0673118E-2,-2.5642158E-3,6.0550207E-1,7.5862887E-3,5.0031483E-1,9.156613E-1,-1.2412071E-3,-3.1995773E-4,7.028597E-1,1.6000748E-3,1.00708006E-4,4.0543877E-4],"split_indices":[0,0,0,0,0,0,0,0,0,0,0,0,0,0,0],"split_type":[0,0,0,0,0,0,0,0,0,0,0,0,0,0,0],"sum_hessian":[9E0,2E0,7E0,1E0,1E0,6E0,1E0,2E0,4E0,1E0,1E0,3E0,1E0,1E0,2E0],"tree_param":{"num_deleted":"0","num_feature":"2","num_nodes":"15","size_leaf_vector":"1"}},{"base_weights":[-9.336328E-3,-8.38364E-2,1.9768238E-2,-1.0139465E-2,-2.435994E-3,2.0010811E-3,7.206917E-3,-9.887059E-3,8.733749E-3,-1.179123E-3,-3.0393602E-4,3.3164024E-4,1.5201569E-3],"categories":[],"categories_nodes":[],"categories_segments":[],"categories_sizes":[],"default_left":[0,0,0,0,0,0,0,0,0,0,0,0,0],"id":90,"left_children":[1,3,5,-1,-1,7,-1,9,11,-1,-1,-1,-1],"loss_changes":[2.3340221E-2,6.629396E-4,7.289694E-3,0E0,0E0,6.4662343E-4,0E0,3.2797689E-6,1.2477755E-4,0E0,0E0,0E0,0E0],"parents":[2147483647,0,0,1,1,2,2,5,5,7,7,8,8],"right_children":[2,4,6,-1,-1,8,-1,10,12,-1,-1,-1,-1],"split_conditions":[3.9585873E-1,1.99214E-1,1E0,-1.0139465E-2,-2.435994E-3,6.0550207E-1,7.206917E-3,5.0031483E-1,9.156613E-1,-1.179123E-3,-3.0393602E-4,3.3164024E-4,1.5201569E-3],"split_indices":[0,0,0,0,0,0,0,0,0,0,0,0,0],"split_type":[0,0,0,0,0,0,0,0,0,0,0,0,0],"sum_hessian":[9E0,2E0,7E0,1E0,1E0,6E0,1E0,2E0,4E0,1E0,1E0,3E0,1E0],"tree_param":{"num_deleted":"0","num_feature":"2","num_nodes":"13","size_leaf_vector":"1"}},{"base_weights":[-8.902932E-3,-7.964452E-2,1.8738031E-2,-9.632492E-3,-2.3141862E-3,1.8531254E-3,6.846619E-3,-9.393056E-3,8.230209E-3,-1.1201858E-3,-2.887726E-4,3.0674934E-3,1.4440537E-3,7.90596E-5,3.5629273E-4],"categories":[],"categories_nodes":[],"categories_segments":[],"categories_sizes":[],"default_left":[0,0,0,0,0,0,0,0,0,0,0,0,0,0,0],"id":91,"left_children":[1,3,5,-1,-1,7,-1,9,11,-1,-1,13,-1,-1,-1],"loss_changes":[2.1046037E-2,5.983226E-4,6.5903645E-3,0E0,0E0,5.793317E-4,0E0,2.952671E-6,1.16014504E-4,0E0,0E0,1.6953709E-6,0E0,0E0,0E0],"parents":[2147483647,0,0,1,1,2,2,5,5,7,7,8,8,11,11],"right_children":[2,4,6,-1,-1,8,-1,10,12,-1,-1,14,-1,-1,-1],"split_conditions":[3.9585873E-1,1.99214E-1,1E0,-9.632492E-3,-2.3141862E-3,6.0550207E-1,6.846619E-3,5.0031483E-1,9.156613E-1,-1.1201858E-3,-2.887726E-4,7.028597E-1,1.4440537E-3,7.90596E-5,3.5629273E-4],"split_indices":[0,0,0,0,0,0,0,0,0,0,0,0,0,0,0],"split_type":[0,0,0,0,0,0,0,0,0,0,0,0,0,0,0],"sum_hessian":[9E0,2E0,7E0,1E0,1E0,6E0,1E0,2E0,4E0,1E0,1E0,3E0,1E0,1E0,2E0],"tree_param":{"num_deleted":"0","num_feature":"2","num_nodes":"15","size_leaf_vector":"1"}},{"base_weights":[-8.4757805E-3,-7.566229E-2,1.7778635E-2,-9.150863E-3,-2.1984817E-3,1.7348698E-3,6.5042498E-3,-8.923848E-3,7.783127E-3,-1.0642052E-3,-2.743721E-4,2.8700829E-3,1.3717652E-3,7.514954E-5,3.3257803E-4],"categories":[],"categories_nodes":[],"categories_segments":[],"categories_sizes":[],"default_left":[0,0,0,0,0,0,0,0,0,0,0,0,0,0,0],"id":92,"left_children":[1,3,5,-1,-1,7,-1,9,11,-1,-1,13,-1,-1,-1],"loss_changes":[1.8984599E-2,5.399734E-4,5.9534824E-3,0E0,0E0,5.2072207E-4,0E0,2.6573252E-6,1.064121E-4,0E0,0E0,1.3624303E-6,0E0,0E0,0E0],"parents":[2147483647,0,0,1,1,2,2,5,5,7,7,8,8,11,11],"right_children":[2,4,6,-1,-1,8,-1,10,12,-1,-1,14,-1,-1,-1],"split_conditions":[3.9585873E-1,1.99214E-1,1E0,-9.150863E-3,-2.1984817E-3,6.0550207E-1,6.5042498E-3,5.0031483E-1,9.156613E-1,-1.0642052E-3,-2.743721E-4,7.028597E-1,1.3717652E-3,7.514954E-5,3.3257803E-4],"split_indices":[0,0,0,0,0,0,0,0,0,0,0,0,0,0,0],"split_type":[0,0,0,0,0,0,0,0,0,0,0,0,0,0,0],"sum_hessian":[9E0,2E0,7E0,1E0,1E0,6E0,1E0,2E0,4E0,1E0,1E0,3E0,1E0,1E0,2E0],"tree_param":{"num_deleted":"0","num_feature":"2","num_nodes":"15","size_leaf_vector":"1"}},{"base_weights":[-8.06849E-3,-7.187915E-2,1.6869068E-2,-8.693325E-3,-2.0885468E-3,1.6245161E-3,6.179047E-3,-8.477529E-3,7.3608398E-3,-1.0109901E-3,-2.606392E-4,2.6855469E-3,1.3031006E-3,7.143021E-5,3.1045277E-4],"categories":[],"categories_nodes":[],"categories_segments":[],"categories_sizes":[],"default_left":[0,0,0,0,0,0,0,0,0,0,0,0,0,0,0],"id":93,"left_children":[1,3,5,-1,-1,7,-1,9,11,-1,-1,13,-1,-1,-1],"loss_changes":[1.7125355E-2,4.8735086E-4,5.378073E-3,0E0,0E0,4.6804192E-4,0E0,2.4012843E-6,9.755307E-5,0E0,0E0,1.086084E-6,0E0,0E0,0E0],"parents":[2147483647,0,0,1,1,2,2,5,5,7,7,8,8,11,11],"right_children":[2,4,6,-1,-1,8,-1,10,12,-1,-1,14,-1,-1,-1],"split_conditions":[3.9585873E-1,1.99214E-1,1E0,-8.693325E-3,-2.0885468E-3,6.0550207E-1,6.179047E-3,5.0031483E-1,9.156613E-1,-1.0109901E-3,-2.606392E-4,7.028597E-1,1.3031006E-3,7.143021E-5,3.1045277E-4],"split_indices":[0,0,0,0,0,0,0,0,0,0,0,0,0,0,0],"split_type":[0,0,0,0,0,0,0,0,0,0,0,0,0,0,0],"sum_hessian":[9E0,2E0,7E0,1E0,1E0,6E0,1E0,2E0,4E0,1E0,1E0,3E0,1E0,1E0,2E0],"tree_param":{"num_deleted":"0","num_feature":"2","num_nodes":"15","size_leaf_vector":"1"}},{"base_weights":[-7.680583E-3,-6.828523E-2,1.6006231E-2,-8.258665E-3,-1.9841194E-3,1.5212467E-3,5.8700563E-3,-8.053462E-3,6.9618225E-3,-9.6044544E-4,-2.4757386E-4,2.5129318E-4,1.2378693E-3],"categories":[],"categories_nodes":[],"categories_segments":[],"categories_sizes":[],"default_left":[0,0,0,0,0,0,0,0,0,0,0,0,0],"id":94,"left_children":[1,3,5,-1,-1,7,-1,9,11,-1,-1,-1,-1],"loss_changes":[1.5448299E-2,4.3983664E-4,4.8581157E-3,0E0,0E0,4.2071028E-4,0E0,2.1748856E-6,8.93885E-5,0E0,0E0,0E0,0E0],"parents":[2147483647,0,0,1,1,2,2,5,5,7,7,8,8],"right_children":[2,4,6,-1,-1,8,-1,10,12,-1,-1,-1,-1],"split_conditions":[3.9585873E-1,1.99214E-1,1E0,-8.258665E-3,-1.9841194E-3,6.0550207E-1,5.8700563E-3,5.0031483E-1,9.156613E-1,-9.6044544E-4,-2.4757386E-4,2.5129318E-4,1.2378693E-3],"split_indices":[0,0,0,0,0,0,0,0,0,0,0,0,0],"split_type":[0,0,0,0,0,0,0,0,0,0,0,0,0],"sum_hessian":[9E0,2E0,7E0,1E0,1E0,6E0,1E0,2E0,4E0,1E0,1E0,3E0,1E0],"tree_param":{"num_deleted":"0","num_feature":"2","num_nodes":"13","size_leaf_vector":"1"}},{"base_weights":[-7.3219775E-3,-6.487099E-2,1.51741505E-2,-7.845736E-3,-1.8849134E-3,1.4089857E-3,5.576515E-3,-7.6503754E-3,6.5628053E-3,-9.1238023E-4,-2.3517609E-4,2.3241043E-3,1.1758804E-3,5.531311E-5,2.730052E-4],"categories":[],"categories_nodes":[],"categories_segments":[],"categories_sizes":[],"default_left":[0,0,0,0,0,0,0,0,0,0,0,0,0,0,0],"id":95,"left_children":[1,3,5,-1,-1,7,-1,9,11,-1,-1,13,-1,-1,-1],"loss_changes":[1.3930662E-2,3.9695576E-4,4.3913624E-3,0E0,0E0,3.7704012E-4,0E0,1.9643485E-6,8.279274E-5,0E0,0E0,1.3656118E-6,0E0,0E0,0E0],"parents":[2147483647,0,0,1,1,2,2,5,5,7,7,8,8,11,11],"right_children":[2,4,6,-1,-1,8,-1,10,12,-1,-1,14,-1,-1,-1],"split_conditions":[3.9585873E-1,1.99214E-1,1E0,-7.845736E-3,-1.8849134E-3,6.0550207E-1,5.576515E-3,5.0031483E-1,9.156613E-1,-9.1238023E-4,-2.3517609E-4,7.028597E-1,1.1758804E-3,5.531311E-5,2.730052E-4],"split_indices":[0,0,0,0,0,0,0,0,0,0,0,0,0,0,0],"split_type":[0,0,0,0,0,0,0,0,0,0,0,0,0,0,0],"sum_hessian":[9E0,2E0,7E0,1E0,1E0,6E0,1E0,2E0,4E0,1E0,1E0,3E0,1E0,1E0,2E0],"tree_param":{"num_deleted":"0","num_feature":"2","num_nodes":"15","size_leaf_vector":"1"}},{"base_weights":[-6.969762E-3,-6.1627466E-2,1.4398098E-2,-7.4534537E-3,-1.7906666E-3,1.3187954E-3,5.297661E-3,-7.26827E-3,6.207275E-3,-8.667946E-4,-2.234459E-4,2.1734238E-3,1.1171341E-3,5.2547457E-5,2.547582E-4],"categories":[],"categories_nodes":[],"categories_segments":[],"categories_sizes":[],"default_left":[0,0,0,0,0,0,0,0,0,0,0,0,0,0,0],"id":96,"left_children":[1,3,5,-1,-1,7,-1,9,11,-1,-1,13,-1,-1,-1],"loss_changes":[1.2566499E-2,3.5825744E-4,3.966775E-3,0E0,0E0,3.3896003E-4,0E0,1.7689454E-6,7.584145E-5,0E0,0E0,1.1276861E-6,0E0,0E0,0E0],"parents":[2147483647,0,0,1,1,2,2,5,5,7,7,8,8,11,11],"right_children":[2,4,6,-1,-1,8,-1,10,12,-1,-1,14,-1,-1,-1],"split_conditions":[3.9585873E-1,1.99214E-1,1E0,-7.4534537E-3,-1.7906666E-3,6.0550207E-1,5.297661E-3,5.0031483E-1,9.156613E-1,-8.667946E-4,-2.234459E-4,7.028597E-1,1.1171341E-3,5.2547457E-5,2.547582E-4],"split_indices":[0,0,0,0,0,0,0,0,0,0,0,0,0,0,0],"split_type":[0,0,0,0,0,0,0,0,0,0,0,0,0,0,0],"sum_hessian":[9E0,2E0,7E0,1E0,1E0,6E0,1E0,2E0,4E0,1E0,1E0,3E0,1E0,1E0,2E0],"tree_param":{"num_deleted":"0","num_feature":"2","num_nodes":"15","size_leaf_vector":"1"}},{"base_weights":[-6.6345455E-3,-5.8546145E-2,1.3661623E-2,-7.0807817E-3,-1.7011404E-3,1.2340546E-3,5.0327303E-3,-6.9052377E-3,5.870819E-3,-8.234978E-4,-2.1228791E-4,2.03228E-4,1.0612488E-3],"categories":[],"categories_nodes":[],"categories_segments":[],"categories_sizes":[],"default_left":[0,0,0,0,0,0,0,0,0,0,0,0,0],"id":97,"left_children":[1,3,5,-1,-1,7,-1,9,11,-1,-1,-1,-1],"loss_changes":[1.1335901E-2,3.2331608E-4,3.5832152E-3,0E0,0E0,3.047193E-4,0E0,1.596025E-6,6.9437854E-5,0E0,0E0,0E0,0E0],"parents":[2147483647,0,0,1,1,2,2,5,5,7,7,8,8],"right_children":[2,4,6,-1,-1,8,-1,10,12,-1,-1,-1,-1],"split_conditions":[3.9585873E-1,1.99214E-1,1E0,-7.0807817E-3,-1.7011404E-3,6.0550207E-1,5.0327303E-3,5.0031483E-1,9.156613E-1,-8.234978E-4,-2.1228791E-4,2.03228E-4,1.0612488E-3],"split_indices":[0,0,0,0,0,0,0,0,0,0,0,0,0],"split_type":[0,0,0,0,0,0,0,0,0,0,0,0,0],"sum_hessian":[9E0,2E0,7E0,1E0,1E0,6E0,1E0,2E0,4E0,1E0,1E0,3E0,1E0],"tree_param":{"num_deleted":"0","num_feature":"2","num_nodes":"13","size_leaf_vector":"1"}},{"base_weights":[-6.3230037E-3,-5.5618763E-2,1.2953281E-2,-6.726742E-3,-1.6160727E-3,1.1433193E-3,4.7811507E-3,-6.5600076E-3,5.5366517E-3,-7.8229903E-4,-2.0170212E-4,7.324219E-5,8.4953307E-4],"categories":[],"categories_nodes":[],"categories_segments":[],"categories_sizes":[],"default_left":[0,0,0,0,0,0,0,0,0,0,0,0,0],"id":98,"left_children":[1,3,5,-1,-1,7,-1,9,11,-1,-1,-1,-1],"loss_changes":[1.0222836E-2,2.9180944E-4,3.238731E-3,0E0,0E0,2.732234E-4,0E0,1.4340039E-6,6.4848704E-5,0E0,0E0,0E0,0E0],"parents":[2147483647,0,0,1,1,2,2,5,5,7,7,8,8],"right_children":[2,4,6,-1,-1,8,-1,10,12,-1,-1,-1,-1],"split_conditions":[3.9585873E-1,1.99214E-1,1E0,-6.726742E-3,-1.6160727E-3,6.0550207E-1,4.7811507E-3,5.0031483E-1,8.092859E-1,-7.8229903E-4,-2.0170212E-4,7.324219E-5,8.4953307E-4],"split_indices":[0,0,0,0,0,0,0,0,0,0,0,0,0],"split_type":[0,0,0,0,0,0,0,0,0,0,0,0,0],"sum_hessian":[9E0,2E0,7E0,1E0,1E0,6E0,1E0,2E0,4E0,1E0,1E0,2E0,2E0],"tree_param":{"num_deleted":"0","num_feature":"2","num_nodes":"13","size_leaf_vector":"1"}},{"base_weights":[-6.0529234E-3,-5.283785E-2,1.2248039E-2,-6.390405E-3,-1.5352726E-3,1.020159E-3,4.5421603E-3,-6.2319436E-3,5.167389E-3,-7.431984E-4,-1.9159318E-4,1.6307831E-4,9.6569065E-4],"categories":[],"categories_nodes":[],"categories_segments":[],"categories_sizes":[],"default_left":[0,0,0,0,0,0,0,0,0,0,0,0,0],"id":99,"left_children":[1,3,5,-1,-1,7,-1,9,11,-1,-1,-1,-1],"loss_changes":[9.209253E-3,2.6335102E-4,2.9334133E-3,0E0,0E0,2.4273584E-4,0E0,1.2989913E-6,6.3639935E-5,0E0,0E0,0E0,0E0],"parents":[2147483647,0,0,1,1,2,2,5,5,7,7,8,8],"right_children":[2,4,6,-1,-1,8,-1,10,12,-1,-1,-1,-1],"split_conditions":[3.9585873E-1,1.99214E-1,1E0,-6.390405E-3,-1.5352726E-3,6.0550207E-1,4.5421603E-3,5.0031483E-1,9.156613E-1,-7.431984E-4,-1.9159318E-4,1.6307831E-4,9.6569065E-4],"split_indices":[0,0,0,0,0,0,0,0,0,0,0,0,0],"split_type":[0,0,0,0,0,0,0,0,0,0,0,0,0],"sum_hessian":[9E0,2E0,7E0,1E0,1E0,6E0,1E0,2E0,4E0,1E0,1E0,3E0,1E0],"tree_param":{"num_deleted":"0","num_feature":"2","num_nodes":"13","size_leaf_vector":"1"}}]},"name":"gbtree"},"learner_model_param":{"base_score":"2.4855555E1","boost_from_average":"1","num_class":"0","num_feature":"2","num_target":"1"},"objective":{"name":"reg:squarederror","reg_loss_param":{"scale_pos_weight":"1"}}},"version":[2,0,1]}