{"package": {"All_Weights": {"Bias_Weight": 168.42065820231448, "Categorical_Variables": {}, "Numerical_Variables": {"bpf_cpu_time_us": {"mean": 5608.400902868793, "variance": 29661131.240907874, "weight": 3.4926808276947314}, "cache_miss": {"mean": 11772187.522252472, "variance": 409151166293758.44, "weight": 26.09794700542588}, "cgroupfs_cpu_usage_us": {"mean": 1080538.090723751, "variance": 129154197094126.67, "weight": -0.22847516923450528}, "cgroupfs_memory_usage_bytes": {"mean": 98691.1128585991, "variance": 557223414532.787, "weight": 0.9998569233359794}, "cgroupfs_system_cpu_usage_us": {"mean": 251370.65487112277, "variance": 6987370354187.755, "weight": -0.2394942338713118}, "cgroupfs_user_cpu_usage_us": {"mean": 829167.4355613805, "variance": 76060314812705.55, "weight": -0.2251314429973003}, "cpu_cycles": {"mean": 10958623148.504377, "variance": 1.3653973085887105e+20, "weight": 92.7756687734345}, "cpu_instructions": {"mean": 0.0, "variance": 0.0, "weight": 0.0}, "kubelet_cpu_usage": {"mean": 7.212174166302607, "variance": 420.0275514159066, "weight": 0.7738679849651506}, "kubelet_memory_bytes": {"mean": 22912587.379641764, "variance": 1.1963713956742662e+17, "weight": -0.6677110193042913}}}}, "core": {"All_Weights": {"Bias_Weight": 0.0, "Categorical_Variables": {}, "Numerical_Variables": {"bpf_cpu_time_us": {"mean": 5608.400902868793, "variance": 29661131.240907874, "weight": 0.0}, "cache_miss": {"mean": 11772187.522252472, "variance": 409151166293758.44, "weight": 0.0}, "cgroupfs_cpu_usage_us": {"mean": 1080538.090723751, "variance": 129154197094126.67, "weight": 0.0}, "cgroupfs_memory_usage_bytes": {"mean": 98691.1128585991, "variance": 557223414532.787, "weight": 0.0}, "cgroupfs_system_cpu_usage_us": {"mean": 251370.65487112277, "variance": 6987370354187.755, "weight": 0.0}, "cgroupfs_user_cpu_usage_us": {"mean": 829167.4355613805, "variance": 76060314812705.55, "weight": 0.0}, "cpu_cycles": {"mean": 10958623148.504377, "variance": 1.3653973085887105e+20, "weight": 0.0}, "cpu_instructions": {"mean": 0.0, "variance": 0.0, "weight": 0.0}, "kubelet_cpu_usage": {"mean": 7.212174166302607, "variance": 420.0275514159066, "weight": 0.0}, "kubelet_memory_bytes": {"mean": 22912587.379641764, "variance": 1.1963713956742662e+17, "weight": 0.0}}}}, "uncore": {"All_Weights": {"Bias_Weight": 0.0, "Categorical_Variables": {}, "Numerical_Variables": {"bpf_cpu_time_us": {"mean": 5608.400902868793, "variance": 29661131.240907874, "weight": 0.0}, "cache_miss": {"mean": 11772187.522252472, "variance": 409151166293758.44, "weight": 0.0}, "cgroupfs_cpu_usage_us": {"mean": 1080538.090723751, "variance": 129154197094126.67, "weight": 0.0}, "cgroupfs_memory_usage_bytes": {"mean": 98691.1128585991, "variance": 557223414532.787, "weight": 0.0}, "cgroupfs_system_cpu_usage_us": {"mean": 251370.65487112277, "variance": 6987370354187.755, "weight": 0.0}, "cgroupfs_user_cpu_usage_us": {"mean": 829167.4355613805, "variance": 76060314812705.55, "weight": 0.0}, "cpu_cycles": {"mean": 10958623148.504377, "variance": 1.3653973085887105e+20, "weight": 0.0}, "cpu_instructions": {"mean": 0.0, "variance": 0.0, "weight": 0.0}, "kubelet_cpu_usage": {"mean": 7.212174166302607, "variance": 420.0275514159066, "weight": 0.0}, "kubelet_memory_bytes": {"mean": 22912587.379641764, "variance": 1.1963713956742662e+17, "weight": 0.0}}}}, "dram": {"All_Weights": {"Bias_Weight": 78.28642752803637, "Categorical_Variables": {}, "Numerical_Variables": {"bpf_cpu_time_us": {"mean": 5608.400902868793, "variance": 29661131.240907874, "weight": 5.711263516286259}, "cache_miss": {"mean": 11772187.522252472, "variance": 409151166293758.44, "weight": 15.262320930152441}, "cgroupfs_cpu_usage_us": {"mean": 1080538.090723751, "variance": 129154197094126.67, "weight": 0.6803405413701338}, "cgroupfs_memory_usage_bytes": {"mean": 98691.1128585991, "variance": 557223414532.787, "weight": -2.097593794017802}, "cgroupfs_system_cpu_usage_us": {"mean": 251370.65487112277, "variance": 6987370354187.755, "weight": 0.6217645565176319}, "cgroupfs_user_cpu_usage_us": {"mean": 829167.4355613805, "variance": 76060314812705.55, "weight": 0.6980937166599651}, "cpu_cycles": {"mean": 10958623148.504377, "variance": 1.3653973085887105e+20, "weight": -3.3910737273558045}, "cpu_instructions": {"mean": 0.0, "variance": 0.0, "weight": 0.0}, "kubelet_cpu_usage": {"mean": 7.212174166302607, "variance": 420.0275514159066, "weight": 0.33817925298546353}, "kubelet_memory_bytes": {"mean": 22912587.379641764, "variance": 1.1963713956742662e+17, "weight": 0.4382197300603125}}}}}