{"model_name": "LinearRegressionTrainer_0", "trainer": "LinearRegressionTrainer", "model_class": "scikit", "model_file": "LinearRegressionTrainer_0.json", "features": ["bpf_cpu_time_ms", "bpf_page_cache_hit"], "fe_files": [], "output_type": "AbsPower", "mae": 7.26, "mape": -1, "node_type": 0, "machine_spec": {"processor": "11th_gen_intel_core", "cores": 8, "chips": 1, "memory": 31, "frequency": 4800}, "package_mae": 7.26, "core_mae": 4.89, "uncore_mae": 1.29, "dram_mae": 0.0, "package_mape": 42.06, "core_mape": 56.37, "uncore_mape": 18709.76, "dram_mape": -1}