{"learner":{"attributes":{"scikit_learn":"{\"_estimator_type\": \"regressor\"}"},"feature_names":[],"feature_types":[],"gradient_booster":{"model":{"gbtree_model_param":{"num_parallel_tree":"1","num_trees":"100"},"iteration_indptr":[0,1,2,3,4,5,6,7,8,9,10,11,12,13,14,15,16,17,18,19,20,21,22,23,24,25,26,27,28,29,30,31,32,33,34,35,36,37,38,39,40,41,42,43,44,45,46,47,48,49,50,51,52,53,54,55,56,57,58,59,60,61,62,63,64,65,66,67,68,69,70,71,72,73,74,75,76,77,78,79,80,81,82,83,84,85,86,87,88,89,90,91,92,93,94,95,96,97,98,99,100],"tree_info":[0,0,0,0,0,0,0,0,0,0,0,0,0,0,0,0,0,0,0,0,0,0,0,0,0,0,0,0,0,0,0,0,0,0,0,0,0,0,0,0,0,0,0,0,0,0,0,0,0,0,0,0,0,0,0,0,0,0,0,0,0,0,0,0,0,0,0,0,0,0,0,0,0,0,0,0,0,0,0,0,0,0,0,0,0,0,0,0,0,0,0,0,0,0,0,0,0,0,0,0],"trees":[{"base_weights":[-3.0517579E-6,-3.892593E1,4.671111E1,-4.4088893E0,-6.555557E-1,4.9444428E-1,5.5916667E0],"categories":[],"categories_nodes":[],"categories_segments":[],"categories_sizes":[],"default_left":[0,0,0,0,0,0,0],"id":0,"left_children":[1,3,5,-1,-1,-1,-1],"loss_changes":[2.0001008E4,7.137334E2,1.6459502E3,0E0,0E0,0E0,0E0],"parents":[2147483647,0,0,1,1,2,2],"right_children":[2,4,6,-1,-1,-1,-1],"split_conditions":[6.1272323E-1,5.072545E-1,8.0405504E-1,-4.4088893E0,-6.555557E-1,4.9444428E-1,5.5916667E0],"split_indices":[0,0,0,0,0,0,0],"split_type":[0,0,0,0,0,0,0],"sum_hessian":[9E0,5E0,4E0,4E0,1E0,1E0,3E0],"tree_param":{"num_deleted":"0","num_feature":"2","num_nodes":"7","size_leaf_vector":"1"}},{"base_weights":[1.0215454E-1,-3.5877422E1,4.3257214E1,-4.056179E0,-6.2277836E-1,4.69722E-1,5.172291E0],"categories":[],"categories_nodes":[],"categories_segments":[],"categories_sizes":[],"default_left":[0,0,0,0,0,0,0],"id":1,"left_children":[1,3,5,-1,-1,-1,-1],"loss_changes":[1.7078965E4,5.80729E2,1.3892324E3,0E0,0E0,0E0,0E0],"parents":[2147483647,0,0,1,1,2,2],"right_children":[2,4,6,-1,-1,-1,-1],"split_conditions":[6.1272323E-1,5.072545E-1,8.0405504E-1,-4.056179E0,-6.2277836E-1,4.69722E-1,5.172291E0],"split_indices":[0,0,0,0,0,0,0],"split_type":[0,0,0,0,0,0,0],"sum_hessian":[9E0,5E0,4E0,4E0,1E0,1E0,3E0],"tree_param":{"num_deleted":"0","num_feature":"2","num_nodes":"7","size_leaf_vector":"1"}},{"base_weights":[1.8824157E-1,-3.3069504E1,4.0059887E1,-4.0984545E0,-1.1492951E0,4.4623566E-1,4.784368E0],"categories":[],"categories_nodes":[],"categories_segments":[],"categories_sizes":[],"default_left":[0,0,0,0,0,0,0],"id":2,"left_children":[1,3,5,-1,-1,-1,-1],"loss_changes":[1.4585171E4,5.536421E2,1.1719238E3,0E0,0E0,0E0,0E0],"parents":[2147483647,0,0,1,1,2,2],"right_children":[2,4,6,-1,-1,-1,-1],"split_conditions":[6.1272323E-1,4.0725446E-1,8.0405504E-1,-4.0984545E0,-1.1492951E0,4.4623566E-1,4.784368E0],"split_indices":[0,0,0,0,0,0,0],"split_type":[0,0,0,0,0,0,0],"sum_hessian":[9E0,5E0,4E0,3E0,2E0,1E0,3E0],"tree_param":{"num_deleted":"0","num_feature":"2","num_nodes":"7","size_leaf_vector":"1"}},{"base_weights":[1.6770324E-1,-3.0637182E1,3.7100025E1,-3.7910707E0,-1.0726756E0,4.2392427E-1,4.425541E0],"categories":[],"categories_nodes":[],"categories_segments":[],"categories_sizes":[],"default_left":[0,0,0,0,0,0,0],"id":3,"left_children":[1,3,5,-1,-1,-1,-1],"loss_changes":[1.25136E4,4.622544E2,9.8804785E2,0E0,0E0,0E0,0E0],"parents":[2147483647,0,0,1,1,2,2],"right_children":[2,4,6,-1,-1,-1,-1],"split_conditions":[6.1272323E-1,4.0725446E-1,8.0405504E-1,-3.7910707E0,-1.0726756E0,4.2392427E-1,4.425541E0],"split_indices":[0,0,0,0,0,0,0],"split_type":[0,0,0,0,0,0,0],"sum_hessian":[9E0,5E0,4E0,3E0,2E0,1E0,3E0],"tree_param":{"num_deleted":"0","num_feature":"2","num_nodes":"7","size_leaf_vector":"1"}},{"base_weights":[1.4950562E-1,-2.8384089E1,3.4359917E1,-3.5067399E0,-1.0011648E0,4.027283E-1,4.0936255E0],"categories":[],"categories_nodes":[],"categories_segments":[],"categories_sizes":[],"default_left":[0,0,0,0,0,0,0],"id":4,"left_children":[1,3,5,-1,-1,-1,-1],"loss_changes":[1.0736735E4,3.856499E2,8.3252637E2,0E0,0E0,0E0,0E0],"parents":[2147483647,0,0,1,1,2,2],"right_children":[2,4,6,-1,-1,-1,-1],"split_conditions":[6.1272323E-1,4.0725446E-1,8.0405504E-1,-3.5067399E0,-1.0011648E0,4.027283E-1,4.0936255E0],"split_indices":[0,0,0,0,0,0,0],"split_type":[0,0,0,0,0,0,0],"sum_hessian":[9E0,5E0,4E0,3E0,2E0,1E0,3E0],"tree_param":{"num_deleted":"0","num_feature":"2","num_nodes":"7","size_leaf_vector":"1"}},{"base_weights":[1.3339844E-1,-2.6296997E1,3.1823193E1,-2.9834461E0,-4.3048403E-1,3.8259125E-1,3.7866037E0],"categories":[],"categories_nodes":[],"categories_segments":[],"categories_sizes":[],"default_left":[0,0,0,0,0,0,0],"id":5,"left_children":[1,3,5,-1,-1,-1,-1],"loss_changes":[9.212593E3,3.383462E2,7.0104395E2,0E0,0E0,0E0,0E0],"parents":[2147483647,0,0,1,1,2,2],"right_children":[2,4,6,-1,-1,-1,-1],"split_conditions":[6.1272323E-1,5.072545E-1,8.0405504E-1,-2.9834461E0,-4.3048403E-1,3.8259125E-1,3.7866037E0],"split_indices":[0,0,0,0,0,0,0],"split_type":[0,0,0,0,0,0,0],"sum_hessian":[9E0,5E0,4E0,4E0,1E0,1E0,3E0],"tree_param":{"num_deleted":"0","num_feature":"2","num_nodes":"7","size_leaf_vector":"1"}},{"base_weights":[1.9559327E-1,-2.4236277E1,2.947472E1,-3.0199745E0,-8.2062274E-1,3.6346132E-1,3.5026093E0],"categories":[],"categories_nodes":[],"categories_segments":[],"categories_sizes":[],"default_left":[0,0,0,0,0,0,0],"id":6,"left_children":[1,3,5,-1,-1,-1,-1],"loss_changes":[7.867796E3,3.257422E2,5.899341E2,0E0,0E0,0E0,0E0],"parents":[2147483647,0,0,1,1,2,2],"right_children":[2,4,6,-1,-1,-1,-1],"split_conditions":[6.1272323E-1,4.0725446E-1,8.0405504E-1,-3.0199745E0,-8.2062274E-1,3.6346132E-1,3.5026093E0],"split_indices":[0,0,0,0,0,0,0],"split_type":[0,0,0,0,0,0,0],"sum_hessian":[9E0,5E0,4E0,3E0,2E0,1E0,3E0],"tree_param":{"num_deleted":"0","num_feature":"2","num_nodes":"7","size_leaf_vector":"1"}},{"base_weights":[1.7857972E-1,-2.2452744E1,2.7300451E1,-2.7934754E0,-7.659149E-1,3.452881E-1,3.2399125E0],"categories":[],"categories_nodes":[],"categories_segments":[],"categories_sizes":[],"default_left":[0,0,0,0,0,0,0],"id":7,"left_children":[1,3,5,-1,-1,-1,-1],"loss_changes":[6.751009E3,2.726355E2,4.9608423E2,0E0,0E0,0E0,0E0],"parents":[2147483647,0,0,1,1,2,2],"right_children":[2,4,6,-1,-1,-1,-1],"split_conditions":[6.1272323E-1,4.0725446E-1,8.0405504E-1,-2.7934754E0,-7.659149E-1,3.452881E-1,3.2399125E0],"split_indices":[0,0,0,0,0,0,0],"split_type":[0,0,0,0,0,0,0],"sum_hessian":[9E0,5E0,4E0,3E0,2E0,1E0,3E0],"tree_param":{"num_deleted":"0","num_feature":"2","num_nodes":"7","size_leaf_vector":"1"}},{"base_weights":[1.6331176E-1,-2.0800695E1,2.5287457E1,-2.5839639E0,-7.1485394E-1,8.284251E-1,3.386151E0],"categories":[],"categories_nodes":[],"categories_segments":[],"categories_sizes":[],"default_left":[0,0,0,0,0,0,0],"id":8,"left_children":[1,3,5,-1,-1,-1,-1],"loss_changes":[5.7930244E3,2.2803906E2,4.484148E2,0E0,0E0,0E0,0E0],"parents":[2147483647,0,0,1,1,2,2],"right_children":[2,4,6,-1,-1,-1,-1],"split_conditions":[6.1272323E-1,4.0725446E-1,9.1335565E-1,-2.5839639E0,-7.1485394E-1,8.284251E-1,3.386151E0],"split_indices":[0,0,0,0,0,0,0],"split_type":[0,0,0,0,0,0,0],"sum_hessian":[9E0,5E0,4E0,3E0,2E0,2E0,2E0],"tree_param":{"num_deleted":"0","num_feature":"2","num_nodes":"7","size_leaf_vector":"1"}},{"base_weights":[2.3855285E-1,-1.9270437E1,2.360163E1,-2.6579263E0,-8.9712065E-1,7.731964E-1,3.1604087E0],"categories":[],"categories_nodes":[],"categories_segments":[],"categories_sizes":[],"default_left":[0,0,0,0,0,0,0],"id":9,"left_children":[1,3,5,-1,-1,-1,-1],"loss_changes":[5.0127144E3,2.1320361E2,3.9062012E2,0E0,0E0,0E0,0E0],"parents":[2147483647,0,0,1,1,2,2],"right_children":[2,4,6,-1,-1,-1,-1],"split_conditions":[6.1272323E-1,2.8954613E-1,9.1335565E-1,-2.6579263E0,-8.9712065E-1,7.731964E-1,3.1604087E0],"split_indices":[0,0,0,0,0,0,0],"split_type":[0,0,0,0,0,0,0],"sum_hessian":[9E0,5E0,4E0,2E0,3E0,2E0,2E0],"tree_param":{"num_deleted":"0","num_feature":"2","num_nodes":"7","size_leaf_vector":"1"}},{"base_weights":[2.5255737E-1,-1.7935898E1,2.2028193E1,-2.4807312E0,-8.298363E0,2.4794312E-1,2.6295526E0,-9.404256E-1,-2.4903412E-1],"categories":[],"categories_nodes":[],"categories_segments":[],"categories_sizes":[],"default_left":[0,0,0,0,0,0,0,0,0],"id":10,"left_children":[1,3,5,-1,7,-1,-1,-1,-1],"loss_changes":[4.355747E3,1.9148083E2,3.5190723E2,0E0,2.2724E0,0E0,0E0,0E0,0E0],"parents":[2147483647,0,0,1,1,2,2,4,4],"right_children":[2,4,6,-1,8,-1,-1,-1,-1],"split_conditions":[6.1272323E-1,2.8954613E-1,8.0405504E-1,-2.4807312E0,5.072545E-1,2.4794312E-1,2.6295526E0,-9.404256E-1,-2.4903412E-1],"split_indices":[0,0,0,0,0,0,0,0,0],"split_type":[0,0,0,0,0,0,0,0,0],"sum_hessian":[9E0,5E0,4E0,2E0,3E0,1E0,3E0,2E0,1E0],"tree_param":{"num_deleted":"0","num_feature":"2","num_nodes":"9","size_leaf_vector":"1"}},{"base_weights":[1.4803466E-1,-1.6754004E1,2.0400873E1,-2.3153484E0,-7.765892E0,6.2573344E-1,2.774412E0,-8.777303E-1,-2.3658295E-1],"categories":[],"categories_nodes":[],"categories_segments":[],"categories_sizes":[],"default_left":[0,0,0,0,0,0,0,0,0],"id":11,"left_children":[1,3,5,-1,7,-1,-1,-1,-1],"loss_changes":[3.7649385E3,1.6530798E2,3.4569336E2,0E0,1.081131E0,0E0,0E0,0E0,0E0],"parents":[2147483647,0,0,1,1,2,2,4,4],"right_children":[2,4,6,-1,8,-1,-1,-1,-1],"split_conditions":[6.1272323E-1,2.8954613E-1,9.1335565E-1,-2.3153484E0,5.072545E-1,6.2573344E-1,2.774412E0,-8.777303E-1,-2.3658295E-1],"split_indices":[0,0,0,0,0,0,0,0,0],"split_type":[0,0,0,0,0,0,0,0,0],"sum_hessian":[9E0,5E0,4E0,2E0,3E0,2E0,2E0,2E0,1E0],"tree_param":{"num_deleted":"0","num_feature":"2","num_nodes":"9","size_leaf_vector":"1"}},{"base_weights":[1.3027343E-1,-1.5650223E1,1.9040813E1,-2.1609924E0,-7.267891E0,5.8401793E-1,2.589451E0,-8.192159E-1,-2.2475433E-1],"categories":[],"categories_nodes":[],"categories_segments":[],"categories_sizes":[],"default_left":[0,0,0,0,0,0,0,0,0],"id":12,"left_children":[1,3,5,-1,7,-1,-1,-1,-1],"loss_changes":[3.2821702E3,1.4267859E2,3.011371E2,0E0,1.483612E-1,0E0,0E0,0E0,0E0],"parents":[2147483647,0,0,1,1,2,2,4,4],"right_children":[2,4,6,-1,8,-1,-1,-1,-1],"split_conditions":[6.1272323E-1,2.8954613E-1,9.1335565E-1,-2.1609924E0,5.072545E-1,5.8401793E-1,2.589451E0,-8.192159E-1,-2.2475433E-1],"split_indices":[0,0,0,0,0,0,0,0,0],"split_type":[0,0,0,0,0,0,0,0,0],"sum_hessian":[9E0,5E0,4E0,2E0,3E0,2E0,2E0,2E0,1E0],"tree_param":{"num_deleted":"0","num_feature":"2","num_nodes":"9","size_leaf_vector":"1"}},{"base_weights":[1.1409607E-1,-1.4619365E1,1.777143E1,-2.0169272E0,-6.8020934E-1,5.4508364E-1,2.4168212E0],"categories":[],"categories_nodes":[],"categories_segments":[],"categories_sizes":[],"default_left":[0,0,0,0,0,0,0],"id":13,"left_children":[1,3,5,-1,-1,-1,-1],"loss_changes":[2.8613433E3,1.2311743E2,2.6232397E2,0E0,0E0,0E0,0E0],"parents":[2147483647,0,0,1,1,2,2],"right_children":[2,4,6,-1,-1,-1,-1],"split_conditions":[6.1272323E-1,2.8954613E-1,9.1335565E-1,-2.0169272E0,-6.8020934E-1,5.4508364E-1,2.4168212E0],"split_indices":[0,0,0,0,0,0,0],"split_type":[0,0,0,0,0,0,0],"sum_hessian":[9E0,5E0,4E0,2E0,3E0,2E0,2E0],"tree_param":{"num_deleted":"0","num_feature":"2","num_nodes":"7","size_leaf_vector":"1"}},{"base_weights":[1.291687E-1,-1.3606949E1,1.6586676E1,-1.5610316E0,-1.7950593E-1,5.0874534E0,2.2557008E0,1.4780426E-1,6.153137E-1],"categories":[],"categories_nodes":[],"categories_segments":[],"categories_sizes":[],"default_left":[0,0,0,0,0,0,0,0,0],"id":14,"left_children":[1,3,5,-1,-1,7,-1,-1,-1],"loss_changes":[2.4863167E3,1.1395972E2,2.2851306E2,0E0,0E0,2.4448776E0,0E0,0E0,0E0],"parents":[2147483647,0,0,1,1,2,2,5,5],"right_children":[2,4,6,-1,-1,8,-1,-1,-1],"split_conditions":[6.1272323E-1,5.072545E-1,9.1335565E-1,-1.5610316E0,-1.7950593E-1,8.0405504E-1,2.2557008E0,1.4780426E-1,6.153137E-1],"split_indices":[0,0,0,0,0,0,0,0,0],"split_type":[0,0,0,0,0,0,0,0,0],"sum_hessian":[9E0,5E0,4E0,4E0,1E0,2E0,2E0,1E0,1E0],"tree_param":{"num_deleted":"0","num_feature":"2","num_nodes":"9","size_leaf_vector":"1"}},{"base_weights":[2.4407959E-1,-1.0344252E1,1.8712639E0,-1.4361486E1,-2.0077515E-1,-1.7783957E0,-6.1518556E-1,-1.705307E-1,1.4041443E-1],"categories":[],"categories_nodes":[],"categories_segments":[],"categories_sizes":[],"default_left":[0,0,0,0,0,0,0,0,0],"id":15,"left_children":[1,3,-1,5,7,-1,-1,-1,-1],"loss_changes":[2.1490806E3,2.8235767E2,0E0,3.1081787E1,9.638454E0,0E0,0E0,0E0,0E0],"parents":[2147483647,0,0,1,1,3,3,4,4],"right_children":[2,4,-1,6,8,-1,-1,-1,-1],"split_conditions":[8.0405504E-1,5.072545E-1,1.8712639E0,2.8954613E-1,6.1272323E-1,-1.7783957E0,-6.1518556E-1,-1.705307E-1,1.4041443E-1],"split_indices":[0,0,0,0,0,0,0,0,0],"split_type":[0,0,0,0,0,0,0,0,0],"sum_hessian":[9E0,6E0,3E0,4E0,2E0,2E0,2E0,1E0,1E0],"tree_param":{"num_deleted":"0","num_feature":"2","num_nodes":"9","size_leaf_vector":"1"}},{"base_weights":[1.644226E-1,-1.1710063E1,1.438092E1,-1.6598358E0,-5.1163256E-1,4.1625163E-1,1.9805685E0],"categories":[],"categories_nodes":[],"categories_segments":[],"categories_sizes":[],"default_left":[0,0,0,0,0,0,0],"id":16,"left_children":[1,3,5,-1,-1,-1,-1],"loss_changes":[1.8565375E3,1.08470276E2,1.9472058E2,0E0,0E0,0E0,0E0],"parents":[2147483647,0,0,1,1,2,2],"right_children":[2,4,6,-1,-1,-1,-1],"split_conditions":[6.1272323E-1,2.8954613E-1,9.1335565E-1,-1.6598358E0,-5.1163256E-1,4.1625163E-1,1.9805685E0],"split_indices":[0,0,0,0,0,0,0],"split_type":[0,0,0,0,0,0,0],"sum_hessian":[9E0,5E0,4E0,2E0,3E0,2E0,2E0],"tree_param":{"num_deleted":"0","num_feature":"2","num_nodes":"7","size_leaf_vector":"1"}},{"base_weights":[1.7051391E-1,-9.022029E0,1.6214836E1,-1.2535474E1,-1.5894572E-1,4.701706E-1,1.8485311E0,-1.5491802E0,-5.400655E-1,-1.3642274E-1,1.1258087E-1],"categories":[],"categories_nodes":[],"categories_segments":[],"categories_sizes":[],"default_left":[0,0,0,0,0,0,0,0,0,0,0],"id":17,"left_children":[1,3,5,7,9,-1,-1,-1,-1,-1,-1],"loss_changes":[1.6211719E3,2.1598718E2,1.764856E1,2.1798462E1,6.1813316E0,0E0,0E0,0E0,0E0,0E0,0E0],"parents":[2147483647,0,0,1,1,2,2,3,3,4,4],"right_children":[2,4,6,8,10,-1,-1,-1,-1,-1,-1],"split_conditions":[8.0405504E-1,5.072545E-1,9.1335565E-1,2.8954613E-1,6.1272323E-1,4.701706E-1,1.8485311E0,-1.5491802E0,-5.400655E-1,-1.3642274E-1,1.1258087E-1],"split_indices":[0,0,0,0,0,0,0,0,0,0,0],"split_type":[0,0,0,0,0,0,0,0,0,0,0],"sum_hessian":[9E0,6E0,3E0,4E0,2E0,1E0,2E0,2E0,2E0,1E0,1E0],"tree_param":{"num_deleted":"0","num_feature":"2","num_nodes":"11","size_leaf_vector":"1"}},{"base_weights":[1.7402038E-1,-8.421697E0,1.5173019E1,-1.1699774E1,-1.5100098E-1,4.4666138E-1,1.7252951E0,-1.4459015E0,-5.040609E-1,-1.2960206E-1,1.0695191E-1],"categories":[],"categories_nodes":[],"categories_segments":[],"categories_sizes":[],"default_left":[0,0,0,0,0,0,0,0,0,0,0],"id":18,"left_children":[1,3,5,7,9,-1,-1,-1,-1,-1,-1],"loss_changes":[1.4170541E3,1.8801721E2,1.2012085E1,1.8988953E1,5.5786767E0,0E0,0E0,0E0,0E0,0E0,0E0],"parents":[2147483647,0,0,1,1,2,2,3,3,4,4],"right_children":[2,4,6,8,10,-1,-1,-1,-1,-1,-1],"split_conditions":[8.0405504E-1,5.072545E-1,9.1335565E-1,2.8954613E-1,6.1272323E-1,4.4666138E-1,1.7252951E0,-1.4459015E0,-5.040609E-1,-1.2960206E-1,1.0695191E-1],"split_indices":[0,0,0,0,0,0,0,0,0,0,0],"split_type":[0,0,0,0,0,0,0,0,0,0,0],"sum_hessian":[9E0,6E0,3E0,4E0,2E0,1E0,2E0,2E0,2E0,1E0,1E0],"tree_param":{"num_deleted":"0","num_feature":"2","num_nodes":"11","size_leaf_vector":"1"}},{"base_weights":[1.765564E-1,-7.861328E0,1.4198715E1,-1.2101868E0,-1.6554565E0,4.2432863E-1,1.6102762E0,-2.8846332E-1,1.016037E-1],"categories":[],"categories_nodes":[],"categories_segments":[],"categories_sizes":[],"default_left":[0,0,0,0,0,0,0,0,0],"id":19,"left_children":[1,3,5,-1,7,-1,-1,-1,-1],"loss_changes":[1.2387057E3,1.641796E2,7.4937744E0,0E0,1.6065845E1,0E0,0E0,0E0,0E0],"parents":[2147483647,0,0,1,1,2,2,4,4],"right_children":[2,4,6,-1,8,-1,-1,-1,-1],"split_conditions":[8.0405504E-1,4.0725446E-1,9.1335565E-1,-1.2101868E0,6.1272323E-1,4.2432863E-1,1.6102762E0,-2.8846332E-1,1.016037E-1],"split_indices":[0,0,0,0,0,0,0,0,0],"split_type":[0,0,0,0,0,0,0,0,0],"sum_hessian":[9E0,6E0,3E0,3E0,3E0,1E0,2E0,2E0,1E0],"tree_param":{"num_deleted":"0","num_feature":"2","num_nodes":"9","size_leaf_vector":"1"}},{"base_weights":[2.226532E-1,-7.274776E0,1.3287491E1,-1.2688283E0,-2.5717163E0,4.031128E-1,1.5029236E0,-3.6972656E0,9.652405E-2,-4.2050272E-1,-1.0869904E-1],"categories":[],"categories_nodes":[],"categories_segments":[],"categories_sizes":[],"default_left":[0,0,0,0,0,0,0,0,0,0,0],"id":20,"left_children":[1,3,5,-1,7,-1,-1,9,-1,-1,-1],"loss_changes":[1.0761906E3,1.4558966E2,3.9041138E0,0E0,2.3473843E1,0E0,0E0,7.307663E-1,0E0,0E0,0E0],"parents":[2147483647,0,0,1,1,2,2,4,4,7,7],"right_children":[2,4,6,-1,8,-1,-1,10,-1,-1,-1],"split_conditions":[8.0405504E-1,2.8954613E-1,9.1335565E-1,-1.2688283E0,6.1272323E-1,4.031128E-1,1.5029236E0,5.072545E-1,9.652405E-2,-4.2050272E-1,-1.0869904E-1],"split_indices":[0,0,0,0,0,0,0,0,0,0,0],"split_type":[0,0,0,0,0,0,0,0,0,0,0],"sum_hessian":[9E0,6E0,3E0,2E0,4E0,1E0,2E0,3E0,1E0,2E0,1E0],"tree_param":{"num_deleted":"0","num_feature":"2","num_nodes":"11","size_leaf_vector":"1"}},{"base_weights":[2.2084045E-1,-6.7903705E0,1.2435249E1,-1.1842397E0,-2.4010804E0,3.8295746E-1,1.4027283E0,-3.4598389E0,9.169769E-2,-3.924693E-1,-1.03263855E-1],"categories":[],"categories_nodes":[],"categories_segments":[],"categories_sizes":[],"default_left":[0,0,0,0,0,0,0,0,0,0,0],"id":21,"left_children":[1,3,5,-1,7,-1,-1,9,-1,-1,-1],"loss_changes":[9.408179E2,1.2678909E2,1.0836182E0,0E0,2.07377E1,0E0,0E0,4.6038437E-1,0E0,0E0,0E0],"parents":[2147483647,0,0,1,1,2,2,4,4,7,7],"right_children":[2,4,6,-1,8,-1,-1,10,-1,-1,-1],"split_conditions":[8.0405504E-1,2.8954613E-1,9.1335565E-1,-1.1842397E0,6.1272323E-1,3.8295746E-1,1.4027283E0,5.072545E-1,9.169769E-2,-3.924693E-1,-1.03263855E-1],"split_indices":[0,0,0,0,0,0,0,0,0,0,0],"split_type":[0,0,0,0,0,0,0,0,0,0,0],"sum_hessian":[9E0,6E0,3E0,2E0,4E0,1E0,2E0,3E0,1E0,2E0,1E0],"tree_param":{"num_deleted":"0","num_feature":"2","num_nodes":"11","size_leaf_vector":"1"}},{"base_weights":[2.184906E-1,-6.338235E0,1.1638138E0,-1.1052908E0,-2.2417846E0,-3.237793E0,8.711243E-2,-3.6630556E-1,-9.810028E-2],"categories":[],"categories_nodes":[],"categories_segments":[],"categories_sizes":[],"default_left":[0,0,0,0,0,0,0,0,0],"id":22,"left_children":[1,3,-1,-1,5,7,-1,-1,-1],"loss_changes":[8.225202E2,1.1041571E2,0E0,0E0,1.8322935E1,2.4544525E-1,0E0,0E0,0E0],"parents":[2147483647,0,0,1,1,4,4,5,5],"right_children":[2,4,-1,-1,6,8,-1,-1,-1],"split_conditions":[8.0405504E-1,2.8954613E-1,1.1638138E0,-1.1052908E0,6.1272323E-1,5.072545E-1,8.711243E-2,-3.6630556E-1,-9.810028E-2],"split_indices":[0,0,0,0,0,0,0,0,0],"split_type":[0,0,0,0,0,0,0,0,0],"sum_hessian":[9E0,6E0,3E0,2E0,4E0,3E0,1E0,2E0,1E0],"tree_param":{"num_deleted":"0","num_feature":"2","num_nodes":"9","size_leaf_vector":"1"}},{"base_weights":[1.647644E-1,-7.1781006E0,8.94325E0,-1.0316051E0,-3.0301132E0,2.5891724E-1,1.2316244E0,-3.418854E-1,-9.319458E-2],"categories":[],"categories_nodes":[],"categories_segments":[],"categories_sizes":[],"default_left":[0,0,0,0,0,0,0,0,0],"id":23,"left_children":[1,3,5,-1,7,-1,-1,-1,-1],"loss_changes":[7.0878784E2,4.6838226E1,7.527246E1,0E0,7.63855E-2,0E0,0E0,0E0,0E0],"parents":[2147483647,0,0,1,1,2,2,4,4],"right_children":[2,4,6,-1,8,-1,-1,-1,-1],"split_conditions":[6.1272323E-1,2.8954613E-1,9.1335565E-1,-1.0316051E0,5.072545E-1,2.5891724E-1,1.2316244E0,-3.418854E-1,-9.319458E-2],"split_indices":[0,0,0,0,0,0,0,0,0],"split_type":[0,0,0,0,0,0,0,0,0],"sum_hessian":[9E0,5E0,4E0,2E0,3E0,2E0,2E0,2E0,1E0],"tree_param":{"num_deleted":"0","num_feature":"2","num_nodes":"9","size_leaf_vector":"1"}},{"base_weights":[1.5067443E-1,-5.547455E0,1.0084732E1,-9.628316E-1,-1.989447E0,2.9267272E-1,1.1495159E0,-2.835869E-1,6.9812015E-2],"categories":[],"categories_nodes":[],"categories_segments":[],"categories_sizes":[],"default_left":[0,0,0,0,0,0,0,0,0],"id":24,"left_children":[1,3,5,-1,7,-1,-1,-1,-1],"loss_changes":[6.22E2,8.248314E1,6.7401733E0,0E0,1.3353855E1,0E0,0E0,0E0,0E0],"parents":[2147483647,0,0,1,1,2,2,4,4],"right_children":[2,4,6,-1,8,-1,-1,-1,-1],"split_conditions":[8.0405504E-1,2.8954613E-1,9.1335565E-1,-9.628316E-1,6.1272323E-1,2.9267272E-1,1.1495159E0,-2.835869E-1,6.9812015E-2],"split_indices":[0,0,0,0,0,0,0,0,0],"split_type":[0,0,0,0,0,0,0,0,0],"sum_hessian":[9E0,6E0,3E0,2E0,4E0,1E0,2E0,3E0,1E0],"tree_param":{"num_deleted":"0","num_feature":"2","num_nodes":"9","size_leaf_vector":"1"}},{"base_weights":[1.6217041E-1,-5.160793E0,9.436813E0,-8.98643E-1,-1.833252E0,2.7803954E-1,1.072882E0,-2.623169E0,6.63208E-2,-3.0018616E-1,-7.435455E-2],"categories":[],"categories_nodes":[],"categories_segments":[],"categories_sizes":[],"default_left":[0,0,0,0,0,0,0,0,0,0,0],"id":25,"left_children":[1,3,5,-1,7,-1,-1,9,-1,-1,-1],"loss_changes":[5.4238727E2,7.263536E1,4.570221E0,0E0,1.1599688E1,0E0,0E0,6.1517715E-1,0E0,0E0,0E0],"parents":[2147483647,0,0,1,1,2,2,4,4,7,7],"right_children":[2,4,6,-1,8,-1,-1,10,-1,-1,-1],"split_conditions":[8.0405504E-1,2.8954613E-1,9.1335565E-1,-8.98643E-1,6.1272323E-1,2.7803954E-1,1.072882E0,5.072545E-1,6.63208E-2,-3.0018616E-1,-7.435455E-2],"split_indices":[0,0,0,0,0,0,0,0,0,0,0],"split_type":[0,0,0,0,0,0,0,0,0,0,0],"sum_hessian":[9E0,6E0,3E0,2E0,4E0,1E0,2E0,3E0,1E0,2E0,1E0],"tree_param":{"num_deleted":"0","num_feature":"2","num_nodes":"11","size_leaf_vector":"1"}},{"base_weights":[1.6035767E-1,-4.817126E0,8.830864E0,-8.38734E-1,-1.7115723E0,2.6413727E-1,1.001357E0,-2.4544907E0,6.300507E-2,-2.8017375E-1,-7.063752E-2],"categories":[],"categories_nodes":[],"categories_segments":[],"categories_sizes":[],"default_left":[0,0,0,0,0,0,0,0,0,0,0],"id":26,"left_children":[1,3,5,-1,7,-1,-1,9,-1,-1,-1],"loss_changes":[4.741124E2,6.325688E1,2.8318176E0,0E0,1.0244627E1,0E0,0E0,4.4903564E-1,0E0,0E0,0E0],"parents":[2147483647,0,0,1,1,2,2,4,4,7,7],"right_children":[2,4,6,-1,8,-1,-1,10,-1,-1,-1],"split_conditions":[8.0405504E-1,2.8954613E-1,9.1335565E-1,-8.38734E-1,6.1272323E-1,2.6413727E-1,1.001357E0,5.072545E-1,6.300507E-2,-2.8017375E-1,-7.063752E-2],"split_indices":[0,0,0,0,0,0,0,0,0,0,0],"split_type":[0,0,0,0,0,0,0,0,0,0,0],"sum_hessian":[9E0,6E0,3E0,2E0,4E0,1E0,2E0,3E0,1E0,2E0,1E0],"tree_param":{"num_deleted":"0","num_feature":"2","num_nodes":"11","size_leaf_vector":"1"}},{"base_weights":[1.5822144E-1,-4.4963465E0,8.26416E0,-6.9528735E-1,-9.1573334E-1,2.509308E-1,9.3460083E-1,-1.6200052E-1,5.9854127E-2],"categories":[],"categories_nodes":[],"categories_segments":[],"categories_sizes":[],"default_left":[0,0,0,0,0,0,0,0,0],"id":27,"left_children":[1,3,5,-1,7,-1,-1,-1,-1],"loss_changes":[4.1445496E2,5.5204117E1,1.4515076E0,0E0,5.235485E0,0E0,0E0,0E0,0E0],"parents":[2147483647,0,0,1,1,2,2,4,4],"right_children":[2,4,6,-1,8,-1,-1,-1,-1],"split_conditions":[8.0405504E-1,4.0725446E-1,9.1335565E-1,-6.9528735E-1,6.1272323E-1,2.509308E-1,9.3460083E-1,-1.6200052E-1,5.9854127E-2],"split_indices":[0,0,0,0,0,0,0,0,0],"split_type":[0,0,0,0,0,0,0,0,0],"sum_hessian":[9E0,6E0,3E0,3E0,3E0,1E0,2E0,2E0,1E0],"tree_param":{"num_deleted":"0","num_feature":"2","num_nodes":"9","size_leaf_vector":"1"}},{"base_weights":[1.8120727E-1,-4.160636E0,7.734131E0,-7.3646647E-1,-1.4060913E0,2.38385E-1,8.722941E-1,-2.0419235E0,5.6861877E-2,-2.3291932E-1,-5.9005737E-2],"categories":[],"categories_nodes":[],"categories_segments":[],"categories_sizes":[],"default_left":[0,0,0,0,0,0,0,0,0,0,0],"id":28,"left_children":[1,3,5,-1,7,-1,-1,9,-1,-1,-1],"loss_changes":[3.60115E2,5.1424095E1,3.6746216E-1,0E0,7.4389973E0,0E0,0E0,2.9394913E-1,0E0,0E0,0E0],"parents":[2147483647,0,0,1,1,2,2,4,4,7,7],"right_children":[2,4,6,-1,8,-1,-1,10,-1,-1,-1],"split_conditions":[8.0405504E-1,2.8954613E-1,9.1335565E-1,-7.3646647E-1,6.1272323E-1,2.38385E-1,8.722941E-1,5.072545E-1,5.6861877E-2,-2.3291932E-1,-5.9005737E-2],"split_indices":[0,0,0,0,0,0,0,0,0,0,0],"split_type":[0,0,0,0,0,0,0,0,0,0,0],"sum_hessian":[9E0,6E0,3E0,2E0,4E0,1E0,2E0,3E0,1E0,2E0,1E0],"tree_param":{"num_deleted":"0","num_feature":"2","num_nodes":"11","size_leaf_vector":"1"}},{"base_weights":[1.7700501E-1,-3.8833618E0,7.2383957E0,-6.873688E-1,-1.3124939E0,3.4138185E-1,9.356064E-1,-1.9107132E0,5.4019164E-2,-2.1739197E-1,-5.605469E-2],"categories":[],"categories_nodes":[],"categories_segments":[],"categories_sizes":[],"default_left":[0,0,0,0,0,0,0,0,0,0,0],"id":29,"left_children":[1,3,5,-1,7,-1,-1,9,-1,-1,-1],"loss_changes":[3.148277E2,4.4792465E1,4.568329E-1,0E0,6.5737133E0,0E0,0E0,2.0290565E-1,0E0,0E0,0E0],"parents":[2147483647,0,0,1,1,2,2,4,4,7,7],"right_children":[2,4,6,-1,8,-1,-1,10,-1,-1,-1],"split_conditions":[8.0405504E-1,2.8954613E-1,1E0,-6.873688E-1,6.1272323E-1,3.4138185E-1,9.356064E-1,5.072545E-1,5.4019164E-2,-2.1739197E-1,-5.605469E-2],"split_indices":[0,0,0,0,0,0,0,0,0,0,0],"split_type":[0,0,0,0,0,0,0,0,0,0,0],"sum_hessian":[9E0,6E0,3E0,2E0,4E0,2E0,1E0,3E0,1E0,2E0,1E0],"tree_param":{"num_deleted":"0","num_feature":"2","num_nodes":"11","size_leaf_vector":"1"}},{"base_weights":[1.9632569E-1,-3.6245685E0,6.833809E0,-6.415446E-1,-1.2251282E0,3.1862387E-1,8.88826E-1,-1.788002E0,5.131836E-2,-2.0289917E-1,-5.325165E-2],"categories":[],"categories_nodes":[],"categories_segments":[],"categories_sizes":[],"default_left":[0,0,0,0,0,0,0,0,0,0,0],"id":30,"left_children":[1,3,5,-1,7,-1,-1,9,-1,-1,-1],"loss_changes":[2.783808E2,3.901606E1,1.6549072E0,0E0,5.809825E0,0E0,0E0,1.2976456E-1,0E0,0E0,0E0],"parents":[2147483647,0,0,1,1,2,2,4,4,7,7],"right_children":[2,4,6,-1,8,-1,-1,10,-1,-1,-1],"split_conditions":[8.0405504E-1,2.8954613E-1,1E0,-6.415446E-1,6.1272323E-1,3.1862387E-1,8.88826E-1,5.072545E-1,5.131836E-2,-2.0289917E-1,-5.325165E-2],"split_indices":[0,0,0,0,0,0,0,0,0,0,0],"split_type":[0,0,0,0,0,0,0,0,0,0,0],"sum_hessian":[9E0,6E0,3E0,2E0,4E0,2E0,1E0,3E0,1E0,2E0,1E0],"tree_param":{"num_deleted":"0","num_feature":"2","num_nodes":"11","size_leaf_vector":"1"}},{"base_weights":[2.1279907E-1,-3.3830218E0,6.452286E0,-5.9877527E-1,-1.1435791E0,2.973816E-1,8.443848E-1,-1.673233E0,4.875183E-2,-1.8937175E-1,-5.058899E-2],"categories":[],"categories_nodes":[],"categories_segments":[],"categories_sizes":[],"default_left":[0,0,0,0,0,0,0,0,0,0,0],"id":31,"left_children":[1,3,5,-1,7,-1,-1,9,-1,-1,-1],"loss_changes":[2.4618898E2,3.3984543E1,2.5998993E0,0E0,5.1353183E0,0E0,0E0,7.151222E-2,0E0,0E0,0E0],"parents":[2147483647,0,0,1,1,2,2,4,4,7,7],"right_children":[2,4,6,-1,8,-1,-1,10,-1,-1,-1],"split_conditions":[8.0405504E-1,2.8954613E-1,1E0,-5.9877527E-1,6.1272323E-1,2.973816E-1,8.443848E-1,5.072545E-1,4.875183E-2,-1.8937175E-1,-5.058899E-2],"split_indices":[0,0,0,0,0,0,0,0,0,0,0],"split_type":[0,0,0,0,0,0,0,0,0,0,0],"sum_hessian":[9E0,6E0,3E0,2E0,4E0,2E0,1E0,3E0,1E0,2E0,1E0],"tree_param":{"num_deleted":"0","num_feature":"2","num_nodes":"11","size_leaf_vector":"1"}},{"base_weights":[2.2669068E-1,-3.1575797E0,6.092491E0,-6.691429E-1,-1.4533666E0,2.7755535E-1,8.021652E-1,-1.9292939E0,4.6313476E-2,-2.171322E-1,-4.8059084E-2],"categories":[],"categories_nodes":[],"categories_segments":[],"categories_sizes":[],"default_left":[0,0,0,0,0,0,0,0,0,0,0],"id":32,"left_children":[1,3,5,-1,7,-1,-1,9,-1,-1,-1],"loss_changes":[2.1775208E2,3.2431923E1,3.3310852E0,0E0,6.3662157E0,0E0,0E0,7.096157E-1,0E0,0E0,0E0],"parents":[2147483647,0,0,1,1,2,2,4,4,7,7],"right_children":[2,4,6,-1,8,-1,-1,10,-1,-1,-1],"split_conditions":[8.0405504E-1,1.02306545E-1,1E0,-6.691429E-1,6.1272323E-1,2.7755535E-1,8.021652E-1,5.072545E-1,4.6313476E-2,-2.171322E-1,-4.8059084E-2],"split_indices":[0,0,0,0,0,0,0,0,0,0,0],"split_type":[0,0,0,0,0,0,0,0,0,0,0],"sum_hessian":[9E0,6E0,3E0,1E0,5E0,2E0,1E0,4E0,1E0,3E0,1E0],"tree_param":{"num_deleted":"0","num_feature":"2","num_nodes":"11","size_leaf_vector":"1"}},{"base_weights":[2.2319183E-1,-2.9686825E0,5.753174E0,-6.3568574E-1,-1.3445104E0,2.5905153E-1,7.620575E-1,-1.7894013E0,4.3997195E-2,-2.0084725E-1,-4.5655824E-2],"categories":[],"categories_nodes":[],"categories_segments":[],"categories_sizes":[],"default_left":[0,0,0,0,0,0,0,0,0,0,0],"id":33,"left_children":[1,3,5,-1,7,-1,-1,9,-1,-1,-1],"loss_changes":[1.9358943E2,2.9973984E1,3.8825836E0,0E0,5.550686E0,0E0,0E0,5.429535E-1,0E0,0E0,0E0],"parents":[2147483647,0,0,1,1,2,2,4,4,7,7],"right_children":[2,4,6,-1,8,-1,-1,10,-1,-1,-1],"split_conditions":[8.0405504E-1,1.02306545E-1,1E0,-6.3568574E-1,6.1272323E-1,2.5905153E-1,7.620575E-1,5.072545E-1,4.3997195E-2,-2.0084725E-1,-4.5655824E-2],"split_indices":[0,0,0,0,0,0,0,0,0,0,0],"split_type":[0,0,0,0,0,0,0,0,0,0,0],"sum_hessian":[9E0,6E0,3E0,1E0,5E0,2E0,1E0,4E0,1E0,3E0,1E0],"tree_param":{"num_deleted":"0","num_feature":"2","num_nodes":"11","size_leaf_vector":"1"}},{"base_weights":[2.1915893E-1,-2.7915606E0,5.4331284E0,-6.039017E-1,-1.2438151E0,2.417806E-1,7.239548E-1,-1.6597656E0,4.1796874E-2,-1.8578415E-1,-4.3373108E-2],"categories":[],"categories_nodes":[],"categories_segments":[],"categories_sizes":[],"default_left":[0,0,0,0,0,0,0,0,0,0,0],"id":34,"left_children":[1,3,5,-1,7,-1,-1,9,-1,-1,-1],"loss_changes":[1.7214491E2,2.7672226E1,4.283928E0,0E0,4.8410482E0,0E0,0E0,4.0843678E-1,0E0,0E0,0E0],"parents":[2147483647,0,0,1,1,2,2,4,4,7,7],"right_children":[2,4,6,-1,8,-1,-1,10,-1,-1,-1],"split_conditions":[8.0405504E-1,1.02306545E-1,1E0,-6.039017E-1,6.1272323E-1,2.417806E-1,7.239548E-1,5.072545E-1,4.1796874E-2,-1.8578415E-1,-4.3373108E-2],"split_indices":[0,0,0,0,0,0,0,0,0,0,0],"split_type":[0,0,0,0,0,0,0,0,0,0,0],"sum_hessian":[9E0,6E0,3E0,1E0,5E0,2E0,1E0,4E0,1E0,3E0,1E0],"tree_param":{"num_deleted":"0","num_feature":"2","num_nodes":"11","size_leaf_vector":"1"}},{"base_weights":[2.1468659E-1,-2.6254425E0,5.131241E0,-5.737068E-1,-1.1506602E0,2.256612E-1,6.8775636E-1,-1.5396179E0,3.970642E-2,-1.7184983E-1,-4.1204836E-2],"categories":[],"categories_nodes":[],"categories_segments":[],"categories_sizes":[],"default_left":[0,0,0,0,0,0,0,0,0,0,0],"id":35,"left_children":[1,3,5,-1,7,-1,-1,9,-1,-1,-1],"loss_changes":[1.5310826E2,2.5521381E1,4.5601273E0,0E0,4.2233233E0,0E0,0E0,3.00395E-1,0E0,0E0,0E0],"parents":[2147483647,0,0,1,1,2,2,4,4,7,7],"right_children":[2,4,6,-1,8,-1,-1,10,-1,-1,-1],"split_conditions":[8.0405504E-1,1.02306545E-1,1E0,-5.737068E-1,6.1272323E-1,2.256612E-1,6.8775636E-1,5.072545E-1,3.970642E-2,-1.7184983E-1,-4.1204836E-2],"split_indices":[0,0,0,0,0,0,0,0,0,0,0],"split_type":[0,0,0,0,0,0,0,0,0,0,0],"sum_hessian":[9E0,6E0,3E0,1E0,5E0,2E0,1E0,4E0,1E0,3E0,1E0],"tree_param":{"num_deleted":"0","num_feature":"2","num_nodes":"11","size_leaf_vector":"1"}},{"base_weights":[2.0985565E-1,-2.469624E0,4.8464813E0,-5.4502183E-1,-1.0644888E0,2.106181E-1,6.533691E-1,-1.4282715E0,3.7721254E-2,-1.5896149E-1,-3.91449E-2],"categories":[],"categories_nodes":[],"categories_segments":[],"categories_sizes":[],"default_left":[0,0,0,0,0,0,0,0,0,0,0],"id":36,"left_children":[1,3,5,-1,7,-1,-1,9,-1,-1,-1],"loss_changes":[1.3620642E2,2.351527E1,4.7327194E0,0E0,3.6855578E0,0E0,0E0,2.141695E-1,0E0,0E0,0E0],"parents":[2147483647,0,0,1,1,2,2,4,4,7,7],"right_children":[2,4,6,-1,8,-1,-1,10,-1,-1,-1],"split_conditions":[8.0405504E-1,1.02306545E-1,1E0,-5.4502183E-1,6.1272323E-1,2.106181E-1,6.533691E-1,5.072545E-1,3.7721254E-2,-1.5896149E-1,-3.91449E-2],"split_indices":[0,0,0,0,0,0,0,0,0,0,0],"split_type":[0,0,0,0,0,0,0,0,0,0,0],"sum_hessian":[9E0,6E0,3E0,1E0,5E0,2E0,1E0,4E0,1E0,3E0,1E0],"tree_param":{"num_deleted":"0","num_feature":"2","num_nodes":"11","size_leaf_vector":"1"}},{"base_weights":[2.0472717E-1,-2.3234296E0,4.57782E0,-5.177704E-1,-9.8476666E-1,1.9657592E-1,6.2070006E-1,-1.3250611E0,3.5835266E-2,-1.4703904E-1,-3.7187196E-2],"categories":[],"categories_nodes":[],"categories_segments":[],"categories_sizes":[],"default_left":[0,0,0,0,0,0,0,0,0,0,0],"id":37,"left_children":[1,3,5,-1,7,-1,-1,9,-1,-1,-1],"loss_changes":[1.21194885E2,2.1647549E1,4.82061E0,0E0,3.2171745E0,0E0,0E0,1.4583492E-1,0E0,0E0,0E0],"parents":[2147483647,0,0,1,1,2,2,4,4,7,7],"right_children":[2,4,6,-1,8,-1,-1,10,-1,-1,-1],"split_conditions":[8.0405504E-1,1.02306545E-1,1E0,-5.177704E-1,6.1272323E-1,1.9657592E-1,6.2070006E-1,5.072545E-1,3.5835266E-2,-1.4703904E-1,-3.7187196E-2],"split_indices":[0,0,0,0,0,0,0,0,0,0,0],"split_type":[0,0,0,0,0,0,0,0,0,0,0],"sum_hessian":[9E0,6E0,3E0,1E0,5E0,2E0,1E0,4E0,1E0,3E0,1E0],"tree_param":{"num_deleted":"0","num_feature":"2","num_nodes":"11","size_leaf_vector":"1"}},{"base_weights":[1.9936982E-1,-2.186251E0,4.3243637E0,-4.9188158E-1,-9.1102093E-1,1.8347168E-1,5.8966523E-1,-1.2294006E0,3.4043886E-2,-1.3601151E-1,-3.5327148E-2],"categories":[],"categories_nodes":[],"categories_segments":[],"categories_sizes":[],"default_left":[0,0,0,0,0,0,0,0,0,0,0],"id":38,"left_children":[1,3,5,-1,7,-1,-1,9,-1,-1,-1],"loss_changes":[1.0786085E2,1.99114E1,4.8390884E0,0E0,2.8091722E0,0E0,0E0,9.212351E-2,0E0,0E0,0E0],"parents":[2147483647,0,0,1,1,2,2,4,4,7,7],"right_children":[2,4,6,-1,8,-1,-1,10,-1,-1,-1],"split_conditions":[8.0405504E-1,1.02306545E-1,1E0,-4.9188158E-1,6.1272323E-1,1.8347168E-1,5.8966523E-1,5.072545E-1,3.4043886E-2,-1.3601151E-1,-3.5327148E-2],"split_indices":[0,0,0,0,0,0,0,0,0,0,0],"split_type":[0,0,0,0,0,0,0,0,0,0,0],"sum_hessian":[9E0,6E0,3E0,1E0,5E0,2E0,1E0,4E0,1E0,3E0,1E0],"tree_param":{"num_deleted":"0","num_feature":"2","num_nodes":"11","size_leaf_vector":"1"}},{"base_weights":[1.9383088E-1,-2.057506E0,4.0852127E0,-4.6728745E-1,-8.427989E-1,1.7124024E-1,5.601822E-1,-1.1407226E0,3.2341003E-2,-1.2581025E-1,-3.3560183E-2],"categories":[],"categories_nodes":[],"categories_segments":[],"categories_sizes":[],"default_left":[0,0,0,0,0,0,0,0,0,0,0],"id":39,"left_children":[1,3,5,-1,7,-1,-1,9,-1,-1,-1],"loss_changes":[9.6013466E1,1.8300056E1,4.8019333E0,0E0,2.4535694E0,0E0,0E0,5.0302982E-2,0E0,0E0,0E0],"parents":[2147483647,0,0,1,1,2,2,4,4,7,7],"right_children":[2,4,6,-1,8,-1,-1,10,-1,-1,-1],"split_conditions":[8.0405504E-1,1.02306545E-1,1E0,-4.6728745E-1,6.1272323E-1,1.7124024E-1,5.601822E-1,5.072545E-1,3.2341003E-2,-1.2581025E-1,-3.3560183E-2],"split_indices":[0,0,0,0,0,0,0,0,0,0,0],"split_type":[0,0,0,0,0,0,0,0,0,0,0],"sum_hessian":[9E0,6E0,3E0,1E0,5E0,2E0,1E0,4E0,1E0,3E0,1E0],"tree_param":{"num_deleted":"0","num_feature":"2","num_nodes":"11","size_leaf_vector":"1"}},{"base_weights":[1.8816224E-1,-1.9366542E0,3.8595505E0,-4.439232E-1,-7.79686E-1,1.5982462E-1,5.3217316E-1,-1.0585175E0,3.0723572E-2,-1.1637383E-1,-3.1881716E-2],"categories":[],"categories_nodes":[],"categories_segments":[],"categories_sizes":[],"default_left":[0,0,0,0,0,0,0,0,0,0,0],"id":40,"left_children":[1,3,5,-1,7,-1,-1,9,-1,-1,-1],"loss_changes":[8.548488E1,1.6806612E1,4.7203064E0,0E0,2.1436222E0,0E0,0E0,1.8139362E-2,0E0,0E0,0E0],"parents":[2147483647,0,0,1,1,2,2,4,4,7,7],"right_children":[2,4,6,-1,8,-1,-1,10,-1,-1,-1],"split_conditions":[8.0405504E-1,1.02306545E-1,1E0,-4.439232E-1,6.1272323E-1,1.5982462E-1,5.3217316E-1,5.072545E-1,3.0723572E-2,-1.1637383E-1,-3.1881716E-2],"split_indices":[0,0,0,0,0,0,0,0,0,0,0],"split_type":[0,0,0,0,0,0,0,0,0,0,0],"sum_hessian":[9E0,6E0,3E0,1E0,5E0,2E0,1E0,4E0,1E0,3E0,1E0],"tree_param":{"num_deleted":"0","num_feature":"2","num_nodes":"11","size_leaf_vector":"1"}},{"base_weights":[1.8240051E-1,-1.8231986E0,3.6465988E0,-4.21727E-1,-7.213084E-1,1.4916992E-1,5.0556487E-1,-9.8231815E-2,2.9187012E-2],"categories":[],"categories_nodes":[],"categories_segments":[],"categories_sizes":[],"default_left":[0,0,0,0,0,0,0,0,0],"id":41,"left_children":[1,3,5,-1,7,-1,-1,-1,-1],"loss_changes":[7.61264E1,1.5424076E1,4.603939E0,0E0,1.8734057E0,0E0,0E0,0E0,0E0],"parents":[2147483647,0,0,1,1,2,2,4,4],"right_children":[2,4,6,-1,8,-1,-1,-1,-1],"split_conditions":[8.0405504E-1,1.02306545E-1,1E0,-4.21727E-1,6.1272323E-1,1.4916992E-1,5.0556487E-1,-9.8231815E-2,2.9187012E-2],"split_indices":[0,0,0,0,0,0,0,0,0],"split_type":[0,0,0,0,0,0,0,0,0],"sum_hessian":[9E0,6E0,3E0,1E0,5E0,2E0,1E0,4E0,1E0],"tree_param":{"num_deleted":"0","num_feature":"2","num_nodes":"9","size_leaf_vector":"1"}},{"base_weights":[1.805603E-1,-1.7109854E0,3.4456253E0,-4.0064088E-1,-6.606801E-1,1.3922526E-1,4.8028716E-1,-9.0372926E-1,2.7728273E-2,-1.00278474E-1,-2.5375366E-2],"categories":[],"categories_nodes":[],"categories_segments":[],"categories_sizes":[],"default_left":[0,0,0,0,0,0,0,0,0,0,0],"id":42,"left_children":[1,3,5,-1,7,-1,-1,9,-1,-1,-1],"loss_changes":[6.765561E1,1.4229313E1,4.4609222E0,0E0,1.6184144E0,0E0,0E0,6.745815E-2,0E0,0E0,0E0],"parents":[2147483647,0,0,1,1,2,2,4,4,7,7],"right_children":[2,4,6,-1,8,-1,-1,10,-1,-1,-1],"split_conditions":[8.0405504E-1,1.02306545E-1,1E0,-4.0064088E-1,6.1272323E-1,1.3922526E-1,4.8028716E-1,5.072545E-1,2.7728273E-2,-1.00278474E-1,-2.5375366E-2],"split_indices":[0,0,0,0,0,0,0,0,0,0,0],"split_type":[0,0,0,0,0,0,0,0,0,0,0],"sum_hessian":[9E0,6E0,3E0,1E0,5E0,2E0,1E0,4E0,1E0,3E0,1E0],"tree_param":{"num_deleted":"0","num_feature":"2","num_nodes":"11","size_leaf_vector":"1"}},{"base_weights":[1.7460021E-1,-1.6111101E0,3.2559433E0,-3.8060912E-1,-6.109314E-1,1.2994385E-1,4.562729E-1,-8.384827E-1,2.6341248E-2,-9.275742E-2,-2.4105836E-2],"categories":[],"categories_nodes":[],"categories_segments":[],"categories_sizes":[],"default_left":[0,0,0,0,0,0,0,0,0,0,0],"id":43,"left_children":[1,3,5,-1,7,-1,-1,9,-1,-1,-1],"loss_changes":[6.0269547E1,1.3042355E1,4.297943E0,0E0,1.4146152E0,0E0,0E0,4.2527676E-2,0E0,0E0,0E0],"parents":[2147483647,0,0,1,1,2,2,4,4,7,7],"right_children":[2,4,6,-1,8,-1,-1,10,-1,-1,-1],"split_conditions":[8.0405504E-1,1.02306545E-1,1E0,-3.8060912E-1,6.1272323E-1,1.2994385E-1,4.562729E-1,5.072545E-1,2.6341248E-2,-9.275742E-2,-2.4105836E-2],"split_indices":[0,0,0,0,0,0,0,0,0,0,0],"split_type":[0,0,0,0,0,0,0,0,0,0,0],"sum_hessian":[9E0,6E0,3E0,1E0,5E0,2E0,1E0,4E0,1E0,3E0,1E0],"tree_param":{"num_deleted":"0","num_feature":"2","num_nodes":"11","size_leaf_vector":"1"}},{"base_weights":[1.6864777E-1,-1.5173056E0,3.0769043E0,-3.6157838E-1,-5.649287E-1,1.2128092E-1,4.334595E-1,-7.780121E-1,2.5024414E-2,-8.580132E-2,-2.2900391E-2],"categories":[],"categories_nodes":[],"categories_segments":[],"categories_sizes":[],"default_left":[0,0,0,0,0,0,0,0,0,0,0],"id":44,"left_children":[1,3,5,-1,7,-1,-1,9,-1,-1,-1],"loss_changes":[5.370046E1,1.1947136E1,4.120781E0,0E0,1.2368916E0,0E0,0E0,2.311778E-2,0E0,0E0,0E0],"parents":[2147483647,0,0,1,1,2,2,4,4,7,7],"right_children":[2,4,6,-1,8,-1,-1,10,-1,-1,-1],"split_conditions":[8.0405504E-1,1.02306545E-1,1E0,-3.6157838E-1,6.1272323E-1,1.2128092E-1,4.334595E-1,5.072545E-1,2.5024414E-2,-8.580132E-2,-2.2900391E-2],"split_indices":[0,0,0,0,0,0,0,0,0,0,0],"split_type":[0,0,0,0,0,0,0,0,0,0,0],"sum_hessian":[9E0,6E0,3E0,1E0,5E0,2E0,1E0,4E0,1E0,3E0,1E0],"tree_param":{"num_deleted":"0","num_feature":"2","num_nodes":"11","size_leaf_vector":"1"}},{"base_weights":[1.6273041E-1,-1.429184E0,2.907898E0,-3.4349975E-1,-5.223821E-1,1.131958E-1,4.117859E-1,-7.219513E-1,2.3773193E-2,-7.9365924E-2,-2.1755982E-2],"categories":[],"categories_nodes":[],"categories_segments":[],"categories_sizes":[],"default_left":[0,0,0,0,0,0,0,0,0,0,0],"id":45,"left_children":[1,3,5,-1,7,-1,-1,9,-1,-1,-1],"loss_changes":[4.7856636E1,1.0937749E1,3.9340286E0,0E0,1.081803E0,0E0,0E0,8.17585E-3,0E0,0E0,0E0],"parents":[2147483647,0,0,1,1,2,2,4,4,7,7],"right_children":[2,4,6,-1,8,-1,-1,10,-1,-1,-1],"split_conditions":[8.0405504E-1,1.02306545E-1,1E0,-3.4349975E-1,6.1272323E-1,1.131958E-1,4.117859E-1,5.072545E-1,2.3773193E-2,-7.9365924E-2,-2.1755982E-2],"split_indices":[0,0,0,0,0,0,0,0,0,0,0],"split_type":[0,0,0,0,0,0,0,0,0,0,0],"sum_hessian":[9E0,6E0,3E0,1E0,5E0,2E0,1E0,4E0,1E0,3E0,1E0],"tree_param":{"num_deleted":"0","num_feature":"2","num_nodes":"11","size_leaf_vector":"1"}},{"base_weights":[1.5687409E-1,-1.3463854E0,2.7483597E0,-3.2632446E-1,-4.8303476E-1,1.0564982E-1,3.911972E-1,-6.699799E-2,2.2584533E-2],"categories":[],"categories_nodes":[],"categories_segments":[],"categories_sizes":[],"default_left":[0,0,0,0,0,0,0,0,0],"id":46,"left_children":[1,3,5,-1,7,-1,-1,-1,-1],"loss_changes":[4.2657104E1,1.000819E1,3.7416916E0,0E0,9.4644177E-1,0E0,0E0,0E0,0E0],"parents":[2147483647,0,0,1,1,2,2,4,4],"right_children":[2,4,6,-1,8,-1,-1,-1,-1],"split_conditions":[8.0405504E-1,1.02306545E-1,1E0,-3.2632446E-1,6.1272323E-1,1.0564982E-1,3.911972E-1,-6.699799E-2,2.2584533E-2],"split_indices":[0,0,0,0,0,0,0,0,0],"split_type":[0,0,0,0,0,0,0,0,0],"sum_hessian":[9E0,6E0,3E0,1E0,5E0,2E0,1E0,4E0,1E0],"tree_param":{"num_deleted":"0","num_feature":"2","num_nodes":"9","size_leaf_vector":"1"}},{"base_weights":[1.5379485E-1,-1.2647116E0,2.5977325E0,-3.1000826E-1,-4.4213614E-1,9.860637E-2,3.7163696E-1,-6.1638486E-1,2.1455383E-2,-6.838875E-2,-1.7318726E-2],"categories":[],"categories_nodes":[],"categories_segments":[],"categories_sizes":[],"default_left":[0,0,0,0,0,0,0,0,0,0,0],"id":47,"left_children":[1,3,5,-1,7,-1,-1,9,-1,-1,-1],"loss_changes":[3.7952797E1,9.197459E0,3.546915E0,0E0,8.1881225E-1,0E0,0E0,3.1144261E-2,0E0,0E0,0E0],"parents":[2147483647,0,0,1,1,2,2,4,4,7,7],"right_children":[2,4,6,-1,8,-1,-1,10,-1,-1,-1],"split_conditions":[8.0405504E-1,1.02306545E-1,1E0,-3.1000826E-1,6.1272323E-1,9.860637E-2,3.7163696E-1,5.072545E-1,2.1455383E-2,-6.838875E-2,-1.7318726E-2],"split_indices":[0,0,0,0,0,0,0,0,0,0,0],"split_type":[0,0,0,0,0,0,0,0,0,0,0],"sum_hessian":[9E0,6E0,3E0,1E0,5E0,2E0,1E0,4E0,1E0,3E0,1E0],"tree_param":{"num_deleted":"0","num_feature":"2","num_nodes":"11","size_leaf_vector":"1"}},{"base_weights":[1.4801636E-1,-9.4410324E-1,3.0109966E-1,-2.945076E-1,-2.3752485E-1,-5.7188416E-1,3.9891563E-2,-6.3259505E-2,-1.6452027E-2],"categories":[],"categories_nodes":[],"categories_segments":[],"categories_sizes":[],"default_left":[0,0,0,0,0,0,0,0,0],"id":48,"left_children":[1,3,-1,-1,5,7,-1,-1,-1],"loss_changes":[3.410986E1,1.0611223E1,0E0,0E0,1.7177322E0,1.958251E-2,0E0,0E0,0E0],"parents":[2147483647,0,0,1,1,4,4,5,5],"right_children":[2,4,-1,-1,6,8,-1,-1,-1],"split_conditions":[9.1335565E-1,1.02306545E-1,3.0109966E-1,-2.945076E-1,6.1272323E-1,5.072545E-1,3.9891563E-2,-6.3259505E-2,-1.6452027E-2],"split_indices":[0,0,0,0,0,0,0,0,0],"split_type":[0,0,0,0,0,0,0,0,0],"sum_hessian":[9E0,7E0,2E0,1E0,6E0,4E0,2E0,3E0,1E0],"tree_param":{"num_deleted":"0","num_feature":"2","num_nodes":"9","size_leaf_vector":"1"}},{"base_weights":[1.2989655E-1,-8.914814E-1,2.8102722E0,-2.7978212E-1,-2.1945845E-1,8.354034E-2,3.380005E-1,-5.306366E-1,3.7232462E-2,-6.473745E-2,-2.3701986E-2],"categories":[],"categories_nodes":[],"categories_segments":[],"categories_sizes":[],"default_left":[0,0,0,0,0,0,0,0,0,0,0],"id":49,"left_children":[1,3,5,-1,7,-1,-1,9,-1,-1,-1],"loss_changes":[2.9882069E1,9.634827E0,5.51775E-1,0E0,1.4866188E0,0E0,0E0,1.7940402E-2,0E0,0E0,0E0],"parents":[2147483647,0,0,1,1,2,2,4,4,7,7],"right_children":[2,4,6,-1,8,-1,-1,10,-1,-1,-1],"split_conditions":[9.1335565E-1,1.02306545E-1,1E0,-2.7978212E-1,6.1272323E-1,8.354034E-2,3.380005E-1,4.0725446E-1,3.7232462E-2,-6.473745E-2,-2.3701986E-2],"split_indices":[0,0,0,0,0,0,0,0,0,0,0],"split_type":[0,0,0,0,0,0,0,0,0,0,0],"sum_hessian":[9E0,7E0,2E0,1E0,6E0,1E0,1E0,4E0,2E0,2E0,2E0],"tree_param":{"num_deleted":"0","num_feature":"2","num_nodes":"11","size_leaf_vector":"1"}},{"base_weights":[1.2596588E-1,-8.437023E-1,2.669759E0,-2.6579285E-1,-2.0482309E-1,7.936402E-2,3.2109985E-1,-4.9525452E-1,3.475037E-2,-6.0421247E-2,-2.2121174E-2],"categories":[],"categories_nodes":[],"categories_segments":[],"categories_sizes":[],"default_left":[0,0,0,0,0,0,0,0,0,0,0],"id":50,"left_children":[1,3,5,-1,7,-1,-1,9,-1,-1,-1],"loss_changes":[2.6918837E1,8.728167E0,4.9791145E-1,0E0,1.2949941E0,0E0,0E0,1.5636802E-2,0E0,0E0,0E0],"parents":[2147483647,0,0,1,1,2,2,4,4,7,7],"right_children":[2,4,6,-1,8,-1,-1,10,-1,-1,-1],"split_conditions":[9.1335565E-1,1.02306545E-1,1E0,-2.6579285E-1,6.1272323E-1,7.936402E-2,3.2109985E-1,4.0725446E-1,3.475037E-2,-6.0421247E-2,-2.2121174E-2],"split_indices":[0,0,0,0,0,0,0,0,0,0,0],"split_type":[0,0,0,0,0,0,0,0,0,0,0],"sum_hessian":[9E0,7E0,2E0,1E0,6E0,1E0,1E0,4E0,2E0,2E0,2E0],"tree_param":{"num_deleted":"0","num_feature":"2","num_nodes":"11","size_leaf_vector":"1"}},{"base_weights":[1.2205505E-1,-7.985306E-1,2.5362651E0,-2.5250322E-1,-1.9116865E-1,7.5395204E-2,3.0504456E-1,-4.622345E-1,3.2433067E-2,-5.6392927E-2,-2.064616E-2],"categories":[],"categories_nodes":[],"categories_segments":[],"categories_sizes":[],"default_left":[0,0,0,0,0,0,0,0,0,0,0],"id":51,"left_children":[1,3,5,-1,7,-1,-1,9,-1,-1,-1],"loss_changes":[2.4250158E1,7.9061832E0,4.4939995E-1,0E0,1.1280566E0,0E0,0E0,1.3624072E-2,0E0,0E0,0E0],"parents":[2147483647,0,0,1,1,2,2,4,4,7,7],"right_children":[2,4,6,-1,8,-1,-1,10,-1,-1,-1],"split_conditions":[9.1335565E-1,1.02306545E-1,1E0,-2.5250322E-1,6.1272323E-1,7.5395204E-2,3.0504456E-1,4.0725446E-1,3.2433067E-2,-5.6392927E-2,-2.064616E-2],"split_indices":[0,0,0,0,0,0,0,0,0,0,0],"split_type":[0,0,0,0,0,0,0,0,0,0,0],"sum_hessian":[9E0,7E0,2E0,1E0,6E0,1E0,1E0,4E0,2E0,2E0,2E0],"tree_param":{"num_deleted":"0","num_feature":"2","num_nodes":"11","size_leaf_vector":"1"}},{"base_weights":[1.18182376E-1,-7.558136E-1,2.409444E0,-2.3987809E-1,-1.7842102E-1,7.1624756E-2,2.8979188E-1,-4.3141174E-1,3.0270386E-2,-4.7774125E-2,-1.2304688E-2],"categories":[],"categories_nodes":[],"categories_segments":[],"categories_sizes":[],"default_left":[0,0,0,0,0,0,0,0,0,0,0],"id":52,"left_children":[1,3,5,-1,7,-1,-1,9,-1,-1,-1],"loss_changes":[2.1846626E1,7.1611037E0,4.056244E-1,0E0,9.8263097E-1,0E0,0E0,1.264739E-2,0E0,0E0,0E0],"parents":[2147483647,0,0,1,1,2,2,4,4,7,7],"right_children":[2,4,6,-1,8,-1,-1,10,-1,-1,-1],"split_conditions":[9.1335565E-1,1.02306545E-1,1E0,-2.3987809E-1,6.1272323E-1,7.1624756E-2,2.8979188E-1,5.072545E-1,3.0270386E-2,-4.7774125E-2,-1.2304688E-2],"split_indices":[0,0,0,0,0,0,0,0,0,0,0],"split_type":[0,0,0,0,0,0,0,0,0,0,0],"sum_hessian":[9E0,7E0,2E0,1E0,6E0,1E0,1E0,4E0,2E0,3E0,1E0],"tree_param":{"num_deleted":"0","num_feature":"2","num_nodes":"11","size_leaf_vector":"1"}},{"base_weights":[1.15534976E-1,-7.139454E-1,2.288971E0,-2.2788392E-1,-1.648407E-1,6.804352E-2,2.7530214E-1,-4.0028992E-1,2.8252158E-2,-4.9448144E-2,-1.7266845E-2],"categories":[],"categories_nodes":[],"categories_segments":[],"categories_sizes":[],"default_left":[0,0,0,0,0,0,0,0,0,0,0],"id":53,"left_children":[1,3,5,-1,7,-1,-1,9,-1,-1,-1],"loss_changes":[1.9662424E1,6.4986787E0,3.6607265E-1,0E0,8.5040814E-1,0E0,0E0,2.1818757E-2,0E0,0E0,0E0],"parents":[2147483647,0,0,1,1,2,2,4,4,7,7],"right_children":[2,4,6,-1,8,-1,-1,10,-1,-1,-1],"split_conditions":[9.1335565E-1,1.02306545E-1,1E0,-2.2788392E-1,6.1272323E-1,6.804352E-2,2.7530214E-1,4.0725446E-1,2.8252158E-2,-4.9448144E-2,-1.7266845E-2],"split_indices":[0,0,0,0,0,0,0,0,0,0,0],"split_type":[0,0,0,0,0,0,0,0,0,0,0],"sum_hessian":[9E0,7E0,2E0,1E0,6E0,1E0,1E0,4E0,2E0,2E0,2E0],"tree_param":{"num_deleted":"0","num_feature":"2","num_nodes":"11","size_leaf_vector":"1"}},{"base_weights":[1.1168213E-1,-6.758423E-1,2.1745198E0,-2.1648942E-1,-1.5385E-1,6.464081E-2,2.6153716E-1,-3.7359923E-1,2.6368205E-2,-4.6151225E-2,-1.6115315E-2],"categories":[],"categories_nodes":[],"categories_segments":[],"categories_sizes":[],"default_left":[0,0,0,0,0,0,0,0,0,0,0],"id":54,"left_children":[1,3,5,-1,7,-1,-1,9,-1,-1,-1],"loss_changes":[1.7714985E1,5.8851194E0,3.3041382E-1,0E0,7.4077785E-1,0E0,0E0,1.900971E-2,0E0,0E0,0E0],"parents":[2147483647,0,0,1,1,2,2,4,4,7,7],"right_children":[2,4,6,-1,8,-1,-1,10,-1,-1,-1],"split_conditions":[9.1335565E-1,1.02306545E-1,1E0,-2.1648942E-1,6.1272323E-1,6.464081E-2,2.6153716E-1,4.0725446E-1,2.6368205E-2,-4.6151225E-2,-1.6115315E-2],"split_indices":[0,0,0,0,0,0,0,0,0,0,0],"split_type":[0,0,0,0,0,0,0,0,0,0,0],"sum_hessian":[9E0,7E0,2E0,1E0,6E0,1E0,1E0,4E0,2E0,2E0,2E0],"tree_param":{"num_deleted":"0","num_feature":"2","num_nodes":"11","size_leaf_vector":"1"}},{"base_weights":[1.078949E-1,-6.3980484E-1,2.065796E0,-2.0566483E-1,-1.4359175E-1,6.1408997E-2,2.484604E-1,-3.486908E-1,2.4610393E-2,-4.3074038E-2,-1.5041097E-2],"categories":[],"categories_nodes":[],"categories_segments":[],"categories_sizes":[],"default_left":[0,0,0,0,0,0,0,0,0,0,0],"id":55,"left_children":[1,3,5,-1,7,-1,-1,9,-1,-1,-1],"loss_changes":[1.5960928E1,5.329132E0,2.9818726E-1,0E0,6.4529765E-1,0E0,0E0,1.6555786E-2,0E0,0E0,0E0],"parents":[2147483647,0,0,1,1,2,2,4,4,7,7],"right_children":[2,4,6,-1,8,-1,-1,10,-1,-1,-1],"split_conditions":[9.1335565E-1,1.02306545E-1,1E0,-2.0566483E-1,6.1272323E-1,6.1408997E-2,2.484604E-1,4.0725446E-1,2.4610393E-2,-4.3074038E-2,-1.5041097E-2],"split_indices":[0,0,0,0,0,0,0,0,0,0,0],"split_type":[0,0,0,0,0,0,0,0,0,0,0],"sum_hessian":[9E0,7E0,2E0,1E0,6E0,1E0,1E0,4E0,2E0,2E0,2E0],"tree_param":{"num_deleted":"0","num_feature":"2","num_nodes":"11","size_leaf_vector":"1"}},{"base_weights":[1.04177855E-1,-6.057167E-1,1.962504E0,-1.9538192E-1,-1.3401358E-1,5.833893E-2,2.3603669E-1,-3.254425E-1,2.2970581E-2,-4.020233E-2,-1.4038086E-2],"categories":[],"categories_nodes":[],"categories_segments":[],"categories_sizes":[],"default_left":[0,0,0,0,0,0,0,0,0,0,0],"id":56,"left_children":[1,3,5,-1,7,-1,-1,9,-1,-1,-1],"loss_changes":[1.4380878E1,4.8253956E0,2.6908207E-1,0E0,5.6214094E-1,0E0,0E0,1.4424443E-2,0E0,0E0,0E0],"parents":[2147483647,0,0,1,1,2,2,4,4,7,7],"right_children":[2,4,6,-1,8,-1,-1,10,-1,-1,-1],"split_conditions":[9.1335565E-1,1.02306545E-1,1E0,-1.9538192E-1,6.1272323E-1,5.833893E-2,2.3603669E-1,4.0725446E-1,2.2970581E-2,-4.020233E-2,-1.4038086E-2],"split_indices":[0,0,0,0,0,0,0,0,0,0,0],"split_type":[0,0,0,0,0,0,0,0,0,0,0],"sum_hessian":[9E0,7E0,2E0,1E0,6E0,1E0,1E0,4E0,2E0,2E0,2E0],"tree_param":{"num_deleted":"0","num_feature":"2","num_nodes":"11","size_leaf_vector":"1"}},{"base_weights":[1.0053253E-1,-5.734768E-1,1.8643799E0,-1.8561248E-1,-1.2508066E-1,5.542145E-2,2.2423553E-1,-3.037445E-1,2.1438599E-1,-4.2985536E-2,-1.6475296E-2,6.542969E-3,2.561493E-2],"categories":[],"categories_nodes":[],"categories_segments":[],"categories_sizes":[],"default_left":[0,0,0,0,0,0,0,0,0,0,0,0,0],"id":57,"left_children":[1,3,5,-1,7,-1,-1,9,11,-1,-1,-1,-1],"loss_changes":[1.2957675E1,4.36891E0,2.4288559E-1,0E0,4.8967147E-1,0E0,0E0,1.6821772E-2,1.9029528E-3,0E0,0E0,0E0,0E0],"parents":[2147483647,0,0,1,1,2,2,4,4,7,7,8,8],"right_children":[2,4,6,-1,8,-1,-1,10,12,-1,-1,-1,-1],"split_conditions":[9.1335565E-1,1.02306545E-1,1E0,-1.8561248E-1,6.1272323E-1,5.542145E-2,2.2423553E-1,2.8954613E-1,8.0405504E-1,-4.2985536E-2,-1.6475296E-2,6.542969E-3,2.561493E-2],"split_indices":[0,0,0,0,0,0,0,0,0,0,0,0,0],"split_type":[0,0,0,0,0,0,0,0,0,0,0,0,0],"sum_hessian":[9E0,7E0,2E0,1E0,6E0,1E0,1E0,4E0,2E0,1E0,3E0,1E0,1E0],"tree_param":{"num_deleted":"0","num_feature":"2","num_nodes":"13","size_leaf_vector":"1"}},{"base_weights":[9.7155765E-2,-5.4273987E-1,1.7711588E0,-1.763321E-1,-1.16468154E-1,5.265045E-2,2.1302338E-1,-2.8526002E-1,2.0367432E-1,-4.0836334E-2,-1.5239335E-2,6.2164306E-3,2.4334718E-2],"categories":[],"categories_nodes":[],"categories_segments":[],"categories_sizes":[],"default_left":[0,0,0,0,0,0,0,0,0,0,0,0,0],"id":58,"left_children":[1,3,5,-1,7,-1,-1,9,11,-1,-1,-1,-1],"loss_changes":[1.1673151E1,3.9570227E0,2.1919441E-1,0E0,4.363622E-1,0E0,0E0,1.9549787E-2,1.7148182E-3,0E0,0E0,0E0,0E0],"parents":[2147483647,0,0,1,1,2,2,4,4,7,7,8,8],"right_children":[2,4,6,-1,8,-1,-1,10,12,-1,-1,-1,-1],"split_conditions":[9.1335565E-1,1.02306545E-1,1E0,-1.763321E-1,6.1272323E-1,5.265045E-2,2.1302338E-1,2.8954613E-1,8.0405504E-1,-4.0836334E-2,-1.5239335E-2,6.2164306E-3,2.4334718E-2],"split_indices":[0,0,0,0,0,0,0,0,0,0,0,0,0],"split_type":[0,0,0,0,0,0,0,0,0,0,0,0,0],"sum_hessian":[9E0,7E0,2E0,1E0,6E0,1E0,1E0,4E0,2E0,1E0,3E0,1E0,1E0],"tree_param":{"num_deleted":"0","num_feature":"2","num_nodes":"13","size_leaf_vector":"1"}},{"base_weights":[9.382172E-2,-5.137005E-1,1.682607E0,-1.6751556E-1,-1.0847037E-1,5.001831E-2,2.0237274E-1,-2.679535E-1,1.9349162E-1,-3.8794708E-2,-1.4096833E-2,5.9051514E-3,2.3118591E-2],"categories":[],"categories_nodes":[],"categories_segments":[],"categories_sizes":[],"default_left":[0,0,0,0,0,0,0,0,0,0,0,0,0],"id":59,"left_children":[1,3,5,-1,7,-1,-1,9,11,-1,-1,-1,-1],"loss_changes":[1.051658E1,3.583548E0,1.9781303E-1,0E0,3.8895166E-1,0E0,0E0,2.149877E-2,1.5509948E-3,0E0,0E0,0E0,0E0],"parents":[2147483647,0,0,1,1,2,2,4,4,7,7,8,8],"right_children":[2,4,6,-1,8,-1,-1,10,12,-1,-1,-1,-1],"split_conditions":[9.1335565E-1,1.02306545E-1,1E0,-1.6751556E-1,6.1272323E-1,5.001831E-2,2.0237274E-1,2.8954613E-1,8.0405504E-1,-3.8794708E-2,-1.4096833E-2,5.9051514E-3,2.3118591E-2],"split_indices":[0,0,0,0,0,0,0,0,0,0,0,0,0],"split_type":[0,0,0,0,0,0,0,0,0,0,0,0,0],"sum_hessian":[9E0,7E0,2E0,1E0,6E0,1E0,1E0,4E0,2E0,1E0,3E0,1E0,1E0],"tree_param":{"num_deleted":"0","num_feature":"2","num_nodes":"13","size_leaf_vector":"1"}},{"base_weights":[9.0538025E-2,-4.8625755E-1,1.5984802E0,-1.5914002E-1,-1.0103716E-1,4.7517397E-2,1.9225465E-1,-2.5173646E-1,1.8380737E-1,-3.6855318E-2,-1.3039398E-2,5.609131E-3,2.1961976E-2],"categories":[],"categories_nodes":[],"categories_segments":[],"categories_sizes":[],"default_left":[0,0,0,0,0,0,0,0,0,0,0,0,0],"id":60,"left_children":[1,3,5,-1,7,-1,-1,9,11,-1,-1,-1,-1],"loss_changes":[9.475018E0,3.2449973E0,1.785326E-1,0E0,3.467521E-1,0E0,0E0,2.2817016E-2,1.4026836E-3,0E0,0E0,0E0,0E0],"parents":[2147483647,0,0,1,1,2,2,4,4,7,7,8,8],"right_children":[2,4,6,-1,8,-1,-1,10,12,-1,-1,-1,-1],"split_conditions":[9.1335565E-1,1.02306545E-1,1E0,-1.5914002E-1,6.1272323E-1,4.7517397E-2,1.9225465E-1,2.8954613E-1,8.0405504E-1,-3.6855318E-2,-1.3039398E-2,5.609131E-3,2.1961976E-2],"split_indices":[0,0,0,0,0,0,0,0,0,0,0,0,0],"split_type":[0,0,0,0,0,0,0,0,0,0,0,0,0],"sum_hessian":[9E0,7E0,2E0,1E0,6E0,1E0,1E0,4E0,2E0,1E0,3E0,1E0,1E0],"tree_param":{"num_deleted":"0","num_feature":"2","num_nodes":"13","size_leaf_vector":"1"}},{"base_weights":[8.731079E-2,-4.6031952E-1,1.5185547E0,-1.5118332E-1,-9.412711E-2,4.5141604E-2,1.8264161E-1,-2.365448E-1,1.746114E-1,-3.501282E-2,-1.2061692E-2,5.3283693E-3,2.0863343E-2],"categories":[],"categories_nodes":[],"categories_segments":[],"categories_sizes":[],"default_left":[0,0,0,0,0,0,0,0,0,0,0,0,0],"id":61,"left_children":[1,3,5,-1,7,-1,-1,9,11,-1,-1,-1,-1],"loss_changes":[8.536945E0,2.9381459E0,1.6111898E-1,0E0,3.0921528E-1,0E0,0E0,2.3606002E-2,1.2666807E-3,0E0,0E0,0E0,0E0],"parents":[2147483647,0,0,1,1,2,2,4,4,7,7,8,8],"right_children":[2,4,6,-1,8,-1,-1,10,12,-1,-1,-1,-1],"split_conditions":[9.1335565E-1,1.02306545E-1,1E0,-1.5118332E-1,6.1272323E-1,4.5141604E-2,1.8264161E-1,2.8954613E-1,8.0405504E-1,-3.501282E-2,-1.2061692E-2,5.3283693E-3,2.0863343E-2],"split_indices":[0,0,0,0,0,0,0,0,0,0,0,0,0],"split_type":[0,0,0,0,0,0,0,0,0,0,0,0,0],"sum_hessian":[9E0,7E0,2E0,1E0,6E0,1E0,1E0,4E0,2E0,1E0,3E0,1E0,1E0],"tree_param":{"num_deleted":"0","num_feature":"2","num_nodes":"13","size_leaf_vector":"1"}},{"base_weights":[8.414765E-2,-4.3580055E-1,1.442627E0,-1.4362411E-1,-8.770316E-2,4.2884827E-2,1.7350923E-1,-2.2230835E-1,1.6587321E-1,-3.3261873E-2,-1.1157609E-2,5.0613405E-3,1.9819641E-2],"categories":[],"categories_nodes":[],"categories_segments":[],"categories_sizes":[],"default_left":[0,0,0,0,0,0,0,0,0,0,0,0,0],"id":62,"left_children":[1,3,5,-1,7,-1,-1,9,11,-1,-1,-1,-1],"loss_changes":[7.692086E0,2.6600435E0,1.4539385E-1,0E0,2.7580386E-1,0E0,0E0,2.396229E-2,1.1453107E-3,0E0,0E0,0E0,0E0],"parents":[2147483647,0,0,1,1,2,2,4,4,7,7,8,8],"right_children":[2,4,6,-1,8,-1,-1,10,12,-1,-1,-1,-1],"split_conditions":[9.1335565E-1,1.02306545E-1,1E0,-1.4362411E-1,6.1272323E-1,4.2884827E-2,1.7350923E-1,2.8954613E-1,8.0405504E-1,-3.3261873E-2,-1.1157609E-2,5.0613405E-3,1.9819641E-2],"split_indices":[0,0,0,0,0,0,0,0,0,0,0,0,0],"split_type":[0,0,0,0,0,0,0,0,0,0,0,0,0],"sum_hessian":[9E0,7E0,2E0,1E0,6E0,1E0,1E0,4E0,2E0,1E0,3E0,1E0,1E0],"tree_param":{"num_deleted":"0","num_feature":"2","num_nodes":"13","size_leaf_vector":"1"}},{"base_weights":[8.105926E-2,-4.12611E-1,1.3704935E0,-1.3644257E-1,-8.171953E-2,4.0740967E-2,1.6483307E-1,-2.0895691E-1,1.575826E-1,-3.1598665E-2,-1.0320283E-2,4.8080445E-3,1.8829346E-2],"categories":[],"categories_nodes":[],"categories_segments":[],"categories_sizes":[],"default_left":[0,0,0,0,0,0,0,0,0,0,0,0,0],"id":63,"left_children":[1,3,5,-1,7,-1,-1,9,11,-1,-1,-1,-1],"loss_changes":[6.9310346E0,2.4080787E0,1.3119555E-1,0E0,2.460652E-1,0E0,0E0,2.3983434E-2,1.0354817E-3,0E0,0E0,0E0,0E0],"parents":[2147483647,0,0,1,1,2,2,4,4,7,7,8,8],"right_children":[2,4,6,-1,8,-1,-1,10,12,-1,-1,-1,-1],"split_conditions":[9.1335565E-1,1.02306545E-1,1E0,-1.3644257E-1,6.1272323E-1,4.0740967E-2,1.6483307E-1,2.8954613E-1,8.0405504E-1,-3.1598665E-2,-1.0320283E-2,4.8080445E-3,1.8829346E-2],"split_indices":[0,0,0,0,0,0,0,0,0,0,0,0,0],"split_type":[0,0,0,0,0,0,0,0,0,0,0,0,0],"sum_hessian":[9E0,7E0,2E0,1E0,6E0,1E0,1E0,4E0,2E0,1E0,3E0,1E0,1E0],"tree_param":{"num_deleted":"0","num_feature":"2","num_nodes":"13","size_leaf_vector":"1"}},{"base_weights":[7.80365E-2,-3.9069366E-1,1.3019714E0,-1.2962036E-1,-7.616316E-2,3.870392E-2,1.565918E-1,-1.9644776E-1,1.496989E-1,-3.0018616E-2,-9.546662E-3,4.566956E-3,1.788788E-2],"categories":[],"categories_nodes":[],"categories_segments":[],"categories_sizes":[],"default_left":[0,0,0,0,0,0,0,0,0,0,0,0,0],"id":64,"left_children":[1,3,5,-1,7,-1,-1,9,11,-1,-1,-1,-1],"loss_changes":[6.245624E0,2.1797612E0,1.184082E-1,0E0,2.1958211E-1,0E0,0E0,2.3720354E-2,9.373799E-4,0E0,0E0,0E0,0E0],"parents":[2147483647,0,0,1,1,2,2,4,4,7,7,8,8],"right_children":[2,4,6,-1,8,-1,-1,10,12,-1,-1,-1,-1],"split_conditions":[9.1335565E-1,1.02306545E-1,1E0,-1.2962036E-1,6.1272323E-1,3.870392E-2,1.565918E-1,2.8954613E-1,8.0405504E-1,-3.0018616E-2,-9.546662E-3,4.566956E-3,1.788788E-2],"split_indices":[0,0,0,0,0,0,0,0,0,0,0,0,0],"split_type":[0,0,0,0,0,0,0,0,0,0,0,0,0],"sum_hessian":[9E0,7E0,2E0,1E0,6E0,1E0,1E0,4E0,2E0,1E0,3E0,1E0,1E0],"tree_param":{"num_deleted":"0","num_feature":"2","num_nodes":"13","size_leaf_vector":"1"}},{"base_weights":[7.5091556E-2,-3.699646E-1,1.2368774E0,-1.23139195E-1,-7.099043E-2,3.6769103E-2,1.4876251E-1,-1.8471375E-1,1.4221191E-1,-2.8517915E-2,-8.830261E-3,4.338074E-3,1.6993714E-2],"categories":[],"categories_nodes":[],"categories_segments":[],"categories_sizes":[],"default_left":[0,0,0,0,0,0,0,0,0,0,0,0,0],"id":65,"left_children":[1,3,5,-1,7,-1,-1,9,11,-1,-1,-1,-1],"loss_changes":[5.6282E0,1.972939E0,1.0685301E-1,0E0,1.9599104E-1,0E0,0E0,2.3247853E-2,8.483492E-4,0E0,0E0,0E0,0E0],"parents":[2147483647,0,0,1,1,2,2,4,4,7,7,8,8],"right_children":[2,4,6,-1,8,-1,-1,10,12,-1,-1,-1,-1],"split_conditions":[9.1335565E-1,1.02306545E-1,1E0,-1.23139195E-1,6.1272323E-1,3.6769103E-2,1.4876251E-1,2.8954613E-1,8.0405504E-1,-2.8517915E-2,-8.830261E-3,4.338074E-3,1.6993714E-2],"split_indices":[0,0,0,0,0,0,0,0,0,0,0,0,0],"split_type":[0,0,0,0,0,0,0,0,0,0,0,0,0],"sum_hessian":[9E0,7E0,2E0,1E0,6E0,1E0,1E0,4E0,2E0,1E0,3E0,1E0,1E0],"tree_param":{"num_deleted":"0","num_feature":"2","num_nodes":"13","size_leaf_vector":"1"}},{"base_weights":[7.2216794E-2,-3.5036469E-1,1.1750284E0,-9.60495E-1,1.3094584E-2,3.493042E-2,1.4132385E-1,-1.16982274E-1,-2.709198E-2,-8.168411E-3,1.3510132E-1,4.121399E-3,1.6143799E-2],"categories":[],"categories_nodes":[],"categories_segments":[],"categories_sizes":[],"default_left":[0,0,0,0,0,0,0,0,0,0,0,0,0],"id":66,"left_children":[1,3,5,7,9,-1,-1,-1,-1,-1,11,-1,-1],"loss_changes":[5.0719666E0,1.7866373E0,9.643698E-2,1.16113424E-1,8.041747E-2,0E0,0E0,0E0,0E0,0E0,7.645339E-4,0E0,0E0],"parents":[2147483647,0,0,1,1,2,2,3,3,4,4,10,10],"right_children":[2,4,6,8,10,-1,-1,-1,-1,-1,12,-1,-1],"split_conditions":[9.1335565E-1,2.8954613E-1,1E0,1.02306545E-1,6.1272323E-1,3.493042E-2,1.4132385E-1,-1.16982274E-1,-2.709198E-2,-8.168411E-3,8.0405504E-1,4.121399E-3,1.6143799E-2],"split_indices":[0,0,0,0,0,0,0,0,0,0,0,0,0],"split_type":[0,0,0,0,0,0,0,0,0,0,0,0,0],"sum_hessian":[9E0,7E0,2E0,2E0,5E0,1E0,1E0,1E0,1E0,3E0,2E0,1E0,1E0],"tree_param":{"num_deleted":"0","num_feature":"2","num_nodes":"13","size_leaf_vector":"1"}},{"base_weights":[6.9424435E-2,-3.3182144E-1,1.116272E0,-9.124654E-1,1.3804118E-2,3.3183288E-2,1.3425751E-1,-1.11132815E-1,-2.5737E-2,-7.5553893E-3,1.2834676E-1,3.9154054E-3,1.5336609E-2],"categories":[],"categories_nodes":[],"categories_segments":[],"categories_sizes":[],"default_left":[0,0,0,0,0,0,0,0,0,0,0,0,0],"id":67,"left_children":[1,3,5,7,9,-1,-1,-1,-1,-1,11,-1,-1],"loss_changes":[4.5708356E0,1.6180788E0,8.7052345E-2,1.0479975E-1,7.1108915E-2,0E0,0E0,0E0,0E0,0E0,6.897226E-4,0E0,0E0],"parents":[2147483647,0,0,1,1,2,2,3,3,4,4,10,10],"right_children":[2,4,6,8,10,-1,-1,-1,-1,-1,12,-1,-1],"split_conditions":[9.1335565E-1,2.8954613E-1,1E0,1.02306545E-1,6.1272323E-1,3.3183288E-2,1.3425751E-1,-1.11132815E-1,-2.5737E-2,-7.5553893E-3,8.0405504E-1,3.9154054E-3,1.5336609E-2],"split_indices":[0,0,0,0,0,0,0,0,0,0,0,0,0],"split_type":[0,0,0,0,0,0,0,0,0,0,0,0,0],"sum_hessian":[9E0,7E0,2E0,2E0,5E0,1E0,1E0,1E0,1E0,3E0,2E0,1E0,1E0],"tree_param":{"num_deleted":"0","num_feature":"2","num_nodes":"13","size_leaf_vector":"1"}},{"base_weights":[6.671295E-2,-3.1428337E-1,1.0604655E0,-8.668416E-1,1.4376323E-2,3.152466E-2,1.2754516E-1,-1.0557633E-1,-2.444992E-2,-6.988144E-3,1.21927895E-1,3.7200928E-3,1.4569092E-2],"categories":[],"categories_nodes":[],"categories_segments":[],"categories_sizes":[],"default_left":[0,0,0,0,0,0,0,0,0,0,0,0,0],"id":68,"left_children":[1,3,5,7,9,-1,-1,-1,-1,-1,11,-1,-1],"loss_changes":[4.119447E0,1.4652908E0,7.855344E-2,9.458876E-2,6.2892824E-2,0E0,0E0,0E0,0E0,0E0,6.202683E-4,0E0,0E0],"parents":[2147483647,0,0,1,1,2,2,3,3,4,4,10,10],"right_children":[2,4,6,8,10,-1,-1,-1,-1,-1,12,-1,-1],"split_conditions":[9.1335565E-1,2.8954613E-1,1E0,1.02306545E-1,6.1272323E-1,3.152466E-2,1.2754516E-1,-1.0557633E-1,-2.444992E-2,-6.988144E-3,8.0405504E-1,3.7200928E-3,1.4569092E-2],"split_indices":[0,0,0,0,0,0,0,0,0,0,0,0,0],"split_type":[0,0,0,0,0,0,0,0,0,0,0,0,0],"sum_hessian":[9E0,7E0,2E0,2E0,5E0,1E0,1E0,1E0,1E0,3E0,2E0,1E0,1E0],"tree_param":{"num_deleted":"0","num_feature":"2","num_nodes":"13","size_leaf_vector":"1"}},{"base_weights":[6.407776E-2,-2.9769516E-1,1.0074463E0,-8.235016E-1,1.4823914E-2,2.9948426E-2,1.2116852E-1,-1.0029755E-1,-2.3227692E-2,-6.4640045E-2,1.1583456E-1,-7.3572793E-3,-1.8920898E-3,3.5339356E-3,1.3841248E-2],"categories":[],"categories_nodes":[],"categories_segments":[],"categories_sizes":[],"default_left":[0,0,0,0,0,0,0,0,0,0,0,0,0,0,0],"id":69,"left_children":[1,3,5,7,9,-1,-1,-1,-1,11,13,-1,-1,-1,-1],"loss_changes":[3.7127638E0,1.3268038E0,7.0899725E-2,8.536005E-2,5.5647783E-2,0E0,0E0,0E0,0E0,2.4152733E-4,5.60835E-4,0E0,0E0,0E0,0E0],"parents":[2147483647,0,0,1,1,2,2,3,3,4,4,9,9,10,10],"right_children":[2,4,6,8,10,-1,-1,-1,-1,12,14,-1,-1,-1,-1],"split_conditions":[9.1335565E-1,2.8954613E-1,1E0,1.02306545E-1,6.1272323E-1,2.9948426E-2,1.2116852E-1,-1.0029755E-1,-2.3227692E-2,5.072545E-1,8.0405504E-1,-7.3572793E-3,-1.8920898E-3,3.5339356E-3,1.3841248E-2],"split_indices":[0,0,0,0,0,0,0,0,0,0,0,0,0,0,0],"split_type":[0,0,0,0,0,0,0,0,0,0,0,0,0,0,0],"sum_hessian":[9E0,7E0,2E0,2E0,5E0,1E0,1E0,1E0,1E0,3E0,2E0,2E0,1E0,1E0,1E0],"tree_param":{"num_deleted":"0","num_feature":"2","num_nodes":"15","size_leaf_vector":"1"}},{"base_weights":[6.124115E-2,-2.8235435E-1,9.570821E-1,-7.823283E-1,1.469167E-2,2.8451538E-2,1.1511078E-1,-9.528275E-2,-2.2066498E-2,-6.0489655E-2,1.1003622E-1,-6.866964E-3,-1.7974854E-3,3.3569336E-3,1.3148499E-2],"categories":[],"categories_nodes":[],"categories_segments":[],"categories_sizes":[],"default_left":[0,0,0,0,0,0,0,0,0,0,0,0,0,0,0],"id":70,"left_children":[1,3,5,7,9,-1,-1,-1,-1,11,13,-1,-1,-1,-1],"loss_changes":[3.3483057E0,1.1996158E0,6.397772E-2,7.703364E-2,4.966483E-2,0E0,0E0,0E0,0E0,1.5675556E-4,5.064979E-4,0E0,0E0,0E0,0E0],"parents":[2147483647,0,0,1,1,2,2,3,3,4,4,9,9,10,10],"right_children":[2,4,6,8,10,-1,-1,-1,-1,12,14,-1,-1,-1,-1],"split_conditions":[9.1335565E-1,2.8954613E-1,1E0,1.02306545E-1,6.1272323E-1,2.8451538E-2,1.1511078E-1,-9.528275E-2,-2.2066498E-2,5.072545E-1,8.0405504E-1,-6.866964E-3,-1.7974854E-3,3.3569336E-3,1.3148499E-2],"split_indices":[0,0,0,0,0,0,0,0,0,0,0,0,0,0,0],"split_type":[0,0,0,0,0,0,0,0,0,0,0,0,0,0,0],"sum_hessian":[9E0,7E0,2E0,2E0,5E0,1E0,1E0,1E0,1E0,3E0,2E0,2E0,1E0,1E0,1E0],"tree_param":{"num_deleted":"0","num_feature":"2","num_nodes":"15","size_leaf_vector":"1"}},{"base_weights":[5.8522034E-2,-2.678089E-1,9.0923053E-1,-7.432149E-1,1.4528911E-2,2.702942E-2,1.0935517E-1,-9.051895E-2,-2.0963287E-2,-5.6606293E-2,1.04532875E-1,-6.4092004E-3,-1.7074585E-3,3.189087E-3,1.2490845E-2],"categories":[],"categories_nodes":[],"categories_segments":[],"categories_sizes":[],"default_left":[0,0,0,0,0,0,0,0,0,0,0,0,0,0,0],"id":71,"left_children":[1,3,5,7,9,-1,-1,-1,-1,11,13,-1,-1,-1,-1],"loss_changes":[3.0196252E0,1.0845989E0,5.7727575E-2,6.952274E-2,4.433192E-2,0E0,0E0,0E0,0E0,8.934643E-5,4.569292E-4,0E0,0E0,0E0,0E0],"parents":[2147483647,0,0,1,1,2,2,3,3,4,4,9,9,10,10],"right_children":[2,4,6,8,10,-1,-1,-1,-1,12,14,-1,-1,-1,-1],"split_conditions":[9.1335565E-1,2.8954613E-1,1E0,1.02306545E-1,6.1272323E-1,2.702942E-2,1.0935517E-1,-9.051895E-2,-2.0963287E-2,5.072545E-1,8.0405504E-1,-6.4092004E-3,-1.7074585E-3,3.189087E-3,1.2490845E-2],"split_indices":[0,0,0,0,0,0,0,0,0,0,0,0,0,0,0],"split_type":[0,0,0,0,0,0,0,0,0,0,0,0,0,0,0],"sum_hessian":[9E0,7E0,2E0,2E0,5E0,1E0,1E0,1E0,1E0,3E0,2E0,2E0,1E0,1E0,1E0],"tree_param":{"num_deleted":"0","num_feature":"2","num_nodes":"15","size_leaf_vector":"1"}},{"base_weights":[5.5918884E-2,-2.5401497E-1,8.6376953E-1,-7.060547E-1,1.4340718E-2,2.5677491E-2,1.0388794E-1,-8.599319E-2,-1.9915009E-2,-5.29747E-2,9.931437E-2,-5.981954E-3,-1.6220093E-3,3.0303956E-3,1.186676E-2],"categories":[],"categories_nodes":[],"categories_segments":[],"categories_sizes":[],"default_left":[0,0,0,0,0,0,0,0,0,0,0,0,0,0,0],"id":72,"left_children":[1,3,5,7,9,-1,-1,-1,-1,11,13,-1,-1,-1,-1],"loss_changes":[2.723213E0,9.8058474E-1,5.211401E-2,6.274772E-2,3.9581373E-2,0E0,0E0,0E0,0E0,3.603846E-5,4.106257E-4,0E0,0E0,0E0,0E0],"parents":[2147483647,0,0,1,1,2,2,3,3,4,4,9,9,10,10],"right_children":[2,4,6,8,10,-1,-1,-1,-1,12,14,-1,-1,-1,-1],"split_conditions":[9.1335565E-1,2.8954613E-1,1E0,1.02306545E-1,6.1272323E-1,2.5677491E-2,1.0388794E-1,-8.599319E-2,-1.9915009E-2,5.072545E-1,8.0405504E-1,-5.981954E-3,-1.6220093E-3,3.0303956E-3,1.186676E-2],"split_indices":[0,0,0,0,0,0,0,0,0,0,0,0,0,0,0],"split_type":[0,0,0,0,0,0,0,0,0,0,0,0,0,0,0],"sum_hessian":[9E0,7E0,2E0,2E0,5E0,1E0,1E0,1E0,1E0,3E0,2E0,2E0,1E0,1E0,1E0],"tree_param":{"num_deleted":"0","num_feature":"2","num_nodes":"15","size_leaf_vector":"1"}},{"base_weights":[5.342407E-2,-2.409401E-1,8.2058716E-1,-6.707509E-1,1.4122009E-2,2.4394227E-2,9.869385E-2,-8.169327E-2,-1.8919373E-2,-4.9579623E-3,9.435018E-2,2.8793334E-3,1.1273193E-2],"categories":[],"categories_nodes":[],"categories_segments":[],"categories_sizes":[],"default_left":[0,0,0,0,0,0,0,0,0,0,0,0,0],"id":73,"left_children":[1,3,5,7,9,-1,-1,-1,-1,-1,11,-1,-1],"loss_changes":[2.4559655E0,8.8650006E-1,4.7020912E-2,5.662608E-2,3.5341837E-2,0E0,0E0,0E0,0E0,0E0,3.6922097E-4,0E0,0E0],"parents":[2147483647,0,0,1,1,2,2,3,3,4,4,10,10],"right_children":[2,4,6,8,10,-1,-1,-1,-1,-1,12,-1,-1],"split_conditions":[9.1335565E-1,2.8954613E-1,1E0,1.02306545E-1,6.1272323E-1,2.4394227E-2,9.869385E-2,-8.169327E-2,-1.8919373E-2,-4.9579623E-3,8.0405504E-1,2.8793334E-3,1.1273193E-2],"split_indices":[0,0,0,0,0,0,0,0,0,0,0,0,0],"split_type":[0,0,0,0,0,0,0,0,0,0,0,0,0],"sum_hessian":[9E0,7E0,2E0,2E0,5E0,1E0,1E0,1E0,1E0,3E0,2E0,1E0,1E0],"tree_param":{"num_deleted":"0","num_feature":"2","num_nodes":"13","size_leaf_vector":"1"}},{"base_weights":[5.1249694E-2,-2.2827339E-1,7.7956134E-1,-6.372121E-1,1.4241536E-2,2.317505E-2,9.375916E-2,-7.760849E-2,-1.7973328E-2,-4.586792E-2,8.96403E-2,-5.253093E-3,-1.2939454E-3,2.735901E-3,1.0710144E-2],"categories":[],"categories_nodes":[],"categories_segments":[],"categories_sizes":[],"default_left":[0,0,0,0,0,0,0,0,0,0,0,0,0,0,0],"id":74,"left_children":[1,3,5,7,9,-1,-1,-1,-1,11,13,-1,-1,-1,-1],"loss_changes":[2.2137523E0,8.024648E-1,4.242468E-2,5.1105857E-2,3.1304684E-2,0E0,0E0,0E0,0E0,1.9788835E-4,3.3231638E-4,0E0,0E0,0E0,0E0],"parents":[2147483647,0,0,1,1,2,2,3,3,4,4,9,9,10,10],"right_children":[2,4,6,8,10,-1,-1,-1,-1,12,14,-1,-1,-1,-1],"split_conditions":[9.1335565E-1,2.8954613E-1,1E0,1.02306545E-1,6.1272323E-1,2.317505E-2,9.375916E-2,-7.760849E-2,-1.7973328E-2,5.072545E-1,8.0405504E-1,-5.253093E-3,-1.2939454E-3,2.735901E-3,1.0710144E-2],"split_indices":[0,0,0,0,0,0,0,0,0,0,0,0,0,0,0],"split_type":[0,0,0,0,0,0,0,0,0,0,0,0,0,0,0],"sum_hessian":[9E0,7E0,2E0,2E0,5E0,1E0,1E0,1E0,1E0,3E0,2E0,2E0,1E0,1E0,1E0],"tree_param":{"num_deleted":"0","num_feature":"2","num_nodes":"15","size_leaf_vector":"1"}},{"base_weights":[4.8948668E-2,-2.1653557E-1,7.405904E-1,-6.0535175E-1,1.3961792E-2,2.2016907E-2,8.9071654E-2,-7.372818E-2,-1.7074585E-2,-4.2922974E-2,8.515421E-2,-4.9031577E-3,-1.2298584E-3,2.5985718E-3,1.017456E-2],"categories":[],"categories_nodes":[],"categories_segments":[],"categories_sizes":[],"default_left":[0,0,0,0,0,0,0,0,0,0,0,0,0,0,0],"id":75,"left_children":[1,3,5,7,9,-1,-1,-1,-1,11,13,-1,-1,-1,-1],"loss_changes":[1.9965638E0,7.254206E-1,3.827834E-2,4.6124935E-2,2.7953656E-2,0E0,0E0,0E0,0E0,1.4527002E-4,3.0113012E-4,0E0,0E0,0E0,0E0],"parents":[2147483647,0,0,1,1,2,2,3,3,4,4,9,9,10,10],"right_children":[2,4,6,8,10,-1,-1,-1,-1,12,14,-1,-1,-1,-1],"split_conditions":[9.1335565E-1,2.8954613E-1,1E0,1.02306545E-1,6.1272323E-1,2.2016907E-2,8.9071654E-2,-7.372818E-2,-1.7074585E-2,5.072545E-1,8.0405504E-1,-4.9031577E-3,-1.2298584E-3,2.5985718E-3,1.017456E-2],"split_indices":[0,0,0,0,0,0,0,0,0,0,0,0,0,0,0],"split_type":[0,0,0,0,0,0,0,0,0,0,0,0,0,0,0],"sum_hessian":[9E0,7E0,2E0,2E0,5E0,1E0,1E0,1E0,1E0,3E0,2E0,2E0,1E0,1E0,1E0],"tree_param":{"num_deleted":"0","num_feature":"2","num_nodes":"15","size_leaf_vector":"1"}},{"base_weights":[4.674835E-2,-2.0540047E-1,7.0356244E-1,-5.7508343E-1,1.3674418E-2,2.0916749E-2,8.4617615E-2,-7.004166E-2,-1.6220856E-2,-4.0164948E-2,8.09021E-2,-4.5761107E-3,-1.1688232E-3,2.4688721E-3,9.666443E-3],"categories":[],"categories_nodes":[],"categories_segments":[],"categories_sizes":[],"default_left":[0,0,0,0,0,0,0,0,0,0,0,0,0,0,0],"id":76,"left_children":[1,3,5,7,9,-1,-1,-1,-1,11,13,-1,-1,-1,-1],"loss_changes":[1.800661E0,6.557699E-1,3.4530044E-2,4.162723E-2,2.4966402E-2,0E0,0E0,0E0,0E0,1.0257447E-4,2.7164072E-4,0E0,0E0,0E0,0E0],"parents":[2147483647,0,0,1,1,2,2,3,3,4,4,9,9,10,10],"right_children":[2,4,6,8,10,-1,-1,-1,-1,12,14,-1,-1,-1,-1],"split_conditions":[9.1335565E-1,2.8954613E-1,1E0,1.02306545E-1,6.1272323E-1,2.0916749E-2,8.4617615E-2,-7.004166E-2,-1.6220856E-2,5.072545E-1,8.0405504E-1,-4.5761107E-3,-1.1688232E-3,2.4688721E-3,9.666443E-3],"split_indices":[0,0,0,0,0,0,0,0,0,0,0,0,0,0,0],"split_type":[0,0,0,0,0,0,0,0,0,0,0,0,0,0,0],"sum_hessian":[9E0,7E0,2E0,2E0,5E0,1E0,1E0,1E0,1E0,3E0,2E0,2E0,1E0,1E0,1E0],"tree_param":{"num_deleted":"0","num_feature":"2","num_nodes":"15","size_leaf_vector":"1"}},{"base_weights":[4.463806E-2,-1.948471E-1,6.683858E-1,-5.4633075E-1,1.3369243E-2,1.9871522E-2,8.0386356E-2,-6.6539764E-2,-1.5409851E-2,-3.7586212E-2,7.685343E-2,-4.270935E-3,-1.1108399E-3,2.3452758E-3,9.182739E-3],"categories":[],"categories_nodes":[],"categories_segments":[],"categories_sizes":[],"default_left":[0,0,0,0,0,0,0,0,0,0,0,0,0,0,0],"id":77,"left_children":[1,3,5,7,9,-1,-1,-1,-1,11,13,-1,-1,-1,-1],"loss_changes":[1.6240165E0,5.927812E-1,3.1149626E-2,3.7568808E-2,2.2297824E-2,0E0,0E0,0E0,0E0,6.816536E-5,2.4525262E-4,0E0,0E0,0E0,0E0],"parents":[2147483647,0,0,1,1,2,2,3,3,4,4,9,9,10,10],"right_children":[2,4,6,8,10,-1,-1,-1,-1,12,14,-1,-1,-1,-1],"split_conditions":[9.1335565E-1,2.8954613E-1,1E0,1.02306545E-1,6.1272323E-1,1.9871522E-2,8.0386356E-2,-6.6539764E-2,-1.5409851E-2,5.072545E-1,8.0405504E-1,-4.270935E-3,-1.1108399E-3,2.3452758E-3,9.182739E-3],"split_indices":[0,0,0,0,0,0,0,0,0,0,0,0,0,0,0],"split_type":[0,0,0,0,0,0,0,0,0,0,0,0,0,0,0],"sum_hessian":[9E0,7E0,2E0,2E0,5E0,1E0,1E0,1E0,1E0,3E0,2E0,2E0,1E0,1E0,1E0],"tree_param":{"num_deleted":"0","num_feature":"2","num_nodes":"15","size_leaf_vector":"1"}},{"base_weights":[4.2619325E-2,-1.8483925E-1,6.3496906E-1,-5.1901245E-1,1.3053894E-2,1.8878175E-2,7.636719E-2,-6.321259E-2,-1.4639283E-2,-3.5175323E-2,7.300822E-2,-3.9861044E-3,-1.0559083E-3,2.2277832E-3,8.72345E-3],"categories":[],"categories_nodes":[],"categories_segments":[],"categories_sizes":[],"default_left":[0,0,0,0,0,0,0,0,0,0,0,0,0,0,0],"id":78,"left_children":[1,3,5,7,9,-1,-1,-1,-1,11,13,-1,-1,-1,-1],"loss_changes":[1.4647175E0,5.3581977E-1,2.8109431E-2,3.390616E-2,1.991739E-2,0E0,0E0,0E0,0E0,4.0483195E-5,2.217181E-4,0E0,0E0,0E0,0E0],"parents":[2147483647,0,0,1,1,2,2,3,3,4,4,9,9,10,10],"right_children":[2,4,6,8,10,-1,-1,-1,-1,12,14,-1,-1,-1,-1],"split_conditions":[9.1335565E-1,2.8954613E-1,1E0,1.02306545E-1,6.1272323E-1,1.8878175E-2,7.636719E-2,-6.321259E-2,-1.4639283E-2,5.072545E-1,8.0405504E-1,-3.9861044E-3,-1.0559083E-3,2.2277832E-3,8.72345E-3],"split_indices":[0,0,0,0,0,0,0,0,0,0,0,0,0,0,0],"split_type":[0,0,0,0,0,0,0,0,0,0,0,0,0,0,0],"sum_hessian":[9E0,7E0,2E0,2E0,5E0,1E0,1E0,1E0,1E0,3E0,2E0,2E0,1E0,1E0,1E0],"tree_param":{"num_deleted":"0","num_feature":"2","num_nodes":"15","size_leaf_vector":"1"}},{"base_weights":[4.068909E-2,-1.7534637E-1,6.0322064E-1,-4.9306235E-1,1.2736003E-2,1.7933656E-2,7.254944E-2,-6.0051728E-2,-1.39076235E-2,-3.2913208E-2,6.9356285E-2,-3.7200928E-3,-1.0025025E-3,2.116394E-3,8.287049E-3],"categories":[],"categories_nodes":[],"categories_segments":[],"categories_sizes":[],"default_left":[0,0,0,0,0,0,0,0,0,0,0,0,0,0,0],"id":79,"left_children":[1,3,5,7,9,-1,-1,-1,-1,11,13,-1,-1,-1,-1],"loss_changes":[1.3210402E0,4.8433384E-1,2.5382042E-2,3.0595005E-2,1.7790765E-2,0E0,0E0,0E0,0E0,1.9612256E-5,1.9997638E-4,0E0,0E0,0E0,0E0],"parents":[2147483647,0,0,1,1,2,2,3,3,4,4,9,9,10,10],"right_children":[2,4,6,8,10,-1,-1,-1,-1,12,14,-1,-1,-1,-1],"split_conditions":[9.1335565E-1,2.8954613E-1,1E0,1.02306545E-1,6.1272323E-1,1.7933656E-2,7.254944E-2,-6.0051728E-2,-1.39076235E-2,5.072545E-1,8.0405504E-1,-3.7200928E-3,-1.0025025E-3,2.116394E-3,8.287049E-3],"split_indices":[0,0,0,0,0,0,0,0,0,0,0,0,0,0,0],"split_type":[0,0,0,0,0,0,0,0,0,0,0,0,0,0,0],"sum_hessian":[9E0,7E0,2E0,2E0,5E0,1E0,1E0,1E0,1E0,3E0,2E0,2E0,1E0,1E0,1E0],"tree_param":{"num_deleted":"0","num_feature":"2","num_nodes":"15","size_leaf_vector":"1"}},{"base_weights":[3.8841248E-2,-1.663456E-1,5.730591E-1,-4.684092E-1,1.2410481E-2,1.7036438E-2,6.892242E-2,-5.7048798E-2,-1.3212586E-2,-3.0799866E-2,6.588745E-2,-3.471883E-3,-9.5214846E-4,2.0111084E-3,7.87201E-3],"categories":[],"categories_nodes":[],"categories_segments":[],"categories_sizes":[],"default_left":[0,0,0,0,0,0,0,0,0,0,0,0,0,0,0],"id":80,"left_children":[1,3,5,7,9,-1,-1,-1,-1,11,13,-1,-1,-1,-1],"loss_changes":[1.1914706E0,4.3777886E-1,2.2917986E-2,2.760595E-2,1.5893877E-2,0E0,0E0,0E0,0E0,2.9820949E-6,1.7914828E-4,0E0,0E0,0E0,0E0],"parents":[2147483647,0,0,1,1,2,2,3,3,4,4,9,9,10,10],"right_children":[2,4,6,8,10,-1,-1,-1,-1,12,14,-1,-1,-1,-1],"split_conditions":[9.1335565E-1,2.8954613E-1,1E0,1.02306545E-1,6.1272323E-1,1.7036438E-2,6.892242E-2,-5.7048798E-2,-1.3212586E-2,5.072545E-1,8.0405504E-1,-3.471883E-3,-9.5214846E-4,2.0111084E-3,7.87201E-3],"split_indices":[0,0,0,0,0,0,0,0,0,0,0,0,0,0,0],"split_type":[0,0,0,0,0,0,0,0,0,0,0,0,0,0,0],"sum_hessian":[9E0,7E0,2E0,2E0,5E0,1E0,1E0,1E0,1E0,3E0,2E0,2E0,1E0,1E0,1E0],"tree_param":{"num_deleted":"0","num_feature":"2","num_nodes":"15","size_leaf_vector":"1"}},{"base_weights":[3.7075806E-2,-1.5781021E-1,5.4441327E-1,-4.4498697E-1,1.2079875E-2,1.6184999E-2,6.547699E-2,-5.4196168E-2,-1.255188E-2,-2.8823854E-3,6.259155E-2,1.9104005E-3,7.4783326E-3],"categories":[],"categories_nodes":[],"categories_segments":[],"categories_sizes":[],"default_left":[0,0,0,0,0,0,0,0,0,0,0,0,0],"id":81,"left_children":[1,3,5,7,9,-1,-1,-1,-1,-1,11,-1,-1],"loss_changes":[1.0746437E0,3.9568323E-1,2.0680726E-2,2.4914622E-2,1.4200825E-2,0E0,0E0,0E0,0E0,0E0,1.619095E-4,0E0,0E0],"parents":[2147483647,0,0,1,1,2,2,3,3,4,4,10,10],"right_children":[2,4,6,8,10,-1,-1,-1,-1,-1,12,-1,-1],"split_conditions":[9.1335565E-1,2.8954613E-1,1E0,1.02306545E-1,6.1272323E-1,1.6184999E-2,6.547699E-2,-5.4196168E-2,-1.255188E-2,-2.8823854E-3,8.0405504E-1,1.9104005E-3,7.4783326E-3],"split_indices":[0,0,0,0,0,0,0,0,0,0,0,0,0],"split_type":[0,0,0,0,0,0,0,0,0,0,0,0,0],"sum_hessian":[9E0,7E0,2E0,2E0,5E0,1E0,1E0,1E0,1E0,3E0,2E0,1E0,1E0],"tree_param":{"num_deleted":"0","num_feature":"2","num_nodes":"13","size_leaf_vector":"1"}},{"base_weights":[3.5507202E-2,-1.4956284E-1,5.171916E-1,-4.227346E-1,1.1950175E-2,1.5376282E-2,6.2202454E-2,-5.1486205E-2,-1.1923981E-2,-2.6668549E-2,5.9458416E-2,-3.0481974E-3,-7.614136E-4,1.81427E-3,7.1044923E-3],"categories":[],"categories_nodes":[],"categories_segments":[],"categories_sizes":[],"default_left":[0,0,0,0,0,0,0,0,0,0,0,0,0,0,0],"id":82,"left_children":[1,3,5,7,9,-1,-1,-1,-1,11,13,-1,-1,-1,-1],"loss_changes":[9.688061E-1,3.5801804E-1,1.865369E-2,2.2488594E-2,1.2593915E-2,0E0,0E0,0E0,0E0,5.855644E-5,1.471676E-4,0E0,0E0,0E0,0E0],"parents":[2147483647,0,0,1,1,2,2,3,3,4,4,9,9,10,10],"right_children":[2,4,6,8,10,-1,-1,-1,-1,12,14,-1,-1,-1,-1],"split_conditions":[9.1335565E-1,2.8954613E-1,1E0,1.02306545E-1,6.1272323E-1,1.5376282E-2,6.2202454E-2,-5.1486205E-2,-1.1923981E-2,5.072545E-1,8.0405504E-1,-3.0481974E-3,-7.614136E-4,1.81427E-3,7.1044923E-3],"split_indices":[0,0,0,0,0,0,0,0,0,0,0,0,0,0,0],"split_type":[0,0,0,0,0,0,0,0,0,0,0,0,0,0,0],"sum_hessian":[9E0,7E0,2E0,2E0,5E0,1E0,1E0,1E0,1E0,3E0,2E0,2E0,1E0,1E0,1E0],"tree_param":{"num_deleted":"0","num_feature":"2","num_nodes":"15","size_leaf_vector":"1"}},{"base_weights":[3.3885192E-2,-1.4189339E-1,4.91333E-1,-4.0160117E-1,1.1609395E-2,1.4607239E-2,5.909271E-2,-4.891205E-2,-1.1328125E-2,-2.4951935E-2,5.6488037E-2,-2.844747E-3,-7.232666E-4,1.7242432E-3,6.7489627E-3],"categories":[],"categories_nodes":[],"categories_segments":[],"categories_sizes":[],"default_left":[0,0,0,0,0,0,0,0,0,0,0,0,0,0,0],"id":83,"left_children":[1,3,5,7,9,-1,-1,-1,-1,11,13,-1,-1,-1,-1],"loss_changes":[8.738122E-1,3.2358927E-1,1.6839623E-2,2.029252E-2,1.1254423E-2,0E0,0E0,0E0,0E0,4.2002182E-5,1.3160612E-4,0E0,0E0,0E0,0E0],"parents":[2147483647,0,0,1,1,2,2,3,3,4,4,9,9,10,10],"right_children":[2,4,6,8,10,-1,-1,-1,-1,12,14,-1,-1,-1,-1],"split_conditions":[9.1335565E-1,2.8954613E-1,1E0,1.02306545E-1,6.1272323E-1,1.4607239E-2,5.909271E-2,-4.891205E-2,-1.1328125E-2,5.072545E-1,8.0405504E-1,-2.844747E-3,-7.232666E-4,1.7242432E-3,6.7489627E-3],"split_indices":[0,0,0,0,0,0,0,0,0,0,0,0,0,0,0],"split_type":[0,0,0,0,0,0,0,0,0,0,0,0,0,0,0],"sum_hessian":[9E0,7E0,2E0,2E0,5E0,1E0,1E0,1E0,1E0,3E0,2E0,2E0,1E0,1E0,1E0],"tree_param":{"num_deleted":"0","num_feature":"2","num_nodes":"15","size_leaf_vector":"1"}},{"base_weights":[3.23349E-2,-1.3461876E-1,4.6676636E-1,-3.815206E-1,1.1268616E-2,1.3876343E-2,5.6138612E-2,-4.6466064E-2,-1.0762024E-2,-2.3349762E-2,5.3670246E-2,-3.0967712E-3,-1.0487874E-3,1.638794E-3,6.4117434E-3],"categories":[],"categories_nodes":[],"categories_segments":[],"categories_sizes":[],"default_left":[0,0,0,0,0,0,0,0,0,0,0,0,0,0,0],"id":84,"left_children":[1,3,5,7,9,-1,-1,-1,-1,11,13,-1,-1,-1,-1],"loss_changes":[7.8813475E-1,2.924581E-1,1.5206814E-2,1.8309385E-2,1.0060442E-2,0E0,0E0,0E0,0E0,6.713951E-5,1.1773314E-4,0E0,0E0,0E0,0E0],"parents":[2147483647,0,0,1,1,2,2,3,3,4,4,9,9,10,10],"right_children":[2,4,6,8,10,-1,-1,-1,-1,12,14,-1,-1,-1,-1],"split_conditions":[9.1335565E-1,2.8954613E-1,1E0,1.02306545E-1,6.1272323E-1,1.3876343E-2,5.6138612E-2,-4.6466064E-2,-1.0762024E-2,4.0725446E-1,8.0405504E-1,-3.0967712E-3,-1.0487874E-3,1.638794E-3,6.4117434E-3],"split_indices":[0,0,0,0,0,0,0,0,0,0,0,0,0,0,0],"split_type":[0,0,0,0,0,0,0,0,0,0,0,0,0,0,0],"sum_hessian":[9E0,7E0,2E0,2E0,5E0,1E0,1E0,1E0,1E0,3E0,2E0,1E0,2E0,1E0,1E0],"tree_param":{"num_deleted":"0","num_feature":"2","num_nodes":"15","size_leaf_vector":"1"}},{"base_weights":[3.076477E-2,-1.2782669E-1,4.434204E-1,-3.624471E-1,1.0787964E-2,1.3182068E-2,5.3330995E-2,-4.4142913E-2,-1.0224151E-2,-2.205658E-2,5.09847E-2,-2.9418946E-3,-9.796143E-4,1.5563965E-3,6.091309E-3],"categories":[],"categories_nodes":[],"categories_segments":[],"categories_sizes":[],"default_left":[0,0,0,0,0,0,0,0,0,0,0,0,0,0,0],"id":85,"left_children":[1,3,5,7,9,-1,-1,-1,-1,11,13,-1,-1,-1,-1],"loss_changes":[7.111175E-1,2.640847E-1,1.3727367E-2,1.6522288E-2,9.046009E-3,0E0,0E0,0E0,0E0,7.28711E-5,1.0696286E-4,0E0,0E0,0E0,0E0],"parents":[2147483647,0,0,1,1,2,2,3,3,4,4,9,9,10,10],"right_children":[2,4,6,8,10,-1,-1,-1,-1,12,14,-1,-1,-1,-1],"split_conditions":[9.1335565E-1,2.8954613E-1,1E0,1.02306545E-1,6.1272323E-1,1.3182068E-2,5.3330995E-2,-4.4142913E-2,-1.0224151E-2,4.0725446E-1,8.0405504E-1,-2.9418946E-3,-9.796143E-4,1.5563965E-3,6.091309E-3],"split_indices":[0,0,0,0,0,0,0,0,0,0,0,0,0,0,0],"split_type":[0,0,0,0,0,0,0,0,0,0,0,0,0,0,0],"sum_hessian":[9E0,7E0,2E0,2E0,5E0,1E0,1E0,1E0,1E0,3E0,2E0,1E0,2E0,1E0,1E0],"tree_param":{"num_deleted":"0","num_feature":"2","num_nodes":"15","size_leaf_vector":"1"}},{"base_weights":[2.9272461E-2,-1.2137604E-1,4.212443E-1,-3.4432474E-1,1.0327657E-2,1.2522888E-2,5.0663758E-2,-4.193573E-2,-9.712982E-3,-2.0832062E-2,4.8431396E-2,-2.7946474E-3,-9.1451005E-4,1.4785767E-3,5.786133E-3],"categories":[],"categories_nodes":[],"categories_segments":[],"categories_sizes":[],"default_left":[0,0,0,0,0,0,0,0,0,0,0,0,0,0,0],"id":86,"left_children":[1,3,5,7,9,-1,-1,-1,-1,11,13,-1,-1,-1,-1],"loss_changes":[6.416287E-1,2.3846142E-1,1.2387514E-2,1.4910907E-2,8.132736E-3,0E0,0E0,0E0,0E0,7.701013E-5,9.630434E-5,0E0,0E0,0E0,0E0],"parents":[2147483647,0,0,1,1,2,2,3,3,4,4,9,9,10,10],"right_children":[2,4,6,8,10,-1,-1,-1,-1,12,14,-1,-1,-1,-1],"split_conditions":[9.1335565E-1,2.8954613E-1,1E0,1.02306545E-1,6.1272323E-1,1.2522888E-2,5.0663758E-2,-4.193573E-2,-9.712982E-3,4.0725446E-1,8.0405504E-1,-2.7946474E-3,-9.1451005E-4,1.4785767E-3,5.786133E-3],"split_indices":[0,0,0,0,0,0,0,0,0,0,0,0,0,0,0],"split_type":[0,0,0,0,0,0,0,0,0,0,0,0,0,0,0],"sum_hessian":[9E0,7E0,2E0,2E0,5E0,1E0,1E0,1E0,1E0,3E0,2E0,1E0,2E0,1E0,1E0],"tree_param":{"num_deleted":"0","num_feature":"2","num_nodes":"15","size_leaf_vector":"1"}},{"base_weights":[2.7856445E-2,-1.15249634E-1,4.0018716E-1,-3.2710776E-1,9.887695E-3,1.1897278E-2,4.81308E-2,-3.9839175E-2,-9.22699E-3,-1.9676208E-2,4.6010334E-2,-2.6550293E-3,-8.534749E-4,1.4053344E-3,5.496216E-3],"categories":[],"categories_nodes":[],"categories_segments":[],"categories_sizes":[],"default_left":[0,0,0,0,0,0,0,0,0,0,0,0,0,0,0],"id":87,"left_children":[1,3,5,7,9,-1,-1,-1,-1,11,13,-1,-1,-1,-1],"loss_changes":[5.7894933E-1,2.153252E-1,1.117447E-2,1.3460964E-2,7.312866E-3,0E0,0E0,0E0,0E0,7.974927E-5,8.5818116E-5,0E0,0E0,0E0,0E0],"parents":[2147483647,0,0,1,1,2,2,3,3,4,4,9,9,10,10],"right_children":[2,4,6,8,10,-1,-1,-1,-1,12,14,-1,-1,-1,-1],"split_conditions":[9.1335565E-1,2.8954613E-1,1E0,1.02306545E-1,6.1272323E-1,1.1897278E-2,4.81308E-2,-3.9839175E-2,-9.22699E-3,4.0725446E-1,8.0405504E-1,-2.6550293E-3,-8.534749E-4,1.4053344E-3,5.496216E-3],"split_indices":[0,0,0,0,0,0,0,0,0,0,0,0,0,0,0],"split_type":[0,0,0,0,0,0,0,0,0,0,0,0,0,0,0],"sum_hessian":[9E0,7E0,2E0,2E0,5E0,1E0,1E0,1E0,1E0,3E0,2E0,1E0,2E0,1E0,1E0],"tree_param":{"num_deleted":"0","num_feature":"2","num_nodes":"15","size_leaf_vector":"1"}},{"base_weights":[2.6507568E-2,-1.0943222E-1,3.8017783E-1,-3.1075034E-1,9.465535E-3,1.1302185E-2,4.572449E-2,-3.784714E-2,-8.765412E-3,-1.8585205E-2,4.3711346E-2,-2.5222779E-3,-7.965088E-4,1.335144E-3,5.221558E-3],"categories":[],"categories_nodes":[],"categories_segments":[],"categories_sizes":[],"default_left":[0,0,0,0,0,0,0,0,0,0,0,0,0,0,0],"id":88,"left_children":[1,3,5,7,9,-1,-1,-1,-1,11,13,-1,-1,-1,-1],"loss_changes":[5.223823E-1,1.9443157E-1,1.0088116E-2,1.2150377E-2,6.576106E-3,0E0,0E0,0E0,0E0,8.106558E-5,7.7410135E-5,0E0,0E0,0E0,0E0],"parents":[2147483647,0,0,1,1,2,2,3,3,4,4,9,9,10,10],"right_children":[2,4,6,8,10,-1,-1,-1,-1,12,14,-1,-1,-1,-1],"split_conditions":[9.1335565E-1,2.8954613E-1,1E0,1.02306545E-1,6.1272323E-1,1.1302185E-2,4.572449E-2,-3.784714E-2,-8.765412E-3,4.0725446E-1,8.0405504E-1,-2.5222779E-3,-7.965088E-4,1.335144E-3,5.221558E-3],"split_indices":[0,0,0,0,0,0,0,0,0,0,0,0,0,0,0],"split_type":[0,0,0,0,0,0,0,0,0,0,0,0,0,0,0],"sum_hessian":[9E0,7E0,2E0,2E0,5E0,1E0,1E0,1E0,1E0,3E0,2E0,1E0,2E0,1E0,1E0],"tree_param":{"num_deleted":"0","num_feature":"2","num_nodes":"15","size_leaf_vector":"1"}},{"base_weights":[2.5221253E-2,-1.0391426E-1,3.6117554E-1,-2.952169E-1,9.056091E-3,1.073761E-2,4.343872E-2,-3.595505E-2,-8.327484E-3,-1.7559052E-2,4.152425E-2,-2.3963929E-3,-7.4361166E-4,1.2680053E-3,4.9606324E-3],"categories":[],"categories_nodes":[],"categories_segments":[],"categories_sizes":[],"default_left":[0,0,0,0,0,0,0,0,0,0,0,0,0,0,0],"id":89,"left_children":[1,3,5,7,9,-1,-1,-1,-1,11,13,-1,-1,-1,-1],"loss_changes":[4.713676E-1,1.7556569E-1,9.100407E-3,1.096347E-2,5.9139947E-3,0E0,0E0,0E0,0E0,8.1146136E-5,7.035164E-5,0E0,0E0,0E0,0E0],"parents":[2147483647,0,0,1,1,2,2,3,3,4,4,9,9,10,10],"right_children":[2,4,6,8,10,-1,-1,-1,-1,12,14,-1,-1,-1,-1],"split_conditions":[9.1335565E-1,2.8954613E-1,1E0,1.02306545E-1,6.1272323E-1,1.073761E-2,4.343872E-2,-3.595505E-2,-8.327484E-3,4.0725446E-1,8.0405504E-1,-2.3963929E-3,-7.4361166E-4,1.2680053E-3,4.9606324E-3],"split_indices":[0,0,0,0,0,0,0,0,0,0,0,0,0,0,0],"split_type":[0,0,0,0,0,0,0,0,0,0,0,0,0,0,0],"sum_hessian":[9E0,7E0,2E0,2E0,5E0,1E0,1E0,1E0,1E0,3E0,2E0,1E0,2E0,1E0,1E0],"tree_param":{"num_deleted":"0","num_feature":"2","num_nodes":"15","size_leaf_vector":"1"}},{"base_weights":[2.399292E-2,-9.867859E-2,3.431193E-1,-2.8045654E-1,8.656819E-3,1.02005005E-2,4.1267395E-2,-3.4157563E-2,-7.910919E-3,-1.6593933E-2,3.9438885E-2,-2.2766113E-3,-6.947836E-4,1.2039185E-3,4.7119143E-3],"categories":[],"categories_nodes":[],"categories_segments":[],"categories_sizes":[],"default_left":[0,0,0,0,0,0,0,0,0,0,0,0,0,0,0],"id":90,"left_children":[1,3,5,7,9,-1,-1,-1,-1,11,13,-1,-1,-1,-1],"loss_changes":[4.2533565E-1,1.5851755E-1,8.217037E-3,9.896725E-3,5.3180684E-3,0E0,0E0,0E0,0E0,7.997465E-5,6.4034015E-5,0E0,0E0,0E0,0E0],"parents":[2147483647,0,0,1,1,2,2,3,3,4,4,9,9,10,10],"right_children":[2,4,6,8,10,-1,-1,-1,-1,12,14,-1,-1,-1,-1],"split_conditions":[9.1335565E-1,2.8954613E-1,1E0,1.02306545E-1,6.1272323E-1,1.02005005E-2,4.1267395E-2,-3.4157563E-2,-7.910919E-3,4.0725446E-1,8.0405504E-1,-2.2766113E-3,-6.947836E-4,1.2039185E-3,4.7119143E-3],"split_indices":[0,0,0,0,0,0,0,0,0,0,0,0,0,0,0],"split_type":[0,0,0,0,0,0,0,0,0,0,0,0,0,0,0],"sum_hessian":[9E0,7E0,2E0,2E0,5E0,1E0,1E0,1E0,1E0,3E0,2E0,1E0,2E0,1E0,1E0],"tree_param":{"num_deleted":"0","num_feature":"2","num_nodes":"15","size_leaf_vector":"1"}},{"base_weights":[2.2833252E-2,-9.3696594E-2,3.259684E-1,-2.6643372E-1,8.288066E-3,9.6908575E-3,3.9204407E-2,-3.2449342E-2,-7.515717E-3,-1.5674591E-2,3.7475586E-2,-2.1629333E-3,-6.479899E-4,1.1444092E-3,4.4769286E-3],"categories":[],"categories_nodes":[],"categories_segments":[],"categories_sizes":[],"default_left":[0,0,0,0,0,0,0,0,0,0,0,0,0,0,0],"id":91,"left_children":[1,3,5,7,9,-1,-1,-1,-1,11,13,-1,-1,-1,-1],"loss_changes":[3.8378507E-1,1.4314052E-1,7.4133873E-3,8.928359E-3,4.7838776E-3,0E0,0E0,0E0,0E0,7.885229E-5,5.7253987E-5,0E0,0E0,0E0,0E0],"parents":[2147483647,0,0,1,1,2,2,3,3,4,4,9,9,10,10],"right_children":[2,4,6,8,10,-1,-1,-1,-1,12,14,-1,-1,-1,-1],"split_conditions":[9.1335565E-1,2.8954613E-1,1E0,1.02306545E-1,6.1272323E-1,9.6908575E-3,3.9204407E-2,-3.2449342E-2,-7.515717E-3,4.0725446E-1,8.0405504E-1,-2.1629333E-3,-6.479899E-4,1.1444092E-3,4.4769286E-3],"split_indices":[0,0,0,0,0,0,0,0,0,0,0,0,0,0,0],"split_type":[0,0,0,0,0,0,0,0,0,0,0,0,0,0,0],"sum_hessian":[9E0,7E0,2E0,2E0,5E0,1E0,1E0,1E0,1E0,3E0,2E0,1E0,2E0,1E0,1E0],"tree_param":{"num_deleted":"0","num_feature":"2","num_nodes":"15","size_leaf_vector":"1"}},{"base_weights":[2.171936E-2,-8.8974E-2,3.0966187E-1,-2.531077E-1,7.921855E-3,9.205627E-3,3.7243653E-2,-3.0826569E-2,-7.1395873E-3,-1.48124695E-2,3.559367E-2,-2.054596E-3,-6.052653E-4,1.0864259E-3,4.2526247E-3],"categories":[],"categories_nodes":[],"categories_segments":[],"categories_sizes":[],"default_left":[0,0,0,0,0,0,0,0,0,0,0,0,0,0,0],"id":92,"left_children":[1,3,5,7,9,-1,-1,-1,-1,11,13,-1,-1,-1,-1],"loss_changes":[3.4628507E-1,1.2923609E-1,6.6952407E-3,8.05968E-3,4.30183E-3,0E0,0E0,0E0,0E0,7.65397E-5,5.2299583E-5,0E0,0E0,0E0,0E0],"parents":[2147483647,0,0,1,1,2,2,3,3,4,4,9,9,10,10],"right_children":[2,4,6,8,10,-1,-1,-1,-1,12,14,-1,-1,-1,-1],"split_conditions":[9.1335565E-1,2.8954613E-1,1E0,1.02306545E-1,6.1272323E-1,9.205627E-3,3.7243653E-2,-3.0826569E-2,-7.1395873E-3,4.0725446E-1,8.0405504E-1,-2.054596E-3,-6.052653E-4,1.0864259E-3,4.2526247E-3],"split_indices":[0,0,0,0,0,0,0,0,0,0,0,0,0,0,0],"split_type":[0,0,0,0,0,0,0,0,0,0,0,0,0,0,0],"sum_hessian":[9E0,7E0,2E0,2E0,5E0,1E0,1E0,1E0,1E0,3E0,2E0,1E0,2E0,1E0,1E0],"tree_param":{"num_deleted":"0","num_feature":"2","num_nodes":"15","size_leaf_vector":"1"}},{"base_weights":[2.0664979E-2,-8.448601E-2,2.941793E-1,-2.4045308E-1,7.5785317E-3,8.744813E-3,3.538208E-2,-2.928543E-2,-6.7825317E-3,-1.399231E-2,3.3813477E-2,-1.9515991E-3,-5.645752E-4,1.0314941E-3,4.0405276E-3],"categories":[],"categories_nodes":[],"categories_segments":[],"categories_sizes":[],"default_left":[0,0,0,0,0,0,0,0,0,0,0,0,0,0,0],"id":93,"left_children":[1,3,5,7,9,-1,-1,-1,-1,11,13,-1,-1,-1,-1],"loss_changes":[3.12457E-1,1.1669457E-1,6.0483217E-3,7.2747916E-3,3.8685875E-3,0E0,0E0,0E0,0E0,7.423246E-5,4.7914684E-5,0E0,0E0,0E0,0E0],"parents":[2147483647,0,0,1,1,2,2,3,3,4,4,9,9,10,10],"right_children":[2,4,6,8,10,-1,-1,-1,-1,12,14,-1,-1,-1,-1],"split_conditions":[9.1335565E-1,2.8954613E-1,1E0,1.02306545E-1,6.1272323E-1,8.744813E-3,3.538208E-2,-2.928543E-2,-6.7825317E-3,4.0725446E-1,8.0405504E-1,-1.9515991E-3,-5.645752E-4,1.0314941E-3,4.0405276E-3],"split_indices":[0,0,0,0,0,0,0,0,0,0,0,0,0,0,0],"split_type":[0,0,0,0,0,0,0,0,0,0,0,0,0,0,0],"sum_hessian":[9E0,7E0,2E0,2E0,5E0,1E0,1E0,1E0,1E0,3E0,2E0,1E0,2E0,1E0,1E0],"tree_param":{"num_deleted":"0","num_feature":"2","num_nodes":"15","size_leaf_vector":"1"}},{"base_weights":[1.9659424E-2,-8.02269E-2,2.7946982E-1,-2.2843425E-1,7.247925E-3,8.306885E-3,3.361359E-2,-2.782135E-2,-6.443787E-3,-1.3221741E-2,3.2124836E-2,-1.8539429E-3,-5.269369E-4,9.796143E-4,3.8391114E-3],"categories":[],"categories_nodes":[],"categories_segments":[],"categories_sizes":[],"default_left":[0,0,0,0,0,0,0,0,0,0,0,0,0,0,0],"id":94,"left_children":[1,3,5,7,9,-1,-1,-1,-1,11,13,-1,-1,-1,-1],"loss_changes":[2.8193605E-1,1.0537095E-1,5.4653734E-3,6.5633804E-3,3.4800787E-3,0E0,0E0,0E0,0E0,7.1461836E-5,4.366855E-5,0E0,0E0,0E0,0E0],"parents":[2147483647,0,0,1,1,2,2,3,3,4,4,9,9,10,10],"right_children":[2,4,6,8,10,-1,-1,-1,-1,12,14,-1,-1,-1,-1],"split_conditions":[9.1335565E-1,2.8954613E-1,1E0,1.02306545E-1,6.1272323E-1,8.306885E-3,3.361359E-2,-2.782135E-2,-6.443787E-3,4.0725446E-1,8.0405504E-1,-1.8539429E-3,-5.269369E-4,9.796143E-4,3.8391114E-3],"split_indices":[0,0,0,0,0,0,0,0,0,0,0,0,0,0,0],"split_type":[0,0,0,0,0,0,0,0,0,0,0,0,0,0,0],"sum_hessian":[9E0,7E0,2E0,2E0,5E0,1E0,1E0,1E0,1E0,3E0,2E0,1E0,2E0,1E0,1E0],"tree_param":{"num_deleted":"0","num_feature":"2","num_nodes":"15","size_leaf_vector":"1"}},{"base_weights":[1.8702697E-2,-7.618523E-2,2.6550293E-1,-2.1701558E-1,6.9274902E-3,7.891846E-3,3.1933594E-2,-2.6430512E-2,-6.1218264E-3,-1.2496948E-2,3.0517578E-2,-1.7608643E-3,-4.9235026E-4,9.3078613E-4,3.6468506E-3],"categories":[],"categories_nodes":[],"categories_segments":[],"categories_sizes":[],"default_left":[0,0,0,0,0,0,0,0,0,0,0,0,0,0,0],"id":95,"left_children":[1,3,5,7,9,-1,-1,-1,-1,11,13,-1,-1,-1,-1],"loss_changes":[2.5441104E-1,9.514171E-2,4.931703E-3,5.9224516E-3,3.1307219E-3,0E0,0E0,0E0,0E0,6.815634E-5,3.920868E-5,0E0,0E0,0E0,0E0],"parents":[2147483647,0,0,1,1,2,2,3,3,4,4,9,9,10,10],"right_children":[2,4,6,8,10,-1,-1,-1,-1,12,14,-1,-1,-1,-1],"split_conditions":[9.1335565E-1,2.8954613E-1,1E0,1.02306545E-1,6.1272323E-1,7.891846E-3,3.1933594E-2,-2.6430512E-2,-6.1218264E-3,4.0725446E-1,8.0405504E-1,-1.7608643E-3,-4.9235026E-4,9.3078613E-4,3.6468506E-3],"split_indices":[0,0,0,0,0,0,0,0,0,0,0,0,0,0,0],"split_type":[0,0,0,0,0,0,0,0,0,0,0,0,0,0,0],"sum_hessian":[9E0,7E0,2E0,2E0,5E0,1E0,1E0,1E0,1E0,3E0,2E0,1E0,2E0,1E0,1E0],"tree_param":{"num_deleted":"0","num_feature":"2","num_nodes":"15","size_leaf_vector":"1"}},{"base_weights":[1.7790223E-2,-7.234764E-2,2.5222778E-1,-2.0616658E-1,6.6197715E-3,7.4966433E-3,3.0337526E-2,-2.5109101E-2,-5.8158874E-3,-1.1814117E-2,2.89917E-2,-1.6731262E-3,-4.597982E-4,8.8500977E-4,3.4637451E-3],"categories":[],"categories_nodes":[],"categories_segments":[],"categories_sizes":[],"default_left":[0,0,0,0,0,0,0,0,0,0,0,0,0,0,0],"id":96,"left_children":[1,3,5,7,9,-1,-1,-1,-1,11,13,-1,-1,-1,-1],"loss_changes":[2.2956508E-1,8.590347E-2,4.4564456E-3,5.3443015E-3,2.816921E-3,0E0,0E0,0E0,0E0,6.500108E-5,3.4598634E-5,0E0,0E0,0E0,0E0],"parents":[2147483647,0,0,1,1,2,2,3,3,4,4,9,9,10,10],"right_children":[2,4,6,8,10,-1,-1,-1,-1,12,14,-1,-1,-1,-1],"split_conditions":[9.1335565E-1,2.8954613E-1,1E0,1.02306545E-1,6.1272323E-1,7.4966433E-3,3.0337526E-2,-2.5109101E-2,-5.8158874E-3,4.0725446E-1,8.0405504E-1,-1.6731262E-3,-4.597982E-4,8.8500977E-4,3.4637451E-3],"split_indices":[0,0,0,0,0,0,0,0,0,0,0,0,0,0,0],"split_type":[0,0,0,0,0,0,0,0,0,0,0,0,0,0,0],"sum_hessian":[9E0,7E0,2E0,2E0,5E0,1E0,1E0,1E0,1E0,3E0,2E0,1E0,2E0,1E0,1E0],"tree_param":{"num_deleted":"0","num_feature":"2","num_nodes":"15","size_leaf_vector":"1"}},{"base_weights":[1.6921997E-2,-6.87027E-2,2.3961385E-1,-1.9585674E-1,6.324768E-3,7.121277E-3,2.8820802E-2,-2.3853302E-2,-5.5252076E-3,-1.1165619E-2,2.7537027E-2,-1.5892029E-3,-4.2928063E-4,8.407593E-4,3.289795E-3],"categories":[],"categories_nodes":[],"categories_segments":[],"categories_sizes":[],"default_left":[0,0,0,0,0,0,0,0,0,0,0,0,0,0,0],"id":97,"left_children":[1,3,5,7,9,-1,-1,-1,-1,11,13,-1,-1,-1,-1],"loss_changes":[2.0714132E-1,7.75591E-2,4.0258467E-3,4.8220158E-3,2.5335317E-3,0E0,0E0,0E0,0E0,6.171351E-5,3.1061703E-5,0E0,0E0,0E0,0E0],"parents":[2147483647,0,0,1,1,2,2,3,3,4,4,9,9,10,10],"right_children":[2,4,6,8,10,-1,-1,-1,-1,12,14,-1,-1,-1,-1],"split_conditions":[9.1335565E-1,2.8954613E-1,1E0,1.02306545E-1,6.1272323E-1,7.121277E-3,2.8820802E-2,-2.3853302E-2,-5.5252076E-3,4.0725446E-1,8.0405504E-1,-1.5892029E-3,-4.2928063E-4,8.407593E-4,3.289795E-3],"split_indices":[0,0,0,0,0,0,0,0,0,0,0,0,0,0,0],"split_type":[0,0,0,0,0,0,0,0,0,0,0,0,0,0,0],"sum_hessian":[9E0,7E0,2E0,2E0,5E0,1E0,1E0,1E0,1E0,3E0,2E0,1E0,2E0,1E0,1E0],"tree_param":{"num_deleted":"0","num_feature":"2","num_nodes":"15","size_leaf_vector":"1"}},{"base_weights":[1.6096497E-2,-6.5244675E-2,2.276408E-1,-1.8606567E-1,6.0399375E-3,6.765747E-3,2.7380371E-2,-2.2660827E-2,-5.2490234E-3,-1.0555267E-2,2.6153564E-2,-1.5098572E-3,-4.0079752E-4,7.9803466E-4,3.125E-3],"categories":[],"categories_nodes":[],"categories_segments":[],"categories_sizes":[],"default_left":[0,0,0,0,0,0,0,0,0,0,0,0,0,0,0],"id":98,"left_children":[1,3,5,7,9,-1,-1,-1,-1,11,13,-1,-1,-1,-1],"loss_changes":[1.8692495E-1,7.002524E-2,3.6310256E-3,4.3517724E-3,2.2787964E-3,0E0,0E0,0E0,0E0,5.8470643E-5,2.8470065E-5,0E0,0E0,0E0,0E0],"parents":[2147483647,0,0,1,1,2,2,3,3,4,4,9,9,10,10],"right_children":[2,4,6,8,10,-1,-1,-1,-1,12,14,-1,-1,-1,-1],"split_conditions":[9.1335565E-1,2.8954613E-1,1E0,1.02306545E-1,6.1272323E-1,6.765747E-3,2.7380371E-2,-2.2660827E-2,-5.2490234E-3,4.0725446E-1,8.0405504E-1,-1.5098572E-3,-4.0079752E-4,7.9803466E-4,3.125E-3],"split_indices":[0,0,0,0,0,0,0,0,0,0,0,0,0,0,0],"split_type":[0,0,0,0,0,0,0,0,0,0,0,0,0,0,0],"sum_hessian":[9E0,7E0,2E0,2E0,5E0,1E0,1E0,1E0,1E0,3E0,2E0,1E0,2E0,1E0,1E0],"tree_param":{"num_deleted":"0","num_feature":"2","num_nodes":"15","size_leaf_vector":"1"}},{"base_weights":[1.5312195E-2,-6.1956406E-2,2.1625774E-1,-1.767629E-1,5.7729087E-3,6.427002E-3,2.6011659E-2,-2.1527862E-2,-4.9865725E-3,-9.979248E-3,2.485148E-2,-1.4343262E-3,-3.7434895E-4,7.583618E-4,2.9693604E-3],"categories":[],"categories_nodes":[],"categories_segments":[],"categories_sizes":[],"default_left":[0,0,0,0,0,0,0,0,0,0,0,0,0,0,0],"id":99,"left_children":[1,3,5,7,9,-1,-1,-1,-1,11,13,-1,-1,-1,-1],"loss_changes":[1.6866636E-1,6.322656E-2,3.2803267E-3,3.9275885E-3,2.0511711E-3,0E0,0E0,0E0,0E0,5.51579E-5,2.5654328E-5,0E0,0E0,0E0,0E0],"parents":[2147483647,0,0,1,1,2,2,3,3,4,4,9,9,10,10],"right_children":[2,4,6,8,10,-1,-1,-1,-1,12,14,-1,-1,-1,-1],"split_conditions":[9.1335565E-1,2.8954613E-1,1E0,1.02306545E-1,6.1272323E-1,6.427002E-3,2.6011659E-2,-2.1527862E-2,-4.9865725E-3,4.0725446E-1,8.0405504E-1,-1.4343262E-3,-3.7434895E-4,7.583618E-4,2.9693604E-3],"split_indices":[0,0,0,0,0,0,0,0,0,0,0,0,0,0,0],"split_type":[0,0,0,0,0,0,0,0,0,0,0,0,0,0,0],"sum_hessian":[9E0,7E0,2E0,2E0,5E0,1E0,1E0,1E0,1E0,3E0,2E0,1E0,2E0,1E0,1E0],"tree_param":{"num_deleted":"0","num_feature":"2","num_nodes":"15","size_leaf_vector":"1"}}]},"name":"gbtree"},"learner_model_param":{"base_score":"3.021111E2","boost_from_average":"1","num_class":"0","num_feature":"2","num_target":"1"},"objective":{"name":"reg:squarederror","reg_loss_param":{"scale_pos_weight":"1"}}},"version":[2,0,1]}