{"learner":{"attributes":{"scikit_learn":"{\"_estimator_type\": \"regressor\"}"},"feature_names":[],"feature_types":[],"gradient_booster":{"model":{"gbtree_model_param":{"num_parallel_tree":"1","num_trees":"100"},"iteration_indptr":[0,1,2,3,4,5,6,7,8,9,10,11,12,13,14,15,16,17,18,19,20,21,22,23,24,25,26,27,28,29,30,31,32,33,34,35,36,37,38,39,40,41,42,43,44,45,46,47,48,49,50,51,52,53,54,55,56,57,58,59,60,61,62,63,64,65,66,67,68,69,70,71,72,73,74,75,76,77,78,79,80,81,82,83,84,85,86,87,88,89,90,91,92,93,94,95,96,97,98,99,100],"tree_info":[0,0,0,0,0,0,0,0,0,0,0,0,0,0,0,0,0,0,0,0,0,0,0,0,0,0,0,0,0,0,0,0,0,0,0,0,0,0,0,0,0,0,0,0,0,0,0,0,0,0,0,0,0,0,0,0,0,0,0,0,0,0,0,0,0,0,0,0,0,0,0,0,0,0,0,0,0,0,0,0,0,0,0,0,0,0,0,0,0,0,0,0,0,0,0,0,0,0,0,0],"trees":[{"base_weights":[7.6293946E-7,-1.3948889E1,1.1624075E1,-1.5483333E0,-3.905556E-1,5.4444503E-2,1.3731111E0],"categories":[],"categories_nodes":[],"categories_segments":[],"categories_sizes":[],"default_left":[0,0,0,0,0,0,0],"id":0,"left_children":[1,3,5,-1,-1,-1,-1],"loss_changes":[1.783572E3,1.658368E1,1.3259534E2,0E0,0E0,0E0,0E0],"parents":[2147483647,0,0,1,1,2,2],"right_children":[2,4,6,-1,-1,-1,-1],"split_conditions":[6.0090137E-1,5.0525403E-1,6.999963E-1,-1.5483333E0,-3.905556E-1,5.4444503E-2,1.3731111E0],"split_indices":[0,0,0,0,0,0,0],"split_type":[0,0,0,0,0,0,0],"sum_hessian":[9E0,4E0,5E0,3E0,1E0,1E0,4E0],"tree_param":{"num_deleted":"0","num_feature":"2","num_nodes":"7","size_leaf_vector":"1"}},{"base_weights":[-5.1132966E-2,-1.2941778E1,1.0699594E1,-1.4322084E0,-3.7102777E-1,5.1722337E-2,1.2632623E0],"categories":[],"categories_nodes":[],"categories_segments":[],"categories_sizes":[],"default_left":[0,0,0,0,0,0,0],"id":1,"left_children":[1,3,5,-1,-1,-1,-1],"loss_changes":[1.5243097E3,1.0572571E1,1.1156305E2,0E0,0E0,0E0,0E0],"parents":[2147483647,0,0,1,1,2,2],"right_children":[2,4,6,-1,-1,-1,-1],"split_conditions":[6.0090137E-1,5.0525403E-1,6.999963E-1,-1.4322084E0,-3.7102777E-1,5.1722337E-2,1.2632623E0],"split_indices":[0,0,0,0,0,0,0],"split_type":[0,0,0,0,0,0,0],"sum_hessian":[9E0,4E0,5E0,3E0,1E0,1E0,4E0],"tree_param":{"num_deleted":"0","num_feature":"2","num_nodes":"7","size_leaf_vector":"1"}},{"base_weights":[-9.48452E-2,-1.2008246E1,9.848797E0,-1.3247927E0,-3.5247633E-1,4.913616E-2,1.1622012E0],"categories":[],"categories_nodes":[],"categories_segments":[],"categories_sizes":[],"default_left":[0,0,0,0,0,0,0],"id":2,"left_children":[1,3,5,-1,-1,-1,-1],"loss_changes":[1.3028927E3,5.8882446E0,9.3845825E1,0E0,0E0,0E0,0E0],"parents":[2147483647,0,0,1,1,2,2],"right_children":[2,4,6,-1,-1,-1,-1],"split_conditions":[6.0090137E-1,5.0525403E-1,6.999963E-1,-1.3247927E0,-3.5247633E-1,4.913616E-2,1.1622012E0],"split_indices":[0,0,0,0,0,0,0],"split_type":[0,0,0,0,0,0,0],"sum_hessian":[9E0,4E0,5E0,3E0,1E0,1E0,4E0],"tree_param":{"num_deleted":"0","num_feature":"2","num_nodes":"7","size_leaf_vector":"1"}},{"base_weights":[-1.319542E-1,-1.1142877E1,9.065806E0,-1.2254333E0,-3.3485243E-1,2.3412998E0,1.1842736E0,4.6679307E-2,3.0451566E-1],"categories":[],"categories_nodes":[],"categories_segments":[],"categories_sizes":[],"default_left":[0,0,0,0,0,0,0,0,0],"id":3,"left_children":[1,3,5,-1,-1,7,-1,-1,-1],"loss_changes":[1.1137775E3,2.2814941E0,8.431351E1,0E0,0E0,2.5366936E0,0E0,0E0,0E0],"parents":[2147483647,0,0,1,1,2,2,5,5],"right_children":[2,4,6,-1,-1,8,-1,-1,-1],"split_conditions":[6.0090137E-1,5.0525403E-1,8.050041E-1,-1.2254333E0,-3.3485243E-1,6.999963E-1,1.1842736E0,4.6679307E-2,3.0451566E-1],"split_indices":[0,0,0,0,0,0,0,0,0],"split_type":[0,0,0,0,0,0,0,0,0],"sum_hessian":[9E0,4E0,5E0,3E0,1E0,2E0,3E0,1E0,1E0],"tree_param":{"num_deleted":"0","num_feature":"2","num_nodes":"9","size_leaf_vector":"1"}},{"base_weights":[-1.21240236E-1,-1.0340647E0,8.415137E0,2.2242343E0,1.0954531E0,4.4345286E-2,2.8928986E-1],"categories":[],"categories_nodes":[],"categories_segments":[],"categories_sizes":[],"default_left":[0,0,0,0,0,0,0],"id":4,"left_children":[1,-1,3,5,-1,-1,-1],"loss_changes":[9.59385E2,0E0,6.9961365E1,2.2893705E0,0E0,0E0,0E0],"parents":[2147483647,0,0,2,2,3,3],"right_children":[2,-1,4,6,-1,-1,-1],"split_conditions":[6.0090137E-1,-1.0340647E0,8.050041E-1,6.999963E-1,1.0954531E0,4.4345286E-2,2.8928986E-1],"split_indices":[0,0,0,0,0,0,0],"split_type":[0,0,0,0,0,0,0],"sum_hessian":[9E0,4E0,5E0,2E0,3E0,1E0,1E0],"tree_param":{"num_deleted":"0","num_feature":"2","num_nodes":"7","size_leaf_vector":"1"}},{"base_weights":[-6.961326E-2,-9.513393E0,7.8118057E0,-1.1730853E0,-4.1248032E-1,2.1130219E0,1.0132942E0,4.2127993E-2,2.748253E-1],"categories":[],"categories_nodes":[],"categories_segments":[],"categories_sizes":[],"default_left":[0,0,0,0,0,0,0,0,0],"id":5,"left_children":[1,3,5,-1,-1,7,-1,-1,-1],"loss_changes":[8.1862067E2,1.1357422E1,5.7954834E1,0E0,0E0,2.0661564E0,0E0,0E0,0E0],"parents":[2147483647,0,0,1,1,2,2,5,5],"right_children":[2,4,6,-1,-1,8,-1,-1,-1],"split_conditions":[6.0090137E-1,4.027821E-1,8.050041E-1,-1.1730853E0,-4.1248032E-1,6.999963E-1,1.0132942E0,4.2127993E-2,2.748253E-1],"split_indices":[0,0,0,0,0,0,0,0,0],"split_type":[0,0,0,0,0,0,0,0,0],"sum_hessian":[9E0,4E0,5E0,2E0,2E0,2E0,3E0,1E0,1E0],"tree_param":{"num_deleted":"0","num_feature":"2","num_nodes":"9","size_leaf_vector":"1"}},{"base_weights":[-8.818436E-2,-8.879168E0,7.2523327E0,-1.0948796E0,-3.8498166E-1,4.0021516E-2,8.542713E0,2.61084E-1,9.3729717E-1],"categories":[],"categories_nodes":[],"categories_segments":[],"categories_sizes":[],"default_left":[0,0,0,0,0,0,0,0,0],"id":6,"left_children":[1,3,5,-1,-1,-1,7,-1,-1],"loss_changes":[7.0969836E2,9.893585E0,4.963211E1,0E0,0E0,0E0,1.5359497E-1,0E0,0E0],"parents":[2147483647,0,0,1,1,2,2,6,6],"right_children":[2,4,6,-1,-1,-1,8,-1,-1],"split_conditions":[6.0090137E-1,4.027821E-1,6.999963E-1,-1.0948796E0,-3.8498166E-1,4.0021516E-2,8.050041E-1,2.61084E-1,9.3729717E-1],"split_indices":[0,0,0,0,0,0,0,0,0],"split_type":[0,0,0,0,0,0,0,0,0],"sum_hessian":[9E0,4E0,5E0,2E0,2E0,1E0,4E0,1E0,3E0],"tree_param":{"num_deleted":"0","num_feature":"2","num_nodes":"9","size_leaf_vector":"1"}},{"base_weights":[-1.0351181E-1,-8.287223E0,6.7334995E0,-1.0218877E0,-3.5931614E-1,3.8020518E-2,7.9281175E-1],"categories":[],"categories_nodes":[],"categories_segments":[],"categories_sizes":[],"default_left":[0,0,0,0,0,0,0],"id":7,"left_children":[1,3,5,-1,-1,-1,-1],"loss_changes":[6.153233E2,8.618439E0,4.252423E1,0E0,0E0,0E0,0E0],"parents":[2147483647,0,0,1,1,2,2],"right_children":[2,4,6,-1,-1,-1,-1],"split_conditions":[6.0090137E-1,4.027821E-1,6.999963E-1,-1.0218877E0,-3.5931614E-1,3.8020518E-2,7.9281175E-1],"split_indices":[0,0,0,0,0,0,0],"split_type":[0,0,0,0,0,0,0],"sum_hessian":[9E0,4E0,5E0,2E0,2E0,1E0,4E0],"tree_param":{"num_deleted":"0","num_feature":"2","num_nodes":"7","size_leaf_vector":"1"}},{"base_weights":[-1.4819756E-1,-7.7347403E0,6.1986213E0,-9.5376176E-1,-3.353616E-1,1.630057E0,8.075389E-1,3.611946E-2,2.0838909E-1],"categories":[],"categories_nodes":[],"categories_segments":[],"categories_sizes":[],"default_left":[0,0,0,0,0,0,0,0,0],"id":8,"left_children":[1,3,5,-1,-1,7,-1,-1,-1],"loss_changes":[5.2944885E2,7.50766E0,3.8281464E1,0E0,0E0,9.748683E-1,0E0,0E0,0E0],"parents":[2147483647,0,0,1,1,2,2,5,5],"right_children":[2,4,6,-1,-1,8,-1,-1,-1],"split_conditions":[6.0090137E-1,4.027821E-1,8.050041E-1,-9.5376176E-1,-3.353616E-1,6.999963E-1,8.075389E-1,3.611946E-2,2.0838909E-1],"split_indices":[0,0,0,0,0,0,0,0,0],"split_type":[0,0,0,0,0,0,0,0,0],"sum_hessian":[9E0,4E0,5E0,2E0,2E0,2E0,3E0,1E0,1E0],"tree_param":{"num_deleted":"0","num_feature":"2","num_nodes":"9","size_leaf_vector":"1"}},{"base_weights":[-1.5708466E-1,-7.219091E0,5.7541013E0,-8.064867E-1,-1.9179936E-1,1.5485548E0,7.4697363E-1,3.4313586E-2,1.9796963E-1],"categories":[],"categories_nodes":[],"categories_segments":[],"categories_sizes":[],"default_left":[0,0,0,0,0,0,0,0,0],"id":9,"left_children":[1,3,5,-1,-1,7,-1,-1,-1],"loss_changes":[4.5898767E2,6.9493713E0,3.17238E1,0E0,0E0,8.7981415E-1,0E0,0E0,0E0],"parents":[2147483647,0,0,1,1,2,2,5,5],"right_children":[2,4,6,-1,-1,8,-1,-1,-1],"split_conditions":[6.0090137E-1,5.0525403E-1,8.050041E-1,-8.064867E-1,-1.9179936E-1,6.999963E-1,7.4697363E-1,3.4313586E-2,1.9796963E-1],"split_indices":[0,0,0,0,0,0,0,0,0],"split_type":[0,0,0,0,0,0,0,0,0],"sum_hessian":[9E0,4E0,5E0,3E0,1E0,2E0,3E0,1E0,1E0],"tree_param":{"num_deleted":"0","num_feature":"2","num_nodes":"9","size_leaf_vector":"1"}},{"base_weights":[-1.4327927E-1,-6.6968384E0,5.3419E0,-8.364118E-1,-2.7972794E-1,1.4711266E0,6.909505E-1,3.2597926E-2,1.8807106E-1],"categories":[],"categories_nodes":[],"categories_segments":[],"categories_sizes":[],"default_left":[0,0,0,0,0,0,0,0,0],"id":10,"left_children":[1,3,5,-1,-1,7,-1,-1,-1],"loss_changes":[3.9524832E2,9.111496E0,2.6242294E1,0E0,0E0,7.940297E-1,0E0,0E0,0E0],"parents":[2147483647,0,0,1,1,2,2,5,5],"right_children":[2,4,6,-1,-1,8,-1,-1,-1],"split_conditions":[6.0090137E-1,4.027821E-1,8.050041E-1,-8.364118E-1,-2.7972794E-1,6.999963E-1,6.909505E-1,3.2597926E-2,1.8807106E-1],"split_indices":[0,0,0,0,0,0,0,0,0],"split_type":[0,0,0,0,0,0,0,0,0],"sum_hessian":[9E0,4E0,5E0,2E0,2E0,2E0,3E0,1E0,1E0],"tree_param":{"num_deleted":"0","num_feature":"2","num_nodes":"9","size_leaf_vector":"1"}},{"base_weights":[-1.4940414E-1,-6.250383E0,4.9596457E0,-7.806511E-1,-2.610794E-1,3.0968094E-2,5.827703E-1],"categories":[],"categories_nodes":[],"categories_segments":[],"categories_sizes":[],"default_left":[0,0,0,0,0,0,0],"id":11,"left_children":[1,3,5,-1,-1,-1,-1],"loss_changes":[3.4270175E2,7.9371185E0,2.2413864E1,0E0,0E0,0E0,0E0],"parents":[2147483647,0,0,1,1,2,2],"right_children":[2,4,6,-1,-1,-1,-1],"split_conditions":[6.0090137E-1,4.027821E-1,6.999963E-1,-7.806511E-1,-2.610794E-1,3.0968094E-2,5.827703E-1],"split_indices":[0,0,0,0,0,0,0],"split_type":[0,0,0,0,0,0,0],"sum_hessian":[9E0,4E0,5E0,2E0,2E0,1E0,4E0],"tree_param":{"num_deleted":"0","num_feature":"2","num_nodes":"7","size_leaf_vector":"1"}},{"base_weights":[-1.7726365E-1,-5.8336916E0,4.56597E0,-8.3395576E-1,-3.1223354E-1,1.1929907E0,5.9542125E-1,2.9419709E-2,1.4952889E-1],"categories":[],"categories_nodes":[],"categories_segments":[],"categories_sizes":[],"default_left":[0,0,0,0,0,0,0,0,0],"id":12,"left_children":[1,3,5,-1,-1,7,-1,-1,-1],"loss_changes":[2.9493408E2,7.9325867E0,2.099176E1,0E0,0E0,3.7520123E-1,0E0,0E0,0E0],"parents":[2147483647,0,0,1,1,2,2,5,5],"right_children":[2,4,6,-1,-1,8,-1,-1,-1],"split_conditions":[6.0090137E-1,2.9803112E-1,8.050041E-1,-8.3395576E-1,-3.1223354E-1,6.999963E-1,5.9542125E-1,2.9419709E-2,1.4952889E-1],"split_indices":[0,0,0,0,0,0,0,0,0],"split_type":[0,0,0,0,0,0,0,0,0],"sum_hessian":[9E0,4E0,5E0,1E0,3E0,2E0,3E0,1E0,1E0],"tree_param":{"num_deleted":"0","num_feature":"2","num_nodes":"9","size_leaf_vector":"1"}},{"base_weights":[-1.9671917E-1,-5.4795604E0,4.2384353E0,-7.9225796E-1,-2.8881606E-1,1.1333414E0,5.507647E-1,2.7948761E-2,1.4205246E-1],"categories":[],"categories_nodes":[],"categories_segments":[],"categories_sizes":[],"default_left":[0,0,0,0,0,0,0,0,0],"id":13,"left_children":[1,3,5,-1,-1,7,-1,-1,-1],"loss_changes":[2.5752692E2,8.772507E0,1.7404083E1,0E0,0E0,3.3861828E-1,0E0,0E0,0E0],"parents":[2147483647,0,0,1,1,2,2,5,5],"right_children":[2,4,6,-1,-1,8,-1,-1,-1],"split_conditions":[6.0090137E-1,2.9803112E-1,8.050041E-1,-7.9225796E-1,-2.8881606E-1,6.999963E-1,5.507647E-1,2.7948761E-2,1.4205246E-1],"split_indices":[0,0,0,0,0,0,0,0,0],"split_type":[0,0,0,0,0,0,0,0,0],"sum_hessian":[9E0,4E0,5E0,1E0,3E0,2E0,3E0,1E0,1E0],"tree_param":{"num_deleted":"0","num_feature":"2","num_nodes":"9","size_leaf_vector":"1"}},{"base_weights":[-2.1307889E-1,-5.14782E0,3.9347184E0,-7.5264513E-1,-2.6715493E-1,1.0766741E0,5.0945723E-1,2.6551247E-2,1.3494988E-1],"categories":[],"categories_nodes":[],"categories_segments":[],"categories_sizes":[],"default_left":[0,0,0,0,0,0,0,0,0],"id":14,"left_children":[1,3,5,-1,-1,7,-1,-1,-1],"loss_changes":[2.2493828E2,9.343384E0,1.4404282E1,0E0,0E0,3.0560613E-1,0E0,0E0,0E0],"parents":[2147483647,0,0,1,1,2,2,5,5],"right_children":[2,4,6,-1,-1,8,-1,-1,-1],"split_conditions":[6.0090137E-1,2.9803112E-1,8.050041E-1,-7.5264513E-1,-2.6715493E-1,6.999963E-1,5.0945723E-1,2.6551247E-2,1.3494988E-1],"split_indices":[0,0,0,0,0,0,0,0,0],"split_type":[0,0,0,0,0,0,0,0,0],"sum_hessian":[9E0,4E0,5E0,1E0,3E0,2E0,3E0,1E0,1E0],"tree_param":{"num_deleted":"0","num_feature":"2","num_nodes":"9","size_leaf_vector":"1"}},{"base_weights":[-2.2665481E-1,-4.836998E0,3.6530735E0,-7.1501285E-1,-2.4711834E-1,1.0228411E0,4.7124797E-1,2.5223732E-2,1.2820244E-1],"categories":[],"categories_nodes":[],"categories_segments":[],"categories_sizes":[],"default_left":[0,0,0,0,0,0,0,0,0],"id":15,"left_children":[1,3,5,-1,-1,7,-1,-1,-1],"loss_changes":[1.9653871E2,9.692909E0,1.1898788E1,0E0,0E0,2.7580833E-1,0E0,0E0,0E0],"parents":[2147483647,0,0,1,1,2,2,5,5],"right_children":[2,4,6,-1,-1,8,-1,-1,-1],"split_conditions":[6.0090137E-1,2.9803112E-1,8.050041E-1,-7.1501285E-1,-2.4711834E-1,6.999963E-1,4.7124797E-1,2.5223732E-2,1.2820244E-1],"split_indices":[0,0,0,0,0,0,0,0,0],"split_type":[0,0,0,0,0,0,0,0,0],"sum_hessian":[9E0,4E0,5E0,1E0,3E0,2E0,3E0,1E0,1E0],"tree_param":{"num_deleted":"0","num_feature":"2","num_nodes":"9","size_leaf_vector":"1"}},{"base_weights":[-2.377346E-1,-4.545724E0,3.3918788E0,-6.7926216E-1,-2.285844E-1,2.3962593E-2,3.974404E-1],"categories":[],"categories_nodes":[],"categories_segments":[],"categories_sizes":[],"default_left":[0,0,0,0,0,0,0],"id":16,"left_children":[1,3,5,-1,-1,-1,-1],"loss_changes":[1.7178189E2,9.8617325E0,1.0065239E1,0E0,0E0,0E0,0E0],"parents":[2147483647,0,0,1,1,2,2],"right_children":[2,4,6,-1,-1,-1,-1],"split_conditions":[6.0090137E-1,2.9803112E-1,6.999963E-1,-6.7926216E-1,-2.285844E-1,2.3962593E-2,3.974404E-1],"split_indices":[0,0,0,0,0,0,0],"split_type":[0,0,0,0,0,0,0],"sum_hessian":[9E0,4E0,5E0,1E0,3E0,1E0,4E0],"tree_param":{"num_deleted":"0","num_feature":"2","num_nodes":"7","size_leaf_vector":"1"}},{"base_weights":[-2.6260623E-1,-4.272721E0,3.1229236E0,-6.452991E-1,-2.1144056E-1,8.312314E-1,4.060962E-1,2.2764398E-2,1.0192032E-1],"categories":[],"categories_nodes":[],"categories_segments":[],"categories_sizes":[],"default_left":[0,0,0,0,0,0,0,0,0],"id":17,"left_children":[1,3,5,-1,-1,7,-1,-1,-1],"loss_changes":[1.4910701E2,9.8843E0,9.522564E0,0E0,0E0,1.08356714E-1,0E0,0E0,0E0],"parents":[2147483647,0,0,1,1,2,2,5,5],"right_children":[2,4,6,-1,-1,8,-1,-1,-1],"split_conditions":[6.0090137E-1,2.9803112E-1,8.050041E-1,-6.452991E-1,-2.1144056E-1,6.999963E-1,4.060962E-1,2.2764398E-2,1.0192032E-1],"split_indices":[0,0,0,0,0,0,0,0,0],"split_type":[0,0,0,0,0,0,0,0,0],"sum_hessian":[9E0,4E0,5E0,1E0,3E0,2E0,3E0,1E0,1E0],"tree_param":{"num_deleted":"0","num_feature":"2","num_nodes":"9","size_leaf_vector":"1"}},{"base_weights":[-2.6894188E-1,-4.016796E0,2.8990936E0,-6.1303407E-1,-1.955825E-1,7.8966904E-1,3.7563887E-1,2.162609E-2,9.6824266E-2],"categories":[],"categories_nodes":[],"categories_segments":[],"categories_sizes":[],"default_left":[0,0,0,0,0,0,0,0,0],"id":18,"left_children":[1,3,5,-1,-1,7,-1,-1,-1],"loss_changes":[1.3037842E2,9.789894E0,7.8840904E0,0E0,0E0,9.77937E-2,0E0,0E0,0E0],"parents":[2147483647,0,0,1,1,2,2,5,5],"right_children":[2,4,6,-1,-1,8,-1,-1,-1],"split_conditions":[6.0090137E-1,2.9803112E-1,8.050041E-1,-6.1303407E-1,-1.955825E-1,6.999963E-1,3.7563887E-1,2.162609E-2,9.6824266E-2],"split_indices":[0,0,0,0,0,0,0,0,0],"split_type":[0,0,0,0,0,0,0,0,0],"sum_hessian":[9E0,4E0,5E0,1E0,3E0,2E0,3E0,1E0,1E0],"tree_param":{"num_deleted":"0","num_feature":"2","num_nodes":"9","size_leaf_vector":"1"}},{"base_weights":[-2.7349967E-1,-3.7768395E0,2.6915333E0,-5.823824E-1,-1.8091373E-1,1.0958595E0,3.921921E-1,2.0544816E-2,1.3241807E-1],"categories":[],"categories_nodes":[],"categories_segments":[],"categories_sizes":[],"default_left":[0,0,0,0,0,0,0,0,0],"id":19,"left_children":[1,3,5,-1,-1,7,-1,-1,-1],"loss_changes":[1.1404067E2,9.603172E0,7.4819107E0,0E0,0E0,5.4114866E-1,0E0,0E0,0E0],"parents":[2147483647,0,0,1,1,2,2,5,5],"right_children":[2,4,6,-1,-1,8,-1,-1,-1],"split_conditions":[6.0090137E-1,2.9803112E-1,8.980016E-1,-5.823824E-1,-1.8091373E-1,6.999963E-1,3.921921E-1,2.0544816E-2,1.3241807E-1],"split_indices":[0,0,0,0,0,0,0,0,0],"split_type":[0,0,0,0,0,0,0,0,0],"sum_hessian":[9E0,4E0,5E0,1E0,3E0,3E0,2E0,1E0,2E0],"tree_param":{"num_deleted":"0","num_feature":"2","num_nodes":"9","size_leaf_vector":"1"}},{"base_weights":[-2.6796475E-1,-3.5518155E0,2.5132382E0,-5.532633E-1,-1.6734529E-1,1.0245132E0,3.660459E-1,1.9517517E-2,1.2359009E-1],"categories":[],"categories_nodes":[],"categories_segments":[],"categories_sizes":[],"default_left":[0,0,0,0,0,0,0,0,0],"id":20,"left_children":[1,3,5,-1,-1,7,-1,-1,-1],"loss_changes":[1.0025711E2,9.344864E0,6.4971886E0,0E0,0E0,4.6003008E-1,0E0,0E0,0E0],"parents":[2147483647,0,0,1,1,2,2,5,5],"right_children":[2,4,6,-1,-1,8,-1,-1,-1],"split_conditions":[6.0090137E-1,2.9803112E-1,8.980016E-1,-5.532633E-1,-1.6734529E-1,6.999963E-1,3.660459E-1,1.9517517E-2,1.2359009E-1],"split_indices":[0,0,0,0,0,0,0,0,0],"split_type":[0,0,0,0,0,0,0,0,0],"sum_hessian":[9E0,4E0,5E0,1E0,3E0,3E0,2E0,1E0,2E0],"tree_param":{"num_deleted":"0","num_feature":"2","num_nodes":"9","size_leaf_vector":"1"}},{"base_weights":[-2.6231328E-1,-3.340755E0,2.3467739E0,-5.2560014E-1,-1.5479432E-1,9.5783997E-1,3.4164277E-1,1.8541718E-2,1.1535086E-1],"categories":[],"categories_nodes":[],"categories_segments":[],"categories_sizes":[],"default_left":[0,0,0,0,0,0,0,0,0],"id":21,"left_children":[1,3,5,-1,-1,7,-1,-1,-1],"loss_changes":[8.8159225E1,9.032394E0,5.6416817E0,0E0,0E0,3.906753E-1,0E0,0E0,0E0],"parents":[2147483647,0,0,1,1,2,2,5,5],"right_children":[2,4,6,-1,-1,8,-1,-1,-1],"split_conditions":[6.0090137E-1,2.9803112E-1,8.980016E-1,-5.2560014E-1,-1.5479432E-1,6.999963E-1,3.4164277E-1,1.8541718E-2,1.1535086E-1],"split_indices":[0,0,0,0,0,0,0,0,0],"split_type":[0,0,0,0,0,0,0,0,0],"sum_hessian":[9E0,4E0,5E0,1E0,3E0,3E0,2E0,1E0,2E0],"tree_param":{"num_deleted":"0","num_feature":"2","num_nodes":"9","size_leaf_vector":"1"}},{"base_weights":[-2.565689E-1,-3.1427588E0,2.191351E0,-4.3038446E-1,-9.340871E-2,8.9552784E-1,3.1886646E-1,1.7614556E-2,1.0766067E-1],"categories":[],"categories_nodes":[],"categories_segments":[],"categories_sizes":[],"default_left":[0,0,0,0,0,0,0,0,0],"id":22,"left_children":[1,3,5,-1,-1,7,-1,-1,-1],"loss_changes":[7.75385E1,8.80212E0,4.8985157E0,0E0,0E0,3.3142018E-1,0E0,0E0,0E0],"parents":[2147483647,0,0,1,1,2,2,5,5],"right_children":[2,4,6,-1,-1,8,-1,-1,-1],"split_conditions":[6.0090137E-1,4.027821E-1,8.980016E-1,-4.3038446E-1,-9.340871E-2,6.999963E-1,3.1886646E-1,1.7614556E-2,1.0766067E-1],"split_indices":[0,0,0,0,0,0,0,0,0],"split_type":[0,0,0,0,0,0,0,0,0],"sum_hessian":[9E0,4E0,5E0,2E0,2E0,3E0,2E0,1E0,2E0],"tree_param":{"num_deleted":"0","num_feature":"2","num_nodes":"9","size_leaf_vector":"1"}},{"base_weights":[-2.3887749E-1,-2.9332414E0,2.0462387E0,-4.7780094E-1,-1.2775469E0,8.372927E-1,2.976087E-1,-1.4513995E-1,-3.7799455E-2,1.6733741E-2,1.00483194E-1],"categories":[],"categories_nodes":[],"categories_segments":[],"categories_sizes":[],"default_left":[0,0,0,0,0,0,0,0,0,0,0],"id":23,"left_children":[1,3,5,-1,7,9,-1,-1,-1,-1,-1],"loss_changes":[6.757145E1,9.167728E0,4.252964E0,0E0,7.693672E-2,2.8082895E-1,0E0,0E0,0E0,0E0,0E0],"parents":[2147483647,0,0,1,1,2,2,4,4,5,5],"right_children":[2,4,6,-1,8,10,-1,-1,-1,-1,-1],"split_conditions":[6.0090137E-1,2.9803112E-1,8.980016E-1,-4.7780094E-1,5.0525403E-1,6.999963E-1,2.976087E-1,-1.4513995E-1,-3.7799455E-2,1.6733741E-2,1.00483194E-1],"split_indices":[0,0,0,0,0,0,0,0,0,0,0],"split_type":[0,0,0,0,0,0,0,0,0,0,0],"sum_hessian":[9E0,4E0,5E0,1E0,3E0,3E0,2E0,2E0,1E0,1E0,2E0],"tree_param":{"num_deleted":"0","num_feature":"2","num_nodes":"11","size_leaf_vector":"1"}},{"base_weights":[-2.3958091E-1,-2.772065E0,1.9107527E0,-4.5391092E-1,-1.1955266E0,7.8286743E-1,2.7776822E-1,-1.3546391E-1,-3.5909463E-2,1.5896989E-2,9.378433E-2],"categories":[],"categories_nodes":[],"categories_segments":[],"categories_sizes":[],"default_left":[0,0,0,0,0,0,0,0,0,0,0],"id":24,"left_children":[1,3,5,-1,7,9,-1,-1,-1,-1,-1],"loss_changes":[5.9753586E1,8.502438E0,3.6922226E0,0E0,4.5903206E-2,2.3766732E-1,0E0,0E0,0E0,0E0,0E0],"parents":[2147483647,0,0,1,1,2,2,4,4,5,5],"right_children":[2,4,6,-1,8,10,-1,-1,-1,-1,-1],"split_conditions":[6.0090137E-1,2.9803112E-1,8.980016E-1,-4.5391092E-1,5.0525403E-1,6.999963E-1,2.7776822E-1,-1.3546391E-1,-3.5909463E-2,1.5896989E-2,9.378433E-2],"split_indices":[0,0,0,0,0,0,0,0,0,0,0],"split_type":[0,0,0,0,0,0,0,0,0,0,0],"sum_hessian":[9E0,4E0,5E0,1E0,3E0,3E0,2E0,2E0,1E0,1E0,2E0],"tree_param":{"num_deleted":"0","num_feature":"2","num_nodes":"11","size_leaf_vector":"1"}},{"base_weights":[-2.394062E-1,-2.6199157E0,1.7842528E0,-4.3121538E-1,-1.1188178E0,7.320013E-1,2.5925037E-1,-1.26433E-1,-3.4114074E-2,1.5102196E-2,8.753204E-2],"categories":[],"categories_nodes":[],"categories_segments":[],"categories_sizes":[],"default_left":[0,0,0,0,0,0,0,0,0,0,0],"id":25,"left_children":[1,3,5,-1,7,9,-1,-1,-1,-1,-1],"loss_changes":[5.284799E1,7.876564E0,3.205183E0,0E0,2.133131E-2,2.0086908E-1,0E0,0E0,0E0,0E0,0E0],"parents":[2147483647,0,0,1,1,2,2,4,4,5,5],"right_children":[2,4,6,-1,8,10,-1,-1,-1,-1,-1],"split_conditions":[6.0090137E-1,2.9803112E-1,8.980016E-1,-4.3121538E-1,5.0525403E-1,6.999963E-1,2.5925037E-1,-1.26433E-1,-3.4114074E-2,1.5102196E-2,8.753204E-2],"split_indices":[0,0,0,0,0,0,0,0,0,0,0],"split_type":[0,0,0,0,0,0,0,0,0,0,0],"sum_hessian":[9E0,4E0,5E0,1E0,3E0,3E0,2E0,2E0,1E0,1E0,2E0],"tree_param":{"num_deleted":"0","num_feature":"2","num_nodes":"11","size_leaf_vector":"1"}},{"base_weights":[-2.384533E-1,-2.4762764E0,1.6661415E0,-4.0965462E-1,-1.0470724E0,6.844597E-1,2.4196701E-1,-1.180041E-1,-3.2408334E-2,1.4347076E-2,8.169658E-2],"categories":[],"categories_nodes":[],"categories_segments":[],"categories_sizes":[],"default_left":[0,0,0,0,0,0,0,0,0,0,0],"id":26,"left_children":[1,3,5,-1,7,9,-1,-1,-1,-1,-1],"loss_changes":[4.6747288E1,7.2890987E0,2.7821846E0,0E0,2.1076202E-3,1.6952658E-1,0E0,0E0,0E0,0E0,0E0],"parents":[2147483647,0,0,1,1,2,2,4,4,5,5],"right_children":[2,4,6,-1,8,10,-1,-1,-1,-1,-1],"split_conditions":[6.0090137E-1,2.9803112E-1,8.980016E-1,-4.0965462E-1,5.0525403E-1,6.999963E-1,2.4196701E-1,-1.180041E-1,-3.2408334E-2,1.4347076E-2,8.169658E-2],"split_indices":[0,0,0,0,0,0,0,0,0,0,0],"split_type":[0,0,0,0,0,0,0,0,0,0,0],"sum_hessian":[9E0,4E0,5E0,1E0,3E0,3E0,2E0,2E0,1E0,1E0,2E0],"tree_param":{"num_deleted":"0","num_feature":"2","num_nodes":"11","size_leaf_vector":"1"}},{"base_weights":[-2.3681316E-1,-2.340662E0,1.555863E0,-3.891719E-1,-9.799681E-2,6.4002514E-1,2.2583592E-1,1.3629722E-2,7.62502E-2],"categories":[],"categories_nodes":[],"categories_segments":[],"categories_sizes":[],"default_left":[0,0,0,0,0,0,0,0,0],"id":27,"left_children":[1,3,5,-1,-1,7,-1,-1,-1],"loss_changes":[4.1356945E1,6.7388077E0,2.4148302E0,0E0,0E0,1.4285314E-1,0E0,0E0,0E0],"parents":[2147483647,0,0,1,1,2,2,5,5],"right_children":[2,4,6,-1,-1,8,-1,-1,-1],"split_conditions":[6.0090137E-1,2.9803112E-1,8.980016E-1,-3.891719E-1,-9.799681E-2,6.999963E-1,2.2583592E-1,1.3629722E-2,7.62502E-2],"split_indices":[0,0,0,0,0,0,0,0,0],"split_type":[0,0,0,0,0,0,0,0,0],"sum_hessian":[9E0,4E0,5E0,1E0,3E0,3E0,2E0,1E0,2E0],"tree_param":{"num_deleted":"0","num_feature":"2","num_nodes":"9","size_leaf_vector":"1"}},{"base_weights":[-2.3027802E-1,-2.625597E0,1.1713725E0,-3.697133E-1,-1.0360407E-1,-8.6265564E-2,1.6916809E0,-2.5888061E-2,1.2948227E-2,7.116674E-2,2.1078007E-1],"categories":[],"categories_nodes":[],"categories_segments":[],"categories_sizes":[],"default_left":[0,0,0,0,0,0,0,0,0,0,0],"id":28,"left_children":[1,3,5,-1,-1,7,9,-1,-1,-1,-1],"loss_changes":[3.664955E1,2.982687E0,4.726452E0,0E0,0E0,1.4524442E-1,5.389614E-1,0E0,0E0,0E0,0E0],"parents":[2147483647,0,0,1,1,2,2,5,5,6,6],"right_children":[2,4,6,-1,-1,8,10,-1,-1,-1,-1],"split_conditions":[5.0525403E-1,2.9803112E-1,6.999963E-1,-3.697133E-1,-1.0360407E-1,6.0090137E-1,8.980016E-1,-2.5888061E-2,1.2948227E-2,7.116674E-2,2.1078007E-1],"split_indices":[0,0,0,0,0,0,0,0,0,0,0],"split_type":[0,0,0,0,0,0,0,0,0,0,0],"sum_hessian":[9E0,3E0,6E0,1E0,2E0,2E0,4E0,1E0,1E0,2E0,2E0],"tree_param":{"num_deleted":"0","num_feature":"2","num_nodes":"11","size_leaf_vector":"1"}},{"base_weights":[-2.2768173E-1,-2.481367E0,1.0926645E0,-3.5122767E-1,-9.6697174E-2,1.5096664E-1,1.7611961E-1,-2.4593735E-2,3.652471E-2],"categories":[],"categories_nodes":[],"categories_segments":[],"categories_sizes":[],"default_left":[0,0,0,0,0,0,0,0,0],"id":29,"left_children":[1,3,5,-1,-1,7,-1,-1,-1],"loss_changes":[3.246775E1,2.848547E0,4.1410017E0,0E0,0E0,4.3002295E-1,0E0,0E0,0E0],"parents":[2147483647,0,0,1,1,2,2,5,5],"right_children":[2,4,6,-1,-1,8,-1,-1,-1],"split_conditions":[5.0525403E-1,2.9803112E-1,8.050041E-1,-3.5122767E-1,-9.6697174E-2,6.0090137E-1,1.7611961E-1,-2.4593735E-2,3.652471E-2],"split_indices":[0,0,0,0,0,0,0,0,0],"split_type":[0,0,0,0,0,0,0,0,0],"sum_hessian":[9E0,3E0,6E0,1E0,2E0,3E0,3E0,1E0,2E0],"tree_param":{"num_deleted":"0","num_feature":"2","num_nodes":"9","size_leaf_vector":"1"}},{"base_weights":[-2.3090152E-1,-2.3452115E0,1.0102615E0,-3.3366632E-1,-9.0250656E-2,-8.592987E-2,1.465924E0,-2.3364067E-2,1.0474587E-2,5.933406E-2,1.8498664E-1],"categories":[],"categories_nodes":[],"categories_segments":[],"categories_sizes":[],"default_left":[0,0,0,0,0,0,0,0,0,0,0],"id":30,"left_children":[1,3,5,-1,-1,7,9,-1,-1,-1,-1],"loss_changes":[2.8611311E1,2.7101288E0,3.6224203E0,0E0,0E0,1.089675E-1,5.77507E-1,0E0,0E0,0E0,0E0],"parents":[2147483647,0,0,1,1,2,2,5,5,6,6],"right_children":[2,4,6,-1,-1,8,10,-1,-1,-1,-1],"split_conditions":[5.0525403E-1,2.9803112E-1,6.999963E-1,-3.3366632E-1,-9.0250656E-2,6.0090137E-1,8.980016E-1,-2.3364067E-2,1.0474587E-2,5.933406E-2,1.8498664E-1],"split_indices":[0,0,0,0,0,0,0,0,0,0,0],"split_type":[0,0,0,0,0,0,0,0,0,0,0],"sum_hessian":[9E0,3E0,6E0,1E0,2E0,2E0,4E0,1E0,1E0,2E0,2E0],"tree_param":{"num_deleted":"0","num_feature":"2","num_nodes":"11","size_leaf_vector":"1"}},{"base_weights":[-2.2705975E-1,-2.2166696E0,9.422973E-1,-3.1698304E-1,-8.4233925E-2,-8.163325E-2,1.3681961E0,-2.2195816E-2,9.950829E-3,5.5378467E-2,1.7265421E-1],"categories":[],"categories_nodes":[],"categories_segments":[],"categories_sizes":[],"default_left":[0,0,0,0,0,0,0,0,0,0,0],"id":31,"left_children":[1,3,5,-1,-1,7,9,-1,-1,-1,-1],"loss_changes":[2.5354403E1,2.5697594E0,3.1643262E0,0E0,0E0,9.834269E-2,5.0307274E-1,0E0,0E0,0E0,0E0],"parents":[2147483647,0,0,1,1,2,2,5,5,6,6],"right_children":[2,4,6,-1,-1,8,10,-1,-1,-1,-1],"split_conditions":[5.0525403E-1,2.9803112E-1,6.999963E-1,-3.1698304E-1,-8.4233925E-2,6.0090137E-1,8.980016E-1,-2.2195816E-2,9.950829E-3,5.5378467E-2,1.7265421E-1],"split_indices":[0,0,0,0,0,0,0,0,0,0,0],"split_type":[0,0,0,0,0,0,0,0,0,0,0],"sum_hessian":[9E0,3E0,6E0,1E0,2E0,2E0,4E0,1E0,1E0,2E0,2E0],"tree_param":{"num_deleted":"0","num_feature":"2","num_nodes":"11","size_leaf_vector":"1"}},{"base_weights":[-2.2289696E-1,-2.0953074E0,8.7889427E-1,-3.0113393E-1,-7.861837E-2,-7.7552795E-2,1.2769836E0,-2.1086121E-2,9.453202E-3,5.1686604E-2,1.61144E-1],"categories":[],"categories_nodes":[],"categories_segments":[],"categories_sizes":[],"default_left":[0,0,0,0,0,0,0,0,0,0,0],"id":32,"left_children":[1,3,5,-1,-1,7,9,-1,-1,-1,-1],"loss_changes":[2.2471607E1,2.4293308E0,2.7642946E0,0E0,0E0,8.875419E-2,4.3823147E-1,0E0,0E0,0E0,0E0],"parents":[2147483647,0,0,1,1,2,2,5,5,6,6],"right_children":[2,4,6,-1,-1,8,10,-1,-1,-1,-1],"split_conditions":[5.0525403E-1,2.9803112E-1,6.999963E-1,-3.0113393E-1,-7.861837E-2,6.0090137E-1,8.980016E-1,-2.1086121E-2,9.453202E-3,5.1686604E-2,1.61144E-1],"split_indices":[0,0,0,0,0,0,0,0,0,0,0],"split_type":[0,0,0,0,0,0,0,0,0,0,0],"sum_hessian":[9E0,3E0,6E0,1E0,2E0,2E0,4E0,1E0,1E0,2E0,2E0],"tree_param":{"num_deleted":"0","num_feature":"2","num_nodes":"11","size_leaf_vector":"1"}},{"base_weights":[-2.1846238E-1,-1.9807148E0,8.197479E-1,-2.8607723E-1,-7.337716E-2,-7.367452E-2,1.1918519E0,-2.0031739E-2,8.98056E-3,4.8240915E-2,1.5040106E-1],"categories":[],"categories_nodes":[],"categories_segments":[],"categories_sizes":[],"default_left":[0,0,0,0,0,0,0,0,0,0,0],"id":33,"left_children":[1,3,5,-1,-1,7,9,-1,-1,-1,-1],"loss_changes":[1.9919573E1,2.2903728E0,2.4149308E0,0E0,0E0,8.0100395E-2,3.8174534E-1,0E0,0E0,0E0,0E0],"parents":[2147483647,0,0,1,1,2,2,5,5,6,6],"right_children":[2,4,6,-1,-1,8,10,-1,-1,-1,-1],"split_conditions":[5.0525403E-1,2.9803112E-1,6.999963E-1,-2.8607723E-1,-7.337716E-2,6.0090137E-1,8.980016E-1,-2.0031739E-2,8.98056E-3,4.8240915E-2,1.5040106E-1],"split_indices":[0,0,0,0,0,0,0,0,0,0,0],"split_type":[0,0,0,0,0,0,0,0,0,0,0],"sum_hessian":[9E0,3E0,6E0,1E0,2E0,2E0,4E0,1E0,1E0,2E0,2E0],"tree_param":{"num_deleted":"0","num_feature":"2","num_nodes":"11","size_leaf_vector":"1"}},{"base_weights":[-2.1380273E-1,-1.8725071E0,7.645716E-1,-2.7177334E-1,-6.848539E-2,-6.999079E-2,1.1123947E0,-1.903019E-2,8.53157E-3,4.502487E-2,1.4037424E-1],"categories":[],"categories_nodes":[],"categories_segments":[],"categories_sizes":[],"default_left":[0,0,0,0,0,0,0,0,0,0,0],"id":34,"left_children":[1,3,5,-1,-1,7,9,-1,-1,-1,-1],"loss_changes":[1.7660004E1,2.1540928E0,2.109818E0,0E0,0E0,7.2291024E-2,3.325405E-1,0E0,0E0,0E0,0E0],"parents":[2147483647,0,0,1,1,2,2,5,5,6,6],"right_children":[2,4,6,-1,-1,8,10,-1,-1,-1,-1],"split_conditions":[5.0525403E-1,2.9803112E-1,6.999963E-1,-2.7177334E-1,-6.848539E-2,6.0090137E-1,8.980016E-1,-1.903019E-2,8.53157E-3,4.502487E-2,1.4037424E-1],"split_indices":[0,0,0,0,0,0,0,0,0,0,0],"split_type":[0,0,0,0,0,0,0,0,0,0,0],"sum_hessian":[9E0,3E0,6E0,1E0,2E0,2E0,4E0,1E0,1E0,2E0,2E0],"tree_param":{"num_deleted":"0","num_feature":"2","num_nodes":"11","size_leaf_vector":"1"}},{"base_weights":[-2.0895767E-1,-2.146712E0,5.438199E-1,-2.5818464E-1,-6.382217E-2,-2.1015453E-1,1.0382354E0,-3.3423997E-2,8.105087E-3,4.2023215E-2,1.3101603E-1],"categories":[],"categories_nodes":[],"categories_segments":[],"categories_sizes":[],"default_left":[0,0,0,0,0,0,0,0,0,0,0],"id":35,"left_children":[1,3,5,-1,-1,7,9,-1,-1,-1,-1],"loss_changes":[1.5754403E1,3.2139778E-1,3.2004035E0,0E0,0E0,1.716278E-1,2.8968096E-1,0E0,0E0,0E0,0E0],"parents":[2147483647,0,0,1,1,2,2,5,5,6,6],"right_children":[2,4,6,-1,-1,8,10,-1,-1,-1,-1],"split_conditions":[4.027821E-1,2.9803112E-1,6.999963E-1,-2.5818464E-1,-6.382217E-2,6.0090137E-1,8.980016E-1,-3.3423997E-2,8.105087E-3,4.2023215E-2,1.3101603E-1],"split_indices":[0,0,0,0,0,0,0,0,0,0,0],"split_type":[0,0,0,0,0,0,0,0,0,0,0],"sum_hessian":[9E0,2E0,7E0,1E0,1E0,3E0,4E0,2E0,1E0,2E0,2E0],"tree_param":{"num_deleted":"0","num_feature":"2","num_nodes":"11","size_leaf_vector":"1"}},{"base_weights":[-2.054905E-1,-2.0393765E0,5.079031E-1,-2.4527541E-1,-6.0631085E-2,-1.954689E-1,9.6902007E-1,-3.1195704E-2,7.699776E-3,3.92217E-2,1.2228165E-1],"categories":[],"categories_nodes":[],"categories_segments":[],"categories_sizes":[],"default_left":[0,0,0,0,0,0,0,0,0,0,0],"id":36,"left_children":[1,3,5,-1,-1,7,9,-1,-1,-1,-1],"loss_changes":[1.4118631E1,2.9006004E-1,2.7841077E0,0E0,0E0,1.5097652E-1,2.5234318E-1,0E0,0E0,0E0,0E0],"parents":[2147483647,0,0,1,1,2,2,5,5,6,6],"right_children":[2,4,6,-1,-1,8,10,-1,-1,-1,-1],"split_conditions":[4.027821E-1,2.9803112E-1,6.999963E-1,-2.4527541E-1,-6.0631085E-2,6.0090137E-1,8.980016E-1,-3.1195704E-2,7.699776E-3,3.92217E-2,1.2228165E-1],"split_indices":[0,0,0,0,0,0,0,0,0,0,0],"split_type":[0,0,0,0,0,0,0,0,0,0,0],"sum_hessian":[9E0,2E0,7E0,1E0,1E0,3E0,4E0,2E0,1E0,2E0,2E0],"tree_param":{"num_deleted":"0","num_feature":"2","num_nodes":"11","size_leaf_vector":"1"}},{"base_weights":[-2.0173092E-1,-1.9374079E0,4.7436428E-1,-2.3301163E-1,-5.7599545E-2,-1.8179512E-1,9.0441895E-1,-2.911593E-2,7.314873E-3,3.6606852E-2,1.1412964E-1],"categories":[],"categories_nodes":[],"categories_segments":[],"categories_sizes":[],"default_left":[0,0,0,0,0,0,0,0,0,0,0],"id":37,"left_children":[1,3,5,-1,-1,7,9,-1,-1,-1,-1],"loss_changes":[1.2653865E1,2.6177883E-1,2.421894E0,0E0,0E0,1.3282487E-1,2.198224E-1,0E0,0E0,0E0,0E0],"parents":[2147483647,0,0,1,1,2,2,5,5,6,6],"right_children":[2,4,6,-1,-1,8,10,-1,-1,-1,-1],"split_conditions":[4.027821E-1,2.9803112E-1,6.999963E-1,-2.3301163E-1,-5.7599545E-2,6.0090137E-1,8.980016E-1,-2.911593E-2,7.314873E-3,3.6606852E-2,1.1412964E-1],"split_indices":[0,0,0,0,0,0,0,0,0,0,0],"split_type":[0,0,0,0,0,0,0,0,0,0,0],"sum_hessian":[9E0,2E0,7E0,1E0,1E0,3E0,4E0,2E0,1E0,2E0,2E0],"tree_param":{"num_deleted":"0","num_feature":"2","num_nodes":"11","size_leaf_vector":"1"}},{"base_weights":[-1.9772491E-1,-1.8405374E0,4.4304538E-1,-2.2136107E-1,-5.4719545E-2,-1.6906595E-1,8.441254E-1,-2.7174821E-2,6.9490434E-3,3.4166466E-2,1.0652109E-1],"categories":[],"categories_nodes":[],"categories_segments":[],"categories_sizes":[],"default_left":[0,0,0,0,0,0,0,0,0,0,0],"id":38,"left_children":[1,3,5,-1,-1,7,9,-1,-1,-1,-1],"loss_changes":[1.1342096E1,2.3625565E-1,2.1067574E0,0E0,0E0,1.1686595E-1,1.9148946E-1,0E0,0E0,0E0,0E0],"parents":[2147483647,0,0,1,1,2,2,5,5,6,6],"right_children":[2,4,6,-1,-1,8,10,-1,-1,-1,-1],"split_conditions":[4.027821E-1,2.9803112E-1,6.999963E-1,-2.2136107E-1,-5.4719545E-2,6.0090137E-1,8.980016E-1,-2.7174821E-2,6.9490434E-3,3.4166466E-2,1.0652109E-1],"split_indices":[0,0,0,0,0,0,0,0,0,0,0],"split_type":[0,0,0,0,0,0,0,0,0,0,0],"sum_hessian":[9E0,2E0,7E0,1E0,1E0,3E0,4E0,2E0,1E0,2E0,2E0],"tree_param":{"num_deleted":"0","num_feature":"2","num_nodes":"11","size_leaf_vector":"1"}},{"base_weights":[-1.9351482E-1,-1.7485104E0,4.1379786E-1,-2.1029301E-1,-5.1983546E-2,-1.5721607E-1,7.878494E-1,-2.536316E-2,6.6015245E-3,3.188858E-2,9.941966E-2],"categories":[],"categories_nodes":[],"categories_segments":[],"categories_sizes":[],"default_left":[0,0,0,0,0,0,0,0,0,0,0],"id":39,"left_children":[1,3,5,-1,-1,7,9,-1,-1,-1,-1],"loss_changes":[1.0167214E1,2.1322155E-1,1.8325719E0,0E0,0E0,1.0283541E-1,1.6681147E-1,0E0,0E0,0E0,0E0],"parents":[2147483647,0,0,1,1,2,2,5,5,6,6],"right_children":[2,4,6,-1,-1,8,10,-1,-1,-1,-1],"split_conditions":[4.027821E-1,2.9803112E-1,6.999963E-1,-2.1029301E-1,-5.1983546E-2,6.0090137E-1,8.980016E-1,-2.536316E-2,6.6015245E-3,3.188858E-2,9.941966E-2],"split_indices":[0,0,0,0,0,0,0,0,0,0,0],"split_type":[0,0,0,0,0,0,0,0,0,0,0],"sum_hessian":[9E0,2E0,7E0,1E0,1E0,3E0,4E0,2E0,1E0,2E0,2E0],"tree_param":{"num_deleted":"0","num_feature":"2","num_nodes":"11","size_leaf_vector":"1"}},{"base_weights":[-1.8913594E-1,-1.6610851E0,3.86487E-1,-1.9977836E-1,-4.9384404E-2,-1.4618492E-1,7.353271E-1,-2.367223E-2,6.2713623E-3,2.9762778E-2,9.279175E-2],"categories":[],"categories_nodes":[],"categories_segments":[],"categories_sizes":[],"default_left":[0,0,0,0,0,0,0,0,0,0,0],"id":40,"left_children":[1,3,5,-1,-1,7,9,-1,-1,-1,-1],"loss_changes":[9.114865E0,1.9243145E-1,1.5940326E0,0E0,0E0,9.0498224E-2,1.4530921E-1,0E0,0E0,0E0,0E0],"parents":[2147483647,0,0,1,1,2,2,5,5,6,6],"right_children":[2,4,6,-1,-1,8,10,-1,-1,-1,-1],"split_conditions":[4.027821E-1,2.9803112E-1,6.999963E-1,-1.9977836E-1,-4.9384404E-2,6.0090137E-1,8.980016E-1,-2.367223E-2,6.2713623E-3,2.9762778E-2,9.279175E-2],"split_indices":[0,0,0,0,0,0,0,0,0,0,0],"split_type":[0,0,0,0,0,0,0,0,0,0,0],"sum_hessian":[9E0,2E0,7E0,1E0,1E0,3E0,4E0,2E0,1E0,2E0,2E0],"tree_param":{"num_deleted":"0","num_feature":"2","num_nodes":"11","size_leaf_vector":"1"}},{"base_weights":[-1.8462238E-1,-1.578031E0,3.609836E-1,-1.8978949E-1,-4.691515E-2,-1.3591623E-1,6.863068E-1,-2.2094028E-2,5.9577944E-3,2.7778625E-2,8.660584E-2],"categories":[],"categories_nodes":[],"categories_segments":[],"categories_sizes":[],"default_left":[0,0,0,0,0,0,0,0,0,0,0],"id":41,"left_children":[1,3,5,-1,-1,7,9,-1,-1,-1,-1],"loss_changes":[8.172163E0,1.7367125E-1,1.3865044E0,0E0,0E0,7.9649985E-2,1.265819E-1,0E0,0E0,0E0,0E0],"parents":[2147483647,0,0,1,1,2,2,5,5,6,6],"right_children":[2,4,6,-1,-1,8,10,-1,-1,-1,-1],"split_conditions":[4.027821E-1,2.9803112E-1,6.999963E-1,-1.8978949E-1,-4.691515E-2,6.0090137E-1,8.980016E-1,-2.2094028E-2,5.9577944E-3,2.7778625E-2,8.660584E-2],"split_indices":[0,0,0,0,0,0,0,0,0,0,0],"split_type":[0,0,0,0,0,0,0,0,0,0,0],"sum_hessian":[9E0,2E0,7E0,1E0,1E0,3E0,4E0,2E0,1E0,2E0,2E0],"tree_param":{"num_deleted":"0","num_feature":"2","num_nodes":"11","size_leaf_vector":"1"}},{"base_weights":[-1.8000641E-1,-1.4991297E0,3.371656E-1,-1.8030004E-1,-4.45694E-2,-1.2635851E-1,6.4055175E-1,-2.0621045E-2,5.6598666E-3,2.5926718E-2,8.083191E-2],"categories":[],"categories_nodes":[],"categories_segments":[],"categories_sizes":[],"default_left":[0,0,0,0,0,0,0,0,0,0,0],"id":42,"left_children":[1,3,5,-1,-1,7,9,-1,-1,-1,-1],"loss_changes":[7.327591E0,1.5673876E-1,1.2059536E0,0E0,0E0,7.010918E-2,1.1026502E-1,0E0,0E0,0E0,0E0],"parents":[2147483647,0,0,1,1,2,2,5,5,6,6],"right_children":[2,4,6,-1,-1,8,10,-1,-1,-1,-1],"split_conditions":[4.027821E-1,2.9803112E-1,6.999963E-1,-1.8030004E-1,-4.45694E-2,6.0090137E-1,8.980016E-1,-2.0621045E-2,5.6598666E-3,2.5926718E-2,8.083191E-2],"split_indices":[0,0,0,0,0,0,0,0,0,0,0],"split_type":[0,0,0,0,0,0,0,0,0,0,0],"sum_hessian":[9E0,2E0,7E0,1E0,1E0,3E0,4E0,2E0,1E0,2E0,2E0],"tree_param":{"num_deleted":"0","num_feature":"2","num_nodes":"11","size_leaf_vector":"1"}},{"base_weights":[-1.7531376E-1,-1.4241734E0,3.149228E-1,-1.7128506E-1,-4.2340945E-2,-1.1746311E-1,5.97847E-1,-1.9246293E-2,5.376816E-3,2.419815E-2,7.5443015E-2],"categories":[],"categories_nodes":[],"categories_segments":[],"categories_sizes":[],"default_left":[0,0,0,0,0,0,0,0,0,0,0],"id":43,"left_children":[1,3,5,-1,-1,7,9,-1,-1,-1,-1],"loss_changes":[6.5708704E0,1.4145613E-1,1.0488845E0,0E0,0E0,6.1717622E-2,9.6054316E-2,0E0,0E0,0E0,0E0],"parents":[2147483647,0,0,1,1,2,2,5,5,6,6],"right_children":[2,4,6,-1,-1,8,10,-1,-1,-1,-1],"split_conditions":[4.027821E-1,2.9803112E-1,6.999963E-1,-1.7128506E-1,-4.2340945E-2,6.0090137E-1,8.980016E-1,-1.9246293E-2,5.376816E-3,2.419815E-2,7.5443015E-2],"split_indices":[0,0,0,0,0,0,0,0,0,0,0],"split_type":[0,0,0,0,0,0,0,0,0,0,0],"sum_hessian":[9E0,2E0,7E0,1E0,1E0,3E0,4E0,2E0,1E0,2E0,2E0],"tree_param":{"num_deleted":"0","num_feature":"2","num_nodes":"11","size_leaf_vector":"1"}},{"base_weights":[-1.7056695E-1,-1.3529644E0,2.9415298E-1,-1.6272078E-1,-4.0223885E-2,-1.0918474E-1,5.579926E-1,-1.796322E-2,5.1078796E-3,2.2585042E-2,7.0413716E-2],"categories":[],"categories_nodes":[],"categories_segments":[],"categories_sizes":[],"default_left":[0,0,0,0,0,0,0,0,0,0,0],"id":44,"left_children":[1,3,5,-1,-1,7,9,-1,-1,-1,-1],"loss_changes":[5.8928146E0,1.2766457E-1,9.1225594E-1,0E0,0E0,5.4336023E-2,8.367419E-2,0E0,0E0,0E0,0E0],"parents":[2147483647,0,0,1,1,2,2,5,5,6,6],"right_children":[2,4,6,-1,-1,8,10,-1,-1,-1,-1],"split_conditions":[4.027821E-1,2.9803112E-1,6.999963E-1,-1.6272078E-1,-4.0223885E-2,6.0090137E-1,8.980016E-1,-1.796322E-2,5.1078796E-3,2.2585042E-2,7.0413716E-2],"split_indices":[0,0,0,0,0,0,0,0,0,0,0],"split_type":[0,0,0,0,0,0,0,0,0,0,0],"sum_hessian":[9E0,2E0,7E0,1E0,1E0,3E0,4E0,2E0,1E0,2E0,2E0],"tree_param":{"num_deleted":"0","num_feature":"2","num_nodes":"11","size_leaf_vector":"1"}},{"base_weights":[-1.6579017E-1,-1.2853159E0,2.7475572E-1,-1.5458469E-1,-3.8212683E-2,-3.3308793E-2,5.9114743E-2,-1.676566E-2,1.1214193E-2],"categories":[],"categories_nodes":[],"categories_segments":[],"categories_sizes":[],"default_left":[0,0,0,0,0,0,0,0,0],"id":45,"left_children":[1,3,5,-1,-1,7,-1,-1,-1],"loss_changes":[5.2851725E0,1.1521673E-1,7.994428E-1,0E0,0E0,1.1650625E-1,0E0,0E0,0E0],"parents":[2147483647,0,0,1,1,2,2,5,5],"right_children":[2,4,6,-1,-1,8,-1,-1,-1],"split_conditions":[4.027821E-1,2.9803112E-1,8.050041E-1,-1.5458469E-1,-3.8212683E-2,6.0090137E-1,5.9114743E-2,-1.676566E-2,1.1214193E-2],"split_indices":[0,0,0,0,0,0,0,0,0],"split_type":[0,0,0,0,0,0,0,0,0],"sum_hessian":[9E0,2E0,7E0,1E0,1E0,4E0,3E0,2E0,2E0],"tree_param":{"num_deleted":"0","num_feature":"2","num_nodes":"9","size_leaf_vector":"1"}},{"base_weights":[-1.6313457E-1,-1.2210503E0,2.5397563E-1,-1.4685546E-1,-3.630209E-2,-9.590101E-2,4.8308182E-1,-1.5647952E-1,4.2917253E-3,1.8734869E-2,6.1778765E-2,-1.872549E-2,-4.746437E-3],"categories":[],"categories_nodes":[],"categories_segments":[],"categories_sizes":[],"default_left":[0,0,0,0,0,0,0,0,0,0,0,0,0],"id":46,"left_children":[1,3,5,-1,-1,7,9,11,-1,-1,-1,-1,-1],"loss_changes":[4.722791E0,1.03981495E-1,6.8759924E-1,0E0,0E0,4.0353283E-2,8.3443284E-2,1.1770129E-3,0E0,0E0,0E0,0E0,0E0],"parents":[2147483647,0,0,1,1,2,2,5,5,6,6,7,7],"right_children":[2,4,6,-1,-1,8,10,12,-1,-1,-1,-1,-1],"split_conditions":[4.027821E-1,2.9803112E-1,6.999963E-1,-1.4685546E-1,-3.630209E-2,6.0090137E-1,8.980016E-1,5.0525403E-1,4.2917253E-3,1.8734869E-2,6.1778765E-2,-1.872549E-2,-4.746437E-3],"split_indices":[0,0,0,0,0,0,0,0,0,0,0,0,0],"split_type":[0,0,0,0,0,0,0,0,0,0,0,0,0],"sum_hessian":[9E0,2E0,7E0,1E0,1E0,3E0,4E0,2E0,1E0,2E0,2E0,1E0,1E0],"tree_param":{"num_deleted":"0","num_feature":"2","num_nodes":"13","size_leaf_vector":"1"}},{"base_weights":[-1.590025E-1,-1.1599973E0,2.3624587E-1,-1.3951264E-1,-3.448696E-2,-3.0999374E-2,5.1124096E-1,-1.4865558E-1,9.698995E-3,1.575756E-2,5.766042E-2,-1.7789174E-2,-4.509163E-3],"categories":[],"categories_nodes":[],"categories_segments":[],"categories_sizes":[],"default_left":[0,0,0,0,0,0,0,0,0,0,0,0,0],"id":47,"left_children":[1,3,5,-1,-1,7,9,11,-1,-1,-1,-1,-1],"loss_changes":[4.23046E0,9.384394E-2,6.037772E-1,0E0,0E0,8.9711785E-2,1.6080141E-3,1.0620132E-3,0E0,0E0,0E0,0E0,0E0],"parents":[2147483647,0,0,1,1,2,2,5,5,6,6,7,7],"right_children":[2,4,6,-1,-1,8,10,12,-1,-1,-1,-1,-1],"split_conditions":[4.027821E-1,2.9803112E-1,8.050041E-1,-1.3951264E-1,-3.448696E-2,6.0090137E-1,8.980016E-1,5.0525403E-1,9.698995E-3,1.575756E-2,5.766042E-2,-1.7789174E-2,-4.509163E-3],"split_indices":[0,0,0,0,0,0,0,0,0,0,0,0,0],"split_type":[0,0,0,0,0,0,0,0,0,0,0,0,0],"sum_hessian":[9E0,2E0,7E0,1E0,1E0,4E0,3E0,2E0,2E0,1E0,2E0,1E0,1E0],"tree_param":{"num_deleted":"0","num_feature":"2","num_nodes":"13","size_leaf_vector":"1"}},{"base_weights":[-1.5442124E-1,-1.1019974E0,2.2022247E-1,-1.3253699E-1,-3.2762624E-2,-8.795643E-2,4.227211E-1,-1.4122264E-1,3.5921098E-3,1.6637294E-2,5.3816225E-2,-1.689968E-2,-4.2837146E-3],"categories":[],"categories_nodes":[],"categories_segments":[],"categories_sizes":[],"default_left":[0,0,0,0,0,0,0,0,0,0,0,0,0],"id":48,"left_children":[1,3,5,-1,-1,7,9,11,-1,-1,-1,-1,-1],"loss_changes":[3.792719E0,8.469367E-2,5.364275E-1,0E0,0E0,3.146682E-2,5.8430016E-2,9.583831E-4,0E0,0E0,0E0,0E0,0E0],"parents":[2147483647,0,0,1,1,2,2,5,5,6,6,7,7],"right_children":[2,4,6,-1,-1,8,10,12,-1,-1,-1,-1,-1],"split_conditions":[4.027821E-1,2.9803112E-1,6.999963E-1,-1.3253699E-1,-3.2762624E-2,6.0090137E-1,8.980016E-1,5.0525403E-1,3.5921098E-3,1.6637294E-2,5.3816225E-2,-1.689968E-2,-4.2837146E-3],"split_indices":[0,0,0,0,0,0,0,0,0,0,0,0,0],"split_type":[0,0,0,0,0,0,0,0,0,0,0,0,0],"sum_hessian":[9E0,2E0,7E0,1E0,1E0,3E0,4E0,2E0,1E0,2E0,2E0,1E0,1E0],"tree_param":{"num_deleted":"0","num_feature":"2","num_nodes":"13","size_leaf_vector":"1"}},{"base_weights":[-1.5022297E-1,-1.0468973E0,2.0480776E-1,-1.2591009E-1,-3.1124497E-2,-8.3559036E-2,3.9453965E-1,-1.3416164E-1,3.4124374E-3,1.5528234E-2,5.0228376E-2,-1.6054725E-2,-4.069519E-3],"categories":[],"categories_nodes":[],"categories_segments":[],"categories_sizes":[],"default_left":[0,0,0,0,0,0,0,0,0,0,0,0,0],"id":49,"left_children":[1,3,5,-1,-1,7,9,11,-1,-1,-1,-1,-1],"loss_changes":[3.397882E0,7.643533E-2,4.7066635E-1,0E0,0E0,2.8398523E-2,5.089706E-2,8.650124E-4,0E0,0E0,0E0,0E0,0E0],"parents":[2147483647,0,0,1,1,2,2,5,5,6,6,7,7],"right_children":[2,4,6,-1,-1,8,10,12,-1,-1,-1,-1,-1],"split_conditions":[4.027821E-1,2.9803112E-1,6.999963E-1,-1.2591009E-1,-3.1124497E-2,6.0090137E-1,8.980016E-1,5.0525403E-1,3.4124374E-3,1.5528234E-2,5.0228376E-2,-1.6054725E-2,-4.069519E-3],"split_indices":[0,0,0,0,0,0,0,0,0,0,0,0,0],"split_type":[0,0,0,0,0,0,0,0,0,0,0,0,0],"sum_hessian":[9E0,2E0,7E0,1E0,1E0,3E0,4E0,2E0,1E0,2E0,2E0,1E0,1E0],"tree_param":{"num_deleted":"0","num_feature":"2","num_nodes":"13","size_leaf_vector":"1"}},{"base_weights":[-1.4600086E-1,-9.945526E-1,1.9045615E-1,-1.196146E-1,-2.956829E-2,-2.9993057E-2,4.1840363E-2,-1.2745349E-1,7.746506E-3,-1.5252018E-2,-3.866005E-3],"categories":[],"categories_nodes":[],"categories_segments":[],"categories_sizes":[],"default_left":[0,0,0,0,0,0,0,0,0,0,0],"id":50,"left_children":[1,3,5,-1,-1,7,-1,9,-1,-1,-1],"loss_changes":[3.0444305E0,6.89826E-2,4.1455597E-1,0E0,0E0,6.2237762E-2,0E0,7.8083575E-4,0E0,0E0,0E0],"parents":[2147483647,0,0,1,1,2,2,5,5,7,7],"right_children":[2,4,6,-1,-1,8,-1,10,-1,-1,-1],"split_conditions":[4.027821E-1,2.9803112E-1,8.050041E-1,-1.196146E-1,-2.956829E-2,6.0090137E-1,4.1840363E-2,5.0525403E-1,7.746506E-3,-1.5252018E-2,-3.866005E-3],"split_indices":[0,0,0,0,0,0,0,0,0,0,0],"split_type":[0,0,0,0,0,0,0,0,0,0,0],"sum_hessian":[9E0,2E0,7E0,1E0,1E0,4E0,3E0,2E0,2E0,1E0,1E0],"tree_param":{"num_deleted":"0","num_feature":"2","num_nodes":"11","size_leaf_vector":"1"}},{"base_weights":[-1.432726E-1,-9.448255E-1,1.7521882E-1,-1.1363392E-1,-2.8089905E-2,-7.653952E-2,3.4158173E-1,-1.2108167E-1,2.8543472E-3,1.2840017E-2,4.409027E-2,-1.448946E-2,-3.6727905E-3],"categories":[],"categories_nodes":[],"categories_segments":[],"categories_sizes":[],"default_left":[0,0,0,0,0,0,0,0,0,0,0,0,0],"id":51,"left_children":[1,3,5,-1,-1,7,9,11,-1,-1,-1,-1,-1],"loss_changes":[2.7184284E0,6.2256575E-2,3.6121047E-1,0E0,0E0,2.2178583E-2,4.9255073E-2,7.044561E-4,0E0,0E0,0E0,0E0,0E0],"parents":[2147483647,0,0,1,1,2,2,5,5,6,6,7,7],"right_children":[2,4,6,-1,-1,8,10,12,-1,-1,-1,-1,-1],"split_conditions":[4.027821E-1,2.9803112E-1,6.999963E-1,-1.1363392E-1,-2.8089905E-2,6.0090137E-1,8.980016E-1,5.0525403E-1,2.8543472E-3,1.2840017E-2,4.409027E-2,-1.448946E-2,-3.6727905E-3],"split_indices":[0,0,0,0,0,0,0,0,0,0,0,0,0],"split_type":[0,0,0,0,0,0,0,0,0,0,0,0,0],"sum_hessian":[9E0,2E0,7E0,1E0,1E0,3E0,4E0,2E0,1E0,2E0,2E0,1E0,1E0],"tree_param":{"num_deleted":"0","num_feature":"2","num_nodes":"13","size_leaf_vector":"1"}},{"base_weights":[-1.3895531E-1,-8.9758426E-1,1.6289997E-1,-1.07952215E-1,-2.668543E-2,-7.2711945E-2,3.188095E-1,-1.1502711E-1,2.7116777E-3,1.1983999E-2,4.115092E-2,-1.3764954E-2,-3.489113E-3],"categories":[],"categories_nodes":[],"categories_segments":[],"categories_sizes":[],"default_left":[0,0,0,0,0,0,0,0,0,0,0,0,0],"id":52,"left_children":[1,3,5,-1,-1,7,9,11,-1,-1,-1,-1,-1],"loss_changes":[2.4361782E0,5.618596E-2,3.1705436E-1,0E0,0E0,2.0016242E-2,4.290682E-2,6.3586235E-4,0E0,0E0,0E0,0E0,0E0],"parents":[2147483647,0,0,1,1,2,2,5,5,6,6,7,7],"right_children":[2,4,6,-1,-1,8,10,12,-1,-1,-1,-1,-1],"split_conditions":[4.027821E-1,2.9803112E-1,6.999963E-1,-1.07952215E-1,-2.668543E-2,6.0090137E-1,8.980016E-1,5.0525403E-1,2.7116777E-3,1.1983999E-2,4.115092E-2,-1.3764954E-2,-3.489113E-3],"split_indices":[0,0,0,0,0,0,0,0,0,0,0,0,0],"split_type":[0,0,0,0,0,0,0,0,0,0,0,0,0],"sum_hessian":[9E0,2E0,7E0,1E0,1E0,3E0,4E0,2E0,1E0,2E0,2E0,1E0,1E0],"tree_param":{"num_deleted":"0","num_feature":"2","num_nodes":"13","size_leaf_vector":"1"}},{"base_weights":[-1.3466492E-1,-8.52705E-1,1.5143323E-1,-1.0255461E-1,-2.5351143E-2,-6.907606E-2,2.9755402E-1,-1.09275185E-1,2.576065E-3,1.1184947E-2,3.840739E-2,-1.3076687E-2,-3.3145905E-3],"categories":[],"categories_nodes":[],"categories_segments":[],"categories_sizes":[],"default_left":[0,0,0,0,0,0,0,0,0,0,0,0,0],"id":53,"left_children":[1,3,5,-1,-1,7,9,11,-1,-1,-1,-1,-1],"loss_changes":[2.1834273E0,5.0707817E-2,2.7832177E-1,0E0,0E0,1.8064411E-2,3.737721E-2,5.7405606E-4,0E0,0E0,0E0,0E0,0E0],"parents":[2147483647,0,0,1,1,2,2,5,5,6,6,7,7],"right_children":[2,4,6,-1,-1,8,10,12,-1,-1,-1,-1,-1],"split_conditions":[4.027821E-1,2.9803112E-1,6.999963E-1,-1.0255461E-1,-2.5351143E-2,6.0090137E-1,8.980016E-1,5.0525403E-1,2.576065E-3,1.1184947E-2,3.840739E-2,-1.3076687E-2,-3.3145905E-3],"split_indices":[0,0,0,0,0,0,0,0,0,0,0,0,0],"split_type":[0,0,0,0,0,0,0,0,0,0,0,0,0],"sum_hessian":[9E0,2E0,7E0,1E0,1E0,3E0,4E0,2E0,1E0,2E0,2E0,1E0,1E0],"tree_param":{"num_deleted":"0","num_feature":"2","num_nodes":"13","size_leaf_vector":"1"}},{"base_weights":[-1.3041095E-1,-8.1007004E-1,1.4076257E-1,-9.742689E-2,-2.4083614E-2,-2.7737046E-2,3.1619644E-1,-1.03811264E-1,5.7582855E-3,9.468841E-3,3.5846964E-2,-1.2422848E-2,-3.148842E-3],"categories":[],"categories_nodes":[],"categories_segments":[],"categories_sizes":[],"default_left":[0,0,0,0,0,0,0,0,0,0,0,0,0],"id":54,"left_children":[1,3,5,-1,-1,7,9,11,-1,-1,-1,-1,-1],"loss_changes":[1.957083E0,4.5763493E-2,2.4525467E-1,0E0,0E0,3.8430974E-2,3.5125017E-3,5.18132E-4,0E0,0E0,0E0,0E0,0E0],"parents":[2147483647,0,0,1,1,2,2,5,5,6,6,7,7],"right_children":[2,4,6,-1,-1,8,10,12,-1,-1,-1,-1,-1],"split_conditions":[4.027821E-1,2.9803112E-1,8.050041E-1,-9.742689E-2,-2.4083614E-2,6.0090137E-1,8.980016E-1,5.0525403E-1,5.7582855E-3,9.468841E-3,3.5846964E-2,-1.2422848E-2,-3.148842E-3],"split_indices":[0,0,0,0,0,0,0,0,0,0,0,0,0],"split_type":[0,0,0,0,0,0,0,0,0,0,0,0,0],"sum_hessian":[9E0,2E0,7E0,1E0,1E0,4E0,3E0,2E0,2E0,1E0,2E0,1E0,1E0],"tree_param":{"num_deleted":"0","num_feature":"2","num_nodes":"13","size_leaf_vector":"1"}},{"base_weights":[-1.2597103E-1,-7.6956624E-1,1.3112354E-1,-9.255552E-2,-2.287941E-2,-6.3168526E-2,2.603325E-1,-9.862137E-2,2.1595003E-3,9.931819E-3,3.3456933E-2,-1.180172E-2,-2.9914856E-3],"categories":[],"categories_nodes":[],"categories_segments":[],"categories_sizes":[],"default_left":[0,0,0,0,0,0,0,0,0,0,0,0,0],"id":55,"left_children":[1,3,5,-1,-1,7,9,11,-1,-1,-1,-1,-1],"loss_changes":[1.7555566E0,4.1301966E-2,2.17279E-1,0E0,0E0,1.4150159E-2,2.653712E-2,4.6739168E-4,0E0,0E0,0E0,0E0,0E0],"parents":[2147483647,0,0,1,1,2,2,5,5,6,6,7,7],"right_children":[2,4,6,-1,-1,8,10,12,-1,-1,-1,-1,-1],"split_conditions":[4.027821E-1,2.9803112E-1,6.999963E-1,-9.255552E-2,-2.287941E-2,6.0090137E-1,8.980016E-1,5.0525403E-1,2.1595003E-3,9.931819E-3,3.3456933E-2,-1.180172E-2,-2.9914856E-3],"split_indices":[0,0,0,0,0,0,0,0,0,0,0,0,0],"split_type":[0,0,0,0,0,0,0,0,0,0,0,0,0],"sum_hessian":[9E0,2E0,7E0,1E0,1E0,3E0,4E0,2E0,1E0,2E0,2E0,1E0,1E0],"tree_param":{"num_deleted":"0","num_feature":"2","num_nodes":"13","size_leaf_vector":"1"}},{"base_weights":[-1.2184181E-1,-7.31088E-1,1.21855736E-1,-8.792772E-2,-2.1735478E-2,-2.6385497E-2,2.7669334E-1,-9.369024E-2,4.9714404E-3,1.2945811E-2,3.5919953E-2,-1.1211586E-2,-2.8419495E-3],"categories":[],"categories_nodes":[],"categories_segments":[],"categories_sizes":[],"default_left":[0,0,0,0,0,0,0,0,0,0,0,0,0],"id":56,"left_children":[1,3,5,-1,-1,7,9,11,-1,-1,-1,-1,-1],"loss_changes":[1.5738052E0,3.7274122E-2,1.9092724E-1,0E0,0E0,3.0267173E-2,2.0899773E-3,4.2168796E-4,0E0,0E0,0E0,0E0,0E0],"parents":[2147483647,0,0,1,1,2,2,5,5,6,6,7,7],"right_children":[2,4,6,-1,-1,8,10,12,-1,-1,-1,-1,-1],"split_conditions":[4.027821E-1,2.9803112E-1,8.050041E-1,-8.792772E-2,-2.1735478E-2,6.0090137E-1,1E0,5.0525403E-1,4.9714404E-3,1.2945811E-2,3.5919953E-2,-1.1211586E-2,-2.8419495E-3],"split_indices":[0,0,0,0,0,0,0,0,0,0,0,0,0],"split_type":[0,0,0,0,0,0,0,0,0,0,0,0,0],"sum_hessian":[9E0,2E0,7E0,1E0,1E0,4E0,3E0,2E0,2E0,2E0,1E0,1E0,1E0],"tree_param":{"num_deleted":"0","num_feature":"2","num_nodes":"13","size_leaf_vector":"1"}},{"base_weights":[-1.1664562E-1,-6.9453365E-1,1.146431E-1,-8.353138E-2,-2.0648671E-2,-5.7739258E-2,2.2962037E-1,-8.900579E-2,1.8030166E-3,1.1640549E-2,3.4123994E-2,-1.0651017E-2,-2.699852E-3],"categories":[],"categories_nodes":[],"categories_segments":[],"categories_sizes":[],"default_left":[0,0,0,0,0,0,0,0,0,0,0,0,0],"id":57,"left_children":[1,3,5,-1,-1,7,9,11,-1,-1,-1,-1,-1],"loss_changes":[1.4162133E0,3.3640742E-2,1.7181852E-1,0E0,0E0,1.1080977E-2,2.3462772E-2,3.8057938E-4,0E0,0E0,0E0,0E0,0E0],"parents":[2147483647,0,0,1,1,2,2,5,5,6,6,7,7],"right_children":[2,4,6,-1,-1,8,10,12,-1,-1,-1,-1,-1],"split_conditions":[4.027821E-1,2.9803112E-1,6.999963E-1,-8.353138E-2,-2.0648671E-2,6.0090137E-1,1E0,5.0525403E-1,1.8030166E-3,1.1640549E-2,3.4123994E-2,-1.0651017E-2,-2.699852E-3],"split_indices":[0,0,0,0,0,0,0,0,0,0,0,0,0],"split_type":[0,0,0,0,0,0,0,0,0,0,0,0,0],"sum_hessian":[9E0,2E0,7E0,1E0,1E0,3E0,4E0,2E0,1E0,3E0,1E0,1E0,1E0],"tree_param":{"num_deleted":"0","num_feature":"2","num_nodes":"13","size_leaf_vector":"1"}},{"base_weights":[-1.1197796E-1,-6.598072E-1,1.0745525E-1,-7.935486E-2,-1.9616222E-2,-2.558136E-2,2.468872E-1,-8.4555306E-2,4.191971E-3,1.1306508E-2,3.241768E-2,-1.01184845E-2,-2.5648118E-3],"categories":[],"categories_nodes":[],"categories_segments":[],"categories_sizes":[],"default_left":[0,0,0,0,0,0,0,0,0,0,0,0,0],"id":58,"left_children":[1,3,5,-1,-1,7,9,11,-1,-1,-1,-1,-1],"loss_changes":[1.273019E0,3.0361414E-2,1.5471214E-1,0E0,0E0,2.3448555E-2,4.719138E-3,3.4359656E-4,0E0,0E0,0E0,0E0,0E0],"parents":[2147483647,0,0,1,1,2,2,5,5,6,6,7,7],"right_children":[2,4,6,-1,-1,8,10,12,-1,-1,-1,-1,-1],"split_conditions":[4.027821E-1,2.9803112E-1,8.050041E-1,-7.935486E-2,-1.9616222E-2,6.0090137E-1,1E0,5.0525403E-1,4.191971E-3,1.1306508E-2,3.241768E-2,-1.01184845E-2,-2.5648118E-3],"split_indices":[0,0,0,0,0,0,0,0,0,0,0,0,0],"split_type":[0,0,0,0,0,0,0,0,0,0,0,0,0],"sum_hessian":[9E0,2E0,7E0,1E0,1E0,4E0,3E0,2E0,2E0,2E0,1E0,1E0,1E0],"tree_param":{"num_deleted":"0","num_feature":"2","num_nodes":"13","size_leaf_vector":"1"}},{"base_weights":[-1.07154086E-1,-6.2681645E-1,1.0111356E-1,-7.53871E-2,-1.8635368E-2,-2.472191E-2,2.331295E-1,-8.032799E-2,3.9124805E-3,1.0552725E-2,3.0796815E-2,-9.61256E-3,-2.4366379E-3],"categories":[],"categories_nodes":[],"categories_segments":[],"categories_sizes":[],"default_left":[0,0,0,0,0,0,0,0,0,0,0,0,0],"id":59,"left_children":[1,3,5,-1,-1,7,9,11,-1,-1,-1,-1,-1],"loss_changes":[1.1456681E0,2.7401686E-2,1.3866171E-1,0E0,0E0,2.0894146E-2,5.6993067E-3,3.0994602E-4,0E0,0E0,0E0,0E0,0E0],"parents":[2147483647,0,0,1,1,2,2,5,5,6,6,7,7],"right_children":[2,4,6,-1,-1,8,10,12,-1,-1,-1,-1,-1],"split_conditions":[4.027821E-1,2.9803112E-1,8.050041E-1,-7.53871E-2,-1.8635368E-2,6.0090137E-1,1E0,5.0525403E-1,3.9124805E-3,1.0552725E-2,3.0796815E-2,-9.61256E-3,-2.4366379E-3],"split_indices":[0,0,0,0,0,0,0,0,0,0,0,0,0],"split_type":[0,0,0,0,0,0,0,0,0,0,0,0,0],"sum_hessian":[9E0,2E0,7E0,1E0,1E0,4E0,3E0,2E0,2E0,2E0,1E0,1E0,1E0],"tree_param":{"num_deleted":"0","num_feature":"2","num_nodes":"13","size_leaf_vector":"1"}},{"base_weights":[-1.02519795E-1,-5.954755E-1,9.515357E-2,-7.16177E-2,-1.7703628E-2,-2.3877334E-2,2.2015381E-1,-7.631111E-2,3.6515554E-3,9.849294E-3,2.925682E-2,-9.131908E-3,-2.3147583E-3],"categories":[],"categories_nodes":[],"categories_segments":[],"categories_sizes":[],"default_left":[0,0,0,0,0,0,0,0,0,0,0,0,0],"id":60,"left_children":[1,3,5,-1,-1,7,9,11,-1,-1,-1,-1,-1],"loss_changes":[1.0311037E0,2.4729371E-2,1.2428782E-1,0E0,0E0,1.8619679E-2,6.424099E-3,2.79814E-4,0E0,0E0,0E0,0E0,0E0],"parents":[2147483647,0,0,1,1,2,2,5,5,6,6,7,7],"right_children":[2,4,6,-1,-1,8,10,12,-1,-1,-1,-1,-1],"split_conditions":[4.027821E-1,2.9803112E-1,8.050041E-1,-7.16177E-2,-1.7703628E-2,6.0090137E-1,1E0,5.0525403E-1,3.6515554E-3,9.849294E-3,2.925682E-2,-9.131908E-3,-2.3147583E-3],"split_indices":[0,0,0,0,0,0,0,0,0,0,0,0,0],"split_type":[0,0,0,0,0,0,0,0,0,0,0,0,0],"sum_hessian":[9E0,2E0,7E0,1E0,1E0,4E0,3E0,2E0,2E0,2E0,1E0,1E0,1E0],"tree_param":{"num_deleted":"0","num_feature":"2","num_nodes":"13","size_leaf_vector":"1"}},{"base_weights":[-9.806881E-2,-5.657018E-1,8.9552164E-2,-6.803685E-2,-1.6818428E-2,-4.8746586E-2,1.8228073E-1,-7.249514E-2,1.1249542E-3,8.88815E-3,2.7793884E-2,-8.675289E-3,-2.1989823E-3],"categories":[],"categories_nodes":[],"categories_segments":[],"categories_sizes":[],"default_left":[0,0,0,0,0,0,0,0,0,0,0,0,0],"id":61,"left_children":[1,3,5,-1,-1,7,9,11,-1,-1,-1,-1,-1],"loss_changes":[9.2803746E-1,2.231872E-2,1.1147953E-1,0E0,0E0,6.514822E-3,1.9968346E-2,2.5259517E-4,0E0,0E0,0E0,0E0,0E0],"parents":[2147483647,0,0,1,1,2,2,5,5,6,6,7,7],"right_children":[2,4,6,-1,-1,8,10,12,-1,-1,-1,-1,-1],"split_conditions":[4.027821E-1,2.9803112E-1,6.999963E-1,-6.803685E-2,-1.6818428E-2,6.0090137E-1,1E0,5.0525403E-1,1.1249542E-3,8.88815E-3,2.7793884E-2,-8.675289E-3,-2.1989823E-3],"split_indices":[0,0,0,0,0,0,0,0,0,0,0,0,0],"split_type":[0,0,0,0,0,0,0,0,0,0,0,0,0],"sum_hessian":[9E0,2E0,7E0,1E0,1E0,3E0,4E0,2E0,1E0,3E0,1E0,1E0,1E0],"tree_param":{"num_deleted":"0","num_feature":"2","num_nodes":"13","size_leaf_vector":"1"}},{"base_weights":[-9.4054416E-2,-5.3741646E-1,8.3963156E-2,-6.463499E-2,-1.5977478E-2,-2.2876358E-2,1.9652176E-1,-6.887118E-2,3.0743917E-3,8.600107E-3,2.640419E-2,-8.241558E-3,-2.089119E-3],"categories":[],"categories_nodes":[],"categories_segments":[],"categories_sizes":[],"default_left":[0,0,0,0,0,0,0,0,0,0,0,0,0],"id":62,"left_children":[1,3,5,-1,-1,7,9,11,-1,-1,-1,-1,-1],"loss_changes":[8.343855E-1,2.0143032E-2,1.0070136E-1,0E0,0E0,1.4448645E-2,7.14159E-3,2.2782106E-4,0E0,0E0,0E0,0E0,0E0],"parents":[2147483647,0,0,1,1,2,2,5,5,6,6,7,7],"right_children":[2,4,6,-1,-1,8,10,12,-1,-1,-1,-1,-1],"split_conditions":[4.027821E-1,2.9803112E-1,8.050041E-1,-6.463499E-2,-1.5977478E-2,6.0090137E-1,1E0,5.0525403E-1,3.0743917E-3,8.600107E-3,2.640419E-2,-8.241558E-3,-2.089119E-3],"split_indices":[0,0,0,0,0,0,0,0,0,0,0,0,0],"split_type":[0,0,0,0,0,0,0,0,0,0,0,0,0],"sum_hessian":[9E0,2E0,7E0,1E0,1E0,4E0,3E0,2E0,2E0,2E0,1E0,1E0,1E0],"tree_param":{"num_deleted":"0","num_feature":"2","num_nodes":"13","size_leaf_vector":"1"}},{"base_weights":[-8.993511E-2,-5.1054573E-1,7.903576E-2,-6.1403275E-2,-1.5178585E-2,-2.2039795E-2,1.8562126E-1,-6.542715E-2,2.8694153E-3,8.026886E-3,2.5083924E-2,-7.829475E-3,-1.9845963E-3],"categories":[],"categories_nodes":[],"categories_segments":[],"categories_sizes":[],"default_left":[0,0,0,0,0,0,0,0,0,0,0,0,0],"id":63,"left_children":[1,3,5,-1,-1,7,9,11,-1,-1,-1,-1,-1],"loss_changes":[7.510607E-1,1.8179536E-2,9.027657E-2,0E0,0E0,1.2883434E-2,7.34891E-3,2.0572823E-4,0E0,0E0,0E0,0E0,0E0],"parents":[2147483647,0,0,1,1,2,2,5,5,6,6,7,7],"right_children":[2,4,6,-1,-1,8,10,12,-1,-1,-1,-1,-1],"split_conditions":[4.027821E-1,2.9803112E-1,8.050041E-1,-6.1403275E-2,-1.5178585E-2,6.0090137E-1,1E0,5.0525403E-1,2.8694153E-3,8.026886E-3,2.5083924E-2,-7.829475E-3,-1.9845963E-3],"split_indices":[0,0,0,0,0,0,0,0,0,0,0,0,0],"split_type":[0,0,0,0,0,0,0,0,0,0,0,0,0],"sum_hessian":[9E0,2E0,7E0,1E0,1E0,4E0,3E0,2E0,2E0,2E0,1E0,1E0,1E0],"tree_param":{"num_deleted":"0","num_feature":"2","num_nodes":"13","size_leaf_vector":"1"}},{"base_weights":[-8.598308E-2,-4.850184E-1,7.440305E-2,-5.833311E-2,-1.4419652E-2,-2.9929478E-3,2.0439403E-2,-6.215604E-2,4.212761E-2,-7.4379924E-3,-1.8854141E-3,7.715225E-4,5.102666E-3],"categories":[],"categories_nodes":[],"categories_segments":[],"categories_sizes":[],"default_left":[0,0,0,0,0,0,0,0,0,0,0,0,0],"id":64,"left_children":[1,3,5,-1,-1,7,-1,9,11,-1,-1,-1,-1],"loss_changes":[6.7608416E-1,1.6407013E-2,8.109799E-2,0E0,0E0,1.8635316E-2,0E0,1.8558279E-4,8.312678E-4,0E0,0E0,0E0,0E0],"parents":[2147483647,0,0,1,1,2,2,5,5,7,7,8,8],"right_children":[2,4,6,-1,-1,8,-1,10,12,-1,-1,-1,-1],"split_conditions":[4.027821E-1,2.9803112E-1,8.980016E-1,-5.833311E-2,-1.4419652E-2,6.0090137E-1,2.0439403E-2,5.0525403E-1,6.999963E-1,-7.4379924E-3,-1.8854141E-3,7.715225E-4,5.102666E-3],"split_indices":[0,0,0,0,0,0,0,0,0,0,0,0,0],"split_type":[0,0,0,0,0,0,0,0,0,0,0,0,0],"sum_hessian":[9E0,2E0,7E0,1E0,1E0,5E0,2E0,2E0,3E0,1E0,1E0,1E0,2E0],"tree_param":{"num_deleted":"0","num_feature":"2","num_nodes":"13","size_leaf_vector":"1"}},{"base_weights":[-8.2961276E-2,-4.6076775E-1,6.908631E-2,-5.541649E-2,-1.3698674E-2,-2.0534897E-2,1.6384125E-1,-5.9048336E-2,2.4823507E-2,6.640371E-3,2.2807693E-2,-7.0660594E-3,-1.7911912E-3,7.329941E-4,2.990532E-3],"categories":[],"categories_nodes":[],"categories_segments":[],"categories_sizes":[],"default_left":[0,0,0,0,0,0,0,0,0,0,0,0,0,0,0],"id":65,"left_children":[1,3,5,-1,-1,7,9,11,13,-1,-1,-1,-1,-1,-1],"loss_changes":[6.0627836E-1,1.4807403E-2,7.130088E-2,0E0,0E0,1.0200326E-2,9.89072E-3,1.6739406E-4,4.749291E-5,0E0,0E0,0E0,0E0,0E0,0E0],"parents":[2147483647,0,0,1,1,2,2,5,5,6,6,7,7,8,8],"right_children":[2,4,6,-1,-1,8,10,12,14,-1,-1,-1,-1,-1,-1],"split_conditions":[4.027821E-1,2.9803112E-1,8.050041E-1,-5.541649E-2,-1.3698674E-2,6.0090137E-1,1E0,5.0525403E-1,6.999963E-1,6.640371E-3,2.2807693E-2,-7.0660594E-3,-1.7911912E-3,7.329941E-4,2.990532E-3],"split_indices":[0,0,0,0,0,0,0,0,0,0,0,0,0,0,0],"split_type":[0,0,0,0,0,0,0,0,0,0,0,0,0,0,0],"sum_hessian":[9E0,2E0,7E0,1E0,1E0,4E0,3E0,2E0,2E0,2E0,1E0,1E0,1E0,1E0,1E0],"tree_param":{"num_deleted":"0","num_feature":"2","num_nodes":"15","size_leaf_vector":"1"}},{"base_weights":[-7.914448E-2,-4.377295E-1,6.521797E-2,-5.2645683E-2,-1.3013745E-2,-3.519694E-3,1.8095398E-1,-5.6095123E-2,3.67918E-2,5.4756165E-3,2.166748E-2,-6.712723E-3,-1.7015458E-3,6.96373E-4,4.441325E-3],"categories":[],"categories_nodes":[],"categories_segments":[],"categories_sizes":[],"default_left":[0,0,0,0,0,0,0,0,0,0,0,0,0,0,0],"id":66,"left_children":[1,3,5,-1,-1,7,9,11,13,-1,-1,-1,-1,-1,-1],"loss_changes":[5.4621E-1,1.3363719E-2,6.428028E-2,0E0,0E0,1.4780206E-2,1.6593933E-3,1.5119184E-4,6.0005067E-4,0E0,0E0,0E0,0E0,0E0,0E0],"parents":[2147483647,0,0,1,1,2,2,5,5,6,6,7,7,8,8],"right_children":[2,4,6,-1,-1,8,10,12,14,-1,-1,-1,-1,-1,-1],"split_conditions":[4.027821E-1,2.9803112E-1,8.980016E-1,-5.2645683E-2,-1.3013745E-2,6.0090137E-1,1E0,5.0525403E-1,6.999963E-1,5.4756165E-3,2.166748E-2,-6.712723E-3,-1.7015458E-3,6.96373E-4,4.441325E-3],"split_indices":[0,0,0,0,0,0,0,0,0,0,0,0,0,0,0],"split_type":[0,0,0,0,0,0,0,0,0,0,0,0,0,0,0],"sum_hessian":[9E0,2E0,7E0,1E0,1E0,5E0,2E0,2E0,3E0,1E0,1E0,1E0,1E0,1E0,2E0],"tree_param":{"num_deleted":"0","num_feature":"2","num_nodes":"15","size_leaf_vector":"1"}},{"base_weights":[-7.540951E-2,-4.1584268E-1,6.1679125E-2,-5.0013352E-2,-1.2363053E-2,-3.7139256E-3,1.7190552E-1,-5.3290684E-2,3.4397125E-2,5.201721E-3,2.0584106E-2,-6.3771247E-3,-1.616478E-3,6.6146854E-4,4.1453047E-3],"categories":[],"categories_nodes":[],"categories_segments":[],"categories_sizes":[],"default_left":[0,0,0,0,0,0,0,0,0,0,0,0,0,0,0],"id":67,"left_children":[1,3,5,-1,-1,7,9,11,13,-1,-1,-1,-1,-1,-1],"loss_changes":[4.9234396E-1,1.2060702E-2,5.8302764E-2,0E0,0E0,1.3169581E-2,1.4981478E-3,1.3645273E-4,5.099238E-4,0E0,0E0,0E0,0E0,0E0,0E0],"parents":[2147483647,0,0,1,1,2,2,5,5,6,6,7,7,8,8],"right_children":[2,4,6,-1,-1,8,10,12,14,-1,-1,-1,-1,-1,-1],"split_conditions":[4.027821E-1,2.9803112E-1,8.980016E-1,-5.0013352E-2,-1.2363053E-2,6.0090137E-1,1E0,5.0525403E-1,6.999963E-1,5.201721E-3,2.0584106E-2,-6.3771247E-3,-1.616478E-3,6.6146854E-4,4.1453047E-3],"split_indices":[0,0,0,0,0,0,0,0,0,0,0,0,0,0,0],"split_type":[0,0,0,0,0,0,0,0,0,0,0,0,0,0,0],"sum_hessian":[9E0,2E0,7E0,1E0,1E0,5E0,2E0,2E0,3E0,1E0,1E0,1E0,1E0,1E0,2E0],"tree_param":{"num_deleted":"0","num_feature":"2","num_nodes":"15","size_leaf_vector":"1"}},{"base_weights":[-7.1846485E-2,-3.9505038E-1,5.833578E-2,-4.7512677E-2,-1.1744881E-2,-3.873825E-3,1.6330974E-1,-5.0626118E-2,3.215885E-2,4.941559E-3,1.9554902E-2,-6.0583116E-3,-1.5356065E-3,6.284714E-4,3.868866E-3],"categories":[],"categories_nodes":[],"categories_segments":[],"categories_sizes":[],"default_left":[0,0,0,0,0,0,0,0,0,0,0,0,0,0,0],"id":68,"left_children":[1,3,5,-1,-1,7,9,11,13,-1,-1,-1,-1,-1,-1],"loss_changes":[4.437997E-1,1.0884941E-2,5.287574E-2,0E0,0E0,1.1735739E-2,1.3524294E-3,1.2323353E-4,4.3266593E-4,0E0,0E0,0E0,0E0,0E0,0E0],"parents":[2147483647,0,0,1,1,2,2,5,5,6,6,7,7,8,8],"right_children":[2,4,6,-1,-1,8,10,12,14,-1,-1,-1,-1,-1,-1],"split_conditions":[4.027821E-1,2.9803112E-1,8.980016E-1,-4.7512677E-2,-1.1744881E-2,6.0090137E-1,1E0,5.0525403E-1,6.999963E-1,4.941559E-3,1.9554902E-2,-6.0583116E-3,-1.5356065E-3,6.284714E-4,3.868866E-3],"split_indices":[0,0,0,0,0,0,0,0,0,0,0,0,0,0,0],"split_type":[0,0,0,0,0,0,0,0,0,0,0,0,0,0,0],"sum_hessian":[9E0,2E0,7E0,1E0,1E0,5E0,2E0,2E0,3E0,1E0,1E0,1E0,1E0,1E0,2E0],"tree_param":{"num_deleted":"0","num_feature":"2","num_nodes":"15","size_leaf_vector":"1"}},{"base_weights":[-6.844749E-2,-3.7529755E-1,5.517721E-2,-4.5137025E-2,-1.1157609E-2,-4.002253E-3,1.5514374E-1,-4.8094433E-2,3.0067444E-2,4.6943664E-3,1.8577194E-2,-5.7554245E-3,-1.4587402E-3,5.970001E-4,3.6109926E-3],"categories":[],"categories_nodes":[],"categories_segments":[],"categories_sizes":[],"default_left":[0,0,0,0,0,0,0,0,0,0,0,0,0,0,0],"id":69,"left_children":[1,3,5,-1,-1,7,9,11,13,-1,-1,-1,-1,-1,-1],"loss_changes":[4.0005034E-1,9.823889E-3,4.7948647E-2,0E0,0E0,1.045932E-2,1.2211055E-3,1.11343805E-4,3.6685704E-4,0E0,0E0,0E0,0E0,0E0,0E0],"parents":[2147483647,0,0,1,1,2,2,5,5,6,6,7,7,8,8],"right_children":[2,4,6,-1,-1,8,10,12,14,-1,-1,-1,-1,-1,-1],"split_conditions":[4.027821E-1,2.9803112E-1,8.980016E-1,-4.5137025E-2,-1.1157609E-2,6.0090137E-1,1E0,5.0525403E-1,6.999963E-1,4.6943664E-3,1.8577194E-2,-5.7554245E-3,-1.4587402E-3,5.970001E-4,3.6109926E-3],"split_indices":[0,0,0,0,0,0,0,0,0,0,0,0,0,0,0],"split_type":[0,0,0,0,0,0,0,0,0,0,0,0,0,0,0],"sum_hessian":[9E0,2E0,7E0,1E0,1E0,5E0,2E0,2E0,3E0,1E0,1E0,1E0,1E0,1E0,2E0],"tree_param":{"num_deleted":"0","num_feature":"2","num_nodes":"15","size_leaf_vector":"1"}},{"base_weights":[-6.5205574E-2,-3.5653242E-1,5.2192688E-2,-4.2880155E-2,-1.0599709E-2,-4.1033425E-3,1.4738719E-1,-4.56899E-2,2.8112411E-2,4.4597625E-3,1.7648315E-2,-5.467606E-3,-1.3858796E-3,5.672455E-4,3.3701581E-3],"categories":[],"categories_nodes":[],"categories_segments":[],"categories_sizes":[],"default_left":[0,0,0,0,0,0,0,0,0,0,0,0,0,0,0],"id":70,"left_children":[1,3,5,-1,-1,7,9,11,13,-1,-1,-1,-1,-1,-1],"loss_changes":[3.6062106E-1,8.866191E-3,4.3477356E-2,0E0,0E0,9.322908E-3,1.1015534E-3,1.00373756E-4,3.105118E-4,0E0,0E0,0E0,0E0,0E0,0E0],"parents":[2147483647,0,0,1,1,2,2,5,5,6,6,7,7,8,8],"right_children":[2,4,6,-1,-1,8,10,12,14,-1,-1,-1,-1,-1,-1],"split_conditions":[4.027821E-1,2.9803112E-1,8.980016E-1,-4.2880155E-2,-1.0599709E-2,6.0090137E-1,1E0,5.0525403E-1,6.999963E-1,4.4597625E-3,1.7648315E-2,-5.467606E-3,-1.3858796E-3,5.672455E-4,3.3701581E-3],"split_indices":[0,0,0,0,0,0,0,0,0,0,0,0,0,0,0],"split_type":[0,0,0,0,0,0,0,0,0,0,0,0,0,0,0],"sum_hessian":[9E0,2E0,7E0,1E0,1E0,5E0,2E0,2E0,3E0,1E0,1E0,1E0,1E0,1E0,2E0],"tree_param":{"num_deleted":"0","num_feature":"2","num_nodes":"15","size_leaf_vector":"1"}},{"base_weights":[-6.211386E-2,-3.3870602E-1,4.9372435E-2,-4.073615E-2,-1.0069752E-2,-4.178683E-3,1.400172E-1,-4.3405533E-2,2.6286125E-2,4.2366027E-3,1.6765976E-2,-5.194187E-3,-1.3166427E-3,5.38826E-4,3.1455995E-3],"categories":[],"categories_nodes":[],"categories_segments":[],"categories_sizes":[],"default_left":[0,0,0,0,0,0,0,0,0,0,0,0,0,0,0],"id":71,"left_children":[1,3,5,-1,-1,7,9,11,13,-1,-1,-1,-1,-1,-1],"loss_changes":[3.2508507E-1,8.0014765E-3,3.9418112E-2,0E0,0E0,8.311194E-3,9.949096E-4,9.0505E-5,2.6266393E-4,0E0,0E0,0E0,0E0,0E0,0E0],"parents":[2147483647,0,0,1,1,2,2,5,5,6,6,7,7,8,8],"right_children":[2,4,6,-1,-1,8,10,12,14,-1,-1,-1,-1,-1,-1],"split_conditions":[4.027821E-1,2.9803112E-1,8.980016E-1,-4.073615E-2,-1.0069752E-2,6.0090137E-1,1E0,5.0525403E-1,6.999963E-1,4.2366027E-3,1.6765976E-2,-5.194187E-3,-1.3166427E-3,5.38826E-4,3.1455995E-3],"split_indices":[0,0,0,0,0,0,0,0,0,0,0,0,0,0,0],"split_type":[0,0,0,0,0,0,0,0,0,0,0,0,0,0,0],"sum_hessian":[9E0,2E0,7E0,1E0,1E0,5E0,2E0,2E0,3E0,1E0,1E0,1E0,1E0,1E0,2E0],"tree_param":{"num_deleted":"0","num_feature":"2","num_nodes":"15","size_leaf_vector":"1"}},{"base_weights":[-5.9165955E-2,-3.21771E-1,4.6706676E-2,-3.869934E-2,-9.566307E-3,-4.2324066E-3,1.3301595E-1,-4.1235607E-2,2.4578094E-2,4.024887E-3,1.5927507E-2,-4.934502E-3,-1.2508392E-3,5.1193236E-4,2.9357912E-3],"categories":[],"categories_nodes":[],"categories_segments":[],"categories_sizes":[],"default_left":[0,0,0,0,0,0,0,0,0,0,0,0,0,0,0],"id":72,"left_children":[1,3,5,-1,-1,7,9,11,13,-1,-1,-1,-1,-1,-1],"loss_changes":[2.930557E-1,7.2209537E-3,3.5735097E-2,0E0,0E0,7.409977E-3,8.973032E-4,8.165557E-5,2.2174465E-4,0E0,0E0,0E0,0E0,0E0,0E0],"parents":[2147483647,0,0,1,1,2,2,5,5,6,6,7,7,8,8],"right_children":[2,4,6,-1,-1,8,10,12,14,-1,-1,-1,-1,-1,-1],"split_conditions":[4.027821E-1,2.9803112E-1,8.980016E-1,-3.869934E-2,-9.566307E-3,6.0090137E-1,1E0,5.0525403E-1,6.999963E-1,4.024887E-3,1.5927507E-2,-4.934502E-3,-1.2508392E-3,5.1193236E-4,2.9357912E-3],"split_indices":[0,0,0,0,0,0,0,0,0,0,0,0,0,0,0],"split_type":[0,0,0,0,0,0,0,0,0,0,0,0,0,0,0],"sum_hessian":[9E0,2E0,7E0,1E0,1E0,5E0,2E0,2E0,3E0,1E0,1E0,1E0,1E0,1E0,2E0],"tree_param":{"num_deleted":"0","num_feature":"2","num_nodes":"15","size_leaf_vector":"1"}},{"base_weights":[-5.635519E-2,-3.0568218E-1,4.418683E-2,-3.6764383E-2,-9.087944E-3,-4.265785E-3,1.2636311E-1,-3.9173763E-2,2.2981644E-2,3.823471E-3,1.5130997E-2,-4.687786E-3,-1.1882782E-3,4.863739E-4,2.7399699E-3],"categories":[],"categories_nodes":[],"categories_segments":[],"categories_sizes":[],"default_left":[0,0,0,0,0,0,0,0,0,0,0,0,0,0,0],"id":73,"left_children":[1,3,5,-1,-1,7,9,11,13,-1,-1,-1,-1,-1,-1],"loss_changes":[2.6418552E-1,6.517321E-3,3.2392286E-2,0E0,0E0,6.607193E-3,8.102879E-4,7.371791E-5,1.8691854E-4,0E0,0E0,0E0,0E0,0E0,0E0],"parents":[2147483647,0,0,1,1,2,2,5,5,6,6,7,7,8,8],"right_children":[2,4,6,-1,-1,8,10,12,14,-1,-1,-1,-1,-1,-1],"split_conditions":[4.027821E-1,2.9803112E-1,8.980016E-1,-3.6764383E-2,-9.087944E-3,6.0090137E-1,1E0,5.0525403E-1,6.999963E-1,3.823471E-3,1.5130997E-2,-4.687786E-3,-1.1882782E-3,4.863739E-4,2.7399699E-3],"split_indices":[0,0,0,0,0,0,0,0,0,0,0,0,0,0,0],"split_type":[0,0,0,0,0,0,0,0,0,0,0,0,0,0,0],"sum_hessian":[9E0,2E0,7E0,1E0,1E0,5E0,2E0,2E0,3E0,1E0,1E0,1E0,1E0,1E0,2E0],"tree_param":{"num_deleted":"0","num_feature":"2","num_nodes":"15","size_leaf_vector":"1"}},{"base_weights":[-5.367384E-2,-2.9039797E-1,4.1806936E-2,-3.4926176E-2,-8.633519E-3,-4.2804084E-3,1.2004598E-1,-3.721428E-2,2.1490097E-2,3.6323548E-3,1.4374542E-2,-4.453373E-3,-1.1287689E-3,4.6195983E-4,2.5573731E-3],"categories":[],"categories_nodes":[],"categories_segments":[],"categories_sizes":[],"default_left":[0,0,0,0,0,0,0,0,0,0,0,0,0,0,0],"id":74,"left_children":[1,3,5,-1,-1,7,9,11,13,-1,-1,-1,-1,-1,-1],"loss_changes":[2.3816667E-1,5.882144E-3,2.936048E-2,0E0,0E0,5.8920733E-3,7.311851E-4,6.662216E-5,1.5743135E-4,0E0,0E0,0E0,0E0,0E0,0E0],"parents":[2147483647,0,0,1,1,2,2,5,5,6,6,7,7,8,8],"right_children":[2,4,6,-1,-1,8,10,12,14,-1,-1,-1,-1,-1,-1],"split_conditions":[4.027821E-1,2.9803112E-1,8.980016E-1,-3.4926176E-2,-8.633519E-3,6.0090137E-1,1E0,5.0525403E-1,6.999963E-1,3.6323548E-3,1.4374542E-2,-4.453373E-3,-1.1287689E-3,4.6195983E-4,2.5573731E-3],"split_indices":[0,0,0,0,0,0,0,0,0,0,0,0,0,0,0],"split_type":[0,0,0,0,0,0,0,0,0,0,0,0,0,0,0],"sum_hessian":[9E0,2E0,7E0,1E0,1E0,5E0,2E0,2E0,3E0,1E0,1E0,1E0,1E0,1E0,2E0],"tree_param":{"num_deleted":"0","num_feature":"2","num_nodes":"15","size_leaf_vector":"1"}},{"base_weights":[-5.1117517E-2,-2.7587828E-1,3.9557457E-2,-3.3179857E-2,-8.201885E-3,-4.2788186E-3,1.1404419E-1,-3.5353344E-2,2.0096779E-2,3.4507753E-3,1.3655853E-2,-4.23069E-3,-1.0723114E-3,4.3888093E-4,2.3869833E-3],"categories":[],"categories_nodes":[],"categories_segments":[],"categories_sizes":[],"default_left":[0,0,0,0,0,0,0,0,0,0,0,0,0,0,0],"id":75,"left_children":[1,3,5,-1,-1,7,9,11,13,-1,-1,-1,-1,-1,-1],"loss_changes":[2.1471478E-1,5.3082854E-3,2.6609745E-2,0E0,0E0,5.2552484E-3,6.598048E-4,6.0141552E-5,1.3230788E-4,0E0,0E0,0E0,0E0,0E0,0E0],"parents":[2147483647,0,0,1,1,2,2,5,5,6,6,7,7,8,8],"right_children":[2,4,6,-1,-1,8,10,12,14,-1,-1,-1,-1,-1,-1],"split_conditions":[4.027821E-1,2.9803112E-1,8.980016E-1,-3.3179857E-2,-8.201885E-3,6.0090137E-1,1E0,5.0525403E-1,6.999963E-1,3.4507753E-3,1.3655853E-2,-4.23069E-3,-1.0723114E-3,4.3888093E-4,2.3869833E-3],"split_indices":[0,0,0,0,0,0,0,0,0,0,0,0,0,0,0],"split_type":[0,0,0,0,0,0,0,0,0,0,0,0,0,0,0],"sum_hessian":[9E0,2E0,7E0,1E0,1E0,5E0,2E0,2E0,3E0,1E0,1E0,1E0,1E0,1E0,2E0],"tree_param":{"num_deleted":"0","num_feature":"2","num_nodes":"15","size_leaf_vector":"1"}},{"base_weights":[-4.868107E-2,-2.6208434E-1,3.7430286E-2,-3.1520844E-2,-7.7918055E-3,-4.264196E-3,1.0834249E-1,-3.3585865E-2,1.8793106E-2,3.278351E-3,1.2973023E-2,-4.019165E-3,-1.018715E-3,4.1694642E-4,2.2277832E-3],"categories":[],"categories_nodes":[],"categories_segments":[],"categories_sizes":[],"default_left":[0,0,0,0,0,0,0,0,0,0,0,0,0,0,0],"id":76,"left_children":[1,3,5,-1,-1,7,9,11,13,-1,-1,-1,-1,-1,-1],"loss_changes":[1.9357432E-1,4.790589E-3,2.4115175E-2,0E0,0E0,4.6876543E-3,5.9508905E-4,5.4262113E-5,1.109509E-4,0E0,0E0,0E0,0E0,0E0,0E0],"parents":[2147483647,0,0,1,1,2,2,5,5,6,6,7,7,8,8],"right_children":[2,4,6,-1,-1,8,10,12,14,-1,-1,-1,-1,-1,-1],"split_conditions":[4.027821E-1,2.9803112E-1,8.980016E-1,-3.1520844E-2,-7.7918055E-3,6.0090137E-1,1E0,5.0525403E-1,6.999963E-1,3.278351E-3,1.2973023E-2,-4.019165E-3,-1.018715E-3,4.1694642E-4,2.2277832E-3],"split_indices":[0,0,0,0,0,0,0,0,0,0,0,0,0,0,0],"split_type":[0,0,0,0,0,0,0,0,0,0,0,0,0,0,0],"sum_hessian":[9E0,2E0,7E0,1E0,1E0,5E0,2E0,2E0,3E0,1E0,1E0,1E0,1E0,1E0,2E0],"tree_param":{"num_deleted":"0","num_feature":"2","num_nodes":"15","size_leaf_vector":"1"}},{"base_weights":[-4.63583E-2,-2.4898021E-1,3.5419703E-2,-2.9944802E-2,-7.4022296E-3,-4.2365394E-3,1.0292562E-1,-3.1906765E-2,1.7575264E-2,3.114319E-3,1.2324524E-2,-3.8182258E-3,-9.677887E-4,3.961563E-4,2.0792643E-3],"categories":[],"categories_nodes":[],"categories_segments":[],"categories_sizes":[],"default_left":[0,0,0,0,0,0,0,0,0,0,0,0,0,0,0],"id":77,"left_children":[1,3,5,-1,-1,7,9,11,13,-1,-1,-1,-1,-1,-1],"loss_changes":[1.7451894E-1,4.323408E-3,2.1852296E-2,0E0,0E0,4.181994E-3,5.3752586E-4,4.8968242E-5,9.283051E-5,0E0,0E0,0E0,0E0,0E0,0E0],"parents":[2147483647,0,0,1,1,2,2,5,5,6,6,7,7,8,8],"right_children":[2,4,6,-1,-1,8,10,12,14,-1,-1,-1,-1,-1,-1],"split_conditions":[4.027821E-1,2.9803112E-1,8.980016E-1,-2.9944802E-2,-7.4022296E-3,6.0090137E-1,1E0,5.0525403E-1,6.999963E-1,3.114319E-3,1.2324524E-2,-3.8182258E-3,-9.677887E-4,3.961563E-4,2.0792643E-3],"split_indices":[0,0,0,0,0,0,0,0,0,0,0,0,0,0,0],"split_type":[0,0,0,0,0,0,0,0,0,0,0,0,0,0,0],"sum_hessian":[9E0,2E0,7E0,1E0,1E0,5E0,2E0,2E0,3E0,1E0,1E0,1E0,1E0,1E0,2E0],"tree_param":{"num_deleted":"0","num_feature":"2","num_nodes":"15","size_leaf_vector":"1"}},{"base_weights":[-4.4143774E-2,-2.3653126E-1,3.3519506E-2,-2.8447581E-2,-7.0321085E-3,-4.1977563E-3,9.778086E-2,-3.031095E-2,1.6436577E-2,2.9586793E-3,1.17084505E-2,-3.6273003E-3,-9.1934204E-4,3.763199E-4,1.9406638E-3],"categories":[],"categories_nodes":[],"categories_segments":[],"categories_sizes":[],"default_left":[0,0,0,0,0,0,0,0,0,0,0,0,0,0,0],"id":78,"left_children":[1,3,5,-1,-1,7,9,11,13,-1,-1,-1,-1,-1,-1],"loss_changes":[1.5734285E-1,3.9019585E-3,1.980056E-2,0E0,0E0,3.7311781E-3,4.8502535E-4,4.423852E-5,7.753179E-5,0E0,0E0,0E0,0E0,0E0,0E0],"parents":[2147483647,0,0,1,1,2,2,5,5,6,6,7,7,8,8],"right_children":[2,4,6,-1,-1,8,10,12,14,-1,-1,-1,-1,-1,-1],"split_conditions":[4.027821E-1,2.9803112E-1,8.980016E-1,-2.8447581E-2,-7.0321085E-3,6.0090137E-1,1E0,5.0525403E-1,6.999963E-1,2.9586793E-3,1.17084505E-2,-3.6273003E-3,-9.1934204E-4,3.763199E-4,1.9406638E-3],"split_indices":[0,0,0,0,0,0,0,0,0,0,0,0,0,0,0],"split_type":[0,0,0,0,0,0,0,0,0,0,0,0,0,0,0],"sum_hessian":[9E0,2E0,7E0,1E0,1E0,5E0,2E0,2E0,3E0,1E0,1E0,1E0,1E0,1E0,2E0],"tree_param":{"num_deleted":"0","num_feature":"2","num_nodes":"15","size_leaf_vector":"1"}},{"base_weights":[-4.203434E-2,-2.2470474E-1,3.1721354E-2,-2.7025223E-2,-6.6804886E-3,-4.1500726E-3,9.289042E-2,-2.8795242E-2,1.5371323E-2,2.810669E-3,1.11228945E-2,-3.4459115E-3,-8.733749E-4,3.5743715E-4,1.8112183E-3],"categories":[],"categories_nodes":[],"categories_segments":[],"categories_sizes":[],"default_left":[0,0,0,0,0,0,0,0,0,0,0,0,0,0,0],"id":79,"left_children":[1,3,5,-1,-1,7,9,11,13,-1,-1,-1,-1,-1,-1],"loss_changes":[1.4185776E-1,3.521651E-3,1.7939277E-2,0E0,0E0,3.3292696E-3,4.3783523E-4,3.9919978E-5,6.4595486E-5,0E0,0E0,0E0,0E0,0E0,0E0],"parents":[2147483647,0,0,1,1,2,2,5,5,6,6,7,7,8,8],"right_children":[2,4,6,-1,-1,8,10,12,14,-1,-1,-1,-1,-1,-1],"split_conditions":[4.027821E-1,2.9803112E-1,8.980016E-1,-2.7025223E-2,-6.6804886E-3,6.0090137E-1,1E0,5.0525403E-1,6.999963E-1,2.810669E-3,1.11228945E-2,-3.4459115E-3,-8.733749E-4,3.5743715E-4,1.8112183E-3],"split_indices":[0,0,0,0,0,0,0,0,0,0,0,0,0,0,0],"split_type":[0,0,0,0,0,0,0,0,0,0,0,0,0,0,0],"sum_hessian":[9E0,2E0,7E0,1E0,1E0,5E0,2E0,2E0,3E0,1E0,1E0,1E0,1E0,1E0,2E0],"tree_param":{"num_deleted":"0","num_feature":"2","num_nodes":"15","size_leaf_vector":"1"}},{"base_weights":[-4.002323E-2,-2.1346982E-1,3.0022144E-2,-2.5673961E-2,-6.346512E-3,-4.093806E-3,8.8246666E-2,-2.7355194E-2,1.4375687E-2,2.670288E-3,1.0566711E-2,-3.2735826E-3,-8.2969666E-4,3.3950806E-4,1.6904196E-3],"categories":[],"categories_nodes":[],"categories_segments":[],"categories_sizes":[],"default_left":[0,0,0,0,0,0,0,0,0,0,0,0,0,0,0],"id":80,"left_children":[1,3,5,-1,-1,7,9,11,13,-1,-1,-1,-1,-1,-1],"loss_changes":[1.2790014E-1,3.1780005E-3,1.6252343E-2,0E0,0E0,2.971006E-3,3.947448E-4,3.6027748E-5,5.3667114E-5,0E0,0E0,0E0,0E0,0E0,0E0],"parents":[2147483647,0,0,1,1,2,2,5,5,6,6,7,7,8,8],"right_children":[2,4,6,-1,-1,8,10,12,14,-1,-1,-1,-1,-1,-1],"split_conditions":[4.027821E-1,2.9803112E-1,8.980016E-1,-2.5673961E-2,-6.346512E-3,6.0090137E-1,1E0,5.0525403E-1,6.999963E-1,2.670288E-3,1.0566711E-2,-3.2735826E-3,-8.2969666E-4,3.3950806E-4,1.6904196E-3],"split_indices":[0,0,0,0,0,0,0,0,0,0,0,0,0,0,0],"split_type":[0,0,0,0,0,0,0,0,0,0,0,0,0,0,0],"sum_hessian":[9E0,2E0,7E0,1E0,1E0,5E0,2E0,2E0,3E0,1E0,1E0,1E0,1E0,1E0,2E0],"tree_param":{"num_deleted":"0","num_feature":"2","num_nodes":"15","size_leaf_vector":"1"}},{"base_weights":[-3.810644E-2,-2.0279662E-1,2.841568E-2,-2.439027E-2,-6.0292245E-3,-4.029592E-3,8.383433E-2,-2.598699E-2,1.3445854E-2,2.5367737E-3,1.0038376E-2,-3.109932E-3,-7.881165E-4,3.2253267E-4,1.5777588E-3],"categories":[],"categories_nodes":[],"categories_segments":[],"categories_sizes":[],"default_left":[0,0,0,0,0,0,0,0,0,0,0,0,0,0,0],"id":81,"left_children":[1,3,5,-1,-1,7,9,11,13,-1,-1,-1,-1,-1,-1],"loss_changes":[1.1531801E-1,2.867937E-3,1.4722403E-2,0E0,0E0,2.6517094E-3,3.5625882E-4,3.2590004E-5,4.443829E-5,0E0,0E0,0E0,0E0,0E0,0E0],"parents":[2147483647,0,0,1,1,2,2,5,5,6,6,7,7,8,8],"right_children":[2,4,6,-1,-1,8,10,12,14,-1,-1,-1,-1,-1,-1],"split_conditions":[4.027821E-1,2.9803112E-1,8.980016E-1,-2.439027E-2,-6.0292245E-3,6.0090137E-1,1E0,5.0525403E-1,6.999963E-1,2.5367737E-3,1.0038376E-2,-3.109932E-3,-7.881165E-4,3.2253267E-4,1.5777588E-3],"split_indices":[0,0,0,0,0,0,0,0,0,0,0,0,0,0,0],"split_type":[0,0,0,0,0,0,0,0,0,0,0,0,0,0,0],"sum_hessian":[9E0,2E0,7E0,1E0,1E0,5E0,2E0,2E0,3E0,1E0,1E0,1E0,1E0,1E0,2E0],"tree_param":{"num_deleted":"0","num_feature":"2","num_nodes":"15","size_leaf_vector":"1"}},{"base_weights":[-3.6280252E-2,-1.9265683E-1,2.6896E-2,-2.3170758E-2,-5.727768E-3,-3.9602914E-3,7.964325E-2,-2.4687449E-2,1.257515E-2,2.4101257E-3,9.536362E-3,-2.954483E-3,-7.4863434E-4,3.063202E-4,1.4724731E-3],"categories":[],"categories_nodes":[],"categories_segments":[],"categories_sizes":[],"default_left":[0,0,0,0,0,0,0,0,0,0,0,0,0,0,0],"id":82,"left_children":[1,3,5,-1,-1,7,9,11,13,-1,-1,-1,-1,-1,-1],"loss_changes":[1.0397456E-1,2.5882944E-3,1.3336087E-2,0E0,0E0,2.3668448E-3,3.2103807E-4,2.9474148E-5,3.6682002E-5,0E0,0E0,0E0,0E0,0E0,0E0],"parents":[2147483647,0,0,1,1,2,2,5,5,6,6,7,7,8,8],"right_children":[2,4,6,-1,-1,8,10,12,14,-1,-1,-1,-1,-1,-1],"split_conditions":[4.027821E-1,2.9803112E-1,8.980016E-1,-2.3170758E-2,-5.727768E-3,6.0090137E-1,1E0,5.0525403E-1,6.999963E-1,2.4101257E-3,9.536362E-3,-2.954483E-3,-7.4863434E-4,3.063202E-4,1.4724731E-3],"split_indices":[0,0,0,0,0,0,0,0,0,0,0,0,0,0,0],"split_type":[0,0,0,0,0,0,0,0,0,0,0,0,0,0,0],"sum_hessian":[9E0,2E0,7E0,1E0,1E0,5E0,2E0,2E0,3E0,1E0,1E0,1E0,1E0,1E0,2E0],"tree_param":{"num_deleted":"0","num_feature":"2","num_nodes":"15","size_leaf_vector":"1"}},{"base_weights":[-3.4539986E-2,-1.830241E-1,2.5459051E-2,-2.2012234E-2,-5.4413797E-3,-3.8849514E-3,7.5660706E-2,-2.3453394E-2,1.1762619E-2,2.2895813E-3,9.059525E-3,-2.806759E-3,-7.112503E-4,2.910614E-4,1.3743084E-3],"categories":[],"categories_nodes":[],"categories_segments":[],"categories_sizes":[],"default_left":[0,0,0,0,0,0,0,0,0,0,0,0,0,0,0],"id":83,"left_children":[1,3,5,-1,-1,7,9,11,13,-1,-1,-1,-1,-1,-1],"loss_changes":[9.374865E-2,2.3359582E-3,1.2078878E-2,0E0,0E0,2.1130648E-3,2.8980523E-4,2.6569236E-5,3.0123512E-5,0E0,0E0,0E0,0E0,0E0,0E0],"parents":[2147483647,0,0,1,1,2,2,5,5,6,6,7,7,8,8],"right_children":[2,4,6,-1,-1,8,10,12,14,-1,-1,-1,-1,-1,-1],"split_conditions":[4.027821E-1,2.9803112E-1,8.980016E-1,-2.2012234E-2,-5.4413797E-3,6.0090137E-1,1E0,5.0525403E-1,6.999963E-1,2.2895813E-3,9.059525E-3,-2.806759E-3,-7.112503E-4,2.910614E-4,1.3743084E-3],"split_indices":[0,0,0,0,0,0,0,0,0,0,0,0,0,0,0],"split_type":[0,0,0,0,0,0,0,0,0,0,0,0,0,0,0],"sum_hessian":[9E0,2E0,7E0,1E0,1E0,5E0,2E0,2E0,3E0,1E0,1E0,1E0,1E0,1E0,2E0],"tree_param":{"num_deleted":"0","num_feature":"2","num_nodes":"15","size_leaf_vector":"1"}},{"base_weights":[-3.2880973E-2,-1.7387263E-1,2.4101019E-2,-2.0911599E-2,-5.169296E-3,-3.8048427E-3,7.187907E-2,-2.2281012E-2,1.1003494E-2,2.1751404E-3,8.60672E-3,-2.6663782E-3,-6.7577366E-4,2.7656555E-4,1.2827556E-3],"categories":[],"categories_nodes":[],"categories_segments":[],"categories_sizes":[],"default_left":[0,0,0,0,0,0,0,0,0,0,0,0,0,0,0],"id":84,"left_children":[1,3,5,-1,-1,7,9,11,13,-1,-1,-1,-1,-1,-1],"loss_changes":[8.453037E-2,2.1082386E-3,1.0939789E-2,0E0,0E0,1.8867769E-3,2.615722E-4,2.3917877E-5,2.4628709E-5,0E0,0E0,0E0,0E0,0E0,0E0],"parents":[2147483647,0,0,1,1,2,2,5,5,6,6,7,7,8,8],"right_children":[2,4,6,-1,-1,8,10,12,14,-1,-1,-1,-1,-1,-1],"split_conditions":[4.027821E-1,2.9803112E-1,8.980016E-1,-2.0911599E-2,-5.169296E-3,6.0090137E-1,1E0,5.0525403E-1,6.999963E-1,2.1751404E-3,8.60672E-3,-2.6663782E-3,-6.7577366E-4,2.7656555E-4,1.2827556E-3],"split_indices":[0,0,0,0,0,0,0,0,0,0,0,0,0,0,0],"split_type":[0,0,0,0,0,0,0,0,0,0,0,0,0,0,0],"sum_hessian":[9E0,2E0,7E0,1E0,1E0,5E0,2E0,2E0,3E0,1E0,1E0,1E0,1E0,1E0,2E0],"tree_param":{"num_deleted":"0","num_feature":"2","num_nodes":"15","size_leaf_vector":"1"}},{"base_weights":[-3.130064E-2,-1.6517925E-1,2.281642E-2,-1.9866038E-2,-4.9108504E-3,-3.7209194E-3,6.828562E-2,-2.116712E-2,1.0293961E-2,2.0664216E-3,8.176423E-3,-2.5330544E-3,-6.4201356E-4,4.472097E-4,1.3879776E-3],"categories":[],"categories_nodes":[],"categories_segments":[],"categories_sizes":[],"default_left":[0,0,0,0,0,0,0,0,0,0,0,0,0,0,0],"id":85,"left_children":[1,3,5,-1,-1,7,9,11,13,-1,-1,-1,-1,-1,-1],"loss_changes":[7.621997E-2,1.902625E-3,9.907138E-3,0E0,0E0,1.6849318E-3,2.360167E-4,2.1568383E-5,2.1432817E-5,0E0,0E0,0E0,0E0,0E0,0E0],"parents":[2147483647,0,0,1,1,2,2,5,5,6,6,7,7,8,8],"right_children":[2,4,6,-1,-1,8,10,12,14,-1,-1,-1,-1,-1,-1],"split_conditions":[4.027821E-1,2.9803112E-1,8.980016E-1,-1.9866038E-2,-4.9108504E-3,6.0090137E-1,1E0,5.0525403E-1,8.050041E-1,2.0664216E-3,8.176423E-3,-2.5330544E-3,-6.4201356E-4,4.472097E-4,1.3879776E-3],"split_indices":[0,0,0,0,0,0,0,0,0,0,0,0,0,0,0],"split_type":[0,0,0,0,0,0,0,0,0,0,0,0,0,0,0],"sum_hessian":[9E0,2E0,7E0,1E0,1E0,5E0,2E0,2E0,3E0,1E0,1E0,1E0,1E0,2E0,1E0],"tree_param":{"num_deleted":"0","num_feature":"2","num_nodes":"15","size_leaf_vector":"1"}},{"base_weights":[-2.9758263E-2,-1.5692012E-1,2.1647215E-2,-1.8872738E-2,-4.6652793E-3,-3.5721462E-3,6.48702E-2,-2.0109177E-2,9.723663E-3,1.9630434E-3,7.767487E-3,-2.4064064E-3,-6.099701E-4,4.1745507E-4,1.3185501E-3],"categories":[],"categories_nodes":[],"categories_segments":[],"categories_sizes":[],"default_left":[0,0,0,0,0,0,0,0,0,0,0,0,0,0,0],"id":86,"left_children":[1,3,5,-1,-1,7,9,11,13,-1,-1,-1,-1,-1,-1],"loss_changes":[6.876504E-2,1.7172396E-3,8.952173E-3,0E0,0E0,1.5147742E-3,2.1304935E-4,1.9434141E-5,2.1796965E-5,0E0,0E0,0E0,0E0,0E0,0E0],"parents":[2147483647,0,0,1,1,2,2,5,5,6,6,7,7,8,8],"right_children":[2,4,6,-1,-1,8,10,12,14,-1,-1,-1,-1,-1,-1],"split_conditions":[4.027821E-1,2.9803112E-1,8.980016E-1,-1.8872738E-2,-4.6652793E-3,6.0090137E-1,1E0,5.0525403E-1,8.050041E-1,1.9630434E-3,7.767487E-3,-2.4064064E-3,-6.099701E-4,4.1745507E-4,1.3185501E-3],"split_indices":[0,0,0,0,0,0,0,0,0,0,0,0,0,0,0],"split_type":[0,0,0,0,0,0,0,0,0,0,0,0,0,0,0],"sum_hessian":[9E0,2E0,7E0,1E0,1E0,5E0,2E0,2E0,3E0,1E0,1E0,1E0,1E0,2E0,1E0],"tree_param":{"num_deleted":"0","num_feature":"2","num_nodes":"15","size_leaf_vector":"1"}},{"base_weights":[-2.8290559E-2,-1.4907391E-1,2.0539522E-2,-1.7929077E-2,-4.432011E-3,-3.4278233E-3,6.1627705E-2,-1.9103369E-2,9.185791E-3,1.8650055E-3,7.3791505E-3,-2.2860528E-3,-5.7945255E-4,3.8973492E-4,1.2525559E-3],"categories":[],"categories_nodes":[],"categories_segments":[],"categories_sizes":[],"default_left":[0,0,0,0,0,0,0,0,0,0,0,0,0,0,0],"id":87,"left_children":[1,3,5,-1,-1,7,9,11,13,-1,-1,-1,-1,-1,-1],"loss_changes":[6.2040523E-2,1.5498027E-3,8.089446E-3,0E0,0E0,1.3618312E-3,1.9209925E-4,1.7544371E-5,2.183218E-5,0E0,0E0,0E0,0E0,0E0,0E0],"parents":[2147483647,0,0,1,1,2,2,5,5,6,6,7,7,8,8],"right_children":[2,4,6,-1,-1,8,10,12,14,-1,-1,-1,-1,-1,-1],"split_conditions":[4.027821E-1,2.9803112E-1,8.980016E-1,-1.7929077E-2,-4.432011E-3,6.0090137E-1,1E0,5.0525403E-1,8.050041E-1,1.8650055E-3,7.3791505E-3,-2.2860528E-3,-5.7945255E-4,3.8973492E-4,1.2525559E-3],"split_indices":[0,0,0,0,0,0,0,0,0,0,0,0,0,0,0],"split_type":[0,0,0,0,0,0,0,0,0,0,0,0,0,0,0],"sum_hessian":[9E0,2E0,7E0,1E0,1E0,5E0,2E0,2E0,3E0,1E0,1E0,1E0,1E0,2E0,1E0],"tree_param":{"num_deleted":"0","num_feature":"2","num_nodes":"15","size_leaf_vector":"1"}},{"base_weights":[-2.689457E-2,-1.4162E-1,1.9489288E-2,-1.7032623E-2,-4.2103766E-3,-3.288269E-3,5.8547974E-2,-1.8147787E-2,8.678436E-3,1.7719269E-3,7.0102694E-3,-2.171707E-3,-5.504608E-4,3.6379497E-4,1.1899949E-3],"categories":[],"categories_nodes":[],"categories_segments":[],"categories_sizes":[],"default_left":[0,0,0,0,0,0,0,0,0,0,0,0,0,0,0],"id":88,"left_children":[1,3,5,-1,-1,7,9,11,13,-1,-1,-1,-1,-1,-1],"loss_changes":[5.597415E-2,1.3988353E-3,7.309813E-3,0E0,0E0,1.2244113E-3,1.7312448E-4,1.5837257E-5,2.1660526E-5,0E0,0E0,0E0,0E0,0E0,0E0],"parents":[2147483647,0,0,1,1,2,2,5,5,6,6,7,7,8,8],"right_children":[2,4,6,-1,-1,8,10,12,14,-1,-1,-1,-1,-1,-1],"split_conditions":[4.027821E-1,2.9803112E-1,8.980016E-1,-1.7032623E-2,-4.2103766E-3,6.0090137E-1,1E0,5.0525403E-1,8.050041E-1,1.7719269E-3,7.0102694E-3,-2.171707E-3,-5.504608E-4,3.6379497E-4,1.1899949E-3],"split_indices":[0,0,0,0,0,0,0,0,0,0,0,0,0,0,0],"split_type":[0,0,0,0,0,0,0,0,0,0,0,0,0,0,0],"sum_hessian":[9E0,2E0,7E0,1E0,1E0,5E0,2E0,2E0,3E0,1E0,1E0,1E0,1E0,2E0,1E0],"tree_param":{"num_deleted":"0","num_feature":"2","num_nodes":"15","size_leaf_vector":"1"}},{"base_weights":[-2.5567818E-2,-1.3453929E-1,1.849246E-2,-1.6180992E-2,-3.999901E-3,-3.153801E-3,5.562083E-2,-1.7240524E-2,8.199692E-3,1.683426E-3,6.6596987E-3,-2.0630837E-3,-5.22995E-4,3.396352E-4,1.1304856E-3],"categories":[],"categories_nodes":[],"categories_segments":[],"categories_sizes":[],"default_left":[0,0,0,0,0,0,0,0,0,0,0,0,0,0,0],"id":89,"left_children":[1,3,5,-1,-1,7,9,11,13,-1,-1,-1,-1,-1,-1],"loss_changes":[5.0501093E-2,1.2622848E-3,6.6049406E-3,0E0,0E0,1.100968E-3,1.5607104E-4,1.42604695E-5,2.1265354E-5,0E0,0E0,0E0,0E0,0E0,0E0],"parents":[2147483647,0,0,1,1,2,2,5,5,6,6,7,7,8,8],"right_children":[2,4,6,-1,-1,8,10,12,14,-1,-1,-1,-1,-1,-1],"split_conditions":[4.027821E-1,2.9803112E-1,8.980016E-1,-1.6180992E-2,-3.999901E-3,6.0090137E-1,1E0,5.0525403E-1,8.050041E-1,1.683426E-3,6.6596987E-3,-2.0630837E-3,-5.22995E-4,3.396352E-4,1.1304856E-3],"split_indices":[0,0,0,0,0,0,0,0,0,0,0,0,0,0,0],"split_type":[0,0,0,0,0,0,0,0,0,0,0,0,0,0,0],"sum_hessian":[9E0,2E0,7E0,1E0,1E0,5E0,2E0,2E0,3E0,1E0,1E0,1E0,1E0,2E0,1E0],"tree_param":{"num_deleted":"0","num_feature":"2","num_nodes":"15","size_leaf_vector":"1"}},{"base_weights":[-2.4306584E-2,-1.2781239E-1,1.7546415E-2,-1.5371943E-2,-3.7999153E-3,-3.0241013E-3,5.2838642E-2,-1.6378403E-2,7.74765E-3,1.5991211E-3,6.3266754E-3,-1.9598962E-3,-4.968643E-4,1.6517639E-4,9.229024E-4],"categories":[],"categories_nodes":[],"categories_segments":[],"categories_sizes":[],"default_left":[0,0,0,0,0,0,0,0,0,0,0,0,0,0,0],"id":90,"left_children":[1,3,5,-1,-1,7,9,11,13,-1,-1,-1,-1,-1,-1],"loss_changes":[4.556293E-2,1.1391789E-3,5.9676236E-3,0E0,0E0,9.899895E-4,1.4103577E-4,1.2857141E-5,2.0876992E-5,0E0,0E0,0E0,0E0,0E0,0E0],"parents":[2147483647,0,0,1,1,2,2,5,5,6,6,7,7,8,8],"right_children":[2,4,6,-1,-1,8,10,12,14,-1,-1,-1,-1,-1,-1],"split_conditions":[4.027821E-1,2.9803112E-1,8.980016E-1,-1.5371943E-2,-3.7999153E-3,6.0090137E-1,1E0,5.0525403E-1,6.999963E-1,1.5991211E-3,6.3266754E-3,-1.9598962E-3,-4.968643E-4,1.6517639E-4,9.229024E-4],"split_indices":[0,0,0,0,0,0,0,0,0,0,0,0,0,0,0],"split_type":[0,0,0,0,0,0,0,0,0,0,0,0,0,0,0],"sum_hessian":[9E0,2E0,7E0,1E0,1E0,5E0,2E0,2E0,3E0,1E0,1E0,1E0,1E0,1E0,2E0],"tree_param":{"num_deleted":"0","num_feature":"2","num_nodes":"15","size_leaf_vector":"1"}},{"base_weights":[-2.3137474E-2,-1.21421814E-1,1.6611338E-2,-1.4603329E-2,-3.6099434E-3,-7.651138E-3,4.27866E-2,-1.5559514E-2,2.807617E-4,1.6979218E-3,6.010437E-3,-1.8618584E-3,-4.720688E-4],"categories":[],"categories_nodes":[],"categories_segments":[],"categories_sizes":[],"default_left":[0,0,0,0,0,0,0,0,0,0,0,0,0],"id":91,"left_children":[1,3,5,-1,-1,7,9,11,-1,-1,-1,-1,-1],"loss_changes":[4.1083835E-2,1.0280088E-3,5.4079797E-3,0E0,0E0,4.57244E-4,7.6718023E-4,1.157762E-5,0E0,0E0,0E0,0E0,0E0],"parents":[2147483647,0,0,1,1,2,2,5,5,6,6,7,7],"right_children":[2,4,6,-1,-1,8,10,12,-1,-1,-1,-1,-1],"split_conditions":[4.027821E-1,2.9803112E-1,8.050041E-1,-1.4603329E-2,-3.6099434E-3,6.0090137E-1,1E0,5.0525403E-1,2.807617E-4,1.6979218E-3,6.010437E-3,-1.8618584E-3,-4.720688E-4],"split_indices":[0,0,0,0,0,0,0,0,0,0,0,0,0],"split_type":[0,0,0,0,0,0,0,0,0,0,0,0,0],"sum_hessian":[9E0,2E0,7E0,1E0,1E0,4E0,3E0,2E0,2E0,2E0,1E0,1E0,1E0],"tree_param":{"num_deleted":"0","num_feature":"2","num_nodes":"13","size_leaf_vector":"1"}},{"base_weights":[-2.2080135E-2,-1.153504E-1,1.5656233E-2,-1.3873148E-2,-3.4294128E-3,-2.9376347E-3,4.7625225E-2,-1.4781316E-2,6.679535E-3,1.4339447E-3,5.709839E-3,-1.7687798E-3,-4.4841768E-4,2.6194256E-4,9.4299315E-4],"categories":[],"categories_nodes":[],"categories_segments":[],"categories_sizes":[],"default_left":[0,0,0,0,0,0,0,0,0,0,0,0,0,0,0],"id":92,"left_children":[1,3,5,-1,-1,7,9,11,13,-1,-1,-1,-1,-1,-1],"loss_changes":[3.7002765E-2,9.2787296E-4,4.8953234E-3,0E0,0E0,7.8214856E-4,1.2720516E-4,1.0470045E-5,1.996664E-5,0E0,0E0,0E0,0E0,0E0,0E0],"parents":[2147483647,0,0,1,1,2,2,5,5,6,6,7,7,8,8],"right_children":[2,4,6,-1,-1,8,10,12,14,-1,-1,-1,-1,-1,-1],"split_conditions":[4.027821E-1,2.9803112E-1,8.980016E-1,-1.3873148E-2,-3.4294128E-3,6.0090137E-1,1E0,5.0525403E-1,8.050041E-1,1.4339447E-3,5.709839E-3,-1.7687798E-3,-4.4841768E-4,2.6194256E-4,9.4299315E-4],"split_indices":[0,0,0,0,0,0,0,0,0,0,0,0,0,0,0],"split_type":[0,0,0,0,0,0,0,0,0,0,0,0,0,0,0],"sum_hessian":[9E0,2E0,7E0,1E0,1E0,5E0,2E0,2E0,3E0,1E0,1E0,1E0,1E0,2E0,1E0],"tree_param":{"num_deleted":"0","num_feature":"2","num_nodes":"15","size_leaf_vector":"1"}},{"base_weights":[-2.0989036E-2,-1.095829E-1,1.4857292E-2,-1.3179493E-2,-3.2579422E-3,-2.8127034E-3,4.5244854E-2,-1.4041901E-2,6.3123703E-3,1.3622284E-3,5.4244995E-3,-1.6803741E-3,-4.2591096E-4,2.4439496E-4,8.958817E-4],"categories":[],"categories_nodes":[],"categories_segments":[],"categories_sizes":[],"default_left":[0,0,0,0,0,0,0,0,0,0,0,0,0,0,0],"id":93,"left_children":[1,3,5,-1,-1,7,9,11,13,-1,-1,-1,-1,-1,-1],"loss_changes":[3.3385754E-2,8.37408E-4,4.4228444E-3,0E0,0E0,7.0344115E-4,1.14882365E-4,9.48651E-6,1.905537E-5,0E0,0E0,0E0,0E0,0E0,0E0],"parents":[2147483647,0,0,1,1,2,2,5,5,6,6,7,7,8,8],"right_children":[2,4,6,-1,-1,8,10,12,14,-1,-1,-1,-1,-1,-1],"split_conditions":[4.027821E-1,2.9803112E-1,8.980016E-1,-1.3179493E-2,-3.2579422E-3,6.0090137E-1,1E0,5.0525403E-1,8.050041E-1,1.3622284E-3,5.4244995E-3,-1.6803741E-3,-4.2591096E-4,2.4439496E-4,8.958817E-4],"split_indices":[0,0,0,0,0,0,0,0,0,0,0,0,0,0,0],"split_type":[0,0,0,0,0,0,0,0,0,0,0,0,0,0,0],"sum_hessian":[9E0,2E0,7E0,1E0,1E0,5E0,2E0,2E0,3E0,1E0,1E0,1E0,1E0,2E0,1E0],"tree_param":{"num_deleted":"0","num_feature":"2","num_nodes":"15","size_leaf_vector":"1"}},{"base_weights":[-1.995201E-2,-1.0410372E-1,1.4098883E-2,-1.2520504E-2,-3.0950548E-3,-2.6922226E-3,4.2981464E-2,-1.333936E-2,5.9661865E-3,1.2939454E-3,5.1532746E-3,-1.5963555E-3,-4.0454866E-4,2.281189E-4,8.51059E-4],"categories":[],"categories_nodes":[],"categories_segments":[],"categories_sizes":[],"default_left":[0,0,0,0,0,0,0,0,0,0,0,0,0,0,0],"id":94,"left_children":[1,3,5,-1,-1,7,9,11,13,-1,-1,-1,-1,-1,-1],"loss_changes":[3.012216E-2,7.5571984E-4,3.99548E-3,0E0,0E0,6.327088E-4,1.03887636E-4,8.586387E-6,1.8090213E-5,0E0,0E0,0E0,0E0,0E0,0E0],"parents":[2147483647,0,0,1,1,2,2,5,5,6,6,7,7,8,8],"right_children":[2,4,6,-1,-1,8,10,12,14,-1,-1,-1,-1,-1,-1],"split_conditions":[4.027821E-1,2.9803112E-1,8.980016E-1,-1.2520504E-2,-3.0950548E-3,6.0090137E-1,1E0,5.0525403E-1,8.050041E-1,1.2939454E-3,5.1532746E-3,-1.5963555E-3,-4.0454866E-4,2.281189E-4,8.51059E-4],"split_indices":[0,0,0,0,0,0,0,0,0,0,0,0,0,0,0],"split_type":[0,0,0,0,0,0,0,0,0,0,0,0,0,0,0],"sum_hessian":[9E0,2E0,7E0,1E0,1E0,5E0,2E0,2E0,3E0,1E0,1E0,1E0,1E0,2E0,1E0],"tree_param":{"num_deleted":"0","num_feature":"2","num_nodes":"15","size_leaf_vector":"1"}},{"base_weights":[-1.8965816E-2,-9.8898254E-2,1.3379574E-2,-1.18944645E-2,-2.9402734E-3,-2.576828E-3,4.083252E-2,-1.2672424E-2,5.6390762E-3,1.2290955E-3,4.8957826E-3,-1.516533E-3,-3.8433075E-4,2.128601E-4,8.085251E-4],"categories":[],"categories_nodes":[],"categories_segments":[],"categories_sizes":[],"default_left":[0,0,0,0,0,0,0,0,0,0,0,0,0,0,0],"id":95,"left_children":[1,3,5,-1,-1,7,9,11,13,-1,-1,-1,-1,-1,-1],"loss_changes":[2.7177675E-2,6.8210624E-4,3.60962E-3,0E0,0E0,5.691275E-4,9.398814E-5,7.7454315E-6,1.7138664E-5,0E0,0E0,0E0,0E0,0E0,0E0],"parents":[2147483647,0,0,1,1,2,2,5,5,6,6,7,7,8,8],"right_children":[2,4,6,-1,-1,8,10,12,14,-1,-1,-1,-1,-1,-1],"split_conditions":[4.027821E-1,2.9803112E-1,8.980016E-1,-1.18944645E-2,-2.9402734E-3,6.0090137E-1,1E0,5.0525403E-1,8.050041E-1,1.2290955E-3,4.8957826E-3,-1.516533E-3,-3.8433075E-4,2.128601E-4,8.085251E-4],"split_indices":[0,0,0,0,0,0,0,0,0,0,0,0,0,0,0],"split_type":[0,0,0,0,0,0,0,0,0,0,0,0,0,0,0],"sum_hessian":[9E0,2E0,7E0,1E0,1E0,5E0,2E0,2E0,3E0,1E0,1E0,1E0,1E0,2E0,1E0],"tree_param":{"num_deleted":"0","num_feature":"2","num_nodes":"15","size_leaf_vector":"1"}},{"base_weights":[-1.8028354E-2,-9.395313E-2,1.2696981E-2,-1.1299754E-2,-2.7932168E-3,-2.465884E-3,3.8790386E-2,-1.20385485E-2,5.3300858E-3,1.1676789E-3,4.650879E-3,-1.4407159E-3,-3.6506655E-4,1.9861858E-4,7.680893E-4],"categories":[],"categories_nodes":[],"categories_segments":[],"categories_sizes":[],"default_left":[0,0,0,0,0,0,0,0,0,0,0,0,0,0,0],"id":96,"left_children":[1,3,5,-1,-1,7,9,11,13,-1,-1,-1,-1,-1,-1],"loss_changes":[2.4521066E-2,6.1572157E-4,3.2608588E-3,0E0,0E0,5.1193574E-4,8.4748026E-5,7.0071255E-6,1.6187783E-5,0E0,0E0,0E0,0E0,0E0,0E0],"parents":[2147483647,0,0,1,1,2,2,5,5,6,6,7,7,8,8],"right_children":[2,4,6,-1,-1,8,10,12,14,-1,-1,-1,-1,-1,-1],"split_conditions":[4.027821E-1,2.9803112E-1,8.980016E-1,-1.1299754E-2,-2.7932168E-3,6.0090137E-1,1E0,5.0525403E-1,8.050041E-1,1.1676789E-3,4.650879E-3,-1.4407159E-3,-3.6506655E-4,1.9861858E-4,7.680893E-4],"split_indices":[0,0,0,0,0,0,0,0,0,0,0,0,0,0,0],"split_type":[0,0,0,0,0,0,0,0,0,0,0,0,0,0,0],"sum_hessian":[9E0,2E0,7E0,1E0,1E0,5E0,2E0,2E0,3E0,1E0,1E0,1E0,1E0,2E0,1E0],"tree_param":{"num_deleted":"0","num_feature":"2","num_nodes":"15","size_leaf_vector":"1"}},{"base_weights":[-1.7136956E-2,-8.925565E-2,1.2049675E-2,-1.0734749E-2,-2.6535988E-3,-2.3587544E-3,3.6849976E-2,-1.1436462E-2,5.039215E-3,1.109314E-3,4.4181827E-3,-1.3687134E-3,-3.46756E-4,1.853943E-4,7.297516E-4],"categories":[],"categories_nodes":[],"categories_segments":[],"categories_sizes":[],"default_left":[0,0,0,0,0,0,0,0,0,0,0,0,0,0,0],"id":97,"left_children":[1,3,5,-1,-1,7,9,11,13,-1,-1,-1,-1,-1,-1],"loss_changes":[2.2124518E-2,5.5557117E-4,2.9455868E-3,0E0,0E0,4.6057045E-4,7.6420605E-5,6.345217E-6,1.5244033E-5,0E0,0E0,0E0,0E0,0E0,0E0],"parents":[2147483647,0,0,1,1,2,2,5,5,6,6,7,7,8,8],"right_children":[2,4,6,-1,-1,8,10,12,14,-1,-1,-1,-1,-1,-1],"split_conditions":[4.027821E-1,2.9803112E-1,8.980016E-1,-1.0734749E-2,-2.6535988E-3,6.0090137E-1,1E0,5.0525403E-1,8.050041E-1,1.109314E-3,4.4181827E-3,-1.3687134E-3,-3.46756E-4,1.853943E-4,7.297516E-4],"split_indices":[0,0,0,0,0,0,0,0,0,0,0,0,0,0,0],"split_type":[0,0,0,0,0,0,0,0,0,0,0,0,0,0,0],"sum_hessian":[9E0,2E0,7E0,1E0,1E0,5E0,2E0,2E0,3E0,1E0,1E0,1E0,1E0,2E0,1E0],"tree_param":{"num_deleted":"0","num_feature":"2","num_nodes":"15","size_leaf_vector":"1"}},{"base_weights":[-1.628914E-2,-8.479309E-2,1.1435986E-2,-1.0198021E-2,-2.5209428E-3,-2.2563934E-3,3.5008747E-2,-1.0864258E-2,4.763603E-3,1.0540009E-3,4.1973116E-3,-1.3002396E-3,-3.293991E-4,1.7293295E-4,6.933212E-4],"categories":[],"categories_nodes":[],"categories_segments":[],"categories_sizes":[],"default_left":[0,0,0,0,0,0,0,0,0,0,0,0,0,0,0],"id":98,"left_children":[1,3,5,-1,-1,7,9,11,13,-1,-1,-1,-1,-1,-1],"loss_changes":[1.9962497E-2,5.0135143E-4,2.6611309E-3,0E0,0E0,4.1431608E-4,6.883079E-5,5.729031E-6,1.434295E-5,0E0,0E0,0E0,0E0,0E0,0E0],"parents":[2147483647,0,0,1,1,2,2,5,5,6,6,7,7,8,8],"right_children":[2,4,6,-1,-1,8,10,12,14,-1,-1,-1,-1,-1,-1],"split_conditions":[4.027821E-1,2.9803112E-1,8.980016E-1,-1.0198021E-2,-2.5209428E-3,6.0090137E-1,1E0,5.0525403E-1,8.050041E-1,1.0540009E-3,4.1973116E-3,-1.3002396E-3,-3.293991E-4,1.7293295E-4,6.933212E-4],"split_indices":[0,0,0,0,0,0,0,0,0,0,0,0,0,0,0],"split_type":[0,0,0,0,0,0,0,0,0,0,0,0,0,0,0],"sum_hessian":[9E0,2E0,7E0,1E0,1E0,5E0,2E0,2E0,3E0,1E0,1E0,1E0,1E0,2E0,1E0],"tree_param":{"num_deleted":"0","num_feature":"2","num_nodes":"15","size_leaf_vector":"1"}},{"base_weights":[-1.54829975E-2,-8.0553375E-2,1.0853767E-2,-9.688139E-3,-2.394867E-3,-2.1578472E-3,3.3259075E-2,-1.03213E-2,4.504204E-3,1.001358E-3,3.9875032E-3,-1.235199E-3,-3.1299592E-4,1.6148886E-4,6.586075E-4],"categories":[],"categories_nodes":[],"categories_segments":[],"categories_sizes":[],"default_left":[0,0,0,0,0,0,0,0,0,0,0,0,0,0,0],"id":99,"left_children":[1,3,5,-1,-1,7,9,11,13,-1,-1,-1,-1,-1,-1],"loss_changes":[1.801174E-2,4.5254827E-4,2.4040015E-3,0E0,0E0,3.7280124E-4,6.208173E-5,5.1489333E-6,1.3424957E-5,0E0,0E0,0E0,0E0,0E0,0E0],"parents":[2147483647,0,0,1,1,2,2,5,5,6,6,7,7,8,8],"right_children":[2,4,6,-1,-1,8,10,12,14,-1,-1,-1,-1,-1,-1],"split_conditions":[4.027821E-1,2.9803112E-1,8.980016E-1,-9.688139E-3,-2.394867E-3,6.0090137E-1,1E0,5.0525403E-1,8.050041E-1,1.001358E-3,3.9875032E-3,-1.235199E-3,-3.1299592E-4,1.6148886E-4,6.586075E-4],"split_indices":[0,0,0,0,0,0,0,0,0,0,0,0,0,0,0],"split_type":[0,0,0,0,0,0,0,0,0,0,0,0,0,0,0],"sum_hessian":[9E0,2E0,7E0,1E0,1E0,5E0,2E0,2E0,3E0,1E0,1E0,1E0,1E0,2E0,1E0],"tree_param":{"num_deleted":"0","num_feature":"2","num_nodes":"15","size_leaf_vector":"1"}}]},"name":"gbtree"},"learner_model_param":{"base_score":"4.491111E1","boost_from_average":"1","num_class":"0","num_feature":"2","num_target":"1"},"objective":{"name":"reg:squarederror","reg_loss_param":{"scale_pos_weight":"1"}}},"version":[2,0,1]}