{"package": {"model_file": "package.pkl", "features": ["cache_miss", "cpu_cycles", "cpu_instructions"], "fe_files": ["scaler.pkl", "poly_scaler.pkl"]}, "core": {"model_file": "core.pkl", "features": ["cache_miss", "cpu_cycles", "cpu_instructions"], "fe_files": ["scaler.pkl", "poly_scaler.pkl"]}, "uncore": {"model_file": "uncore.pkl", "features": ["cache_miss", "cpu_cycles", "cpu_instructions"], "fe_files": ["scaler.pkl", "poly_scaler.pkl"]}, "dram": {"model_file": "dram.pkl", "features": ["cache_miss", "cpu_cycles", "cpu_instructions"], "fe_files": ["scaler.pkl", "poly_scaler.pkl"]}}