{"model_name": "LogarithmicRegressionTrainer_0", "trainer": "LogarithmicRegressionTrainer", "model_class": "curvefit", "model_file": "LogarithmicRegressionTrainer_0.json", "features": ["cache_miss", "cpu_cycles", "cpu_instructions"], "fe_files": [], "output_type": "AbsPower", "mae": 6.99, "mape": -1, "node_type": 0, "machine_spec": {"processor": "11th_gen_intel_core", "cores": 8, "chips": 1, "memory": 31, "frequency": 4800}, "package_mae": 6.99, "core_mae": 4.99, "uncore_mae": 1.57, "dram_mae": 0.0, "package_mape": 42.23, "core_mape": 47.0, "uncore_mape": 1234.05, "dram_mape": -1}