{"package": {"All_Weights": {"Categorical_Variables": {}, "Numerical_Variables": {"cache_miss": {"scale": 63603973.0}, "cpu_cycles": {"scale": 139277196.0}, "cpu_instructions": {"scale": 254515913.66666666}}, "CurveFit_Weights": [-3.5719070531865653, 301173.2471890156, 48.18192253286822]}}, "core": {"All_Weights": {"Categorical_Variables": {}, "Numerical_Variables": {"cache_miss": {"scale": 63603973.0}, "cpu_cycles": {"scale": 139277196.0}, "cpu_instructions": {"scale": 254515913.66666666}}, "CurveFit_Weights": [9680.642803314748, -0.0004760781094675531, 4.989362134757503]}}, "uncore": {"All_Weights": {"Categorical_Variables": {}, "Numerical_Variables": {"cache_miss": {"scale": 63603973.0}, "cpu_cycles": {"scale": 139277196.0}, "cpu_instructions": {"scale": 254515913.66666666}}, "CurveFit_Weights": [1451.9375226927336, -0.00039208136952853767, 0.5835727211184234]}}, "dram": {"All_Weights": {"Categorical_Variables": {}, "Numerical_Variables": {"cache_miss": {"scale": 63603973.0}, "cpu_cycles": {"scale": 139277196.0}, "cpu_instructions": {"scale": 254515913.66666666}}, "CurveFit_Weights": [0.0, 1.0, 0.0]}}}