{"learner":{"attributes":{"scikit_learn":"{\"_estimator_type\": \"regressor\"}"},"feature_names":[],"feature_types":[],"gradient_booster":{"model":{"gbtree_model_param":{"num_parallel_tree":"1","num_trees":"100"},"iteration_indptr":[0,1,2,3,4,5,6,7,8,9,10,11,12,13,14,15,16,17,18,19,20,21,22,23,24,25,26,27,28,29,30,31,32,33,34,35,36,37,38,39,40,41,42,43,44,45,46,47,48,49,50,51,52,53,54,55,56,57,58,59,60,61,62,63,64,65,66,67,68,69,70,71,72,73,74,75,76,77,78,79,80,81,82,83,84,85,86,87,88,89,90,91,92,93,94,95,96,97,98,99,100],"tree_info":[0,0,0,0,0,0,0,0,0,0,0,0,0,0,0,0,0,0,0,0,0,0,0,0,0,0,0,0,0,0,0,0,0,0,0,0,0,0,0,0,0,0,0,0,0,0,0,0,0,0,0,0,0,0,0,0,0,0,0,0,0,0,0,0,0,0,0,0,0,0,0,0,0,0,0,0,0,0,0,0,0,0,0,0,0,0,0,0,0,0,0,0,0,0,0,0,0,0,0,0],"trees":[{"base_weights":[-1.9073487E-7,-7.033334E0,8.44E0,-9.025001E-1,-2.0333336E-1,1.0999999E-1,1E0],"categories":[],"categories_nodes":[],"categories_segments":[],"categories_sizes":[],"default_left":[0,0,0,0,0,0,0],"id":0,"left_children":[1,3,5,-1,-1,-1,-1],"loss_changes":[6.529747E2,4.139917E1,4.6252014E1,0E0,0E0,0E0,0E0],"parents":[2147483647,0,0,1,1,2,2],"right_children":[2,4,6,-1,-1,-1,-1],"split_conditions":[6.0283196E-1,4.0322953E-1,7.057891E-1,-9.025001E-1,-2.0333336E-1,1.0999999E-1,1E0],"split_indices":[0,0,0,0,0,0,0],"split_type":[0,0,0,0,0,0,0],"sum_hessian":[9E0,5E0,4E0,3E0,2E0,1E0,3E0],"tree_param":{"num_deleted":"0","num_feature":"2","num_nodes":"7","size_leaf_vector":"1"}},{"base_weights":[4.164696E-4,-6.514306E0,7.818E0,-8.348126E-1,-1.8977782E-1,1.0450001E-1,9.25E-1],"categories":[],"categories_nodes":[],"categories_segments":[],"categories_sizes":[],"default_left":[0,0,0,0,0,0,0],"id":1,"left_children":[1,3,5,-1,-1,-1,-1],"loss_changes":[5.602227E2,3.4952377E1,3.882843E1,0E0,0E0,0E0,0E0],"parents":[2147483647,0,0,1,1,2,2],"right_children":[2,4,6,-1,-1,-1,-1],"split_conditions":[6.0283196E-1,4.0322953E-1,7.057891E-1,-8.348126E-1,-1.8977782E-1,1.0450001E-1,9.25E-1],"split_indices":[0,0,0,0,0,0,0],"split_type":[0,0,0,0,0,0,0],"sum_hessian":[9E0,5E0,4E0,3E0,2E0,1E0,3E0],"tree_param":{"num_deleted":"0","num_feature":"2","num_nodes":"7","size_leaf_vector":"1"}},{"base_weights":[8.655071E-4,-6.033641E0,7.2421E0,-7.722016E-1,-1.7712599E0,9.9275015E-2,8.55625E-1,-2.1034451E-1,-5.534449E-2],"categories":[],"categories_nodes":[],"categories_segments":[],"categories_sizes":[],"default_left":[0,0,0,0,0,0,0,0,0],"id":2,"left_children":[1,3,5,-1,7,-1,-1,-1,-1],"loss_changes":[4.8066895E2,2.9501297E1,3.2568665E1,0E0,4.947853E-2,0E0,0E0,0E0,0E0],"parents":[2147483647,0,0,1,1,2,2,4,4],"right_children":[2,4,6,-1,8,-1,-1,-1,-1],"split_conditions":[6.0283196E-1,4.0322953E-1,7.057891E-1,-7.722016E-1,5.065965E-1,9.9275015E-2,8.55625E-1,-2.1034451E-1,-5.534449E-2],"split_indices":[0,0,0,0,0,0,0,0,0],"split_type":[0,0,0,0,0,0,0,0,0],"sum_hessian":[9E0,5E0,4E0,3E0,2E0,1E0,3E0,1E0,1E0],"tree_param":{"num_deleted":"0","num_feature":"2","num_nodes":"9","size_leaf_vector":"1"}},{"base_weights":[-7.5201513E-3,-5.603258E0,6.70887E0,-6.513601E-1,-5.2577257E-2,9.431129E-2,7.9145306E-1],"categories":[],"categories_nodes":[],"categories_segments":[],"categories_sizes":[],"default_left":[0,0,0,0,0,0,0],"id":3,"left_children":[1,3,5,-1,-1,-1,-1],"loss_changes":[4.1342313E2,2.4308823E1,2.7293442E1,0E0,0E0,0E0,0E0],"parents":[2147483647,0,0,1,1,2,2],"right_children":[2,4,6,-1,-1,-1,-1],"split_conditions":[6.0283196E-1,5.065965E-1,7.057891E-1,-6.513601E-1,-5.2577257E-2,9.431129E-2,7.9145306E-1],"split_indices":[0,0,0,0,0,0,0],"split_type":[0,0,0,0,0,0,0],"sum_hessian":[9E0,5E0,4E0,4E0,1E0,1E0,3E0],"tree_param":{"num_deleted":"0","num_feature":"2","num_nodes":"7","size_leaf_vector":"1"}},{"base_weights":[1.1414861E-2,-5.1602554E0,6.215136E0,-6.654345E-1,-1.4480512E-1,2.0399456E-1,8.3186144E-1],"categories":[],"categories_nodes":[],"categories_segments":[],"categories_sizes":[],"default_left":[0,0,0,0,0,0,0],"id":4,"left_children":[1,3,5,-1,-1,-1,-1],"loss_changes":[3.5290765E2,2.3642365E1,2.6942596E1,0E0,0E0,0E0,0E0],"parents":[2147483647,0,0,1,1,2,2],"right_children":[2,4,6,-1,-1,-1,-1],"split_conditions":[6.0283196E-1,4.0322953E-1,8.066137E-1,-6.654345E-1,-1.4480512E-1,2.0399456E-1,8.3186144E-1],"split_indices":[0,0,0,0,0,0,0],"split_type":[0,0,0,0,0,0,0],"sum_hessian":[9E0,5E0,4E0,3E0,2E0,2E0,2E0],"tree_param":{"num_deleted":"0","num_feature":"2","num_nodes":"7","size_leaf_vector":"1"}},{"base_weights":[3.2835055E-2,-4.779269E0,5.8007936E0,-6.1552685E-1,-1.3515145E0,1.9039492E-1,7.76404E-1,-1.6001903E-1,-4.270816E-2],"categories":[],"categories_nodes":[],"categories_segments":[],"categories_sizes":[],"default_left":[0,0,0,0,0,0,0,0,0],"id":5,"left_children":[1,3,5,-1,7,-1,-1,-1,-1],"loss_changes":[3.0528375E2,1.9980576E1,2.3469986E1,0E0,6.239891E-3,0E0,0E0,0E0,0E0],"parents":[2147483647,0,0,1,1,2,2,4,4],"right_children":[2,4,6,-1,8,-1,-1,-1,-1],"split_conditions":[6.0283196E-1,4.0322953E-1,8.066137E-1,-6.1552685E-1,5.065965E-1,1.9039492E-1,7.76404E-1,-1.6001903E-1,-4.270816E-2],"split_indices":[0,0,0,0,0,0,0,0,0],"split_type":[0,0,0,0,0,0,0,0,0],"sum_hessian":[9E0,5E0,4E0,3E0,2E0,2E0,2E0,1E0,1E0],"tree_param":{"num_deleted":"0","num_feature":"2","num_nodes":"9","size_leaf_vector":"1"}},{"base_weights":[4.4406176E-2,-4.437718E0,5.414074E0,-5.6936234E-1,-1.2839388E0,1.7770189E-1,7.2464377E-1,-1.5201807E-1,-4.057274E-2],"categories":[],"categories_nodes":[],"categories_segments":[],"categories_sizes":[],"default_left":[0,0,0,0,0,0,0,0,0],"id":6,"left_children":[1,3,5,-1,7,-1,-1,-1,-1],"loss_changes":[2.6470132E2,1.6454826E1,2.0444977E1,0E0,5.6319237E-3,0E0,0E0,0E0,0E0],"parents":[2147483647,0,0,1,1,2,2,4,4],"right_children":[2,4,6,-1,8,-1,-1,-1,-1],"split_conditions":[6.0283196E-1,4.0322953E-1,8.066137E-1,-5.6936234E-1,5.065965E-1,1.7770189E-1,7.2464377E-1,-1.5201807E-1,-4.057274E-2],"split_indices":[0,0,0,0,0,0,0,0,0],"split_type":[0,0,0,0,0,0,0,0,0],"sum_hessian":[9E0,5E0,4E0,3E0,2E0,2E0,2E0,1E0,1E0],"tree_param":{"num_deleted":"0","num_feature":"2","num_nodes":"9","size_leaf_vector":"1"}},{"base_weights":[5.4005004E-2,-4.1209383E0,5.053136E0,-5.2666014E-1,-1.2197415E0,1.658551E-1,6.763342E-1,-1.4441715E-1,-3.8544085E-2],"categories":[],"categories_nodes":[],"categories_segments":[],"categories_sizes":[],"default_left":[0,0,0,0,0,0,0,0,0],"id":7,"left_children":[1,3,5,-1,7,-1,-1,-1,-1],"loss_changes":[2.2953453E2,1.35188675E1,1.780986E1,0E0,5.083561E-3,0E0,0E0,0E0,0E0],"parents":[2147483647,0,0,1,1,2,2,4,4],"right_children":[2,4,6,-1,8,-1,-1,-1,-1],"split_conditions":[6.0283196E-1,4.0322953E-1,8.066137E-1,-5.2666014E-1,5.065965E-1,1.658551E-1,6.763342E-1,-1.4441715E-1,-3.8544085E-2],"split_indices":[0,0,0,0,0,0,0,0,0],"split_type":[0,0,0,0,0,0,0,0,0],"sum_hessian":[9E0,5E0,4E0,3E0,2E0,2E0,2E0,1E0,1E0],"tree_param":{"num_deleted":"0","num_feature":"2","num_nodes":"9","size_leaf_vector":"1"}},{"base_weights":[6.1861087E-2,-3.8271146E0,4.71626E0,-4.4460702E-1,-3.66169E-2,5.2698325E-2,5.631833E-1],"categories":[],"categories_nodes":[],"categories_segments":[],"categories_sizes":[],"default_left":[0,0,0,0,0,0,0],"id":8,"left_children":[1,3,5,-1,-1,-1,-1],"loss_changes":[1.990581E2,1.1225014E1,1.6210068E1,0E0,0E0,0E0,0E0],"parents":[2147483647,0,0,1,1,2,2],"right_children":[2,4,6,-1,-1,-1,-1],"split_conditions":[6.0283196E-1,5.065965E-1,7.057891E-1,-4.4460702E-1,-3.66169E-2,5.2698325E-2,5.631833E-1],"split_indices":[0,0,0,0,0,0,0],"split_type":[0,0,0,0,0,0,0],"sum_hessian":[9E0,5E0,4E0,4E0,1E0,1E0,3E0],"tree_param":{"num_deleted":"0","num_feature":"2","num_nodes":"7","size_leaf_vector":"1"}},{"base_weights":[6.914087E-2,-3.5246072E0,4.3678102E0,-4.5381507E-1,-9.9834666E-2,1.342687E-1,5.936997E-1],"categories":[],"categories_nodes":[],"categories_segments":[],"categories_sizes":[],"default_left":[0,0,0,0,0,0,0],"id":9,"left_children":[1,3,5,-1,-1,-1,-1],"loss_changes":[1.6987817E2,1.0832207E1,1.576339E1,0E0,0E0,0E0,0E0],"parents":[2147483647,0,0,1,1,2,2],"right_children":[2,4,6,-1,-1,-1,-1],"split_conditions":[6.0283196E-1,4.0322953E-1,8.066137E-1,-4.5381507E-1,-9.9834666E-2,1.342687E-1,5.936997E-1],"split_indices":[0,0,0,0,0,0,0],"split_type":[0,0,0,0,0,0,0],"sum_hessian":[9E0,5E0,4E0,3E0,2E0,2E0,2E0],"tree_param":{"num_deleted":"0","num_feature":"2","num_nodes":"7","size_leaf_vector":"1"}},{"base_weights":[7.965855E-2,-3.2644215E0,4.076623E0,-4.1977897E-1,-9.317904E-2,1.2531748E-1,5.541197E-1],"categories":[],"categories_nodes":[],"categories_segments":[],"categories_sizes":[],"default_left":[0,0,0,0,0,0,0],"id":10,"left_children":[1,3,5,-1,-1,-1,-1],"loss_changes":[1.469695E2,9.151756E0,1.3731651E1,0E0,0E0,0E0,0E0],"parents":[2147483647,0,0,1,1,2,2],"right_children":[2,4,6,-1,-1,-1,-1],"split_conditions":[6.0283196E-1,4.0322953E-1,8.066137E-1,-4.1977897E-1,-9.317904E-2,1.2531748E-1,5.541197E-1],"split_indices":[0,0,0,0,0,0,0],"split_type":[0,0,0,0,0,0,0],"sum_hessian":[9E0,5E0,4E0,3E0,2E0,2E0,2E0],"tree_param":{"num_deleted":"0","num_feature":"2","num_nodes":"7","size_leaf_vector":"1"}},{"base_weights":[8.8340715E-2,-3.0234725E0,3.8048484E0,-3.8829556E-1,-8.6967117E-1,1.1696301E-1,5.171784E-1,-1.05315305E-1,-2.5135374E-2],"categories":[],"categories_nodes":[],"categories_segments":[],"categories_sizes":[],"default_left":[0,0,0,0,0,0,0,0,0],"id":11,"left_children":[1,3,5,-1,7,-1,-1,-1,-1],"loss_changes":[1.2715464E2,7.7300377E0,1.1961792E1,0E0,7.563615E-2,0E0,0E0,0E0,0E0],"parents":[2147483647,0,0,1,1,2,2,4,4],"right_children":[2,4,6,-1,8,-1,-1,-1,-1],"split_conditions":[6.0283196E-1,4.0322953E-1,8.066137E-1,-3.8829556E-1,5.065965E-1,1.1696301E-1,5.171784E-1,-1.05315305E-1,-2.5135374E-2],"split_indices":[0,0,0,0,0,0,0,0,0],"split_type":[0,0,0,0,0,0,0,0,0],"sum_hessian":[9E0,5E0,4E0,3E0,2E0,2E0,2E0,1E0,1E0],"tree_param":{"num_deleted":"0","num_feature":"2","num_nodes":"9","size_leaf_vector":"1"}},{"base_weights":[9.104629E-2,-2.3172543E0,4.2828107E0,-3.2735853E0,4.904874E-2,1.3251229E-1,4.8269993E-1,-3.9704302E-1,-1.4855453E-1,-2.3878623E-2,3.1235933E-2],"categories":[],"categories_nodes":[],"categories_segments":[],"categories_sizes":[],"default_left":[0,0,0,0,0,0,0,0,0,0,0],"id":12,"left_children":[1,3,5,7,9,-1,-1,-1,-1,-1,-1],"loss_changes":[1.1087466E2,1.6001343E1,4.1786194E-2,3.3167648E-1,3.0195707E-1,0E0,0E0,0E0,0E0,0E0,0E0],"parents":[2147483647,0,0,1,1,2,2,3,3,4,4],"right_children":[2,4,6,8,10,-1,-1,-1,-1,-1,-1],"split_conditions":[7.057891E-1,5.065965E-1,8.066137E-1,2.0280252E-1,6.0283196E-1,1.3251229E-1,4.8269993E-1,-3.9704302E-1,-1.4855453E-1,-2.3878623E-2,3.1235933E-2],"split_indices":[0,0,0,0,0,0,0,0,0,0,0],"split_type":[0,0,0,0,0,0,0,0,0,0,0],"sum_hessian":[9E0,6E0,3E0,4E0,2E0,1E0,2E0,2E0,2E0,1E0,1E0],"tree_param":{"num_deleted":"0","num_feature":"2","num_nodes":"11","size_leaf_vector":"1"}},{"base_weights":[8.963881E-2,-2.16242E0,4.0083322E-1,-3.055346E0,4.6596527E-2,-3.7057346E-1,-1.386509E-1,-2.268467E-2,2.9674148E-2],"categories":[],"categories_nodes":[],"categories_segments":[],"categories_sizes":[],"default_left":[0,0,0,0,0,0,0,0,0],"id":13,"left_children":[1,3,-1,5,7,-1,-1,-1,-1],"loss_changes":[9.6918976E1,1.3949787E1,0E0,2.889328E-1,2.7251613E-1,0E0,0E0,0E0,0E0],"parents":[2147483647,0,0,1,1,3,3,4,4],"right_children":[2,4,-1,6,8,-1,-1,-1,-1],"split_conditions":[7.057891E-1,5.065965E-1,4.0083322E-1,2.0280252E-1,6.0283196E-1,-3.7057346E-1,-1.386509E-1,-2.268467E-2,2.9674148E-2],"split_indices":[0,0,0,0,0,0,0,0,0],"split_type":[0,0,0,0,0,0,0,0,0],"sum_hessian":[9E0,6E0,3E0,4E0,2E0,2E0,2E0,1E0,1E0],"tree_param":{"num_deleted":"0","num_feature":"2","num_nodes":"9","size_leaf_vector":"1"}},{"base_weights":[7.053485E-2,-2.017926E0,3.7077074E0,-2.8516562E0,4.42667E-2,1.05844975E-1,4.2379767E-1,-3.4586856E-1,-1.2940751E-1,-2.1550417E-2,2.8190423E-2],"categories":[],"categories_nodes":[],"categories_segments":[],"categories_sizes":[],"default_left":[0,0,0,0,0,0,0,0,0,0,0],"id":14,"left_children":[1,3,5,7,9,-1,-1,-1,-1,-1,-1],"loss_changes":[8.34428E1,1.2161421E1,1.1335907E0,2.516899E-1,2.4594545E-1,0E0,0E0,0E0,0E0,0E0,0E0],"parents":[2147483647,0,0,1,1,2,2,3,3,4,4],"right_children":[2,4,6,8,10,-1,-1,-1,-1,-1,-1],"split_conditions":[7.057891E-1,5.065965E-1,8.066137E-1,2.0280252E-1,6.0283196E-1,1.05844975E-1,4.2379767E-1,-3.4586856E-1,-1.2940751E-1,-2.1550417E-2,2.8190423E-2],"split_indices":[0,0,0,0,0,0,0,0,0,0,0],"split_type":[0,0,0,0,0,0,0,0,0,0,0],"sum_hessian":[9E0,6E0,3E0,4E0,2E0,1E0,2E0,2E0,2E0,1E0,1E0],"tree_param":{"num_deleted":"0","num_feature":"2","num_nodes":"11","size_leaf_vector":"1"}},{"base_weights":[6.958206E-2,-1.8830813E0,3.4693475E0,-2.6615458E0,4.2053223E-2,1.0055275E-1,3.955445E-1,-3.2281065E-1,-1.2078033E-1,-2.0472908E-2,2.6780892E-2],"categories":[],"categories_nodes":[],"categories_segments":[],"categories_sizes":[],"default_left":[0,0,0,0,0,0,0,0,0,0,0],"id":15,"left_children":[1,3,5,7,9,-1,-1,-1,-1,-1,-1],"loss_changes":[7.291904E1,1.0602472E1,8.1331635E-1,2.1924973E-1,2.219658E-1,0E0,0E0,0E0,0E0,0E0,0E0],"parents":[2147483647,0,0,1,1,2,2,3,3,4,4],"right_children":[2,4,6,8,10,-1,-1,-1,-1,-1,-1],"split_conditions":[7.057891E-1,5.065965E-1,8.066137E-1,2.0280252E-1,6.0283196E-1,1.0055275E-1,3.955445E-1,-3.2281065E-1,-1.2078033E-1,-2.0472908E-2,2.6780892E-2],"split_indices":[0,0,0,0,0,0,0,0,0,0,0],"split_type":[0,0,0,0,0,0,0,0,0,0,0],"sum_hessian":[9E0,6E0,3E0,4E0,2E0,1E0,2E0,2E0,2E0,1E0,1E0],"tree_param":{"num_deleted":"0","num_feature":"2","num_nodes":"11","size_leaf_vector":"1"}},{"base_weights":[6.850521E-2,-1.7572423E0,3.246437E0,-2.4841094E0,3.995037E-2,9.552508E-2,3.691749E-1,-2.7392375E-1,-7.317986E-2,-1.9449282E-2,2.5441838E-2],"categories":[],"categories_nodes":[],"categories_segments":[],"categories_sizes":[],"default_left":[0,0,0,0,0,0,0,0,0,0,0],"id":16,"left_children":[1,3,5,7,9,-1,-1,-1,-1,-1,-1],"loss_changes":[6.3725792E1,9.243481E0,5.5462646E-1,2.3074722E-1,2.0032422E-1,0E0,0E0,0E0,0E0,0E0,0E0],"parents":[2147483647,0,0,1,1,2,2,3,3,4,4],"right_children":[2,4,6,8,10,-1,-1,-1,-1,-1,-1],"split_conditions":[7.057891E-1,5.065965E-1,8.066137E-1,4.0322953E-1,6.0283196E-1,9.552508E-2,3.691749E-1,-2.7392375E-1,-7.317986E-2,-1.9449282E-2,2.5441838E-2],"split_indices":[0,0,0,0,0,0,0,0,0,0,0],"split_type":[0,0,0,0,0,0,0,0,0,0,0],"sum_hessian":[9E0,6E0,3E0,4E0,2E0,1E0,2E0,3E0,1E0,1E0,1E0],"tree_param":{"num_deleted":"0","num_feature":"2","num_nodes":"11","size_leaf_vector":"1"}},{"base_weights":[7.4013546E-2,-1.6302482E0,3.0379682E0,-2.305119E0,3.795274E-2,1.4111418E-1,3.959224E-1,-2.8302833E-1,-1.0115818E-1,-1.847682E-2,2.4169732E-2],"categories":[],"categories_nodes":[],"categories_segments":[],"categories_sizes":[],"default_left":[0,0,0,0,0,0,0,0,0,0,0],"id":17,"left_children":[1,3,5,7,9,-1,-1,-1,-1,-1,-1],"loss_changes":[5.5466187E1,7.9682293E0,4.0786362E-1,5.335331E-1,1.8079253E-1,0E0,0E0,0E0,0E0,0E0,0E0],"parents":[2147483647,0,0,1,1,2,2,3,3,4,4],"right_children":[2,4,6,8,10,-1,-1,-1,-1,-1,-1],"split_conditions":[7.057891E-1,5.065965E-1,1E0,2.0280252E-1,6.0283196E-1,1.4111418E-1,3.959224E-1,-2.8302833E-1,-1.0115818E-1,-1.847682E-2,2.4169732E-2],"split_indices":[0,0,0,0,0,0,0,0,0,0,0],"split_type":[0,0,0,0,0,0,0,0,0,0,0],"sum_hessian":[9E0,6E0,3E0,4E0,2E0,2E0,1E0,2E0,2E0,1E0,1E0],"tree_param":{"num_deleted":"0","num_feature":"2","num_nodes":"11","size_leaf_vector":"1"}},{"base_weights":[8.2466625E-2,-1.521294E0,2.868431E0,-2.1514447E0,3.6054928E-2,1.3170663E-1,3.761263E-1,-2.641598E-1,-9.44143E-2,-1.7552996E-2,2.2961235E-2],"categories":[],"categories_nodes":[],"categories_segments":[],"categories_sizes":[],"default_left":[0,0,0,0,0,0,0,0,0,0,0],"id":18,"left_children":[1,3,5,7,9,-1,-1,-1,-1,-1,-1],"loss_changes":[4.9043926E1,6.9471207E0,5.8660126E-1,4.6476936E-1,1.6316533E-1,0E0,0E0,0E0,0E0,0E0,0E0],"parents":[2147483647,0,0,1,1,2,2,3,3,4,4],"right_children":[2,4,6,8,10,-1,-1,-1,-1,-1,-1],"split_conditions":[7.057891E-1,5.065965E-1,1E0,2.0280252E-1,6.0283196E-1,1.3170663E-1,3.761263E-1,-2.641598E-1,-9.44143E-2,-1.7552996E-2,2.2961235E-2],"split_indices":[0,0,0,0,0,0,0,0,0,0,0],"split_type":[0,0,0,0,0,0,0,0,0,0,0],"sum_hessian":[9E0,6E0,3E0,4E0,2E0,2E0,1E0,2E0,2E0,1E0,1E0],"tree_param":{"num_deleted":"0","num_feature":"2","num_nodes":"11","size_leaf_vector":"1"}},{"base_weights":[8.9686945E-2,-1.4196167E0,2.7085466E0,-2.008015E0,3.4252483E-2,1.229262E-1,3.5732004E-1,-2.4654916E-1,-8.8120006E-2,-1.6675329E-2,2.1813203E-2],"categories":[],"categories_nodes":[],"categories_segments":[],"categories_sizes":[],"default_left":[0,0,0,0,0,0,0,0,0,0,0],"id":19,"left_children":[1,3,5,7,9,-1,-1,-1,-1,-1,-1],"loss_changes":[4.3371647E1,6.0569563E0,7.2387505E-1,4.0486526E-1,1.4725678E-1,0E0,0E0,0E0,0E0,0E0,0E0],"parents":[2147483647,0,0,1,1,2,2,3,3,4,4],"right_children":[2,4,6,8,10,-1,-1,-1,-1,-1,-1],"split_conditions":[7.057891E-1,5.065965E-1,1E0,2.0280252E-1,6.0283196E-1,1.229262E-1,3.5732004E-1,-2.4654916E-1,-8.8120006E-2,-1.6675329E-2,2.1813203E-2],"split_indices":[0,0,0,0,0,0,0,0,0,0,0],"split_type":[0,0,0,0,0,0,0,0,0,0,0],"sum_hessian":[9E0,6E0,3E0,4E0,2E0,2E0,1E0,2E0,2E0,1E0,1E0],"tree_param":{"num_deleted":"0","num_feature":"2","num_nodes":"11","size_leaf_vector":"1"}},{"base_weights":[9.578965E-2,-1.3247309E0,2.557753E0,-1.8741472E0,3.2540005E-2,1.1473109E-1,3.39454E-1,-2.3011255E-1,-8.224532E-2,-1.5841579E-2,2.0722581E-2],"categories":[],"categories_nodes":[],"categories_segments":[],"categories_sizes":[],"default_left":[0,0,0,0,0,0,0,0,0,0,0],"id":20,"left_children":[1,3,5,7,9,-1,-1,-1,-1,-1,-1],"loss_changes":[3.836103E1,5.2809305E0,8.263645E-1,3.5268593E-1,1.3289963E-1,0E0,0E0,0E0,0E0,0E0,0E0],"parents":[2147483647,0,0,1,1,2,2,3,3,4,4],"right_children":[2,4,6,8,10,-1,-1,-1,-1,-1,-1],"split_conditions":[7.057891E-1,5.065965E-1,1E0,2.0280252E-1,6.0283196E-1,1.1473109E-1,3.39454E-1,-2.3011255E-1,-8.224532E-2,-1.5841579E-2,2.0722581E-2],"split_indices":[0,0,0,0,0,0,0,0,0,0,0],"split_type":[0,0,0,0,0,0,0,0,0,0,0],"sum_hessian":[9E0,6E0,3E0,4E0,2E0,2E0,1E0,2E0,2E0,1E0,1E0],"tree_param":{"num_deleted":"0","num_feature":"2","num_nodes":"11","size_leaf_vector":"1"}},{"base_weights":[1.0088136E-1,-1.2361832E0,2.415524E0,-1.7492042E0,3.0912718E-2,1.0708237E-1,3.2248124E-1,-2.147717E-1,-7.676231E-2,-1.5049505E-2,1.9686414E-2],"categories":[],"categories_nodes":[],"categories_segments":[],"categories_sizes":[],"default_left":[0,0,0,0,0,0,0,0,0,0,0],"id":21,"left_children":[1,3,5,7,9,-1,-1,-1,-1,-1,-1],"loss_changes":[3.3934296E1,4.6043987E0,8.9979744E-1,3.0722713E-1,1.199417E-1,0E0,0E0,0E0,0E0,0E0,0E0],"parents":[2147483647,0,0,1,1,2,2,3,3,4,4],"right_children":[2,4,6,8,10,-1,-1,-1,-1,-1,-1],"split_conditions":[7.057891E-1,5.065965E-1,1E0,2.0280252E-1,6.0283196E-1,1.0708237E-1,3.2248124E-1,-2.147717E-1,-7.676231E-2,-1.5049505E-2,1.9686414E-2],"split_indices":[0,0,0,0,0,0,0,0,0,0,0],"split_type":[0,0,0,0,0,0,0,0,0,0,0],"sum_hessian":[9E0,6E0,3E0,4E0,2E0,2E0,1E0,2E0,2E0,1E0,1E0],"tree_param":{"num_deleted":"0","num_feature":"2","num_nodes":"11","size_leaf_vector":"1"}},{"base_weights":[1.0505998E-1,-1.15355E0,2.2813625E0,-1.6325905E0,2.9367447E-2,9.994354E-2,3.063572E-1,-2.004536E-1,-7.1644835E-2,-1.42970085E-2,1.8702125E-2],"categories":[],"categories_nodes":[],"categories_segments":[],"categories_sizes":[],"default_left":[0,0,0,0,0,0,0,0,0,0,0],"id":22,"left_children":[1,3,5,7,9,-1,-1,-1,-1,-1,-1],"loss_changes":[3.002283E1,4.0146027E0,9.490986E-1,2.6762772E-1,1.0824745E-1,0E0,0E0,0E0,0E0,0E0,0E0],"parents":[2147483647,0,0,1,1,2,2,3,3,4,4],"right_children":[2,4,6,8,10,-1,-1,-1,-1,-1,-1],"split_conditions":[7.057891E-1,5.065965E-1,1E0,2.0280252E-1,6.0283196E-1,9.994354E-2,3.063572E-1,-2.004536E-1,-7.1644835E-2,-1.42970085E-2,1.8702125E-2],"split_indices":[0,0,0,0,0,0,0,0,0,0,0],"split_type":[0,0,0,0,0,0,0,0,0,0,0],"sum_hessian":[9E0,6E0,3E0,4E0,2E0,2E0,1E0,2E0,2E0,1E0,1E0],"tree_param":{"num_deleted":"0","num_feature":"2","num_nodes":"11","size_leaf_vector":"1"}},{"base_weights":[1.08414866E-1,-1.076437E0,2.1548018E0,-1.5237513E0,2.7899107E-2,9.3280666E-2,2.9103938E-1,-1.8709002E-1,-6.6868514E-2,-1.3582182E-2,1.7767048E-2],"categories":[],"categories_nodes":[],"categories_segments":[],"categories_sizes":[],"default_left":[0,0,0,0,0,0,0,0,0,0,0],"id":23,"left_children":[1,3,5,7,9,-1,-1,-1,-1,-1,-1],"loss_changes":[2.6566162E1,3.5004082E0,9.784832E-1,2.3313332E-1,9.769365E-2,0E0,0E0,0E0,0E0,0E0,0E0],"parents":[2147483647,0,0,1,1,2,2,3,3,4,4],"right_children":[2,4,6,8,10,-1,-1,-1,-1,-1,-1],"split_conditions":[7.057891E-1,5.065965E-1,1E0,2.0280252E-1,6.0283196E-1,9.3280666E-2,2.9103938E-1,-1.8709002E-1,-6.6868514E-2,-1.3582182E-2,1.7767048E-2],"split_indices":[0,0,0,0,0,0,0,0,0,0,0],"split_type":[0,0,0,0,0,0,0,0,0,0,0],"sum_hessian":[9E0,6E0,3E0,4E0,2E0,2E0,1E0,2E0,2E0,1E0,1E0],"tree_param":{"num_deleted":"0","num_feature":"2","num_nodes":"11","size_leaf_vector":"1"}},{"base_weights":[1.11028075E-1,-1.0044752E0,2.0354018E0,-1.4221678E0,2.6504198E-2,8.706195E-2,2.7648744E-1,-1.7461737E-1,-6.241061E-2,-1.2903071E-2,1.68787E-2],"categories":[],"categories_nodes":[],"categories_segments":[],"categories_sizes":[],"default_left":[0,0,0,0,0,0,0,0,0,0,0],"id":24,"left_children":[1,3,5,7,9,-1,-1,-1,-1,-1,-1],"loss_changes":[2.3510963E1,3.0521207E0,9.9155426E-1,2.0308495E-1,8.8168524E-2,0E0,0E0,0E0,0E0,0E0,0E0],"parents":[2147483647,0,0,1,1,2,2,3,3,4,4],"right_children":[2,4,6,8,10,-1,-1,-1,-1,-1,-1],"split_conditions":[7.057891E-1,5.065965E-1,1E0,2.0280252E-1,6.0283196E-1,8.706195E-2,2.7648744E-1,-1.7461737E-1,-6.241061E-2,-1.2903071E-2,1.68787E-2],"split_indices":[0,0,0,0,0,0,0,0,0,0,0],"split_type":[0,0,0,0,0,0,0,0,0,0,0],"sum_hessian":[9E0,6E0,3E0,4E0,2E0,2E0,1E0,2E0,2E0,1E0,1E0],"tree_param":{"num_deleted":"0","num_feature":"2","num_nodes":"11","size_leaf_vector":"1"}},{"base_weights":[1.1297486E-1,-9.373208E-1,1.9227486E0,-1.3273567E0,2.5179228E-2,8.125775E-2,2.626631E-1,-1.629762E-1,-5.8249902E-2,-1.225791E-2,1.6034795E-2],"categories":[],"categories_nodes":[],"categories_segments":[],"categories_sizes":[],"default_left":[0,0,0,0,0,0,0,0,0,0,0],"id":25,"left_children":[1,3,5,7,9,-1,-1,-1,-1,-1,-1],"loss_changes":[2.0810207E1,2.6612878E0,9.9137783E-1,1.769104E-1,7.9572216E-2,0E0,0E0,0E0,0E0,0E0,0E0],"parents":[2147483647,0,0,1,1,2,2,3,3,4,4],"right_children":[2,4,6,8,10,-1,-1,-1,-1,-1,-1],"split_conditions":[7.057891E-1,5.065965E-1,1E0,2.0280252E-1,6.0283196E-1,8.125775E-2,2.626631E-1,-1.629762E-1,-5.8249902E-2,-1.225791E-2,1.6034795E-2],"split_indices":[0,0,0,0,0,0,0,0,0,0,0],"split_type":[0,0,0,0,0,0,0,0,0,0,0],"sum_hessian":[9E0,6E0,3E0,4E0,2E0,2E0,1E0,2E0,2E0,1E0,1E0],"tree_param":{"num_deleted":"0","num_feature":"2","num_nodes":"11","size_leaf_vector":"1"}},{"base_weights":[1.14324644E-1,-8.7465304E-1,1.8164544E0,-1.2388663E0,2.392006E-2,7.584064E-2,2.4952994E-1,-1.5211113E-1,-5.436659E-2,-1.1645031E-2,1.523304E-2],"categories":[],"categories_nodes":[],"categories_segments":[],"categories_sizes":[],"default_left":[0,0,0,0,0,0,0,0,0,0,0],"id":26,"left_children":[1,3,5,7,9,-1,-1,-1,-1,-1,-1],"loss_changes":[1.8422451E1,2.32054E0,9.8055077E-1,1.541071E-1,7.181394E-2,0E0,0E0,0E0,0E0,0E0,0E0],"parents":[2147483647,0,0,1,1,2,2,3,3,4,4],"right_children":[2,4,6,8,10,-1,-1,-1,-1,-1,-1],"split_conditions":[7.057891E-1,5.065965E-1,1E0,2.0280252E-1,6.0283196E-1,7.584064E-2,2.4952994E-1,-1.5211113E-1,-5.436659E-2,-1.1645031E-2,1.523304E-2],"split_indices":[0,0,0,0,0,0,0,0,0,0,0],"split_type":[0,0,0,0,0,0,0,0,0,0,0],"sum_hessian":[9E0,6E0,3E0,4E0,2E0,2E0,1E0,2E0,2E0,1E0,1E0],"tree_param":{"num_deleted":"0","num_feature":"2","num_nodes":"11","size_leaf_vector":"1"}},{"base_weights":[1.1514036E-1,-8.161719E-1,1.7161517E0,-1.2867999E-1,-1.4150095E-1,7.0784636E-2,2.370534E-1,-2.8514419E-2,1.4471436E-2],"categories":[],"categories_nodes":[],"categories_segments":[],"categories_sizes":[],"default_left":[0,0,0,0,0,0,0,0,0],"id":27,"left_children":[1,3,5,-1,7,-1,-1,-1,-1],"loss_changes":[1.631109E1,2.0405498E0,9.612951E-1,0E0,2.0571601E-1,0E0,0E0,0E0,0E0],"parents":[2147483647,0,0,1,1,2,2,4,4],"right_children":[2,4,6,-1,8,-1,-1,-1,-1],"split_conditions":[7.057891E-1,4.0322953E-1,1E0,-1.2867999E-1,6.0283196E-1,7.0784636E-2,2.370534E-1,-2.8514419E-2,1.4471436E-2],"split_indices":[0,0,0,0,0,0,0,0,0],"split_type":[0,0,0,0,0,0,0,0,0],"sum_hessian":[9E0,6E0,3E0,3E0,3E0,2E0,1E0,2E0,1E0],"tree_param":{"num_deleted":"0","num_feature":"2","num_nodes":"9","size_leaf_vector":"1"}},{"base_weights":[1.20137855E-1,-7.549435E-1,1.6214957E0,-1.0733643E0,2.7405739E-2,6.60656E-2,2.2520076E-1,-1.550438E-1,-5.664864E-2,-9.637022E-3,1.3747883E-2],"categories":[],"categories_nodes":[],"categories_segments":[],"categories_sizes":[],"default_left":[0,0,0,0,0,0,0,0,0,0,0],"id":28,"left_children":[1,3,5,7,9,-1,-1,-1,-1,-1,-1],"loss_changes":[1.436224E1,1.7732298E0,9.354801E-1,3.307886E-1,5.412207E-2,0E0,0E0,0E0,0E0,0E0,0E0],"parents":[2147483647,0,0,1,1,2,2,3,3,4,4],"right_children":[2,4,6,8,10,-1,-1,-1,-1,-1,-1],"split_conditions":[7.057891E-1,5.065965E-1,1E0,9.813983E-2,6.0283196E-1,6.60656E-2,2.2520076E-1,-1.550438E-1,-5.664864E-2,-9.637022E-3,1.3747883E-2],"split_indices":[0,0,0,0,0,0,0,0,0,0,0],"split_type":[0,0,0,0,0,0,0,0,0,0,0],"sum_hessian":[9E0,6E0,3E0,4E0,2E0,2E0,1E0,1E0,3E0,1E0,1E0],"tree_param":{"num_deleted":"0","num_feature":"2","num_nodes":"11","size_leaf_vector":"1"}},{"base_weights":[1.1649265E-1,-7.091037E-1,1.5321631E0,-1.1232045E0,-1.1772704E-1,3.1159116E-2,1.8351568E-1,-1.472916E-1,-5.1566195E-2,-2.4403922E-2,1.3060475E-2],"categories":[],"categories_nodes":[],"categories_segments":[],"categories_sizes":[],"default_left":[0,0,0,0,0,0,0,0,0,0,0],"id":29,"left_children":[1,3,5,7,9,-1,-1,-1,-1,-1,-1],"loss_changes":[1.2774187E1,1.5819952E0,9.074831E-1,9.0331554E-2,1.5734199E-1,0E0,0E0,0E0,0E0,0E0,0E0],"parents":[2147483647,0,0,1,1,2,2,3,3,4,4],"right_children":[2,4,6,8,10,-1,-1,-1,-1,-1,-1],"split_conditions":[7.057891E-1,4.0322953E-1,8.066137E-1,9.813983E-2,6.0283196E-1,3.1159116E-2,1.8351568E-1,-1.472916E-1,-5.1566195E-2,-2.4403922E-2,1.3060475E-2],"split_indices":[0,0,0,0,0,0,0,0,0,0,0],"split_type":[0,0,0,0,0,0,0,0,0,0,0],"sum_hessian":[9E0,6E0,3E0,3E0,3E0,1E0,2E0,1E0,2E0,2E0,1E0],"tree_param":{"num_deleted":"0","num_feature":"2","num_nodes":"11","size_leaf_vector":"1"}},{"base_weights":[1.05290845E-1,-6.6822207E-1,1.4326158E0,-9.534009E-1,2.9816628E-2,5.4505475E-2,2.0476495E-1,-1.3992701E-1,-4.9211603E-2,-7.935E-3,1.2407494E-2],"categories":[],"categories_nodes":[],"categories_segments":[],"categories_sizes":[],"default_left":[0,0,0,0,0,0,0,0,0,0,0],"id":30,"left_children":[1,3,5,7,9,-1,-1,-1,-1,-1,-1],"loss_changes":[1.1224336E1,1.4218879E0,1.0674391E0,3.3976078E-1,4.0714927E-2,0E0,0E0,0E0,0E0,0E0,0E0],"parents":[2147483647,0,0,1,1,2,2,3,3,4,4],"right_children":[2,4,6,8,10,-1,-1,-1,-1,-1,-1],"split_conditions":[7.057891E-1,5.065965E-1,1E0,9.813983E-2,6.0283196E-1,5.4505475E-2,2.0476495E-1,-1.3992701E-1,-4.9211603E-2,-7.935E-3,1.2407494E-2],"split_indices":[0,0,0,0,0,0,0,0,0,0,0],"split_type":[0,0,0,0,0,0,0,0,0,0,0],"sum_hessian":[9E0,6E0,3E0,4E0,2E0,2E0,1E0,1E0,3E0,1E0,1E0],"tree_param":{"num_deleted":"0","num_feature":"2","num_nodes":"11","size_leaf_vector":"1"}},{"base_weights":[1.0222192E-1,-6.2778085E-1,1.3541713E0,-1.1340209E-1,-1.984806E-1,5.0871726E-2,1.9452667E-1,-3.070364E-1,1.1787129E-2,-3.5912674E-2,-7.538271E-3],"categories":[],"categories_nodes":[],"categories_segments":[],"categories_sizes":[],"default_left":[0,0,0,0,0,0,0,0,0,0,0],"id":31,"left_children":[1,3,5,-1,7,-1,-1,9,-1,-1,-1],"loss_changes":[9.9893875E0,1.2962215E0,1.0093861E0,0E0,2.0789993E-1,0E0,0E0,2.119571E-2,0E0,0E0,0E0],"parents":[2147483647,0,0,1,1,2,2,4,4,7,7],"right_children":[2,4,6,-1,8,-1,-1,10,-1,-1,-1],"split_conditions":[7.057891E-1,2.0280252E-1,1E0,-1.1340209E-1,6.0283196E-1,5.0871726E-2,1.9452667E-1,5.065965E-1,1.1787129E-2,-3.5912674E-2,-7.538271E-3],"split_indices":[0,0,0,0,0,0,0,0,0,0,0],"split_type":[0,0,0,0,0,0,0,0,0,0,0],"sum_hessian":[9E0,6E0,3E0,2E0,4E0,2E0,1E0,3E0,1E0,2E0,1E0],"tree_param":{"num_deleted":"0","num_feature":"2","num_nodes":"11","size_leaf_vector":"1"}},{"base_weights":[1.0203304E-1,-5.857266E-1,1.2801042E0,-1.2726057E-1,-2.5914583E-1,4.748033E-2,1.8480034E-1,-4.0890064E-2,2.6909193E-2,-7.161379E-3,1.1197758E-2],"categories":[],"categories_nodes":[],"categories_segments":[],"categories_sizes":[],"default_left":[0,0,0,0,0,0,0,0,0,0,0],"id":32,"left_children":[1,3,5,-1,7,-1,-1,-1,9,-1,-1],"loss_changes":[8.852088E0,1.2404602E0,9.5188093E-1,0E0,2.6803184E-1,0E0,0E0,0E0,3.3162713E-2,0E0,0E0],"parents":[2147483647,0,0,1,1,2,2,4,4,8,8],"right_children":[2,4,6,-1,8,-1,-1,-1,10,-1,-1],"split_conditions":[7.057891E-1,9.813983E-2,1E0,-1.2726057E-1,5.065965E-1,4.748033E-2,1.8480034E-1,-4.0890064E-2,6.0283196E-1,-7.161379E-3,1.1197758E-2],"split_indices":[0,0,0,0,0,0,0,0,0,0,0],"split_type":[0,0,0,0,0,0,0,0,0,0,0],"sum_hessian":[9E0,6E0,3E0,1E0,5E0,2E0,1E0,3E0,2E0,1E0,1E0],"tree_param":{"num_deleted":"0","num_feature":"2","num_nodes":"11","size_leaf_vector":"1"}},{"base_weights":[9.864638E-2,-5.505989E-1,1.2101641E0,-1.2089753E-1,-2.3937364E-1,4.431502E-2,1.7556028E-1,-3.7823316E-2,2.5563559E-2,-6.803322E-3,1.0637856E-2],"categories":[],"categories_nodes":[],"categories_segments":[],"categories_sizes":[],"default_left":[0,0,0,0,0,0,0,0,0,0,0],"id":33,"left_children":[1,3,5,-1,7,-1,-1,-1,9,-1,-1],"loss_changes":[7.8827915E0,1.1449265E0,8.954406E-1,0E0,2.3040327E-1,0E0,0E0,0E0,2.9929347E-2,0E0,0E0],"parents":[2147483647,0,0,1,1,2,2,4,4,8,8],"right_children":[2,4,6,-1,8,-1,-1,-1,10,-1,-1],"split_conditions":[7.057891E-1,9.813983E-2,1E0,-1.2089753E-1,5.065965E-1,4.431502E-2,1.7556028E-1,-3.7823316E-2,6.0283196E-1,-6.803322E-3,1.0637856E-2],"split_indices":[0,0,0,0,0,0,0,0,0,0,0],"split_type":[0,0,0,0,0,0,0,0,0,0,0],"sum_hessian":[9E0,6E0,3E0,1E0,5E0,2E0,1E0,3E0,2E0,1E0,1E0],"tree_param":{"num_deleted":"0","num_feature":"2","num_nodes":"11","size_leaf_vector":"1"}},{"base_weights":[9.528069E-2,-4.0360087E-1,1.3938713E0,-7.393031E-1,1.1692715E-1,4.2298414E-2,1.6678229E-1,-1.1485266E-1,-3.4986563E-2,-6.4631463E-3,1.9899052E-2],"categories":[],"categories_nodes":[],"categories_segments":[],"categories_sizes":[],"default_left":[0,0,0,0,0,0,0,0,0,0,0],"id":34,"left_children":[1,3,5,7,9,-1,-1,-1,-1,-1,-1],"loss_changes":[7.040997E0,1.484384E0,9.2464924E-2,3.9500475E-1,7.245828E-2,0E0,0E0,0E0,0E0,0E0,0E0],"parents":[2147483647,0,0,1,1,2,2,3,3,4,4],"right_children":[2,4,6,8,10,-1,-1,-1,-1,-1,-1],"split_conditions":[8.066137E-1,5.065965E-1,1E0,9.813983E-2,6.0283196E-1,4.2298414E-2,1.6678229E-1,-1.1485266E-1,-3.4986563E-2,-6.4631463E-3,1.9899052E-2],"split_indices":[0,0,0,0,0,0,0,0,0,0,0],"split_type":[0,0,0,0,0,0,0,0,0,0,0],"sum_hessian":[9E0,7E0,2E0,4E0,3E0,1E0,1E0,1E0,3E0,1E0,2E0],"tree_param":{"num_deleted":"0","num_feature":"2","num_nodes":"11","size_leaf_vector":"1"}},{"base_weights":[9.302018E-2,-3.802913E-1,1.3241774E0,-1.0911002E-1,-1.2287573E-1,4.018345E-2,1.5844317E-1,-2.8346056E-1,1.8572425E-2,-3.2362577E-2,-6.1399937E-3],"categories":[],"categories_nodes":[],"categories_segments":[],"categories_sizes":[],"default_left":[0,0,0,0,0,0,0,0,0,0,0],"id":35,"left_children":[1,3,5,-1,7,-1,-1,9,-1,-1,-1],"loss_changes":[6.330782E0,1.3297166E0,8.345175E-2,0E0,3.9954084E-1,0E0,0E0,2.472493E-2,0E0,0E0,0E0],"parents":[2147483647,0,0,1,1,2,2,4,4,7,7],"right_children":[2,4,6,-1,8,-1,-1,10,-1,-1,-1],"split_conditions":[8.066137E-1,9.813983E-2,1E0,-1.0911002E-1,6.0283196E-1,4.018345E-2,1.5844317E-1,5.065965E-1,1.8572425E-2,-3.2362577E-2,-6.1399937E-3],"split_indices":[0,0,0,0,0,0,0,0,0,0,0],"split_type":[0,0,0,0,0,0,0,0,0,0,0],"sum_hessian":[9E0,7E0,2E0,1E0,6E0,1E0,1E0,4E0,2E0,3E0,1E0],"tree_param":{"num_deleted":"0","num_feature":"2","num_nodes":"11","size_leaf_vector":"1"}},{"base_weights":[9.067683E-2,-3.5839206E-1,1.2579683E0,-1.0365452E-1,-1.13435164E-1,3.817425E-2,1.50521E-1,-2.6281506E-1,1.7334303E-2,-2.9935379E-2,-5.833006E-3],"categories":[],"categories_nodes":[],"categories_segments":[],"categories_sizes":[],"default_left":[0,0,0,0,0,0,0,0,0,0,0],"id":36,"left_children":[1,3,5,-1,7,-1,-1,9,-1,-1,-1],"loss_changes":[5.692788E0,1.2113656E0,7.531643E-2,0E0,3.4542942E-1,0E0,0E0,1.9896775E-2,0E0,0E0,0E0],"parents":[2147483647,0,0,1,1,2,2,4,4,7,7],"right_children":[2,4,6,-1,8,-1,-1,10,-1,-1,-1],"split_conditions":[8.066137E-1,9.813983E-2,1E0,-1.0365452E-1,6.0283196E-1,3.817425E-2,1.50521E-1,5.065965E-1,1.7334303E-2,-2.9935379E-2,-5.833006E-3],"split_indices":[0,0,0,0,0,0,0,0,0,0,0],"split_type":[0,0,0,0,0,0,0,0,0,0,0],"sum_hessian":[9E0,7E0,2E0,1E0,6E0,1E0,1E0,4E0,2E0,3E0,1E0],"tree_param":{"num_deleted":"0","num_feature":"2","num_nodes":"11","size_leaf_vector":"1"}},{"base_weights":[8.827001E-2,-3.3781385E-1,1.1950703E0,-9.847179E-2,-1.0472499E-1,3.6265563E-2,1.4299498E-1,-2.436872E-1,1.6178703E-2,-2.7690215E-2,-5.5413726E-3],"categories":[],"categories_nodes":[],"categories_segments":[],"categories_sizes":[],"default_left":[0,0,0,0,0,0,0,0,0,0,0],"id":37,"left_children":[1,3,5,-1,7,-1,-1,9,-1,-1,-1],"loss_changes":[5.119608E0,1.1031644E0,6.797218E-2,0E0,2.9867113E-1,0E0,0E0,1.5923291E-2,0E0,0E0,0E0],"parents":[2147483647,0,0,1,1,2,2,4,4,7,7],"right_children":[2,4,6,-1,8,-1,-1,10,-1,-1,-1],"split_conditions":[8.066137E-1,9.813983E-2,1E0,-9.847179E-2,6.0283196E-1,3.6265563E-2,1.4299498E-1,5.065965E-1,1.6178703E-2,-2.7690215E-2,-5.5413726E-3],"split_indices":[0,0,0,0,0,0,0,0,0,0,0],"split_type":[0,0,0,0,0,0,0,0,0,0,0],"sum_hessian":[9E0,7E0,2E0,1E0,6E0,1E0,1E0,4E0,2E0,3E0,1E0],"tree_param":{"num_deleted":"0","num_feature":"2","num_nodes":"11","size_leaf_vector":"1"}},{"base_weights":[8.581658E-2,-3.1847286E-1,1.1353163E0,-9.35482E-2,-9.6688405E-2,3.445225E-2,1.3584518E-1,-2.2596474E-1,1.5100162E-2,-2.5613451E-2,-5.264282E-3],"categories":[],"categories_nodes":[],"categories_segments":[],"categories_sizes":[],"default_left":[0,0,0,0,0,0,0,0,0,0,0],"id":38,"left_children":[1,3,5,-1,7,-1,-1,9,-1,-1,-1],"loss_changes":[4.6045837E0,1.004294E0,6.1345577E-2,0E0,2.5826424E-1,0E0,0E0,1.2661785E-2,0E0,0E0,0E0],"parents":[2147483647,0,0,1,1,2,2,4,4,7,7],"right_children":[2,4,6,-1,8,-1,-1,10,-1,-1,-1],"split_conditions":[8.066137E-1,9.813983E-2,1E0,-9.35482E-2,6.0283196E-1,3.445225E-2,1.3584518E-1,5.065965E-1,1.5100162E-2,-2.5613451E-2,-5.264282E-3],"split_indices":[0,0,0,0,0,0,0,0,0,0,0],"split_type":[0,0,0,0,0,0,0,0,0,0,0],"sum_hessian":[9E0,7E0,2E0,1E0,6E0,1E0,1E0,4E0,2E0,3E0,1E0],"tree_param":{"num_deleted":"0","num_feature":"2","num_nodes":"11","size_leaf_vector":"1"}},{"base_weights":[8.3332025E-2,-3.0029136E-1,1.0785503E0,-8.887079E-2,-8.927356E-2,3.2729626E-2,1.2905292E-1,-2.0954375E-1,1.4093463E-2,-2.3692435E-2,-5.001068E-3],"categories":[],"categories_nodes":[],"categories_segments":[],"categories_sizes":[],"default_left":[0,0,0,0,0,0,0,0,0,0,0],"id":39,"left_children":[1,3,5,-1,7,-1,-1,9,-1,-1,-1],"loss_changes":[4.1417694E0,9.139928E-1,5.536437E-2,0E0,2.2334227E-1,0E0,0E0,9.991795E-3,0E0,0E0,0E0],"parents":[2147483647,0,0,1,1,2,2,4,4,7,7],"right_children":[2,4,6,-1,8,-1,-1,10,-1,-1,-1],"split_conditions":[8.066137E-1,9.813983E-2,1E0,-8.887079E-2,6.0283196E-1,3.2729626E-2,1.2905292E-1,5.065965E-1,1.4093463E-2,-2.3692435E-2,-5.001068E-3],"split_indices":[0,0,0,0,0,0,0,0,0,0,0],"split_type":[0,0,0,0,0,0,0,0,0,0,0],"sum_hessian":[9E0,7E0,2E0,1E0,6E0,1E0,1E0,4E0,2E0,3E0,1E0],"tree_param":{"num_deleted":"0","num_feature":"2","num_nodes":"11","size_leaf_vector":"1"}},{"base_weights":[8.082992E-2,-2.831961E-1,1.0246226E0,-8.442726E-2,-8.243193E-2,3.109312E-2,1.2260027E-1,-1.9432811E-1,1.3153903E-2,-2.1915508E-2,-4.751015E-3],"categories":[],"categories_nodes":[],"categories_segments":[],"categories_sizes":[],"default_left":[0,0,0,0,0,0,0,0,0,0,0],"id":40,"left_children":[1,3,5,-1,7,-1,-1,9,-1,-1,-1],"loss_changes":[3.7258198E0,8.315573E-1,4.996729E-2,0E0,1.9315946E-1,0E0,0E0,7.813126E-3,0E0,0E0,0E0],"parents":[2147483647,0,0,1,1,2,2,4,4,7,7],"right_children":[2,4,6,-1,8,-1,-1,10,-1,-1,-1],"split_conditions":[8.066137E-1,9.813983E-2,1E0,-8.442726E-2,6.0283196E-1,3.109312E-2,1.2260027E-1,5.065965E-1,1.3153903E-2,-2.1915508E-2,-4.751015E-3],"split_indices":[0,0,0,0,0,0,0,0,0,0,0],"split_type":[0,0,0,0,0,0,0,0,0,0,0],"sum_hessian":[9E0,7E0,2E0,1E0,6E0,1E0,1E0,4E0,2E0,3E0,1E0],"tree_param":{"num_deleted":"0","num_feature":"2","num_nodes":"11","size_leaf_vector":"1"}},{"base_weights":[7.8322366E-2,-2.6711875E-1,9.7339123E-1,-8.0205895E-2,-7.611888E-2,2.9538441E-2,1.1647024E-1,-1.8022862E-1,1.2277031E-2,-2.027185E-2,-4.5134546E-3],"categories":[],"categories_nodes":[],"categories_segments":[],"categories_sizes":[],"default_left":[0,0,0,0,0,0,0,0,0,0,0],"id":41,"left_children":[1,3,5,-1,7,-1,-1,9,-1,-1,-1],"loss_changes":[3.3519468E0,7.5633615E-1,4.509592E-2,0E0,1.6707084E-1,0E0,0E0,6.041631E-3,0E0,0E0,0E0],"parents":[2147483647,0,0,1,1,2,2,4,4,7,7],"right_children":[2,4,6,-1,8,-1,-1,10,-1,-1,-1],"split_conditions":[8.066137E-1,9.813983E-2,1E0,-8.0205895E-2,6.0283196E-1,2.9538441E-2,1.1647024E-1,5.065965E-1,1.2277031E-2,-2.027185E-2,-4.5134546E-3],"split_indices":[0,0,0,0,0,0,0,0,0,0,0],"split_type":[0,0,0,0,0,0,0,0,0,0,0],"sum_hessian":[9E0,7E0,2E0,1E0,6E0,1E0,1E0,4E0,2E0,3E0,1E0],"tree_param":{"num_deleted":"0","num_feature":"2","num_nodes":"11","size_leaf_vector":"1"}},{"base_weights":[7.581945E-2,-2.5199622E-1,9.247214E-1,-7.61956E-2,-7.029397E-2,2.8061485E-2,1.10646725E-1,-1.671627E-1,1.14585245E-2,-1.8751455E-2,-4.2877677E-3],"categories":[],"categories_nodes":[],"categories_segments":[],"categories_sizes":[],"default_left":[0,0,0,0,0,0,0,0,0,0,0],"id":42,"left_children":[1,3,5,-1,7,-1,-1,9,-1,-1,-1],"loss_changes":[3.01586E0,6.877257E-1,4.069972E-2,0E0,1.4451748E-1,0E0,0E0,4.606962E-3,0E0,0E0,0E0],"parents":[2147483647,0,0,1,1,2,2,4,4,7,7],"right_children":[2,4,6,-1,8,-1,-1,10,-1,-1,-1],"split_conditions":[8.066137E-1,9.813983E-2,1E0,-7.61956E-2,6.0283196E-1,2.8061485E-2,1.10646725E-1,5.065965E-1,1.14585245E-2,-1.8751455E-2,-4.2877677E-3],"split_indices":[0,0,0,0,0,0,0,0,0,0,0],"split_type":[0,0,0,0,0,0,0,0,0,0,0],"sum_hessian":[9E0,7E0,2E0,1E0,6E0,1E0,1E0,4E0,2E0,3E0,1E0],"tree_param":{"num_deleted":"0","num_feature":"2","num_nodes":"11","size_leaf_vector":"1"}},{"base_weights":[7.333051E-2,-2.3776887E-1,8.784854E-1,-7.238582E-2,-6.491923E-2,2.665844E-2,1.0511436E-1,-1.5505433E-1,1.0694567E-1,-1.73451E-2,-4.0733814E-3,3.202629E-3,1.2839222E-2],"categories":[],"categories_nodes":[],"categories_segments":[],"categories_sizes":[],"default_left":[0,0,0,0,0,0,0,0,0,0,0,0,0],"id":43,"left_children":[1,3,5,-1,7,-1,-1,9,11,-1,-1,-1,-1],"loss_changes":[2.7137082E0,6.251706E-1,3.6730766E-2,0E0,1.2501982E-1,0E0,0E0,3.4502596E-3,7.083602E-4,0E0,0E0,0E0,0E0],"parents":[2147483647,0,0,1,1,2,2,4,4,7,7,8,8],"right_children":[2,4,6,-1,8,-1,-1,10,12,-1,-1,-1,-1],"split_conditions":[8.066137E-1,9.813983E-2,1E0,-7.238582E-2,6.0283196E-1,2.665844E-2,1.0511436E-1,5.065965E-1,7.057891E-1,-1.73451E-2,-4.0733814E-3,3.202629E-3,1.2839222E-2],"split_indices":[0,0,0,0,0,0,0,0,0,0,0,0,0],"split_type":[0,0,0,0,0,0,0,0,0,0,0,0,0],"sum_hessian":[9E0,7E0,2E0,1E0,6E0,1E0,1E0,4E0,2E0,3E0,1E0,1E0,1E0],"tree_param":{"num_deleted":"0","num_feature":"2","num_nodes":"13","size_leaf_vector":"1"}},{"base_weights":[7.139858E-2,-2.2371216E-1,8.3456105E-1,-6.876653E-2,-5.9195247E-2,2.532549E-2,9.9858664E-2,-1.438326E-1,1.0159874E-1,-1.778536E-2,-6.18674E-3,3.0425072E-3,1.2197304E-2],"categories":[],"categories_nodes":[],"categories_segments":[],"categories_sizes":[],"default_left":[0,0,0,0,0,0,0,0,0,0,0,0,0],"id":44,"left_children":[1,3,5,-1,7,-1,-1,9,11,-1,-1,-1,-1],"loss_changes":[2.438876E0,5.6991863E-1,3.3150434E-2,0E0,1.09877445E-1,0E0,0E0,2.9393435E-3,6.3929893E-4,0E0,0E0,0E0,0E0],"parents":[2147483647,0,0,1,1,2,2,4,4,7,7,8,8],"right_children":[2,4,6,-1,8,-1,-1,10,12,-1,-1,-1,-1],"split_conditions":[8.066137E-1,9.813983E-2,1E0,-6.876653E-2,6.0283196E-1,2.532549E-2,9.9858664E-2,4.0322953E-1,7.057891E-1,-1.778536E-2,-6.18674E-3,3.0425072E-3,1.2197304E-2],"split_indices":[0,0,0,0,0,0,0,0,0,0,0,0,0],"split_type":[0,0,0,0,0,0,0,0,0,0,0,0,0],"sum_hessian":[9E0,7E0,2E0,1E0,6E0,1E0,1E0,4E0,2E0,2E0,2E0,1E0,1E0],"tree_param":{"num_deleted":"0","num_feature":"2","num_nodes":"13","size_leaf_vector":"1"}},{"base_weights":[6.902714E-2,-2.1102834E-1,7.928327E-1,-6.53282E-2,-5.452323E-2,2.40592E-2,9.48657E-2,-1.3424382E-1,9.651884E-2,-1.6599663E-2,-5.7743075E-3,2.8903962E-3,1.1587429E-2],"categories":[],"categories_nodes":[],"categories_segments":[],"categories_sizes":[],"default_left":[0,0,0,0,0,0,0,0,0,0,0,0,0],"id":45,"left_children":[1,3,5,-1,7,-1,-1,9,11,-1,-1,-1,-1],"loss_changes":[2.1943674E0,5.181006E-1,2.9918194E-2,0E0,9.7245194E-2,0E0,0E0,2.5604144E-3,5.7692453E-4,0E0,0E0,0E0,0E0],"parents":[2147483647,0,0,1,1,2,2,4,4,7,7,8,8],"right_children":[2,4,6,-1,8,-1,-1,10,12,-1,-1,-1,-1],"split_conditions":[8.066137E-1,9.813983E-2,1E0,-6.53282E-2,6.0283196E-1,2.40592E-2,9.48657E-2,4.0322953E-1,7.057891E-1,-1.6599663E-2,-5.7743075E-3,2.8903962E-3,1.1587429E-2],"split_indices":[0,0,0,0,0,0,0,0,0,0,0,0,0],"split_type":[0,0,0,0,0,0,0,0,0,0,0,0,0],"sum_hessian":[9E0,7E0,2E0,1E0,6E0,1E0,1E0,4E0,2E0,2E0,2E0,1E0,1E0],"tree_param":{"num_deleted":"0","num_feature":"2","num_nodes":"13","size_leaf_vector":"1"}},{"base_weights":[6.66946E-2,-1.9907837E-1,7.53191E-1,-6.2061794E-2,-5.0198726E-2,2.2856236E-2,9.012242E-2,-1.2529416E-1,9.1693245E-2,-1.4025933E-2,-3.2716752E-3,2.7459145E-3,1.1008072E-2],"categories":[],"categories_nodes":[],"categories_segments":[],"categories_sizes":[],"default_left":[0,0,0,0,0,0,0,0,0,0,0,0,0],"id":46,"left_children":[1,3,5,-1,7,-1,-1,9,11,-1,-1,-1,-1],"loss_changes":[1.9744658E0,4.7091505E-1,2.700138E-2,0E0,8.60767E-2,0E0,0E0,2.3383498E-3,5.2058697E-4,0E0,0E0,0E0,0E0],"parents":[2147483647,0,0,1,1,2,2,4,4,7,7,8,8],"right_children":[2,4,6,-1,8,-1,-1,10,12,-1,-1,-1,-1],"split_conditions":[8.066137E-1,9.813983E-2,1E0,-6.2061794E-2,6.0283196E-1,2.2856236E-2,9.012242E-2,5.065965E-1,7.057891E-1,-1.4025933E-2,-3.2716752E-3,2.7459145E-3,1.1008072E-2],"split_indices":[0,0,0,0,0,0,0,0,0,0,0,0,0],"split_type":[0,0,0,0,0,0,0,0,0,0,0,0,0],"sum_hessian":[9E0,7E0,2E0,1E0,6E0,1E0,1E0,4E0,2E0,3E0,1E0,1E0,1E0],"tree_param":{"num_deleted":"0","num_feature":"2","num_nodes":"13","size_leaf_vector":"1"}},{"base_weights":[6.476258E-2,-1.8737115E-1,7.1553165E-1,-5.8958706E-2,-4.568502E-2,2.1713449E-2,8.5616305E-2,-1.1622419E-1,8.710861E-2,-1.455795E-2,-4.812749E-3,2.6085854E-3,1.0457707E-2],"categories":[],"categories_nodes":[],"categories_segments":[],"categories_sizes":[],"default_left":[0,0,0,0,0,0,0,0,0,0,0,0,0],"id":47,"left_children":[1,3,5,-1,7,-1,-1,9,11,-1,-1,-1,-1],"loss_changes":[1.7748785E0,4.28972E-1,2.4368286E-2,0E0,7.56942E-2,0E0,0E0,2.9886216E-3,4.6993792E-4,0E0,0E0,0E0,0E0],"parents":[2147483647,0,0,1,1,2,2,4,4,7,7,8,8],"right_children":[2,4,6,-1,8,-1,-1,10,12,-1,-1,-1,-1],"split_conditions":[8.066137E-1,9.813983E-2,1E0,-5.8958706E-2,6.0283196E-1,2.1713449E-2,8.5616305E-2,4.0322953E-1,7.057891E-1,-1.455795E-2,-4.812749E-3,2.6085854E-3,1.0457707E-2],"split_indices":[0,0,0,0,0,0,0,0,0,0,0,0,0],"split_type":[0,0,0,0,0,0,0,0,0,0,0,0,0],"sum_hessian":[9E0,7E0,2E0,1E0,6E0,1E0,1E0,4E0,2E0,2E0,2E0,1E0,1E0],"tree_param":{"num_deleted":"0","num_feature":"2","num_nodes":"13","size_leaf_vector":"1"}},{"base_weights":[6.2492896E-2,-1.7679197E-1,6.797549E-1,-5.601077E-2,-4.2017188E-2,2.0627785E-2,8.133545E-2,-1.0847578E-1,8.275286E-2,-1.3587427E-2,-4.49187E-3,2.4781227E-3,9.934807E-3],"categories":[],"categories_nodes":[],"categories_segments":[],"categories_sizes":[],"default_left":[0,0,0,0,0,0,0,0,0,0,0,0,0],"id":48,"left_children":[1,3,5,-1,7,-1,-1,9,11,-1,-1,-1,-1],"loss_changes":[1.5971897E0,3.8975623E-1,2.1992087E-2,0E0,6.702098E-2,0E0,0E0,2.603542E-3,4.2418577E-4,0E0,0E0,0E0,0E0],"parents":[2147483647,0,0,1,1,2,2,4,4,7,7,8,8],"right_children":[2,4,6,-1,8,-1,-1,10,12,-1,-1,-1,-1],"split_conditions":[8.066137E-1,9.813983E-2,1E0,-5.601077E-2,6.0283196E-1,2.0627785E-2,8.133545E-2,4.0322953E-1,7.057891E-1,-1.3587427E-2,-4.49187E-3,2.4781227E-3,9.934807E-3],"split_indices":[0,0,0,0,0,0,0,0,0,0,0,0,0],"split_type":[0,0,0,0,0,0,0,0,0,0,0,0,0],"sum_hessian":[9E0,7E0,2E0,1E0,6E0,1E0,1E0,4E0,2E0,2E0,2E0,1E0,1E0],"tree_param":{"num_deleted":"0","num_feature":"2","num_nodes":"13","size_leaf_vector":"1"}},{"base_weights":[6.0272217E-2,-1.6682243E-1,6.457672E-1,-5.3210236E-2,-3.862497E-2,1.9596387E-2,7.72687E-2,-1.0124407E-1,7.861519E-2,-1.2681596E-2,-4.192416E-3,2.3542405E-3,9.438038E-3],"categories":[],"categories_nodes":[],"categories_segments":[],"categories_sizes":[],"default_left":[0,0,0,0,0,0,0,0,0,0,0,0,0],"id":49,"left_children":[1,3,5,-1,7,-1,-1,9,11,-1,-1,-1,-1],"loss_changes":[1.4373562E0,3.5407126E-1,1.9848108E-2,0E0,5.9349634E-2,0E0,0E0,2.2679605E-3,3.8275868E-4,0E0,0E0,0E0,0E0],"parents":[2147483647,0,0,1,1,2,2,4,4,7,7,8,8],"right_children":[2,4,6,-1,8,-1,-1,10,12,-1,-1,-1,-1],"split_conditions":[8.066137E-1,9.813983E-2,1E0,-5.3210236E-2,6.0283196E-1,1.9596387E-2,7.72687E-2,4.0322953E-1,7.057891E-1,-1.2681596E-2,-4.192416E-3,2.3542405E-3,9.438038E-3],"split_indices":[0,0,0,0,0,0,0,0,0,0,0,0,0],"split_type":[0,0,0,0,0,0,0,0,0,0,0,0,0],"sum_hessian":[9E0,7E0,2E0,1E0,6E0,1E0,1E0,4E0,2E0,2E0,2E0,1E0,1E0],"tree_param":{"num_deleted":"0","num_feature":"2","num_nodes":"13","size_leaf_vector":"1"}},{"base_weights":[5.8102418E-2,-1.574266E-1,6.1347896E-1,-5.0549723E-2,-3.5488334E-2,1.8616581E-2,7.3405266E-2,-9.449454E-2,7.468478E-2,-1.1836163E-2,-3.9129257E-3,2.236557E-3,8.96616E-3],"categories":[],"categories_nodes":[],"categories_segments":[],"categories_sizes":[],"default_left":[0,0,0,0,0,0,0,0,0,0,0,0,0],"id":50,"left_children":[1,3,5,-1,7,-1,-1,9,11,-1,-1,-1,-1],"loss_changes":[1.2935756E0,3.2160574E-1,1.7912626E-2,0E0,5.256358E-2,0E0,0E0,1.9756407E-3,3.4539402E-4,0E0,0E0,0E0,0E0],"parents":[2147483647,0,0,1,1,2,2,4,4,7,7,8,8],"right_children":[2,4,6,-1,8,-1,-1,10,12,-1,-1,-1,-1],"split_conditions":[8.066137E-1,9.813983E-2,1E0,-5.0549723E-2,6.0283196E-1,1.8616581E-2,7.3405266E-2,4.0322953E-1,7.057891E-1,-1.1836163E-2,-3.9129257E-3,2.236557E-3,8.96616E-3],"split_indices":[0,0,0,0,0,0,0,0,0,0,0,0,0],"split_type":[0,0,0,0,0,0,0,0,0,0,0,0,0],"sum_hessian":[9E0,7E0,2E0,1E0,6E0,1E0,1E0,4E0,2E0,2E0,2E0,1E0,1E0],"tree_param":{"num_deleted":"0","num_feature":"2","num_nodes":"13","size_leaf_vector":"1"}},{"base_weights":[5.5984616E-2,-1.485711E-1,5.82805E-1,-4.8022237E-2,-3.2589164E-2,1.7685795E-2,6.973495E-2,-8.8194944E-2,7.095019E-2,-1.1047093E-2,-3.6520641E-3,2.1246911E-3,8.517838E-3],"categories":[],"categories_nodes":[],"categories_segments":[],"categories_sizes":[],"default_left":[0,0,0,0,0,0,0,0,0,0,0,0,0],"id":51,"left_children":[1,3,5,-1,7,-1,-1,9,11,-1,-1,-1,-1],"loss_changes":[1.1642293E0,2.9207438E-1,1.6165257E-2,0E0,4.655915E-2,0E0,0E0,1.7210096E-3,3.117863E-4,0E0,0E0,0E0,0E0],"parents":[2147483647,0,0,1,1,2,2,4,4,7,7,8,8],"right_children":[2,4,6,-1,8,-1,-1,10,12,-1,-1,-1,-1],"split_conditions":[8.066137E-1,9.813983E-2,1E0,-4.8022237E-2,6.0283196E-1,1.7685795E-2,6.973495E-2,4.0322953E-1,7.057891E-1,-1.1047093E-2,-3.6520641E-3,2.1246911E-3,8.517838E-3],"split_indices":[0,0,0,0,0,0,0,0,0,0,0,0,0],"split_type":[0,0,0,0,0,0,0,0,0,0,0,0,0],"sum_hessian":[9E0,7E0,2E0,1E0,6E0,1E0,1E0,4E0,2E0,2E0,2E0,1E0,1E0],"tree_param":{"num_deleted":"0","num_feature":"2","num_nodes":"13","size_leaf_vector":"1"}},{"base_weights":[5.392031E-2,-1.4022404E-1,5.5366516E-1,-4.5621123E-2,-2.9909985E-2,1.680155E-2,6.624823E-2,-8.231549E-2,6.740252E-2,-1.0310627E-2,-3.4086227E-3,2.0184517E-3,8.091927E-3],"categories":[],"categories_nodes":[],"categories_segments":[],"categories_sizes":[],"default_left":[0,0,0,0,0,0,0,0,0,0,0,0,0],"id":52,"left_children":[1,3,5,-1,7,-1,-1,9,11,-1,-1,-1,-1],"loss_changes":[1.0478636E0,2.6521736E-1,1.4588594E-2,0E0,4.124625E-2,0E0,0E0,1.4991127E-3,2.8138421E-4,0E0,0E0,0E0,0E0],"parents":[2147483647,0,0,1,1,2,2,4,4,7,7,8,8],"right_children":[2,4,6,-1,8,-1,-1,10,12,-1,-1,-1,-1],"split_conditions":[8.066137E-1,9.813983E-2,1E0,-4.5621123E-2,6.0283196E-1,1.680155E-2,6.624823E-2,4.0322953E-1,7.057891E-1,-1.0310627E-2,-3.4086227E-3,2.0184517E-3,8.091927E-3],"split_indices":[0,0,0,0,0,0,0,0,0,0,0,0,0],"split_type":[0,0,0,0,0,0,0,0,0,0,0,0,0],"sum_hessian":[9E0,7E0,2E0,1E0,6E0,1E0,1E0,4E0,2E0,2E0,2E0,1E0,1E0],"tree_param":{"num_deleted":"0","num_feature":"2","num_nodes":"13","size_leaf_vector":"1"}},{"base_weights":[5.1910363E-2,-1.3235526E-1,5.259819E-1,-4.334007E-2,-2.7434383E-2,1.5961457E-2,6.293583E-2,-7.682786E-2,6.4032875E-2,-9.62325E-3,-3.181394E-3,1.917553E-3,7.687378E-3],"categories":[],"categories_nodes":[],"categories_segments":[],"categories_sizes":[],"default_left":[0,0,0,0,0,0,0,0,0,0,0,0,0],"id":53,"left_children":[1,3,5,-1,7,-1,-1,9,11,-1,-1,-1,-1],"loss_changes":[9.431674E-1,2.407975E-1,1.3166428E-2,0E0,3.6544707E-2,0E0,0E0,1.3058577E-3,2.5393162E-4,0E0,0E0,0E0,0E0],"parents":[2147483647,0,0,1,1,2,2,4,4,7,7,8,8],"right_children":[2,4,6,-1,8,-1,-1,10,12,-1,-1,-1,-1],"split_conditions":[8.066137E-1,9.813983E-2,1E0,-4.334007E-2,6.0283196E-1,1.5961457E-2,6.293583E-2,4.0322953E-1,7.057891E-1,-9.62325E-3,-3.181394E-3,1.917553E-3,7.687378E-3],"split_indices":[0,0,0,0,0,0,0,0,0,0,0,0,0],"split_type":[0,0,0,0,0,0,0,0,0,0,0,0,0],"sum_hessian":[9E0,7E0,2E0,1E0,6E0,1E0,1E0,4E0,2E0,2E0,2E0,1E0,1E0],"tree_param":{"num_deleted":"0","num_feature":"2","num_nodes":"13","size_leaf_vector":"1"}},{"base_weights":[4.995539E-2,-1.2493703E-1,4.9968338E-1,-4.1173067E-2,-2.5147846E-2,1.5163422E-2,5.9789088E-2,-7.170601E-2,6.0831707E-2,-8.981705E-3,-2.9692969E-3,1.8217087E-3,7.3030475E-3],"categories":[],"categories_nodes":[],"categories_segments":[],"categories_sizes":[],"default_left":[0,0,0,0,0,0,0,0,0,0,0,0,0],"id":54,"left_children":[1,3,5,-1,7,-1,-1,9,11,-1,-1,-1,-1],"loss_changes":[8.489691E-1,2.1859705E-1,1.1882365E-2,0E0,3.238335E-2,0E0,0E0,1.137564E-3,2.2913516E-4,0E0,0E0,0E0,0E0],"parents":[2147483647,0,0,1,1,2,2,4,4,7,7,8,8],"right_children":[2,4,6,-1,8,-1,-1,10,12,-1,-1,-1,-1],"split_conditions":[8.066137E-1,9.813983E-2,1E0,-4.1173067E-2,6.0283196E-1,1.5163422E-2,5.9789088E-2,4.0322953E-1,7.057891E-1,-8.981705E-3,-2.9692969E-3,1.8217087E-3,7.3030475E-3],"split_indices":[0,0,0,0,0,0,0,0,0,0,0,0,0],"split_type":[0,0,0,0,0,0,0,0,0,0,0,0,0],"sum_hessian":[9E0,7E0,2E0,1E0,6E0,1E0,1E0,4E0,2E0,2E0,2E0,1E0,1E0],"tree_param":{"num_deleted":"0","num_feature":"2","num_nodes":"13","size_leaf_vector":"1"}},{"base_weights":[4.80552E-2,-1.1794313E-1,4.7469902E-1,-3.9114412E-2,-2.3036685E-2,1.4405251E-2,5.67996E-2,-6.692543E-2,5.779012E-2,-7.577181E-3,-1.5769958E-3,1.7306329E-3,6.937885E-3],"categories":[],"categories_nodes":[],"categories_segments":[],"categories_sizes":[],"default_left":[0,0,0,0,0,0,0,0,0,0,0,0,0],"id":55,"left_children":[1,3,5,-1,7,-1,-1,9,11,-1,-1,-1,-1],"loss_changes":[7.642091E-1,1.9841762E-1,1.072377E-2,0E0,2.8699338E-2,0E0,0E0,1.0677874E-3,2.0677503E-4,0E0,0E0,0E0,0E0],"parents":[2147483647,0,0,1,1,2,2,4,4,7,7,8,8],"right_children":[2,4,6,-1,8,-1,-1,10,12,-1,-1,-1,-1],"split_conditions":[8.066137E-1,9.813983E-2,1E0,-3.9114412E-2,6.0283196E-1,1.4405251E-2,5.67996E-2,5.065965E-1,7.057891E-1,-7.577181E-3,-1.5769958E-3,1.7306329E-3,6.937885E-3],"split_indices":[0,0,0,0,0,0,0,0,0,0,0,0,0],"split_type":[0,0,0,0,0,0,0,0,0,0,0,0,0],"sum_hessian":[9E0,7E0,2E0,1E0,6E0,1E0,1E0,4E0,2E0,3E0,1E0,1E0,1E0],"tree_param":{"num_deleted":"0","num_feature":"2","num_nodes":"13","size_leaf_vector":"1"}},{"base_weights":[4.6410274E-2,-1.1109865E-1,4.5096397E-1,-3.7158694E-2,-2.080219E-2,1.36849405E-2,5.3959657E-2,-6.2063742E-2,5.4901123E-2,-7.877788E-3,-2.46617E-3,1.6441345E-3,6.591034E-3],"categories":[],"categories_nodes":[],"categories_segments":[],"categories_sizes":[],"default_left":[0,0,0,0,0,0,0,0,0,0,0,0,0],"id":56,"left_children":[1,3,5,-1,7,-1,-1,9,11,-1,-1,-1,-1],"loss_changes":[6.873096E-1,1.8043952E-1,9.6789E-3,0E0,2.5272822E-2,0E0,0E0,1.1829175E-3,1.8658116E-4,0E0,0E0,0E0,0E0],"parents":[2147483647,0,0,1,1,2,2,4,4,7,7,8,8],"right_children":[2,4,6,-1,8,-1,-1,10,12,-1,-1,-1,-1],"split_conditions":[8.066137E-1,9.813983E-2,1E0,-3.7158694E-2,6.0283196E-1,1.36849405E-2,5.3959657E-2,4.0322953E-1,7.057891E-1,-7.877788E-3,-2.46617E-3,1.6441345E-3,6.591034E-3],"split_indices":[0,0,0,0,0,0,0,0,0,0,0,0,0],"split_type":[0,0,0,0,0,0,0,0,0,0,0,0,0],"sum_hessian":[9E0,7E0,2E0,1E0,6E0,1E0,1E0,4E0,2E0,2E0,2E0,1E0,1E0],"tree_param":{"num_deleted":"0","num_feature":"2","num_nodes":"13","size_leaf_vector":"1"}},{"base_weights":[4.4606943E-2,-1.048973E-1,4.2841592E-1,-3.5300758E-2,-1.9023316E-2,1.3000679E-2,5.1261712E-2,-5.792613E-2,5.215581E-2,-7.352599E-3,-2.3017565E-3,1.5619278E-3,6.261444E-3],"categories":[],"categories_nodes":[],"categories_segments":[],"categories_sizes":[],"default_left":[0,0,0,0,0,0,0,0,0,0,0,0,0],"id":57,"left_children":[1,3,5,-1,7,-1,-1,9,11,-1,-1,-1,-1],"loss_changes":[6.1875033E-1,1.6373438E-1,8.7355375E-3,0E0,2.2404663E-2,0E0,0E0,1.0304525E-3,1.6837381E-4,0E0,0E0,0E0,0E0],"parents":[2147483647,0,0,1,1,2,2,4,4,7,7,8,8],"right_children":[2,4,6,-1,8,-1,-1,10,12,-1,-1,-1,-1],"split_conditions":[8.066137E-1,9.813983E-2,1E0,-3.5300758E-2,6.0283196E-1,1.3000679E-2,5.1261712E-2,4.0322953E-1,7.057891E-1,-7.352599E-3,-2.3017565E-3,1.5619278E-3,6.261444E-3],"split_indices":[0,0,0,0,0,0,0,0,0,0,0,0,0],"split_type":[0,0,0,0,0,0,0,0,0,0,0,0,0],"sum_hessian":[9E0,7E0,2E0,1E0,6E0,1E0,1E0,4E0,2E0,2E0,2E0,1E0,1E0],"tree_param":{"num_deleted":"0","num_feature":"2","num_nodes":"13","size_leaf_vector":"1"}},{"base_weights":[4.2859357E-2,-9.904898E-2,4.0699515E-1,-3.3535723E-2,-1.7382486E-2,1.2350655E-2,4.8698615E-2,-5.4064177E-2,4.9547832E-2,-6.862418E-3,-2.1482788E-3,1.4838219E-3,5.948353E-3],"categories":[],"categories_nodes":[],"categories_segments":[],"categories_sizes":[],"default_left":[0,0,0,0,0,0,0,0,0,0,0,0,0],"id":58,"left_children":[1,3,5,-1,7,-1,-1,9,11,-1,-1,-1,-1],"loss_changes":[5.570515E-1,1.4855838E-1,7.883668E-3,0E0,1.9864583E-2,0E0,0E0,8.97686E-4,1.5196297E-4,0E0,0E0,0E0,0E0],"parents":[2147483647,0,0,1,1,2,2,4,4,7,7,8,8],"right_children":[2,4,6,-1,8,-1,-1,10,12,-1,-1,-1,-1],"split_conditions":[8.066137E-1,9.813983E-2,1E0,-3.3535723E-2,6.0283196E-1,1.2350655E-2,4.8698615E-2,4.0322953E-1,7.057891E-1,-6.862418E-3,-2.1482788E-3,1.4838219E-3,5.948353E-3],"split_indices":[0,0,0,0,0,0,0,0,0,0,0,0,0],"split_type":[0,0,0,0,0,0,0,0,0,0,0,0,0],"sum_hessian":[9E0,7E0,2E0,1E0,6E0,1E0,1E0,4E0,2E0,2E0,2E0,1E0,1E0],"tree_param":{"num_deleted":"0","num_feature":"2","num_nodes":"13","size_leaf_vector":"1"}},{"base_weights":[4.1167013E-2,-9.3533345E-2,3.8664564E-1,-3.1858936E-2,-1.586972E-2,1.1733151E-2,4.6263695E-2,-5.045972E-2,4.7070187E-2,-6.4049163E-3,-2.0050367E-3,1.409626E-3,5.6509017E-3],"categories":[],"categories_nodes":[],"categories_segments":[],"categories_sizes":[],"default_left":[0,0,0,0,0,0,0,0,0,0,0,0,0],"id":59,"left_children":[1,3,5,-1,7,-1,-1,9,11,-1,-1,-1,-1],"loss_changes":[5.015252E-1,1.347734E-1,7.1147084E-3,0E0,1.7614787E-2,0E0,0E0,7.8202225E-4,1.3714051E-4,0E0,0E0,0E0,0E0],"parents":[2147483647,0,0,1,1,2,2,4,4,7,7,8,8],"right_children":[2,4,6,-1,8,-1,-1,10,12,-1,-1,-1,-1],"split_conditions":[8.066137E-1,9.813983E-2,1E0,-3.1858936E-2,6.0283196E-1,1.1733151E-2,4.6263695E-2,4.0322953E-1,7.057891E-1,-6.4049163E-3,-2.0050367E-3,1.409626E-3,5.6509017E-3],"split_indices":[0,0,0,0,0,0,0,0,0,0,0,0,0],"split_type":[0,0,0,0,0,0,0,0,0,0,0,0,0],"sum_hessian":[9E0,7E0,2E0,1E0,6E0,1E0,1E0,4E0,2E0,2E0,2E0,1E0,1E0],"tree_param":{"num_deleted":"0","num_feature":"2","num_nodes":"13","size_leaf_vector":"1"}},{"base_weights":[3.952884E-2,-8.833123E-2,3.6731276E-1,-3.026599E-2,-1.447572E-2,1.114645E-2,4.3950465E-2,-4.7095917E-2,4.471652E-2,-5.9779244E-3,-1.8713952E-3,1.3391495E-3,5.368328E-3],"categories":[],"categories_nodes":[],"categories_segments":[],"categories_sizes":[],"default_left":[0,0,0,0,0,0,0,0,0,0,0,0,0],"id":60,"left_children":[1,3,5,-1,7,-1,-1,9,11,-1,-1,-1,-1],"loss_changes":[4.515499E-1,1.222536E-1,6.4213574E-3,0E0,1.5622003E-2,0E0,0E0,6.811833E-4,1.2375275E-4,0E0,0E0,0E0,0E0],"parents":[2147483647,0,0,1,1,2,2,4,4,7,7,8,8],"right_children":[2,4,6,-1,8,-1,-1,10,12,-1,-1,-1,-1],"split_conditions":[8.066137E-1,9.813983E-2,1E0,-3.026599E-2,6.0283196E-1,1.114645E-2,4.3950465E-2,4.0322953E-1,7.057891E-1,-5.9779244E-3,-1.8713952E-3,1.3391495E-3,5.368328E-3],"split_indices":[0,0,0,0,0,0,0,0,0,0,0,0,0],"split_type":[0,0,0,0,0,0,0,0,0,0,0,0,0],"sum_hessian":[9E0,7E0,2E0,1E0,6E0,1E0,1E0,4E0,2E0,2E0,2E0,1E0,1E0],"tree_param":{"num_deleted":"0","num_feature":"2","num_nodes":"13","size_leaf_vector":"1"}},{"base_weights":[3.7944876E-2,-8.3424225E-2,3.4894753E-1,-2.875269E-2,-1.3191427E-2,1.0589123E-2,4.1753005E-2,-4.395628E-2,4.248047E-2,-5.5793924E-3,-1.7466545E-3,1.2722015E-3,5.099869E-3],"categories":[],"categories_nodes":[],"categories_segments":[],"categories_sizes":[],"default_left":[0,0,0,0,0,0,0,0,0,0,0,0,0],"id":61,"left_children":[1,3,5,-1,7,-1,-1,9,11,-1,-1,-1,-1],"loss_changes":[4.0657184E-1,1.1088473E-1,5.795479E-3,0E0,1.3856447E-2,0E0,0E0,5.9335213E-4,1.1166092E-4,0E0,0E0,0E0,0E0],"parents":[2147483647,0,0,1,1,2,2,4,4,7,7,8,8],"right_children":[2,4,6,-1,8,-1,-1,10,12,-1,-1,-1,-1],"split_conditions":[8.066137E-1,9.813983E-2,1E0,-2.875269E-2,6.0283196E-1,1.0589123E-2,4.1753005E-2,4.0322953E-1,7.057891E-1,-5.5793924E-3,-1.7466545E-3,1.2722015E-3,5.099869E-3],"split_indices":[0,0,0,0,0,0,0,0,0,0,0,0,0],"split_type":[0,0,0,0,0,0,0,0,0,0,0,0,0],"sum_hessian":[9E0,7E0,2E0,1E0,6E0,1E0,1E0,4E0,2E0,2E0,2E0,1E0,1E0],"tree_param":{"num_deleted":"0","num_feature":"2","num_nodes":"13","size_leaf_vector":"1"}},{"base_weights":[3.641398E-2,-7.8795165E-2,3.3150038E-1,-2.7315056E-2,-1.2008599E-2,1.0059643E-2,3.9665412E-2,-4.102583E-2,4.035632E-2,-4.692662E-3,-8.711338E-4,1.2085915E-3,4.8448564E-3],"categories":[],"categories_nodes":[],"categories_segments":[],"categories_sizes":[],"default_left":[0,0,0,0,0,0,0,0,0,0,0,0,0],"id":62,"left_children":[1,3,5,-1,7,-1,-1,9,11,-1,-1,-1,-1],"loss_changes":[3.6608714E-1,1.0056249E-1,5.2307844E-3,0E0,1.2292045E-2,0E0,0E0,5.4461136E-4,1.00767706E-4,0E0,0E0,0E0,0E0],"parents":[2147483647,0,0,1,1,2,2,4,4,7,7,8,8],"right_children":[2,4,6,-1,8,-1,-1,10,12,-1,-1,-1,-1],"split_conditions":[8.066137E-1,9.813983E-2,1E0,-2.7315056E-2,6.0283196E-1,1.0059643E-2,3.9665412E-2,5.065965E-1,7.057891E-1,-4.692662E-3,-8.711338E-4,1.2085915E-3,4.8448564E-3],"split_indices":[0,0,0,0,0,0,0,0,0,0,0,0,0],"split_type":[0,0,0,0,0,0,0,0,0,0,0,0,0],"sum_hessian":[9E0,7E0,2E0,1E0,6E0,1E0,1E0,4E0,2E0,3E0,1E0,1E0,1E0],"tree_param":{"num_deleted":"0","num_feature":"2","num_nodes":"13","size_leaf_vector":"1"}},{"base_weights":[3.506252E-2,-7.4268915E-2,3.1492552E-1,-2.5949303E-2,-1.0737896E-2,9.556675E-3,3.7682153E-2,-3.803606E-2,3.8338345E-2,-4.8945905E-3,-1.444753E-3,1.1481285E-3,4.602623E-3],"categories":[],"categories_nodes":[],"categories_segments":[],"categories_sizes":[],"default_left":[0,0,0,0,0,0,0,0,0,0,0,0,0],"id":63,"left_children":[1,3,5,-1,7,-1,-1,9,11,-1,-1,-1,-1],"loss_changes":[3.293674E-1,9.13534E-2,4.720688E-3,0E0,1.0836079E-2,0E0,0E0,5.795881E-4,9.098137E-5,0E0,0E0,0E0,0E0],"parents":[2147483647,0,0,1,1,2,2,4,4,7,7,8,8],"right_children":[2,4,6,-1,8,-1,-1,10,12,-1,-1,-1,-1],"split_conditions":[8.066137E-1,9.813983E-2,1E0,-2.5949303E-2,6.0283196E-1,9.556675E-3,3.7682153E-2,4.0322953E-1,7.057891E-1,-4.8945905E-3,-1.444753E-3,1.1481285E-3,4.602623E-3],"split_indices":[0,0,0,0,0,0,0,0,0,0,0,0,0],"split_type":[0,0,0,0,0,0,0,0,0,0,0,0,0],"sum_hessian":[9E0,7E0,2E0,1E0,6E0,1E0,1E0,4E0,2E0,2E0,2E0,1E0,1E0],"tree_param":{"num_deleted":"0","num_feature":"2","num_nodes":"13","size_leaf_vector":"1"}},{"base_weights":[3.3626534E-2,-7.015923E-2,2.991797E-1,-2.4651838E-2,-9.748152E-3,9.0788845E-3,3.5798073E-2,-3.5500288E-2,3.642146E-2,-4.568283E-3,-1.3484319E-3,1.0907174E-3,4.3725013E-3],"categories":[],"categories_nodes":[],"categories_segments":[],"categories_sizes":[],"default_left":[0,0,0,0,0,0,0,0,0,0,0,0,0],"id":64,"left_children":[1,3,5,-1,7,-1,-1,9,11,-1,-1,-1,-1],"loss_changes":[2.965966E-1,8.282927E-2,4.260093E-3,0E0,9.615735E-3,0E0,0E0,5.0489046E-4,8.211844E-5,0E0,0E0,0E0,0E0],"parents":[2147483647,0,0,1,1,2,2,4,4,7,7,8,8],"right_children":[2,4,6,-1,8,-1,-1,10,12,-1,-1,-1,-1],"split_conditions":[8.066137E-1,9.813983E-2,1E0,-2.4651838E-2,6.0283196E-1,9.0788845E-3,3.5798073E-2,4.0322953E-1,7.057891E-1,-4.568283E-3,-1.3484319E-3,1.0907174E-3,4.3725013E-3],"split_indices":[0,0,0,0,0,0,0,0,0,0,0,0,0],"split_type":[0,0,0,0,0,0,0,0,0,0,0,0,0],"sum_hessian":[9E0,7E0,2E0,1E0,6E0,1E0,1E0,4E0,2E0,2E0,2E0,1E0,1E0],"tree_param":{"num_deleted":"0","num_feature":"2","num_nodes":"13","size_leaf_vector":"1"}},{"base_weights":[3.2241184E-2,-6.62814E-2,2.8422102E-1,-2.3419246E-2,-8.838041E-3,8.6249355E-3,3.4008216E-2,-3.3133604E-2,3.4600575E-2,-4.263735E-3,-1.2585323E-3,1.0361671E-3,4.1539194E-3],"categories":[],"categories_nodes":[],"categories_segments":[],"categories_sizes":[],"default_left":[0,0,0,0,0,0,0,0,0,0,0,0,0],"id":65,"left_children":[1,3,5,-1,7,-1,-1,9,11,-1,-1,-1,-1],"loss_changes":[2.6709563E-1,7.5093195E-2,3.8449168E-3,0E0,8.534001E-3,0E0,0E0,4.398236E-4,7.413793E-5,0E0,0E0,0E0,0E0],"parents":[2147483647,0,0,1,1,2,2,4,4,7,7,8,8],"right_children":[2,4,6,-1,8,-1,-1,10,12,-1,-1,-1,-1],"split_conditions":[8.066137E-1,9.813983E-2,1E0,-2.3419246E-2,6.0283196E-1,8.6249355E-3,3.4008216E-2,4.0322953E-1,7.057891E-1,-4.263735E-3,-1.2585323E-3,1.0361671E-3,4.1539194E-3],"split_indices":[0,0,0,0,0,0,0,0,0,0,0,0,0],"split_type":[0,0,0,0,0,0,0,0,0,0,0,0,0],"sum_hessian":[9E0,7E0,2E0,1E0,6E0,1E0,1E0,4E0,2E0,2E0,2E0,1E0,1E0],"tree_param":{"num_deleted":"0","num_feature":"2","num_nodes":"13","size_leaf_vector":"1"}},{"base_weights":[3.0905336E-2,-6.262208E-2,2.7001E-1,-2.2248283E-2,-8.001566E-3,8.193684E-3,3.2307815E-2,-3.0924559E-2,3.287061E-2,-4.58411E-3,-1.573515E-3,9.843827E-4,3.946209E-3],"categories":[],"categories_nodes":[],"categories_segments":[],"categories_sizes":[],"default_left":[0,0,0,0,0,0,0,0,0,0,0,0,0],"id":66,"left_children":[1,3,5,-1,7,-1,-1,9,11,-1,-1,-1,-1],"loss_changes":[2.40537E-1,6.80732E-2,3.470093E-3,0E0,7.5748977E-3,0E0,0E0,4.1155005E-4,6.688386E-5,0E0,0E0,0E0,0E0],"parents":[2147483647,0,0,1,1,2,2,4,4,7,7,8,8],"right_children":[2,4,6,-1,8,-1,-1,10,12,-1,-1,-1,-1],"split_conditions":[8.066137E-1,9.813983E-2,1E0,-2.2248283E-2,6.0283196E-1,8.193684E-3,3.2307815E-2,2.0280252E-1,7.057891E-1,-4.58411E-3,-1.573515E-3,9.843827E-4,3.946209E-3],"split_indices":[0,0,0,0,0,0,0,0,0,0,0,0,0],"split_type":[0,0,0,0,0,0,0,0,0,0,0,0,0],"sum_hessian":[9E0,7E0,2E0,1E0,6E0,1E0,1E0,4E0,2E0,1E0,3E0,1E0,1E0],"tree_param":{"num_deleted":"0","num_feature":"2","num_nodes":"13","size_leaf_vector":"1"}},{"base_weights":[2.9517526E-2,-5.929426E-2,2.5650978E-1,-2.113587E-2,-7.376671E-3,7.783985E-3,3.0692482E-2,-2.9063607E-2,3.1227112E-2,-4.3549063E-3,-1.4554978E-3,9.3517307E-4,3.7488937E-3],"categories":[],"categories_nodes":[],"categories_segments":[],"categories_sizes":[],"default_left":[0,0,0,0,0,0,0,0,0,0,0,0,0],"id":67,"left_children":[1,3,5,-1,7,-1,-1,9,11,-1,-1,-1,-1],"loss_changes":[2.1680544E-1,6.1599422E-2,3.1319708E-3,0E0,6.767957E-3,0E0,0E0,4.1696522E-4,6.0353195E-5,0E0,0E0,0E0,0E0],"parents":[2147483647,0,0,1,1,2,2,4,4,7,7,8,8],"right_children":[2,4,6,-1,8,-1,-1,10,12,-1,-1,-1,-1],"split_conditions":[8.066137E-1,9.813983E-2,1E0,-2.113587E-2,6.0283196E-1,7.783985E-3,3.0692482E-2,2.0280252E-1,7.057891E-1,-4.3549063E-3,-1.4554978E-3,9.3517307E-4,3.7488937E-3],"split_indices":[0,0,0,0,0,0,0,0,0,0,0,0,0],"split_type":[0,0,0,0,0,0,0,0,0,0,0,0,0],"sum_hessian":[9E0,7E0,2E0,1E0,6E0,1E0,1E0,4E0,2E0,1E0,3E0,1E0,1E0],"tree_param":{"num_deleted":"0","num_feature":"2","num_nodes":"13","size_leaf_vector":"1"}},{"base_weights":[2.818706E-2,-5.6147724E-2,2.4368413E-1,-2.0079076E-2,-6.8000383E-3,7.3947906E-3,2.915783E-2,-2.7319431E-2,2.9665628E-2,-4.1371584E-3,-1.3463497E-3,8.88443E-4,3.5614015E-3],"categories":[],"categories_nodes":[],"categories_segments":[],"categories_sizes":[],"default_left":[0,0,0,0,0,0,0,0,0,0,0,0,0],"id":68,"left_children":[1,3,5,-1,7,-1,-1,9,11,-1,-1,-1,-1],"loss_changes":[1.954213E-1,5.573701E-2,2.8265119E-3,0E0,6.0482216E-3,0E0,0E0,4.1652215E-4,5.4433476E-5,0E0,0E0,0E0,0E0],"parents":[2147483647,0,0,1,1,2,2,4,4,7,7,8,8],"right_children":[2,4,6,-1,8,-1,-1,10,12,-1,-1,-1,-1],"split_conditions":[8.066137E-1,9.813983E-2,1E0,-2.0079076E-2,6.0283196E-1,7.3947906E-3,2.915783E-2,2.0280252E-1,7.057891E-1,-4.1371584E-3,-1.3463497E-3,8.88443E-4,3.5614015E-3],"split_indices":[0,0,0,0,0,0,0,0,0,0,0,0,0],"split_type":[0,0,0,0,0,0,0,0,0,0,0,0,0],"sum_hessian":[9E0,7E0,2E0,1E0,6E0,1E0,1E0,4E0,2E0,1E0,3E0,1E0,1E0],"tree_param":{"num_deleted":"0","num_feature":"2","num_nodes":"13","size_leaf_vector":"1"}},{"base_weights":[2.6912207E-2,-5.3172E-2,2.3149936E-1,-1.9075124E-2,-6.2676496E-3,7.0250514E-3,2.7699852E-2,-2.5684118E-2,2.8182348E-2,-3.9302944E-3,-1.2453676E-3,8.4400177E-4,3.3833503E-3],"categories":[],"categories_nodes":[],"categories_segments":[],"categories_sizes":[],"default_left":[0,0,0,0,0,0,0,0,0,0,0,0,0],"id":69,"left_children":[1,3,5,-1,7,-1,-1,9,11,-1,-1,-1,-1],"loss_changes":[1.7615129E-1,5.042895E-2,2.5507659E-3,0E0,5.40612E-3,0E0,0E0,4.1144947E-4,4.914566E-5,0E0,0E0,0E0,0E0],"parents":[2147483647,0,0,1,1,2,2,4,4,7,7,8,8],"right_children":[2,4,6,-1,8,-1,-1,10,12,-1,-1,-1,-1],"split_conditions":[8.066137E-1,9.813983E-2,1E0,-1.9075124E-2,6.0283196E-1,7.0250514E-3,2.7699852E-2,2.0280252E-1,7.057891E-1,-3.9302944E-3,-1.2453676E-3,8.4400177E-4,3.3833503E-3],"split_indices":[0,0,0,0,0,0,0,0,0,0,0,0,0],"split_type":[0,0,0,0,0,0,0,0,0,0,0,0,0],"sum_hessian":[9E0,7E0,2E0,1E0,6E0,1E0,1E0,4E0,2E0,1E0,3E0,1E0,1E0],"tree_param":{"num_deleted":"0","num_feature":"2","num_nodes":"13","size_leaf_vector":"1"}},{"base_weights":[2.5691405E-2,-5.035759E-2,2.1992493E-1,-1.8121367E-2,-5.776201E-3,6.673813E-3,2.6314927E-2,-2.4150753E-2,2.6773453E-2,-3.7337781E-3,-1.1519551E-2,8.0184935E-4,3.2141686E-3,-1.3066451E-3,-3.4394264E-4],"categories":[],"categories_nodes":[],"categories_segments":[],"categories_sizes":[],"default_left":[0,0,0,0,0,0,0,0,0,0,0,0,0,0,0],"id":70,"left_children":[1,3,5,-1,7,-1,-1,9,11,-1,13,-1,-1,-1,-1],"loss_changes":[1.5878753E-1,4.5623243E-2,2.3021102E-3,0E0,4.8331963E-3,0E0,0E0,4.0272553E-4,4.431489E-5,0E0,5.0554518E-6,0E0,0E0,0E0,0E0],"parents":[2147483647,0,0,1,1,2,2,4,4,7,7,8,8,10,10],"right_children":[2,4,6,-1,8,-1,-1,10,12,-1,14,-1,-1,-1,-1],"split_conditions":[8.066137E-1,9.813983E-2,1E0,-1.8121367E-2,6.0283196E-1,6.673813E-3,2.6314927E-2,2.0280252E-1,7.057891E-1,-3.7337781E-3,5.065965E-1,8.0184935E-4,3.2141686E-3,-1.3066451E-3,-3.4394264E-4],"split_indices":[0,0,0,0,0,0,0,0,0,0,0,0,0,0,0],"split_type":[0,0,0,0,0,0,0,0,0,0,0,0,0,0,0],"sum_hessian":[9E0,7E0,2E0,1E0,6E0,1E0,1E0,4E0,2E0,1E0,3E0,1E0,1E0,2E0,1E0],"tree_param":{"num_deleted":"0","num_feature":"2","num_nodes":"15","size_leaf_vector":"1"}},{"base_weights":[2.4472406E-2,-4.775789E-2,2.0892906E-1,-1.7215298E-2,-5.39388E-3,6.3401223E-3,2.4999237E-2,-2.281251E-2,2.543513E-2,-3.5470843E-3,-1.0780215E-2,7.6179503E-4,3.0534745E-3,-1.2195428E-3,-3.2672883E-4],"categories":[],"categories_nodes":[],"categories_segments":[],"categories_sizes":[],"default_left":[0,0,0,0,0,0,0,0,0,0,0,0,0,0,0],"id":71,"left_children":[1,3,5,-1,7,-1,-1,9,11,-1,13,-1,-1,-1,-1],"loss_changes":[1.432116E-1,4.123043E-2,2.0777434E-3,0E0,4.339233E-3,0E0,0E0,3.7916075E-4,3.9970153E-5,0E0,2.6835478E-6,0E0,0E0,0E0,0E0],"parents":[2147483647,0,0,1,1,2,2,4,4,7,7,8,8,10,10],"right_children":[2,4,6,-1,8,-1,-1,10,12,-1,14,-1,-1,-1,-1],"split_conditions":[8.066137E-1,9.813983E-2,1E0,-1.7215298E-2,6.0283196E-1,6.3401223E-3,2.4999237E-2,2.0280252E-1,7.057891E-1,-3.5470843E-3,5.065965E-1,7.6179503E-4,3.0534745E-3,-1.2195428E-3,-3.2672883E-4],"split_indices":[0,0,0,0,0,0,0,0,0,0,0,0,0,0,0],"split_type":[0,0,0,0,0,0,0,0,0,0,0,0,0,0,0],"sum_hessian":[9E0,7E0,2E0,1E0,6E0,1E0,1E0,4E0,2E0,1E0,3E0,1E0,1E0,2E0,1E0],"tree_param":{"num_deleted":"0","num_feature":"2","num_nodes":"15","size_leaf_vector":"1"}},{"base_weights":[2.3310075E-2,-4.529359E-2,1.9848315E-1,-1.6354533E-2,-5.036865E-3,6.023121E-3,2.3749352E-2,-2.154975E-2,2.4163565E-2,-3.3697248E-3,-1.0088563E-3,7.2374346E-4,2.9007911E-3],"categories":[],"categories_nodes":[],"categories_segments":[],"categories_sizes":[],"default_left":[0,0,0,0,0,0,0,0,0,0,0,0,0],"id":72,"left_children":[1,3,5,-1,7,-1,-1,9,11,-1,-1,-1,-1],"loss_changes":[1.2916517E-1,3.725966E-2,1.875259E-3,0E0,3.8960017E-3,0E0,0E0,3.5616686E-4,3.6045327E-5,0E0,0E0,0E0,0E0],"parents":[2147483647,0,0,1,1,2,2,4,4,7,7,8,8],"right_children":[2,4,6,-1,8,-1,-1,10,12,-1,-1,-1,-1],"split_conditions":[8.066137E-1,9.813983E-2,1E0,-1.6354533E-2,6.0283196E-1,6.023121E-3,2.3749352E-2,2.0280252E-1,7.057891E-1,-3.3697248E-3,-1.0088563E-3,7.2374346E-4,2.9007911E-3],"split_indices":[0,0,0,0,0,0,0,0,0,0,0,0,0],"split_type":[0,0,0,0,0,0,0,0,0,0,0,0,0],"sum_hessian":[9E0,7E0,2E0,1E0,6E0,1E0,1E0,4E0,2E0,1E0,3E0,1E0,1E0],"tree_param":{"num_deleted":"0","num_feature":"2","num_nodes":"13","size_leaf_vector":"1"}},{"base_weights":[2.2245437E-2,-4.290267E-2,1.8855858E-1,-1.5536807E-2,-4.6407497E-3,5.7219504E-3,2.2561837E-2,-2.0270396E-2,2.2955576E-2,-3.2012344E-3,-9.331822E-3,6.875992E-4,2.7557374E-3,-1.0709603E-3,-2.5992395E-4],"categories":[],"categories_nodes":[],"categories_segments":[],"categories_sizes":[],"default_left":[0,0,0,0,0,0,0,0,0,0,0,0,0,0,0],"id":73,"left_children":[1,3,5,-1,7,-1,-1,9,11,-1,13,-1,-1,-1,-1],"loss_changes":[1.1643953E-1,3.370411E-2,1.6924217E-3,0E0,3.4845644E-3,0E0,0E0,3.434671E-4,3.2500713E-5,0E0,9.267271E-6,0E0,0E0,0E0,0E0],"parents":[2147483647,0,0,1,1,2,2,4,4,7,7,8,8,10,10],"right_children":[2,4,6,-1,8,-1,-1,10,12,-1,14,-1,-1,-1,-1],"split_conditions":[8.066137E-1,9.813983E-2,1E0,-1.5536807E-2,6.0283196E-1,5.7219504E-3,2.2561837E-2,2.0280252E-1,7.057891E-1,-3.2012344E-3,5.065965E-1,6.875992E-4,2.7557374E-3,-1.0709603E-3,-2.5992395E-4],"split_indices":[0,0,0,0,0,0,0,0,0,0,0,0,0,0,0],"split_type":[0,0,0,0,0,0,0,0,0,0,0,0,0,0,0],"sum_hessian":[9E0,7E0,2E0,1E0,6E0,1E0,1E0,4E0,2E0,1E0,3E0,1E0,1E0,2E0,1E0],"tree_param":{"num_deleted":"0","num_feature":"2","num_nodes":"15","size_leaf_vector":"1"}},{"base_weights":[2.1186981E-2,-4.069047E-2,1.791312E-1,-1.4759965E-2,-4.3320656E-3,5.435848E-3,2.143383E-2,-1.9149685E-2,2.180799E-2,-3.0411722E-3,-8.731246E-3,6.532669E-4,2.6179315E-3,-9.99562E-4,-2.4690627E-4],"categories":[],"categories_nodes":[],"categories_segments":[],"categories_sizes":[],"default_left":[0,0,0,0,0,0,0,0,0,0,0,0,0,0,0],"id":74,"left_children":[1,3,5,-1,7,-1,-1,9,11,-1,13,-1,-1,-1,-1],"loss_changes":[1.05020784E-1,3.045697E-2,1.5275627E-3,0E0,3.1289498E-3,0E0,0E0,3.21132E-4,2.9299292E-5,0E0,6.9911766E-6,0E0,0E0,0E0,0E0],"parents":[2147483647,0,0,1,1,2,2,4,4,7,7,8,8,10,10],"right_children":[2,4,6,-1,8,-1,-1,10,12,-1,14,-1,-1,-1,-1],"split_conditions":[8.066137E-1,9.813983E-2,1E0,-1.4759965E-2,6.0283196E-1,5.435848E-3,2.143383E-2,2.0280252E-1,7.057891E-1,-3.0411722E-3,5.065965E-1,6.532669E-4,2.6179315E-3,-9.99562E-4,-2.4690627E-4],"split_indices":[0,0,0,0,0,0,0,0,0,0,0,0,0,0,0],"split_type":[0,0,0,0,0,0,0,0,0,0,0,0,0,0,0],"sum_hessian":[9E0,7E0,2E0,1E0,6E0,1E0,1E0,4E0,2E0,1E0,3E0,1E0,1E0,2E0,1E0],"tree_param":{"num_deleted":"0","num_feature":"2","num_nodes":"15","size_leaf_vector":"1"}},{"base_weights":[2.017751E-2,-3.8593467E-2,1.7017429E-1,-1.4021968E-2,-4.044056E-3,5.164051E-3,2.0362092E-2,-1.809225E-2,2.071762E-2,-2.8891086E-3,-8.16977E-3,6.2065123E-4,2.486992E-3,-9.329319E-4,-2.345562E-4],"categories":[],"categories_nodes":[],"categories_segments":[],"categories_sizes":[],"default_left":[0,0,0,0,0,0,0,0,0,0,0,0,0,0,0],"id":75,"left_children":[1,3,5,-1,7,-1,-1,9,11,-1,13,-1,-1,-1,-1],"loss_changes":[9.472218E-2,2.752195E-2,1.3785809E-3,0E0,2.8098265E-3,0E0,0E0,2.9972277E-4,2.6407768E-5,0E0,5.1313255E-6,0E0,0E0,0E0,0E0],"parents":[2147483647,0,0,1,1,2,2,4,4,7,7,8,8,10,10],"right_children":[2,4,6,-1,8,-1,-1,10,12,-1,14,-1,-1,-1,-1],"split_conditions":[8.066137E-1,9.813983E-2,1E0,-1.4021968E-2,6.0283196E-1,5.164051E-3,2.0362092E-2,2.0280252E-1,7.057891E-1,-2.8891086E-3,5.065965E-1,6.2065123E-4,2.486992E-3,-9.329319E-4,-2.345562E-4],"split_indices":[0,0,0,0,0,0,0,0,0,0,0,0,0,0,0],"split_type":[0,0,0,0,0,0,0,0,0,0,0,0,0,0,0],"sum_hessian":[9E0,7E0,2E0,1E0,6E0,1E0,1E0,4E0,2E0,1E0,3E0,1E0,1E0,2E0,1E0],"tree_param":{"num_deleted":"0","num_feature":"2","num_nodes":"15","size_leaf_vector":"1"}},{"base_weights":[1.921531E-2,-3.6605462E-2,1.616656E-1,-1.332087E-2,-3.775188E-3,4.9058916E-3,1.9343948E-2,-1.7094422E-2,1.968193E-2,-2.744651E-3,-7.6447725E-3,5.896568E-4,2.362633E-3,-8.707523E-4,-2.2282601E-4],"categories":[],"categories_nodes":[],"categories_segments":[],"categories_sizes":[],"default_left":[0,0,0,0,0,0,0,0,0,0,0,0,0,0,0],"id":76,"left_children":[1,3,5,-1,7,-1,-1,9,11,-1,13,-1,-1,-1,-1],"loss_changes":[8.543469E-2,2.4869196E-2,1.2439266E-3,0E0,2.5234672E-3,0E0,0E0,2.792956E-4,2.3810659E-5,0E0,3.6229903E-6,0E0,0E0,0E0,0E0],"parents":[2147483647,0,0,1,1,2,2,4,4,7,7,8,8,10,10],"right_children":[2,4,6,-1,8,-1,-1,10,12,-1,14,-1,-1,-1,-1],"split_conditions":[8.066137E-1,9.813983E-2,1E0,-1.332087E-2,6.0283196E-1,4.9058916E-3,1.9343948E-2,2.0280252E-1,7.057891E-1,-2.744651E-3,5.065965E-1,5.896568E-4,2.362633E-3,-8.707523E-4,-2.2282601E-4],"split_indices":[0,0,0,0,0,0,0,0,0,0,0,0,0,0,0],"split_type":[0,0,0,0,0,0,0,0,0,0,0,0,0,0,0],"sum_hessian":[9E0,7E0,2E0,1E0,6E0,1E0,1E0,4E0,2E0,1E0,3E0,1E0,1E0,2E0,1E0],"tree_param":{"num_deleted":"0","num_feature":"2","num_nodes":"15","size_leaf_vector":"1"}},{"base_weights":[1.829806E-2,-3.472077E-2,1.5358226E-1,-1.2654826E-2,-3.5242352E-3,4.6606064E-3,1.8376732E-2,-1.6152572E-2,1.8697739E-2,-2.607417E-3,-7.1536303E-3,5.601883E-4,2.2444725E-3,-8.127053E-4,-2.1166801E-4],"categories":[],"categories_nodes":[],"categories_segments":[],"categories_sizes":[],"default_left":[0,0,0,0,0,0,0,0,0,0,0,0,0,0,0],"id":77,"left_children":[1,3,5,-1,7,-1,-1,9,11,-1,13,-1,-1,-1,-1],"loss_changes":[7.705859E-2,2.247161E-2,1.122579E-3,0E0,2.2664024E-3,0E0,0E0,2.5989453E-4,2.1477346E-5,0E0,2.4099863E-6,0E0,0E0,0E0,0E0],"parents":[2147483647,0,0,1,1,2,2,4,4,7,7,8,8,10,10],"right_children":[2,4,6,-1,8,-1,-1,10,12,-1,14,-1,-1,-1,-1],"split_conditions":[8.066137E-1,9.813983E-2,1E0,-1.2654826E-2,6.0283196E-1,4.6606064E-3,1.8376732E-2,2.0280252E-1,7.057891E-1,-2.607417E-3,5.065965E-1,5.601883E-4,2.2444725E-3,-8.127053E-4,-2.1166801E-4],"split_indices":[0,0,0,0,0,0,0,0,0,0,0,0,0,0,0],"split_type":[0,0,0,0,0,0,0,0,0,0,0,0,0,0,0],"sum_hessian":[9E0,7E0,2E0,1E0,6E0,1E0,1E0,4E0,2E0,1E0,3E0,1E0,1E0,2E0,1E0],"tree_param":{"num_deleted":"0","num_feature":"2","num_nodes":"15","size_leaf_vector":"1"}},{"base_weights":[1.742388E-2,-3.2934114E-2,1.459039E-1,-1.2022085E-2,-3.2901764E-3,4.427624E-3,1.7457962E-2,-1.5263748E-2,1.7762503E-2,-2.4770498E-3,-6.694436E-3,5.3215027E-4,2.132225E-3,-7.585367E-4,-2.0108224E-4],"categories":[],"categories_nodes":[],"categories_segments":[],"categories_sizes":[],"default_left":[0,0,0,0,0,0,0,0,0,0,0,0,0,0,0],"id":78,"left_children":[1,3,5,-1,7,-1,-1,9,11,-1,13,-1,-1,-1,-1],"loss_changes":[6.9505185E-2,2.0304633E-2,1.0130033E-3,0E0,2.0356525E-3,0E0,0E0,2.4150708E-4,1.9394094E-5,0E0,1.4382822E-6,0E0,0E0,0E0,0E0],"parents":[2147483647,0,0,1,1,2,2,4,4,7,7,8,8,10,10],"right_children":[2,4,6,-1,8,-1,-1,10,12,-1,14,-1,-1,-1,-1],"split_conditions":[8.066137E-1,9.813983E-2,1E0,-1.2022085E-2,6.0283196E-1,4.427624E-3,1.7457962E-2,2.0280252E-1,7.057891E-1,-2.4770498E-3,5.065965E-1,5.3215027E-4,2.132225E-3,-7.585367E-4,-2.0108224E-4],"split_indices":[0,0,0,0,0,0,0,0,0,0,0,0,0,0,0],"split_type":[0,0,0,0,0,0,0,0,0,0,0,0,0,0,0],"sum_hessian":[9E0,7E0,2E0,1E0,6E0,1E0,1E0,4E0,2E0,1E0,3E0,1E0,1E0,2E0,1E0],"tree_param":{"num_deleted":"0","num_feature":"2","num_nodes":"15","size_leaf_vector":"1"}},{"base_weights":[1.6590826E-2,-3.1240055E-2,1.3860957E-1,-1.1420981E-2,-3.0715466E-3,4.206276E-3,1.658516E-2,-1.4424753E-2,1.6874313E-2,-2.3532033E-3,-6.264925E-4,5.055428E-4,2.0256042E-3],"categories":[],"categories_nodes":[],"categories_segments":[],"categories_sizes":[],"default_left":[0,0,0,0,0,0,0,0,0,0,0,0,0],"id":79,"left_children":[1,3,5,-1,7,-1,-1,9,11,-1,-1,-1,-1],"loss_changes":[6.2692806E-2,1.8346272E-2,9.1421604E-4,0E0,1.8285541E-3,0E0,0E0,2.241428E-4,1.7501821E-5,0E0,0E0,0E0,0E0],"parents":[2147483647,0,0,1,1,2,2,4,4,7,7,8,8],"right_children":[2,4,6,-1,8,-1,-1,10,12,-1,-1,-1,-1],"split_conditions":[8.066137E-1,9.813983E-2,1E0,-1.1420981E-2,6.0283196E-1,4.206276E-3,1.658516E-2,2.0280252E-1,7.057891E-1,-2.3532033E-3,-6.264925E-4,5.055428E-4,2.0256042E-3],"split_indices":[0,0,0,0,0,0,0,0,0,0,0,0,0],"split_type":[0,0,0,0,0,0,0,0,0,0,0,0,0],"sum_hessian":[9E0,7E0,2E0,1E0,6E0,1E0,1E0,4E0,2E0,1E0,3E0,1E0,1E0],"tree_param":{"num_deleted":"0","num_feature":"2","num_nodes":"13","size_leaf_vector":"1"}},{"base_weights":[1.5823906E-2,-2.9599704E-2,1.316789E-1,-1.0849932E-2,-2.8284278E-3,3.995991E-3,1.5755845E-2,-1.35781765E-2,1.603063E-2,-2.2355437E-3,-5.795002E-3,4.802704E-4,1.9243241E-3,-6.662051E-4,-1.5969276E-4],"categories":[],"categories_nodes":[],"categories_segments":[],"categories_sizes":[],"default_left":[0,0,0,0,0,0,0,0,0,0,0,0,0,0,0],"id":80,"left_children":[1,3,5,-1,7,-1,-1,9,11,-1,13,-1,-1,-1,-1],"loss_changes":[5.6523178E-2,1.6591065E-2,8.249134E-4,0E0,1.6367775E-3,0E0,0E0,2.120249E-4,1.5793252E-5,0E0,3.9209262E-6,0E0,0E0,0E0,0E0],"parents":[2147483647,0,0,1,1,2,2,4,4,7,7,8,8,10,10],"right_children":[2,4,6,-1,8,-1,-1,10,12,-1,14,-1,-1,-1,-1],"split_conditions":[8.066137E-1,9.813983E-2,1E0,-1.0849932E-2,6.0283196E-1,3.995991E-3,1.5755845E-2,2.0280252E-1,7.057891E-1,-2.2355437E-3,5.065965E-1,4.802704E-4,1.9243241E-3,-6.662051E-4,-1.5969276E-4],"split_indices":[0,0,0,0,0,0,0,0,0,0,0,0,0,0,0],"split_type":[0,0,0,0,0,0,0,0,0,0,0,0,0,0,0],"sum_hessian":[9E0,7E0,2E0,1E0,6E0,1E0,1E0,4E0,2E0,1E0,3E0,1E0,1E0,2E0,1E0],"tree_param":{"num_deleted":"0","num_feature":"2","num_nodes":"15","size_leaf_vector":"1"}},{"base_weights":[1.5066092E-2,-2.8078148E-2,1.2509537E-1,-1.0307435E-2,-2.639498E-3,3.796196E-3,1.4968109E-2,-1.2832642E-2,1.5228908E-2,-2.1237612E-3,-5.421996E-3,4.562378E-4,1.8280983E-3,-6.2177976E-4,-1.5172959E-4],"categories":[],"categories_nodes":[],"categories_segments":[],"categories_sizes":[],"default_left":[0,0,0,0,0,0,0,0,0,0,0,0,0,0,0],"id":81,"left_children":[1,3,5,-1,7,-1,-1,9,11,-1,13,-1,-1,-1,-1],"loss_changes":[5.098374E-2,1.499035E-2,7.4452534E-4,0E0,1.4703737E-3,0E0,0E0,1.9628106E-4,1.4260353E-5,0E0,2.995228E-6,0E0,0E0,0E0,0E0],"parents":[2147483647,0,0,1,1,2,2,4,4,7,7,8,8,10,10],"right_children":[2,4,6,-1,8,-1,-1,10,12,-1,14,-1,-1,-1,-1],"split_conditions":[8.066137E-1,9.813983E-2,1E0,-1.0307435E-2,6.0283196E-1,3.796196E-3,1.4968109E-2,2.0280252E-1,7.057891E-1,-2.1237612E-3,5.065965E-1,4.562378E-4,1.8280983E-3,-6.2177976E-4,-1.5172959E-4],"split_indices":[0,0,0,0,0,0,0,0,0,0,0,0,0,0,0],"split_type":[0,0,0,0,0,0,0,0,0,0,0,0,0,0,0],"sum_hessian":[9E0,7E0,2E0,1E0,6E0,1E0,1E0,4E0,2E0,1E0,3E0,1E0,1E0,2E0,1E0],"tree_param":{"num_deleted":"0","num_feature":"2","num_nodes":"15","size_leaf_vector":"1"}},{"base_weights":[1.4343982E-2,-2.6635224E-2,1.1884054E-1,-9.792063E-3,-2.4629321E-3,3.606415E-3,1.4219666E-2,-1.212883E-2,1.44678755E-2,-2.0175695E-3,-5.0731897E-3,4.3344498E-4,1.7367363E-3,-5.803267E-4,-1.4414788E-4],"categories":[],"categories_nodes":[],"categories_segments":[],"categories_sizes":[],"default_left":[0,0,0,0,0,0,0,0,0,0,0,0,0,0,0],"id":82,"left_children":[1,3,5,-1,7,-1,-1,9,11,-1,13,-1,-1,-1,-1],"loss_changes":[4.59872E-2,1.35438815E-2,6.7180395E-4,0E0,1.3210386E-3,0E0,0E0,1.8152379E-4,1.2867269E-5,0E0,2.240442E-6,0E0,0E0,0E0,0E0],"parents":[2147483647,0,0,1,1,2,2,4,4,7,7,8,8,10,10],"right_children":[2,4,6,-1,8,-1,-1,10,12,-1,14,-1,-1,-1,-1],"split_conditions":[8.066137E-1,9.813983E-2,1E0,-9.792063E-3,6.0283196E-1,3.606415E-3,1.4219666E-2,2.0280252E-1,7.057891E-1,-2.0175695E-3,5.065965E-1,4.3344498E-4,1.7367363E-3,-5.803267E-4,-1.4414788E-4],"split_indices":[0,0,0,0,0,0,0,0,0,0,0,0,0,0,0],"split_type":[0,0,0,0,0,0,0,0,0,0,0,0,0,0,0],"sum_hessian":[9E0,7E0,2E0,1E0,6E0,1E0,1E0,4E0,2E0,1E0,3E0,1E0,1E0,2E0,1E0],"tree_param":{"num_deleted":"0","num_feature":"2","num_nodes":"15","size_leaf_vector":"1"}},{"base_weights":[1.3655593E-2,-2.5267212E-2,1.1289787E-1,-9.302461E-3,-2.298355E-3,3.426075E-3,1.3508606E-2,-1.146431E-2,1.3744354E-2,-1.9166947E-3,-4.746914E-3,4.117966E-4,1.6498566E-3,-5.4162345E-4,-1.3694764E-4],"categories":[],"categories_nodes":[],"categories_segments":[],"categories_sizes":[],"default_left":[0,0,0,0,0,0,0,0,0,0,0,0,0,0,0],"id":83,"left_children":[1,3,5,-1,7,-1,-1,9,11,-1,13,-1,-1,-1,-1],"loss_changes":[4.1480493E-2,1.2236676E-2,6.062947E-4,0E0,1.1868968E-3,0E0,0E0,1.6772444E-4,1.159875E-5,0E0,1.6249469E-6,0E0,0E0,0E0,0E0],"parents":[2147483647,0,0,1,1,2,2,4,4,7,7,8,8,10,10],"right_children":[2,4,6,-1,8,-1,-1,10,12,-1,14,-1,-1,-1,-1],"split_conditions":[8.066137E-1,9.813983E-2,1E0,-9.302461E-3,6.0283196E-1,3.426075E-3,1.3508606E-2,2.0280252E-1,7.057891E-1,-1.9166947E-3,5.065965E-1,4.117966E-4,1.6498566E-3,-5.4162345E-4,-1.3694764E-4],"split_indices":[0,0,0,0,0,0,0,0,0,0,0,0,0,0,0],"split_type":[0,0,0,0,0,0,0,0,0,0,0,0,0,0,0],"sum_hessian":[9E0,7E0,2E0,1E0,6E0,1E0,1E0,4E0,2E0,1E0,3E0,1E0,1E0,2E0,1E0],"tree_param":{"num_deleted":"0","num_feature":"2","num_nodes":"15","size_leaf_vector":"1"}},{"base_weights":[1.3000046E-2,-2.3969965E-2,1.07253395E-1,-8.837338E-3,-2.1447113E-3,3.2547952E-3,1.2833214E-2,-1.083684E-2,1.3057073E-2,-1.8208623E-3,-4.441738E-3,3.9119722E-4,1.5673637E-3,-5.0551095E-4,-1.3008119E-4],"categories":[],"categories_nodes":[],"categories_segments":[],"categories_sizes":[],"default_left":[0,0,0,0,0,0,0,0,0,0,0,0,0,0,0],"id":84,"left_children":[1,3,5,-1,7,-1,-1,9,11,-1,13,-1,-1,-1,-1],"loss_changes":[3.7416335E-2,1.105543E-2,5.4714084E-4,0E0,1.0664485E-3,0E0,0E0,1.5483855E-4,1.0471384E-5,0E0,1.1304728E-6,0E0,0E0,0E0,0E0],"parents":[2147483647,0,0,1,1,2,2,4,4,7,7,8,8,10,10],"right_children":[2,4,6,-1,8,-1,-1,10,12,-1,14,-1,-1,-1,-1],"split_conditions":[8.066137E-1,9.813983E-2,1E0,-8.837338E-3,6.0283196E-1,3.2547952E-3,1.2833214E-2,2.0280252E-1,7.057891E-1,-1.8208623E-3,5.065965E-1,3.9119722E-4,1.5673637E-3,-5.0551095E-4,-1.3008119E-4],"split_indices":[0,0,0,0,0,0,0,0,0,0,0,0,0,0,0],"split_type":[0,0,0,0,0,0,0,0,0,0,0,0,0,0,0],"sum_hessian":[9E0,7E0,2E0,1E0,6E0,1E0,1E0,4E0,2E0,1E0,3E0,1E0,1E0,2E0,1E0],"tree_param":{"num_deleted":"0","num_feature":"2","num_nodes":"15","size_leaf_vector":"1"}},{"base_weights":[1.2375377E-2,-2.2739979E-2,1.018912E-1,-8.39547E-3,-2.00149E-3,3.0920983E-3,1.2191582E-2,-1.024456E-2,1.2404124E-2,-1.7298221E-3,-4.1565896E-4,3.716469E-4,1.4889718E-3],"categories":[],"categories_nodes":[],"categories_segments":[],"categories_sizes":[],"default_left":[0,0,0,0,0,0,0,0,0,0,0,0,0],"id":85,"left_children":[1,3,5,-1,7,-1,-1,9,11,-1,-1,-1,-1],"loss_changes":[3.3750806E-2,9.987973E-3,4.9369596E-4,0E0,9.5830014E-4,0E0,0E0,1.4281087E-4,9.444775E-6,0E0,0E0,0E0,0E0],"parents":[2147483647,0,0,1,1,2,2,4,4,7,7,8,8],"right_children":[2,4,6,-1,8,-1,-1,10,12,-1,-1,-1,-1],"split_conditions":[8.066137E-1,9.813983E-2,1E0,-8.39547E-3,6.0283196E-1,3.0920983E-3,1.2191582E-2,2.0280252E-1,7.057891E-1,-1.7298221E-3,-4.1565896E-4,3.716469E-4,1.4889718E-3],"split_indices":[0,0,0,0,0,0,0,0,0,0,0,0,0],"split_type":[0,0,0,0,0,0,0,0,0,0,0,0,0],"sum_hessian":[9E0,7E0,2E0,1E0,6E0,1E0,1E0,4E0,2E0,1E0,3E0,1E0,1E0],"tree_param":{"num_deleted":"0","num_feature":"2","num_nodes":"13","size_leaf_vector":"1"}},{"base_weights":[1.1798121E-2,-2.15511E-2,9.679667E-2,-7.975697E-3,-1.8421242E-3,2.9375076E-3,1.1581994E-2,-9.649133E-3,1.17836E-2,-1.4003515E-3,-2.0783742E-4,3.5305024E-4,1.4144898E-3],"categories":[],"categories_nodes":[],"categories_segments":[],"categories_sizes":[],"default_left":[0,0,0,0,0,0,0,0,0,0,0,0,0],"id":86,"left_children":[1,3,5,-1,7,-1,-1,9,11,-1,-1,-1,-1],"loss_changes":[3.0432431E-2,9.030502E-3,4.4551492E-4,0E0,8.583346E-4,0E0,0E0,1.357254E-4,8.525472E-6,0E0,0E0,0E0,0E0],"parents":[2147483647,0,0,1,1,2,2,4,4,7,7,8,8],"right_children":[2,4,6,-1,8,-1,-1,10,12,-1,-1,-1,-1],"split_conditions":[8.066137E-1,9.813983E-2,1E0,-7.975697E-3,6.0283196E-1,2.9375076E-3,1.1581994E-2,4.0322953E-1,7.057891E-1,-1.4003515E-3,-2.0783742E-4,3.5305024E-4,1.4144898E-3],"split_indices":[0,0,0,0,0,0,0,0,0,0,0,0,0],"split_type":[0,0,0,0,0,0,0,0,0,0,0,0,0],"sum_hessian":[9E0,7E0,2E0,1E0,6E0,1E0,1E0,4E0,2E0,2E0,2E0,1E0,1E0],"tree_param":{"num_deleted":"0","num_feature":"2","num_nodes":"13","size_leaf_vector":"1"}},{"base_weights":[1.128868E-2,-2.037306E-2,9.195709E-2,-7.576912E-3,-1.6351768E-3,2.7906417E-3,1.1002922E-2,-9.005785E-3,1.1194229E-2,-1.5733123E-3,-3.3906698E-3,3.3540727E-4,1.3437271E-3,-3.9048196E-4,-9.241104E-5],"categories":[],"categories_nodes":[],"categories_segments":[],"categories_sizes":[],"default_left":[0,0,0,0,0,0,0,0,0,0,0,0,0,0,0],"id":87,"left_children":[1,3,5,-1,7,-1,-1,9,11,-1,13,-1,-1,-1,-1],"loss_changes":[2.7414469E-2,8.180143E-3,4.0207617E-4,0E0,7.627365E-4,0E0,0E0,1.3552807E-4,7.687806E-6,0E0,1.4642392E-6,0E0,0E0,0E0,0E0],"parents":[2147483647,0,0,1,1,2,2,4,4,7,7,8,8,10,10],"right_children":[2,4,6,-1,8,-1,-1,10,12,-1,14,-1,-1,-1,-1],"split_conditions":[8.066137E-1,9.813983E-2,1E0,-7.576912E-3,6.0283196E-1,2.7906417E-3,1.1002922E-2,2.0280252E-1,7.057891E-1,-1.5733123E-3,5.065965E-1,3.3540727E-4,1.3437271E-3,-3.9048196E-4,-9.241104E-5],"split_indices":[0,0,0,0,0,0,0,0,0,0,0,0,0,0,0],"split_type":[0,0,0,0,0,0,0,0,0,0,0,0,0,0,0],"sum_hessian":[9E0,7E0,2E0,1E0,6E0,1E0,1E0,4E0,2E0,1E0,3E0,1E0,1E0,2E0,1E0],"tree_param":{"num_deleted":"0","num_feature":"2","num_nodes":"15","size_leaf_vector":"1"}},{"base_weights":[1.0743963E-2,-1.9329952E-2,8.735975E-2,-7.1980665E-3,-1.5254702E-3,2.6511194E-3,1.0452843E-2,-8.516503E-3,1.063474E-2,-1.4946461E-3,-3.1723976E-3,3.186226E-4,1.2765884E-3,-3.6446255E-4,-8.7785724E-5],"categories":[],"categories_nodes":[],"categories_segments":[],"categories_sizes":[],"default_left":[0,0,0,0,0,0,0,0,0,0,0,0,0,0,0],"id":88,"left_children":[1,3,5,-1,7,-1,-1,9,11,-1,13,-1,-1,-1,-1],"loss_changes":[2.4730023E-2,7.3895445E-3,3.6289543E-4,0E0,6.856577E-4,0E0,0E0,1.2439577E-4,6.9465605E-6,0E0,1.134722E-6,0E0,0E0,0E0,0E0],"parents":[2147483647,0,0,1,1,2,2,4,4,7,7,8,8,10,10],"right_children":[2,4,6,-1,8,-1,-1,10,12,-1,14,-1,-1,-1,-1],"split_conditions":[8.066137E-1,9.813983E-2,1E0,-7.1980665E-3,6.0283196E-1,2.6511194E-3,1.0452843E-2,2.0280252E-1,7.057891E-1,-1.4946461E-3,5.065965E-1,3.186226E-4,1.2765884E-3,-3.6446255E-4,-8.7785724E-5],"split_indices":[0,0,0,0,0,0,0,0,0,0,0,0,0,0,0],"split_type":[0,0,0,0,0,0,0,0,0,0,0,0,0,0,0],"sum_hessian":[9E0,7E0,2E0,1E0,6E0,1E0,1E0,4E0,2E0,1E0,3E0,1E0,1E0,2E0,1E0],"tree_param":{"num_deleted":"0","num_feature":"2","num_nodes":"15","size_leaf_vector":"1"}},{"base_weights":[1.0225065E-2,-1.8340638E-2,8.299192E-2,-6.838163E-3,-1.4231205E-3,2.5185586E-3,9.93023E-3,-8.054304E-3,1.0103226E-2,-1.4199138E-3,-2.9683113E-4,3.0269622E-4,1.2127877E-3],"categories":[],"categories_nodes":[],"categories_segments":[],"categories_sizes":[],"default_left":[0,0,0,0,0,0,0,0,0,0,0,0,0],"id":89,"left_children":[1,3,5,-1,7,-1,-1,9,11,-1,-1,-1,-1],"loss_changes":[2.230849E-2,6.675239E-3,3.2754056E-4,0E0,6.164077E-4,0E0,0E0,1.1411542E-4,6.2702456E-6,0E0,0E0,0E0,0E0],"parents":[2147483647,0,0,1,1,2,2,4,4,7,7,8,8],"right_children":[2,4,6,-1,8,-1,-1,10,12,-1,-1,-1,-1],"split_conditions":[8.066137E-1,9.813983E-2,1E0,-6.838163E-3,6.0283196E-1,2.5185586E-3,9.93023E-3,2.0280252E-1,7.057891E-1,-1.4199138E-3,-2.9683113E-4,3.0269622E-4,1.2127877E-3],"split_indices":[0,0,0,0,0,0,0,0,0,0,0,0,0],"split_type":[0,0,0,0,0,0,0,0,0,0,0,0,0],"sum_hessian":[9E0,7E0,2E0,1E0,6E0,1E0,1E0,4E0,2E0,1E0,3E0,1E0,1E0],"tree_param":{"num_deleted":"0","num_feature":"2","num_nodes":"13","size_leaf_vector":"1"}},{"base_weights":[9.743539E-3,-1.7386626E-2,7.88428E-2,-6.4962553E-3,-1.3097014E-3,2.3926736E-3,9.433746E-3,-7.5922487E-3,9.597778E-3,-1.3489127E-3,-2.7457476E-3,2.875328E-4,1.1521339E-3,-3.203869E-4,-6.8569185E-5],"categories":[],"categories_nodes":[],"categories_segments":[],"categories_sizes":[],"default_left":[0,0,0,0,0,0,0,0,0,0,0,0,0,0,0],"id":90,"left_children":[1,3,5,-1,7,-1,-1,9,11,-1,13,-1,-1,-1,-1],"loss_changes":[2.0117553E-2,6.0339156E-3,2.95531E-4,0E0,5.52556E-4,0E0,0E0,1.058584E-4,5.665497E-6,0E0,1.5781516E-6,0E0,0E0,0E0,0E0],"parents":[2147483647,0,0,1,1,2,2,4,4,7,7,8,8,10,10],"right_children":[2,4,6,-1,8,-1,-1,10,12,-1,14,-1,-1,-1,-1],"split_conditions":[8.066137E-1,9.813983E-2,1E0,-6.4962553E-3,6.0283196E-1,2.3926736E-3,9.433746E-3,2.0280252E-1,7.057891E-1,-1.3489127E-3,5.065965E-1,2.875328E-4,1.1521339E-3,-3.203869E-4,-6.8569185E-5],"split_indices":[0,0,0,0,0,0,0,0,0,0,0,0,0,0,0],"split_type":[0,0,0,0,0,0,0,0,0,0,0,0,0,0,0],"sum_hessian":[9E0,7E0,2E0,1E0,6E0,1E0,1E0,4E0,2E0,1E0,3E0,1E0,1E0,2E0,1E0],"tree_param":{"num_deleted":"0","num_feature":"2","num_nodes":"15","size_leaf_vector":"1"}},{"base_weights":[9.272454E-3,-1.6497288E-2,7.490095E-2,-6.171442E-3,-1.2213503E-3,2.2730827E-3,8.962059E-3,-7.180548E-3,9.117763E-3,-1.2814641E-3,-2.5683641E-3,2.7313232E-4,1.0945321E-3,-2.990246E-4,-6.513596E-5],"categories":[],"categories_nodes":[],"categories_segments":[],"categories_sizes":[],"default_left":[0,0,0,0,0,0,0,0,0,0,0,0,0,0,0],"id":91,"left_children":[1,3,5,-1,7,-1,-1,9,11,-1,13,-1,-1,-1,-1],"loss_changes":[1.8147953E-2,5.4504983E-3,2.6662648E-4,0E0,4.9676024E-4,0E0,0E0,9.701471E-5,5.1195675E-6,0E0,1.2872697E-6,0E0,0E0,0E0,0E0],"parents":[2147483647,0,0,1,1,2,2,4,4,7,7,8,8,10,10],"right_children":[2,4,6,-1,8,-1,-1,10,12,-1,14,-1,-1,-1,-1],"split_conditions":[8.066137E-1,9.813983E-2,1E0,-6.171442E-3,6.0283196E-1,2.2730827E-3,8.962059E-3,2.0280252E-1,7.057891E-1,-1.2814641E-3,5.065965E-1,2.7313232E-4,1.0945321E-3,-2.990246E-4,-6.513596E-5],"split_indices":[0,0,0,0,0,0,0,0,0,0,0,0,0,0,0],"split_type":[0,0,0,0,0,0,0,0,0,0,0,0,0,0,0],"sum_hessian":[9E0,7E0,2E0,1E0,6E0,1E0,1E0,4E0,2E0,1E0,3E0,1E0,1E0,2E0,1E0],"tree_param":{"num_deleted":"0","num_feature":"2","num_nodes":"15","size_leaf_vector":"1"}},{"base_weights":[8.823891E-3,-1.5653705E-2,7.115618E-2,-5.8628703E-3,-1.1388914E-3,2.1594048E-3,8.514023E-3,-6.7915916E-3,8.661906E-3,-1.2173891E-3,-2.402544E-3,2.594948E-4,1.0397912E-3,-2.790769E-4,-6.1893465E-5],"categories":[],"categories_nodes":[],"categories_segments":[],"categories_sizes":[],"default_left":[0,0,0,0,0,0,0,0,0,0,0,0,0,0,0],"id":92,"left_children":[1,3,5,-1,7,-1,-1,9,11,-1,13,-1,-1,-1,-1],"loss_changes":[1.6371306E-2,4.9234205E-3,2.4071522E-4,0E0,4.466349E-4,0E0,0E0,8.886754E-5,4.614776E-6,0E0,1.0424628E-6,0E0,0E0,0E0,0E0],"parents":[2147483647,0,0,1,1,2,2,4,4,7,7,8,8,10,10],"right_children":[2,4,6,-1,8,-1,-1,10,12,-1,14,-1,-1,-1,-1],"split_conditions":[8.066137E-1,9.813983E-2,1E0,-5.8628703E-3,6.0283196E-1,2.1594048E-3,8.514023E-3,2.0280252E-1,7.057891E-1,-1.2173891E-3,5.065965E-1,2.594948E-4,1.0397912E-3,-2.790769E-4,-6.1893465E-5],"split_indices":[0,0,0,0,0,0,0,0,0,0,0,0,0,0,0],"split_type":[0,0,0,0,0,0,0,0,0,0,0,0,0,0,0],"sum_hessian":[9E0,7E0,2E0,1E0,6E0,1E0,1E0,4E0,2E0,1E0,3E0,1E0,1E0,2E0,1E0],"tree_param":{"num_deleted":"0","num_feature":"2","num_nodes":"15","size_leaf_vector":"1"}},{"base_weights":[8.396708E-3,-1.4853493E-2,6.759834E-2,-5.5697267E-3,-1.0619164E-3,2.051449E-3,8.088303E-3,-6.4240457E-3,8.228938E-3,-1.1565209E-3,-2.2474528E-4,2.465248E-4,9.878159E-4],"categories":[],"categories_nodes":[],"categories_segments":[],"categories_sizes":[],"default_left":[0,0,0,0,0,0,0,0,0,0,0,0,0],"id":93,"left_children":[1,3,5,-1,7,-1,-1,9,11,-1,-1,-1,-1],"loss_changes":[1.476857E-2,4.447255E-3,2.1720864E-4,0E0,4.0159439E-4,0E0,0E0,8.1370454E-5,4.164671E-6,0E0,0E0,0E0,0E0],"parents":[2147483647,0,0,1,1,2,2,4,4,7,7,8,8],"right_children":[2,4,6,-1,8,-1,-1,10,12,-1,-1,-1,-1],"split_conditions":[8.066137E-1,9.813983E-2,1E0,-5.5697267E-3,6.0283196E-1,2.051449E-3,8.088303E-3,2.0280252E-1,7.057891E-1,-1.1565209E-3,-2.2474528E-4,2.465248E-4,9.878159E-4],"split_indices":[0,0,0,0,0,0,0,0,0,0,0,0,0],"split_type":[0,0,0,0,0,0,0,0,0,0,0,0,0],"sum_hessian":[9E0,7E0,2E0,1E0,6E0,1E0,1E0,4E0,2E0,1E0,3E0,1E0,1E0],"tree_param":{"num_deleted":"0","num_feature":"2","num_nodes":"13","size_leaf_vector":"1"}},{"base_weights":[7.999458E-3,-1.4082623E-2,6.421852E-2,-5.2912403E-3,-9.765966E-4,1.9488335E-3,7.683945E-3,-6.0577868E-3,7.817586E-3,-1.0986924E-3,-2.0787716E-3,2.3422242E-4,9.384155E-4,-2.4547576E-4,-4.7540667E-5],"categories":[],"categories_nodes":[],"categories_segments":[],"categories_sizes":[],"default_left":[0,0,0,0,0,0,0,0,0,0,0,0,0,0,0],"id":94,"left_children":[1,3,5,-1,7,-1,-1,9,11,-1,13,-1,-1,-1,-1],"loss_changes":[1.33187035E-2,4.019559E-3,1.9613653E-4,0E0,3.601517E-4,0E0,0E0,7.522627E-5,3.752808E-6,0E0,1.2443634E-6,0E0,0E0,0E0,0E0],"parents":[2147483647,0,0,1,1,2,2,4,4,7,7,8,8,10,10],"right_children":[2,4,6,-1,8,-1,-1,10,12,-1,14,-1,-1,-1,-1],"split_conditions":[8.066137E-1,9.813983E-2,1E0,-5.2912403E-3,6.0283196E-1,1.9488335E-3,7.683945E-3,2.0280252E-1,7.057891E-1,-1.0986924E-3,5.065965E-1,2.3422242E-4,9.384155E-4,-2.4547576E-4,-4.7540667E-5],"split_indices":[0,0,0,0,0,0,0,0,0,0,0,0,0,0,0],"split_type":[0,0,0,0,0,0,0,0,0,0,0,0,0,0,0],"sum_hessian":[9E0,7E0,2E0,1E0,6E0,1E0,1E0,4E0,2E0,1E0,3E0,1E0,1E0,2E0,1E0],"tree_param":{"num_deleted":"0","num_feature":"2","num_nodes":"15","size_leaf_vector":"1"}},{"base_weights":[7.6117674E-3,-1.3363223E-2,6.1007816E-2,-5.0266786E-3,-9.103162E-4,1.851368E-3,7.2998046E-3,-5.7303905E-3,7.42658E-3,-1.0437608E-3,-1.9441843E-3,2.2249222E-4,8.9149474E-4,-2.6614667E-4,-8.179347E-5],"categories":[],"categories_nodes":[],"categories_segments":[],"categories_sizes":[],"default_left":[0,0,0,0,0,0,0,0,0,0,0,0,0,0,0],"id":95,"left_children":[1,3,5,-1,7,-1,-1,9,11,-1,13,-1,-1,-1,-1],"loss_changes":[1.2015077E-2,3.6306942E-3,1.7708167E-4,0E0,3.238484E-4,0E0,0E0,6.8819834E-5,3.3908727E-6,0E0,1.05445E-6,0E0,0E0,0E0,0E0],"parents":[2147483647,0,0,1,1,2,2,4,4,7,7,8,8,10,10],"right_children":[2,4,6,-1,8,-1,-1,10,12,-1,14,-1,-1,-1,-1],"split_conditions":[8.066137E-1,9.813983E-2,1E0,-5.0266786E-3,6.0283196E-1,1.851368E-3,7.2998046E-3,2.0280252E-1,7.057891E-1,-1.0437608E-3,4.0322953E-1,2.2249222E-4,8.9149474E-4,-2.6614667E-4,-8.179347E-5],"split_indices":[0,0,0,0,0,0,0,0,0,0,0,0,0,0,0],"split_type":[0,0,0,0,0,0,0,0,0,0,0,0,0,0,0],"sum_hessian":[9E0,7E0,2E0,1E0,6E0,1E0,1E0,4E0,2E0,1E0,3E0,1E0,1E0,1E0,2E0],"tree_param":{"num_deleted":"0","num_feature":"2","num_nodes":"15","size_leaf_vector":"1"}},{"base_weights":[7.2350996E-3,-1.2689887E-2,5.7956696E-2,-4.775345E-3,-8.588859E-4,1.7587662E-3,6.9347383E-3,-5.4356097E-3,7.0552826E-3,-9.91571E-4,-1.8366575E-3,2.1133423E-4,8.469582E-4,-2.528429E-4,-7.6325734E-5],"categories":[],"categories_nodes":[],"categories_segments":[],"categories_sizes":[],"default_left":[0,0,0,0,0,0,0,0,0,0,0,0,0,0,0],"id":96,"left_children":[1,3,5,-1,7,-1,-1,9,11,-1,13,-1,-1,-1,-1],"loss_changes":[1.0841735E-2,3.2776808E-3,1.5983451E-4,0E0,2.918965E-4,0E0,0E0,6.240657E-5,3.0690135E-6,0E0,1.0403483E-6,0E0,0E0,0E0,0E0],"parents":[2147483647,0,0,1,1,2,2,4,4,7,7,8,8,10,10],"right_children":[2,4,6,-1,8,-1,-1,10,12,-1,14,-1,-1,-1,-1],"split_conditions":[8.066137E-1,9.813983E-2,1E0,-4.775345E-3,6.0283196E-1,1.7587662E-3,6.9347383E-3,2.0280252E-1,7.057891E-1,-9.91571E-4,4.0322953E-1,2.1133423E-4,8.469582E-4,-2.528429E-4,-7.6325734E-5],"split_indices":[0,0,0,0,0,0,0,0,0,0,0,0,0,0,0],"split_type":[0,0,0,0,0,0,0,0,0,0,0,0,0,0,0],"sum_hessian":[9E0,7E0,2E0,1E0,6E0,1E0,1E0,4E0,2E0,1E0,3E0,1E0,1E0,1E0,2E0],"tree_param":{"num_deleted":"0","num_feature":"2","num_nodes":"15","size_leaf_vector":"1"}},{"base_weights":[6.877096E-3,-1.2050679E-2,5.5058796E-2,-4.5365775E-3,-8.1055507E-4,1.6708374E-3,6.587982E-3,-5.156231E-3,6.702423E-3,-9.419918E-4,-1.7353296E-3,2.0074844E-4,8.0461503E-4,-2.0654996E-4,-3.724098E-5],"categories":[],"categories_nodes":[],"categories_segments":[],"categories_sizes":[],"default_left":[0,0,0,0,0,0,0,0,0,0,0,0,0,0,0],"id":97,"left_children":[1,3,5,-1,7,-1,-1,9,11,-1,13,-1,-1,-1,-1],"loss_changes":[9.78322E-3,2.9589548E-3,1.4422834E-4,0E0,2.63102E-4,0E0,0E0,5.6581615E-5,2.7736241E-6,0E0,1.0307695E-6,0E0,0E0,0E0,0E0],"parents":[2147483647,0,0,1,1,2,2,4,4,7,7,8,8,10,10],"right_children":[2,4,6,-1,8,-1,-1,10,12,-1,14,-1,-1,-1,-1],"split_conditions":[8.066137E-1,9.813983E-2,1E0,-4.5365775E-3,6.0283196E-1,1.6708374E-3,6.587982E-3,2.0280252E-1,7.057891E-1,-9.419918E-4,5.065965E-1,2.0074844E-4,8.0461503E-4,-2.0654996E-4,-3.724098E-5],"split_indices":[0,0,0,0,0,0,0,0,0,0,0,0,0,0,0],"split_type":[0,0,0,0,0,0,0,0,0,0,0,0,0,0,0],"sum_hessian":[9E0,7E0,2E0,1E0,6E0,1E0,1E0,4E0,2E0,1E0,3E0,1E0,1E0,2E0,1E0],"tree_param":{"num_deleted":"0","num_feature":"2","num_nodes":"15","size_leaf_vector":"1"}},{"base_weights":[6.543615E-3,-1.1435178E-2,5.230586E-2,-4.3097488E-3,-7.552079E-4,1.5872956E-3,6.258583E-3,-4.8777102E-3,6.3673654E-3,-8.948922E-4,-1.6226768E-3,1.9073486E-4,7.6436996E-4,-2.298832E-4,-6.3101455E-5],"categories":[],"categories_nodes":[],"categories_segments":[],"categories_sizes":[],"default_left":[0,0,0,0,0,0,0,0,0,0,0,0,0,0,0],"id":98,"left_children":[1,3,5,-1,7,-1,-1,9,11,-1,13,-1,-1,-1,-1],"loss_changes":[8.825625E-3,2.6726723E-3,1.301663E-4,0E0,2.3659795E-4,0E0,0E0,5.1738447E-5,2.4982146E-6,0E0,1.2314731E-6,0E0,0E0,0E0,0E0],"parents":[2147483647,0,0,1,1,2,2,4,4,7,7,8,8,10,10],"right_children":[2,4,6,-1,8,-1,-1,10,12,-1,14,-1,-1,-1,-1],"split_conditions":[8.066137E-1,9.813983E-2,1E0,-4.3097488E-3,6.0283196E-1,1.5872956E-3,6.258583E-3,2.0280252E-1,7.057891E-1,-8.948922E-4,4.0322953E-1,1.9073486E-4,7.6436996E-4,-2.298832E-4,-6.3101455E-5],"split_indices":[0,0,0,0,0,0,0,0,0,0,0,0,0,0,0],"split_type":[0,0,0,0,0,0,0,0,0,0,0,0,0,0,0],"sum_hessian":[9E0,7E0,2E0,1E0,6E0,1E0,1E0,4E0,2E0,1E0,3E0,1E0,1E0,1E0,2E0],"tree_param":{"num_deleted":"0","num_feature":"2","num_nodes":"15","size_leaf_vector":"1"}},{"base_weights":[6.219399E-3,-1.0859594E-2,4.9690247E-2,-4.094261E-3,-7.130759E-4,1.5079499E-3,5.945587E-3,-4.627609E-3,6.048838E-3,-8.50153E-4,-1.5337467E-3,1.8119812E-4,7.2612765E-4,-2.1839142E-4,-5.8905287E-5],"categories":[],"categories_nodes":[],"categories_segments":[],"categories_sizes":[],"default_left":[0,0,0,0,0,0,0,0,0,0,0,0,0,0,0],"id":99,"left_children":[1,3,5,-1,7,-1,-1,9,11,-1,13,-1,-1,-1,-1],"loss_changes":[7.963999E-3,2.4127075E-3,1.1742208E-4,0E0,2.1327983E-4,0E0,0E0,4.688769E-5,2.2534878E-6,0E0,1.170396E-6,0E0,0E0,0E0,0E0],"parents":[2147483647,0,0,1,1,2,2,4,4,7,7,8,8,10,10],"right_children":[2,4,6,-1,8,-1,-1,10,12,-1,14,-1,-1,-1,-1],"split_conditions":[8.066137E-1,9.813983E-2,1E0,-4.094261E-3,6.0283196E-1,1.5079499E-3,5.945587E-3,2.0280252E-1,7.057891E-1,-8.50153E-4,4.0322953E-1,1.8119812E-4,7.2612765E-4,-2.1839142E-4,-5.8905287E-5],"split_indices":[0,0,0,0,0,0,0,0,0,0,0,0,0,0,0],"split_type":[0,0,0,0,0,0,0,0,0,0,0,0,0,0,0],"sum_hessian":[9E0,7E0,2E0,1E0,6E0,1E0,1E0,4E0,2E0,1E0,3E0,1E0,1E0,1E0,2E0],"tree_param":{"num_deleted":"0","num_feature":"2","num_nodes":"15","size_leaf_vector":"1"}}]},"name":"gbtree"},"learner_model_param":{"base_score":"1.43E1","boost_from_average":"1","num_class":"0","num_feature":"2","num_target":"1"},"objective":{"name":"reg:squarederror","reg_loss_param":{"scale_pos_weight":"1"}}},"version":[2,1,1]}