{"model_name": "GradientBoostingRegressorTrainer_1", "model_class": "scikit", "model_file": "GradientBoostingRegressorTrainer_1.json", "features": ["bpf_cpu_time_us", "cache_miss", "cgroupfs_cpu_usage_us", "cgroupfs_memory_usage_bytes", "cgroupfs_system_cpu_usage_us", "cgroupfs_user_cpu_usage_us", "cpu_cycles", "cpu_instructions", "kubelet_cpu_usage", "kubelet_memory_bytes"], "fe_files": [], "output_type": "DynPower", "mae": 3.654200773114036, "package_mae": 3.654200773114036, "core_mae": 0.0, "uncore_mae": 0.0, "dram_mae": 1.0577397008193963}