,model_name,model_class,model_file,features,fe_files,output_type,mae,package_mae,core_mae,uncore_mae,dram_mae,feature_group
4,GradientBoostingRegressorTrainer_1,scikit,GradientBoostingRegressorTrainer_1.json,"['bpf_block_irq', 'bpf_cpu_time_us', 'bpf_net_rx_irq', 'bpf_net_tx_irq']",[],AbsPower,32.87525189822571,32.87525189822571,0.0,0.0,7.597133037228633,BPFIRQ
2,KNeighborsRegressorTrainer_1,scikit,KNeighborsRegressorTrainer_1.json,"['bpf_block_irq', 'bpf_cpu_time_us', 'bpf_net_rx_irq', 'bpf_net_tx_irq']",[],AbsPower,34.07499184505926,34.07499184505926,0.0,0.0,6.7447925586114845,BPFIRQ
5,PolynomialRegressionTrainer_1,scikit,PolynomialRegressionTrainer_1.json,"['bpf_block_irq', 'bpf_cpu_time_us', 'bpf_net_rx_irq', 'bpf_net_tx_irq']",['poly_scaler.pkl'],AbsPower,50.03152809888362,50.03152809888362,0.0,0.0,19.68686959900832,BPFIRQ
1,SVRRegressorTrainer_1,scikit,SVRRegressorTrainer_1.json,"['bpf_block_irq', 'bpf_cpu_time_us', 'bpf_net_rx_irq', 'bpf_net_tx_irq']",[],AbsPower,73.60306868469468,73.60306868469468,0.0,0.0,16.847443181712094,BPFIRQ
0,SGDRegressorTrainer_1,scikit,SGDRegressorTrainer_1.json,"['bpf_block_irq', 'bpf_cpu_time_us', 'bpf_net_rx_irq', 'bpf_net_tx_irq']",[],AbsPower,106.48532967995321,106.48532967995321,0.0,0.0,18.42018775957982,BPFIRQ
3,LinearRegressionTrainer_1,scikit,LinearRegressionTrainer_1.json,"['bpf_block_irq', 'bpf_cpu_time_us', 'bpf_net_rx_irq', 'bpf_net_tx_irq']",[],AbsPower,115.72363642019847,115.72363642019847,0.0,0.0,18.73780282304224,BPFIRQ
2,KNeighborsRegressorTrainer_1,scikit,KNeighborsRegressorTrainer_1.json,['bpf_cpu_time_us'],[],AbsPower,30.59150203873643,30.59150203873643,0.0,0.0,7.695349643220903,BPFOnly
4,GradientBoostingRegressorTrainer_1,scikit,GradientBoostingRegressorTrainer_1.json,['bpf_cpu_time_us'],[],AbsPower,30.691127998818303,30.691127998818303,0.0,0.0,8.051654739473816,BPFOnly
5,PolynomialRegressionTrainer_1,scikit,PolynomialRegressionTrainer_1.json,['bpf_cpu_time_us'],['poly_scaler.pkl'],AbsPower,58.29736118375474,58.29736118375474,0.0,0.0,19.17201813588393,BPFOnly
1,SVRRegressorTrainer_1,scikit,SVRRegressorTrainer_1.json,['bpf_cpu_time_us'],[],AbsPower,69.54319991037546,69.54319991037546,0.0,0.0,14.57700299820341,BPFOnly
3,LinearRegressionTrainer_1,scikit,LinearRegressionTrainer_1.json,['bpf_cpu_time_us'],[],AbsPower,111.51001357559423,111.51001357559423,0.0,0.0,19.950634370941344,BPFOnly
0,SGDRegressorTrainer_1,scikit,SGDRegressorTrainer_1.json,['bpf_cpu_time_us'],[],AbsPower,118.47909893119677,118.47909893119677,0.0,0.0,20.391323879512008,BPFOnly
4,GradientBoostingRegressorTrainer_1,scikit,GradientBoostingRegressorTrainer_1.json,"['bpf_cpu_time_us', 'cache_miss', 'cgroupfs_cpu_usage_us', 'cgroupfs_memory_usage_bytes', 'cgroupfs_system_cpu_usage_us', 'cgroupfs_user_cpu_usage_us', 'cpu_cycles', 'cpu_instructions', 'kubelet_cpu_usage', 'kubelet_memory_bytes']",[],AbsPower,18.36750965431932,18.36750965431932,0.0,0.0,3.0153829631363482,Basic
2,KNeighborsRegressorTrainer_1,scikit,KNeighborsRegressorTrainer_1.json,"['bpf_cpu_time_us', 'cache_miss', 'cgroupfs_cpu_usage_us', 'cgroupfs_memory_usage_bytes', 'cgroupfs_system_cpu_usage_us', 'cgroupfs_user_cpu_usage_us', 'cpu_cycles', 'cpu_instructions', 'kubelet_cpu_usage', 'kubelet_memory_bytes']",[],AbsPower,18.576386340466303,18.576386340466303,0.0,0.0,2.895399082569618,Basic
5,PolynomialRegressionTrainer_1,scikit,PolynomialRegressionTrainer_1.json,"['bpf_cpu_time_us', 'cache_miss', 'cgroupfs_cpu_usage_us', 'cgroupfs_memory_usage_bytes', 'cgroupfs_system_cpu_usage_us', 'cgroupfs_user_cpu_usage_us', 'cpu_cycles', 'cpu_instructions', 'kubelet_cpu_usage', 'kubelet_memory_bytes']",['poly_scaler.pkl'],AbsPower,43.83913118800158,43.83913118800158,0.0,0.0,5.604442830671396,Basic
1,SVRRegressorTrainer_1,scikit,SVRRegressorTrainer_1.json,"['bpf_cpu_time_us', 'cache_miss', 'cgroupfs_cpu_usage_us', 'cgroupfs_memory_usage_bytes', 'cgroupfs_system_cpu_usage_us', 'cgroupfs_user_cpu_usage_us', 'cpu_cycles', 'cpu_instructions', 'kubelet_cpu_usage', 'kubelet_memory_bytes']",[],AbsPower,84.7287259998231,84.7287259998231,0.0,0.0,5.579399578147823,Basic
0,SGDRegressorTrainer_1,scikit,SGDRegressorTrainer_1.json,"['bpf_cpu_time_us', 'cache_miss', 'cgroupfs_cpu_usage_us', 'cgroupfs_memory_usage_bytes', 'cgroupfs_system_cpu_usage_us', 'cgroupfs_user_cpu_usage_us', 'cpu_cycles', 'cpu_instructions', 'kubelet_cpu_usage', 'kubelet_memory_bytes']",[],AbsPower,91.15232888579065,91.15232888579065,0.0,0.0,6.509502958726844,Basic
3,LinearRegressionTrainer_1,scikit,LinearRegressionTrainer_1.json,"['bpf_cpu_time_us', 'cache_miss', 'cgroupfs_cpu_usage_us', 'cgroupfs_memory_usage_bytes', 'cgroupfs_system_cpu_usage_us', 'cgroupfs_user_cpu_usage_us', 'cpu_cycles', 'cpu_instructions', 'kubelet_cpu_usage', 'kubelet_memory_bytes']",[],AbsPower,100.22887224346108,100.22887224346108,0.0,0.0,5.876624758006351,Basic
4,GradientBoostingRegressorTrainer_1,scikit,GradientBoostingRegressorTrainer_1.json,"['cgroupfs_cpu_usage_us', 'cgroupfs_memory_usage_bytes', 'cgroupfs_system_cpu_usage_us', 'cgroupfs_user_cpu_usage_us']",[],AbsPower,188.7527686108116,188.7527686108116,0.0,0.0,22.64779250100599,CgroupOnly
2,KNeighborsRegressorTrainer_1,scikit,KNeighborsRegressorTrainer_1.json,"['cgroupfs_cpu_usage_us', 'cgroupfs_memory_usage_bytes', 'cgroupfs_system_cpu_usage_us', 'cgroupfs_user_cpu_usage_us']",[],AbsPower,204.6197273190698,204.6197273190698,0.0,0.0,18.30208053007676,CgroupOnly
1,SVRRegressorTrainer_1,scikit,SVRRegressorTrainer_1.json,"['cgroupfs_cpu_usage_us', 'cgroupfs_memory_usage_bytes', 'cgroupfs_system_cpu_usage_us', 'cgroupfs_user_cpu_usage_us']",[],AbsPower,208.05561900882742,208.05561900882742,0.0,0.0,14.744881919489803,CgroupOnly
3,LinearRegressionTrainer_1,scikit,LinearRegressionTrainer_1.json,"['cgroupfs_cpu_usage_us', 'cgroupfs_memory_usage_bytes', 'cgroupfs_system_cpu_usage_us', 'cgroupfs_user_cpu_usage_us']",[],AbsPower,209.2013608729035,209.2013608729035,0.0,0.0,23.19641382633334,CgroupOnly
5,PolynomialRegressionTrainer_1,scikit,PolynomialRegressionTrainer_1.json,"['cgroupfs_cpu_usage_us', 'cgroupfs_memory_usage_bytes', 'cgroupfs_system_cpu_usage_us', 'cgroupfs_user_cpu_usage_us']",['poly_scaler.pkl'],AbsPower,215.24407101867044,215.24407101867044,0.0,0.0,24.20557419902182,CgroupOnly
0,SGDRegressorTrainer_1,scikit,SGDRegressorTrainer_1.json,"['cgroupfs_cpu_usage_us', 'cgroupfs_memory_usage_bytes', 'cgroupfs_system_cpu_usage_us', 'cgroupfs_user_cpu_usage_us']",[],AbsPower,227.85557915040124,227.85557915040124,0.0,0.0,23.93961302884676,CgroupOnly
4,GradientBoostingRegressorTrainer_1,scikit,GradientBoostingRegressorTrainer_1.json,"['bpf_block_irq', 'bpf_net_rx_irq', 'bpf_net_tx_irq', 'cache_miss', 'cpu_cycles', 'cpu_instructions']",[],AbsPower,23.3274812540057,23.3274812540057,0.0,0.0,2.334581270333469,CounterIRQCombined
2,KNeighborsRegressorTrainer_1,scikit,KNeighborsRegressorTrainer_1.json,"['bpf_block_irq', 'bpf_net_rx_irq', 'bpf_net_tx_irq', 'cache_miss', 'cpu_cycles', 'cpu_instructions']",[],AbsPower,25.814730886853546,25.814730886853546,0.0,0.0,2.0860942915408986,CounterIRQCombined
5,PolynomialRegressionTrainer_1,scikit,PolynomialRegressionTrainer_1.json,"['bpf_block_irq', 'bpf_net_rx_irq', 'bpf_net_tx_irq', 'cache_miss', 'cpu_cycles', 'cpu_instructions']",['poly_scaler.pkl'],AbsPower,64.20504045795148,64.20504045795148,0.0,0.0,4.339191943380924,CounterIRQCombined
0,SGDRegressorTrainer_1,scikit,SGDRegressorTrainer_1.json,"['bpf_block_irq', 'bpf_net_rx_irq', 'bpf_net_tx_irq', 'cache_miss', 'cpu_cycles', 'cpu_instructions']",[],AbsPower,95.12133075426311,95.12133075426311,0.0,0.0,6.570278937763853,CounterIRQCombined
3,LinearRegressionTrainer_1,scikit,LinearRegressionTrainer_1.json,"['bpf_block_irq', 'bpf_net_rx_irq', 'bpf_net_tx_irq', 'cache_miss', 'cpu_cycles', 'cpu_instructions']",[],AbsPower,96.05744637185042,96.05744637185042,0.0,0.0,5.801538585307374,CounterIRQCombined
1,SVRRegressorTrainer_1,scikit,SVRRegressorTrainer_1.json,"['bpf_block_irq', 'bpf_net_rx_irq', 'bpf_net_tx_irq', 'cache_miss', 'cpu_cycles', 'cpu_instructions']",[],AbsPower,97.25869370204916,97.25869370204916,0.0,0.0,5.044032202383333,CounterIRQCombined
2,KNeighborsRegressorTrainer_1,scikit,KNeighborsRegressorTrainer_1.json,"['cache_miss', 'cpu_cycles', 'cpu_instructions']",[],AbsPower,19.071653924563297,19.071653924563297,0.0,0.0,2.067439347605228,CounterOnly
4,GradientBoostingRegressorTrainer_1,scikit,GradientBoostingRegressorTrainer_1.json,"['cache_miss', 'cpu_cycles', 'cpu_instructions']",[],AbsPower,20.55204612172311,20.55204612172311,0.0,0.0,2.0139239654241234,CounterOnly
5,PolynomialRegressionTrainer_1,scikit,PolynomialRegressionTrainer_1.json,"['cache_miss', 'cpu_cycles', 'cpu_instructions']",['poly_scaler.pkl'],AbsPower,61.86300362721237,61.86300362721237,0.0,0.0,5.622864657063019,CounterOnly
1,SVRRegressorTrainer_1,scikit,SVRRegressorTrainer_1.json,"['cache_miss', 'cpu_cycles', 'cpu_instructions']",[],AbsPower,74.82334621647352,74.82334621647352,0.0,0.0,4.898531713680626,CounterOnly
0,SGDRegressorTrainer_1,scikit,SGDRegressorTrainer_1.json,"['cache_miss', 'cpu_cycles', 'cpu_instructions']",[],AbsPower,86.84509536950084,86.84509536950084,0.0,0.0,6.386289942777638,CounterOnly
3,LinearRegressionTrainer_1,scikit,LinearRegressionTrainer_1.json,"['cache_miss', 'cpu_cycles', 'cpu_instructions']",[],AbsPower,95.0467774864289,95.0467774864289,0.0,0.0,6.46427166736392,CounterOnly
4,GradientBoostingRegressorTrainer_1,scikit,GradientBoostingRegressorTrainer_1.json,"['kubelet_cpu_usage', 'kubelet_memory_bytes']",[],AbsPower,168.18123928845196,168.18123928845196,0.0,0.0,19.35025565079433,KubeletOnly
2,KNeighborsRegressorTrainer_1,scikit,KNeighborsRegressorTrainer_1.json,"['kubelet_cpu_usage', 'kubelet_memory_bytes']",[],AbsPower,179.26538481141975,179.26538481141975,0.0,0.0,15.961449541282335,KubeletOnly
5,PolynomialRegressionTrainer_1,scikit,PolynomialRegressionTrainer_1.json,"['kubelet_cpu_usage', 'kubelet_memory_bytes']",['poly_scaler.pkl'],AbsPower,195.93636304202576,195.93636304202576,0.0,0.0,18.912096925441688,KubeletOnly
1,SVRRegressorTrainer_1,scikit,SVRRegressorTrainer_1.json,"['kubelet_cpu_usage', 'kubelet_memory_bytes']",[],AbsPower,196.73367978446106,196.73367978446106,0.0,0.0,15.070852221523918,KubeletOnly
0,SGDRegressorTrainer_1,scikit,SGDRegressorTrainer_1.json,"['kubelet_cpu_usage', 'kubelet_memory_bytes']",[],AbsPower,203.89897926103527,203.89897926103527,0.0,0.0,19.025137841749082,KubeletOnly
3,LinearRegressionTrainer_1,scikit,LinearRegressionTrainer_1.json,"['kubelet_cpu_usage', 'kubelet_memory_bytes']",[],AbsPower,205.48465183485956,205.48465183485956,0.0,0.0,21.248733926895376,KubeletOnly
