,model_name,model_class,model_file,features,fe_files,output_type,mae,package_mae,core_mae,uncore_mae,dram_mae,feature_group
4,GradientBoostingRegressorTrainer_1,scikit,GradientBoostingRegressorTrainer_1.json,"['bpf_block_irq', 'bpf_cpu_time_us', 'bpf_net_rx_irq', 'bpf_net_tx_irq']",[],DynPower,30.850461503850475,30.850461503850475,0.0,0.0,6.215018680346765,BPFIRQ
2,KNeighborsRegressorTrainer_1,scikit,KNeighborsRegressorTrainer_1.json,"['bpf_block_irq', 'bpf_cpu_time_us', 'bpf_net_rx_irq', 'bpf_net_tx_irq']",[],DynPower,31.55989041794461,31.55989041794461,0.0,0.0,6.780504587152112,BPFIRQ
5,PolynomialRegressionTrainer_1,scikit,PolynomialRegressionTrainer_1.json,"['bpf_block_irq', 'bpf_cpu_time_us', 'bpf_net_rx_irq', 'bpf_net_tx_irq']",['poly_scaler.pkl'],DynPower,58.39408142649337,58.39408142649337,0.0,0.0,18.04810360068225,BPFIRQ
1,SVRRegressorTrainer_1,scikit,SVRRegressorTrainer_1.json,"['bpf_block_irq', 'bpf_cpu_time_us', 'bpf_net_rx_irq', 'bpf_net_tx_irq']",[],DynPower,75.95732043758787,75.95732043758787,0.0,0.0,13.284114475488938,BPFIRQ
0,SGDRegressorTrainer_1,scikit,SGDRegressorTrainer_1.json,"['bpf_block_irq', 'bpf_cpu_time_us', 'bpf_net_rx_irq', 'bpf_net_tx_irq']",[],DynPower,117.30033479356345,117.30033479356345,0.0,0.0,21.919555797009853,BPFIRQ
3,LinearRegressionTrainer_1,scikit,LinearRegressionTrainer_1.json,"['bpf_block_irq', 'bpf_cpu_time_us', 'bpf_net_rx_irq', 'bpf_net_tx_irq']",[],DynPower,119.81340416039511,119.81340416039511,0.0,0.0,18.19447276011123,BPFIRQ
2,KNeighborsRegressorTrainer_1,scikit,KNeighborsRegressorTrainer_1.json,['bpf_cpu_time_us'],[],DynPower,29.98037155963395,29.98037155963395,0.0,0.0,6.030038226300183,BPFOnly
4,GradientBoostingRegressorTrainer_1,scikit,GradientBoostingRegressorTrainer_1.json,['bpf_cpu_time_us'],[],DynPower,30.258324655520266,30.258324655520266,0.0,0.0,7.304995455605569,BPFOnly
5,PolynomialRegressionTrainer_1,scikit,PolynomialRegressionTrainer_1.json,['bpf_cpu_time_us'],['poly_scaler.pkl'],DynPower,52.47131292262005,52.47131292262005,0.0,0.0,21.237245886732374,BPFOnly
1,SVRRegressorTrainer_1,scikit,SVRRegressorTrainer_1.json,['bpf_cpu_time_us'],[],DynPower,66.75703440196075,66.75703440196075,0.0,0.0,18.17572097570914,BPFOnly
0,SGDRegressorTrainer_1,scikit,SGDRegressorTrainer_1.json,['bpf_cpu_time_us'],[],DynPower,109.29655041918379,109.29655041918379,0.0,0.0,18.880346774262154,BPFOnly
3,LinearRegressionTrainer_1,scikit,LinearRegressionTrainer_1.json,['bpf_cpu_time_us'],[],DynPower,111.69658461754415,111.69658461754415,0.0,0.0,20.811296824217205,BPFOnly
2,KNeighborsRegressorTrainer_1,scikit,KNeighborsRegressorTrainer_1.json,"['bpf_cpu_time_us', 'cache_miss', 'cgroupfs_cpu_usage_us', 'cgroupfs_memory_usage_bytes', 'cgroupfs_system_cpu_usage_us', 'cgroupfs_user_cpu_usage_us', 'cpu_cycles', 'cpu_instructions', 'kubelet_cpu_usage', 'kubelet_memory_bytes']",[],DynPower,16.483902140683103,16.483902140683103,0.0,0.0,2.2353185524960137,Basic
4,GradientBoostingRegressorTrainer_1,scikit,GradientBoostingRegressorTrainer_1.json,"['bpf_cpu_time_us', 'cache_miss', 'cgroupfs_cpu_usage_us', 'cgroupfs_memory_usage_bytes', 'cgroupfs_system_cpu_usage_us', 'cgroupfs_user_cpu_usage_us', 'cpu_cycles', 'cpu_instructions', 'kubelet_cpu_usage', 'kubelet_memory_bytes']",[],DynPower,16.83144887522825,16.83144887522825,0.0,0.0,2.484059393399477,Basic
5,PolynomialRegressionTrainer_1,scikit,PolynomialRegressionTrainer_1.json,"['bpf_cpu_time_us', 'cache_miss', 'cgroupfs_cpu_usage_us', 'cgroupfs_memory_usage_bytes', 'cgroupfs_system_cpu_usage_us', 'cgroupfs_user_cpu_usage_us', 'cpu_cycles', 'cpu_instructions', 'kubelet_cpu_usage', 'kubelet_memory_bytes']",['poly_scaler.pkl'],DynPower,38.282930270811335,38.282930270811335,0.0,0.0,4.308129696397417,Basic
1,SVRRegressorTrainer_1,scikit,SVRRegressorTrainer_1.json,"['bpf_cpu_time_us', 'cache_miss', 'cgroupfs_cpu_usage_us', 'cgroupfs_memory_usage_bytes', 'cgroupfs_system_cpu_usage_us', 'cgroupfs_user_cpu_usage_us', 'cpu_cycles', 'cpu_instructions', 'kubelet_cpu_usage', 'kubelet_memory_bytes']",[],DynPower,82.11429024513852,82.11429024513852,0.0,0.0,6.2092664390650985,Basic
0,SGDRegressorTrainer_1,scikit,SGDRegressorTrainer_1.json,"['bpf_cpu_time_us', 'cache_miss', 'cgroupfs_cpu_usage_us', 'cgroupfs_memory_usage_bytes', 'cgroupfs_system_cpu_usage_us', 'cgroupfs_user_cpu_usage_us', 'cpu_cycles', 'cpu_instructions', 'kubelet_cpu_usage', 'kubelet_memory_bytes']",[],DynPower,85.3328351802509,85.3328351802509,0.0,0.0,6.877560146919269,Basic
3,LinearRegressionTrainer_1,scikit,LinearRegressionTrainer_1.json,"['bpf_cpu_time_us', 'cache_miss', 'cgroupfs_cpu_usage_us', 'cgroupfs_memory_usage_bytes', 'cgroupfs_system_cpu_usage_us', 'cgroupfs_user_cpu_usage_us', 'cpu_cycles', 'cpu_instructions', 'kubelet_cpu_usage', 'kubelet_memory_bytes']",[],DynPower,90.53412601542327,90.53412601542327,0.0,0.0,6.406262106773819,Basic
4,GradientBoostingRegressorTrainer_1,scikit,GradientBoostingRegressorTrainer_1.json,"['cgroupfs_cpu_usage_us', 'cgroupfs_memory_usage_bytes', 'cgroupfs_system_cpu_usage_us', 'cgroupfs_user_cpu_usage_us']",[],DynPower,194.42622392582945,194.42622392582945,0.0,0.0,20.777713161619847,CgroupOnly
2,KNeighborsRegressorTrainer_1,scikit,KNeighborsRegressorTrainer_1.json,"['cgroupfs_cpu_usage_us', 'cgroupfs_memory_usage_bytes', 'cgroupfs_system_cpu_usage_us', 'cgroupfs_user_cpu_usage_us']",[],DynPower,210.31328542303902,210.31328542303902,0.0,0.0,16.064503058116028,CgroupOnly
1,SVRRegressorTrainer_1,scikit,SVRRegressorTrainer_1.json,"['cgroupfs_cpu_usage_us', 'cgroupfs_memory_usage_bytes', 'cgroupfs_system_cpu_usage_us', 'cgroupfs_user_cpu_usage_us']",[],DynPower,212.0790163038607,212.0790163038607,0.0,0.0,18.893152864247465,CgroupOnly
0,SGDRegressorTrainer_1,scikit,SGDRegressorTrainer_1.json,"['cgroupfs_cpu_usage_us', 'cgroupfs_memory_usage_bytes', 'cgroupfs_system_cpu_usage_us', 'cgroupfs_user_cpu_usage_us']",[],DynPower,212.51072238769305,212.51072238769305,0.0,0.0,22.835920558381424,CgroupOnly
5,PolynomialRegressionTrainer_1,scikit,PolynomialRegressionTrainer_1.json,"['cgroupfs_cpu_usage_us', 'cgroupfs_memory_usage_bytes', 'cgroupfs_system_cpu_usage_us', 'cgroupfs_user_cpu_usage_us']",['poly_scaler.pkl'],DynPower,215.10800740176833,215.10800740176833,0.0,0.0,23.781885780161545,CgroupOnly
3,LinearRegressionTrainer_1,scikit,LinearRegressionTrainer_1.json,"['cgroupfs_cpu_usage_us', 'cgroupfs_memory_usage_bytes', 'cgroupfs_system_cpu_usage_us', 'cgroupfs_user_cpu_usage_us']",[],DynPower,220.29042302558616,220.29042302558616,0.0,0.0,22.905864499593413,CgroupOnly
4,GradientBoostingRegressorTrainer_1,scikit,GradientBoostingRegressorTrainer_1.json,"['bpf_block_irq', 'bpf_net_rx_irq', 'bpf_net_tx_irq', 'cache_miss', 'cpu_cycles', 'cpu_instructions']",[],DynPower,23.40116890637574,23.40116890637574,0.0,0.0,1.9005795975509978,CounterIRQCombined
2,KNeighborsRegressorTrainer_1,scikit,KNeighborsRegressorTrainer_1.json,"['bpf_block_irq', 'bpf_net_rx_irq', 'bpf_net_tx_irq', 'cache_miss', 'cpu_cycles', 'cpu_instructions']",[],DynPower,24.38109734963752,24.38109734963752,0.0,0.0,2.7080474006102646,CounterIRQCombined
5,PolynomialRegressionTrainer_1,scikit,PolynomialRegressionTrainer_1.json,"['bpf_block_irq', 'bpf_net_rx_irq', 'bpf_net_tx_irq', 'cache_miss', 'cpu_cycles', 'cpu_instructions']",['poly_scaler.pkl'],DynPower,61.703341717159546,61.703341717159546,0.0,0.0,4.214917137210117,CounterIRQCombined
0,SGDRegressorTrainer_1,scikit,SGDRegressorTrainer_1.json,"['bpf_block_irq', 'bpf_net_rx_irq', 'bpf_net_tx_irq', 'cache_miss', 'cpu_cycles', 'cpu_instructions']",[],DynPower,90.08223832916991,90.08223832916991,0.0,0.0,6.957149499159752,CounterIRQCombined
1,SVRRegressorTrainer_1,scikit,SVRRegressorTrainer_1.json,"['bpf_block_irq', 'bpf_net_rx_irq', 'bpf_net_tx_irq', 'cache_miss', 'cpu_cycles', 'cpu_instructions']",[],DynPower,91.62634977787444,91.62634977787444,0.0,0.0,5.040592755717839,CounterIRQCombined
3,LinearRegressionTrainer_1,scikit,LinearRegressionTrainer_1.json,"['bpf_block_irq', 'bpf_net_rx_irq', 'bpf_net_tx_irq', 'cache_miss', 'cpu_cycles', 'cpu_instructions']",[],DynPower,102.07041629277518,102.07041629277518,0.0,0.0,5.9420171827030845,CounterIRQCombined
2,KNeighborsRegressorTrainer_1,scikit,KNeighborsRegressorTrainer_1.json,"['cache_miss', 'cpu_cycles', 'cpu_instructions']",[],DynPower,21.52830886850801,21.52830886850801,0.0,0.0,1.9634520897020802,CounterOnly
4,GradientBoostingRegressorTrainer_1,scikit,GradientBoostingRegressorTrainer_1.json,"['cache_miss', 'cpu_cycles', 'cpu_instructions']",[],DynPower,26.818346077452794,26.818346077452794,0.0,0.0,2.433139941237953,CounterOnly
5,PolynomialRegressionTrainer_1,scikit,PolynomialRegressionTrainer_1.json,"['cache_miss', 'cpu_cycles', 'cpu_instructions']",['poly_scaler.pkl'],DynPower,60.69903494458851,60.69903494458851,0.0,0.0,4.715163086183474,CounterOnly
1,SVRRegressorTrainer_1,scikit,SVRRegressorTrainer_1.json,"['cache_miss', 'cpu_cycles', 'cpu_instructions']",[],DynPower,70.5501355362249,70.5501355362249,0.0,0.0,5.67376193525631,CounterOnly
3,LinearRegressionTrainer_1,scikit,LinearRegressionTrainer_1.json,"['cache_miss', 'cpu_cycles', 'cpu_instructions']",[],DynPower,96.98863787518786,96.98863787518786,0.0,0.0,7.011318194437246,CounterOnly
0,SGDRegressorTrainer_1,scikit,SGDRegressorTrainer_1.json,"['cache_miss', 'cpu_cycles', 'cpu_instructions']",[],DynPower,101.50660799125775,101.50660799125775,0.0,0.0,7.777314292897653,CounterOnly
4,GradientBoostingRegressorTrainer_1,scikit,GradientBoostingRegressorTrainer_1.json,"['kubelet_cpu_usage', 'kubelet_memory_bytes']",[],DynPower,162.76138390091356,162.76138390091356,0.0,0.0,14.17500148111803,KubeletOnly
2,KNeighborsRegressorTrainer_1,scikit,KNeighborsRegressorTrainer_1.json,"['kubelet_cpu_usage', 'kubelet_memory_bytes']",[],DynPower,173.5156192660569,173.5156192660569,0.0,0.0,18.897022935777056,KubeletOnly
1,SVRRegressorTrainer_1,scikit,SVRRegressorTrainer_1.json,"['kubelet_cpu_usage', 'kubelet_memory_bytes']",[],DynPower,185.1212687898661,185.1212687898661,0.0,0.0,16.99935545063307,KubeletOnly
3,LinearRegressionTrainer_1,scikit,LinearRegressionTrainer_1.json,"['kubelet_cpu_usage', 'kubelet_memory_bytes']",[],DynPower,199.5292934951635,199.5292934951635,0.0,0.0,20.866869523823755,KubeletOnly
5,PolynomialRegressionTrainer_1,scikit,PolynomialRegressionTrainer_1.json,"['kubelet_cpu_usage', 'kubelet_memory_bytes']",['poly_scaler.pkl'],DynPower,200.75078040132894,200.75078040132894,0.0,0.0,21.068283893025672,KubeletOnly
0,SGDRegressorTrainer_1,scikit,SGDRegressorTrainer_1.json,"['kubelet_cpu_usage', 'kubelet_memory_bytes']",[],DynPower,202.92014530507802,202.92014530507802,0.0,0.0,21.059572167595288,KubeletOnly
