{"learner":{"attributes":{"scikit_learn":"{\"_estimator_type\": \"regressor\"}"},"feature_names":[],"feature_types":[],"gradient_booster":{"model":{"gbtree_model_param":{"num_parallel_tree":"1","num_trees":"100"},"iteration_indptr":[0,1,2,3,4,5,6,7,8,9,10,11,12,13,14,15,16,17,18,19,20,21,22,23,24,25,26,27,28,29,30,31,32,33,34,35,36,37,38,39,40,41,42,43,44,45,46,47,48,49,50,51,52,53,54,55,56,57,58,59,60,61,62,63,64,65,66,67,68,69,70,71,72,73,74,75,76,77,78,79,80,81,82,83,84,85,86,87,88,89,90,91,92,93,94,95,96,97,98,99,100],"tree_info":[0,0,0,0,0,0,0,0,0,0,0,0,0,0,0,0,0,0,0,0,0,0,0,0,0,0,0,0,0,0,0,0,0,0,0,0,0,0,0,0,0,0,0,0,0,0,0,0,0,0,0,0,0,0,0,0,0,0,0,0,0,0,0,0,0,0,0,0,0,0,0,0,0,0,0,0,0,0,0,0,0,0,0,0,0,0,0,0,0,0,0,0,0,0,0,0,0,0,0,0],"trees":[{"base_weights":[-1.5258789E-6,-1.4633335E0,8.361903E0,1.1703695E0,1.1004443E0,-3.7222292E-2,2.1277772E-1],"categories":[],"categories_nodes":[],"categories_segments":[],"categories_sizes":[],"default_left":[0,0,0,0,0,0,0],"id":0,"left_children":[1,-1,3,5,-1,-1,-1],"loss_changes":[1.345988E3,0E0,1.2014819E2,5.2226763E0,0E0,0E0,0E0],"parents":[2147483647,0,0,2,2,3,3],"right_children":[2,-1,4,6,-1,-1,-1],"split_conditions":[5.0031483E-1,-1.4633335E0,7.028597E-1,6.0550207E-1,1.1004443E0,-3.7222292E-2,2.1277772E-1],"split_indices":[0,0,0,0,0,0,0],"split_type":[0,0,0,0,0,0,0],"sum_hessian":[9E0,3E0,6E0,2E0,4E0,1E0,1E0],"tree_param":{"num_deleted":"0","num_feature":"2","num_nodes":"7","size_leaf_vector":"1"}},{"base_weights":[-1.8733215E-2,-1.3535836E0,7.708001E0,1.111852E0,1.0124091E0,-3.53611E-2,2.021389E-1],"categories":[],"categories_nodes":[],"categories_segments":[],"categories_sizes":[],"default_left":[0,0,0,0,0,0,0],"id":1,"left_children":[1,-1,3,5,-1,-1,-1],"loss_changes":[1.1487648E3,0E0,1.00301636E2,4.713463E0,0E0,0E0,0E0],"parents":[2147483647,0,0,2,2,3,3],"right_children":[2,-1,4,6,-1,-1,-1],"split_conditions":[5.0031483E-1,-1.3535836E0,7.028597E-1,6.0550207E-1,1.0124091E0,-3.53611E-2,2.021389E-1],"split_indices":[0,0,0,0,0,0,0],"split_type":[0,0,0,0,0,0,0],"sum_hessian":[9E0,3E0,6E0,2E0,4E0,1E0,1E0],"tree_param":{"num_deleted":"0","num_feature":"2","num_nodes":"7","size_leaf_vector":"1"}},{"base_weights":[-3.4297943E-2,-1.2520647E0,7.1056585E0,1.0562592E0,9.3141663E-1,-3.3592988E-2,1.9203186E-1],"categories":[],"categories_nodes":[],"categories_segments":[],"categories_sizes":[],"default_left":[0,0,0,0,0,0,0],"id":2,"left_children":[1,-1,3,5,-1,-1,-1],"loss_changes":[9.8048724E2,0E0,8.368286E1,4.253894E0,0E0,0E0,0E0],"parents":[2147483647,0,0,2,2,3,3],"right_children":[2,-1,4,6,-1,-1,-1],"split_conditions":[5.0031483E-1,-1.2520647E0,7.028597E-1,6.0550207E-1,9.3141663E-1,-3.3592988E-2,1.9203186E-1],"split_indices":[0,0,0,0,0,0,0],"split_type":[0,0,0,0,0,0,0],"sum_hessian":[9E0,3E0,6E0,2E0,4E0,1E0,1E0],"tree_param":{"num_deleted":"0","num_feature":"2","num_nodes":"7","size_leaf_vector":"1"}},{"base_weights":[-4.7089387E-2,-1.1581596E0,6.5507846E0,2.0554066E0,9.408466E-1,-3.1913377E-2,2.9532978E-1],"categories":[],"categories_nodes":[],"categories_segments":[],"categories_sizes":[],"default_left":[0,0,0,0,0,0,0],"id":3,"left_children":[1,-1,3,5,-1,-1,-1],"loss_changes":[8.369008E2,0E0,7.05863E1,9.470816E0,0E0,0E0,0E0],"parents":[2147483647,0,0,2,2,3,3],"right_children":[2,-1,4,6,-1,-1,-1],"split_conditions":[5.0031483E-1,-1.1581596E0,8.092859E-1,6.0550207E-1,9.408466E-1,-3.1913377E-2,2.9532978E-1],"split_indices":[0,0,0,0,0,0,0],"split_type":[0,0,0,0,0,0,0],"sum_hessian":[9E0,3E0,6E0,3E0,3E0,1E0,2E0],"tree_param":{"num_deleted":"0","num_feature":"2","num_nodes":"7","size_leaf_vector":"1"}},{"base_weights":[-3.7770845E-2,-1.0712979E0,6.067744E0,9.156418E-1,7.945456E-1,-3.0317688E-2,1.6766396E-1],"categories":[],"categories_nodes":[],"categories_segments":[],"categories_sizes":[],"default_left":[0,0,0,0,0,0,0],"id":4,"left_children":[1,-1,3,5,-1,-1,-1],"loss_changes":[7.167799E2,0E0,6.044394E1,3.2908735E0,0E0,0E0,0E0],"parents":[2147483647,0,0,2,2,3,3],"right_children":[2,-1,4,6,-1,-1,-1],"split_conditions":[5.0031483E-1,-1.0712979E0,7.028597E-1,6.0550207E-1,7.945456E-1,-3.0317688E-2,1.6766396E-1],"split_indices":[0,0,0,0,0,0,0],"split_type":[0,0,0,0,0,0,0],"sum_hessian":[9E0,3E0,6E0,2E0,4E0,1E0,1E0],"tree_param":{"num_deleted":"0","num_feature":"2","num_nodes":"7","size_leaf_vector":"1"}},{"base_weights":[-4.7935486E-2,-9.909506E-1,5.5940957E0,1.6827488E0,8.1069183E-1,-2.8801728E-2,2.4356766E-1],"categories":[],"categories_nodes":[],"categories_segments":[],"categories_sizes":[],"default_left":[0,0,0,0,0,0,0],"id":5,"left_children":[1,-1,3,5,-1,-1,-1],"loss_changes":[6.1182764E2,0E0,5.5157715E1,6.636896E0,0E0,0E0,0E0],"parents":[2147483647,0,0,2,2,3,3],"right_children":[2,-1,4,6,-1,-1,-1],"split_conditions":[5.0031483E-1,-9.909506E-1,8.092859E-1,6.0550207E-1,8.1069183E-1,-2.8801728E-2,2.4356766E-1],"split_indices":[0,0,0,0,0,0,0],"split_type":[0,0,0,0,0,0,0],"sum_hessian":[9E0,3E0,6E0,3E0,3E0,1E0,2E0],"tree_param":{"num_deleted":"0","num_feature":"2","num_nodes":"7","size_leaf_vector":"1"}},{"base_weights":[-3.969116E-2,-9.1662925E-1,5.1811795E0,1.5681648E0,7.4988997E-1,-2.736168E-2,2.2732976E-1],"categories":[],"categories_nodes":[],"categories_segments":[],"categories_sizes":[],"default_left":[0,0,0,0,0,0,0],"id":6,"left_children":[1,-1,3,5,-1,-1,-1],"loss_changes":[5.239802E2,0E0,4.6858185E1,5.8168154E0,0E0,0E0,0E0],"parents":[2147483647,0,0,2,2,3,3],"right_children":[2,-1,4,6,-1,-1,-1],"split_conditions":[5.0031483E-1,-9.1662925E-1,8.092859E-1,6.0550207E-1,7.4988997E-1,-2.736168E-2,2.2732976E-1],"split_indices":[0,0,0,0,0,0,0],"split_type":[0,0,0,0,0,0,0],"sum_hessian":[9E0,3E0,6E0,3E0,3E0,1E0,2E0],"tree_param":{"num_deleted":"0","num_feature":"2","num_nodes":"7","size_leaf_vector":"1"}},{"base_weights":[-3.240204E-2,-8.478823E-1,4.798753E0,1.461338E0,6.93648E-1,-2.5993729E-2,2.1217422E-1],"categories":[],"categories_nodes":[],"categories_segments":[],"categories_sizes":[],"default_left":[0,0,0,0,0,0,0],"id":7,"left_children":[1,-1,3,5,-1,-1,-1],"loss_changes":[4.4874744E2,0E0,3.980484E1,5.0984707E0,0E0,0E0,0E0],"parents":[2147483647,0,0,2,2,3,3],"right_children":[2,-1,4,6,-1,-1,-1],"split_conditions":[5.0031483E-1,-8.478823E-1,8.092859E-1,6.0550207E-1,6.93648E-1,-2.5993729E-2,2.1217422E-1],"split_indices":[0,0,0,0,0,0,0],"split_type":[0,0,0,0,0,0,0],"sum_hessian":[9E0,3E0,6E0,3E0,3E0,1E0,2E0],"tree_param":{"num_deleted":"0","num_feature":"2","num_nodes":"7","size_leaf_vector":"1"}},{"base_weights":[-2.5966644E-2,-7.842909E-1,4.444567E0,1.3617496E0,6.416243E-1,-2.469406E-2,1.9802932E-1],"categories":[],"categories_nodes":[],"categories_segments":[],"categories_sizes":[],"default_left":[0,0,0,0,0,0,0],"id":8,"left_children":[1,-1,3,5,-1,-1,-1],"loss_changes":[3.8431735E2,0E0,3.3810913E1,4.469195E0,0E0,0E0,0E0],"parents":[2147483647,0,0,2,2,3,3],"right_children":[2,-1,4,6,-1,-1,-1],"split_conditions":[5.0031483E-1,-7.842909E-1,8.092859E-1,6.0550207E-1,6.416243E-1,-2.469406E-2,1.9802932E-1],"split_indices":[0,0,0,0,0,0,0],"split_type":[0,0,0,0,0,0,0],"sum_hessian":[9E0,3E0,6E0,3E0,3E0,1E0,2E0],"tree_param":{"num_deleted":"0","num_feature":"2","num_nodes":"7","size_leaf_vector":"1"}},{"base_weights":[-2.0301819E-2,-7.254688E-1,4.1165338E0,1.2689095E0,5.9350246E-1,-2.3459245E-2,1.8482743E-1],"categories":[],"categories_nodes":[],"categories_segments":[],"categories_sizes":[],"default_left":[0,0,0,0,0,0,0],"id":9,"left_children":[1,-1,3,5,-1,-1,-1],"loss_changes":[3.2913882E2,0E0,2.8717644E1,3.9178958E0,0E0,0E0,0E0],"parents":[2147483647,0,0,2,2,3,3],"right_children":[2,-1,4,6,-1,-1,-1],"split_conditions":[5.0031483E-1,-7.254688E-1,8.092859E-1,6.0550207E-1,5.9350246E-1,-2.3459245E-2,1.8482743E-1],"split_indices":[0,0,0,0,0,0,0],"split_type":[0,0,0,0,0,0,0],"sum_hessian":[9E0,3E0,6E0,3E0,3E0,1E0,2E0],"tree_param":{"num_deleted":"0","num_feature":"2","num_nodes":"7","size_leaf_vector":"1"}},{"base_weights":[-1.5332031E-2,-6.710585E-1,3.812717E0,1.1823597E0,5.489895E-1,-2.2286225E-2,1.7250544E-1],"categories":[],"categories_nodes":[],"categories_segments":[],"categories_sizes":[],"default_left":[0,0,0,0,0,0,0],"id":10,"left_children":[1,-1,3,5,-1,-1,-1],"loss_changes":[2.8188312E2,0E0,2.4390007E1,3.4348745E0,0E0,0E0,0E0],"parents":[2147483647,0,0,2,2,3,3],"right_children":[2,-1,4,6,-1,-1,-1],"split_conditions":[5.0031483E-1,-6.710585E-1,8.092859E-1,6.0550207E-1,5.489895E-1,-2.2286225E-2,1.7250544E-1],"split_indices":[0,0,0,0,0,0,0],"split_type":[0,0,0,0,0,0,0],"sum_hessian":[9E0,3E0,6E0,3E0,3E0,1E0,2E0],"tree_param":{"num_deleted":"0","num_feature":"2","num_nodes":"7","size_leaf_vector":"1"}},{"base_weights":[-1.0984039E-2,-6.207291E-1,3.5313318E0,5.079117E-1,4.6391172E0,-2.1171952E-2,9.73587E-2,2.106837E-1,5.6250256E-1],"categories":[],"categories_nodes":[],"categories_segments":[],"categories_sizes":[],"default_left":[0,0,0,0,0,0,0,0,0],"id":11,"left_children":[1,-1,3,5,7,-1,-1,-1,-1],"loss_changes":[2.4141273E2,0E0,2.108886E1,1.2114708E0,6.31958E-1,0E0,0E0,0E0,0E0],"parents":[2147483647,0,0,2,2,3,3,4,4],"right_children":[2,-1,4,6,8,-1,-1,-1,-1],"split_conditions":[5.0031483E-1,-6.207291E-1,7.028597E-1,6.0550207E-1,9.156613E-1,-2.1171952E-2,9.73587E-2,2.106837E-1,5.6250256E-1],"split_indices":[0,0,0,0,0,0,0,0,0],"split_type":[0,0,0,0,0,0,0,0,0],"sum_hessian":[9E0,3E0,6E0,2E0,4E0,1E0,1E0,2E0,2E0],"tree_param":{"num_deleted":"0","num_feature":"2","num_nodes":"9","size_leaf_vector":"1"}},{"base_weights":[1.2978363E-2,-5.741745E-1,3.2995377E0,4.8251596E-1,4.329843E0,-2.0113373E-2,9.249077E-2,1.9663797E-1,5.2500254E-1],"categories":[],"categories_nodes":[],"categories_segments":[],"categories_sizes":[],"default_left":[0,0,0,0,0,0,0,0,0],"id":12,"left_children":[1,-1,3,5,7,-1,-1,-1,-1],"loss_changes":[2.0807751E2,0E0,1.8227531E1,1.093353E0,5.5054474E-1,0E0,0E0,0E0,0E0],"parents":[2147483647,0,0,2,2,3,3,4,4],"right_children":[2,-1,4,6,8,-1,-1,-1,-1],"split_conditions":[5.0031483E-1,-5.741745E-1,7.028597E-1,6.0550207E-1,9.156613E-1,-2.0113373E-2,9.249077E-2,1.9663797E-1,5.2500254E-1],"split_indices":[0,0,0,0,0,0,0,0,0],"split_type":[0,0,0,0,0,0,0,0,0],"sum_hessian":[9E0,3E0,6E0,2E0,4E0,1E0,1E0,2E0,2E0],"tree_param":{"num_deleted":"0","num_feature":"2","num_nodes":"9","size_leaf_vector":"1"}},{"base_weights":[3.366394E-2,-5.3111154E-1,3.0830142E0,9.627037E-1,4.4325715E-1,-1.9107819E-2,1.4109904E-1],"categories":[],"categories_nodes":[],"categories_segments":[],"categories_sizes":[],"default_left":[0,0,0,0,0,0,0],"id":13,"left_children":[1,-1,3,5,-1,-1,-1],"loss_changes":[1.7935529E2,0E0,1.5763107E1,2.3385098E0,0E0,0E0,0E0],"parents":[2147483647,0,0,2,2,3,3],"right_children":[2,-1,4,6,-1,-1,-1],"split_conditions":[5.0031483E-1,-5.3111154E-1,8.092859E-1,6.0550207E-1,4.4325715E-1,-1.9107819E-2,1.4109904E-1],"split_indices":[0,0,0,0,0,0,0],"split_type":[0,0,0,0,0,0,0],"sum_hessian":[9E0,3E0,6E0,3E0,3E0,1E0,2E0],"tree_param":{"num_deleted":"0","num_feature":"2","num_nodes":"7","size_leaf_vector":"1"}},{"base_weights":[3.371048E-2,-4.912781E0,2.8554611E0,-5.622472E-1,-1.3918534E-1,1.234935E0,4.6045175E-1,-1.8152619E-2,1.634432E-1],"categories":[],"categories_nodes":[],"categories_segments":[],"categories_sizes":[],"default_left":[0,0,0,0,0,0,0,0,0],"id":14,"left_children":[1,3,5,-1,-1,7,-1,-1,-1],"loss_changes":[1.536059E2,2.1694336E0,1.4154461E1,0E0,0E0,3.1260514E0,0E0,0E0,0E0],"parents":[2147483647,0,0,1,1,2,2,5,5],"right_children":[2,4,6,-1,-1,8,-1,-1,-1],"split_conditions":[5.0031483E-1,1.99214E-1,9.156613E-1,-5.622472E-1,-1.3918534E-1,6.0550207E-1,4.6045175E-1,-1.8152619E-2,1.634432E-1],"split_indices":[0,0,0,0,0,0,0,0,0],"split_type":[0,0,0,0,0,0,0,0,0],"sum_hessian":[9E0,3E0,6E0,2E0,1E0,4E0,2E0,1E0,3E0],"tree_param":{"num_deleted":"0","num_feature":"2","num_nodes":"9","size_leaf_vector":"1"}},{"base_weights":[2.0770263E-2,-4.596861E0,2.6564496E0,-5.24764E-1,-1.3222618E-1,1.1404984E0,4.2975518E-1,-1.7245103E-2,1.5118484E-1],"categories":[],"categories_nodes":[],"categories_segments":[],"categories_sizes":[],"default_left":[0,0,0,0,0,0,0,0,0],"id":15,"left_children":[1,3,5,-1,-1,7,-1,-1,-1],"loss_changes":[1.3391727E2,1.5854034E0,1.2513462E1,0E0,0E0,2.6985393E0,0E0,0E0,0E0],"parents":[2147483647,0,0,1,1,2,2,5,5],"right_children":[2,4,6,-1,-1,8,-1,-1,-1],"split_conditions":[5.0031483E-1,1.99214E-1,9.156613E-1,-5.24764E-1,-1.3222618E-1,6.0550207E-1,4.2975518E-1,-1.7245103E-2,1.5118484E-1],"split_indices":[0,0,0,0,0,0,0,0,0],"split_type":[0,0,0,0,0,0,0,0,0],"sum_hessian":[9E0,3E0,6E0,2E0,1E0,4E0,2E0,1E0,3E0],"tree_param":{"num_deleted":"0","num_feature":"2","num_nodes":"9","size_leaf_vector":"1"}},{"base_weights":[9.363556E-3,-4.301422E0,2.471332E0,-4.8977968E-1,-1.2561493E-1,1.0532364E0,4.0110475E-1,-1.6382981E-2,1.3984604E-1],"categories":[],"categories_nodes":[],"categories_segments":[],"categories_sizes":[],"default_left":[0,0,0,0,0,0,0,0,0],"id":16,"left_children":[1,3,5,-1,-1,7,-1,-1,-1],"loss_changes":[1.1676042E2,1.1121292E0,1.1059666E1,0E0,0E0,2.3299117E0,0E0,0E0,0E0],"parents":[2147483647,0,0,1,1,2,2,5,5],"right_children":[2,4,6,-1,-1,8,-1,-1,-1],"split_conditions":[5.0031483E-1,1.99214E-1,9.156613E-1,-4.8977968E-1,-1.2561493E-1,6.0550207E-1,4.0110475E-1,-1.6382981E-2,1.3984604E-1],"split_indices":[0,0,0,0,0,0,0,0,0],"split_type":[0,0,0,0,0,0,0,0,0],"sum_hessian":[9E0,3E0,6E0,2E0,1E0,4E0,2E0,1E0,3E0],"tree_param":{"num_deleted":"0","num_feature":"2","num_nodes":"9","size_leaf_vector":"1"}},{"base_weights":[-6.5689086E-4,-4.0251293E0,2.2991354E0,-4.571279E-1,-1.19334035E-1,9.726044E-1,3.7436423E-1,-1.5563965E-2,1.2935753E-1],"categories":[],"categories_nodes":[],"categories_segments":[],"categories_sizes":[],"default_left":[0,0,0,0,0,0,0,0,0],"id":17,"left_children":[1,3,5,-1,-1,7,-1,-1,-1],"loss_changes":[1.0180882E2,7.312317E-1,9.772202E0,0E0,0E0,2.0119991E0,0E0,0E0,0E0],"parents":[2147483647,0,0,1,1,2,2,5,5],"right_children":[2,4,6,-1,-1,8,-1,-1,-1],"split_conditions":[5.0031483E-1,1.99214E-1,9.156613E-1,-4.571279E-1,-1.19334035E-1,6.0550207E-1,3.7436423E-1,-1.5563965E-2,1.2935753E-1],"split_indices":[0,0,0,0,0,0,0,0,0],"split_type":[0,0,0,0,0,0,0,0,0],"sum_hessian":[9E0,3E0,6E0,2E0,1E0,4E0,2E0,1E0,3E0],"tree_param":{"num_deleted":"0","num_feature":"2","num_nodes":"9","size_leaf_vector":"1"}},{"base_weights":[-9.420013E-3,-3.7667313E0,2.1389606E0,-4.2665252E-1,-1.1336746E-1,2.4555969E-1,2.8472092E0,-1.4785767E-2,5.161972E-2,1.2512793E-1,3.4940693E-1],"categories":[],"categories_nodes":[],"categories_segments":[],"categories_sizes":[],"default_left":[0,0,0,0,0,0,0,0,0,0,0],"id":18,"left_children":[1,3,5,-1,-1,7,9,-1,-1,-1,-1],"loss_changes":[8.8778244E1,4.270897E-1,8.687832E0,0E0,0E0,3.957442E-1,7.896576E-1,0E0,0E0,0E0,0E0],"parents":[2147483647,0,0,1,1,2,2,5,5,6,6],"right_children":[2,4,6,-1,-1,8,10,-1,-1,-1,-1],"split_conditions":[5.0031483E-1,1.99214E-1,7.028597E-1,-4.2665252E-1,-1.1336746E-1,6.0550207E-1,9.156613E-1,-1.4785767E-2,5.161972E-2,1.2512793E-1,3.4940693E-1],"split_indices":[0,0,0,0,0,0,0,0,0,0,0],"split_type":[0,0,0,0,0,0,0,0,0,0,0],"sum_hessian":[9E0,3E0,6E0,2E0,1E0,2E0,4E0,1E0,1E0,2E0,2E0],"tree_param":{"num_deleted":"0","num_feature":"2","num_nodes":"11","size_leaf_vector":"1"}},{"base_weights":[-1.134491E-2,-3.5250645E0,1.9981155E0,-3.9820912E-1,-1.0769921E-1,2.3328145E-1,2.657393E0,-1.4046478E-2,4.9038697E-2,1.1678594E-1,3.2611287E-1],"categories":[],"categories_nodes":[],"categories_segments":[],"categories_sizes":[],"default_left":[0,0,0,0,0,0,0,0,0,0,0],"id":19,"left_children":[1,3,5,-1,-1,7,9,-1,-1,-1,-1],"loss_changes":[7.765029E1,1.8665695E-1,7.524687E0,0E0,0E0,3.5715878E-1,6.878853E-1,0E0,0E0,0E0,0E0],"parents":[2147483647,0,0,1,1,2,2,5,5,6,6],"right_children":[2,4,6,-1,-1,8,10,-1,-1,-1,-1],"split_conditions":[5.0031483E-1,1.99214E-1,7.028597E-1,-3.9820912E-1,-1.0769921E-1,6.0550207E-1,9.156613E-1,-1.4046478E-2,4.9038697E-2,1.1678594E-1,3.2611287E-1],"split_indices":[0,0,0,0,0,0,0,0,0,0,0],"split_type":[0,0,0,0,0,0,0,0,0,0,0],"sum_hessian":[9E0,3E0,6E0,2E0,1E0,2E0,4E0,1E0,1E0,2E0,2E0],"tree_param":{"num_deleted":"0","num_feature":"2","num_nodes":"11","size_leaf_vector":"1"}},{"base_weights":[-1.3011932E-2,-3.299036E-1,1.866575E0,2.216161E-1,2.4802353E0,-1.3344193E-2,4.658661E-2,1.090004E-1,3.0437216E-1],"categories":[],"categories_nodes":[],"categories_segments":[],"categories_sizes":[],"default_left":[0,0,0,0,0,0,0,0,0],"id":20,"left_children":[1,-1,3,5,7,-1,-1,-1,-1],"loss_changes":[6.792158E1,0E0,6.5164623E0,3.2233483E-1,5.9921074E-1,0E0,0E0,0E0,0E0],"parents":[2147483647,0,0,2,2,3,3,4,4],"right_children":[2,-1,4,6,8,-1,-1,-1,-1],"split_conditions":[5.0031483E-1,-3.299036E-1,7.028597E-1,6.0550207E-1,9.156613E-1,-1.3344193E-2,4.658661E-2,1.090004E-1,3.0437216E-1],"split_indices":[0,0,0,0,0,0,0,0,0],"split_type":[0,0,0,0,0,0,0,0,0],"sum_hessian":[9E0,3E0,6E0,2E0,4E0,1E0,1E0,2E0,2E0],"tree_param":{"num_deleted":"0","num_feature":"2","num_nodes":"9","size_leaf_vector":"1"}},{"base_weights":[-3.890991E-5,-3.051609E0,1.743721E0,-3.4966838E-1,-8.5819244E-2,2.1053569E-1,2.314888E0,-1.2677002E-2,4.4257354E-2,1.0173365E-1,2.84081E-1],"categories":[],"categories_nodes":[],"categories_segments":[],"categories_sizes":[],"default_left":[0,0,0,0,0,0,0,0,0,0,0],"id":21,"left_children":[1,3,5,-1,-1,7,9,-1,-1,-1,-1],"loss_changes":[5.853321E1,9.0410995E-1,5.6425705E0,0E0,0E0,2.909081E-1,5.2199554E-1,0E0,0E0,0E0,0E0],"parents":[2147483647,0,0,1,1,2,2,5,5,6,6],"right_children":[2,4,6,-1,-1,8,10,-1,-1,-1,-1],"split_conditions":[5.0031483E-1,1.99214E-1,7.028597E-1,-3.4966838E-1,-8.5819244E-2,6.0550207E-1,9.156613E-1,-1.2677002E-2,4.4257354E-2,1.0173365E-1,2.84081E-1],"split_indices":[0,0,0,0,0,0,0,0,0,0,0],"split_type":[0,0,0,0,0,0,0,0,0,0,0],"sum_hessian":[9E0,3E0,6E0,2E0,1E0,2E0,4E0,1E0,1E0,2E0,2E0],"tree_param":{"num_deleted":"0","num_feature":"2","num_nodes":"11","size_leaf_vector":"1"}},{"base_weights":[-1.8447876E-3,-2.85532E0,1.628976E0,-3.26357E-1,-8.152848E-2,4.7452545E-1,2.3761825E-1,-1.2042999E-2,7.1298726E-2],"categories":[],"categories_nodes":[],"categories_segments":[],"categories_sizes":[],"default_left":[0,0,0,0,0,0,0,0,0],"id":22,"left_children":[1,3,5,-1,-1,7,-1,-1,-1],"loss_changes":[5.1186314E1,6.7063904E-1,4.9107323E0,0E0,0E0,6.533617E-1,0E0,0E0,0E0],"parents":[2147483647,0,0,1,1,2,2,5,5],"right_children":[2,4,6,-1,-1,8,-1,-1,-1],"split_conditions":[5.0031483E-1,1.99214E-1,8.092859E-1,-3.26357E-1,-8.152848E-2,6.0550207E-1,2.3761825E-1,-1.2042999E-2,7.1298726E-2],"split_indices":[0,0,0,0,0,0,0,0,0],"split_type":[0,0,0,0,0,0,0,0,0],"sum_hessian":[9E0,3E0,6E0,2E0,1E0,3E0,3E0,1E0,2E0],"tree_param":{"num_deleted":"0","num_feature":"2","num_nodes":"9","size_leaf_vector":"1"}},{"base_weights":[-1.2763214E-2,-2.6717606E0,1.5084871E0,-3.0460003E-1,-7.7452086E-2,6.1608124E-1,2.4930012E-1,-1.144104E-2,8.273067E-2],"categories":[],"categories_nodes":[],"categories_segments":[],"categories_sizes":[],"default_left":[0,0,0,0,0,0,0,0,0],"id":23,"left_children":[1,3,5,-1,-1,7,-1,-1,-1],"loss_changes":[4.4480324E1,4.80896E-1,4.614211E0,0E0,0E0,8.661449E-1,0E0,0E0,0E0],"parents":[2147483647,0,0,1,1,2,2,5,5],"right_children":[2,4,6,-1,-1,8,-1,-1,-1],"split_conditions":[5.0031483E-1,1.99214E-1,9.156613E-1,-3.0460003E-1,-7.7452086E-2,6.0550207E-1,2.4930012E-1,-1.144104E-2,8.273067E-2],"split_indices":[0,0,0,0,0,0,0,0,0],"split_type":[0,0,0,0,0,0,0,0,0],"sum_hessian":[9E0,3E0,6E0,2E0,1E0,4E0,2E0,1E0,3E0],"tree_param":{"num_deleted":"0","num_feature":"2","num_nodes":"9","size_leaf_vector":"1"}},{"base_weights":[-1.7632294E-2,-2.5000954E0,1.4034369E0,-2.8429312E-1,-7.357941E-2,5.687302E-1,2.3268025E-1,-1.0868835E-2,7.652569E-2],"categories":[],"categories_nodes":[],"categories_segments":[],"categories_sizes":[],"default_left":[0,0,0,0,0,0,0,0,0],"id":24,"left_children":[1,3,5,-1,-1,7,-1,-1,-1],"loss_changes":[3.8786243E1,3.2765198E-1,4.0718546E0,0E0,0E0,7.4882853E-1,0E0,0E0,0E0],"parents":[2147483647,0,0,1,1,2,2,5,5],"right_children":[2,4,6,-1,-1,8,-1,-1,-1],"split_conditions":[5.0031483E-1,1.99214E-1,9.156613E-1,-2.8429312E-1,-7.357941E-2,6.0550207E-1,2.3268025E-1,-1.0868835E-2,7.652569E-2],"split_indices":[0,0,0,0,0,0,0,0,0],"split_type":[0,0,0,0,0,0,0,0,0],"sum_hessian":[9E0,3E0,6E0,2E0,1E0,4E0,2E0,1E0,3E0],"tree_param":{"num_deleted":"0","num_feature":"2","num_nodes":"9","size_leaf_vector":"1"}},{"base_weights":[-2.1821594E-2,-2.3395538E0,1.3057142E0,-2.6534018E-1,-6.990051E-2,5.2499086E-1,2.1716817E-1,-1.0325241E-2,7.0786476E-2],"categories":[],"categories_nodes":[],"categories_segments":[],"categories_sizes":[],"default_left":[0,0,0,0,0,0,0,0,0],"id":25,"left_children":[1,3,5,-1,-1,7,-1,-1,-1],"loss_changes":[3.3823517E1,2.0479012E-1,3.592454E0,0E0,0E0,6.475352E-1,0E0,0E0,0E0],"parents":[2147483647,0,0,1,1,2,2,5,5],"right_children":[2,4,6,-1,-1,8,-1,-1,-1],"split_conditions":[5.0031483E-1,1.99214E-1,9.156613E-1,-2.6534018E-1,-6.990051E-2,6.0550207E-1,2.1716817E-1,-1.0325241E-2,7.0786476E-2],"split_indices":[0,0,0,0,0,0,0,0,0],"split_type":[0,0,0,0,0,0,0,0,0],"sum_hessian":[9E0,3E0,6E0,2E0,1E0,4E0,2E0,1E0,3E0],"tree_param":{"num_deleted":"0","num_feature":"2","num_nodes":"9","size_leaf_vector":"1"}},{"base_weights":[-2.5399018E-2,-2.1894073E0,1.2148056E0,-2.4765065E-1,-6.640549E-2,4.8458403E-1,2.0269063E-1,-9.809113E-3,6.5477565E-2],"categories":[],"categories_nodes":[],"categories_segments":[],"categories_sizes":[],"default_left":[0,0,0,0,0,0,0,0,0],"id":26,"left_children":[1,3,5,-1,-1,7,-1,-1,-1],"loss_changes":[2.9497837E1,1.0717201E-1,3.1688871E0,0E0,0E0,5.6005967E-1,0E0,0E0,0E0],"parents":[2147483647,0,0,1,1,2,2,5,5],"right_children":[2,4,6,-1,-1,8,-1,-1,-1],"split_conditions":[5.0031483E-1,1.99214E-1,9.156613E-1,-2.4765065E-1,-6.640549E-2,6.0550207E-1,2.0269063E-1,-9.809113E-3,6.5477565E-2],"split_indices":[0,0,0,0,0,0,0,0,0],"split_type":[0,0,0,0,0,0,0,0,0],"sum_hessian":[9E0,3E0,6E0,2E0,1E0,4E0,2E0,1E0,3E0],"tree_param":{"num_deleted":"0","num_feature":"2","num_nodes":"9","size_leaf_vector":"1"}},{"base_weights":[-2.8429413E-2,-2.0489807E0,1.1302327E0,-2.3114064E-1,-6.3085176E-2,4.4726104E-1,1.8917745E-1,-9.318543E-3,6.0566902E-2],"categories":[],"categories_nodes":[],"categories_segments":[],"categories_sizes":[],"default_left":[0,0,0,0,0,0,0,0,0],"id":27,"left_children":[1,3,5,-1,-1,7,-1,-1,-1],"loss_changes":[2.5727186E1,3.0460358E-2,2.7946634E0,0E0,0E0,4.844947E-1,0E0,0E0,0E0],"parents":[2147483647,0,0,1,1,2,2,5,5],"right_children":[2,4,6,-1,-1,8,-1,-1,-1],"split_conditions":[5.0031483E-1,1.99214E-1,9.156613E-1,-2.3114064E-1,-6.3085176E-2,6.0550207E-1,1.8917745E-1,-9.318543E-3,6.0566902E-2],"split_indices":[0,0,0,0,0,0,0,0,0],"split_type":[0,0,0,0,0,0,0,0,0],"sum_hessian":[9E0,3E0,6E0,2E0,1E0,4E0,2E0,1E0,3E0],"tree_param":{"num_deleted":"0","num_feature":"2","num_nodes":"9","size_leaf_vector":"1"}},{"base_weights":[-3.0967712E-2,-1.9176388E-1,1.051554E0,4.1278228E-1,1.7656556E-1,-8.852768E-3,5.602417E-2],"categories":[],"categories_nodes":[],"categories_segments":[],"categories_sizes":[],"default_left":[0,0,0,0,0,0,0],"id":28,"left_children":[1,-1,3,5,-1,-1,-1],"loss_changes":[2.2440125E1,0E0,2.4642034E0,4.1921133E-1,0E0,0E0,0E0],"parents":[2147483647,0,0,2,2,3,3],"right_children":[2,-1,4,6,-1,-1,-1],"split_conditions":[5.0031483E-1,-1.9176388E-1,9.156613E-1,6.0550207E-1,1.7656556E-1,-8.852768E-3,5.602417E-2],"split_indices":[0,0,0,0,0,0,0],"split_type":[0,0,0,0,0,0,0],"sum_hessian":[9E0,3E0,6E0,4E0,2E0,1E0,3E0],"tree_param":{"num_deleted":"0","num_feature":"2","num_nodes":"7","size_leaf_vector":"1"}},{"base_weights":[-2.4672698E-2,-1.7738152E0,9.7836196E-1,-2.3471032E-1,-8.003514E-2,6.309255E-2,1.3318512E0,-8.410263E-3,1.7874146E-2,5.718028E-2,1.6479492E-1],"categories":[],"categories_nodes":[],"categories_segments":[],"categories_sizes":[],"default_left":[0,0,0,0,0,0,0,0,0,0,0],"id":29,"left_children":[1,3,5,-1,-1,7,9,-1,-1,-1,-1],"loss_changes":[1.9279938E1,3.537922E-1,2.180736E0,0E0,0E0,6.6101514E-2,2.5894642E-1,0E0,0E0,0E0,0E0],"parents":[2147483647,0,0,1,1,2,2,5,5,6,6],"right_children":[2,4,6,-1,-1,8,10,-1,-1,-1,-1],"split_conditions":[5.0031483E-1,1.01500936E-1,7.028597E-1,-2.3471032E-1,-8.003514E-2,6.0550207E-1,9.156613E-1,-8.410263E-3,1.7874146E-2,5.718028E-2,1.6479492E-1],"split_indices":[0,0,0,0,0,0,0,0,0,0,0],"split_type":[0,0,0,0,0,0,0,0,0,0,0],"sum_hessian":[9E0,3E0,6E0,1E0,2E0,2E0,4E0,1E0,1E0,2E0,2E0],"tree_param":{"num_deleted":"0","num_feature":"2","num_nodes":"11","size_leaf_vector":"1"}},{"base_weights":[-3.0536652E-2,-1.6751213E0,9.135884E-1,-2.2297478E-1,-7.469966E-2,5.9936523E-2,1.2430618E0,-7.989883E-3,1.6980363E-2,5.336838E-2,1.538086E-1],"categories":[],"categories_nodes":[],"categories_segments":[],"categories_sizes":[],"default_left":[0,0,0,0,0,0,0,0,0,0,0],"id":30,"left_children":[1,3,5,-1,-1,7,9,-1,-1,-1,-1],"loss_changes":[1.7057306E1,3.9343548E-1,1.8942838E0,0E0,0E0,5.965703E-2,2.2556639E-1,0E0,0E0,0E0,0E0],"parents":[2147483647,0,0,1,1,2,2,5,5,6,6],"right_children":[2,4,6,-1,-1,8,10,-1,-1,-1,-1],"split_conditions":[5.0031483E-1,1.01500936E-1,7.028597E-1,-2.2297478E-1,-7.469966E-2,6.0550207E-1,9.156613E-1,-7.989883E-3,1.6980363E-2,5.336838E-2,1.538086E-1],"split_indices":[0,0,0,0,0,0,0,0,0,0,0],"split_type":[0,0,0,0,0,0,0,0,0,0,0],"sum_hessian":[9E0,3E0,6E0,1E0,2E0,2E0,4E0,1E0,1E0,2E0,2E0],"tree_param":{"num_deleted":"0","num_feature":"2","num_nodes":"11","size_leaf_vector":"1"}},{"base_weights":[-3.5634615E-2,-1.5820274E0,8.5310906E-1,-2.1182595E-1,-6.9719695E-2,5.693817E-2,1.1601899E0,-7.590485E-3,1.6131211E-2,4.9810283E-2,1.4355469E-1],"categories":[],"categories_nodes":[],"categories_segments":[],"categories_sizes":[],"default_left":[0,0,0,0,0,0,0,0,0,0,0],"id":31,"left_children":[1,3,5,-1,-1,7,9,-1,-1,-1,-1],"loss_changes":[1.509311E1,4.210539E-1,1.6453619E0,0E0,0E0,5.3840417E-2,1.9650221E-1,0E0,0E0,0E0,0E0],"parents":[2147483647,0,0,1,1,2,2,5,5,6,6],"right_children":[2,4,6,-1,-1,8,10,-1,-1,-1,-1],"split_conditions":[5.0031483E-1,1.01500936E-1,7.028597E-1,-2.1182595E-1,-6.9719695E-2,6.0550207E-1,9.156613E-1,-7.590485E-3,1.6131211E-2,4.9810283E-2,1.4355469E-1],"split_indices":[0,0,0,0,0,0,0,0,0,0,0],"split_type":[0,0,0,0,0,0,0,0,0,0,0],"sum_hessian":[9E0,3E0,6E0,1E0,2E0,2E0,4E0,1E0,1E0,2E0,2E0],"tree_param":{"num_deleted":"0","num_feature":"2","num_nodes":"11","size_leaf_vector":"1"}},{"base_weights":[-4.0035248E-2,-1.4942131E0,7.9664284E-1,-2.0123482E-1,-6.507187E-2,5.4092407E-2,1.0828445E0,-7.2109224E-3,1.53247835E-2,4.6489716E-2,1.3398437E-1],"categories":[],"categories_nodes":[],"categories_segments":[],"categories_sizes":[],"default_left":[0,0,0,0,0,0,0,0,0,0,0],"id":32,"left_children":[1,3,5,-1,-1,7,9,-1,-1,-1,-1],"loss_changes":[1.3357141E1,4.387045E-1,1.4290609E0,0E0,0E0,4.8591312E-2,1.7117023E-1,0E0,0E0,0E0,0E0],"parents":[2147483647,0,0,1,1,2,2,5,5,6,6],"right_children":[2,4,6,-1,-1,8,10,-1,-1,-1,-1],"split_conditions":[5.0031483E-1,1.01500936E-1,7.028597E-1,-2.0123482E-1,-6.507187E-2,6.0550207E-1,9.156613E-1,-7.2109224E-3,1.53247835E-2,4.6489716E-2,1.3398437E-1],"split_indices":[0,0,0,0,0,0,0,0,0,0,0],"split_type":[0,0,0,0,0,0,0,0,0,0,0],"sum_hessian":[9E0,3E0,6E0,1E0,2E0,2E0,4E0,1E0,1E0,2E0,2E0],"tree_param":{"num_deleted":"0","num_feature":"2","num_nodes":"11","size_leaf_vector":"1"}},{"base_weights":[-4.3804932E-2,-1.4113693E0,7.439183E-1,-1.9117318E-1,-6.0733795E-2,2.9117432E-1,1.2505189E-1,-6.8504335E-3,3.982201E-2],"categories":[],"categories_nodes":[],"categories_segments":[],"categories_sizes":[],"default_left":[0,0,0,0,0,0,0,0,0],"id":33,"left_children":[1,3,5,-1,-1,7,-1,-1,-1],"loss_changes":[1.1822566E1,4.4816113E-1,1.2414036E0,0E0,0E0,2.1979013E-1,0E0,0E0,0E0],"parents":[2147483647,0,0,1,1,2,2,5,5],"right_children":[2,4,6,-1,-1,8,-1,-1,-1],"split_conditions":[5.0031483E-1,1.01500936E-1,9.156613E-1,-1.9117318E-1,-6.0733795E-2,6.0550207E-1,1.2505189E-1,-6.8504335E-3,3.982201E-2],"split_indices":[0,0,0,0,0,0,0,0,0],"split_type":[0,0,0,0,0,0,0,0,0],"sum_hessian":[9E0,3E0,6E0,1E0,2E0,4E0,2E0,1E0,3E0],"tree_param":{"num_deleted":"0","num_feature":"2","num_nodes":"9","size_leaf_vector":"1"}},{"base_weights":[-4.8812866E-2,-1.33321E0,6.921016E-1,-1.8161468E-1,-5.6684878E-2,3.489965E-1,1.3753663E-1,-6.5078735E-3,4.4482726E-1,1.2567139E-2,4.931984E-2],"categories":[],"categories_nodes":[],"categories_segments":[],"categories_sizes":[],"default_left":[0,0,0,0,0,0,0,0,0,0,0],"id":34,"left_children":[1,3,5,-1,-1,7,-1,-1,9,-1,-1],"loss_changes":[1.0439001E1,4.5093584E-1,1.1610231E0,0E0,0E0,2.6703572E-1,0E0,0E0,1.5208721E-2,0E0,0E0],"parents":[2147483647,0,0,1,1,2,2,5,5,8,8],"right_children":[2,4,6,-1,-1,8,-1,-1,10,-1,-1],"split_conditions":[5.0031483E-1,1.01500936E-1,1E0,-1.8161468E-1,-5.6684878E-2,6.0550207E-1,1.3753663E-1,-6.5078735E-3,7.028597E-1,1.2567139E-2,4.931984E-2],"split_indices":[0,0,0,0,0,0,0,0,0,0,0],"split_type":[0,0,0,0,0,0,0,0,0,0,0],"sum_hessian":[9E0,3E0,6E0,1E0,2E0,5E0,1E0,1E0,4E0,1E0,3E0],"tree_param":{"num_deleted":"0","num_feature":"2","num_nodes":"11","size_leaf_vector":"1"}},{"base_weights":[-4.846878E-2,-1.2594624E0,6.5045166E-1,-1.725338E-1,-5.290578E-2,3.2332864E-1,1.3065949E-1,-6.18248E-3,4.1272432E-1,1.1938858E-2,4.562111E-2],"categories":[],"categories_nodes":[],"categories_segments":[],"categories_sizes":[],"default_left":[0,0,0,0,0,0,0,0,0,0,0],"id":35,"left_children":[1,3,5,-1,-1,7,-1,-1,9,-1,-1],"loss_changes":[9.283101E0,4.4830704E-1,1.0800173E0,0E0,0E0,2.3210287E-1,0E0,0E0,9.314716E-3,0E0,0E0],"parents":[2147483647,0,0,1,1,2,2,5,5,8,8],"right_children":[2,4,6,-1,-1,8,-1,-1,10,-1,-1],"split_conditions":[5.0031483E-1,1.01500936E-1,1E0,-1.725338E-1,-5.290578E-2,6.0550207E-1,1.3065949E-1,-6.18248E-3,7.028597E-1,1.1938858E-2,4.562111E-2],"split_indices":[0,0,0,0,0,0,0,0,0,0,0],"split_type":[0,0,0,0,0,0,0,0,0,0,0],"sum_hessian":[9E0,3E0,6E0,1E0,2E0,5E0,1E0,1E0,4E0,1E0,3E0],"tree_param":{"num_deleted":"0","num_feature":"2","num_nodes":"11","size_leaf_vector":"1"}},{"base_weights":[-4.7964476E-2,-1.1898785E0,6.1140984E-1,-1.6390724E-1,-4.937897E-2,2.9955673E-1,1.24126434E-1,-5.8734897E-3,3.8296205E-1,1.1341858E-2,4.2199325E-2],"categories":[],"categories_nodes":[],"categories_segments":[],"categories_sizes":[],"default_left":[0,0,0,0,0,0,0,0,0,0,0],"id":36,"left_children":[1,3,5,-1,-1,7,-1,-1,9,-1,-1],"loss_changes":[8.256991E0,4.4135904E-1,1.0031254E0,0E0,0E0,2.0179379E-1,0E0,0E0,4.741192E-3,0E0,0E0],"parents":[2147483647,0,0,1,1,2,2,5,5,8,8],"right_children":[2,4,6,-1,-1,8,-1,-1,10,-1,-1],"split_conditions":[5.0031483E-1,1.01500936E-1,1E0,-1.6390724E-1,-4.937897E-2,6.0550207E-1,1.24126434E-1,-5.8734897E-3,7.028597E-1,1.1341858E-2,4.2199325E-2],"split_indices":[0,0,0,0,0,0,0,0,0,0,0],"split_type":[0,0,0,0,0,0,0,0,0,0,0],"sum_hessian":[9E0,3E0,6E0,1E0,2E0,5E0,1E0,1E0,4E0,1E0,3E0],"tree_param":{"num_deleted":"0","num_feature":"2","num_nodes":"11","size_leaf_vector":"1"}},{"base_weights":[-4.7319032E-2,-1.1242123E0,5.748084E-1,-1.5571176E-1,-4.608714E-2,2.775434E-1,1.1791992E-1,-5.579758E-3,3.553711E-1,1.0774612E-2,3.903408E-2],"categories":[],"categories_nodes":[],"categories_segments":[],"categories_sizes":[],"default_left":[0,0,0,0,0,0,0,0,0,0,0],"id":37,"left_children":[1,3,5,-1,-1,7,-1,-1,9,-1,-1],"loss_changes":[7.3458543E0,4.3102407E-1,9.3037105E-1,0E0,0E0,1.7548779E-1,0E0,0E0,1.239121E-3,0E0,0E0],"parents":[2147483647,0,0,1,1,2,2,5,5,8,8],"right_children":[2,4,6,-1,-1,8,-1,-1,10,-1,-1],"split_conditions":[5.0031483E-1,1.01500936E-1,1E0,-1.5571176E-1,-4.608714E-2,6.0550207E-1,1.1791992E-1,-5.579758E-3,7.028597E-1,1.0774612E-2,3.903408E-2],"split_indices":[0,0,0,0,0,0,0,0,0,0,0],"split_type":[0,0,0,0,0,0,0,0,0,0,0],"sum_hessian":[9E0,3E0,6E0,1E0,2E0,5E0,1E0,1E0,4E0,1E0,3E0],"tree_param":{"num_deleted":"0","num_feature":"2","num_nodes":"11","size_leaf_vector":"1"}},{"base_weights":[-4.6551514E-2,-1.0622406E0,5.404925E-1,-1.4792633E-1,-4.3014526E-2,2.5716147E-1,1.1202393E-1,-5.300903E-3,3.2979738E-2],"categories":[],"categories_nodes":[],"categories_segments":[],"categories_sizes":[],"default_left":[0,0,0,0,0,0,0,0,0],"id":38,"left_children":[1,3,5,-1,-1,7,-1,-1,-1],"loss_changes":[6.536675E0,4.1809416E-1,8.617394E-1,0E0,0E0,1.5265933E-1,0E0,0E0,0E0],"parents":[2147483647,0,0,1,1,2,2,5,5],"right_children":[2,4,6,-1,-1,8,-1,-1,-1],"split_conditions":[5.0031483E-1,1.01500936E-1,1E0,-1.4792633E-1,-4.3014526E-2,6.0550207E-1,1.1202393E-1,-5.300903E-3,3.2979738E-2],"split_indices":[0,0,0,0,0,0,0,0,0],"split_type":[0,0,0,0,0,0,0,0,0],"sum_hessian":[9E0,3E0,6E0,1E0,2E0,5E0,1E0,1E0,4E0],"tree_param":{"num_deleted":"0","num_feature":"2","num_nodes":"9","size_leaf_vector":"1"}},{"base_weights":[-4.701996E-2,-1.0037518E0,5.0640106E-1,-1.4053002E-1,-4.014689E-2,2.3605983E-1,1.06422424E-1,-5.035782E-3,3.034149E-1,8.586884E-3,3.3633422E-2],"categories":[],"categories_nodes":[],"categories_segments":[],"categories_sizes":[],"default_left":[0,0,0,0,0,0,0,0,0,0,0],"id":39,"left_children":[1,3,5,-1,-1,7,-1,-1,9,-1,-1],"loss_changes":[5.8030562E0,4.0319872E-1,8.043978E-1,0E0,0E0,1.3102943E-1,0E0,0E0,6.9266856E-3,0E0,0E0],"parents":[2147483647,0,0,1,1,2,2,5,5,8,8],"right_children":[2,4,6,-1,-1,8,-1,-1,10,-1,-1],"split_conditions":[5.0031483E-1,1.01500936E-1,1E0,-1.4053002E-1,-4.014689E-2,6.0550207E-1,1.06422424E-1,-5.035782E-3,7.028597E-1,8.586884E-3,3.3633422E-2],"split_indices":[0,0,0,0,0,0,0,0,0,0,0],"split_type":[0,0,0,0,0,0,0,0,0,0,0],"sum_hessian":[9E0,3E0,6E0,1E0,2E0,5E0,1E0,1E0,4E0,1E0,3E0],"tree_param":{"num_deleted":"0","num_feature":"2","num_nodes":"11","size_leaf_vector":"1"}},{"base_weights":[-4.602356E-2,-9.4854546E-1,4.7627804E-1,-1.3350335E-1,-3.74705E-2,2.1865208E-1,1.0110169E-1,-4.7840117E-3,2.8151855E-1,8.157349E-3,3.1111145E-2],"categories":[],"categories_nodes":[],"categories_segments":[],"categories_sizes":[],"default_left":[0,0,0,0,0,0,0,0,0,0,0],"id":40,"left_children":[1,3,5,-1,-1,7,-1,-1,9,-1,-1],"loss_changes":[5.1656575E0,3.8688588E-1,7.432772E-1,0E0,0E0,1.1398843E-1,0E0,0E0,4.2063296E-3,0E0,0E0],"parents":[2147483647,0,0,1,1,2,2,5,5,8,8],"right_children":[2,4,6,-1,-1,8,-1,-1,10,-1,-1],"split_conditions":[5.0031483E-1,1.01500936E-1,1E0,-1.3350335E-1,-3.74705E-2,6.0550207E-1,1.0110169E-1,-4.7840117E-3,7.028597E-1,8.157349E-3,3.1111145E-2],"split_indices":[0,0,0,0,0,0,0,0,0,0,0],"split_type":[0,0,0,0,0,0,0,0,0,0,0],"sum_hessian":[9E0,3E0,6E0,1E0,2E0,5E0,1E0,1E0,4E0,1E0,3E0],"tree_param":{"num_deleted":"0","num_feature":"2","num_nodes":"11","size_leaf_vector":"1"}},{"base_weights":[-4.4960786E-2,-8.964348E-1,4.4801876E-1,-1.0849406E-1,-1.6545868E-2,2.0253372E-1,9.604645E-2,-4.5448304E-3,2.612198E-1,7.7495575E-3,2.8777694E-2],"categories":[],"categories_nodes":[],"categories_segments":[],"categories_sizes":[],"default_left":[0,0,0,0,0,0,0,0,0,0,0],"id":41,"left_children":[1,3,5,-1,-1,7,-1,-1,9,-1,-1],"loss_changes":[4.599212E0,3.7166E-1,6.860579E-1,0E0,0E0,9.919055E-2,0E0,0E0,2.094537E-3,0E0,0E0],"parents":[2147483647,0,0,1,1,2,2,5,5,8,8],"right_children":[2,4,6,-1,-1,8,-1,-1,10,-1,-1],"split_conditions":[5.0031483E-1,1.99214E-1,1E0,-1.0849406E-1,-1.6545868E-2,6.0550207E-1,9.604645E-2,-4.5448304E-3,7.028597E-1,7.7495575E-3,2.8777694E-2],"split_indices":[0,0,0,0,0,0,0,0,0,0,0],"split_type":[0,0,0,0,0,0,0,0,0,0,0],"sum_hessian":[9E0,3E0,6E0,2E0,1E0,5E0,1E0,1E0,4E0,1E0,3E0],"tree_param":{"num_deleted":"0","num_feature":"2","num_nodes":"11","size_leaf_vector":"1"}},{"base_weights":[-4.0164184E-2,-8.3804893E-1,4.215077E-1,-1.2140312E-1,-3.0804444E-2,1.8761063E-1,9.124451E-2,-4.3174746E-3,2.4240264E-1,7.3619843E-3,2.661934E-2],"categories":[],"categories_nodes":[],"categories_segments":[],"categories_sizes":[],"default_left":[0,0,0,0,0,0,0,0,0,0,0],"id":42,"left_children":[1,3,5,-1,-1,7,-1,-1,9,-1,-1],"loss_changes":[4.036854E0,4.2311382E-1,6.3261735E-1,0E0,0E0,8.6336866E-2,0E0,0E0,4.8020482E-4,0E0,0E0],"parents":[2147483647,0,0,1,1,2,2,5,5,8,8],"right_children":[2,4,6,-1,-1,8,-1,-1,10,-1,-1],"split_conditions":[5.0031483E-1,1.01500936E-1,1E0,-1.2140312E-1,-3.0804444E-2,6.0550207E-1,9.124451E-2,-4.3174746E-3,7.028597E-1,7.3619843E-3,2.661934E-2],"split_indices":[0,0,0,0,0,0,0,0,0,0,0],"split_type":[0,0,0,0,0,0,0,0,0,0,0],"sum_hessian":[9E0,3E0,6E0,1E0,2E0,5E0,1E0,1E0,4E0,1E0,3E0],"tree_param":{"num_deleted":"0","num_feature":"2","num_nodes":"11","size_leaf_vector":"1"}},{"base_weights":[-3.927841E-2,-7.9229355E-1,3.9662716E-1,-1.153328E-1,-2.8750611E-2,1.7379124E-1,8.668213E-2,-4.101563E-3,2.2495575E-2],"categories":[],"categories_nodes":[],"categories_segments":[],"categories_sizes":[],"default_left":[0,0,0,0,0,0,0,0,0],"id":43,"left_children":[1,3,5,-1,-1,7,-1,-1,-1],"loss_changes":[3.5966802E0,3.973937E-1,5.827869E-1,0E0,0E0,7.516961E-2,0E0,0E0,0E0],"parents":[2147483647,0,0,1,1,2,2,5,5],"right_children":[2,4,6,-1,-1,8,-1,-1,-1],"split_conditions":[5.0031483E-1,1.01500936E-1,1E0,-1.153328E-1,-2.8750611E-2,6.0550207E-1,8.668213E-2,-4.101563E-3,2.2495575E-2],"split_indices":[0,0,0,0,0,0,0,0,0],"split_type":[0,0,0,0,0,0,0,0,0],"sum_hessian":[9E0,3E0,6E0,1E0,2E0,5E0,1E0,1E0,4E0],"tree_param":{"num_deleted":"0","num_feature":"2","num_nodes":"9","size_leaf_vector":"1"}},{"base_weights":[-3.9251707E-2,-7.490864E-1,3.7197548E-1,-1.09566115E-1,-2.6834106E-2,1.594785E-1,8.234787E-2,-3.8963319E-3,2.0695953E-1,5.8689117E-3,2.2935485E-2],"categories":[],"categories_nodes":[],"categories_segments":[],"categories_sizes":[],"default_left":[0,0,0,0,0,0,0,0,0,0,0],"id":44,"left_children":[1,3,5,-1,-1,7,-1,-1,9,-1,-1],"loss_changes":[3.1976748E0,3.7244606E-1,5.402744E-1,0E0,0E0,6.459716E-2,0E0,0E0,3.142178E-3,0E0,0E0],"parents":[2147483647,0,0,1,1,2,2,5,5,8,8],"right_children":[2,4,6,-1,-1,8,-1,-1,10,-1,-1],"split_conditions":[5.0031483E-1,1.01500936E-1,1E0,-1.09566115E-1,-2.6834106E-2,6.0550207E-1,8.234787E-2,-3.8963319E-3,7.028597E-1,5.8689117E-3,2.2935485E-2],"split_indices":[0,0,0,0,0,0,0,0,0,0,0],"split_type":[0,0,0,0,0,0,0,0,0,0,0],"sum_hessian":[9E0,3E0,6E0,1E0,2E0,5E0,1E0,1E0,4E0,1E0,3E0],"tree_param":{"num_deleted":"0","num_feature":"2","num_nodes":"11","size_leaf_vector":"1"}},{"base_weights":[-3.8240813E-2,-8.683777E-1,2.778406E-1,-1.0408783E-1,-2.6168823E-2,9.401703E-2,7.8230284E-2,-1.0066986E-2,1.9202575E-1,5.5755614E-3,2.1215439E-2],"categories":[],"categories_nodes":[],"categories_segments":[],"categories_sizes":[],"default_left":[0,0,0,0,0,0,0,0,0,0,0],"id":45,"left_children":[1,3,5,-1,-1,7,-1,-1,9,-1,-1],"loss_changes":[2.865179E0,4.157734E-2,6.683067E-1,0E0,0E0,1.5289831E-1,0E0,0E0,1.8858612E-3,0E0,0E0],"parents":[2147483647,0,0,1,1,2,2,5,5,8,8],"right_children":[2,4,6,-1,-1,8,-1,-1,10,-1,-1],"split_conditions":[1.99214E-1,1.01500936E-1,1E0,-1.0408783E-1,-2.6168823E-2,6.0550207E-1,7.8230284E-2,-1.0066986E-2,7.028597E-1,5.5755614E-3,2.1215439E-2],"split_indices":[0,0,0,0,0,0,0,0,0,0,0],"split_type":[0,0,0,0,0,0,0,0,0,0,0],"sum_hessian":[9E0,2E0,7E0,1E0,1E0,6E0,1E0,2E0,4E0,1E0,3E0],"tree_param":{"num_deleted":"0","num_feature":"2","num_nodes":"11","size_leaf_vector":"1"}},{"base_weights":[-3.794632E-2,-8.249588E-1,2.6192665E-1,-9.888344E-2,-2.4860382E-2,8.7005615E-2,7.43187E-2,-9.395854E-3,1.7818299E-1,5.296707E-3,1.962452E-2],"categories":[],"categories_nodes":[],"categories_segments":[],"categories_sizes":[],"default_left":[0,0,0,0,0,0,0,0,0,0,0],"id":46,"left_children":[1,3,5,-1,-1,7,-1,-1,9,-1,-1],"loss_changes":[2.5761163E0,3.7523508E-2,6.08799E-1,0E0,0E0,1.3224065E-1,0E0,0E0,9.138584E-4,0E0,0E0],"parents":[2147483647,0,0,1,1,2,2,5,5,8,8],"right_children":[2,4,6,-1,-1,8,-1,-1,10,-1,-1],"split_conditions":[1.99214E-1,1.01500936E-1,1E0,-9.888344E-2,-2.4860382E-2,6.0550207E-1,7.43187E-2,-9.395854E-3,7.028597E-1,5.296707E-3,1.962452E-2],"split_indices":[0,0,0,0,0,0,0,0,0,0,0],"split_type":[0,0,0,0,0,0,0,0,0,0,0],"sum_hessian":[9E0,2E0,7E0,1E0,1E0,6E0,1E0,2E0,4E0,1E0,3E0],"tree_param":{"num_deleted":"0","num_feature":"2","num_nodes":"11","size_leaf_vector":"1"}},{"base_weights":[-3.75412E-2,-7.8371173E-1,2.4696541E-1,-9.393921E-2,-2.3617554E-2,8.052499E-2,7.060242E-2,-8.769226E-2,1.6535035E-1,-1.0425568E-2,-2.7282715E-3,5.031967E-3,1.8152809E-2],"categories":[],"categories_nodes":[],"categories_segments":[],"categories_sizes":[],"default_left":[0,0,0,0,0,0,0,0,0,0,0,0,0],"id":47,"left_children":[1,3,5,-1,-1,7,-1,9,11,-1,-1,-1,-1],"loss_changes":[2.3164542E0,3.3860445E-2,5.5439484E-1,0E0,0E0,1.1438356E-1,0E0,1.5738606E-4,1.7024577E-4,0E0,0E0,0E0,0E0],"parents":[2147483647,0,0,1,1,2,2,5,5,7,7,8,8],"right_children":[2,4,6,-1,-1,8,-1,10,12,-1,-1,-1,-1],"split_conditions":[1.99214E-1,1.01500936E-1,1E0,-9.393921E-2,-2.3617554E-2,6.0550207E-1,7.060242E-2,5.0031483E-1,7.028597E-1,-1.0425568E-2,-2.7282715E-3,5.031967E-3,1.8152809E-2],"split_indices":[0,0,0,0,0,0,0,0,0,0,0,0,0],"split_type":[0,0,0,0,0,0,0,0,0,0,0,0,0],"sum_hessian":[9E0,2E0,7E0,1E0,1E0,6E0,1E0,2E0,4E0,1E0,1E0,1E0,3E0],"tree_param":{"num_deleted":"0","num_feature":"2","num_nodes":"13","size_leaf_vector":"1"}},{"base_weights":[-3.7480164E-2,-7.4452466E-1,2.3234653E-1,-8.9242175E-2,-2.2436524E-2,7.390376E-2,6.7072295E-2,-8.33079E-2,1.5345002E-2,-9.904481E-3,-2.5917054E-3],"categories":[],"categories_nodes":[],"categories_segments":[],"categories_sizes":[],"default_left":[0,0,0,0,0,0,0,0,0,0,0],"id":48,"left_children":[1,3,5,-1,-1,7,-1,9,-1,-1,-1],"loss_changes":[2.0807827E0,3.0561686E-2,5.060917E-1,0E0,0E0,1.0032279E-1,0E0,1.4251284E-4,0E0,0E0,0E0],"parents":[2147483647,0,0,1,1,2,2,5,5,7,7],"right_children":[2,4,6,-1,-1,8,-1,10,-1,-1,-1],"split_conditions":[1.99214E-1,1.01500936E-1,1E0,-8.9242175E-2,-2.2436524E-2,6.0550207E-1,6.7072295E-2,5.0031483E-1,1.5345002E-2,-9.904481E-3,-2.5917054E-3],"split_indices":[0,0,0,0,0,0,0,0,0,0,0],"split_type":[0,0,0,0,0,0,0,0,0,0,0],"sum_hessian":[9E0,2E0,7E0,1E0,1E0,6E0,1E0,2E0,4E0,1E0,1E0],"tree_param":{"num_deleted":"0","num_feature":"2","num_nodes":"11","size_leaf_vector":"1"}},{"base_weights":[-3.7908934E-2,-7.072983E-1,2.1785069E-1,-8.478012E-2,-2.1314621E-2,6.69196E-2,6.3718416E-2,-7.914225E-2,1.411728E-1,-9.409333E-3,-2.4620057E-3,4.0130615E-3,1.5640069E-2],"categories":[],"categories_nodes":[],"categories_segments":[],"categories_sizes":[],"default_left":[0,0,0,0,0,0,0,0,0,0,0,0,0],"id":49,"left_children":[1,3,5,-1,-1,7,-1,9,11,-1,-1,-1,-1],"loss_changes":[1.866113E0,2.7583838E-2,4.6368352E-1,0E0,0E0,8.7091655E-2,0E0,1.2891367E-4,1.4168322E-3,0E0,0E0,0E0,0E0],"parents":[2147483647,0,0,1,1,2,2,5,5,7,7,8,8],"right_children":[2,4,6,-1,-1,8,-1,10,12,-1,-1,-1,-1],"split_conditions":[1.99214E-1,1.01500936E-1,1E0,-8.478012E-2,-2.1314621E-2,6.0550207E-1,6.3718416E-2,5.0031483E-1,7.028597E-1,-9.409333E-3,-2.4620057E-3,4.0130615E-3,1.5640069E-2],"split_indices":[0,0,0,0,0,0,0,0,0,0,0,0,0],"split_type":[0,0,0,0,0,0,0,0,0,0,0,0,0],"sum_hessian":[9E0,2E0,7E0,1E0,1E0,6E0,1E0,2E0,4E0,1E0,1E0,1E0,3E0],"tree_param":{"num_deleted":"0","num_feature":"2","num_nodes":"13","size_leaf_vector":"1"}},{"base_weights":[-3.757782E-2,-6.719335E-1,2.0500278E-1,-8.054123E-2,-2.0248795E-2,6.133924E-2,6.053238E-2,-7.518514E-2,1.3098602E-1,-8.93898E-3,-2.338791E-3,3.8124085E-3,1.4467048E-2],"categories":[],"categories_nodes":[],"categories_segments":[],"categories_sizes":[],"default_left":[0,0,0,0,0,0,0,0,0,0,0,0,0],"id":50,"left_children":[1,3,5,-1,-1,7,-1,9,11,-1,-1,-1,-1],"loss_changes":[1.6765722E0,2.489674E-2,4.2296216E-1,0E0,0E0,7.640758E-2,0E0,1.1664629E-4,8.3839893E-4,0E0,0E0,0E0,0E0],"parents":[2147483647,0,0,1,1,2,2,5,5,7,7,8,8],"right_children":[2,4,6,-1,-1,8,-1,10,12,-1,-1,-1,-1],"split_conditions":[1.99214E-1,1.01500936E-1,1E0,-8.054123E-2,-2.0248795E-2,6.0550207E-1,6.053238E-2,5.0031483E-1,7.028597E-1,-8.93898E-3,-2.338791E-3,3.8124085E-3,1.4467048E-2],"split_indices":[0,0,0,0,0,0,0,0,0,0,0,0,0],"split_type":[0,0,0,0,0,0,0,0,0,0,0,0,0],"sum_hessian":[9E0,2E0,7E0,1E0,1E0,6E0,1E0,2E0,4E0,1E0,1E0,1E0,3E0],"tree_param":{"num_deleted":"0","num_feature":"2","num_nodes":"13","size_leaf_vector":"1"}},{"base_weights":[-3.714447E-2,-6.383362E-1,1.9294548E-1,-7.651406E-2,-1.9236375E-2,5.620684E-2,5.7505798E-2,-7.142385E-2,1.21543884E-1,-8.491898E-3,-2.2216798E-3,5.375417E-3,1.4881897E-2],"categories":[],"categories_nodes":[],"categories_segments":[],"categories_sizes":[],"default_left":[0,0,0,0,0,0,0,0,0,0,0,0,0],"id":51,"left_children":[1,3,5,-1,-1,7,-1,9,11,-1,-1,-1,-1],"loss_changes":[1.5064458E0,2.2468448E-2,3.8567418E-1,0E0,0E0,6.705421E-2,0E0,1.05538405E-4,1.2452155E-3,0E0,0E0,0E0,0E0],"parents":[2147483647,0,0,1,1,2,2,5,5,7,7,8,8],"right_children":[2,4,6,-1,-1,8,-1,10,12,-1,-1,-1,-1],"split_conditions":[1.99214E-1,1.01500936E-1,1E0,-7.651406E-2,-1.9236375E-2,6.0550207E-1,5.7505798E-2,5.0031483E-1,8.092859E-1,-8.491898E-3,-2.2216798E-3,5.375417E-3,1.4881897E-2],"split_indices":[0,0,0,0,0,0,0,0,0,0,0,0,0],"split_type":[0,0,0,0,0,0,0,0,0,0,0,0,0],"sum_hessian":[9E0,2E0,7E0,1E0,1E0,6E0,1E0,2E0,4E0,1E0,1E0,2E0,2E0],"tree_param":{"num_deleted":"0","num_feature":"2","num_nodes":"13","size_leaf_vector":"1"}},{"base_weights":[-3.630066E-2,-6.0641986E-1,1.8203163E-1,-7.26883E-2,-1.827469E-2,5.194964E-2,5.463028E-2,-6.7853294E-2,1.1344147E-1,-8.067322E-3,-2.110672E-3,5.0168354E-3,1.38900755E-2],"categories":[],"categories_nodes":[],"categories_segments":[],"categories_sizes":[],"default_left":[0,0,0,0,0,0,0,0,0,0,0,0,0],"id":52,"left_children":[1,3,5,-1,-1,7,-1,9,11,-1,-1,-1,-1],"loss_changes":[1.355142E0,2.0275235E-2,3.507007E-1,0E0,0E0,5.926569E-2,0E0,9.511504E-5,1.086019E-3,0E0,0E0,0E0,0E0],"parents":[2147483647,0,0,1,1,2,2,5,5,7,7,8,8],"right_children":[2,4,6,-1,-1,8,-1,10,12,-1,-1,-1,-1],"split_conditions":[1.99214E-1,1.01500936E-1,1E0,-7.26883E-2,-1.827469E-2,6.0550207E-1,5.463028E-2,5.0031483E-1,8.092859E-1,-8.067322E-3,-2.110672E-3,5.0168354E-3,1.38900755E-2],"split_indices":[0,0,0,0,0,0,0,0,0,0,0,0,0],"split_type":[0,0,0,0,0,0,0,0,0,0,0,0,0],"sum_hessian":[9E0,2E0,7E0,1E0,1E0,6E0,1E0,2E0,4E0,1E0,1E0,2E0,2E0],"tree_param":{"num_deleted":"0","num_feature":"2","num_nodes":"13","size_leaf_vector":"1"}},{"base_weights":[-3.543091E-2,-5.7610065E-1,1.7174911E-1,-6.905403E-2,-1.736107E-2,4.800197E-2,5.1898956E-2,-6.4460754E-2,1.0587921E-1,-7.664108E-3,-2.005005E-3,4.6821595E-3,1.2964375E-2],"categories":[],"categories_nodes":[],"categories_segments":[],"categories_sizes":[],"default_left":[0,0,0,0,0,0,0,0,0,0,0,0,0],"id":53,"left_children":[1,3,5,-1,-1,7,-1,9,11,-1,-1,-1,-1],"loss_changes":[1.2191046E0,1.8297255E-2,3.188476E-1,0E0,0E0,5.238828E-2,0E0,8.615386E-5,9.472631E-4,0E0,0E0,0E0,0E0],"parents":[2147483647,0,0,1,1,2,2,5,5,7,7,8,8],"right_children":[2,4,6,-1,-1,8,-1,10,12,-1,-1,-1,-1],"split_conditions":[1.99214E-1,1.01500936E-1,1E0,-6.905403E-2,-1.736107E-2,6.0550207E-1,5.1898956E-2,5.0031483E-1,8.092859E-1,-7.664108E-3,-2.005005E-3,4.6821595E-3,1.2964375E-2],"split_indices":[0,0,0,0,0,0,0,0,0,0,0,0,0],"split_type":[0,0,0,0,0,0,0,0,0,0,0,0,0],"sum_hessian":[9E0,2E0,7E0,1E0,1E0,6E0,1E0,2E0,4E0,1E0,1E0,2E0,2E0],"tree_param":{"num_deleted":"0","num_feature":"2","num_nodes":"13","size_leaf_vector":"1"}},{"base_weights":[-3.4542084E-2,-5.472946E-1,1.6205788E-1,-6.560135E-2,-1.6492844E-2,4.433986E-2,4.93042E-2,-6.1236065E-2,9.8817445E-2,-7.280731E-3,-1.9046784E-3,4.369863E-3,1.2099711E-2],"categories":[],"categories_nodes":[],"categories_segments":[],"categories_sizes":[],"default_left":[0,0,0,0,0,0,0,0,0,0,0,0,0],"id":54,"left_children":[1,3,5,-1,-1,7,-1,9,11,-1,-1,-1,-1],"loss_changes":[1.0967647E0,1.651597E-2,2.8984094E-1,0E0,0E0,4.631184E-2,0E0,7.780176E-5,8.251779E-4,0E0,0E0,0E0,0E0],"parents":[2147483647,0,0,1,1,2,2,5,5,7,7,8,8],"right_children":[2,4,6,-1,-1,8,-1,10,12,-1,-1,-1,-1],"split_conditions":[1.99214E-1,1.01500936E-1,1E0,-6.560135E-2,-1.6492844E-2,6.0550207E-1,4.93042E-2,5.0031483E-1,8.092859E-1,-7.280731E-3,-1.9046784E-3,4.369863E-3,1.2099711E-2],"split_indices":[0,0,0,0,0,0,0,0,0,0,0,0,0],"split_type":[0,0,0,0,0,0,0,0,0,0,0,0,0],"sum_hessian":[9E0,2E0,7E0,1E0,1E0,6E0,1E0,2E0,4E0,1E0,1E0,2E0,2E0],"tree_param":{"num_deleted":"0","num_feature":"2","num_nodes":"13","size_leaf_vector":"1"}},{"base_weights":[-3.3638764E-2,-5.1993054E-1,1.5292549E-1,-6.2321473E-2,-1.5668107E-2,4.094587E-2,4.6839144E-2,-5.8174133E-2,9.2228696E-2,-6.9168094E-3,-1.809311E-3,4.07842E-3,1.129303E-2],"categories":[],"categories_nodes":[],"categories_segments":[],"categories_sizes":[],"default_left":[0,0,0,0,0,0,0,0,0,0,0,0,0],"id":55,"left_children":[1,3,5,-1,-1,7,-1,9,11,-1,-1,-1,-1],"loss_changes":[9.867572E-1,1.4907837E-2,2.6342735E-1,0E0,0E0,4.0947404E-2,0E0,7.048156E-5,7.1914494E-4,0E0,0E0,0E0,0E0],"parents":[2147483647,0,0,1,1,2,2,5,5,7,7,8,8],"right_children":[2,4,6,-1,-1,8,-1,10,12,-1,-1,-1,-1],"split_conditions":[1.99214E-1,1.01500936E-1,1E0,-6.2321473E-2,-1.5668107E-2,6.0550207E-1,4.6839144E-2,5.0031483E-1,8.092859E-1,-6.9168094E-3,-1.809311E-3,4.07842E-3,1.129303E-2],"split_indices":[0,0,0,0,0,0,0,0,0,0,0,0,0],"split_type":[0,0,0,0,0,0,0,0,0,0,0,0,0],"sum_hessian":[9E0,2E0,7E0,1E0,1E0,6E0,1E0,2E0,4E0,1E0,1E0,2E0,2E0],"tree_param":{"num_deleted":"0","num_feature":"2","num_nodes":"13","size_leaf_vector":"1"}},{"base_weights":[-3.2725524E-2,-4.939321E-1,1.4431763E-1,-5.9205245E-2,-1.4884568E-2,3.780038E-2,4.449692E-2,-5.526479E-2,8.6079404E-2,-6.570816E-3,-1.7189026E-3,3.806305E-3,1.0540263E-2],"categories":[],"categories_nodes":[],"categories_segments":[],"categories_sizes":[],"default_left":[0,0,0,0,0,0,0,0,0,0,0,0,0],"id":56,"left_children":[1,3,5,-1,-1,7,-1,9,11,-1,-1,-1,-1],"loss_changes":[8.8781774E-1,1.3455629E-2,2.393766E-1,0E0,0E0,3.620883E-2,0E0,6.345939E-5,6.272048E-4,0E0,0E0,0E0,0E0],"parents":[2147483647,0,0,1,1,2,2,5,5,7,7,8,8],"right_children":[2,4,6,-1,-1,8,-1,10,12,-1,-1,-1,-1],"split_conditions":[1.99214E-1,1.01500936E-1,1E0,-5.9205245E-2,-1.4884568E-2,6.0550207E-1,4.449692E-2,5.0031483E-1,8.092859E-1,-6.570816E-3,-1.7189026E-3,3.806305E-3,1.0540263E-2],"split_indices":[0,0,0,0,0,0,0,0,0,0,0,0,0],"split_type":[0,0,0,0,0,0,0,0,0,0,0,0,0],"sum_hessian":[9E0,2E0,7E0,1E0,1E0,6E0,1E0,2E0,4E0,1E0,1E0,2E0,2E0],"tree_param":{"num_deleted":"0","num_feature":"2","num_nodes":"13","size_leaf_vector":"1"}},{"base_weights":[-3.180771E-2,-4.6923575E-1,1.3620377E-1,-5.624504E-2,-1.414032E-2,3.488377E-2,4.2272188E-2,-5.250295E-2,8.033905E-2,-6.2423707E-3,-1.6330719E-3,3.5525006E-3,9.8373415E-3],"categories":[],"categories_nodes":[],"categories_segments":[],"categories_sizes":[],"default_left":[0,0,0,0,0,0,0,0,0,0,0,0,0],"id":57,"left_children":[1,3,5,-1,-1,7,-1,9,11,-1,-1,-1,-1],"loss_changes":[7.98841E-1,1.2144089E-2,2.1749395E-1,0E0,0E0,3.2023348E-2,0E0,5.714316E-5,5.462505E-4,0E0,0E0,0E0,0E0],"parents":[2147483647,0,0,1,1,2,2,5,5,7,7,8,8],"right_children":[2,4,6,-1,-1,8,-1,10,12,-1,-1,-1,-1],"split_conditions":[1.99214E-1,1.01500936E-1,1E0,-5.624504E-2,-1.414032E-2,6.0550207E-1,4.2272188E-2,5.0031483E-1,8.092859E-1,-6.2423707E-3,-1.6330719E-3,3.5525006E-3,9.8373415E-3],"split_indices":[0,0,0,0,0,0,0,0,0,0,0,0,0],"split_type":[0,0,0,0,0,0,0,0,0,0,0,0,0],"sum_hessian":[9E0,2E0,7E0,1E0,1E0,6E0,1E0,2E0,4E0,1E0,1E0,2E0,2E0],"tree_param":{"num_deleted":"0","num_feature":"2","num_nodes":"13","size_leaf_vector":"1"}},{"base_weights":[-3.0888367E-2,-4.4577536E-1,1.285553E-1,-5.343285E-2,-1.3433456E-2,3.2180786E-2,4.0158845E-2,-4.9878437E-2,7.498016E-2,-5.9303283E-3,-1.5514374E-3,2.0767213E-3,8.33416E-3],"categories":[],"categories_nodes":[],"categories_segments":[],"categories_sizes":[],"default_left":[0,0,0,0,0,0,0,0,0,0,0,0,0],"id":58,"left_children":[1,3,5,-1,-1,7,-1,9,11,-1,-1,-1,-1],"loss_changes":[7.1881783E-1,1.0958374E-2,1.9758406E-1,0E0,0E0,2.8324481E-2,0E0,5.157478E-5,5.357154E-4,0E0,0E0,0E0,0E0],"parents":[2147483647,0,0,1,1,2,2,5,5,7,7,8,8],"right_children":[2,4,6,-1,-1,8,-1,10,12,-1,-1,-1,-1],"split_conditions":[1.99214E-1,1.01500936E-1,1E0,-5.343285E-2,-1.3433456E-2,6.0550207E-1,4.0158845E-2,5.0031483E-1,7.028597E-1,-5.9303283E-3,-1.5514374E-3,2.0767213E-3,8.33416E-3],"split_indices":[0,0,0,0,0,0,0,0,0,0,0,0,0],"split_type":[0,0,0,0,0,0,0,0,0,0,0,0,0],"sum_hessian":[9E0,2E0,7E0,1E0,1E0,6E0,1E0,2E0,4E0,1E0,1E0,1E0,3E0],"tree_param":{"num_deleted":"0","num_feature":"2","num_nodes":"13","size_leaf_vector":"1"}},{"base_weights":[-3.0176545E-2,-4.234848E-1,1.2108612E-1,-5.0761033E-2,-1.2761689E-2,2.9381888E-2,3.8150787E-2,-4.738617E-2,6.956635E-2,-5.6339265E-3,-1.473999E-3,2.9685975E-3,8.625793E-3],"categories":[],"categories_nodes":[],"categories_segments":[],"categories_sizes":[],"default_left":[0,0,0,0,0,0,0,0,0,0,0,0,0],"id":59,"left_children":[1,3,5,-1,-1,7,-1,9,11,-1,-1,-1,-1],"loss_changes":[6.4620674E-1,9.890437E-3,1.798448E-1,0E0,0E0,2.4890661E-2,0E0,4.641246E-5,7.676836E-4,0E0,0E0,0E0,0E0],"parents":[2147483647,0,0,1,1,2,2,5,5,7,7,8,8],"right_children":[2,4,6,-1,-1,8,-1,10,12,-1,-1,-1,-1],"split_conditions":[1.99214E-1,1.01500936E-1,1E0,-5.0761033E-2,-1.2761689E-2,6.0550207E-1,3.8150787E-2,5.0031483E-1,8.092859E-1,-5.6339265E-3,-1.473999E-3,2.9685975E-3,8.625793E-3],"split_indices":[0,0,0,0,0,0,0,0,0,0,0,0,0],"split_type":[0,0,0,0,0,0,0,0,0,0,0,0,0],"sum_hessian":[9E0,2E0,7E0,1E0,1E0,6E0,1E0,2E0,4E0,1E0,1E0,2E0,2E0],"tree_param":{"num_deleted":"0","num_feature":"2","num_nodes":"13","size_leaf_vector":"1"}},{"base_weights":[-2.924652E-2,-4.023107E-1,1.1430836E-1,-4.8223116E-2,-1.212349E-2,2.708544E-2,3.624344E-2,-4.5018513E-2,6.493072E-2,-5.3524016E-3,-1.4003754E-3,2.770742E-3,8.051046E-3],"categories":[],"categories_nodes":[],"categories_segments":[],"categories_sizes":[],"default_left":[0,0,0,0,0,0,0,0,0,0,0,0,0],"id":60,"left_children":[1,3,5,-1,-1,7,-1,9,11,-1,-1,-1,-1],"loss_changes":[5.8153933E-1,8.927822E-3,1.6332152E-1,0E0,0E0,2.2024646E-2,0E0,4.185131E-5,6.689094E-4,0E0,0E0,0E0,0E0],"parents":[2147483647,0,0,1,1,2,2,5,5,7,7,8,8],"right_children":[2,4,6,-1,-1,8,-1,10,12,-1,-1,-1,-1],"split_conditions":[1.99214E-1,1.01500936E-1,1E0,-4.8223116E-2,-1.212349E-2,6.0550207E-1,3.624344E-2,5.0031483E-1,8.092859E-1,-5.3524016E-3,-1.4003754E-3,2.770742E-3,8.051046E-3],"split_indices":[0,0,0,0,0,0,0,0,0,0,0,0,0],"split_type":[0,0,0,0,0,0,0,0,0,0,0,0,0],"sum_hessian":[9E0,2E0,7E0,1E0,1E0,6E0,1E0,2E0,4E0,1E0,1E0,2E0,2E0],"tree_param":{"num_deleted":"0","num_feature":"2","num_nodes":"13","size_leaf_vector":"1"}},{"base_weights":[-2.832489E-2,-3.8219452E-1,1.0791683E-1,-4.5811843E-2,-1.1517334E-2,2.4957929E-2,3.4431458E-2,-4.27653E-2,6.060028E-2,-5.08461E-3,-1.330185E-3,2.5861105E-3,7.5139366E-3],"categories":[],"categories_nodes":[],"categories_segments":[],"categories_sizes":[],"default_left":[0,0,0,0,0,0,0,0,0,0,0,0,0],"id":61,"left_children":[1,3,5,-1,-1,7,-1,9,11,-1,-1,-1,-1],"loss_changes":[5.2336335E-1,8.056819E-3,1.4829701E-1,0E0,0E0,1.9488297E-2,0E0,3.79174E-5,5.821921E-4,0E0,0E0,0E0,0E0],"parents":[2147483647,0,0,1,1,2,2,5,5,7,7,8,8],"right_children":[2,4,6,-1,-1,8,-1,10,12,-1,-1,-1,-1],"split_conditions":[1.99214E-1,1.01500936E-1,1E0,-4.5811843E-2,-1.1517334E-2,6.0550207E-1,3.4431458E-2,5.0031483E-1,8.092859E-1,-5.08461E-3,-1.330185E-3,2.5861105E-3,7.5139366E-3],"split_indices":[0,0,0,0,0,0,0,0,0,0,0,0,0],"split_type":[0,0,0,0,0,0,0,0,0,0,0,0,0],"sum_hessian":[9E0,2E0,7E0,1E0,1E0,6E0,1E0,2E0,4E0,1E0,1E0,2E0,2E0],"tree_param":{"num_deleted":"0","num_feature":"2","num_nodes":"13","size_leaf_vector":"1"}},{"base_weights":[-2.741165E-2,-3.630829E-1,1.0189152E-1,-4.3521117E-2,-1.09413145E-2,2.2989545E-2,3.2710265E-2,-4.062907E-2,5.6562804E-2,-4.8305513E-3,-1.2638093E-3,2.4136861E-3,7.0134485E-3],"categories":[],"categories_nodes":[],"categories_segments":[],"categories_sizes":[],"default_left":[0,0,0,0,0,0,0,0,0,0,0,0,0],"id":62,"left_children":[1,3,5,-1,-1,7,-1,9,11,-1,-1,-1,-1],"loss_changes":[4.710286E-1,7.272482E-3,1.3463688E-1,0E0,0E0,1.7249284E-2,0E0,3.412366E-5,5.075466E-4,0E0,0E0,0E0,0E0],"parents":[2147483647,0,0,1,1,2,2,5,5,7,7,8,8],"right_children":[2,4,6,-1,-1,8,-1,10,12,-1,-1,-1,-1],"split_conditions":[1.99214E-1,1.01500936E-1,1E0,-4.3521117E-2,-1.09413145E-2,6.0550207E-1,3.2710265E-2,5.0031483E-1,8.092859E-1,-4.8305513E-3,-1.2638093E-3,2.4136861E-3,7.0134485E-3],"split_indices":[0,0,0,0,0,0,0,0,0,0,0,0,0],"split_type":[0,0,0,0,0,0,0,0,0,0,0,0,0],"sum_hessian":[9E0,2E0,7E0,1E0,1E0,6E0,1E0,2E0,4E0,1E0,1E0,2E0,2E0],"tree_param":{"num_deleted":"0","num_feature":"2","num_nodes":"13","size_leaf_vector":"1"}},{"base_weights":[-2.6513672E-2,-3.4493002E-1,9.6206665E-2,-4.1345216E-2,-1.0394287E-2,2.746582E-4,2.560018E-1,-3.8597107E-2,2.9359818E-3,7.3257447E-3,3.1074524E-2,-4.589081E-3,-1.2004853E-3],"categories":[],"categories_nodes":[],"categories_segments":[],"categories_sizes":[],"default_left":[0,0,0,0,0,0,0,0,0,0,0,0,0],"id":63,"left_children":[1,3,5,-1,-1,7,9,11,-1,-1,-1,-1,-1],"loss_changes":[4.2394617E-1,6.563455E-3,1.2256542E-1,0E0,0E0,7.916752E-3,7.247761E-3,3.0955765E-5,0E0,0E0,0E0,0E0,0E0],"parents":[2147483647,0,0,1,1,2,2,5,5,6,6,7,7],"right_children":[2,4,6,-1,-1,8,10,12,-1,-1,-1,-1,-1],"split_conditions":[1.99214E-1,1.01500936E-1,9.156613E-1,-4.1345216E-2,-1.0394287E-2,6.0550207E-1,1E0,5.0031483E-1,2.9359818E-3,7.3257447E-3,3.1074524E-2,-4.589081E-3,-1.2004853E-3],"split_indices":[0,0,0,0,0,0,0,0,0,0,0,0,0],"split_type":[0,0,0,0,0,0,0,0,0,0,0,0,0],"sum_hessian":[9E0,2E0,7E0,1E0,1E0,5E0,2E0,2E0,3E0,1E0,1E0,1E0,1E0],"tree_param":{"num_deleted":"0","num_feature":"2","num_nodes":"13","size_leaf_vector":"1"}},{"base_weights":[-2.5480652E-2,-3.2768503E-1,9.1031075E-2,-3.927803E-2,-9.874726E-3,-2.2761028E-4,2.4320476E-1,-3.666687E-2,2.7158738E-3,6.959534E-3,2.952118E-2,-4.359436E-3,-1.1405945E-3],"categories":[],"categories_nodes":[],"categories_segments":[],"categories_sizes":[],"default_left":[0,0,0,0,0,0,0,0,0,0,0,0,0],"id":64,"left_children":[1,3,5,-1,-1,7,9,11,-1,-1,-1,-1,-1],"loss_changes":[3.8193306E-1,5.9223473E-3,1.1115271E-1,0E0,0E0,6.983455E-3,6.5413713E-3,2.7749687E-5,0E0,0E0,0E0,0E0,0E0],"parents":[2147483647,0,0,1,1,2,2,5,5,6,6,7,7],"right_children":[2,4,6,-1,-1,8,10,12,-1,-1,-1,-1,-1],"split_conditions":[1.99214E-1,1.01500936E-1,9.156613E-1,-3.927803E-2,-9.874726E-3,6.0550207E-1,1E0,5.0031483E-1,2.7158738E-3,6.959534E-3,2.952118E-2,-4.359436E-3,-1.1405945E-3],"split_indices":[0,0,0,0,0,0,0,0,0,0,0,0,0],"split_type":[0,0,0,0,0,0,0,0,0,0,0,0,0],"sum_hessian":[9E0,2E0,7E0,1E0,1E0,5E0,2E0,2E0,3E0,1E0,1E0,1E0,1E0],"tree_param":{"num_deleted":"0","num_feature":"2","num_nodes":"13","size_leaf_vector":"1"}},{"base_weights":[-2.4478912E-2,-3.1130219E-1,8.613968E-2,-3.7314225E-2,-9.381103E-3,-6.6884357E-4,2.310435E-1,-3.483327E-2,2.5121688E-3,6.6116336E-3,2.8044892E-2,-4.141617E-3,-1.083374E-3],"categories":[],"categories_nodes":[],"categories_segments":[],"categories_sizes":[],"default_left":[0,0,0,0,0,0,0,0,0,0,0,0,0],"id":65,"left_children":[1,3,5,-1,-1,7,9,11,-1,-1,-1,-1,-1],"loss_changes":[3.4409535E-1,5.3441226E-3,1.0078563E-1,0E0,0E0,6.161784E-3,5.902618E-3,2.5267247E-5,0E0,0E0,0E0,0E0,0E0],"parents":[2147483647,0,0,1,1,2,2,5,5,6,6,7,7],"right_children":[2,4,6,-1,-1,8,10,12,-1,-1,-1,-1,-1],"split_conditions":[1.99214E-1,1.01500936E-1,9.156613E-1,-3.7314225E-2,-9.381103E-3,6.0550207E-1,1E0,5.0031483E-1,2.5121688E-3,6.6116336E-3,2.8044892E-2,-4.141617E-3,-1.083374E-3],"split_indices":[0,0,0,0,0,0,0,0,0,0,0,0,0],"split_type":[0,0,0,0,0,0,0,0,0,0,0,0,0],"sum_hessian":[9E0,2E0,7E0,1E0,1E0,5E0,2E0,2E0,3E0,1E0,1E0,1E0,1E0],"tree_param":{"num_deleted":"0","num_feature":"2","num_nodes":"13","size_leaf_vector":"1"}},{"base_weights":[-2.35054E-2,-2.957357E-1,8.151913E-2,-3.5448458E-2,-8.911896E-3,-1.054128E-3,2.194926E-1,-3.309123E-2,2.323723E-3,6.2812804E-3,2.664261E-2,-3.934479E-3,-1.0292054E-3],"categories":[],"categories_nodes":[],"categories_segments":[],"categories_sizes":[],"default_left":[0,0,0,0,0,0,0,0,0,0,0,0,0],"id":66,"left_children":[1,3,5,-1,-1,7,9,11,-1,-1,-1,-1,-1],"loss_changes":[3.1001666E-1,4.8241913E-3,9.137471E-2,0E0,0E0,5.4382957E-3,5.3256154E-3,2.278923E-5,0E0,0E0,0E0,0E0,0E0],"parents":[2147483647,0,0,1,1,2,2,5,5,6,6,7,7],"right_children":[2,4,6,-1,-1,8,10,12,-1,-1,-1,-1,-1],"split_conditions":[1.99214E-1,1.01500936E-1,9.156613E-1,-3.5448458E-2,-8.911896E-3,6.0550207E-1,1E0,5.0031483E-1,2.323723E-3,6.2812804E-3,2.664261E-2,-3.934479E-3,-1.0292054E-3],"split_indices":[0,0,0,0,0,0,0,0,0,0,0,0,0],"split_type":[0,0,0,0,0,0,0,0,0,0,0,0,0],"sum_hessian":[9E0,2E0,7E0,1E0,1E0,5E0,2E0,2E0,3E0,1E0,1E0,1E0,1E0],"tree_param":{"num_deleted":"0","num_feature":"2","num_nodes":"13","size_leaf_vector":"1"}},{"base_weights":[-2.256317E-2,-2.8094992E-1,7.715225E-2,-3.3676147E-2,-8.46634E-3,-1.3885498E-3,2.0851643E-1,-3.143565E-2,2.1493912E-3,5.9669497E-3,2.5310516E-2,-3.7376403E-3,-9.77707E-4],"categories":[],"categories_nodes":[],"categories_segments":[],"categories_sizes":[],"default_left":[0,0,0,0,0,0,0,0,0,0,0,0,0],"id":67,"left_children":[1,3,5,-1,-1,7,9,11,-1,-1,-1,-1,-1],"loss_changes":[2.7932736E-1,4.3537915E-3,8.282912E-2,0E0,0E0,4.8009846E-3,4.8080236E-3,2.0573149E-5,0E0,0E0,0E0,0E0,0E0],"parents":[2147483647,0,0,1,1,2,2,5,5,6,6,7,7],"right_children":[2,4,6,-1,-1,8,10,12,-1,-1,-1,-1,-1],"split_conditions":[1.99214E-1,1.01500936E-1,9.156613E-1,-3.3676147E-2,-8.46634E-3,6.0550207E-1,1E0,5.0031483E-1,2.1493912E-3,5.9669497E-3,2.5310516E-2,-3.7376403E-3,-9.77707E-4],"split_indices":[0,0,0,0,0,0,0,0,0,0,0,0,0],"split_type":[0,0,0,0,0,0,0,0,0,0,0,0,0],"sum_hessian":[9E0,2E0,7E0,1E0,1E0,5E0,2E0,2E0,3E0,1E0,1E0,1E0,1E0],"tree_param":{"num_deleted":"0","num_feature":"2","num_nodes":"13","size_leaf_vector":"1"}},{"base_weights":[-2.1650696E-2,-2.6690164E-1,7.302475E-2,-3.1992342E-2,-8.042908E-3,-1.6784668E-3,1.980896E-1,-2.9863993E-2,1.9880296E-3,5.66864E-3,2.40448E-2,-3.5507202E-3,-9.288788E-4],"categories":[],"categories_nodes":[],"categories_segments":[],"categories_sizes":[],"default_left":[0,0,0,0,0,0,0,0,0,0,0,0,0],"id":68,"left_children":[1,3,5,-1,-1,7,9,11,-1,-1,-1,-1,-1],"loss_changes":[2.5168288E-1,3.9301515E-3,7.507446E-2,0E0,0E0,4.239575E-3,4.3387115E-3,1.8511666E-5,0E0,0E0,0E0,0E0,0E0],"parents":[2147483647,0,0,1,1,2,2,5,5,6,6,7,7],"right_children":[2,4,6,-1,-1,8,10,12,-1,-1,-1,-1,-1],"split_conditions":[1.99214E-1,1.01500936E-1,9.156613E-1,-3.1992342E-2,-8.042908E-3,6.0550207E-1,1E0,5.0031483E-1,1.9880296E-3,5.66864E-3,2.40448E-2,-3.5507202E-3,-9.288788E-4],"split_indices":[0,0,0,0,0,0,0,0,0,0,0,0,0],"split_type":[0,0,0,0,0,0,0,0,0,0,0,0,0],"sum_hessian":[9E0,2E0,7E0,1E0,1E0,5E0,2E0,2E0,3E0,1E0,1E0,1E0,1E0],"tree_param":{"num_deleted":"0","num_feature":"2","num_nodes":"13","size_leaf_vector":"1"}},{"base_weights":[-2.0768737E-2,-2.5355783E-1,6.912327E-2,-3.0392839E-2,-7.6408386E-3,-1.9264221E-3,1.8818156E-1,-2.8371176E-2,1.8388749E-3,5.3848266E-3,2.2842407E-2,-3.3733367E-3,-8.823395E-4],"categories":[],"categories_nodes":[],"categories_segments":[],"categories_sizes":[],"default_left":[0,0,0,0,0,0,0,0,0,0,0,0,0],"id":69,"left_children":[1,3,5,-1,-1,7,9,11,-1,-1,-1,-1,-1],"loss_changes":[2.2678553E-1,3.5466552E-3,6.803496E-2,0E0,0E0,3.7450884E-3,3.9174855E-3,1.6814098E-5,0E0,0E0,0E0,0E0,0E0],"parents":[2147483647,0,0,1,1,2,2,5,5,6,6,7,7],"right_children":[2,4,6,-1,-1,8,10,12,-1,-1,-1,-1,-1],"split_conditions":[1.99214E-1,1.01500936E-1,9.156613E-1,-3.0392839E-2,-7.6408386E-3,6.0550207E-1,1E0,5.0031483E-1,1.8388749E-3,5.3848266E-3,2.2842407E-2,-3.3733367E-3,-8.823395E-4],"split_indices":[0,0,0,0,0,0,0,0,0,0,0,0,0],"split_type":[0,0,0,0,0,0,0,0,0,0,0,0,0],"sum_hessian":[9E0,2E0,7E0,1E0,1E0,5E0,2E0,2E0,3E0,1E0,1E0,1E0,1E0],"tree_param":{"num_deleted":"0","num_feature":"2","num_nodes":"13","size_leaf_vector":"1"}},{"base_weights":[-1.9914245E-2,-2.4087779E-1,6.543636E-2,-2.8873062E-2,-7.258606E-3,-2.137502E-3,1.7877197E-1,-2.6952108E-2,1.7007828E-3,5.115509E-3,2.1700287E-2,-3.2047273E-3,-8.38089E-4],"categories":[],"categories_nodes":[],"categories_segments":[],"categories_sizes":[],"default_left":[0,0,0,0,0,0,0,0,0,0,0,0,0],"id":70,"left_children":[1,3,5,-1,-1,7,9,11,-1,-1,-1,-1,-1],"loss_changes":[2.043559E-1,3.201902E-3,6.165032E-2,0E0,0E0,3.3088997E-3,3.535919E-3,1.5285565E-5,0E0,0E0,0E0,0E0,0E0],"parents":[2147483647,0,0,1,1,2,2,5,5,6,6,7,7],"right_children":[2,4,6,-1,-1,8,10,12,-1,-1,-1,-1,-1],"split_conditions":[1.99214E-1,1.01500936E-1,9.156613E-1,-2.8873062E-2,-7.258606E-3,6.0550207E-1,1E0,5.0031483E-1,1.7007828E-3,5.115509E-3,2.1700287E-2,-3.2047273E-3,-8.38089E-4],"split_indices":[0,0,0,0,0,0,0,0,0,0,0,0,0],"split_type":[0,0,0,0,0,0,0,0,0,0,0,0,0],"sum_hessian":[9E0,2E0,7E0,1E0,1E0,5E0,2E0,2E0,3E0,1E0,1E0,1E0,1E0],"tree_param":{"num_deleted":"0","num_feature":"2","num_nodes":"13","size_leaf_vector":"1"}},{"base_weights":[-1.9087981E-2,-2.2883606E-1,6.1953545E-2,-2.742958E-2,-6.8958285E-3,-2.312978E-3,1.698354E-1,-2.5604248E-2,1.5733719E-3,4.8599243E-3,2.0615388E-2,-3.04451E-3,-7.961273E-4],"categories":[],"categories_nodes":[],"categories_segments":[],"categories_sizes":[],"default_left":[0,0,0,0,0,0,0,0,0,0,0,0,0],"id":71,"left_children":[1,3,5,-1,-1,7,9,11,-1,-1,-1,-1,-1],"loss_changes":[1.8416025E-1,2.8890371E-3,5.585836E-2,0E0,0E0,2.924833E-3,3.1904131E-3,1.3839221E-5,0E0,0E0,0E0,0E0,0E0],"parents":[2147483647,0,0,1,1,2,2,5,5,6,6,7,7],"right_children":[2,4,6,-1,-1,8,10,12,-1,-1,-1,-1,-1],"split_conditions":[1.99214E-1,1.01500936E-1,9.156613E-1,-2.742958E-2,-6.8958285E-3,6.0550207E-1,1E0,5.0031483E-1,1.5733719E-3,4.8599243E-3,2.0615388E-2,-3.04451E-3,-7.961273E-4],"split_indices":[0,0,0,0,0,0,0,0,0,0,0,0,0],"split_type":[0,0,0,0,0,0,0,0,0,0,0,0,0],"sum_hessian":[9E0,2E0,7E0,1E0,1E0,5E0,2E0,2E0,3E0,1E0,1E0,1E0,1E0],"tree_param":{"num_deleted":"0","num_feature":"2","num_nodes":"13","size_leaf_vector":"1"}},{"base_weights":[-1.8289948E-2,-2.1739452E-1,5.8660507E-2,-2.6058197E-2,-6.55098E-3,-2.4592082E-3,1.6134644E-1,-2.4325052E-2,1.4554977E-2,4.6173097E-3,1.9584656E-2,-2.8923035E-3,-7.564545E-4,4.489899E-4,1.6413371E-3],"categories":[],"categories_nodes":[],"categories_segments":[],"categories_sizes":[],"default_left":[0,0,0,0,0,0,0,0,0,0,0,0,0,0,0],"id":72,"left_children":[1,3,5,-1,-1,7,9,11,13,-1,-1,-1,-1,-1,-1],"loss_changes":[1.6596434E-1,2.6078671E-3,5.0605863E-2,0E0,0E0,2.5862278E-3,2.8776377E-3,1.2403936E-5,1.1251541E-6,0E0,0E0,0E0,0E0,0E0,0E0],"parents":[2147483647,0,0,1,1,2,2,5,5,6,6,7,7,8,8],"right_children":[2,4,6,-1,-1,8,10,12,14,-1,-1,-1,-1,-1,-1],"split_conditions":[1.99214E-1,1.01500936E-1,9.156613E-1,-2.6058197E-2,-6.55098E-3,6.0550207E-1,1E0,5.0031483E-1,7.028597E-1,4.6173097E-3,1.9584656E-2,-2.8923035E-3,-7.564545E-4,4.489899E-4,1.6413371E-3],"split_indices":[0,0,0,0,0,0,0,0,0,0,0,0,0,0,0],"split_type":[0,0,0,0,0,0,0,0,0,0,0,0,0,0,0],"sum_hessian":[9E0,2E0,7E0,1E0,1E0,5E0,2E0,2E0,3E0,1E0,1E0,1E0,1E0,1E0,2E0],"tree_param":{"num_deleted":"0","num_feature":"2","num_nodes":"15","size_leaf_vector":"1"}},{"base_weights":[-1.7459106E-2,-2.0652263E-1,5.56221E-2,-2.4755096E-2,-6.223297E-3,-2.474467E-3,1.5327454E-1,-2.3109436E-2,1.3620377E-3,4.386139E-3,1.8605042E-2,-2.7477264E-3,-7.18689E-4],"categories":[],"categories_nodes":[],"categories_segments":[],"categories_sizes":[],"default_left":[0,0,0,0,0,0,0,0,0,0,0,0,0],"id":73,"left_children":[1,3,5,-1,-1,7,9,11,-1,-1,-1,-1,-1],"loss_changes":[1.4965713E-1,2.3540705E-3,4.5765445E-2,0E0,0E0,2.3074588E-3,2.5979057E-3,1.1164811E-5,0E0,0E0,0E0,0E0,0E0],"parents":[2147483647,0,0,1,1,2,2,5,5,6,6,7,7],"right_children":[2,4,6,-1,-1,8,10,12,-1,-1,-1,-1,-1],"split_conditions":[1.99214E-1,1.01500936E-1,9.156613E-1,-2.4755096E-2,-6.223297E-3,6.0550207E-1,1E0,5.0031483E-1,1.3620377E-3,4.386139E-3,1.8605042E-2,-2.7477264E-3,-7.18689E-4],"split_indices":[0,0,0,0,0,0,0,0,0,0,0,0,0],"split_type":[0,0,0,0,0,0,0,0,0,0,0,0,0],"sum_hessian":[9E0,2E0,7E0,1E0,1E0,5E0,2E0,2E0,3E0,1E0,1E0,1E0,1E0],"tree_param":{"num_deleted":"0","num_feature":"2","num_nodes":"13","size_leaf_vector":"1"}},{"base_weights":[-1.6721344E-2,-1.9619496E-1,5.2671432E-2,-2.3517227E-2,-5.912018E-3,-2.5787354E-3,1.4561462E-1,-2.1954855E-2,1.2598038E-2,4.1671754E-3,1.7675018E-2,-2.6103973E-3,-6.828308E-4,3.5820008E-4,1.4409383E-3],"categories":[],"categories_nodes":[],"categories_segments":[],"categories_sizes":[],"default_left":[0,0,0,0,0,0,0,0,0,0,0,0,0,0,0],"id":74,"left_children":[1,3,5,-1,-1,7,9,11,13,-1,-1,-1,-1,-1,-1],"loss_changes":[1.348756E-1,2.124995E-3,4.145652E-2,0E0,0E0,2.0409897E-3,2.3434684E-3,1.0039541E-5,1.3710232E-5,0E0,0E0,0E0,0E0,0E0,0E0],"parents":[2147483647,0,0,1,1,2,2,5,5,6,6,7,7,8,8],"right_children":[2,4,6,-1,-1,8,10,12,14,-1,-1,-1,-1,-1,-1],"split_conditions":[1.99214E-1,1.01500936E-1,9.156613E-1,-2.3517227E-2,-5.912018E-3,6.0550207E-1,1E0,5.0031483E-1,7.028597E-1,4.1671754E-3,1.7675018E-2,-2.6103973E-3,-6.828308E-4,3.5820008E-4,1.4409383E-3],"split_indices":[0,0,0,0,0,0,0,0,0,0,0,0,0,0,0],"split_type":[0,0,0,0,0,0,0,0,0,0,0,0,0,0,0],"sum_hessian":[9E0,2E0,7E0,1E0,1E0,5E0,2E0,2E0,3E0,1E0,1E0,1E0,1E0,1E0,2E0],"tree_param":{"num_deleted":"0","num_feature":"2","num_nodes":"15","size_leaf_vector":"1"}},{"base_weights":[-1.5956115E-2,-1.8638611E-1,4.9949646E-2,-2.2341538E-2,-5.616379E-3,-2.5685627E-3,1.3833618E-1,-2.0856222E-2,1.1789322E-2,3.958893E-3,1.6791536E-2,-2.4799348E-3,-6.4849854E-4,3.40271E-4,1.3450623E-3],"categories":[],"categories_nodes":[],"categories_segments":[],"categories_sizes":[],"default_left":[0,0,0,0,0,0,0,0,0,0,0,0,0,0,0],"id":75,"left_children":[1,3,5,-1,-1,7,9,11,13,-1,-1,-1,-1,-1,-1],"loss_changes":[1.21633105E-1,1.9182563E-3,3.7490547E-2,0E0,0E0,1.8213133E-3,2.1149963E-3,9.179348E-6,9.962183E-6,0E0,0E0,0E0,0E0,0E0,0E0],"parents":[2147483647,0,0,1,1,2,2,5,5,6,6,7,7,8,8],"right_children":[2,4,6,-1,-1,8,10,12,14,-1,-1,-1,-1,-1,-1],"split_conditions":[1.99214E-1,1.01500936E-1,9.156613E-1,-2.2341538E-2,-5.616379E-3,6.0550207E-1,1E0,5.0031483E-1,7.028597E-1,3.958893E-3,1.6791536E-2,-2.4799348E-3,-6.4849854E-4,3.40271E-4,1.3450623E-3],"split_indices":[0,0,0,0,0,0,0,0,0,0,0,0,0,0,0],"split_type":[0,0,0,0,0,0,0,0,0,0,0,0,0,0,0],"sum_hessian":[9E0,2E0,7E0,1E0,1E0,5E0,2E0,2E0,3E0,1E0,1E0,1E0,1E0,1E0,2E0],"tree_param":{"num_deleted":"0","num_feature":"2","num_nodes":"15","size_leaf_vector":"1"}},{"base_weights":[-1.5224457E-2,-1.7706807E-1,4.7369957E-2,-2.1224594E-2,-5.3356173E-3,-2.5520325E-3,1.3142395E-1,-1.9813538E-2,1.10321045E-2,3.7612915E-3,1.5952302E-2,-2.3559572E-3,-6.160736E-4,3.2310488E-4,1.255544E-3],"categories":[],"categories_nodes":[],"categories_segments":[],"categories_sizes":[],"default_left":[0,0,0,0,0,0,0,0,0,0,0,0,0,0,0],"id":76,"left_children":[1,3,5,-1,-1,7,9,11,13,-1,-1,-1,-1,-1,-1],"loss_changes":[1.09692775E-1,1.731135E-3,3.390454E-2,0E0,0E0,1.6254808E-3,1.9078776E-3,8.2872575E-6,6.967224E-6,0E0,0E0,0E0,0E0,0E0,0E0],"parents":[2147483647,0,0,1,1,2,2,5,5,6,6,7,7,8,8],"right_children":[2,4,6,-1,-1,8,10,12,14,-1,-1,-1,-1,-1,-1],"split_conditions":[1.99214E-1,1.01500936E-1,9.156613E-1,-2.1224594E-2,-5.3356173E-3,6.0550207E-1,1E0,5.0031483E-1,7.028597E-1,3.7612915E-3,1.5952302E-2,-2.3559572E-3,-6.160736E-4,3.2310488E-4,1.255544E-3],"split_indices":[0,0,0,0,0,0,0,0,0,0,0,0,0,0,0],"split_type":[0,0,0,0,0,0,0,0,0,0,0,0,0,0,0],"sum_hessian":[9E0,2E0,7E0,1E0,1E0,5E0,2E0,2E0,3E0,1E0,1E0,1E0,1E0,1E0,2E0],"tree_param":{"num_deleted":"0","num_feature":"2","num_nodes":"15","size_leaf_vector":"1"}},{"base_weights":[-1.4524078E-2,-1.6821544E-1,4.492569E-2,-2.0163346E-2,-5.06897E-3,-2.5278728E-3,1.2485758E-1,-1.8821716E-2,1.0324478E-2,3.5736084E-3,1.51550295E-2,-2.238083E-3,-5.851746E-4,3.0708313E-4,1.171875E-3],"categories":[],"categories_nodes":[],"categories_segments":[],"categories_sizes":[],"default_left":[0,0,0,0,0,0,0,0,0,0,0,0,0,0,0],"id":77,"left_children":[1,3,5,-1,-1,7,9,11,13,-1,-1,-1,-1,-1,-1],"loss_changes":[9.892634E-2,1.5616938E-3,3.0660048E-2,0E0,0E0,1.4508095E-3,1.720868E-3,7.5178687E-6,4.4679327E-6,0E0,0E0,0E0,0E0,0E0,0E0],"parents":[2147483647,0,0,1,1,2,2,5,5,6,6,7,7,8,8],"right_children":[2,4,6,-1,-1,8,10,12,14,-1,-1,-1,-1,-1,-1],"split_conditions":[1.99214E-1,1.01500936E-1,9.156613E-1,-2.0163346E-2,-5.06897E-3,6.0550207E-1,1E0,5.0031483E-1,7.028597E-1,3.5736084E-3,1.51550295E-2,-2.238083E-3,-5.851746E-4,3.0708313E-4,1.171875E-3],"split_indices":[0,0,0,0,0,0,0,0,0,0,0,0,0,0,0],"split_type":[0,0,0,0,0,0,0,0,0,0,0,0,0,0,0],"sum_hessian":[9E0,2E0,7E0,1E0,1E0,5E0,2E0,2E0,3E0,1E0,1E0,1E0,1E0,1E0,2E0],"tree_param":{"num_deleted":"0","num_feature":"2","num_nodes":"15","size_leaf_vector":"1"}},{"base_weights":[-1.3856506E-2,-1.598053E-1,4.2606354E-2,-1.915512E-2,-4.815674E-3,-2.4998982E-3,1.1861674E-1,-1.7880758E-2,9.660721E-3,3.3950806E-3,1.439743E-2,-2.1263123E-3,-5.558014E-4,2.9182434E-4,1.0935466E-3],"categories":[],"categories_nodes":[],"categories_segments":[],"categories_sizes":[],"default_left":[0,0,0,0,0,0,0,0,0,0,0,0,0,0,0],"id":78,"left_children":[1,3,5,-1,-1,7,9,11,13,-1,-1,-1,-1,-1,-1],"loss_changes":[8.921558E-2,1.4086813E-3,2.772488E-2,0E0,0E0,1.2949856E-3,1.5527233E-3,6.859307E-6,2.4674227E-6,0E0,0E0,0E0,0E0,0E0,0E0],"parents":[2147483647,0,0,1,1,2,2,5,5,6,6,7,7,8,8],"right_children":[2,4,6,-1,-1,8,10,12,14,-1,-1,-1,-1,-1,-1],"split_conditions":[1.99214E-1,1.01500936E-1,9.156613E-1,-1.915512E-2,-4.815674E-3,6.0550207E-1,1E0,5.0031483E-1,7.028597E-1,3.3950806E-3,1.439743E-2,-2.1263123E-3,-5.558014E-4,2.9182434E-4,1.0935466E-3],"split_indices":[0,0,0,0,0,0,0,0,0,0,0,0,0,0,0],"split_type":[0,0,0,0,0,0,0,0,0,0,0,0,0,0,0],"sum_hessian":[9E0,2E0,7E0,1E0,1E0,5E0,2E0,2E0,3E0,1E0,1E0,1E0,1E0,1E0,2E0],"tree_param":{"num_deleted":"0","num_feature":"2","num_nodes":"15","size_leaf_vector":"1"}},{"base_weights":[-1.3217926E-2,-1.5181477E-1,4.0408134E-2,-1.8197251E-2,-4.5749666E-3,-2.465566E-3,1.1268616E-1,-1.6985575E-2,9.0408325E-4,3.2257081E-3,1.3677216E-2,-2.0198822E-3,-5.2795414E-4],"categories":[],"categories_nodes":[],"categories_segments":[],"categories_sizes":[],"default_left":[0,0,0,0,0,0,0,0,0,0,0,0,0],"id":79,"left_children":[1,3,5,-1,-1,7,9,11,-1,-1,-1,-1,-1],"loss_changes":[8.045858E-2,1.2708679E-3,2.5068445E-2,0E0,0E0,1.1560018E-3,1.3997741E-3,6.2026083E-6,0E0,0E0,0E0,0E0,0E0],"parents":[2147483647,0,0,1,1,2,2,5,5,6,6,7,7],"right_children":[2,4,6,-1,-1,8,10,12,-1,-1,-1,-1,-1],"split_conditions":[1.99214E-1,1.01500936E-1,9.156613E-1,-1.8197251E-2,-4.5749666E-3,6.0550207E-1,1E0,5.0031483E-1,9.0408325E-4,3.2257081E-3,1.3677216E-2,-2.0198822E-3,-5.2795414E-4],"split_indices":[0,0,0,0,0,0,0,0,0,0,0,0,0],"split_type":[0,0,0,0,0,0,0,0,0,0,0,0,0],"sum_hessian":[9E0,2E0,7E0,1E0,1E0,5E0,2E0,2E0,3E0,1E0,1E0,1E0,1E0],"tree_param":{"num_deleted":"0","num_feature":"2","num_nodes":"13","size_leaf_vector":"1"}},{"base_weights":[-1.2646484E-2,-1.4422353E-1,3.827572E-2,-1.7287446E-2,-4.346085E-3,-2.4935405E-3,1.07055664E-1,-1.613617E-2,8.361816E-3,3.0647279E-3,1.2993622E-2,-1.9187927E-3,-5.016327E-4,2.3193359E-4,9.602864E-4],"categories":[],"categories_nodes":[],"categories_segments":[],"categories_sizes":[],"default_left":[0,0,0,0,0,0,0,0,0,0,0,0,0,0,0],"id":80,"left_children":[1,3,5,-1,-1,7,9,11,13,-1,-1,-1,-1,-1,-1],"loss_changes":[7.252219E-2,1.1475608E-3,2.2699807E-2,0E0,0E0,1.0235014E-3,1.2626089E-3,5.552254E-6,7.723778E-6,0E0,0E0,0E0,0E0,0E0,0E0],"parents":[2147483647,0,0,1,1,2,2,5,5,6,6,7,7,8,8],"right_children":[2,4,6,-1,-1,8,10,12,14,-1,-1,-1,-1,-1,-1],"split_conditions":[1.99214E-1,1.01500936E-1,9.156613E-1,-1.7287446E-2,-4.346085E-3,6.0550207E-1,1E0,5.0031483E-1,7.028597E-1,3.0647279E-3,1.2993622E-2,-1.9187927E-3,-5.016327E-4,2.3193359E-4,9.602864E-4],"split_indices":[0,0,0,0,0,0,0,0,0,0,0,0,0,0,0],"split_type":[0,0,0,0,0,0,0,0,0,0,0,0,0,0,0],"sum_hessian":[9E0,2E0,7E0,1E0,1E0,5E0,2E0,2E0,3E0,1E0,1E0,1E0,1E0,1E0,2E0],"tree_param":{"num_deleted":"0","num_feature":"2","num_nodes":"15","size_leaf_vector":"1"}},{"base_weights":[-1.2062073E-2,-1.3701122E-1,3.6301613E-2,-1.6423035E-2,-4.128647E-3,-2.4477642E-3,1.0169983E-1,-1.5327454E-2,7.823944E-3,2.911377E-3,1.2343598E-2,-1.8226624E-3,-4.764557E-4,2.204895E-4,8.9619955E-4],"categories":[],"categories_nodes":[],"categories_segments":[],"categories_sizes":[],"default_left":[0,0,0,0,0,0,0,0,0,0,0,0,0,0,0],"id":81,"left_children":[1,3,5,-1,-1,7,9,11,13,-1,-1,-1,-1,-1,-1],"loss_changes":[6.540374E-2,1.0361411E-3,2.0522058E-2,0E0,0E0,9.136996E-4,1.1395384E-3,5.0290837E-6,5.818787E-6,0E0,0E0,0E0,0E0,0E0,0E0],"parents":[2147483647,0,0,1,1,2,2,5,5,6,6,7,7,8,8],"right_children":[2,4,6,-1,-1,8,10,12,14,-1,-1,-1,-1,-1,-1],"split_conditions":[1.99214E-1,1.01500936E-1,9.156613E-1,-1.6423035E-2,-4.128647E-3,6.0550207E-1,1E0,5.0031483E-1,7.028597E-1,2.911377E-3,1.2343598E-2,-1.8226624E-3,-4.764557E-4,2.204895E-4,8.9619955E-4],"split_indices":[0,0,0,0,0,0,0,0,0,0,0,0,0,0,0],"split_type":[0,0,0,0,0,0,0,0,0,0,0,0,0,0,0],"sum_hessian":[9E0,2E0,7E0,1E0,1E0,5E0,2E0,2E0,3E0,1E0,1E0,1E0,1E0,1E0,2E0],"tree_param":{"num_deleted":"0","num_feature":"2","num_nodes":"15","size_leaf_vector":"1"}},{"base_weights":[-1.1504364E-2,-1.3016002E-1,3.442955E-2,-1.5601731E-2,-3.922272E-3,-2.400716E-3,9.661356E-2,-1.4561971E-2,7.320404E-3,2.7656555E-3,1.1726379E-2,-1.7314911E-3,-4.5280458E-4,2.0942689E-4,8.36436E-4],"categories":[],"categories_nodes":[],"categories_segments":[],"categories_sizes":[],"default_left":[0,0,0,0,0,0,0,0,0,0,0,0,0,0,0],"id":82,"left_children":[1,3,5,-1,-1,7,9,11,13,-1,-1,-1,-1,-1,-1],"loss_changes":[5.8984533E-2,9.347573E-4,1.8553972E-2,0E0,0E0,8.159256E-4,1.0288209E-3,4.4656335E-6,4.306188E-6,0E0,0E0,0E0,0E0,0E0,0E0],"parents":[2147483647,0,0,1,1,2,2,5,5,6,6,7,7,8,8],"right_children":[2,4,6,-1,-1,8,10,12,14,-1,-1,-1,-1,-1,-1],"split_conditions":[1.99214E-1,1.01500936E-1,9.156613E-1,-1.5601731E-2,-3.922272E-3,6.0550207E-1,1E0,5.0031483E-1,7.028597E-1,2.7656555E-3,1.1726379E-2,-1.7314911E-3,-4.5280458E-4,2.0942689E-4,8.36436E-4],"split_indices":[0,0,0,0,0,0,0,0,0,0,0,0,0,0,0],"split_type":[0,0,0,0,0,0,0,0,0,0,0,0,0,0,0],"sum_hessian":[9E0,2E0,7E0,1E0,1E0,5E0,2E0,2E0,3E0,1E0,1E0,1E0,1E0,1E0,2E0],"tree_param":{"num_deleted":"0","num_feature":"2","num_nodes":"15","size_leaf_vector":"1"}},{"base_weights":[-1.0970307E-2,-1.2365214E-1,3.265667E-2,-1.4821625E-2,-3.7261962E-3,-2.351125E-3,9.1786705E-2,-1.3834636E-2,6.849289E-3,2.6275634E-3,1.1140442E-2,-1.6448975E-3,-4.3029786E-4,1.991272E-4,7.804871E-4],"categories":[],"categories_nodes":[],"categories_segments":[],"categories_sizes":[],"default_left":[0,0,0,0,0,0,0,0,0,0,0,0,0,0,0],"id":83,"left_children":[1,3,5,-1,-1,7,9,11,13,-1,-1,-1,-1,-1,-1],"loss_changes":[5.319774E-2,8.434616E-4,1.6775899E-2,0E0,0E0,7.286757E-4,9.283107E-4,3.9773877E-6,3.0273077E-6,0E0,0E0,0E0,0E0,0E0,0E0],"parents":[2147483647,0,0,1,1,2,2,5,5,6,6,7,7,8,8],"right_children":[2,4,6,-1,-1,8,10,12,14,-1,-1,-1,-1,-1,-1],"split_conditions":[1.99214E-1,1.01500936E-1,9.156613E-1,-1.4821625E-2,-3.7261962E-3,6.0550207E-1,1E0,5.0031483E-1,7.028597E-1,2.6275634E-3,1.1140442E-2,-1.6448975E-3,-4.3029786E-4,1.991272E-4,7.804871E-4],"split_indices":[0,0,0,0,0,0,0,0,0,0,0,0,0,0,0],"split_type":[0,0,0,0,0,0,0,0,0,0,0,0,0,0,0],"sum_hessian":[9E0,2E0,7E0,1E0,1E0,5E0,2E0,2E0,3E0,1E0,1E0,1E0,1E0,1E0,2E0],"tree_param":{"num_deleted":"0","num_feature":"2","num_nodes":"15","size_leaf_vector":"1"}},{"base_weights":[-1.04599E-2,-1.1746979E-1,3.0976295E-2,-1.4080429E-2,-3.540039E-3,-2.2977192E-3,8.719889E-2,-1.3142903E-2,6.4105988E-3,2.496338E-3,1.0583497E-2,-1.5625E-3,-4.0893556E-4,1.89209E-4,7.286072E-4],"categories":[],"categories_nodes":[],"categories_segments":[],"categories_sizes":[],"default_left":[0,0,0,0,0,0,0,0,0,0,0,0,0,0,0],"id":84,"left_children":[1,3,5,-1,-1,7,9,11,13,-1,-1,-1,-1,-1,-1],"loss_changes":[4.7979604E-2,7.606186E-4,1.5166372E-2,0E0,0E0,6.5091375E-4,8.374769E-4,3.519177E-6,2.0374282E-6,0E0,0E0,0E0,0E0,0E0,0E0],"parents":[2147483647,0,0,1,1,2,2,5,5,6,6,7,7,8,8],"right_children":[2,4,6,-1,-1,8,10,12,14,-1,-1,-1,-1,-1,-1],"split_conditions":[1.99214E-1,1.01500936E-1,9.156613E-1,-1.4080429E-2,-3.540039E-3,6.0550207E-1,1E0,5.0031483E-1,7.028597E-1,2.496338E-3,1.0583497E-2,-1.5625E-3,-4.0893556E-4,1.89209E-4,7.286072E-4],"split_indices":[0,0,0,0,0,0,0,0,0,0,0,0,0,0,0],"split_type":[0,0,0,0,0,0,0,0,0,0,0,0,0,0,0],"sum_hessian":[9E0,2E0,7E0,1E0,1E0,5E0,2E0,2E0,3E0,1E0,1E0,1E0,1E0,1E0,2E0],"tree_param":{"num_deleted":"0","num_feature":"2","num_nodes":"15","size_leaf_vector":"1"}},{"base_weights":[-9.973908E-3,-1.11595154E-1,2.9380798E-2,-1.3376236E-2,-3.3630372E-3,-2.243042E-3,8.283488E-2,-1.2484233E-2,5.9986115E-3,2.371216E-3,1.00540165E-2,-1.4842987E-3,-3.883362E-4,2.764384E-4,7.850647E-4],"categories":[],"categories_nodes":[],"categories_segments":[],"categories_sizes":[],"default_left":[0,0,0,0,0,0,0,0,0,0,0,0,0,0,0],"id":85,"left_children":[1,3,5,-1,-1,7,9,11,13,-1,-1,-1,-1,-1,-1],"loss_changes":[4.3271497E-2,6.863065E-4,1.3709189E-2,0E0,0E0,5.813141E-4,7.563289E-4,3.2213575E-6,2.2574095E-6,0E0,0E0,0E0,0E0,0E0,0E0],"parents":[2147483647,0,0,1,1,2,2,5,5,6,6,7,7,8,8],"right_children":[2,4,6,-1,-1,8,10,12,14,-1,-1,-1,-1,-1,-1],"split_conditions":[1.99214E-1,1.01500936E-1,9.156613E-1,-1.3376236E-2,-3.3630372E-3,6.0550207E-1,1E0,5.0031483E-1,8.092859E-1,2.371216E-3,1.00540165E-2,-1.4842987E-3,-3.883362E-4,2.764384E-4,7.850647E-4],"split_indices":[0,0,0,0,0,0,0,0,0,0,0,0,0,0,0],"split_type":[0,0,0,0,0,0,0,0,0,0,0,0,0,0,0],"sum_hessian":[9E0,2E0,7E0,1E0,1E0,5E0,2E0,2E0,3E0,1E0,1E0,1E0,1E0,2E0,1E0],"tree_param":{"num_deleted":"0","num_feature":"2","num_nodes":"15","size_leaf_vector":"1"}},{"base_weights":[-9.487152E-3,-1.06015526E-1,2.7896881E-2,-1.2707519E-2,-3.194809E-3,-2.1514893E-3,7.8694664E-2,-1.1858623E-2,5.666733E-3,2.2529603E-3,9.551239E-3,-1.4099121E-3,-3.6888124E-4,2.5812787E-4,7.461548E-4],"categories":[],"categories_nodes":[],"categories_segments":[],"categories_sizes":[],"default_left":[0,0,0,0,0,0,0,0,0,0,0,0,0,0,0],"id":86,"left_children":[1,3,5,-1,-1,7,9,11,13,-1,-1,-1,-1,-1,-1],"loss_changes":[3.9043702E-2,6.196983E-4,1.2380436E-2,0E0,0E0,5.2255474E-4,6.818492E-4,2.9043586E-6,2.8909417E-6,0E0,0E0,0E0,0E0,0E0,0E0],"parents":[2147483647,0,0,1,1,2,2,5,5,6,6,7,7,8,8],"right_children":[2,4,6,-1,-1,8,10,12,14,-1,-1,-1,-1,-1,-1],"split_conditions":[1.99214E-1,1.01500936E-1,9.156613E-1,-1.2707519E-2,-3.194809E-3,6.0550207E-1,1E0,5.0031483E-1,8.092859E-1,2.2529603E-3,9.551239E-3,-1.4099121E-3,-3.6888124E-4,2.5812787E-4,7.461548E-4],"split_indices":[0,0,0,0,0,0,0,0,0,0,0,0,0,0,0],"split_type":[0,0,0,0,0,0,0,0,0,0,0,0,0,0,0],"sum_hessian":[9E0,2E0,7E0,1E0,1E0,5E0,2E0,2E0,3E0,1E0,1E0,1E0,1E0,2E0,1E0],"tree_param":{"num_deleted":"0","num_feature":"2","num_nodes":"15","size_leaf_vector":"1"}},{"base_weights":[-9.0263365E-3,-1.007131E-1,2.648449E-2,-1.2071991E-2,-3.0349733E-3,-2.0662944E-3,7.47579E-2,-1.1266072E-2,5.350113E-3,2.1400452E-3,9.073639E-3,-1.3393402E-3,-3.5057068E-4,2.4083455E-4,7.0877076E-4],"categories":[],"categories_nodes":[],"categories_segments":[],"categories_sizes":[],"default_left":[0,0,0,0,0,0,0,0,0,0,0,0,0,0,0],"id":87,"left_children":[1,3,5,-1,-1,7,9,11,13,-1,-1,-1,-1,-1,-1],"loss_changes":[3.5226062E-2,5.5942126E-4,1.11804195E-2,0E0,0E0,4.696506E-4,6.1591715E-4,2.5732152E-6,3.37675E-6,0E0,0E0,0E0,0E0,0E0,0E0],"parents":[2147483647,0,0,1,1,2,2,5,5,6,6,7,7,8,8],"right_children":[2,4,6,-1,-1,8,10,12,14,-1,-1,-1,-1,-1,-1],"split_conditions":[1.99214E-1,1.01500936E-1,9.156613E-1,-1.2071991E-2,-3.0349733E-3,6.0550207E-1,1E0,5.0031483E-1,8.092859E-1,2.1400452E-3,9.073639E-3,-1.3393402E-3,-3.5057068E-4,2.4083455E-4,7.0877076E-4],"split_indices":[0,0,0,0,0,0,0,0,0,0,0,0,0,0,0],"split_type":[0,0,0,0,0,0,0,0,0,0,0,0,0,0,0],"sum_hessian":[9E0,2E0,7E0,1E0,1E0,5E0,2E0,2E0,3E0,1E0,1E0,1E0,1E0,2E0,1E0],"tree_param":{"num_deleted":"0","num_feature":"2","num_nodes":"15","size_leaf_vector":"1"}},{"base_weights":[-8.586884E-3,-9.5677696E-2,2.514553E-2,-1.1468506E-2,-2.8831481E-3,-1.982371E-3,7.101949E-2,-1.0701497E-2,5.0525665E-3,2.0332336E-3,8.61969E-3,-1.2722015E-3,-3.3302308E-4,2.2455852E-4,6.7367556E-4],"categories":[],"categories_nodes":[],"categories_segments":[],"categories_sizes":[],"default_left":[0,0,0,0,0,0,0,0,0,0,0,0,0,0,0],"id":88,"left_children":[1,3,5,-1,-1,7,9,11,13,-1,-1,-1,-1,-1,-1],"loss_changes":[3.17837E-2,5.051717E-4,1.00965025E-2,0E0,0E0,4.2210112E-4,5.553132E-4,2.3140747E-6,3.7819918E-6,0E0,0E0,0E0,0E0,0E0,0E0],"parents":[2147483647,0,0,1,1,2,2,5,5,6,6,7,7,8,8],"right_children":[2,4,6,-1,-1,8,10,12,14,-1,-1,-1,-1,-1,-1],"split_conditions":[1.99214E-1,1.01500936E-1,9.156613E-1,-1.1468506E-2,-2.8831481E-3,6.0550207E-1,1E0,5.0031483E-1,8.092859E-1,2.0332336E-3,8.61969E-3,-1.2722015E-3,-3.3302308E-4,2.2455852E-4,6.7367556E-4],"split_indices":[0,0,0,0,0,0,0,0,0,0,0,0,0,0,0],"split_type":[0,0,0,0,0,0,0,0,0,0,0,0,0,0,0],"sum_hessian":[9E0,2E0,7E0,1E0,1E0,5E0,2E0,2E0,3E0,1E0,1E0,1E0,1E0,2E0,1E0],"tree_param":{"num_deleted":"0","num_feature":"2","num_nodes":"15","size_leaf_vector":"1"}},{"base_weights":[-8.167267E-3,-9.0894066E-2,2.387619E-2,-1.0895157E-2,-2.7389526E-3,-1.8997192E-3,6.746928E-2,-1.0164897E-2,4.7740936E-3,1.9317627E-3,8.1886295E-3,-1.2084962E-3,-3.162384E-4,2.0980835E-4,6.401062E-4],"categories":[],"categories_nodes":[],"categories_segments":[],"categories_sizes":[],"default_left":[0,0,0,0,0,0,0,0,0,0,0,0,0,0,0],"id":89,"left_children":[1,3,5,-1,-1,7,9,11,13,-1,-1,-1,-1,-1,-1],"loss_changes":[2.867873E-2,4.5606866E-4,9.117384E-3,0E0,0E0,3.7948968E-4,5.0076004E-4,2.118526E-6,3.985173E-6,0E0,0E0,0E0,0E0,0E0,0E0],"parents":[2147483647,0,0,1,1,2,2,5,5,6,6,7,7,8,8],"right_children":[2,4,6,-1,-1,8,10,12,14,-1,-1,-1,-1,-1,-1],"split_conditions":[1.99214E-1,1.01500936E-1,9.156613E-1,-1.0895157E-2,-2.7389526E-3,6.0550207E-1,1E0,5.0031483E-1,8.092859E-1,1.9317627E-3,8.1886295E-3,-1.2084962E-3,-3.162384E-4,2.0980835E-4,6.401062E-4],"split_indices":[0,0,0,0,0,0,0,0,0,0,0,0,0,0,0],"split_type":[0,0,0,0,0,0,0,0,0,0,0,0,0,0,0],"sum_hessian":[9E0,2E0,7E0,1E0,1E0,5E0,2E0,2E0,3E0,1E0,1E0,1E0,1E0,2E0,1E0],"tree_param":{"num_deleted":"0","num_feature":"2","num_nodes":"15","size_leaf_vector":"1"}},{"base_weights":[-7.771301E-3,-8.634949E-2,2.2666931E-2,-1.0350418E-2,-2.6020051E-3,-1.8234253E-3,6.4092E-2,-9.6588135E-3,4.508972E-3,1.8348694E-3,7.778931E-3,-1.1482239E-3,-3.0059816E-4,1.9582112E-4,6.080628E-4],"categories":[],"categories_nodes":[],"categories_segments":[],"categories_sizes":[],"default_left":[0,0,0,0,0,0,0,0,0,0,0,0,0,0,0],"id":90,"left_children":[1,3,5,-1,-1,7,9,11,13,-1,-1,-1,-1,-1,-1],"loss_changes":[2.5875088E-2,4.1161478E-4,8.232985E-3,0E0,0E0,3.4125207E-4,4.5234803E-4,1.8774299E-6,4.1285166E-6,0E0,0E0,0E0,0E0,0E0,0E0],"parents":[2147483647,0,0,1,1,2,2,5,5,6,6,7,7,8,8],"right_children":[2,4,6,-1,-1,8,10,12,14,-1,-1,-1,-1,-1,-1],"split_conditions":[1.99214E-1,1.01500936E-1,9.156613E-1,-1.0350418E-2,-2.6020051E-3,6.0550207E-1,1E0,5.0031483E-1,8.092859E-1,1.8348694E-3,7.778931E-3,-1.1482239E-3,-3.0059816E-4,1.9582112E-4,6.080628E-4],"split_indices":[0,0,0,0,0,0,0,0,0,0,0,0,0,0,0],"split_type":[0,0,0,0,0,0,0,0,0,0,0,0,0,0,0],"sum_hessian":[9E0,2E0,7E0,1E0,1E0,5E0,2E0,2E0,3E0,1E0,1E0,1E0,1E0,2E0,1E0],"tree_param":{"num_deleted":"0","num_feature":"2","num_nodes":"15","size_leaf_vector":"1"}},{"base_weights":[-7.393646E-3,-8.203125E-2,2.1519661E-2,-9.832764E-3,-2.4719238E-3,-1.750946E-3,6.0887653E-2,-9.178162E-3,4.257202E-3,1.7433167E-3,7.389832E-3,-1.0910034E-3,-2.8572083E-4,1.8259684E-4,5.775452E-4],"categories":[],"categories_nodes":[],"categories_segments":[],"categories_sizes":[],"default_left":[0,0,0,0,0,0,0,0,0,0,0,0,0,0,0],"id":91,"left_children":[1,3,5,-1,-1,7,9,11,13,-1,-1,-1,-1,-1,-1],"loss_changes":[2.3345483E-2,3.7135184E-4,7.435548E-3,0E0,0E0,3.0681616E-4,4.0783174E-4,1.6690174E-6,4.2190877E-6,0E0,0E0,0E0,0E0,0E0,0E0],"parents":[2147483647,0,0,1,1,2,2,5,5,6,6,7,7,8,8],"right_children":[2,4,6,-1,-1,8,10,12,14,-1,-1,-1,-1,-1,-1],"split_conditions":[1.99214E-1,1.01500936E-1,9.156613E-1,-9.832764E-3,-2.4719238E-3,6.0550207E-1,1E0,5.0031483E-1,8.092859E-1,1.7433167E-3,7.389832E-3,-1.0910034E-3,-2.8572083E-4,1.8259684E-4,5.775452E-4],"split_indices":[0,0,0,0,0,0,0,0,0,0,0,0,0,0,0],"split_type":[0,0,0,0,0,0,0,0,0,0,0,0,0,0,0],"sum_hessian":[9E0,2E0,7E0,1E0,1E0,5E0,2E0,2E0,3E0,1E0,1E0,1E0,1E0,2E0,1E0],"tree_param":{"num_deleted":"0","num_feature":"2","num_nodes":"15","size_leaf_vector":"1"}},{"base_weights":[-7.032776E-3,-7.792918E-2,2.0432472E-2,-9.341049E-3,-2.3483278E-3,-1.6797384E-3,5.784607E-2,-8.720398E-3,4.020691E-3,1.6563416E-3,7.020569E-3,-1.0364533E-3,-2.7160646E-4,1.7038982E-4,5.485535E-4],"categories":[],"categories_nodes":[],"categories_segments":[],"categories_sizes":[],"default_left":[0,0,0,0,0,0,0,0,0,0,0,0,0,0,0],"id":92,"left_children":[1,3,5,-1,-1,7,9,11,13,-1,-1,-1,-1,-1,-1],"loss_changes":[2.1064159E-2,3.350973E-4,6.7155454E-3,0E0,0E0,2.7587073E-4,3.6786683E-4,1.4650577E-6,4.228168E-6,0E0,0E0,0E0,0E0,0E0,0E0],"parents":[2147483647,0,0,1,1,2,2,5,5,6,6,7,7,8,8],"right_children":[2,4,6,-1,-1,8,10,12,14,-1,-1,-1,-1,-1,-1],"split_conditions":[1.99214E-1,1.01500936E-1,9.156613E-1,-9.341049E-3,-2.3483278E-3,6.0550207E-1,1E0,5.0031483E-1,8.092859E-1,1.6563416E-3,7.020569E-3,-1.0364533E-3,-2.7160646E-4,1.7038982E-4,5.485535E-4],"split_indices":[0,0,0,0,0,0,0,0,0,0,0,0,0,0,0],"split_type":[0,0,0,0,0,0,0,0,0,0,0,0,0,0,0],"sum_hessian":[9E0,2E0,7E0,1E0,1E0,5E0,2E0,2E0,3E0,1E0,1E0,1E0,1E0,2E0,1E0],"tree_param":{"num_deleted":"0","num_feature":"2","num_nodes":"15","size_leaf_vector":"1"}},{"base_weights":[-6.689453E-3,-7.4033104E-2,1.9400597E-2,-8.87413E-3,-2.230835E-3,-1.6085306E-3,5.4951984E-2,-8.282979E-3,3.7994385E-3,1.5731811E-3,6.669617E-3,-9.845734E-4,-2.5787353E-4,1.5920003E-4,5.2108767E-4],"categories":[],"categories_nodes":[],"categories_segments":[],"categories_sizes":[],"default_left":[0,0,0,0,0,0,0,0,0,0,0,0,0,0,0],"id":93,"left_children":[1,3,5,-1,-1,7,9,11,13,-1,-1,-1,-1,-1,-1],"loss_changes":[1.9006277E-2,3.0266307E-4,6.0636206E-3,0E0,0E0,2.4804194E-4,3.3257436E-4,1.3534591E-6,4.1669336E-6,0E0,0E0,0E0,0E0,0E0,0E0],"parents":[2147483647,0,0,1,1,2,2,5,5,6,6,7,7,8,8],"right_children":[2,4,6,-1,-1,8,10,12,14,-1,-1,-1,-1,-1,-1],"split_conditions":[1.99214E-1,1.01500936E-1,9.156613E-1,-8.87413E-3,-2.230835E-3,6.0550207E-1,1E0,5.0031483E-1,8.092859E-1,1.5731811E-3,6.669617E-3,-9.845734E-4,-2.5787353E-4,1.5920003E-4,5.2108767E-4],"split_indices":[0,0,0,0,0,0,0,0,0,0,0,0,0,0,0],"split_type":[0,0,0,0,0,0,0,0,0,0,0,0,0,0,0],"sum_hessian":[9E0,2E0,7E0,1E0,1E0,5E0,2E0,2E0,3E0,1E0,1E0,1E0,1E0,2E0,1E0],"tree_param":{"num_deleted":"0","num_feature":"2","num_nodes":"15","size_leaf_vector":"1"}},{"base_weights":[-6.362915E-3,-7.033285E-2,1.8421173E-2,-8.430481E-3,-2.119446E-3,-1.5411377E-3,5.2205402E-2,-7.868449E-3,3.5896301E-3,1.4945985E-3,6.336212E-3,-9.3536376E-4,-2.4490358E-4,1.4851888E-4,4.951477E-4],"categories":[],"categories_nodes":[],"categories_segments":[],"categories_sizes":[],"default_left":[0,0,0,0,0,0,0,0,0,0,0,0,0,0,0],"id":94,"left_children":[1,3,5,-1,-1,7,9,11,13,-1,-1,-1,-1,-1,-1],"loss_changes":[1.7149977E-2,2.7288403E-4,5.4757455E-3,0E0,0E0,2.230286E-4,3.0006934E-4,1.2391683E-6,4.1098283E-6,0E0,0E0,0E0,0E0,0E0,0E0],"parents":[2147483647,0,0,1,1,2,2,5,5,6,6,7,7,8,8],"right_children":[2,4,6,-1,-1,8,10,12,14,-1,-1,-1,-1,-1,-1],"split_conditions":[1.99214E-1,1.01500936E-1,9.156613E-1,-8.430481E-3,-2.119446E-3,6.0550207E-1,1E0,5.0031483E-1,8.092859E-1,1.4945985E-3,6.336212E-3,-9.3536376E-4,-2.4490358E-4,1.4851888E-4,4.951477E-4],"split_indices":[0,0,0,0,0,0,0,0,0,0,0,0,0,0,0],"split_type":[0,0,0,0,0,0,0,0,0,0,0,0,0,0,0],"sum_hessian":[9E0,2E0,7E0,1E0,1E0,5E0,2E0,2E0,3E0,1E0,1E0,1E0,1E0,2E0,1E0],"tree_param":{"num_deleted":"0","num_feature":"2","num_nodes":"15","size_leaf_vector":"1"}},{"base_weights":[-6.05011E-3,-6.68157E-2,1.7493248E-2,-8.008957E-3,-2.0133972E-3,-1.4737447E-3,4.959615E-2,-7.4742637E-3,3.3950806E-3,1.4198304E-3,6.0195923E-3,-8.88443E-4,-2.3269653E-4,1.3885499E-4,4.7073365E-4],"categories":[],"categories_nodes":[],"categories_segments":[],"categories_sizes":[],"default_left":[0,0,0,0,0,0,0,0,0,0,0,0,0,0,0],"id":95,"left_children":[1,3,5,-1,-1,7,9,11,13,-1,-1,-1,-1,-1,-1],"loss_changes":[1.5475082E-2,2.464205E-4,4.944256E-3,0E0,0E0,2.0066858E-4,2.7094735E-4,1.1018856E-6,3.995956E-6,0E0,0E0,0E0,0E0,0E0,0E0],"parents":[2147483647,0,0,1,1,2,2,5,5,6,6,7,7,8,8],"right_children":[2,4,6,-1,-1,8,10,12,14,-1,-1,-1,-1,-1,-1],"split_conditions":[1.99214E-1,1.01500936E-1,9.156613E-1,-8.008957E-3,-2.0133972E-3,6.0550207E-1,1E0,5.0031483E-1,8.092859E-1,1.4198304E-3,6.0195923E-3,-8.88443E-4,-2.3269653E-4,1.3885499E-4,4.7073365E-4],"split_indices":[0,0,0,0,0,0,0,0,0,0,0,0,0,0,0],"split_type":[0,0,0,0,0,0,0,0,0,0,0,0,0,0,0],"sum_hessian":[9E0,2E0,7E0,1E0,1E0,5E0,2E0,2E0,3E0,1E0,1E0,1E0,1E0,2E0,1E0],"tree_param":{"num_deleted":"0","num_feature":"2","num_nodes":"15","size_leaf_vector":"1"}},{"base_weights":[-5.7540894E-3,-6.347402E-2,1.6610146E-2,-7.6084137E-3,-1.9126892E-3,-1.4127096E-3,4.711914E-2,-7.102966E-4,3.2081604E-3,1.348877E-3,5.7189944E-3,1.296997E-4,4.4708254E-4],"categories":[],"categories_nodes":[],"categories_segments":[],"categories_sizes":[],"default_left":[0,0,0,0,0,0,0,0,0,0,0,0,0],"id":96,"left_children":[1,3,5,-1,-1,7,9,-1,11,-1,-1,-1,-1],"loss_changes":[1.3962934E-2,2.2241473E-4,4.4654394E-3,0E0,0E0,1.8055107E-4,2.4463236E-4,0E0,3.8539874E-6,0E0,0E0,0E0,0E0],"parents":[2147483647,0,0,1,1,2,2,5,5,6,6,8,8],"right_children":[2,4,6,-1,-1,8,10,-1,12,-1,-1,-1,-1],"split_conditions":[1.99214E-1,1.01500936E-1,9.156613E-1,-7.6084137E-3,-1.9126892E-3,6.0550207E-1,1E0,-7.102966E-4,8.092859E-1,1.348877E-3,5.7189944E-3,1.296997E-4,4.4708254E-4],"split_indices":[0,0,0,0,0,0,0,0,0,0,0,0,0],"split_type":[0,0,0,0,0,0,0,0,0,0,0,0,0],"sum_hessian":[9E0,2E0,7E0,1E0,1E0,5E0,2E0,2E0,3E0,1E0,1E0,2E0,1E0],"tree_param":{"num_deleted":"0","num_feature":"2","num_nodes":"13","size_leaf_vector":"1"}},{"base_weights":[-5.4367064E-3,-6.030019E-2,1.5816689E-2,-7.2280886E-3,-1.8169404E-3,-1.2931824E-3,4.4764202E-2,-6.629944E-3,3.0326843E-3,1.2817383E-3,5.432892E-3,-8.087158E-4,-1.8577576E-4,1.2105307E-4,4.2495728E-4],"categories":[],"categories_nodes":[],"categories_segments":[],"categories_sizes":[],"default_left":[0,0,0,0,0,0,0,0,0,0,0,0,0,0,0],"id":97,"left_children":[1,3,5,-1,-1,7,9,11,13,-1,-1,-1,-1,-1,-1],"loss_changes":[1.2614103E-2,2.009673E-4,4.0201936E-3,0E0,0E0,1.5862324E-4,2.203323E-4,5.8383157E-6,3.725192E-6,0E0,0E0,0E0,0E0,0E0,0E0],"parents":[2147483647,0,0,1,1,2,2,5,5,6,6,7,7,8,8],"right_children":[2,4,6,-1,-1,8,10,12,14,-1,-1,-1,-1,-1,-1],"split_conditions":[1.99214E-1,1.01500936E-1,9.156613E-1,-7.2280886E-3,-1.8169404E-3,6.0550207E-1,1E0,5.0031483E-1,8.092859E-1,1.2817383E-3,5.432892E-3,-8.087158E-4,-1.8577576E-4,1.2105307E-4,4.2495728E-4],"split_indices":[0,0,0,0,0,0,0,0,0,0,0,0,0,0,0],"split_type":[0,0,0,0,0,0,0,0,0,0,0,0,0,0,0],"sum_hessian":[9E0,2E0,7E0,1E0,1E0,5E0,2E0,2E0,3E0,1E0,1E0,1E0,1E0,2E0,1E0],"tree_param":{"num_deleted":"0","num_feature":"2","num_nodes":"15","size_leaf_vector":"1"}},{"base_weights":[-5.1719667E-3,-5.728658E-2,1.5017509E-2,-6.8668365E-3,-1.7261505E-3,-1.2397766E-3,4.2526245E-2,-6.299337E-3,2.8648376E-3,1.2176514E-3,5.1612854E-3,-7.6828006E-4,-1.7662048E-4,1.1291504E-4,4.0359498E-4],"categories":[],"categories_nodes":[],"categories_segments":[],"categories_sizes":[],"default_left":[0,0,0,0,0,0,0,0,0,0,0,0,0,0,0],"id":98,"left_children":[1,3,5,-1,-1,7,9,11,13,-1,-1,-1,-1,-1,-1],"loss_changes":[1.1381969E-2,1.8135086E-4,3.630462E-3,0E0,0E0,1.4265184E-4,1.9886391E-4,5.2448668E-6,3.573543E-6,0E0,0E0,0E0,0E0,0E0,0E0],"parents":[2147483647,0,0,1,1,2,2,5,5,6,6,7,7,8,8],"right_children":[2,4,6,-1,-1,8,10,12,14,-1,-1,-1,-1,-1,-1],"split_conditions":[1.99214E-1,1.01500936E-1,9.156613E-1,-6.8668365E-3,-1.7261505E-3,6.0550207E-1,1E0,5.0031483E-1,8.092859E-1,1.2176514E-3,5.1612854E-3,-7.6828006E-4,-1.7662048E-4,1.1291504E-4,4.0359498E-4],"split_indices":[0,0,0,0,0,0,0,0,0,0,0,0,0,0,0],"split_type":[0,0,0,0,0,0,0,0,0,0,0,0,0,0,0],"sum_hessian":[9E0,2E0,7E0,1E0,1E0,5E0,2E0,2E0,3E0,1E0,1E0,1E0,1E0,2E0,1E0],"tree_param":{"num_deleted":"0","num_feature":"2","num_nodes":"15","size_leaf_vector":"1"}},{"base_weights":[-4.9186707E-3,-5.4423016E-2,1.4260292E-2,-6.5235137E-3,-1.6399383E-3,-1.1863708E-3,4.040019E-2,-5.9839883E-3,2.708435E-3,1.1566163E-3,4.903412E-3,-7.297516E-4,-1.6784668E-4,1.05285646E-4,3.8375854E-4],"categories":[],"categories_nodes":[],"categories_segments":[],"categories_sizes":[],"default_left":[0,0,0,0,0,0,0,0,0,0,0,0,0,0,0],"id":99,"left_children":[1,3,5,-1,-1,7,9,11,13,-1,-1,-1,-1,-1,-1],"loss_changes":[1.0270507E-2,1.635328E-4,3.2781227E-3,0E0,0E0,1.2832199E-4,1.7971639E-4,4.717622E-6,3.4371624E-6,0E0,0E0,0E0,0E0,0E0,0E0],"parents":[2147483647,0,0,1,1,2,2,5,5,6,6,7,7,8,8],"right_children":[2,4,6,-1,-1,8,10,12,14,-1,-1,-1,-1,-1,-1],"split_conditions":[1.99214E-1,1.01500936E-1,9.156613E-1,-6.5235137E-3,-1.6399383E-3,6.0550207E-1,1E0,5.0031483E-1,8.092859E-1,1.1566163E-3,4.903412E-3,-7.297516E-4,-1.6784668E-4,1.05285646E-4,3.8375854E-4],"split_indices":[0,0,0,0,0,0,0,0,0,0,0,0,0,0,0],"split_type":[0,0,0,0,0,0,0,0,0,0,0,0,0,0,0],"sum_hessian":[9E0,2E0,7E0,1E0,1E0,5E0,2E0,2E0,3E0,1E0,1E0,1E0,1E0,2E0,1E0],"tree_param":{"num_deleted":"0","num_feature":"2","num_nodes":"15","size_leaf_vector":"1"}}]},"name":"gbtree"},"learner_model_param":{"base_score":"1.16744446E2","boost_from_average":"1","num_class":"0","num_feature":"2","num_target":"1"},"objective":{"name":"reg:squarederror","reg_loss_param":{"scale_pos_weight":"1"}}},"version":[2,0,1]}