{"package": {"All_Weights": {"Bias_Weight": 99.14273194539206, "Categorical_Variables": {}, "Numerical_Variables": {"bpf_cpu_time_us": {"scale": 91202.66666666666, "mean": 0, "variance": 0, "weight": 701.4890988847458}}}}, "core": {"All_Weights": {"Bias_Weight": 0.0, "Categorical_Variables": {}, "Numerical_Variables": {"bpf_cpu_time_us": {"scale": 91202.66666666666, "mean": 0, "variance": 0, "weight": 0.0}}}}, "uncore": {"All_Weights": {"Bias_Weight": 0.0, "Categorical_Variables": {}, "Numerical_Variables": {"bpf_cpu_time_us": {"scale": 91202.66666666666, "mean": 0, "variance": 0, "weight": 0.0}}}}, "dram": {"All_Weights": {"Bias_Weight": 6.325726572183398, "Categorical_Variables": {}, "Numerical_Variables": {"bpf_cpu_time_us": {"scale": 91202.66666666666, "mean": 0, "variance": 0, "weight": 45.39002577585017}}}}}