{"learner":{"attributes":{"scikit_learn":"{\"_estimator_type\": \"regressor\"}"},"feature_names":[],"feature_types":[],"gradient_booster":{"model":{"gbtree_model_param":{"num_parallel_tree":"1","num_trees":"100"},"iteration_indptr":[0,1,2,3,4,5,6,7,8,9,10,11,12,13,14,15,16,17,18,19,20,21,22,23,24,25,26,27,28,29,30,31,32,33,34,35,36,37,38,39,40,41,42,43,44,45,46,47,48,49,50,51,52,53,54,55,56,57,58,59,60,61,62,63,64,65,66,67,68,69,70,71,72,73,74,75,76,77,78,79,80,81,82,83,84,85,86,87,88,89,90,91,92,93,94,95,96,97,98,99,100],"tree_info":[0,0,0,0,0,0,0,0,0,0,0,0,0,0,0,0,0,0,0,0,0,0,0,0,0,0,0,0,0,0,0,0,0,0,0,0,0,0,0,0,0,0,0,0,0,0,0,0,0,0,0,0,0,0,0,0,0,0,0,0,0,0,0,0,0,0,0,0,0,0,0,0,0,0,0,0,0,0,0,0,0,0,0,0,0,0,0,0,0,0,0,0,0,0,0,0,0,0,0,0],"trees":[{"base_weights":[1.5258789E-6,-1.8928889E0,1.57740755E1,4.3259277E0,2.0416667E0,9.944458E-2,5.494446E-1],"categories":[],"categories_nodes":[],"categories_segments":[],"categories_sizes":[],"default_left":[0,0,0,0,0,0,0],"id":0,"left_children":[1,-1,3,5,-1,-1,-1],"loss_changes":[3.2844429E3,0E0,2.3057349E2,6.2147636E0,0E0,0E0,0E0],"parents":[2147483647,0,0,2,2,3,3],"right_children":[2,-1,4,6,-1,-1,-1],"split_conditions":[6.0621285E-1,-1.8928889E0,8.068569E-1,7.0755E-1,2.0416667E0,9.944458E-2,5.494446E-1],"split_indices":[0,0,0,0,0,0,0],"split_type":[0,0,0,0,0,0,0],"sum_hessian":[9E0,4E0,5E0,2E0,3E0,1E0,1E0],"tree_param":{"num_deleted":"0","num_feature":"2","num_nodes":"7","size_leaf_vector":"1"}},{"base_weights":[7.976761E-2,-1.7414578E0,1.4645093E1,9.447231E-2,1.7196222E1,5.219723E-1,1.8885418E0],"categories":[],"categories_nodes":[],"categories_segments":[],"categories_sizes":[],"default_left":[0,0,0,0,0,0,0],"id":1,"left_children":[1,-1,3,-1,5,-1,-1],"loss_changes":[2.8031462E3,0E0,1.9346289E2,0E0,2.576416E0,0E0,0E0],"parents":[2147483647,0,0,2,2,4,4],"right_children":[2,-1,4,-1,6,-1,-1],"split_conditions":[6.0621285E-1,-1.7414578E0,7.0755E-1,9.447231E-2,8.068569E-1,5.219723E-1,1.8885418E0],"split_indices":[0,0,0,0,0,0,0],"split_type":[0,0,0,0,0,0,0],"sum_hessian":[9E0,4E0,5E0,1E0,4E0,1E0,3E0],"tree_param":{"num_deleted":"0","num_feature":"2","num_nodes":"7","size_leaf_vector":"1"}},{"base_weights":[1.4814338E-1,-1.6021412E1,1.3598082E1,-1.7682574E0,-4.688382E-1,8.974876E-2,1.5958704E0],"categories":[],"categories_nodes":[],"categories_segments":[],"categories_sizes":[],"default_left":[0,0,0,0,0,0,0],"id":2,"left_children":[1,3,5,-1,-1,-1,-1],"loss_changes":[2.3926555E3,1.1227295E1,1.6556506E2,0E0,0E0,0E0,0E0],"parents":[2147483647,0,0,1,1,2,2],"right_children":[2,4,6,-1,-1,-1,-1],"split_conditions":[6.0621285E-1,4.0518308E-1,7.0755E-1,-1.7682574E0,-4.688382E-1,8.974876E-2,1.5958704E0],"split_indices":[0,0,0,0,0,0,0],"split_type":[0,0,0,0,0,0,0],"sum_hessian":[9E0,4E0,5E0,3E0,1E0,1E0,4E0],"tree_param":{"num_deleted":"0","num_feature":"2","num_nodes":"7","size_leaf_vector":"1"}},{"base_weights":[7.818107E-2,-1.486669E1,1.251921E1,-1.6356381E0,-4.4539633E-1,3.3422763E0,1.6272106E0,8.5261345E-2,4.160801E-1],"categories":[],"categories_nodes":[],"categories_segments":[],"categories_sizes":[],"default_left":[0,0,0,0,0,0,0,0,0],"id":3,"left_children":[1,3,5,-1,-1,7,-1,-1,-1],"loss_changes":[2.0454147E3,4.7078857E0,1.522547E2,0E0,0E0,2.5659943E0,0E0,0E0,0E0],"parents":[2147483647,0,0,1,1,2,2,5,5],"right_children":[2,4,6,-1,-1,8,-1,-1,-1],"split_conditions":[6.0621285E-1,4.0518308E-1,8.068569E-1,-1.6356381E0,-4.4539633E-1,7.0755E-1,1.6272106E0,8.5261345E-2,4.160801E-1],"split_indices":[0,0,0,0,0,0,0,0,0],"split_type":[0,0,0,0,0,0,0,0,0],"sum_hessian":[9E0,4E0,5E0,3E0,1E0,2E0,3E0,1E0,1E0],"tree_param":{"num_deleted":"0","num_feature":"2","num_nodes":"9","size_leaf_vector":"1"}},{"base_weights":[7.511501E-2,-1.3796228E0,1.1622048E1,3.175162E0,1.5051701E0,8.0998234E-2,3.9527607E-1],"categories":[],"categories_nodes":[],"categories_segments":[],"categories_sizes":[],"default_left":[0,0,0,0,0,0,0],"id":4,"left_children":[1,-1,3,5,-1,-1,-1],"loss_changes":[1.762055E3,0E0,1.2602777E2,2.315813E0,0E0,0E0,0E0],"parents":[2147483647,0,0,2,2,3,3],"right_children":[2,-1,4,6,-1,-1,-1],"split_conditions":[6.0621285E-1,-1.3796228E0,8.068569E-1,7.0755E-1,1.5051701E0,8.0998234E-2,3.9527607E-1],"split_indices":[0,0,0,0,0,0,0],"split_type":[0,0,0,0,0,0,0],"sum_hessian":[9E0,4E0,5E0,2E0,3E0,1E0,1E0],"tree_param":{"num_deleted":"0","num_feature":"2","num_nodes":"7","size_leaf_vector":"1"}},{"base_weights":[1.2778644E-1,-1.2692529E1,1.0790085E1,-1.4094934E0,-3.5414535E-1,3.0164044E0,1.3922824E0,7.694836E-2,3.7551233E-1],"categories":[],"categories_nodes":[],"categories_segments":[],"categories_sizes":[],"default_left":[0,0,0,0,0,0,0,0,0],"id":5,"left_children":[1,3,5,-1,-1,7,-1,-1,-1],"loss_changes":[1.5038938E3,1.4251038E1,1.04120605E2,0E0,0E0,2.090023E0,0E0,0E0,0E0],"parents":[2147483647,0,0,1,1,2,2,5,5],"right_children":[2,4,6,-1,-1,8,-1,-1,-1],"split_conditions":[6.0621285E-1,4.0518308E-1,8.068569E-1,-1.4094934E0,-3.5414535E-1,7.0755E-1,1.3922824E0,7.694836E-2,3.7551233E-1],"split_indices":[0,0,0,0,0,0,0,0,0],"split_type":[0,0,0,0,0,0,0,0,0],"sum_hessian":[9E0,4E0,5E0,3E0,1E0,2E0,3E0,1E0,1E0],"tree_param":{"num_deleted":"0","num_feature":"2","num_nodes":"9","size_leaf_vector":"1"}},{"base_weights":[1.23118974E-1,-1.1776003E1,1.0018535E1,-1.3037814E0,-3.364381E-1,7.310086E-2,1.1729837E1,3.5673675E-1,1.2878613E0],"categories":[],"categories_nodes":[],"categories_segments":[],"categories_sizes":[],"default_left":[0,0,0,0,0,0,0,0,0],"id":6,"left_children":[1,3,5,-1,-1,-1,7,-1,-1],"loss_changes":[1.2954458E3,9.205261E0,8.6787964E1,0E0,0E0,0E0,9.415283E-1,0E0,0E0],"parents":[2147483647,0,0,1,1,2,2,6,6],"right_children":[2,4,6,-1,-1,-1,8,-1,-1],"split_conditions":[6.0621285E-1,4.0518308E-1,7.0755E-1,-1.3037814E0,-3.364381E-1,7.310086E-2,8.068569E-1,3.5673675E-1,1.2878613E0],"split_indices":[0,0,0,0,0,0,0,0,0],"split_type":[0,0,0,0,0,0,0,0,0],"sum_hessian":[9E0,4E0,5E0,3E0,1E0,1E0,4E0,1E0,3E0],"tree_param":{"num_deleted":"0","num_feature":"2","num_nodes":"9","size_leaf_vector":"1"}},{"base_weights":[1.1855526E-1,-1.0926447E1,9.302964E0,-1.331998E0,-4.8907647E-1,6.9445804E-2,1.0885775E0],"categories":[],"categories_nodes":[],"categories_segments":[],"categories_sizes":[],"default_left":[0,0,0,0,0,0,0],"id":7,"left_children":[1,3,5,-1,-1,-1,-1],"loss_changes":[1.1160665E3,7.0880737E0,7.419403E1,0E0,0E0,0E0,0E0],"parents":[2147483647,0,0,1,1,2,2],"right_children":[2,4,6,-1,-1,-1,-1],"split_conditions":[6.0621285E-1,2.9995546E-1,7.0755E-1,-1.331998E0,-4.8907647E-1,6.9445804E-2,1.0885775E0],"split_indices":[0,0,0,0,0,0,0],"split_type":[0,0,0,0,0,0,0],"sum_hessian":[9E0,4E0,5E0,2E0,2E0,1E0,4E0],"tree_param":{"num_deleted":"0","num_feature":"2","num_nodes":"7","size_leaf_vector":"1"}},{"base_weights":[4.0394783E-2,-1.0198017E1,8.565672E0,-1.2431982E0,-4.564714E-1,2.3362973E0,1.1096286E0,6.5973476E-2,2.8447112E-1],"categories":[],"categories_nodes":[],"categories_segments":[],"categories_sizes":[],"default_left":[0,0,0,0,0,0,0,0,0],"id":8,"left_children":[1,3,5,-1,-1,7,-1,-1,-1],"loss_changes":[9.6020575E2,6.1746216E0,6.8660614E1,0E0,0E0,6.804085E-1,0E0,0E0,0E0],"parents":[2147483647,0,0,1,1,2,2,5,5],"right_children":[2,4,6,-1,-1,8,-1,-1,-1],"split_conditions":[6.0621285E-1,2.9995546E-1,8.068569E-1,-1.2431982E0,-4.564714E-1,7.0755E-1,1.1096286E0,6.5973476E-2,2.8447112E-1],"split_indices":[0,0,0,0,0,0,0,0,0],"split_type":[0,0,0,0,0,0,0,0,0],"sum_hessian":[9E0,4E0,5E0,2E0,2E0,2E0,3E0,1E0,1E0],"tree_param":{"num_deleted":"0","num_feature":"2","num_nodes":"9","size_leaf_vector":"1"}},{"base_weights":[1.239605E-2,-9.518149E0,7.952451E0,-1.0535992E0,-2.7233887E-1,3.3026333E0,1.1501392E0,6.2674716E-2,3.9856797E-1],"categories":[],"categories_nodes":[],"categories_segments":[],"categories_sizes":[],"default_left":[0,0,0,0,0,0,0,0,0],"id":9,"left_children":[1,3,5,-1,-1,7,-1,-1,-1],"loss_changes":[8.3242316E2,5.886383E0,6.1026672E1,0E0,0E0,4.8130035E0,0E0,0E0,0E0],"parents":[2147483647,0,0,1,1,2,2,5,5],"right_children":[2,4,6,-1,-1,8,-1,-1,-1],"split_conditions":[6.0621285E-1,4.0518308E-1,8.9656836E-1,-1.0535992E0,-2.7233887E-1,7.0755E-1,1.1501392E0,6.2674716E-2,3.9856797E-1],"split_indices":[0,0,0,0,0,0,0,0,0],"split_type":[0,0,0,0,0,0,0,0,0],"sum_hessian":[9E0,4E0,5E0,3E0,1E0,3E0,2E0,1E0,2E0],"tree_param":{"num_deleted":"0","num_feature":"2","num_nodes":"9","size_leaf_vector":"1"}},{"base_weights":[3.9700698E-2,-8.831522E0,7.42577E0,-1.0900782E0,-3.818421E-1,3.0876808E0,1.0734632E0,5.954094E-2,3.7199682E-1],"categories":[],"categories_nodes":[],"categories_segments":[],"categories_sizes":[],"default_left":[0,0,0,0,0,0,0,0,0],"id":10,"left_children":[1,3,5,-1,-1,7,-1,-1,-1],"loss_changes":[7.2081555E2,1.0243286E1,5.2979767E1,0E0,0E0,4.0884247E0,0E0,0E0,0E0],"parents":[2147483647,0,0,1,1,2,2,5,5],"right_children":[2,4,6,-1,-1,8,-1,-1,-1],"split_conditions":[6.0621285E-1,2.9995546E-1,8.9656836E-1,-1.0900782E0,-3.818421E-1,7.0755E-1,1.0734632E0,5.954094E-2,3.7199682E-1],"split_indices":[0,0,0,0,0,0,0,0,0],"split_type":[0,0,0,0,0,0,0,0,0],"sum_hessian":[9E0,4E0,5E0,2E0,2E0,3E0,2E0,1E0,2E0],"tree_param":{"num_deleted":"0","num_feature":"2","num_nodes":"9","size_leaf_vector":"1"}},{"base_weights":[3.903847E-2,-8.242754E0,6.9340262E0,-1.0174063E0,-3.56386E-1,2.886797E0,1.001899E0,5.656395E-2,3.4719697E-1],"categories":[],"categories_nodes":[],"categories_segments":[],"categories_sizes":[],"default_left":[0,0,0,0,0,0,0,0,0],"id":11,"left_children":[1,3,5,-1,-1,7,-1,-1,-1],"loss_changes":[6.281841E2,8.923035E0,4.599054E1,0E0,0E0,3.4692307E0,0E0,0E0,0E0],"parents":[2147483647,0,0,1,1,2,2,5,5],"right_children":[2,4,6,-1,-1,8,-1,-1,-1],"split_conditions":[6.0621285E-1,2.9995546E-1,8.9656836E-1,-1.0174063E0,-3.56386E-1,7.0755E-1,1.001899E0,5.656395E-2,3.4719697E-1],"split_indices":[0,0,0,0,0,0,0,0,0],"split_type":[0,0,0,0,0,0,0,0,0],"sum_hessian":[9E0,4E0,5E0,2E0,2E0,3E0,2E0,1E0,2E0],"tree_param":{"num_deleted":"0","num_feature":"2","num_nodes":"9","size_leaf_vector":"1"}},{"base_weights":[3.832092E-2,-7.6932373E0,6.4748993E0,-9.4957936E-1,-3.326269E-1,2.6990566E0,9.351056E-1,5.3735733E-2,3.240504E-1],"categories":[],"categories_nodes":[],"categories_segments":[],"categories_sizes":[],"default_left":[0,0,0,0,0,0,0,0,0],"id":12,"left_children":[1,3,5,-1,-1,7,-1,-1,-1],"loss_changes":[5.474607E2,7.772949E0,3.9920456E1,0E0,0E0,2.9404736E0,0E0,0E0,0E0],"parents":[2147483647,0,0,1,1,2,2,5,5],"right_children":[2,4,6,-1,-1,8,-1,-1,-1],"split_conditions":[6.0621285E-1,2.9995546E-1,8.9656836E-1,-9.4957936E-1,-3.326269E-1,7.0755E-1,9.351056E-1,5.3735733E-2,3.240504E-1],"split_indices":[0,0,0,0,0,0,0,0,0],"split_type":[0,0,0,0,0,0,0,0,0],"sum_hessian":[9E0,4E0,5E0,2E0,2E0,3E0,2E0,1E0,2E0],"tree_param":{"num_deleted":"0","num_feature":"2","num_nodes":"9","size_leaf_vector":"1"}},{"base_weights":[3.7557602E-2,-7.180355E0,6.046225E0,-8.8627404E-1,-3.1045184E-1,2.5235977E0,8.7276536E-1,5.1049042E-2,3.0244702E-1],"categories":[],"categories_nodes":[],"categories_segments":[],"categories_sizes":[],"default_left":[0,0,0,0,0,0,0,0,0],"id":13,"left_children":[1,3,5,-1,-1,7,-1,-1,-1],"loss_changes":[4.7711444E2,6.7710876E0,3.464894E1,0E0,0E0,2.489273E0,0E0,0E0,0E0],"parents":[2147483647,0,0,1,1,2,2,5,5],"right_children":[2,4,6,-1,-1,8,-1,-1,-1],"split_conditions":[6.0621285E-1,2.9995546E-1,8.9656836E-1,-8.8627404E-1,-3.1045184E-1,7.0755E-1,8.7276536E-1,5.1049042E-2,3.0244702E-1],"split_indices":[0,0,0,0,0,0,0,0,0],"split_type":[0,0,0,0,0,0,0,0,0],"sum_hessian":[9E0,4E0,5E0,2E0,2E0,3E0,2E0,1E0,2E0],"tree_param":{"num_deleted":"0","num_feature":"2","num_nodes":"9","size_leaf_vector":"1"}},{"base_weights":[3.675537E-2,-6.701665E0,5.6459794E0,-8.271891E-1,-2.8975508E-1,2.3596115E0,8.1458104E-1,4.849663E-2,2.8228378E-1],"categories":[],"categories_nodes":[],"categories_segments":[],"categories_sizes":[],"default_left":[0,0,0,0,0,0,0,0,0],"id":14,"left_children":[1,3,5,-1,-1,7,-1,-1,-1],"loss_changes":[4.1581055E2,5.898361E0,3.0071243E1,0E0,0E0,2.104559E0,0E0,0E0,0E0],"parents":[2147483647,0,0,1,1,2,2,5,5],"right_children":[2,4,6,-1,-1,8,-1,-1,-1],"split_conditions":[6.0621285E-1,2.9995546E-1,8.9656836E-1,-8.271891E-1,-2.8975508E-1,7.0755E-1,8.1458104E-1,4.849663E-2,2.8228378E-1],"split_indices":[0,0,0,0,0,0,0,0,0],"split_type":[0,0,0,0,0,0,0,0,0],"sum_hessian":[9E0,4E0,5E0,2E0,2E0,3E0,2E0,1E0,2E0],"tree_param":{"num_deleted":"0","num_feature":"2","num_nodes":"9","size_leaf_vector":"1"}},{"base_weights":[3.5921194E-2,-6.254887E0,5.2722745E0,-7.7204317E-1,-2.7043808E-1,1.433281E-1,6.8334514E-1],"categories":[],"categories_nodes":[],"categories_segments":[],"categories_sizes":[],"default_left":[0,0,0,0,0,0,0],"id":15,"left_children":[1,3,5,-1,-1,-1,-1],"loss_changes":[3.6238644E2,5.138138E0,2.6165833E1,0E0,0E0,0E0,0E0],"parents":[2147483647,0,0,1,1,2,2],"right_children":[2,4,6,-1,-1,-1,-1],"split_conditions":[6.0621285E-1,2.9995546E-1,8.068569E-1,-7.7204317E-1,-2.7043808E-1,1.433281E-1,6.8334514E-1],"split_indices":[0,0,0,0,0,0,0],"split_type":[0,0,0,0,0,0,0],"sum_hessian":[9E0,4E0,5E0,2E0,2E0,2E0,3E0],"tree_param":{"num_deleted":"0","num_feature":"2","num_nodes":"7","size_leaf_vector":"1"}},{"base_weights":[1.0747624E-2,-5.837895E0,4.8828254E0,-7.205736E-1,-2.5240892E-1,1.9638443E0,7.147192E-1,3.8905334E-2,2.3590901E-1],"categories":[],"categories_nodes":[],"categories_segments":[],"categories_sizes":[],"default_left":[0,0,0,0,0,0,0,0,0],"id":16,"left_children":[1,3,5,-1,-1,7,-1,-1,-1],"loss_changes":[3.134558E2,4.475876E0,2.5621872E1,0E0,0E0,1.5719061E0,0E0,0E0,0E0],"parents":[2147483647,0,0,1,1,2,2,5,5],"right_children":[2,4,6,-1,-1,8,-1,-1,-1],"split_conditions":[6.0621285E-1,2.9995546E-1,8.9656836E-1,-7.205736E-1,-2.5240892E-1,7.0755E-1,7.147192E-1,3.8905334E-2,2.3590901E-1],"split_indices":[0,0,0,0,0,0,0,0,0],"split_type":[0,0,0,0,0,0,0,0,0],"sum_hessian":[9E0,4E0,5E0,2E0,2E0,3E0,2E0,1E0,2E0],"tree_param":{"num_deleted":"0","num_feature":"2","num_nodes":"9","size_leaf_vector":"1"}},{"base_weights":[1.1328268E-2,-5.448702E0,4.5594654E0,-6.7253536E-1,-2.3558167E-1,1.8361635E0,6.670713E-1,3.696003E-2,2.2018178E-1],"categories":[],"categories_nodes":[],"categories_segments":[],"categories_sizes":[],"default_left":[0,0,0,0,0,0,0,0,0],"id":17,"left_children":[1,3,5,-1,-1,7,-1,-1,-1],"loss_changes":[2.7317282E2,3.8989868E0,2.2248863E1,0E0,0E0,1.3312283E0,0E0,0E0,0E0],"parents":[2147483647,0,0,1,1,2,2,5,5],"right_children":[2,4,6,-1,-1,8,-1,-1,-1],"split_conditions":[6.0621285E-1,2.9995546E-1,8.9656836E-1,-6.7253536E-1,-2.3558167E-1,7.0755E-1,6.670713E-1,3.696003E-2,2.2018178E-1],"split_indices":[0,0,0,0,0,0,0,0,0],"split_type":[0,0,0,0,0,0,0,0,0],"sum_hessian":[9E0,4E0,5E0,2E0,2E0,3E0,2E0,1E0,2E0],"tree_param":{"num_deleted":"0","num_feature":"2","num_nodes":"9","size_leaf_vector":"1"}},{"base_weights":[1.1805105E-2,-5.085455E0,4.2575545E0,-6.276997E-1,-2.1987617E-1,1.7168331E0,6.225998E-1,3.5112E-2,2.0550309E-1],"categories":[],"categories_nodes":[],"categories_segments":[],"categories_sizes":[],"default_left":[0,0,0,0,0,0,0,0,0],"id":18,"left_children":[1,3,5,-1,-1,7,-1,-1,-1],"loss_changes":[2.380685E2,3.3964539E0,1.9318604E1,0E0,0E0,1.1259623E0,0E0,0E0,0E0],"parents":[2147483647,0,0,1,1,2,2,5,5],"right_children":[2,4,6,-1,-1,8,-1,-1,-1],"split_conditions":[6.0621285E-1,2.9995546E-1,8.9656836E-1,-6.276997E-1,-2.1987617E-1,7.0755E-1,6.225998E-1,3.5112E-2,2.0550309E-1],"split_indices":[0,0,0,0,0,0,0,0,0],"split_type":[0,0,0,0,0,0,0,0,0],"sum_hessian":[9E0,4E0,5E0,2E0,2E0,3E0,2E0,1E0,2E0],"tree_param":{"num_deleted":"0","num_feature":"2","num_nodes":"9","size_leaf_vector":"1"}},{"base_weights":[1.2188673E-2,-4.746425E0,3.9756687E0,-5.301763E-1,-1.2625371E-1,1.6053047E0,5.810931E-1,3.3356477E-2,1.9180298E-1],"categories":[],"categories_nodes":[],"categories_segments":[],"categories_sizes":[],"default_left":[0,0,0,0,0,0,0,0,0],"id":19,"left_children":[1,3,5,-1,-1,7,-1,-1,-1],"loss_changes":[2.0747691E2,2.9800034E0,1.6773125E1,0E0,0E0,9.5103264E-1,0E0,0E0,0E0],"parents":[2147483647,0,0,1,1,2,2,5,5],"right_children":[2,4,6,-1,-1,8,-1,-1,-1],"split_conditions":[6.0621285E-1,4.0518308E-1,8.9656836E-1,-5.301763E-1,-1.2625371E-1,7.0755E-1,5.810931E-1,3.3356477E-2,1.9180298E-1],"split_indices":[0,0,0,0,0,0,0,0,0],"split_type":[0,0,0,0,0,0,0,0,0],"sum_hessian":[9E0,4E0,5E0,3E0,1E0,3E0,2E0,1E0,2E0],"tree_param":{"num_deleted":"0","num_feature":"2","num_nodes":"9","size_leaf_vector":"1"}},{"base_weights":[2.59521E-2,-4.4030685E0,3.7124774E0,-5.5050796E-1,-1.8333684E-1,1.5010643E0,5.423536E-1,3.168869E-2,1.7901611E-1],"categories":[],"categories_nodes":[],"categories_segments":[],"categories_sizes":[],"default_left":[0,0,0,0,0,0,0,0,0],"id":20,"left_children":[1,3,5,-1,-1,7,-1,-1,-1],"loss_changes":[1.7962328E2,4.066345E0,1.4562073E1,0E0,0E0,8.0208874E-1,0E0,0E0,0E0],"parents":[2147483647,0,0,1,1,2,2,5,5],"right_children":[2,4,6,-1,-1,8,-1,-1,-1],"split_conditions":[6.0621285E-1,2.9995546E-1,8.9656836E-1,-5.5050796E-1,-1.8333684E-1,7.0755E-1,5.423536E-1,3.168869E-2,1.7901611E-1],"split_indices":[0,0,0,0,0,0,0,0,0],"split_type":[0,0,0,0,0,0,0,0,0],"sum_hessian":[9E0,4E0,5E0,2E0,2E0,3E0,2E0,1E0,2E0],"tree_param":{"num_deleted":"0","num_feature":"2","num_nodes":"9","size_leaf_vector":"1"}},{"base_weights":[2.5277853E-2,-4.109531E0,3.466739E0,-5.138075E-1,-1.7111441E-1,1.4036341E0,5.061966E-1,3.0104255E-2,1.670817E-1],"categories":[],"categories_nodes":[],"categories_segments":[],"categories_sizes":[],"default_left":[0,0,0,0,0,0,0,0,0],"id":21,"left_children":[1,3,5,-1,-1,7,-1,-1,-1],"loss_changes":[1.5654451E2,3.5422363E0,1.2641579E1,0E0,0E0,6.753874E-1,0E0,0E0,0E0],"parents":[2147483647,0,0,1,1,2,2,5,5],"right_children":[2,4,6,-1,-1,8,-1,-1,-1],"split_conditions":[6.0621285E-1,2.9995546E-1,8.9656836E-1,-5.138075E-1,-1.7111441E-1,7.0755E-1,5.061966E-1,3.0104255E-2,1.670817E-1],"split_indices":[0,0,0,0,0,0,0,0,0],"split_type":[0,0,0,0,0,0,0,0,0],"sum_hessian":[9E0,4E0,5E0,2E0,2E0,3E0,2E0,1E0,2E0],"tree_param":{"num_deleted":"0","num_feature":"2","num_nodes":"9","size_leaf_vector":"1"}},{"base_weights":[2.4596548E-2,-3.8355627E0,3.2372963E0,-4.795536E-1,-1.5970682E-1,1.3125677E0,4.7245026E-1,2.8598977E-2,1.5594305E-1],"categories":[],"categories_nodes":[],"categories_segments":[],"categories_sizes":[],"default_left":[0,0,0,0,0,0,0,0,0],"id":22,"left_children":[1,3,5,-1,-1,7,-1,-1,-1],"loss_changes":[1.3643219E2,3.085678E0,1.0973583E1,0E0,0E0,5.677142E-1,0E0,0E0,0E0],"parents":[2147483647,0,0,1,1,2,2,5,5],"right_children":[2,4,6,-1,-1,8,-1,-1,-1],"split_conditions":[6.0621285E-1,2.9995546E-1,8.9656836E-1,-4.795536E-1,-1.5970682E-1,7.0755E-1,4.7245026E-1,2.8598977E-2,1.5594305E-1],"split_indices":[0,0,0,0,0,0,0,0,0],"split_type":[0,0,0,0,0,0,0,0,0],"sum_hessian":[9E0,4E0,5E0,2E0,2E0,3E0,2E0,1E0,2E0],"tree_param":{"num_deleted":"0","num_feature":"2","num_nodes":"9","size_leaf_vector":"1"}},{"base_weights":[2.390952E-2,-3.5798588E0,3.0230649E0,-4.475834E-1,-1.4905974E-1,1.2274456E0,4.4095358E-1,2.7169038E-2,1.4554672E-1],"categories":[],"categories_nodes":[],"categories_segments":[],"categories_sizes":[],"default_left":[0,0,0,0,0,0,0,0,0],"id":23,"left_children":[1,3,5,-1,-1,7,-1,-1,-1],"loss_changes":[1.1890476E2,2.6879654E0,9.524975E0,0E0,0E0,4.76295E-1,0E0,0E0,0E0],"parents":[2147483647,0,0,1,1,2,2,5,5],"right_children":[2,4,6,-1,-1,8,-1,-1,-1],"split_conditions":[6.0621285E-1,2.9995546E-1,8.9656836E-1,-4.475834E-1,-1.4905974E-1,7.0755E-1,4.4095358E-1,2.7169038E-2,1.4554672E-1],"split_indices":[0,0,0,0,0,0,0,0,0],"split_type":[0,0,0,0,0,0,0,0,0],"sum_hessian":[9E0,4E0,5E0,2E0,2E0,3E0,2E0,1E0,2E0],"tree_param":{"num_deleted":"0","num_feature":"2","num_nodes":"9","size_leaf_vector":"1"}},{"base_weights":[2.3221541E-2,-3.3412018E0,2.8230374E0,-4.1774455E-1,-1.3912246E-1,1.1478806E0,4.1155678E-1,2.5810624E-2,1.3584366E-1],"categories":[],"categories_nodes":[],"categories_segments":[],"categories_sizes":[],"default_left":[0,0,0,0,0,0,0,0,0],"id":24,"left_children":[1,3,5,-1,-1,7,-1,-1,-1],"loss_changes":[1.03630005E2,2.3415108E0,8.266964E0,0E0,0E0,3.987689E-1,0E0,0E0,0E0],"parents":[2147483647,0,0,1,1,2,2,5,5],"right_children":[2,4,6,-1,-1,8,-1,-1,-1],"split_conditions":[6.0621285E-1,2.9995546E-1,8.9656836E-1,-4.1774455E-1,-1.3912246E-1,7.0755E-1,4.1155678E-1,2.5810624E-2,1.3584366E-1],"split_indices":[0,0,0,0,0,0,0,0,0],"split_type":[0,0,0,0,0,0,0,0,0],"sum_hessian":[9E0,4E0,5E0,2E0,2E0,3E0,2E0,1E0,2E0],"tree_param":{"num_deleted":"0","num_feature":"2","num_nodes":"9","size_leaf_vector":"1"}},{"base_weights":[2.253356E-2,-3.1184552E0,2.6362686E0,-3.898949E-1,-1.2984766E-1,1.3711631E0,4.480898E-1,2.4520112E-2,1.5913534E-1],"categories":[],"categories_nodes":[],"categories_segments":[],"categories_sizes":[],"default_left":[0,0,0,0,0,0,0,0,0],"id":25,"left_children":[1,3,5,-1,-1,7,-1,-1,-1],"loss_changes":[9.031821E1,2.0397148E0,7.8578606E0,0E0,0E0,8.494272E-1,0E0,0E0,0E0],"parents":[2147483647,0,0,1,1,2,2,5,5],"right_children":[2,4,6,-1,-1,8,-1,-1,-1],"split_conditions":[6.0621285E-1,2.9995546E-1,1E0,-3.898949E-1,-1.2984766E-1,7.0755E-1,4.480898E-1,2.4520112E-2,1.5913534E-1],"split_indices":[0,0,0,0,0,0,0,0,0],"split_type":[0,0,0,0,0,0,0,0,0],"sum_hessian":[9E0,4E0,5E0,2E0,2E0,4E0,1E0,1E0,3E0],"tree_param":{"num_deleted":"0","num_feature":"2","num_nodes":"9","size_leaf_vector":"1"}},{"base_weights":[3.1481028E-2,-2.9105577E0,2.4779332E0,-3.6390188E-1,-1.21191084E-1,1.2707787E0,4.2568532E-1,2.3294067E-2,1.472003E-1],"categories":[],"categories_nodes":[],"categories_segments":[],"categories_sizes":[],"default_left":[0,0,0,0,0,0,0,0,0],"id":26,"left_children":[1,3,5,-1,-1,7,-1,-1,-1],"loss_changes":[7.9187744E1,1.776825E0,7.475067E0,0E0,0E0,7.013016E-1,0E0,0E0,0E0],"parents":[2147483647,0,0,1,1,2,2,5,5],"right_children":[2,4,6,-1,-1,8,-1,-1,-1],"split_conditions":[6.0621285E-1,2.9995546E-1,1E0,-3.6390188E-1,-1.21191084E-1,7.0755E-1,4.2568532E-1,2.3294067E-2,1.472003E-1],"split_indices":[0,0,0,0,0,0,0,0,0],"split_type":[0,0,0,0,0,0,0,0,0],"sum_hessian":[9E0,4E0,5E0,2E0,2E0,4E0,1E0,1E0,3E0],"tree_param":{"num_deleted":"0","num_feature":"2","num_nodes":"9","size_leaf_vector":"1"}},{"base_weights":[3.9441347E-2,-2.7165205E0,2.3295028E0,-3.3964175E-1,-1.1311169E-1,1.1777992E0,4.0440103E-1,2.212944E-2,1.3616018E-1],"categories":[],"categories_nodes":[],"categories_segments":[],"categories_sizes":[],"default_left":[0,0,0,0,0,0,0,0,0],"id":27,"left_children":[1,3,5,-1,-1,7,-1,-1,-1],"loss_changes":[6.944137E1,1.5478058E0,7.084591E0,0E0,0E0,5.777254E-1,0E0,0E0,0E0],"parents":[2147483647,0,0,1,1,2,2,5,5],"right_children":[2,4,6,-1,-1,8,-1,-1,-1],"split_conditions":[6.0621285E-1,2.9995546E-1,1E0,-3.3964175E-1,-1.1311169E-1,7.0755E-1,4.0440103E-1,2.212944E-2,1.3616018E-1],"split_indices":[0,0,0,0,0,0,0,0,0],"split_type":[0,0,0,0,0,0,0,0,0],"sum_hessian":[9E0,4E0,5E0,2E0,2E0,4E0,1E0,1E0,3E0],"tree_param":{"num_deleted":"0","num_feature":"2","num_nodes":"9","size_leaf_vector":"1"}},{"base_weights":[4.6490528E-2,-2.5354195E0,2.1903336E0,-2.8611913E-1,-6.161661E-2,1.0916764E0,3.8418102E-1,2.1022988E-2,1.2594806E-1],"categories":[],"categories_nodes":[],"categories_segments":[],"categories_sizes":[],"default_left":[0,0,0,0,0,0,0,0,0],"id":28,"left_children":[1,3,5,-1,-1,7,-1,-1,-1],"loss_changes":[6.0905514E1,1.363224E0,6.6924286E0,0E0,0E0,4.747715E-1,0E0,0E0,0E0],"parents":[2147483647,0,0,1,1,2,2,5,5],"right_children":[2,4,6,-1,-1,8,-1,-1,-1],"split_conditions":[6.0621285E-1,4.0518308E-1,1E0,-2.8611913E-1,-6.161661E-2,7.0755E-1,3.8418102E-1,2.1022988E-2,1.2594806E-1],"split_indices":[0,0,0,0,0,0,0,0,0],"split_type":[0,0,0,0,0,0,0,0,0],"sum_hessian":[9E0,4E0,5E0,3E0,1E0,4E0,1E0,1E0,3E0],"tree_param":{"num_deleted":"0","num_feature":"2","num_nodes":"9","size_leaf_vector":"1"}},{"base_weights":[6.0182523E-2,-2.3514245E0,2.0598247E0,-2.9792437E-1,-9.397971E-2,1.0119019E0,3.6497194E-1,1.9971848E-2,1.1650181E-1],"categories":[],"categories_nodes":[],"categories_segments":[],"categories_sizes":[],"default_left":[0,0,0,0,0,0,0,0,0],"id":29,"left_children":[1,3,5,-1,-1,7,-1,-1,-1],"loss_changes":[5.306703E1,1.6313496E0,6.303362E0,0E0,0E0,3.891163E-1,0E0,0E0,0E0],"parents":[2147483647,0,0,1,1,2,2,5,5],"right_children":[2,4,6,-1,-1,8,-1,-1,-1],"split_conditions":[6.0621285E-1,2.9995546E-1,1E0,-2.9792437E-1,-9.397971E-2,7.0755E-1,3.6497194E-1,1.9971848E-2,1.1650181E-1],"split_indices":[0,0,0,0,0,0,0,0,0],"split_type":[0,0,0,0,0,0,0,0,0],"sum_hessian":[9E0,4E0,5E0,2E0,2E0,4E0,1E0,1E0,3E0],"tree_param":{"num_deleted":"0","num_feature":"2","num_nodes":"9","size_leaf_vector":"1"}},{"base_weights":[6.511855E-2,-2.194663E0,1.9374167E0,-3.2354707E-1,-1.1255934E-1,9.380066E-1,3.4672338E-1,1.897316E-2,1.07764244E-1],"categories":[],"categories_nodes":[],"categories_segments":[],"categories_sizes":[],"default_left":[0,0,0,0,0,0,0,0,0],"id":30,"left_children":[1,3,5,-1,-1,7,-1,-1,-1],"loss_changes":[4.6561825E1,1.9216537E0,5.921198E0,0E0,0E0,3.179674E-1,0E0,0E0,0E0],"parents":[2147483647,0,0,1,1,2,2,5,5],"right_children":[2,4,6,-1,-1,8,-1,-1,-1],"split_conditions":[6.0621285E-1,1.0219605E-1,1E0,-3.2354707E-1,-1.1255934E-1,7.0755E-1,3.4672338E-1,1.897316E-2,1.07764244E-1],"split_indices":[0,0,0,0,0,0,0,0,0],"split_type":[0,0,0,0,0,0,0,0,0],"sum_hessian":[9E0,4E0,5E0,1E0,3E0,4E0,1E0,1E0,3E0],"tree_param":{"num_deleted":"0","num_feature":"2","num_nodes":"9","size_leaf_vector":"1"}},{"base_weights":[6.2341977E-2,-2.0624177E0,1.8225847E0,-3.073697E-1,-1.0411737E-1,8.695526E-1,3.2938728E-1,1.8024445E-2,9.9681854E-2],"categories":[],"categories_nodes":[],"categories_segments":[],"categories_sizes":[],"default_left":[0,0,0,0,0,0,0,0,0],"id":31,"left_children":[1,3,5,-1,-1,7,-1,-1,-1],"loss_changes":[4.1159863E1,1.963562E0,5.548914E0,0E0,0E0,2.5895643E-1,0E0,0E0,0E0],"parents":[2147483647,0,0,1,1,2,2,5,5],"right_children":[2,4,6,-1,-1,8,-1,-1,-1],"split_conditions":[6.0621285E-1,1.0219605E-1,1E0,-3.073697E-1,-1.0411737E-1,7.0755E-1,3.2938728E-1,1.8024445E-2,9.9681854E-2],"split_indices":[0,0,0,0,0,0,0,0,0],"split_type":[0,0,0,0,0,0,0,0,0],"sum_hessian":[9E0,4E0,5E0,1E0,3E0,4E0,1E0,1E0,3E0],"tree_param":{"num_deleted":"0","num_feature":"2","num_nodes":"9","size_leaf_vector":"1"}},{"base_weights":[5.9668303E-2,-1.9384736E0,1.7148418E0,-2.9200122E-1,-9.630859E-2,8.0613863E-1,3.1291792E-1,1.7123222E-2,9.220572E-2],"categories":[],"categories_nodes":[],"categories_segments":[],"categories_sizes":[],"default_left":[0,0,0,0,0,0,0,0,0],"id":32,"left_children":[1,3,5,-1,-1,7,-1,-1,-1],"loss_changes":[3.6396893E1,1.97468E0,5.1887264E0,0E0,0E0,2.1010113E-1,0E0,0E0,0E0],"parents":[2147483647,0,0,1,1,2,2,5,5],"right_children":[2,4,6,-1,-1,8,-1,-1,-1],"split_conditions":[6.0621285E-1,1.0219605E-1,1E0,-2.9200122E-1,-9.630859E-2,7.0755E-1,3.1291792E-1,1.7123222E-2,9.220572E-2],"split_indices":[0,0,0,0,0,0,0,0,0],"split_type":[0,0,0,0,0,0,0,0,0],"sum_hessian":[9E0,4E0,5E0,1E0,3E0,4E0,1E0,1E0,3E0],"tree_param":{"num_deleted":"0","num_feature":"2","num_nodes":"9","size_leaf_vector":"1"}},{"base_weights":[5.709505E-2,-1.8222883E0,1.613732E0,-2.7740118E-1,-8.908546E-2,7.4739075E-1,2.9727194E-1,1.6267015E-2,8.5290335E-2],"categories":[],"categories_nodes":[],"categories_segments":[],"categories_sizes":[],"default_left":[0,0,0,0,0,0,0,0,0],"id":33,"left_children":[1,3,5,-1,-1,7,-1,-1,-1],"loss_changes":[3.2195866E1,1.9610939E0,4.8422966E0,0E0,0E0,1.6973543E-1,0E0,0E0,0E0],"parents":[2147483647,0,0,1,1,2,2,5,5],"right_children":[2,4,6,-1,-1,8,-1,-1,-1],"split_conditions":[6.0621285E-1,1.0219605E-1,1E0,-2.7740118E-1,-8.908546E-2,7.0755E-1,2.9727194E-1,1.6267015E-2,8.5290335E-2],"split_indices":[0,0,0,0,0,0,0,0,0],"split_type":[0,0,0,0,0,0,0,0,0],"sum_hessian":[9E0,4E0,5E0,1E0,3E0,4E0,1E0,1E0,3E0],"tree_param":{"num_deleted":"0","num_feature":"2","num_nodes":"9","size_leaf_vector":"1"}},{"base_weights":[5.4620266E-2,-1.713357E0,1.5188313E0,-2.6353112E-1,-8.240407E-2,6.929642E-1,2.8240833E-1,1.545372E-2,7.889366E-2],"categories":[],"categories_nodes":[],"categories_segments":[],"categories_sizes":[],"default_left":[0,0,0,0,0,0,0,0,0],"id":34,"left_children":[1,3,5,-1,-1,7,-1,-1,-1],"loss_changes":[2.8489218E1,1.9279413E0,4.5108004E0,0E0,0E0,1.3645077E-1,0E0,0E0,0E0],"parents":[2147483647,0,0,1,1,2,2,5,5],"right_children":[2,4,6,-1,-1,8,-1,-1,-1],"split_conditions":[6.0621285E-1,1.0219605E-1,1E0,-2.6353112E-1,-8.240407E-2,7.0755E-1,2.8240833E-1,1.545372E-2,7.889366E-2],"split_indices":[0,0,0,0,0,0,0,0,0],"split_type":[0,0,0,0,0,0,0,0,0],"sum_hessian":[9E0,4E0,5E0,1E0,3E0,4E0,1E0,1E0,3E0],"tree_param":{"num_deleted":"0","num_feature":"2","num_nodes":"9","size_leaf_vector":"1"}},{"base_weights":[5.2240323E-2,-1.6112084E0,1.4297409E0,-2.5035456E-1,-7.622378E-2,6.425377E-1,2.6828787E-1,2.476972E-2,8.23199E-2],"categories":[],"categories_nodes":[],"categories_segments":[],"categories_sizes":[],"default_left":[0,0,0,0,0,0,0,0,0],"id":35,"left_children":[1,3,5,-1,-1,7,-1,-1,-1],"loss_changes":[2.5217628E1,1.8795433E0,4.194993E0,0E0,0E0,1.5275812E-1,0E0,0E0,0E0],"parents":[2147483647,0,0,1,1,2,2,5,5],"right_children":[2,4,6,-1,-1,8,-1,-1,-1],"split_conditions":[6.0621285E-1,1.0219605E-1,1E0,-2.5035456E-1,-7.622378E-2,8.068569E-1,2.6828787E-1,2.476972E-2,8.23199E-2],"split_indices":[0,0,0,0,0,0,0,0,0],"split_type":[0,0,0,0,0,0,0,0,0],"sum_hessian":[9E0,4E0,5E0,1E0,3E0,4E0,1E0,2E0,2E0],"tree_param":{"num_deleted":"0","num_feature":"2","num_nodes":"9","size_leaf_vector":"1"}},{"base_weights":[5.1896095E-2,-1.5154034E0,1.3493296E0,-2.3783682E-1,-7.050701E-2,5.997017E-1,2.5487348E-1,2.3118464E-2,7.683182E-2],"categories":[],"categories_nodes":[],"categories_segments":[],"categories_sizes":[],"default_left":[0,0,0,0,0,0,0,0,0],"id":36,"left_children":[1,3,5,-1,-1,7,-1,-1,-1],"loss_changes":[2.2379448E1,1.8195286E0,3.8661652E0,0E0,0E0,1.330669E-1,0E0,0E0,0E0],"parents":[2147483647,0,0,1,1,2,2,5,5],"right_children":[2,4,6,-1,-1,8,-1,-1,-1],"split_conditions":[6.0621285E-1,1.0219605E-1,1E0,-2.3783682E-1,-7.050701E-2,8.068569E-1,2.5487348E-1,2.3118464E-2,7.683182E-2],"split_indices":[0,0,0,0,0,0,0,0,0],"split_type":[0,0,0,0,0,0,0,0,0],"sum_hessian":[9E0,4E0,5E0,1E0,3E0,4E0,1E0,2E0,2E0],"tree_param":{"num_deleted":"0","num_feature":"2","num_nodes":"9","size_leaf_vector":"1"}},{"base_weights":[5.13546E-2,-1.4255317E0,1.2735342E0,-2.2594498E-1,-6.5218985E-2,5.597221E-1,2.4212971E-1,2.1577327E-2,7.17097E-2],"categories":[],"categories_nodes":[],"categories_segments":[],"categories_sizes":[],"default_left":[0,0,0,0,0,0,0,0,0],"id":37,"left_children":[1,3,5,-1,-1,7,-1,-1,-1],"loss_changes":[1.9865667E1,1.7509289E0,3.5604677E0,0E0,0E0,1.1591411E-1,0E0,0E0,0E0],"parents":[2147483647,0,0,1,1,2,2,5,5],"right_children":[2,4,6,-1,-1,8,-1,-1,-1],"split_conditions":[6.0621285E-1,1.0219605E-1,1E0,-2.2594498E-1,-6.5218985E-2,8.068569E-1,2.4212971E-1,2.1577327E-2,7.17097E-2],"split_indices":[0,0,0,0,0,0,0,0,0],"split_type":[0,0,0,0,0,0,0,0,0],"sum_hessian":[9E0,4E0,5E0,1E0,3E0,4E0,1E0,2E0,2E0],"tree_param":{"num_deleted":"0","num_feature":"2","num_nodes":"9","size_leaf_vector":"1"}},{"base_weights":[5.0644923E-2,-1.3412112E0,1.2020842E0,-2.1464773E-1,-6.032754E-2,5.224083E-1,2.3002319E-1,2.0138932E-2,6.6929124E-2],"categories":[],"categories_nodes":[],"categories_segments":[],"categories_sizes":[],"default_left":[0,0,0,0,0,0,0,0,0],"id":38,"left_children":[1,3,5,-1,-1,7,-1,-1,-1],"loss_changes":[1.7638626E1,1.6762562E0,3.2766476E0,0E0,0E0,1.0097289E-1,0E0,0E0,0E0],"parents":[2147483647,0,0,1,1,2,2,5,5],"right_children":[2,4,6,-1,-1,8,-1,-1,-1],"split_conditions":[6.0621285E-1,1.0219605E-1,1E0,-2.1464773E-1,-6.032754E-2,8.068569E-1,2.3002319E-1,2.0138932E-2,6.6929124E-2],"split_indices":[0,0,0,0,0,0,0,0,0],"split_type":[0,0,0,0,0,0,0,0,0],"sum_hessian":[9E0,4E0,5E0,1E0,3E0,4E0,1E0,2E0,2E0],"tree_param":{"num_deleted":"0","num_feature":"2","num_nodes":"9","size_leaf_vector":"1"}},{"base_weights":[4.9792387E-2,-1.2620852E0,1.134725E0,-2.0391534E-1,-5.580298E-1,4.8758164E-1,2.1852207E-1,-6.373776E-2,-1.5999317E-2,1.8796412E-2,6.2467195E-2],"categories":[],"categories_nodes":[],"categories_segments":[],"categories_sizes":[],"default_left":[0,0,0,0,0,0,0,0,0,0,0],"id":39,"left_children":[1,3,5,-1,7,9,-1,-1,-1,-1,-1],"loss_changes":[1.5665107E1,1.5975876E0,3.013453E0,0E0,2.4357319E-2,8.795738E-2,0E0,0E0,0E0,0E0,0E0],"parents":[2147483647,0,0,1,1,2,2,4,4,5,5],"right_children":[2,4,6,-1,8,10,-1,-1,-1,-1,-1],"split_conditions":[6.0621285E-1,1.0219605E-1,1E0,-2.0391534E-1,4.0518308E-1,8.068569E-1,2.1852207E-1,-6.373776E-2,-1.5999317E-2,1.8796412E-2,6.2467195E-2],"split_indices":[0,0,0,0,0,0,0,0,0,0,0],"split_type":[0,0,0,0,0,0,0,0,0,0,0],"sum_hessian":[9E0,4E0,5E0,1E0,3E0,4E0,1E0,2E0,1E0,2E0,2E0],"tree_param":{"num_deleted":"0","num_feature":"2","num_nodes":"11","size_leaf_vector":"1"}},{"base_weights":[4.642713E-2,-1.1926072E0,1.0712179E0,-1.9371957E-1,-5.221611E-1,4.5507735E-1,2.0759602E-1,-5.9488565E-2,-1.5199375E-2,1.754341E-2,5.8302816E-2],"categories":[],"categories_nodes":[],"categories_segments":[],"categories_sizes":[],"default_left":[0,0,0,0,0,0,0,0,0,0,0],"id":40,"left_children":[1,3,5,-1,7,9,-1,-1,-1,-1,-1],"loss_changes":[1.397505E1,1.4845033E0,2.7696514E0,0E0,1.7262101E-2,7.661986E-2,0E0,0E0,0E0,0E0,0E0],"parents":[2147483647,0,0,1,1,2,2,4,4,5,5],"right_children":[2,4,6,-1,8,10,-1,-1,-1,-1,-1],"split_conditions":[6.0621285E-1,1.0219605E-1,1E0,-1.9371957E-1,4.0518308E-1,8.068569E-1,2.0759602E-1,-5.9488565E-2,-1.5199375E-2,1.754341E-2,5.8302816E-2],"split_indices":[0,0,0,0,0,0,0,0,0,0,0],"split_type":[0,0,0,0,0,0,0,0,0,0,0],"sum_hessian":[9E0,4E0,5E0,1E0,3E0,4E0,1E0,2E0,1E0,2E0,2E0],"tree_param":{"num_deleted":"0","num_feature":"2","num_nodes":"11","size_leaf_vector":"1"}},{"base_weights":[4.3287657E-2,-1.1270279E0,1.011336E0,-1.8403359E-1,-4.8861694E-1,4.2473832E-1,1.9721623E-1,-5.552266E-2,-1.4439392E-2,8.384133E-3,4.8900224E-2],"categories":[],"categories_nodes":[],"categories_segments":[],"categories_sizes":[],"default_left":[0,0,0,0,0,0,0,0,0,0,0],"id":41,"left_children":[1,3,5,-1,7,9,-1,-1,-1,-1,-1],"loss_changes":[1.2469025E1,1.3776989E0,2.5440574E0,0E0,1.15430355E-2,6.853825E-2,0E0,0E0,0E0,0E0,0E0],"parents":[2147483647,0,0,1,1,2,2,4,4,5,5],"right_children":[2,4,6,-1,8,10,-1,-1,-1,-1,-1],"split_conditions":[6.0621285E-1,1.0219605E-1,1E0,-1.8403359E-1,4.0518308E-1,7.0755E-1,1.9721623E-1,-5.552266E-2,-1.4439392E-2,8.384133E-3,4.8900224E-2],"split_indices":[0,0,0,0,0,0,0,0,0,0,0],"split_type":[0,0,0,0,0,0,0,0,0,0,0],"sum_hessian":[9E0,4E0,5E0,1E0,3E0,4E0,1E0,2E0,1E0,1E0,3E0],"tree_param":{"num_deleted":"0","num_feature":"2","num_nodes":"11","size_leaf_vector":"1"}},{"base_weights":[3.9009165E-2,-1.0651244E0,9.526189E-1,-1.7483191E-1,-4.5724595E-1,3.93721E-1,1.8735543E-1,-5.1821154E-2,-1.371746E-2,1.4464314E-2,5.1155854E-2],"categories":[],"categories_nodes":[],"categories_segments":[],"categories_sizes":[],"default_left":[0,0,0,0,0,0,0,0,0,0,0],"id":42,"left_children":[1,3,5,-1,7,9,-1,-1,-1,-1,-1],"loss_changes":[1.1102129E1,1.2770848E0,2.3505955E0,0E0,6.9678426E-3,7.2760165E-2,0E0,0E0,0E0,0E0,0E0],"parents":[2147483647,0,0,1,1,2,2,4,4,5,5],"right_children":[2,4,6,-1,8,10,-1,-1,-1,-1,-1],"split_conditions":[6.0621285E-1,1.0219605E-1,1E0,-1.7483191E-1,4.0518308E-1,8.068569E-1,1.8735543E-1,-5.1821154E-2,-1.371746E-2,1.4464314E-2,5.1155854E-2],"split_indices":[0,0,0,0,0,0,0,0,0,0,0],"split_type":[0,0,0,0,0,0,0,0,0,0,0],"sum_hessian":[9E0,4E0,5E0,1E0,3E0,4E0,1E0,2E0,1E0,2E0,2E0],"tree_param":{"num_deleted":"0","num_feature":"2","num_nodes":"11","size_leaf_vector":"1"}},{"base_weights":[3.6368728E-2,-1.0066861E0,8.995196E-1,-1.6609031E-1,-4.2790604E-1,3.6747283E-1,1.7798768E-1,-4.836642E-2,-1.3031579E-2,1.3499959E-2,4.7745515E-2],"categories":[],"categories_nodes":[],"categories_segments":[],"categories_sizes":[],"default_left":[0,0,0,0,0,0,0,0,0,0,0],"id":43,"left_children":[1,3,5,-1,7,9,-1,-1,-1,-1,-1],"loss_changes":[9.908671E0,1.182528E0,2.1562905E0,0E0,3.3432841E-3,6.338352E-2,0E0,0E0,0E0,0E0,0E0],"parents":[2147483647,0,0,1,1,2,2,4,4,5,5],"right_children":[2,4,6,-1,8,10,-1,-1,-1,-1,-1],"split_conditions":[6.0621285E-1,1.0219605E-1,1E0,-1.6609031E-1,4.0518308E-1,8.068569E-1,1.7798768E-1,-4.836642E-2,-1.3031579E-2,1.3499959E-2,4.7745515E-2],"split_indices":[0,0,0,0,0,0,0,0,0,0,0],"split_type":[0,0,0,0,0,0,0,0,0,0,0],"sum_hessian":[9E0,4E0,5E0,1E0,3E0,4E0,1E0,2E0,1E0,2E0,2E0],"tree_param":{"num_deleted":"0","num_feature":"2","num_nodes":"11","size_leaf_vector":"1"}},{"base_weights":[3.3906557E-2,-9.515152E-1,8.494403E-1,-1.577858E-1,-4.00465E-1,3.4297484E-1,1.6908836E-1,-4.5141984E-2,-1.2380028E-2,1.2599945E-2,4.456253E-2],"categories":[],"categories_nodes":[],"categories_segments":[],"categories_sizes":[],"default_left":[0,0,0,0,0,0,0,0,0,0,0],"id":44,"left_children":[1,3,5,-1,7,9,-1,-1,-1,-1,-1],"loss_changes":[8.844703E0,1.0938544E0,1.9770408E0,0E0,5.0371885E-4,5.5214584E-2,0E0,0E0,0E0,0E0,0E0],"parents":[2147483647,0,0,1,1,2,2,4,4,5,5],"right_children":[2,4,6,-1,8,10,-1,-1,-1,-1,-1],"split_conditions":[6.0621285E-1,1.0219605E-1,1E0,-1.577858E-1,4.0518308E-1,8.068569E-1,1.6908836E-1,-4.5141984E-2,-1.2380028E-2,1.2599945E-2,4.456253E-2],"split_indices":[0,0,0,0,0,0,0,0,0,0,0],"split_type":[0,0,0,0,0,0,0,0,0,0,0],"sum_hessian":[9E0,4E0,5E0,1E0,3E0,4E0,1E0,2E0,1E0,2E0,2E0],"tree_param":{"num_deleted":"0","num_feature":"2","num_nodes":"11","size_leaf_vector":"1"}},{"base_weights":[3.1609964E-2,-8.99425E-1,8.0220413E-1,-1.498965E-1,-3.7479877E-2,3.2010955E-1,1.6063385E-1,1.1759949E-2,4.1591644E-2],"categories":[],"categories_nodes":[],"categories_segments":[],"categories_sizes":[],"default_left":[0,0,0,0,0,0,0,0,0],"id":45,"left_children":[1,3,5,-1,-1,7,-1,-1,-1],"loss_changes":[7.8960238E0,1.0108614E0,1.8118086E0,0E0,0E0,4.809773E-2,0E0,0E0,0E0],"parents":[2147483647,0,0,1,1,2,2,5,5],"right_children":[2,4,6,-1,-1,8,-1,-1,-1],"split_conditions":[6.0621285E-1,1.0219605E-1,1E0,-1.498965E-1,-3.7479877E-2,8.068569E-1,1.6063385E-1,1.1759949E-2,4.1591644E-2],"split_indices":[0,0,0,0,0,0,0,0,0],"split_type":[0,0,0,0,0,0,0,0,0],"sum_hessian":[9E0,4E0,5E0,1E0,3E0,4E0,1E0,2E0,2E0],"tree_param":{"num_deleted":"0","num_feature":"2","num_nodes":"9","size_leaf_vector":"1"}},{"base_weights":[3.1109333E-2,-8.46958E-1,7.576472E-1,-1.4240168E-1,-3.466891E-1,2.987686E-1,1.52602E-1,-3.9633863E-2,-9.887028E-3,1.0975901E-2,3.881887E-2],"categories":[],"categories_nodes":[],"categories_segments":[],"categories_sizes":[],"default_left":[0,0,0,0,0,0,0,0,0,0,0],"id":46,"left_children":[1,3,5,-1,7,9,-1,-1,-1,-1,-1],"loss_changes":[7.021187E0,9.497318E-1,1.6596122E0,0E0,1.003024E-2,4.1899025E-2,0E0,0E0,0E0,0E0,0E0],"parents":[2147483647,0,0,1,1,2,2,4,4,5,5],"right_children":[2,4,6,-1,8,10,-1,-1,-1,-1,-1],"split_conditions":[6.0621285E-1,1.0219605E-1,1E0,-1.4240168E-1,4.0518308E-1,8.068569E-1,1.52602E-1,-3.9633863E-2,-9.887028E-3,1.0975901E-2,3.881887E-2],"split_indices":[0,0,0,0,0,0,0,0,0,0,0],"split_type":[0,0,0,0,0,0,0,0,0,0,0],"sum_hessian":[9E0,4E0,5E0,1E0,3E0,4E0,1E0,2E0,1E0,2E0,2E0],"tree_param":{"num_deleted":"0","num_feature":"2","num_nodes":"11","size_leaf_vector":"1"}},{"base_weights":[2.9046059E-2,-8.006466E-1,7.156156E-1,-1.352816E-1,-3.244003E-1,2.7885133E-1,1.4497185E-1,-3.699161E-2,-9.392643E-3,4.799843E-3,3.2456495E-2],"categories":[],"categories_nodes":[],"categories_segments":[],"categories_sizes":[],"default_left":[0,0,0,0,0,0,0,0,0,0,0],"id":47,"left_children":[1,3,5,-1,7,9,-1,-1,-1,-1,-1],"loss_changes":[6.269372E0,8.759892E-1,1.5195234E0,0E0,7.2158873E-3,3.718698E-2,0E0,0E0,0E0,0E0,0E0],"parents":[2147483647,0,0,1,1,2,2,4,4,5,5],"right_children":[2,4,6,-1,8,10,-1,-1,-1,-1,-1],"split_conditions":[6.0621285E-1,1.0219605E-1,1E0,-1.352816E-1,4.0518308E-1,7.0755E-1,1.4497185E-1,-3.699161E-2,-9.392643E-3,4.799843E-3,3.2456495E-2],"split_indices":[0,0,0,0,0,0,0,0,0,0,0],"split_type":[0,0,0,0,0,0,0,0,0,0,0],"sum_hessian":[9E0,4E0,5E0,1E0,3E0,4E0,1E0,2E0,1E0,1E0,3E0],"tree_param":{"num_deleted":"0","num_feature":"2","num_nodes":"11","size_leaf_vector":"1"}},{"base_weights":[2.6197862E-2,-7.569152E-1,6.744258E-1,-1.2851751E-1,-3.0355644E-1,2.5841826E-1,1.3772316E-1,-3.452549E-2,-8.923054E-3,9.002431E-3,3.4067284E-2],"categories":[],"categories_nodes":[],"categories_segments":[],"categories_sizes":[],"default_left":[0,0,0,0,0,0,0,0,0,0,0],"id":48,"left_children":[1,3,5,-1,7,9,-1,-1,-1,-1,-1],"loss_changes":[5.58684E0,8.07333E-1,1.3983333E0,0E0,4.940957E-3,3.8586974E-2,0E0,0E0,0E0,0E0,0E0],"parents":[2147483647,0,0,1,1,2,2,4,4,5,5],"right_children":[2,4,6,-1,8,10,-1,-1,-1,-1,-1],"split_conditions":[6.0621285E-1,1.0219605E-1,1E0,-1.2851751E-1,4.0518308E-1,8.068569E-1,1.3772316E-1,-3.452549E-2,-8.923054E-3,9.002431E-3,3.4067284E-2],"split_indices":[0,0,0,0,0,0,0,0,0,0,0],"split_type":[0,0,0,0,0,0,0,0,0,0,0],"sum_hessian":[9E0,4E0,5E0,1E0,3E0,4E0,1E0,2E0,1E0,2E0,2E0],"tree_param":{"num_deleted":"0","num_feature":"2","num_nodes":"11","size_leaf_vector":"1"}},{"base_weights":[2.4460077E-2,-7.156169E-1,6.371142E-1,-1.2209163E-1,-2.8406298E-1,2.4118957E-1,1.3083687E-1,-3.2223783E-2,-8.476925E-3,8.402253E-3,3.1796012E-2],"categories":[],"categories_nodes":[],"categories_segments":[],"categories_sizes":[],"default_left":[0,0,0,0,0,0,0,0,0,0,0],"id":49,"left_children":[1,3,5,-1,7,9,-1,-1,-1,-1,-1],"loss_changes":[4.990042E0,7.435024E-1,1.2790322E0,0E0,3.1161606E-3,3.3613175E-2,0E0,0E0,0E0,0E0,0E0],"parents":[2147483647,0,0,1,1,2,2,4,4,5,5],"right_children":[2,4,6,-1,8,10,-1,-1,-1,-1,-1],"split_conditions":[6.0621285E-1,1.0219605E-1,1E0,-1.2209163E-1,4.0518308E-1,8.068569E-1,1.3083687E-1,-3.2223783E-2,-8.476925E-3,8.402253E-3,3.1796012E-2],"split_indices":[0,0,0,0,0,0,0,0,0,0,0],"split_type":[0,0,0,0,0,0,0,0,0,0,0],"sum_hessian":[9E0,4E0,5E0,1E0,3E0,4E0,1E0,2E0,1E0,2E0,2E0],"tree_param":{"num_deleted":"0","num_feature":"2","num_nodes":"11","size_leaf_vector":"1"}},{"base_weights":[2.2838091E-2,-6.7661387E-1,6.019084E-1,-1.15987055E-1,-2.6583207E-1,2.2510986E-1,1.2429505E-1,-3.0075535E-2,-8.053112E-3,7.842001E-3,2.9676309E-2],"categories":[],"categories_nodes":[],"categories_segments":[],"categories_sizes":[],"default_left":[0,0,0,0,0,0,0,0,0,0,0],"id":50,"left_children":[1,3,5,-1,7,9,-1,-1,-1,-1,-1],"loss_changes":[4.4575777E0,6.842344E-1,1.1694617E0,0E0,1.6651154E-3,2.9281855E-2,0E0,0E0,0E0,0E0,0E0],"parents":[2147483647,0,0,1,1,2,2,4,4,5,5],"right_children":[2,4,6,-1,8,10,-1,-1,-1,-1,-1],"split_conditions":[6.0621285E-1,1.0219605E-1,1E0,-1.15987055E-1,4.0518308E-1,8.068569E-1,1.2429505E-1,-3.0075535E-2,-8.053112E-3,7.842001E-3,2.9676309E-2],"split_indices":[0,0,0,0,0,0,0,0,0,0,0],"split_type":[0,0,0,0,0,0,0,0,0,0,0],"sum_hessian":[9E0,4E0,5E0,1E0,3E0,4E0,1E0,2E0,1E0,2E0,2E0],"tree_param":{"num_deleted":"0","num_feature":"2","num_nodes":"11","size_leaf_vector":"1"}},{"base_weights":[2.1323824E-2,-6.3977575E-1,5.686862E-1,-1.101877E-1,-2.487812E-1,2.1010284E-1,1.1808014E-1,-2.8070513E-2,-7.650471E-3,7.3191323E-3,2.7698008E-2],"categories":[],"categories_nodes":[],"categories_segments":[],"categories_sizes":[],"default_left":[0,0,0,0,0,0,0,0,0,0,0],"id":51,"left_children":[1,3,5,-1,7,9,-1,-1,-1,-1,-1],"loss_changes":[3.982442E0,6.292691E-1,1.0688759E0,0E0,5.237013E-4,2.5508791E-2,0E0,0E0,0E0,0E0,0E0],"parents":[2147483647,0,0,1,1,2,2,4,4,5,5],"right_children":[2,4,6,-1,8,10,-1,-1,-1,-1,-1],"split_conditions":[6.0621285E-1,1.0219605E-1,1E0,-1.101877E-1,4.0518308E-1,8.068569E-1,1.1808014E-1,-2.8070513E-2,-7.650471E-3,7.3191323E-3,2.7698008E-2],"split_indices":[0,0,0,0,0,0,0,0,0,0,0],"split_type":[0,0,0,0,0,0,0,0,0,0,0],"sum_hessian":[9E0,4E0,5E0,1E0,3E0,4E0,1E0,2E0,1E0,2E0,2E0],"tree_param":{"num_deleted":"0","num_feature":"2","num_nodes":"11","size_leaf_vector":"1"}},{"base_weights":[1.990993E-2,-6.0497993E-1,5.373332E-1,-1.0467831E-1,-2.3283338E-2,1.9609527E-1,1.12176135E-1,6.831106E-3,2.5851442E-2],"categories":[],"categories_nodes":[],"categories_segments":[],"categories_sizes":[],"default_left":[0,0,0,0,0,0,0,0,0],"id":52,"left_children":[1,3,5,-1,-1,7,-1,-1,-1],"loss_changes":[3.5584016E0,5.783515E-1,9.7660196E-1,0E0,0E0,2.2221506E-2,0E0,0E0,0E0],"parents":[2147483647,0,0,1,1,2,2,5,5],"right_children":[2,4,6,-1,-1,8,-1,-1,-1],"split_conditions":[6.0621285E-1,1.0219605E-1,1E0,-1.0467831E-1,-2.3283338E-2,8.068569E-1,1.12176135E-1,6.831106E-3,2.5851442E-2],"split_indices":[0,0,0,0,0,0,0,0,0],"split_type":[0,0,0,0,0,0,0,0,0],"sum_hessian":[9E0,4E0,5E0,1E0,3E0,4E0,1E0,2E0,2E0],"tree_param":{"num_deleted":"0","num_feature":"2","num_nodes":"9","size_leaf_vector":"1"}},{"base_weights":[1.9608343E-2,-5.700744E-1,5.077426E-1,-9.94444E-2,-2.1537101E-1,1.8302155E-1,1.0656738E-1,-2.4646934E-2,-6.103802E-3,2.589798E-3,2.1582795E-2],"categories":[],"categories_nodes":[],"categories_segments":[],"categories_sizes":[],"default_left":[0,0,0,0,0,0,0,0,0,0,0],"id":53,"left_children":[1,3,5,-1,7,9,-1,-1,-1,-1,-1],"loss_changes":[3.1678941E0,5.3845227E-1,8.919908E-1,0E0,4.153982E-3,2.0183787E-2,0E0,0E0,0E0,0E0,0E0],"parents":[2147483647,0,0,1,1,2,2,4,4,5,5],"right_children":[2,4,6,-1,8,10,-1,-1,-1,-1,-1],"split_conditions":[6.0621285E-1,1.0219605E-1,1E0,-9.94444E-2,4.0518308E-1,7.0755E-1,1.0656738E-1,-2.4646934E-2,-6.103802E-3,2.589798E-3,2.1582795E-2],"split_indices":[0,0,0,0,0,0,0,0,0,0,0],"split_type":[0,0,0,0,0,0,0,0,0,0,0],"sum_hessian":[9E0,4E0,5E0,1E0,3E0,4E0,1E0,2E0,1E0,1E0,3E0],"tree_param":{"num_deleted":"0","num_feature":"2","num_nodes":"11","size_leaf_vector":"1"}},{"base_weights":[1.7701661E-2,-2.9578882E-1,8.4777576E-1,-7.9754084E-1,4.3853126E-3,2.5927354E-2,1.0123902E-1,-9.447218E-2,-2.5158955E-2,-1.0096932E-2,8.2304955E-2,2.460289E-3,9.333801E-3],"categories":[],"categories_nodes":[],"categories_segments":[],"categories_sizes":[],"default_left":[0,0,0,0,0,0,0,0,0,0,0,0,0],"id":54,"left_children":[1,3,5,7,9,-1,-1,-1,-1,-1,11,-1,-1],"loss_changes":[2.852966E0,1.2084013E0,2.8141737E-2,3.378749E-3,5.7565443E-2,0E0,0E0,0E0,0E0,0E0,2.5013462E-4,0E0,0E0],"parents":[2147483647,0,0,1,1,2,2,3,3,4,4,10,10],"right_children":[2,4,6,8,10,-1,-1,-1,-1,-1,12,-1,-1],"split_conditions":[8.9656836E-1,2.9995546E-1,1E0,1.0219605E-1,6.0621285E-1,2.5927354E-2,1.0123902E-1,-9.447218E-2,-2.5158955E-2,-1.0096932E-2,7.0755E-1,2.460289E-3,9.333801E-3],"split_indices":[0,0,0,0,0,0,0,0,0,0,0,0,0],"split_type":[0,0,0,0,0,0,0,0,0,0,0,0,0],"sum_hessian":[9E0,7E0,2E0,2E0,5E0,1E0,1E0,1E0,1E0,2E0,3E0,1E0,2E0],"tree_param":{"num_deleted":"0","num_feature":"2","num_nodes":"13","size_leaf_vector":"1"}},{"base_weights":[1.6854156E-2,-2.8095192E-1,8.053856E-1,-7.5766385E-1,4.229387E-3,2.4630928E-2,9.6176915E-2,-8.974857E-2,-2.390101E-2,-9.423796E-3,7.702255E-2,2.337265E-3,8.711497E-3],"categories":[],"categories_nodes":[],"categories_segments":[],"categories_sizes":[],"default_left":[0,0,0,0,0,0,0,0,0,0,0,0,0],"id":55,"left_children":[1,3,5,7,9,-1,-1,-1,-1,-1,11,-1,-1],"loss_changes":[2.574569E0,1.0907991E0,2.5398374E-2,3.0491352E-3,5.026495E-2,0E0,0E0,0E0,0E0,0E0,1.2972206E-4,0E0,0E0],"parents":[2147483647,0,0,1,1,2,2,3,3,4,4,10,10],"right_children":[2,4,6,8,10,-1,-1,-1,-1,-1,12,-1,-1],"split_conditions":[8.9656836E-1,2.9995546E-1,1E0,1.0219605E-1,6.0621285E-1,2.4630928E-2,9.6176915E-2,-8.974857E-2,-2.390101E-2,-9.423796E-3,7.0755E-1,2.337265E-3,8.711497E-3],"split_indices":[0,0,0,0,0,0,0,0,0,0,0,0,0],"split_type":[0,0,0,0,0,0,0,0,0,0,0,0,0],"sum_hessian":[9E0,7E0,2E0,2E0,5E0,1E0,1E0,1E0,1E0,2E0,3E0,1E0,2E0],"tree_param":{"num_deleted":"0","num_feature":"2","num_nodes":"13","size_leaf_vector":"1"}},{"base_weights":[1.6046798E-2,-2.6686013E-1,7.651164E-1,-7.197806E-1,4.076799E-3,2.3399353E-2,9.13681E-2,-8.526114E-2,-2.2705961E-2,-8.795516E-3,7.2081566E-2,2.2203445E-3,8.130646E-3],"categories":[],"categories_nodes":[],"categories_segments":[],"categories_sizes":[],"default_left":[0,0,0,0,0,0,0,0,0,0,0,0,0],"id":56,"left_children":[1,3,5,7,9,-1,-1,-1,-1,-1,11,-1,-1],"loss_changes":[2.323349E0,9.846376E-1,2.2922635E-2,2.7518272E-3,4.3891616E-2,0E0,0E0,0E0,0E0,0E0,3.5196543E-5,0E0,0E0],"parents":[2147483647,0,0,1,1,2,2,3,3,4,4,10,10],"right_children":[2,4,6,8,10,-1,-1,-1,-1,-1,12,-1,-1],"split_conditions":[8.9656836E-1,2.9995546E-1,1E0,1.0219605E-1,6.0621285E-1,2.3399353E-2,9.13681E-2,-8.526114E-2,-2.2705961E-2,-8.795516E-3,7.0755E-1,2.2203445E-3,8.130646E-3],"split_indices":[0,0,0,0,0,0,0,0,0,0,0,0,0],"split_type":[0,0,0,0,0,0,0,0,0,0,0,0,0],"sum_hessian":[9E0,7E0,2E0,2E0,5E0,1E0,1E0,1E0,1E0,2E0,3E0,1E0,2E0],"tree_param":{"num_deleted":"0","num_feature":"2","num_nodes":"13","size_leaf_vector":"1"}},{"base_weights":[1.5277827E-2,-2.5347525E-1,7.2686005E-1,-6.837916E-1,3.92882E-3,2.2229386E-2,8.679962E-2,-8.0998085E-2,-2.1570658E-2,-8.209165E-3,6.7461967E-3],"categories":[],"categories_nodes":[],"categories_segments":[],"categories_sizes":[],"default_left":[0,0,0,0,0,0,0,0,0,0,0],"id":57,"left_children":[1,3,5,7,9,-1,-1,-1,-1,-1,-1],"loss_changes":[2.09664E0,8.888079E-1,2.068746E-2,2.4837255E-3,3.832897E-2,0E0,0E0,0E0,0E0,0E0,0E0],"parents":[2147483647,0,0,1,1,2,2,3,3,4,4],"right_children":[2,4,6,8,10,-1,-1,-1,-1,-1,-1],"split_conditions":[8.9656836E-1,2.9995546E-1,1E0,1.0219605E-1,6.0621285E-1,2.2229386E-2,8.679962E-2,-8.0998085E-2,-2.1570658E-2,-8.209165E-3,6.7461967E-3],"split_indices":[0,0,0,0,0,0,0,0,0,0,0],"split_type":[0,0,0,0,0,0,0,0,0,0,0],"sum_hessian":[9E0,7E0,2E0,2E0,5E0,1E0,1E0,1E0,1E0,2E0,3E0],"tree_param":{"num_deleted":"0","num_feature":"2","num_nodes":"11","size_leaf_vector":"1"}},{"base_weights":[1.4250445E-2,-2.4113098E-1,6.905174E-1,-6.49602E-1,3.2930374E-3,2.1117974E-2,8.245964E-2,-7.694818E-2,-2.0492125E-2,-7.661883E-3,6.240368E-2,1.7721177E-3,7.139079E-3],"categories":[],"categories_nodes":[],"categories_segments":[],"categories_sizes":[],"default_left":[0,0,0,0,0,0,0,0,0,0,0,0,0],"id":58,"left_children":[1,3,5,7,9,-1,-1,-1,-1,-1,11,-1,-1],"loss_changes":[1.8935654E0,8.008603E-1,1.8669248E-2,2.2414923E-3,3.3123147E-2,0E0,0E0,0E0,0E0,0E0,3.41136E-4,0E0,0E0],"parents":[2147483647,0,0,1,1,2,2,3,3,4,4,10,10],"right_children":[2,4,6,8,10,-1,-1,-1,-1,-1,12,-1,-1],"split_conditions":[8.9656836E-1,2.9995546E-1,1E0,1.0219605E-1,6.0621285E-1,2.1117974E-2,8.245964E-2,-7.694818E-2,-2.0492125E-2,-7.661883E-3,7.0755E-1,1.7721177E-3,7.139079E-3],"split_indices":[0,0,0,0,0,0,0,0,0,0,0,0,0],"split_type":[0,0,0,0,0,0,0,0,0,0,0,0,0],"sum_hessian":[9E0,7E0,2E0,2E0,5E0,1E0,1E0,1E0,1E0,2E0,3E0,1E0,2E0],"tree_param":{"num_deleted":"0","num_feature":"2","num_nodes":"13","size_leaf_vector":"1"}},{"base_weights":[1.3564324E-2,-2.2904155E-1,6.5599185E-1,-6.1712193E-1,3.1722386E-3,2.0062065E-2,7.8336716E-2,-7.310077E-2,-1.9467521E-2,-7.1510947E-3,5.839157E-2,1.683426E-3,6.663259E-3],"categories":[],"categories_nodes":[],"categories_segments":[],"categories_sizes":[],"default_left":[0,0,0,0,0,0,0,0,0,0,0,0,0],"id":59,"left_children":[1,3,5,7,9,-1,-1,-1,-1,-1,11,-1,-1],"loss_changes":[1.7088164E0,7.228985E-1,1.6849399E-2,2.0229816E-3,2.8919373E-2,0E0,0E0,0E0,0E0,0E0,2.4818722E-4,0E0,0E0],"parents":[2147483647,0,0,1,1,2,2,3,3,4,4,10,10],"right_children":[2,4,6,8,10,-1,-1,-1,-1,-1,12,-1,-1],"split_conditions":[8.9656836E-1,2.9995546E-1,1E0,1.0219605E-1,6.0621285E-1,2.0062065E-2,7.8336716E-2,-7.310077E-2,-1.9467521E-2,-7.1510947E-3,7.0755E-1,1.683426E-3,6.663259E-3],"split_indices":[0,0,0,0,0,0,0,0,0,0,0,0,0],"split_type":[0,0,0,0,0,0,0,0,0,0,0,0,0],"sum_hessian":[9E0,7E0,2E0,2E0,5E0,1E0,1E0,1E0,1E0,2E0,3E0,1E0,2E0],"tree_param":{"num_deleted":"0","num_feature":"2","num_nodes":"13","size_leaf_vector":"1"}},{"base_weights":[1.2910175E-2,-2.1755922E-1,6.2319183E-1,-5.8626586E-1,3.053983E-3,1.9058991E-2,7.441979E-2,-6.944573E-2,-1.8494153E-2,-6.674385E-3,5.4638863E-2,1.5993118E-3,6.218974E-3],"categories":[],"categories_nodes":[],"categories_segments":[],"categories_sizes":[],"default_left":[0,0,0,0,0,0,0,0,0,0,0,0,0],"id":60,"left_children":[1,3,5,7,9,-1,-1,-1,-1,-1,11,-1,-1],"loss_changes":[1.5420935E0,6.525228E-1,1.5205741E-2,1.8255711E-3,2.5249884E-2,0E0,0E0,0E0,0E0,0E0,1.7262995E-4,0E0,0E0],"parents":[2147483647,0,0,1,1,2,2,3,3,4,4,10,10],"right_children":[2,4,6,8,10,-1,-1,-1,-1,-1,12,-1,-1],"split_conditions":[8.9656836E-1,2.9995546E-1,1E0,1.0219605E-1,6.0621285E-1,1.9058991E-2,7.441979E-2,-6.944573E-2,-1.8494153E-2,-6.674385E-3,7.0755E-1,1.5993118E-3,6.218974E-3],"split_indices":[0,0,0,0,0,0,0,0,0,0,0,0,0],"split_type":[0,0,0,0,0,0,0,0,0,0,0,0,0],"sum_hessian":[9E0,7E0,2E0,2E0,5E0,1E0,1E0,1E0,1E0,2E0,3E0,1E0,2E0],"tree_param":{"num_deleted":"0","num_feature":"2","num_nodes":"13","size_leaf_vector":"1"}},{"base_weights":[1.2288058E-2,-2.0665245E-1,5.920334E-1,-5.569526E-1,2.939701E-3,1.8106079E-2,7.069893E-2,-6.5973446E-2,-1.7569447E-2,-6.2294323E-3,5.1130295E-2,1.519394E-3,5.8044433E-3],"categories":[],"categories_nodes":[],"categories_segments":[],"categories_sizes":[],"default_left":[0,0,0,0,0,0,0,0,0,0,0,0,0],"id":61,"left_children":[1,3,5,7,9,-1,-1,-1,-1,-1,11,-1,-1],"loss_changes":[1.3916426E0,5.8899856E-1,1.3723135E-2,1.647532E-3,2.2047127E-2,0E0,0E0,0E0,0E0,0E0,1.11952424E-4,0E0,0E0],"parents":[2147483647,0,0,1,1,2,2,3,3,4,4,10,10],"right_children":[2,4,6,8,10,-1,-1,-1,-1,-1,12,-1,-1],"split_conditions":[8.9656836E-1,2.9995546E-1,1E0,1.0219605E-1,6.0621285E-1,1.8106079E-2,7.069893E-2,-6.5973446E-2,-1.7569447E-2,-6.2294323E-3,7.0755E-1,1.519394E-3,5.8044433E-3],"split_indices":[0,0,0,0,0,0,0,0,0,0,0,0,0],"split_type":[0,0,0,0,0,0,0,0,0,0,0,0,0],"sum_hessian":[9E0,7E0,2E0,2E0,5E0,1E0,1E0,1E0,1E0,2E0,3E0,1E0,2E0],"tree_param":{"num_deleted":"0","num_feature":"2","num_nodes":"13","size_leaf_vector":"1"}},{"base_weights":[1.1694598E-2,-1.962935E-1,5.6243134E-1,-5.2910495E-1,2.8278034E-3,1.7200852E-2,6.716385E-2,-6.2674776E-2,-1.669097E-2,-5.8141393E-3,4.7847748E-2,1.4434814E-3,5.4173786E-3],"categories":[],"categories_nodes":[],"categories_segments":[],"categories_sizes":[],"default_left":[0,0,0,0,0,0,0,0,0,0,0,0,0],"id":62,"left_children":[1,3,5,7,9,-1,-1,-1,-1,-1,11,-1,-1],"loss_changes":[1.2558684E0,5.31655E-1,1.2383401E-2,1.4869571E-3,1.9250914E-2,0E0,0E0,0E0,0E0,0E0,6.349757E-5,0E0,0E0],"parents":[2147483647,0,0,1,1,2,2,3,3,4,4,10,10],"right_children":[2,4,6,8,10,-1,-1,-1,-1,-1,12,-1,-1],"split_conditions":[8.9656836E-1,2.9995546E-1,1E0,1.0219605E-1,6.0621285E-1,1.7200852E-2,6.716385E-2,-6.2674776E-2,-1.669097E-2,-5.8141393E-3,7.0755E-1,1.4434814E-3,5.4173786E-3],"split_indices":[0,0,0,0,0,0,0,0,0,0,0,0,0],"split_type":[0,0,0,0,0,0,0,0,0,0,0,0,0],"sum_hessian":[9E0,7E0,2E0,2E0,5E0,1E0,1E0,1E0,1E0,2E0,3E0,1E0,2E0],"tree_param":{"num_deleted":"0","num_feature":"2","num_nodes":"13","size_leaf_vector":"1"}},{"base_weights":[1.11301895E-2,-1.8645376E-1,5.3431064E-1,-5.026498E-1,2.7198792E-3,1.6340828E-2,6.3805774E-2,-5.9541035E-2,-1.5856434E-2,-5.426534E-3,4.4778824E-2,1.3713837E-3,5.056254E-3],"categories":[],"categories_nodes":[],"categories_segments":[],"categories_sizes":[],"default_left":[0,0,0,0,0,0,0,0,0,0,0,0,0],"id":63,"left_children":[1,3,5,7,9,-1,-1,-1,-1,-1,11,-1,-1],"loss_changes":[1.1333449E0,4.7989476E-1,1.1176109E-2,1.3418794E-3,1.6810367E-2,0E0,0E0,0E0,0E0,0E0,2.5277957E-5,0E0,0E0],"parents":[2147483647,0,0,1,1,2,2,3,3,4,4,10,10],"right_children":[2,4,6,8,10,-1,-1,-1,-1,-1,12,-1,-1],"split_conditions":[8.9656836E-1,2.9995546E-1,1E0,1.0219605E-1,6.0621285E-1,1.6340828E-2,6.3805774E-2,-5.9541035E-2,-1.5856434E-2,-5.426534E-3,7.0755E-1,1.3713837E-3,5.056254E-3],"split_indices":[0,0,0,0,0,0,0,0,0,0,0,0,0],"split_type":[0,0,0,0,0,0,0,0,0,0,0,0,0],"sum_hessian":[9E0,7E0,2E0,2E0,5E0,1E0,1E0,1E0,1E0,2E0,3E0,1E0,2E0],"tree_param":{"num_deleted":"0","num_feature":"2","num_nodes":"13","size_leaf_vector":"1"}},{"base_weights":[1.0592294E-2,-1.7710778E-1,5.0759506E-1,-4.7751737E-1,2.614975E-3,1.552372E-2,6.061554E-2,-5.6563985E-2,-1.506362E-2,-5.064774E-3,4.1908263E-3],"categories":[],"categories_nodes":[],"categories_segments":[],"categories_sizes":[],"default_left":[0,0,0,0,0,0,0,0,0,0,0],"id":64,"left_children":[1,3,5,7,9,-1,-1,-1,-1,-1,-1],"loss_changes":[1.0227736E0,4.3317217E-1,1.0087609E-2,1.2108684E-3,1.4679762E-2,0E0,0E0,0E0,0E0,0E0,0E0],"parents":[2147483647,0,0,1,1,2,2,3,3,4,4],"right_children":[2,4,6,8,10,-1,-1,-1,-1,-1,-1],"split_conditions":[8.9656836E-1,2.9995546E-1,1E0,1.0219605E-1,6.0621285E-1,1.552372E-2,6.061554E-2,-5.6563985E-2,-1.506362E-2,-5.064774E-3,4.1908263E-3],"split_indices":[0,0,0,0,0,0,0,0,0,0,0],"split_type":[0,0,0,0,0,0,0,0,0,0,0],"sum_hessian":[9E0,7E0,2E0,2E0,5E0,1E0,1E0,1E0,1E0,2E0,3E0],"tree_param":{"num_deleted":"0","num_feature":"2","num_nodes":"11","size_leaf_vector":"1"}},{"base_weights":[9.896505E-3,-1.6846032E-1,4.8221588E-1,-4.5364144E-1,2.2069614E-3,1.474762E-2,5.7584763E-2,-5.373579E-2,-1.4310432E-2,-4.7271415E-3,3.8764E-2,1.0931016E-3,4.439799E-3],"categories":[],"categories_nodes":[],"categories_segments":[],"categories_sizes":[],"default_left":[0,0,0,0,0,0,0,0,0,0,0,0,0],"id":65,"left_children":[1,3,5,7,9,-1,-1,-1,-1,-1,11,-1,-1],"loss_changes":[9.236481E-1,3.903699E-1,9.102941E-3,1.0929108E-3,1.2685125E-2,0E0,0E0,0E0,0E0,0E0,1.4192797E-4,0E0,0E0],"parents":[2147483647,0,0,1,1,2,2,3,3,4,4,10,10],"right_children":[2,4,6,8,10,-1,-1,-1,-1,-1,12,-1,-1],"split_conditions":[8.9656836E-1,2.9995546E-1,1E0,1.0219605E-1,6.0621285E-1,1.474762E-2,5.7584763E-2,-5.373579E-2,-1.4310432E-2,-4.7271415E-3,7.0755E-1,1.0931016E-3,4.439799E-3],"split_indices":[0,0,0,0,0,0,0,0,0,0,0,0,0],"split_type":[0,0,0,0,0,0,0,0,0,0,0,0,0],"sum_hessian":[9E0,7E0,2E0,2E0,5E0,1E0,1E0,1E0,1E0,2E0,3E0,1E0,2E0],"tree_param":{"num_deleted":"0","num_feature":"2","num_nodes":"13","size_leaf_vector":"1"}},{"base_weights":[9.415519E-3,-1.6001977E-1,4.5810446E-1,-4.3095943E-1,2.120018E-3,1.4010238E-2,5.470543E-2,-5.1049E-2,-1.3594913E-2,-4.4120154E-3,3.627014E-2,1.0383606E-3,4.1437787E-3],"categories":[],"categories_nodes":[],"categories_segments":[],"categories_sizes":[],"default_left":[0,0,0,0,0,0,0,0,0,0,0,0,0],"id":66,"left_children":[1,3,5,7,9,-1,-1,-1,-1,-1,11,-1,-1],"loss_changes":[8.335432E-1,3.523544E-1,8.21507E-3,9.863377E-4,1.107489E-2,0E0,0E0,0E0,0E0,0E0,1.048157E-4,0E0,0E0],"parents":[2147483647,0,0,1,1,2,2,3,3,4,4,10,10],"right_children":[2,4,6,8,10,-1,-1,-1,-1,-1,12,-1,-1],"split_conditions":[8.9656836E-1,2.9995546E-1,1E0,1.0219605E-1,6.0621285E-1,1.4010238E-2,5.470543E-2,-5.1049E-2,-1.3594913E-2,-4.4120154E-3,7.0755E-1,1.0383606E-3,4.1437787E-3],"split_indices":[0,0,0,0,0,0,0,0,0,0,0,0,0],"split_type":[0,0,0,0,0,0,0,0,0,0,0,0,0],"sum_hessian":[9E0,7E0,2E0,2E0,5E0,1E0,1E0,1E0,1E0,2E0,3E0,1E0,2E0],"tree_param":{"num_deleted":"0","num_feature":"2","num_nodes":"13","size_leaf_vector":"1"}},{"base_weights":[8.958543E-3,-1.5200172E-1,4.3519974E-1,-4.094114E-1,2.0367305E-3,1.330967E-2,5.1970292E-2,-4.849655E-2,-1.2915159E-2,-4.117902E-3,3.393936E-2,9.864807E-4,3.8675945E-3],"categories":[],"categories_nodes":[],"categories_segments":[],"categories_sizes":[],"default_left":[0,0,0,0,0,0,0,0,0,0,0,0,0],"id":67,"left_children":[1,3,5,7,9,-1,-1,-1,-1,-1,11,-1,-1],"loss_changes":[7.5223005E-1,3.180418E-1,7.4152946E-3,8.90255E-4,9.669767E-3,0E0,0E0,0E0,0E0,0E0,7.4593816E-5,0E0,0E0],"parents":[2147483647,0,0,1,1,2,2,3,3,4,4,10,10],"right_children":[2,4,6,8,10,-1,-1,-1,-1,-1,12,-1,-1],"split_conditions":[8.9656836E-1,2.9995546E-1,1E0,1.0219605E-1,6.0621285E-1,1.330967E-2,5.1970292E-2,-4.849655E-2,-1.2915159E-2,-4.117902E-3,7.0755E-1,9.864807E-4,3.8675945E-3],"split_indices":[0,0,0,0,0,0,0,0,0,0,0,0,0],"split_type":[0,0,0,0,0,0,0,0,0,0,0,0,0],"sum_hessian":[9E0,7E0,2E0,2E0,5E0,1E0,1E0,1E0,1E0,2E0,3E0,1E0,2E0],"tree_param":{"num_deleted":"0","num_feature":"2","num_nodes":"13","size_leaf_vector":"1"}},{"base_weights":[8.522791E-3,-1.4438629E-1,4.1343942E-1,-3.8894084E-1,1.9553502E-3,1.2644196E-2,4.937172E-2,-4.6071723E-2,-1.2269402E-2,-3.8433712E-2,3.175831E-2,-4.656506E-3,-1.108551E-3,9.370804E-4,3.609721E-3],"categories":[],"categories_nodes":[],"categories_segments":[],"categories_sizes":[],"default_left":[0,0,0,0,0,0,0,0,0,0,0,0,0,0,0],"id":68,"left_children":[1,3,5,7,9,-1,-1,-1,-1,11,13,-1,-1,-1,-1],"loss_changes":[6.788493E-1,2.8706864E-1,6.6919923E-3,8.034706E-4,8.44287E-3,0E0,0E0,0E0,0E0,1.5093572E-4,5.028909E-5,0E0,0E0,0E0,0E0],"parents":[2147483647,0,0,1,1,2,2,3,3,4,4,9,9,10,10],"right_children":[2,4,6,8,10,-1,-1,-1,-1,12,14,-1,-1,-1,-1],"split_conditions":[8.9656836E-1,2.9995546E-1,1E0,1.0219605E-1,6.0621285E-1,1.2644196E-2,4.937172E-2,-4.6071723E-2,-1.2269402E-2,4.0518308E-1,7.0755E-1,-4.656506E-3,-1.108551E-3,9.370804E-4,3.609721E-3],"split_indices":[0,0,0,0,0,0,0,0,0,0,0,0,0,0,0],"split_type":[0,0,0,0,0,0,0,0,0,0,0,0,0,0,0],"sum_hessian":[9E0,7E0,2E0,2E0,5E0,1E0,1E0,1E0,1E0,2E0,3E0,1E0,1E0,1E0,2E0],"tree_param":{"num_deleted":"0","num_feature":"2","num_nodes":"15","size_leaf_vector":"1"}},{"base_weights":[7.916272E-3,-1.373925E-1,3.9276758E-1,-3.6949375E-1,1.5568733E-3,1.201191E-2,4.690323E-2,-4.3768138E-2,-1.1655927E-2,-3.651206E-2,2.9719353E-2,-4.4236663E-3,-1.0531426E-3,8.9015963E-4,3.3691407E-3],"categories":[],"categories_nodes":[],"categories_segments":[],"categories_sizes":[],"default_left":[0,0,0,0,0,0,0,0,0,0,0,0,0,0,0],"id":69,"left_children":[1,3,5,7,9,-1,-1,-1,-1,11,13,-1,-1,-1,-1],"loss_changes":[6.131861E-1,2.5857785E-1,6.040603E-3,7.251799E-4,7.5178077E-3,0E0,0E0,0E0,0E0,1.3619522E-4,3.0849827E-5,0E0,0E0,0E0,0E0],"parents":[2147483647,0,0,1,1,2,2,3,3,4,4,9,9,10,10],"right_children":[2,4,6,8,10,-1,-1,-1,-1,12,14,-1,-1,-1,-1],"split_conditions":[8.9656836E-1,2.9995546E-1,1E0,1.0219605E-1,6.0621285E-1,1.201191E-2,4.690323E-2,-4.3768138E-2,-1.1655927E-2,4.0518308E-1,7.0755E-1,-4.4236663E-3,-1.0531426E-3,8.9015963E-4,3.3691407E-3],"split_indices":[0,0,0,0,0,0,0,0,0,0,0,0,0,0,0],"split_type":[0,0,0,0,0,0,0,0,0,0,0,0,0,0,0],"sum_hessian":[9E0,7E0,2E0,2E0,5E0,1E0,1E0,1E0,1E0,2E0,3E0,1E0,1E0,1E0,2E0],"tree_param":{"num_deleted":"0","num_feature":"2","num_nodes":"15","size_leaf_vector":"1"}},{"base_weights":[7.3520066E-3,-1.3073309E-1,3.7312827E-1,-3.510191E-1,1.1987686E-3,1.1411286E-2,4.4557955E-2,-4.157973E-2,-1.1073137E-2,-3.4686405E-2,2.7812958E-2,-4.2024613E-3,-1.0004997E-3,8.457184E-4,3.144582E-3],"categories":[],"categories_nodes":[],"categories_segments":[],"categories_sizes":[],"default_left":[0,0,0,0,0,0,0,0,0,0,0,0,0,0,0],"id":70,"left_children":[1,3,5,7,9,-1,-1,-1,-1,11,13,-1,-1,-1,-1],"loss_changes":[5.538627E-1,2.3292273E-1,5.4516494E-3,6.543994E-4,6.6950605E-3,0E0,0E0,0E0,0E0,1.228957E-4,1.532468E-5,0E0,0E0,0E0,0E0],"parents":[2147483647,0,0,1,1,2,2,3,3,4,4,9,9,10,10],"right_children":[2,4,6,8,10,-1,-1,-1,-1,12,14,-1,-1,-1,-1],"split_conditions":[8.9656836E-1,2.9995546E-1,1E0,1.0219605E-1,6.0621285E-1,1.1411286E-2,4.4557955E-2,-4.157973E-2,-1.1073137E-2,4.0518308E-1,7.0755E-1,-4.2024613E-3,-1.0004997E-3,8.457184E-4,3.144582E-3],"split_indices":[0,0,0,0,0,0,0,0,0,0,0,0,0,0,0],"split_type":[0,0,0,0,0,0,0,0,0,0,0,0,0,0,0],"sum_hessian":[9E0,7E0,2E0,2E0,5E0,1E0,1E0,1E0,1E0,2E0,3E0,1E0,1E0,1E0,2E0],"tree_param":{"num_deleted":"0","num_feature":"2","num_nodes":"15","size_leaf_vector":"1"}},{"base_weights":[6.827819E-3,-1.2439264E-1,3.544731E-1,-3.3346817E-1,8.772214E-4,1.0840798E-2,4.2330172E-2,-3.9500743E-2,-1.0519481E-2,-3.295167E-2,2.6029587E-2,-3.992319E-3,-9.5043186E-4,8.0337527E-4,2.9350282E-3],"categories":[],"categories_nodes":[],"categories_segments":[],"categories_sizes":[],"default_left":[0,0,0,0,0,0,0,0,0,0,0,0,0,0,0],"id":71,"left_children":[1,3,5,7,9,-1,-1,-1,-1,11,13,-1,-1,-1,-1],"loss_changes":[5.002757E-1,2.098194E-1,4.919678E-3,5.905926E-4,5.9629786E-3,0E0,0E0,0E0,0E0,1.10948225E-4,3.2419339E-6,0E0,0E0,0E0,0E0],"parents":[2147483647,0,0,1,1,2,2,3,3,4,4,9,9,10,10],"right_children":[2,4,6,8,10,-1,-1,-1,-1,12,14,-1,-1,-1,-1],"split_conditions":[8.9656836E-1,2.9995546E-1,1E0,1.0219605E-1,6.0621285E-1,1.0840798E-2,4.2330172E-2,-3.9500743E-2,-1.0519481E-2,4.0518308E-1,7.0755E-1,-3.992319E-3,-9.5043186E-4,8.0337527E-4,2.9350282E-3],"split_indices":[0,0,0,0,0,0,0,0,0,0,0,0,0,0,0],"split_type":[0,0,0,0,0,0,0,0,0,0,0,0,0,0,0],"sum_hessian":[9E0,7E0,2E0,2E0,5E0,1E0,1E0,1E0,1E0,2E0,3E0,1E0,1E0,1E0,2E0],"tree_param":{"num_deleted":"0","num_feature":"2","num_nodes":"15","size_leaf_vector":"1"}},{"base_weights":[6.3399198E-3,-1.1835636E-1,3.3675003E-1,-3.1679475E-1,5.888939E-4,1.0298729E-2,4.0213775E-2,-3.752571E-2,-9.993506E-3,-3.130436E-2,2.436161E-2,-3.792715E-3,-9.0293883E-4,1.1412303E-3,3.1604767E-3],"categories":[],"categories_nodes":[],"categories_segments":[],"categories_sizes":[],"default_left":[0,0,0,0,0,0,0,0,0,0,0,0,0,0,0],"id":72,"left_children":[1,3,5,7,9,-1,-1,-1,-1,11,13,-1,-1,-1,-1],"loss_changes":[4.518656E-1,1.89013E-1,4.440576E-3,5.3301454E-4,5.3117606E-3,0E0,0E0,0E0,0E0,1.0010833E-4,1.4492311E-5,0E0,0E0,0E0,0E0],"parents":[2147483647,0,0,1,1,2,2,3,3,4,4,9,9,10,10],"right_children":[2,4,6,8,10,-1,-1,-1,-1,12,14,-1,-1,-1,-1],"split_conditions":[8.9656836E-1,2.9995546E-1,1E0,1.0219605E-1,6.0621285E-1,1.0298729E-2,4.0213775E-2,-3.752571E-2,-9.993506E-3,4.0518308E-1,8.068569E-1,-3.792715E-3,-9.0293883E-4,1.1412303E-3,3.1604767E-3],"split_indices":[0,0,0,0,0,0,0,0,0,0,0,0,0,0,0],"split_type":[0,0,0,0,0,0,0,0,0,0,0,0,0,0,0],"sum_hessian":[9E0,7E0,2E0,2E0,5E0,1E0,1E0,1E0,1E0,2E0,3E0,1E0,1E0,2E0,1E0],"tree_param":{"num_deleted":"0","num_feature":"2","num_nodes":"15","size_leaf_vector":"1"}},{"base_weights":[5.965942E-3,-1.12509556E-1,3.1991196E-1,-3.00955E-1,4.647573E-4,9.783745E-3,3.820305E-2,-3.5649423E-2,-9.493828E-3,-2.973938E-2,2.300167E-2,-3.603077E-3,-8.5783005E-4,1.0651906E-3,3.0025484E-3],"categories":[],"categories_nodes":[],"categories_segments":[],"categories_sizes":[],"default_left":[0,0,0,0,0,0,0,0,0,0,0,0,0,0,0],"id":73,"left_children":[1,3,5,7,9,-1,-1,-1,-1,11,13,-1,-1,-1,-1],"loss_changes":[4.0794227E-1,1.7045583E-1,4.0079355E-3,4.810691E-4,4.7683036E-3,0E0,0E0,0E0,0E0,9.031501E-5,2.7141068E-5,0E0,0E0,0E0,0E0],"parents":[2147483647,0,0,1,1,2,2,3,3,4,4,9,9,10,10],"right_children":[2,4,6,8,10,-1,-1,-1,-1,12,14,-1,-1,-1,-1],"split_conditions":[8.9656836E-1,2.9995546E-1,1E0,1.0219605E-1,6.0621285E-1,9.783745E-3,3.820305E-2,-3.5649423E-2,-9.493828E-3,4.0518308E-1,8.068569E-1,-3.603077E-3,-8.5783005E-4,1.0651906E-3,3.0025484E-3],"split_indices":[0,0,0,0,0,0,0,0,0,0,0,0,0,0,0],"split_type":[0,0,0,0,0,0,0,0,0,0,0,0,0,0,0],"sum_hessian":[9E0,7E0,2E0,2E0,5E0,1E0,1E0,1E0,1E0,2E0,3E0,1E0,1E0,2E0,1E0],"tree_param":{"num_deleted":"0","num_feature":"2","num_nodes":"15","size_leaf_vector":"1"}},{"base_weights":[5.614811E-3,-1.06950335E-1,3.0391693E-1,-2.8590724E-1,3.531774E-4,9.29451E-3,3.629303E-2,-3.3866953E-2,-9.019136E-3,-2.8252283E-2,2.1718979E-2,-3.4229278E-3,-8.149147E-4,9.942373E-4,2.8524399E-3],"categories":[],"categories_nodes":[],"categories_segments":[],"categories_sizes":[],"default_left":[0,0,0,0,0,0,0,0,0,0,0,0,0,0,0],"id":74,"left_children":[1,3,5,7,9,-1,-1,-1,-1,11,13,-1,-1,-1,-1],"loss_changes":[3.6828825E-1,1.5372261E-1,3.6178827E-3,4.3417513E-4,4.280682E-3,0E0,0E0,0E0,0E0,8.152961E-5,3.697886E-5,0E0,0E0,0E0,0E0],"parents":[2147483647,0,0,1,1,2,2,3,3,4,4,9,9,10,10],"right_children":[2,4,6,8,10,-1,-1,-1,-1,12,14,-1,-1,-1,-1],"split_conditions":[8.9656836E-1,2.9995546E-1,1E0,1.0219605E-1,6.0621285E-1,9.29451E-3,3.629303E-2,-3.3866953E-2,-9.019136E-3,4.0518308E-1,8.068569E-1,-3.4229278E-3,-8.149147E-4,9.942373E-4,2.8524399E-3],"split_indices":[0,0,0,0,0,0,0,0,0,0,0,0,0,0,0],"split_type":[0,0,0,0,0,0,0,0,0,0,0,0,0,0,0],"sum_hessian":[9E0,7E0,2E0,2E0,5E0,1E0,1E0,1E0,1E0,2E0,3E0,1E0,1E0,2E0,1E0],"tree_param":{"num_deleted":"0","num_feature":"2","num_nodes":"15","size_leaf_vector":"1"}},{"base_weights":[5.2841306E-3,-1.0166548E-1,2.887217E-1,-2.716118E-1,2.5192896E-4,8.82988E-3,3.4478378E-2,-3.2173604E-2,-8.568168E-3,-2.6839891E-2,2.0507812E-2,-3.251791E-3,-7.741928E-4,9.278615E-4,2.7097703E-3],"categories":[],"categories_nodes":[],"categories_segments":[],"categories_sizes":[],"default_left":[0,0,0,0,0,0,0,0,0,0,0,0,0,0,0],"id":75,"left_children":[1,3,5,7,9,-1,-1,-1,-1,11,13,-1,-1,-1,-1],"loss_changes":[3.3248845E-1,1.3863234E-1,3.2643676E-3,3.9193034E-4,3.84304E-3,0E0,0E0,0E0,0E0,7.356447E-5,4.456751E-5,0E0,0E0,0E0,0E0],"parents":[2147483647,0,0,1,1,2,2,3,3,4,4,9,9,10,10],"right_children":[2,4,6,8,10,-1,-1,-1,-1,12,14,-1,-1,-1,-1],"split_conditions":[8.9656836E-1,2.9995546E-1,1E0,1.0219605E-1,6.0621285E-1,8.82988E-3,3.4478378E-2,-3.2173604E-2,-8.568168E-3,4.0518308E-1,8.068569E-1,-3.251791E-3,-7.741928E-4,9.278615E-4,2.7097703E-3],"split_indices":[0,0,0,0,0,0,0,0,0,0,0,0,0,0,0],"split_type":[0,0,0,0,0,0,0,0,0,0,0,0,0,0,0],"sum_hessian":[9E0,7E0,2E0,2E0,5E0,1E0,1E0,1E0,1E0,2E0,3E0,1E0,1E0,2E0,1E0],"tree_param":{"num_deleted":"0","num_feature":"2","num_nodes":"15","size_leaf_vector":"1"}},{"base_weights":[4.9739005E-3,-9.663974E-2,2.7428564E-1,-2.5803116E-1,1.6260147E-4,8.388328E-3,3.2754518E-2,-3.0564923E-2,-8.139754E-3,-2.5497755E-2,1.9367218E-2,-3.0891895E-3,-7.3547364E-4,8.660634E-4,2.5743486E-3],"categories":[],"categories_nodes":[],"categories_segments":[],"categories_sizes":[],"default_left":[0,0,0,0,0,0,0,0,0,0,0,0,0,0,0],"id":76,"left_children":[1,3,5,7,9,-1,-1,-1,-1,11,13,-1,-1,-1,-1],"loss_changes":[3.0016434E-1,1.250265E-1,2.946645E-3,3.5375357E-4,3.4506044E-3,0E0,0E0,0E0,0E0,6.6396315E-5,5.011726E-5,0E0,0E0,0E0,0E0],"parents":[2147483647,0,0,1,1,2,2,3,3,4,4,9,9,10,10],"right_children":[2,4,6,8,10,-1,-1,-1,-1,12,14,-1,-1,-1,-1],"split_conditions":[8.9656836E-1,2.9995546E-1,1E0,1.0219605E-1,6.0621285E-1,8.388328E-3,3.2754518E-2,-3.0564923E-2,-8.139754E-3,4.0518308E-1,8.068569E-1,-3.0891895E-3,-7.3547364E-4,8.660634E-4,2.5743486E-3],"split_indices":[0,0,0,0,0,0,0,0,0,0,0,0,0,0,0],"split_type":[0,0,0,0,0,0,0,0,0,0,0,0,0,0,0],"sum_hessian":[9E0,7E0,2E0,2E0,5E0,1E0,1E0,1E0,1E0,2E0,3E0,1E0,1E0,2E0,1E0],"tree_param":{"num_deleted":"0","num_feature":"2","num_nodes":"15","size_leaf_vector":"1"}},{"base_weights":[4.6820403E-3,-9.1861874E-2,2.605718E-1,-2.4512966E-1,8.2333885E-5,7.968903E-3,3.1116867E-2,-2.9036677E-2,-7.7327727E-3,-2.4222692E-2,1.829052E-2,-2.934742E-3,-6.9866184E-4,8.083344E-4,2.4456026E-3],"categories":[],"categories_nodes":[],"categories_segments":[],"categories_sizes":[],"default_left":[0,0,0,0,0,0,0,0,0,0,0,0,0,0,0],"id":77,"left_children":[1,3,5,7,9,-1,-1,-1,-1,11,13,-1,-1,-1,-1],"loss_changes":[2.709826E-1,1.1275688E-1,2.6595742E-3,3.1921268E-4,3.0983482E-3,0E0,0E0,0E0,0E0,5.995133E-5,5.404302E-5,0E0,0E0,0E0,0E0],"parents":[2147483647,0,0,1,1,2,2,3,3,4,4,9,9,10,10],"right_children":[2,4,6,8,10,-1,-1,-1,-1,12,14,-1,-1,-1,-1],"split_conditions":[8.9656836E-1,2.9995546E-1,1E0,1.0219605E-1,6.0621285E-1,7.968903E-3,3.1116867E-2,-2.9036677E-2,-7.7327727E-3,4.0518308E-1,8.068569E-1,-2.934742E-3,-6.9866184E-4,8.083344E-4,2.4456026E-3],"split_indices":[0,0,0,0,0,0,0,0,0,0,0,0,0,0,0],"split_type":[0,0,0,0,0,0,0,0,0,0,0,0,0,0,0],"sum_hessian":[9E0,7E0,2E0,2E0,5E0,1E0,1E0,1E0,1E0,2E0,3E0,1E0,1E0,2E0,1E0],"tree_param":{"num_deleted":"0","num_feature":"2","num_nodes":"15","size_leaf_vector":"1"}},{"base_weights":[4.407066E-3,-8.731944E-2,2.4754207E-1,-2.3287314E-1,1.06493635E-5,7.5704576E-3,2.9560853E-2,-2.7584841E-2,-7.3461295E-3,-2.3011843E-2,1.7274857E-2,-2.7880191E-3,-6.637573E-4,7.5441995E-4,2.3233413E-3],"categories":[],"categories_nodes":[],"categories_segments":[],"categories_sizes":[],"default_left":[0,0,0,0,0,0,0,0,0,0,0,0,0,0,0],"id":78,"left_children":[1,3,5,7,9,-1,-1,-1,-1,11,13,-1,-1,-1,-1],"loss_changes":[2.4463448E-1,1.0169222E-1,2.3999363E-3,2.8811395E-4,2.7823166E-3,0E0,0E0,0E0,0E0,5.4090167E-5,5.664525E-5,0E0,0E0,0E0,0E0],"parents":[2147483647,0,0,1,1,2,2,3,3,4,4,9,9,10,10],"right_children":[2,4,6,8,10,-1,-1,-1,-1,12,14,-1,-1,-1,-1],"split_conditions":[8.9656836E-1,2.9995546E-1,1E0,1.0219605E-1,6.0621285E-1,7.5704576E-3,2.9560853E-2,-2.7584841E-2,-7.3461295E-3,4.0518308E-1,8.068569E-1,-2.7880191E-3,-6.637573E-4,7.5441995E-4,2.3233413E-3],"split_indices":[0,0,0,0,0,0,0,0,0,0,0,0,0,0,0],"split_type":[0,0,0,0,0,0,0,0,0,0,0,0,0,0,0],"sum_hessian":[9E0,7E0,2E0,2E0,5E0,1E0,1E0,1E0,1E0,2E0,3E0,1E0,1E0,2E0,1E0],"tree_param":{"num_deleted":"0","num_feature":"2","num_nodes":"15","size_leaf_vector":"1"}},{"base_weights":[4.1483166E-3,-8.300087E-2,2.3516338E-1,-2.2122948E-1,-5.308787E-5,7.191849E-3,2.8082658E-2,-2.62056E-2,-6.978822E-3,-2.1861395E-2,1.6316414E-2,-2.6486397E-3,-6.3056947E-4,7.0406595E-4,2.207184E-3],"categories":[],"categories_nodes":[],"categories_segments":[],"categories_sizes":[],"default_left":[0,0,0,0,0,0,0,0,0,0,0,0,0,0,0],"id":79,"left_children":[1,3,5,7,9,-1,-1,-1,-1,11,13,-1,-1,-1,-1],"loss_changes":[2.208465E-1,9.171431E-2,2.1662265E-3,2.6002526E-4,2.498646E-3,0E0,0E0,0E0,0E0,4.882028E-5,5.8143283E-5,0E0,0E0,0E0,0E0],"parents":[2147483647,0,0,1,1,2,2,3,3,4,4,9,9,10,10],"right_children":[2,4,6,8,10,-1,-1,-1,-1,12,14,-1,-1,-1,-1],"split_conditions":[8.9656836E-1,2.9995546E-1,1E0,1.0219605E-1,6.0621285E-1,7.191849E-3,2.8082658E-2,-2.62056E-2,-6.978822E-3,4.0518308E-1,8.068569E-1,-2.6486397E-3,-6.3056947E-4,7.0406595E-4,2.207184E-3],"split_indices":[0,0,0,0,0,0,0,0,0,0,0,0,0,0,0],"split_type":[0,0,0,0,0,0,0,0,0,0,0,0,0,0,0],"sum_hessian":[9E0,7E0,2E0,2E0,5E0,1E0,1E0,1E0,1E0,2E0,3E0,1E0,1E0,2E0,1E0],"tree_param":{"num_deleted":"0","num_feature":"2","num_nodes":"15","size_leaf_vector":"1"}},{"base_weights":[3.9052784E-3,-7.889535E-2,2.234052E-1,-2.1016794E-1,-1.0983149E-4,6.8323137E-3,2.6678467E-2,-2.489532E-2,-6.6298726E-3,-2.0768166E-2,1.5411377E-2,-2.516222E-3,-5.990029E-4,6.5701804E-4,2.0967484E-3],"categories":[],"categories_nodes":[],"categories_segments":[],"categories_sizes":[],"default_left":[0,0,0,0,0,0,0,0,0,0,0,0,0,0,0],"id":80,"left_children":[1,3,5,7,9,-1,-1,-1,-1,11,13,-1,-1,-1,-1],"loss_changes":[1.9937296E-1,8.271595E-2,1.9545555E-3,2.3473799E-4,2.24392E-3,0E0,0E0,0E0,0E0,4.408532E-5,5.8730366E-5,0E0,0E0,0E0,0E0],"parents":[2147483647,0,0,1,1,2,2,3,3,4,4,9,9,10,10],"right_children":[2,4,6,8,10,-1,-1,-1,-1,12,14,-1,-1,-1,-1],"split_conditions":[8.9656836E-1,2.9995546E-1,1E0,1.0219605E-1,6.0621285E-1,6.8323137E-3,2.6678467E-2,-2.489532E-2,-6.6298726E-3,4.0518308E-1,8.068569E-1,-2.516222E-3,-5.990029E-4,6.5701804E-4,2.0967484E-3],"split_indices":[0,0,0,0,0,0,0,0,0,0,0,0,0,0,0],"split_type":[0,0,0,0,0,0,0,0,0,0,0,0,0,0,0],"sum_hessian":[9E0,7E0,2E0,2E0,5E0,1E0,1E0,1E0,1E0,2E0,3E0,1E0,1E0,2E0,1E0],"tree_param":{"num_deleted":"0","num_feature":"2","num_nodes":"15","size_leaf_vector":"1"}},{"base_weights":[3.6770285E-3,-7.499165E-2,2.122345E-1,-1.9965953E-1,-1.5910466E-4,6.4907074E-3,2.5344467E-2,-2.3650555E-2,-6.2983753E-3,-1.9729933E-2,1.4558792E-2,-2.3904324E-3,-5.690575E-4,6.1327615E-4,1.9918443E-3],"categories":[],"categories_nodes":[],"categories_segments":[],"categories_sizes":[],"default_left":[0,0,0,0,0,0,0,0,0,0,0,0,0,0,0],"id":81,"left_children":[1,3,5,7,9,-1,-1,-1,-1,11,13,-1,-1,-1,-1],"loss_changes":[1.7998524E-1,7.460195E-2,1.7638206E-3,2.1186471E-4,2.0154924E-3,0E0,0E0,0E0,0E0,3.978808E-5,5.8487232E-5,0E0,0E0,0E0,0E0],"parents":[2147483647,0,0,1,1,2,2,3,3,4,4,9,9,10,10],"right_children":[2,4,6,8,10,-1,-1,-1,-1,12,14,-1,-1,-1,-1],"split_conditions":[8.9656836E-1,2.9995546E-1,1E0,1.0219605E-1,6.0621285E-1,6.4907074E-3,2.5344467E-2,-2.3650555E-2,-6.2983753E-3,4.0518308E-1,8.068569E-1,-2.3904324E-3,-5.690575E-4,6.1327615E-4,1.9918443E-3],"split_indices":[0,0,0,0,0,0,0,0,0,0,0,0,0,0,0],"split_type":[0,0,0,0,0,0,0,0,0,0,0,0,0,0,0],"sum_hessian":[9E0,7E0,2E0,2E0,5E0,1E0,1E0,1E0,1E0,2E0,3E0,1E0,1E0,2E0,1E0],"tree_param":{"num_deleted":"0","num_feature":"2","num_nodes":"15","size_leaf_vector":"1"}},{"base_weights":[3.4621567E-3,-7.1280554E-2,2.0162201E-1,-1.896765E-1,-2.0249684E-4,6.1660768E-3,2.4077225E-2,-2.2468027E-2,-5.983448E-3,-1.8743515E-2,1.3753891E-2,-2.2708892E-3,-5.40638E-4,5.723318E-4,1.8922806E-3],"categories":[],"categories_nodes":[],"categories_segments":[],"categories_sizes":[],"default_left":[0,0,0,0,0,0,0,0,0,0,0,0,0,0,0],"id":82,"left_children":[1,3,5,7,9,-1,-1,-1,-1,11,13,-1,-1,-1,-1],"loss_changes":[1.6248178E-1,6.728442E-2,1.592353E-3,1.9124895E-4,1.8103902E-3,0E0,0E0,0E0,0E0,3.588735E-5,5.773618E-5,0E0,0E0,0E0,0E0],"parents":[2147483647,0,0,1,1,2,2,3,3,4,4,9,9,10,10],"right_children":[2,4,6,8,10,-1,-1,-1,-1,12,14,-1,-1,-1,-1],"split_conditions":[8.9656836E-1,2.9995546E-1,1E0,1.0219605E-1,6.0621285E-1,6.1660768E-3,2.4077225E-2,-2.2468027E-2,-5.983448E-3,4.0518308E-1,8.068569E-1,-2.2708892E-3,-5.40638E-4,5.723318E-4,1.8922806E-3],"split_indices":[0,0,0,0,0,0,0,0,0,0,0,0,0,0,0],"split_type":[0,0,0,0,0,0,0,0,0,0,0,0,0,0,0],"sum_hessian":[9E0,7E0,2E0,2E0,5E0,1E0,1E0,1E0,1E0,2E0,3E0,1E0,1E0,2E0,1E0],"tree_param":{"num_deleted":"0","num_feature":"2","num_nodes":"15","size_leaf_vector":"1"}},{"base_weights":[3.2604008E-3,-6.775239E-2,1.9154103E-1,-1.801927E-1,-2.4016698E-4,5.857849E-3,2.2873307E-2,-2.1344624E-2,-5.6842803E-3,-1.7806688E-2,1.2994766E-2,-2.1573545E-3,-5.13649E-4,5.341848E-4,1.7976761E-3],"categories":[],"categories_nodes":[],"categories_segments":[],"categories_sizes":[],"default_left":[0,0,0,0,0,0,0,0,0,0,0,0,0,0,0],"id":83,"left_children":[1,3,5,7,9,-1,-1,-1,-1,11,13,-1,-1,-1,-1],"loss_changes":[1.4668068E-1,6.0685482E-2,1.436606E-3,1.725778E-4,1.6263442E-3,0E0,0E0,0E0,0E0,3.2368116E-5,5.647808E-5,0E0,0E0,0E0,0E0],"parents":[2147483647,0,0,1,1,2,2,3,3,4,4,9,9,10,10],"right_children":[2,4,6,8,10,-1,-1,-1,-1,12,14,-1,-1,-1,-1],"split_conditions":[8.9656836E-1,2.9995546E-1,1E0,1.0219605E-1,6.0621285E-1,5.857849E-3,2.2873307E-2,-2.1344624E-2,-5.6842803E-3,4.0518308E-1,8.068569E-1,-2.1573545E-3,-5.13649E-4,5.341848E-4,1.7976761E-3],"split_indices":[0,0,0,0,0,0,0,0,0,0,0,0,0,0,0],"split_type":[0,0,0,0,0,0,0,0,0,0,0,0,0,0,0],"sum_hessian":[9E0,7E0,2E0,2E0,5E0,1E0,1E0,1E0,1E0,2E0,3E0,1E0,1E0,2E0,1E0],"tree_param":{"num_deleted":"0","num_feature":"2","num_nodes":"15","size_leaf_vector":"1"}},{"base_weights":[3.0706166E-3,-6.439808E-2,1.8196361E-1,-1.7118303E-1,-2.7259192E-4,5.5648806E-3,2.1729661E-2,-2.0277394E-2,-5.4000616E-3,-1.6916594E-2,1.2278557E-2,-2.0494938E-3,-4.8799516E-4,4.985809E-4,1.70784E-3],"categories":[],"categories_nodes":[],"categories_segments":[],"categories_sizes":[],"default_left":[0,0,0,0,0,0,0,0,0,0,0,0,0,0,0],"id":84,"left_children":[1,3,5,7,9,-1,-1,-1,-1,11,13,-1,-1,-1,-1],"loss_changes":[1.3241489E-1,5.4734435E-2,1.2969375E-3,1.5577674E-4,1.4611194E-3,0E0,0E0,0E0,0E0,2.9199466E-5,5.4866483E-5,0E0,0E0,0E0,0E0],"parents":[2147483647,0,0,1,1,2,2,3,3,4,4,9,9,10,10],"right_children":[2,4,6,8,10,-1,-1,-1,-1,12,14,-1,-1,-1,-1],"split_conditions":[8.9656836E-1,2.9995546E-1,1E0,1.0219605E-1,6.0621285E-1,5.5648806E-3,2.1729661E-2,-2.0277394E-2,-5.4000616E-3,4.0518308E-1,8.068569E-1,-2.0494938E-3,-4.8799516E-4,4.985809E-4,1.70784E-3],"split_indices":[0,0,0,0,0,0,0,0,0,0,0,0,0,0,0],"split_type":[0,0,0,0,0,0,0,0,0,0,0,0,0,0,0],"sum_hessian":[9E0,7E0,2E0,2E0,5E0,1E0,1E0,1E0,1E0,2E0,3E0,1E0,1E0,2E0,1E0],"tree_param":{"num_deleted":"0","num_feature":"2","num_nodes":"15","size_leaf_vector":"1"}},{"base_weights":[2.8918863E-3,-6.1209723E-2,1.7286555E-1,-1.6262384E-1,-3.0104318E-4,5.286598E-3,2.0643234E-2,-1.9263525E-2,-5.1300526E-3,-1.6070684E-2,1.1601448E-2,-1.9470215E-3,-4.635811E-4,4.652659E-4,1.6223908E-3],"categories":[],"categories_nodes":[],"categories_segments":[],"categories_sizes":[],"default_left":[0,0,0,0,0,0,0,0,0,0,0,0,0,0,0],"id":85,"left_children":[1,3,5,7,9,-1,-1,-1,-1,11,13,-1,-1,-1,-1],"loss_changes":[1.195369E-1,4.9367044E-2,1.1707544E-3,1.4061481E-4,1.3126313E-3,0E0,0E0,0E0,0E0,2.6359397E-5,5.299761E-5,0E0,0E0,0E0,0E0],"parents":[2147483647,0,0,1,1,2,2,3,3,4,4,9,9,10,10],"right_children":[2,4,6,8,10,-1,-1,-1,-1,12,14,-1,-1,-1,-1],"split_conditions":[8.9656836E-1,2.9995546E-1,1E0,1.0219605E-1,6.0621285E-1,5.286598E-3,2.0643234E-2,-1.9263525E-2,-5.1300526E-3,4.0518308E-1,8.068569E-1,-1.9470215E-3,-4.635811E-4,4.652659E-4,1.6223908E-3],"split_indices":[0,0,0,0,0,0,0,0,0,0,0,0,0,0,0],"split_type":[0,0,0,0,0,0,0,0,0,0,0,0,0,0,0],"sum_hessian":[9E0,7E0,2E0,2E0,5E0,1E0,1E0,1E0,1E0,2E0,3E0,1E0,1E0,2E0,1E0],"tree_param":{"num_deleted":"0","num_feature":"2","num_nodes":"15","size_leaf_vector":"1"}},{"base_weights":[2.7239234E-3,-5.8178138E-2,1.6422145E-1,-1.5449257E-1,-3.2456717E-4,5.02224E-3,1.9610977E-2,-1.8300347E-2,-4.873538E-3,-1.5267055E-2,1.096344E-2,-1.8496513E-3,-4.4040682E-4,4.3423972E-4,1.5413285E-3],"categories":[],"categories_nodes":[],"categories_segments":[],"categories_sizes":[],"default_left":[0,0,0,0,0,0,0,0,0,0,0,0,0,0,0],"id":86,"left_children":[1,3,5,7,9,-1,-1,-1,-1,11,13,-1,-1,-1,-1],"loss_changes":[1.0790942E-1,4.4526923E-2,1.056619E-3,1.269579E-4,1.1794049E-3,0E0,0E0,0E0,0E0,2.3784756E-5,5.091983E-5,0E0,0E0,0E0,0E0],"parents":[2147483647,0,0,1,1,2,2,3,3,4,4,9,9,10,10],"right_children":[2,4,6,8,10,-1,-1,-1,-1,12,14,-1,-1,-1,-1],"split_conditions":[8.9656836E-1,2.9995546E-1,1E0,1.0219605E-1,6.0621285E-1,5.02224E-3,1.9610977E-2,-1.8300347E-2,-4.873538E-3,4.0518308E-1,8.068569E-1,-1.8496513E-3,-4.4040682E-4,4.3423972E-4,1.5413285E-3],"split_indices":[0,0,0,0,0,0,0,0,0,0,0,0,0,0,0],"split_type":[0,0,0,0,0,0,0,0,0,0,0,0,0,0,0],"sum_hessian":[9E0,7E0,2E0,2E0,5E0,1E0,1E0,1E0,1E0,2E0,3E0,1E0,1E0,2E0,1E0],"tree_param":{"num_deleted":"0","num_feature":"2","num_nodes":"15","size_leaf_vector":"1"}},{"base_weights":[2.5661676E-3,-5.5296395E-2,1.5601094E-1,-1.4676787E-1,-3.4459433E-4,4.771042E-3,1.86306E-2,-1.738533E-2,-4.6298504E-3,-1.4503479E-2,1.0360718E-2,-1.7571449E-3,-4.1837693E-4,4.0524802E-4,1.4642716E-3],"categories":[],"categories_nodes":[],"categories_segments":[],"categories_sizes":[],"default_left":[0,0,0,0,0,0,0,0,0,0,0,0,0,0,0],"id":87,"left_children":[1,3,5,7,9,-1,-1,-1,-1,11,13,-1,-1,-1,-1],"loss_changes":[9.741392E-2,4.0161602E-2,9.541735E-4,1.1461973E-4,1.0597182E-3,0E0,0E0,0E0,0E0,2.146681E-5,4.8708112E-5,0E0,0E0,0E0,0E0],"parents":[2147483647,0,0,1,1,2,2,3,3,4,4,9,9,10,10],"right_children":[2,4,6,8,10,-1,-1,-1,-1,12,14,-1,-1,-1,-1],"split_conditions":[8.9656836E-1,2.9995546E-1,1E0,1.0219605E-1,6.0621285E-1,4.771042E-3,1.86306E-2,-1.738533E-2,-4.6298504E-3,4.0518308E-1,8.068569E-1,-1.7571449E-3,-4.1837693E-4,4.0524802E-4,1.4642716E-3],"split_indices":[0,0,0,0,0,0,0,0,0,0,0,0,0,0,0],"split_type":[0,0,0,0,0,0,0,0,0,0,0,0,0,0,0],"sum_hessian":[9E0,7E0,2E0,2E0,5E0,1E0,1E0,1E0,1E0,2E0,3E0,1E0,1E0,2E0,1E0],"tree_param":{"num_deleted":"0","num_feature":"2","num_nodes":"15","size_leaf_vector":"1"}},{"base_weights":[2.4174273E-3,-5.2556925E-2,1.4820988E-1,-1.3942955E-1,-3.6112466E-4,4.5324326E-3,1.7699052E-2,-1.6516063E-2,-4.3983697E-3,-1.37786865E-2,9.792328E-3,-1.6693115E-3,-3.9749147E-4,3.7829083E-4,1.3910293E-3],"categories":[],"categories_nodes":[],"categories_segments":[],"categories_sizes":[],"default_left":[0,0,0,0,0,0,0,0,0,0,0,0,0,0,0],"id":88,"left_children":[1,3,5,7,9,-1,-1,-1,-1,11,13,-1,-1,-1,-1],"loss_changes":[8.7937914E-2,3.6224738E-2,8.613542E-4,1.0339543E-4,9.5233286E-4,0E0,0E0,0E0,0E0,1.9363477E-5,4.6364963E-5,0E0,0E0,0E0,0E0],"parents":[2147483647,0,0,1,1,2,2,3,3,4,4,9,9,10,10],"right_children":[2,4,6,8,10,-1,-1,-1,-1,12,14,-1,-1,-1,-1],"split_conditions":[8.9656836E-1,2.9995546E-1,1E0,1.0219605E-1,6.0621285E-1,4.5324326E-3,1.7699052E-2,-1.6516063E-2,-4.3983697E-3,4.0518308E-1,8.068569E-1,-1.6693115E-3,-3.9749147E-4,3.7829083E-4,1.3910293E-3],"split_indices":[0,0,0,0,0,0,0,0,0,0,0,0,0,0,0],"split_type":[0,0,0,0,0,0,0,0,0,0,0,0,0,0,0],"sum_hessian":[9E0,7E0,2E0,2E0,5E0,1E0,1E0,1E0,1E0,2E0,3E0,1E0,1E0,2E0,1E0],"tree_param":{"num_deleted":"0","num_feature":"2","num_nodes":"15","size_leaf_vector":"1"}},{"base_weights":[2.2774606E-3,-4.9952876E-2,1.4079921E-1,-1.3245808E-1,-3.74794E-4,4.3058395E-3,1.6814042E-2,-1.569026E-2,-4.178453E-3,-1.3090134E-2,9.255409E-3,-1.585865E-3,-3.7765503E-4,3.5311384E-4,1.3214111E-3],"categories":[],"categories_nodes":[],"categories_segments":[],"categories_sizes":[],"default_left":[0,0,0,0,0,0,0,0,0,0,0,0,0,0,0],"id":89,"left_children":[1,3,5,7,9,-1,-1,-1,-1,11,13,-1,-1,-1,-1],"loss_changes":[7.938369E-2,3.2673955E-2,7.7719986E-4,9.331107E-5,8.5586234E-4,0E0,0E0,0E0,0E0,1.7463462E-5,4.3981883E-5,0E0,0E0,0E0,0E0],"parents":[2147483647,0,0,1,1,2,2,3,3,4,4,9,9,10,10],"right_children":[2,4,6,8,10,-1,-1,-1,-1,12,14,-1,-1,-1,-1],"split_conditions":[8.9656836E-1,2.9995546E-1,1E0,1.0219605E-1,6.0621285E-1,4.3058395E-3,1.6814042E-2,-1.569026E-2,-4.178453E-3,4.0518308E-1,8.068569E-1,-1.585865E-3,-3.7765503E-4,3.5311384E-4,1.3214111E-3],"split_indices":[0,0,0,0,0,0,0,0,0,0,0,0,0,0,0],"split_type":[0,0,0,0,0,0,0,0,0,0,0,0,0,0,0],"sum_hessian":[9E0,7E0,2E0,2E0,5E0,1E0,1E0,1E0,1E0,2E0,3E0,1E0,1E0,2E0,1E0],"tree_param":{"num_deleted":"0","num_feature":"2","num_nodes":"15","size_leaf_vector":"1"}},{"base_weights":[2.1455616E-3,-4.7477502E-2,1.3375854E-1,-1.2583515E-1,-3.8576126E-4,4.0905E-3,1.5973283E-2,-1.4905746E-2,-3.9695264E-3,-1.24355955E-2,8.7480545E-3,-1.506567E-3,-3.587723E-4,3.294627E-4,1.2554169E-3],"categories":[],"categories_nodes":[],"categories_segments":[],"categories_sizes":[],"default_left":[0,0,0,0,0,0,0,0,0,0,0,0,0,0,0],"id":90,"left_children":[1,3,5,7,9,-1,-1,-1,-1,11,13,-1,-1,-1,-1],"loss_changes":[7.166091E-2,2.9471444E-2,7.015392E-4,8.422509E-5,7.6915306E-4,0E0,0E0,0E0,0E0,1.5760248E-5,4.166417E-5,0E0,0E0,0E0,0E0],"parents":[2147483647,0,0,1,1,2,2,3,3,4,4,9,9,10,10],"right_children":[2,4,6,8,10,-1,-1,-1,-1,12,14,-1,-1,-1,-1],"split_conditions":[8.9656836E-1,2.9995546E-1,1E0,1.0219605E-1,6.0621285E-1,4.0905E-3,1.5973283E-2,-1.4905746E-2,-3.9695264E-3,4.0518308E-1,8.068569E-1,-1.506567E-3,-3.587723E-4,3.294627E-4,1.2554169E-3],"split_indices":[0,0,0,0,0,0,0,0,0,0,0,0,0,0,0],"split_type":[0,0,0,0,0,0,0,0,0,0,0,0,0,0,0],"sum_hessian":[9E0,7E0,2E0,2E0,5E0,1E0,1E0,1E0,1E0,2E0,3E0,1E0,1E0,2E0,1E0],"tree_param":{"num_deleted":"0","num_feature":"2","num_nodes":"15","size_leaf_vector":"1"}},{"base_weights":[2.0219951E-3,-4.5123797E-2,1.2707011E-1,-1.19543344E-1,-3.9339066E-4,3.8860322E-3,1.5174485E-2,-1.4160459E-2,-3.771043E-3,-1.18138E-2,8.270264E-3,-1.4312267E-3,-3.408432E-4,3.0759175E-4,1.1926651E-3],"categories":[],"categories_nodes":[],"categories_segments":[],"categories_sizes":[],"default_left":[0,0,0,0,0,0,0,0,0,0,0,0,0,0,0],"id":91,"left_children":[1,3,5,7,9,-1,-1,-1,-1,11,13,-1,-1,-1,-1],"loss_changes":[6.468881E-2,2.6583504E-2,6.328076E-4,7.60369E-5,6.913581E-4,0E0,0E0,0E0,0E0,1.4219229E-5,3.9284758E-5,0E0,0E0,0E0,0E0],"parents":[2147483647,0,0,1,1,2,2,3,3,4,4,9,9,10,10],"right_children":[2,4,6,8,10,-1,-1,-1,-1,12,14,-1,-1,-1,-1],"split_conditions":[8.9656836E-1,2.9995546E-1,1E0,1.0219605E-1,6.0621285E-1,3.8860322E-3,1.5174485E-2,-1.4160459E-2,-3.771043E-3,4.0518308E-1,8.068569E-1,-1.4312267E-3,-3.408432E-4,3.0759175E-4,1.1926651E-3],"split_indices":[0,0,0,0,0,0,0,0,0,0,0,0,0,0,0],"split_type":[0,0,0,0,0,0,0,0,0,0,0,0,0,0,0],"sum_hessian":[9E0,7E0,2E0,2E0,5E0,1E0,1E0,1E0,1E0,2E0,3E0,1E0,1E0,2E0,1E0],"tree_param":{"num_deleted":"0","num_feature":"2","num_nodes":"15","size_leaf_vector":"1"}},{"base_weights":[1.9050092E-3,-4.2887274E-2,1.20716095E-1,-1.1356625E-1,-3.9990744E-4,3.6916733E-3,1.4415741E-2,-1.3452436E-2,-3.5825016E-3,-1.1222839E-2,7.817268E-3,-1.3596535E-3,-3.2377243E-4,2.8699238E-4,1.1329651E-3],"categories":[],"categories_nodes":[],"categories_segments":[],"categories_sizes":[],"default_left":[0,0,0,0,0,0,0,0,0,0,0,0,0,0,0],"id":92,"left_children":[1,3,5,7,9,-1,-1,-1,-1,11,13,-1,-1,-1,-1],"loss_changes":[5.8395382E-2,2.3978293E-2,5.712807E-4,6.8590045E-5,6.213355E-4,0E0,0E0,0E0,0E0,1.2840901E-5,3.6992627E-5,0E0,0E0,0E0,0E0],"parents":[2147483647,0,0,1,1,2,2,3,3,4,4,9,9,10,10],"right_children":[2,4,6,8,10,-1,-1,-1,-1,12,14,-1,-1,-1,-1],"split_conditions":[8.9656836E-1,2.9995546E-1,1E0,1.0219605E-1,6.0621285E-1,3.6916733E-3,1.4415741E-2,-1.3452436E-2,-3.5825016E-3,4.0518308E-1,8.068569E-1,-1.3596535E-3,-3.2377243E-4,2.8699238E-4,1.1329651E-3],"split_indices":[0,0,0,0,0,0,0,0,0,0,0,0,0,0,0],"split_type":[0,0,0,0,0,0,0,0,0,0,0,0,0,0,0],"sum_hessian":[9E0,7E0,2E0,2E0,5E0,1E0,1E0,1E0,1E0,2E0,3E0,1E0,1E0,2E0,1E0],"tree_param":{"num_deleted":"0","num_feature":"2","num_nodes":"15","size_leaf_vector":"1"}},{"base_weights":[1.7959476E-3,-4.0760532E-2,1.14681244E-1,-1.07887946E-1,-4.0340424E-4,3.507042E-3,1.3695145E-2,-1.2779814E-2,-3.4033775E-3,-1.0661443E-2,7.390976E-3,-1.2916565E-3,-3.0755997E-4,2.679189E-4,1.0763168E-3],"categories":[],"categories_nodes":[],"categories_segments":[],"categories_sizes":[],"default_left":[0,0,0,0,0,0,0,0,0,0,0,0,0,0,0],"id":93,"left_children":[1,3,5,7,9,-1,-1,-1,-1,11,13,-1,-1,-1,-1],"loss_changes":[5.271448E-2,2.1629035E-2,5.1590055E-4,6.18957E-5,5.5852876E-4,0E0,0E0,0E0,0E0,1.15948205E-5,3.4719633E-5,0E0,0E0,0E0,0E0],"parents":[2147483647,0,0,1,1,2,2,3,3,4,4,9,9,10,10],"right_children":[2,4,6,8,10,-1,-1,-1,-1,12,14,-1,-1,-1,-1],"split_conditions":[8.9656836E-1,2.9995546E-1,1E0,1.0219605E-1,6.0621285E-1,3.507042E-3,1.3695145E-2,-1.2779814E-2,-3.4033775E-3,4.0518308E-1,8.068569E-1,-1.2916565E-3,-3.0755997E-4,2.679189E-4,1.0763168E-3],"split_indices":[0,0,0,0,0,0,0,0,0,0,0,0,0,0,0],"split_type":[0,0,0,0,0,0,0,0,0,0,0,0,0,0,0],"sum_hessian":[9E0,7E0,2E0,2E0,5E0,1E0,1E0,1E0,1E0,2E0,3E0,1E0,1E0,2E0,1E0],"tree_param":{"num_deleted":"0","num_feature":"2","num_nodes":"15","size_leaf_vector":"1"}},{"base_weights":[1.6930565E-3,-3.8739085E-2,1.08947754E-1,-1.0249361E-1,-4.0531158E-4,3.3317567E-3,1.3010407E-2,-1.21408235E-2,-3.2332183E-3,-1.0128657E-2,6.9885254E-3,-1.2270928E-3,-2.922058E-4,9.479523E-5,8.6860656E-4],"categories":[],"categories_nodes":[],"categories_segments":[],"categories_sizes":[],"default_left":[0,0,0,0,0,0,0,0,0,0,0,0,0,0,0],"id":94,"left_children":[1,3,5,7,9,-1,-1,-1,-1,11,13,-1,-1,-1,-1],"loss_changes":[4.758591E-2,1.9510072E-2,4.6541542E-4,5.5838376E-5,5.021413E-4,0E0,0E0,0E0,0E0,1.0459102E-5,3.2782496E-5,0E0,0E0,0E0,0E0],"parents":[2147483647,0,0,1,1,2,2,3,3,4,4,9,9,10,10],"right_children":[2,4,6,8,10,-1,-1,-1,-1,12,14,-1,-1,-1,-1],"split_conditions":[8.9656836E-1,2.9995546E-1,1E0,1.0219605E-1,6.0621285E-1,3.3317567E-3,1.3010407E-2,-1.21408235E-2,-3.2332183E-3,4.0518308E-1,7.0755E-1,-1.2270928E-3,-2.922058E-4,9.479523E-5,8.6860656E-4],"split_indices":[0,0,0,0,0,0,0,0,0,0,0,0,0,0,0],"split_type":[0,0,0,0,0,0,0,0,0,0,0,0,0,0,0],"sum_hessian":[9E0,7E0,2E0,2E0,5E0,1E0,1E0,1E0,1E0,2E0,3E0,1E0,1E0,1E0,2E0],"tree_param":{"num_deleted":"0","num_feature":"2","num_nodes":"15","size_leaf_vector":"1"}},{"base_weights":[1.5650808E-3,-3.6856763E-2,1.0350164E-1,-9.736886E-2,-4.579226E-4,3.165245E-3,1.2360001E-2,-1.1533782E-2,-3.0715466E-3,-9.622256E-3,6.529808E-3,-1.1657238E-3,-2.776146E-4,2.1794636E-4,9.79042E-4],"categories":[],"categories_nodes":[],"categories_segments":[],"categories_sizes":[],"default_left":[0,0,0,0,0,0,0,0,0,0,0,0,0,0,0],"id":95,"left_children":[1,3,5,7,9,-1,-1,-1,-1,11,13,-1,-1,-1,-1],"loss_changes":[4.298064E-2,1.7575972E-2,4.19911E-4,5.0421804E-5,4.4705885E-4,0E0,0E0,0E0,0E0,9.43293E-6,3.5401274E-5,0E0,0E0,0E0,0E0],"parents":[2147483647,0,0,1,1,2,2,3,3,4,4,9,9,10,10],"right_children":[2,4,6,8,10,-1,-1,-1,-1,12,14,-1,-1,-1,-1],"split_conditions":[8.9656836E-1,2.9995546E-1,1E0,1.0219605E-1,6.0621285E-1,3.165245E-3,1.2360001E-2,-1.1533782E-2,-3.0715466E-3,4.0518308E-1,8.068569E-1,-1.1657238E-3,-2.776146E-4,2.1794636E-4,9.79042E-4],"split_indices":[0,0,0,0,0,0,0,0,0,0,0,0,0,0,0],"split_type":[0,0,0,0,0,0,0,0,0,0,0,0,0,0,0],"sum_hessian":[9E0,7E0,2E0,2E0,5E0,1E0,1E0,1E0,1E0,2E0,3E0,1E0,1E0,2E0,1E0],"tree_param":{"num_deleted":"0","num_feature":"2","num_nodes":"15","size_leaf_vector":"1"}},{"base_weights":[1.4758691E-3,-3.502755E-2,9.832636E-2,-9.250049E-2,-4.5315424E-4,3.0069351E-3,1.174202E-2,-1.0957093E-2,-2.9179812E-3,-9.140968E-3,6.175995E-3,-1.1074543E-3,-2.6369095E-4,2.0345052E-4,9.300232E-4],"categories":[],"categories_nodes":[],"categories_segments":[],"categories_sizes":[],"default_left":[0,0,0,0,0,0,0,0,0,0,0,0,0,0,0],"id":96,"left_children":[1,3,5,7,9,-1,-1,-1,-1,11,13,-1,-1,-1,-1],"loss_changes":[3.8797874E-2,1.585482E-2,3.7911534E-4,4.547648E-5,4.0201147E-4,0E0,0E0,0E0,0E0,8.525705E-6,3.2834607E-5,0E0,0E0,0E0,0E0],"parents":[2147483647,0,0,1,1,2,2,3,3,4,4,9,9,10,10],"right_children":[2,4,6,8,10,-1,-1,-1,-1,12,14,-1,-1,-1,-1],"split_conditions":[8.9656836E-1,2.9995546E-1,1E0,1.0219605E-1,6.0621285E-1,3.0069351E-3,1.174202E-2,-1.0957093E-2,-2.9179812E-3,4.0518308E-1,8.068569E-1,-1.1074543E-3,-2.6369095E-4,2.0345052E-4,9.300232E-4],"split_indices":[0,0,0,0,0,0,0,0,0,0,0,0,0,0,0],"split_type":[0,0,0,0,0,0,0,0,0,0,0,0,0,0,0],"sum_hessian":[9E0,7E0,2E0,2E0,5E0,1E0,1E0,1E0,1E0,2E0,3E0,1E0,1E0,2E0,1E0],"tree_param":{"num_deleted":"0","num_feature":"2","num_nodes":"15","size_leaf_vector":"1"}},{"base_weights":[1.3921217E-3,-3.3288784E-2,9.341049E-2,-8.787554E-2,-4.4727325E-4,2.8566362E-3,1.1154938E-2,-1.0409239E-2,-2.7720928E-3,-8.684158E-3,5.842209E-3,-1.0520936E-3,-2.5053025E-4,1.8997192E-4,8.834839E-4],"categories":[],"categories_nodes":[],"categories_segments":[],"categories_sizes":[],"default_left":[0,0,0,0,0,0,0,0,0,0,0,0,0,0,0],"id":97,"left_children":[1,3,5,7,9,-1,-1,-1,-1,11,13,-1,-1,-1,-1],"loss_changes":[3.5022326E-2,1.4302386E-2,3.4204312E-4,4.101731E-5,3.615691E-4,0E0,0E0,0E0,0E0,7.689407E-6,3.0409938E-5,0E0,0E0,0E0,0E0],"parents":[2147483647,0,0,1,1,2,2,3,3,4,4,9,9,10,10],"right_children":[2,4,6,8,10,-1,-1,-1,-1,12,14,-1,-1,-1,-1],"split_conditions":[8.9656836E-1,2.9995546E-1,1E0,1.0219605E-1,6.0621285E-1,2.8566362E-3,1.1154938E-2,-1.0409239E-2,-2.7720928E-3,4.0518308E-1,8.068569E-1,-1.0520936E-3,-2.5053025E-4,1.8997192E-4,8.834839E-4],"split_indices":[0,0,0,0,0,0,0,0,0,0,0,0,0,0,0],"split_type":[0,0,0,0,0,0,0,0,0,0,0,0,0,0,0],"sum_hessian":[9E0,7E0,2E0,2E0,5E0,1E0,1E0,1E0,1E0,2E0,3E0,1E0,1E0,2E0,1E0],"tree_param":{"num_deleted":"0","num_feature":"2","num_nodes":"15","size_leaf_vector":"1"}},{"base_weights":[1.3126209E-3,-3.1636737E-2,8.874003E-2,-8.348184E-2,-4.4139227E-4,2.7137757E-3,1.0597229E-2,-9.888777E-3,-2.6335001E-3,-8.2502365E-3,5.525589E-3,-9.994984E-4,-2.3803712E-4,1.7725627E-4,8.392334E-4],"categories":[],"categories_nodes":[],"categories_segments":[],"categories_sizes":[],"default_left":[0,0,0,0,0,0,0,0,0,0,0,0,0,0,0],"id":98,"left_children":[1,3,5,7,9,-1,-1,-1,-1,11,13,-1,-1,-1,-1],"loss_changes":[3.1614218E-2,1.2901761E-2,3.0878745E-4,3.699027E-5,3.251588E-4,0E0,0E0,0E0,0E0,6.932518E-6,2.8159935E-5,0E0,0E0,0E0,0E0],"parents":[2147483647,0,0,1,1,2,2,3,3,4,4,9,9,10,10],"right_children":[2,4,6,8,10,-1,-1,-1,-1,12,14,-1,-1,-1,-1],"split_conditions":[8.9656836E-1,2.9995546E-1,1E0,1.0219605E-1,6.0621285E-1,2.7137757E-3,1.0597229E-2,-9.888777E-3,-2.6335001E-3,4.0518308E-1,8.068569E-1,-9.994984E-4,-2.3803712E-4,1.7725627E-4,8.392334E-4],"split_indices":[0,0,0,0,0,0,0,0,0,0,0,0,0,0,0],"split_type":[0,0,0,0,0,0,0,0,0,0,0,0,0,0,0],"sum_hessian":[9E0,7E0,2E0,2E0,5E0,1E0,1E0,1E0,1E0,2E0,3E0,1E0,1E0,2E0,1E0],"tree_param":{"num_deleted":"0","num_feature":"2","num_nodes":"15","size_leaf_vector":"1"}},{"base_weights":[1.238677E-3,-3.006548E-2,8.4303536E-2,-7.930773E-2,-4.3344498E-4,2.5781633E-3,1.0067368E-2,-9.394337E-3,-2.5018216E-3,-7.837613E-3,5.2280426E-3,-9.4952586E-4,-2.2611619E-4,1.6555787E-4,7.972717E-4],"categories":[],"categories_nodes":[],"categories_segments":[],"categories_sizes":[],"default_left":[0,0,0,0,0,0,0,0,0,0,0,0,0,0,0],"id":99,"left_children":[1,3,5,7,9,-1,-1,-1,-1,11,13,-1,-1,-1,-1],"loss_changes":[2.8537381E-2,1.1638807E-2,2.785027E-4,3.339164E-5,2.9248704E-4,0E0,0E0,0E0,0E0,6.261005E-6,2.6021546E-5,0E0,0E0,0E0,0E0],"parents":[2147483647,0,0,1,1,2,2,3,3,4,4,9,9,10,10],"right_children":[2,4,6,8,10,-1,-1,-1,-1,12,14,-1,-1,-1,-1],"split_conditions":[8.9656836E-1,2.9995546E-1,1E0,1.0219605E-1,6.0621285E-1,2.5781633E-3,1.0067368E-2,-9.394337E-3,-2.5018216E-3,4.0518308E-1,8.068569E-1,-9.4952586E-4,-2.2611619E-4,1.6555787E-4,7.972717E-4],"split_indices":[0,0,0,0,0,0,0,0,0,0,0,0,0,0,0],"split_type":[0,0,0,0,0,0,0,0,0,0,0,0,0,0,0],"sum_hessian":[9E0,7E0,2E0,2E0,5E0,1E0,1E0,1E0,1E0,2E0,3E0,1E0,1E0,2E0,1E0],"tree_param":{"num_deleted":"0","num_feature":"2","num_nodes":"15","size_leaf_vector":"1"}}]},"name":"gbtree"},"learner_model_param":{"base_score":"3.341111E1","boost_from_average":"1","num_class":"0","num_feature":"2","num_target":"1"},"objective":{"name":"reg:squarederror","reg_loss_param":{"scale_pos_weight":"1"}}},"version":[2,0,1]}