{"learner":{"attributes":{"scikit_learn":"{\"_estimator_type\": \"regressor\"}"},"feature_names":[],"feature_types":[],"gradient_booster":{"model":{"gbtree_model_param":{"num_parallel_tree":"1","num_trees":"100"},"iteration_indptr":[0,1,2,3,4,5,6,7,8,9,10,11,12,13,14,15,16,17,18,19,20,21,22,23,24,25,26,27,28,29,30,31,32,33,34,35,36,37,38,39,40,41,42,43,44,45,46,47,48,49,50,51,52,53,54,55,56,57,58,59,60,61,62,63,64,65,66,67,68,69,70,71,72,73,74,75,76,77,78,79,80,81,82,83,84,85,86,87,88,89,90,91,92,93,94,95,96,97,98,99,100],"tree_info":[0,0,0,0,0,0,0,0,0,0,0,0,0,0,0,0,0,0,0,0,0,0,0,0,0,0,0,0,0,0,0,0,0,0,0,0,0,0,0,0,0,0,0,0,0,0,0,0,0,0,0,0,0,0,0,0,0,0,0,0,0,0,0,0,0,0,0,0,0,0,0,0,0,0,0,0,0,0,0,0,0,0,0,0,0,0,0,0,0,0,0,0,0,0,0,0,0,0,0,0],"trees":[{"base_weights":[-3.8146973E-7,-2.6285185E1,3.1542221E1,-2.9177778E0,-5.911112E-1,5.0888884E-1,3.6883333E0],"categories":[],"categories_nodes":[],"categories_segments":[],"categories_sizes":[],"default_left":[0,0,0,0,0,0,0],"id":0,"left_children":[1,3,5,-1,-1,-1,-1],"loss_changes":[9.120025E3,1.8113037E2,5.187554E2,0E0,0E0,0E0,0E0],"parents":[2147483647,0,0,1,1,2,2],"right_children":[2,4,6,-1,-1,-1,-1],"split_conditions":[6.013315E-1,3.9937642E-1,7.0082474E-1,-2.9177778E0,-5.911112E-1,5.0888884E-1,3.6883333E0],"split_indices":[0,0,0,0,0,0,0],"split_type":[0,0,0,0,0,0,0],"sum_hessian":[9E0,5E0,4E0,4E0,1E0,1E0,3E0],"tree_param":{"num_deleted":"0","num_feature":"2","num_nodes":"7","size_leaf_vector":"1"}},{"base_weights":[6.883278E-2,-2.4241482E1,2.9227444E1,-2.9328334E0,-9.37852E-1,4.8344442E-1,3.411708E0],"categories":[],"categories_nodes":[],"categories_segments":[],"categories_sizes":[],"default_left":[0,0,0,0,0,0,0],"id":1,"left_children":[1,3,5,-1,-1,-1,-1],"loss_changes":[7.7970664E3,1.7857788E2,4.3142773E2,0E0,0E0,0E0,0E0],"parents":[2147483647,0,0,1,1,2,2],"right_children":[2,4,6,-1,-1,-1,-1],"split_conditions":[6.013315E-1,2.9964256E-1,7.0082474E-1,-2.9328334E0,-9.37852E-1,4.8344442E-1,3.411708E0],"split_indices":[0,0,0,0,0,0,0],"split_type":[0,0,0,0,0,0,0],"sum_hessian":[9E0,5E0,4E0,3E0,2E0,1E0,3E0],"tree_param":{"num_deleted":"0","num_feature":"2","num_nodes":"7","size_leaf_vector":"1"}},{"base_weights":[6.439743E-2,-2.2462448E1,2.7083733E1,-2.7128708E0,-8.7532854E-1,9.7543937E-1,3.5385158E0],"categories":[],"categories_nodes":[],"categories_segments":[],"categories_sizes":[],"default_left":[0,0,0,0,0,0,0],"id":2,"left_children":[1,3,5,-1,-1,-1,-1],"loss_changes":[6.69497E3,1.4635791E2,3.7413037E2,0E0,0E0,0E0,0E0],"parents":[2147483647,0,0,1,1,2,2],"right_children":[2,4,6,-1,-1,-1,-1],"split_conditions":[6.013315E-1,2.9964256E-1,8.0108935E-1,-2.7128708E0,-8.7532854E-1,9.7543937E-1,3.5385158E0],"split_indices":[0,0,0,0,0,0,0],"split_type":[0,0,0,0,0,0,0],"sum_hessian":[9E0,5E0,4E0,3E0,2E0,2E0,2E0],"tree_param":{"num_deleted":"0","num_feature":"2","num_nodes":"7","size_leaf_vector":"1"}},{"base_weights":[1.5053368E-1,-2.0814236E1,2.527815E1,-2.5094054E0,-8.169734E-1,4.1050014E-1,2.9545188E0],"categories":[],"categories_nodes":[],"categories_segments":[],"categories_sizes":[],"default_left":[0,0,0,0,0,0,0],"id":3,"left_children":[1,3,5,-1,-1,-1,-1],"loss_changes":[5.794092E3,1.196853E2,3.304502E2,0E0,0E0,0E0,0E0],"parents":[2147483647,0,0,1,1,2,2],"right_children":[2,4,6,-1,-1,-1,-1],"split_conditions":[6.013315E-1,2.9964256E-1,7.0082474E-1,-2.5094054E0,-8.169734E-1,4.1050014E-1,2.9545188E0],"split_indices":[0,0,0,0,0,0,0],"split_type":[0,0,0,0,0,0,0],"sum_hessian":[9E0,5E0,4E0,3E0,2E0,1E0,3E0],"tree_param":{"num_deleted":"0","num_feature":"2","num_nodes":"7","size_leaf_vector":"1"}},{"base_weights":[1.3934441E-1,-1.9287207E1,2.3423338E1,-2.1424458E0,-4.30048E-1,7.9824257E-1,3.105647E0],"categories":[],"categories_nodes":[],"categories_segments":[],"categories_sizes":[],"default_left":[0,0,0,0,0,0,0],"id":4,"left_children":[1,3,5,-1,-1,-1,-1],"loss_changes":[4.975048E3,1.0004663E2,3.4140674E2,0E0,0E0,0E0,0E0],"parents":[2147483647,0,0,1,1,2,2],"right_children":[2,4,6,-1,-1,-1,-1],"split_conditions":[6.013315E-1,3.9937642E-1,8.0108935E-1,-2.1424458E0,-4.30048E-1,7.9824257E-1,3.105647E0],"split_indices":[0,0,0,0,0,0,0],"split_type":[0,0,0,0,0,0,0],"sum_hessian":[9E0,5E0,4E0,4E0,1E0,2E0,2E0],"tree_param":{"num_deleted":"0","num_feature":"2","num_nodes":"7","size_leaf_vector":"1"}},{"base_weights":[2.585495E-1,-1.7787237E1,2.1861782E1,-2.3737924E0,-8.877412E-1,7.450264E-1,2.8986042E0],"categories":[],"categories_nodes":[],"categories_segments":[],"categories_sizes":[],"default_left":[0,0,0,0,0,0,0],"id":5,"left_children":[1,3,5,-1,-1,-1,-1],"loss_changes":[4.287334E3,1.0738611E2,2.9740308E2,0E0,0E0,0E0,0E0],"parents":[2147483647,0,0,1,1,2,2],"right_children":[2,4,6,-1,-1,-1,-1],"split_conditions":[6.013315E-1,1.9986461E-1,8.0108935E-1,-2.3737924E0,-8.877412E-1,7.450264E-1,2.8986042E0],"split_indices":[0,0,0,0,0,0,0],"split_type":[0,0,0,0,0,0,0],"sum_hessian":[9E0,5E0,4E0,2E0,3E0,2E0,2E0],"tree_param":{"num_deleted":"0","num_feature":"2","num_nodes":"7","size_leaf_vector":"1"}},{"base_weights":[2.7090377E-1,-1.6552103E1,2.0404331E1,-2.0196335E0,-6.17576E-1,6.9535804E-1,2.7053638E0],"categories":[],"categories_nodes":[],"categories_segments":[],"categories_sizes":[],"default_left":[0,0,0,0,0,0,0],"id":6,"left_children":[1,3,5,-1,-1,-1,-1],"loss_changes":[3.7247822E3,1.0215515E2,2.590713E2,0E0,0E0,0E0,0E0],"parents":[2147483647,0,0,1,1,2,2],"right_children":[2,4,6,-1,-1,-1,-1],"split_conditions":[6.013315E-1,2.9964256E-1,8.0108935E-1,-2.0196335E0,-6.17576E-1,6.9535804E-1,2.7053638E0],"split_indices":[0,0,0,0,0,0,0],"split_type":[0,0,0,0,0,0,0],"sum_hessian":[9E0,5E0,4E0,3E0,2E0,2E0,2E0],"tree_param":{"num_deleted":"0","num_feature":"2","num_nodes":"7","size_leaf_vector":"1"}},{"base_weights":[3.2016563E-1,-1.5336427E1,1.9044043E1,-2.0808973E0,-7.397909E-1,6.490008E-1,2.5250063E0],"categories":[],"categories_nodes":[],"categories_segments":[],"categories_sizes":[],"default_left":[0,0,0,0,0,0,0],"id":7,"left_children":[1,3,5,-1,-1,-1,-1],"loss_changes":[3.2235886E3,1.0672058E2,2.2567981E2,0E0,0E0,0E0,0E0],"parents":[2147483647,0,0,1,1,2,2],"right_children":[2,4,6,-1,-1,-1,-1],"split_conditions":[6.013315E-1,1.9986461E-1,8.0108935E-1,-2.0808973E0,-7.397909E-1,6.490008E-1,2.5250063E0],"split_indices":[0,0,0,0,0,0,0],"split_type":[0,0,0,0,0,0,0],"sum_hessian":[9E0,5E0,4E0,2E0,3E0,2E0,2E0],"tree_param":{"num_deleted":"0","num_feature":"2","num_nodes":"7","size_leaf_vector":"1"}},{"base_weights":[3.234806E-1,-1.4272898E1,1.7774439E1,-1.942171E0,-6.8430656E-1,6.0573405E-1,2.3566725E0],"categories":[],"categories_nodes":[],"categories_segments":[],"categories_sizes":[],"default_left":[0,0,0,0,0,0,0],"id":8,"left_children":[1,3,5,-1,-1,-1,-1],"loss_changes":[2.8009004E3,9.662488E1,1.9659216E2,0E0,0E0,0E0,0E0],"parents":[2147483647,0,0,1,1,2,2],"right_children":[2,4,6,-1,-1,-1,-1],"split_conditions":[6.013315E-1,1.9986461E-1,8.0108935E-1,-1.942171E0,-6.8430656E-1,6.0573405E-1,2.3566725E0],"split_indices":[0,0,0,0,0,0,0],"split_type":[0,0,0,0,0,0,0],"sum_hessian":[9E0,5E0,4E0,2E0,3E0,2E0,2E0],"tree_param":{"num_deleted":"0","num_feature":"2","num_nodes":"7","size_leaf_vector":"1"}},{"base_weights":[3.2472458E-1,-1.3283355E1,1.6589474E1,-1.8126929E0,-6.329835E-1,2.1530686E-1,1.966031E0],"categories":[],"categories_nodes":[],"categories_segments":[],"categories_sizes":[],"default_left":[0,0,0,0,0,0,0],"id":9,"left_children":[1,3,5,-1,-1,-1,-1],"loss_changes":[2.4336838E3,8.733887E1,1.7932898E2,0E0,0E0,0E0,0E0],"parents":[2147483647,0,0,1,1,2,2],"right_children":[2,4,6,-1,-1,-1,-1],"split_conditions":[6.013315E-1,1.9986461E-1,7.0082474E-1,-1.8126929E0,-6.329835E-1,2.1530686E-1,1.966031E0],"split_indices":[0,0,0,0,0,0,0],"split_type":[0,0,0,0,0,0,0],"sum_hessian":[9E0,5E0,4E0,2E0,3E0,1E0,3E0],"tree_param":{"num_deleted":"0","num_feature":"2","num_nodes":"7","size_leaf_vector":"1"}},{"base_weights":[2.6581764E-1,-1.2362631E1,1.5366793E1,-1.6918467E0,-5.855097E-1,4.9264017E-1,2.068492E0],"categories":[],"categories_nodes":[],"categories_segments":[],"categories_sizes":[],"default_left":[0,0,0,0,0,0,0],"id":10,"left_children":[1,3,5,-1,-1,-1,-1],"loss_changes":[2.0969927E3,7.882422E1,1.7571436E2,0E0,0E0,0E0,0E0],"parents":[2147483647,0,0,1,1,2,2],"right_children":[2,4,6,-1,-1,-1,-1],"split_conditions":[6.013315E-1,1.9986461E-1,8.0108935E-1,-1.6918467E0,-5.855097E-1,4.9264017E-1,2.068492E0],"split_indices":[0,0,0,0,0,0,0],"split_type":[0,0,0,0,0,0,0],"sum_hessian":[9E0,5E0,4E0,2E0,3E0,2E0,2E0],"tree_param":{"num_deleted":"0","num_feature":"2","num_nodes":"7","size_leaf_vector":"1"}},{"base_weights":[2.6761436E-1,-1.1505927E1,1.4342341E1,-1.579057E0,-5.415964E-1,4.5979768E-1,1.9305925E0],"categories":[],"categories_nodes":[],"categories_segments":[],"categories_sizes":[],"default_left":[0,0,0,0,0,0,0],"id":11,"left_children":[1,3,5,-1,-1,-1,-1],"loss_changes":[1.8221158E3,7.10387E1,1.5306677E2,0E0,0E0,0E0,0E0],"parents":[2147483647,0,0,1,1,2,2],"right_children":[2,4,6,-1,-1,-1,-1],"split_conditions":[6.013315E-1,1.9986461E-1,8.0108935E-1,-1.579057E0,-5.415964E-1,4.5979768E-1,1.9305925E0],"split_indices":[0,0,0,0,0,0,0],"split_type":[0,0,0,0,0,0,0],"sum_hessian":[9E0,5E0,4E0,2E0,3E0,2E0,2E0],"tree_param":{"num_deleted":"0","num_feature":"2","num_nodes":"7","size_leaf_vector":"1"}},{"base_weights":[2.6782495E-1,-1.0708777E1,1.3386183E1,-1.7103399E0,-6.0091734E0,4.291443E-1,1.8018862E0,-6.6411155E-1,-1.7407036E-1],"categories":[],"categories_nodes":[],"categories_segments":[],"categories_sizes":[],"default_left":[0,0,0,0,0,0,0,0,0],"id":12,"left_children":[1,3,5,-1,7,-1,-1,-1,-1],"loss_changes":[1.5832998E3,7.753583E1,1.3333807E2,0E0,1.9269257E0,0E0,0E0,0E0,0E0],"parents":[2147483647,0,0,1,1,2,2,4,4],"right_children":[2,4,6,-1,8,-1,-1,-1,-1],"split_conditions":[6.013315E-1,1.0048587E-1,8.0108935E-1,-1.7103399E0,3.9937642E-1,4.291443E-1,1.8018862E0,-6.6411155E-1,-1.7407036E-1],"split_indices":[0,0,0,0,0,0,0,0,0],"split_type":[0,0,0,0,0,0,0,0,0],"sum_hessian":[9E0,5E0,4E0,1E0,4E0,2E0,2E0,3E0,1E0],"tree_param":{"num_deleted":"0","num_feature":"2","num_nodes":"9","size_leaf_vector":"1"}},{"base_weights":[2.0929298E-1,-1.0062654E1,1.249377E1,-1.624823E0,-5.575892E0,4.005346E-1,1.6817604E0,-6.143031E-1,-1.6536675E-1],"categories":[],"categories_nodes":[],"categories_segments":[],"categories_sizes":[],"default_left":[0,0,0,0,0,0,0,0,0],"id":13,"left_children":[1,3,5,-1,7,-1,-1,-1,-1],"loss_changes":[1.3875754E3,7.592084E1,1.1615234E2,0E0,9.637146E-1,0E0,0E0,0E0,0E0],"parents":[2147483647,0,0,1,1,2,2,4,4],"right_children":[2,4,6,-1,8,-1,-1,-1,-1],"split_conditions":[6.013315E-1,1.0048587E-1,8.0108935E-1,-1.624823E0,3.9937642E-1,4.005346E-1,1.6817604E0,-6.143031E-1,-1.6536675E-1],"split_indices":[0,0,0,0,0,0,0,0,0],"split_type":[0,0,0,0,0,0,0,0,0],"sum_hessian":[9E0,5E0,4E0,1E0,4E0,2E0,2E0,3E0,1E0],"tree_param":{"num_deleted":"0","num_feature":"2","num_nodes":"9","size_leaf_vector":"1"}},{"base_weights":[1.5614338E-1,-9.457136E0,1.1660851E1,-1.5435818E0,-5.1742363E0,1.15435414E-1,1.3998886E0,-5.6823033E-1,-1.570984E-1],"categories":[],"categories_nodes":[],"categories_segments":[],"categories_sizes":[],"default_left":[0,0,0,0,0,0,0,0,0],"id":14,"left_children":[1,3,5,-1,7,-1,-1,-1,-1],"loss_changes":[1.2162579E3,7.3768005E1,1.06663086E2,0E0,2.266388E-1,0E0,0E0,0E0,0E0],"parents":[2147483647,0,0,1,1,2,2,4,4],"right_children":[2,4,6,-1,8,-1,-1,-1,-1],"split_conditions":[6.013315E-1,1.0048587E-1,7.0082474E-1,-1.5435818E0,3.9937642E-1,1.15435414E-1,1.3998886E0,-5.6823033E-1,-1.570984E-1],"split_indices":[0,0,0,0,0,0,0,0,0],"split_type":[0,0,0,0,0,0,0,0,0],"sum_hessian":[9E0,5E0,4E0,1E0,4E0,1E0,3E0,3E0,1E0],"tree_param":{"num_deleted":"0","num_feature":"2","num_nodes":"9","size_leaf_vector":"1"}},{"base_weights":[6.517067E-2,-8.889575E0,1.0797832E1,-1.4664029E0,-4.801879E-1,3.2332155E-1,1.4763172E0],"categories":[],"categories_nodes":[],"categories_segments":[],"categories_sizes":[],"default_left":[0,0,0,0,0,0,0],"id":15,"left_children":[1,3,5,-1,-1,-1,-1],"loss_changes":[1.0570707E3,7.121036E1,1.0224878E2,0E0,0E0,0E0,0E0],"parents":[2147483647,0,0,1,1,2,2],"right_children":[2,4,6,-1,-1,-1,-1],"split_conditions":[6.013315E-1,1.0048587E-1,8.0108935E-1,-1.4664029E0,-4.801879E-1,3.2332155E-1,1.4763172E0],"split_indices":[0,0,0,0,0,0,0],"split_type":[0,0,0,0,0,0,0],"sum_hessian":[9E0,5E0,4E0,1E0,4E0,2E0,2E0],"tree_param":{"num_deleted":"0","num_feature":"2","num_nodes":"7","size_leaf_vector":"1"}},{"base_weights":[4.3958284E-2,-8.32505E0,1.0077977E1,-1.3930827E0,-4.4177294E0,4.430361E0,1.6334221E0,-4.8959908E-1,-1.2523423E-1,9.349785E-2,5.283829E-1],"categories":[],"categories_nodes":[],"categories_segments":[],"categories_sizes":[],"default_left":[0,0,0,0,0,0,0,0,0,0,0],"id":16,"left_children":[1,3,5,-1,7,9,-1,-1,-1,-1,-1],"loss_changes":[9.236475E2,6.9878784E1,1.0429779E2,0E0,1.4379501E0,6.9925156E0,0E0,0E0,0E0,0E0,0E0],"parents":[2147483647,0,0,1,1,2,2,4,4,5,5],"right_children":[2,4,6,-1,8,10,-1,-1,-1,-1,-1],"split_conditions":[6.013315E-1,1.0048587E-1,8.980302E-1,-1.3930827E0,3.9937642E-1,7.0082474E-1,1.6334221E0,-4.8959908E-1,-1.2523423E-1,9.349785E-2,5.283829E-1],"split_indices":[0,0,0,0,0,0,0,0,0,0,0],"split_type":[0,0,0,0,0,0,0,0,0,0,0],"sum_hessian":[9E0,5E0,4E0,1E0,4E0,3E0,1E0,3E0,1E0,1E0,2E0],"tree_param":{"num_deleted":"0","num_feature":"2","num_nodes":"11","size_leaf_vector":"1"}},{"base_weights":[6.430092E-2,-7.8271985E0,9.52124E0,-1.3234285E0,-4.098924E0,4.1427956E0,1.551751E0,-4.5287925E-1,-1.1897259E-1,8.882294E-2,4.9315745E-1],"categories":[],"categories_nodes":[],"categories_segments":[],"categories_sizes":[],"default_left":[0,0,0,0,0,0,0,0,0,0,0],"id":17,"left_children":[1,3,5,-1,7,9,-1,-1,-1,-1,-1],"loss_changes":[8.2081903E2,6.670828E1,9.696716E1,0E0,8.6483E-1,5.8881607E0,0E0,0E0,0E0,0E0,0E0],"parents":[2147483647,0,0,1,1,2,2,4,4,5,5],"right_children":[2,4,6,-1,8,10,-1,-1,-1,-1,-1],"split_conditions":[6.013315E-1,1.0048587E-1,8.980302E-1,-1.3234285E0,3.9937642E-1,7.0082474E-1,1.551751E0,-4.5287925E-1,-1.1897259E-1,8.882294E-2,4.9315745E-1],"split_indices":[0,0,0,0,0,0,0,0,0,0,0],"split_type":[0,0,0,0,0,0,0,0,0,0,0],"sum_hessian":[9E0,5E0,4E0,1E0,4E0,3E0,1E0,3E0,1E0,1E0,2E0],"tree_param":{"num_deleted":"0","num_feature":"2","num_nodes":"11","size_leaf_vector":"1"}},{"base_weights":[8.171673E-2,-7.360358E0,8.995863E0,-1.2572571E0,-3.8034015E0,3.874012E0,1.4741634E0,-4.1891322E-1,-1.1302395E-1,8.438187E-2,4.602804E-1],"categories":[],"categories_nodes":[],"categories_segments":[],"categories_sizes":[],"default_left":[0,0,0,0,0,0,0,0,0,0,0],"id":18,"left_children":[1,3,5,-1,7,9,-1,-1,-1,-1,-1],"loss_changes":[7.296102E2,6.341916E1,9.0035675E1,0E0,4.2088318E-1,4.949585E0,0E0,0E0,0E0,0E0,0E0],"parents":[2147483647,0,0,1,1,2,2,4,4,5,5],"right_children":[2,4,6,-1,8,10,-1,-1,-1,-1,-1],"split_conditions":[6.013315E-1,1.0048587E-1,8.980302E-1,-1.2572571E0,3.9937642E-1,7.0082474E-1,1.4741634E0,-4.1891322E-1,-1.1302395E-1,8.438187E-2,4.602804E-1],"split_indices":[0,0,0,0,0,0,0,0,0,0,0],"split_type":[0,0,0,0,0,0,0,0,0,0,0],"sum_hessian":[9E0,5E0,4E0,1E0,4E0,3E0,1E0,3E0,1E0,1E0,2E0],"tree_param":{"num_deleted":"0","num_feature":"2","num_nodes":"11","size_leaf_vector":"1"}},{"base_weights":[9.650822E-2,-6.9225206E0,8.500041E0,-1.1943942E0,-3.529448E0,3.622776E0,1.4004551E0,-3.8749465E-1,-1.07372664E-1,8.0162816E-2,4.2959496E-1],"categories":[],"categories_nodes":[],"categories_segments":[],"categories_sizes":[],"default_left":[0,0,0,0,0,0,0,0,0,0,0],"id":19,"left_children":[1,3,5,-1,7,9,-1,-1,-1,-1,-1],"loss_changes":[6.486881E2,6.0072754E1,8.349942E1,0E0,8.160782E-2,4.152729E0,0E0,0E0,0E0,0E0,0E0],"parents":[2147483647,0,0,1,1,2,2,4,4,5,5],"right_children":[2,4,6,-1,8,10,-1,-1,-1,-1,-1],"split_conditions":[6.013315E-1,1.0048587E-1,8.980302E-1,-1.1943942E0,3.9937642E-1,7.0082474E-1,1.4004551E0,-3.8749465E-1,-1.07372664E-1,8.0162816E-2,4.2959496E-1],"split_indices":[0,0,0,0,0,0,0,0,0,0,0],"split_type":[0,0,0,0,0,0,0,0,0,0,0],"sum_hessian":[9E0,5E0,4E0,1E0,4E0,3E0,1E0,3E0,1E0,1E0,2E0],"tree_param":{"num_deleted":"0","num_feature":"2","num_nodes":"11","size_leaf_vector":"1"}},{"base_weights":[1.0895252E-1,-6.5118127E0,8.03208E0,-1.1346744E0,-3.2754773E-1,3.3879375E0,1.3304325E0,7.615471E-2,4.009552E-1],"categories":[],"categories_nodes":[],"categories_segments":[],"categories_sizes":[],"default_left":[0,0,0,0,0,0,0,0,0],"id":20,"left_children":[1,3,5,-1,-1,7,-1,-1,-1],"loss_changes":[5.7687506E2,5.6718765E1,7.735104E1,0E0,0E0,3.4769478E0,0E0,0E0,0E0],"parents":[2147483647,0,0,1,1,2,2,5,5],"right_children":[2,4,6,-1,-1,8,-1,-1,-1],"split_conditions":[6.013315E-1,1.0048587E-1,8.980302E-1,-1.1346744E0,-3.2754773E-1,7.0082474E-1,1.3304325E0,7.615471E-2,4.009552E-1],"split_indices":[0,0,0,0,0,0,0,0,0],"split_type":[0,0,0,0,0,0,0,0,0],"sum_hessian":[9E0,5E0,4E0,1E0,4E0,3E0,1E0,1E0,2E0],"tree_param":{"num_deleted":"0","num_feature":"2","num_nodes":"9","size_leaf_vector":"1"}},{"base_weights":[1.3258973E-1,-6.1043344E0,7.5903807E0,-1.0779408E0,-3.0134385E0,3.1684208E0,1.2639111E0,-3.338665E-1,-8.56266E-2,7.234688E-2,3.7422487E-1],"categories":[],"categories_nodes":[],"categories_segments":[],"categories_sizes":[],"default_left":[0,0,0,0,0,0,0,0,0,0,0],"id":21,"left_children":[1,3,5,-1,7,9,-1,-1,-1,-1,-1],"loss_changes":[5.1147098E2,5.4217926E1,7.158038E1,0E0,6.490593E-1,2.9045258E0,0E0,0E0,0E0,0E0,0E0],"parents":[2147483647,0,0,1,1,2,2,4,4,5,5],"right_children":[2,4,6,-1,8,10,-1,-1,-1,-1,-1],"split_conditions":[6.013315E-1,1.0048587E-1,8.980302E-1,-1.0779408E0,3.9937642E-1,7.0082474E-1,1.2639111E0,-3.338665E-1,-8.56266E-2,7.234688E-2,3.7422487E-1],"split_indices":[0,0,0,0,0,0,0,0,0,0,0],"split_type":[0,0,0,0,0,0,0,0,0,0,0],"sum_hessian":[9E0,5E0,4E0,1E0,4E0,3E0,1E0,3E0,1E0,1E0,2E0],"tree_param":{"num_deleted":"0","num_feature":"2","num_nodes":"11","size_leaf_vector":"1"}},{"base_weights":[1.4063588E-1,-5.743474E0,7.1734405E0,-1.0240438E0,-2.7959938E0,2.9632225E0,1.2007157E0,-3.0882654E-1,-8.134537E-2,6.87294E-2,3.4927675E-1],"categories":[],"categories_nodes":[],"categories_segments":[],"categories_sizes":[],"default_left":[0,0,0,0,0,0,0,0,0,0,0],"id":22,"left_children":[1,3,5,-1,7,9,-1,-1,-1,-1,-1],"loss_changes":[4.550184E2,5.0896057E1,6.617511E1,0E0,3.8504028E-1,2.420269E0,0E0,0E0,0E0,0E0,0E0],"parents":[2147483647,0,0,1,1,2,2,4,4,5,5],"right_children":[2,4,6,-1,8,10,-1,-1,-1,-1,-1],"split_conditions":[6.013315E-1,1.0048587E-1,8.980302E-1,-1.0240438E0,3.9937642E-1,7.0082474E-1,1.2007157E0,-3.0882654E-1,-8.134537E-2,6.87294E-2,3.4927675E-1],"split_indices":[0,0,0,0,0,0,0,0,0,0,0],"split_type":[0,0,0,0,0,0,0,0,0,0,0],"sum_hessian":[9E0,5E0,4E0,1E0,4E0,3E0,1E0,3E0,1E0,1E0,2E0],"tree_param":{"num_deleted":"0","num_feature":"2","num_nodes":"11","size_leaf_vector":"1"}},{"base_weights":[1.470232E-1,-5.4048295E0,6.7798414E0,-9.7284156E-1,-2.594429E0,2.7714024E0,1.14068E0,-2.8566456E-1,-7.727814E-2,6.529274E-2,3.2599184E-1],"categories":[],"categories_nodes":[],"categories_segments":[],"categories_sizes":[],"default_left":[0,0,0,0,0,0,0,0,0,0,0],"id":23,"left_children":[1,3,5,-1,7,9,-1,-1,-1,-1,-1],"loss_changes":[4.0488815E2,4.766638E1,6.1121567E1,0E0,1.8076706E-1,2.0111446E0,0E0,0E0,0E0,0E0,0E0],"parents":[2147483647,0,0,1,1,2,2,4,4,5,5],"right_children":[2,4,6,-1,8,10,-1,-1,-1,-1,-1],"split_conditions":[6.013315E-1,1.0048587E-1,8.980302E-1,-9.7284156E-1,3.9937642E-1,7.0082474E-1,1.14068E0,-2.8566456E-1,-7.727814E-2,6.529274E-2,3.2599184E-1],"split_indices":[0,0,0,0,0,0,0,0,0,0,0],"split_type":[0,0,0,0,0,0,0,0,0,0,0],"sum_hessian":[9E0,5E0,4E0,1E0,4E0,3E0,1E0,3E0,1E0,1E0,2E0],"tree_param":{"num_deleted":"0","num_feature":"2","num_nodes":"11","size_leaf_vector":"1"}},{"base_weights":[1.5193939E-1,-5.0869775E0,6.408252E0,-9.241995E-1,-2.4075751E0,2.592085E0,1.083646E0,-2.642398E-1,-7.341423E-2,6.202812E-2,3.0425924E-1],"categories":[],"categories_nodes":[],"categories_segments":[],"categories_sizes":[],"default_left":[0,0,0,0,0,0,0,0,0,0,0],"id":24,"left_children":[1,3,5,-1,7,9,-1,-1,-1,-1,-1],"loss_changes":[3.6036166E2,4.4546967E1,5.6404907E1,0E0,2.4904251E-2,1.6659851E0,0E0,0E0,0E0,0E0,0E0],"parents":[2147483647,0,0,1,1,2,2,4,4,5,5],"right_children":[2,4,6,-1,8,10,-1,-1,-1,-1,-1],"split_conditions":[6.013315E-1,1.0048587E-1,8.980302E-1,-9.241995E-1,3.9937642E-1,7.0082474E-1,1.083646E0,-2.642398E-1,-7.341423E-2,6.202812E-2,3.0425924E-1],"split_indices":[0,0,0,0,0,0,0,0,0,0,0],"split_type":[0,0,0,0,0,0,0,0,0,0,0],"sum_hessian":[9E0,5E0,4E0,1E0,4E0,3E0,1E0,3E0,1E0,1E0,2E0],"tree_param":{"num_deleted":"0","num_feature":"2","num_nodes":"11","size_leaf_vector":"1"}},{"base_weights":[1.5555325E-1,-4.7885885E0,6.0574126E0,-8.779895E-1,-2.2343484E-1,2.424448E0,1.0294636E0,5.8926772E-2,2.839752E-1],"categories":[],"categories_nodes":[],"categories_segments":[],"categories_sizes":[],"default_left":[0,0,0,0,0,0,0,0,0],"id":25,"left_children":[1,3,5,-1,-1,7,-1,-1,-1],"loss_changes":[3.2080276E2,4.1551193E1,5.2009598E1,0E0,0E0,1.3752594E0,0E0,0E0,0E0],"parents":[2147483647,0,0,1,1,2,2,5,5],"right_children":[2,4,6,-1,-1,8,-1,-1,-1],"split_conditions":[6.013315E-1,1.0048587E-1,8.980302E-1,-8.779895E-1,-2.2343484E-1,7.0082474E-1,1.0294636E0,5.8926772E-2,2.839752E-1],"split_indices":[0,0,0,0,0,0,0,0,0],"split_type":[0,0,0,0,0,0,0,0,0],"sum_hessian":[9E0,5E0,4E0,1E0,4E0,3E0,1E0,1E0,2E0],"tree_param":{"num_deleted":"0","num_feature":"2","num_nodes":"9","size_leaf_vector":"1"}},{"base_weights":[1.6709176E-1,-4.493301E0,5.7261443E0,-8.3409005E-1,-2.0556006E0,2.2677288E0,9.779903E-1,-2.2766419E-1,-5.8571815E-2,5.5980302E-2,2.6504365E-1],"categories":[],"categories_nodes":[],"categories_segments":[],"categories_sizes":[],"default_left":[0,0,0,0,0,0,0,0,0,0,0],"id":26,"left_children":[1,3,5,-1,7,9,-1,-1,-1,-1,-1],"loss_changes":[2.8480295E2,3.9130196E1,4.791974E1,0E0,2.9105377E-1,1.1308212E0,0E0,0E0,0E0,0E0,0E0],"parents":[2147483647,0,0,1,1,2,2,4,4,5,5],"right_children":[2,4,6,-1,8,10,-1,-1,-1,-1,-1],"split_conditions":[6.013315E-1,1.0048587E-1,8.980302E-1,-8.3409005E-1,3.9937642E-1,7.0082474E-1,9.779903E-1,-2.2766419E-1,-5.8571815E-2,5.5980302E-2,2.6504365E-1],"split_indices":[0,0,0,0,0,0,0,0,0,0,0],"split_type":[0,0,0,0,0,0,0,0,0,0,0],"sum_hessian":[9E0,5E0,4E0,1E0,4E0,3E0,1E0,3E0,1E0,1E0,2E0],"tree_param":{"num_deleted":"0","num_feature":"2","num_nodes":"11","size_leaf_vector":"1"}},{"base_weights":[1.6825171E-1,-4.2306914E0,5.413333E0,-7.923855E-1,-1.9072876E0,2.121212E0,9.290909E-1,-2.3427315E-1,-8.360812E-2,5.318146E-2,2.4737397E-1],"categories":[],"categories_nodes":[],"categories_segments":[],"categories_sizes":[],"default_left":[0,0,0,0,0,0,0,0,0,0,0],"id":27,"left_children":[1,3,5,-1,7,9,-1,-1,-1,-1,-1],"loss_changes":[2.5363028E2,3.637121E1,4.4119263E1,0E0,3.7353706E-1,9.2565536E-1,0E0,0E0,0E0,0E0,0E0],"parents":[2147483647,0,0,1,1,2,2,4,4,5,5],"right_children":[2,4,6,-1,8,10,-1,-1,-1,-1,-1],"split_conditions":[6.013315E-1,1.0048587E-1,8.980302E-1,-7.923855E-1,2.9964256E-1,7.0082474E-1,9.290909E-1,-2.3427315E-1,-8.360812E-2,5.318146E-2,2.4737397E-1],"split_indices":[0,0,0,0,0,0,0,0,0,0,0],"split_type":[0,0,0,0,0,0,0,0,0,0,0],"sum_hessian":[9E0,5E0,4E0,1E0,4E0,3E0,1E0,2E0,2E0,1E0,2E0],"tree_param":{"num_deleted":"0","num_feature":"2","num_nodes":"11","size_leaf_vector":"1"}},{"base_weights":[1.6336337E-1,-3.9926674E0,5.1179276E0,-7.527663E-1,-1.7801358E0,1.9842281E0,8.8263625E-1,-2.1865495E-1,-7.8034334E-2,5.0522234E-2,2.3088227E-1],"categories":[],"categories_nodes":[],"categories_segments":[],"categories_sizes":[],"default_left":[0,0,0,0,0,0,0,0,0,0,0],"id":28,"left_children":[1,3,5,-1,7,9,-1,-1,-1,-1,-1],"loss_changes":[2.2634738E2,3.3527473E1,4.0592087E1,0E0,3.2538795E-1,7.5384045E-1,0E0,0E0,0E0,0E0,0E0],"parents":[2147483647,0,0,1,1,2,2,4,4,5,5],"right_children":[2,4,6,-1,8,10,-1,-1,-1,-1,-1],"split_conditions":[6.013315E-1,1.0048587E-1,8.980302E-1,-7.527663E-1,2.9964256E-1,7.0082474E-1,8.8263625E-1,-2.1865495E-1,-7.8034334E-2,5.0522234E-2,2.3088227E-1],"split_indices":[0,0,0,0,0,0,0,0,0,0,0],"split_type":[0,0,0,0,0,0,0,0,0,0,0],"sum_hessian":[9E0,5E0,4E0,1E0,4E0,3E0,1E0,2E0,2E0,1E0,2E0],"tree_param":{"num_deleted":"0","num_feature":"2","num_nodes":"11","size_leaf_vector":"1"}},{"base_weights":[1.584856E-1,-3.7683103E0,4.8389435E0,-7.1512794E-1,-1.6614605E0,1.8561573E0,8.3850443E-1,-2.0407799E-1,-7.283211E-2,4.799614E-2,2.1549022E-1],"categories":[],"categories_nodes":[],"categories_segments":[],"categories_sizes":[],"default_left":[0,0,0,0,0,0,0,0,0,0,0],"id":29,"left_children":[1,3,5,-1,7,9,-1,-1,-1,-1,-1],"loss_changes":[2.0202666E2,3.0882874E1,3.732235E1,0E0,2.834444E-1,6.102562E-1,0E0,0E0,0E0,0E0,0E0],"parents":[2147483647,0,0,1,1,2,2,4,4,5,5],"right_children":[2,4,6,-1,8,10,-1,-1,-1,-1,-1],"split_conditions":[6.013315E-1,1.0048587E-1,8.980302E-1,-7.1512794E-1,2.9964256E-1,7.0082474E-1,8.3850443E-1,-2.0407799E-1,-7.283211E-2,4.799614E-2,2.1549022E-1],"split_indices":[0,0,0,0,0,0,0,0,0,0,0],"split_type":[0,0,0,0,0,0,0,0,0,0,0],"sum_hessian":[9E0,5E0,4E0,1E0,4E0,3E0,1E0,2E0,2E0,1E0,2E0],"tree_param":{"num_deleted":"0","num_feature":"2","num_nodes":"11","size_leaf_vector":"1"}},{"base_weights":[1.5363236E-1,-3.5568187E0,4.575447E0,-6.7937154E-1,-1.5506961E0,1.736412E0,7.9657936E-1,-1.9047274E-1,-6.797664E-2,4.5596313E-2,2.0112407E-1],"categories":[],"categories_nodes":[],"categories_segments":[],"categories_sizes":[],"default_left":[0,0,0,0,0,0,0,0,0,0,0],"id":30,"left_children":[1,3,5,-1,7,9,-1,-1,-1,-1,-1],"loss_changes":[1.8034332E2,2.8426682E1,3.4294662E1,0E0,2.4691105E-1,4.9056435E-1,0E0,0E0,0E0,0E0,0E0],"parents":[2147483647,0,0,1,1,2,2,4,4,5,5],"right_children":[2,4,6,-1,8,10,-1,-1,-1,-1,-1],"split_conditions":[6.013315E-1,1.0048587E-1,8.980302E-1,-6.7937154E-1,2.9964256E-1,7.0082474E-1,7.9657936E-1,-1.9047274E-1,-6.797664E-2,4.5596313E-2,2.0112407E-1],"split_indices":[0,0,0,0,0,0,0,0,0,0,0],"split_type":[0,0,0,0,0,0,0,0,0,0,0],"sum_hessian":[9E0,5E0,4E0,1E0,4E0,3E0,1E0,2E0,2E0,1E0,2E0],"tree_param":{"num_deleted":"0","num_feature":"2","num_nodes":"11","size_leaf_vector":"1"}},{"base_weights":[1.4881735E-1,-3.3574398E0,4.3265624E0,-6.4540297E-1,-1.4473159E0,1.6244507E0,7.567505E-1,-1.7777456E-1,-6.344478E-2,4.331665E-2,1.8771566E-1],"categories":[],"categories_nodes":[],"categories_segments":[],"categories_sizes":[],"default_left":[0,0,0,0,0,0,0,0,0,0,0],"id":31,"left_children":[1,3,5,-1,7,9,-1,-1,-1,-1,-1],"loss_changes":[1.6100867E2,2.6148201E1,3.1493904E1,0E0,2.150917E-1,3.91057E-1,0E0,0E0,0E0,0E0,0E0],"parents":[2147483647,0,0,1,1,2,2,4,4,5,5],"right_children":[2,4,6,-1,8,10,-1,-1,-1,-1,-1],"split_conditions":[6.013315E-1,1.0048587E-1,8.980302E-1,-6.4540297E-1,2.9964256E-1,7.0082474E-1,7.567505E-1,-1.7777456E-1,-6.344478E-2,4.331665E-2,1.8771566E-1],"split_indices":[0,0,0,0,0,0,0,0,0,0,0],"split_type":[0,0,0,0,0,0,0,0,0,0,0],"sum_hessian":[9E0,5E0,4E0,1E0,4E0,3E0,1E0,2E0,2E0,1E0,2E0],"tree_param":{"num_deleted":"0","num_feature":"2","num_nodes":"11","size_leaf_vector":"1"}},{"base_weights":[1.4405203E-1,-3.1694655E0,4.0914626E0,-6.1313283E-1,-1.3508275E0,1.519764E0,7.189129E-1,-1.6592287E-1,-5.921504E-2,4.1150667E-2,1.7520142E-1],"categories":[],"categories_nodes":[],"categories_segments":[],"categories_sizes":[],"default_left":[0,0,0,0,0,0,0,0,0,0,0],"id":32,"left_children":[1,3,5,-1,7,9,-1,-1,-1,-1,-1],"loss_changes":[1.437659E2,2.4036972E1,2.8905548E1,0E0,1.8737221E-1,3.086071E-1,0E0,0E0,0E0,0E0,0E0],"parents":[2147483647,0,0,1,1,2,2,4,4,5,5],"right_children":[2,4,6,-1,8,10,-1,-1,-1,-1,-1],"split_conditions":[6.013315E-1,1.0048587E-1,8.980302E-1,-6.1313283E-1,2.9964256E-1,7.0082474E-1,7.189129E-1,-1.6592287E-1,-5.921504E-2,4.1150667E-2,1.7520142E-1],"split_indices":[0,0,0,0,0,0,0,0,0,0,0],"split_type":[0,0,0,0,0,0,0,0,0,0,0],"sum_hessian":[9E0,5E0,4E0,1E0,4E0,3E0,1E0,2E0,2E0,1E0,2E0],"tree_param":{"num_deleted":"0","num_feature":"2","num_nodes":"11","size_leaf_vector":"1"}},{"base_weights":[1.393464E-1,-2.9922307E0,3.8693695E0,-5.824762E-1,-1.260772E0,1.421875E0,6.8296736E-1,-1.404026E-1,-3.438778E-2,3.9093018E-2,1.6352133E-1],"categories":[],"categories_nodes":[],"categories_segments":[],"categories_sizes":[],"default_left":[0,0,0,0,0,0,0,0,0,0,0],"id":33,"left_children":[1,3,5,-1,7,9,-1,-1,-1,-1,-1],"loss_changes":[1.283866E2,2.2082775E1,2.6515701E1,0E0,1.7393064E-1,2.4050522E-1,0E0,0E0,0E0,0E0,0E0],"parents":[2147483647,0,0,1,1,2,2,4,4,5,5],"right_children":[2,4,6,-1,8,10,-1,-1,-1,-1,-1],"split_conditions":[6.013315E-1,1.0048587E-1,8.980302E-1,-5.824762E-1,3.9937642E-1,7.0082474E-1,6.8296736E-1,-1.404026E-1,-3.438778E-2,3.9093018E-2,1.6352133E-1],"split_indices":[0,0,0,0,0,0,0,0,0,0,0],"split_type":[0,0,0,0,0,0,0,0,0,0,0],"sum_hessian":[9E0,5E0,4E0,1E0,4E0,3E0,1E0,3E0,1E0,1E0,2E0],"tree_param":{"num_deleted":"0","num_feature":"2","num_nodes":"11","size_leaf_vector":"1"}},{"base_weights":[1.3824368E-1,-2.819218E0,3.659549E0,-5.5335236E-1,-1.1696522E0,1.3303413E0,6.4881897E-1,-1.4550114E-1,-4.9440894E-2,3.713837E-2,1.5261994E-1],"categories":[],"categories_nodes":[],"categories_segments":[],"categories_sizes":[],"default_left":[0,0,0,0,0,0,0,0,0,0,0],"id":34,"left_children":[1,3,5,-1,7,9,-1,-1,-1,-1,-1],"loss_changes":[1.1445832E2,2.0392258E1,2.4310951E1,0E0,2.4406338E-1,1.8447304E-1,0E0,0E0,0E0,0E0,0E0],"parents":[2147483647,0,0,1,1,2,2,4,4,5,5],"right_children":[2,4,6,-1,8,10,-1,-1,-1,-1,-1],"split_conditions":[6.013315E-1,1.0048587E-1,8.980302E-1,-5.5335236E-1,2.9964256E-1,7.0082474E-1,6.4881897E-1,-1.4550114E-1,-4.9440894E-2,3.713837E-2,1.5261994E-1],"split_indices":[0,0,0,0,0,0,0,0,0,0,0],"split_type":[0,0,0,0,0,0,0,0,0,0,0],"sum_hessian":[9E0,5E0,4E0,1E0,4E0,3E0,1E0,2E0,2E0,1E0,2E0],"tree_param":{"num_deleted":"0","num_feature":"2","num_nodes":"11","size_leaf_vector":"1"}},{"base_weights":[1.3344803E-1,-2.6620114E0,3.46131E0,-5.256848E-1,-1.0916748E0,1.2447472E0,6.16378E-1,-1.3580106E-1,-4.614474E-2,3.528137E-2,1.4244537E-1],"categories":[],"categories_nodes":[],"categories_segments":[],"categories_sizes":[],"default_left":[0,0,0,0,0,0,0,0,0,0,0],"id":35,"left_children":[1,3,5,-1,7,9,-1,-1,-1,-1,-1],"loss_changes":[1.0224307E2,1.8709831E1,2.2278625E1,0E0,2.1260977E-1,1.3857889E-1,0E0,0E0,0E0,0E0,0E0],"parents":[2147483647,0,0,1,1,2,2,4,4,5,5],"right_children":[2,4,6,-1,8,10,-1,-1,-1,-1,-1],"split_conditions":[6.013315E-1,1.0048587E-1,8.980302E-1,-5.256848E-1,2.9964256E-1,7.0082474E-1,6.16378E-1,-1.3580106E-1,-4.614474E-2,3.528137E-2,1.4244537E-1],"split_indices":[0,0,0,0,0,0,0,0,0,0,0],"split_type":[0,0,0,0,0,0,0,0,0,0,0],"sum_hessian":[9E0,5E0,4E0,1E0,4E0,3E0,1E0,2E0,2E0,1E0,2E0],"tree_param":{"num_deleted":"0","num_feature":"2","num_nodes":"11","size_leaf_vector":"1"}},{"base_weights":[1.2875041E-1,-2.5137484E0,3.273999E0,-4.9940053E-1,-1.0188961E0,1.1647034E0,5.8555907E-1,-1.2674771E-1,-4.3068316E-2,3.3517458E-2,1.3294882E-1],"categories":[],"categories_nodes":[],"categories_segments":[],"categories_sizes":[],"default_left":[0,0,0,0,0,0,0,0,0,0,0],"id":36,"left_children":[1,3,5,-1,7,9,-1,-1,-1,-1,-1],"loss_changes":[9.134318E1,1.7157333E1,2.0406673E1,0E0,1.8521166E-1,1.0116434E-1,0E0,0E0,0E0,0E0,0E0],"parents":[2147483647,0,0,1,1,2,2,4,4,5,5],"right_children":[2,4,6,-1,8,10,-1,-1,-1,-1,-1],"split_conditions":[6.013315E-1,1.0048587E-1,8.980302E-1,-4.9940053E-1,2.9964256E-1,7.0082474E-1,5.8555907E-1,-1.2674771E-1,-4.3068316E-2,3.3517458E-2,1.3294882E-1],"split_indices":[0,0,0,0,0,0,0,0,0,0,0],"split_type":[0,0,0,0,0,0,0,0,0,0,0],"sum_hessian":[9E0,5E0,4E0,1E0,4E0,3E0,1E0,2E0,2E0,1E0,2E0],"tree_param":{"num_deleted":"0","num_feature":"2","num_nodes":"11","size_leaf_vector":"1"}},{"base_weights":[1.2415628E-1,-1.5610045E0,4.576533E0,-4.7443053E-1,-4.2848942E-1,1.3019867E-1,5.5628127E-1,-9.5097005E-1,5.8514148E-2,-1.182979E-1,-4.019712E-2],"categories":[],"categories_nodes":[],"categories_segments":[],"categories_sizes":[],"default_left":[0,0,0,0,0,0,0,0,0,0,0],"id":37,"left_children":[1,3,5,-1,7,-1,-1,9,-1,-1,-1],"loss_changes":[8.2173706E1,2.68082E1,2.446148E0,0E0,4.26367E0,0E0,0E0,1.6133976E-1,0E0,0E0,0E0],"parents":[2147483647,0,0,1,1,2,2,4,4,7,7],"right_children":[2,4,6,-1,8,-1,-1,10,-1,-1,-1],"split_conditions":[8.0108935E-1,1.0048587E-1,8.980302E-1,-4.7443053E-1,6.013315E-1,1.3019867E-1,5.5628127E-1,2.9964256E-1,5.8514148E-2,-1.182979E-1,-4.019712E-2],"split_indices":[0,0,0,0,0,0,0,0,0,0,0],"split_type":[0,0,0,0,0,0,0,0,0,0,0],"sum_hessian":[9E0,7E0,2E0,1E0,6E0,1E0,1E0,4E0,2E0,2E0,2E0],"tree_param":{"num_deleted":"0","num_feature":"2","num_nodes":"11","size_leaf_vector":"1"}},{"base_weights":[1.2294664E-1,-1.4767069E0,4.3477073E0,-4.5070902E-1,-3.9992496E-1,1.2368889E-1,5.284672E-1,-8.875729E-1,5.461299E-2,-1.104114E-1,-3.751742E-2],"categories":[],"categories_nodes":[],"categories_segments":[],"categories_sizes":[],"default_left":[0,0,0,0,0,0,0,0,0,0,0],"id":38,"left_children":[1,3,5,-1,7,-1,-1,9,-1,-1,-1],"loss_changes":[7.4001816E1,2.4301998E1,2.2076263E0,0E0,3.7141213E0,0E0,0E0,1.4054179E-1,0E0,0E0,0E0],"parents":[2147483647,0,0,1,1,2,2,4,4,7,7],"right_children":[2,4,6,-1,8,-1,-1,10,-1,-1,-1],"split_conditions":[8.0108935E-1,1.0048587E-1,8.980302E-1,-4.5070902E-1,6.013315E-1,1.2368889E-1,5.284672E-1,2.9964256E-1,5.461299E-2,-1.104114E-1,-3.751742E-2],"split_indices":[0,0,0,0,0,0,0,0,0,0,0],"split_type":[0,0,0,0,0,0,0,0,0,0,0],"sum_hessian":[9E0,7E0,2E0,1E0,6E0,1E0,1E0,4E0,2E0,2E0,2E0],"tree_param":{"num_deleted":"0","num_feature":"2","num_nodes":"11","size_leaf_vector":"1"}},{"base_weights":[1.2146588E-1,-1.3970387E0,4.130323E0,-4.2817354E-1,-3.7326267E-1,1.175045E-1,5.020439E-1,-8.284012E-1,5.0972242E-2,-1.0305061E-1,-3.501625E-2],"categories":[],"categories_nodes":[],"categories_segments":[],"categories_sizes":[],"default_left":[0,0,0,0,0,0,0,0,0,0,0],"id":39,"left_children":[1,3,5,-1,7,-1,-1,9,-1,-1,-1],"loss_changes":[6.66449E1,2.2028055E1,1.992382E0,0E0,3.2354183E0,0E0,0E0,1.2242699E-1,0E0,0E0,0E0],"parents":[2147483647,0,0,1,1,2,2,4,4,7,7],"right_children":[2,4,6,-1,8,-1,-1,10,-1,-1,-1],"split_conditions":[8.0108935E-1,1.0048587E-1,8.980302E-1,-4.2817354E-1,6.013315E-1,1.175045E-1,5.020439E-1,2.9964256E-1,5.0972242E-2,-1.0305061E-1,-3.501625E-2],"split_indices":[0,0,0,0,0,0,0,0,0,0,0],"split_type":[0,0,0,0,0,0,0,0,0,0,0],"sum_hessian":[9E0,7E0,2E0,1E0,6E0,1E0,1E0,4E0,2E0,2E0,2E0],"tree_param":{"num_deleted":"0","num_feature":"2","num_nodes":"11","size_leaf_vector":"1"}},{"base_weights":[1.1974659E-1,-1.3217437E0,3.9238052E0,-4.067649E-1,-3.4837887E-1,1.11629106E-1,4.7694167E-1,-7.7317506E-1,4.7574107E-2,-9.61806E-2,-3.268191E-2],"categories":[],"categories_nodes":[],"categories_segments":[],"categories_sizes":[],"default_left":[0,0,0,0,0,0,0,0,0,0,0],"id":40,"left_children":[1,3,5,-1,7,-1,-1,9,-1,-1,-1],"loss_changes":[6.00214E1,1.9965057E1,1.7981453E0,0E0,2.818412E0,0E0,0E0,1.066463E-1,0E0,0E0,0E0],"parents":[2147483647,0,0,1,1,2,2,4,4,7,7],"right_children":[2,4,6,-1,8,-1,-1,10,-1,-1,-1],"split_conditions":[8.0108935E-1,1.0048587E-1,8.980302E-1,-4.067649E-1,6.013315E-1,1.11629106E-1,4.7694167E-1,2.9964256E-1,4.7574107E-2,-9.61806E-2,-3.268191E-2],"split_indices":[0,0,0,0,0,0,0,0,0,0,0],"split_type":[0,0,0,0,0,0,0,0,0,0,0],"sum_hessian":[9E0,7E0,2E0,1E0,6E0,1E0,1E0,4E0,2E0,2E0,2E0],"tree_param":{"num_deleted":"0","num_feature":"2","num_nodes":"11","size_leaf_vector":"1"}},{"base_weights":[1.1782284E-1,-1.2505772E0,3.7276154E0,-3.8642666E-1,-3.25155E-1,1.06047824E-1,4.5309448E-1,-7.216309E-1,4.4402312E-2,-8.97686E-2,-3.0503212E-2],"categories":[],"categories_nodes":[],"categories_segments":[],"categories_sizes":[],"default_left":[0,0,0,0,0,0,0,0,0,0,0],"id":41,"left_children":[1,3,5,-1,7,-1,-1,9,-1,-1,-1],"loss_changes":[5.4058075E1,1.8093643E1,1.6228027E0,0E0,2.455145E0,0E0,0E0,9.2898846E-2,0E0,0E0,0E0],"parents":[2147483647,0,0,1,1,2,2,4,4,7,7],"right_children":[2,4,6,-1,8,-1,-1,10,-1,-1,-1],"split_conditions":[8.0108935E-1,1.0048587E-1,8.980302E-1,-3.8642666E-1,6.013315E-1,1.06047824E-1,4.5309448E-1,2.9964256E-1,4.4402312E-2,-8.97686E-2,-3.0503212E-2],"split_indices":[0,0,0,0,0,0,0,0,0,0,0],"split_type":[0,0,0,0,0,0,0,0,0,0,0],"sum_hessian":[9E0,7E0,2E0,1E0,6E0,1E0,1E0,4E0,2E0,2E0,2E0],"tree_param":{"num_deleted":"0","num_feature":"2","num_nodes":"11","size_leaf_vector":"1"}},{"base_weights":[1.15724705E-1,-1.1833069E0,3.5412343E0,-3.6710533E-1,-3.034785E-1,1.00745395E-1,4.3043977E-1,-6.735226E-1,4.1442107E-2,-7.572036E-2,-1.6939927E-2],"categories":[],"categories_nodes":[],"categories_segments":[],"categories_sizes":[],"default_left":[0,0,0,0,0,0,0,0,0,0,0],"id":42,"left_children":[1,3,5,-1,7,-1,-1,9,-1,-1,-1],"loss_changes":[4.8688824E1,1.6396235E1,1.4645805E0,0E0,2.1387033E0,0E0,0E0,8.265805E-2,0E0,0E0,0E0],"parents":[2147483647,0,0,1,1,2,2,4,4,7,7],"right_children":[2,4,6,-1,8,-1,-1,10,-1,-1,-1],"split_conditions":[8.0108935E-1,1.0048587E-1,8.980302E-1,-3.6710533E-1,6.013315E-1,1.00745395E-1,4.3043977E-1,3.9937642E-1,4.1442107E-2,-7.572036E-2,-1.6939927E-2],"split_indices":[0,0,0,0,0,0,0,0,0,0,0],"split_type":[0,0,0,0,0,0,0,0,0,0,0],"sum_hessian":[9E0,7E0,2E0,1E0,6E0,1E0,1E0,4E0,2E0,3E0,1E0],"tree_param":{"num_deleted":"0","num_feature":"2","num_nodes":"11","size_leaf_vector":"1"}},{"base_weights":[1.1543822E-1,-1.1172664E0,3.3641713E0,-3.4875005E-1,-2.8044727E-1,9.570809E-2,4.0891764E-1,-6.247017E-1,3.8679253E-2,-7.873599E-2,-2.538096E-2],"categories":[],"categories_nodes":[],"categories_segments":[],"categories_sizes":[],"default_left":[0,0,0,0,0,0,0,0,0,0,0],"id":43,"left_children":[1,3,5,-1,7,-1,-1,9,-1,-1,-1],"loss_changes":[4.380596E1,1.4889599E1,1.321785E0,0E0,1.8495314E0,0E0,0E0,1.0180366E-1,0E0,0E0,0E0],"parents":[2147483647,0,0,1,1,2,2,4,4,7,7],"right_children":[2,4,6,-1,8,-1,-1,10,-1,-1,-1],"split_conditions":[8.0108935E-1,1.0048587E-1,8.980302E-1,-3.4875005E-1,6.013315E-1,9.570809E-2,4.0891764E-1,2.9964256E-1,3.8679253E-2,-7.873599E-2,-2.538096E-2],"split_indices":[0,0,0,0,0,0,0,0,0,0,0],"split_type":[0,0,0,0,0,0,0,0,0,0,0],"sum_hessian":[9E0,7E0,2E0,1E0,6E0,1E0,1E0,4E0,2E0,2E0,2E0],"tree_param":{"num_deleted":"0","num_feature":"2","num_nodes":"11","size_leaf_vector":"1"}},{"base_weights":[1.1293683E-1,-1.0573144E0,3.195961E0,-3.3131254E-1,-2.6175198E-1,9.092255E-2,3.884716E-1,-5.8305585E-1,3.6100518E-2,-7.348697E-2,-2.3689015E-2],"categories":[],"categories_nodes":[],"categories_segments":[],"categories_sizes":[],"default_left":[0,0,0,0,0,0,0,0,0,0,0],"id":44,"left_children":[1,3,5,-1,7,-1,-1,9,-1,-1,-1],"loss_changes":[3.945826E1,1.348989E1,1.1929188E0,0E0,1.6111462E0,0E0,0E0,8.868027E-2,0E0,0E0,0E0],"parents":[2147483647,0,0,1,1,2,2,4,4,7,7],"right_children":[2,4,6,-1,8,-1,-1,10,-1,-1,-1],"split_conditions":[8.0108935E-1,1.0048587E-1,8.980302E-1,-3.3131254E-1,6.013315E-1,9.092255E-2,3.884716E-1,2.9964256E-1,3.6100518E-2,-7.348697E-2,-2.3689015E-2],"split_indices":[0,0,0,0,0,0,0,0,0,0,0],"split_type":[0,0,0,0,0,0,0,0,0,0,0],"sum_hessian":[9E0,7E0,2E0,1E0,6E0,1E0,1E0,4E0,2E0,2E0,2E0],"tree_param":{"num_deleted":"0","num_feature":"2","num_nodes":"11","size_leaf_vector":"1"}},{"base_weights":[1.10343456E-1,-1.0006319E0,3.0361633E0,-3.1474692E-1,-2.4430248E-1,8.637657E-2,3.6904794E-1,-5.4418564E-1,3.3693697E-2,-6.858788E-2,-2.210973E-2],"categories":[],"categories_nodes":[],"categories_segments":[],"categories_sizes":[],"default_left":[0,0,0,0,0,0,0,0,0,0,0],"id":45,"left_children":[1,3,5,-1,7,-1,-1,9,-1,-1,-1],"loss_changes":[3.554322E1,1.2220796E1,1.0765934E0,0E0,1.4034836E0,0E0,0E0,7.7251196E-2,0E0,0E0,0E0],"parents":[2147483647,0,0,1,1,2,2,4,4,7,7],"right_children":[2,4,6,-1,8,-1,-1,10,-1,-1,-1],"split_conditions":[8.0108935E-1,1.0048587E-1,8.980302E-1,-3.1474692E-1,6.013315E-1,8.637657E-2,3.6904794E-1,2.9964256E-1,3.3693697E-2,-6.858788E-2,-2.210973E-2],"split_indices":[0,0,0,0,0,0,0,0,0,0,0],"split_type":[0,0,0,0,0,0,0,0,0,0,0],"sum_hessian":[9E0,7E0,2E0,1E0,6E0,1E0,1E0,4E0,2E0,2E0,2E0],"tree_param":{"num_deleted":"0","num_feature":"2","num_nodes":"11","size_leaf_vector":"1"}},{"base_weights":[1.076766E-1,-9.4703686E-1,2.8843536E0,-2.9900956E-1,-2.2801481E-1,8.205757E-2,3.5059547E-1,-5.079063E-1,3.14476E-2,-6.401532E-2,-2.0635732E-2],"categories":[],"categories_nodes":[],"categories_segments":[],"categories_sizes":[],"default_left":[0,0,0,0,0,0,0,0,0,0,0],"id":46,"left_children":[1,3,5,-1,7,-1,-1,9,-1,-1,-1],"loss_changes":[3.2017574E1,1.1070249E1,9.716377E-1,0E0,1.2225945E0,0E0,0E0,6.729436E-2,0E0,0E0,0E0],"parents":[2147483647,0,0,1,1,2,2,4,4,7,7],"right_children":[2,4,6,-1,8,-1,-1,10,-1,-1,-1],"split_conditions":[8.0108935E-1,1.0048587E-1,8.980302E-1,-2.9900956E-1,6.013315E-1,8.205757E-2,3.5059547E-1,2.9964256E-1,3.14476E-2,-6.401532E-2,-2.0635732E-2],"split_indices":[0,0,0,0,0,0,0,0,0,0,0],"split_type":[0,0,0,0,0,0,0,0,0,0,0],"sum_hessian":[9E0,7E0,2E0,1E0,6E0,1E0,1E0,4E0,2E0,2E0,2E0],"tree_param":{"num_deleted":"0","num_feature":"2","num_nodes":"11","size_leaf_vector":"1"}},{"base_weights":[1.0495348E-1,-8.963598E-1,2.7401378E0,-2.840591E-1,-2.1281378E-1,7.7954866E-2,3.330658E-1,-4.7404557E-1,2.9351044E-2,-5.9747696E-2,-1.9259898E-2],"categories":[],"categories_nodes":[],"categories_segments":[],"categories_sizes":[],"default_left":[0,0,0,0,0,0,0,0,0,0,0],"id":47,"left_children":[1,3,5,-1,7,-1,-1,9,-1,-1,-1],"loss_changes":[2.8842598E1,1.0027256E1,8.76894E-1,0E0,1.0650132E0,0E0,0E0,5.8623195E-2,0E0,0E0,0E0],"parents":[2147483647,0,0,1,1,2,2,4,4,7,7],"right_children":[2,4,6,-1,8,-1,-1,10,-1,-1,-1],"split_conditions":[8.0108935E-1,1.0048587E-1,8.980302E-1,-2.840591E-1,6.013315E-1,7.7954866E-2,3.330658E-1,2.9964256E-1,2.9351044E-2,-5.9747696E-2,-1.9259898E-2],"split_indices":[0,0,0,0,0,0,0,0,0,0,0],"split_type":[0,0,0,0,0,0,0,0,0,0,0],"sum_hessian":[9E0,7E0,2E0,1E0,6E0,1E0,1E0,4E0,2E0,2E0,2E0],"tree_param":{"num_deleted":"0","num_feature":"2","num_nodes":"11","size_leaf_vector":"1"}},{"base_weights":[1.02188155E-1,-8.484382E-1,2.6031291E0,-2.2264428E0,-1.8029531E-2,7.4057005E-2,3.1641236E-1,-2.6985615E-1,-6.411028E-2,-2.3250198E-2,2.7394357E-1,8.501816E-3,3.2589722E-2],"categories":[],"categories_nodes":[],"categories_segments":[],"categories_sizes":[],"default_left":[0,0,0,0,0,0,0,0,0,0,0,0,0],"id":48,"left_children":[1,3,5,7,9,-1,-1,-1,-1,-1,11,-1,-1],"loss_changes":[2.59832E1,9.114315E0,7.91399E-1,5.153494E-1,4.3941358E-1,0E0,0E0,0E0,0E0,0E0,1.738891E-3,0E0,0E0],"parents":[2147483647,0,0,1,1,2,2,3,3,4,4,10,10],"right_children":[2,4,6,8,10,-1,-1,-1,-1,-1,12,-1,-1],"split_conditions":[8.0108935E-1,1.9986461E-1,8.980302E-1,1.0048587E-1,6.013315E-1,7.4057005E-2,3.1641236E-1,-2.6985615E-1,-6.411028E-2,-2.3250198E-2,7.0082474E-1,8.501816E-3,3.2589722E-2],"split_indices":[0,0,0,0,0,0,0,0,0,0,0,0,0],"split_type":[0,0,0,0,0,0,0,0,0,0,0,0,0],"sum_hessian":[9E0,7E0,2E0,2E0,5E0,1E0,1E0,1E0,1E0,3E0,2E0,1E0,1E0],"tree_param":{"num_deleted":"0","num_feature":"2","num_nodes":"13","size_leaf_vector":"1"}},{"base_weights":[9.940348E-2,-8.0311E-1,2.4729717E0,-2.115121E0,-1.3252894E-2,7.035408E-2,3.0059168E-1,-2.5636336E-1,-6.090479E-2,-2.1506405E-2,2.6024628E-1,8.076859E-3,3.0960083E-2],"categories":[],"categories_nodes":[],"categories_segments":[],"categories_sizes":[],"default_left":[0,0,0,0,0,0,0,0,0,0,0,0,0],"id":49,"left_children":[1,3,5,7,9,-1,-1,-1,-1,-1,11,-1,-1],"loss_changes":[2.340784E1,8.262377E0,7.1424294E-1,4.6510315E-1,3.8714072E-1,0E0,0E0,0E0,0E0,0E0,1.5681088E-3,0E0,0E0],"parents":[2147483647,0,0,1,1,2,2,3,3,4,4,10,10],"right_children":[2,4,6,8,10,-1,-1,-1,-1,-1,12,-1,-1],"split_conditions":[8.0108935E-1,1.9986461E-1,8.980302E-1,1.0048587E-1,6.013315E-1,7.035408E-2,3.0059168E-1,-2.5636336E-1,-6.090479E-2,-2.1506405E-2,7.0082474E-1,8.076859E-3,3.0960083E-2],"split_indices":[0,0,0,0,0,0,0,0,0,0,0,0,0],"split_type":[0,0,0,0,0,0,0,0,0,0,0,0,0],"sum_hessian":[9E0,7E0,2E0,2E0,5E0,1E0,1E0,1E0,1E0,3E0,2E0,1E0,1E0],"tree_param":{"num_deleted":"0","num_feature":"2","num_nodes":"13","size_leaf_vector":"1"}},{"base_weights":[9.658446E-2,-7.602661E-1,2.3493245E0,-2.0093646E0,-9.005864E-3,6.683655E-2,2.8556213E-1,-2.4354517E-1,-5.7859518E-2,-1.9893361E-2,2.4723308E-1,7.672882E-3,2.941208E-2],"categories":[],"categories_nodes":[],"categories_segments":[],"categories_sizes":[],"default_left":[0,0,0,0,0,0,0,0,0,0,0,0,0],"id":50,"left_children":[1,3,5,7,9,-1,-1,-1,-1,-1,11,-1,-1],"loss_changes":[2.1088728E1,7.489087E0,6.445942E-1,4.197569E-1,3.4118423E-1,0E0,0E0,0E0,0E0,0E0,1.4161319E-3,0E0,0E0],"parents":[2147483647,0,0,1,1,2,2,3,3,4,4,10,10],"right_children":[2,4,6,8,10,-1,-1,-1,-1,-1,12,-1,-1],"split_conditions":[8.0108935E-1,1.9986461E-1,8.980302E-1,1.0048587E-1,6.013315E-1,6.683655E-2,2.8556213E-1,-2.4354517E-1,-5.7859518E-2,-1.9893361E-2,7.0082474E-1,7.672882E-3,2.941208E-2],"split_indices":[0,0,0,0,0,0,0,0,0,0,0,0,0],"split_type":[0,0,0,0,0,0,0,0,0,0,0,0,0],"sum_hessian":[9E0,7E0,2E0,2E0,5E0,1E0,1E0,1E0,1E0,3E0,2E0,1E0,1E0],"tree_param":{"num_deleted":"0","num_feature":"2","num_nodes":"13","size_leaf_vector":"1"}},{"base_weights":[9.374495E-2,-7.1976626E-1,2.23186E0,-1.9088964E0,-5.2401223E-3,6.3494876E-2,2.712841E-1,-2.3136793E-1,-5.4966547E-2,-1.8401338E-2,2.3487091E-1,7.2891237E-3,2.7941514E-2],"categories":[],"categories_nodes":[],"categories_segments":[],"categories_sizes":[],"default_left":[0,0,0,0,0,0,0,0,0,0,0,0,0],"id":51,"left_children":[1,3,5,7,9,-1,-1,-1,-1,-1,11,-1,-1],"loss_changes":[1.9000221E1,6.787314E0,5.817385E-1,3.788309E-1,3.0077195E-1,0E0,0E0,0E0,0E0,0E0,1.2788624E-3,0E0,0E0],"parents":[2147483647,0,0,1,1,2,2,3,3,4,4,10,10],"right_children":[2,4,6,8,10,-1,-1,-1,-1,-1,12,-1,-1],"split_conditions":[8.0108935E-1,1.9986461E-1,8.980302E-1,1.0048587E-1,6.013315E-1,6.3494876E-2,2.712841E-1,-2.3136793E-1,-5.4966547E-2,-1.8401338E-2,7.0082474E-1,7.2891237E-3,2.7941514E-2],"split_indices":[0,0,0,0,0,0,0,0,0,0,0,0,0],"split_type":[0,0,0,0,0,0,0,0,0,0,0,0,0],"sum_hessian":[9E0,7E0,2E0,2E0,5E0,1E0,1E0,1E0,1E0,3E0,2E0,1E0,1E0],"tree_param":{"num_deleted":"0","num_feature":"2","num_nodes":"13","size_leaf_vector":"1"}},{"base_weights":[9.089871E-2,-6.8147683E-1,2.1202672E0,-1.8134518E0,-1.9098917E-3,6.0320284E-2,2.577198E-1,-2.1979952E-1,-5.2218247E-2,-1.702118E-2,2.2312927E-1,6.92482E-3,2.654457E-2],"categories":[],"categories_nodes":[],"categories_segments":[],"categories_sizes":[],"default_left":[0,0,0,0,0,0,0,0,0,0,0,0,0],"id":52,"left_children":[1,3,5,7,9,-1,-1,-1,-1,-1,11,-1,-1],"loss_changes":[1.7119259E1,6.1505585E0,5.2500725E-1,3.418932E-1,2.6522636E-1,0E0,0E0,0E0,0E0,0E0,1.1534542E-3,0E0,0E0],"parents":[2147483647,0,0,1,1,2,2,3,3,4,4,10,10],"right_children":[2,4,6,8,10,-1,-1,-1,-1,-1,12,-1,-1],"split_conditions":[8.0108935E-1,1.9986461E-1,8.980302E-1,1.0048587E-1,6.013315E-1,6.0320284E-2,2.577198E-1,-2.1979952E-1,-5.2218247E-2,-1.702118E-2,7.0082474E-1,6.92482E-3,2.654457E-2],"split_indices":[0,0,0,0,0,0,0,0,0,0,0,0,0],"split_type":[0,0,0,0,0,0,0,0,0,0,0,0,0],"sum_hessian":[9E0,7E0,2E0,2E0,5E0,1E0,1E0,1E0,1E0,3E0,2E0,1E0,1E0],"tree_param":{"num_deleted":"0","num_feature":"2","num_nodes":"13","size_leaf_vector":"1"}},{"base_weights":[8.805661E-2,-6.4527553E-1,2.0142567E0,-1.7227794E0,1.0223389E-3,5.7304382E-2,2.4483414E-1,-2.0880954E-1,-4.9607374E-2,-1.5744591E-2,2.1197255E-1,6.5784454E-3,2.5217438E-2],"categories":[],"categories_nodes":[],"categories_segments":[],"categories_sizes":[],"default_left":[0,0,0,0,0,0,0,0,0,0,0,0,0],"id":53,"left_children":[1,3,5,7,9,-1,-1,-1,-1,-1,11,-1,-1],"loss_changes":[1.5425197E1,5.5728693E0,4.7381687E-1,3.0855656E-1,2.3394768E-1,0E0,0E0,0E0,0E0,0E0,1.0419339E-3,0E0,0E0],"parents":[2147483647,0,0,1,1,2,2,3,3,4,4,10,10],"right_children":[2,4,6,8,10,-1,-1,-1,-1,-1,12,-1,-1],"split_conditions":[8.0108935E-1,1.9986461E-1,8.980302E-1,1.0048587E-1,6.013315E-1,5.7304382E-2,2.4483414E-1,-2.0880954E-1,-4.9607374E-2,-1.5744591E-2,7.0082474E-1,6.5784454E-3,2.5217438E-2],"split_indices":[0,0,0,0,0,0,0,0,0,0,0,0,0],"split_type":[0,0,0,0,0,0,0,0,0,0,0,0,0],"sum_hessian":[9E0,7E0,2E0,2E0,5E0,1E0,1E0,1E0,1E0,3E0,2E0,1E0,1E0],"tree_param":{"num_deleted":"0","num_feature":"2","num_nodes":"13","size_leaf_vector":"1"}},{"base_weights":[8.522904E-2,-6.110436E-1,1.9135462E0,-1.6366402E0,3.5953522E-3,5.4439165E-2,2.3259278E-1,-1.9836907E-1,-4.712696E-2,-1.4563846E-2,2.0137532E-1,6.2496187E-3,2.395668E-2],"categories":[],"categories_nodes":[],"categories_segments":[],"categories_sizes":[],"default_left":[0,0,0,0,0,0,0,0,0,0,0,0,0],"id":54,"left_children":[1,3,5,7,9,-1,-1,-1,-1,-1,11,-1,-1],"loss_changes":[1.3899332E1,5.0488567E0,4.276266E-1,2.7847385E-1,2.0642075E-1,0E0,0E0,0E0,0E0,0E0,9.3999505E-4,0E0,0E0],"parents":[2147483647,0,0,1,1,2,2,3,3,4,4,10,10],"right_children":[2,4,6,8,10,-1,-1,-1,-1,-1,12,-1,-1],"split_conditions":[8.0108935E-1,1.9986461E-1,8.980302E-1,1.0048587E-1,6.013315E-1,5.4439165E-2,2.3259278E-1,-1.9836907E-1,-4.712696E-2,-1.4563846E-2,7.0082474E-1,6.2496187E-3,2.395668E-2],"split_indices":[0,0,0,0,0,0,0,0,0,0,0,0,0],"split_type":[0,0,0,0,0,0,0,0,0,0,0,0,0],"sum_hessian":[9E0,7E0,2E0,2E0,5E0,1E0,1E0,1E0,1E0,3E0,2E0,1E0,1E0],"tree_param":{"num_deleted":"0","num_feature":"2","num_nodes":"13","size_leaf_vector":"1"}},{"base_weights":[8.242495E-2,-5.786705E-1,1.8178711E0,-1.5548083E0,5.8434806E-3,5.171738E-2,2.2096328E-1,-1.8845062E-1,-4.4770624E-2,-1.3471508E-1,1.9130707E-1,-1.5282059E-2,-4.019928E-3,5.937195E-3,2.2758866E-2],"categories":[],"categories_nodes":[],"categories_segments":[],"categories_sizes":[],"default_left":[0,0,0,0,0,0,0,0,0,0,0,0,0,0,0],"id":55,"left_children":[1,3,5,7,9,-1,-1,-1,-1,11,13,-1,-1,-1,-1],"loss_changes":[1.2524903E1,4.573614E0,3.8592625E-1,2.5132275E-1,1.8218292E-1,0E0,0E0,0E0,0E0,7.0174783E-4,8.480698E-4,0E0,0E0,0E0,0E0],"parents":[2147483647,0,0,1,1,2,2,3,3,4,4,9,9,10,10],"right_children":[2,4,6,8,10,-1,-1,-1,-1,12,14,-1,-1,-1,-1],"split_conditions":[8.0108935E-1,1.9986461E-1,8.980302E-1,1.0048587E-1,6.013315E-1,5.171738E-2,2.2096328E-1,-1.8845062E-1,-4.4770624E-2,3.9937642E-1,7.0082474E-1,-1.5282059E-2,-4.019928E-3,5.937195E-3,2.2758866E-2],"split_indices":[0,0,0,0,0,0,0,0,0,0,0,0,0,0,0],"split_type":[0,0,0,0,0,0,0,0,0,0,0,0,0,0,0],"sum_hessian":[9E0,7E0,2E0,2E0,5E0,1E0,1E0,1E0,1E0,3E0,2E0,2E0,1E0,1E0,1E0],"tree_param":{"num_deleted":"0","num_feature":"2","num_nodes":"15","size_leaf_vector":"1"}},{"base_weights":[7.90679E-2,-5.487815E-1,1.726977E0,-1.4770676E0,6.825129E-3,4.9131393E-2,2.0991516E-1,-1.7902808E-1,-4.2532064E-2,-1.2606907E-1,1.8174236E-1,-1.426328E-2,-3.8188936E-3,5.6404113E-3,2.1620942E-2],"categories":[],"categories_nodes":[],"categories_segments":[],"categories_sizes":[],"default_left":[0,0,0,0,0,0,0,0,0,0,0,0,0,0,0],"id":56,"left_children":[1,3,5,7,9,-1,-1,-1,-1,11,13,-1,-1,-1,-1],"loss_changes":[1.1294121E1,4.136177E0,3.4830475E-1,2.2681952E-1,1.6238499E-1,0E0,0E0,0E0,0E0,3.7549436E-4,7.650256E-4,0E0,0E0,0E0,0E0],"parents":[2147483647,0,0,1,1,2,2,3,3,4,4,9,9,10,10],"right_children":[2,4,6,8,10,-1,-1,-1,-1,12,14,-1,-1,-1,-1],"split_conditions":[8.0108935E-1,1.9986461E-1,8.980302E-1,1.0048587E-1,6.013315E-1,4.9131393E-2,2.0991516E-1,-1.7902808E-1,-4.2532064E-2,3.9937642E-1,7.0082474E-1,-1.426328E-2,-3.8188936E-3,5.6404113E-3,2.1620942E-2],"split_indices":[0,0,0,0,0,0,0,0,0,0,0,0,0,0,0],"split_type":[0,0,0,0,0,0,0,0,0,0,0,0,0,0,0],"sum_hessian":[9E0,7E0,2E0,2E0,5E0,1E0,1E0,1E0,1E0,3E0,2E0,2E0,1E0,1E0,1E0],"tree_param":{"num_deleted":"0","num_feature":"2","num_nodes":"15","size_leaf_vector":"1"}},{"base_weights":[7.5827554E-2,-5.204509E-1,1.6406275E0,-1.4032143E0,7.672628E-3,4.667473E-2,1.9941941E-1,-1.7007668E-1,-4.0405463E-2,-1.17982864E-1,1.7265575E-1,-1.3312404E-2,-3.6279678E-3,5.3585055E-3,2.0539856E-2],"categories":[],"categories_nodes":[],"categories_segments":[],"categories_sizes":[],"default_left":[0,0,0,0,0,0,0,0,0,0,0,0,0,0,0],"id":57,"left_children":[1,3,5,7,9,-1,-1,-1,-1,11,13,-1,-1,-1,-1],"loss_changes":[1.0184431E1,3.7404318E0,3.1434917E-1,2.0470428E-1,1.4475662E-1,0E0,0E0,0E0,0E0,1.18635595E-4,6.898418E-4,0E0,0E0,0E0,0E0],"parents":[2147483647,0,0,1,1,2,2,3,3,4,4,9,9,10,10],"right_children":[2,4,6,8,10,-1,-1,-1,-1,12,14,-1,-1,-1,-1],"split_conditions":[8.0108935E-1,1.9986461E-1,8.980302E-1,1.0048587E-1,6.013315E-1,4.667473E-2,1.9941941E-1,-1.7007668E-1,-4.0405463E-2,3.9937642E-1,7.0082474E-1,-1.3312404E-2,-3.6279678E-3,5.3585055E-3,2.0539856E-2],"split_indices":[0,0,0,0,0,0,0,0,0,0,0,0,0,0,0],"split_type":[0,0,0,0,0,0,0,0,0,0,0,0,0,0,0],"sum_hessian":[9E0,7E0,2E0,2E0,5E0,1E0,1E0,1E0,1E0,3E0,2E0,2E0,1E0,1E0,1E0],"tree_param":{"num_deleted":"0","num_feature":"2","num_nodes":"15","size_leaf_vector":"1"}},{"base_weights":[7.2702385E-2,-4.9359563E-1,1.5585963E0,-1.3330537E0,8.399327E-3,4.4340897E-2,1.8944855E-1,-1.6157286E-1,-3.83852E-2,-1.1041927E-2,1.6402435E-1,5.0907135E-3,1.951294E-2],"categories":[],"categories_nodes":[],"categories_segments":[],"categories_sizes":[],"default_left":[0,0,0,0,0,0,0,0,0,0,0,0,0],"id":58,"left_children":[1,3,5,7,9,-1,-1,-1,-1,-1,11,-1,-1],"loss_changes":[9.183904E0,3.3824263E0,2.8370667E-1,1.8474579E-1,1.2905833E-1,0E0,0E0,0E0,0E0,0E0,6.220639E-4,0E0,0E0],"parents":[2147483647,0,0,1,1,2,2,3,3,4,4,10,10],"right_children":[2,4,6,8,10,-1,-1,-1,-1,-1,12,-1,-1],"split_conditions":[8.0108935E-1,1.9986461E-1,8.980302E-1,1.0048587E-1,6.013315E-1,4.4340897E-2,1.8944855E-1,-1.6157286E-1,-3.83852E-2,-1.1041927E-2,7.0082474E-1,5.0907135E-3,1.951294E-2],"split_indices":[0,0,0,0,0,0,0,0,0,0,0,0,0],"split_type":[0,0,0,0,0,0,0,0,0,0,0,0,0],"sum_hessian":[9E0,7E0,2E0,2E0,5E0,1E0,1E0,1E0,1E0,3E0,2E0,1E0,1E0],"tree_param":{"num_deleted":"0","num_feature":"2","num_nodes":"13","size_leaf_vector":"1"}},{"base_weights":[7.017128E-2,-4.675351E-1,1.4806646E0,-1.2664009E0,9.820302E-3,4.2123795E-2,1.799759E-1,-1.5349421E-1,-3.646593E-2,-1.0213661E-1,1.5582275E-1,-1.1688614E-2,-2.8944016E-3,4.8362734E-3,1.853714E-2],"categories":[],"categories_nodes":[],"categories_segments":[],"categories_sizes":[],"default_left":[0,0,0,0,0,0,0,0,0,0,0,0,0,0,0],"id":59,"left_children":[1,3,5,7,9,-1,-1,-1,-1,11,13,-1,-1,-1,-1],"loss_changes":[8.276575E0,3.0631795E0,2.560444E-1,1.6673374E-1,1.1399111E-1,0E0,0E0,0E0,0E0,9.350702E-4,5.6082755E-4,0E0,0E0,0E0,0E0],"parents":[2147483647,0,0,1,1,2,2,3,3,4,4,9,9,10,10],"right_children":[2,4,6,8,10,-1,-1,-1,-1,12,14,-1,-1,-1,-1],"split_conditions":[8.0108935E-1,1.9986461E-1,8.980302E-1,1.0048587E-1,6.013315E-1,4.2123795E-2,1.799759E-1,-1.5349421E-1,-3.646593E-2,3.9937642E-1,7.0082474E-1,-1.1688614E-2,-2.8944016E-3,4.8362734E-3,1.853714E-2],"split_indices":[0,0,0,0,0,0,0,0,0,0,0,0,0,0,0],"split_type":[0,0,0,0,0,0,0,0,0,0,0,0,0,0,0],"sum_hessian":[9E0,7E0,2E0,2E0,5E0,1E0,1E0,1E0,1E0,3E0,2E0,2E0,1E0,1E0,1E0],"tree_param":{"num_deleted":"0","num_feature":"2","num_nodes":"15","size_leaf_vector":"1"}},{"base_weights":[6.724696E-2,-4.434281E-1,1.4066315E0,-1.2030807E0,1.0302861E-2,4.00177E-2,1.7097703E-1,-1.458195E-1,-3.4642603E-2,-9.556866E-2,1.480306E-1,-1.0909399E-2,-2.7496337E-3,4.5944215E-3,1.7610168E-2],"categories":[],"categories_nodes":[],"categories_segments":[],"categories_sizes":[],"default_left":[0,0,0,0,0,0,0,0,0,0,0,0,0,0,0],"id":60,"left_children":[1,3,5,7,9,-1,-1,-1,-1,11,13,-1,-1,-1,-1],"loss_changes":[7.463643E0,2.7698185E0,2.3107529E-1,1.5047789E-1,1.01635754E-1,0E0,0E0,0E0,0E0,6.8311766E-4,5.061701E-4,0E0,0E0,0E0,0E0],"parents":[2147483647,0,0,1,1,2,2,3,3,4,4,9,9,10,10],"right_children":[2,4,6,8,10,-1,-1,-1,-1,12,14,-1,-1,-1,-1],"split_conditions":[8.0108935E-1,1.9986461E-1,8.980302E-1,1.0048587E-1,6.013315E-1,4.00177E-2,1.7097703E-1,-1.458195E-1,-3.4642603E-2,3.9937642E-1,7.0082474E-1,-1.0909399E-2,-2.7496337E-3,4.5944215E-3,1.7610168E-2],"split_indices":[0,0,0,0,0,0,0,0,0,0,0,0,0,0,0],"split_type":[0,0,0,0,0,0,0,0,0,0,0,0,0,0,0],"sum_hessian":[9E0,7E0,2E0,2E0,5E0,1E0,1E0,1E0,1E0,3E0,2E0,2E0,1E0,1E0,1E0],"tree_param":{"num_deleted":"0","num_feature":"2","num_nodes":"15","size_leaf_vector":"1"}},{"base_weights":[6.443103E-2,-4.2057416E-1,1.3363012E0,-1.1429265E0,1.0697682E-2,3.8016893E-2,1.6242829E-1,-1.3852853E-1,-3.2910444E-2,-8.942604E-2,1.4063008E-1,-1.0182063E-2,-2.612114E-3,4.364777E-3,1.6729737E-2],"categories":[],"categories_nodes":[],"categories_segments":[],"categories_sizes":[],"default_left":[0,0,0,0,0,0,0,0,0,0,0,0,0,0,0],"id":61,"left_children":[1,3,5,7,9,-1,-1,-1,-1,11,13,-1,-1,-1,-1],"loss_changes":[6.7306504E0,2.5044682E0,2.085433E-1,1.3580728E-1,9.063189E-2,0E0,0E0,0E0,0E0,4.7888234E-4,4.5660883E-4,0E0,0E0,0E0,0E0],"parents":[2147483647,0,0,1,1,2,2,3,3,4,4,9,9,10,10],"right_children":[2,4,6,8,10,-1,-1,-1,-1,12,14,-1,-1,-1,-1],"split_conditions":[8.0108935E-1,1.9986461E-1,8.980302E-1,1.0048587E-1,6.013315E-1,3.8016893E-2,1.6242829E-1,-1.3852853E-1,-3.2910444E-2,3.9937642E-1,7.0082474E-1,-1.0182063E-2,-2.612114E-3,4.364777E-3,1.6729737E-2],"split_indices":[0,0,0,0,0,0,0,0,0,0,0,0,0,0,0],"split_type":[0,0,0,0,0,0,0,0,0,0,0,0,0,0,0],"sum_hessian":[9E0,7E0,2E0,2E0,5E0,1E0,1E0,1E0,1E0,3E0,2E0,2E0,1E0,1E0,1E0],"tree_param":{"num_deleted":"0","num_feature":"2","num_nodes":"15","size_leaf_vector":"1"}},{"base_weights":[6.1718367E-2,-3.989091E-1,1.2694855E0,-1.0857798E0,1.1011124E-2,3.611603E-2,1.543068E-1,-1.316021E-1,-3.126488E-2,-8.368206E-2,1.3359833E-1,-9.503301E-3,-2.4814606E-3,4.146576E-3,1.5893174E-2],"categories":[],"categories_nodes":[],"categories_segments":[],"categories_sizes":[],"default_left":[0,0,0,0,0,0,0,0,0,0,0,0,0,0,0],"id":62,"left_children":[1,3,5,7,9,-1,-1,-1,-1,11,13,-1,-1,-1,-1],"loss_changes":[6.0697165E0,2.2644532E0,1.8821049E-1,1.22567415E-1,8.082882E-2,0E0,0E0,0E0,0E0,3.145989E-4,4.1187182E-4,0E0,0E0,0E0,0E0],"parents":[2147483647,0,0,1,1,2,2,3,3,4,4,9,9,10,10],"right_children":[2,4,6,8,10,-1,-1,-1,-1,12,14,-1,-1,-1,-1],"split_conditions":[8.0108935E-1,1.9986461E-1,8.980302E-1,1.0048587E-1,6.013315E-1,3.611603E-2,1.543068E-1,-1.316021E-1,-3.126488E-2,3.9937642E-1,7.0082474E-1,-9.503301E-3,-2.4814606E-3,4.146576E-3,1.5893174E-2],"split_indices":[0,0,0,0,0,0,0,0,0,0,0,0,0,0,0],"split_type":[0,0,0,0,0,0,0,0,0,0,0,0,0,0,0],"sum_hessian":[9E0,7E0,2E0,2E0,5E0,1E0,1E0,1E0,1E0,3E0,2E0,2E0,1E0,1E0,1E0],"tree_param":{"num_deleted":"0","num_feature":"2","num_nodes":"15","size_leaf_vector":"1"}},{"base_weights":[5.9107088E-2,-3.7836948E-1,1.2060089E0,-1.0314907E0,1.1252721E-2,3.431015E-2,1.4659119E-1,-1.25022E-1,-2.9701615E-2,-7.831097E-2,1.2692006E-1,-8.869807E-3,-2.357483E-3,3.939438E-3,1.5098572E-2],"categories":[],"categories_nodes":[],"categories_segments":[],"categories_sizes":[],"default_left":[0,0,0,0,0,0,0,0,0,0,0,0,0,0,0],"id":63,"left_children":[1,3,5,7,9,-1,-1,-1,-1,11,13,-1,-1,-1,-1],"loss_changes":[5.4737434E0,2.0473714E0,1.6986036E-1,1.1061764E-1,7.2096795E-2,0E0,0E0,0E0,0E0,1.8315949E-4,3.7109852E-4,0E0,0E0,0E0,0E0],"parents":[2147483647,0,0,1,1,2,2,3,3,4,4,9,9,10,10],"right_children":[2,4,6,8,10,-1,-1,-1,-1,12,14,-1,-1,-1,-1],"split_conditions":[8.0108935E-1,1.9986461E-1,8.980302E-1,1.0048587E-1,6.013315E-1,3.431015E-2,1.4659119E-1,-1.25022E-1,-2.9701615E-2,3.9937642E-1,7.0082474E-1,-8.869807E-3,-2.357483E-3,3.939438E-3,1.5098572E-2],"split_indices":[0,0,0,0,0,0,0,0,0,0,0,0,0,0,0],"split_type":[0,0,0,0,0,0,0,0,0,0,0,0,0,0,0],"sum_hessian":[9E0,7E0,2E0,2E0,5E0,1E0,1E0,1E0,1E0,3E0,2E0,2E0,1E0,1E0,1E0],"tree_param":{"num_deleted":"0","num_feature":"2","num_nodes":"15","size_leaf_vector":"1"}},{"base_weights":[5.6595396E-2,-3.5889652E-1,1.1457087E0,-9.7991633E-1,1.1429469E-2,3.259468E-2,1.3926163E-1,-1.187709E-1,-2.8216554E-2,-7.328701E-2,1.2057495E-1,-8.278529E-3,-2.239609E-3,3.7425996E-3,1.4343644E-2],"categories":[],"categories_nodes":[],"categories_segments":[],"categories_sizes":[],"default_left":[0,0,0,0,0,0,0,0,0,0,0,0,0,0,0],"id":64,"left_children":[1,3,5,7,9,-1,-1,-1,-1,11,13,-1,-1,-1,-1],"loss_changes":[4.9363685E0,1.851038E0,1.5329742E-1,9.983206E-2,6.43151E-2,0E0,0E0,0E0,0E0,7.943809E-5,3.344752E-4,0E0,0E0,0E0,0E0],"parents":[2147483647,0,0,1,1,2,2,3,3,4,4,9,9,10,10],"right_children":[2,4,6,8,10,-1,-1,-1,-1,12,14,-1,-1,-1,-1],"split_conditions":[8.0108935E-1,1.9986461E-1,8.980302E-1,1.0048587E-1,6.013315E-1,3.259468E-2,1.3926163E-1,-1.187709E-1,-2.8216554E-2,3.9937642E-1,7.0082474E-1,-8.278529E-3,-2.239609E-3,3.7425996E-3,1.4343644E-2],"split_indices":[0,0,0,0,0,0,0,0,0,0,0,0,0,0,0],"split_type":[0,0,0,0,0,0,0,0,0,0,0,0,0,0,0],"sum_hessian":[9E0,7E0,2E0,2E0,5E0,1E0,1E0,1E0,1E0,3E0,2E0,2E0,1E0,1E0,1E0],"tree_param":{"num_deleted":"0","num_feature":"2","num_nodes":"15","size_leaf_vector":"1"}},{"base_weights":[5.417881E-2,-3.404348E-1,1.0884222E0,-9.309203E-1,1.1547089E-2,3.0965043E-2,1.3229828E-1,-1.1283236E-1,-2.6805688E-2,-6.8588257E-3,1.1454519E-1,3.5552979E-3,1.36264805E-2],"categories":[],"categories_nodes":[],"categories_segments":[],"categories_sizes":[],"default_left":[0,0,0,0,0,0,0,0,0,0,0,0,0],"id":65,"left_children":[1,3,5,7,9,-1,-1,-1,-1,-1,11,-1,-1],"loss_changes":[4.4518013E0,1.673471E0,1.3834548E-1,9.0099335E-2,5.7379186E-2,0E0,0E0,0E0,0E0,0E0,3.024228E-4,0E0,0E0],"parents":[2147483647,0,0,1,1,2,2,3,3,4,4,10,10],"right_children":[2,4,6,8,10,-1,-1,-1,-1,-1,12,-1,-1],"split_conditions":[8.0108935E-1,1.9986461E-1,8.980302E-1,1.0048587E-1,6.013315E-1,3.0965043E-2,1.3229828E-1,-1.1283236E-1,-2.6805688E-2,-6.8588257E-3,7.0082474E-1,3.5552979E-3,1.36264805E-2],"split_indices":[0,0,0,0,0,0,0,0,0,0,0,0,0],"split_type":[0,0,0,0,0,0,0,0,0,0,0,0,0],"sum_hessian":[9E0,7E0,2E0,2E0,5E0,1E0,1E0,1E0,1E0,3E0,2E0,1E0,1E0],"tree_param":{"num_deleted":"0","num_feature":"2","num_nodes":"13","size_leaf_vector":"1"}},{"base_weights":[5.2155994E-2,-3.2255563E-1,1.0340017E0,-8.843742E-1,1.2112935E-2,2.9416656E-2,1.2568359E-1,-1.0719074E-1,-2.5465393E-2,-6.344414E-2,1.08818054E-1,-7.2694146E-3,-1.7847061E-3,3.377533E-3,1.2945175E-2],"categories":[],"categories_nodes":[],"categories_segments":[],"categories_sizes":[],"default_left":[0,0,0,0,0,0,0,0,0,0,0,0,0,0,0],"id":66,"left_children":[1,3,5,7,9,-1,-1,-1,-1,11,13,-1,-1,-1,-1],"loss_changes":[4.012613E0,1.5148964E0,1.2486291E-1,8.131504E-2,5.0744403E-2,0E0,0E0,0E0,0E0,3.8971752E-4,2.7295202E-4,0E0,0E0,0E0,0E0],"parents":[2147483647,0,0,1,1,2,2,3,3,4,4,9,9,10,10],"right_children":[2,4,6,8,10,-1,-1,-1,-1,12,14,-1,-1,-1,-1],"split_conditions":[8.0108935E-1,1.9986461E-1,8.980302E-1,1.0048587E-1,6.013315E-1,2.9416656E-2,1.2568359E-1,-1.0719074E-1,-2.5465393E-2,3.9937642E-1,7.0082474E-1,-7.2694146E-3,-1.7847061E-3,3.377533E-3,1.2945175E-2],"split_indices":[0,0,0,0,0,0,0,0,0,0,0,0,0,0,0],"split_type":[0,0,0,0,0,0,0,0,0,0,0,0,0,0,0],"sum_hessian":[9E0,7E0,2E0,2E0,5E0,1E0,1E0,1E0,1E0,3E0,2E0,2E0,1E0,1E0,1E0],"tree_param":{"num_deleted":"0","num_feature":"2","num_nodes":"15","size_leaf_vector":"1"}},{"base_weights":[4.9911022E-2,-3.0597365E-1,9.822998E-1,-8.401556E-1,1.2112935E-2,2.794571E-2,1.19399264E-1,-1.018312E-1,-2.4192143E-2,-5.936241E-2,1.03375755E-1,-6.7846933E-3,-1.6954422E-3,3.208542E-3,1.2297821E-2],"categories":[],"categories_nodes":[],"categories_segments":[],"categories_sizes":[],"default_left":[0,0,0,0,0,0,0,0,0,0,0,0,0,0,0],"id":67,"left_children":[1,3,5,7,9,-1,-1,-1,-1,11,13,-1,-1,-1,-1],"loss_changes":[3.6187868E0,1.3695054E0,1.1269045E-1,7.338619E-2,4.5274884E-2,0E0,0E0,0E0,0E0,2.889391E-4,2.4658814E-4,0E0,0E0,0E0,0E0],"parents":[2147483647,0,0,1,1,2,2,3,3,4,4,9,9,10,10],"right_children":[2,4,6,8,10,-1,-1,-1,-1,12,14,-1,-1,-1,-1],"split_conditions":[8.0108935E-1,1.9986461E-1,8.980302E-1,1.0048587E-1,6.013315E-1,2.794571E-2,1.19399264E-1,-1.018312E-1,-2.4192143E-2,3.9937642E-1,7.0082474E-1,-6.7846933E-3,-1.6954422E-3,3.208542E-3,1.2297821E-2],"split_indices":[0,0,0,0,0,0,0,0,0,0,0,0,0,0,0],"split_type":[0,0,0,0,0,0,0,0,0,0,0,0,0,0,0],"sum_hessian":[9E0,7E0,2E0,2E0,5E0,1E0,1E0,1E0,1E0,3E0,2E0,2E0,1E0,1E0,1E0],"tree_param":{"num_deleted":"0","num_feature":"2","num_nodes":"15","size_leaf_vector":"1"}},{"base_weights":[4.775436E-2,-2.9025117E-1,9.331843E-1,-7.981476E-1,1.2072246E-2,2.6548386E-2,1.1342926E-1,-9.673964E-2,-2.2982502E-2,-5.5545807E-2,9.820557E-2,-6.3322703E-3,-1.6107559E-3,3.047943E-3,1.1682892E-2],"categories":[],"categories_nodes":[],"categories_segments":[],"categories_sizes":[],"default_left":[0,0,0,0,0,0,0,0,0,0,0,0,0,0,0],"id":68,"left_children":[1,3,5,7,9,-1,-1,-1,-1,11,13,-1,-1,-1,-1],"loss_changes":[3.2636602E0,1.2380273E0,1.01703644E-1,6.623173E-2,4.0399913E-2,0E0,0E0,0E0,0E0,2.068542E-4,2.2298656E-4,0E0,0E0,0E0,0E0],"parents":[2147483647,0,0,1,1,2,2,3,3,4,4,9,9,10,10],"right_children":[2,4,6,8,10,-1,-1,-1,-1,12,14,-1,-1,-1,-1],"split_conditions":[8.0108935E-1,1.9986461E-1,8.980302E-1,1.0048587E-1,6.013315E-1,2.6548386E-2,1.1342926E-1,-9.673964E-2,-2.2982502E-2,3.9937642E-1,7.0082474E-1,-6.3322703E-3,-1.6107559E-3,3.047943E-3,1.1682892E-2],"split_indices":[0,0,0,0,0,0,0,0,0,0,0,0,0,0,0],"split_type":[0,0,0,0,0,0,0,0,0,0,0,0,0,0,0],"sum_hessian":[9E0,7E0,2E0,2E0,5E0,1E0,1E0,1E0,1E0,3E0,2E0,2E0,1E0,1E0,1E0],"tree_param":{"num_deleted":"0","num_feature":"2","num_nodes":"15","size_leaf_vector":"1"}},{"base_weights":[4.5683064E-2,-2.753423E-1,8.8652295E-1,-7.582405E-1,1.1997223E-2,2.5220871E-2,1.0775757E-1,-9.190266E-2,-2.183342E-2,-5.1977158E-2,9.3297325E-2,-5.9101107E-3,-1.5302658E-3,2.8957368E-3,1.1098862E-2],"categories":[],"categories_nodes":[],"categories_segments":[],"categories_sizes":[],"default_left":[0,0,0,0,0,0,0,0,0,0,0,0,0,0,0],"id":69,"left_children":[1,3,5,7,9,-1,-1,-1,-1,11,13,-1,-1,-1,-1],"loss_changes":[2.9434063E0,1.1191425E0,9.178853E-2,5.9773326E-2,3.605607E-2,0E0,0E0,0E0,0E0,1.4066417E-4,2.0083226E-4,0E0,0E0,0E0,0E0],"parents":[2147483647,0,0,1,1,2,2,3,3,4,4,9,9,10,10],"right_children":[2,4,6,8,10,-1,-1,-1,-1,12,14,-1,-1,-1,-1],"split_conditions":[8.0108935E-1,1.9986461E-1,8.980302E-1,1.0048587E-1,6.013315E-1,2.5220871E-2,1.0775757E-1,-9.190266E-2,-2.183342E-2,3.9937642E-1,7.0082474E-1,-5.9101107E-3,-1.5302658E-3,2.8957368E-3,1.1098862E-2],"split_indices":[0,0,0,0,0,0,0,0,0,0,0,0,0,0,0],"split_type":[0,0,0,0,0,0,0,0,0,0,0,0,0,0,0],"sum_hessian":[9E0,7E0,2E0,2E0,5E0,1E0,1E0,1E0,1E0,3E0,2E0,2E0,1E0,1E0,1E0],"tree_param":{"num_deleted":"0","num_feature":"2","num_nodes":"15","size_leaf_vector":"1"}},{"base_weights":[4.36934E-2,-2.612068E-1,8.4219617E-1,-7.203285E-1,1.1888504E-2,2.3959732E-2,1.0236969E-1,-8.730753E-2,-2.074175E-2,-4.864025E-2,8.8630676E-2,-5.5161794E-3,-1.4537812E-3,2.7507783E-3,1.0543823E-2],"categories":[],"categories_nodes":[],"categories_segments":[],"categories_sizes":[],"default_left":[0,0,0,0,0,0,0,0,0,0,0,0,0,0,0],"id":70,"left_children":[1,3,5,7,9,-1,-1,-1,-1,11,13,-1,-1,-1,-1],"loss_changes":[2.654624E0,1.0116353E0,8.28414E-2,5.394554E-2,3.2181673E-2,0E0,0E0,0E0,0E0,8.767005E-5,1.8160604E-4,0E0,0E0,0E0,0E0],"parents":[2147483647,0,0,1,1,2,2,3,3,4,4,9,9,10,10],"right_children":[2,4,6,8,10,-1,-1,-1,-1,12,14,-1,-1,-1,-1],"split_conditions":[8.0108935E-1,1.9986461E-1,8.980302E-1,1.0048587E-1,6.013315E-1,2.3959732E-2,1.0236969E-1,-8.730753E-2,-2.074175E-2,3.9937642E-1,7.0082474E-1,-5.5161794E-3,-1.4537812E-3,2.7507783E-3,1.0543823E-2],"split_indices":[0,0,0,0,0,0,0,0,0,0,0,0,0,0,0],"split_type":[0,0,0,0,0,0,0,0,0,0,0,0,0,0,0],"sum_hessian":[9E0,7E0,2E0,2E0,5E0,1E0,1E0,1E0,1E0,3E0,2E0,2E0,1E0,1E0,1E0],"tree_param":{"num_deleted":"0","num_feature":"2","num_nodes":"15","size_leaf_vector":"1"}},{"base_weights":[4.1784395E-2,-2.4780212E-1,8.00087E-1,-6.843118E-1,1.1753082E-2,2.2761917E-2,9.725113E-2,-8.294215E-2,-1.9704629E-2,-4.5518875E-2,8.4198E-2,-5.1484425E-3,-1.3811112E-3,2.6130676E-3,1.0016632E-2],"categories":[],"categories_nodes":[],"categories_segments":[],"categories_sizes":[],"default_left":[0,0,0,0,0,0,0,0,0,0,0,0,0,0,0],"id":71,"left_children":[1,3,5,7,9,-1,-1,-1,-1,11,13,-1,-1,-1,-1],"loss_changes":[2.394205E0,9.144298E-1,7.475996E-2,4.8686266E-2,2.8726969E-2,0E0,0E0,0E0,0E0,4.55603E-5,1.643002E-4,0E0,0E0,0E0,0E0],"parents":[2147483647,0,0,1,1,2,2,3,3,4,4,9,9,10,10],"right_children":[2,4,6,8,10,-1,-1,-1,-1,12,14,-1,-1,-1,-1],"split_conditions":[8.0108935E-1,1.9986461E-1,8.980302E-1,1.0048587E-1,6.013315E-1,2.2761917E-2,9.725113E-2,-8.294215E-2,-1.9704629E-2,3.9937642E-1,7.0082474E-1,-5.1484425E-3,-1.3811112E-3,2.6130676E-3,1.0016632E-2],"split_indices":[0,0,0,0,0,0,0,0,0,0,0,0,0,0,0],"split_type":[0,0,0,0,0,0,0,0,0,0,0,0,0,0,0],"sum_hessian":[9E0,7E0,2E0,2E0,5E0,1E0,1E0,1E0,1E0,3E0,2E0,2E0,1E0,1E0,1E0],"tree_param":{"num_deleted":"0","num_feature":"2","num_nodes":"15","size_leaf_vector":"1"}},{"base_weights":[3.9953448E-2,-2.3509046E-1,7.6008606E-1,-6.500962E-1,1.1594136E-2,2.1623993E-2,9.238892E-2,-7.879504E-2,-1.8719388E-2,-4.2598724E-2,7.998657E-2,-4.8051197E-3,-1.3120652E-3,2.4822236E-3,9.515762E-3],"categories":[],"categories_nodes":[],"categories_segments":[],"categories_sizes":[],"default_left":[0,0,0,0,0,0,0,0,0,0,0,0,0,0,0],"id":72,"left_children":[1,3,5,7,9,-1,-1,-1,-1,11,13,-1,-1,-1,-1],"loss_changes":[2.1593697E0,8.265414E-1,6.746936E-2,4.393971E-2,2.5645616E-2,0E0,0E0,0E0,0E0,1.24508515E-5,1.4868006E-4,0E0,0E0,0E0,0E0],"parents":[2147483647,0,0,1,1,2,2,3,3,4,4,9,9,10,10],"right_children":[2,4,6,8,10,-1,-1,-1,-1,12,14,-1,-1,-1,-1],"split_conditions":[8.0108935E-1,1.9986461E-1,8.980302E-1,1.0048587E-1,6.013315E-1,2.1623993E-2,9.238892E-2,-7.879504E-2,-1.8719388E-2,3.9937642E-1,7.0082474E-1,-4.8051197E-3,-1.3120652E-3,2.4822236E-3,9.515762E-3],"split_indices":[0,0,0,0,0,0,0,0,0,0,0,0,0,0,0],"split_type":[0,0,0,0,0,0,0,0,0,0,0,0,0,0,0],"sum_hessian":[9E0,7E0,2E0,2E0,5E0,1E0,1E0,1E0,1E0,3E0,2E0,2E0,1E0,1E0,1E0],"tree_param":{"num_deleted":"0","num_feature":"2","num_nodes":"15","size_leaf_vector":"1"}},{"base_weights":[3.8196646E-2,-2.2303475E-1,7.220815E-1,-6.1759156E-1,1.1416118E-2,2.0542908E-2,8.776932E-2,-7.485529E-2,-1.7783452E-2,-3.98674E-3,7.598877E-2,2.358246E-3,9.04007E-3],"categories":[],"categories_nodes":[],"categories_segments":[],"categories_sizes":[],"default_left":[0,0,0,0,0,0,0,0,0,0,0,0,0],"id":73,"left_children":[1,3,5,7,9,-1,-1,-1,-1,-1,11,-1,-1],"loss_changes":[1.9475713E0,7.4708414E-1,6.0887814E-2,3.965485E-2,2.2898551E-2,0E0,0E0,0E0,0E0,0E0,1.3395771E-4,0E0,0E0],"parents":[2147483647,0,0,1,1,2,2,3,3,4,4,10,10],"right_children":[2,4,6,8,10,-1,-1,-1,-1,-1,12,-1,-1],"split_conditions":[8.0108935E-1,1.9986461E-1,8.980302E-1,1.0048587E-1,6.013315E-1,2.0542908E-2,8.776932E-2,-7.485529E-2,-1.7783452E-2,-3.98674E-3,7.0082474E-1,2.358246E-3,9.04007E-3],"split_indices":[0,0,0,0,0,0,0,0,0,0,0,0,0],"split_type":[0,0,0,0,0,0,0,0,0,0,0,0,0],"sum_hessian":[9E0,7E0,2E0,2E0,5E0,1E0,1E0,1E0,1E0,3E0,2E0,1E0,1E0],"tree_param":{"num_deleted":"0","num_feature":"2","num_nodes":"13","size_leaf_vector":"1"}},{"base_weights":[3.6685217E-2,-2.1138473E-1,6.859767E-1,-5.8671176E-1,1.1509578E-2,1.951561E-2,8.338089E-2,-7.111252E-2,-1.6894246E-2,-3.6877632E-2,7.218933E-2,-4.218928E-3,-1.0471344E-3,2.2403717E-3,8.588028E-3],"categories":[],"categories_nodes":[],"categories_segments":[],"categories_sizes":[],"default_left":[0,0,0,0,0,0,0,0,0,0,0,0,0,0,0],"id":74,"left_children":[1,3,5,7,9,-1,-1,-1,-1,11,13,-1,-1,-1,-1],"loss_changes":[1.755702E0,6.7601883E-1,5.495429E-2,3.5789132E-2,2.0278914E-2,0E0,0E0,0E0,0E0,1.19265635E-4,1.2079999E-4,0E0,0E0,0E0,0E0],"parents":[2147483647,0,0,1,1,2,2,3,3,4,4,9,9,10,10],"right_children":[2,4,6,8,10,-1,-1,-1,-1,12,14,-1,-1,-1,-1],"split_conditions":[8.0108935E-1,1.9986461E-1,8.980302E-1,1.0048587E-1,6.013315E-1,1.951561E-2,8.338089E-2,-7.111252E-2,-1.6894246E-2,3.9937642E-1,7.0082474E-1,-4.218928E-3,-1.0471344E-3,2.2403717E-3,8.588028E-3],"split_indices":[0,0,0,0,0,0,0,0,0,0,0,0,0,0,0],"split_type":[0,0,0,0,0,0,0,0,0,0,0,0,0,0,0],"sum_hessian":[9E0,7E0,2E0,2E0,5E0,1E0,1E0,1E0,1E0,3E0,2E0,2E0,1E0,1E0,1E0],"tree_param":{"num_deleted":"0","num_feature":"2","num_nodes":"15","size_leaf_vector":"1"}},{"base_weights":[3.5061765E-2,-2.0055279E-1,6.5168E-1,-5.5737644E-1,1.1284511E-2,1.853981E-2,7.921219E-2,-6.7556895E-2,-1.6049577E-2,-3.4506798E-2,6.857809E-2,-3.9376575E-3,-9.948731E-4,2.1282197E-3,8.158493E-3],"categories":[],"categories_nodes":[],"categories_segments":[],"categories_sizes":[],"default_left":[0,0,0,0,0,0,0,0,0,0,0,0,0,0,0],"id":75,"left_children":[1,3,5,7,9,-1,-1,-1,-1,11,13,-1,-1,-1,-1],"loss_changes":[1.5835385E0,6.109982E-1,4.9598694E-2,3.2298982E-2,1.8107697E-2,0E0,0E0,0E0,0E0,8.662231E-5,1.0920409E-4,0E0,0E0,0E0,0E0],"parents":[2147483647,0,0,1,1,2,2,3,3,4,4,9,9,10,10],"right_children":[2,4,6,8,10,-1,-1,-1,-1,12,14,-1,-1,-1,-1],"split_conditions":[8.0108935E-1,1.9986461E-1,8.980302E-1,1.0048587E-1,6.013315E-1,1.853981E-2,7.921219E-2,-6.7556895E-2,-1.6049577E-2,3.9937642E-1,7.0082474E-1,-3.9376575E-3,-9.948731E-4,2.1282197E-3,8.158493E-3],"split_indices":[0,0,0,0,0,0,0,0,0,0,0,0,0,0,0],"split_type":[0,0,0,0,0,0,0,0,0,0,0,0,0,0,0],"sum_hessian":[9E0,7E0,2E0,2E0,5E0,1E0,1E0,1E0,1E0,3E0,2E0,2E0,1E0,1E0,1E0],"tree_param":{"num_deleted":"0","num_feature":"2","num_nodes":"15","size_leaf_vector":"1"}},{"base_weights":[3.3506177E-2,-1.902788E-1,6.190974E-1,-5.295074E-1,1.1048635E-2,1.761284E-2,7.525177E-2,-6.4179055E-2,-1.5247059E-2,-3.2289505E-2,6.514994E-2,-4.312325E-3,-1.4303843E-3,2.0217896E-3,7.750702E-3],"categories":[],"categories_nodes":[],"categories_segments":[],"categories_sizes":[],"default_left":[0,0,0,0,0,0,0,0,0,0,0,0,0,0,0],"id":76,"left_children":[1,3,5,7,9,-1,-1,-1,-1,11,13,-1,-1,-1,-1],"loss_changes":[1.4282663E0,5.522185E-1,4.4763446E-2,2.9150426E-2,1.617156E-2,0E0,0E0,0E0,0E0,1.6258005E-4,9.865686E-5,0E0,0E0,0E0,0E0],"parents":[2147483647,0,0,1,1,2,2,3,3,4,4,9,9,10,10],"right_children":[2,4,6,8,10,-1,-1,-1,-1,12,14,-1,-1,-1,-1],"split_conditions":[8.0108935E-1,1.9986461E-1,8.980302E-1,1.0048587E-1,6.013315E-1,1.761284E-2,7.525177E-2,-6.4179055E-2,-1.5247059E-2,2.9964256E-1,7.0082474E-1,-4.312325E-3,-1.4303843E-3,2.0217896E-3,7.750702E-3],"split_indices":[0,0,0,0,0,0,0,0,0,0,0,0,0,0,0],"split_type":[0,0,0,0,0,0,0,0,0,0,0,0,0,0,0],"sum_hessian":[9E0,7E0,2E0,2E0,5E0,1E0,1E0,1E0,1E0,3E0,2E0,1E0,2E0,1E0,1E0],"tree_param":{"num_deleted":"0","num_feature":"2","num_nodes":"15","size_leaf_vector":"1"}},{"base_weights":[3.1901397E-2,-1.806757E-1,5.8813983E-1,-5.030319E-1,1.0615031E-2,1.6732026E-2,7.1488954E-2,-6.0970098E-2,-1.4484691E-2,-3.0496597E-2,6.1892193E-2,-4.0967944E-3,-1.3350169E-3,1.9207001E-3,7.363129E-3],"categories":[],"categories_nodes":[],"categories_segments":[],"categories_sizes":[],"default_left":[0,0,0,0,0,0,0,0,0,0,0,0,0,0,0],"id":77,"left_children":[1,3,5,7,9,-1,-1,-1,-1,11,13,-1,-1,-1,-1],"loss_changes":[1.2886981E0,4.986498E-1,4.0400743E-2,2.6308417E-2,1.4536028E-2,0E0,0E0,0E0,0E0,1.7125579E-4,8.901954E-5,0E0,0E0,0E0,0E0],"parents":[2147483647,0,0,1,1,2,2,3,3,4,4,9,9,10,10],"right_children":[2,4,6,8,10,-1,-1,-1,-1,12,14,-1,-1,-1,-1],"split_conditions":[8.0108935E-1,1.9986461E-1,8.980302E-1,1.0048587E-1,6.013315E-1,1.6732026E-2,7.1488954E-2,-6.0970098E-2,-1.4484691E-2,2.9964256E-1,7.0082474E-1,-4.0967944E-3,-1.3350169E-3,1.9207001E-3,7.363129E-3],"split_indices":[0,0,0,0,0,0,0,0,0,0,0,0,0,0,0],"split_type":[0,0,0,0,0,0,0,0,0,0,0,0,0,0,0],"sum_hessian":[9E0,7E0,2E0,2E0,5E0,1E0,1E0,1E0,1E0,3E0,2E0,1E0,2E0,1E0,1E0],"tree_param":{"num_deleted":"0","num_feature":"2","num_nodes":"15","size_leaf_vector":"1"}},{"base_weights":[3.0373204E-2,-1.715586E-1,5.5873364E-1,-4.7788045E-1,1.0195415E-2,1.5895462E-2,6.791458E-2,-5.7921596E-2,-1.3760472E-2,-2.8804779E-2,5.87972E-2,-3.891945E-3,-1.2460073E-3,1.8245698E-3,6.9950107E-3],"categories":[],"categories_nodes":[],"categories_segments":[],"categories_sizes":[],"default_left":[0,0,0,0,0,0,0,0,0,0,0,0,0,0,0],"id":78,"left_children":[1,3,5,7,9,-1,-1,-1,-1,11,13,-1,-1,-1,-1],"loss_changes":[1.1627831E0,4.50274E-1,3.6461473E-2,2.3743212E-2,1.3066514E-2,0E0,0E0,0E0,0E0,1.7634616E-4,8.051284E-5,0E0,0E0,0E0,0E0],"parents":[2147483647,0,0,1,1,2,2,3,3,4,4,9,9,10,10],"right_children":[2,4,6,8,10,-1,-1,-1,-1,12,14,-1,-1,-1,-1],"split_conditions":[8.0108935E-1,1.9986461E-1,8.980302E-1,1.0048587E-1,6.013315E-1,1.5895462E-2,6.791458E-2,-5.7921596E-2,-1.3760472E-2,2.9964256E-1,7.0082474E-1,-3.891945E-3,-1.2460073E-3,1.8245698E-3,6.9950107E-3],"split_indices":[0,0,0,0,0,0,0,0,0,0,0,0,0,0,0],"split_type":[0,0,0,0,0,0,0,0,0,0,0,0,0,0,0],"sum_hessian":[9E0,7E0,2E0,2E0,5E0,1E0,1E0,1E0,1E0,3E0,2E0,1E0,2E0,1E0,1E0],"tree_param":{"num_deleted":"0","num_feature":"2","num_nodes":"15","size_leaf_vector":"1"}},{"base_weights":[2.8917063E-2,-1.6290267E-1,5.307973E-1,-4.5398667E-1,9.789784E-3,1.5100861E-2,6.451874E-2,-5.5025514E-2,-1.3072491E-2,-2.7208328E-2,5.585734E-2,-3.6973953E-3,-1.1628469E-3,1.7333984E-3,6.6452026E-3],"categories":[],"categories_nodes":[],"categories_segments":[],"categories_sizes":[],"default_left":[0,0,0,0,0,0,0,0,0,0,0,0,0,0,0],"id":79,"left_children":[1,3,5,7,9,-1,-1,-1,-1,11,13,-1,-1,-1,-1],"loss_changes":[1.0491737E0,4.0658855E-1,3.2903254E-2,2.1427691E-2,1.174626E-2,0E0,0E0,0E0,0E0,1.7863791E-4,7.255003E-5,0E0,0E0,0E0,0E0],"parents":[2147483647,0,0,1,1,2,2,3,3,4,4,9,9,10,10],"right_children":[2,4,6,8,10,-1,-1,-1,-1,12,14,-1,-1,-1,-1],"split_conditions":[8.0108935E-1,1.9986461E-1,8.980302E-1,1.0048587E-1,6.013315E-1,1.5100861E-2,6.451874E-2,-5.5025514E-2,-1.3072491E-2,2.9964256E-1,7.0082474E-1,-3.6973953E-3,-1.1628469E-3,1.7333984E-3,6.6452026E-3],"split_indices":[0,0,0,0,0,0,0,0,0,0,0,0,0,0,0],"split_type":[0,0,0,0,0,0,0,0,0,0,0,0,0,0,0],"sum_hessian":[9E0,7E0,2E0,2E0,5E0,1E0,1E0,1E0,1E0,3E0,2E0,1E0,2E0,1E0,1E0],"tree_param":{"num_deleted":"0","num_feature":"2","num_nodes":"15","size_leaf_vector":"1"}},{"base_weights":[2.7530264E-2,-1.5468457E-1,5.0425977E-1,-4.312872E-1,9.397507E-3,1.4345932E-2,6.1293032E-2,-5.227424E-2,-1.2418843E-2,-2.5702477E-2,5.3064983E-2,-3.5125732E-3,-1.0852814E-3,1.6468049E-3,6.3129426E-3],"categories":[],"categories_nodes":[],"categories_segments":[],"categories_sizes":[],"default_left":[0,0,0,0,0,0,0,0,0,0,0,0,0,0,0],"id":80,"left_children":[1,3,5,7,9,-1,-1,-1,-1,11,13,-1,-1,-1,-1],"loss_changes":[9.4667304E-1,3.671373E-1,2.9694617E-2,1.9338787E-2,1.0560268E-2,0E0,0E0,0E0,0E0,1.7851568E-4,6.5364875E-5,0E0,0E0,0E0,0E0],"parents":[2147483647,0,0,1,1,2,2,3,3,4,4,9,9,10,10],"right_children":[2,4,6,8,10,-1,-1,-1,-1,12,14,-1,-1,-1,-1],"split_conditions":[8.0108935E-1,1.9986461E-1,8.980302E-1,1.0048587E-1,6.013315E-1,1.4345932E-2,6.1293032E-2,-5.227424E-2,-1.2418843E-2,2.9964256E-1,7.0082474E-1,-3.5125732E-3,-1.0852814E-3,1.6468049E-3,6.3129426E-3],"split_indices":[0,0,0,0,0,0,0,0,0,0,0,0,0,0,0],"split_type":[0,0,0,0,0,0,0,0,0,0,0,0,0,0,0],"sum_hessian":[9E0,7E0,2E0,2E0,5E0,1E0,1E0,1E0,1E0,3E0,2E0,1E0,2E0,1E0,1E0],"tree_param":{"num_deleted":"0","num_feature":"2","num_nodes":"15","size_leaf_vector":"1"}},{"base_weights":[2.6208425E-2,-1.4688215E-1,4.7904715E-1,-4.097229E-1,9.01858E-3,1.3628769E-2,5.8228303E-2,-4.966053E-2,-1.1797905E-2,-2.4281502E-2,5.0412495E-2,-3.3369064E-3,-1.0129292E-3,1.5644074E-3,5.9974673E-3],"categories":[],"categories_nodes":[],"categories_segments":[],"categories_sizes":[],"default_left":[0,0,0,0,0,0,0,0,0,0,0,0,0,0,0],"id":81,"left_children":[1,3,5,7,9,-1,-1,-1,-1,11,13,-1,-1,-1,-1],"loss_changes":[8.5418457E-1,3.3151162E-1,2.6797175E-2,1.7453194E-2,9.494617E-3,0E0,0E0,0E0,0E0,1.7643138E-4,5.913712E-5,0E0,0E0,0E0,0E0],"parents":[2147483647,0,0,1,1,2,2,3,3,4,4,9,9,10,10],"right_children":[2,4,6,8,10,-1,-1,-1,-1,12,14,-1,-1,-1,-1],"split_conditions":[8.0108935E-1,1.9986461E-1,8.980302E-1,1.0048587E-1,6.013315E-1,1.3628769E-2,5.8228303E-2,-4.966053E-2,-1.1797905E-2,2.9964256E-1,7.0082474E-1,-3.3369064E-3,-1.0129292E-3,1.5644074E-3,5.9974673E-3],"split_indices":[0,0,0,0,0,0,0,0,0,0,0,0,0,0,0],"split_type":[0,0,0,0,0,0,0,0,0,0,0,0,0,0,0],"sum_hessian":[9E0,7E0,2E0,2E0,5E0,1E0,1E0,1E0,1E0,3E0,2E0,1E0,2E0,1E0,1E0],"tree_param":{"num_deleted":"0","num_feature":"2","num_nodes":"15","size_leaf_vector":"1"}},{"base_weights":[2.4949651E-2,-1.3947392E-1,4.5509592E-1,-3.8923642E-1,8.653005E-3,1.2947464E-2,5.5316925E-2,-4.7177505E-2,-1.1207962E-2,-2.2939682E-2,4.7892254E-2,-3.1700134E-3,-9.45282E-4,1.4862061E-3,5.6976317E-3],"categories":[],"categories_nodes":[],"categories_segments":[],"categories_sizes":[],"default_left":[0,0,0,0,0,0,0,0,0,0,0,0,0,0,0],"id":82,"left_children":[1,3,5,7,9,-1,-1,-1,-1,11,13,-1,-1,-1,-1],"loss_changes":[7.7073574E-1,2.9934046E-1,2.4182916E-2,1.5752047E-2,8.536673E-3,0E0,0E0,0E0,0E0,1.7294823E-4,5.335966E-5,0E0,0E0,0E0,0E0],"parents":[2147483647,0,0,1,1,2,2,3,3,4,4,9,9,10,10],"right_children":[2,4,6,8,10,-1,-1,-1,-1,12,14,-1,-1,-1,-1],"split_conditions":[8.0108935E-1,1.9986461E-1,8.980302E-1,1.0048587E-1,6.013315E-1,1.2947464E-2,5.5316925E-2,-4.7177505E-2,-1.1207962E-2,2.9964256E-1,7.0082474E-1,-3.1700134E-3,-9.45282E-4,1.4862061E-3,5.6976317E-3],"split_indices":[0,0,0,0,0,0,0,0,0,0,0,0,0,0,0],"split_type":[0,0,0,0,0,0,0,0,0,0,0,0,0,0,0],"sum_hessian":[9E0,7E0,2E0,2E0,5E0,1E0,1E0,1E0,1E0,3E0,2E0,1E0,2E0,1E0,1E0],"tree_param":{"num_deleted":"0","num_feature":"2","num_nodes":"15","size_leaf_vector":"1"}},{"base_weights":[2.374966E-2,-1.3244137E-1,4.3234253E-1,-3.6977473E-1,8.298874E-3,1.230011E-2,5.255127E-2,-4.481863E-2,-1.0647583E-2,-2.1674156E-2,4.5496624E-2,-3.0115128E-3,-8.8221236E-4,1.4118195E-3,5.412674E-3],"categories":[],"categories_nodes":[],"categories_segments":[],"categories_sizes":[],"default_left":[0,0,0,0,0,0,0,0,0,0,0,0,0,0,0],"id":83,"left_children":[1,3,5,7,9,-1,-1,-1,-1,11,13,-1,-1,-1,-1],"loss_changes":[6.954455E-1,2.7028757E-1,2.1825492E-2,1.4216006E-2,7.6756766E-3,0E0,0E0,0E0,0E0,1.682553E-4,4.8227143E-5,0E0,0E0,0E0,0E0],"parents":[2147483647,0,0,1,1,2,2,3,3,4,4,9,9,10,10],"right_children":[2,4,6,8,10,-1,-1,-1,-1,12,14,-1,-1,-1,-1],"split_conditions":[8.0108935E-1,1.9986461E-1,8.980302E-1,1.0048587E-1,6.013315E-1,1.230011E-2,5.255127E-2,-4.481863E-2,-1.0647583E-2,2.9964256E-1,7.0082474E-1,-3.0115128E-3,-8.8221236E-4,1.4118195E-3,5.412674E-3],"split_indices":[0,0,0,0,0,0,0,0,0,0,0,0,0,0,0],"split_type":[0,0,0,0,0,0,0,0,0,0,0,0,0,0,0],"sum_hessian":[9E0,7E0,2E0,2E0,5E0,1E0,1E0,1E0,1E0,3E0,2E0,1E0,2E0,1E0,1E0],"tree_param":{"num_deleted":"0","num_feature":"2","num_nodes":"15","size_leaf_vector":"1"}},{"base_weights":[2.2606373E-2,-1.2576425E-1,4.1072592E-1,-3.5128626E-1,7.9574585E-3,1.16851805E-2,4.9923707E-2,-4.2577695E-2,-1.0115243E-2,-2.048111E-2,4.3223064E-2,-2.861023E-3,-8.2346605E-4,1.3412476E-3,5.142212E-3],"categories":[],"categories_nodes":[],"categories_segments":[],"categories_sizes":[],"default_left":[0,0,0,0,0,0,0,0,0,0,0,0,0,0,0],"id":84,"left_children":[1,3,5,7,9,-1,-1,-1,-1,11,13,-1,-1,-1,-1],"loss_changes":[6.2750995E-1,2.4405283E-1,1.9696653E-2,1.2829572E-2,6.9026756E-3,0E0,0E0,0E0,0E0,1.6261602E-4,4.3558422E-5,0E0,0E0,0E0,0E0],"parents":[2147483647,0,0,1,1,2,2,3,3,4,4,9,9,10,10],"right_children":[2,4,6,8,10,-1,-1,-1,-1,12,14,-1,-1,-1,-1],"split_conditions":[8.0108935E-1,1.9986461E-1,8.980302E-1,1.0048587E-1,6.013315E-1,1.16851805E-2,4.9923707E-2,-4.2577695E-2,-1.0115243E-2,2.9964256E-1,7.0082474E-1,-2.861023E-3,-8.2346605E-4,1.3412476E-3,5.142212E-3],"split_indices":[0,0,0,0,0,0,0,0,0,0,0,0,0,0,0],"split_type":[0,0,0,0,0,0,0,0,0,0,0,0,0,0,0],"sum_hessian":[9E0,7E0,2E0,2E0,5E0,1E0,1E0,1E0,1E0,3E0,2E0,1E0,2E0,1E0,1E0],"tree_param":{"num_deleted":"0","num_feature":"2","num_nodes":"15","size_leaf_vector":"1"}},{"base_weights":[2.1516507E-2,-1.1942471E-1,3.901876E-1,-3.3372214E-1,7.628123E-3,1.1100769E-2,4.7427367E-2,-4.044881E-2,-9.609508E-3,-1.9353867E-2,4.10614E-2,-2.7179718E-3,-7.685343E-4,1.2741089E-3,4.885101E-3],"categories":[],"categories_nodes":[],"categories_segments":[],"categories_sizes":[],"default_left":[0,0,0,0,0,0,0,0,0,0,0,0,0,0,0],"id":85,"left_children":[1,3,5,7,9,-1,-1,-1,-1,11,13,-1,-1,-1,-1],"loss_changes":[5.662075E-1,2.2036241E-1,1.7777443E-2,1.1578441E-2,6.2072747E-3,0E0,0E0,0E0,0E0,1.5637907E-4,3.939774E-5,0E0,0E0,0E0,0E0],"parents":[2147483647,0,0,1,1,2,2,3,3,4,4,9,9,10,10],"right_children":[2,4,6,8,10,-1,-1,-1,-1,12,14,-1,-1,-1,-1],"split_conditions":[8.0108935E-1,1.9986461E-1,8.980302E-1,1.0048587E-1,6.013315E-1,1.1100769E-2,4.7427367E-2,-4.044881E-2,-9.609508E-3,2.9964256E-1,7.0082474E-1,-2.7179718E-3,-7.685343E-4,1.2741089E-3,4.885101E-3],"split_indices":[0,0,0,0,0,0,0,0,0,0,0,0,0,0,0],"split_type":[0,0,0,0,0,0,0,0,0,0,0,0,0,0,0],"sum_hessian":[9E0,7E0,2E0,2E0,5E0,1E0,1E0,1E0,1E0,3E0,2E0,1E0,2E0,1E0,1E0],"tree_param":{"num_deleted":"0","num_feature":"2","num_nodes":"15","size_leaf_vector":"1"}},{"base_weights":[2.0479064E-2,-1.13405876E-1,3.7067923E-1,-3.1703612E-1,7.3102317E-3,1.0545731E-2,4.5056153E-2,-3.8426373E-2,-9.129047E-3,-1.8291473E-2,3.9009094E-2,-2.5821687E-3,-7.174174E-4,1.2104035E-3,4.6409606E-3],"categories":[],"categories_nodes":[],"categories_segments":[],"categories_sizes":[],"default_left":[0,0,0,0,0,0,0,0,0,0,0,0,0,0,0],"id":86,"left_children":[1,3,5,7,9,-1,-1,-1,-1,11,13,-1,-1,-1,-1],"loss_changes":[5.1090246E-1,1.9896923E-1,1.6044617E-2,1.04494095E-2,5.582804E-3,0E0,0E0,0E0,0E0,1.4961325E-4,3.5590027E-5,0E0,0E0,0E0,0E0],"parents":[2147483647,0,0,1,1,2,2,3,3,4,4,9,9,10,10],"right_children":[2,4,6,8,10,-1,-1,-1,-1,12,14,-1,-1,-1,-1],"split_conditions":[8.0108935E-1,1.9986461E-1,8.980302E-1,1.0048587E-1,6.013315E-1,1.0545731E-2,4.5056153E-2,-3.8426373E-2,-9.129047E-3,2.9964256E-1,7.0082474E-1,-2.5821687E-3,-7.174174E-4,1.2104035E-3,4.6409606E-3],"split_indices":[0,0,0,0,0,0,0,0,0,0,0,0,0,0,0],"split_type":[0,0,0,0,0,0,0,0,0,0,0,0,0,0,0],"sum_hessian":[9E0,7E0,2E0,2E0,5E0,1E0,1E0,1E0,1E0,3E0,2E0,1E0,2E0,1E0,1E0],"tree_param":{"num_deleted":"0","num_feature":"2","num_nodes":"15","size_leaf_vector":"1"}},{"base_weights":[1.9490773E-2,-1.0769086E-1,3.5214487E-1,-3.0118448E-1,7.00442E-3,1.001854E-2,4.2803194E-2,-3.6505055E-2,-8.672619E-3,-1.7287254E-2,3.7058514E-2,-2.453041E-3,-6.6960655E-4,1.1497497E-3,4.4090273E-3],"categories":[],"categories_nodes":[],"categories_segments":[],"categories_sizes":[],"default_left":[0,0,0,0,0,0,0,0,0,0,0,0,0,0,0],"id":87,"left_children":[1,3,5,7,9,-1,-1,-1,-1,11,13,-1,-1,-1,-1],"loss_changes":[4.6099776E-1,1.7965205E-1,1.4478803E-2,9.430379E-3,5.0210254E-3,0E0,0E0,0E0,0E0,1.4259736E-4,3.2288488E-5,0E0,0E0,0E0,0E0],"parents":[2147483647,0,0,1,1,2,2,3,3,4,4,9,9,10,10],"right_children":[2,4,6,8,10,-1,-1,-1,-1,12,14,-1,-1,-1,-1],"split_conditions":[8.0108935E-1,1.9986461E-1,8.980302E-1,1.0048587E-1,6.013315E-1,1.001854E-2,4.2803194E-2,-3.6505055E-2,-8.672619E-3,2.9964256E-1,7.0082474E-1,-2.453041E-3,-6.6960655E-4,1.1497497E-3,4.4090273E-3],"split_indices":[0,0,0,0,0,0,0,0,0,0,0,0,0,0,0],"split_type":[0,0,0,0,0,0,0,0,0,0,0,0,0,0,0],"sum_hessian":[9E0,7E0,2E0,2E0,5E0,1E0,1E0,1E0,1E0,3E0,2E0,1E0,2E0,1E0,1E0],"tree_param":{"num_deleted":"0","num_feature":"2","num_nodes":"15","size_leaf_vector":"1"}},{"base_weights":[1.8550098E-2,-1.0226442E-1,3.345388E-1,-2.861252E-1,6.7100525E-3,9.51767E-3,4.066315E-2,-3.46798E-2,-8.238983E-3,-1.6338348E-2,3.520457E-2,-2.3303987E-3,-6.248474E-4,1.0921479E-3,4.1885376E-3],"categories":[],"categories_nodes":[],"categories_segments":[],"categories_sizes":[],"default_left":[0,0,0,0,0,0,0,0,0,0,0,0,0,0,0],"id":88,"left_children":[1,3,5,7,9,-1,-1,-1,-1,11,13,-1,-1,-1,-1],"loss_changes":[4.159716E-1,1.6220897E-1,1.3066947E-2,8.510962E-3,4.515703E-3,0E0,0E0,0E0,0E0,1.3551535E-4,2.9241433E-5,0E0,0E0,0E0,0E0],"parents":[2147483647,0,0,1,1,2,2,3,3,4,4,9,9,10,10],"right_children":[2,4,6,8,10,-1,-1,-1,-1,12,14,-1,-1,-1,-1],"split_conditions":[8.0108935E-1,1.9986461E-1,8.980302E-1,1.0048587E-1,6.013315E-1,9.51767E-3,4.066315E-2,-3.46798E-2,-8.238983E-3,2.9964256E-1,7.0082474E-1,-2.3303987E-3,-6.248474E-4,1.0921479E-3,4.1885376E-3],"split_indices":[0,0,0,0,0,0,0,0,0,0,0,0,0,0,0],"split_type":[0,0,0,0,0,0,0,0,0,0,0,0,0,0,0],"sum_hessian":[9E0,7E0,2E0,2E0,5E0,1E0,1E0,1E0,1E0,3E0,2E0,1E0,2E0,1E0,1E0],"tree_param":{"num_deleted":"0","num_feature":"2","num_nodes":"15","size_leaf_vector":"1"}},{"base_weights":[1.7654443E-2,-9.711167E-2,3.178126E-1,-2.7181873E-1,6.4271293E-3,9.041977E-3,3.8629916E-2,-3.294581E-2,-7.826996E-3,-1.5442848E-2,3.344472E-2,-2.2138597E-3,-5.8314006E-4,1.0375977E-3,3.9791106E-3],"categories":[],"categories_nodes":[],"categories_segments":[],"categories_sizes":[],"default_left":[0,0,0,0,0,0,0,0,0,0,0,0,0,0,0],"id":89,"left_children":[1,3,5,7,9,-1,-1,-1,-1,11,13,-1,-1,-1,-1],"loss_changes":[3.7534317E-1,1.4645869E-1,1.1790961E-2,7.6814294E-3,4.061727E-3,0E0,0E0,0E0,0E0,1.2832426E-4,2.6337802E-5,0E0,0E0,0E0,0E0],"parents":[2147483647,0,0,1,1,2,2,3,3,4,4,9,9,10,10],"right_children":[2,4,6,8,10,-1,-1,-1,-1,12,14,-1,-1,-1,-1],"split_conditions":[8.0108935E-1,1.9986461E-1,8.980302E-1,1.0048587E-1,6.013315E-1,9.041977E-3,3.8629916E-2,-3.294581E-2,-7.826996E-3,2.9964256E-1,7.0082474E-1,-2.2138597E-3,-5.8314006E-4,1.0375977E-3,3.9791106E-3],"split_indices":[0,0,0,0,0,0,0,0,0,0,0,0,0,0,0],"split_type":[0,0,0,0,0,0,0,0,0,0,0,0,0,0,0],"sum_hessian":[9E0,7E0,2E0,2E0,5E0,1E0,1E0,1E0,1E0,3E0,2E0,1E0,2E0,1E0,1E0],"tree_param":{"num_deleted":"0","num_feature":"2","num_nodes":"15","size_leaf_vector":"1"}},{"base_weights":[1.680016E-2,-9.2220016E-2,3.0192056E-1,-2.5822753E-1,6.1537423E-3,8.5899355E-3,3.669815E-2,-3.1298522E-2,-7.435608E-3,-1.4597893E-2,3.1771343E-2,-2.1032335E-3,-5.4423016E-4,9.857178E-4,3.7799836E-3],"categories":[],"categories_nodes":[],"categories_segments":[],"categories_sizes":[],"default_left":[0,0,0,0,0,0,0,0,0,0,0,0,0,0,0],"id":90,"left_children":[1,3,5,7,9,-1,-1,-1,-1,11,13,-1,-1,-1,-1],"loss_changes":[3.386819E-1,1.3223535E-1,1.0640144E-2,6.9327503E-3,3.6534374E-3,0E0,0E0,0E0,0E0,1.21180085E-4,2.3728237E-5,0E0,0E0,0E0,0E0],"parents":[2147483647,0,0,1,1,2,2,3,3,4,4,9,9,10,10],"right_children":[2,4,6,8,10,-1,-1,-1,-1,12,14,-1,-1,-1,-1],"split_conditions":[8.0108935E-1,1.9986461E-1,8.980302E-1,1.0048587E-1,6.013315E-1,8.5899355E-3,3.669815E-2,-3.1298522E-2,-7.435608E-3,2.9964256E-1,7.0082474E-1,-2.1032335E-3,-5.4423016E-4,9.857178E-4,3.7799836E-3],"split_indices":[0,0,0,0,0,0,0,0,0,0,0,0,0,0,0],"split_type":[0,0,0,0,0,0,0,0,0,0,0,0,0,0,0],"sum_hessian":[9E0,7E0,2E0,2E0,5E0,1E0,1E0,1E0,1E0,3E0,2E0,1E0,2E0,1E0,1E0],"tree_param":{"num_deleted":"0","num_feature":"2","num_nodes":"15","size_leaf_vector":"1"}},{"base_weights":[1.5987903E-2,-8.7574326E-2,2.8682455E-1,-2.453164E-1,5.8924356E-3,8.1604E-3,3.4863282E-2,-2.9733596E-2,-7.0638657E-3,-1.3799667E-2,3.0184427E-2,-1.9981384E-3,-5.078634E-4,9.365082E-4,3.591156E-3],"categories":[],"categories_nodes":[],"categories_segments":[],"categories_sizes":[],"default_left":[0,0,0,0,0,0,0,0,0,0,0,0,0,0,0],"id":91,"left_children":[1,3,5,7,9,-1,-1,-1,-1,11,13,-1,-1,-1,-1],"loss_changes":[3.056029E-1,1.19394645E-1,9.603143E-3,6.2565506E-3,3.286698E-3,0E0,0E0,0E0,0E0,1.1416571E-4,2.1390384E-5,0E0,0E0,0E0,0E0],"parents":[2147483647,0,0,1,1,2,2,3,3,4,4,9,9,10,10],"right_children":[2,4,6,8,10,-1,-1,-1,-1,12,14,-1,-1,-1,-1],"split_conditions":[8.0108935E-1,1.9986461E-1,8.980302E-1,1.0048587E-1,6.013315E-1,8.1604E-3,3.4863282E-2,-2.9733596E-2,-7.0638657E-3,2.9964256E-1,7.0082474E-1,-1.9981384E-3,-5.078634E-4,9.365082E-4,3.591156E-3],"split_indices":[0,0,0,0,0,0,0,0,0,0,0,0,0,0,0],"split_type":[0,0,0,0,0,0,0,0,0,0,0,0,0,0,0],"sum_hessian":[9E0,7E0,2E0,2E0,5E0,1E0,1E0,1E0,1E0,3E0,2E0,1E0,2E0,1E0,1E0],"tree_param":{"num_deleted":"0","num_feature":"2","num_nodes":"15","size_leaf_vector":"1"}},{"base_weights":[1.5212941E-2,-8.3164304E-2,2.724813E-1,-2.3305027E-1,5.6393943E-3,7.752228E-3,3.3119965E-2,-2.8246915E-2,-6.710625E-3,-1.3046265E-2,2.8673807E-2,-1.8981934E-3,-4.740397E-4,8.895874E-4,3.4114837E-3],"categories":[],"categories_nodes":[],"categories_segments":[],"categories_sizes":[],"default_left":[0,0,0,0,0,0,0,0,0,0,0,0,0,0,0],"id":92,"left_children":[1,3,5,7,9,-1,-1,-1,-1,11,13,-1,-1,-1,-1],"loss_changes":[2.757542E-1,1.0779768E-1,8.667678E-3,5.6468546E-3,2.9565652E-3,0E0,0E0,0E0,0E0,1.072216E-4,1.9355677E-5,0E0,0E0,0E0,0E0],"parents":[2147483647,0,0,1,1,2,2,3,3,4,4,9,9,10,10],"right_children":[2,4,6,8,10,-1,-1,-1,-1,12,14,-1,-1,-1,-1],"split_conditions":[8.0108935E-1,1.9986461E-1,8.980302E-1,1.0048587E-1,6.013315E-1,7.752228E-3,3.3119965E-2,-2.8246915E-2,-6.710625E-3,2.9964256E-1,7.0082474E-1,-1.8981934E-3,-4.740397E-4,8.895874E-4,3.4114837E-3],"split_indices":[0,0,0,0,0,0,0,0,0,0,0,0,0,0,0],"split_type":[0,0,0,0,0,0,0,0,0,0,0,0,0,0,0],"sum_hessian":[9E0,7E0,2E0,2E0,5E0,1E0,1E0,1E0,1E0,3E0,2E0,1E0,2E0,1E0,1E0],"tree_param":{"num_deleted":"0","num_feature":"2","num_nodes":"15","size_leaf_vector":"1"}},{"base_weights":[1.44750895E-2,-7.897683E-2,2.588552E-1,-2.2139794E-1,5.396525E-3,7.3646544E-3,3.1463623E-2,-2.6834568E-2,-6.3751223E-3,-1.2334824E-2,2.7239481E-2,-1.8032074E-3,-4.4250488E-4,8.4495544E-4,3.240967E-3],"categories":[],"categories_nodes":[],"categories_segments":[],"categories_sizes":[],"default_left":[0,0,0,0,0,0,0,0,0,0,0,0,0,0,0],"id":93,"left_children":[1,3,5,7,9,-1,-1,-1,-1,11,13,-1,-1,-1,-1],"loss_changes":[2.4882147E-1,9.732715E-2,7.821515E-3,5.0961077E-3,2.6598244E-3,0E0,0E0,0E0,0E0,1.0046305E-4,1.7595012E-5,0E0,0E0,0E0,0E0],"parents":[2147483647,0,0,1,1,2,2,3,3,4,4,9,9,10,10],"right_children":[2,4,6,8,10,-1,-1,-1,-1,12,14,-1,-1,-1,-1],"split_conditions":[8.0108935E-1,1.9986461E-1,8.980302E-1,1.0048587E-1,6.013315E-1,7.3646544E-3,3.1463623E-2,-2.6834568E-2,-6.3751223E-3,2.9964256E-1,7.0082474E-1,-1.8032074E-3,-4.4250488E-4,8.4495544E-4,3.240967E-3],"split_indices":[0,0,0,0,0,0,0,0,0,0,0,0,0,0,0],"split_type":[0,0,0,0,0,0,0,0,0,0,0,0,0,0,0],"sum_hessian":[9E0,7E0,2E0,2E0,5E0,1E0,1E0,1E0,1E0,3E0,2E0,1E0,2E0,1E0,1E0],"tree_param":{"num_deleted":"0","num_feature":"2","num_nodes":"15","size_leaf_vector":"1"}},{"base_weights":[1.3773382E-2,-7.500072E-2,2.459132E-1,-2.103283E-1,5.1631927E-3,6.996536E-3,2.9890442E-2,-2.5492841E-2,-6.056404E-3,-1.1662483E-2,2.5876364E-2,-1.7129899E-3,-4.1300454E-4,8.0261234E-4,3.0788423E-3],"categories":[],"categories_nodes":[],"categories_segments":[],"categories_sizes":[],"default_left":[0,0,0,0,0,0,0,0,0,0,0,0,0,0,0],"id":94,"left_children":[1,3,5,7,9,-1,-1,-1,-1,11,13,-1,-1,-1,-1],"loss_changes":[2.245237E-1,8.787307E-2,7.058114E-3,4.599005E-3,2.392861E-3,0E0,0E0,0E0,0E0,9.3984534E-5,1.5932601E-5,0E0,0E0,0E0,0E0],"parents":[2147483647,0,0,1,1,2,2,3,3,4,4,9,9,10,10],"right_children":[2,4,6,8,10,-1,-1,-1,-1,12,14,-1,-1,-1,-1],"split_conditions":[8.0108935E-1,1.9986461E-1,8.980302E-1,1.0048587E-1,6.013315E-1,6.996536E-3,2.9890442E-2,-2.5492841E-2,-6.056404E-3,2.9964256E-1,7.0082474E-1,-1.7129899E-3,-4.1300454E-4,8.0261234E-4,3.0788423E-3],"split_indices":[0,0,0,0,0,0,0,0,0,0,0,0,0,0,0],"split_type":[0,0,0,0,0,0,0,0,0,0,0,0,0,0,0],"sum_hessian":[9E0,7E0,2E0,2E0,5E0,1E0,1E0,1E0,1E0,3E0,2E0,1E0,2E0,1E0,1E0],"tree_param":{"num_deleted":"0","num_feature":"2","num_nodes":"15","size_leaf_vector":"1"}},{"base_weights":[1.3104779E-2,-7.122546E-2,2.3361714E-1,-1.9981207E-1,4.9387612E-3,6.6467286E-3,2.8395845E-2,-2.42182E-2,-5.7536126E-3,-1.102829E-2,2.458191E-2,-1.6273499E-3,-3.8553876E-4,7.62558E-4,2.9247284E-3],"categories":[],"categories_nodes":[],"categories_segments":[],"categories_sizes":[],"default_left":[0,0,0,0,0,0,0,0,0,0,0,0,0,0,0],"id":95,"left_children":[1,3,5,7,9,-1,-1,-1,-1,11,13,-1,-1,-1,-1],"loss_changes":[2.0259807E-1,7.933643E-2,6.369695E-3,4.1504353E-3,2.1529552E-3,0E0,0E0,0E0,0E0,8.775282E-5,1.4295452E-5,0E0,0E0,0E0,0E0],"parents":[2147483647,0,0,1,1,2,2,3,3,4,4,9,9,10,10],"right_children":[2,4,6,8,10,-1,-1,-1,-1,12,14,-1,-1,-1,-1],"split_conditions":[8.0108935E-1,1.9986461E-1,8.980302E-1,1.0048587E-1,6.013315E-1,6.6467286E-3,2.8395845E-2,-2.42182E-2,-5.7536126E-3,2.9964256E-1,7.0082474E-1,-1.6273499E-3,-3.8553876E-4,7.62558E-4,2.9247284E-3],"split_indices":[0,0,0,0,0,0,0,0,0,0,0,0,0,0,0],"split_type":[0,0,0,0,0,0,0,0,0,0,0,0,0,0,0],"sum_hessian":[9E0,7E0,2E0,2E0,5E0,1E0,1E0,1E0,1E0,3E0,2E0,1E0,2E0,1E0,1E0],"tree_param":{"num_deleted":"0","num_feature":"2","num_nodes":"15","size_leaf_vector":"1"}},{"base_weights":[1.2469309E-2,-6.763957E-2,2.2193654E-1,-1.8982118E-1,4.7245026E-3,6.3144686E-3,2.6976014E-2,-2.3007289E-2,-5.465889E-3,-1.0428429E-2,2.3353577E-2,-1.5459061E-3,-3.5985312E-4,7.2441105E-4,2.7786256E-3],"categories":[],"categories_nodes":[],"categories_segments":[],"categories_sizes":[],"default_left":[0,0,0,0,0,0,0,0,0,0,0,0,0,0,0],"id":96,"left_children":[1,3,5,7,9,-1,-1,-1,-1,11,13,-1,-1,-1,-1],"loss_changes":[1.8281354E-1,7.162928E-2,5.748078E-3,3.7460104E-3,1.9372515E-3,0E0,0E0,0E0,0E0,8.180487E-5,1.2937584E-5,0E0,0E0,0E0,0E0],"parents":[2147483647,0,0,1,1,2,2,3,3,4,4,9,9,10,10],"right_children":[2,4,6,8,10,-1,-1,-1,-1,12,14,-1,-1,-1,-1],"split_conditions":[8.0108935E-1,1.9986461E-1,8.980302E-1,1.0048587E-1,6.013315E-1,6.3144686E-3,2.6976014E-2,-2.3007289E-2,-5.465889E-3,2.9964256E-1,7.0082474E-1,-1.5459061E-3,-3.5985312E-4,7.2441105E-4,2.7786256E-3],"split_indices":[0,0,0,0,0,0,0,0,0,0,0,0,0,0,0],"split_type":[0,0,0,0,0,0,0,0,0,0,0,0,0,0,0],"sum_hessian":[9E0,7E0,2E0,2E0,5E0,1E0,1E0,1E0,1E0,3E0,2E0,1E0,2E0,1E0,1E0],"tree_param":{"num_deleted":"0","num_feature":"2","num_nodes":"15","size_leaf_vector":"1"}},{"base_weights":[1.1863237E-2,-6.423532E-2,2.1083832E-1,-1.8032993E-1,4.5178733E-3,5.9986115E-3,2.5627136E-2,-2.1856925E-2,-5.192566E-3,-9.8629E-3,2.218628E-2,-1.4686584E-3,-3.359477E-4,6.881714E-4,2.6397705E-3],"categories":[],"categories_nodes":[],"categories_segments":[],"categories_sizes":[],"default_left":[0,0,0,0,0,0,0,0,0,0,0,0,0,0,0],"id":97,"left_children":[1,3,5,7,9,-1,-1,-1,-1,11,13,-1,-1,-1,-1],"loss_changes":[1.6496043E-1,6.466971E-2,5.188301E-3,3.3809245E-3,1.7433331E-3,0E0,0E0,0E0,0E0,7.6142634E-5,1.1700671E-5,0E0,0E0,0E0,0E0],"parents":[2147483647,0,0,1,1,2,2,3,3,4,4,9,9,10,10],"right_children":[2,4,6,8,10,-1,-1,-1,-1,12,14,-1,-1,-1,-1],"split_conditions":[8.0108935E-1,1.9986461E-1,8.980302E-1,1.0048587E-1,6.013315E-1,5.9986115E-3,2.5627136E-2,-2.1856925E-2,-5.192566E-3,2.9964256E-1,7.0082474E-1,-1.4686584E-3,-3.359477E-4,6.881714E-4,2.6397705E-3],"split_indices":[0,0,0,0,0,0,0,0,0,0,0,0,0,0,0],"split_type":[0,0,0,0,0,0,0,0,0,0,0,0,0,0,0],"sum_hessian":[9E0,7E0,2E0,2E0,5E0,1E0,1E0,1E0,1E0,3E0,2E0,1E0,2E0,1E0,1E0],"tree_param":{"num_deleted":"0","num_feature":"2","num_nodes":"15","size_leaf_vector":"1"}},{"base_weights":[1.1286328E-2,-6.1002526E-2,2.002945E-1,-1.7131369E-1,4.3201447E-3,5.6987763E-3,2.4345398E-2,-2.0764079E-2,-4.932976E-3,-9.3278885E-3,2.1077475E-2,-1.3952255E-3,-3.1356813E-4,6.5383915E-4,2.507782E-3],"categories":[],"categories_nodes":[],"categories_segments":[],"categories_sizes":[],"default_left":[0,0,0,0,0,0,0,0,0,0,0,0,0,0,0],"id":98,"left_children":[1,3,5,7,9,-1,-1,-1,-1,11,13,-1,-1,-1,-1],"loss_changes":[1.488503E-1,5.838666E-2,4.681252E-3,3.0511022E-3,1.5688359E-3,0E0,0E0,0E0,0E0,7.0790324E-5,1.0515447E-5,0E0,0E0,0E0,0E0],"parents":[2147483647,0,0,1,1,2,2,3,3,4,4,9,9,10,10],"right_children":[2,4,6,8,10,-1,-1,-1,-1,12,14,-1,-1,-1,-1],"split_conditions":[8.0108935E-1,1.9986461E-1,8.980302E-1,1.0048587E-1,6.013315E-1,5.6987763E-3,2.4345398E-2,-2.0764079E-2,-4.932976E-3,2.9964256E-1,7.0082474E-1,-1.3952255E-3,-3.1356813E-4,6.5383915E-4,2.507782E-3],"split_indices":[0,0,0,0,0,0,0,0,0,0,0,0,0,0,0],"split_type":[0,0,0,0,0,0,0,0,0,0,0,0,0,0,0],"sum_hessian":[9E0,7E0,2E0,2E0,5E0,1E0,1E0,1E0,1E0,3E0,2E0,1E0,2E0,1E0,1E0],"tree_param":{"num_deleted":"0","num_feature":"2","num_nodes":"15","size_leaf_vector":"1"}},{"base_weights":[1.0736316E-2,-5.7933517E-2,1.902771E-1,-1.627482E-1,4.12941E-3,5.4138186E-3,2.3127748E-2,-1.9725874E-2,-4.6863556E-3,-8.822441E-3,2.0022074E-2,-1.3254166E-3,-2.9271442E-4,6.210327E-4,2.3822784E-3],"categories":[],"categories_nodes":[],"categories_segments":[],"categories_sizes":[],"default_left":[0,0,0,0,0,0,0,0,0,0,0,0,0,0,0],"id":99,"left_children":[1,3,5,7,9,-1,-1,-1,-1,11,13,-1,-1,-1,-1],"loss_changes":[1.3431378E-1,5.27129E-2,4.2243004E-3,2.7534813E-3,1.41168E-3,0E0,0E0,0E0,0E0,6.5708475E-5,9.536045E-6,0E0,0E0,0E0,0E0],"parents":[2147483647,0,0,1,1,2,2,3,3,4,4,9,9,10,10],"right_children":[2,4,6,8,10,-1,-1,-1,-1,12,14,-1,-1,-1,-1],"split_conditions":[8.0108935E-1,1.9986461E-1,8.980302E-1,1.0048587E-1,6.013315E-1,5.4138186E-3,2.3127748E-2,-1.9725874E-2,-4.6863556E-3,2.9964256E-1,7.0082474E-1,-1.3254166E-3,-2.9271442E-4,6.210327E-4,2.3822784E-3],"split_indices":[0,0,0,0,0,0,0,0,0,0,0,0,0,0,0],"split_type":[0,0,0,0,0,0,0,0,0,0,0,0,0,0,0],"sum_hessian":[9E0,7E0,2E0,2E0,5E0,1E0,1E0,1E0,1E0,3E0,2E0,1E0,2E0,1E0,1E0],"tree_param":{"num_deleted":"0","num_feature":"2","num_nodes":"15","size_leaf_vector":"1"}}]},"name":"gbtree"},"learner_model_param":{"base_score":"6.0922222E1","boost_from_average":"1","num_class":"0","num_feature":"2","num_target":"1"},"objective":{"name":"reg:squarederror","reg_loss_param":{"scale_pos_weight":"1"}}},"version":[2,0,1]}