{"learner":{"attributes":{"scikit_learn":"{\"_estimator_type\": \"regressor\"}"},"feature_names":[],"feature_types":[],"gradient_booster":{"model":{"gbtree_model_param":{"num_parallel_tree":"1","num_trees":"100"},"iteration_indptr":[0,1,2,3,4,5,6,7,8,9,10,11,12,13,14,15,16,17,18,19,20,21,22,23,24,25,26,27,28,29,30,31,32,33,34,35,36,37,38,39,40,41,42,43,44,45,46,47,48,49,50,51,52,53,54,55,56,57,58,59,60,61,62,63,64,65,66,67,68,69,70,71,72,73,74,75,76,77,78,79,80,81,82,83,84,85,86,87,88,89,90,91,92,93,94,95,96,97,98,99,100],"tree_info":[0,0,0,0,0,0,0,0,0,0,0,0,0,0,0,0,0,0,0,0,0,0,0,0,0,0,0,0,0,0,0,0,0,0,0,0,0,0,0,0,0,0,0,0,0,0,0,0,0,0,0,0,0,0,0,0,0,0,0,0,0,0,0,0,0,0,0,0,0,0,0,0,0,0,0,0,0,0,0,0,0,0,0,0,0,0,0,0,0,0,0,0,0,0,0,0,0,0,0,0],"trees":[{"base_weights":[1.9073486E-6,-1.695185E1,2.0342224E1,-1.9477776E0,-2.1611099E-1,2.3388901E-1,2.4258335E0],"categories":[],"categories_nodes":[],"categories_segments":[],"categories_sizes":[],"default_left":[0,0,0,0,0,0,0],"id":0,"left_children":[1,3,5,-1,-1,-1,-1],"loss_changes":[3.793222E3,1.8206836E2,2.957776E2,0E0,0E0,0E0,0E0],"parents":[2147483647,0,0,1,1,2,2],"right_children":[2,4,6,-1,-1,-1,-1],"split_conditions":[6.024452E-1,5.024097E-1,7.0257926E-1,-1.9477776E0,-2.1611099E-1,2.3388901E-1,2.4258335E0],"split_indices":[0,0,0,0,0,0,0],"split_type":[0,0,0,0,0,0,0],"sum_hessian":[9E0,5E0,4E0,4E0,1E0,1E0,3E0],"tree_param":{"num_deleted":"0","num_feature":"2","num_nodes":"7","size_leaf_vector":"1"}},{"base_weights":[4.958458E-2,-1.5617314E1,1.8839947E1,-1.9805832E0,-4.826851E-1,2.2219467E-1,2.243896E0],"categories":[],"categories_nodes":[],"categories_segments":[],"categories_sizes":[],"default_left":[0,0,0,0,0,0,0],"id":1,"left_children":[1,3,5,-1,-1,-1,-1],"loss_changes":[3.238096E3,1.7557666E2,2.4918396E2,0E0,0E0,0E0,0E0],"parents":[2147483647,0,0,1,1,2,2],"right_children":[2,4,6,-1,-1,-1,-1],"split_conditions":[6.024452E-1,4.0154228E-1,7.0257926E-1,-1.9805832E0,-4.826851E-1,2.2219467E-1,2.243896E0],"split_indices":[0,0,0,0,0,0,0],"split_type":[0,0,0,0,0,0,0],"sum_hessian":[9E0,5E0,4E0,3E0,2E0,1E0,3E0],"tree_param":{"num_deleted":"0","num_feature":"2","num_nodes":"7","size_leaf_vector":"1"}},{"base_weights":[4.4908904E-2,-1.4466126E1,1.744917E1,-1.8320397E0,-4.5050597E-1,2.1108513E-1,2.0756037E0],"categories":[],"categories_nodes":[],"categories_segments":[],"categories_sizes":[],"default_left":[0,0,0,0,0,0,0],"id":2,"left_children":[1,3,5,-1,-1,-1,-1],"loss_changes":[2.7779602E3,1.4782141E2,2.097959E2,0E0,0E0,0E0,0E0],"parents":[2147483647,0,0,1,1,2,2],"right_children":[2,4,6,-1,-1,-1,-1],"split_conditions":[6.024452E-1,4.0154228E-1,7.0257926E-1,-1.8320397E0,-4.5050597E-1,2.1108513E-1,2.0756037E0],"split_indices":[0,0,0,0,0,0,0],"split_type":[0,0,0,0,0,0,0],"sum_hessian":[9E0,5E0,4E0,3E0,2E0,1E0,3E0],"tree_param":{"num_deleted":"0","num_feature":"2","num_nodes":"7","size_leaf_vector":"1"}},{"base_weights":[4.0831376E-2,-1.3399939E1,1.6161589E1,-1.6946366E0,-4.204722E-1,2.00531E-1,1.9199332E0],"categories":[],"categories_nodes":[],"categories_segments":[],"categories_sizes":[],"default_left":[0,0,0,0,0,0,0],"id":3,"left_children":[1,3,5,-1,-1,-1,-1],"loss_changes":[2.3833184E3,1.2440625E2,1.7651501E2,0E0,0E0,0E0,0E0],"parents":[2147483647,0,0,1,1,2,2],"right_children":[2,4,6,-1,-1,-1,-1],"split_conditions":[6.024452E-1,4.0154228E-1,7.0257926E-1,-1.6946366E0,-4.204722E-1,2.00531E-1,1.9199332E0],"split_indices":[0,0,0,0,0,0,0],"split_type":[0,0,0,0,0,0,0],"sum_hessian":[9E0,5E0,4E0,3E0,2E0,1E0,3E0],"tree_param":{"num_deleted":"0","num_feature":"2","num_nodes":"7","size_leaf_vector":"1"}},{"base_weights":[3.728485E-2,-1.2412463E1,1.4969525E1,-1.4344467E0,-1.3762207E-1,4.940867E-1,2.0008342E0],"categories":[],"categories_nodes":[],"categories_segments":[],"categories_sizes":[],"default_left":[0,0,0,0,0,0,0],"id":4,"left_children":[1,3,5,-1,-1,-1,-1],"loss_changes":[2.044835E3,1.081911E2,1.5380432E2,0E0,0E0,0E0,0E0],"parents":[2147483647,0,0,1,1,2,2],"right_children":[2,4,6,-1,-1,-1,-1],"split_conditions":[6.024452E-1,5.024097E-1,9.054072E-1,-1.4344467E0,-1.3762207E-1,4.940867E-1,2.0008342E0],"split_indices":[0,0,0,0,0,0,0],"split_type":[0,0,0,0,0,0,0],"sum_hessian":[9E0,5E0,4E0,4E0,1E0,2E0,2E0],"tree_param":{"num_deleted":"0","num_feature":"2","num_nodes":"7","size_leaf_vector":"1"}},{"base_weights":[1.2584266E-1,-1.1433227E1,1.3971558E1,-1.4599552E0,-3.4003842E-1,1.658001E-1,1.6635447E0],"categories":[],"categories_nodes":[],"categories_segments":[],"categories_sizes":[],"default_left":[0,0,0,0,0,0,0],"id":5,"left_children":[1,3,5,-1,-1,-1,-1],"loss_changes":[1.7601759E3,1.029635E2,1.364281E2,0E0,0E0,0E0,0E0],"parents":[2147483647,0,0,1,1,2,2],"right_children":[2,4,6,-1,-1,-1,-1],"split_conditions":[6.024452E-1,4.0154228E-1,7.0257926E-1,-1.4599552E0,-3.4003842E-1,1.658001E-1,1.6635447E0],"split_indices":[0,0,0,0,0,0,0],"split_type":[0,0,0,0,0,0,0],"sum_hessian":[9E0,5E0,4E0,3E0,2E0,1E0,3E0],"tree_param":{"num_deleted":"0","num_feature":"2","num_nodes":"7","size_leaf_vector":"1"}},{"base_weights":[1.1619415E-1,-1.0589902E1,1.2940271E1,-1.5015186E0,-4.6234636E0,4.0016937E-1,1.7565424E0,-5.406358E-1,-1.1373901E-1],"categories":[],"categories_nodes":[],"categories_segments":[],"categories_sizes":[],"default_left":[0,0,0,0,0,0,0,0,0],"id":6,"left_children":[1,3,5,-1,7,-1,-1,-1,-1],"loss_changes":[1.5099941E3,8.899701E1,1.3641998E2,0E0,4.7677765E0,0E0,0E0,0E0,0E0],"parents":[2147483647,0,0,1,1,2,2,4,4],"right_children":[2,4,6,-1,8,-1,-1,-1,-1],"split_conditions":[6.024452E-1,3.0243948E-1,9.054072E-1,-1.5015186E0,5.024097E-1,4.0016937E-1,1.7565424E0,-5.406358E-1,-1.1373901E-1],"split_indices":[0,0,0,0,0,0,0,0,0],"split_type":[0,0,0,0,0,0,0,0,0],"sum_hessian":[9E0,5E0,4E0,2E0,3E0,2E0,2E0,2E0,1E0],"tree_param":{"num_deleted":"0","num_feature":"2","num_nodes":"9","size_leaf_vector":"1"}},{"base_weights":[1.0465546E-1,-9.890228E0,1.2077585E1,-1.4014175E0,-4.324712E0,3.734914E-1,1.6394395E0,-5.0459355E-1,-1.0805207E-1],"categories":[],"categories_nodes":[],"categories_segments":[],"categories_sizes":[],"default_left":[0,0,0,0,0,0,0,0,0],"id":7,"left_children":[1,3,5,-1,7,-1,-1,-1,-1],"loss_changes":[1.3161305E3,7.7104065E1,1.18836914E2,0E0,3.9069138E0,0E0,0E0,0E0,0E0],"parents":[2147483647,0,0,1,1,2,2,4,4],"right_children":[2,4,6,-1,8,-1,-1,-1,-1],"split_conditions":[6.024452E-1,3.0243948E-1,9.054072E-1,-1.4014175E0,5.024097E-1,3.734914E-1,1.6394395E0,-5.0459355E-1,-1.0805207E-1],"split_indices":[0,0,0,0,0,0,0,0,0],"split_type":[0,0,0,0,0,0,0,0,0],"sum_hessian":[9E0,5E0,4E0,2E0,3E0,2E0,2E0,2E0,1E0],"tree_param":{"num_deleted":"0","num_feature":"2","num_nodes":"9","size_leaf_vector":"1"}},{"base_weights":[9.407616E-2,-9.236883E0,1.1272412E1,-1.179181E0,-2.751353E-1,3.4859213E-1,1.5301433E0],"categories":[],"categories_nodes":[],"categories_segments":[],"categories_sizes":[],"default_left":[0,0,0,0,0,0,0],"id":8,"left_children":[1,3,5,-1,-1,-1,-1],"loss_changes":[1.1471678E3,6.697693E1,1.0352014E2,0E0,0E0,0E0,0E0],"parents":[2147483647,0,0,1,1,2,2],"right_children":[2,4,6,-1,-1,-1,-1],"split_conditions":[6.024452E-1,4.0154228E-1,9.054072E-1,-1.179181E0,-2.751353E-1,3.4859213E-1,1.5301433E0],"split_indices":[0,0,0,0,0,0,0],"split_type":[0,0,0,0,0,0,0],"sum_hessian":[9E0,5E0,4E0,3E0,2E0,2E0,2E0],"tree_param":{"num_deleted":"0","num_feature":"2","num_nodes":"7","size_leaf_vector":"1"}},{"base_weights":[1.2710953E-1,-8.555581E0,1.0520917E1,-1.2293776E0,-3.61304E0,3.2535248E0,1.4281337E0,-4.2247683E-1,-8.889275E-2,1.0139733E-1,3.866314E-1],"categories":[],"categories_nodes":[],"categories_segments":[],"categories_sizes":[],"default_left":[0,0,0,0,0,0,0,0,0,0,0],"id":9,"left_children":[1,3,5,-1,7,9,-1,-1,-1,-1,-1],"loss_changes":[9.924747E2,6.643918E1,9.017755E1,0E0,2.9101524E0,1.9677925E-1,0E0,0E0,0E0,0E0,0E0],"parents":[2147483647,0,0,1,1,2,2,4,4,5,5],"right_children":[2,4,6,-1,8,10,-1,-1,-1,-1,-1],"split_conditions":[6.024452E-1,3.0243948E-1,9.054072E-1,-1.2293776E0,5.024097E-1,7.0257926E-1,1.4281337E0,-4.2247683E-1,-8.889275E-2,1.0139733E-1,3.866314E-1],"split_indices":[0,0,0,0,0,0,0,0,0,0,0],"split_type":[0,0,0,0,0,0,0,0,0,0,0],"sum_hessian":[9E0,5E0,4E0,2E0,3E0,2E0,2E0,2E0,1E0,1E0,1E0],"tree_param":{"num_deleted":"0","num_feature":"2","num_nodes":"11","size_leaf_vector":"1"}},{"base_weights":[1.3194084E-1,-7.990147E0,9.852058E0,-1.1474191E0,-3.3795776E0,9.6327595E-2,1.1833435E0,-3.9431164E-1,-8.4448054E-2],"categories":[],"categories_nodes":[],"categories_segments":[],"categories_sizes":[],"default_left":[0,0,0,0,0,0,0,0,0],"id":10,"left_children":[1,3,5,-1,7,-1,-1,-1,-1],"loss_changes":[8.681959E2,5.760266E1,7.6661224E1,0E0,2.3846207E0,0E0,0E0,0E0,0E0],"parents":[2147483647,0,0,1,1,2,2,4,4],"right_children":[2,4,6,-1,8,-1,-1,-1,-1],"split_conditions":[6.024452E-1,3.0243948E-1,7.0257926E-1,-1.1474191E0,5.024097E-1,9.6327595E-2,1.1833435E0,-3.9431164E-1,-8.4448054E-2],"split_indices":[0,0,0,0,0,0,0,0,0],"split_type":[0,0,0,0,0,0,0,0,0],"sum_hessian":[9E0,5E0,4E0,2E0,3E0,1E0,3E0,2E0,1E0],"tree_param":{"num_deleted":"0","num_feature":"2","num_nodes":"9","size_leaf_vector":"1"}},{"base_weights":[8.409615E-2,-7.4621625E0,9.122787E0,-1.0709245E0,-3.1613102E0,2.6642916E-1,1.2540355E0,-3.6802432E-1,-8.0225565E-2],"categories":[],"categories_nodes":[],"categories_segments":[],"categories_sizes":[],"default_left":[0,0,0,0,0,0,0,0,0],"id":11,"left_children":[1,3,5,-1,7,-1,-1,-1,-1],"loss_changes":[7.5015875E2,4.9936096E1,7.695053E1,0E0,1.9442673E0,0E0,0E0,0E0,0E0],"parents":[2147483647,0,0,1,1,2,2,4,4],"right_children":[2,4,6,-1,8,-1,-1,-1,-1],"split_conditions":[6.024452E-1,3.0243948E-1,9.054072E-1,-1.0709245E0,5.024097E-1,2.6642916E-1,1.2540355E0,-3.6802432E-1,-8.0225565E-2],"split_indices":[0,0,0,0,0,0,0,0,0],"split_type":[0,0,0,0,0,0,0,0,0],"sum_hessian":[9E0,5E0,4E0,2E0,3E0,2E0,2E0,2E0,1E0],"tree_param":{"num_deleted":"0","num_feature":"2","num_nodes":"9","size_leaf_vector":"1"}},{"base_weights":[7.581558E-2,-6.969143E0,8.514603E0,-9.9952966E-1,-2.957242E0,2.486674E0,1.170433E0,-3.4348947E-1,-7.621422E-2,7.818985E-2,2.9481125E-1],"categories":[],"categories_nodes":[],"categories_segments":[],"categories_sizes":[],"default_left":[0,0,0,0,0,0,0,0,0,0,0],"id":12,"left_children":[1,3,5,-1,7,9,-1,-1,-1,-1,-1],"loss_changes":[6.538485E2,4.3285248E1,6.703238E1,0E0,1.5761032E0,5.482292E-2,0E0,0E0,0E0,0E0,0E0],"parents":[2147483647,0,0,1,1,2,2,4,4,5,5],"right_children":[2,4,6,-1,8,10,-1,-1,-1,-1,-1],"split_conditions":[6.024452E-1,3.0243948E-1,9.054072E-1,-9.9952966E-1,5.024097E-1,7.0257926E-1,1.170433E0,-3.4348947E-1,-7.621422E-2,7.818985E-2,2.9481125E-1],"split_indices":[0,0,0,0,0,0,0,0,0,0,0],"split_type":[0,0,0,0,0,0,0,0,0,0,0],"sum_hessian":[9E0,5E0,4E0,2E0,3E0,2E0,2E0,2E0,1E0,1E0,1E0],"tree_param":{"num_deleted":"0","num_feature":"2","num_nodes":"11","size_leaf_vector":"1"}},{"base_weights":[8.0654524E-2,-6.5087667E0,7.9718294E0,-9.3289423E-1,-2.7664433E0,2.3623402E0,1.0924042E0,-3.205901E-1,-7.240353E-2,7.4280165E-2,2.8007087E-1],"categories":[],"categories_nodes":[],"categories_segments":[],"categories_sizes":[],"default_left":[0,0,0,0,0,0,0,0,0,0,0],"id":13,"left_children":[1,3,5,-1,7,9,-1,-1,-1,-1,-1],"loss_changes":[5.718695E2,3.7516052E1,5.6995697E1,0E0,1.2690201E0,4.949379E-2,0E0,0E0,0E0,0E0,0E0],"parents":[2147483647,0,0,1,1,2,2,4,4,5,5],"right_children":[2,4,6,-1,8,10,-1,-1,-1,-1,-1],"split_conditions":[6.024452E-1,3.0243948E-1,9.054072E-1,-9.3289423E-1,5.024097E-1,7.0257926E-1,1.0924042E0,-3.205901E-1,-7.240353E-2,7.4280165E-2,2.8007087E-1],"split_indices":[0,0,0,0,0,0,0,0,0,0,0],"split_type":[0,0,0,0,0,0,0,0,0,0,0],"sum_hessian":[9E0,5E0,4E0,2E0,3E0,2E0,2E0,2E0,1E0,1E0,1E0],"tree_param":{"num_deleted":"0","num_feature":"2","num_nodes":"11","size_leaf_vector":"1"}},{"base_weights":[8.467598E-2,-6.078871E0,7.463997E0,-8.7070125E-1,-2.588047E0,2.2442245E0,1.019577E0,-2.9921734E-1,-6.878338E-2,7.056618E-2,2.660675E-1],"categories":[],"categories_nodes":[],"categories_segments":[],"categories_sizes":[],"default_left":[0,0,0,0,0,0,0,0,0,0,0],"id":14,"left_children":[1,3,5,-1,7,9,-1,-1,-1,-1,-1],"loss_changes":[5.002006E2,3.25121E1,4.841455E1,0E0,1.013586E0,4.466915E-2,0E0,0E0,0E0,0E0,0E0],"parents":[2147483647,0,0,1,1,2,2,4,4,5,5],"right_children":[2,4,6,-1,8,10,-1,-1,-1,-1,-1],"split_conditions":[6.024452E-1,3.0243948E-1,9.054072E-1,-8.7070125E-1,5.024097E-1,7.0257926E-1,1.019577E0,-2.9921734E-1,-6.878338E-2,7.056618E-2,2.660675E-1],"split_indices":[0,0,0,0,0,0,0,0,0,0,0],"split_type":[0,0,0,0,0,0,0,0,0,0,0],"sum_hessian":[9E0,5E0,4E0,2E0,3E0,2E0,2E0,2E0,1E0,1E0,1E0],"tree_param":{"num_deleted":"0","num_feature":"2","num_nodes":"11","size_leaf_vector":"1"}},{"base_weights":[8.795929E-2,-5.6774344E0,6.9888396E0,-8.126545E-1,-2.4212427E0,2.132014E0,9.5160526E-1,-2.7926955E-1,-6.534424E-2,6.703796E-2,2.5276414E-1],"categories":[],"categories_nodes":[],"categories_segments":[],"categories_sizes":[],"default_left":[0,0,0,0,0,0,0,0,0,0,0],"id":15,"left_children":[1,3,5,-1,7,9,-1,-1,-1,-1,-1],"loss_changes":[4.375416E2,2.8172302E1,4.108278E1,0E0,8.017521E-1,4.0308E-2,0E0,0E0,0E0,0E0,0E0],"parents":[2147483647,0,0,1,1,2,2,4,4,5,5],"right_children":[2,4,6,-1,8,10,-1,-1,-1,-1,-1],"split_conditions":[6.024452E-1,3.0243948E-1,9.054072E-1,-8.126545E-1,5.024097E-1,7.0257926E-1,9.5160526E-1,-2.7926955E-1,-6.534424E-2,6.703796E-2,2.5276414E-1],"split_indices":[0,0,0,0,0,0,0,0,0,0,0],"split_type":[0,0,0,0,0,0,0,0,0,0,0],"sum_hessian":[9E0,5E0,4E0,2E0,3E0,2E0,2E0,2E0,1E0,1E0,1E0],"tree_param":{"num_deleted":"0","num_feature":"2","num_nodes":"11","size_leaf_vector":"1"}},{"base_weights":[9.057693E-2,-5.302569E0,6.5442367E0,-7.584776E-1,-2.2652712E0,2.0254135E0,8.881648E-1,-2.6065153E-1,-6.2076952E-2,6.368599E-2,2.4012604E-1],"categories":[],"categories_nodes":[],"categories_segments":[],"categories_sizes":[],"default_left":[0,0,0,0,0,0,0,0,0,0,0],"id":16,"left_children":[1,3,5,-1,7,9,-1,-1,-1,-1,-1],"loss_changes":[3.827566E2,2.440889E1,3.4822723E1,0E0,6.266613E-1,3.638363E-2,0E0,0E0,0E0,0E0,0E0],"parents":[2147483647,0,0,1,1,2,2,4,4,5,5],"right_children":[2,4,6,-1,8,10,-1,-1,-1,-1,-1],"split_conditions":[6.024452E-1,3.0243948E-1,9.054072E-1,-7.584776E-1,5.024097E-1,7.0257926E-1,8.881648E-1,-2.6065153E-1,-6.2076952E-2,6.368599E-2,2.4012604E-1],"split_indices":[0,0,0,0,0,0,0,0,0,0,0],"split_type":[0,0,0,0,0,0,0,0,0,0,0],"sum_hessian":[9E0,5E0,4E0,2E0,3E0,2E0,2E0,2E0,1E0,1E0,1E0],"tree_param":{"num_deleted":"0","num_feature":"2","num_nodes":"11","size_leaf_vector":"1"}},{"base_weights":[9.2595294E-2,-4.952514E0,6.128207E0,-7.079126E-1,-2.1194267E0,6.0501862E-2,7.35775E0,-2.4327481E-1,-5.8973122E-2,2.2811966E-1,8.2895356E-1],"categories":[],"categories_nodes":[],"categories_segments":[],"categories_sizes":[],"default_left":[0,0,0,0,0,0,0,0,0,0,0],"id":17,"left_children":[1,3,5,-1,7,-1,9,-1,-1,-1,-1],"loss_changes":[3.3485327E2,2.1145569E1,2.9503418E1,0E0,4.824791E-1,0E0,1.0955811E-2,0E0,0E0,0E0,0E0],"parents":[2147483647,0,0,1,1,2,2,4,4,6,6],"right_children":[2,4,6,-1,8,-1,10,-1,-1,-1,-1],"split_conditions":[6.024452E-1,3.0243948E-1,7.0257926E-1,-7.079126E-1,5.024097E-1,6.0501862E-2,9.054072E-1,-2.4327481E-1,-5.8973122E-2,2.2811966E-1,8.2895356E-1],"split_indices":[0,0,0,0,0,0,0,0,0,0,0],"split_type":[0,0,0,0,0,0,0,0,0,0,0],"sum_hessian":[9E0,5E0,4E0,2E0,3E0,1E0,3E0,2E0,1E0,1E0,2E0],"tree_param":{"num_deleted":"0","num_feature":"2","num_nodes":"11","size_leaf_vector":"1"}},{"base_weights":[9.407654E-2,-4.625623E0,5.7389007E0,-6.607184E-1,-1.9830465E0,5.7476807E-2,6.886242E-1,-2.270565E-1,-5.602455E-2],"categories":[],"categories_nodes":[],"categories_segments":[],"categories_sizes":[],"default_left":[0,0,0,0,0,0,0,0,0],"id":18,"left_children":[1,3,5,-1,7,-1,-1,-1,-1],"loss_changes":[2.9296475E2,1.8316193E1,2.5667114E1,0E0,3.642521E-1,0E0,0E0,0E0,0E0],"parents":[2147483647,0,0,1,1,2,2,4,4],"right_children":[2,4,6,-1,8,-1,-1,-1,-1],"split_conditions":[6.024452E-1,3.0243948E-1,7.0257926E-1,-6.607184E-1,5.024097E-1,5.7476807E-2,6.886242E-1,-2.270565E-1,-5.602455E-2],"split_indices":[0,0,0,0,0,0,0,0,0],"split_type":[0,0,0,0,0,0,0,0,0],"sum_hessian":[9E0,5E0,4E0,2E0,3E0,1E0,3E0,2E0,1E0],"tree_param":{"num_deleted":"0","num_feature":"2","num_nodes":"9","size_leaf_vector":"1"}},{"base_weights":[6.4899065E-2,-4.3203616E0,5.314232E0,-6.166706E-1,-1.8555126E0,1.5792364E-1,7.277817E-1,-2.1191941E-1,-5.322342E-2],"categories":[],"categories_nodes":[],"categories_segments":[],"categories_sizes":[],"default_left":[0,0,0,0,0,0,0,0,0],"id":19,"left_children":[1,3,5,-1,7,-1,-1,-1,-1],"loss_changes":[2.5315631E2,1.5863358E1,2.5176529E1,0E0,2.6778793E-1,0E0,0E0,0E0,0E0],"parents":[2147483647,0,0,1,1,2,2,4,4],"right_children":[2,4,6,-1,8,-1,-1,-1,-1],"split_conditions":[6.024452E-1,3.0243948E-1,9.054072E-1,-6.166706E-1,5.024097E-1,1.5792364E-1,7.277817E-1,-2.1191941E-1,-5.322342E-2],"split_indices":[0,0,0,0,0,0,0,0,0],"split_type":[0,0,0,0,0,0,0,0,0],"sum_hessian":[9E0,5E0,4E0,2E0,3E0,2E0,2E0,2E0,1E0],"tree_param":{"num_deleted":"0","num_feature":"2","num_nodes":"9","size_leaf_vector":"1"}},{"base_weights":[5.8797836E-2,-4.0352955E0,4.9599504E0,-5.755594E-1,-1.736248E0,1.4739558E0,6.792628E-1,-1.9779155E-1,-5.056229E-2,4.6706773E-2,1.743866E-1],"categories":[],"categories_nodes":[],"categories_segments":[],"categories_sizes":[],"default_left":[0,0,0,0,0,0,0,0,0,0,0],"id":20,"left_children":[1,3,5,-1,7,9,-1,-1,-1,-1,-1],"loss_changes":[2.206726E2,1.3737144E1,2.1931496E1,0E0,1.8952942E-1,8.044243E-4,0E0,0E0,0E0,0E0,0E0],"parents":[2147483647,0,0,1,1,2,2,4,4,5,5],"right_children":[2,4,6,-1,8,10,-1,-1,-1,-1,-1],"split_conditions":[6.024452E-1,3.0243948E-1,9.054072E-1,-5.755594E-1,5.024097E-1,7.0257926E-1,6.792628E-1,-1.9779155E-1,-5.056229E-2,4.6706773E-2,1.743866E-1],"split_indices":[0,0,0,0,0,0,0,0,0,0,0],"split_type":[0,0,0,0,0,0,0,0,0,0,0],"sum_hessian":[9E0,5E0,4E0,2E0,3E0,2E0,2E0,2E0,1E0,1E0,1E0],"tree_param":{"num_deleted":"0","num_feature":"2","num_nodes":"11","size_leaf_vector":"1"}},{"base_weights":[6.0562897E-2,-3.769085E0,4.6440277E0,-6.303917E-1,-2.0013351E0,1.4002584E0,6.339788E-1,-2.2614984E-1,-4.8034098E-2,4.4371415E-2,1.6566734E-1],"categories":[],"categories_nodes":[],"categories_segments":[],"categories_sizes":[],"default_left":[0,0,0,0,0,0,0,0,0,0,0],"id":21,"left_children":[1,3,5,-1,7,9,-1,-1,-1,-1,-1],"loss_changes":[1.9303429E2,1.426944E1,1.8625938E1,0E0,8.9224243E-1,7.2813034E-4,0E0,0E0,0E0,0E0,0E0],"parents":[2147483647,0,0,1,1,2,2,4,4,5,5],"right_children":[2,4,6,-1,8,10,-1,-1,-1,-1,-1],"split_conditions":[6.024452E-1,2.0062333E-1,9.054072E-1,-6.303917E-1,5.024097E-1,7.0257926E-1,6.339788E-1,-2.2614984E-1,-4.8034098E-2,4.4371415E-2,1.6566734E-1],"split_indices":[0,0,0,0,0,0,0,0,0,0,0],"split_type":[0,0,0,0,0,0,0,0,0,0,0],"sum_hessian":[9E0,5E0,4E0,1E0,4E0,2E0,2E0,3E0,1E0,1E0,1E0],"tree_param":{"num_deleted":"0","num_feature":"2","num_nodes":"11","size_leaf_vector":"1"}},{"base_weights":[4.845085E-2,-3.542939E0,4.3484282E0,-5.988722E-1,-1.8560379E0,1.330246E0,5.917135E-1,-2.0918857E-1,-4.5632362E-2,4.215279E-2,1.5738411E-1],"categories":[],"categories_nodes":[],"categories_segments":[],"categories_sizes":[],"default_left":[0,0,0,0,0,0,0,0,0,0,0],"id":22,"left_children":[1,3,5,-1,7,9,-1,-1,-1,-1,-1],"loss_changes":[1.6983517E2,1.3639473E1,1.5801964E1,0E0,6.960182E-1,6.599426E-4,0E0,0E0,0E0,0E0,0E0],"parents":[2147483647,0,0,1,1,2,2,4,4,5,5],"right_children":[2,4,6,-1,8,10,-1,-1,-1,-1,-1],"split_conditions":[6.024452E-1,2.0062333E-1,9.054072E-1,-5.988722E-1,5.024097E-1,7.0257926E-1,5.917135E-1,-2.0918857E-1,-4.5632362E-2,4.215279E-2,1.5738411E-1],"split_indices":[0,0,0,0,0,0,0,0,0,0,0],"split_type":[0,0,0,0,0,0,0,0,0,0,0],"sum_hessian":[9E0,5E0,4E0,1E0,4E0,2E0,2E0,3E0,1E0,1E0,1E0],"tree_param":{"num_deleted":"0","num_feature":"2","num_nodes":"11","size_leaf_vector":"1"}},{"base_weights":[3.736191E-2,-3.3309262E0,4.0718355E0,-5.6892854E-1,-1.7213974E0,1.2637329E0,5.5226594E-1,-1.9349928E-1,-4.3350793E-2,4.004517E-2,1.4951478E-1],"categories":[],"categories_nodes":[],"categories_segments":[],"categories_sizes":[],"default_left":[0,0,0,0,0,0,0,0,0,0,0],"id":23,"left_children":[1,3,5,-1,7,9,-1,-1,-1,-1,-1],"loss_changes":[1.4945567E2,1.298156E1,1.3391144E1,0E0,5.36602E-1,5.9366226E-4,0E0,0E0,0E0,0E0,0E0],"parents":[2147483647,0,0,1,1,2,2,4,4,5,5],"right_children":[2,4,6,-1,8,10,-1,-1,-1,-1,-1],"split_conditions":[6.024452E-1,2.0062333E-1,9.054072E-1,-5.6892854E-1,5.024097E-1,7.0257926E-1,5.5226594E-1,-1.9349928E-1,-4.3350793E-2,4.004517E-2,1.4951478E-1],"split_indices":[0,0,0,0,0,0,0,0,0,0,0],"split_type":[0,0,0,0,0,0,0,0,0,0,0],"sum_hessian":[9E0,5E0,4E0,1E0,4E0,2E0,2E0,3E0,1E0,1E0,1E0],"tree_param":{"num_deleted":"0","num_feature":"2","num_nodes":"11","size_leaf_vector":"1"}},{"base_weights":[2.7230073E-2,-3.1321297E0,3.8130157E0,-5.4048216E-1,-1.596627E0,3.8042832E-2,4.5760557E-1,-1.7898674E-1,-4.118328E-2],"categories":[],"categories_nodes":[],"categories_segments":[],"categories_sizes":[],"default_left":[0,0,0,0,0,0,0,0,0],"id":24,"left_children":[1,3,5,-1,7,-1,-1,-1,-1],"loss_changes":[1.3154945E2,1.2308861E1,1.1355141E1,0E0,4.076233E-1,0E0,0E0,0E0,0E0],"parents":[2147483647,0,0,1,1,2,2,4,4],"right_children":[2,4,6,-1,8,-1,-1,-1,-1],"split_conditions":[6.024452E-1,2.0062333E-1,7.0257926E-1,-5.4048216E-1,5.024097E-1,3.8042832E-2,4.5760557E-1,-1.7898674E-1,-4.118328E-2],"split_indices":[0,0,0,0,0,0,0,0,0],"split_type":[0,0,0,0,0,0,0,0,0],"sum_hessian":[9E0,5E0,4E0,1E0,4E0,1E0,3E0,3E0,1E0],"tree_param":{"num_deleted":"0","num_feature":"2","num_nodes":"9","size_leaf_vector":"1"}},{"base_weights":[-1.992798E-3,-2.9456928E0,3.5308456E0,-5.134581E-1,-1.480999E0,1.0353317E-1,4.849411E-1,-1.6556282E-1,-3.912411E-2],"categories":[],"categories_nodes":[],"categories_segments":[],"categories_sizes":[],"default_left":[0,0,0,0,0,0,0,0,0],"id":25,"left_children":[1,3,5,-1,7,-1,-1,-1,-1],"loss_changes":[1.1439695E2,1.1631992E1,1.143174E1,0E0,3.0376816E-1,0E0,0E0,0E0,0E0],"parents":[2147483647,0,0,1,1,2,2,4,4],"right_children":[2,4,6,-1,8,-1,-1,-1,-1],"split_conditions":[6.024452E-1,2.0062333E-1,9.054072E-1,-5.134581E-1,5.024097E-1,1.0353317E-1,4.849411E-1,-1.6556282E-1,-3.912411E-2],"split_indices":[0,0,0,0,0,0,0,0,0],"split_type":[0,0,0,0,0,0,0,0,0],"sum_hessian":[9E0,5E0,4E0,1E0,4E0,2E0,2E0,3E0,1E0],"tree_param":{"num_deleted":"0","num_feature":"2","num_nodes":"9","size_leaf_vector":"1"}},{"base_weights":[-1.4760208E-2,-2.770815E0,3.2954574E0,-4.8778516E-1,-1.3738372E0,9.663112E-2,4.5261177E-1,-1.531457E-1,-3.7167933E-2],"categories":[],"categories_nodes":[],"categories_segments":[],"categories_sizes":[],"default_left":[0,0,0,0,0,0,0,0,0],"id":26,"left_children":[1,3,5,-1,7,-1,-1,-1,-1],"loss_changes":[1.003625E2,1.095953E1,9.958298E0,0E0,2.2058773E-1,0E0,0E0,0E0,0E0],"parents":[2147483647,0,0,1,1,2,2,4,4],"right_children":[2,4,6,-1,8,-1,-1,-1,-1],"split_conditions":[6.024452E-1,2.0062333E-1,9.054072E-1,-4.8778516E-1,5.024097E-1,9.663112E-2,4.5261177E-1,-1.531457E-1,-3.7167933E-2],"split_indices":[0,0,0,0,0,0,0,0,0],"split_type":[0,0,0,0,0,0,0,0,0],"sum_hessian":[9E0,5E0,4E0,1E0,4E0,2E0,2E0,3E0,1E0],"tree_param":{"num_deleted":"0","num_feature":"2","num_nodes":"9","size_leaf_vector":"1"}},{"base_weights":[-2.6171112E-2,-2.6067505E0,3.0757585E0,-4.633959E-1,-1.274517E0,9.0188855E-1,4.2243752E-1,-1.4165984E-1,-3.53096E-2,2.6132584E-2,1.091507E-1],"categories":[],"categories_nodes":[],"categories_segments":[],"categories_sizes":[],"default_left":[0,0,0,0,0,0,0,0,0,0,0],"id":27,"left_children":[1,3,5,-1,7,9,-1,-1,-1,-1,-1],"loss_changes":[8.806548E1,1.0298225E1,8.674805E0,0E0,1.5438747E-1,7.914853E-2,0E0,0E0,0E0,0E0,0E0],"parents":[2147483647,0,0,1,1,2,2,4,4,5,5],"right_children":[2,4,6,-1,8,10,-1,-1,-1,-1,-1],"split_conditions":[6.024452E-1,2.0062333E-1,9.054072E-1,-4.633959E-1,5.024097E-1,7.0257926E-1,4.2243752E-1,-1.4165984E-1,-3.53096E-2,2.6132584E-2,1.091507E-1],"split_indices":[0,0,0,0,0,0,0,0,0,0,0],"split_type":[0,0,0,0,0,0,0,0,0,0,0],"sum_hessian":[9E0,5E0,4E0,1E0,4E0,2E0,2E0,3E0,1E0,1E0,1E0],"tree_param":{"num_deleted":"0","num_feature":"2","num_nodes":"11","size_leaf_vector":"1"}},{"base_weights":[-3.1819534E-2,-2.4528039E0,2.8797257E0,-4.4022617E-1,-1.1824601E0,8.567937E-1,3.9427492E-1,-1.3103543E-1,-3.354416E-2,2.482605E-2,1.0369301E-1],"categories":[],"categories_nodes":[],"categories_segments":[],"categories_sizes":[],"default_left":[0,0,0,0,0,0,0,0,0,0,0],"id":28,"left_children":[1,3,5,-1,7,9,-1,-1,-1,-1,-1],"loss_changes":[7.755146E1,9.653389E0,7.373993E0,0E0,1.02097034E-1,7.142806E-2,0E0,0E0,0E0,0E0,0E0],"parents":[2147483647,0,0,1,1,2,2,4,4,5,5],"right_children":[2,4,6,-1,8,10,-1,-1,-1,-1,-1],"split_conditions":[6.024452E-1,2.0062333E-1,9.054072E-1,-4.4022617E-1,5.024097E-1,7.0257926E-1,3.9427492E-1,-1.3103543E-1,-3.354416E-2,2.482605E-2,1.0369301E-1],"split_indices":[0,0,0,0,0,0,0,0,0,0,0],"split_type":[0,0,0,0,0,0,0,0,0,0,0],"sum_hessian":[9E0,5E0,4E0,1E0,4E0,2E0,2E0,3E0,1E0,1E0,1E0],"tree_param":{"num_deleted":"0","num_feature":"2","num_nodes":"11","size_leaf_vector":"1"}},{"base_weights":[-3.683815E-2,-2.3083248E0,2.6963134E0,-4.182148E-1,-1.0971305E0,8.1395465E-1,3.679901E-1,-1.2120781E-1,-3.1867027E-2,2.3584748E-2,9.8508455E-2],"categories":[],"categories_nodes":[],"categories_segments":[],"categories_sizes":[],"default_left":[0,0,0,0,0,0,0,0,0,0,0],"id":29,"left_children":[1,3,5,-1,7,9,-1,-1,-1,-1,-1],"loss_changes":[6.8307144E1,9.02902E0,6.2620544E0,0E0,6.1157227E-2,6.446445E-2,0E0,0E0,0E0,0E0,0E0],"parents":[2147483647,0,0,1,1,2,2,4,4,5,5],"right_children":[2,4,6,-1,8,10,-1,-1,-1,-1,-1],"split_conditions":[6.024452E-1,2.0062333E-1,9.054072E-1,-4.182148E-1,5.024097E-1,7.0257926E-1,3.679901E-1,-1.2120781E-1,-3.1867027E-2,2.3584748E-2,9.8508455E-2],"split_indices":[0,0,0,0,0,0,0,0,0,0,0],"split_type":[0,0,0,0,0,0,0,0,0,0,0],"sum_hessian":[9E0,5E0,4E0,1E0,4E0,2E0,2E0,3E0,1E0,1E0,1E0],"tree_param":{"num_deleted":"0","num_feature":"2","num_nodes":"11","size_leaf_vector":"1"}},{"base_weights":[-4.127426E-2,-2.1727066E0,2.5246994E0,-3.9730397E-1,-1.0180321E0,1.1179085E0,4.0759316E-1,-1.1211719E-1,-3.027363E-2,2.2405624E-2,1.3411738E-1],"categories":[],"categories_nodes":[],"categories_segments":[],"categories_sizes":[],"default_left":[0,0,0,0,0,0,0,0,0,0,0],"id":30,"left_children":[1,3,5,-1,7,9,-1,-1,-1,-1,-1],"loss_changes":[6.017742E1,8.42811E0,6.35478E0,0E0,2.9458046E-2,4.977665E-1,0E0,0E0,0E0,0E0,0E0],"parents":[2147483647,0,0,1,1,2,2,4,4,5,5],"right_children":[2,4,6,-1,8,10,-1,-1,-1,-1,-1],"split_conditions":[6.024452E-1,2.0062333E-1,1E0,-3.9730397E-1,5.024097E-1,7.0257926E-1,4.0759316E-1,-1.1211719E-1,-3.027363E-2,2.2405624E-2,1.3411738E-1],"split_indices":[0,0,0,0,0,0,0,0,0,0,0],"split_type":[0,0,0,0,0,0,0,0,0,0,0],"sum_hessian":[9E0,5E0,4E0,1E0,4E0,3E0,1E0,3E0,1E0,1E0,2E0],"tree_param":{"num_deleted":"0","num_feature":"2","num_nodes":"11","size_leaf_vector":"1"}},{"base_weights":[-3.470459E-2,-2.0453846E0,2.3850524E0,-3.7743875E-1,-9.4470674E-1,1.045248E0,3.8721353E-1,-1.14100896E-1,-4.335022E-2,2.1285249E-2,1.2517624E-1],"categories":[],"categories_nodes":[],"categories_segments":[],"categories_sizes":[],"default_left":[0,0,0,0,0,0,0,0,0,0,0],"id":31,"left_children":[1,3,5,-1,7,9,-1,-1,-1,-1,-1],"loss_changes":[5.3531925E1,7.8527603E0,5.9146595E0,0E0,7.1234703E-3,4.2116547E-1,0E0,0E0,0E0,0E0,0E0],"parents":[2147483647,0,0,1,1,2,2,4,4,5,5],"right_children":[2,4,6,-1,8,10,-1,-1,-1,-1,-1],"split_conditions":[6.024452E-1,2.0062333E-1,1E0,-3.7743875E-1,4.0154228E-1,7.0257926E-1,3.8721353E-1,-1.14100896E-1,-4.335022E-2,2.1285249E-2,1.2517624E-1],"split_indices":[0,0,0,0,0,0,0,0,0,0,0],"split_type":[0,0,0,0,0,0,0,0,0,0,0],"sum_hessian":[9E0,5E0,4E0,1E0,4E0,3E0,1E0,2E0,2E0,1E0,2E0],"tree_param":{"num_deleted":"0","num_feature":"2","num_nodes":"11","size_leaf_vector":"1"}},{"base_weights":[-3.1355668E-2,-1.9299946E0,2.253282E0,-3.5856685E-1,-8.817261E-1,9.773388E-1,3.6785278E-1,-9.691954E-2,-2.6592446E-2,2.0220948E-2,1.16831206E-1],"categories":[],"categories_nodes":[],"categories_segments":[],"categories_sizes":[],"default_left":[0,0,0,0,0,0,0,0,0,0,0],"id":32,"left_children":[1,3,5,-1,7,9,-1,-1,-1,-1,-1],"loss_changes":[4.7725845E1,7.2519703E0,5.4974957E0,0E0,1.1585712E-2,3.5587263E-1,0E0,0E0,0E0,0E0,0E0],"parents":[2147483647,0,0,1,1,2,2,4,4,5,5],"right_children":[2,4,6,-1,8,10,-1,-1,-1,-1,-1],"split_conditions":[6.024452E-1,2.0062333E-1,1E0,-3.5856685E-1,5.024097E-1,7.0257926E-1,3.6785278E-1,-9.691954E-2,-2.6592446E-2,2.0220948E-2,1.16831206E-1],"split_indices":[0,0,0,0,0,0,0,0,0,0,0],"split_type":[0,0,0,0,0,0,0,0,0,0,0],"sum_hessian":[9E0,5E0,4E0,1E0,4E0,3E0,1E0,3E0,1E0,1E0,2E0],"tree_param":{"num_deleted":"0","num_feature":"2","num_nodes":"11","size_leaf_vector":"1"}},{"base_weights":[-2.5936509E-2,-1.8173414E0,2.1289368E0,-3.4063855E-1,-8.182556E-1,9.1386986E-1,3.494602E-1,-1.0003281E-1,-3.634313E-2,1.9210054E-2,1.0904261E-1],"categories":[],"categories_nodes":[],"categories_segments":[],"categories_sizes":[],"default_left":[0,0,0,0,0,0,0,0,0,0,0],"id":33,"left_children":[1,3,5,-1,7,9,-1,-1,-1,-1,-1],"loss_changes":[4.2471516E1,6.7382526E0,5.103262E0,0E0,5.0504446E-2,3.002603E-1,0E0,0E0,0E0,0E0,0E0],"parents":[2147483647,0,0,1,1,2,2,4,4,5,5],"right_children":[2,4,6,-1,8,10,-1,-1,-1,-1,-1],"split_conditions":[6.024452E-1,2.0062333E-1,1E0,-3.4063855E-1,4.0154228E-1,7.0257926E-1,3.494602E-1,-1.0003281E-1,-3.634313E-2,1.9210054E-2,1.0904261E-1],"split_indices":[0,0,0,0,0,0,0,0,0,0,0],"split_type":[0,0,0,0,0,0,0,0,0,0,0],"sum_hessian":[9E0,5E0,4E0,1E0,4E0,3E0,1E0,2E0,2E0,1E0,2E0],"tree_param":{"num_deleted":"0","num_feature":"2","num_nodes":"11","size_leaf_vector":"1"}},{"base_weights":[-2.3272324E-2,-1.7151102E0,2.0115876E0,-3.236067E-1,-7.6370543E-1,8.545475E-1,3.3198738E-1,-9.3363956E-2,-3.3920288E-2,1.8249512E-2,1.0177332E-1],"categories":[],"categories_nodes":[],"categories_segments":[],"categories_sizes":[],"default_left":[0,0,0,0,0,0,0,0,0,0,0],"id":34,"left_children":[1,3,5,-1,7,9,-1,-1,-1,-1,-1],"loss_changes":[3.787662E1,6.2108707E0,4.7317085E0,0E0,4.399395E-2,2.5294614E-1,0E0,0E0,0E0,0E0,0E0],"parents":[2147483647,0,0,1,1,2,2,4,4,5,5],"right_children":[2,4,6,-1,8,10,-1,-1,-1,-1,-1],"split_conditions":[6.024452E-1,2.0062333E-1,1E0,-3.236067E-1,4.0154228E-1,7.0257926E-1,3.3198738E-1,-9.3363956E-2,-3.3920288E-2,1.8249512E-2,1.0177332E-1],"split_indices":[0,0,0,0,0,0,0,0,0,0,0],"split_type":[0,0,0,0,0,0,0,0,0,0,0],"sum_hessian":[9E0,5E0,4E0,1E0,4E0,3E0,1E0,2E0,2E0,1E0,2E0],"tree_param":{"num_deleted":"0","num_feature":"2","num_nodes":"11","size_leaf_vector":"1"}},{"base_weights":[-2.0833205E-2,-1.6187471E0,1.90083E0,-3.0742627E-1,-7.1279144E-1,7.9909706E-1,3.153881E-1,-8.713964E-2,-3.1658936E-2,1.7337037E-2,9.498825E-2],"categories":[],"categories_nodes":[],"categories_segments":[],"categories_sizes":[],"default_left":[0,0,0,0,0,0,0,0,0,0,0],"id":35,"left_children":[1,3,5,-1,7,9,-1,-1,-1,-1,-1],"loss_changes":[3.3783485E1,5.7204866E0,4.3823814E0,0E0,3.8323164E-2,2.127204E-1,0E0,0E0,0E0,0E0,0E0],"parents":[2147483647,0,0,1,1,2,2,4,4,5,5],"right_children":[2,4,6,-1,8,10,-1,-1,-1,-1,-1],"split_conditions":[6.024452E-1,2.0062333E-1,1E0,-3.0742627E-1,4.0154228E-1,7.0257926E-1,3.153881E-1,-8.713964E-2,-3.1658936E-2,1.7337037E-2,9.498825E-2],"split_indices":[0,0,0,0,0,0,0,0,0,0,0],"split_type":[0,0,0,0,0,0,0,0,0,0,0],"sum_hessian":[9E0,5E0,4E0,1E0,4E0,3E0,1E0,2E0,2E0,1E0,2E0],"tree_param":{"num_deleted":"0","num_feature":"2","num_nodes":"11","size_leaf_vector":"1"}},{"base_weights":[-1.8600846E-2,-1.5279102E0,1.7962906E0,-2.9205495E-1,-6.6527253E-1,7.472706E-1,2.9961854E-1,-8.133037E-2,-2.9548392E-2,1.6470337E-2,8.865585E-2],"categories":[],"categories_nodes":[],"categories_segments":[],"categories_sizes":[],"default_left":[0,0,0,0,0,0,0,0,0,0,0],"id":36,"left_children":[1,3,5,-1,7,9,-1,-1,-1,-1,-1],"loss_changes":[3.0136898E1,5.2650976E0,4.0546074E0,0E0,3.3382654E-2,1.7855906E-1,0E0,0E0,0E0,0E0,0E0],"parents":[2147483647,0,0,1,1,2,2,4,4,5,5],"right_children":[2,4,6,-1,8,10,-1,-1,-1,-1,-1],"split_conditions":[6.024452E-1,2.0062333E-1,1E0,-2.9205495E-1,4.0154228E-1,7.0257926E-1,2.9961854E-1,-8.133037E-2,-2.9548392E-2,1.6470337E-2,8.865585E-2],"split_indices":[0,0,0,0,0,0,0,0,0,0,0],"split_type":[0,0,0,0,0,0,0,0,0,0,0],"sum_hessian":[9E0,5E0,4E0,1E0,4E0,3E0,1E0,2E0,2E0,1E0,2E0],"tree_param":{"num_deleted":"0","num_feature":"2","num_nodes":"11","size_leaf_vector":"1"}},{"base_weights":[-1.6559983E-2,-1.4422754E0,1.6976105E0,-2.774523E-1,-6.209213E-1,6.9882584E-1,2.8463745E-1,-7.590841E-2,-2.7578482E-2,1.5646745E-2,8.274562E-2],"categories":[],"categories_nodes":[],"categories_segments":[],"categories_sizes":[],"default_left":[0,0,0,0,0,0,0,0,0,0,0],"id":37,"left_children":[1,3,5,-1,7,9,-1,-1,-1,-1,-1],"loss_changes":[2.6887613E1,4.84272E0,3.7477188E0,0E0,2.9081225E-2,1.4958501E-1,0E0,0E0,0E0,0E0,0E0],"parents":[2147483647,0,0,1,1,2,2,4,4,5,5],"right_children":[2,4,6,-1,8,10,-1,-1,-1,-1,-1],"split_conditions":[6.024452E-1,2.0062333E-1,1E0,-2.774523E-1,4.0154228E-1,7.0257926E-1,2.8463745E-1,-7.590841E-2,-2.7578482E-2,1.5646745E-2,8.274562E-2],"split_indices":[0,0,0,0,0,0,0,0,0,0,0],"split_type":[0,0,0,0,0,0,0,0,0,0,0],"sum_hessian":[9E0,5E0,4E0,1E0,4E0,3E0,1E0,2E0,2E0,1E0,2E0],"tree_param":{"num_deleted":"0","num_feature":"2","num_nodes":"11","size_leaf_vector":"1"}},{"base_weights":[-1.4695358E-2,-1.3615373E0,1.604454E0,-2.6357976E-1,-5.7952577E-1,6.5353966E-1,2.704056E-1,-7.084783E-2,-2.5739798E-2,1.486435E-2,7.722905E-2],"categories":[],"categories_nodes":[],"categories_segments":[],"categories_sizes":[],"default_left":[0,0,0,0,0,0,0,0,0,0,0],"id":38,"left_children":[1,3,5,-1,7,9,-1,-1,-1,-1,-1],"loss_changes":[2.3991907E1,4.4514046E0,3.460929E0,0E0,2.5335073E-2,1.2503159E-1,0E0,0E0,0E0,0E0,0E0],"parents":[2147483647,0,0,1,1,2,2,4,4,5,5],"right_children":[2,4,6,-1,8,10,-1,-1,-1,-1,-1],"split_conditions":[6.024452E-1,2.0062333E-1,1E0,-2.6357976E-1,4.0154228E-1,7.0257926E-1,2.704056E-1,-7.084783E-2,-2.5739798E-2,1.486435E-2,7.722905E-2],"split_indices":[0,0,0,0,0,0,0,0,0,0,0],"split_type":[0,0,0,0,0,0,0,0,0,0,0],"sum_hessian":[9E0,5E0,4E0,1E0,4E0,3E0,1E0,2E0,2E0,1E0,2E0],"tree_param":{"num_deleted":"0","num_feature":"2","num_nodes":"11","size_leaf_vector":"1"}},{"base_weights":[-1.2993241E-2,-1.2854112E0,1.5165069E0,-2.5040075E-1,-5.408905E-1,6.1120796E-1,2.5688514E-1,-6.612473E-2,-2.4023693E-2,1.41212465E-2,7.208023E-2],"categories":[],"categories_nodes":[],"categories_segments":[],"categories_sizes":[],"default_left":[0,0,0,0,0,0,0,0,0,0,0],"id":39,"left_children":[1,3,5,-1,7,9,-1,-1,-1,-1,-1],"loss_changes":[2.141097E1,4.0892267E0,3.1933298E0,0E0,2.2072554E-2,1.04249E-1,0E0,0E0,0E0,0E0,0E0],"parents":[2147483647,0,0,1,1,2,2,4,4,5,5],"right_children":[2,4,6,-1,8,10,-1,-1,-1,-1,-1],"split_conditions":[6.024452E-1,2.0062333E-1,1E0,-2.5040075E-1,4.0154228E-1,7.0257926E-1,2.5688514E-1,-6.612473E-2,-2.4023693E-2,1.41212465E-2,7.208023E-2],"split_indices":[0,0,0,0,0,0,0,0,0,0,0],"split_type":[0,0,0,0,0,0,0,0,0,0,0],"sum_hessian":[9E0,5E0,4E0,1E0,4E0,3E0,1E0,2E0,2E0,1E0,2E0],"tree_param":{"num_deleted":"0","num_feature":"2","num_nodes":"11","size_leaf_vector":"1"}},{"base_weights":[-1.1440277E-2,-1.2136282E0,1.4334732E0,-2.378807E-1,-5.0483096E-1,5.716362E-1,2.4404107E-1,-6.1716463E-2,-2.2422029E-2,1.3415146E-2,6.7274734E-2],"categories":[],"categories_nodes":[],"categories_segments":[],"categories_sizes":[],"default_left":[0,0,0,0,0,0,0,0,0,0,0],"id":40,"left_children":[1,3,5,-1,7,9,-1,-1,-1,-1,-1],"loss_changes":[1.911028E1,3.7543573E0,2.9440527E0,0E0,1.9229293E-2,8.668816E-2,0E0,0E0,0E0,0E0,0E0],"parents":[2147483647,0,0,1,1,2,2,4,4,5,5],"right_children":[2,4,6,-1,8,10,-1,-1,-1,-1,-1],"split_conditions":[6.024452E-1,2.0062333E-1,1E0,-2.378807E-1,4.0154228E-1,7.0257926E-1,2.4404107E-1,-6.1716463E-2,-2.2422029E-2,1.3415146E-2,6.7274734E-2],"split_indices":[0,0,0,0,0,0,0,0,0,0,0],"split_type":[0,0,0,0,0,0,0,0,0,0,0],"sum_hessian":[9E0,5E0,4E0,1E0,4E0,3E0,1E0,2E0,2E0,1E0,2E0],"tree_param":{"num_deleted":"0","num_feature":"2","num_nodes":"11","size_leaf_vector":"1"}},{"base_weights":[-1.0024643E-2,-1.1459345E0,1.355072E0,-2.2598667E-1,-4.7117463E-1,5.346451E-1,2.3183899E-1,-5.760193E-2,-2.0927174E-2,1.2744523E-2,6.278966E-2],"categories":[],"categories_nodes":[],"categories_segments":[],"categories_sizes":[],"default_left":[0,0,0,0,0,0,0,0,0,0,0],"id":41,"left_children":[1,3,5,-1,7,9,-1,-1,-1,-1,-1],"loss_changes":[1.705909E1,3.4450283E0,2.712144E0,0E0,1.6751051E-2,7.186556E-2,0E0,0E0,0E0,0E0,0E0],"parents":[2147483647,0,0,1,1,2,2,4,4,5,5],"right_children":[2,4,6,-1,8,10,-1,-1,-1,-1,-1],"split_conditions":[6.024452E-1,2.0062333E-1,1E0,-2.2598667E-1,4.0154228E-1,7.0257926E-1,2.3183899E-1,-5.760193E-2,-2.0927174E-2,1.2744523E-2,6.278966E-2],"split_indices":[0,0,0,0,0,0,0,0,0,0,0],"split_type":[0,0,0,0,0,0,0,0,0,0,0],"sum_hessian":[9E0,5E0,4E0,1E0,4E0,3E0,1E0,2E0,2E0,1E0,2E0],"tree_param":{"num_deleted":"0","num_feature":"2","num_nodes":"11","size_leaf_vector":"1"}},{"base_weights":[-8.7364195E-3,-1.0820936E0,1.2810395E0,-2.1468735E-1,-4.397629E-1,5.0006485E-1,2.202469E-1,-5.37618E-2,-1.9532014E-2,1.2107468E-2,5.860367E-2],"categories":[],"categories_nodes":[],"categories_segments":[],"categories_sizes":[],"default_left":[0,0,0,0,0,0,0,0,0,0,0],"id":42,"left_children":[1,3,5,-1,7,9,-1,-1,-1,-1,-1],"loss_changes":[1.5230106E1,3.1595292E0,2.496688E0,0E0,1.459229E-2,5.9375763E-2,0E0,0E0,0E0,0E0,0E0],"parents":[2147483647,0,0,1,1,2,2,4,4,5,5],"right_children":[2,4,6,-1,8,10,-1,-1,-1,-1,-1],"split_conditions":[6.024452E-1,2.0062333E-1,1E0,-2.1468735E-1,4.0154228E-1,7.0257926E-1,2.202469E-1,-5.37618E-2,-1.9532014E-2,1.2107468E-2,5.860367E-2],"split_indices":[0,0,0,0,0,0,0,0,0,0,0],"split_type":[0,0,0,0,0,0,0,0,0,0,0],"sum_hessian":[9E0,5E0,4E0,1E0,4E0,3E0,1E0,2E0,2E0,1E0,2E0],"tree_param":{"num_deleted":"0","num_feature":"2","num_nodes":"11","size_leaf_vector":"1"}},{"base_weights":[-7.564926E-3,-1.0218817E0,1.2111282E0,-2.0395298E-1,-4.1044617E-1,4.677372E-1,2.0923463E-1,-5.0177764E-2,-1.822993E-2,1.1502075E-2,5.4696914E-2],"categories":[],"categories_nodes":[],"categories_segments":[],"categories_sizes":[],"default_left":[0,0,0,0,0,0,0,0,0,0,0],"id":43,"left_children":[1,3,5,-1,7,9,-1,-1,-1,-1,-1],"loss_changes":[1.359904E1,2.8962398E0,2.2967792E0,0E0,1.2711227E-2,4.887277E-2,0E0,0E0,0E0,0E0,0E0],"parents":[2147483647,0,0,1,1,2,2,4,4,5,5],"right_children":[2,4,6,-1,8,10,-1,-1,-1,-1,-1],"split_conditions":[6.024452E-1,2.0062333E-1,1E0,-2.0395298E-1,4.0154228E-1,7.0257926E-1,2.0923463E-1,-5.0177764E-2,-1.822993E-2,1.1502075E-2,5.4696914E-2],"split_indices":[0,0,0,0,0,0,0,0,0,0,0],"split_type":[0,0,0,0,0,0,0,0,0,0,0],"sum_hessian":[9E0,5E0,4E0,1E0,4E0,3E0,1E0,2E0,2E0,1E0,2E0],"tree_param":{"num_deleted":"0","num_feature":"2","num_nodes":"11","size_leaf_vector":"1"}},{"base_weights":[-6.501007E-3,-9.6508664E-1,1.1451019E0,-1.9375534E-1,-3.8308257E-1,4.3751335E-1,1.9877282E-1,-4.2502116E-2,-1.0766411E-2,1.0926819E-2,5.105057E-2],"categories":[],"categories_nodes":[],"categories_segments":[],"categories_sizes":[],"default_left":[0,0,0,0,0,0,0,0,0,0,0],"id":44,"left_children":[1,3,5,-1,7,9,-1,-1,-1,-1,-1],"loss_changes":[1.2144222E1,2.6536345E0,2.111506E0,0E0,1.1993766E-2,4.0055454E-2,0E0,0E0,0E0,0E0,0E0],"parents":[2147483647,0,0,1,1,2,2,4,4,5,5],"right_children":[2,4,6,-1,8,10,-1,-1,-1,-1,-1],"split_conditions":[6.024452E-1,2.0062333E-1,1E0,-1.9375534E-1,5.024097E-1,7.0257926E-1,1.9877282E-1,-4.2502116E-2,-1.0766411E-2,1.0926819E-2,5.105057E-2],"split_indices":[0,0,0,0,0,0,0,0,0,0,0],"split_type":[0,0,0,0,0,0,0,0,0,0,0],"sum_hessian":[9E0,5E0,4E0,1E0,4E0,3E0,1E0,3E0,1E0,1E0,2E0],"tree_param":{"num_deleted":"0","num_feature":"2","num_nodes":"11","size_leaf_vector":"1"}},{"base_weights":[-4.477692E-3,-9.097481E-1,1.0827423E0,-1.8406753E-1,-3.5542756E-1,4.092579E-1,1.88834E-1,-4.399897E-2,-1.5238953E-2,1.0380554E-2,4.764735E-2],"categories":[],"categories_nodes":[],"categories_segments":[],"categories_sizes":[],"default_left":[0,0,0,0,0,0,0,0,0,0,0],"id":45,"left_children":[1,3,5,-1,7,9,-1,-1,-1,-1,-1],"loss_changes":[1.0827304E1,2.441966E0,1.9399691E0,0E0,1.8796861E-2,3.266412E-2,0E0,0E0,0E0,0E0,0E0],"parents":[2147483647,0,0,1,1,2,2,4,4,5,5],"right_children":[2,4,6,-1,8,10,-1,-1,-1,-1,-1],"split_conditions":[6.024452E-1,2.0062333E-1,1E0,-1.8406753E-1,4.0154228E-1,7.0257926E-1,1.88834E-1,-4.399897E-2,-1.5238953E-2,1.0380554E-2,4.764735E-2],"split_indices":[0,0,0,0,0,0,0,0,0,0,0],"split_type":[0,0,0,0,0,0,0,0,0,0,0],"sum_hessian":[9E0,5E0,4E0,1E0,4E0,3E0,1E0,2E0,2E0,1E0,2E0],"tree_param":{"num_deleted":"0","num_feature":"2","num_nodes":"11","size_leaf_vector":"1"}},{"base_weights":[-3.6743165E-3,-8.5932416E-1,1.0238403E0,-1.748642E-1,-3.3173218E-1,3.828392E-1,1.7939225E-1,-4.1065726E-2,-1.4222972E-2,9.861374E-3,4.4470977E-2],"categories":[],"categories_nodes":[],"categories_segments":[],"categories_sizes":[],"default_left":[0,0,0,0,0,0,0,0,0,0,0],"id":46,"left_children":[1,3,5,-1,7,9,-1,-1,-1,-1,-1],"loss_changes":[9.671738E0,2.2351007E0,1.7813339E0,0E0,1.6374826E-2,2.6486278E-2,0E0,0E0,0E0,0E0,0E0],"parents":[2147483647,0,0,1,1,2,2,4,4,5,5],"right_children":[2,4,6,-1,8,10,-1,-1,-1,-1,-1],"split_conditions":[6.024452E-1,2.0062333E-1,1E0,-1.748642E-1,4.0154228E-1,7.0257926E-1,1.7939225E-1,-4.1065726E-2,-1.4222972E-2,9.861374E-3,4.4470977E-2],"split_indices":[0,0,0,0,0,0,0,0,0,0,0],"split_type":[0,0,0,0,0,0,0,0,0,0,0],"sum_hessian":[9E0,5E0,4E0,1E0,4E0,3E0,1E0,2E0,2E0,1E0,2E0],"tree_param":{"num_deleted":"0","num_feature":"2","num_nodes":"11","size_leaf_vector":"1"}},{"base_weights":[-2.9504776E-3,-8.1175137E-1,9.682007E-1,-1.66121E-1,-3.096176E-1,3.5813713E-1,1.7042275E-1,-3.8328044E-2,-1.3274892E-2,9.368134E-3,4.1506197E-2],"categories":[],"categories_nodes":[],"categories_segments":[],"categories_sizes":[],"default_left":[0,0,0,0,0,0,0,0,0,0,0],"id":47,"left_children":[1,3,5,-1,7,9,-1,-1,-1,-1,-1],"loss_changes":[8.640617E0,2.0449111E0,1.6347685E0,0E0,1.4263183E-2,2.13328E-2,0E0,0E0,0E0,0E0,0E0],"parents":[2147483647,0,0,1,1,2,2,4,4,5,5],"right_children":[2,4,6,-1,8,10,-1,-1,-1,-1,-1],"split_conditions":[6.024452E-1,2.0062333E-1,1E0,-1.66121E-1,4.0154228E-1,7.0257926E-1,1.7042275E-1,-3.8328044E-2,-1.3274892E-2,9.368134E-3,4.1506197E-2],"split_indices":[0,0,0,0,0,0,0,0,0,0,0],"split_type":[0,0,0,0,0,0,0,0,0,0,0],"sum_hessian":[9E0,5E0,4E0,1E0,4E0,3E0,1E0,2E0,2E0,1E0,2E0],"tree_param":{"num_deleted":"0","num_feature":"2","num_nodes":"11","size_leaf_vector":"1"}},{"base_weights":[-2.298355E-3,-7.668641E-1,9.1564023E-1,-1.5781498E-1,-2.8897706E-1,3.3504295E-1,1.6190147E-1,-3.577296E-2,-1.23898825E-2,8.899689E-3,3.8739268E-2],"categories":[],"categories_nodes":[],"categories_segments":[],"categories_sizes":[],"default_left":[0,0,0,0,0,0,0,0,0,0,0],"id":48,"left_children":[1,3,5,-1,7,9,-1,-1,-1,-1,-1],"loss_changes":[7.7204156E0,1.8701684E0,1.4994473E0,0E0,1.2425423E-2,1.704505E-2,0E0,0E0,0E0,0E0,0E0],"parents":[2147483647,0,0,1,1,2,2,4,4,5,5],"right_children":[2,4,6,-1,8,10,-1,-1,-1,-1,-1],"split_conditions":[6.024452E-1,2.0062333E-1,1E0,-1.5781498E-1,4.0154228E-1,7.0257926E-1,1.6190147E-1,-3.577296E-2,-1.23898825E-2,8.899689E-3,3.8739268E-2],"split_indices":[0,0,0,0,0,0,0,0,0,0,0],"split_type":[0,0,0,0,0,0,0,0,0,0,0],"sum_hessian":[9E0,5E0,4E0,1E0,4E0,3E0,1E0,2E0,2E0,1E0,2E0],"tree_param":{"num_deleted":"0","num_feature":"2","num_nodes":"11","size_leaf_vector":"1"}},{"base_weights":[-1.7131806E-3,-7.2450703E-1,8.6598206E-1,-1.4992428E-1,-2.6971132E-1,3.1344604E-1,1.5380631E-1,-3.338801E-2,-1.1563874E-2,8.454514E-3,3.6156464E-2],"categories":[],"categories_nodes":[],"categories_segments":[],"categories_sizes":[],"default_left":[0,0,0,0,0,0,0,0,0,0,0],"id":49,"left_children":[1,3,5,-1,7,9,-1,-1,-1,-1,-1],"loss_changes":[6.8990574E0,1.7097161E0,1.3746448E0,0E0,1.0823786E-2,1.3489038E-2,0E0,0E0,0E0,0E0,0E0],"parents":[2147483647,0,0,1,1,2,2,4,4,5,5],"right_children":[2,4,6,-1,8,10,-1,-1,-1,-1,-1],"split_conditions":[6.024452E-1,2.0062333E-1,1E0,-1.4992428E-1,4.0154228E-1,7.0257926E-1,1.5380631E-1,-3.338801E-2,-1.1563874E-2,8.454514E-3,3.6156464E-2],"split_indices":[0,0,0,0,0,0,0,0,0,0,0],"split_type":[0,0,0,0,0,0,0,0,0,0,0],"sum_hessian":[9E0,5E0,4E0,1E0,4E0,3E0,1E0,2E0,2E0,1E0,2E0],"tree_param":{"num_deleted":"0","num_feature":"2","num_nodes":"11","size_leaf_vector":"1"}},{"base_weights":[-1.1882782E-3,-6.8453664E-1,8.1906736E-1,-1.4242803E-1,-2.5173187E-1,2.9325485E-1,1.4611588E-1,-3.1162262E-2,-1.0793051E-2,8.031845E-3,3.3746086E-2],"categories":[],"categories_nodes":[],"categories_segments":[],"categories_sizes":[],"default_left":[0,0,0,0,0,0,0,0,0,0,0],"id":50,"left_children":[1,3,5,-1,7,9,-1,-1,-1,-1,-1],"loss_changes":[6.165885E0,1.5624502E0,1.2596068E0,0E0,9.428263E-3,1.0547906E-2,0E0,0E0,0E0,0E0,0E0],"parents":[2147483647,0,0,1,1,2,2,4,4,5,5],"right_children":[2,4,6,-1,8,10,-1,-1,-1,-1,-1],"split_conditions":[6.024452E-1,2.0062333E-1,1E0,-1.4242803E-1,4.0154228E-1,7.0257926E-1,1.4611588E-1,-3.1162262E-2,-1.0793051E-2,8.031845E-3,3.3746086E-2],"split_indices":[0,0,0,0,0,0,0,0,0,0,0],"split_type":[0,0,0,0,0,0,0,0,0,0,0],"sum_hessian":[9E0,5E0,4E0,1E0,4E0,3E0,1E0,2E0,2E0,1E0,2E0],"tree_param":{"num_deleted":"0","num_feature":"2","num_nodes":"11","size_leaf_vector":"1"}},{"base_weights":[-7.188797E-4,-6.4681405E-1,7.747391E-1,-1.3530664E-1,-2.3495026E-1,2.74374E-1,1.3880996E-1,-2.9084777E-2,-1.00735985E-2,7.6301578E-3,3.149643E-2],"categories":[],"categories_nodes":[],"categories_segments":[],"categories_sizes":[],"default_left":[0,0,0,0,0,0,0,0,0,0,0],"id":51,"left_children":[1,3,5,-1,7,9,-1,-1,-1,-1,-1],"loss_changes":[5.511308E0,1.4273756E0,1.1536624E0,0E0,8.212417E-3,8.126974E-3,0E0,0E0,0E0,0E0,0E0],"parents":[2147483647,0,0,1,1,2,2,4,4,5,5],"right_children":[2,4,6,-1,8,10,-1,-1,-1,-1,-1],"split_conditions":[6.024452E-1,2.0062333E-1,1E0,-1.3530664E-1,4.0154228E-1,7.0257926E-1,1.3880996E-1,-2.9084777E-2,-1.00735985E-2,7.6301578E-3,3.149643E-2],"split_indices":[0,0,0,0,0,0,0,0,0,0,0],"split_type":[0,0,0,0,0,0,0,0,0,0,0],"sum_hessian":[9E0,5E0,4E0,1E0,4E0,3E0,1E0,2E0,2E0,1E0,2E0],"tree_param":{"num_deleted":"0","num_feature":"2","num_nodes":"11","size_leaf_vector":"1"}},{"base_weights":[-2.99263E-4,-6.1121017E-1,7.328537E-1,-1.2854128E-1,-2.1928711E-1,2.567196E-1,1.3186951E-1,-2.7145896E-2,-9.4019575E-3,7.248688E-3,2.939682E-2],"categories":[],"categories_nodes":[],"categories_segments":[],"categories_sizes":[],"default_left":[0,0,0,0,0,0,0,0,0,0,0],"id":52,"left_children":[1,3,5,-1,7,9,-1,-1,-1,-1,-1],"loss_changes":[4.926839E0,1.303539E0,1.0561604E0,0E0,7.154748E-3,6.140828E-3,0E0,0E0,0E0,0E0,0E0],"parents":[2147483647,0,0,1,1,2,2,4,4,5,5],"right_children":[2,4,6,-1,8,10,-1,-1,-1,-1,-1],"split_conditions":[6.024452E-1,2.0062333E-1,1E0,-1.2854128E-1,4.0154228E-1,7.0257926E-1,1.3186951E-1,-2.7145896E-2,-9.4019575E-3,7.248688E-3,2.939682E-2],"split_indices":[0,0,0,0,0,0,0,0,0,0,0],"split_type":[0,0,0,0,0,0,0,0,0,0,0],"sum_hessian":[9E0,5E0,4E0,1E0,4E0,3E0,1E0,2E0,2E0,1E0,2E0],"tree_param":{"num_deleted":"0","num_feature":"2","num_nodes":"11","size_leaf_vector":"1"}},{"base_weights":[7.4005125E-5,-5.7760364E-1,6.932724E-1,-1.2211418E-1,-2.0466766E-1,2.4020958E-1,1.252762E-1,-2.5336204E-2,-8.775076E-3,6.886292E-3,2.7437082E-2],"categories":[],"categories_nodes":[],"categories_segments":[],"categories_sizes":[],"default_left":[0,0,0,0,0,0,0,0,0,0,0],"id":53,"left_children":[1,3,5,-1,7,9,-1,-1,-1,-1,-1],"loss_changes":[4.404889E0,1.190063E0,9.664941E-1,0E0,6.233275E-3,4.519701E-3,0E0,0E0,0E0,0E0,0E0],"parents":[2147483647,0,0,1,1,2,2,4,4,5,5],"right_children":[2,4,6,-1,8,10,-1,-1,-1,-1,-1],"split_conditions":[6.024452E-1,2.0062333E-1,1E0,-1.2211418E-1,4.0154228E-1,7.0257926E-1,1.252762E-1,-2.5336204E-2,-8.775076E-3,6.886292E-3,2.7437082E-2],"split_indices":[0,0,0,0,0,0,0,0,0,0,0],"split_type":[0,0,0,0,0,0,0,0,0,0,0],"sum_hessian":[9E0,5E0,4E0,1E0,4E0,3E0,1E0,2E0,2E0,1E0,2E0],"tree_param":{"num_deleted":"0","num_feature":"2","num_nodes":"11","size_leaf_vector":"1"}},{"base_weights":[4.0416716E-4,-5.45881E-1,6.558655E-1,-1.16008475E-1,-1.9102326E-1,2.2476959E-1,1.1901245E-1,-2.1407127E-2,-4.941559E-3,6.5418244E-3,2.5608063E-2],"categories":[],"categories_nodes":[],"categories_segments":[],"categories_sizes":[],"default_left":[0,0,0,0,0,0,0,0,0,0,0],"id":54,"left_children":[1,3,5,-1,7,9,-1,-1,-1,-1,-1],"loss_changes":[3.938712E0,1.0861264E0,8.8408065E-1,0E0,5.740404E-3,3.2054782E-3,0E0,0E0,0E0,0E0,0E0],"parents":[2147483647,0,0,1,1,2,2,4,4,5,5],"right_children":[2,4,6,-1,8,10,-1,-1,-1,-1,-1],"split_conditions":[6.024452E-1,2.0062333E-1,1E0,-1.16008475E-1,5.024097E-1,7.0257926E-1,1.1901245E-1,-2.1407127E-2,-4.941559E-3,6.5418244E-3,2.5608063E-2],"split_indices":[0,0,0,0,0,0,0,0,0,0,0],"split_type":[0,0,0,0,0,0,0,0,0,0,0],"sum_hessian":[9E0,5E0,4E0,1E0,4E0,3E0,1E0,3E0,1E0,1E0,2E0],"tree_param":{"num_deleted":"0","num_feature":"2","num_nodes":"11","size_leaf_vector":"1"}},{"base_weights":[1.2449265E-3,-5.1501876E-1,6.2051237E-1,-1.10208035E-1,-1.771904E-1,2.1033096E-1,1.13061905E-1,-2.221985E-2,-7.3118843E-3,6.214905E-3,2.3900859E-2],"categories":[],"categories_nodes":[],"categories_segments":[],"categories_sizes":[],"default_left":[0,0,0,0,0,0,0,0,0,0,0],"id":55,"left_children":[1,3,5,-1,7,9,-1,-1,-1,-1,-1],"loss_changes":[3.5166287E0,9.946784E-1,8.0837715E-1,0E0,7.173419E-3,2.1438748E-3,0E0,0E0,0E0,0E0,0E0],"parents":[2147483647,0,0,1,1,2,2,4,4,5,5],"right_children":[2,4,6,-1,8,10,-1,-1,-1,-1,-1],"split_conditions":[6.024452E-1,2.0062333E-1,1E0,-1.10208035E-1,4.0154228E-1,7.0257926E-1,1.13061905E-1,-2.221985E-2,-7.3118843E-3,6.214905E-3,2.3900859E-2],"split_indices":[0,0,0,0,0,0,0,0,0,0,0],"split_type":[0,0,0,0,0,0,0,0,0,0,0],"sum_hessian":[9E0,5E0,4E0,1E0,4E0,3E0,1E0,2E0,2E0,1E0,2E0],"tree_param":{"num_deleted":"0","num_feature":"2","num_nodes":"11","size_leaf_vector":"1"}},{"base_weights":[1.4640808E-3,-4.8680624E-1,5.870956E-1,-1.0469761E-1,-1.6537705E-1,1.9682503E-1,1.074089E-1,-2.3742104E-2,-8.801079E-3,5.9040072E-3,2.2307333E-2],"categories":[],"categories_nodes":[],"categories_segments":[],"categories_sizes":[],"default_left":[0,0,0,0,0,0,0,0,0,0,0],"id":56,"left_children":[1,3,5,-1,7,9,-1,-1,-1,-1,-1],"loss_changes":[3.1452668E0,9.07184E-1,7.388886E-1,0E0,6.9732517E-3,1.2962222E-3,0E0,0E0,0E0,0E0,0E0],"parents":[2147483647,0,0,1,1,2,2,4,4,5,5],"right_children":[2,4,6,-1,8,10,-1,-1,-1,-1,-1],"split_conditions":[6.024452E-1,2.0062333E-1,1E0,-1.0469761E-1,3.0243948E-1,7.0257926E-1,1.074089E-1,-2.3742104E-2,-8.801079E-3,5.9040072E-3,2.2307333E-2],"split_indices":[0,0,0,0,0,0,0,0,0,0,0],"split_type":[0,0,0,0,0,0,0,0,0,0,0],"sum_hessian":[9E0,5E0,4E0,1E0,4E0,3E0,1E0,1E0,3E0,1E0,2E0],"tree_param":{"num_deleted":"0","num_feature":"2","num_nodes":"11","size_leaf_vector":"1"}},{"base_weights":[1.1554718E-3,-3.1020308E-1,8.3105975E-1,-9.94627E-2,-7.033866E-2,2.2620393E-2,1.0203858E-1,-1.5534821E-1,9.479014E-3,-2.255497E-2,-8.141041E-3],"categories":[],"categories_nodes":[],"categories_segments":[],"categories_sizes":[],"default_left":[0,0,0,0,0,0,0,0,0,0,0],"id":57,"left_children":[1,3,5,-1,7,-1,-1,9,-1,-1,-1],"loss_changes":[2.8417754E0,1.2433908E0,1.1272931E-1,0E0,1.1298816E-1,0E0,0E0,7.5906217E-3,0E0,0E0,0E0],"parents":[2147483647,0,0,1,1,2,2,4,4,7,7],"right_children":[2,4,6,-1,8,-1,-1,10,-1,-1,-1],"split_conditions":[9.054072E-1,2.0062333E-1,1E0,-9.94627E-2,6.024452E-1,2.2620393E-2,1.0203858E-1,3.0243948E-1,9.479014E-3,-2.255497E-2,-8.141041E-3],"split_indices":[0,0,0,0,0,0,0,0,0,0,0],"split_type":[0,0,0,0,0,0,0,0,0,0,0],"sum_hessian":[9E0,7E0,2E0,1E0,6E0,1E0,1E0,4E0,2E0,1E0,3E0],"tree_param":{"num_deleted":"0","num_feature":"2","num_nodes":"11","size_leaf_vector":"1"}},{"base_weights":[1.438713E-3,-2.9426694E-1,7.8950757E-1,-9.4489574E-2,-6.633486E-2,2.1489335E-2,9.69368E-2,-1.4595261E-1,8.8473E-3,-2.1427155E-2,-7.530499E-3],"categories":[],"categories_nodes":[],"categories_segments":[],"categories_sizes":[],"default_left":[0,0,0,0,0,0,0,0,0,0,0],"id":58,"left_children":[1,3,5,-1,7,-1,-1,9,-1,-1,-1],"loss_changes":[2.56269E0,1.123714E0,1.0174036E-1,0E0,9.919103E-2,0E0,0E0,7.99714E-3,0E0,0E0,0E0],"parents":[2147483647,0,0,1,1,2,2,4,4,7,7],"right_children":[2,4,6,-1,8,-1,-1,10,-1,-1,-1],"split_conditions":[9.054072E-1,2.0062333E-1,1E0,-9.4489574E-2,6.024452E-1,2.1489335E-2,9.69368E-2,3.0243948E-1,8.8473E-3,-2.1427155E-2,-7.530499E-3],"split_indices":[0,0,0,0,0,0,0,0,0,0,0],"split_type":[0,0,0,0,0,0,0,0,0,0,0],"sum_hessian":[9E0,7E0,2E0,1E0,6E0,1E0,1E0,4E0,2E0,1E0,3E0],"tree_param":{"num_deleted":"0","num_feature":"2","num_nodes":"11","size_leaf_vector":"1"}},{"base_weights":[1.6763688E-3,-2.7916598E-1,7.500305E-1,-8.976507E-2,-6.2575206E-2,2.0414734E-2,9.208985E-2,-1.3714905E-1,8.257294E-3,-2.0355796E-2,-6.9657327E-3],"categories":[],"categories_nodes":[],"categories_segments":[],"categories_sizes":[],"default_left":[0,0,0,0,0,0,0,0,0,0,0],"id":59,"left_children":[1,3,5,-1,7,-1,-1,9,-1,-1,-1],"loss_changes":[2.3110783E0,1.0154941E0,9.182286E-2,0E0,8.7094575E-2,0E0,0E0,8.230954E-3,0E0,0E0,0E0],"parents":[2147483647,0,0,1,1,2,2,4,4,7,7],"right_children":[2,4,6,-1,8,-1,-1,10,-1,-1,-1],"split_conditions":[9.054072E-1,2.0062333E-1,1E0,-8.976507E-2,6.024452E-1,2.0414734E-2,9.208985E-2,3.0243948E-1,8.257294E-3,-2.0355796E-2,-6.9657327E-3],"split_indices":[0,0,0,0,0,0,0,0,0,0,0],"split_type":[0,0,0,0,0,0,0,0,0,0,0],"sum_hessian":[9E0,7E0,2E0,1E0,6E0,1E0,1E0,4E0,2E0,1E0,3E0],"tree_param":{"num_deleted":"0","num_feature":"2","num_nodes":"11","size_leaf_vector":"1"}},{"base_weights":[1.876831E-3,-2.6485252E-1,7.125295E-1,-8.52768E-2,-5.9040613E-2,1.939392E-2,8.748551E-2,-1.2889862E-1,7.70696E-3,-1.9338036E-2,-6.44331E-3],"categories":[],"categories_nodes":[],"categories_segments":[],"categories_sizes":[],"default_left":[0,0,0,0,0,0,0,0,0,0,0],"id":60,"left_children":[1,3,5,-1,7,-1,-1,9,-1,-1,-1],"loss_changes":[2.0842342E0,9.17652E-1,8.287275E-2,0E0,7.6492876E-2,0E0,0E0,8.324146E-3,0E0,0E0,0E0],"parents":[2147483647,0,0,1,1,2,2,4,4,7,7],"right_children":[2,4,6,-1,8,-1,-1,10,-1,-1,-1],"split_conditions":[9.054072E-1,2.0062333E-1,1E0,-8.52768E-2,6.024452E-1,1.939392E-2,8.748551E-2,3.0243948E-1,7.70696E-3,-1.9338036E-2,-6.44331E-3],"split_indices":[0,0,0,0,0,0,0,0,0,0,0],"split_type":[0,0,0,0,0,0,0,0,0,0,0],"sum_hessian":[9E0,7E0,2E0,1E0,6E0,1E0,1E0,4E0,2E0,1E0,3E0],"tree_param":{"num_deleted":"0","num_feature":"2","num_nodes":"11","size_leaf_vector":"1"}},{"base_weights":[2.0420074E-3,-2.5128603E-1,6.769028E-1,-8.101292E-2,-5.571856E-2,1.8424226E-2,8.311119E-2,-1.2116547E-1,7.1932473E-3,-1.83712E-2,-5.960083E-3],"categories":[],"categories_nodes":[],"categories_segments":[],"categories_sizes":[],"default_left":[0,0,0,0,0,0,0,0,0,0,0],"id":61,"left_children":[1,3,5,-1,7,-1,-1,9,-1,-1,-1],"loss_changes":[1.8797078E0,8.29193E-1,7.4792266E-2,0E0,6.719629E-2,0E0,0E0,8.303888E-3,0E0,0E0,0E0],"parents":[2147483647,0,0,1,1,2,2,4,4,7,7],"right_children":[2,4,6,-1,8,-1,-1,10,-1,-1,-1],"split_conditions":[9.054072E-1,2.0062333E-1,1E0,-8.101292E-2,6.024452E-1,1.8424226E-2,8.311119E-2,3.0243948E-1,7.1932473E-3,-1.83712E-2,-5.960083E-3],"split_indices":[0,0,0,0,0,0,0,0,0,0,0],"split_type":[0,0,0,0,0,0,0,0,0,0,0],"sum_hessian":[9E0,7E0,2E0,1E0,6E0,1E0,1E0,4E0,2E0,1E0,3E0],"tree_param":{"num_deleted":"0","num_feature":"2","num_nodes":"11","size_leaf_vector":"1"}},{"base_weights":[2.1751404E-3,-2.3842716E-1,6.430562E-1,-7.6962285E-2,-5.2595954E-2,1.7502977E-2,7.8955464E-2,-1.1391602E-1,6.7136134E-3,-1.7452622E-2,-5.513191E-3],"categories":[],"categories_nodes":[],"categories_segments":[],"categories_sizes":[],"default_left":[0,0,0,0,0,0,0,0,0,0,0],"id":62,"left_children":[1,3,5,-1,7,-1,-1,9,-1,-1,-1],"loss_changes":[1.6952968E0,7.4922276E-1,6.749976E-2,0E0,5.9041724E-2,0E0,0E0,8.192621E-3,0E0,0E0,0E0],"parents":[2147483647,0,0,1,1,2,2,4,4,7,7],"right_children":[2,4,6,-1,8,-1,-1,10,-1,-1,-1],"split_conditions":[9.054072E-1,2.0062333E-1,1E0,-7.6962285E-2,6.024452E-1,1.7502977E-2,7.8955464E-2,3.0243948E-1,6.7136134E-3,-1.7452622E-2,-5.513191E-3],"split_indices":[0,0,0,0,0,0,0,0,0,0,0],"split_type":[0,0,0,0,0,0,0,0,0,0,0],"sum_hessian":[9E0,7E0,2E0,1E0,6E0,1E0,1E0,4E0,2E0,1E0,3E0],"tree_param":{"num_deleted":"0","num_feature":"2","num_nodes":"11","size_leaf_vector":"1"}},{"base_weights":[2.2815703E-3,-2.2623682E-1,6.1090344E-1,-7.311421E-2,-4.9658637E-2,1.6627884E-2,7.500763E-2,-1.0711823E-1,6.2660216E-3,-1.658001E-2,-5.0997734E-3],"categories":[],"categories_nodes":[],"categories_segments":[],"categories_sizes":[],"default_left":[0,0,0,0,0,0,0,0,0,0,0],"id":63,"left_children":[1,3,5,-1,7,-1,-1,9,-1,-1,-1],"loss_changes":[1.5290216E0,6.769344E-1,6.091714E-2,0E0,5.1888615E-2,0E0,0E0,8.010853E-3,0E0,0E0,0E0],"parents":[2147483647,0,0,1,1,2,2,4,4,7,7],"right_children":[2,4,6,-1,8,-1,-1,10,-1,-1,-1],"split_conditions":[9.054072E-1,2.0062333E-1,1E0,-7.311421E-2,6.024452E-1,1.6627884E-2,7.500763E-2,3.0243948E-1,6.2660216E-3,-1.658001E-2,-5.0997734E-3],"split_indices":[0,0,0,0,0,0,0,0,0,0,0],"split_type":[0,0,0,0,0,0,0,0,0,0,0],"sum_hessian":[9E0,7E0,2E0,1E0,6E0,1E0,1E0,4E0,2E0,1E0,3E0],"tree_param":{"num_deleted":"0","num_feature":"2","num_nodes":"11","size_leaf_vector":"1"}},{"base_weights":[2.365303E-3,-2.1467853E-1,5.803604E-1,-6.9458485E-2,-4.6894073E-2,1.5796661E-2,7.1257405E-2,-1.0074234E-1,5.8484394E-3,-1.5751077E-2,-4.7172545E-3],"categories":[],"categories_nodes":[],"categories_segments":[],"categories_sizes":[],"default_left":[0,0,0,0,0,0,0,0,0,0,0],"id":64,"left_children":[1,3,5,-1,7,-1,-1,9,-1,-1,-1],"loss_changes":[1.3790938E0,6.115946E-1,5.497563E-2,0E0,4.561299E-2,0E0,0E0,7.77518E-3,0E0,0E0,0E0],"parents":[2147483647,0,0,1,1,2,2,4,4,7,7],"right_children":[2,4,6,-1,8,-1,-1,10,-1,-1,-1],"split_conditions":[9.054072E-1,2.0062333E-1,1E0,-6.9458485E-2,6.024452E-1,1.5796661E-2,7.1257405E-2,3.0243948E-1,5.8484394E-3,-1.5751077E-2,-4.7172545E-3],"split_indices":[0,0,0,0,0,0,0,0,0,0,0],"split_type":[0,0,0,0,0,0,0,0,0,0,0],"sum_hessian":[9E0,7E0,2E0,1E0,6E0,1E0,1E0,4E0,2E0,1E0,3E0],"tree_param":{"num_deleted":"0","num_feature":"2","num_nodes":"11","size_leaf_vector":"1"}},{"base_weights":[2.4255752E-3,-2.0372081E-1,5.5134076E-1,-6.598558E-2,-4.429354E-2,1.5006638E-2,6.769448E-2,-1.1159897E-1,3.4085274E-2,-1.4963532E-2,-4.9041747E-3,-1.37043E-3,5.4583233E-3],"categories":[],"categories_nodes":[],"categories_segments":[],"categories_sizes":[],"default_left":[0,0,0,0,0,0,0,0,0,0,0,0,0],"id":65,"left_children":[1,3,5,-1,7,-1,-1,9,11,-1,-1,-1,-1],"loss_changes":[1.2438883E0,5.5253553E-1,4.9618304E-2,0E0,4.073112E-2,0E0,0E0,2.179414E-3,4.666379E-3,0E0,0E0,0E0,0E0],"parents":[2147483647,0,0,1,1,2,2,4,4,7,7,8,8],"right_children":[2,4,6,-1,8,-1,-1,10,12,-1,-1,-1,-1],"split_conditions":[9.054072E-1,2.0062333E-1,1E0,-6.598558E-2,5.024097E-1,1.5006638E-2,6.769448E-2,3.0243948E-1,6.024452E-1,-1.4963532E-2,-4.9041747E-3,-1.37043E-3,5.4583233E-3],"split_indices":[0,0,0,0,0,0,0,0,0,0,0,0,0],"split_type":[0,0,0,0,0,0,0,0,0,0,0,0,0],"sum_hessian":[9E0,7E0,2E0,1E0,6E0,1E0,1E0,3E0,3E0,1E0,2E0,1E0,2E0],"tree_param":{"num_deleted":"0","num_feature":"2","num_nodes":"13","size_leaf_vector":"1"}},{"base_weights":[2.2773743E-3,-1.9356823E-1,5.237732E-1,-6.268635E-2,-4.211698E-2,1.4256286E-2,6.4309694E-2,-1.05404854E-1,3.1700134E-2,-1.4215278E-2,-4.577128E-3,-1.3019562E-3,5.0946553E-3],"categories":[],"categories_nodes":[],"categories_segments":[],"categories_sizes":[],"default_left":[0,0,0,0,0,0,0,0,0,0,0,0,0],"id":66,"left_children":[1,3,5,-1,7,-1,-1,9,11,-1,-1,-1,-1],"loss_changes":[1.1227125E0,4.985833E-1,4.4780612E-2,0E0,3.6043447E-2,0E0,0E0,2.2591278E-3,4.1060783E-3,0E0,0E0,0E0,0E0],"parents":[2147483647,0,0,1,1,2,2,4,4,7,7,8,8],"right_children":[2,4,6,-1,8,-1,-1,10,12,-1,-1,-1,-1],"split_conditions":[9.054072E-1,2.0062333E-1,1E0,-6.268635E-2,5.024097E-1,1.4256286E-2,6.4309694E-2,3.0243948E-1,6.024452E-1,-1.4215278E-2,-4.577128E-3,-1.3019562E-3,5.0946553E-3],"split_indices":[0,0,0,0,0,0,0,0,0,0,0,0,0],"split_type":[0,0,0,0,0,0,0,0,0,0,0,0,0],"sum_hessian":[9E0,7E0,2E0,1E0,6E0,1E0,1E0,3E0,3E0,1E0,2E0,1E0,2E0],"tree_param":{"num_deleted":"0","num_feature":"2","num_nodes":"13","size_leaf_vector":"1"}},{"base_weights":[2.1369935E-3,-1.8392277E-1,4.9758402E-1,-5.9552003E-2,-4.004887E-2,1.354332E-2,6.1094284E-2,-9.9562645E-2,2.947712E-2,-1.3504601E-2,-4.2719524E-3,-1.2369156E-3,4.754893E-3],"categories":[],"categories_nodes":[],"categories_segments":[],"categories_sizes":[],"default_left":[0,0,0,0,0,0,0,0,0,0,0,0,0],"id":67,"left_children":[1,3,5,-1,7,-1,-1,9,11,-1,-1,-1,-1],"loss_changes":[1.0133445E0,4.4989488E-1,4.0417016E-2,0E0,3.18991E-2,0E0,0E0,2.2988394E-3,3.6130925E-3,0E0,0E0,0E0,0E0],"parents":[2147483647,0,0,1,1,2,2,4,4,7,7,8,8],"right_children":[2,4,6,-1,8,-1,-1,10,12,-1,-1,-1,-1],"split_conditions":[9.054072E-1,2.0062333E-1,1E0,-5.9552003E-2,5.024097E-1,1.354332E-2,6.1094284E-2,3.0243948E-1,6.024452E-1,-1.3504601E-2,-4.2719524E-3,-1.2369156E-3,4.754893E-3],"split_indices":[0,0,0,0,0,0,0,0,0,0,0,0,0],"split_type":[0,0,0,0,0,0,0,0,0,0,0,0,0],"sum_hessian":[9E0,7E0,2E0,1E0,6E0,1E0,1E0,3E0,3E0,1E0,2E0,1E0,2E0],"tree_param":{"num_deleted":"0","num_feature":"2","num_nodes":"13","size_leaf_vector":"1"}},{"base_weights":[2.0061494E-3,-1.7475653E-1,4.7270456E-1,-5.657444E-2,-3.8080487E-2,1.2866211E-2,5.8039475E-2,-9.405041E-2,2.7409554E-2,-1.28294E-2,-3.987122E-3,-1.1751176E-3,4.438019E-3],"categories":[],"categories_nodes":[],"categories_segments":[],"categories_sizes":[],"default_left":[0,0,0,0,0,0,0,0,0,0,0,0,0],"id":68,"left_children":[1,3,5,-1,7,-1,-1,9,11,-1,-1,-1,-1],"loss_changes":[9.146274E-1,4.0596554E-1,3.647518E-2,0E0,2.8236188E-2,0E0,0E0,2.3059212E-3,3.1798496E-3,0E0,0E0,0E0,0E0],"parents":[2147483647,0,0,1,1,2,2,4,4,7,7,8,8],"right_children":[2,4,6,-1,8,-1,-1,10,12,-1,-1,-1,-1],"split_conditions":[9.054072E-1,2.0062333E-1,1E0,-5.657444E-2,5.024097E-1,1.2866211E-2,5.8039475E-2,3.0243948E-1,6.024452E-1,-1.28294E-2,-3.987122E-3,-1.1751176E-3,4.438019E-3],"split_indices":[0,0,0,0,0,0,0,0,0,0,0,0,0],"split_type":[0,0,0,0,0,0,0,0,0,0,0,0,0],"sum_hessian":[9E0,7E0,2E0,1E0,6E0,1E0,1E0,3E0,3E0,1E0,2E0,1E0,2E0],"tree_param":{"num_deleted":"0","num_feature":"2","num_nodes":"13","size_leaf_vector":"1"}},{"base_weights":[1.8831253E-3,-1.6604781E-1,4.4907126E-1,-5.3745747E-2,-3.620965E-2,1.2223053E-2,5.5137634E-2,-8.885002E-2,2.5483131E-2,-1.2187958E-2,-3.7213643E-3,-1.1163711E-3,4.1419985E-3],"categories":[],"categories_nodes":[],"categories_segments":[],"categories_sizes":[],"default_left":[0,0,0,0,0,0,0,0,0,0,0,0,0],"id":69,"left_children":[1,3,5,-1,7,-1,-1,9,11,-1,-1,-1,-1],"loss_changes":[8.255345E-1,3.6632404E-1,3.291738E-2,0E0,2.4996892E-2,0E0,0E0,2.2865236E-3,2.7985417E-3,0E0,0E0,0E0,0E0],"parents":[2147483647,0,0,1,1,2,2,4,4,7,7,8,8],"right_children":[2,4,6,-1,8,-1,-1,10,12,-1,-1,-1,-1],"split_conditions":[9.054072E-1,2.0062333E-1,1E0,-5.3745747E-2,5.024097E-1,1.2223053E-2,5.5137634E-2,3.0243948E-1,6.024452E-1,-1.2187958E-2,-3.7213643E-3,-1.1163711E-3,4.1419985E-3],"split_indices":[0,0,0,0,0,0,0,0,0,0,0,0,0],"split_type":[0,0,0,0,0,0,0,0,0,0,0,0,0],"sum_hessian":[9E0,7E0,2E0,1E0,6E0,1E0,1E0,3E0,3E0,1E0,2E0,1E0,2E0],"tree_param":{"num_deleted":"0","num_feature":"2","num_nodes":"13","size_leaf_vector":"1"}},{"base_weights":[1.7683029E-3,-1.5777135E-1,4.2661795E-1,-5.1058482E-2,-3.4428734E-2,1.16119385E-2,5.238075E-2,-8.394146E-2,2.3691177E-2,-1.157856E-2,-3.473155E-3,-1.0604858E-3,3.8658143E-3],"categories":[],"categories_nodes":[],"categories_segments":[],"categories_sizes":[],"default_left":[0,0,0,0,0,0,0,0,0,0,0,0,0],"id":70,"left_children":[1,3,5,-1,7,-1,-1,9,11,-1,-1,-1,-1],"loss_changes":[7.451117E-1,3.305567E-1,2.9707491E-2,0E0,2.2132399E-2,0E0,0E0,2.2467747E-3,2.463194E-3,0E0,0E0,0E0,0E0],"parents":[2147483647,0,0,1,1,2,2,4,4,7,7,8,8],"right_children":[2,4,6,-1,8,-1,-1,10,12,-1,-1,-1,-1],"split_conditions":[9.054072E-1,2.0062333E-1,1E0,-5.1058482E-2,5.024097E-1,1.16119385E-2,5.238075E-2,3.0243948E-1,6.024452E-1,-1.157856E-2,-3.473155E-3,-1.0604858E-3,3.8658143E-3],"split_indices":[0,0,0,0,0,0,0,0,0,0,0,0,0],"split_type":[0,0,0,0,0,0,0,0,0,0,0,0,0],"sum_hessian":[9E0,7E0,2E0,1E0,6E0,1E0,1E0,3E0,3E0,1E0,2E0,1E0,2E0],"tree_param":{"num_deleted":"0","num_feature":"2","num_nodes":"13","size_leaf_vector":"1"}},{"base_weights":[1.6590118E-3,-1.4990854E-1,4.0528616E-1,-4.8505593E-2,-3.273664E-2,1.1031342E-2,4.9761582E-2,-9.439978E-3,1.0808563E-2,-1.8065134E-3,3.6079406E-3],"categories":[],"categories_nodes":[],"categories_segments":[],"categories_sizes":[],"default_left":[0,0,0,0,0,0,0,0,0,0,0],"id":71,"left_children":[1,3,5,-1,7,-1,-1,-1,9,-1,-1],"loss_changes":[6.725236E-1,2.9827973E-1,2.6810497E-2,0E0,1.981626E-2,0E0,0E0,0E0,4.300093E-3,0E0,0E0],"parents":[2147483647,0,0,1,1,2,2,4,4,8,8],"right_children":[2,4,6,-1,8,-1,-1,-1,10,-1,-1],"split_conditions":[9.054072E-1,2.0062333E-1,1E0,-4.8505593E-2,4.0154228E-1,1.1031342E-2,4.9761582E-2,-9.439978E-3,6.024452E-1,-1.8065134E-3,3.6079406E-3],"split_indices":[0,0,0,0,0,0,0,0,0,0,0],"split_type":[0,0,0,0,0,0,0,0,0,0,0],"sum_hessian":[9E0,7E0,2E0,1E0,6E0,1E0,1E0,2E0,4E0,2E0,2E0],"tree_param":{"num_deleted":"0","num_feature":"2","num_nodes":"11","size_leaf_vector":"1"}},{"base_weights":[1.9586564E-3,-1.4193511E-1,3.850225E-1,-4.6080302E-2,-3.0553546E-2,1.0479736E-2,4.7273636E-2,-8.810552E-2,1.0088349E-2,-1.0527611E-2,-2.6882172E-3,-1.685969E-3,3.3673603E-2,1.0250092E-3,4.0260316E-3],"categories":[],"categories_nodes":[],"categories_segments":[],"categories_sizes":[],"default_left":[0,0,0,0,0,0,0,0,0,0,0,0,0,0,0],"id":72,"left_children":[1,3,5,-1,7,-1,-1,9,11,-1,-1,-1,13,-1,-1],"loss_changes":[6.0585314E-1,2.7004892E-1,2.419734E-2,0E0,1.726199E-2,0E0,0E0,3.2367185E-4,3.7456085E-3,0E0,0E0,0E0,5.017966E-5,0E0,0E0],"parents":[2147483647,0,0,1,1,2,2,4,4,7,7,8,8,12,12],"right_children":[2,4,6,-1,8,-1,-1,10,12,-1,-1,-1,14,-1,-1],"split_conditions":[9.054072E-1,2.0062333E-1,1E0,-4.6080302E-2,4.0154228E-1,1.0479736E-2,4.7273636E-2,3.0243948E-1,6.024452E-1,-1.0527611E-2,-2.6882172E-3,-1.685969E-3,7.0257926E-1,1.0250092E-3,4.0260316E-3],"split_indices":[0,0,0,0,0,0,0,0,0,0,0,0,0,0,0],"split_type":[0,0,0,0,0,0,0,0,0,0,0,0,0,0,0],"sum_hessian":[9E0,7E0,2E0,1E0,6E0,1E0,1E0,2E0,4E0,1E0,1E0,2E0,2E0,1E0,1E0],"tree_param":{"num_deleted":"0","num_feature":"2","num_nodes":"15","size_leaf_vector":"1"}},{"base_weights":[1.9451141E-3,-1.3473272E-1,3.6577097E-1,-4.3776322E-2,-2.890505E-2,9.955597E-3,4.491005E-2,-8.369955E-2,9.752655E-3,-1.0001183E-2,-2.5537491E-3,-1.5735626E-3,3.199005E-2,9.738922E-4,3.8246156E-3],"categories":[],"categories_nodes":[],"categories_segments":[],"categories_sizes":[],"default_left":[0,0,0,0,0,0,0,0,0,0,0,0,0,0,0],"id":73,"left_children":[1,3,5,-1,7,-1,-1,9,11,-1,-1,-1,13,-1,-1],"loss_changes":[5.465506E-1,2.4389854E-1,2.1840096E-2,0E0,1.5643898E-2,0E0,0E0,2.922155E-4,3.3373486E-3,0E0,0E0,0E0,4.5139575E-5,0E0,0E0],"parents":[2147483647,0,0,1,1,2,2,4,4,7,7,8,8,12,12],"right_children":[2,4,6,-1,8,-1,-1,10,12,-1,-1,-1,14,-1,-1],"split_conditions":[9.054072E-1,2.0062333E-1,1E0,-4.3776322E-2,4.0154228E-1,9.955597E-3,4.491005E-2,3.0243948E-1,6.024452E-1,-1.0001183E-2,-2.5537491E-3,-1.5735626E-3,7.0257926E-1,9.738922E-4,3.8246156E-3],"split_indices":[0,0,0,0,0,0,0,0,0,0,0,0,0,0,0],"split_type":[0,0,0,0,0,0,0,0,0,0,0,0,0,0,0],"sum_hessian":[9E0,7E0,2E0,1E0,6E0,1E0,1E0,2E0,4E0,1E0,1E0,2E0,2E0,1E0,1E0],"tree_param":{"num_deleted":"0","num_feature":"2","num_nodes":"15","size_leaf_vector":"1"}},{"base_weights":[1.9266128E-3,-1.2789798E-1,3.474833E-1,-4.1587543E-2,-2.7347565E-2,9.457779E-3,4.2664718E-2,-7.9514824E-2,9.422302E-3,-9.501076E-3,-2.4261475E-3,-1.4686584E-3,3.039042E-2,9.250641E-4,3.6334991E-3],"categories":[],"categories_nodes":[],"categories_segments":[],"categories_sizes":[],"default_left":[0,0,0,0,0,0,0,0,0,0,0,0,0,0,0],"id":74,"left_children":[1,3,5,-1,7,-1,-1,9,11,-1,-1,-1,13,-1,-1],"loss_changes":[4.9306002E-1,2.2027685E-1,1.9711584E-2,0E0,1.41764935E-2,0E0,0E0,2.6350655E-4,2.9739216E-3,0E0,0E0,0E0,4.0878775E-5,0E0,0E0],"parents":[2147483647,0,0,1,1,2,2,4,4,7,7,8,8,12,12],"right_children":[2,4,6,-1,8,-1,-1,10,12,-1,-1,-1,14,-1,-1],"split_conditions":[9.054072E-1,2.0062333E-1,1E0,-4.1587543E-2,4.0154228E-1,9.457779E-3,4.2664718E-2,3.0243948E-1,6.024452E-1,-9.501076E-3,-2.4261475E-3,-1.4686584E-3,7.0257926E-1,9.250641E-4,3.6334991E-3],"split_indices":[0,0,0,0,0,0,0,0,0,0,0,0,0,0,0],"split_type":[0,0,0,0,0,0,0,0,0,0,0,0,0,0,0],"sum_hessian":[9E0,7E0,2E0,1E0,6E0,1E0,1E0,2E0,4E0,1E0,1E0,2E0,2E0,1E0,1E0],"tree_param":{"num_deleted":"0","num_feature":"2","num_nodes":"15","size_leaf_vector":"1"}},{"base_weights":[1.9041061E-3,-1.2141061E-1,3.3010864E-1,-3.9508153E-2,-2.5874546E-2,8.984757E-3,4.0531542E-2,-7.5538635E-2,9.098816E-3,-9.025956E-3,-2.3048401E-3,-1.3707479E-3,2.8872171E-2,8.789063E-4,3.4519196E-3],"categories":[],"categories_nodes":[],"categories_segments":[],"categories_sizes":[],"default_left":[0,0,0,0,0,0,0,0,0,0,0,0,0,0,0],"id":75,"left_children":[1,3,5,-1,7,-1,-1,9,11,-1,-1,-1,13,-1,-1],"loss_changes":[4.4480315E-1,1.9894098E-1,1.7791182E-2,0E0,1.2845755E-2,0E0,0E0,2.3777597E-4,2.6505496E-3,0E0,0E0,0E0,3.6838E-5,0E0,0E0],"parents":[2147483647,0,0,1,1,2,2,4,4,7,7,8,8,12,12],"right_children":[2,4,6,-1,8,-1,-1,10,12,-1,-1,-1,14,-1,-1],"split_conditions":[9.054072E-1,2.0062333E-1,1E0,-3.9508153E-2,4.0154228E-1,8.984757E-3,4.0531542E-2,3.0243948E-1,6.024452E-1,-9.025956E-3,-2.3048401E-3,-1.3707479E-3,7.0257926E-1,8.789063E-4,3.4519196E-3],"split_indices":[0,0,0,0,0,0,0,0,0,0,0,0,0,0,0],"split_type":[0,0,0,0,0,0,0,0,0,0,0,0,0,0,0],"sum_hessian":[9E0,7E0,2E0,1E0,6E0,1E0,1E0,2E0,4E0,1E0,1E0,2E0,2E0,1E0,1E0],"tree_param":{"num_deleted":"0","num_feature":"2","num_nodes":"15","size_leaf_vector":"1"}},{"base_weights":[1.8770217E-3,-1.15254164E-1,3.1360117E-1,-3.7532713E-2,-2.4482727E-2,8.535385E-3,3.850479E-2,-7.1762085E-2,8.781433E-3,-8.574677E-3,-2.1896362E-3,-1.2794494E-3,2.7430216E-2,8.3503727E-4,3.2794953E-3],"categories":[],"categories_nodes":[],"categories_segments":[],"categories_sizes":[],"default_left":[0,0,0,0,0,0,0,0,0,0,0,0,0,0,0],"id":76,"left_children":[1,3,5,-1,7,-1,-1,9,11,-1,-1,-1,13,-1,-1],"loss_changes":[4.0127003E-1,1.7966855E-1,1.6057253E-2,0E0,1.1639131E-2,0E0,0E0,2.145255E-4,2.3627798E-3,0E0,0E0,0E0,3.3224933E-5,0E0,0E0],"parents":[2147483647,0,0,1,1,2,2,4,4,7,7,8,8,12,12],"right_children":[2,4,6,-1,8,-1,-1,10,12,-1,-1,-1,14,-1,-1],"split_conditions":[9.054072E-1,2.0062333E-1,1E0,-3.7532713E-2,4.0154228E-1,8.535385E-3,3.850479E-2,3.0243948E-1,6.024452E-1,-8.574677E-3,-2.1896362E-3,-1.2794494E-3,7.0257926E-1,8.3503727E-4,3.2794953E-3],"split_indices":[0,0,0,0,0,0,0,0,0,0,0,0,0,0,0],"split_type":[0,0,0,0,0,0,0,0,0,0,0,0,0,0,0],"sum_hessian":[9E0,7E0,2E0,1E0,6E0,1E0,1E0,2E0,4E0,1E0,1E0,2E0,2E0,1E0,1E0],"tree_param":{"num_deleted":"0","num_feature":"2","num_nodes":"15","size_leaf_vector":"1"}},{"base_weights":[1.8468857E-3,-1.0941148E-1,2.9792023E-1,-3.5656072E-2,-2.3167202E-2,8.108521E-3,3.6579516E-2,-6.817373E-2,8.470153E-3,-8.145905E-3,-2.0801544E-3,-1.1942546E-3,2.605947E-2,7.9345703E-4,3.1154633E-3],"categories":[],"categories_nodes":[],"categories_segments":[],"categories_sizes":[],"default_left":[0,0,0,0,0,0,0,0,0,0,0,0,0,0,0],"id":77,"left_children":[1,3,5,-1,7,-1,-1,9,11,-1,-1,-1,13,-1,-1],"loss_changes":[3.6200222E-1,1.6226116E-1,1.4492393E-2,0E0,1.0544654E-2,0E0,0E0,1.9358937E-4,2.1064433E-3,0E0,0E0,0E0,2.9849354E-5,0E0,0E0],"parents":[2147483647,0,0,1,1,2,2,4,4,7,7,8,8,12,12],"right_children":[2,4,6,-1,8,-1,-1,10,12,-1,-1,-1,14,-1,-1],"split_conditions":[9.054072E-1,2.0062333E-1,1E0,-3.5656072E-2,4.0154228E-1,8.108521E-3,3.6579516E-2,3.0243948E-1,6.024452E-1,-8.145905E-3,-2.0801544E-3,-1.1942546E-3,7.0257926E-1,7.9345703E-4,3.1154633E-3],"split_indices":[0,0,0,0,0,0,0,0,0,0,0,0,0,0,0],"split_type":[0,0,0,0,0,0,0,0,0,0,0,0,0,0,0],"sum_hessian":[9E0,7E0,2E0,1E0,6E0,1E0,1E0,2E0,4E0,1E0,1E0,2E0,2E0,1E0,1E0],"tree_param":{"num_deleted":"0","num_feature":"2","num_nodes":"15","size_leaf_vector":"1"}},{"base_weights":[1.8136979E-3,-1.0386634E-1,2.8302255E-1,-3.387327E-2,-2.1923611E-2,7.7030184E-3,3.475037E-2,-6.476593E-2,8.166504E-3,-7.7386857E-3,-1.9762039E-3,-1.1146546E-3,2.4757385E-2,7.537842E-4,2.9598237E-3],"categories":[],"categories_nodes":[],"categories_segments":[],"categories_sizes":[],"default_left":[0,0,0,0,0,0,0,0,0,0,0,0,0,0,0],"id":78,"left_children":[1,3,5,-1,7,-1,-1,9,11,-1,-1,-1,13,-1,-1],"loss_changes":[3.2657814E-1,1.465385E-1,1.3079584E-2,0E0,9.552823E-3,0E0,0E0,1.7464999E-4,1.8780618E-3,0E0,0E0,0E0,2.6964932E-5,0E0,0E0],"parents":[2147483647,0,0,1,1,2,2,4,4,7,7,8,8,12,12],"right_children":[2,4,6,-1,8,-1,-1,10,12,-1,-1,-1,14,-1,-1],"split_conditions":[9.054072E-1,2.0062333E-1,1E0,-3.387327E-2,4.0154228E-1,7.7030184E-3,3.475037E-2,3.0243948E-1,6.024452E-1,-7.7386857E-3,-1.9762039E-3,-1.1146546E-3,7.0257926E-1,7.537842E-4,2.9598237E-3],"split_indices":[0,0,0,0,0,0,0,0,0,0,0,0,0,0,0],"split_type":[0,0,0,0,0,0,0,0,0,0,0,0,0,0,0],"sum_hessian":[9E0,7E0,2E0,1E0,6E0,1E0,1E0,2E0,4E0,1E0,1E0,2E0,2E0,1E0,1E0],"tree_param":{"num_deleted":"0","num_feature":"2","num_nodes":"15","size_leaf_vector":"1"}},{"base_weights":[1.7780304E-3,-9.8603725E-2,2.6887003E-1,-3.2179642E-2,-2.0748138E-2,7.317734E-3,3.3012774E-2,-5.178356E-2,1.5474319E-2,-7.351685E-3,-2.003352E-3,-4.3296814E-4,2.351888E-2,7.1601867E-4,2.8118135E-3],"categories":[],"categories_nodes":[],"categories_segments":[],"categories_sizes":[],"default_left":[0,0,0,0,0,0,0,0,0,0,0,0,0,0,0],"id":79,"left_children":[1,3,5,-1,7,-1,-1,9,11,-1,-1,-1,13,-1,-1],"loss_changes":[2.9462323E-1,1.3233772E-1,1.1805177E-2,0E0,8.67057E-3,0E0,0E0,1.28733E-3,7.3908723E-4,0E0,0E0,0E0,2.4382141E-5,0E0,0E0],"parents":[2147483647,0,0,1,1,2,2,4,4,7,7,8,8,12,12],"right_children":[2,4,6,-1,8,-1,-1,10,12,-1,-1,-1,14,-1,-1],"split_conditions":[9.054072E-1,2.0062333E-1,1E0,-3.2179642E-2,5.024097E-1,7.317734E-3,3.3012774E-2,3.0243948E-1,6.024452E-1,-7.351685E-3,-2.003352E-3,-4.3296814E-4,7.0257926E-1,7.1601867E-4,2.8118135E-3],"split_indices":[0,0,0,0,0,0,0,0,0,0,0,0,0,0,0],"split_type":[0,0,0,0,0,0,0,0,0,0,0,0,0,0,0],"sum_hessian":[9E0,7E0,2E0,1E0,6E0,1E0,1E0,3E0,3E0,1E0,2E0,1E0,2E0,1E0,1E0],"tree_param":{"num_deleted":"0","num_feature":"2","num_nodes":"15","size_leaf_vector":"1"}},{"base_weights":[1.7889023E-3,-9.354901E-2,2.5542703E-1,-3.0570699E-2,-1.9568307E-2,6.9519044E-3,3.1362154E-2,-5.8409374E-2,7.649994E-3,-6.9841384E-3,-1.7772674E-3,-9.5914205E-4,2.234141E-2,6.8016053E-4,2.671051E-3],"categories":[],"categories_nodes":[],"categories_segments":[],"categories_sizes":[],"default_left":[0,0,0,0,0,0,0,0,0,0,0,0,0,0,0],"id":80,"left_children":[1,3,5,-1,7,-1,-1,9,11,-1,-1,-1,13,-1,-1],"loss_changes":[2.6570824E-1,1.195826E-1,1.0653809E-2,0E0,7.847146E-3,0E0,0E0,1.5241001E-4,1.4807899E-3,0E0,0E0,0E0,2.2010528E-5,0E0,0E0],"parents":[2147483647,0,0,1,1,2,2,4,4,7,7,8,8,12,12],"right_children":[2,4,6,-1,8,-1,-1,10,12,-1,-1,-1,14,-1,-1],"split_conditions":[9.054072E-1,2.0062333E-1,1E0,-3.0570699E-2,4.0154228E-1,6.9519044E-3,3.1362154E-2,3.0243948E-1,6.024452E-1,-6.9841384E-3,-1.7772674E-3,-9.5914205E-4,7.0257926E-1,6.8016053E-4,2.671051E-3],"split_indices":[0,0,0,0,0,0,0,0,0,0,0,0,0,0,0],"split_type":[0,0,0,0,0,0,0,0,0,0,0,0,0,0,0],"sum_hessian":[9E0,7E0,2E0,1E0,6E0,1E0,1E0,2E0,4E0,1E0,1E0,2E0,2E0,1E0,1E0],"tree_param":{"num_deleted":"0","num_feature":"2","num_nodes":"15","size_leaf_vector":"1"}},{"base_weights":[1.747322E-3,-8.8811636E-2,2.4265544E-1,-2.9042149E-2,-1.8521445E-2,6.6043856E-3,2.9793931E-2,-5.5488586E-2,7.3631285E-3,-6.634903E-3,-1.688385E-3,-8.9530944E-4,2.1224976E-2,6.4620975E-4,2.5375367E-3],"categories":[],"categories_nodes":[],"categories_segments":[],"categories_sizes":[],"default_left":[0,0,0,0,0,0,0,0,0,0,0,0,0,0,0],"id":81,"left_children":[1,3,5,-1,7,-1,-1,9,11,-1,-1,-1,13,-1,-1],"loss_changes":[2.397145E-1,1.0799053E-1,9.614259E-3,0E0,7.1067205E-3,0E0,0E0,1.3756659E-4,1.320894E-3,0E0,0E0,0E0,1.983717E-5,0E0,0E0],"parents":[2147483647,0,0,1,1,2,2,4,4,7,7,8,8,12,12],"right_children":[2,4,6,-1,8,-1,-1,10,12,-1,-1,-1,14,-1,-1],"split_conditions":[9.054072E-1,2.0062333E-1,1E0,-2.9042149E-2,4.0154228E-1,6.6043856E-3,2.9793931E-2,3.0243948E-1,6.024452E-1,-6.634903E-3,-1.688385E-3,-8.9530944E-4,7.0257926E-1,6.4620975E-4,2.5375367E-3],"split_indices":[0,0,0,0,0,0,0,0,0,0,0,0,0,0,0],"split_type":[0,0,0,0,0,0,0,0,0,0,0,0,0,0,0],"sum_hessian":[9E0,7E0,2E0,1E0,6E0,1E0,1E0,2E0,4E0,1E0,1E0,2E0,2E0,1E0,1E0],"tree_param":{"num_deleted":"0","num_feature":"2","num_nodes":"15","size_leaf_vector":"1"}},{"base_weights":[1.704216E-3,-8.431554E-2,2.3052216E-1,-2.7590085E-2,-1.7531803E-2,6.274033E-3,2.8304292E-2,-5.271403E-2,7.083893E-3,-6.303215E-3,-1.6038895E-3,-8.355458E-4,2.0161947E-2,6.137848E-4,2.4105073E-3],"categories":[],"categories_nodes":[],"categories_segments":[],"categories_sizes":[],"default_left":[0,0,0,0,0,0,0,0,0,0,0,0,0,0,0],"id":82,"left_children":[1,3,5,-1,7,-1,-1,9,11,-1,-1,-1,13,-1,-1],"loss_changes":[2.1626525E-1,9.752121E-2,8.67787E-3,0E0,6.4356653E-3,0E0,0E0,1.2428965E-4,1.1780458E-3,0E0,0E0,0E0,1.7942977E-5,0E0,0E0],"parents":[2147483647,0,0,1,1,2,2,4,4,7,7,8,8,12,12],"right_children":[2,4,6,-1,8,-1,-1,10,12,-1,-1,-1,14,-1,-1],"split_conditions":[9.054072E-1,2.0062333E-1,1E0,-2.7590085E-2,4.0154228E-1,6.274033E-3,2.8304292E-2,3.0243948E-1,6.024452E-1,-6.303215E-3,-1.6038895E-3,-8.355458E-4,7.0257926E-1,6.137848E-4,2.4105073E-3],"split_indices":[0,0,0,0,0,0,0,0,0,0,0,0,0,0,0],"split_type":[0,0,0,0,0,0,0,0,0,0,0,0,0,0,0],"sum_hessian":[9E0,7E0,2E0,1E0,6E0,1E0,1E0,2E0,4E0,1E0,1E0,2E0,2E0,1E0,1E0],"tree_param":{"num_deleted":"0","num_feature":"2","num_nodes":"15","size_leaf_vector":"1"}},{"base_weights":[1.6609192E-3,-8.004761E-2,2.1899669E-1,-2.6210595E-2,-1.6595569E-2,5.9604645E-3,2.688904E-2,-5.0079346E-2,6.813812E-3,-5.988121E-3,-1.5237809E-3,-7.798513E-4,1.9154867E-2,5.8326725E-4,2.2899627E-3],"categories":[],"categories_nodes":[],"categories_segments":[],"categories_sizes":[],"default_left":[0,0,0,0,0,0,0,0,0,0,0,0,0,0,0],"id":83,"left_children":[1,3,5,-1,7,-1,-1,9,11,-1,-1,-1,13,-1,-1],"loss_changes":[1.95112E-1,8.806599E-2,7.830858E-3,0E0,5.8280723E-3,0E0,0E0,1.1207815E-4,1.051037E-3,0E0,0E0,0E0,1.6099191E-5,0E0,0E0],"parents":[2147483647,0,0,1,1,2,2,4,4,7,7,8,8,12,12],"right_children":[2,4,6,-1,8,-1,-1,10,12,-1,-1,-1,14,-1,-1],"split_conditions":[9.054072E-1,2.0062333E-1,1E0,-2.6210595E-2,4.0154228E-1,5.9604645E-3,2.688904E-2,3.0243948E-1,6.024452E-1,-5.988121E-3,-1.5237809E-3,-7.798513E-4,7.0257926E-1,5.8326725E-4,2.2899627E-3],"split_indices":[0,0,0,0,0,0,0,0,0,0,0,0,0,0,0],"split_type":[0,0,0,0,0,0,0,0,0,0,0,0,0,0,0],"sum_hessian":[9E0,7E0,2E0,1E0,6E0,1E0,1E0,2E0,4E0,1E0,1E0,2E0,2E0,1E0,1E0],"tree_param":{"num_deleted":"0","num_feature":"2","num_nodes":"15","size_leaf_vector":"1"}},{"base_weights":[1.6174316E-3,-7.59964E-2,2.0804851E-1,-2.4900055E-2,-1.5710013E-2,5.6625367E-3,2.5544738E-2,-3.9952278E-2,1.2459755E-2,-5.6886673E-3,-1.5345257E-3,-2.3784638E-4,1.8198648E-2,5.542755E-4,2.1755218E-3],"categories":[],"categories_nodes":[],"categories_segments":[],"categories_sizes":[],"default_left":[0,0,0,0,0,0,0,0,0,0,0,0,0,0,0],"id":84,"left_children":[1,3,5,-1,7,-1,-1,9,11,-1,-1,-1,13,-1,-1],"loss_changes":[1.7602998E-1,7.952655E-2,7.0670694E-3,0E0,5.278089E-3,0E0,0E0,7.938794E-4,3.8390473E-4,0E0,0E0,0E0,1.445075E-5,0E0,0E0],"parents":[2147483647,0,0,1,1,2,2,4,4,7,7,8,8,12,12],"right_children":[2,4,6,-1,8,-1,-1,10,12,-1,-1,-1,14,-1,-1],"split_conditions":[9.054072E-1,2.0062333E-1,1E0,-2.4900055E-2,5.024097E-1,5.6625367E-3,2.5544738E-2,3.0243948E-1,6.024452E-1,-5.6886673E-3,-1.5345257E-3,-2.3784638E-4,7.0257926E-1,5.542755E-4,2.1755218E-3],"split_indices":[0,0,0,0,0,0,0,0,0,0,0,0,0,0,0],"split_type":[0,0,0,0,0,0,0,0,0,0,0,0,0,0,0],"sum_hessian":[9E0,7E0,2E0,1E0,6E0,1E0,1E0,3E0,3E0,1E0,2E0,1E0,2E0,1E0,1E0],"tree_param":{"num_deleted":"0","num_feature":"2","num_nodes":"15","size_leaf_vector":"1"}},{"base_weights":[1.6130448E-3,-7.2101355E-2,1.976471E-1,-2.3655033E-2,-1.4815739E-2,5.3794864E-3,2.4267578E-2,-4.516856E-2,6.3591003E-3,-5.404282E-3,-1.3710022E-3,-6.6897075E-4,1.7288208E-2,5.264282E-4,2.066803E-3],"categories":[],"categories_nodes":[],"categories_segments":[],"categories_sizes":[],"default_left":[0,0,0,0,0,0,0,0,0,0,0,0,0,0,0],"id":85,"left_children":[1,3,5,-1,7,-1,-1,9,11,-1,-1,-1,13,-1,-1],"loss_changes":[1.5875596E-1,7.1859814E-2,6.3777193E-3,0E0,4.7862437E-3,0E0,0E0,9.6585136E-5,8.287122E-4,0E0,0E0,0E0,1.3113837E-5,0E0,0E0],"parents":[2147483647,0,0,1,1,2,2,4,4,7,7,8,8,12,12],"right_children":[2,4,6,-1,8,-1,-1,10,12,-1,-1,-1,14,-1,-1],"split_conditions":[9.054072E-1,2.0062333E-1,1E0,-2.3655033E-2,4.0154228E-1,5.3794864E-3,2.4267578E-2,3.0243948E-1,6.024452E-1,-5.404282E-3,-1.3710022E-3,-6.6897075E-4,7.0257926E-1,5.264282E-4,2.066803E-3],"split_indices":[0,0,0,0,0,0,0,0,0,0,0,0,0,0,0],"split_type":[0,0,0,0,0,0,0,0,0,0,0,0,0,0,0],"sum_hessian":[9E0,7E0,2E0,1E0,6E0,1E0,1E0,2E0,4E0,1E0,1E0,2E0,2E0,1E0,1E0],"tree_param":{"num_deleted":"0","num_feature":"2","num_nodes":"15","size_leaf_vector":"1"}},{"base_weights":[1.565361E-3,-6.845498E-2,1.8776448E-1,-2.2472287E-2,-1.40277315E-2,5.11055E-3,2.3054123E-2,-4.291026E-2,6.1073303E-3,-5.13401E-3,-1.3025284E-3,-6.2446594E-3,1.6423544E-2,-7.440567E-4,-1.9264221E-4,5.0010683E-4,1.9634247E-3],"categories":[],"categories_nodes":[],"categories_segments":[],"categories_sizes":[],"default_left":[0,0,0,0,0,0,0,0,0,0,0,0,0,0,0,0,0],"id":86,"left_children":[1,3,5,-1,7,-1,-1,9,11,-1,-1,13,15,-1,-1,-1,-1],"loss_changes":[1.4323068E-1,6.488949E-2,5.755551E-3,0E0,4.3329275E-3,0E0,0E0,8.705724E-5,7.396882E-4,0E0,0E0,1.1589727E-6,1.18303E-5,0E0,0E0,0E0,0E0],"parents":[2147483647,0,0,1,1,2,2,4,4,7,7,8,8,11,11,12,12],"right_children":[2,4,6,-1,8,-1,-1,10,12,-1,-1,14,16,-1,-1,-1,-1],"split_conditions":[9.054072E-1,2.0062333E-1,1E0,-2.2472287E-2,4.0154228E-1,5.11055E-3,2.3054123E-2,3.0243948E-1,6.024452E-1,-5.13401E-3,-1.3025284E-3,5.024097E-1,7.0257926E-1,-7.440567E-4,-1.9264221E-4,5.0010683E-4,1.9634247E-3],"split_indices":[0,0,0,0,0,0,0,0,0,0,0,0,0,0,0,0,0],"split_type":[0,0,0,0,0,0,0,0,0,0,0,0,0,0,0,0,0],"sum_hessian":[9E0,7E0,2E0,1E0,6E0,1E0,1E0,2E0,4E0,1E0,1E0,2E0,2E0,1E0,1E0,1E0,1E0],"tree_param":{"num_deleted":"0","num_feature":"2","num_nodes":"17","size_leaf_vector":"1"}},{"base_weights":[1.4863968E-3,-6.503272E-2,1.7837524E-1,-2.1348668E-2,-1.3326918E-2,4.8549655E-3,2.1901323E-2,-4.0765125E-2,5.801392E-3,-4.8772814E-3,-1.2374878E-3,-5.933126E-3,1.5602112E-2,-7.068634E-4,-1.8310547E-4,4.749298E-4,1.865387E-3],"categories":[],"categories_nodes":[],"categories_segments":[],"categories_sizes":[],"default_left":[0,0,0,0,0,0,0,0,0,0,0,0,0,0,0,0,0],"id":87,"left_children":[1,3,5,-1,7,-1,-1,9,11,-1,-1,13,15,-1,-1,-1,-1],"loss_changes":[1.2926511E-1,5.8562327E-2,5.1945373E-3,0E0,3.91042E-3,0E0,0E0,7.8462996E-5,6.676029E-4,0E0,0E0,1.0307485E-6,1.0767661E-5,0E0,0E0,0E0,0E0],"parents":[2147483647,0,0,1,1,2,2,4,4,7,7,8,8,11,11,12,12],"right_children":[2,4,6,-1,8,-1,-1,10,12,-1,-1,14,16,-1,-1,-1,-1],"split_conditions":[9.054072E-1,2.0062333E-1,1E0,-2.1348668E-2,4.0154228E-1,4.8549655E-3,2.1901323E-2,3.0243948E-1,6.024452E-1,-4.8772814E-3,-1.2374878E-3,5.024097E-1,7.0257926E-1,-7.068634E-4,-1.8310547E-4,4.749298E-4,1.865387E-3],"split_indices":[0,0,0,0,0,0,0,0,0,0,0,0,0,0,0,0,0],"split_type":[0,0,0,0,0,0,0,0,0,0,0,0,0,0,0,0,0],"sum_hessian":[9E0,7E0,2E0,1E0,6E0,1E0,1E0,2E0,4E0,1E0,1E0,2E0,2E0,1E0,1E0,1E0,1E0],"tree_param":{"num_deleted":"0","num_feature":"2","num_nodes":"17","size_leaf_vector":"1"}},{"base_weights":[1.4118195E-3,-6.1781406E-2,1.6945648E-1,-2.028122E-2,-1.266098E-2,4.6123504E-3,2.0806123E-2,-3.8726807E-2,5.5107116E-3,-4.633331E-3,-1.1756897E-3,-5.636851E-4,1.482137E-2,4.512787E-4,1.7719269E-3],"categories":[],"categories_nodes":[],"categories_segments":[],"categories_sizes":[],"default_left":[0,0,0,0,0,0,0,0,0,0,0,0,0,0,0],"id":88,"left_children":[1,3,5,-1,7,-1,-1,9,11,-1,-1,-1,13,-1,-1],"loss_changes":[1.1666211E-1,5.2852135E-2,4.687205E-3,0E0,3.5290332E-3,0E0,0E0,7.070415E-5,6.0250156E-4,0E0,0E0,0E0,9.65636E-6,0E0,0E0],"parents":[2147483647,0,0,1,1,2,2,4,4,7,7,8,8,12,12],"right_children":[2,4,6,-1,8,-1,-1,10,12,-1,-1,-1,14,-1,-1],"split_conditions":[9.054072E-1,2.0062333E-1,1E0,-2.028122E-2,4.0154228E-1,4.6123504E-3,2.0806123E-2,3.0243948E-1,6.024452E-1,-4.633331E-3,-1.1756897E-3,-5.636851E-4,7.0257926E-1,4.512787E-4,1.7719269E-3],"split_indices":[0,0,0,0,0,0,0,0,0,0,0,0,0,0,0],"split_type":[0,0,0,0,0,0,0,0,0,0,0,0,0,0,0],"sum_hessian":[9E0,7E0,2E0,1E0,6E0,1E0,1E0,2E0,4E0,1E0,1E0,2E0,2E0,1E0,1E0],"tree_param":{"num_deleted":"0","num_feature":"2","num_nodes":"15","size_leaf_vector":"1"}},{"base_weights":[1.369667E-3,-5.8656454E-2,1.6098277E-1,-1.9267177E-2,-1.1986868E-2,4.381561E-3,1.9765854E-2,-3.679021E-2,5.292511E-3,-4.4015883E-3,-1.1169434E-3,-5.2604675E-3,1.4081319E-2,-6.433487E-4,-1.4572144E-4,4.2877198E-4,1.683426E-3],"categories":[],"categories_nodes":[],"categories_segments":[],"categories_sizes":[],"default_left":[0,0,0,0,0,0,0,0,0,0,0,0,0,0,0,0,0],"id":89,"left_children":[1,3,5,-1,7,-1,-1,9,11,-1,-1,13,15,-1,-1,-1,-1],"loss_changes":[1.0525223E-1,4.772599E-2,4.231058E-3,0E0,3.194817E-3,0E0,0E0,6.374996E-5,5.378148E-4,0E0,0E0,4.008907E-6,8.702977E-6,0E0,0E0,0E0,0E0],"parents":[2147483647,0,0,1,1,2,2,4,4,7,7,8,8,11,11,12,12],"right_children":[2,4,6,-1,8,-1,-1,10,12,-1,-1,14,16,-1,-1,-1,-1],"split_conditions":[9.054072E-1,2.0062333E-1,1E0,-1.9267177E-2,4.0154228E-1,4.381561E-3,1.9765854E-2,3.0243948E-1,6.024452E-1,-4.4015883E-3,-1.1169434E-3,5.024097E-1,7.0257926E-1,-6.433487E-4,-1.4572144E-4,4.2877198E-4,1.683426E-3],"split_indices":[0,0,0,0,0,0,0,0,0,0,0,0,0,0,0,0,0],"split_type":[0,0,0,0,0,0,0,0,0,0,0,0,0,0,0,0,0],"sum_hessian":[9E0,7E0,2E0,1E0,6E0,1E0,1E0,2E0,4E0,1E0,1E0,2E0,2E0,1E0,1E0,1E0,1E0],"tree_param":{"num_deleted":"0","num_feature":"2","num_nodes":"17","size_leaf_vector":"1"}},{"base_weights":[1.301384E-3,-5.572343E-2,1.5293376E-1,-1.8303776E-2,-1.1387416E-2,4.162598E-3,1.8777465E-2,-3.4950256E-2,5.027771E-3,-4.1814805E-3,-1.061058E-3,-4.9972534E-3,1.3376872E-2,-6.111145E-4,-1.3847351E-4,4.0740968E-4,1.5991211E-3],"categories":[],"categories_nodes":[],"categories_segments":[],"categories_sizes":[],"default_left":[0,0,0,0,0,0,0,0,0,0,0,0,0,0,0,0,0],"id":90,"left_children":[1,3,5,-1,7,-1,-1,9,11,-1,-1,13,15,-1,-1,-1,-1],"loss_changes":[9.499007E-2,4.307255E-2,3.817886E-3,0E0,2.883241E-3,0E0,0E0,5.7563186E-5,4.853473E-4,0E0,0E0,3.6095444E-6,7.812108E-6,0E0,0E0,0E0,0E0],"parents":[2147483647,0,0,1,1,2,2,4,4,7,7,8,8,11,11,12,12],"right_children":[2,4,6,-1,8,-1,-1,10,12,-1,-1,14,16,-1,-1,-1,-1],"split_conditions":[9.054072E-1,2.0062333E-1,1E0,-1.8303776E-2,4.0154228E-1,4.162598E-3,1.8777465E-2,3.0243948E-1,6.024452E-1,-4.1814805E-3,-1.061058E-3,5.024097E-1,7.0257926E-1,-6.111145E-4,-1.3847351E-4,4.0740968E-4,1.5991211E-3],"split_indices":[0,0,0,0,0,0,0,0,0,0,0,0,0,0,0,0,0],"split_type":[0,0,0,0,0,0,0,0,0,0,0,0,0,0,0,0,0],"sum_hessian":[9E0,7E0,2E0,1E0,6E0,1E0,1E0,2E0,4E0,1E0,1E0,2E0,2E0,1E0,1E0,1E0,1E0],"tree_param":{"num_deleted":"0","num_feature":"2","num_nodes":"17","size_leaf_vector":"1"}},{"base_weights":[1.2357712E-3,-5.2937746E-2,1.4528656E-1,-1.738863E-2,-1.0818481E-2,3.954315E-3,1.783867E-2,-3.3203125E-2,4.776001E-3,-3.972435E-3,-1.0080338E-3,-4.7480264E-3,1.2708028E-2,-5.805969E-4,-1.3160706E-4,3.8719177E-4,1.5190125E-3],"categories":[],"categories_nodes":[],"categories_segments":[],"categories_sizes":[],"default_left":[0,0,0,0,0,0,0,0,0,0,0,0,0,0,0,0,0],"id":91,"left_children":[1,3,5,-1,7,-1,-1,9,11,-1,-1,13,15,-1,-1,-1,-1],"loss_changes":[8.5728526E-2,3.8872927E-2,3.4463853E-3,0E0,2.6021167E-3,0E0,0E0,5.1931944E-5,4.3806224E-4,0E0,0E0,3.2513708E-6,6.9813104E-6,0E0,0E0,0E0,0E0],"parents":[2147483647,0,0,1,1,2,2,4,4,7,7,8,8,11,11,12,12],"right_children":[2,4,6,-1,8,-1,-1,10,12,-1,-1,14,16,-1,-1,-1,-1],"split_conditions":[9.054072E-1,2.0062333E-1,1E0,-1.738863E-2,4.0154228E-1,3.954315E-3,1.783867E-2,3.0243948E-1,6.024452E-1,-3.972435E-3,-1.0080338E-3,5.024097E-1,7.0257926E-1,-5.805969E-4,-1.3160706E-4,3.8719177E-4,1.5190125E-3],"split_indices":[0,0,0,0,0,0,0,0,0,0,0,0,0,0,0,0,0],"split_type":[0,0,0,0,0,0,0,0,0,0,0,0,0,0,0,0,0],"sum_hessian":[9E0,7E0,2E0,1E0,6E0,1E0,1E0,2E0,4E0,1E0,1E0,2E0,2E0,1E0,1E0,1E0,1E0],"tree_param":{"num_deleted":"0","num_feature":"2","num_nodes":"17","size_leaf_vector":"1"}},{"base_weights":[1.1737824E-3,-5.029154E-2,1.3802338E-1,-1.6519165E-2,-1.0278429E-2,3.7567138E-3,1.6946793E-2,-3.154373E-2,4.536438E-3,-3.77388E-3,-9.5767976E-4,-4.511515E-3,1.2072246E-2,-5.5160525E-4,-1.2512207E-4,3.6773682E-4,1.4431E-3],"categories":[],"categories_nodes":[],"categories_segments":[],"categories_sizes":[],"default_left":[0,0,0,0,0,0,0,0,0,0,0,0,0,0,0,0,0],"id":92,"left_children":[1,3,5,-1,7,-1,-1,9,11,-1,-1,13,15,-1,-1,-1,-1],"loss_changes":[7.737149E-2,3.5082173E-2,3.1099804E-3,0E0,2.3483946E-3,0E0,0E0,4.6842964E-5,3.9538223E-4,0E0,0E0,2.923458E-6,6.3362822E-6,0E0,0E0,0E0,0E0],"parents":[2147483647,0,0,1,1,2,2,4,4,7,7,8,8,11,11,12,12],"right_children":[2,4,6,-1,8,-1,-1,10,12,-1,-1,14,16,-1,-1,-1,-1],"split_conditions":[9.054072E-1,2.0062333E-1,1E0,-1.6519165E-2,4.0154228E-1,3.7567138E-3,1.6946793E-2,3.0243948E-1,6.024452E-1,-3.77388E-3,-9.5767976E-4,5.024097E-1,7.0257926E-1,-5.5160525E-4,-1.2512207E-4,3.6773682E-4,1.4431E-3],"split_indices":[0,0,0,0,0,0,0,0,0,0,0,0,0,0,0,0,0],"split_type":[0,0,0,0,0,0,0,0,0,0,0,0,0,0,0,0,0],"sum_hessian":[9E0,7E0,2E0,1E0,6E0,1E0,1E0,2E0,4E0,1E0,1E0,2E0,2E0,1E0,1E0,1E0,1E0],"tree_param":{"num_deleted":"0","num_feature":"2","num_nodes":"17","size_leaf_vector":"1"}},{"base_weights":[1.1159896E-3,-4.777646E-2,1.3112386E-1,-1.5693188E-2,-9.7639905E-3,3.569031E-3,1.6099548E-2,-2.996699E-2,4.310608E-3,-3.5852434E-3,-9.098053E-4,-4.2851768E-3,1.1469523E-2,-5.239487E-4,-1.1882782E-4,3.4942626E-4,1.3710022E-3],"categories":[],"categories_nodes":[],"categories_segments":[],"categories_sizes":[],"default_left":[0,0,0,0,0,0,0,0,0,0,0,0,0,0,0,0,0],"id":93,"left_children":[1,3,5,-1,7,-1,-1,9,11,-1,-1,13,15,-1,-1,-1,-1],"loss_changes":[6.982866E-2,3.1661857E-2,2.8062873E-3,0E0,2.1196199E-3,0E0,0E0,4.2281114E-5,3.568314E-4,0E0,0E0,2.6402377E-6,5.6992576E-6,0E0,0E0,0E0,0E0],"parents":[2147483647,0,0,1,1,2,2,4,4,7,7,8,8,11,11,12,12],"right_children":[2,4,6,-1,8,-1,-1,10,12,-1,-1,14,16,-1,-1,-1,-1],"split_conditions":[9.054072E-1,2.0062333E-1,1E0,-1.5693188E-2,4.0154228E-1,3.569031E-3,1.6099548E-2,3.0243948E-1,6.024452E-1,-3.5852434E-3,-9.098053E-4,5.024097E-1,7.0257926E-1,-5.239487E-4,-1.1882782E-4,3.4942626E-4,1.3710022E-3],"split_indices":[0,0,0,0,0,0,0,0,0,0,0,0,0,0,0,0,0],"split_type":[0,0,0,0,0,0,0,0,0,0,0,0,0,0,0,0,0],"sum_hessian":[9E0,7E0,2E0,1E0,6E0,1E0,1E0,2E0,4E0,1E0,1E0,2E0,2E0,1E0,1E0,1E0,1E0],"tree_param":{"num_deleted":"0","num_feature":"2","num_nodes":"17","size_leaf_vector":"1"}},{"base_weights":[1.0595322E-3,-4.538846E-2,1.24567665E-1,-1.4908505E-2,-9.276799E-3,3.3905029E-3,1.5294648E-2,-2.8469086E-2,4.093933E-3,-3.4059526E-3,-8.644104E-4,-4.0715537E-3,1.0894775E-2,-4.97818E-4,-1.1291504E-4,3.3187866E-4,1.3023376E-3],"categories":[],"categories_nodes":[],"categories_segments":[],"categories_sizes":[],"default_left":[0,0,0,0,0,0,0,0,0,0,0,0,0,0,0,0,0],"id":94,"left_children":[1,3,5,-1,7,-1,-1,9,11,-1,-1,13,15,-1,-1,-1,-1],"loss_changes":[6.302098E-2,2.8574215E-2,2.5330372E-3,0E0,1.9128548E-3,0E0,0E0,3.807689E-5,3.2201962E-4,0E0,0E0,2.3818684E-6,5.156966E-6,0E0,0E0,0E0,0E0],"parents":[2147483647,0,0,1,1,2,2,4,4,7,7,8,8,11,11,12,12],"right_children":[2,4,6,-1,8,-1,-1,10,12,-1,-1,14,16,-1,-1,-1,-1],"split_conditions":[9.054072E-1,2.0062333E-1,1E0,-1.4908505E-2,4.0154228E-1,3.3905029E-3,1.5294648E-2,3.0243948E-1,6.024452E-1,-3.4059526E-3,-8.644104E-4,5.024097E-1,7.0257926E-1,-4.97818E-4,-1.1291504E-4,3.3187866E-4,1.3023376E-3],"split_indices":[0,0,0,0,0,0,0,0,0,0,0,0,0,0,0,0,0],"split_type":[0,0,0,0,0,0,0,0,0,0,0,0,0,0,0,0,0],"sum_hessian":[9E0,7E0,2E0,1E0,6E0,1E0,1E0,2E0,4E0,1E0,1E0,2E0,2E0,1E0,1E0,1E0,1E0],"tree_param":{"num_deleted":"0","num_feature":"2","num_nodes":"17","size_leaf_vector":"1"}},{"base_weights":[1.0068894E-3,-4.3118715E-2,1.1833954E-1,-1.4163113E-2,-8.8124955E-3,3.2211305E-3,1.4529801E-2,-2.7044931E-2,3.8894652E-3,-3.2356263E-3,-8.211136E-4,-3.868103E-3,1.0350545E-2,-4.7302246E-4,-1.07192995E-4,3.1547548E-4,1.2371064E-3],"categories":[],"categories_nodes":[],"categories_segments":[],"categories_sizes":[],"default_left":[0,0,0,0,0,0,0,0,0,0,0,0,0,0,0,0,0],"id":95,"left_children":[1,3,5,-1,7,-1,-1,9,11,-1,-1,13,15,-1,-1,-1,-1],"loss_changes":[5.687639E-2,2.5788583E-2,2.2854172E-3,0E0,1.7263043E-3,0E0,0E0,3.441563E-5,2.906483E-4,0E0,0E0,2.1614542E-6,4.589994E-6,0E0,0E0,0E0,0E0],"parents":[2147483647,0,0,1,1,2,2,4,4,7,7,8,8,11,11,12,12],"right_children":[2,4,6,-1,8,-1,-1,10,12,-1,-1,14,16,-1,-1,-1,-1],"split_conditions":[9.054072E-1,2.0062333E-1,1E0,-1.4163113E-2,4.0154228E-1,3.2211305E-3,1.4529801E-2,3.0243948E-1,6.024452E-1,-3.2356263E-3,-8.211136E-4,5.024097E-1,7.0257926E-1,-4.7302246E-4,-1.07192995E-4,3.1547548E-4,1.2371064E-3],"split_indices":[0,0,0,0,0,0,0,0,0,0,0,0,0,0,0,0,0],"split_type":[0,0,0,0,0,0,0,0,0,0,0,0,0,0,0,0,0],"sum_hessian":[9E0,7E0,2E0,1E0,6E0,1E0,1E0,2E0,4E0,1E0,1E0,2E0,2E0,1E0,1E0,1E0,1E0],"tree_param":{"num_deleted":"0","num_feature":"2","num_nodes":"17","size_leaf_vector":"1"}},{"base_weights":[9.5729827E-4,-4.0962458E-2,1.1242422E-1,-1.3454914E-2,-8.371626E-3,3.0601502E-3,1.3803482E-2,-2.5693258E-2,3.6956787E-3,-3.073883E-3,-7.801056E-4,-3.674825E-3,9.83429E-3,-4.4937135E-4,-1.0185242E-4,2.998352E-4,1.1753083E-3],"categories":[],"categories_nodes":[],"categories_segments":[],"categories_sizes":[],"default_left":[0,0,0,0,0,0,0,0,0,0,0,0,0,0,0,0,0],"id":96,"left_children":[1,3,5,-1,7,-1,-1,9,11,-1,-1,13,15,-1,-1,-1,-1],"loss_changes":[5.133183E-2,2.3274146E-2,2.0625181E-3,0E0,1.5581318E-3,0E0,0E0,3.1033996E-5,2.623626E-4,0E0,0E0,1.948687E-6,4.110363E-6,0E0,0E0,0E0,0E0],"parents":[2147483647,0,0,1,1,2,2,4,4,7,7,8,8,11,11,12,12],"right_children":[2,4,6,-1,8,-1,-1,10,12,-1,-1,14,16,-1,-1,-1,-1],"split_conditions":[9.054072E-1,2.0062333E-1,1E0,-1.3454914E-2,4.0154228E-1,3.0601502E-3,1.3803482E-2,3.0243948E-1,6.024452E-1,-3.073883E-3,-7.801056E-4,5.024097E-1,7.0257926E-1,-4.4937135E-4,-1.0185242E-4,2.998352E-4,1.1753083E-3],"split_indices":[0,0,0,0,0,0,0,0,0,0,0,0,0,0,0,0,0],"split_type":[0,0,0,0,0,0,0,0,0,0,0,0,0,0,0,0,0],"sum_hessian":[9E0,7E0,2E0,1E0,6E0,1E0,1E0,2E0,4E0,1E0,1E0,2E0,2E0,1E0,1E0,1E0,1E0],"tree_param":{"num_deleted":"0","num_feature":"2","num_nodes":"17","size_leaf_vector":"1"}},{"base_weights":[9.0999604E-4,-3.8913965E-2,1.06803894E-1,-1.2782193E-2,-7.952554E-3,2.907181E-3,1.3113404E-2,-2.4408976E-2,3.5118102E-3,-2.9201508E-3,-7.411957E-4,-3.490448E-3,9.343465E-3,-4.2686463E-4,-9.670258E-5,2.849579E-4,1.1165619E-3],"categories":[],"categories_nodes":[],"categories_segments":[],"categories_sizes":[],"default_left":[0,0,0,0,0,0,0,0,0,0,0,0,0,0,0,0,0],"id":97,"left_children":[1,3,5,-1,7,-1,-1,9,11,-1,-1,13,15,-1,-1,-1,-1],"loss_changes":[4.6327304E-2,2.1005215E-2,1.8613935E-3,0E0,1.4063565E-3,0E0,0E0,2.7935952E-5,2.3678664E-4,0E0,0E0,1.7632774E-6,3.6812562E-6,0E0,0E0,0E0,0E0],"parents":[2147483647,0,0,1,1,2,2,4,4,7,7,8,8,11,11,12,12],"right_children":[2,4,6,-1,8,-1,-1,10,12,-1,-1,14,16,-1,-1,-1,-1],"split_conditions":[9.054072E-1,2.0062333E-1,1E0,-1.2782193E-2,4.0154228E-1,2.907181E-3,1.3113404E-2,3.0243948E-1,6.024452E-1,-2.9201508E-3,-7.411957E-4,5.024097E-1,7.0257926E-1,-4.2686463E-4,-9.670258E-5,2.849579E-4,1.1165619E-3],"split_indices":[0,0,0,0,0,0,0,0,0,0,0,0,0,0,0,0,0],"split_type":[0,0,0,0,0,0,0,0,0,0,0,0,0,0,0,0,0],"sum_hessian":[9E0,7E0,2E0,1E0,6E0,1E0,1E0,2E0,4E0,1E0,1E0,2E0,2E0,1E0,1E0,1E0,1E0],"tree_param":{"num_deleted":"0","num_feature":"2","num_nodes":"17","size_leaf_vector":"1"}},{"base_weights":[8.649826E-4,-3.6967516E-2,1.0146332E-1,-1.214304E-2,-7.5541907E-3,2.7618408E-3,1.2457657E-2,-2.3188272E-2,3.3370971E-3,-2.774048E-3,-7.0419314E-4,-3.3162434E-3,8.878072E-3,-4.0550233E-4,-9.1934206E-5,2.708435E-4,1.0608673E-3],"categories":[],"categories_nodes":[],"categories_segments":[],"categories_sizes":[],"default_left":[0,0,0,0,0,0,0,0,0,0,0,0,0,0,0,0,0],"id":98,"left_children":[1,3,5,-1,7,-1,-1,9,11,-1,-1,13,15,-1,-1,-1,-1],"loss_changes":[4.180971E-2,1.8957365E-2,1.6797818E-3,0E0,1.2693085E-3,0E0,0E0,2.5157933E-5,2.1377181E-4,0E0,0E0,1.5843943E-6,3.2986427E-6,0E0,0E0,0E0,0E0],"parents":[2147483647,0,0,1,1,2,2,4,4,7,7,8,8,11,11,12,12],"right_children":[2,4,6,-1,8,-1,-1,10,12,-1,-1,14,16,-1,-1,-1,-1],"split_conditions":[9.054072E-1,2.0062333E-1,1E0,-1.214304E-2,4.0154228E-1,2.7618408E-3,1.2457657E-2,3.0243948E-1,6.024452E-1,-2.774048E-3,-7.0419314E-4,5.024097E-1,7.0257926E-1,-4.0550233E-4,-9.1934206E-5,2.708435E-4,1.0608673E-3],"split_indices":[0,0,0,0,0,0,0,0,0,0,0,0,0,0,0,0,0],"split_type":[0,0,0,0,0,0,0,0,0,0,0,0,0,0,0,0,0],"sum_hessian":[9E0,7E0,2E0,1E0,6E0,1E0,1E0,2E0,4E0,1E0,1E0,2E0,2E0,1E0,1E0,1E0,1E0],"tree_param":{"num_deleted":"0","num_feature":"2","num_nodes":"17","size_leaf_vector":"1"}},{"base_weights":[8.218765E-4,-3.511882E-2,9.638977E-2,-1.153593E-2,-7.1759904E-3,2.6237487E-3,1.1834717E-2,-2.2028605E-2,3.1707764E-3,-2.6353837E-3,-6.689072E-4,-3.15094E-3,8.435567E-3,-3.8528442E-4,-8.7356566E-5,2.5749207E-4,1.0078431E-3],"categories":[],"categories_nodes":[],"categories_segments":[],"categories_sizes":[],"default_left":[0,0,0,0,0,0,0,0,0,0,0,0,0,0,0,0,0],"id":99,"left_children":[1,3,5,-1,7,-1,-1,9,11,-1,-1,13,15,-1,-1,-1,-1],"loss_changes":[3.7732862E-2,1.7109353E-2,1.515951E-3,0E0,1.1455835E-3,0E0,0E0,2.2758497E-5,1.9299253E-4,0E0,0E0,1.4297839E-6,2.9335642E-6,0E0,0E0,0E0,0E0],"parents":[2147483647,0,0,1,1,2,2,4,4,7,7,8,8,11,11,12,12],"right_children":[2,4,6,-1,8,-1,-1,10,12,-1,-1,14,16,-1,-1,-1,-1],"split_conditions":[9.054072E-1,2.0062333E-1,1E0,-1.153593E-2,4.0154228E-1,2.6237487E-3,1.1834717E-2,3.0243948E-1,6.024452E-1,-2.6353837E-3,-6.689072E-4,5.024097E-1,7.0257926E-1,-3.8528442E-4,-8.7356566E-5,2.5749207E-4,1.0078431E-3],"split_indices":[0,0,0,0,0,0,0,0,0,0,0,0,0,0,0,0,0],"split_type":[0,0,0,0,0,0,0,0,0,0,0,0,0,0,0,0,0],"sum_hessian":[9E0,7E0,2E0,1E0,6E0,1E0,1E0,2E0,4E0,1E0,1E0,2E0,2E0,1E0,1E0,1E0,1E0],"tree_param":{"num_deleted":"0","num_feature":"2","num_nodes":"17","size_leaf_vector":"1"}}]},"name":"gbtree"},"learner_model_param":{"base_score":"6.522222E1","boost_from_average":"1","num_class":"0","num_feature":"2","num_target":"1"},"objective":{"name":"reg:squarederror","reg_loss_param":{"scale_pos_weight":"1"}}},"version":[2,0,1]}