{"learner":{"attributes":{"scikit_learn":"{\"_estimator_type\": \"regressor\"}"},"feature_names":[],"feature_types":[],"gradient_booster":{"model":{"gbtree_model_param":{"num_parallel_tree":"1","num_trees":"100"},"iteration_indptr":[0,1,2,3,4,5,6,7,8,9,10,11,12,13,14,15,16,17,18,19,20,21,22,23,24,25,26,27,28,29,30,31,32,33,34,35,36,37,38,39,40,41,42,43,44,45,46,47,48,49,50,51,52,53,54,55,56,57,58,59,60,61,62,63,64,65,66,67,68,69,70,71,72,73,74,75,76,77,78,79,80,81,82,83,84,85,86,87,88,89,90,91,92,93,94,95,96,97,98,99,100],"tree_info":[0,0,0,0,0,0,0,0,0,0,0,0,0,0,0,0,0,0,0,0,0,0,0,0,0,0,0,0,0,0,0,0,0,0,0,0,0,0,0,0,0,0,0,0,0,0,0,0,0,0,0,0,0,0,0,0,0,0,0,0,0,0,0,0,0,0,0,0,0,0,0,0,0,0,0,0,0,0,0,0,0,0,0,0,0,0,0,0,0,0,0,0,0,0,0,0,0,0,0,0],"trees":[{"base_weights":[-6.1035157E-6,-3.0018524E1,3.6022217E1,-3.8166673E0,-9.1481525E-1,5.388886E-1,4.233333E0],"categories":[],"categories_nodes":[],"categories_segments":[],"categories_sizes":[],"default_left":[0,0,0,0,0,0,0],"id":0,"left_children":[1,3,5,-1,-1,-1,-1],"loss_changes":[1.1894672E4,6.711743E2,7.3852246E2,0E0,0E0,0E0,0E0],"parents":[2147483647,0,0,1,1,2,2],"right_children":[2,4,6,-1,-1,-1,-1],"split_conditions":[6.0265344E-1,4.0260455E-1,8.040649E-1,-3.8166673E0,-9.1481525E-1,5.388886E-1,4.233333E0],"split_indices":[0,0,0,0,0,0,0],"split_type":[0,0,0,0,0,0,0],"sum_hessian":[9E0,5E0,4E0,3E0,2E0,1E0,3E0],"tree_param":{"num_deleted":"0","num_feature":"2","num_nodes":"7","size_leaf_vector":"1"}},{"base_weights":[4.0649413E-3,-2.7805254E1,3.3374435E1,-3.230482E0,-2.6537094E-1,5.119438E-1,3.9158325E0],"categories":[],"categories_nodes":[],"categories_segments":[],"categories_sizes":[],"default_left":[0,0,0,0,0,0,0],"id":1,"left_children":[1,3,5,-1,-1,-1,-1],"loss_changes":[1.0208058E4,5.932988E2,6.166504E2,0E0,0E0,0E0,0E0],"parents":[2147483647,0,0,1,1,2,2],"right_children":[2,4,6,-1,-1,-1,-1],"split_conditions":[6.0265344E-1,5.0117266E-1,8.040649E-1,-3.230482E0,-2.6537094E-1,5.119438E-1,3.9158325E0],"split_indices":[0,0,0,0,0,0,0],"split_type":[0,0,0,0,0,0,0],"sum_hessian":[9E0,5E0,4E0,4E0,1E0,1E0,3E0],"tree_param":{"num_deleted":"0","num_feature":"2","num_nodes":"7","size_leaf_vector":"1"}},{"base_weights":[9.685059E-2,-2.560737E1,3.0922546E1,-3.288131E0,-7.372996E-1,4.8634645E-1,3.6221452E0],"categories":[],"categories_nodes":[],"categories_segments":[],"categories_sizes":[],"default_left":[0,0,0,0,0,0,0],"id":2,"left_children":[1,3,5,-1,-1,-1,-1],"loss_changes":[8.715351E3,5.533804E2,5.142612E2,0E0,0E0,0E0,0E0],"parents":[2147483647,0,0,1,1,2,2],"right_children":[2,4,6,-1,-1,-1,-1],"split_conditions":[6.0265344E-1,4.0260455E-1,8.040649E-1,-3.288131E0,-7.372996E-1,4.8634645E-1,3.6221452E0],"split_indices":[0,0,0,0,0,0,0],"split_type":[0,0,0,0,0,0,0],"sum_hessian":[9E0,5E0,4E0,3E0,2E0,1E0,3E0],"tree_param":{"num_deleted":"0","num_feature":"2","num_nodes":"7","size_leaf_vector":"1"}},{"base_weights":[9.5472716E-2,-2.3717537E1,2.8651989E1,-3.041521E0,-6.8814597E0,4.6202928E-1,3.3504841E0,-8.169815E-1,-2.1523742E-1],"categories":[],"categories_nodes":[],"categories_segments":[],"categories_sizes":[],"default_left":[0,0,0,0,0,0,0,0,0],"id":3,"left_children":[1,3,5,-1,7,-1,-1,-1,-1],"loss_changes":[7.47972E3,4.672744E2,4.2830908E2,0E0,6.937256E-1,0E0,0E0,0E0,0E0],"parents":[2147483647,0,0,1,1,2,2,4,4],"right_children":[2,4,6,-1,8,-1,-1,-1,-1],"split_conditions":[6.0265344E-1,4.0260455E-1,8.040649E-1,-3.041521E0,5.0117266E-1,4.6202928E-1,3.3504841E0,-8.169815E-1,-2.1523742E-1],"split_indices":[0,0,0,0,0,0,0,0,0],"split_type":[0,0,0,0,0,0,0,0,0],"sum_hessian":[9E0,5E0,4E0,3E0,2E0,1E0,3E0,1E0,1E0],"tree_param":{"num_deleted":"0","num_feature":"2","num_nodes":"9","size_leaf_vector":"1"}},{"base_weights":[5.9803773E-2,-2.202474E1,2.6549295E1,-2.8134072E0,-6.537384E0,4.3892747E-1,3.099198E0,-7.761322E-1,-2.044754E-1],"categories":[],"categories_nodes":[],"categories_segments":[],"categories_sizes":[],"default_left":[0,0,0,0,0,0,0,0,0],"id":4,"left_children":[1,3,5,-1,7,-1,-1,-1,-1],"loss_changes":[6.4348247E3,3.8378125E2,3.5621777E2,0E0,6.261139E-1,0E0,0E0,0E0,0E0],"parents":[2147483647,0,0,1,1,2,2,4,4],"right_children":[2,4,6,-1,8,-1,-1,-1,-1],"split_conditions":[6.0265344E-1,4.0260455E-1,8.040649E-1,-2.8134072E0,5.0117266E-1,4.3892747E-1,3.099198E0,-7.761322E-1,-2.044754E-1],"split_indices":[0,0,0,0,0,0,0,0,0],"split_type":[0,0,0,0,0,0,0,0,0],"sum_hessian":[9E0,5E0,4E0,3E0,2E0,1E0,3E0,1E0,1E0],"tree_param":{"num_deleted":"0","num_feature":"2","num_nodes":"9","size_leaf_vector":"1"}},{"base_weights":[2.82341E-2,-2.0454601E1,2.460199E1,-2.3768513E0,-1.9425201E-1,4.1698074E-1,2.8667583E0],"categories":[],"categories_nodes":[],"categories_segments":[],"categories_sizes":[],"default_left":[0,0,0,0,0,0,0],"id":5,"left_children":[1,3,5,-1,-1,-1,-1],"loss_changes":[5.536626E3,3.2191382E2,2.958064E2,0E0,0E0,0E0,0E0],"parents":[2147483647,0,0,1,1,2,2],"right_children":[2,4,6,-1,-1,-1,-1],"split_conditions":[6.0265344E-1,5.0117266E-1,8.040649E-1,-2.3768513E0,-1.9425201E-1,4.1698074E-1,2.8667583E0],"split_indices":[0,0,0,0,0,0,0],"split_type":[0,0,0,0,0,0,0],"sum_hessian":[9E0,5E0,4E0,4E0,1E0,1E0,3E0],"tree_param":{"num_deleted":"0","num_feature":"2","num_nodes":"7","size_leaf_vector":"1"}},{"base_weights":[9.6674345E-2,-1.8837658E1,2.2798538E1,-2.4241376E0,-5.353483E-1,3.961319E-1,2.6517513E0],"categories":[],"categories_nodes":[],"categories_segments":[],"categories_sizes":[],"default_left":[0,0,0,0,0,0,0],"id":6,"left_children":[1,3,5,-1,-1,-1,-1],"loss_changes":[4.7279175E3,3.074121E2,2.4523145E2,0E0,0E0,0E0,0E0],"parents":[2147483647,0,0,1,1,2,2],"right_children":[2,4,6,-1,-1,-1,-1],"split_conditions":[6.0265344E-1,4.0260455E-1,8.040649E-1,-2.4241376E0,-5.353483E-1,3.961319E-1,2.6517513E0],"split_indices":[0,0,0,0,0,0,0],"split_type":[0,0,0,0,0,0,0],"sum_hessian":[9E0,5E0,4E0,3E0,2E0,1E0,3E0],"tree_param":{"num_deleted":"0","num_feature":"2","num_nodes":"7","size_leaf_vector":"1"}},{"base_weights":[9.584884E-2,-1.7447138E1,2.1128262E1,-2.5154016E0,-7.305193E0,3.7632522E-1,2.4528701E0,-8.6884433E-1,-1.5777206E-1],"categories":[],"categories_nodes":[],"categories_segments":[],"categories_sizes":[],"default_left":[0,0,0,0,0,0,0,0,0],"id":7,"left_children":[1,3,5,-1,7,-1,-1,-1,-1],"loss_changes":[4.058341E3,2.8522168E2,2.0293579E2,0E0,1.7982178E1,0E0,0E0,0E0,0E0],"parents":[2147483647,0,0,1,1,2,2,4,4],"right_children":[2,4,6,-1,8,-1,-1,-1,-1],"split_conditions":[6.0265344E-1,3.012116E-1,8.040649E-1,-2.5154016E0,5.0117266E-1,3.7632522E-1,2.4528701E0,-8.6884433E-1,-1.5777206E-1],"split_indices":[0,0,0,0,0,0,0,0,0],"split_type":[0,0,0,0,0,0,0,0,0],"sum_hessian":[9E0,5E0,4E0,2E0,3E0,1E0,3E0,2E0,1E0],"tree_param":{"num_deleted":"0","num_feature":"2","num_nodes":"9","size_leaf_vector":"1"}},{"base_weights":[1.4983368E-2,-1.6292759E1,1.9581278E1,-2.3477082E0,-6.8313274E0,3.5750887E-1,2.2689054E0,-8.109215E-1,-1.4988327E-1],"categories":[],"categories_nodes":[],"categories_segments":[],"categories_sizes":[],"default_left":[0,0,0,0,0,0,0,0,0],"id":8,"left_children":[1,3,5,-1,7,-1,-1,-1,-1],"loss_changes":[3.509854E3,2.4746411E2,1.6760266E2,0E0,1.5102951E1,0E0,0E0,0E0,0E0],"parents":[2147483647,0,0,1,1,2,2,4,4],"right_children":[2,4,6,-1,8,-1,-1,-1,-1],"split_conditions":[6.0265344E-1,3.012116E-1,8.040649E-1,-2.3477082E0,5.0117266E-1,3.5750887E-1,2.2689054E0,-8.109215E-1,-1.4988327E-1],"split_indices":[0,0,0,0,0,0,0,0,0],"split_type":[0,0,0,0,0,0,0,0,0],"sum_hessian":[9E0,5E0,4E0,2E0,3E0,1E0,3E0,2E0,1E0],"tree_param":{"num_deleted":"0","num_feature":"2","num_nodes":"9","size_leaf_vector":"1"}},{"base_weights":[-5.4724883E-2,-1.5214901E1,1.8148432E1,-2.1911943E0,-6.3883953E0,3.396332E-1,2.0987375E0,-7.5686014E-1,-1.4238892E-1],"categories":[],"categories_nodes":[],"categories_segments":[],"categories_sizes":[],"default_left":[0,0,0,0,0,0,0,0,0],"id":9,"left_children":[1,3,5,-1,7,-1,-1,-1,-1],"loss_changes":[3.035757E3,2.1468652E2,1.3812183E2,0E0,1.2659683E1,0E0,0E0,0E0,0E0],"parents":[2147483647,0,0,1,1,2,2,4,4],"right_children":[2,4,6,-1,8,-1,-1,-1,-1],"split_conditions":[6.0265344E-1,3.012116E-1,8.040649E-1,-2.1911943E0,5.0117266E-1,3.396332E-1,2.0987375E0,-7.5686014E-1,-1.4238892E-1],"split_indices":[0,0,0,0,0,0,0,0,0],"split_type":[0,0,0,0,0,0,0,0,0],"sum_hessian":[9E0,5E0,4E0,2E0,3E0,1E0,3E0,2E0,1E0],"tree_param":{"num_deleted":"0","num_feature":"2","num_nodes":"9","size_leaf_vector":"1"}},{"base_weights":[-1.1445999E-1,-1.4208485E1,1.6821262E1,-2.0451148E0,-5.974367E0,3.2265168E-1,1.9413319E0,-7.0640284E-1,-1.3526917E-1],"categories":[],"categories_nodes":[],"categories_segments":[],"categories_sizes":[],"default_left":[0,0,0,0,0,0,0,0,0],"id":10,"left_children":[1,3,5,-1,7,-1,-1,-1,-1],"loss_changes":[2.6259294E3,1.8623413E2,1.1355444E2,0E0,1.0588791E1,0E0,0E0,0E0,0E0],"parents":[2147483647,0,0,1,1,2,2,4,4],"right_children":[2,4,6,-1,8,-1,-1,-1,-1],"split_conditions":[6.0265344E-1,3.012116E-1,8.040649E-1,-2.0451148E0,5.0117266E-1,3.2265168E-1,1.9413319E0,-7.0640284E-1,-1.3526917E-1],"split_indices":[0,0,0,0,0,0,0,0,0],"split_type":[0,0,0,0,0,0,0,0,0],"sum_hessian":[9E0,5E0,4E0,2E0,3E0,1E0,3E0,2E0,1E0],"tree_param":{"num_deleted":"0","num_feature":"2","num_nodes":"9","size_leaf_vector":"1"}},{"base_weights":[-1.6529313E-1,-1.3268767E1,1.5591934E1,-1.9087738E0,-5.587347E0,5.8022714E-1,2.0184286E0,-6.5930915E-1,-1.285057E-1],"categories":[],"categories_nodes":[],"categories_segments":[],"categories_sizes":[],"default_left":[0,0,0,0,0,0,0,0,0],"id":11,"left_children":[1,3,5,-1,7,-1,-1,-1,-1],"loss_changes":[2.2716301E3,1.6153796E2,1.07673096E2,0E0,8.835518E0,0E0,0E0,0E0,0E0],"parents":[2147483647,0,0,1,1,2,2,4,4],"right_children":[2,4,6,-1,8,-1,-1,-1,-1],"split_conditions":[6.0265344E-1,3.012116E-1,9.050686E-1,-1.9087738E0,5.0117266E-1,5.8022714E-1,2.0184286E0,-6.5930915E-1,-1.285057E-1],"split_indices":[0,0,0,0,0,0,0,0,0],"split_type":[0,0,0,0,0,0,0,0,0],"sum_hessian":[9E0,5E0,4E0,2E0,3E0,2E0,2E0,2E0,1E0],"tree_param":{"num_deleted":"0","num_feature":"2","num_nodes":"9","size_leaf_vector":"1"}},{"base_weights":[-1.5855789E-1,-1.239132E1,1.4552469E1,-1.7815222E0,-5.225565E0,5.415451E-1,1.8838663E0,-6.153552E-1,-1.2208023E-1],"categories":[],"categories_nodes":[],"categories_segments":[],"categories_sizes":[],"default_left":[0,0,0,0,0,0,0,0,0],"id":12,"left_children":[1,3,5,-1,7,-1,-1,-1,-1],"loss_changes":[1.9798894E3,1.4010345E2,9.379529E1,0E0,7.3531876E0,0E0,0E0,0E0,0E0],"parents":[2147483647,0,0,1,1,2,2,4,4],"right_children":[2,4,6,-1,8,-1,-1,-1,-1],"split_conditions":[6.0265344E-1,3.012116E-1,9.050686E-1,-1.7815222E0,5.0117266E-1,5.415451E-1,1.8838663E0,-6.153552E-1,-1.2208023E-1],"split_indices":[0,0,0,0,0,0,0,0,0],"split_type":[0,0,0,0,0,0,0,0,0],"sum_hessian":[9E0,5E0,4E0,2E0,3E0,2E0,2E0,2E0,1E0],"tree_param":{"num_deleted":"0","num_feature":"2","num_nodes":"9","size_leaf_vector":"1"}},{"base_weights":[-1.5205613E-1,-1.1572013E1,1.3582303E1,-1.6627539E0,-4.8873653E0,5.0544184E-1,1.7582754E0,-5.7433146E-1,-1.1597595E-1],"categories":[],"categories_nodes":[],"categories_segments":[],"categories_sizes":[],"default_left":[0,0,0,0,0,0,0,0,0],"id":13,"left_children":[1,3,5,-1,7,-1,-1,-1,-1],"loss_changes":[1.7256323E3,1.2150159E2,8.170636E1,0E0,6.1017E0,0E0,0E0,0E0,0E0],"parents":[2147483647,0,0,1,1,2,2,4,4],"right_children":[2,4,6,-1,8,-1,-1,-1,-1],"split_conditions":[6.0265344E-1,3.012116E-1,9.050686E-1,-1.6627539E0,5.0117266E-1,5.0544184E-1,1.7582754E0,-5.7433146E-1,-1.1597595E-1],"split_indices":[0,0,0,0,0,0,0,0,0],"split_type":[0,0,0,0,0,0,0,0,0],"sum_hessian":[9E0,5E0,4E0,2E0,3E0,2E0,2E0,2E0,1E0],"tree_param":{"num_deleted":"0","num_feature":"2","num_nodes":"9","size_leaf_vector":"1"}},{"base_weights":[-1.4578477E-1,-1.0806988E1,1.2676816E1,-1.5519038E0,-4.571203E0,2.2515793E-1,1.472023E0,-5.360426E-1,-1.10176854E-1],"categories":[],"categories_nodes":[],"categories_segments":[],"categories_sizes":[],"default_left":[0,0,0,0,0,0,0,0,0],"id":14,"left_children":[1,3,5,-1,7,-1,-1,-1,-1],"loss_changes":[1.5040416E3,1.05359375E2,7.337164E1,0E0,5.046669E0,0E0,0E0,0E0,0E0],"parents":[2147483647,0,0,1,1,2,2,4,4],"right_children":[2,4,6,-1,8,-1,-1,-1,-1],"split_conditions":[6.0265344E-1,3.012116E-1,8.040649E-1,-1.5519038E0,5.0117266E-1,2.2515793E-1,1.472023E0,-5.360426E-1,-1.10176854E-1],"split_indices":[0,0,0,0,0,0,0,0,0],"split_type":[0,0,0,0,0,0,0,0,0],"sum_hessian":[9E0,5E0,4E0,2E0,3E0,1E0,3E0,2E0,1E0],"tree_param":{"num_deleted":"0","num_feature":"2","num_nodes":"9","size_leaf_vector":"1"}},{"base_weights":[-1.8130112E-1,-1.0092643E1,1.1748569E1,-1.3039067E0,-2.7998632E-1,4.1517282E-1,1.5429219E0],"categories":[],"categories_nodes":[],"categories_segments":[],"categories_sizes":[],"default_left":[0,0,0,0,0,0,0],"id":15,"left_children":[1,3,5,-1,-1,-1,-1],"loss_changes":[1.3009843E3,9.241815E1,7.574866E1,0E0,0E0,0E0,0E0],"parents":[2147483647,0,0,1,1,2,2],"right_children":[2,4,6,-1,-1,-1,-1],"split_conditions":[6.0265344E-1,4.0260455E-1,9.050686E-1,-1.3039067E0,-2.7998632E-1,4.1517282E-1,1.5429219E0],"split_indices":[0,0,0,0,0,0,0],"split_type":[0,0,0,0,0,0,0],"sum_hessian":[9E0,5E0,4E0,3E0,2E0,2E0,2E0],"tree_param":{"num_deleted":"0","num_feature":"2","num_nodes":"7","size_leaf_vector":"1"}},{"base_weights":[-1.257515E-1,-9.34736E0,1.0965329E1,-1.3615164E0,-3.8096676E0,3.8749442E-1,1.4400605E0,-4.4751E-1,-9.066849E-2],"categories":[],"categories_nodes":[],"categories_segments":[],"categories_sizes":[],"default_left":[0,0,0,0,0,0,0,0,0],"id":16,"left_children":[1,3,5,-1,7,-1,-1,-1,-1],"loss_changes":[1.125273E3,8.993341E1,6.5985596E1,0E0,3.6694489E0,0E0,0E0,0E0,0E0],"parents":[2147483647,0,0,1,1,2,2,4,4],"right_children":[2,4,6,-1,8,-1,-1,-1,-1],"split_conditions":[6.0265344E-1,3.012116E-1,9.050686E-1,-1.3615164E0,5.0117266E-1,3.8749442E-1,1.4400605E0,-4.4751E-1,-9.066849E-2],"split_indices":[0,0,0,0,0,0,0,0,0],"split_type":[0,0,0,0,0,0,0,0,0],"sum_hessian":[9E0,5E0,4E0,2E0,3E0,2E0,2E0,2E0,1E0],"tree_param":{"num_deleted":"0","num_feature":"2","num_nodes":"9","size_leaf_vector":"1"}},{"base_weights":[-1.20391086E-1,-8.729239E0,1.0234304E1,-1.2707485E0,-3.5632458E0,3.616613E-1,1.3440562E0,-4.1767603E-1,-8.6135104E-2],"categories":[],"categories_nodes":[],"categories_segments":[],"categories_sizes":[],"default_left":[0,0,0,0,0,0,0,0,0],"id":17,"left_children":[1,3,5,-1,7,-1,-1,-1,-1],"loss_changes":[9.8075775E2,7.802957E1,5.7480835E1,0E0,3.0329552E0,0E0,0E0,0E0,0E0],"parents":[2147483647,0,0,1,1,2,2,4,4],"right_children":[2,4,6,-1,8,-1,-1,-1,-1],"split_conditions":[6.0265344E-1,3.012116E-1,9.050686E-1,-1.2707485E0,5.0117266E-1,3.616613E-1,1.3440562E0,-4.1767603E-1,-8.6135104E-2],"split_indices":[0,0,0,0,0,0,0,0,0],"split_type":[0,0,0,0,0,0,0,0,0],"sum_hessian":[9E0,5E0,4E0,2E0,3E0,2E0,2E0,2E0,1E0],"tree_param":{"num_deleted":"0","num_feature":"2","num_nodes":"9","size_leaf_vector":"1"}},{"base_weights":[-1.15235135E-1,-8.152073E0,9.552017E0,-1.1860317E0,-3.3328724E0,3.3755037E-1,1.2544526E0,-3.898308E-1,-8.182831E-2],"categories":[],"categories_nodes":[],"categories_segments":[],"categories_sizes":[],"default_left":[0,0,0,0,0,0,0,0,0],"id":18,"left_children":[1,3,5,-1,7,-1,-1,-1,-1],"loss_changes":[8.548101E2,6.769571E1,5.0072235E1,0E0,2.4974365E0,0E0,0E0,0E0,0E0],"parents":[2147483647,0,0,1,1,2,2,4,4],"right_children":[2,4,6,-1,8,-1,-1,-1,-1],"split_conditions":[6.0265344E-1,3.012116E-1,9.050686E-1,-1.1860317E0,5.0117266E-1,3.3755037E-1,1.2544526E0,-3.898308E-1,-8.182831E-2],"split_indices":[0,0,0,0,0,0,0,0,0],"split_type":[0,0,0,0,0,0,0,0,0],"sum_hessian":[9E0,5E0,4E0,2E0,3E0,2E0,2E0,2E0,1E0],"tree_param":{"num_deleted":"0","num_feature":"2","num_nodes":"9","size_leaf_vector":"1"}},{"base_weights":[-1.1028061E-1,-7.6131454E0,8.915213E0,-1.1069626E0,-3.1174984E0,3.150467E-1,1.1708221E0,-3.63842E-1,-7.773667E-2],"categories":[],"categories_nodes":[],"categories_segments":[],"categories_sizes":[],"default_left":[0,0,0,0,0,0,0,0,0],"id":19,"left_children":[1,3,5,-1,7,-1,-1,-1,-1],"loss_changes":[7.450434E2,5.872516E1,4.361856E1,0E0,2.0477142E0,0E0,0E0,0E0,0E0],"parents":[2147483647,0,0,1,1,2,2,4,4],"right_children":[2,4,6,-1,8,-1,-1,-1,-1],"split_conditions":[6.0265344E-1,3.012116E-1,9.050686E-1,-1.1069626E0,5.0117266E-1,3.150467E-1,1.1708221E0,-3.63842E-1,-7.773667E-2],"split_indices":[0,0,0,0,0,0,0,0,0],"split_type":[0,0,0,0,0,0,0,0,0],"sum_hessian":[9E0,5E0,4E0,2E0,3E0,2E0,2E0,2E0,1E0],"tree_param":{"num_deleted":"0","num_feature":"2","num_nodes":"9","size_leaf_vector":"1"}},{"base_weights":[-1.055191E-1,-7.109919E0,8.320865E0,-1.1998738E0,-3.732408E0,1.2305298E-1,9.785816E-1,-4.296263E-1,-7.384949E-2],"categories":[],"categories_nodes":[],"categories_segments":[],"categories_sizes":[],"default_left":[0,0,0,0,0,0,0,0,0],"id":20,"left_children":[1,3,5,-1,7,-1,-1,-1,-1],"loss_changes":[6.493783E2,5.4288055E1,3.989325E1,0E0,5.2678986E0,0E0,0E0,0E0,0E0],"parents":[2147483647,0,0,1,1,2,2,4,4],"right_children":[2,4,6,-1,8,-1,-1,-1,-1],"split_conditions":[6.0265344E-1,2.0088401E-1,8.040649E-1,-1.1998738E0,5.0117266E-1,1.2305298E-1,9.785816E-1,-4.296263E-1,-7.384949E-2],"split_indices":[0,0,0,0,0,0,0,0,0],"split_type":[0,0,0,0,0,0,0,0,0],"sum_hessian":[9E0,5E0,4E0,1E0,4E0,1E0,3E0,3E0,1E0],"tree_param":{"num_deleted":"0","num_feature":"2","num_nodes":"9","size_leaf_vector":"1"}},{"base_weights":[-1.5513611E-1,-6.682818E0,7.7091093E0,-1.1398801E0,-3.4598618E0,2.573227E-1,1.0275289E0,-3.9740428E-1,-7.0156865E-2],"categories":[],"categories_nodes":[],"categories_segments":[],"categories_sizes":[],"default_left":[0,0,0,0,0,0,0,0,0],"id":21,"left_children":[1,3,5,-1,7,-1,-1,-1,-1],"loss_changes":[5.648715E2,5.1758118E1,3.9457336E1,0E0,4.3032455E0,0E0,0E0,0E0,0E0],"parents":[2147483647,0,0,1,1,2,2,4,4],"right_children":[2,4,6,-1,8,-1,-1,-1,-1],"split_conditions":[6.0265344E-1,2.0088401E-1,9.050686E-1,-1.1398801E0,5.0117266E-1,2.573227E-1,1.0275289E0,-3.9740428E-1,-7.0156865E-2],"split_indices":[0,0,0,0,0,0,0,0,0],"split_type":[0,0,0,0,0,0,0,0,0],"sum_hessian":[9E0,5E0,4E0,1E0,4E0,2E0,2E0,3E0,1E0],"tree_param":{"num_deleted":"0","num_feature":"2","num_nodes":"9","size_leaf_vector":"1"}},{"base_weights":[-1.7188033E-1,-6.2824416E0,7.195169E0,-1.0828861E0,-3.2073853E0,2.4016774E-1,9.590271E-1,-3.6759874E-1,-6.664886E-2],"categories":[],"categories_nodes":[],"categories_segments":[],"categories_sizes":[],"default_left":[0,0,0,0,0,0,0,0,0],"id":22,"left_children":[1,3,5,-1,7,-1,-1,-1,-1],"loss_changes":[4.953713E2,4.915065E1,3.4371765E1,0E0,3.5033379E0,0E0,0E0,0E0,0E0],"parents":[2147483647,0,0,1,1,2,2,4,4],"right_children":[2,4,6,-1,8,-1,-1,-1,-1],"split_conditions":[6.0265344E-1,2.0088401E-1,9.050686E-1,-1.0828861E0,5.0117266E-1,2.4016774E-1,9.590271E-1,-3.6759874E-1,-6.664886E-2],"split_indices":[0,0,0,0,0,0,0,0,0],"split_type":[0,0,0,0,0,0,0,0,0],"sum_hessian":[9E0,5E0,4E0,1E0,4E0,2E0,2E0,3E0,1E0],"tree_param":{"num_deleted":"0","num_feature":"2","num_nodes":"9","size_leaf_vector":"1"}},{"base_weights":[-1.8648759E-1,-5.9070525E0,6.7154875E0,-1.0287418E0,-2.9734955E0,2.2415619E-1,8.950917E-1,-3.4002876E-1,-6.3316345E-2],"categories":[],"categories_nodes":[],"categories_segments":[],"categories_sizes":[],"default_left":[0,0,0,0,0,0,0,0,0],"id":23,"left_children":[1,3,5,-1,7,-1,-1,-1,-1],"loss_changes":[4.3450067E2,4.6510727E1,2.9941711E1,0E0,2.84124E0,0E0,0E0,0E0,0E0],"parents":[2147483647,0,0,1,1,2,2,4,4],"right_children":[2,4,6,-1,8,-1,-1,-1,-1],"split_conditions":[6.0265344E-1,2.0088401E-1,9.050686E-1,-1.0287418E0,5.0117266E-1,2.2415619E-1,8.950917E-1,-3.4002876E-1,-6.3316345E-2],"split_indices":[0,0,0,0,0,0,0,0,0],"split_type":[0,0,0,0,0,0,0,0,0],"sum_hessian":[9E0,5E0,4E0,1E0,4E0,2E0,2E0,3E0,1E0],"tree_param":{"num_deleted":"0","num_feature":"2","num_nodes":"9","size_leaf_vector":"1"}},{"base_weights":[-1.9912262E-1,-5.5550284E0,6.267789E0,-9.773049E-1,-2.7568145E0,2.0921277E-1,8.354187E-1,-3.1452677E-1,-6.0150146E-2],"categories":[],"categories_nodes":[],"categories_segments":[],"categories_sizes":[],"default_left":[0,0,0,0,0,0,0,0,0],"id":24,"left_children":[1,3,5,-1,7,-1,-1,-1,-1],"loss_changes":[3.8117944E2,4.3875046E1,2.6082443E1,0E0,2.2943077E0,0E0,0E0,0E0,0E0],"parents":[2147483647,0,0,1,1,2,2,4,4],"right_children":[2,4,6,-1,8,-1,-1,-1,-1],"split_conditions":[6.0265344E-1,2.0088401E-1,9.050686E-1,-9.773049E-1,5.0117266E-1,2.0921277E-1,8.354187E-1,-3.1452677E-1,-6.0150146E-2],"split_indices":[0,0,0,0,0,0,0,0,0],"split_type":[0,0,0,0,0,0,0,0,0],"sum_hessian":[9E0,5E0,4E0,1E0,4E0,2E0,2E0,3E0,1E0],"tree_param":{"num_deleted":"0","num_feature":"2","num_nodes":"9","size_leaf_vector":"1"}},{"base_weights":[-2.0994492E-1,-5.224855E0,5.849936E0,-9.2843974E-1,-2.556067E0,7.035752E-2,6.960632E-1,-2.9093704E-1,-5.714264E-2],"categories":[],"categories_nodes":[],"categories_segments":[],"categories_sizes":[],"default_left":[0,0,0,0,0,0,0,0,0],"id":25,"left_children":[1,3,5,-1,7,-1,-1,-1,-1],"loss_changes":[3.3446262E2,4.1272797E1,2.3682892E1,0E0,1.8434143E0,0E0,0E0,0E0,0E0],"parents":[2147483647,0,0,1,1,2,2,4,4],"right_children":[2,4,6,-1,8,-1,-1,-1,-1],"split_conditions":[6.0265344E-1,2.0088401E-1,8.040649E-1,-9.2843974E-1,5.0117266E-1,7.035752E-2,6.960632E-1,-2.9093704E-1,-5.714264E-2],"split_indices":[0,0,0,0,0,0,0,0,0],"split_type":[0,0,0,0,0,0,0,0,0],"sum_hessian":[9E0,5E0,4E0,1E0,4E0,1E0,3E0,3E0,1E0],"tree_param":{"num_deleted":"0","num_feature":"2","num_nodes":"9","size_leaf_vector":"1"}},{"base_weights":[-2.3995896E-1,-4.9151216E0,5.418228E0,-8.820179E-1,-2.3700745E0,1.6971792E-1,7.333201E-1,-2.691166E-1,-5.4285433E-2],"categories":[],"categories_nodes":[],"categories_segments":[],"categories_sizes":[],"default_left":[0,0,0,0,0,0,0,0,0],"id":26,"left_children":[1,3,5,-1,7,-1,-1,-1,-1],"loss_changes":[2.911607E2,3.8726837E1,2.3182785E1,0E0,1.4726143E0,0E0,0E0,0E0,0E0],"parents":[2147483647,0,0,1,1,2,2,4,4],"right_children":[2,4,6,-1,8,-1,-1,-1,-1],"split_conditions":[6.0265344E-1,2.0088401E-1,9.050686E-1,-8.820179E-1,5.0117266E-1,1.6971792E-1,7.333201E-1,-2.691166E-1,-5.4285433E-2],"split_indices":[0,0,0,0,0,0,0,0,0],"split_type":[0,0,0,0,0,0,0,0,0],"sum_hessian":[9E0,5E0,4E0,1E0,4E0,2E0,2E0,3E0,1E0],"tree_param":{"num_deleted":"0","num_feature":"2","num_nodes":"9","size_leaf_vector":"1"}},{"base_weights":[-2.4620132E-1,-4.6245103E0,5.0570097E0,-8.37917E-1,-2.1977448E0,2.2546425E0,8.13324E-1,-2.4893264E-1,-5.1570892E-2,5.8353424E-2,2.6171672E-1],"categories":[],"categories_nodes":[],"categories_segments":[],"categories_sizes":[],"default_left":[0,0,0,0,0,0,0,0,0,0,0],"id":27,"left_children":[1,3,5,-1,7,9,-1,-1,-1,-1,-1],"loss_changes":[2.5557716E2,3.625479E1,2.4766083E1,0E0,1.1684875E0,8.9606667E-1,0E0,0E0,0E0,0E0,0E0],"parents":[2147483647,0,0,1,1,2,2,4,4,5,5],"right_children":[2,4,6,-1,8,10,-1,-1,-1,-1,-1],"split_conditions":[6.0265344E-1,2.0088401E-1,1E0,-8.37917E-1,5.0117266E-1,8.040649E-1,8.13324E-1,-2.4893264E-1,-5.1570892E-2,5.8353424E-2,2.6171672E-1],"split_indices":[0,0,0,0,0,0,0,0,0,0,0],"split_type":[0,0,0,0,0,0,0,0,0,0,0],"sum_hessian":[9E0,5E0,4E0,1E0,4E0,3E0,1E0,3E0,1E0,1E0,2E0],"tree_param":{"num_deleted":"0","num_feature":"2","num_nodes":"11","size_leaf_vector":"1"}},{"base_weights":[-2.2208405E-1,-4.3517966E0,4.7779875E0,-7.960213E-1,-2.0380707E0,2.1091957E0,7.726578E-1,-2.3026276E-1,-4.8992157E-2,5.5435944E-2,2.442688E-1],"categories":[],"categories_nodes":[],"categories_segments":[],"categories_sizes":[],"default_left":[0,0,0,0,0,0,0,0,0,0,0],"id":28,"left_children":[1,3,5,-1,7,9,-1,-1,-1,-1,-1],"loss_changes":[2.2728142E2,3.3869835E1,2.3049011E1,0E0,9.1976166E-1,7.1997833E-1,0E0,0E0,0E0,0E0,0E0],"parents":[2147483647,0,0,1,1,2,2,4,4,5,5],"right_children":[2,4,6,-1,8,10,-1,-1,-1,-1,-1],"split_conditions":[6.0265344E-1,2.0088401E-1,1E0,-7.960213E-1,5.0117266E-1,8.040649E-1,7.726578E-1,-2.3026276E-1,-4.8992157E-2,5.5435944E-2,2.442688E-1],"split_indices":[0,0,0,0,0,0,0,0,0,0,0],"split_type":[0,0,0,0,0,0,0,0,0,0,0],"sum_hessian":[9E0,5E0,4E0,1E0,4E0,3E0,1E0,3E0,1E0,1E0,2E0],"tree_param":{"num_deleted":"0","num_feature":"2","num_nodes":"11","size_leaf_vector":"1"}},{"base_weights":[-2.0016555E-1,-4.095829E0,4.5146637E0,-7.562203E-1,-1.8901138E0,1.9732056E0,7.340248E-1,-2.1299306E-1,-4.6542358E-2,5.2664187E-2,2.2798462E-1],"categories":[],"categories_nodes":[],"categories_segments":[],"categories_sizes":[],"default_left":[0,0,0,0,0,0,0,0,0,0,0],"id":29,"left_children":[1,3,5,-1,7,9,-1,-1,-1,-1,-1],"loss_changes":[2.0216516E2,3.1581581E1,2.14217E1,0E0,7.1700287E-1,5.7363987E-1,0E0,0E0,0E0,0E0,0E0],"parents":[2147483647,0,0,1,1,2,2,4,4,5,5],"right_children":[2,4,6,-1,8,10,-1,-1,-1,-1,-1],"split_conditions":[6.0265344E-1,2.0088401E-1,1E0,-7.562203E-1,5.0117266E-1,8.040649E-1,7.340248E-1,-2.1299306E-1,-4.6542358E-2,5.2664187E-2,2.2798462E-1],"split_indices":[0,0,0,0,0,0,0,0,0,0,0],"split_type":[0,0,0,0,0,0,0,0,0,0,0],"sum_hessian":[9E0,5E0,4E0,1E0,4E0,3E0,1E0,3E0,1E0,1E0,2E0],"tree_param":{"num_deleted":"0","num_feature":"2","num_nodes":"11","size_leaf_vector":"1"}},{"base_weights":[-1.8025741E-1,-3.8555412E0,4.2661347E0,-7.1840936E-1,-1.7530121E0,1.8460503E0,6.973236E-1,-2.191597E-1,-7.3008984E-2,5.0031282E-2,2.1278584E-1],"categories":[],"categories_nodes":[],"categories_segments":[],"categories_sizes":[],"default_left":[0,0,0,0,0,0,0,0,0,0,0],"id":30,"left_children":[1,3,5,-1,7,9,-1,-1,-1,-1,-1],"loss_changes":[1.798658E2,2.9396461E1,1.9884125E1,0E0,6.4312744E-1,4.5236397E-1,0E0,0E0,0E0,0E0,0E0],"parents":[2147483647,0,0,1,1,2,2,4,4,5,5],"right_children":[2,4,6,-1,8,10,-1,-1,-1,-1,-1],"split_conditions":[6.0265344E-1,2.0088401E-1,1E0,-7.1840936E-1,4.0260455E-1,8.040649E-1,6.973236E-1,-2.191597E-1,-7.3008984E-2,5.0031282E-2,2.1278584E-1],"split_indices":[0,0,0,0,0,0,0,0,0,0,0],"split_type":[0,0,0,0,0,0,0,0,0,0,0],"sum_hessian":[9E0,5E0,4E0,1E0,4E0,3E0,1E0,2E0,2E0,1E0,2E0],"tree_param":{"num_deleted":"0","num_feature":"2","num_nodes":"11","size_leaf_vector":"1"}},{"base_weights":[-1.6727524E-1,-3.6384163E0,4.031549E0,-6.8248904E-1,-1.6361434E0,1.72715E0,6.624573E-1,-2.0454891E-1,-6.8141684E-2,4.7529604E-2,1.9860026E-1],"categories":[],"categories_nodes":[],"categories_segments":[],"categories_sizes":[],"default_left":[0,0,0,0,0,0,0,0,0,0,0],"id":31,"left_children":[1,3,5,-1,7,9,-1,-1,-1,-1,-1],"loss_changes":[1.6041556E2,2.711464E1,1.843518E1,0E0,5.602331E-1,3.5224342E-1,0E0,0E0,0E0,0E0,0E0],"parents":[2147483647,0,0,1,1,2,2,4,4,5,5],"right_children":[2,4,6,-1,8,10,-1,-1,-1,-1,-1],"split_conditions":[6.0265344E-1,2.0088401E-1,1E0,-6.8248904E-1,4.0260455E-1,8.040649E-1,6.624573E-1,-2.0454891E-1,-6.8141684E-2,4.7529604E-2,1.9860026E-1],"split_indices":[0,0,0,0,0,0,0,0,0,0,0],"split_type":[0,0,0,0,0,0,0,0,0,0,0],"sum_hessian":[9E0,5E0,4E0,1E0,4E0,3E0,1E0,2E0,2E0,1E0,2E0],"tree_param":{"num_deleted":"0","num_feature":"2","num_nodes":"11","size_leaf_vector":"1"}},{"base_weights":[-1.5520553E-1,-3.4337704E0,3.8101134E0,-6.4836466E-1,-1.527066E0,1.6159706E0,6.293343E-1,-1.7230454E-1,-3.7157442E-2,4.5153048E-2,1.8536071E-1],"categories":[],"categories_nodes":[],"categories_segments":[],"categories_sizes":[],"default_left":[0,0,0,0,0,0,0,0,0,0,0],"id":32,"left_children":[1,3,5,-1,7,9,-1,-1,-1,-1,-1],"loss_changes":[1.4308861E2,2.499031E1,1.7072937E1,0E0,4.920225E-1,2.6989365E-1,0E0,0E0,0E0,0E0,0E0],"parents":[2147483647,0,0,1,1,2,2,4,4,5,5],"right_children":[2,4,6,-1,8,10,-1,-1,-1,-1,-1],"split_conditions":[6.0265344E-1,2.0088401E-1,1E0,-6.4836466E-1,5.0117266E-1,8.040649E-1,6.293343E-1,-1.7230454E-1,-3.7157442E-2,4.5153048E-2,1.8536071E-1],"split_indices":[0,0,0,0,0,0,0,0,0,0,0],"split_type":[0,0,0,0,0,0,0,0,0,0,0],"sum_hessian":[9E0,5E0,4E0,1E0,4E0,3E0,1E0,3E0,1E0,1E0,2E0],"tree_param":{"num_deleted":"0","num_feature":"2","num_nodes":"11","size_leaf_vector":"1"}},{"base_weights":[-1.394844E-1,-3.2333667E0,3.6010711E0,-6.159466E-1,-1.4162537E0,1.512001E0,5.978676E-1,-1.794253E-1,-5.6616973E-2,4.2895507E-2,1.7300314E-1],"categories":[],"categories_nodes":[],"categories_segments":[],"categories_sizes":[],"default_left":[0,0,0,0,0,0,0,0,0,0,0],"id":33,"left_children":[1,3,5,-1,7,9,-1,-1,-1,-1,-1],"loss_changes":[1.2737197E2,2.3178944E1,1.5795143E1,0E0,5.9080505E-1,2.0244217E-1,0E0,0E0,0E0,0E0,0E0],"parents":[2147483647,0,0,1,1,2,2,4,4,5,5],"right_children":[2,4,6,-1,8,10,-1,-1,-1,-1,-1],"split_conditions":[6.0265344E-1,2.0088401E-1,1E0,-6.159466E-1,4.0260455E-1,8.040649E-1,5.978676E-1,-1.794253E-1,-5.6616973E-2,4.2895507E-2,1.7300314E-1],"split_indices":[0,0,0,0,0,0,0,0,0,0,0],"split_type":[0,0,0,0,0,0,0,0,0,0,0],"sum_hessian":[9E0,5E0,4E0,1E0,4E0,3E0,1E0,2E0,2E0,1E0,2E0],"tree_param":{"num_deleted":"0","num_feature":"2","num_nodes":"11","size_leaf_vector":"1"}},{"base_weights":[-1.2935868E-1,-3.0520287E0,3.403717E0,-5.851494E-1,-1.3218368E0,1.4147758E0,5.679741E-1,-1.6746344E-1,-5.2842714E-2,4.0750887E-2,1.6146952E-1],"categories":[],"categories_nodes":[],"categories_segments":[],"categories_sizes":[],"default_left":[0,0,0,0,0,0,0,0,0,0,0],"id":34,"left_children":[1,3,5,-1,7,9,-1,-1,-1,-1,-1],"loss_changes":[1.13648384E2,2.1326946E1,1.4598831E1,0E0,5.146427E-1,1.4748573E-1,0E0,0E0,0E0,0E0,0E0],"parents":[2147483647,0,0,1,1,2,2,4,4,5,5],"right_children":[2,4,6,-1,8,10,-1,-1,-1,-1,-1],"split_conditions":[6.0265344E-1,2.0088401E-1,1E0,-5.851494E-1,4.0260455E-1,8.040649E-1,5.679741E-1,-1.6746344E-1,-5.2842714E-2,4.0750887E-2,1.6146952E-1],"split_indices":[0,0,0,0,0,0,0,0,0,0,0],"split_type":[0,0,0,0,0,0,0,0,0,0,0],"sum_hessian":[9E0,5E0,4E0,1E0,4E0,3E0,1E0,2E0,2E0,1E0,2E0],"tree_param":{"num_deleted":"0","num_feature":"2","num_nodes":"11","size_leaf_vector":"1"}},{"base_weights":[-1.1994934E-1,-2.881068E0,3.217383E0,-5.558918E-1,-1.2337143E0,1.3238525E0,5.395752E-1,-1.5629908E-1,-4.9319968E-2,3.8713075E-2,1.5070496E-1],"categories":[],"categories_nodes":[],"categories_segments":[],"categories_sizes":[],"default_left":[0,0,0,0,0,0,0,0,0,0,0],"id":35,"left_children":[1,3,5,-1,7,9,-1,-1,-1,-1,-1],"loss_changes":[1.01417206E2,1.9610077E1,1.3480862E1,0E0,4.4830465E-1,1.0299301E-1,0E0,0E0,0E0,0E0,0E0],"parents":[2147483647,0,0,1,1,2,2,4,4,5,5],"right_children":[2,4,6,-1,8,10,-1,-1,-1,-1,-1],"split_conditions":[6.0265344E-1,2.0088401E-1,1E0,-5.558918E-1,4.0260455E-1,8.040649E-1,5.395752E-1,-1.5629908E-1,-4.9319968E-2,3.8713075E-2,1.5070496E-1],"split_indices":[0,0,0,0,0,0,0,0,0,0,0],"split_type":[0,0,0,0,0,0,0,0,0,0,0],"sum_hessian":[9E0,5E0,4E0,1E0,4E0,3E0,1E0,2E0,2E0,1E0,2E0],"tree_param":{"num_deleted":"0","num_feature":"2","num_nodes":"11","size_leaf_vector":"1"}},{"base_weights":[-1.1120911E-1,-2.7198818E0,3.0414398E0,-5.2809715E-1,-1.1514695E0,1.2388191E0,5.1259613E-1,-1.4587937E-1,-4.6032205E-2,3.6777496E-2,1.4065756E-1],"categories":[],"categories_nodes":[],"categories_segments":[],"categories_sizes":[],"default_left":[0,0,0,0,0,0,0,0,0,0,0],"id":36,"left_children":[1,3,5,-1,7,9,-1,-1,-1,-1,-1],"loss_changes":[9.051465E1,1.8020191E1,1.2437866E1,0E0,3.9051723E-1,6.718922E-2,0E0,0E0,0E0,0E0,0E0],"parents":[2147483647,0,0,1,1,2,2,4,4,5,5],"right_children":[2,4,6,-1,8,10,-1,-1,-1,-1,-1],"split_conditions":[6.0265344E-1,2.0088401E-1,1E0,-5.2809715E-1,4.0260455E-1,8.040649E-1,5.1259613E-1,-1.4587937E-1,-4.6032205E-2,3.6777496E-2,1.4065756E-1],"split_indices":[0,0,0,0,0,0,0,0,0,0,0],"split_type":[0,0,0,0,0,0,0,0,0,0,0],"sum_hessian":[9E0,5E0,4E0,1E0,4E0,3E0,1E0,2E0,2E0,1E0,2E0],"tree_param":{"num_deleted":"0","num_feature":"2","num_nodes":"11","size_leaf_vector":"1"}},{"base_weights":[-1.03084564E-1,-2.5678928E0,2.875302E0,-5.0169224E-1,-1.0747025E0,1.159298E0,4.8696595E-1,-1.3615392E-1,-4.296316E-2,3.4938812E-2,1.3128053E-1],"categories":[],"categories_nodes":[],"categories_segments":[],"categories_sizes":[],"default_left":[0,0,0,0,0,0,0,0,0,0,0],"id":37,"left_children":[1,3,5,-1,7,9,-1,-1,-1,-1,-1],"loss_changes":[8.079498E1,1.65495E1,1.1466244E1,0E0,3.401904E-1,3.862953E-2,0E0,0E0,0E0,0E0,0E0],"parents":[2147483647,0,0,1,1,2,2,4,4,5,5],"right_children":[2,4,6,-1,8,10,-1,-1,-1,-1,-1],"split_conditions":[6.0265344E-1,2.0088401E-1,1E0,-5.0169224E-1,4.0260455E-1,8.040649E-1,4.8696595E-1,-1.3615392E-1,-4.296316E-2,3.4938812E-2,1.3128053E-1],"split_indices":[0,0,0,0,0,0,0,0,0,0,0],"split_type":[0,0,0,0,0,0,0,0,0,0,0],"sum_hessian":[9E0,5E0,4E0,1E0,4E0,3E0,1E0,2E0,2E0,1E0,2E0],"tree_param":{"num_deleted":"0","num_feature":"2","num_nodes":"11","size_leaf_vector":"1"}},{"base_weights":[-9.553985E-2,-2.4245708E0,2.7184052E0,-4.7660753E-1,-1.0030549E0,1.084919E0,4.626175E-1,-1.2707697E-1,-4.0098827E-2,3.319168E-2,1.22528076E-1],"categories":[],"categories_nodes":[],"categories_segments":[],"categories_sizes":[],"default_left":[0,0,0,0,0,0,0,0,0,0,0],"id":38,"left_children":[1,3,5,-1,7,9,-1,-1,-1,-1,-1],"loss_changes":[7.212862E1,1.5190277E1,1.0562553E1,0E0,2.9634714E-1,1.6079903E-2,0E0,0E0,0E0,0E0,0E0],"parents":[2147483647,0,0,1,1,2,2,4,4,5,5],"right_children":[2,4,6,-1,8,10,-1,-1,-1,-1,-1],"split_conditions":[6.0265344E-1,2.0088401E-1,1E0,-4.7660753E-1,4.0260455E-1,8.040649E-1,4.626175E-1,-1.2707697E-1,-4.0098827E-2,3.319168E-2,1.22528076E-1],"split_indices":[0,0,0,0,0,0,0,0,0,0,0],"split_type":[0,0,0,0,0,0,0,0,0,0,0],"sum_hessian":[9E0,5E0,4E0,1E0,4E0,3E0,1E0,2E0,2E0,1E0,2E0],"tree_param":{"num_deleted":"0","num_feature":"2","num_nodes":"11","size_leaf_vector":"1"}},{"base_weights":[-8.852997E-2,-2.2894108E0,2.570233E0,-4.5277712E-1,-9.361847E-1,1.015358E-1,4.394867E-1,-1.1860529E-1,-3.7425485E-2],"categories":[],"categories_nodes":[],"categories_segments":[],"categories_sizes":[],"default_left":[0,0,0,0,0,0,0,0,0],"id":39,"left_children":[1,3,5,-1,7,-1,-1,-1,-1],"loss_changes":[6.4400536E1,1.3935213E1,9.723022E0,0E0,2.5815582E-1,0E0,0E0,0E0,0E0],"parents":[2147483647,0,0,1,1,2,2,4,4],"right_children":[2,4,6,-1,8,-1,-1,-1,-1],"split_conditions":[6.0265344E-1,2.0088401E-1,1E0,-4.5277712E-1,4.0260455E-1,1.015358E-1,4.394867E-1,-1.1860529E-1,-3.7425485E-2],"split_indices":[0,0,0,0,0,0,0,0,0],"split_type":[0,0,0,0,0,0,0,0,0],"sum_hessian":[9E0,5E0,4E0,1E0,4E0,3E0,1E0,2E0,2E0],"tree_param":{"num_deleted":"0","num_feature":"2","num_nodes":"9","size_leaf_vector":"1"}},{"base_weights":[-8.645401E-2,-2.1619377E0,2.4214172E0,-4.301384E-1,-8.7377167E-1,9.39209E-1,4.175125E-1,-9.970417E-2,-1.9034578E-2,2.645569E-2,1.07590735E-1],"categories":[],"categories_nodes":[],"categories_segments":[],"categories_sizes":[],"default_left":[0,0,0,0,0,0,0,0,0,0,0],"id":40,"left_children":[1,3,5,-1,7,9,-1,-1,-1,-1,-1],"loss_changes":[5.7285416E1,1.2777342E1,9.075483E0,0E0,2.3144674E-1,8.425665E-2,0E0,0E0,0E0,0E0,0E0],"parents":[2147483647,0,0,1,1,2,2,4,4,5,5],"right_children":[2,4,6,-1,8,10,-1,-1,-1,-1,-1],"split_conditions":[6.0265344E-1,2.0088401E-1,1E0,-4.301384E-1,5.0117266E-1,8.040649E-1,4.175125E-1,-9.970417E-2,-1.9034578E-2,2.645569E-2,1.07590735E-1],"split_indices":[0,0,0,0,0,0,0,0,0,0,0],"split_type":[0,0,0,0,0,0,0,0,0,0,0],"sum_hessian":[9E0,5E0,4E0,1E0,4E0,3E0,1E0,3E0,1E0,1E0,2E0],"tree_param":{"num_deleted":"0","num_feature":"2","num_nodes":"11","size_leaf_vector":"1"}},{"base_weights":[-7.754211E-2,-2.0372264E0,2.2895875E0,-4.0863153E-1,-8.1014556E-1,8.7879944E-1,3.9663696E-1,-1.0405146E-1,-3.09728E-2,2.5132751E-2,1.0041809E-1],"categories":[],"categories_nodes":[],"categories_segments":[],"categories_sizes":[],"default_left":[0,0,0,0,0,0,0,0,0,0,0],"id":41,"left_children":[1,3,5,-1,7,9,-1,-1,-1,-1,-1],"loss_changes":[5.1052673E1,1.1775871E1,8.342276E0,0E0,2.541275E-1,6.2315226E-2,0E0,0E0,0E0,0E0,0E0],"parents":[2147483647,0,0,1,1,2,2,4,4,5,5],"right_children":[2,4,6,-1,8,10,-1,-1,-1,-1,-1],"split_conditions":[6.0265344E-1,2.0088401E-1,1E0,-4.0863153E-1,4.0260455E-1,8.040649E-1,3.9663696E-1,-1.0405146E-1,-3.09728E-2,2.5132751E-2,1.0041809E-1],"split_indices":[0,0,0,0,0,0,0,0,0,0,0],"split_type":[0,0,0,0,0,0,0,0,0,0,0],"sum_hessian":[9E0,5E0,4E0,1E0,4E0,3E0,1E0,2E0,2E0,1E0,2E0],"tree_param":{"num_deleted":"0","num_feature":"2","num_nodes":"11","size_leaf_vector":"1"}},{"base_weights":[-7.193451E-2,-1.9241129E0,2.1650665E0,-3.882E-1,-7.561356E-1,8.223076E-1,3.7680513E-1,-9.7114824E-2,-2.8907776E-2,2.387619E-2,9.372356E-2],"categories":[],"categories_nodes":[],"categories_segments":[],"categories_sizes":[],"default_left":[0,0,0,0,0,0,0,0,0,0,0],"id":42,"left_children":[1,3,5,-1,7,9,-1,-1,-1,-1,-1],"loss_changes":[4.5599083E1,1.0785286E1,7.6636143E0,0E0,2.2137928E-1,4.4486523E-2,0E0,0E0,0E0,0E0,0E0],"parents":[2147483647,0,0,1,1,2,2,4,4,5,5],"right_children":[2,4,6,-1,8,10,-1,-1,-1,-1,-1],"split_conditions":[6.0265344E-1,2.0088401E-1,1E0,-3.882E-1,4.0260455E-1,8.040649E-1,3.7680513E-1,-9.7114824E-2,-2.8907776E-2,2.387619E-2,9.372356E-2],"split_indices":[0,0,0,0,0,0,0,0,0,0,0],"split_type":[0,0,0,0,0,0,0,0,0,0,0],"sum_hessian":[9E0,5E0,4E0,1E0,4E0,3E0,1E0,2E0,2E0,1E0,2E0],"tree_param":{"num_deleted":"0","num_feature":"2","num_nodes":"11","size_leaf_vector":"1"}},{"base_weights":[-6.672287E-2,-1.817407E0,2.0474427E0,-3.114685E0,-3.9009668E-2,7.6947784E-1,3.5796508E-1,-3.6879006E-1,-9.841271E-2,2.268219E-2,8.747559E-2],"categories":[],"categories_nodes":[],"categories_segments":[],"categories_sizes":[],"default_left":[0,0,0,0,0,0,0,0,0,0,0],"id":43,"left_children":[1,3,5,7,-1,9,-1,-1,-1,-1,-1],"loss_changes":[4.07334E1,9.894684E0,7.0360794E0,3.44429E-2,0E0,3.0105352E-2,0E0,0E0,0E0,0E0,0E0],"parents":[2147483647,0,0,1,1,2,2,3,3,5,5],"right_children":[2,4,6,8,-1,10,-1,-1,-1,-1,-1],"split_conditions":[6.0265344E-1,3.012116E-1,1E0,2.0088401E-1,-3.9009668E-2,8.040649E-1,3.5796508E-1,-3.6879006E-1,-9.841271E-2,2.268219E-2,8.747559E-2],"split_indices":[0,0,0,0,0,0,0,0,0,0,0],"split_type":[0,0,0,0,0,0,0,0,0,0,0],"sum_hessian":[9E0,5E0,4E0,2E0,3E0,3E0,1E0,1E0,1E0,1E0,2E0],"tree_param":{"num_deleted":"0","num_feature":"2","num_nodes":"11","size_leaf_vector":"1"}},{"base_weights":[-6.385956E-2,-1.7200342E0,1.936322E0,-2.9589512E0,-3.6083795E-2,7.200699E-1,3.4006652E-1,-3.503506E-1,-9.349213E-2,2.1548463E-2,8.164368E-2],"categories":[],"categories_nodes":[],"categories_segments":[],"categories_sizes":[],"default_left":[0,0,0,0,0,0,0,0,0,0,0],"id":44,"left_children":[1,3,5,7,-1,9,-1,-1,-1,-1,-1],"loss_changes":[3.6457047E1,9.035889E0,6.456337E0,3.1080246E-2,0E0,1.8571854E-2,0E0,0E0,0E0,0E0,0E0],"parents":[2147483647,0,0,1,1,2,2,3,3,5,5],"right_children":[2,4,6,8,-1,10,-1,-1,-1,-1,-1],"split_conditions":[6.0265344E-1,3.012116E-1,1E0,2.0088401E-1,-3.6083795E-2,8.040649E-1,3.4006652E-1,-3.503506E-1,-9.349213E-2,2.1548463E-2,8.164368E-2],"split_indices":[0,0,0,0,0,0,0,0,0,0,0],"split_type":[0,0,0,0,0,0,0,0,0,0,0],"sum_hessian":[9E0,5E0,4E0,2E0,3E0,3E0,1E0,1E0,1E0,1E0,2E0],"tree_param":{"num_deleted":"0","num_feature":"2","num_nodes":"11","size_leaf_vector":"1"}},{"base_weights":[-6.1141204E-2,-1.6280174E0,1.8313385E0,-2.8110046E0,-3.3377267E-2,6.7385864E-1,3.230629E-1,-3.328331E-1,-8.88176E-2,2.0471191E-2,7.620036E-2],"categories":[],"categories_nodes":[],"categories_segments":[],"categories_sizes":[],"default_left":[0,0,0,0,0,0,0,0,0,0,0],"id":45,"left_children":[1,3,5,7,-1,9,-1,-1,-1,-1,-1],"loss_changes":[3.2634262E1,8.248214E0,5.9212646E0,2.8047562E-2,0E0,9.420514E-3,0E0,0E0,0E0,0E0,0E0],"parents":[2147483647,0,0,1,1,2,2,3,3,5,5],"right_children":[2,4,6,8,-1,10,-1,-1,-1,-1,-1],"split_conditions":[6.0265344E-1,3.012116E-1,1E0,2.0088401E-1,-3.3377267E-2,8.040649E-1,3.230629E-1,-3.328331E-1,-8.88176E-2,2.0471191E-2,7.620036E-2],"split_indices":[0,0,0,0,0,0,0,0,0,0,0],"split_type":[0,0,0,0,0,0,0,0,0,0,0],"sum_hessian":[9E0,5E0,4E0,2E0,3E0,3E0,1E0,1E0,1E0,1E0,2E0],"tree_param":{"num_deleted":"0","num_feature":"2","num_nodes":"11","size_leaf_vector":"1"}},{"base_weights":[-5.855713E-2,-1.5410538E0,1.7321503E0,-2.6704533E0,-3.0874062E-2,6.306381E-1,3.0690995E-1,-3.161915E-1,-8.437653E-2,1.9447327E-2,7.1120195E-2],"categories":[],"categories_nodes":[],"categories_segments":[],"categories_sizes":[],"default_left":[0,0,0,0,0,0,0,0,0,0,0],"id":46,"left_children":[1,3,5,7,-1,9,-1,-1,-1,-1,-1],"loss_changes":[2.9216513E1,7.526167E0,5.4278393E0,2.5325775E-2,0E0,2.2466183E-3,0E0,0E0,0E0,0E0,0E0],"parents":[2147483647,0,0,1,1,2,2,3,3,5,5],"right_children":[2,4,6,8,-1,10,-1,-1,-1,-1,-1],"split_conditions":[6.0265344E-1,3.012116E-1,1E0,2.0088401E-1,-3.0874062E-2,8.040649E-1,3.0690995E-1,-3.161915E-1,-8.437653E-2,1.9447327E-2,7.1120195E-2],"split_indices":[0,0,0,0,0,0,0,0,0,0,0],"split_type":[0,0,0,0,0,0,0,0,0,0,0],"sum_hessian":[9E0,5E0,4E0,2E0,3E0,3E0,1E0,1E0,1E0,1E0,2E0],"tree_param":{"num_deleted":"0","num_feature":"2","num_nodes":"11","size_leaf_vector":"1"}},{"base_weights":[-5.6098174E-2,-1.458856E0,1.6384308E0,-2.5369313E0,-2.855854E-1,5.902176E-2,2.915642E-1,-3.0038187E-1,-8.015785E-2,-3.266322E-2,-8.122253E-3],"categories":[],"categories_nodes":[],"categories_segments":[],"categories_sizes":[],"default_left":[0,0,0,0,0,0,0,0,0,0,0],"id":47,"left_children":[1,3,5,7,9,-1,-1,-1,-1,-1,-1],"loss_changes":[2.6160372E1,6.8647337E0,4.9730835E0,2.2846222E-2,7.023841E-3,0E0,0E0,0E0,0E0,0E0,0E0],"parents":[2147483647,0,0,1,1,2,2,3,3,4,4],"right_children":[2,4,6,8,10,-1,-1,-1,-1,-1,-1],"split_conditions":[6.0265344E-1,3.012116E-1,1E0,2.0088401E-1,5.0117266E-1,5.902176E-2,2.915642E-1,-3.0038187E-1,-8.015785E-2,-3.266322E-2,-8.122253E-3],"split_indices":[0,0,0,0,0,0,0,0,0,0,0],"split_type":[0,0,0,0,0,0,0,0,0,0,0],"sum_hessian":[9E0,5E0,4E0,2E0,3E0,3E0,1E0,1E0,1E0,2E0,1E0],"tree_param":{"num_deleted":"0","num_feature":"2","num_nodes":"11","size_leaf_vector":"1"}},{"base_weights":[-5.7563018E-2,-1.3831927E0,1.5447052E0,-2.410085E0,-2.6722527E-1,5.4595184E-1,2.7698594E-1,-2.8536263E-1,-7.6150134E-2,-3.0485788E-2,-7.71637E-3,1.5524292E-2,6.244405E-2],"categories":[],"categories_nodes":[],"categories_segments":[],"categories_sizes":[],"default_left":[0,0,0,0,0,0,0,0,0,0,0,0,0],"id":48,"left_children":[1,3,5,7,9,11,-1,-1,-1,-1,-1,-1,-1],"loss_changes":[2.3376768E1,6.2318344E0,4.6059246E0,2.0605087E-2,5.086094E-3,2.5724888E-2,0E0,0E0,0E0,0E0,0E0,0E0,0E0],"parents":[2147483647,0,0,1,1,2,2,3,3,4,4,5,5],"right_children":[2,4,6,8,10,12,-1,-1,-1,-1,-1,-1,-1],"split_conditions":[6.0265344E-1,3.012116E-1,1E0,2.0088401E-1,5.0117266E-1,8.040649E-1,2.7698594E-1,-2.8536263E-1,-7.6150134E-2,-3.0485788E-2,-7.71637E-3,1.5524292E-2,6.244405E-2],"split_indices":[0,0,0,0,0,0,0,0,0,0,0,0,0],"split_type":[0,0,0,0,0,0,0,0,0,0,0,0,0],"sum_hessian":[9E0,5E0,4E0,2E0,3E0,3E0,1E0,1E0,1E0,2E0,1E0,1E0,2E0],"tree_param":{"num_deleted":"0","num_feature":"2","num_nodes":"13","size_leaf_vector":"1"}},{"base_weights":[-5.628128E-2,-1.3114916E0,1.4612274E0,-2.2895813E0,-2.500515E-1,5.108528E-1,2.631363E-1,-2.7109453E-1,-7.234269E-2,-2.8453318E-2,-7.330322E-3,1.4748382E-2,5.828145E-2],"categories":[],"categories_nodes":[],"categories_segments":[],"categories_sizes":[],"default_left":[0,0,0,0,0,0,0,0,0,0,0,0,0],"id":49,"left_children":[1,3,5,7,9,11,-1,-1,-1,-1,-1,-1,-1],"loss_changes":[2.0964315E1,5.6565886E0,4.216096E0,1.8592834E-2,3.5211444E-3,1.863885E-2,0E0,0E0,0E0,0E0,0E0,0E0,0E0],"parents":[2147483647,0,0,1,1,2,2,3,3,4,4,5,5],"right_children":[2,4,6,8,10,12,-1,-1,-1,-1,-1,-1,-1],"split_conditions":[6.0265344E-1,3.012116E-1,1E0,2.0088401E-1,5.0117266E-1,8.040649E-1,2.631363E-1,-2.7109453E-1,-7.234269E-2,-2.8453318E-2,-7.330322E-3,1.4748382E-2,5.828145E-2],"split_indices":[0,0,0,0,0,0,0,0,0,0,0,0,0],"split_type":[0,0,0,0,0,0,0,0,0,0,0,0,0],"sum_hessian":[9E0,5E0,4E0,2E0,3E0,3E0,1E0,1E0,1E0,2E0,1E0,1E0,2E0],"tree_param":{"num_deleted":"0","num_feature":"2","num_nodes":"13","size_leaf_vector":"1"}},{"base_weights":[-5.496216E-2,-1.243548E0,1.3823334E0,-2.1751022E0,-2.3399544E-1,4.780197E-1,2.499794E-1,-2.5753975E-1,-6.8725586E-2,-2.655665E-2,-6.9641112E-3,1.401062E-2,5.4395553E-2],"categories":[],"categories_nodes":[],"categories_segments":[],"categories_sizes":[],"default_left":[0,0,0,0,0,0,0,0,0,0,0,0,0],"id":50,"left_children":[1,3,5,7,9,11,-1,-1,-1,-1,-1,-1,-1],"loss_changes":[1.880249E1,5.133754E0,3.8577232E0,1.6776085E-2,2.2610277E-3,1.2910783E-2,0E0,0E0,0E0,0E0,0E0,0E0,0E0],"parents":[2147483647,0,0,1,1,2,2,3,3,4,4,5,5],"right_children":[2,4,6,8,10,12,-1,-1,-1,-1,-1,-1,-1],"split_conditions":[6.0265344E-1,3.012116E-1,1E0,2.0088401E-1,5.0117266E-1,8.040649E-1,2.499794E-1,-2.5753975E-1,-6.8725586E-2,-2.655665E-2,-6.9641112E-3,1.401062E-2,5.4395553E-2],"split_indices":[0,0,0,0,0,0,0,0,0,0,0,0,0],"split_type":[0,0,0,0,0,0,0,0,0,0,0,0,0],"sum_hessian":[9E0,5E0,4E0,2E0,3E0,3E0,1E0,1E0,1E0,2E0,1E0,1E0,2E0],"tree_param":{"num_deleted":"0","num_feature":"2","num_nodes":"13","size_leaf_vector":"1"}},{"base_weights":[-5.3607177E-2,-1.1791586E0,1.3077759E0,-2.0663478E0,-2.1897697E-1,4.4731903E-1,2.3748016E-1,-2.4466287E-1,-6.528931E-2,-2.4786122E-2,-6.616211E-3,1.33102415E-2,5.0769042E-2],"categories":[],"categories_nodes":[],"categories_segments":[],"categories_sizes":[],"default_left":[0,0,0,0,0,0,0,0,0,0,0,0,0],"id":51,"left_children":[1,3,5,7,9,11,-1,-1,-1,-1,-1,-1,-1],"loss_changes":[1.686514E1,4.6586943E0,3.5283537E0,1.5142441E-2,1.256749E-3,8.304E-3,0E0,0E0,0E0,0E0,0E0,0E0,0E0],"parents":[2147483647,0,0,1,1,2,2,3,3,4,4,5,5],"right_children":[2,4,6,8,10,12,-1,-1,-1,-1,-1,-1,-1],"split_conditions":[6.0265344E-1,3.012116E-1,1E0,2.0088401E-1,5.0117266E-1,8.040649E-1,2.3748016E-1,-2.4466287E-1,-6.528931E-2,-2.4786122E-2,-6.616211E-3,1.33102415E-2,5.0769042E-2],"split_indices":[0,0,0,0,0,0,0,0,0,0,0,0,0],"split_type":[0,0,0,0,0,0,0,0,0,0,0,0,0],"sum_hessian":[9E0,5E0,4E0,2E0,3E0,3E0,1E0,1E0,1E0,2E0,1E0,1E0,2E0],"tree_param":{"num_deleted":"0","num_feature":"2","num_nodes":"13","size_leaf_vector":"1"}},{"base_weights":[-5.2224733E-2,-1.9630305E0,6.708555E-1,-2.3242989E-1,-6.202469E-2,-3.2794952E-2,1.854538E0,-2.0492744E-1,2.076467E-2,5.257492E-2,2.2560577E-1,-2.3133596E-2,-6.285095E-3],"categories":[],"categories_nodes":[],"categories_segments":[],"categories_sizes":[],"default_left":[0,0,0,0,0,0,0,0,0,0,0,0,0],"id":52,"left_children":[1,3,5,-1,-1,7,9,11,-1,-1,-1,-1,-1],"loss_changes":[1.513357E1,1.367569E-2,6.7240095E0,0E0,0E0,2.908794E-1,4.1448402E-1,4.684329E-4,0E0,0E0,0E0,0E0,0E0],"parents":[2147483647,0,0,1,1,2,2,5,5,6,6,7,7],"right_children":[2,4,6,-1,-1,8,10,12,-1,-1,-1,-1,-1],"split_conditions":[3.012116E-1,2.0088401E-1,9.050686E-1,-2.3242989E-1,-6.202469E-2,6.0265344E-1,1E0,5.0117266E-1,2.076467E-2,5.257492E-2,2.2560577E-1,-2.3133596E-2,-6.285095E-3],"split_indices":[0,0,0,0,0,0,0,0,0,0,0,0,0],"split_type":[0,0,0,0,0,0,0,0,0,0,0,0,0],"sum_hessian":[9E0,2E0,7E0,1E0,1E0,5E0,2E0,3E0,2E0,1E0,1E0,2E0,1E0],"tree_param":{"num_deleted":"0","num_feature":"2","num_nodes":"13","size_leaf_vector":"1"}},{"base_weights":[-4.9495697E-2,-1.8648783E0,6.3745975E-1,-2.2080842E-1,-5.892334E-2,-3.095881E-2,1.7618103E0,-1.9178962E-2,1.9380188E-2,4.994583E-2,2.1432571E-1],"categories":[],"categories_nodes":[],"categories_segments":[],"categories_sizes":[],"default_left":[0,0,0,0,0,0,0,0,0,0,0],"id":53,"left_children":[1,3,5,-1,-1,7,9,-1,-1,-1,-1],"loss_changes":[1.3659655E1,1.2350082E-2,6.0668383E0,0E0,0E0,2.5405985E-1,3.7409306E-1,0E0,0E0,0E0,0E0],"parents":[2147483647,0,0,1,1,2,2,5,5,6,6],"right_children":[2,4,6,-1,-1,8,10,-1,-1,-1,-1],"split_conditions":[3.012116E-1,2.0088401E-1,9.050686E-1,-2.2080842E-1,-5.892334E-2,6.0265344E-1,1E0,-1.9178962E-2,1.9380188E-2,4.994583E-2,2.1432571E-1],"split_indices":[0,0,0,0,0,0,0,0,0,0,0],"split_type":[0,0,0,0,0,0,0,0,0,0,0],"sum_hessian":[9E0,2E0,7E0,1E0,1E0,5E0,2E0,3E0,2E0,1E0,1E0],"tree_param":{"num_deleted":"0","num_feature":"2","num_nodes":"11","size_leaf_vector":"1"}},{"base_weights":[-4.6070863E-2,-1.7716345E0,6.0677433E-1,-2.0976792E-1,-5.597725E-2,-2.7828217E-2,1.6737213E0,-1.774044E-1,1.8088277E-2,4.7448732E-2,2.0360947E-1,-2.0312754E-2,-5.0117495E-3],"categories":[],"categories_nodes":[],"categories_segments":[],"categories_sizes":[],"default_left":[0,0,0,0,0,0,0,0,0,0,0,0,0],"id":54,"left_children":[1,3,5,-1,-1,7,9,11,-1,-1,-1,-1,-1],"loss_changes":[1.2340242E1,1.113987E-2,5.4632745E0,0E0,0E0,2.1939856E-1,3.3761024E-1,2.916634E-3,0E0,0E0,0E0,0E0,0E0],"parents":[2147483647,0,0,1,1,2,2,5,5,6,6,7,7],"right_children":[2,4,6,-1,-1,8,10,12,-1,-1,-1,-1,-1],"split_conditions":[3.012116E-1,2.0088401E-1,9.050686E-1,-2.0976792E-1,-5.597725E-2,6.0265344E-1,1E0,5.0117266E-1,1.8088277E-2,4.7448732E-2,2.0360947E-1,-2.0312754E-2,-5.0117495E-3],"split_indices":[0,0,0,0,0,0,0,0,0,0,0,0,0],"split_type":[0,0,0,0,0,0,0,0,0,0,0,0,0],"sum_hessian":[9E0,2E0,7E0,1E0,1E0,5E0,2E0,3E0,2E0,1E0,1E0,2E0,1E0],"tree_param":{"num_deleted":"0","num_feature":"2","num_nodes":"13","size_leaf_vector":"1"}},{"base_weights":[-4.3656923E-2,-1.6830521E0,5.765734E-1,-1.9927941E-1,-5.3178407E-2,-2.6251474E-2,1.590032E0,-1.6599846E-1,1.6882833E-2,4.507599E-2,1.934288E-1,-1.895879E-2,-4.7615054E-3],"categories":[],"categories_nodes":[],"categories_segments":[],"categories_sizes":[],"default_left":[0,0,0,0,0,0,0,0,0,0,0,0,0],"id":55,"left_children":[1,3,5,-1,-1,7,9,11,-1,-1,-1,-1,-1],"loss_changes":[1.1138429E1,1.0052681E-2,4.9292445E0,0E0,0E0,1.9159612E-1,3.047042E-1,2.1431595E-3,0E0,0E0,0E0,0E0,0E0],"parents":[2147483647,0,0,1,1,2,2,5,5,6,6,7,7],"right_children":[2,4,6,-1,-1,8,10,12,-1,-1,-1,-1,-1],"split_conditions":[3.012116E-1,2.0088401E-1,9.050686E-1,-1.9927941E-1,-5.3178407E-2,6.0265344E-1,1E0,5.0117266E-1,1.6882833E-2,4.507599E-2,1.934288E-1,-1.895879E-2,-4.7615054E-3],"split_indices":[0,0,0,0,0,0,0,0,0,0,0,0,0],"split_type":[0,0,0,0,0,0,0,0,0,0,0,0,0],"sum_hessian":[9E0,2E0,7E0,1E0,1E0,5E0,2E0,3E0,2E0,1E0,1E0,2E0,1E0],"tree_param":{"num_deleted":"0","num_feature":"2","num_nodes":"13","size_leaf_vector":"1"}},{"base_weights":[-4.136963E-2,-1.5988998E0,5.478754E-1,-1.8931542E-1,-5.0519563E-2,-2.4763742E-2,1.5105286E0,-1.5532875E-1,1.5757753E-2,4.2822268E-2,1.8375702E-1,-1.7694855E-2,-4.523468E-3],"categories":[],"categories_nodes":[],"categories_segments":[],"categories_sizes":[],"default_left":[0,0,0,0,0,0,0,0,0,0,0,0,0],"id":56,"left_children":[1,3,5,-1,-1,7,9,11,-1,-1,-1,-1,-1],"loss_changes":[1.0053667E1,9.068489E-3,4.4474287E0,0E0,0E0,1.6732064E-1,2.7498817E-1,1.5166253E-3,0E0,0E0,0E0,0E0,0E0],"parents":[2147483647,0,0,1,1,2,2,5,5,6,6,7,7],"right_children":[2,4,6,-1,-1,8,10,12,-1,-1,-1,-1,-1],"split_conditions":[3.012116E-1,2.0088401E-1,9.050686E-1,-1.8931542E-1,-5.0519563E-2,6.0265344E-1,1E0,5.0117266E-1,1.5757753E-2,4.2822268E-2,1.8375702E-1,-1.7694855E-2,-4.523468E-3],"split_indices":[0,0,0,0,0,0,0,0,0,0,0,0,0],"split_type":[0,0,0,0,0,0,0,0,0,0,0,0,0],"sum_hessian":[9E0,2E0,7E0,1E0,1E0,5E0,2E0,3E0,2E0,1E0,1E0,2E0,1E0],"tree_param":{"num_deleted":"0","num_feature":"2","num_nodes":"13","size_leaf_vector":"1"}},{"base_weights":[-3.920593E-2,-1.5189539E0,5.206003E-1,-1.7984962E-1,-4.799347E-2,-2.3367563E-2,1.4350027E0,-1.4535332E-1,1.4706929E-2,4.068146E-2,1.7456894E-1,-1.651535E-2,-4.297638E-3],"categories":[],"categories_nodes":[],"categories_segments":[],"categories_sizes":[],"default_left":[0,0,0,0,0,0,0,0,0,0,0,0,0],"id":57,"left_children":[1,3,5,-1,-1,7,9,11,-1,-1,-1,-1,-1],"loss_changes":[9.07449E0,8.189201E-3,4.0127764E0,0E0,0E0,1.4612222E-1,2.4816132E-1,1.0106266E-3,0E0,0E0,0E0,0E0,0E0],"parents":[2147483647,0,0,1,1,2,2,5,5,6,6,7,7],"right_children":[2,4,6,-1,-1,8,10,12,-1,-1,-1,-1,-1],"split_conditions":[3.012116E-1,2.0088401E-1,9.050686E-1,-1.7984962E-1,-4.799347E-2,6.0265344E-1,1E0,5.0117266E-1,1.4706929E-2,4.068146E-2,1.7456894E-1,-1.651535E-2,-4.297638E-3],"split_indices":[0,0,0,0,0,0,0,0,0,0,0,0,0],"split_type":[0,0,0,0,0,0,0,0,0,0,0,0,0],"sum_hessian":[9E0,2E0,7E0,1E0,1E0,5E0,2E0,3E0,2E0,1E0,1E0,2E0,1E0],"tree_param":{"num_deleted":"0","num_feature":"2","num_nodes":"13","size_leaf_vector":"1"}},{"base_weights":[-3.715515E-2,-1.4430059E0,4.9468327E-1,-1.7085724E-1,-4.5593645E-2,-2.2047678E-2,1.3632507E0,-1.3601875E-1,1.3726299E-2,3.864746E-2,1.6584015E-1,-1.5414174E-2,-4.0824893E-3],"categories":[],"categories_nodes":[],"categories_segments":[],"categories_sizes":[],"default_left":[0,0,0,0,0,0,0,0,0,0,0,0,0],"id":58,"left_children":[1,3,5,-1,-1,7,9,11,-1,-1,-1,-1,-1],"loss_changes":[8.190685E0,7.397175E-3,3.620582E0,0E0,0E0,1.2761118E-1,2.2395849E-1,6.079748E-4,0E0,0E0,0E0,0E0,0E0],"parents":[2147483647,0,0,1,1,2,2,5,5,6,6,7,7],"right_children":[2,4,6,-1,-1,8,10,12,-1,-1,-1,-1,-1],"split_conditions":[3.012116E-1,2.0088401E-1,9.050686E-1,-1.7085724E-1,-4.5593645E-2,6.0265344E-1,1E0,5.0117266E-1,1.3726299E-2,3.864746E-2,1.6584015E-1,-1.5414174E-2,-4.0824893E-3],"split_indices":[0,0,0,0,0,0,0,0,0,0,0,0,0],"split_type":[0,0,0,0,0,0,0,0,0,0,0,0,0],"sum_hessian":[9E0,2E0,7E0,1E0,1E0,5E0,2E0,3E0,2E0,1E0,1E0,2E0,1E0],"tree_param":{"num_deleted":"0","num_feature":"2","num_nodes":"13","size_leaf_vector":"1"}},{"base_weights":[-3.521347E-2,-1.3708547E0,4.7005367E-1,-1.6231422E-1,-4.331398E-2,-2.0806631E-2,1.2950897E0,-1.2729073E-1,1.2810771E-2,3.6714938E-2,1.5754853E-1,-1.687317E-2,-5.7233176E-3],"categories":[],"categories_nodes":[],"categories_segments":[],"categories_sizes":[],"default_left":[0,0,0,0,0,0,0,0,0,0,0,0,0],"id":59,"left_children":[1,3,5,-1,-1,7,9,11,-1,-1,-1,-1,-1],"loss_changes":[7.392932E0,6.673813E-3,3.2667658E0,0E0,0E0,1.1144897E-1,2.021327E-1,1.9559562E-3,0E0,0E0,0E0,0E0,0E0],"parents":[2147483647,0,0,1,1,2,2,5,5,6,6,7,7],"right_children":[2,4,6,-1,-1,8,10,12,-1,-1,-1,-1,-1],"split_conditions":[3.012116E-1,2.0088401E-1,9.050686E-1,-1.6231422E-1,-4.331398E-2,6.0265344E-1,1E0,4.0260455E-1,1.2810771E-2,3.6714938E-2,1.5754853E-1,-1.687317E-2,-5.7233176E-3],"split_indices":[0,0,0,0,0,0,0,0,0,0,0,0,0],"split_type":[0,0,0,0,0,0,0,0,0,0,0,0,0],"sum_hessian":[9E0,2E0,7E0,1E0,1E0,5E0,2E0,3E0,2E0,1E0,1E0,1E0,2E0],"tree_param":{"num_deleted":"0","num_feature":"2","num_nodes":"13","size_leaf_vector":"1"}},{"base_weights":[-3.3808134E-2,-1.3023123E0,4.461069E-1,-1.5419845E-1,-4.1148376E-2,-2.035904E-2,1.2303365E0,-1.2021065E-1,1.1956278E-2,3.4879304E-2,1.4967118E-1,-1.6029358E-2,-5.341848E-3],"categories":[],"categories_nodes":[],"categories_segments":[],"categories_sizes":[],"default_left":[0,0,0,0,0,0,0,0,0,0,0,0,0],"id":60,"left_children":[1,3,5,-1,-1,7,9,11,-1,-1,-1,-1,-1],"loss_changes":[6.6687126E0,6.0191154E-3,2.9515796E0,0E0,0E0,9.820123E-2,1.824212E-1,2.1462664E-3,0E0,0E0,0E0,0E0,0E0],"parents":[2147483647,0,0,1,1,2,2,5,5,6,6,7,7],"right_children":[2,4,6,-1,-1,8,10,12,-1,-1,-1,-1,-1],"split_conditions":[3.012116E-1,2.0088401E-1,9.050686E-1,-1.5419845E-1,-4.1148376E-2,6.0265344E-1,1E0,4.0260455E-1,1.1956278E-2,3.4879304E-2,1.4967118E-1,-1.6029358E-2,-5.341848E-3],"split_indices":[0,0,0,0,0,0,0,0,0,0,0,0,0],"split_type":[0,0,0,0,0,0,0,0,0,0,0,0,0],"sum_hessian":[9E0,2E0,7E0,1E0,1E0,5E0,2E0,3E0,2E0,1E0,1E0,1E0,2E0],"tree_param":{"num_deleted":"0","num_feature":"2","num_nodes":"13","size_leaf_vector":"1"}},{"base_weights":[-3.2450866E-2,-1.2371979E0,4.2338562E-1,-1.4648858E-1,-3.909111E-2,-1.9894918E-2,1.1688181E0,-1.1353302E-1,1.1158752E-2,3.3135224E-2,1.421875E-1,-1.5227891E-2,-4.9858093E-3],"categories":[],"categories_nodes":[],"categories_segments":[],"categories_sizes":[],"default_left":[0,0,0,0,0,0,0,0,0,0,0,0,0],"id":61,"left_children":[1,3,5,-1,-1,7,9,11,-1,-1,-1,-1,-1],"loss_changes":[6.015488E0,5.4278374E-3,2.6667395E0,0E0,0E0,8.653946E-2,1.6463804E-1,2.2762269E-3,0E0,0E0,0E0,0E0,0E0],"parents":[2147483647,0,0,1,1,2,2,5,5,6,6,7,7],"right_children":[2,4,6,-1,-1,8,10,12,-1,-1,-1,-1,-1],"split_conditions":[3.012116E-1,2.0088401E-1,9.050686E-1,-1.4648858E-1,-3.909111E-2,6.0265344E-1,1E0,4.0260455E-1,1.1158752E-2,3.3135224E-2,1.421875E-1,-1.5227891E-2,-4.9858093E-3],"split_indices":[0,0,0,0,0,0,0,0,0,0,0,0,0],"split_type":[0,0,0,0,0,0,0,0,0,0,0,0,0],"sum_hessian":[9E0,2E0,7E0,1E0,1E0,5E0,2E0,3E0,2E0,1E0,1E0,1E0,2E0],"tree_param":{"num_deleted":"0","num_feature":"2","num_nodes":"13","size_leaf_vector":"1"}},{"base_weights":[-3.113556E-2,-1.1753362E0,4.0183163E-1,-1.3916397E-1,-3.713646E-2,-1.9412994E-2,1.110377E0,-1.0723305E-1,1.0415141E-2,3.147812E-2,1.3507843E-1,-1.4466477E-2,-4.653422E-3],"categories":[],"categories_nodes":[],"categories_segments":[],"categories_sizes":[],"default_left":[0,0,0,0,0,0,0,0,0,0,0,0,0],"id":62,"left_children":[1,3,5,-1,-1,7,9,11,-1,-1,-1,-1,-1],"loss_changes":[5.426301E0,4.8999786E-3,2.4093232E0,0E0,0E0,7.627707E-2,1.4859962E-1,2.3563877E-3,0E0,0E0,0E0,0E0,0E0],"parents":[2147483647,0,0,1,1,2,2,5,5,6,6,7,7],"right_children":[2,4,6,-1,-1,8,10,12,-1,-1,-1,-1,-1],"split_conditions":[3.012116E-1,2.0088401E-1,9.050686E-1,-1.3916397E-1,-3.713646E-2,6.0265344E-1,1E0,4.0260455E-1,1.0415141E-2,3.147812E-2,1.3507843E-1,-1.4466477E-2,-4.653422E-3],"split_indices":[0,0,0,0,0,0,0,0,0,0,0,0,0],"split_type":[0,0,0,0,0,0,0,0,0,0,0,0,0],"sum_hessian":[9E0,2E0,7E0,1E0,1E0,5E0,2E0,3E0,2E0,1E0,1E0,1E0,2E0],"tree_param":{"num_deleted":"0","num_feature":"2","num_nodes":"13","size_leaf_vector":"1"}},{"base_weights":[-2.9867554E-2,-1.1165695E0,3.8137913E-1,-1.3220596E-1,-3.5279464E-2,-1.8924713E-2,1.0548605E0,-1.0128975E-1,9.720358E-3,2.9904176E-2,1.283249E-1,-1.374321E-2,-4.34316E-3],"categories":[],"categories_nodes":[],"categories_segments":[],"categories_sizes":[],"default_left":[0,0,0,0,0,0,0,0,0,0,0,0,0],"id":63,"left_children":[1,3,5,-1,-1,7,9,11,-1,-1,-1,-1,-1],"loss_changes":[4.894862E0,4.4288635E-3,2.1767402E0,0E0,0E0,6.7235194E-2,1.341157E-1,2.3956224E-3,0E0,0E0,0E0,0E0,0E0],"parents":[2147483647,0,0,1,1,2,2,5,5,6,6,7,7],"right_children":[2,4,6,-1,-1,8,10,12,-1,-1,-1,-1,-1],"split_conditions":[3.012116E-1,2.0088401E-1,9.050686E-1,-1.3220596E-1,-3.5279464E-2,6.0265344E-1,1E0,4.0260455E-1,9.720358E-3,2.9904176E-2,1.283249E-1,-1.374321E-2,-4.34316E-3],"split_indices":[0,0,0,0,0,0,0,0,0,0,0,0,0],"split_type":[0,0,0,0,0,0,0,0,0,0,0,0,0],"sum_hessian":[9E0,2E0,7E0,1E0,1E0,5E0,2E0,3E0,2E0,1E0,1E0,1E0,2E0],"tree_param":{"num_deleted":"0","num_feature":"2","num_nodes":"13","size_leaf_vector":"1"}},{"base_weights":[-2.8643798E-2,-1.0607427E0,3.6197376E-1,-1.2559585E-1,-3.351555E-2,-1.842626E-2,1.0021158E0,-9.5682144E-2,9.072367E-3,2.8408814E-2,1.2190857E-1,-1.3056183E-2,-4.053497E-3],"categories":[],"categories_nodes":[],"categories_segments":[],"categories_sizes":[],"default_left":[0,0,0,0,0,0,0,0,0,0,0,0,0],"id":64,"left_children":[1,3,5,-1,-1,7,9,11,-1,-1,-1,-1,-1],"loss_changes":[4.4155207E0,3.9970875E-3,1.9665457E0,0E0,0E0,5.927548E-2,1.2104344E-1,2.4017468E-3,0E0,0E0,0E0,0E0,0E0],"parents":[2147483647,0,0,1,1,2,2,5,5,6,6,7,7],"right_children":[2,4,6,-1,-1,8,10,12,-1,-1,-1,-1,-1],"split_conditions":[3.012116E-1,2.0088401E-1,9.050686E-1,-1.2559585E-1,-3.351555E-2,6.0265344E-1,1E0,4.0260455E-1,9.072367E-3,2.8408814E-2,1.2190857E-1,-1.3056183E-2,-4.053497E-3],"split_indices":[0,0,0,0,0,0,0,0,0,0,0,0,0],"split_type":[0,0,0,0,0,0,0,0,0,0,0,0,0],"sum_hessian":[9E0,2E0,7E0,1E0,1E0,5E0,2E0,3E0,2E0,1E0,1E0,1E0,2E0],"tree_param":{"num_deleted":"0","num_feature":"2","num_nodes":"13","size_leaf_vector":"1"}},{"base_weights":[-2.7463531E-2,-1.0077057E0,3.4356022E-1,-1.193161E-1,-3.1839754E-2,-1.7925262E-2,9.520111E-1,-9.039116E-2,8.467102E-3,2.6988221E-2,1.1581345E-1,-1.2403488E-2,-3.7831625E-3],"categories":[],"categories_nodes":[],"categories_segments":[],"categories_sizes":[],"default_left":[0,0,0,0,0,0,0,0,0,0,0,0,0],"id":65,"left_children":[1,3,5,-1,-1,7,9,11,-1,-1,-1,-1,-1],"loss_changes":[3.9831388E0,3.6082268E-3,1.7766342E0,0E0,0E0,5.2261904E-2,1.092484E-1,2.380751E-3,0E0,0E0,0E0,0E0,0E0],"parents":[2147483647,0,0,1,1,2,2,5,5,6,6,7,7],"right_children":[2,4,6,-1,-1,8,10,12,-1,-1,-1,-1,-1],"split_conditions":[3.012116E-1,2.0088401E-1,9.050686E-1,-1.193161E-1,-3.1839754E-2,6.0265344E-1,1E0,4.0260455E-1,8.467102E-3,2.6988221E-2,1.1581345E-1,-1.2403488E-2,-3.7831625E-3],"split_indices":[0,0,0,0,0,0,0,0,0,0,0,0,0],"split_type":[0,0,0,0,0,0,0,0,0,0,0,0,0],"sum_hessian":[9E0,2E0,7E0,1E0,1E0,5E0,2E0,3E0,2E0,1E0,1E0,1E0,2E0],"tree_param":{"num_deleted":"0","num_feature":"2","num_nodes":"13","size_leaf_vector":"1"}},{"base_weights":[-2.6325226E-2,-9.5732117E-1,3.260889E-1,-1.13350295E-1,-3.024788E-2,-1.741918E-2,9.0440875E-1,-8.539772E-2,7.902527E-3,2.563858E-2,1.1002274E-1,-1.1783219E-2,-3.530884E-3],"categories":[],"categories_nodes":[],"categories_segments":[],"categories_sizes":[],"default_left":[0,0,0,0,0,0,0,0,0,0,0,0,0],"id":66,"left_children":[1,3,5,-1,-1,7,9,11,-1,-1,-1,-1,-1],"loss_changes":[3.5931332E0,3.252983E-3,1.6050146E0,0E0,0E0,4.6085496E-2,9.860206E-2,2.3379065E-3,0E0,0E0,0E0,0E0,0E0],"parents":[2147483647,0,0,1,1,2,2,5,5,6,6,7,7],"right_children":[2,4,6,-1,-1,8,10,12,-1,-1,-1,-1,-1],"split_conditions":[3.012116E-1,2.0088401E-1,9.050686E-1,-1.13350295E-1,-3.024788E-2,6.0265344E-1,1E0,4.0260455E-1,7.902527E-3,2.563858E-2,1.1002274E-1,-1.1783219E-2,-3.530884E-3],"split_indices":[0,0,0,0,0,0,0,0,0,0,0,0,0],"split_type":[0,0,0,0,0,0,0,0,0,0,0,0,0],"sum_hessian":[9E0,2E0,7E0,1E0,1E0,5E0,2E0,3E0,2E0,1E0,1E0,1E0,2E0],"tree_param":{"num_deleted":"0","num_feature":"2","num_nodes":"13","size_leaf_vector":"1"}},{"base_weights":[-2.5227357E-2,-9.0945435E-1,3.0951118E-1,-1.076828E-1,-2.8735353E-2,-1.6914368E-2,8.591919E-1,-8.068848E-2,7.37559E-3,2.4356842E-2,1.04521945E-1,-1.1194229E-2,-3.295644E-3],"categories":[],"categories_nodes":[],"categories_segments":[],"categories_sizes":[],"default_left":[0,0,0,0,0,0,0,0,0,0,0,0,0],"id":67,"left_children":[1,3,5,-1,-1,7,9,11,-1,-1,-1,-1,-1],"loss_changes":[3.241335E0,2.9394627E-3,1.4499714E0,0E0,0E0,4.064574E-2,8.898616E-2,2.2780132E-3,0E0,0E0,0E0,0E0,0E0],"parents":[2147483647,0,0,1,1,2,2,5,5,6,6,7,7],"right_children":[2,4,6,-1,-1,8,10,12,-1,-1,-1,-1,-1],"split_conditions":[3.012116E-1,2.0088401E-1,9.050686E-1,-1.076828E-1,-2.8735353E-2,6.0265344E-1,1E0,4.0260455E-1,7.37559E-3,2.4356842E-2,1.04521945E-1,-1.1194229E-2,-3.295644E-3],"split_indices":[0,0,0,0,0,0,0,0,0,0,0,0,0],"split_type":[0,0,0,0,0,0,0,0,0,0,0,0,0],"sum_hessian":[9E0,2E0,7E0,1E0,1E0,5E0,2E0,3E0,2E0,1E0,1E0,1E0,2E0],"tree_param":{"num_deleted":"0","num_feature":"2","num_nodes":"13","size_leaf_vector":"1"}},{"base_weights":[-2.4169158E-2,-8.6398315E-1,2.9378223E-1,-1.0229874E-1,-2.7298737E-2,-1.6407013E-2,8.1623334E-1,-7.624245E-2,6.884257E-3,2.3139192E-2,9.929581E-2,-1.0634613E-2,-3.0759177E-3],"categories":[],"categories_nodes":[],"categories_segments":[],"categories_sizes":[],"default_left":[0,0,0,0,0,0,0,0,0,0,0,0,0],"id":68,"left_children":[1,3,5,-1,-1,7,9,11,-1,-1,-1,-1,-1],"loss_changes":[2.9240232E0,2.6500225E-3,1.3098617E0,0E0,0E0,3.5854403E-2,8.030546E-2,2.205737E-3,0E0,0E0,0E0,0E0,0E0],"parents":[2147483647,0,0,1,1,2,2,5,5,6,6,7,7],"right_children":[2,4,6,-1,-1,8,10,12,-1,-1,-1,-1,-1],"split_conditions":[3.012116E-1,2.0088401E-1,9.050686E-1,-1.0229874E-1,-2.7298737E-2,6.0265344E-1,1E0,4.0260455E-1,6.884257E-3,2.3139192E-2,9.929581E-2,-1.0634613E-2,-3.0759177E-3],"split_indices":[0,0,0,0,0,0,0,0,0,0,0,0,0],"split_type":[0,0,0,0,0,0,0,0,0,0,0,0,0],"sum_hessian":[9E0,2E0,7E0,1E0,1E0,5E0,2E0,3E0,2E0,1E0,1E0,1E0,2E0],"tree_param":{"num_deleted":"0","num_feature":"2","num_nodes":"13","size_leaf_vector":"1"}},{"base_weights":[-2.3149109E-2,-8.207855E-1,2.7885818E-1,-9.7183995E-2,-2.5933838E-2,-1.59022E-2,7.754262E-1,-7.204437E-2,6.425476E-2,2.1982575E-2,9.433136E-2,-1.0102845E-2,-2.870687E-3,1.890564E-3,7.74765E-3],"categories":[],"categories_nodes":[],"categories_segments":[],"categories_sizes":[],"default_left":[0,0,0,0,0,0,0,0,0,0,0,0,0,0,0],"id":69,"left_children":[1,3,5,-1,-1,7,9,11,13,-1,-1,-1,-1,-1,-1],"loss_changes":[2.637803E0,2.3918152E-3,1.1832796E0,0E0,0E0,3.1630307E-2,7.247031E-2,2.1241792E-3,3.3404026E-4,0E0,0E0,0E0,0E0,0E0,0E0],"parents":[2147483647,0,0,1,1,2,2,5,5,6,6,7,7,8,8],"right_children":[2,4,6,-1,-1,8,10,12,14,-1,-1,-1,-1,-1,-1],"split_conditions":[3.012116E-1,2.0088401E-1,9.050686E-1,-9.7183995E-2,-2.5933838E-2,6.0265344E-1,1E0,4.0260455E-1,8.040649E-1,2.1982575E-2,9.433136E-2,-1.0102845E-2,-2.870687E-3,1.890564E-3,7.74765E-3],"split_indices":[0,0,0,0,0,0,0,0,0,0,0,0,0,0,0],"split_type":[0,0,0,0,0,0,0,0,0,0,0,0,0,0,0],"sum_hessian":[9E0,2E0,7E0,1E0,1E0,5E0,2E0,3E0,2E0,1E0,1E0,1E0,2E0,1E0,1E0],"tree_param":{"num_deleted":"0","num_feature":"2","num_nodes":"15","size_leaf_vector":"1"}},{"base_weights":[-2.1849822E-2,-7.79747E-1,2.6509285E-1,-9.232483E-2,-2.4637222E-2,-1.486969E-2,7.366536E-1,-6.808472E-2,6.104024E-2,2.0883178E-2,8.961487E-2,-9.597778E-3,-2.6794435E-3,1.7959595E-3,7.360077E-3],"categories":[],"categories_nodes":[],"categories_segments":[],"categories_sizes":[],"default_left":[0,0,0,0,0,0,0,0,0,0,0,0,0,0,0],"id":70,"left_children":[1,3,5,-1,-1,7,9,11,13,-1,-1,-1,-1,-1,-1],"loss_changes":[2.3814359E0,2.1572113E-3,1.0671088E0,0E0,0E0,2.8393202E-2,6.5410495E-2,2.03518E-3,3.0150637E-4,0E0,0E0,0E0,0E0,0E0,0E0],"parents":[2147483647,0,0,1,1,2,2,5,5,6,6,7,7,8,8],"right_children":[2,4,6,-1,-1,8,10,12,14,-1,-1,-1,-1,-1,-1],"split_conditions":[3.012116E-1,2.0088401E-1,9.050686E-1,-9.232483E-2,-2.4637222E-2,6.0265344E-1,1E0,4.0260455E-1,8.040649E-1,2.0883178E-2,8.961487E-2,-9.597778E-3,-2.6794435E-3,1.7959595E-3,7.360077E-3],"split_indices":[0,0,0,0,0,0,0,0,0,0,0,0,0,0,0],"split_type":[0,0,0,0,0,0,0,0,0,0,0,0,0,0,0],"sum_hessian":[9E0,2E0,7E0,1E0,1E0,5E0,2E0,3E0,2E0,1E0,1E0,1E0,2E0,1E0,1E0],"tree_param":{"num_deleted":"0","num_feature":"2","num_nodes":"15","size_leaf_vector":"1"}},{"base_weights":[-2.0623779E-2,-7.407608E-1,2.5200558E-1,-8.770867E-2,-2.3405457E-2,-1.3902028E-2,6.998189E-1,-6.4344406E-2,5.7988483E-2,1.9838715E-2,8.5134126E-2,-9.117889E-3,-2.5006614E-3,1.7059327E-3,6.99234E-3],"categories":[],"categories_nodes":[],"categories_segments":[],"categories_sizes":[],"default_left":[0,0,0,0,0,0,0,0,0,0,0,0,0,0,0],"id":71,"left_children":[1,3,5,-1,-1,7,9,11,13,-1,-1,-1,-1,-1,-1],"loss_changes":[2.1499808E0,1.9453764E-3,9.6234465E-1,0E0,0E0,2.5489204E-2,5.9039235E-2,1.9423645E-3,2.726121E-4,0E0,0E0,0E0,0E0,0E0,0E0],"parents":[2147483647,0,0,1,1,2,2,5,5,6,6,7,7,8,8],"right_children":[2,4,6,-1,-1,8,10,12,14,-1,-1,-1,-1,-1,-1],"split_conditions":[3.012116E-1,2.0088401E-1,9.050686E-1,-8.770867E-2,-2.3405457E-2,6.0265344E-1,1E0,4.0260455E-1,8.040649E-1,1.9838715E-2,8.5134126E-2,-9.117889E-3,-2.5006614E-3,1.7059327E-3,6.99234E-3],"split_indices":[0,0,0,0,0,0,0,0,0,0,0,0,0,0,0],"split_type":[0,0,0,0,0,0,0,0,0,0,0,0,0,0,0],"sum_hessian":[9E0,2E0,7E0,1E0,1E0,5E0,2E0,3E0,2E0,1E0,1E0,1E0,2E0,1E0,1E0],"tree_param":{"num_deleted":"0","num_feature":"2","num_nodes":"15","size_leaf_vector":"1"}},{"base_weights":[-1.94664E-2,-7.0372266E-1,2.3956299E-1,-8.332329E-2,-2.2235109E-2,-1.2997945E-2,6.648305E-1,-6.0813904E-2,5.5089314E-2,1.8846894E-2,8.0877684E-2,-8.662033E-3,-2.3338317E-3,1.6204835E-3,6.642914E-3],"categories":[],"categories_nodes":[],"categories_segments":[],"categories_sizes":[],"default_left":[0,0,0,0,0,0,0,0,0,0,0,0,0,0,0],"id":72,"left_children":[1,3,5,-1,-1,7,9,11,13,-1,-1,-1,-1,-1,-1],"loss_changes":[1.9410106E0,1.7575026E-3,8.6788917E-1,0E0,0E0,2.2884142E-2,5.328226E-2,1.8468704E-3,2.4635624E-4,0E0,0E0,0E0,0E0,0E0,0E0],"parents":[2147483647,0,0,1,1,2,2,5,5,6,6,7,7,8,8],"right_children":[2,4,6,-1,-1,8,10,12,14,-1,-1,-1,-1,-1,-1],"split_conditions":[3.012116E-1,2.0088401E-1,9.050686E-1,-8.332329E-2,-2.2235109E-2,6.0265344E-1,1E0,4.0260455E-1,8.040649E-1,1.8846894E-2,8.0877684E-2,-8.662033E-3,-2.3338317E-3,1.6204835E-3,6.642914E-3],"split_indices":[0,0,0,0,0,0,0,0,0,0,0,0,0,0,0],"split_type":[0,0,0,0,0,0,0,0,0,0,0,0,0,0,0],"sum_hessian":[9E0,2E0,7E0,1E0,1E0,5E0,2E0,3E0,2E0,1E0,1E0,1E0,2E0,1E0,1E0],"tree_param":{"num_deleted":"0","num_feature":"2","num_nodes":"15","size_leaf_vector":"1"}},{"base_weights":[-1.8375397E-2,-6.685384E-1,2.2773266E-1,-7.9157256E-2,-2.1123504E-2,-1.2152354E-2,6.315918E-1,-5.7481766E-2,5.2337646E-2,1.7904663E-2,7.6834105E-2,-8.229065E-3,-2.1781921E-3,1.5396118E-3,6.3110352E-3],"categories":[],"categories_nodes":[],"categories_segments":[],"categories_sizes":[],"default_left":[0,0,0,0,0,0,0,0,0,0,0,0,0,0,0],"id":73,"left_children":[1,3,5,-1,-1,7,9,11,13,-1,-1,-1,-1,-1,-1],"loss_changes":[1.7523515E0,1.584053E-3,7.827133E-1,0E0,0E0,2.0548223E-2,4.808688E-2,1.7502438E-3,2.2222567E-4,0E0,0E0,0E0,0E0,0E0,0E0],"parents":[2147483647,0,0,1,1,2,2,5,5,6,6,7,7,8,8],"right_children":[2,4,6,-1,-1,8,10,12,14,-1,-1,-1,-1,-1,-1],"split_conditions":[3.012116E-1,2.0088401E-1,9.050686E-1,-7.9157256E-2,-2.1123504E-2,6.0265344E-1,1E0,4.0260455E-1,8.040649E-1,1.7904663E-2,7.6834105E-2,-8.229065E-3,-2.1781921E-3,1.5396118E-3,6.3110352E-3],"split_indices":[0,0,0,0,0,0,0,0,0,0,0,0,0,0,0],"split_type":[0,0,0,0,0,0,0,0,0,0,0,0,0,0,0],"sum_hessian":[9E0,2E0,7E0,1E0,1E0,5E0,2E0,3E0,2E0,1E0,1E0,1E0,2E0,1E0,1E0],"tree_param":{"num_deleted":"0","num_feature":"2","num_nodes":"15","size_leaf_vector":"1"}},{"base_weights":[-1.7346954E-2,-6.351115E-1,2.1648312E-1,-7.519951E-2,-2.0067215E-2,-1.1363983E-2,6.000163E-1,-5.433464E-2,4.971822E-2,1.7009735E-2,7.2992705E-2,-7.817459E-3,-2.0329794E-3,1.4625549E-3,5.995178E-3],"categories":[],"categories_nodes":[],"categories_segments":[],"categories_sizes":[],"default_left":[0,0,0,0,0,0,0,0,0,0,0,0,0,0,0],"id":74,"left_children":[1,3,5,-1,-1,7,9,11,13,-1,-1,-1,-1,-1,-1],"loss_changes":[1.5820101E0,1.4320612E-3,7.059139E-1,0E0,0E0,1.8449878E-2,4.3394685E-2,1.6534217E-3,2.0054122E-4,0E0,0E0,0E0,0E0,0E0,0E0],"parents":[2147483647,0,0,1,1,2,2,5,5,6,6,7,7,8,8],"right_children":[2,4,6,-1,-1,8,10,12,14,-1,-1,-1,-1,-1,-1],"split_conditions":[3.012116E-1,2.0088401E-1,9.050686E-1,-7.519951E-2,-2.0067215E-2,6.0265344E-1,1E0,4.0260455E-1,8.040649E-1,1.7009735E-2,7.2992705E-2,-7.817459E-3,-2.0329794E-3,1.4625549E-3,5.995178E-3],"split_indices":[0,0,0,0,0,0,0,0,0,0,0,0,0,0,0],"split_type":[0,0,0,0,0,0,0,0,0,0,0,0,0,0,0],"sum_hessian":[9E0,2E0,7E0,1E0,1E0,5E0,2E0,3E0,2E0,1E0,1E0,1E0,2E0,1E0,1E0],"tree_param":{"num_deleted":"0","num_feature":"2","num_nodes":"15","size_leaf_vector":"1"}},{"base_weights":[-1.6379546E-2,-6.033554E-1,2.0578384E-1,-7.143936E-2,-1.906395E-2,-1.0627747E-2,5.700124E-1,-5.13649E-2,4.7231037E-2,1.6159058E-2,6.934281E-2,-7.426453E-3,-1.8976846E-3,1.3893128E-3,5.695343E-3],"categories":[],"categories_nodes":[],"categories_segments":[],"categories_sizes":[],"default_left":[0,0,0,0,0,0,0,0,0,0,0,0,0,0,0],"id":75,"left_children":[1,3,5,-1,-1,7,9,11,13,-1,-1,-1,-1,-1,-1],"loss_changes":[1.4282062E0,1.2899637E-3,6.366442E-1,0E0,0E0,1.6568031E-2,3.9165497E-2,1.5573902E-3,1.811115E-4,0E0,0E0,0E0,0E0,0E0,0E0],"parents":[2147483647,0,0,1,1,2,2,5,5,6,6,7,7,8,8],"right_children":[2,4,6,-1,-1,8,10,12,14,-1,-1,-1,-1,-1,-1],"split_conditions":[3.012116E-1,2.0088401E-1,9.050686E-1,-7.143936E-2,-1.906395E-2,6.0265344E-1,1E0,4.0260455E-1,8.040649E-1,1.6159058E-2,6.934281E-2,-7.426453E-3,-1.8976846E-3,1.3893128E-3,5.695343E-3],"split_indices":[0,0,0,0,0,0,0,0,0,0,0,0,0,0,0],"split_type":[0,0,0,0,0,0,0,0,0,0,0,0,0,0,0],"sum_hessian":[9E0,2E0,7E0,1E0,1E0,5E0,2E0,3E0,2E0,1E0,1E0,1E0,2E0,1E0,1E0],"tree_param":{"num_deleted":"0","num_feature":"2","num_nodes":"15","size_leaf_vector":"1"}},{"base_weights":[-1.5464783E-2,-5.731862E-1,1.9561386E-1,-6.786728E-2,-1.8110657E-2,-9.938558E-3,5.415141E-1,-4.8561096E-2,4.4871014E-2,1.5351105E-2,6.587601E-2,-7.0552826E-3,-1.7712911E-3,1.3198853E-3,5.4107667E-3],"categories":[],"categories_nodes":[],"categories_segments":[],"categories_sizes":[],"default_left":[0,0,0,0,0,0,0,0,0,0,0,0,0,0,0],"id":76,"left_children":[1,3,5,-1,-1,7,9,11,13,-1,-1,-1,-1,-1,-1],"loss_changes":[1.2893541E0,1.1653304E-3,5.741869E-1,0E0,0E0,1.4880293E-2,3.5348415E-2,1.4639236E-3,1.6347552E-4,0E0,0E0,0E0,0E0,0E0,0E0],"parents":[2147483647,0,0,1,1,2,2,5,5,6,6,7,7,8,8],"right_children":[2,4,6,-1,-1,8,10,12,14,-1,-1,-1,-1,-1,-1],"split_conditions":[3.012116E-1,2.0088401E-1,9.050686E-1,-6.786728E-2,-1.8110657E-2,6.0265344E-1,1E0,4.0260455E-1,8.040649E-1,1.5351105E-2,6.587601E-2,-7.0552826E-3,-1.7712911E-3,1.3198853E-3,5.4107667E-3],"split_indices":[0,0,0,0,0,0,0,0,0,0,0,0,0,0,0],"split_type":[0,0,0,0,0,0,0,0,0,0,0,0,0,0,0],"sum_hessian":[9E0,2E0,7E0,1E0,1E0,5E0,2E0,3E0,2E0,1E0,1E0,1E0,2E0,1E0,1E0],"tree_param":{"num_deleted":"0","num_feature":"2","num_nodes":"15","size_leaf_vector":"1"}},{"base_weights":[-1.4601898E-2,-5.4452515E-1,1.8594456E-1,-6.4473726E-2,-1.7205048E-2,-9.293874E-3,5.144399E-1,-4.591179E-2,4.262797E-2,1.4583588E-2,6.2582396E-2,-6.702423E-3,-1.6532898E-3,1.2542725E-3,5.139923E-3],"categories":[],"categories_nodes":[],"categories_segments":[],"categories_sizes":[],"default_left":[0,0,0,0,0,0,0,0,0,0,0,0,0,0,0],"id":77,"left_children":[1,3,5,-1,-1,7,9,11,13,-1,-1,-1,-1,-1,-1],"loss_changes":[1.1639937E0,1.0520816E-3,5.1786053E-1,0E0,0E0,1.3364744E-2,3.1902254E-2,1.3729353E-3,1.4697015E-4,0E0,0E0,0E0,0E0,0E0,0E0],"parents":[2147483647,0,0,1,1,2,2,5,5,6,6,7,7,8,8],"right_children":[2,4,6,-1,-1,8,10,12,14,-1,-1,-1,-1,-1,-1],"split_conditions":[3.012116E-1,2.0088401E-1,9.050686E-1,-6.4473726E-2,-1.7205048E-2,6.0265344E-1,1E0,4.0260455E-1,8.040649E-1,1.4583588E-2,6.2582396E-2,-6.702423E-3,-1.6532898E-3,1.2542725E-3,5.139923E-3],"split_indices":[0,0,0,0,0,0,0,0,0,0,0,0,0,0,0],"split_type":[0,0,0,0,0,0,0,0,0,0,0,0,0,0,0],"sum_hessian":[9E0,2E0,7E0,1E0,1E0,5E0,2E0,3E0,2E0,1E0,1E0,1E0,2E0,1E0,1E0],"tree_param":{"num_deleted":"0","num_feature":"2","num_nodes":"15","size_leaf_vector":"1"}},{"base_weights":[-1.3789368E-2,-5.172984E-1,1.7675018E-1,-6.1249923E-2,-1.6344834E-2,-8.692424E-3,4.8871866E-1,-4.3411255E-2,4.0496826E-2,1.3854218E-2,5.9453584E-2,-6.367493E-3,-1.5431722E-3,1.1917114E-3,4.8828125E-3],"categories":[],"categories_nodes":[],"categories_segments":[],"categories_sizes":[],"default_left":[0,0,0,0,0,0,0,0,0,0,0,0,0,0,0],"id":78,"left_children":[1,3,5,-1,-1,7,9,11,13,-1,-1,-1,-1,-1,-1],"loss_changes":[1.0508164E0,9.485483E-4,4.670661E-1,0E0,0E0,1.2004778E-2,2.8795838E-2,1.2852577E-3,1.3242802E-4,0E0,0E0,0E0,0E0,0E0,0E0],"parents":[2147483647,0,0,1,1,2,2,5,5,6,6,7,7,8,8],"right_children":[2,4,6,-1,-1,8,10,12,14,-1,-1,-1,-1,-1,-1],"split_conditions":[3.012116E-1,2.0088401E-1,9.050686E-1,-6.1249923E-2,-1.6344834E-2,6.0265344E-1,1E0,4.0260455E-1,8.040649E-1,1.3854218E-2,5.9453584E-2,-6.367493E-3,-1.5431722E-3,1.1917114E-3,4.8828125E-3],"split_indices":[0,0,0,0,0,0,0,0,0,0,0,0,0,0,0],"split_type":[0,0,0,0,0,0,0,0,0,0,0,0,0,0,0],"sum_hessian":[9E0,2E0,7E0,1E0,1E0,5E0,2E0,3E0,2E0,1E0,1E0,1E0,2E0,1E0,1E0],"tree_param":{"num_deleted":"0","num_feature":"2","num_nodes":"15","size_leaf_vector":"1"}},{"base_weights":[-1.3022614E-2,-4.9143472E-1,1.6800976E-1,-5.8187485E-2,-1.5527725E-2,-8.12912E-3,4.6428427E-1,-4.104805E-2,3.8472492E-2,1.3161468E-2,5.648117E-2,-6.0489657E-3,-1.4404297E-3,1.1322022E-3,4.638672E-3],"categories":[],"categories_nodes":[],"categories_segments":[],"categories_sizes":[],"default_left":[0,0,0,0,0,0,0,0,0,0,0,0,0,0,0],"id":79,"left_children":[1,3,5,-1,-1,7,9,11,13,-1,-1,-1,-1,-1,-1],"loss_changes":[9.486466E-1,8.544922E-4,4.212579E-1,0E0,0E0,1.0783672E-2,2.5989711E-2,1.2006783E-3,1.1943327E-4,0E0,0E0,0E0,0E0,0E0,0E0],"parents":[2147483647,0,0,1,1,2,2,5,5,6,6,7,7,8,8],"right_children":[2,4,6,-1,-1,8,10,12,14,-1,-1,-1,-1,-1,-1],"split_conditions":[3.012116E-1,2.0088401E-1,9.050686E-1,-5.8187485E-2,-1.5527725E-2,6.0265344E-1,1E0,4.0260455E-1,8.040649E-1,1.3161468E-2,5.648117E-2,-6.0489657E-3,-1.4404297E-3,1.1322022E-3,4.638672E-3],"split_indices":[0,0,0,0,0,0,0,0,0,0,0,0,0,0,0],"split_type":[0,0,0,0,0,0,0,0,0,0,0,0,0,0,0],"sum_hessian":[9E0,2E0,7E0,1E0,1E0,5E0,2E0,3E0,2E0,1E0,1E0,1E0,2E0,1E0,1E0],"tree_param":{"num_deleted":"0","num_feature":"2","num_nodes":"15","size_leaf_vector":"1"}},{"base_weights":[-1.2300873E-2,-4.66863E-1,1.5969753E-1,-5.5278014E-2,-1.4751434E-2,-7.6026917E-3,4.4106546E-1,-3.8816452E-2,3.6549885E-2,1.2503052E-2,5.3656768E-2,-5.74646E-3,-1.3445537E-3,1.0757446E-3,4.4067386E-3],"categories":[],"categories_nodes":[],"categories_segments":[],"categories_sizes":[],"default_left":[0,0,0,0,0,0,0,0,0,0,0,0,0,0,0],"id":80,"left_children":[1,3,5,-1,-1,7,9,11,13,-1,-1,-1,-1,-1,-1],"loss_changes":[8.5639644E-1,7.696152E-4,3.7993664E-1,0E0,0E0,9.687744E-3,2.3458779E-2,1.11984E-3,1.0763109E-4,0E0,0E0,0E0,0E0,0E0,0E0],"parents":[2147483647,0,0,1,1,2,2,5,5,6,6,7,7,8,8],"right_children":[2,4,6,-1,-1,8,10,12,14,-1,-1,-1,-1,-1,-1],"split_conditions":[3.012116E-1,2.0088401E-1,9.050686E-1,-5.5278014E-2,-1.4751434E-2,6.0265344E-1,1E0,4.0260455E-1,8.040649E-1,1.2503052E-2,5.3656768E-2,-5.74646E-3,-1.3445537E-3,1.0757446E-3,4.4067386E-3],"split_indices":[0,0,0,0,0,0,0,0,0,0,0,0,0,0,0],"split_type":[0,0,0,0,0,0,0,0,0,0,0,0,0,0,0],"sum_hessian":[9E0,2E0,7E0,1E0,1E0,5E0,2E0,3E0,2E0,1E0,1E0,1E0,2E0,1E0,1E0],"tree_param":{"num_deleted":"0","num_feature":"2","num_nodes":"15","size_leaf_vector":"1"}},{"base_weights":[-1.1617279E-2,-4.435196E-1,1.5179825E-1,-5.2514266E-2,-1.4013672E-2,-7.1105957E-3,4.190165E-1,-3.670883E-2,3.472392E-2,1.18782045E-2,5.0974276E-2,-5.459213E-3,-1.2550354E-3,1.0223389E-3,4.186249E-3],"categories":[],"categories_nodes":[],"categories_segments":[],"categories_sizes":[],"default_left":[0,0,0,0,0,0,0,0,0,0,0,0,0,0,0],"id":81,"left_children":[1,3,5,-1,-1,7,9,11,13,-1,-1,-1,-1,-1,-1],"loss_changes":[7.7312094E-1,6.9737434E-4,3.4268624E-1,0E0,0E0,8.704041E-3,2.1169126E-2,1.0429826E-3,9.671971E-5,0E0,0E0,0E0,0E0,0E0,0E0],"parents":[2147483647,0,0,1,1,2,2,5,5,6,6,7,7,8,8],"right_children":[2,4,6,-1,-1,8,10,12,14,-1,-1,-1,-1,-1,-1],"split_conditions":[3.012116E-1,2.0088401E-1,9.050686E-1,-5.2514266E-2,-1.4013672E-2,6.0265344E-1,1E0,4.0260455E-1,8.040649E-1,1.18782045E-2,5.0974276E-2,-5.459213E-3,-1.2550354E-3,1.0223389E-3,4.186249E-3],"split_indices":[0,0,0,0,0,0,0,0,0,0,0,0,0,0,0],"split_type":[0,0,0,0,0,0,0,0,0,0,0,0,0,0,0],"sum_hessian":[9E0,2E0,7E0,1E0,1E0,5E0,2E0,3E0,2E0,1E0,1E0,1E0,2E0,1E0,1E0],"tree_param":{"num_deleted":"0","num_feature":"2","num_nodes":"15","size_leaf_vector":"1"}},{"base_weights":[-1.0972595E-2,-4.2134348E-1,1.4428806E-1,-4.988861E-2,-1.3312913E-2,-6.6490173E-3,3.980662E-1,-3.4715652E-2,3.2989502E-2,1.1284637E-2,4.8425294E-2,-5.186081E-3,-1.1713664E-3,9.7122195E-4,3.9772033E-3],"categories":[],"categories_nodes":[],"categories_segments":[],"categories_sizes":[],"default_left":[0,0,0,0,0,0,0,0,0,0,0,0,0,0,0],"id":82,"left_children":[1,3,5,-1,-1,7,9,11,13,-1,-1,-1,-1,-1,-1],"loss_changes":[6.979394E-1,6.304383E-4,3.0908298E-1,0E0,0E0,7.820372E-3,1.9100338E-2,9.7001065E-4,8.736178E-5,0E0,0E0,0E0,0E0,0E0,0E0],"parents":[2147483647,0,0,1,1,2,2,5,5,6,6,7,7,8,8],"right_children":[2,4,6,-1,-1,8,10,12,14,-1,-1,-1,-1,-1,-1],"split_conditions":[3.012116E-1,2.0088401E-1,9.050686E-1,-4.988861E-2,-1.3312913E-2,6.0265344E-1,1E0,4.0260455E-1,8.040649E-1,1.1284637E-2,4.8425294E-2,-5.186081E-3,-1.1713664E-3,9.7122195E-4,3.9772033E-3],"split_indices":[0,0,0,0,0,0,0,0,0,0,0,0,0,0,0],"split_type":[0,0,0,0,0,0,0,0,0,0,0,0,0,0,0],"sum_hessian":[9E0,2E0,7E0,1E0,1E0,5E0,2E0,3E0,2E0,1E0,1E0,1E0,2E0,1E0,1E0],"tree_param":{"num_deleted":"0","num_feature":"2","num_nodes":"15","size_leaf_vector":"1"}},{"base_weights":[-1.0366822E-2,-4.0027618E-1,1.3714504E-1,-4.7394183E-2,-1.2647248E-2,-6.2192283E-3,3.7815857E-1,-3.2831192E-2,3.1336468E-2,1.0720062E-2,4.6003725E-2,-4.9266815E-3,-1.0930379E-3,9.223938E-4,3.7780763E-3],"categories":[],"categories_nodes":[],"categories_segments":[],"categories_sizes":[],"default_left":[0,0,0,0,0,0,0,0,0,0,0,0,0,0,0],"id":83,"left_children":[1,3,5,-1,-1,7,9,11,13,-1,-1,-1,-1,-1,-1],"loss_changes":[6.3005847E-1,5.6916475E-4,2.7877367E-1,0E0,0E0,7.0253983E-3,1.7240733E-2,9.013093E-4,7.9011545E-5,0E0,0E0,0E0,0E0,0E0,0E0],"parents":[2147483647,0,0,1,1,2,2,5,5,6,6,7,7,8,8],"right_children":[2,4,6,-1,-1,8,10,12,14,-1,-1,-1,-1,-1,-1],"split_conditions":[3.012116E-1,2.0088401E-1,9.050686E-1,-4.7394183E-2,-1.2647248E-2,6.0265344E-1,1E0,4.0260455E-1,8.040649E-1,1.0720062E-2,4.6003725E-2,-4.9266815E-3,-1.0930379E-3,9.223938E-4,3.7780763E-3],"split_indices":[0,0,0,0,0,0,0,0,0,0,0,0,0,0,0],"split_type":[0,0,0,0,0,0,0,0,0,0,0,0,0,0,0],"sum_hessian":[9E0,2E0,7E0,1E0,1E0,5E0,2E0,3E0,2E0,1E0,1E0,1E0,2E0,1E0,1E0],"tree_param":{"num_deleted":"0","num_feature":"2","num_nodes":"15","size_leaf_vector":"1"}},{"base_weights":[-9.793853E-3,-3.8026175E-1,1.3035583E-1,-4.502449E-2,-1.2014771E-2,-5.8161416E-3,3.5924783E-1,-3.1051636E-2,2.9769897E-2,1.0183716E-2,4.3703463E-2,-4.680252E-3,-1.02005E-3,8.7661744E-4,3.5888671E-3],"categories":[],"categories_nodes":[],"categories_segments":[],"categories_sizes":[],"default_left":[0,0,0,0,0,0,0,0,0,0,0,0,0,0,0],"id":84,"left_children":[1,3,5,-1,-1,7,9,11,13,-1,-1,-1,-1,-1,-1],"loss_changes":[5.6877893E-1,5.149245E-4,2.5143883E-1,0E0,0E0,6.312592E-3,1.5563101E-2,8.362862E-4,7.094466E-5,0E0,0E0,0E0,0E0,0E0,0E0],"parents":[2147483647,0,0,1,1,2,2,5,5,6,6,7,7,8,8],"right_children":[2,4,6,-1,-1,8,10,12,14,-1,-1,-1,-1,-1,-1],"split_conditions":[3.012116E-1,2.0088401E-1,9.050686E-1,-4.502449E-2,-1.2014771E-2,6.0265344E-1,1E0,4.0260455E-1,8.040649E-1,1.0183716E-2,4.3703463E-2,-4.680252E-3,-1.02005E-3,8.7661744E-4,3.5888671E-3],"split_indices":[0,0,0,0,0,0,0,0,0,0,0,0,0,0,0],"split_type":[0,0,0,0,0,0,0,0,0,0,0,0,0,0,0],"sum_hessian":[9E0,2E0,7E0,1E0,1E0,5E0,2E0,3E0,2E0,1E0,1E0,1E0,2E0,1E0,1E0],"tree_param":{"num_deleted":"0","num_feature":"2","num_nodes":"15","size_leaf_vector":"1"}},{"base_weights":[-9.251404E-3,-3.612493E-1,1.2390423E-1,-4.2773437E-2,-1.1413956E-2,-5.4384866E-3,3.4128824E-1,-2.9371262E-2,2.8284708E-2,9.674835E-3,4.15184E-2,-4.446411E-3,-9.518941E-4,8.331299E-4,3.4095764E-3],"categories":[],"categories_nodes":[],"categories_segments":[],"categories_sizes":[],"default_left":[0,0,0,0,0,0,0,0,0,0,0,0,0,0,0],"id":85,"left_children":[1,3,5,-1,-1,7,9,11,13,-1,-1,-1,-1,-1,-1],"loss_changes":[5.1346534E-1,4.659295E-4,2.2679245E-1,0E0,0E0,5.673296E-3,1.40429735E-2,7.752611E-4,6.378908E-5,0E0,0E0,0E0,0E0,0E0,0E0],"parents":[2147483647,0,0,1,1,2,2,5,5,6,6,7,7,8,8],"right_children":[2,4,6,-1,-1,8,10,12,14,-1,-1,-1,-1,-1,-1],"split_conditions":[3.012116E-1,2.0088401E-1,9.050686E-1,-4.2773437E-2,-1.1413956E-2,6.0265344E-1,1E0,4.0260455E-1,8.040649E-1,9.674835E-3,4.15184E-2,-4.446411E-3,-9.518941E-4,8.331299E-4,3.4095764E-3],"split_indices":[0,0,0,0,0,0,0,0,0,0,0,0,0,0,0],"split_type":[0,0,0,0,0,0,0,0,0,0,0,0,0,0,0],"sum_hessian":[9E0,2E0,7E0,1E0,1E0,5E0,2E0,3E0,2E0,1E0,1E0,1E0,2E0,1E0,1E0],"tree_param":{"num_deleted":"0","num_feature":"2","num_nodes":"15","size_leaf_vector":"1"}},{"base_weights":[-8.741761E-3,-3.4318796E-1,1.1776829E-1,-4.063492E-2,-1.0843277E-2,-5.0875344E-3,3.2422385E-1,-2.7784348E-2,2.6870728E-2,9.191132E-3,3.9442446E-2,-4.2240145E-3,-8.885701E-3,7.9116825E-4,3.239441E-3,-1.0810852E-3,-2.5177002E-4],"categories":[],"categories_nodes":[],"categories_segments":[],"categories_sizes":[],"default_left":[0,0,0,0,0,0,0,0,0,0,0,0,0,0,0,0,0],"id":86,"left_children":[1,3,5,-1,-1,7,9,11,13,-1,-1,-1,15,-1,-1,-1,-1],"loss_changes":[4.635247E-1,4.2071939E-4,2.0456363E-1,0E0,0E0,5.09869E-3,1.2673378E-2,7.1744644E-4,5.787681E-5,0E0,0E0,0E0,9.559604E-6,0E0,0E0,0E0,0E0],"parents":[2147483647,0,0,1,1,2,2,5,5,6,6,7,7,8,8,12,12],"right_children":[2,4,6,-1,-1,8,10,12,14,-1,-1,-1,16,-1,-1,-1,-1],"split_conditions":[3.012116E-1,2.0088401E-1,9.050686E-1,-4.063492E-2,-1.0843277E-2,6.0265344E-1,1E0,4.0260455E-1,8.040649E-1,9.191132E-3,3.9442446E-2,-4.2240145E-3,5.0117266E-1,7.9116825E-4,3.239441E-3,-1.0810852E-3,-2.5177002E-4],"split_indices":[0,0,0,0,0,0,0,0,0,0,0,0,0,0,0,0,0],"split_type":[0,0,0,0,0,0,0,0,0,0,0,0,0,0,0,0,0],"sum_hessian":[9E0,2E0,7E0,1E0,1E0,5E0,2E0,3E0,2E0,1E0,1E0,1E0,2E0,1E0,1E0,1E0,1E0],"tree_param":{"num_deleted":"0","num_feature":"2","num_nodes":"17","size_leaf_vector":"1"}},{"base_weights":[-8.304596E-3,-3.2602945E-1,1.118803E-1,-3.8603213E-2,-1.0301209E-2,-4.8332214E-3,3.0801392E-1,-2.6395798E-2,2.5527954E-2,8.731842E-3,3.7470248E-2,-4.01268E-3,-8.443196E-3,7.5149536E-4,3.0776977E-3,-1.0269166E-3,-2.3956299E-4],"categories":[],"categories_nodes":[],"categories_segments":[],"categories_sizes":[],"default_left":[0,0,0,0,0,0,0,0,0,0,0,0,0,0,0,0,0],"id":87,"left_children":[1,3,5,-1,-1,7,9,11,13,-1,-1,-1,15,-1,-1,-1,-1],"loss_changes":[4.183336E-1,3.7893653E-4,1.8462026E-1,0E0,0E0,4.6018213E-3,1.1435151E-2,6.472303E-4,5.236431E-5,0E0,0E0,0E0,8.526884E-6,0E0,0E0,0E0,0E0],"parents":[2147483647,0,0,1,1,2,2,5,5,6,6,7,7,8,8,12,12],"right_children":[2,4,6,-1,-1,8,10,12,14,-1,-1,-1,16,-1,-1,-1,-1],"split_conditions":[3.012116E-1,2.0088401E-1,9.050686E-1,-3.8603213E-2,-1.0301209E-2,6.0265344E-1,1E0,4.0260455E-1,8.040649E-1,8.731842E-3,3.7470248E-2,-4.01268E-3,5.0117266E-1,7.5149536E-4,3.0776977E-3,-1.0269166E-3,-2.3956299E-4],"split_indices":[0,0,0,0,0,0,0,0,0,0,0,0,0,0,0,0,0],"split_type":[0,0,0,0,0,0,0,0,0,0,0,0,0,0,0,0,0],"sum_hessian":[9E0,2E0,7E0,1E0,1E0,5E0,2E0,3E0,2E0,1E0,1E0,1E0,2E0,1E0,1E0,1E0,1E0],"tree_param":{"num_deleted":"0","num_feature":"2","num_nodes":"17","size_leaf_vector":"1"}},{"base_weights":[-7.888794E-3,-3.09728E-1,1.06287E-1,-3.6672976E-2,-9.786225E-3,-4.5903525E-3,2.926127E-1,-2.5074005E-2,2.4251303E-2,8.295441E-3,3.5596468E-2,-3.812027E-3,-8.018494E-3,7.141113E-4,2.923584E-3,-9.754181E-4,-2.2735597E-4],"categories":[],"categories_nodes":[],"categories_segments":[],"categories_sizes":[],"default_left":[0,0,0,0,0,0,0,0,0,0,0,0,0,0,0,0,0],"id":88,"left_children":[1,3,5,-1,-1,7,9,11,13,-1,-1,-1,15,-1,-1,-1,-1],"loss_changes":[3.7754735E-1,3.41177E-4,1.666176E-1,0E0,0E0,4.152772E-3,1.0317951E-2,5.843758E-4,4.7082664E-5,0E0,0E0,0E0,7.737515E-6,0E0,0E0,0E0,0E0],"parents":[2147483647,0,0,1,1,2,2,5,5,6,6,7,7,8,8,12,12],"right_children":[2,4,6,-1,-1,8,10,12,14,-1,-1,-1,16,-1,-1,-1,-1],"split_conditions":[3.012116E-1,2.0088401E-1,9.050686E-1,-3.6672976E-2,-9.786225E-3,6.0265344E-1,1E0,4.0260455E-1,8.040649E-1,8.295441E-3,3.5596468E-2,-3.812027E-3,5.0117266E-1,7.141113E-4,2.923584E-3,-9.754181E-4,-2.2735597E-4],"split_indices":[0,0,0,0,0,0,0,0,0,0,0,0,0,0,0,0,0],"split_type":[0,0,0,0,0,0,0,0,0,0,0,0,0,0,0,0,0],"sum_hessian":[9E0,2E0,7E0,1E0,1E0,5E0,2E0,3E0,2E0,1E0,1E0,1E0,2E0,1E0,1E0,1E0,1E0],"tree_param":{"num_deleted":"0","num_feature":"2","num_nodes":"17","size_leaf_vector":"1"}},{"base_weights":[-7.4951174E-3,-2.9424033E-1,1.0097122E-1,-3.483925E-2,-9.296799E-3,-4.3614707E-3,2.7797952E-1,-2.381897E-2,2.3035685E-2,7.880402E-3,3.3816528E-2,-3.621292E-3,-7.6166787E-3,6.782532E-4,2.7770996E-3,-9.2659E-4,-2.1591187E-4],"categories":[],"categories_nodes":[],"categories_segments":[],"categories_sizes":[],"default_left":[0,0,0,0,0,0,0,0,0,0,0,0,0,0,0,0,0],"id":89,"left_children":[1,3,5,-1,-1,7,9,11,13,-1,-1,-1,15,-1,-1,-1,-1],"loss_changes":[3.4073183E-1,3.0866265E-4,1.5037048E-1,0E0,0E0,3.747167E-3,9.313807E-3,5.274194E-4,4.253362E-5,0E0,0E0,0E0,6.9959933E-6,0E0,0E0,0E0,0E0],"parents":[2147483647,0,0,1,1,2,2,5,5,6,6,7,7,8,8,12,12],"right_children":[2,4,6,-1,-1,8,10,12,14,-1,-1,-1,16,-1,-1,-1,-1],"split_conditions":[3.012116E-1,2.0088401E-1,9.050686E-1,-3.483925E-2,-9.296799E-3,6.0265344E-1,1E0,4.0260455E-1,8.040649E-1,7.880402E-3,3.3816528E-2,-3.621292E-3,5.0117266E-1,6.782532E-4,2.7770996E-3,-9.2659E-4,-2.1591187E-4],"split_indices":[0,0,0,0,0,0,0,0,0,0,0,0,0,0,0,0,0],"split_type":[0,0,0,0,0,0,0,0,0,0,0,0,0,0,0,0,0],"sum_hessian":[9E0,2E0,7E0,1E0,1E0,5E0,2E0,3E0,2E0,1E0,1E0,1E0,2E0,1E0,1E0,1E0,1E0],"tree_param":{"num_deleted":"0","num_feature":"2","num_nodes":"17","size_leaf_vector":"1"}},{"base_weights":[-7.118988E-3,-2.795283E-1,9.592438E-2,-3.3097457E-2,-8.831787E-3,-4.142761E-3,2.6408386E-1,-2.2628784E-2,2.188619E-2,7.4867248E-3,3.2125857E-2,-3.440094E-3,-7.2377524E-3,6.4468384E-4,2.6382448E-3,-8.8043214E-4,-2.0523071E-4],"categories":[],"categories_nodes":[],"categories_segments":[],"categories_sizes":[],"default_left":[0,0,0,0,0,0,0,0,0,0,0,0,0,0,0,0,0],"id":90,"left_children":[1,3,5,-1,-1,7,9,11,13,-1,-1,-1,15,-1,-1,-1,-1],"loss_changes":[3.0751333E-1,2.8021634E-4,1.3571197E-1,0E0,0E0,3.3822884E-3,8.403435E-3,4.7575682E-4,3.8174563E-5,0E0,0E0,0E0,6.3009065E-6,0E0,0E0,0E0,0E0],"parents":[2147483647,0,0,1,1,2,2,5,5,6,6,7,7,8,8,12,12],"right_children":[2,4,6,-1,-1,8,10,12,14,-1,-1,-1,16,-1,-1,-1,-1],"split_conditions":[3.012116E-1,2.0088401E-1,9.050686E-1,-3.3097457E-2,-8.831787E-3,6.0265344E-1,1E0,4.0260455E-1,8.040649E-1,7.4867248E-3,3.2125857E-2,-3.440094E-3,5.0117266E-1,6.4468384E-4,2.6382448E-3,-8.8043214E-4,-2.0523071E-4],"split_indices":[0,0,0,0,0,0,0,0,0,0,0,0,0,0,0,0,0],"split_type":[0,0,0,0,0,0,0,0,0,0,0,0,0,0,0,0,0],"sum_hessian":[9E0,2E0,7E0,1E0,1E0,5E0,2E0,3E0,2E0,1E0,1E0,1E0,2E0,1E0,1E0,1E0,1E0],"tree_param":{"num_deleted":"0","num_feature":"2","num_nodes":"17","size_leaf_vector":"1"}},{"base_weights":[-6.7634583E-3,-2.6555124E-1,9.1127396E-2,-3.1442642E-2,-8.390046E-3,-3.9367676E-3,2.508799E-1,-2.1499634E-2,2.0792643E-2,7.1121217E-3,3.0519867E-2,-3.2680512E-3,-6.879171E-3,6.126404E-4,2.506256E-3,-8.365631E-4,-1.953125E-4],"categories":[],"categories_nodes":[],"categories_segments":[],"categories_sizes":[],"default_left":[0,0,0,0,0,0,0,0,0,0,0,0,0,0,0,0,0],"id":91,"left_children":[1,3,5,-1,-1,7,9,11,13,-1,-1,-1,15,-1,-1,-1,-1],"loss_changes":[2.7752858E-1,2.541244E-4,1.2248158E-1,0E0,0E0,3.0529504E-3,7.5867027E-3,4.2906357E-4,3.4327502E-5,0E0,0E0,0E0,5.627997E-6,0E0,0E0,0E0,0E0],"parents":[2147483647,0,0,1,1,2,2,5,5,6,6,7,7,8,8,12,12],"right_children":[2,4,6,-1,-1,8,10,12,14,-1,-1,-1,16,-1,-1,-1,-1],"split_conditions":[3.012116E-1,2.0088401E-1,9.050686E-1,-3.1442642E-2,-8.390046E-3,6.0265344E-1,1E0,4.0260455E-1,8.040649E-1,7.1121217E-3,3.0519867E-2,-3.2680512E-3,5.0117266E-1,6.126404E-4,2.506256E-3,-8.365631E-4,-1.953125E-4],"split_indices":[0,0,0,0,0,0,0,0,0,0,0,0,0,0,0,0,0],"split_type":[0,0,0,0,0,0,0,0,0,0,0,0,0,0,0,0,0],"sum_hessian":[9E0,2E0,7E0,1E0,1E0,5E0,2E0,3E0,2E0,1E0,1E0,1E0,2E0,1E0,1E0,1E0,1E0],"tree_param":{"num_deleted":"0","num_feature":"2","num_nodes":"17","size_leaf_vector":"1"}},{"base_weights":[-6.42395E-3,-2.5227356E-1,8.657265E-2,-2.9870605E-2,-7.970429E-3,-3.7384033E-3,2.383372E-1,-2.042389E-2,1.9755045E-2,6.756592E-3,2.8993988E-2,-3.1047822E-3,-6.5333047E-3,5.821228E-4,2.381134E-3,-7.9460145E-4,-1.853943E-4],"categories":[],"categories_nodes":[],"categories_segments":[],"categories_sizes":[],"default_left":[0,0,0,0,0,0,0,0,0,0,0,0,0,0,0,0,0],"id":92,"left_children":[1,3,5,-1,-1,7,9,11,13,-1,-1,-1,15,-1,-1,-1,-1],"loss_changes":[2.5047177E-1,2.3031235E-4,1.10539116E-1,0E0,0E0,2.7554724E-3,6.846726E-3,3.8744556E-4,3.0947733E-5,0E0,0E0,0E0,5.100286E-6,0E0,0E0,0E0,0E0],"parents":[2147483647,0,0,1,1,2,2,5,5,6,6,7,7,8,8,12,12],"right_children":[2,4,6,-1,-1,8,10,12,14,-1,-1,-1,16,-1,-1,-1,-1],"split_conditions":[3.012116E-1,2.0088401E-1,9.050686E-1,-2.9870605E-2,-7.970429E-3,6.0265344E-1,1E0,4.0260455E-1,8.040649E-1,6.756592E-3,2.8993988E-2,-3.1047822E-3,5.0117266E-1,5.821228E-4,2.381134E-3,-7.9460145E-4,-1.853943E-4],"split_indices":[0,0,0,0,0,0,0,0,0,0,0,0,0,0,0,0,0],"split_type":[0,0,0,0,0,0,0,0,0,0,0,0,0,0,0,0,0],"sum_hessian":[9E0,2E0,7E0,1E0,1E0,5E0,2E0,3E0,2E0,1E0,1E0,1E0,2E0,1E0,1E0,1E0,1E0],"tree_param":{"num_deleted":"0","num_feature":"2","num_nodes":"17","size_leaf_vector":"1"}},{"base_weights":[-6.102753E-3,-2.3965962E-1,8.224392E-2,-2.8377151E-2,-7.5717927E-3,-3.5514832E-3,2.2642009E-1,-1.9403458E-2,1.876831E-2,6.4186095E-3,2.7544403E-2,-2.949524E-3,-6.207784E-3,5.531311E-4,2.2621155E-3,-7.549286E-4,-1.7623902E-4],"categories":[],"categories_nodes":[],"categories_segments":[],"categories_sizes":[],"default_left":[0,0,0,0,0,0,0,0,0,0,0,0,0,0,0,0,0],"id":93,"left_children":[1,3,5,-1,-1,7,9,11,13,-1,-1,-1,15,-1,-1,-1,-1],"loss_changes":[2.2605027E-1,2.0873547E-4,9.976135E-2,0E0,0E0,2.4870469E-3,6.180376E-3,3.4957135E-4,2.7875649E-5,0E0,0E0,0E0,4.585723E-6,0E0,0E0,0E0,0E0],"parents":[2147483647,0,0,1,1,2,2,5,5,6,6,7,7,8,8,12,12],"right_children":[2,4,6,-1,-1,8,10,12,14,-1,-1,-1,16,-1,-1,-1,-1],"split_conditions":[3.012116E-1,2.0088401E-1,9.050686E-1,-2.8377151E-2,-7.5717927E-3,6.0265344E-1,1E0,4.0260455E-1,8.040649E-1,6.4186095E-3,2.7544403E-2,-2.949524E-3,5.0117266E-1,5.531311E-4,2.2621155E-3,-7.549286E-4,-1.7623902E-4],"split_indices":[0,0,0,0,0,0,0,0,0,0,0,0,0,0,0,0,0],"split_type":[0,0,0,0,0,0,0,0,0,0,0,0,0,0,0,0,0],"sum_hessian":[9E0,2E0,7E0,1E0,1E0,5E0,2E0,3E0,2E0,1E0,1E0,1E0,2E0,1E0,1E0,1E0,1E0],"tree_param":{"num_deleted":"0","num_feature":"2","num_nodes":"17","size_leaf_vector":"1"}},{"base_weights":[-5.796814E-3,-2.2767894E-1,7.813358E-2,-2.6958466E-2,-7.193375E-3,-3.370921E-3,2.1509807E-1,-1.843071E-2,1.7832438E-2,6.097412E-3,2.6167298E-2,-2.8018951E-3,-5.894979E-3,5.256653E-4,2.1492005E-3,-7.171631E-4,-1.6708374E-4],"categories":[],"categories_nodes":[],"categories_segments":[],"categories_sizes":[],"default_left":[0,0,0,0,0,0,0,0,0,0,0,0,0,0,0,0,0],"id":94,"left_children":[1,3,5,-1,-1,7,9,11,13,-1,-1,-1,15,-1,-1,-1,-1],"loss_changes":[2.0401591E-1,1.8760562E-4,9.003085E-2,0E0,0E0,2.244573E-3,5.5796355E-3,3.1561137E-4,2.5089772E-5,0E0,0E0,0E0,4.1956446E-6,0E0,0E0,0E0,0E0],"parents":[2147483647,0,0,1,1,2,2,5,5,6,6,7,7,8,8,12,12],"right_children":[2,4,6,-1,-1,8,10,12,14,-1,-1,-1,16,-1,-1,-1,-1],"split_conditions":[3.012116E-1,2.0088401E-1,9.050686E-1,-2.6958466E-2,-7.193375E-3,6.0265344E-1,1E0,4.0260455E-1,8.040649E-1,6.097412E-3,2.6167298E-2,-2.8018951E-3,5.0117266E-1,5.256653E-4,2.1492005E-3,-7.171631E-4,-1.6708374E-4],"split_indices":[0,0,0,0,0,0,0,0,0,0,0,0,0,0,0,0,0],"split_type":[0,0,0,0,0,0,0,0,0,0,0,0,0,0,0,0,0],"sum_hessian":[9E0,2E0,7E0,1E0,1E0,5E0,2E0,3E0,2E0,1E0,1E0,1E0,2E0,1E0,1E0,1E0,1E0],"tree_param":{"num_deleted":"0","num_feature":"2","num_nodes":"17","size_leaf_vector":"1"}},{"base_weights":[-5.506897E-3,-2.1629333E-1,7.422638E-2,-2.5610352E-2,-6.833649E-3,-3.2018025E-3,2.0434062E-1,-1.750946E-2,1.6942343E-2,5.7922364E-3,2.4858857E-2,-2.6618957E-3,-5.5999756E-3,4.9972534E-4,2.041626E-3,-6.8130495E-4,-1.5869141E-4],"categories":[],"categories_nodes":[],"categories_segments":[],"categories_sizes":[],"default_left":[0,0,0,0,0,0,0,0,0,0,0,0,0,0,0,0,0],"id":95,"left_children":[1,3,5,-1,-1,7,9,11,13,-1,-1,-1,15,-1,-1,-1,-1],"loss_changes":[1.8412161E-1,1.693517E-4,8.1250325E-2,0E0,0E0,2.0259444E-3,5.037293E-3,2.8489216E-4,2.2463559E-5,0E0,0E0,0E0,3.7926948E-6,0E0,0E0,0E0,0E0],"parents":[2147483647,0,0,1,1,2,2,5,5,6,6,7,7,8,8,12,12],"right_children":[2,4,6,-1,-1,8,10,12,14,-1,-1,-1,16,-1,-1,-1,-1],"split_conditions":[3.012116E-1,2.0088401E-1,9.050686E-1,-2.5610352E-2,-6.833649E-3,6.0265344E-1,1E0,4.0260455E-1,8.040649E-1,5.7922364E-3,2.4858857E-2,-2.6618957E-3,5.0117266E-1,4.9972534E-4,2.041626E-3,-6.8130495E-4,-1.5869141E-4],"split_indices":[0,0,0,0,0,0,0,0,0,0,0,0,0,0,0,0,0],"split_type":[0,0,0,0,0,0,0,0,0,0,0,0,0,0,0,0,0],"sum_hessian":[9E0,2E0,7E0,1E0,1E0,5E0,2E0,3E0,2E0,1E0,1E0,1E0,2E0,1E0,1E0,1E0,1E0],"tree_param":{"num_deleted":"0","num_feature":"2","num_nodes":"17","size_leaf_vector":"1"}},{"base_weights":[-5.233002E-3,-2.054774E-1,7.051277E-2,-2.4329757E-2,-6.491852E-3,-3.0441284E-3,1.9412231E-1,-1.6635895E-2,1.6092936E-2,5.5023194E-3,2.3616029E-2,-2.528763E-3,-5.3227744E-3,4.7454835E-4,1.9393921E-3,-6.473541E-4,-1.5106202E-4],"categories":[],"categories_nodes":[],"categories_segments":[],"categories_sizes":[],"default_left":[0,0,0,0,0,0,0,0,0,0,0,0,0,0,0,0,0],"id":96,"left_children":[1,3,5,-1,-1,7,9,11,13,-1,-1,-1,15,-1,-1,-1,-1],"loss_changes":[1.6616546E-1,1.5337765E-4,7.332962E-2,0E0,0E0,1.8283593E-3,4.5480356E-3,2.5691208E-4,2.0339794E-5,0E0,0E0,0E0,3.3816395E-6,0E0,0E0,0E0,0E0],"parents":[2147483647,0,0,1,1,2,2,5,5,6,6,7,7,8,8,12,12],"right_children":[2,4,6,-1,-1,8,10,12,14,-1,-1,-1,16,-1,-1,-1,-1],"split_conditions":[3.012116E-1,2.0088401E-1,9.050686E-1,-2.4329757E-2,-6.491852E-3,6.0265344E-1,1E0,4.0260455E-1,8.040649E-1,5.5023194E-3,2.3616029E-2,-2.528763E-3,5.0117266E-1,4.7454835E-4,1.9393921E-3,-6.473541E-4,-1.5106202E-4],"split_indices":[0,0,0,0,0,0,0,0,0,0,0,0,0,0,0,0,0],"split_type":[0,0,0,0,0,0,0,0,0,0,0,0,0,0,0,0,0],"sum_hessian":[9E0,2E0,7E0,1E0,1E0,5E0,2E0,3E0,2E0,1E0,1E0,1E0,2E0,1E0,1E0,1E0,1E0],"tree_param":{"num_deleted":"0","num_feature":"2","num_nodes":"17","size_leaf_vector":"1"}},{"base_weights":[-4.9720765E-3,-1.9520314E-1,6.6986084E-2,-2.311325E-2,-6.1672213E-3,-2.8915405E-3,1.8441264E-1,-1.580429E-2,1.5289307E-2,5.2268985E-3,2.2434998E-2,-2.4024963E-3,-5.0557456E-3,4.5089723E-4,1.8424988E-3,-6.149292E-4,-1.4343263E-4],"categories":[],"categories_nodes":[],"categories_segments":[],"categories_sizes":[],"default_left":[0,0,0,0,0,0,0,0,0,0,0,0,0,0,0,0,0],"id":97,"left_children":[1,3,5,-1,-1,7,9,11,13,-1,-1,-1,15,-1,-1,-1,-1],"loss_changes":[1.4996268E-1,1.3858825E-4,6.617715E-2,0E0,0E0,1.650225E-3,4.1058436E-3,2.3197709E-4,1.8333318E-5,0E0,0E0,0E0,3.0604788E-6,0E0,0E0,0E0,0E0],"parents":[2147483647,0,0,1,1,2,2,5,5,6,6,7,7,8,8,12,12],"right_children":[2,4,6,-1,-1,8,10,12,14,-1,-1,-1,16,-1,-1,-1,-1],"split_conditions":[3.012116E-1,2.0088401E-1,9.050686E-1,-2.311325E-2,-6.1672213E-3,6.0265344E-1,1E0,4.0260455E-1,8.040649E-1,5.2268985E-3,2.2434998E-2,-2.4024963E-3,5.0117266E-1,4.5089723E-4,1.8424988E-3,-6.149292E-4,-1.4343263E-4],"split_indices":[0,0,0,0,0,0,0,0,0,0,0,0,0,0,0,0,0],"split_type":[0,0,0,0,0,0,0,0,0,0,0,0,0,0,0,0,0],"sum_hessian":[9E0,2E0,7E0,1E0,1E0,5E0,2E0,3E0,2E0,1E0,1E0,1E0,2E0,1E0,1E0,1E0,1E0],"tree_param":{"num_deleted":"0","num_feature":"2","num_nodes":"17","size_leaf_vector":"1"}},{"base_weights":[-4.724884E-3,-1.8544261E-1,6.363487E-2,-2.1957397E-2,-5.8589936E-3,-2.7491252E-3,1.7519124E-1,-1.5014648E-2,1.4521281E-2,4.96521E-3,2.1313477E-2,-2.2823333E-3,-4.8039756E-3,4.2800905E-4,1.7501832E-3,-5.840302E-4,-1.3656616E-4],"categories":[],"categories_nodes":[],"categories_segments":[],"categories_sizes":[],"default_left":[0,0,0,0,0,0,0,0,0,0,0,0,0,0,0,0,0],"id":98,"left_children":[1,3,5,-1,-1,7,9,11,13,-1,-1,-1,15,-1,-1,-1,-1],"loss_changes":[1.3533881E-1,1.2414157E-4,5.972608E-2,0E0,0E0,1.4890153E-3,3.7076026E-3,2.0928495E-4,1.6663747E-5,0E0,0E0,0E0,2.7137648E-6,0E0,0E0,0E0,0E0],"parents":[2147483647,0,0,1,1,2,2,5,5,6,6,7,7,8,8,12,12],"right_children":[2,4,6,-1,-1,8,10,12,14,-1,-1,-1,16,-1,-1,-1,-1],"split_conditions":[3.012116E-1,2.0088401E-1,9.050686E-1,-2.1957397E-2,-5.8589936E-3,6.0265344E-1,1E0,4.0260455E-1,8.040649E-1,4.96521E-3,2.1313477E-2,-2.2823333E-3,5.0117266E-1,4.2800905E-4,1.7501832E-3,-5.840302E-4,-1.3656616E-4],"split_indices":[0,0,0,0,0,0,0,0,0,0,0,0,0,0,0,0,0],"split_type":[0,0,0,0,0,0,0,0,0,0,0,0,0,0,0,0,0],"sum_hessian":[9E0,2E0,7E0,1E0,1E0,5E0,2E0,3E0,2E0,1E0,1E0,1E0,2E0,1E0,1E0,1E0,1E0],"tree_param":{"num_deleted":"0","num_feature":"2","num_nodes":"17","size_leaf_vector":"1"}},{"base_weights":[-4.4883727E-3,-1.7617035E-1,6.0453415E-2,-2.0859528E-2,-5.5660247E-3,-2.6117961E-3,1.664327E-1,-1.4263153E-2,1.3793945E-2,4.7172545E-3,2.0247651E-2,-2.168274E-3,-4.562378E-3,4.0664672E-4,1.6624451E-3,-5.54657E-4,-1.296997E-4],"categories":[],"categories_nodes":[],"categories_segments":[],"categories_sizes":[],"default_left":[0,0,0,0,0,0,0,0,0,0,0,0,0,0,0,0,0],"id":99,"left_children":[1,3,5,-1,-1,7,9,11,13,-1,-1,-1,15,-1,-1,-1,-1],"loss_changes":[1.2214344E-1,1.1213124E-4,5.390353E-2,0E0,0E0,1.34364E-3,3.344439E-3,1.889781E-4,1.4998252E-5,0E0,0E0,0E0,2.4473993E-6,0E0,0E0,0E0,0E0],"parents":[2147483647,0,0,1,1,2,2,5,5,6,6,7,7,8,8,12,12],"right_children":[2,4,6,-1,-1,8,10,12,14,-1,-1,-1,16,-1,-1,-1,-1],"split_conditions":[3.012116E-1,2.0088401E-1,9.050686E-1,-2.0859528E-2,-5.5660247E-3,6.0265344E-1,1E0,4.0260455E-1,8.040649E-1,4.7172545E-3,2.0247651E-2,-2.168274E-3,5.0117266E-1,4.0664672E-4,1.6624451E-3,-5.54657E-4,-1.296997E-4],"split_indices":[0,0,0,0,0,0,0,0,0,0,0,0,0,0,0,0,0],"split_type":[0,0,0,0,0,0,0,0,0,0,0,0,0,0,0,0,0],"sum_hessian":[9E0,2E0,7E0,1E0,1E0,5E0,2E0,3E0,2E0,1E0,1E0,1E0,2E0,1E0,1E0,1E0,1E0],"tree_param":{"num_deleted":"0","num_feature":"2","num_nodes":"17","size_leaf_vector":"1"}}]},"name":"gbtree"},"learner_model_param":{"base_score":"1.3522223E2","boost_from_average":"1","num_class":"0","num_feature":"2","num_target":"1"},"objective":{"name":"reg:squarederror","reg_loss_param":{"scale_pos_weight":"1"}}},"version":[2,0,1]}