{"package": {"All_Weights": {"Categorical_Variables": {}, "Numerical_Variables": {"bpf_block_irq": {"scale": 4.0}, "bpf_net_rx_irq": {"scale": 379.0}, "bpf_net_tx_irq": {"scale": 1.0}, "cache_miss": {"scale": 15910928.999999998}, "cpu_cycles": {"scale": 97698336411.0}, "cpu_instructions": {"scale": 113818923081.66667}}, "CurveFit_Weights": [115.97427300593162, 4.039556878371739, 1.3657915190801906]}}, "core": {"All_Weights": {"Categorical_Variables": {}, "Numerical_Variables": {"bpf_block_irq": {"scale": 4.0}, "bpf_net_rx_irq": {"scale": 379.0}, "bpf_net_tx_irq": {"scale": 1.0}, "cache_miss": {"scale": 15910928.999999998}, "cpu_cycles": {"scale": 97698336411.0}, "cpu_instructions": {"scale": 113818923081.66667}}, "CurveFit_Weights": [0.0, 1.0, 0.0]}}, "uncore": {"All_Weights": {"Categorical_Variables": {}, "Numerical_Variables": {"bpf_block_irq": {"scale": 4.0}, "bpf_net_rx_irq": {"scale": 379.0}, "bpf_net_tx_irq": {"scale": 1.0}, "cache_miss": {"scale": 15910928.999999998}, "cpu_cycles": {"scale": 97698336411.0}, "cpu_instructions": {"scale": 113818923081.66667}}, "CurveFit_Weights": [0.0, 1.0, 0.0]}}, "dram": {"All_Weights": {"Categorical_Variables": {}, "Numerical_Variables": {"bpf_block_irq": {"scale": 4.0}, "bpf_net_rx_irq": {"scale": 379.0}, "bpf_net_tx_irq": {"scale": 1.0}, "cache_miss": {"scale": 15910928.999999998}, "cpu_cycles": {"scale": 97698336411.0}, "cpu_instructions": {"scale": 113818923081.66667}}, "CurveFit_Weights": [2.053069105227743, 7963621.020936863, -20.25589037014001]}}}