{"learner":{"attributes":{"scikit_learn":"{\"_estimator_type\": \"regressor\"}"},"feature_names":[],"feature_types":[],"gradient_booster":{"model":{"gbtree_model_param":{"num_parallel_tree":"1","num_trees":"100"},"iteration_indptr":[0,1,2,3,4,5,6,7,8,9,10,11,12,13,14,15,16,17,18,19,20,21,22,23,24,25,26,27,28,29,30,31,32,33,34,35,36,37,38,39,40,41,42,43,44,45,46,47,48,49,50,51,52,53,54,55,56,57,58,59,60,61,62,63,64,65,66,67,68,69,70,71,72,73,74,75,76,77,78,79,80,81,82,83,84,85,86,87,88,89,90,91,92,93,94,95,96,97,98,99,100],"tree_info":[0,0,0,0,0,0,0,0,0,0,0,0,0,0,0,0,0,0,0,0,0,0,0,0,0,0,0,0,0,0,0,0,0,0,0,0,0,0,0,0,0,0,0,0,0,0,0,0,0,0,0,0,0,0,0,0,0,0,0,0,0,0,0,0,0,0,0,0,0,0,0,0,0,0,0,0,0,0,0,0,0,0,0,0,0,0,0,0,0,0,0,0,0,0,0,0,0,0,0,0],"trees":[{"base_weights":[2.4414063E-5,-1.1048887E1,9.20741E1,1.5944458E0,1.0411113E1],"categories":[],"categories_nodes":[],"categories_segments":[],"categories_sizes":[],"default_left":[0,0,0,0,0],"id":0,"left_children":[1,-1,3,-1,-1],"loss_changes":[1.1190478E5,0E0,3.8382578E3,0E0,0E0],"parents":[2147483647,0,0,2,2],"right_children":[2,-1,4,-1,-1],"split_conditions":[6.030937E-1,-1.1048887E1,7.00537E-1,1.5944458E0,1.0411113E1],"split_indices":[0,0,0,0,0],"split_type":[0,0,0,0,0],"sum_hessian":[9E0,4E0,5E0,1E0,4E0],"tree_param":{"num_deleted":"0","num_feature":"2","num_nodes":"5","size_leaf_vector":"1"}},{"base_weights":[9.568481E-2,-1.0164976E1,8.486761E1,2.9257426E0,1.0535834E1],"categories":[],"categories_nodes":[],"categories_segments":[],"categories_sizes":[],"default_left":[0,0,0,0,0],"id":1,"left_children":[1,-1,3,-1,-1],"loss_changes":[9.4878336E4,0E0,3.7544453E3,0E0,0E0],"parents":[2147483647,0,0,2,2],"right_children":[2,-1,4,-1,-1],"split_conditions":[6.030937E-1,-1.0164976E1,8.040109E-1,2.9257426E0,1.0535834E1],"split_indices":[0,0,0,0,0],"split_type":[0,0,0,0,0],"sum_hessian":[9E0,4E0,5E0,2E0,3E0],"tree_param":{"num_deleted":"0","num_feature":"2","num_nodes":"5","size_leaf_vector":"1"}},{"base_weights":[4.157837E-1,-9.351778E1,7.862445E1,-1.0267291E1,-2.8448608E0,2.7306945E0,9.745646E0],"categories":[],"categories_nodes":[],"categories_segments":[],"categories_sizes":[],"default_left":[0,0,0,0,0,0,0],"id":2,"left_children":[1,3,5,-1,-1,-1,-1],"loss_changes":[8.081696E4,5.76875E1,3.1372344E3,0E0,0E0,0E0,0E0],"parents":[2147483647,0,0,1,1,2,2],"right_children":[2,4,6,-1,-1,-1,-1],"split_conditions":[6.030937E-1,3.0139592E-1,8.040109E-1,-1.0267291E1,-2.8448608E0,2.7306945E0,9.745646E0],"split_indices":[0,0,0,0,0,0,0],"split_type":[0,0,0,0,0,0,0],"sum_hessian":[9E0,4E0,5E0,3E0,1E0,2E0,3E0],"tree_param":{"num_deleted":"0","num_feature":"2","num_nodes":"7","size_leaf_vector":"1"}},{"base_weights":[3.106079E-1,-8.6788435E0,7.284138E1,2.5486472E0,9.014722E0],"categories":[],"categories_nodes":[],"categories_segments":[],"categories_sizes":[],"default_left":[0,0,0,0,0],"id":3,"left_children":[1,-1,3,-1,-1],"loss_changes":[6.949541E4,0E0,2.6195605E3,0E0,0E0],"parents":[2147483647,0,0,2,2],"right_children":[2,-1,4,-1,-1],"split_conditions":[6.030937E-1,-8.6788435E0,8.040109E-1,2.5486472E0,9.014722E0],"split_indices":[0,0,0,0,0],"split_type":[0,0,0,0,0],"sum_hessian":[9E0,4E0,5E0,2E0,3E0],"tree_param":{"num_deleted":"0","num_feature":"2","num_nodes":"5","size_leaf_vector":"1"}},{"base_weights":[5.6799924E-1,-7.9845375E1,6.7484474E1,-8.8463335E0,-2.2686768E0,1.1044708E0,7.656349E0],"categories":[],"categories_nodes":[],"categories_segments":[],"categories_sizes":[],"default_left":[0,0,0,0,0,0,0],"id":4,"left_children":[1,3,5,-1,-1,-1,-1],"loss_changes":[5.9198117E4,4.5600586E2,2.2288828E3,0E0,0E0,0E0,0E0],"parents":[2147483647,0,0,1,1,2,2],"right_children":[2,4,6,-1,-1,-1,-1],"split_conditions":[6.030937E-1,3.0139592E-1,7.00537E-1,-8.8463335E0,-2.2686768E0,1.1044708E0,7.656349E0],"split_indices":[0,0,0,0,0,0,0],"split_type":[0,0,0,0,0,0,0],"sum_hessian":[9E0,4E0,5E0,3E0,1E0,1E0,4E0],"tree_param":{"num_deleted":"0","num_feature":"2","num_nodes":"7","size_leaf_vector":"1"}},{"base_weights":[2.7576295E-1,-7.408385E1,6.2196148E1,-8.18286E0,-2.155243E0,2.0867088E0,7.7643905E0],"categories":[],"categories_nodes":[],"categories_segments":[],"categories_sizes":[],"default_left":[0,0,0,0,0,0,0],"id":5,"left_children":[1,3,5,-1,-1,-1,-1],"loss_changes":[5.065149E4,2.7060742E2,2.2104473E3,0E0,0E0,0E0,0E0],"parents":[2147483647,0,0,1,1,2,2],"right_children":[2,4,6,-1,-1,-1,-1],"split_conditions":[6.030937E-1,3.0139592E-1,8.040109E-1,-8.18286E0,-2.155243E0,2.0867088E0,7.7643905E0],"split_indices":[0,0,0,0,0,0,0],"split_type":[0,0,0,0,0,0,0],"sum_hessian":[9E0,4E0,5E0,3E0,1E0,2E0,3E0],"tree_param":{"num_deleted":"0","num_feature":"2","num_nodes":"7","size_leaf_vector":"1"}},{"base_weights":[1.994812E-1,-6.874308E1,5.7618366E1,-7.569145E0,-2.0474794E0,1.9475931E0,7.1820602E0],"categories":[],"categories_nodes":[],"categories_segments":[],"categories_sizes":[],"default_left":[0,0,0,0,0,0,0],"id":6,"left_children":[1,3,5,-1,-1,-1,-1],"loss_changes":[4.3546914E4,1.2716211E2,1.8514727E3,0E0,0E0,0E0,0E0],"parents":[2147483647,0,0,1,1,2,2],"right_children":[2,4,6,-1,-1,-1,-1],"split_conditions":[6.030937E-1,3.0139592E-1,8.040109E-1,-7.569145E0,-2.0474794E0,1.9475931E0,7.1820602E0],"split_indices":[0,0,0,0,0,0,0],"split_type":[0,0,0,0,0,0,0],"sum_hessian":[9E0,4E0,5E0,3E0,1E0,2E0,3E0],"tree_param":{"num_deleted":"0","num_feature":"2","num_nodes":"7","size_leaf_vector":"1"}},{"base_weights":[1.3084106E-1,-6.379209E1,5.3378143E1,-7.0014586E0,-1.945105E0,1.8177551E0,6.6434054E0],"categories":[],"categories_nodes":[],"categories_segments":[],"categories_sizes":[],"default_left":[0,0,0,0,0,0,0],"id":7,"left_children":[1,3,5,-1,-1,-1,-1],"loss_changes":[3.7442336E4,1.7705078E1,1.5498457E3,0E0,0E0,0E0,0E0],"parents":[2147483647,0,0,1,1,2,2],"right_children":[2,4,6,-1,-1,-1,-1],"split_conditions":[6.030937E-1,3.0139592E-1,8.040109E-1,-7.0014586E0,-1.945105E0,1.8177551E0,6.6434054E0],"split_indices":[0,0,0,0,0,0,0],"split_type":[0,0,0,0,0,0,0],"sum_hessian":[9E0,4E0,5E0,3E0,1E0,2E0,3E0],"tree_param":{"num_deleted":"0","num_feature":"2","num_nodes":"7","size_leaf_vector":"1"}},{"base_weights":[6.921387E-2,-5.920219E0,4.9450512E1,2.2958114E0,6.82902E0],"categories":[],"categories_nodes":[],"categories_segments":[],"categories_sizes":[],"default_left":[0,0,0,0,0],"id":8,"left_children":[1,-1,3,-1,-1],"loss_changes":[3.2196564E4,0E0,1.4268369E3,0E0,0E0],"parents":[2147483647,0,0,2,2],"right_children":[2,-1,4,-1,-1],"split_conditions":[6.030937E-1,-5.920219E0,9.0263325E-1,2.2958114E0,6.82902E0],"split_indices":[0,0,0,0,0],"split_type":[0,0,0,0,0],"sum_hessian":[9E0,4E0,5E0,3E0,2E0],"tree_param":{"num_deleted":"0","num_feature":"2","num_nodes":"5","size_leaf_vector":"1"}},{"base_weights":[3.8274536E-1,-5.4466003E1,4.6026245E1,-6.032332E0,-1.5518372E0,2.1236237E1,6.3737507E0,6.4185184E-1,2.403597E0],"categories":[],"categories_nodes":[],"categories_segments":[],"categories_sizes":[],"default_left":[0,0,0,0,0,0,0,0,0],"id":9,"left_children":[1,3,5,-1,-1,7,-1,-1,-1],"loss_changes":[2.7541754E4,2.0452246E2,1.2808301E3,0E0,0E0,1.1667358E1,0E0,0E0,0E0],"parents":[2147483647,0,0,1,1,2,2,5,5],"right_children":[2,4,6,-1,-1,8,-1,-1,-1],"split_conditions":[6.030937E-1,3.0139592E-1,9.0263325E-1,-6.032332E0,-1.5518372E0,7.00537E-1,6.3737507E0,6.4185184E-1,2.403597E0],"split_indices":[0,0,0,0,0,0,0,0,0],"split_type":[0,0,0,0,0,0,0,0,0],"sum_hessian":[9E0,4E0,5E0,3E0,1E0,3E0,2E0,1E0,2E0],"tree_param":{"num_deleted":"0","num_feature":"2","num_nodes":"9","size_leaf_vector":"1"}},{"base_weights":[5.279663E-1,-5.0536232E1,4.299347E1,-5.579906E0,-1.4742463E0,1.9873962E1,5.9488325E0,6.097595E-1,2.2433555E0],"categories":[],"categories_nodes":[],"categories_segments":[],"categories_sizes":[],"default_left":[0,0,0,0,0,0,0,0,0],"id":10,"left_children":[1,3,5,-1,-1,7,-1,-1,-1],"loss_changes":[2.3857396E4,1.192666E2,1.1058486E3,0E0,0E0,4.256714E0,0E0,0E0,0E0],"parents":[2147483647,0,0,1,1,2,2,5,5],"right_children":[2,4,6,-1,-1,8,-1,-1,-1],"split_conditions":[6.030937E-1,3.0139592E-1,9.0263325E-1,-5.579906E0,-1.4742463E0,7.00537E-1,5.9488325E0,6.097595E-1,2.2433555E0],"split_indices":[0,0,0,0,0,0,0,0,0],"split_type":[0,0,0,0,0,0,0,0,0],"sum_hessian":[9E0,4E0,5E0,3E0,1E0,3E0,2E0,1E0,2E0],"tree_param":{"num_deleted":"0","num_feature":"2","num_nodes":"9","size_leaf_vector":"1"}},{"base_weights":[6.499451E-1,-4.6893444E1,4.0161114E1,-5.75459E0,-2.0609844E0,1.8599854E0,5.552242E0],"categories":[],"categories_nodes":[],"categories_segments":[],"categories_sizes":[],"default_left":[0,0,0,0,0,0,0],"id":11,"left_children":[1,3,5,-1,-1,-1,-1],"loss_changes":[2.066824E4,2.1391211E2,9.545469E2,0E0,0E0,0E0,0E0],"parents":[2147483647,0,0,1,1,2,2],"right_children":[2,4,6,-1,-1,-1,-1],"split_conditions":[6.030937E-1,2.007858E-1,9.0263325E-1,-5.75459E0,-2.0609844E0,1.8599854E0,5.552242E0],"split_indices":[0,0,0,0,0,0,0],"split_type":[0,0,0,0,0,0,0],"sum_hessian":[9E0,4E0,5E0,2E0,2E0,3E0,2E0],"tree_param":{"num_deleted":"0","num_feature":"2","num_nodes":"7","size_leaf_vector":"1"}},{"base_weights":[5.446106E-1,-4.3767223E1,3.738037E1,-5.3709517E0,-1.9235861E0,4.862732E-1,4.2911354E1,1.9697999E0,5.182092E0],"categories":[],"categories_nodes":[],"categories_segments":[],"categories_sizes":[],"default_left":[0,0,0,0,0,0,0,0,0],"id":12,"left_children":[1,3,5,-1,-1,-1,7,-1,-1],"loss_changes":[1.7958635E4,1.8634082E2,8.7045996E2,0E0,0E0,0E0,1.3336914E1,0E0,0E0],"parents":[2147483647,0,0,1,1,2,2,6,6],"right_children":[2,4,6,-1,-1,-1,8,-1,-1],"split_conditions":[6.030937E-1,2.007858E-1,7.00537E-1,-5.3709517E0,-1.9235861E0,4.862732E-1,9.0263325E-1,1.9697999E0,5.182092E0],"split_indices":[0,0,0,0,0,0,0,0,0],"split_type":[0,0,0,0,0,0,0,0,0],"sum_hessian":[9E0,4E0,5E0,2E0,2E0,1E0,4E0,2E0,2E0],"tree_param":{"num_deleted":"0","num_feature":"2","num_nodes":"9","size_leaf_vector":"1"}},{"base_weights":[5.245239E-1,-4.0849403E1,3.4915375E1,-5.0128865E0,-1.7953471E0,1.1410298E0,4.381534E0],"categories":[],"categories_nodes":[],"categories_segments":[],"categories_sizes":[],"default_left":[0,0,0,0,0,0,0],"id":13,"left_children":[1,3,5,-1,-1,-1,-1],"loss_changes":[1.5655118E4,1.6232227E2,7.552197E2,0E0,0E0,0E0,0E0],"parents":[2147483647,0,0,1,1,2,2],"right_children":[2,4,6,-1,-1,-1,-1],"split_conditions":[6.030937E-1,2.007858E-1,8.040109E-1,-5.0128865E0,-1.7953471E0,1.1410298E0,4.381534E0],"split_indices":[0,0,0,0,0,0,0],"split_type":[0,0,0,0,0,0,0],"sum_hessian":[9E0,4E0,5E0,2E0,2E0,2E0,3E0],"tree_param":{"num_deleted":"0","num_feature":"2","num_nodes":"7","size_leaf_vector":"1"}},{"base_weights":[3.4349975E-1,-3.812611E1,3.2344257E1,-4.6786947E0,-1.6756572E0,1.4432495E1,4.544519E0,4.0490723E-1,1.6543945E0],"categories":[],"categories_nodes":[],"categories_segments":[],"categories_sizes":[],"default_left":[0,0,0,0,0,0,0,0,0],"id":14,"left_children":[1,3,5,-1,-1,7,-1,-1,-1],"loss_changes":[1.3543729E4,1.4140186E2,7.5207764E2,0E0,0E0,2.070868E1,0E0,0E0,0E0],"parents":[2147483647,0,0,1,1,2,2,5,5],"right_children":[2,4,6,-1,-1,8,-1,-1,-1],"split_conditions":[6.030937E-1,2.007858E-1,9.0263325E-1,-4.6786947E0,-1.6756572E0,7.00537E-1,4.544519E0,4.0490723E-1,1.6543945E0],"split_indices":[0,0,0,0,0,0,0,0,0],"split_type":[0,0,0,0,0,0,0,0,0],"sum_hessian":[9E0,4E0,5E0,2E0,2E0,3E0,2E0,1E0,2E0],"tree_param":{"num_deleted":"0","num_feature":"2","num_nodes":"9","size_leaf_vector":"1"}},{"base_weights":[3.3410034E-1,-3.5584362E1,3.021047E1,-4.3667808E0,-1.5639466E0,1.3504059E1,4.241553E0,3.8466188E-1,1.5440999E0],"categories":[],"categories_nodes":[],"categories_segments":[],"categories_sizes":[],"default_left":[0,0,0,0,0,0,0,0,0],"id":15,"left_children":[1,3,5,-1,-1,7,-1,-1,-1],"loss_changes":[1.1806153E4,1.2317676E2,6.5063477E2,0E0,0E0,1.54279175E1,0E0,0E0,0E0],"parents":[2147483647,0,0,1,1,2,2,5,5],"right_children":[2,4,6,-1,-1,8,-1,-1,-1],"split_conditions":[6.030937E-1,2.007858E-1,9.0263325E-1,-4.3667808E0,-1.5639466E0,7.00537E-1,4.241553E0,3.8466188E-1,1.5440999E0],"split_indices":[0,0,0,0,0,0,0,0,0],"split_type":[0,0,0,0,0,0,0,0,0],"sum_hessian":[9E0,4E0,5E0,2E0,2E0,3E0,2E0,1E0,2E0],"tree_param":{"num_deleted":"0","num_feature":"2","num_nodes":"9","size_leaf_vector":"1"}},{"base_weights":[3.246399E-1,-3.3212074E1,2.8217794E1,-4.0756636E0,-1.4596822E0,1.2635834E1,3.958781E0,3.654297E-1,1.441158E0],"categories":[],"categories_nodes":[],"categories_segments":[],"categories_sizes":[],"default_left":[0,0,0,0,0,0,0,0,0],"id":16,"left_children":[1,3,5,-1,-1,7,-1,-1,-1],"loss_changes":[1.0291618E4,1.0730176E2,5.6277783E2,0E0,0E0,1.1131531E1,0E0,0E0,0E0],"parents":[2147483647,0,0,1,1,2,2,5,5],"right_children":[2,4,6,-1,-1,8,-1,-1,-1],"split_conditions":[6.030937E-1,2.007858E-1,9.0263325E-1,-4.0756636E0,-1.4596822E0,7.00537E-1,3.958781E0,3.654297E-1,1.441158E0],"split_indices":[0,0,0,0,0,0,0,0,0],"split_type":[0,0,0,0,0,0,0,0,0],"sum_hessian":[9E0,4E0,5E0,2E0,2E0,3E0,2E0,1E0,2E0],"tree_param":{"num_deleted":"0","num_feature":"2","num_nodes":"9","size_leaf_vector":"1"}},{"base_weights":[3.1517333E-1,-3.0997936E1,2.6356903E1,-3.803951E0,-1.3623718E0,1.1823898E1,3.694861E0,3.4715882E-1,1.3450806E0],"categories":[],"categories_nodes":[],"categories_segments":[],"categories_sizes":[],"default_left":[0,0,0,0,0,0,0,0,0],"id":17,"left_children":[1,3,5,-1,-1,7,-1,-1,-1],"loss_changes":[8.971485E3,9.346973E1,4.8669922E2,0E0,0E0,7.658081E0,0E0,0E0,0E0],"parents":[2147483647,0,0,1,1,2,2,5,5],"right_children":[2,4,6,-1,-1,8,-1,-1,-1],"split_conditions":[6.030937E-1,2.007858E-1,9.0263325E-1,-3.803951E0,-1.3623718E0,7.00537E-1,3.694861E0,3.4715882E-1,1.3450806E0],"split_indices":[0,0,0,0,0,0,0,0,0],"split_type":[0,0,0,0,0,0,0,0,0],"sum_hessian":[9E0,4E0,5E0,2E0,2E0,3E0,2E0,1E0,2E0],"tree_param":{"num_deleted":"0","num_feature":"2","num_nodes":"9","size_leaf_vector":"1"}},{"base_weights":[3.057251E-1,-2.8931408E1,2.461905E1,-3.550354E0,-1.2715474E0,1.106456E1,3.4485352E0,3.2980043E-1,1.2554077E0],"categories":[],"categories_nodes":[],"categories_segments":[],"categories_sizes":[],"default_left":[0,0,0,0,0,0,0,0,0],"id":18,"left_children":[1,3,5,-1,-1,7,-1,-1,-1],"loss_changes":[7.820783E3,8.1421875E1,4.208308E2,0E0,0E0,4.8703003E0,0E0,0E0,0E0],"parents":[2147483647,0,0,1,1,2,2,5,5],"right_children":[2,4,6,-1,-1,8,-1,-1,-1],"split_conditions":[6.030937E-1,2.007858E-1,9.0263325E-1,-3.550354E0,-1.2715474E0,7.00537E-1,3.4485352E0,3.2980043E-1,1.2554077E0],"split_indices":[0,0,0,0,0,0,0,0,0],"split_type":[0,0,0,0,0,0,0,0,0],"sum_hessian":[9E0,4E0,5E0,2E0,2E0,3E0,2E0,1E0,2E0],"tree_param":{"num_deleted":"0","num_feature":"2","num_nodes":"9","size_leaf_vector":"1"}},{"base_weights":[2.963318E-1,-2.700265E1,2.2996094E1,-3.0028915E0,-7.448792E-1,1.0354401E1,3.2186322E0,3.133118E-1,1.1717123E0],"categories":[],"categories_nodes":[],"categories_segments":[],"categories_sizes":[],"default_left":[0,0,0,0,0,0,0,0,0],"id":19,"left_children":[1,3,5,-1,-1,7,-1,-1,-1],"loss_changes":[6.8177593E3,7.219678E1,3.638103E2,0E0,0E0,2.6512756E0,0E0,0E0,0E0],"parents":[2147483647,0,0,1,1,2,2,5,5],"right_children":[2,4,6,-1,-1,8,-1,-1,-1],"split_conditions":[6.030937E-1,3.0139592E-1,9.0263325E-1,-3.0028915E0,-7.448792E-1,7.00537E-1,3.2186322E0,3.133118E-1,1.1717123E0],"split_indices":[0,0,0,0,0,0,0,0,0],"split_type":[0,0,0,0,0,0,0,0,0],"sum_hessian":[9E0,4E0,5E0,3E0,1E0,3E0,2E0,1E0,2E0],"tree_param":{"num_deleted":"0","num_feature":"2","num_nodes":"9","size_leaf_vector":"1"}},{"base_weights":[3.622864E-1,-2.5051952E1,2.1480438E1,-3.1134727E0,-1.061853E0,9.690231E0,3.0040567E0,2.976471E-1,1.0935994E0],"categories":[],"categories_nodes":[],"categories_segments":[],"categories_sizes":[],"default_left":[0,0,0,0,0,0,0,0,0],"id":20,"left_children":[1,3,5,-1,-1,7,-1,-1,-1],"loss_changes":[5.9051445E3,1.0837109E2,3.144541E2,0E0,0E0,9.043579E-1,0E0,0E0,0E0],"parents":[2147483647,0,0,1,1,2,2,5,5],"right_children":[2,4,6,-1,-1,8,-1,-1,-1],"split_conditions":[6.030937E-1,2.007858E-1,9.0263325E-1,-3.1134727E0,-1.061853E0,7.00537E-1,3.0040567E0,2.976471E-1,1.0935994E0],"split_indices":[0,0,0,0,0,0,0,0,0],"split_type":[0,0,0,0,0,0,0,0,0],"sum_hessian":[9E0,4E0,5E0,2E0,2E0,3E0,2E0,1E0,2E0],"tree_param":{"num_deleted":"0","num_feature":"2","num_nodes":"9","size_leaf_vector":"1"}},{"base_weights":[3.4804687E-1,-2.3381836E1,2.0064941E1,-2.9059083E0,-9.910645E-1,9.0690005E-1,2.8037882E0],"categories":[],"categories_nodes":[],"categories_segments":[],"categories_sizes":[],"default_left":[0,0,0,0,0,0,0],"id":21,"left_children":[1,3,5,-1,-1,-1,-1],"loss_changes":[5.1479507E3,9.44021E1,2.717444E2,0E0,0E0,0E0,0E0],"parents":[2147483647,0,0,1,1,2,2],"right_children":[2,4,6,-1,-1,-1,-1],"split_conditions":[6.030937E-1,2.007858E-1,9.0263325E-1,-2.9059083E0,-9.910645E-1,9.0690005E-1,2.8037882E0],"split_indices":[0,0,0,0,0,0,0],"split_type":[0,0,0,0,0,0,0],"sum_hessian":[9E0,4E0,5E0,2E0,2E0,3E0,2E0],"tree_param":{"num_deleted":"0","num_feature":"2","num_nodes":"7","size_leaf_vector":"1"}},{"base_weights":[2.946106E-1,-2.1823048E1,1.867689E1,-2.7121828E0,-9.249919E-1,8.388809E0,2.6168702E0,2.3741761E-1,9.602295E-1],"categories":[],"categories_nodes":[],"categories_segments":[],"categories_sizes":[],"default_left":[0,0,0,0,0,0,0,0,0],"id":22,"left_children":[1,3,5,-1,-1,7,-1,-1,-1],"loss_changes":[4.4733164E3,8.223633E1,2.4293408E2,0E0,0E0,6.3971863E0,0E0,0E0,0E0],"parents":[2147483647,0,0,1,1,2,2,5,5],"right_children":[2,4,6,-1,-1,8,-1,-1,-1],"split_conditions":[6.030937E-1,2.007858E-1,9.0263325E-1,-2.7121828E0,-9.249919E-1,7.00537E-1,2.6168702E0,2.3741761E-1,9.602295E-1],"split_indices":[0,0,0,0,0,0,0,0,0],"split_type":[0,0,0,0,0,0,0,0,0],"sum_hessian":[9E0,4E0,5E0,2E0,2E0,3E0,2E0,1E0,2E0],"tree_param":{"num_deleted":"0","num_feature":"2","num_nodes":"9","size_leaf_vector":"1"}},{"base_weights":[2.8287965E-1,-2.0368189E1,1.7444956E1,-2.531372E0,-8.63326E-1,9.506714E0,2.8568084E0,2.2554627E-1,1.0755662E0],"categories":[],"categories_nodes":[],"categories_segments":[],"categories_sizes":[],"default_left":[0,0,0,0,0,0,0,0,0],"id":23,"left_children":[1,3,5,-1,-1,7,-1,-1,-1],"loss_changes":[3.899474E3,7.163745E1,2.5819995E2,0E0,0E0,2.1023163E1,0E0,0E0,0E0],"parents":[2147483647,0,0,1,1,2,2,5,5],"right_children":[2,4,6,-1,-1,8,-1,-1,-1],"split_conditions":[6.030937E-1,2.007858E-1,1E0,-2.531372E0,-8.63326E-1,7.00537E-1,2.8568084E0,2.2554627E-1,1.0755662E0],"split_indices":[0,0,0,0,0,0,0,0,0],"split_type":[0,0,0,0,0,0,0,0,0],"sum_hessian":[9E0,4E0,5E0,2E0,2E0,4E0,1E0,1E0,3E0],"tree_param":{"num_deleted":"0","num_feature":"2","num_nodes":"9","size_leaf_vector":"1"}},{"base_weights":[3.309204E-1,-1.9010303E1,1.6393454E1,-2.362614E0,-8.0576986E-1,8.816272E0,2.713968E0,2.1427003E-1,9.94899E-1],"categories":[],"categories_nodes":[],"categories_segments":[],"categories_sizes":[],"default_left":[0,0,0,0,0,0,0,0,0],"id":24,"left_children":[1,3,5,-1,-1,7,-1,-1,-1],"loss_changes":[3.4183347E3,6.2404907E1,2.4928577E2,0E0,0E0,1.6478699E1,0E0,0E0,0E0],"parents":[2147483647,0,0,1,1,2,2,5,5],"right_children":[2,4,6,-1,-1,8,-1,-1,-1],"split_conditions":[6.030937E-1,2.007858E-1,1E0,-2.362614E0,-8.0576986E-1,7.00537E-1,2.713968E0,2.1427003E-1,9.94899E-1],"split_indices":[0,0,0,0,0,0,0,0,0],"split_type":[0,0,0,0,0,0,0,0,0],"sum_hessian":[9E0,4E0,5E0,2E0,2E0,4E0,1E0,1E0,3E0],"tree_param":{"num_deleted":"0","num_feature":"2","num_nodes":"9","size_leaf_vector":"1"}},{"base_weights":[3.733093E-1,-1.7742945E1,1.5407969E1,-2.2051065E0,-7.520508E-1,8.176489E0,2.5782685E0,2.035553E-1,9.202835E-1],"categories":[],"categories_nodes":[],"categories_segments":[],"categories_sizes":[],"default_left":[0,0,0,0,0,0,0,0,0],"id":25,"left_children":[1,3,5,-1,-1,7,-1,-1,-1],"loss_changes":[2.9970999E3,5.4362305E1,2.3933545E2,0E0,0E0,1.2780792E1,0E0,0E0,0E0],"parents":[2147483647,0,0,1,1,2,2,5,5],"right_children":[2,4,6,-1,-1,8,-1,-1,-1],"split_conditions":[6.030937E-1,2.007858E-1,1E0,-2.2051065E0,-7.520508E-1,7.00537E-1,2.5782685E0,2.035553E-1,9.202835E-1],"split_indices":[0,0,0,0,0,0,0,0,0],"split_type":[0,0,0,0,0,0,0,0,0],"sum_hessian":[9E0,4E0,5E0,2E0,2E0,4E0,1E0,1E0,3E0],"tree_param":{"num_deleted":"0","num_feature":"2","num_nodes":"9","size_leaf_vector":"1"}},{"base_weights":[4.1047364E-1,-1.6560083E1,1.4484192E1,-2.368576E0,-8.8572234E-1,7.583606E0,2.449356E0,1.9337769E-1,8.512619E-1],"categories":[],"categories_nodes":[],"categories_segments":[],"categories_sizes":[],"default_left":[0,0,0,0,0,0,0,0,0],"id":26,"left_children":[1,3,5,-1,-1,7,-1,-1,-1],"loss_changes":[2.6282478E3,6.465039E1,2.2867358E2,0E0,0E0,9.782318E0,0E0,0E0,0E0],"parents":[2147483647,0,0,1,1,2,2,5,5],"right_children":[2,4,6,-1,-1,8,-1,-1,-1],"split_conditions":[6.030937E-1,1.0107583E-1,1E0,-2.368576E0,-8.8572234E-1,7.00537E-1,2.449356E0,1.9337769E-1,8.512619E-1],"split_indices":[0,0,0,0,0,0,0,0,0],"split_type":[0,0,0,0,0,0,0,0,0],"sum_hessian":[9E0,4E0,5E0,1E0,3E0,4E0,1E0,1E0,3E0],"tree_param":{"num_deleted":"0","num_feature":"2","num_nodes":"9","size_leaf_vector":"1"}},{"base_weights":[3.934082E-1,-1.5554919E1,1.36181135E1,-2.2501466E0,-8.192917E-1,7.0341797E0,2.326889E0,1.8370973E-1,7.874176E-1],"categories":[],"categories_nodes":[],"categories_segments":[],"categories_sizes":[],"default_left":[0,0,0,0,0,0,0,0,0],"id":27,"left_children":[1,3,5,-1,-1,7,-1,-1,-1],"loss_changes":[2.320948E3,7.134985E1,2.1756299E2,0E0,0E0,7.36203E0,0E0,0E0,0E0],"parents":[2147483647,0,0,1,1,2,2,5,5],"right_children":[2,4,6,-1,-1,8,-1,-1,-1],"split_conditions":[6.030937E-1,1.0107583E-1,1E0,-2.2501466E0,-8.192917E-1,7.00537E-1,2.326889E0,1.8370973E-1,7.874176E-1],"split_indices":[0,0,0,0,0,0,0,0,0],"split_type":[0,0,0,0,0,0,0,0,0],"sum_hessian":[9E0,4E0,5E0,1E0,3E0,4E0,1E0,1E0,3E0],"tree_param":{"num_deleted":"0","num_feature":"2","num_nodes":"9","size_leaf_vector":"1"}},{"base_weights":[3.7691957E-1,-1.4613324E1,1.2805969E1,-2.1376388E0,-7.5784606E-1,6.5249877E0,2.2105439E0,1.7452393E-1,7.2836155E-1],"categories":[],"categories_nodes":[],"categories_segments":[],"categories_sizes":[],"default_left":[0,0,0,0,0,0,0,0,0],"id":28,"left_children":[1,3,5,-1,-1,7,-1,-1,-1],"loss_changes":[2.0502827E3,7.588599E1,2.0622101E2,0E0,0E0,5.4185944E0,0E0,0E0,0E0],"parents":[2147483647,0,0,1,1,2,2,5,5],"right_children":[2,4,6,-1,-1,8,-1,-1,-1],"split_conditions":[6.030937E-1,1.0107583E-1,1E0,-2.1376388E0,-7.5784606E-1,7.00537E-1,2.2105439E0,1.7452393E-1,7.2836155E-1],"split_indices":[0,0,0,0,0,0,0,0,0],"split_type":[0,0,0,0,0,0,0,0,0],"sum_hessian":[9E0,4E0,5E0,1E0,3E0,4E0,1E0,1E0,3E0],"tree_param":{"num_deleted":"0","num_feature":"2","num_nodes":"9","size_leaf_vector":"1"}},{"base_weights":[3.610382E-1,-1.3731073E1,1.20442915E1,-2.0307572E0,-7.010056E-1,6.053088E0,2.1000154E0,1.6579895E-1,6.737366E-1],"categories":[],"categories_nodes":[],"categories_segments":[],"categories_sizes":[],"default_left":[0,0,0,0,0,0,0,0,0],"id":29,"left_children":[1,3,5,-1,-1,7,-1,-1,-1],"loss_changes":[1.8117981E3,7.864667E1,1.9482245E2,0E0,0E0,3.866867E0,0E0,0E0,0E0],"parents":[2147483647,0,0,1,1,2,2,5,5],"right_children":[2,4,6,-1,-1,8,-1,-1,-1],"split_conditions":[6.030937E-1,1.0107583E-1,1E0,-2.0307572E0,-7.010056E-1,7.00537E-1,2.1000154E0,1.6579895E-1,6.737366E-1],"split_indices":[0,0,0,0,0,0,0,0,0],"split_type":[0,0,0,0,0,0,0,0,0],"sum_hessian":[9E0,4E0,5E0,1E0,3E0,4E0,1E0,1E0,3E0],"tree_param":{"num_deleted":"0","num_feature":"2","num_nodes":"9","size_leaf_vector":"1"}},{"base_weights":[3.4571838E-1,-1.2904327E1,1.1329803E1,-1.9292191E0,-6.484314E-1,5.6157103E0,1.9950135E0,1.5751038E-1,6.2320864E-1],"categories":[],"categories_nodes":[],"categories_segments":[],"categories_sizes":[],"default_left":[0,0,0,0,0,0,0,0,0],"id":30,"left_children":[1,3,5,-1,-1,7,-1,-1,-1],"loss_changes":[1.6015997E3,7.9954285E1,1.8351001E2,0E0,0E0,2.6364746E0,0E0,0E0,0E0],"parents":[2147483647,0,0,1,1,2,2,5,5],"right_children":[2,4,6,-1,-1,8,-1,-1,-1],"split_conditions":[6.030937E-1,1.0107583E-1,1E0,-1.9292191E0,-6.484314E-1,7.00537E-1,1.9950135E0,1.5751038E-1,6.2320864E-1],"split_indices":[0,0,0,0,0,0,0,0,0],"split_type":[0,0,0,0,0,0,0,0,0],"sum_hessian":[9E0,4E0,5E0,1E0,3E0,4E0,1E0,1E0,3E0],"tree_param":{"num_deleted":"0","num_feature":"2","num_nodes":"9","size_leaf_vector":"1"}},{"base_weights":[3.3095092E-1,-1.2129419E1,1.0659434E1,-1.8327576E0,-5.997986E-1,5.210266E0,1.8952637E0,1.496338E-1,5.764664E-1],"categories":[],"categories_nodes":[],"categories_segments":[],"categories_sizes":[],"default_left":[0,0,0,0,0,0,0,0,0],"id":31,"left_children":[1,3,5,-1,-1,7,-1,-1,-1],"loss_changes":[1.4162599E3,8.0089355E1,1.7239807E2,0E0,0E0,1.6690826E0,0E0,0E0,0E0],"parents":[2147483647,0,0,1,1,2,2,5,5],"right_children":[2,4,6,-1,-1,8,-1,-1,-1],"split_conditions":[6.030937E-1,1.0107583E-1,1E0,-1.8327576E0,-5.997986E-1,7.00537E-1,1.8952637E0,1.496338E-1,5.764664E-1],"split_indices":[0,0,0,0,0,0,0,0,0],"split_type":[0,0,0,0,0,0,0,0,0],"sum_hessian":[9E0,4E0,5E0,1E0,3E0,4E0,1E0,1E0,3E0],"tree_param":{"num_deleted":"0","num_feature":"2","num_nodes":"9","size_leaf_vector":"1"}},{"base_weights":[3.1672972E-1,-1.140299E1,1.00303755E1,-1.7411194E0,-5.5481416E-1,4.8344483E0,1.8005005E0,1.4215088E-1,5.332306E-1],"categories":[],"categories_nodes":[],"categories_segments":[],"categories_sizes":[],"default_left":[0,0,0,0,0,0,0,0,0],"id":32,"left_children":[1,3,5,-1,-1,7,-1,-1,-1],"loss_changes":[1.2527883E3,7.928583E1,1.6156927E2,0E0,0E0,9.1587067E-1,0E0,0E0,0E0],"parents":[2147483647,0,0,1,1,2,2,5,5],"right_children":[2,4,6,-1,-1,8,-1,-1,-1],"split_conditions":[6.030937E-1,1.0107583E-1,1E0,-1.7411194E0,-5.5481416E-1,7.00537E-1,1.8005005E0,1.4215088E-1,5.332306E-1],"split_indices":[0,0,0,0,0,0,0,0,0],"split_type":[0,0,0,0,0,0,0,0,0],"sum_hessian":[9E0,4E0,5E0,1E0,3E0,4E0,1E0,1E0,3E0],"tree_param":{"num_deleted":"0","num_feature":"2","num_nodes":"9","size_leaf_vector":"1"}},{"base_weights":[3.0306092E-1,-1.0721881E1,9.440002E0,-1.6540635E0,-5.1320344E-1,4.4860964E0,1.7104768E0,1.3504334E-1,4.9324036E-1],"categories":[],"categories_nodes":[],"categories_segments":[],"categories_sizes":[],"default_left":[0,0,0,0,0,0,0,0,0],"id":33,"left_children":[1,3,5,-1,-1,7,-1,-1,-1],"loss_changes":[1.1085571E3,7.7742615E1,1.5108954E2,0E0,0E0,3.3647156E-1,0E0,0E0,0E0],"parents":[2147483647,0,0,1,1,2,2,5,5],"right_children":[2,4,6,-1,-1,8,-1,-1,-1],"split_conditions":[6.030937E-1,1.0107583E-1,1E0,-1.6540635E0,-5.1320344E-1,7.00537E-1,1.7104768E0,1.3504334E-1,4.9324036E-1],"split_indices":[0,0,0,0,0,0,0,0,0],"split_type":[0,0,0,0,0,0,0,0,0],"sum_hessian":[9E0,4E0,5E0,1E0,3E0,4E0,1E0,1E0,3E0],"tree_param":{"num_deleted":"0","num_feature":"2","num_nodes":"9","size_leaf_vector":"1"}},{"base_weights":[2.8990477E-1,-1.0083155E1,8.885803E0,-1.5713608E0,-4.747139E-1,4.163147E-1,1.6249542E0],"categories":[],"categories_nodes":[],"categories_segments":[],"categories_sizes":[],"default_left":[0,0,0,0,0,0,0],"id":34,"left_children":[1,3,5,-1,-1,-1,-1],"loss_changes":[9.812545E2,7.562625E1,1.4100928E2,0E0,0E0,0E0,0E0],"parents":[2147483647,0,0,1,1,2,2],"right_children":[2,4,6,-1,-1,-1,-1],"split_conditions":[6.030937E-1,1.0107583E-1,1E0,-1.5713608E0,-4.747139E-1,4.163147E-1,1.6249542E0],"split_indices":[0,0,0,0,0,0,0],"split_type":[0,0,0,0,0,0,0],"sum_hessian":[9E0,4E0,5E0,1E0,3E0,4E0,1E0],"tree_param":{"num_deleted":"0","num_feature":"2","num_nodes":"7","size_leaf_vector":"1"}},{"base_weights":[2.6043397E-1,-9.484052E0,8.337433E0,-1.4927933E0,-4.391098E-1,3.8300903E0,1.5437073E0,1.0747375E-1,4.2502442E-1],"categories":[],"categories_nodes":[],"categories_segments":[],"categories_sizes":[],"default_left":[0,0,0,0,0,0,0,0,0],"id":35,"left_children":[1,3,5,-1,-1,7,-1,-1,-1],"loss_changes":[8.661346E2,7.307712E1,1.3287772E2,0E0,0E0,1.220459E0,0E0,0E0,0E0],"parents":[2147483647,0,0,1,1,2,2,5,5],"right_children":[2,4,6,-1,-1,8,-1,-1,-1],"split_conditions":[6.030937E-1,1.0107583E-1,1E0,-1.4927933E0,-4.391098E-1,7.00537E-1,1.5437073E0,1.0747375E-1,4.2502442E-1],"split_indices":[0,0,0,0,0,0,0,0,0],"split_type":[0,0,0,0,0,0,0,0,0],"sum_hessian":[9E0,4E0,5E0,1E0,3E0,4E0,1E0,1E0,3E0],"tree_param":{"num_deleted":"0","num_feature":"2","num_nodes":"9","size_leaf_vector":"1"}},{"base_weights":[2.4880981E-1,-8.922033E0,7.849711E0,-1.4181534E0,-4.061775E0,3.5535645E0,1.4665222E0,-4.6291405E-1,-1.1798401E-1,1.0209961E-1,3.9314577E-1],"categories":[],"categories_nodes":[],"categories_segments":[],"categories_sizes":[],"default_left":[0,0,0,0,0,0,0,0,0,0,0],"id":36,"left_children":[1,3,5,-1,7,9,-1,-1,-1,-1,-1],"loss_changes":[7.671021E2,7.021045E1,1.2356879E2,0E0,1.0787888E0,7.711983E-1,0E0,0E0,0E0,0E0,0E0],"parents":[2147483647,0,0,1,1,2,2,4,4,5,5],"right_children":[2,4,6,-1,8,10,-1,-1,-1,-1,-1],"split_conditions":[6.030937E-1,1.0107583E-1,1E0,-1.4181534E0,3.0139592E-1,7.00537E-1,1.4665222E0,-4.6291405E-1,-1.1798401E-1,1.0209961E-1,3.9314577E-1],"split_indices":[0,0,0,0,0,0,0,0,0,0,0],"split_type":[0,0,0,0,0,0,0,0,0,0,0],"sum_hessian":[9E0,4E0,5E0,1E0,3E0,4E0,1E0,2E0,1E0,1E0,3E0],"tree_param":{"num_deleted":"0","num_feature":"2","num_nodes":"11","size_leaf_vector":"1"}},{"base_weights":[2.2019958E-1,-8.429645E0,7.391703E0,-1.3472458E0,-3.800827E0,3.2972655E0,1.3931946E0,-4.3205363E-1,-1.1208496E-1,9.699402E-2,3.636612E-1],"categories":[],"categories_nodes":[],"categories_segments":[],"categories_sizes":[],"default_left":[0,0,0,0,0,0,0,0,0,0,0],"id":37,"left_children":[1,3,5,-1,7,9,-1,-1,-1,-1,-1],"loss_changes":[6.8263336E2,6.550485E1,1.14734375E2,0E0,7.285652E-1,4.2155075E-1,0E0,0E0,0E0,0E0,0E0],"parents":[2147483647,0,0,1,1,2,2,4,4,5,5],"right_children":[2,4,6,-1,8,10,-1,-1,-1,-1,-1],"split_conditions":[6.030937E-1,1.0107583E-1,1E0,-1.3472458E0,3.0139592E-1,7.00537E-1,1.3931946E0,-4.3205363E-1,-1.1208496E-1,9.699402E-2,3.636612E-1],"split_indices":[0,0,0,0,0,0,0,0,0,0,0],"split_type":[0,0,0,0,0,0,0,0,0,0,0],"sum_hessian":[9E0,4E0,5E0,1E0,3E0,4E0,1E0,2E0,1E0,1E0,3E0],"tree_param":{"num_deleted":"0","num_feature":"2","num_nodes":"11","size_leaf_vector":"1"}},{"base_weights":[1.944336E-1,-7.9649534E0,6.9615173E0,-1.2798828E0,-3.556778E0,3.0596802E0,1.3235352E0,-4.032491E-1,-1.0648193E-1,9.214478E-2,3.3638763E-1],"categories":[],"categories_nodes":[],"categories_segments":[],"categories_sizes":[],"default_left":[0,0,0,0,0,0,0,0,0,0,0],"id":38,"left_children":[1,3,5,-1,7,9,-1,-1,-1,-1,-1],"loss_changes":[6.076007E2,6.1020203E1,1.0638095E2,0E0,4.479599E-1,1.5257263E-1,0E0,0E0,0E0,0E0,0E0],"parents":[2147483647,0,0,1,1,2,2,4,4,5,5],"right_children":[2,4,6,-1,8,10,-1,-1,-1,-1,-1],"split_conditions":[6.030937E-1,1.0107583E-1,1E0,-1.2798828E0,3.0139592E-1,7.00537E-1,1.3235352E0,-4.032491E-1,-1.0648193E-1,9.214478E-2,3.3638763E-1],"split_indices":[0,0,0,0,0,0,0,0,0,0,0],"split_type":[0,0,0,0,0,0,0,0,0,0,0],"sum_hessian":[9E0,4E0,5E0,1E0,3E0,4E0,1E0,2E0,1E0,1E0,3E0],"tree_param":{"num_deleted":"0","num_feature":"2","num_nodes":"11","size_leaf_vector":"1"}},{"base_weights":[1.7124328E-1,-7.5263734E0,6.557383E0,-1.215889E0,-3.3285217E0,2.8394288E-1,1.2573578E0,-3.7636515E-1,-1.01156615E-1],"categories":[],"categories_nodes":[],"categories_segments":[],"categories_sizes":[],"default_left":[0,0,0,0,0,0,0,0,0],"id":39,"left_children":[1,3,5,-1,7,-1,-1,-1,-1],"loss_changes":[5.409339E2,5.6761963E1,9.850586E1,0E0,2.255249E-1,0E0,0E0,0E0,0E0],"parents":[2147483647,0,0,1,1,2,2,4,4],"right_children":[2,4,6,-1,8,-1,-1,-1,-1],"split_conditions":[6.030937E-1,1.0107583E-1,1E0,-1.215889E0,3.0139592E-1,2.8394288E-1,1.2573578E0,-3.7636515E-1,-1.01156615E-1],"split_indices":[0,0,0,0,0,0,0,0,0],"split_type":[0,0,0,0,0,0,0,0,0],"sum_hessian":[9E0,4E0,5E0,1E0,3E0,4E0,1E0,2E0,1E0],"tree_param":{"num_deleted":"0","num_feature":"2","num_nodes":"9","size_leaf_vector":"1"}},{"base_weights":[1.3890381E-1,-7.1124268E0,6.158529E0,-1.155095E0,-3.115059E0,2.6122804E0,1.1944885E0,-3.512746E-1,-9.609985E-2,7.333984E-2,2.898651E-1],"categories":[],"categories_nodes":[],"categories_segments":[],"categories_sizes":[],"default_left":[0,0,0,0,0,0,0,0,0,0,0],"id":40,"left_children":[1,3,5,-1,7,9,-1,-1,-1,-1,-1],"loss_changes":[4.80305E2,5.2730133E1,9.1915726E1,0E0,5.0827026E-2,5.644226E-1,0E0,0E0,0E0,0E0,0E0],"parents":[2147483647,0,0,1,1,2,2,4,4,5,5],"right_children":[2,4,6,-1,8,10,-1,-1,-1,-1,-1],"split_conditions":[6.030937E-1,1.0107583E-1,1E0,-1.155095E0,3.0139592E-1,7.00537E-1,1.1944885E0,-3.512746E-1,-9.609985E-2,7.333984E-2,2.898651E-1],"split_indices":[0,0,0,0,0,0,0,0,0,0,0],"split_type":[0,0,0,0,0,0,0,0,0,0,0],"sum_hessian":[9E0,4E0,5E0,1E0,3E0,4E0,1E0,2E0,1E0,1E0,3E0],"tree_param":{"num_deleted":"0","num_feature":"2","num_nodes":"11","size_leaf_vector":"1"}},{"base_weights":[1.2053528E-1,-6.721686E0,5.802297E0,-1.0973405E0,-2.9154053E-1,2.423694E0,1.1347656E0,1.0351767E-1,3.0043134E-1],"categories":[],"categories_nodes":[],"categories_segments":[],"categories_sizes":[],"default_left":[0,0,0,0,0,0,0,0,0],"id":41,"left_children":[1,3,5,-1,-1,7,-1,-1,-1],"loss_changes":[4.2775992E2,4.8924225E1,8.491017E1,0E0,0E0,9.2100334E-1,0E0,0E0,0E0],"parents":[2147483647,0,0,1,1,2,2,5,5],"right_children":[2,4,6,-1,-1,8,-1,-1,-1],"split_conditions":[6.030937E-1,1.0107583E-1,1E0,-1.0973405E0,-2.9154053E-1,8.040109E-1,1.1347656E0,1.0351767E-1,3.0043134E-1],"split_indices":[0,0,0,0,0,0,0,0,0],"split_type":[0,0,0,0,0,0,0,0,0],"sum_hessian":[9E0,4E0,5E0,1E0,3E0,4E0,1E0,2E0,2E0],"tree_param":{"num_deleted":"0","num_feature":"2","num_nodes":"9","size_leaf_vector":"1"}},{"base_weights":[1.2347412E-1,-6.327283E0,5.4785256E0,-1.0424728E0,-2.6967392E0,2.2621217E0,1.0780274E0,-3.084198E-1,-7.6718144E-2,9.661662E-2,2.8040364E-1],"categories":[],"categories_nodes":[],"categories_segments":[],"categories_sizes":[],"default_left":[0,0,0,0,0,0,0,0,0,0,0],"id":42,"left_children":[1,3,5,-1,7,9,-1,-1,-1,-1,-1],"loss_changes":[3.8010553E2,4.6267014E1,7.792909E1,0E0,6.2435913E-1,8.023205E-1,0E0,0E0,0E0,0E0,0E0],"parents":[2147483647,0,0,1,1,2,2,4,4,5,5],"right_children":[2,4,6,-1,8,10,-1,-1,-1,-1,-1],"split_conditions":[6.030937E-1,1.0107583E-1,1E0,-1.0424728E0,3.0139592E-1,8.040109E-1,1.0780274E0,-3.084198E-1,-7.6718144E-2,9.661662E-2,2.8040364E-1],"split_indices":[0,0,0,0,0,0,0,0,0,0,0],"split_type":[0,0,0,0,0,0,0,0,0,0,0],"sum_hessian":[9E0,4E0,5E0,1E0,3E0,4E0,1E0,2E0,1E0,2E0,2E0],"tree_param":{"num_deleted":"0","num_feature":"2","num_nodes":"11","size_leaf_vector":"1"}},{"base_weights":[1.1387329E-1,-5.980078E0,5.1731873E0,-9.903488E-1,-2.5233536E0,2.111316E0,1.0241272E0,-2.8785908E-1,-7.288208E-2,9.0175375E-2,2.617106E-1],"categories":[],"categories_nodes":[],"categories_segments":[],"categories_sizes":[],"default_left":[0,0,0,0,0,0,0,0,0,0,0],"id":43,"left_children":[1,3,5,-1,7,9,-1,-1,-1,-1,-1],"loss_changes":[3.392482E2,4.282074E1,7.1484375E1,0E0,4.5196152E-1,6.9893837E-1,0E0,0E0,0E0,0E0,0E0],"parents":[2147483647,0,0,1,1,2,2,4,4,5,5],"right_children":[2,4,6,-1,8,10,-1,-1,-1,-1,-1],"split_conditions":[6.030937E-1,1.0107583E-1,1E0,-9.903488E-1,3.0139592E-1,8.040109E-1,1.0241272E0,-2.8785908E-1,-7.288208E-2,9.0175375E-2,2.617106E-1],"split_indices":[0,0,0,0,0,0,0,0,0,0,0],"split_type":[0,0,0,0,0,0,0,0,0,0,0],"sum_hessian":[9E0,4E0,5E0,1E0,3E0,4E0,1E0,2E0,1E0,2E0,2E0],"tree_param":{"num_deleted":"0","num_feature":"2","num_nodes":"11","size_leaf_vector":"1"}},{"base_weights":[1.0498352E-1,-5.652289E0,4.8852134E0,-9.40831E-1,-2.361206E0,1.9705689E0,9.729218E-1,-2.6866862E-1,-6.923828E-2,8.416545E-2,2.442627E-1],"categories":[],"categories_nodes":[],"categories_segments":[],"categories_sizes":[],"default_left":[0,0,0,0,0,0,0,0,0,0,0],"id":44,"left_children":[1,3,5,-1,7,9,-1,-1,-1,-1,-1],"loss_changes":[3.028235E2,3.959192E1,6.5539215E1,0E0,3.1245995E-1,6.087189E-1,0E0,0E0,0E0,0E0,0E0],"parents":[2147483647,0,0,1,1,2,2,4,4,5,5],"right_children":[2,4,6,-1,8,10,-1,-1,-1,-1,-1],"split_conditions":[6.030937E-1,1.0107583E-1,1E0,-9.40831E-1,3.0139592E-1,8.040109E-1,9.729218E-1,-2.6866862E-1,-6.923828E-2,8.416545E-2,2.442627E-1],"split_indices":[0,0,0,0,0,0,0,0,0,0,0],"split_type":[0,0,0,0,0,0,0,0,0,0,0],"sum_hessian":[9E0,4E0,5E0,1E0,3E0,4E0,1E0,2E0,1E0,2E0,2E0],"tree_param":{"num_deleted":"0","num_feature":"2","num_nodes":"11","size_leaf_vector":"1"}},{"base_weights":[9.6746825E-2,-5.34281E0,4.6135864E0,-8.937897E-1,-2.2095642E0,1.8391968E0,9.2427677E-1,-2.5075683E-1,-6.577759E-2,7.855428E-2,2.2797851E-1],"categories":[],"categories_nodes":[],"categories_segments":[],"categories_sizes":[],"default_left":[0,0,0,0,0,0,0,0,0,0,0],"id":45,"left_children":[1,3,5,-1,7,9,-1,-1,-1,-1,-1],"loss_changes":[2.7034558E2,3.65726E1,6.005964E1,0E0,2.0033836E-1,5.302696E-1,0E0,0E0,0E0,0E0,0E0],"parents":[2147483647,0,0,1,1,2,2,4,4,5,5],"right_children":[2,4,6,-1,8,10,-1,-1,-1,-1,-1],"split_conditions":[6.030937E-1,1.0107583E-1,1E0,-8.937897E-1,3.0139592E-1,8.040109E-1,9.2427677E-1,-2.5075683E-1,-6.577759E-2,7.855428E-2,2.2797851E-1],"split_indices":[0,0,0,0,0,0,0,0,0,0,0],"split_type":[0,0,0,0,0,0,0,0,0,0,0],"sum_hessian":[9E0,4E0,5E0,1E0,3E0,4E0,1E0,2E0,1E0,2E0,2E0],"tree_param":{"num_deleted":"0","num_feature":"2","num_nodes":"11","size_leaf_vector":"1"}},{"base_weights":[8.912659E-2,-5.050592E0,4.357371E0,-8.4909976E-1,-2.0677414E0,1.7165893E0,8.78064E-1,-2.3404033E-1,-6.2487792E-2,7.331746E-2,2.1278076E-1],"categories":[],"categories_nodes":[],"categories_segments":[],"categories_sizes":[],"default_left":[0,0,0,0,0,0,0,0,0,0,0],"id":46,"left_children":[1,3,5,-1,7,9,-1,-1,-1,-1,-1],"loss_changes":[2.4138306E2,3.37539E1,5.5012566E1,0E0,1.1118889E-1,4.61936E-1,0E0,0E0,0E0,0E0,0E0],"parents":[2147483647,0,0,1,1,2,2,4,4,5,5],"right_children":[2,4,6,-1,8,10,-1,-1,-1,-1,-1],"split_conditions":[6.030937E-1,1.0107583E-1,1E0,-8.4909976E-1,3.0139592E-1,8.040109E-1,8.78064E-1,-2.3404033E-1,-6.2487792E-2,7.331746E-2,2.1278076E-1],"split_indices":[0,0,0,0,0,0,0,0,0,0,0],"split_type":[0,0,0,0,0,0,0,0,0,0,0],"sum_hessian":[9E0,4E0,5E0,1E0,3E0,4E0,1E0,2E0,1E0,2E0,2E0],"tree_param":{"num_deleted":"0","num_feature":"2","num_nodes":"11","size_leaf_vector":"1"}},{"base_weights":[8.207703E-2,-4.774652E0,4.1156716E0,-8.066452E-1,-1.9350891E0,1.6021607E0,8.341614E-1,-2.184367E-1,-5.9362795E-2,6.843059E-2,1.985962E-1],"categories":[],"categories_nodes":[],"categories_segments":[],"categories_sizes":[],"default_left":[0,0,0,0,0,0,0,0,0,0,0],"id":47,"left_children":[1,3,5,-1,7,9,-1,-1,-1,-1,-1],"loss_changes":[2.1555168E2,3.1127075E1,5.0367104E1,0E0,4.088497E-2,4.0236473E-1,0E0,0E0,0E0,0E0,0E0],"parents":[2147483647,0,0,1,1,2,2,4,4,5,5],"right_children":[2,4,6,-1,8,10,-1,-1,-1,-1,-1],"split_conditions":[6.030937E-1,1.0107583E-1,1E0,-8.066452E-1,3.0139592E-1,8.040109E-1,8.341614E-1,-2.184367E-1,-5.9362795E-2,6.843059E-2,1.985962E-1],"split_indices":[0,0,0,0,0,0,0,0,0,0,0],"split_type":[0,0,0,0,0,0,0,0,0,0,0],"sum_hessian":[9E0,4E0,5E0,1E0,3E0,4E0,1E0,2E0,1E0,2E0,2E0],"tree_param":{"num_deleted":"0","num_feature":"2","num_nodes":"11","size_leaf_vector":"1"}},{"base_weights":[7.5546265E-2,-4.5140686E0,3.8876343E0,-7.663132E-1,-1.81102E-1,1.4953492E0,7.92453E-1,6.386922E-2,1.8535563E-1],"categories":[],"categories_nodes":[],"categories_segments":[],"categories_sizes":[],"default_left":[0,0,0,0,0,0,0,0,0],"id":48,"left_children":[1,3,5,-1,-1,7,-1,-1,-1],"loss_changes":[1.9250922E2,2.8682266E1,4.6094505E1,0E0,0E0,3.5045147E-1,0E0,0E0,0E0],"parents":[2147483647,0,0,1,1,2,2,5,5],"right_children":[2,4,6,-1,-1,8,-1,-1,-1],"split_conditions":[6.030937E-1,1.0107583E-1,1E0,-7.663132E-1,-1.81102E-1,8.040109E-1,7.92453E-1,6.386922E-2,1.8535563E-1],"split_indices":[0,0,0,0,0,0,0,0,0],"split_type":[0,0,0,0,0,0,0,0,0],"sum_hessian":[9E0,4E0,5E0,1E0,3E0,4E0,1E0,2E0,2E0],"tree_param":{"num_deleted":"0","num_feature":"2","num_nodes":"9","size_leaf_vector":"1"}},{"base_weights":[7.741699E-2,-4.2521486E0,3.6724854E0,-7.279968E-1,-1.6752014E0,1.3956665E0,7.52829E-1,-1.9180094E-1,-4.733887E-2,5.9613038E-2,1.7299806E-1],"categories":[],"categories_nodes":[],"categories_segments":[],"categories_sizes":[],"default_left":[0,0,0,0,0,0,0,0,0,0,0],"id":49,"left_children":[1,3,5,-1,7,9,-1,-1,-1,-1,-1],"loss_changes":[1.7126678E2,2.6817238E1,4.2166832E1,0E0,2.5927544E-1,3.0518723E-1,0E0,0E0,0E0,0E0,0E0],"parents":[2147483647,0,0,1,1,2,2,4,4,5,5],"right_children":[2,4,6,-1,8,10,-1,-1,-1,-1,-1],"split_conditions":[6.030937E-1,1.0107583E-1,1E0,-7.279968E-1,3.0139592E-1,8.040109E-1,7.52829E-1,-1.9180094E-1,-4.733887E-2,5.9613038E-2,1.7299806E-1],"split_indices":[0,0,0,0,0,0,0,0,0,0,0],"split_type":[0,0,0,0,0,0,0,0,0,0,0],"sum_hessian":[9E0,4E0,5E0,1E0,3E0,4E0,1E0,2E0,1E0,2E0,2E0],"tree_param":{"num_deleted":"0","num_feature":"2","num_nodes":"11","size_leaf_vector":"1"}},{"base_weights":[7.150879E-2,-4.0203614E0,3.4694824E0,-6.91597E-1,-1.5674667E0,1.3026245E0,7.151886E-1,-1.790151E-1,-4.4970702E-2,5.5637617E-2,1.6146646E-1],"categories":[],"categories_nodes":[],"categories_segments":[],"categories_sizes":[],"default_left":[0,0,0,0,0,0,0,0,0,0,0],"id":50,"left_children":[1,3,5,-1,7,9,-1,-1,-1,-1,-1],"loss_changes":[1.5298924E2,2.4672554E1,3.8559242E1,0E0,1.9058704E-1,2.6593685E-1,0E0,0E0,0E0,0E0,0E0],"parents":[2147483647,0,0,1,1,2,2,4,4,5,5],"right_children":[2,4,6,-1,8,10,-1,-1,-1,-1,-1],"split_conditions":[6.030937E-1,1.0107583E-1,1E0,-6.91597E-1,3.0139592E-1,8.040109E-1,7.151886E-1,-1.790151E-1,-4.4970702E-2,5.5637617E-2,1.6146646E-1],"split_indices":[0,0,0,0,0,0,0,0,0,0,0],"split_type":[0,0,0,0,0,0,0,0,0,0,0],"sum_hessian":[9E0,4E0,5E0,1E0,3E0,4E0,1E0,2E0,1E0,2E0,2E0],"tree_param":{"num_deleted":"0","num_feature":"2","num_nodes":"11","size_leaf_vector":"1"}},{"base_weights":[6.6027835E-2,-3.8014405E0,3.2779133E0,-6.570175E-1,-1.466713E0,1.2157837E0,6.794281E-1,-1.6708069E-1,-4.272156E-2,3.0978395E-2,1.3648377E-1],"categories":[],"categories_nodes":[],"categories_segments":[],"categories_sizes":[],"default_left":[0,0,0,0,0,0,0,0,0,0,0],"id":51,"left_children":[1,3,5,-1,7,9,-1,-1,-1,-1,-1],"loss_changes":[1.3667946E2,2.2684647E1,3.5246857E1,0E0,1.3482666E-1,2.5240898E-1,0E0,0E0,0E0,0E0,0E0],"parents":[2147483647,0,0,1,1,2,2,4,4,5,5],"right_children":[2,4,6,-1,8,10,-1,-1,-1,-1,-1],"split_conditions":[6.030937E-1,1.0107583E-1,1E0,-6.570175E-1,3.0139592E-1,7.00537E-1,6.794281E-1,-1.6708069E-1,-4.272156E-2,3.0978395E-2,1.3648377E-1],"split_indices":[0,0,0,0,0,0,0,0,0,0,0],"split_type":[0,0,0,0,0,0,0,0,0,0,0],"sum_hessian":[9E0,4E0,5E0,1E0,3E0,4E0,1E0,2E0,1E0,1E0,3E0],"tree_param":{"num_deleted":"0","num_feature":"2","num_nodes":"11","size_leaf_vector":"1"}},{"base_weights":[5.742798E-2,-3.5946655E0,3.0912678E0,-6.241669E-1,-1.3724976E0,1.1276977E0,6.4545596E-1,-1.5594278E-1,-4.0585328E-2,4.6343993E-2,1.4160563E-1],"categories":[],"categories_nodes":[],"categories_segments":[],"categories_sizes":[],"default_left":[0,0,0,0,0,0,0,0,0,0,0],"id":52,"left_children":[1,3,5,-1,7,9,-1,-1,-1,-1,-1],"loss_changes":[1.2191074E2,2.084375E1,3.2345562E1,0E0,8.98819E-2,3.0146503E-1,0E0,0E0,0E0,0E0,0E0],"parents":[2147483647,0,0,1,1,2,2,4,4,5,5],"right_children":[2,4,6,-1,8,10,-1,-1,-1,-1,-1],"split_conditions":[6.030937E-1,1.0107583E-1,1E0,-6.241669E-1,3.0139592E-1,8.040109E-1,6.4545596E-1,-1.5594278E-1,-4.0585328E-2,4.6343993E-2,1.4160563E-1],"split_indices":[0,0,0,0,0,0,0,0,0,0,0],"split_type":[0,0,0,0,0,0,0,0,0,0,0],"sum_hessian":[9E0,4E0,5E0,1E0,3E0,4E0,1E0,2E0,1E0,2E0,2E0],"tree_param":{"num_deleted":"0","num_feature":"2","num_nodes":"11","size_leaf_vector":"1"}},{"base_weights":[5.2963257E-2,-3.3993347E0,2.921051E0,-5.025381E-1,-6.401774E-2,1.0525268E0,6.131836E-1,4.3255616E-2,1.3216554E-1],"categories":[],"categories_nodes":[],"categories_segments":[],"categories_sizes":[],"default_left":[0,0,0,0,0,0,0,0,0],"id":53,"left_children":[1,3,5,-1,-1,7,-1,-1,-1],"loss_changes":[1.08944565E2,1.9215446E1,2.9542648E1,0E0,0E0,2.6256847E-1,0E0,0E0,0E0],"parents":[2147483647,0,0,1,1,2,2,5,5],"right_children":[2,4,6,-1,-1,8,-1,-1,-1],"split_conditions":[6.030937E-1,2.007858E-1,1E0,-5.025381E-1,-6.401774E-2,8.040109E-1,6.131836E-1,4.3255616E-2,1.3216554E-1],"split_indices":[0,0,0,0,0,0,0,0,0],"split_type":[0,0,0,0,0,0,0,0,0],"sum_hessian":[9E0,4E0,5E0,2E0,2E0,4E0,1E0,2E0,2E0],"tree_param":{"num_deleted":"0","num_feature":"2","num_nodes":"9","size_leaf_vector":"1"}},{"base_weights":[6.98761E-2,-3.1727111E0,2.7603862E0,-5.6783146E-1,-1.12673186E-1,9.8236084E-1,5.825257E-1,4.0370688E-2,1.2335612E-1],"categories":[],"categories_nodes":[],"categories_segments":[],"categories_sizes":[],"default_left":[0,0,0,0,0,0,0,0,0],"id":54,"left_children":[1,3,5,-1,-1,7,-1,-1,-1],"loss_changes":[9.6000046E1,1.9234123E1,2.6974003E1,0E0,0E0,2.2879362E-1,0E0,0E0,0E0],"parents":[2147483647,0,0,1,1,2,2,5,5],"right_children":[2,4,6,-1,-1,8,-1,-1,-1],"split_conditions":[6.030937E-1,1.0107583E-1,1E0,-5.6783146E-1,-1.12673186E-1,8.040109E-1,5.825257E-1,4.0370688E-2,1.2335612E-1],"split_indices":[0,0,0,0,0,0,0,0,0],"split_type":[0,0,0,0,0,0,0,0,0],"sum_hessian":[9E0,4E0,5E0,1E0,3E0,4E0,1E0,2E0,2E0],"tree_param":{"num_deleted":"0","num_feature":"2","num_nodes":"9","size_leaf_vector":"1"}},{"base_weights":[6.947021E-2,-2.9915404E0,2.6087341E0,-5.394394E-1,-1.0422287E0,9.1688234E-1,5.533997E-1,-1.1914978E-1,-2.972107E-2,3.768107E-2,1.1513265E-1],"categories":[],"categories_nodes":[],"categories_segments":[],"categories_sizes":[],"default_left":[0,0,0,0,0,0,0,0,0,0,0],"id":55,"left_children":[1,3,5,-1,7,9,-1,-1,-1,-1,-1],"loss_changes":[8.553127E1,1.779736E1,2.4620644E1,0E0,9.0706825E-2,1.992507E-1,0E0,0E0,0E0,0E0,0E0],"parents":[2147483647,0,0,1,1,2,2,4,4,5,5],"right_children":[2,4,6,-1,8,10,-1,-1,-1,-1,-1],"split_conditions":[6.030937E-1,1.0107583E-1,1E0,-5.394394E-1,3.0139592E-1,8.040109E-1,5.533997E-1,-1.1914978E-1,-2.972107E-2,3.768107E-2,1.1513265E-1],"split_indices":[0,0,0,0,0,0,0,0,0,0,0],"split_type":[0,0,0,0,0,0,0,0,0,0,0],"sum_hessian":[9E0,4E0,5E0,1E0,3E0,4E0,1E0,2E0,1E0,2E0,2E0],"tree_param":{"num_deleted":"0","num_feature":"2","num_nodes":"11","size_leaf_vector":"1"}},{"base_weights":[6.431885E-2,-2.8300538E0,2.4655762E0,-5.12468E-1,-9.7522736E-1,8.557739E-1,5.2572936E-1,-1.1120707E-1,-2.8234864E-2,4.507904E-2,1.237854E-1],"categories":[],"categories_nodes":[],"categories_segments":[],"categories_sizes":[],"default_left":[0,0,0,0,0,0,0,0,0,0,0],"id":56,"left_children":[1,3,5,-1,7,9,-1,-1,-1,-1,-1],"loss_changes":[7.647905E1,1.6282936E1,2.2465622E1,0E0,6.5271854E-2,2.156682E-1,0E0,0E0,0E0,0E0,0E0],"parents":[2147483647,0,0,1,1,2,2,4,4,5,5],"right_children":[2,4,6,-1,8,10,-1,-1,-1,-1,-1],"split_conditions":[6.030937E-1,1.0107583E-1,1E0,-5.12468E-1,3.0139592E-1,9.0263325E-1,5.2572936E-1,-1.1120707E-1,-2.8234864E-2,4.507904E-2,1.237854E-1],"split_indices":[0,0,0,0,0,0,0,0,0,0,0],"split_type":[0,0,0,0,0,0,0,0,0,0,0],"sum_hessian":[9E0,4E0,5E0,1E0,3E0,4E0,1E0,2E0,1E0,3E0,1E0],"tree_param":{"num_deleted":"0","num_feature":"2","num_nodes":"11","size_leaf_vector":"1"}},{"base_weights":[6.2149048E-2,-4.0361023E0,1.5912247E0,-4.8684388E-1,-1.18571475E-1,3.915667E-1,4.9944153E-1,-4.2626955E-2,8.039551E-1,4.169617E-2,1.1759644E-1],"categories":[],"categories_nodes":[],"categories_segments":[],"categories_sizes":[],"default_left":[0,0,0,0,0,0,0,0,0,0,0],"id":57,"left_children":[1,3,5,-1,-1,7,-1,-1,9,-1,-1],"loss_changes":[6.908771E1,1.3448677E0,3.0705671E1,0E0,0E0,2.7035646E0,0E0,0E0,2.2949362E-1,0E0,0E0],"parents":[2147483647,0,0,1,1,2,2,5,5,8,8],"right_children":[2,4,6,-1,-1,8,-1,-1,10,-1,-1],"split_conditions":[2.007858E-1,1.0107583E-1,1E0,-4.8684388E-1,-1.18571475E-1,6.030937E-1,4.9944153E-1,-4.2626955E-2,9.0263325E-1,4.169617E-2,1.1759644E-1],"split_indices":[0,0,0,0,0,0,0,0,0,0,0],"split_type":[0,0,0,0,0,0,0,0,0,0,0],"sum_hessian":[9E0,2E0,7E0,1E0,1E0,6E0,1E0,2E0,4E0,3E0,1E0],"tree_param":{"num_deleted":"0","num_feature":"2","num_nodes":"11","size_leaf_vector":"1"}},{"base_weights":[5.699768E-2,-3.8342998E0,1.5091095E0,-4.6250153E-1,-1.12643436E-1,3.6907086E-1,4.74469E-1,-3.9786782E-2,7.554199E-1,3.856964E-2,1.117157E-1],"categories":[],"categories_nodes":[],"categories_segments":[],"categories_sizes":[],"default_left":[0,0,0,0,0,0,0,0,0,0,0],"id":58,"left_children":[1,3,5,-1,-1,7,-1,-1,9,-1,-1],"loss_changes":[6.229237E1,1.2136765E0,2.775837E1,0E0,0E0,2.3746996E0,0E0,0E0,2.3783016E-1,0E0,0E0],"parents":[2147483647,0,0,1,1,2,2,5,5,8,8],"right_children":[2,4,6,-1,-1,8,-1,-1,10,-1,-1],"split_conditions":[2.007858E-1,1.0107583E-1,1E0,-4.6250153E-1,-1.12643436E-1,6.030937E-1,4.74469E-1,-3.9786782E-2,9.0263325E-1,3.856964E-2,1.117157E-1],"split_indices":[0,0,0,0,0,0,0,0,0,0,0],"split_type":[0,0,0,0,0,0,0,0,0,0,0],"sum_hessian":[9E0,2E0,7E0,1E0,1E0,6E0,1E0,2E0,4E0,3E0,1E0],"tree_param":{"num_deleted":"0","num_feature":"2","num_nodes":"11","size_leaf_vector":"1"}},{"base_weights":[5.2279662E-2,-3.6425884E0,1.4313202E0,-4.3937683E-1,-1.07011415E-1,3.479527E-1,4.5074463E-1,-3.713379E-2,7.099365E-1,3.5676576E-2,1.0613098E-1],"categories":[],"categories_nodes":[],"categories_segments":[],"categories_sizes":[],"default_left":[0,0,0,0,0,0,0,0,0,0,0],"id":59,"left_children":[1,3,5,-1,-1,7,-1,-1,9,-1,-1],"loss_changes":[5.6167435E1,1.0953407E0,2.509222E1,0E0,0E0,2.0862274E0,0E0,0E0,2.4183488E-1,0E0,0E0],"parents":[2147483647,0,0,1,1,2,2,5,5,8,8],"right_children":[2,4,6,-1,-1,8,-1,-1,10,-1,-1],"split_conditions":[2.007858E-1,1.0107583E-1,1E0,-4.3937683E-1,-1.07011415E-1,6.030937E-1,4.5074463E-1,-3.713379E-2,9.0263325E-1,3.5676576E-2,1.0613098E-1],"split_indices":[0,0,0,0,0,0,0,0,0,0,0],"split_type":[0,0,0,0,0,0,0,0,0,0,0],"sum_hessian":[9E0,2E0,7E0,1E0,1E0,6E0,1E0,2E0,4E0,3E0,1E0],"tree_param":{"num_deleted":"0","num_feature":"2","num_nodes":"11","size_leaf_vector":"1"}},{"base_weights":[4.7943115E-2,-3.4604492E0,1.3575974E0,-4.1740724E-1,-1.01660155E-1,3.2809013E-1,4.282074E-1,-3.465983E-2,6.6728514E-1,3.299866E-2,1.00823976E-1],"categories":[],"categories_nodes":[],"categories_segments":[],"categories_sizes":[],"default_left":[0,0,0,0,0,0,0,0,0,0,0],"id":60,"left_children":[1,3,5,-1,-1,7,-1,-1,9,-1,-1],"loss_changes":[5.0645706E1,9.8859406E-1,2.2681252E1,0E0,0E0,1.8332367E0,0E0,0E0,2.4231195E-1,0E0,0E0],"parents":[2147483647,0,0,1,1,2,2,5,5,8,8],"right_children":[2,4,6,-1,-1,8,-1,-1,10,-1,-1],"split_conditions":[2.007858E-1,1.0107583E-1,1E0,-4.1740724E-1,-1.01660155E-1,6.030937E-1,4.282074E-1,-3.465983E-2,9.0263325E-1,3.299866E-2,1.00823976E-1],"split_indices":[0,0,0,0,0,0,0,0,0,0,0],"split_type":[0,0,0,0,0,0,0,0,0,0,0],"sum_hessian":[9E0,2E0,7E0,1E0,1E0,6E0,1E0,2E0,4E0,3E0,1E0],"tree_param":{"num_deleted":"0","num_feature":"2","num_nodes":"11","size_leaf_vector":"1"}},{"base_weights":[4.397278E-2,-3.2874248E0,1.2877502E0,-3.9653626E-1,-9.657746E-2,3.094395E-1,4.0679628E-1,-3.2348633E-2,6.273071E-1,3.0522157E-2,9.578247E-2],"categories":[],"categories_nodes":[],"categories_segments":[],"categories_sizes":[],"default_left":[0,0,0,0,0,0,0,0,0,0,0],"id":61,"left_children":[1,3,5,-1,-1,7,-1,-1,9,-1,-1],"loss_changes":[4.5668552E1,8.921585E-1,2.0500505E1,0E0,0E0,1.6112318E0,0E0,0E0,2.3992586E-1,0E0,0E0],"parents":[2147483647,0,0,1,1,2,2,5,5,8,8],"right_children":[2,4,6,-1,-1,8,-1,-1,10,-1,-1],"split_conditions":[2.007858E-1,1.0107583E-1,1E0,-3.9653626E-1,-9.657746E-2,6.030937E-1,4.0679628E-1,-3.2348633E-2,9.0263325E-1,3.0522157E-2,9.578247E-2],"split_indices":[0,0,0,0,0,0,0,0,0,0,0],"split_type":[0,0,0,0,0,0,0,0,0,0,0],"sum_hessian":[9E0,2E0,7E0,1E0,1E0,6E0,1E0,2E0,4E0,3E0,1E0],"tree_param":{"num_deleted":"0","num_feature":"2","num_nodes":"11","size_leaf_vector":"1"}},{"base_weights":[4.034424E-2,-3.1230469E0,1.2215729E0,-3.7670898E-1,-9.174805E-2,2.9192242E-1,3.864563E-1,-1.773529E-1,6.8821716E-1,-3.0192057E-2,9.817505E-3,3.1099448E-2,9.099426E-2],"categories":[],"categories_nodes":[],"categories_segments":[],"categories_sizes":[],"default_left":[0,0,0,0,0,0,0,0,0,0,0,0,0],"id":62,"left_children":[1,3,5,-1,-1,7,-1,9,11,-1,-1,-1,-1],"loss_changes":[4.1181908E1,8.052082E-1,1.8528301E1,0E0,0E0,1.4238567E0,0E0,1.6692857E-1,5.1572442E-2,0E0,0E0,0E0,0E0],"parents":[2147483647,0,0,1,1,2,2,5,5,7,7,8,8],"right_children":[2,4,6,-1,-1,8,-1,10,12,-1,-1,-1,-1],"split_conditions":[2.007858E-1,1.0107583E-1,1E0,-3.7670898E-1,-9.174805E-2,7.00537E-1,3.864563E-1,6.030937E-1,9.0263325E-1,-3.0192057E-2,9.817505E-3,3.1099448E-2,9.099426E-2],"split_indices":[0,0,0,0,0,0,0,0,0,0,0,0,0],"split_type":[0,0,0,0,0,0,0,0,0,0,0,0,0],"sum_hessian":[9E0,2E0,7E0,1E0,1E0,6E0,1E0,3E0,3E0,2E0,1E0,2E0,1E0],"tree_param":{"num_deleted":"0","num_feature":"2","num_nodes":"13","size_leaf_vector":"1"}},{"base_weights":[3.8275145E-2,-2.9668987E0,1.1604309E0,-3.5787353E-1,-8.716126E-2,2.7725655E-1,3.6713257E-1,-1.6470337E-1,6.4990234E-1,-2.8177897E-2,9.326172E-3,2.9024253E-2,8.6444095E-2],"categories":[],"categories_nodes":[],"categories_segments":[],"categories_sizes":[],"default_left":[0,0,0,0,0,0,0,0,0,0,0,0,0],"id":63,"left_children":[1,3,5,-1,-1,7,-1,9,11,-1,-1,-1,-1],"loss_changes":[3.7165615E1,7.266464E-1,1.6722565E1,0E0,0E0,1.2599027E0,0E0,1.4708486E-1,5.7746172E-2,0E0,0E0,0E0,0E0],"parents":[2147483647,0,0,1,1,2,2,5,5,7,7,8,8],"right_children":[2,4,6,-1,-1,8,-1,10,12,-1,-1,-1,-1],"split_conditions":[2.007858E-1,1.0107583E-1,1E0,-3.5787353E-1,-8.716126E-2,7.00537E-1,3.6713257E-1,6.030937E-1,9.0263325E-1,-2.8177897E-2,9.326172E-3,2.9024253E-2,8.6444095E-2],"split_indices":[0,0,0,0,0,0,0,0,0,0,0,0,0],"split_type":[0,0,0,0,0,0,0,0,0,0,0,0,0],"sum_hessian":[9E0,2E0,7E0,1E0,1E0,6E0,1E0,3E0,3E0,2E0,1E0,2E0,1E0],"tree_param":{"num_deleted":"0","num_feature":"2","num_nodes":"13","size_leaf_vector":"1"}},{"base_weights":[3.631897E-2,-2.8185527E0,1.102356E0,-3.3997956E-1,-8.2803346E-2,2.6333183E-1,3.4877625E-1,-1.5293884E-1,6.1376953E-1,-2.6298014E-2,8.8592535E-3,2.7087403E-2,8.21228E-2],"categories":[],"categories_nodes":[],"categories_segments":[],"categories_sizes":[],"default_left":[0,0,0,0,0,0,0,0,0,0,0,0,0],"id":64,"left_children":[1,3,5,-1,-1,7,-1,9,11,-1,-1,-1,-1],"loss_changes":[3.3541035E1,6.557808E-1,1.509287E1,0E0,0E0,1.1150078E0,0E0,1.2961178E-1,6.2096953E-2,0E0,0E0,0E0,0E0],"parents":[2147483647,0,0,1,1,2,2,5,5,7,7,8,8],"right_children":[2,4,6,-1,-1,8,-1,10,12,-1,-1,-1,-1],"split_conditions":[2.007858E-1,1.0107583E-1,1E0,-3.3997956E-1,-8.2803346E-2,7.00537E-1,3.4877625E-1,6.030937E-1,9.0263325E-1,-2.6298014E-2,8.8592535E-3,2.7087403E-2,8.21228E-2],"split_indices":[0,0,0,0,0,0,0,0,0,0,0,0,0],"split_type":[0,0,0,0,0,0,0,0,0,0,0,0,0],"sum_hessian":[9E0,2E0,7E0,1E0,1E0,6E0,1E0,3E0,3E0,2E0,1E0,2E0,1E0],"tree_param":{"num_deleted":"0","num_feature":"2","num_nodes":"13","size_leaf_vector":"1"}},{"base_weights":[3.4460448E-2,-2.6776326E0,1.0471878E0,-3.2298127E-1,-7.866364E-2,2.5010464E-1,3.313385E-1,-1.4199829E-1,5.796814E-1,-2.454427E-2,8.416749E-3,2.5280762E-2,7.801514E-2],"categories":[],"categories_nodes":[],"categories_segments":[],"categories_sizes":[],"default_left":[0,0,0,0,0,0,0,0,0,0,0,0,0],"id":65,"left_children":[1,3,5,-1,-1,7,-1,9,11,-1,-1,-1,-1],"loss_changes":[3.0270092E1,5.918217E-1,1.3622088E1,0E0,0E0,9.869098E-1,0E0,1.1424065E-1,6.488526E-2,0E0,0E0,0E0,0E0],"parents":[2147483647,0,0,1,1,2,2,5,5,7,7,8,8],"right_children":[2,4,6,-1,-1,8,-1,10,12,-1,-1,-1,-1],"split_conditions":[2.007858E-1,1.0107583E-1,1E0,-3.2298127E-1,-7.866364E-2,7.00537E-1,3.313385E-1,6.030937E-1,9.0263325E-1,-2.454427E-2,8.416749E-3,2.5280762E-2,7.801514E-2],"split_indices":[0,0,0,0,0,0,0,0,0,0,0,0,0],"split_type":[0,0,0,0,0,0,0,0,0,0,0,0,0],"sum_hessian":[9E0,2E0,7E0,1E0,1E0,6E0,1E0,3E0,3E0,2E0,1E0,2E0,1E0],"tree_param":{"num_deleted":"0","num_feature":"2","num_nodes":"13","size_leaf_vector":"1"}},{"base_weights":[3.2699585E-2,-2.543752E0,9.947815E-1,-3.0683288E-1,-7.472992E-2,2.3754883E-1,3.1477052E-1,-1.3183594E-1,5.475464E-1,-2.290853E-2,7.9956055E-3,2.3596192E-2,7.411499E-2],"categories":[],"categories_nodes":[],"categories_segments":[],"categories_sizes":[],"default_left":[0,0,0,0,0,0,0,0,0,0,0,0,0],"id":66,"left_children":[1,3,5,-1,-1,7,-1,9,11,-1,-1,-1,-1],"loss_changes":[2.7318052E1,5.3417397E-1,1.229438E1,0E0,0E0,8.737449E-1,0E0,1.00703284E-1,6.641221E-2,0E0,0E0,0E0,0E0],"parents":[2147483647,0,0,1,1,2,2,5,5,7,7,8,8],"right_children":[2,4,6,-1,-1,8,-1,10,12,-1,-1,-1,-1],"split_conditions":[2.007858E-1,1.0107583E-1,1E0,-3.0683288E-1,-7.472992E-2,7.00537E-1,3.1477052E-1,6.030937E-1,9.0263325E-1,-2.290853E-2,7.9956055E-3,2.3596192E-2,7.411499E-2],"split_indices":[0,0,0,0,0,0,0,0,0,0,0,0,0],"split_type":[0,0,0,0,0,0,0,0,0,0,0,0,0],"sum_hessian":[9E0,2E0,7E0,1E0,1E0,6E0,1E0,3E0,3E0,2E0,1E0,2E0,1E0],"tree_param":{"num_deleted":"0","num_feature":"2","num_nodes":"13","size_leaf_vector":"1"}},{"base_weights":[3.102417E-2,-2.416565E0,9.4499207E-1,-2.9149172E-1,-7.099304E-2,2.2561209E-1,2.990326E-1,-1.2239075E-1,5.172119E-1,-2.138265E-2,7.5958255E-3,2.2021485E-2,7.0410155E-2],"categories":[],"categories_nodes":[],"categories_segments":[],"categories_sizes":[],"default_left":[0,0,0,0,0,0,0,0,0,0,0,0,0],"id":67,"left_children":[1,3,5,-1,-1,7,-1,9,11,-1,-1,-1,-1],"loss_changes":[2.4653812E1,4.8212814E-1,1.1096324E1,0E0,0E0,7.736448E-1,0E0,8.878664E-2,6.6969156E-2,0E0,0E0,0E0,0E0],"parents":[2147483647,0,0,1,1,2,2,5,5,7,7,8,8],"right_children":[2,4,6,-1,-1,8,-1,10,12,-1,-1,-1,-1],"split_conditions":[2.007858E-1,1.0107583E-1,1E0,-2.9149172E-1,-7.099304E-2,7.00537E-1,2.990326E-1,6.030937E-1,9.0263325E-1,-2.138265E-2,7.5958255E-3,2.2021485E-2,7.0410155E-2],"split_indices":[0,0,0,0,0,0,0,0,0,0,0,0,0],"split_type":[0,0,0,0,0,0,0,0,0,0,0,0,0],"sum_hessian":[9E0,2E0,7E0,1E0,1E0,6E0,1E0,3E0,3E0,2E0,1E0,2E0,1E0],"tree_param":{"num_deleted":"0","num_feature":"2","num_nodes":"13","size_leaf_vector":"1"}},{"base_weights":[2.9437255E-2,-2.2957356E0,8.9769745E-1,-2.769165E-1,-6.744385E-2,2.14277E-1,2.8408203E-1,-1.13601685E-1,4.8858643E-1,-1.9958496E-2,7.217407E-3,2.0552572E-2,6.688843E-2],"categories":[],"categories_nodes":[],"categories_segments":[],"categories_sizes":[],"default_left":[0,0,0,0,0,0,0,0,0,0,0,0,0],"id":68,"left_children":[1,3,5,-1,-1,7,-1,9,11,-1,-1,-1,-1],"loss_changes":[2.2249428E1,4.3507767E-1,1.0015036E1,0E0,0E0,6.8508565E-1,0E0,7.829929E-2,6.666803E-2,0E0,0E0,0E0,0E0],"parents":[2147483647,0,0,1,1,2,2,5,5,7,7,8,8],"right_children":[2,4,6,-1,-1,8,-1,10,12,-1,-1,-1,-1],"split_conditions":[2.007858E-1,1.0107583E-1,1E0,-2.769165E-1,-6.744385E-2,7.00537E-1,2.8408203E-1,6.030937E-1,9.0263325E-1,-1.9958496E-2,7.217407E-3,2.0552572E-2,6.688843E-2],"split_indices":[0,0,0,0,0,0,0,0,0,0,0,0,0],"split_type":[0,0,0,0,0,0,0,0,0,0,0,0,0],"sum_hessian":[9E0,2E0,7E0,1E0,1E0,6E0,1E0,3E0,3E0,2E0,1E0,2E0,1E0],"tree_param":{"num_deleted":"0","num_feature":"2","num_nodes":"13","size_leaf_vector":"1"}},{"base_weights":[2.7935792E-2,-2.180949E0,8.527756E-1,-2.6307067E-1,-6.4071655E-2,2.0351736E-1,2.6987916E-1,-1.0542297E-1,4.6157837E-1,-1.862793E-2,6.8572997E-3,1.9181317E-2,6.35437E-2],"categories":[],"categories_nodes":[],"categories_segments":[],"categories_sizes":[],"default_left":[0,0,0,0,0,0,0,0,0,0,0,0,0],"id":69,"left_children":[1,3,5,-1,-1,7,-1,9,11,-1,-1,-1,-1],"loss_changes":[2.0079618E1,3.9265728E-1,9.039076E0,0E0,0E0,6.0673916E-1,0E0,6.904843E-2,6.571883E-2,0E0,0E0,0E0,0E0],"parents":[2147483647,0,0,1,1,2,2,5,5,7,7,8,8],"right_children":[2,4,6,-1,-1,8,-1,10,12,-1,-1,-1,-1],"split_conditions":[2.007858E-1,1.0107583E-1,1E0,-2.6307067E-1,-6.4071655E-2,7.00537E-1,2.6987916E-1,6.030937E-1,9.0263325E-1,-1.862793E-2,6.8572997E-3,1.9181317E-2,6.35437E-2],"split_indices":[0,0,0,0,0,0,0,0,0,0,0,0,0],"split_type":[0,0,0,0,0,0,0,0,0,0,0,0,0],"sum_hessian":[9E0,2E0,7E0,1E0,1E0,6E0,1E0,3E0,3E0,2E0,1E0,2E0,1E0],"tree_param":{"num_deleted":"0","num_feature":"2","num_nodes":"13","size_leaf_vector":"1"}},{"base_weights":[2.6513672E-2,-2.0718994E0,8.1010437E-1,-2.4991761E-1,-6.086731E-2,1.9330706E-1,2.5638428E-1,-9.78241E-2,4.3611145E-1,-1.7386882E-2,6.515503E-3,1.7903646E-2,6.036682E-2],"categories":[],"categories_nodes":[],"categories_segments":[],"categories_sizes":[],"default_left":[0,0,0,0,0,0,0,0,0,0,0,0,0],"id":70,"left_children":[1,3,5,-1,-1,7,-1,9,11,-1,-1,-1,-1],"loss_changes":[1.8121422E1,3.5442638E-1,8.158001E0,0E0,0E0,5.374776E-1,0E0,6.090323E-2,6.422001E-2,0E0,0E0,0E0,0E0],"parents":[2147483647,0,0,1,1,2,2,5,5,7,7,8,8],"right_children":[2,4,6,-1,-1,8,-1,10,12,-1,-1,-1,-1],"split_conditions":[2.007858E-1,1.0107583E-1,1E0,-2.4991761E-1,-6.086731E-2,7.00537E-1,2.5638428E-1,6.030937E-1,9.0263325E-1,-1.7386882E-2,6.515503E-3,1.7903646E-2,6.036682E-2],"split_indices":[0,0,0,0,0,0,0,0,0,0,0,0,0],"split_type":[0,0,0,0,0,0,0,0,0,0,0,0,0],"sum_hessian":[9E0,2E0,7E0,1E0,1E0,6E0,1E0,3E0,3E0,2E0,1E0,2E0,1E0],"tree_param":{"num_deleted":"0","num_feature":"2","num_nodes":"13","size_leaf_vector":"1"}},{"base_weights":[2.5161743E-2,-1.9683126E0,7.695694E-1,-2.3742218E-1,-5.782471E-2,1.8361118E-1,2.4356385E-1,-9.075928E-2,4.1207886E-1,-1.6227214E-2,6.188965E-3,1.6711427E-2,5.7348635E-2],"categories":[],"categories_nodes":[],"categories_segments":[],"categories_sizes":[],"default_left":[0,0,0,0,0,0,0,0,0,0,0,0,0],"id":71,"left_children":[1,3,5,-1,-1,7,-1,9,11,-1,-1,-1,-1],"loss_changes":[1.635433E1,3.1983376E-1,7.362764E0,0E0,0E0,4.7619343E-1,0E0,5.370841E-2,6.2318742E-2,0E0,0E0,0E0,0E0],"parents":[2147483647,0,0,1,1,2,2,5,5,7,7,8,8],"right_children":[2,4,6,-1,-1,8,-1,10,12,-1,-1,-1,-1],"split_conditions":[2.007858E-1,1.0107583E-1,1E0,-2.3742218E-1,-5.782471E-2,7.00537E-1,2.4356385E-1,6.030937E-1,9.0263325E-1,-1.6227214E-2,6.188965E-3,1.6711427E-2,5.7348635E-2],"split_indices":[0,0,0,0,0,0,0,0,0,0,0,0,0],"split_type":[0,0,0,0,0,0,0,0,0,0,0,0,0],"sum_hessian":[9E0,2E0,7E0,1E0,1E0,6E0,1E0,3E0,3E0,2E0,1E0,2E0,1E0],"tree_param":{"num_deleted":"0","num_feature":"2","num_nodes":"13","size_leaf_vector":"1"}},{"base_weights":[2.3876954E-2,-1.8698934E0,7.310562E-1,-2.2555085E-1,-5.4933168E-2,1.7439488E-1,2.3138428E-1,-3.1945802E-2,4.601644E-1,-1.5144857E-2,9.820557E-3,1.4544678E-2,5.4479983E-2],"categories":[],"categories_nodes":[],"categories_segments":[],"categories_sizes":[],"default_left":[0,0,0,0,0,0,0,0,0,0,0,0,0],"id":72,"left_children":[1,3,5,-1,-1,7,-1,9,11,-1,-1,-1,-1],"loss_changes":[1.4759348E1,2.8866386E-1,6.645087E0,0E0,0E0,4.2746145E-1,0E0,9.264033E-2,6.6936016E-4,0E0,0E0,0E0,0E0],"parents":[2147483647,0,0,1,1,2,2,5,5,7,7,8,8],"right_children":[2,4,6,-1,-1,8,-1,10,12,-1,-1,-1,-1],"split_conditions":[2.007858E-1,1.0107583E-1,1E0,-2.2555085E-1,-5.4933168E-2,8.040109E-1,2.3138428E-1,6.030937E-1,9.0263325E-1,-1.5144857E-2,9.820557E-3,1.4544678E-2,5.4479983E-2],"split_indices":[0,0,0,0,0,0,0,0,0,0,0,0,0],"split_type":[0,0,0,0,0,0,0,0,0,0,0,0,0],"sum_hessian":[9E0,2E0,7E0,1E0,1E0,6E0,1E0,4E0,2E0,2E0,2E0,1E0,1E0],"tree_param":{"num_deleted":"0","num_feature":"2","num_nodes":"13","size_leaf_vector":"1"}},{"base_weights":[2.2946168E-2,-1.7763977E0,6.9483185E-1,-2.1427308E-1,-5.2186586E-2,1.6605051E-1,2.1981506E-1,-2.9821778E-2,4.3715414E-1,-1.4135743E-2,9.165446E-3,1.381836E-2,5.175476E-2],"categories":[],"categories_nodes":[],"categories_segments":[],"categories_sizes":[],"default_left":[0,0,0,0,0,0,0,0,0,0,0,0,0],"id":73,"left_children":[1,3,5,-1,-1,7,-1,9,11,-1,-1,-1,-1],"loss_changes":[1.3323832E1,2.605114E-1,5.9944115E0,0E0,0E0,3.8474852E-1,0E0,8.070069E-2,5.892515E-4,0E0,0E0,0E0,0E0],"parents":[2147483647,0,0,1,1,2,2,5,5,7,7,8,8],"right_children":[2,4,6,-1,-1,8,-1,10,12,-1,-1,-1,-1],"split_conditions":[2.007858E-1,1.0107583E-1,1E0,-2.1427308E-1,-5.2186586E-2,8.040109E-1,2.1981506E-1,6.030937E-1,9.0263325E-1,-1.4135743E-2,9.165446E-3,1.381836E-2,5.175476E-2],"split_indices":[0,0,0,0,0,0,0,0,0,0,0,0,0],"split_type":[0,0,0,0,0,0,0,0,0,0,0,0,0],"sum_hessian":[9E0,2E0,7E0,1E0,1E0,6E0,1E0,4E0,2E0,2E0,2E0,1E0,1E0],"tree_param":{"num_deleted":"0","num_feature":"2","num_nodes":"13","size_leaf_vector":"1"}},{"base_weights":[2.2058105E-2,-1.6875814E0,6.6041565E-1,-2.0355988E-1,-4.9577333E-2,1.5811594E-1,2.0882569E-1,-2.7819823E-2,4.1530356E-1,-1.3191732E-2,8.555095E-3,1.31286625E-2,4.916687E-2],"categories":[],"categories_nodes":[],"categories_segments":[],"categories_sizes":[],"default_left":[0,0,0,0,0,0,0,0,0,0,0,0,0],"id":74,"left_children":[1,3,5,-1,-1,7,-1,9,11,-1,-1,-1,-1],"loss_changes":[1.2028118E1,2.351141E-1,5.4074473E0,0E0,0E0,3.4629625E-1,0E0,7.029371E-2,5.174875E-4,0E0,0E0,0E0,0E0],"parents":[2147483647,0,0,1,1,2,2,5,5,7,7,8,8],"right_children":[2,4,6,-1,-1,8,-1,10,12,-1,-1,-1,-1],"split_conditions":[2.007858E-1,1.0107583E-1,1E0,-2.0355988E-1,-4.9577333E-2,8.040109E-1,2.0882569E-1,6.030937E-1,9.0263325E-1,-1.3191732E-2,8.555095E-3,1.31286625E-2,4.916687E-2],"split_indices":[0,0,0,0,0,0,0,0,0,0,0,0,0],"split_type":[0,0,0,0,0,0,0,0,0,0,0,0,0],"sum_hessian":[9E0,2E0,7E0,1E0,1E0,6E0,1E0,4E0,2E0,2E0,2E0,1E0,1E0],"tree_param":{"num_deleted":"0","num_feature":"2","num_nodes":"13","size_leaf_vector":"1"}},{"base_weights":[2.1188354E-2,-1.6032003E0,6.2768555E-1,-1.9338226E-1,-4.709778E-2,1.5053885E-1,1.9838563E-1,-2.5964355E-2,3.9453125E-1,-1.2312826E-2,7.985434E-3,1.2472535E-2,4.6707153E-2],"categories":[],"categories_nodes":[],"categories_segments":[],"categories_sizes":[],"default_left":[0,0,0,0,0,0,0,0,0,0,0,0,0],"id":75,"left_children":[1,3,5,-1,-1,7,-1,9,11,-1,-1,-1,-1],"loss_changes":[1.0858176E1,2.1222734E-1,4.8780913E0,0E0,0E0,3.1170183E-1,0E0,6.1241105E-2,4.5973063E-4,0E0,0E0,0E0,0E0],"parents":[2147483647,0,0,1,1,2,2,5,5,7,7,8,8],"right_children":[2,4,6,-1,-1,8,-1,10,12,-1,-1,-1,-1],"split_conditions":[2.007858E-1,1.0107583E-1,1E0,-1.9338226E-1,-4.709778E-2,8.040109E-1,1.9838563E-1,6.030937E-1,9.0263325E-1,-1.2312826E-2,7.985434E-3,1.2472535E-2,4.6707153E-2],"split_indices":[0,0,0,0,0,0,0,0,0,0,0,0,0],"split_type":[0,0,0,0,0,0,0,0,0,0,0,0,0],"sum_hessian":[9E0,2E0,7E0,1E0,1E0,6E0,1E0,4E0,2E0,2E0,2E0,1E0,1E0],"tree_param":{"num_deleted":"0","num_feature":"2","num_nodes":"13","size_leaf_vector":"1"}},{"base_weights":[2.0352174E-2,-1.5230408E0,5.965805E-1,-1.8371277E-1,-4.4743348E-2,1.4332798E-1,1.8846741E-1,-2.4230957E-2,3.748169E-1,-1.1490885E-1,7.4523925E-3,1.1849976E-2,4.437256E-2,-1.376648E-2,-3.4698488E-3],"categories":[],"categories_nodes":[],"categories_segments":[],"categories_sizes":[],"default_left":[0,0,0,0,0,0,0,0,0,0,0,0,0,0,0],"id":76,"left_children":[1,3,5,-1,-1,7,-1,9,11,13,-1,-1,-1,-1,-1],"loss_changes":[9.802084E0,1.915102E-1,4.400527E0,0E0,0E0,2.8059846E-1,0E0,5.3337883E-2,4.0605664E-4,6.9902465E-4,0E0,0E0,0E0,0E0,0E0],"parents":[2147483647,0,0,1,1,2,2,5,5,7,7,8,8,9,9],"right_children":[2,4,6,-1,-1,8,-1,10,12,14,-1,-1,-1,-1,-1],"split_conditions":[2.007858E-1,1.0107583E-1,1E0,-1.8371277E-1,-4.4743348E-2,8.040109E-1,1.8846741E-1,6.030937E-1,9.0263325E-1,3.0139592E-1,7.4523925E-3,1.1849976E-2,4.437256E-2,-1.376648E-2,-3.4698488E-3],"split_indices":[0,0,0,0,0,0,0,0,0,0,0,0,0,0,0],"split_type":[0,0,0,0,0,0,0,0,0,0,0,0,0,0,0],"sum_hessian":[9E0,2E0,7E0,1E0,1E0,6E0,1E0,4E0,2E0,2E0,2E0,1E0,1E0,1E0,1E0],"tree_param":{"num_deleted":"0","num_feature":"2","num_nodes":"15","size_leaf_vector":"1"}},{"base_weights":[1.8966675E-2,-1.4468893E0,5.662918E-1,-1.7452697E-1,-4.2506408E-2,1.3563755E-1,1.7904358E-1,-2.3754884E-2,3.560791E-1,-1.0915121E-1,6.9559733E-3,1.1257934E-2,4.2153932E-2,-1.3076782E-2,-3.2958984E-3],"categories":[],"categories_nodes":[],"categories_segments":[],"categories_sizes":[],"default_left":[0,0,0,0,0,0,0,0,0,0,0,0,0,0,0],"id":77,"left_children":[1,3,5,-1,-1,7,-1,9,11,13,-1,-1,-1,-1,-1],"loss_changes":[8.84236E0,1.7282677E-1,3.9746122E0,0E0,0E0,2.5441563E-1,0E0,4.743615E-2,3.620386E-4,6.310791E-4,0E0,0E0,0E0,0E0,0E0],"parents":[2147483647,0,0,1,1,2,2,5,5,7,7,8,8,9,9],"right_children":[2,4,6,-1,-1,8,-1,10,12,14,-1,-1,-1,-1,-1],"split_conditions":[2.007858E-1,1.0107583E-1,1E0,-1.7452697E-1,-4.2506408E-2,8.040109E-1,1.7904358E-1,6.030937E-1,9.0263325E-1,3.0139592E-1,6.9559733E-3,1.1257934E-2,4.2153932E-2,-1.3076782E-2,-3.2958984E-3],"split_indices":[0,0,0,0,0,0,0,0,0,0,0,0,0,0,0],"split_type":[0,0,0,0,0,0,0,0,0,0,0,0,0,0,0],"sum_hessian":[9E0,2E0,7E0,1E0,1E0,6E0,1E0,4E0,2E0,2E0,2E0,1E0,1E0,1E0,1E0],"tree_param":{"num_deleted":"0","num_feature":"2","num_nodes":"15","size_leaf_vector":"1"}},{"base_weights":[1.7672729E-2,-1.3745422E0,5.3754425E-1,-1.6580048E-1,-4.038086E-2,1.2835693E-1,1.7009278E-1,-2.3266602E-2,3.382772E-1,-1.0369873E-1,6.492106E-3,1.0696411E-2,4.004517E-2,-1.2423706E-2,-3.1311035E-3],"categories":[],"categories_nodes":[],"categories_segments":[],"categories_sizes":[],"default_left":[0,0,0,0,0,0,0,0,0,0,0,0,0,0,0],"id":78,"left_children":[1,3,5,-1,-1,7,-1,9,11,13,-1,-1,-1,-1,-1],"loss_changes":[7.9766064E0,1.5598345E-1,3.590008E0,0E0,0E0,2.3067251E-1,0E0,4.219784E-2,3.1134486E-4,5.701743E-4,0E0,0E0,0E0,0E0,0E0],"parents":[2147483647,0,0,1,1,2,2,5,5,7,7,8,8,9,9],"right_children":[2,4,6,-1,-1,8,-1,10,12,14,-1,-1,-1,-1,-1],"split_conditions":[2.007858E-1,1.0107583E-1,1E0,-1.6580048E-1,-4.038086E-2,8.040109E-1,1.7009278E-1,6.030937E-1,9.0263325E-1,3.0139592E-1,6.492106E-3,1.0696411E-2,4.004517E-2,-1.2423706E-2,-3.1311035E-3],"split_indices":[0,0,0,0,0,0,0,0,0,0,0,0,0,0,0],"split_type":[0,0,0,0,0,0,0,0,0,0,0,0,0,0,0],"sum_hessian":[9E0,2E0,7E0,1E0,1E0,6E0,1E0,4E0,2E0,2E0,2E0,1E0,1E0,1E0,1E0],"tree_param":{"num_deleted":"0","num_feature":"2","num_nodes":"15","size_leaf_vector":"1"}},{"base_weights":[1.6470337E-2,-1.3058167E0,5.1026917E-1,-1.5751038E-1,-3.8362123E-2,1.2148612E-1,1.6158752E-1,-2.27417E-2,3.2137045E-1,-9.851074E-2,6.060791E-3,1.01623535E-2,3.8043212E-2,-1.1801148E-2,-2.9754639E-3],"categories":[],"categories_nodes":[],"categories_segments":[],"categories_sizes":[],"default_left":[0,0,0,0,0,0,0,0,0,0,0,0,0,0,0],"id":79,"left_children":[1,3,5,-1,-1,7,-1,9,11,13,-1,-1,-1,-1,-1],"loss_changes":[7.1957555E0,1.407628E-1,3.2424204E0,0E0,0E0,2.0911068E-1,0E0,3.754713E-2,2.7498603E-4,5.1099434E-4,0E0,0E0,0E0,0E0,0E0],"parents":[2147483647,0,0,1,1,2,2,5,5,7,7,8,8,9,9],"right_children":[2,4,6,-1,-1,8,-1,10,12,14,-1,-1,-1,-1,-1],"split_conditions":[2.007858E-1,1.0107583E-1,1E0,-1.5751038E-1,-3.8362123E-2,8.040109E-1,1.6158752E-1,6.030937E-1,9.0263325E-1,3.0139592E-1,6.060791E-3,1.01623535E-2,3.8043212E-2,-1.1801148E-2,-2.9754639E-3],"split_indices":[0,0,0,0,0,0,0,0,0,0,0,0,0,0,0],"split_type":[0,0,0,0,0,0,0,0,0,0,0,0,0,0,0],"sum_hessian":[9E0,2E0,7E0,1E0,1E0,6E0,1E0,4E0,2E0,2E0,2E0,1E0,1E0,1E0,1E0],"tree_param":{"num_deleted":"0","num_feature":"2","num_nodes":"15","size_leaf_vector":"1"}},{"base_weights":[1.5353394E-2,-1.2405294E0,4.8439026E-1,-1.4963531E-1,-3.6444094E-2,1.14990234E-1,1.5350953E-1,-2.220459E-2,3.053182E-1,-9.358724E-2,5.6579593E-3,9.6557615E-3,3.614197E-2,-1.1212158E-2,-2.8259277E-3],"categories":[],"categories_nodes":[],"categories_segments":[],"categories_sizes":[],"default_left":[0,0,0,0,0,0,0,0,0,0,0,0,0,0,0],"id":80,"left_children":[1,3,5,-1,-1,7,-1,9,11,13,-1,-1,-1,-1,-1],"loss_changes":[6.491453E0,1.2704086E-1,2.9285226E0,0E0,0E0,1.8956354E-1,0E0,3.3414245E-2,2.3752451E-4,4.6395697E-4,0E0,0E0,0E0,0E0,0E0],"parents":[2147483647,0,0,1,1,2,2,5,5,7,7,8,8,9,9],"right_children":[2,4,6,-1,-1,8,-1,10,12,14,-1,-1,-1,-1,-1],"split_conditions":[2.007858E-1,1.0107583E-1,1E0,-1.4963531E-1,-3.6444094E-2,8.040109E-1,1.5350953E-1,6.030937E-1,9.0263325E-1,3.0139592E-1,5.6579593E-3,9.6557615E-3,3.614197E-2,-1.1212158E-2,-2.8259277E-3],"split_indices":[0,0,0,0,0,0,0,0,0,0,0,0,0,0,0],"split_type":[0,0,0,0,0,0,0,0,0,0,0,0,0,0,0],"sum_hessian":[9E0,2E0,7E0,1E0,1E0,6E0,1E0,4E0,2E0,2E0,2E0,1E0,1E0,1E0,1E0],"tree_param":{"num_deleted":"0","num_feature":"2","num_nodes":"15","size_leaf_vector":"1"}},{"base_weights":[1.4300537E-2,-1.1785074E0,4.5981598E-1,-1.4215393E-1,-3.4622192E-2,1.088344E-1,1.4583436E-1,-2.166748E-2,2.9005942E-1,-8.8907875E-2,5.279541E-3,9.173584E-3,3.4335326E-2,-1.0650635E-2,-2.6855469E-3],"categories":[],"categories_nodes":[],"categories_segments":[],"categories_sizes":[],"default_left":[0,0,0,0,0,0,0,0,0,0,0,0,0,0,0],"id":81,"left_children":[1,3,5,-1,-1,7,-1,9,11,13,-1,-1,-1,-1,-1],"loss_changes":[5.8560405E0,1.1464739E-1,2.645E0,0E0,0E0,1.718363E-1,0E0,2.9728498E-2,2.104938E-4,4.1580386E-4,0E0,0E0,0E0,0E0,0E0],"parents":[2147483647,0,0,1,1,2,2,5,5,7,7,8,8,9,9],"right_children":[2,4,6,-1,-1,8,-1,10,12,14,-1,-1,-1,-1,-1],"split_conditions":[2.007858E-1,1.0107583E-1,1E0,-1.4215393E-1,-3.4622192E-2,8.040109E-1,1.4583436E-1,6.030937E-1,9.0263325E-1,3.0139592E-1,5.279541E-3,9.173584E-3,3.4335326E-2,-1.0650635E-2,-2.6855469E-3],"split_indices":[0,0,0,0,0,0,0,0,0,0,0,0,0,0,0],"split_type":[0,0,0,0,0,0,0,0,0,0,0,0,0,0,0],"sum_hessian":[9E0,2E0,7E0,1E0,1E0,6E0,1E0,4E0,2E0,2E0,2E0,1E0,1E0,1E0,1E0],"tree_param":{"num_deleted":"0","num_feature":"2","num_nodes":"15","size_leaf_vector":"1"}},{"base_weights":[1.3317871E-2,-1.1195883E0,4.3649292E-1,-1.350464E-1,-3.2891847E-2,1.030099E-1,1.3854371E-1,-2.1118164E-2,2.7555338E-1,-8.4472656E-2,4.9275714E-3,8.7158205E-3,3.261719E-2,-1.0119629E-2,-2.5512695E-3],"categories":[],"categories_nodes":[],"categories_segments":[],"categories_sizes":[],"default_left":[0,0,0,0,0,0,0,0,0,0,0,0,0,0,0],"id":82,"left_children":[1,3,5,-1,-1,7,-1,9,11,13,-1,-1,-1,-1,-1],"loss_changes":[5.282868E0,1.0344672E-1,2.3889403E0,0E0,0E0,1.557416E-1,0E0,2.6461294E-2,1.8028915E-4,3.7628412E-4,0E0,0E0,0E0,0E0,0E0],"parents":[2147483647,0,0,1,1,2,2,5,5,7,7,8,8,9,9],"right_children":[2,4,6,-1,-1,8,-1,10,12,14,-1,-1,-1,-1,-1],"split_conditions":[2.007858E-1,1.0107583E-1,1E0,-1.350464E-1,-3.2891847E-2,8.040109E-1,1.3854371E-1,6.030937E-1,9.0263325E-1,3.0139592E-1,4.9275714E-3,8.7158205E-3,3.261719E-2,-1.0119629E-2,-2.5512695E-3],"split_indices":[0,0,0,0,0,0,0,0,0,0,0,0,0,0,0],"split_type":[0,0,0,0,0,0,0,0,0,0,0,0,0,0,0],"sum_hessian":[9E0,2E0,7E0,1E0,1E0,6E0,1E0,4E0,2E0,2E0,2E0,1E0,1E0,1E0,1E0],"tree_param":{"num_deleted":"0","num_feature":"2","num_nodes":"15","size_leaf_vector":"1"}},{"base_weights":[1.24053955E-2,-1.0636088E0,4.1436005E-1,-1.2829438E-1,-3.1246949E-2,9.750802E-2,1.3161622E-1,-2.055664E-2,2.617798E-1,-8.024088E-2,4.597982E-3,8.2794195E-3,3.098755E-2,-9.613037E-3,-2.4230957E-3],"categories":[],"categories_nodes":[],"categories_segments":[],"categories_sizes":[],"default_left":[0,0,0,0,0,0,0,0,0,0,0,0,0,0,0],"id":83,"left_children":[1,3,5,-1,-1,7,-1,9,11,13,-1,-1,-1,-1,-1],"loss_changes":[4.7658067E0,9.3372345E-2,2.157566E0,0E0,0E0,1.4114416E-1,0E0,2.3545355E-2,1.694113E-4,3.4057535E-4,0E0,0E0,0E0,0E0,0E0],"parents":[2147483647,0,0,1,1,2,2,5,5,7,7,8,8,9,9],"right_children":[2,4,6,-1,-1,8,-1,10,12,14,-1,-1,-1,-1,-1],"split_conditions":[2.007858E-1,1.0107583E-1,1E0,-1.2829438E-1,-3.1246949E-2,8.040109E-1,1.3161622E-1,6.030937E-1,9.0263325E-1,3.0139592E-1,4.597982E-3,8.2794195E-3,3.098755E-2,-9.613037E-3,-2.4230957E-3],"split_indices":[0,0,0,0,0,0,0,0,0,0,0,0,0,0,0],"split_type":[0,0,0,0,0,0,0,0,0,0,0,0,0,0,0],"sum_hessian":[9E0,2E0,7E0,1E0,1E0,6E0,1E0,4E0,2E0,2E0,2E0,1E0,1E0,1E0,1E0],"tree_param":{"num_deleted":"0","num_feature":"2","num_nodes":"15","size_leaf_vector":"1"}},{"base_weights":[1.156311E-2,-1.0104269E0,3.9336395E-1,-1.2187958E-1,-2.9684449E-2,9.2311315E-2,1.2503663E-1,-1.9970704E-2,2.4867757E-1,-7.621256E-2,4.292806E-3,7.86438E-3,2.9437257E-2,-9.13086E-3,-2.3010254E-3],"categories":[],"categories_nodes":[],"categories_segments":[],"categories_sizes":[],"default_left":[0,0,0,0,0,0,0,0,0,0,0,0,0,0,0],"id":84,"left_children":[1,3,5,-1,-1,7,-1,9,11,13,-1,-1,-1,-1,-1],"loss_changes":[4.299432E0,8.4272385E-2,1.9485995E0,0E0,0E0,1.278661E-1,0E0,2.0959377E-2,1.5848875E-4,3.083963E-4,0E0,0E0,0E0,0E0,0E0],"parents":[2147483647,0,0,1,1,2,2,5,5,7,7,8,8,9,9],"right_children":[2,4,6,-1,-1,8,-1,10,12,14,-1,-1,-1,-1,-1],"split_conditions":[2.007858E-1,1.0107583E-1,1E0,-1.2187958E-1,-2.9684449E-2,8.040109E-1,1.2503663E-1,6.030937E-1,9.0263325E-1,3.0139592E-1,4.292806E-3,7.86438E-3,2.9437257E-2,-9.13086E-3,-2.3010254E-3],"split_indices":[0,0,0,0,0,0,0,0,0,0,0,0,0,0,0],"split_type":[0,0,0,0,0,0,0,0,0,0,0,0,0,0,0],"sum_hessian":[9E0,2E0,7E0,1E0,1E0,6E0,1E0,4E0,2E0,2E0,2E0,1E0,1E0,1E0,1E0],"tree_param":{"num_deleted":"0","num_feature":"2","num_nodes":"15","size_leaf_vector":"1"}},{"base_weights":[1.0778809E-2,-9.598999E-1,3.7343597E-1,-1.1578522E-1,-2.8199768E-2,8.7402344E-2,1.1878357E-1,-1.9384766E-2,2.3624675E-1,-7.2387695E-2,4.0079756E-3,7.470703E-3,2.796631E-2,-8.673096E-3,-2.1850585E-3],"categories":[],"categories_nodes":[],"categories_segments":[],"categories_sizes":[],"default_left":[0,0,0,0,0,0,0,0,0,0,0,0,0,0,0],"id":85,"left_children":[1,3,5,-1,-1,7,-1,9,11,13,-1,-1,-1,-1,-1],"loss_changes":[3.878697E0,7.606554E-2,1.7597461E0,0E0,0E0,1.1584222E-1,0E0,1.866025E-2,1.47596E-4,2.7947873E-4,0E0,0E0,0E0,0E0,0E0],"parents":[2147483647,0,0,1,1,2,2,5,5,7,7,8,8,9,9],"right_children":[2,4,6,-1,-1,8,-1,10,12,14,-1,-1,-1,-1,-1],"split_conditions":[2.007858E-1,1.0107583E-1,1E0,-1.1578522E-1,-2.8199768E-2,8.040109E-1,1.1878357E-1,6.030937E-1,9.0263325E-1,3.0139592E-1,4.0079756E-3,7.470703E-3,2.796631E-2,-8.673096E-3,-2.1850585E-3],"split_indices":[0,0,0,0,0,0,0,0,0,0,0,0,0,0,0],"split_type":[0,0,0,0,0,0,0,0,0,0,0,0,0,0,0],"sum_hessian":[9E0,2E0,7E0,1E0,1E0,6E0,1E0,4E0,2E0,2E0,2E0,1E0,1E0,1E0,1E0],"tree_param":{"num_deleted":"0","num_feature":"2","num_nodes":"15","size_leaf_vector":"1"}},{"base_weights":[1.0040283E-2,-9.1190594E-1,3.5451508E-1,-1.09996036E-1,-2.6789857E-2,8.274623E-2,1.1284485E-1,-1.8823242E-2,2.2444661E-1,-6.876627E-2,3.7394208E-3,7.098389E-3,2.6568605E-2,-8.239746E-3,-2.0751953E-3],"categories":[],"categories_nodes":[],"categories_segments":[],"categories_sizes":[],"default_left":[0,0,0,0,0,0,0,0,0,0,0,0,0,0,0],"id":86,"left_children":[1,3,5,-1,-1,7,-1,9,11,13,-1,-1,-1,-1,-1],"loss_changes":[3.499157E0,6.8647385E-2,1.5892731E0,0E0,0E0,1.0497184E-1,0E0,1.6609808E-2,1.2670457E-4,2.535684E-4,0E0,0E0,0E0,0E0,0E0],"parents":[2147483647,0,0,1,1,2,2,5,5,7,7,8,8,9,9],"right_children":[2,4,6,-1,-1,8,-1,10,12,14,-1,-1,-1,-1,-1],"split_conditions":[2.007858E-1,1.0107583E-1,1E0,-1.09996036E-1,-2.6789857E-2,8.040109E-1,1.1284485E-1,6.030937E-1,9.0263325E-1,3.0139592E-1,3.7394208E-3,7.098389E-3,2.6568605E-2,-8.239746E-3,-2.0751953E-3],"split_indices":[0,0,0,0,0,0,0,0,0,0,0,0,0,0,0],"split_type":[0,0,0,0,0,0,0,0,0,0,0,0,0,0,0],"sum_hessian":[9E0,2E0,7E0,1E0,1E0,6E0,1E0,4E0,2E0,2E0,2E0,1E0,1E0,1E0,1E0],"tree_param":{"num_deleted":"0","num_feature":"2","num_nodes":"15","size_leaf_vector":"1"}},{"base_weights":[9.35669E-3,-8.663127E-1,3.365631E-1,-1.0449677E-1,-2.5450135E-2,7.83517E-2,1.0720215E-1,-1.8249512E-2,2.132365E-1,-6.5327965E-2,3.491211E-3,6.7443848E-3,2.524109E-2,-7.827759E-3,-1.9714355E-3],"categories":[],"categories_nodes":[],"categories_segments":[],"categories_sizes":[],"default_left":[0,0,0,0,0,0,0,0,0,0,0,0,0,0,0],"id":87,"left_children":[1,3,5,-1,-1,7,-1,9,11,13,-1,-1,-1,-1,-1],"loss_changes":[3.156815E0,6.1964035E-2,1.4352353E0,0E0,0E0,9.51017E-2,0E0,1.4794569E-2,1.1044741E-4,2.2884551E-4,0E0,0E0,0E0,0E0,0E0],"parents":[2147483647,0,0,1,1,2,2,5,5,7,7,8,8,9,9],"right_children":[2,4,6,-1,-1,8,-1,10,12,14,-1,-1,-1,-1,-1],"split_conditions":[2.007858E-1,1.0107583E-1,1E0,-1.0449677E-1,-2.5450135E-2,8.040109E-1,1.0720215E-1,6.030937E-1,9.0263325E-1,3.0139592E-1,3.491211E-3,6.7443848E-3,2.524109E-2,-7.827759E-3,-1.9714355E-3],"split_indices":[0,0,0,0,0,0,0,0,0,0,0,0,0,0,0],"split_type":[0,0,0,0,0,0,0,0,0,0,0,0,0,0,0],"sum_hessian":[9E0,2E0,7E0,1E0,1E0,6E0,1E0,4E0,2E0,2E0,2E0,1E0,1E0,1E0,1E0],"tree_param":{"num_deleted":"0","num_feature":"2","num_nodes":"15","size_leaf_vector":"1"}},{"base_weights":[8.7158205E-3,-8.2299805E-1,3.1951904E-1,-9.9272154E-2,-2.4177551E-2,7.4183874E-2,1.0184326E-1,-4.1763306E-2,1.7158508E-1,-6.2072754E-2,9.5825194E-4,6.892904E-3,2.3977662E-2,-7.4371337E-3,-1.8737793E-3],"categories":[],"categories_nodes":[],"categories_segments":[],"categories_sizes":[],"default_left":[0,0,0,0,0,0,0,0,0,0,0,0,0,0,0],"id":88,"left_children":[1,3,5,-1,-1,7,-1,9,11,13,-1,-1,-1,-1,-1],"loss_changes":[2.8479571E0,5.5925608E-2,1.2961934E0,0E0,0E0,8.621973E-2,0E0,4.766035E-3,1.1473514E-2,2.0532124E-4,0E0,0E0,0E0,0E0,0E0],"parents":[2147483647,0,0,1,1,2,2,5,5,7,7,8,8,9,9],"right_children":[2,4,6,-1,-1,8,-1,10,12,14,-1,-1,-1,-1,-1],"split_conditions":[2.007858E-1,1.0107583E-1,1E0,-9.9272154E-2,-2.4177551E-2,7.00537E-1,1.0184326E-1,6.030937E-1,9.0263325E-1,3.0139592E-1,9.5825194E-4,6.892904E-3,2.3977662E-2,-7.4371337E-3,-1.8737793E-3],"split_indices":[0,0,0,0,0,0,0,0,0,0,0,0,0,0,0],"split_type":[0,0,0,0,0,0,0,0,0,0,0,0,0,0,0],"sum_hessian":[9E0,2E0,7E0,1E0,1E0,6E0,1E0,3E0,3E0,2E0,1E0,2E0,1E0,1E0,1E0],"tree_param":{"num_deleted":"0","num_feature":"2","num_nodes":"15","size_leaf_vector":"1"}},{"base_weights":[7.931518E-3,-2.889061E-1,7.968547E-1,-7.8185016E-1,5.7169595E-3,2.2778321E-2,9.674988E-2,-9.430847E-2,-2.2969056E-2,-5.895996E-2,5.279541E-2,-7.0648193E-3,-1.7791748E-3,9.0942386E-4,6.4331056E-3],"categories":[],"categories_nodes":[],"categories_segments":[],"categories_sizes":[],"default_left":[0,0,0,0,0,0,0,0,0,0,0,0,0,0,0],"id":89,"left_children":[1,3,5,7,9,-1,-1,-1,-1,11,13,-1,-1,-1,-1],"loss_changes":[2.5720367E0,1.1663313E0,7.09461E-2,5.0463915E-2,2.1382151E-2,0E0,0E0,0E0,0E0,1.8659607E-4,1.4314428E-3,0E0,0E0,0E0,0E0],"parents":[2147483647,0,0,1,1,2,2,3,3,4,4,9,9,10,10],"right_children":[2,4,6,8,10,-1,-1,-1,-1,12,14,-1,-1,-1,-1],"split_conditions":[9.0263325E-1,2.007858E-1,1E0,1.0107583E-1,6.030937E-1,2.2778321E-2,9.674988E-2,-9.430847E-2,-2.2969056E-2,3.0139592E-1,7.00537E-1,-7.0648193E-3,-1.7791748E-3,9.0942386E-4,6.4331056E-3],"split_indices":[0,0,0,0,0,0,0,0,0,0,0,0,0,0,0],"split_type":[0,0,0,0,0,0,0,0,0,0,0,0,0,0,0],"sum_hessian":[9E0,7E0,2E0,2E0,5E0,1E0,1E0,1E0,1E0,2E0,3E0,1E0,1E0,1E0,2E0],"tree_param":{"num_deleted":"0","num_feature":"2","num_nodes":"15","size_leaf_vector":"1"}},{"base_weights":[7.220459E-3,-2.7485657E-1,7.5701904E-1,-7.4275714E-1,4.9031577E-3,2.1640016E-2,9.191284E-2,-8.959351E-2,-2.1820068E-2,-5.600993E-2,4.9362183E-2,-6.7108157E-3,-1.6906739E-3,8.636475E-4,6.0058595E-3],"categories":[],"categories_nodes":[],"categories_segments":[],"categories_sizes":[],"default_left":[0,0,0,0,0,0,0,0,0,0,0,0,0,0,0],"id":90,"left_children":[1,3,5,7,9,-1,-1,-1,-1,11,13,-1,-1,-1,-1],"loss_changes":[2.3230813E0,1.0508398E0,6.401873E-2,4.5557737E-2,1.9013591E-2,0E0,0E0,0E0,0E0,1.6734842E-4,1.2237811E-3,0E0,0E0,0E0,0E0],"parents":[2147483647,0,0,1,1,2,2,3,3,4,4,9,9,10,10],"right_children":[2,4,6,8,10,-1,-1,-1,-1,12,14,-1,-1,-1,-1],"split_conditions":[9.0263325E-1,2.007858E-1,1E0,1.0107583E-1,6.030937E-1,2.1640016E-2,9.191284E-2,-8.959351E-2,-2.1820068E-2,3.0139592E-1,7.00537E-1,-6.7108157E-3,-1.6906739E-3,8.636475E-4,6.0058595E-3],"split_indices":[0,0,0,0,0,0,0,0,0,0,0,0,0,0,0],"split_type":[0,0,0,0,0,0,0,0,0,0,0,0,0,0,0],"sum_hessian":[9E0,7E0,2E0,2E0,5E0,1E0,1E0,1E0,1E0,2E0,3E0,1E0,1E0,1E0,2E0],"tree_param":{"num_deleted":"0","num_feature":"2","num_nodes":"15","size_leaf_vector":"1"}},{"base_weights":[6.5643312E-3,-2.6147842E-1,7.191569E-1,-7.0561725E-1,4.170736E-3,2.0556642E-2,8.731689E-2,-8.5113525E-2,-2.0729065E-2,-5.3202312E-2,4.6157837E-2,-6.3751223E-3,-1.6052247E-3,8.2092284E-4,5.6070965E-3],"categories":[],"categories_nodes":[],"categories_segments":[],"categories_sizes":[],"default_left":[0,0,0,0,0,0,0,0,0,0,0,0,0,0,0],"id":91,"left_children":[1,3,5,7,9,-1,-1,-1,-1,11,13,-1,-1,-1,-1],"loss_changes":[2.0980968E0,9.4682384E-1,5.7803154E-2,4.1114092E-2,1.6909271E-2,0E0,0E0,0E0,0E0,1.5232805E-4,1.0444578E-3,0E0,0E0,0E0,0E0],"parents":[2147483647,0,0,1,1,2,2,3,3,4,4,9,9,10,10],"right_children":[2,4,6,8,10,-1,-1,-1,-1,12,14,-1,-1,-1,-1],"split_conditions":[9.0263325E-1,2.007858E-1,1E0,1.0107583E-1,6.030937E-1,2.0556642E-2,8.731689E-2,-8.5113525E-2,-2.0729065E-2,3.0139592E-1,7.00537E-1,-6.3751223E-3,-1.6052247E-3,8.2092284E-4,5.6070965E-3],"split_indices":[0,0,0,0,0,0,0,0,0,0,0,0,0,0,0],"split_type":[0,0,0,0,0,0,0,0,0,0,0,0,0,0,0],"sum_hessian":[9E0,7E0,2E0,2E0,5E0,1E0,1E0,1E0,1E0,2E0,3E0,1E0,1E0,1E0,2E0],"tree_param":{"num_deleted":"0","num_feature":"2","num_nodes":"15","size_leaf_vector":"1"}},{"base_weights":[5.947876E-3,-2.4876022E-1,6.831868E-1,-6.703389E-1,3.4891765E-3,1.9528199E-2,8.294983E-2,-8.085785E-2,-1.9692993E-2,-5.0557453E-2,4.3151855E-2,-6.0577393E-3,-1.5258789E-3,7.8125E-4,5.232747E-3],"categories":[],"categories_nodes":[],"categories_segments":[],"categories_sizes":[],"default_left":[0,0,0,0,0,0,0,0,0,0,0,0,0,0,0],"id":92,"left_children":[1,3,5,7,9,-1,-1,-1,-1,11,13,-1,-1,-1,-1],"loss_changes":[1.8949322E0,8.530829E-1,5.2172184E-2,3.709817E-2,1.5043453E-2,0E0,0E0,0E0,0E0,1.3673352E-4,8.882331E-4,0E0,0E0,0E0,0E0],"parents":[2147483647,0,0,1,1,2,2,3,3,4,4,9,9,10,10],"right_children":[2,4,6,8,10,-1,-1,-1,-1,12,14,-1,-1,-1,-1],"split_conditions":[9.0263325E-1,2.007858E-1,1E0,1.0107583E-1,6.030937E-1,1.9528199E-2,8.294983E-2,-8.085785E-2,-1.9692993E-2,3.0139592E-1,7.00537E-1,-6.0577393E-3,-1.5258789E-3,7.8125E-4,5.232747E-3],"split_indices":[0,0,0,0,0,0,0,0,0,0,0,0,0,0,0],"split_type":[0,0,0,0,0,0,0,0,0,0,0,0,0,0,0],"sum_hessian":[9E0,7E0,2E0,2E0,5E0,1E0,1E0,1E0,1E0,2E0,3E0,1E0,1E0,1E0,2E0],"tree_param":{"num_deleted":"0","num_feature":"2","num_nodes":"15","size_leaf_vector":"1"}},{"base_weights":[5.3833006E-3,-2.3665619E-1,6.490275E-1,-6.368205E-1,2.8686523E-3,1.8551636E-2,7.880249E-2,-7.681427E-2,-1.87088E-2,-4.8034668E-2,4.032898E-2,-5.7556154E-3,-1.449585E-3,7.415772E-4,4.8828125E-3],"categories":[],"categories_nodes":[],"categories_segments":[],"categories_sizes":[],"default_left":[0,0,0,0,0,0,0,0,0,0,0,0,0,0,0],"id":93,"left_children":[1,3,5,7,9,-1,-1,-1,-1,11,13,-1,-1,-1,-1],"loss_changes":[1.7114695E0,7.686211E-1,4.708898E-2,3.346932E-2,1.3378319E-2,0E0,0E0,0E0,0E0,1.2369268E-4,7.5683836E-4,0E0,0E0,0E0,0E0],"parents":[2147483647,0,0,1,1,2,2,3,3,4,4,9,9,10,10],"right_children":[2,4,6,8,10,-1,-1,-1,-1,12,14,-1,-1,-1,-1],"split_conditions":[9.0263325E-1,2.007858E-1,1E0,1.0107583E-1,6.030937E-1,1.8551636E-2,7.880249E-2,-7.681427E-2,-1.87088E-2,3.0139592E-1,7.00537E-1,-5.7556154E-3,-1.449585E-3,7.415772E-4,4.8828125E-3],"split_indices":[0,0,0,0,0,0,0,0,0,0,0,0,0,0,0],"split_type":[0,0,0,0,0,0,0,0,0,0,0,0,0,0,0],"sum_hessian":[9E0,7E0,2E0,2E0,5E0,1E0,1E0,1E0,1E0,2E0,3E0,1E0,1E0,1E0,2E0],"tree_param":{"num_deleted":"0","num_feature":"2","num_nodes":"15","size_leaf_vector":"1"}},{"base_weights":[4.8706057E-3,-2.2512817E-1,6.1657715E-1,-6.0498047E-1,2.319336E-3,1.7623901E-2,7.4862674E-2,-7.297363E-2,-1.7773438E-2,-4.5633953E-2,3.7704468E-2,-5.46875E-3,-1.3763428E-3,7.0495607E-4,4.557292E-3],"categories":[],"categories_nodes":[],"categories_segments":[],"categories_sizes":[],"default_left":[0,0,0,0,0,0,0,0,0,0,0,0,0,0,0],"id":94,"left_children":[1,3,5,7,9,-1,-1,-1,-1,11,13,-1,-1,-1,-1],"loss_changes":[1.5457264E0,6.9257486E-1,4.2502284E-2,3.020513E-2,1.1901604E-2,0E0,0E0,0E0,0E0,1.12936366E-4,6.435574E-4,0E0,0E0,0E0,0E0],"parents":[2147483647,0,0,1,1,2,2,3,3,4,4,9,9,10,10],"right_children":[2,4,6,8,10,-1,-1,-1,-1,12,14,-1,-1,-1,-1],"split_conditions":[9.0263325E-1,2.007858E-1,1E0,1.0107583E-1,6.030937E-1,1.7623901E-2,7.4862674E-2,-7.297363E-2,-1.7773438E-2,3.0139592E-1,7.00537E-1,-5.46875E-3,-1.3763428E-3,7.0495607E-4,4.557292E-3],"split_indices":[0,0,0,0,0,0,0,0,0,0,0,0,0,0,0],"split_type":[0,0,0,0,0,0,0,0,0,0,0,0,0,0,0],"sum_hessian":[9E0,7E0,2E0,2E0,5E0,1E0,1E0,1E0,1E0,2E0,3E0,1E0,1E0,1E0,2E0],"tree_param":{"num_deleted":"0","num_feature":"2","num_nodes":"15","size_leaf_vector":"1"}},{"base_weights":[4.3914793E-3,-2.1416092E-1,5.8573407E-1,-5.7473755E-1,1.8208822E-3,1.6741944E-2,7.111817E-2,-6.932526E-2,-1.6885376E-2,-4.333496E-2,3.5232544E-2,-5.1940917E-3,-1.3061523E-3,6.6833495E-4,4.252116E-3],"categories":[],"categories_nodes":[],"categories_segments":[],"categories_sizes":[],"default_left":[0,0,0,0,0,0,0,0,0,0,0,0,0,0,0],"id":95,"left_children":[1,3,5,7,9,-1,-1,-1,-1,11,13,-1,-1,-1,-1],"loss_changes":[1.3959794E0,6.240704E-1,3.8364053E-2,2.725166E-2,1.0579191E-2,0E0,0E0,0E0,0E0,1.0316819E-4,5.481527E-4,0E0,0E0,0E0,0E0],"parents":[2147483647,0,0,1,1,2,2,3,3,4,4,9,9,10,10],"right_children":[2,4,6,8,10,-1,-1,-1,-1,12,14,-1,-1,-1,-1],"split_conditions":[9.0263325E-1,2.007858E-1,1E0,1.0107583E-1,6.030937E-1,1.6741944E-2,7.111817E-2,-6.932526E-2,-1.6885376E-2,3.0139592E-1,7.00537E-1,-5.1940917E-3,-1.3061523E-3,6.6833495E-4,4.252116E-3],"split_indices":[0,0,0,0,0,0,0,0,0,0,0,0,0,0,0],"split_type":[0,0,0,0,0,0,0,0,0,0,0,0,0,0,0],"sum_hessian":[9E0,7E0,2E0,2E0,5E0,1E0,1E0,1E0,1E0,2E0,3E0,1E0,1E0,1E0,2E0],"tree_param":{"num_deleted":"0","num_feature":"2","num_nodes":"15","size_leaf_vector":"1"}},{"base_weights":[3.9550783E-3,-2.0372772E-1,5.564575E-1,-5.460002E-1,1.3631185E-3,1.5905762E-2,6.756287E-2,-6.585846E-2,-1.6041566E-2,-4.1178387E-2,3.2928467E-2,-4.9346923E-3,-1.2420655E-3,6.3476566E-4,3.967285E-3],"categories":[],"categories_nodes":[],"categories_segments":[],"categories_sizes":[],"default_left":[0,0,0,0,0,0,0,0,0,0,0,0,0,0,0],"id":96,"left_children":[1,3,5,7,9,-1,-1,-1,-1,11,13,-1,-1,-1,-1],"loss_changes":[1.2608184E0,5.623198E-1,3.4612E-2,2.4585128E-2,9.412966E-3,0E0,0E0,0E0,0E0,9.180466E-5,4.6525523E-4,0E0,0E0,0E0,0E0],"parents":[2147483647,0,0,1,1,2,2,3,3,4,4,9,9,10,10],"right_children":[2,4,6,8,10,-1,-1,-1,-1,12,14,-1,-1,-1,-1],"split_conditions":[9.0263325E-1,2.007858E-1,1E0,1.0107583E-1,6.030937E-1,1.5905762E-2,6.756287E-2,-6.585846E-2,-1.6041566E-2,3.0139592E-1,7.00537E-1,-4.9346923E-3,-1.2420655E-3,6.3476566E-4,3.967285E-3],"split_indices":[0,0,0,0,0,0,0,0,0,0,0,0,0,0,0],"split_type":[0,0,0,0,0,0,0,0,0,0,0,0,0,0,0],"sum_hessian":[9E0,7E0,2E0,2E0,5E0,1E0,1E0,1E0,1E0,2E0,3E0,1E0,1E0,1E0,2E0],"tree_param":{"num_deleted":"0","num_feature":"2","num_nodes":"15","size_leaf_vector":"1"}},{"base_weights":[3.5583496E-3,-1.9378662E-1,5.286255E-1,-5.186971E-1,9.6638995E-4,1.5109253E-2,6.418457E-2,-6.256562E-2,-1.5238953E-2,-3.9123535E-2,3.0792236E-2,-4.6875E-3,-1.1810303E-3,6.042481E-4,3.7027996E-3],"categories":[],"categories_nodes":[],"categories_segments":[],"categories_sizes":[],"default_left":[0,0,0,0,0,0,0,0,0,0,0,0,0,0,0],"id":97,"left_children":[1,3,5,7,9,-1,-1,-1,-1,11,13,-1,-1,-1,-1],"loss_changes":[1.1386342E0,5.067196E-1,3.1254947E-2,2.2196233E-2,8.3789965E-3,0E0,0E0,0E0,0E0,8.154474E-5,3.9359322E-4,0E0,0E0,0E0,0E0],"parents":[2147483647,0,0,1,1,2,2,3,3,4,4,9,9,10,10],"right_children":[2,4,6,8,10,-1,-1,-1,-1,12,14,-1,-1,-1,-1],"split_conditions":[9.0263325E-1,2.007858E-1,1E0,1.0107583E-1,6.030937E-1,1.5109253E-2,6.418457E-2,-6.256562E-2,-1.5238953E-2,3.0139592E-1,7.00537E-1,-4.6875E-3,-1.1810303E-3,6.042481E-4,3.7027996E-3],"split_indices":[0,0,0,0,0,0,0,0,0,0,0,0,0,0,0],"split_type":[0,0,0,0,0,0,0,0,0,0,0,0,0,0,0],"sum_hessian":[9E0,7E0,2E0,2E0,5E0,1E0,1E0,1E0,1E0,2E0,3E0,1E0,1E0,1E0,2E0],"tree_param":{"num_deleted":"0","num_feature":"2","num_nodes":"15","size_leaf_vector":"1"}},{"base_weights":[3.1829835E-3,-1.8433762E-1,5.0217694E-1,-4.9276733E-1,6.00179E-4,1.4352418E-2,6.097412E-2,-5.943756E-2,-1.4477539E-2,-3.717041E-2,2.8778076E-2,-4.452515E-3,-1.1230469E-3,5.737305E-4,3.45459E-3],"categories":[],"categories_nodes":[],"categories_segments":[],"categories_sizes":[],"default_left":[0,0,0,0,0,0,0,0,0,0,0,0,0,0,0],"id":98,"left_children":[1,3,5,7,9,-1,-1,-1,-1,11,13,-1,-1,-1,-1],"loss_changes":[1.0282866E0,4.5661822E-1,2.8222024E-2,2.002561E-2,7.4554677E-3,0E0,0E0,0E0,0E0,7.230602E-5,3.3337995E-4,0E0,0E0,0E0,0E0],"parents":[2147483647,0,0,1,1,2,2,3,3,4,4,9,9,10,10],"right_children":[2,4,6,8,10,-1,-1,-1,-1,12,14,-1,-1,-1,-1],"split_conditions":[9.0263325E-1,2.007858E-1,1E0,1.0107583E-1,6.030937E-1,1.4352418E-2,6.097412E-2,-5.943756E-2,-1.4477539E-2,3.0139592E-1,7.00537E-1,-4.452515E-3,-1.1230469E-3,5.737305E-4,3.45459E-3],"split_indices":[0,0,0,0,0,0,0,0,0,0,0,0,0,0,0],"split_type":[0,0,0,0,0,0,0,0,0,0,0,0,0,0,0],"sum_hessian":[9E0,7E0,2E0,2E0,5E0,1E0,1E0,1E0,1E0,2E0,3E0,1E0,1E0,1E0,2E0],"tree_param":{"num_deleted":"0","num_feature":"2","num_nodes":"15","size_leaf_vector":"1"}},{"base_weights":[2.8472901E-3,-1.7534256E-1,4.7707114E-1,-4.681295E-1,2.746582E-4,1.3635254E-2,5.7925414E-2,-5.646515E-2,-1.3754273E-2,-3.531901E-2,2.6901245E-2,-4.2297365E-3,-1.0681152E-3,5.4626464E-4,3.2226562E-3],"categories":[],"categories_nodes":[],"categories_segments":[],"categories_sizes":[],"default_left":[0,0,0,0,0,0,0,0,0,0,0,0,0,0,0],"id":99,"left_children":[1,3,5,7,9,-1,-1,-1,-1,11,13,-1,-1,-1,-1],"loss_changes":[9.2866963E-1,4.1147596E-1,2.5464237E-2,1.8063009E-2,6.6365525E-3,0E0,0E0,0E0,0E0,6.40105E-5,2.8062705E-4,0E0,0E0,0E0,0E0],"parents":[2147483647,0,0,1,1,2,2,3,3,4,4,9,9,10,10],"right_children":[2,4,6,8,10,-1,-1,-1,-1,12,14,-1,-1,-1,-1],"split_conditions":[9.0263325E-1,2.007858E-1,1E0,1.0107583E-1,6.030937E-1,1.3635254E-2,5.7925414E-2,-5.646515E-2,-1.3754273E-2,3.0139592E-1,7.00537E-1,-4.2297365E-3,-1.0681152E-3,5.4626464E-4,3.2226562E-3],"split_indices":[0,0,0,0,0,0,0,0,0,0,0,0,0,0,0],"split_type":[0,0,0,0,0,0,0,0,0,0,0,0,0,0,0],"sum_hessian":[9E0,7E0,2E0,2E0,5E0,1E0,1E0,1E0,1E0,2E0,3E0,1E0,1E0,1E0,2E0],"tree_param":{"num_deleted":"0","num_feature":"2","num_nodes":"15","size_leaf_vector":"1"}}]},"name":"gbtree"},"learner_model_param":{"base_score":"6.601111E2","boost_from_average":"1","num_class":"0","num_feature":"2","num_target":"1"},"objective":{"name":"reg:squarederror","reg_loss_param":{"scale_pos_weight":"1"}}},"version":[2,0,1]}