{"model_name": "LinearRegressionTrainer_0", "trainer": "LinearRegressionTrainer", "model_class": "scikit", "model_file": "LinearRegressionTrainer_0.json", "features": ["bpf_block_irq", "bpf_cpu_time_ms", "bpf_net_rx_irq", "bpf_net_tx_irq", "bpf_page_cache_hit"], "fe_files": [], "output_type": "AbsPower", "mae": 7.81, "mape": -1, "node_type": 0, "machine_spec": {"processor": "11th_gen_intel_core", "cores": 8, "chips": 1, "memory": 31, "frequency": 4800}, "package_mae": 7.81, "core_mae": 5.04, "uncore_mae": 1.54, "dram_mae": 0.0, "package_mape": 44.28, "core_mape": 38.56, "uncore_mape": 21888.24, "dram_mape": -1}