{"package": {"All_Weights": {"Bias_Weight": 526.026087708196, "Categorical_Variables": {}, "Numerical_Variables": {"cgroupfs_cpu_usage_us": {"scale": 12170083.666666666, "mean": 0, "variance": 0, "weight": -41.80929403400476}, "cgroupfs_memory_usage_bytes": {"scale": 4784128.0, "mean": 0, "variance": 0, "weight": -230.54287373724895}, "cgroupfs_system_cpu_usage_us": {"scale": 2759825.333333333, "mean": 0, "variance": 0, "weight": -52.06635442153215}, "cgroupfs_user_cpu_usage_us": {"scale": 9410258.0, "mean": 0, "variance": 0, "weight": -38.80107851901957}}}}, "core": {"All_Weights": {"Bias_Weight": 0.0, "Categorical_Variables": {}, "Numerical_Variables": {"cgroupfs_cpu_usage_us": {"scale": 12170083.666666666, "mean": 0, "variance": 0, "weight": 0.0}, "cgroupfs_memory_usage_bytes": {"scale": 4784128.0, "mean": 0, "variance": 0, "weight": 0.0}, "cgroupfs_system_cpu_usage_us": {"scale": 2759825.333333333, "mean": 0, "variance": 0, "weight": 0.0}, "cgroupfs_user_cpu_usage_us": {"scale": 9410258.0, "mean": 0, "variance": 0, "weight": 0.0}}}}, "uncore": {"All_Weights": {"Bias_Weight": 0.0, "Categorical_Variables": {}, "Numerical_Variables": {"cgroupfs_cpu_usage_us": {"scale": 12170083.666666666, "mean": 0, "variance": 0, "weight": 0.0}, "cgroupfs_memory_usage_bytes": {"scale": 4784128.0, "mean": 0, "variance": 0, "weight": 0.0}, "cgroupfs_system_cpu_usage_us": {"scale": 2759825.333333333, "mean": 0, "variance": 0, "weight": 0.0}, "cgroupfs_user_cpu_usage_us": {"scale": 9410258.0, "mean": 0, "variance": 0, "weight": 0.0}}}}, "dram": {"All_Weights": {"Bias_Weight": 165.0146283583741, "Categorical_Variables": {}, "Numerical_Variables": {"cgroupfs_cpu_usage_us": {"scale": 12170083.666666666, "mean": 0, "variance": 0, "weight": -3.778146999975533}, "cgroupfs_memory_usage_bytes": {"scale": 4784128.0, "mean": 0, "variance": 0, "weight": -10.919112758575343}, "cgroupfs_system_cpu_usage_us": {"scale": 2759825.333333333, "mean": 0, "variance": 0, "weight": -3.859952851747728}, "cgroupfs_user_cpu_usage_us": {"scale": 9410258.0, "mean": 0, "variance": 0, "weight": -3.7541506654889645}}}}}