{"model_name": "LinearRegressionTrainer_0", "trainer": "LinearRegressionTrainer", "model_class": "scikit", "model_file": "LinearRegressionTrainer_0.json", "features": ["cache_miss", "cpu_cycles", "cpu_instructions"], "fe_files": [], "output_type": "AbsPower", "mae": 7.89, "mape": -1, "node_type": 0, "machine_spec": {"processor": "11th_gen_intel_core", "cores": 8, "chips": 1, "memory": 31, "frequency": 4800}, "package_mae": 7.89, "core_mae": 5.06, "uncore_mae": 1.41, "dram_mae": 0.0, "package_mape": 44.07, "core_mape": 44.17, "uncore_mape": 1086.79, "dram_mape": -1}