{"model_name": "KNeighborsRegressorTrainer_1", "model_class": "scikit", "model_file": "KNeighborsRegressorTrainer_1.json", "features": ["bpf_block_irq", "bpf_cpu_time_us", "bpf_net_rx_irq", "bpf_net_tx_irq", "cache_miss", "cgroupfs_cpu_usage_us", "cgroupfs_memory_usage_bytes", "cgroupfs_system_cpu_usage_us", "cgroupfs_user_cpu_usage_us", "cpu_cycles", "cpu_instructions", "kubelet_cpu_usage", "kubelet_memory_bytes"], "fe_files": [], "output_type": "DynPower", "mae": 14.941048034934498, "platform_mae": 14.941048034934498}