{"learner":{"attributes":{"scikit_learn":"{\"_estimator_type\": \"regressor\"}"},"feature_names":[],"feature_types":[],"gradient_booster":{"model":{"gbtree_model_param":{"num_parallel_tree":"1","num_trees":"100"},"iteration_indptr":[0,1,2,3,4,5,6,7,8,9,10,11,12,13,14,15,16,17,18,19,20,21,22,23,24,25,26,27,28,29,30,31,32,33,34,35,36,37,38,39,40,41,42,43,44,45,46,47,48,49,50,51,52,53,54,55,56,57,58,59,60,61,62,63,64,65,66,67,68,69,70,71,72,73,74,75,76,77,78,79,80,81,82,83,84,85,86,87,88,89,90,91,92,93,94,95,96,97,98,99,100],"tree_info":[0,0,0,0,0,0,0,0,0,0,0,0,0,0,0,0,0,0,0,0,0,0,0,0,0,0,0,0,0,0,0,0,0,0,0,0,0,0,0,0,0,0,0,0,0,0,0,0,0,0,0,0,0,0,0,0,0,0,0,0,0,0,0,0,0,0,0,0,0,0,0,0,0,0,0,0,0,0,0,0,0,0,0,0,0,0,0,0,0,0,0,0,0,0,0,0,0,0,0,0],"trees":[{"base_weights":[-1.5258789E-6,-2.7296297E1,3.2755554E1,-3.0844448E0,-4.7777787E-1,8.222222E-1,3.6833332E0],"categories":[],"categories_nodes":[],"categories_segments":[],"categories_sizes":[],"default_left":[0,0,0,0,0,0,0],"id":0,"left_children":[1,3,5,-1,-1,-1,-1],"loss_changes":[9.835159E3,3.3202637E2,1.9735547E2,0E0,0E0,0E0,0E0],"parents":[2147483647,0,0,1,1,2,2],"right_children":[2,4,6,-1,-1,-1,-1],"split_conditions":[7.0736384E-1,5.0282866E-1,8.0780274E-1,-3.0844448E0,-4.7777787E-1,8.222222E-1,3.6833332E0],"split_indices":[0,0,0,0,0,0,0],"split_type":[0,0,0,0,0,0,0],"sum_hessian":[9E0,5E0,4E0,4E0,1E0,1E0,3E0],"tree_param":{"num_deleted":"0","num_feature":"2","num_nodes":"7","size_leaf_vector":"1"}},{"base_weights":[9.433136E-2,-2.5160372E1,3.038111E1,-2.8376892E0,-4.538887E-1,7.811112E-1,3.4070833E0],"categories":[],"categories_nodes":[],"categories_segments":[],"categories_sizes":[],"default_left":[0,0,0,0,0,0,0],"id":1,"left_children":[1,3,5,-1,-1,-1,-1],"loss_changes":[8.413236E3,2.6917676E2,1.502539E2,0E0,0E0,0E0,0E0],"parents":[2147483647,0,0,1,1,2,2],"right_children":[2,4,6,-1,-1,-1,-1],"split_conditions":[7.0736384E-1,5.0282866E-1,8.0780274E-1,-2.8376892E0,-4.538887E-1,7.811112E-1,3.4070833E0],"split_indices":[0,0,0,0,0,0,0],"split_type":[0,0,0,0,0,0,0],"sum_hessian":[9E0,5E0,4E0,4E0,1E0,1E0,3E0],"tree_param":{"num_deleted":"0","num_feature":"2","num_nodes":"7","size_leaf_vector":"1"}},{"base_weights":[1.7455903E-1,-2.319293E1,2.8180634E1,-2.610674E0,-4.311943E-1,7.4205554E-1,3.1515515E0],"categories":[],"categories_nodes":[],"categories_segments":[],"categories_sizes":[],"default_left":[0,0,0,0,0,0,0],"id":2,"left_children":[1,3,5,-1,-1,-1,-1],"loss_changes":[7.197908E3,2.1752295E2,1.1229932E2,0E0,0E0,0E0,0E0],"parents":[2147483647,0,0,1,1,2,2],"right_children":[2,4,6,-1,-1,-1,-1],"split_conditions":[7.0736384E-1,5.0282866E-1,8.0780274E-1,-2.610674E0,-4.311943E-1,7.4205554E-1,3.1515515E0],"split_indices":[0,0,0,0,0,0,0],"split_type":[0,0,0,0,0,0,0],"sum_hessian":[9E0,5E0,4E0,4E0,1E0,1E0,3E0],"tree_param":{"num_deleted":"0","num_feature":"2","num_nodes":"7","size_leaf_vector":"1"}},{"base_weights":[2.4227753E-1,-2.1380615E1,2.6141293E1,-2.40182E0,-4.096344E-1,7.04953E-1,2.9151852E0],"categories":[],"categories_nodes":[],"categories_segments":[],"categories_sizes":[],"default_left":[0,0,0,0,0,0,0],"id":3,"left_children":[1,3,5,-1,-1,-1,-1],"loss_changes":[6.159033E3,1.7514551E2,8.1877686E1,0E0,0E0,0E0,0E0],"parents":[2147483647,0,0,1,1,2,2],"right_children":[2,4,6,-1,-1,-1,-1],"split_conditions":[7.0736384E-1,5.0282866E-1,8.0780274E-1,-2.40182E0,-4.096344E-1,7.04953E-1,2.9151852E0],"split_indices":[0,0,0,0,0,0,0],"split_type":[0,0,0,0,0,0,0],"sum_hessian":[9E0,5E0,4E0,4E0,1E0,1E0,3E0],"tree_param":{"num_deleted":"0","num_feature":"2","num_nodes":"7","size_leaf_vector":"1"}},{"base_weights":[2.9891816E-1,-1.9711126E1,2.4251186E1,-2.2096741E0,-3.8915253E-1,6.697052E-1,2.6965458E0],"categories":[],"categories_nodes":[],"categories_segments":[],"categories_sizes":[],"default_left":[0,0,0,0,0,0,0],"id":4,"left_children":[1,3,5,-1,-1,-1,-1],"loss_changes":[5.270878E3,1.4044653E2,5.7644287E1,0E0,0E0,0E0,0E0],"parents":[2147483647,0,0,1,1,2,2],"right_children":[2,4,6,-1,-1,-1,-1],"split_conditions":[7.0736384E-1,5.0282866E-1,8.0780274E-1,-2.2096741E0,-3.8915253E-1,6.697052E-1,2.6965458E0],"split_indices":[0,0,0,0,0,0,0],"split_type":[0,0,0,0,0,0,0],"sum_hessian":[9E0,5E0,4E0,4E0,1E0,1E0,3E0],"tree_param":{"num_deleted":"0","num_feature":"2","num_nodes":"7","size_leaf_vector":"1"}},{"base_weights":[3.457672E-1,-1.8173151E1,2.2499317E1,-2.2308443E0,-6.601715E-1,9.771709E-1,2.7727153E0],"categories":[],"categories_nodes":[],"categories_segments":[],"categories_sizes":[],"default_left":[0,0,0,0,0,0,0],"id":5,"left_children":[1,3,5,-1,-1,-1,-1],"loss_changes":[4.5114814E3,1.398335E2,6.174756E1,0E0,0E0,0E0,0E0],"parents":[2147483647,0,0,1,1,2,2],"right_children":[2,4,6,-1,-1,-1,-1],"split_conditions":[7.0736384E-1,3.048008E-1,9.0576607E-1,-2.2308443E0,-6.601715E-1,9.771709E-1,2.7727153E0],"split_indices":[0,0,0,0,0,0,0],"split_type":[0,0,0,0,0,0,0],"sum_hessian":[9E0,5E0,4E0,3E0,2E0,2E0,2E0],"tree_param":{"num_deleted":"0","num_feature":"2","num_nodes":"7","size_leaf_vector":"1"}},{"base_weights":[3.9707795E-1,-1.683767E1,2.099936E1,-2.0635304E0,-6.161601E-1,9.120259E-1,2.5878673E0],"categories":[],"categories_nodes":[],"categories_segments":[],"categories_sizes":[],"default_left":[0,0,0,0,0,0,0],"id":6,"left_children":[1,3,5,-1,-1,-1,-1],"loss_changes":[3.9043315E3,1.16116455E2,5.3789062E1,0E0,0E0,0E0,0E0],"parents":[2147483647,0,0,1,1,2,2],"right_children":[2,4,6,-1,-1,-1,-1],"split_conditions":[7.0736384E-1,3.048008E-1,9.0576607E-1,-2.0635304E0,-6.161601E-1,9.120259E-1,2.5878673E0],"split_indices":[0,0,0,0,0,0,0],"split_type":[0,0,0,0,0,0,0],"sum_hessian":[9E0,5E0,4E0,3E0,2E0,2E0,2E0],"tree_param":{"num_deleted":"0","num_feature":"2","num_nodes":"7","size_leaf_vector":"1"}},{"base_weights":[4.393936E-1,-1.56005125E1,1.9599401E1,-1.9087651E0,-5.750824E-1,8.5122377E-1,2.4153433E0],"categories":[],"categories_nodes":[],"categories_segments":[],"categories_sizes":[],"default_left":[0,0,0,0,0,0,0],"id":7,"left_children":[1,3,5,-1,-1,-1,-1],"loss_changes":[3.379008E3,9.63136E1,4.685669E1,0E0,0E0,0E0,0E0],"parents":[2147483647,0,0,1,1,2,2],"right_children":[2,4,6,-1,-1,-1,-1],"split_conditions":[7.0736384E-1,3.048008E-1,9.0576607E-1,-1.9087651E0,-5.750824E-1,8.5122377E-1,2.4153433E0],"split_indices":[0,0,0,0,0,0,0],"split_type":[0,0,0,0,0,0,0],"sum_hessian":[9E0,5E0,4E0,3E0,2E0,2E0,2E0],"tree_param":{"num_deleted":"0","num_feature":"2","num_nodes":"7","size_leaf_vector":"1"}},{"base_weights":[4.737274E-1,-1.44544325E1,1.8292774E1,-1.6236826E0,-2.7712327E-1,7.944753E-1,2.2543204E0],"categories":[],"categories_nodes":[],"categories_segments":[],"categories_sizes":[],"default_left":[0,0,0,0,0,0,0],"id":8,"left_children":[1,3,5,-1,-1,-1,-1],"loss_changes":[2.9244673E3,7.994849E1,4.0817505E1,0E0,0E0,0E0,0E0],"parents":[2147483647,0,0,1,1,2,2],"right_children":[2,4,6,-1,-1,-1,-1],"split_conditions":[7.0736384E-1,5.0282866E-1,9.0576607E-1,-1.6236826E0,-2.7712327E-1,7.944753E-1,2.2543204E0],"split_indices":[0,0,0,0,0,0,0],"split_type":[0,0,0,0,0,0,0],"sum_hessian":[9E0,5E0,4E0,4E0,1E0,2E0,2E0],"tree_param":{"num_deleted":"0","num_feature":"2","num_nodes":"7","size_leaf_vector":"1"}},{"base_weights":[5.41156E-1,-1.3325786E1,1.7073254E1,-1.6438309E0,-4.7338256E-1,7.4151003E-1,2.1040323E0],"categories":[],"categories_nodes":[],"categories_segments":[],"categories_sizes":[],"default_left":[0,0,0,0,0,0,0],"id":9,"left_children":[1,3,5,-1,-1,-1,-1],"loss_changes":[2.520011E3,8.263989E1,3.5556763E1,0E0,0E0,0E0,0E0],"parents":[2147483647,0,0,1,1,2,2],"right_children":[2,4,6,-1,-1,-1,-1],"split_conditions":[7.0736384E-1,3.048008E-1,9.0576607E-1,-1.6438309E0,-4.7338256E-1,7.4151003E-1,2.1040323E0],"split_indices":[0,0,0,0,0,0,0],"split_type":[0,0,0,0,0,0,0],"sum_hessian":[9E0,5E0,4E0,3E0,2E0,2E0,2E0],"tree_param":{"num_deleted":"0","num_feature":"2","num_nodes":"7","size_leaf_vector":"1"}},{"base_weights":[5.5987245E-1,-1.2346074E1,1.5935034E1,-1.5205437E0,-4.4182333E-1,4.223984E-1,1.7806801E0],"categories":[],"categories_nodes":[],"categories_segments":[],"categories_sizes":[],"default_left":[0,0,0,0,0,0,0],"id":10,"left_children":[1,3,5,-1,-1,-1,-1],"loss_changes":[2.1810454E3,6.883032E1,3.438611E1,0E0,0E0,0E0,0E0],"parents":[2147483647,0,0,1,1,2,2],"right_children":[2,4,6,-1,-1,-1,-1],"split_conditions":[7.0736384E-1,3.048008E-1,8.0780274E-1,-1.5205437E0,-4.4182333E-1,4.223984E-1,1.7806801E0],"split_indices":[0,0,0,0,0,0,0],"split_type":[0,0,0,0,0,0,0],"sum_hessian":[9E0,5E0,4E0,3E0,2E0,1E0,3E0],"tree_param":{"num_deleted":"0","num_feature":"2","num_nodes":"7","size_leaf_vector":"1"}},{"base_weights":[5.2795255E-1,-1.1438533E1,1.4782145E1,-1.5613363E0,-5.447777E-1,6.1863965E-1,1.845051E0],"categories":[],"categories_nodes":[],"categories_segments":[],"categories_sizes":[],"default_left":[0,0,0,0,0,0,0],"id":11,"left_children":[1,3,5,-1,-1,-1,-1],"loss_changes":[1.8748115E3,6.500427E1,4.3519653E1,0E0,0E0,0E0,0E0],"parents":[2147483647,0,0,1,1,2,2],"right_children":[2,4,6,-1,-1,-1,-1],"split_conditions":[7.0736384E-1,2.0298177E-1,9.0576607E-1,-1.5613363E0,-5.447777E-1,6.1863965E-1,1.845051E0],"split_indices":[0,0,0,0,0,0,0],"split_type":[0,0,0,0,0,0,0],"sum_hessian":[9E0,5E0,4E0,2E0,3E0,2E0,2E0],"tree_param":{"num_deleted":"0","num_feature":"2","num_nodes":"7","size_leaf_vector":"1"}},{"base_weights":[5.109192E-1,-1.0645694E1,1.3796671E1,-1.4572469E0,-5.039188E-1,5.7739717E-1,1.722048E0],"categories":[],"categories_nodes":[],"categories_segments":[],"categories_sizes":[],"default_left":[0,0,0,0,0,0,0],"id":12,"left_children":[1,3,5,-1,-1,-1,-1],"loss_changes":[1.629115E3,5.8659485E1,3.79104E1,0E0,0E0,0E0,0E0],"parents":[2147483647,0,0,1,1,2,2],"right_children":[2,4,6,-1,-1,-1,-1],"split_conditions":[7.0736384E-1,2.0298177E-1,9.0576607E-1,-1.4572469E0,-5.039188E-1,5.7739717E-1,1.722048E0],"split_indices":[0,0,0,0,0,0,0],"split_type":[0,0,0,0,0,0,0],"sum_hessian":[9E0,5E0,4E0,2E0,3E0,2E0,2E0],"tree_param":{"num_deleted":"0","num_feature":"2","num_nodes":"7","size_leaf_vector":"1"}},{"base_weights":[4.9365693E-1,-9.907985E0,1.2876895E1,-1.3600973E0,-4.6612474E-1,5.3890437E-1,1.6072448E0],"categories":[],"categories_nodes":[],"categories_segments":[],"categories_sizes":[],"default_left":[0,0,0,0,0,0,0],"id":13,"left_children":[1,3,5,-1,-1,-1,-1],"loss_changes":[1.415644E3,5.2859375E1,3.3023987E1,0E0,0E0,0E0,0E0],"parents":[2147483647,0,0,1,1,2,2],"right_children":[2,4,6,-1,-1,-1,-1],"split_conditions":[7.0736384E-1,2.0298177E-1,9.0576607E-1,-1.3600973E0,-4.6612474E-1,5.3890437E-1,1.6072448E0],"split_indices":[0,0,0,0,0,0,0],"split_type":[0,0,0,0,0,0,0],"sum_hessian":[9E0,5E0,4E0,2E0,3E0,2E0,2E0],"tree_param":{"num_deleted":"0","num_feature":"2","num_nodes":"7","size_leaf_vector":"1"}},{"base_weights":[4.7628325E-1,-9.221558E0,1.20184355E1,-1.1496986E0,-3.1138E-1,5.02977E-1,1.5000957E0],"categories":[],"categories_nodes":[],"categories_segments":[],"categories_sizes":[],"default_left":[0,0,0,0,0,0,0],"id":14,"left_children":[1,3,5,-1,-1,-1,-1],"loss_changes":[1.2301683E3,4.758731E1,2.8767822E1,0E0,0E0,0E0,0E0],"parents":[2147483647,0,0,1,1,2,2],"right_children":[2,4,6,-1,-1,-1,-1],"split_conditions":[7.0736384E-1,3.048008E-1,9.0576607E-1,-1.1496986E0,-3.1138E-1,5.02977E-1,1.5000957E0],"split_indices":[0,0,0,0,0,0,0],"split_type":[0,0,0,0,0,0,0],"sum_hessian":[9E0,5E0,4E0,3E0,2E0,2E0,2E0],"tree_param":{"num_deleted":"0","num_feature":"2","num_nodes":"7","size_leaf_vector":"1"}},{"base_weights":[4.8285827E-1,-8.542911E0,1.1217209E1,-1.1927775E0,-3.8685343E-1,4.694453E-1,1.4000896E0],"categories":[],"categories_nodes":[],"categories_segments":[],"categories_sizes":[],"default_left":[0,0,0,0,0,0,0],"id":15,"left_children":[1,3,5,-1,-1,-1,-1],"loss_changes":[1.0646852E3,4.8789764E1,2.5059998E1,0E0,0E0,0E0,0E0],"parents":[2147483647,0,0,1,1,2,2],"right_children":[2,4,6,-1,-1,-1,-1],"split_conditions":[7.0736384E-1,2.0298177E-1,9.0576607E-1,-1.1927775E0,-3.8685343E-1,4.694453E-1,1.4000896E0],"split_indices":[0,0,0,0,0,0,0],"split_type":[0,0,0,0,0,0,0],"sum_hessian":[9E0,5E0,4E0,2E0,3E0,2E0,2E0],"tree_param":{"num_deleted":"0","num_feature":"2","num_nodes":"7","size_leaf_vector":"1"}},{"base_weights":[4.6356353E-1,-7.951889E0,1.0469394E1,-1.1132588E0,-3.578392E0,4.381485E-1,1.3067505E0,-4.058838E-1,-1.06852725E-1],"categories":[],"categories_nodes":[],"categories_segments":[],"categories_sizes":[],"default_left":[0,0,0,0,0,0,0,0,0],"id":16,"left_children":[1,3,5,-1,7,-1,-1,-1,-1],"loss_changes":[9.2528735E2,4.36279E1,2.18302E1,0E0,4.8643875E-1,0E0,0E0,0E0,0E0],"parents":[2147483647,0,0,1,1,2,2,4,4],"right_children":[2,4,6,-1,8,-1,-1,-1,-1],"split_conditions":[7.0736384E-1,2.0298177E-1,9.0576607E-1,-1.1132588E0,5.0282866E-1,4.381485E-1,1.3067505E0,-4.058838E-1,-1.06852725E-1],"split_indices":[0,0,0,0,0,0,0,0,0],"split_type":[0,0,0,0,0,0,0,0,0],"sum_hessian":[9E0,5E0,4E0,2E0,3E0,2E0,2E0,2E0,1E0],"tree_param":{"num_deleted":"0","num_feature":"2","num_nodes":"9","size_leaf_vector":"1"}},{"base_weights":[4.2910004E-1,-7.427696E0,9.771436E0,-1.0390412E0,-3.3487358E0,4.0893862E-1,1.2196339E0,-3.788249E-1,-1.0150986E-1],"categories":[],"categories_nodes":[],"categories_segments":[],"categories_sizes":[],"default_left":[0,0,0,0,0,0,0,0,0],"id":17,"left_children":[1,3,5,-1,7,-1,-1,-1,-1],"loss_changes":[8.065876E2,3.771402E1,1.901654E1,0E0,2.5720978E-1,0E0,0E0,0E0,0E0],"parents":[2147483647,0,0,1,1,2,2,4,4],"right_children":[2,4,6,-1,8,-1,-1,-1,-1],"split_conditions":[7.0736384E-1,2.0298177E-1,9.0576607E-1,-1.0390412E0,5.0282866E-1,4.0893862E-1,1.2196339E0,-3.788249E-1,-1.0150986E-1],"split_indices":[0,0,0,0,0,0,0,0,0],"split_type":[0,0,0,0,0,0,0,0,0],"sum_hessian":[9E0,5E0,4E0,2E0,3E0,2E0,2E0,2E0,1E0],"tree_param":{"num_deleted":"0","num_feature":"2","num_nodes":"9","size_leaf_vector":"1"}},{"base_weights":[3.9711303E-1,-6.938151E0,9.1200075E0,-9.697713E-1,-3.1339417E0,2.2355652E-1,1.0282227E0,-3.5356954E-1,-9.643402E-2],"categories":[],"categories_nodes":[],"categories_segments":[],"categories_sizes":[],"default_left":[0,0,0,0,0,0,0,0,0],"id":18,"left_children":[1,3,5,-1,7,-1,-1,-1,-1],"loss_changes":[7.0312335E2,3.2595642E1,1.7019592E1,0E0,7.696915E-2,0E0,0E0,0E0,0E0],"parents":[2147483647,0,0,1,1,2,2,4,4],"right_children":[2,4,6,-1,8,-1,-1,-1,-1],"split_conditions":[7.0736384E-1,2.0298177E-1,8.0780274E-1,-9.697713E-1,5.0282866E-1,2.2355652E-1,1.0282227E0,-3.5356954E-1,-9.643402E-2],"split_indices":[0,0,0,0,0,0,0,0,0],"split_type":[0,0,0,0,0,0,0,0,0],"sum_hessian":[9E0,5E0,4E0,2E0,3E0,1E0,3E0,2E0,1E0],"tree_param":{"num_deleted":"0","num_feature":"2","num_nodes":"9","size_leaf_vector":"1"}},{"base_weights":[3.4060517E-1,-6.4809623E0,8.4583645E0,-9.0511984E-1,-2.9330444E-1,3.3995005E-1,1.0697774E0],"categories":[],"categories_nodes":[],"categories_segments":[],"categories_sizes":[],"default_left":[0,0,0,0,0,0,0],"id":19,"left_children":[1,3,5,-1,-1,-1,-1],"loss_changes":[6.085768E2,2.8166382E1,2.0277252E1,0E0,0E0,0E0,0E0],"parents":[2147483647,0,0,1,1,2,2],"right_children":[2,4,6,-1,-1,-1,-1],"split_conditions":[7.0736384E-1,2.0298177E-1,9.0576607E-1,-9.0511984E-1,-2.9330444E-1,3.3995005E-1,1.0697774E0],"split_indices":[0,0,0,0,0,0,0],"split_type":[0,0,0,0,0,0,0],"sum_hessian":[9E0,5E0,4E0,2E0,3E0,2E0,2E0],"tree_param":{"num_deleted":"0","num_feature":"2","num_nodes":"7","size_leaf_vector":"1"}},{"base_weights":[3.276779E-1,-6.032603E0,7.8944793E0,-8.447785E-1,-2.713066E0,3.172867E-1,9.9845994E-1,-3.1044415E-1,-7.6947026E-2],"categories":[],"categories_nodes":[],"categories_segments":[],"categories_sizes":[],"default_left":[0,0,0,0,0,0,0,0,0],"id":20,"left_children":[1,3,5,-1,7,-1,-1,-1,-1],"loss_changes":[5.2889404E2,2.5184341E1,1.766388E1,0E0,6.5392494E-1,0E0,0E0,0E0,0E0],"parents":[2147483647,0,0,1,1,2,2,4,4],"right_children":[2,4,6,-1,8,-1,-1,-1,-1],"split_conditions":[7.0736384E-1,2.0298177E-1,9.0576607E-1,-8.447785E-1,5.0282866E-1,3.172867E-1,9.9845994E-1,-3.1044415E-1,-7.6947026E-2],"split_indices":[0,0,0,0,0,0,0,0,0],"split_type":[0,0,0,0,0,0,0,0,0],"sum_hessian":[9E0,5E0,4E0,2E0,3E0,2E0,2E0,2E0,1E0],"tree_param":{"num_deleted":"0","num_feature":"2","num_nodes":"9","size_leaf_vector":"1"}},{"base_weights":[3.0326232E-1,-5.634707E0,7.368173E0,-7.884603E-1,-2.5386086E0,2.9613394E-1,9.3189496E-1,-2.8974813E-1,-7.309952E-2],"categories":[],"categories_nodes":[],"categories_segments":[],"categories_sizes":[],"default_left":[0,0,0,0,0,0,0,0,0],"id":21,"left_children":[1,3,5,-1,7,-1,-1,-1,-1],"loss_changes":[4.610298E2,2.177948E1,1.53871765E1,0E0,4.767685E-1,0E0,0E0,0E0,0E0],"parents":[2147483647,0,0,1,1,2,2,4,4],"right_children":[2,4,6,-1,8,-1,-1,-1,-1],"split_conditions":[7.0736384E-1,2.0298177E-1,9.0576607E-1,-7.884603E-1,5.0282866E-1,2.9613394E-1,9.3189496E-1,-2.8974813E-1,-7.309952E-2],"split_indices":[0,0,0,0,0,0,0,0,0],"split_type":[0,0,0,0,0,0,0,0,0],"sum_hessian":[9E0,5E0,4E0,2E0,3E0,2E0,2E0,2E0,1E0],"tree_param":{"num_deleted":"0","num_feature":"2","num_nodes":"9","size_leaf_vector":"1"}},{"base_weights":[2.8061372E-1,-5.2631173E0,6.8769684E0,-8.5192186E-1,-2.9080536E0,3.5845757E-1,1.002327E0,-3.2878456E-1,-6.944428E-2],"categories":[],"categories_nodes":[],"categories_segments":[],"categories_sizes":[],"default_left":[0,0,0,0,0,0,0,0,0],"id":22,"left_children":[1,3,5,-1,7,-1,-1,-1,-1],"loss_changes":[4.0187845E2,2.1235596E1,1.5865128E1,0E0,1.9203377E0,0E0,0E0,0E0,0E0],"parents":[2147483647,0,0,1,1,2,2,4,4],"right_children":[2,4,6,-1,8,-1,-1,-1,-1],"split_conditions":[7.0736384E-1,1.0177206E-1,1E0,-8.5192186E-1,5.0282866E-1,3.5845757E-1,1.002327E0,-3.2878456E-1,-6.944428E-2],"split_indices":[0,0,0,0,0,0,0,0,0],"split_type":[0,0,0,0,0,0,0,0,0],"sum_hessian":[9E0,5E0,4E0,1E0,4E0,3E0,1E0,3E0,1E0],"tree_param":{"num_deleted":"0","num_feature":"2","num_nodes":"9","size_leaf_vector":"1"}},{"base_weights":[2.6361543E-1,-4.945165E0,6.4614286E0,-8.093254E-1,-2.6968963E0,3.315731E-1,9.52211E-1,-3.04126E-1,-6.597214E-2],"categories":[],"categories_nodes":[],"categories_segments":[],"categories_sizes":[],"default_left":[0,0,0,0,0,0,0,0,0],"id":23,"left_children":[1,3,5,-1,7,-1,-1,-1,-1],"loss_changes":[3.5478336E2,2.0639816E1,1.6567123E1,0E0,1.5012589E0,0E0,0E0,0E0,0E0],"parents":[2147483647,0,0,1,1,2,2,4,4],"right_children":[2,4,6,-1,8,-1,-1,-1,-1],"split_conditions":[7.0736384E-1,1.0177206E-1,1E0,-8.093254E-1,5.0282866E-1,3.315731E-1,9.52211E-1,-3.04126E-1,-6.597214E-2],"split_indices":[0,0,0,0,0,0,0,0,0],"split_type":[0,0,0,0,0,0,0,0,0],"sum_hessian":[9E0,5E0,4E0,1E0,4E0,3E0,1E0,3E0,1E0],"tree_param":{"num_deleted":"0","num_feature":"2","num_nodes":"9","size_leaf_vector":"1"}},{"base_weights":[2.4768981E-1,-4.647219E0,6.072043E0,-7.688591E-1,-2.501227E0,3.067051E-1,9.0460056E-1,-2.8131676E-1,-6.267319E-2],"categories":[],"categories_nodes":[],"categories_segments":[],"categories_sizes":[],"default_left":[0,0,0,0,0,0,0,0,0],"id":24,"left_children":[1,3,5,-1,7,-1,-1,-1,-1],"loss_changes":[3.133149E2,1.9929657E1,1.6939102E1,0E0,1.1605587E0,0E0,0E0,0E0,0E0],"parents":[2147483647,0,0,1,1,2,2,4,4],"right_children":[2,4,6,-1,8,-1,-1,-1,-1],"split_conditions":[7.0736384E-1,1.0177206E-1,1E0,-7.688591E-1,5.0282866E-1,3.067051E-1,9.0460056E-1,-2.8131676E-1,-6.267319E-2],"split_indices":[0,0,0,0,0,0,0,0,0],"split_type":[0,0,0,0,0,0,0,0,0],"sum_hessian":[9E0,5E0,4E0,1E0,4E0,3E0,1E0,3E0,1E0],"tree_param":{"num_deleted":"0","num_feature":"2","num_nodes":"9","size_leaf_vector":"1"}},{"base_weights":[2.327652E-1,-4.3679757E0,5.7071013E0,-7.304161E-1,-2.3199067E0,2.8370246E-1,8.593704E-1,-2.6021844E-1,-5.9539795E-2],"categories":[],"categories_nodes":[],"categories_segments":[],"categories_sizes":[],"default_left":[0,0,0,0,0,0,0,0,0],"id":25,"left_children":[1,3,5,-1,7,-1,-1,-1,-1],"loss_changes":[2.767885E2,1.9136093E1,1.704332E1,0E0,8.8461876E-1,0E0,0E0,0E0,0E0],"parents":[2147483647,0,0,1,1,2,2,4,4],"right_children":[2,4,6,-1,8,-1,-1,-1,-1],"split_conditions":[7.0736384E-1,1.0177206E-1,1E0,-7.304161E-1,5.0282866E-1,2.8370246E-1,8.593704E-1,-2.6021844E-1,-5.9539795E-2],"split_indices":[0,0,0,0,0,0,0,0,0],"split_type":[0,0,0,0,0,0,0,0,0],"sum_hessian":[9E0,5E0,4E0,1E0,4E0,3E0,1E0,3E0,1E0],"tree_param":{"num_deleted":"0","num_feature":"2","num_nodes":"9","size_leaf_vector":"1"}},{"base_weights":[2.1878052E-1,-4.1062036E0,5.3650055E0,-6.93895E-1,-2.1518645E0,2.6242486E-1,8.1640166E-1,-2.4070168E-1,-5.6562807E-2],"categories":[],"categories_nodes":[],"categories_segments":[],"categories_sizes":[],"default_left":[0,0,0,0,0,0,0,0,0],"id":26,"left_children":[1,3,5,-1,7,-1,-1,-1,-1],"loss_changes":[2.4460323E2,1.8285194E1,1.6932648E1,0E0,6.6218185E-1,0E0,0E0,0E0,0E0],"parents":[2147483647,0,0,1,1,2,2,4,4],"right_children":[2,4,6,-1,8,-1,-1,-1,-1],"split_conditions":[7.0736384E-1,1.0177206E-1,1E0,-6.93895E-1,5.0282866E-1,2.6242486E-1,8.1640166E-1,-2.4070168E-1,-5.6562807E-2],"split_indices":[0,0,0,0,0,0,0,0,0],"split_type":[0,0,0,0,0,0,0,0,0],"sum_hessian":[9E0,5E0,4E0,1E0,4E0,3E0,1E0,3E0,1E0],"tree_param":{"num_deleted":"0","num_feature":"2","num_nodes":"9","size_leaf_vector":"1"}},{"base_weights":[2.056717E-1,-3.8607738E0,5.044272E0,-6.592003E-1,-1.9961274E0,2.427433E-1,7.7558136E-1,-2.2264862E-1,-5.373459E-2],"categories":[],"categories_nodes":[],"categories_segments":[],"categories_sizes":[],"default_left":[0,0,0,0,0,0,0,0,0],"id":27,"left_children":[1,3,5,-1,7,-1,-1,-1,-1],"loss_changes":[2.1623383E2,1.7398186E1,1.6651627E1,0E0,4.8382378E-1,0E0,0E0,0E0,0E0],"parents":[2147483647,0,0,1,1,2,2,4,4],"right_children":[2,4,6,-1,8,-1,-1,-1,-1],"split_conditions":[7.0736384E-1,1.0177206E-1,1E0,-6.592003E-1,5.0282866E-1,2.427433E-1,7.7558136E-1,-2.2264862E-1,-5.373459E-2],"split_indices":[0,0,0,0,0,0,0,0,0],"split_type":[0,0,0,0,0,0,0,0,0],"sum_hessian":[9E0,5E0,4E0,1E0,4E0,3E0,1E0,3E0,1E0],"tree_param":{"num_deleted":"0","num_feature":"2","num_nodes":"9","size_leaf_vector":"1"}},{"base_weights":[1.9338378E-1,-3.6306229E0,4.743515E0,-6.2624055E-1,-1.8517853E0,2.2453804E-1,7.368027E-1,-2.0594941E-1,-5.1047515E-2],"categories":[],"categories_nodes":[],"categories_segments":[],"categories_sizes":[],"default_left":[0,0,0,0,0,0,0,0,0],"id":28,"left_children":[1,3,5,-1,7,-1,-1,-1,-1],"loss_changes":[1.9121924E2,1.649244E1,1.6237892E1,0E0,3.4169006E-1,0E0,0E0,0E0,0E0],"parents":[2147483647,0,0,1,1,2,2,4,4],"right_children":[2,4,6,-1,8,-1,-1,-1,-1],"split_conditions":[7.0736384E-1,1.0177206E-1,1E0,-6.2624055E-1,5.0282866E-1,2.2453804E-1,7.368027E-1,-2.0594941E-1,-5.1047515E-2],"split_indices":[0,0,0,0,0,0,0,0,0],"split_type":[0,0,0,0,0,0,0,0,0],"sum_hessian":[9E0,5E0,4E0,1E0,4E0,3E0,1E0,3E0,1E0],"tree_param":{"num_deleted":"0","num_feature":"2","num_nodes":"9","size_leaf_vector":"1"}},{"base_weights":[1.8185273E-1,-3.4147694E0,4.4614286E0,-5.9492874E-1,-1.7180084E0,2.0769768E0,6.9996184E-1,-1.9050331E-1,-4.8495483E-2,6.420364E-2,2.341278E-1],"categories":[],"categories_nodes":[],"categories_segments":[],"categories_sizes":[],"default_left":[0,0,0,0,0,0,0,0,0,0,0],"id":29,"left_children":[1,3,5,-1,7,9,-1,-1,-1,-1,-1],"loss_changes":[1.6915494E2,1.5581902E1,1.5722916E1,0E0,2.2920227E-1,1.3839722E-2,0E0,0E0,0E0,0E0,0E0],"parents":[2147483647,0,0,1,1,2,2,4,4,5,5],"right_children":[2,4,6,-1,8,10,-1,-1,-1,-1,-1],"split_conditions":[7.0736384E-1,1.0177206E-1,1E0,-5.9492874E-1,5.0282866E-1,8.0780274E-1,6.9996184E-1,-1.9050331E-1,-4.8495483E-2,6.420364E-2,2.341278E-1],"split_indices":[0,0,0,0,0,0,0,0,0,0,0],"split_type":[0,0,0,0,0,0,0,0,0,0,0],"sum_hessian":[9E0,5E0,4E0,1E0,4E0,3E0,1E0,3E0,1E0,1E0,2E0],"tree_param":{"num_deleted":"0","num_feature":"2","num_nodes":"11","size_leaf_vector":"1"}},{"base_weights":[1.8010406E-1,-3.2122803E0,4.2149444E0,-5.651825E-1,-1.5940063E0,1.9438592E-1,6.649643E-1,-1.7621537E-1,-4.6070863E-2],"categories":[],"categories_nodes":[],"categories_segments":[],"categories_sizes":[],"default_left":[0,0,0,0,0,0,0,0,0],"id":30,"left_children":[1,3,5,-1,7,-1,-1,-1,-1],"loss_changes":[1.5041687E2,1.4678066E1,1.4721069E1,0E0,1.4096642E-1,0E0,0E0,0E0,0E0],"parents":[2147483647,0,0,1,1,2,2,4,4],"right_children":[2,4,6,-1,8,-1,-1,-1,-1],"split_conditions":[7.0736384E-1,1.0177206E-1,1E0,-5.651825E-1,5.0282866E-1,1.9438592E-1,6.649643E-1,-1.7621537E-1,-4.6070863E-2],"split_indices":[0,0,0,0,0,0,0,0,0],"split_type":[0,0,0,0,0,0,0,0,0],"sum_hessian":[9E0,5E0,4E0,1E0,4E0,3E0,1E0,3E0,1E0],"tree_param":{"num_deleted":"0","num_feature":"2","num_nodes":"9","size_leaf_vector":"1"}},{"base_weights":[1.6927795E-1,-3.0223007E0,3.9653168E0,-5.369232E-1,-1.479068E0,1.798069E0,6.317154E-1,-1.6299973E-1,-4.376755E-2,5.127411E-2,2.055598E-1],"categories":[],"categories_nodes":[],"categories_segments":[],"categories_sizes":[],"default_left":[0,0,0,0,0,0,0,0,0,0,0],"id":31,"left_children":[1,3,5,-1,7,9,-1,-1,-1,-1,-1],"loss_changes":[1.3313795E2,1.3789707E1,1.4126389E1,0E0,7.2473526E-2,2.700472E-1,0E0,0E0,0E0,0E0,0E0],"parents":[2147483647,0,0,1,1,2,2,4,4,5,5],"right_children":[2,4,6,-1,8,10,-1,-1,-1,-1,-1],"split_conditions":[7.0736384E-1,1.0177206E-1,1E0,-5.369232E-1,5.0282866E-1,8.0780274E-1,6.317154E-1,-1.6299973E-1,-4.376755E-2,5.127411E-2,2.055598E-1],"split_indices":[0,0,0,0,0,0,0,0,0,0,0],"split_type":[0,0,0,0,0,0,0,0,0,0,0],"sum_hessian":[9E0,5E0,4E0,1E0,4E0,3E0,1E0,3E0,1E0,1E0,2E0],"tree_param":{"num_deleted":"0","num_feature":"2","num_nodes":"11","size_leaf_vector":"1"}},{"base_weights":[1.6683349E-1,-2.844022E0,3.7464936E0,-5.1007694E-1,-1.3725189E0,1.6824684E0,6.001297E-1,-1.5077515E-1,-4.1579437E-2,4.8710633E-2,1.9185537E-1],"categories":[],"categories_nodes":[],"categories_segments":[],"categories_sizes":[],"default_left":[0,0,0,0,0,0,0,0,0,0,0],"id":32,"left_children":[1,3,5,-1,7,9,-1,-1,-1,-1,-1],"loss_changes":[1.184335E2,1.2923958E1,1.3172859E1,0E0,1.9987106E-2,1.9429016E-1,0E0,0E0,0E0,0E0,0E0],"parents":[2147483647,0,0,1,1,2,2,4,4,5,5],"right_children":[2,4,6,-1,8,10,-1,-1,-1,-1,-1],"split_conditions":[7.0736384E-1,1.0177206E-1,1E0,-5.1007694E-1,5.0282866E-1,8.0780274E-1,6.001297E-1,-1.5077515E-1,-4.1579437E-2,4.8710633E-2,1.9185537E-1],"split_indices":[0,0,0,0,0,0,0,0,0,0,0],"split_type":[0,0,0,0,0,0,0,0,0,0,0],"sum_hessian":[9E0,5E0,4E0,1E0,4E0,3E0,1E0,3E0,1E0,1E0,2E0],"tree_param":{"num_deleted":"0","num_feature":"2","num_nodes":"11","size_leaf_vector":"1"}},{"base_weights":[1.6397552E-1,-2.6766942E0,3.5399842E0,-4.8457336E-1,-1.2737396E-1,1.5743637E0,5.701233E-1,4.627533E-2,1.7906494E-1],"categories":[],"categories_nodes":[],"categories_segments":[],"categories_sizes":[],"default_left":[0,0,0,0,0,0,0,0,0],"id":33,"left_children":[1,3,5,-1,-1,7,-1,-1,-1],"loss_changes":[1.0537672E2,1.2086178E1,1.2265152E1,0E0,0E0,1.3307285E-1,0E0,0E0,0E0],"parents":[2147483647,0,0,1,1,2,2,5,5],"right_children":[2,4,6,-1,-1,8,-1,-1,-1],"split_conditions":[7.0736384E-1,1.0177206E-1,1E0,-4.8457336E-1,-1.2737396E-1,8.0780274E-1,5.701233E-1,4.627533E-2,1.7906494E-1],"split_indices":[0,0,0,0,0,0,0,0,0],"split_type":[0,0,0,0,0,0,0,0,0],"sum_hessian":[9E0,5E0,4E0,1E0,4E0,3E0,1E0,1E0,2E0],"tree_param":{"num_deleted":"0","num_feature":"2","num_nodes":"9","size_leaf_vector":"1"}},{"base_weights":[1.6593018E-1,-2.5110118E0,3.3450744E0,-4.603447E-1,-1.1718353E0,1.473259E0,5.4161686E-1,-1.2991372E-1,-3.313141E-2,4.3961335E-2,1.6712698E-1],"categories":[],"categories_nodes":[],"categories_segments":[],"categories_sizes":[],"default_left":[0,0,0,0,0,0,0,0,0,0,0],"id":34,"left_children":[1,3,5,-1,7,9,-1,-1,-1,-1,-1],"loss_changes":[9.3503365E1,1.1418358E1,1.140411E1,0E0,1.0457659E-1,8.397961E-2,0E0,0E0,0E0,0E0,0E0],"parents":[2147483647,0,0,1,1,2,2,4,4,5,5],"right_children":[2,4,6,-1,8,10,-1,-1,-1,-1,-1],"split_conditions":[7.0736384E-1,1.0177206E-1,1E0,-4.603447E-1,5.0282866E-1,8.0780274E-1,5.4161686E-1,-1.2991372E-1,-3.313141E-2,4.3961335E-2,1.6712698E-1],"split_indices":[0,0,0,0,0,0,0,0,0,0,0],"split_type":[0,0,0,0,0,0,0,0,0,0,0],"sum_hessian":[9E0,5E0,4E0,1E0,4E0,3E0,1E0,3E0,1E0,1E0,2E0],"tree_param":{"num_deleted":"0","num_feature":"2","num_nodes":"11","size_leaf_vector":"1"}},{"base_weights":[1.6226807E-1,-2.3638103E0,3.1611085E0,-4.373276E-1,-1.0872619E0,1.3787079E0,5.1453555E-1,-1.2017021E-1,-3.1475067E-2,4.1763306E-2,1.5598552E-1],"categories":[],"categories_nodes":[],"categories_segments":[],"categories_sizes":[],"default_left":[0,0,0,0,0,0,0,0,0,0,0],"id":35,"left_children":[1,3,5,-1,7,9,-1,-1,-1,-1,-1],"loss_changes":[8.322532E1,1.0636185E1,1.0589668E1,0E0,6.379461E-2,4.493761E-2,0E0,0E0,0E0,0E0,0E0],"parents":[2147483647,0,0,1,1,2,2,4,4,5,5],"right_children":[2,4,6,-1,8,10,-1,-1,-1,-1,-1],"split_conditions":[7.0736384E-1,1.0177206E-1,1E0,-4.373276E-1,5.0282866E-1,8.0780274E-1,5.1453555E-1,-1.2017021E-1,-3.1475067E-2,4.1763306E-2,1.5598552E-1],"split_indices":[0,0,0,0,0,0,0,0,0,0,0],"split_type":[0,0,0,0,0,0,0,0,0,0,0],"sum_hessian":[9E0,5E0,4E0,1E0,4E0,3E0,1E0,3E0,1E0,1E0,2E0],"tree_param":{"num_deleted":"0","num_feature":"2","num_nodes":"11","size_leaf_vector":"1"}},{"base_weights":[1.5837249E-1,-2.2255936E0,2.9874573E0,-4.1546097E-1,-1.0088685E0,1.2902756E0,4.888092E-1,-1.1115799E-1,-2.9901123E-2,3.9675143E-2,1.4558665E-1],"categories":[],"categories_nodes":[],"categories_segments":[],"categories_sizes":[],"default_left":[0,0,0,0,0,0,0,0,0,0,0],"id":36,"left_children":[1,3,5,-1,7,9,-1,-1,-1,-1,-1],"loss_changes":[7.4093285E1,9.891043E0,9.821629E0,0E0,3.217745E-2,1.4221191E-2,0E0,0E0,0E0,0E0,0E0],"parents":[2147483647,0,0,1,1,2,2,4,4,5,5],"right_children":[2,4,6,-1,8,10,-1,-1,-1,-1,-1],"split_conditions":[7.0736384E-1,1.0177206E-1,1E0,-4.1546097E-1,5.0282866E-1,8.0780274E-1,4.888092E-1,-1.1115799E-1,-2.9901123E-2,3.9675143E-2,1.4558665E-1],"split_indices":[0,0,0,0,0,0,0,0,0,0,0],"split_type":[0,0,0,0,0,0,0,0,0,0,0],"sum_hessian":[9E0,5E0,4E0,1E0,4E0,3E0,1E0,3E0,1E0,1E0,2E0],"tree_param":{"num_deleted":"0","num_feature":"2","num_nodes":"11","size_leaf_vector":"1"}},{"base_weights":[1.542923E-1,-2.0957844E0,2.823526E0,-3.9468765E-1,-9.361908E-1,1.2075615E-1,4.643692E-1,-1.0282097E-1,-2.8405761E-2],"categories":[],"categories_nodes":[],"categories_segments":[],"categories_sizes":[],"default_left":[0,0,0,0,0,0,0,0,0],"id":37,"left_children":[1,3,5,-1,7,-1,-1,-1,-1],"loss_changes":[6.597731E1,9.184057E0,9.099075E0,0E0,7.97224E-3,0E0,0E0,0E0,0E0],"parents":[2147483647,0,0,1,1,2,2,4,4],"right_children":[2,4,6,-1,8,-1,-1,-1,-1],"split_conditions":[7.0736384E-1,1.0177206E-1,1E0,-3.9468765E-1,5.0282866E-1,1.2075615E-1,4.643692E-1,-1.0282097E-1,-2.8405761E-2],"split_indices":[0,0,0,0,0,0,0,0,0],"split_type":[0,0,0,0,0,0,0,0,0],"sum_hessian":[9E0,5E0,4E0,1E0,4E0,3E0,1E0,3E0,1E0],"tree_param":{"num_deleted":"0","num_feature":"2","num_nodes":"9","size_leaf_vector":"1"}},{"base_weights":[1.4478302E-1,-1.9738617E0,2.6582E0,-3.7495348E-1,-8.688202E-1,1.116993E0,4.4115144E-1,-1.04799405E-1,-4.0003967E-2,3.1653594E-2,1.2783E-1],"categories":[],"categories_nodes":[],"categories_segments":[],"categories_sizes":[],"default_left":[0,0,0,0,0,0,0,0,0,0,0],"id":38,"left_children":[1,3,5,-1,7,9,-1,-1,-1,-1,-1],"loss_changes":[5.8497295E1,8.515482E0,8.583469E0,0E0,7.264614E-4,1.1184931E-1,0E0,0E0,0E0,0E0,0E0],"parents":[2147483647,0,0,1,1,2,2,4,4,5,5],"right_children":[2,4,6,-1,8,10,-1,-1,-1,-1,-1],"split_conditions":[7.0736384E-1,1.0177206E-1,1E0,-3.7495348E-1,3.048008E-1,8.0780274E-1,4.4115144E-1,-1.04799405E-1,-4.0003967E-2,3.1653594E-2,1.2783E-1],"split_indices":[0,0,0,0,0,0,0,0,0,0,0],"split_type":[0,0,0,0,0,0,0,0,0,0,0],"sum_hessian":[9E0,5E0,4E0,1E0,4E0,3E0,1E0,2E0,2E0,1E0,2E0],"tree_param":{"num_deleted":"0","num_feature":"2","num_nodes":"11","size_leaf_vector":"1"}},{"base_weights":[1.3839264E-1,-1.8631006E0,2.512506E0,-3.5620576E-1,-8.108978E-1,1.045166E0,4.1909334E-1,-9.781291E-2,-3.7336733E-2,3.0071259E-2,1.1930796E-1],"categories":[],"categories_nodes":[],"categories_segments":[],"categories_sizes":[],"default_left":[0,0,0,0,0,0,0,0,0,0,0],"id":39,"left_children":[1,3,5,-1,7,9,-1,-1,-1,-1,-1],"loss_changes":[5.2198772E1,7.8374195E0,7.933895E0,0E0,6.4229965E-4,8.168554E-2,0E0,0E0,0E0,0E0,0E0],"parents":[2147483647,0,0,1,1,2,2,4,4,5,5],"right_children":[2,4,6,-1,8,10,-1,-1,-1,-1,-1],"split_conditions":[7.0736384E-1,1.0177206E-1,1E0,-3.5620576E-1,3.048008E-1,8.0780274E-1,4.1909334E-1,-9.781291E-2,-3.7336733E-2,3.0071259E-2,1.1930796E-1],"split_indices":[0,0,0,0,0,0,0,0,0,0,0],"split_type":[0,0,0,0,0,0,0,0,0,0,0],"sum_hessian":[9E0,5E0,4E0,1E0,4E0,3E0,1E0,2E0,2E0,1E0,2E0],"tree_param":{"num_deleted":"0","num_feature":"2","num_nodes":"11","size_leaf_vector":"1"}},{"base_weights":[1.322647E-1,-1.7586848E0,2.3749511E0,-3.3839568E-1,-7.56839E-1,9.779968E-1,3.9813843E-1,-8.304596E-2,-2.311783E-2,2.8567506E-2,1.1135458E-1],"categories":[],"categories_nodes":[],"categories_segments":[],"categories_sizes":[],"default_left":[0,0,0,0,0,0,0,0,0,0,0],"id":40,"left_children":[1,3,5,-1,7,9,-1,-1,-1,-1,-1],"loss_changes":[4.6584858E1,7.208523E0,7.326786E0,0E0,1.5130043E-3,5.7261467E-2,0E0,0E0,0E0,0E0,0E0],"parents":[2147483647,0,0,1,1,2,2,4,4,5,5],"right_children":[2,4,6,-1,8,10,-1,-1,-1,-1,-1],"split_conditions":[7.0736384E-1,1.0177206E-1,1E0,-3.3839568E-1,5.0282866E-1,8.0780274E-1,3.9813843E-1,-8.304596E-2,-2.311783E-2,2.8567506E-2,1.1135458E-1],"split_indices":[0,0,0,0,0,0,0,0,0,0,0],"split_type":[0,0,0,0,0,0,0,0,0,0,0],"sum_hessian":[9E0,5E0,4E0,1E0,4E0,3E0,1E0,3E0,1E0,1E0,2E0],"tree_param":{"num_deleted":"0","num_feature":"2","num_nodes":"11","size_leaf_vector":"1"}},{"base_weights":[1.2838897E-1,-1.6569086E0,2.2450683E0,-3.2147598E-1,-7.023865E-1,9.151764E-1,3.7823182E-1,-8.5755415E-2,-3.1309E-2,2.7139282E-2,1.0393067E-1],"categories":[],"categories_nodes":[],"categories_segments":[],"categories_sizes":[],"default_left":[0,0,0,0,0,0,0,0,0,0,0],"id":41,"left_children":[1,3,5,-1,7,9,-1,-1,-1,-1,-1],"loss_changes":[4.15089E1,6.6640167E0,6.760391E0,0E0,3.3539534E-2,3.7591696E-2,0E0,0E0,0E0,0E0,0E0],"parents":[2147483647,0,0,1,1,2,2,4,4,5,5],"right_children":[2,4,6,-1,8,10,-1,-1,-1,-1,-1],"split_conditions":[7.0736384E-1,1.0177206E-1,1E0,-3.2147598E-1,3.048008E-1,8.0780274E-1,3.7823182E-1,-8.5755415E-2,-3.1309E-2,2.7139282E-2,1.0393067E-1],"split_indices":[0,0,0,0,0,0,0,0,0,0,0],"split_type":[0,0,0,0,0,0,0,0,0,0,0],"sum_hessian":[9E0,5E0,4E0,1E0,4E0,3E0,1E0,2E0,2E0,1E0,2E0],"tree_param":{"num_deleted":"0","num_feature":"2","num_nodes":"11","size_leaf_vector":"1"}},{"base_weights":[1.226242E-1,-1.5643082E0,2.1224182E0,-3.0540237E-1,-6.555603E-1,8.564224E-1,3.5932007E-1,-8.003845E-2,-2.9221598E-2,2.5782013E-2,9.700165E-2],"categories":[],"categories_nodes":[],"categories_segments":[],"categories_sizes":[],"default_left":[0,0,0,0,0,0,0,0,0,0,0],"id":42,"left_children":[1,3,5,-1,7,9,-1,-1,-1,-1,-1],"loss_changes":[3.705529E1,6.120557E0,6.232723E0,0E0,2.9220104E-2,2.1900892E-2,0E0,0E0,0E0,0E0,0E0],"parents":[2147483647,0,0,1,1,2,2,4,4,5,5],"right_children":[2,4,6,-1,8,10,-1,-1,-1,-1,-1],"split_conditions":[7.0736384E-1,1.0177206E-1,1E0,-3.0540237E-1,3.048008E-1,8.0780274E-1,3.5932007E-1,-8.003845E-2,-2.9221598E-2,2.5782013E-2,9.700165E-2],"split_indices":[0,0,0,0,0,0,0,0,0,0,0],"split_type":[0,0,0,0,0,0,0,0,0,0,0],"sum_hessian":[9E0,5E0,4E0,1E0,4E0,3E0,1E0,2E0,2E0,1E0,2E0],"tree_param":{"num_deleted":"0","num_feature":"2","num_nodes":"11","size_leaf_vector":"1"}},{"base_weights":[1.1710358E-1,-1.4769897E0,2.006595E0,-2.9013214E-1,-6.1185914E-1,8.014717E-1,3.4135437E-1,-7.470296E-2,-2.727356E-2,2.4492646E-2,9.053447E-2],"categories":[],"categories_nodes":[],"categories_segments":[],"categories_sizes":[],"default_left":[0,0,0,0,0,0,0,0,0,0,0],"id":43,"left_children":[1,3,5,-1,7,9,-1,-1,-1,-1,-1],"loss_changes":[3.3083977E1,5.6181974E0,5.7418747E0,0E0,2.5455952E-2,9.497166E-3,0E0,0E0,0E0,0E0,0E0],"parents":[2147483647,0,0,1,1,2,2,4,4,5,5],"right_children":[2,4,6,-1,8,10,-1,-1,-1,-1,-1],"split_conditions":[7.0736384E-1,1.0177206E-1,1E0,-2.9013214E-1,3.048008E-1,8.0780274E-1,3.4135437E-1,-7.470296E-2,-2.727356E-2,2.4492646E-2,9.053447E-2],"split_indices":[0,0,0,0,0,0,0,0,0,0,0],"split_type":[0,0,0,0,0,0,0,0,0,0,0],"sum_hessian":[9E0,5E0,4E0,1E0,4E0,3E0,1E0,2E0,2E0,1E0,2E0],"tree_param":{"num_deleted":"0","num_feature":"2","num_nodes":"11","size_leaf_vector":"1"}},{"base_weights":[1.1181793E-1,-1.3946432E0,1.8972076E0,-2.7562562E-1,-5.7106936E-1,4.027964E-2,2.7592164E-1,-6.9722496E-2,-2.5455728E-2],"categories":[],"categories_nodes":[],"categories_segments":[],"categories_sizes":[],"default_left":[0,0,0,0,0,0,0,0,0],"id":44,"left_children":[1,3,5,-1,7,-1,-1,-1,-1],"loss_changes":[2.954213E1,5.15432E0,5.3295727E0,0E0,2.216518E-2,0E0,0E0,0E0,0E0],"parents":[2147483647,0,0,1,1,2,2,4,4],"right_children":[2,4,6,-1,8,-1,-1,-1,-1],"split_conditions":[7.0736384E-1,1.0177206E-1,9.0576607E-1,-2.7562562E-1,3.048008E-1,4.027964E-2,2.7592164E-1,-6.9722496E-2,-2.5455728E-2],"split_indices":[0,0,0,0,0,0,0,0,0],"split_type":[0,0,0,0,0,0,0,0,0],"sum_hessian":[9E0,5E0,4E0,1E0,4E0,2E0,2E0,2E0,2E0],"tree_param":{"num_deleted":"0","num_feature":"2","num_nodes":"9","size_leaf_vector":"1"}},{"base_weights":[9.517517E-2,-1.3169836E0,1.7707306E0,-2.6184464E-1,-5.330017E-1,6.609612E-2,3.1049043E-1,-6.507467E-2,-2.3758953E-2],"categories":[],"categories_nodes":[],"categories_segments":[],"categories_sizes":[],"default_left":[0,0,0,0,0,0,0,0,0],"id":45,"left_children":[1,3,5,-1,7,-1,-1,-1,-1],"loss_changes":[2.5993525E1,4.726302E0,5.3509035E0,0E0,1.9305825E-2,0E0,0E0,0E0,0E0],"parents":[2147483647,0,0,1,1,2,2,4,4],"right_children":[2,4,6,-1,8,-1,-1,-1,-1],"split_conditions":[7.0736384E-1,1.0177206E-1,1E0,-2.6184464E-1,3.048008E-1,6.609612E-2,3.1049043E-1,-6.507467E-2,-2.3758953E-2],"split_indices":[0,0,0,0,0,0,0,0,0],"split_type":[0,0,0,0,0,0,0,0,0],"sum_hessian":[9E0,5E0,4E0,1E0,4E0,3E0,1E0,2E0,2E0],"tree_param":{"num_deleted":"0","num_feature":"2","num_nodes":"9","size_leaf_vector":"1"}},{"base_weights":[8.824768E-2,-8.083458E-1,2.4497478E0,-2.0789592E0,-3.831482E-2,7.2496034E-2,2.9496613E-1,-2.487526E-1,-6.309128E-2,-3.0637741E-2,3.3187356E-2],"categories":[],"categories_nodes":[],"categories_segments":[],"categories_sizes":[],"default_left":[0,0,0,0,0,0,0,0,0,0,0],"id":46,"left_children":[1,3,5,7,9,-1,-1,-1,-1,-1,-1],"loss_changes":[2.3153297E1,7.7476377E0,4.4834518E-1,2.0545864E-1,6.9708055E-1,0E0,0E0,0E0,0E0,0E0,0E0],"parents":[2147483647,0,0,1,1,2,2,3,3,4,4],"right_children":[2,4,6,8,10,-1,-1,-1,-1,-1,-1],"split_conditions":[9.0576607E-1,2.0298177E-1,1E0,1.0177206E-1,7.0736384E-1,7.2496034E-2,2.9496613E-1,-2.487526E-1,-6.309128E-2,-3.0637741E-2,3.3187356E-2],"split_indices":[0,0,0,0,0,0,0,0,0,0,0],"split_type":[0,0,0,0,0,0,0,0,0,0,0],"sum_hessian":[9E0,7E0,2E0,2E0,5E0,1E0,1E0,1E0,1E0,3E0,2E0],"tree_param":{"num_deleted":"0","num_feature":"2","num_nodes":"11","size_leaf_vector":"1"}},{"base_weights":[8.524017E-2,-7.661724E-1,2.3272603E0,-1.9750112E0,-3.4057617E-2,6.8870544E-2,2.802185E-1,-2.3631516E-1,-5.9936523E-2,-2.8339768E-2,3.0974833E-2],"categories":[],"categories_nodes":[],"categories_segments":[],"categories_sizes":[],"default_left":[0,0,0,0,0,0,0,0,0,0,0],"id":47,"left_children":[1,3,5,7,9,-1,-1,-1,-1,-1,-1],"loss_changes":[2.0871925E1,7.012806E0,4.046898E-1,1.8544006E-1,6.0212946E-1,0E0,0E0,0E0,0E0,0E0,0E0],"parents":[2147483647,0,0,1,1,2,2,3,3,4,4],"right_children":[2,4,6,8,10,-1,-1,-1,-1,-1,-1],"split_conditions":[9.0576607E-1,2.0298177E-1,1E0,1.0177206E-1,7.0736384E-1,6.8870544E-2,2.802185E-1,-2.3631516E-1,-5.9936523E-2,-2.8339768E-2,3.0974833E-2],"split_indices":[0,0,0,0,0,0,0,0,0,0,0],"split_type":[0,0,0,0,0,0,0,0,0,0,0],"sum_hessian":[9E0,7E0,2E0,2E0,5E0,1E0,1E0,1E0,1E0,3E0,2E0],"tree_param":{"num_deleted":"0","num_feature":"2","num_nodes":"11","size_leaf_vector":"1"}},{"base_weights":[8.226166E-2,-7.2625923E-1,2.2108967E0,-1.8762614E0,-3.0214945E-2,6.542664E-2,2.662079E-1,-2.2449951E-1,-5.69397E-2,-2.62146E-2,2.8909812E-2],"categories":[],"categories_nodes":[],"categories_segments":[],"categories_sizes":[],"default_left":[0,0,0,0,0,0,0,0,0,0,0],"id":48,"left_children":[1,3,5,7,9,-1,-1,-1,-1,-1,-1],"loss_changes":[1.8816147E1,6.3469286E0,3.6526108E-1,1.6736221E-1,5.2013755E-1,0E0,0E0,0E0,0E0,0E0,0E0],"parents":[2147483647,0,0,1,1,2,2,3,3,4,4],"right_children":[2,4,6,8,10,-1,-1,-1,-1,-1,-1],"split_conditions":[9.0576607E-1,2.0298177E-1,1E0,1.0177206E-1,7.0736384E-1,6.542664E-2,2.662079E-1,-2.2449951E-1,-5.69397E-2,-2.62146E-2,2.8909812E-2],"split_indices":[0,0,0,0,0,0,0,0,0,0,0],"split_type":[0,0,0,0,0,0,0,0,0,0,0],"sum_hessian":[9E0,7E0,2E0,2E0,5E0,1E0,1E0,1E0,1E0,3E0,2E0],"tree_param":{"num_deleted":"0","num_feature":"2","num_nodes":"11","size_leaf_vector":"1"}},{"base_weights":[7.932434E-2,-6.8847656E-1,2.100352E0,-1.7824453E0,-2.6746115E-2,6.2155154E-2,2.5289765E-1,-2.1327439E-1,-5.4092407E-2,-2.4248505E-2,2.6982117E-2],"categories":[],"categories_nodes":[],"categories_segments":[],"categories_sizes":[],"default_left":[0,0,0,0,0,0,0,0,0,0,0],"id":49,"left_children":[1,3,5,7,9,-1,-1,-1,-1,-1,-1],"loss_changes":[1.6963512E1,5.7436256E0,3.2966137E-1,1.5105724E-1,4.4931424E-1,0E0,0E0,0E0,0E0,0E0,0E0],"parents":[2147483647,0,0,1,1,2,2,3,3,4,4],"right_children":[2,4,6,8,10,-1,-1,-1,-1,-1,-1],"split_conditions":[9.0576607E-1,2.0298177E-1,1E0,1.0177206E-1,7.0736384E-1,6.2155154E-2,2.5289765E-1,-2.1327439E-1,-5.4092407E-2,-2.4248505E-2,2.6982117E-2],"split_indices":[0,0,0,0,0,0,0,0,0,0,0],"split_type":[0,0,0,0,0,0,0,0,0,0,0],"sum_hessian":[9E0,7E0,2E0,2E0,5E0,1E0,1E0,1E0,1E0,3E0,2E0],"tree_param":{"num_deleted":"0","num_feature":"2","num_nodes":"11","size_leaf_vector":"1"}},{"base_weights":[7.64328E-2,-6.5270805E-1,1.9953308E0,-1.6933237E0,-2.3615519E-2,5.9046935E-2,2.4025269E-1,-2.0261078E-1,-5.1387787E-2,-2.2430038E-2,2.5183616E-2],"categories":[],"categories_nodes":[],"categories_segments":[],"categories_sizes":[],"default_left":[0,0,0,0,0,0,0,0,0,0,0],"id":50,"left_children":[1,3,5,7,9,-1,-1,-1,-1,-1,-1],"loss_changes":[1.5293837E1,5.1971607E0,2.9754448E-1,1.3632965E-1,3.8816082E-1,0E0,0E0,0E0,0E0,0E0,0E0],"parents":[2147483647,0,0,1,1,2,2,3,3,4,4],"right_children":[2,4,6,8,10,-1,-1,-1,-1,-1,-1],"split_conditions":[9.0576607E-1,2.0298177E-1,1E0,1.0177206E-1,7.0736384E-1,5.9046935E-2,2.4025269E-1,-2.0261078E-1,-5.1387787E-2,-2.2430038E-2,2.5183616E-2],"split_indices":[0,0,0,0,0,0,0,0,0,0,0],"split_type":[0,0,0,0,0,0,0,0,0,0,0],"sum_hessian":[9E0,7E0,2E0,2E0,5E0,1E0,1E0,1E0,1E0,3E0,2E0],"tree_param":{"num_deleted":"0","num_feature":"2","num_nodes":"11","size_leaf_vector":"1"}},{"base_weights":[7.359467E-2,-6.188412E-1,1.8955587E0,-1.6086578E0,-2.0792643E-2,5.609436E-2,2.2823945E-1,-1.9248047E-1,-4.881821E-2,-2.0747757E-2,2.3505148E-2],"categories":[],"categories_nodes":[],"categories_segments":[],"categories_sizes":[],"default_left":[0,0,0,0,0,0,0,0,0,0,0],"id":51,"left_children":[1,3,5,7,9,-1,-1,-1,-1,-1,-1],"loss_changes":[1.37889805E1,4.702219E0,2.6853657E-1,1.23049736E-1,3.3534133E-1,0E0,0E0,0E0,0E0,0E0,0E0],"parents":[2147483647,0,0,1,1,2,2,3,3,4,4],"right_children":[2,4,6,8,10,-1,-1,-1,-1,-1,-1],"split_conditions":[9.0576607E-1,2.0298177E-1,1E0,1.0177206E-1,7.0736384E-1,5.609436E-2,2.2823945E-1,-1.9248047E-1,-4.881821E-2,-2.0747757E-2,2.3505148E-2],"split_indices":[0,0,0,0,0,0,0,0,0,0,0],"split_type":[0,0,0,0,0,0,0,0,0,0,0],"sum_hessian":[9E0,7E0,2E0,2E0,5E0,1E0,1E0,1E0,1E0,3E0,2E0],"tree_param":{"num_deleted":"0","num_feature":"2","num_nodes":"11","size_leaf_vector":"1"}},{"base_weights":[7.081604E-2,-5.867729E-1,1.8007812E0,-1.5282288E0,-1.8249512E-2,5.3289797E-2,2.168274E-1,-1.8285675E-1,-4.6377566E-2,-1.919136E-2,2.193858E-2],"categories":[],"categories_nodes":[],"categories_segments":[],"categories_sizes":[],"default_left":[0,0,0,0,0,0,0,0,0,0,0],"id":52,"left_children":[1,3,5,7,9,-1,-1,-1,-1,-1,-1],"loss_changes":[1.243271E1,4.2540283E0,2.4234486E-1,1.11044884E-1,2.897154E-1,0E0,0E0,0E0,0E0,0E0,0E0],"parents":[2147483647,0,0,1,1,2,2,3,3,4,4],"right_children":[2,4,6,8,10,-1,-1,-1,-1,-1,-1],"split_conditions":[9.0576607E-1,2.0298177E-1,1E0,1.0177206E-1,7.0736384E-1,5.3289797E-2,2.168274E-1,-1.8285675E-1,-4.6377566E-2,-1.919136E-2,2.193858E-2],"split_indices":[0,0,0,0,0,0,0,0,0,0,0],"split_type":[0,0,0,0,0,0,0,0,0,0,0],"sum_hessian":[9E0,7E0,2E0,2E0,5E0,1E0,1E0,1E0,1E0,3E0,2E0],"tree_param":{"num_deleted":"0","num_feature":"2","num_nodes":"11","size_leaf_vector":"1"}},{"base_weights":[6.809845E-2,-5.56406E-1,1.7107443E0,-1.4518179E0,-1.596578E-2,5.062561E-2,2.0598602E-1,-1.7371368E-1,-4.405899E-2,-1.7751694E-2,2.047577E-2],"categories":[],"categories_nodes":[],"categories_segments":[],"categories_sizes":[],"default_left":[0,0,0,0,0,0,0,0,0,0,0],"id":53,"left_children":[1,3,5,7,9,-1,-1,-1,-1,-1,-1],"loss_changes":[1.1210263E1,3.8481526E0,2.1870232E-1,1.0020304E-1,2.5029677E-1,0E0,0E0,0E0,0E0,0E0,0E0],"parents":[2147483647,0,0,1,1,2,2,3,3,4,4],"right_children":[2,4,6,8,10,-1,-1,-1,-1,-1,-1],"split_conditions":[9.0576607E-1,2.0298177E-1,1E0,1.0177206E-1,7.0736384E-1,5.062561E-2,2.0598602E-1,-1.7371368E-1,-4.405899E-2,-1.7751694E-2,2.047577E-2],"split_indices":[0,0,0,0,0,0,0,0,0,0,0],"split_type":[0,0,0,0,0,0,0,0,0,0,0],"sum_hessian":[9E0,7E0,2E0,2E0,5E0,1E0,1E0,1E0,1E0,3E0,2E0],"tree_param":{"num_deleted":"0","num_feature":"2","num_nodes":"11","size_leaf_vector":"1"}},{"base_weights":[6.544037E-2,-5.2765083E-1,1.6252035E0,-1.3792318E0,-1.3918559E-2,4.809418E-2,1.9568634E-1,-1.6502838E-1,-4.1856386E-2,-1.6420746E-2,1.9110616E-2],"categories":[],"categories_nodes":[],"categories_segments":[],"categories_sizes":[],"default_left":[0,0,0,0,0,0,0,0,0,0,0],"id":54,"left_children":[1,3,5,7,9,-1,-1,-1,-1,-1,-1],"loss_changes":[1.0108357E1,3.4806798E0,1.9738007E-1,9.042406E-2,2.162587E-1,0E0,0E0,0E0,0E0,0E0,0E0],"parents":[2147483647,0,0,1,1,2,2,3,3,4,4],"right_children":[2,4,6,8,10,-1,-1,-1,-1,-1,-1],"split_conditions":[9.0576607E-1,2.0298177E-1,1E0,1.0177206E-1,7.0736384E-1,4.809418E-2,1.9568634E-1,-1.6502838E-1,-4.1856386E-2,-1.6420746E-2,1.9110616E-2],"split_indices":[0,0,0,0,0,0,0,0,0,0,0],"split_type":[0,0,0,0,0,0,0,0,0,0,0],"sum_hessian":[9E0,7E0,2E0,2E0,5E0,1E0,1E0,1E0,1E0,3E0,2E0],"tree_param":{"num_deleted":"0","num_feature":"2","num_nodes":"11","size_leaf_vector":"1"}},{"base_weights":[6.285553E-2,-5.004101E-1,1.5439453E0,-1.3102722E0,-1.2077332E-2,4.5689393E-2,1.859024E-1,-1.5677719E-1,-3.976364E-2,-1.5189362E-2,1.7837016E-2],"categories":[],"categories_nodes":[],"categories_segments":[],"categories_sizes":[],"default_left":[0,0,0,0,0,0,0,0,0,0,0],"id":55,"left_children":[1,3,5,7,9,-1,-1,-1,-1,-1,-1],"loss_changes":[9.115075E0,3.1480327E0,1.7814445E-1,8.160734E-2,1.8685925E-1,0E0,0E0,0E0,0E0,0E0,0E0],"parents":[2147483647,0,0,1,1,2,2,3,3,4,4],"right_children":[2,4,6,8,10,-1,-1,-1,-1,-1,-1],"split_conditions":[9.0576607E-1,2.0298177E-1,1E0,1.0177206E-1,7.0736384E-1,4.5689393E-2,1.859024E-1,-1.5677719E-1,-3.976364E-2,-1.5189362E-2,1.7837016E-2],"split_indices":[0,0,0,0,0,0,0,0,0,0,0],"split_type":[0,0,0,0,0,0,0,0,0,0,0],"sum_hessian":[9E0,7E0,2E0,2E0,5E0,1E0,1E0,1E0,1E0,3E0,2E0],"tree_param":{"num_deleted":"0","num_feature":"2","num_nodes":"11","size_leaf_vector":"1"}},{"base_weights":[6.033783E-2,-4.7460747E-1,1.466746E0,-1.2447561E0,-1.0431926E-2,4.3405153E-2,1.7660676E-1,-1.4893799E-1,-3.7775423E-2,-1.4050674E-1,1.6647847E-2,-1.6031902E-2,-4.053497E-3],"categories":[],"categories_nodes":[],"categories_segments":[],"categories_sizes":[],"default_left":[0,0,0,0,0,0,0,0,0,0,0,0,0],"id":56,"left_children":[1,3,5,7,9,-1,-1,-1,-1,11,-1,-1,-1],"loss_changes":[8.219643E0,2.8468876E0,1.6075897E-1,7.364845E-2,1.6146088E-1,0E0,0E0,0E0,0E0,1.4241412E-3,0E0,0E0,0E0],"parents":[2147483647,0,0,1,1,2,2,3,3,4,4,9,9],"right_children":[2,4,6,8,10,-1,-1,-1,-1,12,-1,-1,-1],"split_conditions":[9.0576607E-1,2.0298177E-1,1E0,1.0177206E-1,7.0736384E-1,4.3405153E-2,1.7660676E-1,-1.4893799E-1,-3.7775423E-2,5.0282866E-1,1.6647847E-2,-1.6031902E-2,-4.053497E-3],"split_indices":[0,0,0,0,0,0,0,0,0,0,0,0,0],"split_type":[0,0,0,0,0,0,0,0,0,0,0,0,0],"sum_hessian":[9E0,7E0,2E0,2E0,5E0,1E0,1E0,1E0,1E0,3E0,2E0,2E0,1E0],"tree_param":{"num_deleted":"0","num_feature":"2","num_nodes":"13","size_leaf_vector":"1"}},{"base_weights":[5.7293702E-2,-4.5091248E-1,1.3934122E0,-1.1825155E0,-9.958903E-3,4.1235354E-2,1.677765E-1,-1.4149094E-1,-3.5886385E-2,-1.3147354E-1,1.5538025E-1,-1.4962769E-2,-3.8505555E-3,4.7119143E-3,1.8595124E-2],"categories":[],"categories_nodes":[],"categories_segments":[],"categories_sizes":[],"default_left":[0,0,0,0,0,0,0,0,0,0,0,0,0,0,0],"id":57,"left_children":[1,3,5,7,9,-1,-1,-1,-1,11,13,-1,-1,-1,-1],"loss_changes":[7.4185443E0,2.569047E0,1.4506769E-1,6.647539E-2,1.4097516E-1,0E0,0E0,0E0,0E0,9.895191E-4,1.1670813E-3,0E0,0E0,0E0,0E0],"parents":[2147483647,0,0,1,1,2,2,3,3,4,4,9,9,10,10],"right_children":[2,4,6,8,10,-1,-1,-1,-1,12,14,-1,-1,-1,-1],"split_conditions":[9.0576607E-1,2.0298177E-1,1E0,1.0177206E-1,7.0736384E-1,4.1235354E-2,1.677765E-1,-1.4149094E-1,-3.5886385E-2,5.0282866E-1,8.0780274E-1,-1.4962769E-2,-3.8505555E-3,4.7119143E-3,1.8595124E-2],"split_indices":[0,0,0,0,0,0,0,0,0,0,0,0,0,0,0],"split_type":[0,0,0,0,0,0,0,0,0,0,0,0,0,0,0],"sum_hessian":[9E0,7E0,2E0,2E0,5E0,1E0,1E0,1E0,1E0,3E0,2E0,2E0,1E0,1E0,1E0],"tree_param":{"num_deleted":"0","num_feature":"2","num_nodes":"15","size_leaf_vector":"1"}},{"base_weights":[5.517731E-2,-4.274311E-1,1.3237406E0,-1.1233877E0,-8.2143145E-3,3.917389E-2,1.5938722E-1,-1.3441621E-1,-3.409195E-2,-1.230278E-1,1.4760844E-1,-1.3964844E-2,-3.6582947E-3,4.476166E-3,1.7665101E-2],"categories":[],"categories_nodes":[],"categories_segments":[],"categories_sizes":[],"default_left":[0,0,0,0,0,0,0,0,0,0,0,0,0,0,0],"id":58,"left_children":[1,3,5,7,9,-1,-1,-1,-1,11,13,-1,-1,-1,-1],"loss_changes":[6.688001E0,2.3248255E0,1.3090706E-1,5.9995413E-2,1.2550326E-1,0E0,0E0,0E0,0E0,6.3832477E-4,1.053609E-3,0E0,0E0,0E0,0E0],"parents":[2147483647,0,0,1,1,2,2,3,3,4,4,9,9,10,10],"right_children":[2,4,6,8,10,-1,-1,-1,-1,12,14,-1,-1,-1,-1],"split_conditions":[9.0576607E-1,2.0298177E-1,1E0,1.0177206E-1,7.0736384E-1,3.917389E-2,1.5938722E-1,-1.3441621E-1,-3.409195E-2,5.0282866E-1,8.0780274E-1,-1.3964844E-2,-3.6582947E-3,4.476166E-3,1.7665101E-2],"split_indices":[0,0,0,0,0,0,0,0,0,0,0,0,0,0,0],"split_type":[0,0,0,0,0,0,0,0,0,0,0,0,0,0,0],"sum_hessian":[9E0,7E0,2E0,2E0,5E0,1E0,1E0,1E0,1E0,3E0,2E0,2E0,1E0,1E0,1E0],"tree_param":{"num_deleted":"0","num_feature":"2","num_nodes":"15","size_leaf_vector":"1"}},{"base_weights":[5.3114317E-2,-4.051876E-1,1.257548E0,-1.0672201E0,-6.640116E-3,3.7214663E-2,1.5141754E-1,-1.2769547E-1,-3.2387543E-2,-1.1513138E-1,1.4022827E-1,-1.3034058E-2,-3.4751892E-3,4.2526247E-3,1.6781617E-2],"categories":[],"categories_nodes":[],"categories_segments":[],"categories_sizes":[],"default_left":[0,0,0,0,0,0,0,0,0,0,0,0,0,0,0],"id":59,"left_children":[1,3,5,7,9,-1,-1,-1,-1,11,13,-1,-1,-1,-1],"loss_changes":[6.029486E0,2.1037245E0,1.18159294E-1,5.4141045E-2,1.1174829E-1,0E0,0E0,0E0,0E0,3.6045164E-4,9.4958395E-4,0E0,0E0,0E0,0E0],"parents":[2147483647,0,0,1,1,2,2,3,3,4,4,9,9,10,10],"right_children":[2,4,6,8,10,-1,-1,-1,-1,12,14,-1,-1,-1,-1],"split_conditions":[9.0576607E-1,2.0298177E-1,1E0,1.0177206E-1,7.0736384E-1,3.7214663E-2,1.5141754E-1,-1.2769547E-1,-3.2387543E-2,5.0282866E-1,8.0780274E-1,-1.3034058E-2,-3.4751892E-3,4.2526247E-3,1.6781617E-2],"split_indices":[0,0,0,0,0,0,0,0,0,0,0,0,0,0,0],"split_type":[0,0,0,0,0,0,0,0,0,0,0,0,0,0,0],"sum_hessian":[9E0,7E0,2E0,2E0,5E0,1E0,1E0,1E0,1E0,3E0,2E0,2E0,1E0,1E0,1E0],"tree_param":{"num_deleted":"0","num_feature":"2","num_nodes":"15","size_leaf_vector":"1"}},{"base_weights":[5.111084E-2,-3.841133E-1,1.1946716E0,-1.013855E0,-5.2235923E-3,3.5354614E-2,1.4384614E-1,-1.2131043E-1,-3.0767823E-2,-1.07746124E-1,1.3321431E-1,-1.4054871E-2,-4.996236E-3,4.0397644E-3,1.5942384E-2],"categories":[],"categories_nodes":[],"categories_segments":[],"categories_sizes":[],"default_left":[0,0,0,0,0,0,0,0,0,0,0,0,0,0,0],"id":60,"left_children":[1,3,5,7,9,-1,-1,-1,-1,11,13,-1,-1,-1,-1],"loss_changes":[5.4359417E0,1.9035254E0,1.06610775E-1,4.886961E-2,9.9511355E-2,0E0,0E0,0E0,0E0,5.5968016E-4,8.576885E-4,0E0,0E0,0E0,0E0],"parents":[2147483647,0,0,1,1,2,2,3,3,4,4,9,9,10,10],"right_children":[2,4,6,8,10,-1,-1,-1,-1,12,14,-1,-1,-1,-1],"split_conditions":[9.0576607E-1,2.0298177E-1,1E0,1.0177206E-1,7.0736384E-1,3.5354614E-2,1.4384614E-1,-1.2131043E-1,-3.0767823E-2,3.048008E-1,8.0780274E-1,-1.4054871E-2,-4.996236E-3,4.0397644E-3,1.5942384E-2],"split_indices":[0,0,0,0,0,0,0,0,0,0,0,0,0,0,0],"split_type":[0,0,0,0,0,0,0,0,0,0,0,0,0,0,0],"sum_hessian":[9E0,7E0,2E0,2E0,5E0,1E0,1E0,1E0,1E0,3E0,2E0,1E0,2E0,1E0,1E0],"tree_param":{"num_deleted":"0","num_feature":"2","num_nodes":"15","size_leaf_vector":"1"}},{"base_weights":[4.8802186E-2,-3.6459923E-1,1.1349386E0,-9.631653E-1,-4.549662E-3,3.3587646E-2,1.3665314E-1,-1.1524506E-1,-2.9229736E-2,-1.01737976E-1,1.2655132E-1,-1.3352203E-2,-4.6635945E-3,3.8375854E-3,1.5145111E-2],"categories":[],"categories_nodes":[],"categories_segments":[],"categories_sizes":[],"default_left":[0,0,0,0,0,0,0,0,0,0,0,0,0,0,0],"id":61,"left_children":[1,3,5,7,9,-1,-1,-1,-1,11,13,-1,-1,-1,-1],"loss_changes":[4.9039006E0,1.7197254E0,9.6185446E-2,4.409814E-2,8.9323975E-2,0E0,0E0,0E0,0E0,7.7853724E-4,7.745847E-4,0E0,0E0,0E0,0E0],"parents":[2147483647,0,0,1,1,2,2,3,3,4,4,9,9,10,10],"right_children":[2,4,6,8,10,-1,-1,-1,-1,12,14,-1,-1,-1,-1],"split_conditions":[9.0576607E-1,2.0298177E-1,1E0,1.0177206E-1,7.0736384E-1,3.3587646E-2,1.3665314E-1,-1.1524506E-1,-2.9229736E-2,3.048008E-1,8.0780274E-1,-1.3352203E-2,-4.6635945E-3,3.8375854E-3,1.5145111E-2],"split_indices":[0,0,0,0,0,0,0,0,0,0,0,0,0,0,0],"split_type":[0,0,0,0,0,0,0,0,0,0,0,0,0,0,0],"sum_hessian":[9E0,7E0,2E0,2E0,5E0,1E0,1E0,1E0,1E0,3E0,2E0,1E0,2E0,1E0,1E0],"tree_param":{"num_deleted":"0","num_feature":"2","num_nodes":"15","size_leaf_vector":"1"}},{"base_weights":[4.659424E-2,-3.4607697E-1,1.078186E0,-9.150035E-1,-3.9342246E-3,3.1907655E-2,1.2982026E-1,-1.0948258E-1,-2.7767945E-2,-9.606552E-2,1.2021891E-1,-1.2684631E-2,-4.3523153E-3,3.6453248E-3,1.4387513E-2],"categories":[],"categories_nodes":[],"categories_segments":[],"categories_sizes":[],"default_left":[0,0,0,0,0,0,0,0,0,0,0,0,0,0,0],"id":62,"left_children":[1,3,5,7,9,-1,-1,-1,-1,11,13,-1,-1,-1,-1],"loss_changes":[4.423899E0,1.5536327E0,8.682394E-2,3.9804697E-2,8.017922E-2,0E0,0E0,0E0,0E0,9.4843283E-4,7.000193E-4,0E0,0E0,0E0,0E0],"parents":[2147483647,0,0,1,1,2,2,3,3,4,4,9,9,10,10],"right_children":[2,4,6,8,10,-1,-1,-1,-1,12,14,-1,-1,-1,-1],"split_conditions":[9.0576607E-1,2.0298177E-1,1E0,1.0177206E-1,7.0736384E-1,3.1907655E-2,1.2982026E-1,-1.0948258E-1,-2.7767945E-2,3.048008E-1,8.0780274E-1,-1.2684631E-2,-4.3523153E-3,3.6453248E-3,1.4387513E-2],"split_indices":[0,0,0,0,0,0,0,0,0,0,0,0,0,0,0],"split_type":[0,0,0,0,0,0,0,0,0,0,0,0,0,0,0],"sum_hessian":[9E0,7E0,2E0,2E0,5E0,1E0,1E0,1E0,1E0,3E0,2E0,1E0,2E0,1E0,1E0],"tree_param":{"num_deleted":"0","num_feature":"2","num_nodes":"15","size_leaf_vector":"1"}},{"base_weights":[4.447937E-2,-3.2850266E-1,1.0242716E0,-8.692525E-1,-3.3772786E-3,3.0311584E-2,1.2332916E-1,-1.0400849E-1,-2.6379395E-2,-9.072113E-2,1.1420695E-1,-1.2050629E-2,-4.0623983E-3,3.4629821E-3,1.366806E-2],"categories":[],"categories_nodes":[],"categories_segments":[],"categories_sizes":[],"default_left":[0,0,0,0,0,0,0,0,0,0,0,0,0,0,0],"id":63,"left_children":[1,3,5,7,9,-1,-1,-1,-1,11,13,-1,-1,-1,-1],"loss_changes":[3.990925E0,1.4035561E0,7.837772E-2,3.5927773E-2,7.198254E-2,0E0,0E0,0E0,0E0,1.0731593E-3,6.3194335E-4,0E0,0E0,0E0,0E0],"parents":[2147483647,0,0,1,1,2,2,3,3,4,4,9,9,10,10],"right_children":[2,4,6,8,10,-1,-1,-1,-1,12,14,-1,-1,-1,-1],"split_conditions":[9.0576607E-1,2.0298177E-1,1E0,1.0177206E-1,7.0736384E-1,3.0311584E-2,1.2332916E-1,-1.0400849E-1,-2.6379395E-2,3.048008E-1,8.0780274E-1,-1.2050629E-2,-4.0623983E-3,3.4629821E-3,1.366806E-2],"split_indices":[0,0,0,0,0,0,0,0,0,0,0,0,0,0,0],"split_type":[0,0,0,0,0,0,0,0,0,0,0,0,0,0,0],"sum_hessian":[9E0,7E0,2E0,2E0,5E0,1E0,1E0,1E0,1E0,3E0,2E0,1E0,2E0,1E0,1E0],"tree_param":{"num_deleted":"0","num_feature":"2","num_nodes":"15","size_leaf_vector":"1"}},{"base_weights":[4.2459108E-2,-3.118248E-1,9.730632E-1,-8.257904E-1,-2.8711956E-3,2.8796388E-2,1.17163084E-1,-9.880829E-2,-2.5060272E-2,-8.56781E-2,1.0849508E-1,-1.14479065E-2,-3.791809E-3,3.289795E-3,1.2984467E-2],"categories":[],"categories_nodes":[],"categories_segments":[],"categories_sizes":[],"default_left":[0,0,0,0,0,0,0,0,0,0,0,0,0,0,0],"id":64,"left_children":[1,3,5,7,9,-1,-1,-1,-1,11,13,-1,-1,-1,-1],"loss_changes":[3.6004057E0,1.2679613E0,7.072806E-2,3.2429695E-2,6.462703E-2,0E0,0E0,0E0,0E0,1.1613108E-3,5.7028234E-4,0E0,0E0,0E0,0E0],"parents":[2147483647,0,0,1,1,2,2,3,3,4,4,9,9,10,10],"right_children":[2,4,6,8,10,-1,-1,-1,-1,12,14,-1,-1,-1,-1],"split_conditions":[9.0576607E-1,2.0298177E-1,1E0,1.0177206E-1,7.0736384E-1,2.8796388E-2,1.17163084E-1,-9.880829E-2,-2.5060272E-2,3.048008E-1,8.0780274E-1,-1.14479065E-2,-3.791809E-3,3.289795E-3,1.2984467E-2],"split_indices":[0,0,0,0,0,0,0,0,0,0,0,0,0,0,0],"split_type":[0,0,0,0,0,0,0,0,0,0,0,0,0,0,0],"sum_hessian":[9E0,7E0,2E0,2E0,5E0,1E0,1E0,1E0,1E0,3E0,2E0,1E0,2E0,1E0,1E0],"tree_param":{"num_deleted":"0","num_feature":"2","num_nodes":"15","size_leaf_vector":"1"}},{"base_weights":[4.0524293E-2,-2.9599762E-1,9.2440796E-1,-7.845001E-1,-2.4134319E-3,2.7355958E-2,1.1130524E-1,-9.3867496E-2,-2.3807526E-2,-8.092117E-2,1.0306803E-1,-1.0875702E-2,-3.5390218E-3,3.125E-3,1.2335205E-2],"categories":[],"categories_nodes":[],"categories_segments":[],"categories_sizes":[],"default_left":[0,0,0,0,0,0,0,0,0,0,0,0,0,0,0],"id":65,"left_children":[1,3,5,7,9,-1,-1,-1,-1,11,13,-1,-1,-1,-1],"loss_changes":[3.2480848E0,1.1454394E0,6.38504E-2,2.9259682E-2,5.8027055E-2,0E0,0E0,0E0,0E0,1.2206361E-3,5.155243E-4,0E0,0E0,0E0,0E0],"parents":[2147483647,0,0,1,1,2,2,3,3,4,4,9,9,10,10],"right_children":[2,4,6,8,10,-1,-1,-1,-1,12,14,-1,-1,-1,-1],"split_conditions":[9.0576607E-1,2.0298177E-1,1E0,1.0177206E-1,7.0736384E-1,2.7355958E-2,1.1130524E-1,-9.3867496E-2,-2.3807526E-2,3.048008E-1,8.0780274E-1,-1.0875702E-2,-3.5390218E-3,3.125E-3,1.2335205E-2],"split_indices":[0,0,0,0,0,0,0,0,0,0,0,0,0,0,0],"split_type":[0,0,0,0,0,0,0,0,0,0,0,0,0,0,0],"sum_hessian":[9E0,7E0,2E0,2E0,5E0,1E0,1E0,1E0,1E0,3E0,2E0,1E0,2E0,1E0,1E0],"tree_param":{"num_deleted":"0","num_feature":"2","num_nodes":"15","size_leaf_vector":"1"}},{"base_weights":[3.867798E-2,-2.8097534E-1,8.7819415E-1,-7.4527484E-1,-1.9963582E-3,2.598877E-2,1.0574036E-1,-8.917389E-2,-2.261734E-2,-7.6431274E-2,9.791565E-2,-1.0331727E-2,-3.3030193E-3,2.9685975E-3,1.171875E-2],"categories":[],"categories_nodes":[],"categories_segments":[],"categories_sizes":[],"default_left":[0,0,0,0,0,0,0,0,0,0,0,0,0,0,0],"id":66,"left_children":[1,3,5,7,9,-1,-1,-1,-1,11,13,-1,-1,-1,-1],"loss_changes":[2.9302926E0,1.0347506E0,5.7612658E-2,2.6401639E-2,5.2105468E-2,0E0,0E0,0E0,0E0,1.2549348E-3,4.6591274E-4,0E0,0E0,0E0,0E0],"parents":[2147483647,0,0,1,1,2,2,3,3,4,4,9,9,10,10],"right_children":[2,4,6,8,10,-1,-1,-1,-1,12,14,-1,-1,-1,-1],"split_conditions":[9.0576607E-1,2.0298177E-1,1E0,1.0177206E-1,7.0736384E-1,2.598877E-2,1.0574036E-1,-8.917389E-2,-2.261734E-2,3.048008E-1,8.0780274E-1,-1.0331727E-2,-3.3030193E-3,2.9685975E-3,1.171875E-2],"split_indices":[0,0,0,0,0,0,0,0,0,0,0,0,0,0,0],"split_type":[0,0,0,0,0,0,0,0,0,0,0,0,0,0,0],"sum_hessian":[9E0,7E0,2E0,2E0,5E0,1E0,1E0,1E0,1E0,3E0,2E0,1E0,2E0,1E0,1E0],"tree_param":{"num_deleted":"0","num_feature":"2","num_nodes":"15","size_leaf_vector":"1"}},{"base_weights":[3.690491E-2,-2.6672363E-1,8.3427936E-1,-7.080129E-1,-1.625061E-3,2.468872E-2,1.0045319E-1,-8.471527E-2,-2.1486664E-2,-7.2200775E-2,9.301758E-2,-9.815216E-3,-3.0832926E-3,2.8198243E-3,1.1132813E-2],"categories":[],"categories_nodes":[],"categories_segments":[],"categories_sizes":[],"default_left":[0,0,0,0,0,0,0,0,0,0,0,0,0,0,0],"id":67,"left_children":[1,3,5,7,9,-1,-1,-1,-1,11,13,-1,-1,-1,-1],"loss_changes":[2.6435788E0,9.3473065E-1,5.200863E-2,2.3823977E-2,4.679277E-2,0E0,0E0,0E0,0E0,1.2678932E-3,4.2137504E-4,0E0,0E0,0E0,0E0],"parents":[2147483647,0,0,1,1,2,2,3,3,4,4,9,9,10,10],"right_children":[2,4,6,8,10,-1,-1,-1,-1,12,14,-1,-1,-1,-1],"split_conditions":[9.0576607E-1,2.0298177E-1,1E0,1.0177206E-1,7.0736384E-1,2.468872E-2,1.0045319E-1,-8.471527E-2,-2.1486664E-2,3.048008E-1,8.0780274E-1,-9.815216E-3,-3.0832926E-3,2.8198243E-3,1.1132813E-2],"split_indices":[0,0,0,0,0,0,0,0,0,0,0,0,0,0,0],"split_type":[0,0,0,0,0,0,0,0,0,0,0,0,0,0,0],"sum_hessian":[9E0,7E0,2E0,2E0,5E0,1E0,1E0,1E0,1E0,3E0,2E0,1E0,2E0,1E0,1E0],"tree_param":{"num_deleted":"0","num_feature":"2","num_nodes":"15","size_leaf_vector":"1"}},{"base_weights":[3.5211183E-2,-2.5319672E-1,7.925618E-1,-6.726125E-1,-1.2893677E-3,2.3454284E-2,9.5429994E-2,-8.0479436E-2,-2.0412445E-2,-6.820679E-2,8.836365E-2,-9.324647E-3,-2.8778077E-3,2.6786805E-3,1.0575867E-2],"categories":[],"categories_nodes":[],"categories_segments":[],"categories_sizes":[],"default_left":[0,0,0,0,0,0,0,0,0,0,0,0,0,0,0],"id":68,"left_children":[1,3,5,7,9,-1,-1,-1,-1,11,13,-1,-1,-1,-1],"loss_changes":[2.3849332E0,8.4436405E-1,4.6934605E-2,2.149868E-2,4.202309E-2,0E0,0E0,0E0,0E0,1.2656748E-3,3.8045458E-4,0E0,0E0,0E0,0E0],"parents":[2147483647,0,0,1,1,2,2,3,3,4,4,9,9,10,10],"right_children":[2,4,6,8,10,-1,-1,-1,-1,12,14,-1,-1,-1,-1],"split_conditions":[9.0576607E-1,2.0298177E-1,1E0,1.0177206E-1,7.0736384E-1,2.3454284E-2,9.5429994E-2,-8.0479436E-2,-2.0412445E-2,3.048008E-1,8.0780274E-1,-9.324647E-3,-2.8778077E-3,2.6786805E-3,1.0575867E-2],"split_indices":[0,0,0,0,0,0,0,0,0,0,0,0,0,0,0],"split_type":[0,0,0,0,0,0,0,0,0,0,0,0,0,0,0],"sum_hessian":[9E0,7E0,2E0,2E0,5E0,1E0,1E0,1E0,1E0,3E0,2E0,1E0,2E0,1E0,1E0],"tree_param":{"num_deleted":"0","num_feature":"2","num_nodes":"15","size_leaf_vector":"1"}},{"base_weights":[3.359375E-2,-2.4035645E-1,7.529297E-1,-6.389821E-1,-9.841919E-4,2.2280885E-2,9.065857E-2,-7.645569E-2,-1.9391632E-2,-6.443405E-2,8.394369E-2,-8.85849E-3,-2.6855469E-3,2.544403E-3,1.004715E-2],"categories":[],"categories_nodes":[],"categories_segments":[],"categories_sizes":[],"default_left":[0,0,0,0,0,0,0,0,0,0,0,0,0,0,0],"id":69,"left_children":[1,3,5,7,9,-1,-1,-1,-1,11,13,-1,-1,-1,-1],"loss_changes":[2.1515937E0,7.627306E-1,4.237342E-2,1.9407034E-2,3.7740804E-2,0E0,0E0,0E0,0E0,1.25123E-3,3.442131E-4,0E0,0E0,0E0,0E0],"parents":[2147483647,0,0,1,1,2,2,3,3,4,4,9,9,10,10],"right_children":[2,4,6,8,10,-1,-1,-1,-1,12,14,-1,-1,-1,-1],"split_conditions":[9.0576607E-1,2.0298177E-1,1E0,1.0177206E-1,7.0736384E-1,2.2280885E-2,9.065857E-2,-7.645569E-2,-1.9391632E-2,3.048008E-1,8.0780274E-1,-8.85849E-3,-2.6855469E-3,2.544403E-3,1.004715E-2],"split_indices":[0,0,0,0,0,0,0,0,0,0,0,0,0,0,0],"split_type":[0,0,0,0,0,0,0,0,0,0,0,0,0,0,0],"sum_hessian":[9E0,7E0,2E0,2E0,5E0,1E0,1E0,1E0,1E0,3E0,2E0,1E0,2E0,1E0,1E0],"tree_param":{"num_deleted":"0","num_feature":"2","num_nodes":"15","size_leaf_vector":"1"}},{"base_weights":[3.204956E-2,-2.2816849E-1,7.152812E-1,-6.070302E-1,-7.095337E-4,2.1166993E-2,8.612519E-2,-7.26326E-2,-1.8421937E-2,-6.087494E-2,7.974752E-2,-8.415222E-3,-2.5065104E-3,2.4169923E-3,9.545135E-3],"categories":[],"categories_nodes":[],"categories_segments":[],"categories_sizes":[],"default_left":[0,0,0,0,0,0,0,0,0,0,0,0,0,0,0],"id":70,"left_children":[1,3,5,7,9,-1,-1,-1,-1,11,13,-1,-1,-1,-1],"loss_changes":[1.9410965E0,6.889733E-1,3.823626E-2,1.7515302E-2,3.3899013E-2,0E0,0E0,0E0,0E0,1.2249388E-3,3.112927E-4,0E0,0E0,0E0,0E0],"parents":[2147483647,0,0,1,1,2,2,3,3,4,4,9,9,10,10],"right_children":[2,4,6,8,10,-1,-1,-1,-1,12,14,-1,-1,-1,-1],"split_conditions":[9.0576607E-1,2.0298177E-1,1E0,1.0177206E-1,7.0736384E-1,2.1166993E-2,8.612519E-2,-7.26326E-2,-1.8421937E-2,3.048008E-1,8.0780274E-1,-8.415222E-3,-2.5065104E-3,2.4169923E-3,9.545135E-3],"split_indices":[0,0,0,0,0,0,0,0,0,0,0,0,0,0,0],"split_type":[0,0,0,0,0,0,0,0,0,0,0,0,0,0,0],"sum_hessian":[9E0,7E0,2E0,2E0,5E0,1E0,1E0,1E0,1E0,3E0,2E0,1E0,2E0,1E0,1E0],"tree_param":{"num_deleted":"0","num_feature":"2","num_nodes":"15","size_leaf_vector":"1"}},{"base_weights":[3.0570984E-2,-2.1660423E-1,6.795146E-1,-5.766805E-1,-4.6539307E-4,2.0108033E-2,8.1819154E-2,-6.900101E-2,-1.750107E-2,-5.7518005E-2,7.575989E-2,-7.99408E-3,-2.3396811E-3,2.2964478E-3,9.067535E-3],"categories":[],"categories_nodes":[],"categories_segments":[],"categories_sizes":[],"default_left":[0,0,0,0,0,0,0,0,0,0,0,0,0,0,0],"id":71,"left_children":[1,3,5,7,9,-1,-1,-1,-1,11,13,-1,-1,-1,-1],"loss_changes":[1.7512134E0,6.2234336E-1,3.4521103E-2,1.5803993E-2,3.0450664E-2,0E0,0E0,0E0,0E0,1.1900095E-3,2.800934E-4,0E0,0E0,0E0,0E0],"parents":[2147483647,0,0,1,1,2,2,3,3,4,4,9,9,10,10],"right_children":[2,4,6,8,10,-1,-1,-1,-1,12,14,-1,-1,-1,-1],"split_conditions":[9.0576607E-1,2.0298177E-1,1E0,1.0177206E-1,7.0736384E-1,2.0108033E-2,8.1819154E-2,-6.900101E-2,-1.750107E-2,3.048008E-1,8.0780274E-1,-7.99408E-3,-2.3396811E-3,2.2964478E-3,9.067535E-3],"split_indices":[0,0,0,0,0,0,0,0,0,0,0,0,0,0,0],"split_type":[0,0,0,0,0,0,0,0,0,0,0,0,0,0,0],"sum_hessian":[9E0,7E0,2E0,2E0,5E0,1E0,1E0,1E0,1E0,3E0,2E0,1E0,2E0,1E0,1E0],"tree_param":{"num_deleted":"0","num_feature":"2","num_nodes":"15","size_leaf_vector":"1"}},{"base_weights":[2.9159546E-2,-2.0562744E-1,6.4553833E-1,-5.478465E-1,-2.4668375E-4,1.9102478E-2,7.772827E-2,-6.5551E-2,-1.6625976E-2,-5.4351807E-2,7.197571E-2,-7.5942995E-3,-2.1840415E-3,2.1820068E-3,8.614349E-3],"categories":[],"categories_nodes":[],"categories_segments":[],"categories_sizes":[],"default_left":[0,0,0,0,0,0,0,0,0,0,0,0,0,0,0],"id":72,"left_children":[1,3,5,7,9,-1,-1,-1,-1,11,13,-1,-1,-1,-1],"loss_changes":[1.5799174E0,5.6214654E-1,3.1158566E-2,1.4263868E-2,2.735762E-2,0E0,0E0,0E0,0E0,1.1492111E-3,2.5212485E-4,0E0,0E0,0E0,0E0],"parents":[2147483647,0,0,1,1,2,2,3,3,4,4,9,9,10,10],"right_children":[2,4,6,8,10,-1,-1,-1,-1,12,14,-1,-1,-1,-1],"split_conditions":[9.0576607E-1,2.0298177E-1,1E0,1.0177206E-1,7.0736384E-1,1.9102478E-2,7.772827E-2,-6.5551E-2,-1.6625976E-2,3.048008E-1,8.0780274E-1,-7.5942995E-3,-2.1840415E-3,2.1820068E-3,8.614349E-3],"split_indices":[0,0,0,0,0,0,0,0,0,0,0,0,0,0,0],"split_type":[0,0,0,0,0,0,0,0,0,0,0,0,0,0,0],"sum_hessian":[9E0,7E0,2E0,2E0,5E0,1E0,1E0,1E0,1E0,3E0,2E0,1E0,2E0,1E0,1E0],"tree_param":{"num_deleted":"0","num_feature":"2","num_nodes":"15","size_leaf_vector":"1"}},{"base_weights":[2.7810669E-2,-1.952095E-1,6.132609E-1,-5.2045184E-1,-5.340576E-5,1.8147279E-2,7.384186E-2,-6.227341E-2,-1.5794372E-2,-5.1361084E-2,6.8374634E-2,-7.2143557E-3,-2.0385743E-3,2.0729066E-3,8.183288E-3],"categories":[],"categories_nodes":[],"categories_segments":[],"categories_sizes":[],"default_left":[0,0,0,0,0,0,0,0,0,0,0,0,0,0,0],"id":73,"left_children":[1,3,5,7,9,-1,-1,-1,-1,11,13,-1,-1,-1,-1],"loss_changes":[1.4253865E0,5.0775635E-1,2.8121948E-2,1.2877464E-2,2.4577098E-2,0E0,0E0,0E0,0E0,1.1042766E-3,2.2735819E-4,0E0,0E0,0E0,0E0],"parents":[2147483647,0,0,1,1,2,2,3,3,4,4,9,9,10,10],"right_children":[2,4,6,8,10,-1,-1,-1,-1,12,14,-1,-1,-1,-1],"split_conditions":[9.0576607E-1,2.0298177E-1,1E0,1.0177206E-1,7.0736384E-1,1.8147279E-2,7.384186E-2,-6.227341E-2,-1.5794372E-2,3.048008E-1,8.0780274E-1,-7.2143557E-3,-2.0385743E-3,2.0729066E-3,8.183288E-3],"split_indices":[0,0,0,0,0,0,0,0,0,0,0,0,0,0,0],"split_type":[0,0,0,0,0,0,0,0,0,0,0,0,0,0,0],"sum_hessian":[9E0,7E0,2E0,2E0,5E0,1E0,1E0,1E0,1E0,3E0,2E0,1E0,2E0,1E0,1E0],"tree_param":{"num_deleted":"0","num_feature":"2","num_nodes":"15","size_leaf_vector":"1"}},{"base_weights":[2.65213E-2,-1.853199E-1,5.8259076E-1,-4.9443054E-1,1.2207031E-4,1.723938E-2,7.0149235E-2,-5.9159853E-2,-1.5004731E-2,-4.8534393E-2,6.4956665E-2,-6.853485E-3,-1.9022623E-3,1.9691468E-3,7.774353E-3],"categories":[],"categories_nodes":[],"categories_segments":[],"categories_sizes":[],"default_left":[0,0,0,0,0,0,0,0,0,0,0,0,0,0,0],"id":74,"left_children":[1,3,5,7,9,-1,-1,-1,-1,11,13,-1,-1,-1,-1],"loss_changes":[1.2859498E0,4.58637E-1,2.5386214E-2,1.1621296E-2,2.2080366E-2,0E0,0E0,0E0,0E0,1.0572821E-3,2.0551495E-4,0E0,0E0,0E0,0E0],"parents":[2147483647,0,0,1,1,2,2,3,3,4,4,9,9,10,10],"right_children":[2,4,6,8,10,-1,-1,-1,-1,12,14,-1,-1,-1,-1],"split_conditions":[9.0576607E-1,2.0298177E-1,1E0,1.0177206E-1,7.0736384E-1,1.723938E-2,7.0149235E-2,-5.9159853E-2,-1.5004731E-2,3.048008E-1,8.0780274E-1,-6.853485E-3,-1.9022623E-3,1.9691468E-3,7.774353E-3],"split_indices":[0,0,0,0,0,0,0,0,0,0,0,0,0,0,0],"split_type":[0,0,0,0,0,0,0,0,0,0,0,0,0,0,0],"sum_hessian":[9E0,7E0,2E0,2E0,5E0,1E0,1E0,1E0,1E0,3E0,2E0,1E0,2E0,1E0,1E0],"tree_param":{"num_deleted":"0","num_feature":"2","num_nodes":"15","size_leaf_vector":"1"}},{"base_weights":[2.5288392E-2,-1.7593575E-1,5.534566E-1,-4.697113E-1,2.746582E-4,1.6377259E-2,6.6641234E-2,-5.6201935E-2,-1.4254761E-2,-4.586792E-2,6.1706543E-2,-6.5109255E-3,-1.7751058E-3,1.8707275E-3,7.385254E-3],"categories":[],"categories_nodes":[],"categories_segments":[],"categories_sizes":[],"default_left":[0,0,0,0,0,0,0,0,0,0,0,0,0,0,0],"id":75,"left_children":[1,3,5,7,9,-1,-1,-1,-1,11,13,-1,-1,-1,-1],"loss_changes":[1.1601748E0,4.1425955E-1,2.2911072E-2,1.0484993E-2,1.9838104E-2,0E0,0E0,0E0,0E0,1.0082647E-3,1.8522702E-4,0E0,0E0,0E0,0E0],"parents":[2147483647,0,0,1,1,2,2,3,3,4,4,9,9,10,10],"right_children":[2,4,6,8,10,-1,-1,-1,-1,12,14,-1,-1,-1,-1],"split_conditions":[9.0576607E-1,2.0298177E-1,1E0,1.0177206E-1,7.0736384E-1,1.6377259E-2,6.6641234E-2,-5.6201935E-2,-1.4254761E-2,3.048008E-1,8.0780274E-1,-6.5109255E-3,-1.7751058E-3,1.8707275E-3,7.385254E-3],"split_indices":[0,0,0,0,0,0,0,0,0,0,0,0,0,0,0],"split_type":[0,0,0,0,0,0,0,0,0,0,0,0,0,0,0],"sum_hessian":[9E0,7E0,2E0,2E0,5E0,1E0,1E0,1E0,1E0,3E0,2E0,1E0,2E0,1E0,1E0],"tree_param":{"num_deleted":"0","num_feature":"2","num_nodes":"15","size_leaf_vector":"1"}},{"base_weights":[2.4108887E-2,-1.6703033E-1,5.2577716E-1,-4.4622803E-1,4.0690103E-4,1.5557862E-2,6.3308716E-2,-5.339203E-2,-1.3542175E-2,-4.3354034E-2,5.8619183E-2,-6.1851502E-3,-1.6571045E-3,1.776886E-3,7.0159915E-3],"categories":[],"categories_nodes":[],"categories_segments":[],"categories_sizes":[],"default_left":[0,0,0,0,0,0,0,0,0,0,0,0,0,0,0],"id":76,"left_children":[1,3,5,7,9,-1,-1,-1,-1,11,13,-1,-1,-1,-1],"loss_changes":[1.0467056E0,3.741663E-1,2.068317E-2,9.4614625E-3,1.7825922E-2,0E0,0E0,0E0,0E0,9.567258E-4,1.67666E-4,0E0,0E0,0E0,0E0],"parents":[2147483647,0,0,1,1,2,2,3,3,4,4,9,9,10,10],"right_children":[2,4,6,8,10,-1,-1,-1,-1,12,14,-1,-1,-1,-1],"split_conditions":[9.0576607E-1,2.0298177E-1,1E0,1.0177206E-1,7.0736384E-1,1.5557862E-2,6.3308716E-2,-5.339203E-2,-1.3542175E-2,3.048008E-1,8.0780274E-1,-6.1851502E-3,-1.6571045E-3,1.776886E-3,7.0159915E-3],"split_indices":[0,0,0,0,0,0,0,0,0,0,0,0,0,0,0],"split_type":[0,0,0,0,0,0,0,0,0,0,0,0,0,0,0],"sum_hessian":[9E0,7E0,2E0,2E0,5E0,1E0,1E0,1E0,1E0,3E0,2E0,1E0,2E0,1E0,1E0],"tree_param":{"num_deleted":"0","num_feature":"2","num_nodes":"15","size_leaf_vector":"1"}},{"base_weights":[2.2988891E-2,-1.5857315E-1,4.9949136E-1,-4.2391458E-1,5.264282E-4,1.4779664E-2,6.0144044E-2,-5.0722506E-2,-1.2864686E-2,-4.0977478E-2,5.5689495E-2,-5.8761598E-3,-1.546224E-3,1.688385E-3,6.6650393E-3],"categories":[],"categories_nodes":[],"categories_segments":[],"categories_sizes":[],"default_left":[0,0,0,0,0,0,0,0,0,0,0,0,0,0,0],"id":77,"left_children":[1,3,5,7,9,-1,-1,-1,-1,11,13,-1,-1,-1,-1],"loss_changes":[9.443536E-1,3.3794883E-1,1.8673956E-2,8.543789E-3,1.601891E-2,0E0,0E0,0E0,0E0,9.064786E-4,1.5071873E-4,0E0,0E0,0E0,0E0],"parents":[2147483647,0,0,1,1,2,2,3,3,4,4,9,9,10,10],"right_children":[2,4,6,8,10,-1,-1,-1,-1,12,14,-1,-1,-1,-1],"split_conditions":[9.0576607E-1,2.0298177E-1,1E0,1.0177206E-1,7.0736384E-1,1.4779664E-2,6.0144044E-2,-5.0722506E-2,-1.2864686E-2,3.048008E-1,8.0780274E-1,-5.8761598E-3,-1.546224E-3,1.688385E-3,6.6650393E-3],"split_indices":[0,0,0,0,0,0,0,0,0,0,0,0,0,0,0],"split_type":[0,0,0,0,0,0,0,0,0,0,0,0,0,0,0],"sum_hessian":[9E0,7E0,2E0,2E0,5E0,1E0,1E0,1E0,1E0,3E0,2E0,1E0,2E0,1E0,1E0],"tree_param":{"num_deleted":"0","num_feature":"2","num_nodes":"15","size_leaf_vector":"1"}},{"base_weights":[2.1914672E-2,-1.5055084E-1,4.7451782E-1,-4.0272012E-1,6.2561035E-4,1.4041138E-2,5.7136536E-2,-4.8186492E-2,-1.2221527E-2,-3.873825E-2,5.290222E-2,-5.582428E-3,-1.4434814E-3,1.6036987E-3,6.3316347E-3],"categories":[],"categories_nodes":[],"categories_segments":[],"categories_sizes":[],"default_left":[0,0,0,0,0,0,0,0,0,0,0,0,0,0,0],"id":78,"left_children":[1,3,5,7,9,-1,-1,-1,-1,11,13,-1,-1,-1,-1],"loss_changes":[8.520234E-1,3.0522844E-1,1.6845882E-2,7.7102184E-3,1.4396194E-2,0E0,0E0,0E0,0E0,8.551837E-4,1.36354E-4,0E0,0E0,0E0,0E0],"parents":[2147483647,0,0,1,1,2,2,3,3,4,4,9,9,10,10],"right_children":[2,4,6,8,10,-1,-1,-1,-1,12,14,-1,-1,-1,-1],"split_conditions":[9.0576607E-1,2.0298177E-1,1E0,1.0177206E-1,7.0736384E-1,1.4041138E-2,5.7136536E-2,-4.8186492E-2,-1.2221527E-2,3.048008E-1,8.0780274E-1,-5.582428E-3,-1.4434814E-3,1.6036987E-3,6.3316347E-3],"split_indices":[0,0,0,0,0,0,0,0,0,0,0,0,0,0,0],"split_type":[0,0,0,0,0,0,0,0,0,0,0,0,0,0,0],"sum_hessian":[9E0,7E0,2E0,2E0,5E0,1E0,1E0,1E0,1E0,3E0,2E0,1E0,2E0,1E0,1E0],"tree_param":{"num_deleted":"0","num_feature":"2","num_nodes":"15","size_leaf_vector":"1"}},{"base_weights":[2.089386E-2,-1.4293098E-1,4.507955E-1,-3.8258362E-1,7.171631E-4,1.3339234E-2,5.428009E-2,-4.577713E-2,-1.1610413E-2,-3.661728E-2,5.0257366E-2,-5.3031924E-3,-1.3468425E-3,1.5235901E-3,6.015015E-3],"categories":[],"categories_nodes":[],"categories_segments":[],"categories_sizes":[],"default_left":[0,0,0,0,0,0,0,0,0,0,0,0,0,0,0],"id":79,"left_children":[1,3,5,7,9,-1,-1,-1,-1,11,13,-1,-1,-1,-1],"loss_changes":[7.687183E-1,2.7567965E-1,1.52029395E-2,6.9588125E-3,1.2937622E-2,0E0,0E0,0E0,0E0,8.0566434E-4,1.2293737E-4,0E0,0E0,0E0,0E0],"parents":[2147483647,0,0,1,1,2,2,3,3,4,4,9,9,10,10],"right_children":[2,4,6,8,10,-1,-1,-1,-1,12,14,-1,-1,-1,-1],"split_conditions":[9.0576607E-1,2.0298177E-1,1E0,1.0177206E-1,7.0736384E-1,1.3339234E-2,5.428009E-2,-4.577713E-2,-1.1610413E-2,3.048008E-1,8.0780274E-1,-5.3031924E-3,-1.3468425E-3,1.5235901E-3,6.015015E-3],"split_indices":[0,0,0,0,0,0,0,0,0,0,0,0,0,0,0],"split_type":[0,0,0,0,0,0,0,0,0,0,0,0,0,0,0],"sum_hessian":[9E0,7E0,2E0,2E0,5E0,1E0,1E0,1E0,1E0,3E0,2E0,1E0,2E0,1E0,1E0],"tree_param":{"num_deleted":"0","num_feature":"2","num_nodes":"15","size_leaf_vector":"1"}},{"base_weights":[1.991577E-2,-1.3570023E-1,4.2825317E-1,-3.634542E-1,7.9345703E-4,1.2672424E-2,5.1565554E-2,-4.3488313E-2,-1.1029816E-2,-3.4618378E-2,4.774475E-2,-4.2846682E-3,-4.966736E-4,1.4472961E-3,5.7144165E-3],"categories":[],"categories_nodes":[],"categories_segments":[],"categories_sizes":[],"default_left":[0,0,0,0,0,0,0,0,0,0,0,0,0,0,0],"id":80,"left_children":[1,3,5,7,9,-1,-1,-1,-1,11,13,-1,-1,-1,-1],"loss_changes":[6.935523E-1,2.489842E-1,1.3716996E-2,6.281197E-3,1.1628634E-2,0E0,0E0,0E0,0E0,7.6312246E-4,1.111608E-4,0E0,0E0,0E0,0E0],"parents":[2147483647,0,0,1,1,2,2,3,3,4,4,9,9,10,10],"right_children":[2,4,6,8,10,-1,-1,-1,-1,12,14,-1,-1,-1,-1],"split_conditions":[9.0576607E-1,2.0298177E-1,1E0,1.0177206E-1,7.0736384E-1,1.2672424E-2,5.1565554E-2,-4.3488313E-2,-1.1029816E-2,5.0282866E-1,8.0780274E-1,-4.2846682E-3,-4.966736E-4,1.4472961E-3,5.7144165E-3],"split_indices":[0,0,0,0,0,0,0,0,0,0,0,0,0,0,0],"split_type":[0,0,0,0,0,0,0,0,0,0,0,0,0,0,0],"sum_hessian":[9E0,7E0,2E0,2E0,5E0,1E0,1E0,1E0,1E0,3E0,2E0,2E0,1E0,1E0,1E0],"tree_param":{"num_deleted":"0","num_feature":"2","num_nodes":"15","size_leaf_vector":"1"}},{"base_weights":[1.9136047E-2,-1.2864494E-1,4.0684E-1,-3.4528098E-1,1.1138916E-3,1.2039185E-2,4.898682E-2,-4.1313935E-2,-1.0478211E-2,-3.2348633E-2,4.5359295E-2,-4.8233033E-3,-1.0976156E-3,1.3748169E-3,5.4290774E-3],"categories":[],"categories_nodes":[],"categories_segments":[],"categories_sizes":[],"default_left":[0,0,0,0,0,0,0,0,0,0,0,0,0,0,0],"id":81,"left_children":[1,3,5,7,9,-1,-1,-1,-1,11,13,-1,-1,-1,-1],"loss_changes":[6.252907E-1,2.2526811E-1,1.2373656E-2,5.6699812E-3,1.0350687E-2,0E0,0E0,0E0,0E0,8.2854275E-4,1.0060379E-4,0E0,0E0,0E0,0E0],"parents":[2147483647,0,0,1,1,2,2,3,3,4,4,9,9,10,10],"right_children":[2,4,6,8,10,-1,-1,-1,-1,12,14,-1,-1,-1,-1],"split_conditions":[9.0576607E-1,2.0298177E-1,1E0,1.0177206E-1,7.0736384E-1,1.2039185E-2,4.898682E-2,-4.1313935E-2,-1.0478211E-2,3.048008E-1,8.0780274E-1,-4.8233033E-3,-1.0976156E-3,1.3748169E-3,5.4290774E-3],"split_indices":[0,0,0,0,0,0,0,0,0,0,0,0,0,0,0],"split_type":[0,0,0,0,0,0,0,0,0,0,0,0,0,0,0],"sum_hessian":[9E0,7E0,2E0,2E0,5E0,1E0,1E0,1E0,1E0,3E0,2E0,1E0,2E0,1E0,1E0],"tree_param":{"num_deleted":"0","num_feature":"2","num_nodes":"15","size_leaf_vector":"1"}},{"base_weights":[1.8237304E-2,-1.2214279E-1,3.8650513E-1,-3.280131E-1,1.1494955E-3,1.1437989E-2,4.6537783E-2,-3.9247897E-2,-9.954072E-3,-3.0593872E-2,4.309082E-2,-4.5822146E-3,-1.0243733E-3,1.3061523E-3,5.1574707E-3],"categories":[],"categories_nodes":[],"categories_segments":[],"categories_sizes":[],"default_left":[0,0,0,0,0,0,0,0,0,0,0,0,0,0,0],"id":82,"left_children":[1,3,5,7,9,-1,-1,-1,-1,11,13,-1,-1,-1,-1],"loss_changes":[5.6418353E-1,2.0343481E-1,1.1159897E-2,5.11837E-3,9.306468E-3,0E0,0E0,0E0,0E0,7.7020004E-4,9.0651214E-5,0E0,0E0,0E0,0E0],"parents":[2147483647,0,0,1,1,2,2,3,3,4,4,9,9,10,10],"right_children":[2,4,6,8,10,-1,-1,-1,-1,12,14,-1,-1,-1,-1],"split_conditions":[9.0576607E-1,2.0298177E-1,1E0,1.0177206E-1,7.0736384E-1,1.1437989E-2,4.6537783E-2,-3.9247897E-2,-9.954072E-3,3.048008E-1,8.0780274E-1,-4.5822146E-3,-1.0243733E-3,1.3061523E-3,5.1574707E-3],"split_indices":[0,0,0,0,0,0,0,0,0,0,0,0,0,0,0],"split_type":[0,0,0,0,0,0,0,0,0,0,0,0,0,0,0],"sum_hessian":[9E0,7E0,2E0,2E0,5E0,1E0,1E0,1E0,1E0,3E0,2E0,1E0,2E0,1E0,1E0],"tree_param":{"num_deleted":"0","num_feature":"2","num_nodes":"15","size_leaf_vector":"1"}},{"base_weights":[1.7373657E-2,-1.15974426E-1,3.6717734E-1,-3.11615E-1,1.1749268E-3,1.0865784E-2,4.4210818E-2,-3.7285615E-2,-9.4566345E-3,-2.8938293E-2,4.0934246E-2,-4.353333E-3,-9.5621747E-4,1.2405396E-3,4.8995973E-3],"categories":[],"categories_nodes":[],"categories_segments":[],"categories_sizes":[],"default_left":[0,0,0,0,0,0,0,0,0,0,0,0,0,0,0],"id":83,"left_children":[1,3,5,7,9,-1,-1,-1,-1,11,13,-1,-1,-1,-1],"loss_changes":[5.090397E-1,1.8371946E-1,1.0074735E-2,4.617274E-3,8.368254E-3,0E0,0E0,0E0,0E0,7.149072E-4,8.216081E-5,0E0,0E0,0E0,0E0],"parents":[2147483647,0,0,1,1,2,2,3,3,4,4,9,9,10,10],"right_children":[2,4,6,8,10,-1,-1,-1,-1,12,14,-1,-1,-1,-1],"split_conditions":[9.0576607E-1,2.0298177E-1,1E0,1.0177206E-1,7.0736384E-1,1.0865784E-2,4.4210818E-2,-3.7285615E-2,-9.4566345E-3,3.048008E-1,8.0780274E-1,-4.353333E-3,-9.5621747E-4,1.2405396E-3,4.8995973E-3],"split_indices":[0,0,0,0,0,0,0,0,0,0,0,0,0,0,0],"split_type":[0,0,0,0,0,0,0,0,0,0,0,0,0,0,0],"sum_hessian":[9E0,7E0,2E0,2E0,5E0,1E0,1E0,1E0,1E0,3E0,2E0,1E0,2E0,1E0,1E0],"tree_param":{"num_deleted":"0","num_feature":"2","num_nodes":"15","size_leaf_vector":"1"}},{"base_weights":[1.655426E-2,-1.10113144E-1,3.4881592E-1,-2.9603067E-1,1.1978149E-3,1.0322571E-2,4.1999817E-2,-3.542099E-2,-8.983612E-3,-2.7370453E-2,3.888957E-2,-4.135895E-3,-8.921306E-4,1.1787415E-3,4.654694E-3],"categories":[],"categories_nodes":[],"categories_segments":[],"categories_sizes":[],"default_left":[0,0,0,0,0,0,0,0,0,0,0,0,0,0,0],"id":84,"left_children":[1,3,5,7,9,-1,-1,-1,-1,11,13,-1,-1,-1,-1],"loss_changes":[4.5927644E-1,1.6591188E-1,9.090364E-3,4.167855E-3,7.5251535E-3,0E0,0E0,0E0,0E0,6.633273E-4,7.3925126E-5,0E0,0E0,0E0,0E0],"parents":[2147483647,0,0,1,1,2,2,3,3,4,4,9,9,10,10],"right_children":[2,4,6,8,10,-1,-1,-1,-1,12,14,-1,-1,-1,-1],"split_conditions":[9.0576607E-1,2.0298177E-1,1E0,1.0177206E-1,7.0736384E-1,1.0322571E-2,4.1999817E-2,-3.542099E-2,-8.983612E-3,3.048008E-1,8.0780274E-1,-4.135895E-3,-8.921306E-4,1.1787415E-3,4.654694E-3],"split_indices":[0,0,0,0,0,0,0,0,0,0,0,0,0,0,0],"split_type":[0,0,0,0,0,0,0,0,0,0,0,0,0,0,0],"sum_hessian":[9E0,7E0,2E0,2E0,5E0,1E0,1E0,1E0,1E0,3E0,2E0,1E0,2E0,1E0,1E0],"tree_param":{"num_deleted":"0","num_feature":"2","num_nodes":"15","size_leaf_vector":"1"}},{"base_weights":[1.5771484E-2,-1.0455322E-1,3.3138022E-1,-2.8122965E-1,1.2105306E-3,9.806824E-3,3.990021E-2,-3.365021E-2,-8.534241E-3,-2.5894165E-2,3.6946613E-2,-3.929138E-3,-8.331299E-4,1.1199951E-3,4.4219973E-3],"categories":[],"categories_nodes":[],"categories_segments":[],"categories_sizes":[],"default_left":[0,0,0,0,0,0,0,0,0,0,0,0,0,0,0],"id":85,"left_children":[1,3,5,7,9,-1,-1,-1,-1,11,13,-1,-1,-1,-1],"loss_changes":[4.1440216E-1,1.4982814E-1,8.20151E-3,3.7635863E-3,6.768396E-3,0E0,0E0,0E0,0E0,6.1382586E-4,6.653229E-5,0E0,0E0,0E0,0E0],"parents":[2147483647,0,0,1,1,2,2,3,3,4,4,9,9,10,10],"right_children":[2,4,6,8,10,-1,-1,-1,-1,12,14,-1,-1,-1,-1],"split_conditions":[9.0576607E-1,2.0298177E-1,1E0,1.0177206E-1,7.0736384E-1,9.806824E-3,3.990021E-2,-3.365021E-2,-8.534241E-3,3.048008E-1,8.0780274E-1,-3.929138E-3,-8.331299E-4,1.1199951E-3,4.4219973E-3],"split_indices":[0,0,0,0,0,0,0,0,0,0,0,0,0,0,0],"split_type":[0,0,0,0,0,0,0,0,0,0,0,0,0,0,0],"sum_hessian":[9E0,7E0,2E0,2E0,5E0,1E0,1E0,1E0,1E0,3E0,2E0,1E0,2E0,1E0,1E0],"tree_param":{"num_deleted":"0","num_feature":"2","num_nodes":"15","size_leaf_vector":"1"}},{"base_weights":[1.5028382E-2,-9.9271774E-2,3.1481934E-1,-2.6717123E-1,1.2232462E-3,9.317017E-3,3.7905883E-2,-3.1967927E-2,-8.107758E-3,-2.4490356E-2,3.51003E-2,-3.7323E-3,-7.77181E-3,1.0643005E-3,4.200745E-3,-9.3460083E-4,-2.3117066E-4],"categories":[],"categories_nodes":[],"categories_segments":[],"categories_sizes":[],"default_left":[0,0,0,0,0,0,0,0,0,0,0,0,0,0,0,0,0],"id":86,"left_children":[1,3,5,7,9,-1,-1,-1,-1,11,13,-1,15,-1,-1,-1,-1],"loss_changes":[3.739142E-1,1.3531129E-1,7.398963E-3,3.3954233E-3,6.0862256E-3,0E0,0E0,0E0,0E0,5.6810514E-4,5.9704762E-5,0E0,4.1806343E-6,0E0,0E0,0E0,0E0],"parents":[2147483647,0,0,1,1,2,2,3,3,4,4,9,9,10,10,12,12],"right_children":[2,4,6,8,10,-1,-1,-1,-1,12,14,-1,16,-1,-1,-1,-1],"split_conditions":[9.0576607E-1,2.0298177E-1,1E0,1.0177206E-1,7.0736384E-1,9.317017E-3,3.7905883E-2,-3.1967927E-2,-8.107758E-3,3.048008E-1,8.0780274E-1,-3.7323E-3,5.0282866E-1,1.0643005E-3,4.200745E-3,-9.3460083E-4,-2.3117066E-4],"split_indices":[0,0,0,0,0,0,0,0,0,0,0,0,0,0,0,0,0],"split_type":[0,0,0,0,0,0,0,0,0,0,0,0,0,0,0,0,0],"sum_hessian":[9E0,7E0,2E0,2E0,5E0,1E0,1E0,1E0,1E0,3E0,2E0,1E0,2E0,1E0,1E0,1E0,1E0],"tree_param":{"num_deleted":"0","num_feature":"2","num_nodes":"17","size_leaf_vector":"1"}},{"base_weights":[1.4277649E-2,-9.430885E-2,2.9908243E-1,-2.538147E-1,1.1622111E-3,8.851624E-3,3.6010742E-2,-3.0369569E-2,-7.702637E-3,-2.3265839E-2,3.334554E-2,-3.5453797E-3,-7.385254E-3,1.0108948E-3,3.9909366E-3,-8.8806154E-4,-2.1972657E-4],"categories":[],"categories_nodes":[],"categories_segments":[],"categories_sizes":[],"default_left":[0,0,0,0,0,0,0,0,0,0,0,0,0,0,0,0,0],"id":87,"left_children":[1,3,5,7,9,-1,-1,-1,-1,11,13,-1,15,-1,-1,-1,-1],"loss_changes":[3.374657E-1,1.2212052E-1,6.6740215E-3,3.0625612E-3,5.492868E-3,0E0,0E0,0E0,0E0,5.1237224E-4,5.4120785E-5,0E0,3.7606806E-6,0E0,0E0,0E0,0E0],"parents":[2147483647,0,0,1,1,2,2,3,3,4,4,9,9,10,10,12,12],"right_children":[2,4,6,8,10,-1,-1,-1,-1,12,14,-1,16,-1,-1,-1,-1],"split_conditions":[9.0576607E-1,2.0298177E-1,1E0,1.0177206E-1,7.0736384E-1,8.851624E-3,3.6010742E-2,-3.0369569E-2,-7.702637E-3,3.048008E-1,8.0780274E-1,-3.5453797E-3,5.0282866E-1,1.0108948E-3,3.9909366E-3,-8.8806154E-4,-2.1972657E-4],"split_indices":[0,0,0,0,0,0,0,0,0,0,0,0,0,0,0,0,0],"split_type":[0,0,0,0,0,0,0,0,0,0,0,0,0,0,0,0,0],"sum_hessian":[9E0,7E0,2E0,2E0,5E0,1E0,1E0,1E0,1E0,3E0,2E0,1E0,2E0,1E0,1E0,1E0,1E0],"tree_param":{"num_deleted":"0","num_feature":"2","num_nodes":"17","size_leaf_vector":"1"}},{"base_weights":[1.35620115E-2,-8.9595795E-2,2.8412881E-1,-2.4112447E-1,1.1011759E-3,8.409119E-3,3.4210205E-2,-2.885132E-2,-7.3173526E-3,-2.210617E-2,3.1677246E-2,-3.3683777E-3,-7.019043E-3,9.605408E-4,3.791046E-3,-8.43811E-4,-2.090454E-4],"categories":[],"categories_nodes":[],"categories_segments":[],"categories_sizes":[],"default_left":[0,0,0,0,0,0,0,0,0,0,0,0,0,0,0,0,0],"id":88,"left_children":[1,3,5,7,9,-1,-1,-1,-1,11,13,-1,15,-1,-1,-1,-1],"loss_changes":[3.0456752E-1,1.1021106E-1,6.0227215E-3,2.7654022E-3,4.9577993E-3,0E0,0E0,0E0,0E0,4.6226336E-4,4.8589893E-5,0E0,3.3425167E-6,0E0,0E0,0E0,0E0],"parents":[2147483647,0,0,1,1,2,2,3,3,4,4,9,9,10,10,12,12],"right_children":[2,4,6,8,10,-1,-1,-1,-1,12,14,-1,16,-1,-1,-1,-1],"split_conditions":[9.0576607E-1,2.0298177E-1,1E0,1.0177206E-1,7.0736384E-1,8.409119E-3,3.4210205E-2,-2.885132E-2,-7.3173526E-3,3.048008E-1,8.0780274E-1,-3.3683777E-3,5.0282866E-1,9.605408E-4,3.791046E-3,-8.43811E-4,-2.090454E-4],"split_indices":[0,0,0,0,0,0,0,0,0,0,0,0,0,0,0,0,0],"split_type":[0,0,0,0,0,0,0,0,0,0,0,0,0,0,0,0,0],"sum_hessian":[9E0,7E0,2E0,2E0,5E0,1E0,1E0,1E0,1E0,3E0,2E0,1E0,2E0,1E0,1E0,1E0,1E0],"tree_param":{"num_deleted":"0","num_feature":"2","num_nodes":"17","size_leaf_vector":"1"}},{"base_weights":[1.2884522E-2,-8.5113525E-2,2.6991782E-1,-2.2906494E-1,1.0477701E-3,7.987976E-3,3.2499697E-2,-2.74086E-2,-6.9511416E-3,-2.0999908E-2,3.0095419E-2,-3.199768E-3,-6.668091E-3,9.124756E-4,3.6018372E-3,-8.0184935E-4,-1.9836426E-4],"categories":[],"categories_nodes":[],"categories_segments":[],"categories_sizes":[],"default_left":[0,0,0,0,0,0,0,0,0,0,0,0,0,0,0,0,0],"id":89,"left_children":[1,3,5,7,9,-1,-1,-1,-1,11,13,-1,15,-1,-1,-1,-1],"loss_changes":[2.7486128E-1,9.9464335E-2,5.440697E-3,2.497688E-3,4.4746003E-3,0E0,0E0,0E0,0E0,4.1710888E-4,4.3965876E-5,0E0,3.071851E-6,0E0,0E0,0E0,0E0],"parents":[2147483647,0,0,1,1,2,2,3,3,4,4,9,9,10,10,12,12],"right_children":[2,4,6,8,10,-1,-1,-1,-1,12,14,-1,16,-1,-1,-1,-1],"split_conditions":[9.0576607E-1,2.0298177E-1,1E0,1.0177206E-1,7.0736384E-1,7.987976E-3,3.2499697E-2,-2.74086E-2,-6.9511416E-3,3.048008E-1,8.0780274E-1,-3.199768E-3,5.0282866E-1,9.124756E-4,3.6018372E-3,-8.0184935E-4,-1.9836426E-4],"split_indices":[0,0,0,0,0,0,0,0,0,0,0,0,0,0,0,0,0],"split_type":[0,0,0,0,0,0,0,0,0,0,0,0,0,0,0,0,0],"sum_hessian":[9E0,7E0,2E0,2E0,5E0,1E0,1E0,1E0,1E0,3E0,2E0,1E0,2E0,1E0,1E0,1E0,1E0],"tree_param":{"num_deleted":"0","num_feature":"2","num_nodes":"17","size_leaf_vector":"1"}},{"base_weights":[1.2240601E-2,-8.085632E-2,2.5641885E-1,-2.1761067E-1,9.969076E-4,7.588196E-3,3.0874634E-2,-2.6038362E-2,-6.603241E-3,-1.9947052E-2,2.8589884E-2,-3.0395507E-3,-6.3323975E-3,8.666992E-4,3.4217834E-3,-7.614136E-4,-1.8844605E-4],"categories":[],"categories_nodes":[],"categories_segments":[],"categories_sizes":[],"default_left":[0,0,0,0,0,0,0,0,0,0,0,0,0,0,0,0,0],"id":90,"left_children":[1,3,5,7,9,-1,-1,-1,-1,11,13,-1,15,-1,-1,-1,-1],"loss_changes":[2.4805553E-1,8.976722E-2,4.9128383E-3,2.2565871E-3,4.037721E-3,0E0,0E0,0E0,0E0,3.765321E-4,3.9809383E-5,0E0,2.7547358E-6,0E0,0E0,0E0,0E0],"parents":[2147483647,0,0,1,1,2,2,3,3,4,4,9,9,10,10,12,12],"right_children":[2,4,6,8,10,-1,-1,-1,-1,12,14,-1,16,-1,-1,-1,-1],"split_conditions":[9.0576607E-1,2.0298177E-1,1E0,1.0177206E-1,7.0736384E-1,7.588196E-3,3.0874634E-2,-2.6038362E-2,-6.603241E-3,3.048008E-1,8.0780274E-1,-3.0395507E-3,5.0282866E-1,8.666992E-4,3.4217834E-3,-7.614136E-4,-1.8844605E-4],"split_indices":[0,0,0,0,0,0,0,0,0,0,0,0,0,0,0,0,0],"split_type":[0,0,0,0,0,0,0,0,0,0,0,0,0,0,0,0,0],"sum_hessian":[9E0,7E0,2E0,2E0,5E0,1E0,1E0,1E0,1E0,3E0,2E0,1E0,2E0,1E0,1E0,1E0,1E0],"tree_param":{"num_deleted":"0","num_feature":"2","num_nodes":"17","size_leaf_vector":"1"}},{"base_weights":[1.1625672E-2,-7.681465E-2,2.4359131E-1,-2.0673116E-1,9.460449E-4,7.208252E-3,2.9330445E-2,-2.4736786E-2,-6.2728883E-3,-1.8951416E-2,2.7160645E-2,-2.8877258E-3,-6.0170493E-3,8.232117E-4,3.250885E-3,-7.232666E-4,-1.7929077E-4],"categories":[],"categories_nodes":[],"categories_segments":[],"categories_sizes":[],"default_left":[0,0,0,0,0,0,0,0,0,0,0,0,0,0,0,0,0],"id":91,"left_children":[1,3,5,7,9,-1,-1,-1,-1,11,13,-1,15,-1,-1,-1,-1],"loss_changes":[2.2386254E-1,8.101475E-2,4.436597E-3,2.0382255E-3,3.6443565E-3,0E0,0E0,0E0,0E0,3.397821E-4,3.6084093E-5,0E0,2.4373076E-6,0E0,0E0,0E0,0E0],"parents":[2147483647,0,0,1,1,2,2,3,3,4,4,9,9,10,10,12,12],"right_children":[2,4,6,8,10,-1,-1,-1,-1,12,14,-1,16,-1,-1,-1,-1],"split_conditions":[9.0576607E-1,2.0298177E-1,1E0,1.0177206E-1,7.0736384E-1,7.208252E-3,2.9330445E-2,-2.4736786E-2,-6.2728883E-3,3.048008E-1,8.0780274E-1,-2.8877258E-3,5.0282866E-1,8.232117E-4,3.250885E-3,-7.232666E-4,-1.7929077E-4],"split_indices":[0,0,0,0,0,0,0,0,0,0,0,0,0,0,0,0,0],"split_type":[0,0,0,0,0,0,0,0,0,0,0,0,0,0,0,0,0],"sum_hessian":[9E0,7E0,2E0,2E0,5E0,1E0,1E0,1E0,1E0,3E0,2E0,1E0,2E0,1E0,1E0,1E0,1E0],"tree_param":{"num_deleted":"0","num_feature":"2","num_nodes":"17","size_leaf_vector":"1"}},{"base_weights":[1.1044311E-2,-7.297516E-2,2.314148E-1,-1.9639587E-1,8.977254E-4,6.848145E-3,2.7864074E-2,-2.350006E-2,-5.9593203E-3,-1.8005371E-2,2.5802612E-2,-2.7435303E-3,-5.7169595E-3,7.8201294E-4,3.088379E-3,-6.8740844E-4,-1.701355E-4],"categories":[],"categories_nodes":[],"categories_segments":[],"categories_sizes":[],"default_left":[0,0,0,0,0,0,0,0,0,0,0,0,0,0,0,0,0],"id":92,"left_children":[1,3,5,7,9,-1,-1,-1,-1,11,13,-1,15,-1,-1,-1,-1],"loss_changes":[2.0204164E-1,7.3115855E-2,4.0023327E-3,1.8392578E-3,3.2892625E-3,0E0,0E0,0E0,0E0,3.0666904E-4,3.260118E-5,0E0,2.2444074E-6,0E0,0E0,0E0,0E0],"parents":[2147483647,0,0,1,1,2,2,3,3,4,4,9,9,10,10,12,12],"right_children":[2,4,6,8,10,-1,-1,-1,-1,12,14,-1,16,-1,-1,-1,-1],"split_conditions":[9.0576607E-1,2.0298177E-1,1E0,1.0177206E-1,7.0736384E-1,6.848145E-3,2.7864074E-2,-2.350006E-2,-5.9593203E-3,3.048008E-1,8.0780274E-1,-2.7435303E-3,5.0282866E-1,7.8201294E-4,3.088379E-3,-6.8740844E-4,-1.701355E-4],"split_indices":[0,0,0,0,0,0,0,0,0,0,0,0,0,0,0,0,0],"split_type":[0,0,0,0,0,0,0,0,0,0,0,0,0,0,0,0,0],"sum_hessian":[9E0,7E0,2E0,2E0,5E0,1E0,1E0,1E0,1E0,3E0,2E0,1E0,2E0,1E0,1E0,1E0,1E0],"tree_param":{"num_deleted":"0","num_feature":"2","num_nodes":"17","size_leaf_vector":"1"}},{"base_weights":[1.0494995E-2,-6.932449E-2,2.1984863E-1,-1.865743E-1,8.544922E-4,6.5063476E-3,2.6470948E-2,-2.2325134E-2,-5.6610107E-3,-1.7105103E-2,2.4515787E-2,-2.6062012E-3,-5.432129E-3,7.4310304E-4,2.9342652E-3,-6.5307616E-4,-1.6174317E-4],"categories":[],"categories_nodes":[],"categories_segments":[],"categories_sizes":[],"default_left":[0,0,0,0,0,0,0,0,0,0,0,0,0,0,0,0,0],"id":93,"left_children":[1,3,5,7,9,-1,-1,-1,-1,11,13,-1,15,-1,-1,-1,-1],"loss_changes":[1.823459E-1,6.598721E-2,3.6084503E-3,1.6618222E-3,2.969029E-3,0E0,0E0,0E0,0E0,2.7664285E-4,2.9351213E-5,0E0,2.0097941E-6,0E0,0E0,0E0,0E0],"parents":[2147483647,0,0,1,1,2,2,3,3,4,4,9,9,10,10,12,12],"right_children":[2,4,6,8,10,-1,-1,-1,-1,12,14,-1,16,-1,-1,-1,-1],"split_conditions":[9.0576607E-1,2.0298177E-1,1E0,1.0177206E-1,7.0736384E-1,6.5063476E-3,2.6470948E-2,-2.2325134E-2,-5.6610107E-3,3.048008E-1,8.0780274E-1,-2.6062012E-3,5.0282866E-1,7.4310304E-4,2.9342652E-3,-6.5307616E-4,-1.6174317E-4],"split_indices":[0,0,0,0,0,0,0,0,0,0,0,0,0,0,0,0,0],"split_type":[0,0,0,0,0,0,0,0,0,0,0,0,0,0,0,0,0],"sum_hessian":[9E0,7E0,2E0,2E0,5E0,1E0,1E0,1E0,1E0,3E0,2E0,1E0,2E0,1E0,1E0,1E0,1E0],"tree_param":{"num_deleted":"0","num_feature":"2","num_nodes":"17","size_leaf_vector":"1"}},{"base_weights":[9.973144E-3,-6.585693E-2,2.088623E-1,-1.772461E-1,8.1380206E-4,6.1813355E-3,2.514801E-2,-2.1208955E-2,-5.3779604E-3,-1.6246796E-2,2.3289999E-2,-2.4757385E-3,-5.1574707E-3,7.05719E-4,2.7877807E-3,-6.202698E-4,-1.5335083E-4],"categories":[],"categories_nodes":[],"categories_segments":[],"categories_sizes":[],"default_left":[0,0,0,0,0,0,0,0,0,0,0,0,0,0,0,0,0],"id":94,"left_children":[1,3,5,7,9,-1,-1,-1,-1,11,13,-1,15,-1,-1,-1,-1],"loss_changes":[1.6457283E-1,5.955542E-2,3.255874E-3,1.4998987E-3,2.6791317E-3,0E0,0E0,0E0,0E0,2.4982134E-4,2.668018E-5,0E0,1.8517021E-6,0E0,0E0,0E0,0E0],"parents":[2147483647,0,0,1,1,2,2,3,3,4,4,9,9,10,10,12,12],"right_children":[2,4,6,8,10,-1,-1,-1,-1,12,14,-1,16,-1,-1,-1,-1],"split_conditions":[9.0576607E-1,2.0298177E-1,1E0,1.0177206E-1,7.0736384E-1,6.1813355E-3,2.514801E-2,-2.1208955E-2,-5.3779604E-3,3.048008E-1,8.0780274E-1,-2.4757385E-3,5.0282866E-1,7.05719E-4,2.7877807E-3,-6.202698E-4,-1.5335083E-4],"split_indices":[0,0,0,0,0,0,0,0,0,0,0,0,0,0,0,0,0],"split_type":[0,0,0,0,0,0,0,0,0,0,0,0,0,0,0,0,0],"sum_hessian":[9E0,7E0,2E0,2E0,5E0,1E0,1E0,1E0,1E0,3E0,2E0,1E0,2E0,1E0,1E0,1E0,1E0],"tree_param":{"num_deleted":"0","num_feature":"2","num_nodes":"17","size_leaf_vector":"1"}},{"base_weights":[9.472656E-3,-6.256485E-2,1.9841512E-1,-1.6838582E-1,7.73112E-4,5.8715823E-3,2.3890687E-2,-2.014847E-2,-5.1094056E-3,-1.5434265E-2,2.2125244E-2,-2.3521425E-3,-4.8980713E-3,6.706238E-4,2.648163E-3,-5.889893E-4,-1.4572144E-4],"categories":[],"categories_nodes":[],"categories_segments":[],"categories_sizes":[],"default_left":[0,0,0,0,0,0,0,0,0,0,0,0,0,0,0,0,0],"id":95,"left_children":[1,3,5,7,9,-1,-1,-1,-1,11,13,-1,15,-1,-1,-1,-1],"loss_changes":[1.4852324E-1,5.3750064E-2,2.9423907E-3,1.3519898E-3,2.4178592E-3,0E0,0E0,0E0,0E0,2.2562186E-4,2.3921253E-5,0E0,1.6553095E-6,0E0,0E0,0E0,0E0],"parents":[2147483647,0,0,1,1,2,2,3,3,4,4,9,9,10,10,12,12],"right_children":[2,4,6,8,10,-1,-1,-1,-1,12,14,-1,16,-1,-1,-1,-1],"split_conditions":[9.0576607E-1,2.0298177E-1,1E0,1.0177206E-1,7.0736384E-1,5.8715823E-3,2.3890687E-2,-2.014847E-2,-5.1094056E-3,3.048008E-1,8.0780274E-1,-2.3521425E-3,5.0282866E-1,6.706238E-4,2.648163E-3,-5.889893E-4,-1.4572144E-4],"split_indices":[0,0,0,0,0,0,0,0,0,0,0,0,0,0,0,0,0],"split_type":[0,0,0,0,0,0,0,0,0,0,0,0,0,0,0,0,0],"sum_hessian":[9E0,7E0,2E0,2E0,5E0,1E0,1E0,1E0,1E0,3E0,2E0,1E0,2E0,1E0,1E0,1E0,1E0],"tree_param":{"num_deleted":"0","num_feature":"2","num_nodes":"17","size_leaf_vector":"1"}},{"base_weights":[8.999634E-3,-5.9436798E-2,1.884969E-1,-1.5996806E-1,7.34965E-4,5.5786134E-3,2.2695923E-2,-1.9141389E-2,-4.853821E-3,-1.4659882E-2,2.101644E-2,-2.2346496E-3,-4.6488442E-3,6.3705444E-4,2.5154115E-3,-5.5923464E-4,-1.3809204E-4],"categories":[],"categories_nodes":[],"categories_segments":[],"categories_sizes":[],"default_left":[0,0,0,0,0,0,0,0,0,0,0,0,0,0,0,0,0],"id":96,"left_children":[1,3,5,7,9,-1,-1,-1,-1,11,13,-1,15,-1,-1,-1,-1],"loss_changes":[1.3404518E-1,4.8510715E-2,2.651915E-3,1.2211278E-3,2.1814797E-3,0E0,0E0,0E0,0E0,2.0391861E-4,2.1554413E-5,0E0,1.527289E-6,0E0,0E0,0E0,0E0],"parents":[2147483647,0,0,1,1,2,2,3,3,4,4,9,9,10,10,12,12],"right_children":[2,4,6,8,10,-1,-1,-1,-1,12,14,-1,16,-1,-1,-1,-1],"split_conditions":[9.0576607E-1,2.0298177E-1,1E0,1.0177206E-1,7.0736384E-1,5.5786134E-3,2.2695923E-2,-1.9141389E-2,-4.853821E-3,3.048008E-1,8.0780274E-1,-2.2346496E-3,5.0282866E-1,6.3705444E-4,2.5154115E-3,-5.5923464E-4,-1.3809204E-4],"split_indices":[0,0,0,0,0,0,0,0,0,0,0,0,0,0,0,0,0],"split_type":[0,0,0,0,0,0,0,0,0,0,0,0,0,0,0,0,0],"sum_hessian":[9E0,7E0,2E0,2E0,5E0,1E0,1E0,1E0,1E0,3E0,2E0,1E0,2E0,1E0,1E0,1E0,1E0],"tree_param":{"num_deleted":"0","num_feature":"2","num_nodes":"17","size_leaf_vector":"1"}},{"base_weights":[8.546447E-3,-5.6467056E-2,1.7906697E-1,-1.5197246E-1,6.9681805E-4,5.2993777E-3,2.1560669E-2,-1.8184662E-2,-4.6112062E-3,-1.392746E-2,1.9963583E-2,-2.1232606E-3,-4.4148765E-3,6.05011E-4,2.3895265E-3,-5.3100585E-4,-1.3122559E-4],"categories":[],"categories_nodes":[],"categories_segments":[],"categories_sizes":[],"default_left":[0,0,0,0,0,0,0,0,0,0,0,0,0,0,0,0,0],"id":97,"left_children":[1,3,5,7,9,-1,-1,-1,-1,11,13,-1,15,-1,-1,-1,-1],"loss_changes":[1.2097275E-1,4.3781564E-2,2.3942217E-3,1.1021495E-3,1.968617E-3,0E0,0E0,0E0,0E0,1.8422387E-4,1.954101E-5,0E0,1.3640783E-6,0E0,0E0,0E0,0E0],"parents":[2147483647,0,0,1,1,2,2,3,3,4,4,9,9,10,10,12,12],"right_children":[2,4,6,8,10,-1,-1,-1,-1,12,14,-1,16,-1,-1,-1,-1],"split_conditions":[9.0576607E-1,2.0298177E-1,1E0,1.0177206E-1,7.0736384E-1,5.2993777E-3,2.1560669E-2,-1.8184662E-2,-4.6112062E-3,3.048008E-1,8.0780274E-1,-2.1232606E-3,5.0282866E-1,6.05011E-4,2.3895265E-3,-5.3100585E-4,-1.3122559E-4],"split_indices":[0,0,0,0,0,0,0,0,0,0,0,0,0,0,0,0,0],"split_type":[0,0,0,0,0,0,0,0,0,0,0,0,0,0,0,0,0],"sum_hessian":[9E0,7E0,2E0,2E0,5E0,1E0,1E0,1E0,1E0,3E0,2E0,1E0,2E0,1E0,1E0,1E0,1E0],"tree_param":{"num_deleted":"0","num_feature":"2","num_nodes":"17","size_leaf_vector":"1"}},{"base_weights":[8.119201E-3,-5.364418E-2,1.7011516E-1,-1.4437358E-1,6.612142E-4,5.0338744E-3,2.0483399E-2,-1.7275238E-2,-4.3807984E-3,-1.322937E-2,1.8961588E-2,-2.0172119E-3,-4.1910806E-3,5.7449343E-4,2.2697449E-3,-5.0430297E-4,-1.2435914E-4],"categories":[],"categories_nodes":[],"categories_segments":[],"categories_sizes":[],"default_left":[0,0,0,0,0,0,0,0,0,0,0,0,0,0,0,0,0],"id":98,"left_children":[1,3,5,7,9,-1,-1,-1,-1,11,13,-1,15,-1,-1,-1,-1],"loss_changes":[1.0917987E-1,3.9512224E-2,2.1644086E-3,9.938627E-4,1.7760673E-3,0E0,0E0,0E0,0E0,1.664593E-4,1.7731334E-5,0E0,1.2618657E-6,0E0,0E0,0E0,0E0],"parents":[2147483647,0,0,1,1,2,2,3,3,4,4,9,9,10,10,12,12],"right_children":[2,4,6,8,10,-1,-1,-1,-1,12,14,-1,16,-1,-1,-1,-1],"split_conditions":[9.0576607E-1,2.0298177E-1,1E0,1.0177206E-1,7.0736384E-1,5.0338744E-3,2.0483399E-2,-1.7275238E-2,-4.3807984E-3,3.048008E-1,8.0780274E-1,-2.0172119E-3,5.0282866E-1,5.7449343E-4,2.2697449E-3,-5.0430297E-4,-1.2435914E-4],"split_indices":[0,0,0,0,0,0,0,0,0,0,0,0,0,0,0,0,0],"split_type":[0,0,0,0,0,0,0,0,0,0,0,0,0,0,0,0,0],"sum_hessian":[9E0,7E0,2E0,2E0,5E0,1E0,1E0,1E0,1E0,3E0,2E0,1E0,2E0,1E0,1E0,1E0,1E0],"tree_param":{"num_deleted":"0","num_feature":"2","num_nodes":"17","size_leaf_vector":"1"}},{"base_weights":[7.711792E-3,-5.0964355E-2,1.6161092E-1,-1.3715617E-1,6.2561035E-4,4.7821044E-3,1.9459534E-2,-1.6411591E-2,-4.1618347E-3,-1.25694275E-2,1.8010458E-2,-1.9165039E-3,-3.982544E-3,5.455017E-4,2.156067E-3,-4.7912597E-4,-1.18255615E-4],"categories":[],"categories_nodes":[],"categories_segments":[],"categories_sizes":[],"default_left":[0,0,0,0,0,0,0,0,0,0,0,0,0,0,0,0,0],"id":99,"left_children":[1,3,5,7,9,-1,-1,-1,-1,11,13,-1,15,-1,-1,-1,-1],"loss_changes":[9.853847E-2,3.565887E-2,1.9541234E-3,8.9678913E-4,1.6027434E-3,0E0,0E0,0E0,0E0,1.5021738E-4,1.610961E-5,0E0,1.1272496E-6,0E0,0E0,0E0,0E0],"parents":[2147483647,0,0,1,1,2,2,3,3,4,4,9,9,10,10,12,12],"right_children":[2,4,6,8,10,-1,-1,-1,-1,12,14,-1,16,-1,-1,-1,-1],"split_conditions":[9.0576607E-1,2.0298177E-1,1E0,1.0177206E-1,7.0736384E-1,4.7821044E-3,1.9459534E-2,-1.6411591E-2,-4.1618347E-3,3.048008E-1,8.0780274E-1,-1.9165039E-3,5.0282866E-1,5.455017E-4,2.156067E-3,-4.7912597E-4,-1.18255615E-4],"split_indices":[0,0,0,0,0,0,0,0,0,0,0,0,0,0,0,0,0],"split_type":[0,0,0,0,0,0,0,0,0,0,0,0,0,0,0,0,0],"sum_hessian":[9E0,7E0,2E0,2E0,5E0,1E0,1E0,1E0,1E0,3E0,2E0,1E0,2E0,1E0,1E0,1E0,1E0],"tree_param":{"num_deleted":"0","num_feature":"2","num_nodes":"17","size_leaf_vector":"1"}}]},"name":"gbtree"},"learner_model_param":{"base_score":"2.1555556E2","boost_from_average":"1","num_class":"0","num_feature":"2","num_target":"1"},"objective":{"name":"reg:squarederror","reg_loss_param":{"scale_pos_weight":"1"}}},"version":[2,0,1]}