{"learner":{"attributes":{"scikit_learn":"{\"_estimator_type\": \"regressor\"}"},"feature_names":[],"feature_types":[],"gradient_booster":{"model":{"gbtree_model_param":{"num_parallel_tree":"1","num_trees":"100"},"iteration_indptr":[0,1,2,3,4,5,6,7,8,9,10,11,12,13,14,15,16,17,18,19,20,21,22,23,24,25,26,27,28,29,30,31,32,33,34,35,36,37,38,39,40,41,42,43,44,45,46,47,48,49,50,51,52,53,54,55,56,57,58,59,60,61,62,63,64,65,66,67,68,69,70,71,72,73,74,75,76,77,78,79,80,81,82,83,84,85,86,87,88,89,90,91,92,93,94,95,96,97,98,99,100],"tree_info":[0,0,0,0,0,0,0,0,0,0,0,0,0,0,0,0,0,0,0,0,0,0,0,0,0,0,0,0,0,0,0,0,0,0,0,0,0,0,0,0,0,0,0,0,0,0,0,0,0,0,0,0,0,0,0,0,0,0,0,0,0,0,0,0,0,0,0,0,0,0,0,0,0,0,0,0,0,0,0,0,0,0,0,0,0,0,0,0,0,0,0,0,0,0,0,0,0,0,0,0],"trees":[{"base_weights":[-1.5258789E-6,-3.1200004E0,2.6E1,4E-1,2.96E0],"categories":[],"categories_nodes":[],"categories_segments":[],"categories_sizes":[],"default_left":[0,0,0,0,0],"id":0,"left_children":[1,-1,3,-1,-1],"loss_changes":[8.923201E3,0E0,3.567998E2,0E0,0E0],"parents":[2147483647,0,0,2,2],"right_children":[2,-1,4,-1,-1],"split_conditions":[6.020384E-1,-3.1200004E0,7.027601E-1,4E-1,2.96E0],"split_indices":[0,0,0,0,0],"split_type":[0,0,0,0,0],"sum_hessian":[9E0,4E0,5E0,1E0,4E0],"tree_param":{"num_deleted":"0","num_feature":"2","num_nodes":"5","size_leaf_vector":"1"}},{"base_weights":[2.3999786E-2,-2.8704002E0,2.3960001E1,3.7999994E-1,2.7232E0],"categories":[],"categories_nodes":[],"categories_segments":[],"categories_sizes":[],"default_left":[0,0,0,0,0],"id":1,"left_children":[1,-1,3,-1,-1],"loss_changes":[7.564082E3,0E0,2.922998E2,0E0,0E0],"parents":[2147483647,0,0,2,2],"right_children":[2,-1,4,-1,-1],"split_conditions":[6.020384E-1,-2.8704002E0,7.027601E-1,3.7999994E-1,2.7232E0],"split_indices":[0,0,0,0,0],"split_type":[0,0,0,0,0],"sum_hessian":[9E0,4E0,5E0,1E0,4E0],"tree_param":{"num_deleted":"0","num_feature":"2","num_nodes":"5","size_leaf_vector":"1"}},{"base_weights":[4.4880677E-2,-2.640768E0,2.2081202E1,3.6100006E-1,2.5053442E0],"categories":[],"categories_nodes":[],"categories_segments":[],"categories_sizes":[],"default_left":[0,0,0,0,0],"id":2,"left_children":[1,-1,3,-1,-1],"loss_changes":[6.4122847E3,0E0,2.3896216E2,0E0,0E0],"parents":[2147483647,0,0,2,2],"right_children":[2,-1,4,-1,-1],"split_conditions":[6.020384E-1,-2.640768E0,7.027601E-1,3.6100006E-1,2.5053442E0],"split_indices":[0,0,0,0,0],"split_type":[0,0,0,0,0],"sum_hessian":[9E0,4E0,5E0,1E0,4E0],"tree_param":{"num_deleted":"0","num_feature":"2","num_nodes":"5","size_leaf_vector":"1"}},{"base_weights":[6.295242E-2,-2.4295065E0,2.035081E1,6.8901545E-1,2.5358598E0],"categories":[],"categories_nodes":[],"categories_segments":[],"categories_sizes":[],"default_left":[0,0,0,0,0],"id":3,"left_children":[1,-1,3,-1,-1],"loss_changes":[5.436144E3,0E0,2.2972388E2,0E0,0E0],"parents":[2147483647,0,0,2,2],"right_children":[2,-1,4,-1,-1],"split_conditions":[6.020384E-1,-2.4295065E0,8.0143625E-1,6.8901545E-1,2.5358598E0],"split_indices":[0,0,0,0,0],"split_type":[0,0,0,0,0],"sum_hessian":[9E0,4E0,5E0,2E0,3E0],"tree_param":{"num_deleted":"0","num_feature":"2","num_nodes":"5","size_leaf_vector":"1"}},{"base_weights":[1.3619308E-1,-2.2351463E0,1.8853207E1,6.430809E-1,2.3456705E0],"categories":[],"categories_nodes":[],"categories_segments":[],"categories_sizes":[],"default_left":[0,0,0,0,0],"id":4,"left_children":[1,-1,3,-1,-1],"loss_changes":[4.630414E3,0E0,1.922732E2,0E0,0E0],"parents":[2147483647,0,0,2,2],"right_children":[2,-1,4,-1,-1],"split_conditions":[6.020384E-1,-2.2351463E0,8.0143625E-1,6.430809E-1,2.3456705E0],"split_indices":[0,0,0,0,0],"split_type":[0,0,0,0,0],"sum_hessian":[9E0,4E0,5E0,2E0,3E0],"tree_param":{"num_deleted":"0","num_feature":"2","num_nodes":"5","size_leaf_vector":"1"}},{"base_weights":[1.979332E-1,-2.0563345E1,1.746601E1,-2.2778137E0,-5.852091E-1,6.002088E-1,2.169745E0],"categories":[],"categories_nodes":[],"categories_segments":[],"categories_sizes":[],"default_left":[0,0,0,0,0,0,0],"id":5,"left_children":[1,3,5,-1,-1,-1,-1],"loss_changes":[3.9442332E3,2.961206E1,1.6082324E2,0E0,0E0,0E0,0E0],"parents":[2147483647,0,0,1,1,2,2],"right_children":[2,4,6,-1,-1,-1,-1],"split_conditions":[6.020384E-1,4.0184212E-1,8.0143625E-1,-2.2778137E0,-5.852091E-1,6.002088E-1,2.169745E0],"split_indices":[0,0,0,0,0,0,0],"split_type":[0,0,0,0,0,0,0],"sum_hessian":[9E0,4E0,5E0,3E0,1E0,2E0,3E0],"tree_param":{"num_deleted":"0","num_feature":"2","num_nodes":"7","size_leaf_vector":"1"}},{"base_weights":[1.6883317E-1,-1.9079613E1,1.6181067E1,-2.1069775E0,-5.5594844E-1,2.4633446E-1,1.8431942E0],"categories":[],"categories_nodes":[],"categories_segments":[],"categories_sizes":[],"default_left":[0,0,0,0,0,0,0],"id":6,"left_children":[1,3,5,-1,-1,-1,-1],"loss_changes":[3.3908345E3,1.7398926E1,1.3985693E2,0E0,0E0,0E0,0E0],"parents":[2147483647,0,0,1,1,2,2],"right_children":[2,4,6,-1,-1,-1,-1],"split_conditions":[6.020384E-1,4.0184212E-1,7.027601E-1,-2.1069775E0,-5.5594844E-1,2.4633446E-1,1.8431942E0],"split_indices":[0,0,0,0,0,0,0],"split_type":[0,0,0,0,0,0,0],"sum_hessian":[9E0,4E0,5E0,3E0,1E0,1E0,4E0],"tree_param":{"num_deleted":"0","num_feature":"2","num_nodes":"7","size_leaf_vector":"1"}},{"base_weights":[9.4610594E-2,-1.7704235E1,1.4911214E1,-1.948954E0,-5.2815115E-1,4.905436E-1,1.8687744E0],"categories":[],"categories_nodes":[],"categories_segments":[],"categories_sizes":[],"default_left":[0,0,0,0,0,0,0],"id":7,"left_children":[1,3,5,-1,-1,-1,-1],"loss_changes":[2.901176E3,7.9573975E0,1.3505127E2,0E0,0E0,0E0,0E0],"parents":[2147483647,0,0,1,1,2,2],"right_children":[2,4,6,-1,-1,-1,-1],"split_conditions":[6.020384E-1,4.0184212E-1,8.0143625E-1,-1.948954E0,-5.2815115E-1,4.905436E-1,1.8687744E0],"split_indices":[0,0,0,0,0,0,0],"split_type":[0,0,0,0,0,0,0],"sum_hessian":[9E0,4E0,5E0,3E0,1E0,2E0,3E0],"tree_param":{"num_deleted":"0","num_feature":"2","num_nodes":"7","size_leaf_vector":"1"}},{"base_weights":[7.33696E-2,-1.6429234E1,1.3813312E1,-1.8027824E0,-5.017435E-1,4.578405E-1,1.7286164E0],"categories":[],"categories_nodes":[],"categories_segments":[],"categories_sizes":[],"default_left":[0,0,0,0,0,0,0],"id":8,"left_children":[1,3,5,-1,-1,-1,-1],"loss_changes":[2.4943904E3,7.6049805E-1,1.1328577E2,0E0,0E0,0E0,0E0],"parents":[2147483647,0,0,1,1,2,2],"right_children":[2,4,6,-1,-1,-1,-1],"split_conditions":[6.020384E-1,4.0184212E-1,8.0143625E-1,-1.8027824E0,-5.017435E-1,4.578405E-1,1.7286164E0],"split_indices":[0,0,0,0,0,0,0],"split_type":[0,0,0,0,0,0,0],"sum_hessian":[9E0,4E0,5E0,3E0,1E0,2E0,3E0],"tree_param":{"num_deleted":"0","num_feature":"2","num_nodes":"7","size_leaf_vector":"1"}},{"base_weights":[5.4227065E-2,-1.5247215E0,1.2796391E1,5.7847846E-1,1.7879736E0],"categories":[],"categories_nodes":[],"categories_segments":[],"categories_sizes":[],"default_left":[0,0,0,0,0],"id":9,"left_children":[1,-1,3,-1,-1],"loss_changes":[2.1448442E3,0E0,1.1042401E2,0E0,0E0],"parents":[2147483647,0,0,2,2],"right_children":[2,-1,4,-1,-1],"split_conditions":[6.020384E-1,-1.5247215E0,9.02315E-1,5.7847846E-1,1.7879736E0],"split_indices":[0,0,0,0,0],"split_type":[0,0,0,0,0],"sum_hessian":[9E0,4E0,5E0,3E0,2E0],"tree_param":{"num_deleted":"0","num_feature":"2","num_nodes":"5","size_leaf_vector":"1"}},{"base_weights":[1.3297883E-1,-1.4027437E1,1.1911162E1,-1.7361952E0,-6.0171103E-1,5.3509274E0,1.6687754E0,1.5767442E-1,6.083407E-1],"categories":[],"categories_nodes":[],"categories_segments":[],"categories_sizes":[],"default_left":[0,0,0,0,0,0,0,0,0],"id":10,"left_children":[1,3,5,-1,-1,7,-1,-1,-1],"loss_changes":[1.8349227E3,2.9083923E1,9.8718445E1,0E0,0E0,1.4660797E0,0E0,0E0,0E0],"parents":[2147483647,0,0,1,1,2,2,5,5],"right_children":[2,4,6,-1,-1,8,-1,-1,-1],"split_conditions":[6.020384E-1,3.0103135E-1,9.02315E-1,-1.7361952E0,-6.0171103E-1,7.027601E-1,1.6687754E0,1.5767442E-1,6.083407E-1],"split_indices":[0,0,0,0,0,0,0,0,0],"split_type":[0,0,0,0,0,0,0,0,0],"sum_hessian":[9E0,4E0,5E0,2E0,2E0,3E0,2E0,1E0,2E0],"tree_param":{"num_deleted":"0","num_feature":"2","num_nodes":"9","size_leaf_vector":"1"}},{"base_weights":[1.2936898E-1,-1.3092276E1,1.1125844E1,-1.620449E0,-5.6159705E-1,5.0073395E0,1.5575236E0,1.4979057E-1,5.677849E-1],"categories":[],"categories_nodes":[],"categories_segments":[],"categories_sizes":[],"default_left":[0,0,0,0,0,0,0,0,0],"id":11,"left_children":[1,3,5,-1,-1,7,-1,-1,-1],"loss_changes":[1.5995775E3,2.5335266E1,8.535126E1,0E0,0E0,9.07547E-1,0E0,0E0,0E0],"parents":[2147483647,0,0,1,1,2,2,5,5],"right_children":[2,4,6,-1,-1,8,-1,-1,-1],"split_conditions":[6.020384E-1,3.0103135E-1,9.02315E-1,-1.620449E0,-5.6159705E-1,7.027601E-1,1.5575236E0,1.4979057E-1,5.677849E-1],"split_indices":[0,0,0,0,0,0,0,0,0],"split_type":[0,0,0,0,0,0,0,0,0],"sum_hessian":[9E0,4E0,5E0,2E0,2E0,3E0,2E0,1E0,2E0],"tree_param":{"num_deleted":"0","num_feature":"2","num_nodes":"9","size_leaf_vector":"1"}},{"base_weights":[1.25737E-1,-1.2219457E1,1.0392442E1,-1.5124189E0,-5.241572E-1,4.685999E0,1.4536885E0,1.4230119E-1,5.2993244E-1],"categories":[],"categories_nodes":[],"categories_segments":[],"categories_sizes":[],"default_left":[0,0,0,0,0,0,0,0,0],"id":12,"left_children":[1,3,5,-1,-1,7,-1,-1,-1],"loss_changes":[1.3944347E3,2.2069885E1,7.3780334E1,0E0,0E0,4.6408844E-1,0E0,0E0,0E0],"parents":[2147483647,0,0,1,1,2,2,5,5],"right_children":[2,4,6,-1,-1,8,-1,-1,-1],"split_conditions":[6.020384E-1,3.0103135E-1,9.02315E-1,-1.5124189E0,-5.241572E-1,7.027601E-1,1.4536885E0,1.4230119E-1,5.2993244E-1],"split_indices":[0,0,0,0,0,0,0,0,0],"split_type":[0,0,0,0,0,0,0,0,0],"sum_hessian":[9E0,4E0,5E0,2E0,2E0,3E0,2E0,1E0,2E0],"tree_param":{"num_deleted":"0","num_feature":"2","num_nodes":"9","size_leaf_vector":"1"}},{"base_weights":[1.2209816E-1,-1.1404825E1,9.707519E0,-1.4115909E0,-4.8921344E-1,4.385458E0,1.356776E0,1.35186E-1,4.9460372E-1],"categories":[],"categories_nodes":[],"categories_segments":[],"categories_sizes":[],"default_left":[0,0,0,0,0,0,0,0,0],"id":13,"left_children":[1,3,5,-1,-1,7,-1,-1,-1],"loss_changes":[1.2156166E3,1.9225342E1,6.3765747E1,0E0,0E0,1.1593628E-1,0E0,0E0,0E0],"parents":[2147483647,0,0,1,1,2,2,5,5],"right_children":[2,4,6,-1,-1,8,-1,-1,-1],"split_conditions":[6.020384E-1,3.0103135E-1,9.02315E-1,-1.4115909E0,-4.8921344E-1,7.027601E-1,1.356776E0,1.35186E-1,4.9460372E-1],"split_indices":[0,0,0,0,0,0,0,0,0],"split_type":[0,0,0,0,0,0,0,0,0],"sum_hessian":[9E0,4E0,5E0,2E0,2E0,3E0,2E0,1E0,2E0],"tree_param":{"num_deleted":"0","num_feature":"2","num_nodes":"9","size_leaf_vector":"1"}},{"base_weights":[1.18464276E-1,-1.0644505E1,9.067861E0,-1.3174847E0,-4.565993E-1,4.104359E-1,1.2663244E0],"categories":[],"categories_nodes":[],"categories_segments":[],"categories_sizes":[],"default_left":[0,0,0,0,0,0,0],"id":14,"left_children":[1,3,5,-1,-1,-1,-1],"loss_changes":[1.0597437E3,1.6747314E1,5.509964E1,0E0,0E0,0E0,0E0],"parents":[2147483647,0,0,1,1,2,2],"right_children":[2,4,6,-1,-1,-1,-1],"split_conditions":[6.020384E-1,3.0103135E-1,9.02315E-1,-1.3174847E0,-4.565993E-1,4.104359E-1,1.2663244E0],"split_indices":[0,0,0,0,0,0,0],"split_type":[0,0,0,0,0,0,0],"sum_hessian":[9E0,4E0,5E0,2E0,2E0,3E0,2E0],"tree_param":{"num_deleted":"0","num_feature":"2","num_nodes":"7","size_leaf_vector":"1"}},{"base_weights":[9.6884154E-2,-9.934871E0,8.440533E0,-1.2296524E0,-4.2615944E-1,3.7965298E0,1.1819026E0,1.07904814E-1,4.3426743E-1],"categories":[],"categories_nodes":[],"categories_segments":[],"categories_sizes":[],"default_left":[0,0,0,0,0,0,0,0,0],"id":15,"left_children":[1,3,5,-1,-1,7,-1,-1,-1],"loss_changes":[9.2087E2,1.4588776E1,4.926709E1,0E0,0E0,1.2505951E0,0E0,0E0,0E0],"parents":[2147483647,0,0,1,1,2,2,5,5],"right_children":[2,4,6,-1,-1,8,-1,-1,-1],"split_conditions":[6.020384E-1,3.0103135E-1,9.02315E-1,-1.2296524E0,-4.2615944E-1,7.027601E-1,1.1819026E0,1.07904814E-1,4.3426743E-1],"split_indices":[0,0,0,0,0,0,0,0,0],"split_type":[0,0,0,0,0,0,0,0,0],"sum_hessian":[9E0,4E0,5E0,2E0,2E0,3E0,2E0,1E0,2E0],"tree_param":{"num_deleted":"0","num_feature":"2","num_nodes":"9","size_leaf_vector":"1"}},{"base_weights":[9.402351E-2,-9.272546E0,7.883827E0,-1.1476756E0,-3.9774868E-1,3.5524216E0,1.1031092E0,1.0250969E-1,4.053164E-1],"categories":[],"categories_nodes":[],"categories_segments":[],"categories_sizes":[],"default_left":[0,0,0,0,0,0,0,0,0],"id":16,"left_children":[1,3,5,-1,-1,7,-1,-1,-1],"loss_changes":[8.027405E2,1.2708527E1,4.260544E1,0E0,0E0,9.072685E-1,0E0,0E0,0E0],"parents":[2147483647,0,0,1,1,2,2,5,5],"right_children":[2,4,6,-1,-1,8,-1,-1,-1],"split_conditions":[6.020384E-1,3.0103135E-1,9.02315E-1,-1.1476756E0,-3.9774868E-1,7.027601E-1,1.1031092E0,1.0250969E-1,4.053164E-1],"split_indices":[0,0,0,0,0,0,0,0,0],"split_type":[0,0,0,0,0,0,0,0,0],"sum_hessian":[9E0,4E0,5E0,2E0,2E0,3E0,2E0,1E0,2E0],"tree_param":{"num_deleted":"0","num_feature":"2","num_nodes":"9","size_leaf_vector":"1"}},{"base_weights":[9.1171265E-2,-8.654376E0,7.363932E0,-1.071164E0,-3.7123212E-1,3.3241348E0,1.0295686E0,9.738427E-2,3.7829515E-1],"categories":[],"categories_nodes":[],"categories_segments":[],"categories_sizes":[],"default_left":[0,0,0,0,0,0,0,0,0],"id":17,"left_children":[1,3,5,-1,-1,7,-1,-1,-1],"loss_changes":[6.99773E2,1.1070496E1,3.683789E1,0E0,0E0,6.294136E-1,0E0,0E0,0E0],"parents":[2147483647,0,0,1,1,2,2,5,5],"right_children":[2,4,6,-1,-1,8,-1,-1,-1],"split_conditions":[6.020384E-1,3.0103135E-1,9.02315E-1,-1.071164E0,-3.7123212E-1,7.027601E-1,1.0295686E0,9.738427E-2,3.7829515E-1],"split_indices":[0,0,0,0,0,0,0,0,0],"split_type":[0,0,0,0,0,0,0,0,0],"sum_hessian":[9E0,4E0,5E0,2E0,2E0,3E0,2E0,1E0,2E0],"tree_param":{"num_deleted":"0","num_feature":"2","num_nodes":"9","size_leaf_vector":"1"}},{"base_weights":[8.833847E-2,-8.077418E0,6.8784127E0,-9.051776E-1,-2.0899944E-1,2.1768062E-1,8.685015E-1],"categories":[],"categories_nodes":[],"categories_segments":[],"categories_sizes":[],"default_left":[0,0,0,0,0,0,0],"id":18,"left_children":[1,3,5,-1,-1,-1,-1],"loss_changes":[6.100208E2,1.0251282E1,3.2057983E1,0E0,0E0,0E0,0E0],"parents":[2147483647,0,0,1,1,2,2],"right_children":[2,4,6,-1,-1,-1,-1],"split_conditions":[6.020384E-1,4.0184212E-1,8.0143625E-1,-9.051776E-1,-2.0899944E-1,2.1768062E-1,8.685015E-1],"split_indices":[0,0,0,0,0,0,0],"split_type":[0,0,0,0,0,0,0],"sum_hessian":[9E0,4E0,5E0,3E0,1E0,2E0,3E0],"tree_param":{"num_deleted":"0","num_feature":"2","num_nodes":"7","size_leaf_vector":"1"}},{"base_weights":[7.670555E-2,-7.4925117E0,6.3716025E0,-9.394078E-1,-3.093441E-1,2.7846756E0,9.030304E-1,8.163109E-2,3.1686935E-1],"categories":[],"categories_nodes":[],"categories_segments":[],"categories_sizes":[],"default_left":[0,0,0,0,0,0,0,0,0],"id":19,"left_children":[1,3,5,-1,-1,7,-1,-1,-1],"loss_changes":[5.2421375E2,1.27655945E1,3.207292E1,0E0,0E0,4.3691063E-1,0E0,0E0,0E0],"parents":[2147483647,0,0,1,1,2,2,5,5],"right_children":[2,4,6,-1,-1,8,-1,-1,-1],"split_conditions":[6.020384E-1,3.0103135E-1,9.02315E-1,-9.394078E-1,-3.093441E-1,7.027601E-1,9.030304E-1,8.163109E-2,3.1686935E-1],"split_indices":[0,0,0,0,0,0,0,0,0],"split_type":[0,0,0,0,0,0,0,0,0],"sum_hessian":[9E0,4E0,5E0,2E0,2E0,3E0,2E0,1E0,2E0],"tree_param":{"num_deleted":"0","num_feature":"2","num_nodes":"9","size_leaf_vector":"1"}},{"base_weights":[7.431221E-2,-6.9930105E0,5.9513626E0,-8.767807E-1,-2.8872108E-1,2.6058311E0,8.428284E-1,7.754936E-2,2.957446E-1],"categories":[],"categories_nodes":[],"categories_segments":[],"categories_sizes":[],"default_left":[0,0,0,0,0,0,0,0,0],"id":20,"left_children":[1,3,5,-1,-1,7,-1,-1,-1],"loss_changes":[4.5696808E2,1.1120285E1,2.7757004E1,0E0,0E0,2.8081322E-1,0E0,0E0,0E0],"parents":[2147483647,0,0,1,1,2,2,5,5],"right_children":[2,4,6,-1,-1,8,-1,-1,-1],"split_conditions":[6.020384E-1,3.0103135E-1,9.02315E-1,-8.767807E-1,-2.8872108E-1,7.027601E-1,8.428284E-1,7.754936E-2,2.957446E-1],"split_indices":[0,0,0,0,0,0,0,0,0],"split_type":[0,0,0,0,0,0,0,0,0],"sum_hessian":[9E0,4E0,5E0,2E0,2E0,3E0,2E0,1E0,2E0],"tree_param":{"num_deleted":"0","num_feature":"2","num_nodes":"9","size_leaf_vector":"1"}},{"base_weights":[7.19429E-2,-6.5268097E0,5.5589128E0,-8.1832856E-1,-2.6947302E-1,2.43857E0,7.866399E-1,7.367172E-2,2.760282E-1],"categories":[],"categories_nodes":[],"categories_segments":[],"categories_sizes":[],"default_left":[0,0,0,0,0,0,0,0,0],"id":21,"left_children":[1,3,5,-1,-1,7,-1,-1,-1],"loss_changes":[3.9835352E2,9.687012E0,2.4018127E1,0E0,0E0,1.5647697E-1,0E0,0E0,0E0],"parents":[2147483647,0,0,1,1,2,2,5,5],"right_children":[2,4,6,-1,-1,8,-1,-1,-1],"split_conditions":[6.020384E-1,3.0103135E-1,9.02315E-1,-8.1832856E-1,-2.6947302E-1,7.027601E-1,7.866399E-1,7.367172E-2,2.760282E-1],"split_indices":[0,0,0,0,0,0,0,0,0],"split_type":[0,0,0,0,0,0,0,0,0],"sum_hessian":[9E0,4E0,5E0,2E0,2E0,3E0,2E0,1E0,2E0],"tree_param":{"num_deleted":"0","num_feature":"2","num_nodes":"9","size_leaf_vector":"1"}},{"base_weights":[6.960297E-2,-6.0916886E0,5.192412E0,-7.637734E-1,-2.515081E-1,2.282137E0,7.341975E-1,6.998825E-2,2.576261E-1],"categories":[],"categories_nodes":[],"categories_segments":[],"categories_sizes":[],"default_left":[0,0,0,0,0,0,0,0,0],"id":22,"left_children":[1,3,5,-1,-1,7,-1,-1,-1],"loss_changes":[3.4726178E2,8.438477E0,2.0779526E1,0E0,0E0,5.843544E-2,0E0,0E0,0E0],"parents":[2147483647,0,0,1,1,2,2,5,5],"right_children":[2,4,6,-1,-1,8,-1,-1,-1],"split_conditions":[6.020384E-1,3.0103135E-1,9.02315E-1,-7.637734E-1,-2.515081E-1,7.027601E-1,7.341975E-1,6.998825E-2,2.576261E-1],"split_indices":[0,0,0,0,0,0,0,0,0],"split_type":[0,0,0,0,0,0,0,0,0],"sum_hessian":[9E0,4E0,5E0,2E0,2E0,3E0,2E0,1E0,2E0],"tree_param":{"num_deleted":"0","num_feature":"2","num_nodes":"9","size_leaf_vector":"1"}},{"base_weights":[6.7294315E-2,-5.685576E0,4.850137E0,-7.1285504E-1,-2.3474096E-1,2.664412E0,7.8893816E-1,6.6488646E-2,2.9980716E-1],"categories":[],"categories_nodes":[],"categories_segments":[],"categories_sizes":[],"default_left":[0,0,0,0,0,0,0,0,0],"id":23,"left_children":[1,3,5,-1,-1,7,-1,-1,-1],"loss_changes":[3.0272656E2,7.3507996E0,1.8837158E1,0E0,0E0,1.3424263E0,0E0,0E0,0E0],"parents":[2147483647,0,0,1,1,2,2,5,5],"right_children":[2,4,6,-1,-1,8,-1,-1,-1],"split_conditions":[6.020384E-1,3.0103135E-1,1E0,-7.1285504E-1,-2.3474096E-1,7.027601E-1,7.8893816E-1,6.6488646E-2,2.9980716E-1],"split_indices":[0,0,0,0,0,0,0,0,0],"split_type":[0,0,0,0,0,0,0,0,0],"sum_hessian":[9E0,4E0,5E0,2E0,2E0,4E0,1E0,1E0,3E0],"tree_param":{"num_deleted":"0","num_feature":"2","num_nodes":"9","size_leaf_vector":"1"}},{"base_weights":[8.1329346E-2,-5.3065367E0,4.557663E0,-6.653313E-1,-2.1909153E-1,2.471231E0,7.4949116E-1,6.316414E-2,2.7732182E-1],"categories":[],"categories_nodes":[],"categories_segments":[],"categories_sizes":[],"default_left":[0,0,0,0,0,0,0,0,0],"id":24,"left_children":[1,3,5,-1,-1,7,-1,-1,-1],"loss_changes":[2.653643E2,6.4033813E0,1.8248558E1,0E0,0E0,1.0259819E0,0E0,0E0,0E0],"parents":[2147483647,0,0,1,1,2,2,5,5],"right_children":[2,4,6,-1,-1,8,-1,-1,-1],"split_conditions":[6.020384E-1,3.0103135E-1,1E0,-6.653313E-1,-2.1909153E-1,7.027601E-1,7.4949116E-1,6.316414E-2,2.7732182E-1],"split_indices":[0,0,0,0,0,0,0,0,0],"split_type":[0,0,0,0,0,0,0,0,0],"sum_hessian":[9E0,4E0,5E0,2E0,2E0,4E0,1E0,1E0,3E0],"tree_param":{"num_deleted":"0","num_feature":"2","num_nodes":"9","size_leaf_vector":"1"}},{"base_weights":[9.3753055E-2,-4.9527664E0,4.2835603E0,-7.157318E-1,-2.612299E-1,2.2922058E0,7.120167E-1,6.000595E-2,2.5652274E-1],"categories":[],"categories_nodes":[],"categories_segments":[],"categories_sizes":[],"default_left":[0,0,0,0,0,0,0,0,0],"id":25,"left_children":[1,3,5,-1,-1,7,-1,-1,-1],"loss_changes":[2.3265494E2,7.101349E0,1.7571236E1,0E0,0E0,7.7067375E-1,0E0,0E0,0E0],"parents":[2147483647,0,0,1,1,2,2,5,5],"right_children":[2,4,6,-1,-1,8,-1,-1,-1],"split_conditions":[6.020384E-1,2.00585E-1,1E0,-7.157318E-1,-2.612299E-1,7.027601E-1,7.120167E-1,6.000595E-2,2.5652274E-1],"split_indices":[0,0,0,0,0,0,0,0,0],"split_type":[0,0,0,0,0,0,0,0,0],"sum_hessian":[9E0,4E0,5E0,1E0,3E0,4E0,1E0,1E0,3E0],"tree_param":{"num_deleted":"0","num_feature":"2","num_nodes":"9","size_leaf_vector":"1"}},{"base_weights":[8.953667E-2,-4.6528816E0,4.026629E0,-6.799452E-1,-2.4163762E-1,2.1262908E0,6.7641604E-1,5.7005692E-2,2.3728351E-1],"categories":[],"categories_nodes":[],"categories_segments":[],"categories_sizes":[],"default_left":[0,0,0,0,0,0,0,0,0],"id":26,"left_children":[1,3,5,-1,-1,7,-1,-1,-1],"loss_changes":[2.0544882E2,7.5740433E0,1.6830849E1,0E0,0E0,5.65752E-1,0E0,0E0,0E0],"parents":[2147483647,0,0,1,1,2,2,5,5],"right_children":[2,4,6,-1,-1,8,-1,-1,-1],"split_conditions":[6.020384E-1,2.00585E-1,1E0,-6.799452E-1,-2.4163762E-1,7.027601E-1,6.7641604E-1,5.7005692E-2,2.3728351E-1],"split_indices":[0,0,0,0,0,0,0,0,0],"split_type":[0,0,0,0,0,0,0,0,0],"sum_hessian":[9E0,4E0,5E0,1E0,3E0,4E0,1E0,1E0,3E0],"tree_param":{"num_deleted":"0","num_feature":"2","num_nodes":"9","size_leaf_vector":"1"}},{"base_weights":[8.549614E-2,-4.371909E0,3.7857513E0,-6.459479E-1,-2.2351475E-1,1.9725205E0,6.425953E-1,5.415535E-2,2.1948738E-1],"categories":[],"categories_nodes":[],"categories_segments":[],"categories_sizes":[],"default_left":[0,0,0,0,0,0,0,0,0],"id":27,"left_children":[1,3,5,-1,-1,7,-1,-1,-1],"loss_changes":[1.8148634E2,7.865303E0,1.6048447E1,0E0,0E0,4.0226173E-1,0E0,0E0,0E0],"parents":[2147483647,0,0,1,1,2,2,5,5],"right_children":[2,4,6,-1,-1,8,-1,-1,-1],"split_conditions":[6.020384E-1,2.00585E-1,1E0,-6.459479E-1,-2.2351475E-1,7.027601E-1,6.425953E-1,5.415535E-2,2.1948738E-1],"split_indices":[0,0,0,0,0,0,0,0,0],"split_type":[0,0,0,0,0,0,0,0,0],"sum_hessian":[9E0,4E0,5E0,1E0,3E0,4E0,1E0,1E0,3E0],"tree_param":{"num_deleted":"0","num_feature":"2","num_nodes":"9","size_leaf_vector":"1"}},{"base_weights":[8.162346E-2,-4.108611E0,3.559882E0,-6.136505E-1,-2.0675115E-1,1.8299958E0,6.1046565E-1,5.144768E-2,2.0302562E-1],"categories":[],"categories_nodes":[],"categories_segments":[],"categories_sizes":[],"default_left":[0,0,0,0,0,0,0,0,0],"id":28,"left_children":[1,3,5,-1,-1,7,-1,-1,-1],"loss_changes":[1.6037337E2,8.008369E0,1.5241524E1,0E0,0E0,2.727146E-1,0E0,0E0,0E0],"parents":[2147483647,0,0,1,1,2,2,5,5],"right_children":[2,4,6,-1,-1,8,-1,-1,-1],"split_conditions":[6.020384E-1,2.00585E-1,1E0,-6.136505E-1,-2.0675115E-1,7.027601E-1,6.1046565E-1,5.144768E-2,2.0302562E-1],"split_indices":[0,0,0,0,0,0,0,0,0],"split_type":[0,0,0,0,0,0,0,0,0],"sum_hessian":[9E0,4E0,5E0,1E0,3E0,4E0,1E0,1E0,3E0],"tree_param":{"num_deleted":"0","num_feature":"2","num_nodes":"9","size_leaf_vector":"1"}},{"base_weights":[7.791557E-2,-3.8618293E0,3.3480504E0,-5.8296794E-1,-1.912447E-1,1.6978912E0,5.7994235E-1,4.887543E-2,1.877987E-1],"categories":[],"categories_nodes":[],"categories_segments":[],"categories_sizes":[],"default_left":[0,0,0,0,0,0,0,0,0],"id":29,"left_children":[1,3,5,-1,-1,7,-1,-1,-1],"loss_changes":[1.4176457E2,8.031517E0,1.4424141E1,0E0,0E0,1.709261E-1,0E0,0E0,0E0],"parents":[2147483647,0,0,1,1,2,2,5,5],"right_children":[2,4,6,-1,-1,8,-1,-1,-1],"split_conditions":[6.020384E-1,2.00585E-1,1E0,-5.8296794E-1,-1.912447E-1,7.027601E-1,5.7994235E-1,4.887543E-2,1.877987E-1],"split_indices":[0,0,0,0,0,0,0,0,0],"split_type":[0,0,0,0,0,0,0,0,0],"sum_hessian":[9E0,4E0,5E0,1E0,3E0,4E0,1E0,1E0,3E0],"tree_param":{"num_deleted":"0","num_feature":"2","num_nodes":"9","size_leaf_vector":"1"}},{"base_weights":[7.4365616E-2,-3.630488E0,3.1493492E0,-5.538195E-1,-1.7690125E-1,1.5754379E0,5.509453E-1,4.643173E-2,1.7371388E-1],"categories":[],"categories_nodes":[],"categories_segments":[],"categories_sizes":[],"default_left":[0,0,0,0,0,0,0,0,0],"id":30,"left_children":[1,3,5,-1,-1,7,-1,-1,-1],"loss_changes":[1.2535731E2,7.958618E0,1.3607761E1,0E0,0E0,9.176159E-2,0E0,0E0,0E0],"parents":[2147483647,0,0,1,1,2,2,5,5],"right_children":[2,4,6,-1,-1,8,-1,-1,-1],"split_conditions":[6.020384E-1,2.00585E-1,1E0,-5.538195E-1,-1.7690125E-1,7.027601E-1,5.509453E-1,4.643173E-2,1.7371388E-1],"split_indices":[0,0,0,0,0,0,0,0,0],"split_type":[0,0,0,0,0,0,0,0,0],"sum_hessian":[9E0,4E0,5E0,1E0,3E0,4E0,1E0,1E0,3E0],"tree_param":{"num_deleted":"0","num_feature":"2","num_nodes":"9","size_leaf_vector":"1"}},{"base_weights":[7.096596E-2,-3.4135826E0,2.9629288E0,-5.261286E-1,-1.6363354E-1,1.4619232E0,5.2339786E-1,4.411011E-2,1.6068535E-1],"categories":[],"categories_nodes":[],"categories_segments":[],"categories_sizes":[],"default_left":[0,0,0,0,0,0,0,0,0],"id":31,"left_children":[1,3,5,-1,-1,7,-1,-1,-1],"loss_changes":[1.10886055E2,7.8098984E0,1.2801479E1,0E0,0E0,3.0954361E-2,0E0,0E0,0E0],"parents":[2147483647,0,0,1,1,2,2,5,5],"right_children":[2,4,6,-1,-1,8,-1,-1,-1],"split_conditions":[6.020384E-1,2.00585E-1,1E0,-5.261286E-1,-1.6363354E-1,7.027601E-1,5.2339786E-1,4.411011E-2,1.6068535E-1],"split_indices":[0,0,0,0,0,0,0,0,0],"split_type":[0,0,0,0,0,0,0,0,0],"sum_hessian":[9E0,4E0,5E0,1E0,3E0,4E0,1E0,1E0,3E0],"tree_param":{"num_deleted":"0","num_feature":"2","num_nodes":"9","size_leaf_vector":"1"}},{"base_weights":[6.771393E-2,-3.210176E0,2.7880032E0,-4.9982223E-1,-1.5136089E0,1.356691E-1,4.9722824E-1,-1.7070834E-1,-4.665928E-2],"categories":[],"categories_nodes":[],"categories_segments":[],"categories_sizes":[],"default_left":[0,0,0,0,0,0,0,0,0],"id":32,"left_children":[1,3,5,-1,7,-1,-1,-1,-1],"loss_changes":[9.811807E1,7.6023483E0,1.2012466E1,0E0,1.3770103E-2,0E0,0E0,0E0,0E0],"parents":[2147483647,0,0,1,1,2,2,4,4],"right_children":[2,4,6,-1,8,-1,-1,-1,-1],"split_conditions":[6.020384E-1,2.00585E-1,1E0,-4.9982223E-1,4.0184212E-1,1.356691E-1,4.9722824E-1,-1.7070834E-1,-4.665928E-2],"split_indices":[0,0,0,0,0,0,0,0,0],"split_type":[0,0,0,0,0,0,0,0,0],"sum_hessian":[9E0,4E0,5E0,1E0,3E0,4E0,1E0,2E0,1E0],"tree_param":{"num_deleted":"0","num_feature":"2","num_nodes":"9","size_leaf_vector":"1"}},{"base_weights":[5.251465E-2,-3.0325973E0,2.6146889E0,-4.748312E-1,-1.4165907E-1,1.2481582E0,4.723671E-1,3.5121154E-2,1.384592E-1],"categories":[],"categories_nodes":[],"categories_segments":[],"categories_sizes":[],"default_left":[0,0,0,0,0,0,0,0,0],"id":33,"left_children":[1,3,5,-1,-1,7,-1,-1,-1],"loss_changes":[8.697524E1,7.1366158E0,1.1396038E1,0E0,0E0,1.2558508E-1,0E0,0E0,0E0],"parents":[2147483647,0,0,1,1,2,2,5,5],"right_children":[2,4,6,-1,-1,8,-1,-1,-1],"split_conditions":[6.020384E-1,2.00585E-1,1E0,-4.748312E-1,-1.4165907E-1,7.027601E-1,4.723671E-1,3.5121154E-2,1.384592E-1],"split_indices":[0,0,0,0,0,0,0,0,0],"split_type":[0,0,0,0,0,0,0,0,0],"sum_hessian":[9E0,4E0,5E0,1E0,3E0,4E0,1E0,1E0,3E0],"tree_param":{"num_deleted":"0","num_feature":"2","num_nodes":"9","size_leaf_vector":"1"}},{"base_weights":[5.0209425E-2,-2.8526359E0,2.460879E0,-4.5108968E-1,-1.3103466E0,1.1580597E0,4.487488E-1,-1.4988391E-1,-3.7243463E-2,3.336525E-2,1.2807484E-1],"categories":[],"categories_nodes":[],"categories_segments":[],"categories_sizes":[],"default_left":[0,0,0,0,0,0,0,0,0,0,0],"id":34,"left_children":[1,3,5,-1,7,9,-1,-1,-1,-1,-1],"loss_changes":[7.6998E1,6.876751E0,1.0645054E1,0E0,1.489377E-1,7.840204E-2,0E0,0E0,0E0,0E0,0E0],"parents":[2147483647,0,0,1,1,2,2,4,4,5,5],"right_children":[2,4,6,-1,8,10,-1,-1,-1,-1,-1],"split_conditions":[6.020384E-1,2.00585E-1,1E0,-4.5108968E-1,4.0184212E-1,7.027601E-1,4.487488E-1,-1.4988391E-1,-3.7243463E-2,3.336525E-2,1.2807484E-1],"split_indices":[0,0,0,0,0,0,0,0,0,0,0],"split_type":[0,0,0,0,0,0,0,0,0,0,0],"sum_hessian":[9E0,4E0,5E0,1E0,3E0,4E0,1E0,2E0,1E0,1E0,3E0],"tree_param":{"num_deleted":"0","num_feature":"2","num_nodes":"11","size_leaf_vector":"1"}},{"base_weights":[4.2385865E-2,-2.6950164E0,2.3164902E0,-4.2853528E-1,-1.2260942E0,1.0745423E0,4.263115E-1,-1.3989168E-1,-3.5381317E-2,3.1697083E-2,1.1846924E-1],"categories":[],"categories_nodes":[],"categories_segments":[],"categories_sizes":[],"default_left":[0,0,0,0,0,0,0,0,0,0,0],"id":35,"left_children":[1,3,5,-1,7,9,-1,-1,-1,-1,-1],"loss_changes":[6.849436E1,6.426155E0,9.924744E0,0E0,1.08044624E-1,4.1719913E-2,0E0,0E0,0E0,0E0,0E0],"parents":[2147483647,0,0,1,1,2,2,4,4,5,5],"right_children":[2,4,6,-1,8,10,-1,-1,-1,-1,-1],"split_conditions":[6.020384E-1,2.00585E-1,1E0,-4.2853528E-1,4.0184212E-1,7.027601E-1,4.263115E-1,-1.3989168E-1,-3.5381317E-2,3.1697083E-2,1.1846924E-1],"split_indices":[0,0,0,0,0,0,0,0,0,0,0],"split_type":[0,0,0,0,0,0,0,0,0,0,0],"sum_hessian":[9E0,4E0,5E0,1E0,3E0,4E0,1E0,2E0,1E0,1E0,3E0],"tree_param":{"num_deleted":"0","num_feature":"2","num_nodes":"11","size_leaf_vector":"1"}},{"base_weights":[3.5413742E-2,-2.546276E0,2.1809196E0,-4.0710852E-1,-1.1473026E0,9.971207E-1,4.0499574E-1,-1.3056551E-1,-3.361225E-2,3.0112077E-2,1.0958405E-1],"categories":[],"categories_nodes":[],"categories_segments":[],"categories_sizes":[],"default_left":[0,0,0,0,0,0,0,0,0,0,0],"id":36,"left_children":[1,3,5,-1,7,9,-1,-1,-1,-1,-1],"loss_changes":[6.0943527E1,5.9950676E0,9.237093E0,0E0,7.494974E-2,1.3564587E-2,0E0,0E0,0E0,0E0,0E0],"parents":[2147483647,0,0,1,1,2,2,4,4,5,5],"right_children":[2,4,6,-1,8,10,-1,-1,-1,-1,-1],"split_conditions":[6.020384E-1,2.00585E-1,1E0,-4.0710852E-1,4.0184212E-1,7.027601E-1,4.0499574E-1,-1.3056551E-1,-3.361225E-2,3.0112077E-2,1.0958405E-1],"split_indices":[0,0,0,0,0,0,0,0,0,0,0],"split_type":[0,0,0,0,0,0,0,0,0,0,0],"sum_hessian":[9E0,4E0,5E0,1E0,3E0,4E0,1E0,2E0,1E0,1E0,3E0],"tree_param":{"num_deleted":"0","num_feature":"2","num_nodes":"11","size_leaf_vector":"1"}},{"base_weights":[2.9213334E-2,-2.405906E0,2.0536106E0,-3.8675308E-1,-1.073617E0,9.253494E-1,3.847458E-1,-1.2186114E-1,-3.1931687E-2,4.1413117E-2,1.128118E-1],"categories":[],"categories_nodes":[],"categories_segments":[],"categories_sizes":[],"default_left":[0,0,0,0,0,0,0,0,0,0,0],"id":37,"left_children":[1,3,5,-1,7,9,-1,-1,-1,-1,-1],"loss_changes":[5.4237278E1,5.5842876E0,8.583326E0,0E0,4.835415E-2,5.1105976E-2,0E0,0E0,0E0,0E0,0E0],"parents":[2147483647,0,0,1,1,2,2,4,4,5,5],"right_children":[2,4,6,-1,8,10,-1,-1,-1,-1,-1],"split_conditions":[6.020384E-1,2.00585E-1,1E0,-3.8675308E-1,4.0184212E-1,8.0143625E-1,3.847458E-1,-1.2186114E-1,-3.1931687E-2,4.1413117E-2,1.128118E-1],"split_indices":[0,0,0,0,0,0,0,0,0,0,0],"split_type":[0,0,0,0,0,0,0,0,0,0,0],"sum_hessian":[9E0,4E0,5E0,1E0,3E0,4E0,1E0,2E0,1E0,2E0,2E0],"tree_param":{"num_deleted":"0","num_feature":"2","num_nodes":"11","size_leaf_vector":"1"}},{"base_weights":[2.6134873E-2,-2.2734246E0,1.9380785E0,-3.6741543E-1,-1.0047035E0,8.6366117E-1,3.655083E-1,-1.1373711E-1,-3.0335044E-2,3.8652293E-2,1.0529124E-1],"categories":[],"categories_nodes":[],"categories_segments":[],"categories_sizes":[],"default_left":[0,0,0,0,0,0,0,0,0,0,0],"id":38,"left_children":[1,3,5,-1,7,9,-1,-1,-1,-1,-1],"loss_changes":[4.8372353E1,5.1942425E0,7.9119225E0,0E0,2.7164936E-2,4.452014E-2,0E0,0E0,0E0,0E0,0E0],"parents":[2147483647,0,0,1,1,2,2,4,4,5,5],"right_children":[2,4,6,-1,8,10,-1,-1,-1,-1,-1],"split_conditions":[6.020384E-1,2.00585E-1,1E0,-3.6741543E-1,4.0184212E-1,8.0143625E-1,3.655083E-1,-1.1373711E-1,-3.0335044E-2,3.8652293E-2,1.0529124E-1],"split_indices":[0,0,0,0,0,0,0,0,0,0,0],"split_type":[0,0,0,0,0,0,0,0,0,0,0],"sum_hessian":[9E0,4E0,5E0,1E0,3E0,4E0,1E0,2E0,1E0,2E0,2E0],"tree_param":{"num_deleted":"0","num_feature":"2","num_nodes":"11","size_leaf_vector":"1"}},{"base_weights":[2.3317719E-2,-2.1483796E0,1.8291792E0,-3.4904462E-1,-9.4025135E-1,8.060837E-1,3.4723282E-1,-1.06154636E-1,-2.8818322E-2,3.6075592E-2,9.827169E-2],"categories":[],"categories_nodes":[],"categories_segments":[],"categories_sizes":[],"default_left":[0,0,0,0,0,0,0,0,0,0,0],"id":39,"left_children":[1,3,5,-1,7,9,-1,-1,-1,-1,-1],"loss_changes":[4.3147614E1,4.8250465E0,7.2876034E0,0E0,1.0450602E-2,3.877759E-2,0E0,0E0,0E0,0E0,0E0],"parents":[2147483647,0,0,1,1,2,2,4,4,5,5],"right_children":[2,4,6,-1,8,10,-1,-1,-1,-1,-1],"split_conditions":[6.020384E-1,2.00585E-1,1E0,-3.4904462E-1,4.0184212E-1,8.0143625E-1,3.4723282E-1,-1.06154636E-1,-2.8818322E-2,3.6075592E-2,9.827169E-2],"split_indices":[0,0,0,0,0,0,0,0,0,0,0],"split_type":[0,0,0,0,0,0,0,0,0,0,0],"sum_hessian":[9E0,4E0,5E0,1E0,3E0,4E0,1E0,2E0,1E0,2E0,2E0],"tree_param":{"num_deleted":"0","num_feature":"2","num_nodes":"11","size_leaf_vector":"1"}},{"base_weights":[2.0742416E-2,-2.0303445E0,1.7265244E0,-3.3159238E-1,-8.799686E-2,7.523438E-1,3.298714E-1,3.3670556E-2,9.1720074E-2],"categories":[],"categories_nodes":[],"categories_segments":[],"categories_sizes":[],"default_left":[0,0,0,0,0,0,0,0,0],"id":40,"left_children":[1,3,5,-1,-1,7,-1,-1,-1],"loss_changes":[3.8492508E1,4.4765873E0,6.7078114E0,0E0,0E0,3.3777952E-2,0E0,0E0,0E0],"parents":[2147483647,0,0,1,1,2,2,5,5],"right_children":[2,4,6,-1,-1,8,-1,-1,-1],"split_conditions":[6.020384E-1,2.00585E-1,1E0,-3.3159238E-1,-8.799686E-2,8.0143625E-1,3.298714E-1,3.3670556E-2,9.1720074E-2],"split_indices":[0,0,0,0,0,0,0,0,0],"split_type":[0,0,0,0,0,0,0,0,0],"sum_hessian":[9E0,4E0,5E0,1E0,3E0,4E0,1E0,2E0,2E0],"tree_param":{"num_deleted":"0","num_feature":"2","num_nodes":"9","size_leaf_vector":"1"}},{"base_weights":[2.2236634E-2,-1.9112275E0,1.6297506E0,-3.1501275E-1,-8.1397057E-1,7.0218813E-1,3.1337816E-1,-9.321111E-2,-2.2977447E-2,3.1425986E-2,8.560537E-2],"categories":[],"categories_nodes":[],"categories_segments":[],"categories_sizes":[],"default_left":[0,0,0,0,0,0,0,0,0,0,0],"id":41,"left_children":[1,3,5,-1,7,9,-1,-1,-1,-1,-1],"loss_changes":[3.4195526E1,4.232847E0,6.1699934E0,0E0,6.18937E-2,2.9420614E-2,0E0,0E0,0E0,0E0,0E0],"parents":[2147483647,0,0,1,1,2,2,4,4,5,5],"right_children":[2,4,6,-1,8,10,-1,-1,-1,-1,-1],"split_conditions":[6.020384E-1,2.00585E-1,1E0,-3.1501275E-1,4.0184212E-1,8.0143625E-1,3.1337816E-1,-9.321111E-2,-2.2977447E-2,3.1425986E-2,8.560537E-2],"split_indices":[0,0,0,0,0,0,0,0,0,0,0],"split_type":[0,0,0,0,0,0,0,0,0,0,0],"sum_hessian":[9E0,4E0,5E0,1E0,3E0,4E0,1E0,2E0,1E0,2E0,2E0],"tree_param":{"num_deleted":"0","num_feature":"2","num_nodes":"11","size_leaf_vector":"1"}},{"base_weights":[1.9934082E-2,-1.8063446E0,1.5385107E0,-2.9926205E-1,-7.616205E-1,4.0942766E-2,2.5311178E-1,-8.6996965E-2,-2.1828651E-2],"categories":[],"categories_nodes":[],"categories_segments":[],"categories_sizes":[],"default_left":[0,0,0,0,0,0,0,0,0],"id":42,"left_children":[1,3,5,-1,7,-1,-1,-1,-1],"loss_changes":[3.0512522E1,3.9174137E0,5.6881056E0,0E0,4.5576572E-2,0E0,0E0,0E0,0E0],"parents":[2147483647,0,0,1,1,2,2,4,4],"right_children":[2,4,6,-1,8,-1,-1,-1,-1],"split_conditions":[6.020384E-1,2.00585E-1,9.02315E-1,-2.9926205E-1,4.0184212E-1,4.0942766E-2,2.5311178E-1,-8.6996965E-2,-2.1828651E-2],"split_indices":[0,0,0,0,0,0,0,0,0],"split_type":[0,0,0,0,0,0,0,0,0],"sum_hessian":[9E0,4E0,5E0,1E0,3E0,3E0,2E0,2E0,1E0],"tree_param":{"num_deleted":"0","num_feature":"2","num_nodes":"9","size_leaf_vector":"1"}},{"base_weights":[6.538391E-3,-1.7073272E0,1.43367E0,-2.842989E-1,-7.126646E-1,5.80191E-1,2.8505325E-1,-8.1197105E-2,-2.0737266E-2,1.7498016E-2,6.377488E-2],"categories":[],"categories_nodes":[],"categories_segments":[],"categories_sizes":[],"default_left":[0,0,0,0,0,0,0,0,0,0,0],"id":43,"left_children":[1,3,5,-1,7,9,-1,-1,-1,-1,-1],"loss_changes":[2.6906864E1,3.6219034E0,5.601721E0,0E0,3.2334328E-2,5.0218105E-3,0E0,0E0,0E0,0E0,0E0],"parents":[2147483647,0,0,1,1,2,2,4,4,5,5],"right_children":[2,4,6,-1,8,10,-1,-1,-1,-1,-1],"split_conditions":[6.020384E-1,2.00585E-1,1E0,-2.842989E-1,4.0184212E-1,7.027601E-1,2.8505325E-1,-8.1197105E-2,-2.0737266E-2,1.7498016E-2,6.377488E-2],"split_indices":[0,0,0,0,0,0,0,0,0,0,0],"split_type":[0,0,0,0,0,0,0,0,0,0,0],"sum_hessian":[9E0,4E0,5E0,1E0,3E0,4E0,1E0,2E0,1E0,1E0,3E0],"tree_param":{"num_deleted":"0","num_feature":"2","num_nodes":"11","size_leaf_vector":"1"}},{"base_weights":[3.8936615E-3,-1.613842E0,1.3513578E0,-2.70084E-1,-6.668825E-1,5.384262E-1,2.708008E-1,-7.578405E-2,-1.9700432E-2,2.3892468E-2,6.5845236E-2],"categories":[],"categories_nodes":[],"categories_segments":[],"categories_sizes":[],"default_left":[0,0,0,0,0,0,0,0,0,0,0],"id":44,"left_children":[1,3,5,-1,7,9,-1,-1,-1,-1,-1],"loss_changes":[2.3979288E1,3.3455715E0,5.1591196E0,0E0,2.1658778E-2,2.2419572E-2,0E0,0E0,0E0,0E0,0E0],"parents":[2147483647,0,0,1,1,2,2,4,4,5,5],"right_children":[2,4,6,-1,8,10,-1,-1,-1,-1,-1],"split_conditions":[6.020384E-1,2.00585E-1,1E0,-2.70084E-1,4.0184212E-1,8.0143625E-1,2.708008E-1,-7.578405E-2,-1.9700432E-2,2.3892468E-2,6.5845236E-2],"split_indices":[0,0,0,0,0,0,0,0,0,0,0],"split_type":[0,0,0,0,0,0,0,0,0,0,0],"sum_hessian":[9E0,4E0,5E0,1E0,3E0,4E0,1E0,2E0,1E0,2E0,2E0],"tree_param":{"num_deleted":"0","num_feature":"2","num_nodes":"11","size_leaf_vector":"1"}},{"base_weights":[3.0014038E-3,-1.5255722E0,1.2763125E0,-2.565798E-1,-6.2406635E-1,5.025314E-1,2.572609E-1,-7.073186E-2,-1.8715477E-2,2.229945E-2,6.1455794E-2],"categories":[],"categories_nodes":[],"categories_segments":[],"categories_sizes":[],"default_left":[0,0,0,0,0,0,0,0,0,0,0],"id":45,"left_children":[1,3,5,-1,7,9,-1,-1,-1,-1,-1],"loss_changes":[2.1410604E1,3.0876188E0,4.725481E0,0E0,1.3117433E-2,1.9534588E-2,0E0,0E0,0E0,0E0,0E0],"parents":[2147483647,0,0,1,1,2,2,4,4,5,5],"right_children":[2,4,6,-1,8,10,-1,-1,-1,-1,-1],"split_conditions":[6.020384E-1,2.00585E-1,1E0,-2.565798E-1,4.0184212E-1,8.0143625E-1,2.572609E-1,-7.073186E-2,-1.8715477E-2,2.229945E-2,6.1455794E-2],"split_indices":[0,0,0,0,0,0,0,0,0,0,0],"split_type":[0,0,0,0,0,0,0,0,0,0,0],"sum_hessian":[9E0,4E0,5E0,1E0,3E0,4E0,1E0,2E0,1E0,2E0,2E0],"tree_param":{"num_deleted":"0","num_feature":"2","num_nodes":"11","size_leaf_vector":"1"}},{"base_weights":[2.199936E-3,-1.4422203E0,1.2055168E0,-2.4375077E-1,-5.8402157E-1,4.6902925E-1,2.4439774E-1,-6.601639E-2,-1.7779732E-2,2.0812733E-2,5.735881E-2],"categories":[],"categories_nodes":[],"categories_segments":[],"categories_sizes":[],"default_left":[0,0,0,0,0,0,0,0,0,0,0],"id":46,"left_children":[1,3,5,-1,7,9,-1,-1,-1,-1,-1],"loss_changes":[1.9119574E1,2.8472147E0,4.3263683E0,0E0,6.3478947E-3,1.7018676E-2,0E0,0E0,0E0,0E0,0E0],"parents":[2147483647,0,0,1,1,2,2,4,4,5,5],"right_children":[2,4,6,-1,8,10,-1,-1,-1,-1,-1],"split_conditions":[6.020384E-1,2.00585E-1,1E0,-2.4375077E-1,4.0184212E-1,8.0143625E-1,2.4439774E-1,-6.601639E-2,-1.7779732E-2,2.0812733E-2,5.735881E-2],"split_indices":[0,0,0,0,0,0,0,0,0,0,0],"split_type":[0,0,0,0,0,0,0,0,0,0,0],"sum_hessian":[9E0,4E0,5E0,1E0,3E0,4E0,1E0,2E0,1E0,2E0,2E0],"tree_param":{"num_deleted":"0","num_feature":"2","num_nodes":"11","size_leaf_vector":"1"}},{"base_weights":[1.4823914E-3,-1.363507E0,1.1387266E0,-2.315632E-1,-5.465679E-1,4.3776092E-1,2.3217773E-1,-6.1615247E-2,-1.6890718E-2,1.9425202E-2,5.3534955E-2],"categories":[],"categories_nodes":[],"categories_segments":[],"categories_sizes":[],"default_left":[0,0,0,0,0,0,0,0,0,0,0],"id":47,"left_children":[1,3,5,-1,7,9,-1,-1,-1,-1,-1],"loss_changes":[1.7075924E1,2.6234903E0,3.9592834E0,0E0,1.0448694E-3,1.4825702E-2,0E0,0E0,0E0,0E0,0E0],"parents":[2147483647,0,0,1,1,2,2,4,4,5,5],"right_children":[2,4,6,-1,8,10,-1,-1,-1,-1,-1],"split_conditions":[6.020384E-1,2.00585E-1,1E0,-2.315632E-1,4.0184212E-1,8.0143625E-1,2.3217773E-1,-6.1615247E-2,-1.6890718E-2,1.9425202E-2,5.3534955E-2],"split_indices":[0,0,0,0,0,0,0,0,0,0,0],"split_type":[0,0,0,0,0,0,0,0,0,0,0],"sum_hessian":[9E0,4E0,5E0,1E0,3E0,4E0,1E0,2E0,1E0,2E0,2E0],"tree_param":{"num_deleted":"0","num_feature":"2","num_nodes":"11","size_leaf_vector":"1"}},{"base_weights":[8.4114075E-4,-1.28917E0,1.0757103E0,-2.1998501E-1,-5.1153757E-2,4.0857697E-1,2.2056885E-1,1.813024E-2,4.996592E-2],"categories":[],"categories_nodes":[],"categories_segments":[],"categories_sizes":[],"default_left":[0,0,0,0,0,0,0,0,0],"id":48,"left_children":[1,3,5,-1,-1,7,-1,-1,-1],"loss_changes":[1.5252706E1,2.4155655E0,3.6218839E0,0E0,0E0,1.2913942E-2,0E0,0E0,0E0],"parents":[2147483647,0,0,1,1,2,2,5,5],"right_children":[2,4,6,-1,-1,8,-1,-1,-1],"split_conditions":[6.020384E-1,2.00585E-1,1E0,-2.1998501E-1,-5.1153757E-2,8.0143625E-1,2.2056885E-1,1.813024E-2,4.996592E-2],"split_indices":[0,0,0,0,0,0,0,0,0],"split_type":[0,0,0,0,0,0,0,0,0],"sum_hessian":[9E0,4E0,5E0,1E0,3E0,4E0,1E0,2E0,2E0],"tree_param":{"num_deleted":"0","num_feature":"2","num_nodes":"9","size_leaf_vector":"1"}},{"base_weights":[2.5112152E-3,-1.2144798E0,1.0162519E0,-2.0898572E-1,-4.7317123E-1,3.8134003E-1,2.0954056E-1,-5.4097243E-2,-1.3488389E-2,1.6921742E-2,4.6634927E-2],"categories":[],"categories_nodes":[],"categories_segments":[],"categories_sizes":[],"default_left":[0,0,0,0,0,0,0,0,0,0,0],"id":49,"left_children":[1,3,5,-1,7,9,-1,-1,-1,-1,-1],"loss_changes":[1.3571351E1,2.255763E0,3.311943E0,0E0,1.8776596E-2,1.1247516E-2,0E0,0E0,0E0,0E0,0E0],"parents":[2147483647,0,0,1,1,2,2,4,4,5,5],"right_children":[2,4,6,-1,8,10,-1,-1,-1,-1,-1],"split_conditions":[6.020384E-1,2.00585E-1,1E0,-2.0898572E-1,4.0184212E-1,8.0143625E-1,2.0954056E-1,-5.4097243E-2,-1.3488389E-2,1.6921742E-2,4.6634927E-2],"split_indices":[0,0,0,0,0,0,0,0,0,0,0],"split_type":[0,0,0,0,0,0,0,0,0,0,0],"sum_hessian":[9E0,4E0,5E0,1E0,3E0,4E0,1E0,2E0,1E0,2E0,2E0],"tree_param":{"num_deleted":"0","num_feature":"2","num_nodes":"11","size_leaf_vector":"1"}},{"base_weights":[1.9123077E-3,-1.1483467E0,9.601428E-1,-1.985365E-1,-4.4275093E-1,3.5591584E-1,1.9906388E-1,-5.0490826E-2,-1.281395E-2,1.9802094E-2,4.937477E-2],"categories":[],"categories_nodes":[],"categories_segments":[],"categories_sizes":[],"default_left":[0,0,0,0,0,0,0,0,0,0,0],"id":50,"left_children":[1,3,5,-1,7,9,-1,-1,-1,-1,-1],"loss_changes":[1.2124709E1,2.0739608E0,3.0274215E0,0E0,1.3522923E-2,1.10423565E-2,0E0,0E0,0E0,0E0,0E0],"parents":[2147483647,0,0,1,1,2,2,4,4,5,5],"right_children":[2,4,6,-1,8,10,-1,-1,-1,-1,-1],"split_conditions":[6.020384E-1,2.00585E-1,1E0,-1.985365E-1,4.0184212E-1,9.02315E-1,1.9906388E-1,-5.0490826E-2,-1.281395E-2,1.9802094E-2,4.937477E-2],"split_indices":[0,0,0,0,0,0,0,0,0,0,0],"split_type":[0,0,0,0,0,0,0,0,0,0,0],"sum_hessian":[9E0,4E0,5E0,1E0,3E0,4E0,1E0,2E0,1E0,3E0,1E0],"tree_param":{"num_deleted":"0","num_feature":"2","num_nodes":"11","size_leaf_vector":"1"}},{"base_weights":[2.3609162E-3,-1.0858803E0,9.088351E-1,-1.886097E-1,-4.1430187E-1,3.3415985E-1,1.8911056E-1,-4.7124736E-2,-1.2173272E-2,1.8317033E-2,4.69059E-2],"categories":[],"categories_nodes":[],"categories_segments":[],"categories_sizes":[],"default_left":[0,0,0,0,0,0,0,0,0,0,0],"id":51,"left_children":[1,3,5,-1,7,9,-1,-1,-1,-1,-1],"loss_changes":[1.0851512E1,1.9056273E0,2.7549877E0,0E0,9.275734E-3,1.5924096E-2,0E0,0E0,0E0,0E0,0E0],"parents":[2147483647,0,0,1,1,2,2,4,4,5,5],"right_children":[2,4,6,-1,8,10,-1,-1,-1,-1,-1],"split_conditions":[6.020384E-1,2.00585E-1,1E0,-1.886097E-1,4.0184212E-1,9.02315E-1,1.8911056E-1,-4.7124736E-2,-1.2173272E-2,1.8317033E-2,4.69059E-2],"split_indices":[0,0,0,0,0,0,0,0,0,0,0],"split_type":[0,0,0,0,0,0,0,0,0,0,0],"sum_hessian":[9E0,4E0,5E0,1E0,3E0,4E0,1E0,2E0,1E0,3E0,1E0],"tree_param":{"num_deleted":"0","num_feature":"2","num_nodes":"11","size_leaf_vector":"1"}},{"base_weights":[2.766037E-3,-1.0268745E0,8.6033887E-1,-1.7917919E-1,-3.8769722E-1,3.1378785E-1,1.796547E-1,-4.3983206E-2,-1.1564637E-2,1.694317E-2,4.4560622E-2],"categories":[],"categories_nodes":[],"categories_segments":[],"categories_sizes":[],"default_left":[0,0,0,0,0,0,0,0,0,0,0],"id":52,"left_children":[1,3,5,-1,7,9,-1,-1,-1,-1,-1],"loss_changes":[9.713379E0,1.7499161E0,2.5063777E0,0E0,5.8683753E-3,1.96442E-2,0E0,0E0,0E0,0E0,0E0],"parents":[2147483647,0,0,1,1,2,2,4,4,5,5],"right_children":[2,4,6,-1,8,10,-1,-1,-1,-1,-1],"split_conditions":[6.020384E-1,2.00585E-1,1E0,-1.7917919E-1,4.0184212E-1,9.02315E-1,1.796547E-1,-4.3983206E-2,-1.1564637E-2,1.694317E-2,4.4560622E-2],"split_indices":[0,0,0,0,0,0,0,0,0,0,0],"split_type":[0,0,0,0,0,0,0,0,0,0,0],"sum_hessian":[9E0,4E0,5E0,1E0,3E0,4E0,1E0,2E0,1E0,3E0,1E0],"tree_param":{"num_deleted":"0","num_feature":"2","num_nodes":"11","size_leaf_vector":"1"}},{"base_weights":[3.1318665E-3,-9.711319E-1,8.1449634E-1,-1.7022018E-1,-3.6281395E-1,2.9470825E-1,1.7067185E-1,-4.1050974E-2,-1.0986328E-2,1.5672302E-2,4.233246E-2],"categories":[],"categories_nodes":[],"categories_segments":[],"categories_sizes":[],"default_left":[0,0,0,0,0,0,0,0,0,0,0],"id":53,"left_children":[1,3,5,-1,7,9,-1,-1,-1,-1,-1],"loss_changes":[8.695813E0,1.6060328E0,2.2796144E0,0E0,3.1587481E-3,2.239108E-2,0E0,0E0,0E0,0E0,0E0],"parents":[2147483647,0,0,1,1,2,2,4,4,5,5],"right_children":[2,4,6,-1,8,10,-1,-1,-1,-1,-1],"split_conditions":[6.020384E-1,2.00585E-1,1E0,-1.7022018E-1,4.0184212E-1,9.02315E-1,1.7067185E-1,-4.1050974E-2,-1.0986328E-2,1.5672302E-2,4.233246E-2],"split_indices":[0,0,0,0,0,0,0,0,0,0,0],"split_type":[0,0,0,0,0,0,0,0,0,0,0],"sum_hessian":[9E0,4E0,5E0,1E0,3E0,4E0,1E0,2E0,1E0,3E0,1E0],"tree_param":{"num_deleted":"0","num_feature":"2","num_nodes":"11","size_leaf_vector":"1"}},{"base_weights":[3.4606934E-3,-9.1847074E-1,7.711601E-1,-1.6170922E-1,-3.395424E-1,2.768387E-1,1.6213837E-1,-3.831431E-2,-1.0437012E-2,1.4496994E-2,4.0215682E-2],"categories":[],"categories_nodes":[],"categories_segments":[],"categories_sizes":[],"default_left":[0,0,0,0,0,0,0,0,0,0,0],"id":54,"left_children":[1,3,5,-1,7,9,-1,-1,-1,-1,-1],"loss_changes":[7.7859507E0,1.473187E0,2.0728407E0,0E0,1.0260344E-3,2.432707E-2,0E0,0E0,0E0,0E0,0E0],"parents":[2147483647,0,0,1,1,2,2,4,4,5,5],"right_children":[2,4,6,-1,8,10,-1,-1,-1,-1,-1],"split_conditions":[6.020384E-1,2.00585E-1,1E0,-1.6170922E-1,4.0184212E-1,9.02315E-1,1.6213837E-1,-3.831431E-2,-1.0437012E-2,1.4496994E-2,4.0215682E-2],"split_indices":[0,0,0,0,0,0,0,0,0,0,0],"split_type":[0,0,0,0,0,0,0,0,0,0,0],"sum_hessian":[9E0,4E0,5E0,1E0,3E0,4E0,1E0,2E0,1E0,3E0,1E0],"tree_param":{"num_deleted":"0","num_feature":"2","num_nodes":"11","size_leaf_vector":"1"}},{"base_weights":[3.7540435E-3,-1.2993227E-1,4.919386E-1,1.5130361E-2,1.2815756E0,-1.4853668E-2,1.34098055E-2,3.8204957E-2,1.5403138E-1],"categories":[],"categories_nodes":[],"categories_segments":[],"categories_sizes":[],"default_left":[0,0,0,0,0,0,0,0,0],"id":55,"left_children":[1,-1,3,5,7,-1,-1,-1,-1],"loss_changes":[7.000606E0,0E0,2.992653E0,1.3674502E-1,1.0974884E-1,0E0,0E0,0E0,0E0],"parents":[2147483647,0,0,2,2,3,3,4,4],"right_children":[2,-1,4,6,8,-1,-1,-1,-1],"split_conditions":[3.0103135E-1,-1.2993227E-1,9.02315E-1,6.020384E-1,1E0,-1.4853668E-2,1.34098055E-2,3.8204957E-2,1.5403138E-1],"split_indices":[0,0,0,0,0,0,0,0,0],"split_type":[0,0,0,0,0,0,0,0,0],"sum_hessian":[9E0,2E0,7E0,5E0,2E0,2E0,3E0,1E0,1E0],"tree_param":{"num_deleted":"0","num_feature":"2","num_nodes":"9","size_leaf_vector":"1"}},{"base_weights":[9.463119E-3,-8.108009E-1,6.9143933E-1,-1.4712715E-1,-2.7786542E-2,2.4440917E-1,1.463295E-1,1.240387E-2,3.6294557E-2],"categories":[],"categories_nodes":[],"categories_segments":[],"categories_sizes":[],"default_left":[0,0,0,0,0,0,0,0,0],"id":56,"left_children":[1,3,5,-1,-1,7,-1,-1,-1],"loss_changes":[6.154625E0,1.3511262E0,1.7126138E0,0E0,0E0,2.6322126E-2,0E0,0E0,0E0],"parents":[2147483647,0,0,1,1,2,2,5,5],"right_children":[2,4,6,-1,-1,8,-1,-1,-1],"split_conditions":[6.020384E-1,2.00585E-1,1E0,-1.4712715E-1,-2.7786542E-2,9.02315E-1,1.463295E-1,1.240387E-2,3.6294557E-2],"split_indices":[0,0,0,0,0,0,0,0,0],"split_type":[0,0,0,0,0,0,0,0,0],"sum_hessian":[9E0,4E0,5E0,1E0,3E0,4E0,1E0,3E0,1E0],"tree_param":{"num_deleted":"0","num_feature":"2","num_nodes":"9","size_leaf_vector":"1"}},{"base_weights":[1.0527802E-2,-1.154396E0,4.4605827E-1,-1.397707E-1,-3.338871E-2,1.6434988E-2,1.1566187E0,-1.2010956E-2,1.1473465E-2,3.4479905E-2,1.3901292E-1],"categories":[],"categories_nodes":[],"categories_segments":[],"categories_sizes":[],"default_left":[0,0,0,0,0,0,0,0,0,0,0],"id":57,"left_children":[1,3,5,-1,-1,7,9,-1,-1,-1,-1],"loss_changes":[5.5885262E0,1.3224006E-1,2.4231777E0,0E0,0E0,9.4314426E-2,8.93898E-2,0E0,0E0,0E0,0E0],"parents":[2147483647,0,0,1,1,2,2,5,5,6,6],"right_children":[2,4,6,-1,-1,8,10,-1,-1,-1,-1],"split_conditions":[3.0103135E-1,2.00585E-1,9.02315E-1,-1.397707E-1,-3.338871E-2,6.020384E-1,1E0,-1.2010956E-2,1.1473465E-2,3.4479905E-2,1.3901292E-1],"split_indices":[0,0,0,0,0,0,0,0,0,0,0],"split_type":[0,0,0,0,0,0,0,0,0,0,0],"sum_hessian":[9E0,2E0,7E0,1E0,1E0,5E0,2E0,2E0,3E0,1E0,1E0],"tree_param":{"num_deleted":"0","num_feature":"2","num_nodes":"11","size_leaf_vector":"1"}},{"base_weights":[9.45549E-3,-1.0966759E0,4.2307281E-1,-1.3278218E-1,-3.1719208E-2,1.4701843E-2,1.0987905E0,-1.1210124E-2,1.061287E-2,3.275604E-2,1.3206254E-1],"categories":[],"categories_nodes":[],"categories_segments":[],"categories_sizes":[],"default_left":[0,0,0,0,0,0,0,0,0,0,0],"id":58,"left_children":[1,3,5,-1,-1,7,9,-1,-1,-1,-1],"loss_changes":[5.039125E0,1.19348764E-1,2.1913936E0,0E0,0E0,8.145639E-2,8.06725E-2,0E0,0E0,0E0,0E0],"parents":[2147483647,0,0,1,1,2,2,5,5,6,6],"right_children":[2,4,6,-1,-1,8,10,-1,-1,-1,-1],"split_conditions":[3.0103135E-1,2.00585E-1,9.02315E-1,-1.3278218E-1,-3.1719208E-2,6.020384E-1,1E0,-1.1210124E-2,1.061287E-2,3.275604E-2,1.3206254E-1],"split_indices":[0,0,0,0,0,0,0,0,0,0,0],"split_type":[0,0,0,0,0,0,0,0,0,0,0],"sum_hessian":[9E0,2E0,7E0,1E0,1E0,5E0,2E0,2E0,3E0,1E0,1E0],"tree_param":{"num_deleted":"0","num_feature":"2","num_nodes":"11","size_leaf_vector":"1"}},{"base_weights":[8.482361E-3,-1.0418421E0,4.0129375E-1,-1.2614308E-1,-3.0133247E-2,1.3132731E-2,1.0438513E0,-1.0462698E-2,9.8169325E-3,3.1118393E-2,1.254593E-1],"categories":[],"categories_nodes":[],"categories_segments":[],"categories_sizes":[],"default_left":[0,0,0,0,0,0,0,0,0,0,0],"id":59,"left_children":[1,3,5,-1,-1,7,9,-1,-1,-1,-1],"loss_changes":[4.543879E0,1.0771251E-1,1.9816175E0,0E0,0E0,7.035447E-2,7.280159E-2,0E0,0E0,0E0,0E0],"parents":[2147483647,0,0,1,1,2,2,5,5,6,6],"right_children":[2,4,6,-1,-1,8,10,-1,-1,-1,-1],"split_conditions":[3.0103135E-1,2.00585E-1,9.02315E-1,-1.2614308E-1,-3.0133247E-2,6.020384E-1,1E0,-1.0462698E-2,9.8169325E-3,3.1118393E-2,1.254593E-1],"split_indices":[0,0,0,0,0,0,0,0,0,0,0],"split_type":[0,0,0,0,0,0,0,0,0,0,0],"sum_hessian":[9E0,2E0,7E0,1E0,1E0,5E0,2E0,2E0,3E0,1E0,1E0],"tree_param":{"num_deleted":"0","num_feature":"2","num_nodes":"11","size_leaf_vector":"1"}},{"base_weights":[7.5992583E-3,-9.897499E-1,3.806553E-1,-1.1983585E-1,-2.8626634E-2,1.1711121E-2,9.916585E-1,-9.7651165E-3,9.080506E-3,2.9562378E-2,1.191864E-1],"categories":[],"categories_nodes":[],"categories_segments":[],"categories_sizes":[],"default_left":[0,0,0,0,0,0,0,0,0,0,0],"id":60,"left_children":[1,3,5,-1,-1,7,9,-1,-1,-1,-1],"loss_changes":[4.097425E0,9.720826E-2,1.7917955E0,0E0,0E0,6.0766578E-2,6.570649E-2,0E0,0E0,0E0,0E0],"parents":[2147483647,0,0,1,1,2,2,5,5,6,6],"right_children":[2,4,6,-1,-1,8,10,-1,-1,-1,-1],"split_conditions":[3.0103135E-1,2.00585E-1,9.02315E-1,-1.1983585E-1,-2.8626634E-2,6.020384E-1,1E0,-9.7651165E-3,9.080506E-3,2.9562378E-2,1.191864E-1],"split_indices":[0,0,0,0,0,0,0,0,0,0,0],"split_type":[0,0,0,0,0,0,0,0,0,0,0],"sum_hessian":[9E0,2E0,7E0,1E0,1E0,5E0,2E0,2E0,3E0,1E0,1E0],"tree_param":{"num_deleted":"0","num_feature":"2","num_nodes":"11","size_leaf_vector":"1"}},{"base_weights":[6.799698E-3,-9.402631E-1,3.610983E-1,-1.1384411E-1,-2.7195359E-2,1.0426839E-2,9.420751E-1,-9.1140745E-3,8.3995825E-3,2.8084183E-2,1.13227084E-1],"categories":[],"categories_nodes":[],"categories_segments":[],"categories_sizes":[],"default_left":[0,0,0,0,0,0,0,0,0,0,0],"id":61,"left_children":[1,3,5,-1,-1,7,9,-1,-1,-1,-1],"loss_changes":[3.6949575E0,8.772969E-2,1.6200329E0,0E0,0E0,5.248878E-2,5.930209E-2,0E0,0E0,0E0,0E0],"parents":[2147483647,0,0,1,1,2,2,5,5,6,6],"right_children":[2,4,6,-1,-1,8,10,-1,-1,-1,-1],"split_conditions":[3.0103135E-1,2.00585E-1,9.02315E-1,-1.1384411E-1,-2.7195359E-2,6.020384E-1,1E0,-9.1140745E-3,8.3995825E-3,2.8084183E-2,1.13227084E-1],"split_indices":[0,0,0,0,0,0,0,0,0,0,0],"split_type":[0,0,0,0,0,0,0,0,0,0,0],"sum_hessian":[9E0,2E0,7E0,1E0,1E0,5E0,2E0,2E0,3E0,1E0,1E0],"tree_param":{"num_deleted":"0","num_feature":"2","num_nodes":"11","size_leaf_vector":"1"}},{"base_weights":[6.07605E-3,-8.932495E-1,3.4256363E-1,-1.08151816E-1,-2.5835609E-2,9.264628E-3,8.9497375E-1,-8.506521E-3,7.7695847E-3,2.6679993E-2,1.0756607E-1],"categories":[],"categories_nodes":[],"categories_segments":[],"categories_sizes":[],"default_left":[0,0,0,0,0,0,0,0,0,0,0],"id":62,"left_children":[1,3,5,-1,-1,7,9,-1,-1,-1,-1],"loss_changes":[3.3321137E0,7.917476E-2,1.4646504E0,0E0,0E0,4.5339845E-2,5.352235E-2,0E0,0E0,0E0,0E0],"parents":[2147483647,0,0,1,1,2,2,5,5,6,6],"right_children":[2,4,6,-1,-1,8,10,-1,-1,-1,-1],"split_conditions":[3.0103135E-1,2.00585E-1,9.02315E-1,-1.08151816E-1,-2.5835609E-2,6.020384E-1,1E0,-8.506521E-3,7.7695847E-3,2.6679993E-2,1.0756607E-1],"split_indices":[0,0,0,0,0,0,0,0,0,0,0],"split_type":[0,0,0,0,0,0,0,0,0,0,0],"sum_hessian":[9E0,2E0,7E0,1E0,1E0,5E0,2E0,2E0,3E0,1E0,1E0],"tree_param":{"num_deleted":"0","num_feature":"2","num_nodes":"11","size_leaf_vector":"1"}},{"base_weights":[5.422211E-3,-8.4858704E-1,3.249979E-1,-1.02744296E-1,-2.4543762E-2,8.216858E-3,8.5022736E-1,-7.939402E-3,7.1870804E-2,2.5345994E-2,1.0218811E-1,2.1389008E-3,8.15684E-3],"categories":[],"categories_nodes":[],"categories_segments":[],"categories_sizes":[],"default_left":[0,0,0,0,0,0,0,0,0,0,0,0,0],"id":63,"left_children":[1,3,5,-1,-1,7,9,-1,11,-1,-1,-1,-1],"loss_changes":[3.004995E0,7.1457386E-2,1.3240757E0,0E0,0E0,3.9166782E-2,4.830599E-2,0E0,2.1354109E-4,0E0,0E0,0E0,0E0],"parents":[2147483647,0,0,1,1,2,2,5,5,6,6,8,8],"right_children":[2,4,6,-1,-1,8,10,-1,12,-1,-1,-1,-1],"split_conditions":[3.0103135E-1,2.00585E-1,9.02315E-1,-1.02744296E-1,-2.4543762E-2,6.020384E-1,1E0,-7.939402E-3,7.027601E-1,2.5345994E-2,1.0218811E-1,2.1389008E-3,8.15684E-3],"split_indices":[0,0,0,0,0,0,0,0,0,0,0,0,0],"split_type":[0,0,0,0,0,0,0,0,0,0,0,0,0],"sum_hessian":[9E0,2E0,7E0,1E0,1E0,5E0,2E0,2E0,3E0,1E0,1E0,1E0,2E0],"tree_param":{"num_deleted":"0","num_feature":"2","num_nodes":"13","size_leaf_vector":"1"}},{"base_weights":[5.140686E-3,-8.061574E-1,3.087349E-1,-9.760704E-2,-2.3316575E-2,7.78834E-3,8.0771637E-1,-7.410177E-3,6.7258835E-2,2.4078751E-2,9.70787E-2,2.0320893E-3,7.6131187E-3],"categories":[],"categories_nodes":[],"categories_segments":[],"categories_sizes":[],"default_left":[0,0,0,0,0,0,0,0,0,0,0,0,0],"id":64,"left_children":[1,3,5,-1,-1,7,9,-1,11,-1,-1,-1,-1],"loss_changes":[2.7119431E0,6.449008E-2,1.1950433E0,0E0,0E0,3.420427E-2,4.3595076E-2,0E0,1.1874549E-4,0E0,0E0,0E0,0E0],"parents":[2147483647,0,0,1,1,2,2,5,5,6,6,8,8],"right_children":[2,4,6,-1,-1,8,10,-1,12,-1,-1,-1,-1],"split_conditions":[3.0103135E-1,2.00585E-1,9.02315E-1,-9.760704E-2,-2.3316575E-2,6.020384E-1,1E0,-7.410177E-3,7.027601E-1,2.4078751E-2,9.70787E-2,2.0320893E-3,7.6131187E-3],"split_indices":[0,0,0,0,0,0,0,0,0,0,0,0,0],"split_type":[0,0,0,0,0,0,0,0,0,0,0,0,0],"sum_hessian":[9E0,2E0,7E0,1E0,1E0,5E0,2E0,2E0,3E0,1E0,1E0,1E0,2E0],"tree_param":{"num_deleted":"0","num_feature":"2","num_nodes":"13","size_leaf_vector":"1"}},{"base_weights":[4.8740385E-3,-7.6585007E-1,2.9328632E-1,-9.272671E-2,-2.2150803E-2,7.382711E-3,7.673314E-1,-6.916046E-3,6.294441E-2,2.2874832E-2,9.222489E-2,1.9306183E-3,7.1055093E-3],"categories":[],"categories_nodes":[],"categories_segments":[],"categories_sizes":[],"default_left":[0,0,0,0,0,0,0,0,0,0,0,0,0],"id":65,"left_children":[1,3,5,-1,-1,7,9,-1,11,-1,-1,-1,-1],"loss_changes":[2.4474766E0,5.8201075E-2,1.0785847E0,0E0,0E0,2.9870478E-2,3.9344788E-2,0E0,4.39398E-5,0E0,0E0,0E0,0E0],"parents":[2147483647,0,0,1,1,2,2,5,5,6,6,8,8],"right_children":[2,4,6,-1,-1,8,10,-1,12,-1,-1,-1,-1],"split_conditions":[3.0103135E-1,2.00585E-1,9.02315E-1,-9.272671E-2,-2.2150803E-2,6.020384E-1,1E0,-6.916046E-3,7.027601E-1,2.2874832E-2,9.222489E-2,1.9306183E-3,7.1055093E-3],"split_indices":[0,0,0,0,0,0,0,0,0,0,0,0,0],"split_type":[0,0,0,0,0,0,0,0,0,0,0,0,0],"sum_hessian":[9E0,2E0,7E0,1E0,1E0,5E0,2E0,2E0,3E0,1E0,1E0,1E0,2E0],"tree_param":{"num_deleted":"0","num_feature":"2","num_nodes":"13","size_leaf_vector":"1"}},{"base_weights":[4.621887E-3,-7.275569E-1,2.7861118E-1,-8.809032E-2,-2.1043206E-2,6.9986978E-3,7.2896576E-1,-6.4549767E-3,5.891037E-3,2.1731187E-2,8.761368E-2],"categories":[],"categories_nodes":[],"categories_segments":[],"categories_sizes":[],"default_left":[0,0,0,0,0,0,0,0,0,0,0],"id":66,"left_children":[1,3,5,-1,-1,7,9,-1,-1,-1,-1],"loss_changes":[2.208797E0,5.2527428E-2,9.734736E-1,0E0,0E0,2.6087854E-2,3.5506964E-2,0E0,0E0,0E0,0E0],"parents":[2147483647,0,0,1,1,2,2,5,5,6,6],"right_children":[2,4,6,-1,-1,8,10,-1,-1,-1,-1],"split_conditions":[3.0103135E-1,2.00585E-1,9.02315E-1,-8.809032E-2,-2.1043206E-2,6.020384E-1,1E0,-6.4549767E-3,5.891037E-3,2.1731187E-2,8.761368E-2],"split_indices":[0,0,0,0,0,0,0,0,0,0,0],"split_type":[0,0,0,0,0,0,0,0,0,0,0],"sum_hessian":[9E0,2E0,7E0,1E0,1E0,5E0,2E0,2E0,3E0,1E0,1E0],"tree_param":{"num_deleted":"0","num_feature":"2","num_nodes":"11","size_leaf_vector":"1"}},{"base_weights":[4.1244505E-3,-6.9117993E-1,2.6434803E-1,-8.3685875E-2,-1.9991113E-2,6.2052407E-3,6.925176E-1,-6.0246787E-3,5.449295E-2,2.064476E-2,8.323288E-2,1.5396118E-3,6.2393188E-3],"categories":[],"categories_nodes":[],"categories_segments":[],"categories_sizes":[],"default_left":[0,0,0,0,0,0,0,0,0,0,0,0,0],"id":67,"left_children":[1,3,5,-1,-1,7,9,-1,11,-1,-1,-1,-1],"loss_changes":[1.9920579E0,4.7405005E-2,8.799338E-1,0E0,0E0,2.2535924E-2,3.2041788E-2,0E0,2.748845E-4,0E0,0E0,0E0,0E0],"parents":[2147483647,0,0,1,1,2,2,5,5,6,6,8,8],"right_children":[2,4,6,-1,-1,8,10,-1,12,-1,-1,-1,-1],"split_conditions":[3.0103135E-1,2.00585E-1,9.02315E-1,-8.3685875E-2,-1.9991113E-2,6.020384E-1,1E0,-6.0246787E-3,7.027601E-1,2.064476E-2,8.323288E-2,1.5396118E-3,6.2393188E-3],"split_indices":[0,0,0,0,0,0,0,0,0,0,0,0,0],"split_type":[0,0,0,0,0,0,0,0,0,0,0,0,0],"sum_hessian":[9E0,2E0,7E0,1E0,1E0,5E0,2E0,2E0,3E0,1E0,1E0,1E0,2E0],"tree_param":{"num_deleted":"0","num_feature":"2","num_nodes":"13","size_leaf_vector":"1"}},{"base_weights":[3.9066314E-3,-6.5662E-1,2.511158E-1,-7.950153E-2,-1.899147E-2,5.8759055E-3,6.578903E-1,-5.6231185E-3,5.0987244E-2,1.9612504E-2,7.9071045E-2,1.4625549E-3,5.8232625E-3],"categories":[],"categories_nodes":[],"categories_segments":[],"categories_sizes":[],"default_left":[0,0,0,0,0,0,0,0,0,0,0,0,0],"id":68,"left_children":[1,3,5,-1,-1,7,9,-1,11,-1,-1,-1,-1],"loss_changes":[1.79777E0,4.2784452E-2,7.941931E-1,0E0,0E0,1.9677475E-2,2.8917074E-2,0E0,2.0213332E-4,0E0,0E0,0E0,0E0],"parents":[2147483647,0,0,1,1,2,2,5,5,6,6,8,8],"right_children":[2,4,6,-1,-1,8,10,-1,12,-1,-1,-1,-1],"split_conditions":[3.0103135E-1,2.00585E-1,9.02315E-1,-7.950153E-2,-1.899147E-2,6.020384E-1,1E0,-5.6231185E-3,7.027601E-1,1.9612504E-2,7.9071045E-2,1.4625549E-3,5.8232625E-3],"split_indices":[0,0,0,0,0,0,0,0,0,0,0,0,0],"split_type":[0,0,0,0,0,0,0,0,0,0,0,0,0],"sum_hessian":[9E0,2E0,7E0,1E0,1E0,5E0,2E0,2E0,3E0,1E0,1E0,1E0,2E0],"tree_param":{"num_deleted":"0","num_feature":"2","num_nodes":"13","size_leaf_vector":"1"}},{"base_weights":[3.7014007E-3,-6.237882E-1,2.3854733E-1,-7.552643E-2,-1.8041803E-2,5.5656433E-3,6.2499493E-1,-5.2482607E-3,4.771042E-2,1.8631745E-2,7.511749E-2,1.3893128E-3,5.435181E-3],"categories":[],"categories_nodes":[],"categories_segments":[],"categories_sizes":[],"default_left":[0,0,0,0,0,0,0,0,0,0,0,0,0],"id":69,"left_children":[1,3,5,-1,-1,7,9,-1,11,-1,-1,-1,-1],"loss_changes":[1.6224368E0,3.8614392E-2,7.168032E-1,0E0,0E0,1.718255E-2,2.609992E-2,0E0,1.432579E-4,0E0,0E0,0E0,0E0],"parents":[2147483647,0,0,1,1,2,2,5,5,6,6,8,8],"right_children":[2,4,6,-1,-1,8,10,-1,12,-1,-1,-1,-1],"split_conditions":[3.0103135E-1,2.00585E-1,9.02315E-1,-7.552643E-2,-1.8041803E-2,6.020384E-1,1E0,-5.2482607E-3,7.027601E-1,1.8631745E-2,7.511749E-2,1.3893128E-3,5.435181E-3],"split_indices":[0,0,0,0,0,0,0,0,0,0,0,0,0],"split_type":[0,0,0,0,0,0,0,0,0,0,0,0,0],"sum_hessian":[9E0,2E0,7E0,1E0,1E0,5E0,2E0,2E0,3E0,1E0,1E0,1E0,2E0],"tree_param":{"num_deleted":"0","num_feature":"2","num_nodes":"13","size_leaf_vector":"1"}},{"base_weights":[3.5079955E-3,-5.9259796E-1,2.2660923E-1,-7.175007E-2,-1.7139627E-2,5.2731833E-3,5.9374493E-1,-4.898326E-3,4.4647217E-2,1.7700195E-2,7.136154E-2,1.3198853E-3,5.073039E-3],"categories":[],"categories_nodes":[],"categories_segments":[],"categories_sizes":[],"default_left":[0,0,0,0,0,0,0,0,0,0,0,0,0],"id":70,"left_children":[1,3,5,-1,-1,7,9,-1,11,-1,-1,-1,-1],"loss_changes":[1.4642079E0,3.4850836E-2,6.4695203E-1,0E0,0E0,1.5004735E-2,2.3554206E-2,0E0,9.563938E-5,0E0,0E0,0E0,0E0],"parents":[2147483647,0,0,1,1,2,2,5,5,6,6,8,8],"right_children":[2,4,6,-1,-1,8,10,-1,12,-1,-1,-1,-1],"split_conditions":[3.0103135E-1,2.00585E-1,9.02315E-1,-7.175007E-2,-1.7139627E-2,6.020384E-1,1E0,-4.898326E-3,7.027601E-1,1.7700195E-2,7.136154E-2,1.3198853E-3,5.073039E-3],"split_indices":[0,0,0,0,0,0,0,0,0,0,0,0,0],"split_type":[0,0,0,0,0,0,0,0,0,0,0,0,0],"sum_hessian":[9E0,2E0,7E0,1E0,1E0,5E0,2E0,2E0,3E0,1E0,1E0,1E0,2E0],"tree_param":{"num_deleted":"0","num_feature":"2","num_nodes":"13","size_leaf_vector":"1"}},{"base_weights":[3.3233643E-3,-5.6296796E-1,2.1526718E-1,-6.816254E-2,-1.6282653E-2,4.9947104E-3,5.640564E-1,-4.5717875E-3,4.178047E-2,1.6815186E-2,6.779327E-2,1.253891E-3,4.7348025E-3],"categories":[],"categories_nodes":[],"categories_segments":[],"categories_sizes":[],"default_left":[0,0,0,0,0,0,0,0,0,0,0,0,0],"id":71,"left_children":[1,3,5,-1,-1,7,9,-1,11,-1,-1,-1,-1],"loss_changes":[1.3214079E0,3.1452537E-2,5.839088E-1,0E0,0E0,1.3103121E-2,2.1256864E-2,0E0,5.7522673E-5,0E0,0E0,0E0,0E0],"parents":[2147483647,0,0,1,1,2,2,5,5,6,6,8,8],"right_children":[2,4,6,-1,-1,8,10,-1,12,-1,-1,-1,-1],"split_conditions":[3.0103135E-1,2.00585E-1,9.02315E-1,-6.816254E-2,-1.6282653E-2,6.020384E-1,1E0,-4.5717875E-3,7.027601E-1,1.6815186E-2,6.779327E-2,1.253891E-3,4.7348025E-3],"split_indices":[0,0,0,0,0,0,0,0,0,0,0,0,0],"split_type":[0,0,0,0,0,0,0,0,0,0,0,0,0],"sum_hessian":[9E0,2E0,7E0,1E0,1E0,5E0,2E0,2E0,3E0,1E0,1E0,1E0,2E0],"tree_param":{"num_deleted":"0","num_feature":"2","num_nodes":"13","size_leaf_vector":"1"}},{"base_weights":[3.1478882E-3,-5.3482056E-1,2.0449257E-1,-6.4754486E-2,-1.5468597E-2,4.7302246E-3,5.358531E-1,-4.2671203E-3,3.909874E-2,1.5974427E-2,6.4403534E-2,1.19133E-3,4.4189454E-3],"categories":[],"categories_nodes":[],"categories_segments":[],"categories_sizes":[],"default_left":[0,0,0,0,0,0,0,0,0,0,0,0,0],"id":72,"left_children":[1,3,5,-1,-1,7,9,-1,11,-1,-1,-1,-1],"loss_changes":[1.1925377E0,2.8385162E-2,5.270121E-1,0E0,0E0,1.1443091E-2,1.9183934E-2,0E0,2.713129E-5,0E0,0E0,0E0,0E0],"parents":[2147483647,0,0,1,1,2,2,5,5,6,6,8,8],"right_children":[2,4,6,-1,-1,8,10,-1,12,-1,-1,-1,-1],"split_conditions":[3.0103135E-1,2.00585E-1,9.02315E-1,-6.4754486E-2,-1.5468597E-2,6.020384E-1,1E0,-4.2671203E-3,7.027601E-1,1.5974427E-2,6.4403534E-2,1.19133E-3,4.4189454E-3],"split_indices":[0,0,0,0,0,0,0,0,0,0,0,0,0],"split_type":[0,0,0,0,0,0,0,0,0,0,0,0,0],"sum_hessian":[9E0,2E0,7E0,1E0,1E0,5E0,2E0,2E0,3E0,1E0,1E0,1E0,2E0],"tree_param":{"num_deleted":"0","num_feature":"2","num_nodes":"13","size_leaf_vector":"1"}},{"base_weights":[2.9830933E-3,-5.080795E-1,1.9425869E-1,-6.151676E-2,-1.4695168E-2,4.4822693E-3,5.0905865E-1,-3.982544E-3,3.6592484E-2,1.51756285E-2,6.1183166E-2,1.1318207E-3,4.124451E-3],"categories":[],"categories_nodes":[],"categories_segments":[],"categories_sizes":[],"default_left":[0,0,0,0,0,0,0,0,0,0,0,0,0],"id":73,"left_children":[1,3,5,-1,-1,7,9,-1,11,-1,-1,-1,-1],"loss_changes":[1.076237E0,2.56176E-2,4.7565114E-1,0E0,0E0,9.993691E-3,1.7313838E-2,0E0,3.491994E-6,0E0,0E0,0E0,0E0],"parents":[2147483647,0,0,1,1,2,2,5,5,6,6,8,8],"right_children":[2,4,6,-1,-1,8,10,-1,12,-1,-1,-1,-1],"split_conditions":[3.0103135E-1,2.00585E-1,9.02315E-1,-6.151676E-2,-1.4695168E-2,6.020384E-1,1E0,-3.982544E-3,7.027601E-1,1.51756285E-2,6.1183166E-2,1.1318207E-3,4.124451E-3],"split_indices":[0,0,0,0,0,0,0,0,0,0,0,0,0],"split_type":[0,0,0,0,0,0,0,0,0,0,0,0,0],"sum_hessian":[9E0,2E0,7E0,1E0,1E0,5E0,2E0,2E0,3E0,1E0,1E0,1E0,2E0],"tree_param":{"num_deleted":"0","num_feature":"2","num_nodes":"13","size_leaf_vector":"1"}},{"base_weights":[2.8259277E-3,-4.8267618E-1,1.8453598E-1,-5.8440972E-2,-1.3960457E-2,4.245758E-3,4.8360443E-1,-3.717041E-3,3.4246445E-3,1.4416886E-2,5.812378E-2],"categories":[],"categories_nodes":[],"categories_segments":[],"categories_sizes":[],"default_left":[0,0,0,0,0,0,0,0,0,0,0],"id":74,"left_children":[1,3,5,-1,-1,7,9,-1,-1,-1,-1],"loss_changes":[9.7127724E-1,2.311939E-2,4.2929965E-1,0E0,0E0,8.728035E-3,1.5624344E-2,0E0,0E0,0E0,0E0],"parents":[2147483647,0,0,1,1,2,2,5,5,6,6],"right_children":[2,4,6,-1,-1,8,10,-1,-1,-1,-1],"split_conditions":[3.0103135E-1,2.00585E-1,9.02315E-1,-5.8440972E-2,-1.3960457E-2,6.020384E-1,1E0,-3.717041E-3,3.4246445E-3,1.4416886E-2,5.812378E-2],"split_indices":[0,0,0,0,0,0,0,0,0,0,0],"split_type":[0,0,0,0,0,0,0,0,0,0,0],"sum_hessian":[9E0,2E0,7E0,1E0,1E0,5E0,2E0,2E0,3E0,1E0,1E0],"tree_param":{"num_deleted":"0","num_feature":"2","num_nodes":"11","size_leaf_vector":"1"}},{"base_weights":[2.5276183E-3,-4.5854187E-1,1.7511272E-1,-5.5518914E-2,-1.3262368E-2,3.771464E-3,4.5942435E-1,-3.4693403E-3,3.1677246E-2,1.3695908E-2,5.5217743E-2,9.0408325E-4,3.6209107E-3],"categories":[],"categories_nodes":[],"categories_segments":[],"categories_sizes":[],"default_left":[0,0,0,0,0,0,0,0,0,0,0,0,0],"id":75,"left_children":[1,3,5,-1,-1,7,9,-1,11,-1,-1,-1,-1],"loss_changes":[8.760338E-1,2.0866036E-2,3.8798177E-1,0E0,0E0,7.539344E-3,1.4103234E-2,0E0,8.2979444E-5,0E0,0E0,0E0,0E0],"parents":[2147483647,0,0,1,1,2,2,5,5,6,6,8,8],"right_children":[2,4,6,-1,-1,8,10,-1,12,-1,-1,-1,-1],"split_conditions":[3.0103135E-1,2.00585E-1,9.02315E-1,-5.5518914E-2,-1.3262368E-2,6.020384E-1,1E0,-3.4693403E-3,7.027601E-1,1.3695908E-2,5.5217743E-2,9.0408325E-4,3.6209107E-3],"split_indices":[0,0,0,0,0,0,0,0,0,0,0,0,0],"split_type":[0,0,0,0,0,0,0,0,0,0,0,0,0],"sum_hessian":[9E0,2E0,7E0,1E0,1E0,5E0,2E0,2E0,3E0,1E0,1E0,1E0,2E0],"tree_param":{"num_deleted":"0","num_feature":"2","num_nodes":"13","size_leaf_vector":"1"}},{"base_weights":[2.3929595E-3,-4.3561426E-1,1.6634655E-1,-5.2742958E-2,-1.2599182E-2,3.5692852E-3,4.3645224E-1,-3.2381695E-3,2.9640198E-2,1.301117E-2,5.2456666E-2,1.3381959E-3,3.920746E-3],"categories":[],"categories_nodes":[],"categories_segments":[],"categories_sizes":[],"default_left":[0,0,0,0,0,0,0,0,0,0,0,0,0],"id":76,"left_children":[1,3,5,-1,-1,7,9,-1,11,-1,-1,-1,-1],"loss_changes":[7.905915E-1,1.8832445E-2,3.5017866E-1,0E0,0E0,6.583449E-3,1.2726843E-2,0E0,9.7514596E-5,0E0,0E0,0E0,0E0],"parents":[2147483647,0,0,1,1,2,2,5,5,6,6,8,8],"right_children":[2,4,6,-1,-1,8,10,-1,12,-1,-1,-1,-1],"split_conditions":[3.0103135E-1,2.00585E-1,9.02315E-1,-5.2742958E-2,-1.2599182E-2,6.020384E-1,1E0,-3.2381695E-3,8.0143625E-1,1.301117E-2,5.2456666E-2,1.3381959E-3,3.920746E-3],"split_indices":[0,0,0,0,0,0,0,0,0,0,0,0,0],"split_type":[0,0,0,0,0,0,0,0,0,0,0,0,0],"sum_hessian":[9E0,2E0,7E0,1E0,1E0,5E0,2E0,2E0,3E0,1E0,1E0,2E0,1E0],"tree_param":{"num_deleted":"0","num_feature":"2","num_nodes":"13","size_leaf_vector":"1"}},{"base_weights":[2.368927E-3,-4.1383362E-1,1.5814877E-1,-5.010586E-2,-1.1969185E-2,3.5502117E-3,4.146296E-1,-3.0222575E-3,2.7992249E-2,1.2360764E-2,4.983368E-2,1.2491862E-3,3.7246705E-3],"categories":[],"categories_nodes":[],"categories_segments":[],"categories_sizes":[],"default_left":[0,0,0,0,0,0,0,0,0,0,0,0,0],"id":77,"left_children":[1,3,5,-1,-1,7,9,-1,11,-1,-1,-1,-1],"loss_changes":[7.138069E-1,1.699686E-2,3.1574053E-1,0E0,0E0,5.798852E-3,1.1483669E-2,0E0,1.0850979E-4,0E0,0E0,0E0,0E0],"parents":[2147483647,0,0,1,1,2,2,5,5,6,6,8,8],"right_children":[2,4,6,-1,-1,8,10,-1,12,-1,-1,-1,-1],"split_conditions":[3.0103135E-1,2.00585E-1,9.02315E-1,-5.010586E-2,-1.1969185E-2,6.020384E-1,1E0,-3.0222575E-3,8.0143625E-1,1.2360764E-2,4.983368E-2,1.2491862E-3,3.7246705E-3],"split_indices":[0,0,0,0,0,0,0,0,0,0,0,0,0],"split_type":[0,0,0,0,0,0,0,0,0,0,0,0,0],"sum_hessian":[9E0,2E0,7E0,1E0,1E0,5E0,2E0,2E0,3E0,1E0,1E0,2E0,1E0],"tree_param":{"num_deleted":"0","num_feature":"2","num_nodes":"13","size_leaf_vector":"1"}},{"base_weights":[2.3387908E-3,-3.9314142E-1,1.5035152E-1,-4.7600556E-2,-1.1370659E-2,3.519694E-3,3.93898E-1,-2.8208414E-2,2.6435852E-2,1.1742783E-2,4.734192E-2,-3.3407211E-3,-8.9054107E-4,1.1657715E-3,3.5385133E-3],"categories":[],"categories_nodes":[],"categories_segments":[],"categories_sizes":[],"default_left":[0,0,0,0,0,0,0,0,0,0,0,0,0,0,0],"id":78,"left_children":[1,3,5,-1,-1,7,9,11,13,-1,-1,-1,-1,-1,-1],"loss_changes":[6.4447045E-1,1.5340418E-2,2.8469664E-1,0E0,0E0,5.1082317E-3,1.0363102E-2,3.5522971E-6,1.1650496E-4,0E0,0E0,0E0,0E0,0E0,0E0],"parents":[2147483647,0,0,1,1,2,2,5,5,6,6,7,7,8,8],"right_children":[2,4,6,-1,-1,8,10,12,14,-1,-1,-1,-1,-1,-1],"split_conditions":[3.0103135E-1,2.00585E-1,9.02315E-1,-4.7600556E-2,-1.1370659E-2,6.020384E-1,1E0,4.0184212E-1,8.0143625E-1,1.1742783E-2,4.734192E-2,-3.3407211E-3,-8.9054107E-4,1.1657715E-3,3.5385133E-3],"split_indices":[0,0,0,0,0,0,0,0,0,0,0,0,0,0,0],"split_type":[0,0,0,0,0,0,0,0,0,0,0,0,0,0,0],"sum_hessian":[9E0,2E0,7E0,1E0,1E0,5E0,2E0,2E0,3E0,1E0,1E0,1E0,1E0,2E0,1E0],"tree_param":{"num_deleted":"0","num_feature":"2","num_nodes":"15","size_leaf_vector":"1"}},{"base_weights":[2.162552E-3,-3.7348428E-1,1.427598E-1,-4.5220565E-2,-1.0802078E-2,3.2456715E-3,3.7420145E-1,-2.6798248E-2,2.4967194E-2,1.1155701E-2,4.4974517E-2,-3.1736374E-3,-8.4609987E-4,1.0879517E-3,3.3615113E-3],"categories":[],"categories_nodes":[],"categories_segments":[],"categories_sizes":[],"default_left":[0,0,0,0,0,0,0,0,0,0,0,0,0,0,0],"id":79,"left_children":[1,3,5,-1,-1,7,9,11,13,-1,-1,-1,-1,-1,-1],"loss_changes":[5.814676E-1,1.3845354E-2,2.5710052E-1,0E0,0E0,4.5846747E-3,9.351194E-3,3.1334348E-6,1.2160023E-4,0E0,0E0,0E0,0E0,0E0,0E0],"parents":[2147483647,0,0,1,1,2,2,5,5,6,6,7,7,8,8],"right_children":[2,4,6,-1,-1,8,10,12,14,-1,-1,-1,-1,-1,-1],"split_conditions":[3.0103135E-1,2.00585E-1,9.02315E-1,-4.5220565E-2,-1.0802078E-2,6.020384E-1,1E0,4.0184212E-1,8.0143625E-1,1.1155701E-2,4.4974517E-2,-3.1736374E-3,-8.4609987E-4,1.0879517E-3,3.3615113E-3],"split_indices":[0,0,0,0,0,0,0,0,0,0,0,0,0,0,0],"split_type":[0,0,0,0,0,0,0,0,0,0,0,0,0,0,0],"sum_hessian":[9E0,2E0,7E0,1E0,1E0,5E0,2E0,2E0,3E0,1E0,1E0,1E0,1E0,2E0,1E0],"tree_param":{"num_deleted":"0","num_feature":"2","num_nodes":"15","size_leaf_vector":"1"}},{"base_weights":[2.0000457E-3,-3.548101E-1,1.3555384E-1,-4.2959597E-2,-1.02619175E-2,2.9913585E-3,3.5549417E-1,-2.5458017E-2,2.3580551E-2,1.0597992E-2,4.2726137E-2,-3.0149461E-3,-8.037567E-4,1.0152181E-3,3.1932832E-3],"categories":[],"categories_nodes":[],"categories_segments":[],"categories_sizes":[],"default_left":[0,0,0,0,0,0,0,0,0,0,0,0,0,0,0],"id":80,"left_children":[1,3,5,-1,-1,7,9,11,13,-1,-1,-1,-1,-1,-1],"loss_changes":[5.246293E-1,1.2496203E-2,2.3218329E-1,0E0,0E0,4.1148122E-3,8.43969E-3,2.8527575E-6,1.2444193E-4,0E0,0E0,0E0,0E0,0E0,0E0],"parents":[2147483647,0,0,1,1,2,2,5,5,6,6,7,7,8,8],"right_children":[2,4,6,-1,-1,8,10,12,14,-1,-1,-1,-1,-1,-1],"split_conditions":[3.0103135E-1,2.00585E-1,9.02315E-1,-4.2959597E-2,-1.02619175E-2,6.020384E-1,1E0,4.0184212E-1,8.0143625E-1,1.0597992E-2,4.2726137E-2,-3.0149461E-3,-8.037567E-4,1.0152181E-3,3.1932832E-3],"split_indices":[0,0,0,0,0,0,0,0,0,0,0,0,0,0,0],"split_type":[0,0,0,0,0,0,0,0,0,0,0,0,0,0,0],"sum_hessian":[9E0,2E0,7E0,1E0,1E0,5E0,2E0,2E0,3E0,1E0,1E0,1E0,1E0,2E0,1E0],"tree_param":{"num_deleted":"0","num_feature":"2","num_nodes":"15","size_leaf_vector":"1"}},{"base_weights":[1.8493652E-3,-3.3706918E-1,1.2871265E-1,-4.081154E-2,-9.748841E-3,2.7567546E-3,3.3772025E-1,-2.418518E-2,2.2274017E-2,1.0068131E-2,4.0589906E-2,-2.8642656E-3,-7.635117E-4,9.4757084E-4,3.0334473E-3],"categories":[],"categories_nodes":[],"categories_segments":[],"categories_sizes":[],"default_left":[0,0,0,0,0,0,0,0,0,0,0,0,0,0,0],"id":81,"left_children":[1,3,5,-1,-1,7,9,11,13,-1,-1,-1,-1,-1,-1],"loss_changes":[4.733483E-1,1.1277407E-2,2.096749E-1,0E0,0E0,3.6936977E-3,7.616639E-3,2.6245834E-6,1.2520025E-4,0E0,0E0,0E0,0E0,0E0,0E0],"parents":[2147483647,0,0,1,1,2,2,5,5,6,6,7,7,8,8],"right_children":[2,4,6,-1,-1,8,10,12,14,-1,-1,-1,-1,-1,-1],"split_conditions":[3.0103135E-1,2.00585E-1,9.02315E-1,-4.081154E-2,-9.748841E-3,6.020384E-1,1E0,4.0184212E-1,8.0143625E-1,1.0068131E-2,4.0589906E-2,-2.8642656E-3,-7.635117E-4,9.4757084E-4,3.0334473E-3],"split_indices":[0,0,0,0,0,0,0,0,0,0,0,0,0,0,0],"split_type":[0,0,0,0,0,0,0,0,0,0,0,0,0,0,0],"sum_hessian":[9E0,2E0,7E0,1E0,1E0,5E0,2E0,2E0,3E0,1E0,1E0,1E0,1E0,2E0,1E0],"tree_param":{"num_deleted":"0","num_feature":"2","num_nodes":"15","size_leaf_vector":"1"}},{"base_weights":[1.7097474E-3,-3.202146E-1,1.22217655E-1,-3.8770866E-2,-9.261322E-3,2.5399525E-3,3.2083383E-1,-2.2975922E-2,2.104187E-2,9.564591E-3,3.8560487E-2,-2.7210235E-3,-7.253647E-4,8.845012E-4,2.8816224E-3],"categories":[],"categories_nodes":[],"categories_segments":[],"categories_sizes":[],"default_left":[0,0,0,0,0,0,0,0,0,0,0,0,0,0,0],"id":82,"left_children":[1,3,5,-1,-1,7,9,11,13,-1,-1,-1,-1,-1,-1],"loss_changes":[4.2708015E-1,1.0178298E-2,1.8934453E-1,0E0,0E0,3.3160122E-3,6.8754256E-3,2.3456523E-6,1.2441096E-4,0E0,0E0,0E0,0E0,0E0,0E0],"parents":[2147483647,0,0,1,1,2,2,5,5,6,6,7,7,8,8],"right_children":[2,4,6,-1,-1,8,10,12,14,-1,-1,-1,-1,-1,-1],"split_conditions":[3.0103135E-1,2.00585E-1,9.02315E-1,-3.8770866E-2,-9.261322E-3,6.020384E-1,1E0,4.0184212E-1,8.0143625E-1,9.564591E-3,3.8560487E-2,-2.7210235E-3,-7.253647E-4,8.845012E-4,2.8816224E-3],"split_indices":[0,0,0,0,0,0,0,0,0,0,0,0,0,0,0],"split_type":[0,0,0,0,0,0,0,0,0,0,0,0,0,0,0],"sum_hessian":[9E0,2E0,7E0,1E0,1E0,5E0,2E0,2E0,3E0,1E0,1E0,1E0,1E0,2E0,1E0],"tree_param":{"num_deleted":"0","num_feature":"2","num_nodes":"15","size_leaf_vector":"1"}},{"base_weights":[1.5796662E-3,-3.0420303E-1,1.1605072E-1,-3.683224E-2,-8.798218E-3,2.3384094E-3,3.0479178E-1,-2.1827698E-2,1.9878387E-2,9.086228E-3,3.6632538E-2,-2.5850297E-3,-6.891251E-4,8.255005E-4,2.737427E-3],"categories":[],"categories_nodes":[],"categories_segments":[],"categories_sizes":[],"default_left":[0,0,0,0,0,0,0,0,0,0,0,0,0,0,0],"id":83,"left_children":[1,3,5,-1,-1,7,9,11,13,-1,-1,-1,-1,-1,-1],"loss_changes":[3.8533565E-1,9.186029E-3,1.7098472E-1,0E0,0E0,2.9771372E-3,6.206423E-3,2.1092128E-6,1.2253528E-4,0E0,0E0,0E0,0E0,0E0,0E0],"parents":[2147483647,0,0,1,1,2,2,5,5,6,6,7,7,8,8],"right_children":[2,4,6,-1,-1,8,10,12,14,-1,-1,-1,-1,-1,-1],"split_conditions":[3.0103135E-1,2.00585E-1,9.02315E-1,-3.683224E-2,-8.798218E-3,6.020384E-1,1E0,4.0184212E-1,8.0143625E-1,9.086228E-3,3.6632538E-2,-2.5850297E-3,-6.891251E-4,8.255005E-4,2.737427E-3],"split_indices":[0,0,0,0,0,0,0,0,0,0,0,0,0,0,0],"split_type":[0,0,0,0,0,0,0,0,0,0,0,0,0,0,0],"sum_hessian":[9E0,2E0,7E0,1E0,1E0,5E0,2E0,2E0,3E0,1E0,1E0,1E0,1E0,2E0,1E0],"tree_param":{"num_deleted":"0","num_feature":"2","num_nodes":"15","size_leaf_vector":"1"}},{"base_weights":[1.4593124E-3,-2.889932E-1,1.1019659E-1,-3.4990598E-2,-8.358384E-3,2.1533966E-3,2.8955078E-1,-2.0735422E-2,1.8781662E-2,8.631897E-3,3.480072E-2,-2.4557114E-3,-6.546021E-4,7.7056885E-4,2.6004792E-3],"categories":[],"categories_nodes":[],"categories_segments":[],"categories_sizes":[],"default_left":[0,0,0,0,0,0,0,0,0,0,0,0,0,0,0],"id":84,"left_children":[1,3,5,-1,-1,7,9,11,13,-1,-1,-1,-1,-1,-1],"loss_changes":[3.476762E-1,8.289695E-3,1.544005E-1,0E0,0E0,2.6730536E-3,5.600989E-3,1.9312138E-6,1.1962792E-4,0E0,0E0,0E0,0E0,0E0,0E0],"parents":[2147483647,0,0,1,1,2,2,5,5,6,6,7,7,8,8],"right_children":[2,4,6,-1,-1,8,10,12,14,-1,-1,-1,-1,-1,-1],"split_conditions":[3.0103135E-1,2.00585E-1,9.02315E-1,-3.4990598E-2,-8.358384E-3,6.020384E-1,1E0,4.0184212E-1,8.0143625E-1,8.631897E-3,3.480072E-2,-2.4557114E-3,-6.546021E-4,7.7056885E-4,2.6004792E-3],"split_indices":[0,0,0,0,0,0,0,0,0,0,0,0,0,0,0],"split_type":[0,0,0,0,0,0,0,0,0,0,0,0,0,0,0],"sum_hessian":[9E0,2E0,7E0,1E0,1E0,5E0,2E0,2E0,3E0,1E0,1E0,1E0,1E0,2E0,1E0],"tree_param":{"num_deleted":"0","num_feature":"2","num_nodes":"15","size_leaf_vector":"1"}},{"base_weights":[1.3477325E-3,-2.7454376E-1,1.0463858E-1,-3.3241082E-2,-7.940483E-3,1.9817352E-3,2.7507272E-1,-1.9697824E-2,1.7745972E-2,8.2004545E-3,3.3060458E-2,-2.332878E-3,-6.2179565E-4,7.191976E-4,2.470398E-3],"categories":[],"categories_nodes":[],"categories_segments":[],"categories_sizes":[],"default_left":[0,0,0,0,0,0,0,0,0,0,0,0,0,0,0],"id":85,"left_children":[1,3,5,-1,-1,7,9,11,13,-1,-1,-1,-1,-1,-1],"loss_changes":[3.1369856E-1,7.481307E-3,1.3942474E-1,0E0,0E0,2.4001275E-3,5.0531924E-3,1.7770799E-6,1.1606875E-4,0E0,0E0,0E0,0E0,0E0,0E0],"parents":[2147483647,0,0,1,1,2,2,5,5,6,6,7,7,8,8],"right_children":[2,4,6,-1,-1,8,10,12,14,-1,-1,-1,-1,-1,-1],"split_conditions":[3.0103135E-1,2.00585E-1,9.02315E-1,-3.3241082E-2,-7.940483E-3,6.020384E-1,1E0,4.0184212E-1,8.0143625E-1,8.2004545E-3,3.3060458E-2,-2.332878E-3,-6.2179565E-4,7.191976E-4,2.470398E-3],"split_indices":[0,0,0,0,0,0,0,0,0,0,0,0,0,0,0],"split_type":[0,0,0,0,0,0,0,0,0,0,0,0,0,0,0],"sum_hessian":[9E0,2E0,7E0,1E0,1E0,5E0,2E0,2E0,3E0,1E0,1E0,1E0,1E0,2E0,1E0],"tree_param":{"num_deleted":"0","num_feature":"2","num_nodes":"15","size_leaf_vector":"1"}},{"base_weights":[1.2443543E-3,-2.6081595E-1,9.936142E-2,-3.1579018E-2,-7.5433734E-3,1.8234253E-3,2.6131693E-1,-1.8712362E-2,1.676941E-2,7.790375E-3,3.1407166E-2,-2.2161484E-3,-5.907059E-4,6.713867E-4,2.3468018E-3],"categories":[],"categories_nodes":[],"categories_segments":[],"categories_sizes":[],"default_left":[0,0,0,0,0,0,0,0,0,0,0,0,0,0,0],"id":86,"left_children":[1,3,5,-1,-1,7,9,11,13,-1,-1,-1,-1,-1,-1],"loss_changes":[2.8304088E-1,6.752506E-3,1.2589803E-1,0E0,0E0,2.1553603E-3,4.560396E-3,1.5919795E-6,1.118714E-4,0E0,0E0,0E0,0E0,0E0,0E0],"parents":[2147483647,0,0,1,1,2,2,5,5,6,6,7,7,8,8],"right_children":[2,4,6,-1,-1,8,10,12,14,-1,-1,-1,-1,-1,-1],"split_conditions":[3.0103135E-1,2.00585E-1,9.02315E-1,-3.1579018E-2,-7.5433734E-3,6.020384E-1,1E0,4.0184212E-1,8.0143625E-1,7.790375E-3,3.1407166E-2,-2.2161484E-3,-5.907059E-4,6.713867E-4,2.3468018E-3],"split_indices":[0,0,0,0,0,0,0,0,0,0,0,0,0,0,0],"split_type":[0,0,0,0,0,0,0,0,0,0,0,0,0,0,0],"sum_hessian":[9E0,2E0,7E0,1E0,1E0,5E0,2E0,2E0,3E0,1E0,1E0,1E0,1E0,2E0,1E0],"tree_param":{"num_deleted":"0","num_feature":"2","num_nodes":"15","size_leaf_vector":"1"}},{"base_weights":[1.1486054E-3,-2.4777603E-1,9.435177E-2,-3.0000115E-2,-7.16629E-3,1.6759237E-3,2.4825287E-1,-1.777649E-2,1.5846252E-2,7.400894E-3,2.9837037E-2,-2.1053315E-3,-5.61142E-4,6.266276E-4,2.2293092E-3],"categories":[],"categories_nodes":[],"categories_segments":[],"categories_sizes":[],"default_left":[0,0,0,0,0,0,0,0,0,0,0,0,0,0,0],"id":87,"left_children":[1,3,5,-1,-1,7,9,11,13,-1,-1,-1,-1,-1,-1],"loss_changes":[2.5538373E-1,6.093636E-3,1.1368727E-1,0E0,0E0,1.9355733E-3,4.1159242E-3,1.4493708E-6,1.07347616E-4,0E0,0E0,0E0,0E0,0E0,0E0],"parents":[2147483647,0,0,1,1,2,2,5,5,6,6,7,7,8,8],"right_children":[2,4,6,-1,-1,8,10,12,14,-1,-1,-1,-1,-1,-1],"split_conditions":[3.0103135E-1,2.00585E-1,9.02315E-1,-3.0000115E-2,-7.16629E-3,6.020384E-1,1E0,4.0184212E-1,8.0143625E-1,7.400894E-3,2.9837037E-2,-2.1053315E-3,-5.61142E-4,6.266276E-4,2.2293092E-3],"split_indices":[0,0,0,0,0,0,0,0,0,0,0,0,0,0,0],"split_type":[0,0,0,0,0,0,0,0,0,0,0,0,0,0,0],"sum_hessian":[9E0,2E0,7E0,1E0,1E0,5E0,2E0,2E0,3E0,1E0,1E0,1E0,1E0,2E0,1E0],"tree_param":{"num_deleted":"0","num_feature":"2","num_nodes":"15","size_leaf_vector":"1"}},{"base_weights":[1.061058E-3,-2.3538654E-1,8.959627E-2,-2.850008E-2,-6.8078996E-3,1.540502E-3,2.3584239E-1,-1.6887665E-2,1.4976501E-2,7.0308684E-3,2.834549E-2,-2.0000457E-3,-5.3310394E-4,5.849203E-4,2.11792E-3],"categories":[],"categories_nodes":[],"categories_segments":[],"categories_sizes":[],"default_left":[0,0,0,0,0,0,0,0,0,0,0,0,0,0,0],"id":88,"left_children":[1,3,5,-1,-1,7,9,11,13,-1,-1,-1,-1,-1,-1],"loss_changes":[2.3042913E-1,5.499959E-3,1.02659196E-1,0E0,0E0,1.7385232E-3,3.715098E-3,1.2968667E-6,1.0257412E-4,0E0,0E0,0E0,0E0,0E0,0E0],"parents":[2147483647,0,0,1,1,2,2,5,5,6,6,7,7,8,8],"right_children":[2,4,6,-1,-1,8,10,12,14,-1,-1,-1,-1,-1,-1],"split_conditions":[3.0103135E-1,2.00585E-1,9.02315E-1,-2.850008E-2,-6.8078996E-3,6.020384E-1,1E0,4.0184212E-1,8.0143625E-1,7.0308684E-3,2.834549E-2,-2.0000457E-3,-5.3310394E-4,5.849203E-4,2.11792E-3],"split_indices":[0,0,0,0,0,0,0,0,0,0,0,0,0,0,0],"split_type":[0,0,0,0,0,0,0,0,0,0,0,0,0,0,0],"sum_hessian":[9E0,2E0,7E0,1E0,1E0,5E0,2E0,2E0,3E0,1E0,1E0,1E0,1E0,2E0,1E0],"tree_param":{"num_deleted":"0","num_feature":"2","num_nodes":"15","size_leaf_vector":"1"}},{"base_weights":[9.771347E-4,-2.2361691E-1,8.507776E-2,-2.70751E-2,-6.467438E-3,1.4133453E-3,2.2404735E-1,-1.6043345E-2,1.4152527E-2,6.6791535E-3,2.6927948E-2,-1.9001007E-3,-5.0640106E-4,5.45756E-4,2.0118714E-3],"categories":[],"categories_nodes":[],"categories_segments":[],"categories_sizes":[],"default_left":[0,0,0,0,0,0,0,0,0,0,0,0,0,0,0],"id":89,"left_children":[1,3,5,-1,-1,7,9,11,13,-1,-1,-1,-1,-1,-1],"loss_changes":[2.0790984E-1,4.9641877E-3,9.26978E-2,0E0,0E0,1.5613575E-3,3.3534765E-3,1.1981465E-6,9.770406E-5,0E0,0E0,0E0,0E0,0E0,0E0],"parents":[2147483647,0,0,1,1,2,2,5,5,6,6,7,7,8,8],"right_children":[2,4,6,-1,-1,8,10,12,14,-1,-1,-1,-1,-1,-1],"split_conditions":[3.0103135E-1,2.00585E-1,9.02315E-1,-2.70751E-2,-6.467438E-3,6.020384E-1,1E0,4.0184212E-1,8.0143625E-1,6.6791535E-3,2.6927948E-2,-1.9001007E-3,-5.0640106E-4,5.45756E-4,2.0118714E-3],"split_indices":[0,0,0,0,0,0,0,0,0,0,0,0,0,0,0],"split_type":[0,0,0,0,0,0,0,0,0,0,0,0,0,0,0],"sum_hessian":[9E0,2E0,7E0,1E0,1E0,5E0,2E0,2E0,3E0,1E0,1E0,1E0,1E0,2E0,1E0],"tree_param":{"num_deleted":"0","num_feature":"2","num_nodes":"15","size_leaf_vector":"1"}},{"base_weights":[8.9988706E-4,-2.1243668E-1,8.078861E-2,-2.572136E-2,-6.1441422E-3,1.2957255E-3,2.1284485E-1,-1.5240987E-2,1.3374329E-2,6.3453675E-3,2.558136E-2,-1.8051148E-3,-4.8103332E-4,5.091349E-4,1.9111633E-3],"categories":[],"categories_nodes":[],"categories_segments":[],"categories_sizes":[],"default_left":[0,0,0,0,0,0,0,0,0,0,0,0,0,0,0],"id":90,"left_children":[1,3,5,-1,-1,7,9,11,13,-1,-1,-1,-1,-1,-1],"loss_changes":[1.8759434E-1,4.479721E-3,8.370447E-2,0E0,0E0,1.4022803E-3,3.0251294E-3,1.1033844E-6,9.2783885E-5,0E0,0E0,0E0,0E0,0E0,0E0],"parents":[2147483647,0,0,1,1,2,2,5,5,6,6,7,7,8,8],"right_children":[2,4,6,-1,-1,8,10,12,14,-1,-1,-1,-1,-1,-1],"split_conditions":[3.0103135E-1,2.00585E-1,9.02315E-1,-2.572136E-2,-6.1441422E-3,6.020384E-1,1E0,4.0184212E-1,8.0143625E-1,6.3453675E-3,2.558136E-2,-1.8051148E-3,-4.8103332E-4,5.091349E-4,1.9111633E-3],"split_indices":[0,0,0,0,0,0,0,0,0,0,0,0,0,0,0],"split_type":[0,0,0,0,0,0,0,0,0,0,0,0,0,0,0],"sum_hessian":[9E0,2E0,7E0,1E0,1E0,5E0,2E0,2E0,3E0,1E0,1E0,1E0,1E0,2E0,1E0],"tree_param":{"num_deleted":"0","num_feature":"2","num_nodes":"15","size_leaf_vector":"1"}},{"base_weights":[8.283615E-4,-2.0181465E-1,7.6715946E-2,-2.443533E-2,-5.836868E-3,1.1882782E-3,2.021993E-1,-1.447932E-3,1.2641907E-2,6.027985E-3,2.430191E-2,4.75057E-4,1.8157959E-3],"categories":[],"categories_nodes":[],"categories_segments":[],"categories_sizes":[],"default_left":[0,0,0,0,0,0,0,0,0,0,0,0,0],"id":91,"left_children":[1,3,5,-1,-1,7,9,-1,11,-1,-1,-1,-1],"loss_changes":[1.692633E-1,4.0434003E-3,7.557945E-2,0E0,0E0,1.2597513E-3,2.730228E-3,0E0,8.785544E-5,0E0,0E0,0E0,0E0],"parents":[2147483647,0,0,1,1,2,2,5,5,6,6,8,8],"right_children":[2,4,6,-1,-1,8,10,-1,12,-1,-1,-1,-1],"split_conditions":[3.0103135E-1,2.00585E-1,9.02315E-1,-2.443533E-2,-5.836868E-3,6.020384E-1,1E0,-1.447932E-3,8.0143625E-1,6.027985E-3,2.430191E-2,4.75057E-4,1.8157959E-3],"split_indices":[0,0,0,0,0,0,0,0,0,0,0,0,0],"split_type":[0,0,0,0,0,0,0,0,0,0,0,0,0],"sum_hessian":[9E0,2E0,7E0,1E0,1E0,5E0,2E0,2E0,3E0,1E0,1E0,2E0,1E0],"tree_param":{"num_deleted":"0","num_feature":"2","num_nodes":"13","size_leaf_vector":"1"}},{"base_weights":[8.358002E-4,-1.9172414E-1,7.29413E-2,-2.3213578E-2,-5.545044E-3,1.2111664E-3,1.9208781E-1,-1.3512929E-2,1.19514465E-2,5.726624E-3,2.3086548E-2,-1.642418E-3,-3.845215E-4,4.4352212E-4,1.7250062E-3],"categories":[],"categories_nodes":[],"categories_segments":[],"categories_sizes":[],"default_left":[0,0,0,0,0,0,0,0,0,0,0,0,0,0,0],"id":92,"left_children":[1,3,5,-1,-1,7,9,11,13,-1,-1,-1,-1,-1,-1],"loss_changes":[1.5283091E-1,3.6490932E-3,6.813851E-2,0E0,0E0,1.1103445E-3,2.4634004E-3,2.1280895E-5,8.279446E-5,0E0,0E0,0E0,0E0,0E0,0E0],"parents":[2147483647,0,0,1,1,2,2,5,5,6,6,7,7,8,8],"right_children":[2,4,6,-1,-1,8,10,12,14,-1,-1,-1,-1,-1,-1],"split_conditions":[3.0103135E-1,2.00585E-1,9.02315E-1,-2.3213578E-2,-5.545044E-3,6.020384E-1,1E0,4.0184212E-1,8.0143625E-1,5.726624E-3,2.3086548E-2,-1.642418E-3,-3.845215E-4,4.4352212E-4,1.7250062E-3],"split_indices":[0,0,0,0,0,0,0,0,0,0,0,0,0,0,0],"split_type":[0,0,0,0,0,0,0,0,0,0,0,0,0,0,0],"sum_hessian":[9E0,2E0,7E0,1E0,1E0,5E0,2E0,2E0,3E0,1E0,1E0,1E0,1E0,2E0,1E0],"tree_param":{"num_deleted":"0","num_feature":"2","num_nodes":"15","size_leaf_vector":"1"}},{"base_weights":[7.7228545E-4,-1.8213718E-1,6.9266796E-2,-2.205286E-2,-5.2677155E-3,1.1145273E-3,1.824824E-1,-1.2836456E-2,1.1299133E-2,5.4401397E-3,2.193222E-2,-1.5602112E-3,-3.6525726E-4,1.6593933E-4,1.3959248E-3],"categories":[],"categories_nodes":[],"categories_segments":[],"categories_sizes":[],"default_left":[0,0,0,0,0,0,0,0,0,0,0,0,0,0,0],"id":93,"left_children":[1,3,5,-1,-1,7,9,11,13,-1,-1,-1,-1,-1,-1],"loss_changes":[1.37899E-1,3.2936484E-3,6.1523817E-2,0E0,0E0,9.975525E-4,2.2240058E-3,1.9210507E-5,7.940736E-5,0E0,0E0,0E0,0E0,0E0,0E0],"parents":[2147483647,0,0,1,1,2,2,5,5,6,6,7,7,8,8],"right_children":[2,4,6,-1,-1,8,10,12,14,-1,-1,-1,-1,-1,-1],"split_conditions":[3.0103135E-1,2.00585E-1,9.02315E-1,-2.205286E-2,-5.2677155E-3,6.020384E-1,1E0,4.0184212E-1,7.027601E-1,5.4401397E-3,2.193222E-2,-1.5602112E-3,-3.6525726E-4,1.6593933E-4,1.3959248E-3],"split_indices":[0,0,0,0,0,0,0,0,0,0,0,0,0,0,0],"split_type":[0,0,0,0,0,0,0,0,0,0,0,0,0,0,0],"sum_hessian":[9E0,2E0,7E0,1E0,1E0,5E0,2E0,2E0,3E0,1E0,1E0,1E0,1E0,1E0,2E0],"tree_param":{"num_deleted":"0","num_feature":"2","num_nodes":"15","size_leaf_vector":"1"}},{"base_weights":[6.643295E-4,-1.7303021E-1,6.571674E-2,-2.0950222E-2,-5.0043105E-3,9.422302E-4,1.7336018E-1,-1.2194316E-2,1.0559082E-2,5.168152E-3,2.0835876E-2,-1.4822007E-3,-3.4694673E-4,3.6188762E-4,1.568985E-3],"categories":[],"categories_nodes":[],"categories_segments":[],"categories_sizes":[],"default_left":[0,0,0,0,0,0,0,0,0,0,0,0,0,0,0],"id":94,"left_children":[1,3,5,-1,-1,7,9,11,13,-1,-1,-1,-1,-1,-1],"loss_changes":[1.2436348E-1,2.9726177E-3,5.5617068E-2,0E0,0E0,8.86754E-4,2.0074472E-3,1.7354148E-5,8.565467E-5,0E0,0E0,0E0,0E0,0E0,0E0],"parents":[2147483647,0,0,1,1,2,2,5,5,6,6,7,7,8,8],"right_children":[2,4,6,-1,-1,8,10,12,14,-1,-1,-1,-1,-1,-1],"split_conditions":[3.0103135E-1,2.00585E-1,9.02315E-1,-2.0950222E-2,-5.0043105E-3,6.020384E-1,1E0,4.0184212E-1,8.0143625E-1,5.168152E-3,2.0835876E-2,-1.4822007E-3,-3.4694673E-4,3.6188762E-4,1.568985E-3],"split_indices":[0,0,0,0,0,0,0,0,0,0,0,0,0,0,0],"split_type":[0,0,0,0,0,0,0,0,0,0,0,0,0,0,0],"sum_hessian":[9E0,2E0,7E0,1E0,1E0,5E0,2E0,2E0,3E0,1E0,1E0,1E0,1E0,2E0,1E0],"tree_param":{"num_deleted":"0","num_feature":"2","num_nodes":"15","size_leaf_vector":"1"}},{"base_weights":[6.1473844E-4,-1.6437848E-1,6.2410355E-2,-1.9902706E-2,-4.7540665E-3,8.659363E-4,1.6469574E-1,-1.1583964E-2,9.986877E-3,4.9098968E-3,1.9794464E-2,-1.4080048E-3,-3.2958985E-4,3.3798217E-4,1.4904023E-3],"categories":[],"categories_nodes":[],"categories_segments":[],"categories_sizes":[],"default_left":[0,0,0,0,0,0,0,0,0,0,0,0,0,0,0],"id":95,"left_children":[1,3,5,-1,-1,7,9,11,13,-1,-1,-1,-1,-1,-1],"loss_changes":[1.122175E-1,2.6829168E-3,5.0218135E-2,0E0,0E0,7.9701643E-4,1.8115267E-3,1.5656726E-5,7.957846E-5,0E0,0E0,0E0,0E0,0E0,0E0],"parents":[2147483647,0,0,1,1,2,2,5,5,6,6,7,7,8,8],"right_children":[2,4,6,-1,-1,8,10,12,14,-1,-1,-1,-1,-1,-1],"split_conditions":[3.0103135E-1,2.00585E-1,9.02315E-1,-1.9902706E-2,-4.7540665E-3,6.020384E-1,1E0,4.0184212E-1,8.0143625E-1,4.9098968E-3,1.9794464E-2,-1.4080048E-3,-3.2958985E-4,3.3798217E-4,1.4904023E-3],"split_indices":[0,0,0,0,0,0,0,0,0,0,0,0,0,0,0],"split_type":[0,0,0,0,0,0,0,0,0,0,0,0,0,0,0],"sum_hessian":[9E0,2E0,7E0,1E0,1E0,5E0,2E0,2E0,3E0,1E0,1E0,1E0,1E0,2E0,1E0],"tree_param":{"num_deleted":"0","num_feature":"2","num_nodes":"15","size_leaf_vector":"1"}},{"base_weights":[5.6762696E-4,-1.5615971E-1,5.926943E-2,-1.8907547E-2,-4.516411E-3,7.953644E-4,1.5646107E-1,-1.1005402E-2,9.447098E-3,4.6642306E-3,1.8804932E-2,-1.3376236E-3,-3.1318664E-4,3.156026E-4,1.4160157E-3],"categories":[],"categories_nodes":[],"categories_segments":[],"categories_sizes":[],"default_left":[0,0,0,0,0,0,0,0,0,0,0,0,0,0,0],"id":96,"left_children":[1,3,5,-1,-1,7,9,11,13,-1,-1,-1,-1,-1,-1],"loss_changes":[1.0125727E-1,2.4210885E-3,4.5341082E-2,0E0,0E0,7.1655156E-4,1.6358942E-3,1.4107965E-5,7.391095E-5,0E0,0E0,0E0,0E0,0E0,0E0],"parents":[2147483647,0,0,1,1,2,2,5,5,6,6,7,7,8,8],"right_children":[2,4,6,-1,-1,8,10,12,14,-1,-1,-1,-1,-1,-1],"split_conditions":[3.0103135E-1,2.00585E-1,9.02315E-1,-1.8907547E-2,-4.516411E-3,6.020384E-1,1E0,4.0184212E-1,8.0143625E-1,4.6642306E-3,1.8804932E-2,-1.3376236E-3,-3.1318664E-4,3.156026E-4,1.4160157E-3],"split_indices":[0,0,0,0,0,0,0,0,0,0,0,0,0,0,0],"split_type":[0,0,0,0,0,0,0,0,0,0,0,0,0,0,0],"sum_hessian":[9E0,2E0,7E0,1E0,1E0,5E0,2E0,2E0,3E0,1E0,1E0,1E0,1E0,2E0,1E0],"tree_param":{"num_deleted":"0","num_feature":"2","num_nodes":"15","size_leaf_vector":"1"}},{"base_weights":[5.247116E-4,-1.4835167E-1,5.6287766E-2,-1.796217E-2,-4.2905807E-3,7.298787E-4,1.4864095E-1,-1.0454814E-2,8.935928E-3,4.4311523E-3,1.7864991E-2,-1.2706757E-3,-2.975464E-4,2.9474896E-4,1.3450623E-3],"categories":[],"categories_nodes":[],"categories_segments":[],"categories_sizes":[],"default_left":[0,0,0,0,0,0,0,0,0,0,0,0,0,0,0],"id":97,"left_children":[1,3,5,-1,-1,7,9,11,13,-1,-1,-1,-1,-1,-1],"loss_changes":[9.13684E-2,2.185069E-3,4.0939093E-2,0E0,0E0,6.4411625E-4,1.4761984E-3,1.2720731E-5,6.849834E-5,0E0,0E0,0E0,0E0,0E0,0E0],"parents":[2147483647,0,0,1,1,2,2,5,5,6,6,7,7,8,8],"right_children":[2,4,6,-1,-1,8,10,12,14,-1,-1,-1,-1,-1,-1],"split_conditions":[3.0103135E-1,2.00585E-1,9.02315E-1,-1.796217E-2,-4.2905807E-3,6.020384E-1,1E0,4.0184212E-1,8.0143625E-1,4.4311523E-3,1.7864991E-2,-1.2706757E-3,-2.975464E-4,2.9474896E-4,1.3450623E-3],"split_indices":[0,0,0,0,0,0,0,0,0,0,0,0,0,0,0],"split_type":[0,0,0,0,0,0,0,0,0,0,0,0,0,0,0],"sum_hessian":[9E0,2E0,7E0,1E0,1E0,5E0,2E0,2E0,3E0,1E0,1E0,1E0,1E0,2E0,1E0],"tree_param":{"num_deleted":"0","num_feature":"2","num_nodes":"15","size_leaf_vector":"1"}},{"base_weights":[4.8294067E-4,-1.4093399E-1,5.3453922E-2,-1.7064095E-2,-4.076004E-3,6.682078E-4,1.4120738E-1,-9.9322E-3,8.451462E-3,4.2095184E-3,1.6971588E-2,-1.207161E-3,-2.8266906E-4,2.7491254E-4,1.2779236E-3],"categories":[],"categories_nodes":[],"categories_segments":[],"categories_sizes":[],"default_left":[0,0,0,0,0,0,0,0,0,0,0,0,0,0,0],"id":98,"left_children":[1,3,5,-1,-1,7,9,11,13,-1,-1,-1,-1,-1,-1],"loss_changes":[8.244341E-2,1.972258E-3,3.6962673E-2,0E0,0E0,5.789756E-4,1.3324022E-3,1.1482072E-5,6.3582E-5,0E0,0E0,0E0,0E0,0E0,0E0],"parents":[2147483647,0,0,1,1,2,2,5,5,6,6,7,7,8,8],"right_children":[2,4,6,-1,-1,8,10,12,14,-1,-1,-1,-1,-1,-1],"split_conditions":[3.0103135E-1,2.00585E-1,9.02315E-1,-1.7064095E-2,-4.076004E-3,6.020384E-1,1E0,4.0184212E-1,8.0143625E-1,4.2095184E-3,1.6971588E-2,-1.207161E-3,-2.8266906E-4,2.7491254E-4,1.2779236E-3],"split_indices":[0,0,0,0,0,0,0,0,0,0,0,0,0,0,0],"split_type":[0,0,0,0,0,0,0,0,0,0,0,0,0,0,0],"sum_hessian":[9E0,2E0,7E0,1E0,1E0,5E0,2E0,2E0,3E0,1E0,1E0,1E0,1E0,2E0,1E0],"tree_param":{"num_deleted":"0","num_feature":"2","num_nodes":"15","size_leaf_vector":"1"}},{"base_weights":[4.447937E-4,-1.3388698E-1,5.0763607E-2,-1.6210938E-2,-3.8721084E-3,6.1098736E-4,1.3414764E-1,-9.43629E-3,7.993698E-3,3.9989473E-3,1.61232E-2,-1.1468887E-3,-2.685547E-4,2.5660198E-4,1.2138367E-3],"categories":[],"categories_nodes":[],"categories_segments":[],"categories_sizes":[],"default_left":[0,0,0,0,0,0,0,0,0,0,0,0,0,0,0],"id":99,"left_children":[1,3,5,-1,-1,7,9,11,13,-1,-1,-1,-1,-1,-1],"loss_changes":[7.439073E-2,1.7803833E-3,3.337346E-2,0E0,0E0,5.2048767E-4,1.2030527E-3,1.0364398E-5,5.883645E-5,0E0,0E0,0E0,0E0,0E0,0E0],"parents":[2147483647,0,0,1,1,2,2,5,5,6,6,7,7,8,8],"right_children":[2,4,6,-1,-1,8,10,12,14,-1,-1,-1,-1,-1,-1],"split_conditions":[3.0103135E-1,2.00585E-1,9.02315E-1,-1.6210938E-2,-3.8721084E-3,6.020384E-1,1E0,4.0184212E-1,8.0143625E-1,3.9989473E-3,1.61232E-2,-1.1468887E-3,-2.685547E-4,2.5660198E-4,1.2138367E-3],"split_indices":[0,0,0,0,0,0,0,0,0,0,0,0,0,0,0],"split_type":[0,0,0,0,0,0,0,0,0,0,0,0,0,0,0],"sum_hessian":[9E0,2E0,7E0,1E0,1E0,5E0,2E0,2E0,3E0,1E0,1E0,1E0,1E0,2E0,1E0],"tree_param":{"num_deleted":"0","num_feature":"2","num_nodes":"15","size_leaf_vector":"1"}}]},"name":"gbtree"},"learner_model_param":{"base_score":"8.53E1","boost_from_average":"1","num_class":"0","num_feature":"2","num_target":"1"},"objective":{"name":"reg:squarederror","reg_loss_param":{"scale_pos_weight":"1"}}},"version":[2,0,1]}