{"learner":{"attributes":{"scikit_learn":"{\"_estimator_type\": \"regressor\"}"},"feature_names":[],"feature_types":[],"gradient_booster":{"model":{"gbtree_model_param":{"num_parallel_tree":"1","num_trees":"100"},"iteration_indptr":[0,1,2,3,4,5,6,7,8,9,10,11,12,13,14,15,16,17,18,19,20,21,22,23,24,25,26,27,28,29,30,31,32,33,34,35,36,37,38,39,40,41,42,43,44,45,46,47,48,49,50,51,52,53,54,55,56,57,58,59,60,61,62,63,64,65,66,67,68,69,70,71,72,73,74,75,76,77,78,79,80,81,82,83,84,85,86,87,88,89,90,91,92,93,94,95,96,97,98,99,100],"tree_info":[0,0,0,0,0,0,0,0,0,0,0,0,0,0,0,0,0,0,0,0,0,0,0,0,0,0,0,0,0,0,0,0,0,0,0,0,0,0,0,0,0,0,0,0,0,0,0,0,0,0,0,0,0,0,0,0,0,0,0,0,0,0,0,0,0,0,0,0,0,0,0,0,0,0,0,0,0,0,0,0,0,0,0,0,0,0,0,0,0,0,0,0,0,0,0,0,0,0,0,0],"trees":[{"base_weights":[-7.6293946E-7,-1.2214816E1,1.4657778E1,-1.4122223E0,-1.3388892E-1,2.161111E-1,1.7241668E0],"categories":[],"categories_nodes":[],"categories_segments":[],"categories_sizes":[],"default_left":[0,0,0,0,0,0,0],"id":0,"left_children":[1,3,5,-1,-1,-1,-1],"loss_changes":[1.9694626E3,1.0556079E2,1.2418884E2,0E0,0E0,0E0,0E0],"parents":[2147483647,0,0,1,1,2,2],"right_children":[2,4,6,-1,-1,-1,-1],"split_conditions":[5.0180185E-1,3.9839435E-1,7.987923E-1,-1.4122223E0,-1.3388892E-1,2.161111E-1,1.7241668E0],"split_indices":[0,0,0,0,0,0,0],"split_type":[0,0,0,0,0,0,0],"sum_hessian":[9E0,5E0,4E0,4E0,1E0,1E0,3E0],"tree_param":{"num_deleted":"0","num_feature":"2","num_nodes":"7","size_leaf_vector":"1"}},{"base_weights":[3.941574E-2,-1.12510195E1,1.3580055E1,-1.4349169E0,-3.369816E-1,2.0530558E-1,1.5948542E0],"categories":[],"categories_nodes":[],"categories_segments":[],"categories_sizes":[],"default_left":[0,0,0,0,0,0,0],"id":1,"left_children":[1,3,5,-1,-1,-1,-1],"loss_changes":[1.6815867E3,9.814874E1,1.0376453E2,0E0,0E0,0E0,0E0],"parents":[2147483647,0,0,1,1,2,2],"right_children":[2,4,6,-1,-1,-1,-1],"split_conditions":[5.0180185E-1,3.011298E-1,7.987923E-1,-1.4349169E0,-3.369816E-1,2.0530558E-1,1.5948542E0],"split_indices":[0,0,0,0,0,0,0],"split_type":[0,0,0,0,0,0,0],"sum_hessian":[9E0,5E0,4E0,3E0,2E0,1E0,3E0],"tree_param":{"num_deleted":"0","num_feature":"2","num_nodes":"7","size_leaf_vector":"1"}},{"base_weights":[3.8300324E-2,-1.0421234E1,1.2582082E1,-1.327298E0,-3.145162E-1,1.9504033E-1,1.4752401E0],"categories":[],"categories_nodes":[],"categories_segments":[],"categories_sizes":[],"default_left":[0,0,0,0,0,0,0],"id":2,"left_children":[1,3,5,-1,-1,-1,-1],"loss_changes":[1.443142E3,8.27514E1,8.6597534E1,0E0,0E0,0E0,0E0],"parents":[2147483647,0,0,1,1,2,2],"right_children":[2,4,6,-1,-1,-1,-1],"split_conditions":[5.0180185E-1,3.011298E-1,7.987923E-1,-1.327298E0,-3.145162E-1,1.9504033E-1,1.4752401E0],"split_indices":[0,0,0,0,0,0,0],"split_type":[0,0,0,0,0,0,0],"sum_hessian":[9E0,5E0,4E0,3E0,2E0,1E0,3E0],"tree_param":{"num_deleted":"0","num_feature":"2","num_nodes":"7","size_leaf_vector":"1"}},{"base_weights":[3.7316512E-2,-9.652747E0,1.1657929E1,-1.1204818E0,-9.4619654E-2,1.8528834E-1,1.364597E0],"categories":[],"categories_nodes":[],"categories_segments":[],"categories_sizes":[],"default_left":[0,0,0,0,0,0,0],"id":3,"left_children":[1,3,5,-1,-1,-1,-1],"loss_changes":[1.2385758E3,7.047711E1,7.217975E1,0E0,0E0,0E0,0E0],"parents":[2147483647,0,0,1,1,2,2],"right_children":[2,4,6,-1,-1,-1,-1],"split_conditions":[5.0180185E-1,3.9839435E-1,7.987923E-1,-1.1204818E0,-9.4619654E-2,1.8528834E-1,1.364597E0],"split_indices":[0,0,0,0,0,0,0],"split_type":[0,0,0,0,0,0,0],"sum_hessian":[9E0,5E0,4E0,4E0,1E0,1E0,3E0],"tree_param":{"num_deleted":"0","num_feature":"2","num_nodes":"7","size_leaf_vector":"1"}},{"base_weights":[6.706371E-2,-8.889989E0,1.08021145E1,-1.1437145E0,-2.5304508E-1,1.7602396E-1,1.2622523E0],"categories":[],"categories_nodes":[],"categories_segments":[],"categories_sizes":[],"default_left":[0,0,0,0,0,0,0],"id":4,"left_children":[1,3,5,-1,-1,-1,-1],"loss_changes":[1.0575748E3,6.825131E1,6.0080933E1,0E0,0E0,0E0,0E0],"parents":[2147483647,0,0,1,1,2,2],"right_children":[2,4,6,-1,-1,-1,-1],"split_conditions":[5.0180185E-1,3.011298E-1,7.987923E-1,-1.1437145E0,-2.5304508E-1,1.7602396E-1,1.2622523E0],"split_indices":[0,0,0,0,0,0,0],"split_type":[0,0,0,0,0,0,0],"sum_hessian":[9E0,5E0,4E0,3E0,2E0,1E0,3E0],"tree_param":{"num_deleted":"0","num_feature":"2","num_nodes":"7","size_leaf_vector":"1"}},{"base_weights":[6.45092E-2,-8.233783E0,1.0009558E1,-1.057936E0,-2.3617534E-1,1.6722278E-1,1.1675833E0],"categories":[],"categories_nodes":[],"categories_segments":[],"categories_sizes":[],"default_left":[0,0,0,0,0,0,0],"id":5,"left_children":[1,3,5,-1,-1,-1,-1],"loss_changes":[9.076857E2,5.765393E1,4.993683E1,0E0,0E0,0E0,0E0],"parents":[2147483647,0,0,1,1,2,2],"right_children":[2,4,6,-1,-1,-1,-1],"split_conditions":[5.0180185E-1,3.011298E-1,7.987923E-1,-1.057936E0,-2.3617534E-1,1.6722278E-1,1.1675833E0],"split_indices":[0,0,0,0,0,0,0],"split_type":[0,0,0,0,0,0,0],"sum_hessian":[9E0,5E0,4E0,3E0,2E0,1E0,3E0],"tree_param":{"num_deleted":"0","num_feature":"2","num_nodes":"7","size_leaf_vector":"1"}},{"base_weights":[6.2127687E-2,-7.62609E0,9.275563E0,-9.785908E-1,-2.204303E0,1.5886164E-1,1.0800146E0,-2.6521787E-1,-6.5427594E-2],"categories":[],"categories_nodes":[],"categories_segments":[],"categories_sizes":[],"default_left":[0,0,0,0,0,0,0,0,0],"id":6,"left_children":[1,3,5,-1,7,-1,-1,-1,-1],"loss_changes":[7.7908527E2,4.868933E1,4.1439667E1,0E0,3.4740257E-1,0E0,0E0,0E0,0E0],"parents":[2147483647,0,0,1,1,2,2,4,4],"right_children":[2,4,6,-1,8,-1,-1,-1,-1],"split_conditions":[5.0180185E-1,3.011298E-1,7.987923E-1,-9.785908E-1,3.9839435E-1,1.5886164E-1,1.0800146E0,-2.6521787E-1,-6.5427594E-2],"split_indices":[0,0,0,0,0,0,0,0,0],"split_type":[0,0,0,0,0,0,0,0,0],"sum_hessian":[9E0,5E0,4E0,3E0,2E0,1E0,3E0,1E0,1E0],"tree_param":{"num_deleted":"0","num_feature":"2","num_nodes":"9","size_leaf_vector":"1"}},{"base_weights":[4.8879243E-2,-7.0816875E0,8.595783E0,-8.2494E0,-6.21562E-2,1.5091859E-1,9.990136E-1,-9.051966E-1,-2.5195694E-1],"categories":[],"categories_nodes":[],"categories_segments":[],"categories_sizes":[],"default_left":[0,0,0,0,0,0,0,0,0],"id":7,"left_children":[1,3,5,7,-1,-1,-1,-1,-1],"loss_changes":[6.7031537E2,4.013391E1,3.4329132E1,1.857605E-1,0E0,0E0,0E0,0E0,0E0],"parents":[2147483647,0,0,1,1,2,2,3,3],"right_children":[2,4,6,8,-1,-1,-1,-1,-1],"split_conditions":[5.0180185E-1,3.9839435E-1,7.987923E-1,3.011298E-1,-6.21562E-2,1.5091859E-1,9.990136E-1,-9.051966E-1,-2.5195694E-1],"split_indices":[0,0,0,0,0,0,0,0,0],"split_type":[0,0,0,0,0,0,0,0,0],"sum_hessian":[9E0,5E0,4E0,4E0,1E0,1E0,3E0,3E0,1E0],"tree_param":{"num_deleted":"0","num_feature":"2","num_nodes":"9","size_leaf_vector":"1"}},{"base_weights":[3.7054252E-2,-6.5767365E0,7.9661922E0,-7.6558906E-1,-5.9048366E-2,1.4337264E-1,9.240877E-1],"categories":[],"categories_nodes":[],"categories_segments":[],"categories_sizes":[],"default_left":[0,0,0,0,0,0,0],"id":8,"left_children":[1,3,5,-1,-1,-1,-1],"loss_changes":[5.7680817E2,3.4239838E1,2.8385315E1,0E0,0E0,0E0,0E0],"parents":[2147483647,0,0,1,1,2,2],"right_children":[2,4,6,-1,-1,-1,-1],"split_conditions":[5.0180185E-1,3.9839435E-1,7.987923E-1,-7.6558906E-1,-5.9048366E-2,1.4337264E-1,9.240877E-1],"split_indices":[0,0,0,0,0,0,0],"split_type":[0,0,0,0,0,0,0],"sum_hessian":[9E0,5E0,4E0,4E0,1E0,1E0,3E0],"tree_param":{"num_deleted":"0","num_feature":"2","num_nodes":"7","size_leaf_vector":"1"}},{"base_weights":[5.763092E-2,-6.056503E0,7.383065E0,-8.68789E-1,-2.5688367E0,1.3620396E-1,8.5478115E-1,-3.0511424E-1,-5.6095984E-2],"categories":[],"categories_nodes":[],"categories_segments":[],"categories_sizes":[],"default_left":[0,0,0,0,0,0,0,0,0],"id":9,"left_children":[1,3,5,-1,7,-1,-1,-1,-1],"loss_changes":[4.926024E2,3.2746643E1,2.3422363E1,0E0,2.1620731E0,0E0,0E0,0E0,0E0],"parents":[2147483647,0,0,1,1,2,2,4,4],"right_children":[2,4,6,-1,8,-1,-1,-1,-1],"split_conditions":[5.0180185E-1,2.0125642E-1,7.987923E-1,-8.68789E-1,3.9839435E-1,1.3620396E-1,8.5478115E-1,-3.0511424E-1,-5.6095984E-2],"split_indices":[0,0,0,0,0,0,0,0,0],"split_type":[0,0,0,0,0,0,0,0,0],"sum_hessian":[9E0,5E0,4E0,2E0,3E0,1E0,3E0,2E0,1E0],"tree_param":{"num_deleted":"0","num_feature":"2","num_nodes":"9","size_leaf_vector":"1"}},{"base_weights":[2.7966117E-2,-5.6558523E0,6.842955E0,-8.108697E-1,-2.4022558E0,1.2939377E-1,7.906725E-1,-2.847733E-1,-5.3291228E-2],"categories":[],"categories_nodes":[],"categories_segments":[],"categories_sizes":[],"default_left":[0,0,0,0,0,0,0,0,0],"id":10,"left_children":[1,3,5,-1,7,-1,-1,-1,-1],"loss_changes":[4.2605435E2,2.840422E1,1.9283585E1,0E0,1.8134079E0,0E0,0E0,0E0,0E0],"parents":[2147483647,0,0,1,1,2,2,4,4],"right_children":[2,4,6,-1,8,-1,-1,-1,-1],"split_conditions":[5.0180185E-1,2.0125642E-1,7.987923E-1,-8.108697E-1,3.9839435E-1,1.2939377E-1,7.906725E-1,-2.847733E-1,-5.3291228E-2],"split_indices":[0,0,0,0,0,0,0,0,0],"split_type":[0,0,0,0,0,0,0,0,0],"sum_hessian":[9E0,5E0,4E0,2E0,3E0,1E0,3E0,2E0,1E0],"tree_param":{"num_deleted":"0","num_feature":"2","num_nodes":"9","size_leaf_vector":"1"}},{"base_weights":[2.2826195E-3,-5.2817564E0,6.342673E0,-6.811575E-1,-1.481413E-1,1.22924045E-1,7.3137206E-1],"categories":[],"categories_nodes":[],"categories_segments":[],"categories_sizes":[],"default_left":[0,0,0,0,0,0,0],"id":11,"left_children":[1,3,5,-1,-1,-1,-1],"loss_changes":[3.685291E2,2.4792252E1,1.5836609E1,0E0,0E0,0E0,0E0],"parents":[2147483647,0,0,1,1,2,2],"right_children":[2,4,6,-1,-1,-1,-1],"split_conditions":[5.0180185E-1,3.011298E-1,7.987923E-1,-6.811575E-1,-1.481413E-1,1.22924045E-1,7.3137206E-1],"split_indices":[0,0,0,0,0,0,0],"split_type":[0,0,0,0,0,0,0],"sum_hessian":[9E0,5E0,4E0,3E0,2E0,1E0,3E0],"tree_param":{"num_deleted":"0","num_feature":"2","num_nodes":"7","size_leaf_vector":"1"}},{"base_weights":[4.5538424E-3,-4.891797E0,5.879264E0,-7.114012E-1,-2.0021863E0,1.167778E-1,6.765191E-1,-2.3814514E-1,-4.3219566E-2],"categories":[],"categories_nodes":[],"categories_segments":[],"categories_sizes":[],"default_left":[0,0,0,0,0,0,0,0,0],"id":12,"left_children":[1,3,5,-1,7,-1,-1,-1,-1],"loss_changes":[3.164066E2,2.4284454E1,1.2969925E1,0E0,1.3525181E0,0E0,0E0,0E0,0E0],"parents":[2147483647,0,0,1,1,2,2,4,4],"right_children":[2,4,6,-1,8,-1,-1,-1,-1],"split_conditions":[5.0180185E-1,2.0125642E-1,7.987923E-1,-7.114012E-1,3.9839435E-1,1.167778E-1,6.765191E-1,-2.3814514E-1,-4.3219566E-2],"split_indices":[0,0,0,0,0,0,0,0,0],"split_type":[0,0,0,0,0,0,0,0,0],"sum_hessian":[9E0,5E0,4E0,2E0,3E0,1E0,3E0,2E0,1E0],"tree_param":{"num_deleted":"0","num_feature":"2","num_nodes":"9","size_leaf_vector":"1"}},{"base_weights":[-1.5847826E-2,-4.568078E0,5.449998E0,-6.6397446E-1,-1.8723085E0,1.1093893E-1,6.257803E-1,-2.2226878E-1,-4.105854E-2],"categories":[],"categories_nodes":[],"categories_segments":[],"categories_sizes":[],"default_left":[0,0,0,0,0,0,0,0,0],"id":13,"left_children":[1,3,5,-1,7,-1,-1,-1,-1],"loss_changes":[2.7371393E2,2.107676E1,1.0589493E1,0E0,1.1360264E0,0E0,0E0,0E0,0E0],"parents":[2147483647,0,0,1,1,2,2,4,4],"right_children":[2,4,6,-1,8,-1,-1,-1,-1],"split_conditions":[5.0180185E-1,2.0125642E-1,7.987923E-1,-6.6397446E-1,3.9839435E-1,1.1093893E-1,6.257803E-1,-2.2226878E-1,-4.105854E-2],"split_indices":[0,0,0,0,0,0,0,0,0],"split_type":[0,0,0,0,0,0,0,0,0],"sum_hessian":[9E0,5E0,4E0,2E0,3E0,1E0,3E0,2E0,1E0],"tree_param":{"num_deleted":"0","num_feature":"2","num_nodes":"9","size_leaf_vector":"1"}},{"base_weights":[-3.332181E-2,-4.2658205E0,5.052341E0,-6.197095E-1,-1.7509096E0,1.0539198E-1,5.7884663E-1,-2.0745085E-1,-3.9005663E-2],"categories":[],"categories_nodes":[],"categories_segments":[],"categories_sizes":[],"default_left":[0,0,0,0,0,0,0,0,0],"id":14,"left_children":[1,3,5,-1,7,-1,-1,-1,-1],"loss_changes":[2.36803E2,1.8291351E1,8.616119E0,0E0,9.523058E-1,0E0,0E0,0E0,0E0],"parents":[2147483647,0,0,1,1,2,2,4,4],"right_children":[2,4,6,-1,8,-1,-1,-1,-1],"split_conditions":[5.0180185E-1,2.0125642E-1,7.987923E-1,-6.197095E-1,3.9839435E-1,1.0539198E-1,5.7884663E-1,-2.0745085E-1,-3.9005663E-2],"split_indices":[0,0,0,0,0,0,0,0,0],"split_type":[0,0,0,0,0,0,0,0,0],"sum_hessian":[9E0,5E0,4E0,2E0,3E0,1E0,3E0,2E0,1E0],"tree_param":{"num_deleted":"0","num_feature":"2","num_nodes":"9","size_leaf_vector":"1"}},{"base_weights":[-4.8182152E-2,-3.9835994E0,4.683955E0,-5.7839555E-1,-1.6374328E0,1.8249632E-1,5.9816283E-1,-1.9362079E-1,-3.70554E-2],"categories":[],"categories_nodes":[],"categories_segments":[],"categories_sizes":[],"default_left":[0,0,0,0,0,0,0,0,0],"id":15,"left_children":[1,3,5,-1,7,-1,-1,-1,-1],"loss_changes":[2.0488835E2,1.5872765E1,7.6339417E0,0E0,7.965765E-1,0E0,0E0,0E0,0E0],"parents":[2147483647,0,0,1,1,2,2,4,4],"right_children":[2,4,6,-1,8,-1,-1,-1,-1],"split_conditions":[5.0180185E-1,2.0125642E-1,9.0663826E-1,-5.7839555E-1,3.9839435E-1,1.8249632E-1,5.9816283E-1,-1.9362079E-1,-3.70554E-2],"split_indices":[0,0,0,0,0,0,0,0,0],"split_type":[0,0,0,0,0,0,0,0,0],"sum_hessian":[9E0,5E0,4E0,2E0,3E0,2E0,2E0,2E0,1E0],"tree_param":{"num_deleted":"0","num_feature":"2","num_nodes":"9","size_leaf_vector":"1"}},{"base_weights":[-4.6205185E-2,-3.7200847E0,4.371691E0,-5.398358E-1,-1.5313585E0,1.7032991E-1,5.582853E-1,-1.8071274E-1,-3.52026E-2],"categories":[],"categories_nodes":[],"categories_segments":[],"categories_sizes":[],"default_left":[0,0,0,0,0,0,0,0,0],"id":16,"left_children":[1,3,5,-1,7,-1,-1,-1,-1],"loss_changes":[1.7857124E2,1.3772858E1,6.649994E0,0E0,6.647377E-1,0E0,0E0,0E0,0E0],"parents":[2147483647,0,0,1,1,2,2,4,4],"right_children":[2,4,6,-1,8,-1,-1,-1,-1],"split_conditions":[5.0180185E-1,2.0125642E-1,9.0663826E-1,-5.398358E-1,3.9839435E-1,1.7032991E-1,5.582853E-1,-1.8071274E-1,-3.52026E-2],"split_indices":[0,0,0,0,0,0,0,0,0],"split_type":[0,0,0,0,0,0,0,0,0],"sum_hessian":[9E0,5E0,4E0,2E0,3E0,2E0,2E0,2E0,1E0],"tree_param":{"num_deleted":"0","num_feature":"2","num_nodes":"9","size_leaf_vector":"1"}},{"base_weights":[-4.4298124E-2,-3.4740345E0,4.080245E0,-5.0384676E-1,-1.4322014E0,8.2481004E-2,4.6879014E-1,-1.6866519E-1,-3.3442497E-2],"categories":[],"categories_nodes":[],"categories_segments":[],"categories_sizes":[],"default_left":[0,0,0,0,0,0,0,0,0],"id":17,"left_children":[1,3,5,-1,7,-1,-1,-1,-1],"loss_changes":[1.5563588E2,1.194976E1,6.0243073E0,0E0,5.532608E-1,0E0,0E0,0E0,0E0],"parents":[2147483647,0,0,1,1,2,2,4,4],"right_children":[2,4,6,-1,8,-1,-1,-1,-1],"split_conditions":[5.0180185E-1,2.0125642E-1,7.987923E-1,-5.0384676E-1,3.9839435E-1,8.2481004E-2,4.6879014E-1,-1.6866519E-1,-3.3442497E-2],"split_indices":[0,0,0,0,0,0,0,0,0],"split_type":[0,0,0,0,0,0,0,0,0],"sum_hessian":[9E0,5E0,4E0,2E0,3E0,1E0,3E0,2E0,1E0],"tree_param":{"num_deleted":"0","num_feature":"2","num_nodes":"9","size_leaf_vector":"1"}},{"base_weights":[-5.5337094E-2,-3.2442899E0,3.7824738E0,-4.702569E-1,-1.339508E0,1.4059882E-1,4.8981348E-1,-1.5742086E-1,-3.1770326E-2],"categories":[],"categories_nodes":[],"categories_segments":[],"categories_sizes":[],"default_left":[0,0,0,0,0,0,0,0,0],"id":18,"left_children":[1,3,5,-1,7,-1,-1,-1,-1],"loss_changes":[1.3465741E2,1.0367092E1,6.370041E0,0E0,4.5914173E-1,0E0,0E0,0E0,0E0],"parents":[2147483647,0,0,1,1,2,2,4,4],"right_children":[2,4,6,-1,8,-1,-1,-1,-1],"split_conditions":[5.0180185E-1,2.0125642E-1,9.0663826E-1,-4.702569E-1,3.9839435E-1,1.4059882E-1,4.8981348E-1,-1.5742086E-1,-3.1770326E-2],"split_indices":[0,0,0,0,0,0,0,0,0],"split_type":[0,0,0,0,0,0,0,0,0],"sum_hessian":[9E0,5E0,4E0,2E0,3E0,2E0,2E0,2E0,1E0],"tree_param":{"num_deleted":"0","num_feature":"2","num_nodes":"9","size_leaf_vector":"1"}},{"base_weights":[-5.2707054E-2,-3.029769E0,3.5303085E0,-4.389065E-1,-1.2528548E0,1.3122559E-1,4.571592E-1,-1.4692612E-1,-3.018179E-2],"categories":[],"categories_nodes":[],"categories_segments":[],"categories_sizes":[],"default_left":[0,0,0,0,0,0,0,0,0],"id":19,"left_children":[1,3,5,-1,7,-1,-1,-1,-1],"loss_changes":[1.1736461E2,8.993256E0,5.549011E0,0E0,3.797922E-1,0E0,0E0,0E0,0E0],"parents":[2147483647,0,0,1,1,2,2,4,4],"right_children":[2,4,6,-1,8,-1,-1,-1,-1],"split_conditions":[5.0180185E-1,2.0125642E-1,9.0663826E-1,-4.389065E-1,3.9839435E-1,1.3122559E-1,4.571592E-1,-1.4692612E-1,-3.018179E-2],"split_indices":[0,0,0,0,0,0,0,0,0],"split_type":[0,0,0,0,0,0,0,0,0],"sum_hessian":[9E0,5E0,4E0,2E0,3E0,2E0,2E0,2E0,1E0],"tree_param":{"num_deleted":"0","num_feature":"2","num_nodes":"9","size_leaf_vector":"1"}},{"base_weights":[-5.0199557E-2,-2.8294609E0,3.2949538E0,-4.0964603E-1,-1.1718462E0,1.2247721E-1,4.2668176E-1,-1.3713102E-1,-2.8672695E-2],"categories":[],"categories_nodes":[],"categories_segments":[],"categories_sizes":[],"default_left":[0,0,0,0,0,0,0,0,0],"id":20,"left_children":[1,3,5,-1,7,-1,-1,-1,-1],"loss_changes":[1.02293495E2,7.8007584E0,4.8337936E0,0E0,3.130064E-1,0E0,0E0,0E0,0E0],"parents":[2147483647,0,0,1,1,2,2,4,4],"right_children":[2,4,6,-1,8,-1,-1,-1,-1],"split_conditions":[5.0180185E-1,2.0125642E-1,9.0663826E-1,-4.0964603E-1,3.9839435E-1,1.2247721E-1,4.2668176E-1,-1.3713102E-1,-2.8672695E-2],"split_indices":[0,0,0,0,0,0,0,0,0],"split_type":[0,0,0,0,0,0,0,0,0],"sum_hessian":[9E0,5E0,4E0,2E0,3E0,2E0,2E0,2E0,1E0],"tree_param":{"num_deleted":"0","num_feature":"2","num_nodes":"9","size_leaf_vector":"1"}},{"base_weights":[-4.7808696E-2,-2.6424232E0,3.0752902E0,-3.823363E-1,-1.0961125E0,1.14312045E-1,3.9823636E-1,-1.2798898E-1,-2.7239038E-2],"categories":[],"categories_nodes":[],"categories_segments":[],"categories_sizes":[],"default_left":[0,0,0,0,0,0,0,0,0],"id":21,"left_children":[1,3,5,-1,7,-1,-1,-1,-1],"loss_changes":[8.915859E1,6.7657623E0,4.2107735E0,0E0,2.5689602E-1,0E0,0E0,0E0,0E0],"parents":[2147483647,0,0,1,1,2,2,4,4],"right_children":[2,4,6,-1,8,-1,-1,-1,-1],"split_conditions":[5.0180185E-1,2.0125642E-1,9.0663826E-1,-3.823363E-1,3.9839435E-1,1.14312045E-1,3.9823636E-1,-1.2798898E-1,-2.7239038E-2],"split_indices":[0,0,0,0,0,0,0,0,0],"split_type":[0,0,0,0,0,0,0,0,0],"sum_hessian":[9E0,5E0,4E0,2E0,3E0,2E0,2E0,2E0,1E0],"tree_param":{"num_deleted":"0","num_feature":"2","num_nodes":"9","size_leaf_vector":"1"}},{"base_weights":[-4.552903E-2,-2.4677749E0,2.8702717E0,-3.5684717E-1,-1.0253084E0,1.066913E-1,3.7168732E-1,-1.1945639E-1,-2.5877094E-2],"categories":[],"categories_nodes":[],"categories_segments":[],"categories_sizes":[],"default_left":[0,0,0,0,0,0,0,0,0],"id":22,"left_children":[1,3,5,-1,7,-1,-1,-1,-1],"loss_changes":[7.7711044E1,5.867527E0,3.6680489E0,0E0,2.0984459E-1,0E0,0E0,0E0,0E0],"parents":[2147483647,0,0,1,1,2,2,4,4],"right_children":[2,4,6,-1,8,-1,-1,-1,-1],"split_conditions":[5.0180185E-1,2.0125642E-1,9.0663826E-1,-3.5684717E-1,3.9839435E-1,1.066913E-1,3.7168732E-1,-1.1945639E-1,-2.5877094E-2],"split_indices":[0,0,0,0,0,0,0,0,0],"split_type":[0,0,0,0,0,0,0,0,0],"sum_hessian":[9E0,5E0,4E0,2E0,3E0,2E0,2E0,2E0,1E0],"tree_param":{"num_deleted":"0","num_feature":"2","num_nodes":"9","size_leaf_vector":"1"}},{"base_weights":[-4.335637E-2,-2.304694E0,2.67892E0,-3.84793E-1,-1.2264607E0,4.7591783E-2,3.110691E-1,-1.4101596E-1,-2.4583245E-2],"categories":[],"categories_nodes":[],"categories_segments":[],"categories_sizes":[],"default_left":[0,0,0,0,0,0,0,0,0],"id":23,"left_children":[1,3,5,-1,7,-1,-1,-1,-1],"loss_changes":[6.773395E1,5.2644787E0,3.275528E0,0E0,5.540385E-1,0E0,0E0,0E0,0E0],"parents":[2147483647,0,0,1,1,2,2,4,4],"right_children":[2,4,6,-1,8,-1,-1,-1,-1],"split_conditions":[5.0180185E-1,9.9045515E-2,7.987923E-1,-3.84793E-1,3.9839435E-1,4.7591783E-2,3.110691E-1,-1.4101596E-1,-2.4583245E-2],"split_indices":[0,0,0,0,0,0,0,0,0],"split_type":[0,0,0,0,0,0,0,0,0],"sum_hessian":[9E0,5E0,4E0,1E0,4E0,1E0,3E0,3E0,1E0],"tree_param":{"num_deleted":"0","num_feature":"2","num_nodes":"9","size_leaf_vector":"1"}},{"base_weights":[-5.819397E-2,-2.1659565E0,2.48276E0,-3.6555338E-1,-1.1369343E0,8.7623216E-2,3.261701E-1,-1.3043976E-1,-2.3354053E-2],"categories":[],"categories_nodes":[],"categories_segments":[],"categories_sizes":[],"default_left":[0,0,0,0,0,0,0,0,0],"id":24,"left_children":[1,3,5,-1,7,-1,-1,-1,-1],"loss_changes":[5.8934822E1,5.0407467E0,3.398941E0,0E0,4.5179653E-1,0E0,0E0,0E0,0E0],"parents":[2147483647,0,0,1,1,2,2,4,4],"right_children":[2,4,6,-1,8,-1,-1,-1,-1],"split_conditions":[5.0180185E-1,9.9045515E-2,9.0663826E-1,-3.6555338E-1,3.9839435E-1,8.7623216E-2,3.261701E-1,-1.3043976E-1,-2.3354053E-2],"split_indices":[0,0,0,0,0,0,0,0,0],"split_type":[0,0,0,0,0,0,0,0,0],"sum_hessian":[9E0,5E0,4E0,1E0,4E0,2E0,2E0,3E0,1E0],"tree_param":{"num_deleted":"0","num_feature":"2","num_nodes":"9","size_leaf_vector":"1"}},{"base_weights":[-6.293044E-2,-2.0359187E0,2.3172417E0,-3.472757E-1,-1.0539997E0,8.178165E-2,3.0442533E-1,-1.2065678E-1,-2.2186374E-2],"categories":[],"categories_nodes":[],"categories_segments":[],"categories_sizes":[],"default_left":[0,0,0,0,0,0,0,0,0],"id":25,"left_children":[1,3,5,-1,7,-1,-1,-1,-1],"loss_changes":[5.167823E1,4.8048687E0,2.9608574E0,0E0,3.670931E-1,0E0,0E0,0E0,0E0],"parents":[2147483647,0,0,1,1,2,2,4,4],"right_children":[2,4,6,-1,8,-1,-1,-1,-1],"split_conditions":[5.0180185E-1,9.9045515E-2,9.0663826E-1,-3.472757E-1,3.9839435E-1,8.178165E-2,3.0442533E-1,-1.2065678E-1,-2.2186374E-2],"split_indices":[0,0,0,0,0,0,0,0,0],"split_type":[0,0,0,0,0,0,0,0,0],"sum_hessian":[9E0,5E0,4E0,1E0,4E0,2E0,2E0,3E0,1E0],"tree_param":{"num_deleted":"0","num_feature":"2","num_nodes":"9","size_leaf_vector":"1"}},{"base_weights":[-6.702848E-2,-1.9140133E0,2.162759E0,-3.2991192E-1,-9.7716826E-1,7.632949E-2,2.8413036E-1,-1.1160751E-1,-2.1077061E-2],"categories":[],"categories_nodes":[],"categories_segments":[],"categories_sizes":[],"default_left":[0,0,0,0,0,0,0,0,0],"id":26,"left_children":[1,3,5,-1,7,-1,-1,-1,-1],"loss_changes":[4.5323387E1,4.561981E0,2.5792408E0,0E0,2.9705334E-1,0E0,0E0,0E0,0E0],"parents":[2147483647,0,0,1,1,2,2,4,4],"right_children":[2,4,6,-1,8,-1,-1,-1,-1],"split_conditions":[5.0180185E-1,9.9045515E-2,9.0663826E-1,-3.2991192E-1,3.9839435E-1,7.632949E-2,2.8413036E-1,-1.1160751E-1,-2.1077061E-2],"split_indices":[0,0,0,0,0,0,0,0,0],"split_type":[0,0,0,0,0,0,0,0,0],"sum_hessian":[9E0,5E0,4E0,1E0,4E0,2E0,2E0,3E0,1E0],"tree_param":{"num_deleted":"0","num_feature":"2","num_nodes":"9","size_leaf_vector":"1"}},{"base_weights":[-7.053938E-2,-1.7997117E0,2.0185752E0,-3.1341633E-1,-9.059887E-1,7.124087E-2,2.6518834E-1,-1.03236966E-1,-2.0023251E-2],"categories":[],"categories_nodes":[],"categories_segments":[],"categories_sizes":[],"default_left":[0,0,0,0,0,0,0,0,0],"id":27,"left_children":[1,3,5,-1,7,-1,-1,-1,-1],"loss_changes":[3.9757248E1,4.316265E0,2.2468052E0,0E0,2.3925686E-1,0E0,0E0,0E0,0E0],"parents":[2147483647,0,0,1,1,2,2,4,4],"right_children":[2,4,6,-1,8,-1,-1,-1,-1],"split_conditions":[5.0180185E-1,9.9045515E-2,9.0663826E-1,-3.1341633E-1,3.9839435E-1,7.124087E-2,2.6518834E-1,-1.03236966E-1,-2.0023251E-2],"split_indices":[0,0,0,0,0,0,0,0,0],"split_type":[0,0,0,0,0,0,0,0,0],"sum_hessian":[9E0,5E0,4E0,1E0,4E0,2E0,2E0,3E0,1E0],"tree_param":{"num_deleted":"0","num_feature":"2","num_nodes":"9","size_leaf_vector":"1"}},{"base_weights":[-7.351036E-2,-1.6925198E0,1.884003E0,-2.9774553E-1,-8.4004176E-1,6.649151E-2,2.47509E-1,-9.549417E-2,-1.9022083E-2],"categories":[],"categories_nodes":[],"categories_segments":[],"categories_sizes":[],"default_left":[0,0,0,0,0,0,0,0,0],"id":28,"left_children":[1,3,5,-1,7,-1,-1,-1,-1],"loss_changes":[3.488104E1,4.071089E0,1.9572105E0,0E0,1.9167256E-1,0E0,0E0,0E0,0E0],"parents":[2147483647,0,0,1,1,2,2,4,4],"right_children":[2,4,6,-1,8,-1,-1,-1,-1],"split_conditions":[5.0180185E-1,9.9045515E-2,9.0663826E-1,-2.9774553E-1,3.9839435E-1,6.649151E-2,2.47509E-1,-9.549417E-2,-1.9022083E-2],"split_indices":[0,0,0,0,0,0,0,0,0],"split_type":[0,0,0,0,0,0,0,0,0],"sum_hessian":[9E0,5E0,4E0,1E0,4E0,2E0,2E0,3E0,1E0],"tree_param":{"num_deleted":"0","num_feature":"2","num_nodes":"9","size_leaf_vector":"1"}},{"base_weights":[-7.598543E-2,-1.5919782E0,1.7584031E0,-2.8285822E-1,-7.78941E-1,2.6038742E-2,2.0678101E-1,-8.833213E-2,-1.8070985E-2],"categories":[],"categories_nodes":[],"categories_segments":[],"categories_sizes":[],"default_left":[0,0,0,0,0,0,0,0,0],"id":29,"left_children":[1,3,5,-1,7,-1,-1,-1,-1],"loss_changes":[3.0608538E1,3.8291311E0,1.7790508E0,0E0,1.525929E-1,0E0,0E0,0E0,0E0],"parents":[2147483647,0,0,1,1,2,2,4,4],"right_children":[2,4,6,-1,8,-1,-1,-1,-1],"split_conditions":[5.0180185E-1,9.9045515E-2,7.987923E-1,-2.8285822E-1,3.9839435E-1,2.6038742E-2,2.0678101E-1,-8.833213E-2,-1.8070985E-2],"split_indices":[0,0,0,0,0,0,0,0,0],"split_type":[0,0,0,0,0,0,0,0,0],"sum_hessian":[9E0,5E0,4E0,1E0,4E0,1E0,3E0,3E0,1E0],"tree_param":{"num_deleted":"0","num_feature":"2","num_nodes":"9","size_leaf_vector":"1"}},{"base_weights":[-8.403077E-2,-1.4976575E0,1.6291275E0,-2.6871532E-1,-7.223278E-1,5.4298144E-2,2.172231E-1,-8.170724E-2,-1.7167473E-2],"categories":[],"categories_nodes":[],"categories_segments":[],"categories_sizes":[],"default_left":[0,0,0,0,0,0,0,0,0],"id":30,"left_children":[1,3,5,-1,7,-1,-1,-1,-1],"loss_changes":[2.665754E1,3.5925016E0,1.7699671E0,0E0,1.20586395E-1,0E0,0E0,0E0,0E0],"parents":[2147483647,0,0,1,1,2,2,4,4],"right_children":[2,4,6,-1,8,-1,-1,-1,-1],"split_conditions":[5.0180185E-1,9.9045515E-2,9.0663826E-1,-2.6871532E-1,3.9839435E-1,5.4298144E-2,2.172231E-1,-8.170724E-2,-1.7167473E-2],"split_indices":[0,0,0,0,0,0,0,0,0],"split_type":[0,0,0,0,0,0,0,0,0],"sum_hessian":[9E0,5E0,4E0,1E0,4E0,2E0,2E0,3E0,1E0],"tree_param":{"num_deleted":"0","num_feature":"2","num_nodes":"9","size_leaf_vector":"1"}},{"base_weights":[-8.523478E-2,-1.4091567E0,1.5205185E0,-2.5527954E-1,-6.698699E-1,5.0678253E-2,2.027415E-1,-7.55792E-2,-1.6309071E-2],"categories":[],"categories_nodes":[],"categories_segments":[],"categories_sizes":[],"default_left":[0,0,0,0,0,0,0,0,0],"id":31,"left_children":[1,3,5,-1,7,-1,-1,-1,-1],"loss_changes":[2.340157E1,3.3628216E0,1.5418377E0,0E0,9.4455004E-2,0E0,0E0,0E0,0E0],"parents":[2147483647,0,0,1,1,2,2,4,4],"right_children":[2,4,6,-1,8,-1,-1,-1,-1],"split_conditions":[5.0180185E-1,9.9045515E-2,9.0663826E-1,-2.5527954E-1,3.9839435E-1,5.0678253E-2,2.027415E-1,-7.55792E-2,-1.6309071E-2],"split_indices":[0,0,0,0,0,0,0,0,0],"split_type":[0,0,0,0,0,0,0,0,0],"sum_hessian":[9E0,5E0,4E0,1E0,4E0,2E0,2E0,3E0,1E0],"tree_param":{"num_deleted":"0","num_feature":"2","num_nodes":"9","size_leaf_vector":"1"}},{"base_weights":[-8.60857E-2,-1.3261023E0,1.4191513E0,-2.4251556E-1,-6.2126046E-1,4.7299705E-2,1.8922552E-1,-7.869079E-2,-2.4852626E-2],"categories":[],"categories_nodes":[],"categories_segments":[],"categories_sizes":[],"default_left":[0,0,0,0,0,0,0,0,0],"id":32,"left_children":[1,3,5,-1,7,-1,-1,-1,-1],"loss_changes":[2.0547127E1,3.1413002E0,1.3431158E0,0E0,1.13144875E-1,0E0,0E0,0E0,0E0],"parents":[2147483647,0,0,1,1,2,2,4,4],"right_children":[2,4,6,-1,8,-1,-1,-1,-1],"split_conditions":[5.0180185E-1,9.9045515E-2,9.0663826E-1,-2.4251556E-1,3.011298E-1,4.7299705E-2,1.8922552E-1,-7.869079E-2,-2.4852626E-2],"split_indices":[0,0,0,0,0,0,0,0,0],"split_type":[0,0,0,0,0,0,0,0,0],"sum_hessian":[9E0,5E0,4E0,1E0,4E0,2E0,2E0,2E0,2E0],"tree_param":{"num_deleted":"0","num_feature":"2","num_nodes":"9","size_leaf_vector":"1"}},{"base_weights":[-8.8430166E-2,-1.2511685E0,1.3245418E0,-2.3038979E-1,-5.7984304E-1,6.183877E-1,2.0745793E-1,-7.344473E-2,-2.3195775E-2,1.7122937E-2,7.1036406E-2],"categories":[],"categories_nodes":[],"categories_segments":[],"categories_sizes":[],"default_left":[0,0,0,0,0,0,0,0,0,0,0],"id":33,"left_children":[1,3,5,-1,7,9,-1,-1,-1,-1,-1],"loss_changes":[1.8086391E1,2.9044447E0,1.3653154E0,0E0,9.8562E-2,4.287684E-2,0E0,0E0,0E0,0E0,0E0],"parents":[2147483647,0,0,1,1,2,2,4,4,5,5],"right_children":[2,4,6,-1,8,10,-1,-1,-1,-1,-1],"split_conditions":[5.0180185E-1,9.9045515E-2,1E0,-2.3038979E-1,3.011298E-1,7.987923E-1,2.0745793E-1,-7.344473E-2,-2.3195775E-2,1.7122937E-2,7.1036406E-2],"split_indices":[0,0,0,0,0,0,0,0,0,0,0],"split_type":[0,0,0,0,0,0,0,0,0,0,0],"sum_hessian":[9E0,5E0,4E0,1E0,4E0,3E0,1E0,2E0,2E0,1E0,2E0],"tree_param":{"num_deleted":"0","num_feature":"2","num_nodes":"11","size_leaf_vector":"1"}},{"base_weights":[-8.2728766E-2,-1.1805569E0,1.2512108E0,-2.1887031E-1,-5.411871E-1,5.785885E-1,1.9708501E-1,-6.8548426E-2,-2.1649426E-2,1.6266823E-2,6.6300586E-2],"categories":[],"categories_nodes":[],"categories_segments":[],"categories_sizes":[],"default_left":[0,0,0,0,0,0,0,0,0,0,0],"id":34,"left_children":[1,3,5,-1,7,9,-1,-1,-1,-1,-1],"loss_changes":[1.6121489E1,2.682971E0,1.2799163E0,0E0,8.585787E-2,3.2593608E-2,0E0,0E0,0E0,0E0,0E0],"parents":[2147483647,0,0,1,1,2,2,4,4,5,5],"right_children":[2,4,6,-1,8,10,-1,-1,-1,-1,-1],"split_conditions":[5.0180185E-1,9.9045515E-2,1E0,-2.1887031E-1,3.011298E-1,7.987923E-1,1.9708501E-1,-6.8548426E-2,-2.1649426E-2,1.6266823E-2,6.6300586E-2],"split_indices":[0,0,0,0,0,0,0,0,0,0,0],"split_type":[0,0,0,0,0,0,0,0,0,0,0],"sum_hessian":[9E0,5E0,4E0,1E0,4E0,3E0,1E0,2E0,2E0,1E0,2E0],"tree_param":{"num_deleted":"0","num_feature":"2","num_nodes":"11","size_leaf_vector":"1"}},{"base_weights":[-7.739715E-2,-1.1140124E0,1.1820205E0,-2.079268E-1,-5.051077E-1,5.413723E-1,1.8723069E-1,-6.3978545E-2,-2.020607E-2,1.545353E-2,6.188062E-2],"categories":[],"categories_nodes":[],"categories_segments":[],"categories_sizes":[],"default_left":[0,0,0,0,0,0,0,0,0,0,0],"id":35,"left_children":[1,3,5,-1,7,9,-1,-1,-1,-1,-1],"loss_changes":[1.4372102E1,2.4762378E0,1.1975374E0,0E0,7.479286E-2,2.418971E-2,0E0,0E0,0E0,0E0,0E0],"parents":[2147483647,0,0,1,1,2,2,4,4,5,5],"right_children":[2,4,6,-1,8,10,-1,-1,-1,-1,-1],"split_conditions":[5.0180185E-1,9.9045515E-2,1E0,-2.079268E-1,3.011298E-1,7.987923E-1,1.8723069E-1,-6.3978545E-2,-2.020607E-2,1.545353E-2,6.188062E-2],"split_indices":[0,0,0,0,0,0,0,0,0,0,0],"split_type":[0,0,0,0,0,0,0,0,0,0,0],"sum_hessian":[9E0,5E0,4E0,1E0,4E0,3E0,1E0,2E0,2E0,1E0,2E0],"tree_param":{"num_deleted":"0","num_feature":"2","num_nodes":"11","size_leaf_vector":"1"}},{"base_weights":[-7.2412156E-2,-1.0512964E0,1.1167313E0,-1.9753046E-1,-4.7143373E-1,5.0656796E-1,1.7786923E-1,-5.9713315E-2,-1.8858975E-2,1.4680862E-2,5.7755154E-2],"categories":[],"categories_nodes":[],"categories_segments":[],"categories_sizes":[],"default_left":[0,0,0,0,0,0,0,0,0,0,0],"id":36,"left_children":[1,3,5,-1,7,9,-1,-1,-1,-1,-1],"loss_changes":[1.2814352E1,2.2835617E0,1.1184931E0,0E0,6.515348E-2,1.7358422E-2,0E0,0E0,0E0,0E0,0E0],"parents":[2147483647,0,0,1,1,2,2,4,4,5,5],"right_children":[2,4,6,-1,8,10,-1,-1,-1,-1,-1],"split_conditions":[5.0180185E-1,9.9045515E-2,1E0,-1.9753046E-1,3.011298E-1,7.987923E-1,1.7786923E-1,-5.9713315E-2,-1.8858975E-2,1.4680862E-2,5.7755154E-2],"split_indices":[0,0,0,0,0,0,0,0,0,0,0],"split_type":[0,0,0,0,0,0,0,0,0,0,0],"sum_hessian":[9E0,5E0,4E0,1E0,4E0,3E0,1E0,2E0,2E0,1E0,2E0],"tree_param":{"num_deleted":"0","num_feature":"2","num_nodes":"11","size_leaf_vector":"1"}},{"base_weights":[-6.775024E-2,-9.921835E-1,1.0551198E0,-1.8765394E-1,-4.4000444E-1,4.7402048E-1,1.6897583E-1,-5.5732425E-2,-1.760165E-2,1.3946819E-2,5.390485E-2],"categories":[],"categories_nodes":[],"categories_segments":[],"categories_sizes":[],"default_left":[0,0,0,0,0,0,0,0,0,0,0],"id":37,"left_children":[1,3,5,-1,7,9,-1,-1,-1,-1,-1],"loss_changes":[1.1427055E1,2.104251E0,1.0429597E0,0E0,5.6756735E-2,1.1840999E-2,0E0,0E0,0E0,0E0,0E0],"parents":[2147483647,0,0,1,1,2,2,4,4,5,5],"right_children":[2,4,6,-1,8,10,-1,-1,-1,-1,-1],"split_conditions":[5.0180185E-1,9.9045515E-2,1E0,-1.8765394E-1,3.011298E-1,7.987923E-1,1.6897583E-1,-5.5732425E-2,-1.760165E-2,1.3946819E-2,5.390485E-2],"split_indices":[0,0,0,0,0,0,0,0,0,0,0],"split_type":[0,0,0,0,0,0,0,0,0,0,0],"sum_hessian":[9E0,5E0,4E0,1E0,4E0,3E0,1E0,2E0,2E0,1E0,2E0],"tree_param":{"num_deleted":"0","num_feature":"2","num_nodes":"11","size_leaf_vector":"1"}},{"base_weights":[-6.339147E-2,-9.364633E-1,9.9697304E-1,-1.7827123E-1,-4.1067106E-1,4.435811E-1,1.6052704E-1,-5.2016925E-2,-1.6428249E-2,1.3249493E-2,5.0311156E-2],"categories":[],"categories_nodes":[],"categories_segments":[],"categories_sizes":[],"default_left":[0,0,0,0,0,0,0,0,0,0,0],"id":38,"left_children":[1,3,5,-1,7,9,-1,-1,-1,-1,-1],"loss_changes":[1.0191373E1,1.9375992E0,9.7106695E-1,0E0,4.944086E-2,7.416606E-3,0E0,0E0,0E0,0E0,0E0],"parents":[2147483647,0,0,1,1,2,2,4,4,5,5],"right_children":[2,4,6,-1,8,10,-1,-1,-1,-1,-1],"split_conditions":[5.0180185E-1,9.9045515E-2,1E0,-1.7827123E-1,3.011298E-1,7.987923E-1,1.6052704E-1,-5.2016925E-2,-1.6428249E-2,1.3249493E-2,5.0311156E-2],"split_indices":[0,0,0,0,0,0,0,0,0,0,0],"split_type":[0,0,0,0,0,0,0,0,0,0,0],"sum_hessian":[9E0,5E0,4E0,1E0,4E0,3E0,1E0,2E0,2E0,1E0,2E0],"tree_param":{"num_deleted":"0","num_feature":"2","num_nodes":"11","size_leaf_vector":"1"}},{"base_weights":[-5.931542E-2,-8.8393646E-1,9.420929E-1,-1.6935767E-1,-3.8329306E-1,4.151125E-1,1.5250073E-1,-4.373468E-2,-8.353901E-3,1.25869755E-2,4.6957016E-2],"categories":[],"categories_nodes":[],"categories_segments":[],"categories_sizes":[],"default_left":[0,0,0,0,0,0,0,0,0,0,0],"id":39,"left_children":[1,3,5,-1,7,9,-1,-1,-1,-1,-1],"loss_changes":[9.090574E0,1.7829099E0,9.0287256E-1,0E0,4.4478714E-2,3.9012432E-3,0E0,0E0,0E0,0E0,0E0],"parents":[2147483647,0,0,1,1,2,2,4,4,5,5],"right_children":[2,4,6,-1,8,10,-1,-1,-1,-1,-1],"split_conditions":[5.0180185E-1,9.9045515E-2,1E0,-1.6935767E-1,3.9839435E-1,7.987923E-1,1.5250073E-1,-4.373468E-2,-8.353901E-3,1.25869755E-2,4.6957016E-2],"split_indices":[0,0,0,0,0,0,0,0,0,0,0],"split_type":[0,0,0,0,0,0,0,0,0,0,0],"sum_hessian":[9E0,5E0,4E0,1E0,4E0,3E0,1E0,3E0,1E0,1E0,2E0],"tree_param":{"num_deleted":"0","num_feature":"2","num_nodes":"11","size_leaf_vector":"1"}},{"base_weights":[-5.432384E-2,-8.3245033E-1,8.9029276E-1,-1.6088979E-1,-3.553813E-1,3.8848734E-1,1.4487572E-1,-4.563349E-2,-1.3596726E-2,1.1957645E-2,4.3826547E-2],"categories":[],"categories_nodes":[],"categories_segments":[],"categories_sizes":[],"default_left":[0,0,0,0,0,0,0,0,0,0,0],"id":40,"left_children":[1,3,5,-1,7,9,-1,-1,-1,-1,-1],"loss_changes":[8.091436E0,1.6507425E0,8.383789E-1,0E0,4.870659E-2,1.1372566E-3,0E0,0E0,0E0,0E0,0E0],"parents":[2147483647,0,0,1,1,2,2,4,4,5,5],"right_children":[2,4,6,-1,8,10,-1,-1,-1,-1,-1],"split_conditions":[5.0180185E-1,9.9045515E-2,1E0,-1.6088979E-1,3.011298E-1,7.987923E-1,1.4487572E-1,-4.563349E-2,-1.3596726E-2,1.1957645E-2,4.3826547E-2],"split_indices":[0,0,0,0,0,0,0,0,0,0,0],"split_type":[0,0,0,0,0,0,0,0,0,0,0],"sum_hessian":[9E0,5E0,4E0,1E0,4E0,3E0,1E0,2E0,2E0,1E0,2E0],"tree_param":{"num_deleted":"0","num_feature":"2","num_nodes":"11","size_leaf_vector":"1"}},{"base_weights":[-5.083728E-2,-7.858918E-1,8.4139556E-1,-1.528453E-1,-3.3168897E-1,3.6358453E-2,1.37632E-1,-4.259127E-2,-1.2690227E-2],"categories":[],"categories_nodes":[],"categories_segments":[],"categories_sizes":[],"default_left":[0,0,0,0,0,0,0,0,0],"id":41,"left_children":[1,3,5,-1,7,-1,-1,-1,-1],"loss_changes":[7.2196436E0,1.5166693E0,7.7755547E-1,0E0,4.2429566E-2,0E0,0E0,0E0,0E0],"parents":[2147483647,0,0,1,1,2,2,4,4],"right_children":[2,4,6,-1,8,-1,-1,-1,-1],"split_conditions":[5.0180185E-1,9.9045515E-2,1E0,-1.528453E-1,3.011298E-1,3.6358453E-2,1.37632E-1,-4.259127E-2,-1.2690227E-2],"split_indices":[0,0,0,0,0,0,0,0,0],"split_type":[0,0,0,0,0,0,0,0,0],"sum_hessian":[9E0,5E0,4E0,1E0,4E0,3E0,1E0,2E0,2E0],"tree_param":{"num_deleted":"0","num_feature":"2","num_nodes":"9","size_leaf_vector":"1"}},{"base_weights":[-4.9167015E-2,-7.419906E-1,7.920548E-1,-1.4520302E-1,-3.095767E-1,3.363161E-1,1.3075046E-1,-3.9751865E-2,-1.1844254E-2,9.541893E-3,3.848089E-2],"categories":[],"categories_nodes":[],"categories_segments":[],"categories_sizes":[],"default_left":[0,0,0,0,0,0,0,0,0,0,0],"id":42,"left_children":[1,3,5,-1,7,9,-1,-1,-1,-1,-1],"loss_changes":[6.4158807E0,1.3926716E0,7.3481727E-1,0E0,3.6960423E-2,1.0009021E-2,0E0,0E0,0E0,0E0,0E0],"parents":[2147483647,0,0,1,1,2,2,4,4,5,5],"right_children":[2,4,6,-1,8,10,-1,-1,-1,-1,-1],"split_conditions":[5.0180185E-1,9.9045515E-2,1E0,-1.4520302E-1,3.011298E-1,7.987923E-1,1.3075046E-1,-3.9751865E-2,-1.1844254E-2,9.541893E-3,3.848089E-2],"split_indices":[0,0,0,0,0,0,0,0,0,0,0],"split_type":[0,0,0,0,0,0,0,0,0,0,0],"sum_hessian":[9E0,5E0,4E0,1E0,4E0,3E0,1E0,2E0,2E0,1E0,2E0],"tree_param":{"num_deleted":"0","num_feature":"2","num_nodes":"11","size_leaf_vector":"1"}},{"base_weights":[-4.605303E-2,-7.0059127E-1,7.4860346E-1,-1.3794287E-1,-2.8893805E-1,3.1468916E-1,1.2421303E-1,-3.710173E-2,-1.1054612E-2,9.06477E-3,3.5915375E-2],"categories":[],"categories_nodes":[],"categories_segments":[],"categories_sizes":[],"default_left":[0,0,0,0,0,0,0,0,0,0,0],"id":43,"left_children":[1,3,5,-1,7,9,-1,-1,-1,-1,-1],"loss_changes":[5.7257953E0,1.2781041E0,6.798568E-1,0E0,3.219688E-2,7.291198E-3,0E0,0E0,0E0,0E0,0E0],"parents":[2147483647,0,0,1,1,2,2,4,4,5,5],"right_children":[2,4,6,-1,8,10,-1,-1,-1,-1,-1],"split_conditions":[5.0180185E-1,9.9045515E-2,1E0,-1.3794287E-1,3.011298E-1,7.987923E-1,1.2421303E-1,-3.710173E-2,-1.1054612E-2,9.06477E-3,3.5915375E-2],"split_indices":[0,0,0,0,0,0,0,0,0,0,0],"split_type":[0,0,0,0,0,0,0,0,0,0,0],"sum_hessian":[9E0,5E0,4E0,1E0,4E0,3E0,1E0,2E0,2E0,1E0,2E0],"tree_param":{"num_deleted":"0","num_feature":"2","num_nodes":"11","size_leaf_vector":"1"}},{"base_weights":[-4.3138456E-2,-6.6154855E-1,7.0758134E-1,-1.3104573E-1,-2.6967534E-1,2.9446507E-1,1.1800232E-1,-3.4628283E-2,-1.03176115E-2,8.611488E-3,3.352102E-2],"categories":[],"categories_nodes":[],"categories_segments":[],"categories_sizes":[],"default_left":[0,0,0,0,0,0,0,0,0,0,0],"id":44,"left_children":[1,3,5,-1,7,9,-1,-1,-1,-1,-1],"loss_changes":[5.110626E0,1.1723413E0,6.283915E-1,0E0,2.8047293E-2,5.0903857E-3,0E0,0E0,0E0,0E0,0E0],"parents":[2147483647,0,0,1,1,2,2,4,4,5,5],"right_children":[2,4,6,-1,8,10,-1,-1,-1,-1,-1],"split_conditions":[5.0180185E-1,9.9045515E-2,1E0,-1.3104573E-1,3.011298E-1,7.987923E-1,1.1800232E-1,-3.4628283E-2,-1.03176115E-2,8.611488E-3,3.352102E-2],"split_indices":[0,0,0,0,0,0,0,0,0,0,0],"split_type":[0,0,0,0,0,0,0,0,0,0,0],"sum_hessian":[9E0,5E0,4E0,1E0,4E0,3E0,1E0,2E0,2E0,1E0,2E0],"tree_param":{"num_deleted":"0","num_feature":"2","num_nodes":"11","size_leaf_vector":"1"}},{"base_weights":[-4.0410377E-2,-6.247259E-1,6.688503E-1,-1.24493435E-1,-2.5169736E-1,2.7555227E-1,1.1210213E-1,-3.2319736E-2,-9.629822E-3,8.180904E-3,3.128637E-2],"categories":[],"categories_nodes":[],"categories_segments":[],"categories_sizes":[],"default_left":[0,0,0,0,0,0,0,0,0,0,0],"id":45,"left_children":[1,3,5,-1,7,9,-1,-1,-1,-1,-1],"loss_changes":[4.5621686E0,1.074786E0,5.8028984E-1,0E0,2.4431884E-2,3.320247E-3,0E0,0E0,0E0,0E0,0E0],"parents":[2147483647,0,0,1,1,2,2,4,4,5,5],"right_children":[2,4,6,-1,8,10,-1,-1,-1,-1,-1],"split_conditions":[5.0180185E-1,9.9045515E-2,1E0,-1.24493435E-1,3.011298E-1,7.987923E-1,1.1210213E-1,-3.2319736E-2,-9.629822E-3,8.180904E-3,3.128637E-2],"split_indices":[0,0,0,0,0,0,0,0,0,0,0],"split_type":[0,0,0,0,0,0,0,0,0,0,0],"sum_hessian":[9E0,5E0,4E0,1E0,4E0,3E0,1E0,2E0,2E0,1E0,2E0],"tree_param":{"num_deleted":"0","num_feature":"2","num_nodes":"11","size_leaf_vector":"1"}},{"base_weights":[-3.7856985E-2,-5.8999366E-1,6.3227844E-1,-1.18268766E-1,-2.3491736E-1,2.5786304E-1,1.06497005E-1,-2.7124917E-2,-4.4795037E-3,7.7718734E-3,2.9200492E-2],"categories":[],"categories_nodes":[],"categories_segments":[],"categories_sizes":[],"default_left":[0,0,0,0,0,0,0,0,0,0,0],"id":46,"left_children":[1,3,5,-1,7,9,-1,-1,-1,-1,-1],"loss_changes":[4.073104E0,9.848759E-1,5.354154E-1,0E0,2.238682E-2,1.907587E-3,0E0,0E0,0E0,0E0,0E0],"parents":[2147483647,0,0,1,1,2,2,4,4,5,5],"right_children":[2,4,6,-1,8,10,-1,-1,-1,-1,-1],"split_conditions":[5.0180185E-1,9.9045515E-2,1E0,-1.18268766E-1,3.9839435E-1,7.987923E-1,1.06497005E-1,-2.7124917E-2,-4.4795037E-3,7.7718734E-3,2.9200492E-2],"split_indices":[0,0,0,0,0,0,0,0,0,0,0],"split_type":[0,0,0,0,0,0,0,0,0,0,0],"sum_hessian":[9E0,5E0,4E0,1E0,4E0,3E0,1E0,3E0,1E0,1E0,2E0],"tree_param":{"num_deleted":"0","num_feature":"2","num_nodes":"11","size_leaf_vector":"1"}},{"base_weights":[-3.4712028E-2,-5.5597305E-1,5.9774363E-1,-1.1235533E-1,-2.1774635E-1,2.4131918E-1,1.0117207E-1,-2.8356744E-2,-7.934316E-3,7.383251E-3,2.7253723E-2],"categories":[],"categories_nodes":[],"categories_segments":[],"categories_sizes":[],"default_left":[0,0,0,0,0,0,0,0,0,0,0],"id":47,"left_children":[1,3,5,-1,7,9,-1,-1,-1,-1,-1],"loss_changes":[3.629074E0,9.071753E-1,4.9361002E-1,0E0,2.30501E-2,7.9232454E-4,0E0,0E0,0E0,0E0,0E0],"parents":[2147483647,0,0,1,1,2,2,4,4,5,5],"right_children":[2,4,6,-1,8,10,-1,-1,-1,-1,-1],"split_conditions":[5.0180185E-1,9.9045515E-2,1E0,-1.1235533E-1,3.011298E-1,7.987923E-1,1.0117207E-1,-2.8356744E-2,-7.934316E-3,7.383251E-3,2.7253723E-2],"split_indices":[0,0,0,0,0,0,0,0,0,0,0],"split_type":[0,0,0,0,0,0,0,0,0,0,0],"sum_hessian":[9E0,5E0,4E0,1E0,4E0,3E0,1E0,2E0,2E0,1E0,2E0],"tree_param":{"num_deleted":"0","num_feature":"2","num_nodes":"11","size_leaf_vector":"1"}},{"base_weights":[-3.2524396E-2,-5.251501E-1,5.6513137E-1,-1.0673757E-1,-2.032299E-1,2.2584725E-2,9.61134E-2,-2.6466308E-2,-7.4053444E-3],"categories":[],"categories_nodes":[],"categories_segments":[],"categories_sizes":[],"default_left":[0,0,0,0,0,0,0,0,0],"id":48,"left_children":[1,3,5,-1,7,-1,-1,-1,-1],"loss_changes":[3.240985E0,8.303976E-1,4.5471764E-1,0E0,2.0079374E-2,0E0,0E0,0E0,0E0],"parents":[2147483647,0,0,1,1,2,2,4,4],"right_children":[2,4,6,-1,8,-1,-1,-1,-1],"split_conditions":[5.0180185E-1,9.9045515E-2,1E0,-1.0673757E-1,3.011298E-1,2.2584725E-2,9.61134E-2,-2.6466308E-2,-7.4053444E-3],"split_indices":[0,0,0,0,0,0,0,0,0],"split_type":[0,0,0,0,0,0,0,0,0],"sum_hessian":[9E0,5E0,4E0,1E0,4E0,3E0,1E0,2E0,2E0],"tree_param":{"num_deleted":"0","num_feature":"2","num_nodes":"9","size_leaf_vector":"1"}},{"base_weights":[-3.1462718E-2,-4.9606967E-1,5.3235817E-1,-8.553233E-1,-1.0261202E-2,2.0890951E-1,9.130764E-2,-1.0140069E-1,-2.6897812E-2,5.8848383E-3,2.3931377E-2],"categories":[],"categories_nodes":[],"categories_segments":[],"categories_sizes":[],"default_left":[0,0,0,0,0,0,0,0,0,0,0],"id":49,"left_children":[1,3,5,7,-1,9,-1,-1,-1,-1,-1],"loss_changes":[2.8836377E0,7.603401E-1,4.249636E-1,6.3843727E-3,0E0,4.166767E-3,0E0,0E0,0E0,0E0,0E0],"parents":[2147483647,0,0,1,1,2,2,3,3,5,5],"right_children":[2,4,6,8,-1,10,-1,-1,-1,-1,-1],"split_conditions":[5.0180185E-1,2.0125642E-1,1E0,9.9045515E-2,-1.0261202E-2,7.987923E-1,9.130764E-2,-1.0140069E-1,-2.6897812E-2,5.8848383E-3,2.3931377E-2],"split_indices":[0,0,0,0,0,0,0,0,0,0,0],"split_type":[0,0,0,0,0,0,0,0,0,0,0],"sum_hessian":[9E0,5E0,4E0,2E0,3E0,3E0,1E0,1E0,1E0,1E0,2E0],"tree_param":{"num_deleted":"0","num_feature":"2","num_nodes":"11","size_leaf_vector":"1"}},{"base_weights":[-3.0059587E-2,-4.695558E-1,5.0334775E-1,-8.125571E-1,-9.491587E-3,1.9547367E-1,8.6742215E-2,-9.633065E-2,-2.5552917E-2,5.5906298E-3,2.2336071E-2],"categories":[],"categories_nodes":[],"categories_segments":[],"categories_sizes":[],"default_left":[0,0,0,0,0,0,0,0,0,0,0],"id":50,"left_children":[1,3,5,7,-1,9,-1,-1,-1,-1,-1],"loss_changes":[2.5806549E0,6.9388735E-1,3.9088702E-1,5.761981E-3,0E0,3.0812025E-3,0E0,0E0,0E0,0E0,0E0],"parents":[2147483647,0,0,1,1,2,2,3,3,5,5],"right_children":[2,4,6,8,-1,10,-1,-1,-1,-1,-1],"split_conditions":[5.0180185E-1,2.0125642E-1,1E0,9.9045515E-2,-9.491587E-3,7.987923E-1,8.6742215E-2,-9.633065E-2,-2.5552917E-2,5.5906298E-3,2.2336071E-2],"split_indices":[0,0,0,0,0,0,0,0,0,0,0],"split_type":[0,0,0,0,0,0,0,0,0,0,0],"sum_hessian":[9E0,5E0,4E0,2E0,3E0,3E0,1E0,1E0,1E0,1E0,2E0],"tree_param":{"num_deleted":"0","num_feature":"2","num_nodes":"11","size_leaf_vector":"1"}},{"base_weights":[-2.8724158E-2,-4.4449624E-1,4.759472E-1,-7.719293E-1,-8.77974E-2,1.8290854E-1,8.240509E-2,-9.151412E-2,-2.4275279E-2,-1.0039107E-2,-2.5008202E-3,5.3111077E-3,2.0847065E-2],"categories":[],"categories_nodes":[],"categories_segments":[],"categories_sizes":[],"default_left":[0,0,0,0,0,0,0,0,0,0,0,0,0],"id":51,"left_children":[1,3,5,7,9,11,-1,-1,-1,-1,-1,-1,-1],"loss_changes":[2.3098395E0,6.3299644E-1,3.5931313E-1,5.2000284E-3,6.523859E-4,2.1995008E-3,0E0,0E0,0E0,0E0,0E0,0E0,0E0],"parents":[2147483647,0,0,1,1,2,2,3,3,4,4,5,5],"right_children":[2,4,6,8,10,12,-1,-1,-1,-1,-1,-1,-1],"split_conditions":[5.0180185E-1,2.0125642E-1,1E0,9.9045515E-2,3.9839435E-1,7.987923E-1,8.240509E-2,-9.151412E-2,-2.4275279E-2,-1.0039107E-2,-2.5008202E-3,5.3111077E-3,2.0847065E-2],"split_indices":[0,0,0,0,0,0,0,0,0,0,0,0,0],"split_type":[0,0,0,0,0,0,0,0,0,0,0,0,0],"sum_hessian":[9E0,5E0,4E0,2E0,3E0,3E0,1E0,1E0,1E0,2E0,1E0,1E0,2E0],"tree_param":{"num_deleted":"0","num_feature":"2","num_nodes":"13","size_leaf_vector":"1"}},{"base_weights":[-2.7828563E-2,-4.2143497E-1,4.5006484E-1,-7.333328E-1,-8.215284E-2,1.7115688E-1,7.828484E-2,-8.693841E-2,-2.3061514E-2,-9.36985E-3,-2.3757934E-3,5.0455094E-3,1.9457245E-2],"categories":[],"categories_nodes":[],"categories_segments":[],"categories_sizes":[],"default_left":[0,0,0,0,0,0,0,0,0,0,0,0,0],"id":52,"left_children":[1,3,5,7,9,11,-1,-1,-1,-1,-1,-1,-1],"loss_changes":[2.070692E0,5.7468295E-1,3.3008993E-1,4.692912E-3,4.707463E-4,1.48803E-3,0E0,0E0,0E0,0E0,0E0,0E0,0E0],"parents":[2147483647,0,0,1,1,2,2,3,3,4,4,5,5],"right_children":[2,4,6,8,10,12,-1,-1,-1,-1,-1,-1,-1],"split_conditions":[5.0180185E-1,2.0125642E-1,1E0,9.9045515E-2,3.9839435E-1,7.987923E-1,7.828484E-2,-8.693841E-2,-2.3061514E-2,-9.36985E-3,-2.3757934E-3,5.0455094E-3,1.9457245E-2],"split_indices":[0,0,0,0,0,0,0,0,0,0,0,0,0],"split_type":[0,0,0,0,0,0,0,0,0,0,0,0,0],"sum_hessian":[9E0,5E0,4E0,2E0,3E0,3E0,1E0,1E0,1E0,2E0,1E0,1E0,2E0],"tree_param":{"num_deleted":"0","num_feature":"2","num_nodes":"13","size_leaf_vector":"1"}},{"base_weights":[-2.6941646E-2,-6.966663E-1,2.275728E-1,-8.25915E-2,-2.190845E-2,-3.806591E-3,6.14474E-1,-7.687354E-2,9.488488E-3,1.7800523E-2,7.437058E-2,-8.745162E-3,-2.2569657E-3],"categories":[],"categories_nodes":[],"categories_segments":[],"categories_sizes":[],"default_left":[0,0,0,0,0,0,0,0,0,0,0,0,0],"id":53,"left_children":[1,3,5,-1,-1,7,9,11,-1,-1,-1,-1,-1],"loss_changes":[1.8630881E0,4.2352676E-3,7.185067E-1,0E0,0E0,5.0560642E-2,3.6833525E-2,3.2396987E-4,0E0,0E0,0E0,0E0,0E0],"parents":[2147483647,0,0,1,1,2,2,5,5,6,6,7,7],"right_children":[2,4,6,-1,-1,8,10,12,-1,-1,-1,-1,-1],"split_conditions":[2.0125642E-1,9.9045515E-2,9.0663826E-1,-8.25915E-2,-2.190845E-2,5.0180185E-1,1E0,3.9839435E-1,9.488488E-3,1.7800523E-2,7.437058E-2,-8.745162E-3,-2.2569657E-3],"split_indices":[0,0,0,0,0,0,0,0,0,0,0,0,0],"split_type":[0,0,0,0,0,0,0,0,0,0,0,0,0],"sum_hessian":[9E0,2E0,7E0,1E0,1E0,5E0,2E0,3E0,2E0,1E0,1E0,2E0,1E0],"tree_param":{"num_deleted":"0","num_feature":"2","num_nodes":"13","size_leaf_vector":"1"}},{"base_weights":[-2.5631677E-2,-6.61833E-1,2.1614778E-1,-7.8461915E-2,-2.0813037E-2,-3.6781628E-3,5.837504E-1,-7.1936846E-2,8.855947E-3,1.6910553E-2,7.065201E-2,-8.162149E-3,-2.144146E-3],"categories":[],"categories_nodes":[],"categories_segments":[],"categories_sizes":[],"default_left":[0,0,0,0,0,0,0,0,0,0,0,0,0],"id":54,"left_children":[1,3,5,-1,-1,7,9,11,-1,-1,-1,-1,-1],"loss_changes":[1.6812578E0,3.8222075E-3,6.4861596E-1,0E0,0E0,4.4146802E-2,3.3240914E-2,2.060365E-4,0E0,0E0,0E0,0E0,0E0],"parents":[2147483647,0,0,1,1,2,2,5,5,6,6,7,7],"right_children":[2,4,6,-1,-1,8,10,12,-1,-1,-1,-1,-1],"split_conditions":[2.0125642E-1,9.9045515E-2,9.0663826E-1,-7.8461915E-2,-2.0813037E-2,5.0180185E-1,1E0,3.9839435E-1,8.855947E-3,1.6910553E-2,7.065201E-2,-8.162149E-3,-2.144146E-3],"split_indices":[0,0,0,0,0,0,0,0,0,0,0,0,0],"split_type":[0,0,0,0,0,0,0,0,0,0,0,0,0],"sum_hessian":[9E0,2E0,7E0,1E0,1E0,5E0,2E0,3E0,2E0,1E0,1E0,2E0,1E0],"tree_param":{"num_deleted":"0","num_feature":"2","num_nodes":"13","size_leaf_vector":"1"}},{"base_weights":[-2.438501E-2,-6.287414E-1,2.0529675E-1,-7.453882E-2,-1.9772386E-2,-3.5524368E-3,5.5456287E-1,-6.731987E-2,8.265495E-3,1.6065026E-2,6.711941E-2,-7.618014E-3,-2.036953E-3],"categories":[],"categories_nodes":[],"categories_segments":[],"categories_sizes":[],"default_left":[0,0,0,0,0,0,0,0,0,0,0,0,0],"id":55,"left_children":[1,3,5,-1,-1,7,9,11,-1,-1,-1,-1,-1],"loss_changes":[1.517175E0,3.44944E-3,5.8552164E-1,0E0,0E0,3.8547665E-2,3.0000031E-2,1.1221692E-4,0E0,0E0,0E0,0E0,0E0],"parents":[2147483647,0,0,1,1,2,2,5,5,6,6,7,7],"right_children":[2,4,6,-1,-1,8,10,12,-1,-1,-1,-1,-1],"split_conditions":[2.0125642E-1,9.9045515E-2,9.0663826E-1,-7.453882E-2,-1.9772386E-2,5.0180185E-1,1E0,3.9839435E-1,8.265495E-3,1.6065026E-2,6.711941E-2,-7.618014E-3,-2.036953E-3],"split_indices":[0,0,0,0,0,0,0,0,0,0,0,0,0],"split_type":[0,0,0,0,0,0,0,0,0,0,0,0,0],"sum_hessian":[9E0,2E0,7E0,1E0,1E0,5E0,2E0,3E0,2E0,1E0,1E0,2E0,1E0],"tree_param":{"num_deleted":"0","num_feature":"2","num_nodes":"13","size_leaf_vector":"1"}},{"base_weights":[-2.3198009E-2,-5.973043E-1,1.9499159E-1,-7.081188E-2,-1.8783761E-2,-3.428777E-3,5.2683514E-1,-6.300163E-2,7.7144625E-3,1.5261841E-2,6.376343E-2,-7.110151E-3,-1.9351005E-3],"categories":[],"categories_nodes":[],"categories_segments":[],"categories_sizes":[],"default_left":[0,0,0,0,0,0,0,0,0,0,0,0,0],"id":56,"left_children":[1,3,5,-1,-1,7,9,11,-1,-1,-1,-1,-1],"loss_changes":[1.3691095E0,3.1132698E-3,5.285625E-1,0E0,0E0,3.3660162E-2,2.707392E-2,3.8372353E-5,0E0,0E0,0E0,0E0,0E0],"parents":[2147483647,0,0,1,1,2,2,5,5,6,6,7,7],"right_children":[2,4,6,-1,-1,8,10,12,-1,-1,-1,-1,-1],"split_conditions":[2.0125642E-1,9.9045515E-2,9.0663826E-1,-7.081188E-2,-1.8783761E-2,5.0180185E-1,1E0,3.9839435E-1,7.7144625E-3,1.5261841E-2,6.376343E-2,-7.110151E-3,-1.9351005E-3],"split_indices":[0,0,0,0,0,0,0,0,0,0,0,0,0],"split_type":[0,0,0,0,0,0,0,0,0,0,0,0,0],"sum_hessian":[9E0,2E0,7E0,1E0,1E0,5E0,2E0,3E0,2E0,1E0,1E0,2E0,1E0],"tree_param":{"num_deleted":"0","num_feature":"2","num_nodes":"13","size_leaf_vector":"1"}},{"base_weights":[-2.2068132E-2,-5.6743914E-1,1.852045E-1,-6.7271285E-2,-1.7844582E-2,-3.3073425E-3,5.0049335E-1,-5.8962344E-3,7.2001778E-3,1.4498711E-2,6.0575295E-2],"categories":[],"categories_nodes":[],"categories_segments":[],"categories_sizes":[],"default_left":[0,0,0,0,0,0,0,0,0,0,0],"id":57,"left_children":[1,3,5,-1,-1,7,9,-1,-1,-1,-1],"loss_changes":[1.2354971E0,2.8095841E-3,4.7714078E-1,0E0,0E0,2.939337E-2,2.4434924E-2,0E0,0E0,0E0,0E0],"parents":[2147483647,0,0,1,1,2,2,5,5,6,6],"right_children":[2,4,6,-1,-1,8,10,-1,-1,-1,-1],"split_conditions":[2.0125642E-1,9.9045515E-2,9.0663826E-1,-6.7271285E-2,-1.7844582E-2,5.0180185E-1,1E0,-5.8962344E-3,7.2001778E-3,1.4498711E-2,6.0575295E-2],"split_indices":[0,0,0,0,0,0,0,0,0,0,0],"split_type":[0,0,0,0,0,0,0,0,0,0,0],"sum_hessian":[9E0,2E0,7E0,1E0,1E0,5E0,2E0,3E0,2E0,1E0,1E0],"tree_param":{"num_deleted":"0","num_feature":"2","num_nodes":"11","size_leaf_vector":"1"}},{"base_weights":[-2.0734942E-2,-5.3906715E-1,1.762315E-1,-6.390773E-2,-1.6952349E-2,-2.7591388E-3,4.7546896E-1,-5.4540396E-2,6.720225E-3,1.3773727E-2,5.7546616E-2,-6.2430385E-3,-1.5435219E-3],"categories":[],"categories_nodes":[],"categories_segments":[],"categories_sizes":[],"default_left":[0,0,0,0,0,0,0,0,0,0,0,0,0],"id":58,"left_children":[1,3,5,-1,-1,7,9,11,-1,-1,-1,-1,-1],"loss_changes":[1.115941E0,2.5357008E-3,4.2979747E-1,0E0,0E0,2.5401369E-2,2.205354E-2,2.7053058E-4,0E0,0E0,0E0,0E0,0E0],"parents":[2147483647,0,0,1,1,2,2,5,5,6,6,7,7],"right_children":[2,4,6,-1,-1,8,10,12,-1,-1,-1,-1,-1],"split_conditions":[2.0125642E-1,9.9045515E-2,9.0663826E-1,-6.390773E-2,-1.6952349E-2,5.0180185E-1,1E0,3.9839435E-1,6.720225E-3,1.3773727E-2,5.7546616E-2,-6.2430385E-3,-1.5435219E-3],"split_indices":[0,0,0,0,0,0,0,0,0,0,0,0,0],"split_type":[0,0,0,0,0,0,0,0,0,0,0,0,0],"sum_hessian":[9E0,2E0,7E0,1E0,1E0,5E0,2E0,3E0,2E0,1E0,1E0,2E0,1E0],"tree_param":{"num_deleted":"0","num_feature":"2","num_nodes":"13","size_leaf_vector":"1"}},{"base_weights":[-1.9722128E-2,-5.1211375E-1,1.6738999E-1,-6.0712337E-2,-1.6104722E-2,-2.6612282E-3,4.5169577E-1,-5.103326E-2,6.272189E-3,1.3084984E-2,5.466938E-2,-5.8268546E-3,-1.4663696E-3],"categories":[],"categories_nodes":[],"categories_segments":[],"categories_sizes":[],"default_left":[0,0,0,0,0,0,0,0,0,0,0,0,0],"id":59,"left_children":[1,3,5,-1,-1,7,9,11,-1,-1,-1,-1,-1],"loss_changes":[1.0070469E0,2.2886395E-3,3.8797444E-1,0E0,0E0,2.2177188E-2,1.9904375E-2,1.981454E-4,0E0,0E0,0E0,0E0,0E0],"parents":[2147483647,0,0,1,1,2,2,5,5,6,6,7,7],"right_children":[2,4,6,-1,-1,8,10,12,-1,-1,-1,-1,-1],"split_conditions":[2.0125642E-1,9.9045515E-2,9.0663826E-1,-6.0712337E-2,-1.6104722E-2,5.0180185E-1,1E0,3.9839435E-1,6.272189E-3,1.3084984E-2,5.466938E-2,-5.8268546E-3,-1.4663696E-3],"split_indices":[0,0,0,0,0,0,0,0,0,0,0,0,0],"split_type":[0,0,0,0,0,0,0,0,0,0,0,0,0],"sum_hessian":[9E0,2E0,7E0,1E0,1E0,5E0,2E0,3E0,2E0,1E0,1E0,2E0,1E0],"tree_param":{"num_deleted":"0","num_feature":"2","num_nodes":"13","size_leaf_vector":"1"}},{"base_weights":[-1.8757915E-2,-4.8650804E-1,1.5899312E-1,-5.767672E-2,-1.5299487E-2,-2.564907E-3,4.2911148E-1,-4.7753096E-2,5.854098E-3,1.2430764E-2,5.193596E-2,-5.4383916E-3,-1.3930321E-3],"categories":[],"categories_nodes":[],"categories_segments":[],"categories_sizes":[],"default_left":[0,0,0,0,0,0,0,0,0,0,0,0,0],"id":60,"left_children":[1,3,5,-1,-1,7,9,11,-1,-1,-1,-1,-1],"loss_changes":[9.0878224E-1,2.0653605E-3,3.5021895E-1,0E0,0E0,1.9363098E-2,1.7963529E-2,1.3950467E-4,0E0,0E0,0E0,0E0,0E0],"parents":[2147483647,0,0,1,1,2,2,5,5,6,6,7,7],"right_children":[2,4,6,-1,-1,8,10,12,-1,-1,-1,-1,-1],"split_conditions":[2.0125642E-1,9.9045515E-2,9.0663826E-1,-5.767672E-2,-1.5299487E-2,5.0180185E-1,1E0,3.9839435E-1,5.854098E-3,1.2430764E-2,5.193596E-2,-5.4383916E-3,-1.3930321E-3],"split_indices":[0,0,0,0,0,0,0,0,0,0,0,0,0],"split_type":[0,0,0,0,0,0,0,0,0,0,0,0,0],"sum_hessian":[9E0,2E0,7E0,1E0,1E0,5E0,2E0,3E0,2E0,1E0,1E0,2E0,1E0],"tree_param":{"num_deleted":"0","num_feature":"2","num_nodes":"13","size_leaf_vector":"1"}},{"base_weights":[-1.7841255E-2,-4.6218273E-1,1.5101695E-1,-5.479289E-2,-1.4534521E-2,-2.471606E-3,4.076551E-1,-4.468584E-2,5.463791E-3,1.1809158E-2,4.9339104E-2,-5.075836E-3,-1.3234139E-3],"categories":[],"categories_nodes":[],"categories_segments":[],"categories_sizes":[],"default_left":[0,0,0,0,0,0,0,0,0,0,0,0,0],"id":61,"left_children":[1,3,5,-1,-1,7,9,11,-1,-1,-1,-1,-1],"loss_changes":[8.2010436E-1,1.8639565E-3,3.161357E-1,0E0,0E0,1.6906548E-2,1.6212672E-2,9.2222355E-5,0E0,0E0,0E0,0E0,0E0],"parents":[2147483647,0,0,1,1,2,2,5,5,6,6,7,7],"right_children":[2,4,6,-1,-1,8,10,12,-1,-1,-1,-1,-1],"split_conditions":[2.0125642E-1,9.9045515E-2,9.0663826E-1,-5.479289E-2,-1.4534521E-2,5.0180185E-1,1E0,3.9839435E-1,5.463791E-3,1.1809158E-2,4.9339104E-2,-5.075836E-3,-1.3234139E-3],"split_indices":[0,0,0,0,0,0,0,0,0,0,0,0,0],"split_type":[0,0,0,0,0,0,0,0,0,0,0,0,0],"sum_hessian":[9E0,2E0,7E0,1E0,1E0,5E0,2E0,3E0,2E0,1E0,1E0,2E0,1E0],"tree_param":{"num_deleted":"0","num_feature":"2","num_nodes":"13","size_leaf_vector":"1"}},{"base_weights":[-1.6968738E-2,-4.390736E-1,1.4344168E-1,-5.2053243E-2,-1.3807798E-2,-2.380371E-3,3.8727188E-1,-4.181719E-2,5.099551E-2,1.1218644E-2,4.687214E-2,-4.7374726E-3,-1.2572289E-3,1.5015602E-3,6.147766E-3],"categories":[],"categories_nodes":[],"categories_segments":[],"categories_sizes":[],"default_left":[0,0,0,0,0,0,0,0,0,0,0,0,0,0,0],"id":62,"left_children":[1,3,5,-1,-1,7,9,11,13,-1,-1,-1,-1,-1,-1],"loss_changes":[7.4008167E-1,1.6821623E-3,2.8536844E-1,0E0,0E0,1.4762338E-2,1.4632523E-2,5.4509845E-5,2.0831637E-4,0E0,0E0,0E0,0E0,0E0,0E0],"parents":[2147483647,0,0,1,1,2,2,5,5,6,6,7,7,8,8],"right_children":[2,4,6,-1,-1,8,10,12,14,-1,-1,-1,-1,-1,-1],"split_conditions":[2.0125642E-1,9.9045515E-2,9.0663826E-1,-5.2053243E-2,-1.3807798E-2,5.0180185E-1,1E0,3.9839435E-1,7.987923E-1,1.1218644E-2,4.687214E-2,-4.7374726E-3,-1.2572289E-3,1.5015602E-3,6.147766E-3],"split_indices":[0,0,0,0,0,0,0,0,0,0,0,0,0,0,0],"split_type":[0,0,0,0,0,0,0,0,0,0,0,0,0,0,0],"sum_hessian":[9E0,2E0,7E0,1E0,1E0,5E0,2E0,3E0,2E0,1E0,1E0,2E0,1E0,1E0,1E0],"tree_param":{"num_deleted":"0","num_feature":"2","num_nodes":"15","size_leaf_vector":"1"}},{"base_weights":[-1.5883435E-2,-4.1711995E-1,1.3656569E-1,-4.9450584E-2,-1.3117409E-2,-1.8666586E-3,3.6790848E-1,-3.9134026E-2,4.8445385E-2,1.0657692E-2,4.452858E-2,-4.4216155E-3,-1.1943817E-3,1.4265061E-3,5.8403015E-3],"categories":[],"categories_nodes":[],"categories_segments":[],"categories_sizes":[],"default_left":[0,0,0,0,0,0,0,0,0,0,0,0,0,0,0],"id":63,"left_children":[1,3,5,-1,-1,7,9,11,13,-1,-1,-1,-1,-1,-1],"loss_changes":[6.686458E-1,1.5181899E-3,2.568894E-1,0E0,0E0,1.3145847E-2,1.3206184E-2,2.4626963E-5,1.8794229E-4,0E0,0E0,0E0,0E0,0E0,0E0],"parents":[2147483647,0,0,1,1,2,2,5,5,6,6,7,7,8,8],"right_children":[2,4,6,-1,-1,8,10,12,14,-1,-1,-1,-1,-1,-1],"split_conditions":[2.0125642E-1,9.9045515E-2,9.0663826E-1,-4.9450584E-2,-1.3117409E-2,5.0180185E-1,1E0,3.9839435E-1,7.987923E-1,1.0657692E-2,4.452858E-2,-4.4216155E-3,-1.1943817E-3,1.4265061E-3,5.8403015E-3],"split_indices":[0,0,0,0,0,0,0,0,0,0,0,0,0,0,0],"split_type":[0,0,0,0,0,0,0,0,0,0,0,0,0,0,0],"sum_hessian":[9E0,2E0,7E0,1E0,1E0,5E0,2E0,3E0,2E0,1E0,1E0,2E0,1E0,1E0,1E0],"tree_param":{"num_deleted":"0","num_feature":"2","num_nodes":"15","size_leaf_vector":"1"}},{"base_weights":[-1.4868421E-2,-3.96264E-1,1.3001347E-1,-4.6978053E-2,-1.2461543E-2,-1.4050802E-3,3.4951273E-1,-3.662491E-2,4.6023052E-2,1.0124779E-2,4.230213E-2,-4.7330856E-3,-1.7279306E-3,1.3551712E-3,5.5482867E-3],"categories":[],"categories_nodes":[],"categories_segments":[],"categories_sizes":[],"default_left":[0,0,0,0,0,0,0,0,0,0,0,0,0,0,0],"id":64,"left_children":[1,3,5,-1,-1,7,9,11,13,-1,-1,-1,-1,-1,-1],"loss_changes":[6.040928E-1,1.3701022E-3,2.3126128E-1,0E0,0E0,1.1708054E-2,1.1918843E-2,1.0607764E-5,1.6963063E-4,0E0,0E0,0E0,0E0,0E0,0E0],"parents":[2147483647,0,0,1,1,2,2,5,5,6,6,7,7,8,8],"right_children":[2,4,6,-1,-1,8,10,12,14,-1,-1,-1,-1,-1,-1],"split_conditions":[2.0125642E-1,9.9045515E-2,9.0663826E-1,-4.6978053E-2,-1.2461543E-2,5.0180185E-1,1E0,3.011298E-1,7.987923E-1,1.0124779E-2,4.230213E-2,-4.7330856E-3,-1.7279306E-3,1.3551712E-3,5.5482867E-3],"split_indices":[0,0,0,0,0,0,0,0,0,0,0,0,0,0,0],"split_type":[0,0,0,0,0,0,0,0,0,0,0,0,0,0,0],"sum_hessian":[9E0,2E0,7E0,1E0,1E0,5E0,2E0,3E0,2E0,1E0,1E0,1E0,2E0,1E0,1E0],"tree_param":{"num_deleted":"0","num_feature":"2","num_nodes":"15","size_leaf_vector":"1"}},{"base_weights":[-1.4038146E-2,-3.7645075E-1,1.23621345E-1,-4.4629153E-2,-1.183846E-2,-1.1903445E-3,3.320376E-1,-3.4577608E-2,4.372279E-2,9.618568E-3,4.0187072E-2,-4.4964314E-3,-1.6127268E-3,1.2874603E-3,5.270958E-3],"categories":[],"categories_nodes":[],"categories_segments":[],"categories_sizes":[],"default_left":[0,0,0,0,0,0,0,0,0,0,0,0,0,0,0],"id":65,"left_children":[1,3,5,-1,-1,7,9,11,13,-1,-1,-1,-1,-1,-1],"loss_changes":[5.454327E-1,1.236558E-3,2.0849752E-1,0E0,0E0,1.050899E-2,1.0756612E-2,4.140148E-5,1.530638E-4,0E0,0E0,0E0,0E0,0E0,0E0],"parents":[2147483647,0,0,1,1,2,2,5,5,6,6,7,7,8,8],"right_children":[2,4,6,-1,-1,8,10,12,14,-1,-1,-1,-1,-1,-1],"split_conditions":[2.0125642E-1,9.9045515E-2,9.0663826E-1,-4.4629153E-2,-1.183846E-2,5.0180185E-1,1E0,3.011298E-1,7.987923E-1,9.618568E-3,4.0187072E-2,-4.4964314E-3,-1.6127268E-3,1.2874603E-3,5.270958E-3],"split_indices":[0,0,0,0,0,0,0,0,0,0,0,0,0,0,0],"split_type":[0,0,0,0,0,0,0,0,0,0,0,0,0,0,0],"sum_hessian":[9E0,2E0,7E0,1E0,1E0,5E0,2E0,3E0,2E0,1E0,1E0,1E0,2E0,1E0,1E0],"tree_param":{"num_deleted":"0","num_feature":"2","num_nodes":"15","size_leaf_vector":"1"}},{"base_weights":[-1.3255412E-2,-3.576282E-1,1.1754131E-1,-4.2397693E-2,-1.1246539E-2,-9.962717E-4,3.1543604E-1,-3.2646656E-2,4.153633E-2,9.137726E-3,3.817768E-2,-4.2716027E-3,-1.5051524E-3,1.2230873E-3,5.0073625E-3],"categories":[],"categories_nodes":[],"categories_segments":[],"categories_sizes":[],"default_left":[0,0,0,0,0,0,0,0,0,0,0,0,0,0,0],"id":66,"left_children":[1,3,5,-1,-1,7,9,11,13,-1,-1,-1,-1,-1,-1],"loss_changes":[4.9246445E-1,1.1159778E-3,1.8797798E-1,0E0,0E0,9.433062E-3,9.706974E-3,6.574625E-5,1.3812352E-4,0E0,0E0,0E0,0E0,0E0,0E0],"parents":[2147483647,0,0,1,1,2,2,5,5,6,6,7,7,8,8],"right_children":[2,4,6,-1,-1,8,10,12,14,-1,-1,-1,-1,-1,-1],"split_conditions":[2.0125642E-1,9.9045515E-2,9.0663826E-1,-4.2397693E-2,-1.1246539E-2,5.0180185E-1,1E0,3.011298E-1,7.987923E-1,9.137726E-3,3.817768E-2,-4.2716027E-3,-1.5051524E-3,1.2230873E-3,5.0073625E-3],"split_indices":[0,0,0,0,0,0,0,0,0,0,0,0,0,0,0],"split_type":[0,0,0,0,0,0,0,0,0,0,0,0,0,0,0],"sum_hessian":[9E0,2E0,7E0,1E0,1E0,5E0,2E0,3E0,2E0,1E0,1E0,1E0,2E0,1E0,1E0],"tree_param":{"num_deleted":"0","num_feature":"2","num_nodes":"15","size_leaf_vector":"1"}},{"base_weights":[-1.2517345E-2,-3.3974674E-1,1.1175835E-1,-4.027781E-2,-1.0684204E-2,-8.2127255E-4,2.9966483E-1,-3.082633E-2,3.945923E-2,8.680916E-3,3.6268808E-2,-4.058027E-3,-1.404826E-3,1.1619568E-3,4.7569275E-3],"categories":[],"categories_nodes":[],"categories_segments":[],"categories_sizes":[],"default_left":[0,0,0,0,0,0,0,0,0,0,0,0,0,0,0],"id":67,"left_children":[1,3,5,-1,-1,7,9,11,13,-1,-1,-1,-1,-1,-1],"loss_changes":[4.4463617E-1,1.0072887E-3,1.694816E-1,0E0,0E0,8.468096E-3,8.759946E-3,8.452707E-5,1.2460817E-4,0E0,0E0,0E0,0E0,0E0,0E0],"parents":[2147483647,0,0,1,1,2,2,5,5,6,6,7,7,8,8],"right_children":[2,4,6,-1,-1,8,10,12,14,-1,-1,-1,-1,-1,-1],"split_conditions":[2.0125642E-1,9.9045515E-2,9.0663826E-1,-4.027781E-2,-1.0684204E-2,5.0180185E-1,1E0,3.011298E-1,7.987923E-1,8.680916E-3,3.6268808E-2,-4.058027E-3,-1.404826E-3,1.1619568E-3,4.7569275E-3],"split_indices":[0,0,0,0,0,0,0,0,0,0,0,0,0,0,0],"split_type":[0,0,0,0,0,0,0,0,0,0,0,0,0,0,0],"sum_hessian":[9E0,2E0,7E0,1E0,1E0,5E0,2E0,3E0,2E0,1E0,1E0,1E0,2E0,1E0,1E0],"tree_param":{"num_deleted":"0","num_feature":"2","num_nodes":"15","size_leaf_vector":"1"}},{"base_weights":[-1.18213175E-2,-3.2275948E-1,1.06258154E-1,-3.8263917E-2,-1.0150003E-2,-6.6280365E-4,2.846807E-1,-2.9109001E-2,3.7486393E-2,8.246804E-3,3.44553E-2,-3.8551332E-3,-1.3111115E-3,1.103878E-3,4.519081E-3],"categories":[],"categories_nodes":[],"categories_segments":[],"categories_sizes":[],"default_left":[0,0,0,0,0,0,0,0,0,0,0,0,0,0,0],"id":68,"left_children":[1,3,5,-1,-1,7,9,11,13,-1,-1,-1,-1,-1,-1],"loss_changes":[4.0144995E-1,9.0897083E-4,1.5280554E-1,0E0,0E0,7.6023894E-3,7.906213E-3,9.87784E-5,1.1243904E-4,0E0,0E0,0E0,0E0,0E0,0E0],"parents":[2147483647,0,0,1,1,2,2,5,5,6,6,7,7,8,8],"right_children":[2,4,6,-1,-1,8,10,12,14,-1,-1,-1,-1,-1,-1],"split_conditions":[2.0125642E-1,9.9045515E-2,9.0663826E-1,-3.8263917E-2,-1.0150003E-2,5.0180185E-1,1E0,3.011298E-1,7.987923E-1,8.246804E-3,3.44553E-2,-3.8551332E-3,-1.3111115E-3,1.103878E-3,4.519081E-3],"split_indices":[0,0,0,0,0,0,0,0,0,0,0,0,0,0,0],"split_type":[0,0,0,0,0,0,0,0,0,0,0,0,0,0,0],"sum_hessian":[9E0,2E0,7E0,1E0,1E0,5E0,2E0,3E0,2E0,1E0,1E0,1E0,2E0,1E0,1E0],"tree_param":{"num_deleted":"0","num_feature":"2","num_nodes":"15","size_leaf_vector":"1"}},{"base_weights":[-1.1165035E-2,-3.0662152E-1,1.0102677E-1,-3.6350723E-2,-9.642506E-3,-5.2102405E-4,2.7044678E-1,-2.7490139E-2,3.561147E-2,7.8344345E-3,3.2732584E-2,-3.6623955E-3,-1.223755E-3,1.0486603E-3,4.2930604E-3],"categories":[],"categories_nodes":[],"categories_segments":[],"categories_sizes":[],"default_left":[0,0,0,0,0,0,0,0,0,0,0,0,0,0,0],"id":69,"left_children":[1,3,5,-1,-1,7,9,11,13,-1,-1,-1,-1,-1,-1],"loss_changes":[3.6245495E-1,8.203089E-4,1.3777474E-1,0E0,0E0,6.825733E-3,7.1356744E-3,1.0906998E-4,1.0148017E-4,0E0,0E0,0E0,0E0,0E0,0E0],"parents":[2147483647,0,0,1,1,2,2,5,5,6,6,7,7,8,8],"right_children":[2,4,6,-1,-1,8,10,12,14,-1,-1,-1,-1,-1,-1],"split_conditions":[2.0125642E-1,9.9045515E-2,9.0663826E-1,-3.6350723E-2,-9.642506E-3,5.0180185E-1,1E0,3.011298E-1,7.987923E-1,7.8344345E-3,3.2732584E-2,-3.6623955E-3,-1.223755E-3,1.0486603E-3,4.2930604E-3],"split_indices":[0,0,0,0,0,0,0,0,0,0,0,0,0,0,0],"split_type":[0,0,0,0,0,0,0,0,0,0,0,0,0,0,0],"sum_hessian":[9E0,2E0,7E0,1E0,1E0,5E0,2E0,3E0,2E0,1E0,1E0,1E0,2E0,1E0,1E0],"tree_param":{"num_deleted":"0","num_feature":"2","num_nodes":"15","size_leaf_vector":"1"}},{"base_weights":[-1.0545576E-2,-2.912904E-1,9.605193E-2,-3.4533184E-2,-9.160376E-3,-3.9259592E-4,2.5692368E-1,-2.5962353E-2,3.383128E-2,7.4426653E-3,3.1095887E-2,-3.47929E-3,-1.1421203E-3,9.962082E-4,4.0784837E-3],"categories":[],"categories_nodes":[],"categories_segments":[],"categories_sizes":[],"default_left":[0,0,0,0,0,0,0,0,0,0,0,0,0,0,0],"id":70,"left_children":[1,3,5,-1,-1,7,9,11,13,-1,-1,-1,-1,-1,-1],"loss_changes":[3.27246E-1,7.403493E-4,1.2422246E-1,0E0,0E0,6.1289165E-3,6.4401627E-3,1.1624838E-4,9.162584E-5,0E0,0E0,0E0,0E0,0E0,0E0],"parents":[2147483647,0,0,1,1,2,2,5,5,6,6,7,7,8,8],"right_children":[2,4,6,-1,-1,8,10,12,14,-1,-1,-1,-1,-1,-1],"split_conditions":[2.0125642E-1,9.9045515E-2,9.0663826E-1,-3.4533184E-2,-9.160376E-3,5.0180185E-1,1E0,3.011298E-1,7.987923E-1,7.4426653E-3,3.1095887E-2,-3.47929E-3,-1.1421203E-3,9.962082E-4,4.0784837E-3],"split_indices":[0,0,0,0,0,0,0,0,0,0,0,0,0,0,0],"split_type":[0,0,0,0,0,0,0,0,0,0,0,0,0,0,0],"sum_hessian":[9E0,2E0,7E0,1E0,1E0,5E0,2E0,3E0,2E0,1E0,1E0,1E0,2E0,1E0,1E0],"tree_param":{"num_deleted":"0","num_feature":"2","num_nodes":"15","size_leaf_vector":"1"}},{"base_weights":[-9.961146E-3,-2.7672583E-1,9.132075E-2,-3.2806527E-2,-8.70235E-3,-2.7751923E-4,2.4407704E-1,-2.452135E-2,3.2140095E-2,7.0705414E-3,2.9541016E-2,-3.30534E-3,-1.0659535E-3,9.464264E-4,3.874588E-3],"categories":[],"categories_nodes":[],"categories_segments":[],"categories_sizes":[],"default_left":[0,0,0,0,0,0,0,0,0,0,0,0,0,0,0],"id":71,"left_children":[1,3,5,-1,-1,7,9,11,13,-1,-1,-1,-1,-1,-1],"loss_changes":[2.9545516E-1,6.682277E-4,1.1200544E-1,0E0,0E0,5.503682E-3,5.812019E-3,1.2074481E-4,8.267374E-5,0E0,0E0,0E0,0E0,0E0,0E0],"parents":[2147483647,0,0,1,1,2,2,5,5,6,6,7,7,8,8],"right_children":[2,4,6,-1,-1,8,10,12,14,-1,-1,-1,-1,-1,-1],"split_conditions":[2.0125642E-1,9.9045515E-2,9.0663826E-1,-3.2806527E-2,-8.70235E-3,5.0180185E-1,1E0,3.011298E-1,7.987923E-1,7.0705414E-3,2.9541016E-2,-3.30534E-3,-1.0659535E-3,9.464264E-4,3.874588E-3],"split_indices":[0,0,0,0,0,0,0,0,0,0,0,0,0,0,0],"split_type":[0,0,0,0,0,0,0,0,0,0,0,0,0,0,0],"sum_hessian":[9E0,2E0,7E0,1E0,1E0,5E0,2E0,3E0,2E0,1E0,1E0,1E0,2E0,1E0,1E0],"tree_param":{"num_deleted":"0","num_feature":"2","num_nodes":"15","size_leaf_vector":"1"}},{"base_weights":[-9.409624E-3,-2.6288956E-1,8.6821556E-2,-3.11662E-2,-8.267236E-3,-1.7484029E-4,2.3187383E-1,-2.3161888E-2,3.0532837E-2,6.7171096E-3,2.8063966E-2,-3.1400681E-3,-9.948731E-4,8.9912413E-4,3.6808015E-3],"categories":[],"categories_nodes":[],"categories_segments":[],"categories_sizes":[],"default_left":[0,0,0,0,0,0,0,0,0,0,0,0,0,0,0],"id":72,"left_children":[1,3,5,-1,-1,7,9,11,13,-1,-1,-1,-1,-1,-1],"loss_changes":[2.6675123E-1,6.0305E-4,1.0099273E-1,0E0,0E0,4.942471E-3,5.244717E-3,1.2304494E-4,7.4582174E-5,0E0,0E0,0E0,0E0,0E0,0E0],"parents":[2147483647,0,0,1,1,2,2,5,5,6,6,7,7,8,8],"right_children":[2,4,6,-1,-1,8,10,12,14,-1,-1,-1,-1,-1,-1],"split_conditions":[2.0125642E-1,9.9045515E-2,9.0663826E-1,-3.11662E-2,-8.267236E-3,5.0180185E-1,1E0,3.011298E-1,7.987923E-1,6.7171096E-3,2.8063966E-2,-3.1400681E-3,-9.948731E-4,8.9912413E-4,3.6808015E-3],"split_indices":[0,0,0,0,0,0,0,0,0,0,0,0,0,0,0],"split_type":[0,0,0,0,0,0,0,0,0,0,0,0,0,0,0],"sum_hessian":[9E0,2E0,7E0,1E0,1E0,5E0,2E0,3E0,2E0,1E0,1E0,1E0,2E0,1E0,1E0],"tree_param":{"num_deleted":"0","num_feature":"2","num_nodes":"15","size_leaf_vector":"1"}},{"base_weights":[-8.889288E-3,-2.4974503E-1,8.254278E-2,-2.960789E-2,-7.853866E-3,-8.281072E-5,2.202797E-1,-2.1878958E-2,2.9006323E-2,6.381226E-3,2.666073E-2,-2.9830455E-3,-9.2849735E-4,8.542061E-4,3.4967423E-3],"categories":[],"categories_nodes":[],"categories_segments":[],"categories_sizes":[],"default_left":[0,0,0,0,0,0,0,0,0,0,0,0,0,0,0],"id":73,"left_children":[1,3,5,-1,-1,7,9,11,13,-1,-1,-1,-1,-1,-1],"loss_changes":[2.4083403E-1,5.443245E-4,9.106299E-2,0E0,0E0,4.4388147E-3,4.733473E-3,1.2358907E-4,6.727455E-5,0E0,0E0,0E0,0E0,0E0,0E0],"parents":[2147483647,0,0,1,1,2,2,5,5,6,6,7,7,8,8],"right_children":[2,4,6,-1,-1,8,10,12,14,-1,-1,-1,-1,-1,-1],"split_conditions":[2.0125642E-1,9.9045515E-2,9.0663826E-1,-2.960789E-2,-7.853866E-3,5.0180185E-1,1E0,3.011298E-1,7.987923E-1,6.381226E-3,2.666073E-2,-2.9830455E-3,-9.2849735E-4,8.542061E-4,3.4967423E-3],"split_indices":[0,0,0,0,0,0,0,0,0,0,0,0,0,0,0],"split_type":[0,0,0,0,0,0,0,0,0,0,0,0,0,0,0],"sum_hessian":[9E0,2E0,7E0,1E0,1E0,5E0,2E0,3E0,2E0,1E0,1E0,1E0,2E0,1E0,1E0],"tree_param":{"num_deleted":"0","num_feature":"2","num_nodes":"15","size_leaf_vector":"1"}},{"base_weights":[-8.398563E-3,-2.3725773E-1,7.847345E-2,-2.8127495E-2,-7.4611665E-3,-1.4305115E-6,2.092654E-1,-2.0668745E-2,2.7555466E-2,6.0621263E-3,2.5327682E-2,-2.833891E-3,-8.665721E-4,8.114815E-4,3.3218383E-3],"categories":[],"categories_nodes":[],"categories_segments":[],"categories_sizes":[],"default_left":[0,0,0,0,0,0,0,0,0,0,0,0,0,0,0],"id":74,"left_children":[1,3,5,-1,-1,7,9,11,13,-1,-1,-1,-1,-1,-1],"loss_changes":[2.17433E-1,4.912764E-4,8.211136E-2,0E0,0E0,3.986699E-3,4.272163E-3,1.2268359E-4,6.071152E-5,0E0,0E0,0E0,0E0,0E0,0E0],"parents":[2147483647,0,0,1,1,2,2,5,5,6,6,7,7,8,8],"right_children":[2,4,6,-1,-1,8,10,12,14,-1,-1,-1,-1,-1,-1],"split_conditions":[2.0125642E-1,9.9045515E-2,9.0663826E-1,-2.8127495E-2,-7.4611665E-3,5.0180185E-1,1E0,3.011298E-1,7.987923E-1,6.0621263E-3,2.5327682E-2,-2.833891E-3,-8.665721E-4,8.114815E-4,3.3218383E-3],"split_indices":[0,0,0,0,0,0,0,0,0,0,0,0,0,0,0],"split_type":[0,0,0,0,0,0,0,0,0,0,0,0,0,0,0],"sum_hessian":[9E0,2E0,7E0,1E0,1E0,5E0,2E0,3E0,2E0,1E0,1E0,1E0,2E0,1E0,1E0],"tree_param":{"num_deleted":"0","num_feature":"2","num_nodes":"15","size_leaf_vector":"1"}},{"base_weights":[-7.935142E-3,-2.2539489E-1,7.460415E-2,-2.672112E-2,-7.088113E-3,7.073084E-5,1.9880295E-1,-1.9527197E-2,2.6177725E-2,5.7590487E-3,2.4061395E-2,-2.6921749E-3,-8.0884295E-4,7.7095034E-4,3.1557083E-3],"categories":[],"categories_nodes":[],"categories_segments":[],"categories_sizes":[],"default_left":[0,0,0,0,0,0,0,0,0,0,0,0,0,0,0],"id":75,"left_children":[1,3,5,-1,-1,7,9,11,13,-1,-1,-1,-1,-1,-1],"loss_changes":[1.9630513E-1,4.4336915E-4,7.404162E-2,0E0,0E0,3.5810356E-3,3.8556308E-3,1.20583456E-4,5.475199E-5,0E0,0E0,0E0,0E0,0E0,0E0],"parents":[2147483647,0,0,1,1,2,2,5,5,6,6,7,7,8,8],"right_children":[2,4,6,-1,-1,8,10,12,14,-1,-1,-1,-1,-1,-1],"split_conditions":[2.0125642E-1,9.9045515E-2,9.0663826E-1,-2.672112E-2,-7.088113E-3,5.0180185E-1,1E0,3.011298E-1,7.987923E-1,5.7590487E-3,2.4061395E-2,-2.6921749E-3,-8.0884295E-4,7.7095034E-4,3.1557083E-3],"split_indices":[0,0,0,0,0,0,0,0,0,0,0,0,0,0,0],"split_type":[0,0,0,0,0,0,0,0,0,0,0,0,0,0,0],"sum_hessian":[9E0,2E0,7E0,1E0,1E0,5E0,2E0,3E0,2E0,1E0,1E0,1E0,2E0,1E0,1E0],"tree_param":{"num_deleted":"0","num_feature":"2","num_nodes":"15","size_leaf_vector":"1"}},{"base_weights":[-7.4981092E-3,-2.1412511E-1,7.092428E-2,-2.5385065E-2,-6.733704E-3,1.3478597E-4,1.8886185E-1,-1.8449783E-2,2.4869284E-2,5.471039E-3,2.2858238E-2,-2.5575638E-3,-7.549286E-4,7.324219E-4,2.9979707E-3],"categories":[],"categories_nodes":[],"categories_segments":[],"categories_sizes":[],"default_left":[0,0,0,0,0,0,0,0,0,0,0,0,0,0,0],"id":76,"left_children":[1,3,5,-1,-1,7,9,11,13,-1,-1,-1,-1,-1,-1],"loss_changes":[1.7722851E-1,4.0014088E-4,6.6764474E-2,0E0,0E0,3.2169127E-3,3.4798682E-3,1.176236E-4,4.9410155E-5,0E0,0E0,0E0,0E0,0E0,0E0],"parents":[2147483647,0,0,1,1,2,2,5,5,6,6,7,7,8,8],"right_children":[2,4,6,-1,-1,8,10,12,14,-1,-1,-1,-1,-1,-1],"split_conditions":[2.0125642E-1,9.9045515E-2,9.0663826E-1,-2.5385065E-2,-6.733704E-3,5.0180185E-1,1E0,3.011298E-1,7.987923E-1,5.471039E-3,2.2858238E-2,-2.5575638E-3,-7.549286E-4,7.324219E-4,2.9979707E-3],"split_indices":[0,0,0,0,0,0,0,0,0,0,0,0,0,0,0],"split_type":[0,0,0,0,0,0,0,0,0,0,0,0,0,0,0],"sum_hessian":[9E0,2E0,7E0,1E0,1E0,5E0,2E0,3E0,2E0,1E0,1E0,1E0,2E0,1E0,1E0],"tree_param":{"num_deleted":"0","num_feature":"2","num_nodes":"15","size_leaf_vector":"1"}},{"base_weights":[-7.085249E-3,-2.034188E-1,6.742549E-2,-2.4115812E-2,-6.397009E-3,1.9105275E-4,1.794192E-1,-1.743269E-2,2.3625692E-2,5.197525E-3,2.1715356E-2,-2.429676E-3,-7.045746E-4,6.958008E-4,2.8480531E-3],"categories":[],"categories_nodes":[],"categories_segments":[],"categories_sizes":[],"default_left":[0,0,0,0,0,0,0,0,0,0,0,0,0,0,0],"id":77,"left_children":[1,3,5,-1,-1,7,9,11,13,-1,-1,-1,-1,-1,-1],"loss_changes":[1.600052E-1,3.611818E-4,6.020439E-2,0E0,0E0,2.8898956E-3,3.1404346E-3,1.1399796E-4,4.4589047E-5,0E0,0E0,0E0,0E0,0E0,0E0],"parents":[2147483647,0,0,1,1,2,2,5,5,6,6,7,7,8,8],"right_children":[2,4,6,-1,-1,8,10,12,14,-1,-1,-1,-1,-1,-1],"split_conditions":[2.0125642E-1,9.9045515E-2,9.0663826E-1,-2.4115812E-2,-6.397009E-3,5.0180185E-1,1E0,3.011298E-1,7.987923E-1,5.197525E-3,2.1715356E-2,-2.429676E-3,-7.045746E-4,6.958008E-4,2.8480531E-3],"split_indices":[0,0,0,0,0,0,0,0,0,0,0,0,0,0,0],"split_type":[0,0,0,0,0,0,0,0,0,0,0,0,0,0,0],"sum_hessian":[9E0,2E0,7E0,1E0,1E0,5E0,2E0,3E0,2E0,1E0,1E0,1E0,2E0,1E0,1E0],"tree_param":{"num_deleted":"0","num_feature":"2","num_nodes":"15","size_leaf_vector":"1"}},{"base_weights":[-6.69646E-3,-1.9324794E-1,6.4097404E-2,-2.2910021E-2,-6.0771704E-3,2.3969014E-4,1.7044704E-1,-1.6473293E-2,2.2443771E-2,4.9375533E-3,2.0629501E-2,-2.308178E-3,-6.5765384E-4,6.609917E-4,2.705574E-3],"categories":[],"categories_nodes":[],"categories_segments":[],"categories_sizes":[],"default_left":[0,0,0,0,0,0,0,0,0,0,0,0,0,0,0],"id":78,"left_children":[1,3,5,-1,-1,7,9,11,13,-1,-1,-1,-1,-1,-1],"loss_changes":[1.4445369E-1,3.259182E-4,5.4289095E-2,0E0,0E0,2.5963013E-3,2.8345808E-3,1.0981213E-4,4.0239538E-5,0E0,0E0,0E0,0E0,0E0,0E0],"parents":[2147483647,0,0,1,1,2,2,5,5,6,6,7,7,8,8],"right_children":[2,4,6,-1,-1,8,10,12,14,-1,-1,-1,-1,-1,-1],"split_conditions":[2.0125642E-1,9.9045515E-2,9.0663826E-1,-2.2910021E-2,-6.0771704E-3,5.0180185E-1,1E0,3.011298E-1,7.987923E-1,4.9375533E-3,2.0629501E-2,-2.308178E-3,-6.5765384E-4,6.609917E-4,2.705574E-3],"split_indices":[0,0,0,0,0,0,0,0,0,0,0,0,0,0,0],"split_type":[0,0,0,0,0,0,0,0,0,0,0,0,0,0,0],"sum_hessian":[9E0,2E0,7E0,1E0,1E0,5E0,2E0,3E0,2E0,1E0,1E0,1E0,2E0,1E0,1E0],"tree_param":{"num_deleted":"0","num_feature":"2","num_nodes":"15","size_leaf_vector":"1"}},{"base_weights":[-6.328589E-3,-1.8358551E-1,6.093383E-2,-2.176452E-2,-5.773306E-3,2.826055E-4,1.61925E-1,-1.5567303E-2,2.1321615E-2,4.6907426E-3,1.9598007E-2,-2.1927834E-3,-6.137848E-4,6.278992E-4,2.570343E-3],"categories":[],"categories_nodes":[],"categories_segments":[],"categories_sizes":[],"default_left":[0,0,0,0,0,0,0,0,0,0,0,0,0,0,0],"id":79,"left_children":[1,3,5,-1,-1,7,9,11,13,-1,-1,-1,-1,-1,-1],"loss_changes":[1.3041385E-1,2.9416382E-4,4.895614E-2,0E0,0E0,2.3327183E-3,2.5578737E-3,1.05315645E-4,3.6350335E-5,0E0,0E0,0E0,0E0,0E0,0E0],"parents":[2147483647,0,0,1,1,2,2,5,5,6,6,7,7,8,8],"right_children":[2,4,6,-1,-1,8,10,12,14,-1,-1,-1,-1,-1,-1],"split_conditions":[2.0125642E-1,9.9045515E-2,9.0663826E-1,-2.176452E-2,-5.773306E-3,5.0180185E-1,1E0,3.011298E-1,7.987923E-1,4.6907426E-3,1.9598007E-2,-2.1927834E-3,-6.137848E-4,6.278992E-4,2.570343E-3],"split_indices":[0,0,0,0,0,0,0,0,0,0,0,0,0,0,0],"split_type":[0,0,0,0,0,0,0,0,0,0,0,0,0,0,0],"sum_hessian":[9E0,2E0,7E0,1E0,1E0,5E0,2E0,3E0,2E0,1E0,1E0,1E0,2E0,1E0,1E0],"tree_param":{"num_deleted":"0","num_feature":"2","num_nodes":"15","size_leaf_vector":"1"}},{"base_weights":[-5.9814276E-3,-1.744063E-1,5.7925582E-2,-2.0676294E-2,-5.4846527E-3,3.1963983E-4,1.5382893E-1,-1.4712095E-2,2.0255407E-2,4.4561387E-3,1.8618202E-2,-1.7827034E-3,-2.6836395E-4,5.965233E-4,2.4417879E-3],"categories":[],"categories_nodes":[],"categories_segments":[],"categories_sizes":[],"default_left":[0,0,0,0,0,0,0,0,0,0,0,0,0,0,0],"id":80,"left_children":[1,3,5,-1,-1,7,9,11,13,-1,-1,-1,-1,-1,-1],"loss_changes":[1.1773789E-1,2.6542693E-4,4.4147655E-2,0E0,0E0,2.0960143E-3,2.3088977E-3,1.0203029E-4,3.278884E-5,0E0,0E0,0E0,0E0,0E0,0E0],"parents":[2147483647,0,0,1,1,2,2,5,5,6,6,7,7,8,8],"right_children":[2,4,6,-1,-1,8,10,12,14,-1,-1,-1,-1,-1,-1],"split_conditions":[2.0125642E-1,9.9045515E-2,9.0663826E-1,-2.0676294E-2,-5.4846527E-3,5.0180185E-1,1E0,3.9839435E-1,7.987923E-1,4.4561387E-3,1.8618202E-2,-1.7827034E-3,-2.6836395E-4,5.965233E-4,2.4417879E-3],"split_indices":[0,0,0,0,0,0,0,0,0,0,0,0,0,0,0],"split_type":[0,0,0,0,0,0,0,0,0,0,0,0,0,0,0],"sum_hessian":[9E0,2E0,7E0,1E0,1E0,5E0,2E0,3E0,2E0,1E0,1E0,2E0,1E0,1E0,1E0],"tree_param":{"num_deleted":"0","num_feature":"2","num_nodes":"15","size_leaf_vector":"1"}},{"base_weights":[-5.5932193E-3,-1.6568603E-1,5.5140734E-2,-1.964248E-2,-5.2104234E-3,4.5235953E-4,1.4613724E-1,-1.3753414E-2,1.9242605E-2,4.2333603E-3,1.7687226E-2,-1.9940378E-3,-5.0443015E-4,5.666733E-4,2.3197175E-3],"categories":[],"categories_nodes":[],"categories_segments":[],"categories_sizes":[],"default_left":[0,0,0,0,0,0,0,0,0,0,0,0,0,0,0],"id":81,"left_children":[1,3,5,-1,-1,7,9,11,13,-1,-1,-1,-1,-1,-1],"loss_changes":[1.0636673E-1,2.3952872E-4,3.9745506E-2,0E0,0E0,1.8662313E-3,2.0835772E-3,1.1494651E-4,2.9608025E-5,0E0,0E0,0E0,0E0,0E0,0E0],"parents":[2147483647,0,0,1,1,2,2,5,5,6,6,7,7,8,8],"right_children":[2,4,6,-1,-1,8,10,12,14,-1,-1,-1,-1,-1,-1],"split_conditions":[2.0125642E-1,9.9045515E-2,9.0663826E-1,-1.964248E-2,-5.2104234E-3,5.0180185E-1,1E0,3.011298E-1,7.987923E-1,4.2333603E-3,1.7687226E-2,-1.9940378E-3,-5.0443015E-4,5.666733E-4,2.3197175E-3],"split_indices":[0,0,0,0,0,0,0,0,0,0,0,0,0,0,0],"split_type":[0,0,0,0,0,0,0,0,0,0,0,0,0,0,0],"sum_hessian":[9E0,2E0,7E0,1E0,1E0,5E0,2E0,3E0,2E0,1E0,1E0,1E0,2E0,1E0,1E0],"tree_param":{"num_deleted":"0","num_feature":"2","num_nodes":"15","size_leaf_vector":"1"}},{"base_weights":[-5.288699E-3,-1.5740173E-1,5.2414775E-2,-1.8660357E-2,-4.9499036E-3,4.7159195E-4,1.3882954E-1,-1.3003111E-2,1.8280664E-2,4.0216446E-3,1.6802788E-2,-1.894331E-3,-4.7086083E-4,5.3834915E-4,2.2037507E-3],"categories":[],"categories_nodes":[],"categories_segments":[],"categories_sizes":[],"default_left":[0,0,0,0,0,0,0,0,0,0,0,0,0,0,0],"id":82,"left_children":[1,3,5,-1,-1,7,9,11,13,-1,-1,-1,-1,-1,-1],"loss_changes":[9.602468E-2,2.1617115E-4,3.5843797E-2,0E0,0E0,1.6775373E-3,1.8805303E-3,1.07887376E-4,2.6719179E-5,0E0,0E0,0E0,0E0,0E0,0E0],"parents":[2147483647,0,0,1,1,2,2,5,5,6,6,7,7,8,8],"right_children":[2,4,6,-1,-1,8,10,12,14,-1,-1,-1,-1,-1,-1],"split_conditions":[2.0125642E-1,9.9045515E-2,9.0663826E-1,-1.8660357E-2,-4.9499036E-3,5.0180185E-1,1E0,3.011298E-1,7.987923E-1,4.0216446E-3,1.6802788E-2,-1.894331E-3,-4.7086083E-4,5.3834915E-4,2.2037507E-3],"split_indices":[0,0,0,0,0,0,0,0,0,0,0,0,0,0,0],"split_type":[0,0,0,0,0,0,0,0,0,0,0,0,0,0,0],"sum_hessian":[9E0,2E0,7E0,1E0,1E0,5E0,2E0,3E0,2E0,1E0,1E0,1E0,2E0,1E0,1E0],"tree_param":{"num_deleted":"0","num_feature":"2","num_nodes":"15","size_leaf_vector":"1"}},{"base_weights":[-5.000755E-3,-1.4953159E-1,4.9823403E-2,-1.7727338E-2,-4.7024013E-3,4.8716864E-4,1.3188808E-1,-1.2294054E-2,1.736641E-2,3.82061E-3,1.59626E-2,-1.7996312E-3,-4.3945314E-4,5.114555E-4,2.0935058E-3],"categories":[],"categories_nodes":[],"categories_segments":[],"categories_sizes":[],"default_left":[0,0,0,0,0,0,0,0,0,0,0,0,0,0,0],"id":83,"left_children":[1,3,5,-1,-1,7,9,11,13,-1,-1,-1,-1,-1,-1],"loss_changes":[8.668798E-2,1.951307E-4,3.232584E-2,0E0,0E0,1.5079277E-3,1.696948E-3,1.01095124E-4,2.409413E-5,0E0,0E0,0E0,0E0,0E0,0E0],"parents":[2147483647,0,0,1,1,2,2,5,5,6,6,7,7,8,8],"right_children":[2,4,6,-1,-1,8,10,12,14,-1,-1,-1,-1,-1,-1],"split_conditions":[2.0125642E-1,9.9045515E-2,9.0663826E-1,-1.7727338E-2,-4.7024013E-3,5.0180185E-1,1E0,3.011298E-1,7.987923E-1,3.82061E-3,1.59626E-2,-1.7996312E-3,-4.3945314E-4,5.114555E-4,2.0935058E-3],"split_indices":[0,0,0,0,0,0,0,0,0,0,0,0,0,0,0],"split_type":[0,0,0,0,0,0,0,0,0,0,0,0,0,0,0],"sum_hessian":[9E0,2E0,7E0,1E0,1E0,5E0,2E0,3E0,2E0,1E0,1E0,1E0,2E0,1E0,1E0],"tree_param":{"num_deleted":"0","num_feature":"2","num_nodes":"15","size_leaf_vector":"1"}},{"base_weights":[-4.7292947E-3,-1.4205496E-1,4.735899E-2,-1.684097E-2,-4.4672727E-3,4.9908954E-4,1.2529247E-1,-1.1624813E-2,1.649793E-2,3.6294938E-3,1.5164375E-2,-1.709652E-3,-4.1020714E-4,4.8589706E-4,1.9887926E-3],"categories":[],"categories_nodes":[],"categories_segments":[],"categories_sizes":[],"default_left":[0,0,0,0,0,0,0,0,0,0,0,0,0,0,0],"id":84,"left_children":[1,3,5,-1,-1,7,9,11,13,-1,-1,-1,-1,-1,-1],"loss_changes":[7.8258164E-2,1.7613173E-4,2.9153105E-2,0E0,0E0,1.3555957E-3,1.5316978E-3,9.451783E-5,2.1733169E-5,0E0,0E0,0E0,0E0,0E0,0E0],"parents":[2147483647,0,0,1,1,2,2,5,5,6,6,7,7,8,8],"right_children":[2,4,6,-1,-1,8,10,12,14,-1,-1,-1,-1,-1,-1],"split_conditions":[2.0125642E-1,9.9045515E-2,9.0663826E-1,-1.684097E-2,-4.4672727E-3,5.0180185E-1,1E0,3.011298E-1,7.987923E-1,3.6294938E-3,1.5164375E-2,-1.709652E-3,-4.1020714E-4,4.8589706E-4,1.9887926E-3],"split_indices":[0,0,0,0,0,0,0,0,0,0,0,0,0,0,0],"split_type":[0,0,0,0,0,0,0,0,0,0,0,0,0,0,0],"sum_hessian":[9E0,2E0,7E0,1E0,1E0,5E0,2E0,3E0,2E0,1E0,1E0,1E0,2E0,1E0,1E0],"tree_param":{"num_deleted":"0","num_feature":"2","num_nodes":"15","size_leaf_vector":"1"}},{"base_weights":[-4.471943E-3,-1.3495214E-1,4.5017123E-2,-1.5998922E-2,-4.2438987E-3,5.084674E-4,1.19028725E-1,-1.0992289E-2,1.5673319E-2,3.448105E-3,1.4406204E-2,-1.6241551E-3,-3.8286846E-4,4.6157837E-4,1.8894196E-3],"categories":[],"categories_nodes":[],"categories_segments":[],"categories_sizes":[],"default_left":[0,0,0,0,0,0,0,0,0,0,0,0,0,0,0],"id":85,"left_children":[1,3,5,-1,-1,7,9,11,13,-1,-1,-1,-1,-1,-1],"loss_changes":[7.064859E-2,1.5899912E-4,2.6292736E-2,0E0,0E0,1.2187292E-3,1.3821125E-3,8.8230736E-5,1.9633328E-5,0E0,0E0,0E0,0E0,0E0,0E0],"parents":[2147483647,0,0,1,1,2,2,5,5,6,6,7,7,8,8],"right_children":[2,4,6,-1,-1,8,10,12,14,-1,-1,-1,-1,-1,-1],"split_conditions":[2.0125642E-1,9.9045515E-2,9.0663826E-1,-1.5998922E-2,-4.2438987E-3,5.0180185E-1,1E0,3.011298E-1,7.987923E-1,3.448105E-3,1.4406204E-2,-1.6241551E-3,-3.8286846E-4,4.6157837E-4,1.8894196E-3],"split_indices":[0,0,0,0,0,0,0,0,0,0,0,0,0,0,0],"split_type":[0,0,0,0,0,0,0,0,0,0,0,0,0,0,0],"sum_hessian":[9E0,2E0,7E0,1E0,1E0,5E0,2E0,3E0,2E0,1E0,1E0,1E0,2E0,1E0,1E0],"tree_param":{"num_deleted":"0","num_feature":"2","num_nodes":"15","size_leaf_vector":"1"}},{"base_weights":[-4.229224E-3,-1.2820454E-1,4.2790174E-2,-1.5198976E-2,-4.031706E-3,5.15302E-4,1.1307653E-1,-1.0394573E-2,1.4890035E-2,3.2756806E-3,1.3685799E-2,-1.5429497E-3,-3.5731E-4,4.3849947E-4,1.7950059E-3],"categories":[],"categories_nodes":[],"categories_segments":[],"categories_sizes":[],"default_left":[0,0,0,0,0,0,0,0,0,0,0,0,0,0,0],"id":86,"left_children":[1,3,5,-1,-1,7,9,11,13,-1,-1,-1,-1,-1,-1],"loss_changes":[6.377834E-2,1.4349073E-4,2.3712507E-2,0E0,0E0,1.0957348E-3,1.2473278E-3,8.225127E-5,1.7726095E-5,0E0,0E0,0E0,0E0,0E0,0E0],"parents":[2147483647,0,0,1,1,2,2,5,5,6,6,7,7,8,8],"right_children":[2,4,6,-1,-1,8,10,12,14,-1,-1,-1,-1,-1,-1],"split_conditions":[2.0125642E-1,9.9045515E-2,9.0663826E-1,-1.5198976E-2,-4.031706E-3,5.0180185E-1,1E0,3.011298E-1,7.987923E-1,3.2756806E-3,1.3685799E-2,-1.5429497E-3,-3.5731E-4,4.3849947E-4,1.7950059E-3],"split_indices":[0,0,0,0,0,0,0,0,0,0,0,0,0,0,0],"split_type":[0,0,0,0,0,0,0,0,0,0,0,0,0,0,0],"sum_hessian":[9E0,2E0,7E0,1E0,1E0,5E0,2E0,3E0,2E0,1E0,1E0,1E0,2E0,1E0,1E0],"tree_param":{"num_deleted":"0","num_feature":"2","num_nodes":"15","size_leaf_vector":"1"}},{"base_weights":[-4.000458E-3,-1.21794336E-1,4.0672302E-2,-1.4439027E-2,-3.830123E-3,5.187988E-4,1.07421875E-1,-9.830475E-3,1.4144897E-2,3.1118393E-3,1.3001442E-2,-1.4657974E-3,-3.335317E-4,4.1656496E-4,1.7051697E-3],"categories":[],"categories_nodes":[],"categories_segments":[],"categories_sizes":[],"default_left":[0,0,0,0,0,0,0,0,0,0,0,0,0,0,0],"id":87,"left_children":[1,3,5,-1,-1,7,9,11,13,-1,-1,-1,-1,-1,-1],"loss_changes":[5.7575427E-2,1.2949109E-4,2.1386106E-2,0E0,0E0,9.851723E-4,1.1258274E-3,7.653248E-5,1.5991624E-5,0E0,0E0,0E0,0E0,0E0,0E0],"parents":[2147483647,0,0,1,1,2,2,5,5,6,6,7,7,8,8],"right_children":[2,4,6,-1,-1,8,10,12,14,-1,-1,-1,-1,-1,-1],"split_conditions":[2.0125642E-1,9.9045515E-2,9.0663826E-1,-1.4439027E-2,-3.830123E-3,5.0180185E-1,1E0,3.011298E-1,7.987923E-1,3.1118393E-3,1.3001442E-2,-1.4657974E-3,-3.335317E-4,4.1656496E-4,1.7051697E-3],"split_indices":[0,0,0,0,0,0,0,0,0,0,0,0,0,0,0],"split_type":[0,0,0,0,0,0,0,0,0,0,0,0,0,0,0],"sum_hessian":[9E0,2E0,7E0,1E0,1E0,5E0,2E0,3E0,2E0,1E0,1E0,1E0,2E0,1E0,1E0],"tree_param":{"num_deleted":"0","num_feature":"2","num_nodes":"15","size_leaf_vector":"1"}},{"base_weights":[-3.7836493E-3,-1.1570468E-1,3.865969E-2,-1.3717077E-2,-3.6386251E-3,5.2086514E-4,1.0205078E-1,-9.2971325E-3,1.3437907E-2,2.9561997E-3,1.2351418E-2,-1.3925076E-3,-3.112793E-4,3.9577484E-4,1.6199112E-3],"categories":[],"categories_nodes":[],"categories_segments":[],"categories_sizes":[],"default_left":[0,0,0,0,0,0,0,0,0,0,0,0,0,0,0],"id":88,"left_children":[1,3,5,-1,-1,7,9,11,13,-1,-1,-1,-1,-1,-1],"loss_changes":[5.1976133E-2,1.1683628E-4,1.928814E-2,0E0,0E0,8.858509E-4,1.0162406E-3,7.113721E-5,1.4417979E-5,0E0,0E0,0E0,0E0,0E0,0E0],"parents":[2147483647,0,0,1,1,2,2,5,5,6,6,7,7,8,8],"right_children":[2,4,6,-1,-1,8,10,12,14,-1,-1,-1,-1,-1,-1],"split_conditions":[2.0125642E-1,9.9045515E-2,9.0663826E-1,-1.3717077E-2,-3.6386251E-3,5.0180185E-1,1E0,3.011298E-1,7.987923E-1,2.9561997E-3,1.2351418E-2,-1.3925076E-3,-3.112793E-4,3.9577484E-4,1.6199112E-3],"split_indices":[0,0,0,0,0,0,0,0,0,0,0,0,0,0,0],"split_type":[0,0,0,0,0,0,0,0,0,0,0,0,0,0,0],"sum_hessian":[9E0,2E0,7E0,1E0,1E0,5E0,2E0,3E0,2E0,1E0,1E0,1E0,2E0,1E0,1E0],"tree_param":{"num_deleted":"0","num_feature":"2","num_nodes":"15","size_leaf_vector":"1"}},{"base_weights":[-3.5792857E-3,-1.099194E-1,3.6745667E-2,-1.3031222E-2,-3.456688E-3,5.2022934E-4,9.694799E-2,-8.793592E-3,1.2765248E-2,2.8083802E-3,1.1733818E-2,-1.3228894E-3,-2.905528E-4,3.7593843E-4,1.5388489E-3],"categories":[],"categories_nodes":[],"categories_segments":[],"categories_sizes":[],"default_left":[0,0,0,0,0,0,0,0,0,0,0,0,0,0,0],"id":89,"left_children":[1,3,5,-1,-1,7,9,11,13,-1,-1,-1,-1,-1,-1],"loss_changes":[4.6920665E-2,1.0545924E-4,1.7396409E-2,0E0,0E0,7.9654E-4,9.17159E-4,6.6024426E-5,1.30223925E-5,0E0,0E0,0E0,0E0,0E0,0E0],"parents":[2147483647,0,0,1,1,2,2,5,5,6,6,7,7,8,8],"right_children":[2,4,6,-1,-1,8,10,12,14,-1,-1,-1,-1,-1,-1],"split_conditions":[2.0125642E-1,9.9045515E-2,9.0663826E-1,-1.3031222E-2,-3.456688E-3,5.0180185E-1,1E0,3.011298E-1,7.987923E-1,2.8083802E-3,1.1733818E-2,-1.3228894E-3,-2.905528E-4,3.7593843E-4,1.5388489E-3],"split_indices":[0,0,0,0,0,0,0,0,0,0,0,0,0,0,0],"split_type":[0,0,0,0,0,0,0,0,0,0,0,0,0,0,0],"sum_hessian":[9E0,2E0,7E0,1E0,1E0,5E0,2E0,3E0,2E0,1E0,1E0,1E0,2E0,1E0,1E0],"tree_param":{"num_deleted":"0","num_feature":"2","num_nodes":"15","size_leaf_vector":"1"}},{"base_weights":[-3.3857166E-3,-1.0442346E-1,3.4926653E-2,-1.2379661E-2,-3.2838583E-3,5.1848096E-4,9.210078E-2,-8.317947E-3,1.2127559E-2,2.6679994E-3,1.1147118E-2,-1.2567521E-3,-2.7122497E-4,3.5715103E-4,1.4619827E-3],"categories":[],"categories_nodes":[],"categories_segments":[],"categories_sizes":[],"default_left":[0,0,0,0,0,0,0,0,0,0,0,0,0,0,0],"id":90,"left_children":[1,3,5,-1,-1,7,9,11,13,-1,-1,-1,-1,-1,-1],"loss_changes":[4.2357117E-2,9.5166266E-5,1.5690304E-2,0E0,0E0,7.163731E-4,8.276291E-4,6.120105E-5,1.1757045E-5,0E0,0E0,0E0,0E0,0E0,0E0],"parents":[2147483647,0,0,1,1,2,2,5,5,6,6,7,7,8,8],"right_children":[2,4,6,-1,-1,8,10,12,14,-1,-1,-1,-1,-1,-1],"split_conditions":[2.0125642E-1,9.9045515E-2,9.0663826E-1,-1.2379661E-2,-3.2838583E-3,5.0180185E-1,1E0,3.011298E-1,7.987923E-1,2.6679994E-3,1.1147118E-2,-1.2567521E-3,-2.7122497E-4,3.5715103E-4,1.4619827E-3],"split_indices":[0,0,0,0,0,0,0,0,0,0,0,0,0,0,0],"split_type":[0,0,0,0,0,0,0,0,0,0,0,0,0,0,0],"sum_hessian":[9E0,2E0,7E0,1E0,1E0,5E0,2E0,3E0,2E0,1E0,1E0,1E0,2E0,1E0,1E0],"tree_param":{"num_deleted":"0","num_feature":"2","num_nodes":"15","size_leaf_vector":"1"}},{"base_weights":[-3.202562E-3,-9.920225E-2,3.319764E-2,-1.1760678E-2,-3.1196594E-3,5.15302E-4,8.749644E-2,-7.86829E-3,1.1521657E-2,2.5346756E-3,1.05897905E-2,-1.1939049E-3,-2.5316875E-3,3.3931734E-4,1.3889313E-3,-3.13282E-4,-6.6471104E-5],"categories":[],"categories_nodes":[],"categories_segments":[],"categories_sizes":[],"default_left":[0,0,0,0,0,0,0,0,0,0,0,0,0,0,0,0,0],"id":91,"left_children":[1,3,5,-1,-1,7,9,11,13,-1,-1,-1,15,-1,-1,-1,-1],"loss_changes":[3.8237363E-2,8.5905194E-5,1.4151808E-2,0E0,0E0,6.442925E-4,7.467661E-4,5.6670135E-5,1.0607502E-5,0E0,0E0,0E0,1.2844812E-6,0E0,0E0,0E0,0E0],"parents":[2147483647,0,0,1,1,2,2,5,5,6,6,7,7,8,8,12,12],"right_children":[2,4,6,-1,-1,8,10,12,14,-1,-1,-1,16,-1,-1,-1,-1],"split_conditions":[2.0125642E-1,9.9045515E-2,9.0663826E-1,-1.1760678E-2,-3.1196594E-3,5.0180185E-1,1E0,3.011298E-1,7.987923E-1,2.5346756E-3,1.05897905E-2,-1.1939049E-3,3.9839435E-1,3.3931734E-4,1.3889313E-3,-3.13282E-4,-6.6471104E-5],"split_indices":[0,0,0,0,0,0,0,0,0,0,0,0,0,0,0,0,0],"split_type":[0,0,0,0,0,0,0,0,0,0,0,0,0,0,0,0,0],"sum_hessian":[9E0,2E0,7E0,1E0,1E0,5E0,2E0,3E0,2E0,1E0,1E0,1E0,2E0,1E0,1E0,1E0,1E0],"tree_param":{"num_deleted":"0","num_feature":"2","num_nodes":"17","size_leaf_vector":"1"}},{"base_weights":[-3.0422523E-3,-9.42422E-2,3.153801E-2,-1.1172644E-2,-2.9636861E-3,4.895528E-4,8.312225E-2,-7.4748993E-3,1.0945638E-2,2.4080276E-3,1.006031E-2,-1.1342049E-3,-2.4051666E-3,3.2234192E-4,1.3195038E-3,-2.9764176E-4,-6.3133244E-5],"categories":[],"categories_nodes":[],"categories_segments":[],"categories_sizes":[],"default_left":[0,0,0,0,0,0,0,0,0,0,0,0,0,0,0,0,0],"id":92,"left_children":[1,3,5,-1,-1,7,9,11,13,-1,-1,-1,15,-1,-1,-1,-1],"loss_changes":[3.450939E-2,7.750653E-5,1.2772196E-2,0E0,0E0,5.814795E-4,6.737616E-4,5.114214E-5,9.577925E-6,0E0,0E0,0E0,1.1608045E-6,0E0,0E0,0E0,0E0],"parents":[2147483647,0,0,1,1,2,2,5,5,6,6,7,7,8,8,12,12],"right_children":[2,4,6,-1,-1,8,10,12,14,-1,-1,-1,16,-1,-1,-1,-1],"split_conditions":[2.0125642E-1,9.9045515E-2,9.0663826E-1,-1.1172644E-2,-2.9636861E-3,5.0180185E-1,1E0,3.011298E-1,7.987923E-1,2.4080276E-3,1.006031E-2,-1.1342049E-3,3.9839435E-1,3.2234192E-4,1.3195038E-3,-2.9764176E-4,-6.3133244E-5],"split_indices":[0,0,0,0,0,0,0,0,0,0,0,0,0,0,0,0,0],"split_type":[0,0,0,0,0,0,0,0,0,0,0,0,0,0,0,0,0],"sum_hessian":[9E0,2E0,7E0,1E0,1E0,5E0,2E0,3E0,2E0,1E0,1E0,1E0,2E0,1E0,1E0,1E0,1E0],"tree_param":{"num_deleted":"0","num_feature":"2","num_nodes":"17","size_leaf_vector":"1"}},{"base_weights":[-2.8900593E-3,-8.953014E-2,2.9961228E-2,-1.0614012E-2,-2.815509E-3,4.6491623E-4,7.8966774E-2,-7.1012974E-3,1.0398229E-2,2.287674E-3,9.557343E-3,-1.0775089E-3,-2.2850037E-3,3.0622483E-4,1.2535095E-3,-2.8276443E-4,-5.9986116E-5],"categories":[],"categories_nodes":[],"categories_segments":[],"categories_sizes":[],"default_left":[0,0,0,0,0,0,0,0,0,0,0,0,0,0,0,0,0],"id":93,"left_children":[1,3,5,-1,-1,7,9,11,13,-1,-1,-1,15,-1,-1,-1,-1],"loss_changes":[3.1144815E-2,6.993301E-5,1.1527149E-2,0E0,0E0,5.247863E-4,6.079953E-4,4.6155124E-5,8.64247E-6,0E0,0E0,0E0,1.0470867E-6,0E0,0E0,0E0,0E0],"parents":[2147483647,0,0,1,1,2,2,5,5,6,6,7,7,8,8,12,12],"right_children":[2,4,6,-1,-1,8,10,12,14,-1,-1,-1,16,-1,-1,-1,-1],"split_conditions":[2.0125642E-1,9.9045515E-2,9.0663826E-1,-1.0614012E-2,-2.815509E-3,5.0180185E-1,1E0,3.011298E-1,7.987923E-1,2.287674E-3,9.557343E-3,-1.0775089E-3,3.9839435E-1,3.0622483E-4,1.2535095E-3,-2.8276443E-4,-5.9986116E-5],"split_indices":[0,0,0,0,0,0,0,0,0,0,0,0,0,0,0,0,0],"split_type":[0,0,0,0,0,0,0,0,0,0,0,0,0,0,0,0,0],"sum_hessian":[9E0,2E0,7E0,1E0,1E0,5E0,2E0,3E0,2E0,1E0,1E0,1E0,2E0,1E0,1E0,1E0,1E0],"tree_param":{"num_deleted":"0","num_feature":"2","num_nodes":"17","size_leaf_vector":"1"}},{"base_weights":[-2.745855E-3,-8.505356E-2,2.8462768E-2,-1.0083312E-2,-2.6747228E-3,4.4107437E-4,7.501856E-2,-6.7465305E-3,9.8775225E-3,2.173233E-3,9.079552E-3,-1.0236263E-3,-2.1711986E-4,2.9087067E-4,1.1907577E-3],"categories":[],"categories_nodes":[],"categories_segments":[],"categories_sizes":[],"default_left":[0,0,0,0,0,0,0,0,0,0,0,0,0,0,0],"id":94,"left_children":[1,3,5,-1,-1,7,9,11,13,-1,-1,-1,-1,-1,-1],"loss_changes":[2.8107962E-2,6.313622E-5,1.040349E-2,0E0,0E0,4.7359182E-4,5.4888614E-4,4.164179E-5,7.80556E-6,0E0,0E0,0E0,0E0,0E0,0E0],"parents":[2147483647,0,0,1,1,2,2,5,5,6,6,7,7,8,8],"right_children":[2,4,6,-1,-1,8,10,12,14,-1,-1,-1,-1,-1,-1],"split_conditions":[2.0125642E-1,9.9045515E-2,9.0663826E-1,-1.0083312E-2,-2.6747228E-3,5.0180185E-1,1E0,3.011298E-1,7.987923E-1,2.173233E-3,9.079552E-3,-1.0236263E-3,-2.1711986E-4,2.9087067E-4,1.1907577E-3],"split_indices":[0,0,0,0,0,0,0,0,0,0,0,0,0,0,0],"split_type":[0,0,0,0,0,0,0,0,0,0,0,0,0,0,0],"sum_hessian":[9E0,2E0,7E0,1E0,1E0,5E0,2E0,3E0,2E0,1E0,1E0,1E0,2E0,1E0,1E0],"tree_param":{"num_deleted":"0","num_feature":"2","num_nodes":"15","size_leaf_vector":"1"}},{"base_weights":[-2.5975942E-3,-8.080093E-2,2.7053356E-2,-9.579146E-3,-2.5409937E-3,4.374186E-4,7.126745E-2,-6.3819885E-3,9.384155E-3,2.0645142E-3,8.625603E-3,-8.201599E-4,-4.615784E-5,2.7637483E-4,1.1312485E-3],"categories":[],"categories_nodes":[],"categories_segments":[],"categories_sizes":[],"default_left":[0,0,0,0,0,0,0,0,0,0,0,0,0,0,0],"id":95,"left_children":[1,3,5,-1,-1,7,9,11,13,-1,-1,-1,-1,-1,-1],"loss_changes":[2.537397E-2,5.6965277E-5,9.383222E-3,0E0,0E0,4.2595822E-4,4.955018E-4,3.9305683E-5,7.034105E-6,0E0,0E0,0E0,0E0,0E0,0E0],"parents":[2147483647,0,0,1,1,2,2,5,5,6,6,7,7,8,8],"right_children":[2,4,6,-1,-1,8,10,12,14,-1,-1,-1,-1,-1,-1],"split_conditions":[2.0125642E-1,9.9045515E-2,9.0663826E-1,-9.579146E-3,-2.5409937E-3,5.0180185E-1,1E0,3.9839435E-1,7.987923E-1,2.0645142E-3,8.625603E-3,-8.201599E-4,-4.615784E-5,2.7637483E-4,1.1312485E-3],"split_indices":[0,0,0,0,0,0,0,0,0,0,0,0,0,0,0],"split_type":[0,0,0,0,0,0,0,0,0,0,0,0,0,0,0],"sum_hessian":[9E0,2E0,7E0,1E0,1E0,5E0,2E0,3E0,2E0,1E0,1E0,2E0,1E0,1E0,1E0],"tree_param":{"num_deleted":"0","num_feature":"2","num_nodes":"15","size_leaf_vector":"1"}},{"base_weights":[-2.4267943E-3,-7.676086E-2,2.575183E-2,-9.1001885E-3,-2.4139404E-3,4.8351288E-4,6.770452E-2,-5.9604645E-3,8.914311E-3,1.9613267E-3,8.194352E-3,-9.314537E-4,-1.7375946E-4,2.6254656E-4,1.0746003E-3],"categories":[],"categories_nodes":[],"categories_segments":[],"categories_sizes":[],"default_left":[0,0,0,0,0,0,0,0,0,0,0,0,0,0,0],"id":96,"left_children":[1,3,5,-1,-1,7,9,11,13,-1,-1,-1,-1,-1,-1],"loss_changes":[2.2923047E-2,5.1420182E-5,8.447854E-3,0E0,0E0,3.791007E-4,4.4713356E-4,4.047036E-5,6.3443877E-6,0E0,0E0,0E0,0E0,0E0,0E0],"parents":[2147483647,0,0,1,1,2,2,5,5,6,6,7,7,8,8],"right_children":[2,4,6,-1,-1,8,10,12,14,-1,-1,-1,-1,-1,-1],"split_conditions":[2.0125642E-1,9.9045515E-2,9.0663826E-1,-9.1001885E-3,-2.4139404E-3,5.0180185E-1,1E0,3.011298E-1,7.987923E-1,1.9613267E-3,8.194352E-3,-9.314537E-4,-1.7375946E-4,2.6254656E-4,1.0746003E-3],"split_indices":[0,0,0,0,0,0,0,0,0,0,0,0,0,0,0],"split_type":[0,0,0,0,0,0,0,0,0,0,0,0,0,0,0],"sum_hessian":[9E0,2E0,7E0,1E0,1E0,5E0,2E0,3E0,2E0,1E0,1E0,1E0,2E0,1E0,1E0],"tree_param":{"num_deleted":"0","num_feature":"2","num_nodes":"15","size_leaf_vector":"1"}},{"base_weights":[-2.2968813E-3,-7.292288E-2,2.4474978E-2,-8.64518E-3,-2.293253E-3,4.734993E-4,6.431961E-2,-5.640745E-3,8.467992E-3,1.8632889E-3,7.784653E-3,-8.8486675E-4,-1.6218821E-3,2.4938583E-4,1.020813E-3,-2.0809173E-4,-3.5190584E-5],"categories":[],"categories_nodes":[],"categories_segments":[],"categories_sizes":[],"default_left":[0,0,0,0,0,0,0,0,0,0,0,0,0,0,0,0,0],"id":97,"left_children":[1,3,5,-1,-1,7,9,11,13,-1,-1,-1,15,-1,-1,-1,-1],"loss_changes":[2.0692678E-2,4.6387315E-5,7.6201847E-3,0E0,0E0,3.410475E-4,4.0349644E-4,3.7217294E-5,5.7298166E-6,0E0,0E0,0E0,1.016605E-6,0E0,0E0,0E0,0E0],"parents":[2147483647,0,0,1,1,2,2,5,5,6,6,7,7,8,8,12,12],"right_children":[2,4,6,-1,-1,8,10,12,14,-1,-1,-1,16,-1,-1,-1,-1],"split_conditions":[2.0125642E-1,9.9045515E-2,9.0663826E-1,-8.64518E-3,-2.293253E-3,5.0180185E-1,1E0,3.011298E-1,7.987923E-1,1.8632889E-3,7.784653E-3,-8.8486675E-4,3.9839435E-1,2.4938583E-4,1.020813E-3,-2.0809173E-4,-3.5190584E-5],"split_indices":[0,0,0,0,0,0,0,0,0,0,0,0,0,0,0,0,0],"split_type":[0,0,0,0,0,0,0,0,0,0,0,0,0,0,0,0,0],"sum_hessian":[9E0,2E0,7E0,1E0,1E0,5E0,2E0,3E0,2E0,1E0,1E0,1E0,2E0,1E0,1E0,1E0,1E0],"tree_param":{"num_deleted":"0","num_feature":"2","num_nodes":"17","size_leaf_vector":"1"}},{"base_weights":[-2.1822855E-3,-6.927679E-2,2.3250937E-2,-8.21292E-3,-2.1785975E-3,4.4933954E-4,6.110382E-2,-5.3589344E-3,8.043925E-3,1.7702103E-3,7.395363E-3,-8.4061624E-4,-1.5411378E-4,2.3689271E-4,9.6969603E-4],"categories":[],"categories_nodes":[],"categories_segments":[],"categories_sizes":[],"default_left":[0,0,0,0,0,0,0,0,0,0,0,0,0,0,0],"id":98,"left_children":[1,3,5,-1,-1,7,9,11,13,-1,-1,-1,-1,-1,-1],"loss_changes":[1.8675044E-2,4.184991E-5,6.8773935E-3,0E0,0E0,3.0777545E-4,3.639767E-4,3.357973E-5,5.1715324E-6,0E0,0E0,0E0,0E0,0E0,0E0],"parents":[2147483647,0,0,1,1,2,2,5,5,6,6,7,7,8,8],"right_children":[2,4,6,-1,-1,8,10,12,14,-1,-1,-1,-1,-1,-1],"split_conditions":[2.0125642E-1,9.9045515E-2,9.0663826E-1,-8.21292E-3,-2.1785975E-3,5.0180185E-1,1E0,3.011298E-1,7.987923E-1,1.7702103E-3,7.395363E-3,-8.4061624E-4,-1.5411378E-4,2.3689271E-4,9.6969603E-4],"split_indices":[0,0,0,0,0,0,0,0,0,0,0,0,0,0,0],"split_type":[0,0,0,0,0,0,0,0,0,0,0,0,0,0,0],"sum_hessian":[9E0,2E0,7E0,1E0,1E0,5E0,2E0,3E0,2E0,1E0,1E0,1E0,2E0,1E0,1E0],"tree_param":{"num_deleted":"0","num_feature":"2","num_nodes":"15","size_leaf_vector":"1"}},{"base_weights":[-2.0654246E-3,-6.581292E-2,2.2098064E-2,-7.802274E-3,-2.069664E-3,4.3996176E-4,5.804825E-2,-5.07164E-3,7.6421103E-3,1.6817093E-3,7.0255282E-3,-7.986069E-4,-1.4381409E-3,2.2506714E-4,9.212494E-4,-1.8997192E-4,-2.5749207E-5],"categories":[],"categories_nodes":[],"categories_segments":[],"categories_sizes":[],"default_left":[0,0,0,0,0,0,0,0,0,0,0,0,0,0,0,0,0],"id":99,"left_children":[1,3,5,-1,-1,7,9,11,13,-1,-1,-1,15,-1,-1,-1,-1],"loss_changes":[1.6857957E-2,3.7777238E-5,6.2033636E-3,0E0,0E0,2.7693028E-4,3.2844022E-4,3.0873198E-5,4.6655914E-6,0E0,0E0,0E0,1.1457232E-6,0E0,0E0,0E0,0E0],"parents":[2147483647,0,0,1,1,2,2,5,5,6,6,7,7,8,8,12,12],"right_children":[2,4,6,-1,-1,8,10,12,14,-1,-1,-1,16,-1,-1,-1,-1],"split_conditions":[2.0125642E-1,9.9045515E-2,9.0663826E-1,-7.802274E-3,-2.069664E-3,5.0180185E-1,1E0,3.011298E-1,7.987923E-1,1.6817093E-3,7.0255282E-3,-7.986069E-4,3.9839435E-1,2.2506714E-4,9.212494E-4,-1.8997192E-4,-2.5749207E-5],"split_indices":[0,0,0,0,0,0,0,0,0,0,0,0,0,0,0,0,0],"split_type":[0,0,0,0,0,0,0,0,0,0,0,0,0,0,0,0,0],"sum_hessian":[9E0,2E0,7E0,1E0,1E0,5E0,2E0,3E0,2E0,1E0,1E0,1E0,2E0,1E0,1E0,1E0,1E0],"tree_param":{"num_deleted":"0","num_feature":"2","num_nodes":"17","size_leaf_vector":"1"}}]},"name":"gbtree"},"learner_model_param":{"base_score":"2.5877779E1","boost_from_average":"1","num_class":"0","num_feature":"2","num_target":"1"},"objective":{"name":"reg:squarederror","reg_loss_param":{"scale_pos_weight":"1"}}},"version":[2,0,1]}