{"learner":{"attributes":{"scikit_learn":"{\"_estimator_type\": \"regressor\"}"},"feature_names":[],"feature_types":[],"gradient_booster":{"model":{"gbtree_model_param":{"num_parallel_tree":"1","num_trees":"100"},"iteration_indptr":[0,1,2,3,4,5,6,7,8,9,10,11,12,13,14,15,16,17,18,19,20,21,22,23,24,25,26,27,28,29,30,31,32,33,34,35,36,37,38,39,40,41,42,43,44,45,46,47,48,49,50,51,52,53,54,55,56,57,58,59,60,61,62,63,64,65,66,67,68,69,70,71,72,73,74,75,76,77,78,79,80,81,82,83,84,85,86,87,88,89,90,91,92,93,94,95,96,97,98,99,100],"tree_info":[0,0,0,0,0,0,0,0,0,0,0,0,0,0,0,0,0,0,0,0,0,0,0,0,0,0,0,0,0,0,0,0,0,0,0,0,0,0,0,0,0,0,0,0,0,0,0,0,0,0,0,0,0,0,0,0,0,0,0,0,0,0,0,0,0,0,0,0,0,0,0,0,0,0,0,0,0,0,0,0,0,0,0,0,0,0,0,0,0,0,0,0,0,0,0,0,0,0,0,0],"trees":[{"base_weights":[-2.2888185E-6,-6.211111E0,5.1759254E1,6.3555527E-1,5.9568887E0],"categories":[],"categories_nodes":[],"categories_segments":[],"categories_sizes":[],"default_left":[0,0,0,0,0],"id":0,"left_children":[1,-1,3,-1,-1],"loss_changes":[3.536307E4,0E0,1.7489229E3,0E0,0E0],"parents":[2147483647,0,0,2,2],"right_children":[2,-1,4,-1,-1],"split_conditions":[5.034692E-1,-6.211111E0,6.0073537E-1,6.3555527E-1,5.9568887E0],"split_indices":[0,0,0,0,0],"split_type":[0,0,0,0,0],"sum_hessian":[9E0,4E0,5E0,1E0,4E0],"tree_param":{"num_deleted":"0","num_feature":"2","num_nodes":"5","size_leaf_vector":"1"}},{"base_weights":[3.8129427E-2,-5.714222E1,4.7682064E1,-6.3158336E0,-1.6538887E0,6.0377735E-1,5.4803367E0],"categories":[],"categories_nodes":[],"categories_segments":[],"categories_sizes":[],"default_left":[0,0,0,0,0,0,0],"id":1,"left_children":[1,3,5,-1,-1,-1,-1],"loss_changes":[2.9967629E4,1.7680273E2,1.4484795E3,0E0,0E0,0E0,0E0],"parents":[2147483647,0,0,1,1,2,2],"right_children":[2,4,6,-1,-1,-1,-1],"split_conditions":[5.034692E-1,3.0212986E-1,6.0073537E-1,-6.3158336E0,-1.6538887E0,6.0377735E-1,5.4803367E0],"split_indices":[0,0,0,0,0,0,0],"split_type":[0,0,0,0,0,0,0],"sum_hessian":[9E0,4E0,5E0,3E0,1E0,1E0,4E0],"tree_param":{"num_deleted":"0","num_feature":"2","num_nodes":"7","size_leaf_vector":"1"}},{"base_weights":[-1.5424117E-1,-5.3021942E1,4.3927883E1,-5.8421454E0,-1.571194E0,1.3581884E0,5.570541E0],"categories":[],"categories_nodes":[],"categories_segments":[],"categories_sizes":[],"default_left":[0,0,0,0,0,0,0],"id":2,"left_children":[1,3,5,-1,-1,-1,-1],"loss_changes":[2.5634346E4,8.9365234E1,1.3878203E3,0E0,0E0,0E0,0E0],"parents":[2147483647,0,0,1,1,2,2],"right_children":[2,4,6,-1,-1,-1,-1],"split_conditions":[5.034692E-1,3.0212986E-1,7.0321304E-1,-5.8421454E0,-1.571194E0,1.3581884E0,5.570541E0],"split_indices":[0,0,0,0,0,0,0],"split_type":[0,0,0,0,0,0,0],"sum_hessian":[9E0,4E0,5E0,3E0,1E0,2E0,3E0],"tree_param":{"num_deleted":"0","num_feature":"2","num_nodes":"7","size_leaf_vector":"1"}},{"base_weights":[-1.8727645E-1,-4.920241E1,4.0689884E1,-5.4039845E0,-1.4926342E0,1.2676427E0,5.1527505E0],"categories":[],"categories_nodes":[],"categories_segments":[],"categories_sizes":[],"default_left":[0,0,0,0,0,0,0],"id":3,"left_children":[1,3,5,-1,-1,-1,-1],"loss_changes":[2.2038035E4,2.2423828E1,1.1684111E3,0E0,0E0,0E0,0E0],"parents":[2147483647,0,0,1,1,2,2],"right_children":[2,4,6,-1,-1,-1,-1],"split_conditions":[5.034692E-1,3.0212986E-1,7.0321304E-1,-5.4039845E0,-1.4926342E0,1.2676427E0,5.1527505E0],"split_indices":[0,0,0,0,0,0,0],"split_type":[0,0,0,0,0,0,0],"sum_hessian":[9E0,4E0,5E0,3E0,1E0,2E0,3E0],"tree_param":{"num_deleted":"0","num_feature":"2","num_nodes":"7","size_leaf_vector":"1"}},{"base_weights":[-2.1617202E-1,-4.5661497E0,3.769096E1,1.1831335E0,4.766294E0],"categories":[],"categories_nodes":[],"categories_segments":[],"categories_sizes":[],"default_left":[0,0,0,0,0],"id":4,"left_children":[1,-1,3,-1,-1],"loss_changes":[1.8948045E4,0E0,9.833135E2,0E0,0E0],"parents":[2147483647,0,0,2,2],"right_children":[2,-1,4,-1,-1],"split_conditions":[5.034692E-1,-4.5661497E0,7.0321304E-1,1.1831335E0,4.766294E0],"split_indices":[0,0,0,0,0],"split_type":[0,0,0,0,0],"sum_hessian":[9E0,4E0,5E0,2E0,3E0],"tree_param":{"num_deleted":"0","num_feature":"2","num_nodes":"5","size_leaf_vector":"1"}},{"base_weights":[-5.62294E-2,-4.2008575E1,3.4913433E1,-4.6562247E0,-1.189695E0,3.8314056E-1,4.0363555E0],"categories":[],"categories_nodes":[],"categories_segments":[],"categories_sizes":[],"default_left":[0,0,0,0,0,0,0],"id":5,"left_children":[1,3,5,-1,-1,-1,-1],"loss_changes":[1.6137258E4,1.3164355E2,8.6175684E2,0E0,0E0,0E0,0E0],"parents":[2147483647,0,0,1,1,2,2],"right_children":[2,4,6,-1,-1,-1,-1],"split_conditions":[5.034692E-1,3.0212986E-1,6.0073537E-1,-4.6562247E0,-1.189695E0,3.8314056E-1,4.0363555E0],"split_indices":[0,0,0,0,0,0,0],"split_type":[0,0,0,0,0,0,0],"sum_hessian":[9E0,4E0,5E0,3E0,1E0,1E0,4E0],"tree_param":{"num_deleted":"0","num_feature":"2","num_nodes":"7","size_leaf_vector":"1"}},{"base_weights":[-1.9325104E-1,-3.8976902E1,3.2158665E1,-4.766229E0,-1.7299212E0,9.5694077E-1,4.1060944E0],"categories":[],"categories_nodes":[],"categories_segments":[],"categories_sizes":[],"default_left":[0,0,0,0,0,0,0],"id":6,"left_children":[1,3,5,-1,-1,-1,-1],"loss_changes":[1.38007E4,1.16875E2,8.136465E2,0E0,0E0,0E0,0E0],"parents":[2147483647,0,0,1,1,2,2],"right_children":[2,4,6,-1,-1,-1,-1],"split_conditions":[5.034692E-1,2.027444E-1,7.0321304E-1,-4.766229E0,-1.7299212E0,9.5694077E-1,4.1060944E0],"split_indices":[0,0,0,0,0,0,0],"split_type":[0,0,0,0,0,0,0],"sum_hessian":[9E0,4E0,5E0,2E0,2E0,2E0,3E0],"tree_param":{"num_deleted":"0","num_feature":"2","num_nodes":"7","size_leaf_vector":"1"}},{"base_weights":[-3.1723785E-1,-3.637844E1,2.9786638E1,-4.4484806E0,-1.6145934E0,8.931447E-1,3.7981374E0],"categories":[],"categories_nodes":[],"categories_segments":[],"categories_sizes":[],"default_left":[0,0,0,0,0,0,0],"id":7,"left_children":[1,3,5,-1,-1,-1,-1],"loss_changes":[1.1939412E4,1.01811035E2,6.86188E2,0E0,0E0,0E0,0E0],"parents":[2147483647,0,0,1,1,2,2],"right_children":[2,4,6,-1,-1,-1,-1],"split_conditions":[5.034692E-1,2.027444E-1,7.0321304E-1,-4.4484806E0,-1.6145934E0,8.931447E-1,3.7981374E0],"split_indices":[0,0,0,0,0,0,0],"split_type":[0,0,0,0,0,0,0],"sum_hessian":[9E0,4E0,5E0,2E0,2E0,2E0,3E0],"tree_param":{"num_deleted":"0","num_feature":"2","num_nodes":"7","size_leaf_vector":"1"}},{"base_weights":[-4.2269439E-1,-3.3953213E1,2.7589853E1,-4.1519156E0,-1.5069537E0,8.336019E-1,3.5132768E0],"categories":[],"categories_nodes":[],"categories_segments":[],"categories_sizes":[],"default_left":[0,0,0,0,0,0,0],"id":8,"left_children":[1,3,5,-1,-1,-1,-1],"loss_changes":[1.0329517E4,8.868945E1,5.785127E2,0E0,0E0,0E0,0E0],"parents":[2147483647,0,0,1,1,2,2],"right_children":[2,4,6,-1,-1,-1,-1],"split_conditions":[5.034692E-1,2.027444E-1,7.0321304E-1,-4.1519156E0,-1.5069537E0,8.336019E-1,3.5132768E0],"split_indices":[0,0,0,0,0,0,0],"split_type":[0,0,0,0,0,0,0],"sum_hessian":[9E0,4E0,5E0,2E0,2E0,2E0,3E0],"tree_param":{"num_deleted":"0","num_feature":"2","num_nodes":"7","size_leaf_vector":"1"}},{"base_weights":[-5.1162416E-1,-3.1689667E1,2.555535E1,-3.5173898E0,-8.8763696E-1,1.0917816E1,3.655361E0,2.297989E-1,1.3025097E0],"categories":[],"categories_nodes":[],"categories_segments":[],"categories_sizes":[],"default_left":[0,0,0,0,0,0,0,0,0],"id":9,"left_children":[1,3,5,-1,-1,7,-1,-1,-1],"loss_changes":[8.937013E3,8.521777E1,5.6683887E2,0E0,0E0,4.2726044E1,0E0,0E0,0E0],"parents":[2147483647,0,0,1,1,2,2,5,5],"right_children":[2,4,6,-1,-1,8,-1,-1,-1],"split_conditions":[5.034692E-1,3.0212986E-1,8.032633E-1,-3.5173898E0,-8.8763696E-1,6.0073537E-1,3.655361E0,2.297989E-1,1.3025097E0],"split_indices":[0,0,0,0,0,0,0,0,0],"split_type":[0,0,0,0,0,0,0,0,0],"sum_hessian":[9E0,4E0,5E0,3E0,1E0,3E0,2E0,1E0,2E0],"tree_param":{"num_deleted":"0","num_feature":"2","num_nodes":"9","size_leaf_vector":"1"}},{"base_weights":[-3.8219833E-1,-2.9401707E1,2.3864426E1,-3.6406286E0,-1.2596563E0,1.0209114E1,3.41167E0,2.1830903E-1,1.2156758E0],"categories":[],"categories_nodes":[],"categories_segments":[],"categories_sizes":[],"default_left":[0,0,0,0,0,0,0,0,0],"id":10,"left_children":[1,3,5,-1,-1,7,-1,-1,-1],"loss_changes":[7.7379053E3,1.299707E2,4.91687E2,0E0,0E0,3.5988068E1,0E0,0E0,0E0],"parents":[2147483647,0,0,1,1,2,2,5,5],"right_children":[2,4,6,-1,-1,8,-1,-1,-1],"split_conditions":[5.034692E-1,2.027444E-1,8.032633E-1,-3.6406286E0,-1.2596563E0,6.0073537E-1,3.41167E0,2.1830903E-1,1.2156758E0],"split_indices":[0,0,0,0,0,0,0,0,0],"split_type":[0,0,0,0,0,0,0,0,0],"sum_hessian":[9E0,4E0,5E0,2E0,2E0,3E0,2E0,1E0,2E0],"tree_param":{"num_deleted":"0","num_feature":"2","num_nodes":"9","size_leaf_vector":"1"}},{"base_weights":[-3.494423E-1,-2.7441593E1,2.2285591E1,-3.39792E0,-1.1756791E0,9.546696E0,3.1842256E0,2.0739365E-1,1.1346303E0],"categories":[],"categories_nodes":[],"categories_segments":[],"categories_sizes":[],"default_left":[0,0,0,0,0,0,0,0,0],"id":11,"left_children":[1,3,5,-1,-1,7,-1,-1,-1],"loss_changes":[6.7438696E3,1.1321875E2,4.2645947E2,0E0,0E0,3.026062E1,0E0,0E0,0E0],"parents":[2147483647,0,0,1,1,2,2,5,5],"right_children":[2,4,6,-1,-1,8,-1,-1,-1],"split_conditions":[5.034692E-1,2.027444E-1,8.032633E-1,-3.39792E0,-1.1756791E0,6.0073537E-1,3.1842256E0,2.0739365E-1,1.1346303E0],"split_indices":[0,0,0,0,0,0,0,0,0],"split_type":[0,0,0,0,0,0,0,0,0],"sum_hessian":[9E0,4E0,5E0,2E0,2E0,3E0,2E0,1E0,2E0],"tree_param":{"num_deleted":"0","num_feature":"2","num_nodes":"9","size_leaf_vector":"1"}},{"base_weights":[-3.1923142E-1,-2.5612154E1,2.0811409E1,-3.1713922E0,-1.0973003E0,8.927532E0,2.9719443E0,1.9702378E-1,1.0589885E0],"categories":[],"categories_nodes":[],"categories_segments":[],"categories_sizes":[],"default_left":[0,0,0,0,0,0,0,0,0],"id":12,"left_children":[1,3,5,-1,-1,7,-1,-1,-1],"loss_changes":[5.8775815E3,9.8626465E1,3.6985034E2,0E0,0E0,2.5397308E1,0E0,0E0,0E0],"parents":[2147483647,0,0,1,1,2,2,5,5],"right_children":[2,4,6,-1,-1,8,-1,-1,-1],"split_conditions":[5.034692E-1,2.027444E-1,8.032633E-1,-3.1713922E0,-1.0973003E0,6.0073537E-1,2.9719443E0,1.9702378E-1,1.0589885E0],"split_indices":[0,0,0,0,0,0,0,0,0],"split_type":[0,0,0,0,0,0,0,0,0],"sum_hessian":[9E0,4E0,5E0,2E0,2E0,3E0,2E0,1E0,2E0],"tree_param":{"num_deleted":"0","num_feature":"2","num_nodes":"9","size_leaf_vector":"1"}},{"base_weights":[-2.9138184E-1,-2.3904678E1,1.9434929E1,-2.9599662E0,-1.024147E0,8.348782E0,2.773815E0,1.871727E-1,9.8838913E-1],"categories":[],"categories_nodes":[],"categories_segments":[],"categories_sizes":[],"default_left":[0,0,0,0,0,0,0,0,0],"id":13,"left_children":[1,3,5,-1,-1,7,-1,-1,-1],"loss_changes":[5.1226177E3,8.591455E1,3.2072437E2,0E0,0E0,2.1271973E1,0E0,0E0,0E0],"parents":[2147483647,0,0,1,1,2,2,5,5],"right_children":[2,4,6,-1,-1,8,-1,-1,-1],"split_conditions":[5.034692E-1,2.027444E-1,8.032633E-1,-2.9599662E0,-1.024147E0,6.0073537E-1,2.773815E0,1.871727E-1,9.8838913E-1],"split_indices":[0,0,0,0,0,0,0,0,0],"split_type":[0,0,0,0,0,0,0,0,0],"sum_hessian":[9E0,4E0,5E0,2E0,2E0,3E0,2E0,1E0,2E0],"tree_param":{"num_deleted":"0","num_feature":"2","num_nodes":"9","size_leaf_vector":"1"}},{"base_weights":[-2.6571885E-1,-2.2311033E1,1.8149664E1,-2.762635E0,-9.5587057E-1,7.8077927E0,2.5888937E0,1.7781372E-1,9.224965E-1],"categories":[],"categories_nodes":[],"categories_segments":[],"categories_sizes":[],"default_left":[0,0,0,0,0,0,0,0,0],"id":14,"left_children":[1,3,5,-1,-1,7,-1,-1,-1],"loss_changes":[4.4646665E3,7.484131E1,2.7809607E2,0E0,0E0,1.7776993E1,0E0,0E0,0E0],"parents":[2147483647,0,0,1,1,2,2,5,5],"right_children":[2,4,6,-1,-1,8,-1,-1,-1],"split_conditions":[5.034692E-1,2.027444E-1,8.032633E-1,-2.762635E0,-9.5587057E-1,6.0073537E-1,2.5888937E0,1.7781372E-1,9.224965E-1],"split_indices":[0,0,0,0,0,0,0,0,0],"split_type":[0,0,0,0,0,0,0,0,0],"sum_hessian":[9E0,4E0,5E0,2E0,2E0,3E0,2E0,1E0,2E0],"tree_param":{"num_deleted":"0","num_feature":"2","num_nodes":"9","size_leaf_vector":"1"}},{"base_weights":[-2.420784E-1,-2.0823631E1,1.6949562E1,-2.5784595E0,-8.921458E-1,7.3020897E0,2.4163005E0,1.6892318E-1,8.6099654E-1],"categories":[],"categories_nodes":[],"categories_segments":[],"categories_sizes":[],"default_left":[0,0,0,0,0,0,0,0,0],"id":15,"left_children":[1,3,5,-1,-1,7,-1,-1,-1],"loss_changes":[3.8912583E3,6.519507E1,2.4110852E2,0E0,0E0,1.4819443E1,0E0,0E0,0E0],"parents":[2147483647,0,0,1,1,2,2,5,5],"right_children":[2,4,6,-1,-1,8,-1,-1,-1],"split_conditions":[5.034692E-1,2.027444E-1,8.032633E-1,-2.5784595E0,-8.921458E-1,6.0073537E-1,2.4163005E0,1.6892318E-1,8.6099654E-1],"split_indices":[0,0,0,0,0,0,0,0,0],"split_type":[0,0,0,0,0,0,0,0,0],"sum_hessian":[9E0,4E0,5E0,2E0,2E0,3E0,2E0,1E0,2E0],"tree_param":{"num_deleted":"0","num_feature":"2","num_nodes":"9","size_leaf_vector":"1"}},{"base_weights":[-2.2031021E-1,-1.943539E1,1.5828975E1,-2.7649217E0,-1.046963E0,6.829361E0,2.2552135E0,1.6047668E-1,8.03597E-1],"categories":[],"categories_nodes":[],"categories_segments":[],"categories_sizes":[],"default_left":[0,0,0,0,0,0,0,0,0],"id":16,"left_children":[1,3,5,-1,-1,7,-1,-1,-1],"loss_changes":[3.391525E3,7.873889E1,2.0901843E2,0E0,0E0,1.2320328E1,0E0,0E0,0E0],"parents":[2147483647,0,0,1,1,2,2,5,5],"right_children":[2,4,6,-1,-1,8,-1,-1,-1],"split_conditions":[5.034692E-1,1.00406185E-1,8.032633E-1,-2.7649217E0,-1.046963E0,6.0073537E-1,2.2552135E0,1.6047668E-1,8.03597E-1],"split_indices":[0,0,0,0,0,0,0,0,0],"split_type":[0,0,0,0,0,0,0,0,0],"sum_hessian":[9E0,4E0,5E0,1E0,3E0,3E0,2E0,1E0,2E0],"tree_param":{"num_deleted":"0","num_feature":"2","num_nodes":"9","size_leaf_vector":"1"}},{"base_weights":[-2.5754052E-1,-1.8254227E1,1.478262E1,-2.6266754E0,-9.6844053E-1,6.3874397E0,2.1048656E0,1.5245286E-1,7.500234E-1],"categories":[],"categories_nodes":[],"categories_segments":[],"categories_sizes":[],"default_left":[0,0,0,0,0,0,0,0,0],"id":17,"left_children":[1,3,5,-1,-1,7,-1,-1,-1],"loss_changes":[2.9765757E3,8.8951904E1,1.8117993E2,0E0,0E0,1.0211365E1,0E0,0E0,0E0],"parents":[2147483647,0,0,1,1,2,2,5,5],"right_children":[2,4,6,-1,-1,8,-1,-1,-1],"split_conditions":[5.034692E-1,1.00406185E-1,8.032633E-1,-2.6266754E0,-9.6844053E-1,6.0073537E-1,2.1048656E0,1.5245286E-1,7.500234E-1],"split_indices":[0,0,0,0,0,0,0,0,0],"split_type":[0,0,0,0,0,0,0,0,0],"sum_hessian":[9E0,4E0,5E0,1E0,3E0,3E0,2E0,1E0,2E0],"tree_param":{"num_deleted":"0","num_feature":"2","num_nodes":"9","size_leaf_vector":"1"}},{"base_weights":[-2.9056436E-1,-1.7147827E1,1.3805583E1,-2.4953418E0,-8.958077E-1,7.3730745E0,2.2984064E0,1.4483033E-1,8.4921914E-1],"categories":[],"categories_nodes":[],"categories_segments":[],"categories_sizes":[],"default_left":[0,0,0,0,0,0,0,0,0],"id":18,"left_children":[1,3,5,-1,-1,7,-1,-1,-1],"loss_changes":[2.6129604E3,9.6094604E1,1.8478064E2,0E0,0E0,2.0853271E1,0E0,0E0,0E0],"parents":[2147483647,0,0,1,1,2,2,5,5],"right_children":[2,4,6,-1,-1,8,-1,-1,-1],"split_conditions":[5.034692E-1,1.00406185E-1,1E0,-2.4953418E0,-8.958077E-1,6.0073537E-1,2.2984064E0,1.4483033E-1,8.4921914E-1],"split_indices":[0,0,0,0,0,0,0,0,0],"split_type":[0,0,0,0,0,0,0,0,0],"sum_hessian":[9E0,4E0,5E0,1E0,3E0,4E0,1E0,1E0,3E0],"tree_param":{"num_deleted":"0","num_feature":"2","num_nodes":"9","size_leaf_vector":"1"}},{"base_weights":[-2.7137566E-1,-1.6111275E1,1.297377E1,-2.3705747E0,-8.2862216E-1,6.8345795E0,2.1834862E0,1.375885E-1,7.855282E-1],"categories":[],"categories_nodes":[],"categories_segments":[],"categories_sizes":[],"default_left":[0,0,0,0,0,0,0,0,0],"id":19,"left_children":[1,3,5,-1,-1,7,-1,-1,-1],"loss_changes":[2.307042E3,1.0070471E2,1.7716754E2,0E0,0E0,1.7050552E1,0E0,0E0,0E0],"parents":[2147483647,0,0,1,1,2,2,5,5],"right_children":[2,4,6,-1,-1,8,-1,-1,-1],"split_conditions":[5.034692E-1,1.00406185E-1,1E0,-2.3705747E0,-8.2862216E-1,6.0073537E-1,2.1834862E0,1.375885E-1,7.855282E-1],"split_indices":[0,0,0,0,0,0,0,0,0],"split_type":[0,0,0,0,0,0,0,0,0],"sum_hessian":[9E0,4E0,5E0,1E0,3E0,4E0,1E0,1E0,3E0],"tree_param":{"num_deleted":"0","num_feature":"2","num_nodes":"9","size_leaf_vector":"1"}},{"base_weights":[-2.5349617E-1,-1.5139988E1,1.2194163E1,-2.2520459E0,-7.664756E-1,6.335748E0,2.074312E0,1.3070908E-1,7.26614E-1],"categories":[],"categories_nodes":[],"categories_segments":[],"categories_sizes":[],"default_left":[0,0,0,0,0,0,0,0,0],"id":20,"left_children":[1,3,5,-1,-1,7,-1,-1,-1],"loss_changes":[2.0376392E3,1.0323987E2,1.6907684E2,0E0,0E0,1.3895615E1,0E0,0E0,0E0],"parents":[2147483647,0,0,1,1,2,2,5,5],"right_children":[2,4,6,-1,-1,8,-1,-1,-1],"split_conditions":[5.034692E-1,1.00406185E-1,1E0,-2.2520459E0,-7.664756E-1,6.0073537E-1,2.074312E0,1.3070908E-1,7.26614E-1],"split_indices":[0,0,0,0,0,0,0,0,0],"split_type":[0,0,0,0,0,0,0,0,0],"sum_hessian":[9E0,4E0,5E0,1E0,3E0,4E0,1E0,1E0,3E0],"tree_param":{"num_deleted":"0","num_feature":"2","num_nodes":"9","size_leaf_vector":"1"}},{"base_weights":[-2.3683396E-1,-1.4229695E1,1.1463356E1,-2.1394436E0,-7.089901E-1,5.873642E0,1.9705963E0,1.2417374E-1,6.7211837E-1],"categories":[],"categories_nodes":[],"categories_segments":[],"categories_sizes":[],"default_left":[0,0,0,0,0,0,0,0,0],"id":21,"left_children":[1,3,5,-1,-1,7,-1,-1,-1],"loss_changes":[1.8003114E3,1.0408954E2,1.6069714E2,0E0,0E0,1.1282715E1,0E0,0E0,0E0],"parents":[2147483647,0,0,1,1,2,2,5,5],"right_children":[2,4,6,-1,-1,8,-1,-1,-1],"split_conditions":[5.034692E-1,1.00406185E-1,1E0,-2.1394436E0,-7.089901E-1,6.0073537E-1,1.9705963E0,1.2417374E-1,6.7211837E-1],"split_indices":[0,0,0,0,0,0,0,0,0],"split_type":[0,0,0,0,0,0,0,0,0],"sum_hessian":[9E0,4E0,5E0,1E0,3E0,4E0,1E0,1E0,3E0],"tree_param":{"num_deleted":"0","num_feature":"2","num_nodes":"9","size_leaf_vector":"1"}},{"base_weights":[-2.2130509E-1,-1.3376411E1,1.0778168E1,-2.0324714E0,-6.558157E-1,5.445535E0,1.8720665E0,1.1796494E-1,6.2170947E-1],"categories":[],"categories_nodes":[],"categories_segments":[],"categories_sizes":[],"default_left":[0,0,0,0,0,0,0,0,0],"id":22,"left_children":[1,3,5,-1,-1,7,-1,-1,-1],"loss_changes":[1.5911655E3,1.035838E2,1.5218243E2,0E0,0E0,9.122925E0,0E0,0E0,0E0],"parents":[2147483647,0,0,1,1,2,2,5,5],"right_children":[2,4,6,-1,-1,8,-1,-1,-1],"split_conditions":[5.034692E-1,1.00406185E-1,1E0,-2.0324714E0,-6.558157E-1,6.0073537E-1,1.8720665E0,1.1796494E-1,6.2170947E-1],"split_indices":[0,0,0,0,0,0,0,0,0],"split_type":[0,0,0,0,0,0,0,0,0],"sum_hessian":[9E0,4E0,5E0,1E0,3E0,4E0,1E0,1E0,3E0],"tree_param":{"num_deleted":"0","num_feature":"2","num_nodes":"9","size_leaf_vector":"1"}},{"base_weights":[-2.0682831E-1,-1.2576428E1,1.0135643E1,-1.930848E0,-6.0662955E-1,5.0489197E0,1.778463E0,1.1206665E-1,5.7508165E-1],"categories":[],"categories_nodes":[],"categories_segments":[],"categories_sizes":[],"default_left":[0,0,0,0,0,0,0,0,0],"id":23,"left_children":[1,3,5,-1,-1,7,-1,-1,-1],"loss_changes":[1.4067925E3,1.0200183E2,1.436565E2,0E0,0E0,7.341385E0,0E0,0E0,0E0],"parents":[2147483647,0,0,1,1,2,2,5,5],"right_children":[2,4,6,-1,-1,8,-1,-1,-1],"split_conditions":[5.034692E-1,1.00406185E-1,1E0,-1.930848E0,-6.0662955E-1,6.0073537E-1,1.778463E0,1.1206665E-1,5.7508165E-1],"split_indices":[0,0,0,0,0,0,0,0,0],"split_type":[0,0,0,0,0,0,0,0,0],"sum_hessian":[9E0,4E0,5E0,1E0,3E0,4E0,1E0,1E0,3E0],"tree_param":{"num_deleted":"0","num_feature":"2","num_nodes":"9","size_leaf_vector":"1"}},{"base_weights":[-1.9333343E-1,-1.1826282E1,9.533012E0,-1.8343056E0,-5.6113243E-1,4.6814547E0,1.6895401E0,1.06463626E-1,5.3195E-1],"categories":[],"categories_nodes":[],"categories_segments":[],"categories_sizes":[],"default_left":[0,0,0,0,0,0,0,0,0],"id":24,"left_children":[1,3,5,-1,-1,7,-1,-1,-1],"loss_changes":[1.2442009E3,9.957849E1,1.352193E2,0E0,0E0,5.8751373E0,0E0,0E0,0E0],"parents":[2147483647,0,0,1,1,2,2,5,5],"right_children":[2,4,6,-1,-1,8,-1,-1,-1],"split_conditions":[5.034692E-1,1.00406185E-1,1E0,-1.8343056E0,-5.6113243E-1,6.0073537E-1,1.6895401E0,1.06463626E-1,5.3195E-1],"split_indices":[0,0,0,0,0,0,0,0,0],"split_type":[0,0,0,0,0,0,0,0,0],"sum_hessian":[9E0,4E0,5E0,1E0,3E0,4E0,1E0,1E0,3E0],"tree_param":{"num_deleted":"0","num_feature":"2","num_nodes":"9","size_leaf_vector":"1"}},{"base_weights":[-1.8074875E-1,-1.112274E1,8.967702E0,-1.7425903E0,-5.190474E-1,4.340991E0,1.6050628E0,1.01140596E-1,4.920536E-1],"categories":[],"categories_nodes":[],"categories_segments":[],"categories_sizes":[],"default_left":[0,0,0,0,0,0,0,0,0],"id":25,"left_children":[1,3,5,-1,-1,7,-1,-1,-1],"loss_changes":[1.1007682E3,9.6511475E1,1.2694827E2,0E0,0E0,4.671562E0,0E0,0E0,0E0],"parents":[2147483647,0,0,1,1,2,2,5,5],"right_children":[2,4,6,-1,-1,8,-1,-1,-1],"split_conditions":[5.034692E-1,1.00406185E-1,1E0,-1.7425903E0,-5.190474E-1,6.0073537E-1,1.6050628E0,1.01140596E-1,4.920536E-1],"split_indices":[0,0,0,0,0,0,0,0,0],"split_type":[0,0,0,0,0,0,0,0,0],"sum_hessian":[9E0,4E0,5E0,1E0,3E0,4E0,1E0,1E0,3E0],"tree_param":{"num_deleted":"0","num_feature":"2","num_nodes":"9","size_leaf_vector":"1"}},{"base_weights":[-1.6900901E-1,-1.0462792E1,8.437312E0,-1.6554607E0,-4.8011866E0,4.025534E0,1.5248101E0,-5.4341215E-1,-1.451191E-1,9.6083835E-2,4.5514986E-1],"categories":[],"categories_nodes":[],"categories_segments":[],"categories_sizes":[],"default_left":[0,0,0,0,0,0,0,0,0,0,0],"id":26,"left_children":[1,3,5,-1,7,9,-1,-1,-1,-1,-1],"loss_changes":[9.7419385E2,9.2965515E1,1.1890436E2,0E0,5.9536743E-1,3.686348E0,0E0,0E0,0E0,0E0,0E0],"parents":[2147483647,0,0,1,1,2,2,4,4,5,5],"right_children":[2,4,6,-1,8,10,-1,-1,-1,-1,-1],"split_conditions":[5.034692E-1,1.00406185E-1,1E0,-1.6554607E0,3.0212986E-1,6.0073537E-1,1.5248101E0,-5.4341215E-1,-1.451191E-1,9.6083835E-2,4.5514986E-1],"split_indices":[0,0,0,0,0,0,0,0,0,0,0],"split_type":[0,0,0,0,0,0,0,0,0,0,0],"sum_hessian":[9E0,4E0,5E0,1E0,3E0,4E0,1E0,2E0,1E0,1E0,3E0],"tree_param":{"num_deleted":"0","num_feature":"2","num_nodes":"11","size_leaf_vector":"1"}},{"base_weights":[-1.7890473E-1,-9.885312E0,7.939585E0,-1.5726877E0,-4.4932013E0,3.7332244E0,1.4485695E0,-5.0718474E-1,-1.3786316E-1,9.12796E-2,4.2101327E-1],"categories":[],"categories_nodes":[],"categories_segments":[],"categories_sizes":[],"default_left":[0,0,0,0,0,0,0,0,0,0,0],"id":27,"left_children":[1,3,5,-1,7,9,-1,-1,-1,-1,-1],"loss_changes":[8.66499E2,8.682782E1,1.1113345E2,0E0,2.1672058E-1,2.8824234E0,0E0,0E0,0E0,0E0,0E0],"parents":[2147483647,0,0,1,1,2,2,4,4,5,5],"right_children":[2,4,6,-1,8,10,-1,-1,-1,-1,-1],"split_conditions":[5.034692E-1,1.00406185E-1,1E0,-1.5726877E0,3.0212986E-1,6.0073537E-1,1.4485695E0,-5.0718474E-1,-1.3786316E-1,9.12796E-2,4.2101327E-1],"split_indices":[0,0,0,0,0,0,0,0,0,0,0],"split_type":[0,0,0,0,0,0,0,0,0,0,0],"sum_hessian":[9E0,4E0,5E0,1E0,3E0,4E0,1E0,2E0,1E0,1E0,3E0],"tree_param":{"num_deleted":"0","num_feature":"2","num_nodes":"11","size_leaf_vector":"1"}},{"base_weights":[-1.8670292E-1,-9.340328E0,7.472435E0,-1.4940534E0,-4.2051432E-1,3.4623566E0,1.3761414E0,8.67157E-2,3.8943672E-1],"categories":[],"categories_nodes":[],"categories_segments":[],"categories_sizes":[],"default_left":[0,0,0,0,0,0,0,0,0],"id":28,"left_children":[1,3,5,-1,-1,7,-1,-1,-1],"loss_changes":[7.708838E2,8.096335E1,1.03668884E2,0E0,0E0,2.2287407E0,0E0,0E0,0E0],"parents":[2147483647,0,0,1,1,2,2,5,5],"right_children":[2,4,6,-1,-1,8,-1,-1,-1],"split_conditions":[5.034692E-1,1.00406185E-1,1E0,-1.4940534E0,-4.2051432E-1,6.0073537E-1,1.3761414E0,8.67157E-2,3.8943672E-1],"split_indices":[0,0,0,0,0,0,0,0,0],"split_type":[0,0,0,0,0,0,0,0,0],"sum_hessian":[9E0,4E0,5E0,1E0,3E0,4E0,1E0,1E0,3E0],"tree_param":{"num_deleted":"0","num_feature":"2","num_nodes":"9","size_leaf_vector":"1"}},{"base_weights":[-1.7425938E-1,-8.789207E0,7.0339074E0,-1.4193507E0,-3.8897562E0,3.2113526E0,1.3073342E0,-4.4533807E-1,-1.0994416E-1,8.2379915E-2,3.602291E-1],"categories":[],"categories_nodes":[],"categories_segments":[],"categories_sizes":[],"default_left":[0,0,0,0,0,0,0,0,0,0,0],"id":29,"left_children":[1,3,5,-1,7,9,-1,-1,-1,-1,-1],"loss_changes":[6.8280237E2,7.718121E1,9.6533325E1,0E0,1.3945312E0,1.6993675E0,0E0,0E0,0E0,0E0,0E0],"parents":[2147483647,0,0,1,1,2,2,4,4,5,5],"right_children":[2,4,6,-1,8,10,-1,-1,-1,-1,-1],"split_conditions":[5.034692E-1,1.00406185E-1,1E0,-1.4193507E0,3.0212986E-1,6.0073537E-1,1.3073342E0,-4.4533807E-1,-1.0994416E-1,8.2379915E-2,3.602291E-1],"split_indices":[0,0,0,0,0,0,0,0,0,0,0],"split_type":[0,0,0,0,0,0,0,0,0,0,0],"sum_hessian":[9E0,4E0,5E0,1E0,3E0,4E0,1E0,2E0,1E0,1E0,3E0],"tree_param":{"num_deleted":"0","num_feature":"2","num_nodes":"11","size_leaf_vector":"1"}},{"base_weights":[-1.7930183E-1,-8.305213E0,6.6221747E0,-1.3483832E0,-3.6396008E0,2.9787383E0,1.2419678E0,-4.156489E-1,-1.0444679E-1,7.82608E-2,3.332119E-1],"categories":[],"categories_nodes":[],"categories_segments":[],"categories_sizes":[],"default_left":[0,0,0,0,0,0,0,0,0,0,0],"id":30,"left_children":[1,3,5,-1,7,9,-1,-1,-1,-1,-1],"loss_changes":[6.0768054E2,7.173135E1,8.9742035E1,0E0,1.0242577E0,1.2726021E0,0E0,0E0,0E0,0E0,0E0],"parents":[2147483647,0,0,1,1,2,2,4,4,5,5],"right_children":[2,4,6,-1,8,10,-1,-1,-1,-1,-1],"split_conditions":[5.034692E-1,1.00406185E-1,1E0,-1.3483832E0,3.0212986E-1,6.0073537E-1,1.2419678E0,-4.156489E-1,-1.0444679E-1,7.82608E-2,3.332119E-1],"split_indices":[0,0,0,0,0,0,0,0,0,0,0],"split_type":[0,0,0,0,0,0,0,0,0,0,0],"sum_hessian":[9E0,4E0,5E0,1E0,3E0,4E0,1E0,2E0,1E0,1E0,3E0],"tree_param":{"num_deleted":"0","num_feature":"2","num_nodes":"11","size_leaf_vector":"1"}},{"base_weights":[-1.8287449E-1,-7.8483877E0,6.2355323E0,-1.280964E0,-3.4056644E0,2.7631621E0,1.179869E0,-3.8793895E-1,-9.922447E-2,7.434769E-2,3.0822143E-1],"categories":[],"categories_nodes":[],"categories_segments":[],"categories_sizes":[],"default_left":[0,0,0,0,0,0,0,0,0,0,0],"id":31,"left_children":[1,3,5,-1,7,9,-1,-1,-1,-1,-1],"loss_changes":[5.409427E2,6.6582E1,8.330238E1,0E0,7.238884E-1,9.3037033E-1,0E0,0E0,0E0,0E0,0E0],"parents":[2147483647,0,0,1,1,2,2,4,4,5,5],"right_children":[2,4,6,-1,8,10,-1,-1,-1,-1,-1],"split_conditions":[5.034692E-1,1.00406185E-1,1E0,-1.280964E0,3.0212986E-1,6.0073537E-1,1.179869E0,-3.8793895E-1,-9.922447E-2,7.434769E-2,3.0822143E-1],"split_indices":[0,0,0,0,0,0,0,0,0,0,0],"split_type":[0,0,0,0,0,0,0,0,0,0,0],"sum_hessian":[9E0,4E0,5E0,1E0,3E0,4E0,1E0,2E0,1E0,1E0,3E0],"tree_param":{"num_deleted":"0","num_feature":"2","num_nodes":"11","size_leaf_vector":"1"}},{"base_weights":[-1.8515682E-1,-7.4171734E0,5.872383E0,-1.2169158E0,-3.1868877E0,2.5633576E0,1.1208756E0,-3.620763E-1,-9.426308E-2,7.063065E-2,2.8510436E-1],"categories":[],"categories_nodes":[],"categories_segments":[],"categories_sizes":[],"default_left":[0,0,0,0,0,0,0,0,0,0,0],"id":32,"left_children":[1,3,5,-1,7,9,-1,-1,-1,-1,-1],"loss_changes":[4.816388E2,6.1729492E1,7.72171E1,0E0,4.8186874E-1,6.575279E-1,0E0,0E0,0E0,0E0,0E0],"parents":[2147483647,0,0,1,1,2,2,4,4,5,5],"right_children":[2,4,6,-1,8,10,-1,-1,-1,-1,-1],"split_conditions":[5.034692E-1,1.00406185E-1,1E0,-1.2169158E0,3.0212986E-1,6.0073537E-1,1.1208756E0,-3.620763E-1,-9.426308E-2,7.063065E-2,2.8510436E-1],"split_indices":[0,0,0,0,0,0,0,0,0,0,0],"split_type":[0,0,0,0,0,0,0,0,0,0,0],"sum_hessian":[9E0,4E0,5E0,1E0,3E0,4E0,1E0,2E0,1E0,1E0,3E0],"tree_param":{"num_deleted":"0","num_feature":"2","num_nodes":"11","size_leaf_vector":"1"}},{"base_weights":[-1.8630847E-1,-7.010108E0,5.5312424E0,-1.1560701E0,-2.9822845E0,2.3781648E0,1.0648316E0,-3.3793792E-1,-8.955002E-2,6.7099E-2,2.6372108E-1],"categories":[],"categories_nodes":[],"categories_segments":[],"categories_sizes":[],"default_left":[0,0,0,0,0,0,0,0,0,0,0],"id":33,"left_children":[1,3,5,-1,7,9,-1,-1,-1,-1,-1],"loss_changes":[4.289288E2,5.7167618E1,7.148372E1,0E0,2.8836823E-1,4.4164467E-1,0E0,0E0,0E0,0E0,0E0],"parents":[2147483647,0,0,1,1,2,2,4,4,5,5],"right_children":[2,4,6,-1,8,10,-1,-1,-1,-1,-1],"split_conditions":[5.034692E-1,1.00406185E-1,1E0,-1.1560701E0,3.0212986E-1,6.0073537E-1,1.0648316E0,-3.3793792E-1,-8.955002E-2,6.7099E-2,2.6372108E-1],"split_indices":[0,0,0,0,0,0,0,0,0,0,0],"split_type":[0,0,0,0,0,0,0,0,0,0,0],"sum_hessian":[9E0,4E0,5E0,1E0,3E0,4E0,1E0,2E0,1E0,1E0,3E0],"tree_param":{"num_deleted":"0","num_feature":"2","num_nodes":"11","size_leaf_vector":"1"}},{"base_weights":[-1.8646756E-1,-6.6258097E0,5.210729E0,-1.0982665E0,-2.7909298E0,2.2065156E0,1.0115899E0,-3.1540883E-1,-8.507271E-2,9.706929E-2,2.706833E-1],"categories":[],"categories_nodes":[],"categories_segments":[],"categories_sizes":[],"default_left":[0,0,0,0,0,0,0,0,0,0,0],"id":34,"left_children":[1,3,5,-1,7,9,-1,-1,-1,-1,-1],"loss_changes":[3.8206927E2,5.288823E1,6.6096176E1,0E0,1.3513756E-1,4.6401405E-1,0E0,0E0,0E0,0E0,0E0],"parents":[2147483647,0,0,1,1,2,2,4,4,5,5],"right_children":[2,4,6,-1,8,10,-1,-1,-1,-1,-1],"split_conditions":[5.034692E-1,1.00406185E-1,1E0,-1.0982665E0,3.0212986E-1,7.0321304E-1,1.0115899E0,-3.1540883E-1,-8.507271E-2,9.706929E-2,2.706833E-1],"split_indices":[0,0,0,0,0,0,0,0,0,0,0],"split_type":[0,0,0,0,0,0,0,0,0,0,0],"sum_hessian":[9E0,4E0,5E0,1E0,3E0,4E0,1E0,2E0,1E0,2E0,2E0],"tree_param":{"num_deleted":"0","num_feature":"2","num_nodes":"11","size_leaf_vector":"1"}},{"base_weights":[-1.7976323E-1,-6.262978E0,4.919543E0,-1.0433532E0,-2.6119566E0,2.0594115E0,9.6101E-1,-2.943816E-1,-8.081894E-2,9.059753E-2,2.5263774E-1],"categories":[],"categories_nodes":[],"categories_segments":[],"categories_sizes":[],"default_left":[0,0,0,0,0,0,0,0,0,0,0],"id":35,"left_children":[1,3,5,-1,7,9,-1,-1,-1,-1,-1],"loss_changes":[3.4101273E2,4.8881973E1,6.0702515E1,0E0,1.52282715E-2,4.0424156E-1,0E0,0E0,0E0,0E0,0E0],"parents":[2147483647,0,0,1,1,2,2,4,4,5,5],"right_children":[2,4,6,-1,8,10,-1,-1,-1,-1,-1],"split_conditions":[5.034692E-1,1.00406185E-1,1E0,-1.0433532E0,3.0212986E-1,7.0321304E-1,9.6101E-1,-2.943816E-1,-8.081894E-2,9.059753E-2,2.5263774E-1],"split_indices":[0,0,0,0,0,0,0,0,0,0,0],"split_type":[0,0,0,0,0,0,0,0,0,0,0],"sum_hessian":[9E0,4E0,5E0,1E0,3E0,4E0,1E0,2E0,1E0,2E0,2E0],"tree_param":{"num_deleted":"0","num_feature":"2","num_nodes":"11","size_leaf_vector":"1"}},{"base_weights":[-1.7321758E-1,-5.9203916E0,4.6449637E0,-9.911855E-1,-2.444562E-1,1.9221191E0,9.129593E-1,8.455811E-2,2.357951E-1],"categories":[],"categories_nodes":[],"categories_segments":[],"categories_sizes":[],"default_left":[0,0,0,0,0,0,0,0,0],"id":36,"left_children":[1,3,5,-1,-1,7,-1,-1,-1],"loss_changes":[3.0440924E2,4.5138092E1,5.5717514E1,0E0,0E0,3.52108E-1,0E0,0E0,0E0],"parents":[2147483647,0,0,1,1,2,2,5,5],"right_children":[2,4,6,-1,-1,8,-1,-1,-1],"split_conditions":[5.034692E-1,1.00406185E-1,1E0,-9.911855E-1,-2.444562E-1,7.0321304E-1,9.129593E-1,8.455811E-2,2.357951E-1],"split_indices":[0,0,0,0,0,0,0,0,0],"split_type":[0,0,0,0,0,0,0,0,0],"sum_hessian":[9E0,4E0,5E0,1E0,3E0,4E0,1E0,2E0,2E0],"tree_param":{"num_deleted":"0","num_feature":"2","num_nodes":"9","size_leaf_vector":"1"}},{"base_weights":[-1.561306E-1,-5.5754814E0,4.386017E0,-9.416262E-1,-2.261221E0,1.7939758E0,8.673111E-1,-2.584592E-1,-6.455536E-2,7.892049E-2,2.2007549E-1],"categories":[],"categories_nodes":[],"categories_segments":[],"categories_sizes":[],"default_left":[0,0,0,0,0,0,0,0,0,0,0],"id":37,"left_children":[1,3,5,-1,7,9,-1,-1,-1,-1,-1],"loss_changes":[2.7060904E2,4.2354492E1,5.11146E1,0E0,4.2134857E-1,3.0675125E-1,0E0,0E0,0E0,0E0,0E0],"parents":[2147483647,0,0,1,1,2,2,4,4,5,5],"right_children":[2,4,6,-1,8,10,-1,-1,-1,-1,-1],"split_conditions":[5.034692E-1,1.00406185E-1,1E0,-9.416262E-1,3.0212986E-1,7.0321304E-1,8.673111E-1,-2.584592E-1,-6.455536E-2,7.892049E-2,2.2007549E-1],"split_indices":[0,0,0,0,0,0,0,0,0,0,0],"split_type":[0,0,0,0,0,0,0,0,0,0,0],"sum_hessian":[9E0,4E0,5E0,1E0,3E0,4E0,1E0,2E0,1E0,2E0,2E0],"tree_param":{"num_deleted":"0","num_feature":"2","num_nodes":"11","size_leaf_vector":"1"}},{"base_weights":[-1.5035076E-1,-5.2708616E0,4.1418E0,-8.945449E-1,-2.1158524E0,1.6743774E0,8.2394564E-1,-2.4122849E-1,-6.1327744E-2,4.618683E-2,1.8620376E-1],"categories":[],"categories_nodes":[],"categories_segments":[],"categories_sizes":[],"default_left":[0,0,0,0,0,0,0,0,0,0,0],"id":38,"left_children":[1,3,5,-1,7,9,-1,-1,-1,-1,-1],"loss_changes":[2.4161089E2,3.9039536E1,4.6867943E1,0E0,3.02248E-1,2.7768326E-1,0E0,0E0,0E0,0E0,0E0],"parents":[2147483647,0,0,1,1,2,2,4,4,5,5],"right_children":[2,4,6,-1,8,10,-1,-1,-1,-1,-1],"split_conditions":[5.034692E-1,1.00406185E-1,1E0,-8.945449E-1,3.0212986E-1,6.0073537E-1,8.2394564E-1,-2.4122849E-1,-6.1327744E-2,4.618683E-2,1.8620376E-1],"split_indices":[0,0,0,0,0,0,0,0,0,0,0],"split_type":[0,0,0,0,0,0,0,0,0,0,0],"sum_hessian":[9E0,4E0,5E0,1E0,3E0,4E0,1E0,2E0,1E0,1E0,3E0],"tree_param":{"num_deleted":"0","num_feature":"2","num_nodes":"11","size_leaf_vector":"1"}},{"base_weights":[-1.4939193E-1,-4.9831953E0,3.9036763E0,-8.498177E-1,-1.9799061E0,1.5534179E0,7.827484E-1,-2.2514649E-1,-5.826149E-2,6.591289E-2,1.9299011E-1],"categories":[],"categories_nodes":[],"categories_segments":[],"categories_sizes":[],"default_left":[0,0,0,0,0,0,0,0,0,0,0],"id":39,"left_children":[1,3,5,-1,7,9,-1,-1,-1,-1,-1],"loss_changes":[2.1537015E2,3.595694E1,4.3172417E1,0E0,2.0604897E-1,4.1136932E-1,0E0,0E0,0E0,0E0,0E0],"parents":[2147483647,0,0,1,1,2,2,4,4,5,5],"right_children":[2,4,6,-1,8,10,-1,-1,-1,-1,-1],"split_conditions":[5.034692E-1,1.00406185E-1,1E0,-8.498177E-1,3.0212986E-1,7.0321304E-1,7.827484E-1,-2.2514649E-1,-5.826149E-2,6.591289E-2,1.9299011E-1],"split_indices":[0,0,0,0,0,0,0,0,0,0,0],"split_type":[0,0,0,0,0,0,0,0,0,0,0],"sum_hessian":[9E0,4E0,5E0,1E0,3E0,4E0,1E0,2E0,1E0,2E0,2E0],"tree_param":{"num_deleted":"0","num_feature":"2","num_nodes":"11","size_leaf_vector":"1"}},{"base_weights":[-1.4361171E-1,-4.7115216E0,3.6869152E0,-8.073268E-1,-1.852768E0,1.4498535E0,7.4361116E-1,-2.1013668E-1,-5.5348586E-2,6.1518352E-2,1.8012391E-1],"categories":[],"categories_nodes":[],"categories_segments":[],"categories_sizes":[],"default_left":[0,0,0,0,0,0,0,0,0,0,0],"id":40,"left_children":[1,3,5,-1,7,9,-1,-1,-1,-1,-1],"loss_changes":[1.92346E2,3.3094147E1,3.9541824E1,0E0,1.2892246E-1,3.583622E-1,0E0,0E0,0E0,0E0,0E0],"parents":[2147483647,0,0,1,1,2,2,4,4,5,5],"right_children":[2,4,6,-1,8,10,-1,-1,-1,-1,-1],"split_conditions":[5.034692E-1,1.00406185E-1,1E0,-8.073268E-1,3.0212986E-1,7.0321304E-1,7.4361116E-1,-2.1013668E-1,-5.5348586E-2,6.1518352E-2,1.8012391E-1],"split_indices":[0,0,0,0,0,0,0,0,0,0,0],"split_type":[0,0,0,0,0,0,0,0,0,0,0],"sum_hessian":[9E0,4E0,5E0,1E0,3E0,4E0,1E0,2E0,1E0,2E0,2E0],"tree_param":{"num_deleted":"0","num_feature":"2","num_nodes":"11","size_leaf_vector":"1"}},{"base_weights":[-1.3800792E-1,-4.4549313E0,3.4824295E0,-7.6696044E-1,-1.7338619E0,1.3531921E0,7.0643085E-1,-1.9612758E-1,-5.2581023E-2,5.7416793E-2,1.6811524E-1],"categories":[],"categories_nodes":[],"categories_segments":[],"categories_sizes":[],"default_left":[0,0,0,0,0,0,0,0,0,0,0],"id":41,"left_children":[1,3,5,-1,7,9,-1,-1,-1,-1,-1],"loss_changes":[1.718055E2,3.0438713E1,3.6200653E1,0E0,6.765175E-2,3.1218052E-1,0E0,0E0,0E0,0E0,0E0],"parents":[2147483647,0,0,1,1,2,2,4,4,5,5],"right_children":[2,4,6,-1,8,10,-1,-1,-1,-1,-1],"split_conditions":[5.034692E-1,1.00406185E-1,1E0,-7.6696044E-1,3.0212986E-1,7.0321304E-1,7.0643085E-1,-1.9612758E-1,-5.2581023E-2,5.7416793E-2,1.6811524E-1],"split_indices":[0,0,0,0,0,0,0,0,0,0,0],"split_type":[0,0,0,0,0,0,0,0,0,0,0],"sum_hessian":[9E0,4E0,5E0,1E0,3E0,4E0,1E0,2E0,1E0,2E0,2E0],"tree_param":{"num_deleted":"0","num_feature":"2","num_nodes":"11","size_leaf_vector":"1"}},{"base_weights":[-1.3257961E-1,-4.212571E0,3.28951E0,-7.286124E-1,-1.622652E0,1.262976E0,6.71109E-1,-1.8305232E-1,-4.9951937E-2,5.3588867E-2,1.5690714E-1],"categories":[],"categories_nodes":[],"categories_segments":[],"categories_sizes":[],"default_left":[0,0,0,0,0,0,0,0,0,0,0],"id":42,"left_children":[1,3,5,-1,7,9,-1,-1,-1,-1,-1],"loss_changes":[1.5347827E2,2.7978424E1,3.3127747E1,0E0,1.9486427E-2,2.7194357E-1,0E0,0E0,0E0,0E0,0E0],"parents":[2147483647,0,0,1,1,2,2,4,4,5,5],"right_children":[2,4,6,-1,8,10,-1,-1,-1,-1,-1],"split_conditions":[5.034692E-1,1.00406185E-1,1E0,-7.286124E-1,3.0212986E-1,7.0321304E-1,6.71109E-1,-1.8305232E-1,-4.9951937E-2,5.3588867E-2,1.5690714E-1],"split_indices":[0,0,0,0,0,0,0,0,0,0,0],"split_type":[0,0,0,0,0,0,0,0,0,0,0],"sum_hessian":[9E0,4E0,5E0,1E0,3E0,4E0,1E0,2E0,1E0,2E0,2E0],"tree_param":{"num_deleted":"0","num_feature":"2","num_nodes":"11","size_leaf_vector":"1"}},{"base_weights":[-1.2732315E-1,-3.983638E0,3.1074932E0,-6.9218177E-1,-1.5186386E-1,1.178778E0,6.375534E-1,5.001628E-2,1.4644675E-1],"categories":[],"categories_nodes":[],"categories_segments":[],"categories_sizes":[],"default_left":[0,0,0,0,0,0,0,0,0],"id":43,"left_children":[1,3,5,-1,-1,7,-1,-1,-1],"loss_changes":[1.3712383E2,2.5701317E1,3.0303371E1,0E0,0E0,2.3689365E-1,0E0,0E0,0E0],"parents":[2147483647,0,0,1,1,2,2,5,5],"right_children":[2,4,6,-1,-1,8,-1,-1,-1],"split_conditions":[5.034692E-1,1.00406185E-1,1E0,-6.9218177E-1,-1.5186386E-1,7.0321304E-1,6.375534E-1,5.001628E-2,1.4644675E-1],"split_indices":[0,0,0,0,0,0,0,0,0],"split_type":[0,0,0,0,0,0,0,0,0],"sum_hessian":[9E0,4E0,5E0,1E0,3E0,4E0,1E0,2E0,2E0],"tree_param":{"num_deleted":"0","num_feature":"2","num_nodes":"9","size_leaf_vector":"1"}},{"base_weights":[-1.15596294E-1,-5.583881E-1,1.94946E0,4.9745288E-1,6.056755E-1,-6.7292534E-2,1.1001892E0,4.6681724E-2,1.3668315E-1],"categories":[],"categories_nodes":[],"categories_segments":[],"categories_sizes":[],"default_left":[0,0,0,0,0,0,0,0,0],"id":44,"left_children":[1,-1,3,5,-1,-1,7,-1,-1],"loss_changes":[1.23808716E2,0E0,4.4697624E1,5.678351E0,0E0,0E0,2.0635891E-1,0E0,0E0],"parents":[2147483647,0,0,2,2,3,3,6,6],"right_children":[2,-1,4,6,-1,-1,8,-1,-1],"split_conditions":[2.027444E-1,-5.583881E-1,1E0,5.034692E-1,6.056755E-1,-6.7292534E-2,7.0321304E-1,4.6681724E-2,1.3668315E-1],"split_indices":[0,0,0,0,0,0,0,0,0],"split_type":[0,0,0,0,0,0,0,0,0],"sum_hessian":[9E0,2E0,7E0,6E0,1E0,2E0,4E0,2E0,2E0],"tree_param":{"num_deleted":"0","num_feature":"2","num_nodes":"9","size_leaf_vector":"1"}},{"base_weights":[-8.77017E-2,-5.2116227E0,1.8447313E0,-6.2965333E-1,-1.5209007E-1,8.315913E-2,4.7529655E0,-6.280645E-2,5.9578706E-2,1.3755341E-1,5.753914E-1],"categories":[],"categories_nodes":[],"categories_segments":[],"categories_sizes":[],"default_left":[0,0,0,0,0,0,0,0,0,0,0],"id":45,"left_children":[1,3,5,-1,-1,7,9,-1,-1,-1,-1],"loss_changes":[1.0863037E2,2.4359055E0,4.0589268E1,0E0,0E0,2.5617511E0,2.2271957E0,0E0,0E0,0E0,0E0],"parents":[2147483647,0,0,1,1,2,2,5,5,6,6],"right_children":[2,4,6,-1,-1,8,10,-1,-1,-1,-1],"split_conditions":[2.027444E-1,1.00406185E-1,8.032633E-1,-6.2965333E-1,-1.5209007E-1,5.034692E-1,1E0,-6.280645E-2,5.9578706E-2,1.3755341E-1,5.753914E-1],"split_indices":[0,0,0,0,0,0,0,0,0,0,0],"split_type":[0,0,0,0,0,0,0,0,0,0,0],"sum_hessian":[9E0,2E0,7E0,1E0,1E0,5E0,2E0,2E0,3E0,1E0,1E0],"tree_param":{"num_deleted":"0","num_feature":"2","num_nodes":"11","size_leaf_vector":"1"}},{"base_weights":[-8.613701E-2,-4.9510407E0,1.7489691E0,-5.981707E-1,-1.4448547E-1,7.43014E-2,4.5153146E0,-5.8619436E-2,5.5109788E-2,1.3067551E-1,5.4662174E-1],"categories":[],"categories_nodes":[],"categories_segments":[],"categories_sizes":[],"default_left":[0,0,0,0,0,0,0,0,0,0,0],"id":46,"left_children":[1,3,5,-1,-1,7,9,-1,-1,-1,-1],"loss_changes":[9.7935356E1,2.1984253E0,3.672618E1,0E0,0E0,2.2125828E0,2.0100746E0,0E0,0E0,0E0,0E0],"parents":[2147483647,0,0,1,1,2,2,5,5,6,6],"right_children":[2,4,6,-1,-1,8,10,-1,-1,-1,-1],"split_conditions":[2.027444E-1,1.00406185E-1,8.032633E-1,-5.981707E-1,-1.4448547E-1,5.034692E-1,1E0,-5.8619436E-2,5.5109788E-2,1.3067551E-1,5.4662174E-1],"split_indices":[0,0,0,0,0,0,0,0,0,0,0],"split_type":[0,0,0,0,0,0,0,0,0,0,0],"sum_hessian":[9E0,2E0,7E0,1E0,1E0,5E0,2E0,2E0,3E0,1E0,1E0],"tree_param":{"num_deleted":"0","num_feature":"2","num_nodes":"11","size_leaf_vector":"1"}},{"base_weights":[-8.441134E-2,-4.703489E0,1.6582942E0,-5.6826216E-1,-1.372612E-1,6.628355E-2,4.289551E0,-5.471153E-2,5.0976183E-2,1.2414169E-1,5.192909E-1],"categories":[],"categories_nodes":[],"categories_segments":[],"categories_sizes":[],"default_left":[0,0,0,0,0,0,0,0,0,0,0],"id":47,"left_children":[1,3,5,-1,-1,7,9,-1,-1,-1,-1],"loss_changes":[8.829669E1,1.9840775E0,3.3227585E1,0E0,0E0,1.911073E0,1.814106E0,0E0,0E0,0E0,0E0],"parents":[2147483647,0,0,1,1,2,2,5,5,6,6],"right_children":[2,4,6,-1,-1,8,10,-1,-1,-1,-1],"split_conditions":[2.027444E-1,1.00406185E-1,8.032633E-1,-5.6826216E-1,-1.372612E-1,5.034692E-1,1E0,-5.471153E-2,5.0976183E-2,1.2414169E-1,5.192909E-1],"split_indices":[0,0,0,0,0,0,0,0,0,0,0],"split_type":[0,0,0,0,0,0,0,0,0,0,0],"sum_hessian":[9E0,2E0,7E0,1E0,1E0,5E0,2E0,2E0,3E0,1E0,1E0],"tree_param":{"num_deleted":"0","num_feature":"2","num_nodes":"11","size_leaf_vector":"1"}},{"base_weights":[-8.255415E-2,-4.4683146E0,1.5724254E0,-5.3984904E-1,-1.3039818E-1,5.9030533E-2,4.0750732E0,-5.1064175E-2,4.715271E-2,1.1793442E-1,4.9332657E-1],"categories":[],"categories_nodes":[],"categories_segments":[],"categories_sizes":[],"default_left":[0,0,0,0,0,0,0,0,0,0,0],"id":48,"left_children":[1,3,5,-1,-1,7,9,-1,-1,-1,-1],"loss_changes":[7.960953E1,1.7906265E0,3.00594E1,0E0,0E0,1.6507086E0,1.6372604E0,0E0,0E0,0E0,0E0],"parents":[2147483647,0,0,1,1,2,2,5,5,6,6],"right_children":[2,4,6,-1,-1,8,10,-1,-1,-1,-1],"split_conditions":[2.027444E-1,1.00406185E-1,8.032633E-1,-5.3984904E-1,-1.3039818E-1,5.034692E-1,1E0,-5.1064175E-2,4.715271E-2,1.1793442E-1,4.9332657E-1],"split_indices":[0,0,0,0,0,0,0,0,0,0,0],"split_type":[0,0,0,0,0,0,0,0,0,0,0],"sum_hessian":[9E0,2E0,7E0,1E0,1E0,5E0,2E0,2E0,3E0,1E0,1E0],"tree_param":{"num_deleted":"0","num_feature":"2","num_nodes":"11","size_leaf_vector":"1"}},{"base_weights":[-8.058834E-2,-4.2448993E0,1.4911017E0,-5.128566E-1,-1.2387829E-1,5.2476883E-2,3.8713176E0,-4.7659937E-2,4.3616485E-2,1.1203766E-1,4.6865997E-1],"categories":[],"categories_nodes":[],"categories_segments":[],"categories_sizes":[],"default_left":[0,0,0,0,0,0,0,0,0,0,0],"id":49,"left_children":[1,3,5,-1,-1,7,9,-1,-1,-1,-1],"loss_changes":[7.177964E1,1.6160316E0,2.7190746E1,0E0,0E0,1.4258771E0,1.4776192E0,0E0,0E0,0E0,0E0],"parents":[2147483647,0,0,1,1,2,2,5,5,6,6],"right_children":[2,4,6,-1,-1,8,10,-1,-1,-1,-1],"split_conditions":[2.027444E-1,1.00406185E-1,8.032633E-1,-5.128566E-1,-1.2387829E-1,5.034692E-1,1E0,-4.7659937E-2,4.3616485E-2,1.1203766E-1,4.6865997E-1],"split_indices":[0,0,0,0,0,0,0,0,0,0,0],"split_type":[0,0,0,0,0,0,0,0,0,0,0],"sum_hessian":[9E0,2E0,7E0,1E0,1E0,5E0,2E0,2E0,3E0,1E0,1E0],"tree_param":{"num_deleted":"0","num_feature":"2","num_nodes":"11","size_leaf_vector":"1"}},{"base_weights":[-7.853441E-2,-4.0326543E0,1.4140773E0,-4.8721376E-1,-1.17684364E-1,4.6559017E-2,3.6777546E0,-4.448255E-2,4.0345766E-2,1.06436156E-1,4.4522706E-1],"categories":[],"categories_nodes":[],"categories_segments":[],"categories_sizes":[],"default_left":[0,0,0,0,0,0,0,0,0,0,0],"id":50,"left_children":[1,3,5,-1,-1,7,9,-1,-1,-1,-1],"loss_changes":[6.472214E1,1.4584732E0,2.459373E1,0E0,0E0,1.231715E0,1.3335152E0,0E0,0E0,0E0,0E0],"parents":[2147483647,0,0,1,1,2,2,5,5,6,6],"right_children":[2,4,6,-1,-1,8,10,-1,-1,-1,-1],"split_conditions":[2.027444E-1,1.00406185E-1,8.032633E-1,-4.8721376E-1,-1.17684364E-1,5.034692E-1,1E0,-4.448255E-2,4.0345766E-2,1.06436156E-1,4.4522706E-1],"split_indices":[0,0,0,0,0,0,0,0,0,0,0],"split_type":[0,0,0,0,0,0,0,0,0,0,0],"sum_hessian":[9E0,2E0,7E0,1E0,1E0,5E0,2E0,2E0,3E0,1E0,1E0],"tree_param":{"num_deleted":"0","num_feature":"2","num_nodes":"11","size_leaf_vector":"1"}},{"base_weights":[-7.6416776E-2,-3.8310215E0,1.3411121E0,-4.6285304E-1,-1.11800194E-1,4.121399E-2,3.493871E0,-4.151713E-2,3.7319947E-2,1.0111465E-1,4.22966E-1],"categories":[],"categories_nodes":[],"categories_segments":[],"categories_sizes":[],"default_left":[0,0,0,0,0,0,0,0,0,0,0],"id":51,"left_children":[1,3,5,-1,-1,7,9,-1,-1,-1,-1],"loss_changes":[5.836044E1,1.3162613E0,2.2242943E1,0E0,0E0,1.0640215E0,1.2034798E0,0E0,0E0,0E0,0E0],"parents":[2147483647,0,0,1,1,2,2,5,5,6,6],"right_children":[2,4,6,-1,-1,8,10,-1,-1,-1,-1],"split_conditions":[2.027444E-1,1.00406185E-1,8.032633E-1,-4.6285304E-1,-1.11800194E-1,5.034692E-1,1E0,-4.151713E-2,3.7319947E-2,1.0111465E-1,4.22966E-1],"split_indices":[0,0,0,0,0,0,0,0,0,0,0],"split_type":[0,0,0,0,0,0,0,0,0,0,0],"sum_hessian":[9E0,2E0,7E0,1E0,1E0,5E0,2E0,2E0,3E0,1E0,1E0],"tree_param":{"num_deleted":"0","num_feature":"2","num_nodes":"11","size_leaf_vector":"1"}},{"base_weights":[-7.425413E-2,-3.63947E0,1.2719836E0,-4.3971038E-1,-1.06210135E-1,3.6391575E-2,3.319173E0,-3.8749315E-2,3.452072E-1,9.605866E-2,4.0181732E-1,1.0414886E-2,3.908437E-2],"categories":[],"categories_nodes":[],"categories_segments":[],"categories_sizes":[],"default_left":[0,0,0,0,0,0,0,0,0,0,0,0,0],"id":52,"left_children":[1,3,5,-1,-1,7,9,-1,11,-1,-1,-1,-1],"loss_changes":[5.262563E1,1.1879349E0,2.0115139E1,0E0,0E0,9.191788E-1,1.0861511E0,0E0,3.2983124E-3,0E0,0E0,0E0,0E0],"parents":[2147483647,0,0,1,1,2,2,5,5,6,6,8,8],"right_children":[2,4,6,-1,-1,8,10,-1,12,-1,-1,-1,-1],"split_conditions":[2.027444E-1,1.00406185E-1,8.032633E-1,-4.3971038E-1,-1.06210135E-1,5.034692E-1,1E0,-3.8749315E-2,6.0073537E-1,9.605866E-2,4.0181732E-1,1.0414886E-2,3.908437E-2],"split_indices":[0,0,0,0,0,0,0,0,0,0,0,0,0],"split_type":[0,0,0,0,0,0,0,0,0,0,0,0,0],"sum_hessian":[9E0,2E0,7E0,1E0,1E0,5E0,2E0,2E0,3E0,1E0,1E0,1E0,2E0],"tree_param":{"num_deleted":"0","num_feature":"2","num_nodes":"13","size_leaf_vector":"1"}},{"base_weights":[-7.055788E-2,-3.457497E0,1.208364E0,-4.1772485E-1,-1.008997E-1,3.454526E-2,3.1532135E0,-3.6166E-2,3.230629E-1,9.1255955E-2,3.817261E-1,9.893799E-3,3.6479186E-2],"categories":[],"categories_nodes":[],"categories_segments":[],"categories_sizes":[],"default_left":[0,0,0,0,0,0,0,0,0,0,0,0,0],"id":53,"left_children":[1,3,5,-1,-1,7,9,-1,11,-1,-1,-1,-1],"loss_changes":[4.749422E1,1.0721016E0,1.815428E1,0E0,0E0,8.0271214E-1,9.802208E-1,0E0,1.3182163E-3,0E0,0E0,0E0,0E0],"parents":[2147483647,0,0,1,1,2,2,5,5,6,6,8,8],"right_children":[2,4,6,-1,-1,8,10,-1,12,-1,-1,-1,-1],"split_conditions":[2.027444E-1,1.00406185E-1,8.032633E-1,-4.1772485E-1,-1.008997E-1,5.034692E-1,1E0,-3.6166E-2,6.0073537E-1,9.1255955E-2,3.817261E-1,9.893799E-3,3.6479186E-2],"split_indices":[0,0,0,0,0,0,0,0,0,0,0,0,0],"split_type":[0,0,0,0,0,0,0,0,0,0,0,0,0],"sum_hessian":[9E0,2E0,7E0,1E0,1E0,5E0,2E0,2E0,3E0,1E0,1E0,1E0,2E0],"tree_param":{"num_deleted":"0","num_feature":"2","num_nodes":"13","size_leaf_vector":"1"}},{"base_weights":[-6.7047216E-2,-3.2846224E0,1.1479244E0,-3.9683864E-1,-9.585476E-2,3.2791138E-2,2.9955494E0,-3.3754986E-2,3.0234909E-2,8.669281E-2,3.6263964E-1],"categories":[],"categories_nodes":[],"categories_segments":[],"categories_sizes":[],"default_left":[0,0,0,0,0,0,0,0,0,0,0],"id":54,"left_children":[1,3,5,-1,-1,7,9,-1,-1,-1,-1],"loss_changes":[4.286313E1,9.6756744E-1,1.6384558E1,0E0,0E0,7.0102805E-1,8.84676E-1,0E0,0E0,0E0,0E0],"parents":[2147483647,0,0,1,1,2,2,5,5,6,6],"right_children":[2,4,6,-1,-1,8,10,-1,-1,-1,-1],"split_conditions":[2.027444E-1,1.00406185E-1,8.032633E-1,-3.9683864E-1,-9.585476E-2,5.034692E-1,1E0,-3.3754986E-2,3.0234909E-2,8.669281E-2,3.6263964E-1],"split_indices":[0,0,0,0,0,0,0,0,0,0,0],"split_type":[0,0,0,0,0,0,0,0,0,0,0],"sum_hessian":[9E0,2E0,7E0,1E0,1E0,5E0,2E0,2E0,3E0,1E0,1E0],"tree_param":{"num_deleted":"0","num_feature":"2","num_nodes":"11","size_leaf_vector":"1"}},{"base_weights":[-6.5029286E-2,-3.1203911E0,1.08886E0,-3.769967E-1,-9.106197E-2,2.8928757E-2,2.8457692E0,-3.1504694E-2,2.7967834E-1,8.235779E-2,3.445076E-1,7.888031E-3,3.203176E-2],"categories":[],"categories_nodes":[],"categories_segments":[],"categories_sizes":[],"default_left":[0,0,0,0,0,0,0,0,0,0,0,0,0],"id":55,"left_children":[1,3,5,-1,-1,7,9,-1,11,-1,-1,-1,-1],"loss_changes":[3.865316E1,8.732376E-1,1.4815299E1,0E0,0E0,6.056224E-1,7.984524E-1,0E0,7.3743463E-3,0E0,0E0,0E0,0E0],"parents":[2147483647,0,0,1,1,2,2,5,5,6,6,8,8],"right_children":[2,4,6,-1,-1,8,10,-1,12,-1,-1,-1,-1],"split_conditions":[2.027444E-1,1.00406185E-1,8.032633E-1,-3.769967E-1,-9.106197E-2,5.034692E-1,1E0,-3.1504694E-2,6.0073537E-1,8.235779E-2,3.445076E-1,7.888031E-3,3.203176E-2],"split_indices":[0,0,0,0,0,0,0,0,0,0,0,0,0],"split_type":[0,0,0,0,0,0,0,0,0,0,0,0,0],"sum_hessian":[9E0,2E0,7E0,1E0,1E0,5E0,2E0,2E0,3E0,1E0,1E0,1E0,2E0],"tree_param":{"num_deleted":"0","num_feature":"2","num_nodes":"13","size_leaf_vector":"1"}},{"base_weights":[-6.1803818E-2,-2.964372E0,1.0343847E0,-3.5814688E-1,-8.6508945E-2,2.7439117E-2,2.703481E0,-2.940445E-2,2.6169205E-1,7.824021E-2,3.2728195E-1,7.4935914E-3,2.9896546E-2],"categories":[],"categories_nodes":[],"categories_segments":[],"categories_sizes":[],"default_left":[0,0,0,0,0,0,0,0,0,0,0,0,0],"id":56,"left_children":[1,3,5,-1,-1,7,9,-1,11,-1,-1,-1,-1],"loss_changes":[3.4883923E1,7.8809166E-1,1.3371332E1,0E0,0E0,5.288E-1,7.205715E-1,0E0,5.440891E-3,0E0,0E0,0E0,0E0],"parents":[2147483647,0,0,1,1,2,2,5,5,6,6,8,8],"right_children":[2,4,6,-1,-1,8,10,-1,12,-1,-1,-1,-1],"split_conditions":[2.027444E-1,1.00406185E-1,8.032633E-1,-3.5814688E-1,-8.6508945E-2,5.034692E-1,1E0,-2.940445E-2,6.0073537E-1,7.824021E-2,3.2728195E-1,7.4935914E-3,2.9896546E-2],"split_indices":[0,0,0,0,0,0,0,0,0,0,0,0,0],"split_type":[0,0,0,0,0,0,0,0,0,0,0,0,0],"sum_hessian":[9E0,2E0,7E0,1E0,1E0,5E0,2E0,2E0,3E0,1E0,1E0,1E0,2E0],"tree_param":{"num_deleted":"0","num_feature":"2","num_nodes":"13","size_leaf_vector":"1"}},{"base_weights":[-5.873833E-2,-2.8161533E0,9.8263454E-1,-3.4023952E-1,-8.218346E-2,2.602768E-2,2.5683033E0,-2.7444204E-2,2.4487305E-1,7.432785E-2,3.1091768E-1,7.1189883E-3,2.7903749E-2],"categories":[],"categories_nodes":[],"categories_segments":[],"categories_sizes":[],"default_left":[0,0,0,0,0,0,0,0,0,0,0,0,0],"id":57,"left_children":[1,3,5,-1,-1,7,9,-1,11,-1,-1,-1,-1],"loss_changes":[3.1482222E1,7.112522E-1,1.2068047E1,0E0,0E0,4.617419E-1,6.503372E-1,0E0,3.8704872E-3,0E0,0E0,0E0,0E0],"parents":[2147483647,0,0,1,1,2,2,5,5,6,6,8,8],"right_children":[2,4,6,-1,-1,8,10,-1,12,-1,-1,-1,-1],"split_conditions":[2.027444E-1,1.00406185E-1,8.032633E-1,-3.4023952E-1,-8.218346E-2,5.034692E-1,1E0,-2.7444204E-2,6.0073537E-1,7.432785E-2,3.1091768E-1,7.1189883E-3,2.7903749E-2],"split_indices":[0,0,0,0,0,0,0,0,0,0,0,0,0],"split_type":[0,0,0,0,0,0,0,0,0,0,0,0,0],"sum_hessian":[9E0,2E0,7E0,1E0,1E0,5E0,2E0,2E0,3E0,1E0,1E0,1E0,2E0],"tree_param":{"num_deleted":"0","num_feature":"2","num_nodes":"13","size_leaf_vector":"1"}},{"base_weights":[-5.582552E-2,-2.6753454E0,9.3347263E-1,-3.2322755E-1,-7.807427E-2,2.4684906E-2,2.4398906E0,-2.5614677E-2,2.2913742E-1,7.0611574E-2,2.95372E-1,6.7626955E-3,2.6043192E-2],"categories":[],"categories_nodes":[],"categories_segments":[],"categories_sizes":[],"default_left":[0,0,0,0,0,0,0,0,0,0,0,0,0],"id":58,"left_children":[1,3,5,-1,-1,7,9,-1,11,-1,-1,-1,-1],"loss_changes":[2.8412226E1,6.4190865E-1,1.0891885E1,0E0,0E0,4.0319327E-1,5.869255E-1,0E0,2.605334E-3,0E0,0E0,0E0,0E0],"parents":[2147483647,0,0,1,1,2,2,5,5,6,6,8,8],"right_children":[2,4,6,-1,-1,8,10,-1,12,-1,-1,-1,-1],"split_conditions":[2.027444E-1,1.00406185E-1,8.032633E-1,-3.2322755E-1,-7.807427E-2,5.034692E-1,1E0,-2.5614677E-2,6.0073537E-1,7.0611574E-2,2.95372E-1,6.7626955E-3,2.6043192E-2],"split_indices":[0,0,0,0,0,0,0,0,0,0,0,0,0],"split_type":[0,0,0,0,0,0,0,0,0,0,0,0,0],"sum_hessian":[9E0,2E0,7E0,1E0,1E0,5E0,2E0,2E0,3E0,1E0,1E0,1E0,2E0],"tree_param":{"num_deleted":"0","num_feature":"2","num_nodes":"13","size_leaf_vector":"1"}},{"base_weights":[-5.305753E-2,-2.5415778E0,8.867698E-1,-3.0706617E-1,-7.417049E-2,2.3413977E-2,2.3178914E0,-2.3907089E-1,2.1442413E-1,6.708069E-2,2.8060302E-1,-2.8537942E-2,-7.322693E-3,6.4247134E-3,2.4306742E-2],"categories":[],"categories_nodes":[],"categories_segments":[],"categories_sizes":[],"default_left":[0,0,0,0,0,0,0,0,0,0,0,0,0,0,0],"id":59,"left_children":[1,3,5,-1,-1,7,9,11,13,-1,-1,-1,-1,-1,-1],"loss_changes":[2.5641588E1,5.793266E-1,9.830268E0,0E0,0E0,3.5208625E-1,5.297127E-1,2.1425039E-3,1.5898794E-3,0E0,0E0,0E0,0E0,0E0,0E0],"parents":[2147483647,0,0,1,1,2,2,5,5,6,6,7,7,8,8],"right_children":[2,4,6,-1,-1,8,10,12,14,-1,-1,-1,-1,-1,-1],"split_conditions":[2.027444E-1,1.00406185E-1,8.032633E-1,-3.0706617E-1,-7.417049E-2,5.034692E-1,1E0,3.0212986E-1,6.0073537E-1,6.708069E-2,2.8060302E-1,-2.8537942E-2,-7.322693E-3,6.4247134E-3,2.4306742E-2],"split_indices":[0,0,0,0,0,0,0,0,0,0,0,0,0,0,0],"split_type":[0,0,0,0,0,0,0,0,0,0,0,0,0,0,0],"sum_hessian":[9E0,2E0,7E0,1E0,1E0,5E0,2E0,2E0,3E0,1E0,1E0,1E0,1E0,1E0,2E0],"tree_param":{"num_deleted":"0","num_feature":"2","num_nodes":"15","size_leaf_vector":"1"}},{"base_weights":[-5.162034E-2,-2.4144995E0,8.4091187E-1,-2.9171288E-1,-7.046204E-2,2.0217896E-2,2.2019958E0,-2.271169E-1,2.0066452E-1,6.3726805E-2,2.6657256E-1,-2.7111053E-2,-6.956482E-3,6.1035156E-3,2.268626E-2],"categories":[],"categories_nodes":[],"categories_segments":[],"categories_sizes":[],"default_left":[0,0,0,0,0,0,0,0,0,0,0,0,0,0,0],"id":60,"left_children":[1,3,5,-1,-1,7,9,11,13,-1,-1,-1,-1,-1,-1],"loss_changes":[2.311984E1,5.228367E-1,8.891748E0,0E0,0E0,3.133587E-1,4.780512E-1,1.9341111E-3,7.854849E-4,0E0,0E0,0E0,0E0,0E0,0E0],"parents":[2147483647,0,0,1,1,2,2,5,5,6,6,7,7,8,8],"right_children":[2,4,6,-1,-1,8,10,12,14,-1,-1,-1,-1,-1,-1],"split_conditions":[2.027444E-1,1.00406185E-1,8.032633E-1,-2.9171288E-1,-7.046204E-2,5.034692E-1,1E0,3.0212986E-1,6.0073537E-1,6.3726805E-2,2.6657256E-1,-2.7111053E-2,-6.956482E-3,6.1035156E-3,2.268626E-2],"split_indices":[0,0,0,0,0,0,0,0,0,0,0,0,0,0,0],"split_type":[0,0,0,0,0,0,0,0,0,0,0,0,0,0,0],"sum_hessian":[9E0,2E0,7E0,1E0,1E0,5E0,2E0,2E0,3E0,1E0,1E0,1E0,1E0,1E0,2E0],"tree_param":{"num_deleted":"0","num_feature":"2","num_nodes":"15","size_leaf_vector":"1"}},{"base_weights":[-5.017352E-2,-2.2937748E0,7.9744864E-1,-2.7712724E-1,-6.6938974E-2,1.7315546E-2,2.0918987E0,-2.1576054E-1,1.8779373E-1,6.0540773E-2,2.53244E-1,-2.57555E-2,-6.6085816E-3,5.79834E-3,2.1173604E-2],"categories":[],"categories_nodes":[],"categories_segments":[],"categories_sizes":[],"default_left":[0,0,0,0,0,0,0,0,0,0,0,0,0,0,0],"id":61,"left_children":[1,3,5,-1,-1,7,9,11,13,-1,-1,-1,-1,-1,-1],"loss_changes":[2.0846428E1,4.7185993E-1,8.042523E0,0E0,0E0,2.7892482E-1,4.3142414E-1,1.7459989E-3,1.5467405E-4,0E0,0E0,0E0,0E0,0E0,0E0],"parents":[2147483647,0,0,1,1,2,2,5,5,6,6,7,7,8,8],"right_children":[2,4,6,-1,-1,8,10,12,14,-1,-1,-1,-1,-1,-1],"split_conditions":[2.027444E-1,1.00406185E-1,8.032633E-1,-2.7712724E-1,-6.6938974E-2,5.034692E-1,1E0,3.0212986E-1,6.0073537E-1,6.0540773E-2,2.53244E-1,-2.57555E-2,-6.6085816E-3,5.79834E-3,2.1173604E-2],"split_indices":[0,0,0,0,0,0,0,0,0,0,0,0,0,0,0],"split_type":[0,0,0,0,0,0,0,0,0,0,0,0,0,0,0],"sum_hessian":[9E0,2E0,7E0,1E0,1E0,5E0,2E0,2E0,3E0,1E0,1E0,1E0,1E0,1E0,2E0],"tree_param":{"num_deleted":"0","num_feature":"2","num_nodes":"15","size_leaf_vector":"1"}},{"base_weights":[-4.8725747E-2,-2.1790855E0,7.562499E-1,-2.6327088E-1,-6.359196E-2,1.4683406E-2,1.9872996E0,-2.0497258E-1,1.7575456E-2,5.7513427E-2,2.4058151E-1,-2.446766E-2,-6.278229E-3],"categories":[],"categories_nodes":[],"categories_segments":[],"categories_sizes":[],"default_left":[0,0,0,0,0,0,0,0,0,0,0,0,0],"id":62,"left_children":[1,3,5,-1,-1,7,9,11,-1,-1,-1,-1,-1],"loss_changes":[1.879681E1,4.258566E-1,7.2740617E0,0E0,0E0,2.483063E-1,3.8937187E-1,1.5752167E-3,0E0,0E0,0E0,0E0,0E0],"parents":[2147483647,0,0,1,1,2,2,5,5,6,6,7,7],"right_children":[2,4,6,-1,-1,8,10,12,-1,-1,-1,-1,-1],"split_conditions":[2.027444E-1,1.00406185E-1,8.032633E-1,-2.6327088E-1,-6.359196E-2,5.034692E-1,1E0,3.0212986E-1,1.7575456E-2,5.7513427E-2,2.4058151E-1,-2.446766E-2,-6.278229E-3],"split_indices":[0,0,0,0,0,0,0,0,0,0,0,0,0],"split_type":[0,0,0,0,0,0,0,0,0,0,0,0,0],"sum_hessian":[9E0,2E0,7E0,1E0,1E0,5E0,2E0,2E0,3E0,1E0,1E0,1E0,1E0],"tree_param":{"num_deleted":"0","num_feature":"2","num_nodes":"13","size_leaf_vector":"1"}},{"base_weights":[-4.8047923E-2,-2.0701315E0,7.1623945E-1,-2.5010735E-1,-6.0412407E-2,1.1018753E-2,1.8879343E0,-1.9472377E-1,1.6257095E-1,5.463791E-2,2.2855225E-1,-2.3244286E-2,-5.964279E-3,7.191976E-3,2.1726226E-2],"categories":[],"categories_nodes":[],"categories_segments":[],"categories_sizes":[],"default_left":[0,0,0,0,0,0,0,0,0,0,0,0,0,0,0],"id":63,"left_children":[1,3,5,-1,-1,7,9,11,13,-1,-1,-1,-1,-1,-1],"loss_changes":[1.693724E1,3.8433266E-1,6.5896263E0,0E0,0E0,2.1874082E-1,3.5139656E-1,1.4218464E-3,4.2058825E-3,0E0,0E0,0E0,0E0,0E0,0E0],"parents":[2147483647,0,0,1,1,2,2,5,5,6,6,7,7,8,8],"right_children":[2,4,6,-1,-1,8,10,12,14,-1,-1,-1,-1,-1,-1],"split_conditions":[2.027444E-1,1.00406185E-1,8.032633E-1,-2.5010735E-1,-6.0412407E-2,5.034692E-1,1E0,3.0212986E-1,7.0321304E-1,5.463791E-2,2.2855225E-1,-2.3244286E-2,-5.964279E-3,7.191976E-3,2.1726226E-2],"split_indices":[0,0,0,0,0,0,0,0,0,0,0,0,0,0,0],"split_type":[0,0,0,0,0,0,0,0,0,0,0,0,0,0,0],"sum_hessian":[9E0,2E0,7E0,1E0,1E0,5E0,2E0,2E0,3E0,1E0,1E0,1E0,1E0,2E0,1E0],"tree_param":{"num_deleted":"0","num_feature":"2","num_nodes":"15","size_leaf_vector":"1"}},{"base_weights":[-4.600396E-2,-1.9666247E0,6.799793E-1,-2.3760198E-1,-5.739174E-2,9.869893E-3,1.7935385E0,-1.8498738E-1,1.5354538E-1,5.1905822E-2,2.1712494E-1,-2.2082139E-2,-5.66597E-3,6.71285E-3,2.0639801E-2],"categories":[],"categories_nodes":[],"categories_segments":[],"categories_sizes":[],"default_left":[0,0,0,0,0,0,0,0,0,0,0,0,0,0,0],"id":64,"left_children":[1,3,5,-1,-1,7,9,11,13,-1,-1,-1,-1,-1,-1],"loss_changes":[1.5280651E1,3.4686184E-1,5.9519496E0,0E0,0E0,1.9638126E-1,3.1715107E-1,1.2838021E-3,4.414253E-3,0E0,0E0,0E0,0E0,0E0,0E0],"parents":[2147483647,0,0,1,1,2,2,5,5,6,6,7,7,8,8],"right_children":[2,4,6,-1,-1,8,10,12,14,-1,-1,-1,-1,-1,-1],"split_conditions":[2.027444E-1,1.00406185E-1,8.032633E-1,-2.3760198E-1,-5.739174E-2,5.034692E-1,1E0,3.0212986E-1,7.0321304E-1,5.1905822E-2,2.1712494E-1,-2.2082139E-2,-5.66597E-3,6.71285E-3,2.0639801E-2],"split_indices":[0,0,0,0,0,0,0,0,0,0,0,0,0,0,0],"split_type":[0,0,0,0,0,0,0,0,0,0,0,0,0,0,0],"sum_hessian":[9E0,2E0,7E0,1E0,1E0,5E0,2E0,2E0,3E0,1E0,1E0,1E0,1E0,2E0,1E0],"tree_param":{"num_deleted":"0","num_feature":"2","num_nodes":"15","size_leaf_vector":"1"}},{"base_weights":[-4.4040967E-2,-1.8682934E0,6.4555883E-1,-2.2572188E-1,-5.4522134E-2,8.8164015E-3,1.7038574E0,-1.7573674E-1,1.4502716E-1,4.9310304E-2,2.0626831E-1,-2.0977974E-2,-5.382538E-3,6.265259E-3,1.9607544E-2],"categories":[],"categories_nodes":[],"categories_segments":[],"categories_sizes":[],"default_left":[0,0,0,0,0,0,0,0,0,0,0,0,0,0,0],"id":65,"left_children":[1,3,5,-1,-1,7,9,11,13,-1,-1,-1,-1,-1,-1],"loss_changes":[1.3786135E1,3.130455E-1,5.3758874E0,0E0,0E0,1.7631534E-1,2.862339E-1,1.1592135E-3,4.5356825E-3,0E0,0E0,0E0,0E0,0E0,0E0],"parents":[2147483647,0,0,1,1,2,2,5,5,6,6,7,7,8,8],"right_children":[2,4,6,-1,-1,8,10,12,14,-1,-1,-1,-1,-1,-1],"split_conditions":[2.027444E-1,1.00406185E-1,8.032633E-1,-2.2572188E-1,-5.4522134E-2,5.034692E-1,1E0,3.0212986E-1,7.0321304E-1,4.9310304E-2,2.0626831E-1,-2.0977974E-2,-5.382538E-3,6.265259E-3,1.9607544E-2],"split_indices":[0,0,0,0,0,0,0,0,0,0,0,0,0,0,0],"split_type":[0,0,0,0,0,0,0,0,0,0,0,0,0,0,0],"sum_hessian":[9E0,2E0,7E0,1E0,1E0,5E0,2E0,2E0,3E0,1E0,1E0,1E0,1E0,2E0,1E0],"tree_param":{"num_deleted":"0","num_feature":"2","num_nodes":"15","size_leaf_vector":"1"}},{"base_weights":[-4.215436E-2,-1.7748784E0,6.128864E-1,-2.144358E-1,-5.179596E-2,7.850647E-3,1.6186625E0,-1.6695149E-1,1.369896E-1,4.6844482E-2,1.959549E-1,-1.9929124E-2,-5.1136017E-3,5.847168E-3,1.8627167E-2],"categories":[],"categories_nodes":[],"categories_segments":[],"categories_sizes":[],"default_left":[0,0,0,0,0,0,0,0,0,0,0,0,0,0,0],"id":66,"left_children":[1,3,5,-1,-1,7,9,11,13,-1,-1,-1,-1,-1,-1],"loss_changes":[1.2437848E1,2.8252602E-1,4.855537E0,0E0,0E0,1.583132E-1,2.5834036E-1,1.0453686E-3,4.586488E-3,0E0,0E0,0E0,0E0,0E0,0E0],"parents":[2147483647,0,0,1,1,2,2,5,5,6,6,7,7,8,8],"right_children":[2,4,6,-1,-1,8,10,12,14,-1,-1,-1,-1,-1,-1],"split_conditions":[2.027444E-1,1.00406185E-1,8.032633E-1,-2.144358E-1,-5.179596E-2,5.034692E-1,1E0,3.0212986E-1,7.0321304E-1,4.6844482E-2,1.959549E-1,-1.9929124E-2,-5.1136017E-3,5.847168E-3,1.8627167E-2],"split_indices":[0,0,0,0,0,0,0,0,0,0,0,0,0,0,0],"split_type":[0,0,0,0,0,0,0,0,0,0,0,0,0,0,0],"sum_hessian":[9E0,2E0,7E0,1E0,1E0,5E0,2E0,2E0,3E0,1E0,1E0,1E0,1E0,2E0,1E0],"tree_param":{"num_deleted":"0","num_feature":"2","num_nodes":"15","size_leaf_vector":"1"}},{"base_weights":[-4.0338945E-2,-1.6861345E0,5.8187675E-1,-2.0371401E-1,-4.9206164E-2,6.9707236E-3,1.5377299E0,-1.5860493E-1,1.2940979E-1,4.450226E-2,1.8615723E-1,-1.8932724E-2,-4.858017E-3,5.4575605E-3,1.7695619E-2],"categories":[],"categories_nodes":[],"categories_segments":[],"categories_sizes":[],"default_left":[0,0,0,0,0,0,0,0,0,0,0,0,0,0,0],"id":67,"left_children":[1,3,5,-1,-1,7,9,11,13,-1,-1,-1,-1,-1,-1],"loss_changes":[1.122152E1,2.549801E-1,4.3854866E0,0E0,0E0,1.421626E-1,2.3315287E-1,9.4308704E-4,4.574895E-3,0E0,0E0,0E0,0E0,0E0,0E0],"parents":[2147483647,0,0,1,1,2,2,5,5,6,6,7,7,8,8],"right_children":[2,4,6,-1,-1,8,10,12,14,-1,-1,-1,-1,-1,-1],"split_conditions":[2.027444E-1,1.00406185E-1,8.032633E-1,-2.0371401E-1,-4.9206164E-2,5.034692E-1,1E0,3.0212986E-1,7.0321304E-1,4.450226E-2,1.8615723E-1,-1.8932724E-2,-4.858017E-3,5.4575605E-3,1.7695619E-2],"split_indices":[0,0,0,0,0,0,0,0,0,0,0,0,0,0,0],"split_type":[0,0,0,0,0,0,0,0,0,0,0,0,0,0,0],"sum_hessian":[9E0,2E0,7E0,1E0,1E0,5E0,2E0,2E0,3E0,1E0,1E0,1E0,1E0,2E0,1E0],"tree_param":{"num_deleted":"0","num_feature":"2","num_nodes":"15","size_leaf_vector":"1"}},{"base_weights":[-3.8595486E-2,-1.601828E0,5.524411E-1,-1.9352832E-1,-4.6745874E-2,6.1651864E-3,1.460846E0,-1.5067418E-1,1.2225342E-1,4.2277526E-2,1.7684937E-1,-1.7986108E-2,-4.615021E-3,5.093384E-3,1.6810609E-2],"categories":[],"categories_nodes":[],"categories_segments":[],"categories_sizes":[],"default_left":[0,0,0,0,0,0,0,0,0,0,0,0,0,0,0],"id":68,"left_children":[1,3,5,-1,-1,7,9,11,13,-1,-1,-1,-1,-1,-1],"loss_changes":[1.0124191E1,2.3011923E-1,3.960911E0,0E0,0E0,1.2766366E-1,2.1040487E-1,8.5155666E-4,4.518479E-3,0E0,0E0,0E0,0E0,0E0,0E0],"parents":[2147483647,0,0,1,1,2,2,5,5,6,6,7,7,8,8],"right_children":[2,4,6,-1,-1,8,10,12,14,-1,-1,-1,-1,-1,-1],"split_conditions":[2.027444E-1,1.00406185E-1,8.032633E-1,-1.9352832E-1,-4.6745874E-2,5.034692E-1,1E0,3.0212986E-1,7.0321304E-1,4.2277526E-2,1.7684937E-1,-1.7986108E-2,-4.615021E-3,5.093384E-3,1.6810609E-2],"split_indices":[0,0,0,0,0,0,0,0,0,0,0,0,0,0,0],"split_type":[0,0,0,0,0,0,0,0,0,0,0,0,0,0,0],"sum_hessian":[9E0,2E0,7E0,1E0,1E0,5E0,2E0,2E0,3E0,1E0,1E0,1E0,1E0,2E0,1E0],"tree_param":{"num_deleted":"0","num_feature":"2","num_nodes":"15","size_leaf_vector":"1"}},{"base_weights":[-3.692186E-2,-1.5217367E0,5.2449894E-1,-1.838519E-1,-4.440861E-2,5.430857E-3,1.3878021E0,-1.4314015E-1,1.15501404E-1,4.0163424E-2,1.680069E-1,-1.7086793E-2,-4.3842318E-3,4.7536213E-3,1.5969848E-2],"categories":[],"categories_nodes":[],"categories_segments":[],"categories_sizes":[],"default_left":[0,0,0,0,0,0,0,0,0,0,0,0,0,0,0],"id":69,"left_children":[1,3,5,-1,-1,7,9,11,13,-1,-1,-1,-1,-1,-1],"loss_changes":[9.134209E0,2.0768118E-1,3.577368E0,0E0,0E0,1.1465265E-1,1.8989944E-1,7.686727E-4,4.423987E-3,0E0,0E0,0E0,0E0,0E0,0E0],"parents":[2147483647,0,0,1,1,2,2,5,5,6,6,7,7,8,8],"right_children":[2,4,6,-1,-1,8,10,12,14,-1,-1,-1,-1,-1,-1],"split_conditions":[2.027444E-1,1.00406185E-1,8.032633E-1,-1.838519E-1,-4.440861E-2,5.034692E-1,1E0,3.0212986E-1,7.0321304E-1,4.0163424E-2,1.680069E-1,-1.7086793E-2,-4.3842318E-3,4.7536213E-3,1.5969848E-2],"split_indices":[0,0,0,0,0,0,0,0,0,0,0,0,0,0,0],"split_type":[0,0,0,0,0,0,0,0,0,0,0,0,0,0,0],"sum_hessian":[9E0,2E0,7E0,1E0,1E0,5E0,2E0,2E0,3E0,1E0,1E0,1E0,1E0,2E0,1E0],"tree_param":{"num_deleted":"0","num_feature":"2","num_nodes":"15","size_leaf_vector":"1"}},{"base_weights":[-3.5314463E-2,-1.4456505E0,4.9797583E-1,-1.746593E-1,-4.2188264E-2,4.7601066E-3,1.3184153E0,-1.3598251E-1,1.09127045E-1,3.8155366E-2,1.5960693E-1,-1.623249E-2,-4.1648867E-3,4.4362387E-3,1.5171051E-2],"categories":[],"categories_nodes":[],"categories_segments":[],"categories_sizes":[],"default_left":[0,0,0,0,0,0,0,0,0,0,0,0,0,0,0],"id":70,"left_children":[1,3,5,-1,-1,7,9,11,13,-1,-1,-1,-1,-1,-1],"loss_changes":[8.241084E0,1.8742847E-1,3.2309532E0,0E0,0E0,1.0297263E-1,1.7138433E-1,6.942749E-4,4.301373E-3,0E0,0E0,0E0,0E0,0E0,0E0],"parents":[2147483647,0,0,1,1,2,2,5,5,6,6,7,7,8,8],"right_children":[2,4,6,-1,-1,8,10,12,14,-1,-1,-1,-1,-1,-1],"split_conditions":[2.027444E-1,1.00406185E-1,8.032633E-1,-1.746593E-1,-4.2188264E-2,5.034692E-1,1E0,3.0212986E-1,7.0321304E-1,3.8155366E-2,1.5960693E-1,-1.623249E-2,-4.1648867E-3,4.4362387E-3,1.5171051E-2],"split_indices":[0,0,0,0,0,0,0,0,0,0,0,0,0,0,0],"split_type":[0,0,0,0,0,0,0,0,0,0,0,0,0,0,0],"sum_hessian":[9E0,2E0,7E0,1E0,1E0,5E0,2E0,2E0,3E0,1E0,1E0,1E0,1E0,2E0,1E0],"tree_param":{"num_deleted":"0","num_feature":"2","num_nodes":"15","size_leaf_vector":"1"}},{"base_weights":[-3.377185E-2,-1.3733684E0,4.7279835E-1,-1.6592634E-1,-4.0078927E-2,4.1516623E-3,1.2524923E0,-1.2918346E-1,1.0311508E-1,3.6247253E-2,1.5162659E-1,-1.5420914E-2,-3.9566043E-3,4.1402183E-3,1.4412689E-2],"categories":[],"categories_nodes":[],"categories_segments":[],"categories_sizes":[],"default_left":[0,0,0,0,0,0,0,0,0,0,0,0,0,0,0],"id":71,"left_children":[1,3,5,-1,-1,7,9,11,13,-1,-1,-1,-1,-1,-1],"loss_changes":[7.435323E0,1.6915178E-1,2.9180079E0,0E0,0E0,9.249254E-2,1.5468645E-1,6.267689E-4,4.156664E-3,0E0,0E0,0E0,0E0,0E0,0E0],"parents":[2147483647,0,0,1,1,2,2,5,5,6,6,7,7,8,8],"right_children":[2,4,6,-1,-1,8,10,12,14,-1,-1,-1,-1,-1,-1],"split_conditions":[2.027444E-1,1.00406185E-1,8.032633E-1,-1.6592634E-1,-4.0078927E-2,5.034692E-1,1E0,3.0212986E-1,7.0321304E-1,3.6247253E-2,1.5162659E-1,-1.5420914E-2,-3.9566043E-3,4.1402183E-3,1.4412689E-2],"split_indices":[0,0,0,0,0,0,0,0,0,0,0,0,0,0,0],"split_type":[0,0,0,0,0,0,0,0,0,0,0,0,0,0,0],"sum_hessian":[9E0,2E0,7E0,1E0,1E0,5E0,2E0,2E0,3E0,1E0,1E0,1E0,1E0,2E0,1E0],"tree_param":{"num_deleted":"0","num_feature":"2","num_nodes":"15","size_leaf_vector":"1"}},{"base_weights":[-3.2290746E-2,-1.3047005E0,4.4889927E-1,-1.5763001E-1,-3.8075067E-2,3.5998027E-3,1.1898651E0,-1.227239E-1,9.744263E-2,3.443451E-2,1.4404526E-1,-1.4649964E-2,-3.7586212E-3,3.8645428E-3,1.3691711E-2],"categories":[],"categories_nodes":[],"categories_segments":[],"categories_sizes":[],"default_left":[0,0,0,0,0,0,0,0,0,0,0,0,0,0,0],"id":72,"left_children":[1,3,5,-1,-1,7,9,11,13,-1,-1,-1,-1,-1,-1],"loss_changes":[6.708388E0,1.5265608E-1,2.6353302E0,0E0,0E0,8.308597E-2,1.3961744E-1,5.662665E-4,3.9927363E-3,0E0,0E0,0E0,0E0,0E0,0E0],"parents":[2147483647,0,0,1,1,2,2,5,5,6,6,7,7,8,8],"right_children":[2,4,6,-1,-1,8,10,12,14,-1,-1,-1,-1,-1,-1],"split_conditions":[2.027444E-1,1.00406185E-1,8.032633E-1,-1.5763001E-1,-3.8075067E-2,5.034692E-1,1E0,3.0212986E-1,7.0321304E-1,3.443451E-2,1.4404526E-1,-1.4649964E-2,-3.7586212E-3,3.8645428E-3,1.3691711E-2],"split_indices":[0,0,0,0,0,0,0,0,0,0,0,0,0,0,0],"split_type":[0,0,0,0,0,0,0,0,0,0,0,0,0,0,0],"sum_hessian":[9E0,2E0,7E0,1E0,1E0,5E0,2E0,2E0,3E0,1E0,1E0,1E0,1E0,2E0,1E0],"tree_param":{"num_deleted":"0","num_feature":"2","num_nodes":"15","size_leaf_vector":"1"}},{"base_weights":[-3.086834E-2,-1.2394657E0,4.2621422E-1,-1.4974852E-1,-3.6171343E-2,3.1000774E-3,1.1303711E0,-1.1658732E-1,9.209061E-2,3.2712556E-2,1.3684312E-1,-1.3917542E-2,-3.5705566E-3,3.6071779E-3,1.3007355E-2],"categories":[],"categories_nodes":[],"categories_segments":[],"categories_sizes":[],"default_left":[0,0,0,0,0,0,0,0,0,0,0,0,0,0,0],"id":73,"left_children":[1,3,5,-1,-1,7,9,11,13,-1,-1,-1,-1,-1,-1],"loss_changes":[6.0525656E0,1.3777113E-1,2.3800056E0,0E0,0E0,7.4642874E-2,1.2601304E-1,5.1155686E-4,3.8190559E-3,0E0,0E0,0E0,0E0,0E0,0E0],"parents":[2147483647,0,0,1,1,2,2,5,5,6,6,7,7,8,8],"right_children":[2,4,6,-1,-1,8,10,12,14,-1,-1,-1,-1,-1,-1],"split_conditions":[2.027444E-1,1.00406185E-1,8.032633E-1,-1.4974852E-1,-3.6171343E-2,5.034692E-1,1E0,3.0212986E-1,7.0321304E-1,3.2712556E-2,1.3684312E-1,-1.3917542E-2,-3.5705566E-3,3.6071779E-3,1.3007355E-2],"split_indices":[0,0,0,0,0,0,0,0,0,0,0,0,0,0,0],"split_type":[0,0,0,0,0,0,0,0,0,0,0,0,0,0,0],"sum_hessian":[9E0,2E0,7E0,1E0,1E0,5E0,2E0,2E0,3E0,1E0,1E0,1E0,1E0,2E0,1E0],"tree_param":{"num_deleted":"0","num_feature":"2","num_nodes":"15","size_leaf_vector":"1"}},{"base_weights":[-2.950356E-2,-1.1774925E0,4.0468025E-1,-1.4226109E-1,-3.4362793E-2,2.6474E-3,1.0738525E0,-1.1075846E-1,8.703995E-2,3.1076813E-2,1.3000107E-1,-1.3221741E-2,-3.3920289E-3,3.3671062E-3,1.2357331E-2],"categories":[],"categories_nodes":[],"categories_segments":[],"categories_sizes":[],"default_left":[0,0,0,0,0,0,0,0,0,0,0,0,0,0,0],"id":74,"left_children":[1,3,5,-1,-1,7,9,11,13,-1,-1,-1,-1,-1,-1],"loss_changes":[5.4608903E0,1.2433767E-1,2.1493907E0,0E0,0E0,6.706407E-2,1.13731384E-1,4.61746E-4,3.6381334E-3,0E0,0E0,0E0,0E0,0E0,0E0],"parents":[2147483647,0,0,1,1,2,2,5,5,6,6,7,7,8,8],"right_children":[2,4,6,-1,-1,8,10,12,14,-1,-1,-1,-1,-1,-1],"split_conditions":[2.027444E-1,1.00406185E-1,8.032633E-1,-1.4226109E-1,-3.4362793E-2,5.034692E-1,1E0,3.0212986E-1,7.0321304E-1,3.1076813E-2,1.3000107E-1,-1.3221741E-2,-3.3920289E-3,3.3671062E-3,1.2357331E-2],"split_indices":[0,0,0,0,0,0,0,0,0,0,0,0,0,0,0],"split_type":[0,0,0,0,0,0,0,0,0,0,0,0,0,0,0],"sum_hessian":[9E0,2E0,7E0,1E0,1E0,5E0,2E0,2E0,3E0,1E0,1E0,1E0,1E0,2E0,1E0],"tree_param":{"num_deleted":"0","num_feature":"2","num_nodes":"15","size_leaf_vector":"1"}},{"base_weights":[-2.81986E-2,-1.1186179E0,3.8423347E-1,-1.3514803E-1,-3.2644656E-2,2.2328694E-3,1.0201569E0,-1.0521952E-1,8.226395E-2,2.9522706E-2,1.23500824E-1,-1.25606535E-2,-3.2222748E-3,3.1422933E-3,1.173935E-2],"categories":[],"categories_nodes":[],"categories_segments":[],"categories_sizes":[],"default_left":[0,0,0,0,0,0,0,0,0,0,0,0,0,0,0],"id":75,"left_children":[1,3,5,-1,-1,7,9,11,13,-1,-1,-1,-1,-1,-1],"loss_changes":[4.9270496E0,1.122148E-1,1.9411068E0,0E0,0E0,6.0252957E-2,1.02648735E-1,4.171729E-4,3.4552403E-3,0E0,0E0,0E0,0E0,0E0,0E0],"parents":[2147483647,0,0,1,1,2,2,5,5,6,6,7,7,8,8],"right_children":[2,4,6,-1,-1,8,10,12,14,-1,-1,-1,-1,-1,-1],"split_conditions":[2.027444E-1,1.00406185E-1,8.032633E-1,-1.3514803E-1,-3.2644656E-2,5.034692E-1,1E0,3.0212986E-1,7.0321304E-1,2.9522706E-2,1.23500824E-1,-1.25606535E-2,-3.2222748E-3,3.1422933E-3,1.173935E-2],"split_indices":[0,0,0,0,0,0,0,0,0,0,0,0,0,0,0],"split_type":[0,0,0,0,0,0,0,0,0,0,0,0,0,0,0],"sum_hessian":[9E0,2E0,7E0,1E0,1E0,5E0,2E0,2E0,3E0,1E0,1E0,1E0,1E0,2E0,1E0],"tree_param":{"num_deleted":"0","num_feature":"2","num_nodes":"15","size_leaf_vector":"1"}},{"base_weights":[-2.6946139E-2,-1.0626866E0,3.6482477E-1,-1.2839064E-1,-3.1012345E-2,1.8596649E-3,9.691467E-1,-9.995905E-2,7.775879E-2,2.8046418E-2,1.173256E-1,-1.1932564E-2,-3.0612946E-3,2.9327392E-3,1.1152649E-2],"categories":[],"categories_nodes":[],"categories_segments":[],"categories_sizes":[],"default_left":[0,0,0,0,0,0,0,0,0,0,0,0,0,0,0],"id":76,"left_children":[1,3,5,-1,-1,7,9,11,13,-1,-1,-1,-1,-1,-1],"loss_changes":[4.445424E0,1.0127592E-1,1.7529798E0,0E0,0E0,5.4140404E-2,9.264326E-2,3.7608296E-4,3.2708868E-3,0E0,0E0,0E0,0E0,0E0,0E0],"parents":[2147483647,0,0,1,1,2,2,5,5,6,6,7,7,8,8],"right_children":[2,4,6,-1,-1,8,10,12,14,-1,-1,-1,-1,-1,-1],"split_conditions":[2.027444E-1,1.00406185E-1,8.032633E-1,-1.2839064E-1,-3.1012345E-2,5.034692E-1,1E0,3.0212986E-1,7.0321304E-1,2.8046418E-2,1.173256E-1,-1.1932564E-2,-3.0612946E-3,2.9327392E-3,1.1152649E-2],"split_indices":[0,0,0,0,0,0,0,0,0,0,0,0,0,0,0],"split_type":[0,0,0,0,0,0,0,0,0,0,0,0,0,0,0],"sum_hessian":[9E0,2E0,7E0,1E0,1E0,5E0,2E0,2E0,3E0,1E0,1E0,1E0,1E0,2E0,1E0],"tree_param":{"num_deleted":"0","num_feature":"2","num_nodes":"15","size_leaf_vector":"1"}},{"base_weights":[-2.5744963E-2,-1.0095519E0,3.4640074E-1,-1.2197111E-1,-2.946167E-2,1.5227E-3,9.206899E-1,-9.49618E-2,7.35054E-2,2.6644135E-2,1.1145935E-1,-1.1335946E-2,-2.9083253E-3,2.737427E-3,1.0594941E-2],"categories":[],"categories_nodes":[],"categories_segments":[],"categories_sizes":[],"default_left":[0,0,0,0,0,0,0,0,0,0,0,0,0,0,0],"id":77,"left_children":[1,3,5,-1,-1,7,9,11,13,-1,-1,-1,-1,-1,-1],"loss_changes":[4.0109043E0,9.1403484E-2,1.5830758E0,0E0,0E0,4.8651498E-2,8.360958E-2,3.3917092E-4,3.0864272E-3,0E0,0E0,0E0,0E0,0E0,0E0],"parents":[2147483647,0,0,1,1,2,2,5,5,6,6,7,7,8,8],"right_children":[2,4,6,-1,-1,8,10,12,14,-1,-1,-1,-1,-1,-1],"split_conditions":[2.027444E-1,1.00406185E-1,8.032633E-1,-1.2197111E-1,-2.946167E-2,5.034692E-1,1E0,3.0212986E-1,7.0321304E-1,2.6644135E-2,1.1145935E-1,-1.1335946E-2,-2.9083253E-3,2.737427E-3,1.0594941E-2],"split_indices":[0,0,0,0,0,0,0,0,0,0,0,0,0,0,0],"split_type":[0,0,0,0,0,0,0,0,0,0,0,0,0,0,0],"sum_hessian":[9E0,2E0,7E0,1E0,1E0,5E0,2E0,2E0,3E0,1E0,1E0,1E0,1E0,2E0,1E0],"tree_param":{"num_deleted":"0","num_feature":"2","num_nodes":"15","size_leaf_vector":"1"}},{"base_weights":[-2.4593305E-2,-9.590745E-1,3.289113E-1,-1.15872554E-1,-2.7988626E-2,1.2213389E-3,8.746541E-1,-9.0213776E-2,6.949234E-2,2.5312042E-2,1.0588608E-1,-1.0769081E-2,-2.7629852E-3,2.5553384E-3,1.0065461E-2],"categories":[],"categories_nodes":[],"categories_segments":[],"categories_sizes":[],"default_left":[0,0,0,0,0,0,0,0,0,0,0,0,0,0,0],"id":78,"left_children":[1,3,5,-1,-1,7,9,11,13,-1,-1,-1,-1,-1,-1],"loss_changes":[3.6188846E0,8.249068E-2,1.4296074E0,0E0,0E0,4.3723363E-2,7.5452805E-2,3.0586496E-4,2.9048827E-3,0E0,0E0,0E0,0E0,0E0,0E0],"parents":[2147483647,0,0,1,1,2,2,5,5,6,6,7,7,8,8],"right_children":[2,4,6,-1,-1,8,10,12,14,-1,-1,-1,-1,-1,-1],"split_conditions":[2.027444E-1,1.00406185E-1,8.032633E-1,-1.15872554E-1,-2.7988626E-2,5.034692E-1,1E0,3.0212986E-1,7.0321304E-1,2.5312042E-2,1.0588608E-1,-1.0769081E-2,-2.7629852E-3,2.5553384E-3,1.0065461E-2],"split_indices":[0,0,0,0,0,0,0,0,0,0,0,0,0,0,0],"split_type":[0,0,0,0,0,0,0,0,0,0,0,0,0,0,0],"sum_hessian":[9E0,2E0,7E0,1E0,1E0,5E0,2E0,2E0,3E0,1E0,1E0,1E0,1E0,2E0,1E0],"tree_param":{"num_deleted":"0","num_feature":"2","num_nodes":"15","size_leaf_vector":"1"}},{"base_weights":[-2.3490358E-2,-9.1112083E-1,3.1230736E-1,-1.1007892E-1,-2.6589204E-2,9.485881E-4,8.309224E-1,-8.570353E-2,6.570053E-2,2.4046326E-2,1.0059204E-1,-1.0230637E-2,-2.6248933E-3,2.3854575E-3,9.561921E-3],"categories":[],"categories_nodes":[],"categories_segments":[],"categories_sizes":[],"default_left":[0,0,0,0,0,0,0,0,0,0,0,0,0,0,0],"id":79,"left_children":[1,3,5,-1,-1,7,9,11,13,-1,-1,-1,-1,-1,-1],"loss_changes":[3.2651925E0,7.444739E-2,1.2910149E0,0E0,0E0,3.9296128E-2,6.810045E-2,2.7591176E-4,2.726946E-3,0E0,0E0,0E0,0E0,0E0,0E0],"parents":[2147483647,0,0,1,1,2,2,5,5,6,6,7,7,8,8],"right_children":[2,4,6,-1,-1,8,10,12,14,-1,-1,-1,-1,-1,-1],"split_conditions":[2.027444E-1,1.00406185E-1,8.032633E-1,-1.1007892E-1,-2.6589204E-2,5.034692E-1,1E0,3.0212986E-1,7.0321304E-1,2.4046326E-2,1.0059204E-1,-1.0230637E-2,-2.6248933E-3,2.3854575E-3,9.561921E-3],"split_indices":[0,0,0,0,0,0,0,0,0,0,0,0,0,0,0],"split_type":[0,0,0,0,0,0,0,0,0,0,0,0,0,0,0],"sum_hessian":[9E0,2E0,7E0,1E0,1E0,5E0,2E0,2E0,3E0,1E0,1E0,1E0,1E0,2E0,1E0],"tree_param":{"num_deleted":"0","num_feature":"2","num_nodes":"15","size_leaf_vector":"1"}},{"base_weights":[-2.2434259E-2,-8.6556506E-1,2.9654408E-1,-1.0457498E-1,-2.5259782E-2,7.0317584E-4,7.8937787E-1,-8.141836E-2,6.211853E-2,2.2843933E-2,9.556275E-2,-9.719086E-3,-2.4936676E-3,2.226766E-3,9.083557E-3],"categories":[],"categories_nodes":[],"categories_segments":[],"categories_sizes":[],"default_left":[0,0,0,0,0,0,0,0,0,0,0,0,0,0,0],"id":80,"left_children":[1,3,5,-1,-1,7,9,11,13,-1,-1,-1,-1,-1,-1],"loss_changes":[2.9460828E0,6.7188025E-2,1.165848E0,0E0,0E0,3.531873E-2,6.146443E-2,2.4895556E-4,2.5549E-3,0E0,0E0,0E0,0E0,0E0,0E0],"parents":[2147483647,0,0,1,1,2,2,5,5,6,6,7,7,8,8],"right_children":[2,4,6,-1,-1,8,10,12,14,-1,-1,-1,-1,-1,-1],"split_conditions":[2.027444E-1,1.00406185E-1,8.032633E-1,-1.0457498E-1,-2.5259782E-2,5.034692E-1,1E0,3.0212986E-1,7.0321304E-1,2.2843933E-2,9.556275E-2,-9.719086E-3,-2.4936676E-3,2.226766E-3,9.083557E-3],"split_indices":[0,0,0,0,0,0,0,0,0,0,0,0,0,0,0],"split_type":[0,0,0,0,0,0,0,0,0,0,0,0,0,0,0],"sum_hessian":[9E0,2E0,7E0,1E0,1E0,5E0,2E0,2E0,3E0,1E0,1E0,1E0,1E0,2E0,1E0],"tree_param":{"num_deleted":"0","num_feature":"2","num_nodes":"15","size_leaf_vector":"1"}},{"base_weights":[-2.1423483E-2,-8.222864E-1,2.8157806E-1,-9.9346235E-2,-2.3996735E-2,4.8319498E-4,7.4990845E-1,-7.73468E-2,5.8734894E-2,2.1701813E-2,9.078445E-2,-9.233094E-3,-2.368927E-3,2.078247E-3,8.629608E-3],"categories":[],"categories_nodes":[],"categories_segments":[],"categories_sizes":[],"default_left":[0,0,0,0,0,0,0,0,0,0,0,0,0,0,0],"id":81,"left_children":[1,3,5,-1,-1,7,9,11,13,-1,-1,-1,-1,-1,-1],"loss_changes":[2.658165E0,6.0638428E-2,1.0527998E0,0E0,0E0,3.1745333E-2,5.5469155E-2,2.2478215E-4,2.39061E-3,0E0,0E0,0E0,0E0,0E0,0E0],"parents":[2147483647,0,0,1,1,2,2,5,5,6,6,7,7,8,8],"right_children":[2,4,6,-1,-1,8,10,12,14,-1,-1,-1,-1,-1,-1],"split_conditions":[2.027444E-1,1.00406185E-1,8.032633E-1,-9.9346235E-2,-2.3996735E-2,5.034692E-1,1E0,3.0212986E-1,7.0321304E-1,2.1701813E-2,9.078445E-2,-9.233094E-3,-2.368927E-3,2.078247E-3,8.629608E-3],"split_indices":[0,0,0,0,0,0,0,0,0,0,0,0,0,0,0],"split_type":[0,0,0,0,0,0,0,0,0,0,0,0,0,0,0],"sum_hessian":[9E0,2E0,7E0,1E0,1E0,5E0,2E0,2E0,3E0,1E0,1E0,1E0,1E0,2E0,1E0],"tree_param":{"num_deleted":"0","num_feature":"2","num_nodes":"15","size_leaf_vector":"1"}},{"base_weights":[-2.0456064E-2,-7.811716E-1,2.6736927E-1,-9.437892E-2,-2.2796823E-2,2.861023E-4,7.1241254E-1,-7.34787E-2,5.5538177E-2,2.0616913E-2,8.624496E-2,-8.771515E-3,-2.25029E-3,1.9399008E-3,8.197784E-3],"categories":[],"categories_nodes":[],"categories_segments":[],"categories_sizes":[],"default_left":[0,0,0,0,0,0,0,0,0,0,0,0,0,0,0],"id":82,"left_children":[1,3,5,-1,-1,7,9,11,13,-1,-1,-1,-1,-1,-1],"loss_changes":[2.3983934E0,5.4727912E-2,9.507047E-1,0E0,0E0,2.8534822E-2,5.0055385E-2,2.032984E-4,2.2317413E-3,0E0,0E0,0E0,0E0,0E0,0E0],"parents":[2147483647,0,0,1,1,2,2,5,5,6,6,7,7,8,8],"right_children":[2,4,6,-1,-1,8,10,12,14,-1,-1,-1,-1,-1,-1],"split_conditions":[2.027444E-1,1.00406185E-1,8.032633E-1,-9.437892E-2,-2.2796823E-2,5.034692E-1,1E0,3.0212986E-1,7.0321304E-1,2.0616913E-2,8.624496E-2,-8.771515E-3,-2.25029E-3,1.9399008E-3,8.197784E-3],"split_indices":[0,0,0,0,0,0,0,0,0,0,0,0,0,0,0],"split_type":[0,0,0,0,0,0,0,0,0,0,0,0,0,0,0],"sum_hessian":[9E0,2E0,7E0,1E0,1E0,5E0,2E0,2E0,3E0,1E0,1E0,1E0,1E0,2E0,1E0],"tree_param":{"num_deleted":"0","num_feature":"2","num_nodes":"15","size_leaf_vector":"1"}},{"base_weights":[-1.952914E-2,-7.4211305E-1,2.5388098E-1,-8.9659974E-2,-2.165699E-2,1.11262E-4,6.767934E-1,-6.9805145E-2,5.2520752E-2,1.9586181E-2,8.1932835E-2,-8.333015E-3,-2.1377564E-3,5.935669E-4,6.6070557E-3],"categories":[],"categories_nodes":[],"categories_segments":[],"categories_sizes":[],"default_left":[0,0,0,0,0,0,0,0,0,0,0,0,0,0,0],"id":83,"left_children":[1,3,5,-1,-1,7,9,11,13,-1,-1,-1,-1,-1,-1],"loss_changes":[2.164026E0,4.9391747E-2,8.585037E-1,0E0,0E0,2.5651917E-2,4.5173407E-2,1.835553E-4,2.1327026E-3,0E0,0E0,0E0,0E0,0E0,0E0],"parents":[2147483647,0,0,1,1,2,2,5,5,6,6,7,7,8,8],"right_children":[2,4,6,-1,-1,8,10,12,14,-1,-1,-1,-1,-1,-1],"split_conditions":[2.027444E-1,1.00406185E-1,8.032633E-1,-8.9659974E-2,-2.165699E-2,5.034692E-1,1E0,3.0212986E-1,6.0073537E-1,1.9586181E-2,8.1932835E-2,-8.333015E-3,-2.1377564E-3,5.935669E-4,6.6070557E-3],"split_indices":[0,0,0,0,0,0,0,0,0,0,0,0,0,0,0],"split_type":[0,0,0,0,0,0,0,0,0,0,0,0,0,0,0],"sum_hessian":[9E0,2E0,7E0,1E0,1E0,5E0,2E0,2E0,3E0,1E0,1E0,1E0,1E0,1E0,2E0],"tree_param":{"num_deleted":"0","num_feature":"2","num_nodes":"15","size_leaf_vector":"1"}},{"base_weights":[-1.8884908E-2,-7.0500773E-1,2.4077177E-1,-8.5176975E-2,-2.0574188E-2,-4.456838E-4,6.429494E-1,-6.631597E-2,4.906845E-2,1.8606568E-2,7.783585E-2,-7.9164505E-3,-2.030945E-3,1.5706382E-3,7.457733E-3],"categories":[],"categories_nodes":[],"categories_segments":[],"categories_sizes":[],"default_left":[0,0,0,0,0,0,0,0,0,0,0,0,0,0,0],"id":84,"left_children":[1,3,5,-1,-1,7,9,11,13,-1,-1,-1,-1,-1,-1],"loss_changes":[1.9513098E0,4.4574976E-2,7.763847E-1,0E0,0E0,2.2823084E-2,4.0772676E-2,1.6556215E-4,2.232776E-3,0E0,0E0,0E0,0E0,0E0,0E0],"parents":[2147483647,0,0,1,1,2,2,5,5,6,6,7,7,8,8],"right_children":[2,4,6,-1,-1,8,10,12,14,-1,-1,-1,-1,-1,-1],"split_conditions":[2.027444E-1,1.00406185E-1,8.032633E-1,-8.5176975E-2,-2.0574188E-2,5.034692E-1,1E0,3.0212986E-1,7.0321304E-1,1.8606568E-2,7.783585E-2,-7.9164505E-3,-2.030945E-3,1.5706382E-3,7.457733E-3],"split_indices":[0,0,0,0,0,0,0,0,0,0,0,0,0,0,0],"split_type":[0,0,0,0,0,0,0,0,0,0,0,0,0,0,0],"sum_hessian":[9E0,2E0,7E0,1E0,1E0,5E0,2E0,2E0,3E0,1E0,1E0,1E0,1E0,2E0,1E0],"tree_param":{"num_deleted":"0","num_feature":"2","num_nodes":"15","size_leaf_vector":"1"}},{"base_weights":[-1.8019497E-2,-6.697579E-1,2.2863483E-1,-8.0918126E-2,-1.9545555E-2,-5.5567425E-4,6.1080426E-1,-6.3001E-2,4.6417236E-2,1.7676545E-2,7.394409E-2,-7.5206757E-3,-1.929474E-3,1.4658611E-3,7.084656E-3],"categories":[],"categories_nodes":[],"categories_segments":[],"categories_sizes":[],"default_left":[0,0,0,0,0,0,0,0,0,0,0,0,0,0,0],"id":85,"left_children":[1,3,5,-1,-1,7,9,11,13,-1,-1,-1,-1,-1,-1],"loss_changes":[1.7606709E0,4.0227532E-2,7.0105624E-1,0E0,0E0,2.0523762E-2,3.6792397E-2,1.4930964E-4,2.064854E-3,0E0,0E0,0E0,0E0,0E0,0E0],"parents":[2147483647,0,0,1,1,2,2,5,5,6,6,7,7,8,8],"right_children":[2,4,6,-1,-1,8,10,12,14,-1,-1,-1,-1,-1,-1],"split_conditions":[2.027444E-1,1.00406185E-1,8.032633E-1,-8.0918126E-2,-1.9545555E-2,5.034692E-1,1E0,3.0212986E-1,7.0321304E-1,1.7676545E-2,7.394409E-2,-7.5206757E-3,-1.929474E-3,1.4658611E-3,7.084656E-3],"split_indices":[0,0,0,0,0,0,0,0,0,0,0,0,0,0,0],"split_type":[0,0,0,0,0,0,0,0,0,0,0,0,0,0,0],"sum_hessian":[9E0,2E0,7E0,1E0,1E0,5E0,2E0,2E0,3E0,1E0,1E0,1E0,1E0,2E0,1E0],"tree_param":{"num_deleted":"0","num_feature":"2","num_nodes":"15","size_leaf_vector":"1"}},{"base_weights":[-1.719011E-2,-6.362697E-1,2.171135E-1,-7.687222E-2,-1.856823E-2,-6.4849854E-4,5.802663E-1,-5.9850056E-2,4.3914795E-2,1.6793061E-2,7.024689E-2,-7.1445466E-3,-1.832962E-3,1.3682048E-2,6.730652E-3,4.119873E-4,1.6403198E-3],"categories":[],"categories_nodes":[],"categories_segments":[],"categories_sizes":[],"default_left":[0,0,0,0,0,0,0,0,0,0,0,0,0,0,0,0,0],"id":86,"left_children":[1,3,5,-1,-1,7,9,11,13,-1,-1,-1,-1,15,-1,-1,-1],"loss_changes":[1.5886686E0,3.6306143E-2,6.3302326E-1,0E0,0E0,1.84576E-2,3.319943E-2,1.3477169E-4,1.9078925E-3,0E0,0E0,0E0,0E0,1.0481279E-5,0E0,0E0,0E0],"parents":[2147483647,0,0,1,1,2,2,5,5,6,6,7,7,8,8,13,13],"right_children":[2,4,6,-1,-1,8,10,12,14,-1,-1,-1,-1,16,-1,-1,-1],"split_conditions":[2.027444E-1,1.00406185E-1,8.032633E-1,-7.687222E-2,-1.856823E-2,5.034692E-1,1E0,3.0212986E-1,7.0321304E-1,1.6793061E-2,7.024689E-2,-7.1445466E-3,-1.832962E-3,6.0073537E-1,6.730652E-3,4.119873E-4,1.6403198E-3],"split_indices":[0,0,0,0,0,0,0,0,0,0,0,0,0,0,0,0,0],"split_type":[0,0,0,0,0,0,0,0,0,0,0,0,0,0,0,0,0],"sum_hessian":[9E0,2E0,7E0,1E0,1E0,5E0,2E0,2E0,3E0,1E0,1E0,1E0,1E0,2E0,1E0,1E0,1E0],"tree_param":{"num_deleted":"0","num_feature":"2","num_nodes":"17","size_leaf_vector":"1"}},{"base_weights":[-1.633234E-2,-6.0445565E-1,2.0625544E-1,-7.302862E-2,-1.7639732E-2,-6.1734515E-4,5.512492E-1,-5.6858063E-2,4.171753E-2,1.5953064E-2,6.6734314E-2,-6.7873E-3,-1.7414093E-3,1.2995402E-2,6.394196E-3,3.9138793E-4,1.5579223E-3],"categories":[],"categories_nodes":[],"categories_segments":[],"categories_sizes":[],"default_left":[0,0,0,0,0,0,0,0,0,0,0,0,0,0,0,0,0],"id":87,"left_children":[1,3,5,-1,-1,7,9,11,13,-1,-1,-1,-1,15,-1,-1,-1],"loss_changes":[1.4337629E0,3.2767773E-2,5.7129884E-1,0E0,0E0,1.665764E-2,2.9966772E-2,1.214724E-4,1.7223796E-3,0E0,0E0,0E0,0E0,9.41992E-6,0E0,0E0,0E0],"parents":[2147483647,0,0,1,1,2,2,5,5,6,6,7,7,8,8,13,13],"right_children":[2,4,6,-1,-1,8,10,12,14,-1,-1,-1,-1,16,-1,-1,-1],"split_conditions":[2.027444E-1,1.00406185E-1,8.032633E-1,-7.302862E-2,-1.7639732E-2,5.034692E-1,1E0,3.0212986E-1,7.0321304E-1,1.5953064E-2,6.6734314E-2,-6.7873E-3,-1.7414093E-3,6.0073537E-1,6.394196E-3,3.9138793E-4,1.5579223E-3],"split_indices":[0,0,0,0,0,0,0,0,0,0,0,0,0,0,0,0,0],"split_type":[0,0,0,0,0,0,0,0,0,0,0,0,0,0,0,0,0],"sum_hessian":[9E0,2E0,7E0,1E0,1E0,5E0,2E0,2E0,3E0,1E0,1E0,1E0,1E0,2E0,1E0,1E0,1E0],"tree_param":{"num_deleted":"0","num_feature":"2","num_nodes":"17","size_leaf_vector":"1"}},{"base_weights":[-1.5517903E-2,-5.7423306E-1,1.9594002E-1,-6.9377184E-2,-1.6757775E-2,-5.874634E-4,5.2368164E-1,-5.4016113E-2,3.963089E-2,1.51550295E-2,6.339722E-2,-6.447983E-3,-1.6544343E-3,1.234436E-2,6.074524E-3,3.7155152E-4,1.4801025E-3],"categories":[],"categories_nodes":[],"categories_segments":[],"categories_sizes":[],"default_left":[0,0,0,0,0,0,0,0,0,0,0,0,0,0,0,0,0],"id":88,"left_children":[1,3,5,-1,-1,7,9,11,13,-1,-1,-1,-1,15,-1,-1,-1],"loss_changes":[1.2939627E0,2.9572546E-2,5.1558954E-1,0E0,0E0,1.5033581E-2,2.7049005E-2,1.0950584E-4,1.554688E-3,0E0,0E0,0E0,0E0,8.601113E-6,0E0,0E0,0E0],"parents":[2147483647,0,0,1,1,2,2,5,5,6,6,7,7,8,8,13,13],"right_children":[2,4,6,-1,-1,8,10,12,14,-1,-1,-1,-1,16,-1,-1,-1],"split_conditions":[2.027444E-1,1.00406185E-1,8.032633E-1,-6.9377184E-2,-1.6757775E-2,5.034692E-1,1E0,3.0212986E-1,7.0321304E-1,1.51550295E-2,6.339722E-2,-6.447983E-3,-1.6544343E-3,6.0073537E-1,6.074524E-3,3.7155152E-4,1.4801025E-3],"split_indices":[0,0,0,0,0,0,0,0,0,0,0,0,0,0,0,0,0],"split_type":[0,0,0,0,0,0,0,0,0,0,0,0,0,0,0,0,0],"sum_hessian":[9E0,2E0,7E0,1E0,1E0,5E0,2E0,2E0,3E0,1E0,1E0,1E0,1E0,2E0,1E0,1E0,1E0],"tree_param":{"num_deleted":"0","num_feature":"2","num_nodes":"17","size_leaf_vector":"1"}},{"base_weights":[-1.4741302E-2,-5.455213E-1,1.8614388E-1,-6.590833E-2,-1.5919877E-2,-5.569458E-4,4.9749756E-1,-5.1315308E-2,3.7651062E-2,1.439743E-2,6.0227204E-2,-6.125641E-3,-1.5716553E-3,1.1728923E-2,5.770874E-3,3.5324096E-4,1.4060974E-3],"categories":[],"categories_nodes":[],"categories_segments":[],"categories_sizes":[],"default_left":[0,0,0,0,0,0,0,0,0,0,0,0,0,0,0,0,0],"id":89,"left_children":[1,3,5,-1,-1,7,9,11,13,-1,-1,-1,-1,15,-1,-1,-1],"loss_changes":[1.1678039E0,2.668935E-2,4.6531695E-1,0E0,0E0,1.35683315E-2,2.4408937E-2,9.8932534E-5,1.4028908E-3,0E0,0E0,0E0,0E0,7.674942E-6,0E0,0E0,0E0],"parents":[2147483647,0,0,1,1,2,2,5,5,6,6,7,7,8,8,13,13],"right_children":[2,4,6,-1,-1,8,10,12,14,-1,-1,-1,-1,16,-1,-1,-1],"split_conditions":[2.027444E-1,1.00406185E-1,8.032633E-1,-6.590833E-2,-1.5919877E-2,5.034692E-1,1E0,3.0212986E-1,7.0321304E-1,1.439743E-2,6.0227204E-2,-6.125641E-3,-1.5716553E-3,6.0073537E-1,5.770874E-3,3.5324096E-4,1.4060974E-3],"split_indices":[0,0,0,0,0,0,0,0,0,0,0,0,0,0,0,0,0],"split_type":[0,0,0,0,0,0,0,0,0,0,0,0,0,0,0,0,0],"sum_hessian":[9E0,2E0,7E0,1E0,1E0,5E0,2E0,2E0,3E0,1E0,1E0,1E0,1E0,2E0,1E0,1E0,1E0],"tree_param":{"num_deleted":"0","num_feature":"2","num_nodes":"17","size_leaf_vector":"1"}},{"base_weights":[-1.4004123E-2,-5.1824564E-1,1.7683697E-1,-6.261291E-2,-1.512394E-2,-5.2769977E-4,4.7262064E-1,-4.8749287E-2,3.5770416E-2,1.3677216E-2,5.721588E-2,-5.8193207E-3,-1.4930725E-3,1.1144002E-2,5.482483E-3,3.3569336E-4,1.335907E-3],"categories":[],"categories_nodes":[],"categories_segments":[],"categories_sizes":[],"default_left":[0,0,0,0,0,0,0,0,0,0,0,0,0,0,0,0,0],"id":90,"left_children":[1,3,5,-1,-1,7,9,11,13,-1,-1,-1,-1,15,-1,-1,-1],"loss_changes":[1.0539451E0,2.4086297E-2,4.1994205E-1,0E0,0E0,1.2245899E-2,2.2033751E-2,8.927239E-5,1.2659994E-3,0E0,0E0,0E0,0E0,6.9011294E-6,0E0,0E0,0E0],"parents":[2147483647,0,0,1,1,2,2,5,5,6,6,7,7,8,8,13,13],"right_children":[2,4,6,-1,-1,8,10,12,14,-1,-1,-1,-1,16,-1,-1,-1],"split_conditions":[2.027444E-1,1.00406185E-1,8.032633E-1,-6.261291E-2,-1.512394E-2,5.034692E-1,1E0,3.0212986E-1,7.0321304E-1,1.3677216E-2,5.721588E-2,-5.8193207E-3,-1.4930725E-3,6.0073537E-1,5.482483E-3,3.3569336E-4,1.335907E-3],"split_indices":[0,0,0,0,0,0,0,0,0,0,0,0,0,0,0,0,0],"split_type":[0,0,0,0,0,0,0,0,0,0,0,0,0,0,0,0,0],"sum_hessian":[9E0,2E0,7E0,1E0,1E0,5E0,2E0,2E0,3E0,1E0,1E0,1E0,1E0,2E0,1E0,1E0,1E0],"tree_param":{"num_deleted":"0","num_feature":"2","num_nodes":"17","size_leaf_vector":"1"}},{"base_weights":[-1.3303518E-2,-4.9233294E-1,1.6799545E-1,-5.9482265E-2,-1.4367676E-2,-5.009969E-4,4.4898987E-1,-4.6310425E-2,3.3981323E-2,1.2993622E-2,5.4354858E-2,-5.5282596E-3,-1.4183045E-3,1.0584514E-2,5.2085877E-3,3.189087E-4,1.2687683E-3],"categories":[],"categories_nodes":[],"categories_segments":[],"categories_sizes":[],"default_left":[0,0,0,0,0,0,0,0,0,0,0,0,0,0,0,0,0],"id":91,"left_children":[1,3,5,-1,-1,7,9,11,13,-1,-1,-1,-1,15,-1,-1,-1],"loss_changes":[9.511851E-1,2.1738827E-2,3.7899745E-1,0E0,0E0,1.1051382E-2,1.9881248E-2,8.0681406E-5,1.1430513E-3,0E0,0E0,0E0,0E0,6.199378E-6,0E0,0E0,0E0],"parents":[2147483647,0,0,1,1,2,2,5,5,6,6,7,7,8,8,13,13],"right_children":[2,4,6,-1,-1,8,10,12,14,-1,-1,-1,-1,16,-1,-1,-1],"split_conditions":[2.027444E-1,1.00406185E-1,8.032633E-1,-5.9482265E-2,-1.4367676E-2,5.034692E-1,1E0,3.0212986E-1,7.0321304E-1,1.2993622E-2,5.4354858E-2,-5.5282596E-3,-1.4183045E-3,6.0073537E-1,5.2085877E-3,3.189087E-4,1.2687683E-3],"split_indices":[0,0,0,0,0,0,0,0,0,0,0,0,0,0,0,0,0],"split_type":[0,0,0,0,0,0,0,0,0,0,0,0,0,0,0,0,0],"sum_hessian":[9E0,2E0,7E0,1E0,1E0,5E0,2E0,2E0,3E0,1E0,1E0,1E0,1E0,2E0,1E0,1E0,1E0],"tree_param":{"num_deleted":"0","num_feature":"2","num_nodes":"17","size_leaf_vector":"1"}},{"base_weights":[-1.2638271E-2,-4.677168E-1,1.5959597E-1,-5.6508154E-2,-1.3649369E-2,-4.749298E-4,4.265391E-1,-4.3994904E-2,3.2283783E-2,1.2343598E-2,5.163727E-2,-5.2518845E-3,-1.3473511E-3,1.0055542E-2,4.9484256E-3,3.0288697E-4,1.2054443E-3],"categories":[],"categories_nodes":[],"categories_segments":[],"categories_sizes":[],"default_left":[0,0,0,0,0,0,0,0,0,0,0,0,0,0,0,0,0],"id":92,"left_children":[1,3,5,-1,-1,7,9,11,13,-1,-1,-1,-1,15,-1,-1,-1],"loss_changes":[8.584468E-1,1.9618273E-2,3.420412E-1,0E0,0E0,9.974272E-3,1.7947555E-2,7.2874594E-5,1.0317536E-3,0E0,0E0,0E0,0E0,5.6255376E-6,0E0,0E0,0E0],"parents":[2147483647,0,0,1,1,2,2,5,5,6,6,7,7,8,8,13,13],"right_children":[2,4,6,-1,-1,8,10,12,14,-1,-1,-1,-1,16,-1,-1,-1],"split_conditions":[2.027444E-1,1.00406185E-1,8.032633E-1,-5.6508154E-2,-1.3649369E-2,5.034692E-1,1E0,3.0212986E-1,7.0321304E-1,1.2343598E-2,5.163727E-2,-5.2518845E-3,-1.3473511E-3,6.0073537E-1,4.9484256E-3,3.0288697E-4,1.2054443E-3],"split_indices":[0,0,0,0,0,0,0,0,0,0,0,0,0,0,0,0,0],"split_type":[0,0,0,0,0,0,0,0,0,0,0,0,0,0,0,0,0],"sum_hessian":[9E0,2E0,7E0,1E0,1E0,5E0,2E0,2E0,3E0,1E0,1E0,1E0,1E0,2E0,1E0,1E0,1E0],"tree_param":{"num_deleted":"0","num_feature":"2","num_nodes":"17","size_leaf_vector":"1"}},{"base_weights":[-1.2005687E-2,-4.4433108E-1,1.5161705E-1,-5.3682745E-2,-1.2966919E-2,-4.5013428E-4,4.052124E-1,-4.1793823E-2,3.0670166E-2,1.1726379E-2,4.9055483E-2,-4.9892426E-3,-1.2798309E-3,9.552002E-3,4.701233E-3,2.8762818E-4,1.1451722E-3],"categories":[],"categories_nodes":[],"categories_segments":[],"categories_sizes":[],"default_left":[0,0,0,0,0,0,0,0,0,0,0,0,0,0,0,0,0],"id":93,"left_children":[1,3,5,-1,-1,7,9,11,13,-1,-1,-1,-1,15,-1,-1,-1],"loss_changes":[7.747508E-1,1.7705262E-2,3.0869064E-1,0E0,0E0,9.001591E-3,1.6198397E-2,6.593112E-5,9.3140407E-4,0E0,0E0,0E0,0E0,5.107606E-6,0E0,0E0,0E0],"parents":[2147483647,0,0,1,1,2,2,5,5,6,6,7,7,8,8,13,13],"right_children":[2,4,6,-1,-1,8,10,12,14,-1,-1,-1,-1,16,-1,-1,-1],"split_conditions":[2.027444E-1,1.00406185E-1,8.032633E-1,-5.3682745E-2,-1.2966919E-2,5.034692E-1,1E0,3.0212986E-1,7.0321304E-1,1.1726379E-2,4.9055483E-2,-4.9892426E-3,-1.2798309E-3,6.0073537E-1,4.701233E-3,2.8762818E-4,1.1451722E-3],"split_indices":[0,0,0,0,0,0,0,0,0,0,0,0,0,0,0,0,0],"split_type":[0,0,0,0,0,0,0,0,0,0,0,0,0,0,0,0,0],"sum_hessian":[9E0,2E0,7E0,1E0,1E0,5E0,2E0,2E0,3E0,1E0,1E0,1E0,1E0,2E0,1E0,1E0,1E0],"tree_param":{"num_deleted":"0","num_feature":"2","num_nodes":"17","size_leaf_vector":"1"}},{"base_weights":[-1.14046335E-2,-4.2211476E-1,1.4403725E-1,-5.0998606E-2,-1.2318611E-2,-4.272461E-4,3.8495383E-1,-3.970337E-2,2.9136658E-2,1.1140442E-2,4.6602633E-2,-4.7397614E-3,-1.2157441E-3,9.073894E-3,4.4662477E-3,2.7313232E-4,1.0879517E-3],"categories":[],"categories_nodes":[],"categories_segments":[],"categories_sizes":[],"default_left":[0,0,0,0,0,0,0,0,0,0,0,0,0,0,0,0,0],"id":94,"left_children":[1,3,5,-1,-1,7,9,11,13,-1,-1,-1,-1,15,-1,-1,-1],"loss_changes":[6.992158E-1,1.5978515E-2,2.7859557E-1,0E0,0E0,8.123756E-3,1.4614612E-2,5.960185E-5,8.4070093E-4,0E0,0E0,0E0,0E0,4.6413916E-6,0E0,0E0,0E0],"parents":[2147483647,0,0,1,1,2,2,5,5,6,6,7,7,8,8,13,13],"right_children":[2,4,6,-1,-1,8,10,12,14,-1,-1,-1,-1,16,-1,-1,-1],"split_conditions":[2.027444E-1,1.00406185E-1,8.032633E-1,-5.0998606E-2,-1.2318611E-2,5.034692E-1,1E0,3.0212986E-1,7.0321304E-1,1.1140442E-2,4.6602633E-2,-4.7397614E-3,-1.2157441E-3,6.0073537E-1,4.4662477E-3,2.7313232E-4,1.0879517E-3],"split_indices":[0,0,0,0,0,0,0,0,0,0,0,0,0,0,0,0,0],"split_type":[0,0,0,0,0,0,0,0,0,0,0,0,0,0,0,0,0],"sum_hessian":[9E0,2E0,7E0,1E0,1E0,5E0,2E0,2E0,3E0,1E0,1E0,1E0,1E0,2E0,1E0,1E0,1E0],"tree_param":{"num_deleted":"0","num_feature":"2","num_nodes":"17","size_leaf_vector":"1"}},{"base_weights":[-1.0834724E-2,-4.0100935E-1,1.368351E-1,-4.8448674E-2,-1.1702728E-2,-4.0690103E-4,3.657074E-1,-3.7719727E-2,2.7679443E-2,1.0583497E-2,4.4272613E-2,-4.5028687E-3,-1.1550904E-3,8.621216E-3,4.2427066E-3,2.593994E-4,1.033783E-3],"categories":[],"categories_nodes":[],"categories_segments":[],"categories_sizes":[],"default_left":[0,0,0,0,0,0,0,0,0,0,0,0,0,0,0,0,0],"id":95,"left_children":[1,3,5,-1,-1,7,9,11,13,-1,-1,-1,-1,15,-1,-1,-1],"loss_changes":[6.310423E-1,1.4420092E-2,2.5143594E-1,0E0,0E0,7.3319464E-3,1.3189256E-2,5.367864E-5,7.58481E-4,0E0,0E0,0E0,0E0,4.222966E-6,0E0,0E0,0E0],"parents":[2147483647,0,0,1,1,2,2,5,5,6,6,7,7,8,8,13,13],"right_children":[2,4,6,-1,-1,8,10,12,14,-1,-1,-1,-1,16,-1,-1,-1],"split_conditions":[2.027444E-1,1.00406185E-1,8.032633E-1,-4.8448674E-2,-1.1702728E-2,5.034692E-1,1E0,3.0212986E-1,7.0321304E-1,1.0583497E-2,4.4272613E-2,-4.5028687E-3,-1.1550904E-3,6.0073537E-1,4.2427066E-3,2.593994E-4,1.033783E-3],"split_indices":[0,0,0,0,0,0,0,0,0,0,0,0,0,0,0,0,0],"split_type":[0,0,0,0,0,0,0,0,0,0,0,0,0,0,0,0,0],"sum_hessian":[9E0,2E0,7E0,1E0,1E0,5E0,2E0,2E0,3E0,1E0,1E0,1E0,1E0,2E0,1E0,1E0,1E0],"tree_param":{"num_deleted":"0","num_feature":"2","num_nodes":"17","size_leaf_vector":"1"}},{"base_weights":[-1.0293597E-2,-3.8095862E-1,1.2999249E-1,-4.602624E-2,-1.1117554E-2,-3.8782755E-4,3.4742227E-1,-3.5835266E-2,2.6294708E-2,1.00540165E-2,4.205933E-2,-4.2778016E-3,-1.0974884E-3,8.188884E-3,4.030609E-3,2.4642944E-4,9.81903E-4],"categories":[],"categories_nodes":[],"categories_segments":[],"categories_sizes":[],"default_left":[0,0,0,0,0,0,0,0,0,0,0,0,0,0,0,0,0],"id":96,"left_children":[1,3,5,-1,-1,7,9,11,13,-1,-1,-1,-1,15,-1,-1,-1],"loss_changes":[5.695132E-1,1.3014525E-2,2.2692324E-1,0E0,0E0,6.6172434E-3,1.1907309E-2,4.831422E-5,6.8468857E-4,0E0,0E0,0E0,0E0,3.798792E-6,0E0,0E0,0E0],"parents":[2147483647,0,0,1,1,2,2,5,5,6,6,7,7,8,8,13,13],"right_children":[2,4,6,-1,-1,8,10,12,14,-1,-1,-1,-1,16,-1,-1,-1],"split_conditions":[2.027444E-1,1.00406185E-1,8.032633E-1,-4.602624E-2,-1.1117554E-2,5.034692E-1,1E0,3.0212986E-1,7.0321304E-1,1.00540165E-2,4.205933E-2,-4.2778016E-3,-1.0974884E-3,6.0073537E-1,4.030609E-3,2.4642944E-4,9.81903E-4],"split_indices":[0,0,0,0,0,0,0,0,0,0,0,0,0,0,0,0,0],"split_type":[0,0,0,0,0,0,0,0,0,0,0,0,0,0,0,0,0],"sum_hessian":[9E0,2E0,7E0,1E0,1E0,5E0,2E0,2E0,3E0,1E0,1E0,1E0,1E0,2E0,1E0,1E0,1E0],"tree_param":{"num_deleted":"0","num_feature":"2","num_nodes":"17","size_leaf_vector":"1"}},{"base_weights":[-9.77766E-3,-3.619112E-1,1.23494625E-1,-4.3724928E-2,-1.0561752E-2,-3.668467E-4,3.300527E-1,-3.404363E-2,2.4982452E-2,9.551239E-3,3.9956667E-2,-4.0639876E-3,-1.0425568E-3,7.7819824E-3,3.829193E-3,2.3422242E-4,9.33075E-4],"categories":[],"categories_nodes":[],"categories_segments":[],"categories_sizes":[],"default_left":[0,0,0,0,0,0,0,0,0,0,0,0,0,0,0,0,0],"id":97,"left_children":[1,3,5,-1,-1,7,9,11,13,-1,-1,-1,-1,15,-1,-1,-1],"loss_changes":[5.139905E-1,1.1744827E-2,2.0479777E-1,0E0,0E0,5.9725903E-3,1.074791E-2,4.3677865E-5,6.1772997E-4,0E0,0E0,0E0,0E0,3.4200493E-6,0E0,0E0,0E0],"parents":[2147483647,0,0,1,1,2,2,5,5,6,6,7,7,8,8,13,13],"right_children":[2,4,6,-1,-1,8,10,12,14,-1,-1,-1,-1,16,-1,-1,-1],"split_conditions":[2.027444E-1,1.00406185E-1,8.032633E-1,-4.3724928E-2,-1.0561752E-2,5.034692E-1,1E0,3.0212986E-1,7.0321304E-1,9.551239E-3,3.9956667E-2,-4.0639876E-3,-1.0425568E-3,6.0073537E-1,3.829193E-3,2.3422242E-4,9.33075E-4],"split_indices":[0,0,0,0,0,0,0,0,0,0,0,0,0,0,0,0,0],"split_type":[0,0,0,0,0,0,0,0,0,0,0,0,0,0,0,0,0],"sum_hessian":[9E0,2E0,7E0,1E0,1E0,5E0,2E0,2E0,3E0,1E0,1E0,1E0,1E0,2E0,1E0,1E0,1E0],"tree_param":{"num_deleted":"0","num_feature":"2","num_nodes":"17","size_leaf_vector":"1"}},{"base_weights":[-9.288525E-3,-3.4381524E-1,1.1732006E-1,-4.153868E-2,-1.00336075E-2,-3.4713745E-4,3.1354776E-1,-3.2341003E-2,2.3735046E-2,9.073639E-3,3.795853E-2,-3.8608552E-3,-9.902954E-4,7.3954263E-3,3.6376955E-3,2.2277833E-4,8.865357E-4],"categories":[],"categories_nodes":[],"categories_segments":[],"categories_sizes":[],"default_left":[0,0,0,0,0,0,0,0,0,0,0,0,0,0,0,0,0],"id":98,"left_children":[1,3,5,-1,-1,7,9,11,13,-1,-1,-1,-1,15,-1,-1,-1],"loss_changes":[4.6387598E-1,1.0600269E-2,1.8482536E-1,0E0,0E0,5.390508E-3,9.699494E-3,3.955583E-5,5.5723265E-4,0E0,0E0,0E0,0E0,3.0381343E-6,0E0,0E0,0E0],"parents":[2147483647,0,0,1,1,2,2,5,5,6,6,7,7,8,8,13,13],"right_children":[2,4,6,-1,-1,8,10,12,14,-1,-1,-1,-1,16,-1,-1,-1],"split_conditions":[2.027444E-1,1.00406185E-1,8.032633E-1,-4.153868E-2,-1.00336075E-2,5.034692E-1,1E0,3.0212986E-1,7.0321304E-1,9.073639E-3,3.795853E-2,-3.8608552E-3,-9.902954E-4,6.0073537E-1,3.6376955E-3,2.2277833E-4,8.865357E-4],"split_indices":[0,0,0,0,0,0,0,0,0,0,0,0,0,0,0,0,0],"split_type":[0,0,0,0,0,0,0,0,0,0,0,0,0,0,0,0,0],"sum_hessian":[9E0,2E0,7E0,1E0,1E0,5E0,2E0,2E0,3E0,1E0,1E0,1E0,1E0,2E0,1E0,1E0,1E0],"tree_param":{"num_deleted":"0","num_feature":"2","num_nodes":"17","size_leaf_vector":"1"}},{"base_weights":[-8.8249985E-3,-3.266248E-1,1.1145306E-1,-3.9461747E-2,-9.531975E-3,-3.2933554E-4,2.9786682E-1,-3.0723572E-2,2.2548676E-2,8.61969E-3,3.6060333E-2,-3.6678314E-3,-9.4070437E-4,7.0241294E-3,3.4561157E-3,2.1133423E-4,8.4228517E-4],"categories":[],"categories_nodes":[],"categories_segments":[],"categories_sizes":[],"default_left":[0,0,0,0,0,0,0,0,0,0,0,0,0,0,0,0,0],"id":99,"left_children":[1,3,5,-1,-1,7,9,11,13,-1,-1,-1,-1,15,-1,-1,-1],"loss_changes":[4.1864675E-1,9.566307E-3,1.6680032E-1,0E0,0E0,4.864934E-3,8.755416E-3,3.5768608E-5,5.0319126E-4,0E0,0E0,0E0,0E0,2.8061186E-6,0E0,0E0,0E0],"parents":[2147483647,0,0,1,1,2,2,5,5,6,6,7,7,8,8,13,13],"right_children":[2,4,6,-1,-1,8,10,12,14,-1,-1,-1,-1,16,-1,-1,-1],"split_conditions":[2.027444E-1,1.00406185E-1,8.032633E-1,-3.9461747E-2,-9.531975E-3,5.034692E-1,1E0,3.0212986E-1,7.0321304E-1,8.61969E-3,3.6060333E-2,-3.6678314E-3,-9.4070437E-4,6.0073537E-1,3.4561157E-3,2.1133423E-4,8.4228517E-4],"split_indices":[0,0,0,0,0,0,0,0,0,0,0,0,0,0,0,0,0],"split_type":[0,0,0,0,0,0,0,0,0,0,0,0,0,0,0,0,0],"sum_hessian":[9E0,2E0,7E0,1E0,1E0,5E0,2E0,2E0,3E0,1E0,1E0,1E0,1E0,2E0,1E0,1E0,1E0],"tree_param":{"num_deleted":"0","num_feature":"2","num_nodes":"17","size_leaf_vector":"1"}}]},"name":"gbtree"},"learner_model_param":{"base_score":"1.2368889E2","boost_from_average":"1","num_class":"0","num_feature":"2","num_target":"1"},"objective":{"name":"reg:squarederror","reg_loss_param":{"scale_pos_weight":"1"}}},"version":[2,0,1]}