{"learner":{"attributes":{"scikit_learn":"{\"_estimator_type\": \"regressor\"}"},"feature_names":[],"feature_types":[],"gradient_booster":{"model":{"gbtree_model_param":{"num_parallel_tree":"1","num_trees":"100"},"iteration_indptr":[0,1,2,3,4,5,6,7,8,9,10,11,12,13,14,15,16,17,18,19,20,21,22,23,24,25,26,27,28,29,30,31,32,33,34,35,36,37,38,39,40,41,42,43,44,45,46,47,48,49,50,51,52,53,54,55,56,57,58,59,60,61,62,63,64,65,66,67,68,69,70,71,72,73,74,75,76,77,78,79,80,81,82,83,84,85,86,87,88,89,90,91,92,93,94,95,96,97,98,99,100],"tree_info":[0,0,0,0,0,0,0,0,0,0,0,0,0,0,0,0,0,0,0,0,0,0,0,0,0,0,0,0,0,0,0,0,0,0,0,0,0,0,0,0,0,0,0,0,0,0,0,0,0,0,0,0,0,0,0,0,0,0,0,0,0,0,0,0,0,0,0,0,0,0,0,0,0,0,0,0,0,0,0,0,0,0,0,0,0,0,0,0,0,0,0,0,0,0,0,0,0,0,0,0],"trees":[{"base_weights":[-6.1035157E-6,-7.467262E1,1.3067708E1,-8.899769E1,5.6388855E-1,-9.700278E0,-2.4486115E0],"categories":[],"categories_nodes":[],"categories_segments":[],"categories_sizes":[],"default_left":[0,0,0,0,0,0,0],"id":0,"left_children":[1,3,-1,5,-1,-1,-1],"loss_changes":[1.07338E5,8.555121E3,0E0,7.233086E2,0E0,0E0,0E0],"parents":[2147483647,0,0,1,1,3,3],"right_children":[2,4,-1,6,-1,-1,-1],"split_conditions":[8.019485E-1,6.0120165E-1,1.3067708E1,4.0045577E-1,5.6388855E-1,-9.700278E0,-2.4486115E0],"split_indices":[0,0,0,0,0,0,0],"split_type":[0,0,0,0,0,0,0],"sum_hessian":[9E0,6E0,3E0,5E0,1E0,4E0,1E0],"tree_param":{"num_deleted":"0","num_feature":"2","num_nodes":"7","size_leaf_vector":"1"}},{"base_weights":[1.4826354E-1,-6.886037E1,1.208763E1,-8.212274E1,5.356941E-1,-8.924257E0,-2.3261812E0],"categories":[],"categories_nodes":[],"categories_segments":[],"categories_sizes":[],"default_left":[0,0,0,0,0,0,0],"id":1,"left_children":[1,3,-1,5,-1,-1,-1],"loss_changes":[9.163635E4,7.3300117E3,0E0,4.3853516E2,0E0,0E0,0E0],"parents":[2147483647,0,0,1,1,3,3],"right_children":[2,4,-1,6,-1,-1,-1],"split_conditions":[8.019485E-1,6.0120165E-1,1.208763E1,4.0045577E-1,5.356941E-1,-8.924257E0,-2.3261812E0],"split_indices":[0,0,0,0,0,0,0],"split_type":[0,0,0,0,0,0,0],"sum_hessian":[9E0,6E0,3E0,5E0,1E0,4E0,1E0],"tree_param":{"num_deleted":"0","num_feature":"2","num_nodes":"7","size_leaf_vector":"1"}},{"base_weights":[2.7072603E-1,-6.350501E1,1.1181058E1,-7.578554E1,5.0890964E-1,-8.210317E0,-2.2098718E0],"categories":[],"categories_nodes":[],"categories_segments":[],"categories_sizes":[],"default_left":[0,0,0,0,0,0,0],"id":2,"left_children":[1,3,-1,5,-1,-1,-1],"loss_changes":[7.823589E4,6.282283E3,0E0,2.2066797E2,0E0,0E0,0E0],"parents":[2147483647,0,0,1,1,3,3],"right_children":[2,4,-1,6,-1,-1,-1],"split_conditions":[8.019485E-1,6.0120165E-1,1.1181058E1,4.0045577E-1,5.0890964E-1,-8.210317E0,-2.2098718E0],"split_indices":[0,0,0,0,0,0,0],"split_type":[0,0,0,0,0,0,0],"sum_hessian":[9E0,6E0,3E0,5E0,1E0,4E0,1E0],"tree_param":{"num_deleted":"0","num_feature":"2","num_nodes":"7","size_leaf_vector":"1"}},{"base_weights":[3.7062836E-1,-5.8570408E1,1.0342479E1,-6.994369E1,4.8346406E-1,-7.553491E0,-2.0993783E0],"categories":[],"categories_nodes":[],"categories_segments":[],"categories_sizes":[],"default_left":[0,0,0,0,0,0,0],"id":3,"left_children":[1,3,-1,5,-1,-1,-1],"loss_changes":[6.679881E4,5.3860176E3,0E0,5.6376953E1,0E0,0E0,0E0],"parents":[2147483647,0,0,1,1,3,3],"right_children":[2,4,-1,6,-1,-1,-1],"split_conditions":[8.019485E-1,6.0120165E-1,1.0342479E1,4.0045577E-1,4.8346406E-1,-7.553491E0,-2.0993783E0],"split_indices":[0,0,0,0,0,0,0],"split_type":[0,0,0,0,0,0,0],"sum_hessian":[9E0,6E0,3E0,5E0,1E0,4E0,1E0],"tree_param":{"num_deleted":"0","num_feature":"2","num_nodes":"7","size_leaf_vector":"1"}},{"base_weights":[4.5087433E-1,-5.4023277E1,9.5667925E0,-6.455813E1,4.5929107E-1,-7.518792E0,-2.8865693E0],"categories":[],"categories_nodes":[],"categories_segments":[],"categories_sizes":[],"default_left":[0,0,0,0,0,0,0],"id":4,"left_children":[1,3,-1,5,-1,-1,-1],"loss_changes":[5.703697E4,4.6190996E3,0E0,1.0606836E2,0E0,0E0,0E0],"parents":[2147483647,0,0,1,1,3,3],"right_children":[2,4,-1,6,-1,-1,-1],"split_conditions":[8.019485E-1,6.0120165E-1,9.5667925E0,3.0080768E-1,4.5929107E-1,-7.518792E0,-2.8865693E0],"split_indices":[0,0,0,0,0,0,0],"split_type":[0,0,0,0,0,0,0],"sum_hessian":[9E0,6E0,3E0,5E0,1E0,3E0,2E0],"tree_param":{"num_deleted":"0","num_feature":"2","num_nodes":"7","size_leaf_vector":"1"}},{"base_weights":[3.6786193E-1,-5.0041813E1,8.849283E0,-5.9836536E1,4.363266E-1,-6.954882E0,-2.6941316E0],"categories":[],"categories_nodes":[],"categories_segments":[],"categories_sizes":[],"default_left":[0,0,0,0,0,0,0],"id":5,"left_children":[1,3,-1,5,-1,-1,-1],"loss_changes":[4.885185E4,3.9912617E3,0E0,4.3191406E1,0E0,0E0,0E0],"parents":[2147483647,0,0,1,1,3,3],"right_children":[2,4,-1,6,-1,-1,-1],"split_conditions":[8.019485E-1,6.0120165E-1,8.849283E0,3.0080768E-1,4.363266E-1,-6.954882E0,-2.6941316E0],"split_indices":[0,0,0,0,0,0,0],"split_type":[0,0,0,0,0,0,0],"sum_hessian":[9E0,6E0,3E0,5E0,1E0,3E0,2E0],"tree_param":{"num_deleted":"0","num_feature":"2","num_nodes":"7","size_leaf_vector":"1"}},{"base_weights":[2.9473418E-1,-4.635373E1,8.185587E0,-5.5461054E0,4.1451034E-1],"categories":[],"categories_nodes":[],"categories_segments":[],"categories_sizes":[],"default_left":[0,0,0,0,0],"id":6,"left_children":[1,3,-1,-1,-1],"loss_changes":[4.184134E4,3.4492559E3,0E0,0E0,0E0],"parents":[2147483647,0,0,1,1],"right_children":[2,4,-1,-1,-1],"split_conditions":[8.019485E-1,6.0120165E-1,8.185587E0,-5.5461054E0,4.1451034E-1],"split_indices":[0,0,0,0,0],"split_type":[0,0,0,0,0],"sum_hessian":[9E0,6E0,3E0,5E0,1E0],"tree_param":{"num_deleted":"0","num_feature":"2","num_nodes":"5","size_leaf_vector":"1"}},{"base_weights":[5.7065964E-1,-4.245144E1,7.571667E1,-5.0839294E1,3.937851E-1,2.2248611E0,8.612315E0,-6.017308E0,-2.1447816E0],"categories":[],"categories_nodes":[],"categories_segments":[],"categories_sizes":[],"default_left":[0,0,0,0,0,0,0,0,0],"id":7,"left_children":[1,3,5,7,-1,-1,-1,-1,-1],"loss_changes":[3.554367E4,2.9239443E3,3.0953906E2,3.5542188E2,0E0,0E0,0E0,0E0,0E0],"parents":[2147483647,0,0,1,1,2,2,3,3],"right_children":[2,4,6,8,-1,-1,-1,-1,-1],"split_conditions":[8.019485E-1,6.0120165E-1,9.012717E-1,3.0080768E-1,3.937851E-1,2.2248611E0,8.612315E0,-6.017308E0,-2.1447816E0],"split_indices":[0,0,0,0,0,0,0,0,0],"split_type":[0,0,0,0,0,0,0,0,0],"sum_hessian":[9E0,6E0,3E0,5E0,1E0,1E0,2E0,3E0,2E0],"tree_param":{"num_deleted":"0","num_feature":"2","num_nodes":"9","size_leaf_vector":"1"}},{"base_weights":[8.2048416E-1,-3.931605E1,7.08543E1,-4.7115715E1,3.7409592E-1,2.1136186E0,8.038161E0,-5.56601E0,-2.0017962E0],"categories":[],"categories_nodes":[],"categories_segments":[],"categories_sizes":[],"default_left":[0,0,0,0,0,0,0,0,0],"id":8,"left_children":[1,3,5,7,-1,-1,-1,-1,-1],"loss_changes":[3.089486E4,2.5270684E3,1.9575977E2,2.75E2,0E0,0E0,0E0,0E0,0E0],"parents":[2147483647,0,0,1,1,2,2,3,3],"right_children":[2,4,6,8,-1,-1,-1,-1,-1],"split_conditions":[8.019485E-1,6.0120165E-1,9.012717E-1,3.0080768E-1,3.7409592E-1,2.1136186E0,8.038161E0,-5.56601E0,-2.0017962E0],"split_indices":[0,0,0,0,0,0,0,0,0],"split_type":[0,0,0,0,0,0,0,0,0],"sum_hessian":[9E0,6E0,3E0,5E0,1E0,1E0,2E0,3E0,2E0],"tree_param":{"num_deleted":"0","num_feature":"2","num_nodes":"9","size_leaf_vector":"1"}},{"base_weights":[1.0342453E0,-3.641212E1,6.630682E1,-4.3665443E1,3.5539094E-1,2.0079377E0,7.502285E0,-5.148559E0,-1.8683432E0],"categories":[],"categories_nodes":[],"categories_segments":[],"categories_sizes":[],"default_left":[0,0,0,0,0,0,0,0,0],"id":9,"left_children":[1,3,5,7,-1,-1,-1,-1,-1],"loss_changes":[2.685658E4,2.1843896E3,1.0526758E2,2.1025E2,0E0,0E0,0E0,0E0,0E0],"parents":[2147483647,0,0,1,1,2,2,3,3],"right_children":[2,4,6,8,-1,-1,-1,-1,-1],"split_conditions":[8.019485E-1,6.0120165E-1,9.012717E-1,3.0080768E-1,3.5539094E-1,2.0079377E0,7.502285E0,-5.148559E0,-1.8683432E0],"split_indices":[0,0,0,0,0,0,0,0,0],"split_type":[0,0,0,0,0,0,0,0,0],"sum_hessian":[9E0,6E0,3E0,5E0,1E0,1E0,2E0,3E0,2E0],"tree_param":{"num_deleted":"0","num_feature":"2","num_nodes":"9","size_leaf_vector":"1"}},{"base_weights":[1.2156913E0,-3.3722553E1,6.2053696E1,-4.0468384E1,3.376213E-1,1.9075409E0,7.0021324E0,-5.255482E0,-2.128646E0],"categories":[],"categories_nodes":[],"categories_segments":[],"categories_sizes":[],"default_left":[0,0,0,0,0,0,0,0,0],"id":10,"left_children":[1,3,5,7,-1,-1,-1,-1,-1],"loss_changes":[2.3348338E4,1.8884639E3,3.4054688E1,2.7234082E2,0E0,0E0,0E0,0E0,0E0],"parents":[2147483647,0,0,1,1,2,2,3,3],"right_children":[2,4,6,8,-1,-1,-1,-1,-1],"split_conditions":[8.019485E-1,6.0120165E-1,9.012717E-1,2.0039903E-1,3.376213E-1,1.9075409E0,7.0021324E0,-5.255482E0,-2.128646E0],"split_indices":[0,0,0,0,0,0,0,0,0],"split_type":[0,0,0,0,0,0,0,0,0],"sum_hessian":[9E0,6E0,3E0,5E0,1E0,1E0,2E0,2E0,3E0],"tree_param":{"num_deleted":"0","num_feature":"2","num_nodes":"9","size_leaf_vector":"1"}},{"base_weights":[1.2804406E0,-3.135694E1,5.8075747E0,-3.765223E1,3.2074052E-1,-4.9051166E0,-1.9689974E0],"categories":[],"categories_nodes":[],"categories_segments":[],"categories_sizes":[],"default_left":[0,0,0,0,0,0,0],"id":11,"left_children":[1,3,-1,5,-1,-1,-1],"loss_changes":[2.0357578E4,1.6439141E3,0E0,2.626875E2,0E0,0E0,0E0],"parents":[2147483647,0,0,1,1,3,3],"right_children":[2,4,-1,6,-1,-1,-1],"split_conditions":[8.019485E-1,6.0120165E-1,5.8075747E0,2.0039903E-1,3.2074052E-1,-4.9051166E0,-1.9689974E0],"split_indices":[0,0,0,0,0,0,0],"split_type":[0,0,0,0,0,0,0],"sum_hessian":[9E0,6E0,3E0,5E0,1E0,2E0,3E0],"tree_param":{"num_deleted":"0","num_feature":"2","num_nodes":"7","size_leaf_vector":"1"}},{"base_weights":[1.0778115E0,-2.9157444E1,5.3720055E1,-3.8309476E0,-4.1849113E0,1.521785E0,6.148151E0,-9.324402E-1,3.0470353E-1],"categories":[],"categories_nodes":[],"categories_segments":[],"categories_sizes":[],"default_left":[0,0,0,0,0,0,0,0,0],"id":12,"left_children":[1,3,5,-1,7,-1,-1,-1,-1],"loss_changes":[1.7482855E4,1.4395244E3,2.5971582E2,0E0,1.3991736E2,0E0,0E0,0E0,0E0],"parents":[2147483647,0,0,1,1,2,2,4,4],"right_children":[2,4,6,-1,8,-1,-1,-1,-1],"split_conditions":[8.019485E-1,4.0045577E-1,9.012717E-1,-3.8309476E0,6.0120165E-1,1.521785E0,6.148151E0,-9.324402E-1,3.0470353E-1],"split_indices":[0,0,0,0,0,0,0,0,0],"split_type":[0,0,0,0,0,0,0,0,0],"sum_hessian":[9E0,6E0,3E0,4E0,2E0,1E0,2E0,1E0,1E0],"tree_param":{"num_deleted":"0","num_feature":"2","num_nodes":"9","size_leaf_vector":"1"}},{"base_weights":[1.2911522E0,-2.6878654E1,5.0265526E1,-4.3227124E0,-1.1693843E1,1.4456955E0,5.738273E0,-1.6064646E0,2.8946838E-1],"categories":[],"categories_nodes":[],"categories_segments":[],"categories_sizes":[],"default_left":[0,0,0,0,0,0,0,0,0],"id":13,"left_children":[1,3,5,-1,7,-1,-1,-1,-1],"loss_changes":[1.5147056E4,1.2322476E3,1.8984766E2,0E0,3.6531995E2,0E0,0E0,0E0,0E0],"parents":[2147483647,0,0,1,1,2,2,4,4],"right_children":[2,4,6,-1,8,-1,-1,-1,-1],"split_conditions":[8.019485E-1,2.0039903E-1,9.012717E-1,-4.3227124E0,6.0120165E-1,1.4456955E0,5.738273E0,-1.6064646E0,2.8946838E-1],"split_indices":[0,0,0,0,0,0,0,0,0],"split_type":[0,0,0,0,0,0,0,0,0],"sum_hessian":[9E0,6E0,3E0,2E0,4E0,1E0,2E0,3E0,1E0],"tree_param":{"num_deleted":"0","num_feature":"2","num_nodes":"9","size_leaf_vector":"1"}},{"base_weights":[1.3164604E0,-2.4996462E1,4.7034958E1,-4.034531E0,-1.0787859E1,1.3734101E0,5.355721E0,-1.4859797E0,2.7499467E-1],"categories":[],"categories_nodes":[],"categories_segments":[],"categories_sizes":[],"default_left":[0,0,0,0,0,0,0,0,0],"id":14,"left_children":[1,3,5,-1,7,-1,-1,-1,-1],"loss_changes":[1.3205579E4,1.0913608E3,1.3322559E2,0E0,3.1648914E2,0E0,0E0,0E0,0E0],"parents":[2147483647,0,0,1,1,2,2,4,4],"right_children":[2,4,6,-1,8,-1,-1,-1,-1],"split_conditions":[8.019485E-1,2.0039903E-1,9.012717E-1,-4.034531E0,6.0120165E-1,1.3734101E0,5.355721E0,-1.4859797E0,2.7499467E-1],"split_indices":[0,0,0,0,0,0,0,0,0],"split_type":[0,0,0,0,0,0,0,0,0],"sum_hessian":[9E0,6E0,3E0,2E0,4E0,1E0,2E0,3E0,1E0],"tree_param":{"num_deleted":"0","num_feature":"2","num_nodes":"9","size_leaf_vector":"1"}},{"base_weights":[1.3331764E0,-2.3246176E1,4.401375E1,-3.7655625E0,-9.951271E0,1.3047394E0,4.998674E0,-1.3745314E0,2.6124498E-1],"categories":[],"categories_nodes":[],"categories_segments":[],"categories_sizes":[],"default_left":[0,0,0,0,0,0,0,0,0],"id":15,"left_children":[1,3,5,-1,7,-1,-1,-1,-1],"loss_changes":[1.151376E4,9.6628467E2,8.7649414E1,0E0,2.7424542E2,0E0,0E0,0E0,0E0],"parents":[2147483647,0,0,1,1,2,2,4,4],"right_children":[2,4,6,-1,8,-1,-1,-1,-1],"split_conditions":[8.019485E-1,2.0039903E-1,9.012717E-1,-3.7655625E0,6.0120165E-1,1.3047394E0,4.998674E0,-1.3745314E0,2.6124498E-1],"split_indices":[0,0,0,0,0,0,0,0,0],"split_type":[0,0,0,0,0,0,0,0,0],"sum_hessian":[9E0,6E0,3E0,2E0,4E0,1E0,2E0,3E0,1E0],"tree_param":{"num_deleted":"0","num_feature":"2","num_nodes":"9","size_leaf_vector":"1"}},{"base_weights":[1.3423119E0,-2.1618536E1,4.1188217E1,-3.514525E0,-9.178801E0,1.239502E0,4.6654277E0,-1.2714415E0,2.4818268E-1],"categories":[],"categories_nodes":[],"categories_segments":[],"categories_sizes":[],"default_left":[0,0,0,0,0,0,0,0,0],"id":16,"left_children":[1,3,5,-1,7,-1,-1,-1,-1],"loss_changes":[1.0039387E4,8.552898E2,5.1260742E1,0E0,2.3769232E2,0E0,0E0,0E0,0E0],"parents":[2147483647,0,0,1,1,2,2,4,4],"right_children":[2,4,6,-1,8,-1,-1,-1,-1],"split_conditions":[8.019485E-1,2.0039903E-1,9.012717E-1,-3.514525E0,6.0120165E-1,1.239502E0,4.6654277E0,-1.2714415E0,2.4818268E-1],"split_indices":[0,0,0,0,0,0,0,0,0],"split_type":[0,0,0,0,0,0,0,0,0],"sum_hessian":[9E0,6E0,3E0,2E0,4E0,1E0,2E0,3E0,1E0],"tree_param":{"num_deleted":"0","num_feature":"2","num_nodes":"9","size_leaf_vector":"1"}},{"base_weights":[1.344793E0,-2.0104939E1,3.8545624E1,-2.939298E0,-5.790663E0,1.1775268E0,4.3543987E0,-9.292707E-1,2.3577347E-1],"categories":[],"categories_nodes":[],"categories_segments":[],"categories_sizes":[],"default_left":[0,0,0,0,0,0,0,0,0],"id":17,"left_children":[1,3,5,-1,7,-1,-1,-1,-1],"loss_changes":[8.754436E3,7.604563E2,2.2489746E1,0E0,1.3605392E2,0E0,0E0,0E0,0E0],"parents":[2147483647,0,0,1,1,2,2,4,4],"right_children":[2,4,6,-1,8,-1,-1,-1,-1],"split_conditions":[8.019485E-1,3.0080768E-1,9.012717E-1,-2.939298E0,6.0120165E-1,1.1775268E0,4.3543987E0,-9.292707E-1,2.3577347E-1],"split_indices":[0,0,0,0,0,0,0,0,0],"split_type":[0,0,0,0,0,0,0,0,0],"sum_hessian":[9E0,6E0,3E0,3E0,3E0,1E0,2E0,2E0,1E0],"tree_param":{"num_deleted":"0","num_feature":"2","num_nodes":"9","size_leaf_vector":"1"}},{"base_weights":[1.4002273E0,-1.8613415E1,3.6074043E1,-3.0842698E0,-7.5531616E0,1.1186508E0,4.0641055E0,-1.0561374E0,2.2398452E-1],"categories":[],"categories_nodes":[],"categories_segments":[],"categories_sizes":[],"default_left":[0,0,0,0,0,0,0,0,0],"id":18,"left_children":[1,3,5,-1,7,-1,-1,-1,-1],"loss_changes":[7.610954E3,7.1385254E2,1.5136719E-2,0E0,1.709531E2,0E0,0E0,0E0,0E0],"parents":[2147483647,0,0,1,1,2,2,4,4],"right_children":[2,4,6,-1,8,-1,-1,-1,-1],"split_conditions":[8.019485E-1,2.0039903E-1,9.012717E-1,-3.0842698E0,6.0120165E-1,1.1186508E0,4.0641055E0,-1.0561374E0,2.2398452E-1],"split_indices":[0,0,0,0,0,0,0,0,0],"split_type":[0,0,0,0,0,0,0,0,0],"sum_hessian":[9E0,6E0,3E0,2E0,4E0,1E0,2E0,3E0,1E0],"tree_param":{"num_deleted":"0","num_feature":"2","num_nodes":"9","size_leaf_vector":"1"}},{"base_weights":[1.3868347E0,-1.7311563E1,3.3762321E0,-3.402739E0,-8.85436E0,-1.1476374E0,2.1278535E-1],"categories":[],"categories_nodes":[],"categories_segments":[],"categories_sizes":[],"default_left":[0,0,0,0,0,0,0],"id":19,"left_children":[1,3,-1,-1,5,-1,-1],"loss_changes":[6.6381763E3,6.882932E2,0E0,0E0,1.9719315E2,0E0,0E0],"parents":[2147483647,0,0,1,1,4,4],"right_children":[2,4,-1,-1,6,-1,-1],"split_conditions":[8.019485E-1,1.00259006E-1,3.3762321E0,-3.402739E0,6.0120165E-1,-1.1476374E0,2.1278535E-1],"split_indices":[0,0,0,0,0,0,0],"split_type":[0,0,0,0,0,0,0],"sum_hessian":[9E0,6E0,3E0,1E0,5E0,4E0,1E0],"tree_param":{"num_deleted":"0","num_feature":"2","num_nodes":"7","size_leaf_vector":"1"}},{"base_weights":[1.1520195E0,-1.6200062E1,3.1230156E1,-3.232602E0,-8.124732E0,8.939072E-1,3.5680828E0,-1.0558263E0,2.0214616E-1],"categories":[],"categories_nodes":[],"categories_segments":[],"categories_sizes":[],"default_left":[0,0,0,0,0,0,0,0,0],"id":20,"left_children":[1,3,5,-1,7,-1,-1,-1,-1],"loss_changes":[5.725113E3,6.489169E2,7.7887695E1,0E0,1.694896E2,0E0,0E0,0E0,0E0],"parents":[2147483647,0,0,1,1,2,2,4,4],"right_children":[2,4,6,-1,8,-1,-1,-1,-1],"split_conditions":[8.019485E-1,1.00259006E-1,9.012717E-1,-3.232602E0,6.0120165E-1,8.939072E-1,3.5680828E0,-1.0558263E0,2.0214616E-1],"split_indices":[0,0,0,0,0,0,0,0,0],"split_type":[0,0,0,0,0,0,0,0,0],"sum_hessian":[9E0,6E0,3E0,1E0,5E0,1E0,2E0,4E0,1E0],"tree_param":{"num_deleted":"0","num_feature":"2","num_nodes":"9","size_leaf_vector":"1"}},{"base_weights":[1.0743862E0,-1.516381E1,2.9222633E1,-3.070972E0,-7.454539E0,8.4921116E-1,3.3302104E0,-9.713602E-1,1.9203873E-1],"categories":[],"categories_nodes":[],"categories_segments":[],"categories_sizes":[],"default_left":[0,0,0,0,0,0,0,0,0],"id":21,"left_children":[1,3,5,-1,7,-1,-1,-1,-1],"loss_changes":[5.013894E3,6.100067E2,5.54729E1,0E0,1.4572519E2,0E0,0E0,0E0,0E0],"parents":[2147483647,0,0,1,1,2,2,4,4],"right_children":[2,4,6,-1,8,-1,-1,-1,-1],"split_conditions":[8.019485E-1,1.00259006E-1,9.012717E-1,-3.070972E0,6.0120165E-1,8.4921116E-1,3.3302104E0,-9.713602E-1,1.9203873E-1],"split_indices":[0,0,0,0,0,0,0,0,0],"split_type":[0,0,0,0,0,0,0,0,0],"sum_hessian":[9E0,6E0,3E0,1E0,5E0,1E0,2E0,4E0,1E0],"tree_param":{"num_deleted":"0","num_feature":"2","num_nodes":"9","size_leaf_vector":"1"}},{"base_weights":[9.998627E-1,-1.4197471E1,2.734523E1,-2.9174232E0,-6.8389716E0,8.067505E-1,3.108197E0,-8.936514E-1,1.8243714E-1],"categories":[],"categories_nodes":[],"categories_segments":[],"categories_sizes":[],"default_left":[0,0,0,0,0,0,0,0,0],"id":22,"left_children":[1,3,5,-1,7,-1,-1,-1,-1],"loss_changes":[4.3920264E3,5.719237E2,3.7389404E1,0E0,1.2533392E2,0E0,0E0,0E0,0E0],"parents":[2147483647,0,0,1,1,2,2,4,4],"right_children":[2,4,6,-1,8,-1,-1,-1,-1],"split_conditions":[8.019485E-1,1.00259006E-1,9.012717E-1,-2.9174232E0,6.0120165E-1,8.067505E-1,3.108197E0,-8.936514E-1,1.8243714E-1],"split_indices":[0,0,0,0,0,0,0,0,0],"split_type":[0,0,0,0,0,0,0,0,0],"sum_hessian":[9E0,6E0,3E0,1E0,5E0,1E0,2E0,4E0,1E0],"tree_param":{"num_deleted":"0","num_feature":"2","num_nodes":"9","size_leaf_vector":"1"}},{"base_weights":[9.2850876E-1,-1.32961E1,2.5589447E1,-2.771552E0,-6.2736096E0,7.664124E-1,2.9009848E0,-8.221594E-1,1.7331544E-1],"categories":[],"categories_nodes":[],"categories_segments":[],"categories_sizes":[],"default_left":[0,0,0,0,0,0,0,0,0],"id":23,"left_children":[1,3,5,-1,7,-1,-1,-1,-1],"loss_changes":[3.8481619E3,5.349453E2,2.2911865E1,0E0,1.0783156E2,0E0,0E0,0E0,0E0],"parents":[2147483647,0,0,1,1,2,2,4,4],"right_children":[2,4,6,-1,8,-1,-1,-1,-1],"split_conditions":[8.019485E-1,1.00259006E-1,9.012717E-1,-2.771552E0,6.0120165E-1,7.664124E-1,2.9009848E0,-8.221594E-1,1.7331544E-1],"split_indices":[0,0,0,0,0,0,0,0,0],"split_type":[0,0,0,0,0,0,0,0,0],"sum_hessian":[9E0,6E0,3E0,1E0,5E0,1E0,2E0,4E0,1E0],"tree_param":{"num_deleted":"0","num_feature":"2","num_nodes":"9","size_leaf_vector":"1"}},{"base_weights":[8.6036074E-1,-1.2455117E1,2.3947357E1,-2.6329744E0,-5.754389E0,7.280914E-1,2.7075868E0,-7.563867E-1,1.6464996E-1],"categories":[],"categories_nodes":[],"categories_segments":[],"categories_sizes":[],"default_left":[0,0,0,0,0,0,0,0,0],"id":24,"left_children":[1,3,5,-1,7,-1,-1,-1,-1],"loss_changes":[3.3724111E3,4.9927917E2,1.142749E1,0E0,9.280437E1,0E0,0E0,0E0,0E0],"parents":[2147483647,0,0,1,1,2,2,4,4],"right_children":[2,4,6,-1,8,-1,-1,-1,-1],"split_conditions":[8.019485E-1,1.00259006E-1,9.012717E-1,-2.6329744E0,6.0120165E-1,7.280914E-1,2.7075868E0,-7.563867E-1,1.6464996E-1],"split_indices":[0,0,0,0,0,0,0,0,0],"split_type":[0,0,0,0,0,0,0,0,0],"sum_hessian":[9E0,6E0,3E0,1E0,5E0,1E0,2E0,4E0,1E0],"tree_param":{"num_deleted":"0","num_feature":"2","num_nodes":"9","size_leaf_vector":"1"}},{"base_weights":[7.9542387E-1,-1.1670278E1,2.2411545E1,-2.5013258E0,-5.2775707E0,6.9168705E-1,2.5270813E0,-6.9587564E-1,1.5641785E-1],"categories":[],"categories_nodes":[],"categories_segments":[],"categories_sizes":[],"default_left":[0,0,0,0,0,0,0,0,0],"id":25,"left_children":[1,3,5,-1,7,-1,-1,-1,-1],"loss_changes":[2.9561501E3,4.65075E2,2.4187012E0,0E0,7.9898224E1,0E0,0E0,0E0,0E0],"parents":[2147483647,0,0,1,1,2,2,4,4],"right_children":[2,4,6,-1,8,-1,-1,-1,-1],"split_conditions":[8.019485E-1,1.00259006E-1,9.012717E-1,-2.5013258E0,6.0120165E-1,6.9168705E-1,2.5270813E0,-6.9587564E-1,1.5641785E-1],"split_indices":[0,0,0,0,0,0,0,0,0],"split_type":[0,0,0,0,0,0,0,0,0],"sum_hessian":[9E0,6E0,3E0,1E0,5E0,1E0,2E0,4E0,1E0],"tree_param":{"num_deleted":"0","num_feature":"2","num_nodes":"9","size_leaf_vector":"1"}},{"base_weights":[7.3368376E-1,-1.0937646E1,2.0975091E0,-2.3762596E0,-4.839722E0,-6.402055E0,1.4859696E-1,-7.090158E-1,-1.8248215E-1],"categories":[],"categories_nodes":[],"categories_segments":[],"categories_sizes":[],"default_left":[0,0,0,0,0,0,0,0,0],"id":26,"left_children":[1,3,-1,-1,5,7,-1,-1,-1],"loss_changes":[2.5918596E3,4.324345E2,0E0,0E0,6.881026E1,2.8097534E0,0E0,0E0,0E0],"parents":[2147483647,0,0,1,1,4,4,5,5],"right_children":[2,4,-1,-1,6,8,-1,-1,-1],"split_conditions":[8.019485E-1,1.00259006E-1,2.0975091E0,-2.3762596E0,6.0120165E-1,4.0045577E-1,1.4859696E-1,-7.090158E-1,-1.8248215E-1],"split_indices":[0,0,0,0,0,0,0,0,0],"split_type":[0,0,0,0,0,0,0,0,0],"sum_hessian":[9E0,6E0,3E0,1E0,5E0,4E0,1E0,3E0,1E0],"tree_param":{"num_deleted":"0","num_feature":"2","num_nodes":"9","size_leaf_vector":"1"}},{"base_weights":[5.58152E-1,-1.0289475E1,1.9401962E1,-2.2574465E0,-4.4795666E0,8.671234E-1,2.5797074E0,-5.94015E0,1.4116745E-1,-6.558396E-1,-1.7335816E-1],"categories":[],"categories_nodes":[],"categories_segments":[],"categories_sizes":[],"default_left":[0,0,0,0,0,0,0,0,0,0,0],"id":27,"left_children":[1,3,5,-1,7,-1,-1,9,-1,-1,-1],"loss_changes":[2.2437424E3,3.984989E2,5.0804443E1,0E0,6.001345E1,0E0,0E0,1.6339569E0,0E0,0E0,0E0],"parents":[2147483647,0,0,1,1,2,2,4,4,7,7],"right_children":[2,4,6,-1,8,-1,-1,10,-1,-1,-1],"split_conditions":[8.019485E-1,1.00259006E-1,1E0,-2.2574465E0,6.0120165E-1,8.671234E-1,2.5797074E0,4.0045577E-1,1.4116745E-1,-6.558396E-1,-1.7335816E-1],"split_indices":[0,0,0,0,0,0,0,0,0,0,0],"split_type":[0,0,0,0,0,0,0,0,0,0,0],"sum_hessian":[9E0,6E0,3E0,1E0,5E0,2E0,1E0,4E0,1E0,3E0,1E0],"tree_param":{"num_deleted":"0","num_feature":"2","num_nodes":"11","size_leaf_vector":"1"}},{"base_weights":[5.524696E-1,-9.681313E0,1.8323471E1,-2.1445742E0,-4.146284E0,8.09315E-1,2.4507217E0,-5.511976E0,1.3410874E-1,-6.066518E-1,-1.646904E-1],"categories":[],"categories_nodes":[],"categories_segments":[],"categories_sizes":[],"default_left":[0,0,0,0,0,0,0,0,0,0,0],"id":28,"left_children":[1,3,5,-1,7,-1,-1,9,-1,-1,-1],"loss_changes":[1.9960408E3,3.6689502E2,5.4706177E1,0E0,5.235639E1,0E0,0E0,7.257538E-1,0E0,0E0,0E0],"parents":[2147483647,0,0,1,1,2,2,4,4,7,7],"right_children":[2,4,6,-1,8,-1,-1,10,-1,-1,-1],"split_conditions":[8.019485E-1,1.00259006E-1,1E0,-2.1445742E0,6.0120165E-1,8.09315E-1,2.4507217E0,4.0045577E-1,1.3410874E-1,-6.066518E-1,-1.646904E-1],"split_indices":[0,0,0,0,0,0,0,0,0,0,0],"split_type":[0,0,0,0,0,0,0,0,0,0,0],"sum_hessian":[9E0,6E0,3E0,1E0,5E0,2E0,1E0,4E0,1E0,3E0,1E0],"tree_param":{"num_deleted":"0","num_feature":"2","num_nodes":"11","size_leaf_vector":"1"}},{"base_weights":[5.450436E-1,-9.110583E0,1.730613E1,-2.0373456E0,-3.837862E0,7.553599E-1,2.328186E0,-5.1150475E0,1.2740326E-1,-5.6115294E-1,-1.56456E-1],"categories":[],"categories_nodes":[],"categories_segments":[],"categories_sizes":[],"default_left":[0,0,0,0,0,0,0,0,0,0,0],"id":29,"left_children":[1,3,5,-1,7,-1,-1,9,-1,-1,-1],"loss_changes":[1.7760569E3,3.3751135E2,5.7252197E1,0E0,4.5689766E1,0E0,0E0,3.4179688E-2,0E0,0E0,0E0],"parents":[2147483647,0,0,1,1,2,2,4,4,7,7],"right_children":[2,4,6,-1,8,-1,-1,10,-1,-1,-1],"split_conditions":[8.019485E-1,1.00259006E-1,1E0,-2.0373456E0,6.0120165E-1,7.553599E-1,2.328186E0,4.0045577E-1,1.2740326E-1,-5.6115294E-1,-1.56456E-1],"split_indices":[0,0,0,0,0,0,0,0,0,0,0],"split_type":[0,0,0,0,0,0,0,0,0,0,0],"sum_hessian":[9E0,6E0,3E0,1E0,5E0,2E0,1E0,4E0,1E0,3E0,1E0],"tree_param":{"num_deleted":"0","num_feature":"2","num_nodes":"11","size_leaf_vector":"1"}},{"base_weights":[5.3613585E-1,-8.57489E0,1.6346397E1,-1.9354782E0,-3.5524445E0,7.0500183E-1,2.2117767E0,-4.747064E-1,1.21032715E-1],"categories":[],"categories_nodes":[],"categories_segments":[],"categories_sizes":[],"default_left":[0,0,0,0,0,0,0,0,0],"id":30,"left_children":[1,3,5,-1,7,-1,-1,-1,-1],"loss_changes":[1.5806456E3,3.1023322E2,5.8680664E1,0E0,3.9883713E1,0E0,0E0,0E0,0E0],"parents":[2147483647,0,0,1,1,2,2,4,4],"right_children":[2,4,6,-1,8,-1,-1,-1,-1],"split_conditions":[8.019485E-1,1.00259006E-1,1E0,-1.9354782E0,6.0120165E-1,7.0500183E-1,2.2117767E0,-4.747064E-1,1.21032715E-1],"split_indices":[0,0,0,0,0,0,0,0,0],"split_type":[0,0,0,0,0,0,0,0,0],"sum_hessian":[9E0,6E0,3E0,1E0,5E0,2E0,1E0,4E0,1E0],"tree_param":{"num_deleted":"0","num_feature":"2","num_nodes":"9","size_leaf_vector":"1"}},{"base_weights":[5.4528314E-1,-8.044423E0,1.54409485E1,-1.8387043E0,-3.2561462E0,6.580017E-1,2.1011872E0,-4.3672996E0,1.1498108E-1,-4.834636E-1,-1.2489777E-1],"categories":[],"categories_nodes":[],"categories_segments":[],"categories_sizes":[],"default_left":[0,0,0,0,0,0,0,0,0,0,0],"id":31,"left_children":[1,3,5,-1,7,-1,-1,9,-1,-1,-1],"loss_changes":[1.4037074E3,2.867924E2,5.91958E1,0E0,3.4395733E1,0E0,0E0,1.248169E0,0E0,0E0,0E0],"parents":[2147483647,0,0,1,1,2,2,4,4,7,7],"right_children":[2,4,6,-1,8,-1,-1,10,-1,-1,-1],"split_conditions":[8.019485E-1,1.00259006E-1,1E0,-1.8387043E0,6.0120165E-1,6.580017E-1,2.1011872E0,4.0045577E-1,1.1498108E-1,-4.834636E-1,-1.2489777E-1],"split_indices":[0,0,0,0,0,0,0,0,0,0,0],"split_type":[0,0,0,0,0,0,0,0,0,0,0],"sum_hessian":[9E0,6E0,3E0,1E0,5E0,2E0,1E0,4E0,1E0,3E0,1E0],"tree_param":{"num_deleted":"0","num_feature":"2","num_nodes":"11","size_leaf_vector":"1"}},{"base_weights":[5.334675E-1,-7.573135E0,1.4586655E1,-1.7467692E0,-3.0127602E0,6.1413574E-1,1.9961274E0,-4.0522413E0,1.0923233E-1,-4.4720364E-1,-1.1865311E-1],"categories":[],"categories_nodes":[],"categories_segments":[],"categories_sizes":[],"default_left":[0,0,0,0,0,0,0,0,0,0,0],"id":32,"left_children":[1,3,5,-1,7,-1,-1,9,-1,-1,-1],"loss_changes":[1.2497028E3,2.6323422E2,5.897168E1,0E0,3.0029305E1,0E0,0E0,7.088394E-1,0E0,0E0,0E0],"parents":[2147483647,0,0,1,1,2,2,4,4,7,7],"right_children":[2,4,6,-1,8,-1,-1,10,-1,-1,-1],"split_conditions":[8.019485E-1,1.00259006E-1,1E0,-1.7467692E0,6.0120165E-1,6.1413574E-1,1.9961274E0,4.0045577E-1,1.0923233E-1,-4.4720364E-1,-1.1865311E-1],"split_indices":[0,0,0,0,0,0,0,0,0,0,0],"split_type":[0,0,0,0,0,0,0,0,0,0,0],"sum_hessian":[9E0,6E0,3E0,1E0,5E0,2E0,1E0,4E0,1E0,3E0,1E0],"tree_param":{"num_deleted":"0","num_feature":"2","num_nodes":"11","size_leaf_vector":"1"}},{"base_weights":[5.208076E-1,-7.1305923E0,1.3780556E1,-1.6594307E0,-2.7875888E0,5.731934E-1,1.8963212E0,-3.7601883E0,1.0377045E-1,-4.136633E-1,-1.1272049E-1],"categories":[],"categories_nodes":[],"categories_segments":[],"categories_sizes":[],"default_left":[0,0,0,0,0,0,0,0,0,0,0],"id":33,"left_children":[1,3,5,-1,7,-1,-1,9,-1,-1,-1],"loss_changes":[1.11282E3,2.4144852E2,5.8157043E1,0E0,2.6224842E1,0E0,0E0,2.930298E-1,0E0,0E0,0E0],"parents":[2147483647,0,0,1,1,2,2,4,4,7,7],"right_children":[2,4,6,-1,8,-1,-1,10,-1,-1,-1],"split_conditions":[8.019485E-1,1.00259006E-1,1E0,-1.6594307E0,6.0120165E-1,5.731934E-1,1.8963212E0,4.0045577E-1,1.0377045E-1,-4.136633E-1,-1.1272049E-1],"split_indices":[0,0,0,0,0,0,0,0,0,0,0],"split_type":[0,0,0,0,0,0,0,0,0,0,0],"sum_hessian":[9E0,6E0,3E0,1E0,5E0,2E0,1E0,4E0,1E0,3E0,1E0],"tree_param":{"num_deleted":"0","num_feature":"2","num_nodes":"11","size_leaf_vector":"1"}},{"base_weights":[5.074749E-1,-6.7149687E0,1.3019882E1,-1.5764592E0,-2.5792663E0,5.349813E-1,1.8015045E0,-3.4894463E-1,9.8581694E-2],"categories":[],"categories_nodes":[],"categories_segments":[],"categories_sizes":[],"default_left":[0,0,0,0,0,0,0,0,0],"id":34,"left_children":[1,3,5,-1,7,-1,-1,-1,-1],"loss_changes":[9.9112964E2,2.213248E2,5.6875854E1,0E0,2.290916E1,0E0,0E0,0E0,0E0],"parents":[2147483647,0,0,1,1,2,2,4,4],"right_children":[2,4,6,-1,8,-1,-1,-1,-1],"split_conditions":[8.019485E-1,1.00259006E-1,1E0,-1.5764592E0,6.0120165E-1,5.349813E-1,1.8015045E0,-3.4894463E-1,9.8581694E-2],"split_indices":[0,0,0,0,0,0,0,0,0],"split_type":[0,0,0,0,0,0,0,0,0],"sum_hessian":[9E0,6E0,3E0,1E0,5E0,2E0,1E0,4E0,1E0],"tree_param":{"num_deleted":"0","num_feature":"2","num_nodes":"9","size_leaf_vector":"1"}},{"base_weights":[5.076944E-1,-6.304446E0,1.2302017E1,-1.4976362E0,-2.363067E0,4.9931642E-1,1.7114289E0,-3.2102897E0,9.3652345E-2,-3.5646755E-1,-8.963738E-2],"categories":[],"categories_nodes":[],"categories_segments":[],"categories_sizes":[],"default_left":[0,0,0,0,0,0,0,0,0,0,0],"id":35,"left_children":[1,3,5,-1,7,-1,-1,9,-1,-1,-1],"loss_changes":[8.810033E2,2.0386499E2,5.5234253E1,0E0,1.9779446E1,0E0,0E0,9.0480804E-1,0E0,0E0,0E0],"parents":[2147483647,0,0,1,1,2,2,4,4,7,7],"right_children":[2,4,6,-1,8,-1,-1,10,-1,-1,-1],"split_conditions":[8.019485E-1,1.00259006E-1,1E0,-1.4976362E0,6.0120165E-1,4.9931642E-1,1.7114289E0,4.0045577E-1,9.3652345E-2,-3.5646755E-1,-8.963738E-2],"split_indices":[0,0,0,0,0,0,0,0,0,0,0],"split_type":[0,0,0,0,0,0,0,0,0,0,0],"sum_hessian":[9E0,6E0,3E0,1E0,5E0,2E0,1E0,4E0,1E0,3E0,1E0],"tree_param":{"num_deleted":"0","num_feature":"2","num_nodes":"11","size_leaf_vector":"1"}},{"base_weights":[4.929882E-1,-5.9383006E0,1.1624496E1,-1.4227543E0,-2.185503E0,4.6602783E-1,1.6258576E0,-2.9784813E0,8.8969424E-2,-3.2973242E-1,-8.515549E-2],"categories":[],"categories_nodes":[],"categories_segments":[],"categories_sizes":[],"default_left":[0,0,0,0,0,0,0,0,0,0,0],"id":36,"left_children":[1,3,5,-1,7,-1,-1,9,-1,-1,-1],"loss_changes":[7.849292E2,1.866606E2,5.3321472E1,0E0,1.7281324E1,0E0,0E0,5.829239E-1,0E0,0E0,0E0],"parents":[2147483647,0,0,1,1,2,2,4,4,7,7],"right_children":[2,4,6,-1,8,-1,-1,10,-1,-1,-1],"split_conditions":[8.019485E-1,1.00259006E-1,1E0,-1.4227543E0,6.0120165E-1,4.6602783E-1,1.6258576E0,4.0045577E-1,8.8969424E-2,-3.2973242E-1,-8.515549E-2],"split_indices":[0,0,0,0,0,0,0,0,0,0,0],"split_type":[0,0,0,0,0,0,0,0,0,0,0],"sum_hessian":[9E0,6E0,3E0,1E0,5E0,2E0,1E0,4E0,1E0,3E0,1E0],"tree_param":{"num_deleted":"0","num_feature":"2","num_nodes":"11","size_leaf_vector":"1"}},{"base_weights":[4.7801E-1,-5.5942807E0,1.0985016E1,-1.3516166E0,-2.021272E0,4.349589E-1,1.5445648E0,-2.7636094E0,8.452072E-2,-3.0500242E-1,-8.0897525E-2],"categories":[],"categories_nodes":[],"categories_segments":[],"categories_sizes":[],"default_left":[0,0,0,0,0,0,0,0,0,0,0],"id":37,"left_children":[1,3,5,-1,7,-1,-1,9,-1,-1,-1],"loss_changes":[6.994692E2,1.708149E2,5.12106E1,0E0,1.5103188E1,0E0,0E0,3.317871E-1,0E0,0E0,0E0],"parents":[2147483647,0,0,1,1,2,2,4,4,7,7],"right_children":[2,4,6,-1,8,-1,-1,10,-1,-1,-1],"split_conditions":[8.019485E-1,1.00259006E-1,1E0,-1.3516166E0,6.0120165E-1,4.349589E-1,1.5445648E0,4.0045577E-1,8.452072E-2,-3.0500242E-1,-8.0897525E-2],"split_indices":[0,0,0,0,0,0,0,0,0,0,0],"split_type":[0,0,0,0,0,0,0,0,0,0,0],"sum_hessian":[9E0,6E0,3E0,1E0,5E0,2E0,1E0,4E0,1E0,3E0,1E0],"tree_param":{"num_deleted":"0","num_feature":"2","num_nodes":"11","size_leaf_vector":"1"}},{"base_weights":[4.6286067E-1,-5.270995E0,1.0381393E1,-1.2840358E0,-1.8693752E0,4.059611E-1,1.467337E0,-2.5644295E0,8.02948E-2,-3.1350288E-1,-1.1390203E-1],"categories":[],"categories_nodes":[],"categories_segments":[],"categories_sizes":[],"default_left":[0,0,0,0,0,0,0,0,0,0,0],"id":38,"left_children":[1,3,5,-1,7,-1,-1,9,-1,-1,-1],"loss_changes":[6.2343463E2,1.5623322E2,4.8963593E1,0E0,1.3203562E1,0E0,0E0,4.9582672E-1,0E0,0E0,0E0],"parents":[2147483647,0,0,1,1,2,2,4,4,7,7],"right_children":[2,4,6,-1,8,-1,-1,10,-1,-1,-1],"split_conditions":[8.019485E-1,1.00259006E-1,1E0,-1.2840358E0,6.0120165E-1,4.059611E-1,1.467337E0,3.0080768E-1,8.02948E-2,-3.1350288E-1,-1.1390203E-1],"split_indices":[0,0,0,0,0,0,0,0,0,0,0],"split_type":[0,0,0,0,0,0,0,0,0,0,0],"sum_hessian":[9E0,6E0,3E0,1E0,5E0,2E0,1E0,4E0,1E0,2E0,2E0],"tree_param":{"num_deleted":"0","num_feature":"2","num_nodes":"11","size_leaf_vector":"1"}},{"base_weights":[4.407856E-1,-4.9769173E0,9.811569E0,-1.219834E0,-1.7402903E0,3.788961E-1,1.3939698E0,-2.3934693E0,7.6280214E-2,-2.926028E-1,-1.0630875E-1],"categories":[],"categories_nodes":[],"categories_segments":[],"categories_sizes":[],"default_left":[0,0,0,0,0,0,0,0,0,0,0],"id":39,"left_children":[1,3,5,-1,7,-1,-1,9,-1,-1,-1],"loss_changes":[5.565126E2,1.4238269E2,4.663141E1,0E0,1.1635546E1,0E0,0E0,4.3190956E-1,0E0,0E0,0E0],"parents":[2147483647,0,0,1,1,2,2,4,4,7,7],"right_children":[2,4,6,-1,8,-1,-1,10,-1,-1,-1],"split_conditions":[8.019485E-1,1.00259006E-1,1E0,-1.219834E0,6.0120165E-1,3.788961E-1,1.3939698E0,3.0080768E-1,7.6280214E-2,-2.926028E-1,-1.0630875E-1],"split_indices":[0,0,0,0,0,0,0,0,0,0,0],"split_type":[0,0,0,0,0,0,0,0,0,0,0],"sum_hessian":[9E0,6E0,3E0,1E0,5E0,2E0,1E0,4E0,1E0,2E0,2E0],"tree_param":{"num_deleted":"0","num_feature":"2","num_nodes":"11","size_leaf_vector":"1"}},{"base_weights":[4.1974372E-1,-4.699578E0,9.273621E0,-1.1588423E0,-1.6200333E0,3.5363567E-1,1.3242706E0,-2.233905E0,7.246628E-2,-2.7309597E-1,-9.922155E-2],"categories":[],"categories_nodes":[],"categories_segments":[],"categories_sizes":[],"default_left":[0,0,0,0,0,0,0,0,0,0,0],"id":40,"left_children":[1,3,5,-1,7,-1,-1,9,-1,-1,-1],"loss_changes":[4.968405E2,1.2972792E2,4.425583E1,0E0,1.0254884E1,0E0,0E0,3.7623596E-1,0E0,0E0,0E0],"parents":[2147483647,0,0,1,1,2,2,4,4,7,7],"right_children":[2,4,6,-1,8,-1,-1,10,-1,-1,-1],"split_conditions":[8.019485E-1,1.00259006E-1,1E0,-1.1588423E0,6.0120165E-1,3.5363567E-1,1.3242706E0,3.0080768E-1,7.246628E-2,-2.7309597E-1,-9.922155E-2],"split_indices":[0,0,0,0,0,0,0,0,0,0,0],"split_type":[0,0,0,0,0,0,0,0,0,0,0],"sum_hessian":[9E0,6E0,3E0,1E0,5E0,2E0,1E0,4E0,1E0,2E0,2E0],"tree_param":{"num_deleted":"0","num_feature":"2","num_nodes":"11","size_leaf_vector":"1"}},{"base_weights":[3.996889E-1,-4.4380054E0,8.765732E0,-1.1009002E0,-1.5080057E0,3.3005983E-1,1.2580566E0,-2.0849793E0,6.884308E-2,-2.548897E-1,-9.2606865E-2],"categories":[],"categories_nodes":[],"categories_segments":[],"categories_sizes":[],"default_left":[0,0,0,0,0,0,0,0,0,0,0],"id":41,"left_children":[1,3,5,-1,7,-1,-1,9,-1,-1,-1],"loss_changes":[4.4362595E2,1.18169495E2,4.187094E1,0E0,9.039077E0,0E0,0E0,3.2774353E-1,0E0,0E0,0E0],"parents":[2147483647,0,0,1,1,2,2,4,4,7,7],"right_children":[2,4,6,-1,8,-1,-1,10,-1,-1,-1],"split_conditions":[8.019485E-1,1.00259006E-1,1E0,-1.1009002E0,6.0120165E-1,3.3005983E-1,1.2580566E0,3.0080768E-1,6.884308E-2,-2.548897E-1,-9.2606865E-2],"split_indices":[0,0,0,0,0,0,0,0,0,0,0],"split_type":[0,0,0,0,0,0,0,0,0,0,0],"sum_hessian":[9E0,6E0,3E0,1E0,5E0,2E0,1E0,4E0,1E0,2E0,2E0],"tree_param":{"num_deleted":"0","num_feature":"2","num_nodes":"11","size_leaf_vector":"1"}},{"base_weights":[3.8057822E-1,-3.3350568E0,1.0162079E0,-8.684353E0,-1.0456594E-1,-1.0458552E0,-2.567978E-1,-1.1484871E-1,1.3221842E-1],"categories":[],"categories_nodes":[],"categories_segments":[],"categories_sizes":[],"default_left":[0,0,0,0,0,0,0,0,0],"id":42,"left_children":[1,3,-1,5,7,-1,-1,-1,-1],"loss_changes":[3.97336E2,1.3733871E2,0E0,5.6976624E0,1.0455E1,0E0,0E0,0E0,0E0],"parents":[2147483647,0,0,1,1,3,3,4,4],"right_children":[2,4,-1,6,8,-1,-1,-1,-1],"split_conditions":[9.012717E-1,2.0039903E-1,1.0162079E0,1.00259006E-1,6.0120165E-1,-1.0458552E0,-2.567978E-1,-1.1484871E-1,1.3221842E-1],"split_indices":[0,0,0,0,0,0,0,0,0],"split_type":[0,0,0,0,0,0,0,0,0],"sum_hessian":[9E0,7E0,2E0,2E0,5E0,1E0,1E0,3E0,2E0],"tree_param":{"num_deleted":"0","num_feature":"2","num_nodes":"9","size_leaf_vector":"1"}},{"base_weights":[3.1561106E-1,-3.9748604E0,7.7450333E0,-9.935624E-1,-1.3254623E0,2.697754E-1,1.1443436E0,-1.8257141E0,5.8789827E-2,-2.2550888E-1,-7.877681E-2],"categories":[],"categories_nodes":[],"categories_segments":[],"categories_sizes":[],"default_left":[0,0,0,0,0,0,0,0,0,0,0],"id":43,"left_children":[1,3,5,-1,7,-1,-1,9,-1,-1,-1],"loss_changes":[3.4954266E2,9.737776E1,4.3795914E1,0E0,6.816306E0,0E0,0E0,4.518509E-1,0E0,0E0,0E0],"parents":[2147483647,0,0,1,1,2,2,4,4,7,7],"right_children":[2,4,6,-1,8,-1,-1,10,-1,-1,-1],"split_conditions":[8.019485E-1,1.00259006E-1,1E0,-9.935624E-1,6.0120165E-1,2.697754E-1,1.1443436E0,3.0080768E-1,5.8789827E-2,-2.2550888E-1,-7.877681E-2],"split_indices":[0,0,0,0,0,0,0,0,0,0,0],"split_type":[0,0,0,0,0,0,0,0,0,0,0],"sum_hessian":[9E0,6E0,3E0,1E0,5E0,2E0,1E0,4E0,1E0,2E0,2E0],"tree_param":{"num_deleted":"0","num_feature":"2","num_nodes":"11","size_leaf_vector":"1"}},{"base_weights":[3.0155486E-1,-3.0030193E0,9.013234E0,-7.843778E0,-8.213679E-2,2.6485902E-1,1.0871261E0,-9.438843E-1,-2.3268242E-1,-9.66589E-2,1.1245117E-1],"categories":[],"categories_nodes":[],"categories_segments":[],"categories_sizes":[],"default_left":[0,0,0,0,0,0,0,0,0,0,0],"id":44,"left_children":[1,3,5,7,9,-1,-1,-1,-1,-1,-1],"loss_changes":[3.1495084E2,1.1247005E2,6.6835175E0,4.437149E0,7.4902782E0,0E0,0E0,0E0,0E0,0E0,0E0],"parents":[2147483647,0,0,1,1,2,2,3,3,4,4],"right_children":[2,4,6,8,10,-1,-1,-1,-1,-1,-1],"split_conditions":[9.012717E-1,2.0039903E-1,1E0,1.00259006E-1,6.0120165E-1,2.6485902E-1,1.0871261E0,-9.438843E-1,-2.3268242E-1,-9.66589E-2,1.1245117E-1],"split_indices":[0,0,0,0,0,0,0,0,0,0,0],"split_type":[0,0,0,0,0,0,0,0,0,0,0],"sum_hessian":[9E0,7E0,2E0,2E0,5E0,1E0,1E0,1E0,1E0,3E0,2E0],"tree_param":{"num_deleted":"0","num_feature":"2","num_nodes":"11","size_leaf_vector":"1"}},{"base_weights":[2.90518E-1,-2.8478167E0,8.562572E0,-7.4515896E0,-7.129415E-2,2.516159E-1,1.0327698E0,-8.966901E-1,-2.2104836E-1,-8.940964E-2,1.0495402E-1],"categories":[],"categories_nodes":[],"categories_segments":[],"categories_sizes":[],"default_left":[0,0,0,0,0,0,0,0,0,0,0],"id":45,"left_children":[1,3,5,7,9,-1,-1,-1,-1,-1,-1],"loss_changes":[2.8398938E2,1.0172859E2,6.031906E0,4.004532E0,6.4717402E0,0E0,0E0,0E0,0E0,0E0,0E0],"parents":[2147483647,0,0,1,1,2,2,3,3,4,4],"right_children":[2,4,6,8,10,-1,-1,-1,-1,-1,-1],"split_conditions":[9.012717E-1,2.0039903E-1,1E0,1.00259006E-1,6.0120165E-1,2.516159E-1,1.0327698E0,-8.966901E-1,-2.2104836E-1,-8.940964E-2,1.0495402E-1],"split_indices":[0,0,0,0,0,0,0,0,0,0,0],"split_type":[0,0,0,0,0,0,0,0,0,0,0],"sum_hessian":[9E0,7E0,2E0,2E0,5E0,1E0,1E0,1E0,1E0,3E0,2E0],"tree_param":{"num_deleted":"0","num_feature":"2","num_nodes":"11","size_leaf_vector":"1"}},{"base_weights":[2.7968502E-1,-2.7008088E0,8.13444E0,-7.0790105E0,-6.157303E-2,2.3903504E-1,9.81131E-1,-8.518556E-1,-2.0999603E-1,-8.270397E-2,9.795736E-2],"categories":[],"categories_nodes":[],"categories_segments":[],"categories_sizes":[],"default_left":[0,0,0,0,0,0,0,0,0,0,0],"id":46,"left_children":[1,3,5,7,9,-1,-1,-1,-1,-1,-1],"loss_changes":[2.5608005E2,9.200498E1,5.443817E0,3.6140747E0,5.5919247E0,0E0,0E0,0E0,0E0,0E0,0E0],"parents":[2147483647,0,0,1,1,2,2,3,3,4,4],"right_children":[2,4,6,8,10,-1,-1,-1,-1,-1,-1],"split_conditions":[9.012717E-1,2.0039903E-1,1E0,1.00259006E-1,6.0120165E-1,2.3903504E-1,9.81131E-1,-8.518556E-1,-2.0999603E-1,-8.270397E-2,9.795736E-2],"split_indices":[0,0,0,0,0,0,0,0,0,0,0],"split_type":[0,0,0,0,0,0,0,0,0,0,0],"sum_hessian":[9E0,7E0,2E0,2E0,5E0,1E0,1E0,1E0,1E0,3E0,2E0],"tree_param":{"num_deleted":"0","num_feature":"2","num_nodes":"11","size_leaf_vector":"1"}},{"base_weights":[2.6907024E-1,-2.5615542E0,7.727712E0,-6.72506E0,-5.287552E-2,2.2708283E-1,9.32074E-1,-8.0926275E-1,-1.9949627E-1,-7.650127E-2,9.1426596E-2],"categories":[],"categories_nodes":[],"categories_segments":[],"categories_sizes":[],"default_left":[0,0,0,0,0,0,0,0,0,0,0],"id":47,"left_children":[1,3,5,7,9,-1,-1,-1,-1,-1,-1],"loss_changes":[2.3092108E2,8.32036E1,4.9131165E0,3.2616882E0,4.8318496E0,0E0,0E0,0E0,0E0,0E0,0E0],"parents":[2147483647,0,0,1,1,2,2,3,3,4,4],"right_children":[2,4,6,8,10,-1,-1,-1,-1,-1,-1],"split_conditions":[9.012717E-1,2.0039903E-1,1E0,1.00259006E-1,6.0120165E-1,2.2708283E-1,9.32074E-1,-8.0926275E-1,-1.9949627E-1,-7.650127E-2,9.1426596E-2],"split_indices":[0,0,0,0,0,0,0,0,0,0,0],"split_type":[0,0,0,0,0,0,0,0,0,0,0],"sum_hessian":[9E0,7E0,2E0,2E0,5E0,1E0,1E0,1E0,1E0,3E0,2E0],"tree_param":{"num_deleted":"0","num_feature":"2","num_nodes":"11","size_leaf_vector":"1"}},{"base_weights":[2.5869521E-1,-2.4296293E0,7.341329E0,-6.388807E0,-4.5102436E-2,2.1572876E-1,8.8547057E-1,-7.687996E-1,-1.8952142E-1,-7.076378E-2,8.5331224E-2],"categories":[],"categories_nodes":[],"categories_segments":[],"categories_sizes":[],"default_left":[0,0,0,0,0,0,0,0,0,0,0],"id":48,"left_children":[1,3,5,7,9,-1,-1,-1,-1,-1,-1],"loss_changes":[2.0824089E2,7.5237976E1,4.434082E0,2.9436798E0,4.175225E0,0E0,0E0,0E0,0E0,0E0,0E0],"parents":[2147483647,0,0,1,1,2,2,3,3,4,4],"right_children":[2,4,6,8,10,-1,-1,-1,-1,-1,-1],"split_conditions":[9.012717E-1,2.0039903E-1,1E0,1.00259006E-1,6.0120165E-1,2.1572876E-1,8.8547057E-1,-7.687996E-1,-1.8952142E-1,-7.076378E-2,8.5331224E-2],"split_indices":[0,0,0,0,0,0,0,0,0,0,0],"split_type":[0,0,0,0,0,0,0,0,0,0,0],"sum_hessian":[9E0,7E0,2E0,2E0,5E0,1E0,1E0,1E0,1E0,3E0,2E0],"tree_param":{"num_deleted":"0","num_feature":"2","num_nodes":"11","size_leaf_vector":"1"}},{"base_weights":[2.4857111E-1,-2.304635E0,6.9742637E0,-6.069366E0,-3.81635E-2,2.0494233E-1,8.411972E-1,-7.303596E-1,-1.8004532E-1,-6.5456584E-2,7.964274E-2],"categories":[],"categories_nodes":[],"categories_segments":[],"categories_sizes":[],"default_left":[0,0,0,0,0,0,0,0,0,0,0],"id":49,"left_children":[1,3,5,7,9,-1,-1,-1,-1,-1,-1],"loss_changes":[1.8779391E2,6.802962E1,4.00177E0,2.6566696E0,3.6079767E0,0E0,0E0,0E0,0E0,0E0,0E0],"parents":[2147483647,0,0,1,1,2,2,3,3,4,4],"right_children":[2,4,6,8,10,-1,-1,-1,-1,-1,-1],"split_conditions":[9.012717E-1,2.0039903E-1,1E0,1.00259006E-1,6.0120165E-1,2.0494233E-1,8.411972E-1,-7.303596E-1,-1.8004532E-1,-6.5456584E-2,7.964274E-2],"split_indices":[0,0,0,0,0,0,0,0,0,0,0],"split_type":[0,0,0,0,0,0,0,0,0,0,0],"sum_hessian":[9E0,7E0,2E0,2E0,5E0,1E0,1E0,1E0,1E0,3E0,2E0],"tree_param":{"num_deleted":"0","num_feature":"2","num_nodes":"11","size_leaf_vector":"1"}},{"base_weights":[2.3870687E-1,-2.1861973E0,6.6255493E0,-5.7658973E0,-3.198115E-2,1.9469452E-1,7.991379E-1,-6.9384164E-1,-1.7104302E-1,-6.0547065E-2,7.433319E-2],"categories":[],"categories_nodes":[],"categories_segments":[],"categories_sizes":[],"default_left":[0,0,0,0,0,0,0,0,0,0,0],"id":50,"left_children":[1,3,5,7,9,-1,-1,-1,-1,-1,-1],"loss_changes":[1.6935957E2,6.150718E1,3.61174E0,2.3976593E0,3.1178691E0,0E0,0E0,0E0,0E0,0E0,0E0],"parents":[2147483647,0,0,1,1,2,2,3,3,4,4],"right_children":[2,4,6,8,10,-1,-1,-1,-1,-1,-1],"split_conditions":[9.012717E-1,2.0039903E-1,1E0,1.00259006E-1,6.0120165E-1,1.9469452E-1,7.991379E-1,-6.9384164E-1,-1.7104302E-1,-6.0547065E-2,7.433319E-2],"split_indices":[0,0,0,0,0,0,0,0,0,0,0],"split_type":[0,0,0,0,0,0,0,0,0,0,0],"sum_hessian":[9E0,7E0,2E0,2E0,5E0,1E0,1E0,1E0,1E0,3E0,2E0],"tree_param":{"num_deleted":"0","num_feature":"2","num_nodes":"11","size_leaf_vector":"1"}},{"base_weights":[2.2910929E-1,-2.073965E0,6.294271E0,-5.4776025E0,-2.6485443E-2,1.8495941E-1,7.591812E-1,-6.591495E-1,-1.6249084E-1,-5.600605E-2,6.9377646E-2],"categories":[],"categories_nodes":[],"categories_segments":[],"categories_sizes":[],"default_left":[0,0,0,0,0,0,0,0,0,0,0],"id":51,"left_children":[1,3,5,7,9,-1,-1,-1,-1,-1,-1],"loss_changes":[1.5273927E2,5.560595E1,3.2596817E0,2.163887E0,2.6944396E0,0E0,0E0,0E0,0E0,0E0,0E0],"parents":[2147483647,0,0,1,1,2,2,3,3,4,4],"right_children":[2,4,6,8,10,-1,-1,-1,-1,-1,-1],"split_conditions":[9.012717E-1,2.0039903E-1,1E0,1.00259006E-1,6.0120165E-1,1.8495941E-1,7.591812E-1,-6.591495E-1,-1.6249084E-1,-5.600605E-2,6.9377646E-2],"split_indices":[0,0,0,0,0,0,0,0,0,0,0],"split_type":[0,0,0,0,0,0,0,0,0,0,0],"sum_hessian":[9E0,7E0,2E0,2E0,5E0,1E0,1E0,1E0,1E0,3E0,2E0],"tree_param":{"num_deleted":"0","num_feature":"2","num_nodes":"11","size_leaf_vector":"1"}},{"base_weights":[2.197854E-1,-1.9676007E0,5.979553E0,-5.2037225E0,-2.1606445E-2,1.7571107E-1,7.212219E-1,-6.2619203E-1,-1.543663E-1,-5.1805496E-2,6.4752704E-1,2.0076752E-2,7.705231E-2],"categories":[],"categories_nodes":[],"categories_segments":[],"categories_sizes":[],"default_left":[0,0,0,0,0,0,0,0,0,0,0,0,0],"id":52,"left_children":[1,3,5,7,9,-1,-1,-1,-1,-1,11,-1,-1],"loss_changes":[1.3775372E2,5.0267357E1,2.9419174E0,1.9529114E0,2.3285966E0,0E0,0E0,0E0,0E0,0E0,1.0152936E-2,0E0,0E0],"parents":[2147483647,0,0,1,1,2,2,3,3,4,4,10,10],"right_children":[2,4,6,8,10,-1,-1,-1,-1,-1,12,-1,-1],"split_conditions":[9.012717E-1,2.0039903E-1,1E0,1.00259006E-1,6.0120165E-1,1.7571107E-1,7.212219E-1,-6.2619203E-1,-1.543663E-1,-5.1805496E-2,8.019485E-1,2.0076752E-2,7.705231E-2],"split_indices":[0,0,0,0,0,0,0,0,0,0,0,0,0],"split_type":[0,0,0,0,0,0,0,0,0,0,0,0,0],"sum_hessian":[9E0,7E0,2E0,2E0,5E0,1E0,1E0,1E0,1E0,3E0,2E0,1E0,1E0],"tree_param":{"num_deleted":"0","num_feature":"2","num_nodes":"13","size_leaf_vector":"1"}},{"base_weights":[2.1397428E-1,-1.8627468E0,5.6805725E0,-4.9435363E0,-1.1894226E-2,1.6692506E-1,6.851608E-1,-5.948824E-1,-1.4664803E-1,-4.7920227E-1,6.151479E-1,-5.4508466E-2,-1.4077759E-2,1.9072725E-2,7.3199466E-2],"categories":[],"categories_nodes":[],"categories_segments":[],"categories_sizes":[],"default_left":[0,0,0,0,0,0,0,0,0,0,0,0,0,0,0],"id":53,"left_children":[1,3,5,7,9,-1,-1,-1,-1,11,13,-1,-1,-1,-1],"loss_changes":[1.2410747E2,4.55579E1,2.6551514E0,1.762497E0,2.0529113E0,0E0,0E0,0E0,0E0,1.2449145E-2,9.165168E-3,0E0,0E0,0E0,0E0],"parents":[2147483647,0,0,1,1,2,2,3,3,4,4,9,9,10,10],"right_children":[2,4,6,8,10,-1,-1,-1,-1,12,14,-1,-1,-1,-1],"split_conditions":[9.012717E-1,2.0039903E-1,1E0,1.00259006E-1,6.0120165E-1,1.6692506E-1,6.851608E-1,-5.948824E-1,-1.4664803E-1,4.0045577E-1,8.019485E-1,-5.4508466E-2,-1.4077759E-2,1.9072725E-2,7.3199466E-2],"split_indices":[0,0,0,0,0,0,0,0,0,0,0,0,0,0,0],"split_type":[0,0,0,0,0,0,0,0,0,0,0,0,0,0,0],"sum_hessian":[9E0,7E0,2E0,2E0,5E0,1E0,1E0,1E0,1E0,3E0,2E0,2E0,1E0,1E0,1E0],"tree_param":{"num_deleted":"0","num_feature":"2","num_nodes":"15","size_leaf_vector":"1"}},{"base_weights":[2.0600072E-1,-1.7662036E0,5.3965454E0,-4.6963596E0,-6.758372E-3,1.585785E-1,6.5090334E-1,-5.6513834E-1,-1.393156E-1,-4.484272E-1,5.8438617E-1,-5.087433E-2,-1.3373948E-2,1.811905E-2,6.9538884E-2],"categories":[],"categories_nodes":[],"categories_segments":[],"categories_sizes":[],"default_left":[0,0,0,0,0,0,0,0,0,0,0,0,0,0,0],"id":54,"left_children":[1,3,5,7,9,-1,-1,-1,-1,11,13,-1,-1,-1,-1],"loss_changes":[1.1189954E2,4.1211853E1,2.396347E0,1.5906601E0,1.8285955E0,0E0,0E0,0E0,0E0,7.883906E-3,8.269429E-3,0E0,0E0,0E0,0E0],"parents":[2147483647,0,0,1,1,2,2,3,3,4,4,9,9,10,10],"right_children":[2,4,6,8,10,-1,-1,-1,-1,12,14,-1,-1,-1,-1],"split_conditions":[9.012717E-1,2.0039903E-1,1E0,1.00259006E-1,6.0120165E-1,1.585785E-1,6.5090334E-1,-5.6513834E-1,-1.393156E-1,4.0045577E-1,8.019485E-1,-5.087433E-2,-1.3373948E-2,1.811905E-2,6.9538884E-2],"split_indices":[0,0,0,0,0,0,0,0,0,0,0,0,0,0,0],"split_type":[0,0,0,0,0,0,0,0,0,0,0,0,0,0,0],"sum_hessian":[9E0,7E0,2E0,2E0,5E0,1E0,1E0,1E0,1E0,3E0,2E0,2E0,1E0,1E0,1E0],"tree_param":{"num_deleted":"0","num_feature":"2","num_nodes":"15","size_leaf_vector":"1"}},{"base_weights":[1.982441E-1,-1.6747146E0,5.126719E0,-4.4615417E0,-2.1820068E-3,1.5065002E-1,6.1835784E-1,-5.3688145E-1,-1.3234977E-1,-4.1964722E-1,5.551656E-1,-4.748281E-2,-1.2705231E-2,1.721344E-2,6.60614E-2],"categories":[],"categories_nodes":[],"categories_segments":[],"categories_sizes":[],"default_left":[0,0,0,0,0,0,0,0,0,0,0,0,0,0,0],"id":55,"left_children":[1,3,5,7,9,-1,-1,-1,-1,11,13,-1,-1,-1,-1],"loss_changes":[1.0089409E2,3.7278736E1,2.1626282E0,1.4355698E0,1.6290131E0,0E0,0E0,0E0,0E0,4.2545795E-3,7.455647E-3,0E0,0E0,0E0,0E0],"parents":[2147483647,0,0,1,1,2,2,3,3,4,4,9,9,10,10],"right_children":[2,4,6,8,10,-1,-1,-1,-1,12,14,-1,-1,-1,-1],"split_conditions":[9.012717E-1,2.0039903E-1,1E0,1.00259006E-1,6.0120165E-1,1.5065002E-1,6.1835784E-1,-5.3688145E-1,-1.3234977E-1,4.0045577E-1,8.019485E-1,-4.748281E-2,-1.2705231E-2,1.721344E-2,6.60614E-2],"split_indices":[0,0,0,0,0,0,0,0,0,0,0,0,0,0,0],"split_type":[0,0,0,0,0,0,0,0,0,0,0,0,0,0,0],"sum_hessian":[9E0,7E0,2E0,2E0,5E0,1E0,1E0,1E0,1E0,3E0,2E0,2E0,1E0,1E0,1E0],"tree_param":{"num_deleted":"0","num_feature":"2","num_nodes":"15","size_leaf_vector":"1"}},{"base_weights":[1.9070825E-1,-1.5880116E0,4.870392E0,-4.238464E0,1.8831888E-3,1.4311829E-1,5.874405E-1,-5.1003736E-1,-1.2573223E-1,-3.927288E-1,5.274048E-1,-4.431712E-2,-1.2070084E-2,1.6352845E-2,6.275787E-2],"categories":[],"categories_nodes":[],"categories_segments":[],"categories_sizes":[],"default_left":[0,0,0,0,0,0,0,0,0,0,0,0,0,0,0],"id":56,"left_children":[1,3,5,7,9,-1,-1,-1,-1,11,13,-1,-1,-1,-1],"loss_changes":[9.09727E1,3.371951E1,1.951683E0,1.2956123E0,1.4513898E0,0E0,0E0,0E0,0E0,1.3958216E-3,6.7258477E-3,0E0,0E0,0E0,0E0],"parents":[2147483647,0,0,1,1,2,2,3,3,4,4,9,9,10,10],"right_children":[2,4,6,8,10,-1,-1,-1,-1,12,14,-1,-1,-1,-1],"split_conditions":[9.012717E-1,2.0039903E-1,1E0,1.00259006E-1,6.0120165E-1,1.4311829E-1,5.874405E-1,-5.1003736E-1,-1.2573223E-1,4.0045577E-1,8.019485E-1,-4.431712E-2,-1.2070084E-2,1.6352845E-2,6.275787E-2],"split_indices":[0,0,0,0,0,0,0,0,0,0,0,0,0,0,0],"split_type":[0,0,0,0,0,0,0,0,0,0,0,0,0,0,0],"sum_hessian":[9E0,7E0,2E0,2E0,5E0,1E0,1E0,1E0,1E0,3E0,2E0,2E0,1E0,1E0,1E0],"tree_param":{"num_deleted":"0","num_feature":"2","num_nodes":"15","size_leaf_vector":"1"}},{"base_weights":[1.8338986E-1,-1.5058396E0,4.6268716E0,-4.0265408E0,5.484263E-3,1.3596192E-1,5.580689E-1,-4.8453552E-1,-1.19445615E-1,-3.675518E-2,5.010376E-1,1.5534974E-2,5.9620667E-2],"categories":[],"categories_nodes":[],"categories_segments":[],"categories_sizes":[],"default_left":[0,0,0,0,0,0,0,0,0,0,0,0,0],"id":57,"left_children":[1,3,5,7,9,-1,-1,-1,-1,-1,11,-1,-1],"loss_changes":[8.202792E1,3.0498844E1,1.761467E0,1.1692924E0,1.2933129E0,0E0,0E0,0E0,0E0,0E0,6.0757995E-3,0E0,0E0],"parents":[2147483647,0,0,1,1,2,2,3,3,4,4,10,10],"right_children":[2,4,6,8,10,-1,-1,-1,-1,-1,12,-1,-1],"split_conditions":[9.012717E-1,2.0039903E-1,1E0,1.00259006E-1,6.0120165E-1,1.3596192E-1,5.580689E-1,-4.8453552E-1,-1.19445615E-1,-3.675518E-2,8.019485E-1,1.5534974E-2,5.9620667E-2],"split_indices":[0,0,0,0,0,0,0,0,0,0,0,0,0],"split_type":[0,0,0,0,0,0,0,0,0,0,0,0,0],"sum_hessian":[9E0,7E0,2E0,2E0,5E0,1E0,1E0,1E0,1E0,3E0,2E0,1E0,1E0],"tree_param":{"num_deleted":"0","num_feature":"2","num_nodes":"13","size_leaf_vector":"1"}},{"base_weights":[1.7789593E-1,-1.4259531E0,4.3955283E0,-3.8252137E0,1.1336009E-2,1.2916413E-1,5.3016514E-1,-4.6030876E-1,-1.1347332E-1,-3.39983E-1,4.7598267E-1,-3.891195E-2,-9.628678E-3,1.4758301E-2,5.66391E-2],"categories":[],"categories_nodes":[],"categories_segments":[],"categories_sizes":[],"default_left":[0,0,0,0,0,0,0,0,0,0,0,0,0,0,0],"id":58,"left_children":[1,3,5,7,9,-1,-1,-1,-1,11,13,-1,-1,-1,-1],"loss_changes":[7.391228E1,2.763081E1,1.5896759E0,1.0552864E0,1.1412612E0,0E0,0E0,0E0,0E0,1.0430425E-2,5.4804683E-3,0E0,0E0,0E0,0E0],"parents":[2147483647,0,0,1,1,2,2,3,3,4,4,9,9,10,10],"right_children":[2,4,6,8,10,-1,-1,-1,-1,12,14,-1,-1,-1,-1],"split_conditions":[9.012717E-1,2.0039903E-1,1E0,1.00259006E-1,6.0120165E-1,1.2916413E-1,5.3016514E-1,-4.6030876E-1,-1.1347332E-1,4.0045577E-1,8.019485E-1,-3.891195E-2,-9.628678E-3,1.4758301E-2,5.66391E-2],"split_indices":[0,0,0,0,0,0,0,0,0,0,0,0,0,0,0],"split_type":[0,0,0,0,0,0,0,0,0,0,0,0,0,0,0],"sum_hessian":[9E0,7E0,2E0,2E0,5E0,1E0,1E0,1E0,1E0,3E0,2E0,2E0,1E0,1E0,1E0],"tree_param":{"num_deleted":"0","num_feature":"2","num_nodes":"15","size_leaf_vector":"1"}},{"base_weights":[1.7094907E-1,-1.352224E0,4.1757607E0,-3.6339533E0,1.4011383E-2,1.2270661E-1,5.036575E-1,-4.372933E-1,-1.07799724E-1,-3.1812096E-1,4.5218405E-1,-3.6317956E-2,-9.147263E-3,1.4020539E-2,5.380707E-2],"categories":[],"categories_nodes":[],"categories_segments":[],"categories_sizes":[],"default_left":[0,0,0,0,0,0,0,0,0,0,0,0,0,0,0],"id":59,"left_children":[1,3,5,7,9,-1,-1,-1,-1,11,13,-1,-1,-1,-1],"loss_changes":[6.664678E1,2.4989952E1,1.4346237E0,9.5238876E-1,1.0170372E0,0E0,0E0,0E0,0E0,7.6287985E-3,4.943967E-3,0E0,0E0,0E0,0E0],"parents":[2147483647,0,0,1,1,2,2,3,3,4,4,9,9,10,10],"right_children":[2,4,6,8,10,-1,-1,-1,-1,12,14,-1,-1,-1,-1],"split_conditions":[9.012717E-1,2.0039903E-1,1E0,1.00259006E-1,6.0120165E-1,1.2270661E-1,5.036575E-1,-4.372933E-1,-1.07799724E-1,4.0045577E-1,8.019485E-1,-3.6317956E-2,-9.147263E-3,1.4020539E-2,5.380707E-2],"split_indices":[0,0,0,0,0,0,0,0,0,0,0,0,0,0,0],"split_type":[0,0,0,0,0,0,0,0,0,0,0,0,0,0,0],"sum_hessian":[9E0,7E0,2E0,2E0,5E0,1E0,1E0,1E0,1E0,3E0,2E0,2E0,1E0,1E0,1E0],"tree_param":{"num_deleted":"0","num_feature":"2","num_nodes":"15","size_leaf_vector":"1"}},{"base_weights":[1.6421643E-1,-1.2823431E0,3.9669697E0,-3.452256E0,1.6337076E-2,1.1657105E-1,4.7847444E-1,-4.1542864E-1,-1.0240974E-1,-2.976761E-1,4.295756E-1,-3.389689E-2,-8.68988E-3,1.3319397E-2,5.1116943E-2],"categories":[],"categories_nodes":[],"categories_segments":[],"categories_sizes":[],"default_left":[0,0,0,0,0,0,0,0,0,0,0,0,0,0,0],"id":60,"left_children":[1,3,5,7,9,-1,-1,-1,-1,11,13,-1,-1,-1,-1],"loss_changes":[6.0096107E1,2.2600582E1,1.2947731E0,8.595276E-1,9.064484E-1,0E0,0E0,0E0,0E0,5.358368E-3,4.4640303E-3,0E0,0E0,0E0,0E0],"parents":[2147483647,0,0,1,1,2,2,3,3,4,4,9,9,10,10],"right_children":[2,4,6,8,10,-1,-1,-1,-1,12,14,-1,-1,-1,-1],"split_conditions":[9.012717E-1,2.0039903E-1,1E0,1.00259006E-1,6.0120165E-1,1.1657105E-1,4.7847444E-1,-4.1542864E-1,-1.0240974E-1,4.0045577E-1,8.019485E-1,-3.389689E-2,-8.68988E-3,1.3319397E-2,5.1116943E-2],"split_indices":[0,0,0,0,0,0,0,0,0,0,0,0,0,0,0],"split_type":[0,0,0,0,0,0,0,0,0,0,0,0,0,0,0],"sum_hessian":[9E0,7E0,2E0,2E0,5E0,1E0,1E0,1E0,1E0,3E0,2E0,2E0,1E0,1E0,1E0],"tree_param":{"num_deleted":"0","num_feature":"2","num_nodes":"15","size_leaf_vector":"1"}},{"base_weights":[1.5769868E-1,-1.2161076E0,3.7686157E0,-3.2796433E0,1.834488E-2,1.1074219E-1,4.5455018E-1,-3.9465722E-1,-9.728928E-2,-2.7855492E-1,4.080963E-1,-3.1637065E-2,-8.255387E-3,1.2653351E-2,4.8561096E-2],"categories":[],"categories_nodes":[],"categories_segments":[],"categories_sizes":[],"default_left":[0,0,0,0,0,0,0,0,0,0,0,0,0,0,0],"id":61,"left_children":[1,3,5,7,9,-1,-1,-1,-1,11,13,-1,-1,-1,-1],"loss_changes":[5.419005E1,2.0438854E1,1.168541E0,7.757263E-1,8.0797994E-1,0E0,0E0,0E0,0E0,3.5300553E-3,4.0296614E-3,0E0,0E0,0E0,0E0],"parents":[2147483647,0,0,1,1,2,2,3,3,4,4,9,9,10,10],"right_children":[2,4,6,8,10,-1,-1,-1,-1,12,14,-1,-1,-1,-1],"split_conditions":[9.012717E-1,2.0039903E-1,1E0,1.00259006E-1,6.0120165E-1,1.1074219E-1,4.5455018E-1,-3.9465722E-1,-9.728928E-2,4.0045577E-1,8.019485E-1,-3.1637065E-2,-8.255387E-3,1.2653351E-2,4.8561096E-2],"split_indices":[0,0,0,0,0,0,0,0,0,0,0,0,0,0,0],"split_type":[0,0,0,0,0,0,0,0,0,0,0,0,0,0,0],"sum_hessian":[9E0,7E0,2E0,2E0,5E0,1E0,1E0,1E0,1E0,3E0,2E0,2E0,1E0,1E0,1E0],"tree_param":{"num_deleted":"0","num_feature":"2","num_nodes":"15","size_leaf_vector":"1"}},{"base_weights":[1.5139565E-1,-1.1533229E0,3.58018E0,-3.115661E0,2.006658E-2,1.05204776E-1,4.318222E-1,-3.7492436E-1,-9.242477E-2,-2.6067162E-1,3.876953E-1,-2.9527793E-2,-7.842637E-3,1.2020874E-2,4.6133425E-2],"categories":[],"categories_nodes":[],"categories_segments":[],"categories_sizes":[],"default_left":[0,0,0,0,0,0,0,0,0,0,0,0,0,0,0],"id":62,"left_children":[1,3,5,7,9,-1,-1,-1,-1,11,13,-1,-1,-1,-1],"loss_changes":[4.8865086E1,1.8483213E1,1.0546265E0,7.000942E-1,7.203057E-1,0E0,0E0,0E0,0E0,2.0697713E-3,3.6358833E-3,0E0,0E0,0E0,0E0],"parents":[2147483647,0,0,1,1,2,2,3,3,4,4,9,9,10,10],"right_children":[2,4,6,8,10,-1,-1,-1,-1,12,14,-1,-1,-1,-1],"split_conditions":[9.012717E-1,2.0039903E-1,1E0,1.00259006E-1,6.0120165E-1,1.05204776E-1,4.318222E-1,-3.7492436E-1,-9.242477E-2,4.0045577E-1,8.019485E-1,-2.9527793E-2,-7.842637E-3,1.2020874E-2,4.6133425E-2],"split_indices":[0,0,0,0,0,0,0,0,0,0,0,0,0,0,0],"split_type":[0,0,0,0,0,0,0,0,0,0,0,0,0,0,0],"sum_hessian":[9E0,7E0,2E0,2E0,5E0,1E0,1E0,1E0,1E0,3E0,2E0,2E0,1E0,1E0,1E0],"tree_param":{"num_deleted":"0","num_feature":"2","num_nodes":"15","size_leaf_vector":"1"}},{"base_weights":[1.4530173E-1,-1.0938131E0,3.4011738E0,-2.9598773E0,2.152125E-2,9.994507E-2,4.1023102E-1,-3.5617813E-1,-8.780346E-2,-2.4394798E-1,3.683065E-1,-2.7559409E-2,-7.450485E-3,1.1419678E-2,4.3826293E-2],"categories":[],"categories_nodes":[],"categories_segments":[],"categories_sizes":[],"default_left":[0,0,0,0,0,0,0,0,0,0,0,0,0,0,0],"id":63,"left_children":[1,3,5,7,9,-1,-1,-1,-1,11,13,-1,-1,-1,-1],"loss_changes":[4.4064243E1,1.6713985E1,9.517479E-1,6.3184166E-1,6.422125E-1,0E0,0E0,0E0,0E0,9.1575086E-4,3.2815933E-3,0E0,0E0,0E0,0E0],"parents":[2147483647,0,0,1,1,2,2,3,3,4,4,9,9,10,10],"right_children":[2,4,6,8,10,-1,-1,-1,-1,12,14,-1,-1,-1,-1],"split_conditions":[9.012717E-1,2.0039903E-1,1E0,1.00259006E-1,6.0120165E-1,9.994507E-2,4.1023102E-1,-3.5617813E-1,-8.780346E-2,4.0045577E-1,8.019485E-1,-2.7559409E-2,-7.450485E-3,1.1419678E-2,4.3826293E-2],"split_indices":[0,0,0,0,0,0,0,0,0,0,0,0,0,0,0],"split_type":[0,0,0,0,0,0,0,0,0,0,0,0,0,0,0],"sum_hessian":[9E0,7E0,2E0,2E0,5E0,1E0,1E0,1E0,1E0,3E0,2E0,2E0,1E0,1E0,1E0],"tree_param":{"num_deleted":"0","num_feature":"2","num_nodes":"15","size_leaf_vector":"1"}},{"base_weights":[1.3941678E-1,-1.0373989E0,3.2311199E0,-2.8118837E0,2.2743225E-2,9.4947815E-2,3.8972017E-1,-3.3836922E-1,-8.341332E-2,-2.2830582E-1,3.498942E-1,-2.572225E-2,-7.0777894E-3,1.0848999E-2,4.1635133E-2],"categories":[],"categories_nodes":[],"categories_segments":[],"categories_sizes":[],"default_left":[0,0,0,0,0,0,0,0,0,0,0,0,0,0,0],"id":64,"left_children":[1,3,5,7,9,-1,-1,-1,-1,11,13,-1,-1,-1,-1],"loss_changes":[3.9735607E1,1.5113599E1,8.5897446E-1,5.702343E-1,5.726685E-1,0E0,0E0,0E0,0E0,1.5079975E-5,2.959162E-3,0E0,0E0,0E0,0E0],"parents":[2147483647,0,0,1,1,2,2,3,3,4,4,9,9,10,10],"right_children":[2,4,6,8,10,-1,-1,-1,-1,12,14,-1,-1,-1,-1],"split_conditions":[9.012717E-1,2.0039903E-1,1E0,1.00259006E-1,6.0120165E-1,9.4947815E-2,3.8972017E-1,-3.3836922E-1,-8.341332E-2,4.0045577E-1,8.019485E-1,-2.572225E-2,-7.0777894E-3,1.0848999E-2,4.1635133E-2],"split_indices":[0,0,0,0,0,0,0,0,0,0,0,0,0,0,0],"split_type":[0,0,0,0,0,0,0,0,0,0,0,0,0,0,0],"sum_hessian":[9E0,7E0,2E0,2E0,5E0,1E0,1E0,1E0,1E0,3E0,2E0,2E0,1E0,1E0,1E0],"tree_param":{"num_deleted":"0","num_feature":"2","num_nodes":"15","size_leaf_vector":"1"}},{"base_weights":[1.3373423E-1,-9.8392093E-1,3.0695698E0,-2.6712897E0,2.3750305E-2,9.0200804E-2,3.702347E-1,-3.2145077E-1,-7.924271E-2,-2.1367645E-1,3.3240256E-1,-2.7661895E-2,-1.004893E-2,1.0306549E-2,3.9553832E-2],"categories":[],"categories_nodes":[],"categories_segments":[],"categories_sizes":[],"default_left":[0,0,0,0,0,0,0,0,0,0,0,0,0,0,0],"id":65,"left_children":[1,3,5,7,9,-1,-1,-1,-1,11,13,-1,-1,-1,-1],"loss_changes":[3.5832733E1,1.3665946E1,7.752037E-1,5.146351E-1,5.107204E-1,0E0,0E0,0E0,0E0,6.9989264E-4,2.6717782E-3,0E0,0E0,0E0,0E0],"parents":[2147483647,0,0,1,1,2,2,3,3,4,4,9,9,10,10],"right_children":[2,4,6,8,10,-1,-1,-1,-1,12,14,-1,-1,-1,-1],"split_conditions":[9.012717E-1,2.0039903E-1,1E0,1.00259006E-1,6.0120165E-1,9.0200804E-2,3.702347E-1,-3.2145077E-1,-7.924271E-2,3.0080768E-1,8.019485E-1,-2.7661895E-2,-1.004893E-2,1.0306549E-2,3.9553832E-2],"split_indices":[0,0,0,0,0,0,0,0,0,0,0,0,0,0,0],"split_type":[0,0,0,0,0,0,0,0,0,0,0,0,0,0,0],"sum_hessian":[9E0,7E0,2E0,2E0,5E0,1E0,1E0,1E0,1E0,3E0,2E0,1E0,2E0,1E0,1E0],"tree_param":{"num_deleted":"0","num_feature":"2","num_nodes":"15","size_leaf_vector":"1"}},{"base_weights":[1.275496E-1,-9.3409556E-1,2.916087E0,-2.5377252E0,2.3401896E-2,8.569031E-2,3.5172272E-1,-3.0537823E-1,-7.528057E-2,-2.0173645E-1,3.1578574E-1,-2.6278688E-2,-9.379069E-3,9.791565E-3,3.7576295E-2],"categories":[],"categories_nodes":[],"categories_segments":[],"categories_sizes":[],"default_left":[0,0,0,0,0,0,0,0,0,0,0,0,0,0,0],"id":66,"left_children":[1,3,5,7,9,-1,-1,-1,-1,11,13,-1,-1,-1,-1],"loss_changes":[3.2328274E1,1.2343159E1,6.996517E-1,4.6445656E-1,4.5866638E-1,0E0,0E0,0E0,0E0,1.713559E-3,2.4086535E-3,0E0,0E0,0E0,0E0],"parents":[2147483647,0,0,1,1,2,2,3,3,4,4,9,9,10,10],"right_children":[2,4,6,8,10,-1,-1,-1,-1,12,14,-1,-1,-1,-1],"split_conditions":[9.012717E-1,2.0039903E-1,1E0,1.00259006E-1,6.0120165E-1,8.569031E-2,3.5172272E-1,-3.0537823E-1,-7.528057E-2,3.0080768E-1,8.019485E-1,-2.6278688E-2,-9.379069E-3,9.791565E-3,3.7576295E-2],"split_indices":[0,0,0,0,0,0,0,0,0,0,0,0,0,0,0],"split_type":[0,0,0,0,0,0,0,0,0,0,0,0,0,0,0],"sum_hessian":[9E0,7E0,2E0,2E0,5E0,1E0,1E0,1E0,1E0,3E0,2E0,1E0,2E0,1E0,1E0],"tree_param":{"num_deleted":"0","num_feature":"2","num_nodes":"15","size_leaf_vector":"1"}},{"base_weights":[1.2164106E-1,-8.868052E-1,2.770284E0,-2.4108393E0,2.3012796E-2,8.140564E-2,3.3413696E-1,-2.901093E-1,-7.151661E-2,-1.9047928E-1,2.9999796E-1,-2.4964904E-2,-8.7539675E-3,9.301758E-3,3.5697937E-2],"categories":[],"categories_nodes":[],"categories_segments":[],"categories_sizes":[],"default_left":[0,0,0,0,0,0,0,0,0,0,0,0,0,0,0],"id":67,"left_children":[1,3,5,7,9,-1,-1,-1,-1,11,13,-1,-1,-1,-1],"loss_changes":[2.9166842E1,1.114823E1,6.314583E-1,4.1916656E-1,4.1194826E-1,0E0,0E0,0E0,0E0,2.509445E-3,2.1767318E-3,0E0,0E0,0E0,0E0],"parents":[2147483647,0,0,1,1,2,2,3,3,4,4,9,9,10,10],"right_children":[2,4,6,8,10,-1,-1,-1,-1,12,14,-1,-1,-1,-1],"split_conditions":[9.012717E-1,2.0039903E-1,1E0,1.00259006E-1,6.0120165E-1,8.140564E-2,3.3413696E-1,-2.901093E-1,-7.151661E-2,3.0080768E-1,8.019485E-1,-2.4964904E-2,-8.7539675E-3,9.301758E-3,3.5697937E-2],"split_indices":[0,0,0,0,0,0,0,0,0,0,0,0,0,0,0],"split_type":[0,0,0,0,0,0,0,0,0,0,0,0,0,0,0],"sum_hessian":[9E0,7E0,2E0,2E0,5E0,1E0,1E0,1E0,1E0,3E0,2E0,1E0,2E0,1E0,1E0],"tree_param":{"num_deleted":"0","num_feature":"2","num_nodes":"15","size_leaf_vector":"1"}},{"base_weights":[1.15993164E-1,-8.419203E-1,2.6317647E0,-2.290297E0,2.2588095E-2,7.73346E-2,3.174301E-1,-2.7560386E-1,-6.794071E-2,-1.7986298E-1,2.849935E-1,-2.3716737E-2,-8.170573E-3,8.836365E-3,3.391266E-2],"categories":[],"categories_nodes":[],"categories_segments":[],"categories_sizes":[],"default_left":[0,0,0,0,0,0,0,0,0,0,0,0,0,0,0],"id":68,"left_children":[1,3,5,7,9,-1,-1,-1,-1,11,13,-1,-1,-1,-1],"loss_changes":[2.6314651E1,1.0068804E1,5.699463E-1,3.7830162E-1,3.7000528E-1,0E0,0E0,0E0,0E0,3.1214356E-3,1.966089E-3,0E0,0E0,0E0,0E0],"parents":[2147483647,0,0,1,1,2,2,3,3,4,4,9,9,10,10],"right_children":[2,4,6,8,10,-1,-1,-1,-1,12,14,-1,-1,-1,-1],"split_conditions":[9.012717E-1,2.0039903E-1,1E0,1.00259006E-1,6.0120165E-1,7.73346E-2,3.174301E-1,-2.7560386E-1,-6.794071E-2,3.0080768E-1,8.019485E-1,-2.3716737E-2,-8.170573E-3,8.836365E-3,3.391266E-2],"split_indices":[0,0,0,0,0,0,0,0,0,0,0,0,0,0,0],"split_type":[0,0,0,0,0,0,0,0,0,0,0,0,0,0,0],"sum_hessian":[9E0,7E0,2E0,2E0,5E0,1E0,1E0,1E0,1E0,3E0,2E0,1E0,2E0,1E0,1E0],"tree_param":{"num_deleted":"0","num_feature":"2","num_nodes":"15","size_leaf_vector":"1"}},{"base_weights":[1.10602185E-1,-7.993121E-1,2.5001729E0,-2.1757824E0,2.2141775E-2,7.346802E-2,3.0155793E-1,-2.6182365E-1,-6.4543724E-2,-1.6984749E-1,2.7074686E-1,-2.2530748E-2,-7.625834E-3,8.394623E-3,3.221741E-2],"categories":[],"categories_nodes":[],"categories_segments":[],"categories_sizes":[],"default_left":[0,0,0,0,0,0,0,0,0,0,0,0,0,0,0],"id":69,"left_children":[1,3,5,7,9,-1,-1,-1,-1,11,13,-1,-1,-1,-1],"loss_changes":[2.3741465E1,9.09383E0,5.143528E-1,3.414154E-1,3.323627E-1,0E0,0E0,0E0,0E0,3.580235E-3,1.7746091E-3,0E0,0E0,0E0,0E0],"parents":[2147483647,0,0,1,1,2,2,3,3,4,4,9,9,10,10],"right_children":[2,4,6,8,10,-1,-1,-1,-1,12,14,-1,-1,-1,-1],"split_conditions":[9.012717E-1,2.0039903E-1,1E0,1.00259006E-1,6.0120165E-1,7.346802E-2,3.0155793E-1,-2.6182365E-1,-6.4543724E-2,3.0080768E-1,8.019485E-1,-2.2530748E-2,-7.625834E-3,8.394623E-3,3.221741E-2],"split_indices":[0,0,0,0,0,0,0,0,0,0,0,0,0,0,0],"split_type":[0,0,0,0,0,0,0,0,0,0,0,0,0,0,0],"sum_hessian":[9E0,7E0,2E0,2E0,5E0,1E0,1E0,1E0,1E0,3E0,2E0,1E0,2E0,1E0,1E0],"tree_param":{"num_deleted":"0","num_feature":"2","num_nodes":"15","size_leaf_vector":"1"}},{"base_weights":[1.0545597E-1,-7.588699E-1,2.3751729E0,-2.066993E0,2.1670023E-2,6.979523E-2,2.8648072E-1,-2.4873248E-1,-6.131649E-2,-1.6040039E-1,2.5720724E-1,-2.1404266E-2,-7.117208E-3,7.9750065E-3,3.060608E-2],"categories":[],"categories_nodes":[],"categories_segments":[],"categories_sizes":[],"default_left":[0,0,0,0,0,0,0,0,0,0,0,0,0,0,0],"id":70,"left_children":[1,3,5,7,9,-1,-1,-1,-1,11,13,-1,-1,-1,-1],"loss_changes":[2.1420197E1,8.213131E0,4.6417618E-1,3.081293E-1,2.9856226E-1,0E0,0E0,0E0,0E0,3.9117783E-3,1.5998781E-3,0E0,0E0,0E0,0E0],"parents":[2147483647,0,0,1,1,2,2,3,3,4,4,9,9,10,10],"right_children":[2,4,6,8,10,-1,-1,-1,-1,12,14,-1,-1,-1,-1],"split_conditions":[9.012717E-1,2.0039903E-1,1E0,1.00259006E-1,6.0120165E-1,6.979523E-2,2.8648072E-1,-2.4873248E-1,-6.131649E-2,3.0080768E-1,8.019485E-1,-2.1404266E-2,-7.117208E-3,7.9750065E-3,3.060608E-2],"split_indices":[0,0,0,0,0,0,0,0,0,0,0,0,0,0,0],"split_type":[0,0,0,0,0,0,0,0,0,0,0,0,0,0,0],"sum_hessian":[9E0,7E0,2E0,2E0,5E0,1E0,1E0,1E0,1E0,3E0,2E0,1E0,2E0,1E0,1E0],"tree_param":{"num_deleted":"0","num_feature":"2","num_nodes":"15","size_leaf_vector":"1"}},{"base_weights":[1.0054026E-1,-7.2048175E-1,2.256419E0,-1.9636431E0,2.11792E-2,6.630554E-2,2.7215728E-1,-2.3629585E-1,-5.8250617E-2,-1.5148926E-1,2.4434407E-1,-2.0333862E-2,-6.6426597E-3,7.575989E-3,2.9075623E-2],"categories":[],"categories_nodes":[],"categories_segments":[],"categories_sizes":[],"default_left":[0,0,0,0,0,0,0,0,0,0,0,0,0,0,0],"id":71,"left_children":[1,3,5,7,9,-1,-1,-1,-1,11,13,-1,-1,-1,-1],"loss_changes":[1.9325945E1,7.417623E0,4.189253E-1,2.7808857E-1,2.682167E-1,0E0,0E0,0E0,0E0,4.134685E-3,1.4454126E-3,0E0,0E0,0E0,0E0],"parents":[2147483647,0,0,1,1,2,2,3,3,4,4,9,9,10,10],"right_children":[2,4,6,8,10,-1,-1,-1,-1,12,14,-1,-1,-1,-1],"split_conditions":[9.012717E-1,2.0039903E-1,1E0,1.00259006E-1,6.0120165E-1,6.630554E-2,2.7215728E-1,-2.3629585E-1,-5.8250617E-2,3.0080768E-1,8.019485E-1,-2.0333862E-2,-6.6426597E-3,7.575989E-3,2.9075623E-2],"split_indices":[0,0,0,0,0,0,0,0,0,0,0,0,0,0,0],"split_type":[0,0,0,0,0,0,0,0,0,0,0,0,0,0,0],"sum_hessian":[9E0,7E0,2E0,2E0,5E0,1E0,1E0,1E0,1E0,3E0,2E0,1E0,2E0,1E0,1E0],"tree_param":{"num_deleted":"0","num_feature":"2","num_nodes":"15","size_leaf_vector":"1"}},{"base_weights":[9.584494E-2,-6.840421E-1,2.1435955E0,-1.865461E0,2.0674387E-2,6.298981E-2,2.585495E-1,-2.2448106E-1,-5.5338096E-2,-1.4308357E-1,2.3212688E-1,-1.9317245E-2,-6.1996463E-3,7.197571E-3,2.7621461E-2],"categories":[],"categories_nodes":[],"categories_segments":[],"categories_sizes":[],"default_left":[0,0,0,0,0,0,0,0,0,0,0,0,0,0,0],"id":72,"left_children":[1,3,5,7,9,-1,-1,-1,-1,11,13,-1,-1,-1,-1],"loss_changes":[1.7436451E1,6.69909E0,3.7810802E-1,2.509756E-1,2.4097571E-1,0E0,0E0,0E0,0E0,4.2702407E-3,1.3013631E-3,0E0,0E0,0E0,0E0],"parents":[2147483647,0,0,1,1,2,2,3,3,4,4,9,9,10,10],"right_children":[2,4,6,8,10,-1,-1,-1,-1,12,14,-1,-1,-1,-1],"split_conditions":[9.012717E-1,2.0039903E-1,1E0,1.00259006E-1,6.0120165E-1,6.298981E-2,2.585495E-1,-2.2448106E-1,-5.5338096E-2,3.0080768E-1,8.019485E-1,-1.9317245E-2,-6.1996463E-3,7.197571E-3,2.7621461E-2],"split_indices":[0,0,0,0,0,0,0,0,0,0,0,0,0,0,0],"split_type":[0,0,0,0,0,0,0,0,0,0,0,0,0,0,0],"sum_hessian":[9E0,7E0,2E0,2E0,5E0,1E0,1E0,1E0,1E0,3E0,2E0,1E0,2E0,1E0,1E0],"tree_param":{"num_deleted":"0","num_feature":"2","num_nodes":"15","size_leaf_vector":"1"}},{"base_weights":[9.136395E-2,-6.494517E-1,2.0364177E0,-1.7721874E0,2.0158133E-2,5.9840392E-2,2.4562226E-1,-2.13257E-1,-5.2571107E-2,-1.3515282E-1,2.2052002E-1,-1.8351365E-2,-5.786133E-3,6.8374635E-3,2.624054E-2],"categories":[],"categories_nodes":[],"categories_segments":[],"categories_sizes":[],"default_left":[0,0,0,0,0,0,0,0,0,0,0,0,0,0,0],"id":73,"left_children":[1,3,5,7,9,-1,-1,-1,-1,11,13,-1,-1,-1,-1],"loss_changes":[1.5731816E1,6.050083E0,3.4124184E-1,2.265091E-1,2.1651427E-1,0E0,0E0,0E0,0E0,4.333183E-3,1.1761189E-3,0E0,0E0,0E0,0E0],"parents":[2147483647,0,0,1,1,2,2,3,3,4,4,9,9,10,10],"right_children":[2,4,6,8,10,-1,-1,-1,-1,12,14,-1,-1,-1,-1],"split_conditions":[9.012717E-1,2.0039903E-1,1E0,1.00259006E-1,6.0120165E-1,5.9840392E-2,2.4562226E-1,-2.13257E-1,-5.2571107E-2,3.0080768E-1,8.019485E-1,-1.8351365E-2,-5.786133E-3,6.8374635E-3,2.624054E-2],"split_indices":[0,0,0,0,0,0,0,0,0,0,0,0,0,0,0],"split_type":[0,0,0,0,0,0,0,0,0,0,0,0,0,0,0],"sum_hessian":[9E0,7E0,2E0,2E0,5E0,1E0,1E0,1E0,1E0,3E0,2E0,1E0,2E0,1E0,1E0],"tree_param":{"num_deleted":"0","num_feature":"2","num_nodes":"15","size_leaf_vector":"1"}},{"base_weights":[8.7081954E-2,-6.1661905E-1,1.9345907E0,-1.6835784E0,1.9630432E-2,5.6848146E-2,2.3334046E-1,-2.0259416E-1,-4.994259E-2,-1.276741E-1,2.09493E-1,-1.743393E-2,-5.400594E-3,6.4956667E-3,2.4928285E-2],"categories":[],"categories_nodes":[],"categories_segments":[],"categories_sizes":[],"default_left":[0,0,0,0,0,0,0,0,0,0,0,0,0,0,0],"id":74,"left_children":[1,3,5,7,9,-1,-1,-1,-1,11,13,-1,-1,-1,-1],"loss_changes":[1.4193844E1,5.4638677E0,3.0797195E-1,2.0442295E-1,1.9455254E-1,0E0,0E0,0E0,0E0,4.335597E-3,1.0606498E-3,0E0,0E0,0E0,0E0],"parents":[2147483647,0,0,1,1,2,2,3,3,4,4,9,9,10,10],"right_children":[2,4,6,8,10,-1,-1,-1,-1,12,14,-1,-1,-1,-1],"split_conditions":[9.012717E-1,2.0039903E-1,1E0,1.00259006E-1,6.0120165E-1,5.6848146E-2,2.3334046E-1,-2.0259416E-1,-4.994259E-2,3.0080768E-1,8.019485E-1,-1.743393E-2,-5.400594E-3,6.4956667E-3,2.4928285E-2],"split_indices":[0,0,0,0,0,0,0,0,0,0,0,0,0,0,0],"split_type":[0,0,0,0,0,0,0,0,0,0,0,0,0,0,0],"sum_hessian":[9E0,7E0,2E0,2E0,5E0,1E0,1E0,1E0,1E0,3E0,2E0,1E0,2E0,1E0,1E0],"tree_param":{"num_deleted":"0","num_feature":"2","num_nodes":"15","size_leaf_vector":"1"}},{"base_weights":[8.299675E-2,-5.854516E-1,1.8378601E0,-1.5993996E0,1.9097647E-2,5.4005433E-2,2.216736E-1,-1.9246446E-1,-4.7445487E-2,-1.20615005E-1,1.990153E-1,-1.6562272E-2,-5.040487E-3,6.170654E-3,2.368164E-2],"categories":[],"categories_nodes":[],"categories_segments":[],"categories_sizes":[],"default_left":[0,0,0,0,0,0,0,0,0,0,0,0,0,0,0],"id":75,"left_children":[1,3,5,7,9,-1,-1,-1,-1,11,13,-1,-1,-1,-1],"loss_changes":[1.2806333E1,4.9343963E0,2.779646E-1,1.8449068E-1,1.7482486E-1,0E0,0E0,0E0,0E0,4.291799E-3,9.581521E-4,0E0,0E0,0E0,0E0],"parents":[2147483647,0,0,1,1,2,2,3,3,4,4,9,9,10,10],"right_children":[2,4,6,8,10,-1,-1,-1,-1,12,14,-1,-1,-1,-1],"split_conditions":[9.012717E-1,2.0039903E-1,1E0,1.00259006E-1,6.0120165E-1,5.4005433E-2,2.216736E-1,-1.9246446E-1,-4.7445487E-2,3.0080768E-1,8.019485E-1,-1.6562272E-2,-5.040487E-3,6.170654E-3,2.368164E-2],"split_indices":[0,0,0,0,0,0,0,0,0,0,0,0,0,0,0],"split_type":[0,0,0,0,0,0,0,0,0,0,0,0,0,0,0],"sum_hessian":[9E0,7E0,2E0,2E0,5E0,1E0,1E0,1E0,1E0,3E0,2E0,1E0,2E0,1E0,1E0],"tree_param":{"num_deleted":"0","num_feature":"2","num_nodes":"15","size_leaf_vector":"1"}},{"base_weights":[7.909866E-2,-5.5586225E-1,1.7459615E0,-1.5194291E0,1.856486E-2,5.1304627E-2,2.105896E-1,-1.8284123E-1,-4.507313E-2,-1.1395264E-1,1.8906657E-1,-1.57341E-2,-4.704285E-3,5.862427E-3,2.2497559E-2],"categories":[],"categories_nodes":[],"categories_segments":[],"categories_sizes":[],"default_left":[0,0,0,0,0,0,0,0,0,0,0,0,0,0,0],"id":76,"left_children":[1,3,5,7,9,-1,-1,-1,-1,11,13,-1,-1,-1,-1],"loss_changes":[1.1554441E1,4.4561987E0,2.5088406E-1,1.6650677E-1,1.5711139E-1,0E0,0E0,0E0,0E0,4.2106584E-3,8.6313486E-4,0E0,0E0,0E0,0E0],"parents":[2147483647,0,0,1,1,2,2,3,3,4,4,9,9,10,10],"right_children":[2,4,6,8,10,-1,-1,-1,-1,12,14,-1,-1,-1,-1],"split_conditions":[9.012717E-1,2.0039903E-1,1E0,1.00259006E-1,6.0120165E-1,5.1304627E-2,2.105896E-1,-1.8284123E-1,-4.507313E-2,3.0080768E-1,8.019485E-1,-1.57341E-2,-4.704285E-3,5.862427E-3,2.2497559E-2],"split_indices":[0,0,0,0,0,0,0,0,0,0,0,0,0,0,0],"split_type":[0,0,0,0,0,0,0,0,0,0,0,0,0,0,0],"sum_hessian":[9E0,7E0,2E0,2E0,5E0,1E0,1E0,1E0,1E0,3E0,2E0,1E0,2E0,1E0,1E0],"tree_param":{"num_deleted":"0","num_feature":"2","num_nodes":"15","size_leaf_vector":"1"}},{"base_weights":[7.537961E-2,-5.277733E-1,1.6586609E0,-1.4434571E0,1.8030802E-2,4.8739623E-2,2.0005952E-1,-1.7369917E-1,-4.2819407E-2,-1.07666016E-1,1.7961629E-1,-1.494751E-2,-4.3904623E-3,5.569458E-3,2.1372987E-2],"categories":[],"categories_nodes":[],"categories_segments":[],"categories_sizes":[],"default_left":[0,0,0,0,0,0,0,0,0,0,0,0,0,0,0],"id":77,"left_children":[1,3,5,7,9,-1,-1,-1,-1,11,13,-1,-1,-1,-1],"loss_changes":[1.0425004E1,4.024299E0,2.2640419E-1,1.5027428E-1,1.4120327E-1,0E0,0E0,0E0,0E0,4.1005723E-3,7.786304E-4,0E0,0E0,0E0,0E0],"parents":[2147483647,0,0,1,1,2,2,3,3,4,4,9,9,10,10],"right_children":[2,4,6,8,10,-1,-1,-1,-1,12,14,-1,-1,-1,-1],"split_conditions":[9.012717E-1,2.0039903E-1,1E0,1.00259006E-1,6.0120165E-1,4.8739623E-2,2.0005952E-1,-1.7369917E-1,-4.2819407E-2,3.0080768E-1,8.019485E-1,-1.494751E-2,-4.3904623E-3,5.569458E-3,2.1372987E-2],"split_indices":[0,0,0,0,0,0,0,0,0,0,0,0,0,0,0],"split_type":[0,0,0,0,0,0,0,0,0,0,0,0,0,0,0],"sum_hessian":[9E0,7E0,2E0,2E0,5E0,1E0,1E0,1E0,1E0,3E0,2E0,1E0,2E0,1E0,1E0],"tree_param":{"num_deleted":"0","num_feature":"2","num_nodes":"15","size_leaf_vector":"1"}},{"base_weights":[7.182934E-2,-5.0110996E-1,1.5757242E0,-1.3712841E0,1.7495474E-2,4.6302795E-2,1.9005585E-1,-1.650142E-1,-4.0678408E-2,-1.0173607E-1,1.7063904E-1,-1.4200211E-2,-4.0980023E-3,5.290985E-3,2.0304872E-2],"categories":[],"categories_nodes":[],"categories_segments":[],"categories_sizes":[],"default_left":[0,0,0,0,0,0,0,0,0,0,0,0,0,0,0],"id":78,"left_children":[1,3,5,7,9,-1,-1,-1,-1,11,13,-1,-1,-1,-1],"loss_changes":[9.406015E0,3.6342077E0,2.0431376E-1,1.3562393E-1,1.269174E-1,0E0,0E0,0E0,0E0,3.9663725E-3,7.0341676E-4,0E0,0E0,0E0,0E0],"parents":[2147483647,0,0,1,1,2,2,3,3,4,4,9,9,10,10],"right_children":[2,4,6,8,10,-1,-1,-1,-1,12,14,-1,-1,-1,-1],"split_conditions":[9.012717E-1,2.0039903E-1,1E0,1.00259006E-1,6.0120165E-1,4.6302795E-2,1.9005585E-1,-1.650142E-1,-4.0678408E-2,3.0080768E-1,8.019485E-1,-1.4200211E-2,-4.0980023E-3,5.290985E-3,2.0304872E-2],"split_indices":[0,0,0,0,0,0,0,0,0,0,0,0,0,0,0],"split_type":[0,0,0,0,0,0,0,0,0,0,0,0,0,0,0],"sum_hessian":[9E0,7E0,2E0,2E0,5E0,1E0,1E0,1E0,1E0,3E0,2E0,1E0,2E0,1E0,1E0],"tree_param":{"num_deleted":"0","num_feature":"2","num_nodes":"15","size_leaf_vector":"1"}},{"base_weights":[6.8443224E-2,-4.7579774E-1,1.4969381E0,-1.3027194E0,1.6962687E-2,4.3988038E-2,1.8055268E-1,-1.567635E-1,-3.864441E-2,-9.6138E-2,1.6210938E-1,-1.3490296E-2,-3.8248699E-3,5.026245E-3,1.9290162E-2],"categories":[],"categories_nodes":[],"categories_segments":[],"categories_sizes":[],"default_left":[0,0,0,0,0,0,0,0,0,0,0,0,0,0,0],"id":79,"left_children":[1,3,5,7,9,-1,-1,-1,-1,11,13,-1,-1,-1,-1],"loss_changes":[8.486694E0,3.2818918E0,1.8437243E-1,1.22403145E-1,1.14082016E-1,0E0,0E0,0E0,0E0,3.8164407E-3,6.363392E-4,0E0,0E0,0E0,0E0],"parents":[2147483647,0,0,1,1,2,2,3,3,4,4,9,9,10,10],"right_children":[2,4,6,8,10,-1,-1,-1,-1,12,14,-1,-1,-1,-1],"split_conditions":[9.012717E-1,2.0039903E-1,1E0,1.00259006E-1,6.0120165E-1,4.3988038E-2,1.8055268E-1,-1.567635E-1,-3.864441E-2,3.0080768E-1,8.019485E-1,-1.3490296E-2,-3.8248699E-3,5.026245E-3,1.9290162E-2],"split_indices":[0,0,0,0,0,0,0,0,0,0,0,0,0,0,0],"split_type":[0,0,0,0,0,0,0,0,0,0,0,0,0,0,0],"sum_hessian":[9E0,7E0,2E0,2E0,5E0,1E0,1E0,1E0,1E0,3E0,2E0,1E0,2E0,1E0,1E0],"tree_param":{"num_deleted":"0","num_feature":"2","num_nodes":"15","size_leaf_vector":"1"}},{"base_weights":[6.521471E-2,-4.5176867E-1,1.4220988E0,-1.2375839E0,1.6433716E-2,4.1789245E-2,1.7152558E-1,-1.4892532E-1,-3.6712267E-2,-9.0854645E-2,1.5400696E-1,-1.2815857E-2,-3.5700481E-3,4.775238E-3,1.8325806E-2],"categories":[],"categories_nodes":[],"categories_segments":[],"categories_sizes":[],"default_left":[0,0,0,0,0,0,0,0,0,0,0,0,0,0,0],"id":80,"left_children":[1,3,5,7,9,-1,-1,-1,-1,11,13,-1,-1,-1,-1],"loss_changes":[7.657325E0,2.9637022E0,1.6637802E-1,1.1046648E-1,1.0255229E-1,0E0,0E0,0E0,0E0,3.6545433E-3,5.731806E-4,0E0,0E0,0E0,0E0],"parents":[2147483647,0,0,1,1,2,2,3,3,4,4,9,9,10,10],"right_children":[2,4,6,8,10,-1,-1,-1,-1,12,14,-1,-1,-1,-1],"split_conditions":[9.012717E-1,2.0039903E-1,1E0,1.00259006E-1,6.0120165E-1,4.1789245E-2,1.7152558E-1,-1.4892532E-1,-3.6712267E-2,3.0080768E-1,8.019485E-1,-1.2815857E-2,-3.5700481E-3,4.775238E-3,1.8325806E-2],"split_indices":[0,0,0,0,0,0,0,0,0,0,0,0,0,0,0],"split_type":[0,0,0,0,0,0,0,0,0,0,0,0,0,0,0],"sum_hessian":[9E0,7E0,2E0,2E0,5E0,1E0,1E0,1E0,1E0,3E0,2E0,1E0,2E0,1E0,1E0],"tree_param":{"num_deleted":"0","num_feature":"2","num_nodes":"15","size_leaf_vector":"1"}},{"base_weights":[6.213391E-2,-4.2895493E-1,1.3509928E0,-1.1757046E0,1.5912374E-2,3.9700318E-2,1.6294861E-1,-1.4147906E-1,-3.4876633E-2,-8.586502E-2,1.4631145E-1,-1.2174988E-2,-3.3320112E-3,4.5364383E-3,1.7410278E-2],"categories":[],"categories_nodes":[],"categories_segments":[],"categories_sizes":[],"default_left":[0,0,0,0,0,0,0,0,0,0,0,0,0,0,0],"id":81,"left_children":[1,3,5,7,9,-1,-1,-1,-1,11,13,-1,-1,-1,-1],"loss_changes":[6.908958E0,2.676344E0,1.5012741E-1,9.969711E-2,9.21931E-2,0E0,0E0,0E0,0E0,3.4855474E-3,5.1829964E-4,0E0,0E0,0E0,0E0],"parents":[2147483647,0,0,1,1,2,2,3,3,4,4,9,9,10,10],"right_children":[2,4,6,8,10,-1,-1,-1,-1,12,14,-1,-1,-1,-1],"split_conditions":[9.012717E-1,2.0039903E-1,1E0,1.00259006E-1,6.0120165E-1,3.9700318E-2,1.6294861E-1,-1.4147906E-1,-3.4876633E-2,3.0080768E-1,8.019485E-1,-1.2174988E-2,-3.3320112E-3,4.5364383E-3,1.7410278E-2],"split_indices":[0,0,0,0,0,0,0,0,0,0,0,0,0,0,0],"split_type":[0,0,0,0,0,0,0,0,0,0,0,0,0,0,0],"sum_hessian":[9E0,7E0,2E0,2E0,5E0,1E0,1E0,1E0,1E0,3E0,2E0,1E0,2E0,1E0,1E0],"tree_param":{"num_deleted":"0","num_feature":"2","num_nodes":"15","size_leaf_vector":"1"}},{"base_weights":[5.9194636E-2,-4.072956E-1,1.2834371E0,-1.1169189E0,1.5398662E-2,3.771515E-2,1.5480042E-1,-1.344051E-1,-3.3132743E-2,-8.115387E-2,1.3900249E-1,-1.1566162E-2,-3.1097413E-3,4.309845E-3,1.6540527E-2],"categories":[],"categories_nodes":[],"categories_segments":[],"categories_sizes":[],"default_left":[0,0,0,0,0,0,0,0,0,0,0,0,0,0,0],"id":82,"left_children":[1,3,5,7,9,-1,-1,-1,-1,11,13,-1,-1,-1,-1],"loss_changes":[6.2337103E0,2.4168289E0,1.3548756E-1,8.997798E-2,8.288616E-2,0E0,0E0,0E0,0E0,3.3125672E-3,4.6769157E-4,0E0,0E0,0E0,0E0],"parents":[2147483647,0,0,1,1,2,2,3,3,4,4,9,9,10,10],"right_children":[2,4,6,8,10,-1,-1,-1,-1,12,14,-1,-1,-1,-1],"split_conditions":[9.012717E-1,2.0039903E-1,1E0,1.00259006E-1,6.0120165E-1,3.771515E-2,1.5480042E-1,-1.344051E-1,-3.3132743E-2,3.0080768E-1,8.019485E-1,-1.1566162E-2,-3.1097413E-3,4.309845E-3,1.6540527E-2],"split_indices":[0,0,0,0,0,0,0,0,0,0,0,0,0,0,0],"split_type":[0,0,0,0,0,0,0,0,0,0,0,0,0,0,0],"sum_hessian":[9E0,7E0,2E0,2E0,5E0,1E0,1E0,1E0,1E0,3E0,2E0,1E0,2E0,1E0,1E0],"tree_param":{"num_deleted":"0","num_feature":"2","num_nodes":"15","size_leaf_vector":"1"}},{"base_weights":[5.639293E-2,-3.8673463E-1,1.2192688E0,-1.0610725E0,1.4890035E-2,3.5829164E-2,1.4706115E-1,-1.2768485E-1,-3.147602E-2,-7.670593E-2,1.3205464E-1,-1.0987855E-2,-2.9022216E-3,4.094696E-3,1.5713502E-2],"categories":[],"categories_nodes":[],"categories_segments":[],"categories_sizes":[],"default_left":[0,0,0,0,0,0,0,0,0,0,0,0,0,0,0],"id":83,"left_children":[1,3,5,7,9,-1,-1,-1,-1,11,13,-1,-1,-1,-1],"loss_changes":[5.624557E0,2.182445E0,1.2229347E-1,8.1207514E-2,7.452021E-2,0E0,0E0,0E0,0E0,3.1382553E-3,4.2083487E-4,0E0,0E0,0E0,0E0],"parents":[2147483647,0,0,1,1,2,2,3,3,4,4,9,9,10,10],"right_children":[2,4,6,8,10,-1,-1,-1,-1,12,14,-1,-1,-1,-1],"split_conditions":[9.012717E-1,2.0039903E-1,1E0,1.00259006E-1,6.0120165E-1,3.5829164E-2,1.4706115E-1,-1.2768485E-1,-3.147602E-2,3.0080768E-1,8.019485E-1,-1.0987855E-2,-2.9022216E-3,4.094696E-3,1.5713502E-2],"split_indices":[0,0,0,0,0,0,0,0,0,0,0,0,0,0,0],"split_type":[0,0,0,0,0,0,0,0,0,0,0,0,0,0,0],"sum_hessian":[9E0,7E0,2E0,2E0,5E0,1E0,1E0,1E0,1E0,3E0,2E0,1E0,2E0,1E0,1E0],"tree_param":{"num_deleted":"0","num_feature":"2","num_nodes":"15","size_leaf_vector":"1"}},{"base_weights":[5.3717613E-2,-3.672173E-1,1.1583048E0,-1.0080191E0,1.4386495E-2,3.403778E-2,1.3970795E-1,-1.213006E-1,-2.9902268E-2,-7.2509766E-2,1.2545268E-1,-1.0438538E-2,-2.7089438E-3,3.8902282E-3,1.4927673E-2],"categories":[],"categories_nodes":[],"categories_segments":[],"categories_sizes":[],"default_left":[0,0,0,0,0,0,0,0,0,0,0,0,0,0,0],"id":84,"left_children":[1,3,5,7,9,-1,-1,-1,-1,11,13,-1,-1,-1,-1],"loss_changes":[5.074943E0,1.9707612E0,1.1036539E-1,7.328868E-2,6.700396E-2,0E0,0E0,0E0,0E0,2.963461E-3,3.787391E-4,0E0,0E0,0E0,0E0],"parents":[2147483647,0,0,1,1,2,2,3,3,4,4,9,9,10,10],"right_children":[2,4,6,8,10,-1,-1,-1,-1,12,14,-1,-1,-1,-1],"split_conditions":[9.012717E-1,2.0039903E-1,1E0,1.00259006E-1,6.0120165E-1,3.403778E-2,1.3970795E-1,-1.213006E-1,-2.9902268E-2,3.0080768E-1,8.019485E-1,-1.0438538E-2,-2.7089438E-3,3.8902282E-3,1.4927673E-2],"split_indices":[0,0,0,0,0,0,0,0,0,0,0,0,0,0,0],"split_type":[0,0,0,0,0,0,0,0,0,0,0,0,0,0,0],"sum_hessian":[9E0,7E0,2E0,2E0,5E0,1E0,1E0,1E0,1E0,3E0,2E0,1E0,2E0,1E0,1E0],"tree_param":{"num_deleted":"0","num_feature":"2","num_nodes":"15","size_leaf_vector":"1"}},{"base_weights":[5.1168345E-2,-3.486868E-1,1.1003927E0,-9.5761776E-1,1.3893127E-2,3.2336425E-2,1.3272248E-1,-1.1523557E-1,-2.8407097E-2,-6.8546295E-2,1.1918131E-1,-9.916687E-3,-2.5283813E-3,3.6956787E-3,1.4181519E-2],"categories":[],"categories_nodes":[],"categories_segments":[],"categories_sizes":[],"default_left":[0,0,0,0,0,0,0,0,0,0,0,0,0,0,0],"id":85,"left_children":[1,3,5,7,9,-1,-1,-1,-1,11,13,-1,-1,-1,-1],"loss_changes":[4.5790696E0,1.7795936E0,9.958792E-2,6.614423E-2,6.024882E-2,0E0,0E0,0E0,0E0,2.7915705E-3,3.4214184E-4,0E0,0E0,0E0,0E0],"parents":[2147483647,0,0,1,1,2,2,3,3,4,4,9,9,10,10],"right_children":[2,4,6,8,10,-1,-1,-1,-1,12,14,-1,-1,-1,-1],"split_conditions":[9.012717E-1,2.0039903E-1,1E0,1.00259006E-1,6.0120165E-1,3.2336425E-2,1.3272248E-1,-1.1523557E-1,-2.8407097E-2,3.0080768E-1,8.019485E-1,-9.916687E-3,-2.5283813E-3,3.6956787E-3,1.4181519E-2],"split_indices":[0,0,0,0,0,0,0,0,0,0,0,0,0,0,0],"split_type":[0,0,0,0,0,0,0,0,0,0,0,0,0,0,0],"sum_hessian":[9E0,7E0,2E0,2E0,5E0,1E0,1E0,1E0,1E0,3E0,2E0,1E0,2E0,1E0,1E0],"tree_param":{"num_deleted":"0","num_feature":"2","num_nodes":"15","size_leaf_vector":"1"}},{"base_weights":[4.8734307E-2,-3.3109567E-1,1.0453695E0,-9.097366E-1,1.340739E-2,3.0718995E-2,1.2608643E-1,-1.0947379E-1,-2.6986694E-2,-6.480408E-2,1.13220215E-1,-9.420777E-3,-2.3600261E-3,3.5110475E-3,1.3471985E-2],"categories":[],"categories_nodes":[],"categories_segments":[],"categories_sizes":[],"default_left":[0,0,0,0,0,0,0,0,0,0,0,0,0,0,0],"id":86,"left_children":[1,3,5,7,9,-1,-1,-1,-1,11,13,-1,-1,-1,-1],"loss_changes":[4.131636E0,1.6069456E0,8.989668E-2,5.9696674E-2,5.4176174E-2,0E0,0E0,0E0,0E0,2.6228502E-3,3.0791387E-4,0E0,0E0,0E0,0E0],"parents":[2147483647,0,0,1,1,2,2,3,3,4,4,9,9,10,10],"right_children":[2,4,6,8,10,-1,-1,-1,-1,12,14,-1,-1,-1,-1],"split_conditions":[9.012717E-1,2.0039903E-1,1E0,1.00259006E-1,6.0120165E-1,3.0718995E-2,1.2608643E-1,-1.0947379E-1,-2.6986694E-2,3.0080768E-1,8.019485E-1,-9.420777E-3,-2.3600261E-3,3.5110475E-3,1.3471985E-2],"split_indices":[0,0,0,0,0,0,0,0,0,0,0,0,0,0,0],"split_type":[0,0,0,0,0,0,0,0,0,0,0,0,0,0,0],"sum_hessian":[9E0,7E0,2E0,2E0,5E0,1E0,1E0,1E0,1E0,3E0,2E0,1E0,2E0,1E0,1E0],"tree_param":{"num_deleted":"0","num_feature":"2","num_nodes":"15","size_leaf_vector":"1"}},{"base_weights":[4.641416E-2,-3.1439212E-1,9.9309283E-1,-8.6425024E-1,1.2935638E-2,2.9182434E-2,1.19781494E-1,-1.0400011E-1,-2.5637437E-2,-6.126976E-2,1.0756429E-1,-7.609812E-3,-8.392334E-4,3.3355714E-3,1.2799072E-2],"categories":[],"categories_nodes":[],"categories_segments":[],"categories_sizes":[],"default_left":[0,0,0,0,0,0,0,0,0,0,0,0,0,0,0],"id":87,"left_children":[1,3,5,7,9,-1,-1,-1,-1,11,13,-1,-1,-1,-1],"loss_changes":[3.7278967E0,1.4510503E0,8.1144094E-2,5.3874254E-2,4.8722178E-2,0E0,0E0,0E0,0E0,2.4977028E-3,2.7822703E-4,0E0,0E0,0E0,0E0],"parents":[2147483647,0,0,1,1,2,2,3,3,4,4,9,9,10,10],"right_children":[2,4,6,8,10,-1,-1,-1,-1,12,14,-1,-1,-1,-1],"split_conditions":[9.012717E-1,2.0039903E-1,1E0,1.00259006E-1,6.0120165E-1,2.9182434E-2,1.19781494E-1,-1.0400011E-1,-2.5637437E-2,4.0045577E-1,8.019485E-1,-7.609812E-3,-8.392334E-4,3.3355714E-3,1.2799072E-2],"split_indices":[0,0,0,0,0,0,0,0,0,0,0,0,0,0,0],"split_type":[0,0,0,0,0,0,0,0,0,0,0,0,0,0,0],"sum_hessian":[9E0,7E0,2E0,2E0,5E0,1E0,1E0,1E0,1E0,3E0,2E0,2E0,1E0,1E0,1E0],"tree_param":{"num_deleted":"0","num_feature":"2","num_nodes":"15","size_leaf_vector":"1"}},{"base_weights":[4.447477E-2,-2.9819682E-1,9.4344074E-1,-8.2103735E-1,1.2922923E-2,2.7723694E-2,1.1379242E-1,-9.88001E-2,-2.4355507E-2,-5.72567E-2,1.0218811E-1,-8.5693365E-3,-1.9213358E-3,3.1684877E-3,1.2159729E-2],"categories":[],"categories_nodes":[],"categories_segments":[],"categories_sizes":[],"default_left":[0,0,0,0,0,0,0,0,0,0,0,0,0,0,0],"id":88,"left_children":[1,3,5,7,9,-1,-1,-1,-1,11,13,-1,-1,-1,-1],"loss_changes":[3.361832E0,1.3119385E0,7.322216E-2,4.8622847E-2,4.3438535E-2,0E0,0E0,0E0,0E0,2.6808456E-3,2.5243685E-4,0E0,0E0,0E0,0E0],"parents":[2147483647,0,0,1,1,2,2,3,3,4,4,9,9,10,10],"right_children":[2,4,6,8,10,-1,-1,-1,-1,12,14,-1,-1,-1,-1],"split_conditions":[9.012717E-1,2.0039903E-1,1E0,1.00259006E-1,6.0120165E-1,2.7723694E-2,1.1379242E-1,-9.88001E-2,-2.4355507E-2,3.0080768E-1,8.019485E-1,-8.5693365E-3,-1.9213358E-3,3.1684877E-3,1.2159729E-2],"split_indices":[0,0,0,0,0,0,0,0,0,0,0,0,0,0,0],"split_type":[0,0,0,0,0,0,0,0,0,0,0,0,0,0,0],"sum_hessian":[9E0,7E0,2E0,2E0,5E0,1E0,1E0,1E0,1E0,3E0,2E0,1E0,2E0,1E0,1E0],"tree_param":{"num_deleted":"0","num_feature":"2","num_nodes":"15","size_leaf_vector":"1"}},{"base_weights":[4.234878E-2,-2.8316557E-1,8.9627075E-1,-7.799851E-1,1.24384565E-2,2.6338195E-2,1.0810242E-1,-9.38601E-2,-2.3137664E-2,-5.4153442E-2,9.7081505E-2,-8.140946E-3,-1.793162E-3,3.0097961E-3,1.155243E-2],"categories":[],"categories_nodes":[],"categories_segments":[],"categories_sizes":[],"default_left":[0,0,0,0,0,0,0,0,0,0,0,0,0,0,0],"id":89,"left_children":[1,3,5,7,9,-1,-1,-1,-1,11,13,-1,-1,-1,-1],"loss_changes":[3.0334315E0,1.1845965E0,6.606293E-2,4.388368E-2,3.9076544E-2,0E0,0E0,0E0,0E0,2.4892455E-3,2.2904389E-4,0E0,0E0,0E0,0E0],"parents":[2147483647,0,0,1,1,2,2,3,3,4,4,9,9,10,10],"right_children":[2,4,6,8,10,-1,-1,-1,-1,12,14,-1,-1,-1,-1],"split_conditions":[9.012717E-1,2.0039903E-1,1E0,1.00259006E-1,6.0120165E-1,2.6338195E-2,1.0810242E-1,-9.38601E-2,-2.3137664E-2,3.0080768E-1,8.019485E-1,-8.140946E-3,-1.793162E-3,3.0097961E-3,1.155243E-2],"split_indices":[0,0,0,0,0,0,0,0,0,0,0,0,0,0,0],"split_type":[0,0,0,0,0,0,0,0,0,0,0,0,0,0,0],"sum_hessian":[9E0,7E0,2E0,2E0,5E0,1E0,1E0,1E0,1E0,3E0,2E0,1E0,2E0,1E0,1E0],"tree_param":{"num_deleted":"0","num_feature":"2","num_nodes":"15","size_leaf_vector":"1"}},{"base_weights":[4.0320836E-2,-2.6889676E-1,8.5146075E-1,-7.409863E-1,1.1964162E-2,2.5021363E-2,1.0269775E-1,-8.916709E-2,-2.1980857E-2,-5.1221848E-2,9.222412E-2,-7.7339173E-3,-1.673635E-3,2.8594972E-3,1.0974121E-2],"categories":[],"categories_nodes":[],"categories_segments":[],"categories_sizes":[],"default_left":[0,0,0,0,0,0,0,0,0,0,0,0,0,0,0],"id":90,"left_children":[1,3,5,7,9,-1,-1,-1,-1,11,13,-1,-1,-1,-1],"loss_changes":[2.737142E0,1.0695974E0,5.9623003E-2,3.960347E-2,3.5151727E-2,0E0,0E0,0E0,0E0,2.3082998E-3,2.0574778E-4,0E0,0E0,0E0,0E0],"parents":[2147483647,0,0,1,1,2,2,3,3,4,4,9,9,10,10],"right_children":[2,4,6,8,10,-1,-1,-1,-1,12,14,-1,-1,-1,-1],"split_conditions":[9.012717E-1,2.0039903E-1,1E0,1.00259006E-1,6.0120165E-1,2.5021363E-2,1.0269775E-1,-8.916709E-2,-2.1980857E-2,3.0080768E-1,8.019485E-1,-7.7339173E-3,-1.673635E-3,2.8594972E-3,1.0974121E-2],"split_indices":[0,0,0,0,0,0,0,0,0,0,0,0,0,0,0],"split_type":[0,0,0,0,0,0,0,0,0,0,0,0,0,0,0],"sum_hessian":[9E0,7E0,2E0,2E0,5E0,1E0,1E0,1E0,1E0,3E0,2E0,1E0,2E0,1E0,1E0],"tree_param":{"num_deleted":"0","num_feature":"2","num_nodes":"15","size_leaf_vector":"1"}},{"base_weights":[3.8387787E-2,-2.5534856E-1,8.0888873E-1,-7.039372E-1,1.1503856E-2,2.3770142E-2,9.756317E-2,-8.4708735E-2,-2.0881845E-2,-4.8452377E-2,8.761088E-2,-7.347107E-3,-1.5622457E-3,2.7168274E-3,1.0424805E-2],"categories":[],"categories_nodes":[],"categories_segments":[],"categories_sizes":[],"default_left":[0,0,0,0,0,0,0,0,0,0,0,0,0,0,0],"id":91,"left_children":[1,3,5,7,9,-1,-1,-1,-1,11,13,-1,-1,-1,-1],"loss_changes":[2.46979E0,9.657536E-1,5.3815365E-2,3.5741568E-2,3.16235E-2,0E0,0E0,0E0,0E0,2.137648E-3,1.845397E-4,0E0,0E0,0E0,0E0],"parents":[2147483647,0,0,1,1,2,2,3,3,4,4,9,9,10,10],"right_children":[2,4,6,8,10,-1,-1,-1,-1,12,14,-1,-1,-1,-1],"split_conditions":[9.012717E-1,2.0039903E-1,1E0,1.00259006E-1,6.0120165E-1,2.3770142E-2,9.756317E-2,-8.4708735E-2,-2.0881845E-2,3.0080768E-1,8.019485E-1,-7.347107E-3,-1.5622457E-3,2.7168274E-3,1.0424805E-2],"split_indices":[0,0,0,0,0,0,0,0,0,0,0,0,0,0,0],"split_type":[0,0,0,0,0,0,0,0,0,0,0,0,0,0,0],"sum_hessian":[9E0,7E0,2E0,2E0,5E0,1E0,1E0,1E0,1E0,3E0,2E0,1E0,2E0,1E0,1E0],"tree_param":{"num_deleted":"0","num_feature":"2","num_nodes":"15","size_leaf_vector":"1"}},{"base_weights":[3.654524E-2,-2.424845E-1,7.684428E-1,-6.687404E-1,1.1057536E-2,2.2581482E-2,9.268494E-2,-8.04733E-2,-1.9837761E-2,-4.5833588E-2,8.3226524E-2,-6.979752E-3,-1.4579773E-2,2.5810243E-3,9.902954E-3,-1.7372131E-3,-4.497528E-4],"categories":[],"categories_nodes":[],"categories_segments":[],"categories_sizes":[],"default_left":[0,0,0,0,0,0,0,0,0,0,0,0,0,0,0,0,0],"id":92,"left_children":[1,3,5,7,9,-1,-1,-1,-1,11,13,-1,15,-1,-1,-1,-1],"loss_changes":[2.2285473E0,8.7198484E-1,4.857111E-2,3.2256603E-2,2.8449219E-2,0E0,0E0,0E0,0E0,1.978225E-3,1.660753E-4,0E0,6.328046E-6,0E0,0E0,0E0,0E0],"parents":[2147483647,0,0,1,1,2,2,3,3,4,4,9,9,10,10,12,12],"right_children":[2,4,6,8,10,-1,-1,-1,-1,12,14,-1,16,-1,-1,-1,-1],"split_conditions":[9.012717E-1,2.0039903E-1,1E0,1.00259006E-1,6.0120165E-1,2.2581482E-2,9.268494E-2,-8.04733E-2,-1.9837761E-2,3.0080768E-1,8.019485E-1,-6.979752E-3,4.0045577E-1,2.5810243E-3,9.902954E-3,-1.7372131E-3,-4.497528E-4],"split_indices":[0,0,0,0,0,0,0,0,0,0,0,0,0,0,0,0,0],"split_type":[0,0,0,0,0,0,0,0,0,0,0,0,0,0,0,0,0],"sum_hessian":[9E0,7E0,2E0,2E0,5E0,1E0,1E0,1E0,1E0,3E0,2E0,1E0,2E0,1E0,1E0,1E0,1E0],"tree_param":{"num_deleted":"0","num_feature":"2","num_nodes":"17","size_leaf_vector":"1"}},{"base_weights":[3.4720134E-2,-2.3035777E-1,7.300212E-1,-6.353038E-1,1.050822E-2,2.1452332E-2,8.805084E-2,-7.644963E-2,-1.884594E-2,-4.3540955E-2,7.9071045E-2,-6.630707E-3,-1.38498945E-2,2.4520874E-3,9.40857E-3,-1.6502381E-3,-4.272461E-4],"categories":[],"categories_nodes":[],"categories_segments":[],"categories_sizes":[],"default_left":[0,0,0,0,0,0,0,0,0,0,0,0,0,0,0,0,0],"id":93,"left_children":[1,3,5,7,9,-1,-1,-1,-1,11,13,-1,15,-1,-1,-1,-1],"loss_changes":[2.0112553E0,7.8697777E-1,4.3838024E-2,2.9110312E-2,2.5677413E-2,0E0,0E0,0E0,0E0,1.7854543E-3,1.5009195E-4,0E0,5.7062716E-6,0E0,0E0,0E0,0E0],"parents":[2147483647,0,0,1,1,2,2,3,3,4,4,9,9,10,10,12,12],"right_children":[2,4,6,8,10,-1,-1,-1,-1,12,14,-1,16,-1,-1,-1,-1],"split_conditions":[9.012717E-1,2.0039903E-1,1E0,1.00259006E-1,6.0120165E-1,2.1452332E-2,8.805084E-2,-7.644963E-2,-1.884594E-2,3.0080768E-1,8.019485E-1,-6.630707E-3,4.0045577E-1,2.4520874E-3,9.40857E-3,-1.6502381E-3,-4.272461E-4],"split_indices":[0,0,0,0,0,0,0,0,0,0,0,0,0,0,0,0,0],"split_type":[0,0,0,0,0,0,0,0,0,0,0,0,0,0,0,0,0],"sum_hessian":[9E0,7E0,2E0,2E0,5E0,1E0,1E0,1E0,1E0,3E0,2E0,1E0,2E0,1E0,1E0,1E0,1E0],"tree_param":{"num_deleted":"0","num_feature":"2","num_nodes":"17","size_leaf_vector":"1"}},{"base_weights":[3.2984756E-2,-2.1883985E-1,6.9352216E-1,-6.0353905E-1,9.983063E-3,2.0379638E-2,8.364868E-2,-7.262715E-2,-1.790371E-2,-4.136467E-2,7.511902E-2,-6.29921E-3,-1.3158162E-2,2.3292543E-3,8.938598E-3,-1.5678406E-3,-4.058838E-4],"categories":[],"categories_nodes":[],"categories_segments":[],"categories_sizes":[],"default_left":[0,0,0,0,0,0,0,0,0,0,0,0,0,0,0,0,0],"id":94,"left_children":[1,3,5,7,9,-1,-1,-1,-1,11,13,-1,15,-1,-1,-1,-1],"loss_changes":[1.8151659E0,7.1024907E-1,3.956759E-2,2.6270986E-2,2.3174776E-2,0E0,0E0,0E0,0E0,1.6112761E-3,1.3619475E-4,0E0,5.161448E-6,0E0,0E0,0E0,0E0],"parents":[2147483647,0,0,1,1,2,2,3,3,4,4,9,9,10,10,12,12],"right_children":[2,4,6,8,10,-1,-1,-1,-1,12,14,-1,16,-1,-1,-1,-1],"split_conditions":[9.012717E-1,2.0039903E-1,1E0,1.00259006E-1,6.0120165E-1,2.0379638E-2,8.364868E-2,-7.262715E-2,-1.790371E-2,3.0080768E-1,8.019485E-1,-6.29921E-3,4.0045577E-1,2.3292543E-3,8.938598E-3,-1.5678406E-3,-4.058838E-4],"split_indices":[0,0,0,0,0,0,0,0,0,0,0,0,0,0,0,0,0],"split_type":[0,0,0,0,0,0,0,0,0,0,0,0,0,0,0,0,0],"sum_hessian":[9E0,7E0,2E0,2E0,5E0,1E0,1E0,1E0,1E0,3E0,2E0,1E0,2E0,1E0,1E0,1E0,1E0],"tree_param":{"num_deleted":"0","num_feature":"2","num_nodes":"17","size_leaf_vector":"1"}},{"base_weights":[3.1334437E-2,-2.0789845E-1,6.58844E-1,-5.733625E-1,9.483337E-3,1.9360352E-2,7.9466246E-2,-6.8995796E-2,-1.7008591E-2,-3.9295197E-2,7.136027E-2,-5.984116E-3,-1.2499492E-2,2.2125244E-3,8.491516E-3,-1.4892578E-3,-3.856659E-4],"categories":[],"categories_nodes":[],"categories_segments":[],"categories_sizes":[],"default_left":[0,0,0,0,0,0,0,0,0,0,0,0,0,0,0,0,0],"id":95,"left_children":[1,3,5,7,9,-1,-1,-1,-1,11,13,-1,15,-1,-1,-1,-1],"loss_changes":[1.6381819E0,6.409993E-1,3.571534E-2,2.3708403E-2,2.091371E-2,0E0,0E0,0E0,0E0,1.4541899E-3,1.233574E-4,0E0,4.6135683E-6,0E0,0E0,0E0,0E0],"parents":[2147483647,0,0,1,1,2,2,3,3,4,4,9,9,10,10,12,12],"right_children":[2,4,6,8,10,-1,-1,-1,-1,12,14,-1,16,-1,-1,-1,-1],"split_conditions":[9.012717E-1,2.0039903E-1,1E0,1.00259006E-1,6.0120165E-1,1.9360352E-2,7.9466246E-2,-6.8995796E-2,-1.7008591E-2,3.0080768E-1,8.019485E-1,-5.984116E-3,4.0045577E-1,2.2125244E-3,8.491516E-3,-1.4892578E-3,-3.856659E-4],"split_indices":[0,0,0,0,0,0,0,0,0,0,0,0,0,0,0,0,0],"split_type":[0,0,0,0,0,0,0,0,0,0,0,0,0,0,0,0,0],"sum_hessian":[9E0,7E0,2E0,2E0,5E0,1E0,1E0,1E0,1E0,3E0,2E0,1E0,2E0,1E0,1E0,1E0,1E0],"tree_param":{"num_deleted":"0","num_feature":"2","num_nodes":"17","size_leaf_vector":"1"}},{"base_weights":[2.9769588E-2,-1.9750252E-1,6.2590533E-1,-5.44694E-1,9.010315E-3,1.8392945E-2,7.549286E-2,-6.5546E-2,-1.6158104E-2,-3.7330627E-2,6.77948E-2,-5.6850435E-3,-1.1873881E-2,2.1018982E-3,8.067322E-3,-1.4148712E-3,-3.6621094E-4],"categories":[],"categories_nodes":[],"categories_segments":[],"categories_sizes":[],"default_left":[0,0,0,0,0,0,0,0,0,0,0,0,0,0,0,0,0],"id":96,"left_children":[1,3,5,7,9,-1,-1,-1,-1,11,13,-1,15,-1,-1,-1,-1],"loss_changes":[1.4784683E0,5.7850385E-1,3.2221913E-2,2.139777E-2,1.8875591E-2,0E0,0E0,0E0,0E0,1.3126079E-3,1.1152588E-4,0E0,4.2270694E-6,0E0,0E0,0E0,0E0],"parents":[2147483647,0,0,1,1,2,2,3,3,4,4,9,9,10,10,12,12],"right_children":[2,4,6,8,10,-1,-1,-1,-1,12,14,-1,16,-1,-1,-1,-1],"split_conditions":[9.012717E-1,2.0039903E-1,1E0,1.00259006E-1,6.0120165E-1,1.8392945E-2,7.549286E-2,-6.5546E-2,-1.6158104E-2,3.0080768E-1,8.019485E-1,-5.6850435E-3,4.0045577E-1,2.1018982E-3,8.067322E-3,-1.4148712E-3,-3.6621094E-4],"split_indices":[0,0,0,0,0,0,0,0,0,0,0,0,0,0,0,0,0],"split_type":[0,0,0,0,0,0,0,0,0,0,0,0,0,0,0,0,0],"sum_hessian":[9E0,7E0,2E0,2E0,5E0,1E0,1E0,1E0,1E0,3E0,2E0,1E0,2E0,1E0,1E0,1E0,1E0],"tree_param":{"num_deleted":"0","num_feature":"2","num_nodes":"17","size_leaf_vector":"1"}},{"base_weights":[2.8279757E-2,-1.8762699E-1,5.946045E-1,-5.17459E-1,8.560181E-3,1.7472839E-2,7.1717836E-2,-6.22687E-2,-1.5350151E-2,-3.546524E-2,6.440735E-2,-5.4008486E-3,-1.1281331E-2,1.9966126E-3,7.66449E-3,-1.3442993E-3,-3.479004E-4],"categories":[],"categories_nodes":[],"categories_segments":[],"categories_sizes":[],"default_left":[0,0,0,0,0,0,0,0,0,0,0,0,0,0,0,0,0],"id":97,"left_children":[1,3,5,7,9,-1,-1,-1,-1,11,13,-1,15,-1,-1,-1,-1],"loss_changes":[1.3342973E0,5.221E-1,2.9085994E-2,1.9312203E-2,1.7036391E-2,0E0,0E0,0E0,0E0,1.184505E-3,1.0125246E-4,0E0,3.829744E-6,0E0,0E0,0E0,0E0],"parents":[2147483647,0,0,1,1,2,2,3,3,4,4,9,9,10,10,12,12],"right_children":[2,4,6,8,10,-1,-1,-1,-1,12,14,-1,16,-1,-1,-1,-1],"split_conditions":[9.012717E-1,2.0039903E-1,1E0,1.00259006E-1,6.0120165E-1,1.7472839E-2,7.1717836E-2,-6.22687E-2,-1.5350151E-2,3.0080768E-1,8.019485E-1,-5.4008486E-3,4.0045577E-1,1.9966126E-3,7.66449E-3,-1.3442993E-3,-3.479004E-4],"split_indices":[0,0,0,0,0,0,0,0,0,0,0,0,0,0,0,0,0],"split_type":[0,0,0,0,0,0,0,0,0,0,0,0,0,0,0,0,0],"sum_hessian":[9E0,7E0,2E0,2E0,5E0,1E0,1E0,1E0,1E0,3E0,2E0,1E0,2E0,1E0,1E0,1E0,1E0],"tree_param":{"num_deleted":"0","num_feature":"2","num_nodes":"17","size_leaf_vector":"1"}},{"base_weights":[2.686503E-2,-1.7824504E-1,5.648702E-1,-4.9158597E-1,8.132935E-3,1.6598511E-2,6.813202E-2,-5.9155263E-2,-1.4582634E-2,-3.3691406E-2,6.1187744E-2,-5.130768E-3,-1.0716756E-2,1.8966675E-3,7.2814943E-3,-1.2771607E-3,-3.3035278E-4],"categories":[],"categories_nodes":[],"categories_segments":[],"categories_sizes":[],"default_left":[0,0,0,0,0,0,0,0,0,0,0,0,0,0,0,0,0],"id":98,"left_children":[1,3,5,7,9,-1,-1,-1,-1,11,13,-1,15,-1,-1,-1,-1],"loss_changes":[1.2041881E0,4.7119677E-1,2.6261449E-2,1.7429352E-2,1.5375396E-2,0E0,0E0,0E0,0E0,1.0690587E-3,9.1680326E-5,0E0,3.5078556E-6,0E0,0E0,0E0,0E0],"parents":[2147483647,0,0,1,1,2,2,3,3,4,4,9,9,10,10,12,12],"right_children":[2,4,6,8,10,-1,-1,-1,-1,12,14,-1,16,-1,-1,-1,-1],"split_conditions":[9.012717E-1,2.0039903E-1,1E0,1.00259006E-1,6.0120165E-1,1.6598511E-2,6.813202E-2,-5.9155263E-2,-1.4582634E-2,3.0080768E-1,8.019485E-1,-5.130768E-3,4.0045577E-1,1.8966675E-3,7.2814943E-3,-1.2771607E-3,-3.3035278E-4],"split_indices":[0,0,0,0,0,0,0,0,0,0,0,0,0,0,0,0,0],"split_type":[0,0,0,0,0,0,0,0,0,0,0,0,0,0,0,0,0],"sum_hessian":[9E0,7E0,2E0,2E0,5E0,1E0,1E0,1E0,1E0,3E0,2E0,1E0,2E0,1E0,1E0,1E0,1E0],"tree_param":{"num_deleted":"0","num_feature":"2","num_nodes":"17","size_leaf_vector":"1"}},{"base_weights":[2.5518512E-2,-1.6933477E-1,5.366211E-1,-4.6700636E-1,7.7234902E-3,1.5768433E-2,6.4724736E-2,-5.61975E-2,-1.3853455E-2,-3.2009125E-2,5.8125813E-2,-4.8744204E-3,-1.0182698E-2,1.802063E-3,6.9168094E-3,-1.2134552E-3,-3.139496E-4],"categories":[],"categories_nodes":[],"categories_segments":[],"categories_sizes":[],"default_left":[0,0,0,0,0,0,0,0,0,0,0,0,0,0,0,0,0],"id":99,"left_children":[1,3,5,7,9,-1,-1,-1,-1,11,13,-1,15,-1,-1,-1,-1],"loss_changes":[1.0867687E0,4.2524865E-1,2.3700297E-2,1.573062E-2,1.3876253E-2,0E0,0E0,0E0,0E0,9.6472027E-4,8.210447E-5,0E0,3.145513E-6,0E0,0E0,0E0,0E0],"parents":[2147483647,0,0,1,1,2,2,3,3,4,4,9,9,10,10,12,12],"right_children":[2,4,6,8,10,-1,-1,-1,-1,12,14,-1,16,-1,-1,-1,-1],"split_conditions":[9.012717E-1,2.0039903E-1,1E0,1.00259006E-1,6.0120165E-1,1.5768433E-2,6.4724736E-2,-5.61975E-2,-1.3853455E-2,3.0080768E-1,8.019485E-1,-4.8744204E-3,4.0045577E-1,1.802063E-3,6.9168094E-3,-1.2134552E-3,-3.139496E-4],"split_indices":[0,0,0,0,0,0,0,0,0,0,0,0,0,0,0,0,0],"split_type":[0,0,0,0,0,0,0,0,0,0,0,0,0,0,0,0,0],"sum_hessian":[9E0,7E0,2E0,2E0,5E0,1E0,1E0,1E0,1E0,3E0,2E0,1E0,2E0,1E0,1E0,1E0,1E0],"tree_param":{"num_deleted":"0","num_feature":"2","num_nodes":"17","size_leaf_vector":"1"}}]},"name":"gbtree"},"learner_model_param":{"base_score":"1.7484723E2","boost_from_average":"1","num_class":"0","num_feature":"2","num_target":"1"},"objective":{"name":"reg:squarederror","reg_loss_param":{"scale_pos_weight":"1"}}},"version":[2,0,1]}