{"model_name": "ExponentialRegressionTrainer_3", "model_class": "curvefit", "model_file": "ExponentialRegressionTrainer_3.json", "features": ["bpf_cpu_time_ms", "bpf_page_cache_hit", "cache_miss", "cgroupfs_cpu_usage_us", "cgroupfs_memory_usage_bytes", "cgroupfs_system_cpu_usage_us", "cgroupfs_user_cpu_usage_us", "cpu_cycles", "cpu_instructions"], "fe_files": [], "output_type": "AbsPower", "mae": 50.33, "mape": 11.23, "package_mae": 50.33, "core_mae": 0.0, "uncore_mae": 0.0, "dram_mae": 3.05, "package_mape": 37.65, "core_mape": -1, "uncore_mape": -1, "dram_mape": 11.23}