{"model_name": "SGDRegressorTrainer_3", "model_class": "scikit", "model_file": "SGDRegressorTrainer_3.json", "features": ["bpf_cpu_time_ms", "bpf_page_cache_hit", "cache_miss", "cgroupfs_cpu_usage_us", "cgroupfs_memory_usage_bytes", "cgroupfs_system_cpu_usage_us", "cgroupfs_user_cpu_usage_us", "cpu_cycles", "cpu_instructions"], "fe_files": [], "output_type": "DynPower", "mae": 6.61, "mape": 201.35, "package_mae": 6.43, "core_mae": 6.61, "uncore_mae": 0.0, "dram_mae": 1.47, "package_mape": 96.5, "core_mape": 210.37, "uncore_mape": -1, "dram_mape": 201.35}