{"learner":{"attributes":{"scikit_learn":"{\"_estimator_type\": \"regressor\"}"},"feature_names":[],"feature_types":[],"gradient_booster":{"model":{"gbtree_model_param":{"num_parallel_tree":"1","num_trees":"100"},"iteration_indptr":[0,1,2,3,4,5,6,7,8,9,10,11,12,13,14,15,16,17,18,19,20,21,22,23,24,25,26,27,28,29,30,31,32,33,34,35,36,37,38,39,40,41,42,43,44,45,46,47,48,49,50,51,52,53,54,55,56,57,58,59,60,61,62,63,64,65,66,67,68,69,70,71,72,73,74,75,76,77,78,79,80,81,82,83,84,85,86,87,88,89,90,91,92,93,94,95,96,97,98,99,100],"tree_info":[0,0,0,0,0,0,0,0,0,0,0,0,0,0,0,0,0,0,0,0,0,0,0,0,0,0,0,0,0,0,0,0,0,0,0,0,0,0,0,0,0,0,0,0,0,0,0,0,0,0,0,0,0,0,0,0,0,0,0,0,0,0,0,0,0,0,0,0,0,0,0,0,0,0,0,0,0,0,0,0,0,0,0,0,0,0,0,0,0,0,0,0,0,0,0,0,0,0,0,0],"trees":[{"base_weights":[-4.577637E-6,-4.8419052E1,8.473333E0,-6.164445E0,-1.02370405E1,-1.267778E0,-2.67778E-1],"categories":[],"categories_nodes":[],"categories_segments":[],"categories_sizes":[],"default_left":[0,0,0,0,0,0,0],"id":0,"left_children":[1,3,-1,-1,5,-1,-1],"loss_changes":[4.512978E4,2.90375E3,0E0,0E0,2.1402252E1,0E0,0E0],"parents":[2147483647,0,0,1,1,4,4],"right_children":[2,4,-1,-1,6,-1,-1],"split_conditions":[8.0225587E-1,4.004462E-1,8.473333E0,-6.164445E0,4.9986365E-1,-1.267778E0,-2.67778E-1],"split_indices":[0,0,0,0,0,0,0],"split_type":[0,0,0,0,0,0,0],"sum_hessian":[9E0,6E0,3E0,4E0,2E0,1E0,1E0],"tree_param":{"num_deleted":"0","num_feature":"2","num_nodes":"7","size_leaf_vector":"1"}},{"base_weights":[7.7330016E-2,-4.4677147E1,7.8378334E0,-6.184334E0,-1.6341671E1,-2.0092967E0,-2.543892E-1],"categories":[],"categories_nodes":[],"categories_segments":[],"categories_sizes":[],"default_left":[0,0,0,0,0,0,0],"id":1,"left_children":[1,3,-1,-1,5,-1,-1],"loss_changes":[3.8544926E4,2.3942617E3,0E0,0E0,1.5592395E2,0E0,0E0],"parents":[2147483647,0,0,1,1,4,4],"right_children":[2,4,-1,-1,6,-1,-1],"split_conditions":[8.0225587E-1,3.003631E-1,7.8378334E0,-6.184334E0,4.9986365E-1,-2.0092967E0,-2.543892E-1],"split_indices":[0,0,0,0,0,0,0],"split_type":[0,0,0,0,0,0,0],"sum_hessian":[9E0,6E0,3E0,3E0,3E0,2E0,1E0],"tree_param":{"num_deleted":"0","num_feature":"2","num_nodes":"7","size_leaf_vector":"1"}},{"base_weights":[8.581543E-3,-4.141629E1,7.249996E0,-5.260043E0,-8.970627E0,-1.1039246E0,-2.4166946E-1],"categories":[],"categories_nodes":[],"categories_segments":[],"categories_sizes":[],"default_left":[0,0,0,0,0,0,0],"id":2,"left_children":[1,3,-1,-1,5,-1,-1],"loss_changes":[3.303214E4,2.0682783E3,0E0,0E0,1.3994278E1,0E0,0E0],"parents":[2147483647,0,0,1,1,4,4],"right_children":[2,4,-1,-1,6,-1,-1],"split_conditions":[8.0225587E-1,4.004462E-1,7.249996E0,-5.260043E0,4.9986365E-1,-1.1039246E0,-2.4166946E-1],"split_indices":[0,0,0,0,0,0,0],"split_type":[0,0,0,0,0,0,0],"sum_hessian":[9E0,6E0,3E0,4E0,2E0,1E0,1E0],"tree_param":{"num_deleted":"0","num_feature":"2","num_nodes":"7","size_leaf_vector":"1"}},{"base_weights":[7.2157286E-2,-3.8218327E1,6.7062464E0,-5.3260055E0,-1.3622017E1,-1.6632117E0,-2.2958604E-1],"categories":[],"categories_nodes":[],"categories_segments":[],"categories_sizes":[],"default_left":[0,0,0,0,0,0,0],"id":3,"left_children":[1,3,-1,-1,5,-1,-1],"loss_changes":[2.8213926E4,1.8642871E3,0E0,0E0,9.81864E1,0E0,0E0],"parents":[2147483647,0,0,1,1,4,4],"right_children":[2,4,-1,-1,6,-1,-1],"split_conditions":[8.0225587E-1,3.003631E-1,6.7062464E0,-5.3260055E0,4.9986365E-1,-1.6632117E0,-2.2958604E-1],"split_indices":[0,0,0,0,0,0,0],"split_type":[0,0,0,0,0,0,0],"sum_hessian":[9E0,6E0,3E0,3E0,3E0,2E0,1E0],"tree_param":{"num_deleted":"0","num_feature":"2","num_nodes":"7","size_leaf_vector":"1"}},{"base_weights":[1.3682556E-2,-3.5427753E1,6.203277E0,-4.926555E0,-1.2733017E1,-1.5523311E0,-2.1810685E-1],"categories":[],"categories_nodes":[],"categories_segments":[],"categories_sizes":[],"default_left":[0,0,0,0,0,0,0],"id":4,"left_children":[1,3,-1,-1,5,-1,-1],"loss_changes":[2.4178137E4,1.5710156E3,0E0,0E0,8.3914734E1,0E0,0E0],"parents":[2147483647,0,0,1,1,4,4],"right_children":[2,4,-1,-1,6,-1,-1],"split_conditions":[8.0225587E-1,3.003631E-1,6.203277E0,-4.926555E0,4.9986365E-1,-1.5523311E0,-2.1810685E-1],"split_indices":[0,0,0,0,0,0,0],"split_type":[0,0,0,0,0,0,0],"sum_hessian":[9E0,6E0,3E0,3E0,3E0,2E0,1E0],"tree_param":{"num_deleted":"0","num_feature":"2","num_nodes":"7","size_leaf_vector":"1"}},{"base_weights":[-3.7054442E-2,-3.2841686E1,5.7380314E0,-4.557063E0,-1.1902321E1,-1.4488419E0,-2.0720139E-1],"categories":[],"categories_nodes":[],"categories_segments":[],"categories_sizes":[],"default_left":[0,0,0,0,0,0,0],"id":5,"left_children":[1,3,-1,-1,5,-1,-1],"loss_changes":[2.0720021E4,1.3233555E3,0E0,0E0,7.1668396E1,0E0,0E0],"parents":[2147483647,0,0,1,1,4,4],"right_children":[2,4,-1,-1,6,-1,-1],"split_conditions":[8.0225587E-1,3.003631E-1,5.7380314E0,-4.557063E0,4.9986365E-1,-1.4488419E0,-2.0720139E-1],"split_indices":[0,0,0,0,0,0,0],"split_type":[0,0,0,0,0,0,0],"sum_hessian":[9E0,6E0,3E0,3E0,3E0,2E0,1E0],"tree_param":{"num_deleted":"0","num_feature":"2","num_nodes":"7","size_leaf_vector":"1"}},{"base_weights":[-8.085785E-2,-3.0445103E1,5.3076787E0,-4.7224736E0,-1.4288302E1,-1.6876172E0,-1.9684143E-1],"categories":[],"categories_nodes":[],"categories_segments":[],"categories_sizes":[],"default_left":[0,0,0,0,0,0,0],"id":6,"left_children":[1,3,-1,-1,5,-1,-1],"loss_changes":[1.7756848E4,1.2229746E3,0E0,0E0,1.26191895E2,0E0,0E0],"parents":[2147483647,0,0,1,1,4,4],"right_children":[2,4,-1,-1,6,-1,-1],"split_conditions":[8.0225587E-1,1.9990724E-1,5.3076787E0,-4.7224736E0,4.9986365E-1,-1.6876172E0,-1.9684143E-1],"split_indices":[0,0,0,0,0,0,0],"split_type":[0,0,0,0,0,0,0],"sum_hessian":[9E0,6E0,3E0,2E0,4E0,3E0,1E0],"tree_param":{"num_deleted":"0","num_feature":"2","num_nodes":"7","size_leaf_vector":"1"}},{"base_weights":[-2.0269623E-1,-2.8344439E1,4.9096026E0,-4.407642E0,-1.32363615E1,-1.5610455E0,-1.8699951E-1],"categories":[],"categories_nodes":[],"categories_segments":[],"categories_sizes":[],"default_left":[0,0,0,0,0,0,0],"id":7,"left_children":[1,3,-1,-1,5,-1,-1],"loss_changes":[1.5265119E4,1.0803486E3,0E0,0E0,1.05732605E2,0E0,0E0],"parents":[2147483647,0,0,1,1,4,4],"right_children":[2,4,-1,-1,6,-1,-1],"split_conditions":[8.0225587E-1,1.9990724E-1,4.9096026E0,-4.407642E0,4.9986365E-1,-1.5610455E0,-1.8699951E-1],"split_indices":[0,0,0,0,0,0,0],"split_type":[0,0,0,0,0,0,0],"sum_hessian":[9E0,6E0,3E0,2E0,4E0,3E0,1E0],"tree_param":{"num_deleted":"0","num_feature":"2","num_nodes":"7","size_leaf_vector":"1"}},{"base_weights":[-3.0703583E-1,-2.6389378E1,4.5413823E0,-4.1137996E0,-1.2262332E1,-1.4439667E0,-1.7764969E-1],"categories":[],"categories_nodes":[],"categories_segments":[],"categories_sizes":[],"default_left":[0,0,0,0,0,0,0],"id":8,"left_children":[1,3,-1,-1,5,-1,-1],"loss_changes":[1.3123515E4,9.540322E2,0E0,0E0,8.850391E1,0E0,0E0],"parents":[2147483647,0,0,1,1,4,4],"right_children":[2,4,-1,-1,6,-1,-1],"split_conditions":[8.0225587E-1,1.9990724E-1,4.5413823E0,-4.1137996E0,4.9986365E-1,-1.4439667E0,-1.7764969E-1],"split_indices":[0,0,0,0,0,0,0],"split_type":[0,0,0,0,0,0,0],"sum_hessian":[9E0,6E0,3E0,2E0,4E0,3E0,1E0],"tree_param":{"num_deleted":"0","num_feature":"2","num_nodes":"7","size_leaf_vector":"1"}},{"base_weights":[-3.9573517E-1,-2.4569784E1,4.2007786E1,-3.8395462E0,-1.1360422E1,1.1838524E0,4.8118033E0,-1.3356689E0,-1.6876756E-1],"categories":[],"categories_nodes":[],"categories_segments":[],"categories_sizes":[],"default_left":[0,0,0,0,0,0,0,0,0],"id":9,"left_children":[1,3,5,-1,7,-1,-1,-1,-1],"loss_changes":[1.128277E4,8.4220996E2,1.6772021E2,0E0,7.400519E1,0E0,0E0,0E0,0E0],"parents":[2147483647,0,0,1,1,2,2,4,4],"right_children":[2,4,6,-1,8,-1,-1,-1,-1],"split_conditions":[8.0225587E-1,1.9990724E-1,9.0083593E-1,-3.8395462E0,4.9986365E-1,1.1838524E0,4.8118033E0,-1.3356689E0,-1.6876756E-1],"split_indices":[0,0,0,0,0,0,0,0,0],"split_type":[0,0,0,0,0,0,0,0,0],"sum_hessian":[9E0,6E0,3E0,2E0,4E0,1E0,2E0,3E0,1E0],"tree_param":{"num_deleted":"0","num_feature":"2","num_nodes":"9","size_leaf_vector":"1"}},{"base_weights":[-2.9099426E-1,-2.2876234E1,3.9305923E1,-3.583576E0,-1.0525271E1,1.1246598E0,4.491017E0,-1.2354943E0,-1.6032945E-1],"categories":[],"categories_nodes":[],"categories_segments":[],"categories_sizes":[],"default_left":[0,0,0,0,0,0,0,0,0],"id":10,"left_children":[1,3,5,-1,7,-1,-1,-1,-1],"loss_changes":[9.8422295E3,7.4325684E2,1.2391846E2,0E0,6.1812805E1,0E0,0E0,0E0,0E0],"parents":[2147483647,0,0,1,1,2,2,4,4],"right_children":[2,4,6,-1,8,-1,-1,-1,-1],"split_conditions":[8.0225587E-1,1.9990724E-1,9.0083593E-1,-3.583576E0,4.9986365E-1,1.1246598E0,4.491017E0,-1.2354943E0,-1.6032945E-1],"split_indices":[0,0,0,0,0,0,0,0,0],"split_type":[0,0,0,0,0,0,0,0,0],"sum_hessian":[9E0,6E0,3E0,2E0,4E0,1E0,2E0,3E0,1E0],"tree_param":{"num_deleted":"0","num_feature":"2","num_nodes":"9","size_leaf_vector":"1"}},{"base_weights":[-1.9826965E-1,-2.1299957E1,3.677925E1,-3.8535035E0,-1.2004939E1,1.0684265E0,4.1916156E0,-1.3796674E0,-1.5231323E-1],"categories":[],"categories_nodes":[],"categories_segments":[],"categories_sizes":[],"default_left":[0,0,0,0,0,0,0,0,0],"id":11,"left_children":[1,3,5,-1,7,-1,-1,-1,-1],"loss_changes":[8.586276E3,6.58792E2,8.834717E1,0E0,9.1669556E1,0E0,0E0,0E0,0E0],"parents":[2147483647,0,0,1,1,2,2,4,4],"right_children":[2,4,6,-1,8,-1,-1,-1,-1],"split_conditions":[8.0225587E-1,9.987331E-2,9.0083593E-1,-3.8535035E0,4.9986365E-1,1.0684265E0,4.1916156E0,-1.3796674E0,-1.5231323E-1],"split_indices":[0,0,0,0,0,0,0,0,0],"split_type":[0,0,0,0,0,0,0,0,0],"sum_hessian":[9E0,6E0,3E0,1E0,5E0,1E0,2E0,4E0,1E0],"tree_param":{"num_deleted":"0","num_feature":"2","num_nodes":"9","size_leaf_vector":"1"}},{"base_weights":[-1.9098663E-1,-1.9939316E1,3.4416336E1,-3.6608284E0,-1.1059773E1,1.0150055E0,3.9121747E0,-1.3949493E0,-3.520223E-1],"categories":[],"categories_nodes":[],"categories_segments":[],"categories_sizes":[],"default_left":[0,0,0,0,0,0,0,0,0],"id":12,"left_children":[1,3,5,-1,7,-1,-1,-1,-1],"loss_changes":[7.520606E3,6.312102E2,5.9643555E1,0E0,8.16178E1,0E0,0E0,0E0,0E0],"parents":[2147483647,0,0,1,1,2,2,4,4],"right_children":[2,4,6,-1,8,-1,-1,-1,-1],"split_conditions":[8.0225587E-1,9.987331E-2,9.0083593E-1,-3.6608284E0,4.004462E-1,1.0150055E0,3.9121747E0,-1.3949493E0,-3.520223E-1],"split_indices":[0,0,0,0,0,0,0,0,0],"split_type":[0,0,0,0,0,0,0,0,0],"sum_hessian":[9E0,6E0,3E0,1E0,5E0,1E0,2E0,3E0,2E0],"tree_param":{"num_deleted":"0","num_feature":"2","num_nodes":"9","size_leaf_vector":"1"}},{"base_weights":[-2.1995087E-1,-1.871793E1,3.22065E1,-3.477787E0,-1.0244962E1,9.642555E-1,3.6513631E0,-1.2903286E0,-3.2855427E-1],"categories":[],"categories_nodes":[],"categories_segments":[],"categories_sizes":[],"default_left":[0,0,0,0,0,0,0,0,0],"id":13,"left_children":[1,3,5,-1,7,-1,-1,-1,-1],"loss_changes":[6.6010776E3,5.9622925E2,3.665869E1,0E0,6.860803E1,0E0,0E0,0E0,0E0],"parents":[2147483647,0,0,1,1,2,2,4,4],"right_children":[2,4,6,-1,8,-1,-1,-1,-1],"split_conditions":[8.0225587E-1,9.987331E-2,9.0083593E-1,-3.477787E0,4.004462E-1,9.642555E-1,3.6513631E0,-1.2903286E0,-3.2855427E-1],"split_indices":[0,0,0,0,0,0,0,0,0],"split_type":[0,0,0,0,0,0,0,0,0],"sum_hessian":[9E0,6E0,3E0,1E0,5E0,1E0,2E0,3E0,2E0],"tree_param":{"num_deleted":"0","num_feature":"2","num_nodes":"9","size_leaf_vector":"1"}},{"base_weights":[-2.4606171E-1,-1.7574234E1,3.0139755E1,-3.3038979E0,-9.49028E0,9.160431E-1,3.4079387E0,-1.0945661E0,-1.1066895E-1],"categories":[],"categories_nodes":[],"categories_segments":[],"categories_sizes":[],"default_left":[0,0,0,0,0,0,0,0,0],"id":14,"left_children":[1,3,5,-1,7,-1,-1,-1,-1],"loss_changes":[5.7949897E3,5.6156494E2,1.8421387E1,0E0,6.109442E1,0E0,0E0,0E0,0E0],"parents":[2147483647,0,0,1,1,2,2,4,4],"right_children":[2,4,6,-1,8,-1,-1,-1,-1],"split_conditions":[8.0225587E-1,9.987331E-2,9.0083593E-1,-3.3038979E0,4.9986365E-1,9.160431E-1,3.4079387E0,-1.0945661E0,-1.1066895E-1],"split_indices":[0,0,0,0,0,0,0,0,0],"split_type":[0,0,0,0,0,0,0,0,0],"sum_hessian":[9E0,6E0,3E0,1E0,5E0,1E0,2E0,4E0,1E0],"tree_param":{"num_deleted":"0","num_feature":"2","num_nodes":"9","size_leaf_vector":"1"}},{"base_weights":[-2.3997155E-1,-1.6460976E1,2.820678E1,-3.138703E0,-8.742129E0,8.702408E-1,3.1807435E0,-1.111462E0,-2.6647645E-1],"categories":[],"categories_nodes":[],"categories_segments":[],"categories_sizes":[],"default_left":[0,0,0,0,0,0,0,0,0],"id":15,"left_children":[1,3,5,-1,7,-1,-1,-1,-1],"loss_changes":[5.07866E3,5.32094E2,4.112793E0,0E0,5.6893097E1,0E0,0E0,0E0,0E0],"parents":[2147483647,0,0,1,1,2,2,4,4],"right_children":[2,4,6,-1,8,-1,-1,-1,-1],"split_conditions":[8.0225587E-1,9.987331E-2,9.0083593E-1,-3.138703E0,4.004462E-1,8.702408E-1,3.1807435E0,-1.111462E0,-2.6647645E-1],"split_indices":[0,0,0,0,0,0,0,0,0],"split_type":[0,0,0,0,0,0,0,0,0],"sum_hessian":[9E0,6E0,3E0,1E0,5E0,1E0,2E0,3E0,2E0],"tree_param":{"num_deleted":"0","num_feature":"2","num_nodes":"9","size_leaf_vector":"1"}},{"base_weights":[-2.6254082E-1,-1.5460111E1,2.6398842E0,-2.981768E0,-8.097569E0,-1.0281022E0,-2.4871114E-1],"categories":[],"categories_nodes":[],"categories_segments":[],"categories_sizes":[],"default_left":[0,0,0,0,0,0,0],"id":16,"left_children":[1,3,-1,-1,5,-1,-1],"loss_changes":[4.460011E3,4.985066E2,0E0,0E0,4.793091E1,0E0,0E0],"parents":[2147483647,0,0,1,1,4,4],"right_children":[2,4,-1,-1,6,-1,-1],"split_conditions":[8.0225587E-1,9.987331E-2,2.6398842E0,-2.981768E0,4.004462E-1,-1.0281022E0,-2.4871114E-1],"split_indices":[0,0,0,0,0,0,0],"split_type":[0,0,0,0,0,0,0],"sum_hessian":[9E0,6E0,3E0,1E0,5E0,3E0,2E0],"tree_param":{"num_deleted":"0","num_feature":"2","num_nodes":"7","size_leaf_vector":"1"}},{"base_weights":[-3.981556E-1,-1.4522466E1,2.4418926E1,-2.8326795E0,-7.500612E0,6.94735E-1,2.7927003E0,-8.6832327E-1,-7.937546E-2],"categories":[],"categories_nodes":[],"categories_segments":[],"categories_sizes":[],"default_left":[0,0,0,0,0,0,0,0,0],"id":17,"left_children":[1,3,5,-1,7,-1,-1,-1,-1],"loss_changes":[3.8598645E3,4.6605566E2,5.1147705E1,0E0,4.0697662E1,0E0,0E0,0E0,0E0],"parents":[2147483647,0,0,1,1,2,2,4,4],"right_children":[2,4,6,-1,8,-1,-1,-1,-1],"split_conditions":[8.0225587E-1,9.987331E-2,9.0083593E-1,-2.8326795E0,4.9986365E-1,6.94735E-1,2.7927003E0,-8.6832327E-1,-7.937546E-2],"split_indices":[0,0,0,0,0,0,0,0,0],"split_type":[0,0,0,0,0,0,0,0,0],"sum_hessian":[9E0,6E0,3E0,1E0,5E0,1E0,2E0,4E0,1E0],"tree_param":{"num_deleted":"0","num_feature":"2","num_nodes":"9","size_leaf_vector":"1"}},{"base_weights":[-3.8763466E-1,-1.3610276E1,2.2848896E1,-2.6910455E0,-6.908503E0,6.5999836E-1,2.6065207E0,-8.858704E-1,-2.0054017E-1],"categories":[],"categories_nodes":[],"categories_segments":[],"categories_sizes":[],"default_left":[0,0,0,0,0,0,0,0,0],"id":18,"left_children":[1,3,5,-1,7,-1,-1,-1,-1],"loss_changes":[3.3834626E3,4.3803235E2,3.7016357E1,0E0,3.9606934E1,0E0,0E0,0E0,0E0],"parents":[2147483647,0,0,1,1,2,2,4,4],"right_children":[2,4,6,-1,8,-1,-1,-1,-1],"split_conditions":[8.0225587E-1,9.987331E-2,9.0083593E-1,-2.6910455E0,4.004462E-1,6.5999836E-1,2.6065207E0,-8.858704E-1,-2.0054017E-1],"split_indices":[0,0,0,0,0,0,0,0,0],"split_type":[0,0,0,0,0,0,0,0,0],"sum_hessian":[9E0,6E0,3E0,1E0,5E0,1E0,2E0,3E0,2E0],"tree_param":{"num_deleted":"0","num_feature":"2","num_nodes":"9","size_leaf_vector":"1"}},{"base_weights":[-3.999607E-1,-1.2788884E1,2.1380646E1,-2.5564933E0,-6.398721E0,6.269989E-1,2.4327536E0,-8.1943035E-1,-1.8717042E-1],"categories":[],"categories_nodes":[],"categories_segments":[],"categories_sizes":[],"default_left":[0,0,0,0,0,0,0,0,0],"id":19,"left_children":[1,3,5,-1,7,-1,-1,-1,-1],"loss_changes":[2.9718174E3,4.079043E2,2.5584229E1,0E0,3.3434464E1,0E0,0E0,0E0,0E0],"parents":[2147483647,0,0,1,1,2,2,4,4],"right_children":[2,4,6,-1,8,-1,-1,-1,-1],"split_conditions":[8.0225587E-1,9.987331E-2,9.0083593E-1,-2.5564933E0,4.004462E-1,6.269989E-1,2.4327536E0,-8.1943035E-1,-1.8717042E-1],"split_indices":[0,0,0,0,0,0,0,0,0],"split_type":[0,0,0,0,0,0,0,0,0],"sum_hessian":[9E0,6E0,3E0,1E0,5E0,1E0,2E0,3E0,2E0],"tree_param":{"num_deleted":"0","num_feature":"2","num_nodes":"9","size_leaf_vector":"1"}},{"base_weights":[-4.102993E-1,-1.20190115E1,2.0007523E1,-2.4286685E0,-5.926619E0,5.956482E-1,2.270571E0,-7.579733E-1,-1.746928E-1],"categories":[],"categories_nodes":[],"categories_segments":[],"categories_sizes":[],"default_left":[0,0,0,0,0,0,0,0,0],"id":20,"left_children":[1,3,5,-1,7,-1,-1,-1,-1],"loss_changes":[2.610717E3,3.7923846E2,1.6403076E1,0E0,2.8215775E1,0E0,0E0,0E0,0E0],"parents":[2147483647,0,0,1,1,2,2,4,4],"right_children":[2,4,6,-1,8,-1,-1,-1,-1],"split_conditions":[8.0225587E-1,9.987331E-2,9.0083593E-1,-2.4286685E0,4.004462E-1,5.956482E-1,2.270571E0,-7.579733E-1,-1.746928E-1],"split_indices":[0,0,0,0,0,0,0,0,0],"split_type":[0,0,0,0,0,0,0,0,0],"sum_hessian":[9E0,6E0,3E0,1E0,5E0,1E0,2E0,3E0,2E0],"tree_param":{"num_deleted":"0","num_feature":"2","num_nodes":"9","size_leaf_vector":"1"}},{"base_weights":[-4.1877785E-1,-1.1297298E1,1.8723328E1,-2.3072352E0,-5.4893975E0,5.658661E-1,2.1191995E0,-6.3981324E-1,-4.7286224E-2],"categories":[],"categories_nodes":[],"categories_segments":[],"categories_sizes":[],"default_left":[0,0,0,0,0,0,0,0,0],"id":21,"left_children":[1,3,5,-1,7,-1,-1,-1,-1],"loss_changes":[2.2939011E3,3.5206494E2,9.091064E0,0E0,2.4326767E1,0E0,0E0,0E0,0E0],"parents":[2147483647,0,0,1,1,2,2,4,4],"right_children":[2,4,6,-1,8,-1,-1,-1,-1],"split_conditions":[8.0225587E-1,9.987331E-2,9.0083593E-1,-2.3072352E0,4.9986365E-1,5.658661E-1,2.1191995E0,-6.3981324E-1,-4.7286224E-2],"split_indices":[0,0,0,0,0,0,0,0,0],"split_type":[0,0,0,0,0,0,0,0,0],"sum_hessian":[9E0,6E0,3E0,1E0,5E0,1E0,2E0,4E0,1E0],"tree_param":{"num_deleted":"0","num_feature":"2","num_nodes":"9","size_leaf_vector":"1"}},{"base_weights":[-4.0782508E-1,-1.0595328E1,1.7522263E1,-2.1918733E0,-5.054972E0,5.375733E-1,1.9779196E0,-6.5313876E-1,-1.4014283E-1],"categories":[],"categories_nodes":[],"categories_segments":[],"categories_sizes":[],"default_left":[0,0,0,0,0,0,0,0,0],"id":22,"left_children":[1,3,5,-1,7,-1,-1,-1,-1],"loss_changes":[2.0122826E3,3.2835126E2,3.3278809E0,0E0,2.3211609E1,0E0,0E0,0E0,0E0],"parents":[2147483647,0,0,1,1,2,2,4,4],"right_children":[2,4,6,-1,8,-1,-1,-1,-1],"split_conditions":[8.0225587E-1,9.987331E-2,9.0083593E-1,-2.1918733E0,4.004462E-1,5.375733E-1,1.9779196E0,-6.5313876E-1,-1.4014283E-1],"split_indices":[0,0,0,0,0,0,0,0,0],"split_type":[0,0,0,0,0,0,0,0,0],"sum_hessian":[9E0,6E0,3E0,1E0,5E0,1E0,2E0,3E0,2E0],"tree_param":{"num_deleted":"0","num_feature":"2","num_nodes":"9","size_leaf_vector":"1"}},{"base_weights":[-4.140072E-1,-9.962249E0,1.6398919E0,-2.08228E0,-4.6816916E0,-6.0415345E-1,-1.3080038E0,-1.5828553E-1,-3.791504E-2],"categories":[],"categories_nodes":[],"categories_segments":[],"categories_sizes":[],"default_left":[0,0,0,0,0,0,0,0,0],"id":23,"left_children":[1,3,-1,-1,5,-1,7,-1,-1],"loss_changes":[1.7687091E3,3.0396228E2,0E0,0E0,1.9623749E1,0E0,1.6575003E-1,0E0,0E0],"parents":[2147483647,0,0,1,1,4,4,6,6],"right_children":[2,4,-1,-1,6,-1,8,-1,-1],"split_conditions":[8.0225587E-1,9.987331E-2,1.6398919E0,-2.08228E0,4.004462E-1,-6.0415345E-1,4.9986365E-1,-1.5828553E-1,-3.791504E-2],"split_indices":[0,0,0,0,0,0,0,0,0],"split_type":[0,0,0,0,0,0,0,0,0],"sum_hessian":[9E0,6E0,3E0,1E0,5E0,3E0,2E0,1E0,1E0],"tree_param":{"num_deleted":"0","num_feature":"2","num_nodes":"9","size_leaf_vector":"1"}},{"base_weights":[-4.9687997E-1,-9.377828E0,1.5168999E1,-1.9781656E0,-4.346914E0,6.7083335E-1,2.0275497E0,-5.588417E-1,-1.2426046E0,-1.5037155E-1,-3.6019135E-2],"categories":[],"categories_nodes":[],"categories_segments":[],"categories_sizes":[],"default_left":[0,0,0,0,0,0,0,0,0,0,0],"id":24,"left_children":[1,3,5,-1,7,-1,-1,-1,9,-1,-1],"loss_changes":[1.5335309E3,2.8039624E2,3.6802673E1,0E0,1.6179863E1,0E0,0E0,0E0,1.4959812E-1,0E0,0E0],"parents":[2147483647,0,0,1,1,2,2,4,4,8,8],"right_children":[2,4,6,-1,8,-1,-1,-1,10,-1,-1],"split_conditions":[8.0225587E-1,9.987331E-2,1E0,-1.9781656E0,4.004462E-1,6.7083335E-1,2.0275497E0,-5.588417E-1,4.9986365E-1,-1.5037155E-1,-3.6019135E-2],"split_indices":[0,0,0,0,0,0,0,0,0,0,0],"split_type":[0,0,0,0,0,0,0,0,0,0,0],"sum_hessian":[9E0,6E0,3E0,1E0,5E0,2E0,1E0,3E0,2E0,1E0,1E0],"tree_param":{"num_deleted":"0","num_feature":"2","num_nodes":"11","size_leaf_vector":"1"}},{"base_weights":[-4.496952E-1,-8.8291025E0,1.4326691E1,-1.8792574E0,-4.036428E0,6.2611085E-1,1.9261719E0,-5.1692885E-1,-1.1804708E0,-1.4285278E-1,-3.4217834E-2],"categories":[],"categories_nodes":[],"categories_segments":[],"categories_sizes":[],"default_left":[0,0,0,0,0,0,0,0,0,0,0],"id":25,"left_children":[1,3,5,-1,7,-1,-1,-1,9,-1,-1],"loss_changes":[1.3646653E3,2.584068E2,3.8615784E1,0E0,1.3310211E1,0E0,0E0,0E0,1.3502169E-1,0E0,0E0],"parents":[2147483647,0,0,1,1,2,2,4,4,8,8],"right_children":[2,4,6,-1,8,-1,-1,-1,10,-1,-1],"split_conditions":[8.0225587E-1,9.987331E-2,1E0,-1.8792574E0,4.004462E-1,6.2611085E-1,1.9261719E0,-5.1692885E-1,4.9986365E-1,-1.4285278E-1,-3.4217834E-2],"split_indices":[0,0,0,0,0,0,0,0,0,0,0],"split_type":[0,0,0,0,0,0,0,0,0,0,0],"sum_hessian":[9E0,6E0,3E0,1E0,5E0,2E0,1E0,3E0,2E0,1E0,1E0],"tree_param":{"num_deleted":"0","num_feature":"2","num_nodes":"11","size_leaf_vector":"1"}},{"base_weights":[-4.0682334E-1,-8.313803E0,1.3532097E1,-1.7852945E0,-3.748455E0,5.84371E-1,1.829863E0,-4.368117E-1,-3.2507326E-2],"categories":[],"categories_nodes":[],"categories_segments":[],"categories_sizes":[],"default_left":[0,0,0,0,0,0,0,0,0],"id":26,"left_children":[1,3,5,-1,7,-1,-1,-1,-1],"loss_changes":[1.2146508E3,2.3792557E2,3.9655945E1,0E0,1.1308075E1,0E0,0E0,0E0,0E0],"parents":[2147483647,0,0,1,1,2,2,4,4],"right_children":[2,4,6,-1,8,-1,-1,-1,-1],"split_conditions":[8.0225587E-1,9.987331E-2,1E0,-1.7852945E0,4.9986365E-1,5.84371E-1,1.829863E0,-4.368117E-1,-3.2507326E-2],"split_indices":[0,0,0,0,0,0,0,0,0],"split_type":[0,0,0,0,0,0,0,0,0],"sum_hessian":[9E0,6E0,3E0,1E0,5E0,2E0,1E0,4E0,1E0],"tree_param":{"num_deleted":"0","num_feature":"2","num_nodes":"9","size_leaf_vector":"1"}},{"base_weights":[-3.501812E-1,-7.8045106E0,1.278244E1,-1.4383438E0,-2.2962525E0,5.4541224E-1,1.7383698E0,-2.7159044E-1,-3.0882264E-2],"categories":[],"categories_nodes":[],"categories_segments":[],"categories_sizes":[],"default_left":[0,0,0,0,0,0,0,0,0],"id":27,"left_children":[1,3,5,-1,7,-1,-1,-1,-1],"loss_changes":[1.0787095E3,2.2064102E2,4.0065063E1,0E0,3.3314095E0,0E0,0E0,0E0,0E0],"parents":[2147483647,0,0,1,1,2,2,4,4],"right_children":[2,4,6,-1,8,-1,-1,-1,-1],"split_conditions":[8.0225587E-1,1.9990724E-1,1E0,-1.4383438E0,4.9986365E-1,5.4541224E-1,1.7383698E0,-2.7159044E-1,-3.0882264E-2],"split_indices":[0,0,0,0,0,0,0,0,0],"split_type":[0,0,0,0,0,0,0,0,0],"sum_hessian":[9E0,6E0,3E0,2E0,4E0,2E0,1E0,3E0,1E0],"tree_param":{"num_deleted":"0","num_feature":"2","num_nodes":"9","size_leaf_vector":"1"}},{"base_weights":[-2.608654E-1,-7.272746E0,1.2075142E1,-1.6241125E0,-3.071162E0,5.090515E-1,1.6514511E0,-3.9586028E-1,-8.641866E-2],"categories":[],"categories_nodes":[],"categories_segments":[],"categories_sizes":[],"default_left":[0,0,0,0,0,0,0,0,0],"id":28,"left_children":[1,3,5,-1,7,-1,-1,-1,-1],"loss_changes":[9.5280554E2,2.1389069E2,3.9961975E1,0E0,8.330387E0,0E0,0E0,0E0,0E0],"parents":[2147483647,0,0,1,1,2,2,4,4],"right_children":[2,4,6,-1,8,-1,-1,-1,-1],"split_conditions":[8.0225587E-1,9.987331E-2,1E0,-1.6241125E0,4.004462E-1,5.090515E-1,1.6514511E0,-3.9586028E-1,-8.641866E-2],"split_indices":[0,0,0,0,0,0,0,0,0],"split_type":[0,0,0,0,0,0,0,0,0],"sum_hessian":[9E0,6E0,3E0,1E0,5E0,2E0,1E0,3E0,2E0],"tree_param":{"num_deleted":"0","num_feature":"2","num_nodes":"9","size_leaf_vector":"1"}},{"base_weights":[-2.2936973E-1,-6.8463826E0,1.1407745E1,-1.5429068E0,-2.844424E0,4.7511393E-1,1.5688782E0,-4.120341E-1,-1.1763802E0,-1.4017282E-1,-2.5016785E-2],"categories":[],"categories_nodes":[],"categories_segments":[],"categories_sizes":[],"default_left":[0,0,0,0,0,0,0,0,0,0,0],"id":29,"left_children":[1,3,5,-1,7,-1,-1,-1,9,-1,-1],"loss_changes":[8.481312E2,1.9654605E2,3.9449097E1,0E0,7.9226265E0,0E0,0E0,0E0,4.8421383E-1,0E0,0E0],"parents":[2147483647,0,0,1,1,2,2,4,4,8,8],"right_children":[2,4,6,-1,8,-1,-1,-1,10,-1,-1],"split_conditions":[8.0225587E-1,9.987331E-2,1E0,-1.5429068E0,3.003631E-1,4.7511393E-1,1.5688782E0,-4.120341E-1,4.9986365E-1,-1.4017282E-1,-2.5016785E-2],"split_indices":[0,0,0,0,0,0,0,0,0,0,0],"split_type":[0,0,0,0,0,0,0,0,0,0,0],"sum_hessian":[9E0,6E0,3E0,1E0,5E0,2E0,1E0,2E0,3E0,2E0,1E0],"tree_param":{"num_deleted":"0","num_feature":"2","num_nodes":"11","size_leaf_vector":"1"}},{"base_weights":[-2.140499E-1,-6.464621E0,1.0777962E1,-1.4657614E0,-2.6561863E0,4.4343874E-1,1.4904343E0,-3.8456523E-1,-1.1000404E0,-1.3082835E-1,-2.3765564E-2],"categories":[],"categories_nodes":[],"categories_segments":[],"categories_sizes":[],"default_left":[0,0,0,0,0,0,0,0,0,0,0],"id":30,"left_children":[1,3,5,-1,7,-1,-1,-1,9,-1,-1],"loss_changes":[7.567389E2,1.7948401E2,3.8612396E1,0E0,6.8755226E0,0E0,0E0,0E0,4.074216E-1,0E0,0E0],"parents":[2147483647,0,0,1,1,2,2,4,4,8,8],"right_children":[2,4,6,-1,8,-1,-1,-1,10,-1,-1],"split_conditions":[8.0225587E-1,9.987331E-2,1E0,-1.4657614E0,3.003631E-1,4.4343874E-1,1.4904343E0,-3.8456523E-1,4.9986365E-1,-1.3082835E-1,-2.3765564E-2],"split_indices":[0,0,0,0,0,0,0,0,0,0,0],"split_type":[0,0,0,0,0,0,0,0,0,0,0],"sum_hessian":[9E0,6E0,3E0,1E0,5E0,2E0,1E0,2E0,3E0,2E0,1E0],"tree_param":{"num_deleted":"0","num_feature":"2","num_nodes":"11","size_leaf_vector":"1"}},{"base_weights":[-1.9975242E-1,-6.1045747E0,1.0183624E1,-1.3924735E0,-2.4804256E0,4.1387534E-1,1.4159119E0,-3.5892743E-1,-1.0286827E0,-1.22106425E-1,-2.2576904E-2],"categories":[],"categories_nodes":[],"categories_segments":[],"categories_sizes":[],"default_left":[0,0,0,0,0,0,0,0,0,0,0],"id":31,"left_children":[1,3,5,-1,7,-1,-1,-1,9,-1,-1],"loss_changes":[6.752866E2,1.6385071E2,3.7524323E1,0E0,5.9663544E0,0E0,0E0,0E0,3.4218502E-1,0E0,0E0],"parents":[2147483647,0,0,1,1,2,2,4,4,8,8],"right_children":[2,4,6,-1,8,-1,-1,-1,10,-1,-1],"split_conditions":[8.0225587E-1,9.987331E-2,1E0,-1.3924735E0,3.003631E-1,4.1387534E-1,1.4159119E0,-3.5892743E-1,4.9986365E-1,-1.22106425E-1,-2.2576904E-2],"split_indices":[0,0,0,0,0,0,0,0,0,0,0],"split_type":[0,0,0,0,0,0,0,0,0,0,0],"sum_hessian":[9E0,6E0,3E0,1E0,5E0,2E0,1E0,2E0,3E0,2E0,1E0],"tree_param":{"num_deleted":"0","num_feature":"2","num_nodes":"11","size_leaf_vector":"1"}},{"base_weights":[-1.8640938E-1,-5.764987E0,9.622704E0,-1.3228499E0,-2.3163185E0,3.8628337E-1,1.3451157E0,-3.3499882E-1,-9.6198654E-1,-1.1396637E-1,-2.1447754E-2],"categories":[],"categories_nodes":[],"categories_segments":[],"categories_sizes":[],"default_left":[0,0,0,0,0,0,0,0,0,0,0],"id":32,"left_children":[1,3,5,-1,7,-1,-1,-1,9,-1,-1],"loss_changes":[6.026837E2,1.495328E2,3.624597E1,0E0,5.1769447E0,0E0,0E0,0E0,2.8682876E-1,0E0,0E0],"parents":[2147483647,0,0,1,1,2,2,4,4,8,8],"right_children":[2,4,6,-1,8,-1,-1,-1,10,-1,-1],"split_conditions":[8.0225587E-1,9.987331E-2,1E0,-1.3228499E0,3.003631E-1,3.8628337E-1,1.3451157E0,-3.3499882E-1,4.9986365E-1,-1.1396637E-1,-2.1447754E-2],"split_indices":[0,0,0,0,0,0,0,0,0,0,0],"split_type":[0,0,0,0,0,0,0,0,0,0,0],"sum_hessian":[9E0,6E0,3E0,1E0,5E0,2E0,1E0,2E0,3E0,2E0,1E0],"tree_param":{"num_deleted":"0","num_feature":"2","num_nodes":"11","size_leaf_vector":"1"}},{"base_weights":[-1.7395668E-1,-5.444668E0,9.093277E0,-1.2567072E0,-2.1630886E0,3.6053059E-1,1.2778596E0,-3.1266582E-1,-8.996391E-1,-1.06368504E-1,-2.0375062E-2],"categories":[],"categories_nodes":[],"categories_segments":[],"categories_sizes":[],"default_left":[0,0,0,0,0,0,0,0,0,0,0],"id":33,"left_children":[1,3,5,-1,7,-1,-1,-1,9,-1,-1],"loss_changes":[5.37959E2,1.3642543E2,3.482895E1,0E0,4.491667E0,0E0,0E0,0E0,2.3990417E-1,0E0,0E0],"parents":[2147483647,0,0,1,1,2,2,4,4,8,8],"right_children":[2,4,6,-1,8,-1,-1,-1,10,-1,-1],"split_conditions":[8.0225587E-1,9.987331E-2,1E0,-1.2567072E0,3.003631E-1,3.6053059E-1,1.2778596E0,-3.1266582E-1,4.9986365E-1,-1.06368504E-1,-2.0375062E-2],"split_indices":[0,0,0,0,0,0,0,0,0,0,0],"split_type":[0,0,0,0,0,0,0,0,0,0,0],"sum_hessian":[9E0,6E0,3E0,1E0,5E0,2E0,1E0,2E0,3E0,2E0,1E0],"tree_param":{"num_deleted":"0","num_feature":"2","num_nodes":"11","size_leaf_vector":"1"}},{"base_weights":[-1.6233483E-1,-5.1425033E0,8.593544E0,-1.1938719E0,-2.0200145E0,3.3649495E-1,1.2139664E0,-2.918213E-1,-8.41362E-1,-9.927724E-2,-1.9356538E-2],"categories":[],"categories_nodes":[],"categories_segments":[],"categories_sizes":[],"default_left":[0,0,0,0,0,0,0,0,0,0,0],"id":34,"left_children":[1,3,5,-1,7,-1,-1,-1,9,-1,-1],"loss_changes":[4.8024988E2,1.24431366E2,3.331552E1,0E0,3.8967094E0,0E0,0E0,0E0,2.0016623E-1,0E0,0E0],"parents":[2147483647,0,0,1,1,2,2,4,4,8,8],"right_children":[2,4,6,-1,8,-1,-1,-1,10,-1,-1],"split_conditions":[8.0225587E-1,9.987331E-2,1E0,-1.1938719E0,3.003631E-1,3.3649495E-1,1.2139664E0,-2.918213E-1,4.9986365E-1,-9.927724E-2,-1.9356538E-2],"split_indices":[0,0,0,0,0,0,0,0,0,0,0],"split_type":[0,0,0,0,0,0,0,0,0,0,0],"sum_hessian":[9E0,6E0,3E0,1E0,5E0,2E0,1E0,2E0,3E0,2E0,1E0],"tree_param":{"num_deleted":"0","num_feature":"2","num_nodes":"11","size_leaf_vector":"1"}},{"base_weights":[-1.5148506E-1,-4.857442E0,8.121811E0,-1.1341784E0,-1.8864212E0,3.140625E-1,1.1532685E0,-2.7236634E-1,-7.868843E-1,-9.2659E-2,-1.8388366E-2],"categories":[],"categories_nodes":[],"categories_segments":[],"categories_sizes":[],"default_left":[0,0,0,0,0,0,0,0,0,0,0],"id":35,"left_children":[1,3,5,-1,7,-1,-1,-1,9,-1,-1],"loss_changes":[4.2878897E2,1.1346039E2,3.1740936E1,0E0,3.3802643E0,0E0,0E0,0E0,1.6658568E-1,0E0,0E0],"parents":[2147483647,0,0,1,1,2,2,4,4,8,8],"right_children":[2,4,6,-1,8,-1,-1,-1,10,-1,-1],"split_conditions":[8.0225587E-1,9.987331E-2,1E0,-1.1341784E0,3.003631E-1,3.140625E-1,1.1532685E0,-2.7236634E-1,4.9986365E-1,-9.2659E-2,-1.8388366E-2],"split_indices":[0,0,0,0,0,0,0,0,0,0,0],"split_type":[0,0,0,0,0,0,0,0,0,0,0],"sum_hessian":[9E0,6E0,3E0,1E0,5E0,2E0,1E0,2E0,3E0,2E0,1E0],"tree_param":{"num_deleted":"0","num_feature":"2","num_nodes":"11","size_leaf_vector":"1"}},{"base_weights":[-1.4136009E-1,-4.588496E0,7.676468E0,-1.0774695E0,-1.7616806E0,2.9312542E-1,1.0956055E0,-2.542084E-1,-7.359581E-1,-8.6481735E-2,-1.7469024E-2],"categories":[],"categories_nodes":[],"categories_segments":[],"categories_sizes":[],"default_left":[0,0,0,0,0,0,0,0,0,0,0],"id":36,"left_children":[1,3,5,-1,7,-1,-1,-1,9,-1,-1],"loss_changes":[3.8289288E2,1.0342911E2,3.0134384E1,0E0,2.9319935E0,0E0,0E0,0E0,1.3822293E-1,0E0,0E0],"parents":[2147483647,0,0,1,1,2,2,4,4,8,8],"right_children":[2,4,6,-1,8,-1,-1,-1,10,-1,-1],"split_conditions":[8.0225587E-1,9.987331E-2,1E0,-1.0774695E0,3.003631E-1,2.9312542E-1,1.0956055E0,-2.542084E-1,4.9986365E-1,-8.6481735E-2,-1.7469024E-2],"split_indices":[0,0,0,0,0,0,0,0,0,0,0],"split_type":[0,0,0,0,0,0,0,0,0,0,0],"sum_hessian":[9E0,6E0,3E0,1E0,5E0,2E0,1E0,2E0,3E0,2E0,1E0],"tree_param":{"num_deleted":"0","num_feature":"2","num_nodes":"11","size_leaf_vector":"1"}},{"base_weights":[-1.3191184E-1,-4.3347335E0,7.2560043E0,-1.023596E0,-1.6452026E0,2.7358398E-1,1.0408249E0,-2.3726094E-1,-6.8834686E-1,-8.071595E-2,-1.6595459E-2],"categories":[],"categories_nodes":[],"categories_segments":[],"categories_sizes":[],"default_left":[0,0,0,0,0,0,0,0,0,0,0],"id":37,"left_children":[1,3,5,-1,7,-1,-1,-1,9,-1,-1],"loss_changes":[3.419538E2,9.426051E1,2.8519348E1,0E0,2.5429611E0,0E0,0E0,0E0,1.1431527E-1,0E0,0E0],"parents":[2147483647,0,0,1,1,2,2,4,4,8,8],"right_children":[2,4,6,-1,8,-1,-1,-1,10,-1,-1],"split_conditions":[8.0225587E-1,9.987331E-2,1E0,-1.023596E0,3.003631E-1,2.7358398E-1,1.0408249E0,-2.3726094E-1,4.9986365E-1,-8.071595E-2,-1.6595459E-2],"split_indices":[0,0,0,0,0,0,0,0,0,0,0],"split_type":[0,0,0,0,0,0,0,0,0,0,0],"sum_hessian":[9E0,6E0,3E0,1E0,5E0,2E0,1E0,2E0,3E0,2E0,1E0],"tree_param":{"num_deleted":"0","num_feature":"2","num_nodes":"11","size_leaf_vector":"1"}},{"base_weights":[-1.2309761E-1,-4.095283E0,6.859001E0,-9.724161E-1,-1.5364431E0,2.5534466E-1,9.887833E-1,-2.2144368E-1,-6.43837E-1,-7.5334676E-2,-1.5765382E-2],"categories":[],"categories_nodes":[],"categories_segments":[],"categories_sizes":[],"default_left":[0,0,0,0,0,0,0,0,0,0,0],"id":38,"left_children":[1,3,5,-1,7,-1,-1,-1,9,-1,-1],"loss_changes":[3.054315E2,8.588316E1,2.6915146E1,0E0,2.2053528E0,0E0,0E0,0E0,9.419918E-2,0E0,0E0],"parents":[2147483647,0,0,1,1,2,2,4,4,8,8],"right_children":[2,4,6,-1,8,-1,-1,-1,10,-1,-1],"split_conditions":[8.0225587E-1,9.987331E-2,1E0,-9.724161E-1,3.003631E-1,2.5534466E-1,9.887833E-1,-2.2144368E-1,4.9986365E-1,-7.5334676E-2,-1.5765382E-2],"split_indices":[0,0,0,0,0,0,0,0,0,0,0],"split_type":[0,0,0,0,0,0,0,0,0,0,0],"sum_hessian":[9E0,6E0,3E0,1E0,5E0,2E0,1E0,2E0,3E0,2E0,1E0],"tree_param":{"num_deleted":"0","num_feature":"2","num_nodes":"11","size_leaf_vector":"1"}},{"base_weights":[-1.14868544E-1,-3.86932E0,6.4841385E0,-9.2379516E-1,-1.4348894E0,2.3832195E-1,9.393448E-1,-1.8595791E-1,-3.903402E-2],"categories":[],"categories_nodes":[],"categories_segments":[],"categories_sizes":[],"default_left":[0,0,0,0,0,0,0,0,0],"id":39,"left_children":[1,3,5,-1,7,-1,-1,-1,-1],"loss_changes":[2.728457E2,7.8231476E1,2.5336716E1,0E0,1.9357862E0,0E0,0E0,0E0,0E0],"parents":[2147483647,0,0,1,1,2,2,4,4],"right_children":[2,4,6,-1,8,-1,-1,-1,-1],"split_conditions":[8.0225587E-1,9.987331E-2,1E0,-9.2379516E-1,4.004462E-1,2.3832195E-1,9.393448E-1,-1.8595791E-1,-3.903402E-2],"split_indices":[0,0,0,0,0,0,0,0,0],"split_type":[0,0,0,0,0,0,0,0,0],"sum_hessian":[9E0,6E0,3E0,1E0,5E0,2E0,1E0,3E0,2E0],"tree_param":{"num_deleted":"0","num_feature":"2","num_nodes":"9","size_leaf_vector":"1"}},{"base_weights":[-1.0049019E-1,-3.6465E0,6.13015E0,-8.7760526E-1,-1.3288994E0,2.224345E-1,8.923783E-1,-1.9428329E-1,-5.3622437E-1,-6.2812805E-2,-1.3025666E-2],"categories":[],"categories_nodes":[],"categories_segments":[],"categories_sizes":[],"default_left":[0,0,0,0,0,0,0,0,0,0,0],"id":40,"left_children":[1,3,5,-1,7,-1,-1,-1,9,-1,-1],"loss_changes":[2.432927E2,7.155529E1,2.379596E1,0E0,1.8781042E0,0E0,0E0,0E0,6.742191E-2,0E0,0E0],"parents":[2147483647,0,0,1,1,2,2,4,4,8,8],"right_children":[2,4,6,-1,8,-1,-1,-1,10,-1,-1],"split_conditions":[8.0225587E-1,9.987331E-2,1E0,-8.7760526E-1,3.003631E-1,2.224345E-1,8.923783E-1,-1.9428329E-1,4.9986365E-1,-6.2812805E-2,-1.3025666E-2],"split_indices":[0,0,0,0,0,0,0,0,0,0,0],"split_type":[0,0,0,0,0,0,0,0,0,0,0],"sum_hessian":[9E0,6E0,3E0,1E0,5E0,2E0,1E0,2E0,3E0,2E0,1E0],"tree_param":{"num_deleted":"0","num_feature":"2","num_nodes":"11","size_leaf_vector":"1"}},{"base_weights":[-9.3732074E-2,-2.8118863E0,7.1859235E-1,-8.3372515E-1,-8.3151245E-1,-1.439737E0,4.5936584E-1,-1.8133087E-1,-5.862529E-2,-1.2374115E-2,8.1278995E-2],"categories":[],"categories_nodes":[],"categories_segments":[],"categories_sizes":[],"default_left":[0,0,0,0,0,0,0,0,0,0,0],"id":41,"left_children":[1,3,-1,-1,5,7,9,-1,-1,-1,-1],"loss_changes":[2.1807825E2,8.060579E1,0E0,0E0,6.1573725E0,5.311308E-1,7.188277E-1,0E0,0E0,0E0,0E0],"parents":[2147483647,0,0,1,1,4,4,5,5,6,6],"right_children":[2,4,-1,-1,6,8,10,-1,-1,-1,-1],"split_conditions":[9.0083593E-1,9.987331E-2,7.1859235E-1,-8.3372515E-1,4.9986365E-1,3.003631E-1,8.0225587E-1,-1.8133087E-1,-5.862529E-2,-1.2374115E-2,8.1278995E-2],"split_indices":[0,0,0,0,0,0,0,0,0,0,0],"split_type":[0,0,0,0,0,0,0,0,0,0,0],"sum_hessian":[9E0,7E0,2E0,1E0,6E0,4E0,2E0,2E0,2E0,1E0,1E0],"tree_param":{"num_deleted":"0","num_feature":"2","num_nodes":"11","size_leaf_vector":"1"}},{"base_weights":[-1.1297722E-1,-3.2563798E0,5.4162216E0,-7.920389E-1,-1.15898E0,1.8094279E-1,8.1183016E-1,-1.692421E-1,-4.6915436E-1,-5.4717E-2,-1.17553715E-2],"categories":[],"categories_nodes":[],"categories_segments":[],"categories_sizes":[],"default_left":[0,0,0,0,0,0,0,0,0,0,0],"id":42,"left_children":[1,3,5,-1,7,-1,-1,-1,9,-1,-1],"loss_changes":[1.9144225E2,5.929647E1,2.4293884E1,0E0,1.4138803E0,0E0,0E0,0E0,4.5399487E-2,0E0,0E0],"parents":[2147483647,0,0,1,1,2,2,4,4,8,8],"right_children":[2,4,6,-1,8,-1,-1,-1,10,-1,-1],"split_conditions":[8.0225587E-1,9.987331E-2,1E0,-7.920389E-1,3.003631E-1,1.8094279E-1,8.1183016E-1,-1.692421E-1,4.9986365E-1,-5.4717E-2,-1.17553715E-2],"split_indices":[0,0,0,0,0,0,0,0,0,0,0],"split_type":[0,0,0,0,0,0,0,0,0,0,0],"sum_hessian":[9E0,6E0,3E0,1E0,5E0,2E0,1E0,2E0,3E0,2E0,1E0],"tree_param":{"num_deleted":"0","num_feature":"2","num_nodes":"11","size_leaf_vector":"1"}},{"base_weights":[-1.05177686E-1,-2.522448E0,6.375936E0,-7.5243706E-1,-7.3297775E-1,1.8515168E-1,7.7123874E-1,-1.2541717E0,3.8000488E-1,-1.579595E-1,-5.1069137E-2,-1.1167908E-2,6.816864E-2],"categories":[],"categories_nodes":[],"categories_segments":[],"categories_sizes":[],"default_left":[0,0,0,0,0,0,0,0,0,0,0,0,0],"id":43,"left_children":[1,3,5,-1,7,-1,-1,9,11,-1,-1,-1,-1],"loss_changes":[1.72749E2,6.609113E1,3.8603897E0,0E0,4.5371504E0,0E0,0E0,4.0304375E-1,5.2112603E-1,0E0,0E0,0E0,0E0],"parents":[2147483647,0,0,1,1,2,2,4,4,7,7,8,8],"right_children":[2,4,6,-1,8,-1,-1,10,12,-1,-1,-1,-1],"split_conditions":[9.0083593E-1,9.987331E-2,1E0,-7.5243706E-1,4.9986365E-1,1.8515168E-1,7.7123874E-1,3.003631E-1,8.0225587E-1,-1.579595E-1,-5.1069137E-2,-1.1167908E-2,6.816864E-2],"split_indices":[0,0,0,0,0,0,0,0,0,0,0,0,0],"split_type":[0,0,0,0,0,0,0,0,0,0,0,0,0],"sum_hessian":[9E0,7E0,2E0,1E0,6E0,1E0,1E0,4E0,2E0,2E0,2E0,1E0,1E0],"tree_param":{"num_deleted":"0","num_feature":"2","num_nodes":"13","size_leaf_vector":"1"}},{"base_weights":[-8.9468E-2,-2.3832622E0,6.057139E0,-7.148153E-1,-6.813987E-1,1.7589417E-1,7.326767E-1,-1.1705596E0,3.610026E-1,-1.7132187E-1,-6.065903E-2,-1.0609436E-2,6.475983E-2],"categories":[],"categories_nodes":[],"categories_segments":[],"categories_sizes":[],"default_left":[0,0,0,0,0,0,0,0,0,0,0,0,0],"id":44,"left_children":[1,3,5,-1,7,-1,-1,9,11,-1,-1,-1,-1],"loss_changes":[1.5542627E2,6.0002815E1,3.4839783E0,0E0,3.9918897E0,0E0,0E0,4.909935E-1,4.7031042E-1,0E0,0E0,0E0,0E0],"parents":[2147483647,0,0,1,1,2,2,4,4,7,7,8,8],"right_children":[2,4,6,-1,8,-1,-1,10,12,-1,-1,-1,-1],"split_conditions":[9.0083593E-1,9.987331E-2,1E0,-7.148153E-1,4.9986365E-1,1.7589417E-1,7.326767E-1,1.9990724E-1,8.0225587E-1,-1.7132187E-1,-6.065903E-2,-1.0609436E-2,6.475983E-2],"split_indices":[0,0,0,0,0,0,0,0,0,0,0,0,0],"split_type":[0,0,0,0,0,0,0,0,0,0,0,0,0],"sum_hessian":[9E0,7E0,2E0,1E0,6E0,1E0,1E0,4E0,2E0,1E0,3E0,1E0,1E0],"tree_param":{"num_deleted":"0","num_feature":"2","num_nodes":"13","size_leaf_vector":"1"}},{"base_weights":[-7.893028E-2,-2.2565188E0,5.7542825E0,-6.790747E-1,-6.386653E-1,1.67099E-1,6.9604343E-1,-1.0999024E0,3.4295145E-1,-1.627556E-1,-5.6110002E-2,-1.0079193E-2,6.1521914E-2],"categories":[],"categories_nodes":[],"categories_segments":[],"categories_sizes":[],"default_left":[0,0,0,0,0,0,0,0,0,0,0,0,0],"id":45,"left_children":[1,3,5,-1,7,-1,-1,9,11,-1,-1,-1,-1],"loss_changes":[1.4000803E2,5.4348713E1,3.1443863E0,0E0,3.5465193E0,0E0,0E0,5.0828314E-1,4.2446005E-1,0E0,0E0,0E0,0E0],"parents":[2147483647,0,0,1,1,2,2,4,4,7,7,8,8],"right_children":[2,4,6,-1,8,-1,-1,10,12,-1,-1,-1,-1],"split_conditions":[9.0083593E-1,9.987331E-2,1E0,-6.790747E-1,4.9986365E-1,1.67099E-1,6.9604343E-1,1.9990724E-1,8.0225587E-1,-1.627556E-1,-5.6110002E-2,-1.0079193E-2,6.1521914E-2],"split_indices":[0,0,0,0,0,0,0,0,0,0,0,0,0],"split_type":[0,0,0,0,0,0,0,0,0,0,0,0,0],"sum_hessian":[9E0,7E0,2E0,1E0,6E0,1E0,1E0,4E0,2E0,1E0,3E0,1E0,1E0],"tree_param":{"num_deleted":"0","num_feature":"2","num_nodes":"13","size_leaf_vector":"1"}},{"base_weights":[-6.9374464E-2,-2.1366792E0,5.4665627E0,-6.451208E-1,-5.9871674E-1,1.5874329E-1,6.612412E-1,-1.0336869E0,3.2580566E-1,-1.546177E-1,-5.1902007E-2,-9.57489E-3,5.844574E-2],"categories":[],"categories_nodes":[],"categories_segments":[],"categories_sizes":[],"default_left":[0,0,0,0,0,0,0,0,0,0,0,0,0],"id":46,"left_children":[1,3,5,-1,7,-1,-1,9,11,-1,-1,-1,-1],"loss_changes":[1.26124985E2,4.9222225E1,2.8379288E0,0E0,3.1517582E0,0E0,0E0,5.1631165E-1,3.8306865E-1,0E0,0E0,0E0,0E0],"parents":[2147483647,0,0,1,1,2,2,4,4,7,7,8,8],"right_children":[2,4,6,-1,8,-1,-1,10,12,-1,-1,-1,-1],"split_conditions":[9.0083593E-1,9.987331E-2,1E0,-6.451208E-1,4.9986365E-1,1.5874329E-1,6.612412E-1,1.9990724E-1,8.0225587E-1,-1.546177E-1,-5.1902007E-2,-9.57489E-3,5.844574E-2],"split_indices":[0,0,0,0,0,0,0,0,0,0,0,0,0],"split_type":[0,0,0,0,0,0,0,0,0,0,0,0,0],"sum_hessian":[9E0,7E0,2E0,1E0,6E0,1E0,1E0,4E0,2E0,1E0,3E0,1E0,1E0],"tree_param":{"num_deleted":"0","num_feature":"2","num_nodes":"13","size_leaf_vector":"1"}},{"base_weights":[-6.0718916E-2,-2.0233588E0,5.1932273E0,-6.128649E-1,-5.613676E-1,1.5080567E-1,6.281784E-1,-9.716263E-1,3.0951944E-1,-1.4688683E-1,-4.8009872E-2,-9.095765E-3,5.5523682E-2],"categories":[],"categories_nodes":[],"categories_segments":[],"categories_sizes":[],"default_left":[0,0,0,0,0,0,0,0,0,0,0,0,0],"id":47,"left_children":[1,3,5,-1,7,-1,-1,9,11,-1,-1,-1,-1],"loss_changes":[1.136238E2,4.457476E1,2.5612717E0,0E0,2.8017602E0,0E0,0E0,5.1683855E-1,3.4571558E-1,0E0,0E0,0E0,0E0],"parents":[2147483647,0,0,1,1,2,2,4,4,7,7,8,8],"right_children":[2,4,6,-1,8,-1,-1,10,12,-1,-1,-1,-1],"split_conditions":[9.0083593E-1,9.987331E-2,1E0,-6.128649E-1,4.9986365E-1,1.5080567E-1,6.281784E-1,1.9990724E-1,8.0225587E-1,-1.4688683E-1,-4.8009872E-2,-9.095765E-3,5.5523682E-2],"split_indices":[0,0,0,0,0,0,0,0,0,0,0,0,0],"split_type":[0,0,0,0,0,0,0,0,0,0,0,0,0],"sum_hessian":[9E0,7E0,2E0,1E0,6E0,1E0,1E0,4E0,2E0,1E0,3E0,1E0,1E0],"tree_param":{"num_deleted":"0","num_feature":"2","num_nodes":"13","size_leaf_vector":"1"}},{"base_weights":[-5.288353E-2,-1.9161906E0,4.933563E0,-5.822218E-1,-5.264413E-1,1.4326477E-1,5.9676975E-1,-9.1344607E-1,2.9404703E-1,-1.3954239E-1,-4.4409562E-2,-8.641052E-3,5.274811E-2],"categories":[],"categories_nodes":[],"categories_segments":[],"categories_sizes":[],"default_left":[0,0,0,0,0,0,0,0,0,0,0,0,0],"id":48,"left_children":[1,3,5,-1,7,-1,-1,9,11,-1,-1,-1,-1],"loss_changes":[1.02366455E2,4.036213E1,2.3116455E0,0E0,2.491326E0,0E0,0E0,5.113807E-1,3.1201515E-1,0E0,0E0,0E0,0E0],"parents":[2147483647,0,0,1,1,2,2,4,4,7,7,8,8],"right_children":[2,4,6,-1,8,-1,-1,10,12,-1,-1,-1,-1],"split_conditions":[9.0083593E-1,9.987331E-2,1E0,-5.822218E-1,4.9986365E-1,1.4326477E-1,5.9676975E-1,1.9990724E-1,8.0225587E-1,-1.3954239E-1,-4.4409562E-2,-8.641052E-3,5.274811E-2],"split_indices":[0,0,0,0,0,0,0,0,0,0,0,0,0],"split_type":[0,0,0,0,0,0,0,0,0,0,0,0,0],"sum_hessian":[9E0,7E0,2E0,1E0,6E0,1E0,1E0,4E0,2E0,1E0,3E0,1E0,1E0],"tree_param":{"num_deleted":"0","num_feature":"2","num_nodes":"13","size_leaf_vector":"1"}},{"base_weights":[-4.579811E-2,-1.8148313E0,4.6868896E0,-5.531107E-1,-4.937766E-1,1.361023E-1,5.669312E-1,-9.8758316E-1,1.2347412E-1,-1.325653E-1,-4.3300882E-2,-1.6944377E-2,5.011139E-2],"categories":[],"categories_nodes":[],"categories_segments":[],"categories_sizes":[],"default_left":[0,0,0,0,0,0,0,0,0,0,0,0,0],"id":49,"left_children":[1,3,5,-1,7,-1,-1,9,11,-1,-1,-1,-1],"loss_changes":[9.222873E1,3.6544094E1,2.0861511E0,0E0,2.2555583E0,0E0,0E0,1.7591977E-1,5.2738047E-1,0E0,0E0,0E0,0E0],"parents":[2147483647,0,0,1,1,2,2,4,4,7,7,8,8],"right_children":[2,4,6,-1,8,-1,-1,10,12,-1,-1,-1,-1],"split_conditions":[9.0083593E-1,9.987331E-2,1E0,-5.531107E-1,4.004462E-1,1.361023E-1,5.669312E-1,1.9990724E-1,8.0225587E-1,-1.325653E-1,-4.3300882E-2,-1.6944377E-2,5.011139E-2],"split_indices":[0,0,0,0,0,0,0,0,0,0,0,0,0],"split_type":[0,0,0,0,0,0,0,0,0,0,0,0,0],"sum_hessian":[9E0,7E0,2E0,1E0,6E0,1E0,1E0,3E0,3E0,1E0,2E0,2E0,1E0],"tree_param":{"num_deleted":"0","num_feature":"2","num_nodes":"13","size_leaf_vector":"1"}},{"base_weights":[-4.0496446E-2,-1.720325E0,4.452545E0,-5.254553E-1,-4.647849E-1,1.2929688E-1,5.385849E-1,-9.3278885E-1,1.1941528E-1,-1.259369E-1,-4.041392E-2,-1.5815226E-2,4.76059E-2],"categories":[],"categories_nodes":[],"categories_segments":[],"categories_sizes":[],"default_left":[0,0,0,0,0,0,0,0,0,0,0,0,0],"id":50,"left_children":[1,3,5,-1,7,-1,-1,9,11,-1,-1,-1,-1],"loss_changes":[8.3135216E1,3.305668E1,1.882801E0,0E0,2.0252452E0,0E0,0E0,1.8162537E-1,4.7126067E-1,0E0,0E0,0E0,0E0],"parents":[2147483647,0,0,1,1,2,2,4,4,7,7,8,8],"right_children":[2,4,6,-1,8,-1,-1,10,12,-1,-1,-1,-1],"split_conditions":[9.0083593E-1,9.987331E-2,1E0,-5.254553E-1,4.004462E-1,1.2929688E-1,5.385849E-1,1.9990724E-1,8.0225587E-1,-1.259369E-1,-4.041392E-2,-1.5815226E-2,4.76059E-2],"split_indices":[0,0,0,0,0,0,0,0,0,0,0,0,0],"split_type":[0,0,0,0,0,0,0,0,0,0,0,0,0],"sum_hessian":[9E0,7E0,2E0,1E0,6E0,1E0,1E0,3E0,3E0,1E0,2E0,2E0,1E0],"tree_param":{"num_deleted":"0","num_feature":"2","num_nodes":"13","size_leaf_vector":"1"}},{"base_weights":[-3.566017E-2,-1.630795E0,4.2299194E0,-4.991827E-1,-4.375294E-1,1.22831725E-1,5.116562E-1,-8.81094E-1,1.1541748E-1,-1.1963997E-1,-3.7719216E-2,-1.4761353E-2,4.5225527E-2],"categories":[],"categories_nodes":[],"categories_segments":[],"categories_sizes":[],"default_left":[0,0,0,0,0,0,0,0,0,0,0,0,0],"id":51,"left_children":[1,3,5,-1,7,-1,-1,9,11,-1,-1,-1,-1],"loss_changes":[7.493987E1,2.9900759E1,1.6992836E0,0E0,1.8185673E0,0E0,0E0,1.8425965E-1,4.2115408E-1,0E0,0E0,0E0,0E0],"parents":[2147483647,0,0,1,1,2,2,4,4,7,7,8,8],"right_children":[2,4,6,-1,8,-1,-1,10,12,-1,-1,-1,-1],"split_conditions":[9.0083593E-1,9.987331E-2,1E0,-4.991827E-1,4.004462E-1,1.22831725E-1,5.116562E-1,1.9990724E-1,8.0225587E-1,-1.1963997E-1,-3.7719216E-2,-1.4761353E-2,4.5225527E-2],"split_indices":[0,0,0,0,0,0,0,0,0,0,0,0,0],"split_type":[0,0,0,0,0,0,0,0,0,0,0,0,0],"sum_hessian":[9E0,7E0,2E0,1E0,6E0,1E0,1E0,3E0,3E0,1E0,2E0,2E0,1E0],"tree_param":{"num_deleted":"0","num_feature":"2","num_nodes":"13","size_leaf_vector":"1"}},{"base_weights":[-3.125496E-2,-1.5459771E0,4.0184226E0,-4.7422352E-1,-4.1190666E-1,1.1669006E-1,4.8607332E-1,-8.32325E-1,1.1148834E-1,-1.13658145E-1,-3.520457E-2,-1.3777669E-2,4.296417E-2],"categories":[],"categories_nodes":[],"categories_segments":[],"categories_sizes":[],"default_left":[0,0,0,0,0,0,0,0,0,0,0,0,0],"id":52,"left_children":[1,3,5,-1,7,-1,-1,9,11,-1,-1,-1,-1],"loss_changes":[6.755376E1,2.7044895E1,1.5336113E0,0E0,1.6331085E0,0E0,0E0,1.8438363E-1,3.764127E-1,0E0,0E0,0E0,0E0],"parents":[2147483647,0,0,1,1,2,2,4,4,7,7,8,8],"right_children":[2,4,6,-1,8,-1,-1,10,12,-1,-1,-1,-1],"split_conditions":[9.0083593E-1,9.987331E-2,1E0,-4.7422352E-1,4.004462E-1,1.1669006E-1,4.8607332E-1,1.9990724E-1,8.0225587E-1,-1.13658145E-1,-3.520457E-2,-1.3777669E-2,4.296417E-2],"split_indices":[0,0,0,0,0,0,0,0,0,0,0,0,0],"split_type":[0,0,0,0,0,0,0,0,0,0,0,0,0],"sum_hessian":[9E0,7E0,2E0,1E0,6E0,1E0,1E0,3E0,3E0,1E0,2E0,2E0,1E0],"tree_param":{"num_deleted":"0","num_feature":"2","num_nodes":"13","size_leaf_vector":"1"}},{"base_weights":[-2.7246475E-2,-1.4656186E0,3.8174946E0,-4.505125E-1,-3.878141E-1,1.108551E-1,4.617691E-1,-6.856216E-1,2.3780315E-1,-1.07975386E-1,-3.1715013E-2,-5.145264E-3,4.0815737E-2],"categories":[],"categories_nodes":[],"categories_segments":[],"categories_sizes":[],"default_left":[0,0,0,0,0,0,0,0,0,0,0,0,0],"id":53,"left_children":[1,3,5,-1,7,-1,-1,9,11,-1,-1,-1,-1],"loss_changes":[6.089668E1,2.44608E1,1.3841133E0,0E0,1.4672377E0,0E0,0E0,3.8368845E-1,1.6882856E-1,0E0,0E0,0E0,0E0],"parents":[2147483647,0,0,1,1,2,2,4,4,7,7,8,8],"right_children":[2,4,6,-1,8,-1,-1,10,12,-1,-1,-1,-1],"split_conditions":[9.0083593E-1,9.987331E-2,1E0,-4.505125E-1,4.9986365E-1,1.108551E-1,4.617691E-1,1.9990724E-1,8.0225587E-1,-1.07975386E-1,-3.1715013E-2,-5.145264E-3,4.0815737E-2],"split_indices":[0,0,0,0,0,0,0,0,0,0,0,0,0],"split_type":[0,0,0,0,0,0,0,0,0,0,0,0,0],"sum_hessian":[9E0,7E0,2E0,1E0,6E0,1E0,1E0,4E0,2E0,1E0,3E0,1E0,1E0],"tree_param":{"num_deleted":"0","num_feature":"2","num_nodes":"13","size_leaf_vector":"1"}},{"base_weights":[-2.27108E-2,-1.3883739E0,3.6266277E0,-3.5370877E0,-8.2621254E-2,1.05313115E-1,4.3868104E-1,-4.279867E-1,-1.0257645E-1,-2.5424805E-1,3.8775634E-2,-2.933693E-2,-4.888153E-3],"categories":[],"categories_nodes":[],"categories_segments":[],"categories_sizes":[],"default_left":[0,0,0,0,0,0,0,0,0,0,0,0,0],"id":54,"left_children":[1,3,5,7,9,-1,-1,-1,-1,11,-1,-1,-1],"loss_changes":[5.487278E1,2.2153275E1,1.2490959E0,1.2059402E0,5.829627E-1,0E0,0E0,0E0,0E0,2.5830656E-2,0E0,0E0,0E0],"parents":[2147483647,0,0,1,1,2,2,3,3,4,4,9,9],"right_children":[2,4,6,8,10,-1,-1,-1,-1,12,-1,-1,-1],"split_conditions":[9.0083593E-1,1.9990724E-1,1E0,9.987331E-2,8.0225587E-1,1.05313115E-1,4.3868104E-1,-4.279867E-1,-1.0257645E-1,4.9986365E-1,3.8775634E-2,-2.933693E-2,-4.888153E-3],"split_indices":[0,0,0,0,0,0,0,0,0,0,0,0,0],"split_type":[0,0,0,0,0,0,0,0,0,0,0,0,0],"sum_hessian":[9E0,7E0,2E0,2E0,5E0,1E0,1E0,1E0,1E0,4E0,1E0,3E0,1E0],"tree_param":{"num_deleted":"0","num_feature":"2","num_nodes":"13","size_leaf_vector":"1"}},{"base_weights":[-1.8642807E-2,-1.3152881E0,3.4452922E0,-3.3602333E0,-7.360077E-2,1.00047305E-1,4.1674653E-1,-4.0658742E-1,-9.744759E-2,-2.3566589E-1,3.6836244E-2,-2.713623E-2,-4.6440125E-3],"categories":[],"categories_nodes":[],"categories_segments":[],"categories_sizes":[],"default_left":[0,0,0,0,0,0,0,0,0,0,0,0,0],"id":55,"left_children":[1,3,5,7,9,-1,-1,-1,-1,11,-1,-1,-1],"loss_changes":[4.9446503E1,2.0066143E1,1.1273079E0,1.0883675E0,5.165714E-1,0E0,0E0,0E0,0E0,2.1171331E-2,0E0,0E0,0E0],"parents":[2147483647,0,0,1,1,2,2,3,3,4,4,9,9],"right_children":[2,4,6,8,10,-1,-1,-1,-1,12,-1,-1,-1],"split_conditions":[9.0083593E-1,1.9990724E-1,1E0,9.987331E-2,8.0225587E-1,1.00047305E-1,4.1674653E-1,-4.0658742E-1,-9.744759E-2,4.9986365E-1,3.6836244E-2,-2.713623E-2,-4.6440125E-3],"split_indices":[0,0,0,0,0,0,0,0,0,0,0,0,0],"split_type":[0,0,0,0,0,0,0,0,0,0,0,0,0],"sum_hessian":[9E0,7E0,2E0,2E0,5E0,1E0,1E0,1E0,1E0,4E0,1E0,3E0,1E0],"tree_param":{"num_deleted":"0","num_feature":"2","num_nodes":"13","size_leaf_vector":"1"}},{"base_weights":[-1.4998245E-2,-1.2461343E0,3.2730305E0,-3.1922214E0,-6.540171E-2,9.504547E-2,3.9590913E-1,-3.8625813E-1,-9.257507E-2,-2.1846008E-1,3.499451E-2,-2.5101472E-2,-4.4120788E-3],"categories":[],"categories_nodes":[],"categories_segments":[],"categories_sizes":[],"default_left":[0,0,0,0,0,0,0,0,0,0,0,0,0],"id":56,"left_children":[1,3,5,7,9,-1,-1,-1,-1,11,-1,-1,-1],"loss_changes":[4.4558743E1,1.817369E1,1.0173454E0,9.822655E-1,4.5788285E-1,0E0,0E0,0E0,0E0,1.7302766E-2,0E0,0E0,0E0],"parents":[2147483647,0,0,1,1,2,2,3,3,4,4,9,9],"right_children":[2,4,6,8,10,-1,-1,-1,-1,12,-1,-1,-1],"split_conditions":[9.0083593E-1,1.9990724E-1,1E0,9.987331E-2,8.0225587E-1,9.504547E-2,3.9590913E-1,-3.8625813E-1,-9.257507E-2,4.9986365E-1,3.499451E-2,-2.5101472E-2,-4.4120788E-3],"split_indices":[0,0,0,0,0,0,0,0,0,0,0,0,0],"split_type":[0,0,0,0,0,0,0,0,0,0,0,0,0],"sum_hessian":[9E0,7E0,2E0,2E0,5E0,1E0,1E0,1E0,1E0,4E0,1E0,3E0,1E0],"tree_param":{"num_deleted":"0","num_feature":"2","num_nodes":"13","size_leaf_vector":"1"}},{"base_weights":[-1.1737442E-2,-1.1806912E0,3.1093853E0,-3.0326092E0,-5.7950336E-2,9.0293884E-2,3.761139E-1,-3.669451E-1,-8.794632E-2,-2.025177E-1,3.3244323E-2,-2.3218919E-2,-4.1915895E-3],"categories":[],"categories_nodes":[],"categories_segments":[],"categories_sizes":[],"default_left":[0,0,0,0,0,0,0,0,0,0,0,0,0],"id":57,"left_children":[1,3,5,7,9,-1,-1,-1,-1,11,-1,-1,-1],"loss_changes":[4.0155704E1,1.6458052E1,9.1809845E-1,8.864918E-1,4.0595466E-1,0E0,0E0,0E0,0E0,1.409407E-2,0E0,0E0,0E0],"parents":[2147483647,0,0,1,1,2,2,3,3,4,4,9,9],"right_children":[2,4,6,8,10,-1,-1,-1,-1,12,-1,-1,-1],"split_conditions":[9.0083593E-1,1.9990724E-1,1E0,9.987331E-2,8.0225587E-1,9.0293884E-2,3.761139E-1,-3.669451E-1,-8.794632E-2,4.9986365E-1,3.3244323E-2,-2.3218919E-2,-4.1915895E-3],"split_indices":[0,0,0,0,0,0,0,0,0,0,0,0,0],"split_type":[0,0,0,0,0,0,0,0,0,0,0,0,0],"sum_hessian":[9E0,7E0,2E0,2E0,5E0,1E0,1E0,1E0,1E0,4E0,1E0,3E0,1E0],"tree_param":{"num_deleted":"0","num_feature":"2","num_nodes":"13","size_leaf_vector":"1"}},{"base_weights":[-8.825302E-3,-1.118751E0,2.9539185E0,-2.8809803E0,-5.117798E-2,8.577881E-2,3.5730895E-1,-3.485979E-1,-8.354912E-2,-1.8774414E-1,3.1582642E-2,-2.1477127E-2,-3.981781E-3],"categories":[],"categories_nodes":[],"categories_segments":[],"categories_sizes":[],"default_left":[0,0,0,0,0,0,0,0,0,0,0,0,0],"id":58,"left_children":[1,3,5,7,9,-1,-1,-1,-1,11,-1,-1,-1],"loss_changes":[3.6188957E1,1.4903024E1,8.286381E-1,8.0005074E-1,3.6001682E-1,0E0,0E0,0E0,0E0,1.14384E-2,0E0,0E0,0E0],"parents":[2147483647,0,0,1,1,2,2,3,3,4,4,9,9],"right_children":[2,4,6,8,10,-1,-1,-1,-1,12,-1,-1,-1],"split_conditions":[9.0083593E-1,1.9990724E-1,1E0,9.987331E-2,8.0225587E-1,8.577881E-2,3.5730895E-1,-3.485979E-1,-8.354912E-2,4.9986365E-1,3.1582642E-2,-2.1477127E-2,-3.981781E-3],"split_indices":[0,0,0,0,0,0,0,0,0,0,0,0,0],"split_type":[0,0,0,0,0,0,0,0,0,0,0,0,0],"sum_hessian":[9E0,7E0,2E0,2E0,5E0,1E0,1E0,1E0,1E0,4E0,1E0,3E0,1E0],"tree_param":{"num_deleted":"0","num_feature":"2","num_nodes":"13","size_leaf_vector":"1"}},{"base_weights":[-6.23436E-3,-1.0601268E0,2.8062236E0,-2.736932E0,-4.5036316E-2,8.148956E-2,3.3944398E-1,-3.3116817E-1,-7.9371646E-2,-1.74057E-1,3.0003358E-2,-2.2325134E-2,-6.6843666E-3],"categories":[],"categories_nodes":[],"categories_segments":[],"categories_sizes":[],"default_left":[0,0,0,0,0,0,0,0,0,0,0,0,0],"id":59,"left_children":[1,3,5,7,9,-1,-1,-1,-1,11,-1,-1,-1],"loss_changes":[3.2615234E1,1.3493609E1,7.47879E-1,7.220516E-1,3.1934986E-1,0E0,0E0,0E0,0E0,1.1448503E-2,0E0,0E0,0E0],"parents":[2147483647,0,0,1,1,2,2,3,3,4,4,9,9],"right_children":[2,4,6,8,10,-1,-1,-1,-1,12,-1,-1,-1],"split_conditions":[9.0083593E-1,1.9990724E-1,1E0,9.987331E-2,8.0225587E-1,8.148956E-2,3.3944398E-1,-3.3116817E-1,-7.9371646E-2,4.004462E-1,3.0003358E-2,-2.2325134E-2,-6.6843666E-3],"split_indices":[0,0,0,0,0,0,0,0,0,0,0,0,0],"split_type":[0,0,0,0,0,0,0,0,0,0,0,0,0],"sum_hessian":[9E0,7E0,2E0,2E0,5E0,1E0,1E0,1E0,1E0,4E0,1E0,2E0,2E0],"tree_param":{"num_deleted":"0","num_feature":"2","num_nodes":"13","size_leaf_vector":"1"}},{"base_weights":[-4.47197E-3,-1.0053077E0,2.6659138E0,-2.6000862E0,-4.0367126E-2,7.741547E-2,3.2247162E-1,-3.1460974E-1,-7.540321E-2,-1.6245422E-1,2.8503418E-2,-2.0836895E-2,-6.2388103E-3],"categories":[],"categories_nodes":[],"categories_segments":[],"categories_sizes":[],"default_left":[0,0,0,0,0,0,0,0,0,0,0,0,0],"id":60,"left_children":[1,3,5,7,9,-1,-1,-1,-1,11,-1,-1,-1],"loss_changes":[2.9406239E1,1.2205975E1,6.7492867E-1,6.5163803E-1,2.846688E-1,0E0,0E0,0E0,0E0,9.972781E-3,0E0,0E0,0E0],"parents":[2147483647,0,0,1,1,2,2,3,3,4,4,9,9],"right_children":[2,4,6,8,10,-1,-1,-1,-1,12,-1,-1,-1],"split_conditions":[9.0083593E-1,1.9990724E-1,1E0,9.987331E-2,8.0225587E-1,7.741547E-2,3.2247162E-1,-3.1460974E-1,-7.540321E-2,4.004462E-1,2.8503418E-2,-2.0836895E-2,-6.2388103E-3],"split_indices":[0,0,0,0,0,0,0,0,0,0,0,0,0],"split_type":[0,0,0,0,0,0,0,0,0,0,0,0,0],"sum_hessian":[9E0,7E0,2E0,2E0,5E0,1E0,1E0,1E0,1E0,4E0,1E0,2E0,2E0],"tree_param":{"num_deleted":"0","num_feature":"2","num_nodes":"13","size_leaf_vector":"1"}},{"base_weights":[-2.8942109E-3,-9.533477E-1,2.532613E0,-2.4700813E0,-3.608958E-2,7.3544316E-2,3.0634767E-1,-2.9887906E-1,-7.163315E-2,-1.5162048E-1,2.7078247E-2,-1.9447327E-2,-5.822754E-3],"categories":[],"categories_nodes":[],"categories_segments":[],"categories_sizes":[],"default_left":[0,0,0,0,0,0,0,0,0,0,0,0,0],"id":61,"left_children":[1,3,5,7,9,-1,-1,-1,-1,11,-1,-1,-1],"loss_changes":[2.6513279E1,1.1040745E1,6.091423E-1,5.880947E-1,2.537754E-1,0E0,0E0,0E0,0E0,8.687049E-3,0E0,0E0,0E0],"parents":[2147483647,0,0,1,1,2,2,3,3,4,4,9,9],"right_children":[2,4,6,8,10,-1,-1,-1,-1,12,-1,-1,-1],"split_conditions":[9.0083593E-1,1.9990724E-1,1E0,9.987331E-2,8.0225587E-1,7.3544316E-2,3.0634767E-1,-2.9887906E-1,-7.163315E-2,4.004462E-1,2.7078247E-2,-1.9447327E-2,-5.822754E-3],"split_indices":[0,0,0,0,0,0,0,0,0,0,0,0,0],"split_type":[0,0,0,0,0,0,0,0,0,0,0,0,0],"sum_hessian":[9E0,7E0,2E0,2E0,5E0,1E0,1E0,1E0,1E0,4E0,1E0,2E0,2E0],"tree_param":{"num_deleted":"0","num_feature":"2","num_nodes":"13","size_leaf_vector":"1"}},{"base_weights":[-1.4831543E-3,-9.040985E-1,2.4059856E0,-2.346578E0,-3.21757E-2,6.986695E-2,2.9103088E-1,-2.8393516E-1,-6.805153E-2,-1.4151001E-1,2.5724793E-2,-1.8150838E-2,-5.4341634E-3],"categories":[],"categories_nodes":[],"categories_segments":[],"categories_sizes":[],"default_left":[0,0,0,0,0,0,0,0,0,0,0,0,0],"id":62,"left_children":[1,3,5,7,9,-1,-1,-1,-1,11,-1,-1,-1],"loss_changes":[2.390543E1,9.986344E0,5.4977417E-1,5.307541E-1,2.2626676E-1,0E0,0E0,0E0,0E0,7.5694993E-3,0E0,0E0,0E0],"parents":[2147483647,0,0,1,1,2,2,3,3,4,4,9,9],"right_children":[2,4,6,8,10,-1,-1,-1,-1,12,-1,-1,-1],"split_conditions":[9.0083593E-1,1.9990724E-1,1E0,9.987331E-2,8.0225587E-1,6.986695E-2,2.9103088E-1,-2.8393516E-1,-6.805153E-2,4.004462E-1,2.5724793E-2,-1.8150838E-2,-5.4341634E-3],"split_indices":[0,0,0,0,0,0,0,0,0,0,0,0,0],"split_type":[0,0,0,0,0,0,0,0,0,0,0,0,0],"sum_hessian":[9E0,7E0,2E0,2E0,5E0,1E0,1E0,1E0,1E0,4E0,1E0,2E0,2E0],"tree_param":{"num_deleted":"0","num_feature":"2","num_nodes":"13","size_leaf_vector":"1"}},{"base_weights":[-2.2583008E-4,-8.5741806E-1,2.2856953E0,-2.229248E0,-2.8600058E-2,6.6374205E-2,2.764801E-1,-2.697384E-1,-6.464882E-2,-1.3207397E-1,2.4438476E-2,-1.5222549E-2,-2.573395E-3],"categories":[],"categories_nodes":[],"categories_segments":[],"categories_sizes":[],"default_left":[0,0,0,0,0,0,0,0,0,0,0,0,0],"id":63,"left_children":[1,3,5,7,9,-1,-1,-1,-1,11,-1,-1,-1],"loss_changes":[2.1554535E1,9.032223E0,4.9614525E-1,4.790125E-1,2.0175773E-1,0E0,0E0,0E0,0E0,6.7972094E-3,0E0,0E0,0E0],"parents":[2147483647,0,0,1,1,2,2,3,3,4,4,9,9],"right_children":[2,4,6,8,10,-1,-1,-1,-1,12,-1,-1,-1],"split_conditions":[9.0083593E-1,1.9990724E-1,1E0,9.987331E-2,8.0225587E-1,6.6374205E-2,2.764801E-1,-2.697384E-1,-6.464882E-2,4.9986365E-1,2.4438476E-2,-1.5222549E-2,-2.573395E-3],"split_indices":[0,0,0,0,0,0,0,0,0,0,0,0,0],"split_type":[0,0,0,0,0,0,0,0,0,0,0,0,0],"sum_hessian":[9E0,7E0,2E0,2E0,5E0,1E0,1E0,1E0,1E0,4E0,1E0,3E0,1E0],"tree_param":{"num_deleted":"0","num_feature":"2","num_nodes":"13","size_leaf_vector":"1"}},{"base_weights":[1.3084412E-3,-8.126421E-1,2.171407E0,-2.1177852E0,-2.4630228E-2,6.305542E-2,2.6265565E-1,-2.5625154E-1,-6.1416246E-2,-1.22421265E-1,2.3216248E-2,-1.592509E-2,-4.4784546E-3],"categories":[],"categories_nodes":[],"categories_segments":[],"categories_sizes":[],"default_left":[0,0,0,0,0,0,0,0,0,0,0,0,0],"id":64,"left_children":[1,3,5,7,9,-1,-1,-1,-1,11,-1,-1,-1],"loss_changes":[1.9428106E1,8.175584E0,4.477682E-1,4.323187E-1,1.7909376E-1,0E0,0E0,0E0,0E0,7.164687E-3,0E0,0E0,0E0],"parents":[2147483647,0,0,1,1,2,2,3,3,4,4,9,9],"right_children":[2,4,6,8,10,-1,-1,-1,-1,12,-1,-1,-1],"split_conditions":[9.0083593E-1,1.9990724E-1,1E0,9.987331E-2,8.0225587E-1,6.305542E-2,2.6265565E-1,-2.5625154E-1,-6.1416246E-2,4.004462E-1,2.3216248E-2,-1.592509E-2,-4.4784546E-3],"split_indices":[0,0,0,0,0,0,0,0,0,0,0,0,0],"split_type":[0,0,0,0,0,0,0,0,0,0,0,0,0],"sum_hessian":[9E0,7E0,2E0,2E0,5E0,1E0,1E0,1E0,1E0,4E0,1E0,2E0,2E0],"tree_param":{"num_deleted":"0","num_feature":"2","num_nodes":"13","size_leaf_vector":"1"}},{"base_weights":[2.2632598E-3,-7.707343E-1,2.0628357E0,-2.0118954E0,-2.1697998E-2,5.9902955E-2,2.495224E-1,-2.4343891E-1,-5.8345415E-2,-1.1425781E-1,2.2055054E-2,-1.48630785E-2,-4.1798907E-3],"categories":[],"categories_nodes":[],"categories_segments":[],"categories_sizes":[],"default_left":[0,0,0,0,0,0,0,0,0,0,0,0,0],"id":65,"left_children":[1,3,5,7,9,-1,-1,-1,-1,11,-1,-1,-1],"loss_changes":[1.7518072E1,7.393744E0,4.0408516E-1,3.901682E-1,1.597345E-1,0E0,0E0,0E0,0E0,6.240532E-3,0E0,0E0,0E0],"parents":[2147483647,0,0,1,1,2,2,3,3,4,4,9,9],"right_children":[2,4,6,8,10,-1,-1,-1,-1,12,-1,-1,-1],"split_conditions":[9.0083593E-1,1.9990724E-1,1E0,9.987331E-2,8.0225587E-1,5.9902955E-2,2.495224E-1,-2.4343891E-1,-5.8345415E-2,4.004462E-1,2.2055054E-2,-1.48630785E-2,-4.1798907E-3],"split_indices":[0,0,0,0,0,0,0,0,0,0,0,0,0],"split_type":[0,0,0,0,0,0,0,0,0,0,0,0,0],"sum_hessian":[9E0,7E0,2E0,2E0,5E0,1E0,1E0,1E0,1E0,4E0,1E0,2E0,2E0],"tree_param":{"num_deleted":"0","num_feature":"2","num_nodes":"13","size_leaf_vector":"1"}},{"base_weights":[3.1017303E-3,-7.31009E-1,1.9596964E0,-1.911302E0,-1.902771E-2,5.6907654E-2,2.3704682E-1,-2.3126698E-1,-5.5428315E-2,-1.0664062E-1,2.0951843E-2,-1.3872273E-2,-3.9011638E-3],"categories":[],"categories_nodes":[],"categories_segments":[],"categories_sizes":[],"default_left":[0,0,0,0,0,0,0,0,0,0,0,0,0],"id":66,"left_children":[1,3,5,7,9,-1,-1,-1,-1,11,-1,-1,-1],"loss_changes":[1.5796126E1,6.6864038E0,3.647051E-1,3.521185E-1,1.4248474E-1,0E0,0E0,0E0,0E0,5.4366067E-3,0E0,0E0,0E0],"parents":[2147483647,0,0,1,1,2,2,3,3,4,4,9,9],"right_children":[2,4,6,8,10,-1,-1,-1,-1,12,-1,-1,-1],"split_conditions":[9.0083593E-1,1.9990724E-1,1E0,9.987331E-2,8.0225587E-1,5.6907654E-2,2.3704682E-1,-2.3126698E-1,-5.5428315E-2,4.004462E-1,2.0951843E-2,-1.3872273E-2,-3.9011638E-3],"split_indices":[0,0,0,0,0,0,0,0,0,0,0,0,0],"split_type":[0,0,0,0,0,0,0,0,0,0,0,0,0],"sum_hessian":[9E0,7E0,2E0,2E0,5E0,1E0,1E0,1E0,1E0,4E0,1E0,2E0,2E0],"tree_param":{"num_deleted":"0","num_feature":"2","num_nodes":"13","size_leaf_vector":"1"}},{"base_weights":[3.8322448E-3,-6.933489E-1,1.8617045E0,-1.8157374E0,-1.6596476E-2,5.406189E-2,2.2519378E-1,-2.1970367E-1,-5.2656937E-2,-9.953003E-2,1.9903565E-2,-1.2947591E-2,-3.6407472E-3],"categories":[],"categories_nodes":[],"categories_segments":[],"categories_sizes":[],"default_left":[0,0,0,0,0,0,0,0,0,0,0,0,0],"id":67,"left_children":[1,3,5,7,9,-1,-1,-1,-1,11,-1,-1,-1],"loss_changes":[1.4243546E1,6.0464983E0,3.2915497E-1,3.177843E-1,1.2710886E-1,0E0,0E0,0E0,0E0,4.7374107E-3,0E0,0E0,0E0],"parents":[2147483647,0,0,1,1,2,2,3,3,4,4,9,9],"right_children":[2,4,6,8,10,-1,-1,-1,-1,12,-1,-1,-1],"split_conditions":[9.0083593E-1,1.9990724E-1,1E0,9.987331E-2,8.0225587E-1,5.406189E-2,2.2519378E-1,-2.1970367E-1,-5.2656937E-2,4.004462E-1,1.9903565E-2,-1.2947591E-2,-3.6407472E-3],"split_indices":[0,0,0,0,0,0,0,0,0,0,0,0,0],"split_type":[0,0,0,0,0,0,0,0,0,0,0,0,0],"sum_hessian":[9E0,7E0,2E0,2E0,5E0,1E0,1E0,1E0,1E0,4E0,1E0,2E0,2E0],"tree_param":{"num_deleted":"0","num_feature":"2","num_nodes":"13","size_leaf_vector":"1"}},{"base_weights":[4.472351E-3,-6.5764046E-1,1.7686157E0,-1.7249502E0,-1.4378865E-2,5.1358033E-2,2.1393433E-1,-2.087185E-1,-5.0024033E-2,-9.2889406E-2,1.8908693E-2,-1.2083944E-2,-3.3976238E-3],"categories":[],"categories_nodes":[],"categories_segments":[],"categories_sizes":[],"default_left":[0,0,0,0,0,0,0,0,0,0,0,0,0],"id":68,"left_children":[1,3,5,7,9,-1,-1,-1,-1,11,-1,-1,-1],"loss_changes":[1.2843732E1,5.4676723E0,2.9710388E-1,2.8680325E-1,1.13409415E-1,0E0,0E0,0E0,0E0,4.127454E-3,0E0,0E0,0E0],"parents":[2147483647,0,0,1,1,2,2,3,3,4,4,9,9],"right_children":[2,4,6,8,10,-1,-1,-1,-1,12,-1,-1,-1],"split_conditions":[9.0083593E-1,1.9990724E-1,1E0,9.987331E-2,8.0225587E-1,5.1358033E-2,2.1393433E-1,-2.087185E-1,-5.0024033E-2,4.004462E-1,1.8908693E-2,-1.2083944E-2,-3.3976238E-3],"split_indices":[0,0,0,0,0,0,0,0,0,0,0,0,0],"split_type":[0,0,0,0,0,0,0,0,0,0,0,0,0],"sum_hessian":[9E0,7E0,2E0,2E0,5E0,1E0,1E0,1E0,1E0,4E0,1E0,2E0,2E0],"tree_param":{"num_deleted":"0","num_feature":"2","num_nodes":"13","size_leaf_vector":"1"}},{"base_weights":[5.0231935E-3,-6.2379074E-1,1.6801859E0,-1.6387024E0,-1.2369792E-2,4.8789978E-2,2.0323792E-1,-1.9828263E-1,-4.7522735E-2,-8.669434E-2,1.7962648E-2,-1.0105133E-2,-1.4633179E-3],"categories":[],"categories_nodes":[],"categories_segments":[],"categories_sizes":[],"default_left":[0,0,0,0,0,0,0,0,0,0,0,0,0],"id":69,"left_children":[1,3,5,7,9,-1,-1,-1,-1,11,-1,-1,-1],"loss_changes":[1.158174E1,4.9440365E0,2.6814842E-1,2.5884533E-1,1.0119281E-1,0E0,0E0,0E0,0E0,3.6942065E-3,0E0,0E0,0E0],"parents":[2147483647,0,0,1,1,2,2,3,3,4,4,9,9],"right_children":[2,4,6,8,10,-1,-1,-1,-1,12,-1,-1,-1],"split_conditions":[9.0083593E-1,1.9990724E-1,1E0,9.987331E-2,8.0225587E-1,4.8789978E-2,2.0323792E-1,-1.9828263E-1,-4.7522735E-2,4.9986365E-1,1.7962648E-2,-1.0105133E-2,-1.4633179E-3],"split_indices":[0,0,0,0,0,0,0,0,0,0,0,0,0],"split_type":[0,0,0,0,0,0,0,0,0,0,0,0,0],"sum_hessian":[9E0,7E0,2E0,2E0,5E0,1E0,1E0,1E0,1E0,4E0,1E0,3E0,1E0],"tree_param":{"num_deleted":"0","num_feature":"2","num_nodes":"13","size_leaf_vector":"1"}},{"base_weights":[5.778885E-3,-5.9134054E-1,1.596171E0,-1.5567665E0,-1.0070801E-2,4.63501E-2,1.9307557E-1,-1.8836842E-1,-4.5146562E-2,-8.034058E-2,1.7063905E-2,-1.2246705E-2,-3.91922E-3],"categories":[],"categories_nodes":[],"categories_segments":[],"categories_sizes":[],"default_left":[0,0,0,0,0,0,0,0,0,0,0,0,0],"id":70,"left_children":[1,3,5,7,9,-1,-1,-1,-1,11,-1,-1,-1],"loss_changes":[1.0440422E1,4.473705E0,2.4201488E-1,2.3360872E-1,8.9899875E-2,0E0,0E0,0E0,0E0,3.8674213E-3,0E0,0E0,0E0],"parents":[2147483647,0,0,1,1,2,2,3,3,4,4,9,9],"right_children":[2,4,6,8,10,-1,-1,-1,-1,12,-1,-1,-1],"split_conditions":[9.0083593E-1,1.9990724E-1,1E0,9.987331E-2,8.0225587E-1,4.63501E-2,1.9307557E-1,-1.8836842E-1,-4.5146562E-2,3.003631E-1,1.7063905E-2,-1.2246705E-2,-3.91922E-3],"split_indices":[0,0,0,0,0,0,0,0,0,0,0,0,0],"split_type":[0,0,0,0,0,0,0,0,0,0,0,0,0],"sum_hessian":[9E0,7E0,2E0,2E0,5E0,1E0,1E0,1E0,1E0,4E0,1E0,1E0,3E0],"tree_param":{"num_deleted":"0","num_feature":"2","num_nodes":"13","size_leaf_vector":"1"}},{"base_weights":[5.881882E-3,-5.612817E-1,1.5163574E0,-1.4789289E0,-8.911133E-3,4.4032287E-2,1.8342133E-1,-1.7894994E-1,-4.2889405E-2,-7.553711E-2,1.6210938E-2,-1.1634064E-2,-3.6251068E-3],"categories":[],"categories_nodes":[],"categories_segments":[],"categories_sizes":[],"default_left":[0,0,0,0,0,0,0,0,0,0,0,0,0],"id":71,"left_children":[1,3,5,7,9,-1,-1,-1,-1,11,-1,-1,-1],"loss_changes":[9.417971E0,4.041871E0,2.184248E-1,2.1082401E-1,8.061172E-2,0E0,0E0,0E0,0E0,3.797572E-3,0E0,0E0,0E0],"parents":[2147483647,0,0,1,1,2,2,3,3,4,4,9,9],"right_children":[2,4,6,8,10,-1,-1,-1,-1,12,-1,-1,-1],"split_conditions":[9.0083593E-1,1.9990724E-1,1E0,9.987331E-2,8.0225587E-1,4.4032287E-2,1.8342133E-1,-1.7894994E-1,-4.2889405E-2,3.003631E-1,1.6210938E-2,-1.1634064E-2,-3.6251068E-3],"split_indices":[0,0,0,0,0,0,0,0,0,0,0,0,0],"split_type":[0,0,0,0,0,0,0,0,0,0,0,0,0],"sum_hessian":[9E0,7E0,2E0,2E0,5E0,1E0,1E0,1E0,1E0,4E0,1E0,1E0,3E0],"tree_param":{"num_deleted":"0","num_feature":"2","num_nodes":"13","size_leaf_vector":"1"}},{"base_weights":[5.9532165E-3,-5.327616E-1,1.4405416E0,-1.404981E0,-7.858276E-3,4.1830447E-2,1.742508E-1,-1.7000237E-1,-4.074478E-2,-7.103272E-2,1.5400696E-2,-9.557089E-3,-2.2816977E-3],"categories":[],"categories_nodes":[],"categories_segments":[],"categories_sizes":[],"default_left":[0,0,0,0,0,0,0,0,0,0,0,0,0],"id":72,"left_children":[1,3,5,7,9,-1,-1,-1,-1,11,-1,-1,-1],"loss_changes":[8.495805E0,3.6516058E0,1.9714403E-1,1.9027376E-1,7.2294E-2,0E0,0E0,0E0,0E0,3.734991E-3,0E0,0E0,0E0],"parents":[2147483647,0,0,1,1,2,2,3,3,4,4,9,9],"right_children":[2,4,6,8,10,-1,-1,-1,-1,12,-1,-1,-1],"split_conditions":[9.0083593E-1,1.9990724E-1,1E0,9.987331E-2,8.0225587E-1,4.1830447E-2,1.742508E-1,-1.7000237E-1,-4.074478E-2,4.004462E-1,1.5400696E-2,-9.557089E-3,-2.2816977E-3],"split_indices":[0,0,0,0,0,0,0,0,0,0,0,0,0],"split_type":[0,0,0,0,0,0,0,0,0,0,0,0,0],"sum_hessian":[9E0,7E0,2E0,2E0,5E0,1E0,1E0,1E0,1E0,4E0,1E0,2E0,2E0],"tree_param":{"num_deleted":"0","num_feature":"2","num_nodes":"13","size_leaf_vector":"1"}},{"base_weights":[6.245041E-3,-5.053849E-1,1.3685099E0,-1.3347334E0,-6.479899E-3,3.9738465E-2,1.6553803E-1,-1.6150227E-1,-3.8707733E-2,-6.6296384E-2,1.4630127E-2,-1.0575104E-2,-2.9994965E-2,-3.4006757E-3,-8.979798E-4],"categories":[],"categories_nodes":[],"categories_segments":[],"categories_sizes":[],"default_left":[0,0,0,0,0,0,0,0,0,0,0,0,0,0,0],"id":73,"left_children":[1,3,5,7,9,-1,-1,-1,-1,11,-1,-1,13,-1,-1],"loss_changes":[7.66138E0,3.3014796E0,1.7793846E-1,1.7171526E-1,6.453224E-2,0E0,0E0,0E0,0E0,3.9893016E-3,0E0,0E0,3.186008E-5,0E0,0E0],"parents":[2147483647,0,0,1,1,2,2,3,3,4,4,9,9,12,12],"right_children":[2,4,6,8,10,-1,-1,-1,-1,12,-1,-1,14,-1,-1],"split_conditions":[9.0083593E-1,1.9990724E-1,1E0,9.987331E-2,8.0225587E-1,3.9738465E-2,1.6553803E-1,-1.6150227E-1,-3.8707733E-2,3.003631E-1,1.4630127E-2,-1.0575104E-2,4.9986365E-1,-3.4006757E-3,-8.979798E-4],"split_indices":[0,0,0,0,0,0,0,0,0,0,0,0,0,0,0],"split_type":[0,0,0,0,0,0,0,0,0,0,0,0,0,0,0],"sum_hessian":[9E0,7E0,2E0,2E0,5E0,1E0,1E0,1E0,1E0,4E0,1E0,1E0,3E0,2E0,1E0],"tree_param":{"num_deleted":"0","num_feature":"2","num_nodes":"15","size_leaf_vector":"1"}},{"base_weights":[6.1065676E-3,-4.7990036E-1,1.3000895E0,-1.2679952E0,-5.8695474E-3,3.775177E-2,1.5726165E-1,-1.5342712E-1,-3.6772158E-2,-6.2640384E-2,1.3899231E-2,-1.0046387E-2,-2.8068542E-2,-3.1738281E-3,-8.5296633E-4],"categories":[],"categories_nodes":[],"categories_segments":[],"categories_sizes":[],"default_left":[0,0,0,0,0,0,0,0,0,0,0,0,0,0,0],"id":74,"left_children":[1,3,5,7,9,-1,-1,-1,-1,11,-1,-1,13,-1,-1],"loss_changes":[6.9127603E0,2.9812074E0,1.6058683E-1,1.5497923E-1,5.8050103E-2,0E0,0E0,0E0,0E0,3.7182625E-3,0E0,0E0,1.6093487E-5,0E0,0E0],"parents":[2147483647,0,0,1,1,2,2,3,3,4,4,9,9,12,12],"right_children":[2,4,6,8,10,-1,-1,-1,-1,12,-1,-1,14,-1,-1],"split_conditions":[9.0083593E-1,1.9990724E-1,1E0,9.987331E-2,8.0225587E-1,3.775177E-2,1.5726165E-1,-1.5342712E-1,-3.6772158E-2,3.003631E-1,1.3899231E-2,-1.0046387E-2,4.9986365E-1,-3.1738281E-3,-8.5296633E-4],"split_indices":[0,0,0,0,0,0,0,0,0,0,0,0,0,0,0],"split_type":[0,0,0,0,0,0,0,0,0,0,0,0,0,0,0],"sum_hessian":[9E0,7E0,2E0,2E0,5E0,1E0,1E0,1E0,1E0,4E0,1E0,1E0,3E0,2E0,1E0],"tree_param":{"num_deleted":"0","num_feature":"2","num_nodes":"15","size_leaf_vector":"1"}},{"base_weights":[5.961609E-3,-4.5570564E-1,1.235087E0,-1.204595E0,-5.3100586E-3,3.586426E-2,1.493988E-1,-1.4575577E-1,-3.4933474E-2,-5.9191894E-2,1.3204956E-2,-9.544373E-3,-2.6268005E-2,-2.9622398E-3,-8.1024173E-4],"categories":[],"categories_nodes":[],"categories_segments":[],"categories_sizes":[],"default_left":[0,0,0,0,0,0,0,0,0,0,0,0,0,0,0],"id":75,"left_children":[1,3,5,7,9,-1,-1,-1,-1,11,-1,-1,13,-1,-1],"loss_changes":[6.237306E0,2.691975E0,1.4492941E-1,1.3987112E-1,5.222339E-2,0E0,0E0,0E0,0E0,3.46064E-3,0E0,0E0,3.7248246E-6,0E0,0E0],"parents":[2147483647,0,0,1,1,2,2,3,3,4,4,9,9,12,12],"right_children":[2,4,6,8,10,-1,-1,-1,-1,12,-1,-1,14,-1,-1],"split_conditions":[9.0083593E-1,1.9990724E-1,1E0,9.987331E-2,8.0225587E-1,3.586426E-2,1.493988E-1,-1.4575577E-1,-3.4933474E-2,3.003631E-1,1.3204956E-2,-9.544373E-3,4.9986365E-1,-2.9622398E-3,-8.1024173E-4],"split_indices":[0,0,0,0,0,0,0,0,0,0,0,0,0,0,0],"split_type":[0,0,0,0,0,0,0,0,0,0,0,0,0,0,0],"sum_hessian":[9E0,7E0,2E0,2E0,5E0,1E0,1E0,1E0,1E0,4E0,1E0,1E0,3E0,2E0,1E0],"tree_param":{"num_deleted":"0","num_feature":"2","num_nodes":"15","size_leaf_vector":"1"}},{"base_weights":[5.8101653E-3,-4.3273592E-1,1.1733297E0,-1.1443647E0,-4.798889E-3,3.4071352E-2,1.419281E-1,-1.3846798E-1,-3.3186723E-2,-5.593567E-2,1.2544251E-2,-9.066773E-3,-2.4585724E-3],"categories":[],"categories_nodes":[],"categories_segments":[],"categories_sizes":[],"default_left":[0,0,0,0,0,0,0,0,0,0,0,0,0],"id":76,"left_children":[1,3,5,7,9,-1,-1,-1,-1,11,-1,-1,-1],"loss_changes":[5.627853E0,2.430767E0,1.3078117E-1,1.262362E-1,4.6977464E-2,0E0,0E0,0E0,0E0,3.215108E-3,0E0,0E0,0E0],"parents":[2147483647,0,0,1,1,2,2,3,3,4,4,9,9],"right_children":[2,4,6,8,10,-1,-1,-1,-1,12,-1,-1,-1],"split_conditions":[9.0083593E-1,1.9990724E-1,1E0,9.987331E-2,8.0225587E-1,3.4071352E-2,1.419281E-1,-1.3846798E-1,-3.3186723E-2,3.003631E-1,1.2544251E-2,-9.066773E-3,-2.4585724E-3],"split_indices":[0,0,0,0,0,0,0,0,0,0,0,0,0],"split_type":[0,0,0,0,0,0,0,0,0,0,0,0,0],"sum_hessian":[9E0,7E0,2E0,2E0,5E0,1E0,1E0,1E0,1E0,4E0,1E0,1E0,3E0],"tree_param":{"num_deleted":"0","num_feature":"2","num_nodes":"13","size_leaf_vector":"1"}},{"base_weights":[5.7655335E-3,-4.1079235E-1,1.1146647E0,-1.0871454E0,-4.1503906E-3,3.236847E-2,1.3483123E-1,-1.315445E-1,-3.152733E-2,-5.2648924E-2,1.1917114E-2,-8.613586E-3,-2.2743225E-2,-2.6011148E-3,-6.469727E-4],"categories":[],"categories_nodes":[],"categories_segments":[],"categories_sizes":[],"default_left":[0,0,0,0,0,0,0,0,0,0,0,0,0,0,0],"id":77,"left_children":[1,3,5,7,9,-1,-1,-1,-1,11,-1,-1,13,-1,-1],"loss_changes":[5.0771027E0,2.1957564E0,1.18003845E-1,1.1392951E-1,4.2159714E-2,0E0,0E0,0E0,0E0,3.0482449E-3,0E0,0E0,4.4437125E-5,0E0,0E0],"parents":[2147483647,0,0,1,1,2,2,3,3,4,4,9,9,12,12],"right_children":[2,4,6,8,10,-1,-1,-1,-1,12,-1,-1,14,-1,-1],"split_conditions":[9.0083593E-1,1.9990724E-1,1E0,9.987331E-2,8.0225587E-1,3.236847E-2,1.3483123E-1,-1.315445E-1,-3.152733E-2,3.003631E-1,1.1917114E-2,-8.613586E-3,4.9986365E-1,-2.6011148E-3,-6.469727E-4],"split_indices":[0,0,0,0,0,0,0,0,0,0,0,0,0,0,0],"split_type":[0,0,0,0,0,0,0,0,0,0,0,0,0,0,0],"sum_hessian":[9E0,7E0,2E0,2E0,5E0,1E0,1E0,1E0,1E0,4E0,1E0,1E0,3E0,2E0,1E0],"tree_param":{"num_deleted":"0","num_feature":"2","num_nodes":"15","size_leaf_vector":"1"}},{"base_weights":[5.6053163E-3,-3.900919E-1,1.0589294E0,-1.0327886E0,-3.7282307E-3,3.0749513E-2,1.280899E-1,-1.24967195E-1,-2.9951096E-2,-4.9761962E-2,1.13220215E-2,-8.183288E-3,-2.128601E-2,-2.4281822E-3,-6.149292E-4],"categories":[],"categories_nodes":[],"categories_segments":[],"categories_sizes":[],"default_left":[0,0,0,0,0,0,0,0,0,0,0,0,0,0,0],"id":78,"left_children":[1,3,5,7,9,-1,-1,-1,-1,11,-1,-1,13,-1,-1],"loss_changes":[4.5810537E0,1.9826669E0,1.065166E-1,1.0281658E-1,3.79355E-2,0E0,0E0,0E0,0E0,2.824354E-3,0E0,0E0,3.2070908E-5,0E0,0E0],"parents":[2147483647,0,0,1,1,2,2,3,3,4,4,9,9,12,12],"right_children":[2,4,6,8,10,-1,-1,-1,-1,12,-1,-1,14,-1,-1],"split_conditions":[9.0083593E-1,1.9990724E-1,1E0,9.987331E-2,8.0225587E-1,3.0749513E-2,1.280899E-1,-1.24967195E-1,-2.9951096E-2,3.003631E-1,1.13220215E-2,-8.183288E-3,4.9986365E-1,-2.4281822E-3,-6.149292E-4],"split_indices":[0,0,0,0,0,0,0,0,0,0,0,0,0,0,0],"split_type":[0,0,0,0,0,0,0,0,0,0,0,0,0,0,0],"sum_hessian":[9E0,7E0,2E0,2E0,5E0,1E0,1E0,1E0,1E0,4E0,1E0,1E0,3E0,2E0,1E0],"tree_param":{"num_deleted":"0","num_feature":"2","num_nodes":"15","size_leaf_vector":"1"}},{"base_weights":[5.4447176E-3,-3.7043715E-1,1.0059814E0,-9.81149E-1,-3.3416748E-3,2.9211426E-2,1.21685795E-1,-1.18718915E-1,-2.8453445E-2,-4.703369E-2,1.0755921E-2,-7.774353E-3,-1.992035E-2,-2.266439E-3,-5.844116E-4],"categories":[],"categories_nodes":[],"categories_segments":[],"categories_sizes":[],"default_left":[0,0,0,0,0,0,0,0,0,0,0,0,0,0,0],"id":79,"left_children":[1,3,5,7,9,-1,-1,-1,-1,11,-1,-1,13,-1,-1],"loss_changes":[4.133489E0,1.790238E0,9.615159E-2,9.279537E-2,3.4131806E-2,0E0,0E0,0E0,0E0,2.614553E-3,0E0,0E0,2.2049644E-5,0E0,0E0],"parents":[2147483647,0,0,1,1,2,2,3,3,4,4,9,9,12,12],"right_children":[2,4,6,8,10,-1,-1,-1,-1,12,-1,-1,14,-1,-1],"split_conditions":[9.0083593E-1,1.9990724E-1,1E0,9.987331E-2,8.0225587E-1,2.9211426E-2,1.21685795E-1,-1.18718915E-1,-2.8453445E-2,3.003631E-1,1.0755921E-2,-7.774353E-3,4.9986365E-1,-2.266439E-3,-5.844116E-4],"split_indices":[0,0,0,0,0,0,0,0,0,0,0,0,0,0,0],"split_type":[0,0,0,0,0,0,0,0,0,0,0,0,0,0,0],"sum_hessian":[9E0,7E0,2E0,2E0,5E0,1E0,1E0,1E0,1E0,4E0,1E0,1E0,3E0,2E0,1E0],"tree_param":{"num_deleted":"0","num_feature":"2","num_nodes":"15","size_leaf_vector":"1"}},{"base_weights":[5.2902224E-3,-3.517704E-1,9.556885E-1,-9.320933E-1,-2.98055E-3,2.775116E-2,1.1560211E-1,-1.1278305E-1,-2.7030945E-2,-4.4451904E-2,1.0218811E-2,-7.385254E-3,-1.863861E-2,-2.1148683E-3,-5.5541995E-4],"categories":[],"categories_nodes":[],"categories_segments":[],"categories_sizes":[],"default_left":[0,0,0,0,0,0,0,0,0,0,0,0,0,0,0],"id":80,"left_children":[1,3,5,7,9,-1,-1,-1,-1,11,-1,-1,13,-1,-1],"loss_changes":[3.729681E0,1.6165079E0,8.6773396E-2,8.374381E-2,3.0711377E-2,0E0,0E0,0E0,0E0,2.418127E-3,0E0,0E0,1.3907207E-5,0E0,0E0],"parents":[2147483647,0,0,1,1,2,2,3,3,4,4,9,9,12,12],"right_children":[2,4,6,8,10,-1,-1,-1,-1,12,-1,-1,14,-1,-1],"split_conditions":[9.0083593E-1,1.9990724E-1,1E0,9.987331E-2,8.0225587E-1,2.775116E-2,1.1560211E-1,-1.1278305E-1,-2.7030945E-2,3.003631E-1,1.0218811E-2,-7.385254E-3,4.9986365E-1,-2.1148683E-3,-5.5541995E-4],"split_indices":[0,0,0,0,0,0,0,0,0,0,0,0,0,0,0],"split_type":[0,0,0,0,0,0,0,0,0,0,0,0,0,0,0],"sum_hessian":[9E0,7E0,2E0,2E0,5E0,1E0,1E0,1E0,1E0,4E0,1E0,1E0,3E0,2E0,1E0],"tree_param":{"num_deleted":"0","num_feature":"2","num_nodes":"15","size_leaf_vector":"1"}},{"base_weights":[5.132675E-3,-3.340497E-1,9.0790814E-1,-8.8548917E-1,-2.6550293E-3,2.6364136E-2,1.0982209E-1,-1.07143976E-1,-2.5679398E-2,-4.2016603E-2,9.707642E-3,-7.0159915E-3,-1.7440796E-2,-1.9734702E-3,-5.2795414E-4],"categories":[],"categories_nodes":[],"categories_segments":[],"categories_sizes":[],"default_left":[0,0,0,0,0,0,0,0,0,0,0,0,0,0,0],"id":81,"left_children":[1,3,5,7,9,-1,-1,-1,-1,11,-1,-1,13,-1,-1],"loss_changes":[3.3653417E0,1.4596019E0,7.83E-2,7.557917E-2,2.7632339E-2,0E0,0E0,0E0,0E0,2.2345781E-3,0E0,0E0,7.396913E-6,0E0,0E0],"parents":[2147483647,0,0,1,1,2,2,3,3,4,4,9,9,12,12],"right_children":[2,4,6,8,10,-1,-1,-1,-1,12,-1,-1,14,-1,-1],"split_conditions":[9.0083593E-1,1.9990724E-1,1E0,9.987331E-2,8.0225587E-1,2.6364136E-2,1.0982209E-1,-1.07143976E-1,-2.5679398E-2,3.003631E-1,9.707642E-3,-7.0159915E-3,4.9986365E-1,-1.9734702E-3,-5.2795414E-4],"split_indices":[0,0,0,0,0,0,0,0,0,0,0,0,0,0,0],"split_type":[0,0,0,0,0,0,0,0,0,0,0,0,0,0,0],"sum_hessian":[9E0,7E0,2E0,2E0,5E0,1E0,1E0,1E0,1E0,4E0,1E0,1E0,3E0,2E0,1E0],"tree_param":{"num_deleted":"0","num_feature":"2","num_nodes":"15","size_leaf_vector":"1"}},{"base_weights":[4.9736025E-3,-3.1722355E-1,8.625081E-1,-8.412145E-1,-2.357483E-3,2.5045777E-2,1.0433044E-1,-1.0178681E-1,-2.439537E-2,-3.9718628E-2,9.2224125E-3,-6.6650393E-3,-1.632309E-2,-1.8422445E-3,-5.0125126E-4],"categories":[],"categories_nodes":[],"categories_segments":[],"categories_sizes":[],"default_left":[0,0,0,0,0,0,0,0,0,0,0,0,0,0,0],"id":82,"left_children":[1,3,5,7,9,-1,-1,-1,-1,11,-1,-1,13,-1,-1],"loss_changes":[3.0365596E0,1.3179126E0,7.066584E-2,6.821203E-2,2.4865078E-2,0E0,0E0,0E0,0E0,2.0624753E-3,0E0,0E0,2.6370399E-6,0E0,0E0],"parents":[2147483647,0,0,1,1,2,2,3,3,4,4,9,9,12,12],"right_children":[2,4,6,8,10,-1,-1,-1,-1,12,-1,-1,14,-1,-1],"split_conditions":[9.0083593E-1,1.9990724E-1,1E0,9.987331E-2,8.0225587E-1,2.5045777E-2,1.0433044E-1,-1.0178681E-1,-2.439537E-2,3.003631E-1,9.2224125E-3,-6.6650393E-3,4.9986365E-1,-1.8422445E-3,-5.0125126E-4],"split_indices":[0,0,0,0,0,0,0,0,0,0,0,0,0,0,0],"split_type":[0,0,0,0,0,0,0,0,0,0,0,0,0,0,0],"sum_hessian":[9E0,7E0,2E0,2E0,5E0,1E0,1E0,1E0,1E0,4E0,1E0,1E0,3E0,2E0,1E0],"tree_param":{"num_deleted":"0","num_feature":"2","num_nodes":"15","size_leaf_vector":"1"}},{"base_weights":[4.8175813E-3,-3.0124426E-1,8.1937665E-1,-7.991524E-1,-2.0828247E-3,2.379303E-2,9.9113464E-2,-9.669743E-2,-2.3175431E-2,-3.7545778E-2,8.761597E-3,-6.3316347E-3,-1.5274048E-3],"categories":[],"categories_nodes":[],"categories_segments":[],"categories_sizes":[],"default_left":[0,0,0,0,0,0,0,0,0,0,0,0,0],"id":83,"left_children":[1,3,5,7,9,-1,-1,-1,-1,11,-1,-1,-1],"loss_changes":[2.739887E0,1.1899748E0,6.378341E-2,6.1564922E-2,2.2375513E-2,0E0,0E0,0E0,0E0,1.9026785E-3,0E0,0E0,0E0],"parents":[2147483647,0,0,1,1,2,2,3,3,4,4,9,9],"right_children":[2,4,6,8,10,-1,-1,-1,-1,12,-1,-1,-1],"split_conditions":[9.0083593E-1,1.9990724E-1,1E0,9.987331E-2,8.0225587E-1,2.379303E-2,9.9113464E-2,-9.669743E-2,-2.3175431E-2,3.003631E-1,8.761597E-3,-6.3316347E-3,-1.5274048E-3],"split_indices":[0,0,0,0,0,0,0,0,0,0,0,0,0],"split_type":[0,0,0,0,0,0,0,0,0,0,0,0,0],"sum_hessian":[9E0,7E0,2E0,2E0,5E0,1E0,1E0,1E0,1E0,4E0,1E0,1E0,3E0],"tree_param":{"num_deleted":"0","num_feature":"2","num_nodes":"13","size_leaf_vector":"1"}},{"base_weights":[4.727936E-3,-2.8599072E-1,7.784017E-1,-7.591934E-1,-1.7242432E-3,2.2602845E-2,9.415741E-2,-9.186249E-2,-2.2016525E-2,-3.536377E-2,8.323669E-3,-6.015015E-3,-1.4129639E-2,-1.6174316E-3,-3.9978029E-4],"categories":[],"categories_nodes":[],"categories_segments":[],"categories_sizes":[],"default_left":[0,0,0,0,0,0,0,0,0,0,0,0,0,0,0],"id":84,"left_children":[1,3,5,7,9,-1,-1,-1,-1,11,-1,-1,13,-1,-1],"loss_changes":[2.4718294E0,1.0748163E0,5.7573676E-2,5.556488E-2,2.0091837E-2,0E0,0E0,0E0,0E0,1.7816862E-3,0E0,0E0,1.8203631E-5,0E0,0E0],"parents":[2147483647,0,0,1,1,2,2,3,3,4,4,9,9,12,12],"right_children":[2,4,6,8,10,-1,-1,-1,-1,12,-1,-1,14,-1,-1],"split_conditions":[9.0083593E-1,1.9990724E-1,1E0,9.987331E-2,8.0225587E-1,2.2602845E-2,9.415741E-2,-9.186249E-2,-2.2016525E-2,3.003631E-1,8.323669E-3,-6.015015E-3,4.9986365E-1,-1.6174316E-3,-3.9978029E-4],"split_indices":[0,0,0,0,0,0,0,0,0,0,0,0,0,0,0],"split_type":[0,0,0,0,0,0,0,0,0,0,0,0,0,0,0],"sum_hessian":[9E0,7E0,2E0,2E0,5E0,1E0,1E0,1E0,1E0,4E0,1E0,1E0,3E0,2E0,1E0],"tree_param":{"num_deleted":"0","num_feature":"2","num_nodes":"15","size_leaf_vector":"1"}},{"base_weights":[4.571152E-3,-2.7159166E-1,7.394816E-1,-7.2123337E-1,-1.5055338E-3,2.147217E-2,8.9450076E-2,-8.72694E-2,-2.0915603E-2,-3.3435058E-2,7.907105E-3,-5.7144165E-3,-1.3221741E-2,-1.5096029E-3,-3.7994384E-4],"categories":[],"categories_nodes":[],"categories_segments":[],"categories_sizes":[],"default_left":[0,0,0,0,0,0,0,0,0,0,0,0,0,0,0],"id":85,"left_children":[1,3,5,7,9,-1,-1,-1,-1,11,-1,-1,13,-1,-1],"loss_changes":[2.2303865E0,9.7045004E-1,5.1974773E-2,5.014944E-2,1.8080378E-2,0E0,0E0,0E0,0E0,1.6406532E-3,0E0,0E0,1.3283978E-5,0E0,0E0],"parents":[2147483647,0,0,1,1,2,2,3,3,4,4,9,9,12,12],"right_children":[2,4,6,8,10,-1,-1,-1,-1,12,-1,-1,14,-1,-1],"split_conditions":[9.0083593E-1,1.9990724E-1,1E0,9.987331E-2,8.0225587E-1,2.147217E-2,8.9450076E-2,-8.72694E-2,-2.0915603E-2,3.003631E-1,7.907105E-3,-5.7144165E-3,4.9986365E-1,-1.5096029E-3,-3.7994384E-4],"split_indices":[0,0,0,0,0,0,0,0,0,0,0,0,0,0,0],"split_type":[0,0,0,0,0,0,0,0,0,0,0,0,0,0,0],"sum_hessian":[9E0,7E0,2E0,2E0,5E0,1E0,1E0,1E0,1E0,4E0,1E0,1E0,3E0,2E0,1E0],"tree_param":{"num_deleted":"0","num_feature":"2","num_nodes":"15","size_leaf_vector":"1"}},{"base_weights":[4.4166567E-3,-2.5791836E-1,7.0250446E-1,-6.8517303E-1,-1.3046265E-3,2.039795E-2,8.497772E-2,-8.290596E-2,-1.9869996E-2,-3.161316E-2,7.511902E-3,-5.4290774E-3,-1.2371063E-2,-1.4088949E-3,-3.6087036E-4],"categories":[],"categories_nodes":[],"categories_segments":[],"categories_sizes":[],"default_left":[0,0,0,0,0,0,0,0,0,0,0,0,0,0,0],"id":86,"left_children":[1,3,5,7,9,-1,-1,-1,-1,11,-1,-1,13,-1,-1],"loss_changes":[2.0125175E0,8.762214E-1,4.69203E-2,4.5256853E-2,1.627248E-2,0E0,0E0,0E0,0E0,1.5101894E-3,0E0,0E0,9.368057E-6,0E0,0E0],"parents":[2147483647,0,0,1,1,2,2,3,3,4,4,9,9,12,12],"right_children":[2,4,6,8,10,-1,-1,-1,-1,12,-1,-1,14,-1,-1],"split_conditions":[9.0083593E-1,1.9990724E-1,1E0,9.987331E-2,8.0225587E-1,2.039795E-2,8.497772E-2,-8.290596E-2,-1.9869996E-2,3.003631E-1,7.511902E-3,-5.4290774E-3,4.9986365E-1,-1.4088949E-3,-3.6087036E-4],"split_indices":[0,0,0,0,0,0,0,0,0,0,0,0,0,0,0],"split_type":[0,0,0,0,0,0,0,0,0,0,0,0,0,0,0],"sum_hessian":[9E0,7E0,2E0,2E0,5E0,1E0,1E0,1E0,1E0,4E0,1E0,1E0,3E0,2E0,1E0],"tree_param":{"num_deleted":"0","num_feature":"2","num_nodes":"15","size_leaf_vector":"1"}},{"base_weights":[4.265976E-3,-2.4493456E-1,6.673787E-1,-6.509158E-1,-1.121521E-3,1.9378662E-2,8.072815E-2,-7.876072E-2,-1.8876648E-2,-2.9891968E-2,7.136536E-3,-5.1574707E-3,-1.1577606E-2,-1.3153077E-3,-3.4255983E-4],"categories":[],"categories_nodes":[],"categories_segments":[],"categories_sizes":[],"default_left":[0,0,0,0,0,0,0,0,0,0,0,0,0,0,0],"id":87,"left_children":[1,3,5,7,9,-1,-1,-1,-1,11,-1,-1,13,-1,-1],"loss_changes":[1.8159447E0,7.9113805E-1,4.2330146E-2,4.08417E-2,1.464613E-2,0E0,0E0,0E0,0E0,1.3884162E-3,0E0,0E0,6.3158222E-6,0E0,0E0],"parents":[2147483647,0,0,1,1,2,2,3,3,4,4,9,9,12,12],"right_children":[2,4,6,8,10,-1,-1,-1,-1,12,-1,-1,14,-1,-1],"split_conditions":[9.0083593E-1,1.9990724E-1,1E0,9.987331E-2,8.0225587E-1,1.9378662E-2,8.072815E-2,-7.876072E-2,-1.8876648E-2,3.003631E-1,7.136536E-3,-5.1574707E-3,4.9986365E-1,-1.3153077E-3,-3.4255983E-4],"split_indices":[0,0,0,0,0,0,0,0,0,0,0,0,0,0,0],"split_type":[0,0,0,0,0,0,0,0,0,0,0,0,0,0,0],"sum_hessian":[9E0,7E0,2E0,2E0,5E0,1E0,1E0,1E0,1E0,4E0,1E0,1E0,3E0,2E0,1E0],"tree_param":{"num_deleted":"0","num_feature":"2","num_nodes":"15","size_leaf_vector":"1"}},{"base_weights":[4.1175843E-3,-2.3260784E-1,6.340129E-1,-6.1837006E-1,-9.5876056E-4,1.8409729E-2,7.66922E-2,-7.482262E-2,-1.7932892E-2,-2.8268432E-2,6.7794803E-3,-4.8995973E-3,-1.0837555E-2,-1.2278239E-3,-3.2577515E-4],"categories":[],"categories_nodes":[],"categories_segments":[],"categories_sizes":[],"default_left":[0,0,0,0,0,0,0,0,0,0,0,0,0,0,0],"id":88,"left_children":[1,3,5,7,9,-1,-1,-1,-1,11,-1,-1,13,-1,-1],"loss_changes":[1.6385987E0,7.142988E-1,3.8205385E-2,3.6857963E-2,1.3182275E-2,0E0,0E0,0E0,0E0,1.2754994E-3,0E0,0E0,3.6809652E-6,0E0,0E0],"parents":[2147483647,0,0,1,1,2,2,3,3,4,4,9,9,12,12],"right_children":[2,4,6,8,10,-1,-1,-1,-1,12,-1,-1,14,-1,-1],"split_conditions":[9.0083593E-1,1.9990724E-1,1E0,9.987331E-2,8.0225587E-1,1.8409729E-2,7.66922E-2,-7.482262E-2,-1.7932892E-2,3.003631E-1,6.7794803E-3,-4.8995973E-3,4.9986365E-1,-1.2278239E-3,-3.2577515E-4],"split_indices":[0,0,0,0,0,0,0,0,0,0,0,0,0,0,0],"split_type":[0,0,0,0,0,0,0,0,0,0,0,0,0,0,0],"sum_hessian":[9E0,7E0,2E0,2E0,5E0,1E0,1E0,1E0,1E0,4E0,1E0,1E0,3E0,2E0,1E0],"tree_param":{"num_deleted":"0","num_feature":"2","num_nodes":"15","size_leaf_vector":"1"}},{"base_weights":[3.9718626E-3,-2.209034E-1,6.0231525E-1,-5.874532E-1,-8.11259E-4,1.7489625E-2,7.285767E-2,-7.108154E-2,-1.7036438E-2,-2.673645E-2,6.440735E-3,-4.654694E-3,-1.0147095E-2,-1.1464437E-3,-3.0975344E-4],"categories":[],"categories_nodes":[],"categories_segments":[],"categories_sizes":[],"default_left":[0,0,0,0,0,0,0,0,0,0,0,0,0,0,0],"id":89,"left_children":[1,3,5,7,9,-1,-1,-1,-1,11,-1,-1,13,-1,-1],"loss_changes":[1.4785798E0,6.449213E-1,3.4474254E-2,3.32613E-2,1.1866853E-2,0E0,0E0,0E0,0E0,1.1708997E-3,0E0,0E0,1.6352569E-6,0E0,0E0],"parents":[2147483647,0,0,1,1,2,2,3,3,4,4,9,9,12,12],"right_children":[2,4,6,8,10,-1,-1,-1,-1,12,-1,-1,14,-1,-1],"split_conditions":[9.0083593E-1,1.9990724E-1,1E0,9.987331E-2,8.0225587E-1,1.7489625E-2,7.285767E-2,-7.108154E-2,-1.7036438E-2,3.003631E-1,6.440735E-3,-4.654694E-3,4.9986365E-1,-1.1464437E-3,-3.0975344E-4],"split_indices":[0,0,0,0,0,0,0,0,0,0,0,0,0,0,0],"split_type":[0,0,0,0,0,0,0,0,0,0,0,0,0,0,0],"sum_hessian":[9E0,7E0,2E0,2E0,5E0,1E0,1E0,1E0,1E0,4E0,1E0,1E0,3E0,2E0,1E0],"tree_param":{"num_deleted":"0","num_feature":"2","num_nodes":"15","size_leaf_vector":"1"}},{"base_weights":[3.831482E-3,-2.0978737E-1,5.722046E-1,-5.5808E-1,-6.7647296E-4,1.6615296E-2,6.9215395E-2,-6.752739E-2,-1.6184617E-2,-2.5286864E-2,6.1187744E-3,-4.4219973E-3,-9.498596E-4],"categories":[],"categories_nodes":[],"categories_segments":[],"categories_sizes":[],"default_left":[0,0,0,0,0,0,0,0,0,0,0,0,0],"id":90,"left_children":[1,3,5,7,9,-1,-1,-1,-1,11,-1,-1,-1],"loss_changes":[1.3341935E0,5.822768E-1,3.1113505E-2,3.0018091E-2,1.06822625E-2,0E0,0E0,0E0,0E0,1.0745772E-3,0E0,0E0,0E0],"parents":[2147483647,0,0,1,1,2,2,3,3,4,4,9,9],"right_children":[2,4,6,8,10,-1,-1,-1,-1,12,-1,-1,-1],"split_conditions":[9.0083593E-1,1.9990724E-1,1E0,9.987331E-2,8.0225587E-1,1.6615296E-2,6.9215395E-2,-6.752739E-2,-1.6184617E-2,3.003631E-1,6.1187744E-3,-4.4219973E-3,-9.498596E-4],"split_indices":[0,0,0,0,0,0,0,0,0,0,0,0,0],"split_type":[0,0,0,0,0,0,0,0,0,0,0,0,0],"sum_hessian":[9E0,7E0,2E0,2E0,5E0,1E0,1E0,1E0,1E0,4E0,1E0,1E0,3E0],"tree_param":{"num_deleted":"0","num_feature":"2","num_nodes":"13","size_leaf_vector":"1"}},{"base_weights":[3.7368773E-3,-1.991787E-1,5.435994E-1,-5.301768E-1,-4.8319498E-4,1.5785217E-2,6.5754704E-2,-6.4151004E-2,-1.5375519E-2,-2.3834229E-2,5.8135986E-3,-4.200745E-3,-8.7890625E-3,-1.0070801E-3,-2.471924E-4],"categories":[],"categories_nodes":[],"categories_segments":[],"categories_sizes":[],"default_left":[0,0,0,0,0,0,0,0,0,0,0,0,0,0,0],"id":91,"left_children":[1,3,5,7,9,-1,-1,-1,-1,11,-1,-1,13,-1,-1],"loss_changes":[1.2037387E0,5.258865E-1,2.8069615E-2,2.7089238E-2,9.598537E-3,0E0,0E0,0E0,0E0,9.978893E-4,0E0,0E0,7.4934214E-6,0E0,0E0],"parents":[2147483647,0,0,1,1,2,2,3,3,4,4,9,9,12,12],"right_children":[2,4,6,8,10,-1,-1,-1,-1,12,-1,-1,14,-1,-1],"split_conditions":[9.0083593E-1,1.9990724E-1,1E0,9.987331E-2,8.0225587E-1,1.5785217E-2,6.5754704E-2,-6.4151004E-2,-1.5375519E-2,3.003631E-1,5.8135986E-3,-4.200745E-3,4.9986365E-1,-1.0070801E-3,-2.471924E-4],"split_indices":[0,0,0,0,0,0,0,0,0,0,0,0,0,0,0],"split_type":[0,0,0,0,0,0,0,0,0,0,0,0,0,0,0],"sum_hessian":[9E0,7E0,2E0,2E0,5E0,1E0,1E0,1E0,1E0,4E0,1E0,1E0,3E0,2E0,1E0],"tree_param":{"num_deleted":"0","num_feature":"2","num_nodes":"15","size_leaf_vector":"1"}},{"base_weights":[3.6006928E-3,-1.8915606E-1,5.1641846E-1,-5.036685E-1,-3.7384033E-4,1.4996338E-2,6.246643E-2,-6.0943414E-2,-1.4606858E-2,-2.2543335E-2,5.5236816E-3,-3.9909366E-3,-8.224487E-3,-9.3994144E-4,-2.3498536E-4],"categories":[],"categories_nodes":[],"categories_segments":[],"categories_sizes":[],"default_left":[0,0,0,0,0,0,0,0,0,0,0,0,0,0,0],"id":92,"left_children":[1,3,5,7,9,-1,-1,-1,-1,11,-1,-1,13,-1,-1],"loss_changes":[1.0861745E0,4.748065E-1,2.532494E-2,2.444619E-2,8.642383E-3,0E0,0E0,0E0,0E0,9.150733E-4,0E0,0E0,5.5218115E-6,0E0,0E0],"parents":[2147483647,0,0,1,1,2,2,3,3,4,4,9,9,12,12],"right_children":[2,4,6,8,10,-1,-1,-1,-1,12,-1,-1,14,-1,-1],"split_conditions":[9.0083593E-1,1.9990724E-1,1E0,9.987331E-2,8.0225587E-1,1.4996338E-2,6.246643E-2,-6.0943414E-2,-1.4606858E-2,3.003631E-1,5.5236816E-3,-3.9909366E-3,4.9986365E-1,-9.3994144E-4,-2.3498536E-4],"split_indices":[0,0,0,0,0,0,0,0,0,0,0,0,0,0,0],"split_type":[0,0,0,0,0,0,0,0,0,0,0,0,0,0,0],"sum_hessian":[9E0,7E0,2E0,2E0,5E0,1E0,1E0,1E0,1E0,4E0,1E0,1E0,3E0,2E0,1E0],"tree_param":{"num_deleted":"0","num_feature":"2","num_nodes":"15","size_leaf_vector":"1"}},{"base_weights":[3.4702301E-3,-1.7963743E-1,4.906006E-1,-4.7848383E-1,-2.746582E-4,1.42471315E-2,5.9342958E-2,-5.7896234E-2,-1.3876343E-2,-2.131958E-2,5.2474975E-3,-3.791046E-3,-7.6942444E-3,-8.768718E-4,-2.2354127E-4],"categories":[],"categories_nodes":[],"categories_segments":[],"categories_sizes":[],"default_left":[0,0,0,0,0,0,0,0,0,0,0,0,0,0,0],"id":93,"left_children":[1,3,5,7,9,-1,-1,-1,-1,11,-1,-1,13,-1,-1],"loss_changes":[9.8010325E-1,4.2868397E-1,2.284658E-2,2.2064984E-2,7.7794157E-3,0E0,0E0,0E0,0E0,8.3858916E-4,0E0,0E0,3.8597645E-6,0E0,0E0],"parents":[2147483647,0,0,1,1,2,2,3,3,4,4,9,9,12,12],"right_children":[2,4,6,8,10,-1,-1,-1,-1,12,-1,-1,14,-1,-1],"split_conditions":[9.0083593E-1,1.9990724E-1,1E0,9.987331E-2,8.0225587E-1,1.42471315E-2,5.9342958E-2,-5.7896234E-2,-1.3876343E-2,3.003631E-1,5.2474975E-3,-3.791046E-3,4.9986365E-1,-8.768718E-4,-2.2354127E-4],"split_indices":[0,0,0,0,0,0,0,0,0,0,0,0,0,0,0],"split_type":[0,0,0,0,0,0,0,0,0,0,0,0,0,0,0],"sum_hessian":[9E0,7E0,2E0,2E0,5E0,1E0,1E0,1E0,1E0,4E0,1E0,1E0,3E0,2E0,1E0],"tree_param":{"num_deleted":"0","num_feature":"2","num_nodes":"15","size_leaf_vector":"1"}},{"base_weights":[3.3370971E-3,-1.706028E-1,4.6606445E-1,-4.5455933E-1,-1.9073486E-4,1.3534546E-2,5.6375124E-2,-5.500145E-2,-1.3182449E-2,-2.0169068E-2,4.9850466E-3,-3.6018372E-3,-7.2021484E-3,-8.1888837E-4,-2.1209718E-4],"categories":[],"categories_nodes":[],"categories_segments":[],"categories_sizes":[],"default_left":[0,0,0,0,0,0,0,0,0,0,0,0,0,0,0],"id":94,"left_children":[1,3,5,7,9,-1,-1,-1,-1,11,-1,-1,13,-1,-1],"loss_changes":[8.843794E-1,3.8703024E-1,2.0619452E-2,1.9914806E-2,7.0038754E-3,0E0,0E0,0E0,0E0,7.681735E-4,0E0,0E0,2.6867056E-6,0E0,0E0],"parents":[2147483647,0,0,1,1,2,2,3,3,4,4,9,9,12,12],"right_children":[2,4,6,8,10,-1,-1,-1,-1,12,-1,-1,14,-1,-1],"split_conditions":[9.0083593E-1,1.9990724E-1,1E0,9.987331E-2,8.0225587E-1,1.3534546E-2,5.6375124E-2,-5.500145E-2,-1.3182449E-2,3.003631E-1,4.9850466E-3,-3.6018372E-3,4.9986365E-1,-8.1888837E-4,-2.1209718E-4],"split_indices":[0,0,0,0,0,0,0,0,0,0,0,0,0,0,0],"split_type":[0,0,0,0,0,0,0,0,0,0,0,0,0,0,0],"sum_hessian":[9E0,7E0,2E0,2E0,5E0,1E0,1E0,1E0,1E0,4E0,1E0,1E0,3E0,2E0,1E0],"tree_param":{"num_deleted":"0","num_feature":"2","num_nodes":"15","size_leaf_vector":"1"}},{"base_weights":[3.212738E-3,-1.6201878E-1,4.427592E-1,-4.3183136E-1,-1.0935465E-4,1.2857056E-2,5.3556826E-2,-5.2251436E-2,-1.252327E-2,-1.9076537E-2,4.736328E-3,-3.4217834E-3,-6.7367554E-3,-7.639567E-4,-2.0141601E-4],"categories":[],"categories_nodes":[],"categories_segments":[],"categories_sizes":[],"default_left":[0,0,0,0,0,0,0,0,0,0,0,0,0,0,0],"id":95,"left_children":[1,3,5,7,9,-1,-1,-1,-1,11,-1,-1,13,-1,-1],"loss_changes":[7.980045E-1,3.4943435E-1,1.8620372E-2,1.7974019E-2,6.3060606E-3,0E0,0E0,0E0,0E0,7.036843E-4,0E0,0E0,1.6671402E-6,0E0,0E0],"parents":[2147483647,0,0,1,1,2,2,3,3,4,4,9,9,12,12],"right_children":[2,4,6,8,10,-1,-1,-1,-1,12,-1,-1,14,-1,-1],"split_conditions":[9.0083593E-1,1.9990724E-1,1E0,9.987331E-2,8.0225587E-1,1.2857056E-2,5.3556826E-2,-5.2251436E-2,-1.252327E-2,3.003631E-1,4.736328E-3,-3.4217834E-3,4.9986365E-1,-7.639567E-4,-2.0141601E-4],"split_indices":[0,0,0,0,0,0,0,0,0,0,0,0,0,0,0],"split_type":[0,0,0,0,0,0,0,0,0,0,0,0,0,0,0],"sum_hessian":[9E0,7E0,2E0,2E0,5E0,1E0,1E0,1E0,1E0,4E0,1E0,1E0,3E0,2E0,1E0],"tree_param":{"num_deleted":"0","num_feature":"2","num_nodes":"15","size_leaf_vector":"1"}},{"base_weights":[3.0902862E-3,-1.5387106E-1,4.2062378E-1,-4.1024145E-1,-4.0690105E-5,1.2214661E-2,5.087891E-2,-4.963894E-2,-1.1897278E-2,-1.8048096E-2,4.499817E-3,-3.250885E-3,-6.3056947E-4],"categories":[],"categories_nodes":[],"categories_segments":[],"categories_sizes":[],"default_left":[0,0,0,0,0,0,0,0,0,0,0,0,0],"id":96,"left_children":[1,3,5,7,9,-1,-1,-1,-1,11,-1,-1,-1],"loss_changes":[7.20088E-1,3.1548372E-1,1.6799092E-2,1.6219735E-2,5.678329E-3,0E0,0E0,0E0,0E0,6.440289E-4,0E0,0E0,0E0],"parents":[2147483647,0,0,1,1,2,2,3,3,4,4,9,9],"right_children":[2,4,6,8,10,-1,-1,-1,-1,12,-1,-1,-1],"split_conditions":[9.0083593E-1,1.9990724E-1,1E0,9.987331E-2,8.0225587E-1,1.2214661E-2,5.087891E-2,-4.963894E-2,-1.1897278E-2,3.003631E-1,4.499817E-3,-3.250885E-3,-6.3056947E-4],"split_indices":[0,0,0,0,0,0,0,0,0,0,0,0,0],"split_type":[0,0,0,0,0,0,0,0,0,0,0,0,0],"sum_hessian":[9E0,7E0,2E0,2E0,5E0,1E0,1E0,1E0,1E0,4E0,1E0,1E0,3E0],"tree_param":{"num_deleted":"0","num_feature":"2","num_nodes":"13","size_leaf_vector":"1"}},{"base_weights":[2.999878E-3,-1.4609909E-1,3.9959717E-1,-3.8972983E-1,6.612142E-5,1.1604309E-2,4.8335265E-2,-4.7156908E-2,-1.1302567E-2,-1.7022705E-2,4.275513E-3,-3.088379E-3,-5.836487E-3,-6.713867E-4,-1.6021729E-4],"categories":[],"categories_nodes":[],"categories_segments":[],"categories_sizes":[],"default_left":[0,0,0,0,0,0,0,0,0,0,0,0,0,0,0],"id":97,"left_children":[1,3,5,7,9,-1,-1,-1,-1,11,-1,-1,13,-1,-1],"loss_changes":[6.4970326E-1,2.8490844E-1,1.5157878E-2,1.4636368E-2,5.104838E-3,0E0,0E0,0E0,0E0,5.950127E-4,0E0,0E0,4.10364E-6,0E0,0E0],"parents":[2147483647,0,0,1,1,2,2,3,3,4,4,9,9,12,12],"right_children":[2,4,6,8,10,-1,-1,-1,-1,12,-1,-1,14,-1,-1],"split_conditions":[9.0083593E-1,1.9990724E-1,1E0,9.987331E-2,8.0225587E-1,1.1604309E-2,4.8335265E-2,-4.7156908E-2,-1.1302567E-2,3.003631E-1,4.275513E-3,-3.088379E-3,4.9986365E-1,-6.713867E-4,-1.6021729E-4],"split_indices":[0,0,0,0,0,0,0,0,0,0,0,0,0,0,0],"split_type":[0,0,0,0,0,0,0,0,0,0,0,0,0,0,0],"sum_hessian":[9E0,7E0,2E0,2E0,5E0,1E0,1E0,1E0,1E0,4E0,1E0,1E0,3E0,2E0,1E0],"tree_param":{"num_deleted":"0","num_feature":"2","num_nodes":"15","size_leaf_vector":"1"}},{"base_weights":[2.8823852E-3,-1.3875389E-1,3.7961832E-1,-3.7024435E-1,1.1698405E-4,1.1024475E-2,4.5918275E-2,-4.479904E-2,-1.073761E-2,-1.6107177E-2,4.06189E-3,-2.9342652E-3,-5.4626465E-3,-7.247925E-4,-2.451579E-4],"categories":[],"categories_nodes":[],"categories_segments":[],"categories_sizes":[],"default_left":[0,0,0,0,0,0,0,0,0,0,0,0,0,0,0],"id":98,"left_children":[1,3,5,7,9,-1,-1,-1,-1,11,-1,-1,13,-1,-1],"loss_changes":[5.862683E-1,2.5722155E-1,1.3675183E-2,1.3207465E-2,4.5969132E-3,0E0,0E0,0E0,0E0,5.441385E-4,0E0,0E0,3.7335121E-6,0E0,0E0],"parents":[2147483647,0,0,1,1,2,2,3,3,4,4,9,9,12,12],"right_children":[2,4,6,8,10,-1,-1,-1,-1,12,-1,-1,14,-1,-1],"split_conditions":[9.0083593E-1,1.9990724E-1,1E0,9.987331E-2,8.0225587E-1,1.1024475E-2,4.5918275E-2,-4.479904E-2,-1.073761E-2,3.003631E-1,4.06189E-3,-2.9342652E-3,4.004462E-1,-7.247925E-4,-2.451579E-4],"split_indices":[0,0,0,0,0,0,0,0,0,0,0,0,0,0,0],"split_type":[0,0,0,0,0,0,0,0,0,0,0,0,0,0,0],"sum_hessian":[9E0,7E0,2E0,2E0,5E0,1E0,1E0,1E0,1E0,4E0,1E0,1E0,3E0,1E0,2E0],"tree_param":{"num_deleted":"0","num_feature":"2","num_nodes":"15","size_leaf_vector":"1"}},{"base_weights":[2.7503967E-3,-1.3180065E-1,3.6063638E-1,-3.5173288E-1,1.3224284E-4,1.0473633E-2,4.3621827E-2,-4.2559054E-2,-1.0200882E-2,-1.52771E-2,3.858948E-3,-2.7877807E-3,-5.1574707E-3,-6.881714E-4,-2.2888184E-4],"categories":[],"categories_nodes":[],"categories_segments":[],"categories_sizes":[],"default_left":[0,0,0,0,0,0,0,0,0,0,0,0,0,0,0],"id":99,"left_children":[1,3,5,7,9,-1,-1,-1,-1,11,-1,-1,13,-1,-1],"loss_changes":[5.290715E-1,2.321769E-1,1.2336314E-2,1.1918068E-2,4.1451394E-3,0E0,0E0,0E0,0E0,4.937935E-4,0E0,0E0,4.0340237E-6,0E0,0E0],"parents":[2147483647,0,0,1,1,2,2,3,3,4,4,9,9,12,12],"right_children":[2,4,6,8,10,-1,-1,-1,-1,12,-1,-1,14,-1,-1],"split_conditions":[9.0083593E-1,1.9990724E-1,1E0,9.987331E-2,8.0225587E-1,1.0473633E-2,4.3621827E-2,-4.2559054E-2,-1.0200882E-2,3.003631E-1,3.858948E-3,-2.7877807E-3,4.004462E-1,-6.881714E-4,-2.2888184E-4],"split_indices":[0,0,0,0,0,0,0,0,0,0,0,0,0,0,0],"split_type":[0,0,0,0,0,0,0,0,0,0,0,0,0,0,0],"sum_hessian":[9E0,7E0,2E0,2E0,5E0,1E0,1E0,1E0,1E0,4E0,1E0,1E0,3E0,1E0,2E0],"tree_param":{"num_deleted":"0","num_feature":"2","num_nodes":"15","size_leaf_vector":"1"}}]},"name":"gbtree"},"learner_model_param":{"base_score":"1.8835556E2","boost_from_average":"1","num_class":"0","num_feature":"2","num_target":"1"},"objective":{"name":"reg:squarederror","reg_loss_param":{"scale_pos_weight":"1"}}},"version":[2,0,1]}