{"package": {"All_Weights": {"Bias_Weight": 181.13834866699565, "Categorical_Variables": {}, "Numerical_Variables": {"cgroupfs_cpu_usage_us": {"mean": 4931324419030.809, "variance": 2.834747945161458e+25, "weight": 2.6395902425443305}, "cgroupfs_memory_usage_bytes": {"mean": 12686865057.31507, "variance": 3.21006336829965e+19, "weight": -8.380520254047298}, "cgroupfs_system_cpu_usage_us": {"mean": 1169332316499.1096, "variance": 4.0267267776377936e+23, "weight": -7.56018826952156}, "cgroupfs_user_cpu_usage_us": {"mean": 3703100694782.7124, "variance": 2.0889946274784563e+25, "weight": 2.5670854333134305}}}}, "core": {"All_Weights": {"Bias_Weight": 0.0, "Categorical_Variables": {}, "Numerical_Variables": {"cgroupfs_cpu_usage_us": {"mean": 4931324419030.809, "variance": 2.834747945161458e+25, "weight": 0.0}, "cgroupfs_memory_usage_bytes": {"mean": 12686865057.31507, "variance": 3.21006336829965e+19, "weight": 0.0}, "cgroupfs_system_cpu_usage_us": {"mean": 1169332316499.1096, "variance": 4.0267267776377936e+23, "weight": 0.0}, "cgroupfs_user_cpu_usage_us": {"mean": 3703100694782.7124, "variance": 2.0889946274784563e+25, "weight": 0.0}}}}, "uncore": {"All_Weights": {"Bias_Weight": 0.0, "Categorical_Variables": {}, "Numerical_Variables": {"cgroupfs_cpu_usage_us": {"mean": 4931324419030.809, "variance": 2.834747945161458e+25, "weight": 0.0}, "cgroupfs_memory_usage_bytes": {"mean": 12686865057.31507, "variance": 3.21006336829965e+19, "weight": 0.0}, "cgroupfs_system_cpu_usage_us": {"mean": 1169332316499.1096, "variance": 4.0267267776377936e+23, "weight": 0.0}, "cgroupfs_user_cpu_usage_us": {"mean": 3703100694782.7124, "variance": 2.0889946274784563e+25, "weight": 0.0}}}}, "dram": {"All_Weights": {"Bias_Weight": 3.619571997748203, "Categorical_Variables": {}, "Numerical_Variables": {"cgroupfs_cpu_usage_us": {"mean": 4931324419030.809, "variance": 2.834747945161458e+25, "weight": 0.05403775760104212}, "cgroupfs_memory_usage_bytes": {"mean": 12686865057.31507, "variance": 3.21006336829965e+19, "weight": -0.13450704198536434}, "cgroupfs_system_cpu_usage_us": {"mean": 1169332316499.1096, "variance": 4.0267267776377936e+23, "weight": -0.12465291367400577}, "cgroupfs_user_cpu_usage_us": {"mean": 3703100694782.7124, "variance": 2.0889946274784563e+25, "weight": 0.05345110114576107}}}}}