{"model_name": "ExponentialRegressionTrainer_0", "model_class": "curvefit", "model_file": "ExponentialRegressionTrainer_0.json", "features": ["bpf_cpu_time_ms", "bpf_page_cache_hit", "cache_miss", "cgroupfs_cpu_usage_us", "cgroupfs_memory_usage_bytes", "cgroupfs_system_cpu_usage_us", "cgroupfs_user_cpu_usage_us", "cpu_cycles", "cpu_instructions"], "fe_files": [], "output_type": "AbsPower", "mae": 68.39, "mape": 9.74, "package_mae": 68.39, "core_mae": 0.0, "uncore_mae": 0.0, "dram_mae": 1.7, "package_mape": 48.86, "core_mape": -1, "uncore_mape": -1, "dram_mape": 9.74}