{"model_name": "LinearRegressionTrainer_0", "trainer": "LinearRegressionTrainer", "model_class": "scikit", "model_file": "LinearRegressionTrainer_0.json", "features": ["bpf_cpu_time_ms", "bpf_page_cache_hit", "cache_miss", "cpu_cycles", "cpu_instructions"], "fe_files": [], "output_type": "AbsPower", "mae": 7.18, "mape": -1, "node_type": 0, "machine_spec": {"processor": "11th_gen_intel_core", "cores": 8, "chips": 1, "memory": 31, "frequency": 4800}, "package_mae": 7.18, "core_mae": 4.26, "uncore_mae": 1.29, "dram_mae": 0.0, "package_mape": 38.04, "core_mape": 41.75, "uncore_mape": 1202.9, "dram_mape": -1}