{"package": {"All_Weights": {"Bias_Weight": 6.94373333333333, "Categorical_Variables": {}, "Numerical_Variables": {"bpf_cpu_time_ms": {"scale": 2185.9999999999995, "weight": 0.0}, "bpf_page_cache_hit": {"scale": 1.0, "weight": 0.0}, "cache_miss": {"scale": 63603973.0, "weight": 0.0}, "cpu_cycles": {"scale": 139277196.0, "weight": 0.0}, "cpu_instructions": {"scale": 254515913.66666666, "weight": 0.0}}}}, "core": {"All_Weights": {"Bias_Weight": 3.3488333333333076, "Categorical_Variables": {}, "Numerical_Variables": {"bpf_cpu_time_ms": {"scale": 2185.9999999999995, "weight": 0.0}, "bpf_page_cache_hit": {"scale": 1.0, "weight": 0.0}, "cache_miss": {"scale": 63603973.0, "weight": 0.0}, "cpu_cycles": {"scale": 139277196.0, "weight": 0.0}, "cpu_instructions": {"scale": 254515913.66666666, "weight": 0.0}}}}, "uncore": {"All_Weights": {"Bias_Weight": 0.15810550818689761, "Categorical_Variables": {}, "Numerical_Variables": {"bpf_cpu_time_ms": {"scale": 2185.9999999999995, "weight": 0.20642563864111219}, "bpf_page_cache_hit": {"scale": 1.0, "weight": 0.0}, "cache_miss": {"scale": 63603973.0, "weight": 0.0}, "cpu_cycles": {"scale": 139277196.0, "weight": 0.0}, "cpu_instructions": {"scale": 254515913.66666666, "weight": 0.0}}}}, "dram": {"All_Weights": {"Bias_Weight": 0.0, "Categorical_Variables": {}, "Numerical_Variables": {"bpf_cpu_time_ms": {"scale": 2185.9999999999995, "weight": 0.0}, "bpf_page_cache_hit": {"scale": 1.0, "weight": 0.0}, "cache_miss": {"scale": 63603973.0, "weight": 0.0}, "cpu_cycles": {"scale": 139277196.0, "weight": 0.0}, "cpu_instructions": {"scale": 254515913.66666666, "weight": 0.0}}}}}