{"learner":{"attributes":{"scikit_learn":"{\"_estimator_type\": \"regressor\"}"},"feature_names":[],"feature_types":[],"gradient_booster":{"model":{"gbtree_model_param":{"num_parallel_tree":"1","num_trees":"100"},"iteration_indptr":[0,1,2,3,4,5,6,7,8,9,10,11,12,13,14,15,16,17,18,19,20,21,22,23,24,25,26,27,28,29,30,31,32,33,34,35,36,37,38,39,40,41,42,43,44,45,46,47,48,49,50,51,52,53,54,55,56,57,58,59,60,61,62,63,64,65,66,67,68,69,70,71,72,73,74,75,76,77,78,79,80,81,82,83,84,85,86,87,88,89,90,91,92,93,94,95,96,97,98,99,100],"tree_info":[0,0,0,0,0,0,0,0,0,0,0,0,0,0,0,0,0,0,0,0,0,0,0,0,0,0,0,0,0,0,0,0,0,0,0,0,0,0,0,0,0,0,0,0,0,0,0,0,0,0,0,0,0,0,0,0,0,0,0,0,0,0,0,0,0,0,0,0,0,0,0,0,0,0,0,0,0,0,0,0,0,0,0,0,0,0,0,0,0,0,0,0,0,0,0,0,0,0,0,0],"trees":[{"base_weights":[6.1035157E-6,-7.557143E1,1.3225E2,-8.344444E0,-1.4166664E0,2.6333337E0,1.5877779E1],"categories":[],"categories_nodes":[],"categories_segments":[],"categories_sizes":[],"default_left":[0,0,0,0,0,0,0],"id":0,"left_children":[1,3,5,-1,-1,-1,-1],"loss_changes":[1.0993754E5,2.201957E3,7.057789E3,0E0,0E0,0E0,0E0],"parents":[2147483647,0,0,1,1,2,2],"right_children":[2,4,6,-1,-1,-1,-1],"split_conditions":[8.025351E-1,6.0021967E-1,9.049202E-1,-8.344444E0,-1.4166664E0,2.6333337E0,1.5877779E1],"split_indices":[0,0,0,0,0,0,0],"split_type":[0,0,0,0,0,0,0],"sum_hessian":[9E0,6E0,3E0,5E0,1E0,1E0,2E0],"tree_param":{"num_deleted":"0","num_feature":"2","num_nodes":"7","size_leaf_vector":"1"}},{"base_weights":[8.75E-1,-6.940873E1,1.2365278E2,-8.239112E0,-2.4635184E0,2.501667E0,1.481926E1],"categories":[],"categories_nodes":[],"categories_segments":[],"categories_sizes":[],"default_left":[0,0,0,0,0,0,0],"id":1,"left_children":[1,3,5,-1,-1,-1,-1],"loss_changes":[9.487539E4,2.0391484E3,5.974758E3,0E0,0E0,0E0,0E0],"parents":[2147483647,0,0,1,1,2,2],"right_children":[2,4,6,-1,-1,-1,-1],"split_conditions":[8.025351E-1,5.0060076E-1,9.049202E-1,-8.239112E0,-2.4635184E0,2.501667E0,1.481926E1],"split_indices":[0,0,0,0,0,0,0],"split_type":[0,0,0,0,0,0,0],"sum_hessian":[9E0,6E0,3E0,4E0,2E0,1E0,2E0],"tree_param":{"num_deleted":"0","num_feature":"2","num_nodes":"7","size_leaf_vector":"1"}},{"base_weights":[1.4493287E0,-6.3996807E1,1.1561774E2,-7.5799828E0,-2.2992837E0,2.3765838E0,1.3831309E1],"categories":[],"categories_nodes":[],"categories_segments":[],"categories_sizes":[],"default_left":[0,0,0,0,0,0,0],"id":2,"left_children":[1,3,5,-1,-1,-1,-1],"loss_changes":[8.211798E4,1.6449434E3,5.0513164E3,0E0,0E0,0E0,0E0],"parents":[2147483647,0,0,1,1,2,2],"right_children":[2,4,6,-1,-1,-1,-1],"split_conditions":[8.025351E-1,5.0060076E-1,9.049202E-1,-7.5799828E0,-2.2992837E0,2.3765838E0,1.3831309E1],"split_indices":[0,0,0,0,0,0,0],"split_type":[0,0,0,0,0,0,0],"sum_hessian":[9E0,6E0,3E0,4E0,2E0,1E0,2E0],"tree_param":{"num_deleted":"0","num_feature":"2","num_nodes":"7","size_leaf_vector":"1"}},{"base_weights":[1.9372574E0,-5.900845E1,1.08107925E2,-6.515088E0,-1.1076927E0,2.2577546E0,1.2909221E1],"categories":[],"categories_nodes":[],"categories_segments":[],"categories_sizes":[],"default_left":[0,0,0,0,0,0,0],"id":3,"left_children":[1,3,5,-1,-1,-1,-1],"loss_changes":[7.108575E4,1.3392383E3,4.26459E3,0E0,0E0,0E0,0E0],"parents":[2147483647,0,0,1,1,2,2],"right_children":[2,4,6,-1,-1,-1,-1],"split_conditions":[8.025351E-1,6.0021967E-1,9.049202E-1,-6.515088E0,-1.1076927E0,2.2577546E0,1.2909221E1],"split_indices":[0,0,0,0,0,0,0],"split_type":[0,0,0,0,0,0,0],"sum_hessian":[9E0,6E0,3E0,5E0,1E0,1E0,2E0],"tree_param":{"num_deleted":"0","num_feature":"2","num_nodes":"7","size_leaf_vector":"1"}},{"base_weights":[2.497954E0,-5.419657E1,1.0108888E2,-6.452377E0,-1.8919052E0,2.144867E0,1.2048606E1],"categories":[],"categories_nodes":[],"categories_segments":[],"categories_sizes":[],"default_left":[0,0,0,0,0,0,0],"id":4,"left_children":[1,3,5,-1,-1,-1,-1],"loss_changes":[6.137433E4,1.3294961E3,3.594918E3,0E0,0E0,0E0,0E0],"parents":[2147483647,0,0,1,1,2,2],"right_children":[2,4,6,-1,-1,-1,-1],"split_conditions":[8.025351E-1,5.0060076E-1,9.049202E-1,-6.452377E0,-1.8919052E0,2.144867E0,1.2048606E1],"split_indices":[0,0,0,0,0,0,0],"split_type":[0,0,0,0,0,0,0],"sum_hessian":[9E0,6E0,3E0,4E0,2E0,1E0,2E0],"tree_param":{"num_deleted":"0","num_feature":"2","num_nodes":"7","size_leaf_vector":"1"}},{"base_weights":[2.8330765E0,-4.9968952E1,9.452836E1,-5.936187E0,-1.7657782E0,2.0376236E0,1.1245365E1],"categories":[],"categories_nodes":[],"categories_segments":[],"categories_sizes":[],"default_left":[0,0,0,0,0,0,0],"id":5,"left_children":[1,3,5,-1,-1,-1,-1],"loss_changes":[5.3140453E4,1.0762734E3,3.025414E3,0E0,0E0,0E0,0E0],"parents":[2147483647,0,0,1,1,2,2],"right_children":[2,4,6,-1,-1,-1,-1],"split_conditions":[8.025351E-1,5.0060076E-1,9.049202E-1,-5.936187E0,-1.7657782E0,2.0376236E0,1.1245365E1],"split_indices":[0,0,0,0,0,0,0],"split_type":[0,0,0,0,0,0,0],"sum_hessian":[9E0,6E0,3E0,4E0,2E0,1E0,2E0],"tree_param":{"num_deleted":"0","num_feature":"2","num_nodes":"7","size_leaf_vector":"1"}},{"base_weights":[3.107872E0,-4.607234E1,8.839627E1,-5.944961E0,-2.1176984E0,1.9357423E0,1.0495675E1],"categories":[],"categories_nodes":[],"categories_segments":[],"categories_sizes":[],"default_left":[0,0,0,0,0,0,0],"id":6,"left_children":[1,3,5,-1,-1,-1,-1],"loss_changes":[4.6017637E4,1.0722598E3,2.5415684E3,0E0,0E0,0E0,0E0],"parents":[2147483647,0,0,1,1,2,2],"right_children":[2,4,6,-1,-1,-1,-1],"split_conditions":[8.025351E-1,4.013155E-1,9.049202E-1,-5.944961E0,-2.1176984E0,1.9357423E0,1.0495675E1],"split_indices":[0,0,0,0,0,0,0],"split_type":[0,0,0,0,0,0,0],"sum_hessian":[9E0,6E0,3E0,3E0,3E0,1E0,2E0],"tree_param":{"num_deleted":"0","num_feature":"2","num_nodes":"7","size_leaf_vector":"1"}},{"base_weights":[3.23396E0,-4.2616917E1,8.2664505E1,-5.499089E0,-1.9588715E0,1.8389549E0,9.795963E0],"categories":[],"categories_nodes":[],"categories_segments":[],"categories_sizes":[],"default_left":[0,0,0,0,0,0,0],"id":7,"left_children":[1,3,5,-1,-1,-1,-1],"loss_changes":[3.9942504E4,9.1745215E2,2.1309434E3,0E0,0E0,0E0,0E0],"parents":[2147483647,0,0,1,1,2,2],"right_children":[2,4,6,-1,-1,-1,-1],"split_conditions":[8.025351E-1,4.013155E-1,9.049202E-1,-5.499089E0,-1.9588715E0,1.8389549E0,9.795963E0],"split_indices":[0,0,0,0,0,0,0],"split_type":[0,0,0,0,0,0,0],"sum_hessian":[9E0,6E0,3E0,3E0,3E0,1E0,2E0],"tree_param":{"num_deleted":"0","num_feature":"2","num_nodes":"7","size_leaf_vector":"1"}},{"base_weights":[3.328261E0,-3.9420647E1,7.730678E1,-5.0866575E0,-1.8119557E0,3.152788E0,1.0732175E1],"categories":[],"categories_nodes":[],"categories_segments":[],"categories_sizes":[],"default_left":[0,0,0,0,0,0,0],"id":8,"left_children":[1,3,5,-1,-1,-1,-1],"loss_changes":[3.4672492E4,7.849951E2,2.112582E3,0E0,0E0,0E0,0E0],"parents":[2147483647,0,0,1,1,2,2],"right_children":[2,4,6,-1,-1,-1,-1],"split_conditions":[8.025351E-1,4.013155E-1,1E0,-5.0866575E0,-1.8119557E0,3.152788E0,1.0732175E1],"split_indices":[0,0,0,0,0,0,0],"split_type":[0,0,0,0,0,0,0],"sum_hessian":[9E0,6E0,3E0,3E0,3E0,2E0,1E0],"tree_param":{"num_deleted":"0","num_feature":"2","num_nodes":"7","size_leaf_vector":"1"}},{"base_weights":[3.6940658E0,-3.64641E1,7.304734E1,-4.705158E0,-1.6760594E0,2.9426017E0,1.0195566E1],"categories":[],"categories_nodes":[],"categories_segments":[],"categories_sizes":[],"default_left":[0,0,0,0,0,0,0],"id":9,"left_children":[1,3,5,-1,-1,-1,-1],"loss_changes":[3.051461E4,6.7166113E2,2.0439277E3,0E0,0E0,0E0,0E0],"parents":[2147483647,0,0,1,1,2,2],"right_children":[2,4,6,-1,-1,-1,-1],"split_conditions":[8.025351E-1,4.013155E-1,1E0,-4.705158E0,-1.6760594E0,2.9426017E0,1.0195566E1],"split_indices":[0,0,0,0,0,0,0],"split_type":[0,0,0,0,0,0,0],"sum_hessian":[9E0,6E0,3E0,3E0,3E0,2E0,1E0],"tree_param":{"num_deleted":"0","num_feature":"2","num_nodes":"7","size_leaf_vector":"1"}},{"base_weights":[4.000354E0,-3.3729298E1,6.902715E1,-3.7713528E0,-4.9119493E-1,2.7464285E0,9.685788E0],"categories":[],"categories_nodes":[],"categories_segments":[],"categories_sizes":[],"default_left":[0,0,0,0,0,0,0],"id":10,"left_children":[1,3,5,-1,-1,-1,-1],"loss_changes":[2.6862621E4,6.184585E2,1.9667676E3,0E0,0E0,0E0,0E0],"parents":[2147483647,0,0,1,1,2,2],"right_children":[2,4,6,-1,-1,-1,-1],"split_conditions":[8.025351E-1,6.0021967E-1,1E0,-3.7713528E0,-4.9119493E-1,2.7464285E0,9.685788E0],"split_indices":[0,0,0,0,0,0,0],"split_type":[0,0,0,0,0,0,0],"sum_hessian":[9E0,6E0,3E0,5E0,1E0,2E0,1E0],"tree_param":{"num_deleted":"0","num_feature":"2","num_nodes":"7","size_leaf_vector":"1"}},{"base_weights":[4.417282E0,-3.0965305E1,6.523249E1,-4.069421E0,-1.3495079E0,2.5633333E0,9.201499E0],"categories":[],"categories_nodes":[],"categories_segments":[],"categories_sizes":[],"default_left":[0,0,0,0,0,0,0],"id":11,"left_children":[1,3,5,-1,-1,-1,-1],"loss_changes":[2.353794E4,6.405908E2,1.8836055E3,0E0,0E0,0E0,0E0],"parents":[2147483647,0,0,1,1,2,2],"right_children":[2,4,6,-1,-1,-1,-1],"split_conditions":[8.025351E-1,4.013155E-1,1E0,-4.069421E0,-1.3495079E0,2.5633333E0,9.201499E0],"split_indices":[0,0,0,0,0,0,0],"split_type":[0,0,0,0,0,0,0],"sum_hessian":[9E0,6E0,3E0,3E0,3E0,2E0,1E0],"tree_param":{"num_deleted":"0","num_feature":"2","num_nodes":"7","size_leaf_vector":"1"}},{"base_weights":[4.610144E0,-2.8642908E1,6.1650448E1,-3.7642136E0,-1.2482952E0,2.3924444E0,8.741424E0],"categories":[],"categories_nodes":[],"categories_segments":[],"categories_sizes":[],"default_left":[0,0,0,0,0,0,0],"id":12,"left_children":[1,3,5,-1,-1,-1,-1],"loss_changes":[2.0733488E4,5.48105E2,1.7965215E3,0E0,0E0,0E0,0E0],"parents":[2147483647,0,0,1,1,2,2],"right_children":[2,4,6,-1,-1,-1,-1],"split_conditions":[8.025351E-1,4.013155E-1,1E0,-3.7642136E0,-1.2482952E0,2.3924444E0,8.741424E0],"split_indices":[0,0,0,0,0,0,0],"split_type":[0,0,0,0,0,0,0],"sum_hessian":[9E0,6E0,3E0,3E0,3E0,2E0,1E0],"tree_param":{"num_deleted":"0","num_feature":"2","num_nodes":"7","size_leaf_vector":"1"}},{"base_weights":[4.7612658E0,-2.6494688E1,5.8268867E1,-3.8616865E0,-1.3922445E1,2.2329478E0,8.304352E0,-1.571933E0,-3.3674547E-1],"categories":[],"categories_nodes":[],"categories_segments":[],"categories_sizes":[],"default_left":[0,0,0,0,0,0,0,0,0],"id":13,"left_children":[1,3,5,-1,7,-1,-1,-1,-1],"loss_changes":[1.8268127E4,5.291787E2,1.7072246E3,0E0,4.1896362E1,0E0,0E0,0E0,0E0],"parents":[2147483647,0,0,1,1,2,2,4,4],"right_children":[2,4,6,-1,8,-1,-1,-1,-1],"split_conditions":[8.025351E-1,3.0041096E-1,1E0,-3.8616865E0,6.0021967E-1,2.2329478E0,8.304352E0,-1.571933E0,-3.3674547E-1],"split_indices":[0,0,0,0,0,0,0,0,0],"split_type":[0,0,0,0,0,0,0,0,0],"sum_hessian":[9E0,6E0,3E0,2E0,4E0,2E0,1E0,3E0,1E0],"tree_param":{"num_deleted":"0","num_feature":"2","num_nodes":"9","size_leaf_vector":"1"}},{"base_weights":[4.761833E0,-1.9222162E1,6.7131877E0,-2.771479E1,4.170481E0,-3.6042404E0,-1.4540383E0,-3.1990814E-1,9.4548035E-1],"categories":[],"categories_nodes":[],"categories_segments":[],"categories_sizes":[],"default_left":[0,0,0,0,0,0,0,0,0],"id":14,"left_children":[1,3,-1,5,7,-1,-1,-1,-1],"loss_changes":[1.6249247E4,1.7049043E3,0E0,1.3419775E2,1.4707613E2,0E0,0E0,0E0,0E0],"parents":[2147483647,0,0,1,1,3,3,4,4],"right_children":[2,4,-1,6,8,-1,-1,-1,-1],"split_conditions":[9.049202E-1,6.0021967E-1,6.7131877E0,3.0041096E-1,8.025351E-1,-3.6042404E0,-1.4540383E0,-3.1990814E-1,9.4548035E-1],"split_indices":[0,0,0,0,0,0,0,0,0],"split_type":[0,0,0,0,0,0,0,0,0],"sum_hessian":[9E0,7E0,2E0,5E0,2E0,2E0,3E0,1E0,1E0],"tree_param":{"num_deleted":"0","num_feature":"2","num_nodes":"9","size_leaf_vector":"1"}},{"base_weights":[4.5136976E0,-1.7854033E1,6.2656414E1,-2.5786356E1,3.9619598E0,1.8449875E0,7.5534744E0,-3.3639576E0,-1.3449852E0,-3.0391237E-1,8.9820635E-1],"categories":[],"categories_nodes":[],"categories_segments":[],"categories_sizes":[],"default_left":[0,0,0,0,0,0,0,0,0,0,0],"id":15,"left_children":[1,3,5,7,9,-1,-1,-1,-1,-1,-1],"loss_changes":[1.4123875E4,1.4865767E3,3.1431348E2,1.2884033E2,1.3273608E2,0E0,0E0,0E0,0E0,0E0,0E0],"parents":[2147483647,0,0,1,1,2,2,3,3,4,4],"right_children":[2,4,6,8,10,-1,-1,-1,-1,-1,-1],"split_conditions":[9.049202E-1,6.0021967E-1,1E0,3.0041096E-1,8.025351E-1,1.8449875E0,7.5534744E0,-3.3639576E0,-1.3449852E0,-3.0391237E-1,8.9820635E-1],"split_indices":[0,0,0,0,0,0,0,0,0,0,0],"split_type":[0,0,0,0,0,0,0,0,0,0,0],"sum_hessian":[9E0,7E0,2E0,5E0,2E0,1E0,1E0,2E0,3E0,1E0,1E0],"tree_param":{"num_deleted":"0","num_feature":"2","num_nodes":"11","size_leaf_vector":"1"}},{"base_weights":[4.5907087E0,-1.658296E1,5.952359E1,-2.3992544E1,3.76386E0,1.7527374E0,7.1758013E0,-3.1396937E0,-1.2441113E0,-2.8871688E-1,8.532959E-1],"categories":[],"categories_nodes":[],"categories_segments":[],"categories_sizes":[],"default_left":[0,0,0,0,0,0,0,0,0,0,0],"id":16,"left_children":[1,3,5,7,9,-1,-1,-1,-1,-1,-1],"loss_changes":[1.2618383E4,1.2963962E3,2.8366895E2,1.2257544E2,1.1979434E2,0E0,0E0,0E0,0E0,0E0,0E0],"parents":[2147483647,0,0,1,1,2,2,3,3,4,4],"right_children":[2,4,6,8,10,-1,-1,-1,-1,-1,-1],"split_conditions":[9.049202E-1,6.0021967E-1,1E0,3.0041096E-1,8.025351E-1,1.7527374E0,7.1758013E0,-3.1396937E0,-1.2441113E0,-2.8871688E-1,8.532959E-1],"split_indices":[0,0,0,0,0,0,0,0,0,0,0],"split_type":[0,0,0,0,0,0,0,0,0,0,0],"sum_hessian":[9E0,7E0,2E0,5E0,2E0,1E0,1E0,2E0,3E0,1E0,1E0],"tree_param":{"num_deleted":"0","num_feature":"2","num_nodes":"11","size_leaf_vector":"1"}},{"base_weights":[4.6425657E0,-1.5402069E1,5.6547405E1,-2.2323923E1,3.5756633E0,1.6651001E0,6.8170104E0,-2.9303808E0,-1.150803E0,-2.7428132E-1,8.106308E-1],"categories":[],"categories_nodes":[],"categories_segments":[],"categories_sizes":[],"default_left":[0,0,0,0,0,0,0,0,0,0,0],"id":17,"left_children":[1,3,5,7,9,-1,-1,-1,-1,-1,-1],"loss_changes":[1.1275083E4,1.1307118E3,2.5601074E2,1.1573291E2,1.081144E2,0E0,0E0,0E0,0E0,0E0,0E0],"parents":[2147483647,0,0,1,1,2,2,3,3,4,4],"right_children":[2,4,6,8,10,-1,-1,-1,-1,-1,-1],"split_conditions":[9.049202E-1,6.0021967E-1,1E0,3.0041096E-1,8.025351E-1,1.6651001E0,6.8170104E0,-2.9303808E0,-1.150803E0,-2.7428132E-1,8.106308E-1],"split_indices":[0,0,0,0,0,0,0,0,0,0,0],"split_type":[0,0,0,0,0,0,0,0,0,0,0],"sum_hessian":[9E0,7E0,2E0,5E0,2E0,1E0,1E0,2E0,3E0,1E0,1E0],"tree_param":{"num_deleted":"0","num_feature":"2","num_nodes":"11","size_leaf_vector":"1"}},{"base_weights":[4.672035E0,-1.4304968E1,5.372003E1,-2.0771729E1,3.396876E0,1.5818452E0,6.4761596E0,-2.735022E0,-1.0644928E0,-2.605675E-1,7.7009887E-1],"categories":[],"categories_nodes":[],"categories_segments":[],"categories_sizes":[],"default_left":[0,0,0,0,0,0,0,0,0,0,0],"id":18,"left_children":[1,3,5,7,9,-1,-1,-1,-1,-1,-1],"loss_changes":[1.0076303E4,9.8634766E2,2.3105078E2,1.0857324E2,9.757324E1,0E0,0E0,0E0,0E0,0E0,0E0],"parents":[2147483647,0,0,1,1,2,2,3,3,4,4],"right_children":[2,4,6,8,10,-1,-1,-1,-1,-1,-1],"split_conditions":[9.049202E-1,6.0021967E-1,1E0,3.0041096E-1,8.025351E-1,1.5818452E0,6.4761596E0,-2.735022E0,-1.0644928E0,-2.605675E-1,7.7009887E-1],"split_indices":[0,0,0,0,0,0,0,0,0,0,0],"split_type":[0,0,0,0,0,0,0,0,0,0,0],"sum_hessian":[9E0,7E0,2E0,5E0,2E0,1E0,1E0,2E0,3E0,1E0,1E0],"tree_param":{"num_deleted":"0","num_feature":"2","num_nodes":"11","size_leaf_vector":"1"}},{"base_weights":[4.6816354E0,-1.3285716E1,5.1034027E1,-1.9327806E1,3.2270355E0,1.5027527E0,6.1523514E0,-2.5526872E0,-9.8465556E-1,-2.4753876E-1,7.315941E-1],"categories":[],"categories_nodes":[],"categories_segments":[],"categories_sizes":[],"default_left":[0,0,0,0,0,0,0,0,0,0,0],"id":19,"left_children":[1,3,5,7,9,-1,-1,-1,-1,-1,-1],"loss_changes":[9.006321E3,8.605437E2,2.0852295E2,1.0129761E2,8.80598E1,0E0,0E0,0E0,0E0,0E0,0E0],"parents":[2147483647,0,0,1,1,2,2,3,3,4,4],"right_children":[2,4,6,8,10,-1,-1,-1,-1,-1,-1],"split_conditions":[9.049202E-1,6.0021967E-1,1E0,3.0041096E-1,8.025351E-1,1.5027527E0,6.1523514E0,-2.5526872E0,-9.8465556E-1,-2.4753876E-1,7.315941E-1],"split_indices":[0,0,0,0,0,0,0,0,0,0,0],"split_type":[0,0,0,0,0,0,0,0,0,0,0],"sum_hessian":[9E0,7E0,2E0,5E0,2E0,1E0,1E0,2E0,3E0,1E0,1E0],"tree_param":{"num_deleted":"0","num_feature":"2","num_nodes":"11","size_leaf_vector":"1"}},{"base_weights":[4.673654E0,-1.2338806E1,4.848233E1,-1.7984583E1,3.065684E0,1.4276154E0,5.844734E0,-2.382508E0,-9.1080666E-1,-2.3516159E-1,6.950142E-1],"categories":[],"categories_nodes":[],"categories_segments":[],"categories_sizes":[],"default_left":[0,0,0,0,0,0,0,0,0,0,0],"id":20,"left_children":[1,3,5,7,9,-1,-1,-1,-1,-1,-1],"loss_changes":[8.0511475E3,7.508977E2,1.881914E2,9.405896E1,7.947389E1,0E0,0E0,0E0,0E0,0E0,0E0],"parents":[2147483647,0,0,1,1,2,2,3,3,4,4],"right_children":[2,4,6,8,10,-1,-1,-1,-1,-1,-1],"split_conditions":[9.049202E-1,6.0021967E-1,1E0,3.0041096E-1,8.025351E-1,1.4276154E0,5.844734E0,-2.382508E0,-9.1080666E-1,-2.3516159E-1,6.950142E-1],"split_indices":[0,0,0,0,0,0,0,0,0,0,0],"split_type":[0,0,0,0,0,0,0,0,0,0,0],"sum_hessian":[9E0,7E0,2E0,5E0,2E0,1E0,1E0,2E0,3E0,1E0,1E0],"tree_param":{"num_deleted":"0","num_feature":"2","num_nodes":"11","size_leaf_vector":"1"}},{"base_weights":[4.650181E0,-1.14591055E1,4.6058216E1,-1.673501E1,2.9124043E0,1.3562348E0,5.552498E0,-2.223674E0,-8.424959E-1,-2.2340317E-1,6.6026384E-1],"categories":[],"categories_nodes":[],"categories_segments":[],"categories_sizes":[],"default_left":[0,0,0,0,0,0,0,0,0,0,0],"id":21,"left_children":[1,3,5,7,9,-1,-1,-1,-1,-1,-1],"loss_changes":[7.198325E3,6.553208E2,1.6984277E2,8.6974365E1,7.172517E1,0E0,0E0,0E0,0E0,0E0,0E0],"parents":[2147483647,0,0,1,1,2,2,3,3,4,4],"right_children":[2,4,6,8,10,-1,-1,-1,-1,-1,-1],"split_conditions":[9.049202E-1,6.0021967E-1,1E0,3.0041096E-1,8.025351E-1,1.3562348E0,5.552498E0,-2.223674E0,-8.424959E-1,-2.2340317E-1,6.6026384E-1],"split_indices":[0,0,0,0,0,0,0,0,0,0,0],"split_type":[0,0,0,0,0,0,0,0,0,0,0],"sum_hessian":[9E0,7E0,2E0,5E0,2E0,1E0,1E0,2E0,3E0,1E0,1E0],"tree_param":{"num_deleted":"0","num_feature":"2","num_nodes":"11","size_leaf_vector":"1"}},{"base_weights":[4.6131067E0,-1.0641858E1,4.375531E1,-1.5572536E1,2.7667847E0,1.2884232E0,5.2748733E0,-2.0754294E0,-7.793085E-1,-2.1223298E-1,6.272507E-1],"categories":[],"categories_nodes":[],"categories_segments":[],"categories_sizes":[],"default_left":[0,0,0,0,0,0,0,0,0,0,0],"id":22,"left_children":[1,3,5,7,9,-1,-1,-1,-1,-1,-1],"loss_changes":[6.436767E3,5.719955E2,1.532832E2,8.012744E1,6.473196E1,0E0,0E0,0E0,0E0,0E0,0E0],"parents":[2147483647,0,0,1,1,2,2,3,3,4,4],"right_children":[2,4,6,8,10,-1,-1,-1,-1,-1,-1],"split_conditions":[9.049202E-1,6.0021967E-1,1E0,3.0041096E-1,8.025351E-1,1.2884232E0,5.2748733E0,-2.0754294E0,-7.793085E-1,-2.1223298E-1,6.272507E-1],"split_indices":[0,0,0,0,0,0,0,0,0,0,0],"split_type":[0,0,0,0,0,0,0,0,0,0,0],"sum_hessian":[9E0,7E0,2E0,5E0,2E0,1E0,1E0,2E0,3E0,1E0,1E0],"tree_param":{"num_deleted":"0","num_feature":"2","num_nodes":"11","size_leaf_vector":"1"}},{"base_weights":[4.5641546E0,-9.882636E0,4.1567547E1,-1.6034893E1,2.783432E-1,1.2240021E0,5.01113E0,-1.9370673E0,-7.354149E-1,-3.6014608E-1,5.958878E-1],"categories":[],"categories_nodes":[],"categories_segments":[],"categories_sizes":[],"default_left":[0,0,0,0,0,0,0,0,0,0,0],"id":23,"left_children":[1,3,5,7,9,-1,-1,-1,-1,-1,-1],"loss_changes":[5.7565996E3,5.0456683E2,1.3833789E2,2.3304443E0,1.096181E2,0E0,0E0,0E0,0E0,0E0,0E0],"parents":[2147483647,0,0,1,1,2,2,3,3,4,4],"right_children":[2,4,6,8,10,-1,-1,-1,-1,-1,-1],"split_conditions":[9.049202E-1,5.0060076E-1,1E0,3.0041096E-1,8.025351E-1,1.2240021E0,5.01113E0,-1.9370673E0,-7.354149E-1,-3.6014608E-1,5.958878E-1],"split_indices":[0,0,0,0,0,0,0,0,0,0,0],"split_type":[0,0,0,0,0,0,0,0,0,0,0],"sum_hessian":[9E0,7E0,2E0,4E0,3E0,1E0,1E0,2E0,2E0,2E0,1E0],"tree_param":{"num_deleted":"0","num_feature":"2","num_nodes":"11","size_leaf_vector":"1"}},{"base_weights":[4.4875784E0,-9.198964E0,3.9489166E1,-1.4965901E1,3.0944824E-1,1.1628021E0,4.760573E0,-1.8079294E0,-6.863874E-1,-3.3613586E-1,5.6609344E-1],"categories":[],"categories_nodes":[],"categories_segments":[],"categories_sizes":[],"default_left":[0,0,0,0,0,0,0,0,0,0,0],"id":24,"left_children":[1,3,5,7,9,-1,-1,-1,-1,-1,-1],"loss_changes":[5.1537666E3,4.4330652E2,1.248501E2,2.0300293E0,9.760552E1,0E0,0E0,0E0,0E0,0E0,0E0],"parents":[2147483647,0,0,1,1,2,2,3,3,4,4],"right_children":[2,4,6,8,10,-1,-1,-1,-1,-1,-1],"split_conditions":[9.049202E-1,5.0060076E-1,1E0,3.0041096E-1,8.025351E-1,1.1628021E0,4.760573E0,-1.8079294E0,-6.863874E-1,-3.3613586E-1,5.6609344E-1],"split_indices":[0,0,0,0,0,0,0,0,0,0,0],"split_type":[0,0,0,0,0,0,0,0,0,0,0],"sum_hessian":[9E0,7E0,2E0,4E0,3E0,1E0,1E0,2E0,2E0,2E0,1E0],"tree_param":{"num_deleted":"0","num_feature":"2","num_nodes":"11","size_leaf_vector":"1"}},{"base_weights":[4.4047217E0,-8.562114E0,3.751471E1,-1.2652757E1,2.4732106E0,1.1046616E0,4.522545E0,-1.6874008E0,-6.3236296E-1,-1.668068E-1,5.377884E-1],"categories":[],"categories_nodes":[],"categories_segments":[],"categories_sizes":[],"default_left":[0,0,0,0,0,0,0,0,0,0,0],"id":25,"left_children":[1,3,5,7,9,-1,-1,-1,-1,-1,-1],"loss_changes":[4.614523E3,3.9242554E2,1.12677734E2,5.359613E1,4.505786E1,0E0,0E0,0E0,0E0,0E0,0E0],"parents":[2147483647,0,0,1,1,2,2,3,3,4,4],"right_children":[2,4,6,8,10,-1,-1,-1,-1,-1,-1],"split_conditions":[9.049202E-1,6.0021967E-1,1E0,3.0041096E-1,8.025351E-1,1.1046616E0,4.522545E0,-1.6874008E0,-6.3236296E-1,-1.668068E-1,5.377884E-1],"split_indices":[0,0,0,0,0,0,0,0,0,0,0],"split_type":[0,0,0,0,0,0,0,0,0,0,0],"sum_hessian":[9E0,7E0,2E0,5E0,2E0,1E0,1E0,2E0,3E0,1E0,1E0],"tree_param":{"num_deleted":"0","num_feature":"2","num_nodes":"11","size_leaf_vector":"1"}},{"base_weights":[4.3320923E0,-7.949497E0,3.5638966E1,-1.3040268E1,4.0134048E-1,1.0494279E0,4.296417E0,-1.8061806E0,-7.269432E-1,-2.8708753E-1,5.1089936E-1],"categories":[],"categories_nodes":[],"categories_segments":[],"categories_sizes":[],"default_left":[0,0,0,0,0,0,0,0,0,0,0],"id":26,"left_children":[1,3,5,7,9,-1,-1,-1,-1,-1,-1],"loss_changes":[4.1282935E3,3.453312E2,1.0169214E2,1.3593201E1,7.62851E1,0E0,0E0,0E0,0E0,0E0,0E0],"parents":[2147483647,0,0,1,1,2,2,3,3,4,4],"right_children":[2,4,6,8,10,-1,-1,-1,-1,-1,-1],"split_conditions":[9.049202E-1,5.0060076E-1,1E0,2.0044668E-1,8.025351E-1,1.0494279E0,4.296417E0,-1.8061806E0,-7.269432E-1,-2.8708753E-1,5.1089936E-1],"split_indices":[0,0,0,0,0,0,0,0,0,0,0],"split_type":[0,0,0,0,0,0,0,0,0,0,0],"sum_hessian":[9E0,7E0,2E0,4E0,3E0,1E0,1E0,1E0,3E0,2E0,1E0],"tree_param":{"num_deleted":"0","num_feature":"2","num_nodes":"11","size_leaf_vector":"1"}},{"base_weights":[4.2025375E0,-7.4432087E0,3.3857014E1,-1.2242865E1,4.1716385E-1,9.969559E-1,4.0815964E0,-1.7158715E0,-6.724224E-1,-2.6794788E-1,4.8535463E-1],"categories":[],"categories_nodes":[],"categories_segments":[],"categories_sizes":[],"default_left":[0,0,0,0,0,0,0,0,0,0,0],"id":27,"left_children":[1,3,5,7,9,-1,-1,-1,-1,-1,-1],"loss_changes":[3.70549E3,3.0692398E2,9.177759E1,2.0265015E1,6.7956535E1,0E0,0E0,0E0,0E0,0E0,0E0],"parents":[2147483647,0,0,1,1,2,2,3,3,4,4],"right_children":[2,4,6,8,10,-1,-1,-1,-1,-1,-1],"split_conditions":[9.049202E-1,5.0060076E-1,1E0,2.0044668E-1,8.025351E-1,9.969559E-1,4.0815964E0,-1.7158715E0,-6.724224E-1,-2.6794788E-1,4.8535463E-1],"split_indices":[0,0,0,0,0,0,0,0,0,0,0],"split_type":[0,0,0,0,0,0,0,0,0,0,0],"sum_hessian":[9E0,7E0,2E0,4E0,3E0,1E0,1E0,1E0,3E0,2E0,1E0],"tree_param":{"num_deleted":"0","num_feature":"2","num_nodes":"11","size_leaf_vector":"1"}},{"base_weights":[4.0730505E0,-6.970248E0,3.2164165E1,-1.0394906E1,2.2024841E0,9.4710845E-1,3.8775163E0,-1.6300777E0,-5.9535766E-1,-1.3071442E-1,4.6108705E-1],"categories":[],"categories_nodes":[],"categories_segments":[],"categories_sizes":[],"default_left":[0,0,0,0,0,0,0,0,0,0,0],"id":28,"left_children":[1,3,5,7,9,-1,-1,-1,-1,-1,-1],"loss_changes":[3.3263777E3,2.7420236E2,8.282886E1,6.0331543E1,3.1384693E1,0E0,0E0,0E0,0E0,0E0,0E0],"parents":[2147483647,0,0,1,1,2,2,3,3,4,4],"right_children":[2,4,6,8,10,-1,-1,-1,-1,-1,-1],"split_conditions":[9.049202E-1,6.0021967E-1,1E0,2.0044668E-1,8.025351E-1,9.4710845E-1,3.8775163E0,-1.6300777E0,-5.9535766E-1,-1.3071442E-1,4.6108705E-1],"split_indices":[0,0,0,0,0,0,0,0,0,0,0],"split_type":[0,0,0,0,0,0,0,0,0,0,0],"sum_hessian":[9E0,7E0,2E0,5E0,2E0,1E0,1E0,1E0,4E0,1E0,1E0],"tree_param":{"num_deleted":"0","num_feature":"2","num_nodes":"11","size_leaf_vector":"1"}},{"base_weights":[3.9587014E0,-6.510108E0,3.055596E1,-1.0813005E1,4.9604034E-1,8.997528E-1,3.6836412E0,-1.5485737E0,-5.773388E-1,-2.2588299E-1,4.3803254E-1],"categories":[],"categories_nodes":[],"categories_segments":[],"categories_sizes":[],"default_left":[0,0,0,0,0,0,0,0,0,0,0],"id":29,"left_children":[1,3,5,7,9,-1,-1,-1,-1,-1,-1],"loss_changes":[2.9833389E3,2.4653754E2,7.475342E1,2.8338745E1,5.2697212E1,0E0,0E0,0E0,0E0,0E0,0E0],"parents":[2147483647,0,0,1,1,2,2,3,3,4,4],"right_children":[2,4,6,8,10,-1,-1,-1,-1,-1,-1],"split_conditions":[9.049202E-1,5.0060076E-1,1E0,2.0044668E-1,8.025351E-1,8.997528E-1,3.6836412E0,-1.5485737E0,-5.773388E-1,-2.2588299E-1,4.3803254E-1],"split_indices":[0,0,0,0,0,0,0,0,0,0,0],"split_type":[0,0,0,0,0,0,0,0,0,0,0],"sum_hessian":[9E0,7E0,2E0,4E0,3E0,1E0,1E0,1E0,3E0,2E0,1E0],"tree_param":{"num_deleted":"0","num_feature":"2","num_nodes":"11","size_leaf_vector":"1"}},{"base_weights":[3.8297913E0,-6.09832E0,2.9028158E1,-1.1356468E1,-6.7213744E-1,8.5476536E-1,3.4994583E0,-1.4711449E0,-5.3343254E-1,-2.920826E-1,4.1613084E-1],"categories":[],"categories_nodes":[],"categories_segments":[],"categories_sizes":[],"default_left":[0,0,0,0,0,0,0,0,0,0,0],"id":30,"left_children":[1,3,5,7,9,-1,-1,-1,-1,-1,-1],"loss_changes":[2.6787449E3,2.206203E2,6.74646E1,2.3410034E0,6.649903E1,0E0,0E0,0E0,0E0,0E0,0E0],"parents":[2147483647,0,0,1,1,2,2,3,3,4,4],"right_children":[2,4,6,8,10,-1,-1,-1,-1,-1,-1],"split_conditions":[9.049202E-1,4.013155E-1,1E0,2.0044668E-1,8.025351E-1,8.5476536E-1,3.4994583E0,-1.4711449E0,-5.3343254E-1,-2.920826E-1,4.1613084E-1],"split_indices":[0,0,0,0,0,0,0,0,0,0,0],"split_type":[0,0,0,0,0,0,0,0,0,0,0],"sum_hessian":[9E0,7E0,2E0,3E0,4E0,1E0,1E0,1E0,2E0,3E0,1E0],"tree_param":{"num_deleted":"0","num_feature":"2","num_nodes":"11","size_leaf_vector":"1"}},{"base_weights":[3.694182E0,-5.7235546E0,2.7576752E1,-1.0721966E1,-5.801147E-1,8.12027E-1,3.3244858E0,-1.3975877E0,-4.9787042E-1,-2.7017632E-1,3.9532396E-1],"categories":[],"categories_nodes":[],"categories_segments":[],"categories_sizes":[],"default_left":[0,0,0,0,0,0,0,0,0,0,0],"id":31,"left_children":[1,3,5,7,9,-1,-1,-1,-1,-1,-1],"loss_changes":[2.4070347E3,1.9945224E2,6.0887207E1,5.1705017E0,5.8771633E1,0E0,0E0,0E0,0E0,0E0,0E0],"parents":[2147483647,0,0,1,1,2,2,3,3,4,4],"right_children":[2,4,6,8,10,-1,-1,-1,-1,-1,-1],"split_conditions":[9.049202E-1,4.013155E-1,1E0,2.0044668E-1,8.025351E-1,8.12027E-1,3.3244858E0,-1.3975877E0,-4.9787042E-1,-2.7017632E-1,3.9532396E-1],"split_indices":[0,0,0,0,0,0,0,0,0,0,0],"split_type":[0,0,0,0,0,0,0,0,0,0,0],"sum_hessian":[9E0,7E0,2E0,3E0,4E0,1E0,1E0,1E0,2E0,3E0,1E0],"tree_param":{"num_deleted":"0","num_feature":"2","num_nodes":"11","size_leaf_vector":"1"}},{"base_weights":[3.5613837E0,-5.372489E0,2.6197916E1,-9.058168E0,5.777321E-1,7.714264E-1,3.158261E0,-1.3277081E0,-4.68417E-1,-1.7334086E-1,3.7555772E-1],"categories":[],"categories_nodes":[],"categories_segments":[],"categories_sizes":[],"default_left":[0,0,0,0,0,0,0,0,0,0,0],"id":32,"left_children":[1,3,5,7,9,-1,-1,-1,-1,-1,-1],"loss_changes":[2.1630671E3,1.8067802E2,5.494995E1,3.007547E1,3.5887737E1,0E0,0E0,0E0,0E0,0E0,0E0],"parents":[2147483647,0,0,1,1,2,2,3,3,4,4],"right_children":[2,4,6,8,10,-1,-1,-1,-1,-1,-1],"split_conditions":[9.049202E-1,5.0060076E-1,1E0,2.0044668E-1,8.025351E-1,7.714264E-1,3.158261E0,-1.3277081E0,-4.68417E-1,-1.7334086E-1,3.7555772E-1],"split_indices":[0,0,0,0,0,0,0,0,0,0,0],"split_type":[0,0,0,0,0,0,0,0,0,0,0],"sum_hessian":[9E0,7E0,2E0,4E0,3E0,1E0,1E0,1E0,3E0,2E0,1E0],"tree_param":{"num_deleted":"0","num_feature":"2","num_nodes":"11","size_leaf_vector":"1"}},{"base_weights":[3.4388213E0,-5.034481E0,2.4888021E1,-9.557499E0,-4.0917054E-1,7.3285526E-1,3.0003479E0,-1.2613229E0,-4.3345132E-1,-2.2953606E-1,3.567795E-1],"categories":[],"categories_nodes":[],"categories_segments":[],"categories_sizes":[],"default_left":[0,0,0,0,0,0,0,0,0,0,0],"id":33,"left_children":[1,3,5,7,9,-1,-1,-1,-1,-1,-1],"loss_changes":[1.9427539E3,1.6345226E2,4.9592163E1,9.167908E0,4.569594E1,0E0,0E0,0E0,0E0,0E0,0E0],"parents":[2147483647,0,0,1,1,2,2,3,3,4,4],"right_children":[2,4,6,8,10,-1,-1,-1,-1,-1,-1],"split_conditions":[9.049202E-1,4.013155E-1,1E0,2.0044668E-1,8.025351E-1,7.3285526E-1,3.0003479E0,-1.2613229E0,-4.3345132E-1,-2.2953606E-1,3.567795E-1],"split_indices":[0,0,0,0,0,0,0,0,0,0,0],"split_type":[0,0,0,0,0,0,0,0,0,0,0],"sum_hessian":[9E0,7E0,2E0,3E0,4E0,1E0,1E0,1E0,2E0,3E0,1E0],"tree_param":{"num_deleted":"0","num_feature":"2","num_nodes":"11","size_leaf_vector":"1"}},{"base_weights":[3.3115082E0,-4.7269745E0,2.3643625E1,-9.025444E0,-3.4280396E-1,6.9621277E-1,2.850331E0,-1.1982567E0,-4.0455475E-1,-2.123207E0,3.3894044E-1,-2.4000855E-1,-6.46286E-2],"categories":[],"categories_nodes":[],"categories_segments":[],"categories_sizes":[],"default_left":[0,0,0,0,0,0,0,0,0,0,0,0,0],"id":34,"left_children":[1,3,5,7,9,-1,-1,-1,-1,11,-1,-1,-1],"loss_changes":[1.7461565E3,1.4766785E2,4.4756714E1,1.0428619E1,4.042058E1,0E0,0E0,0E0,0E0,8.456802E-2,0E0,0E0,0E0],"parents":[2147483647,0,0,1,1,2,2,3,3,4,4,9,9],"right_children":[2,4,6,8,10,-1,-1,-1,-1,12,-1,-1,-1],"split_conditions":[9.049202E-1,4.013155E-1,1E0,2.0044668E-1,8.025351E-1,6.9621277E-1,2.850331E0,-1.1982567E0,-4.0455475E-1,6.0021967E-1,3.3894044E-1,-2.4000855E-1,-6.46286E-2],"split_indices":[0,0,0,0,0,0,0,0,0,0,0,0,0],"split_type":[0,0,0,0,0,0,0,0,0,0,0,0,0],"sum_hessian":[9E0,7E0,2E0,3E0,4E0,1E0,1E0,1E0,2E0,3E0,1E0,2E0,1E0],"tree_param":{"num_deleted":"0","num_feature":"2","num_nodes":"13","size_leaf_vector":"1"}},{"base_weights":[3.1781585E0,-4.4503403E0,2.2461435E1,-8.523602E0,-3.0166322E-1,6.614014E-1,2.707814E0,-1.1383438E0,-3.7758434E-1,-1.9870453E0,3.2199326E-1,-2.2400819E-1,-6.139679E-2],"categories":[],"categories_nodes":[],"categories_segments":[],"categories_sizes":[],"default_left":[0,0,0,0,0,0,0,0,0,0,0,0,0],"id":35,"left_children":[1,3,5,7,9,-1,-1,-1,-1,11,-1,-1,-1],"loss_changes":[1.5709856E3,1.3261794E2,4.0393433E1,1.1329132E1,3.6074326E1,0E0,0E0,0E0,0E0,1.4415741E-2,0E0,0E0,0E0],"parents":[2147483647,0,0,1,1,2,2,3,3,4,4,9,9],"right_children":[2,4,6,8,10,-1,-1,-1,-1,12,-1,-1,-1],"split_conditions":[9.049202E-1,4.013155E-1,1E0,2.0044668E-1,8.025351E-1,6.614014E-1,2.707814E0,-1.1383438E0,-3.7758434E-1,6.0021967E-1,3.2199326E-1,-2.2400819E-1,-6.139679E-2],"split_indices":[0,0,0,0,0,0,0,0,0,0,0,0,0],"split_type":[0,0,0,0,0,0,0,0,0,0,0,0,0],"sum_hessian":[9E0,7E0,2E0,3E0,4E0,1E0,1E0,1E0,2E0,3E0,1E0,2E0,1E0],"tree_param":{"num_deleted":"0","num_feature":"2","num_nodes":"13","size_leaf_vector":"1"}},{"base_weights":[3.049331E0,-4.190221E0,2.1338358E1,-8.050222E0,-2.6417542E-1,6.28331E-1,2.5724227E0,-1.0814266E0,-3.5241193E-1,-1.8596879E-1,3.0589372E-1],"categories":[],"categories_nodes":[],"categories_segments":[],"categories_sizes":[],"default_left":[0,0,0,0,0,0,0,0,0,0,0],"id":36,"left_children":[1,3,5,7,9,-1,-1,-1,-1,-1,-1],"loss_changes":[1.413456E3,1.19109665E2,3.64552E1,1.1930634E1,3.2199005E1,0E0,0E0,0E0,0E0,0E0,0E0],"parents":[2147483647,0,0,1,1,2,2,3,3,4,4],"right_children":[2,4,6,8,10,-1,-1,-1,-1,-1,-1],"split_conditions":[9.049202E-1,4.013155E-1,1E0,2.0044668E-1,8.025351E-1,6.28331E-1,2.5724227E0,-1.0814266E0,-3.5241193E-1,-1.8596879E-1,3.0589372E-1],"split_indices":[0,0,0,0,0,0,0,0,0,0,0],"split_type":[0,0,0,0,0,0,0,0,0,0,0],"sum_hessian":[9E0,7E0,2E0,3E0,4E0,1E0,1E0,1E0,2E0,3E0,1E0],"tree_param":{"num_deleted":"0","num_feature":"2","num_nodes":"11","size_leaf_vector":"1"}},{"base_weights":[2.933084E0,-3.9354362E0,2.0271444E1,-7.6036606E0,-2.1376953E-1,5.969147E-1,2.4438019E0,-1.0273552E0,-3.2891795E-1,-1.7202072E0,2.9059908E-1,-1.9667563E-1,-4.9028017E-2],"categories":[],"categories_nodes":[],"categories_segments":[],"categories_sizes":[],"default_left":[0,0,0,0,0,0,0,0,0,0,0,0,0],"id":37,"left_children":[1,3,5,7,9,-1,-1,-1,-1,11,-1,-1,-1],"loss_changes":[1.2706658E3,1.07589836E2,3.2900635E1,1.2285217E1,2.8497526E1,0E0,0E0,0E0,0E0,2.4868679E-1,0E0,0E0,0E0],"parents":[2147483647,0,0,1,1,2,2,3,3,4,4,9,9],"right_children":[2,4,6,8,10,-1,-1,-1,-1,12,-1,-1,-1],"split_conditions":[9.049202E-1,4.013155E-1,1E0,2.0044668E-1,8.025351E-1,5.969147E-1,2.4438019E0,-1.0273552E0,-3.2891795E-1,6.0021967E-1,2.9059908E-1,-1.9667563E-1,-4.9028017E-2],"split_indices":[0,0,0,0,0,0,0,0,0,0,0,0,0],"split_type":[0,0,0,0,0,0,0,0,0,0,0,0,0],"sum_hessian":[9E0,7E0,2E0,3E0,4E0,1E0,1E0,1E0,2E0,3E0,1E0,2E0,1E0],"tree_param":{"num_deleted":"0","num_feature":"2","num_nodes":"13","size_leaf_vector":"1"}},{"base_weights":[2.812709E0,-3.7058163E0,1.9257874E1,-8.224884E0,-8.2864636E-1,5.670685E-1,2.3216126E0,-9.7598726E-1,-2.5774536E-1,-2.0986512E0,2.760689E-1,-2.3904304E-1,-4.657669E-2],"categories":[],"categories_nodes":[],"categories_segments":[],"categories_sizes":[],"default_left":[0,0,0,0,0,0,0,0,0,0,0,0,0],"id":38,"left_children":[1,3,5,7,9,-1,-1,-1,-1,11,-1,-1,-1],"loss_changes":[1.1433484E3,9.720149E1,2.9693237E1,8.506012E-1,3.3144558E1,0E0,0E0,0E0,0E0,1.2688255E0,0E0,0E0,0E0],"parents":[2147483647,0,0,1,1,2,2,3,3,4,4,9,9],"right_children":[2,4,6,8,10,-1,-1,-1,-1,12,-1,-1,-1],"split_conditions":[9.049202E-1,3.0041096E-1,1E0,2.0044668E-1,8.025351E-1,5.670685E-1,2.3216126E0,-9.7598726E-1,-2.5774536E-1,6.0021967E-1,2.760689E-1,-2.3904304E-1,-4.657669E-2],"split_indices":[0,0,0,0,0,0,0,0,0,0,0,0,0],"split_type":[0,0,0,0,0,0,0,0,0,0,0,0,0],"sum_hessian":[9E0,7E0,2E0,2E0,5E0,1E0,1E0,1E0,1E0,4E0,1E0,3E0,1E0],"tree_param":{"num_deleted":"0","num_feature":"2","num_nodes":"13","size_leaf_vector":"1"}},{"base_weights":[2.6959763E0,-3.4906445E0,1.8294973E1,-7.813639E0,-7.473729E-1,5.387146E-1,2.2055314E0,-9.2718774E-1,-2.4485818E-1,-1.9459107E0,2.6226577E-1,-2.2111474E-1,-4.42482E-2],"categories":[],"categories_nodes":[],"categories_segments":[],"categories_sizes":[],"default_left":[0,0,0,0,0,0,0,0,0,0,0,0,0],"id":39,"left_children":[1,3,5,7,9,-1,-1,-1,-1,11,-1,-1,-1],"loss_changes":[1.028912E3,8.903348E1,2.6798279E1,7.6763916E-1,2.9338112E1,0E0,0E0,0E0,0E0,1.0154285E0,0E0,0E0,0E0],"parents":[2147483647,0,0,1,1,2,2,3,3,4,4,9,9],"right_children":[2,4,6,8,10,-1,-1,-1,-1,12,-1,-1,-1],"split_conditions":[9.049202E-1,3.0041096E-1,1E0,2.0044668E-1,8.025351E-1,5.387146E-1,2.2055314E0,-9.2718774E-1,-2.4485818E-1,6.0021967E-1,2.6226577E-1,-2.2111474E-1,-4.42482E-2],"split_indices":[0,0,0,0,0,0,0,0,0,0,0,0,0],"split_type":[0,0,0,0,0,0,0,0,0,0,0,0,0],"sum_hessian":[9E0,7E0,2E0,2E0,5E0,1E0,1E0,1E0,1E0,4E0,1E0,3E0,1E0],"tree_param":{"num_deleted":"0","num_feature":"2","num_nodes":"13","size_leaf_vector":"1"}},{"base_weights":[2.583287E0,-3.2884731E0,1.7380219E1,-7.4229584E0,-6.731517E-1,5.117783E-1,2.0952547E0,-8.808285E-1,-2.3261528E-1,-1.8043915E0,2.4915238E-1,-2.045311E-1,-4.2035677E-2],"categories":[],"categories_nodes":[],"categories_segments":[],"categories_sizes":[],"default_left":[0,0,0,0,0,0,0,0,0,0,0,0,0],"id":40,"left_children":[1,3,5,7,9,-1,-1,-1,-1,11,-1,-1,-1],"loss_changes":[9.2599475E2,8.1507286E1,2.418573E1,6.9281006E-1,2.5975723E1,0E0,0E0,0E0,0E0,8.074455E-1,0E0,0E0,0E0],"parents":[2147483647,0,0,1,1,2,2,3,3,4,4,9,9],"right_children":[2,4,6,8,10,-1,-1,-1,-1,12,-1,-1,-1],"split_conditions":[9.049202E-1,3.0041096E-1,1E0,2.0044668E-1,8.025351E-1,5.117783E-1,2.0952547E0,-8.808285E-1,-2.3261528E-1,6.0021967E-1,2.4915238E-1,-2.045311E-1,-4.2035677E-2],"split_indices":[0,0,0,0,0,0,0,0,0,0,0,0,0],"split_type":[0,0,0,0,0,0,0,0,0,0,0,0,0],"sum_hessian":[9E0,7E0,2E0,2E0,5E0,1E0,1E0,1E0,1E0,4E0,1E0,3E0,1E0],"tree_param":{"num_deleted":"0","num_feature":"2","num_nodes":"13","size_leaf_vector":"1"}},{"base_weights":[2.4745765E0,-3.098483E0,1.651121E1,-7.051811E0,-6.0540515E-1,4.8618928E-1,1.9904922E0,-8.3678705E-1,-2.2098465E-1,-1.6732666E0,2.366951E-1,-1.8919145E-1,-3.993378E-2],"categories":[],"categories_nodes":[],"categories_segments":[],"categories_sizes":[],"default_left":[0,0,0,0,0,0,0,0,0,0,0,0,0],"id":41,"left_children":[1,3,5,7,9,-1,-1,-1,-1,11,-1,-1,-1],"loss_changes":[8.334296E2,7.4578445E1,2.1827698E1,6.252289E-1,2.3004927E1,0E0,0E0,0E0,0E0,6.371956E-1,0E0,0E0,0E0],"parents":[2147483647,0,0,1,1,2,2,3,3,4,4,9,9],"right_children":[2,4,6,8,10,-1,-1,-1,-1,12,-1,-1,-1],"split_conditions":[9.049202E-1,3.0041096E-1,1E0,2.0044668E-1,8.025351E-1,4.8618928E-1,1.9904922E0,-8.3678705E-1,-2.2098465E-1,6.0021967E-1,2.366951E-1,-1.8919145E-1,-3.993378E-2],"split_indices":[0,0,0,0,0,0,0,0,0,0,0,0,0],"split_type":[0,0,0,0,0,0,0,0,0,0,0,0,0],"sum_hessian":[9E0,7E0,2E0,2E0,5E0,1E0,1E0,1E0,1E0,4E0,1E0,3E0,1E0],"tree_param":{"num_deleted":"0","num_feature":"2","num_nodes":"13","size_leaf_vector":"1"}},{"base_weights":[2.36977E0,-2.9199095E0,1.5685658E1,-6.699221E0,-5.43602E-1,4.618805E-1,1.8909683E0,-7.949478E-1,-2.0993538E-1,-1.5517639E0,2.2486039E-1,-1.750019E-1,-3.7937164E-2],"categories":[],"categories_nodes":[],"categories_segments":[],"categories_sizes":[],"default_left":[0,0,0,0,0,0,0,0,0,0,0,0,0],"id":42,"left_children":[1,3,5,7,9,-1,-1,-1,-1,11,-1,-1,-1],"loss_changes":[7.501686E2,6.820476E1,1.969928E1,5.6427E-1,2.0379276E1,0E0,0E0,0E0,0E0,4.9825668E-1,0E0,0E0,0E0],"parents":[2147483647,0,0,1,1,2,2,3,3,4,4,9,9],"right_children":[2,4,6,8,10,-1,-1,-1,-1,12,-1,-1,-1],"split_conditions":[9.049202E-1,3.0041096E-1,1E0,2.0044668E-1,8.025351E-1,4.618805E-1,1.8909683E0,-7.949478E-1,-2.0993538E-1,6.0021967E-1,2.2486039E-1,-1.750019E-1,-3.7937164E-2],"split_indices":[0,0,0,0,0,0,0,0,0,0,0,0,0],"split_type":[0,0,0,0,0,0,0,0,0,0,0,0,0],"sum_hessian":[9E0,7E0,2E0,2E0,5E0,1E0,1E0,1E0,1E0,4E0,1E0,3E0,1E0],"tree_param":{"num_deleted":"0","num_feature":"2","num_nodes":"13","size_leaf_vector":"1"}},{"base_weights":[2.2687829E0,-2.752038E0,1.4901378E1,-6.36426E0,-4.8725381E-1,4.3878633E-1,1.7964203E0,-7.5520056E-1,-1.9943848E-1,-1.4391754E0,2.1361771E-1,-1.6187668E-1,-3.6040496E-2],"categories":[],"categories_nodes":[],"categories_segments":[],"categories_sizes":[],"default_left":[0,0,0,0,0,0,0,0,0,0,0,0,0],"id":43,"left_children":[1,3,5,7,9,-1,-1,-1,-1,11,-1,-1,-1],"loss_changes":[6.752691E2,6.234623E1,1.7778748E1,5.09285E-1,1.8058138E1,0E0,0E0,0E0,0E0,3.8527775E-1,0E0,0E0,0E0],"parents":[2147483647,0,0,1,1,2,2,3,3,4,4,9,9],"right_children":[2,4,6,8,10,-1,-1,-1,-1,12,-1,-1,-1],"split_conditions":[9.049202E-1,3.0041096E-1,1E0,2.0044668E-1,8.025351E-1,4.3878633E-1,1.7964203E0,-7.5520056E-1,-1.9943848E-1,6.0021967E-1,2.1361771E-1,-1.6187668E-1,-3.6040496E-2],"split_indices":[0,0,0,0,0,0,0,0,0,0,0,0,0],"split_type":[0,0,0,0,0,0,0,0,0,0,0,0,0],"sum_hessian":[9E0,7E0,2E0,2E0,5E0,1E0,1E0,1E0,1E0,4E0,1E0,3E0,1E0],"tree_param":{"num_deleted":"0","num_feature":"2","num_nodes":"13","size_leaf_vector":"1"}},{"base_weights":[2.171533E0,-2.5942001E0,1.4156311E1,-6.046046E0,-4.3591055E-1,4.1684723E-1,1.7065995E0,-7.174404E-1,-1.8946648E-1,-1.3348389E0,2.0293656E-1,-1.4973564E-1,-3.4238435E-2],"categories":[],"categories_nodes":[],"categories_segments":[],"categories_sizes":[],"default_left":[0,0,0,0,0,0,0,0,0,0,0,0,0],"id":44,"left_children":[1,3,5,7,9,-1,-1,-1,-1,11,-1,-1,-1],"loss_changes":[6.0788684E2,5.6965122E1,1.6045227E1,4.5965576E-1,1.6005514E1,0E0,0E0,0E0,0E0,2.937851E-1,0E0,0E0,0E0],"parents":[2147483647,0,0,1,1,2,2,3,3,4,4,9,9],"right_children":[2,4,6,8,10,-1,-1,-1,-1,12,-1,-1,-1],"split_conditions":[9.049202E-1,3.0041096E-1,1E0,2.0044668E-1,8.025351E-1,4.1684723E-1,1.7065995E0,-7.174404E-1,-1.8946648E-1,6.0021967E-1,2.0293656E-1,-1.4973564E-1,-3.4238435E-2],"split_indices":[0,0,0,0,0,0,0,0,0,0,0,0,0],"split_type":[0,0,0,0,0,0,0,0,0,0,0,0,0],"sum_hessian":[9E0,7E0,2E0,2E0,5E0,1E0,1E0,1E0,1E0,4E0,1E0,3E0,1E0],"tree_param":{"num_deleted":"0","num_feature":"2","num_nodes":"13","size_leaf_vector":"1"}},{"base_weights":[2.0779297E0,-2.445774E0,1.3448497E1,-5.743744E0,-3.8916016E-1,3.9600524E-1,1.6212692E0,-6.8156856E-1,-1.7999306E-1,-1.23815E0,1.9278947E-1,-1.5418296E-1,-5.21754E-2],"categories":[],"categories_nodes":[],"categories_segments":[],"categories_sizes":[],"default_left":[0,0,0,0,0,0,0,0,0,0,0,0,0],"id":45,"left_children":[1,3,5,7,9,-1,-1,-1,-1,11,-1,-1,-1],"loss_changes":[5.4726276E2,5.2025967E1,1.4480591E1,4.1485596E-1,1.4189959E1,0E0,0E0,0E0,0E0,2.8331804E-1,0E0,0E0,0E0],"parents":[2147483647,0,0,1,1,2,2,3,3,4,4,9,9],"right_children":[2,4,6,8,10,-1,-1,-1,-1,12,-1,-1,-1],"split_conditions":[9.049202E-1,3.0041096E-1,1E0,2.0044668E-1,8.025351E-1,3.9600524E-1,1.6212692E0,-6.8156856E-1,-1.7999306E-1,5.0060076E-1,1.9278947E-1,-1.5418296E-1,-5.21754E-2],"split_indices":[0,0,0,0,0,0,0,0,0,0,0,0,0],"split_type":[0,0,0,0,0,0,0,0,0,0,0,0,0],"sum_hessian":[9E0,7E0,2E0,2E0,5E0,1E0,1E0,1E0,1E0,4E0,1E0,2E0,2E0],"tree_param":{"num_deleted":"0","num_feature":"2","num_nodes":"13","size_leaf_vector":"1"}},{"base_weights":[1.9843498E0,-2.3105898E0,1.27760725E1,-5.456556E0,-3.5250854E-1,3.7620544E-1,1.5402054E0,-6.4748996E-1,-1.7099343E-1,-1.1556091E0,1.8314973E-1,-1.4390412E-1,-4.869741E-2],"categories":[],"categories_nodes":[],"categories_segments":[],"categories_sizes":[],"default_left":[0,0,0,0,0,0,0,0,0,0,0,0,0],"id":46,"left_children":[1,3,5,7,9,-1,-1,-1,-1,11,-1,-1,-1],"loss_changes":[4.9301822E2,4.735697E1,1.3068573E1,3.7438965E-1,1.2640352E1,0E0,0E0,0E0,0E0,2.4678707E-1,0E0,0E0,0E0],"parents":[2147483647,0,0,1,1,2,2,3,3,4,4,9,9],"right_children":[2,4,6,8,10,-1,-1,-1,-1,12,-1,-1,-1],"split_conditions":[9.049202E-1,3.0041096E-1,1E0,2.0044668E-1,8.025351E-1,3.7620544E-1,1.5402054E0,-6.4748996E-1,-1.7099343E-1,5.0060076E-1,1.8314973E-1,-1.4390412E-1,-4.869741E-2],"split_indices":[0,0,0,0,0,0,0,0,0,0,0,0,0],"split_type":[0,0,0,0,0,0,0,0,0,0,0,0,0],"sum_hessian":[9E0,7E0,2E0,2E0,5E0,1E0,1E0,1E0,1E0,4E0,1E0,2E0,2E0],"tree_param":{"num_deleted":"0","num_feature":"2","num_nodes":"13","size_leaf_vector":"1"}},{"base_weights":[1.8947608E0,-2.1830244E0,1.2137268E1,-5.1837287E0,-3.1883493E-1,3.5739443E-1,1.4631958E0,-6.1511534E-1,-1.6244392E-1,-1.0785706E0,1.7399216E-1,-1.3431041E-1,-4.5451354E-2],"categories":[],"categories_nodes":[],"categories_segments":[],"categories_sizes":[],"default_left":[0,0,0,0,0,0,0,0,0,0,0,0,0],"id":47,"left_children":[1,3,5,7,9,-1,-1,-1,-1,11,-1,-1,-1],"loss_changes":[4.441634E2,4.309829E1,1.1794708E1,3.378601E-1,1.12612915E1,0E0,0E0,0E0,0E0,2.1496058E-1,0E0,0E0,0E0],"parents":[2147483647,0,0,1,1,2,2,3,3,4,4,9,9],"right_children":[2,4,6,8,10,-1,-1,-1,-1,12,-1,-1,-1],"split_conditions":[9.049202E-1,3.0041096E-1,1E0,2.0044668E-1,8.025351E-1,3.5739443E-1,1.4631958E0,-6.1511534E-1,-1.6244392E-1,5.0060076E-1,1.7399216E-1,-1.3431041E-1,-4.5451354E-2],"split_indices":[0,0,0,0,0,0,0,0,0,0,0,0,0],"split_type":[0,0,0,0,0,0,0,0,0,0,0,0,0],"sum_hessian":[9E0,7E0,2E0,2E0,5E0,1E0,1E0,1E0,1E0,4E0,1E0,2E0,2E0],"tree_param":{"num_deleted":"0","num_feature":"2","num_nodes":"13","size_leaf_vector":"1"}},{"base_weights":[1.8090111E0,-2.0626383E0,1.1530406E1,-4.924543E0,-2.87913E-1,3.3952484E-1,1.390036E0,-5.8435977E-1,-1.5432167E-1,-1.006665E0,1.6529237E-1,-1.13227844E-1,-2.5210572E-2],"categories":[],"categories_nodes":[],"categories_segments":[],"categories_sizes":[],"default_left":[0,0,0,0,0,0,0,0,0,0,0,0,0],"id":48,"left_children":[1,3,5,7,9,-1,-1,-1,-1,11,-1,-1,-1],"loss_changes":[4.0016132E2,3.9214912E1,1.0644714E1,3.0493927E-1,1.0033822E1,0E0,0E0,0E0,0E0,1.8845987E-1,0E0,0E0,0E0],"parents":[2147483647,0,0,1,1,2,2,3,3,4,4,9,9],"right_children":[2,4,6,8,10,-1,-1,-1,-1,12,-1,-1,-1],"split_conditions":[9.049202E-1,3.0041096E-1,1E0,2.0044668E-1,8.025351E-1,3.3952484E-1,1.390036E0,-5.8435977E-1,-1.5432167E-1,6.0021967E-1,1.6529237E-1,-1.13227844E-1,-2.5210572E-2],"split_indices":[0,0,0,0,0,0,0,0,0,0,0,0,0],"split_type":[0,0,0,0,0,0,0,0,0,0,0,0,0],"sum_hessian":[9E0,7E0,2E0,2E0,5E0,1E0,1E0,1E0,1E0,4E0,1E0,3E0,1E0],"tree_param":{"num_deleted":"0","num_feature":"2","num_nodes":"13","size_leaf_vector":"1"}},{"base_weights":[1.7298806E0,-1.9453535E0,1.0953877E1,-4.6783166E0,-2.546463E-1,3.225479E-1,1.3205338E0,-5.5514187E-1,-1.4660569E-1,-9.336853E-1,1.5702744E-1,-1.1780802E-1,-3.7806194E-2],"categories":[],"categories_nodes":[],"categories_segments":[],"categories_sizes":[],"default_left":[0,0,0,0,0,0,0,0,0,0,0,0,0],"id":49,"left_children":[1,3,5,7,9,-1,-1,-1,-1,11,-1,-1,-1],"loss_changes":[3.6031265E2,3.577381E1,9.606995E0,2.7519226E-1,8.901297E0,0E0,0E0,0E0,0E0,2.335701E-1,0E0,0E0,0E0],"parents":[2147483647,0,0,1,1,2,2,3,3,4,4,9,9],"right_children":[2,4,6,8,10,-1,-1,-1,-1,12,-1,-1,-1],"split_conditions":[9.049202E-1,3.0041096E-1,1E0,2.0044668E-1,8.025351E-1,3.225479E-1,1.3205338E0,-5.5514187E-1,-1.4660569E-1,5.0060076E-1,1.5702744E-1,-1.1780802E-1,-3.7806194E-2],"split_indices":[0,0,0,0,0,0,0,0,0,0,0,0,0],"split_type":[0,0,0,0,0,0,0,0,0,0,0,0,0],"sum_hessian":[9E0,7E0,2E0,2E0,5E0,1E0,1E0,1E0,1E0,4E0,1E0,2E0,2E0],"tree_param":{"num_deleted":"0","num_feature":"2","num_nodes":"13","size_leaf_vector":"1"}},{"base_weights":[1.6511695E0,-1.8383589E0,1.0406189E1,-4.4443994E0,-2.2894542E-1,3.064209E-1,1.2545074E0,-5.273846E-1,-1.3927536E-1,-8.714386E-1,1.4917603E-1,-1.0995432E-1,-3.528544E-2],"categories":[],"categories_nodes":[],"categories_segments":[],"categories_sizes":[],"default_left":[0,0,0,0,0,0,0,0,0,0,0,0,0],"id":50,"left_children":[1,3,5,7,9,-1,-1,-1,-1,11,-1,-1,-1],"loss_changes":[3.246392E2,3.253605E1,8.670227E0,2.4835968E-1,7.9332275E0,0E0,0E0,0E0,0E0,2.0347881E-1,0E0,0E0,0E0],"parents":[2147483647,0,0,1,1,2,2,3,3,4,4,9,9],"right_children":[2,4,6,8,10,-1,-1,-1,-1,12,-1,-1,-1],"split_conditions":[9.049202E-1,3.0041096E-1,1E0,2.0044668E-1,8.025351E-1,3.064209E-1,1.2545074E0,-5.273846E-1,-1.3927536E-1,5.0060076E-1,1.4917603E-1,-1.0995432E-1,-3.528544E-2],"split_indices":[0,0,0,0,0,0,0,0,0,0,0,0,0],"split_type":[0,0,0,0,0,0,0,0,0,0,0,0,0],"sum_hessian":[9E0,7E0,2E0,2E0,5E0,1E0,1E0,1E0,1E0,4E0,1E0,2E0,2E0],"tree_param":{"num_deleted":"0","num_feature":"2","num_nodes":"13","size_leaf_vector":"1"}},{"base_weights":[1.5758705E0,-1.7373648E0,9.885875E0,-4.222181E0,-2.0539601E-1,2.9109955E-1,1.1917816E0,-5.010155E-1,-1.3231163E-1,-8.133453E-1,1.4171754E-1,-1.02624E-1,-3.2933556E-2],"categories":[],"categories_nodes":[],"categories_segments":[],"categories_sizes":[],"default_left":[0,0,0,0,0,0,0,0,0,0,0,0,0],"id":51,"left_children":[1,3,5,7,9,-1,-1,-1,-1,11,-1,-1,-1],"loss_changes":[2.9250537E2,2.958606E1,7.8249207E0,2.241478E-1,7.0712996E0,0E0,0E0,0E0,0E0,1.7723846E-1,0E0,0E0,0E0],"parents":[2147483647,0,0,1,1,2,2,3,3,4,4,9,9],"right_children":[2,4,6,8,10,-1,-1,-1,-1,12,-1,-1,-1],"split_conditions":[9.049202E-1,3.0041096E-1,1E0,2.0044668E-1,8.025351E-1,2.9109955E-1,1.1917816E0,-5.010155E-1,-1.3231163E-1,5.0060076E-1,1.4171754E-1,-1.02624E-1,-3.2933556E-2],"split_indices":[0,0,0,0,0,0,0,0,0,0,0,0,0],"split_type":[0,0,0,0,0,0,0,0,0,0,0,0,0],"sum_hessian":[9E0,7E0,2E0,2E0,5E0,1E0,1E0,1E0,1E0,4E0,1E0,2E0,2E0],"tree_param":{"num_deleted":"0","num_feature":"2","num_nodes":"13","size_leaf_vector":"1"}},{"base_weights":[1.5038528E0,-1.6420269E0,9.391582E0,-4.0110726E0,-1.8383281E-1,2.7654418E-1,1.132193E0,-4.7596475E-1,-1.2569618E-1,-7.5912476E-1,1.3463135E-1,-9.578247E-2,-3.0738322E-2],"categories":[],"categories_nodes":[],"categories_segments":[],"categories_sizes":[],"default_left":[0,0,0,0,0,0,0,0,0,0,0,0,0],"id":52,"left_children":[1,3,5,7,9,-1,-1,-1,-1,11,-1,-1,-1],"loss_changes":[2.6355966E2,2.689886E1,7.0621643E0,2.0227814E-1,6.3037047E0,0E0,0E0,0E0,0E0,1.5438557E-1,0E0,0E0,0E0],"parents":[2147483647,0,0,1,1,2,2,3,3,4,4,9,9],"right_children":[2,4,6,8,10,-1,-1,-1,-1,12,-1,-1,-1],"split_conditions":[9.049202E-1,3.0041096E-1,1E0,2.0044668E-1,8.025351E-1,2.7654418E-1,1.132193E0,-4.7596475E-1,-1.2569618E-1,5.0060076E-1,1.3463135E-1,-9.578247E-2,-3.0738322E-2],"split_indices":[0,0,0,0,0,0,0,0,0,0,0,0,0],"split_type":[0,0,0,0,0,0,0,0,0,0,0,0,0],"sum_hessian":[9E0,7E0,2E0,2E0,5E0,1E0,1E0,1E0,1E0,4E0,1E0,2E0,2E0],"tree_param":{"num_deleted":"0","num_feature":"2","num_nodes":"13","size_leaf_vector":"1"}},{"base_weights":[1.434983E0,-1.5520201E0,8.921997E0,-3.810519E0,-1.6410065E-1,2.6271668E-1,1.0755829E0,-4.5216638E-1,-1.1941147E-1,-7.0852053E-1,1.2789993E-1,-8.939718E-2,-2.8689576E-2],"categories":[],"categories_nodes":[],"categories_segments":[],"categories_sizes":[],"default_left":[0,0,0,0,0,0,0,0,0,0,0,0,0],"id":53,"left_children":[1,3,5,7,9,-1,-1,-1,-1,11,-1,-1,-1],"loss_changes":[2.3748447E2,2.445161E1,6.3736267E0,1.8253708E-1,5.6201105E0,0E0,0E0,0E0,0E0,1.3447762E-1,0E0,0E0,0E0],"parents":[2147483647,0,0,1,1,2,2,3,3,4,4,9,9],"right_children":[2,4,6,8,10,-1,-1,-1,-1,12,-1,-1,-1],"split_conditions":[9.049202E-1,3.0041096E-1,1E0,2.0044668E-1,8.025351E-1,2.6271668E-1,1.0755829E0,-4.5216638E-1,-1.1941147E-1,5.0060076E-1,1.2789993E-1,-8.939718E-2,-2.8689576E-2],"split_indices":[0,0,0,0,0,0,0,0,0,0,0,0,0],"split_type":[0,0,0,0,0,0,0,0,0,0,0,0,0],"sum_hessian":[9E0,7E0,2E0,2E0,5E0,1E0,1E0,1E0,1E0,4E0,1E0,2E0,2E0],"tree_param":{"num_deleted":"0","num_feature":"2","num_nodes":"13","size_leaf_vector":"1"}},{"base_weights":[1.3691353E0,-1.4670401E0,8.475891E0,-3.6199925E0,-1.4605713E-1,2.4958038E-1,1.0218033E0,-4.295582E-1,-1.1344071E-1,-6.6128844E-1,1.2150498E-1,-8.343761E-2,-2.6777139E-2],"categories":[],"categories_nodes":[],"categories_segments":[],"categories_sizes":[],"default_left":[0,0,0,0,0,0,0,0,0,0,0,0,0],"id":54,"left_children":[1,3,5,7,9,-1,-1,-1,-1,11,-1,-1,-1],"loss_changes":[2.1399454E2,2.222338E1,5.7522583E0,1.647644E-1,5.011208E0,0E0,0E0,0E0,0E0,1.1714268E-1,0E0,0E0,0E0],"parents":[2147483647,0,0,1,1,2,2,3,3,4,4,9,9],"right_children":[2,4,6,8,10,-1,-1,-1,-1,12,-1,-1,-1],"split_conditions":[9.049202E-1,3.0041096E-1,1E0,2.0044668E-1,8.025351E-1,2.4958038E-1,1.0218033E0,-4.295582E-1,-1.1344071E-1,5.0060076E-1,1.2150498E-1,-8.343761E-2,-2.6777139E-2],"split_indices":[0,0,0,0,0,0,0,0,0,0,0,0,0],"split_type":[0,0,0,0,0,0,0,0,0,0,0,0,0],"sum_hessian":[9E0,7E0,2E0,2E0,5E0,1E0,1E0,1E0,1E0,4E0,1E0,2E0,2E0],"tree_param":{"num_deleted":"0","num_feature":"2","num_nodes":"13","size_leaf_vector":"1"}},{"base_weights":[1.3061912E0,-1.3867998E0,8.052104E0,-3.4389927E0,-1.2957E-1,2.3710175E-1,9.707138E-1,-4.080803E-1,-1.0776863E-1,-6.1720276E-1,1.1542969E-1,-7.7875264E-2,-2.4991862E-2],"categories":[],"categories_nodes":[],"categories_segments":[],"categories_sizes":[],"default_left":[0,0,0,0,0,0,0,0,0,0,0,0,0],"id":55,"left_children":[1,3,5,7,9,-1,-1,-1,-1,11,-1,-1,-1],"loss_changes":[1.9283347E2,2.0195036E1,5.1914062E0,1.4870453E-1,4.4687686E0,0E0,0E0,0E0,0E0,1.02048874E-1,0E0,0E0,0E0],"parents":[2147483647,0,0,1,1,2,2,3,3,4,4,9,9],"right_children":[2,4,6,8,10,-1,-1,-1,-1,12,-1,-1,-1],"split_conditions":[9.049202E-1,3.0041096E-1,1E0,2.0044668E-1,8.025351E-1,2.3710175E-1,9.707138E-1,-4.080803E-1,-1.0776863E-1,5.0060076E-1,1.1542969E-1,-7.7875264E-2,-2.4991862E-2],"split_indices":[0,0,0,0,0,0,0,0,0,0,0,0,0],"split_type":[0,0,0,0,0,0,0,0,0,0,0,0,0],"sum_hessian":[9E0,7E0,2E0,2E0,5E0,1E0,1E0,1E0,1E0,4E0,1E0,2E0,2E0],"tree_param":{"num_deleted":"0","num_feature":"2","num_nodes":"13","size_leaf_vector":"1"}},{"base_weights":[1.2460266E0,-1.3110313E0,7.6495056E0,-3.267044E0,-1.1451975E-1,2.2524719E-1,9.221787E-1,-3.8767624E-1,-1.0238037E-1,-5.760559E-1,1.09658055E-1,-6.546211E-2,-1.3089753E-2],"categories":[],"categories_nodes":[],"categories_segments":[],"categories_sizes":[],"default_left":[0,0,0,0,0,0,0,0,0,0,0,0,0],"id":56,"left_children":[1,3,5,7,9,-1,-1,-1,-1,11,-1,-1,-1],"loss_changes":[1.7376941E2,1.8348997E1,4.68515E0,1.341896E-1,3.9854908E0,0E0,0E0,0E0,0E0,8.918166E-2,0E0,0E0,0E0],"parents":[2147483647,0,0,1,1,2,2,3,3,4,4,9,9],"right_children":[2,4,6,8,10,-1,-1,-1,-1,12,-1,-1,-1],"split_conditions":[9.049202E-1,3.0041096E-1,1E0,2.0044668E-1,8.025351E-1,2.2524719E-1,9.221787E-1,-3.8767624E-1,-1.0238037E-1,6.0021967E-1,1.09658055E-1,-6.546211E-2,-1.3089753E-2],"split_indices":[0,0,0,0,0,0,0,0,0,0,0,0,0],"split_type":[0,0,0,0,0,0,0,0,0,0,0,0,0],"sum_hessian":[9E0,7E0,2E0,2E0,5E0,1E0,1E0,1E0,1E0,4E0,1E0,3E0,1E0],"tree_param":{"num_deleted":"0","num_feature":"2","num_nodes":"13","size_leaf_vector":"1"}},{"base_weights":[1.1902702E0,-1.237298E0,7.267029E0,-2.6843548E0,1.6780701E-1,2.1398468E-1,8.7606966E-1,-3.6829224E-1,-1.1238581E-1,-3.1111527E-2,1.0417481E-1],"categories":[],"categories_nodes":[],"categories_segments":[],"categories_sizes":[],"default_left":[0,0,0,0,0,0,0,0,0,0,0],"id":57,"left_children":[1,3,5,7,9,-1,-1,-1,-1,-1,-1],"loss_changes":[1.5650894E2,1.6716587E1,4.228363E0,2.0939636E0,2.4168527E0,0E0,0E0,0E0,0E0,0E0,0E0],"parents":[2147483647,0,0,1,1,2,2,3,3,4,4],"right_children":[2,4,6,8,10,-1,-1,-1,-1,-1,-1],"split_conditions":[9.049202E-1,4.013155E-1,1E0,2.0044668E-1,8.025351E-1,2.1398468E-1,8.7606966E-1,-3.6829224E-1,-1.1238581E-1,-3.1111527E-2,1.0417481E-1],"split_indices":[0,0,0,0,0,0,0,0,0,0,0],"split_type":[0,0,0,0,0,0,0,0,0,0,0],"sum_hessian":[9E0,7E0,2E0,3E0,4E0,1E0,1E0,1E0,2E0,3E0,1E0],"tree_param":{"num_deleted":"0","num_feature":"2","num_nodes":"11","size_leaf_vector":"1"}},{"base_weights":[1.1394882E0,-1.1645184E0,6.9036765E0,-2.9434636E0,-8.095932E-2,2.0328522E-1,8.322663E-1,-3.4987757E-1,-9.1642E-2,-4.9301606E-1,9.896622E-2,-6.353633E-2,-1.8633015E-2],"categories":[],"categories_nodes":[],"categories_segments":[],"categories_sizes":[],"default_left":[0,0,0,0,0,0,0,0,0,0,0,0,0],"id":58,"left_children":[1,3,5,7,9,-1,-1,-1,-1,11,-1,-1,-1],"loss_changes":[1.4084673E2,1.5182438E1,3.8161469E0,1.705761E-1,3.1348603E0,0E0,0E0,0E0,0E0,9.989202E-2,0E0,0E0,0E0],"parents":[2147483647,0,0,1,1,2,2,3,3,4,4,9,9],"right_children":[2,4,6,8,10,-1,-1,-1,-1,12,-1,-1,-1],"split_conditions":[9.049202E-1,3.0041096E-1,1E0,2.0044668E-1,8.025351E-1,2.0328522E-1,8.322663E-1,-3.4987757E-1,-9.1642E-2,5.0060076E-1,9.896622E-2,-6.353633E-2,-1.8633015E-2],"split_indices":[0,0,0,0,0,0,0,0,0,0,0,0,0],"split_type":[0,0,0,0,0,0,0,0,0,0,0,0,0],"sum_hessian":[9E0,7E0,2E0,2E0,5E0,1E0,1E0,1E0,1E0,4E0,1E0,2E0,2E0],"tree_param":{"num_deleted":"0","num_feature":"2","num_nodes":"13","size_leaf_vector":"1"}},{"base_weights":[1.0866219E0,-1.1011572E0,6.558492E0,-2.7962902E0,-7.0064545E-2,1.9312134E-1,7.9065245E-1,-3.3238372E-1,-8.705979E-2,-4.6014863E-1,9.4017796E-2,-5.930049E-2,-1.739095E-2],"categories":[],"categories_nodes":[],"categories_segments":[],"categories_sizes":[],"default_left":[0,0,0,0,0,0,0,0,0,0,0,0,0],"id":59,"left_children":[1,3,5,7,9,-1,-1,-1,-1,11,-1,-1,-1],"loss_changes":[1.26934364E2,1.3786794E1,3.443985E0,1.5395355E-1,2.7970986E0,0E0,0E0,0E0,0E0,8.701408E-2,0E0,0E0,0E0],"parents":[2147483647,0,0,1,1,2,2,3,3,4,4,9,9],"right_children":[2,4,6,8,10,-1,-1,-1,-1,12,-1,-1,-1],"split_conditions":[9.049202E-1,3.0041096E-1,1E0,2.0044668E-1,8.025351E-1,1.9312134E-1,7.9065245E-1,-3.3238372E-1,-8.705979E-2,5.0060076E-1,9.4017796E-2,-5.930049E-2,-1.739095E-2],"split_indices":[0,0,0,0,0,0,0,0,0,0,0,0,0],"split_type":[0,0,0,0,0,0,0,0,0,0,0,0,0],"sum_hessian":[9E0,7E0,2E0,2E0,5E0,1E0,1E0,1E0,1E0,4E0,1E0,2E0,2E0],"tree_param":{"num_deleted":"0","num_feature":"2","num_nodes":"13","size_leaf_vector":"1"}},{"base_weights":[1.0361267E0,-1.0413055E0,6.2305703E0,-2.6564763E0,-6.016922E-2,1.8346559E-1,7.5112003E-1,-3.1576464E-1,-8.270683E-2,-4.294693E-1,8.931656E-2,-5.5346936E-2,-1.6231282E-2],"categories":[],"categories_nodes":[],"categories_segments":[],"categories_sizes":[],"default_left":[0,0,0,0,0,0,0,0,0,0,0,0,0],"id":60,"left_children":[1,3,5,7,9,-1,-1,-1,-1,11,-1,-1,-1],"loss_changes":[1.1439897E2,1.2517784E1,3.1081543E0,1.3894463E-1,2.4959867E0,0E0,0E0,0E0,0E0,7.580191E-2,0E0,0E0,0E0],"parents":[2147483647,0,0,1,1,2,2,3,3,4,4,9,9],"right_children":[2,4,6,8,10,-1,-1,-1,-1,12,-1,-1,-1],"split_conditions":[9.049202E-1,3.0041096E-1,1E0,2.0044668E-1,8.025351E-1,1.8346559E-1,7.5112003E-1,-3.1576464E-1,-8.270683E-2,5.0060076E-1,8.931656E-2,-5.5346936E-2,-1.6231282E-2],"split_indices":[0,0,0,0,0,0,0,0,0,0,0,0,0],"split_type":[0,0,0,0,0,0,0,0,0,0,0,0,0],"sum_hessian":[9E0,7E0,2E0,2E0,5E0,1E0,1E0,1E0,1E0,4E0,1E0,2E0,2E0],"tree_param":{"num_deleted":"0","num_feature":"2","num_nodes":"13","size_leaf_vector":"1"}},{"base_weights":[9.87899E-1,-9.8476505E-1,5.919037E0,-2.5236511E0,-5.1194508E-2,1.74292E-1,7.1356356E-1,-2.9997635E-1,-7.857132E-2,-4.0083772E-1,8.485108E-2,-5.165736E-2,-1.5148926E-2],"categories":[],"categories_nodes":[],"categories_segments":[],"categories_sizes":[],"default_left":[0,0,0,0,0,0,0,0,0,0,0,0,0],"id":61,"left_children":[1,3,5,7,9,-1,-1,-1,-1,11,-1,-1,-1],"loss_changes":[1.0310364E2,1.1364074E1,2.8051376E0,1.2540627E-1,2.2275698E0,0E0,0E0,0E0,0E0,6.603742E-2,0E0,0E0,0E0],"parents":[2147483647,0,0,1,1,2,2,3,3,4,4,9,9],"right_children":[2,4,6,8,10,-1,-1,-1,-1,12,-1,-1,-1],"split_conditions":[9.049202E-1,3.0041096E-1,1E0,2.0044668E-1,8.025351E-1,1.74292E-1,7.1356356E-1,-2.9997635E-1,-7.857132E-2,5.0060076E-1,8.485108E-2,-5.165736E-2,-1.5148926E-2],"split_indices":[0,0,0,0,0,0,0,0,0,0,0,0,0],"split_type":[0,0,0,0,0,0,0,0,0,0,0,0,0],"sum_hessian":[9E0,7E0,2E0,2E0,5E0,1E0,1E0,1E0,1E0,4E0,1E0,2E0,2E0],"tree_param":{"num_deleted":"0","num_feature":"2","num_nodes":"13","size_leaf_vector":"1"}},{"base_weights":[9.418453E-1,-9.313512E-1,5.6230874E0,-2.069131E0,1.6514282E-1,1.655777E-1,6.778855E-1,-2.8497753E-1,-8.58991E-2,-1.9661332E-2,8.060837E-2],"categories":[],"categories_nodes":[],"categories_segments":[],"categories_sizes":[],"default_left":[0,0,0,0,0,0,0,0,0,0,0],"id":62,"left_children":[1,3,5,7,9,-1,-1,-1,-1,-1,-1],"loss_changes":[9.2925934E1,1.032225E1,2.5315857E0,1.3308258E0,1.3178083E0,0E0,0E0,0E0,0E0,0E0,0E0],"parents":[2147483647,0,0,1,1,2,2,3,3,4,4],"right_children":[2,4,6,8,10,-1,-1,-1,-1,-1,-1],"split_conditions":[9.049202E-1,4.013155E-1,1E0,2.0044668E-1,8.025351E-1,1.655777E-1,6.778855E-1,-2.8497753E-1,-8.58991E-2,-1.9661332E-2,8.060837E-2],"split_indices":[0,0,0,0,0,0,0,0,0,0,0],"split_type":[0,0,0,0,0,0,0,0,0,0,0],"sum_hessian":[9E0,7E0,2E0,3E0,4E0,1E0,1E0,1E0,2E0,3E0,1E0],"tree_param":{"num_deleted":"0","num_feature":"2","num_nodes":"11","size_leaf_vector":"1"}},{"base_weights":[9.01014E-1,-8.76956E-1,5.341929E0,-2.2738445E0,-3.2352448E-2,1.5729828E-1,6.439911E-1,-2.7072868E-1,-7.034798E-2,-3.4513396E-1,7.657776E-2,-4.4694774E-2,-1.2827556E-2],"categories":[],"categories_nodes":[],"categories_segments":[],"categories_sizes":[],"default_left":[0,0,0,0,0,0,0,0,0,0,0,0,0],"id":63,"left_children":[1,3,5,7,9,-1,-1,-1,-1,11,-1,-1,-1],"loss_changes":[8.364277E1,9.36497E0,2.2848358E0,1.3746643E-1,1.7621378E0,0E0,0E0,0E0,0E0,5.3063393E-2,0E0,0E0,0E0],"parents":[2147483647,0,0,1,1,2,2,3,3,4,4,9,9],"right_children":[2,4,6,8,10,-1,-1,-1,-1,12,-1,-1,-1],"split_conditions":[9.049202E-1,3.0041096E-1,1E0,2.0044668E-1,8.025351E-1,1.5729828E-1,6.439911E-1,-2.7072868E-1,-7.034798E-2,5.0060076E-1,7.657776E-2,-4.4694774E-2,-1.2827556E-2],"split_indices":[0,0,0,0,0,0,0,0,0,0,0,0,0],"split_type":[0,0,0,0,0,0,0,0,0,0,0,0,0],"sum_hessian":[9E0,7E0,2E0,2E0,5E0,1E0,1E0,1E0,1E0,4E0,1E0,2E0,2E0],"tree_param":{"num_deleted":"0","num_feature":"2","num_nodes":"13","size_leaf_vector":"1"}},{"base_weights":[8.588417E-1,-8.295126E-1,5.074839E0,-2.1601512E0,-2.5941214E-2,1.494339E-1,6.11792E-1,-2.5719222E-1,-6.683045E-2,-3.221237E-1,7.2748564E-2,-4.1715242E-2,-1.1972046E-2],"categories":[],"categories_nodes":[],"categories_segments":[],"categories_sizes":[],"default_left":[0,0,0,0,0,0,0,0,0,0,0,0,0],"id":64,"left_children":[1,3,5,7,9,-1,-1,-1,-1,11,-1,-1,-1],"loss_changes":[7.5390625E1,8.498068E0,2.0619965E0,1.2407112E-1,1.5732514E0,0E0,0E0,0E0,0E0,4.6228945E-2,0E0,0E0,0E0],"parents":[2147483647,0,0,1,1,2,2,3,3,4,4,9,9],"right_children":[2,4,6,8,10,-1,-1,-1,-1,12,-1,-1,-1],"split_conditions":[9.049202E-1,3.0041096E-1,1E0,2.0044668E-1,8.025351E-1,1.494339E-1,6.11792E-1,-2.5719222E-1,-6.683045E-2,5.0060076E-1,7.2748564E-2,-4.1715242E-2,-1.1972046E-2],"split_indices":[0,0,0,0,0,0,0,0,0,0,0,0,0],"split_type":[0,0,0,0,0,0,0,0,0,0,0,0,0],"sum_hessian":[9E0,7E0,2E0,2E0,5E0,1E0,1E0,1E0,1E0,4E0,1E0,2E0,2E0],"tree_param":{"num_deleted":"0","num_feature":"2","num_nodes":"13","size_leaf_vector":"1"}},{"base_weights":[8.185848E-1,-7.846799E-1,4.821096E0,-2.052143E0,-2.0168304E-2,1.4196168E-1,5.812027E-1,-2.443327E-1,-6.3488774E-2,-3.0064544E-1,6.911087E-2,-4.559021E-2,-1.4785576E-2],"categories":[],"categories_nodes":[],"categories_segments":[],"categories_sizes":[],"default_left":[0,0,0,0,0,0,0,0,0,0,0,0,0],"id":65,"left_children":[1,3,5,7,9,-1,-1,-1,-1,11,-1,-1,-1],"loss_changes":[6.795386E1,7.710534E0,1.8610535E0,1.1198425E-1,1.4047604E0,0E0,0E0,0E0,0E0,5.120033E-2,0E0,0E0,0E0],"parents":[2147483647,0,0,1,1,2,2,3,3,4,4,9,9],"right_children":[2,4,6,8,10,-1,-1,-1,-1,12,-1,-1,-1],"split_conditions":[9.049202E-1,3.0041096E-1,1E0,2.0044668E-1,8.025351E-1,1.4196168E-1,5.812027E-1,-2.443327E-1,-6.3488774E-2,4.013155E-1,6.911087E-2,-4.559021E-2,-1.4785576E-2],"split_indices":[0,0,0,0,0,0,0,0,0,0,0,0,0],"split_type":[0,0,0,0,0,0,0,0,0,0,0,0,0],"sum_hessian":[9E0,7E0,2E0,2E0,5E0,1E0,1E0,1E0,1E0,4E0,1E0,1E0,3E0],"tree_param":{"num_deleted":"0","num_feature":"2","num_nodes":"13","size_leaf_vector":"1"}},{"base_weights":[7.79134E-1,-7.4359655E-1,4.5800376E0,-1.9495354E0,-1.6694387E-2,1.3486329E-1,5.521423E-1,-2.3211613E-1,-6.031418E-2,-2.8265533E-1,6.565552E-2,-4.331055E-2,-1.3676643E-2],"categories":[],"categories_nodes":[],"categories_segments":[],"categories_sizes":[],"default_left":[0,0,0,0,0,0,0,0,0,0,0,0,0],"id":66,"left_children":[1,3,5,7,9,-1,-1,-1,-1,11,-1,-1,-1],"loss_changes":[6.1283215E1,6.9802494E0,1.6796303E0,1.0107517E-1,1.2599273E0,0E0,0E0,0E0,0E0,5.0510734E-2,0E0,0E0,0E0],"parents":[2147483647,0,0,1,1,2,2,3,3,4,4,9,9],"right_children":[2,4,6,8,10,-1,-1,-1,-1,12,-1,-1,-1],"split_conditions":[9.049202E-1,3.0041096E-1,1E0,2.0044668E-1,8.025351E-1,1.3486329E-1,5.521423E-1,-2.3211613E-1,-6.031418E-2,4.013155E-1,6.565552E-2,-4.331055E-2,-1.3676643E-2],"split_indices":[0,0,0,0,0,0,0,0,0,0,0,0,0],"split_type":[0,0,0,0,0,0,0,0,0,0,0,0,0],"sum_hessian":[9E0,7E0,2E0,2E0,5E0,1E0,1E0,1E0,1E0,4E0,1E0,1E0,3E0],"tree_param":{"num_deleted":"0","num_feature":"2","num_nodes":"13","size_leaf_vector":"1"}},{"base_weights":[7.4154395E-1,-7.047076E-1,4.3510337E0,-1.8520571E0,-1.35815935E-2,1.2812042E-1,5.2453464E-1,-2.2051029E-1,-5.729828E-2,-2.6578826E-1,6.237259E-2,-4.1144945E-2,-1.2651062E-1,-1.4293416E-2,-3.8619996E-3],"categories":[],"categories_nodes":[],"categories_segments":[],"categories_sizes":[],"default_left":[0,0,0,0,0,0,0,0,0,0,0,0,0,0,0],"id":67,"left_children":[1,3,5,7,9,-1,-1,-1,-1,11,-1,-1,13,-1,-1],"loss_changes":[5.526851E1,6.3185515E0,1.5158005E0,9.1228485E-2,1.1301782E0,0E0,0E0,0E0,0E0,4.9383968E-2,0E0,0E0,2.5378913E-4,0E0,0E0],"parents":[2147483647,0,0,1,1,2,2,3,3,4,4,9,9,12,12],"right_children":[2,4,6,8,10,-1,-1,-1,-1,12,-1,-1,14,-1,-1],"split_conditions":[9.049202E-1,3.0041096E-1,1E0,2.0044668E-1,8.025351E-1,1.2812042E-1,5.2453464E-1,-2.2051029E-1,-5.729828E-2,4.013155E-1,6.237259E-2,-4.1144945E-2,6.0021967E-1,-1.4293416E-2,-3.8619996E-3],"split_indices":[0,0,0,0,0,0,0,0,0,0,0,0,0,0,0],"split_type":[0,0,0,0,0,0,0,0,0,0,0,0,0,0,0],"sum_hessian":[9E0,7E0,2E0,2E0,5E0,1E0,1E0,1E0,1E0,4E0,1E0,1E0,3E0,2E0,1E0],"tree_param":{"num_deleted":"0","num_feature":"2","num_nodes":"15","size_leaf_vector":"1"}},{"base_weights":[7.051811E-1,-6.6858006E-1,4.133484E0,-1.7594553E0,-1.1712392E-2,1.21714786E-1,4.983078E-1,-2.0948486E-1,-5.4433443E-2,-2.5106964E-1,5.9253693E-2,-3.908768E-2,-1.1839867E-1,-1.3340505E-2,-3.6689758E-3],"categories":[],"categories_nodes":[],"categories_segments":[],"categories_sizes":[],"default_left":[0,0,0,0,0,0,0,0,0,0,0,0,0,0,0],"id":68,"left_children":[1,3,5,7,9,-1,-1,-1,-1,11,-1,-1,13,-1,-1],"loss_changes":[4.9860252E1,5.711878E0,1.3679657E0,8.233261E-2,1.0165566E0,0E0,0E0,0E0,0E0,4.6462446E-2,0E0,0E0,1.0024756E-5,0E0,0E0],"parents":[2147483647,0,0,1,1,2,2,3,3,4,4,9,9,12,12],"right_children":[2,4,6,8,10,-1,-1,-1,-1,12,-1,-1,14,-1,-1],"split_conditions":[9.049202E-1,3.0041096E-1,1E0,2.0044668E-1,8.025351E-1,1.21714786E-1,4.983078E-1,-2.0948486E-1,-5.4433443E-2,4.013155E-1,5.9253693E-2,-3.908768E-2,6.0021967E-1,-1.3340505E-2,-3.6689758E-3],"split_indices":[0,0,0,0,0,0,0,0,0,0,0,0,0,0,0],"split_type":[0,0,0,0,0,0,0,0,0,0,0,0,0,0,0],"sum_hessian":[9E0,7E0,2E0,2E0,5E0,1E0,1E0,1E0,1E0,4E0,1E0,1E0,3E0,2E0,1E0],"tree_param":{"num_deleted":"0","num_feature":"2","num_nodes":"15","size_leaf_vector":"1"}},{"base_weights":[6.705883E-1,-6.343179E-1,3.9268086E0,-1.6714821E0,-1.0016124E-2,1.15629576E-1,4.7339174E-1,-1.9901066E-1,-5.1711656E-2,-2.3718414E-1,5.62912E-2,-3.7133407E-2,-1.1081315E-2],"categories":[],"categories_nodes":[],"categories_segments":[],"categories_sizes":[],"default_left":[0,0,0,0,0,0,0,0,0,0,0,0,0],"id":69,"left_children":[1,3,5,7,9,-1,-1,-1,-1,11,-1,-1,-1],"loss_changes":[4.4981464E1,5.1632853E0,1.2345085E0,7.431126E-2,9.144195E-1,0E0,0E0,0E0,0E0,4.3614626E-2,0E0,0E0,0E0],"parents":[2147483647,0,0,1,1,2,2,3,3,4,4,9,9],"right_children":[2,4,6,8,10,-1,-1,-1,-1,12,-1,-1,-1],"split_conditions":[9.049202E-1,3.0041096E-1,1E0,2.0044668E-1,8.025351E-1,1.15629576E-1,4.7339174E-1,-1.9901066E-1,-5.1711656E-2,4.013155E-1,5.62912E-2,-3.7133407E-2,-1.1081315E-2],"split_indices":[0,0,0,0,0,0,0,0,0,0,0,0,0],"split_type":[0,0,0,0,0,0,0,0,0,0,0,0,0],"sum_hessian":[9E0,7E0,2E0,2E0,5E0,1E0,1E0,1E0,1E0,4E0,1E0,1E0,3E0],"tree_param":{"num_deleted":"0","num_feature":"2","num_nodes":"13","size_leaf_vector":"1"}},{"base_weights":[6.3816607E-1,-6.012182E-1,3.7304688E0,-1.3673153E0,1.3190308E-1,1.0984802E-1,4.497223E-1,-1.8906021E-1,-5.626857E-2,-1.0250473E-1,5.3476717E-2,-1.1712647E-2,-2.9319765E-3],"categories":[],"categories_nodes":[],"categories_segments":[],"categories_sizes":[],"default_left":[0,0,0,0,0,0,0,0,0,0,0,0,0],"id":70,"left_children":[1,3,5,7,9,-1,-1,-1,-1,11,-1,-1,-1],"loss_changes":[4.056834E1,4.6734896E0,1.1141548E0,6.2039423E-1,5.269886E-1,0E0,0E0,0E0,0E0,8.462444E-4,0E0,0E0,0E0],"parents":[2147483647,0,0,1,1,2,2,3,3,4,4,9,9],"right_children":[2,4,6,8,10,-1,-1,-1,-1,12,-1,-1,-1],"split_conditions":[9.049202E-1,4.013155E-1,1E0,2.0044668E-1,8.025351E-1,1.0984802E-1,4.497223E-1,-1.8906021E-1,-5.626857E-2,6.0021967E-1,5.3476717E-2,-1.1712647E-2,-2.9319765E-3],"split_indices":[0,0,0,0,0,0,0,0,0,0,0,0,0],"split_type":[0,0,0,0,0,0,0,0,0,0,0,0,0],"sum_hessian":[9E0,7E0,2E0,3E0,4E0,1E0,1E0,1E0,2E0,3E0,1E0,2E0,1E0],"tree_param":{"num_deleted":"0","num_feature":"2","num_nodes":"13","size_leaf_vector":"1"}},{"base_weights":[6.0965616E-1,-5.669093E-1,3.5439453E0,-1.5061327E0,-2.8127034E-3,1.0435486E-1,4.2723694E-1,-1.796072E-1,-4.6312716E-2,-2.0658569E-1,5.0802615E-2,-3.2463457E-2,-9.591484E-2,-1.0931651E-2,-2.785492E-3],"categories":[],"categories_nodes":[],"categories_segments":[],"categories_sizes":[],"default_left":[0,0,0,0,0,0,0,0,0,0,0,0,0,0,0],"id":71,"left_children":[1,3,5,7,9,-1,-1,-1,-1,11,-1,-1,13,-1,-1],"loss_changes":[3.6532932E1,4.234266E0,1.005619E0,7.541561E-2,7.2952193E-1,0E0,0E0,0E0,0E0,3.418556E-2,0E0,0E0,6.034635E-4,0E0,0E0],"parents":[2147483647,0,0,1,1,2,2,3,3,4,4,9,9,12,12],"right_children":[2,4,6,8,10,-1,-1,-1,-1,12,-1,-1,14,-1,-1],"split_conditions":[9.049202E-1,3.0041096E-1,1E0,2.0044668E-1,8.025351E-1,1.0435486E-1,4.2723694E-1,-1.796072E-1,-4.6312716E-2,4.013155E-1,5.0802615E-2,-3.2463457E-2,6.0021967E-1,-1.0931651E-2,-2.785492E-3],"split_indices":[0,0,0,0,0,0,0,0,0,0,0,0,0,0,0],"split_type":[0,0,0,0,0,0,0,0,0,0,0,0,0,0,0],"sum_hessian":[9E0,7E0,2E0,2E0,5E0,1E0,1E0,1E0,1E0,4E0,1E0,1E0,3E0,2E0,1E0],"tree_param":{"num_deleted":"0","num_feature":"2","num_nodes":"15","size_leaf_vector":"1"}},{"base_weights":[5.797165E-1,-5.3788185E-1,3.36674E0,-1.4308268E0,-1.7623901E-3,9.913635E-2,4.0587464E-1,-1.7062683E-1,-4.3997195E-2,-1.9516297E-1,4.8262026E-2,-3.0840302E-2,-8.97522E-2,-1.0203044E-2,-2.6458742E-3],"categories":[],"categories_nodes":[],"categories_segments":[],"categories_sizes":[],"default_left":[0,0,0,0,0,0,0,0,0,0,0,0,0,0,0],"id":72,"left_children":[1,3,5,7,9,-1,-1,-1,-1,11,-1,-1,13,-1,-1],"loss_changes":[3.2958633E1,3.8272796E0,9.0763474E-1,6.805754E-2,6.5626884E-1,0E0,0E0,0E0,0E0,3.200376E-2,0E0,0E0,4.0892884E-4,0E0,0E0],"parents":[2147483647,0,0,1,1,2,2,3,3,4,4,9,9,12,12],"right_children":[2,4,6,8,10,-1,-1,-1,-1,12,-1,-1,14,-1,-1],"split_conditions":[9.049202E-1,3.0041096E-1,1E0,2.0044668E-1,8.025351E-1,9.913635E-2,4.0587464E-1,-1.7062683E-1,-4.3997195E-2,4.013155E-1,4.8262026E-2,-3.0840302E-2,6.0021967E-1,-1.0203044E-2,-2.6458742E-3],"split_indices":[0,0,0,0,0,0,0,0,0,0,0,0,0,0,0],"split_type":[0,0,0,0,0,0,0,0,0,0,0,0,0,0,0],"sum_hessian":[9E0,7E0,2E0,2E0,5E0,1E0,1E0,1E0,1E0,4E0,1E0,1E0,3E0,2E0,1E0],"tree_param":{"num_deleted":"0","num_feature":"2","num_nodes":"15","size_leaf_vector":"1"}},{"base_weights":[5.512425E-1,-5.103488E-1,3.198405E0,-1.3592848E0,-8.2270306E-4,9.41803E-2,3.8558045E-1,-1.6209546E-1,-4.1797258E-2,-1.8438569E-1,4.584961E-2,-2.92984E-2,-8.39901E-2,-9.522757E-3,-2.5138855E-3],"categories":[],"categories_nodes":[],"categories_segments":[],"categories_sizes":[],"default_left":[0,0,0,0,0,0,0,0,0,0,0,0,0,0,0],"id":73,"left_children":[1,3,5,7,9,-1,-1,-1,-1,11,-1,-1,13,-1,-1],"loss_changes":[2.9734346E1,3.459322E0,8.1905746E-1,6.1424255E-2,5.904237E-1,0E0,0E0,0E0,0E0,2.9906213E-2,0E0,0E0,2.514422E-4,0E0,0E0],"parents":[2147483647,0,0,1,1,2,2,3,3,4,4,9,9,12,12],"right_children":[2,4,6,8,10,-1,-1,-1,-1,12,-1,-1,14,-1,-1],"split_conditions":[9.049202E-1,3.0041096E-1,1E0,2.0044668E-1,8.025351E-1,9.41803E-2,3.8558045E-1,-1.6209546E-1,-4.1797258E-2,4.013155E-1,4.584961E-2,-2.92984E-2,6.0021967E-1,-9.522757E-3,-2.5138855E-3],"split_indices":[0,0,0,0,0,0,0,0,0,0,0,0,0,0,0],"split_type":[0,0,0,0,0,0,0,0,0,0,0,0,0,0,0],"sum_hessian":[9E0,7E0,2E0,2E0,5E0,1E0,1E0,1E0,1E0,4E0,1E0,1E0,3E0,2E0,1E0],"tree_param":{"num_deleted":"0","num_feature":"2","num_nodes":"15","size_leaf_vector":"1"}},{"base_weights":[5.241596E-1,-4.842353E-1,3.038493E0,-1.2913221E0,1.3987224E-5,8.947144E-2,3.663025E-1,-1.5399075E-1,-3.9707568E-2,-1.7421417E-1,4.355774E-2,-2.7833557E-2,-7.859993E-2,-8.88799E-3,-2.3880005E-3],"categories":[],"categories_nodes":[],"categories_segments":[],"categories_sizes":[],"default_left":[0,0,0,0,0,0,0,0,0,0,0,0,0,0,0],"id":74,"left_children":[1,3,5,7,9,-1,-1,-1,-1,11,-1,-1,13,-1,-1],"loss_changes":[2.6825754E1,3.1266677E0,7.3921394E-1,5.5429935E-2,5.312082E-1,0E0,0E0,0E0,0E0,2.7900279E-2,0E0,0E0,1.2762472E-4,0E0,0E0],"parents":[2147483647,0,0,1,1,2,2,3,3,4,4,9,9,12,12],"right_children":[2,4,6,8,10,-1,-1,-1,-1,12,-1,-1,14,-1,-1],"split_conditions":[9.049202E-1,3.0041096E-1,1E0,2.0044668E-1,8.025351E-1,8.947144E-2,3.663025E-1,-1.5399075E-1,-3.9707568E-2,4.013155E-1,4.355774E-2,-2.7833557E-2,6.0021967E-1,-8.88799E-3,-2.3880005E-3],"split_indices":[0,0,0,0,0,0,0,0,0,0,0,0,0,0,0],"split_type":[0,0,0,0,0,0,0,0,0,0,0,0,0,0,0],"sum_hessian":[9E0,7E0,2E0,2E0,5E0,1E0,1E0,1E0,1E0,4E0,1E0,1E0,3E0,2E0,1E0],"tree_param":{"num_deleted":"0","num_feature":"2","num_nodes":"15","size_leaf_vector":"1"}},{"base_weights":[4.983921E-1,-4.5946836E-1,2.886556E0,-1.2267545E0,7.527669E-4,8.499756E-2,3.4798583E-1,-1.4629117E-1,-3.7722018E-2,-1.6461793E-1,4.1380312E-2,-2.6441956E-2,-7.356262E-2,-8.295695E-3,-2.268982E-3],"categories":[],"categories_nodes":[],"categories_segments":[],"categories_sizes":[],"default_left":[0,0,0,0,0,0,0,0,0,0,0,0,0,0,0],"id":75,"left_children":[1,3,5,7,9,-1,-1,-1,-1,11,-1,-1,13,-1,-1],"loss_changes":[2.420156E1,2.8258934E0,6.671276E-1,5.0031185E-2,4.779579E-1,0E0,0E0,0E0,0E0,2.5985941E-2,0E0,0E0,2.938509E-5,0E0,0E0],"parents":[2147483647,0,0,1,1,2,2,3,3,4,4,9,9,12,12],"right_children":[2,4,6,8,10,-1,-1,-1,-1,12,-1,-1,14,-1,-1],"split_conditions":[9.049202E-1,3.0041096E-1,1E0,2.0044668E-1,8.025351E-1,8.499756E-2,3.4798583E-1,-1.4629117E-1,-3.7722018E-2,4.013155E-1,4.1380312E-2,-2.6441956E-2,6.0021967E-1,-8.295695E-3,-2.268982E-3],"split_indices":[0,0,0,0,0,0,0,0,0,0,0,0,0,0,0],"split_type":[0,0,0,0,0,0,0,0,0,0,0,0,0,0,0],"sum_hessian":[9E0,7E0,2E0,2E0,5E0,1E0,1E0,1E0,1E0,4E0,1E0,1E0,3E0,2E0,1E0],"tree_param":{"num_deleted":"0","num_feature":"2","num_nodes":"15","size_leaf_vector":"1"}},{"base_weights":[4.738907E-1,-4.3597603E-1,2.7422383E0,-1.165418E0,1.4076233E-3,8.0747984E-2,3.3058777E-1,-1.3897668E-1,-3.583603E-2,-1.5555573E-1,3.931122E-2,-2.5119781E-2,-6.884575E-3],"categories":[],"categories_nodes":[],"categories_segments":[],"categories_sizes":[],"default_left":[0,0,0,0,0,0,0,0,0,0,0,0,0],"id":76,"left_children":[1,3,5,7,9,-1,-1,-1,-1,11,-1,-1,-1],"loss_changes":[2.1834492E1,2.5540085E0,6.02087E-1,4.5149803E-2,4.300504E-1,0E0,0E0,0E0,0E0,2.4171717E-2,0E0,0E0,0E0],"parents":[2147483647,0,0,1,1,2,2,3,3,4,4,9,9],"right_children":[2,4,6,8,10,-1,-1,-1,-1,12,-1,-1,-1],"split_conditions":[9.049202E-1,3.0041096E-1,1E0,2.0044668E-1,8.025351E-1,8.0747984E-2,3.3058777E-1,-1.3897668E-1,-3.583603E-2,4.013155E-1,3.931122E-2,-2.5119781E-2,-6.884575E-3],"split_indices":[0,0,0,0,0,0,0,0,0,0,0,0,0],"split_type":[0,0,0,0,0,0,0,0,0,0,0,0,0],"sum_hessian":[9E0,7E0,2E0,2E0,5E0,1E0,1E0,1E0,1E0,4E0,1E0,1E0,3E0],"tree_param":{"num_deleted":"0","num_feature":"2","num_nodes":"13","size_leaf_vector":"1"}},{"base_weights":[4.5088577E-1,-4.1331768E-1,2.605133E0,-1.1071472E0,2.483368E-3,7.6710515E-2,3.1405947E-1,-1.3202782E-1,-3.4044266E-2,-1.464035E-1,3.7345886E-2,-2.3863984E-2,-6.368446E-2,-7.283783E-3,-1.8112183E-3],"categories":[],"categories_nodes":[],"categories_segments":[],"categories_sizes":[],"default_left":[0,0,0,0,0,0,0,0,0,0,0,0,0,0,0],"id":77,"left_children":[1,3,5,7,9,-1,-1,-1,-1,11,-1,-1,13,-1,-1],"loss_changes":[1.9693827E1,2.31071E0,5.4341316E-1,4.074645E-2,3.8607594E-1,0E0,0E0,0E0,0E0,2.2950858E-2,0E0,0E0,3.4930557E-4,0E0,0E0],"parents":[2147483647,0,0,1,1,2,2,3,3,4,4,9,9,12,12],"right_children":[2,4,6,8,10,-1,-1,-1,-1,12,-1,-1,14,-1,-1],"split_conditions":[9.049202E-1,3.0041096E-1,1E0,2.0044668E-1,8.025351E-1,7.6710515E-2,3.1405947E-1,-1.3202782E-1,-3.4044266E-2,4.013155E-1,3.7345886E-2,-2.3863984E-2,6.0021967E-1,-7.283783E-3,-1.8112183E-3],"split_indices":[0,0,0,0,0,0,0,0,0,0,0,0,0,0,0],"split_type":[0,0,0,0,0,0,0,0,0,0,0,0,0,0,0],"sum_hessian":[9E0,7E0,2E0,2E0,5E0,1E0,1E0,1E0,1E0,4E0,1E0,1E0,3E0,2E0,1E0],"tree_param":{"num_deleted":"0","num_feature":"2","num_nodes":"15","size_leaf_vector":"1"}},{"base_weights":[4.28701E-1,-3.921976E-1,2.4748638E0,-1.0517908E0,2.9652913E-3,7.287445E-2,2.983551E-1,-1.2542649E-1,-3.2342147E-2,-1.383545E-1,3.5478212E-2,-2.2670746E-2,-5.9589386E-2,-6.7982995E-3,-1.7204285E-3],"categories":[],"categories_nodes":[],"categories_segments":[],"categories_sizes":[],"default_left":[0,0,0,0,0,0,0,0,0,0,0,0,0,0,0],"id":78,"left_children":[1,3,5,7,9,-1,-1,-1,-1,11,-1,-1,13,-1,-1],"loss_changes":[1.776756E1,2.088293E0,4.9044037E-1,3.6771536E-2,3.4739777E-1,0E0,0E0,0E0,0E0,2.1286301E-2,0E0,0E0,2.534557E-4,0E0,0E0],"parents":[2147483647,0,0,1,1,2,2,3,3,4,4,9,9,12,12],"right_children":[2,4,6,8,10,-1,-1,-1,-1,12,-1,-1,14,-1,-1],"split_conditions":[9.049202E-1,3.0041096E-1,1E0,2.0044668E-1,8.025351E-1,7.287445E-2,2.983551E-1,-1.2542649E-1,-3.2342147E-2,4.013155E-1,3.5478212E-2,-2.2670746E-2,6.0021967E-1,-6.7982995E-3,-1.7204285E-3],"split_indices":[0,0,0,0,0,0,0,0,0,0,0,0,0,0,0],"split_type":[0,0,0,0,0,0,0,0,0,0,0,0,0,0,0],"sum_hessian":[9E0,7E0,2E0,2E0,5E0,1E0,1E0,1E0,1E0,4E0,1E0,1E0,3E0,2E0,1E0],"tree_param":{"num_deleted":"0","num_feature":"2","num_nodes":"15","size_leaf_vector":"1"}},{"base_weights":[4.0760726E-1,-3.7216282E-1,2.351125E0,-9.992015E-1,3.3836365E-3,6.923065E-2,2.8343812E-1,-1.19155124E-1,-3.0725097E-2,-1.3075408E-1,3.3703614E-2,-2.1537019E-2,-5.5757523E-2,-6.3448586E-3,-1.6342163E-3],"categories":[],"categories_nodes":[],"categories_segments":[],"categories_sizes":[],"default_left":[0,0,0,0,0,0,0,0,0,0,0,0,0,0,0],"id":79,"left_children":[1,3,5,7,9,-1,-1,-1,-1,11,-1,-1,13,-1,-1],"loss_changes":[1.6029974E1,1.887238E0,4.426403E-1,3.318429E-2,3.1260118E-1,0E0,0E0,0E0,0E0,1.9721076E-2,0E0,0E0,1.7569773E-4,0E0,0E0],"parents":[2147483647,0,0,1,1,2,2,3,3,4,4,9,9,12,12],"right_children":[2,4,6,8,10,-1,-1,-1,-1,12,-1,-1,14,-1,-1],"split_conditions":[9.049202E-1,3.0041096E-1,1E0,2.0044668E-1,8.025351E-1,6.923065E-2,2.8343812E-1,-1.19155124E-1,-3.0725097E-2,4.013155E-1,3.3703614E-2,-2.1537019E-2,6.0021967E-1,-6.3448586E-3,-1.6342163E-3],"split_indices":[0,0,0,0,0,0,0,0,0,0,0,0,0,0,0],"split_type":[0,0,0,0,0,0,0,0,0,0,0,0,0,0,0],"sum_hessian":[9E0,7E0,2E0,2E0,5E0,1E0,1E0,1E0,1E0,4E0,1E0,1E0,3E0,2E0,1E0],"tree_param":{"num_deleted":"0","num_feature":"2","num_nodes":"15","size_leaf_vector":"1"}},{"base_weights":[3.875435E-1,-3.531561E-1,2.2335613E0,-9.4924164E-1,3.7460327E-3,6.5768436E-2,2.6926574E-1,-1.1319733E-1,-2.918892E-2,-1.2358093E-1,3.2019045E-2,-2.0460129E-2,-5.217552E-2,-5.921682E-3,-1.5525818E-3],"categories":[],"categories_nodes":[],"categories_segments":[],"categories_sizes":[],"default_left":[0,0,0,0,0,0,0,0,0,0,0,0,0,0,0],"id":80,"left_children":[1,3,5,7,9,-1,-1,-1,-1,11,-1,-1,13,-1,-1],"loss_changes":[1.4462242E1,1.7055094E0,3.99518E-1,2.9946566E-2,2.8132087E-1,0E0,0E0,0E0,0E0,1.8251285E-2,0E0,0E0,1.1285674E-4,0E0,0E0],"parents":[2147483647,0,0,1,1,2,2,3,3,4,4,9,9,12,12],"right_children":[2,4,6,8,10,-1,-1,-1,-1,12,-1,-1,14,-1,-1],"split_conditions":[9.049202E-1,3.0041096E-1,1E0,2.0044668E-1,8.025351E-1,6.5768436E-2,2.6926574E-1,-1.1319733E-1,-2.918892E-2,4.013155E-1,3.2019045E-2,-2.0460129E-2,6.0021967E-1,-5.921682E-3,-1.5525818E-3],"split_indices":[0,0,0,0,0,0,0,0,0,0,0,0,0,0,0],"split_type":[0,0,0,0,0,0,0,0,0,0,0,0,0,0,0],"sum_hessian":[9E0,7E0,2E0,2E0,5E0,1E0,1E0,1E0,1E0,4E0,1E0,1E0,3E0,2E0,1E0],"tree_param":{"num_deleted":"0","num_feature":"2","num_nodes":"15","size_leaf_vector":"1"}},{"base_weights":[3.684616E-1,-3.3512688E-1,2.121877E0,-9.017792E-1,4.0537515E-3,6.2480163E-2,2.558014E-1,-1.0753746E-1,-2.7729416E-2,-1.16809085E-1,3.0418396E-2,-1.9437028E-2,-4.8826218E-2,-5.526988E-3,-1.474762E-3],"categories":[],"categories_nodes":[],"categories_segments":[],"categories_sizes":[],"default_left":[0,0,0,0,0,0,0,0,0,0,0,0,0,0,0],"id":81,"left_children":[1,3,5,7,9,-1,-1,-1,-1,11,-1,-1,13,-1,-1],"loss_changes":[1.3047928E1,1.5412354E0,3.6053753E-1,2.7028084E-2,2.5317898E-1,0E0,0E0,0E0,0E0,1.6873792E-2,0E0,0E0,6.326474E-5,0E0,0E0],"parents":[2147483647,0,0,1,1,2,2,3,3,4,4,9,9,12,12],"right_children":[2,4,6,8,10,-1,-1,-1,-1,12,-1,-1,14,-1,-1],"split_conditions":[9.049202E-1,3.0041096E-1,1E0,2.0044668E-1,8.025351E-1,6.2480163E-2,2.558014E-1,-1.0753746E-1,-2.7729416E-2,4.013155E-1,3.0418396E-2,-1.9437028E-2,6.0021967E-1,-5.526988E-3,-1.474762E-3],"split_indices":[0,0,0,0,0,0,0,0,0,0,0,0,0,0,0],"split_type":[0,0,0,0,0,0,0,0,0,0,0,0,0,0,0],"sum_hessian":[9E0,7E0,2E0,2E0,5E0,1E0,1E0,1E0,1E0,4E0,1E0,1E0,3E0,2E0,1E0],"tree_param":{"num_deleted":"0","num_feature":"2","num_nodes":"15","size_leaf_vector":"1"}},{"base_weights":[3.5031587E-1,-3.180256E-1,2.0157878E0,-8.5668945E-1,4.310608E-3,5.935669E-2,2.4301147E-1,-1.0216065E-1,-2.6342774E-2,-1.1041565E-1,2.8897095E-2,-1.8465042E-2,-4.569435E-2,-5.1587424E-3,-1.4007569E-3],"categories":[],"categories_nodes":[],"categories_segments":[],"categories_sizes":[],"default_left":[0,0,0,0,0,0,0,0,0,0,0,0,0,0,0],"id":82,"left_children":[1,3,5,7,9,-1,-1,-1,-1,11,-1,-1,13,-1,-1],"loss_changes":[1.1772111E1,1.3927399E0,3.2535744E-1,2.4397135E-2,2.27855E-1,0E0,0E0,0E0,0E0,1.5585374E-2,0E0,0E0,2.431497E-5,0E0,0E0],"parents":[2147483647,0,0,1,1,2,2,3,3,4,4,9,9,12,12],"right_children":[2,4,6,8,10,-1,-1,-1,-1,12,-1,-1,14,-1,-1],"split_conditions":[9.049202E-1,3.0041096E-1,1E0,2.0044668E-1,8.025351E-1,5.935669E-2,2.4301147E-1,-1.0216065E-1,-2.6342774E-2,4.013155E-1,2.8897095E-2,-1.8465042E-2,6.0021967E-1,-5.1587424E-3,-1.4007569E-3],"split_indices":[0,0,0,0,0,0,0,0,0,0,0,0,0,0,0],"split_type":[0,0,0,0,0,0,0,0,0,0,0,0,0,0,0],"sum_hessian":[9E0,7E0,2E0,2E0,5E0,1E0,1E0,1E0,1E0,4E0,1E0,1E0,3E0,2E0,1E0],"tree_param":{"num_deleted":"0","num_feature":"2","num_nodes":"15","size_leaf_vector":"1"}},{"base_weights":[3.3305472E-1,-3.0180216E-1,1.9149882E0,-8.138542E-1,4.524231E-3,5.6388855E-2,2.3085938E-1,-9.7052574E-2,-2.502556E-2,-1.04379274E-1,2.7452087E-2,-1.7541885E-2,-4.2764666E-3],"categories":[],"categories_nodes":[],"categories_segments":[],"categories_sizes":[],"default_left":[0,0,0,0,0,0,0,0,0,0,0,0,0],"id":83,"left_children":[1,3,5,7,9,-1,-1,-1,-1,11,-1,-1,-1],"loss_changes":[1.0620962E1,1.2585226E0,2.9361057E-1,2.2019982E-2,2.0507577E-1,0E0,0E0,0E0,0E0,1.4383651E-2,0E0,0E0,0E0],"parents":[2147483647,0,0,1,1,2,2,3,3,4,4,9,9],"right_children":[2,4,6,8,10,-1,-1,-1,-1,12,-1,-1,-1],"split_conditions":[9.049202E-1,3.0041096E-1,1E0,2.0044668E-1,8.025351E-1,5.6388855E-2,2.3085938E-1,-9.7052574E-2,-2.502556E-2,4.013155E-1,2.7452087E-2,-1.7541885E-2,-4.2764666E-3],"split_indices":[0,0,0,0,0,0,0,0,0,0,0,0,0],"split_type":[0,0,0,0,0,0,0,0,0,0,0,0,0],"sum_hessian":[9E0,7E0,2E0,2E0,5E0,1E0,1E0,1E0,1E0,4E0,1E0,1E0,3E0],"tree_param":{"num_deleted":"0","num_feature":"2","num_nodes":"13","size_leaf_vector":"1"}},{"base_weights":[3.168293E-1,-2.8618002E-1,1.8192444E0,-7.731616E-1,5.007426E-3,5.356903E-2,2.1931763E-1,-9.21999E-2,-2.3774339E-2,-9.8306276E-2,2.6078796E-2,-1.6664887E-2,-3.955841E-2,-4.529826E-3,-1.1169434E-3],"categories":[],"categories_nodes":[],"categories_segments":[],"categories_sizes":[],"default_left":[0,0,0,0,0,0,0,0,0,0,0,0,0,0,0],"id":84,"left_children":[1,3,5,7,9,-1,-1,-1,-1,11,-1,-1,13,-1,-1],"loss_changes":[9.580335E0,1.1382948E0,2.6502228E-1,1.9871593E-2,1.841909E-1,0E0,0E0,0E0,0E0,1.3482541E-2,0E0,0E0,1.4583766E-4,0E0,0E0],"parents":[2147483647,0,0,1,1,2,2,3,3,4,4,9,9,12,12],"right_children":[2,4,6,8,10,-1,-1,-1,-1,12,-1,-1,14,-1,-1],"split_conditions":[9.049202E-1,3.0041096E-1,1E0,2.0044668E-1,8.025351E-1,5.356903E-2,2.1931763E-1,-9.21999E-2,-2.3774339E-2,4.013155E-1,2.6078796E-2,-1.6664887E-2,6.0021967E-1,-4.529826E-3,-1.1169434E-3],"split_indices":[0,0,0,0,0,0,0,0,0,0,0,0,0,0,0],"split_type":[0,0,0,0,0,0,0,0,0,0,0,0,0,0,0],"sum_hessian":[9E0,7E0,2E0,2E0,5E0,1E0,1E0,1E0,1E0,4E0,1E0,1E0,3E0,2E0,1E0],"tree_param":{"num_deleted":"0","num_feature":"2","num_nodes":"15","size_leaf_vector":"1"}},{"base_weights":[3.0121574E-1,-2.7158976E-1,1.7282919E0,-7.3450345E-1,5.1320395E-3,5.0891113E-2,2.0835267E-1,-8.758984E-2,-2.2585679E-2,-9.293823E-2,2.477417E-2,-1.5831757E-2,-3.7014008E-2,-4.227702E-3,-1.0612488E-3],"categories":[],"categories_nodes":[],"categories_segments":[],"categories_sizes":[],"default_left":[0,0,0,0,0,0,0,0,0,0,0,0,0,0,0],"id":85,"left_children":[1,3,5,7,9,-1,-1,-1,-1,11,-1,-1,13,-1,-1],"loss_changes":[8.643757E0,1.0285561E0,2.3916912E-1,1.7932534E-2,1.6578145E-1,0E0,0E0,0E0,0E0,1.2421474E-2,0E0,0E0,1.0714168E-4,0E0,0E0],"parents":[2147483647,0,0,1,1,2,2,3,3,4,4,9,9,12,12],"right_children":[2,4,6,8,10,-1,-1,-1,-1,12,-1,-1,14,-1,-1],"split_conditions":[9.049202E-1,3.0041096E-1,1E0,2.0044668E-1,8.025351E-1,5.0891113E-2,2.0835267E-1,-8.758984E-2,-2.2585679E-2,4.013155E-1,2.477417E-2,-1.5831757E-2,6.0021967E-1,-4.227702E-3,-1.0612488E-3],"split_indices":[0,0,0,0,0,0,0,0,0,0,0,0,0,0,0],"split_type":[0,0,0,0,0,0,0,0,0,0,0,0,0,0,0],"sum_hessian":[9E0,7E0,2E0,2E0,5E0,1E0,1E0,1E0,1E0,4E0,1E0,1E0,3E0,2E0,1E0],"tree_param":{"num_deleted":"0","num_feature":"2","num_nodes":"15","size_leaf_vector":"1"}},{"base_weights":[2.8636247E-1,-2.577467E-1,1.6418661E0,-6.9777936E-1,5.227407E-3,4.834595E-2,1.9793396E-1,-8.321037E-2,-2.1456528E-2,-8.786774E-2,2.3535157E-2,-1.5040207E-2,-3.4633636E-2,-3.945923E-3,-1.0078431E-3],"categories":[],"categories_nodes":[],"categories_segments":[],"categories_sizes":[],"default_left":[0,0,0,0,0,0,0,0,0,0,0,0,0,0,0],"id":86,"left_children":[1,3,5,7,9,-1,-1,-1,-1,11,-1,-1,13,-1,-1],"loss_changes":[7.7986045E0,9.29385E-1,2.1586418E-1,1.6181827E-2,1.4922045E-1,0E0,0E0,0E0,0E0,1.1435822E-2,0E0,0E0,7.6286495E-5,0E0,0E0],"parents":[2147483647,0,0,1,1,2,2,3,3,4,4,9,9,12,12],"right_children":[2,4,6,8,10,-1,-1,-1,-1,12,-1,-1,14,-1,-1],"split_conditions":[9.049202E-1,3.0041096E-1,1E0,2.0044668E-1,8.025351E-1,4.834595E-2,1.9793396E-1,-8.321037E-2,-2.1456528E-2,4.013155E-1,2.3535157E-2,-1.5040207E-2,6.0021967E-1,-3.945923E-3,-1.0078431E-3],"split_indices":[0,0,0,0,0,0,0,0,0,0,0,0,0,0,0],"split_type":[0,0,0,0,0,0,0,0,0,0,0,0,0,0,0],"sum_hessian":[9E0,7E0,2E0,2E0,5E0,1E0,1E0,1E0,1E0,4E0,1E0,1E0,3E0,2E0,1E0],"tree_param":{"num_deleted":"0","num_feature":"2","num_nodes":"15","size_leaf_vector":"1"}},{"base_weights":[2.7224237E-1,-2.4461222E-1,1.5597738E0,-6.628914E-1,5.2960715E-3,4.5928955E-2,1.8803711E-1,-7.904988E-2,-2.0383835E-2,-8.307953E-2,2.2358704E-2,-1.428833E-2,-3.240776E-2,-3.6827088E-3,-9.57489E-4],"categories":[],"categories_nodes":[],"categories_segments":[],"categories_sizes":[],"default_left":[0,0,0,0,0,0,0,0,0,0,0,0,0,0,0],"id":87,"left_children":[1,3,5,7,9,-1,-1,-1,-1,11,-1,-1,13,-1,-1],"loss_changes":[7.036205E0,8.397622E-1,1.948018E-1,1.4601707E-2,1.3432507E-1,0E0,0E0,0E0,0E0,1.0521285E-2,0E0,0E0,5.100807E-5,0E0,0E0],"parents":[2147483647,0,0,1,1,2,2,3,3,4,4,9,9,12,12],"right_children":[2,4,6,8,10,-1,-1,-1,-1,12,-1,-1,14,-1,-1],"split_conditions":[9.049202E-1,3.0041096E-1,1E0,2.0044668E-1,8.025351E-1,4.5928955E-2,1.8803711E-1,-7.904988E-2,-2.0383835E-2,4.013155E-1,2.2358704E-2,-1.428833E-2,6.0021967E-1,-3.6827088E-3,-9.57489E-4],"split_indices":[0,0,0,0,0,0,0,0,0,0,0,0,0,0,0],"split_type":[0,0,0,0,0,0,0,0,0,0,0,0,0,0,0],"sum_hessian":[9E0,7E0,2E0,2E0,5E0,1E0,1E0,1E0,1E0,4E0,1E0,1E0,3E0,2E0,1E0],"tree_param":{"num_deleted":"0","num_feature":"2","num_nodes":"15","size_leaf_vector":"1"}},{"base_weights":[2.5881234E-1,-2.3215246E-1,1.481781E0,-6.2974674E-1,5.3367615E-3,4.3632507E-2,1.7863464E-1,-7.5097464E-2,-1.9364549E-2,-7.855682E-2,2.1240234E-2,-1.35738375E-2,-3.0326843E-2,-3.4372967E-3,-9.0942386E-4],"categories":[],"categories_nodes":[],"categories_segments":[],"categories_sizes":[],"default_left":[0,0,0,0,0,0,0,0,0,0,0,0,0,0,0],"id":88,"left_children":[1,3,5,7,9,-1,-1,-1,-1,11,-1,-1,13,-1,-1],"loss_changes":[6.3483443E0,7.587556E-1,1.7580175E-1,1.3180137E-2,1.209145E-1,0E0,0E0,0E0,0E0,9.6728075E-3,0E0,0E0,3.1042844E-5,0E0,0E0],"parents":[2147483647,0,0,1,1,2,2,3,3,4,4,9,9,12,12],"right_children":[2,4,6,8,10,-1,-1,-1,-1,12,-1,-1,14,-1,-1],"split_conditions":[9.049202E-1,3.0041096E-1,1E0,2.0044668E-1,8.025351E-1,4.3632507E-2,1.7863464E-1,-7.5097464E-2,-1.9364549E-2,4.013155E-1,2.1240234E-2,-1.35738375E-2,6.0021967E-1,-3.4372967E-3,-9.0942386E-4],"split_indices":[0,0,0,0,0,0,0,0,0,0,0,0,0,0,0],"split_type":[0,0,0,0,0,0,0,0,0,0,0,0,0,0,0],"sum_hessian":[9E0,7E0,2E0,2E0,5E0,1E0,1E0,1E0,1E0,4E0,1E0,1E0,3E0,2E0,1E0],"tree_param":{"num_deleted":"0","num_feature":"2","num_nodes":"15","size_leaf_vector":"1"}},{"base_weights":[2.4604149E-1,-2.2032976E-1,1.4076843E0,-5.982602E-1,5.3571067E-3,4.14505E-2,1.6970216E-1,-7.134266E-2,-1.8396378E-2,-7.428436E-2,2.0178223E-2,-1.2895203E-2,-2.837944E-2,-3.2081604E-3,-8.636475E-4],"categories":[],"categories_nodes":[],"categories_segments":[],"categories_sizes":[],"default_left":[0,0,0,0,0,0,0,0,0,0,0,0,0,0,0],"id":89,"left_children":[1,3,5,7,9,-1,-1,-1,-1,11,-1,-1,13,-1,-1],"loss_changes":[5.7277226E0,6.855565E-1,1.5866709E-1,1.1894345E-2,1.0885078E-1,0E0,0E0,0E0,0E0,8.887989E-3,0E0,0E0,1.5294878E-5,0E0,0E0],"parents":[2147483647,0,0,1,1,2,2,3,3,4,4,9,9,12,12],"right_children":[2,4,6,8,10,-1,-1,-1,-1,12,-1,-1,14,-1,-1],"split_conditions":[9.049202E-1,3.0041096E-1,1E0,2.0044668E-1,8.025351E-1,4.14505E-2,1.6970216E-1,-7.134266E-2,-1.8396378E-2,4.013155E-1,2.0178223E-2,-1.2895203E-2,6.0021967E-1,-3.2081604E-3,-8.636475E-4],"split_indices":[0,0,0,0,0,0,0,0,0,0,0,0,0,0,0],"split_type":[0,0,0,0,0,0,0,0,0,0,0,0,0,0,0],"sum_hessian":[9E0,7E0,2E0,2E0,5E0,1E0,1E0,1E0,1E0,4E0,1E0,1E0,3E0,2E0,1E0],"tree_param":{"num_deleted":"0","num_feature":"2","num_nodes":"15","size_leaf_vector":"1"}},{"base_weights":[2.3390388E-1,-2.0911169E-1,1.3373108E0,-5.6834793E-1,5.358378E-3,3.9378356E-2,1.6121827E-1,-6.777554E-2,-1.7476654E-2,-7.024841E-2,1.9169617E-2,-1.2250519E-2,-2.6557922E-2,-2.994283E-3,-8.201599E-4],"categories":[],"categories_nodes":[],"categories_segments":[],"categories_sizes":[],"default_left":[0,0,0,0,0,0,0,0,0,0,0,0,0,0,0],"id":90,"left_children":[1,3,5,7,9,-1,-1,-1,-1,11,-1,-1,13,-1,-1],"loss_changes":[5.167912E0,6.194087E-1,1.431961E-1,1.0733247E-2,9.799677E-2,0E0,0E0,0E0,0E0,8.162139E-3,0E0,0E0,2.958579E-6,0E0,0E0],"parents":[2147483647,0,0,1,1,2,2,3,3,4,4,9,9,12,12],"right_children":[2,4,6,8,10,-1,-1,-1,-1,12,-1,-1,14,-1,-1],"split_conditions":[9.049202E-1,3.0041096E-1,1E0,2.0044668E-1,8.025351E-1,3.9378356E-2,1.6121827E-1,-6.777554E-2,-1.7476654E-2,4.013155E-1,1.9169617E-2,-1.2250519E-2,6.0021967E-1,-2.994283E-3,-8.201599E-4],"split_indices":[0,0,0,0,0,0,0,0,0,0,0,0,0,0,0],"split_type":[0,0,0,0,0,0,0,0,0,0,0,0,0,0,0],"sum_hessian":[9E0,7E0,2E0,2E0,5E0,1E0,1E0,1E0,1E0,4E0,1E0,1E0,3E0,2E0,1E0],"tree_param":{"num_deleted":"0","num_feature":"2","num_nodes":"15","size_leaf_vector":"1"}},{"base_weights":[2.2236252E-1,-1.9846821E-1,1.2704569E0,-5.399297E-1,5.340576E-3,3.7409972E-2,1.5315858E-1,-6.438675E-2,-1.6602708E-2,-6.643677E-2,1.8211365E-2,-1.1637879E-2,-2.4856569E-3],"categories":[],"categories_nodes":[],"categories_segments":[],"categories_sizes":[],"default_left":[0,0,0,0,0,0,0,0,0,0,0,0,0],"id":91,"left_children":[1,3,5,7,9,-1,-1,-1,-1,11,-1,-1,-1],"loss_changes":[4.6628485E0,5.5962634E-1,1.2922764E-1,9.688377E-3,8.8228844E-2,0E0,0E0,0E0,0E0,7.4902177E-3,0E0,0E0,0E0],"parents":[2147483647,0,0,1,1,2,2,3,3,4,4,9,9],"right_children":[2,4,6,8,10,-1,-1,-1,-1,12,-1,-1,-1],"split_conditions":[9.049202E-1,3.0041096E-1,1E0,2.0044668E-1,8.025351E-1,3.7409972E-2,1.5315858E-1,-6.438675E-2,-1.6602708E-2,4.013155E-1,1.8211365E-2,-1.1637879E-2,-2.4856569E-3],"split_indices":[0,0,0,0,0,0,0,0,0,0,0,0,0],"split_type":[0,0,0,0,0,0,0,0,0,0,0,0,0],"sum_hessian":[9E0,7E0,2E0,2E0,5E0,1E0,1E0,1E0,1E0,4E0,1E0,1E0,3E0],"tree_param":{"num_deleted":"0","num_feature":"2","num_nodes":"13","size_leaf_vector":"1"}},{"base_weights":[2.1149406E-1,-1.882348E-1,1.2069397E0,-5.129331E-1,5.4868064E-3,3.5539247E-2,1.4550172E-1,-6.1167337E-2,-1.577263E-2,-6.2617496E-2,1.7300416E-2,-1.1056137E-2,-2.299118E-2,-2.6290894E-3,-6.546021E-4],"categories":[],"categories_nodes":[],"categories_segments":[],"categories_sizes":[],"default_left":[0,0,0,0,0,0,0,0,0,0,0,0,0,0,0],"id":92,"left_children":[1,3,5,7,9,-1,-1,-1,-1,11,-1,-1,13,-1,-1],"loss_changes":[4.206271E0,5.0602293E-1,1.1664724E-1,8.7426305E-3,7.928499E-2,0E0,0E0,0E0,0E0,6.957259E-3,0E0,0E0,4.495657E-5,0E0,0E0],"parents":[2147483647,0,0,1,1,2,2,3,3,4,4,9,9,12,12],"right_children":[2,4,6,8,10,-1,-1,-1,-1,12,-1,-1,14,-1,-1],"split_conditions":[9.049202E-1,3.0041096E-1,1E0,2.0044668E-1,8.025351E-1,3.5539247E-2,1.4550172E-1,-6.1167337E-2,-1.577263E-2,4.013155E-1,1.7300416E-2,-1.1056137E-2,6.0021967E-1,-2.6290894E-3,-6.546021E-4],"split_indices":[0,0,0,0,0,0,0,0,0,0,0,0,0,0,0],"split_type":[0,0,0,0,0,0,0,0,0,0,0,0,0,0,0],"sum_hessian":[9E0,7E0,2E0,2E0,5E0,1E0,1E0,1E0,1E0,4E0,1E0,1E0,3E0,2E0,1E0],"tree_param":{"num_deleted":"0","num_feature":"2","num_nodes":"15","size_leaf_vector":"1"}},{"base_weights":[2.0104828E-1,-1.7865944E-1,1.1465861E0,-4.872869E-1,5.430857E-3,3.37616E-2,1.3822632E-1,-5.8108903E-2,-1.4984131E-2,-5.922394E-2,1.6435241E-2,-1.0503388E-2,-2.1512985E-2,-2.4538676E-3,-6.2179565E-4],"categories":[],"categories_nodes":[],"categories_segments":[],"categories_sizes":[],"default_left":[0,0,0,0,0,0,0,0,0,0,0,0,0,0,0],"id":93,"left_children":[1,3,5,7,9,-1,-1,-1,-1,11,-1,-1,13,-1,-1],"loss_changes":[3.7951286E0,4.5716894E-1,1.05293036E-1,7.888198E-3,7.138384E-2,0E0,0E0,0E0,0E0,6.37809E-3,0E0,0E0,3.253168E-5,0E0,0E0],"parents":[2147483647,0,0,1,1,2,2,3,3,4,4,9,9,12,12],"right_children":[2,4,6,8,10,-1,-1,-1,-1,12,-1,-1,14,-1,-1],"split_conditions":[9.049202E-1,3.0041096E-1,1E0,2.0044668E-1,8.025351E-1,3.37616E-2,1.3822632E-1,-5.8108903E-2,-1.4984131E-2,4.013155E-1,1.6435241E-2,-1.0503388E-2,6.0021967E-1,-2.4538676E-3,-6.2179565E-4],"split_indices":[0,0,0,0,0,0,0,0,0,0,0,0,0,0,0],"split_type":[0,0,0,0,0,0,0,0,0,0,0,0,0,0,0],"sum_hessian":[9E0,7E0,2E0,2E0,5E0,1E0,1E0,1E0,1E0,4E0,1E0,1E0,3E0,2E0,1E0],"tree_param":{"num_deleted":"0","num_feature":"2","num_nodes":"15","size_leaf_vector":"1"}},{"base_weights":[1.9111748E-1,-1.695733E-1,1.0892538E0,-4.6292242E-1,5.3634644E-3,3.2073975E-2,1.3131408E-1,-5.5203438E-2,-1.4234925E-2,-5.6015015E-2,1.5612793E-2,-9.978103E-3,-2.012825E-2,-2.29009E-3,-5.9051515E-4],"categories":[],"categories_nodes":[],"categories_segments":[],"categories_sizes":[],"default_left":[0,0,0,0,0,0,0,0,0,0,0,0,0,0,0],"id":94,"left_children":[1,3,5,7,9,-1,-1,-1,-1,11,-1,-1,13,-1,-1],"loss_changes":[3.4242032E0,4.1302323E-1,9.500432E-2,7.1190596E-3,6.4267665E-2,0E0,0E0,0E0,0E0,5.844688E-3,0E0,0E0,2.2509368E-5,0E0,0E0],"parents":[2147483647,0,0,1,1,2,2,3,3,4,4,9,9,12,12],"right_children":[2,4,6,8,10,-1,-1,-1,-1,12,-1,-1,14,-1,-1],"split_conditions":[9.049202E-1,3.0041096E-1,1E0,2.0044668E-1,8.025351E-1,3.2073975E-2,1.3131408E-1,-5.5203438E-2,-1.4234925E-2,4.013155E-1,1.5612793E-2,-9.978103E-3,6.0021967E-1,-2.29009E-3,-5.9051515E-4],"split_indices":[0,0,0,0,0,0,0,0,0,0,0,0,0,0,0],"split_type":[0,0,0,0,0,0,0,0,0,0,0,0,0,0,0],"sum_hessian":[9E0,7E0,2E0,2E0,5E0,1E0,1E0,1E0,1E0,4E0,1E0,1E0,3E0,2E0,1E0],"tree_param":{"num_deleted":"0","num_feature":"2","num_nodes":"15","size_leaf_vector":"1"}},{"base_weights":[1.8167801E-1,-1.6095257E-1,1.0348002E0,-4.397761E-1,5.2846274E-3,3.0470276E-2,1.2474976E-1,-5.2443314E-2,-1.3523102E-2,-5.2984618E-2,1.4831543E-2,-9.479142E-3,-1.8835068E-2,-2.1375022E-3,-5.607605E-4],"categories":[],"categories_nodes":[],"categories_segments":[],"categories_sizes":[],"default_left":[0,0,0,0,0,0,0,0,0,0,0,0,0,0,0],"id":95,"left_children":[1,3,5,7,9,-1,-1,-1,-1,11,-1,-1,13,-1,-1],"loss_changes":[3.0896113E0,3.731308E-1,8.575344E-2,6.4259768E-3,5.786422E-2,0E0,0E0,0E0,0E0,5.353015E-3,0E0,0E0,1.4525838E-5,0E0,0E0],"parents":[2147483647,0,0,1,1,2,2,3,3,4,4,9,9,12,12],"right_children":[2,4,6,8,10,-1,-1,-1,-1,12,-1,-1,14,-1,-1],"split_conditions":[9.049202E-1,3.0041096E-1,1E0,2.0044668E-1,8.025351E-1,3.0470276E-2,1.2474976E-1,-5.2443314E-2,-1.3523102E-2,4.013155E-1,1.4831543E-2,-9.479142E-3,6.0021967E-1,-2.1375022E-3,-5.607605E-4],"split_indices":[0,0,0,0,0,0,0,0,0,0,0,0,0,0,0],"split_type":[0,0,0,0,0,0,0,0,0,0,0,0,0,0,0],"sum_hessian":[9E0,7E0,2E0,2E0,5E0,1E0,1E0,1E0,1E0,4E0,1E0,1E0,3E0,2E0,1E0],"tree_param":{"num_deleted":"0","num_feature":"2","num_nodes":"15","size_leaf_vector":"1"}},{"base_weights":[1.7270127E-1,-1.5277195E-1,9.8306274E-1,-4.1778818E-1,5.1981607E-3,2.8947448E-2,1.1851197E-1,-4.982109E-2,-1.2847138E-2,-5.012207E-2,1.4089966E-2,-9.005356E-3,-1.7625809E-2,-1.9950867E-3,-5.3253176E-4],"categories":[],"categories_nodes":[],"categories_segments":[],"categories_sizes":[],"default_left":[0,0,0,0,0,0,0,0,0,0,0,0,0,0,0],"id":96,"left_children":[1,3,5,7,9,-1,-1,-1,-1,11,-1,-1,13,-1,-1],"loss_changes":[2.7876937E0,3.370889E-1,7.737112E-2,5.797088E-3,5.210441E-2,0E0,0E0,0E0,0E0,4.900853E-3,0E0,0E0,8.152681E-6,0E0,0E0],"parents":[2147483647,0,0,1,1,2,2,3,3,4,4,9,9,12,12],"right_children":[2,4,6,8,10,-1,-1,-1,-1,12,-1,-1,14,-1,-1],"split_conditions":[9.049202E-1,3.0041096E-1,1E0,2.0044668E-1,8.025351E-1,2.8947448E-2,1.1851197E-1,-4.982109E-2,-1.2847138E-2,4.013155E-1,1.4089966E-2,-9.005356E-3,6.0021967E-1,-1.9950867E-3,-5.3253176E-4],"split_indices":[0,0,0,0,0,0,0,0,0,0,0,0,0,0,0],"split_type":[0,0,0,0,0,0,0,0,0,0,0,0,0,0,0],"sum_hessian":[9E0,7E0,2E0,2E0,5E0,1E0,1E0,1E0,1E0,4E0,1E0,1E0,3E0,2E0,1E0],"tree_param":{"num_deleted":"0","num_feature":"2","num_nodes":"15","size_leaf_vector":"1"}},{"base_weights":[1.6416168E-1,-1.4501E-1,9.338989E-1,-3.968989E-1,5.102793E-3,2.749939E-2,1.1258545E-1,-4.7330093E-2,-1.2204743E-2,-4.7416687E-2,1.338501E-2,-8.555221E-3,-1.6494751E-2,-1.862081E-3,-5.058289E-4],"categories":[],"categories_nodes":[],"categories_segments":[],"categories_sizes":[],"default_left":[0,0,0,0,0,0,0,0,0,0,0,0,0,0,0],"id":97,"left_children":[1,3,5,7,9,-1,-1,-1,-1,11,-1,-1,13,-1,-1],"loss_changes":[2.5152342E0,3.045193E-1,6.9838285E-2,5.2324533E-3,4.6917178E-2,0E0,0E0,0E0,0E0,4.48496E-3,0E0,0E0,3.0689407E-6,0E0,0E0],"parents":[2147483647,0,0,1,1,2,2,3,3,4,4,9,9,12,12],"right_children":[2,4,6,8,10,-1,-1,-1,-1,12,-1,-1,14,-1,-1],"split_conditions":[9.049202E-1,3.0041096E-1,1E0,2.0044668E-1,8.025351E-1,2.749939E-2,1.1258545E-1,-4.7330093E-2,-1.2204743E-2,4.013155E-1,1.338501E-2,-8.555221E-3,6.0021967E-1,-1.862081E-3,-5.058289E-4],"split_indices":[0,0,0,0,0,0,0,0,0,0,0,0,0,0,0],"split_type":[0,0,0,0,0,0,0,0,0,0,0,0,0,0,0],"sum_hessian":[9E0,7E0,2E0,2E0,5E0,1E0,1E0,1E0,1E0,4E0,1E0,1E0,3E0,2E0,1E0],"tree_param":{"num_deleted":"0","num_feature":"2","num_nodes":"15","size_leaf_vector":"1"}},{"base_weights":[1.5604286E-1,-1.3764524E-1,8.8719684E-1,-3.770536E-1,4.9997964E-3,2.6124572E-2,1.06954955E-1,-4.4963647E-2,-1.1594391E-2,-4.486084E-2,1.2715149E-2,-8.127594E-3,-1.543808E-3],"categories":[],"categories_nodes":[],"categories_segments":[],"categories_sizes":[],"default_left":[0,0,0,0,0,0,0,0,0,0,0,0,0],"id":98,"left_children":[1,3,5,7,9,-1,-1,-1,-1,11,-1,-1,-1],"loss_changes":[2.2694306E0,2.750885E-1,6.3016415E-2,4.723698E-3,4.224749E-2,0E0,0E0,0E0,0E0,4.102419E-3,0E0,0E0,0E0],"parents":[2147483647,0,0,1,1,2,2,3,3,4,4,9,9],"right_children":[2,4,6,8,10,-1,-1,-1,-1,12,-1,-1,-1],"split_conditions":[9.049202E-1,3.0041096E-1,1E0,2.0044668E-1,8.025351E-1,2.6124572E-2,1.06954955E-1,-4.4963647E-2,-1.1594391E-2,4.013155E-1,1.2715149E-2,-8.127594E-3,-1.543808E-3],"split_indices":[0,0,0,0,0,0,0,0,0,0,0,0,0],"split_type":[0,0,0,0,0,0,0,0,0,0,0,0,0],"sum_hessian":[9E0,7E0,2E0,2E0,5E0,1E0,1E0,1E0,1E0,4E0,1E0,1E0,3E0],"tree_param":{"num_deleted":"0","num_feature":"2","num_nodes":"13","size_leaf_vector":"1"}},{"base_weights":[1.4839554E-1,-1.3057232E-1,8.4284467E-1,-3.5820007E-1,5.003611E-3,2.481842E-2,1.0160828E-1,-4.2715456E-2,-1.1014557E-2,-4.2311095E-2,1.2078858E-2,-7.7213286E-3,-1.4282227E-2,-1.8936157E-3,-6.418864E-4],"categories":[],"categories_nodes":[],"categories_segments":[],"categories_sizes":[],"default_left":[0,0,0,0,0,0,0,0,0,0,0,0,0,0,0],"id":99,"left_children":[1,3,5,7,9,-1,-1,-1,-1,11,-1,-1,13,-1,-1],"loss_changes":[2.0473418E0,2.4867904E-1,5.687809E-2,4.2642355E-3,3.7980683E-2,0E0,0E0,0E0,0E0,3.7885671E-3,0E0,0E0,2.4833542E-5,0E0,0E0],"parents":[2147483647,0,0,1,1,2,2,3,3,4,4,9,9,12,12],"right_children":[2,4,6,8,10,-1,-1,-1,-1,12,-1,-1,14,-1,-1],"split_conditions":[9.049202E-1,3.0041096E-1,1E0,2.0044668E-1,8.025351E-1,2.481842E-2,1.0160828E-1,-4.2715456E-2,-1.1014557E-2,4.013155E-1,1.2078858E-2,-7.7213286E-3,5.0060076E-1,-1.8936157E-3,-6.418864E-4],"split_indices":[0,0,0,0,0,0,0,0,0,0,0,0,0,0,0],"split_type":[0,0,0,0,0,0,0,0,0,0,0,0,0,0,0],"sum_hessian":[9E0,7E0,2E0,2E0,5E0,1E0,1E0,1E0,1E0,4E0,1E0,1E0,3E0,1E0,2E0],"tree_param":{"num_deleted":"0","num_feature":"2","num_nodes":"15","size_leaf_vector":"1"}}]},"name":"gbtree"},"learner_model_param":{"base_score":"2.0433333E2","boost_from_average":"1","num_class":"0","num_feature":"2","num_target":"1"},"objective":{"name":"reg:squarederror","reg_loss_param":{"scale_pos_weight":"1"}}},"version":[2,0,1]}