{"learner":{"attributes":{"scikit_learn":"{\"_estimator_type\": \"regressor\"}"},"feature_names":[],"feature_types":[],"gradient_booster":{"model":{"gbtree_model_param":{"num_parallel_tree":"1","num_trees":"100"},"iteration_indptr":[0,1,2,3,4,5,6,7,8,9,10,11,12,13,14,15,16,17,18,19,20,21,22,23,24,25,26,27,28,29,30,31,32,33,34,35,36,37,38,39,40,41,42,43,44,45,46,47,48,49,50,51,52,53,54,55,56,57,58,59,60,61,62,63,64,65,66,67,68,69,70,71,72,73,74,75,76,77,78,79,80,81,82,83,84,85,86,87,88,89,90,91,92,93,94,95,96,97,98,99,100],"tree_info":[0,0,0,0,0,0,0,0,0,0,0,0,0,0,0,0,0,0,0,0,0,0,0,0,0,0,0,0,0,0,0,0,0,0,0,0,0,0,0,0,0,0,0,0,0,0,0,0,0,0,0,0,0,0,0,0,0,0,0,0,0,0,0,0,0,0,0,0,0,0,0,0,0,0,0,0,0,0,0,0,0,0,0,0,0,0,0,0,0,0,0,0,0,0,0,0,0,0,0,0],"trees":[{"base_weights":[-1.9073486E-6,-1.9833334E1,1.6527775E1,-2.1850002E0,-5.883333E-1,1.1166649E-1,1.9386663E0],"categories":[],"categories_nodes":[],"categories_segments":[],"categories_sizes":[],"default_left":[0,0,0,0,0,0,0],"id":0,"left_children":[1,3,5,-1,-1,-1,-1],"loss_changes":[3.6058096E3,1.2111572E1,2.4270349E2,0E0,0E0,0E0,0E0],"parents":[2147483647,0,0,1,1,2,2],"right_children":[2,4,6,-1,-1,-1,-1],"split_conditions":[6.046661E-1,5.030802E-1,7.0566887E-1,-2.1850002E0,-5.883333E-1,1.1166649E-1,1.9386663E0],"split_indices":[0,0,0,0,0,0,0],"split_type":[0,0,0,0,0,0,0],"sum_hessian":[9E0,4E0,5E0,3E0,1E0,1E0,4E0],"tree_param":{"num_deleted":"0","num_feature":"2","num_nodes":"7","size_leaf_vector":"1"}},{"base_weights":[-7.2301105E-2,-1.8404665E1,1.521672E1,-2.0211248E0,-5.589167E-1,1.06083296E-1,1.783573E0],"categories":[],"categories_nodes":[],"categories_segments":[],"categories_sizes":[],"default_left":[0,0,0,0,0,0,0],"id":1,"left_children":[1,3,5,-1,-1,-1,-1],"loss_changes":[3.0828977E3,2.7972412E0,2.0352563E2,0E0,0E0,0E0,0E0],"parents":[2147483647,0,0,1,1,2,2],"right_children":[2,4,6,-1,-1,-1,-1],"split_conditions":[6.046661E-1,5.030802E-1,7.0566887E-1,-2.0211248E0,-5.589167E-1,1.06083296E-1,1.783573E0],"split_indices":[0,0,0,0,0,0,0],"split_type":[0,0,0,0,0,0,0],"sum_hessian":[9E0,4E0,5E0,3E0,1E0,1E0,4E0],"tree_param":{"num_deleted":"0","num_feature":"2","num_nodes":"7","size_leaf_vector":"1"}},{"base_weights":[-1.3410798E-1,-1.7080206E0,1.4009992E1,3.8422241E0,1.813332E0,1.0077896E-1,4.7555467E-1],"categories":[],"categories_nodes":[],"categories_segments":[],"categories_sizes":[],"default_left":[0,0,0,0,0,0,0],"id":2,"left_children":[1,-1,3,5,-1,-1,-1],"loss_changes":[2.6361667E3,0E0,1.8187793E2,2.9736671E0,0E0,0E0,0E0],"parents":[2147483647,0,0,2,2,3,3],"right_children":[2,-1,4,6,-1,-1,-1],"split_conditions":[6.046661E-1,-1.7080206E0,8.055307E-1,7.0566887E-1,1.813332E0,1.0077896E-1,4.7555467E-1],"split_indices":[0,0,0,0,0,0,0],"split_type":[0,0,0,0,0,0,0],"sum_hessian":[9E0,4E0,5E0,2E0,3E0,1E0,1E0],"tree_param":{"num_deleted":"0","num_feature":"2","num_nodes":"7","size_leaf_vector":"1"}},{"base_weights":[-5.253334E-2,-1.5713792E1,1.3007271E1,-1.9268347E0,-6.921305E-1,3.6501133E0,1.6773322E0,9.574013E-2,4.517769E-1],"categories":[],"categories_nodes":[],"categories_segments":[],"categories_sizes":[],"default_left":[0,0,0,0,0,0,0,0,0],"id":3,"left_children":[1,3,5,-1,-1,7,-1,-1,-1],"loss_changes":[2.2497231E3,2.2904785E1,1.5021259E2,0E0,0E0,2.6837234E0,0E0,0E0,0E0],"parents":[2147483647,0,0,1,1,2,2,5,5],"right_children":[2,4,6,-1,-1,8,-1,-1,-1],"split_conditions":[6.046661E-1,4.0218782E-1,8.055307E-1,-1.9268347E0,-6.921305E-1,7.0566887E-1,1.6773322E0,9.574013E-2,4.517769E-1],"split_indices":[0,0,0,0,0,0,0,0,0],"split_type":[0,0,0,0,0,0,0,0,0],"sum_hessian":[9E0,4E0,5E0,2E0,2E0,2E0,3E0,1E0,1E0],"tree_param":{"num_deleted":"0","num_feature":"2","num_nodes":"9","size_leaf_vector":"1"}},{"base_weights":[-8.669071E-2,-1.4666205E1,1.20773535E1,-1.7983792E0,-6.4598846E-1,9.095307E-2,1.4129011E1,4.2918816E-1,1.5515324E0],"categories":[],"categories_nodes":[],"categories_segments":[],"categories_sizes":[],"default_left":[0,0,0,0,0,0,0,0,0],"id":4,"left_children":[1,3,5,-1,-1,-1,7,-1,-1],"loss_changes":[1.9505874E3,1.9952637E1,1.2462457E2,0E0,0E0,0E0,1.5967407E0,0E0,0E0],"parents":[2147483647,0,0,1,1,2,2,6,6],"right_children":[2,4,6,-1,-1,-1,8,-1,-1],"split_conditions":[6.046661E-1,4.0218782E-1,7.0566887E-1,-1.7983792E0,-6.4598846E-1,9.095307E-2,8.055307E-1,4.2918816E-1,1.5515324E0],"split_indices":[0,0,0,0,0,0,0,0,0],"split_type":[0,0,0,0,0,0,0,0,0],"sum_hessian":[9E0,4E0,5E0,2E0,2E0,1E0,4E0,1E0,3E0],"tree_param":{"num_deleted":"0","num_feature":"2","num_nodes":"9","size_leaf_vector":"1"}},{"base_weights":[-1.1529026E-1,-1.3688458E1,1.1214898E1,-1.5217255E0,-3.7866384E-1,8.640557E-2,1.3112257E0],"categories":[],"categories_nodes":[],"categories_segments":[],"categories_sizes":[],"default_left":[0,0,0,0,0,0,0],"id":5,"left_children":[1,3,5,-1,-1,-1,-1],"loss_changes":[1.6913802E3,1.8067017E1,1.0650568E2,0E0,0E0,0E0,0E0],"parents":[2147483647,0,0,1,1,2,2],"right_children":[2,4,6,-1,-1,-1,-1],"split_conditions":[6.046661E-1,5.030802E-1,7.0566887E-1,-1.5217255E0,-3.7866384E-1,8.640557E-2,1.3112257E0],"split_indices":[0,0,0,0,0,0,0],"split_type":[0,0,0,0,0,0,0],"sum_hessian":[9E0,4E0,5E0,3E0,1E0,1E0,4E0],"tree_param":{"num_deleted":"0","num_feature":"2","num_nodes":"7","size_leaf_vector":"1"}},{"base_weights":[-1.5403728E-1,-1.2699692E1,1.0326347E1,-1.5770389E0,-5.3957635E-1,2.8283513E0,1.3368257E0,8.208542E-2,3.421673E-1],"categories":[],"categories_nodes":[],"categories_segments":[],"categories_sizes":[],"default_left":[0,0,0,0,0,0,0,0,0],"id":6,"left_children":[1,3,5,-1,-1,7,-1,-1,-1],"loss_changes":[1.4459741E3,2.7047485E1,9.9039246E1,0E0,0E0,7.645798E-1,0E0,0E0,0E0],"parents":[2147483647,0,0,1,1,2,2,5,5],"right_children":[2,4,6,-1,-1,8,-1,-1,-1],"split_conditions":[6.046661E-1,4.0218782E-1,8.055307E-1,-1.5770389E0,-5.3957635E-1,7.0566887E-1,1.3368257E0,8.208542E-2,3.421673E-1],"split_indices":[0,0,0,0,0,0,0,0,0],"split_type":[0,0,0,0,0,0,0,0,0],"sum_hessian":[9E0,4E0,5E0,2E0,2E0,2E0,3E0,1E0,1E0],"tree_param":{"num_deleted":"0","num_feature":"2","num_nodes":"9","size_leaf_vector":"1"}},{"base_weights":[-1.7418651E-1,-1.1853045E1,9.587227E0,-1.4719031E0,-5.0360453E-1,2.6869328E0,1.236564E0,7.798119E-2,3.2505876E-1],"categories":[],"categories_nodes":[],"categories_segments":[],"categories_sizes":[],"default_left":[0,0,0,0,0,0,0,0,0],"id":7,"left_children":[1,3,5,-1,-1,7,-1,-1,-1],"loss_changes":[1.2536594E3,2.3561462E1,8.18056E1,0E0,0E0,6.900234E-1,0E0,0E0,0E0],"parents":[2147483647,0,0,1,1,2,2,5,5],"right_children":[2,4,6,-1,-1,8,-1,-1,-1],"split_conditions":[6.046661E-1,4.0218782E-1,8.055307E-1,-1.4719031E0,-5.0360453E-1,7.0566887E-1,1.236564E0,7.798119E-2,3.2505876E-1],"split_indices":[0,0,0,0,0,0,0,0,0],"split_type":[0,0,0,0,0,0,0,0,0],"sum_hessian":[9E0,4E0,5E0,2E0,2E0,2E0,3E0,1E0,1E0],"tree_param":{"num_deleted":"0","num_feature":"2","num_nodes":"9","size_leaf_vector":"1"}},{"base_weights":[-1.9035777E-1,-1.1062841E1,8.901772E0,-1.3737761E0,-4.7003084E-1,2.5525868E0,1.1438217E0,7.408219E-2,3.0880585E-1],"categories":[],"categories_nodes":[],"categories_segments":[],"categories_sizes":[],"default_left":[0,0,0,0,0,0,0,0,0],"id":8,"left_children":[1,3,5,-1,-1,7,-1,-1,-1],"loss_changes":[1.0870193E3,2.0524536E1,6.742914E1,0E0,0E0,6.227455E-1,0E0,0E0,0E0],"parents":[2147483647,0,0,1,1,2,2,5,5],"right_children":[2,4,6,-1,-1,8,-1,-1,-1],"split_conditions":[6.046661E-1,4.0218782E-1,8.055307E-1,-1.3737761E0,-4.7003084E-1,7.0566887E-1,1.1438217E0,7.408219E-2,3.0880585E-1],"split_indices":[0,0,0,0,0,0,0,0,0],"split_type":[0,0,0,0,0,0,0,0,0],"sum_hessian":[9E0,4E0,5E0,2E0,2E0,2E0,3E0,1E0,1E0],"tree_param":{"num_deleted":"0","num_feature":"2","num_nodes":"9","size_leaf_vector":"1"}},{"base_weights":[-2.0303173E-1,-1.0325318E1,8.266046E0,-1.282191E0,-4.386954E-1,7.037812E-2,9.637743E0,2.9336548E-1,1.0580351E0],"categories":[],"categories_nodes":[],"categories_segments":[],"categories_sizes":[],"default_left":[0,0,0,0,0,0,0,0,0],"id":9,"left_children":[1,3,5,-1,-1,-1,7,-1,-1],"loss_changes":[9.426139E2,1.7879211E1,5.5455933E1,0E0,0E0,0E0,5.5755615E-1,0E0,0E0],"parents":[2147483647,0,0,1,1,2,2,6,6],"right_children":[2,4,6,-1,-1,-1,8,-1,-1],"split_conditions":[6.046661E-1,4.0218782E-1,7.0566887E-1,-1.282191E0,-4.386954E-1,7.037812E-2,8.055307E-1,2.9336548E-1,1.0580351E0],"split_indices":[0,0,0,0,0,0,0,0,0],"split_type":[0,0,0,0,0,0,0,0,0],"sum_hessian":[9E0,4E0,5E0,2E0,2E0,1E0,4E0,1E0,3E0],"tree_param":{"num_deleted":"0","num_feature":"2","num_nodes":"9","size_leaf_vector":"1"}},{"base_weights":[-2.126402E-1,-9.636964E0,7.676403E0,-1.1967115E0,-4.0944916E-1,3.323389E0,1.092162E0,6.685906E-2,3.9854583E-1],"categories":[],"categories_nodes":[],"categories_segments":[],"categories_sizes":[],"default_left":[0,0,0,0,0,0,0,0,0],"id":10,"left_children":[1,3,5,-1,-1,7,-1,-1,-1],"loss_changes":[8.174662E2,1.5574738E1,4.8462036E1,0E0,0E0,4.366005E0,0E0,0E0,0E0],"parents":[2147483647,0,0,1,1,2,2,5,5],"right_children":[2,4,6,-1,-1,8,-1,-1,-1],"split_conditions":[6.046661E-1,4.0218782E-1,9.053671E-1,-1.1967115E0,-4.0944916E-1,7.0566887E-1,1.092162E0,6.685906E-2,3.9854583E-1],"split_indices":[0,0,0,0,0,0,0,0,0],"split_type":[0,0,0,0,0,0,0,0,0],"sum_hessian":[9E0,4E0,5E0,2E0,2E0,3E0,2E0,1E0,2E0],"tree_param":{"num_deleted":"0","num_feature":"2","num_nodes":"9","size_leaf_vector":"1"}},{"base_weights":[-1.962347E-1,-8.994499E0,7.168358E0,-1.1169307E0,-3.8215244E-1,3.1074028E0,1.0193512E0,6.351624E-2,3.7197623E-1],"categories":[],"categories_nodes":[],"categories_segments":[],"categories_sizes":[],"default_left":[0,0,0,0,0,0,0,0,0],"id":11,"left_children":[1,3,5,-1,-1,7,-1,-1,-1],"loss_changes":[7.124321E2,1.3567322E1,4.203473E1,0E0,0E0,3.6929436E0,0E0,0E0,0E0],"parents":[2147483647,0,0,1,1,2,2,5,5],"right_children":[2,4,6,-1,-1,8,-1,-1,-1],"split_conditions":[6.046661E-1,4.0218782E-1,9.053671E-1,-1.1169307E0,-3.8215244E-1,7.0566887E-1,1.0193512E0,6.351624E-2,3.7197623E-1],"split_indices":[0,0,0,0,0,0,0,0,0],"split_type":[0,0,0,0,0,0,0,0,0],"sum_hessian":[9E0,4E0,5E0,2E0,2E0,3E0,2E0,1E0,2E0],"tree_param":{"num_deleted":"0","num_feature":"2","num_nodes":"9","size_leaf_vector":"1"}},{"base_weights":[-1.8103465E-1,-8.394865E0,6.6939964E0,-1.0424685E0,-3.566756E-1,2.9055347E0,9.513947E-1,6.03405E-2,3.4717762E-1],"categories":[],"categories_nodes":[],"categories_segments":[],"categories_sizes":[],"default_left":[0,0,0,0,0,0,0,0,0],"id":12,"left_children":[1,3,5,-1,-1,7,-1,-1,-1],"loss_changes":[6.2089856E2,1.1818665E1,3.6456543E1,0E0,0E0,3.1193619E0,0E0,0E0,0E0],"parents":[2147483647,0,0,1,1,2,2,5,5],"right_children":[2,4,6,-1,-1,8,-1,-1,-1],"split_conditions":[6.046661E-1,4.0218782E-1,9.053671E-1,-1.0424685E0,-3.566756E-1,7.0566887E-1,9.513947E-1,6.03405E-2,3.4717762E-1],"split_indices":[0,0,0,0,0,0,0,0,0],"split_type":[0,0,0,0,0,0,0,0,0],"sum_hessian":[9E0,4E0,5E0,2E0,2E0,3E0,2E0,1E0,2E0],"tree_param":{"num_deleted":"0","num_feature":"2","num_nodes":"9","size_leaf_vector":"1"}},{"base_weights":[-1.6695385E-1,-7.835208E0,6.2510834E0,-9.7297066E-1,-3.328973E-1,2.7168617E0,8.879685E-1,5.7323456E-2,3.240326E-1],"categories":[],"categories_nodes":[],"categories_segments":[],"categories_sizes":[],"default_left":[0,0,0,0,0,0,0,0,0],"id":13,"left_children":[1,3,5,-1,-1,7,-1,-1,-1],"loss_changes":[5.411299E2,1.0295349E1,3.1615494E1,0E0,0E0,2.6309795E0,0E0,0E0,0E0],"parents":[2147483647,0,0,1,1,2,2,5,5],"right_children":[2,4,6,-1,-1,8,-1,-1,-1],"split_conditions":[6.046661E-1,4.0218782E-1,9.053671E-1,-9.7297066E-1,-3.328973E-1,7.0566887E-1,8.879685E-1,5.7323456E-2,3.240326E-1],"split_indices":[0,0,0,0,0,0,0,0,0],"split_type":[0,0,0,0,0,0,0,0,0],"sum_hessian":[9E0,4E0,5E0,2E0,2E0,3E0,2E0,1E0,2E0],"tree_param":{"num_deleted":"0","num_feature":"2","num_nodes":"9","size_leaf_vector":"1"}},{"base_weights":[-1.5391445E-1,-7.3128614E0,5.837527E0,-9.08106E-1,-3.1070417E-1,2.540512E0,8.2877046E-1,5.4457095E-2,3.0243024E-1],"categories":[],"categories_nodes":[],"categories_segments":[],"categories_sizes":[],"default_left":[0,0,0,0,0,0,0,0,0],"id":14,"left_children":[1,3,5,-1,-1,7,-1,-1,-1],"loss_changes":[4.7161313E2,8.968384E0,2.7414627E1,0E0,0E0,2.215519E0,0E0,0E0,0E0],"parents":[2147483647,0,0,1,1,2,2,5,5],"right_children":[2,4,6,-1,-1,8,-1,-1,-1],"split_conditions":[6.046661E-1,4.0218782E-1,9.053671E-1,-9.08106E-1,-3.1070417E-1,7.0566887E-1,8.2877046E-1,5.4457095E-2,3.0243024E-1],"split_indices":[0,0,0,0,0,0,0,0,0],"split_type":[0,0,0,0,0,0,0,0,0],"sum_hessian":[9E0,4E0,5E0,2E0,2E0,3E0,2E0,1E0,2E0],"tree_param":{"num_deleted":"0","num_feature":"2","num_nodes":"9","size_leaf_vector":"1"}},{"base_weights":[-1.4183864E-1,-6.825337E0,5.451383E0,-7.668964E-1,-1.7254142E-1,2.3756828E0,7.735189E-1,5.173416E-2,2.8226826E-1],"categories":[],"categories_nodes":[],"categories_segments":[],"categories_sizes":[],"default_left":[0,0,0,0,0,0,0,0,0],"id":15,"left_children":[1,3,5,-1,-1,7,-1,-1,-1],"loss_changes":[4.110304E2,8.280014E0,2.376944E1,0E0,0E0,1.862421E0,0E0,0E0,0E0],"parents":[2147483647,0,0,1,1,2,2,5,5],"right_children":[2,4,6,-1,-1,8,-1,-1,-1],"split_conditions":[6.046661E-1,5.030802E-1,9.053671E-1,-7.668964E-1,-1.7254142E-1,7.0566887E-1,7.735189E-1,5.173416E-2,2.8226826E-1],"split_indices":[0,0,0,0,0,0,0,0,0],"split_type":[0,0,0,0,0,0,0,0,0],"sum_hessian":[9E0,4E0,5E0,3E0,1E0,3E0,2E0,1E0,2E0],"tree_param":{"num_deleted":"0","num_feature":"2","num_nodes":"9","size_leaf_vector":"1"}},{"base_weights":[-1.1084652E-1,-6.3306913E0,5.0908318E0,-7.964392E-1,-2.5867602E-1,2.2216167E0,7.2195077E-1,4.9147416E-2,2.6345062E-1],"categories":[],"categories_nodes":[],"categories_segments":[],"categories_sizes":[],"default_left":[0,0,0,0,0,0,0,0,0],"id":16,"left_children":[1,3,5,-1,-1,7,-1,-1,-1],"loss_changes":[3.557648E2,9.980331E0,2.0606796E1,0E0,0E0,1.5626392E0,0E0,0E0,0E0],"parents":[2147483647,0,0,1,1,2,2,5,5],"right_children":[2,4,6,-1,-1,8,-1,-1,-1],"split_conditions":[6.046661E-1,4.0218782E-1,9.053671E-1,-7.964392E-1,-2.5867602E-1,7.0566887E-1,7.2195077E-1,4.9147416E-2,2.6345062E-1],"split_indices":[0,0,0,0,0,0,0,0,0],"split_type":[0,0,0,0,0,0,0,0,0],"sum_hessian":[9E0,4E0,5E0,2E0,2E0,3E0,2E0,1E0,2E0],"tree_param":{"num_deleted":"0","num_feature":"2","num_nodes":"9","size_leaf_vector":"1"}},{"base_weights":[-1.0181942E-1,-5.908645E0,4.754172E0,-7.433432E-1,-2.4143104E-1,1.405955E-1,6.076792E-1],"categories":[],"categories_nodes":[],"categories_segments":[],"categories_sizes":[],"default_left":[0,0,0,0,0,0,0],"id":17,"left_children":[1,3,5,-1,-1,-1,-1],"loss_changes":[3.1006967E2,8.693939E0,1.8026825E1,0E0,0E0,0E0,0E0],"parents":[2147483647,0,0,1,1,2,2],"right_children":[2,4,6,-1,-1,-1,-1],"split_conditions":[6.046661E-1,4.0218782E-1,8.055307E-1,-7.433432E-1,-2.4143104E-1,1.405955E-1,6.076792E-1],"split_indices":[0,0,0,0,0,0,0],"split_type":[0,0,0,0,0,0,0],"sum_hessian":[9E0,4E0,5E0,2E0,2E0,2E0,3E0],"tree_param":{"num_deleted":"0","num_feature":"2","num_nodes":"7","size_leaf_vector":"1"}},{"base_weights":[-1.1528759E-1,-5.514735E0,4.4034667E0,-6.93787E-1,-2.2533558E-1,1.8553867E0,6.333084E-1,3.9660264E-2,2.2094472E-1],"categories":[],"categories_nodes":[],"categories_segments":[],"categories_sizes":[],"default_left":[0,0,0,0,0,0,0,0,0],"id":18,"left_children":[1,3,5,-1,-1,7,-1,-1,-1],"loss_changes":[2.682717E2,7.5734253E0,1.7750595E1,0E0,0E0,1.1897192E0,0E0,0E0,0E0],"parents":[2147483647,0,0,1,1,2,2,5,5],"right_children":[2,4,6,-1,-1,8,-1,-1,-1],"split_conditions":[6.046661E-1,4.0218782E-1,9.053671E-1,-6.93787E-1,-2.2533558E-1,7.0566887E-1,6.333084E-1,3.9660264E-2,2.2094472E-1],"split_indices":[0,0,0,0,0,0,0,0,0],"split_type":[0,0,0,0,0,0,0,0,0],"sum_hessian":[9E0,4E0,5E0,2E0,2E0,3E0,2E0,1E0,2E0],"tree_param":{"num_deleted":"0","num_feature":"2","num_nodes":"9","size_leaf_vector":"1"}},{"base_weights":[-1.0628033E-1,-5.1470866E0,4.112105E0,-6.4753455E-1,-2.103133E-1,1.7349987E0,5.910879E-1,3.7677385E-2,2.062149E-1],"categories":[],"categories_nodes":[],"categories_segments":[],"categories_sizes":[],"default_left":[0,0,0,0,0,0,0,0,0],"id":19,"left_children":[1,3,5,-1,-1,7,-1,-1,-1],"loss_changes":[2.33806E2,6.597275E0,1.5399887E1,0E0,0E0,1.000412E0,0E0,0E0,0E0],"parents":[2147483647,0,0,1,1,2,2,5,5],"right_children":[2,4,6,-1,-1,8,-1,-1,-1],"split_conditions":[6.046661E-1,4.0218782E-1,9.053671E-1,-6.4753455E-1,-2.103133E-1,7.0566887E-1,5.910879E-1,3.7677385E-2,2.062149E-1],"split_indices":[0,0,0,0,0,0,0,0,0],"split_type":[0,0,0,0,0,0,0,0,0],"sum_hessian":[9E0,4E0,5E0,2E0,2E0,3E0,2E0,1E0,2E0],"tree_param":{"num_deleted":"0","num_feature":"2","num_nodes":"9","size_leaf_vector":"1"}},{"base_weights":[-9.793911E-2,-4.8039484E0,3.8400586E0,-6.043656E-1,-1.962925E-1,1.6224728E0,5.5168205E-1,3.579369E-2,1.9246726E-1],"categories":[],"categories_nodes":[],"categories_segments":[],"categories_sizes":[],"default_left":[0,0,0,0,0,0,0,0,0],"id":20,"left_children":[1,3,5,-1,-1,7,-1,-1,-1],"loss_changes":[2.0376999E2,5.7469406E0,1.3359291E1,0E0,0E0,8.396578E-1,0E0,0E0,0E0],"parents":[2147483647,0,0,1,1,2,2,5,5],"right_children":[2,4,6,-1,-1,8,-1,-1,-1],"split_conditions":[6.046661E-1,4.0218782E-1,9.053671E-1,-6.043656E-1,-1.962925E-1,7.0566887E-1,5.5168205E-1,3.579369E-2,1.9246726E-1],"split_indices":[0,0,0,0,0,0,0,0,0],"split_type":[0,0,0,0,0,0,0,0,0],"sum_hessian":[9E0,4E0,5E0,2E0,2E0,3E0,2E0,1E0,2E0],"tree_param":{"num_deleted":"0","num_feature":"2","num_nodes":"9","size_leaf_vector":"1"}},{"base_weights":[-9.021664E-2,-4.483685E0,3.5860431E0,-5.640745E-1,-1.832063E-1,1.5172901E0,5.1490325E-1,3.400383E-2,1.7963614E-1],"categories":[],"categories_nodes":[],"categories_segments":[],"categories_sizes":[],"default_left":[0,0,0,0,0,0,0,0,0],"id":21,"left_children":[1,3,5,-1,-1,7,-1,-1,-1],"loss_changes":[1.77594E2,5.006233E0,1.1588058E1,0E0,0E0,7.0331573E-1,0E0,0E0,0E0],"parents":[2147483647,0,0,1,1,2,2,5,5],"right_children":[2,4,6,-1,-1,8,-1,-1,-1],"split_conditions":[6.046661E-1,4.0218782E-1,9.053671E-1,-5.640745E-1,-1.832063E-1,7.0566887E-1,5.1490325E-1,3.400383E-2,1.7963614E-1],"split_indices":[0,0,0,0,0,0,0,0,0],"split_type":[0,0,0,0,0,0,0,0,0],"sum_hessian":[9E0,4E0,5E0,2E0,2E0,3E0,2E0,1E0,2E0],"tree_param":{"num_deleted":"0","num_feature":"2","num_nodes":"9","size_leaf_vector":"1"}},{"base_weights":[-8.3067894E-2,-4.184773E0,3.3488643E0,-5.2646947E-1,-1.7099266E-1,1.7769073E0,5.6043243E-1,3.230362E-2,2.0596161E-1],"categories":[],"categories_nodes":[],"categories_segments":[],"categories_sizes":[],"default_left":[0,0,0,0,0,0,0,0,0],"id":22,"left_children":[1,3,5,-1,-1,7,-1,-1,-1],"loss_changes":[1.5478198E2,4.360962E0,1.1314545E1,0E0,0E0,1.3897791E0,0E0,0E0,0E0],"parents":[2147483647,0,0,1,1,2,2,5,5],"right_children":[2,4,6,-1,-1,8,-1,-1,-1],"split_conditions":[6.046661E-1,4.0218782E-1,1E0,-5.2646947E-1,-1.7099266E-1,7.0566887E-1,5.6043243E-1,3.230362E-2,2.0596161E-1],"split_indices":[0,0,0,0,0,0,0,0,0],"split_type":[0,0,0,0,0,0,0,0,0],"sum_hessian":[9E0,4E0,5E0,2E0,2E0,4E0,1E0,1E0,3E0],"tree_param":{"num_deleted":"0","num_feature":"2","num_nodes":"9","size_leaf_vector":"1"}},{"base_weights":[-6.4637564E-2,-3.9057872E0,3.1470935E0,-5.7102865E-1,-2.0270911E-1,1.646869E0,5.324108E-1,3.0688478E-2,1.9051437E-1],"categories":[],"categories_nodes":[],"categories_segments":[],"categories_sizes":[],"default_left":[0,0,0,0,0,0,0,0,0],"id":23,"left_children":[1,3,5,-1,-1,7,-1,-1,-1],"loss_changes":[1.3565927E2,5.3752594E0,1.0827953E1,0E0,0E0,1.1457615E0,0E0,0E0,0E0],"parents":[2147483647,0,0,1,1,2,2,5,5],"right_children":[2,4,6,-1,-1,8,-1,-1,-1],"split_conditions":[6.046661E-1,2.0133993E-1,1E0,-5.7102865E-1,-2.0270911E-1,7.0566887E-1,5.324108E-1,3.0688478E-2,1.9051437E-1],"split_indices":[0,0,0,0,0,0,0,0,0],"split_type":[0,0,0,0,0,0,0,0,0],"sum_hessian":[9E0,4E0,5E0,1E0,3E0,4E0,1E0,1E0,3E0],"tree_param":{"num_deleted":"0","num_feature":"2","num_nodes":"9","size_leaf_vector":"1"}},{"base_weights":[-6.0185432E-2,-3.6699557E0,2.9579875E0,-5.4247713E-1,-1.8750592E-1,1.5264237E0,5.0579035E-1,2.9154206E-2,1.7622586E-1],"categories":[],"categories_nodes":[],"categories_segments":[],"categories_sizes":[],"default_left":[0,0,0,0,0,0,0,0,0],"id":24,"left_children":[1,3,5,-1,-1,7,-1,-1,-1],"loss_changes":[1.19804794E2,5.5767975E0,1.0316479E1,0E0,0E0,9.4236755E-1,0E0,0E0,0E0],"parents":[2147483647,0,0,1,1,2,2,5,5],"right_children":[2,4,6,-1,-1,8,-1,-1,-1],"split_conditions":[6.046661E-1,2.0133993E-1,1E0,-5.4247713E-1,-1.8750592E-1,7.0566887E-1,5.0579035E-1,2.9154206E-2,1.7622586E-1],"split_indices":[0,0,0,0,0,0,0,0,0],"split_type":[0,0,0,0,0,0,0,0,0],"sum_hessian":[9E0,4E0,5E0,1E0,3E0,4E0,1E0,1E0,3E0],"tree_param":{"num_deleted":"0","num_feature":"2","num_nodes":"9","size_leaf_vector":"1"}},{"base_weights":[-5.6046866E-2,-3.448956E0,2.7807186E0,-5.153533E-1,-1.7344284E-1,1.414859E0,4.805008E-1,2.769661E-2,1.6300908E-1],"categories":[],"categories_nodes":[],"categories_segments":[],"categories_sizes":[],"default_left":[0,0,0,0,0,0,0,0,0],"id":25,"left_children":[1,3,5,-1,-1,7,-1,-1,-1],"loss_changes":[1.0583945E2,5.6742897E0,9.790958E0,0E0,0E0,7.730732E-1,0E0,0E0,0E0],"parents":[2147483647,0,0,1,1,2,2,5,5],"right_children":[2,4,6,-1,-1,8,-1,-1,-1],"split_conditions":[6.046661E-1,2.0133993E-1,1E0,-5.153533E-1,-1.7344284E-1,7.0566887E-1,4.805008E-1,2.769661E-2,1.6300908E-1],"split_indices":[0,0,0,0,0,0,0,0,0],"split_type":[0,0,0,0,0,0,0,0,0],"sum_hessian":[9E0,4E0,5E0,1E0,3E0,4E0,1E0,1E0,3E0],"tree_param":{"num_deleted":"0","num_feature":"2","num_nodes":"9","size_leaf_vector":"1"}},{"base_weights":[-5.220089E-2,-3.2418194E0,2.6145146E0,-4.895856E-1,-1.6043463E-1,1.3115143E0,4.5647582E-1,2.6311874E-2,1.5078335E-1],"categories":[],"categories_nodes":[],"categories_segments":[],"categories_sizes":[],"default_left":[0,0,0,0,0,0,0,0,0],"id":26,"left_children":[1,3,5,-1,-1,7,-1,-1,-1],"loss_changes":[9.353384E1,5.6875496E0,9.260265E0,0E0,0E0,6.323614E-1,0E0,0E0,0E0],"parents":[2147483647,0,0,1,1,2,2,5,5],"right_children":[2,4,6,-1,-1,8,-1,-1,-1],"split_conditions":[6.046661E-1,2.0133993E-1,1E0,-4.895856E-1,-1.6043463E-1,7.0566887E-1,4.5647582E-1,2.6311874E-2,1.5078335E-1],"split_indices":[0,0,0,0,0,0,0,0,0],"split_type":[0,0,0,0,0,0,0,0,0],"sum_hessian":[9E0,4E0,5E0,1E0,3E0,4E0,1E0,1E0,3E0],"tree_param":{"num_deleted":"0","num_feature":"2","num_nodes":"9","size_leaf_vector":"1"}},{"base_weights":[-4.8624612E-2,-3.0476413E0,2.4586601E0,-4.651063E-1,-1.4840202E-1,1.2157837E0,4.3365213E-1,2.4996186E-2,1.3947487E-1],"categories":[],"categories_nodes":[],"categories_segments":[],"categories_sizes":[],"default_left":[0,0,0,0,0,0,0,0,0],"id":27,"left_children":[1,3,5,-1,-1,7,-1,-1,-1],"loss_changes":[8.2687004E1,5.6334496E0,8.731426E0,0E0,0E0,5.1560736E-1,0E0,0E0,0E0],"parents":[2147483647,0,0,1,1,2,2,5,5],"right_children":[2,4,6,-1,-1,8,-1,-1,-1],"split_conditions":[6.046661E-1,2.0133993E-1,1E0,-4.651063E-1,-1.4840202E-1,7.0566887E-1,4.3365213E-1,2.4996186E-2,1.3947487E-1],"split_indices":[0,0,0,0,0,0,0,0,0],"split_type":[0,0,0,0,0,0,0,0,0],"sum_hessian":[9E0,4E0,5E0,1E0,3E0,4E0,1E0,1E0,3E0],"tree_param":{"num_deleted":"0","num_feature":"2","num_nodes":"9","size_leaf_vector":"1"}},{"base_weights":[-4.529972E-2,-2.8655782E0,2.312482E0,-4.4185096E-1,-1.3727179E-1,1.1271012E0,4.119694E-1,2.374649E-2,1.290144E-1],"categories":[],"categories_nodes":[],"categories_segments":[],"categories_sizes":[],"default_left":[0,0,0,0,0,0,0,0,0],"id":28,"left_children":[1,3,5,-1,-1,7,-1,-1,-1],"loss_changes":[7.3122604E1,5.526184E0,8.210091E0,0E0,0E0,4.1888046E-1,0E0,0E0,0E0],"parents":[2147483647,0,0,1,1,2,2,5,5],"right_children":[2,4,6,-1,-1,8,-1,-1,-1],"split_conditions":[6.046661E-1,2.0133993E-1,1E0,-4.4185096E-1,-1.3727179E-1,7.0566887E-1,4.119694E-1,2.374649E-2,1.290144E-1],"split_indices":[0,0,0,0,0,0,0,0,0],"split_type":[0,0,0,0,0,0,0,0,0],"sum_hessian":[9E0,4E0,5E0,1E0,3E0,4E0,1E0,1E0,3E0],"tree_param":{"num_deleted":"0","num_feature":"2","num_nodes":"9","size_leaf_vector":"1"}},{"base_weights":[-4.220829E-2,-2.6948445E0,2.1753566E0,-4.1975832E-1,-1.269764E0,1.0449448E0,3.9137077E-1,-1.4322612E-1,-3.911362E-2,2.2559358E-2,1.19338416E-1],"categories":[],"categories_nodes":[],"categories_segments":[],"categories_sizes":[],"default_left":[0,0,0,0,0,0,0,0,0,0,0],"id":29,"left_children":[1,3,5,-1,7,9,-1,-1,-1,-1,-1],"loss_changes":[6.468617E1,5.3776817E0,7.7007084E0,0E0,1.0889053E-2,3.388996E-1,0E0,0E0,0E0,0E0,0E0],"parents":[2147483647,0,0,1,1,2,2,4,4,5,5],"right_children":[2,4,6,-1,8,10,-1,-1,-1,-1,-1],"split_conditions":[6.046661E-1,2.0133993E-1,1E0,-4.1975832E-1,5.030802E-1,7.0566887E-1,3.9137077E-1,-1.4322612E-1,-3.911362E-2,2.2559358E-2,1.19338416E-1],"split_indices":[0,0,0,0,0,0,0,0,0,0,0],"split_type":[0,0,0,0,0,0,0,0,0,0,0],"sum_hessian":[9E0,4E0,5E0,1E0,3E0,4E0,1E0,2E0,1E0,1E0,3E0],"tree_param":{"num_deleted":"0","num_feature":"2","num_nodes":"11","size_leaf_vector":"1"}},{"base_weights":[-4.487095E-2,-2.5457797E0,2.0466983E0,-3.9877042E-1,-1.1883726E-1,9.6882933E-1,3.7180215E-1,2.1431351E-2,1.10387996E-1],"categories":[],"categories_nodes":[],"categories_segments":[],"categories_sizes":[],"default_left":[0,0,0,0,0,0,0,0,0],"id":30,"left_children":[1,3,5,-1,-1,7,-1,-1,-1],"loss_changes":[5.7518684E1,5.047512E0,7.2066727E0,0E0,0E0,2.7291298E-1,0E0,0E0,0E0],"parents":[2147483647,0,0,1,1,2,2,5,5],"right_children":[2,4,6,-1,-1,8,-1,-1,-1],"split_conditions":[6.046661E-1,2.0133993E-1,1E0,-3.9877042E-1,-1.1883726E-1,7.0566887E-1,3.7180215E-1,2.1431351E-2,1.10387996E-1],"split_indices":[0,0,0,0,0,0,0,0,0],"split_type":[0,0,0,0,0,0,0,0,0],"sum_hessian":[9E0,4E0,5E0,1E0,3E0,4E0,1E0,1E0,3E0],"tree_param":{"num_deleted":"0","num_feature":"2","num_nodes":"9","size_leaf_vector":"1"}},{"base_weights":[-4.1783713E-2,-2.3947246E0,1.9259644E0,-3.7883195E-1,-1.099246E0,8.9830935E-1,3.5321197E-1,-1.2575531E-1,-3.121624E-2,2.0359803E-2,1.0210877E-1],"categories":[],"categories_nodes":[],"categories_segments":[],"categories_sizes":[],"default_left":[0,0,0,0,0,0,0,0,0,0,0],"id":31,"left_children":[1,3,5,-1,7,9,-1,-1,-1,-1,-1],"loss_changes":[5.0912106E1,4.862566E0,6.730505E0,0E0,1.0584259E-1,2.1858597E-1,0E0,0E0,0E0,0E0,0E0],"parents":[2147483647,0,0,1,1,2,2,4,4,5,5],"right_children":[2,4,6,-1,8,10,-1,-1,-1,-1,-1],"split_conditions":[6.046661E-1,2.0133993E-1,1E0,-3.7883195E-1,5.030802E-1,7.0566887E-1,3.5321197E-1,-1.2575531E-1,-3.121624E-2,2.0359803E-2,1.0210877E-1],"split_indices":[0,0,0,0,0,0,0,0,0,0,0],"split_type":[0,0,0,0,0,0,0,0,0,0,0],"sum_hessian":[9E0,4E0,5E0,1E0,3E0,4E0,1E0,2E0,1E0,1E0,3E0],"tree_param":{"num_deleted":"0","num_feature":"2","num_nodes":"11","size_leaf_vector":"1"}},{"base_weights":[-4.3618582E-2,-2.2624125E0,1.8126463E0,-3.5989028E-1,-1.0285645E0,8.3296967E-1,3.3555147E-1,-1.1737162E-1,-2.9655457E-2,1.934166E-2,9.445038E-2],"categories":[],"categories_nodes":[],"categories_segments":[],"categories_sizes":[],"default_left":[0,0,0,0,0,0,0,0,0,0,0],"id":32,"left_children":[1,3,5,-1,7,9,-1,-1,-1,-1,-1],"loss_changes":[4.5287643E1,4.5434246E0,6.2740307E0,0E0,7.6939106E-2,1.7397714E-1,0E0,0E0,0E0,0E0,0E0],"parents":[2147483647,0,0,1,1,2,2,4,4,5,5],"right_children":[2,4,6,-1,8,10,-1,-1,-1,-1,-1],"split_conditions":[6.046661E-1,2.0133993E-1,1E0,-3.5989028E-1,5.030802E-1,7.0566887E-1,3.3555147E-1,-1.1737162E-1,-2.9655457E-2,1.934166E-2,9.445038E-2],"split_indices":[0,0,0,0,0,0,0,0,0,0,0],"split_type":[0,0,0,0,0,0,0,0,0,0,0],"sum_hessian":[9E0,4E0,5E0,1E0,3E0,4E0,1E0,2E0,1E0,1E0,3E0],"tree_param":{"num_deleted":"0","num_feature":"2","num_nodes":"11","size_leaf_vector":"1"}},{"base_weights":[-4.501438E-2,-2.1375554E0,1.7062721E0,-3.418958E-1,-9.624653E-1,7.724304E-1,3.1877404E-1,-1.09546915E-1,-2.8172685E-2,1.8374635E-2,8.7366484E-2],"categories":[],"categories_nodes":[],"categories_segments":[],"categories_sizes":[],"default_left":[0,0,0,0,0,0,0,0,0,0,0],"id":33,"left_children":[1,3,5,-1,7,9,-1,-1,-1,-1,-1],"loss_changes":[4.029364E1,4.238188E0,5.838434E0,0E0,5.354023E-2,1.3744283E-1,0E0,0E0,0E0,0E0,0E0],"parents":[2147483647,0,0,1,1,2,2,4,4,5,5],"right_children":[2,4,6,-1,8,10,-1,-1,-1,-1,-1],"split_conditions":[6.046661E-1,2.0133993E-1,1E0,-3.418958E-1,5.030802E-1,7.0566887E-1,3.1877404E-1,-1.09546915E-1,-2.8172685E-2,1.8374635E-2,8.7366484E-2],"split_indices":[0,0,0,0,0,0,0,0,0,0,0],"split_type":[0,0,0,0,0,0,0,0,0,0,0],"sum_hessian":[9E0,4E0,5E0,1E0,3E0,4E0,1E0,2E0,1E0,1E0,3E0],"tree_param":{"num_deleted":"0","num_feature":"2","num_nodes":"11","size_leaf_vector":"1"}},{"base_weights":[-4.602184E-2,-2.0197232E0,1.6063995E0,-3.2480097E-1,-9.006491E-1,7.1633756E-1,3.0283546E-1,-1.022438E-1,-2.6764108E-2,1.7456055E-2,8.0814175E-2],"categories":[],"categories_nodes":[],"categories_segments":[],"categories_sizes":[],"default_left":[0,0,0,0,0,0,0,0,0,0,0],"id":34,"left_children":[1,3,5,-1,7,9,-1,-1,-1,-1,-1],"loss_changes":[3.5858345E1,3.947401E0,5.424445E0,0E0,3.4727335E-2,1.0761738E-1,0E0,0E0,0E0,0E0,0E0],"parents":[2147483647,0,0,1,1,2,2,4,4,5,5],"right_children":[2,4,6,-1,8,10,-1,-1,-1,-1,-1],"split_conditions":[6.046661E-1,2.0133993E-1,1E0,-3.2480097E-1,5.030802E-1,7.0566887E-1,3.0283546E-1,-1.022438E-1,-2.6764108E-2,1.7456055E-2,8.0814175E-2],"split_indices":[0,0,0,0,0,0,0,0,0,0,0],"split_type":[0,0,0,0,0,0,0,0,0,0,0],"sum_hessian":[9E0,4E0,5E0,1E0,3E0,4E0,1E0,2E0,1E0,1E0,3E0],"tree_param":{"num_deleted":"0","num_feature":"2","num_nodes":"11","size_leaf_vector":"1"}},{"base_weights":[-4.668827E-2,-1.9085118E0,1.5126127E0,-3.0856085E-1,-8.428354E-1,6.6436005E-1,2.876938E-1,-9.5427446E-2,-2.5425911E-2,1.6583253E-2,7.475338E-2],"categories":[],"categories_nodes":[],"categories_segments":[],"categories_sizes":[],"default_left":[0,0,0,0,0,0,0,0,0,0,0],"id":35,"left_children":[1,3,5,-1,7,9,-1,-1,-1,-1,-1],"loss_changes":[3.191827E1,3.67136E0,5.0324316E0,0E0,1.9728422E-2,8.335638E-2,0E0,0E0,0E0,0E0,0E0],"parents":[2147483647,0,0,1,1,2,2,4,4,5,5],"right_children":[2,4,6,-1,8,10,-1,-1,-1,-1,-1],"split_conditions":[6.046661E-1,2.0133993E-1,1E0,-3.0856085E-1,5.030802E-1,7.0566887E-1,2.876938E-1,-9.5427446E-2,-2.5425911E-2,1.6583253E-2,7.475338E-2],"split_indices":[0,0,0,0,0,0,0,0,0,0,0],"split_type":[0,0,0,0,0,0,0,0,0,0,0],"sum_hessian":[9E0,4E0,5E0,1E0,3E0,4E0,1E0,2E0,1E0,1E0,3E0],"tree_param":{"num_deleted":"0","num_feature":"2","num_nodes":"11","size_leaf_vector":"1"}},{"base_weights":[-4.7058105E-2,-1.8035431E0,1.4245224E0,-2.9313278E-1,-7.8876495E-1,6.161911E-1,2.7330896E-1,-8.906555E-2,-2.4154663E-2,1.5753938E-2,6.914692E-2],"categories":[],"categories_nodes":[],"categories_segments":[],"categories_sizes":[],"default_left":[0,0,0,0,0,0,0,0,0,0,0],"id":36,"left_children":[1,3,5,-1,7,9,-1,-1,-1,-1,-1],"loss_changes":[2.8417278E1,3.4101276E0,4.662429E0,0E0,7.890701E-3,6.369865E-2,0E0,0E0,0E0,0E0,0E0],"parents":[2147483647,0,0,1,1,2,2,4,4,5,5],"right_children":[2,4,6,-1,8,10,-1,-1,-1,-1,-1],"split_conditions":[6.046661E-1,2.0133993E-1,1E0,-2.9313278E-1,5.030802E-1,7.0566887E-1,2.7330896E-1,-8.906555E-2,-2.4154663E-2,1.5753938E-2,6.914692E-2],"split_indices":[0,0,0,0,0,0,0,0,0,0,0],"split_type":[0,0,0,0,0,0,0,0,0,0,0],"sum_hessian":[9E0,4E0,5E0,1E0,3E0,4E0,1E0,2E0,1E0,1E0,3E0],"tree_param":{"num_deleted":"0","num_feature":"2","num_nodes":"11","size_leaf_vector":"1"}},{"base_weights":[-4.716606E-2,-1.7044594E0,1.3417727E0,-2.7847615E-1,-7.3819354E-2,5.7155305E-1,2.5964355E-1,1.4966202E-2,6.396103E-2],"categories":[],"categories_nodes":[],"categories_segments":[],"categories_sizes":[],"default_left":[0,0,0,0,0,0,0,0,0],"id":37,"left_children":[1,3,5,-1,-1,7,-1,-1,-1],"loss_changes":[2.5305786E1,3.163601E0,4.3141956E0,0E0,0E0,4.783845E-2,0E0,0E0,0E0],"parents":[2147483647,0,0,1,1,2,2,5,5],"right_children":[2,4,6,-1,-1,8,-1,-1,-1],"split_conditions":[6.046661E-1,2.0133993E-1,1E0,-2.7847615E-1,-7.3819354E-2,7.0566887E-1,2.5964355E-1,1.4966202E-2,6.396103E-2],"split_indices":[0,0,0,0,0,0,0,0,0],"split_type":[0,0,0,0,0,0,0,0,0],"sum_hessian":[9E0,4E0,5E0,1E0,3E0,4E0,1E0,1E0,3E0],"tree_param":{"num_deleted":"0","num_feature":"2","num_nodes":"9","size_leaf_vector":"1"}},{"base_weights":[-4.3823622E-2,-1.6044731E0,1.2640215E0,-2.6455233E-1,-6.8282986E-1,5.3018034E-1,2.4666138E-1,-7.8206636E-2,-1.925602E-2,2.2375233E-2,6.598816E-2],"categories":[],"categories_nodes":[],"categories_segments":[],"categories_sizes":[],"default_left":[0,0,0,0,0,0,0,0,0,0,0],"id":38,"left_children":[1,3,5,-1,7,9,-1,-1,-1,-1,-1],"loss_changes":[2.2438969E1,2.99094E0,3.987321E0,0E0,4.4015765E-2,5.107045E-2,0E0,0E0,0E0,0E0,0E0],"parents":[2147483647,0,0,1,1,2,2,4,4,5,5],"right_children":[2,4,6,-1,8,10,-1,-1,-1,-1,-1],"split_conditions":[6.046661E-1,2.0133993E-1,1E0,-2.6455233E-1,5.030802E-1,8.055307E-1,2.4666138E-1,-7.8206636E-2,-1.925602E-2,2.2375233E-2,6.598816E-2],"split_indices":[0,0,0,0,0,0,0,0,0,0,0],"split_type":[0,0,0,0,0,0,0,0,0,0,0],"sum_hessian":[9E0,4E0,5E0,1E0,3E0,4E0,1E0,2E0,1E0,2E0,2E0],"tree_param":{"num_deleted":"0","num_feature":"2","num_nodes":"11","size_leaf_vector":"1"}},{"base_weights":[-4.2140197E-2,-1.5164292E0,1.1934572E0,-2.5132465E-1,-6.3891315E-1,4.948349E-1,2.3432846E-1,-7.2992966E-2,-1.829319E-2,2.0883434E-2,6.158905E-2],"categories":[],"categories_nodes":[],"categories_segments":[],"categories_sizes":[],"default_left":[0,0,0,0,0,0,0,0,0,0,0],"id":39,"left_children":[1,3,5,-1,7,9,-1,-1,-1,-1,-1],"loss_changes":[2.002607E1,2.76787E0,3.6602316E0,0E0,3.2479763E-2,4.4490814E-2,0E0,0E0,0E0,0E0,0E0],"parents":[2147483647,0,0,1,1,2,2,4,4,5,5],"right_children":[2,4,6,-1,8,10,-1,-1,-1,-1,-1],"split_conditions":[6.046661E-1,2.0133993E-1,1E0,-2.5132465E-1,5.030802E-1,8.055307E-1,2.3432846E-1,-7.2992966E-2,-1.829319E-2,2.0883434E-2,6.158905E-2],"split_indices":[0,0,0,0,0,0,0,0,0,0,0],"split_type":[0,0,0,0,0,0,0,0,0,0,0],"sum_hessian":[9E0,4E0,5E0,1E0,3E0,4E0,1E0,2E0,1E0,2E0,2E0],"tree_param":{"num_deleted":"0","num_feature":"2","num_nodes":"11","size_leaf_vector":"1"}},{"base_weights":[-4.0507317E-2,-1.433308E0,1.1269112E0,-2.3875837E-1,-5.9784317E-1,4.618454E-1,2.2261201E-1,-6.812668E-2,-1.7378617E-2,1.9491322E-2,5.748291E-2],"categories":[],"categories_nodes":[],"categories_segments":[],"categories_sizes":[],"default_left":[0,0,0,0,0,0,0,0,0,0,0],"id":40,"left_children":[1,3,5,-1,7,9,-1,-1,-1,-1,-1],"loss_changes":[1.7875023E1,2.558918E0,3.3581538E0,0E0,2.3110628E-2,3.8753152E-2,0E0,0E0,0E0,0E0,0E0],"parents":[2147483647,0,0,1,1,2,2,4,4,5,5],"right_children":[2,4,6,-1,8,10,-1,-1,-1,-1,-1],"split_conditions":[6.046661E-1,2.0133993E-1,1E0,-2.3875837E-1,5.030802E-1,8.055307E-1,2.2261201E-1,-6.812668E-2,-1.7378617E-2,1.9491322E-2,5.748291E-2],"split_indices":[0,0,0,0,0,0,0,0,0,0,0],"split_type":[0,0,0,0,0,0,0,0,0,0,0],"sum_hessian":[9E0,4E0,5E0,1E0,3E0,4E0,1E0,2E0,1E0,2E0,2E0],"tree_param":{"num_deleted":"0","num_feature":"2","num_nodes":"11","size_leaf_vector":"1"}},{"base_weights":[-3.8923837E-2,-1.3548298E0,1.0641518E0,-2.2682047E-1,-5.594349E-1,4.310562E-1,2.1148148E-1,-6.35849E-2,-1.6509628E-2,1.8191783E-2,5.3650923E-2],"categories":[],"categories_nodes":[],"categories_segments":[],"categories_sizes":[],"default_left":[0,0,0,0,0,0,0,0,0,0,0],"id":41,"left_children":[1,3,5,-1,7,9,-1,-1,-1,-1,-1],"loss_changes":[1.5957182E1,2.363555E0,3.0794172E0,0E0,1.5555859E-2,3.3761322E-2,0E0,0E0,0E0,0E0,0E0],"parents":[2147483647,0,0,1,1,2,2,4,4,5,5],"right_children":[2,4,6,-1,8,10,-1,-1,-1,-1,-1],"split_conditions":[6.046661E-1,2.0133993E-1,1E0,-2.2682047E-1,5.030802E-1,8.055307E-1,2.1148148E-1,-6.35849E-2,-1.6509628E-2,1.8191783E-2,5.3650923E-2],"split_indices":[0,0,0,0,0,0,0,0,0,0,0],"split_type":[0,0,0,0,0,0,0,0,0,0,0],"sum_hessian":[9E0,4E0,5E0,1E0,3E0,4E0,1E0,2E0,1E0,2E0,2E0],"tree_param":{"num_deleted":"0","num_feature":"2","num_nodes":"11","size_leaf_vector":"1"}},{"base_weights":[-3.7389755E-2,-1.2807305E0,1.0049591E0,-2.1547948E-1,-5.235157E-1,4.0232086E-1,2.0090751E-1,-5.934601E-2,-1.5684128E-2,1.6979218E-2,5.007426E-2],"categories":[],"categories_nodes":[],"categories_segments":[],"categories_sizes":[],"default_left":[0,0,0,0,0,0,0,0,0,0,0],"id":42,"left_children":[1,3,5,-1,7,9,-1,-1,-1,-1,-1],"loss_changes":[1.4247029E1,2.181203E0,2.8224196E0,0E0,9.508252E-3,2.9407263E-2,0E0,0E0,0E0,0E0,0E0],"parents":[2147483647,0,0,1,1,2,2,4,4,5,5],"right_children":[2,4,6,-1,8,10,-1,-1,-1,-1,-1],"split_conditions":[6.046661E-1,2.0133993E-1,1E0,-2.1547948E-1,5.030802E-1,8.055307E-1,2.0090751E-1,-5.934601E-2,-1.5684128E-2,1.6979218E-2,5.007426E-2],"split_indices":[0,0,0,0,0,0,0,0,0,0,0],"split_type":[0,0,0,0,0,0,0,0,0,0,0],"sum_hessian":[9E0,4E0,5E0,1E0,3E0,4E0,1E0,2E0,1E0,2E0,2E0],"tree_param":{"num_deleted":"0","num_feature":"2","num_nodes":"11","size_leaf_vector":"1"}},{"base_weights":[-3.5905264E-2,-1.2107601E0,9.4912463E-1,-2.0470552E-1,-4.8992252E-1,3.755005E-1,1.9086228E-1,-5.538966E-2,-1.4900017E-2,9.321595E-3,4.2276766E-2],"categories":[],"categories_nodes":[],"categories_segments":[],"categories_sizes":[],"default_left":[0,0,0,0,0,0,0,0,0,0,0],"id":43,"left_children":[1,3,5,-1,7,9,-1,-1,-1,-1,-1],"loss_changes":[1.2721834E1,2.0112667E0,2.5856595E0,0E0,4.7100782E-3,2.7305245E-2,0E0,0E0,0E0,0E0,0E0],"parents":[2147483647,0,0,1,1,2,2,4,4,5,5],"right_children":[2,4,6,-1,8,10,-1,-1,-1,-1,-1],"split_conditions":[6.046661E-1,2.0133993E-1,1E0,-2.0470552E-1,5.030802E-1,7.0566887E-1,1.9086228E-1,-5.538966E-2,-1.4900017E-2,9.321595E-3,4.2276766E-2],"split_indices":[0,0,0,0,0,0,0,0,0,0,0],"split_type":[0,0,0,0,0,0,0,0,0,0,0],"sum_hessian":[9E0,4E0,5E0,1E0,3E0,4E0,1E0,2E0,1E0,1E0,3E0],"tree_param":{"num_deleted":"0","num_feature":"2","num_nodes":"11","size_leaf_vector":"1"}},{"base_weights":[-3.5567857E-2,-1.1446831E0,8.946228E-1,-1.9447021E-1,-4.5850277E-1,3.482712E-1,1.8131904E-1,-5.1697034E-2,-1.4155007E-2,1.412735E-2,4.3917846E-2],"categories":[],"categories_nodes":[],"categories_segments":[],"categories_sizes":[],"default_left":[0,0,0,0,0,0,0,0,0,0,0],"id":44,"left_children":[1,3,5,-1,7,9,-1,-1,-1,-1,-1],"loss_changes":[1.1340946E1,1.8531356E0,2.3796835E0,0E0,9.486079E-4,3.2043755E-2,0E0,0E0,0E0,0E0,0E0],"parents":[2147483647,0,0,1,1,2,2,4,4,5,5],"right_children":[2,4,6,-1,8,10,-1,-1,-1,-1,-1],"split_conditions":[6.046661E-1,2.0133993E-1,1E0,-1.9447021E-1,5.030802E-1,8.055307E-1,1.8131904E-1,-5.1697034E-2,-1.4155007E-2,1.412735E-2,4.3917846E-2],"split_indices":[0,0,0,0,0,0,0,0,0,0,0],"split_type":[0,0,0,0,0,0,0,0,0,0,0],"sum_hessian":[9E0,4E0,5E0,1E0,3E0,4E0,1E0,2E0,1E0,2E0,2E0],"tree_param":{"num_deleted":"0","num_feature":"2","num_nodes":"11","size_leaf_vector":"1"}},{"base_weights":[-3.410683E-2,-1.0822792E0,8.450546E-1,-1.8474674E-1,-4.291153E-2,3.250534E-1,1.7225304E-1,1.3185374E-2,4.0990196E-2],"categories":[],"categories_nodes":[],"categories_segments":[],"categories_sizes":[],"default_left":[0,0,0,0,0,0,0,0,0],"id":45,"left_children":[1,3,5,-1,-1,7,-1,-1,-1],"loss_changes":[1.0129712E1,1.7061901E0,2.1778164E0,0E0,0E0,2.7916431E-2,0E0,0E0,0E0],"parents":[2147483647,0,0,1,1,2,2,5,5],"right_children":[2,4,6,-1,-1,8,-1,-1,-1],"split_conditions":[6.046661E-1,2.0133993E-1,1E0,-1.8474674E-1,-4.291153E-2,8.055307E-1,1.7225304E-1,1.3185374E-2,4.0990196E-2],"split_indices":[0,0,0,0,0,0,0,0,0],"split_type":[0,0,0,0,0,0,0,0,0],"sum_hessian":[9E0,4E0,5E0,1E0,3E0,4E0,1E0,2E0,2E0],"tree_param":{"num_deleted":"0","num_feature":"2","num_nodes":"9","size_leaf_vector":"1"}},{"base_weights":[-3.0819511E-2,-1.0195827E0,7.9828644E-1,-1.7550936E-1,-3.9693165E-1,3.0338287E-1,1.6364022E-1,-4.5389812E-2,-1.1301613E-2,1.2306468E-2,3.8257346E-2],"categories":[],"categories_nodes":[],"categories_segments":[],"categories_sizes":[],"default_left":[0,0,0,0,0,0,0,0,0,0,0],"id":46,"left_children":[1,3,5,-1,7,9,-1,-1,-1,-1,-1],"loss_changes":[9.011814E0,1.5931811E0,1.9922624E0,0E0,1.3396859E-2,2.4316192E-2,0E0,0E0,0E0,0E0,0E0],"parents":[2147483647,0,0,1,1,2,2,4,4,5,5],"right_children":[2,4,6,-1,8,10,-1,-1,-1,-1,-1],"split_conditions":[6.046661E-1,2.0133993E-1,1E0,-1.7550936E-1,5.030802E-1,8.055307E-1,1.6364022E-1,-4.5389812E-2,-1.1301613E-2,1.2306468E-2,3.8257346E-2],"split_indices":[0,0,0,0,0,0,0,0,0,0,0],"split_type":[0,0,0,0,0,0,0,0,0,0,0],"sum_hessian":[9E0,4E0,5E0,1E0,3E0,4E0,1E0,2E0,1E0,2E0,2E0],"tree_param":{"num_deleted":"0","num_feature":"2","num_nodes":"11","size_leaf_vector":"1"}},{"base_weights":[-2.9536437E-2,-9.64064E-1,7.541593E-1,-1.6673394E-1,-3.7141037E-1,2.8315887E-1,1.5545808E-1,-4.236374E-2,-1.0736465E-2,1.14860535E-2,3.5707094E-2],"categories":[],"categories_nodes":[],"categories_segments":[],"categories_sizes":[],"default_left":[0,0,0,0,0,0,0,0,0,0,0],"id":47,"left_children":[1,3,5,-1,7,9,-1,-1,-1,-1,-1],"loss_changes":[8.050911E0,1.464726E0,1.8217993E0,0E0,9.677589E-3,2.1183044E-2,0E0,0E0,0E0,0E0,0E0],"parents":[2147483647,0,0,1,1,2,2,4,4,5,5],"right_children":[2,4,6,-1,8,10,-1,-1,-1,-1,-1],"split_conditions":[6.046661E-1,2.0133993E-1,1E0,-1.6673394E-1,5.030802E-1,8.055307E-1,1.5545808E-1,-4.236374E-2,-1.0736465E-2,1.14860535E-2,3.5707094E-2],"split_indices":[0,0,0,0,0,0,0,0,0,0,0],"split_type":[0,0,0,0,0,0,0,0,0,0,0],"sum_hessian":[9E0,4E0,5E0,1E0,3E0,4E0,1E0,2E0,1E0,2E0,2E0],"tree_param":{"num_deleted":"0","num_feature":"2","num_nodes":"11","size_leaf_vector":"1"}},{"base_weights":[-2.8300667E-2,-9.1162455E-1,7.1251935E-1,-1.583972E-1,-3.4754467E-1,2.6428223E-1,1.4768524E-1,-3.953959E-2,-1.0199547E-2,1.3999748E-2,3.8071062E-2],"categories":[],"categories_nodes":[],"categories_segments":[],"categories_sizes":[],"default_left":[0,0,0,0,0,0,0,0,0,0,0],"id":48,"left_children":[1,3,5,-1,7,9,-1,-1,-1,-1,-1],"loss_changes":[7.1933894E0,1.345787E0,1.6653087E0,0E0,6.670743E-3,1.9052833E-2,0E0,0E0,0E0,0E0,0E0],"parents":[2147483647,0,0,1,1,2,2,4,4,5,5],"right_children":[2,4,6,-1,8,10,-1,-1,-1,-1,-1],"split_conditions":[6.046661E-1,2.0133993E-1,1E0,-1.583972E-1,5.030802E-1,9.053671E-1,1.4768524E-1,-3.953959E-2,-1.0199547E-2,1.3999748E-2,3.8071062E-2],"split_indices":[0,0,0,0,0,0,0,0,0,0,0],"split_type":[0,0,0,0,0,0,0,0,0,0,0],"sum_hessian":[9E0,4E0,5E0,1E0,3E0,4E0,1E0,2E0,1E0,3E0,1E0],"tree_param":{"num_deleted":"0","num_feature":"2","num_nodes":"11","size_leaf_vector":"1"}},{"base_weights":[-2.630825E-2,-8.6208916E-1,6.7456055E-1,-1.5047732E-1,-3.2522488E-1,2.4826813E-1,1.4030114E-1,-3.6903635E-2,-9.689522E-3,1.2949753E-2,3.616753E-2],"categories":[],"categories_nodes":[],"categories_segments":[],"categories_sizes":[],"default_left":[0,0,0,0,0,0,0,0,0,0,0],"id":49,"left_children":[1,3,5,-1,7,9,-1,-1,-1,-1,-1],"loss_changes":[6.439259E0,1.2357807E0,1.5148752E0,0E0,4.2559803E-3,2.051112E-2,0E0,0E0,0E0,0E0,0E0],"parents":[2147483647,0,0,1,1,2,2,4,4,5,5],"right_children":[2,4,6,-1,8,10,-1,-1,-1,-1,-1],"split_conditions":[6.046661E-1,2.0133993E-1,1E0,-1.5047732E-1,5.030802E-1,9.053671E-1,1.4030114E-1,-3.6903635E-2,-9.689522E-3,1.2949753E-2,3.616753E-2],"split_indices":[0,0,0,0,0,0,0,0,0,0,0],"split_type":[0,0,0,0,0,0,0,0,0,0,0],"sum_hessian":[9E0,4E0,5E0,1E0,3E0,4E0,1E0,2E0,1E0,3E0,1E0],"tree_param":{"num_deleted":"0","num_feature":"2","num_nodes":"11","size_leaf_vector":"1"}},{"base_weights":[-2.4442673E-2,-8.152946E-1,6.3867444E-1,-1.429535E-1,-3.0435085E-1,2.3326568E-1,1.3328591E-1,-3.4443412E-2,-9.205055E-3,1.1978722E-2,3.435898E-2],"categories":[],"categories_nodes":[],"categories_segments":[],"categories_sizes":[],"default_left":[0,0,0,0,0,0,0,0,0,0,0],"id":50,"left_children":[1,3,5,-1,7,9,-1,-1,-1,-1,-1],"loss_changes":[5.7649827E0,1.134131E0,1.3776608E0,0E0,2.3334026E-3,2.1439403E-2,0E0,0E0,0E0,0E0,0E0],"parents":[2147483647,0,0,1,1,2,2,4,4,5,5],"right_children":[2,4,6,-1,8,10,-1,-1,-1,-1,-1],"split_conditions":[6.046661E-1,2.0133993E-1,1E0,-1.429535E-1,5.030802E-1,9.053671E-1,1.3328591E-1,-3.4443412E-2,-9.205055E-3,1.1978722E-2,3.435898E-2],"split_indices":[0,0,0,0,0,0,0,0,0,0,0],"split_type":[0,0,0,0,0,0,0,0,0,0,0],"sum_hessian":[9E0,4E0,5E0,1E0,3E0,4E0,1E0,2E0,1E0,3E0,1E0],"tree_param":{"num_deleted":"0","num_feature":"2","num_nodes":"11","size_leaf_vector":"1"}},{"base_weights":[-2.2696495E-2,-7.7108574E-1,6.0474396E-1,-1.358058E-1,-2.848282E-1,2.1920624E-1,1.2662163E-1,-3.2147218E-2,-8.744813E-3,1.1080361E-2,3.264084E-2],"categories":[],"categories_nodes":[],"categories_segments":[],"categories_sizes":[],"default_left":[0,0,0,0,0,0,0,0,0,0,0],"id":51,"left_children":[1,3,5,-1,7,9,-1,-1,-1,-1,-1],"loss_changes":[5.1620064E0,1.0402851E0,1.2525725E0,0E0,8.190274E-4,2.1937758E-2,0E0,0E0,0E0,0E0,0E0],"parents":[2147483647,0,0,1,1,2,2,4,4,5,5],"right_children":[2,4,6,-1,8,10,-1,-1,-1,-1,-1],"split_conditions":[6.046661E-1,2.0133993E-1,1E0,-1.358058E-1,5.030802E-1,9.053671E-1,1.2662163E-1,-3.2147218E-2,-8.744813E-3,1.1080361E-2,3.264084E-2],"split_indices":[0,0,0,0,0,0,0,0,0,0,0],"split_type":[0,0,0,0,0,0,0,0,0,0,0],"sum_hessian":[9E0,4E0,5E0,1E0,3E0,4E0,1E0,2E0,1E0,3E0,1E0],"tree_param":{"num_deleted":"0","num_feature":"2","num_nodes":"11","size_leaf_vector":"1"}},{"base_weights":[-2.1062087E-2,-7.293175E-1,5.726611E-1,-1.2901555E-1,-2.6656915E-2,2.060318E-1,1.20290376E-1,1.024952E-2,3.1008912E-2],"categories":[],"categories_nodes":[],"categories_segments":[],"categories_sizes":[],"default_left":[0,0,0,0,0,0,0,0,0],"id":52,"left_children":[1,3,5,-1,-1,7,-1,-1,-1],"loss_changes":[4.622728E0,9.537184E-1,1.138556E0,0E0,0E0,2.2086069E-2,0E0,0E0,0E0],"parents":[2147483647,0,0,1,1,2,2,5,5],"right_children":[2,4,6,-1,-1,8,-1,-1,-1],"split_conditions":[6.046661E-1,2.0133993E-1,1E0,-1.2901555E-1,-2.6656915E-2,9.053671E-1,1.20290376E-1,1.024952E-2,3.1008912E-2],"split_indices":[0,0,0,0,0,0,0,0,0],"split_type":[0,0,0,0,0,0,0,0,0],"sum_hessian":[9E0,4E0,5E0,1E0,3E0,4E0,1E0,3E0,1E0],"tree_param":{"num_deleted":"0","num_feature":"2","num_nodes":"9","size_leaf_vector":"1"}},{"base_weights":[-1.8367196E-2,-6.875202E-1,5.423215E-1,-1.2256479E-1,-2.4657631E-1,1.9368286E-1,1.14275746E-1,-2.8226981E-2,-6.9747926E-3,6.703695E-3,2.5576783E-2],"categories":[],"categories_nodes":[],"categories_segments":[],"categories_sizes":[],"default_left":[0,0,0,0,0,0,0,0,0,0,0],"id":53,"left_children":[1,3,5,-1,7,9,-1,-1,-1,-1,-1],"loss_changes":[4.1247225E0,8.842051E-1,1.0346786E0,0E0,5.558744E-3,2.216813E-2,0E0,0E0,0E0,0E0,0E0],"parents":[2147483647,0,0,1,1,2,2,4,4,5,5],"right_children":[2,4,6,-1,8,10,-1,-1,-1,-1,-1],"split_conditions":[6.046661E-1,2.0133993E-1,1E0,-1.2256479E-1,5.030802E-1,8.055307E-1,1.14275746E-1,-2.8226981E-2,-6.9747926E-3,6.703695E-3,2.5576783E-2],"split_indices":[0,0,0,0,0,0,0,0,0,0,0],"split_type":[0,0,0,0,0,0,0,0,0,0,0],"sum_hessian":[9E0,4E0,5E0,1E0,3E0,4E0,1E0,2E0,1E0,2E0,2E0],"tree_param":{"num_deleted":"0","num_feature":"2","num_nodes":"11","size_leaf_vector":"1"}},{"base_weights":[-1.7650986E-2,-9.6210605E-1,3.3872604E-1,-1.1643658E-1,-2.7879333E-2,-4.172007E-3,9.1161346E-1,-1.2176259E-2,8.506394E-3,2.8179932E-2,1.0856209E-1],"categories":[],"categories_nodes":[],"categories_segments":[],"categories_sizes":[],"default_left":[0,0,0,0,0,0,0,0,0,0,0],"id":54,"left_children":[1,3,5,-1,-1,7,9,-1,-1,-1,-1],"loss_changes":[3.6917112E0,9.0002775E-2,1.5753391E0,0E0,0E0,7.3317446E-2,2.284956E-2,0E0,0E0,0E0,0E0],"parents":[2147483647,0,0,1,1,2,2,5,5,6,6],"right_children":[2,4,6,-1,-1,8,10,-1,-1,-1,-1],"split_conditions":[4.0218782E-1,2.0133993E-1,9.053671E-1,-1.1643658E-1,-2.7879333E-2,6.046661E-1,1E0,-1.2176259E-2,8.506394E-3,2.8179932E-2,1.0856209E-1],"split_indices":[0,0,0,0,0,0,0,0,0,0,0],"split_type":[0,0,0,0,0,0,0,0,0,0,0],"sum_hessian":[9E0,2E0,7E0,1E0,1E0,5E0,2E0,2E0,3E0,1E0,1E0],"tree_param":{"num_deleted":"0","num_feature":"2","num_nodes":"11","size_leaf_vector":"1"}},{"base_weights":[-1.7010499E-2,-9.1400146E-1,3.2148743E-1,-1.1061478E-1,-2.6485443E-2,-4.3665566E-3,8.660329E-1,-1.1364493E-2,7.868386E-3,2.6770784E-2,1.03134155E-1],"categories":[],"categories_nodes":[],"categories_segments":[],"categories_sizes":[],"default_left":[0,0,0,0,0,0,0,0,0,0,0],"id":55,"left_children":[1,3,5,-1,-1,7,9,-1,-1,-1,-1],"loss_changes":[3.3301356E0,8.1225395E-2,1.4233203E0,0E0,0E0,6.3395694E-2,2.0626545E-2,0E0,0E0,0E0,0E0],"parents":[2147483647,0,0,1,1,2,2,5,5,6,6],"right_children":[2,4,6,-1,-1,8,10,-1,-1,-1,-1],"split_conditions":[4.0218782E-1,2.0133993E-1,9.053671E-1,-1.1061478E-1,-2.6485443E-2,6.046661E-1,1E0,-1.1364493E-2,7.868386E-3,2.6770784E-2,1.03134155E-1],"split_indices":[0,0,0,0,0,0,0,0,0,0,0],"split_type":[0,0,0,0,0,0,0,0,0,0,0],"sum_hessian":[9E0,2E0,7E0,1E0,1E0,5E0,2E0,2E0,3E0,1E0,1E0],"tree_param":{"num_deleted":"0","num_feature":"2","num_nodes":"11","size_leaf_vector":"1"}},{"base_weights":[-1.637802E-2,-8.683014E-1,3.051405E-1,-1.0508404E-1,-2.5161171E-2,-4.511515E-3,8.22731E-1,-1.0606893E-2,7.2784424E-2,2.5432205E-2,9.797745E-2,2.1339417E-3,8.281962E-3],"categories":[],"categories_nodes":[],"categories_segments":[],"categories_sizes":[],"default_left":[0,0,0,0,0,0,0,0,0,0,0,0,0],"id":56,"left_children":[1,3,5,-1,-1,7,9,-1,11,-1,-1,-1,-1],"loss_changes":[3.0040452E0,7.3305845E-2,1.2858952E0,0E0,0E0,5.482002E-2,1.8616438E-2,0E0,2.9772148E-4,0E0,0E0,0E0,0E0],"parents":[2147483647,0,0,1,1,2,2,5,5,6,6,8,8],"right_children":[2,4,6,-1,-1,8,10,-1,12,-1,-1,-1,-1],"split_conditions":[4.0218782E-1,2.0133993E-1,9.053671E-1,-1.0508404E-1,-2.5161171E-2,6.046661E-1,1E0,-1.0606893E-2,7.0566887E-1,2.5432205E-2,9.797745E-2,2.1339417E-3,8.281962E-3],"split_indices":[0,0,0,0,0,0,0,0,0,0,0,0,0],"split_type":[0,0,0,0,0,0,0,0,0,0,0,0,0],"sum_hessian":[9E0,2E0,7E0,1E0,1E0,5E0,2E0,2E0,3E0,1E0,1E0,1E0,2E0],"tree_param":{"num_deleted":"0","num_feature":"2","num_nodes":"13","size_leaf_vector":"1"}},{"base_weights":[-1.5443039E-2,-8.248863E-1,2.9002857E-1,-9.982987E-2,-2.3903085E-2,-4.09317E-3,7.815959E-1,-9.899649E-3,6.8107605E-2,2.4160767E-2,9.307861E-2,2.0271302E-3,7.7295937E-3],"categories":[],"categories_nodes":[],"categories_segments":[],"categories_sizes":[],"default_left":[0,0,0,0,0,0,0,0,0,0,0,0,0],"id":57,"left_children":[1,3,5,-1,-1,7,9,-1,11,-1,-1,-1,-1],"loss_changes":[2.7118602E0,6.615949E-2,1.1598442E0,0E0,0E0,4.7854967E-2,1.67979E-2,0E0,1.9125454E-4,0E0,0E0,0E0,0E0],"parents":[2147483647,0,0,1,1,2,2,5,5,6,6,8,8],"right_children":[2,4,6,-1,-1,8,10,-1,12,-1,-1,-1,-1],"split_conditions":[4.0218782E-1,2.0133993E-1,9.053671E-1,-9.982987E-2,-2.3903085E-2,6.046661E-1,1E0,-9.899649E-3,7.0566887E-1,2.4160767E-2,9.307861E-2,2.0271302E-3,7.7295937E-3],"split_indices":[0,0,0,0,0,0,0,0,0,0,0,0,0],"split_type":[0,0,0,0,0,0,0,0,0,0,0,0,0],"sum_hessian":[9E0,2E0,7E0,1E0,1E0,5E0,2E0,2E0,3E0,1E0,1E0,1E0,2E0],"tree_param":{"num_deleted":"0","num_feature":"2","num_nodes":"13","size_leaf_vector":"1"}},{"base_weights":[-1.4562607E-2,-7.836418E-1,2.7566242E-1,-9.4838336E-2,-2.270794E-2,-3.7078857E-3,7.4251556E-1,-9.239706E-3,6.373596E-2,2.2952652E-2,8.842468E-2,1.9256592E-3,7.2143557E-3],"categories":[],"categories_nodes":[],"categories_segments":[],"categories_sizes":[],"default_left":[0,0,0,0,0,0,0,0,0,0,0,0,0],"id":58,"left_children":[1,3,5,-1,-1,7,9,-1,11,-1,-1,-1,-1],"loss_changes":[2.4480808E0,5.9708595E-2,1.0461524E0,0E0,0E0,4.1778248E-2,1.5161753E-2,0E0,1.0661967E-4,0E0,0E0,0E0,0E0],"parents":[2147483647,0,0,1,1,2,2,5,5,6,6,8,8],"right_children":[2,4,6,-1,-1,8,10,-1,12,-1,-1,-1,-1],"split_conditions":[4.0218782E-1,2.0133993E-1,9.053671E-1,-9.4838336E-2,-2.270794E-2,6.046661E-1,1E0,-9.239706E-3,7.0566887E-1,2.2952652E-2,8.842468E-2,1.9256592E-3,7.2143557E-3],"split_indices":[0,0,0,0,0,0,0,0,0,0,0,0,0],"split_type":[0,0,0,0,0,0,0,0,0,0,0,0,0],"sum_hessian":[9E0,2E0,7E0,1E0,1E0,5E0,2E0,2E0,3E0,1E0,1E0,1E0,2E0],"tree_param":{"num_deleted":"0","num_feature":"2","num_nodes":"13","size_leaf_vector":"1"}},{"base_weights":[-1.3733101E-2,-7.4445915E-1,2.620058E-1,-9.009638E-2,-2.1572495E-2,-3.3543904E-3,7.0539093E-1,-8.623759E-3,5.9646606E-2,2.1805191E-2,8.400345E-2,1.8295288E-3,6.733195E-3],"categories":[],"categories_nodes":[],"categories_segments":[],"categories_sizes":[],"default_left":[0,0,0,0,0,0,0,0,0,0,0,0,0],"id":59,"left_children":[1,3,5,-1,-1,7,9,-1,11,-1,-1,-1,-1],"loss_changes":[2.2099485E0,5.3887844E-2,9.436202E-1,0E0,0E0,3.6474124E-2,1.36801E-2,0E0,3.9338134E-5,0E0,0E0,0E0,0E0],"parents":[2147483647,0,0,1,1,2,2,5,5,6,6,8,8],"right_children":[2,4,6,-1,-1,8,10,-1,12,-1,-1,-1,-1],"split_conditions":[4.0218782E-1,2.0133993E-1,9.053671E-1,-9.009638E-2,-2.1572495E-2,6.046661E-1,1E0,-8.623759E-3,7.0566887E-1,2.1805191E-2,8.400345E-2,1.8295288E-3,6.733195E-3],"split_indices":[0,0,0,0,0,0,0,0,0,0,0,0,0],"split_type":[0,0,0,0,0,0,0,0,0,0,0,0,0],"sum_hessian":[9E0,2E0,7E0,1E0,1E0,5E0,2E0,2E0,3E0,1E0,1E0,1E0,2E0],"tree_param":{"num_deleted":"0","num_feature":"2","num_nodes":"13","size_leaf_vector":"1"}},{"base_weights":[-1.2952233E-2,-7.072366E-1,2.4902344E-1,-8.559161E-2,-2.049389E-2,-3.0301411E-3,6.701228E-1,-8.048757E-3,5.5820467E-3,2.0714952E-2,7.980347E-2],"categories":[],"categories_nodes":[],"categories_segments":[],"categories_sizes":[],"default_left":[0,0,0,0,0,0,0,0,0,0,0],"id":60,"left_children":[1,3,5,-1,-1,7,9,-1,-1,-1,-1],"loss_changes":[1.9949746E0,4.8633456E-2,8.511473E-1,0E0,0E0,3.1843353E-2,1.2346983E-2,0E0,0E0,0E0,0E0],"parents":[2147483647,0,0,1,1,2,2,5,5,6,6],"right_children":[2,4,6,-1,-1,8,10,-1,-1,-1,-1],"split_conditions":[4.0218782E-1,2.0133993E-1,9.053671E-1,-8.559161E-2,-2.049389E-2,6.046661E-1,1E0,-8.048757E-3,5.5820467E-3,2.0714952E-2,7.980347E-2],"split_indices":[0,0,0,0,0,0,0,0,0,0,0],"split_type":[0,0,0,0,0,0,0,0,0,0,0],"sum_hessian":[9E0,2E0,7E0,1E0,1E0,5E0,2E0,2E0,3E0,1E0,1E0],"tree_param":{"num_deleted":"0","num_feature":"2","num_nodes":"11","size_leaf_vector":"1"}},{"base_weights":[-1.246109E-2,-6.71875E-1,2.3637676E-1,-8.131199E-2,-1.9469261E-2,-3.1394958E-3,6.36617E-1,-7.512156E-3,5.1631927E-2,1.9679261E-2,7.581329E-2,1.4587402E-3,5.9117633E-3],"categories":[],"categories_nodes":[],"categories_segments":[],"categories_sizes":[],"default_left":[0,0,0,0,0,0,0,0,0,0,0,0,0],"id":61,"left_children":[1,3,5,-1,-1,7,9,-1,11,-1,-1,-1,-1],"loss_changes":[1.799687E0,4.3890238E-2,7.68911E-1,0E0,0E0,2.7534032E-2,1.1142135E-2,0E0,2.468452E-4,0E0,0E0,0E0,0E0],"parents":[2147483647,0,0,1,1,2,2,5,5,6,6,8,8],"right_children":[2,4,6,-1,-1,8,10,-1,12,-1,-1,-1,-1],"split_conditions":[4.0218782E-1,2.0133993E-1,9.053671E-1,-8.131199E-2,-1.9469261E-2,6.046661E-1,1E0,-7.512156E-3,7.0566887E-1,1.9679261E-2,7.581329E-2,1.4587402E-3,5.9117633E-3],"split_indices":[0,0,0,0,0,0,0,0,0,0,0,0,0],"split_type":[0,0,0,0,0,0,0,0,0,0,0,0,0],"sum_hessian":[9E0,2E0,7E0,1E0,1E0,5E0,2E0,2E0,3E0,1E0,1E0,1E0,2E0],"tree_param":{"num_deleted":"0","num_feature":"2","num_nodes":"13","size_leaf_vector":"1"}},{"base_weights":[-1.1757851E-2,-6.3828087E-1,2.2465801E-1,-7.724638E-2,-1.8495752E-2,-2.8495789E-3,6.047872E-1,-7.0114136E-3,4.8311234E-2,1.869545E-2,7.202263E-2,1.3858796E-3,5.517578E-3],"categories":[],"categories_nodes":[],"categories_segments":[],"categories_sizes":[],"default_left":[0,0,0,0,0,0,0,0,0,0,0,0,0],"id":62,"left_children":[1,3,5,-1,-1,7,9,-1,11,-1,-1,-1,-1],"loss_changes":[1.6245948E0,3.9611697E-2,6.9358164E-1,0E0,0E0,2.4035158E-2,1.0053158E-2,0E0,1.813313E-4,0E0,0E0,0E0,0E0],"parents":[2147483647,0,0,1,1,2,2,5,5,6,6,8,8],"right_children":[2,4,6,-1,-1,8,10,-1,12,-1,-1,-1,-1],"split_conditions":[4.0218782E-1,2.0133993E-1,9.053671E-1,-7.724638E-2,-1.8495752E-2,6.046661E-1,1E0,-7.0114136E-3,7.0566887E-1,1.869545E-2,7.202263E-2,1.3858796E-3,5.517578E-3],"split_indices":[0,0,0,0,0,0,0,0,0,0,0,0,0],"split_type":[0,0,0,0,0,0,0,0,0,0,0,0,0],"sum_hessian":[9E0,2E0,7E0,1E0,1E0,5E0,2E0,2E0,3E0,1E0,1E0,1E0,2E0],"tree_param":{"num_deleted":"0","num_feature":"2","num_nodes":"13","size_leaf_vector":"1"}},{"base_weights":[-1.1094665E-2,-6.0636646E-1,2.135191E-1,-7.33841E-2,-1.7570877E-2,-2.58255E-3,5.745494E-1,-6.543986E-3,4.520607E-2,1.7760849E-2,6.842156E-2,1.316452E-3,5.1498413E-3],"categories":[],"categories_nodes":[],"categories_segments":[],"categories_sizes":[],"default_left":[0,0,0,0,0,0,0,0,0,0,0,0,0],"id":63,"left_children":[1,3,5,-1,-1,7,9,-1,11,-1,-1,-1,-1],"loss_changes":[1.4665332E0,3.5751343E-2,6.2563765E-1,0E0,0E0,2.0981465E-2,9.070456E-3,0E0,1.2851413E-4,0E0,0E0,0E0,0E0],"parents":[2147483647,0,0,1,1,2,2,5,5,6,6,8,8],"right_children":[2,4,6,-1,-1,8,10,-1,12,-1,-1,-1,-1],"split_conditions":[4.0218782E-1,2.0133993E-1,9.053671E-1,-7.33841E-2,-1.7570877E-2,6.046661E-1,1E0,-6.543986E-3,7.0566887E-1,1.7760849E-2,6.842156E-2,1.316452E-3,5.1498413E-3],"split_indices":[0,0,0,0,0,0,0,0,0,0,0,0,0],"split_type":[0,0,0,0,0,0,0,0,0,0,0,0,0],"sum_hessian":[9E0,2E0,7E0,1E0,1E0,5E0,2E0,2E0,3E0,1E0,1E0,1E0,2E0],"tree_param":{"num_deleted":"0","num_feature":"2","num_nodes":"13","size_leaf_vector":"1"}},{"base_weights":[-1.0470962E-2,-5.7604855E-1,2.029295E-1,-6.9714926E-2,-1.6692353E-2,-2.3384094E-3,5.4582214E-1,-6.107839E-3,4.2301178E-2,1.6872788E-2,6.5000534E-2,1.2504578E-3,4.8065186E-3],"categories":[],"categories_nodes":[],"categories_segments":[],"categories_sizes":[],"default_left":[0,0,0,0,0,0,0,0,0,0,0,0,0],"id":64,"left_children":[1,3,5,-1,-1,7,9,-1,11,-1,-1,-1,-1],"loss_changes":[1.3238424E0,3.2265365E-2,5.643552E-1,0E0,0E0,1.8316459E-2,8.186579E-3,0E0,8.595595E-5,0E0,0E0,0E0,0E0],"parents":[2147483647,0,0,1,1,2,2,5,5,6,6,8,8],"right_children":[2,4,6,-1,-1,8,10,-1,12,-1,-1,-1,-1],"split_conditions":[4.0218782E-1,2.0133993E-1,9.053671E-1,-6.9714926E-2,-1.6692353E-2,6.046661E-1,1E0,-6.107839E-3,7.0566887E-1,1.6872788E-2,6.5000534E-2,1.2504578E-3,4.8065186E-3],"split_indices":[0,0,0,0,0,0,0,0,0,0,0,0,0],"split_type":[0,0,0,0,0,0,0,0,0,0,0,0,0],"sum_hessian":[9E0,2E0,7E0,1E0,1E0,5E0,2E0,2E0,3E0,1E0,1E0,1E0,2E0],"tree_param":{"num_deleted":"0","num_feature":"2","num_nodes":"13","size_leaf_vector":"1"}},{"base_weights":[-9.882927E-3,-5.472457E-1,1.9286346E-1,-6.622916E-2,-1.5857697E-2,-2.1133423E-3,5.1852924E-1,-5.7006836E-2,3.9585114E-2,1.6028976E-2,6.1750412E-2,-6.781578E-3,-1.7694473E-3,1.1878967E-3,4.486084E-3],"categories":[],"categories_nodes":[],"categories_segments":[],"categories_sizes":[],"default_left":[0,0,0,0,0,0,0,0,0,0,0,0,0,0,0],"id":65,"left_children":[1,3,5,-1,-1,7,9,11,13,-1,-1,-1,-1,-1,-1],"loss_changes":[1.1950272E0,2.9120028E-2,5.0907403E-1,0E0,0E0,1.5990464E-2,7.3905587E-3,7.481128E-5,5.1779673E-5,0E0,0E0,0E0,0E0,0E0,0E0],"parents":[2147483647,0,0,1,1,2,2,5,5,6,6,7,7,8,8],"right_children":[2,4,6,-1,-1,8,10,12,14,-1,-1,-1,-1,-1,-1],"split_conditions":[4.0218782E-1,2.0133993E-1,9.053671E-1,-6.622916E-2,-1.5857697E-2,6.046661E-1,1E0,5.030802E-1,7.0566887E-1,1.6028976E-2,6.1750412E-2,-6.781578E-3,-1.7694473E-3,1.1878967E-3,4.486084E-3],"split_indices":[0,0,0,0,0,0,0,0,0,0,0,0,0,0,0],"split_type":[0,0,0,0,0,0,0,0,0,0,0,0,0,0,0],"sum_hessian":[9E0,2E0,7E0,1E0,1E0,5E0,2E0,2E0,3E0,1E0,1E0,1E0,1E0,1E0,2E0],"tree_param":{"num_deleted":"0","num_feature":"2","num_nodes":"15","size_leaf_vector":"1"}},{"base_weights":[-9.613419E-3,-5.1988345E-1,1.8293953E-1,-6.291771E-2,-1.5064812E-2,-2.3816426E-3,4.9260202E-1,-5.4155987E-2,3.7044525E-2,1.5227509E-2,5.86628E-2,-6.4424514E-3,-1.6809463E-3,1.1283875E-3,4.1870116E-3],"categories":[],"categories_nodes":[],"categories_segments":[],"categories_sizes":[],"default_left":[0,0,0,0,0,0,0,0,0,0,0,0,0,0,0],"id":66,"left_children":[1,3,5,-1,-1,7,9,11,13,-1,-1,-1,-1,-1,-1],"loss_changes":[1.0776472E0,2.628082E-2,4.6026936E-1,0E0,0E0,1.4253766E-2,6.6698194E-3,6.7540444E-5,2.4784356E-5,0E0,0E0,0E0,0E0,0E0,0E0],"parents":[2147483647,0,0,1,1,2,2,5,5,6,6,7,7,8,8],"right_children":[2,4,6,-1,-1,8,10,12,14,-1,-1,-1,-1,-1,-1],"split_conditions":[4.0218782E-1,2.0133993E-1,9.053671E-1,-6.291771E-2,-1.5064812E-2,6.046661E-1,1E0,5.030802E-1,7.0566887E-1,1.5227509E-2,5.86628E-2,-6.4424514E-3,-1.6809463E-3,1.1283875E-3,4.1870116E-3],"split_indices":[0,0,0,0,0,0,0,0,0,0,0,0,0,0,0],"split_type":[0,0,0,0,0,0,0,0,0,0,0,0,0,0,0],"sum_hessian":[9E0,2E0,7E0,1E0,1E0,5E0,2E0,2E0,3E0,1E0,1E0,1E0,1E0,1E0,2E0],"tree_param":{"num_deleted":"0","num_feature":"2","num_nodes":"15","size_leaf_vector":"1"}},{"base_weights":[-9.3423845E-3,-4.9388948E-1,1.7353058E-1,-5.9771825E-2,-1.43116E-2,-2.6117961E-3,4.679718E-1,-5.144755E-2,3.466797E-2,1.4466095E-2,5.5729676E-2,-6.1203004E-3,-1.5968323E-3,1.0719299E-3,3.907776E-3],"categories":[],"categories_nodes":[],"categories_segments":[],"categories_sizes":[],"default_left":[0,0,0,0,0,0,0,0,0,0,0,0,0,0,0],"id":67,"left_children":[1,3,5,-1,-1,7,9,11,13,-1,-1,-1,-1,-1,-1],"loss_changes":[9.718106E-1,2.3718059E-2,4.161309E-1,0E0,0E0,1.2707095E-2,6.020069E-3,6.103888E-5,3.5478733E-6,0E0,0E0,0E0,0E0,0E0,0E0],"parents":[2147483647,0,0,1,1,2,2,5,5,6,6,7,7,8,8],"right_children":[2,4,6,-1,-1,8,10,12,14,-1,-1,-1,-1,-1,-1],"split_conditions":[4.0218782E-1,2.0133993E-1,9.053671E-1,-5.9771825E-2,-1.43116E-2,6.046661E-1,1E0,5.030802E-1,7.0566887E-1,1.4466095E-2,5.5729676E-2,-6.1203004E-3,-1.5968323E-3,1.0719299E-3,3.907776E-3],"split_indices":[0,0,0,0,0,0,0,0,0,0,0,0,0,0,0],"split_type":[0,0,0,0,0,0,0,0,0,0,0,0,0,0,0],"sum_hessian":[9E0,2E0,7E0,1E0,1E0,5E0,2E0,2E0,3E0,1E0,1E0,1E0,1E0,1E0,2E0],"tree_param":{"num_deleted":"0","num_feature":"2","num_nodes":"15","size_leaf_vector":"1"}},{"base_weights":[-9.070015E-3,-4.691944E-1,1.6461039E-1,-5.67832E-2,-1.3595963E-2,-2.8057098E-3,4.4457245E-1,-4.887517E-2,3.2447816E-3,1.3742829E-2,5.294304E-2,-5.814362E-3,-1.5169143E-3],"categories":[],"categories_nodes":[],"categories_segments":[],"categories_sizes":[],"default_left":[0,0,0,0,0,0,0,0,0,0,0,0,0],"id":68,"left_children":[1,3,5,-1,-1,7,9,11,-1,-1,-1,-1,-1],"loss_changes":[8.7638015E-1,2.1406174E-2,3.7620854E-1,0E0,0E0,1.1330559E-2,5.4321885E-3,5.521765E-5,0E0,0E0,0E0,0E0,0E0],"parents":[2147483647,0,0,1,1,2,2,5,5,6,6,7,7],"right_children":[2,4,6,-1,-1,8,10,12,-1,-1,-1,-1,-1],"split_conditions":[4.0218782E-1,2.0133993E-1,9.053671E-1,-5.67832E-2,-1.3595963E-2,6.046661E-1,1E0,5.030802E-1,3.2447816E-3,1.3742829E-2,5.294304E-2,-5.814362E-3,-1.5169143E-3],"split_indices":[0,0,0,0,0,0,0,0,0,0,0,0,0],"split_type":[0,0,0,0,0,0,0,0,0,0,0,0,0],"sum_hessian":[9E0,2E0,7E0,1E0,1E0,5E0,2E0,2E0,3E0,1E0,1E0,1E0,1E0],"tree_param":{"num_deleted":"0","num_feature":"2","num_nodes":"13","size_leaf_vector":"1"}},{"base_weights":[-8.939743E-3,-4.4573465E-1,1.5597582E-1,-5.3944018E-2,-1.2916184E-2,-3.2049816E-3,4.223455E-1,-4.6431225E-2,3.0015945E-2,1.3055801E-2,5.029602E-2,-5.5236816E-3,-1.4410019E-3,8.5639954E-4,3.4311933E-3],"categories":[],"categories_nodes":[],"categories_segments":[],"categories_sizes":[],"default_left":[0,0,0,0,0,0,0,0,0,0,0,0,0,0,0],"id":69,"left_children":[1,3,5,-1,-1,7,9,11,13,-1,-1,-1,-1,-1,-1],"loss_changes":[7.898666E-1,1.931876E-2,3.405611E-1,0E0,0E0,1.0009772E-2,4.9016476E-3,4.9933325E-5,7.478171E-5,0E0,0E0,0E0,0E0,0E0,0E0],"parents":[2147483647,0,0,1,1,2,2,5,5,6,6,7,7,8,8],"right_children":[2,4,6,-1,-1,8,10,12,14,-1,-1,-1,-1,-1,-1],"split_conditions":[4.0218782E-1,2.0133993E-1,9.053671E-1,-5.3944018E-2,-1.2916184E-2,6.046661E-1,1E0,5.030802E-1,7.0566887E-1,1.3055801E-2,5.029602E-2,-5.5236816E-3,-1.4410019E-3,8.5639954E-4,3.4311933E-3],"split_indices":[0,0,0,0,0,0,0,0,0,0,0,0,0,0,0],"split_type":[0,0,0,0,0,0,0,0,0,0,0,0,0,0,0],"sum_hessian":[9E0,2E0,7E0,1E0,1E0,5E0,2E0,2E0,3E0,1E0,1E0,1E0,1E0,1E0,2E0],"tree_param":{"num_deleted":"0","num_feature":"2","num_nodes":"15","size_leaf_vector":"1"}},{"base_weights":[-8.66394E-3,-4.2344794E-1,1.4796305E-1,-5.1246833E-2,-1.2270356E-2,-3.3308666E-3,4.0122986E-1,-4.4109344E-2,2.8085709E-2,1.2403107E-2,4.7781374E-2,-5.2474975E-3,-1.3689041E-3,8.1367494E-4,3.2023115E-3],"categories":[],"categories_nodes":[],"categories_segments":[],"categories_sizes":[],"default_left":[0,0,0,0,0,0,0,0,0,0,0,0,0,0,0],"id":70,"left_children":[1,3,5,-1,-1,7,9,11,13,-1,-1,-1,-1,-1,-1],"loss_changes":[7.123183E-1,1.7435431E-2,3.0787826E-1,0E0,0E0,8.925563E-3,4.4231117E-3,4.5123044E-5,5.3624157E-5,0E0,0E0,0E0,0E0,0E0,0E0],"parents":[2147483647,0,0,1,1,2,2,5,5,6,6,7,7,8,8],"right_children":[2,4,6,-1,-1,8,10,12,14,-1,-1,-1,-1,-1,-1],"split_conditions":[4.0218782E-1,2.0133993E-1,9.053671E-1,-5.1246833E-2,-1.2270356E-2,6.046661E-1,1E0,5.030802E-1,7.0566887E-1,1.2403107E-2,4.7781374E-2,-5.2474975E-3,-1.3689041E-3,8.1367494E-4,3.2023115E-3],"split_indices":[0,0,0,0,0,0,0,0,0,0,0,0,0,0,0],"split_type":[0,0,0,0,0,0,0,0,0,0,0,0,0,0,0],"sum_hessian":[9E0,2E0,7E0,1E0,1E0,5E0,2E0,2E0,3E0,1E0,1E0,1E0,1E0,1E0,2E0],"tree_param":{"num_deleted":"0","num_feature":"2","num_nodes":"15","size_leaf_vector":"1"}},{"base_weights":[-8.391571E-3,-4.022751E-1,1.403637E-1,-4.8684504E-2,-1.1656761E-2,-3.431956E-3,3.8116708E-1,-4.190318E-2,2.627945E-2,1.1782837E-2,4.5392226E-2,-4.9850466E-3,-1.3004303E-3,7.728577E-4,2.9886882E-3],"categories":[],"categories_nodes":[],"categories_segments":[],"categories_sizes":[],"default_left":[0,0,0,0,0,0,0,0,0,0,0,0,0,0,0],"id":71,"left_children":[1,3,5,-1,-1,7,9,11,13,-1,-1,-1,-1,-1,-1],"loss_changes":[6.4238733E-1,1.5736371E-2,2.7831995E-1,0E0,0E0,7.959397E-3,3.9928854E-3,4.0732324E-5,3.6701094E-5,0E0,0E0,0E0,0E0,0E0,0E0],"parents":[2147483647,0,0,1,1,2,2,5,5,6,6,7,7,8,8],"right_children":[2,4,6,-1,-1,8,10,12,14,-1,-1,-1,-1,-1,-1],"split_conditions":[4.0218782E-1,2.0133993E-1,9.053671E-1,-4.8684504E-2,-1.1656761E-2,6.046661E-1,1E0,5.030802E-1,7.0566887E-1,1.1782837E-2,4.5392226E-2,-4.9850466E-3,-1.3004303E-3,7.728577E-4,2.9886882E-3],"split_indices":[0,0,0,0,0,0,0,0,0,0,0,0,0,0,0],"split_type":[0,0,0,0,0,0,0,0,0,0,0,0,0,0,0],"sum_hessian":[9E0,2E0,7E0,1E0,1E0,5E0,2E0,2E0,3E0,1E0,1E0,1E0,1E0,1E0,2E0],"tree_param":{"num_deleted":"0","num_feature":"2","num_nodes":"15","size_leaf_vector":"1"}},{"base_weights":[-8.1213E-3,-3.821608E-1,1.3315868E-1,-4.625025E-2,-1.1073875E-2,-3.5095215E-3,3.6210886E-1,-3.9807636E-2,2.4591446E-2,1.1193848E-2,4.312248E-2,-4.735756E-3,-1.2353897E-3,7.343292E-4,2.7893067E-3],"categories":[],"categories_nodes":[],"categories_segments":[],"categories_sizes":[],"default_left":[0,0,0,0,0,0,0,0,0,0,0,0,0,0,0],"id":72,"left_children":[1,3,5,-1,-1,7,9,11,13,-1,-1,-1,-1,-1,-1],"loss_changes":[5.79331E-1,1.4202565E-2,2.5159252E-1,0E0,0E0,7.0990007E-3,3.6016703E-3,3.6770478E-5,2.2960361E-5,0E0,0E0,0E0,0E0,0E0,0E0],"parents":[2147483647,0,0,1,1,2,2,5,5,6,6,7,7,8,8],"right_children":[2,4,6,-1,-1,8,10,12,14,-1,-1,-1,-1,-1,-1],"split_conditions":[4.0218782E-1,2.0133993E-1,9.053671E-1,-4.625025E-2,-1.1073875E-2,6.046661E-1,1E0,5.030802E-1,7.0566887E-1,1.1193848E-2,4.312248E-2,-4.735756E-3,-1.2353897E-3,7.343292E-4,2.7893067E-3],"split_indices":[0,0,0,0,0,0,0,0,0,0,0,0,0,0,0],"split_type":[0,0,0,0,0,0,0,0,0,0,0,0,0,0,0],"sum_hessian":[9E0,2E0,7E0,1E0,1E0,5E0,2E0,2E0,3E0,1E0,1E0,1E0,1E0,1E0,2E0],"tree_param":{"num_deleted":"0","num_feature":"2","num_nodes":"15","size_leaf_vector":"1"}},{"base_weights":[-7.8550335E-3,-3.63053E-1,1.2632608E-1,-4.393778E-2,-1.0520172E-2,-3.5673778E-3,3.440043E-1,-3.781764E-2,2.3012161E-2,1.0634231E-2,4.0966418E-2,-4.499054E-3,-1.1735916E-3,6.9770816E-4,2.6031495E-3],"categories":[],"categories_nodes":[],"categories_segments":[],"categories_sizes":[],"default_left":[0,0,0,0,0,0,0,0,0,0,0,0,0,0,0],"id":73,"left_children":[1,3,5,-1,-1,7,9,11,13,-1,-1,-1,-1,-1,-1],"loss_changes":[5.2247167E-1,1.2818038E-2,2.2742704E-1,0E0,0E0,6.332402E-3,3.2498837E-3,3.323937E-5,1.2037111E-5,0E0,0E0,0E0,0E0,0E0,0E0],"parents":[2147483647,0,0,1,1,2,2,5,5,6,6,7,7,8,8],"right_children":[2,4,6,-1,-1,8,10,12,14,-1,-1,-1,-1,-1,-1],"split_conditions":[4.0218782E-1,2.0133993E-1,9.053671E-1,-4.393778E-2,-1.0520172E-2,6.046661E-1,1E0,5.030802E-1,7.0566887E-1,1.0634231E-2,4.0966418E-2,-4.499054E-3,-1.1735916E-3,6.9770816E-4,2.6031495E-3],"split_indices":[0,0,0,0,0,0,0,0,0,0,0,0,0,0,0],"split_type":[0,0,0,0,0,0,0,0,0,0,0,0,0,0,0],"sum_hessian":[9E0,2E0,7E0,1E0,1E0,5E0,2E0,2E0,3E0,1E0,1E0,1E0,1E0,1E0,2E0],"tree_param":{"num_deleted":"0","num_feature":"2","num_nodes":"15","size_leaf_vector":"1"}},{"base_weights":[-7.5922012E-3,-3.4490013E-1,1.198473E-1,-4.1740894E-2,-9.994126E-3,-3.604889E-3,3.2680258E-1,-3.592682E-2,2.153778E-2,1.0102463E-2,3.8917925E-2,-4.274178E-3,-1.1148453E-3,6.629944E-4,2.429708E-3],"categories":[],"categories_nodes":[],"categories_segments":[],"categories_sizes":[],"default_left":[0,0,0,0,0,0,0,0,0,0,0,0,0,0,0],"id":74,"left_children":[1,3,5,-1,-1,7,9,11,13,-1,-1,-1,-1,-1,-1],"loss_changes":[4.711989E-1,1.15686655E-2,2.0557073E-1,0E0,0E0,5.6497417E-3,2.9331148E-3,3.008591E-5,3.4522964E-6,0E0,0E0,0E0,0E0,0E0,0E0],"parents":[2147483647,0,0,1,1,2,2,5,5,6,6,7,7,8,8],"right_children":[2,4,6,-1,-1,8,10,12,14,-1,-1,-1,-1,-1,-1],"split_conditions":[4.0218782E-1,2.0133993E-1,9.053671E-1,-4.1740894E-2,-9.994126E-3,6.046661E-1,1E0,5.030802E-1,7.0566887E-1,1.0102463E-2,3.8917925E-2,-4.274178E-3,-1.1148453E-3,6.629944E-4,2.429708E-3],"split_indices":[0,0,0,0,0,0,0,0,0,0,0,0,0,0,0],"split_type":[0,0,0,0,0,0,0,0,0,0,0,0,0,0,0],"sum_hessian":[9E0,2E0,7E0,1E0,1E0,5E0,2E0,2E0,3E0,1E0,1E0,1E0,1E0,1E0,2E0],"tree_param":{"num_deleted":"0","num_feature":"2","num_nodes":"15","size_leaf_vector":"1"}},{"base_weights":[-7.3335646E-3,-3.2765517E-1,1.1370373E-1,-3.9653875E-2,-9.494401E-3,-3.6265056E-3,3.1046295E-1,-3.4131367E-2,2.0158768E-3,9.597397E-3,3.6972046E-2,-4.060555E-3,-1.0591507E-3],"categories":[],"categories_nodes":[],"categories_segments":[],"categories_sizes":[],"default_left":[0,0,0,0,0,0,0,0,0,0,0,0,0],"id":75,"left_children":[1,3,5,-1,-1,7,9,11,-1,-1,-1,-1,-1],"loss_changes":[4.249642E-1,1.0440975E-2,1.8581235E-1,0E0,0E0,5.0414456E-3,2.6467144E-3,2.712966E-5,0E0,0E0,0E0,0E0,0E0],"parents":[2147483647,0,0,1,1,2,2,5,5,6,6,7,7],"right_children":[2,4,6,-1,-1,8,10,12,-1,-1,-1,-1,-1],"split_conditions":[4.0218782E-1,2.0133993E-1,9.053671E-1,-3.9653875E-2,-9.494401E-3,6.046661E-1,1E0,5.030802E-1,2.0158768E-3,9.597397E-3,3.6972046E-2,-4.060555E-3,-1.0591507E-3],"split_indices":[0,0,0,0,0,0,0,0,0,0,0,0,0],"split_type":[0,0,0,0,0,0,0,0,0,0,0,0,0],"sum_hessian":[9E0,2E0,7E0,1E0,1E0,5E0,2E0,2E0,3E0,1E0,1E0,1E0,1E0],"tree_param":{"num_deleted":"0","num_feature":"2","num_nodes":"13","size_leaf_vector":"1"}},{"base_weights":[-7.168007E-3,-3.112723E-1,1.07767105E-1,-3.7671186E-2,-9.019661E-3,-3.780365E-3,2.9493967E-1,-3.2424927E-2,1.8648148E-2,9.117508E-3,3.5123445E-2,-3.8576126E-3,-1.0061264E-3,5.290985E-4,2.1336875E-3],"categories":[],"categories_nodes":[],"categories_segments":[],"categories_sizes":[],"default_left":[0,0,0,0,0,0,0,0,0,0,0,0,0,0,0],"id":76,"left_children":[1,3,5,-1,-1,7,9,11,13,-1,-1,-1,-1,-1,-1],"loss_changes":[3.8306755E-1,9.423137E-3,1.6814399E-1,0E0,0E0,4.459394E-3,2.3888052E-3,2.4565496E-5,3.0761817E-5,0E0,0E0,0E0,0E0,0E0,0E0],"parents":[2147483647,0,0,1,1,2,2,5,5,6,6,7,7,8,8],"right_children":[2,4,6,-1,-1,8,10,12,14,-1,-1,-1,-1,-1,-1],"split_conditions":[4.0218782E-1,2.0133993E-1,9.053671E-1,-3.7671186E-2,-9.019661E-3,6.046661E-1,1E0,5.030802E-1,7.0566887E-1,9.117508E-3,3.5123445E-2,-3.8576126E-3,-1.0061264E-3,5.290985E-4,2.1336875E-3],"split_indices":[0,0,0,0,0,0,0,0,0,0,0,0,0,0,0],"split_type":[0,0,0,0,0,0,0,0,0,0,0,0,0,0,0],"sum_hessian":[9E0,2E0,7E0,1E0,1E0,5E0,2E0,2E0,3E0,1E0,1E0,1E0,1E0,1E0,2E0],"tree_param":{"num_deleted":"0","num_feature":"2","num_nodes":"15","size_leaf_vector":"1"}},{"base_weights":[-6.916809E-3,-2.9570898E-1,1.02244854E-1,-3.5787582E-2,-8.568764E-3,-3.7695568E-3,2.8019205E-1,-3.080368E-2,1.7448425E-2,8.661652E-3,3.3367157E-2,-3.6647797E-3,-9.557724E-4,5.027771E-4,1.991272E-3],"categories":[],"categories_nodes":[],"categories_segments":[],"categories_sizes":[],"default_left":[0,0,0,0,0,0,0,0,0,0,0,0,0,0,0],"id":77,"left_children":[1,3,5,-1,-1,7,9,11,13,-1,-1,-1,-1,-1,-1],"loss_changes":[3.4548506E-1,8.503556E-3,1.5197594E-1,0E0,0E0,3.979133E-3,2.1555126E-3,2.2221822E-5,2.2316002E-5,0E0,0E0,0E0,0E0,0E0,0E0],"parents":[2147483647,0,0,1,1,2,2,5,5,6,6,7,7,8,8],"right_children":[2,4,6,-1,-1,8,10,12,14,-1,-1,-1,-1,-1,-1],"split_conditions":[4.0218782E-1,2.0133993E-1,9.053671E-1,-3.5787582E-2,-8.568764E-3,6.046661E-1,1E0,5.030802E-1,7.0566887E-1,8.661652E-3,3.3367157E-2,-3.6647797E-3,-9.557724E-4,5.027771E-4,1.991272E-3],"split_indices":[0,0,0,0,0,0,0,0,0,0,0,0,0,0,0],"split_type":[0,0,0,0,0,0,0,0,0,0,0,0,0,0,0],"sum_hessian":[9E0,2E0,7E0,1E0,1E0,5E0,2E0,2E0,3E0,1E0,1E0,1E0,1E0,1E0,2E0],"tree_param":{"num_deleted":"0","num_feature":"2","num_nodes":"15","size_leaf_vector":"1"}},{"base_weights":[-6.6705705E-3,-2.8092384E-1,9.700823E-2,-3.3998203E-2,-8.140373E-3,-3.7466686E-3,2.6618195E-1,-2.9262543E-2,1.6326904E-2,8.228684E-3,3.169861E-2,-3.4814836E-3,-9.0789795E-4,4.7760012E-4,1.8585206E-3],"categories":[],"categories_nodes":[],"categories_segments":[],"categories_sizes":[],"default_left":[0,0,0,0,0,0,0,0,0,0,0,0,0,0,0],"id":78,"left_children":[1,3,5,-1,-1,7,9,11,13,-1,-1,-1,-1,-1,-1],"loss_changes":[3.115944E-1,7.674098E-3,1.3735795E-1,0E0,0E0,3.5509353E-3,1.9441098E-3,2.0111911E-5,1.5578698E-5,0E0,0E0,0E0,0E0,0E0,0E0],"parents":[2147483647,0,0,1,1,2,2,5,5,6,6,7,7,8,8],"right_children":[2,4,6,-1,-1,8,10,12,14,-1,-1,-1,-1,-1,-1],"split_conditions":[4.0218782E-1,2.0133993E-1,9.053671E-1,-3.3998203E-2,-8.140373E-3,6.046661E-1,1E0,5.030802E-1,7.0566887E-1,8.228684E-3,3.169861E-2,-3.4814836E-3,-9.0789795E-4,4.7760012E-4,1.8585206E-3],"split_indices":[0,0,0,0,0,0,0,0,0,0,0,0,0,0,0],"split_type":[0,0,0,0,0,0,0,0,0,0,0,0,0,0,0],"sum_hessian":[9E0,2E0,7E0,1E0,1E0,5E0,2E0,2E0,3E0,1E0,1E0,1E0,1E0,1E0,2E0],"tree_param":{"num_deleted":"0","num_feature":"2","num_nodes":"15","size_leaf_vector":"1"}},{"base_weights":[-6.431198E-3,-2.668775E-1,9.204006E-2,-3.2298278E-2,-7.733345E-3,-3.7155151E-3,2.528712E-1,-2.7798971E-2,1.5275955E-2,7.817077E-3,3.0113602E-2,-3.3073425E-3,-8.625031E-4,4.535675E-4,1.7344157E-3],"categories":[],"categories_nodes":[],"categories_segments":[],"categories_sizes":[],"default_left":[0,0,0,0,0,0,0,0,0,0,0,0,0,0,0],"id":79,"left_children":[1,3,5,-1,-1,7,9,11,13,-1,-1,-1,-1,-1,-1],"loss_changes":[2.8102818E-1,6.925896E-3,1.2414338E-1,0E0,0E0,3.1689373E-3,1.7556101E-3,1.8136809E-5,1.0184827E-5,0E0,0E0,0E0,0E0,0E0,0E0],"parents":[2147483647,0,0,1,1,2,2,5,5,6,6,7,7,8,8],"right_children":[2,4,6,-1,-1,8,10,12,14,-1,-1,-1,-1,-1,-1],"split_conditions":[4.0218782E-1,2.0133993E-1,9.053671E-1,-3.2298278E-2,-7.733345E-3,6.046661E-1,1E0,5.030802E-1,7.0566887E-1,7.817077E-3,3.0113602E-2,-3.3073425E-3,-8.625031E-4,4.535675E-4,1.7344157E-3],"split_indices":[0,0,0,0,0,0,0,0,0,0,0,0,0,0,0],"split_type":[0,0,0,0,0,0,0,0,0,0,0,0,0,0,0],"sum_hessian":[9E0,2E0,7E0,1E0,1E0,5E0,2E0,2E0,3E0,1E0,1E0,1E0,1E0,1E0,2E0],"tree_param":{"num_deleted":"0","num_feature":"2","num_nodes":"15","size_leaf_vector":"1"}},{"base_weights":[-6.195831E-3,-2.535337E-1,8.733034E-2,-3.0683327E-2,-7.3467256E-3,-3.6729176E-3,2.4022675E-1,-2.640915E-2,1.4297485E-2,7.4260714E-3,2.860794E-2,-3.1419755E-3,-8.19397E-4,4.310608E-4,1.6189575E-3],"categories":[],"categories_nodes":[],"categories_segments":[],"categories_sizes":[],"default_left":[0,0,0,0,0,0,0,0,0,0,0,0,0,0,0],"id":80,"left_children":[1,3,5,-1,-1,7,9,11,13,-1,-1,-1,-1,-1,-1],"loss_changes":[2.5346678E-1,6.2502176E-3,1.1219492E-1,0E0,0E0,2.82906E-3,1.5854686E-3,1.6354723E-5,5.7973666E-6,0E0,0E0,0E0,0E0,0E0,0E0],"parents":[2147483647,0,0,1,1,2,2,5,5,6,6,7,7,8,8],"right_children":[2,4,6,-1,-1,8,10,12,14,-1,-1,-1,-1,-1,-1],"split_conditions":[4.0218782E-1,2.0133993E-1,9.053671E-1,-3.0683327E-2,-7.3467256E-3,6.046661E-1,1E0,5.030802E-1,7.0566887E-1,7.4260714E-3,2.860794E-2,-3.1419755E-3,-8.19397E-4,4.310608E-4,1.6189575E-3],"split_indices":[0,0,0,0,0,0,0,0,0,0,0,0,0,0,0],"split_type":[0,0,0,0,0,0,0,0,0,0,0,0,0,0,0],"sum_hessian":[9E0,2E0,7E0,1E0,1E0,5E0,2E0,2E0,3E0,1E0,1E0,1E0,1E0,1E0,2E0],"tree_param":{"num_deleted":"0","num_feature":"2","num_nodes":"15","size_leaf_vector":"1"}},{"base_weights":[-5.9659956E-3,-2.4085681E-1,8.286381E-2,-2.914915E-2,-6.97937E-3,-3.622691E-3,2.2821553E-1,-2.5087992E-2,1.3381958E-2,7.054901E-3,2.7177429E-2,-2.98481E-3,-7.78389E-4,4.096985E-4,1.5111287E-3],"categories":[],"categories_nodes":[],"categories_segments":[],"categories_sizes":[],"default_left":[0,0,0,0,0,0,0,0,0,0,0,0,0,0,0],"id":81,"left_children":[1,3,5,-1,-1,7,9,11,13,-1,-1,-1,-1,-1,-1],"loss_changes":[2.2861136E-1,5.640909E-3,1.01394445E-1,0E0,0E0,2.525786E-3,1.4298558E-3,1.4773803E-5,2.3163739E-6,0E0,0E0,0E0,0E0,0E0,0E0],"parents":[2147483647,0,0,1,1,2,2,5,5,6,6,7,7,8,8],"right_children":[2,4,6,-1,-1,8,10,12,14,-1,-1,-1,-1,-1,-1],"split_conditions":[4.0218782E-1,2.0133993E-1,9.053671E-1,-2.914915E-2,-6.97937E-3,6.046661E-1,1E0,5.030802E-1,7.0566887E-1,7.054901E-3,2.7177429E-2,-2.98481E-3,-7.78389E-4,4.096985E-4,1.5111287E-3],"split_indices":[0,0,0,0,0,0,0,0,0,0,0,0,0,0,0],"split_type":[0,0,0,0,0,0,0,0,0,0,0,0,0,0,0],"sum_hessian":[9E0,2E0,7E0,1E0,1E0,5E0,2E0,2E0,3E0,1E0,1E0,1E0,1E0,1E0,2E0],"tree_param":{"num_deleted":"0","num_feature":"2","num_nodes":"15","size_leaf_vector":"1"}},{"base_weights":[-5.743408E-3,-2.2881317E-1,7.862568E-2,-2.7691651E-2,-6.630325E-3,-3.5680134E-3,2.168045E-1,-2.3834229E-2,1.2523651E-2,6.7020417E-3,2.5818635E-2,-2.8356554E-3,-7.394791E-4,5.661011E-4,1.6555786E-3],"categories":[],"categories_nodes":[],"categories_segments":[],"categories_sizes":[],"default_left":[0,0,0,0,0,0,0,0,0,0,0,0,0,0,0],"id":82,"left_children":[1,3,5,-1,-1,7,9,11,13,-1,-1,-1,-1,-1,-1],"loss_changes":[2.0619251E-1,5.0913244E-3,9.1632985E-2,0E0,0E0,2.2551944E-3,1.291275E-3,1.3342709E-5,1.6961887E-5,0E0,0E0,0E0,0E0,0E0,0E0],"parents":[2147483647,0,0,1,1,2,2,5,5,6,6,7,7,8,8],"right_children":[2,4,6,-1,-1,8,10,12,14,-1,-1,-1,-1,-1,-1],"split_conditions":[4.0218782E-1,2.0133993E-1,9.053671E-1,-2.7691651E-2,-6.630325E-3,6.046661E-1,1E0,5.030802E-1,8.055307E-1,6.7020417E-3,2.5818635E-2,-2.8356554E-3,-7.394791E-4,5.661011E-4,1.6555786E-3],"split_indices":[0,0,0,0,0,0,0,0,0,0,0,0,0,0,0],"split_type":[0,0,0,0,0,0,0,0,0,0,0,0,0,0,0],"sum_hessian":[9E0,2E0,7E0,1E0,1E0,5E0,2E0,2E0,3E0,1E0,1E0,1E0,1E0,2E0,1E0],"tree_param":{"num_deleted":"0","num_feature":"2","num_nodes":"15","size_leaf_vector":"1"}},{"base_weights":[-5.4840087E-3,-2.173729E-1,7.4659824E-2,-2.6307106E-2,-6.2988284E-3,-3.4364064E-3,2.0596568E-1,-2.264277E-2,1.1827469E-2,6.367111E-3,2.4527742E-2,-2.6939393E-3,-7.0247654E-4,5.2846276E-4,1.5727998E-3],"categories":[],"categories_nodes":[],"categories_segments":[],"categories_sizes":[],"default_left":[0,0,0,0,0,0,0,0,0,0,0,0,0,0,0],"id":83,"left_children":[1,3,5,-1,-1,7,9,11,13,-1,-1,-1,-1,-1,-1],"loss_changes":[1.8604489E-1,4.5948774E-3,8.274373E-2,0E0,0E0,2.026788E-3,1.1644512E-3,1.2071105E-5,1.8965511E-5,0E0,0E0,0E0,0E0,0E0,0E0],"parents":[2147483647,0,0,1,1,2,2,5,5,6,6,7,7,8,8],"right_children":[2,4,6,-1,-1,8,10,12,14,-1,-1,-1,-1,-1,-1],"split_conditions":[4.0218782E-1,2.0133993E-1,9.053671E-1,-2.6307106E-2,-6.2988284E-3,6.046661E-1,1E0,5.030802E-1,8.055307E-1,6.367111E-3,2.4527742E-2,-2.6939393E-3,-7.0247654E-4,5.2846276E-4,1.5727998E-3],"split_indices":[0,0,0,0,0,0,0,0,0,0,0,0,0,0,0],"split_type":[0,0,0,0,0,0,0,0,0,0,0,0,0,0,0],"sum_hessian":[9E0,2E0,7E0,1E0,1E0,5E0,2E0,2E0,3E0,1E0,1E0,1E0,1E0,2E0,1E0],"tree_param":{"num_deleted":"0","num_feature":"2","num_nodes":"15","size_leaf_vector":"1"}},{"base_weights":[-5.2362443E-3,-2.0650418E-1,7.0893764E-2,-2.4991704E-2,-5.983925E-3,-3.3079784E-3,1.95666E-1,-2.1511078E-2,1.1171341E-2,6.048584E-3,2.3301316E-2,-2.5592805E-3,-6.673813E-4,4.9336755E-4,1.494217E-3],"categories":[],"categories_nodes":[],"categories_segments":[],"categories_sizes":[],"default_left":[0,0,0,0,0,0,0,0,0,0,0,0,0,0,0],"id":84,"left_children":[1,3,5,-1,-1,7,9,11,13,-1,-1,-1,-1,-1,-1],"loss_changes":[1.6786516E-1,4.146576E-3,7.47138E-2,0E0,0E0,1.8217186E-3,1.0517836E-3,1.0883319E-5,2.0364881E-5,0E0,0E0,0E0,0E0,0E0,0E0],"parents":[2147483647,0,0,1,1,2,2,5,5,6,6,7,7,8,8],"right_children":[2,4,6,-1,-1,8,10,12,14,-1,-1,-1,-1,-1,-1],"split_conditions":[4.0218782E-1,2.0133993E-1,9.053671E-1,-2.4991704E-2,-5.983925E-3,6.046661E-1,1E0,5.030802E-1,8.055307E-1,6.048584E-3,2.3301316E-2,-2.5592805E-3,-6.673813E-4,4.9336755E-4,1.494217E-3],"split_indices":[0,0,0,0,0,0,0,0,0,0,0,0,0,0,0],"split_type":[0,0,0,0,0,0,0,0,0,0,0,0,0,0,0],"sum_hessian":[9E0,2E0,7E0,1E0,1E0,5E0,2E0,2E0,3E0,1E0,1E0,1E0,1E0,2E0,1E0],"tree_param":{"num_deleted":"0","num_feature":"2","num_nodes":"15","size_leaf_vector":"1"}},{"base_weights":[-4.999542E-3,-1.9617844E-1,6.7317486E-2,-2.3742104E-2,-5.684662E-3,-3.1846364E-3,1.8588257E-1,-2.0435333E-2,1.0549545E-2,5.7460787E-3,2.2136306E-2,-2.4312974E-3,-6.340027E-4,4.603068E-4,1.4194489E-3],"categories":[],"categories_nodes":[],"categories_segments":[],"categories_sizes":[],"default_left":[0,0,0,0,0,0,0,0,0,0,0,0,0,0,0],"id":85,"left_children":[1,3,5,-1,-1,7,9,11,13,-1,-1,-1,-1,-1,-1],"loss_changes":[1.5146112E-1,3.7426427E-3,6.746468E-2,0E0,0E0,1.6371286E-3,9.4971806E-4,9.824755E-6,2.1360116E-5,0E0,0E0,0E0,0E0,0E0,0E0],"parents":[2147483647,0,0,1,1,2,2,5,5,6,6,7,7,8,8],"right_children":[2,4,6,-1,-1,8,10,12,14,-1,-1,-1,-1,-1,-1],"split_conditions":[4.0218782E-1,2.0133993E-1,9.053671E-1,-2.3742104E-2,-5.684662E-3,6.046661E-1,1E0,5.030802E-1,8.055307E-1,5.7460787E-3,2.2136306E-2,-2.4312974E-3,-6.340027E-4,4.603068E-4,1.4194489E-3],"split_indices":[0,0,0,0,0,0,0,0,0,0,0,0,0,0,0],"split_type":[0,0,0,0,0,0,0,0,0,0,0,0,0,0,0],"sum_hessian":[9E0,2E0,7E0,1E0,1E0,5E0,2E0,2E0,3E0,1E0,1E0,1E0,1E0,2E0,1E0],"tree_param":{"num_deleted":"0","num_feature":"2","num_nodes":"15","size_leaf_vector":"1"}},{"base_weights":[-4.771805E-3,-1.8636958E-1,6.3923836E-2,-2.255497E-2,-5.400467E-3,-3.063202E-3,1.7658997E-1,-1.9414267E-2,9.965897E-3,5.458832E-3,2.1029664E-2,-2.3097992E-3,-6.0234073E-4,4.2978922E-4,1.3484955E-3],"categories":[],"categories_nodes":[],"categories_segments":[],"categories_sizes":[],"default_left":[0,0,0,0,0,0,0,0,0,0,0,0,0,0,0],"id":86,"left_children":[1,3,5,-1,-1,7,9,11,13,-1,-1,-1,-1,-1,-1],"loss_changes":[1.3666321E-1,3.3774748E-3,6.0918294E-2,0E0,0E0,1.4717183E-3,8.5706264E-4,8.856063E-6,2.182729E-5,0E0,0E0,0E0,0E0,0E0,0E0],"parents":[2147483647,0,0,1,1,2,2,5,5,6,6,7,7,8,8],"right_children":[2,4,6,-1,-1,8,10,12,14,-1,-1,-1,-1,-1,-1],"split_conditions":[4.0218782E-1,2.0133993E-1,9.053671E-1,-2.255497E-2,-5.400467E-3,6.046661E-1,1E0,5.030802E-1,8.055307E-1,5.458832E-3,2.1029664E-2,-2.3097992E-3,-6.0234073E-4,4.2978922E-4,1.3484955E-3],"split_indices":[0,0,0,0,0,0,0,0,0,0,0,0,0,0,0],"split_type":[0,0,0,0,0,0,0,0,0,0,0,0,0,0,0],"sum_hessian":[9E0,2E0,7E0,1E0,1E0,5E0,2E0,2E0,3E0,1E0,1E0,1E0,1E0,2E0,1E0],"tree_param":{"num_deleted":"0","num_feature":"2","num_nodes":"15","size_leaf_vector":"1"}},{"base_weights":[-4.5545576E-3,-1.770509E-1,6.0700893E-2,-2.142725E-2,-5.1303864E-3,-2.9455821E-3,1.6776021E-1,-1.8444061E-2,9.414673E-3,5.1856996E-3,1.9978333E-2,-2.1944046E-3,-5.722046E-4,4.0130617E-4,1.2809754E-3],"categories":[],"categories_nodes":[],"categories_segments":[],"categories_sizes":[],"default_left":[0,0,0,0,0,0,0,0,0,0,0,0,0,0,0],"id":87,"left_children":[1,3,5,-1,-1,7,9,11,13,-1,-1,-1,-1,-1,-1],"loss_changes":[1.2331042E-1,3.0485094E-3,5.5005733E-2,0E0,0E0,1.3230357E-3,7.7459216E-4,8.015777E-6,2.1949294E-5,0E0,0E0,0E0,0E0,0E0,0E0],"parents":[2147483647,0,0,1,1,2,2,5,5,6,6,7,7,8,8],"right_children":[2,4,6,-1,-1,8,10,12,14,-1,-1,-1,-1,-1,-1],"split_conditions":[4.0218782E-1,2.0133993E-1,9.053671E-1,-2.142725E-2,-5.1303864E-3,6.046661E-1,1E0,5.030802E-1,8.055307E-1,5.1856996E-3,1.9978333E-2,-2.1944046E-3,-5.722046E-4,4.0130617E-4,1.2809754E-3],"split_indices":[0,0,0,0,0,0,0,0,0,0,0,0,0,0,0],"split_type":[0,0,0,0,0,0,0,0,0,0,0,0,0,0,0],"sum_hessian":[9E0,2E0,7E0,1E0,1E0,5E0,2E0,2E0,3E0,1E0,1E0,1E0,1E0,2E0,1E0],"tree_param":{"num_deleted":"0","num_feature":"2","num_nodes":"15","size_leaf_vector":"1"}},{"base_weights":[-4.3481826E-3,-1.6819827E-1,5.7639122E-2,-2.0355893E-2,-4.873848E-3,-2.8330486E-3,1.5937042E-1,-1.7522177E-2,8.892059E-3,4.9263E-3,1.8979264E-2,-2.084732E-3,-5.4359436E-4,3.7434895E-4,1.2168884E-3],"categories":[],"categories_nodes":[],"categories_segments":[],"categories_sizes":[],"default_left":[0,0,0,0,0,0,0,0,0,0,0,0,0,0,0],"id":88,"left_children":[1,3,5,-1,-1,7,9,11,13,-1,-1,-1,-1,-1,-1],"loss_changes":[1.11261055E-1,2.7513802E-3,4.966681E-2,0E0,0E0,1.1891979E-3,6.9937855E-4,7.240509E-6,2.1929765E-5,0E0,0E0,0E0,0E0,0E0,0E0],"parents":[2147483647,0,0,1,1,2,2,5,5,6,6,7,7,8,8],"right_children":[2,4,6,-1,-1,8,10,12,14,-1,-1,-1,-1,-1,-1],"split_conditions":[4.0218782E-1,2.0133993E-1,9.053671E-1,-2.0355893E-2,-4.873848E-3,6.046661E-1,1E0,5.030802E-1,8.055307E-1,4.9263E-3,1.8979264E-2,-2.084732E-3,-5.4359436E-4,3.7434895E-4,1.2168884E-3],"split_indices":[0,0,0,0,0,0,0,0,0,0,0,0,0,0,0],"split_type":[0,0,0,0,0,0,0,0,0,0,0,0,0,0,0],"sum_hessian":[9E0,2E0,7E0,1E0,1E0,5E0,2E0,2E0,3E0,1E0,1E0,1E0,1E0,2E0,1E0],"tree_param":{"num_deleted":"0","num_feature":"2","num_nodes":"15","size_leaf_vector":"1"}},{"base_weights":[-4.1498183E-3,-1.5978813E-1,5.4733276E-2,-1.9338131E-2,-4.630089E-3,-2.7224224E-3,1.5140025E-1,-1.6644796E-2,8.399963E-3,4.679871E-3,1.8030167E-2,-1.9804002E-3,-5.163193E-4,3.4942626E-4,1.1558533E-3],"categories":[],"categories_nodes":[],"categories_segments":[],"categories_sizes":[],"default_left":[0,0,0,0,0,0,0,0,0,0,0,0,0,0,0],"id":89,"left_children":[1,3,5,-1,-1,7,9,11,13,-1,-1,-1,-1,-1,-1],"loss_changes":[1.0039038E-1,2.4834648E-3,4.484473E-2,0E0,0E0,1.0689157E-3,6.315112E-4,6.566348E-6,2.1591433E-5,0E0,0E0,0E0,0E0,0E0,0E0],"parents":[2147483647,0,0,1,1,2,2,5,5,6,6,7,7,8,8],"right_children":[2,4,6,-1,-1,8,10,12,14,-1,-1,-1,-1,-1,-1],"split_conditions":[4.0218782E-1,2.0133993E-1,9.053671E-1,-1.9338131E-2,-4.630089E-3,6.046661E-1,1E0,5.030802E-1,8.055307E-1,4.679871E-3,1.8030167E-2,-1.9804002E-3,-5.163193E-4,3.4942626E-4,1.1558533E-3],"split_indices":[0,0,0,0,0,0,0,0,0,0,0,0,0,0,0],"split_type":[0,0,0,0,0,0,0,0,0,0,0,0,0,0,0],"sum_hessian":[9E0,2E0,7E0,1E0,1E0,5E0,2E0,2E0,3E0,1E0,1E0,1E0,1E0,2E0,1E0],"tree_param":{"num_deleted":"0","num_feature":"2","num_nodes":"15","size_leaf_vector":"1"}},{"base_weights":[-3.960037E-3,-1.5179825E-1,5.1974297E-2,-1.83712E-2,-4.398537E-3,-2.6168823E-3,1.438319E-1,-1.5813192E-2,7.93457E-3,4.4460297E-3,1.7128754E-2,-1.8814087E-3,-4.905701E-4,3.2602946E-4,1.09787E-3],"categories":[],"categories_nodes":[],"categories_segments":[],"categories_sizes":[],"default_left":[0,0,0,0,0,0,0,0,0,0,0,0,0,0,0],"id":90,"left_children":[1,3,5,-1,-1,7,9,11,13,-1,-1,-1,-1,-1,-1],"loss_changes":[9.058192E-2,2.2414997E-3,4.0493302E-2,0E0,0E0,9.609122E-4,5.6944415E-4,5.9004524E-6,2.11226E-5,0E0,0E0,0E0,0E0,0E0,0E0],"parents":[2147483647,0,0,1,1,2,2,5,5,6,6,7,7,8,8],"right_children":[2,4,6,-1,-1,8,10,12,14,-1,-1,-1,-1,-1,-1],"split_conditions":[4.0218782E-1,2.0133993E-1,9.053671E-1,-1.83712E-2,-4.398537E-3,6.046661E-1,1E0,5.030802E-1,8.055307E-1,4.4460297E-3,1.7128754E-2,-1.8814087E-3,-4.905701E-4,3.2602946E-4,1.09787E-3],"split_indices":[0,0,0,0,0,0,0,0,0,0,0,0,0,0,0],"split_type":[0,0,0,0,0,0,0,0,0,0,0,0,0,0,0],"sum_hessian":[9E0,2E0,7E0,1E0,1E0,5E0,2E0,2E0,3E0,1E0,1E0,1E0,1E0,2E0,1E0],"tree_param":{"num_deleted":"0","num_feature":"2","num_nodes":"15","size_leaf_vector":"1"}},{"base_weights":[-3.778839E-3,-1.4420827E-1,4.9354553E-2,-1.7452622E-2,-4.1786195E-3,-2.5138855E-3,1.3663991E-1,-1.5022278E-2,7.49588E-3,4.223633E-3,1.6272355E-2,-1.7873765E-3,-4.6596528E-4,3.0415852E-4,1.0429382E-3],"categories":[],"categories_nodes":[],"categories_segments":[],"categories_sizes":[],"default_left":[0,0,0,0,0,0,0,0,0,0,0,0,0,0,0],"id":91,"left_children":[1,3,5,-1,-1,7,9,11,13,-1,-1,-1,-1,-1,-1],"loss_changes":[8.173226E-2,2.0228922E-3,3.656234E-2,0E0,0E0,8.638416E-4,5.1432103E-4,5.3611E-6,2.0544889E-5,0E0,0E0,0E0,0E0,0E0,0E0],"parents":[2147483647,0,0,1,1,2,2,5,5,6,6,7,7,8,8],"right_children":[2,4,6,-1,-1,8,10,12,14,-1,-1,-1,-1,-1,-1],"split_conditions":[4.0218782E-1,2.0133993E-1,9.053671E-1,-1.7452622E-2,-4.1786195E-3,6.046661E-1,1E0,5.030802E-1,8.055307E-1,4.223633E-3,1.6272355E-2,-1.7873765E-3,-4.6596528E-4,3.0415852E-4,1.0429382E-3],"split_indices":[0,0,0,0,0,0,0,0,0,0,0,0,0,0,0],"split_type":[0,0,0,0,0,0,0,0,0,0,0,0,0,0,0],"sum_hessian":[9E0,2E0,7E0,1E0,1E0,5E0,2E0,2E0,3E0,1E0,1E0,1E0,1E0,2E0,1E0],"tree_param":{"num_deleted":"0","num_feature":"2","num_nodes":"15","size_leaf_vector":"1"}},{"base_weights":[-3.6060333E-3,-1.3699849E-1,4.6866894E-2,-1.658001E-2,-3.969765E-3,-2.4140675E-3,1.2980652E-1,-1.42707825E-2,7.0819855E-3,4.012299E-3,1.545868E-2,-1.6979218E-3,-4.4269563E-4,2.8381348E-4,9.906769E-4],"categories":[],"categories_nodes":[],"categories_segments":[],"categories_sizes":[],"default_left":[0,0,0,0,0,0,0,0,0,0,0,0,0,0,0],"id":92,"left_children":[1,3,5,-1,-1,7,9,11,13,-1,-1,-1,-1,-1,-1],"loss_changes":[7.374778E-2,1.8253885E-3,3.301212E-2,0E0,0E0,7.7661744E-4,4.646629E-4,4.81779E-6,1.983509E-5,0E0,0E0,0E0,0E0,0E0,0E0],"parents":[2147483647,0,0,1,1,2,2,5,5,6,6,7,7,8,8],"right_children":[2,4,6,-1,-1,8,10,12,14,-1,-1,-1,-1,-1,-1],"split_conditions":[4.0218782E-1,2.0133993E-1,9.053671E-1,-1.658001E-2,-3.969765E-3,6.046661E-1,1E0,5.030802E-1,8.055307E-1,4.012299E-3,1.545868E-2,-1.6979218E-3,-4.4269563E-4,2.8381348E-4,9.906769E-4],"split_indices":[0,0,0,0,0,0,0,0,0,0,0,0,0,0,0],"split_type":[0,0,0,0,0,0,0,0,0,0,0,0,0,0,0],"sum_hessian":[9E0,2E0,7E0,1E0,1E0,5E0,2E0,2E0,3E0,1E0,1E0,1E0,1E0,2E0,1E0],"tree_param":{"num_deleted":"0","num_feature":"2","num_nodes":"15","size_leaf_vector":"1"}},{"base_weights":[-3.4395219E-3,-1.3014793E-1,4.4506073E-2,-1.575098E-2,-3.7712099E-3,-2.3167927E-3,1.23316444E-1,-1.3557434E-2,6.6928864E-3,3.8116456E-3,1.4685822E-2,-1.6130448E-3,-4.2057037E-4,2.649943E-4,9.410858E-4],"categories":[],"categories_nodes":[],"categories_segments":[],"categories_sizes":[],"default_left":[0,0,0,0,0,0,0,0,0,0,0,0,0,0,0],"id":93,"left_children":[1,3,5,-1,-1,7,9,11,13,-1,-1,-1,-1,-1,-1],"loss_changes":[6.6543475E-2,1.6476288E-3,2.980672E-2,0E0,0E0,6.9838576E-4,4.1956082E-4,4.3464825E-6,1.901618E-5,0E0,0E0,0E0,0E0,0E0,0E0],"parents":[2147483647,0,0,1,1,2,2,5,5,6,6,7,7,8,8],"right_children":[2,4,6,-1,-1,8,10,12,14,-1,-1,-1,-1,-1,-1],"split_conditions":[4.0218782E-1,2.0133993E-1,9.053671E-1,-1.575098E-2,-3.7712099E-3,6.046661E-1,1E0,5.030802E-1,8.055307E-1,3.8116456E-3,1.4685822E-2,-1.6130448E-3,-4.2057037E-4,2.649943E-4,9.410858E-4],"split_indices":[0,0,0,0,0,0,0,0,0,0,0,0,0,0,0],"split_type":[0,0,0,0,0,0,0,0,0,0,0,0,0,0,0],"sum_hessian":[9E0,2E0,7E0,1E0,1E0,5E0,2E0,2E0,3E0,1E0,1E0,1E0,1E0,2E0,1E0],"tree_param":{"num_deleted":"0","num_feature":"2","num_nodes":"15","size_leaf_vector":"1"}},{"base_weights":[-3.281212E-3,-1.2364006E-1,4.2263508E-2,-1.4963436E-2,-3.582573E-3,-2.2233326E-3,1.1714935E-1,-1.2879689E-2,6.324768E-3,3.6209107E-3,1.39514925E-2,-1.5323639E-3,-3.9958954E-4,2.471924E-4,8.941651E-4],"categories":[],"categories_nodes":[],"categories_segments":[],"categories_sizes":[],"default_left":[0,0,0,0,0,0,0,0,0,0,0,0,0,0,0],"id":94,"left_children":[1,3,5,-1,-1,7,9,11,13,-1,-1,-1,-1,-1,-1],"loss_changes":[6.004256E-2,1.4872588E-3,2.691194E-2,0E0,0E0,6.280107E-4,3.7911534E-4,3.9029983E-6,1.8226681E-5,0E0,0E0,0E0,0E0,0E0,0E0],"parents":[2147483647,0,0,1,1,2,2,5,5,6,6,7,7,8,8],"right_children":[2,4,6,-1,-1,8,10,12,14,-1,-1,-1,-1,-1,-1],"split_conditions":[4.0218782E-1,2.0133993E-1,9.053671E-1,-1.4963436E-2,-3.582573E-3,6.046661E-1,1E0,5.030802E-1,8.055307E-1,3.6209107E-3,1.39514925E-2,-1.5323639E-3,-3.9958954E-4,2.471924E-4,8.941651E-4],"split_indices":[0,0,0,0,0,0,0,0,0,0,0,0,0,0,0],"split_type":[0,0,0,0,0,0,0,0,0,0,0,0,0,0,0],"sum_hessian":[9E0,2E0,7E0,1E0,1E0,5E0,2E0,2E0,3E0,1E0,1E0,1E0,1E0,2E0,1E0],"tree_param":{"num_deleted":"0","num_feature":"2","num_nodes":"15","size_leaf_vector":"1"}},{"base_weights":[-3.1291961E-3,-1.1745834E-1,4.0135384E-2,-1.4215278E-2,-3.403473E-3,-2.1311443E-3,1.1128998E-1,-1.2235005E-2,5.979538E-3,3.4397126E-3,1.3253785E-2,-1.4556885E-3,-3.7956238E-4,2.3091634E-4,8.4953307E-4],"categories":[],"categories_nodes":[],"categories_segments":[],"categories_sizes":[],"default_left":[0,0,0,0,0,0,0,0,0,0,0,0,0,0,0],"id":95,"left_children":[1,3,5,-1,-1,7,9,11,13,-1,-1,-1,-1,-1,-1],"loss_changes":[5.417826E-2,1.3421662E-3,2.4296835E-2,0E0,0E0,5.648549E-4,3.425032E-4,3.5332341E-6,1.7318496E-5,0E0,0E0,0E0,0E0,0E0,0E0],"parents":[2147483647,0,0,1,1,2,2,5,5,6,6,7,7,8,8],"right_children":[2,4,6,-1,-1,8,10,12,14,-1,-1,-1,-1,-1,-1],"split_conditions":[4.0218782E-1,2.0133993E-1,9.053671E-1,-1.4215278E-2,-3.403473E-3,6.046661E-1,1E0,5.030802E-1,8.055307E-1,3.4397126E-3,1.3253785E-2,-1.4556885E-3,-3.7956238E-4,2.3091634E-4,8.4953307E-4],"split_indices":[0,0,0,0,0,0,0,0,0,0,0,0,0,0,0],"split_type":[0,0,0,0,0,0,0,0,0,0,0,0,0,0,0],"sum_hessian":[9E0,2E0,7E0,1E0,1E0,5E0,2E0,2E0,3E0,1E0,1E0,1E0,1E0,2E0,1E0],"tree_param":{"num_deleted":"0","num_feature":"2","num_nodes":"15","size_leaf_vector":"1"}},{"base_weights":[-2.9836656E-3,-1.1158562E-1,3.8115025E-2,-1.3504505E-2,-3.2333375E-3,-2.0427704E-3,1.0572561E-1,-1.1623383E-2,5.6533813E-3,3.2676698E-3,1.2591171E-2,-1.3828278E-3,-3.6067964E-4,2.1565755E-4,8.0718996E-4],"categories":[],"categories_nodes":[],"categories_segments":[],"categories_sizes":[],"default_left":[0,0,0,0,0,0,0,0,0,0,0,0,0,0,0],"id":96,"left_children":[1,3,5,-1,-1,7,9,11,13,-1,-1,-1,-1,-1,-1],"loss_changes":[4.8887067E-2,1.2111776E-3,2.1936707E-2,0E0,0E0,5.0811446E-4,3.0934066E-4,3.151421E-6,1.6420687E-5,0E0,0E0,0E0,0E0,0E0,0E0],"parents":[2147483647,0,0,1,1,2,2,5,5,6,6,7,7,8,8],"right_children":[2,4,6,-1,-1,8,10,12,14,-1,-1,-1,-1,-1,-1],"split_conditions":[4.0218782E-1,2.0133993E-1,9.053671E-1,-1.3504505E-2,-3.2333375E-3,6.046661E-1,1E0,5.030802E-1,8.055307E-1,3.2676698E-3,1.2591171E-2,-1.3828278E-3,-3.6067964E-4,2.1565755E-4,8.0718996E-4],"split_indices":[0,0,0,0,0,0,0,0,0,0,0,0,0,0,0],"split_type":[0,0,0,0,0,0,0,0,0,0,0,0,0,0,0],"sum_hessian":[9E0,2E0,7E0,1E0,1E0,5E0,2E0,2E0,3E0,1E0,1E0,1E0,1E0,2E0,1E0],"tree_param":{"num_deleted":"0","num_feature":"2","num_nodes":"15","size_leaf_vector":"1"}},{"base_weights":[-2.8440475E-3,-1.0600599E-1,3.6197186E-2,-1.2829304E-2,-3.0715943E-3,-1.9575756E-3,1.0044098E-1,-1.1041005E-2,5.344391E-3,3.1044006E-3,1.1961746E-2,-1.313591E-3,-3.4255983E-4,2.0141601E-4,7.6675415E-4],"categories":[],"categories_nodes":[],"categories_segments":[],"categories_sizes":[],"default_left":[0,0,0,0,0,0,0,0,0,0,0,0,0,0,0],"id":97,"left_children":[1,3,5,-1,-1,7,9,11,13,-1,-1,-1,-1,-1,-1],"loss_changes":[4.4112813E-2,1.0933354E-3,1.9806271E-2,0E0,0E0,4.5696885E-4,2.789665E-4,2.8623035E-6,1.5502854E-5,0E0,0E0,0E0,0E0,0E0,0E0],"parents":[2147483647,0,0,1,1,2,2,5,5,6,6,7,7,8,8],"right_children":[2,4,6,-1,-1,8,10,12,14,-1,-1,-1,-1,-1,-1],"split_conditions":[4.0218782E-1,2.0133993E-1,9.053671E-1,-1.2829304E-2,-3.0715943E-3,6.046661E-1,1E0,5.030802E-1,8.055307E-1,3.1044006E-3,1.1961746E-2,-1.313591E-3,-3.4255983E-4,2.0141601E-4,7.6675415E-4],"split_indices":[0,0,0,0,0,0,0,0,0,0,0,0,0,0,0],"split_type":[0,0,0,0,0,0,0,0,0,0,0,0,0,0,0],"sum_hessian":[9E0,2E0,7E0,1E0,1E0,5E0,2E0,2E0,3E0,1E0,1E0,1E0,1E0,2E0,1E0],"tree_param":{"num_deleted":"0","num_feature":"2","num_nodes":"15","size_leaf_vector":"1"}},{"base_weights":[-2.711296E-3,-1.007061E-1,3.4375668E-2,-1.2187863E-2,-2.9180527E-3,-1.8749237E-3,9.54183E-2,-1.0489146E-2,5.054474E-3,2.9491426E-3,1.1363602E-2,-1.2479782E-3,-3.253937E-4,1.8819174E-4,7.286072E-4],"categories":[],"categories_nodes":[],"categories_segments":[],"categories_sizes":[],"default_left":[0,0,0,0,0,0,0,0,0,0,0,0,0,0,0],"id":98,"left_children":[1,3,5,-1,-1,7,9,11,13,-1,-1,-1,-1,-1,-1],"loss_changes":[3.9805137E-2,9.866487E-4,1.7881554E-2,0E0,0E0,4.1116533E-4,2.5182404E-4,2.5995832E-6,1.46077E-5,0E0,0E0,0E0,0E0,0E0,0E0],"parents":[2147483647,0,0,1,1,2,2,5,5,6,6,7,7,8,8],"right_children":[2,4,6,-1,-1,8,10,12,14,-1,-1,-1,-1,-1,-1],"split_conditions":[4.0218782E-1,2.0133993E-1,9.053671E-1,-1.2187863E-2,-2.9180527E-3,6.046661E-1,1E0,5.030802E-1,8.055307E-1,2.9491426E-3,1.1363602E-2,-1.2479782E-3,-3.253937E-4,1.8819174E-4,7.286072E-4],"split_indices":[0,0,0,0,0,0,0,0,0,0,0,0,0,0,0],"split_type":[0,0,0,0,0,0,0,0,0,0,0,0,0,0,0],"sum_hessian":[9E0,2E0,7E0,1E0,1E0,5E0,2E0,2E0,3E0,1E0,1E0,1E0,1E0,2E0,1E0],"tree_param":{"num_deleted":"0","num_feature":"2","num_nodes":"15","size_leaf_vector":"1"}},{"base_weights":[-2.586174E-3,-9.56707E-2,3.2643795E-2,-1.1578465E-2,-2.7721405E-3,-1.7986298E-3,9.064738E-2,-9.9652605E-3,4.776001E-3,2.8015138E-3,1.0795593E-2,-1.185608E-3,-3.0918123E-4,1.7547607E-4,6.919861E-4],"categories":[],"categories_nodes":[],"categories_segments":[],"categories_sizes":[],"default_left":[0,0,0,0,0,0,0,0,0,0,0,0,0,0,0],"id":99,"left_children":[1,3,5,-1,-1,7,9,11,13,-1,-1,-1,-1,-1,-1],"loss_changes":[3.59167E-2,8.904729E-4,1.6145315E-2,0E0,0E0,3.6974958E-4,2.2782013E-4,2.3325556E-6,1.3765763E-5,0E0,0E0,0E0,0E0,0E0,0E0],"parents":[2147483647,0,0,1,1,2,2,5,5,6,6,7,7,8,8],"right_children":[2,4,6,-1,-1,8,10,12,14,-1,-1,-1,-1,-1,-1],"split_conditions":[4.0218782E-1,2.0133993E-1,9.053671E-1,-1.1578465E-2,-2.7721405E-3,6.046661E-1,1E0,5.030802E-1,8.055307E-1,2.8015138E-3,1.0795593E-2,-1.185608E-3,-3.0918123E-4,1.7547607E-4,6.919861E-4],"split_indices":[0,0,0,0,0,0,0,0,0,0,0,0,0,0,0],"split_type":[0,0,0,0,0,0,0,0,0,0,0,0,0,0,0],"sum_hessian":[9E0,2E0,7E0,1E0,1E0,5E0,2E0,2E0,3E0,1E0,1E0,1E0,1E0,2E0,1E0],"tree_param":{"num_deleted":"0","num_feature":"2","num_nodes":"15","size_leaf_vector":"1"}}]},"name":"gbtree"},"learner_model_param":{"base_score":"6.496667E1","boost_from_average":"1","num_class":"0","num_feature":"2","num_target":"1"},"objective":{"name":"reg:squarederror","reg_loss_param":{"scale_pos_weight":"1"}}},"version":[2,0,1]}