{"model_name": "SVRRegressorTrainer_0", "trainer": "SVRRegressorTrainer", "model_class": "scikit", "model_file": "SVRRegressorTrainer_0.json", "features": ["bpf_block_irq", "bpf_net_rx_irq", "bpf_net_tx_irq", "cache_miss", "cpu_cycles", "cpu_instructions"], "fe_files": [], "output_type": "AbsPower", "mae": 7.18, "mape": -1, "node_type": 0, "machine_spec": {"processor": "11th_gen_intel_core", "cores": 8, "chips": 1, "memory": 31, "frequency": 4800}, "package_mae": 7.18, "core_mae": 4.98, "uncore_mae": 1.33, "dram_mae": 0.0, "package_mape": 45.33, "core_mape": 49.36, "uncore_mape": 17685.16, "dram_mape": -1}