{"learner":{"attributes":{"scikit_learn":"{\"_estimator_type\": \"regressor\"}"},"feature_names":[],"feature_types":[],"gradient_booster":{"model":{"gbtree_model_param":{"num_parallel_tree":"1","num_trees":"100"},"iteration_indptr":[0,1,2,3,4,5,6,7,8,9,10,11,12,13,14,15,16,17,18,19,20,21,22,23,24,25,26,27,28,29,30,31,32,33,34,35,36,37,38,39,40,41,42,43,44,45,46,47,48,49,50,51,52,53,54,55,56,57,58,59,60,61,62,63,64,65,66,67,68,69,70,71,72,73,74,75,76,77,78,79,80,81,82,83,84,85,86,87,88,89,90,91,92,93,94,95,96,97,98,99,100],"tree_info":[0,0,0,0,0,0,0,0,0,0,0,0,0,0,0,0,0,0,0,0,0,0,0,0,0,0,0,0,0,0,0,0,0,0,0,0,0,0,0,0,0,0,0,0,0,0,0,0,0,0,0,0,0,0,0,0,0,0,0,0,0,0,0,0,0,0,0,0,0,0,0,0,0,0,0,0,0,0,0,0,0,0,0,0,0,0,0,0,0,0,0,0,0,0,0,0,0,0,0,0],"trees":[{"base_weights":[-7.6293946E-7,-1.0722222E1,8.9351845E0,-1.2658334E0,-1.4888887E-1,1.0611105E-1,1.0297778E0],"categories":[],"categories_nodes":[],"categories_segments":[],"categories_sizes":[],"default_left":[0,0,0,0,0,0,0],"id":0,"left_children":[1,3,5,-1,-1,-1,-1],"loss_changes":[1.0538553E3,7.053699E1,5.3447845E1,0E0,0E0,0E0,0E0],"parents":[2147483647,0,0,1,1,2,2],"right_children":[2,4,6,-1,-1,-1,-1],"split_conditions":[5.0172174E-1,4.0443596E-1,6.0024816E-1,-1.2658334E0,-1.4888887E-1,1.0611105E-1,1.0297778E0],"split_indices":[0,0,0,0,0,0,0],"split_type":[0,0,0,0,0,0,0],"sum_hessian":[9E0,4E0,5E0,3E0,1E0,1E0,4E0],"tree_param":{"num_deleted":"0","num_feature":"2","num_nodes":"7","size_leaf_vector":"1"}},{"base_weights":[-2.7884101E-2,-9.932945E0,8.230981E0,-1.327463E0,-3.280278E-1,1.0080548E-1,9.473955E-1],"categories":[],"categories_nodes":[],"categories_segments":[],"categories_sizes":[],"default_left":[0,0,0,0,0,0,0],"id":1,"left_children":[1,3,5,-1,-1,-1,-1],"loss_changes":[8.998035E2,6.7611115E1,4.43172E1,0E0,0E0,0E0,0E0],"parents":[2147483647,0,0,1,1,2,2],"right_children":[2,4,6,-1,-1,-1,-1],"split_conditions":[5.0172174E-1,2.958662E-1,6.0024816E-1,-1.327463E0,-3.280278E-1,1.0080548E-1,9.473955E-1],"split_indices":[0,0,0,0,0,0,0],"split_type":[0,0,0,0,0,0,0],"sum_hessian":[9E0,4E0,5E0,2E0,2E0,1E0,4E0],"tree_param":{"num_deleted":"0","num_feature":"2","num_nodes":"7","size_leaf_vector":"1"}},{"base_weights":[-8.582459E-2,-9.270748E0,7.582583E0,-1.2389655E0,-3.061593E-1,2.3534508E-1,9.6087855E-1],"categories":[],"categories_nodes":[],"categories_segments":[],"categories_sizes":[],"default_left":[0,0,0,0,0,0,0],"id":2,"left_children":[1,3,5,-1,-1,-1,-1],"loss_changes":[7.746336E2,5.889679E1,4.0957886E1,0E0,0E0,0E0,0E0],"parents":[2147483647,0,0,1,1,2,2],"right_children":[2,4,6,-1,-1,-1,-1],"split_conditions":[5.0172174E-1,2.958662E-1,6.998464E-1,-1.2389655E0,-3.061593E-1,2.3534508E-1,9.6087855E-1],"split_indices":[0,0,0,0,0,0,0],"split_type":[0,0,0,0,0,0,0],"sum_hessian":[9E0,4E0,5E0,2E0,2E0,2E0,3E0],"tree_param":{"num_deleted":"0","num_feature":"2","num_nodes":"7","size_leaf_vector":"1"}},{"base_weights":[-1.1213207E-1,-8.6526985E0,7.023695E0,-1.1563678E0,-2.857486E-1,2.1965535E-1,8.888127E-1],"categories":[],"categories_nodes":[],"categories_segments":[],"categories_sizes":[],"default_left":[0,0,0,0,0,0,0],"id":3,"left_children":[1,3,5,-1,-1,-1,-1],"loss_changes":[6.702139E2,5.1305664E1,3.4476044E1,0E0,0E0,0E0,0E0],"parents":[2147483647,0,0,1,1,2,2],"right_children":[2,4,6,-1,-1,-1,-1],"split_conditions":[5.0172174E-1,2.958662E-1,6.998464E-1,-1.1563678E0,-2.857486E-1,2.1965535E-1,8.888127E-1],"split_indices":[0,0,0,0,0,0,0],"split_type":[0,0,0,0,0,0,0],"sum_hessian":[9E0,4E0,5E0,2E0,2E0,2E0,3E0],"tree_param":{"num_deleted":"0","num_feature":"2","num_nodes":"7","size_leaf_vector":"1"}},{"base_weights":[-1.3428363E-1,-8.075851E0,6.5060697E0,-9.6175766E-1,-9.544754E-2,7.3015116E-2,7.5152236E-1],"categories":[],"categories_nodes":[],"categories_segments":[],"categories_sizes":[],"default_left":[0,0,0,0,0,0,0],"id":4,"left_children":[1,3,5,-1,-1,-1,-1],"loss_changes":[5.7989026E2,4.5716278E1,2.9485458E1,0E0,0E0,0E0,0E0],"parents":[2147483647,0,0,1,1,2,2],"right_children":[2,4,6,-1,-1,-1,-1],"split_conditions":[5.0172174E-1,4.0443596E-1,6.0024816E-1,-9.6175766E-1,-9.544754E-2,7.3015116E-2,7.5152236E-1],"split_indices":[0,0,0,0,0,0,0],"split_type":[0,0,0,0,0,0,0],"sum_hessian":[9E0,4E0,5E0,3E0,1E0,1E0,4E0],"tree_param":{"num_deleted":"0","num_feature":"2","num_nodes":"7","size_leaf_vector":"1"}},{"base_weights":[-1.4412193E-1,-7.479707E0,5.992886E0,-1.0151594E0,-2.3145847E-1,1.7752706E-1,7.657876E-1],"categories":[],"categories_nodes":[],"categories_segments":[],"categories_sizes":[],"default_left":[0,0,0,0,0,0,0],"id":5,"left_children":[1,3,5,-1,-1,-1,-1],"loss_changes":[4.9501047E2,4.550638E1,2.8538925E1,0E0,0E0,0E0,0E0],"parents":[2147483647,0,0,1,1,2,2],"right_children":[2,4,6,-1,-1,-1,-1],"split_conditions":[5.0172174E-1,2.958662E-1,6.998464E-1,-1.0151594E0,-2.3145847E-1,1.7752706E-1,7.657876E-1],"split_indices":[0,0,0,0,0,0,0],"split_type":[0,0,0,0,0,0,0],"sum_hessian":[9E0,4E0,5E0,2E0,2E0,2E0,3E0],"tree_param":{"num_deleted":"0","num_feature":"2","num_nodes":"7","size_leaf_vector":"1"}},{"base_weights":[-1.6003971E-1,-6.9810596E0,5.550817E0,-9.4748205E-1,-2.160279E-1,1.6569196E-1,7.083536E-1],"categories":[],"categories_nodes":[],"categories_segments":[],"categories_sizes":[],"default_left":[0,0,0,0,0,0,0],"id":6,"left_children":[1,3,5,-1,-1,-1,-1],"loss_changes":[4.2828925E2,3.964113E1,2.4072662E1,0E0,0E0,0E0,0E0],"parents":[2147483647,0,0,1,1,2,2],"right_children":[2,4,6,-1,-1,-1,-1],"split_conditions":[5.0172174E-1,2.958662E-1,6.998464E-1,-9.4748205E-1,-2.160279E-1,1.6569196E-1,7.083536E-1],"split_indices":[0,0,0,0,0,0,0],"split_type":[0,0,0,0,0,0,0],"sum_hessian":[9E0,4E0,5E0,2E0,2E0,2E0,3E0],"tree_param":{"num_deleted":"0","num_feature":"2","num_nodes":"7","size_leaf_vector":"1"}},{"base_weights":[-1.7298183E-1,-6.5156555E0,5.14141E0,-8.8431656E-1,-2.0162602E-1,1.5464586E-1,6.552271E-1],"categories":[],"categories_nodes":[],"categories_segments":[],"categories_sizes":[],"default_left":[0,0,0,0,0,0,0],"id":7,"left_children":[1,3,5,-1,-1,-1,-1],"loss_changes":[3.705742E2,3.453183E1,2.0299057E1,0E0,0E0,0E0,0E0],"parents":[2147483647,0,0,1,1,2,2],"right_children":[2,4,6,-1,-1,-1,-1],"split_conditions":[5.0172174E-1,2.958662E-1,6.998464E-1,-8.8431656E-1,-2.0162602E-1,1.5464586E-1,6.552271E-1],"split_indices":[0,0,0,0,0,0,0],"split_type":[0,0,0,0,0,0,0],"sum_hessian":[9E0,4E0,5E0,2E0,2E0,2E0,3E0],"tree_param":{"num_deleted":"0","num_feature":"2","num_nodes":"7","size_leaf_vector":"1"}},{"base_weights":[-1.8329087E-1,-7.3105006E0,3.9155848E0,-8.2536215E-1,-2.2405691E-1,-9.165573E-2,5.5368125E-1,-5.821953E-2,4.447117E-2],"categories":[],"categories_nodes":[],"categories_segments":[],"categories_sizes":[],"default_left":[0,0,0,0,0,0,0,0,0],"id":8,"left_children":[1,3,5,-1,-1,7,-1,-1,-1],"loss_changes":[3.2076035E2,6.3342285E-1,4.5984024E1,0E0,0E0,1.0482373E0,0E0,0E0,0E0],"parents":[2147483647,0,0,1,1,2,2,5,5],"right_children":[2,4,6,-1,-1,8,-1,-1,-1],"split_conditions":[4.0443596E-1,2.958662E-1,6.0024816E-1,-8.2536215E-1,-2.2405691E-1,5.0172174E-1,5.5368125E-1,-5.821953E-2,4.447117E-2],"split_indices":[0,0,0,0,0,0,0,0,0],"split_type":[0,0,0,0,0,0,0,0,0],"sum_hessian":[9E0,3E0,6E0,2E0,1E0,2E0,4E0,1E0,1E0],"tree_param":{"num_deleted":"0","num_feature":"2","num_nodes":"9","size_leaf_vector":"1"}},{"base_weights":[-2.1591015E-1,-6.8418056E-1,3.60116E0,-8.7073006E-2,5.093868E0,-5.5308532E-2,4.2247582E-2,2.2492555E-1,6.2405246E-1],"categories":[],"categories_nodes":[],"categories_segments":[],"categories_sizes":[],"default_left":[0,0,0,0,0,0,0,0,0],"id":9,"left_children":[1,-1,3,5,7,-1,-1,-1,-1],"loss_changes":[2.775535E2,0E0,3.8981728E1,9.4603324E-1,2.2724152E0,0E0,0E0,0E0,0E0],"parents":[2147483647,0,0,2,2,3,3,4,4],"right_children":[2,-1,4,6,8,-1,-1,-1,-1],"split_conditions":[4.0443596E-1,-6.8418056E-1,6.0024816E-1,5.0172174E-1,8.096315E-1,-5.5308532E-2,4.2247582E-2,2.2492555E-1,6.2405246E-1],"split_indices":[0,0,0,0,0,0,0,0,0],"split_type":[0,0,0,0,0,0,0,0,0],"sum_hessian":[9E0,3E0,6E0,2E0,4E0,1E0,1E0,2E0,2E0],"tree_param":{"num_deleted":"0","num_feature":"2","num_nodes":"9","size_leaf_vector":"1"}},{"base_weights":[-1.7914543E-1,-5.2731085E0,4.095681E0,-7.2472596E-1,-1.541254E-1,1.1549193E-1,5.2773327E-1],"categories":[],"categories_nodes":[],"categories_segments":[],"categories_sizes":[],"default_left":[0,0,0,0,0,0,0],"id":10,"left_children":[1,3,5,-1,-1,-1,-1],"loss_changes":[2.3935503E2,2.5666351E1,1.4754845E1,0E0,0E0,0E0,0E0],"parents":[2147483647,0,0,1,1,2,2],"right_children":[2,4,6,-1,-1,-1,-1],"split_conditions":[5.0172174E-1,2.958662E-1,6.998464E-1,-7.2472596E-1,-1.541254E-1,1.1549193E-1,5.2773327E-1],"split_indices":[0,0,0,0,0,0,0],"split_type":[0,0,0,0,0,0,0],"sum_hessian":[9E0,4E0,5E0,2E0,2E0,2E0,3E0],"tree_param":{"num_deleted":"0","num_feature":"2","num_nodes":"7","size_leaf_vector":"1"}},{"base_weights":[-1.8479347E-1,-5.927776E0,3.1233099E0,-6.764109E-1,-1.7093877E-1,-6.9841385E-2,4.4145384E0,-4.4836808E-2,3.43606E-2,1.8848966E-1,5.472668E-1],"categories":[],"categories_nodes":[],"categories_segments":[],"categories_sizes":[],"default_left":[0,0,0,0,0,0,0,0,0,0,0],"id":11,"left_children":[1,3,5,-1,-1,7,9,-1,-1,-1,-1],"loss_changes":[2.0849806E2,2.5494232E0,2.9169937E1,0E0,0E0,6.2356454E-1,3.0680313E0,0E0,0E0,0E0,0E0],"parents":[2147483647,0,0,1,1,2,2,5,5,6,6],"right_children":[2,4,6,-1,-1,8,10,-1,-1,-1,-1],"split_conditions":[4.0443596E-1,2.958662E-1,6.0024816E-1,-6.764109E-1,-1.7093877E-1,5.0172174E-1,8.096315E-1,-4.4836808E-2,3.43606E-2,1.8848966E-1,5.472668E-1],"split_indices":[0,0,0,0,0,0,0,0,0,0,0],"split_type":[0,0,0,0,0,0,0,0,0,0,0],"sum_hessian":[9E0,3E0,6E0,2E0,1E0,2E0,4E0,1E0,1E0,2E0,2E0],"tree_param":{"num_deleted":"0","num_feature":"2","num_nodes":"11","size_leaf_vector":"1"}},{"base_weights":[-1.7852116E-1,-5.546836E0,2.9145904E0,-6.313169E-1,-1.6239186E-1,-6.634966E-2,4.1202364E0,-4.2595007E-2,3.2642554E-2,1.7592368E-1,5.107824E-1],"categories":[],"categories_nodes":[],"categories_segments":[],"categories_sizes":[],"default_left":[0,0,0,0,0,0,0,0,0,0,0],"id":12,"left_children":[1,3,5,-1,-1,7,9,-1,-1,-1,-1],"loss_changes":[1.8221472E2,1.7729645E0,2.543108E1,0E0,0E0,5.627673E-1,2.6725998E0,0E0,0E0,0E0,0E0],"parents":[2147483647,0,0,1,1,2,2,5,5,6,6],"right_children":[2,4,6,-1,-1,8,10,-1,-1,-1,-1],"split_conditions":[4.0443596E-1,2.958662E-1,6.0024816E-1,-6.313169E-1,-1.6239186E-1,5.0172174E-1,8.096315E-1,-4.2595007E-2,3.2642554E-2,1.7592368E-1,5.107824E-1],"split_indices":[0,0,0,0,0,0,0,0,0,0,0],"split_type":[0,0,0,0,0,0,0,0,0,0,0],"sum_hessian":[9E0,3E0,6E0,2E0,1E0,2E0,4E0,1E0,1E0,2E0,2E0],"tree_param":{"num_deleted":"0","num_feature":"2","num_nodes":"11","size_leaf_vector":"1"}},{"base_weights":[-1.72365E-1,-5.1905794E0,2.7198098E0,-5.8922905E-1,-1.5427227E-1,-6.303215E-2,3.845553E0,-4.046526E-2,3.1010438E-2,1.6419539E-1,4.767301E-1],"categories":[],"categories_nodes":[],"categories_segments":[],"categories_sizes":[],"default_left":[0,0,0,0,0,0,0,0,0,0,0],"id":13,"left_children":[1,3,5,-1,-1,7,9,-1,-1,-1,-1],"loss_changes":[1.592529E2,1.1487961E0,2.217175E1,0E0,0E0,5.0789773E-1,2.328125E0,0E0,0E0,0E0,0E0],"parents":[2147483647,0,0,1,1,2,2,5,5,6,6],"right_children":[2,4,6,-1,-1,8,10,-1,-1,-1,-1],"split_conditions":[4.0443596E-1,2.958662E-1,6.0024816E-1,-5.8922905E-1,-1.5427227E-1,5.0172174E-1,8.096315E-1,-4.046526E-2,3.1010438E-2,1.6419539E-1,4.767301E-1],"split_indices":[0,0,0,0,0,0,0,0,0,0,0],"split_type":[0,0,0,0,0,0,0,0,0,0,0],"sum_hessian":[9E0,3E0,6E0,2E0,1E0,2E0,4E0,1E0,1E0,2E0,2E0],"tree_param":{"num_deleted":"0","num_feature":"2","num_nodes":"11","size_leaf_vector":"1"}},{"base_weights":[-1.6633186E-1,-4.857397E0,2.5380385E0,-5.499472E-1,-1.4655867E-1,-5.9880573E-2,3.5891824E0,-3.844204E-2,2.9459953E-2,1.5324898E-1,4.4494805E-1],"categories":[],"categories_nodes":[],"categories_segments":[],"categories_sizes":[],"default_left":[0,0,0,0,0,0,0,0,0,0,0],"id":14,"left_children":[1,3,5,-1,-1,7,9,-1,-1,-1,-1],"loss_changes":[1.3919205E2,6.5122986E-1,1.9330425E1,0E0,0E0,4.5837876E-1,2.028061E0,0E0,0E0,0E0,0E0],"parents":[2147483647,0,0,1,1,2,2,5,5,6,6],"right_children":[2,4,6,-1,-1,8,10,-1,-1,-1,-1],"split_conditions":[4.0443596E-1,2.958662E-1,6.0024816E-1,-5.499472E-1,-1.4655867E-1,5.0172174E-1,8.096315E-1,-3.844204E-2,2.9459953E-2,1.5324898E-1,4.4494805E-1],"split_indices":[0,0,0,0,0,0,0,0,0,0,0],"split_type":[0,0,0,0,0,0,0,0,0,0,0],"sum_hessian":[9E0,3E0,6E0,2E0,1E0,2E0,4E0,1E0,1E0,2E0,2E0],"tree_param":{"num_deleted":"0","num_feature":"2","num_nodes":"11","size_leaf_vector":"1"}},{"base_weights":[-1.6042766E-1,-4.545784E0,2.3684084E0,-5.132841E-1,-1.3923073E-1,-5.6886673E-2,3.3499038E0,-3.651991E-2,2.7986908E-2,1.4303233E-1,4.1528496E-1],"categories":[],"categories_nodes":[],"categories_segments":[],"categories_sizes":[],"default_left":[0,0,0,0,0,0,0,0,0,0,0],"id":15,"left_children":[1,3,5,-1,-1,7,9,-1,-1,-1,-1],"loss_changes":[1.2166475E2,2.5858307E-1,1.6853474E1,0E0,0E0,4.1368586E-1,1.7666817E0,0E0,0E0,0E0,0E0],"parents":[2147483647,0,0,1,1,2,2,5,5,6,6],"right_children":[2,4,6,-1,-1,8,10,-1,-1,-1,-1],"split_conditions":[4.0443596E-1,2.958662E-1,6.0024816E-1,-5.132841E-1,-1.3923073E-1,5.0172174E-1,8.096315E-1,-3.651991E-2,2.7986908E-2,1.4303233E-1,4.1528496E-1],"split_indices":[0,0,0,0,0,0,0,0,0,0,0],"split_type":[0,0,0,0,0,0,0,0,0,0,0],"sum_hessian":[9E0,3E0,6E0,2E0,1E0,2E0,4E0,1E0,1E0,2E0,2E0],"tree_param":{"num_deleted":"0","num_feature":"2","num_nodes":"11","size_leaf_vector":"1"}},{"base_weights":[-1.5465756E-1,-4.2543346E-1,2.210109E0,3.898859E-1,3.4778047E-1,-3.4693908E-2,7.5114064E-2],"categories":[],"categories_nodes":[],"categories_segments":[],"categories_sizes":[],"default_left":[0,0,0,0,0,0,0],"id":16,"left_children":[1,-1,3,5,-1,-1,-1],"loss_changes":[1.0635033E2,0E0,1.4796474E1,1.325326E0,0E0,0E0,0E0],"parents":[2147483647,0,0,2,2,3,3],"right_children":[2,-1,4,6,-1,-1,-1],"split_conditions":[4.0443596E-1,-4.2543346E-1,6.998464E-1,5.0172174E-1,3.4778047E-1,-3.4693908E-2,7.5114064E-2],"split_indices":[0,0,0,0,0,0,0],"split_type":[0,0,0,0,0,0,0],"sum_hessian":[9E0,3E0,6E0,3E0,3E0,1E0,2E0],"tree_param":{"num_deleted":"0","num_feature":"2","num_nodes":"7","size_leaf_vector":"1"}},{"base_weights":[-1.4291516E-1,-3.9352593E0,2.0445552E0,-4.507029E-1,-1.1099749E-1,-6.751505E-2,2.9028862E0,-3.2959174E-2,2.2831917E-2,1.19400404E-1,3.6441395E-1],"categories":[],"categories_nodes":[],"categories_segments":[],"categories_sizes":[],"default_left":[0,0,0,0,0,0,0,0,0,0,0],"id":17,"left_children":[1,3,5,-1,-1,7,9,-1,-1,-1,-1],"loss_changes":[9.100226E1,1.4589615E0,1.2885975E1,0E0,0E0,3.078459E-1,1.9824562E0,0E0,0E0,0E0,0E0],"parents":[2147483647,0,0,1,1,2,2,5,5,6,6],"right_children":[2,4,6,-1,-1,8,10,-1,-1,-1,-1],"split_conditions":[4.0443596E-1,2.958662E-1,6.0024816E-1,-4.507029E-1,-1.1099749E-1,5.0172174E-1,8.096315E-1,-3.2959174E-2,2.2831917E-2,1.19400404E-1,3.6441395E-1],"split_indices":[0,0,0,0,0,0,0,0,0,0,0],"split_type":[0,0,0,0,0,0,0,0,0,0,0],"sum_hessian":[9E0,3E0,6E0,2E0,1E0,2E0,4E0,1E0,1E0,2E0,2E0],"tree_param":{"num_deleted":"0","num_feature":"2","num_nodes":"11","size_leaf_vector":"1"}},{"base_weights":[-1.3742486E-1,-3.0709717E0,2.3301017E0,-4.2065606E-1,-9.117254E-2,9.442549E-1,3.401197E-1,2.1690369E-2,1.1144041E-1],"categories":[],"categories_nodes":[],"categories_segments":[],"categories_sizes":[],"default_left":[0,0,0,0,0,0,0,0,0],"id":18,"left_children":[1,3,5,-1,-1,7,-1,-1,-1],"loss_changes":[7.954172E1,8.424854E0,5.694645E0,0E0,0E0,2.533145E-1,0E0,0E0,0E0],"parents":[2147483647,0,0,1,1,2,2,5,5],"right_children":[2,4,6,-1,-1,8,-1,-1,-1],"split_conditions":[5.0172174E-1,2.958662E-1,8.096315E-1,-4.2065606E-1,-9.117254E-2,6.0024816E-1,3.401197E-1,2.1690369E-2,1.1144041E-1],"split_indices":[0,0,0,0,0,0,0,0,0],"split_type":[0,0,0,0,0,0,0,0,0],"sum_hessian":[9E0,4E0,5E0,2E0,2E0,3E0,2E0,1E0,2E0],"tree_param":{"num_deleted":"0","num_feature":"2","num_nodes":"9","size_leaf_vector":"1"}},{"base_weights":[-1.2753963E-1,-3.449037E0,1.7886789E0,-3.9261234E-1,-1.0088892E-1,5.994797E-1,3.1744513E-1,-2.6752567E-2,8.8311243E-1,2.0605851E-2,1.04011096E-1],"categories":[],"categories_nodes":[],"categories_segments":[],"categories_sizes":[],"default_left":[0,0,0,0,0,0,0,0,0,0,0],"id":19,"left_children":[1,3,5,-1,-1,7,-1,-1,9,-1,-1],"loss_changes":[6.981637E1,6.956177E-1,9.632698E0,0E0,0E0,1.4658109E0,0E0,0E0,2.1086192E-1,0E0,0E0],"parents":[2147483647,0,0,1,1,2,2,5,5,8,8],"right_children":[2,4,6,-1,-1,8,-1,-1,10,-1,-1],"split_conditions":[4.0443596E-1,2.958662E-1,8.096315E-1,-3.9261234E-1,-1.0088892E-1,5.0172174E-1,3.1744513E-1,-2.6752567E-2,6.0024816E-1,2.0605851E-2,1.04011096E-1],"split_indices":[0,0,0,0,0,0,0,0,0,0,0],"split_type":[0,0,0,0,0,0,0,0,0,0,0],"sum_hessian":[9E0,3E0,6E0,2E0,1E0,4E0,2E0,1E0,3E0,1E0,2E0],"tree_param":{"num_deleted":"0","num_feature":"2","num_nodes":"11","size_leaf_vector":"1"}},{"base_weights":[-1.22604564E-1,-3.2275085E0,1.6691412E0,-3.6643818E-1,-9.584446E-2,5.5910456E-1,2.962822E-1,-2.5414944E-2,8.259554E-1,1.9575596E-2,9.707699E-2],"categories":[],"categories_nodes":[],"categories_segments":[],"categories_sizes":[],"default_left":[0,0,0,0,0,0,0,0,0,0,0],"id":20,"left_children":[1,3,5,-1,-1,7,-1,-1,9,-1,-1],"loss_changes":[6.1019154E1,4.5306396E-1,8.395706E0,0E0,0E0,1.2950034E0,0E0,0E0,1.7501426E-1,0E0,0E0],"parents":[2147483647,0,0,1,1,2,2,5,5,8,8],"right_children":[2,4,6,-1,-1,8,-1,-1,10,-1,-1],"split_conditions":[4.0443596E-1,2.958662E-1,8.096315E-1,-3.6643818E-1,-9.584446E-2,5.0172174E-1,2.962822E-1,-2.5414944E-2,6.0024816E-1,1.9575596E-2,9.707699E-2],"split_indices":[0,0,0,0,0,0,0,0,0,0,0],"split_type":[0,0,0,0,0,0,0,0,0,0,0],"sum_hessian":[9E0,3E0,6E0,2E0,1E0,4E0,2E0,1E0,3E0,1E0,2E0],"tree_param":{"num_deleted":"0","num_feature":"2","num_nodes":"11","size_leaf_vector":"1"}},{"base_weights":[-1.1782046E-1,-3.0203283E0,1.5575869E0,-3.4200895E-1,-9.105225E-2,7.091932E-1,3.3239746E-1,-3.698222E-2,1.0915265E-1,-2.4144173E-2,1.8596841E-2],"categories":[],"categories_nodes":[],"categories_segments":[],"categories_sizes":[],"default_left":[0,0,0,0,0,0,0,0,0,0,0],"id":21,"left_children":[1,3,5,-1,-1,7,-1,9,-1,-1,-1],"loss_changes":[5.3333256E1,2.596054E-1,8.132805E0,0E0,0E0,1.7520936E0,0E0,1.8165366E-1,0E0,0E0,0E0],"parents":[2147483647,0,0,1,1,2,2,5,5,7,7],"right_children":[2,4,6,-1,-1,8,-1,10,-1,-1,-1],"split_conditions":[4.0443596E-1,2.958662E-1,1E0,-3.4200895E-1,-9.105225E-2,6.0024816E-1,3.3239746E-1,5.0172174E-1,1.0915265E-1,-2.4144173E-2,1.8596841E-2],"split_indices":[0,0,0,0,0,0,0,0,0,0,0],"split_type":[0,0,0,0,0,0,0,0,0,0,0],"sum_hessian":[9E0,3E0,6E0,2E0,1E0,5E0,1E0,2E0,3E0,1E0,1E0],"tree_param":{"num_deleted":"0","num_feature":"2","num_nodes":"11","size_leaf_vector":"1"}},{"base_weights":[-1.0574436E-1,-2.8265605E0,1.4641141E0,-3.1920835E-1,-8.6499594E-2,6.555411E-1,3.157776E-1,-3.513336E-2,1.0096617E-1,-2.2937013E-2,1.7667009E-2],"categories":[],"categories_nodes":[],"categories_segments":[],"categories_sizes":[],"default_left":[0,0,0,0,0,0,0,0,0,0,0],"id":22,"left_children":[1,3,5,-1,-1,7,-1,9,-1,-1,-1],"loss_changes":[4.6851368E1,1.0684776E-1,7.5160923E0,0E0,0E0,1.5029652E0,0E0,1.6394287E-1,0E0,0E0,0E0],"parents":[2147483647,0,0,1,1,2,2,5,5,7,7],"right_children":[2,4,6,-1,-1,8,-1,10,-1,-1,-1],"split_conditions":[4.0443596E-1,2.958662E-1,1E0,-3.1920835E-1,-8.6499594E-2,6.0024816E-1,3.157776E-1,5.0172174E-1,1.0096617E-1,-2.2937013E-2,1.7667009E-2],"split_indices":[0,0,0,0,0,0,0,0,0,0,0],"split_type":[0,0,0,0,0,0,0,0,0,0,0],"sum_hessian":[9E0,3E0,6E0,2E0,1E0,5E0,1E0,2E0,3E0,1E0,1E0],"tree_param":{"num_deleted":"0","num_feature":"2","num_nodes":"11","size_leaf_vector":"1"}},{"base_weights":[-9.459343E-2,-2.6453313E-1,1.3764845E0,6.0593605E-1,2.9998875E-1,-3.3376694E-2,9.339366E-2,-2.1790123E-2,1.678362E-2],"categories":[],"categories_nodes":[],"categories_segments":[],"categories_sizes":[],"default_left":[0,0,0,0,0,0,0,0,0],"id":23,"left_children":[1,-1,3,5,-1,7,-1,-1,-1],"loss_changes":[4.11646E1,0E0,6.938634E0,1.2893412E0,0E0,1.4795785E-1,0E0,0E0,0E0],"parents":[2147483647,0,0,2,2,3,3,5,5],"right_children":[2,-1,4,6,-1,8,-1,-1,-1],"split_conditions":[4.0443596E-1,-2.6453313E-1,1E0,6.0024816E-1,2.9998875E-1,5.0172174E-1,9.339366E-2,-2.1790123E-2,1.678362E-2],"split_indices":[0,0,0,0,0,0,0,0,0],"split_type":[0,0,0,0,0,0,0,0,0],"sum_hessian":[9E0,3E0,6E0,5E0,1E0,2E0,3E0,1E0,1E0],"tree_param":{"num_deleted":"0","num_feature":"2","num_nodes":"9","size_leaf_vector":"1"}},{"base_weights":[-7.2749995E-2,-2.0403478E0,1.5790399E0,-2.8029224E-1,-5.9765723E-2,7.5489044E-1,2.8498936E-1,1.594448E-2,8.6389065E-2],"categories":[],"categories_nodes":[],"categories_segments":[],"categories_sizes":[],"default_left":[0,0,0,0,0,0,0,0,0],"id":24,"left_children":[1,3,5,-1,-1,7,-1,-1,-1],"loss_changes":[3.5722374E1,3.8256092E0,4.132883E0,0E0,0E0,1.8677568E-1,0E0,0E0,0E0],"parents":[2147483647,0,0,1,1,2,2,5,5],"right_children":[2,4,6,-1,-1,8,-1,-1,-1],"split_conditions":[5.0172174E-1,2.958662E-1,1E0,-2.8029224E-1,-5.9765723E-2,6.0024816E-1,2.8498936E-1,1.594448E-2,8.6389065E-2],"split_indices":[0,0,0,0,0,0,0,0,0],"split_type":[0,0,0,0,0,0,0,0,0],"sum_hessian":[9E0,4E0,5E0,2E0,2E0,4E0,1E0,1E0,3E0],"tree_param":{"num_deleted":"0","num_feature":"2","num_nodes":"9","size_leaf_vector":"1"}},{"base_weights":[-6.0748387E-2,-2.2918441E0,1.2228419E0,-2.6160613E-1,-6.595965E-2,5.241823E-1,2.7073994E-1,-1.7101288E-2,7.990994E-2,-1.7712403E-2,1.5147209E-2],"categories":[],"categories_nodes":[],"categories_segments":[],"categories_sizes":[],"default_left":[0,0,0,0,0,0,0,0,0,0,0],"id":25,"left_children":[1,3,5,-1,-1,7,-1,9,-1,-1,-1],"loss_changes":[3.144069E1,3.9126396E-1,5.8412323E0,0E0,0E0,9.065145E-1,0E0,1.0775606E-1,0E0,0E0,0E0],"parents":[2147483647,0,0,1,1,2,2,5,5,7,7],"right_children":[2,4,6,-1,-1,8,-1,10,-1,-1,-1],"split_conditions":[4.0443596E-1,2.958662E-1,1E0,-2.6160613E-1,-6.595965E-2,6.0024816E-1,2.7073994E-1,5.0172174E-1,7.990994E-2,-1.7712403E-2,1.5147209E-2],"split_indices":[0,0,0,0,0,0,0,0,0,0,0],"split_type":[0,0,0,0,0,0,0,0,0,0,0],"sum_hessian":[9E0,3E0,6E0,2E0,1E0,5E0,1E0,2E0,3E0,1E0,1E0],"tree_param":{"num_deleted":"0","num_feature":"2","num_nodes":"11","size_leaf_vector":"1"}},{"base_weights":[-5.262194E-2,-2.144551E0,1.1502836E0,-2.441657E-1,-6.266165E-2,4.8465443E-1,2.5720292E-1,-1.6246796E-2,7.391667E-2,-1.6826821E-2,1.4389801E-2],"categories":[],"categories_nodes":[],"categories_segments":[],"categories_sizes":[],"default_left":[0,0,0,0,0,0,0,0,0,0,0],"id":26,"left_children":[1,3,5,-1,-1,7,-1,9,-1,-1,-1],"loss_changes":[2.7630772E1,2.7396774E-1,5.377942E0,0E0,0E0,7.769222E-1,0E0,9.7249776E-2,0E0,0E0,0E0],"parents":[2147483647,0,0,1,1,2,2,5,5,7,7],"right_children":[2,4,6,-1,-1,8,-1,10,-1,-1,-1],"split_conditions":[4.0443596E-1,2.958662E-1,1E0,-2.441657E-1,-6.266165E-2,6.0024816E-1,2.5720292E-1,5.0172174E-1,7.391667E-2,-1.6826821E-2,1.4389801E-2],"split_indices":[0,0,0,0,0,0,0,0,0,0,0],"split_type":[0,0,0,0,0,0,0,0,0,0,0],"sum_hessian":[9E0,3E0,6E0,2E0,1E0,5E0,1E0,2E0,3E0,1E0,1E0],"tree_param":{"num_deleted":"0","num_feature":"2","num_nodes":"11","size_leaf_vector":"1"}},{"base_weights":[-4.517422E-2,-1.669384E0,1.315863E0,-2.2788799E-1,-5.0342686E-2,6.0166436E-1,2.443428E-1,1.36703495E-2,6.837287E-2],"categories":[],"categories_nodes":[],"categories_segments":[],"categories_sizes":[],"default_left":[0,0,0,0,0,0,0,0,0],"id":27,"left_children":[1,3,5,-1,-1,7,-1,-1,-1],"loss_changes":[2.430278E1,2.40598E0,3.3617096E0,0E0,0E0,9.731531E-2,0E0,0E0,0E0],"parents":[2147483647,0,0,1,1,2,2,5,5],"right_children":[2,4,6,-1,-1,8,-1,-1,-1],"split_conditions":[5.0172174E-1,2.958662E-1,1E0,-2.2788799E-1,-5.0342686E-2,6.0024816E-1,2.443428E-1,1.36703495E-2,6.837287E-2],"split_indices":[0,0,0,0,0,0,0,0,0],"split_type":[0,0,0,0,0,0,0,0,0],"sum_hessian":[9E0,4E0,5E0,2E0,2E0,4E0,1E0,1E0,3E0],"tree_param":{"num_deleted":"0","num_feature":"2","num_nodes":"9","size_leaf_vector":"1"}},{"base_weights":[-3.584156E-2,-1.8802729E0,1.0232394E0,-2.1269543E-1,-5.7011414E-2,4.200271E-1,2.3212567E-1,-3.2100677E-3,6.324482E-2,-1.3468361E-2,1.2986851E-2],"categories":[],"categories_nodes":[],"categories_segments":[],"categories_sizes":[],"default_left":[0,0,0,0,0,0,0,0,0,0,0],"id":28,"left_children":[1,3,5,-1,-1,7,-1,9,-1,-1,-1],"loss_changes":[2.145799E1,8.0161095E-2,4.505869E0,0E0,0E0,5.4145706E-1,0E0,6.998009E-2,0E0,0E0,0E0],"parents":[2147483647,0,0,1,1,2,2,5,5,7,7],"right_children":[2,4,6,-1,-1,8,-1,10,-1,-1,-1],"split_conditions":[4.0443596E-1,2.958662E-1,1E0,-2.1269543E-1,-5.7011414E-2,6.0024816E-1,2.3212567E-1,5.0172174E-1,6.324482E-2,-1.3468361E-2,1.2986851E-2],"split_indices":[0,0,0,0,0,0,0,0,0,0,0],"split_type":[0,0,0,0,0,0,0,0,0,0,0],"sum_hessian":[9E0,3E0,6E0,2E0,1E0,5E0,1E0,2E0,3E0,1E0,1E0],"tree_param":{"num_deleted":"0","num_feature":"2","num_nodes":"11","size_leaf_vector":"1"}},{"base_weights":[-2.9738808E-2,-1.7596722E0,9.630429E-1,-1.9851574E-1,-5.4160833E-2,3.8848528E-1,2.2051945E-1,-1.27949715E-2,5.1736224E-1,1.2337494E-2,5.850153E-2],"categories":[],"categories_nodes":[],"categories_segments":[],"categories_sizes":[],"default_left":[0,0,0,0,0,0,0,0,0,0,0],"id":29,"left_children":[1,3,5,-1,-1,7,-1,-1,9,-1,-1],"loss_changes":[1.88691E1,2.3444176E-2,4.1391287E0,0E0,0E0,4.655357E-1,0E0,0E0,6.1096072E-2,0E0,0E0],"parents":[2147483647,0,0,1,1,2,2,5,5,8,8],"right_children":[2,4,6,-1,-1,8,-1,-1,10,-1,-1],"split_conditions":[4.0443596E-1,2.958662E-1,1E0,-1.9851574E-1,-5.4160833E-2,5.0172174E-1,2.2051945E-1,-1.27949715E-2,6.0024816E-1,1.2337494E-2,5.850153E-2],"split_indices":[0,0,0,0,0,0,0,0,0,0,0],"split_type":[0,0,0,0,0,0,0,0,0,0,0],"sum_hessian":[9E0,3E0,6E0,2E0,1E0,5E0,1E0,1E0,4E0,1E0,3E0],"tree_param":{"num_deleted":"0","num_feature":"2","num_nodes":"11","size_leaf_vector":"1"}},{"base_weights":[-2.4176408E-2,-1.646874E0,9.065331E-1,-2.13961E-1,-7.6942526E-2,3.5931048E-1,2.0949344E-1,-1.2155247E-2,4.7979355E-1,1.1720657E-2,5.4113865E-2],"categories":[],"categories_nodes":[],"categories_segments":[],"categories_sizes":[],"default_left":[0,0,0,0,0,0,0,0,0,0,0],"id":30,"left_children":[1,3,5,-1,-1,7,-1,-1,9,-1,-1],"loss_changes":[1.6595547E1,8.31337E-2,3.799509E0,0E0,0E0,4.0593517E-1,0E0,0E0,4.7789574E-2,0E0,0E0],"parents":[2147483647,0,0,1,1,2,2,5,5,8,8],"right_children":[2,4,6,-1,-1,8,-1,-1,10,-1,-1],"split_conditions":[4.0443596E-1,1.0398697E-1,1E0,-2.13961E-1,-7.6942526E-2,5.0172174E-1,2.0949344E-1,-1.2155247E-2,6.0024816E-1,1.1720657E-2,5.4113865E-2],"split_indices":[0,0,0,0,0,0,0,0,0,0,0],"split_type":[0,0,0,0,0,0,0,0,0,0,0],"sum_hessian":[9E0,3E0,6E0,1E0,2E0,5E0,1E0,1E0,4E0,1E0,3E0],"tree_param":{"num_deleted":"0","num_feature":"2","num_nodes":"11","size_leaf_vector":"1"}},{"base_weights":[-2.453189E-2,-1.5549124E0,8.5347587E-1,-2.0326295E-1,-7.181303E-2,3.323256E-1,1.9901887E-1,-1.154747E-2,4.4498062E-1,1.11346245E-2,5.0055265E-2],"categories":[],"categories_nodes":[],"categories_segments":[],"categories_sizes":[],"default_left":[0,0,0,0,0,0,0,0,0,0,0],"id":31,"left_children":[1,3,5,-1,-1,7,-1,-1,9,-1,-1],"loss_changes":[1.4763941E1,1.3928795E-1,3.485396E0,0E0,0E0,3.5406566E-1,0E0,0E0,3.6969066E-2,0E0,0E0],"parents":[2147483647,0,0,1,1,2,2,5,5,8,8],"right_children":[2,4,6,-1,-1,8,-1,-1,10,-1,-1],"split_conditions":[4.0443596E-1,1.0398697E-1,1E0,-2.0326295E-1,-7.181303E-2,5.0172174E-1,1.9901887E-1,-1.154747E-2,6.0024816E-1,1.11346245E-2,5.0055265E-2],"split_indices":[0,0,0,0,0,0,0,0,0,0,0],"split_type":[0,0,0,0,0,0,0,0,0,0,0],"sum_hessian":[9E0,3E0,6E0,1E0,2E0,5E0,1E0,1E0,4E0,1E0,3E0],"tree_param":{"num_deleted":"0","num_feature":"2","num_nodes":"11","size_leaf_vector":"1"}},{"base_weights":[-2.4720598E-2,-1.4681902E0,8.0365074E-1,-1.930998E-1,-6.7025505E-2,3.0736637E-1,1.8906784E-1,-1.0970116E-2,4.127201E-1,1.057787E-2,4.6301078E-2],"categories":[],"categories_nodes":[],"categories_segments":[],"categories_sizes":[],"default_left":[0,0,0,0,0,0,0,0,0,0,0],"id":32,"left_children":[1,3,5,-1,-1,7,-1,-1,9,-1,-1],"loss_changes":[1.3137201E1,1.8290043E-1,3.1951928E0,0E0,0E0,3.0891365E-1,0E0,0E0,2.820474E-2,0E0,0E0],"parents":[2147483647,0,0,1,1,2,2,5,5,8,8],"right_children":[2,4,6,-1,-1,8,-1,-1,10,-1,-1],"split_conditions":[4.0443596E-1,1.0398697E-1,1E0,-1.930998E-1,-6.7025505E-2,5.0172174E-1,1.8906784E-1,-1.0970116E-2,6.0024816E-1,1.057787E-2,4.6301078E-2],"split_indices":[0,0,0,0,0,0,0,0,0,0,0],"split_type":[0,0,0,0,0,0,0,0,0,0,0],"sum_hessian":[9E0,3E0,6E0,1E0,2E0,5E0,1E0,1E0,4E0,1E0,3E0],"tree_param":{"num_deleted":"0","num_feature":"2","num_nodes":"11","size_leaf_vector":"1"}},{"base_weights":[-2.476368E-2,-1.3864026E0,7.568534E-1,-1.8344481E-1,-6.2557146E-2,2.8428078E-1,1.7961445E-1,-1.0421562E-2,3.8282317E-1,1.0048962E-2,4.282842E-2],"categories":[],"categories_nodes":[],"categories_segments":[],"categories_sizes":[],"default_left":[0,0,0,0,0,0,0,0,0,0,0],"id":33,"left_children":[1,3,5,-1,-1,7,-1,-1,9,-1,-1],"loss_changes":[1.1692106E1,2.1596956E-1,2.927374E0,0E0,0E0,2.6959637E-1,0E0,0E0,2.1137714E-2,0E0,0E0],"parents":[2147483647,0,0,1,1,2,2,5,5,8,8],"right_children":[2,4,6,-1,-1,8,-1,-1,10,-1,-1],"split_conditions":[4.0443596E-1,1.0398697E-1,1E0,-1.8344481E-1,-6.2557146E-2,5.0172174E-1,1.7961445E-1,-1.0421562E-2,6.0024816E-1,1.0048962E-2,4.282842E-2],"split_indices":[0,0,0,0,0,0,0,0,0,0,0],"split_type":[0,0,0,0,0,0,0,0,0,0,0],"sum_hessian":[9E0,3E0,6E0,1E0,2E0,5E0,1E0,1E0,4E0,1E0,3E0],"tree_param":{"num_deleted":"0","num_feature":"2","num_nodes":"11","size_leaf_vector":"1"}},{"base_weights":[-2.4680352E-2,-1.3092628E0,7.1289253E-1,-1.7427258E-1,-5.838666E-2,2.6292896E-1,1.706337E-1,-9.900475E-3,3.5511667E-1,9.546471E-3,3.9616346E-2],"categories":[],"categories_nodes":[],"categories_segments":[],"categories_sizes":[],"default_left":[0,0,0,0,0,0,0,0,0,0,0],"id":34,"left_children":[1,3,5,-1,-1,7,-1,-1,9,-1,-1],"loss_changes":[1.0408095E1,2.4021006E-1,2.680451E0,0E0,0E0,2.3535326E-1,0E0,0E0,1.5469849E-2,0E0,0E0],"parents":[2147483647,0,0,1,1,2,2,5,5,8,8],"right_children":[2,4,6,-1,-1,8,-1,-1,10,-1,-1],"split_conditions":[4.0443596E-1,1.0398697E-1,1E0,-1.7427258E-1,-5.838666E-2,5.0172174E-1,1.706337E-1,-9.900475E-3,6.0024816E-1,9.546471E-3,3.9616346E-2],"split_indices":[0,0,0,0,0,0,0,0,0,0,0],"split_type":[0,0,0,0,0,0,0,0,0,0,0],"sum_hessian":[9E0,3E0,6E0,1E0,2E0,5E0,1E0,1E0,4E0,1E0,3E0],"tree_param":{"num_deleted":"0","num_feature":"2","num_nodes":"11","size_leaf_vector":"1"}},{"base_weights":[-2.4488498E-2,-1.2365013E0,6.715886E-1,-1.6555895E-1,-5.4494213E-2,2.4318027E-1,1.6210194E-1,-9.405422E-3,3.2943803E-1,1.4308422E-2,4.0597916E-2],"categories":[],"categories_nodes":[],"categories_segments":[],"categories_sizes":[],"default_left":[0,0,0,0,0,0,0,0,0,0,0],"id":35,"left_children":[1,3,5,-1,-1,7,-1,-1,9,-1,-1],"loss_changes":[9.266964E0,2.5709677E-1,2.4530082E0,0E0,0E0,2.055195E-1,0E0,0E0,1.3229489E-2,0E0,0E0],"parents":[2147483647,0,0,1,1,2,2,5,5,8,8],"right_children":[2,4,6,-1,-1,8,-1,-1,10,-1,-1],"split_conditions":[4.0443596E-1,1.0398697E-1,1E0,-1.6555895E-1,-5.4494213E-2,5.0172174E-1,1.6210194E-1,-9.405422E-3,6.998464E-1,1.4308422E-2,4.0597916E-2],"split_indices":[0,0,0,0,0,0,0,0,0,0,0],"split_type":[0,0,0,0,0,0,0,0,0,0,0],"sum_hessian":[9E0,3E0,6E0,1E0,2E0,5E0,1E0,1E0,4E0,2E0,2E0],"tree_param":{"num_deleted":"0","num_feature":"2","num_nodes":"11","size_leaf_vector":"1"}},{"base_weights":[-2.3284817E-2,-1.1678646E0,6.3408715E-1,-1.57281E-1,-5.086128E-2,2.2644551E-1,1.5399686E-1,-8.935166E-3,3.0747527E-1,1.3354492E-2,3.7891388E-2],"categories":[],"categories_nodes":[],"categories_segments":[],"categories_sizes":[],"default_left":[0,0,0,0,0,0,0,0,0,0,0],"id":36,"left_children":[1,3,5,-1,-1,7,-1,-1,9,-1,-1],"loss_changes":[8.264674E0,2.6789284E-1,2.2362053E0,0E0,0E0,1.810072E-1,0E0,0E0,1.1524737E-2,0E0,0E0],"parents":[2147483647,0,0,1,1,2,2,5,5,8,8],"right_children":[2,4,6,-1,-1,8,-1,-1,10,-1,-1],"split_conditions":[4.0443596E-1,1.0398697E-1,1E0,-1.57281E-1,-5.086128E-2,5.0172174E-1,1.5399686E-1,-8.935166E-3,6.998464E-1,1.3354492E-2,3.7891388E-2],"split_indices":[0,0,0,0,0,0,0,0,0,0,0],"split_type":[0,0,0,0,0,0,0,0,0,0,0],"sum_hessian":[9E0,3E0,6E0,1E0,2E0,5E0,1E0,1E0,4E0,2E0,2E0],"tree_param":{"num_deleted":"0","num_feature":"2","num_nodes":"11","size_leaf_vector":"1"}},{"base_weights":[-2.213974E-2,-1.1031137E0,5.9872246E-1,-1.4941695E-1,-4.747052E-2,2.1085262E-1,1.4629708E-1,-8.488369E-3,2.8697664E-1,7.6859477E-3,3.2029103E-2],"categories":[],"categories_nodes":[],"categories_segments":[],"categories_sizes":[],"default_left":[0,0,0,0,0,0,0,0,0,0,0],"id":37,"left_children":[1,3,5,-1,-1,7,-1,-1,9,-1,-1],"loss_changes":[7.3718166E0,2.7368116E-1,2.03804E0,0E0,0E0,1.5943542E-1,0E0,0E0,1.0382235E-2,0E0,0E0],"parents":[2147483647,0,0,1,1,2,2,5,5,8,8],"right_children":[2,4,6,-1,-1,8,-1,-1,10,-1,-1],"split_conditions":[4.0443596E-1,1.0398697E-1,1E0,-1.4941695E-1,-4.747052E-2,5.0172174E-1,1.4629708E-1,-8.488369E-3,6.0024816E-1,7.6859477E-3,3.2029103E-2],"split_indices":[0,0,0,0,0,0,0,0,0,0,0],"split_type":[0,0,0,0,0,0,0,0,0,0,0],"sum_hessian":[9E0,3E0,6E0,1E0,2E0,5E0,1E0,1E0,4E0,1E0,3E0],"tree_param":{"num_deleted":"0","num_feature":"2","num_nodes":"11","size_leaf_vector":"1"}},{"base_weights":[-2.1862078E-2,-1.0420243E0,5.642109E-1,-1.419461E-1,-4.4305835E-2,1.9497204E-1,1.389822E-1,-8.063984E-3,2.662224E-1,1.1140315E-2,3.323008E-2],"categories":[],"categories_nodes":[],"categories_segments":[],"categories_sizes":[],"default_left":[0,0,0,0,0,0,0,0,0,0,0],"id":38,"left_children":[1,3,5,-1,-1,7,-1,-1,9,-1,-1],"loss_changes":[6.566817E0,2.7538252E-1,1.8629577E0,0E0,0E0,1.3929276E-1,0E0,0E0,1.4131695E-2,0E0,0E0],"parents":[2147483647,0,0,1,1,2,2,5,5,8,8],"right_children":[2,4,6,-1,-1,8,-1,-1,10,-1,-1],"split_conditions":[4.0443596E-1,1.0398697E-1,1E0,-1.419461E-1,-4.4305835E-2,5.0172174E-1,1.389822E-1,-8.063984E-3,6.998464E-1,1.1140315E-2,3.323008E-2],"split_indices":[0,0,0,0,0,0,0,0,0,0,0],"split_type":[0,0,0,0,0,0,0,0,0,0,0],"sum_hessian":[9E0,3E0,6E0,1E0,2E0,5E0,1E0,1E0,4E0,2E0,2E0],"tree_param":{"num_deleted":"0","num_feature":"2","num_nodes":"11","size_leaf_vector":"1"}},{"base_weights":[-2.07721E-2,-9.8438483E-1,5.328312E-1,-1.348488E-1,-4.1352116E-2,1.8152587E-1,1.3203315E-1,-7.6607703E-3,2.4847412E-1,1.03975935E-2,3.1014761E-2],"categories":[],"categories_nodes":[],"categories_segments":[],"categories_sizes":[],"default_left":[0,0,0,0,0,0,0,0,0,0,0],"id":39,"left_children":[1,3,5,-1,-1,7,-1,-1,9,-1,-1],"loss_changes":[5.8591027E0,2.7378488E-1,1.6968973E0,0E0,0E0,1.2272455E-1,0E0,0E0,1.2310654E-2,0E0,0E0],"parents":[2147483647,0,0,1,1,2,2,5,5,8,8],"right_children":[2,4,6,-1,-1,8,-1,-1,10,-1,-1],"split_conditions":[4.0443596E-1,1.0398697E-1,1E0,-1.348488E-1,-4.1352116E-2,5.0172174E-1,1.3203315E-1,-7.6607703E-3,6.998464E-1,1.03975935E-2,3.1014761E-2],"split_indices":[0,0,0,0,0,0,0,0,0,0,0],"split_type":[0,0,0,0,0,0,0,0,0,0,0],"sum_hessian":[9E0,3E0,6E0,1E0,2E0,5E0,1E0,1E0,4E0,2E0,2E0],"tree_param":{"num_deleted":"0","num_feature":"2","num_nodes":"11","size_leaf_vector":"1"}},{"base_weights":[-1.9736314E-2,-9.2999655E-1,5.032319E-1,-1.2810636E-1,-3.8595304E-2,1.6899903E-1,1.2543145E-1,-7.277775E-3,2.3190995E-1,9.704462E-3,2.8947195E-2],"categories":[],"categories_nodes":[],"categories_segments":[],"categories_sizes":[],"default_left":[0,0,0,0,0,0,0,0,0,0,0],"id":40,"left_children":[1,3,5,-1,-1,7,-1,-1,9,-1,-1],"loss_changes":[5.228375E0,2.695527E-1,1.5452771E0,0E0,0E0,1.08140245E-1,0E0,0E0,1.0723919E-2,0E0,0E0],"parents":[2147483647,0,0,1,1,2,2,5,5,8,8],"right_children":[2,4,6,-1,-1,8,-1,-1,10,-1,-1],"split_conditions":[4.0443596E-1,1.0398697E-1,1E0,-1.2810636E-1,-3.8595304E-2,5.0172174E-1,1.2543145E-1,-7.277775E-3,6.998464E-1,9.704462E-3,2.8947195E-2],"split_indices":[0,0,0,0,0,0,0,0,0,0,0],"split_type":[0,0,0,0,0,0,0,0,0,0,0],"sum_hessian":[9E0,3E0,6E0,1E0,2E0,5E0,1E0,1E0,4E0,2E0,2E0],"tree_param":{"num_deleted":"0","num_feature":"2","num_nodes":"11","size_leaf_vector":"1"}},{"base_weights":[-1.8752003E-2,-7.305933E-1,5.7757443E-1,-1.2170104E-1,-3.0473644E-1,2.1644974E-1,1.1915989E-1,-3.602229E-2,-6.913853E-3,9.05749E-3,2.7017465E-2],"categories":[],"categories_nodes":[],"categories_segments":[],"categories_sizes":[],"default_left":[0,0,0,0,0,0,0,0,0,0,0],"id":41,"left_children":[1,3,5,-1,7,9,-1,-1,-1,-1,-1],"loss_changes":[4.66687E0,6.6485286E-1,1.072515E0,0E0,2.7384669E-2,9.342045E-3,0E0,0E0,0E0,0E0,0E0],"parents":[2147483647,0,0,1,1,2,2,4,4,5,5],"right_children":[2,4,6,-1,8,10,-1,-1,-1,-1,-1],"split_conditions":[5.0172174E-1,1.0398697E-1,1E0,-1.2170104E-1,4.0443596E-1,6.998464E-1,1.1915989E-1,-3.602229E-2,-6.913853E-3,9.05749E-3,2.7017465E-2],"split_indices":[0,0,0,0,0,0,0,0,0,0,0],"split_type":[0,0,0,0,0,0,0,0,0,0,0],"sum_hessian":[9E0,4E0,5E0,1E0,3E0,4E0,1E0,2E0,1E0,2E0,2E0],"tree_param":{"num_deleted":"0","num_feature":"2","num_nodes":"11","size_leaf_vector":"1"}},{"base_weights":[-1.7816758E-2,-6.904614E-1,5.456899E-1,-1.1561599E-1,-2.849968E-1,2.0202026E-1,1.1320191E-1,-3.3620812E-2,-6.568146E-3,8.453623E-3,2.5216421E-2],"categories":[],"categories_nodes":[],"categories_segments":[],"categories_sizes":[],"default_left":[0,0,0,0,0,0,0,0,0,0,0],"id":42,"left_children":[1,3,5,-1,7,9,-1,-1,-1,-1,-1],"loss_changes":[4.1671753E0,6.146195E-1,9.8033035E-1,0E0,2.2843033E-2,8.138537E-3,0E0,0E0,0E0,0E0,0E0],"parents":[2147483647,0,0,1,1,2,2,4,4,5,5],"right_children":[2,4,6,-1,8,10,-1,-1,-1,-1,-1],"split_conditions":[5.0172174E-1,1.0398697E-1,1E0,-1.1561599E-1,4.0443596E-1,6.998464E-1,1.1320191E-1,-3.3620812E-2,-6.568146E-3,8.453623E-3,2.5216421E-2],"split_indices":[0,0,0,0,0,0,0,0,0,0,0],"split_type":[0,0,0,0,0,0,0,0,0,0,0],"sum_hessian":[9E0,4E0,5E0,1E0,3E0,4E0,1E0,2E0,1E0,2E0,2E0],"tree_param":{"num_deleted":"0","num_feature":"2","num_nodes":"11","size_leaf_vector":"1"}},{"base_weights":[-1.692791E-2,-6.525761E-1,5.156002E-1,-1.09835185E-1,-2.6654416E-1,1.8855286E-1,1.0754185E-1,-3.1379424E-2,-6.2397006E-3,7.890066E-3,2.3535412E-2],"categories":[],"categories_nodes":[],"categories_segments":[],"categories_sizes":[],"default_left":[0,0,0,0,0,0,0,0,0,0,0],"id":43,"left_children":[1,3,5,-1,7,9,-1,-1,-1,-1,-1],"loss_changes":[3.7214735E0,5.6765914E-1,8.957492E-1,0E0,1.9004017E-2,7.0897043E-3,0E0,0E0,0E0,0E0,0E0],"parents":[2147483647,0,0,1,1,2,2,4,4,5,5],"right_children":[2,4,6,-1,8,10,-1,-1,-1,-1,-1],"split_conditions":[5.0172174E-1,1.0398697E-1,1E0,-1.09835185E-1,4.0443596E-1,6.998464E-1,1.0754185E-1,-3.1379424E-2,-6.2397006E-3,7.890066E-3,2.3535412E-2],"split_indices":[0,0,0,0,0,0,0,0,0,0,0],"split_type":[0,0,0,0,0,0,0,0,0,0,0],"sum_hessian":[9E0,4E0,5E0,1E0,3E0,4E0,1E0,2E0,1E0,2E0,2E0],"tree_param":{"num_deleted":"0","num_feature":"2","num_nodes":"11","size_leaf_vector":"1"}},{"base_weights":[-1.6084075E-2,-6.168094E-1,4.8720106E-1,-1.0434343E-1,-2.4929464E-1,1.7598191E-1,1.0216484E-1,-2.9287448E-2,-5.9277536E-3,7.3640193E-3,2.1966299E-2],"categories":[],"categories_nodes":[],"categories_segments":[],"categories_sizes":[],"default_left":[0,0,0,0,0,0,0,0,0,0,0],"id":44,"left_children":[1,3,5,-1,7,9,-1,-1,-1,-1,-1],"loss_changes":[3.3238714E0,5.2383184E-1,8.1818974E-1,0E0,1.5762776E-2,6.175965E-3,0E0,0E0,0E0,0E0,0E0],"parents":[2147483647,0,0,1,1,2,2,4,4,5,5],"right_children":[2,4,6,-1,8,10,-1,-1,-1,-1,-1],"split_conditions":[5.0172174E-1,1.0398697E-1,1E0,-1.0434343E-1,4.0443596E-1,6.998464E-1,1.0216484E-1,-2.9287448E-2,-5.9277536E-3,7.3640193E-3,2.1966299E-2],"split_indices":[0,0,0,0,0,0,0,0,0,0,0],"split_type":[0,0,0,0,0,0,0,0,0,0,0],"sum_hessian":[9E0,4E0,5E0,1E0,3E0,4E0,1E0,2E0,1E0,2E0,2E0],"tree_param":{"num_deleted":"0","num_feature":"2","num_nodes":"11","size_leaf_vector":"1"}},{"base_weights":[-1.5281844E-2,-5.830402E-1,4.603971E-1,-9.912626E-2,-2.3316896E-1,1.6425018E-1,9.705658E-2,-2.7334962E-2,-5.6313514E-3,6.8730675E-3,2.0501964E-2],"categories":[],"categories_nodes":[],"categories_segments":[],"categories_sizes":[],"default_left":[0,0,0,0,0,0,0,0,0,0,0],"id":45,"left_children":[1,3,5,-1,7,9,-1,-1,-1,-1,-1],"loss_changes":[2.969137E0,4.8299456E-1,7.470937E-1,0E0,1.3031393E-2,5.380258E-3,0E0,0E0,0E0,0E0,0E0],"parents":[2147483647,0,0,1,1,2,2,4,4,5,5],"right_children":[2,4,6,-1,8,10,-1,-1,-1,-1,-1],"split_conditions":[5.0172174E-1,1.0398697E-1,1E0,-9.912626E-2,4.0443596E-1,6.998464E-1,9.705658E-2,-2.7334962E-2,-5.6313514E-3,6.8730675E-3,2.0501964E-2],"split_indices":[0,0,0,0,0,0,0,0,0,0,0],"split_type":[0,0,0,0,0,0,0,0,0,0,0],"sum_hessian":[9E0,4E0,5E0,1E0,3E0,4E0,1E0,2E0,1E0,2E0,2E0],"tree_param":{"num_deleted":"0","num_feature":"2","num_nodes":"11","size_leaf_vector":"1"}},{"base_weights":[-1.4519369E-2,-5.5115485E-1,4.3509674E-1,-9.4169945E-2,-2.1809381E-1,1.5330124E-1,9.2203714E-2,-2.5512625E-2,-5.349827E-3,3.7575723E-3,1.728387E-2],"categories":[],"categories_nodes":[],"categories_segments":[],"categories_sizes":[],"default_left":[0,0,0,0,0,0,0,0,0,0,0],"id":46,"left_children":[1,3,5,-1,7,9,-1,-1,-1,-1,-1],"loss_changes":[2.652605E0,4.449972E-1,6.819562E-1,0E0,1.0732681E-2,4.8103705E-3,0E0,0E0,0E0,0E0,0E0],"parents":[2147483647,0,0,1,1,2,2,4,4,5,5],"right_children":[2,4,6,-1,8,10,-1,-1,-1,-1,-1],"split_conditions":[5.0172174E-1,1.0398697E-1,1E0,-9.4169945E-2,4.0443596E-1,6.0024816E-1,9.2203714E-2,-2.5512625E-2,-5.349827E-3,3.7575723E-3,1.728387E-2],"split_indices":[0,0,0,0,0,0,0,0,0,0,0],"split_type":[0,0,0,0,0,0,0,0,0,0,0],"sum_hessian":[9E0,4E0,5E0,1E0,3E0,4E0,1E0,2E0,1E0,1E0,3E0],"tree_param":{"num_deleted":"0","num_feature":"2","num_nodes":"11","size_leaf_vector":"1"}},{"base_weights":[-1.4246392E-2,-5.2104574E-1,4.104608E-1,-8.9461446E-2,-2.0399994E-1,1.421791E-1,8.759346E-2,-2.3811778E-2,-5.0823214E-3,5.7135266E-3,1.7982991E-2],"categories":[],"categories_nodes":[],"categories_segments":[],"categories_sizes":[],"default_left":[0,0,0,0,0,0,0,0,0,0,0],"id":47,"left_children":[1,3,5,-1,7,9,-1,-1,-1,-1,-1],"loss_changes":[2.366282E0,4.0969074E-1,6.247289E-1,0E0,8.8023245E-3,5.735211E-3,0E0,0E0,0E0,0E0,0E0],"parents":[2147483647,0,0,1,1,2,2,4,4,5,5],"right_children":[2,4,6,-1,8,10,-1,-1,-1,-1,-1],"split_conditions":[5.0172174E-1,1.0398697E-1,1E0,-8.9461446E-2,4.0443596E-1,6.998464E-1,8.759346E-2,-2.3811778E-2,-5.0823214E-3,5.7135266E-3,1.7982991E-2],"split_indices":[0,0,0,0,0,0,0,0,0,0,0],"split_type":[0,0,0,0,0,0,0,0,0,0,0],"sum_hessian":[9E0,4E0,5E0,1E0,3E0,4E0,1E0,2E0,1E0,2E0,2E0],"tree_param":{"num_deleted":"0","num_feature":"2","num_nodes":"11","size_leaf_vector":"1"}},{"base_weights":[-1.3528312E-2,-4.9261218E-1,3.8796297E-1,-8.498838E-2,-1.9082338E-1,1.3270035E-1,8.3213806E-2,-2.2224339E-2,-4.828167E-3,5.3325654E-3,1.678416E-2],"categories":[],"categories_nodes":[],"categories_segments":[],"categories_sizes":[],"default_left":[0,0,0,0,0,0,0,0,0,0,0],"id":48,"left_children":[1,3,5,-1,7,9,-1,-1,-1,-1,-1],"loss_changes":[2.1145954E0,3.769251E-1,5.698627E-1,0E0,7.1843714E-3,4.996367E-3,0E0,0E0,0E0,0E0,0E0],"parents":[2147483647,0,0,1,1,2,2,4,4,5,5],"right_children":[2,4,6,-1,8,10,-1,-1,-1,-1,-1],"split_conditions":[5.0172174E-1,1.0398697E-1,1E0,-8.498838E-2,4.0443596E-1,6.998464E-1,8.3213806E-2,-2.2224339E-2,-4.828167E-3,5.3325654E-3,1.678416E-2],"split_indices":[0,0,0,0,0,0,0,0,0,0,0],"split_type":[0,0,0,0,0,0,0,0,0,0,0],"sum_hessian":[9E0,4E0,5E0,1E0,3E0,4E0,1E0,2E0,1E0,2E0,2E0],"tree_param":{"num_deleted":"0","num_feature":"2","num_nodes":"11","size_leaf_vector":"1"}},{"base_weights":[-1.2846744E-2,-4.6575925E-1,3.6672148E-1,-8.0738954E-2,-1.7850429E-1,1.238533E-1,7.905312E-2,-2.074271E-2,-4.586792E-3,4.977036E-3,1.5665181E-2],"categories":[],"categories_nodes":[],"categories_segments":[],"categories_sizes":[],"default_left":[0,0,0,0,0,0,0,0,0,0,0],"id":49,"left_children":[1,3,5,-1,7,9,-1,-1,-1,-1,-1],"loss_changes":[1.889916E0,3.465525E-1,5.1966935E-1,0E0,5.8306158E-3,4.3524355E-3,0E0,0E0,0E0,0E0,0E0],"parents":[2147483647,0,0,1,1,2,2,4,4,5,5],"right_children":[2,4,6,-1,8,10,-1,-1,-1,-1,-1],"split_conditions":[5.0172174E-1,1.0398697E-1,1E0,-8.0738954E-2,4.0443596E-1,6.998464E-1,7.905312E-2,-2.074271E-2,-4.586792E-3,4.977036E-3,1.5665181E-2],"split_indices":[0,0,0,0,0,0,0,0,0,0,0],"split_type":[0,0,0,0,0,0,0,0,0,0,0],"sum_hessian":[9E0,4E0,5E0,1E0,3E0,4E0,1E0,2E0,1E0,2E0,2E0],"tree_param":{"num_deleted":"0","num_feature":"2","num_nodes":"11","size_leaf_vector":"1"}},{"base_weights":[-1.2199474E-2,-4.4039702E-1,3.4666505E-1,-7.670201E-2,-1.6698623E-1,1.1559601E-1,7.510052E-2,-1.9359875E-2,-4.3574334E-3,4.645284E-3,1.4620717E-2],"categories":[],"categories_nodes":[],"categories_segments":[],"categories_sizes":[],"default_left":[0,0,0,0,0,0,0,0,0,0,0],"id":50,"left_children":[1,3,5,-1,7,9,-1,-1,-1,-1,-1],"loss_changes":[1.6893195E0,3.1842953E-1,4.7376966E-1,0E0,4.701264E-3,3.7910268E-3,0E0,0E0,0E0,0E0,0E0],"parents":[2147483647,0,0,1,1,2,2,4,4,5,5],"right_children":[2,4,6,-1,8,10,-1,-1,-1,-1,-1],"split_conditions":[5.0172174E-1,1.0398697E-1,1E0,-7.670201E-2,4.0443596E-1,6.998464E-1,7.510052E-2,-1.9359875E-2,-4.3574334E-3,4.645284E-3,1.4620717E-2],"split_indices":[0,0,0,0,0,0,0,0,0,0,0],"split_type":[0,0,0,0,0,0,0,0,0,0,0],"sum_hessian":[9E0,4E0,5E0,1E0,3E0,4E0,1E0,2E0,1E0,2E0,2E0],"tree_param":{"num_deleted":"0","num_feature":"2","num_nodes":"11","size_leaf_vector":"1"}},{"base_weights":[-1.1584723E-2,-6.178194E-2,2.1720135E-1,4.4385772E-2,7.134552E-2,-7.6249125E-3,1.07889555E-1,4.335658E-3,1.3645935E-2],"categories":[],"categories_nodes":[],"categories_segments":[],"categories_sizes":[],"default_left":[0,0,0,0,0,0,0,0,0],"id":51,"left_children":[1,-1,3,5,-1,-1,7,-1,-1],"loss_changes":[1.5211716E0,0E0,6.544159E-1,6.1851893E-2,0E0,0E0,3.30206E-3,0E0,0E0],"parents":[2147483647,0,0,2,2,3,3,6,6],"right_children":[2,-1,4,6,-1,-1,8,-1,-1],"split_conditions":[2.958662E-1,-6.178194E-2,1E0,5.0172174E-1,7.134552E-2,-7.6249125E-3,6.998464E-1,4.335658E-3,1.3645935E-2],"split_indices":[0,0,0,0,0,0,0,0,0],"split_type":[0,0,0,0,0,0,0,0,0],"sum_hessian":[9E0,2E0,7E0,6E0,1E0,2E0,4E0,2E0,2E0],"tree_param":{"num_deleted":"0","num_feature":"2","num_nodes":"9","size_leaf_vector":"1"}},{"base_weights":[-8.434069E-3,-5.766314E-1,2.056942E-1,-6.977782E-2,-1.6716897E-2,4.142707E-2,6.777821E-2,-7.116572E-3,1.0069732E-1,4.046631E-3,1.2736256E-2],"categories":[],"categories_nodes":[],"categories_segments":[],"categories_sizes":[],"default_left":[0,0,0,0,0,0,0,0,0,0,0],"id":52,"left_children":[1,3,5,-1,-1,7,-1,-1,9,-1,-1],"loss_changes":[1.3352809E0,3.216827E-2,5.9230965E-1,0E0,0E0,5.388003E-2,0E0,0E0,2.8764792E-3,0E0,0E0],"parents":[2147483647,0,0,1,1,2,2,5,5,8,8],"right_children":[2,4,6,-1,-1,8,-1,-1,10,-1,-1],"split_conditions":[2.958662E-1,1.0398697E-1,1E0,-6.977782E-2,-1.6716897E-2,5.0172174E-1,6.777821E-2,-7.116572E-3,6.998464E-1,4.046631E-3,1.2736256E-2],"split_indices":[0,0,0,0,0,0,0,0,0,0,0],"split_type":[0,0,0,0,0,0,0,0,0,0,0],"sum_hessian":[9E0,2E0,7E0,1E0,1E0,6E0,1E0,2E0,4E0,2E0,2E0],"tree_param":{"num_deleted":"0","num_feature":"2","num_nodes":"11","size_leaf_vector":"1"}},{"base_weights":[-8.496213E-3,-5.477998E-1,1.9480467E-1,-6.6288926E-2,-1.588105E-2,3.866468E-2,6.438923E-2,-6.642151E-3,9.398346E-2,3.7768048E-3,1.1887106E-2],"categories":[],"categories_nodes":[],"categories_segments":[],"categories_sizes":[],"default_left":[0,0,0,0,0,0,0,0,0,0,0],"id":53,"left_children":[1,3,5,-1,-1,7,-1,-1,9,-1,-1],"loss_changes":[1.203123E0,2.9031932E-2,5.3606844E-1,0E0,0E0,4.69352E-2,0E0,0E0,2.5058053E-3,0E0,0E0],"parents":[2147483647,0,0,1,1,2,2,5,5,8,8],"right_children":[2,4,6,-1,-1,8,-1,-1,10,-1,-1],"split_conditions":[2.958662E-1,1.0398697E-1,1E0,-6.6288926E-2,-1.588105E-2,5.0172174E-1,6.438923E-2,-6.642151E-3,6.998464E-1,3.7768048E-3,1.1887106E-2],"split_indices":[0,0,0,0,0,0,0,0,0,0,0],"split_type":[0,0,0,0,0,0,0,0,0,0,0],"sum_hessian":[9E0,2E0,7E0,1E0,1E0,6E0,1E0,2E0,4E0,2E0,2E0],"tree_param":{"num_deleted":"0","num_feature":"2","num_nodes":"11","size_leaf_vector":"1"}},{"base_weights":[-8.522296E-3,-5.204098E-1,1.8450081E-1,-6.2974475E-2,-1.5086996E-2,3.6087174E-2,6.1169814E-2,-6.19936E-3,8.77182E-2,1.9283295E-3,1.0000611E-2],"categories":[],"categories_nodes":[],"categories_segments":[],"categories_sizes":[],"default_left":[0,0,0,0,0,0,0,0,0,0,0],"id":54,"left_children":[1,3,5,-1,-1,7,-1,-1,9,-1,-1],"loss_changes":[1.0840772E0,2.6201189E-2,4.8514083E-1,0E0,0E0,4.088605E-2,0E0,0E0,2.2761598E-3,0E0,0E0],"parents":[2147483647,0,0,1,1,2,2,5,5,8,8],"right_children":[2,4,6,-1,-1,8,-1,-1,10,-1,-1],"split_conditions":[2.958662E-1,1.0398697E-1,1E0,-6.2974475E-2,-1.5086996E-2,5.0172174E-1,6.1169814E-2,-6.19936E-3,6.0024816E-1,1.9283295E-3,1.0000611E-2],"split_indices":[0,0,0,0,0,0,0,0,0,0,0],"split_type":[0,0,0,0,0,0,0,0,0,0,0],"sum_hessian":[9E0,2E0,7E0,1E0,1E0,6E0,1E0,2E0,4E0,1E0,3E0],"tree_param":{"num_deleted":"0","num_feature":"2","num_nodes":"11","size_leaf_vector":"1"}},{"base_weights":[-8.78644E-3,-4.9438938E-1,1.7441297E-1,-5.9825756E-2,-1.4332652E-2,3.3296585E-2,5.811138E-2,-5.786069E-3,8.133163E-2,3.127416E-3,1.0427857E-2],"categories":[],"categories_nodes":[],"categories_segments":[],"categories_sizes":[],"default_left":[0,0,0,0,0,0,0,0,0,0,0],"id":55,"left_children":[1,3,5,-1,-1,7,-1,-1,9,-1,-1],"loss_changes":[9.758496E-1,2.3646653E-2,4.3978813E-1,0E0,0E0,3.5357118E-2,0E0,0E0,2.482105E-3,0E0,0E0],"parents":[2147483647,0,0,1,1,2,2,5,5,8,8],"right_children":[2,4,6,-1,-1,8,-1,-1,10,-1,-1],"split_conditions":[2.958662E-1,1.0398697E-1,1E0,-5.9825756E-2,-1.4332652E-2,5.0172174E-1,5.811138E-2,-5.786069E-3,6.998464E-1,3.127416E-3,1.0427857E-2],"split_indices":[0,0,0,0,0,0,0,0,0,0,0],"split_type":[0,0,0,0,0,0,0,0,0,0,0],"sum_hessian":[9E0,2E0,7E0,1E0,1E0,6E0,1E0,2E0,4E0,2E0,2E0],"tree_param":{"num_deleted":"0","num_feature":"2","num_nodes":"11","size_leaf_vector":"1"}},{"base_weights":[-8.736098E-3,-4.6966985E-1,1.6520607E-1,-5.6834467E-2,-1.3616013E-2,3.1076295E-2,5.520573E-2,-5.400308E-3,7.590866E-2,2.9188793E-3,9.732565E-3],"categories":[],"categories_nodes":[],"categories_segments":[],"categories_sizes":[],"default_left":[0,0,0,0,0,0,0,0,0,0,0],"id":56,"left_children":[1,3,5,-1,-1,7,-1,-1,9,-1,-1],"loss_changes":[8.7935054E-1,2.1341085E-2,3.9795023E-1,0E0,0E0,3.0799467E-2,0E0,0E0,2.1621753E-3,0E0,0E0],"parents":[2147483647,0,0,1,1,2,2,5,5,8,8],"right_children":[2,4,6,-1,-1,8,-1,-1,10,-1,-1],"split_conditions":[2.958662E-1,1.0398697E-1,1E0,-5.6834467E-2,-1.3616013E-2,5.0172174E-1,5.520573E-2,-5.400308E-3,6.998464E-1,2.9188793E-3,9.732565E-3],"split_indices":[0,0,0,0,0,0,0,0,0,0,0],"split_type":[0,0,0,0,0,0,0,0,0,0,0],"sum_hessian":[9E0,2E0,7E0,1E0,1E0,6E0,1E0,2E0,4E0,2E0,2E0],"tree_param":{"num_deleted":"0","num_feature":"2","num_nodes":"11","size_leaf_vector":"1"}},{"base_weights":[-8.661544E-3,-4.4618633E-1,1.5649295E-1,-5.3992745E-2,-1.2935209E-2,2.900505E-2,5.244541E-2,-5.040296E-3,7.0848845E-2,3.6443712E-3,1.0423469E-2],"categories":[],"categories_nodes":[],"categories_segments":[],"categories_sizes":[],"default_left":[0,0,0,0,0,0,0,0,0,0,0],"id":57,"left_children":[1,3,5,-1,-1,7,-1,-1,9,-1,-1],"loss_changes":[7.924169E-1,1.9260406E-2,3.6007297E-1,0E0,0E0,2.6830122E-2,0E0,0E0,1.9445214E-3,0E0,0E0],"parents":[2147483647,0,0,1,1,2,2,5,5,8,8],"right_children":[2,4,6,-1,-1,8,-1,-1,10,-1,-1],"split_conditions":[2.958662E-1,1.0398697E-1,1E0,-5.3992745E-2,-1.2935209E-2,5.0172174E-1,5.244541E-2,-5.040296E-3,8.096315E-1,3.6443712E-3,1.0423469E-2],"split_indices":[0,0,0,0,0,0,0,0,0,0,0],"split_type":[0,0,0,0,0,0,0,0,0,0,0],"sum_hessian":[9E0,2E0,7E0,1E0,1E0,6E0,1E0,2E0,4E0,3E0,1E0],"tree_param":{"num_deleted":"0","num_feature":"2","num_nodes":"11","size_leaf_vector":"1"}},{"base_weights":[-8.340538E-3,-4.2387703E-1,1.4852822E-1,-5.1293105E-2,-1.2288451E-2,2.7394567E-2,4.982319E-2,-4.7042533E-3,6.657791E-2,3.371048E-3,9.902382E-3],"categories":[],"categories_nodes":[],"categories_segments":[],"categories_sizes":[],"default_left":[0,0,0,0,0,0,0,0,0,0,0],"id":58,"left_children":[1,3,5,-1,-1,7,-1,-1,9,-1,-1],"loss_changes":[7.1480465E-1,1.7382503E-2,3.2523823E-1,0E0,0E0,2.3548853E-2,0E0,0E0,1.993928E-3,0E0,0E0],"parents":[2147483647,0,0,1,1,2,2,5,5,8,8],"right_children":[2,4,6,-1,-1,8,-1,-1,10,-1,-1],"split_conditions":[2.958662E-1,1.0398697E-1,1E0,-5.1293105E-2,-1.2288451E-2,5.0172174E-1,4.982319E-2,-4.7042533E-3,8.096315E-1,3.371048E-3,9.902382E-3],"split_indices":[0,0,0,0,0,0,0,0,0,0,0],"split_type":[0,0,0,0,0,0,0,0,0,0,0],"sum_hessian":[9E0,2E0,7E0,1E0,1E0,6E0,1E0,2E0,4E0,3E0,1E0],"tree_param":{"num_deleted":"0","num_feature":"2","num_nodes":"11","size_leaf_vector":"1"}},{"base_weights":[-8.025515E-3,-4.0268314E-1,1.4097428E-1,-4.8728447E-2,-1.1674023E-2,2.5879178E-2,4.7332E-2,-4.3906528E-3,6.257477E-2,3.1182289E-3,9.407234E-3],"categories":[],"categories_nodes":[],"categories_segments":[],"categories_sizes":[],"default_left":[0,0,0,0,0,0,0,0,0,0,0],"id":59,"left_children":[1,3,5,-1,-1,7,-1,-1,9,-1,-1],"loss_changes":[6.4480704E-1,1.5687734E-2,2.937618E-1,0E0,0E0,2.0673234E-2,0E0,0E0,2.0105448E-3,0E0,0E0],"parents":[2147483647,0,0,1,1,2,2,5,5,8,8],"right_children":[2,4,6,-1,-1,8,-1,-1,10,-1,-1],"split_conditions":[2.958662E-1,1.0398697E-1,1E0,-4.8728447E-2,-1.1674023E-2,5.0172174E-1,4.7332E-2,-4.3906528E-3,8.096315E-1,3.1182289E-3,9.407234E-3],"split_indices":[0,0,0,0,0,0,0,0,0,0,0],"split_type":[0,0,0,0,0,0,0,0,0,0,0],"sum_hessian":[9E0,2E0,7E0,1E0,1E0,6E0,1E0,2E0,4E0,3E0,1E0],"tree_param":{"num_deleted":"0","num_feature":"2","num_nodes":"11","size_leaf_vector":"1"}},{"base_weights":[-7.716477E-3,-3.8254902E-1,1.3381028E-1,-4.6292026E-2,-1.1090326E-2,2.4453571E-2,4.4965364E-2,-4.0979385E-3,5.882263E-2,2.884388E-3,8.936882E-3],"categories":[],"categories_nodes":[],"categories_segments":[],"categories_sizes":[],"default_left":[0,0,0,0,0,0,0,0,0,0,0],"id":60,"left_children":[1,3,5,-1,-1,7,-1,-1,9,-1,-1],"loss_changes":[5.816773E-1,1.41581595E-2,2.6532108E-1,0E0,0E0,1.81526E-2,0E0,0E0,2.000939E-3,0E0,0E0],"parents":[2147483647,0,0,1,1,2,2,5,5,8,8],"right_children":[2,4,6,-1,-1,8,-1,-1,10,-1,-1],"split_conditions":[2.958662E-1,1.0398697E-1,1E0,-4.6292026E-2,-1.1090326E-2,5.0172174E-1,4.4965364E-2,-4.0979385E-3,8.096315E-1,2.884388E-3,8.936882E-3],"split_indices":[0,0,0,0,0,0,0,0,0,0,0],"split_type":[0,0,0,0,0,0,0,0,0,0,0],"sum_hessian":[9E0,2E0,7E0,1E0,1E0,6E0,1E0,2E0,4E0,3E0,1E0],"tree_param":{"num_deleted":"0","num_feature":"2","num_nodes":"11","size_leaf_vector":"1"}},{"base_weights":[-7.413906E-3,-3.634216E-1,1.2701571E-1,-4.3977425E-2,-1.0535813E-2,2.3111751E-2,4.271717E-2,-3.8247108E-3,5.5304717E-2,1.856486E-3,7.3609673E-3],"categories":[],"categories_nodes":[],"categories_segments":[],"categories_sizes":[],"default_left":[0,0,0,0,0,0,0,0,0,0,0],"id":61,"left_children":[1,3,5,-1,-1,7,-1,-1,9,-1,-1],"loss_changes":[5.2474E-1,1.2777716E-2,2.3962648E-1,0E0,0E0,1.594251E-2,0E0,0E0,1.9960525E-3,0E0,0E0],"parents":[2147483647,0,0,1,1,2,2,5,5,8,8],"right_children":[2,4,6,-1,-1,8,-1,-1,10,-1,-1],"split_conditions":[2.958662E-1,1.0398697E-1,1E0,-4.3977425E-2,-1.0535813E-2,5.0172174E-1,4.271717E-2,-3.8247108E-3,6.998464E-1,1.856486E-3,7.3609673E-3],"split_indices":[0,0,0,0,0,0,0,0,0,0,0],"split_type":[0,0,0,0,0,0,0,0,0,0,0],"sum_hessian":[9E0,2E0,7E0,1E0,1E0,6E0,1E0,2E0,4E0,2E0,2E0],"tree_param":{"num_deleted":"0","num_feature":"2","num_nodes":"11","size_leaf_vector":"1"}},{"base_weights":[-7.3129893E-3,-3.4525052E-1,1.2032771E-1,-4.1778553E-2,-1.0009027E-2,2.1570751E-2,4.0581323E-2,-3.56973E-2,5.1617432E-2,-4.2564394E-3,-1.098156E-3,2.3912431E-3,8.121872E-3],"categories":[],"categories_nodes":[],"categories_segments":[],"categories_sizes":[],"default_left":[0,0,0,0,0,0,0,0,0,0,0,0,0],"id":62,"left_children":[1,3,5,-1,-1,7,-1,9,11,-1,-1,-1,-1],"loss_changes":[4.7288904E-1,1.153186E-2,2.1679574E-1,0E0,0E0,1.3887607E-2,0E0,4.1752122E-5,2.158382E-3,0E0,0E0,0E0,0E0],"parents":[2147483647,0,0,1,1,2,2,5,5,7,7,8,8],"right_children":[2,4,6,-1,-1,8,-1,10,12,-1,-1,-1,-1],"split_conditions":[2.958662E-1,1.0398697E-1,1E0,-4.1778553E-2,-1.0009027E-2,5.0172174E-1,4.0581323E-2,4.0443596E-1,8.096315E-1,-4.2564394E-3,-1.098156E-3,2.3912431E-3,8.121872E-3],"split_indices":[0,0,0,0,0,0,0,0,0,0,0,0,0],"split_type":[0,0,0,0,0,0,0,0,0,0,0,0,0],"sum_hessian":[9E0,2E0,7E0,1E0,1E0,6E0,1E0,2E0,4E0,1E0,1E0,3E0,1E0],"tree_param":{"num_deleted":"0","num_feature":"2","num_nodes":"13","size_leaf_vector":"1"}},{"base_weights":[-7.1865083E-3,-3.27988E-1,1.1401236E-1,-3.9689627E-2,-9.508574E-3,2.0150457E-2,3.8552284E-2,-3.3912342E-2,4.8558045E-2,-4.043627E-3,-1.0432244E-3,2.2118568E-2,7.7157975E-3,6.6633226E-4,2.504921E-3],"categories":[],"categories_nodes":[],"categories_segments":[],"categories_sizes":[],"default_left":[0,0,0,0,0,0,0,0,0,0,0,0,0,0,0],"id":63,"left_children":[1,3,5,-1,-1,7,-1,9,11,-1,-1,13,-1,-1,-1],"loss_changes":[4.2620248E-1,1.0407478E-2,1.9610745E-1,0E0,0E0,1.23972725E-2,0E0,3.7706224E-5,2.0742118E-3,0E0,0E0,1.4264137E-5,0E0,0E0,0E0],"parents":[2147483647,0,0,1,1,2,2,5,5,7,7,8,8,11,11],"right_children":[2,4,6,-1,-1,8,-1,10,12,-1,-1,14,-1,-1,-1],"split_conditions":[2.958662E-1,1.0398697E-1,1E0,-3.9689627E-2,-9.508574E-3,5.0172174E-1,3.8552284E-2,4.0443596E-1,8.096315E-1,-4.043627E-3,-1.0432244E-3,6.0024816E-1,7.7157975E-3,6.6633226E-4,2.504921E-3],"split_indices":[0,0,0,0,0,0,0,0,0,0,0,0,0,0,0],"split_type":[0,0,0,0,0,0,0,0,0,0,0,0,0,0,0],"sum_hessian":[9E0,2E0,7E0,1E0,1E0,6E0,1E0,2E0,4E0,1E0,1E0,3E0,1E0,1E0,2E0],"tree_param":{"num_deleted":"0","num_feature":"2","num_nodes":"15","size_leaf_vector":"1"}},{"base_weights":[-6.9524706E-3,-3.115886E-1,1.0815513E-1,-3.7705146E-2,-9.0331435E-3,1.8963814E-2,3.662472E-2,-3.221671E-2,4.5879364E-2,-3.8414479E-3,-9.910584E-4,2.0699501E-2,7.329941E-3,6.33049E-4,2.3379007E-3],"categories":[],"categories_nodes":[],"categories_segments":[],"categories_sizes":[],"default_left":[0,0,0,0,0,0,0,0,0,0,0,0,0,0,0],"id":64,"left_children":[1,3,5,-1,-1,7,-1,9,11,-1,-1,13,-1,-1,-1],"loss_changes":[3.8435927E-1,9.392768E-3,1.7721109E-1,0E0,0E0,1.1120945E-2,0E0,3.403495E-5,1.9349037E-3,0E0,0E0,6.006798E-6,0E0,0E0,0E0],"parents":[2147483647,0,0,1,1,2,2,5,5,7,7,8,8,11,11],"right_children":[2,4,6,-1,-1,8,-1,10,12,-1,-1,14,-1,-1,-1],"split_conditions":[2.958662E-1,1.0398697E-1,1E0,-3.7705146E-2,-9.0331435E-3,5.0172174E-1,3.662472E-2,4.0443596E-1,8.096315E-1,-3.8414479E-3,-9.910584E-4,6.0024816E-1,7.329941E-3,6.33049E-4,2.3379007E-3],"split_indices":[0,0,0,0,0,0,0,0,0,0,0,0,0,0,0],"split_type":[0,0,0,0,0,0,0,0,0,0,0,0,0,0,0],"sum_hessian":[9E0,2E0,7E0,1E0,1E0,6E0,1E0,2E0,4E0,1E0,1E0,3E0,1E0,1E0,2E0],"tree_param":{"num_deleted":"0","num_feature":"2","num_nodes":"15","size_leaf_vector":"1"}},{"base_weights":[-6.721616E-3,-2.9600915E-1,1.0260141E-1,-3.5819888E-2,-8.581484E-3,1.7848833E-2,3.4793474E-2,-3.0605635E-2,4.3351747E-2,-3.649378E-3,-9.414673E-4,1.9371987E-3,6.9635394E-3],"categories":[],"categories_nodes":[],"categories_segments":[],"categories_sizes":[],"default_left":[0,0,0,0,0,0,0,0,0,0,0,0,0],"id":65,"left_children":[1,3,5,-1,-1,7,-1,9,11,-1,-1,-1,-1],"loss_changes":[3.4662881E-1,8.477002E-3,1.601308E-1,0E0,0E0,9.976917E-3,0E0,3.0749477E-5,1.8024025E-3,0E0,0E0,0E0,0E0],"parents":[2147483647,0,0,1,1,2,2,5,5,7,7,8,8],"right_children":[2,4,6,-1,-1,8,-1,10,12,-1,-1,-1,-1],"split_conditions":[2.958662E-1,1.0398697E-1,1E0,-3.5819888E-2,-8.581484E-3,5.0172174E-1,3.4793474E-2,4.0443596E-1,8.096315E-1,-3.649378E-3,-9.414673E-4,1.9371987E-3,6.9635394E-3],"split_indices":[0,0,0,0,0,0,0,0,0,0,0,0,0],"split_type":[0,0,0,0,0,0,0,0,0,0,0,0,0],"sum_hessian":[9E0,2E0,7E0,1E0,1E0,6E0,1E0,2E0,4E0,1E0,1E0,3E0,1E0],"tree_param":{"num_deleted":"0","num_feature":"2","num_nodes":"13","size_leaf_vector":"1"}},{"base_weights":[-6.5792203E-3,-2.8120872E-1,9.722924E-2,-3.4028895E-2,-8.152413E-3,1.6679764E-2,3.305378E-2,-1.9283772E-2,4.847336E-2,-2.9074987E-2,5.044937E-4,2.0528159E-3,6.6154483E-3,-3.4668923E-3,-8.9435576E-4],"categories":[],"categories_nodes":[],"categories_segments":[],"categories_sizes":[],"default_left":[0,0,0,0,0,0,0,0,0,0,0,0,0,0,0],"id":66,"left_children":[1,3,5,-1,-1,7,-1,9,11,13,-1,-1,-1,-1,-1],"loss_changes":[3.1243038E-1,7.650465E-3,1.4482976E-1,0E0,0E0,8.93862E-3,0E0,1.0995122E-3,6.1837956E-4,2.7778093E-5,0E0,0E0,0E0,0E0,0E0],"parents":[2147483647,0,0,1,1,2,2,5,5,7,7,8,8,9,9],"right_children":[2,4,6,-1,-1,8,-1,10,12,14,-1,-1,-1,-1,-1],"split_conditions":[2.958662E-1,1.0398697E-1,1E0,-3.4028895E-2,-8.152413E-3,6.0024816E-1,3.305378E-2,5.0172174E-1,8.096315E-1,4.0443596E-1,5.044937E-4,2.0528159E-3,6.6154483E-3,-3.4668923E-3,-8.9435576E-4],"split_indices":[0,0,0,0,0,0,0,0,0,0,0,0,0,0,0],"split_type":[0,0,0,0,0,0,0,0,0,0,0,0,0,0,0],"sum_hessian":[9E0,2E0,7E0,1E0,1E0,6E0,1E0,3E0,3E0,2E0,1E0,2E0,1E0,1E0,1E0],"tree_param":{"num_deleted":"0","num_feature":"2","num_nodes":"15","size_leaf_vector":"1"}},{"base_weights":[-6.352687E-3,-2.6714826E-1,9.223974E-2,-3.232745E-2,-7.744789E-3,1.5699523E-2,3.1401064E-2,-1.8319368E-2,4.5793533E-2,-2.762127E-2,4.7931672E-4,1.9159953E-3,6.2847137E-3,-3.293562E-3,-8.496285E-4],"categories":[],"categories_nodes":[],"categories_segments":[],"categories_sizes":[],"default_left":[0,0,0,0,0,0,0,0,0,0,0,0,0,0,0],"id":67,"left_children":[1,3,5,-1,-1,7,-1,9,11,13,-1,-1,-1,-1,-1],"loss_changes":[2.8176638E-1,6.9045722E-3,1.308653E-1,0E0,0E0,8.005262E-3,0E0,9.923555E-4,6.1264634E-4,2.5080051E-5,0E0,0E0,0E0,0E0,0E0],"parents":[2147483647,0,0,1,1,2,2,5,5,7,7,8,8,9,9],"right_children":[2,4,6,-1,-1,8,-1,10,12,14,-1,-1,-1,-1,-1],"split_conditions":[2.958662E-1,1.0398697E-1,1E0,-3.232745E-2,-7.744789E-3,6.0024816E-1,3.1401064E-2,5.0172174E-1,8.096315E-1,4.0443596E-1,4.7931672E-4,1.9159953E-3,6.2847137E-3,-3.293562E-3,-8.496285E-4],"split_indices":[0,0,0,0,0,0,0,0,0,0,0,0,0,0,0],"split_type":[0,0,0,0,0,0,0,0,0,0,0,0,0,0,0],"sum_hessian":[9E0,2E0,7E0,1E0,1E0,6E0,1E0,3E0,3E0,2E0,1E0,2E0,1E0,1E0,1E0],"tree_param":{"num_deleted":"0","num_feature":"2","num_nodes":"15","size_leaf_vector":"1"}},{"base_weights":[-6.1307847E-3,-2.5379083E-1,8.750808E-2,-3.0711075E-2,-7.35755E-3,1.4778001E-2,2.9830933E-2,-2.6240349E-2,3.643341E-2,-3.1288625E-3,-8.0718996E-4,1.5688896E-2,5.9705735E-3,4.553795E-4,1.7882666E-3],"categories":[],"categories_nodes":[],"categories_segments":[],"categories_sizes":[],"default_left":[0,0,0,0,0,0,0,0,0,0,0,0,0,0,0],"id":68,"left_children":[1,3,5,-1,-1,7,-1,9,11,-1,-1,13,-1,-1,-1],"loss_changes":[2.541148E-1,6.2313825E-3,1.1824432E-1,0E0,0E0,7.17391E-3,0E0,2.2599474E-5,1.4771484E-3,0E0,0E0,1.6277423E-5,0E0,0E0,0E0],"parents":[2147483647,0,0,1,1,2,2,5,5,7,7,8,8,11,11],"right_children":[2,4,6,-1,-1,8,-1,10,12,-1,-1,14,-1,-1,-1],"split_conditions":[2.958662E-1,1.0398697E-1,1E0,-3.0711075E-2,-7.35755E-3,5.0172174E-1,2.9830933E-2,4.0443596E-1,8.096315E-1,-3.1288625E-3,-8.0718996E-4,6.0024816E-1,5.9705735E-3,4.553795E-4,1.7882666E-3],"split_indices":[0,0,0,0,0,0,0,0,0,0,0,0,0,0,0],"split_type":[0,0,0,0,0,0,0,0,0,0,0,0,0,0,0],"sum_hessian":[9E0,2E0,7E0,1E0,1E0,6E0,1E0,2E0,4E0,1E0,1E0,3E0,1E0,1E0,2E0],"tree_param":{"num_deleted":"0","num_feature":"2","num_nodes":"15","size_leaf_vector":"1"}},{"base_weights":[-5.913836E-3,-2.4110128E-1,8.302069E-2,-2.9175524E-2,-6.98967E-3,1.3911111E-2,2.8339386E-2,-2.4928411E-2,3.44326E-2,-2.9724122E-3,-7.6684955E-4,1.4680386E-2,5.6720735E-3,4.3258668E-4,1.6689936E-3],"categories":[],"categories_nodes":[],"categories_segments":[],"categories_sizes":[],"default_left":[0,0,0,0,0,0,0,0,0,0,0,0,0,0,0],"id":69,"left_children":[1,3,5,-1,-1,7,-1,9,11,-1,-1,13,-1,-1,-1],"loss_changes":[2.2917923E-1,5.6238323E-3,1.0683932E-1,0E0,0E0,6.4376644E-3,0E0,2.0381412E-5,1.368518E-3,0E0,0E0,1.103332E-5,0E0,0E0,0E0],"parents":[2147483647,0,0,1,1,2,2,5,5,7,7,8,8,11,11],"right_children":[2,4,6,-1,-1,8,-1,10,12,-1,-1,14,-1,-1,-1],"split_conditions":[2.958662E-1,1.0398697E-1,1E0,-2.9175524E-2,-6.98967E-3,5.0172174E-1,2.8339386E-2,4.0443596E-1,8.096315E-1,-2.9724122E-3,-7.6684955E-4,6.0024816E-1,5.6720735E-3,4.3258668E-4,1.6689936E-3],"split_indices":[0,0,0,0,0,0,0,0,0,0,0,0,0,0,0],"split_type":[0,0,0,0,0,0,0,0,0,0,0,0,0,0,0],"sum_hessian":[9E0,2E0,7E0,1E0,1E0,6E0,1E0,2E0,4E0,1E0,1E0,3E0,1E0,1E0,2E0],"tree_param":{"num_deleted":"0","num_feature":"2","num_nodes":"15","size_leaf_vector":"1"}},{"base_weights":[-5.701834E-3,-2.2904621E-1,7.8765035E-2,-2.7716747E-2,-6.640184E-3,1.3095992E-2,2.6922418E-2,-2.368196E-2,3.2543562E-2,-2.823782E-3,-7.2851183E-4,1.3737202E-2,5.388451E-3,4.1093826E-4,1.5576681E-3],"categories":[],"categories_nodes":[],"categories_segments":[],"categories_sizes":[],"default_left":[0,0,0,0,0,0,0,0,0,0,0,0,0,0,0],"id":70,"left_children":[1,3,5,-1,-1,7,-1,9,11,-1,-1,13,-1,-1,-1],"loss_changes":[2.0669283E-1,5.0755143E-3,9.6532404E-2,0E0,0E0,5.777388E-3,0E0,1.8389313E-5,1.2665051E-3,0E0,0E0,6.830145E-6,0E0,0E0,0E0],"parents":[2147483647,0,0,1,1,2,2,5,5,7,7,8,8,11,11],"right_children":[2,4,6,-1,-1,8,-1,10,12,-1,-1,14,-1,-1,-1],"split_conditions":[2.958662E-1,1.0398697E-1,1E0,-2.7716747E-2,-6.640184E-3,5.0172174E-1,2.6922418E-2,4.0443596E-1,8.096315E-1,-2.823782E-3,-7.2851183E-4,6.0024816E-1,5.388451E-3,4.1093826E-4,1.5576681E-3],"split_indices":[0,0,0,0,0,0,0,0,0,0,0,0,0,0,0],"split_type":[0,0,0,0,0,0,0,0,0,0,0,0,0,0,0],"sum_hessian":[9E0,2E0,7E0,1E0,1E0,6E0,1E0,2E0,4E0,1E0,1E0,3E0,1E0,1E0,2E0],"tree_param":{"num_deleted":"0","num_feature":"2","num_nodes":"15","size_leaf_vector":"1"}},{"base_weights":[-5.494803E-3,-2.175939E-1,7.4729204E-2,-2.6330909E-2,-6.308174E-3,1.2329919E-2,2.557621E-2,-2.2497812E-2,3.0760575E-2,-2.6825906E-3,-6.9208146E-4,1.2856007E-2,5.1189424E-3,3.9043426E-4,1.4538447E-3],"categories":[],"categories_nodes":[],"categories_segments":[],"categories_sizes":[],"default_left":[0,0,0,0,0,0,0,0,0,0,0,0,0,0,0],"id":71,"left_children":[1,3,5,-1,-1,7,-1,9,11,-1,-1,13,-1,-1,-1],"loss_changes":[1.8641502E-1,4.5806468E-3,8.721705E-2,0E0,0E0,5.185331E-3,0E0,1.6598962E-5,1.1707572E-3,0E0,0E0,3.4794211E-6,0E0,0E0,0E0],"parents":[2147483647,0,0,1,1,2,2,5,5,7,7,8,8,11,11],"right_children":[2,4,6,-1,-1,8,-1,10,12,-1,-1,14,-1,-1,-1],"split_conditions":[2.958662E-1,1.0398697E-1,1E0,-2.6330909E-2,-6.308174E-3,5.0172174E-1,2.557621E-2,4.0443596E-1,8.096315E-1,-2.6825906E-3,-6.9208146E-4,6.0024816E-1,5.1189424E-3,3.9043426E-4,1.4538447E-3],"split_indices":[0,0,0,0,0,0,0,0,0,0,0,0,0,0,0],"split_type":[0,0,0,0,0,0,0,0,0,0,0,0,0,0,0],"sum_hessian":[9E0,2E0,7E0,1E0,1E0,6E0,1E0,2E0,4E0,1E0,1E0,3E0,1E0,1E0,2E0],"tree_param":{"num_deleted":"0","num_feature":"2","num_nodes":"15","size_leaf_vector":"1"}},{"base_weights":[-5.2928687E-3,-2.0671423E-1,7.090175E-2,-2.5014365E-2,-5.99277E-3,1.1609622E-2,2.4297332E-2,-2.1372795E-2,2.9077148E-2,-2.5484562E-3,-6.574631E-4,1.2031555E-3,4.8629763E-3],"categories":[],"categories_nodes":[],"categories_segments":[],"categories_sizes":[],"default_left":[0,0,0,0,0,0,0,0,0,0,0,0,0],"id":72,"left_children":[1,3,5,-1,-1,7,-1,9,11,-1,-1,-1,-1],"loss_changes":[1.6812864E-1,4.134029E-3,7.879909E-2,0E0,0E0,4.6543083E-3,0E0,1.498824E-5,1.0813382E-3,0E0,0E0,0E0,0E0],"parents":[2147483647,0,0,1,1,2,2,5,5,7,7,8,8],"right_children":[2,4,6,-1,-1,8,-1,10,12,-1,-1,-1,-1],"split_conditions":[2.958662E-1,1.0398697E-1,1E0,-2.5014365E-2,-5.99277E-3,5.0172174E-1,2.4297332E-2,4.0443596E-1,8.096315E-1,-2.5484562E-3,-6.574631E-4,1.2031555E-3,4.8629763E-3],"split_indices":[0,0,0,0,0,0,0,0,0,0,0,0,0],"split_type":[0,0,0,0,0,0,0,0,0,0,0,0,0],"sum_hessian":[9E0,2E0,7E0,1E0,1E0,6E0,1E0,2E0,4E0,1E0,1E0,3E0,1E0],"tree_param":{"num_deleted":"0","num_feature":"2","num_nodes":"13","size_leaf_vector":"1"}},{"base_weights":[-5.1483423E-3,-1.9637848E-1,6.72065E-2,-2.3763647E-2,-5.693126E-3,1.0857309E-2,2.3082543E-2,-1.3674498E-2,3.267479E-2,-2.0304045E-2,3.107071E-4,1.2767792E-3,4.6197893E-3,-2.4210454E-3,-6.2456133E-4],"categories":[],"categories_nodes":[],"categories_segments":[],"categories_sizes":[],"default_left":[0,0,0,0,0,0,0,0,0,0,0,0,0,0,0],"id":73,"left_children":[1,3,5,-1,-1,7,-1,9,11,13,-1,-1,-1,-1,-1],"loss_changes":[1.5156218E-1,3.73099E-3,7.125221E-2,0E0,0E0,4.193367E-3,0E0,5.0810294E-4,4.8697228E-4,1.3544806E-5,0E0,0E0,0E0,0E0,0E0],"parents":[2147483647,0,0,1,1,2,2,5,5,7,7,8,8,9,9],"right_children":[2,4,6,-1,-1,8,-1,10,12,14,-1,-1,-1,-1,-1],"split_conditions":[2.958662E-1,1.0398697E-1,1E0,-2.3763647E-2,-5.693126E-3,6.0024816E-1,2.3082543E-2,5.0172174E-1,8.096315E-1,4.0443596E-1,3.107071E-4,1.2767792E-3,4.6197893E-3,-2.4210454E-3,-6.2456133E-4],"split_indices":[0,0,0,0,0,0,0,0,0,0,0,0,0,0,0],"split_type":[0,0,0,0,0,0,0,0,0,0,0,0,0,0,0],"sum_hessian":[9E0,2E0,7E0,1E0,1E0,6E0,1E0,3E0,3E0,2E0,1E0,2E0,1E0,1E0,1E0],"tree_param":{"num_deleted":"0","num_feature":"2","num_nodes":"15","size_leaf_vector":"1"}},{"base_weights":[-4.9548657E-3,-1.8655953E-1,6.376624E-2,-2.2575464E-2,-5.408466E-3,1.0223116E-2,2.1928405E-2,-1.2990952E-2,3.0881405E-2,-1.9289017E-2,2.951622E-4,1.1916478E-3,4.388809E-3,-2.2999763E-3,-5.933762E-4],"categories":[],"categories_nodes":[],"categories_segments":[],"categories_sizes":[],"default_left":[0,0,0,0,0,0,0,0,0,0,0,0,0,0,0],"id":74,"left_children":[1,3,5,-1,-1,7,-1,9,11,13,-1,-1,-1,-1,-1],"loss_changes":[1.3669692E-1,3.3672452E-3,6.437352E-2,0E0,0E0,3.7581194E-3,0E0,4.5856333E-4,4.63692E-4,1.2198812E-5,0E0,0E0,0E0,0E0,0E0],"parents":[2147483647,0,0,1,1,2,2,5,5,7,7,8,8,9,9],"right_children":[2,4,6,-1,-1,8,-1,10,12,14,-1,-1,-1,-1,-1],"split_conditions":[2.958662E-1,1.0398697E-1,1E0,-2.2575464E-2,-5.408466E-3,6.0024816E-1,2.1928405E-2,5.0172174E-1,8.096315E-1,4.0443596E-1,2.951622E-4,1.1916478E-3,4.388809E-3,-2.2999763E-3,-5.933762E-4],"split_indices":[0,0,0,0,0,0,0,0,0,0,0,0,0,0,0],"split_type":[0,0,0,0,0,0,0,0,0,0,0,0,0,0,0],"sum_hessian":[9E0,2E0,7E0,1E0,1E0,6E0,1E0,3E0,3E0,2E0,1E0,2E0,1E0,1E0,1E0],"tree_param":{"num_deleted":"0","num_feature":"2","num_nodes":"15","size_leaf_vector":"1"}},{"base_weights":[-4.766673E-3,-1.7723154E-1,6.0503483E-2,-2.144669E-2,-5.1380396E-3,9.626661E-3,2.0832062E-2,-1.2341499E-2,2.9188156E-2,-1.8324533E-2,2.8038025E-4,1.1122386E-3,4.1692737E-3,-2.1849633E-3,-5.637169E-4],"categories":[],"categories_nodes":[],"categories_segments":[],"categories_sizes":[],"default_left":[0,0,0,0,0,0,0,0,0,0,0,0,0,0,0],"id":75,"left_children":[1,3,5,-1,-1,7,-1,9,11,13,-1,-1,-1,-1,-1],"loss_changes":[1.232912E-1,3.0389503E-3,5.8158293E-2,0E0,0E0,3.3683362E-3,0E0,4.1383778E-4,4.3989648E-4,1.10025285E-5,0E0,0E0,0E0,0E0,0E0],"parents":[2147483647,0,0,1,1,2,2,5,5,7,7,8,8,9,9],"right_children":[2,4,6,-1,-1,8,-1,10,12,14,-1,-1,-1,-1,-1],"split_conditions":[2.958662E-1,1.0398697E-1,1E0,-2.144669E-2,-5.1380396E-3,6.0024816E-1,2.0832062E-2,5.0172174E-1,8.096315E-1,4.0443596E-1,2.8038025E-4,1.1122386E-3,4.1692737E-3,-2.1849633E-3,-5.637169E-4],"split_indices":[0,0,0,0,0,0,0,0,0,0,0,0,0,0,0],"split_type":[0,0,0,0,0,0,0,0,0,0,0,0,0,0,0],"sum_hessian":[9E0,2E0,7E0,1E0,1E0,6E0,1E0,3E0,3E0,2E0,1E0,2E0,1E0,1E0,1E0],"tree_param":{"num_deleted":"0","num_feature":"2","num_nodes":"15","size_leaf_vector":"1"}},{"base_weights":[-4.584044E-3,-1.6837E-1,5.740869E-2,-2.0374356E-2,-4.8811436E-3,9.065764E-3,1.979046E-2,-1.1724234E-2,2.7589321E-2,-1.7408052E-2,2.6636125E-4,1.0380427E-3,3.9608004E-3,-2.0757199E-3,-5.354881E-4],"categories":[],"categories_nodes":[],"categories_segments":[],"categories_sizes":[],"default_left":[0,0,0,0,0,0,0,0,0,0,0,0,0,0,0],"id":76,"left_children":[1,3,5,-1,-1,7,-1,9,11,13,-1,-1,-1,-1,-1],"loss_changes":[1.1120129E-1,2.7426183E-3,5.254171E-2,0E0,0E0,3.0191964E-3,0E0,3.7348003E-4,4.1616475E-4,9.9511235E-6,0E0,0E0,0E0,0E0,0E0],"parents":[2147483647,0,0,1,1,2,2,5,5,7,7,8,8,9,9],"right_children":[2,4,6,-1,-1,8,-1,10,12,14,-1,-1,-1,-1,-1],"split_conditions":[2.958662E-1,1.0398697E-1,1E0,-2.0374356E-2,-4.8811436E-3,6.0024816E-1,1.979046E-2,5.0172174E-1,8.096315E-1,4.0443596E-1,2.6636125E-4,1.0380427E-3,3.9608004E-3,-2.0757199E-3,-5.354881E-4],"split_indices":[0,0,0,0,0,0,0,0,0,0,0,0,0,0,0],"split_type":[0,0,0,0,0,0,0,0,0,0,0,0,0,0,0],"sum_hessian":[9E0,2E0,7E0,1E0,1E0,6E0,1E0,3E0,3E0,2E0,1E0,2E0,1E0,1E0,1E0],"tree_param":{"num_deleted":"0","num_feature":"2","num_nodes":"15","size_leaf_vector":"1"}},{"base_weights":[-4.4065355E-3,-1.599515E-1,5.447364E-2,-1.9355638E-2,-4.6370863E-3,8.538655E-3,1.8800927E-2,-1.1137962E-2,2.6080608E-2,-1.6537348E-2,2.530098E-4,9.688695E-4,3.7628175E-3,-1.9719123E-3,-5.086899E-4],"categories":[],"categories_nodes":[],"categories_segments":[],"categories_sizes":[],"default_left":[0,0,0,0,0,0,0,0,0,0,0,0,0,0,0],"id":77,"left_children":[1,3,5,-1,-1,7,-1,9,11,13,-1,-1,-1,-1,-1],"loss_changes":[1.0029828E-1,2.4752095E-3,4.7466308E-2,0E0,0E0,2.706649E-3,0E0,3.370376E-4,3.9257878E-4,8.9891255E-6,0E0,0E0,0E0,0E0,0E0],"parents":[2147483647,0,0,1,1,2,2,5,5,7,7,8,8,9,9],"right_children":[2,4,6,-1,-1,8,-1,10,12,14,-1,-1,-1,-1,-1],"split_conditions":[2.958662E-1,1.0398697E-1,1E0,-1.9355638E-2,-4.6370863E-3,6.0024816E-1,1.8800927E-2,5.0172174E-1,8.096315E-1,4.0443596E-1,2.530098E-4,9.688695E-4,3.7628175E-3,-1.9719123E-3,-5.086899E-4],"split_indices":[0,0,0,0,0,0,0,0,0,0,0,0,0,0,0],"split_type":[0,0,0,0,0,0,0,0,0,0,0,0,0,0,0],"sum_hessian":[9E0,2E0,7E0,1E0,1E0,6E0,1E0,3E0,3E0,2E0,1E0,2E0,1E0,1E0,1E0],"tree_param":{"num_deleted":"0","num_feature":"2","num_nodes":"15","size_leaf_vector":"1"}},{"base_weights":[-4.2346744E-3,-1.5195395E-1,5.1689386E-2,-1.8387856E-2,-4.4052363E-3,8.042744E-3,1.7860794E-2,-1.5710196E-2,2.068596E-2,-1.8733025E-3,-4.832268E-4,7.983685E-3,3.574753E-3,2.4032593E-4,9.04274E-4],"categories":[],"categories_nodes":[],"categories_segments":[],"categories_sizes":[],"default_left":[0,0,0,0,0,0,0,0,0,0,0,0,0,0,0],"id":78,"left_children":[1,3,5,-1,-1,7,-1,9,11,-1,-1,13,-1,-1,-1],"loss_changes":[9.046502E-2,2.2338629E-3,4.2880055E-2,0E0,0E0,2.4271752E-3,0E0,8.123345E-6,6.711837E-4,0E0,0E0,1.9078434E-6,0E0,0E0,0E0],"parents":[2147483647,0,0,1,1,2,2,5,5,7,7,8,8,11,11],"right_children":[2,4,6,-1,-1,8,-1,10,12,-1,-1,14,-1,-1,-1],"split_conditions":[2.958662E-1,1.0398697E-1,1E0,-1.8387856E-2,-4.4052363E-3,5.0172174E-1,1.7860794E-2,4.0443596E-1,8.096315E-1,-1.8733025E-3,-4.832268E-4,6.0024816E-1,3.574753E-3,2.4032593E-4,9.04274E-4],"split_indices":[0,0,0,0,0,0,0,0,0,0,0,0,0,0,0],"split_type":[0,0,0,0,0,0,0,0,0,0,0,0,0,0,0],"sum_hessian":[9E0,2E0,7E0,1E0,1E0,6E0,1E0,2E0,4E0,1E0,1E0,3E0,1E0,1E0,2E0],"tree_param":{"num_deleted":"0","num_feature":"2","num_nodes":"15","size_leaf_vector":"1"}},{"base_weights":[-4.0681334E-3,-1.4435624E-1,4.9048424E-2,-1.7468464E-2,-4.1849734E-3,7.575989E-3,1.6967773E-2,-1.4925003E-2,1.9561386E-2,-1.7796516E-3,-4.590988E-4,7.4715615E-4,3.3960342E-3],"categories":[],"categories_nodes":[],"categories_segments":[],"categories_sizes":[],"default_left":[0,0,0,0,0,0,0,0,0,0,0,0,0],"id":79,"left_children":[1,3,5,-1,-1,7,-1,9,11,-1,-1,-1,-1],"loss_changes":[8.159666E-2,2.01606E-3,3.8736854E-2,0E0,0E0,2.179737E-3,0E0,7.3191477E-6,6.1666756E-4,0E0,0E0,0E0,0E0],"parents":[2147483647,0,0,1,1,2,2,5,5,7,7,8,8],"right_children":[2,4,6,-1,-1,8,-1,10,12,-1,-1,-1,-1],"split_conditions":[2.958662E-1,1.0398697E-1,1E0,-1.7468464E-2,-4.1849734E-3,5.0172174E-1,1.6967773E-2,4.0443596E-1,8.096315E-1,-1.7796516E-3,-4.590988E-4,7.4715615E-4,3.3960342E-3],"split_indices":[0,0,0,0,0,0,0,0,0,0,0,0,0],"split_type":[0,0,0,0,0,0,0,0,0,0,0,0,0],"sum_hessian":[9E0,2E0,7E0,1E0,1E0,6E0,1E0,2E0,4E0,1E0,1E0,3E0,1E0],"tree_param":{"num_deleted":"0","num_feature":"2","num_nodes":"13","size_leaf_vector":"1"}},{"base_weights":[-3.9394586E-3,-1.3713844E-1,4.650259E-2,-1.6595041E-2,-3.9757253E-3,7.090432E-3,1.6119385E-2,-6.101227E-3,2.6713053E-2,-1.4178594E-2,4.0098824E-4,7.8067783E-4,3.2262802E-3,-1.6906739E-3,-4.3611528E-4],"categories":[],"categories_nodes":[],"categories_segments":[],"categories_sizes":[],"default_left":[0,0,0,0,0,0,0,0,0,0,0,0,0,0,0],"id":80,"left_children":[1,3,5,-1,-1,7,-1,9,11,13,-1,-1,-1,-1,-1],"loss_changes":[7.356559E-2,1.8194988E-3,3.5018906E-2,0E0,0E0,1.9749668E-3,0E0,4.6521015E-4,6.290665E-5,6.617338E-6,0E0,0E0,0E0,0E0,0E0],"parents":[2147483647,0,0,1,1,2,2,5,5,7,7,8,8,9,9],"right_children":[2,4,6,-1,-1,8,-1,10,12,14,-1,-1,-1,-1,-1],"split_conditions":[2.958662E-1,1.0398697E-1,1E0,-1.6595041E-2,-3.9757253E-3,6.998464E-1,1.6119385E-2,5.0172174E-1,8.096315E-1,4.0443596E-1,4.0098824E-4,7.8067783E-4,3.2262802E-3,-1.6906739E-3,-4.3611528E-4],"split_indices":[0,0,0,0,0,0,0,0,0,0,0,0,0,0,0],"split_type":[0,0,0,0,0,0,0,0,0,0,0,0,0,0,0],"sum_hessian":[9E0,2E0,7E0,1E0,1E0,6E0,1E0,4E0,2E0,2E0,2E0,1E0,1E0,1E0,1E0],"tree_param":{"num_deleted":"0","num_feature":"2","num_nodes":"15","size_leaf_vector":"1"}},{"base_weights":[-3.7627518E-3,-1.3028155E-1,4.415214E-2,-1.5765289E-2,-3.7769438E-3,6.7071915E-3,1.5313339E-2,-9.247541E-3,2.0985126E-2,-1.3469378E-2,1.7089843E-4,7.547379E-4,3.0649186E-3,-1.6061306E-3,-4.1427612E-4],"categories":[],"categories_nodes":[],"categories_segments":[],"categories_sizes":[],"default_left":[0,0,0,0,0,0,0,0,0,0,0,0,0,0,0],"id":81,"left_children":[1,3,5,-1,-1,7,-1,9,11,13,-1,-1,-1,-1,-1],"loss_changes":[6.637356E-2,1.6420819E-3,3.1619288E-2,0E0,0E0,1.7886653E-3,0E0,2.0804559E-4,2.8813188E-4,5.983631E-6,0E0,0E0,0E0,0E0,0E0],"parents":[2147483647,0,0,1,1,2,2,5,5,7,7,8,8,9,9],"right_children":[2,4,6,-1,-1,8,-1,10,12,14,-1,-1,-1,-1,-1],"split_conditions":[2.958662E-1,1.0398697E-1,1E0,-1.5765289E-2,-3.7769438E-3,6.0024816E-1,1.5313339E-2,5.0172174E-1,8.096315E-1,4.0443596E-1,1.7089843E-4,7.547379E-4,3.0649186E-3,-1.6061306E-3,-4.1427612E-4],"split_indices":[0,0,0,0,0,0,0,0,0,0,0,0,0,0,0],"split_type":[0,0,0,0,0,0,0,0,0,0,0,0,0,0,0],"sum_hessian":[9E0,2E0,7E0,1E0,1E0,6E0,1E0,3E0,3E0,2E0,1E0,2E0,1E0,1E0,1E0],"tree_param":{"num_deleted":"0","num_feature":"2","num_nodes":"15","size_leaf_vector":"1"}},{"base_weights":[-3.6123008E-3,-1.2376744E-1,4.1897416E-2,-1.4977025E-2,-3.5880923E-3,6.31782E-3,1.454773E-2,-5.6173326E-3,2.41038E-2,-1.2796084E-2,3.4338635E-4,7.0381165E-4,2.9117584E-3,-1.5258313E-3,-3.935814E-4],"categories":[],"categories_nodes":[],"categories_segments":[],"categories_sizes":[],"default_left":[0,0,0,0,0,0,0,0,0,0,0,0,0,0,0],"id":82,"left_children":[1,3,5,-1,-1,7,-1,9,11,13,-1,-1,-1,-1,-1],"loss_changes":[5.9867803E-2,1.4819913E-3,2.856354E-2,0E0,0E0,1.6213476E-3,0E0,3.688214E-4,5.175802E-5,5.394162E-6,0E0,0E0,0E0,0E0,0E0],"parents":[2147483647,0,0,1,1,2,2,5,5,7,7,8,8,9,9],"right_children":[2,4,6,-1,-1,8,-1,10,12,14,-1,-1,-1,-1,-1],"split_conditions":[2.958662E-1,1.0398697E-1,1E0,-1.4977025E-2,-3.5880923E-3,6.998464E-1,1.454773E-2,5.0172174E-1,8.096315E-1,4.0443596E-1,3.4338635E-4,7.0381165E-4,2.9117584E-3,-1.5258313E-3,-3.935814E-4],"split_indices":[0,0,0,0,0,0,0,0,0,0,0,0,0,0,0],"split_type":[0,0,0,0,0,0,0,0,0,0,0,0,0,0,0],"sum_hessian":[9E0,2E0,7E0,1E0,1E0,6E0,1E0,4E0,2E0,2E0,2E0,1E0,1E0,1E0,1E0],"tree_param":{"num_deleted":"0","num_feature":"2","num_nodes":"15","size_leaf_vector":"1"}},{"base_weights":[-3.449121E-3,-1.17579035E-1,3.9780736E-2,-1.4228173E-2,-3.4086823E-3,5.9772218E-3,1.3820267E-2,-5.370903E-3,2.2898355E-2,-1.21564865E-2,3.2049816E-4,6.685257E-4,2.7662278E-3,-1.4495373E-3,-3.739357E-4],"categories":[],"categories_nodes":[],"categories_segments":[],"categories_sizes":[],"default_left":[0,0,0,0,0,0,0,0,0,0,0,0,0,0,0],"id":83,"left_children":[1,3,5,-1,-1,7,-1,9,11,13,-1,-1,-1,-1,-1],"loss_changes":[5.401558E-2,1.337517E-3,2.5789987E-2,0E0,0E0,1.4671469E-3,0E0,3.2992323E-4,4.678429E-5,4.856731E-6,0E0,0E0,0E0,0E0,0E0],"parents":[2147483647,0,0,1,1,2,2,5,5,7,7,8,8,9,9],"right_children":[2,4,6,-1,-1,8,-1,10,12,14,-1,-1,-1,-1,-1],"split_conditions":[2.958662E-1,1.0398697E-1,1E0,-1.4228173E-2,-3.4086823E-3,6.998464E-1,1.3820267E-2,5.0172174E-1,8.096315E-1,4.0443596E-1,3.2049816E-4,6.685257E-4,2.7662278E-3,-1.4495373E-3,-3.739357E-4],"split_indices":[0,0,0,0,0,0,0,0,0,0,0,0,0,0,0],"split_type":[0,0,0,0,0,0,0,0,0,0,0,0,0,0,0],"sum_hessian":[9E0,2E0,7E0,1E0,1E0,6E0,1E0,4E0,2E0,2E0,2E0,1E0,1E0,1E0,1E0],"tree_param":{"num_deleted":"0","num_feature":"2","num_nodes":"15","size_leaf_vector":"1"}},{"base_weights":[-3.2925694E-3,-1.1170009E-1,3.777182E-2,-1.3516764E-2,-3.2382489E-3,5.6556975E-3,1.3129234E-2,-5.1343916E-3,2.1753946E-2,-1.1548678E-2,2.9913586E-4,6.351471E-4,2.627945E-3,-1.3770581E-3,-3.5524368E-4],"categories":[],"categories_nodes":[],"categories_segments":[],"categories_sizes":[],"default_left":[0,0,0,0,0,0,0,0,0,0,0,0,0,0,0],"id":84,"left_children":[1,3,5,-1,-1,7,-1,9,11,13,-1,-1,-1,-1,-1],"loss_changes":[4.8736002E-2,1.2071058E-3,2.3285585E-2,0E0,0E0,1.327604E-3,0E0,2.9515068E-4,4.219869E-5,4.3815235E-6,0E0,0E0,0E0,0E0,0E0],"parents":[2147483647,0,0,1,1,2,2,5,5,7,7,8,8,9,9],"right_children":[2,4,6,-1,-1,8,-1,10,12,14,-1,-1,-1,-1,-1],"split_conditions":[2.958662E-1,1.0398697E-1,1E0,-1.3516764E-2,-3.2382489E-3,6.998464E-1,1.3129234E-2,5.0172174E-1,8.096315E-1,4.0443596E-1,2.9913586E-4,6.351471E-4,2.627945E-3,-1.3770581E-3,-3.5524368E-4],"split_indices":[0,0,0,0,0,0,0,0,0,0,0,0,0,0,0],"split_type":[0,0,0,0,0,0,0,0,0,0,0,0,0,0,0],"sum_hessian":[9E0,2E0,7E0,1E0,1E0,6E0,1E0,4E0,2E0,2E0,2E0,1E0,1E0,1E0,1E0],"tree_param":{"num_deleted":"0","num_feature":"2","num_nodes":"15","size_leaf_vector":"1"}},{"base_weights":[-3.1433343E-3,-1.061151E-1,3.5863996E-2,-1.2840927E-2,-3.076339E-3,5.3510666E-3,1.24727255E-2,-4.907799E-3,2.0665487E-2,-1.0971387E-2,2.7917227E-4,6.032944E-4,2.4965287E-3,-1.3082027E-3,-3.3750533E-4],"categories":[],"categories_nodes":[],"categories_segments":[],"categories_sizes":[],"default_left":[0,0,0,0,0,0,0,0,0,0,0,0,0,0,0],"id":85,"left_children":[1,3,5,-1,-1,7,-1,9,11,13,-1,-1,-1,-1,-1],"loss_changes":[4.397225E-2,1.0894053E-3,2.1024402E-2,0E0,0E0,1.2011821E-3,0E0,2.6406272E-4,3.8136845E-5,3.9468578E-6,0E0,0E0,0E0,0E0,0E0],"parents":[2147483647,0,0,1,1,2,2,5,5,7,7,8,8,9,9],"right_children":[2,4,6,-1,-1,8,-1,10,12,14,-1,-1,-1,-1,-1],"split_conditions":[2.958662E-1,1.0398697E-1,1E0,-1.2840927E-2,-3.076339E-3,6.998464E-1,1.24727255E-2,5.0172174E-1,8.096315E-1,4.0443596E-1,2.7917227E-4,6.032944E-4,2.4965287E-3,-1.3082027E-3,-3.3750533E-4],"split_indices":[0,0,0,0,0,0,0,0,0,0,0,0,0,0,0],"split_type":[0,0,0,0,0,0,0,0,0,0,0,0,0,0,0],"sum_hessian":[9E0,2E0,7E0,1E0,1E0,6E0,1E0,4E0,2E0,2E0,2E0,1E0,1E0,1E0,1E0],"tree_param":{"num_deleted":"0","num_feature":"2","num_nodes":"15","size_leaf_vector":"1"}},{"base_weights":[-2.99986E-3,-1.0080936E-1,3.4053683E-2,-1.219888E-2,-2.922523E-3,5.064147E-3,1.18490225E-2,-4.6899794E-3,1.9632975E-2,-1.0422707E-2,2.6060743E-4,5.7315826E-4,2.371788E-3,-1.2427807E-3,-3.2062532E-4],"categories":[],"categories_nodes":[],"categories_segments":[],"categories_sizes":[],"default_left":[0,0,0,0,0,0,0,0,0,0,0,0,0,0,0],"id":86,"left_children":[1,3,5,-1,-1,7,-1,9,11,13,-1,-1,-1,-1,-1],"loss_changes":[3.9674815E-2,9.831842E-4,1.8982157E-2,0E0,0E0,1.0868217E-3,0E0,2.3629375E-4,3.4416676E-5,3.5624544E-6,0E0,0E0,0E0,0E0,0E0],"parents":[2147483647,0,0,1,1,2,2,5,5,7,7,8,8,9,9],"right_children":[2,4,6,-1,-1,8,-1,10,12,14,-1,-1,-1,-1,-1],"split_conditions":[2.958662E-1,1.0398697E-1,1E0,-1.219888E-2,-2.922523E-3,6.998464E-1,1.18490225E-2,5.0172174E-1,8.096315E-1,4.0443596E-1,2.6060743E-4,5.7315826E-4,2.371788E-3,-1.2427807E-3,-3.2062532E-4],"split_indices":[0,0,0,0,0,0,0,0,0,0,0,0,0,0,0],"split_type":[0,0,0,0,0,0,0,0,0,0,0,0,0,0,0],"sum_hessian":[9E0,2E0,7E0,1E0,1E0,6E0,1E0,4E0,2E0,2E0,2E0,1E0,1E0,1E0,1E0],"tree_param":{"num_deleted":"0","num_feature":"2","num_nodes":"15","size_leaf_vector":"1"}},{"base_weights":[-2.8630123E-3,-9.5768884E-2,3.2334566E-2,-1.1588937E-2,-2.7763962E-3,4.792077E-3,1.12566E-2,-4.481888E-3,1.8651327E-2,-9.901683E-3,2.4318695E-4,5.4454803E-4,2.253151E-3,-1.1806488E-3,-3.0460357E-4],"categories":[],"categories_nodes":[],"categories_segments":[],"categories_sizes":[],"default_left":[0,0,0,0,0,0,0,0,0,0,0,0,0,0,0],"id":87,"left_children":[1,3,5,-1,-1,7,-1,9,11,13,-1,-1,-1,-1,-1],"loss_changes":[3.5797264E-2,8.8732876E-4,1.713876E-2,0E0,0E0,9.833046E-4,0E0,2.1143531E-4,3.102841E-5,3.2130338E-6,0E0,0E0,0E0,0E0,0E0],"parents":[2147483647,0,0,1,1,2,2,5,5,7,7,8,8,9,9],"right_children":[2,4,6,-1,-1,8,-1,10,12,14,-1,-1,-1,-1,-1],"split_conditions":[2.958662E-1,1.0398697E-1,1E0,-1.1588937E-2,-2.7763962E-3,6.998464E-1,1.12566E-2,5.0172174E-1,8.096315E-1,4.0443596E-1,2.4318695E-4,5.4454803E-4,2.253151E-3,-1.1806488E-3,-3.0460357E-4],"split_indices":[0,0,0,0,0,0,0,0,0,0,0,0,0,0,0],"split_type":[0,0,0,0,0,0,0,0,0,0,0,0,0,0,0],"sum_hessian":[9E0,2E0,7E0,1E0,1E0,6E0,1E0,4E0,2E0,2E0,2E0,1E0,1E0,1E0,1E0],"tree_param":{"num_deleted":"0","num_feature":"2","num_nodes":"15","size_leaf_vector":"1"}},{"base_weights":[-2.7322515E-3,-9.098045E-2,3.0702353E-2,-1.100949E-2,-2.637577E-3,4.534858E-3,1.0693741E-2,-4.2819977E-3,1.7717997E-2,-9.406407E-3,2.2697449E-4,5.17273E-4,2.1404268E-3,-1.1216163E-3,-2.8934478E-4],"categories":[],"categories_nodes":[],"categories_segments":[],"categories_sizes":[],"default_left":[0,0,0,0,0,0,0,0,0,0,0,0,0,0,0],"id":88,"left_children":[1,3,5,-1,-1,7,-1,9,11,13,-1,-1,-1,-1,-1],"loss_changes":[3.2298747E-2,8.008126E-4,1.5474098E-2,0E0,0E0,8.8950526E-4,0E0,1.8921921E-4,2.801721E-5,2.9072107E-6,0E0,0E0,0E0,0E0,0E0],"parents":[2147483647,0,0,1,1,2,2,5,5,7,7,8,8,9,9],"right_children":[2,4,6,-1,-1,8,-1,10,12,14,-1,-1,-1,-1,-1],"split_conditions":[2.958662E-1,1.0398697E-1,1E0,-1.100949E-2,-2.637577E-3,6.998464E-1,1.0693741E-2,5.0172174E-1,8.096315E-1,4.0443596E-1,2.2697449E-4,5.17273E-4,2.1404268E-3,-1.1216163E-3,-2.8934478E-4],"split_indices":[0,0,0,0,0,0,0,0,0,0,0,0,0,0,0],"split_type":[0,0,0,0,0,0,0,0,0,0,0,0,0,0,0],"sum_hessian":[9E0,2E0,7E0,1E0,1E0,6E0,1E0,4E0,2E0,2E0,2E0,1E0,1E0,1E0,1E0],"tree_param":{"num_deleted":"0","num_feature":"2","num_nodes":"15","size_leaf_vector":"1"}},{"base_weights":[-2.6069358E-3,-8.643141E-2,2.9153109E-2,-1.0459016E-2,-2.505696E-3,4.291807E-3,1.0159112E-2,-6.383896E-3,1.3894558E-2,-8.935928E-3,6.361008E-5,4.969915E-4,2.0334243E-3,-1.0655404E-3,-2.7484895E-4],"categories":[],"categories_nodes":[],"categories_segments":[],"categories_sizes":[],"default_left":[0,0,0,0,0,0,0,0,0,0,0,0,0,0,0],"id":89,"left_children":[1,3,5,-1,-1,7,-1,9,11,13,-1,-1,-1,-1,-1],"loss_changes":[2.9142436E-2,7.22738E-4,1.3971215E-2,0E0,0E0,8.0631423E-4,0E0,7.734519E-5,1.288281E-4,2.6311754E-6,0E0,0E0,0E0,0E0,0E0],"parents":[2147483647,0,0,1,1,2,2,5,5,7,7,8,8,9,9],"right_children":[2,4,6,-1,-1,8,-1,10,12,14,-1,-1,-1,-1,-1],"split_conditions":[2.958662E-1,1.0398697E-1,1E0,-1.0459016E-2,-2.505696E-3,6.0024816E-1,1.0159112E-2,5.0172174E-1,8.096315E-1,4.0443596E-1,6.361008E-5,4.969915E-4,2.0334243E-3,-1.0655404E-3,-2.7484895E-4],"split_indices":[0,0,0,0,0,0,0,0,0,0,0,0,0,0,0],"split_type":[0,0,0,0,0,0,0,0,0,0,0,0,0,0,0],"sum_hessian":[9E0,2E0,7E0,1E0,1E0,6E0,1E0,3E0,3E0,2E0,1E0,2E0,1E0,1E0,1E0],"tree_param":{"num_deleted":"0","num_feature":"2","num_nodes":"15","size_leaf_vector":"1"}},{"base_weights":[-2.501309E-3,-8.210981E-2,2.7664542E-2,-9.9360645E-3,-2.380407E-3,4.041808E-3,9.651184E-3,-3.9346693E-3,1.5988668E-2,-8.489291E-3,1.9315085E-4,4.665375E-4,1.9317627E-3,-1.0122777E-3,-2.6111605E-4],"categories":[],"categories_nodes":[],"categories_segments":[],"categories_sizes":[],"default_left":[0,0,0,0,0,0,0,0,0,0,0,0,0,0,0],"id":90,"left_children":[1,3,5,-1,-1,7,-1,9,11,13,-1,-1,-1,-1,-1],"loss_changes":[2.6286112E-2,6.522797E-4,1.2620809E-2,0E0,0E0,7.299671E-4,0E0,1.4998825E-4,2.2960361E-5,2.3733155E-6,0E0,0E0,0E0,0E0,0E0],"parents":[2147483647,0,0,1,1,2,2,5,5,7,7,8,8,9,9],"right_children":[2,4,6,-1,-1,8,-1,10,12,14,-1,-1,-1,-1,-1],"split_conditions":[2.958662E-1,1.0398697E-1,1E0,-9.9360645E-3,-2.380407E-3,6.998464E-1,9.651184E-3,5.0172174E-1,8.096315E-1,4.0443596E-1,1.9315085E-4,4.665375E-4,1.9317627E-3,-1.0122777E-3,-2.6111605E-4],"split_indices":[0,0,0,0,0,0,0,0,0,0,0,0,0,0,0],"split_type":[0,0,0,0,0,0,0,0,0,0,0,0,0,0,0],"sum_hessian":[9E0,2E0,7E0,1E0,1E0,6E0,1E0,4E0,2E0,2E0,2E0,1E0,1E0,1E0,1E0],"tree_param":{"num_deleted":"0","num_feature":"2","num_nodes":"15","size_leaf_vector":"1"}},{"base_weights":[-2.3855597E-3,-7.800433E-2,2.6269674E-2,-9.439262E-3,-2.2613883E-3,3.8264138E-3,9.168625E-3,-3.7570954E-3,1.51901245E-2,-8.064906E-3,1.8030802E-4,4.4326784E-4,1.8352509E-3,-9.616852E-4,-2.480507E-4],"categories":[],"categories_nodes":[],"categories_segments":[],"categories_sizes":[],"default_left":[0,0,0,0,0,0,0,0,0,0,0,0,0,0,0],"id":91,"left_children":[1,3,5,-1,-1,7,-1,9,11,13,-1,-1,-1,-1,-1],"loss_changes":[2.3717884E-2,5.886778E-4,1.139446E-2,0E0,0E0,6.6030835E-4,0E0,1.343026E-4,2.0706735E-5,2.1453743E-6,0E0,0E0,0E0,0E0,0E0],"parents":[2147483647,0,0,1,1,2,2,5,5,7,7,8,8,9,9],"right_children":[2,4,6,-1,-1,8,-1,10,12,14,-1,-1,-1,-1,-1],"split_conditions":[2.958662E-1,1.0398697E-1,1E0,-9.439262E-3,-2.2613883E-3,6.998464E-1,9.168625E-3,5.0172174E-1,8.096315E-1,4.0443596E-1,1.8030802E-4,4.4326784E-4,1.8352509E-3,-9.616852E-4,-2.480507E-4],"split_indices":[0,0,0,0,0,0,0,0,0,0,0,0,0,0,0],"split_type":[0,0,0,0,0,0,0,0,0,0,0,0,0,0,0],"sum_hessian":[9E0,2E0,7E0,1E0,1E0,6E0,1E0,4E0,2E0,2E0,2E0,1E0,1E0,1E0,1E0],"tree_param":{"num_deleted":"0","num_feature":"2","num_nodes":"15","size_leaf_vector":"1"}},{"base_weights":[-2.2752166E-3,-7.410411E-2,2.494502E-2,-8.967298E-3,-2.1483183E-3,3.622055E-3,8.710289E-3,-3.5877228E-3,1.4431E-2,-7.6618195E-3,1.6822816E-4,4.2114258E-4,1.7435075E-3,-9.1362E-4,-2.3565293E-4],"categories":[],"categories_nodes":[],"categories_segments":[],"categories_sizes":[],"default_left":[0,0,0,0,0,0,0,0,0,0,0,0,0,0,0],"id":92,"left_children":[1,3,5,-1,-1,7,-1,9,11,13,-1,-1,-1,-1,-1],"loss_changes":[2.1400524E-2,5.3128414E-4,1.0287629E-2,0E0,0E0,5.9728505E-4,0E0,1.2024188E-4,1.8674531E-5,1.9363215E-6,0E0,0E0,0E0,0E0,0E0],"parents":[2147483647,0,0,1,1,2,2,5,5,7,7,8,8,9,9],"right_children":[2,4,6,-1,-1,8,-1,10,12,14,-1,-1,-1,-1,-1],"split_conditions":[2.958662E-1,1.0398697E-1,1E0,-8.967298E-3,-2.1483183E-3,6.998464E-1,8.710289E-3,5.0172174E-1,8.096315E-1,4.0443596E-1,1.6822816E-4,4.2114258E-4,1.7435075E-3,-9.1362E-4,-2.3565293E-4],"split_indices":[0,0,0,0,0,0,0,0,0,0,0,0,0,0,0],"split_type":[0,0,0,0,0,0,0,0,0,0,0,0,0,0,0],"sum_hessian":[9E0,2E0,7E0,1E0,1E0,6E0,1E0,4E0,2E0,2E0,2E0,1E0,1E0,1E0,1E0],"tree_param":{"num_deleted":"0","num_feature":"2","num_nodes":"15","size_leaf_vector":"1"}},{"base_weights":[-2.169393E-3,-7.039888E-2,2.368784E-2,-8.518933E-3,-2.040899E-3,3.4294128E-3,8.274841E-3,-3.4248352E-3,1.3710022E-2,-7.2784424E-3,1.5703838E-4,4.0016175E-4,1.6563416E-3,-8.6793903E-4,-2.2382736E-4],"categories":[],"categories_nodes":[],"categories_segments":[],"categories_sizes":[],"default_left":[0,0,0,0,0,0,0,0,0,0,0,0,0,0,0],"id":93,"left_children":[1,3,5,-1,-1,7,-1,9,11,13,-1,-1,-1,-1,-1],"loss_changes":[1.9309854E-2,4.7949236E-4,9.288015E-3,0E0,0E0,5.4021546E-4,0E0,1.07678E-4,1.6825215E-5,1.7561833E-6,0E0,0E0,0E0,0E0,0E0],"parents":[2147483647,0,0,1,1,2,2,5,5,7,7,8,8,9,9],"right_children":[2,4,6,-1,-1,8,-1,10,12,14,-1,-1,-1,-1,-1],"split_conditions":[2.958662E-1,1.0398697E-1,1E0,-8.518933E-3,-2.040899E-3,6.998464E-1,8.274841E-3,5.0172174E-1,8.096315E-1,4.0443596E-1,1.5703838E-4,4.0016175E-4,1.6563416E-3,-8.6793903E-4,-2.2382736E-4],"split_indices":[0,0,0,0,0,0,0,0,0,0,0,0,0,0,0],"split_type":[0,0,0,0,0,0,0,0,0,0,0,0,0,0,0],"sum_hessian":[9E0,2E0,7E0,1E0,1E0,6E0,1E0,4E0,2E0,2E0,2E0,1E0,1E0,1E0,1E0],"tree_param":{"num_deleted":"0","num_feature":"2","num_nodes":"15","size_leaf_vector":"1"}},{"base_weights":[-2.0686134E-3,-6.687895E-2,2.249384E-2,-8.092987E-3,-1.9388556E-3,3.2468524E-3,7.861137E-3,-5.0582886E-3,1.074028E-2,-6.9147744E-3,2.5558473E-5,3.829956E-4,1.5735626E-3,-8.2454685E-4,-2.1266937E-4],"categories":[],"categories_nodes":[],"categories_segments":[],"categories_sizes":[],"default_left":[0,0,0,0,0,0,0,0,0,0,0,0,0,0,0],"id":94,"left_children":[1,3,5,-1,-1,7,-1,9,11,13,-1,-1,-1,-1,-1],"loss_changes":[1.742337E-2,4.327381E-4,8.385507E-3,0E0,0E0,4.8996526E-4,0E0,4.122783E-5,7.781107E-5,1.57881E-6,0E0,0E0,0E0,0E0,0E0],"parents":[2147483647,0,0,1,1,2,2,5,5,7,7,8,8,9,9],"right_children":[2,4,6,-1,-1,8,-1,10,12,14,-1,-1,-1,-1,-1],"split_conditions":[2.958662E-1,1.0398697E-1,1E0,-8.092987E-3,-1.9388556E-3,6.0024816E-1,7.861137E-3,5.0172174E-1,8.096315E-1,4.0443596E-1,2.5558473E-5,3.829956E-4,1.5735626E-3,-8.2454685E-4,-2.1266937E-4],"split_indices":[0,0,0,0,0,0,0,0,0,0,0,0,0,0,0],"split_type":[0,0,0,0,0,0,0,0,0,0,0,0,0,0,0],"sum_hessian":[9E0,2E0,7E0,1E0,1E0,6E0,1E0,3E0,3E0,2E0,1E0,2E0,1E0,1E0,1E0],"tree_param":{"num_deleted":"0","num_feature":"2","num_nodes":"15","size_leaf_vector":"1"}},{"base_weights":[-1.9842982E-3,-6.353501E-2,2.1345258E-2,-7.6883375E-3,-1.8419147E-3,3.0573437E-3,7.468033E-3,-3.1431199E-3,1.23723345E-2,-6.5685906E-3,1.3300577E-4,3.610611E-4,1.4947891E-3,-7.8330043E-4,-2.0198822E-4],"categories":[],"categories_nodes":[],"categories_segments":[],"categories_sizes":[],"default_left":[0,0,0,0,0,0,0,0,0,0,0,0,0,0,0],"id":95,"left_children":[1,3,5,-1,-1,7,-1,9,11,13,-1,-1,-1,-1,-1],"loss_changes":[1.5715681E-2,3.9054267E-4,7.5747743E-3,0E0,0E0,4.4318853E-4,0E0,8.53503E-5,1.3727928E-5,1.4325924E-6,0E0,0E0,0E0,0E0,0E0],"parents":[2147483647,0,0,1,1,2,2,5,5,7,7,8,8,9,9],"right_children":[2,4,6,-1,-1,8,-1,10,12,14,-1,-1,-1,-1,-1],"split_conditions":[2.958662E-1,1.0398697E-1,1E0,-7.6883375E-3,-1.8419147E-3,6.998464E-1,7.468033E-3,5.0172174E-1,8.096315E-1,4.0443596E-1,1.3300577E-4,3.610611E-4,1.4947891E-3,-7.8330043E-4,-2.0198822E-4],"split_indices":[0,0,0,0,0,0,0,0,0,0,0,0,0,0,0],"split_type":[0,0,0,0,0,0,0,0,0,0,0,0,0,0,0],"sum_hessian":[9E0,2E0,7E0,1E0,1E0,6E0,1E0,4E0,2E0,2E0,2E0,1E0,1E0,1E0,1E0],"tree_param":{"num_deleted":"0","num_feature":"2","num_nodes":"15","size_leaf_vector":"1"}},{"base_weights":[-1.8921435E-3,-6.0358226E-2,2.0269156E-2,-7.3039206E-3,-1.7498136E-3,2.8945378E-3,7.094574E-3,-2.9994964E-3,1.1753082E-2,-6.240209E-3,1.2410482E-3,3.429413E-4,1.420021E-3,-7.4415206E-4,-1.9187927E-4,1.7642975E-5,1.6851425E-4],"categories":[],"categories_nodes":[],"categories_segments":[],"categories_sizes":[],"default_left":[0,0,0,0,0,0,0,0,0,0,0,0,0,0,0,0,0],"id":96,"left_children":[1,3,5,-1,-1,7,-1,9,11,13,15,-1,-1,-1,-1,-1,-1],"loss_changes":[1.4180253E-2,3.5247393E-4,6.838535E-3,0E0,0E0,4.0074126E-4,0E0,7.645633E-5,1.2408884E-5,1.2953678E-6,1.1210636E-6,0E0,0E0,0E0,0E0,0E0,0E0],"parents":[2147483647,0,0,1,1,2,2,5,5,7,7,8,8,9,9,10,10],"right_children":[2,4,6,-1,-1,8,-1,10,12,14,16,-1,-1,-1,-1,-1,-1],"split_conditions":[2.958662E-1,1.0398697E-1,1E0,-7.3039206E-3,-1.7498136E-3,6.998464E-1,7.094574E-3,5.0172174E-1,8.096315E-1,4.0443596E-1,6.0024816E-1,3.429413E-4,1.420021E-3,-7.4415206E-4,-1.9187927E-4,1.7642975E-5,1.6851425E-4],"split_indices":[0,0,0,0,0,0,0,0,0,0,0,0,0,0,0,0,0],"split_type":[0,0,0,0,0,0,0,0,0,0,0,0,0,0,0,0,0],"sum_hessian":[9E0,2E0,7E0,1E0,1E0,6E0,1E0,4E0,2E0,2E0,2E0,1E0,1E0,1E0,1E0,1E0,1E0],"tree_param":{"num_deleted":"0","num_feature":"2","num_nodes":"17","size_leaf_vector":"1"}},{"base_weights":[-1.7973989E-3,-5.7340335E-2,1.9255877E-2,-6.9387243E-3,-1.6623259E-3,2.7501243E-3,6.7398073E-3,-2.8491975E-3,1.1165619E-2,-5.9280396E-3,1.1793772E-3,3.2577515E-4,1.3490677E-3,-7.0695876E-4,-1.8224717E-4,1.6784668E-5,1.6012193E-4],"categories":[],"categories_nodes":[],"categories_segments":[],"categories_sizes":[],"default_left":[0,0,0,0,0,0,0,0,0,0,0,0,0,0,0,0,0],"id":97,"left_children":[1,3,5,-1,-1,7,-1,9,11,13,15,-1,-1,-1,-1,-1,-1],"loss_changes":[1.2797746E-2,3.1810254E-4,6.171631E-3,0E0,0E0,3.6166047E-4,0E0,6.900812E-5,1.1209486E-5,1.1759839E-6,1.0113586E-6,0E0,0E0,0E0,0E0,0E0,0E0],"parents":[2147483647,0,0,1,1,2,2,5,5,7,7,8,8,9,9,10,10],"right_children":[2,4,6,-1,-1,8,-1,10,12,14,16,-1,-1,-1,-1,-1,-1],"split_conditions":[2.958662E-1,1.0398697E-1,1E0,-6.9387243E-3,-1.6623259E-3,6.998464E-1,6.7398073E-3,5.0172174E-1,8.096315E-1,4.0443596E-1,6.0024816E-1,3.2577515E-4,1.3490677E-3,-7.0695876E-4,-1.8224717E-4,1.6784668E-5,1.6012193E-4],"split_indices":[0,0,0,0,0,0,0,0,0,0,0,0,0,0,0,0,0],"split_type":[0,0,0,0,0,0,0,0,0,0,0,0,0,0,0,0,0],"sum_hessian":[9E0,2E0,7E0,1E0,1E0,6E0,1E0,4E0,2E0,2E0,2E0,1E0,1E0,1E0,1E0,1E0,1E0],"tree_param":{"num_deleted":"0","num_feature":"2","num_nodes":"17","size_leaf_vector":"1"}},{"base_weights":[-1.7075837E-3,-5.447334E-2,1.8293023E-2,-6.591788E-3,-1.5792132E-3,2.612659E-3,6.402779E-3,-2.7067184E-3,1.0607402E-2,-5.631447E-3,1.1202494E-4,3.095627E-4,1.2815476E-3,-6.7162514E-4,-1.7309189E-4],"categories":[],"categories_nodes":[],"categories_segments":[],"categories_sizes":[],"default_left":[0,0,0,0,0,0,0,0,0,0,0,0,0,0,0],"id":98,"left_children":[1,3,5,-1,-1,7,-1,9,11,13,-1,-1,-1,-1,-1],"loss_changes":[1.1549953E-2,2.8708205E-4,5.5698194E-3,0E0,0E0,3.264006E-4,0E0,6.227283E-5,1.0087737E-5,1.068649E-6,0E0,0E0,0E0,0E0,0E0],"parents":[2147483647,0,0,1,1,2,2,5,5,7,7,8,8,9,9],"right_children":[2,4,6,-1,-1,8,-1,10,12,14,-1,-1,-1,-1,-1],"split_conditions":[2.958662E-1,1.0398697E-1,1E0,-6.591788E-3,-1.5792132E-3,6.998464E-1,6.402779E-3,5.0172174E-1,8.096315E-1,4.0443596E-1,1.1202494E-4,3.095627E-4,1.2815476E-3,-6.7162514E-4,-1.7309189E-4],"split_indices":[0,0,0,0,0,0,0,0,0,0,0,0,0,0,0],"split_type":[0,0,0,0,0,0,0,0,0,0,0,0,0,0,0],"sum_hessian":[9E0,2E0,7E0,1E0,1E0,6E0,1E0,4E0,2E0,2E0,2E0,1E0,1E0,1E0,1E0],"tree_param":{"num_deleted":"0","num_feature":"2","num_nodes":"15","size_leaf_vector":"1"}},{"base_weights":[-1.6276672E-3,-5.174965E-2,1.7371535E-2,-6.262199E-3,-1.5002489E-3,2.4739674E-3,6.0827257E-3,-2.5827407E-3,1.0077159E-2,-5.349795E-4,1.045227E-3,2.9411315E-4,1.2174606E-3,1.0299683E-5,1.4648438E-4],"categories":[],"categories_nodes":[],"categories_segments":[],"categories_sizes":[],"default_left":[0,0,0,0,0,0,0,0,0,0,0,0,0,0,0],"id":99,"left_children":[1,3,5,-1,-1,7,-1,9,11,-1,13,-1,-1,-1,-1],"loss_changes":[1.0421748E-2,2.5909673E-4,5.028592E-3,0E0,0E0,2.9515653E-4,0E0,5.578567E-5,9.095209E-6,0E0,1.0352524E-6,0E0,0E0,0E0,0E0],"parents":[2147483647,0,0,1,1,2,2,5,5,7,7,8,8,10,10],"right_children":[2,4,6,-1,-1,8,-1,10,12,-1,14,-1,-1,-1,-1],"split_conditions":[2.958662E-1,1.0398697E-1,1E0,-6.262199E-3,-1.5002489E-3,6.998464E-1,6.0827257E-3,5.0172174E-1,8.096315E-1,-5.349795E-4,6.0024816E-1,2.9411315E-4,1.2174606E-3,1.0299683E-5,1.4648438E-4],"split_indices":[0,0,0,0,0,0,0,0,0,0,0,0,0,0,0],"split_type":[0,0,0,0,0,0,0,0,0,0,0,0,0,0,0],"sum_hessian":[9E0,2E0,7E0,1E0,1E0,6E0,1E0,4E0,2E0,2E0,2E0,1E0,1E0,1E0,1E0],"tree_param":{"num_deleted":"0","num_feature":"2","num_nodes":"15","size_leaf_vector":"1"}}]},"name":"gbtree"},"learner_model_param":{"base_score":"2.2677778E1","boost_from_average":"1","num_class":"0","num_feature":"2","num_target":"1"},"objective":{"name":"reg:squarederror","reg_loss_param":{"scale_pos_weight":"1"}}},"version":[2,0,1]}