{"learner":{"attributes":{"scikit_learn":"{\"_estimator_type\": \"regressor\"}"},"feature_names":[],"feature_types":[],"gradient_booster":{"model":{"gbtree_model_param":{"num_parallel_tree":"1","num_trees":"100"},"iteration_indptr":[0,1,2,3,4,5,6,7,8,9,10,11,12,13,14,15,16,17,18,19,20,21,22,23,24,25,26,27,28,29,30,31,32,33,34,35,36,37,38,39,40,41,42,43,44,45,46,47,48,49,50,51,52,53,54,55,56,57,58,59,60,61,62,63,64,65,66,67,68,69,70,71,72,73,74,75,76,77,78,79,80,81,82,83,84,85,86,87,88,89,90,91,92,93,94,95,96,97,98,99,100],"tree_info":[0,0,0,0,0,0,0,0,0,0,0,0,0,0,0,0,0,0,0,0,0,0,0,0,0,0,0,0,0,0,0,0,0,0,0,0,0,0,0,0,0,0,0,0,0,0,0,0,0,0,0,0,0,0,0,0,0,0,0,0,0,0,0,0,0,0,0,0,0,0,0,0,0,0,0,0,0,0,0,0,0,0,0,0,0,0,0,0,0,0,0,0,0,0,0,0,0,0,0,0],"trees":[{"base_weights":[-7.6293946E-7,-2.9481482E1,3.5377777E1,-3.4222221E0,-2.8888893E-1,5.111111E-1,4.1666665E0],"categories":[],"categories_nodes":[],"categories_segments":[],"categories_sizes":[],"default_left":[0,0,0,0,0,0,0],"id":0,"left_children":[1,3,5,-1,-1,-1,-1],"loss_changes":[1.1472883E4,6.5754736E2,7.3875586E2,0E0,0E0,0E0,0E0],"parents":[2147483647,0,0,1,1,2,2],"right_children":[2,4,6,-1,-1,-1,-1],"split_conditions":[5.913297E-1,5.021052E-1,6.9514346E-1,-3.4222221E0,-2.8888893E-1,5.111111E-1,4.1666665E0],"split_indices":[0,0,0,0,0,0,0],"split_type":[0,0,0,0,0,0,0],"sum_hessian":[9E0,5E0,4E0,4E0,1E0,1E0,3E0],"tree_param":{"num_deleted":"0","num_feature":"2","num_nodes":"7","size_leaf_vector":"1"}},{"base_weights":[9.666519E-2,-2.7151855E1,3.277556E1,-3.148445E0,-2.7444458E-1,4.8555565E-1,3.8541667E0],"categories":[],"categories_nodes":[],"categories_segments":[],"categories_sizes":[],"default_left":[0,0,0,0,0,0,0],"id":1,"left_children":[1,3,5,-1,-1,-1,-1],"loss_changes":[9.794432E3,5.4807715E2,6.178081E2,0E0,0E0,0E0,0E0],"parents":[2147483647,0,0,1,1,2,2],"right_children":[2,4,6,-1,-1,-1,-1],"split_conditions":[5.913297E-1,5.021052E-1,6.9514346E-1,-3.148445E0,-2.7444458E-1,4.8555565E-1,3.8541667E0],"split_indices":[0,0,0,0,0,0,0],"split_type":[0,0,0,0,0,0,0],"sum_hessian":[9E0,5E0,4E0,4E0,1E0,1E0,3E0],"tree_param":{"num_deleted":"0","num_feature":"2","num_nodes":"7","size_leaf_vector":"1"}},{"base_weights":[1.7868271E-1,-2.500715E1,3.0365948E1,-3.1905336E0,-7.4738544E-1,4.6127778E-1,3.5651047E0],"categories":[],"categories_nodes":[],"categories_segments":[],"categories_sizes":[],"default_left":[0,0,0,0,0,0,0],"id":2,"left_children":[1,3,5,-1,-1,-1,-1],"loss_changes":[8.36228E3,4.872317E2,5.1608984E2,0E0,0E0,0E0,0E0],"parents":[2147483647,0,0,1,1,2,2],"right_children":[2,4,6,-1,-1,-1,-1],"split_conditions":[5.913297E-1,3.9853618E-1,6.9514346E-1,-3.1905336E0,-7.4738544E-1,4.6127778E-1,3.5651047E0],"split_indices":[0,0,0,0,0,0,0],"split_type":[0,0,0,0,0,0,0],"sum_hessian":[9E0,5E0,4E0,3E0,2E0,1E0,3E0],"tree_param":{"num_deleted":"0","num_feature":"2","num_nodes":"7","size_leaf_vector":"1"}},{"base_weights":[1.6966057E-1,-2.3162758E1,2.813463E1,-2.9512436E0,-6.975599E-1,9.800189E-1,3.7090862E0],"categories":[],"categories_nodes":[],"categories_segments":[],"categories_sizes":[],"default_left":[0,0,0,0,0,0,0],"id":3,"left_children":[1,3,5,-1,-1,-1,-1],"loss_changes":[7.176579E3,4.1083252E2,4.5754004E2,0E0,0E0,0E0,0E0],"parents":[2147483647,0,0,1,1,2,2],"right_children":[2,4,6,-1,-1,-1,-1],"split_conditions":[5.913297E-1,3.9853618E-1,8.135465E-1,-2.9512436E0,-6.975599E-1,9.800189E-1,3.7090862E0],"split_indices":[0,0,0,0,0,0,0],"split_type":[0,0,0,0,0,0,0],"sum_hessian":[9E0,5E0,4E0,3E0,2E0,2E0,2E0],"tree_param":{"num_deleted":"0","num_feature":"2","num_nodes":"7","size_leaf_vector":"1"}},{"base_weights":[2.567257E-1,-2.1454615E1,2.625899E1,-2.4991639E0,-1.8847504E-1,9.146843E-1,3.4618137E0],"categories":[],"categories_nodes":[],"categories_segments":[],"categories_sizes":[],"default_left":[0,0,0,0,0,0,0],"id":4,"left_children":[1,3,5,-1,-1,-1,-1],"loss_changes":[6.2088164E3,3.6821118E2,3.9856787E2,0E0,0E0,0E0,0E0],"parents":[2147483647,0,0,1,1,2,2],"right_children":[2,4,6,-1,-1,-1,-1],"split_conditions":[5.913297E-1,5.021052E-1,8.135465E-1,-2.4991639E0,-1.8847504E-1,9.146843E-1,3.4618137E0],"split_indices":[0,0,0,0,0,0,0],"split_type":[0,0,0,0,0,0,0],"sum_hessian":[9E0,5E0,4E0,4E0,1E0,2E0,2E0],"tree_param":{"num_deleted":"0","num_feature":"2","num_nodes":"7","size_leaf_vector":"1"}},{"base_weights":[3.9993936E-1,-1.9757092E1,2.4508389E1,-2.542463E0,-5.6146777E-1,3.434784E-1,2.8918095E0],"categories":[],"categories_nodes":[],"categories_segments":[],"categories_sizes":[],"default_left":[0,0,0,0,0,0,0],"id":5,"left_children":[1,3,5,-1,-1,-1,-1],"loss_changes":[5.343762E3,3.381648E2,3.653147E2,0E0,0E0,0E0,0E0],"parents":[2147483647,0,0,1,1,2,2],"right_children":[2,4,6,-1,-1,-1,-1],"split_conditions":[5.913297E-1,3.9853618E-1,6.9514346E-1,-2.542463E0,-5.6146777E-1,3.434784E-1,2.8918095E0],"split_indices":[0,0,0,0,0,0,0],"split_type":[0,0,0,0,0,0,0],"sum_hessian":[9E0,5E0,4E0,3E0,2E0,1E0,3E0],"tree_param":{"num_deleted":"0","num_feature":"2","num_nodes":"7","size_leaf_vector":"1"}},{"base_weights":[3.730816E-1,-1.8298706E1,2.2704609E1,-2.3517785E0,-5.2403655E0,7.458626E-1,3.0382392E0,-6.350771E-1,-1.5097772E-1],"categories":[],"categories_nodes":[],"categories_segments":[],"categories_sizes":[],"default_left":[0,0,0,0,0,0,0,0,0],"id":6,"left_children":[1,3,5,-1,7,-1,-1,-1,-1],"loss_changes":[4.58516E3,2.8567334E2,3.5866553E2,0E0,2.8391495E0,0E0,0E0,0E0,0E0],"parents":[2147483647,0,0,1,1,2,2,4,4],"right_children":[2,4,6,-1,8,-1,-1,-1,-1],"split_conditions":[5.913297E-1,3.9853618E-1,8.135465E-1,-2.3517785E0,5.021052E-1,7.458626E-1,3.0382392E0,-6.350771E-1,-1.5097772E-1],"split_indices":[0,0,0,0,0,0,0,0,0],"split_type":[0,0,0,0,0,0,0,0,0],"sum_hessian":[9E0,5E0,4E0,3E0,2E0,2E0,2E0,1E0,1E0],"tree_param":{"num_deleted":"0","num_feature":"2","num_nodes":"9","size_leaf_vector":"1"}},{"base_weights":[4.0040055E-1,-1.6991806E1,2.1190968E1,-1.9816452E1,-1.434288E-1,6.9613826E-1,2.8356898E0,-2.1753948E0,-6.0332316E-1],"categories":[],"categories_nodes":[],"categories_segments":[],"categories_sizes":[],"default_left":[0,0,0,0,0,0,0,0,0],"id":7,"left_children":[1,3,5,7,-1,-1,-1,-1,-1],"loss_changes":[3.976011E3,2.3524438E2,3.12438E2,2.2783203E0,0E0,0E0,0E0,0E0,0E0],"parents":[2147483647,0,0,1,1,2,2,3,3],"right_children":[2,4,6,8,-1,-1,-1,-1,-1],"split_conditions":[5.913297E-1,5.021052E-1,8.135465E-1,3.9853618E-1,-1.434288E-1,6.9613826E-1,2.8356898E0,-2.1753948E0,-6.0332316E-1],"split_indices":[0,0,0,0,0,0,0,0,0],"split_type":[0,0,0,0,0,0,0,0,0],"sum_hessian":[9E0,5E0,4E0,4E0,1E0,2E0,2E0,3E0,1E0],"tree_param":{"num_deleted":"0","num_feature":"2","num_nodes":"9","size_leaf_vector":"1"}},{"base_weights":[4.213291E-1,-1.5779649E1,1.9778236E1,-1.839055E0,-1.3625717E-1,6.497292E-1,2.6466436E0],"categories":[],"categories_nodes":[],"categories_segments":[],"categories_sizes":[],"default_left":[0,0,0,0,0,0,0],"id":8,"left_children":[1,3,5,-1,-1,-1,-1],"loss_changes":[3.4481018E3,2.007909E2,2.7216785E2,0E0,0E0,0E0,0E0],"parents":[2147483647,0,0,1,1,2,2],"right_children":[2,4,6,-1,-1,-1,-1],"split_conditions":[5.913297E-1,5.021052E-1,8.135465E-1,-1.839055E0,-1.3625717E-1,6.497292E-1,2.6466436E0],"split_indices":[0,0,0,0,0,0,0],"split_type":[0,0,0,0,0,0,0],"sum_hessian":[9E0,5E0,4E0,4E0,1E0,2E0,2E0],"tree_param":{"num_deleted":"0","num_feature":"2","num_nodes":"7","size_leaf_vector":"1"}},{"base_weights":[5.113026E-1,-1.4530902E1,1.8459688E1,-1.8743111E0,-4.0709892E-1,6.06414E-1,2.4702005E0],"categories":[],"categories_nodes":[],"categories_segments":[],"categories_sizes":[],"default_left":[0,0,0,0,0,0,0],"id":9,"left_children":[1,3,5,-1,-1,-1,-1],"loss_changes":[2.9680688E3,1.880531E2,2.3708838E2,0E0,0E0,0E0,0E0],"parents":[2147483647,0,0,1,1,2,2],"right_children":[2,4,6,-1,-1,-1,-1],"split_conditions":[5.913297E-1,3.9853618E-1,8.135465E-1,-1.8743111E0,-4.0709892E-1,6.06414E-1,2.4702005E0],"split_indices":[0,0,0,0,0,0,0],"split_type":[0,0,0,0,0,0,0],"sum_hessian":[9E0,5E0,4E0,3E0,2E0,2E0,2E0],"tree_param":{"num_deleted":"0","num_feature":"2","num_nodes":"7","size_leaf_vector":"1"}},{"base_weights":[5.396923E-1,-1.3458048E1,1.7229042E1,-1.9522116E0,-5.5454855E0,1.9139747E-1,2.0579317E0,-6.6667193E-1,-1.0908928E-1],"categories":[],"categories_nodes":[],"categories_segments":[],"categories_sizes":[],"default_left":[0,0,0,0,0,0,0,0,0],"id":10,"left_children":[1,3,5,-1,7,-1,-1,-1,-1],"loss_changes":[2.568001E3,1.796344E2,2.1715991E2,0E0,1.2705879E1,0E0,0E0,0E0,0E0],"parents":[2147483647,0,0,1,1,2,2,4,4],"right_children":[2,4,6,-1,8,-1,-1,-1,-1],"split_conditions":[5.913297E-1,3.0199257E-1,6.9514346E-1,-1.9522116E0,5.021052E-1,1.9139747E-1,2.0579317E0,-6.6667193E-1,-1.0908928E-1],"split_indices":[0,0,0,0,0,0,0,0,0],"split_type":[0,0,0,0,0,0,0,0,0],"sum_hessian":[9E0,5E0,4E0,2E0,3E0,1E0,3E0,2E0,1E0],"tree_param":{"num_deleted":"0","num_feature":"2","num_nodes":"9","size_leaf_vector":"1"}},{"base_weights":[4.378597E-1,-1.2566904E1,1.5956004E1,-1.822064E0,-5.1848764E0,4.9100876E-1,2.1683252E0,-6.2222713E-1,-1.0363465E-1],"categories":[],"categories_nodes":[],"categories_segments":[],"categories_sizes":[],"default_left":[0,0,0,0,0,0,0,0,0],"id":11,"left_children":[1,3,5,-1,7,-1,-1,-1,-1],"loss_changes":[2.2186157E3,1.5594434E2,2.098468E2,0E0,1.0766212E1,0E0,0E0,0E0,0E0],"parents":[2147483647,0,0,1,1,2,2,4,4],"right_children":[2,4,6,-1,8,-1,-1,-1,-1],"split_conditions":[5.913297E-1,3.0199257E-1,8.135465E-1,-1.822064E0,5.021052E-1,4.9100876E-1,2.1683252E0,-6.2222713E-1,-1.0363465E-1],"split_indices":[0,0,0,0,0,0,0,0,0],"split_type":[0,0,0,0,0,0,0,0,0],"sum_hessian":[9E0,5E0,4E0,2E0,3E0,2E0,2E0,2E0,1E0],"tree_param":{"num_deleted":"0","num_feature":"2","num_nodes":"9","size_leaf_vector":"1"}},{"base_weights":[4.052143E-1,-1.1734868E1,1.489227E1,-1.700593E0,-4.8478537E0,4.5827484E-1,2.02377E0,-5.8074534E-1,-9.845276E-2],"categories":[],"categories_nodes":[],"categories_segments":[],"categories_sizes":[],"default_left":[0,0,0,0,0,0,0,0,0],"id":12,"left_children":[1,3,5,-1,7,-1,-1,-1,-1],"loss_changes":[1.9334994E3,1.3536902E2,1.8279993E2,0E0,9.111389E0,0E0,0E0,0E0,0E0],"parents":[2147483647,0,0,1,1,2,2,4,4],"right_children":[2,4,6,-1,8,-1,-1,-1,-1],"split_conditions":[5.913297E-1,3.0199257E-1,8.135465E-1,-1.700593E0,5.021052E-1,4.5827484E-1,2.02377E0,-5.8074534E-1,-9.845276E-2],"split_indices":[0,0,0,0,0,0,0,0,0],"split_type":[0,0,0,0,0,0,0,0,0],"sum_hessian":[9E0,5E0,4E0,2E0,3E0,2E0,2E0,2E0,1E0],"tree_param":{"num_deleted":"0","num_feature":"2","num_nodes":"9","size_leaf_vector":"1"}},{"base_weights":[3.749172E-1,-1.0958014E1,1.389945E1,-1.5872203E0,-4.5328684E0,4.2772317E0,1.888852E0,-5.4202896E-1,-9.3530275E-2,1.3436317E-1,5.0722164E-1],"categories":[],"categories_nodes":[],"categories_segments":[],"categories_sizes":[],"default_left":[0,0,0,0,0,0,0,0,0,0,0],"id":13,"left_children":[1,3,5,-1,7,9,-1,-1,-1,-1,-1],"loss_changes":[1.6850363E3,1.17499695E2,1.5923901E2,0E0,7.7006073E0,1.8130493E-1,0E0,0E0,0E0,0E0,0E0],"parents":[2147483647,0,0,1,1,2,2,4,4,5,5],"right_children":[2,4,6,-1,8,10,-1,-1,-1,-1,-1],"split_conditions":[5.913297E-1,3.0199257E-1,8.135465E-1,-1.5872203E0,5.021052E-1,6.9514346E-1,1.888852E0,-5.4202896E-1,-9.3530275E-2,1.3436317E-1,5.0722164E-1],"split_indices":[0,0,0,0,0,0,0,0,0,0,0],"split_type":[0,0,0,0,0,0,0,0,0,0,0],"sum_hessian":[9E0,5E0,4E0,2E0,3E0,2E0,2E0,2E0,1E0,1E0,1E0],"tree_param":{"num_deleted":"0","num_feature":"2","num_nodes":"11","size_leaf_vector":"1"}},{"base_weights":[3.6819038E-1,-1.0232676E1,1.3015592E1,-1.4814056E0,-4.238471E0,4.0633698E0,1.7629282E0,-5.058936E-1,-8.8853836E-2,1.2764512E-1,4.8186037E-1],"categories":[],"categories_nodes":[],"categories_segments":[],"categories_sizes":[],"default_left":[0,0,0,0,0,0,0,0,0,0,0],"id":14,"left_children":[1,3,5,-1,7,9,-1,-1,-1,-1,-1],"loss_changes":[1.4739185E3,1.01981445E2,1.3487958E2,0E0,6.498955E0,1.6361237E-1,0E0,0E0,0E0,0E0,0E0],"parents":[2147483647,0,0,1,1,2,2,4,4,5,5],"right_children":[2,4,6,-1,8,10,-1,-1,-1,-1,-1],"split_conditions":[5.913297E-1,3.0199257E-1,8.135465E-1,-1.4814056E0,5.021052E-1,6.9514346E-1,1.7629282E0,-5.058936E-1,-8.8853836E-2,1.2764512E-1,4.8186037E-1],"split_indices":[0,0,0,0,0,0,0,0,0,0,0],"split_type":[0,0,0,0,0,0,0,0,0,0,0],"sum_hessian":[9E0,5E0,4E0,2E0,3E0,2E0,2E0,2E0,1E0,1E0,1E0],"tree_param":{"num_deleted":"0","num_feature":"2","num_nodes":"11","size_leaf_vector":"1"}},{"base_weights":[3.6099893E-1,-9.555433E0,1.2188518E1,-1.3826451E0,-3.9633112E0,1.21262744E-1,1.4629334E0,-4.7216734E-1,-8.441124E-2],"categories":[],"categories_nodes":[],"categories_segments":[],"categories_sizes":[],"default_left":[0,0,0,0,0,0,0,0,0],"id":15,"left_children":[1,3,5,-1,7,-1,-1,-1,-1],"loss_changes":[1.2893345E3,8.85058E1,1.1621069E2,0E0,5.476307E0,0E0,0E0,0E0,0E0],"parents":[2147483647,0,0,1,1,2,2,4,4],"right_children":[2,4,6,-1,8,-1,-1,-1,-1],"split_conditions":[5.913297E-1,3.0199257E-1,6.9514346E-1,-1.3826451E0,5.021052E-1,1.21262744E-1,1.4629334E0,-4.7216734E-1,-8.441124E-2],"split_indices":[0,0,0,0,0,0,0,0,0],"split_type":[0,0,0,0,0,0,0,0,0],"sum_hessian":[9E0,5E0,4E0,2E0,3E0,1E0,3E0,2E0,1E0],"tree_param":{"num_deleted":"0","num_feature":"2","num_nodes":"9","size_leaf_vector":"1"}},{"base_weights":[2.893955E-1,-8.923094E0,1.1286504E1,-1.2904689E0,-3.7061243E0,3.3321354E-1,1.5478704E0,-4.4068947E-1,-8.019066E-2],"categories":[],"categories_nodes":[],"categories_segments":[],"categories_sizes":[],"default_left":[0,0,0,0,0,0,0,0,0],"id":16,"left_children":[1,3,5,-1,7,-1,-1,-1,-1],"loss_changes":[1.113818E3,7.680481E1,1.1515436E2,0E0,4.606842E0,0E0,0E0,0E0,0E0],"parents":[2147483647,0,0,1,1,2,2,4,4],"right_children":[2,4,6,-1,8,-1,-1,-1,-1],"split_conditions":[5.913297E-1,3.0199257E-1,8.135465E-1,-1.2904689E0,5.021052E-1,3.3321354E-1,1.5478704E0,-4.4068947E-1,-8.019066E-2],"split_indices":[0,0,0,0,0,0,0,0,0],"split_type":[0,0,0,0,0,0,0,0,0],"sum_hessian":[9E0,5E0,4E0,2E0,3E0,2E0,2E0,2E0,1E0],"tree_param":{"num_deleted":"0","num_feature":"2","num_nodes":"9","size_leaf_vector":"1"}},{"base_weights":[2.6743048E-1,-6.860753E0,1.2674894E1,-1.0771469E0,-1.2348499E0,3.6795998E-1,1.4446793E0,-2.3033932E-1,9.853897E-2],"categories":[],"categories_nodes":[],"categories_segments":[],"categories_sizes":[],"default_left":[0,0,0,0,0,0,0,0,0],"id":17,"left_children":[1,3,5,-1,7,-1,-1,-1,-1],"loss_changes":[9.713861E2,1.4070801E2,1.0596619E1,0E0,1.1759428E1,0E0,0E0,0E0,0E0],"parents":[2147483647,0,0,1,1,2,2,4,4],"right_children":[2,4,6,-1,8,-1,-1,-1,-1],"split_conditions":[6.9514346E-1,3.9853618E-1,8.135465E-1,-1.0771469E0,5.913297E-1,3.6795998E-1,1.4446793E0,-2.3033932E-1,9.853897E-2],"split_indices":[0,0,0,0,0,0,0,0,0],"split_type":[0,0,0,0,0,0,0,0,0],"sum_hessian":[9E0,6E0,3E0,3E0,3E0,1E0,2E0,2E0,1E0],"tree_param":{"num_deleted":"0","num_feature":"2","num_nodes":"9","size_leaf_vector":"1"}},{"base_weights":[3.0105704E-1,-6.3473845E0,1.1860565E1,-1.1326276E0,-2.0905724E0,3.4956208E-1,1.3483673E0,-3.6772728E-1,1.9298553E-1,-6.466408E-2,9.361191E-2],"categories":[],"categories_nodes":[],"categories_segments":[],"categories_sizes":[],"default_left":[0,0,0,0,0,0,0,0,0,0,0],"id":18,"left_children":[1,3,5,-1,7,-1,-1,-1,9,-1,-1],"loss_changes":[8.4381067E2,1.2468109E2,7.174988E0,0E0,1.882627E1,0E0,0E0,0E0,2.477196E0,0E0,0E0],"parents":[2147483647,0,0,1,1,2,2,4,4,8,8],"right_children":[2,4,6,-1,8,-1,-1,-1,10,-1,-1],"split_conditions":[6.9514346E-1,3.0199257E-1,8.135465E-1,-1.1326276E0,5.021052E-1,3.4956208E-1,1.3483673E0,-3.6772728E-1,5.913297E-1,-6.466408E-2,9.361191E-2],"split_indices":[0,0,0,0,0,0,0,0,0,0,0],"split_type":[0,0,0,0,0,0,0,0,0,0,0],"sum_hessian":[9E0,6E0,3E0,2E0,4E0,1E0,2E0,2E0,2E0,1E0,1E0],"tree_param":{"num_deleted":"0","num_feature":"2","num_nodes":"11","size_leaf_vector":"1"}},{"base_weights":[2.9360428E-1,-5.9228463E0,1.1098991E1,-1.057119E0,-1.9492706E0,5.172941E-1,1.4438572E0,-3.4321213E-1,1.833369E-1,-6.143074E-2,8.893128E-2],"categories":[],"categories_nodes":[],"categories_segments":[],"categories_sizes":[],"default_left":[0,0,0,0,0,0,0,0,0,0,0],"id":19,"left_children":[1,3,5,-1,7,-1,-1,-1,9,-1,-1],"loss_changes":[7.374491E2,1.086877E2,4.4722595E0,0E0,1.6440926E1,0E0,0E0,0E0,2.2356644E0,0E0,0E0],"parents":[2147483647,0,0,1,1,2,2,4,4,8,8],"right_children":[2,4,6,-1,8,-1,-1,-1,10,-1,-1],"split_conditions":[6.9514346E-1,3.0199257E-1,8.978018E-1,-1.057119E0,5.021052E-1,5.172941E-1,1.4438572E0,-3.4321213E-1,5.913297E-1,-6.143074E-2,8.893128E-2],"split_indices":[0,0,0,0,0,0,0,0,0,0,0],"split_type":[0,0,0,0,0,0,0,0,0,0,0],"sum_hessian":[9E0,6E0,3E0,2E0,4E0,2E0,1E0,2E0,2E0,1E0,1E0],"tree_param":{"num_deleted":"0","num_feature":"2","num_nodes":"11","size_leaf_vector":"1"}},{"base_weights":[3.2307625E-1,-5.5266795E0,1.047938E1,-9.866444E-1,-1.8174851E0,4.828077E-1,1.3716644E0,-3.203313E-1,1.7417145E-1,-5.8359146E-2,8.448487E-2],"categories":[],"categories_nodes":[],"categories_segments":[],"categories_sizes":[],"default_left":[0,0,0,0,0,0,0,0,0,0,0],"id":20,"left_children":[1,3,5,-1,7,-1,-1,-1,9,-1,-1],"loss_changes":[6.5203516E2,9.4747086E1,6.9540405E0,0E0,1.4358393E1,0E0,0E0,0E0,2.0176895E0,0E0,0E0],"parents":[2147483647,0,0,1,1,2,2,4,4,8,8],"right_children":[2,4,6,-1,8,-1,-1,-1,10,-1,-1],"split_conditions":[6.9514346E-1,3.0199257E-1,8.978018E-1,-9.866444E-1,5.021052E-1,4.828077E-1,1.3716644E0,-3.203313E-1,5.913297E-1,-5.8359146E-2,8.448487E-2],"split_indices":[0,0,0,0,0,0,0,0,0,0,0],"split_type":[0,0,0,0,0,0,0,0,0,0,0],"sum_hessian":[9E0,6E0,3E0,2E0,4E0,2E0,1E0,2E0,2E0,1E0,1E0],"tree_param":{"num_deleted":"0","num_feature":"2","num_nodes":"11","size_leaf_vector":"1"}},{"base_weights":[3.4812966E-1,-5.1569905E0,9.895058E0,-9.2086804E-1,-1.6945785E0,4.5062026E-1,1.3030812E0,-2.9897588E-1,1.6546123E-1,-5.5441286E-2,8.026047E-2],"categories":[],"categories_nodes":[],"categories_segments":[],"categories_sizes":[],"default_left":[0,0,0,0,0,0,0,0,0,0,0],"id":21,"left_children":[1,3,5,-1,7,-1,-1,-1,9,-1,-1],"loss_changes":[5.7659863E2,8.259552E1,8.873016E0,0E0,1.2540124E1,0E0,0E0,0E0,1.8209635E0,0E0,0E0],"parents":[2147483647,0,0,1,1,2,2,4,4,8,8],"right_children":[2,4,6,-1,8,-1,-1,-1,10,-1,-1],"split_conditions":[6.9514346E-1,3.0199257E-1,8.978018E-1,-9.2086804E-1,5.021052E-1,4.5062026E-1,1.3030812E0,-2.9897588E-1,5.913297E-1,-5.5441286E-2,8.026047E-2],"split_indices":[0,0,0,0,0,0,0,0,0,0,0],"split_type":[0,0,0,0,0,0,0,0,0,0,0],"sum_hessian":[9E0,6E0,3E0,2E0,4E0,2E0,1E0,2E0,2E0,1E0,1E0],"tree_param":{"num_deleted":"0","num_feature":"2","num_nodes":"11","size_leaf_vector":"1"}},{"base_weights":[3.691845E-1,-4.812009E0,9.343977E0,-8.5947686E-1,-1.5799515E0,4.2057878E-1,1.2379273E0,-2.790441E-1,1.5718842E-1,-5.2669145E-2,7.624741E-2],"categories":[],"categories_nodes":[],"categories_segments":[],"categories_sizes":[],"default_left":[0,0,0,0,0,0,0,0,0,0,0],"id":22,"left_children":[1,3,5,-1,7,-1,-1,-1,9,-1,-1],"loss_changes":[5.0996466E2,7.200337E1,1.0319092E1,0E0,1.0952572E1,0E0,0E0,0E0,1.6434166E0,0E0,0E0],"parents":[2147483647,0,0,1,1,2,2,4,4,8,8],"right_children":[2,4,6,-1,8,-1,-1,-1,10,-1,-1],"split_conditions":[6.9514346E-1,3.0199257E-1,8.978018E-1,-8.5947686E-1,5.021052E-1,4.2057878E-1,1.2379273E0,-2.790441E-1,5.913297E-1,-5.2669145E-2,7.624741E-2],"split_indices":[0,0,0,0,0,0,0,0,0,0,0],"split_type":[0,0,0,0,0,0,0,0,0,0,0],"sum_hessian":[9E0,6E0,3E0,2E0,4E0,2E0,1E0,2E0,2E0,1E0,1E0],"tree_param":{"num_deleted":"0","num_feature":"2","num_nodes":"11","size_leaf_vector":"1"}},{"base_weights":[3.8662186E-1,-4.490086E0,8.824205E0,-8.021785E-1,-1.4730499E0,3.9254025E-1,1.1760308E0,-2.2034874E0,7.2435E-2,-2.604411E-1,-5.003586E-2],"categories":[],"categories_nodes":[],"categories_segments":[],"categories_sizes":[],"default_left":[0,0,0,0,0,0,0,0,0,0,0],"id":23,"left_children":[1,3,5,-1,7,-1,-1,9,-1,-1,-1],"loss_changes":[4.5109778E2,6.277034E1,1.1369598E1,0E0,9.621412E0,0E0,0E0,1.4281578E0,0E0,0E0,0E0],"parents":[2147483647,0,0,1,1,2,2,4,4,7,7],"right_children":[2,4,6,-1,8,-1,-1,10,-1,-1,-1],"split_conditions":[6.9514346E-1,3.0199257E-1,8.978018E-1,-8.021785E-1,5.913297E-1,3.9254025E-1,1.1760308E0,5.021052E-1,7.2435E-2,-2.604411E-1,-5.003586E-2],"split_indices":[0,0,0,0,0,0,0,0,0,0,0],"split_type":[0,0,0,0,0,0,0,0,0,0,0],"sum_hessian":[9E0,6E0,3E0,2E0,4E0,2E0,1E0,3E0,1E0,2E0,1E0],"tree_param":{"num_deleted":"0","num_feature":"2","num_nodes":"11","size_leaf_vector":"1"}},{"base_weights":[4.007946E-1,-4.1896806E0,8.333927E0,-7.4869984E-1,-1.3733536E0,3.663709E-1,1.1172291E0,-2.0607586E0,6.8813324E-2,-2.4307835E-1,-4.753418E-2],"categories":[],"categories_nodes":[],"categories_segments":[],"categories_sizes":[],"default_left":[0,0,0,0,0,0,0,0,0,0,0],"id":24,"left_children":[1,3,5,-1,7,-1,-1,9,-1,-1,-1],"loss_changes":[3.9908496E2,5.4721962E1,1.2091095E1,0E0,8.503458E0,0E0,0E0,1.191122E0,0E0,0E0,0E0],"parents":[2147483647,0,0,1,1,2,2,4,4,7,7],"right_children":[2,4,6,-1,8,-1,-1,10,-1,-1,-1],"split_conditions":[6.9514346E-1,3.0199257E-1,8.978018E-1,-7.4869984E-1,5.913297E-1,3.663709E-1,1.1172291E0,5.021052E-1,6.8813324E-2,-2.4307835E-1,-4.753418E-2],"split_indices":[0,0,0,0,0,0,0,0,0,0,0],"split_type":[0,0,0,0,0,0,0,0,0,0,0],"sum_hessian":[9E0,6E0,3E0,2E0,4E0,2E0,1E0,3E0,1E0,2E0,1E0],"tree_param":{"num_deleted":"0","num_feature":"2","num_nodes":"11","size_leaf_vector":"1"}},{"base_weights":[4.1202506E-1,-3.9093556E0,7.871435E0,-6.9878656E-1,-1.2803787E0,3.4194615E-1,1.0613679E0,-1.9273357E0,6.537247E-2,-2.2687303E-1,-4.5157623E-2],"categories":[],"categories_nodes":[],"categories_segments":[],"categories_sizes":[],"default_left":[0,0,0,0,0,0,0,0,0,0,0],"id":25,"left_children":[1,3,5,-1,7,-1,-1,9,-1,-1,-1],"loss_changes":[3.5312177E2,4.7706215E1,1.2540512E1,0E0,7.5163555E0,0E0,0E0,9.907608E-1,0E0,0E0,0E0],"parents":[2147483647,0,0,1,1,2,2,4,4,7,7],"right_children":[2,4,6,-1,8,-1,-1,10,-1,-1,-1],"split_conditions":[6.9514346E-1,3.0199257E-1,8.978018E-1,-6.9878656E-1,5.913297E-1,3.4194615E-1,1.0613679E0,5.021052E-1,6.537247E-2,-2.2687303E-1,-4.5157623E-2],"split_indices":[0,0,0,0,0,0,0,0,0,0,0],"split_type":[0,0,0,0,0,0,0,0,0,0,0],"sum_hessian":[9E0,6E0,3E0,2E0,4E0,2E0,1E0,3E0,1E0,2E0,1E0],"tree_param":{"num_deleted":"0","num_feature":"2","num_nodes":"11","size_leaf_vector":"1"}},{"base_weights":[4.2060852E-1,-3.6477695E0,7.4351177E0,-5.775485E0,-6.081114E-1,3.1914952E-1,1.0082992E0,-7.641506E-1,-2.6063094E-1,-1.2248421E-1,6.2104035E-2],"categories":[],"categories_nodes":[],"categories_segments":[],"categories_sizes":[],"default_left":[0,0,0,0,0,0,0,0,0,0,0],"id":26,"left_children":[1,3,5,7,9,-1,-1,-1,-1,-1,-1],"loss_changes":[3.1249835E2,4.1760567E1,1.276651E1,3.738861E0,3.7928987E0,0E0,0E0,0E0,0E0,0E0,0E0],"parents":[2147483647,0,0,1,1,2,2,3,3,4,4],"right_children":[2,4,6,8,10,-1,-1,-1,-1,-1,-1],"split_conditions":[6.9514346E-1,3.9853618E-1,8.978018E-1,2.0163028E-1,5.913297E-1,3.1914952E-1,1.0082992E0,-7.641506E-1,-2.6063094E-1,-1.2248421E-1,6.2104035E-2],"split_indices":[0,0,0,0,0,0,0,0,0,0,0],"split_type":[0,0,0,0,0,0,0,0,0,0,0],"sum_hessian":[9E0,6E0,3E0,3E0,3E0,2E0,1E0,1E0,2E0,2E0,1E0],"tree_param":{"num_deleted":"0","num_feature":"2","num_nodes":"11","size_leaf_vector":"1"}},{"base_weights":[4.0277576E-1,-3.4380152E0,7.023466E0,-6.1804146E-1,-1.1049728E0,2.9787266E-1,9.5788425E-1,-1.9897766E-1,1.4815521E-1,-3.677559E-2,5.899887E-2],"categories":[],"categories_nodes":[],"categories_segments":[],"categories_sizes":[],"default_left":[0,0,0,0,0,0,0,0,0,0,0],"id":27,"left_children":[1,3,5,-1,7,-1,-1,-1,9,-1,-1],"loss_changes":[2.7843365E2,3.795775E1,1.2810577E1,0E0,5.8386583E0,0E0,0E0,0E0,9.0081227E-1,0E0,0E0],"parents":[2147483647,0,0,1,1,2,2,4,4,8,8],"right_children":[2,4,6,-1,8,-1,-1,-1,10,-1,-1],"split_conditions":[6.9514346E-1,3.0199257E-1,8.978018E-1,-6.1804146E-1,5.021052E-1,2.9787266E-1,9.5788425E-1,-1.9897766E-1,5.913297E-1,-3.677559E-2,5.899887E-2],"split_indices":[0,0,0,0,0,0,0,0,0,0,0],"split_type":[0,0,0,0,0,0,0,0,0,0,0],"sum_hessian":[9E0,6E0,3E0,2E0,4E0,2E0,1E0,2E0,2E0,1E0,1E0],"tree_param":{"num_deleted":"0","num_feature":"2","num_nodes":"11","size_leaf_vector":"1"}},{"base_weights":[4.0859395E-1,-3.2077558E0,6.6350574E0,-6.95041E-1,-1.4255785E0,2.780144E-1,9.0998995E-1,-2.243928E-1,1.4074707E-1,-3.4936905E-2,5.6048967E-2],"categories":[],"categories_nodes":[],"categories_segments":[],"categories_sizes":[],"default_left":[0,0,0,0,0,0,0,0,0,0,0],"id":28,"left_children":[1,3,5,-1,7,-1,-1,-1,9,-1,-1],"loss_changes":[2.4645433E2,3.6782158E1,1.2707977E1,0E0,8.006637E0,0E0,0E0,0E0,8.129856E-1,0E0,0E0],"parents":[2147483647,0,0,1,1,2,2,4,4,8,8],"right_children":[2,4,6,-1,8,-1,-1,-1,10,-1,-1],"split_conditions":[6.9514346E-1,2.0163028E-1,8.978018E-1,-6.95041E-1,5.021052E-1,2.780144E-1,9.0998995E-1,-2.243928E-1,5.913297E-1,-3.4936905E-2,5.6048967E-2],"split_indices":[0,0,0,0,0,0,0,0,0,0,0],"split_type":[0,0,0,0,0,0,0,0,0,0,0],"sum_hessian":[9E0,6E0,3E0,1E0,5E0,2E0,1E0,3E0,2E0,1E0,1E0],"tree_param":{"num_deleted":"0","num_feature":"2","num_nodes":"11","size_leaf_vector":"1"}},{"base_weights":[3.9670277E-1,-3.015312E0,6.268553E0,-6.6028893E-1,-1.3169008E0,2.5948003E-1,8.644905E-1,-2.075634E-1,1.3371022E-1,-3.3190157E-2,5.3246688E-2],"categories":[],"categories_nodes":[],"categories_segments":[],"categories_sizes":[],"default_left":[0,0,0,0,0,0,0,0,0,0,0],"id":29,"left_children":[1,3,5,-1,7,-1,-1,-1,9,-1,-1],"loss_changes":[2.1925003E2,3.3956913E1,1.24887085E1,0E0,6.8812933E0,0E0,0E0,0E0,7.3372394E-1,0E0,0E0],"parents":[2147483647,0,0,1,1,2,2,4,4,8,8],"right_children":[2,4,6,-1,8,-1,-1,-1,10,-1,-1],"split_conditions":[6.9514346E-1,2.0163028E-1,8.978018E-1,-6.6028893E-1,5.021052E-1,2.5948003E-1,8.644905E-1,-2.075634E-1,5.913297E-1,-3.3190157E-2,5.3246688E-2],"split_indices":[0,0,0,0,0,0,0,0,0,0,0],"split_type":[0,0,0,0,0,0,0,0,0,0,0],"sum_hessian":[9E0,6E0,3E0,1E0,5E0,2E0,1E0,3E0,2E0,1E0,1E0],"tree_param":{"num_deleted":"0","num_feature":"2","num_nodes":"11","size_leaf_vector":"1"}},{"base_weights":[3.8465005E-1,-2.834894E0,5.9226894E0,-6.2727445E-1,-1.2164615E0,1.2574922E-1,7.058591E-1,-1.9199605E-1,1.2702434E-1,-3.1530764E-2,5.0584413E-2],"categories":[],"categories_nodes":[],"categories_segments":[],"categories_sizes":[],"default_left":[0,0,0,0,0,0,0,0,0,0,0],"id":30,"left_children":[1,3,5,-1,7,-1,-1,-1,9,-1,-1],"loss_changes":[1.9508981E2,3.1316944E1,1.2320694E1,0E0,5.914727E0,0E0,0E0,0E0,6.6218877E-1,0E0,0E0],"parents":[2147483647,0,0,1,1,2,2,4,4,8,8],"right_children":[2,4,6,-1,8,-1,-1,-1,10,-1,-1],"split_conditions":[6.9514346E-1,2.0163028E-1,8.135465E-1,-6.2727445E-1,5.021052E-1,1.2574922E-1,7.058591E-1,-1.9199605E-1,5.913297E-1,-3.1530764E-2,5.0584413E-2],"split_indices":[0,0,0,0,0,0,0,0,0,0,0],"split_type":[0,0,0,0,0,0,0,0,0,0,0],"sum_hessian":[9E0,6E0,3E0,1E0,5E0,1E0,2E0,3E0,2E0,1E0,1E0],"tree_param":{"num_deleted":"0","num_feature":"2","num_nodes":"11","size_leaf_vector":"1"}},{"base_weights":[3.4932536E-1,-2.6657205E0,5.5383244E0,-5.959107E-1,-1.1236382E0,2.1446101E-1,7.8597337E-1,-1.7759629E-1,1.2067413E-1,-2.9954148E-2,4.805527E-2],"categories":[],"categories_nodes":[],"categories_segments":[],"categories_sizes":[],"default_left":[0,0,0,0,0,0,0,0,0,0,0],"id":31,"left_children":[1,3,5,-1,7,-1,-1,-1,9,-1,-1],"loss_changes":[1.7121432E2,2.8854836E1,1.4656731E1,0E0,5.084486E0,0E0,0E0,0E0,5.9762514E-1,0E0,0E0],"parents":[2147483647,0,0,1,1,2,2,4,4,8,8],"right_children":[2,4,6,-1,8,-1,-1,-1,10,-1,-1],"split_conditions":[6.9514346E-1,2.0163028E-1,8.978018E-1,-5.959107E-1,5.021052E-1,2.1446101E-1,7.8597337E-1,-1.7759629E-1,5.913297E-1,-2.9954148E-2,4.805527E-2],"split_indices":[0,0,0,0,0,0,0,0,0,0,0],"split_type":[0,0,0,0,0,0,0,0,0,0,0],"sum_hessian":[9E0,6E0,3E0,1E0,5E0,2E0,1E0,3E0,2E0,1E0,1E0],"tree_param":{"num_deleted":"0","num_feature":"2","num_nodes":"11","size_leaf_vector":"1"}},{"base_weights":[3.3889467E-1,-2.5070636E0,5.234598E0,-5.661152E-1,-1.037857E0,2.0016353E-1,7.4667436E-1,-1.6427651E-1,1.1463928E-1,-2.8456498E-2,4.565239E-2],"categories":[],"categories_nodes":[],"categories_segments":[],"categories_sizes":[],"default_left":[0,0,0,0,0,0,0,0,0,0,0],"id":32,"left_children":[1,3,5,-1,7,-1,-1,-1,9,-1,-1],"loss_changes":[1.5245316E2,2.6562584E1,1.3920074E1,0E0,4.3712516E0,0E0,0E0,0E0,5.3935605E-1,0E0,0E0],"parents":[2147483647,0,0,1,1,2,2,4,4,8,8],"right_children":[2,4,6,-1,8,-1,-1,-1,10,-1,-1],"split_conditions":[6.9514346E-1,2.0163028E-1,8.978018E-1,-5.661152E-1,5.021052E-1,2.0016353E-1,7.4667436E-1,-1.6427651E-1,5.913297E-1,-2.8456498E-2,4.565239E-2],"split_indices":[0,0,0,0,0,0,0,0,0,0,0],"split_type":[0,0,0,0,0,0,0,0,0,0,0],"sum_hessian":[9E0,6E0,3E0,1E0,5E0,2E0,1E0,3E0,2E0,1E0,1E0],"tree_param":{"num_deleted":"0","num_feature":"2","num_nodes":"11","size_leaf_vector":"1"}},{"base_weights":[3.2836896E-1,-2.3582428E0,4.9478474E0,-5.378095E-1,-9.585851E-1,1.8681921E-1,7.093407E-1,-1.519558E-1,1.0890707E-1,-2.7033616E-2,4.3369677E-2],"categories":[],"categories_nodes":[],"categories_segments":[],"categories_sizes":[],"default_left":[0,0,0,0,0,0,0,0,0,0,0],"id":33,"left_children":[1,3,5,-1,7,-1,-1,-1,9,-1,-1],"loss_changes":[1.3577568E2,2.4431953E1,1.3178482E1,0E0,3.7584949E0,0E0,0E0,0E0,4.8676676E-1,0E0,0E0],"parents":[2147483647,0,0,1,1,2,2,4,4,8,8],"right_children":[2,4,6,-1,8,-1,-1,-1,10,-1,-1],"split_conditions":[6.9514346E-1,2.0163028E-1,8.978018E-1,-5.378095E-1,5.021052E-1,1.8681921E-1,7.093407E-1,-1.519558E-1,5.913297E-1,-2.7033616E-2,4.3369677E-2],"split_indices":[0,0,0,0,0,0,0,0,0,0,0],"split_type":[0,0,0,0,0,0,0,0,0,0,0],"sum_hessian":[9E0,6E0,3E0,1E0,5E0,2E0,1E0,3E0,2E0,1E0,1E0],"tree_param":{"num_deleted":"0","num_feature":"2","num_nodes":"11","size_leaf_vector":"1"}},{"base_weights":[3.1780452E-1,-2.2186239E0,4.677103E0,-5.1091903E-1,-8.8533115E-1,1.7436448E-1,6.738739E-1,-1.4055915E-1,1.0345968E-1,-2.5682067E-2,4.120102E-2],"categories":[],"categories_nodes":[],"categories_segments":[],"categories_sizes":[],"default_left":[0,0,0,0,0,0,0,0,0,0,0],"id":34,"left_children":[1,3,5,-1,7,-1,-1,-1,9,-1,-1],"loss_changes":[1.2094722E2,2.2454472E1,1.2440918E1,0E0,3.2319937E0,0E0,0E0,0E0,4.3930683E-1,0E0,0E0],"parents":[2147483647,0,0,1,1,2,2,4,4,8,8],"right_children":[2,4,6,-1,8,-1,-1,-1,10,-1,-1],"split_conditions":[6.9514346E-1,2.0163028E-1,8.978018E-1,-5.1091903E-1,5.021052E-1,1.7436448E-1,6.738739E-1,-1.4055915E-1,5.913297E-1,-2.5682067E-2,4.120102E-2],"split_indices":[0,0,0,0,0,0,0,0,0,0,0],"split_type":[0,0,0,0,0,0,0,0,0,0,0],"sum_hessian":[9E0,6E0,3E0,1E0,5E0,2E0,1E0,3E0,2E0,1E0,1E0],"tree_param":{"num_deleted":"0","num_feature":"2","num_nodes":"11","size_leaf_vector":"1"}},{"base_weights":[3.072527E-1,-2.0876124E0,4.4214535E0,-4.8537302E-1,-8.1763774E-1,1.6274033E-1,6.4018023E-1,-1.3001719E-1,9.828695E-2,-2.4398042E-2,3.9141085E-2],"categories":[],"categories_nodes":[],"categories_segments":[],"categories_sizes":[],"default_left":[0,0,0,0,0,0,0,0,0,0,0],"id":35,"left_children":[1,3,5,-1,7,-1,-1,-1,9,-1,-1],"loss_changes":[1.0775984E2,2.0621702E1,1.1714462E1,0E0,2.7795796E0,0E0,0E0,0E0,3.9647678E-1,0E0,0E0],"parents":[2147483647,0,0,1,1,2,2,4,4,8,8],"right_children":[2,4,6,-1,8,-1,-1,-1,10,-1,-1],"split_conditions":[6.9514346E-1,2.0163028E-1,8.978018E-1,-4.8537302E-1,5.021052E-1,1.6274033E-1,6.4018023E-1,-1.3001719E-1,5.913297E-1,-2.4398042E-2,3.9141085E-2],"split_indices":[0,0,0,0,0,0,0,0,0,0,0],"split_type":[0,0,0,0,0,0,0,0,0,0,0],"sum_hessian":[9E0,6E0,3E0,1E0,5E0,2E0,1E0,3E0,2E0,1E0,1E0],"tree_param":{"num_deleted":"0","num_feature":"2","num_nodes":"11","size_leaf_vector":"1"}},{"base_weights":[2.9675406E-1,-1.9646579E0,4.1800365E0,-4.611044E-1,-7.5508624E-1,1.5189081E-1,6.081711E-1,-1.0548401E0,3.7184145E-2,-1.2026596E-1,-2.31781E-2],"categories":[],"categories_nodes":[],"categories_segments":[],"categories_sizes":[],"default_left":[0,0,0,0,0,0,0,0,0,0,0],"id":36,"left_children":[1,3,5,-1,7,-1,-1,9,-1,-1,-1],"loss_changes":[9.602936E1,1.892522E1,1.1004837E1,0E0,2.4190385E0,0E0,0E0,3.2956743E-1,0E0,0E0,0E0],"parents":[2147483647,0,0,1,1,2,2,4,4,7,7],"right_children":[2,4,6,-1,8,-1,-1,10,-1,-1,-1],"split_conditions":[6.9514346E-1,2.0163028E-1,8.978018E-1,-4.611044E-1,5.913297E-1,1.5189081E-1,6.081711E-1,5.021052E-1,3.7184145E-2,-1.2026596E-1,-2.31781E-2],"split_indices":[0,0,0,0,0,0,0,0,0,0,0],"split_type":[0,0,0,0,0,0,0,0,0,0,0],"sum_hessian":[9E0,6E0,3E0,1E0,5E0,2E0,1E0,4E0,1E0,3E0,1E0],"tree_param":{"num_deleted":"0","num_feature":"2","num_nodes":"11","size_leaf_vector":"1"}},{"base_weights":[2.8634796E-1,-1.45574E0,4.8364663E0,-4.3804914E-1,-4.121339E-1,1.4770737E-1,5.777626E-1,-9.7804487E-1,6.6842906E-2,-1.1124601E-1,-2.2019196E-2],"categories":[],"categories_nodes":[],"categories_segments":[],"categories_sizes":[],"default_left":[0,0,0,0,0,0,0,0,0,0,0],"id":37,"left_children":[1,3,5,-1,7,-1,-1,9,-1,-1,-1],"loss_changes":[8.63077E1,2.2612957E1,9.5119476E-1,0E0,4.9342704E0,0E0,0E0,2.6438046E-1,0E0,0E0,0E0],"parents":[2147483647,0,0,1,1,2,2,4,4,7,7],"right_children":[2,4,6,-1,8,-1,-1,10,-1,-1,-1],"split_conditions":[8.135465E-1,2.0163028E-1,8.978018E-1,-4.3804914E-1,5.913297E-1,1.4770737E-1,5.777626E-1,5.021052E-1,6.6842906E-2,-1.1124601E-1,-2.2019196E-2],"split_indices":[0,0,0,0,0,0,0,0,0,0,0],"split_type":[0,0,0,0,0,0,0,0,0,0,0],"sum_hessian":[9E0,7E0,2E0,1E0,6E0,1E0,1E0,4E0,2E0,3E0,1E0],"tree_param":{"num_deleted":"0","num_feature":"2","num_nodes":"11","size_leaf_vector":"1"}},{"base_weights":[2.798136E-1,-1.373225E0,4.594645E0,-4.1614667E-1,-3.804095E-1,1.4032212E-1,5.488747E-1,-9.068943E-1,6.238683E-2,-1.0290265E-1,-2.0918274E-2],"categories":[],"categories_nodes":[],"categories_segments":[],"categories_sizes":[],"default_left":[0,0,0,0,0,0,0,0,0,0,0],"id":38,"left_children":[1,3,5,-1,7,-1,-1,9,-1,-1,-1],"loss_changes":[7.763531E1,2.0562614E1,8.584442E-1,0E0,4.266942E0,0E0,0E0,2.1081066E-1,0E0,0E0,0E0],"parents":[2147483647,0,0,1,1,2,2,4,4,7,7],"right_children":[2,4,6,-1,8,-1,-1,10,-1,-1,-1],"split_conditions":[8.135465E-1,2.0163028E-1,8.978018E-1,-4.1614667E-1,5.913297E-1,1.4032212E-1,5.488747E-1,5.021052E-1,6.238683E-2,-1.0290265E-1,-2.0918274E-2],"split_indices":[0,0,0,0,0,0,0,0,0,0,0],"split_type":[0,0,0,0,0,0,0,0,0,0,0],"sum_hessian":[9E0,7E0,2E0,1E0,6E0,1E0,1E0,4E0,2E0,3E0,1E0],"tree_param":{"num_deleted":"0","num_feature":"2","num_nodes":"11","size_leaf_vector":"1"}},{"base_weights":[2.7299443E-1,-1.2955997E0,4.364914E0,-3.953393E-1,-3.5114452E-1,1.3330613E-1,5.2143097E-1,-8.409691E-1,5.8227796E-2,-9.5185E-2,-1.9872284E-2],"categories":[],"categories_nodes":[],"categories_segments":[],"categories_sizes":[],"default_left":[0,0,0,0,0,0,0,0,0,0,0],"id":39,"left_children":[1,3,5,-1,7,-1,-1,9,-1,-1,-1],"loss_changes":[6.984079E1,1.8693121E1,7.747345E-1,0E0,3.6901703E0,0E0,0E0,1.6690993E-1,0E0,0E0,0E0],"parents":[2147483647,0,0,1,1,2,2,4,4,7,7],"right_children":[2,4,6,-1,8,-1,-1,10,-1,-1,-1],"split_conditions":[8.135465E-1,2.0163028E-1,8.978018E-1,-3.953393E-1,5.913297E-1,1.3330613E-1,5.2143097E-1,5.021052E-1,5.8227796E-2,-9.5185E-2,-1.9872284E-2],"split_indices":[0,0,0,0,0,0,0,0,0,0,0],"split_type":[0,0,0,0,0,0,0,0,0,0,0],"sum_hessian":[9E0,7E0,2E0,1E0,6E0,1E0,1E0,4E0,2E0,3E0,1E0],"tree_param":{"num_deleted":"0","num_feature":"2","num_nodes":"11","size_leaf_vector":"1"}},{"base_weights":[2.659525E-1,-1.2225606E0,4.14667E0,-3.755723E-1,-3.2414845E-1,1.266407E-1,4.953598E-1,-7.7988356E-1,5.434596E-2,-8.804617E-2,-1.8878555E-2],"categories":[],"categories_nodes":[],"categories_segments":[],"categories_sizes":[],"default_left":[0,0,0,0,0,0,0,0,0,0,0],"id":40,"left_children":[1,3,5,-1,7,-1,-1,9,-1,-1,-1],"loss_changes":[6.2834545E1,1.6989182E1,6.992264E-1,0E0,3.1916313E0,0E0,0E0,1.3103914E-1,0E0,0E0,0E0],"parents":[2147483647,0,0,1,1,2,2,4,4,7,7],"right_children":[2,4,6,-1,8,-1,-1,10,-1,-1,-1],"split_conditions":[8.135465E-1,2.0163028E-1,8.978018E-1,-3.755723E-1,5.913297E-1,1.266407E-1,4.953598E-1,5.021052E-1,5.434596E-2,-8.804617E-2,-1.8878555E-2],"split_indices":[0,0,0,0,0,0,0,0,0,0,0],"split_type":[0,0,0,0,0,0,0,0,0,0,0],"sum_hessian":[9E0,7E0,2E0,1E0,6E0,1E0,1E0,4E0,2E0,3E0,1E0],"tree_param":{"num_deleted":"0","num_feature":"2","num_nodes":"11","size_leaf_vector":"1"}},{"base_weights":[2.5874233E-1,-1.1538231E0,3.939336E0,-3.567937E-1,-2.9924446E-1,1.2030869E-1,4.7059175E-1,-7.232803E-1,5.0723013E-2,-8.144265E-2,-1.79348E-2],"categories":[],"categories_nodes":[],"categories_segments":[],"categories_sizes":[],"default_left":[0,0,0,0,0,0,0,0,0,0,0],"id":41,"left_children":[1,3,5,-1,7,-1,-1,9,-1,-1,-1],"loss_changes":[5.65361E1,1.5436716E1,6.310425E-1,0E0,2.7606888E0,0E0,0E0,1.0182047E-1,0E0,0E0,0E0],"parents":[2147483647,0,0,1,1,2,2,4,4,7,7],"right_children":[2,4,6,-1,8,-1,-1,10,-1,-1,-1],"split_conditions":[8.135465E-1,2.0163028E-1,8.978018E-1,-3.567937E-1,5.913297E-1,1.2030869E-1,4.7059175E-1,5.021052E-1,5.0723013E-2,-8.144265E-2,-1.79348E-2],"split_indices":[0,0,0,0,0,0,0,0,0,0,0],"split_type":[0,0,0,0,0,0,0,0,0,0,0],"sum_hessian":[9E0,7E0,2E0,1E0,6E0,1E0,1E0,4E0,2E0,3E0,1E0],"tree_param":{"num_deleted":"0","num_feature":"2","num_nodes":"11","size_leaf_vector":"1"}},{"base_weights":[2.514139E-1,-1.0891206E0,3.742368E0,-3.3895397E-1,-2.7626938E-1,1.1429329E-1,4.4706193E-1,-6.708271E-1,4.7341667E-2,-8.352515E-2,-2.8279368E-2],"categories":[],"categories_nodes":[],"categories_segments":[],"categories_sizes":[],"default_left":[0,0,0,0,0,0,0,0,0,0,0],"id":42,"left_children":[1,3,5,-1,7,-1,-1,9,-1,-1,-1],"loss_changes":[5.0873337E1,1.4022762E1,5.695076E-1,0E0,2.3881416E0,0E0,0E0,8.2806826E-2,0E0,0E0,0E0],"parents":[2147483647,0,0,1,1,2,2,4,4,7,7],"right_children":[2,4,6,-1,8,-1,-1,10,-1,-1,-1],"split_conditions":[8.135465E-1,2.0163028E-1,8.978018E-1,-3.3895397E-1,5.913297E-1,1.1429329E-1,4.4706193E-1,3.9853618E-1,4.7341667E-2,-8.352515E-2,-2.8279368E-2],"split_indices":[0,0,0,0,0,0,0,0,0,0,0],"split_type":[0,0,0,0,0,0,0,0,0,0,0],"sum_hessian":[9E0,7E0,2E0,1E0,6E0,1E0,1E0,4E0,2E0,2E0,2E0],"tree_param":{"num_deleted":"0","num_feature":"2","num_nodes":"11","size_leaf_vector":"1"}},{"base_weights":[2.4206619E-1,-1.0306349E0,3.555247E0,-3.2200623E-1,-2.5785065E-1,1.08578496E-1,4.2470858E-1,-6.261047E-1,4.418564E-2,-7.045116E-2,-1.5623855E-2],"categories":[],"categories_nodes":[],"categories_segments":[],"categories_sizes":[],"default_left":[0,0,0,0,0,0,0,0,0,0,0],"id":43,"left_children":[1,3,5,-1,7,-1,-1,9,-1,-1,-1],"loss_changes":[4.583105E1,1.2705344E1,5.1398087E-1,0E0,2.080338E0,0E0,0E0,7.4132085E-2,0E0,0E0,0E0],"parents":[2147483647,0,0,1,1,2,2,4,4,7,7],"right_children":[2,4,6,-1,8,-1,-1,10,-1,-1,-1],"split_conditions":[8.135465E-1,2.0163028E-1,8.978018E-1,-3.2200623E-1,5.913297E-1,1.08578496E-1,4.2470858E-1,5.021052E-1,4.418564E-2,-7.045116E-2,-1.5623855E-2],"split_indices":[0,0,0,0,0,0,0,0,0,0,0],"split_type":[0,0,0,0,0,0,0,0,0,0,0],"sum_hessian":[9E0,7E0,2E0,1E0,6E0,1E0,1E0,4E0,2E0,3E0,1E0],"tree_param":{"num_deleted":"0","num_feature":"2","num_nodes":"11","size_leaf_vector":"1"}},{"base_weights":[2.3479787E-1,-9.7305846E-1,3.3774822E0,-3.059059E-1,-2.3804991E-1,1.03149414E-1,4.034729E-1,-5.8070946E-1,4.123993E-2,-7.3260054E-2,-2.3524856E-2],"categories":[],"categories_nodes":[],"categories_segments":[],"categories_sizes":[],"default_left":[0,0,0,0,0,0,0,0,0,0,0],"id":44,"left_children":[1,3,5,-1,7,-1,-1,9,-1,-1,-1],"loss_changes":[4.1245598E1,1.1537618E1,4.6387863E-1,0E0,1.7996626E0,0E0,0E0,9.001887E-2,0E0,0E0,0E0],"parents":[2147483647,0,0,1,1,2,2,4,4,7,7],"right_children":[2,4,6,-1,8,-1,-1,10,-1,-1,-1],"split_conditions":[8.135465E-1,2.0163028E-1,8.978018E-1,-3.059059E-1,5.913297E-1,1.03149414E-1,4.034729E-1,3.9853618E-1,4.123993E-2,-7.3260054E-2,-2.3524856E-2],"split_indices":[0,0,0,0,0,0,0,0,0,0,0],"split_type":[0,0,0,0,0,0,0,0,0,0,0],"sum_hessian":[9E0,7E0,2E0,1E0,6E0,1E0,1E0,4E0,2E0,2E0,2E0],"tree_param":{"num_deleted":"0","num_feature":"2","num_nodes":"11","size_leaf_vector":"1"}},{"base_weights":[2.258356E-1,-9.209335E-1,3.208608E0,-2.906106E-1,-2.2217941E-1,9.799194E-2,3.8329926E-1,-5.41996E-1,3.8490806E-2,-6.8376034E-2,-2.1956636E-2],"categories":[],"categories_nodes":[],"categories_segments":[],"categories_sizes":[],"default_left":[0,0,0,0,0,0,0,0,0,0,0],"id":45,"left_children":[1,3,5,-1,7,-1,-1,9,-1,-1,-1],"loss_changes":[3.7160427E1,1.0451502E1,4.1865158E-1,0E0,1.5677152E0,0E0,0E0,7.841432E-2,0E0,0E0,0E0],"parents":[2147483647,0,0,1,1,2,2,4,4,7,7],"right_children":[2,4,6,-1,8,-1,-1,10,-1,-1,-1],"split_conditions":[8.135465E-1,2.0163028E-1,8.978018E-1,-2.906106E-1,5.913297E-1,9.799194E-2,3.8329926E-1,3.9853618E-1,3.8490806E-2,-6.8376034E-2,-2.1956636E-2],"split_indices":[0,0,0,0,0,0,0,0,0,0,0],"split_type":[0,0,0,0,0,0,0,0,0,0,0],"sum_hessian":[9E0,7E0,2E0,1E0,6E0,1E0,1E0,4E0,2E0,2E0,2E0],"tree_param":{"num_deleted":"0","num_feature":"2","num_nodes":"11","size_leaf_vector":"1"}},{"base_weights":[2.17136E-1,-8.716464E-1,3.048177E0,-2.7608004E-1,-2.0736721E-1,9.3092345E-2,3.6413422E-1,-5.0586283E-1,3.5924785E-2,-6.3817665E-2,-2.0492809E-2],"categories":[],"categories_nodes":[],"categories_segments":[],"categories_sizes":[],"default_left":[0,0,0,0,0,0,0,0,0,0,0],"id":46,"left_children":[1,3,5,-1,7,-1,-1,9,-1,-1,-1],"loss_changes":[3.348081E1,9.466906E0,3.778305E-1,0E0,1.3656548E0,0E0,0E0,6.830871E-2,0E0,0E0,0E0],"parents":[2147483647,0,0,1,1,2,2,4,4,7,7],"right_children":[2,4,6,-1,8,-1,-1,10,-1,-1,-1],"split_conditions":[8.135465E-1,2.0163028E-1,8.978018E-1,-2.7608004E-1,5.913297E-1,9.3092345E-2,3.6413422E-1,3.9853618E-1,3.5924785E-2,-6.3817665E-2,-2.0492809E-2],"split_indices":[0,0,0,0,0,0,0,0,0,0,0],"split_type":[0,0,0,0,0,0,0,0,0,0,0],"sum_hessian":[9E0,7E0,2E0,1E0,6E0,1E0,1E0,4E0,2E0,2E0,2E0],"tree_param":{"num_deleted":"0","num_feature":"2","num_nodes":"11","size_leaf_vector":"1"}},{"base_weights":[2.0869751E-1,-8.250408E-1,2.8957672E0,-2.6227608E-1,-1.9354357E-1,8.8437654E-2,3.4592745E-1,-4.7213897E-1,3.3529663E-1,-5.956319E-2,-1.9126637E-2,1.0339737E-2,3.995476E-2],"categories":[],"categories_nodes":[],"categories_segments":[],"categories_sizes":[],"default_left":[0,0,0,0,0,0,0,0,0,0,0,0,0],"id":47,"left_children":[1,3,5,-1,7,-1,-1,9,11,-1,-1,-1,-1],"loss_changes":[3.0166395E1,8.574423E0,3.409977E-1,0E0,1.1896337E0,0E0,0E0,5.950451E-2,3.3870935E-3,0E0,0E0,0E0,0E0],"parents":[2147483647,0,0,1,1,2,2,4,4,7,7,8,8],"right_children":[2,4,6,-1,8,-1,-1,10,12,-1,-1,-1,-1],"split_conditions":[8.135465E-1,2.0163028E-1,8.978018E-1,-2.6227608E-1,5.913297E-1,8.8437654E-2,3.4592745E-1,3.9853618E-1,6.9514346E-1,-5.956319E-2,-1.9126637E-2,1.0339737E-2,3.995476E-2],"split_indices":[0,0,0,0,0,0,0,0,0,0,0,0,0],"split_type":[0,0,0,0,0,0,0,0,0,0,0,0,0],"sum_hessian":[9E0,7E0,2E0,1E0,6E0,1E0,1E0,4E0,2E0,2E0,2E0,1E0,1E0],"tree_param":{"num_deleted":"0","num_feature":"2","num_nodes":"13","size_leaf_vector":"1"}},{"base_weights":[2.0219651E-1,-7.788706E-1,2.7509766E0,-2.491623E-1,-1.7824554E-1,8.401566E-2,3.2863083E-1,-4.4066316E-1,3.1853232E-1,-5.5592347E-2,-1.7851513E-2,9.822845E-3,3.7957E-2],"categories":[],"categories_nodes":[],"categories_segments":[],"categories_sizes":[],"default_left":[0,0,0,0,0,0,0,0,0,0,0,0,0],"id":48,"left_children":[1,3,5,-1,7,-1,-1,9,11,-1,-1,-1,-1],"loss_changes":[2.7147896E1,7.785655E0,3.0775452E-1,0E0,1.0529083E0,0E0,0E0,5.1835537E-2,3.05596E-3,0E0,0E0,0E0,0E0],"parents":[2147483647,0,0,1,1,2,2,4,4,7,7,8,8],"right_children":[2,4,6,-1,8,-1,-1,10,12,-1,-1,-1,-1],"split_conditions":[8.135465E-1,2.0163028E-1,8.978018E-1,-2.491623E-1,5.913297E-1,8.401566E-2,3.2863083E-1,3.9853618E-1,6.9514346E-1,-5.5592347E-2,-1.7851513E-2,9.822845E-3,3.7957E-2],"split_indices":[0,0,0,0,0,0,0,0,0,0,0,0,0],"split_type":[0,0,0,0,0,0,0,0,0,0,0,0,0],"sum_hessian":[9E0,7E0,2E0,1E0,6E0,1E0,1E0,4E0,2E0,2E0,2E0,1E0,1E0],"tree_param":{"num_deleted":"0","num_feature":"2","num_nodes":"13","size_leaf_vector":"1"}},{"base_weights":[1.9575901E-1,-7.35337E-1,2.6134288E0,-2.3670416E-1,-1.6408756E-1,7.981491E-2,3.121994E-1,-4.112854E-1,3.0260468E-1,-5.1886242E-2,-1.6661327E-2,9.331512E-3,3.605919E-2],"categories":[],"categories_nodes":[],"categories_segments":[],"categories_sizes":[],"default_left":[0,0,0,0,0,0,0,0,0,0,0,0,0],"id":49,"left_children":[1,3,5,-1,7,-1,-1,9,11,-1,-1,-1,-1],"loss_changes":[2.4432579E1,7.06848E0,2.777462E-1,0E0,9.32014E-1,0E0,0E0,4.515624E-2,2.7596653E-3,0E0,0E0,0E0,0E0],"parents":[2147483647,0,0,1,1,2,2,4,4,7,7,8,8],"right_children":[2,4,6,-1,8,-1,-1,10,12,-1,-1,-1,-1],"split_conditions":[8.135465E-1,2.0163028E-1,8.978018E-1,-2.3670416E-1,5.913297E-1,7.981491E-2,3.121994E-1,3.9853618E-1,6.9514346E-1,-5.1886242E-2,-1.6661327E-2,9.331512E-3,3.605919E-2],"split_indices":[0,0,0,0,0,0,0,0,0,0,0,0,0],"split_type":[0,0,0,0,0,0,0,0,0,0,0,0,0],"sum_hessian":[9E0,7E0,2E0,1E0,6E0,1E0,1E0,4E0,2E0,2E0,2E0,1E0,1E0],"tree_param":{"num_deleted":"0","num_feature":"2","num_nodes":"13","size_leaf_vector":"1"}},{"base_weights":[1.8939915E-1,-6.9428515E-1,2.4827576E0,-2.2486897E-1,-1.5098599E-1,7.582398E-2,2.9658967E-1,-3.8386574E-1,2.874756E-1,-4.842714E-2,-1.5550487E-2,8.864976E-3,3.4256365E-2],"categories":[],"categories_nodes":[],"categories_segments":[],"categories_sizes":[],"default_left":[0,0,0,0,0,0,0,0,0,0,0,0,0],"id":50,"left_children":[1,3,5,-1,7,-1,-1,9,11,-1,-1,-1,-1],"loss_changes":[2.1989788E1,6.416533E0,2.5068665E-1,0E0,8.2511383E-1,0E0,0E0,3.933704E-2,2.490595E-3,0E0,0E0,0E0,0E0],"parents":[2147483647,0,0,1,1,2,2,4,4,7,7,8,8],"right_children":[2,4,6,-1,8,-1,-1,10,12,-1,-1,-1,-1],"split_conditions":[8.135465E-1,2.0163028E-1,8.978018E-1,-2.2486897E-1,5.913297E-1,7.582398E-2,2.9658967E-1,3.9853618E-1,6.9514346E-1,-4.842714E-2,-1.5550487E-2,8.864976E-3,3.4256365E-2],"split_indices":[0,0,0,0,0,0,0,0,0,0,0,0,0],"split_type":[0,0,0,0,0,0,0,0,0,0,0,0,0],"sum_hessian":[9E0,7E0,2E0,1E0,6E0,1E0,1E0,4E0,2E0,2E0,2E0,1E0,1E0],"tree_param":{"num_deleted":"0","num_feature":"2","num_nodes":"13","size_leaf_vector":"1"}},{"base_weights":[1.8312855E-1,-6.5557265E-1,2.3586223E0,-2.1362554E-1,-1.3886724E-1,7.203293E-2,2.8176042E-1,-3.5827523E-1,2.731018E-1,-4.074216E-2,-8.084488E-3,8.421707E-3,3.2543566E-2],"categories":[],"categories_nodes":[],"categories_segments":[],"categories_sizes":[],"default_left":[0,0,0,0,0,0,0,0,0,0,0,0,0],"id":51,"left_children":[1,3,5,-1,7,-1,-1,9,11,-1,-1,-1,-1],"loss_changes":[1.979214E1,5.8239584E0,2.2623825E-1,0E0,7.3057073E-1,0E0,0E0,3.5235465E-2,2.2479445E-3,0E0,0E0,0E0,0E0],"parents":[2147483647,0,0,1,1,2,2,4,4,7,7,8,8],"right_children":[2,4,6,-1,8,-1,-1,10,12,-1,-1,-1,-1],"split_conditions":[8.135465E-1,2.0163028E-1,8.978018E-1,-2.1362554E-1,5.913297E-1,7.203293E-2,2.8176042E-1,5.021052E-1,6.9514346E-1,-4.074216E-2,-8.084488E-3,8.421707E-3,3.2543566E-2],"split_indices":[0,0,0,0,0,0,0,0,0,0,0,0,0],"split_type":[0,0,0,0,0,0,0,0,0,0,0,0,0],"sum_hessian":[9E0,7E0,2E0,1E0,6E0,1E0,1E0,4E0,2E0,3E0,1E0,1E0,1E0],"tree_param":{"num_deleted":"0","num_feature":"2","num_nodes":"13","size_leaf_vector":"1"}},{"base_weights":[1.7804632E-1,-6.1770165E-1,2.2406921E0,-2.0294423E-1,-1.2610409E-1,6.8431094E-2,2.6767275E-1,-3.3221284E-1,2.594452E-1,-4.2482506E-2,-1.2886303E-2,8.000565E-3,3.0916214E-2],"categories":[],"categories_nodes":[],"categories_segments":[],"categories_sizes":[],"default_left":[0,0,0,0,0,0,0,0,0,0,0,0,0],"id":52,"left_children":[1,3,5,-1,7,-1,-1,9,11,-1,-1,-1,-1],"loss_changes":[1.779754E1,5.2961454E0,2.0419693E-1,0E0,6.424466E-1,0E0,0E0,3.9419115E-2,2.0288378E-3,0E0,0E0,0E0,0E0],"parents":[2147483647,0,0,1,1,2,2,4,4,7,7,8,8],"right_children":[2,4,6,-1,8,-1,-1,10,12,-1,-1,-1,-1],"split_conditions":[8.135465E-1,2.0163028E-1,8.978018E-1,-2.0294423E-1,5.913297E-1,6.8431094E-2,2.6767275E-1,3.9853618E-1,6.9514346E-1,-4.2482506E-2,-1.2886303E-2,8.000565E-3,3.0916214E-2],"split_indices":[0,0,0,0,0,0,0,0,0,0,0,0,0],"split_type":[0,0,0,0,0,0,0,0,0,0,0,0,0],"sum_hessian":[9E0,7E0,2E0,1E0,6E0,1E0,1E0,4E0,2E0,2E0,2E0,1E0,1E0],"tree_param":{"num_deleted":"0","num_feature":"2","num_nodes":"13","size_leaf_vector":"1"}},{"base_weights":[1.7191306E-1,-5.83356E-1,2.1286595E0,-1.9279705E-1,-1.1584391E-1,6.500969E-2,2.5428924E-1,-3.100651E-1,2.4647267E-1,-3.9650284E-2,-1.2027232E-2,7.600403E-3,2.93705E-2],"categories":[],"categories_nodes":[],"categories_segments":[],"categories_sizes":[],"default_left":[0,0,0,0,0,0,0,0,0,0,0,0,0],"id":53,"left_children":[1,3,5,-1,7,-1,-1,9,11,-1,-1,-1,-1],"loss_changes":[1.6020468E1,4.8056445E0,1.8428135E-1,0E0,5.690094E-1,0E0,0E0,3.4337968E-2,1.8321276E-3,0E0,0E0,0E0,0E0],"parents":[2147483647,0,0,1,1,2,2,4,4,7,7,8,8],"right_children":[2,4,6,-1,8,-1,-1,10,12,-1,-1,-1,-1],"split_conditions":[8.135465E-1,2.0163028E-1,8.978018E-1,-1.9279705E-1,5.913297E-1,6.500969E-2,2.5428924E-1,3.9853618E-1,6.9514346E-1,-3.9650284E-2,-1.2027232E-2,7.600403E-3,2.93705E-2],"split_indices":[0,0,0,0,0,0,0,0,0,0,0,0,0],"split_type":[0,0,0,0,0,0,0,0,0,0,0,0,0],"sum_hessian":[9E0,7E0,2E0,1E0,6E0,1E0,1E0,4E0,2E0,2E0,2E0,1E0,1E0],"tree_param":{"num_deleted":"0","num_feature":"2","num_nodes":"13","size_leaf_vector":"1"}},{"base_weights":[1.659009E-1,-5.50959E-1,2.022227E0,-1.831572E-1,-1.0636111E-1,6.1759185E-2,2.4157487E-1,-2.8939477E-1,2.3414867E-1,-3.7006952E-2,-1.1225509E-2,7.220459E-3,2.7901841E-2],"categories":[],"categories_nodes":[],"categories_segments":[],"categories_sizes":[],"default_left":[0,0,0,0,0,0,0,0,0,0,0,0,0],"id":54,"left_children":[1,3,5,-1,7,-1,-1,9,11,-1,-1,-1,-1],"loss_changes":[1.4421422E1,4.360055E0,1.6631508E-1,0E0,5.040346E-1,0E0,0E0,2.991131E-2,1.6527474E-3,0E0,0E0,0E0,0E0],"parents":[2147483647,0,0,1,1,2,2,4,4,7,7,8,8],"right_children":[2,4,6,-1,8,-1,-1,10,12,-1,-1,-1,-1],"split_conditions":[8.135465E-1,2.0163028E-1,8.978018E-1,-1.831572E-1,5.913297E-1,6.1759185E-2,2.4157487E-1,3.9853618E-1,6.9514346E-1,-3.7006952E-2,-1.1225509E-2,7.220459E-3,2.7901841E-2],"split_indices":[0,0,0,0,0,0,0,0,0,0,0,0,0],"split_type":[0,0,0,0,0,0,0,0,0,0,0,0,0],"sum_hessian":[9E0,7E0,2E0,1E0,6E0,1E0,1E0,4E0,2E0,2E0,2E0,1E0,1E0],"tree_param":{"num_deleted":"0","num_feature":"2","num_nodes":"13","size_leaf_vector":"1"}},{"base_weights":[1.600173E-1,-5.2039635E-1,1.9211146E0,-1.7399935E-1,-9.7597666E-2,5.8671188E-2,2.29496E-1,-2.7010232E-1,2.2244263E-1,-3.453986E-2,-1.0477194E-2,6.859589E-3,2.6506806E-2],"categories":[],"categories_nodes":[],"categories_segments":[],"categories_sizes":[],"default_left":[0,0,0,0,0,0,0,0,0,0,0,0,0],"id":55,"left_children":[1,3,5,-1,7,-1,-1,9,11,-1,-1,-1,-1],"loss_changes":[1.2982489E1,3.9553335E0,1.5009975E-1,0E0,4.4654134E-1,0E0,0E0,2.6055694E-2,1.4907867E-3,0E0,0E0,0E0,0E0],"parents":[2147483647,0,0,1,1,2,2,4,4,7,7,8,8],"right_children":[2,4,6,-1,8,-1,-1,10,12,-1,-1,-1,-1],"split_conditions":[8.135465E-1,2.0163028E-1,8.978018E-1,-1.7399935E-1,5.913297E-1,5.8671188E-2,2.29496E-1,3.9853618E-1,6.9514346E-1,-3.453986E-2,-1.0477194E-2,6.859589E-3,2.6506806E-2],"split_indices":[0,0,0,0,0,0,0,0,0,0,0,0,0],"split_type":[0,0,0,0,0,0,0,0,0,0,0,0,0],"sum_hessian":[9E0,7E0,2E0,1E0,6E0,1E0,1E0,4E0,2E0,2E0,2E0,1E0,1E0],"tree_param":{"num_deleted":"0","num_feature":"2","num_nodes":"13","size_leaf_vector":"1"}},{"base_weights":[1.5426798E-1,-4.9156272E-1,1.8250605E0,-1.6529937E-1,-8.950206E-2,5.5737685E-2,2.180214E-1,-2.520958E-1,2.1132152E-1,-3.2237243E-2,-9.778722E-3,6.5166475E-3,2.518158E-2],"categories":[],"categories_nodes":[],"categories_segments":[],"categories_sizes":[],"default_left":[0,0,0,0,0,0,0,0,0,0,0,0,0],"id":56,"left_children":[1,3,5,-1,7,-1,-1,9,11,-1,-1,-1,-1],"loss_changes":[1.1687622E1,3.587779E0,1.3546562E-1,0E0,3.9565748E-1,0E0,0E0,2.2697538E-2,1.3453811E-3,0E0,0E0,0E0,0E0],"parents":[2147483647,0,0,1,1,2,2,4,4,7,7,8,8],"right_children":[2,4,6,-1,8,-1,-1,10,12,-1,-1,-1,-1],"split_conditions":[8.135465E-1,2.0163028E-1,8.978018E-1,-1.6529937E-1,5.913297E-1,5.5737685E-2,2.180214E-1,3.9853618E-1,6.9514346E-1,-3.2237243E-2,-9.778722E-3,6.5166475E-3,2.518158E-2],"split_indices":[0,0,0,0,0,0,0,0,0,0,0,0,0],"split_type":[0,0,0,0,0,0,0,0,0,0,0,0,0],"sum_hessian":[9E0,7E0,2E0,1E0,6E0,1E0,1E0,4E0,2E0,2E0,2E0,1E0,1E0],"tree_param":{"num_deleted":"0","num_feature":"2","num_nodes":"13","size_leaf_vector":"1"}},{"base_weights":[1.486555E-1,-4.6435857E-1,1.7338079E0,-1.570344E-1,-8.20258E-2,5.295067E-2,2.0712052E-1,-2.35289E-1,2.007548E-1,-3.0088043E-2,-9.126791E-3,6.1908723E-3,2.3922348E-2],"categories":[],"categories_nodes":[],"categories_segments":[],"categories_sizes":[],"default_left":[0,0,0,0,0,0,0,0,0,0,0,0,0],"id":57,"left_children":[1,3,5,-1,7,-1,-1,9,11,-1,-1,-1,-1],"loss_changes":[1.0522316E1,3.2540274E0,1.2226677E-1,0E0,3.5061443E-1,0E0,0E0,1.9772023E-2,1.2136474E-3,0E0,0E0,0E0,0E0],"parents":[2147483647,0,0,1,1,2,2,4,4,7,7,8,8],"right_children":[2,4,6,-1,8,-1,-1,10,12,-1,-1,-1,-1],"split_conditions":[8.135465E-1,2.0163028E-1,8.978018E-1,-1.570344E-1,5.913297E-1,5.295067E-2,2.0712052E-1,3.9853618E-1,6.9514346E-1,-3.0088043E-2,-9.126791E-3,6.1908723E-3,2.3922348E-2],"split_indices":[0,0,0,0,0,0,0,0,0,0,0,0,0],"split_type":[0,0,0,0,0,0,0,0,0,0,0,0,0],"sum_hessian":[9E0,7E0,2E0,1E0,6E0,1E0,1E0,4E0,2E0,2E0,2E0,1E0,1E0],"tree_param":{"num_deleted":"0","num_feature":"2","num_nodes":"13","size_leaf_vector":"1"}},{"base_weights":[1.4318332E-1,-4.3868995E-1,1.6471176E0,-1.491827E-1,-7.512365E-2,5.030327E-2,1.9676438E-1,-2.1960334E-1,1.9071706E-1,-2.5248194E-2,-4.4044494E-3,5.8815004E-3,2.2726059E-2],"categories":[],"categories_nodes":[],"categories_segments":[],"categories_sizes":[],"default_left":[0,0,0,0,0,0,0,0,0,0,0,0,0],"id":58,"left_children":[1,3,5,-1,7,-1,-1,9,11,-1,-1,-1,-1],"loss_changes":[9.473566E0,2.9510098E0,1.1033821E-1,0E0,3.107422E-1,0E0,0E0,1.7740205E-2,1.0941699E-3,0E0,0E0,0E0,0E0],"parents":[2147483647,0,0,1,1,2,2,4,4,7,7,8,8],"right_children":[2,4,6,-1,8,-1,-1,10,12,-1,-1,-1,-1],"split_conditions":[8.135465E-1,2.0163028E-1,8.978018E-1,-1.491827E-1,5.913297E-1,5.030327E-2,1.9676438E-1,5.021052E-1,6.9514346E-1,-2.5248194E-2,-4.4044494E-3,5.8815004E-3,2.2726059E-2],"split_indices":[0,0,0,0,0,0,0,0,0,0,0,0,0],"split_type":[0,0,0,0,0,0,0,0,0,0,0,0,0],"sum_hessian":[9E0,7E0,2E0,1E0,6E0,1E0,1E0,4E0,2E0,3E0,1E0,1E0,1E0],"tree_param":{"num_deleted":"0","num_feature":"2","num_nodes":"13","size_leaf_vector":"1"}},{"base_weights":[1.3854913E-1,-4.1359985E-1,1.5647634E0,-1.4172359E-1,-6.776101E-2,4.778824E-2,1.8692628E-1,-2.0357361E-1,1.8118031E-1,-2.6398977E-2,-7.5299586E-3,5.5873874E-3,2.1589661E-2],"categories":[],"categories_nodes":[],"categories_segments":[],"categories_sizes":[],"default_left":[0,0,0,0,0,0,0,0,0,0,0,0,0],"id":59,"left_children":[1,3,5,-1,7,-1,-1,9,11,-1,-1,-1,-1],"loss_changes":[8.522014E0,2.680737E0,9.9576E-2,0E0,2.735491E-1,0E0,0E0,1.8870816E-2,9.875521E-4,0E0,0E0,0E0,0E0],"parents":[2147483647,0,0,1,1,2,2,4,4,7,7,8,8],"right_children":[2,4,6,-1,8,-1,-1,10,12,-1,-1,-1,-1],"split_conditions":[8.135465E-1,2.0163028E-1,8.978018E-1,-1.4172359E-1,5.913297E-1,4.778824E-2,1.8692628E-1,3.9853618E-1,6.9514346E-1,-2.6398977E-2,-7.5299586E-3,5.5873874E-3,2.1589661E-2],"split_indices":[0,0,0,0,0,0,0,0,0,0,0,0,0],"split_type":[0,0,0,0,0,0,0,0,0,0,0,0,0],"sum_hessian":[9E0,7E0,2E0,1E0,6E0,1E0,1E0,4E0,2E0,2E0,2E0,1E0,1E0],"tree_param":{"num_deleted":"0","num_feature":"2","num_nodes":"13","size_leaf_vector":"1"}},{"base_weights":[1.3331862E-1,-3.9079916E-1,1.4865265E0,-1.346374E-1,-6.194932E-2,4.5398712E-2,1.7758027E-1,-1.9000205E-1,1.7212169E-1,-2.4639066E-2,-7.027944E-3,5.3081512E-3,2.0510102E-2],"categories":[],"categories_nodes":[],"categories_segments":[],"categories_sizes":[],"default_left":[0,0,0,0,0,0,0,0,0,0,0,0,0],"id":60,"left_children":[1,3,5,-1,7,-1,-1,9,11,-1,-1,-1,-1],"loss_changes":[7.6733365E0,2.4305182E0,8.9874744E-2,0E0,2.425175E-1,0E0,0E0,1.6438752E-2,8.905232E-4,0E0,0E0,0E0,0E0],"parents":[2147483647,0,0,1,1,2,2,4,4,7,7,8,8],"right_children":[2,4,6,-1,8,-1,-1,10,12,-1,-1,-1,-1],"split_conditions":[8.135465E-1,2.0163028E-1,8.978018E-1,-1.346374E-1,5.913297E-1,4.5398712E-2,1.7758027E-1,3.9853618E-1,6.9514346E-1,-2.4639066E-2,-7.027944E-3,5.3081512E-3,2.0510102E-2],"split_indices":[0,0,0,0,0,0,0,0,0,0,0,0,0],"split_type":[0,0,0,0,0,0,0,0,0,0,0,0,0],"sum_hessian":[9E0,7E0,2E0,1E0,6E0,1E0,1E0,4E0,2E0,2E0,2E0,1E0,1E0],"tree_param":{"num_deleted":"0","num_feature":"2","num_nodes":"13","size_leaf_vector":"1"}},{"base_weights":[1.282361E-1,-3.6928022E-1,1.4122009E0,-1.2790552E-1,-5.6590218E-2,4.3128967E-2,1.6870117E-1,-1.7733574E-1,1.6351573E-1,-2.2996457E-2,-6.5594995E-3,5.0426484E-3,1.9484712E-2],"categories":[],"categories_nodes":[],"categories_segments":[],"categories_sizes":[],"default_left":[0,0,0,0,0,0,0,0,0,0,0,0,0],"id":61,"left_children":[1,3,5,-1,7,-1,-1,9,11,-1,-1,-1,-1],"loss_changes":[6.9094324E0,2.203438E0,8.110428E-2,0E0,2.1503483E-1,0E0,0E0,1.431939E-2,8.042678E-4,0E0,0E0,0E0,0E0],"parents":[2147483647,0,0,1,1,2,2,4,4,7,7,8,8],"right_children":[2,4,6,-1,8,-1,-1,10,12,-1,-1,-1,-1],"split_conditions":[8.135465E-1,2.0163028E-1,8.978018E-1,-1.2790552E-1,5.913297E-1,4.3128967E-2,1.6870117E-1,3.9853618E-1,6.9514346E-1,-2.2996457E-2,-6.5594995E-3,5.0426484E-3,1.9484712E-2],"split_indices":[0,0,0,0,0,0,0,0,0,0,0,0,0],"split_type":[0,0,0,0,0,0,0,0,0,0,0,0,0],"sum_hessian":[9E0,7E0,2E0,1E0,6E0,1E0,1E0,4E0,2E0,2E0,2E0,1E0,1E0],"tree_param":{"num_deleted":"0","num_feature":"2","num_nodes":"13","size_leaf_vector":"1"}},{"base_weights":[1.2330303E-1,-3.4896874E-1,1.3415934E0,-1.2151022E-1,-5.1649366E-2,4.09729E-2,1.6026612E-1,-1.6551284E-1,1.5533955E-1,-2.1463394E-2,-6.1220806E-3,4.790497E-3,1.8510437E-2],"categories":[],"categories_nodes":[],"categories_segments":[],"categories_sizes":[],"default_left":[0,0,0,0,0,0,0,0,0,0,0,0,0],"id":62,"left_children":[1,3,5,-1,7,-1,-1,9,11,-1,-1,-1,-1],"loss_changes":[6.221816E0,1.9973869E0,7.318258E-2,0E0,1.9069006E-1,0E0,0E0,1.2474626E-2,7.2589517E-4,0E0,0E0,0E0,0E0],"parents":[2147483647,0,0,1,1,2,2,4,4,7,7,8,8],"right_children":[2,4,6,-1,8,-1,-1,10,12,-1,-1,-1,-1],"split_conditions":[8.135465E-1,2.0163028E-1,8.978018E-1,-1.2151022E-1,5.913297E-1,4.09729E-2,1.6026612E-1,3.9853618E-1,6.9514346E-1,-2.1463394E-2,-6.1220806E-3,4.790497E-3,1.8510437E-2],"split_indices":[0,0,0,0,0,0,0,0,0,0,0,0,0],"split_type":[0,0,0,0,0,0,0,0,0,0,0,0,0],"sum_hessian":[9E0,7E0,2E0,1E0,6E0,1E0,1E0,4E0,2E0,2E0,2E0,1E0,1E0],"tree_param":{"num_deleted":"0","num_feature":"2","num_nodes":"13","size_leaf_vector":"1"}},{"base_weights":[1.185174E-1,-3.2979667E-1,1.2745157E0,-1.154347E-1,-4.709707E-2,3.8924407E-2,1.5225296E-1,-1.544796E-1,1.4757283E-1,-2.3225117E-2,-7.697392E-3,4.550934E-3,1.7584993E-2],"categories":[],"categories_nodes":[],"categories_segments":[],"categories_sizes":[],"default_left":[0,0,0,0,0,0,0,0,0,0,0,0,0],"id":63,"left_children":[1,3,5,-1,7,-1,-1,9,11,-1,-1,-1,-1],"loss_changes":[5.602834E0,1.8104341E0,6.604338E-2,0E0,1.6912602E-1,0E0,0E0,1.2261406E-2,6.553605E-4,0E0,0E0,0E0,0E0],"parents":[2147483647,0,0,1,1,2,2,4,4,7,7,8,8],"right_children":[2,4,6,-1,8,-1,-1,10,12,-1,-1,-1,-1],"split_conditions":[8.135465E-1,2.0163028E-1,8.978018E-1,-1.154347E-1,5.913297E-1,3.8924407E-2,1.5225296E-1,3.0199257E-1,6.9514346E-1,-2.3225117E-2,-7.697392E-3,4.550934E-3,1.7584993E-2],"split_indices":[0,0,0,0,0,0,0,0,0,0,0,0,0],"split_type":[0,0,0,0,0,0,0,0,0,0,0,0,0],"sum_hessian":[9E0,7E0,2E0,1E0,6E0,1E0,1E0,4E0,2E0,1E0,3E0,1E0,1E0],"tree_param":{"num_deleted":"0","num_feature":"2","num_nodes":"13","size_leaf_vector":"1"}},{"base_weights":[1.13361835E-1,-3.1234396E-1,1.21079E0,-1.09662965E-1,-4.3641772E-2,3.697815E-2,1.4464036E-1,-1.452156E-1,1.401952E-1,-2.2063827E-2,-7.120037E-3,4.323578E-3,1.6705705E-2],"categories":[],"categories_nodes":[],"categories_segments":[],"categories_sizes":[],"default_left":[0,0,0,0,0,0,0,0,0,0,0,0,0],"id":64,"left_children":[1,3,5,-1,7,-1,-1,9,11,-1,-1,-1,-1],"loss_changes":[5.0499983E0,1.6380553E0,5.960512E-2,0E0,1.5106972E-1,0E0,0E0,1.2202606E-2,5.906783E-4,0E0,0E0,0E0,0E0],"parents":[2147483647,0,0,1,1,2,2,4,4,7,7,8,8],"right_children":[2,4,6,-1,8,-1,-1,10,12,-1,-1,-1,-1],"split_conditions":[8.135465E-1,2.0163028E-1,8.978018E-1,-1.09662965E-1,5.913297E-1,3.697815E-2,1.4464036E-1,3.0199257E-1,6.9514346E-1,-2.2063827E-2,-7.120037E-3,4.323578E-3,1.6705705E-2],"split_indices":[0,0,0,0,0,0,0,0,0,0,0,0,0],"split_type":[0,0,0,0,0,0,0,0,0,0,0,0,0],"sum_hessian":[9E0,7E0,2E0,1E0,6E0,1E0,1E0,4E0,2E0,1E0,3E0,1E0,1E0],"tree_param":{"num_deleted":"0","num_feature":"2","num_nodes":"13","size_leaf_vector":"1"}},{"base_weights":[1.0840559E-1,-2.95838E-1,1.1502533E0,-1.04179814E-1,-4.0443964E-2,3.5129547E-2,1.3740845E-1,-1.3653183E-1,1.3318379E-1,-2.0960618E-2,-6.5861703E-3,4.107285E-3,1.5870286E-2],"categories":[],"categories_nodes":[],"categories_segments":[],"categories_sizes":[],"default_left":[0,0,0,0,0,0,0,0,0,0,0,0,0],"id":65,"left_children":[1,3,5,-1,7,-1,-1,9,11,-1,-1,-1,-1],"loss_changes":[4.551891E0,1.4819758E0,5.3785324E-2,0E0,1.3496846E-1,0E0,0E0,1.2015849E-2,5.333759E-4,0E0,0E0,0E0,0E0],"parents":[2147483647,0,0,1,1,2,2,4,4,7,7,8,8],"right_children":[2,4,6,-1,8,-1,-1,10,12,-1,-1,-1,-1],"split_conditions":[8.135465E-1,2.0163028E-1,8.978018E-1,-1.04179814E-1,5.913297E-1,3.5129547E-2,1.3740845E-1,3.0199257E-1,6.9514346E-1,-2.0960618E-2,-6.5861703E-3,4.107285E-3,1.5870286E-2],"split_indices":[0,0,0,0,0,0,0,0,0,0,0,0,0],"split_type":[0,0,0,0,0,0,0,0,0,0,0,0,0],"sum_hessian":[9E0,7E0,2E0,1E0,6E0,1E0,1E0,4E0,2E0,1E0,3E0,1E0,1E0],"tree_param":{"num_deleted":"0","num_feature":"2","num_nodes":"13","size_leaf_vector":"1"}},{"base_weights":[1.0364504E-1,-2.802223E-1,1.0927429E0,-9.8970845E-2,-3.7480216E-2,3.3373263E-2,1.3053818E-1,-1.2838784E-1,1.2652588E-1,-1.9912625E-2,-6.092167E-2,3.902054E-3,1.5076828E-2,-6.9545745E-3,-1.7524719E-3],"categories":[],"categories_nodes":[],"categories_segments":[],"categories_sizes":[],"default_left":[0,0,0,0,0,0,0,0,0,0,0,0,0,0,0],"id":66,"left_children":[1,3,5,-1,7,-1,-1,9,11,-1,13,-1,-1,-1,-1],"loss_changes":[4.103035E0,1.3406825E0,4.8536777E-2,0E0,1.2061021E-1,0E0,0E0,1.173114E-2,4.8096105E-4,0E0,2.7826428E-4,0E0,0E0,0E0,0E0],"parents":[2147483647,0,0,1,1,2,2,4,4,7,7,8,8,10,10],"right_children":[2,4,6,-1,8,-1,-1,10,12,-1,14,-1,-1,-1,-1],"split_conditions":[8.135465E-1,2.0163028E-1,8.978018E-1,-9.8970845E-2,5.913297E-1,3.3373263E-2,1.3053818E-1,3.0199257E-1,6.9514346E-1,-1.9912625E-2,5.021052E-1,3.902054E-3,1.5076828E-2,-6.9545745E-3,-1.7524719E-3],"split_indices":[0,0,0,0,0,0,0,0,0,0,0,0,0,0,0],"split_type":[0,0,0,0,0,0,0,0,0,0,0,0,0,0,0],"sum_hessian":[9E0,7E0,2E0,1E0,6E0,1E0,1E0,4E0,2E0,1E0,3E0,1E0,1E0,2E0,1E0],"tree_param":{"num_deleted":"0","num_feature":"2","num_nodes":"15","size_leaf_vector":"1"}},{"base_weights":[9.881125E-2,-2.657758E-1,1.0381063E0,-9.4022326E-2,-3.5108566E-2,3.1704713E-2,1.2401123E-1,-1.2127266E-1,1.2020111E-1,-1.8916989E-2,-5.7005882E-2,3.7071228E-3,1.4323044E-2,-6.4909616E-3,-1.6647339E-3],"categories":[],"categories_nodes":[],"categories_segments":[],"categories_sizes":[],"default_left":[0,0,0,0,0,0,0,0,0,0,0,0,0,0,0],"id":67,"left_children":[1,3,5,-1,7,-1,-1,9,11,-1,13,-1,-1,-1,-1],"loss_changes":[3.7004516E0,1.2115734E0,4.3800592E-2,0E0,1.0825193E-1,0E0,0E0,1.1033893E-2,4.3354928E-4,0E0,1.9536074E-4,0E0,0E0,0E0,0E0],"parents":[2147483647,0,0,1,1,2,2,4,4,7,7,8,8,10,10],"right_children":[2,4,6,-1,8,-1,-1,10,12,-1,14,-1,-1,-1,-1],"split_conditions":[8.135465E-1,2.0163028E-1,8.978018E-1,-9.4022326E-2,5.913297E-1,3.1704713E-2,1.2401123E-1,3.0199257E-1,6.9514346E-1,-1.8916989E-2,5.021052E-1,3.7071228E-3,1.4323044E-2,-6.4909616E-3,-1.6647339E-3],"split_indices":[0,0,0,0,0,0,0,0,0,0,0,0,0,0,0],"split_type":[0,0,0,0,0,0,0,0,0,0,0,0,0,0,0],"sum_hessian":[9E0,7E0,2E0,1E0,6E0,1E0,1E0,4E0,2E0,1E0,3E0,1E0,1E0,2E0,1E0],"tree_param":{"num_deleted":"0","num_feature":"2","num_nodes":"15","size_leaf_vector":"1"}},{"base_weights":[9.419565E-2,-2.520808E-1,9.86201E-1,-8.932119E-2,-3.2888956E-2,3.0119324E-2,1.1781082E-1,-1.1455955E-1,1.1419169E-1,-1.7971134E-2,-5.3343773E-2,3.5217286E-3,1.3607025E-2,-6.0581206E-3,-1.5815735E-3],"categories":[],"categories_nodes":[],"categories_segments":[],"categories_sizes":[],"default_left":[0,0,0,0,0,0,0,0,0,0,0,0,0,0,0],"id":68,"left_children":[1,3,5,-1,7,-1,-1,9,11,-1,13,-1,-1,-1,-1],"loss_changes":[3.3374066E0,1.0948689E0,3.9535522E-2,0E0,9.7166896E-2,0E0,0E0,1.03551075E-2,3.9151683E-4,0E0,1.2829062E-4,0E0,0E0,0E0,0E0],"parents":[2147483647,0,0,1,1,2,2,4,4,7,7,8,8,10,10],"right_children":[2,4,6,-1,8,-1,-1,10,12,-1,14,-1,-1,-1,-1],"split_conditions":[8.135465E-1,2.0163028E-1,8.978018E-1,-8.932119E-2,5.913297E-1,3.0119324E-2,1.1781082E-1,3.0199257E-1,6.9514346E-1,-1.7971134E-2,5.021052E-1,3.5217286E-3,1.3607025E-2,-6.0581206E-3,-1.5815735E-3],"split_indices":[0,0,0,0,0,0,0,0,0,0,0,0,0,0,0],"split_type":[0,0,0,0,0,0,0,0,0,0,0,0,0,0,0],"sum_hessian":[9E0,7E0,2E0,1E0,6E0,1E0,1E0,4E0,2E0,1E0,3E0,1E0,1E0,2E0,1E0],"tree_param":{"num_deleted":"0","num_feature":"2","num_nodes":"15","size_leaf_vector":"1"}},{"base_weights":[8.978739E-2,-2.3909938E-1,9.3688965E-1,-8.485513E-2,-3.0813217E-2,2.8613282E-2,1.1192017E-1,-1.08226396E-1,1.0847982E-1,-1.7072583E-2,-4.9920082E-2,3.3454895E-3,1.29264835E-2,-5.654271E-3,-1.5026092E-3],"categories":[],"categories_nodes":[],"categories_segments":[],"categories_sizes":[],"default_left":[0,0,0,0,0,0,0,0,0,0,0,0,0,0,0],"id":69,"left_children":[1,3,5,-1,7,-1,-1,9,11,-1,13,-1,-1,-1,-1],"loss_changes":[3.0100172E0,9.8937654E-1,3.5681963E-2,0E0,8.7222196E-2,0E0,0E0,9.69791E-3,3.536418E-4,0E0,7.4744225E-5,0E0,0E0,0E0,0E0],"parents":[2147483647,0,0,1,1,2,2,4,4,7,7,8,8,10,10],"right_children":[2,4,6,-1,8,-1,-1,10,12,-1,14,-1,-1,-1,-1],"split_conditions":[8.135465E-1,2.0163028E-1,8.978018E-1,-8.485513E-2,5.913297E-1,2.8613282E-2,1.1192017E-1,3.0199257E-1,6.9514346E-1,-1.7072583E-2,5.021052E-1,3.3454895E-3,1.29264835E-2,-5.654271E-3,-1.5026092E-3],"split_indices":[0,0,0,0,0,0,0,0,0,0,0,0,0,0,0],"split_type":[0,0,0,0,0,0,0,0,0,0,0,0,0,0,0],"sum_hessian":[9E0,7E0,2E0,1E0,6E0,1E0,1E0,4E0,2E0,1E0,3E0,1E0,1E0,2E0,1E0],"tree_param":{"num_deleted":"0","num_feature":"2","num_nodes":"15","size_leaf_vector":"1"}},{"base_weights":[8.5581206E-2,-2.2679043E-1,8.9004517E-1,-8.061238E-2,-2.8867994E-2,2.718277E-2,1.0632401E-1,-1.02249905E-1,1.0305786E-1,-1.621895E-2,-4.6717644E-2,3.1784058E-3,1.2280273E-2,-5.2773794E-3,-1.4274598E-3],"categories":[],"categories_nodes":[],"categories_segments":[],"categories_sizes":[],"default_left":[0,0,0,0,0,0,0,0,0,0,0,0,0,0,0],"id":70,"left_children":[1,3,5,-1,7,-1,-1,9,11,-1,13,-1,-1,-1,-1],"loss_changes":[2.7147708E0,8.9403325E-1,3.219843E-2,0E0,7.830446E-2,0E0,0E0,9.065792E-3,3.1870604E-4,0E0,3.259536E-5,0E0,0E0,0E0,0E0],"parents":[2147483647,0,0,1,1,2,2,4,4,7,7,8,8,10,10],"right_children":[2,4,6,-1,8,-1,-1,10,12,-1,14,-1,-1,-1,-1],"split_conditions":[8.135465E-1,2.0163028E-1,8.978018E-1,-8.061238E-2,5.913297E-1,2.718277E-2,1.0632401E-1,3.0199257E-1,6.9514346E-1,-1.621895E-2,5.021052E-1,3.1784058E-3,1.2280273E-2,-5.2773794E-3,-1.4274598E-3],"split_indices":[0,0,0,0,0,0,0,0,0,0,0,0,0,0,0],"split_type":[0,0,0,0,0,0,0,0,0,0,0,0,0,0,0],"sum_hessian":[9E0,7E0,2E0,1E0,6E0,1E0,1E0,4E0,2E0,1E0,3E0,1E0,1E0,2E0,1E0],"tree_param":{"num_deleted":"0","num_feature":"2","num_nodes":"15","size_leaf_vector":"1"}},{"base_weights":[8.156566E-2,-2.1512246E-1,8.455455E-1,-7.658177E-2,-2.70492E-2,2.5823975E-2,1.0100784E-1,-9.661064E-2,9.790293E-2,-1.5408039E-2,-4.372311E-3,3.019333E-3,1.1666107E-2],"categories":[],"categories_nodes":[],"categories_segments":[],"categories_sizes":[],"default_left":[0,0,0,0,0,0,0,0,0,0,0,0,0],"id":71,"left_children":[1,3,5,-1,7,-1,-1,9,11,-1,-1,-1,-1],"loss_changes":[2.4485333E0,8.078536E-1,2.9051065E-2,0E0,7.030141E-2,0E0,0E0,8.460294E-3,2.879314E-4,0E0,0E0,0E0,0E0],"parents":[2147483647,0,0,1,1,2,2,4,4,7,7,8,8],"right_children":[2,4,6,-1,8,-1,-1,10,12,-1,-1,-1,-1],"split_conditions":[8.135465E-1,2.0163028E-1,8.978018E-1,-7.658177E-2,5.913297E-1,2.5823975E-2,1.0100784E-1,3.0199257E-1,6.9514346E-1,-1.5408039E-2,-4.372311E-3,3.019333E-3,1.1666107E-2],"split_indices":[0,0,0,0,0,0,0,0,0,0,0,0,0],"split_type":[0,0,0,0,0,0,0,0,0,0,0,0,0],"sum_hessian":[9E0,7E0,2E0,1E0,6E0,1E0,1E0,4E0,2E0,1E0,3E0,1E0,1E0],"tree_param":{"num_deleted":"0","num_feature":"2","num_nodes":"13","size_leaf_vector":"1"}},{"base_weights":[7.792435E-2,-2.0382023E-1,8.0326843E-1,-7.275267E-2,-2.5072644E-2,2.4533082E-2,9.595718E-2,-9.090614E-2,9.300741E-2,-1.4637661E-2,-4.0444374E-2,2.868271E-3,1.108284E-2,-4.6342216E-3,-1.1375428E-3],"categories":[],"categories_nodes":[],"categories_segments":[],"categories_sizes":[],"default_left":[0,0,0,0,0,0,0,0,0,0,0,0,0,0,0],"id":72,"left_children":[1,3,5,-1,7,-1,-1,9,11,-1,13,-1,-1,-1,-1],"loss_changes":[2.20734E0,7.3064905E-1,2.621007E-2,0E0,6.287031E-2,0E0,0E0,8.075576E-3,2.6013143E-4,0E0,1.5861355E-4,0E0,0E0,0E0,0E0],"parents":[2147483647,0,0,1,1,2,2,4,4,7,7,8,8,10,10],"right_children":[2,4,6,-1,8,-1,-1,10,12,-1,14,-1,-1,-1,-1],"split_conditions":[8.135465E-1,2.0163028E-1,8.978018E-1,-7.275267E-2,5.913297E-1,2.4533082E-2,9.595718E-2,3.0199257E-1,6.9514346E-1,-1.4637661E-2,5.021052E-1,2.868271E-3,1.108284E-2,-4.6342216E-3,-1.1375428E-3],"split_indices":[0,0,0,0,0,0,0,0,0,0,0,0,0,0,0],"split_type":[0,0,0,0,0,0,0,0,0,0,0,0,0,0,0],"sum_hessian":[9E0,7E0,2E0,1E0,6E0,1E0,1E0,4E0,2E0,1E0,3E0,1E0,1E0,2E0,1E0],"tree_param":{"num_deleted":"0","num_feature":"2","num_nodes":"15","size_leaf_vector":"1"}},{"base_weights":[7.425871E-2,-1.9333994E-1,7.6310223E-1,-6.911502E-2,-2.3488453E-2,2.3306275E-2,9.115906E-2,-8.5897446E-2,8.835602E-2,-1.3905811E-2,-3.784275E-2,2.7248382E-3,1.0528564E-2,-4.325231E-3,-1.0807038E-3],"categories":[],"categories_nodes":[],"categories_segments":[],"categories_sizes":[],"default_left":[0,0,0,0,0,0,0,0,0,0,0,0,0,0,0],"id":73,"left_children":[1,3,5,-1,7,-1,-1,9,11,-1,13,-1,-1,-1,-1],"loss_changes":[1.990874E0,6.601964E-1,2.3656368E-2,0E0,5.645026E-2,0E0,0E0,7.510759E-3,2.3472495E-4,0E0,1.17576215E-4,0E0,0E0,0E0,0E0],"parents":[2147483647,0,0,1,1,2,2,4,4,7,7,8,8,10,10],"right_children":[2,4,6,-1,8,-1,-1,10,12,-1,14,-1,-1,-1,-1],"split_conditions":[8.135465E-1,2.0163028E-1,8.978018E-1,-6.911502E-2,5.913297E-1,2.3306275E-2,9.115906E-2,3.0199257E-1,6.9514346E-1,-1.3905811E-2,5.021052E-1,2.7248382E-3,1.0528564E-2,-4.325231E-3,-1.0807038E-3],"split_indices":[0,0,0,0,0,0,0,0,0,0,0,0,0,0,0],"split_type":[0,0,0,0,0,0,0,0,0,0,0,0,0,0,0],"sum_hessian":[9E0,7E0,2E0,1E0,6E0,1E0,1E0,4E0,2E0,1E0,3E0,1E0,1E0,2E0,1E0],"tree_param":{"num_deleted":"0","num_feature":"2","num_nodes":"15","size_leaf_vector":"1"}},{"base_weights":[7.076349E-2,-1.8340194E-1,7.2495013E-1,-6.5659285E-2,-2.2004263E-2,2.2141267E-2,8.660126E-2,-8.116913E-2,8.39386E-2,-1.3210488E-2,-3.5408974E-2,2.5886537E-3,1.0002136E-2,-4.0368396E-3,-1.026535E-3],"categories":[],"categories_nodes":[],"categories_segments":[],"categories_sizes":[],"default_left":[0,0,0,0,0,0,0,0,0,0,0,0,0,0,0],"id":74,"left_children":[1,3,5,-1,7,-1,-1,9,11,-1,13,-1,-1,-1,-1],"loss_changes":[1.7956737E0,5.9652746E-1,2.1344423E-2,0E0,5.068989E-2,0E0,0E0,6.9764405E-3,2.1170452E-4,0E0,8.4395986E-5,0E0,0E0,0E0,0E0],"parents":[2147483647,0,0,1,1,2,2,4,4,7,7,8,8,10,10],"right_children":[2,4,6,-1,8,-1,-1,10,12,-1,14,-1,-1,-1,-1],"split_conditions":[8.135465E-1,2.0163028E-1,8.978018E-1,-6.5659285E-2,5.913297E-1,2.2141267E-2,8.660126E-2,3.0199257E-1,6.9514346E-1,-1.3210488E-2,5.021052E-1,2.5886537E-3,1.0002136E-2,-4.0368396E-3,-1.026535E-3],"split_indices":[0,0,0,0,0,0,0,0,0,0,0,0,0,0,0],"split_type":[0,0,0,0,0,0,0,0,0,0,0,0,0,0,0],"sum_hessian":[9E0,7E0,2E0,1E0,6E0,1E0,1E0,4E0,2E0,1E0,3E0,1E0,1E0,2E0,1E0],"tree_param":{"num_deleted":"0","num_feature":"2","num_nodes":"15","size_leaf_vector":"1"}},{"base_weights":[6.7426875E-2,-1.7397904E-1,6.887004E-1,-6.237631E-2,-2.061517E-2,2.103424E-2,8.2270816E-2,-7.670669E-2,7.974243E-2,-1.2549973E-2,-3.3133507E-2,2.4593354E-3,9.50203E-3,-3.7677765E-3,-9.7503664E-4],"categories":[],"categories_nodes":[],"categories_segments":[],"categories_sizes":[],"default_left":[0,0,0,0,0,0,0,0,0,0,0,0,0,0,0],"id":75,"left_children":[1,3,5,-1,7,-1,-1,9,11,-1,13,-1,-1,-1,-1],"loss_changes":[1.6196104E0,5.3898597E-1,1.9260645E-2,0E0,4.552125E-2,0E0,0E0,6.472092E-3,1.9081496E-4,0E0,5.766377E-5,0E0,0E0,0E0,0E0],"parents":[2147483647,0,0,1,1,2,2,4,4,7,7,8,8,10,10],"right_children":[2,4,6,-1,8,-1,-1,10,12,-1,14,-1,-1,-1,-1],"split_conditions":[8.135465E-1,2.0163028E-1,8.978018E-1,-6.237631E-2,5.913297E-1,2.103424E-2,8.2270816E-2,3.0199257E-1,6.9514346E-1,-1.2549973E-2,5.021052E-1,2.4593354E-3,9.50203E-3,-3.7677765E-3,-9.7503664E-4],"split_indices":[0,0,0,0,0,0,0,0,0,0,0,0,0,0,0],"split_type":[0,0,0,0,0,0,0,0,0,0,0,0,0,0,0],"sum_hessian":[9E0,7E0,2E0,1E0,6E0,1E0,1E0,4E0,2E0,1E0,3E0,1E0,1E0,2E0,1E0],"tree_param":{"num_deleted":"0","num_feature":"2","num_nodes":"15","size_leaf_vector":"1"}},{"base_weights":[6.4245224E-2,-1.6504335E-1,6.5426636E-1,-5.9257507E-2,-1.9313812E-2,1.998291E-2,7.8157045E-2,-7.249375E-2,7.575735E-2,-1.1922455E-2,-3.1004906E-2,2.336502E-3,9.0271E-3,-3.516515E-3,-9.262085E-4],"categories":[],"categories_nodes":[],"categories_segments":[],"categories_sizes":[],"default_left":[0,0,0,0,0,0,0,0,0,0,0,0,0,0,0],"id":76,"left_children":[1,3,5,-1,7,-1,-1,9,11,-1,13,-1,-1,-1,-1],"loss_changes":[1.4608333E0,4.869871E-1,1.7374635E-2,0E0,4.0883075E-2,0E0,0E0,5.9974883E-3,1.7202832E-4,0E0,3.611925E-5,0E0,0E0,0E0,0E0],"parents":[2147483647,0,0,1,1,2,2,4,4,7,7,8,8,10,10],"right_children":[2,4,6,-1,8,-1,-1,10,12,-1,14,-1,-1,-1,-1],"split_conditions":[8.135465E-1,2.0163028E-1,8.978018E-1,-5.9257507E-2,5.913297E-1,1.998291E-2,7.8157045E-2,3.0199257E-1,6.9514346E-1,-1.1922455E-2,5.021052E-1,2.336502E-3,9.0271E-3,-3.516515E-3,-9.262085E-4],"split_indices":[0,0,0,0,0,0,0,0,0,0,0,0,0,0,0],"split_type":[0,0,0,0,0,0,0,0,0,0,0,0,0,0,0],"sum_hessian":[9E0,7E0,2E0,1E0,6E0,1E0,1E0,4E0,2E0,1E0,3E0,1E0,1E0,2E0,1E0],"tree_param":{"num_deleted":"0","num_feature":"2","num_nodes":"15","size_leaf_vector":"1"}},{"base_weights":[6.1208535E-2,-1.5657115E-1,6.215515E-1,-5.629463E-2,-1.8096652E-2,1.898346E-2,7.424927E-2,-6.8517685E-2,7.197062E-2,-1.1326313E-2,-2.9015541E-2,2.2197724E-3,8.575821E-3,-3.2820385E-3,-8.8005065E-4],"categories":[],"categories_nodes":[],"categories_segments":[],"categories_sizes":[],"default_left":[0,0,0,0,0,0,0,0,0,0,0,0,0,0,0],"id":77,"left_children":[1,3,5,-1,7,-1,-1,9,11,-1,13,-1,-1,-1,-1],"loss_changes":[1.3176302E0,4.3999332E-1,1.5686274E-2,0E0,3.6720257E-2,0E0,0E0,5.551314E-3,1.5510805E-4,0E0,1.8824125E-5,0E0,0E0,0E0,0E0],"parents":[2147483647,0,0,1,1,2,2,4,4,7,7,8,8,10,10],"right_children":[2,4,6,-1,8,-1,-1,10,12,-1,14,-1,-1,-1,-1],"split_conditions":[8.135465E-1,2.0163028E-1,8.978018E-1,-5.629463E-2,5.913297E-1,1.898346E-2,7.424927E-2,3.0199257E-1,6.9514346E-1,-1.1326313E-2,5.021052E-1,2.2197724E-3,8.575821E-3,-3.2820385E-3,-8.8005065E-4],"split_indices":[0,0,0,0,0,0,0,0,0,0,0,0,0,0,0],"split_type":[0,0,0,0,0,0,0,0,0,0,0,0,0,0,0],"sum_hessian":[9E0,7E0,2E0,1E0,6E0,1E0,1E0,4E0,2E0,1E0,3E0,1E0,1E0,2E0,1E0],"tree_param":{"num_deleted":"0","num_feature":"2","num_nodes":"15","size_leaf_vector":"1"}},{"base_weights":[5.831175E-2,-1.4853823E-1,5.904744E-1,-5.347991E-2,-1.6958237E-2,1.8034363E-2,7.053681E-2,-6.476478E-2,6.837209E-2,-1.0760021E-2,-2.7155876E-2,2.1087646E-3,8.147049E-3,-3.0633293E-3,-8.361816E-4],"categories":[],"categories_nodes":[],"categories_segments":[],"categories_sizes":[],"default_left":[0,0,0,0,0,0,0,0,0,0,0,0,0,0,0],"id":78,"left_children":[1,3,5,-1,7,-1,-1,9,11,-1,13,-1,-1,-1,-1],"loss_changes":[1.1884866E0,3.9752442E-1,1.4155626E-2,0E0,3.298354E-2,0E0,0E0,5.13299E-3,1.4003087E-4,0E0,5.2689575E-6,0E0,0E0,0E0,0E0],"parents":[2147483647,0,0,1,1,2,2,4,4,7,7,8,8,10,10],"right_children":[2,4,6,-1,8,-1,-1,10,12,-1,14,-1,-1,-1,-1],"split_conditions":[8.135465E-1,2.0163028E-1,8.978018E-1,-5.347991E-2,5.913297E-1,1.8034363E-2,7.053681E-2,3.0199257E-1,6.9514346E-1,-1.0760021E-2,5.021052E-1,2.1087646E-3,8.147049E-3,-3.0633293E-3,-8.361816E-4],"split_indices":[0,0,0,0,0,0,0,0,0,0,0,0,0,0,0],"split_type":[0,0,0,0,0,0,0,0,0,0,0,0,0,0,0],"sum_hessian":[9E0,7E0,2E0,1E0,6E0,1E0,1E0,4E0,2E0,1E0,3E0,1E0,1E0,2E0,1E0],"tree_param":{"num_deleted":"0","num_feature":"2","num_nodes":"15","size_leaf_vector":"1"}},{"base_weights":[5.5549145E-2,-1.4091933E-1,5.6094867E-1,-5.0805904E-2,-1.589094E-2,1.713257E-2,6.700974E-2,-6.121979E-2,6.4954124E-2,-1.0222054E-2,-2.5414468E-3,2.003479E-3,7.7396394E-3],"categories":[],"categories_nodes":[],"categories_segments":[],"categories_sizes":[],"default_left":[0,0,0,0,0,0,0,0,0,0,0,0,0],"id":79,"left_children":[1,3,5,-1,7,-1,-1,9,11,-1,-1,-1,-1],"loss_changes":[1.0719993E0,3.5914952E-1,1.27756E-2,0E0,2.9628772E-2,0E0,0E0,4.742345E-3,1.26075E-4,0E0,0E0,0E0,0E0],"parents":[2147483647,0,0,1,1,2,2,4,4,7,7,8,8],"right_children":[2,4,6,-1,8,-1,-1,10,12,-1,-1,-1,-1],"split_conditions":[8.135465E-1,2.0163028E-1,8.978018E-1,-5.0805904E-2,5.913297E-1,1.713257E-2,6.700974E-2,3.0199257E-1,6.9514346E-1,-1.0222054E-2,-2.5414468E-3,2.003479E-3,7.7396394E-3],"split_indices":[0,0,0,0,0,0,0,0,0,0,0,0,0],"split_type":[0,0,0,0,0,0,0,0,0,0,0,0,0],"sum_hessian":[9E0,7E0,2E0,1E0,6E0,1E0,1E0,4E0,2E0,1E0,3E0,1E0,1E0],"tree_param":{"num_deleted":"0","num_feature":"2","num_nodes":"13","size_leaf_vector":"1"}},{"base_weights":[5.302458E-2,-1.3355601E-1,5.3289795E-1,-4.8265602E-2,-1.4733723E-2,1.6275788E-2,6.365891E-2,-5.765114E-2,6.1706543E-2,-9.71098E-3,-2.3509026E-2,1.9031524E-3,7.352829E-3,-2.6897432E-3,-6.671906E-4],"categories":[],"categories_nodes":[],"categories_segments":[],"categories_sizes":[],"default_left":[0,0,0,0,0,0,0,0,0,0,0,0,0,0,0],"id":80,"left_children":[1,3,5,-1,7,-1,-1,9,11,-1,13,-1,-1,-1,-1],"loss_changes":[9.665223E-1,3.2473555E-1,1.1530817E-2,0E0,2.6521783E-2,0E0,0E0,4.4530537E-3,1.1412427E-4,0E0,4.874682E-5,0E0,0E0,0E0,0E0],"parents":[2147483647,0,0,1,1,2,2,4,4,7,7,8,8,10,10],"right_children":[2,4,6,-1,8,-1,-1,10,12,-1,14,-1,-1,-1,-1],"split_conditions":[8.135465E-1,2.0163028E-1,8.978018E-1,-4.8265602E-2,5.913297E-1,1.6275788E-2,6.365891E-2,3.0199257E-1,6.9514346E-1,-9.71098E-3,5.021052E-1,1.9031524E-3,7.352829E-3,-2.6897432E-3,-6.671906E-4],"split_indices":[0,0,0,0,0,0,0,0,0,0,0,0,0,0,0],"split_type":[0,0,0,0,0,0,0,0,0,0,0,0,0,0,0],"sum_hessian":[9E0,7E0,2E0,1E0,6E0,1E0,1E0,4E0,2E0,1E0,3E0,1E0,1E0,2E0,1E0],"tree_param":{"num_deleted":"0","num_feature":"2","num_nodes":"15","size_leaf_vector":"1"}},{"base_weights":[5.050688E-2,-1.2671053E-1,5.0625104E-1,-4.585233E-2,-1.3805389E-2,1.5461731E-2,6.0475923E-2,-5.450058E-2,5.8621723E-2,-9.225464E-3,-2.1998405E-2,1.8081665E-3,6.985092E-3,-2.5104524E-3,-6.340027E-4],"categories":[],"categories_nodes":[],"categories_segments":[],"categories_sizes":[],"default_left":[0,0,0,0,0,0,0,0,0,0,0,0,0,0,0],"id":81,"left_children":[1,3,5,-1,7,-1,-1,9,11,-1,13,-1,-1,-1,-1],"loss_changes":[8.718053E-1,2.9337686E-1,1.041013E-2,0E0,2.3826964E-2,0E0,0E0,4.10599E-3,1.0267552E-4,0E0,3.5383622E-5,0E0,0E0,0E0,0E0],"parents":[2147483647,0,0,1,1,2,2,4,4,7,7,8,8,10,10],"right_children":[2,4,6,-1,8,-1,-1,10,12,-1,14,-1,-1,-1,-1],"split_conditions":[8.135465E-1,2.0163028E-1,8.978018E-1,-4.585233E-2,5.913297E-1,1.5461731E-2,6.0475923E-2,3.0199257E-1,6.9514346E-1,-9.225464E-3,5.021052E-1,1.8081665E-3,6.985092E-3,-2.5104524E-3,-6.340027E-4],"split_indices":[0,0,0,0,0,0,0,0,0,0,0,0,0,0,0],"split_type":[0,0,0,0,0,0,0,0,0,0,0,0,0,0,0],"sum_hessian":[9E0,7E0,2E0,1E0,6E0,1E0,1E0,4E0,2E0,1E0,3E0,1E0,1E0,2E0,1E0],"tree_param":{"num_deleted":"0","num_feature":"2","num_nodes":"15","size_leaf_vector":"1"}},{"base_weights":[4.8107624E-2,-1.20218635E-1,4.8094177E-1,-4.3559697E-2,-1.2936456E-2,1.4688874E-2,5.745239E-2,-5.1524736E-2,5.5689495E-2,-8.764172E-3,-2.058506E-2,1.7177582E-3,6.635666E-3,-2.3431142E-3,-6.0234073E-4],"categories":[],"categories_nodes":[],"categories_segments":[],"categories_sizes":[],"default_left":[0,0,0,0,0,0,0,0,0,0,0,0,0,0,0],"id":82,"left_children":[1,3,5,-1,7,-1,-1,9,11,-1,13,-1,-1,-1,-1],"loss_changes":[7.863917E-1,2.650407E-1,9.393156E-3,0E0,2.1406487E-2,0E0,0E0,3.7831273E-3,9.259209E-5,0E0,2.4639303E-5,0E0,0E0,0E0,0E0],"parents":[2147483647,0,0,1,1,2,2,4,4,7,7,8,8,10,10],"right_children":[2,4,6,-1,8,-1,-1,10,12,-1,14,-1,-1,-1,-1],"split_conditions":[8.135465E-1,2.0163028E-1,8.978018E-1,-4.3559697E-2,5.913297E-1,1.4688874E-2,5.745239E-2,3.0199257E-1,6.9514346E-1,-8.764172E-3,5.021052E-1,1.7177582E-3,6.635666E-3,-2.3431142E-3,-6.0234073E-4],"split_indices":[0,0,0,0,0,0,0,0,0,0,0,0,0,0,0],"split_type":[0,0,0,0,0,0,0,0,0,0,0,0,0,0,0],"sum_hessian":[9E0,7E0,2E0,1E0,6E0,1E0,1E0,4E0,2E0,1E0,3E0,1E0,1E0,2E0,1E0],"tree_param":{"num_deleted":"0","num_feature":"2","num_nodes":"15","size_leaf_vector":"1"}},{"base_weights":[4.5818996E-2,-1.14061475E-1,4.5689392E-1,-4.1381694E-2,-1.2122563E-2,1.3954163E-2,5.4579925E-2,-4.8714448E-2,5.2904766E-2,-8.325959E-3,-1.9263268E-2,1.6319276E-3,6.303787E-3,-2.186966E-3,-5.722046E-4],"categories":[],"categories_nodes":[],"categories_segments":[],"categories_sizes":[],"default_left":[0,0,0,0,0,0,0,0,0,0,0,0,0,0,0],"id":83,"left_children":[1,3,5,-1,7,-1,-1,9,11,-1,13,-1,-1,-1,-1],"loss_changes":[7.093425E-1,2.3943743E-1,8.4812045E-3,0E0,1.9233534E-2,0E0,0E0,3.4831222E-3,8.3441846E-5,0E0,1.6035629E-5,0E0,0E0,0E0,0E0],"parents":[2147483647,0,0,1,1,2,2,4,4,7,7,8,8,10,10],"right_children":[2,4,6,-1,8,-1,-1,10,12,-1,14,-1,-1,-1,-1],"split_conditions":[8.135465E-1,2.0163028E-1,8.978018E-1,-4.1381694E-2,5.913297E-1,1.3954163E-2,5.4579925E-2,3.0199257E-1,6.9514346E-1,-8.325959E-3,5.021052E-1,1.6319276E-3,6.303787E-3,-2.186966E-3,-5.722046E-4],"split_indices":[0,0,0,0,0,0,0,0,0,0,0,0,0,0,0],"split_type":[0,0,0,0,0,0,0,0,0,0,0,0,0,0,0],"sum_hessian":[9E0,7E0,2E0,1E0,6E0,1E0,1E0,4E0,2E0,1E0,3E0,1E0,1E0,2E0,1E0],"tree_param":{"num_deleted":"0","num_feature":"2","num_nodes":"15","size_leaf_vector":"1"}},{"base_weights":[4.3637943E-2,-1.0822189E-1,4.340515E-1,-3.93126E-2,-1.1360441E-2,1.3256836E-2,5.1850893E-2,-4.6060562E-2,5.0259907E-2,-7.90968E-3,-1.8027306E-2,1.550293E-3,5.9886933E-3,-2.0412446E-3,-5.4359436E-4],"categories":[],"categories_nodes":[],"categories_segments":[],"categories_sizes":[],"default_left":[0,0,0,0,0,0,0,0,0,0,0,0,0,0,0],"id":84,"left_children":[1,3,5,-1,7,-1,-1,9,11,-1,13,-1,-1,-1,-1],"loss_changes":[6.3985527E-1,2.1630374E-1,7.649541E-3,0E0,1.7282635E-2,0E0,0E0,3.2046642E-3,7.539615E-5,0E0,9.167707E-6,0E0,0E0,0E0,0E0],"parents":[2147483647,0,0,1,1,2,2,4,4,7,7,8,8,10,10],"right_children":[2,4,6,-1,8,-1,-1,10,12,-1,14,-1,-1,-1,-1],"split_conditions":[8.135465E-1,2.0163028E-1,8.978018E-1,-3.93126E-2,5.913297E-1,1.3256836E-2,5.1850893E-2,3.0199257E-1,6.9514346E-1,-7.90968E-3,5.021052E-1,1.550293E-3,5.9886933E-3,-2.0412446E-3,-5.4359436E-4],"split_indices":[0,0,0,0,0,0,0,0,0,0,0,0,0,0,0],"split_type":[0,0,0,0,0,0,0,0,0,0,0,0,0,0,0],"sum_hessian":[9E0,7E0,2E0,1E0,6E0,1E0,1E0,4E0,2E0,1E0,3E0,1E0,1E0,2E0,1E0],"tree_param":{"num_deleted":"0","num_feature":"2","num_nodes":"15","size_leaf_vector":"1"}},{"base_weights":[4.155779E-2,-1.02683425E-1,4.1234842E-1,-3.7346985E-2,-1.064682E-2,1.2593842E-2,4.9258422E-2,-4.3553926E-2,4.7747295E-2,-7.514191E-3,-1.6871452E-2,1.4728546E-3,5.6892396E-3,-1.905187E-3,-5.1651004E-4],"categories":[],"categories_nodes":[],"categories_segments":[],"categories_sizes":[],"default_left":[0,0,0,0,0,0,0,0,0,0,0,0,0,0,0],"id":85,"left_children":[1,3,5,-1,7,-1,-1,9,11,-1,13,-1,-1,-1,-1],"loss_changes":[5.7717425E-1,1.9540182E-1,6.9057345E-3,0E0,1.5530651E-2,0E0,0E0,2.9464746E-3,6.793672E-5,0E0,3.694091E-6,0E0,0E0,0E0,0E0],"parents":[2147483647,0,0,1,1,2,2,4,4,7,7,8,8,10,10],"right_children":[2,4,6,-1,8,-1,-1,10,12,-1,14,-1,-1,-1,-1],"split_conditions":[8.135465E-1,2.0163028E-1,8.978018E-1,-3.7346985E-2,5.913297E-1,1.2593842E-2,4.9258422E-2,3.0199257E-1,6.9514346E-1,-7.514191E-3,5.021052E-1,1.4728546E-3,5.6892396E-3,-1.905187E-3,-5.1651004E-4],"split_indices":[0,0,0,0,0,0,0,0,0,0,0,0,0,0,0],"split_type":[0,0,0,0,0,0,0,0,0,0,0,0,0,0,0],"sum_hessian":[9E0,7E0,2E0,1E0,6E0,1E0,1E0,4E0,2E0,1E0,3E0,1E0,1E0,2E0,1E0],"tree_param":{"num_deleted":"0","num_feature":"2","num_nodes":"15","size_leaf_vector":"1"}},{"base_weights":[3.9575767E-2,-9.743047E-2,3.917338E-1,-3.5479642E-2,-9.978703E-3,1.1964417E-2,4.6795655E-2,-4.118576E-2,4.5359295E-2,-7.138443E-3,-1.5789986E-3,1.399231E-3,5.4046633E-3],"categories":[],"categories_nodes":[],"categories_segments":[],"categories_sizes":[],"default_left":[0,0,0,0,0,0,0,0,0,0,0,0,0],"id":86,"left_children":[1,3,5,-1,7,-1,-1,9,11,-1,-1,-1,-1],"loss_changes":[5.2064526E-1,1.7651644E-1,6.229967E-3,0E0,1.3956709E-2,0E0,0E0,2.7074348E-3,6.1249826E-5,0E0,0E0,0E0,0E0],"parents":[2147483647,0,0,1,1,2,2,4,4,7,7,8,8],"right_children":[2,4,6,-1,8,-1,-1,10,12,-1,-1,-1,-1],"split_conditions":[8.135465E-1,2.0163028E-1,8.978018E-1,-3.5479642E-2,5.913297E-1,1.1964417E-2,4.6795655E-2,3.0199257E-1,6.9514346E-1,-7.138443E-3,-1.5789986E-3,1.399231E-3,5.4046633E-3],"split_indices":[0,0,0,0,0,0,0,0,0,0,0,0,0],"split_type":[0,0,0,0,0,0,0,0,0,0,0,0,0],"sum_hessian":[9E0,7E0,2E0,1E0,6E0,1E0,1E0,4E0,2E0,1E0,3E0,1E0,1E0],"tree_param":{"num_deleted":"0","num_feature":"2","num_nodes":"13","size_leaf_vector":"1"}},{"base_weights":[3.775549E-2,-9.2360616E-2,3.721466E-1,-3.3705663E-2,-9.253093E-3,1.1366272E-2,4.445572E-2,-3.881035E-2,4.3093365E-2,-6.7814826E-3,-1.4605522E-2,1.329422E-3,5.1345825E-3,-1.672999E-3,-4.1160584E-4],"categories":[],"categories_nodes":[],"categories_segments":[],"categories_sizes":[],"default_left":[0,0,0,0,0,0,0,0,0,0,0,0,0,0,0],"id":87,"left_children":[1,3,5,-1,7,-1,-1,9,11,-1,13,-1,-1,-1,-1],"loss_changes":[4.6946838E-1,1.5956983E-1,5.621314E-3,0E0,1.25029925E-2,0E0,0E0,2.519771E-3,5.5146404E-5,0E0,2.027658E-5,0E0,0E0,0E0,0E0],"parents":[2147483647,0,0,1,1,2,2,4,4,7,7,8,8,10,10],"right_children":[2,4,6,-1,8,-1,-1,10,12,-1,14,-1,-1,-1,-1],"split_conditions":[8.135465E-1,2.0163028E-1,8.978018E-1,-3.3705663E-2,5.913297E-1,1.1366272E-2,4.445572E-2,3.0199257E-1,6.9514346E-1,-6.7814826E-3,5.021052E-1,1.329422E-3,5.1345825E-3,-1.672999E-3,-4.1160584E-4],"split_indices":[0,0,0,0,0,0,0,0,0,0,0,0,0,0,0],"split_type":[0,0,0,0,0,0,0,0,0,0,0,0,0,0,0],"sum_hessian":[9E0,7E0,2E0,1E0,6E0,1E0,1E0,4E0,2E0,1E0,3E0,1E0,1E0,2E0,1E0],"tree_param":{"num_deleted":"0","num_feature":"2","num_nodes":"15","size_leaf_vector":"1"}},{"base_weights":[3.5952378E-2,-8.7637424E-2,3.5354105E-1,-3.202038E-2,-8.670262E-3,1.0797882E-2,4.2233277E-2,-3.6701966E-2,4.093933E-2,-6.4424514E-3,-1.3665199E-2,1.2630463E-3,4.8778537E-3,-1.5613557E-3,-3.9100647E-4],"categories":[],"categories_nodes":[],"categories_segments":[],"categories_sizes":[],"default_left":[0,0,0,0,0,0,0,0,0,0,0,0,0,0,0],"id":88,"left_children":[1,3,5,-1,7,-1,-1,9,11,-1,13,-1,-1,-1,-1],"loss_changes":[4.2349067E-1,1.441446E-1,5.0749183E-3,0E0,1.1237044E-2,0E0,0E0,2.3128157E-3,4.9661845E-5,0E0,1.4975958E-5,0E0,0E0,0E0,0E0],"parents":[2147483647,0,0,1,1,2,2,4,4,7,7,8,8,10,10],"right_children":[2,4,6,-1,8,-1,-1,10,12,-1,14,-1,-1,-1,-1],"split_conditions":[8.135465E-1,2.0163028E-1,8.978018E-1,-3.202038E-2,5.913297E-1,1.0797882E-2,4.2233277E-2,3.0199257E-1,6.9514346E-1,-6.4424514E-3,5.021052E-1,1.2630463E-3,4.8778537E-3,-1.5613557E-3,-3.9100647E-4],"split_indices":[0,0,0,0,0,0,0,0,0,0,0,0,0,0,0],"split_type":[0,0,0,0,0,0,0,0,0,0,0,0,0,0,0],"sum_hessian":[9E0,7E0,2E0,1E0,6E0,1E0,1E0,4E0,2E0,1E0,3E0,1E0,1E0,2E0,1E0],"tree_param":{"num_deleted":"0","num_feature":"2","num_nodes":"15","size_leaf_vector":"1"}},{"base_weights":[3.4231566E-2,-8.315849E-2,3.358612E-1,-3.041935E-2,-8.12585E-3,1.0257721E-2,4.0121462E-2,-3.4711458E-2,3.889211E-2,-6.1203004E-3,-1.2787819E-2,1.1997223E-3,4.6340944E-3,-1.4573415E-3,-3.7155152E-4],"categories":[],"categories_nodes":[],"categories_segments":[],"categories_sizes":[],"default_left":[0,0,0,0,0,0,0,0,0,0,0,0,0,0,0],"id":89,"left_children":[1,3,5,-1,7,-1,-1,9,11,-1,13,-1,-1,-1,-1],"loss_changes":[3.820129E-1,1.302069E-1,4.582256E-3,0E0,1.0100009E-2,0E0,0E0,2.1213023E-3,4.5043882E-5,0E0,1.0650139E-5,0E0,0E0,0E0,0E0],"parents":[2147483647,0,0,1,1,2,2,4,4,7,7,8,8,10,10],"right_children":[2,4,6,-1,8,-1,-1,10,12,-1,14,-1,-1,-1,-1],"split_conditions":[8.135465E-1,2.0163028E-1,8.978018E-1,-3.041935E-2,5.913297E-1,1.0257721E-2,4.0121462E-2,3.0199257E-1,6.9514346E-1,-6.1203004E-3,5.021052E-1,1.1997223E-3,4.6340944E-3,-1.4573415E-3,-3.7155152E-4],"split_indices":[0,0,0,0,0,0,0,0,0,0,0,0,0,0,0],"split_type":[0,0,0,0,0,0,0,0,0,0,0,0,0,0,0],"sum_hessian":[9E0,7E0,2E0,1E0,6E0,1E0,1E0,4E0,2E0,1E0,3E0,1E0,1E0,2E0,1E0],"tree_param":{"num_deleted":"0","num_feature":"2","num_nodes":"15","size_leaf_vector":"1"}},{"base_weights":[3.2594584E-2,-7.890856E-2,3.1907144E-1,-2.8898383E-2,-7.614408E-3,9.745026E-3,3.811569E-2,-3.2829665E-2,3.6949158E-2,-4.914665E-3,-5.569458E-4,1.1398316E-3,4.402542E-3],"categories":[],"categories_nodes":[],"categories_segments":[],"categories_sizes":[],"default_left":[0,0,0,0,0,0,0,0,0,0,0,0,0],"id":90,"left_children":[1,3,5,-1,7,-1,-1,9,11,-1,-1,-1,-1],"loss_changes":[3.446082E-1,1.1761666E-1,4.134536E-3,0E0,9.078802E-3,0E0,0E0,1.9503012E-3,4.0597748E-5,0E0,0E0,0E0,0E0],"parents":[2147483647,0,0,1,1,2,2,4,4,7,7,8,8],"right_children":[2,4,6,-1,8,-1,-1,10,12,-1,-1,-1,-1],"split_conditions":[8.135465E-1,2.0163028E-1,8.978018E-1,-2.8898383E-2,5.913297E-1,9.745026E-3,3.811569E-2,3.9853618E-1,6.9514346E-1,-4.914665E-3,-5.569458E-4,1.1398316E-3,4.402542E-3],"split_indices":[0,0,0,0,0,0,0,0,0,0,0,0,0],"split_type":[0,0,0,0,0,0,0,0,0,0,0,0,0],"sum_hessian":[9E0,7E0,2E0,1E0,6E0,1E0,1E0,4E0,2E0,2E0,2E0,1E0,1E0],"tree_param":{"num_deleted":"0","num_feature":"2","num_nodes":"13","size_leaf_vector":"1"}},{"base_weights":[3.123808E-2,-7.462084E-2,3.0311584E-1,-2.7453471E-2,-6.842477E-3,9.2575075E-3,3.620987E-2,-3.0641174E-2,3.5102844E-2,-5.5685043E-3,-1.0458947E-3,1.0829925E-3,4.182434E-3],"categories":[],"categories_nodes":[],"categories_segments":[],"categories_sizes":[],"default_left":[0,0,0,0,0,0,0,0,0,0,0,0,0],"id":91,"left_children":[1,3,5,-1,7,-1,-1,9,11,-1,-1,-1,-1],"loss_changes":[3.1042564E-1,1.0652019E-1,3.7335753E-3,0E0,8.0633005E-3,0E0,0E0,1.9447985E-3,3.6496436E-5,0E0,0E0,0E0,0E0],"parents":[2147483647,0,0,1,1,2,2,4,4,7,7,8,8],"right_children":[2,4,6,-1,8,-1,-1,10,12,-1,-1,-1,-1],"split_conditions":[8.135465E-1,2.0163028E-1,8.978018E-1,-2.7453471E-2,5.913297E-1,9.2575075E-3,3.620987E-2,3.0199257E-1,6.9514346E-1,-5.5685043E-3,-1.0458947E-3,1.0829925E-3,4.182434E-3],"split_indices":[0,0,0,0,0,0,0,0,0,0,0,0,0],"split_type":[0,0,0,0,0,0,0,0,0,0,0,0,0],"sum_hessian":[9E0,7E0,2E0,1E0,6E0,1E0,1E0,4E0,2E0,1E0,3E0,1E0,1E0],"tree_param":{"num_deleted":"0","num_feature":"2","num_nodes":"13","size_leaf_vector":"1"}},{"base_weights":[2.9780388E-2,-7.075906E-2,2.8795877E-1,-2.60808E-2,-6.350926E-3,8.794404E-3,3.4399416E-2,-2.8900146E-2,3.3348083E-2,-5.2900314E-3,-9.675026E-3,1.0288239E-3,3.9733886E-3,-1.1081696E-3,-2.7275085E-4],"categories":[],"categories_nodes":[],"categories_segments":[],"categories_sizes":[],"default_left":[0,0,0,0,0,0,0,0,0,0,0,0,0,0,0],"id":92,"left_children":[1,3,5,-1,7,-1,-1,9,11,-1,13,-1,-1,-1,-1],"loss_changes":[2.799468E-1,9.6269205E-2,3.3714622E-3,0E0,7.230037E-3,0E0,0E0,1.7952183E-3,3.2975106E-5,0E0,8.866016E-6,0E0,0E0,0E0,0E0],"parents":[2147483647,0,0,1,1,2,2,4,4,7,7,8,8,10,10],"right_children":[2,4,6,-1,8,-1,-1,10,12,-1,14,-1,-1,-1,-1],"split_conditions":[8.135465E-1,2.0163028E-1,8.978018E-1,-2.60808E-2,5.913297E-1,8.794404E-3,3.4399416E-2,3.0199257E-1,6.9514346E-1,-5.2900314E-3,5.021052E-1,1.0288239E-3,3.9733886E-3,-1.1081696E-3,-2.7275085E-4],"split_indices":[0,0,0,0,0,0,0,0,0,0,0,0,0,0,0],"split_type":[0,0,0,0,0,0,0,0,0,0,0,0,0,0,0],"sum_hessian":[9E0,7E0,2E0,1E0,6E0,1E0,1E0,4E0,2E0,1E0,3E0,1E0,1E0,2E0,1E0],"tree_param":{"num_deleted":"0","num_feature":"2","num_nodes":"15","size_leaf_vector":"1"}},{"base_weights":[2.8347969E-2,-6.7151785E-2,2.7356467E-1,-2.4776746E-2,-5.9541976E-3,8.35495E-3,3.2679748E-2,-2.734375E-2,3.167979E-2,-5.0254823E-3,-9.052277E-3,9.773255E-4,3.774643E-3,-1.2043E-3,-4.0410363E-4],"categories":[],"categories_nodes":[],"categories_segments":[],"categories_sizes":[],"default_left":[0,0,0,0,0,0,0,0,0,0,0,0,0,0,0],"id":93,"left_children":[1,3,5,-1,7,-1,-1,9,11,-1,13,-1,-1,-1,-1],"loss_changes":[2.5255167E-1,8.695068E-2,3.0413717E-3,0E0,6.5010632E-3,0E0,0E0,1.6404656E-3,2.9791612E-5,0E0,1.128274E-5,0E0,0E0,0E0,0E0],"parents":[2147483647,0,0,1,1,2,2,4,4,7,7,8,8,10,10],"right_children":[2,4,6,-1,8,-1,-1,10,12,-1,14,-1,-1,-1,-1],"split_conditions":[8.135465E-1,2.0163028E-1,8.978018E-1,-2.4776746E-2,5.913297E-1,8.35495E-3,3.2679748E-2,3.0199257E-1,6.9514346E-1,-5.0254823E-3,3.9853618E-1,9.773255E-4,3.774643E-3,-1.2043E-3,-4.0410363E-4],"split_indices":[0,0,0,0,0,0,0,0,0,0,0,0,0,0,0],"split_type":[0,0,0,0,0,0,0,0,0,0,0,0,0,0,0],"sum_hessian":[9E0,7E0,2E0,1E0,6E0,1E0,1E0,4E0,2E0,1E0,3E0,1E0,1E0,1E0,2E0],"tree_param":{"num_deleted":"0","num_feature":"2","num_nodes":"15","size_leaf_vector":"1"}},{"base_weights":[2.6949693E-2,-6.376886E-2,2.598826E-1,-2.3537923E-2,-5.6274957E-3,7.9368595E-3,3.1045532E-2,-2.5935745E-2,3.0095419E-2,-4.774189E-3,-8.548737E-3,9.2849735E-4,3.5858154E-3,-1.1440277E-3,-3.771464E-4],"categories":[],"categories_nodes":[],"categories_segments":[],"categories_sizes":[],"default_left":[0,0,0,0,0,0,0,0,0,0,0,0,0,0,0],"id":94,"left_children":[1,3,5,-1,7,-1,-1,9,11,-1,13,-1,-1,-1,-1],"loss_changes":[2.278858E-1,7.8496695E-2,2.7468503E-3,0E0,5.8588358E-3,0E0,0E0,1.4875855E-3,2.6833266E-5,0E0,1.2108125E-5,0E0,0E0,0E0,0E0],"parents":[2147483647,0,0,1,1,2,2,4,4,7,7,8,8,10,10],"right_children":[2,4,6,-1,8,-1,-1,10,12,-1,14,-1,-1,-1,-1],"split_conditions":[8.135465E-1,2.0163028E-1,8.978018E-1,-2.3537923E-2,5.913297E-1,7.9368595E-3,3.1045532E-2,3.0199257E-1,6.9514346E-1,-4.774189E-3,3.9853618E-1,9.2849735E-4,3.5858154E-3,-1.1440277E-3,-3.771464E-4],"split_indices":[0,0,0,0,0,0,0,0,0,0,0,0,0,0,0],"split_type":[0,0,0,0,0,0,0,0,0,0,0,0,0,0,0],"sum_hessian":[9E0,7E0,2E0,1E0,6E0,1E0,1E0,4E0,2E0,1E0,3E0,1E0,1E0,1E0,2E0],"tree_param":{"num_deleted":"0","num_feature":"2","num_nodes":"15","size_leaf_vector":"1"}},{"base_weights":[2.5620174E-2,-6.0557485E-2,2.468872E-1,-2.236104E-2,-5.3198677E-3,7.5401305E-3,2.949295E-2,-2.4601746E-2,2.8589884E-2,-4.5354846E-3,-8.07476E-3,8.81958E-4,3.4065247E-3,-1.0868072E-3,-3.5209657E-4],"categories":[],"categories_nodes":[],"categories_segments":[],"categories_sizes":[],"default_left":[0,0,0,0,0,0,0,0,0,0,0,0,0,0,0],"id":95,"left_children":[1,3,5,-1,7,-1,-1,9,11,-1,13,-1,-1,-1,-1],"loss_changes":[2.0563363E-1,7.086365E-2,2.4776608E-3,0E0,5.280267E-3,0E0,0E0,1.3487011E-3,2.430752E-5,0E0,1.2614561E-5,0E0,0E0,0E0,0E0],"parents":[2147483647,0,0,1,1,2,2,4,4,7,7,8,8,10,10],"right_children":[2,4,6,-1,8,-1,-1,10,12,-1,14,-1,-1,-1,-1],"split_conditions":[8.135465E-1,2.0163028E-1,8.978018E-1,-2.236104E-2,5.913297E-1,7.5401305E-3,2.949295E-2,3.0199257E-1,6.9514346E-1,-4.5354846E-3,3.9853618E-1,8.81958E-4,3.4065247E-3,-1.0868072E-3,-3.5209657E-4],"split_indices":[0,0,0,0,0,0,0,0,0,0,0,0,0,0,0],"split_type":[0,0,0,0,0,0,0,0,0,0,0,0,0,0,0],"sum_hessian":[9E0,7E0,2E0,1E0,6E0,1E0,1E0,4E0,2E0,1E0,3E0,1E0,1E0,1E0,2E0],"tree_param":{"num_deleted":"0","num_feature":"2","num_nodes":"15","size_leaf_vector":"1"}},{"base_weights":[2.4356652E-2,-5.7507753E-2,2.3454285E-1,-2.1243E-2,-5.028861E-3,7.1632387E-3,2.801819E-2,-2.3336792E-2,2.7160645E-2,-4.3087006E-3,-7.627487E-3,8.3770754E-4,3.2363893E-3,-1.0324478E-3,-3.2869977E-4],"categories":[],"categories_nodes":[],"categories_segments":[],"categories_sizes":[],"default_left":[0,0,0,0,0,0,0,0,0,0,0,0,0,0,0],"id":96,"left_children":[1,3,5,-1,7,-1,-1,9,11,-1,13,-1,-1,-1,-1],"loss_changes":[1.8555571E-1,6.3972905E-2,2.2351295E-3,0E0,4.759105E-3,0E0,0E0,1.222665E-3,2.2091903E-5,0E0,1.28885E-5,0E0,0E0,0E0,0E0],"parents":[2147483647,0,0,1,1,2,2,4,4,7,7,8,8,10,10],"right_children":[2,4,6,-1,8,-1,-1,10,12,-1,14,-1,-1,-1,-1],"split_conditions":[8.135465E-1,2.0163028E-1,8.978018E-1,-2.1243E-2,5.913297E-1,7.1632387E-3,2.801819E-2,3.0199257E-1,6.9514346E-1,-4.3087006E-3,3.9853618E-1,8.3770754E-4,3.2363893E-3,-1.0324478E-3,-3.2869977E-4],"split_indices":[0,0,0,0,0,0,0,0,0,0,0,0,0,0,0],"split_type":[0,0,0,0,0,0,0,0,0,0,0,0,0,0,0],"sum_hessian":[9E0,7E0,2E0,1E0,6E0,1E0,1E0,4E0,2E0,1E0,3E0,1E0,1E0,1E0,2E0],"tree_param":{"num_deleted":"0","num_feature":"2","num_nodes":"15","size_leaf_vector":"1"}},{"base_weights":[2.3156261E-2,-5.4611802E-2,2.2281902E-1,-2.0180846E-2,-4.75393E-3,6.80542E-3,2.6617432E-2,-2.213707E-2,2.5802612E-2,-4.0932656E-3,-7.2050095E-3,7.957459E-4,3.074646E-3,-9.807587E-4,-3.0682882E-4],"categories":[],"categories_nodes":[],"categories_segments":[],"categories_sizes":[],"default_left":[0,0,0,0,0,0,0,0,0,0,0,0,0,0,0],"id":97,"left_children":[1,3,5,-1,7,-1,-1,9,11,-1,13,-1,-1,-1,-1],"loss_changes":[1.674424E-1,5.775191E-2,2.0153373E-3,0E0,4.2893747E-3,0E0,0E0,1.1083637E-3,2.000737E-5,0E0,1.2972043E-5,0E0,0E0,0E0,0E0],"parents":[2147483647,0,0,1,1,2,2,4,4,7,7,8,8,10,10],"right_children":[2,4,6,-1,8,-1,-1,10,12,-1,14,-1,-1,-1,-1],"split_conditions":[8.135465E-1,2.0163028E-1,8.978018E-1,-2.0180846E-2,5.913297E-1,6.80542E-3,2.6617432E-2,3.0199257E-1,6.9514346E-1,-4.0932656E-3,3.9853618E-1,7.957459E-4,3.074646E-3,-9.807587E-4,-3.0682882E-4],"split_indices":[0,0,0,0,0,0,0,0,0,0,0,0,0,0,0],"split_type":[0,0,0,0,0,0,0,0,0,0,0,0,0,0,0],"sum_hessian":[9E0,7E0,2E0,1E0,6E0,1E0,1E0,4E0,2E0,1E0,3E0,1E0,1E0,1E0,2E0],"tree_param":{"num_deleted":"0","num_feature":"2","num_nodes":"15","size_leaf_vector":"1"}},{"base_weights":[2.2014236E-2,-5.186224E-2,2.116801E-1,-1.917181E-2,-4.4945306E-3,6.465149E-3,2.5286866E-2,-2.100029E-2,2.4513245E-2,-3.888607E-3,-6.8073273E-3,7.56073E-4,2.9209137E-3,-9.317398E-4,-2.8648376E-4],"categories":[],"categories_nodes":[],"categories_segments":[],"categories_sizes":[],"default_left":[0,0,0,0,0,0,0,0,0,0,0,0,0,0,0],"id":98,"left_children":[1,3,5,-1,7,-1,-1,9,11,-1,13,-1,-1,-1,-1],"loss_changes":[1.5109666E-1,5.2135527E-2,1.8193424E-3,0E0,3.8663524E-3,0E0,0E0,1.0045508E-3,1.7979182E-5,0E0,1.2890872E-5,0E0,0E0,0E0,0E0],"parents":[2147483647,0,0,1,1,2,2,4,4,7,7,8,8,10,10],"right_children":[2,4,6,-1,8,-1,-1,10,12,-1,14,-1,-1,-1,-1],"split_conditions":[8.135465E-1,2.0163028E-1,8.978018E-1,-1.917181E-2,5.913297E-1,6.465149E-3,2.5286866E-2,3.0199257E-1,6.9514346E-1,-3.888607E-3,3.9853618E-1,7.56073E-4,2.9209137E-3,-9.317398E-4,-2.8648376E-4],"split_indices":[0,0,0,0,0,0,0,0,0,0,0,0,0,0,0],"split_type":[0,0,0,0,0,0,0,0,0,0,0,0,0,0,0],"sum_hessian":[9E0,7E0,2E0,1E0,6E0,1E0,1E0,4E0,2E0,1E0,3E0,1E0,1E0,1E0,2E0],"tree_param":{"num_deleted":"0","num_feature":"2","num_nodes":"15","size_leaf_vector":"1"}},{"base_weights":[2.0927906E-2,-4.925096E-2,2.0109558E-1,-1.8213226E-2,-4.249028E-3,6.1416626E-3,2.4022674E-2,-1.9921113E-2,2.3287455E-2,-3.694153E-3,-6.430626E-3,7.183075E-4,2.774811E-3,-8.852005E-4,-2.6728315E-4],"categories":[],"categories_nodes":[],"categories_segments":[],"categories_sizes":[],"default_left":[0,0,0,0,0,0,0,0,0,0,0,0,0,0,0],"id":99,"left_children":[1,3,5,-1,7,-1,-1,9,11,-1,13,-1,-1,-1,-1],"loss_changes":[1.3634378E-1,4.7065426E-2,1.6434789E-3,0E0,3.4847907E-3,0E0,0E0,9.1051124E-4,1.6191392E-5,0E0,1.2736258E-5,0E0,0E0,0E0,0E0],"parents":[2147483647,0,0,1,1,2,2,4,4,7,7,8,8,10,10],"right_children":[2,4,6,-1,8,-1,-1,10,12,-1,14,-1,-1,-1,-1],"split_conditions":[8.135465E-1,2.0163028E-1,8.978018E-1,-1.8213226E-2,5.913297E-1,6.1416626E-3,2.4022674E-2,3.0199257E-1,6.9514346E-1,-3.694153E-3,3.9853618E-1,7.183075E-4,2.774811E-3,-8.852005E-4,-2.6728315E-4],"split_indices":[0,0,0,0,0,0,0,0,0,0,0,0,0,0,0],"split_type":[0,0,0,0,0,0,0,0,0,0,0,0,0,0,0],"sum_hessian":[9E0,7E0,2E0,1E0,6E0,1E0,1E0,4E0,2E0,1E0,3E0,1E0,1E0,1E0,2E0],"tree_param":{"num_deleted":"0","num_feature":"2","num_nodes":"15","size_leaf_vector":"1"}}]},"name":"gbtree"},"learner_model_param":{"base_score":"7.177778E1","boost_from_average":"1","num_class":"0","num_feature":"2","num_target":"1"},"objective":{"name":"reg:squarederror","reg_loss_param":{"scale_pos_weight":"1"}}},"version":[2,0,1]}