{"package": {"All_Weights": {"Categorical_Variables": {}, "Numerical_Variables": {"bpf_cpu_time_ms": {"scale": 95918.0}, "bpf_page_cache_hit": {"scale": 1.0}, "cache_miss": {"scale": 67982229205.0}, "cpu_cycles": {"scale": 307142550081.3334}, "cpu_instructions": {"scale": 516986978756.3333}}, "CurveFit_Weights": [1494905.7160730758, 0.00020273430803967378, -1494761.2960786177]}}, "core": {"All_Weights": {"Categorical_Variables": {}, "Numerical_Variables": {"bpf_cpu_time_ms": {"scale": 95918.0}, "bpf_page_cache_hit": {"scale": 1.0}, "cache_miss": {"scale": 67982229205.0}, "cpu_cycles": {"scale": 307142550081.3334}, "cpu_instructions": {"scale": 516986978756.3333}}, "CurveFit_Weights": [0.0, 1.0, 0.0]}}, "uncore": {"All_Weights": {"Categorical_Variables": {}, "Numerical_Variables": {"bpf_cpu_time_ms": {"scale": 95918.0}, "bpf_page_cache_hit": {"scale": 1.0}, "cache_miss": {"scale": 67982229205.0}, "cpu_cycles": {"scale": 307142550081.3334}, "cpu_instructions": {"scale": 516986978756.3333}}, "CurveFit_Weights": [0.0, 1.0, 0.0]}}, "dram": {"All_Weights": {"Categorical_Variables": {}, "Numerical_Variables": {"bpf_cpu_time_ms": {"scale": 95918.0}, "bpf_page_cache_hit": {"scale": 1.0}, "cache_miss": {"scale": 67982229205.0}, "cpu_cycles": {"scale": 307142550081.3334}, "cpu_instructions": {"scale": 516986978756.3333}}, "CurveFit_Weights": [-1075.0830417217753, 0.0002820323185248925, 1106.5664988517806]}}}