{"package": {"All_Weights": {"Categorical_Variables": {}, "Numerical_Variables": {"bpf_cpu_time_ms": {"scale": 95924.0}, "bpf_page_cache_hit": {"scale": 1.0}, "cache_miss": {"scale": 47960525671.0}, "cpu_cycles": {"scale": 297051278756.0}, "cpu_instructions": {"scale": 366964943029.6667}}, "CurveFit_Weights": [2182839.6601541494, 0.00014804030964692228, -2182711.8977016136]}}, "core": {"All_Weights": {"Categorical_Variables": {}, "Numerical_Variables": {"bpf_cpu_time_ms": {"scale": 95924.0}, "bpf_page_cache_hit": {"scale": 1.0}, "cache_miss": {"scale": 47960525671.0}, "cpu_cycles": {"scale": 297051278756.0}, "cpu_instructions": {"scale": 366964943029.6667}}, "CurveFit_Weights": [0.0, 1.0, 0.0]}}, "uncore": {"All_Weights": {"Categorical_Variables": {}, "Numerical_Variables": {"bpf_cpu_time_ms": {"scale": 95924.0}, "bpf_page_cache_hit": {"scale": 1.0}, "cache_miss": {"scale": 47960525671.0}, "cpu_cycles": {"scale": 297051278756.0}, "cpu_instructions": {"scale": 366964943029.6667}}, "CurveFit_Weights": [0.0, 1.0, 0.0]}}, "dram": {"All_Weights": {"Categorical_Variables": {}, "Numerical_Variables": {"bpf_cpu_time_ms": {"scale": 95924.0}, "bpf_page_cache_hit": {"scale": 1.0}, "cache_miss": {"scale": 47960525671.0}, "cpu_cycles": {"scale": 297051278756.0}, "cpu_instructions": {"scale": 366964943029.6667}}, "CurveFit_Weights": [127922.43503111295, 0.00013902698502351351, -127890.24891123748]}}}