{"package": {"All_Weights": {"Bias_Weight": 69.5714550188252, "Categorical_Variables": {}, "Numerical_Variables": {"bpf_cpu_time_ms": {"scale": 95924.0, "weight": -66.51668925471246}, "bpf_page_cache_hit": {"scale": 1.0, "weight": 0.0}, "cache_miss": {"scale": 47960525671.0, "weight": 39.295890193555145}, "cpu_cycles": {"scale": 297051278756.0, "weight": 349.67888160299697}, "cpu_instructions": {"scale": 366964943029.6667, "weight": 18.33519302023666}}}}, "core": {"All_Weights": {"Bias_Weight": 0.0, "Categorical_Variables": {}, "Numerical_Variables": {"bpf_cpu_time_ms": {"scale": 95924.0, "weight": 0.0}, "bpf_page_cache_hit": {"scale": 1.0, "weight": 0.0}, "cache_miss": {"scale": 47960525671.0, "weight": 0.0}, "cpu_cycles": {"scale": 297051278756.0, "weight": 0.0}, "cpu_instructions": {"scale": 366964943029.6667, "weight": 0.0}}}}, "uncore": {"All_Weights": {"Bias_Weight": 0.0, "Categorical_Variables": {}, "Numerical_Variables": {"bpf_cpu_time_ms": {"scale": 95924.0, "weight": 0.0}, "bpf_page_cache_hit": {"scale": 1.0, "weight": 0.0}, "cache_miss": {"scale": 47960525671.0, "weight": 0.0}, "cpu_cycles": {"scale": 297051278756.0, "weight": 0.0}, "cpu_instructions": {"scale": 366964943029.6667, "weight": 0.0}}}}, "dram": {"All_Weights": {"Bias_Weight": 27.287791355449407, "Categorical_Variables": {}, "Numerical_Variables": {"bpf_cpu_time_ms": {"scale": 95924.0, "weight": -7.0307603786601085}, "bpf_page_cache_hit": {"scale": 1.0, "weight": 0.0}, "cache_miss": {"scale": 47960525671.0, "weight": 0.37499024785806256}, "cpu_cycles": {"scale": 297051278756.0, "weight": 27.90198918564358}, "cpu_instructions": {"scale": 366964943029.6667, "weight": -1.5777409171514591}}}}}