{"learner":{"attributes":{"scikit_learn":"{\"_estimator_type\": \"regressor\"}"},"feature_names":[],"feature_types":[],"gradient_booster":{"model":{"gbtree_model_param":{"num_parallel_tree":"1","num_trees":"100"},"iteration_indptr":[0,1,2,3,4,5,6,7,8,9,10,11,12,13,14,15,16,17,18,19,20,21,22,23,24,25,26,27,28,29,30,31,32,33,34,35,36,37,38,39,40,41,42,43,44,45,46,47,48,49,50,51,52,53,54,55,56,57,58,59,60,61,62,63,64,65,66,67,68,69,70,71,72,73,74,75,76,77,78,79,80,81,82,83,84,85,86,87,88,89,90,91,92,93,94,95,96,97,98,99,100],"tree_info":[0,0,0,0,0,0,0,0,0,0,0,0,0,0,0,0,0,0,0,0,0,0,0,0,0,0,0,0,0,0,0,0,0,0,0,0,0,0,0,0,0,0,0,0,0,0,0,0,0,0,0,0,0,0,0,0,0,0,0,0,0,0,0,0,0,0,0,0,0,0,0,0,0,0,0,0,0,0,0,0,0,0,0,0,0,0,0,0,0,0,0,0,0,0,0,0,0,0,0,0],"trees":[{"base_weights":[-0E0,-3.3511112E1,2.7925926E1,-3.7466667E0,-8.844444E-1,1.6555558E-1,3.284889E0],"categories":[],"categories_nodes":[],"categories_segments":[],"categories_sizes":[],"default_left":[0,0,0,0,0,0,0],"id":0,"left_children":[1,3,5,-1,-1,-1,-1],"loss_changes":[1.0294117E4,1.5647949E2,7.2158545E2,0E0,0E0,0E0,0E0],"parents":[2147483647,0,0,1,1,2,2],"right_children":[2,4,6,-1,-1,-1,-1],"split_conditions":[6.04105E-1,4.0283036E-1,7.0336527E-1,-3.7466667E0,-8.844444E-1,1.6555558E-1,3.284889E0],"split_indices":[0,0,0,0,0,0,0],"split_type":[0,0,0,0,0,0,0],"sum_hessian":[9E0,4E0,5E0,3E0,1E0,1E0,4E0],"tree_param":{"num_deleted":"0","num_feature":"2","num_nodes":"7","size_leaf_vector":"1"}},{"base_weights":[-1.18061826E-1,-3.1086218E1,2.5708412E1,-3.4656663E0,-8.402222E-1,1.5727769E-1,3.0220983E0],"categories":[],"categories_nodes":[],"categories_segments":[],"categories_sizes":[],"default_left":[0,0,0,0,0,0,0],"id":1,"left_children":[1,3,5,-1,-1,-1,-1],"loss_changes":[8.79716E3,1.1376709E2,6.059519E2,0E0,0E0,0E0,0E0],"parents":[2147483647,0,0,1,1,2,2],"right_children":[2,4,6,-1,-1,-1,-1],"split_conditions":[6.04105E-1,4.0283036E-1,7.0336527E-1,-3.4656663E0,-8.402222E-1,1.5727769E-1,3.0220983E0],"split_indices":[0,0,0,0,0,0,0],"split_type":[0,0,0,0,0,0,0],"sum_hessian":[9E0,4E0,5E0,3E0,1E0,1E0,4E0],"tree_param":{"num_deleted":"0","num_feature":"2","num_nodes":"7","size_leaf_vector":"1"}},{"base_weights":[-2.1890411E-1,-2.8838772E1,2.366747E1,-3.59177E0,-1.2146922E0,1.4941406E-1,2.780331E0],"categories":[],"categories_nodes":[],"categories_segments":[],"categories_sizes":[],"default_left":[0,0,0,0,0,0,0],"id":2,"left_children":[1,3,5,-1,-1,-1,-1],"loss_changes":[7.5187896E3,1.545127E2,5.086897E2,0E0,0E0,0E0,0E0],"parents":[2147483647,0,0,1,1,2,2],"right_children":[2,4,6,-1,-1,-1,-1],"split_conditions":[6.04105E-1,3.0209935E-1,7.0336527E-1,-3.59177E0,-1.2146922E0,1.4941406E-1,2.780331E0],"split_indices":[0,0,0,0,0,0,0],"split_type":[0,0,0,0,0,0,0],"sum_hessian":[9E0,4E0,5E0,2E0,2E0,1E0,4E0],"tree_param":{"num_deleted":"0","num_feature":"2","num_nodes":"7","size_leaf_vector":"1"}},{"base_weights":[-3.846878E-1,-2.691619E1,2.1789011E1,-3.352319E0,-1.1337128E0,1.4194337E-1,2.557904E0],"categories":[],"categories_nodes":[],"categories_segments":[],"categories_sizes":[],"default_left":[0,0,0,0,0,0,0],"id":3,"left_children":[1,3,5,-1,-1,-1,-1],"loss_changes":[6.4694927E3,1.3459741E2,4.268999E2,0E0,0E0,0E0,0E0],"parents":[2147483647,0,0,1,1,2,2],"right_children":[2,4,6,-1,-1,-1,-1],"split_conditions":[6.04105E-1,3.0209935E-1,7.0336527E-1,-3.352319E0,-1.1337128E0,1.4194337E-1,2.557904E0],"split_indices":[0,0,0,0,0,0,0],"split_type":[0,0,0,0,0,0,0],"sum_hessian":[9E0,4E0,5E0,2E0,2E0,1E0,4E0],"tree_param":{"num_deleted":"0","num_feature":"2","num_nodes":"7","size_leaf_vector":"1"}},{"base_weights":[-5.248367E-1,-2.5121775E1,2.0060083E1,-3.1288307E0,-1.0581319E0,5.4542747E0,2.599942E0,1.348465E-1,6.832947E-1],"categories":[],"categories_nodes":[],"categories_segments":[],"categories_sizes":[],"default_left":[0,0,0,0,0,0,0,0,0],"id":4,"left_children":[1,3,5,-1,-1,7,-1,-1,-1],"loss_changes":[5.5672056E3,1.1724927E2,3.786848E2,0E0,0E0,7.767708E0,0E0,0E0,0E0],"parents":[2147483647,0,0,1,1,2,2,5,5],"right_children":[2,4,6,-1,-1,8,-1,-1,-1],"split_conditions":[6.04105E-1,3.0209935E-1,8.0444765E-1,-3.1288307E0,-1.0581319E0,7.0336527E-1,2.599942E0,1.348465E-1,6.832947E-1],"split_indices":[0,0,0,0,0,0,0,0,0],"split_type":[0,0,0,0,0,0,0,0,0],"sum_hessian":[9E0,4E0,5E0,2E0,2E0,2E0,3E0,1E0,1E0],"tree_param":{"num_deleted":"0","num_feature":"2","num_nodes":"9","size_leaf_vector":"1"}},{"base_weights":[-5.492401E-1,-2.3446987E1,1.8623756E1,-2.9202418E0,-9.8758954E-1,5.1815643E0,2.404946E0,1.281044E-1,6.491303E-1],"categories":[],"categories_nodes":[],"categories_segments":[],"categories_sizes":[],"default_left":[0,0,0,0,0,0,0,0,0],"id":5,"left_children":[1,3,5,-1,-1,7,-1,-1,-1],"loss_changes":[4.8268555E3,1.0213721E2,3.1298657E2,0E0,0E0,7.010338E0,0E0,0E0,0E0],"parents":[2147483647,0,0,1,1,2,2,5,5],"right_children":[2,4,6,-1,-1,8,-1,-1,-1],"split_conditions":[6.04105E-1,3.0209935E-1,8.0444765E-1,-2.9202418E0,-9.8758954E-1,7.0336527E-1,2.404946E0,1.281044E-1,6.491303E-1],"split_indices":[0,0,0,0,0,0,0,0,0],"split_type":[0,0,0,0,0,0,0,0,0],"sum_hessian":[9E0,4E0,5E0,2E0,2E0,2E0,3E0,1E0,1E0],"tree_param":{"num_deleted":"0","num_feature":"2","num_nodes":"9","size_leaf_vector":"1"}},{"base_weights":[-5.668808E-1,-2.1883854E1,1.7291742E1,-3.1141694E0,-1.178397E0,1.2169953E-1,2.0263294E1,6.1667407E-1,2.2245748E0],"categories":[],"categories_nodes":[],"categories_segments":[],"categories_sizes":[],"default_left":[0,0,0,0,0,0,0,0,0],"id":6,"left_children":[1,3,5,-1,-1,-1,7,-1,-1],"loss_changes":[4.185328E3,1.00542725E2,2.6194128E2,0E0,0E0,0E0,2.5449219E0,0E0,0E0],"parents":[2147483647,0,0,1,1,2,2,6,6],"right_children":[2,4,6,-1,-1,-1,8,-1,-1],"split_conditions":[6.04105E-1,2.0115918E-1,7.0336527E-1,-3.1141694E0,-1.178397E0,1.2169953E-1,8.0444765E-1,6.1667407E-1,2.2245748E0],"split_indices":[0,0,0,0,0,0,0,0,0],"split_type":[0,0,0,0,0,0,0,0,0],"sum_hessian":[9E0,4E0,5E0,1E0,3E0,1E0,4E0,1E0,3E0],"tree_param":{"num_deleted":"0","num_feature":"2","num_nodes":"9","size_leaf_vector":"1"}},{"base_weights":[-6.4315796E-1,-2.0553986E1,1.605639E1,-2.958461E0,-1.0900177E0,1.1561432E-1,1.8805212E0],"categories":[],"categories_nodes":[],"categories_segments":[],"categories_sizes":[],"default_left":[0,0,0,0,0,0,0],"id":7,"left_children":[1,3,5,-1,-1,-1,-1],"loss_changes":[3.6550413E3,1.1342212E2,2.240072E2,0E0,0E0,0E0,0E0],"parents":[2147483647,0,0,1,1,2,2],"right_children":[2,4,6,-1,-1,-1,-1],"split_conditions":[6.04105E-1,2.0115918E-1,7.0336527E-1,-2.958461E0,-1.0900177E0,1.1561432E-1,1.8805212E0],"split_indices":[0,0,0,0,0,0,0],"split_type":[0,0,0,0,0,0,0],"sum_hessian":[9E0,4E0,5E0,1E0,3E0,1E0,4E0],"tree_param":{"num_deleted":"0","num_feature":"2","num_nodes":"7","size_leaf_vector":"1"}},{"base_weights":[-7.8407896E-1,-1.9308285E1,1.478344E1,-2.8105378E0,-1.0082668E0,4.0109863E0,1.916692E0,1.0983353E-1,4.9181443E-1],"categories":[],"categories_nodes":[],"categories_segments":[],"categories_sizes":[],"default_left":[0,0,0,0,0,0,0,0,0],"id":8,"left_children":[1,3,5,-1,-1,7,-1,-1,-1],"loss_changes":[3.1692024E3,1.2241589E2,2.0644678E2,0E0,0E0,2.5249329E0,0E0,0E0,0E0],"parents":[2147483647,0,0,1,1,2,2,5,5],"right_children":[2,4,6,-1,-1,8,-1,-1,-1],"split_conditions":[6.04105E-1,2.0115918E-1,8.0444765E-1,-2.8105378E0,-1.0082668E0,7.0336527E-1,1.916692E0,1.0983353E-1,4.9181443E-1],"split_indices":[0,0,0,0,0,0,0,0,0],"split_type":[0,0,0,0,0,0,0,0,0],"sum_hessian":[9E0,4E0,5E0,1E0,3E0,2E0,3E0,1E0,1E0],"tree_param":{"num_deleted":"0","num_feature":"2","num_nodes":"9","size_leaf_vector":"1"}},{"base_weights":[-8.357155E-1,-1.8141216E1,1.372482E1,-2.6700108E0,-9.326466E-1,3.810435E0,1.7729405E0,1.0434189E-1,4.6722338E-1],"categories":[],"categories_nodes":[],"categories_segments":[],"categories_sizes":[],"default_left":[0,0,0,0,0,0,0,0,0],"id":9,"left_children":[1,3,5,-1,-1,7,-1,-1,-1],"loss_changes":[2.7687585E3,1.2820483E2,1.7066113E2,0E0,0E0,2.278736E0,0E0,0E0,0E0],"parents":[2147483647,0,0,1,1,2,2,5,5],"right_children":[2,4,6,-1,-1,8,-1,-1,-1],"split_conditions":[6.04105E-1,2.0115918E-1,8.0444765E-1,-2.6700108E0,-9.326466E-1,7.0336527E-1,1.7729405E0,1.0434189E-1,4.6722338E-1],"split_indices":[0,0,0,0,0,0,0,0,0],"split_type":[0,0,0,0,0,0,0,0,0],"sum_hessian":[9E0,4E0,5E0,1E0,3E0,2E0,3E0,1E0,1E0],"tree_param":{"num_deleted":"0","num_feature":"2","num_nodes":"9","size_leaf_vector":"1"}},{"base_weights":[-8.779564E-1,-1.7047625E1,1.2743093E1,-2.5365102E0,-8.62698E-1,3.6199138E0,1.6399704E0,9.912491E-2,4.4386217E-1],"categories":[],"categories_nodes":[],"categories_segments":[],"categories_sizes":[],"default_left":[0,0,0,0,0,0,0,0,0],"id":10,"left_children":[1,3,5,-1,-1,7,-1,-1,-1],"loss_changes":[2.419718E3,1.3136841E2,1.4079388E2,0E0,0E0,2.0565414E0,0E0,0E0,0E0],"parents":[2147483647,0,0,1,1,2,2,5,5],"right_children":[2,4,6,-1,-1,8,-1,-1,-1],"split_conditions":[6.04105E-1,2.0115918E-1,8.0444765E-1,-2.5365102E0,-8.62698E-1,7.0336527E-1,1.6399704E0,9.912491E-2,4.4386217E-1],"split_indices":[0,0,0,0,0,0,0,0,0],"split_type":[0,0,0,0,0,0,0,0,0],"sum_hessian":[9E0,4E0,5E0,1E0,3E0,2E0,3E0,1E0,1E0],"tree_param":{"num_deleted":"0","num_feature":"2","num_nodes":"9","size_leaf_vector":"1"}},{"base_weights":[-9.1178435E-1,-1.6022701E1,1.1832611E1,-2.409685E0,-7.979954E-1,9.416886E-2,1.3822458E1,6.219894E-1,1.6817535E0],"categories":[],"categories_nodes":[],"categories_segments":[],"categories_sizes":[],"default_left":[0,0,0,0,0,0,0,0,0],"id":11,"left_children":[1,3,5,-1,-1,-1,7,-1,-1],"loss_changes":[2.1153855E3,1.323999E2,1.1701117E2,0E0,0E0,0E0,9.248047E0,0E0,0E0],"parents":[2147483647,0,0,1,1,2,2,6,6],"right_children":[2,4,6,-1,-1,-1,8,-1,-1],"split_conditions":[6.04105E-1,2.0115918E-1,7.0336527E-1,-2.409685E0,-7.979954E-1,9.416886E-2,9.035457E-1,6.219894E-1,1.6817535E0],"split_indices":[0,0,0,0,0,0,0,0,0],"split_type":[0,0,0,0,0,0,0,0,0],"sum_hessian":[9E0,4E0,5E0,1E0,3E0,1E0,4E0,2E0,2E0],"tree_param":{"num_deleted":"0","num_feature":"2","num_nodes":"9","size_leaf_vector":"1"}},{"base_weights":[-9.0158385E-1,-1.5061972E1,1.1049004E1,-2.2892005E0,-7.3814625E-1,3.2002003E0,1.4173355E0,8.946075E-2,3.905693E-1],"categories":[],"categories_nodes":[],"categories_segments":[],"categories_sizes":[],"default_left":[0,0,0,0,0,0,0,0,0],"id":12,"left_children":[1,3,5,-1,-1,7,-1,-1,-1],"loss_changes":[1.8586694E3,1.317168E2,1.0177692E2,0E0,0E0,1.3856754E0,0E0,0E0,0E0],"parents":[2147483647,0,0,1,1,2,2,5,5],"right_children":[2,4,6,-1,-1,8,-1,-1,-1],"split_conditions":[6.04105E-1,2.0115918E-1,8.0444765E-1,-2.2892005E0,-7.3814625E-1,7.0336527E-1,1.4173355E0,8.946075E-2,3.905693E-1],"split_indices":[0,0,0,0,0,0,0,0,0],"split_type":[0,0,0,0,0,0,0,0,0],"sum_hessian":[9E0,4E0,5E0,1E0,3E0,2E0,3E0,1E0,1E0],"tree_param":{"num_deleted":"0","num_feature":"2","num_nodes":"9","size_leaf_vector":"1"}},{"base_weights":[-9.2442167E-1,-1.4161245E1,1.0260335E1,-2.1747406E0,-6.8278545E-1,4.326889E0,1.4751486E0,8.498764E-2,5.202601E-1],"categories":[],"categories_nodes":[],"categories_segments":[],"categories_sizes":[],"default_left":[0,0,0,0,0,0,0,0,0],"id":13,"left_children":[1,3,5,-1,-1,7,-1,-1,-1],"loss_changes":[1.6258058E3,1.2967328E2,9.6059875E1,0E0,0E0,7.757881E0,0E0,0E0,0E0],"parents":[2147483647,0,0,1,1,2,2,5,5],"right_children":[2,4,6,-1,-1,8,-1,-1,-1],"split_conditions":[6.04105E-1,2.0115918E-1,9.035457E-1,-2.1747406E0,-6.8278545E-1,7.0336527E-1,1.4751486E0,8.498764E-2,5.202601E-1],"split_indices":[0,0,0,0,0,0,0,0,0],"split_type":[0,0,0,0,0,0,0,0,0],"sum_hessian":[9E0,4E0,5E0,1E0,3E0,3E0,2E0,1E0,2E0],"tree_param":{"num_deleted":"0","num_feature":"2","num_nodes":"9","size_leaf_vector":"1"}},{"base_weights":[-9.096924E-1,-1.3316626E1,9.581035E0,-2.0660036E0,-6.3157654E-1,4.0455093E0,1.3768057E0,8.073807E-2,4.8557588E-1],"categories":[],"categories_nodes":[],"categories_segments":[],"categories_sizes":[],"default_left":[0,0,0,0,0,0,0,0,0],"id":14,"left_children":[1,3,5,-1,-1,7,-1,-1,-1],"loss_changes":[1.4291646E3,1.2656702E2,8.336542E1,0E0,0E0,6.574318E0,0E0,0E0,0E0],"parents":[2147483647,0,0,1,1,2,2,5,5],"right_children":[2,4,6,-1,-1,8,-1,-1,-1],"split_conditions":[6.04105E-1,2.0115918E-1,9.035457E-1,-2.0660036E0,-6.3157654E-1,7.0336527E-1,1.3768057E0,8.073807E-2,4.8557588E-1],"split_indices":[0,0,0,0,0,0,0,0,0],"split_type":[0,0,0,0,0,0,0,0,0],"sum_hessian":[9E0,4E0,5E0,1E0,3E0,3E0,2E0,1E0,2E0],"tree_param":{"num_deleted":"0","num_feature":"2","num_nodes":"9","size_leaf_vector":"1"}},{"base_weights":[-8.9416885E-1,-1.252448E1,8.946785E0,-1.6938311E0,-3.9358217E-1,3.7825356E0,1.2850189E0,7.670136E-2,4.5320383E-1],"categories":[],"categories_nodes":[],"categories_segments":[],"categories_sizes":[],"default_left":[0,0,0,0,0,0,0,0,0],"id":15,"left_children":[1,3,5,-1,-1,7,-1,-1,-1],"loss_changes":[1.2565874E3,1.22878296E2,7.234259E1,0E0,0E0,5.564434E0,0E0,0E0,0E0],"parents":[2147483647,0,0,1,1,2,2,5,5],"right_children":[2,4,6,-1,-1,8,-1,-1,-1],"split_conditions":[6.04105E-1,3.0209935E-1,9.035457E-1,-1.6938311E0,-3.9358217E-1,7.0336527E-1,1.2850189E0,7.670136E-2,4.5320383E-1],"split_indices":[0,0,0,0,0,0,0,0,0],"split_type":[0,0,0,0,0,0,0,0,0],"sum_hessian":[9E0,4E0,5E0,2E0,2E0,3E0,2E0,1E0,2E0],"tree_param":{"num_deleted":"0","num_feature":"2","num_nodes":"9","size_leaf_vector":"1"}},{"base_weights":[-8.3199996E-1,-1.1689512E1,8.354594E0,-1.8780117E0,-5.2218324E-1,3.5367584E0,1.1993511E0,7.286606E-2,4.229904E-1],"categories":[],"categories_nodes":[],"categories_segments":[],"categories_sizes":[],"default_left":[0,0,0,0,0,0,0,0,0],"id":16,"left_children":[1,3,5,-1,-1,7,-1,-1,-1],"loss_changes":[1.0950967E3,1.3123224E2,6.2772034E1,0E0,0E0,4.7035217E0,0E0,0E0,0E0],"parents":[2147483647,0,0,1,1,2,2,5,5],"right_children":[2,4,6,-1,-1,8,-1,-1,-1],"split_conditions":[6.04105E-1,2.0115918E-1,9.035457E-1,-1.8780117E0,-5.2218324E-1,7.0336527E-1,1.1993511E0,7.286606E-2,4.229904E-1],"split_indices":[0,0,0,0,0,0,0,0,0],"split_type":[0,0,0,0,0,0,0,0,0],"sum_hessian":[9E0,4E0,5E0,1E0,3E0,3E0,2E0,1E0,2E0],"tree_param":{"num_deleted":"0","num_feature":"2","num_nodes":"9","size_leaf_vector":"1"}},{"base_weights":[-8.192978E-1,-1.1000598E1,7.8016686E0,-1.784111E0,-4.8301926E0,3.3070488E0,1.119394E0,-5.529658E-1,-1.3658981E-1,6.9223024E-2,3.9479116E-1],"categories":[],"categories_nodes":[],"categories_segments":[],"categories_sizes":[],"default_left":[0,0,0,0,0,0,0,0,0,0,0],"id":17,"left_children":[1,3,5,-1,7,9,-1,-1,-1,-1,-1],"loss_changes":[9.635495E2,1.24867676E2,5.446292E1,0E0,2.1396637E0,3.9700928E0,0E0,0E0,0E0,0E0,0E0],"parents":[2147483647,0,0,1,1,2,2,4,4,5,5],"right_children":[2,4,6,-1,8,10,-1,-1,-1,-1,-1],"split_conditions":[6.04105E-1,2.0115918E-1,9.035457E-1,-1.784111E0,4.0283036E-1,7.0336527E-1,1.119394E0,-5.529658E-1,-1.3658981E-1,6.9223024E-2,3.9479116E-1],"split_indices":[0,0,0,0,0,0,0,0,0,0,0],"split_type":[0,0,0,0,0,0,0,0,0,0,0],"sum_hessian":[9E0,4E0,5E0,1E0,3E0,3E0,2E0,2E0,1E0,1E0,2E0],"tree_param":{"num_deleted":"0","num_feature":"2","num_nodes":"11","size_leaf_vector":"1"}},{"base_weights":[-8.263954E-1,-1.0395271E1,7.2854004E0,-1.6949055E0,-4.519562E0,3.0923462E0,1.0447673E0,-5.161016E-1,-1.2975998E-1,6.5761566E-2,3.684718E-1],"categories":[],"categories_nodes":[],"categories_segments":[],"categories_sizes":[],"default_left":[0,0,0,0,0,0,0,0,0,0,0],"id":18,"left_children":[1,3,5,-1,7,9,-1,-1,-1,-1,-1],"loss_changes":[8.5194147E2,1.1593829E2,4.7249634E1,0E0,1.5700302E0,3.345932E0,0E0,0E0,0E0,0E0,0E0],"parents":[2147483647,0,0,1,1,2,2,4,4,5,5],"right_children":[2,4,6,-1,8,10,-1,-1,-1,-1,-1],"split_conditions":[6.04105E-1,2.0115918E-1,9.035457E-1,-1.6949055E0,4.0283036E-1,7.0336527E-1,1.0447673E0,-5.161016E-1,-1.2975998E-1,6.5761566E-2,3.684718E-1],"split_indices":[0,0,0,0,0,0,0,0,0,0,0],"split_type":[0,0,0,0,0,0,0,0,0,0,0],"sum_hessian":[9E0,4E0,5E0,1E0,3E0,3E0,2E0,2E0,1E0,1E0,2E0],"tree_param":{"num_deleted":"0","num_feature":"2","num_nodes":"11","size_leaf_vector":"1"}},{"base_weights":[-8.2993317E-1,-9.823898E0,6.80336E0,-1.6101601E0,-4.2290726E0,2.8916702E0,9.7511595E-1,-4.8169503E-1,-1.2327194E-1,6.2473297E-2,3.4390718E-1],"categories":[],"categories_nodes":[],"categories_segments":[],"categories_sizes":[],"default_left":[0,0,0,0,0,0,0,0,0,0,0],"id":19,"left_children":[1,3,5,-1,7,9,-1,-1,-1,-1,-1],"loss_changes":[7.533712E2,1.0751843E2,4.098813E1,0E0,1.1080017E0,2.815197E0,0E0,0E0,0E0,0E0,0E0],"parents":[2147483647,0,0,1,1,2,2,4,4,5,5],"right_children":[2,4,6,-1,8,10,-1,-1,-1,-1,-1],"split_conditions":[6.04105E-1,2.0115918E-1,9.035457E-1,-1.6101601E0,4.0283036E-1,7.0336527E-1,9.7511595E-1,-4.8169503E-1,-1.2327194E-1,6.2473297E-2,3.4390718E-1],"split_indices":[0,0,0,0,0,0,0,0,0,0,0],"split_type":[0,0,0,0,0,0,0,0,0,0,0],"sum_hessian":[9E0,4E0,5E0,1E0,3E0,3E0,2E0,2E0,1E0,1E0,2E0],"tree_param":{"num_deleted":"0","num_feature":"2","num_nodes":"11","size_leaf_vector":"1"}},{"base_weights":[-8.303009E-1,-9.2845335E0,6.3532767E0,-1.529652E0,-3.957407E0,2.7041016E0,9.101085E-1,-4.4958216E-1,-1.1710816E-1,5.9349824E-2,3.2098034E-1],"categories":[],"categories_nodes":[],"categories_segments":[],"categories_sizes":[],"default_left":[0,0,0,0,0,0,0,0,0,0,0],"id":20,"left_children":[1,3,5,-1,7,9,-1,-1,-1,-1,-1],"loss_changes":[6.663036E2,9.959848E1,3.5553146E1,0E0,7.358208E-1,2.3643303E0,0E0,0E0,0E0,0E0,0E0],"parents":[2147483647,0,0,1,1,2,2,4,4,5,5],"right_children":[2,4,6,-1,8,10,-1,-1,-1,-1,-1],"split_conditions":[6.04105E-1,2.0115918E-1,9.035457E-1,-1.529652E0,4.0283036E-1,7.0336527E-1,9.101085E-1,-4.4958216E-1,-1.1710816E-1,5.9349824E-2,3.2098034E-1],"split_indices":[0,0,0,0,0,0,0,0,0,0,0],"split_type":[0,0,0,0,0,0,0,0,0,0,0],"sum_hessian":[9E0,4E0,5E0,1E0,3E0,3E0,2E0,2E0,1E0,1E0,2E0],"tree_param":{"num_deleted":"0","num_feature":"2","num_nodes":"11","size_leaf_vector":"1"}},{"base_weights":[-8.278618E-1,-8.775347E0,5.933019E0,-1.4531692E0,-3.7033367E0,2.5287704E0,8.494344E-1,-4.1960984E-1,-1.112526E-1,5.638199E-2,2.995814E-1],"categories":[],"categories_nodes":[],"categories_segments":[],"categories_sizes":[],"default_left":[0,0,0,0,0,0,0,0,0,0,0],"id":21,"left_children":[1,3,5,-1,7,9,-1,-1,-1,-1,-1],"loss_changes":[5.893842E2,9.216547E1,3.083609E1,0E0,4.3833923E-1,1.9817715E0,0E0,0E0,0E0,0E0,0E0],"parents":[2147483647,0,0,1,1,2,2,4,4,5,5],"right_children":[2,4,6,-1,8,10,-1,-1,-1,-1,-1],"split_conditions":[6.04105E-1,2.0115918E-1,9.035457E-1,-1.4531692E0,4.0283036E-1,7.0336527E-1,8.494344E-1,-4.1960984E-1,-1.112526E-1,5.638199E-2,2.995814E-1],"split_indices":[0,0,0,0,0,0,0,0,0,0,0],"split_type":[0,0,0,0,0,0,0,0,0,0,0],"sum_hessian":[9E0,4E0,5E0,1E0,3E0,3E0,2E0,2E0,1E0,1E0,2E0],"tree_param":{"num_deleted":"0","num_feature":"2","num_nodes":"11","size_leaf_vector":"1"}},{"base_weights":[-8.2293856E-1,-8.294617E0,5.5406165E0,-1.3805107E0,-3.4657173E0,2.3648872E0,7.9280496E-1,-3.9163563E-1,-1.0569E-1,5.3562928E-2,2.7960968E-1],"categories":[],"categories_nodes":[],"categories_segments":[],"categories_sizes":[],"default_left":[0,0,0,0,0,0,0,0,0,0,0],"id":22,"left_children":[1,3,5,-1,7,9,-1,-1,-1,-1,-1],"loss_changes":[5.2142163E2,8.52034E1,2.6742111E1,0E0,2.0283508E-1,1.657505E0,0E0,0E0,0E0,0E0,0E0],"parents":[2147483647,0,0,1,1,2,2,4,4,5,5],"right_children":[2,4,6,-1,8,10,-1,-1,-1,-1,-1],"split_conditions":[6.04105E-1,2.0115918E-1,9.035457E-1,-1.3805107E0,4.0283036E-1,7.0336527E-1,7.9280496E-1,-3.9163563E-1,-1.0569E-1,5.3562928E-2,2.7960968E-1],"split_indices":[0,0,0,0,0,0,0,0,0,0,0],"split_type":[0,0,0,0,0,0,0,0,0,0,0],"sum_hessian":[9E0,4E0,5E0,1E0,3E0,3E0,2E0,2E0,1E0,1E0,2E0],"tree_param":{"num_deleted":"0","num_feature":"2","num_nodes":"11","size_leaf_vector":"1"}},{"base_weights":[-8.15831E-1,-7.840726E0,5.1742196E0,-1.3114853E0,-3.2434807E0,2.2116928E0,7.3995155E-1,-3.6552685E-1,-1.0040589E-1,5.088501E-2,2.6096904E-1],"categories":[],"categories_nodes":[],"categories_segments":[],"categories_sizes":[],"default_left":[0,0,0,0,0,0,0,0,0,0,0],"id":23,"left_children":[1,3,5,-1,7,9,-1,-1,-1,-1,-1],"loss_changes":[4.613644E2,7.869449E1,2.3189545E1,0E0,1.8558502E-2,1.3829689E0,0E0,0E0,0E0,0E0,0E0],"parents":[2147483647,0,0,1,1,2,2,4,4,5,5],"right_children":[2,4,6,-1,8,10,-1,-1,-1,-1,-1],"split_conditions":[6.04105E-1,2.0115918E-1,9.035457E-1,-1.3114853E0,4.0283036E-1,7.0336527E-1,7.3995155E-1,-3.6552685E-1,-1.0040589E-1,5.088501E-2,2.6096904E-1],"split_indices":[0,0,0,0,0,0,0,0,0,0,0],"split_type":[0,0,0,0,0,0,0,0,0,0,0],"sum_hessian":[9E0,4E0,5E0,1E0,3E0,3E0,2E0,2E0,1E0,1E0,2E0],"tree_param":{"num_deleted":"0","num_feature":"2","num_nodes":"11","size_leaf_vector":"1"}},{"base_weights":[-8.0680925E-1,-7.4121385E0,4.8321E0,-1.245911E0,-3.0356178E-1,2.0684853E0,6.90622E-1,4.8340607E-2,2.4357097E-1],"categories":[],"categories_nodes":[],"categories_segments":[],"categories_sizes":[],"default_left":[0,0,0,0,0,0,0,0,0],"id":24,"left_children":[1,3,5,-1,-1,7,-1,-1,-1],"loss_changes":[4.0828473E2,7.261978E1,2.010698E1,0E0,0E0,1.1508827E0,0E0,0E0,0E0],"parents":[2147483647,0,0,1,1,2,2,5,5],"right_children":[2,4,6,-1,-1,8,-1,-1,-1],"split_conditions":[6.04105E-1,2.0115918E-1,9.035457E-1,-1.245911E0,-3.0356178E-1,7.0336527E-1,6.90622E-1,4.8340607E-2,2.4357097E-1],"split_indices":[0,0,0,0,0,0,0,0,0],"split_type":[0,0,0,0,0,0,0,0,0],"sum_hessian":[9E0,4E0,5E0,1E0,3E0,3E0,2E0,1E0,2E0],"tree_param":{"num_deleted":"0","num_feature":"2","num_nodes":"9","size_leaf_vector":"1"}},{"base_weights":[-7.8282547E-1,-8.324987E0,3.6388135E0,-1.1836156E0,-3.2092133E-1,-2.285614E-1,5.231476E0,-8.0207825E-2,4.5923617E-2,2.8721696E-1,7.334351E-1],"categories":[],"categories_nodes":[],"categories_segments":[],"categories_sizes":[],"default_left":[0,0,0,0,0,0,0,0,0,0,0],"id":25,"left_children":[1,3,5,-1,-1,7,9,-1,-1,-1,-1],"loss_changes":[3.6378024E2,3.3864624E1,4.4311676E1,0E0,0E0,1.5517336E0,3.7411194E0,0E0,0E0,0E0,0E0],"parents":[2147483647,0,0,1,1,2,2,5,5,6,6],"right_children":[2,4,6,-1,-1,8,10,-1,-1,-1,-1],"split_conditions":[4.0283036E-1,2.0115918E-1,7.0336527E-1,-1.1836156E0,-3.2092133E-1,6.04105E-1,1E0,-8.0207825E-2,4.5923617E-2,2.8721696E-1,7.334351E-1],"split_indices":[0,0,0,0,0,0,0,0,0,0,0],"split_type":[0,0,0,0,0,0,0,0,0,0,0],"sum_hessian":[9E0,3E0,6E0,1E0,2E0,2E0,4E0,1E0,1E0,3E0,1E0],"tree_param":{"num_deleted":"0","num_feature":"2","num_nodes":"11","size_leaf_vector":"1"}},{"base_weights":[-7.563599E-1,-7.868622E0,3.4158413E0,-1.1244347E0,-2.9952648E-1,-2.1713765E-1,4.9124603E0,-7.619782E-2,4.362717E-2,2.6567575E-1,6.9676363E-1],"categories":[],"categories_nodes":[],"categories_segments":[],"categories_sizes":[],"default_left":[0,0,0,0,0,0,0,0,0,0,0],"id":26,"left_children":[1,3,5,-1,-1,7,9,-1,-1,-1,-1],"loss_changes":[3.2361584E2,3.212465E1,3.9126984E1,0E0,0E0,1.400441E0,4.6680145E0,0E0,0E0,0E0,0E0],"parents":[2147483647,0,0,1,1,2,2,5,5,6,6],"right_children":[2,4,6,-1,-1,8,10,-1,-1,-1,-1],"split_conditions":[4.0283036E-1,2.0115918E-1,7.0336527E-1,-1.1244347E0,-2.9952648E-1,6.04105E-1,1E0,-7.619782E-2,4.362717E-2,2.6567575E-1,6.9676363E-1],"split_indices":[0,0,0,0,0,0,0,0,0,0,0],"split_type":[0,0,0,0,0,0,0,0,0,0,0],"sum_hessian":[9E0,3E0,6E0,1E0,2E0,2E0,4E0,1E0,1E0,3E0,1E0],"tree_param":{"num_deleted":"0","num_feature":"2","num_nodes":"11","size_leaf_vector":"1"}},{"base_weights":[-7.3013E-1,-7.437748E0,3.2070987E0,-1.0682129E0,-2.795578E-1,4.6379852E-1,5.148625E-1,-7.2387695E-2,1.10098265E-1],"categories":[],"categories_nodes":[],"categories_segments":[],"categories_sizes":[],"default_left":[0,0,0,0,0,0,0,0,0],"id":27,"left_children":[1,3,5,-1,-1,7,-1,-1,-1],"loss_changes":[2.8794785E2,3.038115E1,3.4895393E1,0E0,0E0,3.8240483E0,0E0,0E0,0E0],"parents":[2147483647,0,0,1,1,2,2,5,5],"right_children":[2,4,6,-1,-1,8,-1,-1,-1],"split_conditions":[4.0283036E-1,2.0115918E-1,8.0444765E-1,-1.0682129E0,-2.795578E-1,6.04105E-1,5.148625E-1,-7.2387695E-2,1.10098265E-1],"split_indices":[0,0,0,0,0,0,0,0,0],"split_type":[0,0,0,0,0,0,0,0,0],"sum_hessian":[9E0,3E0,6E0,1E0,2E0,3E0,3E0,1E0,2E0],"tree_param":{"num_deleted":"0","num_feature":"2","num_nodes":"9","size_leaf_vector":"1"}},{"base_weights":[-7.3663557E-1,-7.030916E0,2.96533E0,-1.0148022E0,-2.6092073E-1,8.865417E-1,5.441534E-1,-6.8768315E-2,1.4520187E0,3.5941314E-2,1.6964163E-1],"categories":[],"categories_nodes":[],"categories_segments":[],"categories_sizes":[],"default_left":[0,0,0,0,0,0,0,0,0,0,0],"id":28,"left_children":[1,3,5,-1,-1,7,-1,-1,9,-1,-1],"loss_changes":[2.538611E2,2.8653442E1,3.1208374E1,0E0,0E0,5.449468E0,0E0,0E0,4.5840645E-1,0E0,0E0],"parents":[2147483647,0,0,1,1,2,2,5,5,8,8],"right_children":[2,4,6,-1,-1,8,-1,-1,10,-1,-1],"split_conditions":[4.0283036E-1,2.0115918E-1,9.035457E-1,-1.0148022E0,-2.6092073E-1,6.04105E-1,5.441534E-1,-6.8768315E-2,7.0336527E-1,3.5941314E-2,1.6964163E-1],"split_indices":[0,0,0,0,0,0,0,0,0,0,0],"split_type":[0,0,0,0,0,0,0,0,0,0,0],"sum_hessian":[9E0,3E0,6E0,1E0,2E0,4E0,2E0,1E0,3E0,1E0,2E0],"tree_param":{"num_deleted":"0","num_feature":"2","num_nodes":"11","size_leaf_vector":"1"}},{"base_weights":[-7.224487E-1,-6.646755E0,2.7660763E0,-9.6406215E-1,-2.4352597E-1,1.1971741E0,6.0897446E-1,-2.07901E-1,1.9516869E-1,-6.5329745E-2,3.414459E-2],"categories":[],"categories_nodes":[],"categories_segments":[],"categories_sizes":[],"default_left":[0,0,0,0,0,0,0,0,0,0,0],"id":29,"left_children":[1,3,5,-1,-1,7,-1,9,-1,-1,-1],"loss_changes":[2.2505635E2,2.69572E1,2.9211086E1,0E0,0E0,6.7666397E0,0E0,9.570973E-1,0E0,0E0,0E0],"parents":[2147483647,0,0,1,1,2,2,5,5,7,7],"right_children":[2,4,6,-1,-1,8,-1,10,-1,-1,-1],"split_conditions":[4.0283036E-1,2.0115918E-1,1E0,-9.6406215E-1,-2.4352597E-1,7.0336527E-1,6.0897446E-1,6.04105E-1,1.9516869E-1,-6.5329745E-2,3.414459E-2],"split_indices":[0,0,0,0,0,0,0,0,0,0,0],"split_type":[0,0,0,0,0,0,0,0,0,0,0],"sum_hessian":[9E0,3E0,6E0,1E0,2E0,5E0,1E0,2E0,3E0,1E0,1E0],"tree_param":{"num_deleted":"0","num_feature":"2","num_nodes":"11","size_leaf_vector":"1"}},{"base_weights":[-6.936699E-1,-6.2839756E0,2.5998862E0,-9.1585886E-1,-2.2729085E-1,1.1047821E0,5.7852554E-1,-6.20636E-2,1.573993E0,3.2437135E-2,1.8053055E-1],"categories":[],"categories_nodes":[],"categories_segments":[],"categories_sizes":[],"default_left":[0,0,0,0,0,0,0,0,0,0,0],"id":30,"left_children":[1,3,5,-1,-1,7,-1,-1,9,-1,-1],"loss_changes":[2.0045747E2,2.5304413E1,2.694577E1,0E0,0E0,5.834386E0,0E0,0E0,8.5967636E-1,0E0,0E0],"parents":[2147483647,0,0,1,1,2,2,5,5,8,8],"right_children":[2,4,6,-1,-1,8,-1,-1,10,-1,-1],"split_conditions":[4.0283036E-1,2.0115918E-1,1E0,-9.1585886E-1,-2.2729085E-1,6.04105E-1,5.7852554E-1,-6.20636E-2,7.0336527E-1,3.2437135E-2,1.8053055E-1],"split_indices":[0,0,0,0,0,0,0,0,0,0,0],"split_type":[0,0,0,0,0,0,0,0,0,0,0],"sum_hessian":[9E0,3E0,6E0,1E0,2E0,5E0,1E0,1E0,4E0,1E0,3E0],"tree_param":{"num_deleted":"0","num_feature":"2","num_nodes":"11","size_leaf_vector":"1"}},{"base_weights":[-6.6567457E-1,-7.2112556E0,1.8721275E0,-8.700661E-1,-2.1162224E-1,-6.7365265E-1,3.534326E0,-1.10363774E-1,3.0815125E-2,1.6699104E-1,5.4959947E-1],"categories":[],"categories_nodes":[],"categories_segments":[],"categories_sizes":[],"default_left":[0,0,0,0,0,0,0,0,0,0,0],"id":31,"left_children":[1,3,5,-1,-1,7,9,-1,-1,-1,-1],"loss_changes":[1.7961427E2,4.353195E0,3.6233643E1,0E0,0E0,2.0287316E0,9.109009E0,0E0,0E0,0E0,0E0],"parents":[2147483647,0,0,1,1,2,2,5,5,6,6],"right_children":[2,4,6,-1,-1,8,10,-1,-1,-1,-1],"split_conditions":[3.0209935E-1,2.0115918E-1,7.0336527E-1,-8.700661E-1,-2.1162224E-1,6.04105E-1,1E0,-1.10363774E-1,3.0815125E-2,1.6699104E-1,5.4959947E-1],"split_indices":[0,0,0,0,0,0,0,0,0,0,0],"split_type":[0,0,0,0,0,0,0,0,0,0,0],"sum_hessian":[9E0,2E0,7E0,1E0,1E0,3E0,4E0,2E0,1E0,3E0,1E0],"tree_param":{"num_deleted":"0","num_feature":"2","num_nodes":"11","size_leaf_vector":"1"}},{"base_weights":[-6.43573E-1,-6.8506927E0,1.7645435E0,-8.265629E-1,-2.0104103E-1,-6.261749E-1,3.3242097E0,-1.0300598E-1,2.9273987E-2,1.5446663E-1,5.2211916E-1],"categories":[],"categories_nodes":[],"categories_segments":[],"categories_sizes":[],"default_left":[0,0,0,0,0,0,0,0,0,0,0],"id":32,"left_children":[1,3,5,-1,-1,7,9,-1,-1,-1,-1],"loss_changes":[1.6156302E2,3.9287567E0,3.1911318E1,0E0,0E0,1.7860825E0,8.813808E0,0E0,0E0,0E0,0E0],"parents":[2147483647,0,0,1,1,2,2,5,5,6,6],"right_children":[2,4,6,-1,-1,8,10,-1,-1,-1,-1],"split_conditions":[3.0209935E-1,2.0115918E-1,7.0336527E-1,-8.265629E-1,-2.0104103E-1,6.04105E-1,1E0,-1.0300598E-1,2.9273987E-2,1.5446663E-1,5.2211916E-1],"split_indices":[0,0,0,0,0,0,0,0,0,0,0],"split_type":[0,0,0,0,0,0,0,0,0,0,0],"sum_hessian":[9E0,2E0,7E0,1E0,1E0,3E0,4E0,2E0,1E0,3E0,1E0],"tree_param":{"num_deleted":"0","num_feature":"2","num_nodes":"11","size_leaf_vector":"1"}},{"base_weights":[-6.2168884E-1,-6.508158E0,1.6634483E0,-7.8523487E-1,-1.9098893E-1,4.8390415E-1,4.960129E-1,-9.613851E-2,1.2542969E0,2.7810669E-2,1.4288178E-1],"categories":[],"categories_nodes":[],"categories_segments":[],"categories_sizes":[],"default_left":[0,0,0,0,0,0,0,0,0,0,0],"id":33,"left_children":[1,3,5,-1,-1,7,-1,-1,9,-1,-1],"loss_changes":[1.4533989E2,3.545723E0,2.8708412E1,0E0,0E0,8.999945E0,0E0,0E0,4.5446396E-1,0E0,0E0],"parents":[2147483647,0,0,1,1,2,2,5,5,8,8],"right_children":[2,4,6,-1,-1,8,-1,-1,10,-1,-1],"split_conditions":[3.0209935E-1,2.0115918E-1,1E0,-7.8523487E-1,-1.9098893E-1,6.04105E-1,4.960129E-1,-9.613851E-2,7.0336527E-1,2.7810669E-2,1.4288178E-1],"split_indices":[0,0,0,0,0,0,0,0,0,0,0],"split_type":[0,0,0,0,0,0,0,0,0,0,0],"sum_hessian":[9E0,2E0,7E0,1E0,1E0,6E0,1E0,2E0,4E0,1E0,3E0],"tree_param":{"num_deleted":"0","num_feature":"2","num_nodes":"11","size_leaf_vector":"1"}},{"base_weights":[-6.000862E-1,-6.182752E0,1.5684242E0,-7.459732E-1,-1.814396E-1,4.4616482E-1,4.71212E-1,-8.97288E-2,1.1630036E0,2.6419831E-2,1.3216554E-1],"categories":[],"categories_nodes":[],"categories_segments":[],"categories_sizes":[],"default_left":[0,0,0,0,0,0,0,0,0,0,0],"id":34,"left_children":[1,3,5,-1,-1,7,-1,-1,9,-1,-1],"loss_changes":[1.3075787E2,3.2000046E0,2.6121954E1,0E0,0E0,7.7848225E0,0E0,0E0,3.6380625E-1,0E0,0E0],"parents":[2147483647,0,0,1,1,2,2,5,5,8,8],"right_children":[2,4,6,-1,-1,8,-1,-1,10,-1,-1],"split_conditions":[3.0209935E-1,2.0115918E-1,1E0,-7.459732E-1,-1.814396E-1,6.04105E-1,4.71212E-1,-8.97288E-2,7.0336527E-1,2.6419831E-2,1.3216554E-1],"split_indices":[0,0,0,0,0,0,0,0,0,0,0],"split_type":[0,0,0,0,0,0,0,0,0,0,0],"sum_hessian":[9E0,2E0,7E0,1E0,1E0,6E0,1E0,2E0,4E0,1E0,3E0],"tree_param":{"num_deleted":"0","num_feature":"2","num_nodes":"11","size_leaf_vector":"1"}},{"base_weights":[-5.788139E-1,-5.873614E0,1.4790878E0,-7.086746E-1,-1.7236748E-1,4.113813E-1,4.4765168E-1,-8.374736E-2,1.078418E0,2.5099183E-2,1.2225266E-1],"categories":[],"categories_nodes":[],"categories_segments":[],"categories_sizes":[],"default_left":[0,0,0,0,0,0,0,0,0,0,0],"id":35,"left_children":[1,3,5,-1,-1,7,-1,-1,9,-1,-1],"loss_changes":[1.17649376E2,2.888031E0,2.376144E1,0E0,0E0,6.73437E0,0E0,0E0,2.8935194E-1,0E0,0E0],"parents":[2147483647,0,0,1,1,2,2,5,5,8,8],"right_children":[2,4,6,-1,-1,8,-1,-1,10,-1,-1],"split_conditions":[3.0209935E-1,2.0115918E-1,1E0,-7.086746E-1,-1.7236748E-1,6.04105E-1,4.4765168E-1,-8.374736E-2,7.0336527E-1,2.5099183E-2,1.2225266E-1],"split_indices":[0,0,0,0,0,0,0,0,0,0,0],"split_type":[0,0,0,0,0,0,0,0,0,0,0],"sum_hessian":[9E0,2E0,7E0,1E0,1E0,6E0,1E0,2E0,4E0,1E0,3E0],"tree_param":{"num_deleted":"0","num_feature":"2","num_nodes":"11","size_leaf_vector":"1"}},{"base_weights":[-5.5791247E-1,-5.579933E0,1.3950844E0,-6.732411E-1,-1.6374893E-1,3.7932697E-1,4.2526934E-1,-7.8164674E-2,1.0000458E0,2.3844147E-2,1.1308365E-1],"categories":[],"categories_nodes":[],"categories_segments":[],"categories_sizes":[],"default_left":[0,0,0,0,0,0,0,0,0,0,0],"id":36,"left_children":[1,3,5,-1,-1,7,-1,-1,9,-1,-1],"loss_changes":[1.0586438E2,2.6064835E0,2.1607937E1,0E0,0E0,5.82615E0,0E0,0E0,2.2841549E-1,0E0,0E0],"parents":[2147483647,0,0,1,1,2,2,5,5,8,8],"right_children":[2,4,6,-1,-1,8,-1,-1,10,-1,-1],"split_conditions":[3.0209935E-1,2.0115918E-1,1E0,-6.732411E-1,-1.6374893E-1,6.04105E-1,4.2526934E-1,-7.8164674E-2,7.0336527E-1,2.3844147E-2,1.1308365E-1],"split_indices":[0,0,0,0,0,0,0,0,0,0,0],"split_type":[0,0,0,0,0,0,0,0,0,0,0],"sum_hessian":[9E0,2E0,7E0,1E0,1E0,6E0,1E0,2E0,4E0,1E0,3E0],"tree_param":{"num_deleted":"0","num_feature":"2","num_nodes":"11","size_leaf_vector":"1"}},{"base_weights":[-5.374153E-1,-5.300936E0,1.316082E0,-6.39579E-1,-1.5556145E-1,3.497903E-1,4.040062E-1,-7.295329E-2,9.2742616E-1,2.2651672E-2,1.04602434E-1],"categories":[],"categories_nodes":[],"categories_segments":[],"categories_sizes":[],"default_left":[0,0,0,0,0,0,0,0,0,0,0],"id":37,"left_children":[1,3,5,-1,-1,7,-1,-1,9,-1,-1],"loss_changes":[9.52682E1,2.352356E0,1.9644096E1,0E0,0E0,5.040778E0,0E0,0E0,1.7869091E-1,0E0,0E0],"parents":[2147483647,0,0,1,1,2,2,5,5,8,8],"right_children":[2,4,6,-1,-1,8,-1,-1,10,-1,-1],"split_conditions":[3.0209935E-1,2.0115918E-1,1E0,-6.39579E-1,-1.5556145E-1,6.04105E-1,4.040062E-1,-7.295329E-2,7.0336527E-1,2.2651672E-2,1.04602434E-1],"split_indices":[0,0,0,0,0,0,0,0,0,0,0],"split_type":[0,0,0,0,0,0,0,0,0,0,0],"sum_hessian":[9E0,2E0,7E0,1E0,1E0,6E0,1E0,2E0,4E0,1E0,3E0],"tree_param":{"num_deleted":"0","num_feature":"2","num_nodes":"11","size_leaf_vector":"1"}},{"base_weights":[-5.173553E-1,-5.0358887E0,1.2417641E0,-6.0760003E-1,-1.4778328E-1,3.225708E-1,3.8380584E-1,-6.8089806E-2,8.6013794E-1,2.1519471E-2,9.675751E-2],"categories":[],"categories_nodes":[],"categories_segments":[],"categories_sizes":[],"default_left":[0,0,0,0,0,0,0,0,0,0,0],"id":38,"left_children":[1,3,5,-1,-1,7,-1,-1,9,-1,-1],"loss_changes":[8.5739784E1,2.1230087E0,1.7853924E1,0E0,0E0,4.361689E0,0E0,0E0,1.3823724E-1,0E0,0E0],"parents":[2147483647,0,0,1,1,2,2,5,5,8,8],"right_children":[2,4,6,-1,-1,8,-1,-1,10,-1,-1],"split_conditions":[3.0209935E-1,2.0115918E-1,1E0,-6.0760003E-1,-1.4778328E-1,6.04105E-1,3.8380584E-1,-6.8089806E-2,7.0336527E-1,2.1519471E-2,9.675751E-2],"split_indices":[0,0,0,0,0,0,0,0,0,0,0],"split_type":[0,0,0,0,0,0,0,0,0,0,0],"sum_hessian":[9E0,2E0,7E0,1E0,1E0,6E0,1E0,2E0,4E0,1E0,3E0],"tree_param":{"num_deleted":"0","num_feature":"2","num_nodes":"11","size_leaf_vector":"1"}},{"base_weights":[-4.9775925E-1,-4.784096E0,1.1718369E0,-5.7722014E-1,-1.4039421E-1,2.9748318E-1,3.6461565E-1,-6.355082E-2,7.9778135E-1,2.0443726E-2,8.950081E-2],"categories":[],"categories_nodes":[],"categories_segments":[],"categories_sizes":[],"default_left":[0,0,0,0,0,0,0,0,0,0,0],"id":39,"left_children":[1,3,5,-1,-1,7,-1,-1,9,-1,-1],"loss_changes":[7.717068E1,1.9160156E0,1.6222773E1,0E0,0E0,3.7744138E0,0E0,0E0,1.0547137E-1,0E0,0E0],"parents":[2147483647,0,0,1,1,2,2,5,5,8,8],"right_children":[2,4,6,-1,-1,8,-1,-1,10,-1,-1],"split_conditions":[3.0209935E-1,2.0115918E-1,1E0,-5.7722014E-1,-1.4039421E-1,6.04105E-1,3.6461565E-1,-6.355082E-2,7.0336527E-1,2.0443726E-2,8.950081E-2],"split_indices":[0,0,0,0,0,0,0,0,0,0,0],"split_type":[0,0,0,0,0,0,0,0,0,0,0],"sum_hessian":[9E0,2E0,7E0,1E0,1E0,6E0,1E0,2E0,4E0,1E0,3E0],"tree_param":{"num_deleted":"0","num_feature":"2","num_nodes":"11","size_leaf_vector":"1"}},{"base_weights":[-4.7864532E-1,-4.5448914E0,1.1060276E0,-5.4835933E-1,-1.3337441E-1,2.7435955E-1,3.463852E-1,-5.9313964E-2,7.399872E-1,1.9421387E-2,8.278771E-2],"categories":[],"categories_nodes":[],"categories_segments":[],"categories_sizes":[],"default_left":[0,0,0,0,0,0,0,0,0,0,0],"id":40,"left_children":[1,3,5,-1,-1,7,-1,-1,9,-1,-1],"loss_changes":[6.946347E1,1.7292175E0,1.4737077E1,0E0,0E0,3.2664366E0,0E0,0E0,7.9054594E-2,0E0,0E0],"parents":[2147483647,0,0,1,1,2,2,5,5,8,8],"right_children":[2,4,6,-1,-1,8,-1,-1,10,-1,-1],"split_conditions":[3.0209935E-1,2.0115918E-1,1E0,-5.4835933E-1,-1.3337441E-1,6.04105E-1,3.463852E-1,-5.9313964E-2,7.0336527E-1,1.9421387E-2,8.278771E-2],"split_indices":[0,0,0,0,0,0,0,0,0,0,0],"split_type":[0,0,0,0,0,0,0,0,0,0,0],"sum_hessian":[9E0,2E0,7E0,1E0,1E0,6E0,1E0,2E0,4E0,1E0,3E0],"tree_param":{"num_deleted":"0","num_feature":"2","num_nodes":"11","size_leaf_vector":"1"}},{"base_weights":[-4.6002883E-1,-4.3176446E0,1.0440807E0,-5.209412E-1,-1.2670556E-1,2.530474E-1,3.290657E-1,-5.5359907E-2,6.864258E-1,1.8450165E-2,7.657814E-2],"categories":[],"categories_nodes":[],"categories_segments":[],"categories_sizes":[],"default_left":[0,0,0,0,0,0,0,0,0,0,0],"id":41,"left_children":[1,3,5,-1,-1,7,-1,-1,9,-1,-1],"loss_changes":[6.253074E1,1.5606346E0,1.3384241E1,0E0,0E0,2.8270864E0,0E0,0E0,5.7864428E-2,0E0,0E0],"parents":[2147483647,0,0,1,1,2,2,5,5,8,8],"right_children":[2,4,6,-1,-1,8,-1,-1,10,-1,-1],"split_conditions":[3.0209935E-1,2.0115918E-1,1E0,-5.209412E-1,-1.2670556E-1,6.04105E-1,3.290657E-1,-5.5359907E-2,7.0336527E-1,1.8450165E-2,7.657814E-2],"split_indices":[0,0,0,0,0,0,0,0,0,0,0],"split_type":[0,0,0,0,0,0,0,0,0,0,0],"sum_hessian":[9E0,2E0,7E0,1E0,1E0,6E0,1E0,2E0,4E0,1E0,3E0],"tree_param":{"num_deleted":"0","num_feature":"2","num_nodes":"11","size_leaf_vector":"1"}},{"base_weights":[-4.4191894E-1,-4.101761E0,9.8576164E-1,-4.9489403E-1,-1.20370105E-1,2.3340715E-1,3.1261215E-1,-5.166931E-1,6.3678586E-1,-6.256409E-2,-1.4939881E-2,1.7527772E-2,7.083435E-2],"categories":[],"categories_nodes":[],"categories_segments":[],"categories_sizes":[],"default_left":[0,0,0,0,0,0,0,0,0,0,0,0,0],"id":42,"left_children":[1,3,5,-1,-1,7,-1,9,11,-1,-1,-1,-1],"loss_changes":[5.6294212E1,1.4084854E0,1.2152815E1,0E0,0E0,2.4470441E0,0E0,2.6577711E-2,4.096532E-2,0E0,0E0,0E0,0E0],"parents":[2147483647,0,0,1,1,2,2,5,5,7,7,8,8],"right_children":[2,4,6,-1,-1,8,-1,10,12,-1,-1,-1,-1],"split_conditions":[3.0209935E-1,2.0115918E-1,1E0,-4.9489403E-1,-1.20370105E-1,6.04105E-1,3.1261215E-1,4.0283036E-1,7.0336527E-1,-6.256409E-2,-1.4939881E-2,1.7527772E-2,7.083435E-2],"split_indices":[0,0,0,0,0,0,0,0,0,0,0,0,0],"split_type":[0,0,0,0,0,0,0,0,0,0,0,0,0],"sum_hessian":[9E0,2E0,7E0,1E0,1E0,6E0,1E0,2E0,4E0,1E0,1E0,1E0,3E0],"tree_param":{"num_deleted":"0","num_feature":"2","num_nodes":"13","size_leaf_vector":"1"}},{"base_weights":[-4.269058E-1,-3.8966725E0,9.2761993E-1,-4.7014925E-1,-1.1435165E-1,2.116176E-1,2.969818E-1,-4.9086E-1,5.907806E-1,-5.9436034E-2,-1.4192963E-2,1.6651154E-2,6.552201E-2],"categories":[],"categories_nodes":[],"categories_segments":[],"categories_sizes":[],"default_left":[0,0,0,0,0,0,0,0,0,0,0,0,0],"id":43,"left_children":[1,3,5,-1,-1,7,-1,9,11,-1,-1,-1,-1],"loss_changes":[5.0613514E1,1.2711525E0,1.10692835E1,0E0,0E0,2.1544652E0,0E0,2.3985863E-2,2.7596593E-2,0E0,0E0,0E0,0E0],"parents":[2147483647,0,0,1,1,2,2,5,5,7,7,8,8],"right_children":[2,4,6,-1,-1,8,-1,10,12,-1,-1,-1,-1],"split_conditions":[3.0209935E-1,2.0115918E-1,1E0,-4.7014925E-1,-1.1435165E-1,6.04105E-1,2.969818E-1,4.0283036E-1,7.0336527E-1,-5.9436034E-2,-1.4192963E-2,1.6651154E-2,6.552201E-2],"split_indices":[0,0,0,0,0,0,0,0,0,0,0,0,0],"split_type":[0,0,0,0,0,0,0,0,0,0,0,0,0],"sum_hessian":[9E0,2E0,7E0,1E0,1E0,6E0,1E0,2E0,4E0,1E0,1E0,1E0,3E0],"tree_param":{"num_deleted":"0","num_feature":"2","num_nodes":"13","size_leaf_vector":"1"}},{"base_weights":[-4.121132E-1,-3.7018406E0,8.730488E-1,-4.4664192E-1,-1.0863419E-1,1.9167654E-1,2.8213271E-1,-4.6631876E-1,5.4813844E-1,-5.6464385E-2,-1.3483429E-2,2.3884075E-2,6.747233E-2],"categories":[],"categories_nodes":[],"categories_segments":[],"categories_sizes":[],"default_left":[0,0,0,0,0,0,0,0,0,0,0,0,0],"id":44,"left_children":[1,3,5,-1,-1,7,-1,9,11,-1,-1,-1,-1],"loss_changes":[4.5510216E1,1.1472054E0,1.0079241E1,0E0,0E0,1.897459E0,0E0,2.164638E-2,3.461063E-2,0E0,0E0,0E0,0E0],"parents":[2147483647,0,0,1,1,2,2,5,5,7,7,8,8],"right_children":[2,4,6,-1,-1,8,-1,10,12,-1,-1,-1,-1],"split_conditions":[3.0209935E-1,2.0115918E-1,1E0,-4.4664192E-1,-1.0863419E-1,6.04105E-1,2.8213271E-1,4.0283036E-1,8.0444765E-1,-5.6464385E-2,-1.3483429E-2,2.3884075E-2,6.747233E-2],"split_indices":[0,0,0,0,0,0,0,0,0,0,0,0,0],"split_type":[0,0,0,0,0,0,0,0,0,0,0,0,0],"sum_hessian":[9E0,2E0,7E0,1E0,1E0,6E0,1E0,2E0,4E0,1E0,1E0,2E0,2E0],"tree_param":{"num_deleted":"0","num_feature":"2","num_nodes":"13","size_leaf_vector":"1"}},{"base_weights":[-3.9607543E-1,-3.5167491E0,8.236866E-1,-4.2430994E-1,-1.0320244E-1,1.7556763E-1,2.6802596E-1,-4.4300333E-1,5.115967E-1,-5.364151E-2,-1.2808991E-2,2.2292074E-2,6.297404E-2],"categories":[],"categories_nodes":[],"categories_segments":[],"categories_sizes":[],"default_left":[0,0,0,0,0,0,0,0,0,0,0,0,0],"id":45,"left_children":[1,3,5,-1,-1,7,-1,9,11,-1,-1,-1,-1],"loss_changes":[4.0961494E1,1.0353584E0,9.155675E0,0E0,0E0,1.6816438E0,0E0,1.954043E-2,3.0143976E-2,0E0,0E0,0E0,0E0],"parents":[2147483647,0,0,1,1,2,2,5,5,7,7,8,8],"right_children":[2,4,6,-1,-1,8,-1,10,12,-1,-1,-1,-1],"split_conditions":[3.0209935E-1,2.0115918E-1,1E0,-4.2430994E-1,-1.0320244E-1,6.04105E-1,2.6802596E-1,4.0283036E-1,8.0444765E-1,-5.364151E-2,-1.2808991E-2,2.2292074E-2,6.297404E-2],"split_indices":[0,0,0,0,0,0,0,0,0,0,0,0,0],"split_type":[0,0,0,0,0,0,0,0,0,0,0,0,0],"sum_hessian":[9E0,2E0,7E0,1E0,1E0,6E0,1E0,2E0,4E0,1E0,1E0,2E0,2E0],"tree_param":{"num_deleted":"0","num_feature":"2","num_nodes":"13","size_leaf_vector":"1"}},{"base_weights":[-3.805359E-1,-3.3409119E0,7.771721E-1,-4.030945E-1,-9.80423E-2,1.6069685E-1,2.5462493E-1,-4.2085776E-1,4.7749025E-1,-5.0959777E-2,-1.2168884E-2,2.0805867E-2,5.877584E-2],"categories":[],"categories_nodes":[],"categories_segments":[],"categories_sizes":[],"default_left":[0,0,0,0,0,0,0,0,0,0,0,0,0],"id":46,"left_children":[1,3,5,-1,-1,7,-1,9,11,-1,-1,-1,-1],"loss_changes":[3.6868973E1,9.344139E-1,8.315565E0,0E0,0E0,1.490584E0,0E0,1.7632425E-2,2.6260376E-2,0E0,0E0,0E0,0E0],"parents":[2147483647,0,0,1,1,2,2,5,5,7,7,8,8],"right_children":[2,4,6,-1,-1,8,-1,10,12,-1,-1,-1,-1],"split_conditions":[3.0209935E-1,2.0115918E-1,1E0,-4.030945E-1,-9.80423E-2,6.04105E-1,2.5462493E-1,4.0283036E-1,8.0444765E-1,-5.0959777E-2,-1.2168884E-2,2.0805867E-2,5.877584E-2],"split_indices":[0,0,0,0,0,0,0,0,0,0,0,0,0],"split_type":[0,0,0,0,0,0,0,0,0,0,0,0,0],"sum_hessian":[9E0,2E0,7E0,1E0,1E0,6E0,1E0,2E0,4E0,1E0,1E0,2E0,2E0],"tree_param":{"num_deleted":"0","num_feature":"2","num_nodes":"13","size_leaf_vector":"1"}},{"base_weights":[-3.6548918E-1,-3.1738663E0,7.3333836E-1,-3.829399E-1,-9.314003E-2,1.4697592E-1,2.4189377E-1,-3.9981332E-1,4.456543E-1,-4.8411943E-2,-1.1560059E-2,1.9418335E-2,5.485738E-2],"categories":[],"categories_nodes":[],"categories_segments":[],"categories_sizes":[],"default_left":[0,0,0,0,0,0,0,0,0,0,0,0,0],"id":47,"left_children":[1,3,5,-1,-1,7,-1,9,11,-1,-1,-1,-1],"loss_changes":[3.318674E1,8.4332466E-1,7.5514517E0,0E0,0E0,1.3213775E0,0E0,1.5918076E-2,2.2882462E-2,0E0,0E0,0E0,0E0],"parents":[2147483647,0,0,1,1,2,2,5,5,7,7,8,8],"right_children":[2,4,6,-1,-1,8,-1,10,12,-1,-1,-1,-1],"split_conditions":[3.0209935E-1,2.0115918E-1,1E0,-3.829399E-1,-9.314003E-2,6.04105E-1,2.4189377E-1,4.0283036E-1,8.0444765E-1,-4.8411943E-2,-1.1560059E-2,1.9418335E-2,5.485738E-2],"split_indices":[0,0,0,0,0,0,0,0,0,0,0,0,0],"split_type":[0,0,0,0,0,0,0,0,0,0,0,0,0],"sum_hessian":[9E0,2E0,7E0,1E0,1E0,6E0,1E0,2E0,4E0,1E0,1E0,2E0,2E0],"tree_param":{"num_deleted":"0","num_feature":"2","num_nodes":"13","size_leaf_vector":"1"}},{"base_weights":[-3.5092926E-1,-3.0151722E0,6.9202805E-1,-3.637928E-1,-8.848305E-2,1.3432094E-1,2.297989E-1,-3.7982178E-1,4.1594237E-1,-4.5991518E-2,-1.0981751E-2,1.8123372E-2,5.120036E-2],"categories":[],"categories_nodes":[],"categories_segments":[],"categories_sizes":[],"default_left":[0,0,0,0,0,0,0,0,0,0,0,0,0],"id":48,"left_children":[1,3,5,-1,-1,7,-1,9,11,-1,-1,-1,-1],"loss_changes":[2.9873503E1,7.6109505E-1,6.856579E0,0E0,0E0,1.1715392E0,0E0,1.4369935E-2,1.9939661E-2,0E0,0E0,0E0,0E0],"parents":[2147483647,0,0,1,1,2,2,5,5,7,7,8,8],"right_children":[2,4,6,-1,-1,8,-1,10,12,-1,-1,-1,-1],"split_conditions":[3.0209935E-1,2.0115918E-1,1E0,-3.637928E-1,-8.848305E-2,6.04105E-1,2.297989E-1,4.0283036E-1,8.0444765E-1,-4.5991518E-2,-1.0981751E-2,1.8123372E-2,5.120036E-2],"split_indices":[0,0,0,0,0,0,0,0,0,0,0,0,0],"split_type":[0,0,0,0,0,0,0,0,0,0,0,0,0],"sum_hessian":[9E0,2E0,7E0,1E0,1E0,6E0,1E0,2E0,4E0,1E0,1E0,2E0,2E0],"tree_param":{"num_deleted":"0","num_feature":"2","num_nodes":"13","size_leaf_vector":"1"}},{"base_weights":[-3.368477E-1,-2.864413E0,6.5309525E-1,-3.456032E-1,-8.405876E-2,1.22654505E-1,2.1830903E-1,-3.6082968E-1,3.882141E-1,-4.369202E-2,-1.0432434E-2,1.6914876E-2,4.7787476E-2],"categories":[],"categories_nodes":[],"categories_segments":[],"categories_sizes":[],"default_left":[0,0,0,0,0,0,0,0,0,0,0,0,0],"id":49,"left_children":[1,3,5,-1,-1,7,-1,9,11,-1,-1,-1,-1],"loss_changes":[2.6892187E1,6.86903E-1,6.2248073E0,0E0,0E0,1.0388362E0,0E0,1.2971461E-2,1.7375827E-2,0E0,0E0,0E0,0E0],"parents":[2147483647,0,0,1,1,2,2,5,5,7,7,8,8],"right_children":[2,4,6,-1,-1,8,-1,10,12,-1,-1,-1,-1],"split_conditions":[3.0209935E-1,2.0115918E-1,1E0,-3.456032E-1,-8.405876E-2,6.04105E-1,2.1830903E-1,4.0283036E-1,8.0444765E-1,-4.369202E-2,-1.0432434E-2,1.6914876E-2,4.7787476E-2],"split_indices":[0,0,0,0,0,0,0,0,0,0,0,0,0],"split_type":[0,0,0,0,0,0,0,0,0,0,0,0,0],"sum_hessian":[9E0,2E0,7E0,1E0,1E0,6E0,1E0,2E0,4E0,1E0,1E0,2E0,2E0],"tree_param":{"num_deleted":"0","num_feature":"2","num_nodes":"13","size_leaf_vector":"1"}},{"base_weights":[-3.232414E-1,-2.7211914E0,6.16395E-1,-3.2832298E-1,-7.985573E-2,1.1189815E-1,2.0739365E-1,-3.4278616E-1,3.623291E-1,-4.150734E-2,-9.9105835E-3,9.745789E-3,4.0418245E-2],"categories":[],"categories_nodes":[],"categories_segments":[],"categories_sizes":[],"default_left":[0,0,0,0,0,0,0,0,0,0,0,0,0],"id":50,"left_children":[1,3,5,-1,-1,7,-1,9,11,-1,-1,-1,-1],"loss_changes":[2.4209341E1,6.19936E-1,5.650531E0,0E0,0E0,9.212705E-1,0E0,1.1708766E-2,1.6037941E-2,0E0,0E0,0E0,0E0],"parents":[2147483647,0,0,1,1,2,2,5,5,7,7,8,8],"right_children":[2,4,6,-1,-1,8,-1,10,12,-1,-1,-1,-1],"split_conditions":[3.0209935E-1,2.0115918E-1,1E0,-3.2832298E-1,-7.985573E-2,6.04105E-1,2.0739365E-1,4.0283036E-1,7.0336527E-1,-4.150734E-2,-9.9105835E-3,9.745789E-3,4.0418245E-2],"split_indices":[0,0,0,0,0,0,0,0,0,0,0,0,0],"split_type":[0,0,0,0,0,0,0,0,0,0,0,0,0],"sum_hessian":[9E0,2E0,7E0,1E0,1E0,6E0,1E0,2E0,4E0,1E0,1E0,1E0,3E0],"tree_param":{"num_deleted":"0","num_feature":"2","num_nodes":"13","size_leaf_vector":"1"}},{"base_weights":[-3.1112212E-1,-2.5851314E0,5.805216E-1,-3.119068E-1,-7.5862885E-2,1.0052817E-1,1.9702378E-1,-3.2564545E-1,3.3612671E-1,-3.9432146E-2,-9.414673E-3,1.411438E-2,4.190674E-2],"categories":[],"categories_nodes":[],"categories_segments":[],"categories_sizes":[],"default_left":[0,0,0,0,0,0,0,0,0,0,0,0,0],"id":51,"left_children":[1,3,5,-1,-1,7,-1,9,11,-1,-1,-1,-1],"loss_changes":[2.1776785E1,5.594959E-1,5.138372E0,0E0,0E0,8.1229925E-1,0E0,1.0571152E-2,2.171135E-2,0E0,0E0,0E0,0E0],"parents":[2147483647,0,0,1,1,2,2,5,5,7,7,8,8],"right_children":[2,4,6,-1,-1,8,-1,10,12,-1,-1,-1,-1],"split_conditions":[3.0209935E-1,2.0115918E-1,1E0,-3.119068E-1,-7.5862885E-2,6.04105E-1,1.9702378E-1,4.0283036E-1,8.0444765E-1,-3.9432146E-2,-9.414673E-3,1.411438E-2,4.190674E-2],"split_indices":[0,0,0,0,0,0,0,0,0,0,0,0,0],"split_type":[0,0,0,0,0,0,0,0,0,0,0,0,0],"sum_hessian":[9E0,2E0,7E0,1E0,1E0,6E0,1E0,2E0,4E0,1E0,1E0,2E0,2E0],"tree_param":{"num_deleted":"0","num_feature":"2","num_nodes":"13","size_leaf_vector":"1"}},{"base_weights":[-2.9836577E-1,-2.4558742E0,5.4799557E-1,-2.963116E-1,-7.206955E-2,9.150151E-2,1.871727E-1,-3.0936432E-1,3.137207E-1,-3.746071E-2,-8.94394E-3,1.3173421E-2,3.9113365E-2],"categories":[],"categories_nodes":[],"categories_segments":[],"categories_sizes":[],"default_left":[0,0,0,0,0,0,0,0,0,0,0,0,0],"id":52,"left_children":[1,3,5,-1,-1,7,-1,9,11,-1,-1,-1,-1],"loss_changes":[1.9606127E1,5.04961E-1,4.662938E0,0E0,0E0,7.2061455E-1,0E0,9.540886E-3,1.8914878E-2,0E0,0E0,0E0,0E0],"parents":[2147483647,0,0,1,1,2,2,5,5,7,7,8,8],"right_children":[2,4,6,-1,-1,8,-1,10,12,-1,-1,-1,-1],"split_conditions":[3.0209935E-1,2.0115918E-1,1E0,-2.963116E-1,-7.206955E-2,6.04105E-1,1.871727E-1,4.0283036E-1,8.0444765E-1,-3.746071E-2,-8.94394E-3,1.3173421E-2,3.9113365E-2],"split_indices":[0,0,0,0,0,0,0,0,0,0,0,0,0],"split_type":[0,0,0,0,0,0,0,0,0,0,0,0,0],"sum_hessian":[9E0,2E0,7E0,1E0,1E0,6E0,1E0,2E0,4E0,1E0,1E0,2E0,2E0],"tree_param":{"num_deleted":"0","num_feature":"2","num_nodes":"13","size_leaf_vector":"1"}},{"base_weights":[-2.860611E-1,-2.3330815E0,5.173292E-1,-2.8149605E-1,-6.846619E-2,8.319419E-2,1.7781372E-1,-2.93897E-1,2.9281005E-1,-3.5587694E-2,-8.496857E-3,1.2295532E-2,3.6506142E-2],"categories":[],"categories_nodes":[],"categories_segments":[],"categories_sizes":[],"default_left":[0,0,0,0,0,0,0,0,0,0,0,0,0],"id":53,"left_children":[1,3,5,-1,-1,7,-1,9,11,-1,-1,-1,-1],"loss_changes":[1.7652534E1,4.55719E-1,4.230957E0,0E0,0E0,6.393661E-1,0E0,8.609742E-3,1.6474932E-2,0E0,0E0,0E0,0E0],"parents":[2147483647,0,0,1,1,2,2,5,5,7,7,8,8],"right_children":[2,4,6,-1,-1,8,-1,10,12,-1,-1,-1,-1],"split_conditions":[3.0209935E-1,2.0115918E-1,1E0,-2.8149605E-1,-6.846619E-2,6.04105E-1,1.7781372E-1,4.0283036E-1,8.0444765E-1,-3.5587694E-2,-8.496857E-3,1.2295532E-2,3.6506142E-2],"split_indices":[0,0,0,0,0,0,0,0,0,0,0,0,0],"split_type":[0,0,0,0,0,0,0,0,0,0,0,0,0],"sum_hessian":[9E0,2E0,7E0,1E0,1E0,6E0,1E0,2E0,4E0,1E0,1E0,2E0,2E0],"tree_param":{"num_deleted":"0","num_feature":"2","num_nodes":"13","size_leaf_vector":"1"}},{"base_weights":[-2.7419662E-1,-2.216428E0,4.8841476E-1,-2.6742133E-1,-6.5042876E-2,7.555062E-2,1.6892318E-1,-2.7920023E-1,2.7329102E-1,-3.380814E-2,-8.071899E-3,1.1475626E-2,3.4072876E-2],"categories":[],"categories_nodes":[],"categories_segments":[],"categories_sizes":[],"default_left":[0,0,0,0,0,0,0,0,0,0,0,0,0],"id":54,"left_children":[1,3,5,-1,-1,7,-1,9,11,-1,-1,-1,-1],"loss_changes":[1.5894214E1,4.1128922E-1,3.838572E0,0E0,0E0,5.6734294E-1,0E0,7.7708215E-3,1.4355391E-2,0E0,0E0,0E0,0E0],"parents":[2147483647,0,0,1,1,2,2,5,5,7,7,8,8],"right_children":[2,4,6,-1,-1,8,-1,10,12,-1,-1,-1,-1],"split_conditions":[3.0209935E-1,2.0115918E-1,1E0,-2.6742133E-1,-6.5042876E-2,6.04105E-1,1.6892318E-1,4.0283036E-1,8.0444765E-1,-3.380814E-2,-8.071899E-3,1.1475626E-2,3.4072876E-2],"split_indices":[0,0,0,0,0,0,0,0,0,0,0,0,0],"split_type":[0,0,0,0,0,0,0,0,0,0,0,0,0],"sum_hessian":[9E0,2E0,7E0,1E0,1E0,6E0,1E0,2E0,4E0,1E0,1E0,2E0,2E0],"tree_param":{"num_deleted":"0","num_feature":"2","num_nodes":"13","size_leaf_vector":"1"}},{"base_weights":[-2.627655E-1,-2.1056087E0,4.6114635E-1,-2.5405046E-1,-6.179085E-2,6.851959E-2,1.6047668E-1,-2.65241E-1,2.5507203E-1,-3.2117844E-2,-7.6683047E-3,1.3694382E-2,3.6379244E-2],"categories":[],"categories_nodes":[],"categories_segments":[],"categories_sizes":[],"default_left":[0,0,0,0,0,0,0,0,0,0,0,0,0],"id":55,"left_children":[1,3,5,-1,-1,7,-1,9,11,-1,-1,-1,-1],"loss_changes":[1.4311553E1,3.7118435E-1,3.48217E0,0E0,0E0,5.035025E-1,0E0,7.013425E-3,1.4395624E-2,0E0,0E0,0E0,0E0],"parents":[2147483647,0,0,1,1,2,2,5,5,7,7,8,8],"right_children":[2,4,6,-1,-1,8,-1,10,12,-1,-1,-1,-1],"split_conditions":[3.0209935E-1,2.0115918E-1,1E0,-2.5405046E-1,-6.179085E-2,6.04105E-1,1.6047668E-1,4.0283036E-1,9.035457E-1,-3.2117844E-2,-7.6683047E-3,1.3694382E-2,3.6379244E-2],"split_indices":[0,0,0,0,0,0,0,0,0,0,0,0,0],"split_type":[0,0,0,0,0,0,0,0,0,0,0,0,0],"sum_hessian":[9E0,2E0,7E0,1E0,1E0,6E0,1E0,2E0,4E0,1E0,1E0,3E0,1E0],"tree_param":{"num_deleted":"0","num_feature":"2","num_nodes":"13","size_leaf_vector":"1"}},{"base_weights":[-2.5099334E-1,-2.000328E0,4.3638134E-1,-2.413479E-1,-5.8701325E-2,6.314196E-2,1.5245286E-1,-2.51976E-1,2.3958436E-1,-3.0511856E-2,-7.284546E-3,1.2667847E-2,3.4560394E-2],"categories":[],"categories_nodes":[],"categories_segments":[],"categories_sizes":[],"default_left":[0,0,0,0,0,0,0,0,0,0,0,0,0],"id":56,"left_children":[1,3,5,-1,-1,7,-1,9,11,-1,-1,-1,-1],"loss_changes":[1.289739E1,3.349924E-1,3.152853E0,0E0,0E0,4.495707E-1,0E0,6.331846E-3,1.6070575E-2,0E0,0E0,0E0,0E0],"parents":[2147483647,0,0,1,1,2,2,5,5,7,7,8,8],"right_children":[2,4,6,-1,-1,8,-1,10,12,-1,-1,-1,-1],"split_conditions":[3.0209935E-1,2.0115918E-1,1E0,-2.413479E-1,-5.8701325E-2,6.04105E-1,1.5245286E-1,4.0283036E-1,9.035457E-1,-3.0511856E-2,-7.284546E-3,1.2667847E-2,3.4560394E-2],"split_indices":[0,0,0,0,0,0,0,0,0,0,0,0,0],"split_type":[0,0,0,0,0,0,0,0,0,0,0,0,0],"sum_hessian":[9E0,2E0,7E0,1E0,1E0,6E0,1E0,2E0,4E0,1E0,1E0,3E0,1E0],"tree_param":{"num_deleted":"0","num_feature":"2","num_nodes":"13","size_leaf_vector":"1"}},{"base_weights":[-2.3971024E-1,-1.9003118E0,4.1297913E-1,-2.2928047E-1,-5.5766296E-2,-4.1570026E-2,1.1844177E0,-2.3937988E-1,1.1717987E-2,3.2832336E-2,1.4483033E-1,-2.8986359E-2,-6.920624E-3],"categories":[],"categories_nodes":[],"categories_segments":[],"categories_sizes":[],"default_left":[0,0,0,0,0,0,0,0,0,0,0,0,0],"id":57,"left_children":[1,3,5,-1,-1,7,9,11,-1,-1,-1,-1,-1],"loss_changes":[1.1623359E1,3.023281E-1,2.8544903E0,0E0,0E0,2.1646427E-1,2.0222092E-1,5.7126135E-3,0E0,0E0,0E0,0E0,0E0],"parents":[2147483647,0,0,1,1,2,2,5,5,6,6,7,7],"right_children":[2,4,6,-1,-1,8,10,12,-1,-1,-1,-1,-1],"split_conditions":[3.0209935E-1,2.0115918E-1,9.035457E-1,-2.2928047E-1,-5.5766296E-2,6.04105E-1,1E0,4.0283036E-1,1.1717987E-2,3.2832336E-2,1.4483033E-1,-2.8986359E-2,-6.920624E-3],"split_indices":[0,0,0,0,0,0,0,0,0,0,0,0,0],"split_type":[0,0,0,0,0,0,0,0,0,0,0,0,0],"sum_hessian":[9E0,2E0,7E0,1E0,1E0,5E0,2E0,2E0,3E0,1E0,1E0,1E0,1E0],"tree_param":{"num_deleted":"0","num_feature":"2","num_nodes":"13","size_leaf_vector":"1"}},{"base_weights":[-2.2889785E-1,-1.8052979E0,3.9086437E-1,-2.1781655E-1,-5.2978136E-2,-4.144414E-2,1.1251932E0,-2.2740936E-1,1.0839081E-2,3.119049E-2,1.375885E-1,-2.7537156E-2,-6.5742494E-3],"categories":[],"categories_nodes":[],"categories_segments":[],"categories_sizes":[],"default_left":[0,0,0,0,0,0,0,0,0,0,0,0,0],"id":58,"left_children":[1,3,5,-1,-1,7,9,11,-1,-1,-1,-1,-1],"loss_changes":[1.0475558E1,2.7284527E-1,2.5862856E0,0E0,0E0,1.9183363E-1,1.8250895E-1,5.1580667E-3,0E0,0E0,0E0,0E0,0E0],"parents":[2147483647,0,0,1,1,2,2,5,5,6,6,7,7],"right_children":[2,4,6,-1,-1,8,10,12,-1,-1,-1,-1,-1],"split_conditions":[3.0209935E-1,2.0115918E-1,9.035457E-1,-2.1781655E-1,-5.2978136E-2,6.04105E-1,1E0,4.0283036E-1,1.0839081E-2,3.119049E-2,1.375885E-1,-2.7537156E-2,-6.5742494E-3],"split_indices":[0,0,0,0,0,0,0,0,0,0,0,0,0],"split_type":[0,0,0,0,0,0,0,0,0,0,0,0,0],"sum_hessian":[9E0,2E0,7E0,1E0,1E0,5E0,2E0,2E0,3E0,1E0,1E0,1E0,1E0],"tree_param":{"num_deleted":"0","num_feature":"2","num_nodes":"13","size_leaf_vector":"1"}},{"base_weights":[-2.1853486E-1,-1.715032E0,3.699684E-1,-2.0692559E-1,-5.032921E-2,-4.1175842E-2,1.0689341E0,-2.1603902E-1,1.0026551E-2,2.9631043E-2,1.3070908E-1,-2.6160432E-2,-6.2454226E-3],"categories":[],"categories_nodes":[],"categories_segments":[],"categories_sizes":[],"default_left":[0,0,0,0,0,0,0,0,0,0,0,0,0],"id":59,"left_children":[1,3,5,-1,-1,7,9,11,-1,-1,-1,-1,-1],"loss_changes":[9.4414425E0,2.4624157E-1,2.34302E0,0E0,0E0,1.7005855E-1,1.6471171E-1,4.656121E-3,0E0,0E0,0E0,0E0,0E0],"parents":[2147483647,0,0,1,1,2,2,5,5,6,6,7,7],"right_children":[2,4,6,-1,-1,8,10,12,-1,-1,-1,-1,-1],"split_conditions":[3.0209935E-1,2.0115918E-1,9.035457E-1,-2.0692559E-1,-5.032921E-2,6.04105E-1,1E0,4.0283036E-1,1.0026551E-2,2.9631043E-2,1.3070908E-1,-2.6160432E-2,-6.2454226E-3],"split_indices":[0,0,0,0,0,0,0,0,0,0,0,0,0],"split_type":[0,0,0,0,0,0,0,0,0,0,0,0,0],"sum_hessian":[9E0,2E0,7E0,1E0,1E0,5E0,2E0,2E0,3E0,1E0,1E0,1E0,1E0],"tree_param":{"num_deleted":"0","num_feature":"2","num_nodes":"13","size_leaf_vector":"1"}},{"base_weights":[-2.0861053E-1,-1.6292801E0,3.5021687E-1,-1.9657937E-1,-4.781265E-2,-4.0788013E-2,1.0154877E0,-2.0523834E-1,9.274674E-3,2.8149415E-2,1.2417374E-1,-2.485237E-2,-5.93338E-3],"categories":[],"categories_nodes":[],"categories_segments":[],"categories_sizes":[],"default_left":[0,0,0,0,0,0,0,0,0,0,0,0,0],"id":60,"left_children":[1,3,5,-1,-1,7,9,11,-1,-1,-1,-1,-1],"loss_changes":[8.509692E0,2.2223806E-1,2.122413E0,0E0,0E0,1.5079418E-1,1.4865565E-1,4.2007416E-3,0E0,0E0,0E0,0E0,0E0],"parents":[2147483647,0,0,1,1,2,2,5,5,6,6,7,7],"right_children":[2,4,6,-1,-1,8,10,12,-1,-1,-1,-1,-1],"split_conditions":[3.0209935E-1,2.0115918E-1,9.035457E-1,-1.9657937E-1,-4.781265E-2,6.04105E-1,1E0,4.0283036E-1,9.274674E-3,2.8149415E-2,1.2417374E-1,-2.485237E-2,-5.93338E-3],"split_indices":[0,0,0,0,0,0,0,0,0,0,0,0,0],"split_type":[0,0,0,0,0,0,0,0,0,0,0,0,0],"sum_hessian":[9E0,2E0,7E0,1E0,1E0,5E0,2E0,2E0,3E0,1E0,1E0,1E0,1E0],"tree_param":{"num_deleted":"0","num_feature":"2","num_nodes":"13","size_leaf_vector":"1"}},{"base_weights":[-1.9910888E-1,-1.5478159E0,3.3154488E-1,-1.8675041E-1,-4.5421984E-2,-4.0295918E-2,9.647115E-1,-1.949768E-1,8.578873E-3,2.6741792E-2,1.1796494E-1,-2.3609925E-2,-5.6365966E-3],"categories":[],"categories_nodes":[],"categories_segments":[],"categories_sizes":[],"default_left":[0,0,0,0,0,0,0,0,0,0,0,0,0],"id":61,"left_children":[1,3,5,-1,-1,7,9,11,-1,-1,-1,-1,-1],"loss_changes":[7.6701355E0,2.0057201E-1,1.9223713E0,0E0,0E0,1.337441E-1,1.3416505E-1,3.7920848E-3,0E0,0E0,0E0,0E0,0E0],"parents":[2147483647,0,0,1,1,2,2,5,5,6,6,7,7],"right_children":[2,4,6,-1,-1,8,10,12,-1,-1,-1,-1,-1],"split_conditions":[3.0209935E-1,2.0115918E-1,9.035457E-1,-1.8675041E-1,-4.5421984E-2,6.04105E-1,1E0,4.0283036E-1,8.578873E-3,2.6741792E-2,1.1796494E-1,-2.3609925E-2,-5.6365966E-3],"split_indices":[0,0,0,0,0,0,0,0,0,0,0,0,0],"split_type":[0,0,0,0,0,0,0,0,0,0,0,0,0],"sum_hessian":[9E0,2E0,7E0,1E0,1E0,5E0,2E0,2E0,3E0,1E0,1E0,1E0,1E0],"tree_param":{"num_deleted":"0","num_feature":"2","num_nodes":"13","size_leaf_vector":"1"}},{"base_weights":[-1.9001083E-1,-1.4704233E0,3.1389523E-1,-1.774128E-1,-4.315071E-2,-3.970973E-2,9.164734E-1,-1.8522899E-1,7.935715E-3,2.5404358E-2,1.1206665E-1,-2.2429276E-2,-5.355072E-3],"categories":[],"categories_nodes":[],"categories_segments":[],"categories_sizes":[],"default_left":[0,0,0,0,0,0,0,0,0,0,0,0,0],"id":62,"left_children":[1,3,5,-1,-1,7,9,11,-1,-1,-1,-1,-1],"loss_changes":[6.9136357E0,1.8102217E-1,1.7409899E0,0E0,0E0,1.18658386E-1,1.210928E-1,3.4205094E-3,0E0,0E0,0E0,0E0,0E0],"parents":[2147483647,0,0,1,1,2,2,5,5,6,6,7,7],"right_children":[2,4,6,-1,-1,8,10,12,-1,-1,-1,-1,-1],"split_conditions":[3.0209935E-1,2.0115918E-1,9.035457E-1,-1.774128E-1,-4.315071E-2,6.04105E-1,1E0,4.0283036E-1,7.935715E-3,2.5404358E-2,1.1206665E-1,-2.2429276E-2,-5.355072E-3],"split_indices":[0,0,0,0,0,0,0,0,0,0,0,0,0],"split_type":[0,0,0,0,0,0,0,0,0,0,0,0,0],"sum_hessian":[9E0,2E0,7E0,1E0,1E0,5E0,2E0,2E0,3E0,1E0,1E0,1E0,1E0],"tree_param":{"num_deleted":"0","num_feature":"2","num_nodes":"13","size_leaf_vector":"1"}},{"base_weights":[-1.8130264E-1,-1.3969015E0,2.9720974E-1,-1.685421E-1,-4.099312E-2,-3.904597E-2,8.7065125E-1,-1.759669E-1,7.340622E-3,2.4134064E-2,1.06463626E-1,-2.1307755E-2,-5.08728E-3],"categories":[],"categories_nodes":[],"categories_segments":[],"categories_sizes":[],"default_left":[0,0,0,0,0,0,0,0,0,0,0,0,0],"id":63,"left_children":[1,3,5,-1,-1,7,9,11,-1,-1,-1,-1,-1],"loss_changes":[6.231963E0,1.6337442E-1,1.5765793E0,0E0,0E0,1.0529941E-1,1.0929036E-1,3.0871183E-3,0E0,0E0,0E0,0E0,0E0],"parents":[2147483647,0,0,1,1,2,2,5,5,6,6,7,7],"right_children":[2,4,6,-1,-1,8,10,12,-1,-1,-1,-1,-1],"split_conditions":[3.0209935E-1,2.0115918E-1,9.035457E-1,-1.685421E-1,-4.099312E-2,6.04105E-1,1E0,4.0283036E-1,7.340622E-3,2.4134064E-2,1.06463626E-1,-2.1307755E-2,-5.08728E-3],"split_indices":[0,0,0,0,0,0,0,0,0,0,0,0,0],"split_type":[0,0,0,0,0,0,0,0,0,0,0,0,0],"sum_hessian":[9E0,2E0,7E0,1E0,1E0,5E0,2E0,2E0,3E0,1E0,1E0,1E0,1E0],"tree_param":{"num_deleted":"0","num_feature":"2","num_nodes":"13","size_leaf_vector":"1"}},{"base_weights":[-1.7297211E-1,-1.3270569E0,2.814312E-1,-1.6011505E-1,-3.894348E-2,-3.8317364E-2,8.271179E-1,-1.6717021E-1,6.790161E-2,2.2927094E-2,1.01140596E-1,-2.024231E-2,-4.8332214E-3,2.1026612E-3,7.6517737E-3],"categories":[],"categories_nodes":[],"categories_segments":[],"categories_sizes":[],"default_left":[0,0,0,0,0,0,0,0,0,0,0,0,0,0,0],"id":64,"left_children":[1,3,5,-1,-1,7,9,11,13,-1,-1,-1,-1,-1,-1],"loss_changes":[5.617675E0,1.474452E-1,1.4275534E0,0E0,0E0,9.3470834E-2,9.864211E-2,2.7845874E-3,6.6161156E-6,0E0,0E0,0E0,0E0,0E0,0E0],"parents":[2147483647,0,0,1,1,2,2,5,5,6,6,7,7,8,8],"right_children":[2,4,6,-1,-1,8,10,12,14,-1,-1,-1,-1,-1,-1],"split_conditions":[3.0209935E-1,2.0115918E-1,9.035457E-1,-1.6011505E-1,-3.894348E-2,6.04105E-1,1E0,4.0283036E-1,7.0336527E-1,2.2927094E-2,1.01140596E-1,-2.024231E-2,-4.8332214E-3,2.1026612E-3,7.6517737E-3],"split_indices":[0,0,0,0,0,0,0,0,0,0,0,0,0,0,0],"split_type":[0,0,0,0,0,0,0,0,0,0,0,0,0,0,0],"sum_hessian":[9E0,2E0,7E0,1E0,1E0,5E0,2E0,2E0,3E0,1E0,1E0,1E0,1E0,1E0,2E0],"tree_param":{"num_deleted":"0","num_feature":"2","num_nodes":"15","size_leaf_vector":"1"}},{"base_weights":[-1.6470489E-1,-1.260704E0,2.668829E-1,-1.5210915E-1,-3.699646E-2,-3.7036896E-2,7.8576154E-1,-1.5881093E-1,6.3552856E-3,2.1780396E-2,9.6083835E-2,-1.923027E-2,-4.5913695E-3],"categories":[],"categories_nodes":[],"categories_segments":[],"categories_sizes":[],"default_left":[0,0,0,0,0,0,0,0,0,0,0,0,0],"id":65,"left_children":[1,3,5,-1,-1,7,9,11,-1,-1,-1,-1,-1],"loss_changes":[5.066659E0,1.3306189E-1,1.2906821E0,0E0,0E0,8.358821E-2,8.90342E-2,2.5140569E-3,0E0,0E0,0E0,0E0,0E0],"parents":[2147483647,0,0,1,1,2,2,5,5,6,6,7,7],"right_children":[2,4,6,-1,-1,8,10,12,-1,-1,-1,-1,-1],"split_conditions":[3.0209935E-1,2.0115918E-1,9.035457E-1,-1.5210915E-1,-3.699646E-2,6.04105E-1,1E0,4.0283036E-1,6.3552856E-3,2.1780396E-2,9.6083835E-2,-1.923027E-2,-4.5913695E-3],"split_indices":[0,0,0,0,0,0,0,0,0,0,0,0,0],"split_type":[0,0,0,0,0,0,0,0,0,0,0,0,0],"sum_hessian":[9E0,2E0,7E0,1E0,1E0,5E0,2E0,2E0,3E0,1E0,1E0,1E0,1E0],"tree_param":{"num_deleted":"0","num_feature":"2","num_nodes":"13","size_leaf_vector":"1"}},{"base_weights":[-1.5710525E-1,-1.19767E0,2.5274467E-1,-1.4450379E-1,-3.5146713E-2,-3.624471E-2,7.464752E-1,-1.5086873E-1,5.8784485E-2,2.0691682E-2,9.12796E-2,-1.8268585E-2,-4.361725E-3,1.6799927E-3,6.717936E-3],"categories":[],"categories_nodes":[],"categories_segments":[],"categories_sizes":[],"default_left":[0,0,0,0,0,0,0,0,0,0,0,0,0,0,0],"id":66,"left_children":[1,3,5,-1,-1,7,9,11,13,-1,-1,-1,-1,-1,-1],"loss_changes":[4.5674586E0,1.2008667E-1,1.1685188E0,0E0,0E0,7.422452E-2,8.0346584E-2,2.2690445E-3,2.8121285E-4,0E0,0E0,0E0,0E0,0E0,0E0],"parents":[2147483647,0,0,1,1,2,2,5,5,6,6,7,7,8,8],"right_children":[2,4,6,-1,-1,8,10,12,14,-1,-1,-1,-1,-1,-1],"split_conditions":[3.0209935E-1,2.0115918E-1,9.035457E-1,-1.4450379E-1,-3.5146713E-2,6.04105E-1,1E0,4.0283036E-1,7.0336527E-1,2.0691682E-2,9.12796E-2,-1.8268585E-2,-4.361725E-3,1.6799927E-3,6.717936E-3],"split_indices":[0,0,0,0,0,0,0,0,0,0,0,0,0,0,0],"split_type":[0,0,0,0,0,0,0,0,0,0,0,0,0,0,0],"sum_hessian":[9E0,2E0,7E0,1E0,1E0,5E0,2E0,2E0,3E0,1E0,1E0,1E0,1E0,1E0,2E0],"tree_param":{"num_deleted":"0","num_feature":"2","num_nodes":"15","size_leaf_vector":"1"}},{"base_weights":[-1.4958496E-1,-1.1377869E0,2.3968887E-1,-1.3727875E-1,-3.338928E-2,-3.4990948E-2,7.091522E-1,-1.433258E-1,5.5007935E-2,1.9657135E-2,8.67157E-2,-1.7355347E-2,-4.1435244E-3,1.5960693E-3,6.2703453E-3],"categories":[],"categories_nodes":[],"categories_segments":[],"categories_sizes":[],"default_left":[0,0,0,0,0,0,0,0,0,0,0,0,0,0,0],"id":67,"left_children":[1,3,5,-1,-1,7,9,11,13,-1,-1,-1,-1,-1,-1],"loss_changes":[4.119526E0,1.0838294E-1,1.0564308E0,0E0,0E0,6.638416E-2,7.251239E-2,2.0485036E-3,2.0116381E-4,0E0,0E0,0E0,0E0,0E0,0E0],"parents":[2147483647,0,0,1,1,2,2,5,5,6,6,7,7,8,8],"right_children":[2,4,6,-1,-1,8,10,12,14,-1,-1,-1,-1,-1,-1],"split_conditions":[3.0209935E-1,2.0115918E-1,9.035457E-1,-1.3727875E-1,-3.338928E-2,6.04105E-1,1E0,4.0283036E-1,7.0336527E-1,1.9657135E-2,8.67157E-2,-1.7355347E-2,-4.1435244E-3,1.5960693E-3,6.2703453E-3],"split_indices":[0,0,0,0,0,0,0,0,0,0,0,0,0,0,0],"split_type":[0,0,0,0,0,0,0,0,0,0,0,0,0,0,0],"sum_hessian":[9E0,2E0,7E0,1E0,1E0,5E0,2E0,2E0,3E0,1E0,1E0,1E0,1E0,1E0,2E0],"tree_param":{"num_deleted":"0","num_feature":"2","num_nodes":"15","size_leaf_vector":"1"}},{"base_weights":[-1.4241943E-1,-1.0808996E0,2.2731304E-1,-1.3041496E-1,-3.171997E-2,-3.3763885E-2,6.7369586E-1,-1.3615672E-1,5.147171E-2,1.8674469E-2,8.2379915E-2,-1.6487503E-2,-3.936005E-3,1.5159607E-3,5.852254E-3],"categories":[],"categories_nodes":[],"categories_segments":[],"categories_sizes":[],"default_left":[0,0,0,0,0,0,0,0,0,0,0,0,0,0,0],"id":68,"left_children":[1,3,5,-1,-1,7,9,11,13,-1,-1,-1,-1,-1,-1],"loss_changes":[3.7155683E0,9.7812176E-2,9.550687E-1,0E0,0E0,5.937331E-2,6.543875E-2,1.8500201E-3,1.369426E-4,0E0,0E0,0E0,0E0,0E0,0E0],"parents":[2147483647,0,0,1,1,2,2,5,5,6,6,7,7,8,8],"right_children":[2,4,6,-1,-1,8,10,12,14,-1,-1,-1,-1,-1,-1],"split_conditions":[3.0209935E-1,2.0115918E-1,9.035457E-1,-1.3041496E-1,-3.171997E-2,6.04105E-1,1E0,4.0283036E-1,7.0336527E-1,1.8674469E-2,8.2379915E-2,-1.6487503E-2,-3.936005E-3,1.5159607E-3,5.852254E-3],"split_indices":[0,0,0,0,0,0,0,0,0,0,0,0,0,0,0],"split_type":[0,0,0,0,0,0,0,0,0,0,0,0,0,0,0],"sum_hessian":[9E0,2E0,7E0,1E0,1E0,5E0,2E0,2E0,3E0,1E0,1E0,1E0,1E0,1E0,2E0],"tree_param":{"num_deleted":"0","num_feature":"2","num_nodes":"15","size_leaf_vector":"1"}},{"base_weights":[-1.355919E-1,-1.026853E0,2.1557999E-1,-1.2389412E-1,-3.013382E-2,-3.25648E-2,6.400096E-1,-1.2934875E-1,4.8164368E-2,1.7740631E-2,7.82608E-2,-1.5663147E-2,-3.7391663E-3,1.4404297E-3,5.461629E-3],"categories":[],"categories_nodes":[],"categories_segments":[],"categories_sizes":[],"default_left":[0,0,0,0,0,0,0,0,0,0,0,0,0,0,0],"id":69,"left_children":[1,3,5,-1,-1,7,9,11,13,-1,-1,-1,-1,-1,-1],"loss_changes":[3.3512268E0,8.827925E-2,8.634016E-1,0E0,0E0,5.3109728E-2,5.9059978E-2,1.6698092E-3,8.4560364E-5,0E0,0E0,0E0,0E0,0E0,0E0],"parents":[2147483647,0,0,1,1,2,2,5,5,6,6,7,7,8,8],"right_children":[2,4,6,-1,-1,8,10,12,14,-1,-1,-1,-1,-1,-1],"split_conditions":[3.0209935E-1,2.0115918E-1,9.035457E-1,-1.2389412E-1,-3.013382E-2,6.04105E-1,1E0,4.0283036E-1,7.0336527E-1,1.7740631E-2,7.82608E-2,-1.5663147E-2,-3.7391663E-3,1.4404297E-3,5.461629E-3],"split_indices":[0,0,0,0,0,0,0,0,0,0,0,0,0,0,0],"split_type":[0,0,0,0,0,0,0,0,0,0,0,0,0,0,0],"sum_hessian":[9E0,2E0,7E0,1E0,1E0,5E0,2E0,2E0,3E0,1E0,1E0,1E0,1E0,1E0,2E0],"tree_param":{"num_deleted":"0","num_feature":"2","num_nodes":"15","size_leaf_vector":"1"}},{"base_weights":[-1.2908554E-1,-9.7550964E-1,2.0445919E-1,-1.1769944E-1,-2.8627014E-2,-3.1391144E-2,6.080068E-1,-1.2288157E-1,4.5074463E-2,1.6853333E-2,7.434769E-2,-1.4879989E-2,-3.5522461E-3,1.3687134E-3,5.097453E-3],"categories":[],"categories_nodes":[],"categories_segments":[],"categories_sizes":[],"default_left":[0,0,0,0,0,0,0,0,0,0,0,0,0,0,0],"id":70,"left_children":[1,3,5,-1,-1,7,9,11,13,-1,-1,-1,-1,-1,-1],"loss_changes":[3.022655E0,7.96752E-2,7.805007E-1,0E0,0E0,4.751405E-2,5.3305864E-2,1.506865E-3,4.305318E-5,0E0,0E0,0E0,0E0,0E0,0E0],"parents":[2147483647,0,0,1,1,2,2,5,5,6,6,7,7,8,8],"right_children":[2,4,6,-1,-1,8,10,12,14,-1,-1,-1,-1,-1,-1],"split_conditions":[3.0209935E-1,2.0115918E-1,9.035457E-1,-1.1769944E-1,-2.8627014E-2,6.04105E-1,1E0,4.0283036E-1,7.0336527E-1,1.6853333E-2,7.434769E-2,-1.4879989E-2,-3.5522461E-3,1.3687134E-3,5.097453E-3],"split_indices":[0,0,0,0,0,0,0,0,0,0,0,0,0,0,0],"split_type":[0,0,0,0,0,0,0,0,0,0,0,0,0,0,0],"sum_hessian":[9E0,2E0,7E0,1E0,1E0,5E0,2E0,2E0,3E0,1E0,1E0,1E0,1E0,1E0,2E0],"tree_param":{"num_deleted":"0","num_feature":"2","num_nodes":"15","size_leaf_vector":"1"}},{"base_weights":[-1.2288513E-1,-9.267349E-1,1.9391918E-1,-1.118145E-1,-2.719574E-2,-3.0246735E-2,5.7761127E-1,-1.16737366E-1,4.2182922E-2,1.6011048E-2,7.063065E-2,-1.41361235E-2,-3.3744813E-3,1.3000489E-3,4.7576907E-3],"categories":[],"categories_nodes":[],"categories_segments":[],"categories_sizes":[],"default_left":[0,0,0,0,0,0,0,0,0,0,0,0,0,0,0],"id":71,"left_children":[1,3,5,-1,-1,7,9,11,13,-1,-1,-1,-1,-1,-1],"loss_changes":[2.7263424E0,7.1905136E-2,7.055565E-1,0E0,0E0,4.2511243E-2,4.810393E-2,1.360584E-3,1.1114869E-5,0E0,0E0,0E0,0E0,0E0,0E0],"parents":[2147483647,0,0,1,1,2,2,5,5,6,6,7,7,8,8],"right_children":[2,4,6,-1,-1,8,10,12,14,-1,-1,-1,-1,-1,-1],"split_conditions":[3.0209935E-1,2.0115918E-1,9.035457E-1,-1.118145E-1,-2.719574E-2,6.04105E-1,1E0,4.0283036E-1,7.0336527E-1,1.6011048E-2,7.063065E-2,-1.41361235E-2,-3.3744813E-3,1.3000489E-3,4.7576907E-3],"split_indices":[0,0,0,0,0,0,0,0,0,0,0,0,0,0,0],"split_type":[0,0,0,0,0,0,0,0,0,0,0,0,0,0,0],"sum_hessian":[9E0,2E0,7E0,1E0,1E0,5E0,2E0,2E0,3E0,1E0,1E0,1E0,1E0,1E0,2E0],"tree_param":{"num_deleted":"0","num_feature":"2","num_nodes":"15","size_leaf_vector":"1"}},{"base_weights":[-1.1697845E-1,-8.8039654E-1,1.8392563E-1,-1.0622368E-1,-2.58358E-2,-2.913157E-2,5.487315E-1,-1.1090088E-1,3.9478303E-3,1.5210724E-2,6.7099E-2,-1.3429261E-2,-3.2058717E-3],"categories":[],"categories_nodes":[],"categories_segments":[],"categories_sizes":[],"default_left":[0,0,0,0,0,0,0,0,0,0,0,0,0],"id":72,"left_children":[1,3,5,-1,-1,7,9,11,-1,-1,-1,-1,-1],"loss_changes":[2.4590838E0,6.489754E-2,6.377815E-1,0E0,0E0,3.803927E-2,4.3409646E-2,1.227513E-3,0E0,0E0,0E0,0E0,0E0],"parents":[2147483647,0,0,1,1,2,2,5,5,6,6,7,7],"right_children":[2,4,6,-1,-1,8,10,12,-1,-1,-1,-1,-1],"split_conditions":[3.0209935E-1,2.0115918E-1,9.035457E-1,-1.0622368E-1,-2.58358E-2,6.04105E-1,1E0,4.0283036E-1,3.9478303E-3,1.5210724E-2,6.7099E-2,-1.3429261E-2,-3.2058717E-3],"split_indices":[0,0,0,0,0,0,0,0,0,0,0,0,0],"split_type":[0,0,0,0,0,0,0,0,0,0,0,0,0],"sum_hessian":[9E0,2E0,7E0,1E0,1E0,5E0,2E0,2E0,3E0,1E0,1E0,1E0,1E0],"tree_param":{"num_deleted":"0","num_feature":"2","num_nodes":"13","size_leaf_vector":"1"}},{"base_weights":[-1.1152573E-1,-8.3637744E-1,1.7423439E-1,-1.00912474E-1,-2.4544144E-2,-2.8335571E-2,5.212962E-1,-1.0535685E-1,3.6514282E-2,1.4450073E-2,6.374436E-2,-1.2757874E-2,-3.0456544E-3,1.0375977E-3,4.1768393E-3],"categories":[],"categories_nodes":[],"categories_segments":[],"categories_sizes":[],"default_left":[0,0,0,0,0,0,0,0,0,0,0,0,0,0,0],"id":73,"left_children":[1,3,5,-1,-1,7,9,11,13,-1,-1,-1,-1,-1,-1],"loss_changes":[2.217063E0,5.856657E-2,5.772056E-1,0E0,0E0,3.3815943E-2,3.918034E-2,1.1076704E-3,1.159464E-4,0E0,0E0,0E0,0E0,0E0,0E0],"parents":[2147483647,0,0,1,1,2,2,5,5,6,6,7,7,8,8],"right_children":[2,4,6,-1,-1,8,10,12,14,-1,-1,-1,-1,-1,-1],"split_conditions":[3.0209935E-1,2.0115918E-1,9.035457E-1,-1.00912474E-1,-2.4544144E-2,6.04105E-1,1E0,4.0283036E-1,7.0336527E-1,1.4450073E-2,6.374436E-2,-1.2757874E-2,-3.0456544E-3,1.0375977E-3,4.1768393E-3],"split_indices":[0,0,0,0,0,0,0,0,0,0,0,0,0,0,0],"split_type":[0,0,0,0,0,0,0,0,0,0,0,0,0,0,0],"sum_hessian":[9E0,2E0,7E0,1E0,1E0,5E0,2E0,2E0,3E0,1E0,1E0,1E0,1E0,1E0,2E0],"tree_param":{"num_deleted":"0","num_feature":"2","num_nodes":"15","size_leaf_vector":"1"}},{"base_weights":[-1.0615921E-1,-7.945582E-1,1.6526031E-1,-9.586678E-2,-2.3316955E-2,-2.7267456E-2,4.952291E-1,-1.00087486E-1,3.416443E-2,1.372757E-2,6.0556795E-2,-1.2120056E-2,-2.8930665E-3,9.857178E-4,3.898112E-3],"categories":[],"categories_nodes":[],"categories_segments":[],"categories_sizes":[],"default_left":[0,0,0,0,0,0,0,0,0,0,0,0,0,0,0],"id":74,"left_children":[1,3,5,-1,-1,7,9,11,13,-1,-1,-1,-1,-1,-1],"loss_changes":[1.9997582E0,5.285549E-2,5.217289E-1,0E0,0E0,3.026026E-2,3.5358727E-2,1.0006055E-3,8.4078405E-5,0E0,0E0,0E0,0E0,0E0,0E0],"parents":[2147483647,0,0,1,1,2,2,5,5,6,6,7,7,8,8],"right_children":[2,4,6,-1,-1,8,10,12,14,-1,-1,-1,-1,-1,-1],"split_conditions":[3.0209935E-1,2.0115918E-1,9.035457E-1,-9.586678E-2,-2.3316955E-2,6.04105E-1,1E0,4.0283036E-1,7.0336527E-1,1.372757E-2,6.0556795E-2,-1.2120056E-2,-2.8930665E-3,9.857178E-4,3.898112E-3],"split_indices":[0,0,0,0,0,0,0,0,0,0,0,0,0,0,0],"split_type":[0,0,0,0,0,0,0,0,0,0,0,0,0,0,0],"sum_hessian":[9E0,2E0,7E0,1E0,1E0,5E0,2E0,2E0,3E0,1E0,1E0,1E0,1E0,1E0,2E0],"tree_param":{"num_deleted":"0","num_feature":"2","num_nodes":"15","size_leaf_vector":"1"}},{"base_weights":[-1.0104599E-1,-7.5483197E-1,1.567545E-1,-9.107361E-2,-2.2151185E-2,-2.6226044E-2,4.7046408E-1,-9.5080055E-2,3.1970978E-2,1.3040924E-2,5.7528686E-2,-1.1513901E-2,-2.748108E-3,9.3612674E-4,3.6387127E-3],"categories":[],"categories_nodes":[],"categories_segments":[],"categories_sizes":[],"default_left":[0,0,0,0,0,0,0,0,0,0,0,0,0,0,0],"id":75,"left_children":[1,3,5,-1,-1,7,9,11,13,-1,-1,-1,-1,-1,-1],"loss_changes":[1.8037868E0,4.7701597E-2,4.7156042E-1,0E0,0E0,2.7082393E-2,3.1913757E-2,9.0374984E-4,5.8761798E-5,0E0,0E0,0E0,0E0,0E0,0E0],"parents":[2147483647,0,0,1,1,2,2,5,5,6,6,7,7,8,8],"right_children":[2,4,6,-1,-1,8,10,12,14,-1,-1,-1,-1,-1,-1],"split_conditions":[3.0209935E-1,2.0115918E-1,9.035457E-1,-9.107361E-2,-2.2151185E-2,6.04105E-1,1E0,4.0283036E-1,7.0336527E-1,1.3040924E-2,5.7528686E-2,-1.1513901E-2,-2.748108E-3,9.3612674E-4,3.6387127E-3],"split_indices":[0,0,0,0,0,0,0,0,0,0,0,0,0,0,0],"split_type":[0,0,0,0,0,0,0,0,0,0,0,0,0,0,0],"sum_hessian":[9E0,2E0,7E0,1E0,1E0,5E0,2E0,2E0,3E0,1E0,1E0,1E0,1E0,1E0,2E0],"tree_param":{"num_deleted":"0","num_feature":"2","num_nodes":"15","size_leaf_vector":"1"}},{"base_weights":[-9.617462E-2,-7.1709186E-1,1.4869118E-1,-8.652001E-2,-2.1043777E-2,-2.5215149E-2,4.469401E-1,-9.032694E-2,2.9922485E-2,1.2388611E-2,5.4652404E-2,-1.09382635E-2,-2.610779E-3,8.895874E-4,3.3966065E-3],"categories":[],"categories_nodes":[],"categories_segments":[],"categories_sizes":[],"default_left":[0,0,0,0,0,0,0,0,0,0,0,0,0,0,0],"id":76,"left_children":[1,3,5,-1,-1,7,9,11,13,-1,-1,-1,-1,-1,-1],"loss_changes":[1.6270392E0,4.3048024E-2,4.2620862E-1,0E0,0E0,2.4243468E-2,2.880627E-2,8.1548095E-4,3.7933234E-5,0E0,0E0,0E0,0E0,0E0,0E0],"parents":[2147483647,0,0,1,1,2,2,5,5,6,6,7,7,8,8],"right_children":[2,4,6,-1,-1,8,10,12,14,-1,-1,-1,-1,-1,-1],"split_conditions":[3.0209935E-1,2.0115918E-1,9.035457E-1,-8.652001E-2,-2.1043777E-2,6.04105E-1,1E0,4.0283036E-1,7.0336527E-1,1.2388611E-2,5.4652404E-2,-1.09382635E-2,-2.610779E-3,8.895874E-4,3.3966065E-3],"split_indices":[0,0,0,0,0,0,0,0,0,0,0,0,0,0,0],"split_type":[0,0,0,0,0,0,0,0,0,0,0,0,0,0,0],"sum_hessian":[9E0,2E0,7E0,1E0,1E0,5E0,2E0,2E0,3E0,1E0,1E0,1E0,1E0,1E0,2E0],"tree_param":{"num_deleted":"0","num_feature":"2","num_nodes":"15","size_leaf_vector":"1"}},{"base_weights":[-9.1537476E-2,-6.8123883E-1,1.4104271E-1,-8.219414E-2,-1.9991685E-2,-2.4238586E-2,4.2459106E-1,-8.581034E-2,2.7999878E-2,1.1769104E-2,5.1919557E-2,-1.0391235E-2,-2.4803162E-3,8.4533694E-4,3.169759E-3],"categories":[],"categories_nodes":[],"categories_segments":[],"categories_sizes":[],"default_left":[0,0,0,0,0,0,0,0,0,0,0,0,0,0,0],"id":77,"left_children":[1,3,5,-1,-1,7,9,11,13,-1,-1,-1,-1,-1,-1],"loss_changes":[1.4676123E0,3.884983E-2,3.852134E-1,0E0,0E0,2.1701166E-2,2.5997698E-2,7.35702E-4,2.1158019E-5,0E0,0E0,0E0,0E0,0E0,0E0],"parents":[2147483647,0,0,1,1,2,2,5,5,6,6,7,7,8,8],"right_children":[2,4,6,-1,-1,8,10,12,14,-1,-1,-1,-1,-1,-1],"split_conditions":[3.0209935E-1,2.0115918E-1,9.035457E-1,-8.219414E-2,-1.9991685E-2,6.04105E-1,1E0,4.0283036E-1,7.0336527E-1,1.1769104E-2,5.1919557E-2,-1.0391235E-2,-2.4803162E-3,8.4533694E-4,3.169759E-3],"split_indices":[0,0,0,0,0,0,0,0,0,0,0,0,0,0,0],"split_type":[0,0,0,0,0,0,0,0,0,0,0,0,0,0,0],"sum_hessian":[9E0,2E0,7E0,1E0,1E0,5E0,2E0,2E0,3E0,1E0,1E0,1E0,1E0,1E0,2E0],"tree_param":{"num_deleted":"0","num_feature":"2","num_nodes":"15","size_leaf_vector":"1"}},{"base_weights":[-8.7119296E-2,-6.4717865E-1,1.3379288E-1,-7.8084566E-2,-1.8992234E-2,-2.3289999E-2,4.03361E-1,-8.151754E-2,2.6203156E-2,1.1180878E-2,4.9323272E-2,-9.871674E-3,-2.3559572E-3,8.0337527E-4,2.9581706E-3],"categories":[],"categories_nodes":[],"categories_segments":[],"categories_sizes":[],"default_left":[0,0,0,0,0,0,0,0,0,0,0,0,0,0,0],"id":78,"left_children":[1,3,5,-1,-1,7,9,11,13,-1,-1,-1,-1,-1,-1],"loss_changes":[1.3238273E0,3.5060167E-2,3.4815055E-1,0E0,0E0,1.9427205E-2,2.3459136E-2,6.6476874E-4,7.892959E-6,0E0,0E0,0E0,0E0,0E0,0E0],"parents":[2147483647,0,0,1,1,2,2,5,5,6,6,7,7,8,8],"right_children":[2,4,6,-1,-1,8,10,12,14,-1,-1,-1,-1,-1,-1],"split_conditions":[3.0209935E-1,2.0115918E-1,9.035457E-1,-7.8084566E-2,-1.8992234E-2,6.04105E-1,1E0,4.0283036E-1,7.0336527E-1,1.1180878E-2,4.9323272E-2,-9.871674E-3,-2.3559572E-3,8.0337527E-4,2.9581706E-3],"split_indices":[0,0,0,0,0,0,0,0,0,0,0,0,0,0,0],"split_type":[0,0,0,0,0,0,0,0,0,0,0,0,0,0,0],"sum_hessian":[9E0,2E0,7E0,1E0,1E0,5E0,2E0,2E0,3E0,1E0,1E0,1E0,1E0,1E0,2E0],"tree_param":{"num_deleted":"0","num_feature":"2","num_nodes":"15","size_leaf_vector":"1"}},{"base_weights":[-8.2912445E-2,-6.148198E-1,1.2691689E-1,-7.418022E-2,-1.8042756E-2,-2.2374472E-2,3.8319397E-1,-7.744344E-2,2.4520874E-3,1.0621644E-2,4.6857454E-2,-9.378052E-3,-2.2384643E-3],"categories":[],"categories_nodes":[],"categories_segments":[],"categories_sizes":[],"default_left":[0,0,0,0,0,0,0,0,0,0,0,0,0],"id":79,"left_children":[1,3,5,-1,-1,7,9,11,-1,-1,-1,-1,-1],"loss_changes":[1.1941288E0,3.163886E-2,3.146534E-1,0E0,0E0,1.739385E-2,2.1175176E-2,5.992558E-4,0E0,0E0,0E0,0E0,0E0],"parents":[2147483647,0,0,1,1,2,2,5,5,6,6,7,7],"right_children":[2,4,6,-1,-1,8,10,12,-1,-1,-1,-1,-1],"split_conditions":[3.0209935E-1,2.0115918E-1,9.035457E-1,-7.418022E-2,-1.8042756E-2,6.04105E-1,1E0,4.0283036E-1,2.4520874E-3,1.0621644E-2,4.6857454E-2,-9.378052E-3,-2.2384643E-3],"split_indices":[0,0,0,0,0,0,0,0,0,0,0,0,0],"split_type":[0,0,0,0,0,0,0,0,0,0,0,0,0],"sum_hessian":[9E0,2E0,7E0,1E0,1E0,5E0,2E0,2E0,3E0,1E0,1E0,1E0,1E0],"tree_param":{"num_deleted":"0","num_feature":"2","num_nodes":"13","size_leaf_vector":"1"}},{"base_weights":[-7.9013065E-2,-5.840785E-1,1.202631E-1,-7.047119E-2,-1.714058E-2,-2.1666208E-2,3.6403403E-1,-7.357025E-2,2.2678375E-2,1.0090637E-2,4.4514466E-2,-8.909225E-3,-2.1263123E-3,6.401062E-4,2.5970459E-3],"categories":[],"categories_nodes":[],"categories_segments":[],"categories_sizes":[],"default_left":[0,0,0,0,0,0,0,0,0,0,0,0,0,0,0],"id":80,"left_children":[1,3,5,-1,-1,7,9,11,13,-1,-1,-1,-1,-1,-1],"loss_changes":[1.0767181E0,2.8554678E-2,2.8467315E-1,0E0,0E0,1.5478431E-2,1.9109428E-2,5.4135546E-4,4.8106536E-5,0E0,0E0,0E0,0E0,0E0,0E0],"parents":[2147483647,0,0,1,1,2,2,5,5,6,6,7,7,8,8],"right_children":[2,4,6,-1,-1,8,10,12,14,-1,-1,-1,-1,-1,-1],"split_conditions":[3.0209935E-1,2.0115918E-1,9.035457E-1,-7.047119E-2,-1.714058E-2,6.04105E-1,1E0,4.0283036E-1,7.0336527E-1,1.0090637E-2,4.4514466E-2,-8.909225E-3,-2.1263123E-3,6.401062E-4,2.5970459E-3],"split_indices":[0,0,0,0,0,0,0,0,0,0,0,0,0,0,0],"split_type":[0,0,0,0,0,0,0,0,0,0,0,0,0,0,0],"sum_hessian":[9E0,2E0,7E0,1E0,1E0,5E0,2E0,2E0,3E0,1E0,1E0,1E0,1E0,1E0,2E0],"tree_param":{"num_deleted":"0","num_feature":"2","num_nodes":"15","size_leaf_vector":"1"}},{"base_weights":[-7.519074E-2,-5.5487317E-1,1.1408901E-1,-6.694756E-2,-1.6283417E-2,-2.0799002E-2,3.4583536E-1,-6.989288E-2,2.122116E-2,9.586334E-3,4.228897E-2,-8.463669E-3,-2.0202638E-3,9.633382E-4,2.7992248E-3],"categories":[],"categories_nodes":[],"categories_segments":[],"categories_sizes":[],"default_left":[0,0,0,0,0,0,0,0,0,0,0,0,0,0,0],"id":81,"left_children":[1,3,5,-1,-1,7,9,11,13,-1,-1,-1,-1,-1,-1],"loss_changes":[9.712466E-1,2.5772333E-2,2.5727147E-1,0E0,0E0,1.3860805E-2,1.7244697E-2,4.8798602E-4,4.418753E-5,0E0,0E0,0E0,0E0,0E0,0E0],"parents":[2147483647,0,0,1,1,2,2,5,5,6,6,7,7,8,8],"right_children":[2,4,6,-1,-1,8,10,12,14,-1,-1,-1,-1,-1,-1],"split_conditions":[3.0209935E-1,2.0115918E-1,9.035457E-1,-6.694756E-2,-1.6283417E-2,6.04105E-1,1E0,4.0283036E-1,8.0444765E-1,9.586334E-3,4.228897E-2,-8.463669E-3,-2.0202638E-3,9.633382E-4,2.7992248E-3],"split_indices":[0,0,0,0,0,0,0,0,0,0,0,0,0,0,0],"split_type":[0,0,0,0,0,0,0,0,0,0,0,0,0,0,0],"sum_hessian":[9E0,2E0,7E0,1E0,1E0,5E0,2E0,2E0,3E0,1E0,1E0,1E0,1E0,2E0,1E0],"tree_param":{"num_deleted":"0","num_feature":"2","num_nodes":"15","size_leaf_vector":"1"}},{"base_weights":[-7.147827E-2,-5.271301E-1,1.0832596E-1,-6.360016E-2,-1.546936E-2,-1.9838968E-2,3.2854715E-1,-6.640116E-2,2.004242E-2,9.107209E-3,4.0174868E-2,-8.040619E-3,-1.9195557E-3,8.9925126E-4,2.659607E-3],"categories":[],"categories_nodes":[],"categories_segments":[],"categories_sizes":[],"default_left":[0,0,0,0,0,0,0,0,0,0,0,0,0,0,0],"id":82,"left_children":[1,3,5,-1,-1,7,9,11,13,-1,-1,-1,-1,-1,-1],"loss_changes":[8.7638324E-1,2.3257673E-2,2.3231511E-1,0E0,0E0,1.247263E-2,1.55625045E-2,4.3990556E-4,5.050341E-5,0E0,0E0,0E0,0E0,0E0,0E0],"parents":[2147483647,0,0,1,1,2,2,5,5,6,6,7,7,8,8],"right_children":[2,4,6,-1,-1,8,10,12,14,-1,-1,-1,-1,-1,-1],"split_conditions":[3.0209935E-1,2.0115918E-1,9.035457E-1,-6.360016E-2,-1.546936E-2,6.04105E-1,1E0,4.0283036E-1,8.0444765E-1,9.107209E-3,4.0174868E-2,-8.040619E-3,-1.9195557E-3,8.9925126E-4,2.659607E-3],"split_indices":[0,0,0,0,0,0,0,0,0,0,0,0,0,0,0],"split_type":[0,0,0,0,0,0,0,0,0,0,0,0,0,0,0],"sum_hessian":[9E0,2E0,7E0,1E0,1E0,5E0,2E0,2E0,3E0,1E0,1E0,1E0,1E0,2E0,1E0],"tree_param":{"num_deleted":"0","num_feature":"2","num_nodes":"15","size_leaf_vector":"1"}},{"base_weights":[-6.7948915E-2,-5.0077313E-1,1.02853775E-1,-6.0420226E-2,-1.469574E-2,-1.8920898E-2,3.1211853E-1,-6.3079834E-2,1.8928528E-2,8.651733E-3,3.8166046E-2,-7.63855E-3,-1.8234253E-3,8.392334E-4,2.5268556E-3],"categories":[],"categories_nodes":[],"categories_segments":[],"categories_sizes":[],"default_left":[0,0,0,0,0,0,0,0,0,0,0,0,0,0,0],"id":83,"left_children":[1,3,5,-1,-1,7,9,11,13,-1,-1,-1,-1,-1,-1],"loss_changes":[7.9078186E-1,2.0992577E-2,2.0977075E-1,0E0,0E0,1.122235E-2,1.4045984E-2,3.9726775E-4,5.5136858E-5,0E0,0E0,0E0,0E0,0E0,0E0],"parents":[2147483647,0,0,1,1,2,2,5,5,6,6,7,7,8,8],"right_children":[2,4,6,-1,-1,8,10,12,14,-1,-1,-1,-1,-1,-1],"split_conditions":[3.0209935E-1,2.0115918E-1,9.035457E-1,-6.0420226E-2,-1.469574E-2,6.04105E-1,1E0,4.0283036E-1,8.0444765E-1,8.651733E-3,3.8166046E-2,-7.63855E-3,-1.8234253E-3,8.392334E-4,2.5268556E-3],"split_indices":[0,0,0,0,0,0,0,0,0,0,0,0,0,0,0],"split_type":[0,0,0,0,0,0,0,0,0,0,0,0,0,0,0],"sum_hessian":[9E0,2E0,7E0,1E0,1E0,5E0,2E0,2E0,3E0,1E0,1E0,1E0,1E0,2E0,1E0],"tree_param":{"num_deleted":"0","num_feature":"2","num_nodes":"15","size_leaf_vector":"1"}},{"base_weights":[-6.459351E-2,-4.75736E-1,9.765911E-2,-5.739937E-2,-1.3961029E-2,-1.804479E-2,2.965139E-1,-5.992381E-2,1.7875671E-2,8.219147E-3,3.6257934E-2,-7.256699E-3,-1.7318726E-3,7.832845E-4,2.4002076E-3],"categories":[],"categories_nodes":[],"categories_segments":[],"categories_sizes":[],"default_left":[0,0,0,0,0,0,0,0,0,0,0,0,0,0,0],"id":84,"left_children":[1,3,5,-1,-1,7,9,11,13,-1,-1,-1,-1,-1,-1],"loss_changes":[7.135494E-1,1.8945456E-2,1.894167E-1,0E0,0E0,1.009706E-2,1.2677014E-2,3.5922322E-4,5.810114E-5,0E0,0E0,0E0,0E0,0E0,0E0],"parents":[2147483647,0,0,1,1,2,2,5,5,6,6,7,7,8,8],"right_children":[2,4,6,-1,-1,8,10,12,14,-1,-1,-1,-1,-1,-1],"split_conditions":[3.0209935E-1,2.0115918E-1,9.035457E-1,-5.739937E-2,-1.3961029E-2,6.04105E-1,1E0,4.0283036E-1,8.0444765E-1,8.219147E-3,3.6257934E-2,-7.256699E-3,-1.7318726E-3,7.832845E-4,2.4002076E-3],"split_indices":[0,0,0,0,0,0,0,0,0,0,0,0,0,0,0],"split_type":[0,0,0,0,0,0,0,0,0,0,0,0,0,0,0],"sum_hessian":[9E0,2E0,7E0,1E0,1E0,5E0,2E0,2E0,3E0,1E0,1E0,1E0,1E0,2E0,1E0],"tree_param":{"num_deleted":"0","num_feature":"2","num_nodes":"15","size_leaf_vector":"1"}},{"base_weights":[-6.1401367E-2,-4.5195007E-1,9.272957E-2,-5.4529574E-2,-1.326294E-2,-1.7204285E-2,2.816874E-1,-5.6925457E-2,1.6887665E-2,7.8079225E-3,3.4445193E-2,-6.893921E-3,-1.6448975E-3,7.3140464E-4,2.280426E-3],"categories":[],"categories_nodes":[],"categories_segments":[],"categories_sizes":[],"default_left":[0,0,0,0,0,0,0,0,0,0,0,0,0,0,0],"id":85,"left_children":[1,3,5,-1,-1,7,9,11,13,-1,-1,-1,-1,-1,-1],"loss_changes":[6.4386547E-1,1.709938E-2,1.7102915E-1,0E0,0E0,9.0863705E-3,1.144354E-2,3.2484438E-4,5.9781596E-5,0E0,0E0,0E0,0E0,0E0,0E0],"parents":[2147483647,0,0,1,1,2,2,5,5,6,6,7,7,8,8],"right_children":[2,4,6,-1,-1,8,10,12,14,-1,-1,-1,-1,-1,-1],"split_conditions":[3.0209935E-1,2.0115918E-1,9.035457E-1,-5.4529574E-2,-1.326294E-2,6.04105E-1,1E0,4.0283036E-1,8.0444765E-1,7.8079225E-3,3.4445193E-2,-6.893921E-3,-1.6448975E-3,7.3140464E-4,2.280426E-3],"split_indices":[0,0,0,0,0,0,0,0,0,0,0,0,0,0,0],"split_type":[0,0,0,0,0,0,0,0,0,0,0,0,0,0,0],"sum_hessian":[9E0,2E0,7E0,1E0,1E0,5E0,2E0,2E0,3E0,1E0,1E0,1E0,1E0,2E0,1E0],"tree_param":{"num_deleted":"0","num_feature":"2","num_nodes":"15","size_leaf_vector":"1"}},{"base_weights":[-5.8367155E-2,-4.2935434E-1,8.8048935E-2,-5.180321E-2,-1.2599945E-2,-1.6403198E-2,2.6760355E-1,-5.407715E-2,1.5953064E-2,7.4172975E-3,3.2723237E-2,-6.5490725E-3,-1.5625E-3,6.825765E-4,2.166748E-3],"categories":[],"categories_nodes":[],"categories_segments":[],"categories_sizes":[],"default_left":[0,0,0,0,0,0,0,0,0,0,0,0,0,0,0],"id":86,"left_children":[1,3,5,-1,-1,7,9,11,13,-1,-1,-1,-1,-1,-1],"loss_changes":[5.8098906E-1,1.5430748E-2,1.5442845E-1,0E0,0E0,8.176625E-3,1.03303045E-2,2.933368E-4,6.073166E-5,0E0,0E0,0E0,0E0,0E0,0E0],"parents":[2147483647,0,0,1,1,2,2,5,5,6,6,7,7,8,8],"right_children":[2,4,6,-1,-1,8,10,12,14,-1,-1,-1,-1,-1,-1],"split_conditions":[3.0209935E-1,2.0115918E-1,9.035457E-1,-5.180321E-2,-1.2599945E-2,6.04105E-1,1E0,4.0283036E-1,8.0444765E-1,7.4172975E-3,3.2723237E-2,-6.5490725E-3,-1.5625E-3,6.825765E-4,2.166748E-3],"split_indices":[0,0,0,0,0,0,0,0,0,0,0,0,0,0,0],"split_type":[0,0,0,0,0,0,0,0,0,0,0,0,0,0,0],"sum_hessian":[9E0,2E0,7E0,1E0,1E0,5E0,2E0,2E0,3E0,1E0,1E0,1E0,1E0,2E0,1E0],"tree_param":{"num_deleted":"0","num_feature":"2","num_nodes":"15","size_leaf_vector":"1"}},{"base_weights":[-5.548477E-2,-4.0788522E-1,8.3601E-2,-4.921303E-2,-1.1969757E-2,-1.5642801E-2,2.542216E-1,-5.1376343E-2,1.5068054E-2,7.046509E-3,3.1086732E-2,-6.2217712E-3,-1.4846802E-3,6.3680013E-4,2.0584108E-3],"categories":[],"categories_nodes":[],"categories_segments":[],"categories_sizes":[],"default_left":[0,0,0,0,0,0,0,0,0,0,0,0,0,0,0],"id":87,"left_children":[1,3,5,-1,-1,7,9,11,13,-1,-1,-1,-1,-1,-1],"loss_changes":[5.2423847E-1,1.3928324E-2,1.3944103E-1,0E0,0E0,7.3585873E-3,9.321764E-3,2.6435684E-4,6.088015E-5,0E0,0E0,0E0,0E0,0E0,0E0],"parents":[2147483647,0,0,1,1,2,2,5,5,6,6,7,7,8,8],"right_children":[2,4,6,-1,-1,8,10,12,14,-1,-1,-1,-1,-1,-1],"split_conditions":[3.0209935E-1,2.0115918E-1,9.035457E-1,-4.921303E-2,-1.1969757E-2,6.04105E-1,1E0,4.0283036E-1,8.0444765E-1,7.046509E-3,3.1086732E-2,-6.2217712E-3,-1.4846802E-3,6.3680013E-4,2.0584108E-3],"split_indices":[0,0,0,0,0,0,0,0,0,0,0,0,0,0,0],"split_type":[0,0,0,0,0,0,0,0,0,0,0,0,0,0,0],"sum_hessian":[9E0,2E0,7E0,1E0,1E0,5E0,2E0,2E0,3E0,1E0,1E0,1E0,1E0,2E0,1E0],"tree_param":{"num_deleted":"0","num_feature":"2","num_nodes":"15","size_leaf_vector":"1"}},{"base_weights":[-5.274353E-2,-3.8749185E-1,7.9380035E-2,-4.675255E-2,-1.1371232E-2,-1.4915466E-2,2.4151103E-1,-4.880778E-2,1.42326355E-2,6.694031E-3,2.9532624E-2,-5.910492E-3,-1.4106751E-3,5.9407554E-4,1.955414E-3],"categories":[],"categories_nodes":[],"categories_segments":[],"categories_sizes":[],"default_left":[0,0,0,0,0,0,0,0,0,0,0,0,0,0,0],"id":88,"left_children":[1,3,5,-1,-1,7,9,11,13,-1,-1,-1,-1,-1,-1],"loss_changes":[4.7304052E-1,1.2571335E-2,1.2590803E-1,0E0,0E0,6.622043E-3,8.414447E-3,2.3818528E-4,6.0334685E-5,0E0,0E0,0E0,0E0,0E0,0E0],"parents":[2147483647,0,0,1,1,2,2,5,5,6,6,7,7,8,8],"right_children":[2,4,6,-1,-1,8,10,12,14,-1,-1,-1,-1,-1,-1],"split_conditions":[3.0209935E-1,2.0115918E-1,9.035457E-1,-4.675255E-2,-1.1371232E-2,6.04105E-1,1E0,4.0283036E-1,8.0444765E-1,6.694031E-3,2.9532624E-2,-5.910492E-3,-1.4106751E-3,5.9407554E-4,1.955414E-3],"split_indices":[0,0,0,0,0,0,0,0,0,0,0,0,0,0,0],"split_type":[0,0,0,0,0,0,0,0,0,0,0,0,0,0,0],"sum_hessian":[9E0,2E0,7E0,1E0,1E0,5E0,2E0,2E0,3E0,1E0,1E0,1E0,1E0,2E0,1E0],"tree_param":{"num_deleted":"0","num_feature":"2","num_nodes":"15","size_leaf_vector":"1"}},{"base_weights":[-5.0136566E-2,-3.681183E-1,7.537365E-2,-4.4414904E-2,-1.0802842E-2,-1.421992E-2,2.2943623E-1,-4.6368916E-2,1.3446808E-2,6.3591003E-3,2.8056337E-2,-5.614853E-3,-1.3404846E-3,5.544027E-4,1.8577576E-3],"categories":[],"categories_nodes":[],"categories_segments":[],"categories_sizes":[],"default_left":[0,0,0,0,0,0,0,0,0,0,0,0,0,0,0],"id":89,"left_children":[1,3,5,-1,-1,7,9,11,13,-1,-1,-1,-1,-1,-1],"loss_changes":[4.2684597E-1,1.1343777E-2,1.1368671E-1,0E0,0E0,5.9602596E-3,7.5962543E-3,2.144645E-4,5.9194746E-5,0E0,0E0,0E0,0E0,0E0,0E0],"parents":[2147483647,0,0,1,1,2,2,5,5,6,6,7,7,8,8],"right_children":[2,4,6,-1,-1,8,10,12,14,-1,-1,-1,-1,-1,-1],"split_conditions":[3.0209935E-1,2.0115918E-1,9.035457E-1,-4.4414904E-2,-1.0802842E-2,6.04105E-1,1E0,4.0283036E-1,8.0444765E-1,6.3591003E-3,2.8056337E-2,-5.614853E-3,-1.3404846E-3,5.544027E-4,1.8577576E-3],"split_indices":[0,0,0,0,0,0,0,0,0,0,0,0,0,0,0],"split_type":[0,0,0,0,0,0,0,0,0,0,0,0,0,0,0],"sum_hessian":[9E0,2E0,7E0,1E0,1E0,5E0,2E0,2E0,3E0,1E0,1E0,1E0,1E0,2E0,1E0],"tree_param":{"num_deleted":"0","num_feature":"2","num_nodes":"15","size_leaf_vector":"1"}},{"base_weights":[-4.7657013E-2,-3.497111E-1,7.15704E-2,-4.2193986E-2,-1.026268E-2,-1.3553619E-2,2.1796162E-1,-4.404958E-2,1.2706757E-2,6.0409545E-3,2.665329E-2,-5.3340914E-3,-1.273346E-3,5.177816E-4,1.764679E-3],"categories":[],"categories_nodes":[],"categories_segments":[],"categories_sizes":[],"default_left":[0,0,0,0,0,0,0,0,0,0,0,0,0,0,0],"id":90,"left_children":[1,3,5,-1,-1,7,9,11,13,-1,-1,-1,-1,-1,-1],"loss_changes":[3.8516024E-1,1.0237426E-2,1.0264545E-1,0E0,0E0,5.3647403E-3,6.856397E-3,1.9369042E-4,5.740102E-5,0E0,0E0,0E0,0E0,0E0,0E0],"parents":[2147483647,0,0,1,1,2,2,5,5,6,6,7,7,8,8],"right_children":[2,4,6,-1,-1,8,10,12,14,-1,-1,-1,-1,-1,-1],"split_conditions":[3.0209935E-1,2.0115918E-1,9.035457E-1,-4.2193986E-2,-1.026268E-2,6.04105E-1,1E0,4.0283036E-1,8.0444765E-1,6.0409545E-3,2.665329E-2,-5.3340914E-3,-1.273346E-3,5.177816E-4,1.764679E-3],"split_indices":[0,0,0,0,0,0,0,0,0,0,0,0,0,0,0],"split_type":[0,0,0,0,0,0,0,0,0,0,0,0,0,0,0],"sum_hessian":[9E0,2E0,7E0,1E0,1E0,5E0,2E0,2E0,3E0,1E0,1E0,1E0,1E0,2E0,1E0],"tree_param":{"num_deleted":"0","num_feature":"2","num_nodes":"15","size_leaf_vector":"1"}},{"base_weights":[-4.530258E-2,-3.3222708E-1,6.7956924E-2,-4.008446E-2,-9.749603E-3,-1.2921651E-2,2.0706177E-1,-4.1849773E-2,1.2004852E-2,5.7388307E-3,2.5320435E-2,-5.067444E-3,-1.210022E-3,4.8319498E-4,1.676178E-3],"categories":[],"categories_nodes":[],"categories_segments":[],"categories_sizes":[],"default_left":[0,0,0,0,0,0,0,0,0,0,0,0,0,0,0],"id":91,"left_children":[1,3,5,-1,-1,7,9,11,13,-1,-1,-1,-1,-1,-1],"loss_changes":[3.475464E-1,9.239227E-3,9.2680395E-2,0E0,0E0,4.828862E-3,6.1879903E-3,1.7441763E-4,5.5491808E-5,0E0,0E0,0E0,0E0,0E0,0E0],"parents":[2147483647,0,0,1,1,2,2,5,5,6,6,7,7,8,8],"right_children":[2,4,6,-1,-1,8,10,12,14,-1,-1,-1,-1,-1,-1],"split_conditions":[3.0209935E-1,2.0115918E-1,9.035457E-1,-4.008446E-2,-9.749603E-3,6.04105E-1,1E0,4.0283036E-1,8.0444765E-1,5.7388307E-3,2.5320435E-2,-5.067444E-3,-1.210022E-3,4.8319498E-4,1.676178E-3],"split_indices":[0,0,0,0,0,0,0,0,0,0,0,0,0,0,0],"split_type":[0,0,0,0,0,0,0,0,0,0,0,0,0,0,0],"sum_hessian":[9E0,2E0,7E0,1E0,1E0,5E0,2E0,2E0,3E0,1E0,1E0,1E0,1E0,2E0,1E0],"tree_param":{"num_deleted":"0","num_feature":"2","num_nodes":"15","size_leaf_vector":"1"}},{"base_weights":[-4.306259E-2,-3.1561533E-1,6.452751E-2,-3.8080215E-2,-9.262085E-3,-1.2318929E-2,1.9671123E-1,-3.975932E-2,1.1341095E-2,5.4519656E-3,2.405472E-2,-4.814148E-3,-1.1497497E-3,4.5064292E-4,1.5922546E-3],"categories":[],"categories_nodes":[],"categories_segments":[],"categories_sizes":[],"default_left":[0,0,0,0,0,0,0,0,0,0,0,0,0,0,0],"id":92,"left_children":[1,3,5,-1,-1,7,9,11,13,-1,-1,-1,-1,-1,-1],"loss_changes":[3.1360564E-1,8.33869E-3,8.3686054E-2,0E0,0E0,4.346356E-3,5.5847615E-3,1.5717885E-4,5.3496915E-5,0E0,0E0,0E0,0E0,0E0,0E0],"parents":[2147483647,0,0,1,1,2,2,5,5,6,6,7,7,8,8],"right_children":[2,4,6,-1,-1,8,10,12,14,-1,-1,-1,-1,-1,-1],"split_conditions":[3.0209935E-1,2.0115918E-1,9.035457E-1,-3.8080215E-2,-9.262085E-3,6.04105E-1,1E0,4.0283036E-1,8.0444765E-1,5.4519656E-3,2.405472E-2,-4.814148E-3,-1.1497497E-3,4.5064292E-4,1.5922546E-3],"split_indices":[0,0,0,0,0,0,0,0,0,0,0,0,0,0,0],"split_type":[0,0,0,0,0,0,0,0,0,0,0,0,0,0,0],"sum_hessian":[9E0,2E0,7E0,1E0,1E0,5E0,2E0,2E0,3E0,1E0,1E0,1E0,1E0,2E0,1E0],"tree_param":{"num_deleted":"0","num_feature":"2","num_nodes":"15","size_leaf_vector":"1"}},{"base_weights":[-4.0932465E-2,-2.998352E-1,6.127262E-2,-3.61763E-2,-8.798981E-3,-1.1742909E-2,1.8687947E-1,-3.7773132E-2,1.0715485E-2,5.179596E-3,2.2852326E-2,-4.5734406E-3,-1.0925293E-3,2.0065308E-4,1.2949626E-3],"categories":[],"categories_nodes":[],"categories_segments":[],"categories_sizes":[],"default_left":[0,0,0,0,0,0,0,0,0,0,0,0,0,0,0],"id":93,"left_children":[1,3,5,-1,-1,7,9,11,13,-1,-1,-1,-1,-1,-1],"loss_changes":[2.8298345E-1,7.525921E-3,7.556452E-2,0E0,0E0,3.91234E-3,5.03958E-3,1.4156708E-4,5.1844283E-5,0E0,0E0,0E0,0E0,0E0,0E0],"parents":[2147483647,0,0,1,1,2,2,5,5,6,6,7,7,8,8],"right_children":[2,4,6,-1,-1,8,10,12,14,-1,-1,-1,-1,-1,-1],"split_conditions":[3.0209935E-1,2.0115918E-1,9.035457E-1,-3.61763E-2,-8.798981E-3,6.04105E-1,1E0,4.0283036E-1,7.0336527E-1,5.179596E-3,2.2852326E-2,-4.5734406E-3,-1.0925293E-3,2.0065308E-4,1.2949626E-3],"split_indices":[0,0,0,0,0,0,0,0,0,0,0,0,0,0,0],"split_type":[0,0,0,0,0,0,0,0,0,0,0,0,0,0,0],"sum_hessian":[9E0,2E0,7E0,1E0,1E0,5E0,2E0,2E0,3E0,1E0,1E0,1E0,1E0,1E0,2E0],"tree_param":{"num_deleted":"0","num_feature":"2","num_nodes":"15","size_leaf_vector":"1"}},{"base_weights":[-3.8950346E-2,-2.8484344E-1,5.8128357E-2,-3.436737E-2,-8.359146E-3,-1.126353E-2,1.7753601E-1,-3.5883587E-2,1.0017395E-2,4.9209595E-3,2.1709442E-2,-4.34494E-3,-1.0375977E-3,3.7027997E-4,1.4480591E-3],"categories":[],"categories_nodes":[],"categories_segments":[],"categories_sizes":[],"default_left":[0,0,0,0,0,0,0,0,0,0,0,0,0,0,0],"id":94,"left_children":[1,3,5,-1,-1,7,9,11,13,-1,-1,-1,-1,-1,-1],"loss_changes":[2.5526732E-1,6.790936E-3,6.828706E-2,0E0,0E0,3.503085E-3,4.546039E-3,1.2812763E-4,5.911439E-5,0E0,0E0,0E0,0E0,0E0,0E0],"parents":[2147483647,0,0,1,1,2,2,5,5,6,6,7,7,8,8],"right_children":[2,4,6,-1,-1,8,10,12,14,-1,-1,-1,-1,-1,-1],"split_conditions":[3.0209935E-1,2.0115918E-1,9.035457E-1,-3.436737E-2,-8.359146E-3,6.04105E-1,1E0,4.0283036E-1,8.0444765E-1,4.9209595E-3,2.1709442E-2,-4.34494E-3,-1.0375977E-3,3.7027997E-4,1.4480591E-3],"split_indices":[0,0,0,0,0,0,0,0,0,0,0,0,0,0,0],"split_type":[0,0,0,0,0,0,0,0,0,0,0,0,0,0,0],"sum_hessian":[9E0,2E0,7E0,1E0,1E0,5E0,2E0,2E0,3E0,1E0,1E0,1E0,1E0,2E0,1E0],"tree_param":{"num_deleted":"0","num_feature":"2","num_nodes":"15","size_leaf_vector":"1"}},{"base_weights":[-3.701935E-2,-2.7059937E-1,5.5200577E-2,-3.264885E-2,-7.941055E-3,-1.0729472E-2,1.6866048E-1,-3.4088135E-2,9.471893E-3,4.675293E-3,2.0623779E-2,-4.1275024E-3,-9.857178E-4,3.458659E-4,1.3755799E-3],"categories":[],"categories_nodes":[],"categories_segments":[],"categories_sizes":[],"default_left":[0,0,0,0,0,0,0,0,0,0,0,0,0,0,0],"id":95,"left_children":[1,3,5,-1,-1,7,9,11,13,-1,-1,-1,-1,-1,-1],"loss_changes":[2.3034455E-1,6.1295033E-3,6.1652966E-2,0E0,0E0,3.1541404E-3,4.100658E-3,1.1558039E-4,5.5463897E-5,0E0,0E0,0E0,0E0,0E0,0E0],"parents":[2147483647,0,0,1,1,2,2,5,5,6,6,7,7,8,8],"right_children":[2,4,6,-1,-1,8,10,12,14,-1,-1,-1,-1,-1,-1],"split_conditions":[3.0209935E-1,2.0115918E-1,9.035457E-1,-3.264885E-2,-7.941055E-3,6.04105E-1,1E0,4.0283036E-1,8.0444765E-1,4.675293E-3,2.0623779E-2,-4.1275024E-3,-9.857178E-4,3.458659E-4,1.3755799E-3],"split_indices":[0,0,0,0,0,0,0,0,0,0,0,0,0,0,0],"split_type":[0,0,0,0,0,0,0,0,0,0,0,0,0,0,0],"sum_hessian":[9E0,2E0,7E0,1E0,1E0,5E0,2E0,2E0,3E0,1E0,1E0,1E0,1E0,2E0,1E0],"tree_param":{"num_deleted":"0","num_feature":"2","num_nodes":"15","size_leaf_vector":"1"}},{"base_weights":[-3.5186004E-2,-2.5706992E-1,5.241871E-2,-3.1016542E-2,-7.543945E-3,-1.0222117E-2,1.6022746E-1,-3.2381695E-2,8.9530945E-3,4.4418336E-3,1.9592285E-2,-3.9211274E-3,-9.3612674E-4,3.2246907E-4,1.3069153E-3],"categories":[],"categories_nodes":[],"categories_segments":[],"categories_sizes":[],"default_left":[0,0,0,0,0,0,0,0,0,0,0,0,0,0,0],"id":96,"left_children":[1,3,5,-1,-1,7,9,11,13,-1,-1,-1,-1,-1,-1],"loss_changes":[2.0785601E-1,5.5325776E-3,5.5663697E-2,0E0,0E0,2.839404E-3,3.6989897E-3,1.0459195E-4,5.216981E-5,0E0,0E0,0E0,0E0,0E0,0E0],"parents":[2147483647,0,0,1,1,2,2,5,5,6,6,7,7,8,8],"right_children":[2,4,6,-1,-1,8,10,12,14,-1,-1,-1,-1,-1,-1],"split_conditions":[3.0209935E-1,2.0115918E-1,9.035457E-1,-3.1016542E-2,-7.543945E-3,6.04105E-1,1E0,4.0283036E-1,8.0444765E-1,4.4418336E-3,1.9592285E-2,-3.9211274E-3,-9.3612674E-4,3.2246907E-4,1.3069153E-3],"split_indices":[0,0,0,0,0,0,0,0,0,0,0,0,0,0,0],"split_type":[0,0,0,0,0,0,0,0,0,0,0,0,0,0,0],"sum_hessian":[9E0,2E0,7E0,1E0,1E0,5E0,2E0,2E0,3E0,1E0,1E0,1E0,1E0,2E0,1E0],"tree_param":{"num_deleted":"0","num_feature":"2","num_nodes":"15","size_leaf_vector":"1"}},{"base_weights":[-3.344345E-2,-2.4421692E-1,4.977703E-2,-2.9465867E-2,-7.166672E-3,-9.738922E-3,1.522166E-1,-3.0764261E-2,8.464813E-3,4.2198184E-3,1.8612672E-2,-3.7250519E-3,-8.895874E-4,3.0110677E-4,1.2413025E-3],"categories":[],"categories_nodes":[],"categories_segments":[],"categories_sizes":[],"default_left":[0,0,0,0,0,0,0,0,0,0,0,0,0,0,0],"id":97,"left_children":[1,3,5,-1,-1,7,9,11,13,-1,-1,-1,-1,-1,-1],"loss_changes":[1.8756308E-1,4.993975E-3,5.0256737E-2,0E0,0E0,2.556852E-3,3.3379942E-3,9.4156014E-5,4.8753718E-5,0E0,0E0,0E0,0E0,0E0,0E0],"parents":[2147483647,0,0,1,1,2,2,5,5,6,6,7,7,8,8],"right_children":[2,4,6,-1,-1,8,10,12,14,-1,-1,-1,-1,-1,-1],"split_conditions":[3.0209935E-1,2.0115918E-1,9.035457E-1,-2.9465867E-2,-7.166672E-3,6.04105E-1,1E0,4.0283036E-1,8.0444765E-1,4.2198184E-3,1.8612672E-2,-3.7250519E-3,-8.895874E-4,3.0110677E-4,1.2413025E-3],"split_indices":[0,0,0,0,0,0,0,0,0,0,0,0,0,0,0],"split_type":[0,0,0,0,0,0,0,0,0,0,0,0,0,0,0],"sum_hessian":[9E0,2E0,7E0,1E0,1E0,5E0,2E0,2E0,3E0,1E0,1E0,1E0,1E0,2E0,1E0],"tree_param":{"num_deleted":"0","num_feature":"2","num_nodes":"15","size_leaf_vector":"1"}},{"base_weights":[-3.1788636E-2,-2.3200734E-1,4.726696E-2,-2.799263E-2,-6.808472E-3,-9.278615E-3,1.4460246E-1,-2.922821E-2,8.003235E-3,4.008484E-3,1.7681886E-2,-3.5388947E-3,-8.4533694E-4,2.807617E-4,1.1795044E-3],"categories":[],"categories_nodes":[],"categories_segments":[],"categories_sizes":[],"default_left":[0,0,0,0,0,0,0,0,0,0,0,0,0,0,0],"id":98,"left_children":[1,3,5,-1,-1,7,9,11,13,-1,-1,-1,-1,-1,-1],"loss_changes":[1.6925038E-1,4.50629E-3,4.5372844E-2,0E0,0E0,2.3025158E-3,3.0137897E-3,8.480903E-5,4.5687193E-5,0E0,0E0,0E0,0E0,0E0,0E0],"parents":[2147483647,0,0,1,1,2,2,5,5,6,6,7,7,8,8],"right_children":[2,4,6,-1,-1,8,10,12,14,-1,-1,-1,-1,-1,-1],"split_conditions":[3.0209935E-1,2.0115918E-1,9.035457E-1,-2.799263E-2,-6.808472E-3,6.04105E-1,1E0,4.0283036E-1,8.0444765E-1,4.008484E-3,1.7681886E-2,-3.5388947E-3,-8.4533694E-4,2.807617E-4,1.1795044E-3],"split_indices":[0,0,0,0,0,0,0,0,0,0,0,0,0,0,0],"split_type":[0,0,0,0,0,0,0,0,0,0,0,0,0,0,0],"sum_hessian":[9E0,2E0,7E0,1E0,1E0,5E0,2E0,2E0,3E0,1E0,1E0,1E0,1E0,2E0,1E0],"tree_param":{"num_deleted":"0","num_feature":"2","num_nodes":"15","size_leaf_vector":"1"}},{"base_weights":[-3.0213166E-2,-2.2040813E-1,4.488659E-2,-2.6593018E-2,-6.4682006E-3,-8.83611E-3,1.373698E-1,-2.7768454E-2,7.572174E-3,3.8078309E-3,1.6797638E-2,-3.3618927E-3,-8.0337527E-4,2.6245118E-4,1.1207581E-3],"categories":[],"categories_nodes":[],"categories_segments":[],"categories_sizes":[],"default_left":[0,0,0,0,0,0,0,0,0,0,0,0,0,0,0],"id":99,"left_children":[1,3,5,-1,-1,7,9,11,13,-1,-1,-1,-1,-1,-1],"loss_changes":[1.5272932E-1,4.0660203E-3,4.0961392E-2,0E0,0E0,2.074151E-3,2.7206652E-3,7.628603E-5,4.253263E-5,0E0,0E0,0E0,0E0,0E0,0E0],"parents":[2147483647,0,0,1,1,2,2,5,5,6,6,7,7,8,8],"right_children":[2,4,6,-1,-1,8,10,12,14,-1,-1,-1,-1,-1,-1],"split_conditions":[3.0209935E-1,2.0115918E-1,9.035457E-1,-2.6593018E-2,-6.4682006E-3,6.04105E-1,1E0,4.0283036E-1,8.0444765E-1,3.8078309E-3,1.6797638E-2,-3.3618927E-3,-8.0337527E-4,2.6245118E-4,1.1207581E-3],"split_indices":[0,0,0,0,0,0,0,0,0,0,0,0,0,0,0],"split_type":[0,0,0,0,0,0,0,0,0,0,0,0,0,0,0],"sum_hessian":[9E0,2E0,7E0,1E0,1E0,5E0,2E0,2E0,3E0,1E0,1E0,1E0,1E0,2E0,1E0],"tree_param":{"num_deleted":"0","num_feature":"2","num_nodes":"15","size_leaf_vector":"1"}}]},"name":"gbtree"},"learner_model_param":{"base_score":"1.5468889E2","boost_from_average":"1","num_class":"0","num_feature":"2","num_target":"1"},"objective":{"name":"reg:squarederror","reg_loss_param":{"scale_pos_weight":"1"}}},"version":[2,0,1]}