{"package": {"All_Weights": {"Bias_Weight": 398174491.15287167, "Categorical_Variables": {}, "Numerical_Variables": {"cache_miss": {"mean": 38986101380.19178, "variance": 6.774987317328459e+18, "weight": 301499314.395965}, "cpu_cycles": {"mean": 22560353291736.74, "variance": 1.9706656634842064e+24, "weight": -134050708.67373973}, "cpu_instructions": {"mean": 29134722307705.453, "variance": 3.2447554946600996e+24, "weight": -121540638.92100862}}}}, "core": {"All_Weights": {"Bias_Weight": 0.0, "Categorical_Variables": {}, "Numerical_Variables": {"cache_miss": {"mean": 38986101380.19178, "variance": 6.774987317328459e+18, "weight": 0.0}, "cpu_cycles": {"mean": 22560353291736.74, "variance": 1.9706656634842064e+24, "weight": 0.0}, "cpu_instructions": {"mean": 29134722307705.453, "variance": 3.2447554946600996e+24, "weight": 0.0}}}}, "uncore": {"All_Weights": {"Bias_Weight": 0.0, "Categorical_Variables": {}, "Numerical_Variables": {"cache_miss": {"mean": 38986101380.19178, "variance": 6.774987317328459e+18, "weight": 0.0}, "cpu_cycles": {"mean": 22560353291736.74, "variance": 1.9706656634842064e+24, "weight": 0.0}, "cpu_instructions": {"mean": 29134722307705.453, "variance": 3.2447554946600996e+24, "weight": 0.0}}}}, "dram": {"All_Weights": {"Bias_Weight": 284626522.6437954, "Categorical_Variables": {}, "Numerical_Variables": {"cache_miss": {"mean": 38986101380.19178, "variance": 6.774987317328459e+18, "weight": 208258000.84642538}, "cpu_cycles": {"mean": 22560353291736.74, "variance": 1.9706656634842064e+24, "weight": -56591993.18271486}, "cpu_instructions": {"mean": 29134722307705.453, "variance": 3.2447554946600996e+24, "weight": -119020931.18438}}}}}