{"learner":{"attributes":{"scikit_learn":"{\"_estimator_type\": \"regressor\"}"},"feature_names":[],"feature_types":[],"gradient_booster":{"model":{"gbtree_model_param":{"num_parallel_tree":"1","num_trees":"100"},"iteration_indptr":[0,1,2,3,4,5,6,7,8,9,10,11,12,13,14,15,16,17,18,19,20,21,22,23,24,25,26,27,28,29,30,31,32,33,34,35,36,37,38,39,40,41,42,43,44,45,46,47,48,49,50,51,52,53,54,55,56,57,58,59,60,61,62,63,64,65,66,67,68,69,70,71,72,73,74,75,76,77,78,79,80,81,82,83,84,85,86,87,88,89,90,91,92,93,94,95,96,97,98,99,100],"tree_info":[0,0,0,0,0,0,0,0,0,0,0,0,0,0,0,0,0,0,0,0,0,0,0,0,0,0,0,0,0,0,0,0,0,0,0,0,0,0,0,0,0,0,0,0,0,0,0,0,0,0,0,0,0,0,0,0,0,0,0,0,0,0,0,0,0,0,0,0,0,0,0,0,0,0,0,0,0,0,0,0,0,0,0,0,0,0,0,0,0,0,0,0,0,0,0,0,0,0,0,0],"trees":[{"base_weights":[-3.8146973E-7,-1.4337778E1,1.1948148E1,-1.6066668E0,-3.7111112E-1,7.3888876E-2,1.4042222E0],"categories":[],"categories_nodes":[],"categories_segments":[],"categories_sizes":[],"default_left":[0,0,0,0,0,0,0],"id":0,"left_children":[1,3,5,-1,-1,-1,-1],"loss_changes":[1.8844087E3,3.223645E1,1.3046246E2,0E0,0E0,0E0,0E0],"parents":[2147483647,0,0,1,1,2,2],"right_children":[2,4,6,-1,-1,-1,-1],"split_conditions":[6.0090137E-1,5.0525403E-1,6.999963E-1,-1.6066668E0,-3.7111112E-1,7.3888876E-2,1.4042222E0],"split_indices":[0,0,0,0,0,0,0],"split_type":[0,0,0,0,0,0,0],"sum_hessian":[9E0,4E0,5E0,3E0,1E0,1E0,4E0],"tree_param":{"num_deleted":"0","num_feature":"2","num_nodes":"7","size_leaf_vector":"1"}},{"base_weights":[-4.9967192E-2,-1.3299556E1,1.0999684E1,-1.4861668E0,-3.5255557E-1,7.019444E-2,1.2918844E0],"categories":[],"categories_nodes":[],"categories_segments":[],"categories_sizes":[],"default_left":[0,0,0,0,0,0,0],"id":1,"left_children":[1,3,5,-1,-1,-1,-1],"loss_changes":[1.6103243E3,2.3944763E1,1.0950964E2,0E0,0E0,0E0,0E0],"parents":[2147483647,0,0,1,1,2,2],"right_children":[2,4,6,-1,-1,-1,-1],"split_conditions":[6.0090137E-1,5.0525403E-1,6.999963E-1,-1.4861668E0,-3.5255557E-1,7.019444E-2,1.2918844E0],"split_indices":[0,0,0,0,0,0,0],"split_type":[0,0,0,0,0,0,0],"sum_hessian":[9E0,4E0,5E0,3E0,1E0,1E0,4E0],"tree_param":{"num_deleted":"0","num_feature":"2","num_nodes":"7","size_leaf_vector":"1"}},{"base_weights":[-9.263535E-2,-1.2337345E1,1.0126729E1,-1.3747042E0,-3.3492777E-1,6.668472E-2,1.1885337E0],"categories":[],"categories_nodes":[],"categories_segments":[],"categories_sizes":[],"default_left":[0,0,0,0,0,0,0],"id":2,"left_children":[1,3,5,-1,-1,-1,-1],"loss_changes":[1.3762684E3,1.7309631E1,9.18916E1,0E0,0E0,0E0,0E0],"parents":[2147483647,0,0,1,1,2,2],"right_children":[2,4,6,-1,-1,-1,-1],"split_conditions":[6.0090137E-1,5.0525403E-1,6.999963E-1,-1.3747042E0,-3.3492777E-1,6.668472E-2,1.1885337E0],"split_indices":[0,0,0,0,0,0,0],"split_type":[0,0,0,0,0,0,0],"sum_hessian":[9E0,4E0,5E0,3E0,1E0,1E0,4E0],"tree_param":{"num_deleted":"0","num_feature":"2","num_nodes":"7","size_leaf_vector":"1"}},{"base_weights":[-1.2881318E-1,-1.1445537E1,9.323258E0,-1.4036458E0,-5.039438E-1,2.5533817E0,1.2069852E0,6.335049E-2,3.1965676E-1],"categories":[],"categories_nodes":[],"categories_segments":[],"categories_sizes":[],"default_left":[0,0,0,0,0,0,0,0,0],"id":3,"left_children":[1,3,5,-1,-1,7,-1,-1,-1],"loss_changes":[1.1763746E3,1.2252563E1,8.074567E1,0E0,0E0,1.679472E0,0E0,0E0,0E0],"parents":[2147483647,0,0,1,1,2,2,5,5],"right_children":[2,4,6,-1,-1,8,-1,-1,-1],"split_conditions":[6.0090137E-1,4.027821E-1,8.050041E-1,-1.4036458E0,-5.039438E-1,6.999963E-1,1.2069852E0,6.335049E-2,3.1965676E-1],"split_indices":[0,0,0,0,0,0,0,0,0],"split_type":[0,0,0,0,0,0,0,0,0],"sum_hessian":[9E0,4E0,5E0,2E0,2E0,2E0,3E0,1E0,1E0],"tree_param":{"num_deleted":"0","num_feature":"2","num_nodes":"9","size_leaf_vector":"1"}},{"base_weights":[-1.4769134E-1,-1.0682501E1,8.655931E0,-1.1888205E0,-2.929841E-1,2.4257126E0,1.1164613E0,6.0182955E-2,3.0367395E-1],"categories":[],"categories_nodes":[],"categories_segments":[],"categories_sizes":[],"default_left":[0,0,0,0,0,0,0,0,0],"id":4,"left_children":[1,3,5,-1,-1,7,-1,-1,-1],"loss_changes":[1.01991187E3,1.1906494E1,6.669562E1,0E0,0E0,1.5157242E0,0E0,0E0,0E0],"parents":[2147483647,0,0,1,1,2,2,5,5],"right_children":[2,4,6,-1,-1,8,-1,-1,-1],"split_conditions":[6.0090137E-1,5.0525403E-1,8.050041E-1,-1.1888205E0,-2.929841E-1,6.999963E-1,1.1164613E0,6.0182955E-2,3.0367395E-1],"split_indices":[0,0,0,0,0,0,0,0,0],"split_type":[0,0,0,0,0,0,0,0,0],"sum_hessian":[9E0,4E0,5E0,3E0,1E0,2E0,3E0,1E0,1E0],"tree_param":{"num_deleted":"0","num_feature":"2","num_nodes":"9","size_leaf_vector":"1"}},{"base_weights":[-1.3307133E-1,-9.910612E0,8.037058E0,-1.2308147E0,-4.20954E-1,5.7173826E-2,9.415774E-1],"categories":[],"categories_nodes":[],"categories_segments":[],"categories_sizes":[],"default_left":[0,0,0,0,0,0,0],"id":5,"left_children":[1,3,5,-1,-1,-1,-1],"loss_changes":[8.784898E2,1.6530945E1,5.637201E1,0E0,0E0,0E0,0E0],"parents":[2147483647,0,0,1,1,2,2],"right_children":[2,4,6,-1,-1,-1,-1],"split_conditions":[6.0090137E-1,4.027821E-1,6.999963E-1,-1.2308147E0,-4.20954E-1,5.7173826E-2,9.415774E-1],"split_indices":[0,0,0,0,0,0,0],"split_type":[0,0,0,0,0,0,0],"sum_hessian":[9E0,4E0,5E0,2E0,2E0,1E0,4E0],"tree_param":{"num_deleted":"0","num_feature":"2","num_nodes":"7","size_leaf_vector":"1"}},{"base_weights":[-1.8506642E-1,-9.249905E0,7.39981E0,-1.1487603E0,-3.9289042E-1,1.9715099E0,9.6210825E-1,5.431509E-2,2.414114E-1],"categories":[],"categories_nodes":[],"categories_segments":[],"categories_sizes":[],"default_left":[0,0,0,0,0,0,0,0,0],"id":6,"left_children":[1,3,5,-1,-1,7,-1,-1,-1],"loss_changes":[7.5600433E2,1.440033E1,5.3378326E1,0E0,0E0,5.8536434E-1,0E0,0E0,0E0],"parents":[2147483647,0,0,1,1,2,2,5,5],"right_children":[2,4,6,-1,-1,8,-1,-1,-1],"split_conditions":[6.0090137E-1,4.027821E-1,8.050041E-1,-1.1487603E0,-3.9289042E-1,6.999963E-1,9.6210825E-1,5.431509E-2,2.414114E-1],"split_indices":[0,0,0,0,0,0,0,0,0],"split_type":[0,0,0,0,0,0,0,0,0],"sum_hessian":[9E0,4E0,5E0,2E0,2E0,2E0,3E0,1E0,1E0],"tree_param":{"num_deleted":"0","num_feature":"2","num_nodes":"9","size_leaf_vector":"1"}},{"base_weights":[-1.9494171E-1,-8.6332445E0,6.8694673E0,-1.0721763E0,-3.666977E-1,1.8729337E0,8.899501E-1,5.1599313E-2,2.2934075E-1],"categories":[],"categories_nodes":[],"categories_segments":[],"categories_sizes":[],"default_left":[0,0,0,0,0,0,0,0,0],"id":7,"left_children":[1,3,5,-1,-1,7,-1,-1,-1],"loss_changes":[6.55422E2,1.2544281E1,4.4190643E1,0E0,0E0,5.282898E-1,0E0,0E0,0E0],"parents":[2147483647,0,0,1,1,2,2,5,5],"right_children":[2,4,6,-1,-1,8,-1,-1,-1],"split_conditions":[6.0090137E-1,4.027821E-1,8.050041E-1,-1.0721763E0,-3.666977E-1,6.999963E-1,8.899501E-1,5.1599313E-2,2.2934075E-1],"split_indices":[0,0,0,0,0,0,0,0,0],"split_type":[0,0,0,0,0,0,0,0,0],"sum_hessian":[9E0,4E0,5E0,2E0,2E0,2E0,3E0,1E0,1E0],"tree_param":{"num_deleted":"0","num_feature":"2","num_nodes":"9","size_leaf_vector":"1"}},{"base_weights":[-2.022459E-1,-8.057695E0,6.3776693E0,-1.000698E0,-3.422512E-1,1.7792873E0,8.2320386E-1,4.9019337E-2,2.1787377E-1],"categories":[],"categories_nodes":[],"categories_segments":[],"categories_sizes":[],"default_left":[0,0,0,0,0,0,0,0,0],"id":8,"left_children":[1,3,5,-1,-1,7,-1,-1,-1],"loss_changes":[5.682712E2,1.0927429E1,3.6515427E1,0E0,0E0,4.767847E-1,0E0,0E0,0E0],"parents":[2147483647,0,0,1,1,2,2,5,5],"right_children":[2,4,6,-1,-1,8,-1,-1,-1],"split_conditions":[6.0090137E-1,4.027821E-1,8.050041E-1,-1.000698E0,-3.422512E-1,6.999963E-1,8.2320386E-1,4.9019337E-2,2.1787377E-1],"split_indices":[0,0,0,0,0,0,0,0,0],"split_type":[0,0,0,0,0,0,0,0,0],"sum_hessian":[9E0,4E0,5E0,2E0,2E0,2E0,3E0,1E0,1E0],"tree_param":{"num_deleted":"0","num_feature":"2","num_nodes":"9","size_leaf_vector":"1"}},{"base_weights":[-2.0730647E-1,-7.5205154E0,5.9215856E0,-9.3398476E-1,-3.194345E-1,1.6903235E0,7.614636E-1,4.6568394E-2,2.0698014E-1],"categories":[],"categories_nodes":[],"categories_segments":[],"categories_sizes":[],"default_left":[0,0,0,0,0,0,0,0,0],"id":9,"left_children":[1,3,5,-1,-1,7,-1,-1,-1],"loss_changes":[4.9275208E2,9.519012E0,3.0111237E1,0E0,0E0,4.3029785E-1,0E0,0E0,0E0],"parents":[2147483647,0,0,1,1,2,2,5,5],"right_children":[2,4,6,-1,-1,8,-1,-1,-1],"split_conditions":[6.0090137E-1,4.027821E-1,8.050041E-1,-9.3398476E-1,-3.194345E-1,6.999963E-1,7.614636E-1,4.6568394E-2,2.0698014E-1],"split_indices":[0,0,0,0,0,0,0,0,0],"split_type":[0,0,0,0,0,0,0,0,0],"sum_hessian":[9E0,4E0,5E0,2E0,2E0,2E0,3E0,1E0,1E0],"tree_param":{"num_deleted":"0","num_feature":"2","num_nodes":"9","size_leaf_vector":"1"}},{"base_weights":[-2.104164E-1,-7.0191474E0,5.4985957E0,-8.7171906E-1,-2.9813883E-1,4.4239998E-2,6.421355E0,1.9663106E-1,7.043538E-1],"categories":[],"categories_nodes":[],"categories_segments":[],"categories_sizes":[],"default_left":[0,0,0,0,0,0,0,0,0],"id":10,"left_children":[1,3,5,-1,-1,-1,7,-1,-1],"loss_changes":[4.2730676E2,8.2921295E0,2.5153076E1,0E0,0E0,0E0,9.490967E-3,0E0,0E0],"parents":[2147483647,0,0,1,1,2,2,6,6],"right_children":[2,4,6,-1,-1,-1,8,-1,-1],"split_conditions":[6.0090137E-1,4.027821E-1,6.999963E-1,-8.7171906E-1,-2.9813883E-1,4.4239998E-2,8.050041E-1,1.9663106E-1,7.043538E-1],"split_indices":[0,0,0,0,0,0,0,0,0],"split_type":[0,0,0,0,0,0,0,0,0],"sum_hessian":[9E0,4E0,5E0,2E0,2E0,1E0,4E0,1E0,3E0],"tree_param":{"num_deleted":"0","num_feature":"2","num_nodes":"9","size_leaf_vector":"1"}},{"base_weights":[-2.1183777E-1,-6.5512037E0,5.1062737E0,-8.136045E-1,-2.7826282E-1,4.2028047E-2,5.9594166E-1],"categories":[],"categories_nodes":[],"categories_segments":[],"categories_sizes":[],"default_left":[0,0,0,0,0,0,0],"id":11,"left_children":[1,3,5,-1,-1,-1,-1],"loss_changes":[3.7058676E2,7.2233887E0,2.14823E1,0E0,0E0,0E0,0E0],"parents":[2147483647,0,0,1,1,2,2],"right_children":[2,4,6,-1,-1,-1,-1],"split_conditions":[6.0090137E-1,4.027821E-1,6.999963E-1,-8.136045E-1,-2.7826282E-1,4.2028047E-2,5.9594166E-1],"split_indices":[0,0,0,0,0,0,0],"split_type":[0,0,0,0,0,0,0],"sum_hessian":[9E0,4E0,5E0,2E0,2E0,1E0,4E0],"tree_param":{"num_deleted":"0","num_feature":"2","num_nodes":"7","size_leaf_vector":"1"}},{"base_weights":[-2.360445E-1,-6.114457E0,4.7019734E0,-7.593642E-1,-2.5971195E-1,1.3128592E0,6.0683155E-1,3.9926626E-2,1.5700226E-1],"categories":[],"categories_nodes":[],"categories_segments":[],"categories_sizes":[],"default_left":[0,0,0,0,0,0,0,0,0],"id":12,"left_children":[1,3,5,-1,-1,7,-1,-1,-1],"loss_changes":[3.1902707E2,6.2923584E0,1.9817276E1,0E0,0E0,7.797098E-2,0E0,0E0,0E0],"parents":[2147483647,0,0,1,1,2,2,5,5],"right_children":[2,4,6,-1,-1,8,-1,-1,-1],"split_conditions":[6.0090137E-1,4.027821E-1,8.050041E-1,-7.593642E-1,-2.5971195E-1,6.999963E-1,6.0683155E-1,3.9926626E-2,1.5700226E-1],"split_indices":[0,0,0,0,0,0,0,0,0],"split_type":[0,0,0,0,0,0,0,0,0],"sum_hessian":[9E0,4E0,5E0,2E0,2E0,2E0,3E0,1E0,1E0],"tree_param":{"num_deleted":"0","num_feature":"2","num_nodes":"9","size_leaf_vector":"1"}},{"base_weights":[-2.3397121E-1,-5.706826E0,4.3657365E0,-6.4114445E-1,-1.4441776E-1,1.2472166E0,5.613193E-1,3.79303E-2,1.4915219E-1],"categories":[],"categories_nodes":[],"categories_segments":[],"categories_sizes":[],"default_left":[0,0,0,0,0,0,0,0,0],"id":13,"left_children":[1,3,5,-1,-1,7,-1,-1,-1],"loss_changes":[2.7664984E2,5.758423E0,1.6340424E1,0E0,0E0,7.036877E-2,0E0,0E0,0E0],"parents":[2147483647,0,0,1,1,2,2,5,5],"right_children":[2,4,6,-1,-1,8,-1,-1,-1],"split_conditions":[6.0090137E-1,5.0525403E-1,8.050041E-1,-6.4114445E-1,-1.4441776E-1,6.999963E-1,5.613193E-1,3.79303E-2,1.4915219E-1],"split_indices":[0,0,0,0,0,0,0,0,0],"split_type":[0,0,0,0,0,0,0,0,0],"sum_hessian":[9E0,4E0,5E0,3E0,1E0,2E0,3E0,1E0,1E0],"tree_param":{"num_deleted":"0","num_feature":"2","num_nodes":"9","size_leaf_vector":"1"}},{"base_weights":[-2.1428928E-1,-5.293256E0,4.053898E0,-6.6599697E-1,-2.1621239E-1,1.1848564E0,5.192205E-1,3.603382E-2,1.4169465E-1],"categories":[],"categories_nodes":[],"categories_segments":[],"categories_sizes":[],"default_left":[0,0,0,0,0,0,0,0,0],"id":14,"left_children":[1,3,5,-1,-1,7,-1,-1,-1],"loss_changes":[2.3823813E2,6.997101E0,1.3443085E1,0E0,0E0,6.350756E-2,0E0,0E0,0E0],"parents":[2147483647,0,0,1,1,2,2,5,5],"right_children":[2,4,6,-1,-1,8,-1,-1,-1],"split_conditions":[6.0090137E-1,4.027821E-1,8.050041E-1,-6.6599697E-1,-2.1621239E-1,6.999963E-1,5.192205E-1,3.603382E-2,1.4169465E-1],"split_indices":[0,0,0,0,0,0,0,0,0],"split_type":[0,0,0,0,0,0,0,0,0],"sum_hessian":[9E0,4E0,5E0,2E0,2E0,2E0,3E0,1E0,1E0],"tree_param":{"num_deleted":"0","num_feature":"2","num_nodes":"9","size_leaf_vector":"1"}},{"base_weights":[-2.1138668E-1,-4.940372E0,3.7646656E0,-6.215972E-1,-2.0179819E-1,3.423214E-2,4.3806702E-1],"categories":[],"categories_nodes":[],"categories_segments":[],"categories_sizes":[],"default_left":[0,0,0,0,0,0,0],"id":15,"left_children":[1,3,5,-1,-1,-1,-1],"loss_changes":[2.066258E2,6.095291E0,1.1149475E1,0E0,0E0,0E0,0E0],"parents":[2147483647,0,0,1,1,2,2],"right_children":[2,4,6,-1,-1,-1,-1],"split_conditions":[6.0090137E-1,4.027821E-1,6.999963E-1,-6.215972E-1,-2.0179819E-1,3.423214E-2,4.3806702E-1],"split_indices":[0,0,0,0,0,0,0],"split_type":[0,0,0,0,0,0,0],"sum_hessian":[9E0,4E0,5E0,2E0,2E0,1E0,4E0],"tree_param":{"num_deleted":"0","num_feature":"2","num_nodes":"7","size_leaf_vector":"1"}},{"base_weights":[-2.253584E-1,-4.6110144E0,3.4669144E0,-5.8015734E-1,-1.8834502E-1,9.681804E-2,4.4742367E-1],"categories":[],"categories_nodes":[],"categories_segments":[],"categories_sizes":[],"default_left":[0,0,0,0,0,0,0],"id":16,"left_children":[1,3,5,-1,-1,-1,-1],"loss_changes":[1.779164E2,5.3096466E0,1.0770309E1,0E0,0E0,0E0,0E0],"parents":[2147483647,0,0,1,1,2,2],"right_children":[2,4,6,-1,-1,-1,-1],"split_conditions":[6.0090137E-1,4.027821E-1,8.050041E-1,-5.8015734E-1,-1.8834502E-1,9.681804E-2,4.4742367E-1],"split_indices":[0,0,0,0,0,0,0],"split_type":[0,0,0,0,0,0,0],"sum_hessian":[9E0,4E0,5E0,2E0,2E0,2E0,3E0],"tree_param":{"num_deleted":"0","num_feature":"2","num_nodes":"7","size_leaf_vector":"1"}},{"base_weights":[-2.2524814E-1,-4.303613E0,3.2109308E0,-5.4148024E-1,-1.7578869E-1,9.03635E-1,4.13867E-1,2.7679538E-2,1.0786571E-1],"categories":[],"categories_nodes":[],"categories_segments":[],"categories_sizes":[],"default_left":[0,0,0,0,0,0,0,0,0],"id":17,"left_children":[1,3,5,-1,-1,7,-1,-1,-1],"loss_changes":[1.5395853E2,4.6252975E0,9.103569E0,0E0,0E0,3.0565262E-2,0E0,0E0,0E0],"parents":[2147483647,0,0,1,1,2,2,5,5],"right_children":[2,4,6,-1,-1,8,-1,-1,-1],"split_conditions":[6.0090137E-1,4.027821E-1,8.050041E-1,-5.4148024E-1,-1.7578869E-1,6.999963E-1,4.13867E-1,2.7679538E-2,1.0786571E-1],"split_indices":[0,0,0,0,0,0,0,0,0],"split_type":[0,0,0,0,0,0,0,0,0],"sum_hessian":[9E0,4E0,5E0,2E0,2E0,2E0,3E0,1E0,1E0],"tree_param":{"num_deleted":"0","num_feature":"2","num_nodes":"9","size_leaf_vector":"1"}},{"base_weights":[-2.1950912E-1,-4.0167055E0,2.9814062E0,-5.790362E-1,-2.1257015E-1,8.5845375E-1,3.828269E-1,2.6295567E-2,1.024725E-1],"categories":[],"categories_nodes":[],"categories_segments":[],"categories_sizes":[],"default_left":[0,0,0,0,0,0,0,0,0],"id":18,"left_children":[1,3,5,-1,-1,7,-1,-1,-1],"loss_changes":[1.3352048E2,4.4613724E0,7.500702E0,0E0,0E0,2.7585268E-2,0E0,0E0,0E0],"parents":[2147483647,0,0,1,1,2,2,5,5],"right_children":[2,4,6,-1,-1,8,-1,-1,-1],"split_conditions":[6.0090137E-1,2.0029885E-1,8.050041E-1,-5.790362E-1,-2.1257015E-1,6.999963E-1,3.828269E-1,2.6295567E-2,1.024725E-1],"split_indices":[0,0,0,0,0,0,0,0,0],"split_type":[0,0,0,0,0,0,0,0,0],"sum_hessian":[9E0,4E0,5E0,1E0,3E0,2E0,3E0,1E0,1E0],"tree_param":{"num_deleted":"0","num_feature":"2","num_nodes":"9","size_leaf_vector":"1"}},{"base_weights":[-2.2555971E-1,-3.7733564E0,2.7685308E0,-5.5008435E-1,-1.9662738E-1,1.1670308E0,3.9810207E-1,2.4980832E-2,1.3895021E-1],"categories":[],"categories_nodes":[],"categories_segments":[],"categories_sizes":[],"default_left":[0,0,0,0,0,0,0,0,0],"id":19,"left_children":[1,3,5,-1,-1,7,-1,-1,-1],"loss_changes":[1.166709E2,4.7923965E0,7.004841E0,0E0,0E0,4.6911383E-1,0E0,0E0,0E0],"parents":[2147483647,0,0,1,1,2,2,5,5],"right_children":[2,4,6,-1,-1,8,-1,-1,-1],"split_conditions":[6.0090137E-1,2.0029885E-1,8.980016E-1,-5.5008435E-1,-1.9662738E-1,6.999963E-1,3.9810207E-1,2.4980832E-2,1.3895021E-1],"split_indices":[0,0,0,0,0,0,0,0,0],"split_type":[0,0,0,0,0,0,0,0,0],"sum_hessian":[9E0,4E0,5E0,1E0,3E0,3E0,2E0,1E0,2E0],"tree_param":{"num_deleted":"0","num_feature":"2","num_nodes":"9","size_leaf_vector":"1"}},{"base_weights":[-2.214717E-1,-3.5453634E0,2.58535E0,-5.2258015E-1,-1.8188035E-1,1.0913105E0,3.7156194E-1,2.3731804E-2,1.2968688E-1],"categories":[],"categories_nodes":[],"categories_segments":[],"categories_sizes":[],"default_left":[0,0,0,0,0,0,0,0,0],"id":20,"left_children":[1,3,5,-1,-1,7,-1,-1,-1],"loss_changes":[1.0246173E2,5.002178E0,6.0771103E0,0E0,0E0,3.9441013E-1,0E0,0E0,0E0],"parents":[2147483647,0,0,1,1,2,2,5,5],"right_children":[2,4,6,-1,-1,8,-1,-1,-1],"split_conditions":[6.0090137E-1,2.0029885E-1,8.980016E-1,-5.2258015E-1,-1.8188035E-1,6.999963E-1,3.7156194E-1,2.3731804E-2,1.2968688E-1],"split_indices":[0,0,0,0,0,0,0,0,0],"split_type":[0,0,0,0,0,0,0,0,0],"sum_hessian":[9E0,4E0,5E0,1E0,3E0,3E0,2E0,1E0,2E0],"tree_param":{"num_deleted":"0","num_feature":"2","num_nodes":"9","size_leaf_vector":"1"}},{"base_weights":[-2.1727285E-1,-3.331719E0,2.4143112E0,-4.9645114E-1,-1.6823931E-1,1.0205336E0,3.467911E-1,2.2545243E-2,1.2104098E-1],"categories":[],"categories_nodes":[],"categories_segments":[],"categories_sizes":[],"default_left":[0,0,0,0,0,0,0,0,0],"id":21,"left_children":[1,3,5,-1,-1,7,-1,-1,-1],"loss_changes":[9.000307E1,5.112774E0,5.271782E0,0E0,0E0,3.3097792E-1,0E0,0E0,0E0],"parents":[2147483647,0,0,1,1,2,2,5,5],"right_children":[2,4,6,-1,-1,8,-1,-1,-1],"split_conditions":[6.0090137E-1,2.0029885E-1,8.980016E-1,-4.9645114E-1,-1.6823931E-1,6.999963E-1,3.467911E-1,2.2545243E-2,1.2104098E-1],"split_indices":[0,0,0,0,0,0,0,0,0],"split_type":[0,0,0,0,0,0,0,0,0],"sum_hessian":[9E0,4E0,5E0,1E0,3E0,3E0,2E0,1E0,2E0],"tree_param":{"num_deleted":"0","num_feature":"2","num_nodes":"9","size_leaf_vector":"1"}},{"base_weights":[-2.1297646E-1,-3.131485E0,2.25461E0,-4.7162858E-1,-1.5562133E-1,9.543772E-1,3.2367173E-1,2.1418E-2,1.12971626E-1],"categories":[],"categories_nodes":[],"categories_segments":[],"categories_sizes":[],"default_left":[0,0,0,0,0,0,0,0,0],"id":22,"left_children":[1,3,5,-1,-1,7,-1,-1,-1],"loss_changes":[7.9076996E1,5.142914E0,4.5727634E0,0E0,0E0,2.7717924E-1,0E0,0E0,0E0],"parents":[2147483647,0,0,1,1,2,2,5,5],"right_children":[2,4,6,-1,-1,8,-1,-1,-1],"split_conditions":[6.0090137E-1,2.0029885E-1,8.980016E-1,-4.7162858E-1,-1.5562133E-1,6.999963E-1,3.2367173E-1,2.1418E-2,1.12971626E-1],"split_indices":[0,0,0,0,0,0,0,0,0],"split_type":[0,0,0,0,0,0,0,0,0],"sum_hessian":[9E0,4E0,5E0,1E0,3E0,3E0,2E0,1E0,2E0],"tree_param":{"num_deleted":"0","num_feature":"2","num_nodes":"9","size_leaf_vector":"1"}},{"base_weights":[-2.0859823E-1,-2.9437869E0,2.1054919E0,-4.4804716E-1,-1.4394978E-1,8.9253664E-1,3.020935E-1,2.0347118E-2,1.0544014E-1],"categories":[],"categories_nodes":[],"categories_segments":[],"categories_sizes":[],"default_left":[0,0,0,0,0,0,0,0,0],"id":23,"left_children":[1,3,5,-1,-1,7,-1,-1,-1],"loss_changes":[6.949284E1,5.1084633E0,3.966053E0,0E0,0E0,2.3160124E-1,0E0,0E0,0E0],"parents":[2147483647,0,0,1,1,2,2,5,5],"right_children":[2,4,6,-1,-1,8,-1,-1,-1],"split_conditions":[6.0090137E-1,2.0029885E-1,8.980016E-1,-4.4804716E-1,-1.4394978E-1,6.999963E-1,3.020935E-1,2.0347118E-2,1.0544014E-1],"split_indices":[0,0,0,0,0,0,0,0,0],"split_type":[0,0,0,0,0,0,0,0,0],"sum_hessian":[9E0,4E0,5E0,1E0,3E0,3E0,2E0,1E0,2E0],"tree_param":{"num_deleted":"0","num_feature":"2","num_nodes":"9","size_leaf_vector":"1"}},{"base_weights":[-2.0414972E-1,-2.7678075E0,1.9662567E0,-4.256448E-1,-1.3315356E-1,8.347306E-1,2.8195393E-1,1.932974E-2,9.841093E-2],"categories":[],"categories_nodes":[],"categories_segments":[],"categories_sizes":[],"default_left":[0,0,0,0,0,0,0,0,0],"id":24,"left_children":[1,3,5,-1,-1,7,-1,-1,-1],"loss_changes":[6.1084015E1,5.02285E0,3.4395123E0,0E0,0E0,1.930399E-1,0E0,0E0,0E0],"parents":[2147483647,0,0,1,1,2,2,5,5],"right_children":[2,4,6,-1,-1,8,-1,-1,-1],"split_conditions":[6.0090137E-1,2.0029885E-1,8.980016E-1,-4.256448E-1,-1.3315356E-1,6.999963E-1,2.8195393E-1,1.932974E-2,9.841093E-2],"split_indices":[0,0,0,0,0,0,0,0,0],"split_type":[0,0,0,0,0,0,0,0,0],"sum_hessian":[9E0,4E0,5E0,1E0,3E0,3E0,2E0,1E0,2E0],"tree_param":{"num_deleted":"0","num_feature":"2","num_nodes":"9","size_leaf_vector":"1"}},{"base_weights":[-1.9964543E-1,-2.6027863E0,1.8362461E0,-4.0436253E-1,-1.23167016E-1,7.806926E-1,2.631569E-1,1.8363286E-2,9.1850154E-2],"categories":[],"categories_nodes":[],"categories_segments":[],"categories_sizes":[],"default_left":[0,0,0,0,0,0,0,0,0],"id":25,"left_children":[1,3,5,-1,-1,7,-1,-1,-1],"loss_changes":[5.37047E1,4.897377E0,2.9825878E0,0E0,0E0,1.6045356E-1,0E0,0E0,0E0],"parents":[2147483647,0,0,1,1,2,2,5,5],"right_children":[2,4,6,-1,-1,8,-1,-1,-1],"split_conditions":[6.0090137E-1,2.0029885E-1,8.980016E-1,-4.0436253E-1,-1.23167016E-1,6.999963E-1,2.631569E-1,1.8363286E-2,9.1850154E-2],"split_indices":[0,0,0,0,0,0,0,0,0],"split_type":[0,0,0,0,0,0,0,0,0],"sum_hessian":[9E0,4E0,5E0,1E0,3E0,3E0,2E0,1E0,2E0],"tree_param":{"num_deleted":"0","num_feature":"2","num_nodes":"9","size_leaf_vector":"1"}},{"base_weights":[-1.9509688E-1,-2.4480135E0,1.7148498E0,-3.316134E-1,-7.6388866E-2,7.3017645E-1,2.456131E-1,1.7445087E-2,8.5726805E-2],"categories":[],"categories_nodes":[],"categories_segments":[],"categories_sizes":[],"default_left":[0,0,0,0,0,0,0,0,0],"id":26,"left_children":[1,3,5,-1,-1,7,-1,-1,-1],"loss_changes":[4.722748E1,4.7769585E0,2.586111E0,0E0,0E0,1.3296103E-1,0E0,0E0,0E0],"parents":[2147483647,0,0,1,1,2,2,5,5],"right_children":[2,4,6,-1,-1,8,-1,-1,-1],"split_conditions":[6.0090137E-1,4.027821E-1,8.980016E-1,-3.316134E-1,-7.6388866E-2,6.999963E-1,2.456131E-1,1.7445087E-2,8.5726805E-2],"split_indices":[0,0,0,0,0,0,0,0,0],"split_type":[0,0,0,0,0,0,0,0,0],"sum_hessian":[9E0,4E0,5E0,2E0,2E0,3E0,2E0,1E0,2E0],"tree_param":{"num_deleted":"0","num_feature":"2","num_nodes":"9","size_leaf_vector":"1"}},{"base_weights":[-1.8150893E-1,-2.2848125E0,1.6014954E0,-3.6756372E-1,-1.0181968E0,6.8295145E-1,2.292389E-1,-1.167531E-1,-2.8509712E-2,1.6572857E-2,8.001163E-2],"categories":[],"categories_nodes":[],"categories_segments":[],"categories_sizes":[],"default_left":[0,0,0,0,0,0,0,0,0,0,0],"id":27,"left_children":[1,3,5,-1,7,9,-1,-1,-1,-1,-1],"loss_changes":[4.1161106E1,5.0656815E0,2.2421055E0,0E0,1.050477E-1,1.0979915E-1,0E0,0E0,0E0,0E0,0E0],"parents":[2147483647,0,0,1,1,2,2,4,4,5,5],"right_children":[2,4,6,-1,8,10,-1,-1,-1,-1,-1],"split_conditions":[6.0090137E-1,2.0029885E-1,8.980016E-1,-3.6756372E-1,5.0525403E-1,6.999963E-1,2.292389E-1,-1.167531E-1,-2.8509712E-2,1.6572857E-2,8.001163E-2],"split_indices":[0,0,0,0,0,0,0,0,0,0,0],"split_type":[0,0,0,0,0,0,0,0,0,0,0],"sum_hessian":[9E0,4E0,5E0,1E0,3E0,3E0,2E0,2E0,1E0,1E0,2E0],"tree_param":{"num_deleted":"0","num_feature":"2","num_nodes":"11","size_leaf_vector":"1"}},{"base_weights":[-1.8205905E-1,-2.1588964E0,1.4956487E0,-3.4918556E-1,-9.52693E-1,6.388016E-1,2.1395619E-1,-1.0896956E-1,-2.7084256E-2,1.574421E-2,7.46774E-2],"categories":[],"categories_nodes":[],"categories_segments":[],"categories_sizes":[],"default_left":[0,0,0,0,0,0,0,0,0,0,0],"id":28,"left_children":[1,3,5,-1,7,9,-1,-1,-1,-1,-1],"loss_changes":[3.639451E1,4.712431E0,1.943656E0,0E0,7.852507E-2,9.032047E-2,0E0,0E0,0E0,0E0,0E0],"parents":[2147483647,0,0,1,1,2,2,4,4,5,5],"right_children":[2,4,6,-1,8,10,-1,-1,-1,-1,-1],"split_conditions":[6.0090137E-1,2.0029885E-1,8.980016E-1,-3.4918556E-1,5.0525403E-1,6.999963E-1,2.1395619E-1,-1.0896956E-1,-2.7084256E-2,1.574421E-2,7.46774E-2],"split_indices":[0,0,0,0,0,0,0,0,0,0,0],"split_type":[0,0,0,0,0,0,0,0,0,0,0],"sum_hessian":[9E0,4E0,5E0,1E0,3E0,3E0,2E0,2E0,1E0,1E0,2E0],"tree_param":{"num_deleted":"0","num_feature":"2","num_nodes":"11","size_leaf_vector":"1"}},{"base_weights":[-1.8193884E-1,-2.0400548E0,1.3968143E0,-3.3172628E-1,-8.914373E-1,5.975275E-1,1.9969253E-1,-1.0170495E-1,-2.5730038E-2,1.4957047E-2,6.9698974E-2],"categories":[],"categories_nodes":[],"categories_segments":[],"categories_sizes":[],"default_left":[0,0,0,0,0,0,0,0,0,0,0],"id":29,"left_children":[1,3,5,-1,7,9,-1,-1,-1,-1,-1],"loss_changes":[3.2184647E1,4.377985E0,1.6847467E0,0E0,5.693388E-2,7.39702E-2,0E0,0E0,0E0,0E0,0E0],"parents":[2147483647,0,0,1,1,2,2,4,4,5,5],"right_children":[2,4,6,-1,8,10,-1,-1,-1,-1,-1],"split_conditions":[6.0090137E-1,2.0029885E-1,8.980016E-1,-3.3172628E-1,5.0525403E-1,6.999963E-1,1.9969253E-1,-1.0170495E-1,-2.5730038E-2,1.4957047E-2,6.9698974E-2],"split_indices":[0,0,0,0,0,0,0,0,0,0,0],"split_type":[0,0,0,0,0,0,0,0,0,0,0],"sum_hessian":[9E0,4E0,5E0,1E0,3E0,3E0,2E0,2E0,1E0,1E0,2E0],"tree_param":{"num_deleted":"0","num_feature":"2","num_nodes":"11","size_leaf_vector":"1"}},{"base_weights":[-1.8122597E-1,-1.9278816E0,1.3045248E0,-3.1513998E-1,-8.341522E-1,5.58939E-1,1.8637976E-1,-9.4924614E-2,-2.4443531E-2,1.42091755E-2,6.505241E-2],"categories":[],"categories_nodes":[],"categories_segments":[],"categories_sizes":[],"default_left":[0,0,0,0,0,0,0,0,0,0,0],"id":30,"left_children":[1,3,5,-1,7,9,-1,-1,-1,-1,-1],"loss_changes":[2.8465918E1,4.0622406E0,1.460166E0,0E0,3.946209E-2,6.0274005E-2,0E0,0E0,0E0,0E0,0E0],"parents":[2147483647,0,0,1,1,2,2,4,4,5,5],"right_children":[2,4,6,-1,8,10,-1,-1,-1,-1,-1],"split_conditions":[6.0090137E-1,2.0029885E-1,8.980016E-1,-3.1513998E-1,5.0525403E-1,6.999963E-1,1.8637976E-1,-9.4924614E-2,-2.4443531E-2,1.42091755E-2,6.505241E-2],"split_indices":[0,0,0,0,0,0,0,0,0,0,0],"split_type":[0,0,0,0,0,0,0,0,0,0,0],"sum_hessian":[9E0,4E0,5E0,1E0,3E0,3E0,2E0,2E0,1E0,1E0,2E0],"tree_param":{"num_deleted":"0","num_feature":"2","num_nodes":"11","size_leaf_vector":"1"}},{"base_weights":[-1.7998981E-1,-1.8219951E0,1.2183462E0,-2.9938298E-1,-7.805791E-1,3.4781013E-2,1.5666619E-1,-8.859628E-2,-2.3221398E-2],"categories":[],"categories_nodes":[],"categories_segments":[],"categories_sizes":[],"default_left":[0,0,0,0,0,0,0,0,0],"id":31,"left_children":[1,3,5,-1,7,-1,-1,-1,-1],"loss_changes":[2.5180574E1,3.7649155E0,1.2744274E0,0E0,2.5422096E-2,0E0,0E0,0E0,0E0],"parents":[2147483647,0,0,1,1,2,2,4,4],"right_children":[2,4,6,-1,8,-1,-1,-1,-1],"split_conditions":[6.0090137E-1,2.0029885E-1,8.050041E-1,-2.9938298E-1,5.0525403E-1,3.4781013E-2,1.5666619E-1,-8.859628E-2,-2.3221398E-2],"split_indices":[0,0,0,0,0,0,0,0,0],"split_type":[0,0,0,0,0,0,0,0,0],"sum_hessian":[9E0,4E0,5E0,1E0,3E0,2E0,3E0,2E0,1E0],"tree_param":{"num_deleted":"0","num_feature":"2","num_nodes":"9","size_leaf_vector":"1"}},{"base_weights":[-1.8396607E-1,-1.7220356E0,1.1284195E0,-2.844138E-1,-7.304754E-1,4.6630335E-1,1.6351013E-1,-8.268986E-2,-2.20603E-2,1.1759663E-2,5.4334003E-2],"categories":[],"categories_nodes":[],"categories_segments":[],"categories_sizes":[],"default_left":[0,0,0,0,0,0,0,0,0,0,0],"id":32,"left_children":[1,3,5,-1,7,9,-1,-1,-1,-1,-1],"loss_changes":[2.2128582E1,3.48559E0,1.2504406E0,0E0,1.4237642E-2,4.3557882E-2,0E0,0E0,0E0,0E0,0E0],"parents":[2147483647,0,0,1,1,2,2,4,4,5,5],"right_children":[2,4,6,-1,8,10,-1,-1,-1,-1,-1],"split_conditions":[6.0090137E-1,2.0029885E-1,8.980016E-1,-2.844138E-1,5.0525403E-1,6.999963E-1,1.6351013E-1,-8.268986E-2,-2.20603E-2,1.1759663E-2,5.4334003E-2],"split_indices":[0,0,0,0,0,0,0,0,0,0,0],"split_type":[0,0,0,0,0,0,0,0,0,0,0],"sum_hessian":[9E0,4E0,5E0,1E0,3E0,3E0,2E0,2E0,1E0,1E0,2E0],"tree_param":{"num_deleted":"0","num_feature":"2","num_nodes":"11","size_leaf_vector":"1"}},{"base_weights":[-1.8152499E-1,-1.6276648E0,1.0538458E0,-2.7019313E-1,-6.8361545E-1,4.3619728E-1,1.5260951E-1,-7.717721E-2,-2.095728E-2,1.1171723E-2,5.071182E-2],"categories":[],"categories_nodes":[],"categories_segments":[],"categories_sizes":[],"default_left":[0,0,0,0,0,0,0,0,0,0,0],"id":33,"left_children":[1,3,5,-1,7,9,-1,-1,-1,-1,-1],"loss_changes":[1.9580496E1,3.2237196E0,1.0844254E0,0E0,5.4175854E-3,3.539592E-2,0E0,0E0,0E0,0E0,0E0],"parents":[2147483647,0,0,1,1,2,2,4,4,5,5],"right_children":[2,4,6,-1,8,10,-1,-1,-1,-1,-1],"split_conditions":[6.0090137E-1,2.0029885E-1,8.980016E-1,-2.7019313E-1,5.0525403E-1,6.999963E-1,1.5260951E-1,-7.717721E-2,-2.095728E-2,1.1171723E-2,5.071182E-2],"split_indices":[0,0,0,0,0,0,0,0,0,0,0],"split_type":[0,0,0,0,0,0,0,0,0,0,0],"sum_hessian":[9E0,4E0,5E0,1E0,3E0,3E0,2E0,2E0,1E0,1E0,2E0],"tree_param":{"num_deleted":"0","num_feature":"2","num_nodes":"11","size_leaf_vector":"1"}},{"base_weights":[-1.7875628E-1,-1.5385638E0,9.8420936E-1,-2.5668347E-1,-6.397875E-2,4.0804815E-1,1.4243546E-1,1.0613156E-2,4.7330987E-2],"categories":[],"categories_nodes":[],"categories_segments":[],"categories_sizes":[],"default_left":[0,0,0,0,0,0,0,0,0],"id":34,"left_children":[1,3,5,-1,-1,7,-1,-1,-1],"loss_changes":[1.7328363E1,2.9786987E0,9.4036245E-1,0E0,0E0,2.8581262E-2,0E0,0E0,0E0],"parents":[2147483647,0,0,1,1,2,2,5,5],"right_children":[2,4,6,-1,-1,8,-1,-1,-1],"split_conditions":[6.0090137E-1,2.0029885E-1,8.980016E-1,-2.5668347E-1,-6.397875E-2,6.999963E-1,1.4243546E-1,1.0613156E-2,4.7330987E-2],"split_indices":[0,0,0,0,0,0,0,0,0],"split_type":[0,0,0,0,0,0,0,0,0],"sum_hessian":[9E0,4E0,5E0,1E0,3E0,3E0,2E0,1E0,2E0],"tree_param":{"num_deleted":"0","num_feature":"2","num_nodes":"9","size_leaf_vector":"1"}},{"base_weights":[-1.7290959E-1,-1.7274977E0,7.4012786E-1,-2.438493E-1,-6.776683E-2,-4.4186275E-2,1.0626907E0,-1.6710473E-2,1.0082531E-2,4.417547E-2,1.3293967E-1],"categories":[],"categories_nodes":[],"categories_segments":[],"categories_sizes":[],"default_left":[0,0,0,0,0,0,0,0,0,0,0],"id":35,"left_children":[1,3,5,-1,-1,7,9,-1,-1,-1,-1],"loss_changes":[1.5472541E1,1.3332052E0,1.8178909E0,0E0,0E0,7.032218E-2,2.4076939E-1,0E0,0E0,0E0,0E0],"parents":[2147483647,0,0,1,1,2,2,5,5,6,6],"right_children":[2,4,6,-1,-1,8,10,-1,-1,-1,-1],"split_conditions":[5.0525403E-1,2.0029885E-1,6.999963E-1,-2.438493E-1,-6.776683E-2,6.0090137E-1,8.980016E-1,-1.6710473E-2,1.0082531E-2,4.417547E-2,1.3293967E-1],"split_indices":[0,0,0,0,0,0,0,0,0,0,0],"split_type":[0,0,0,0,0,0,0,0,0,0,0],"sum_hessian":[9E0,3E0,6E0,1E0,2E0,2E0,4E0,1E0,1E0,2E0,2E0],"tree_param":{"num_deleted":"0","num_feature":"2","num_nodes":"11","size_leaf_vector":"1"}},{"base_weights":[-1.6973105E-1,-1.632652E0,6.904711E-1,-2.3165683E-1,-6.3249044E-2,-4.197693E-2,9.918457E-1,-1.5874958E-2,9.578419E-3,4.1230522E-2,1.240771E-1],"categories":[],"categories_nodes":[],"categories_segments":[],"categories_sizes":[],"default_left":[0,0,0,0,0,0,0,0,0,0,0],"id":36,"left_children":[1,3,5,-1,-1,7,9,-1,-1,-1,-1],"loss_changes":[1.3711377E1,1.2708998E0,1.5868237E0,0E0,0E0,6.346589E-2,2.0973492E-1,0E0,0E0,0E0,0E0],"parents":[2147483647,0,0,1,1,2,2,5,5,6,6],"right_children":[2,4,6,-1,-1,8,10,-1,-1,-1,-1],"split_conditions":[5.0525403E-1,2.0029885E-1,6.999963E-1,-2.3165683E-1,-6.3249044E-2,6.0090137E-1,8.980016E-1,-1.5874958E-2,9.578419E-3,4.1230522E-2,1.240771E-1],"split_indices":[0,0,0,0,0,0,0,0,0,0,0],"split_type":[0,0,0,0,0,0,0,0,0,0,0],"sum_hessian":[9E0,3E0,6E0,1E0,2E0,2E0,4E0,1E0,1E0,2E0,2E0],"tree_param":{"num_deleted":"0","num_feature":"2","num_nodes":"11","size_leaf_vector":"1"}},{"base_weights":[-1.6634712E-1,-1.5431132E0,6.4414024E-1,-2.2007398E-1,-5.903244E-2,9.53145E-2,1.031931E-1,-1.5081215E-2,2.2762744E-2],"categories":[],"categories_nodes":[],"categories_segments":[],"categories_sizes":[],"default_left":[0,0,0,0,0,0,0,0,0],"id":37,"left_children":[1,3,5,-1,-1,7,-1,-1,-1],"loss_changes":[1.2152497E1,1.2071667E0,1.3914485E0,0E0,0E0,1.6459194E-1,0E0,0E0,0E0],"parents":[2147483647,0,0,1,1,2,2,5,5],"right_children":[2,4,6,-1,-1,8,-1,-1,-1],"split_conditions":[5.0525403E-1,2.0029885E-1,8.050041E-1,-2.2007398E-1,-5.903244E-2,6.0090137E-1,1.031931E-1,-1.5081215E-2,2.2762744E-2],"split_indices":[0,0,0,0,0,0,0,0,0],"split_type":[0,0,0,0,0,0,0,0,0],"sum_hessian":[9E0,3E0,6E0,1E0,2E0,3E0,3E0,1E0,2E0],"tree_param":{"num_deleted":"0","num_feature":"2","num_nodes":"9","size_leaf_vector":"1"}},{"base_weights":[-1.6653495E-1,-1.4585785E0,5.9556633E-1,-2.0907028E-1,-5.5096943E-2,1.8023758E-1,1.0892588E-1,-1.4327145E-2,2.969327E-1,7.961369E-3,3.4283448E-2],"categories":[],"categories_nodes":[],"categories_segments":[],"categories_sizes":[],"default_left":[0,0,0,0,0,0,0,0,0,0,0],"id":38,"left_children":[1,3,5,-1,-1,7,-1,-1,9,-1,-1],"loss_changes":[1.0715361E1,1.142973E0,1.2389872E0,0E0,0E0,2.3130158E-1,0E0,0E0,1.2607008E-2,0E0,0E0],"parents":[2147483647,0,0,1,1,2,2,5,5,8,8],"right_children":[2,4,6,-1,-1,8,-1,-1,10,-1,-1],"split_conditions":[5.0525403E-1,2.0029885E-1,8.980016E-1,-2.0907028E-1,-5.5096943E-2,6.0090137E-1,1.0892588E-1,-1.4327145E-2,6.999963E-1,7.961369E-3,3.4283448E-2],"split_indices":[0,0,0,0,0,0,0,0,0,0,0],"split_type":[0,0,0,0,0,0,0,0,0,0,0],"sum_hessian":[9E0,3E0,6E0,1E0,2E0,4E0,2E0,1E0,3E0,1E0,2E0],"tree_param":{"num_deleted":"0","num_feature":"2","num_nodes":"11","size_leaf_vector":"1"}},{"base_weights":[-1.6261335E-1,-1.3787624E0,5.5555946E-1,-1.9861677E-1,-5.1423807E-2,1.6779785E-1,1.0166422E-1,-1.3610745E-2,2.7780104E-1,7.563305E-3,3.1997934E-2],"categories":[],"categories_nodes":[],"categories_segments":[],"categories_sizes":[],"default_left":[0,0,0,0,0,0,0,0,0,0,0],"id":39,"left_children":[1,3,5,-1,-1,7,-1,-1,9,-1,-1],"loss_changes":[9.500035E0,1.079104E0,1.0809412E0,0E0,0E0,2.0496356E-1,0E0,0E0,9.907395E-3,0E0,0E0],"parents":[2147483647,0,0,1,1,2,2,5,5,8,8],"right_children":[2,4,6,-1,-1,8,-1,-1,10,-1,-1],"split_conditions":[5.0525403E-1,2.0029885E-1,8.980016E-1,-1.9861677E-1,-5.1423807E-2,6.0090137E-1,1.0166422E-1,-1.3610745E-2,6.999963E-1,7.563305E-3,3.1997934E-2],"split_indices":[0,0,0,0,0,0,0,0,0,0,0],"split_type":[0,0,0,0,0,0,0,0,0,0,0],"sum_hessian":[9E0,3E0,6E0,1E0,2E0,4E0,2E0,1E0,3E0,1E0,2E0],"tree_param":{"num_deleted":"0","num_feature":"2","num_nodes":"11","size_leaf_vector":"1"}},{"base_weights":[-1.5859468E-1,-1.3033962E0,5.1823395E-1,-1.8868594E-1,-4.7995534E-2,1.5620843E-1,9.488653E-2,-1.2930202E-2,2.5991154E-1,7.185173E-3,2.9864756E-2],"categories":[],"categories_nodes":[],"categories_segments":[],"categories_sizes":[],"default_left":[0,0,0,0,0,0,0,0,0,0,0],"id":40,"left_children":[1,3,5,-1,-1,7,-1,-1,9,-1,-1],"loss_changes":[8.423808E0,1.0161815E0,9.43076E-1,0E0,0E0,1.8164869E-1,0E0,0E0,7.680416E-3,0E0,0E0],"parents":[2147483647,0,0,1,1,2,2,5,5,8,8],"right_children":[2,4,6,-1,-1,8,-1,-1,10,-1,-1],"split_conditions":[5.0525403E-1,2.0029885E-1,8.980016E-1,-1.8868594E-1,-4.7995534E-2,6.0090137E-1,9.488653E-2,-1.2930202E-2,6.999963E-1,7.185173E-3,2.9864756E-2],"split_indices":[0,0,0,0,0,0,0,0,0,0,0],"split_type":[0,0,0,0,0,0,0,0,0,0,0],"sum_hessian":[9E0,3E0,6E0,1E0,2E0,4E0,2E0,1E0,3E0,1E0,2E0],"tree_param":{"num_deleted":"0","num_feature":"2","num_nodes":"11","size_leaf_vector":"1"}},{"base_weights":[-1.5450299E-1,-1.2322271E0,4.8341125E-1,-1.7925164E-1,-4.4795863E-2,1.454113E-1,8.8560745E-2,-1.2283707E-2,2.4318266E-1,6.825924E-3,2.787374E-2],"categories":[],"categories_nodes":[],"categories_segments":[],"categories_sizes":[],"default_left":[0,0,0,0,0,0,0,0,0,0,0],"id":41,"left_children":[1,3,5,-1,-1,7,-1,-1,9,-1,-1],"loss_changes":[7.4706283E0,9.546957E-1,8.2281864E-1,0E0,0E0,1.6100688E-1,0E0,0E0,5.8510154E-3,0E0,0E0],"parents":[2147483647,0,0,1,1,2,2,5,5,8,8],"right_children":[2,4,6,-1,-1,8,-1,-1,10,-1,-1],"split_conditions":[5.0525403E-1,2.0029885E-1,8.980016E-1,-1.7925164E-1,-4.4795863E-2,6.0090137E-1,8.8560745E-2,-1.2283707E-2,6.999963E-1,6.825924E-3,2.787374E-2],"split_indices":[0,0,0,0,0,0,0,0,0,0,0],"split_type":[0,0,0,0,0,0,0,0,0,0,0],"sum_hessian":[9E0,3E0,6E0,1E0,2E0,4E0,2E0,1E0,3E0,1E0,2E0],"tree_param":{"num_deleted":"0","num_feature":"2","num_nodes":"11","size_leaf_vector":"1"}},{"base_weights":[-1.5036014E-1,-1.1650162E0,4.5092338E-1,-1.7028905E-1,-4.1809466E-2,1.3535309E-1,8.265661E-2,-1.1669541E-2,2.2753906E-1,6.484604E-3,2.6015474E-2],"categories":[],"categories_nodes":[],"categories_segments":[],"categories_sizes":[],"default_left":[0,0,0,0,0,0,0,0,0,0,0],"id":42,"left_children":[1,3,5,-1,-1,7,-1,-1,9,-1,-1],"loss_changes":[6.6262927E0,8.9503E-1,7.1791327E-1,0E0,0E0,1.4272943E-1,0E0,0E0,4.355356E-3,0E0,0E0],"parents":[2147483647,0,0,1,1,2,2,5,5,8,8],"right_children":[2,4,6,-1,-1,8,-1,-1,10,-1,-1],"split_conditions":[5.0525403E-1,2.0029885E-1,8.980016E-1,-1.7028905E-1,-4.1809466E-2,6.0090137E-1,8.265661E-2,-1.1669541E-2,6.999963E-1,6.484604E-3,2.6015474E-2],"split_indices":[0,0,0,0,0,0,0,0,0,0,0],"split_type":[0,0,0,0,0,0,0,0,0,0,0],"sum_hessian":[9E0,3E0,6E0,1E0,2E0,4E0,2E0,1E0,3E0,1E0,2E0],"tree_param":{"num_deleted":"0","num_feature":"2","num_nodes":"11","size_leaf_vector":"1"}},{"base_weights":[-1.461856E-1,-1.3344756E0,3.1769633E-1,-1.617746E-1,-3.8396742E-2,-1.2531137E-1,6.0856324E-1,-2.0815087E-2,6.1603547E-3,2.4281057E-2,7.714615E-2],"categories":[],"categories_nodes":[],"categories_segments":[],"categories_sizes":[],"default_left":[0,0,0,0,0,0,0,0,0,0,0],"id":43,"left_children":[1,3,5,-1,-1,7,9,-1,-1,-1,-1],"loss_changes":[5.936221E0,1.8659067E-1,1.10711E0,0E0,0E0,7.4758574E-2,1.10583425E-1,0E0,0E0,0E0,0E0],"parents":[2147483647,0,0,1,1,2,2,5,5,6,6],"right_children":[2,4,6,-1,-1,8,10,-1,-1,-1,-1],"split_conditions":[4.027821E-1,2.0029885E-1,6.999963E-1,-1.617746E-1,-3.8396742E-2,6.0090137E-1,8.980016E-1,-2.0815087E-2,6.1603547E-3,2.4281057E-2,7.714615E-2],"split_indices":[0,0,0,0,0,0,0,0,0,0,0],"split_type":[0,0,0,0,0,0,0,0,0,0,0],"sum_hessian":[9E0,2E0,7E0,1E0,1E0,3E0,4E0,2E0,1E0,2E0,2E0],"tree_param":{"num_deleted":"0","num_feature":"2","num_nodes":"11","size_leaf_vector":"1"}},{"base_weights":[-1.4290659E-1,-1.2677518E0,2.9677367E-1,-1.5368587E-1,-3.64769E-2,-1.1644411E-1,5.6799316E-1,-1.9427426E-2,5.852318E-3,2.2662355E-2,7.200318E-2],"categories":[],"categories_nodes":[],"categories_segments":[],"categories_sizes":[],"default_left":[0,0,0,0,0,0,0,0,0,0,0],"id":44,"left_children":[1,3,5,-1,-1,7,9,-1,-1,-1,-1],"loss_changes":[5.3219576E0,1.6839838E-1,9.627212E-1,0E0,0E0,6.584048E-2,9.633052E-2,0E0,0E0,0E0,0E0],"parents":[2147483647,0,0,1,1,2,2,5,5,6,6],"right_children":[2,4,6,-1,-1,8,10,-1,-1,-1,-1],"split_conditions":[4.027821E-1,2.0029885E-1,6.999963E-1,-1.5368587E-1,-3.64769E-2,6.0090137E-1,8.980016E-1,-1.9427426E-2,5.852318E-3,2.2662355E-2,7.200318E-2],"split_indices":[0,0,0,0,0,0,0,0,0,0,0],"split_type":[0,0,0,0,0,0,0,0,0,0,0],"sum_hessian":[9E0,2E0,7E0,1E0,1E0,3E0,4E0,2E0,1E0,2E0,2E0],"tree_param":{"num_deleted":"0","num_feature":"2","num_nodes":"11","size_leaf_vector":"1"}},{"base_weights":[-1.3952294E-1,-1.2043642E0,2.772329E-1,-1.4600158E-1,-3.4653045E-2,-1.0819292E-1,5.301269E-1,-1.813221E-2,5.559731E-3,2.115148E-2,6.7203015E-2],"categories":[],"categories_nodes":[],"categories_segments":[],"categories_sizes":[],"default_left":[0,0,0,0,0,0,0,0,0,0,0],"id":45,"left_children":[1,3,5,-1,-1,7,9,-1,-1,-1,-1],"loss_changes":[4.7716775E0,1.5197992E-1,8.3713114E-1,0E0,0E0,5.79924E-2,8.391607E-2,0E0,0E0,0E0,0E0],"parents":[2147483647,0,0,1,1,2,2,5,5,6,6],"right_children":[2,4,6,-1,-1,8,10,-1,-1,-1,-1],"split_conditions":[4.027821E-1,2.0029885E-1,6.999963E-1,-1.4600158E-1,-3.4653045E-2,6.0090137E-1,8.980016E-1,-1.813221E-2,5.559731E-3,2.115148E-2,6.7203015E-2],"split_indices":[0,0,0,0,0,0,0,0,0,0,0],"split_type":[0,0,0,0,0,0,0,0,0,0,0],"sum_hessian":[9E0,2E0,7E0,1E0,1E0,3E0,4E0,2E0,1E0,2E0,2E0],"tree_param":{"num_deleted":"0","num_feature":"2","num_nodes":"11","size_leaf_vector":"1"}},{"base_weights":[-1.3605845E-1,-1.1441461E0,2.589817E-1,-1.387015E-1,-3.292041E-2,-1.0051727E-1,4.9478453E-1,-1.692346E-2,5.2817347E-3,1.9741314E-2,6.272278E-2],"categories":[],"categories_nodes":[],"categories_segments":[],"categories_sizes":[],"default_left":[0,0,0,0,0,0,0,0,0,0,0],"id":46,"left_children":[1,3,5,-1,-1,7,9,-1,-1,-1,-1],"loss_changes":[4.2786636E0,1.371615E-1,7.279015E-1,0E0,0E0,5.10855E-2,7.310116E-2,0E0,0E0,0E0,0E0],"parents":[2147483647,0,0,1,1,2,2,5,5,6,6],"right_children":[2,4,6,-1,-1,8,10,-1,-1,-1,-1],"split_conditions":[4.027821E-1,2.0029885E-1,6.999963E-1,-1.387015E-1,-3.292041E-2,6.0090137E-1,8.980016E-1,-1.692346E-2,5.2817347E-3,1.9741314E-2,6.272278E-2],"split_indices":[0,0,0,0,0,0,0,0,0,0,0],"split_type":[0,0,0,0,0,0,0,0,0,0,0],"sum_hessian":[9E0,2E0,7E0,1E0,1E0,3E0,4E0,2E0,1E0,2E0,2E0],"tree_param":{"num_deleted":"0","num_feature":"2","num_nodes":"11","size_leaf_vector":"1"}},{"base_weights":[-1.3253205E-1,-1.0869386E0,2.4193692E-1,-1.3176642E-1,-3.1274367E-2,-9.337568E-2,4.6179962E-1,-1.57952E-2,5.017662E-3,1.8425243E-2,5.8541365E-2],"categories":[],"categories_nodes":[],"categories_segments":[],"categories_sizes":[],"default_left":[0,0,0,0,0,0,0,0,0,0,0],"id":47,"left_children":[1,3,5,-1,-1,7,9,-1,-1,-1,-1],"loss_changes":[3.8369272E0,1.23788595E-1,6.3290274E-1,0E0,0E0,4.5005813E-2,6.3679695E-2,0E0,0E0,0E0,0E0],"parents":[2147483647,0,0,1,1,2,2,5,5,6,6],"right_children":[2,4,6,-1,-1,8,10,-1,-1,-1,-1],"split_conditions":[4.027821E-1,2.0029885E-1,6.999963E-1,-1.3176642E-1,-3.1274367E-2,6.0090137E-1,8.980016E-1,-1.57952E-2,5.017662E-3,1.8425243E-2,5.8541365E-2],"split_indices":[0,0,0,0,0,0,0,0,0,0,0],"split_type":[0,0,0,0,0,0,0,0,0,0,0],"sum_hessian":[9E0,2E0,7E0,1E0,1E0,3E0,4E0,2E0,1E0,2E0,2E0],"tree_param":{"num_deleted":"0","num_feature":"2","num_nodes":"11","size_leaf_vector":"1"}},{"base_weights":[-1.2896387E-1,-1.0325916E0,2.26017E-1,-1.2517811E-1,-2.9710626E-2,-8.6732864E-2,4.310135E-1,-1.4742215E-2,4.7667506E-3,1.719691E-2,5.4638673E-2],"categories":[],"categories_nodes":[],"categories_segments":[],"categories_sizes":[],"default_left":[0,0,0,0,0,0,0,0,0,0,0],"id":48,"left_children":[1,3,5,-1,-1,7,9,-1,-1,-1,-1],"loss_changes":[3.441089E0,1.1171985E-1,5.50284E-1,0E0,0E0,3.9653897E-2,5.5472255E-2,0E0,0E0,0E0,0E0],"parents":[2147483647,0,0,1,1,2,2,5,5,6,6],"right_children":[2,4,6,-1,-1,8,10,-1,-1,-1,-1],"split_conditions":[4.027821E-1,2.0029885E-1,6.999963E-1,-1.2517811E-1,-2.9710626E-2,6.0090137E-1,8.980016E-1,-1.4742215E-2,4.7667506E-3,1.719691E-2,5.4638673E-2],"split_indices":[0,0,0,0,0,0,0,0,0,0,0],"split_type":[0,0,0,0,0,0,0,0,0,0,0],"sum_hessian":[9E0,2E0,7E0,1E0,1E0,3E0,4E0,2E0,1E0,2E0,2E0],"tree_param":{"num_deleted":"0","num_feature":"2","num_nodes":"11","size_leaf_vector":"1"}},{"base_weights":[-1.2537017E-1,-9.80962E-1,2.1114802E-1,-1.1891921E-1,-2.8225088E-2,-8.055353E-2,4.0227968E-1,-1.3759422E-2,4.528427E-3,1.6050465E-2,5.0996143E-2],"categories":[],"categories_nodes":[],"categories_segments":[],"categories_sizes":[],"default_left":[0,0,0,0,0,0,0,0,0,0,0],"id":49,"left_children":[1,3,5,-1,-1,7,9,-1,-1,-1,-1],"loss_changes":[3.0863502E0,1.00827694E-1,4.784322E-1,0E0,0E0,3.494236E-2,4.8322678E-2,0E0,0E0,0E0,0E0],"parents":[2147483647,0,0,1,1,2,2,5,5,6,6],"right_children":[2,4,6,-1,-1,8,10,-1,-1,-1,-1],"split_conditions":[4.027821E-1,2.0029885E-1,6.999963E-1,-1.1891921E-1,-2.8225088E-2,6.0090137E-1,8.980016E-1,-1.3759422E-2,4.528427E-3,1.6050465E-2,5.0996143E-2],"split_indices":[0,0,0,0,0,0,0,0,0,0,0],"split_type":[0,0,0,0,0,0,0,0,0,0,0],"sum_hessian":[9E0,2E0,7E0,1E0,1E0,3E0,4E0,2E0,1E0,2E0,2E0],"tree_param":{"num_deleted":"0","num_feature":"2","num_nodes":"11","size_leaf_vector":"1"}},{"base_weights":[-1.2176607E-1,-9.319139E-1,1.9726014E-1,-1.1297325E-1,-2.681384E-2,-7.480574E-2,3.754608E-1,-1.2842114E-2,4.302025E-3,1.4980316E-2,4.759649E-2],"categories":[],"categories_nodes":[],"categories_segments":[],"categories_sizes":[],"default_left":[0,0,0,0,0,0,0,0,0,0,0],"id":50,"left_children":[1,3,5,-1,-1,7,9,-1,-1,-1,-1],"loss_changes":[2.7684135E0,9.099674E-2,4.159452E-1,0E0,0E0,3.079386E-2,4.2096496E-2,0E0,0E0,0E0,0E0],"parents":[2147483647,0,0,1,1,2,2,5,5,6,6],"right_children":[2,4,6,-1,-1,8,10,-1,-1,-1,-1],"split_conditions":[4.027821E-1,2.0029885E-1,6.999963E-1,-1.1297325E-1,-2.681384E-2,6.0090137E-1,8.980016E-1,-1.2842114E-2,4.302025E-3,1.4980316E-2,4.759649E-2],"split_indices":[0,0,0,0,0,0,0,0,0,0,0],"split_type":[0,0,0,0,0,0,0,0,0,0,0],"sum_hessian":[9E0,2E0,7E0,1E0,1E0,3E0,4E0,2E0,1E0,2E0,2E0],"tree_param":{"num_deleted":"0","num_feature":"2","num_nodes":"11","size_leaf_vector":"1"}},{"base_weights":[-1.1816452E-1,-8.8531834E-1,1.8428874E-1,-1.0732459E-1,-2.5473166E-2,-6.946039E-2,3.504303E-1,-1.198597E-2,4.086876E-3,1.3981628E-2,4.4423424E-2],"categories":[],"categories_nodes":[],"categories_segments":[],"categories_sizes":[],"default_left":[0,0,0,0,0,0,0,0,0,0,0],"id":51,"left_children":[1,3,5,-1,-1,7,9,-1,-1,-1,-1],"loss_changes":[2.483436E0,8.212423E-2,3.616072E-1,0E0,0E0,2.714057E-2,3.6670983E-2,0E0,0E0,0E0,0E0],"parents":[2147483647,0,0,1,1,2,2,5,5,6,6],"right_children":[2,4,6,-1,-1,8,10,-1,-1,-1,-1],"split_conditions":[4.027821E-1,2.0029885E-1,6.999963E-1,-1.0732459E-1,-2.5473166E-2,6.0090137E-1,8.980016E-1,-1.198597E-2,4.086876E-3,1.3981628E-2,4.4423424E-2],"split_indices":[0,0,0,0,0,0,0,0,0,0,0],"split_type":[0,0,0,0,0,0,0,0,0,0,0],"sum_hessian":[9E0,2E0,7E0,1E0,1E0,3E0,4E0,2E0,1E0,2E0,2E0],"tree_param":{"num_deleted":"0","num_feature":"2","num_nodes":"11","size_leaf_vector":"1"}},{"base_weights":[-1.1457689E-1,-8.410523E-1,1.721735E-1,-1.0195836E-1,-2.4199486E-2,-6.4489365E-2,3.270691E-1,-1.1186918E-2,3.8825036E-3,1.3049572E-2,4.1461945E-2],"categories":[],"categories_nodes":[],"categories_segments":[],"categories_sizes":[],"default_left":[0,0,0,0,0,0,0,0,0,0,0],"id":52,"left_children":[1,3,5,-1,-1,7,9,-1,-1,-1,-1],"loss_changes":[2.2279778E0,7.411766E-2,3.143568E-1,0E0,0E0,2.3923391E-2,3.1944215E-2,0E0,0E0,0E0,0E0],"parents":[2147483647,0,0,1,1,2,2,5,5,6,6],"right_children":[2,4,6,-1,-1,8,10,-1,-1,-1,-1],"split_conditions":[4.027821E-1,2.0029885E-1,6.999963E-1,-1.0195836E-1,-2.4199486E-2,6.0090137E-1,8.980016E-1,-1.1186918E-2,3.8825036E-3,1.3049572E-2,4.1461945E-2],"split_indices":[0,0,0,0,0,0,0,0,0,0,0],"split_type":[0,0,0,0,0,0,0,0,0,0,0],"sum_hessian":[9E0,2E0,7E0,1E0,1E0,3E0,4E0,2E0,1E0,2E0,2E0],"tree_param":{"num_deleted":"0","num_feature":"2","num_nodes":"11","size_leaf_vector":"1"}},{"base_weights":[-1.1101452E-1,-7.9899967E-1,1.6085672E-1,-9.686044E-2,-2.2989511E-2,-5.9866905E-2,3.052643E-1,-1.04411446E-1,3.6883354E-3,1.2179566E-2,3.8697816E-2,-1.235609E-2,-3.3056259E-3],"categories":[],"categories_nodes":[],"categories_segments":[],"categories_sizes":[],"default_left":[0,0,0,0,0,0,0,0,0,0,0,0,0],"id":53,"left_children":[1,3,5,-1,-1,7,9,11,-1,-1,-1,-1,-1],"loss_changes":[1.9989582E0,6.6891074E-2,2.7326852E-1,0E0,0E0,2.1089824E-2,2.7827412E-2,1.4781952E-5,0E0,0E0,0E0,0E0,0E0],"parents":[2147483647,0,0,1,1,2,2,5,5,6,6,7,7],"right_children":[2,4,6,-1,-1,8,10,12,-1,-1,-1,-1,-1],"split_conditions":[4.027821E-1,2.0029885E-1,6.999963E-1,-9.686044E-2,-2.2989511E-2,6.0090137E-1,8.980016E-1,5.0525403E-1,3.6883354E-3,1.2179566E-2,3.8697816E-2,-1.235609E-2,-3.3056259E-3],"split_indices":[0,0,0,0,0,0,0,0,0,0,0,0,0],"split_type":[0,0,0,0,0,0,0,0,0,0,0,0,0],"sum_hessian":[9E0,2E0,7E0,1E0,1E0,3E0,4E0,2E0,1E0,2E0,2E0,1E0,1E0],"tree_param":{"num_deleted":"0","num_feature":"2","num_nodes":"13","size_leaf_vector":"1"}},{"base_weights":[-1.0800763E-1,-7.590498E-1,1.4963412E-1,-9.201742E-2,-2.1840049E-2,-5.68738E-2,2.8491363E-1,-9.919103E-2,3.503895E-3,1.1367544E-2,3.6118064E-2,-1.17383E-2,-3.1403543E-3],"categories":[],"categories_nodes":[],"categories_segments":[],"categories_sizes":[],"default_left":[0,0,0,0,0,0,0,0,0,0,0,0,0],"id":54,"left_children":[1,3,5,-1,-1,7,9,11,-1,-1,-1,-1,-1],"loss_changes":[1.7909361E0,6.0368896E-2,2.3969443E-1,0E0,0E0,1.903352E-2,2.4241775E-2,1.3323501E-5,0E0,0E0,0E0,0E0,0E0],"parents":[2147483647,0,0,1,1,2,2,5,5,6,6,7,7],"right_children":[2,4,6,-1,-1,8,10,12,-1,-1,-1,-1,-1],"split_conditions":[4.027821E-1,2.0029885E-1,6.999963E-1,-9.201742E-2,-2.1840049E-2,6.0090137E-1,8.980016E-1,5.0525403E-1,3.503895E-3,1.1367544E-2,3.6118064E-2,-1.17383E-2,-3.1403543E-3],"split_indices":[0,0,0,0,0,0,0,0,0,0,0,0,0],"split_type":[0,0,0,0,0,0,0,0,0,0,0,0,0],"sum_hessian":[9E0,2E0,7E0,1E0,1E0,3E0,4E0,2E0,1E0,2E0,2E0,1E0,1E0],"tree_param":{"num_deleted":"0","num_feature":"2","num_nodes":"13","size_leaf_vector":"1"}},{"base_weights":[-1.049816E-1,-7.210973E-1,1.3918447E-1,-8.741655E-2,-2.0748043E-2,-1.8619537E-2,3.0164337E-2,-9.4231926E-2,6.3199364E-3,-1.115141E-2,-2.9833794E-3],"categories":[],"categories_nodes":[],"categories_segments":[],"categories_sizes":[],"default_left":[0,0,0,0,0,0,0,0,0,0,0],"id":55,"left_children":[1,3,5,-1,-1,7,-1,9,-1,-1,-1],"loss_changes":[1.6047109E0,5.4483056E-2,2.1070978E-1,0E0,0E0,3.688801E-2,0E0,1.19283795E-5,0E0,0E0,0E0],"parents":[2147483647,0,0,1,1,2,2,5,5,7,7],"right_children":[2,4,6,-1,-1,8,-1,10,-1,-1,-1],"split_conditions":[4.027821E-1,2.0029885E-1,8.050041E-1,-8.741655E-2,-2.0748043E-2,6.0090137E-1,3.0164337E-2,5.0525403E-1,6.3199364E-3,-1.115141E-2,-2.9833794E-3],"split_indices":[0,0,0,0,0,0,0,0,0,0,0],"split_type":[0,0,0,0,0,0,0,0,0,0,0],"sum_hessian":[9E0,2E0,7E0,1E0,1E0,4E0,3E0,2E0,2E0,1E0,1E0],"tree_param":{"num_deleted":"0","num_feature":"2","num_nodes":"11","size_leaf_vector":"1"}},{"base_weights":[-1.0306444E-1,-6.850424E-1,1.2806034E-1,-8.304572E-2,-1.9710636E-2,-5.207634E-2,2.4655762E-1,-8.9520134E-2,3.0127526E-3,9.393564E-3,3.169937E-2,-1.0593796E-2,-2.8342248E-3],"categories":[],"categories_nodes":[],"categories_segments":[],"categories_sizes":[],"default_left":[0,0,0,0,0,0,0,0,0,0,0,0,0],"id":56,"left_children":[1,3,5,-1,-1,7,9,11,-1,-1,-1,-1,-1],"loss_changes":[1.4328221E0,4.917097E-2,1.8360546E-1,0E0,0E0,1.500912E-2,2.3973465E-2,1.0700896E-5,0E0,0E0,0E0,0E0,0E0],"parents":[2147483647,0,0,1,1,2,2,5,5,6,6,7,7],"right_children":[2,4,6,-1,-1,8,10,12,-1,-1,-1,-1,-1],"split_conditions":[4.027821E-1,2.0029885E-1,6.999963E-1,-8.304572E-2,-1.9710636E-2,6.0090137E-1,8.980016E-1,5.0525403E-1,3.0127526E-3,9.393564E-3,3.169937E-2,-1.0593796E-2,-2.8342248E-3],"split_indices":[0,0,0,0,0,0,0,0,0,0,0,0,0],"split_type":[0,0,0,0,0,0,0,0,0,0,0,0,0],"sum_hessian":[9E0,2E0,7E0,1E0,1E0,3E0,4E0,2E0,1E0,2E0,2E0,1E0,1E0],"tree_param":{"num_deleted":"0","num_feature":"2","num_nodes":"13","size_leaf_vector":"1"}},{"base_weights":[-9.996579E-2,-6.507903E-1,1.1908913E-1,-7.889344E-2,-1.872511E-2,-4.947281E-2,2.3012085E-1,-8.504423E-2,2.862072E-3,1.1420346E-2,3.4689523E-2,-1.0064125E-2,-2.6925087E-3],"categories":[],"categories_nodes":[],"categories_segments":[],"categories_sizes":[],"default_left":[0,0,0,0,0,0,0,0,0,0,0,0,0],"id":57,"left_children":[1,3,5,-1,-1,7,9,11,-1,-1,-1,-1,-1],"loss_changes":[1.2841102E0,4.437673E-2,1.6111049E-1,0E0,0E0,1.35456165E-2,2.806428E-2,9.6820295E-6,0E0,0E0,0E0,0E0,0E0],"parents":[2147483647,0,0,1,1,2,2,5,5,6,6,7,7],"right_children":[2,4,6,-1,-1,8,10,12,-1,-1,-1,-1,-1],"split_conditions":[4.027821E-1,2.0029885E-1,6.999963E-1,-7.889344E-2,-1.872511E-2,6.0090137E-1,1E0,5.0525403E-1,2.862072E-3,1.1420346E-2,3.4689523E-2,-1.0064125E-2,-2.6925087E-3],"split_indices":[0,0,0,0,0,0,0,0,0,0,0,0,0],"split_type":[0,0,0,0,0,0,0,0,0,0,0,0,0],"sum_hessian":[9E0,2E0,7E0,1E0,1E0,3E0,4E0,2E0,1E0,3E0,1E0,1E0,1E0],"tree_param":{"num_deleted":"0","num_feature":"2","num_nodes":"13","size_leaf_vector":"1"}},{"base_weights":[-9.611001E-2,-6.1825067E-1,1.11706495E-1,-7.4948765E-2,-1.778884E-2,-1.8421555E-2,2.4643993E-1,-8.079211E-2,5.008952E-3,1.0888672E-2,3.295498E-2,-9.560967E-3,-2.55785E-3],"categories":[],"categories_nodes":[],"categories_segments":[],"categories_sizes":[],"default_left":[0,0,0,0,0,0,0,0,0,0,0,0,0],"id":58,"left_children":[1,3,5,-1,-1,7,9,11,-1,-1,-1,-1,-1],"loss_changes":[1.154157E0,4.005027E-2,1.448006E-1,0E0,0E0,2.5412206E-2,9.844512E-3,8.840114E-6,0E0,0E0,0E0,0E0,0E0],"parents":[2147483647,0,0,1,1,2,2,5,5,6,6,7,7],"right_children":[2,4,6,-1,-1,8,10,12,-1,-1,-1,-1,-1],"split_conditions":[4.027821E-1,2.0029885E-1,8.050041E-1,-7.4948765E-2,-1.778884E-2,6.0090137E-1,1E0,5.0525403E-1,5.008952E-3,1.0888672E-2,3.295498E-2,-9.560967E-3,-2.55785E-3],"split_indices":[0,0,0,0,0,0,0,0,0,0,0,0,0],"split_type":[0,0,0,0,0,0,0,0,0,0,0,0,0],"sum_hessian":[9E0,2E0,7E0,1E0,1E0,4E0,3E0,2E0,2E0,2E0,1E0,1E0,1E0],"tree_param":{"num_deleted":"0","num_feature":"2","num_nodes":"13","size_leaf_vector":"1"}},{"base_weights":[-9.2098996E-2,-5.8733815E-1,1.0512805E-1,-7.1201324E-2,-1.6899396E-2,-1.8001175E-2,2.3275757E-1,-7.675234E-2,4.6750386E-3,1.0162863E-2,3.130722E-2,-9.08289E-3,-2.4299622E-3],"categories":[],"categories_nodes":[],"categories_segments":[],"categories_sizes":[],"default_left":[0,0,0,0,0,0,0,0,0,0,0,0,0],"id":59,"left_children":[1,3,5,-1,-1,7,9,11,-1,-1,-1,-1,-1],"loss_changes":[1.0384911E0,3.614545E-2,1.299093E-1,0E0,0E0,2.2609353E-2,1.0309204E-2,7.951632E-6,0E0,0E0,0E0,0E0,0E0],"parents":[2147483647,0,0,1,1,2,2,5,5,6,6,7,7],"right_children":[2,4,6,-1,-1,8,10,12,-1,-1,-1,-1,-1],"split_conditions":[4.027821E-1,2.0029885E-1,8.050041E-1,-7.1201324E-2,-1.6899396E-2,6.0090137E-1,1E0,5.0525403E-1,4.6750386E-3,1.0162863E-2,3.130722E-2,-9.08289E-3,-2.4299622E-3],"split_indices":[0,0,0,0,0,0,0,0,0,0,0,0,0],"split_type":[0,0,0,0,0,0,0,0,0,0,0,0,0],"sum_hessian":[9E0,2E0,7E0,1E0,1E0,4E0,3E0,2E0,2E0,2E0,1E0,1E0,1E0],"tree_param":{"num_deleted":"0","num_feature":"2","num_nodes":"13","size_leaf_vector":"1"}},{"base_weights":[-8.823605E-2,-5.579713E-1,9.894419E-2,-6.764126E-2,-1.605444E-2,-1.756897E-2,2.1984959E-1,-7.291476E-2,4.3633147E-3,9.485372E-3,2.9741859E-2,-8.62875E-3,-2.3084641E-3],"categories":[],"categories_nodes":[],"categories_segments":[],"categories_sizes":[],"default_left":[0,0,0,0,0,0,0,0,0,0,0,0,0],"id":60,"left_children":[1,3,5,-1,-1,7,9,11,-1,-1,-1,-1,-1],"loss_changes":[9.344596E-1,3.2621026E-2,1.16559096E-1,0E0,0E0,2.0117898E-2,1.0571957E-2,7.1786344E-6,0E0,0E0,0E0,0E0,0E0],"parents":[2147483647,0,0,1,1,2,2,5,5,6,6,7,7],"right_children":[2,4,6,-1,-1,8,10,12,-1,-1,-1,-1,-1],"split_conditions":[4.027821E-1,2.0029885E-1,8.050041E-1,-6.764126E-2,-1.605444E-2,6.0090137E-1,1E0,5.0525403E-1,4.3633147E-3,9.485372E-3,2.9741859E-2,-8.62875E-3,-2.3084641E-3],"split_indices":[0,0,0,0,0,0,0,0,0,0,0,0,0],"split_type":[0,0,0,0,0,0,0,0,0,0,0,0,0],"sum_hessian":[9E0,2E0,7E0,1E0,1E0,4E0,3E0,2E0,2E0,2E0,1E0,1E0,1E0],"tree_param":{"num_deleted":"0","num_feature":"2","num_nodes":"13","size_leaf_vector":"1"}},{"base_weights":[-8.451738E-2,-5.3007287E-1,9.313059E-2,-6.4259194E-2,-1.5251732E-2,-1.7127227E-2,2.0767021E-1,-6.926918E-2,4.0723803E-3,8.852895E-3,2.82547E-2,-8.197308E-3,-2.1930696E-3],"categories":[],"categories_nodes":[],"categories_segments":[],"categories_sizes":[],"default_left":[0,0,0,0,0,0,0,0,0,0,0,0,0],"id":61,"left_children":[1,3,5,-1,-1,7,9,11,-1,-1,-1,-1,-1],"loss_changes":[8.4088624E-1,2.9440224E-2,1.0458793E-1,0E0,0E0,1.7903233E-2,1.0670066E-2,6.4224005E-6,0E0,0E0,0E0,0E0,0E0],"parents":[2147483647,0,0,1,1,2,2,5,5,6,6,7,7],"right_children":[2,4,6,-1,-1,8,10,12,-1,-1,-1,-1,-1],"split_conditions":[4.027821E-1,2.0029885E-1,8.050041E-1,-6.4259194E-2,-1.5251732E-2,6.0090137E-1,1E0,5.0525403E-1,4.0723803E-3,8.852895E-3,2.82547E-2,-8.197308E-3,-2.1930696E-3],"split_indices":[0,0,0,0,0,0,0,0,0,0,0,0,0],"split_type":[0,0,0,0,0,0,0,0,0,0,0,0,0],"sum_hessian":[9E0,2E0,7E0,1E0,1E0,4E0,3E0,2E0,2E0,2E0,1E0,1E0,1E0],"tree_param":{"num_deleted":"0","num_feature":"2","num_nodes":"13","size_leaf_vector":"1"}},{"base_weights":[-8.0938086E-2,-5.0356907E-1,8.76658E-2,-6.104624E-2,-1.4489126E-2,-1.6678238E-2,1.9617939E-1,-6.5805435E-2,3.8008373E-3,8.262634E-3,2.6841927E-2,-7.7874186E-3,-2.083397E-3],"categories":[],"categories_nodes":[],"categories_segments":[],"categories_sizes":[],"default_left":[0,0,0,0,0,0,0,0,0,0,0,0,0],"id":62,"left_children":[1,3,5,-1,-1,7,9,11,-1,-1,-1,-1,-1],"loss_changes":[7.5671804E-1,2.6570082E-2,9.385389E-2,0E0,0E0,1.5934156E-2,1.0633722E-2,5.8189034E-6,0E0,0E0,0E0,0E0,0E0],"parents":[2147483647,0,0,1,1,2,2,5,5,6,6,7,7],"right_children":[2,4,6,-1,-1,8,10,12,-1,-1,-1,-1,-1],"split_conditions":[4.027821E-1,2.0029885E-1,8.050041E-1,-6.104624E-2,-1.4489126E-2,6.0090137E-1,1E0,5.0525403E-1,3.8008373E-3,8.262634E-3,2.6841927E-2,-7.7874186E-3,-2.083397E-3],"split_indices":[0,0,0,0,0,0,0,0,0,0,0,0,0],"split_type":[0,0,0,0,0,0,0,0,0,0,0,0,0],"sum_hessian":[9E0,2E0,7E0,1E0,1E0,4E0,3E0,2E0,2E0,2E0,1E0,1E0,1E0],"tree_param":{"num_deleted":"0","num_feature":"2","num_nodes":"13","size_leaf_vector":"1"}},{"base_weights":[-7.749412E-2,-4.783906E-1,8.252883E-2,-5.7993926E-2,-1.3764667E-2,-3.8772106E-2,1.6306381E-1,-6.251526E-2,1.6228677E-3,7.633019E-3,2.5499916E-2,-7.398033E-3,-1.9792558E-3],"categories":[],"categories_nodes":[],"categories_segments":[],"categories_sizes":[],"default_left":[0,0,0,0,0,0,0,0,0,0,0,0,0],"id":63,"left_children":[1,3,5,-1,-1,7,9,11,-1,-1,-1,-1,-1],"loss_changes":[6.810074E-1,2.3979545E-2,8.447407E-2,0E0,0E0,6.2381085E-3,2.0405307E-2,5.19678E-6,0E0,0E0,0E0,0E0,0E0],"parents":[2147483647,0,0,1,1,2,2,5,5,6,6,7,7],"right_children":[2,4,6,-1,-1,8,10,12,-1,-1,-1,-1,-1],"split_conditions":[4.027821E-1,2.0029885E-1,6.999963E-1,-5.7993926E-2,-1.3764667E-2,6.0090137E-1,1E0,5.0525403E-1,1.6228677E-3,7.633019E-3,2.5499916E-2,-7.398033E-3,-1.9792558E-3],"split_indices":[0,0,0,0,0,0,0,0,0,0,0,0,0],"split_type":[0,0,0,0,0,0,0,0,0,0,0,0,0],"sum_hessian":[9E0,2E0,7E0,1E0,1E0,3E0,4E0,2E0,1E0,3E0,1E0,1E0,1E0],"tree_param":{"num_deleted":"0","num_feature":"2","num_nodes":"13","size_leaf_vector":"1"}},{"base_weights":[-7.438286E-2,-4.544712E-1,7.744813E-2,-5.509423E-2,-1.3076449E-2,1.3341904E-3,2.0385997E-1,-5.9389114E-2,4.654312E-3,6.3541415E-3,2.4224853E-2,-7.028103E-3,-1.8802643E-3],"categories":[],"categories_nodes":[],"categories_segments":[],"categories_sizes":[],"default_left":[0,0,0,0,0,0,0,0,0,0,0,0,0],"id":64,"left_children":[1,3,5,-1,-1,7,9,11,-1,-1,-1,-1,-1],"loss_changes":[6.1228985E-1,2.1641374E-2,7.6701626E-2,0E0,0E0,1.9235568E-2,7.670745E-4,4.7245994E-6,0E0,0E0,0E0,0E0,0E0],"parents":[2147483647,0,0,1,1,2,2,5,5,6,6,7,7],"right_children":[2,4,6,-1,-1,8,10,12,-1,-1,-1,-1,-1],"split_conditions":[4.027821E-1,2.0029885E-1,8.980016E-1,-5.509423E-2,-1.3076449E-2,6.0090137E-1,1E0,5.0525403E-1,4.654312E-3,6.3541415E-3,2.4224853E-2,-7.028103E-3,-1.8802643E-3],"split_indices":[0,0,0,0,0,0,0,0,0,0,0,0,0],"split_type":[0,0,0,0,0,0,0,0,0,0,0,0,0],"sum_hessian":[9E0,2E0,7E0,1E0,1E0,5E0,2E0,2E0,3E0,1E0,1E0,1E0,1E0],"tree_param":{"num_deleted":"0","num_feature":"2","num_nodes":"13","size_leaf_vector":"1"}},{"base_weights":[-7.112887E-2,-4.3174753E-1,7.299423E-2,-5.233952E-2,-1.2422609E-2,4.9209595E-4,1.936671E-1,-5.6419373E-2,4.3052673E-2,6.036377E-3,2.3013687E-2,-6.676674E-3,-1.786232E-3,1.3090133E-3,4.867681E-3],"categories":[],"categories_nodes":[],"categories_segments":[],"categories_sizes":[],"default_left":[0,0,0,0,0,0,0,0,0,0,0,0,0,0,0],"id":65,"left_children":[1,3,5,-1,-1,7,9,11,13,-1,-1,-1,-1,-1,-1],"loss_changes":[5.5124986E-1,1.9531488E-2,6.9897026E-2,0E0,0E0,1.6962115E-2,6.926954E-4,4.282221E-6,3.6868267E-5,0E0,0E0,0E0,0E0,0E0,0E0],"parents":[2147483647,0,0,1,1,2,2,5,5,6,6,7,7,8,8],"right_children":[2,4,6,-1,-1,8,10,12,14,-1,-1,-1,-1,-1,-1],"split_conditions":[4.027821E-1,2.0029885E-1,8.980016E-1,-5.233952E-2,-1.2422609E-2,6.0090137E-1,1E0,5.0525403E-1,6.999963E-1,6.036377E-3,2.3013687E-2,-6.676674E-3,-1.786232E-3,1.3090133E-3,4.867681E-3],"split_indices":[0,0,0,0,0,0,0,0,0,0,0,0,0,0,0],"split_type":[0,0,0,0,0,0,0,0,0,0,0,0,0,0,0],"sum_hessian":[9E0,2E0,7E0,1E0,1E0,5E0,2E0,2E0,3E0,1E0,1E0,1E0,1E0,1E0,2E0],"tree_param":{"num_deleted":"0","num_feature":"2","num_nodes":"15","size_leaf_vector":"1"}},{"base_weights":[-6.781562E-2,-4.1016015E-1,6.904054E-2,-4.9722545E-2,-1.1801481E-2,6.198883E-5,1.8398412E-1,-5.3598404E-2,4.0291786E-2,5.7346346E-3,2.1862984E-2,-6.342888E-3,-1.6968728E-3,1.2435913E-3,4.5431773E-3],"categories":[],"categories_nodes":[],"categories_segments":[],"categories_sizes":[],"default_left":[0,0,0,0,0,0,0,0,0,0,0,0,0,0,0],"id":66,"left_children":[1,3,5,-1,-1,7,9,11,13,-1,-1,-1,-1,-1,-1],"loss_changes":[4.9683726E-1,1.762724E-2,6.3417725E-2,0E0,0E0,1.5112056E-2,6.2475353E-4,3.9534643E-6,7.729512E-6,0E0,0E0,0E0,0E0,0E0,0E0],"parents":[2147483647,0,0,1,1,2,2,5,5,6,6,7,7,8,8],"right_children":[2,4,6,-1,-1,8,10,12,14,-1,-1,-1,-1,-1,-1],"split_conditions":[4.027821E-1,2.0029885E-1,8.980016E-1,-4.9722545E-2,-1.1801481E-2,6.0090137E-1,1E0,5.0525403E-1,6.999963E-1,5.7346346E-3,2.1862984E-2,-6.342888E-3,-1.6968728E-3,1.2435913E-3,4.5431773E-3],"split_indices":[0,0,0,0,0,0,0,0,0,0,0,0,0,0,0],"split_type":[0,0,0,0,0,0,0,0,0,0,0,0,0,0,0],"sum_hessian":[9E0,2E0,7E0,1E0,1E0,5E0,2E0,2E0,3E0,1E0,1E0,1E0,1E0,1E0,2E0],"tree_param":{"num_deleted":"0","num_feature":"2","num_nodes":"15","size_leaf_vector":"1"}},{"base_weights":[-6.465162E-2,-3.8965207E-1,6.5304995E-2,-4.7236416E-2,-1.1211395E-2,-3.194809E-4,1.7478561E-1,-5.0917942E-2,3.7709237E-3,5.44796E-3,2.0769883E-2,-6.0256957E-3,-1.6119957E-3],"categories":[],"categories_nodes":[],"categories_segments":[],"categories_sizes":[],"default_left":[0,0,0,0,0,0,0,0,0,0,0,0,0],"id":67,"left_children":[1,3,5,-1,-1,7,9,11,-1,-1,-1,-1,-1],"loss_changes":[4.4780582E-1,1.5908659E-2,5.7532705E-2,0E0,0E0,1.3465244E-2,5.63629E-4,3.5972334E-6,0E0,0E0,0E0,0E0,0E0],"parents":[2147483647,0,0,1,1,2,2,5,5,6,6,7,7],"right_children":[2,4,6,-1,-1,8,10,12,-1,-1,-1,-1,-1],"split_conditions":[4.027821E-1,2.0029885E-1,8.980016E-1,-4.7236416E-2,-1.1211395E-2,6.0090137E-1,1E0,5.0525403E-1,3.7709237E-3,5.44796E-3,2.0769883E-2,-6.0256957E-3,-1.6119957E-3],"split_indices":[0,0,0,0,0,0,0,0,0,0,0,0,0],"split_type":[0,0,0,0,0,0,0,0,0,0,0,0,0],"sum_hessian":[9E0,2E0,7E0,1E0,1E0,5E0,2E0,2E0,3E0,1E0,1E0,1E0,1E0],"tree_param":{"num_deleted":"0","num_feature":"2","num_nodes":"13","size_leaf_vector":"1"}},{"base_weights":[-6.1796613E-2,-3.7016946E-1,6.1567783E-2,-4.4874594E-2,-1.0650826E-2,-9.326935E-4,1.6604614E-1,-4.837227E-2,3.488016E-2,5.1755905E-3,1.9731332E-2,-5.72443E-3,-1.5314103E-3,9.928703E-4,3.9887745E-3],"categories":[],"categories_nodes":[],"categories_segments":[],"categories_sizes":[],"default_left":[0,0,0,0,0,0,0,0,0,0,0,0,0,0,0],"id":68,"left_children":[1,3,5,-1,-1,7,9,11,13,-1,-1,-1,-1,-1,-1],"loss_changes":[4.0321282E-1,1.4357567E-2,5.2394457E-2,0E0,0E0,1.1880913E-2,5.084649E-4,3.2340176E-6,1.0375213E-4,0E0,0E0,0E0,0E0,0E0,0E0],"parents":[2147483647,0,0,1,1,2,2,5,5,6,6,7,7,8,8],"right_children":[2,4,6,-1,-1,8,10,12,14,-1,-1,-1,-1,-1,-1],"split_conditions":[4.027821E-1,2.0029885E-1,8.980016E-1,-4.4874594E-2,-1.0650826E-2,6.0090137E-1,1E0,5.0525403E-1,6.999963E-1,5.1755905E-3,1.9731332E-2,-5.72443E-3,-1.5314103E-3,9.928703E-4,3.9887745E-3],"split_indices":[0,0,0,0,0,0,0,0,0,0,0,0,0,0,0],"split_type":[0,0,0,0,0,0,0,0,0,0,0,0,0,0,0],"sum_hessian":[9E0,2E0,7E0,1E0,1E0,5E0,2E0,2E0,3E0,1E0,1E0,1E0,1E0,1E0,2E0],"tree_param":{"num_deleted":"0","num_feature":"2","num_nodes":"15","size_leaf_vector":"1"}},{"base_weights":[-5.8906555E-2,-3.5166106E-1,5.82397E-2,-4.2630862E-2,-1.0118294E-2,-1.2191137E-3,1.577441E-1,-4.595375E-2,3.2636642E-2,4.9167634E-3,1.874485E-2,-5.4382323E-3,-1.4548302E-3,9.431839E-4,3.7227632E-3],"categories":[],"categories_nodes":[],"categories_segments":[],"categories_sizes":[],"default_left":[0,0,0,0,0,0,0,0,0,0,0,0,0,0,0],"id":69,"left_children":[1,3,5,-1,-1,7,9,11,13,-1,-1,-1,-1,-1,-1],"loss_changes":[3.6343154E-1,1.2957603E-2,4.7523614E-2,0E0,0E0,1.0586926E-2,4.5920163E-4,2.9387884E-6,7.500639E-5,0E0,0E0,0E0,0E0,0E0,0E0],"parents":[2147483647,0,0,1,1,2,2,5,5,6,6,7,7,8,8],"right_children":[2,4,6,-1,-1,8,10,12,14,-1,-1,-1,-1,-1,-1],"split_conditions":[4.027821E-1,2.0029885E-1,8.980016E-1,-4.2630862E-2,-1.0118294E-2,6.0090137E-1,1E0,5.0525403E-1,6.999963E-1,4.9167634E-3,1.874485E-2,-5.4382323E-3,-1.4548302E-3,9.431839E-4,3.7227632E-3],"split_indices":[0,0,0,0,0,0,0,0,0,0,0,0,0,0,0],"split_type":[0,0,0,0,0,0,0,0,0,0,0,0,0,0,0],"sum_hessian":[9E0,2E0,7E0,1E0,1E0,5E0,2E0,2E0,3E0,1E0,1E0,1E0,1E0,1E0,2E0],"tree_param":{"num_deleted":"0","num_feature":"2","num_nodes":"15","size_leaf_vector":"1"}},{"base_weights":[-5.6147415E-2,-3.3407792E-1,5.5094957E-2,-4.0499322E-2,-9.612369E-3,-1.4683405E-3,1.4985657E-1,-4.3656033E-2,3.0539513E-2,4.6709063E-3,1.7807579E-2,-5.16634E-3,-1.3820649E-3,8.960724E-4,3.4745533E-3],"categories":[],"categories_nodes":[],"categories_segments":[],"categories_sizes":[],"default_left":[0,0,0,0,0,0,0,0,0,0,0,0,0,0,0],"id":70,"left_children":[1,3,5,-1,-1,7,9,11,13,-1,-1,-1,-1,-1,-1],"loss_changes":[3.2758254E-1,1.1694312E-2,4.3100275E-2,0E0,0E0,9.435259E-3,4.1446835E-4,2.6868656E-6,5.169818E-5,0E0,0E0,0E0,0E0,0E0,0E0],"parents":[2147483647,0,0,1,1,2,2,5,5,6,6,7,7,8,8],"right_children":[2,4,6,-1,-1,8,10,12,14,-1,-1,-1,-1,-1,-1],"split_conditions":[4.027821E-1,2.0029885E-1,8.980016E-1,-4.0499322E-2,-9.612369E-3,6.0090137E-1,1E0,5.0525403E-1,6.999963E-1,4.6709063E-3,1.7807579E-2,-5.16634E-3,-1.3820649E-3,8.960724E-4,3.4745533E-3],"split_indices":[0,0,0,0,0,0,0,0,0,0,0,0,0,0,0],"split_type":[0,0,0,0,0,0,0,0,0,0,0,0,0,0,0],"sum_hessian":[9E0,2E0,7E0,1E0,1E0,5E0,2E0,2E0,3E0,1E0,1E0,1E0,1E0,1E0,2E0],"tree_param":{"num_deleted":"0","num_feature":"2","num_nodes":"15","size_leaf_vector":"1"}},{"base_weights":[-5.3513594E-2,-3.1737414E-1,5.212331E-2,-3.8474355E-2,-9.131766E-3,-1.6845068E-3,1.423645E-1,-4.147275E-2,2.8577805E-2,4.4374466E-3,1.6917229E-2,-4.9079894E-3,-1.3129235E-3,8.5124973E-4,3.2428743E-3],"categories":[],"categories_nodes":[],"categories_segments":[],"categories_sizes":[],"default_left":[0,0,0,0,0,0,0,0,0,0,0,0,0,0,0],"id":71,"left_children":[1,3,5,-1,-1,7,9,11,13,-1,-1,-1,-1,-1,-1],"loss_changes":[2.9527667E-1,1.0554016E-2,3.9085265E-2,0E0,0E0,8.409706E-3,3.7375838E-4,2.458226E-6,3.303145E-5,0E0,0E0,0E0,0E0,0E0,0E0],"parents":[2147483647,0,0,1,1,2,2,5,5,6,6,7,7,8,8],"right_children":[2,4,6,-1,-1,8,10,12,14,-1,-1,-1,-1,-1,-1],"split_conditions":[4.027821E-1,2.0029885E-1,8.980016E-1,-3.8474355E-2,-9.131766E-3,6.0090137E-1,1E0,5.0525403E-1,6.999963E-1,4.4374466E-3,1.6917229E-2,-4.9079894E-3,-1.3129235E-3,8.5124973E-4,3.2428743E-3],"split_indices":[0,0,0,0,0,0,0,0,0,0,0,0,0,0,0],"split_type":[0,0,0,0,0,0,0,0,0,0,0,0,0,0,0],"sum_hessian":[9E0,2E0,7E0,1E0,1E0,5E0,2E0,2E0,3E0,1E0,1E0,1E0,1E0,1E0,2E0],"tree_param":{"num_deleted":"0","num_feature":"2","num_nodes":"15","size_leaf_vector":"1"}},{"base_weights":[-5.100006E-2,-3.0150554E-1,4.93145E-2,-3.6550637E-2,-8.675194E-3,-1.8704733E-3,1.3524628E-1,-3.9399464E-2,2.6743889E-2,4.215622E-3,1.607132E-2,-4.662609E-3,-1.2473107E-3,8.087158E-4,3.026708E-3],"categories":[],"categories_nodes":[],"categories_segments":[],"categories_sizes":[],"default_left":[0,0,0,0,0,0,0,0,0,0,0,0,0,0,0],"id":72,"left_children":[1,3,5,-1,-1,7,9,11,13,-1,-1,-1,-1,-1,-1],"loss_changes":[2.66162E-1,9.524852E-3,3.5440303E-2,0E0,0E0,7.4969037E-3,3.3708662E-4,2.1881424E-6,1.815008E-5,0E0,0E0,0E0,0E0,0E0,0E0],"parents":[2147483647,0,0,1,1,2,2,5,5,6,6,7,7,8,8],"right_children":[2,4,6,-1,-1,8,10,12,14,-1,-1,-1,-1,-1,-1],"split_conditions":[4.027821E-1,2.0029885E-1,8.980016E-1,-3.6550637E-2,-8.675194E-3,6.0090137E-1,1E0,5.0525403E-1,6.999963E-1,4.215622E-3,1.607132E-2,-4.662609E-3,-1.2473107E-3,8.087158E-4,3.026708E-3],"split_indices":[0,0,0,0,0,0,0,0,0,0,0,0,0,0,0],"split_type":[0,0,0,0,0,0,0,0,0,0,0,0,0,0,0],"sum_hessian":[9E0,2E0,7E0,1E0,1E0,5E0,2E0,2E0,3E0,1E0,1E0,1E0,1E0,1E0,2E0],"tree_param":{"num_deleted":"0","num_feature":"2","num_nodes":"15","size_leaf_vector":"1"}},{"base_weights":[-4.860089E-2,-2.8643012E-1,4.6660185E-2,-3.4723103E-2,-8.241415E-3,-2.0284653E-3,1.2848409E-1,-3.7429173E-2,2.5029182E-2,4.00486E-3,1.5267754E-2,-4.429436E-3,-1.1849403E-3,7.6828006E-4,2.8250376E-3],"categories":[],"categories_nodes":[],"categories_segments":[],"categories_sizes":[],"default_left":[0,0,0,0,0,0,0,0,0,0,0,0,0,0,0],"id":73,"left_children":[1,3,5,-1,-1,7,9,11,13,-1,-1,-1,-1,-1,-1],"loss_changes":[2.3992357E-1,8.596316E-3,3.213179E-2,0E0,0E0,6.683981E-3,3.0415505E-4,1.967419E-6,6.4624473E-6,0E0,0E0,0E0,0E0,0E0,0E0],"parents":[2147483647,0,0,1,1,2,2,5,5,6,6,7,7,8,8],"right_children":[2,4,6,-1,-1,8,10,12,14,-1,-1,-1,-1,-1,-1],"split_conditions":[4.027821E-1,2.0029885E-1,8.980016E-1,-3.4723103E-2,-8.241415E-3,6.0090137E-1,1E0,5.0525403E-1,6.999963E-1,4.00486E-3,1.5267754E-2,-4.429436E-3,-1.1849403E-3,7.6828006E-4,2.8250376E-3],"split_indices":[0,0,0,0,0,0,0,0,0,0,0,0,0,0,0],"split_type":[0,0,0,0,0,0,0,0,0,0,0,0,0,0,0],"sum_hessian":[9E0,2E0,7E0,1E0,1E0,5E0,2E0,2E0,3E0,1E0,1E0,1E0,1E0,1E0,2E0],"tree_param":{"num_deleted":"0","num_feature":"2","num_nodes":"15","size_leaf_vector":"1"}},{"base_weights":[-4.631247E-2,-2.7210853E-1,4.4150114E-2,-3.298695E-2,-7.829333E-3,-2.1632512E-3,1.2206014E-1,-3.5558064E-2,2.3423673E-3,3.8045885E-3,1.4504433E-2,-4.2079925E-3,-1.1257172E-3],"categories":[],"categories_nodes":[],"categories_segments":[],"categories_sizes":[],"default_left":[0,0,0,0,0,0,0,0,0,0,0,0,0],"id":74,"left_children":[1,3,5,-1,-1,7,9,11,-1,-1,-1,-1,-1],"loss_changes":[2.1627457E-1,7.7582747E-3,2.913025E-2,0E0,0E0,5.9597236E-3,2.746582E-4,1.7601997E-6,0E0,0E0,0E0,0E0,0E0],"parents":[2147483647,0,0,1,1,2,2,5,5,6,6,7,7],"right_children":[2,4,6,-1,-1,8,10,12,-1,-1,-1,-1,-1],"split_conditions":[4.027821E-1,2.0029885E-1,8.980016E-1,-3.298695E-2,-7.829333E-3,6.0090137E-1,1E0,5.0525403E-1,2.3423673E-3,3.8045885E-3,1.4504433E-2,-4.2079925E-3,-1.1257172E-3],"split_indices":[0,0,0,0,0,0,0,0,0,0,0,0,0],"split_type":[0,0,0,0,0,0,0,0,0,0,0,0,0],"sum_hessian":[9E0,2E0,7E0,1E0,1E0,5E0,2E0,2E0,3E0,1E0,1E0,1E0,1E0],"tree_param":{"num_deleted":"0","num_feature":"2","num_nodes":"13","size_leaf_vector":"1"}},{"base_weights":[-4.4230856E-2,-2.58503E-1,4.1650057E-2,-3.13376E-2,-7.437849E-3,-2.4455388E-3,1.1595789E-1,-3.3780415E-2,2.1667004E-2,3.6144257E-3,1.3779259E-2,-3.9976123E-3,-1.0694504E-3,6.1273575E-4,2.4804433E-3],"categories":[],"categories_nodes":[],"categories_segments":[],"categories_sizes":[],"default_left":[0,0,0,0,0,0,0,0,0,0,0,0,0,0,0],"id":75,"left_children":[1,3,5,-1,-1,7,9,11,13,-1,-1,-1,-1,-1,-1],"loss_changes":[1.9478554E-1,7.0019662E-3,2.6496768E-2,0E0,0E0,5.265302E-3,2.4770945E-4,1.575565E-6,4.3032574E-5,0E0,0E0,0E0,0E0,0E0,0E0],"parents":[2147483647,0,0,1,1,2,2,5,5,6,6,7,7,8,8],"right_children":[2,4,6,-1,-1,8,10,12,14,-1,-1,-1,-1,-1,-1],"split_conditions":[4.027821E-1,2.0029885E-1,8.980016E-1,-3.13376E-2,-7.437849E-3,6.0090137E-1,1E0,5.0525403E-1,6.999963E-1,3.6144257E-3,1.3779259E-2,-3.9976123E-3,-1.0694504E-3,6.1273575E-4,2.4804433E-3],"split_indices":[0,0,0,0,0,0,0,0,0,0,0,0,0,0,0],"split_type":[0,0,0,0,0,0,0,0,0,0,0,0,0,0,0],"sum_hessian":[9E0,2E0,7E0,1E0,1E0,5E0,2E0,2E0,3E0,1E0,1E0,1E0,1E0,1E0,2E0],"tree_param":{"num_deleted":"0","num_feature":"2","num_nodes":"15","size_leaf_vector":"1"}},{"base_weights":[-4.2143177E-2,-2.4557789E-1,3.9412737E-2,-2.977072E-2,-7.065964E-3,-2.529462E-3,1.1015955E-1,-3.209114E-2,2.0274162E-2,3.4336091E-3,1.3090325E-2,-3.7977218E-3,-1.0159493E-3,5.821228E-4,2.3151399E-3],"categories":[],"categories_nodes":[],"categories_segments":[],"categories_sizes":[],"default_left":[0,0,0,0,0,0,0,0,0,0,0,0,0,0,0],"id":76,"left_children":[1,3,5,-1,-1,7,9,11,13,-1,-1,-1,-1,-1,-1],"loss_changes":[1.7559195E-1,6.31921E-3,2.4016863E-2,0E0,0E0,4.6953014E-3,2.238676E-4,1.4451798E-6,3.1568343E-5,0E0,0E0,0E0,0E0,0E0,0E0],"parents":[2147483647,0,0,1,1,2,2,5,5,6,6,7,7,8,8],"right_children":[2,4,6,-1,-1,8,10,12,14,-1,-1,-1,-1,-1,-1],"split_conditions":[4.027821E-1,2.0029885E-1,8.980016E-1,-2.977072E-2,-7.065964E-3,6.0090137E-1,1E0,5.0525403E-1,6.999963E-1,3.4336091E-3,1.3090325E-2,-3.7977218E-3,-1.0159493E-3,5.821228E-4,2.3151399E-3],"split_indices":[0,0,0,0,0,0,0,0,0,0,0,0,0,0,0],"split_type":[0,0,0,0,0,0,0,0,0,0,0,0,0,0,0],"sum_hessian":[9E0,2E0,7E0,1E0,1E0,5E0,2E0,2E0,3E0,1E0,1E0,1E0,1E0,1E0,2E0],"tree_param":{"num_deleted":"0","num_feature":"2","num_nodes":"15","size_leaf_vector":"1"}},{"base_weights":[-4.0151916E-2,-2.3329906E-1,3.729725E-2,-2.8282184E-2,-6.712675E-3,-2.5959015E-3,1.0465113E-1,-3.0486425E-2,1.8970966E-2,3.2619478E-3,1.2435722E-2,-3.6078454E-3,-9.651184E-4,5.5303576E-4,2.1607717E-3],"categories":[],"categories_nodes":[],"categories_segments":[],"categories_sizes":[],"default_left":[0,0,0,0,0,0,0,0,0,0,0,0,0,0,0],"id":77,"left_children":[1,3,5,-1,-1,7,9,11,13,-1,-1,-1,-1,-1,-1],"loss_changes":[1.5829226E-1,5.703032E-3,2.1767333E-2,0E0,0E0,4.1874237E-3,2.0191818E-4,1.3341196E-6,2.2259774E-5,0E0,0E0,0E0,0E0,0E0,0E0],"parents":[2147483647,0,0,1,1,2,2,5,5,6,6,7,7,8,8],"right_children":[2,4,6,-1,-1,8,10,12,14,-1,-1,-1,-1,-1,-1],"split_conditions":[4.027821E-1,2.0029885E-1,8.980016E-1,-2.8282184E-2,-6.712675E-3,6.0090137E-1,1E0,5.0525403E-1,6.999963E-1,3.2619478E-3,1.2435722E-2,-3.6078454E-3,-9.651184E-4,5.5303576E-4,2.1607717E-3],"split_indices":[0,0,0,0,0,0,0,0,0,0,0,0,0,0,0],"split_type":[0,0,0,0,0,0,0,0,0,0,0,0,0,0,0],"sum_hessian":[9E0,2E0,7E0,1E0,1E0,5E0,2E0,2E0,3E0,1E0,1E0,1E0,1E0,1E0,2E0],"tree_param":{"num_deleted":"0","num_feature":"2","num_nodes":"15","size_leaf_vector":"1"}},{"base_weights":[-3.8251914E-2,-2.2163403E-1,3.529787E-2,-2.6868075E-2,-6.3770297E-3,-2.6454926E-3,9.941864E-2,-2.8961817E-2,1.7753124E-2,3.0988695E-3,1.18139265E-2,-3.4274103E-3,-9.168625E-4,5.253792E-4,2.0168305E-3],"categories":[],"categories_nodes":[],"categories_segments":[],"categories_sizes":[],"default_left":[0,0,0,0,0,0,0,0,0,0,0,0,0,0,0],"id":78,"left_children":[1,3,5,-1,-1,7,9,11,13,-1,-1,-1,-1,-1,-1],"loss_changes":[1.4270036E-1,5.1470697E-3,1.9726673E-2,0E0,0E0,3.7350627E-3,1.8217228E-4,1.194654E-6,1.4792546E-5,0E0,0E0,0E0,0E0,0E0,0E0],"parents":[2147483647,0,0,1,1,2,2,5,5,6,6,7,7,8,8],"right_children":[2,4,6,-1,-1,8,10,12,14,-1,-1,-1,-1,-1,-1],"split_conditions":[4.027821E-1,2.0029885E-1,8.980016E-1,-2.6868075E-2,-6.3770297E-3,6.0090137E-1,1E0,5.0525403E-1,6.999963E-1,3.0988695E-3,1.18139265E-2,-3.4274103E-3,-9.168625E-4,5.253792E-4,2.0168305E-3],"split_indices":[0,0,0,0,0,0,0,0,0,0,0,0,0,0,0],"split_type":[0,0,0,0,0,0,0,0,0,0,0,0,0,0,0],"sum_hessian":[9E0,2E0,7E0,1E0,1E0,5E0,2E0,2E0,3E0,1E0,1E0,1E0,1E0,1E0,2E0],"tree_param":{"num_deleted":"0","num_feature":"2","num_nodes":"15","size_leaf_vector":"1"}},{"base_weights":[-3.6440097E-2,-2.1055226E-1,3.3406973E-2,-2.552467E-2,-6.0581686E-3,-2.6814144E-3,9.444809E-2,-2.7513504E-2,1.6613007E-2,2.9439926E-3,1.1223221E-2,-3.2560348E-3,-8.7099074E-4,4.9915316E-4,1.8822988E-3],"categories":[],"categories_nodes":[],"categories_segments":[],"categories_sizes":[],"default_left":[0,0,0,0,0,0,0,0,0,0,0,0,0,0,0],"id":79,"left_children":[1,3,5,-1,-1,7,9,11,13,-1,-1,-1,-1,-1,-1],"loss_changes":[1.2864615E-1,4.645288E-3,1.787626E-2,0E0,0E0,3.3318067E-3,1.6423129E-4,1.0989606E-6,8.777482E-6,0E0,0E0,0E0,0E0,0E0,0E0],"parents":[2147483647,0,0,1,1,2,2,5,5,6,6,7,7,8,8],"right_children":[2,4,6,-1,-1,8,10,12,14,-1,-1,-1,-1,-1,-1],"split_conditions":[4.027821E-1,2.0029885E-1,8.980016E-1,-2.552467E-2,-6.0581686E-3,6.0090137E-1,1E0,5.0525403E-1,6.999963E-1,2.9439926E-3,1.1223221E-2,-3.2560348E-3,-8.7099074E-4,4.9915316E-4,1.8822988E-3],"split_indices":[0,0,0,0,0,0,0,0,0,0,0,0,0,0,0],"split_type":[0,0,0,0,0,0,0,0,0,0,0,0,0,0,0],"sum_hessian":[9E0,2E0,7E0,1E0,1E0,5E0,2E0,2E0,3E0,1E0,1E0,1E0,1E0,1E0,2E0],"tree_param":{"num_deleted":"0","num_feature":"2","num_nodes":"15","size_leaf_vector":"1"}},{"base_weights":[-3.4711987E-2,-2.0002478E-1,3.161931E-2,-2.4248436E-2,-5.7552815E-3,-2.7036667E-3,8.9725494E-2,-2.613767E-2,1.5547752E-2,2.7967454E-3,1.0662079E-2,-3.0932426E-3,-8.274079E-4,4.7416688E-4,1.7569223E-3],"categories":[],"categories_nodes":[],"categories_segments":[],"categories_sizes":[],"default_left":[0,0,0,0,0,0,0,0,0,0,0,0,0,0,0],"id":80,"left_children":[1,3,5,-1,-1,7,9,11,13,-1,-1,-1,-1,-1,-1],"loss_changes":[1.1597877E-1,4.192248E-3,1.6197607E-2,0E0,0E0,2.9726052E-3,1.4834851E-4,1.0174699E-6,4.0692976E-6,0E0,0E0,0E0,0E0,0E0,0E0],"parents":[2147483647,0,0,1,1,2,2,5,5,6,6,7,7,8,8],"right_children":[2,4,6,-1,-1,8,10,12,14,-1,-1,-1,-1,-1,-1],"split_conditions":[4.027821E-1,2.0029885E-1,8.980016E-1,-2.4248436E-2,-5.7552815E-3,6.0090137E-1,1E0,5.0525403E-1,6.999963E-1,2.7967454E-3,1.0662079E-2,-3.0932426E-3,-8.274079E-4,4.7416688E-4,1.7569223E-3],"split_indices":[0,0,0,0,0,0,0,0,0,0,0,0,0,0,0],"split_type":[0,0,0,0,0,0,0,0,0,0,0,0,0,0,0],"sum_hessian":[9E0,2E0,7E0,1E0,1E0,5E0,2E0,2E0,3E0,1E0,1E0,1E0,1E0,1E0,2E0],"tree_param":{"num_deleted":"0","num_feature":"2","num_nodes":"15","size_leaf_vector":"1"}},{"base_weights":[-3.3064485E-2,-1.900235E-1,2.9928207E-2,-2.3036016E-2,-5.4675103E-3,-2.7154286E-3,8.523941E-2,-2.48305E-3,1.4549732E-3,2.6569366E-3,1.0128975E-2],"categories":[],"categories_nodes":[],"categories_segments":[],"categories_sizes":[],"default_left":[0,0,0,0,0,0,0,0,0,0,0],"id":81,"left_children":[1,3,5,-1,-1,7,9,-1,-1,-1,-1],"loss_changes":[1.0455977E-1,3.783539E-3,1.4675932E-2,0E0,0E0,2.6521988E-3,1.3381802E-4,0E0,0E0,0E0,0E0],"parents":[2147483647,0,0,1,1,2,2,5,5,6,6],"right_children":[2,4,6,-1,-1,8,10,-1,-1,-1,-1],"split_conditions":[4.027821E-1,2.0029885E-1,8.980016E-1,-2.3036016E-2,-5.4675103E-3,6.0090137E-1,1E0,-2.48305E-3,1.4549732E-3,2.6569366E-3,1.0128975E-2],"split_indices":[0,0,0,0,0,0,0,0,0,0,0],"split_type":[0,0,0,0,0,0,0,0,0,0,0],"sum_hessian":[9E0,2E0,7E0,1E0,1E0,5E0,2E0,2E0,3E0,1E0,1E0],"tree_param":{"num_deleted":"0","num_feature":"2","num_nodes":"11","size_leaf_vector":"1"}},{"base_weights":[-3.1431984E-2,-1.8052237E-1,2.8405905E-2,-2.1884216E-2,-5.1941397E-3,-1.0033036E-2,6.93531E-2,-2.3174921E-2,6.4531964E-4,2.8320313E-3,9.622574E-3,-2.8143884E-3,-6.6185E-4],"categories":[],"categories_nodes":[],"categories_segments":[],"categories_sizes":[],"default_left":[0,0,0,0,0,0,0,0,0,0,0,0,0],"id":82,"left_children":[1,3,5,-1,-1,7,9,11,-1,-1,-1,-1,-1],"loss_changes":[9.434043E-2,3.414616E-3,1.3287558E-2,0E0,0E0,1.2328533E-3,1.6854927E-3,6.0534338E-5,0E0,0E0,0E0,0E0,0E0],"parents":[2147483647,0,0,1,1,2,2,5,5,6,6,7,7],"right_children":[2,4,6,-1,-1,8,10,12,-1,-1,-1,-1,-1],"split_conditions":[4.027821E-1,2.0029885E-1,8.050041E-1,-2.1884216E-2,-5.1941397E-3,6.0090137E-1,1E0,5.0525403E-1,6.4531964E-4,2.8320313E-3,9.622574E-3,-2.8143884E-3,-6.6185E-4],"split_indices":[0,0,0,0,0,0,0,0,0,0,0,0,0],"split_type":[0,0,0,0,0,0,0,0,0,0,0,0,0],"sum_hessian":[9E0,2E0,7E0,1E0,1E0,4E0,3E0,2E0,2E0,2E0,1E0,1E0,1E0],"tree_param":{"num_deleted":"0","num_feature":"2","num_nodes":"13","size_leaf_vector":"1"}},{"base_weights":[-3.0033588E-2,-1.7149639E-1,2.6769161E-2,-2.0790005E-2,-4.934454E-3,-2.7217865E-3,7.6828E-2,-2.201589E-2,1.2429237E-2,2.38266E-3,9.141541E-3,-2.673626E-3,-6.2875747E-4,3.4542085E-4,1.4269511E-3],"categories":[],"categories_nodes":[],"categories_segments":[],"categories_sizes":[],"default_left":[0,0,0,0,0,0,0,0,0,0,0,0,0,0,0],"id":83,"left_children":[1,3,5,-1,-1,7,9,11,13,-1,-1,-1,-1,-1,-1],"loss_changes":[8.4945574E-2,3.0815974E-3,1.201937E-2,0E0,0E0,2.027593E-3,1.4134124E-4,5.4624164E-5,1.6776146E-5,0E0,0E0,0E0,0E0,0E0,0E0],"parents":[2147483647,0,0,1,1,2,2,5,5,6,6,7,7,8,8],"right_children":[2,4,6,-1,-1,8,10,12,14,-1,-1,-1,-1,-1,-1],"split_conditions":[4.027821E-1,2.0029885E-1,8.980016E-1,-2.0790005E-2,-4.934454E-3,6.0090137E-1,1E0,5.0525403E-1,6.999963E-1,2.38266E-3,9.141541E-3,-2.673626E-3,-6.2875747E-4,3.4542085E-4,1.4269511E-3],"split_indices":[0,0,0,0,0,0,0,0,0,0,0,0,0,0,0],"split_type":[0,0,0,0,0,0,0,0,0,0,0,0,0,0,0],"sum_hessian":[9E0,2E0,7E0,1E0,1E0,5E0,2E0,2E0,3E0,1E0,1E0,1E0,1E0,1E0,2E0],"tree_param":{"num_deleted":"0","num_feature":"2","num_nodes":"15","size_leaf_vector":"1"}},{"base_weights":[-2.8603086E-2,-1.6292162E-1,2.534175E-2,-1.9750504E-2,-4.6877386E-3,-2.7043025E-3,7.29866E-2,-2.0914713E-2,1.1629581E-2,2.2634508E-3,8.68454E-3,-2.5399209E-3,-5.972862E-4,3.2815934E-4,1.331838E-3],"categories":[],"categories_nodes":[],"categories_segments":[],"categories_sizes":[],"default_left":[0,0,0,0,0,0,0,0,0,0,0,0,0,0,0],"id":84,"left_children":[1,3,5,-1,-1,7,9,11,13,-1,-1,-1,-1,-1,-1],"loss_changes":[7.6586634E-2,2.7811006E-3,1.0887379E-2,0E0,0E0,1.8093849E-3,1.277551E-4,4.931388E-5,1.2686767E-5,0E0,0E0,0E0,0E0,0E0,0E0],"parents":[2147483647,0,0,1,1,2,2,5,5,6,6,7,7,8,8],"right_children":[2,4,6,-1,-1,8,10,12,14,-1,-1,-1,-1,-1,-1],"split_conditions":[4.027821E-1,2.0029885E-1,8.980016E-1,-1.9750504E-2,-4.6877386E-3,6.0090137E-1,1E0,5.0525403E-1,6.999963E-1,2.2634508E-3,8.68454E-3,-2.5399209E-3,-5.972862E-4,3.2815934E-4,1.331838E-3],"split_indices":[0,0,0,0,0,0,0,0,0,0,0,0,0,0,0],"split_type":[0,0,0,0,0,0,0,0,0,0,0,0,0,0,0],"sum_hessian":[9E0,2E0,7E0,1E0,1E0,5E0,2E0,2E0,3E0,1E0,1E0,1E0,1E0,1E0,2E0],"tree_param":{"num_deleted":"0","num_feature":"2","num_nodes":"15","size_leaf_vector":"1"}},{"base_weights":[-2.7239436E-2,-1.5477568E-1,2.3991585E-2,-1.876298E-2,-4.453373E-3,-2.6798248E-3,6.933721E-2,-1.986885E-2,1.0881901E-2,2.150345E-3,8.2502365E-3,-2.4128915E-3,-5.674362E-4,4.8796335E-4,1.4444351E-3],"categories":[],"categories_nodes":[],"categories_segments":[],"categories_sizes":[],"default_left":[0,0,0,0,0,0,0,0,0,0,0,0,0,0,0],"id":85,"left_children":[1,3,5,-1,-1,7,9,11,13,-1,-1,-1,-1,-1,-1],"loss_changes":[6.905144E-2,2.5098473E-3,9.861265E-3,0E0,0E0,1.614888E-3,1.1513196E-4,4.4492073E-5,1.504799E-5,0E0,0E0,0E0,0E0,0E0,0E0],"parents":[2147483647,0,0,1,1,2,2,5,5,6,6,7,7,8,8],"right_children":[2,4,6,-1,-1,8,10,12,14,-1,-1,-1,-1,-1,-1],"split_conditions":[4.027821E-1,2.0029885E-1,8.980016E-1,-1.876298E-2,-4.453373E-3,6.0090137E-1,1E0,5.0525403E-1,8.050041E-1,2.150345E-3,8.2502365E-3,-2.4128915E-3,-5.674362E-4,4.8796335E-4,1.4444351E-3],"split_indices":[0,0,0,0,0,0,0,0,0,0,0,0,0,0,0],"split_type":[0,0,0,0,0,0,0,0,0,0,0,0,0,0,0],"sum_hessian":[9E0,2E0,7E0,1E0,1E0,5E0,2E0,2E0,3E0,1E0,1E0,1E0,1E0,2E0,1E0],"tree_param":{"num_deleted":"0","num_feature":"2","num_nodes":"15","size_leaf_vector":"1"}},{"base_weights":[-2.5902346E-2,-1.470368E-1,2.2760868E-2,-1.782483E-2,-4.23069E-3,-2.5870006E-3,6.586965E-2,-1.8875757E-2,1.0276318E-2,2.0427704E-3,7.837677E-3,-2.2922517E-3,-5.391121E-4,4.554113E-4,1.3721467E-3],"categories":[],"categories_nodes":[],"categories_segments":[],"categories_sizes":[],"default_left":[0,0,0,0,0,0,0,0,0,0,0,0,0,0,0],"id":86,"left_children":[1,3,5,-1,-1,7,9,11,13,-1,-1,-1,-1,-1,-1],"loss_changes":[6.229461E-2,2.2652E-3,8.912131E-3,0E0,0E0,1.451138E-3,1.0398589E-4,4.012906E-5,1.6366277E-5,0E0,0E0,0E0,0E0,0E0,0E0],"parents":[2147483647,0,0,1,1,2,2,5,5,6,6,7,7,8,8],"right_children":[2,4,6,-1,-1,8,10,12,14,-1,-1,-1,-1,-1,-1],"split_conditions":[4.027821E-1,2.0029885E-1,8.980016E-1,-1.782483E-2,-4.23069E-3,6.0090137E-1,1E0,5.0525403E-1,8.050041E-1,2.0427704E-3,7.837677E-3,-2.2922517E-3,-5.391121E-4,4.554113E-4,1.3721467E-3],"split_indices":[0,0,0,0,0,0,0,0,0,0,0,0,0,0,0],"split_type":[0,0,0,0,0,0,0,0,0,0,0,0,0,0,0],"sum_hessian":[9E0,2E0,7E0,1E0,1E0,5E0,2E0,2E0,3E0,1E0,1E0,1E0,1E0,2E0,1E0],"tree_param":{"num_deleted":"0","num_feature":"2","num_nodes":"15","size_leaf_vector":"1"}},{"base_weights":[-2.4630269E-2,-1.3968502E-1,2.1594048E-2,-1.6933588E-2,-4.019165E-3,-2.4954479E-3,6.257502E-2,-1.793162E-2,9.7055435E-3,1.9405365E-3,7.4457168E-3,-2.17762E-3,-5.121231E-4,4.2508446E-4,1.3034821E-3],"categories":[],"categories_nodes":[],"categories_segments":[],"categories_sizes":[],"default_left":[0,0,0,0,0,0,0,0,0,0,0,0,0,0,0],"id":87,"left_children":[1,3,5,-1,-1,7,9,11,13,-1,-1,-1,-1,-1,-1],"loss_changes":[5.6199644E-2,2.0443015E-3,8.053842E-3,0E0,0E0,1.3040557E-3,9.3975104E-5,3.6230776E-5,1.7231825E-5,0E0,0E0,0E0,0E0,0E0,0E0],"parents":[2147483647,0,0,1,1,2,2,5,5,6,6,7,7,8,8],"right_children":[2,4,6,-1,-1,8,10,12,14,-1,-1,-1,-1,-1,-1],"split_conditions":[4.027821E-1,2.0029885E-1,8.980016E-1,-1.6933588E-2,-4.019165E-3,6.0090137E-1,1E0,5.0525403E-1,8.050041E-1,1.9405365E-3,7.4457168E-3,-2.17762E-3,-5.121231E-4,4.2508446E-4,1.3034821E-3],"split_indices":[0,0,0,0,0,0,0,0,0,0,0,0,0,0,0],"split_type":[0,0,0,0,0,0,0,0,0,0,0,0,0,0,0],"sum_hessian":[9E0,2E0,7E0,1E0,1E0,5E0,2E0,2E0,3E0,1E0,1E0,1E0,1E0,2E0,1E0],"tree_param":{"num_deleted":"0","num_feature":"2","num_nodes":"15","size_leaf_vector":"1"}},{"base_weights":[-2.3420041E-2,-1.327009E-1,2.0487785E-2,-1.608691E-2,-3.8182258E-3,-2.4058025E-3,5.9445698E-2,-1.703453E-2,9.167194E-3,1.8434525E-3,7.0734024E-3,-2.0687103E-3,-4.8646927E-4,3.9679208E-4,1.2382508E-3],"categories":[],"categories_nodes":[],"categories_segments":[],"categories_sizes":[],"default_left":[0,0,0,0,0,0,0,0,0,0,0,0,0,0,0],"id":88,"left_children":[1,3,5,-1,-1,7,9,11,13,-1,-1,-1,-1,-1,-1],"loss_changes":[5.0701596E-2,1.8449165E-3,7.2781066E-3,0E0,0E0,1.1719483E-3,8.489378E-5,3.2717246E-5,1.773634E-5,0E0,0E0,0E0,0E0,0E0,0E0],"parents":[2147483647,0,0,1,1,2,2,5,5,6,6,7,7,8,8],"right_children":[2,4,6,-1,-1,8,10,12,14,-1,-1,-1,-1,-1,-1],"split_conditions":[4.027821E-1,2.0029885E-1,8.980016E-1,-1.608691E-2,-3.8182258E-3,6.0090137E-1,1E0,5.0525403E-1,8.050041E-1,1.8434525E-3,7.0734024E-3,-2.0687103E-3,-4.8646927E-4,3.9679208E-4,1.2382508E-3],"split_indices":[0,0,0,0,0,0,0,0,0,0,0,0,0,0,0],"split_type":[0,0,0,0,0,0,0,0,0,0,0,0,0,0,0],"sum_hessian":[9E0,2E0,7E0,1E0,1E0,5E0,2E0,2E0,3E0,1E0,1E0,1E0,1E0,2E0,1E0],"tree_param":{"num_deleted":"0","num_feature":"2","num_nodes":"15","size_leaf_vector":"1"}},{"base_weights":[-2.2268733E-2,-1.2606576E-1,1.9438744E-2,-1.5282564E-2,-3.6273003E-3,-2.3187E-3,5.647405E-2,-1.6182581E-2,8.658886E-3,1.7513275E-3,6.71978E-3,-1.9652366E-3,-4.6215058E-4,3.7034354E-4,1.1762619E-3],"categories":[],"categories_nodes":[],"categories_segments":[],"categories_sizes":[],"default_left":[0,0,0,0,0,0,0,0,0,0,0,0,0,0,0],"id":89,"left_children":[1,3,5,-1,-1,7,9,11,13,-1,-1,-1,-1,-1,-1],"loss_changes":[4.574168E-2,1.6650856E-3,6.577295E-3,0E0,0E0,1.0532748E-3,7.656403E-5,2.9519782E-5,1.7959479E-5,0E0,0E0,0E0,0E0,0E0,0E0],"parents":[2147483647,0,0,1,1,2,2,5,5,6,6,7,7,8,8],"right_children":[2,4,6,-1,-1,8,10,12,14,-1,-1,-1,-1,-1,-1],"split_conditions":[4.027821E-1,2.0029885E-1,8.980016E-1,-1.5282564E-2,-3.6273003E-3,6.0090137E-1,1E0,5.0525403E-1,8.050041E-1,1.7513275E-3,6.71978E-3,-1.9652366E-3,-4.6215058E-4,3.7034354E-4,1.1762619E-3],"split_indices":[0,0,0,0,0,0,0,0,0,0,0,0,0,0,0],"split_type":[0,0,0,0,0,0,0,0,0,0,0,0,0,0,0],"sum_hessian":[9E0,2E0,7E0,1E0,1E0,5E0,2E0,2E0,3E0,1E0,1E0,1E0,1E0,2E0,1E0],"tree_param":{"num_deleted":"0","num_feature":"2","num_nodes":"15","size_leaf_vector":"1"}},{"base_weights":[-2.1173825E-2,-1.1976231E-1,1.8443584E-2,-1.4518435E-2,-3.4459115E-3,-2.2335052E-3,5.3649902E-2,-1.5373866E-2,8.180141E-3,1.6637802E-3,6.3837054E-3,-1.8670083E-3,-4.3907165E-4,3.4567516E-4,1.1175156E-3],"categories":[],"categories_nodes":[],"categories_segments":[],"categories_sizes":[],"default_left":[0,0,0,0,0,0,0,0,0,0,0,0,0,0,0],"id":90,"left_children":[1,3,5,-1,-1,7,9,11,13,-1,-1,-1,-1,-1,-1],"loss_changes":[4.1267056E-2,1.5028194E-3,5.9435405E-3,0E0,0E0,9.467949E-4,6.903522E-5,2.663344E-5,1.7956743E-5,0E0,0E0,0E0,0E0,0E0,0E0],"parents":[2147483647,0,0,1,1,2,2,5,5,6,6,7,7,8,8],"right_children":[2,4,6,-1,-1,8,10,12,14,-1,-1,-1,-1,-1,-1],"split_conditions":[4.027821E-1,2.0029885E-1,8.980016E-1,-1.4518435E-2,-3.4459115E-3,6.0090137E-1,1E0,5.0525403E-1,8.050041E-1,1.6637802E-3,6.3837054E-3,-1.8670083E-3,-4.3907165E-4,3.4567516E-4,1.1175156E-3],"split_indices":[0,0,0,0,0,0,0,0,0,0,0,0,0,0,0],"split_type":[0,0,0,0,0,0,0,0,0,0,0,0,0,0,0],"sum_hessian":[9E0,2E0,7E0,1E0,1E0,5E0,2E0,2E0,3E0,1E0,1E0,1E0,1E0,2E0,1E0],"tree_param":{"num_deleted":"0","num_feature":"2","num_nodes":"15","size_leaf_vector":"1"}},{"base_weights":[-2.0132348E-2,-1.1377429E-1,1.7499924E-2,-1.3792514E-2,-3.2736303E-3,-2.1508534E-3,5.096817E-2,-1.4605205E-2,7.727623E-3,1.5806198E-3,6.064606E-3,-1.7736435E-3,-4.1713714E-4,3.2259626E-4,1.0616303E-3],"categories":[],"categories_nodes":[],"categories_segments":[],"categories_sizes":[],"default_left":[0,0,0,0,0,0,0,0,0,0,0,0,0,0,0],"id":91,"left_children":[1,3,5,-1,-1,7,9,11,13,-1,-1,-1,-1,-1,-1],"loss_changes":[3.723063E-2,1.3562478E-3,5.371041E-3,0E0,0E0,8.5104356E-4,6.2297564E-5,2.4026958E-5,1.7767627E-5,0E0,0E0,0E0,0E0,0E0,0E0],"parents":[2147483647,0,0,1,1,2,2,5,5,6,6,7,7,8,8],"right_children":[2,4,6,-1,-1,8,10,12,14,-1,-1,-1,-1,-1,-1],"split_conditions":[4.027821E-1,2.0029885E-1,8.980016E-1,-1.3792514E-2,-3.2736303E-3,6.0090137E-1,1E0,5.0525403E-1,8.050041E-1,1.5806198E-3,6.064606E-3,-1.7736435E-3,-4.1713714E-4,3.2259626E-4,1.0616303E-3],"split_indices":[0,0,0,0,0,0,0,0,0,0,0,0,0,0,0],"split_type":[0,0,0,0,0,0,0,0,0,0,0,0,0,0,0],"sum_hessian":[9E0,2E0,7E0,1E0,1E0,5E0,2E0,2E0,3E0,1E0,1E0,1E0,1E0,2E0,1E0],"tree_param":{"num_deleted":"0","num_feature":"2","num_nodes":"15","size_leaf_vector":"1"}},{"base_weights":[-1.9141719E-2,-1.0808546E-1,1.66049E-2,-1.3102888E-2,-3.109932E-3,-2.0701091E-3,4.8419952E-2,-1.387469E-2,7.3008537E-3,1.5016556E-3,5.7613375E-3,-1.6849518E-3,-3.9625168E-4,3.010432E-4,1.0086059E-3],"categories":[],"categories_nodes":[],"categories_segments":[],"categories_sizes":[],"default_left":[0,0,0,0,0,0,0,0,0,0,0,0,0,0,0],"id":92,"left_children":[1,3,5,-1,-1,7,9,11,13,-1,-1,-1,-1,-1,-1],"loss_changes":[3.358913E-2,1.2240671E-3,4.8534055E-3,0E0,0E0,7.650188E-4,5.61201E-5,2.169452E-5,1.7435435E-5,0E0,0E0,0E0,0E0,0E0,0E0],"parents":[2147483647,0,0,1,1,2,2,5,5,6,6,7,7,8,8],"right_children":[2,4,6,-1,-1,8,10,12,14,-1,-1,-1,-1,-1,-1],"split_conditions":[4.027821E-1,2.0029885E-1,8.980016E-1,-1.3102888E-2,-3.109932E-3,6.0090137E-1,1E0,5.0525403E-1,8.050041E-1,1.5016556E-3,5.7613375E-3,-1.6849518E-3,-3.9625168E-4,3.010432E-4,1.0086059E-3],"split_indices":[0,0,0,0,0,0,0,0,0,0,0,0,0,0,0],"split_type":[0,0,0,0,0,0,0,0,0,0,0,0,0,0,0],"sum_hessian":[9E0,2E0,7E0,1E0,1E0,5E0,2E0,2E0,3E0,1E0,1E0,1E0,1E0,2E0,1E0],"tree_param":{"num_deleted":"0","num_feature":"2","num_nodes":"15","size_leaf_vector":"1"}},{"base_weights":[-1.8199643E-2,-1.0268119E-1,1.5755892E-2,-1.2447744E-2,-2.9544353E-3,-1.9915898E-3,4.599889E-2,-1.318105E-2,6.898403E-3,1.4265061E-3,5.473328E-3,-1.6007423E-3,-3.7641526E-4,2.8095246E-4,9.5825194E-4],"categories":[],"categories_nodes":[],"categories_segments":[],"categories_sizes":[],"default_left":[0,0,0,0,0,0,0,0,0,0,0,0,0,0,0],"id":93,"left_children":[1,3,5,-1,-1,7,9,11,13,-1,-1,-1,-1,-1,-1],"loss_changes":[3.0303996E-2,1.1047162E-3,4.3855077E-3,0E0,0E0,6.877736E-4,5.075289E-5,1.959264E-5,1.6977778E-5,0E0,0E0,0E0,0E0,0E0,0E0],"parents":[2147483647,0,0,1,1,2,2,5,5,6,6,7,7,8,8],"right_children":[2,4,6,-1,-1,8,10,12,14,-1,-1,-1,-1,-1,-1],"split_conditions":[4.027821E-1,2.0029885E-1,8.980016E-1,-1.2447744E-2,-2.9544353E-3,6.0090137E-1,1E0,5.0525403E-1,8.050041E-1,1.4265061E-3,5.473328E-3,-1.6007423E-3,-3.7641526E-4,2.8095246E-4,9.5825194E-4],"split_indices":[0,0,0,0,0,0,0,0,0,0,0,0,0,0,0],"split_type":[0,0,0,0,0,0,0,0,0,0,0,0,0,0,0],"sum_hessian":[9E0,2E0,7E0,1E0,1E0,5E0,2E0,2E0,3E0,1E0,1E0,1E0,1E0,2E0,1E0],"tree_param":{"num_deleted":"0","num_feature":"2","num_nodes":"15","size_leaf_vector":"1"}},{"base_weights":[-1.7303914E-2,-9.7547114E-2,1.4950275E-2,-1.1825356E-2,-2.8067112E-3,-1.9156138E-3,4.3698628E-2,-1.252238E-2,6.518364E-3,1.3551712E-3,5.1996233E-3,-1.520729E-3,-3.5762787E-4,2.6219685E-4,9.1037754E-4],"categories":[],"categories_nodes":[],"categories_segments":[],"categories_sizes":[],"default_left":[0,0,0,0,0,0,0,0,0,0,0,0,0,0,0],"id":94,"left_children":[1,3,5,-1,-1,7,9,11,13,-1,-1,-1,-1,-1,-1],"loss_changes":[2.734015E-2,9.970162E-4,3.962642E-3,0E0,0E0,6.183688E-4,4.5803376E-5,1.7672923E-5,1.6425314E-5,0E0,0E0,0E0,0E0,0E0,0E0],"parents":[2147483647,0,0,1,1,2,2,5,5,6,6,7,7,8,8],"right_children":[2,4,6,-1,-1,8,10,12,14,-1,-1,-1,-1,-1,-1],"split_conditions":[4.027821E-1,2.0029885E-1,8.980016E-1,-1.1825356E-2,-2.8067112E-3,6.0090137E-1,1E0,5.0525403E-1,8.050041E-1,1.3551712E-3,5.1996233E-3,-1.520729E-3,-3.5762787E-4,2.6219685E-4,9.1037754E-4],"split_indices":[0,0,0,0,0,0,0,0,0,0,0,0,0,0,0],"split_type":[0,0,0,0,0,0,0,0,0,0,0,0,0,0,0],"sum_hessian":[9E0,2E0,7E0,1E0,1E0,5E0,2E0,2E0,3E0,1E0,1E0,1E0,1E0,2E0,1E0],"tree_param":{"num_deleted":"0","num_feature":"2","num_nodes":"15","size_leaf_vector":"1"}},{"base_weights":[-1.6452018E-2,-9.266978E-2,1.4186144E-2,-1.1234089E-2,-2.6663782E-3,-1.8421808E-3,4.151408E-2,-1.18967695E-2,6.1593056E-3,1.2874603E-3,4.9396516E-3,-1.4447212E-3,-3.3979418E-4,2.4471284E-4,8.6479186E-4],"categories":[],"categories_nodes":[],"categories_segments":[],"categories_sizes":[],"default_left":[0,0,0,0,0,0,0,0,0,0,0,0,0,0,0],"id":95,"left_children":[1,3,5,-1,-1,7,9,11,13,-1,-1,-1,-1,-1,-1],"loss_changes":[2.4666347E-2,8.9979917E-4,3.580645E-3,0E0,0E0,5.559858E-4,4.1285995E-5,1.5936559E-5,1.5790123E-5,0E0,0E0,0E0,0E0,0E0,0E0],"parents":[2147483647,0,0,1,1,2,2,5,5,6,6,7,7,8,8],"right_children":[2,4,6,-1,-1,8,10,12,14,-1,-1,-1,-1,-1,-1],"split_conditions":[4.027821E-1,2.0029885E-1,8.980016E-1,-1.1234089E-2,-2.6663782E-3,6.0090137E-1,1E0,5.0525403E-1,8.050041E-1,1.2874603E-3,4.9396516E-3,-1.4447212E-3,-3.3979418E-4,2.4471284E-4,8.6479186E-4],"split_indices":[0,0,0,0,0,0,0,0,0,0,0,0,0,0,0],"split_type":[0,0,0,0,0,0,0,0,0,0,0,0,0,0,0],"sum_hessian":[9E0,2E0,7E0,1E0,1E0,5E0,2E0,2E0,3E0,1E0,1E0,1E0,1E0,2E0,1E0],"tree_param":{"num_deleted":"0","num_feature":"2","num_nodes":"15","size_leaf_vector":"1"}},{"base_weights":[-1.5641985E-2,-8.8036254E-2,1.3461113E-2,-1.0672384E-2,-2.5330544E-3,-5.4107667E-3,3.3685684E-2,-1.1302312E-2,2.2843678E-4,1.3629914E-3,4.69265E-3,-1.3725281E-3,-3.2281876E-4],"categories":[],"categories_nodes":[],"categories_segments":[],"categories_sizes":[],"default_left":[0,0,0,0,0,0,0,0,0,0,0,0,0],"id":96,"left_children":[1,3,5,-1,-1,7,9,11,-1,-1,-1,-1,-1],"loss_changes":[2.2254042E-2,8.120816E-4,3.2356707E-3,0E0,0E0,2.5249983E-4,4.2261463E-4,1.4382269E-5,0E0,0E0,0E0,0E0,0E0],"parents":[2147483647,0,0,1,1,2,2,5,5,6,6,7,7],"right_children":[2,4,6,-1,-1,8,10,12,-1,-1,-1,-1,-1],"split_conditions":[4.027821E-1,2.0029885E-1,8.050041E-1,-1.0672384E-2,-2.5330544E-3,6.0090137E-1,1E0,5.0525403E-1,2.2843678E-4,1.3629914E-3,4.69265E-3,-1.3725281E-3,-3.2281876E-4],"split_indices":[0,0,0,0,0,0,0,0,0,0,0,0,0],"split_type":[0,0,0,0,0,0,0,0,0,0,0,0,0],"sum_hessian":[9E0,2E0,7E0,1E0,1E0,4E0,3E0,2E0,2E0,2E0,1E0,1E0,1E0],"tree_param":{"num_deleted":"0","num_feature":"2","num_nodes":"13","size_leaf_vector":"1"}},{"base_weights":[-1.4939241E-2,-8.363447E-2,1.2688875E-2,-1.0138764E-2,-2.4064064E-3,-1.7913183E-3,3.7419636E-2,-1.0737102E-2,5.3658485E-3,1.1548996E-3,4.458046E-3,-1.3038636E-3,-3.0670167E-4,2.1317799E-4,7.534027E-4],"categories":[],"categories_nodes":[],"categories_segments":[],"categories_sizes":[],"default_left":[0,0,0,0,0,0,0,0,0,0,0,0,0,0,0],"id":97,"left_children":[1,3,5,-1,-1,7,9,11,13,-1,-1,-1,-1,-1,-1],"loss_changes":[2.0040426E-2,7.328931E-4,2.9318798E-3,0E0,0E0,4.4177246E-4,4.0906016E-5,1.2969162E-5,1.1987264E-5,0E0,0E0,0E0,0E0,0E0,0E0],"parents":[2147483647,0,0,1,1,2,2,5,5,6,6,7,7,8,8],"right_children":[2,4,6,-1,-1,8,10,12,14,-1,-1,-1,-1,-1,-1],"split_conditions":[4.027821E-1,2.0029885E-1,8.980016E-1,-1.0138764E-2,-2.4064064E-3,6.0090137E-1,1E0,5.0525403E-1,8.050041E-1,1.1548996E-3,4.458046E-3,-1.3038636E-3,-3.0670167E-4,2.1317799E-4,7.534027E-4],"split_indices":[0,0,0,0,0,0,0,0,0,0,0,0,0,0,0],"split_type":[0,0,0,0,0,0,0,0,0,0,0,0,0,0,0],"sum_hessian":[9E0,2E0,7E0,1E0,1E0,5E0,2E0,2E0,3E0,1E0,1E0,1E0,1E0,2E0,1E0],"tree_param":{"num_deleted":"0","num_feature":"2","num_nodes":"15","size_leaf_vector":"1"}},{"base_weights":[-1.420336E-2,-7.945284E-2,1.2040615E-2,-9.631827E-3,-2.2861005E-3,-1.7197927E-3,3.5547893E-2,-1.0199864E-2,5.0702095E-3,1.097107E-3,4.235077E-3,-1.2386322E-3,-2.913475E-4,9.5081334E-5,6.126404E-4],"categories":[],"categories_nodes":[],"categories_segments":[],"categories_sizes":[],"default_left":[0,0,0,0,0,0,0,0,0,0,0,0,0,0,0],"id":98,"left_children":[1,3,5,-1,-1,7,9,11,13,-1,-1,-1,-1,-1,-1],"loss_changes":[1.8080719E-2,6.6140294E-4,2.6488928E-3,0E0,0E0,3.971937E-4,3.6946032E-5,1.1706899E-5,1.1578464E-5,0E0,0E0,0E0,0E0,0E0,0E0],"parents":[2147483647,0,0,1,1,2,2,5,5,6,6,7,7,8,8],"right_children":[2,4,6,-1,-1,8,10,12,14,-1,-1,-1,-1,-1,-1],"split_conditions":[4.027821E-1,2.0029885E-1,8.980016E-1,-9.631827E-3,-2.2861005E-3,6.0090137E-1,1E0,5.0525403E-1,6.999963E-1,1.097107E-3,4.235077E-3,-1.2386322E-3,-2.913475E-4,9.5081334E-5,6.126404E-4],"split_indices":[0,0,0,0,0,0,0,0,0,0,0,0,0,0,0],"split_type":[0,0,0,0,0,0,0,0,0,0,0,0,0,0,0],"sum_hessian":[9E0,2E0,7E0,1E0,1E0,5E0,2E0,2E0,3E0,1E0,1E0,1E0,1E0,1E0,2E0],"tree_param":{"num_deleted":"0","num_feature":"2","num_nodes":"15","size_leaf_vector":"1"}},{"base_weights":[-1.3524277E-2,-7.5480245E-2,1.1399746E-2,-9.150235E-3,-2.1718026E-3,-1.6854604E-3,3.3770245E-2,-9.689967E-3,4.7392845E-3,1.0421753E-3,4.0233615E-3,-1.1767388E-3,-2.767563E-4,1.7528534E-4,6.849289E-4],"categories":[],"categories_nodes":[],"categories_segments":[],"categories_sizes":[],"default_left":[0,0,0,0,0,0,0,0,0,0,0,0,0,0,0],"id":99,"left_children":[1,3,5,-1,-1,7,9,11,13,-1,-1,-1,-1,-1,-1],"loss_changes":[1.6302375E-2,5.969014E-4,2.398699E-3,0E0,0E0,3.5448498E-4,3.3424934E-5,1.0575255E-5,1.3199729E-5,0E0,0E0,0E0,0E0,0E0,0E0],"parents":[2147483647,0,0,1,1,2,2,5,5,6,6,7,7,8,8],"right_children":[2,4,6,-1,-1,8,10,12,14,-1,-1,-1,-1,-1,-1],"split_conditions":[4.027821E-1,2.0029885E-1,8.980016E-1,-9.150235E-3,-2.1718026E-3,6.0090137E-1,1E0,5.0525403E-1,8.050041E-1,1.0421753E-3,4.0233615E-3,-1.1767388E-3,-2.767563E-4,1.7528534E-4,6.849289E-4],"split_indices":[0,0,0,0,0,0,0,0,0,0,0,0,0,0,0],"split_type":[0,0,0,0,0,0,0,0,0,0,0,0,0,0,0],"sum_hessian":[9E0,2E0,7E0,1E0,1E0,5E0,2E0,2E0,3E0,1E0,1E0,1E0,1E0,2E0,1E0],"tree_param":{"num_deleted":"0","num_feature":"2","num_nodes":"15","size_leaf_vector":"1"}}]},"name":"gbtree"},"learner_model_param":{"base_score":"2.9522223E1","boost_from_average":"1","num_class":"0","num_feature":"2","num_target":"1"},"objective":{"name":"reg:squarederror","reg_loss_param":{"scale_pos_weight":"1"}}},"version":[2,0,1]}