{"package": {"All_Weights": {"Bias_Weight": 167.9077954947988, "Categorical_Variables": {}, "Numerical_Variables": {"bpf_block_irq": {"mean": 0.4951215960390273, "variance": 0.027851061618461348, "weight": -0.6240326177060279}, "bpf_net_rx_irq": {"mean": 225.86748216106014, "variance": 2067.3979042910396, "weight": -1.0692599101760503}, "bpf_net_tx_irq": {"mean": 0.3133828454929372, "variance": 0.08003496672479962, "weight": 1.0503969903467099}, "cache_miss": {"mean": 11772187.522252472, "variance": 409151166293758.44, "weight": 25.840288630819238}, "cpu_cycles": {"mean": 10958623148.504377, "variance": 1.3653973085887105e+20, "weight": 96.07740438275492}, "cpu_instructions": {"mean": 0.0, "variance": 0.0, "weight": 0.0}}}}, "core": {"All_Weights": {"Bias_Weight": 0.0, "Categorical_Variables": {}, "Numerical_Variables": {"bpf_block_irq": {"mean": 0.4951215960390273, "variance": 0.027851061618461348, "weight": 0.0}, "bpf_net_rx_irq": {"mean": 225.86748216106014, "variance": 2067.3979042910396, "weight": 0.0}, "bpf_net_tx_irq": {"mean": 0.3133828454929372, "variance": 0.08003496672479962, "weight": 0.0}, "cache_miss": {"mean": 11772187.522252472, "variance": 409151166293758.44, "weight": 0.0}, "cpu_cycles": {"mean": 10958623148.504377, "variance": 1.3653973085887105e+20, "weight": 0.0}, "cpu_instructions": {"mean": 0.0, "variance": 0.0, "weight": 0.0}}}}, "uncore": {"All_Weights": {"Bias_Weight": 0.0, "Categorical_Variables": {}, "Numerical_Variables": {"bpf_block_irq": {"mean": 0.4951215960390273, "variance": 0.027851061618461348, "weight": 0.0}, "bpf_net_rx_irq": {"mean": 225.86748216106014, "variance": 2067.3979042910396, "weight": 0.0}, "bpf_net_tx_irq": {"mean": 0.3133828454929372, "variance": 0.08003496672479962, "weight": 0.0}, "cache_miss": {"mean": 11772187.522252472, "variance": 409151166293758.44, "weight": 0.0}, "cpu_cycles": {"mean": 10958623148.504377, "variance": 1.3653973085887105e+20, "weight": 0.0}, "cpu_instructions": {"mean": 0.0, "variance": 0.0, "weight": 0.0}}}}, "dram": {"All_Weights": {"Bias_Weight": 78.30645788351758, "Categorical_Variables": {}, "Numerical_Variables": {"bpf_block_irq": {"mean": 0.4951215960390273, "variance": 0.027851061618461348, "weight": 0.08943761878784151}, "bpf_net_rx_irq": {"mean": 225.86748216106014, "variance": 2067.3979042910396, "weight": -1.9620263443375863}, "bpf_net_tx_irq": {"mean": 0.3133828454929372, "variance": 0.08003496672479962, "weight": -1.082645571263282}, "cache_miss": {"mean": 11772187.522252472, "variance": 409151166293758.44, "weight": 15.530100528614003}, "cpu_cycles": {"mean": 10958623148.504377, "variance": 1.3653973085887105e+20, "weight": 1.0881188543231217}, "cpu_instructions": {"mean": 0.0, "variance": 0.0, "weight": 0.0}}}}}