{"package": {"All_Weights": {"Bias_Weight": 169.9444056537738, "Categorical_Variables": {}, "Numerical_Variables": {"kubelet_cpu_usage": {"mean": 7.212174166302607, "variance": 420.0275514159066, "weight": 34.786697395450034}, "kubelet_memory_bytes": {"mean": 22912587.379641764, "variance": 1.1963713956742662e+17, "weight": -5.879221609726133}}}}, "core": {"All_Weights": {"Bias_Weight": 0.0, "Categorical_Variables": {}, "Numerical_Variables": {"kubelet_cpu_usage": {"mean": 7.212174166302607, "variance": 420.0275514159066, "weight": 0.0}, "kubelet_memory_bytes": {"mean": 22912587.379641764, "variance": 1.1963713956742662e+17, "weight": 0.0}}}}, "uncore": {"All_Weights": {"Bias_Weight": 0.0, "Categorical_Variables": {}, "Numerical_Variables": {"kubelet_cpu_usage": {"mean": 7.212174166302607, "variance": 420.0275514159066, "weight": 0.0}, "kubelet_memory_bytes": {"mean": 22912587.379641764, "variance": 1.1963713956742662e+17, "weight": 0.0}}}}, "dram": {"All_Weights": {"Bias_Weight": 78.30380025313995, "Categorical_Variables": {}, "Numerical_Variables": {"kubelet_cpu_usage": {"mean": 7.212174166302607, "variance": 420.0275514159066, "weight": 2.578939665903505}, "kubelet_memory_bytes": {"mean": 22912587.379641764, "variance": 1.1963713956742662e+17, "weight": 0.8777194206528814}}}}}