{"model_name": "PolynomialRegressionTrainer_1", "model_class": "scikit", "model_file": "PolynomialRegressionTrainer_1.json", "features": ["bpf_cpu_time_ms", "bpf_page_cache_hit", "cache_miss", "cgroupfs_cpu_usage_us", "cgroupfs_memory_usage_bytes", "cgroupfs_system_cpu_usage_us", "cgroupfs_user_cpu_usage_us", "cpu_cycles", "cpu_instructions"], "fe_files": ["poly_scaler.pkl"], "output_type": "AbsPower", "mae": 4.05, "mape": 2.25, "package_mae": 4.05, "core_mae": 0.0, "uncore_mae": 0.0, "dram_mae": 0.45, "package_mape": 2.99, "core_mape": -1, "uncore_mape": -1, "dram_mape": 2.25}