{"learner":{"attributes":{"scikit_learn":"{\"_estimator_type\": \"regressor\"}"},"feature_names":[],"feature_types":[],"gradient_booster":{"model":{"gbtree_model_param":{"num_parallel_tree":"1","num_trees":"100"},"iteration_indptr":[0,1,2,3,4,5,6,7,8,9,10,11,12,13,14,15,16,17,18,19,20,21,22,23,24,25,26,27,28,29,30,31,32,33,34,35,36,37,38,39,40,41,42,43,44,45,46,47,48,49,50,51,52,53,54,55,56,57,58,59,60,61,62,63,64,65,66,67,68,69,70,71,72,73,74,75,76,77,78,79,80,81,82,83,84,85,86,87,88,89,90,91,92,93,94,95,96,97,98,99,100],"tree_info":[0,0,0,0,0,0,0,0,0,0,0,0,0,0,0,0,0,0,0,0,0,0,0,0,0,0,0,0,0,0,0,0,0,0,0,0,0,0,0,0,0,0,0,0,0,0,0,0,0,0,0,0,0,0,0,0,0,0,0,0,0,0,0,0,0,0,0,0,0,0,0,0,0,0,0,0,0,0,0,0,0,0,0,0,0,0,0,0,0,0,0,0,0,0,0,0,0,0,0,0],"trees":[{"base_weights":[5.340576E-6,-2.5077772E1,2.0898153E1,-2.971666E0,-3.2611084E-1,3.7388918E-1,2.3582227E0],"categories":[],"categories_nodes":[],"categories_segments":[],"categories_sizes":[],"default_left":[0,0,0,0,0,0,0],"id":0,"left_children":[1,3,5,-1,-1,-1,-1],"loss_changes":[5.76487E3,4.091162E2,1.8816895E2,0E0,0E0,0E0,0E0],"parents":[2147483647,0,0,1,1,2,2],"right_children":[2,4,6,-1,-1,-1,-1],"split_conditions":[6.046661E-1,5.030802E-1,7.0566887E-1,-2.971666E0,-3.2611084E-1,3.7388918E-1,2.3582227E0],"split_indices":[0,0,0,0,0,0,0],"split_type":[0,0,0,0,0,0,0],"sum_hessian":[9E0,4E0,5E0,3E0,1E0,1E0,4E0],"tree_param":{"num_deleted":"0","num_feature":"2","num_nodes":"7","size_leaf_vector":"1"}},{"base_weights":[-5.655899E-2,-2.3229551E1,1.9263695E1,-2.7487915E0,-3.098053E-1,3.5519487E-1,2.1695654E0],"categories":[],"categories_nodes":[],"categories_segments":[],"categories_sizes":[],"default_left":[0,0,0,0,0,0,0],"id":1,"left_children":[1,3,5,-1,-1,-1,-1],"loss_changes":[4.9245674E3,3.4347705E2,1.522002E2,0E0,0E0,0E0,0E0],"parents":[2147483647,0,0,1,1,2,2],"right_children":[2,4,6,-1,-1,-1,-1],"split_conditions":[6.046661E-1,5.030802E-1,7.0566887E-1,-2.7487915E0,-3.098053E-1,3.5519487E-1,2.1695654E0],"split_indices":[0,0,0,0,0,0,0],"split_type":[0,0,0,0,0,0,0],"sum_hessian":[9E0,4E0,5E0,3E0,1E0,1E0,4E0],"tree_param":{"num_deleted":"0","num_feature":"2","num_nodes":"7","size_leaf_vector":"1"}},{"base_weights":[-1.0428772E-1,-2.1518314E1,1.7758116E1,-2.5426319E0,-2.9431495E-1,3.3743516E-1,1.9959997E0],"categories":[],"categories_nodes":[],"categories_segments":[],"categories_sizes":[],"default_left":[0,0,0,0,0,0,0],"id":2,"left_children":[1,3,5,-1,-1,-1,-1],"loss_changes":[4.207184E3,2.8812573E2,1.22676025E2,0E0,0E0,0E0,0E0],"parents":[2147483647,0,0,1,1,2,2],"right_children":[2,4,6,-1,-1,-1,-1],"split_conditions":[6.046661E-1,5.030802E-1,7.0566887E-1,-2.5426319E0,-2.9431495E-1,3.3743516E-1,1.9959997E0],"split_indices":[0,0,0,0,0,0,0],"split_type":[0,0,0,0,0,0,0],"sum_hessian":[9E0,4E0,5E0,3E0,1E0,1E0,4E0],"tree_param":{"num_deleted":"0","num_feature":"2","num_nodes":"7","size_leaf_vector":"1"}},{"base_weights":[-1.4421082E-1,-1.9933872E1,1.6371208E1,-2.3519342E0,-2.795994E-1,6.121755E-1,1.9965496E0],"categories":[],"categories_nodes":[],"categories_segments":[],"categories_sizes":[],"default_left":[0,0,0,0,0,0,0],"id":3,"left_children":[1,3,5,-1,-1,-1,-1],"loss_changes":[3.594687E3,2.4147705E2,9.881299E1,0E0,0E0,0E0,0E0],"parents":[2147483647,0,0,1,1,2,2],"right_children":[2,4,6,-1,-1,-1,-1],"split_conditions":[6.046661E-1,5.030802E-1,8.055307E-1,-2.3519342E0,-2.795994E-1,6.121755E-1,1.9965496E0],"split_indices":[0,0,0,0,0,0,0],"split_type":[0,0,0,0,0,0,0],"sum_hessian":[9E0,4E0,5E0,3E0,1E0,2E0,3E0],"tree_param":{"num_deleted":"0","num_feature":"2","num_nodes":"7","size_leaf_vector":"1"}},{"base_weights":[-1.3207169E-1,-1.846679E1,1.5168872E1,-2.175539E0,-2.6561928E-1,2.899544E-1,1.7042828E0],"categories":[],"categories_nodes":[],"categories_segments":[],"categories_sizes":[],"default_left":[0,0,0,0,0,0,0],"id":4,"left_children":[1,3,5,-1,-1,-1,-1],"loss_changes":[3.0855054E3,2.0218713E2,8.853674E1,0E0,0E0,0E0,0E0],"parents":[2147483647,0,0,1,1,2,2],"right_children":[2,4,6,-1,-1,-1,-1],"split_conditions":[6.046661E-1,5.030802E-1,7.0566887E-1,-2.175539E0,-2.6561928E-1,2.899544E-1,1.7042828E0],"split_indices":[0,0,0,0,0,0,0],"split_type":[0,0,0,0,0,0,0],"sum_hessian":[9E0,4E0,5E0,3E0,1E0,1E0,4E0],"tree_param":{"num_deleted":"0","num_feature":"2","num_nodes":"7","size_leaf_vector":"1"}},{"base_weights":[-1.6355744E-1,-1.7108343E1,1.3984357E1,-2.2587767E0,-5.92614E-1,5.0488895E-1,1.7189869E0],"categories":[],"categories_nodes":[],"categories_segments":[],"categories_sizes":[],"default_left":[0,0,0,0,0,0,0],"id":5,"left_children":[1,3,5,-1,-1,-1,-1],"loss_changes":[2.636583E3,1.7250195E2,8.5066895E1,0E0,0E0,0E0,0E0],"parents":[2147483647,0,0,1,1,2,2],"right_children":[2,4,6,-1,-1,-1,-1],"split_conditions":[6.046661E-1,2.0133993E-1,8.055307E-1,-2.2587767E0,-5.92614E-1,5.0488895E-1,1.7189869E0],"split_indices":[0,0,0,0,0,0,0],"split_type":[0,0,0,0,0,0,0],"sum_hessian":[9E0,4E0,5E0,2E0,2E0,2E0,3E0],"tree_param":{"num_deleted":"0","num_feature":"2","num_nodes":"7","size_leaf_vector":"1"}},{"base_weights":[-2.0995483E-1,-1.5967789E1,1.2956566E1,-1.8846197E0,-2.2270775E-1,4.712301E-1,1.5900624E0],"categories":[],"categories_nodes":[],"categories_segments":[],"categories_sizes":[],"default_left":[0,0,0,0,0,0,0],"id":6,"left_children":[1,3,5,-1,-1,-1,-1],"loss_changes":[2.281646E3,1.5578503E2,7.070105E1,0E0,0E0,0E0,0E0],"parents":[2147483647,0,0,1,1,2,2],"right_children":[2,4,6,-1,-1,-1,-1],"split_conditions":[6.046661E-1,5.030802E-1,8.055307E-1,-1.8846197E0,-2.2270775E-1,4.712301E-1,1.5900624E0],"split_indices":[0,0,0,0,0,0,0],"split_type":[0,0,0,0,0,0,0],"sum_hessian":[9E0,4E0,5E0,3E0,1E0,2E0,3E0],"tree_param":{"num_deleted":"0","num_feature":"2","num_nodes":"7","size_leaf_vector":"1"}},{"base_weights":[-1.9356231E-1,-1.4792475E1,1.2004458E1,-1.9825503E0,-4.828621E-1,4.3981424E-1,1.470808E0],"categories":[],"categories_nodes":[],"categories_segments":[],"categories_sizes":[],"default_left":[0,0,0,0,0,0,0],"id":7,"left_children":[1,3,5,-1,-1,-1,-1],"loss_changes":[1.958354E3,1.5501196E2,5.869934E1,0E0,0E0,0E0,0E0],"parents":[2147483647,0,0,1,1,2,2],"right_children":[2,4,6,-1,-1,-1,-1],"split_conditions":[6.046661E-1,2.0133993E-1,8.055307E-1,-1.9825503E0,-4.828621E-1,4.3981424E-1,1.470808E0],"split_indices":[0,0,0,0,0,0,0],"split_type":[0,0,0,0,0,0,0],"sum_hessian":[9E0,4E0,5E0,2E0,2E0,2E0,3E0],"tree_param":{"num_deleted":"0","num_feature":"2","num_nodes":"7","size_leaf_vector":"1"}},{"base_weights":[-2.2968598E-1,-1.3806308E1,1.1122447E1,-1.8503802E0,-4.5067117E-1,2.0466004E-1,1.2528296E0],"categories":[],"categories_nodes":[],"categories_segments":[],"categories_sizes":[],"default_left":[0,0,0,0,0,0,0],"id":8,"left_children":[1,3,5,-1,-1,-1,-1],"loss_changes":[1.694796E3,1.3503271E2,5.091516E1,0E0,0E0,0E0,0E0],"parents":[2147483647,0,0,1,1,2,2],"right_children":[2,4,6,-1,-1,-1,-1],"split_conditions":[6.046661E-1,2.0133993E-1,7.0566887E-1,-1.8503802E0,-4.5067117E-1,2.0466004E-1,1.2528296E0],"split_indices":[0,0,0,0,0,0,0],"split_type":[0,0,0,0,0,0,0],"sum_hessian":[9E0,4E0,5E0,2E0,2E0,1E0,4E0],"tree_param":{"num_deleted":"0","num_feature":"2","num_nodes":"7","size_leaf_vector":"1"}},{"base_weights":[-2.9107207E-1,-1.2885889E1,1.025312E1,-1.7270216E0,-4.206266E-1,3.6191E-1,1.2665356E0],"categories":[],"categories_nodes":[],"categories_segments":[],"categories_sizes":[],"default_left":[0,0,0,0,0,0,0],"id":9,"left_children":[1,3,5,-1,-1,-1,-1],"loss_changes":[1.4601422E3,1.1762836E2,5.017975E1,0E0,0E0,0E0,0E0],"parents":[2147483647,0,0,1,1,2,2],"right_children":[2,4,6,-1,-1,-1,-1],"split_conditions":[6.046661E-1,2.0133993E-1,8.055307E-1,-1.7270216E0,-4.206266E-1,3.6191E-1,1.2665356E0],"split_indices":[0,0,0,0,0,0,0],"split_type":[0,0,0,0,0,0,0],"sum_hessian":[9E0,4E0,5E0,2E0,2E0,2E0,3E0],"tree_param":{"num_deleted":"0","num_feature":"2","num_nodes":"7","size_leaf_vector":"1"}},{"base_weights":[-3.1388703E-1,-1.2026831E1,9.499214E0,-1.6118869E0,-3.92585E-1,3.377828E-1,1.171545E0],"categories":[],"categories_nodes":[],"categories_segments":[],"categories_sizes":[],"default_left":[0,0,0,0,0,0,0],"id":10,"left_children":[1,3,5,-1,-1,-1,-1],"loss_changes":[1.2636486E3,1.0246735E2,4.1825867E1,0E0,0E0,0E0,0E0],"parents":[2147483647,0,0,1,1,2,2],"right_children":[2,4,6,-1,-1,-1,-1],"split_conditions":[6.046661E-1,2.0133993E-1,8.055307E-1,-1.6118869E0,-3.92585E-1,3.377828E-1,1.171545E0],"split_indices":[0,0,0,0,0,0,0],"split_type":[0,0,0,0,0,0,0],"sum_hessian":[9E0,4E0,5E0,2E0,2E0,2E0,3E0],"tree_param":{"num_deleted":"0","num_feature":"2","num_nodes":"7","size_leaf_vector":"1"}},{"base_weights":[-3.320114E-1,-1.1225042E1,8.80085E0,-1.7808208E0,-5.127199E0,3.1526387E-1,1.0836796E0,-6.0080314E-1,-1.2423515E-1],"categories":[],"categories_nodes":[],"categories_segments":[],"categories_sizes":[],"default_left":[0,0,0,0,0,0,0,0,0],"id":11,"left_children":[1,3,5,-1,7,-1,-1,-1,-1],"loss_changes":[1.0936354E3,1.0940936E2,3.4832214E1,0E0,6.223503E0,0E0,0E0,0E0,0E0],"parents":[2147483647,0,0,1,1,2,2,4,4],"right_children":[2,4,6,-1,8,-1,-1,-1,-1],"split_conditions":[6.046661E-1,1.00857235E-1,8.055307E-1,-1.7808208E0,5.030802E-1,3.1526387E-1,1.0836796E0,-6.0080314E-1,-1.2423515E-1],"split_indices":[0,0,0,0,0,0,0,0,0],"split_type":[0,0,0,0,0,0,0,0,0],"sum_hessian":[9E0,4E0,5E0,1E0,3E0,2E0,3E0,2E0,1E0],"tree_param":{"num_deleted":"0","num_feature":"2","num_nodes":"9","size_leaf_vector":"1"}},{"base_weights":[-4.0950164E-1,-1.0603711E1,8.153923E0,-1.6917797E0,-4.79574E0,3.881527E-1,1.1132478E0,-5.607498E-1,-1.180233E-1],"categories":[],"categories_nodes":[],"categories_segments":[],"categories_sizes":[],"default_left":[0,0,0,0,0,0,0,0,0],"id":12,"left_children":[1,3,5,-1,7,-1,-1,-1,-1],"loss_changes":[9.5943524E2,1.02226746E2,3.3142334E1,0E0,5.1215057E0,0E0,0E0,0E0,0E0],"parents":[2147483647,0,0,1,1,2,2,4,4],"right_children":[2,4,6,-1,8,-1,-1,-1,-1],"split_conditions":[6.046661E-1,1.00857235E-1,9.053671E-1,-1.6917797E0,5.030802E-1,3.881527E-1,1.1132478E0,-5.607498E-1,-1.180233E-1],"split_indices":[0,0,0,0,0,0,0,0,0],"split_type":[0,0,0,0,0,0,0,0,0],"sum_hessian":[9E0,4E0,5E0,1E0,3E0,3E0,2E0,2E0,1E0],"tree_param":{"num_deleted":"0","num_feature":"2","num_nodes":"9","size_leaf_vector":"1"}},{"base_weights":[-4.5546645E-1,-1.0017448E1,7.5887628E0,-1.6071907E0,-4.485857E0,3.590412E-1,1.0390309E0,-5.2336633E-1,-1.1212196E-1],"categories":[],"categories_nodes":[],"categories_segments":[],"categories_sizes":[],"default_left":[0,0,0,0,0,0,0,0,0],"id":13,"left_children":[1,3,5,-1,7,-1,-1,-1,-1],"loss_changes":[8.452078E2,9.5357605E1,2.990393E1,0E0,4.1962967E0,0E0,0E0,0E0,0E0],"parents":[2147483647,0,0,1,1,2,2,4,4],"right_children":[2,4,6,-1,8,-1,-1,-1,-1],"split_conditions":[6.046661E-1,1.00857235E-1,9.053671E-1,-1.6071907E0,5.030802E-1,3.590412E-1,1.0390309E0,-5.2336633E-1,-1.1212196E-1],"split_indices":[0,0,0,0,0,0,0,0,0],"split_type":[0,0,0,0,0,0,0,0,0],"sum_hessian":[9E0,4E0,5E0,1E0,3E0,3E0,2E0,2E0,1E0],"tree_param":{"num_deleted":"0","num_feature":"2","num_nodes":"9","size_leaf_vector":"1"}},{"base_weights":[-4.9437943E-1,-9.464238E0,7.062899E0,-1.526831E0,-4.196142E0,1.0631943E-1,8.0502015E-1,-4.8847505E-1,-1.06515884E-1],"categories":[],"categories_nodes":[],"categories_segments":[],"categories_sizes":[],"default_left":[0,0,0,0,0,0,0,0,0],"id":14,"left_children":[1,3,5,-1,7,-1,-1,-1,-1],"loss_changes":[7.4472217E2,8.881406E1,2.6982208E1,0E0,3.421051E0,0E0,0E0,0E0,0E0],"parents":[2147483647,0,0,1,1,2,2,4,4],"right_children":[2,4,6,-1,8,-1,-1,-1,-1],"split_conditions":[6.046661E-1,1.00857235E-1,7.0566887E-1,-1.526831E0,5.030802E-1,1.0631943E-1,8.0502015E-1,-4.8847505E-1,-1.06515884E-1],"split_indices":[0,0,0,0,0,0,0,0,0],"split_type":[0,0,0,0,0,0,0,0,0],"sum_hessian":[9E0,4E0,5E0,1E0,3E0,1E0,4E0,2E0,1E0],"tree_param":{"num_deleted":"0","num_feature":"2","num_nodes":"9","size_leaf_vector":"1"}},{"base_weights":[-5.65992E-1,-8.94218E0,6.5084968E0,-1.4504894E0,-3.9252777E0,2.8920403E-1,9.1609395E-1,-4.5591027E-1,-1.0119019E-1],"categories":[],"categories_nodes":[],"categories_segments":[],"categories_sizes":[],"default_left":[0,0,0,0,0,0,0,0,0],"id":15,"left_children":[1,3,5,-1,7,-1,-1,-1,-1],"loss_changes":[6.507726E2,8.26022E1,3.1060867E1,0E0,2.772915E0,0E0,0E0,0E0,0E0],"parents":[2147483647,0,0,1,1,2,2,4,4],"right_children":[2,4,6,-1,8,-1,-1,-1,-1],"split_conditions":[6.046661E-1,1.00857235E-1,9.053671E-1,-1.4504894E0,5.030802E-1,2.8920403E-1,9.1609395E-1,-4.5591027E-1,-1.0119019E-1],"split_indices":[0,0,0,0,0,0,0,0,0],"split_type":[0,0,0,0,0,0,0,0,0],"sum_hessian":[9E0,4E0,5E0,1E0,3E0,3E0,2E0,2E0,1E0],"tree_param":{"num_deleted":"0","num_feature":"2","num_nodes":"9","size_leaf_vector":"1"}},{"base_weights":[-5.8962023E-1,-8.44948E0,6.0585327E0,-1.3779649E0,-3.6720257E0,2.6751405E-1,8.550212E-1,-4.2551628E-1,-9.613075E-2],"categories":[],"categories_nodes":[],"categories_segments":[],"categories_sizes":[],"default_left":[0,0,0,0,0,0,0,0,0],"id":16,"left_children":[1,3,5,-1,7,-1,-1,-1,-1],"loss_changes":[5.737269E2,7.672394E1,2.7708954E1,0E0,2.2323608E0,0E0,0E0,0E0,0E0],"parents":[2147483647,0,0,1,1,2,2,4,4],"right_children":[2,4,6,-1,8,-1,-1,-1,-1],"split_conditions":[6.046661E-1,1.00857235E-1,9.053671E-1,-1.3779649E0,5.030802E-1,2.6751405E-1,8.550212E-1,-4.2551628E-1,-9.613075E-2],"split_indices":[0,0,0,0,0,0,0,0,0],"split_type":[0,0,0,0,0,0,0,0,0],"sum_hessian":[9E0,4E0,5E0,1E0,3E0,3E0,2E0,2E0,1E0],"tree_param":{"num_deleted":"0","num_feature":"2","num_nodes":"9","size_leaf_vector":"1"}},{"base_weights":[-6.083679E-1,-7.984454E0,5.6397653E0,-1.3090664E0,-3.435236E0,2.4745026E0,7.980194E-1,-3.9714864E-1,-9.132423E-2,7.316742E-2,2.811554E-1],"categories":[],"categories_nodes":[],"categories_segments":[],"categories_sizes":[],"default_left":[0,0,0,0,0,0,0,0,0,0,0],"id":17,"left_children":[1,3,5,-1,7,9,-1,-1,-1,-1,-1],"loss_changes":[5.0589813E2,7.117679E1,2.4701416E1,0E0,1.782753E0,2.9255104E-1,0E0,0E0,0E0,0E0,0E0],"parents":[2147483647,0,0,1,1,2,2,4,4,5,5],"right_children":[2,4,6,-1,8,10,-1,-1,-1,-1,-1],"split_conditions":[6.046661E-1,1.00857235E-1,9.053671E-1,-1.3090664E0,5.030802E-1,7.0566887E-1,7.980194E-1,-3.9714864E-1,-9.132423E-2,7.316742E-2,2.811554E-1],"split_indices":[0,0,0,0,0,0,0,0,0,0,0],"split_type":[0,0,0,0,0,0,0,0,0,0,0],"sum_hessian":[9E0,4E0,5E0,1E0,3E0,3E0,2E0,2E0,1E0,1E0,2E0],"tree_param":{"num_deleted":"0","num_feature":"2","num_nodes":"11","size_leaf_vector":"1"}},{"base_weights":[-6.1205137E-1,-8.998106E0,4.2674155E0,-1.2436131E0,-3.706721E-1,-1.14992775E-1,6.043378E0,-8.675804E-2,6.9509126E-2,2.624115E-1,7.4481815E-1],"categories":[],"categories_nodes":[],"categories_segments":[],"categories_sizes":[],"default_left":[0,0,0,0,0,0,0,0,0,0,0],"id":18,"left_children":[1,3,5,-1,-1,7,9,-1,-1,-1,-1],"loss_changes":[4.4759344E2,2.667038E1,5.5175896E1,0E0,0E0,2.4320254E0,4.4720764E0,0E0,0E0,0E0,0E0],"parents":[2147483647,0,0,1,1,2,2,5,5,6,6],"right_children":[2,4,6,-1,-1,8,10,-1,-1,-1,-1],"split_conditions":[5.030802E-1,1.00857235E-1,7.0566887E-1,-1.2436131E0,-3.706721E-1,6.046661E-1,9.053671E-1,-8.675804E-2,6.9509126E-2,2.624115E-1,7.4481815E-1],"split_indices":[0,0,0,0,0,0,0,0,0,0,0],"split_type":[0,0,0,0,0,0,0,0,0,0,0],"sum_hessian":[9E0,3E0,6E0,1E0,2E0,2E0,4E0,1E0,1E0,2E0,2E0],"tree_param":{"num_deleted":"0","num_feature":"2","num_nodes":"11","size_leaf_vector":"1"}},{"base_weights":[-6.1327285E-1,-8.501865E0,3.9821048E0,-1.1814324E0,-3.459605E-1,-1.0924021E-1,5.6404905E0,-8.241997E-2,6.603394E-2,2.449178E-1,6.9516397E-1],"categories":[],"categories_nodes":[],"categories_segments":[],"categories_sizes":[],"default_left":[0,0,0,0,0,0,0,0,0,0,0],"id":19,"left_children":[1,3,5,-1,-1,7,9,-1,-1,-1,-1],"loss_changes":[3.963659E2,2.5936188E1,4.8111374E1,0E0,0E0,2.1949062E0,3.89563E0,0E0,0E0,0E0,0E0],"parents":[2147483647,0,0,1,1,2,2,5,5,6,6],"right_children":[2,4,6,-1,-1,8,10,-1,-1,-1,-1],"split_conditions":[5.030802E-1,1.00857235E-1,7.0566887E-1,-1.1814324E0,-3.459605E-1,6.046661E-1,9.053671E-1,-8.241997E-2,6.603394E-2,2.449178E-1,6.9516397E-1],"split_indices":[0,0,0,0,0,0,0,0,0,0,0],"split_type":[0,0,0,0,0,0,0,0,0,0,0],"sum_hessian":[9E0,3E0,6E0,1E0,2E0,2E0,4E0,1E0,1E0,2E0,2E0],"tree_param":{"num_deleted":"0","num_feature":"2","num_nodes":"11","size_leaf_vector":"1"}},{"base_weights":[-6.123146E-1,-8.033525E0,3.7158508E0,-1.1223606E0,-3.2289633E-1,-1.0378011E-1,5.264459E0,-7.829895E-2,6.273194E-2,2.2858989E-1,6.4882E-1],"categories":[],"categories_nodes":[],"categories_segments":[],"categories_sizes":[],"default_left":[0,0,0,0,0,0,0,0,0,0,0],"id":20,"left_children":[1,3,5,-1,-1,7,9,-1,-1,-1,-1],"loss_changes":[3.5105365E2,2.506717E1,4.195215E1,0E0,0E0,1.9808931E0,3.3935547E0,0E0,0E0,0E0,0E0],"parents":[2147483647,0,0,1,1,2,2,5,5,6,6],"right_children":[2,4,6,-1,-1,8,10,-1,-1,-1,-1],"split_conditions":[5.030802E-1,1.00857235E-1,7.0566887E-1,-1.1223606E0,-3.2289633E-1,6.046661E-1,9.053671E-1,-7.829895E-2,6.273194E-2,2.2858989E-1,6.4882E-1],"split_indices":[0,0,0,0,0,0,0,0,0,0,0],"split_type":[0,0,0,0,0,0,0,0,0,0,0],"sum_hessian":[9E0,3E0,6E0,1E0,2E0,2E0,4E0,1E0,1E0,2E0,2E0],"tree_param":{"num_deleted":"0","num_feature":"2","num_nodes":"11","size_leaf_vector":"1"}},{"base_weights":[-6.094238E-1,-7.591486E0,3.4673865E0,-1.0662426E0,-3.0136976E-1,-9.858958E-2,4.913495E0,-7.438393E-2,5.959549E-2,2.1335042E-1,6.055654E-1],"categories":[],"categories_nodes":[],"categories_segments":[],"categories_sizes":[],"default_left":[0,0,0,0,0,0,0,0,0,0,0],"id":21,"left_children":[1,3,5,-1,-1,7,9,-1,-1,-1,-1],"loss_changes":[3.1096808E2,2.4099121E1,3.6581932E1,0E0,0E0,1.7877585E0,2.956192E0,0E0,0E0,0E0,0E0],"parents":[2147483647,0,0,1,1,2,2,5,5,6,6],"right_children":[2,4,6,-1,-1,8,10,-1,-1,-1,-1],"split_conditions":[5.030802E-1,1.00857235E-1,7.0566887E-1,-1.0662426E0,-3.0136976E-1,6.046661E-1,9.053671E-1,-7.438393E-2,5.959549E-2,2.1335042E-1,6.055654E-1],"split_indices":[0,0,0,0,0,0,0,0,0,0,0],"split_type":[0,0,0,0,0,0,0,0,0,0,0],"sum_hessian":[9E0,3E0,6E0,1E0,2E0,2E0,4E0,1E0,1E0,2E0,2E0],"tree_param":{"num_deleted":"0","num_feature":"2","num_nodes":"11","size_leaf_vector":"1"}},{"base_weights":[-6.0482866E-1,-7.17424E0,3.235525E0,-1.0129303E0,-2.812785E-1,-9.366099E-2,4.5859313E0,-7.06646E-2,5.661545E-2,1.991272E-1,5.651947E-1],"categories":[],"categories_nodes":[],"categories_segments":[],"categories_sizes":[],"default_left":[0,0,0,0,0,0,0,0,0,0,0],"id":22,"left_children":[1,3,5,-1,-1,7,9,-1,-1,-1,-1],"loss_changes":[2.7550107E2,2.3061935E1,3.1899796E1,0E0,0E0,1.6134417E0,2.57518E0,0E0,0E0,0E0,0E0],"parents":[2147483647,0,0,1,1,2,2,5,5,6,6],"right_children":[2,4,6,-1,-1,8,10,-1,-1,-1,-1],"split_conditions":[5.030802E-1,1.00857235E-1,7.0566887E-1,-1.0129303E0,-2.812785E-1,6.046661E-1,9.053671E-1,-7.06646E-2,5.661545E-2,1.991272E-1,5.651947E-1],"split_indices":[0,0,0,0,0,0,0,0,0,0,0],"split_type":[0,0,0,0,0,0,0,0,0,0,0],"sum_hessian":[9E0,3E0,6E0,1E0,2E0,2E0,4E0,1E0,1E0,2E0,2E0],"tree_param":{"num_deleted":"0","num_feature":"2","num_nodes":"11","size_leaf_vector":"1"}},{"base_weights":[-5.987396E-1,-6.780367E0,3.019153E0,-9.6228373E-1,-2.6252645E-1,-8.897654E-2,4.2802E0,-6.713142E-2,5.3784944E-2,1.8585205E-1,5.2751464E-1],"categories":[],"categories_nodes":[],"categories_segments":[],"categories_sizes":[],"default_left":[0,0,0,0,0,0,0,0,0,0,0],"id":23,"left_children":[1,3,5,-1,-1,7,9,-1,-1,-1,-1],"loss_changes":[2.4411562E2,2.198053E1,2.7817322E1,0E0,0E0,1.4561392E0,2.2432404E0,0E0,0E0,0E0,0E0],"parents":[2147483647,0,0,1,1,2,2,5,5,6,6],"right_children":[2,4,6,-1,-1,8,10,-1,-1,-1,-1],"split_conditions":[5.030802E-1,1.00857235E-1,7.0566887E-1,-9.6228373E-1,-2.6252645E-1,6.046661E-1,9.053671E-1,-6.713142E-2,5.3784944E-2,1.8585205E-1,5.2751464E-1],"split_indices":[0,0,0,0,0,0,0,0,0,0,0],"split_type":[0,0,0,0,0,0,0,0,0,0,0],"sum_hessian":[9E0,3E0,6E0,1E0,2E0,2E0,4E0,1E0,1E0,2E0,2E0],"tree_param":{"num_deleted":"0","num_feature":"2","num_nodes":"11","size_leaf_vector":"1"}},{"base_weights":[-5.913445E-1,-6.408533E0,2.8172412E0,-9.141697E-1,-2.450246E-1,-8.45286E-2,3.9948547E0,-6.377488E-2,5.1095583E-2,2.1472664E-1,5.692604E-1],"categories":[],"categories_nodes":[],"categories_segments":[],"categories_sizes":[],"default_left":[0,0,0,0,0,0,0,0,0,0,0],"id":24,"left_children":[1,3,5,-1,-1,7,9,-1,-1,-1,-1],"loss_changes":[2.1633823E2,2.0875183E1,2.4257835E1,0E0,0E0,1.3141633E0,3.4601746E0,0E0,0E0,0E0,0E0],"parents":[2147483647,0,0,1,1,2,2,5,5,6,6],"right_children":[2,4,6,-1,-1,8,10,-1,-1,-1,-1],"split_conditions":[5.030802E-1,1.00857235E-1,7.0566887E-1,-9.141697E-1,-2.450246E-1,6.046661E-1,1E0,-6.377488E-2,5.1095583E-2,2.1472664E-1,5.692604E-1],"split_indices":[0,0,0,0,0,0,0,0,0,0,0],"split_type":[0,0,0,0,0,0,0,0,0,0,0],"sum_hessian":[9E0,3E0,6E0,1E0,2E0,2E0,4E0,1E0,1E0,3E0,1E0],"tree_param":{"num_deleted":"0","num_feature":"2","num_nodes":"11","size_leaf_vector":"1"}},{"base_weights":[-5.709976E-1,-6.057478E0,2.645705E0,-8.6846125E-1,-2.2868958E-1,4.4346046E-1,4.1865234E0,-6.0586166E-2,9.951884E-2,1.9767152E-1,5.407974E-1],"categories":[],"categories_nodes":[],"categories_segments":[],"categories_sizes":[],"default_left":[0,0,0,0,0,0,0,0,0,0,0],"id":25,"left_children":[1,3,5,-1,-1,7,9,-1,-1,-1,-1],"loss_changes":[1.9251007E2,1.9762512E1,2.1896252E1,0E0,0E0,2.9187078E0,1.06666565E-1,0E0,0E0,0E0,0E0],"parents":[2147483647,0,0,1,1,2,2,5,5,6,6],"right_children":[2,4,6,-1,-1,8,10,-1,-1,-1,-1],"split_conditions":[5.030802E-1,1.00857235E-1,8.055307E-1,-8.6846125E-1,-2.2868958E-1,6.046661E-1,1E0,-6.0586166E-2,9.951884E-2,1.9767152E-1,5.407974E-1],"split_indices":[0,0,0,0,0,0,0,0,0,0,0],"split_type":[0,0,0,0,0,0,0,0,0,0,0],"sum_hessian":[9E0,3E0,6E0,1E0,2E0,3E0,3E0,1E0,2E0,2E0,1E0],"tree_param":{"num_deleted":"0","num_feature":"2","num_nodes":"11","size_leaf_vector":"1"}},{"base_weights":[-5.45874E-1,-5.726017E0,2.4921896E0,-8.2503814E-1,-2.134435E-1,4.088478E-1,3.9524841E0,-5.7556916E-2,9.2884324E-2,1.84493E-1,5.1375735E-1],"categories":[],"categories_nodes":[],"categories_segments":[],"categories_sizes":[],"default_left":[0,0,0,0,0,0,0,0,0,0,0],"id":26,"left_children":[1,3,5,-1,-1,7,9,-1,-1,-1,-1],"loss_changes":[1.7164636E2,1.8655945E1,1.9680084E1,0E0,0E0,2.5821826E0,5.120964E-1,0E0,0E0,0E0,0E0],"parents":[2147483647,0,0,1,1,2,2,5,5,6,6],"right_children":[2,4,6,-1,-1,8,10,-1,-1,-1,-1],"split_conditions":[5.030802E-1,1.00857235E-1,8.055307E-1,-8.2503814E-1,-2.134435E-1,6.046661E-1,1E0,-5.7556916E-2,9.2884324E-2,1.84493E-1,5.1375735E-1],"split_indices":[0,0,0,0,0,0,0,0,0,0,0],"split_type":[0,0,0,0,0,0,0,0,0,0,0],"sum_hessian":[9E0,3E0,6E0,1E0,2E0,3E0,3E0,1E0,2E0,2E0,1E0],"tree_param":{"num_deleted":"0","num_feature":"2","num_nodes":"11","size_leaf_vector":"1"}},{"base_weights":[-5.217781E-1,-5.4130383E0,2.3477674E0,-7.837864E-1,-1.9921418E-1,3.7679672E-1,3.7317963E0,-5.4679107E-2,8.66923E-2,1.721934E-1,4.8806915E-1],"categories":[],"categories_nodes":[],"categories_segments":[],"categories_sizes":[],"default_left":[0,0,0,0,0,0,0,0,0,0,0],"id":27,"left_children":[1,3,5,-1,-1,7,9,-1,-1,-1,-1],"loss_changes":[1.530655E2,1.7566177E1,1.768903E1,0E0,0E0,2.2847245E0,8.322563E-1,0E0,0E0,0E0,0E0],"parents":[2147483647,0,0,1,1,2,2,5,5,6,6],"right_children":[2,4,6,-1,-1,8,10,-1,-1,-1,-1],"split_conditions":[5.030802E-1,1.00857235E-1,8.055307E-1,-7.837864E-1,-1.9921418E-1,6.046661E-1,1E0,-5.4679107E-2,8.66923E-2,1.721934E-1,4.8806915E-1],"split_indices":[0,0,0,0,0,0,0,0,0,0,0],"split_type":[0,0,0,0,0,0,0,0,0,0,0],"sum_hessian":[9E0,3E0,6E0,1E0,2E0,3E0,3E0,1E0,2E0,2E0,1E0],"tree_param":{"num_deleted":"0","num_feature":"2","num_nodes":"11","size_leaf_vector":"1"}},{"base_weights":[-4.986725E-1,-5.117487E0,2.211889E0,-7.4459726E-1,-1.8593344E-1,-1.157252E-1,3.1660798E0,-5.1945116E-2,3.4586336E-2,1.6392708E-1,4.6366578E-1],"categories":[],"categories_nodes":[],"categories_segments":[],"categories_sizes":[],"default_left":[0,0,0,0,0,0,0,0,0,0,0],"id":28,"left_children":[1,3,5,-1,-1,7,9,-1,-1,-1,-1],"loss_changes":[1.3651512E2,1.6501686E1,1.5913311E1,0E0,0E0,7.387249E-1,3.625721E0,0E0,0E0,0E0,0E0],"parents":[2147483647,0,0,1,1,2,2,5,5,6,6],"right_children":[2,4,6,-1,-1,8,10,-1,-1,-1,-1],"split_conditions":[5.030802E-1,1.00857235E-1,7.0566887E-1,-7.4459726E-1,-1.8593344E-1,6.046661E-1,1E0,-5.1945116E-2,3.4586336E-2,1.6392708E-1,4.6366578E-1],"split_indices":[0,0,0,0,0,0,0,0,0,0,0],"split_type":[0,0,0,0,0,0,0,0,0,0,0],"sum_hessian":[9E0,3E0,6E0,1E0,2E0,2E0,4E0,1E0,1E0,3E0,1E0],"tree_param":{"num_deleted":"0","num_feature":"2","num_nodes":"11","size_leaf_vector":"1"}},{"base_weights":[-4.808342E-1,-4.8383694E0,2.0778766E0,-7.0736736E-1,-1.735377E-1,3.1048203E-1,3.3258018E0,-4.9347688E-2,7.4296065E-2,1.4978537E-1,4.4048235E-1],"categories":[],"categories_nodes":[],"categories_segments":[],"categories_sizes":[],"default_left":[0,0,0,0,0,0,0,0,0,0,0],"id":29,"left_children":[1,3,5,-1,-1,7,9,-1,-1,-1,-1],"loss_changes":[1.2155026E2,1.5469032E1,1.4406433E1,0E0,0E0,1.7574137E0,1.2918015E0,0E0,0E0,0E0,0E0],"parents":[2147483647,0,0,1,1,2,2,5,5,6,6],"right_children":[2,4,6,-1,-1,8,10,-1,-1,-1,-1],"split_conditions":[5.030802E-1,1.00857235E-1,8.055307E-1,-7.0736736E-1,-1.735377E-1,6.046661E-1,1E0,-4.9347688E-2,7.4296065E-2,1.4978537E-1,4.4048235E-1],"split_indices":[0,0,0,0,0,0,0,0,0,0,0],"split_type":[0,0,0,0,0,0,0,0,0,0,0],"sum_hessian":[9E0,3E0,6E0,1E0,2E0,3E0,3E0,1E0,2E0,2E0,1E0],"tree_param":{"num_deleted":"0","num_feature":"2","num_nodes":"11","size_leaf_vector":"1"}},{"base_weights":[-4.5931777E-1,-4.5747585E0,1.9579794E0,-6.71999E-1,-1.6196848E-1,6.0685426E-1,3.557195E-1,-4.6880342E-2,9.929695E-1,2.9141998E-2,1.1296793E-1],"categories":[],"categories_nodes":[],"categories_segments":[],"categories_sizes":[],"default_left":[0,0,0,0,0,0,0,0,0,0,0],"id":30,"left_children":[1,3,5,-1,-1,7,-1,-1,9,-1,-1],"loss_changes":[1.0843972E2,1.4473007E1,1.2966488E1,0E0,0E0,2.5421462E0,0E0,0E0,5.4424047E-2,0E0,0E0],"parents":[2147483647,0,0,1,1,2,2,5,5,8,8],"right_children":[2,4,6,-1,-1,8,-1,-1,10,-1,-1],"split_conditions":[5.030802E-1,1.00857235E-1,9.053671E-1,-6.71999E-1,-1.6196848E-1,6.046661E-1,3.557195E-1,-4.6880342E-2,7.0566887E-1,2.9141998E-2,1.1296793E-1],"split_indices":[0,0,0,0,0,0,0,0,0,0,0],"split_type":[0,0,0,0,0,0,0,0,0,0,0],"sum_hessian":[9E0,3E0,6E0,1E0,2E0,4E0,2E0,1E0,3E0,1E0,2E0],"tree_param":{"num_deleted":"0","num_feature":"2","num_nodes":"11","size_leaf_vector":"1"}},{"base_weights":[-4.5168456E-1,-4.3257732E0,1.8266068E0,-6.383991E-1,-1.5117036E-1,7.954648E-1,4.006729E-1,-4.453621E-2,1.1327026E0,2.7684784E-2,1.2774543E-1],"categories":[],"categories_nodes":[],"categories_segments":[],"categories_sizes":[],"default_left":[0,0,0,0,0,0,0,0,0,0,0],"id":31,"left_children":[1,3,5,-1,-1,7,-1,-1,9,-1,-1],"loss_changes":[9.616451E1,1.3517174E1,1.2548899E1,0E0,0E0,3.015185E0,0E0,0E0,2.6577187E-1,0E0,0E0],"parents":[2147483647,0,0,1,1,2,2,5,5,8,8],"right_children":[2,4,6,-1,-1,8,-1,-1,10,-1,-1],"split_conditions":[5.030802E-1,1.00857235E-1,1E0,-6.383991E-1,-1.5117036E-1,6.046661E-1,4.006729E-1,-4.453621E-2,7.0566887E-1,2.7684784E-2,1.2774543E-1],"split_indices":[0,0,0,0,0,0,0,0,0,0,0],"split_type":[0,0,0,0,0,0,0,0,0,0,0],"sum_hessian":[9E0,3E0,6E0,1E0,2E0,5E0,1E0,1E0,4E0,1E0,3E0],"tree_param":{"num_deleted":"0","num_feature":"2","num_nodes":"11","size_leaf_vector":"1"}},{"base_weights":[-4.3431625E-1,-4.0905895E0,1.7170279E0,-6.064793E-1,-1.4109243E-1,7.3440045E-1,3.8063964E-1,-4.230957E-2,1.0505188E0,2.6300812E-2,1.1816444E-1],"categories":[],"categories_nodes":[],"categories_segments":[],"categories_sizes":[],"default_left":[0,0,0,0,0,0,0,0,0,0,0],"id":32,"left_children":[1,3,5,-1,-1,7,-1,-1,9,-1,-1],"loss_changes":[8.568268E1,1.2603851E1,1.15760765E1,0E0,0E0,2.639905E0,0E0,0E0,2.0553207E-1,0E0,0E0],"parents":[2147483647,0,0,1,1,2,2,5,5,8,8],"right_children":[2,4,6,-1,-1,8,-1,-1,10,-1,-1],"split_conditions":[5.030802E-1,1.00857235E-1,1E0,-6.064793E-1,-1.4109243E-1,6.046661E-1,3.8063964E-1,-4.230957E-2,7.0566887E-1,2.6300812E-2,1.1816444E-1],"split_indices":[0,0,0,0,0,0,0,0,0,0,0],"split_type":[0,0,0,0,0,0,0,0,0,0,0],"sum_hessian":[9E0,3E0,6E0,1E0,2E0,5E0,1E0,1E0,4E0,1E0,3E0],"tree_param":{"num_deleted":"0","num_feature":"2","num_nodes":"11","size_leaf_vector":"1"}},{"base_weights":[-4.1736373E-1,-3.8684254E0,1.6142949E0,-5.761555E-1,-1.316864E-1,6.7798615E-1,3.6160737E-1,-4.019394E-2,9.7435915E-1,2.4985505E-2,1.0930214E-1],"categories":[],"categories_nodes":[],"categories_segments":[],"categories_sizes":[],"default_left":[0,0,0,0,0,0,0,0,0,0,0],"id":33,"left_children":[1,3,5,-1,-1,7,-1,-1,9,-1,-1],"loss_changes":[7.635857E1,1.1734554E1,1.0668333E1,0E0,0E0,2.3119981E0,0E0,0E0,1.5675926E-1,0E0,0E0],"parents":[2147483647,0,0,1,1,2,2,5,5,8,8],"right_children":[2,4,6,-1,-1,8,-1,-1,10,-1,-1],"split_conditions":[5.030802E-1,1.00857235E-1,1E0,-5.761555E-1,-1.316864E-1,6.046661E-1,3.6160737E-1,-4.019394E-2,7.0566887E-1,2.4985505E-2,1.0930214E-1],"split_indices":[0,0,0,0,0,0,0,0,0,0,0],"split_type":[0,0,0,0,0,0,0,0,0,0,0],"sum_hessian":[9E0,3E0,6E0,1E0,2E0,5E0,1E0,1E0,4E0,1E0,3E0],"tree_param":{"num_deleted":"0","num_feature":"2","num_nodes":"11","size_leaf_vector":"1"}},{"base_weights":[-4.0083998E-1,-4.431646E0,1.1608171E0,-5.4734766E-1,-1.17399216E-1,-1.1978302E-1,2.471363E0,-7.009761E-2,5.0133772E-2,1.00496925E-1,3.4352723E-1],"categories":[],"categories_nodes":[],"categories_segments":[],"categories_sizes":[],"default_left":[0,0,0,0,0,0,0,0,0,0,0],"id":34,"left_children":[1,3,5,-1,-1,7,9,-1,-1,-1,-1],"loss_changes":[6.80917E1,3.755951E0,1.372231E1,0E0,0E0,2.156381E0,2.201538E0,0E0,0E0,0E0,0E0],"parents":[2147483647,0,0,1,1,2,2,5,5,6,6],"right_children":[2,4,6,-1,-1,8,10,-1,-1,-1,-1],"split_conditions":[2.0133993E-1,1.00857235E-1,8.055307E-1,-5.4734766E-1,-1.17399216E-1,6.046661E-1,1E0,-7.009761E-2,5.0133772E-2,1.00496925E-1,3.4352723E-1],"split_indices":[0,0,0,0,0,0,0,0,0,0,0],"split_type":[0,0,0,0,0,0,0,0,0,0,0],"sum_hessian":[9E0,2E0,7E0,1E0,1E0,4E0,3E0,2E0,2E0,2E0,1E0],"tree_param":{"num_deleted":"0","num_feature":"2","num_nodes":"11","size_leaf_vector":"1"}},{"base_weights":[-3.8482437E-1,-4.2100625E0,1.097743E0,-5.1998025E-1,-1.11529164E-1,3.2213157E-1,3.2635117E-1,-6.5424345E-2,8.435303E-1,2.1229554E-2,9.482651E-2],"categories":[],"categories_nodes":[],"categories_segments":[],"categories_sizes":[],"default_left":[0,0,0,0,0,0,0,0,0,0,0],"id":35,"left_children":[1,3,5,-1,-1,7,-1,-1,9,-1,-1],"loss_changes":[6.13333E1,3.3897552E0,1.2387079E1,0E0,0E0,4.115439E0,0E0,0E0,1.2924838E-1,0E0,0E0],"parents":[2147483647,0,0,1,1,2,2,5,5,8,8],"right_children":[2,4,6,-1,-1,8,-1,-1,10,-1,-1],"split_conditions":[2.0133993E-1,1.00857235E-1,1E0,-5.1998025E-1,-1.11529164E-1,6.046661E-1,3.2635117E-1,-6.5424345E-2,7.0566887E-1,2.1229554E-2,9.482651E-2],"split_indices":[0,0,0,0,0,0,0,0,0,0,0],"split_type":[0,0,0,0,0,0,0,0,0,0,0],"sum_hessian":[9E0,2E0,7E0,1E0,1E0,6E0,1E0,2E0,4E0,1E0,3E0],"tree_param":{"num_deleted":"0","num_feature":"2","num_nodes":"11","size_leaf_vector":"1"}},{"base_weights":[-3.7179717E-1,-3.99956E0,1.0350885E0,-4.9398118E-1,-1.0595284E-1,2.9714856E-1,3.100334E-1,-6.106288E-2,7.8238523E-1,2.0168304E-2,8.771401E-2],"categories":[],"categories_nodes":[],"categories_segments":[],"categories_sizes":[],"default_left":[0,0,0,0,0,0,0,0,0,0,0],"id":36,"left_children":[1,3,5,-1,-1,7,-1,-1,9,-1,-1],"loss_changes":[5.5178375E1,3.0592384E0,1.1270958E1,0E0,0E0,3.561155E0,0E0,0E0,9.821725E-2,0E0,0E0],"parents":[2147483647,0,0,1,1,2,2,5,5,8,8],"right_children":[2,4,6,-1,-1,8,-1,-1,10,-1,-1],"split_conditions":[2.0133993E-1,1.00857235E-1,1E0,-4.9398118E-1,-1.0595284E-1,6.046661E-1,3.100334E-1,-6.106288E-2,7.0566887E-1,2.0168304E-2,8.771401E-2],"split_indices":[0,0,0,0,0,0,0,0,0,0,0],"split_type":[0,0,0,0,0,0,0,0,0,0,0],"sum_hessian":[9E0,2E0,7E0,1E0,1E0,6E0,1E0,2E0,4E0,1E0,3E0],"tree_param":{"num_deleted":"0","num_feature":"2","num_nodes":"11","size_leaf_vector":"1"}},{"base_weights":[-3.5892335E-1,-3.7995834E0,9.761896E-1,-4.6928215E-1,-1.0065537E-1,2.7412525E-1,2.9453203E-1,-5.6991834E-2,7.257263E-1,1.9159699E-2,8.113594E-2],"categories":[],"categories_nodes":[],"categories_segments":[],"categories_sizes":[],"default_left":[0,0,0,0,0,0,0,0,0,0,0],"id":37,"left_children":[1,3,5,-1,-1,7,-1,-1,9,-1,-1],"loss_changes":[4.964581E1,2.7609482E0,1.0252264E1,0E0,0E0,3.0818014E0,0E0,0E0,7.324171E-2,0E0,0E0],"parents":[2147483647,0,0,1,1,2,2,5,5,8,8],"right_children":[2,4,6,-1,-1,8,-1,-1,10,-1,-1],"split_conditions":[2.0133993E-1,1.00857235E-1,1E0,-4.6928215E-1,-1.0065537E-1,6.046661E-1,2.9453203E-1,-5.6991834E-2,7.0566887E-1,1.9159699E-2,8.113594E-2],"split_indices":[0,0,0,0,0,0,0,0,0,0,0],"split_type":[0,0,0,0,0,0,0,0,0,0,0],"sum_hessian":[9E0,2E0,7E0,1E0,1E0,6E0,1E0,2E0,4E0,1E0,3E0],"tree_param":{"num_deleted":"0","num_feature":"2","num_nodes":"11","size_leaf_vector":"1"}},{"base_weights":[-3.4623948E-1,-3.609604E0,9.208021E-1,-4.4581795E-1,-9.562264E-2,2.5290027E-1,2.7980575E-1,-5.3192396E-2,6.7321473E-1,1.8201446E-2,7.505112E-2],"categories":[],"categories_nodes":[],"categories_segments":[],"categories_sizes":[],"default_left":[0,0,0,0,0,0,0,0,0,0,0],"id":38,"left_children":[1,3,5,-1,-1,7,-1,-1,9,-1,-1],"loss_changes":[4.4671913E1,2.4917488E0,9.322948E0,0E0,0E0,2.6672099E0,0E0,0E0,5.3236008E-2,0E0,0E0],"parents":[2147483647,0,0,1,1,2,2,5,5,8,8],"right_children":[2,4,6,-1,-1,8,-1,-1,10,-1,-1],"split_conditions":[2.0133993E-1,1.00857235E-1,1E0,-4.4581795E-1,-9.562264E-2,6.046661E-1,2.7980575E-1,-5.3192396E-2,7.0566887E-1,1.8201446E-2,7.505112E-2],"split_indices":[0,0,0,0,0,0,0,0,0,0,0],"split_type":[0,0,0,0,0,0,0,0,0,0,0],"sum_hessian":[9E0,2E0,7E0,1E0,1E0,6E0,1E0,2E0,4E0,1E0,3E0],"tree_param":{"num_deleted":"0","num_feature":"2","num_nodes":"11","size_leaf_vector":"1"}},{"base_weights":[-3.3377534E-1,-3.4291255E0,8.687029E-1,-4.2352715E-1,-9.084167E-2,2.3332977E-1,2.6581573E-1,-4.964625E-2,6.245392E-1,1.729126E-2,6.942177E-2],"categories":[],"categories_nodes":[],"categories_segments":[],"categories_sizes":[],"default_left":[0,0,0,0,0,0,0,0,0,0,0],"id":39,"left_children":[1,3,5,-1,-1,7,-1,-1,9,-1,-1],"loss_changes":[4.0199806E1,2.248783E0,8.475544E0,0E0,0E0,2.3085716E0,0E0,0E0,3.7304163E-2,0E0,0E0],"parents":[2147483647,0,0,1,1,2,2,5,5,8,8],"right_children":[2,4,6,-1,-1,8,-1,-1,10,-1,-1],"split_conditions":[2.0133993E-1,1.00857235E-1,1E0,-4.2352715E-1,-9.084167E-2,6.046661E-1,2.6581573E-1,-4.964625E-2,7.0566887E-1,1.729126E-2,6.942177E-2],"split_indices":[0,0,0,0,0,0,0,0,0,0,0],"split_type":[0,0,0,0,0,0,0,0,0,0,0],"sum_hessian":[9E0,2E0,7E0,1E0,1E0,6E0,1E0,2E0,4E0,1E0,3E0],"tree_param":{"num_deleted":"0","num_feature":"2","num_nodes":"11","size_leaf_vector":"1"}},{"base_weights":[-3.2154694E-1,-3.2576675E0,8.1969166E-1,-4.0235063E-1,-8.6299516E-2,2.1528952E-1,2.5252533E-1,-4.6336617E-2,5.7942504E-1,1.642685E-2,6.421471E-2],"categories":[],"categories_nodes":[],"categories_segments":[],"categories_sizes":[],"default_left":[0,0,0,0,0,0,0,0,0,0,0],"id":40,"left_children":[1,3,5,-1,-1,7,-1,-1,9,-1,-1],"loss_changes":[3.6178425E1,2.0295315E0,7.7030993E0,0E0,0E0,1.9983445E0,0E0,0E0,2.471292E-2,0E0,0E0],"parents":[2147483647,0,0,1,1,2,2,5,5,8,8],"right_children":[2,4,6,-1,-1,8,-1,-1,10,-1,-1],"split_conditions":[2.0133993E-1,1.00857235E-1,1E0,-4.0235063E-1,-8.6299516E-2,6.046661E-1,2.5252533E-1,-4.6336617E-2,7.0566887E-1,1.642685E-2,6.421471E-2],"split_indices":[0,0,0,0,0,0,0,0,0,0,0],"split_type":[0,0,0,0,0,0,0,0,0,0,0],"sum_hessian":[9E0,2E0,7E0,1E0,1E0,6E0,1E0,2E0,4E0,1E0,3E0],"tree_param":{"num_deleted":"0","num_feature":"2","num_nodes":"11","size_leaf_vector":"1"}},{"base_weights":[-3.095749E-1,-3.094785E0,7.735758E-1,-3.8223305E-1,-8.198471E-2,1.986618E-1,2.3989868E-1,-4.3247733E-2,5.376129E-1,1.5605164E-2,5.9399035E-2],"categories":[],"categories_nodes":[],"categories_segments":[],"categories_sizes":[],"default_left":[0,0,0,0,0,0,0,0,0,0,0],"id":41,"left_children":[1,3,5,-1,-1,7,-1,-1,9,-1,-1],"loss_changes":[3.2562073E1,1.8316364E0,6.999185E0,0E0,0E0,1.7299824E0,0E0,0E0,1.4864087E-2,0E0,0E0],"parents":[2147483647,0,0,1,1,2,2,5,5,8,8],"right_children":[2,4,6,-1,-1,8,-1,-1,10,-1,-1],"split_conditions":[2.0133993E-1,1.00857235E-1,1E0,-3.8223305E-1,-8.198471E-2,6.046661E-1,2.3989868E-1,-4.3247733E-2,7.0566887E-1,1.5605164E-2,5.9399035E-2],"split_indices":[0,0,0,0,0,0,0,0,0,0,0],"split_type":[0,0,0,0,0,0,0,0,0,0,0],"sum_hessian":[9E0,2E0,7E0,1E0,1E0,6E0,1E0,2E0,4E0,1E0,3E0],"tree_param":{"num_deleted":"0","num_feature":"2","num_nodes":"11","size_leaf_vector":"1"}},{"base_weights":[-2.9787445E-1,-2.9400456E0,7.3017406E-1,-3.6312142E-1,-7.788544E-2,1.8333109E-1,2.2790375E-1,-4.036433E-2,4.9884948E-1,1.4824676E-2,5.494385E-2],"categories":[],"categories_nodes":[],"categories_segments":[],"categories_sizes":[],"default_left":[0,0,0,0,0,0,0,0,0,0,0],"id":42,"left_children":[1,3,5,-1,-1,7,-1,-1,9,-1,-1],"loss_changes":[2.9309547E1,1.6530552E0,6.3580623E0,0E0,0E0,1.4977657E0,0E0,0E0,7.2307587E-3,0E0,0E0],"parents":[2147483647,0,0,1,1,2,2,5,5,8,8],"right_children":[2,4,6,-1,-1,8,-1,-1,10,-1,-1],"split_conditions":[2.0133993E-1,1.00857235E-1,1E0,-3.6312142E-1,-7.788544E-2,6.046661E-1,2.2790375E-1,-4.036433E-2,7.0566887E-1,1.4824676E-2,5.494385E-2],"split_indices":[0,0,0,0,0,0,0,0,0,0,0],"split_type":[0,0,0,0,0,0,0,0,0,0,0],"sum_hessian":[9E0,2E0,7E0,1E0,1E0,6E0,1E0,2E0,4E0,1E0,3E0],"tree_param":{"num_deleted":"0","num_feature":"2","num_nodes":"11","size_leaf_vector":"1"}},{"base_weights":[-2.8645784E-1,-2.7930424E0,6.8931866E-1,-3.4496537E-1,-7.3991016E-2,1.6919708E-1,2.165085E-1,-3.7673187E-2,4.6291503E-1,1.40831E-2,5.082283E-2],"categories":[],"categories_nodes":[],"categories_segments":[],"categories_sizes":[],"default_left":[0,0,0,0,0,0,0,0,0,0,0],"id":43,"left_children":[1,3,5,-1,-1,7,-1,-1,9,-1,-1],"loss_changes":[2.6383959E1,1.4918957E0,5.7742968E0,0E0,0E0,1.2968388E0,0E0,0E0,1.3991594E-3,0E0,0E0],"parents":[2147483647,0,0,1,1,2,2,5,5,8,8],"right_children":[2,4,6,-1,-1,8,-1,-1,10,-1,-1],"split_conditions":[2.0133993E-1,1.00857235E-1,1E0,-3.4496537E-1,-7.3991016E-2,6.046661E-1,2.165085E-1,-3.7673187E-2,7.0566887E-1,1.40831E-2,5.082283E-2],"split_indices":[0,0,0,0,0,0,0,0,0,0,0],"split_type":[0,0,0,0,0,0,0,0,0,0,0],"sum_hessian":[9E0,2E0,7E0,1E0,1E0,6E0,1E0,2E0,4E0,1E0,3E0],"tree_param":{"num_deleted":"0","num_feature":"2","num_nodes":"11","size_leaf_vector":"1"}},{"base_weights":[-2.7533492E-1,-2.6533916E0,6.5085316E-1,-3.277172E-1,-7.029152E-2,1.5616608E-1,2.0568314E-1,-3.5161592E-2,4.2960208E-2],"categories":[],"categories_nodes":[],"categories_segments":[],"categories_sizes":[],"default_left":[0,0,0,0,0,0,0,0,0],"id":44,"left_children":[1,3,5,-1,-1,7,-1,-1,-1],"loss_changes":[2.3752245E1,1.3464336E0,5.2429466E0,0E0,0E0,1.122976E0,0E0,0E0,0E0],"parents":[2147483647,0,0,1,1,2,2,5,5],"right_children":[2,4,6,-1,-1,8,-1,-1,-1],"split_conditions":[2.0133993E-1,1.00857235E-1,1E0,-3.277172E-1,-7.029152E-2,6.046661E-1,2.0568314E-1,-3.5161592E-2,4.2960208E-2],"split_indices":[0,0,0,0,0,0,0,0,0],"split_type":[0,0,0,0,0,0,0,0,0],"sum_hessian":[9E0,2E0,7E0,1E0,1E0,6E0,1E0,2E0,4E0],"tree_param":{"num_deleted":"0","num_feature":"2","num_nodes":"9","size_leaf_vector":"1"}},{"base_weights":[-2.662514E-1,-2.5207214E0,6.124563E-1,-3.1133118E-1,-6.677704E-2,1.4166805E-1,1.9539872E-1,-3.281733E-1,3.9523926E-1,-3.900185E-2,-1.0224151E-2,1.7442321E-2,4.8430886E-2],"categories":[],"categories_nodes":[],"categories_segments":[],"categories_sizes":[],"default_left":[0,0,0,0,0,0,0,0,0,0,0,0,0],"id":45,"left_children":[1,3,5,-1,-1,7,-1,9,11,-1,-1,-1,-1],"loss_changes":[2.1354033E1,1.2151451E0,4.775798E0,0E0,0E0,9.6367466E-1,0E0,2.0422935E-3,1.3865292E-2,0E0,0E0,0E0,0E0],"parents":[2147483647,0,0,1,1,2,2,5,5,7,7,8,8],"right_children":[2,4,6,-1,-1,8,-1,10,12,-1,-1,-1,-1],"split_conditions":[2.0133993E-1,1.00857235E-1,1E0,-3.1133118E-1,-6.677704E-2,6.046661E-1,1.9539872E-1,5.030802E-1,8.055307E-1,-3.900185E-2,-1.0224151E-2,1.7442321E-2,4.8430886E-2],"split_indices":[0,0,0,0,0,0,0,0,0,0,0,0,0],"split_type":[0,0,0,0,0,0,0,0,0,0,0,0,0],"sum_hessian":[9E0,2E0,7E0,1E0,1E0,6E0,1E0,2E0,4E0,1E0,1E0,2E0,2E0],"tree_param":{"num_deleted":"0","num_feature":"2","num_nodes":"13","size_leaf_vector":"1"}},{"base_weights":[-2.5623244E-1,-2.3946838E0,5.777159E-1,-2.9576454E-1,-6.3438036E-2,1.2987955E-1,1.8562852E-1,-3.1176504E-1,3.6889037E-1,-3.7051775E-2,-9.712982E-3,1.6279602E-2,4.520213E-2],"categories":[],"categories_nodes":[],"categories_segments":[],"categories_sizes":[],"default_left":[0,0,0,0,0,0,0,0,0,0,0,0,0],"id":46,"left_children":[1,3,5,-1,-1,7,-1,9,11,-1,-1,-1,-1],"loss_changes":[1.9217026E1,1.0966778E0,4.3396244E0,0E0,0E0,8.53912E-1,0E0,1.8428564E-3,1.2076795E-2,0E0,0E0,0E0,0E0],"parents":[2147483647,0,0,1,1,2,2,5,5,7,7,8,8],"right_children":[2,4,6,-1,-1,8,-1,10,12,-1,-1,-1,-1],"split_conditions":[2.0133993E-1,1.00857235E-1,1E0,-2.9576454E-1,-6.3438036E-2,6.046661E-1,1.8562852E-1,5.030802E-1,8.055307E-1,-3.7051775E-2,-9.712982E-3,1.6279602E-2,4.520213E-2],"split_indices":[0,0,0,0,0,0,0,0,0,0,0,0,0],"split_type":[0,0,0,0,0,0,0,0,0,0,0,0,0],"sum_hessian":[9E0,2E0,7E0,1E0,1E0,6E0,1E0,2E0,4E0,1E0,1E0,2E0,2E0],"tree_param":{"num_deleted":"0","num_feature":"2","num_nodes":"13","size_leaf_vector":"1"}},{"base_weights":[-2.464943E-1,-2.2749507E0,5.4498863E-1,-2.809765E-1,-6.0266115E-2,1.1899458E-1,1.7634736E-1,-2.961782E-1,3.4429932E-1,-3.5199355E-2,-9.227372E-3,9.545135E-3,3.826485E-2],"categories":[],"categories_nodes":[],"categories_segments":[],"categories_sizes":[],"default_left":[0,0,0,0,0,0,0,0,0,0,0,0,0],"id":47,"left_children":[1,3,5,-1,-1,7,-1,9,11,-1,-1,-1,-1],"loss_changes":[1.729471E1,9.897566E-1,3.9426944E0,0E0,0E0,7.5675666E-1,0E0,1.6632676E-3,1.1191189E-2,0E0,0E0,0E0,0E0],"parents":[2147483647,0,0,1,1,2,2,5,5,7,7,8,8],"right_children":[2,4,6,-1,-1,8,-1,10,12,-1,-1,-1,-1],"split_conditions":[2.0133993E-1,1.00857235E-1,1E0,-2.809765E-1,-6.0266115E-2,6.046661E-1,1.7634736E-1,5.030802E-1,7.0566887E-1,-3.5199355E-2,-9.227372E-3,9.545135E-3,3.826485E-2],"split_indices":[0,0,0,0,0,0,0,0,0,0,0,0,0],"split_type":[0,0,0,0,0,0,0,0,0,0,0,0,0],"sum_hessian":[9E0,2E0,7E0,1E0,1E0,6E0,1E0,2E0,4E0,1E0,1E0,1E0,3E0],"tree_param":{"num_deleted":"0","num_feature":"2","num_nodes":"13","size_leaf_vector":"1"}},{"base_weights":[-2.379982E-1,-2.161204E0,5.1295376E-1,-2.6692772E-1,-5.7252884E-2,1.0757555E-1,1.6753006E-1,-2.8136954E-1,3.194275E-1,-3.3439256E-2,-8.766174E-3,1.36001585E-2,3.9637756E-2],"categories":[],"categories_nodes":[],"categories_segments":[],"categories_sizes":[],"default_left":[0,0,0,0,0,0,0,0,0,0,0,0,0],"id":48,"left_children":[1,3,5,-1,-1,7,-1,9,11,-1,-1,-1,-1],"loss_changes":[1.5550949E1,8.932514E-1,3.5892992E0,0E0,0E0,6.666686E-1,0E0,1.499474E-3,1.666516E-2,0E0,0E0,0E0,0E0],"parents":[2147483647,0,0,1,1,2,2,5,5,7,7,8,8],"right_children":[2,4,6,-1,-1,8,-1,10,12,-1,-1,-1,-1],"split_conditions":[2.0133993E-1,1.00857235E-1,1E0,-2.6692772E-1,-5.7252884E-2,6.046661E-1,1.6753006E-1,5.030802E-1,8.055307E-1,-3.3439256E-2,-8.766174E-3,1.36001585E-2,3.9637756E-2],"split_indices":[0,0,0,0,0,0,0,0,0,0,0,0,0],"split_type":[0,0,0,0,0,0,0,0,0,0,0,0,0],"sum_hessian":[9E0,2E0,7E0,1E0,1E0,6E0,1E0,2E0,4E0,1E0,1E0,2E0,2E0],"tree_param":{"num_deleted":"0","num_feature":"2","num_nodes":"13","size_leaf_vector":"1"}},{"base_weights":[-2.2875977E-1,-2.0531437E0,4.8397923E-1,-2.5358126E-1,-5.4390337E-2,9.839412E-2,1.5915374E-1,-2.6730093E-1,2.9813233E-1,-3.1767275E-2,-8.327866E-3,1.2693787E-2,3.6994934E-2],"categories":[],"categories_nodes":[],"categories_segments":[],"categories_sizes":[],"default_left":[0,0,0,0,0,0,0,0,0,0,0,0,0],"id":49,"left_children":[1,3,5,-1,-1,7,-1,9,11,-1,-1,-1,-1],"loss_changes":[1.3996775E1,8.0615234E-1,3.2598662E0,0E0,0E0,5.9099394E-1,0E0,1.353249E-3,1.4512777E-2,0E0,0E0,0E0,0E0],"parents":[2147483647,0,0,1,1,2,2,5,5,7,7,8,8],"right_children":[2,4,6,-1,-1,8,-1,10,12,-1,-1,-1,-1],"split_conditions":[2.0133993E-1,1.00857235E-1,1E0,-2.5358126E-1,-5.4390337E-2,6.046661E-1,1.5915374E-1,5.030802E-1,8.055307E-1,-3.1767275E-2,-8.327866E-3,1.2693787E-2,3.6994934E-2],"split_indices":[0,0,0,0,0,0,0,0,0,0,0,0,0],"split_type":[0,0,0,0,0,0,0,0,0,0,0,0,0],"sum_hessian":[9E0,2E0,7E0,1E0,1E0,6E0,1E0,2E0,4E0,1E0,1E0,2E0,2E0],"tree_param":{"num_deleted":"0","num_feature":"2","num_nodes":"13","size_leaf_vector":"1"}},{"base_weights":[-2.1980591E-1,-1.9504877E0,4.5667553E-1,-2.4090233E-1,-5.167084E-2,8.992549E-2,1.5119629E-1,-2.5393423E-1,2.7825624E-1,-3.0178834E-2,-7.911301E-3,1.1847433E-2,3.4528606E-2],"categories":[],"categories_nodes":[],"categories_segments":[],"categories_sizes":[],"default_left":[0,0,0,0,0,0,0,0,0,0,0,0,0],"id":50,"left_children":[1,3,5,-1,-1,7,-1,9,11,-1,-1,-1,-1],"loss_changes":[1.2598482E1,7.2755337E-1,2.9602494E0,0E0,0E0,5.2397424E-1,0E0,1.2223572E-3,1.2643218E-2,0E0,0E0,0E0,0E0],"parents":[2147483647,0,0,1,1,2,2,5,5,7,7,8,8],"right_children":[2,4,6,-1,-1,8,-1,10,12,-1,-1,-1,-1],"split_conditions":[2.0133993E-1,1.00857235E-1,1E0,-2.4090233E-1,-5.167084E-2,6.046661E-1,1.5119629E-1,5.030802E-1,8.055307E-1,-3.0178834E-2,-7.911301E-3,1.1847433E-2,3.4528606E-2],"split_indices":[0,0,0,0,0,0,0,0,0,0,0,0,0],"split_type":[0,0,0,0,0,0,0,0,0,0,0,0,0],"sum_hessian":[9E0,2E0,7E0,1E0,1E0,6E0,1E0,2E0,4E0,1E0,1E0,2E0,2E0],"tree_param":{"num_deleted":"0","num_feature":"2","num_nodes":"13","size_leaf_vector":"1"}},{"base_weights":[-2.1113281E-1,-1.8529612E0,4.3094444E-1,-2.2885704E-1,-4.9087144E-2,8.2118444E-2,1.4363633E-1,-2.4123637E-1,2.5970763E-1,-2.866974E-2,-7.515717E-3,1.1058045E-2,3.2226562E-2],"categories":[],"categories_nodes":[],"categories_segments":[],"categories_sizes":[],"default_left":[0,0,0,0,0,0,0,0,0,0,0,0,0],"id":51,"left_children":[1,3,5,-1,-1,7,-1,9,11,-1,-1,-1,-1],"loss_changes":[1.134033E1,6.566229E-1,2.6877775E0,0E0,0E0,4.646212E-1,0E0,1.1030138E-3,1.1009216E-2,0E0,0E0,0E0,0E0],"parents":[2147483647,0,0,1,1,2,2,5,5,7,7,8,8],"right_children":[2,4,6,-1,-1,8,-1,10,12,-1,-1,-1,-1],"split_conditions":[2.0133993E-1,1.00857235E-1,1E0,-2.2885704E-1,-4.9087144E-2,6.046661E-1,1.4363633E-1,5.030802E-1,8.055307E-1,-2.866974E-2,-7.515717E-3,1.1058045E-2,3.2226562E-2],"split_indices":[0,0,0,0,0,0,0,0,0,0,0,0,0],"split_type":[0,0,0,0,0,0,0,0,0,0,0,0,0],"sum_hessian":[9E0,2E0,7E0,1E0,1E0,6E0,1E0,2E0,4E0,1E0,1E0,2E0,2E0],"tree_param":{"num_deleted":"0","num_feature":"2","num_nodes":"13","size_leaf_vector":"1"}},{"base_weights":[-2.0274048E-1,-1.7603124E0,4.0669155E-1,-2.174141E-1,-4.6632767E-2,7.491957E-2,1.3645478E-1,-2.291743E-1,2.4239197E-1,-2.7236177E-2,-7.139969E-3,1.0320536E-2,3.0078126E-2],"categories":[],"categories_nodes":[],"categories_segments":[],"categories_sizes":[],"default_left":[0,0,0,0,0,0,0,0,0,0,0,0,0],"id":52,"left_children":[1,3,5,-1,-1,7,-1,9,11,-1,-1,-1,-1],"loss_changes":[1.0208246E1,5.926008E-1,2.4400873E0,0E0,0E0,4.1204134E-1,0E0,9.951144E-4,9.592801E-3,0E0,0E0,0E0,0E0],"parents":[2147483647,0,0,1,1,2,2,5,5,7,7,8,8],"right_children":[2,4,6,-1,-1,8,-1,10,12,-1,-1,-1,-1],"split_conditions":[2.0133993E-1,1.00857235E-1,1E0,-2.174141E-1,-4.6632767E-2,6.046661E-1,1.3645478E-1,5.030802E-1,8.055307E-1,-2.7236177E-2,-7.139969E-3,1.0320536E-2,3.0078126E-2],"split_indices":[0,0,0,0,0,0,0,0,0,0,0,0,0],"split_type":[0,0,0,0,0,0,0,0,0,0,0,0,0],"sum_hessian":[9E0,2E0,7E0,1E0,1E0,6E0,1E0,2E0,4E0,1E0,1E0,2E0,2E0],"tree_param":{"num_deleted":"0","num_feature":"2","num_nodes":"13","size_leaf_vector":"1"}},{"base_weights":[-1.9462204E-1,-1.6722971E0,3.838339E-1,-2.0654336E-1,-4.4301223E-2,6.829071E-2,1.296318E-1,-2.1771495E-1,2.2623596E-1,-2.587433E-2,-6.782913E-3,9.632873E-3,2.807312E-2],"categories":[],"categories_nodes":[],"categories_segments":[],"categories_sizes":[],"default_left":[0,0,0,0,0,0,0,0,0,0,0,0,0],"id":53,"left_children":[1,3,5,-1,-1,7,-1,9,11,-1,-1,-1,-1],"loss_changes":[9.189584E0,5.348177E-1,2.214899E0,0E0,0E0,3.654676E-1,0E0,8.983612E-4,8.354157E-3,0E0,0E0,0E0,0E0],"parents":[2147483647,0,0,1,1,2,2,5,5,7,7,8,8],"right_children":[2,4,6,-1,-1,8,-1,10,12,-1,-1,-1,-1],"split_conditions":[2.0133993E-1,1.00857235E-1,1E0,-2.0654336E-1,-4.4301223E-2,6.046661E-1,1.296318E-1,5.030802E-1,8.055307E-1,-2.587433E-2,-6.782913E-3,9.632873E-3,2.807312E-2],"split_indices":[0,0,0,0,0,0,0,0,0,0,0,0,0],"split_type":[0,0,0,0,0,0,0,0,0,0,0,0,0],"sum_hessian":[9E0,2E0,7E0,1E0,1E0,6E0,1E0,2E0,4E0,1E0,1E0,2E0,2E0],"tree_param":{"num_deleted":"0","num_feature":"2","num_nodes":"13","size_leaf_vector":"1"}},{"base_weights":[-1.8677673E-1,-1.5886816E0,3.6228466E-1,-1.9621621E-1,-4.208603E-2,6.2182836E-2,1.2314987E-1,-2.0683034E-1,2.1115418E-1,-2.4580766E-2,-6.443787E-3,8.990987E-3,2.6201377E-2],"categories":[],"categories_nodes":[],"categories_segments":[],"categories_sizes":[],"default_left":[0,0,0,0,0,0,0,0,0,0,0,0,0],"id":54,"left_children":[1,3,5,-1,-1,7,-1,9,11,-1,-1,-1,-1],"loss_changes":[8.272874E0,4.826789E-1,2.0102437E0,0E0,0E0,3.2419986E-1,0E0,8.109063E-4,7.2745383E-3,0E0,0E0,0E0,0E0],"parents":[2147483647,0,0,1,1,2,2,5,5,7,7,8,8],"right_children":[2,4,6,-1,-1,8,-1,10,12,-1,-1,-1,-1],"split_conditions":[2.0133993E-1,1.00857235E-1,1E0,-1.9621621E-1,-4.208603E-2,6.046661E-1,1.2314987E-1,5.030802E-1,8.055307E-1,-2.4580766E-2,-6.443787E-3,8.990987E-3,2.6201377E-2],"split_indices":[0,0,0,0,0,0,0,0,0,0,0,0,0],"split_type":[0,0,0,0,0,0,0,0,0,0,0,0,0],"sum_hessian":[9E0,2E0,7E0,1E0,1E0,6E0,1E0,2E0,4E0,1E0,1E0,2E0,2E0],"tree_param":{"num_deleted":"0","num_feature":"2","num_nodes":"13","size_leaf_vector":"1"}},{"base_weights":[-1.7919692E-1,-1.5092493E0,3.4197235E-1,-1.8640557E-1,-3.9981842E-2,5.656215E-2,1.1699219E-1,-1.9648743E-1,1.9707946E-1,-2.335167E-2,-6.121445E-3,8.3918255E-3,2.4454754E-2],"categories":[],"categories_nodes":[],"categories_segments":[],"categories_sizes":[],"default_left":[0,0,0,0,0,0,0,0,0,0,0,0,0],"id":55,"left_children":[1,3,5,-1,-1,7,-1,9,11,-1,-1,-1,-1],"loss_changes":[7.4479465E0,4.3561506E-1,1.8242686E0,0E0,0E0,2.876286E-1,0E0,7.325858E-4,6.3357055E-3,0E0,0E0,0E0,0E0],"parents":[2147483647,0,0,1,1,2,2,5,5,7,7,8,8],"right_children":[2,4,6,-1,-1,8,-1,10,12,-1,-1,-1,-1],"split_conditions":[2.0133993E-1,1.00857235E-1,1E0,-1.8640557E-1,-3.9981842E-2,6.046661E-1,1.1699219E-1,5.030802E-1,8.055307E-1,-2.335167E-2,-6.121445E-3,8.3918255E-3,2.4454754E-2],"split_indices":[0,0,0,0,0,0,0,0,0,0,0,0,0],"split_type":[0,0,0,0,0,0,0,0,0,0,0,0,0],"sum_hessian":[9E0,2E0,7E0,1E0,1E0,6E0,1E0,2E0,4E0,1E0,1E0,2E0,2E0],"tree_param":{"num_deleted":"0","num_feature":"2","num_nodes":"13","size_leaf_vector":"1"}},{"base_weights":[-1.7187957E-1,-1.4337845E0,3.228197E-1,-1.7708512E-1,-3.798256E-2,5.138615E-2,1.1114273E-1,-1.8666331E-1,1.839386E-1,-2.218399E-2,-5.815506E-3,7.832336E-3,2.2824097E-2],"categories":[],"categories_nodes":[],"categories_segments":[],"categories_sizes":[],"default_left":[0,0,0,0,0,0,0,0,0,0,0,0,0],"id":56,"left_children":[1,3,5,-1,-1,7,-1,9,11,-1,-1,-1,-1],"loss_changes":[6.7054887E0,3.931489E-1,1.6553243E0,0E0,0E0,2.5521284E-1,0E0,6.6034496E-4,5.5184215E-3,0E0,0E0,0E0,0E0],"parents":[2147483647,0,0,1,1,2,2,5,5,7,7,8,8],"right_children":[2,4,6,-1,-1,8,-1,10,12,-1,-1,-1,-1],"split_conditions":[2.0133993E-1,1.00857235E-1,1E0,-1.7708512E-1,-3.798256E-2,6.046661E-1,1.1114273E-1,5.030802E-1,8.055307E-1,-2.218399E-2,-5.815506E-3,7.832336E-3,2.2824097E-2],"split_indices":[0,0,0,0,0,0,0,0,0,0,0,0,0],"split_type":[0,0,0,0,0,0,0,0,0,0,0,0,0],"sum_hessian":[9E0,2E0,7E0,1E0,1E0,6E0,1E0,2E0,4E0,1E0,1E0,2E0,2E0],"tree_param":{"num_deleted":"0","num_feature":"2","num_nodes":"13","size_leaf_vector":"1"}},{"base_weights":[-1.6481857E-1,-1.3620962E0,3.0476284E-1,-1.6823082E-1,-3.6083605E-2,4.662759E-2,1.0558548E-1,-1.7733002E-1,1.7167664E-1,-2.1074677E-2,-5.5248262E-3,4.350281E-3,1.928444E-2],"categories":[],"categories_nodes":[],"categories_segments":[],"categories_sizes":[],"default_left":[0,0,0,0,0,0,0,0,0,0,0,0,0],"id":57,"left_children":[1,3,5,-1,-1,7,-1,9,11,-1,-1,-1,-1],"loss_changes":[6.037309E0,3.548088E-1,1.5018344E0,0E0,0E0,2.2648321E-1,0E0,5.9533864E-4,5.1764697E-3,0E0,0E0,0E0,0E0],"parents":[2147483647,0,0,1,1,2,2,5,5,7,7,8,8],"right_children":[2,4,6,-1,-1,8,-1,10,12,-1,-1,-1,-1],"split_conditions":[2.0133993E-1,1.00857235E-1,1E0,-1.6823082E-1,-3.6083605E-2,6.046661E-1,1.0558548E-1,5.030802E-1,7.0566887E-1,-2.1074677E-2,-5.5248262E-3,4.350281E-3,1.928444E-2],"split_indices":[0,0,0,0,0,0,0,0,0,0,0,0,0],"split_type":[0,0,0,0,0,0,0,0,0,0,0,0,0],"sum_hessian":[9E0,2E0,7E0,1E0,1E0,6E0,1E0,2E0,4E0,1E0,1E0,1E0,3E0],"tree_param":{"num_deleted":"0","num_feature":"2","num_nodes":"13","size_leaf_vector":"1"}},{"base_weights":[-1.5850754E-1,-1.2939911E0,2.8711224E-1,-1.5981941E-1,-3.4279253E-2,4.1539874E-2,1.0030594E-1,-1.6846466E-1,1.5923461E-1,-2.0021057E-2,-5.248642E-3,6.5226234E-3,2.001648E-2],"categories":[],"categories_nodes":[],"categories_segments":[],"categories_sizes":[],"default_left":[0,0,0,0,0,0,0,0,0,0,0,0,0],"id":58,"left_children":[1,3,5,-1,-1,7,-1,9,11,-1,-1,-1,-1],"loss_changes":[5.43146E0,3.202238E-1,1.3648679E0,0E0,0E0,1.9984041E-1,0E0,5.371645E-4,6.182894E-3,0E0,0E0,0E0,0E0],"parents":[2147483647,0,0,1,1,2,2,5,5,7,7,8,8],"right_children":[2,4,6,-1,-1,8,-1,10,12,-1,-1,-1,-1],"split_conditions":[2.0133993E-1,1.00857235E-1,1E0,-1.5981941E-1,-3.4279253E-2,6.046661E-1,1.0030594E-1,5.030802E-1,8.055307E-1,-2.0021057E-2,-5.248642E-3,6.5226234E-3,2.001648E-2],"split_indices":[0,0,0,0,0,0,0,0,0,0,0,0,0],"split_type":[0,0,0,0,0,0,0,0,0,0,0,0,0],"sum_hessian":[9E0,2E0,7E0,1E0,1E0,6E0,1E0,2E0,4E0,1E0,1E0,2E0,2E0],"tree_param":{"num_deleted":"0","num_feature":"2","num_nodes":"13","size_leaf_vector":"1"}},{"base_weights":[-1.5190887E-1,-1.2292913E0,2.7109814E-1,-1.518284E-1,-3.2565307E-2,3.756823E-2,9.529038E-2,-1.6004181E-1,1.486206E-1,-1.902008E-2,-4.9861907E-3,6.088257E-3,1.8681845E-2],"categories":[],"categories_nodes":[],"categories_segments":[],"categories_sizes":[],"default_left":[0,0,0,0,0,0,0,0,0,0,0,0,0],"id":59,"left_children":[1,3,5,-1,-1,7,-1,9,11,-1,-1,-1,-1],"loss_changes":[4.8906617E0,2.890005E-1,1.237977E0,0E0,0E0,1.7740096E-1,0E0,4.849732E-4,5.3830296E-3,0E0,0E0,0E0,0E0],"parents":[2147483647,0,0,1,1,2,2,5,5,7,7,8,8],"right_children":[2,4,6,-1,-1,8,-1,10,12,-1,-1,-1,-1],"split_conditions":[2.0133993E-1,1.00857235E-1,1E0,-1.518284E-1,-3.2565307E-2,6.046661E-1,9.529038E-2,5.030802E-1,8.055307E-1,-1.902008E-2,-4.9861907E-3,6.088257E-3,1.8681845E-2],"split_indices":[0,0,0,0,0,0,0,0,0,0,0,0,0],"split_type":[0,0,0,0,0,0,0,0,0,0,0,0,0],"sum_hessian":[9E0,2E0,7E0,1E0,1E0,6E0,1E0,2E0,4E0,1E0,1E0,2E0,2E0],"tree_param":{"num_deleted":"0","num_feature":"2","num_nodes":"13","size_leaf_vector":"1"}},{"base_weights":[-1.455513E-1,-1.1678289E0,2.559967E-1,-1.4423715E-1,-3.0937195E-2,3.3922467E-2,9.052582E-2,-1.5203857E-1,1.387146E-1,-1.8069077E-2,-4.73671E-3,5.682373E-3,1.7436726E-2],"categories":[],"categories_nodes":[],"categories_segments":[],"categories_sizes":[],"default_left":[0,0,0,0,0,0,0,0,0,0,0,0,0],"id":60,"left_children":[1,3,5,-1,-1,7,-1,9,11,-1,-1,-1,-1],"loss_changes":[4.403896E0,2.6081944E-1,1.1227653E0,0E0,0E0,1.5750076E-1,0E0,4.3840706E-4,4.689932E-3,0E0,0E0,0E0,0E0],"parents":[2147483647,0,0,1,1,2,2,5,5,7,7,8,8],"right_children":[2,4,6,-1,-1,8,-1,10,12,-1,-1,-1,-1],"split_conditions":[2.0133993E-1,1.00857235E-1,1E0,-1.4423715E-1,-3.0937195E-2,6.046661E-1,9.052582E-2,5.030802E-1,8.055307E-1,-1.8069077E-2,-4.73671E-3,5.682373E-3,1.7436726E-2],"split_indices":[0,0,0,0,0,0,0,0,0,0,0,0,0],"split_type":[0,0,0,0,0,0,0,0,0,0,0,0,0],"sum_hessian":[9E0,2E0,7E0,1E0,1E0,6E0,1E0,2E0,4E0,1E0,1E0,2E0,2E0],"tree_param":{"num_deleted":"0","num_feature":"2","num_nodes":"13","size_leaf_vector":"1"}},{"base_weights":[-1.3943024E-1,-1.1094385E0,2.4175167E-1,-1.3702546E-1,-2.9390335E-2,3.0575344E-2,8.59993E-2,-1.4443715E-1,1.2946777E-1,-1.7165756E-2,-4.499817E-3,5.303955E-3,1.6274007E-2],"categories":[],"categories_nodes":[],"categories_segments":[],"categories_sizes":[],"default_left":[0,0,0,0,0,0,0,0,0,0,0,0,0],"id":61,"left_children":[1,3,5,-1,-1,7,-1,9,11,-1,-1,-1,-1],"loss_changes":[3.965705E0,2.3539138E-1,1.0181688E0,0E0,0E0,1.3985182E-1,0E0,3.960356E-4,4.0830597E-3,0E0,0E0,0E0,0E0],"parents":[2147483647,0,0,1,1,2,2,5,5,7,7,8,8],"right_children":[2,4,6,-1,-1,8,-1,10,12,-1,-1,-1,-1],"split_conditions":[2.0133993E-1,1.00857235E-1,1E0,-1.3702546E-1,-2.9390335E-2,6.046661E-1,8.59993E-2,5.030802E-1,8.055307E-1,-1.7165756E-2,-4.499817E-3,5.303955E-3,1.6274007E-2],"split_indices":[0,0,0,0,0,0,0,0,0,0,0,0,0],"split_type":[0,0,0,0,0,0,0,0,0,0,0,0,0],"sum_hessian":[9E0,2E0,7E0,1E0,1E0,6E0,1E0,2E0,4E0,1E0,1E0,2E0,2E0],"tree_param":{"num_deleted":"0","num_feature":"2","num_nodes":"13","size_leaf_vector":"1"}},{"base_weights":[-1.3354035E-1,-1.0539678E0,2.2831249E-1,-1.3017426E-1,-2.7920915E-2,2.7501788E-2,8.169937E-2,-1.3721466E-1,1.20831296E-1,-1.6307449E-2,-4.2747497E-3,4.949951E-3,1.5188599E-2],"categories":[],"categories_nodes":[],"categories_segments":[],"categories_sizes":[],"default_left":[0,0,0,0,0,0,0,0,0,0,0,0,0],"id":62,"left_children":[1,3,5,-1,-1,7,-1,9,11,-1,-1,-1,-1],"loss_changes":[3.5712268E0,2.1243858E-1,9.232392E-1,0E0,0E0,1.2419017E-1,0E0,3.5768375E-4,3.5576522E-3,0E0,0E0,0E0,0E0],"parents":[2147483647,0,0,1,1,2,2,5,5,7,7,8,8],"right_children":[2,4,6,-1,-1,8,-1,10,12,-1,-1,-1,-1],"split_conditions":[2.0133993E-1,1.00857235E-1,1E0,-1.3017426E-1,-2.7920915E-2,6.046661E-1,8.169937E-2,5.030802E-1,8.055307E-1,-1.6307449E-2,-4.2747497E-3,4.949951E-3,1.5188599E-2],"split_indices":[0,0,0,0,0,0,0,0,0,0,0,0,0],"split_type":[0,0,0,0,0,0,0,0,0,0,0,0,0],"sum_hessian":[9E0,2E0,7E0,1E0,1E0,6E0,1E0,2E0,4E0,1E0,1E0,2E0,2E0],"tree_param":{"num_deleted":"0","num_feature":"2","num_nodes":"13","size_leaf_vector":"1"}},{"base_weights":[-1.2786789E-1,-1.001269E0,2.1564102E-1,-1.2366562E-1,-2.6524736E-2,2.46909E-2,7.76146E-2,-1.3035583E-1,1.12780765E-1,-1.5492248E-2,-4.0611266E-3,4.6203616E-3,1.4176433E-2],"categories":[],"categories_nodes":[],"categories_segments":[],"categories_sizes":[],"default_left":[0,0,0,0,0,0,0,0,0,0,0,0,0],"id":63,"left_children":[1,3,5,-1,-1,7,-1,9,11,-1,-1,-1,-1],"loss_changes":[3.2161252E0,1.917305E-1,8.37064E-1,0E0,0E0,1.1030795E-1,0E0,3.225729E-4,3.0981898E-3,0E0,0E0,0E0,0E0],"parents":[2147483647,0,0,1,1,2,2,5,5,7,7,8,8],"right_children":[2,4,6,-1,-1,8,-1,10,12,-1,-1,-1,-1],"split_conditions":[2.0133993E-1,1.00857235E-1,1E0,-1.2366562E-1,-2.6524736E-2,6.046661E-1,7.76146E-2,5.030802E-1,8.055307E-1,-1.5492248E-2,-4.0611266E-3,4.6203616E-3,1.4176433E-2],"split_indices":[0,0,0,0,0,0,0,0,0,0,0,0,0],"split_type":[0,0,0,0,0,0,0,0,0,0,0,0,0],"sum_hessian":[9E0,2E0,7E0,1E0,1E0,6E0,1E0,2E0,4E0,1E0,1E0,2E0,2E0],"tree_param":{"num_deleted":"0","num_feature":"2","num_nodes":"13","size_leaf_vector":"1"}},{"base_weights":[-1.2241516E-1,-9.5120496E-1,2.036829E-1,-1.1748238E-1,-2.5198365E-2,2.2113254E-2,7.373352E-2,-1.2383779E-1,1.0526123E-1,-1.4717484E-2,-3.858185E-3,4.312134E-3,1.3231404E-2],"categories":[],"categories_nodes":[],"categories_segments":[],"categories_sizes":[],"default_left":[0,0,0,0,0,0,0,0,0,0,0,0,0],"id":64,"left_children":[1,3,5,-1,-1,7,-1,9,11,-1,-1,-1,-1],"loss_changes":[2.896412E0,1.7304063E-1,7.588556E-1,0E0,0E0,9.798405E-2,0E0,2.9058754E-4,2.6997365E-3,0E0,0E0,0E0,0E0],"parents":[2147483647,0,0,1,1,2,2,5,5,7,7,8,8],"right_children":[2,4,6,-1,-1,8,-1,10,12,-1,-1,-1,-1],"split_conditions":[2.0133993E-1,1.00857235E-1,1E0,-1.1748238E-1,-2.5198365E-2,6.046661E-1,7.373352E-2,5.030802E-1,8.055307E-1,-1.4717484E-2,-3.858185E-3,4.312134E-3,1.3231404E-2],"split_indices":[0,0,0,0,0,0,0,0,0,0,0,0,0],"split_type":[0,0,0,0,0,0,0,0,0,0,0,0,0],"sum_hessian":[9E0,2E0,7E0,1E0,1E0,6E0,1E0,2E0,4E0,1E0,1E0,2E0,2E0],"tree_param":{"num_deleted":"0","num_feature":"2","num_nodes":"13","size_leaf_vector":"1"}},{"base_weights":[-1.1717148E-1,-9.036433E-1,1.9240189E-1,-1.11608125E-1,-2.393837E-2,1.9753592E-2,7.0047E-2,-1.1764526E-1,9.8242186E-2,-1.3981628E-2,-3.665161E-3,2.2590638E-3,1.1150742E-2],"categories":[],"categories_nodes":[],"categories_segments":[],"categories_sizes":[],"default_left":[0,0,0,0,0,0,0,0,0,0,0,0,0],"id":65,"left_children":[1,3,5,-1,-1,7,-1,9,11,-1,-1,-1,-1],"loss_changes":[2.6085696E0,1.5617013E-1,6.8789995E-1,0E0,0E0,8.7047435E-2,0E0,2.6264414E-4,2.4986528E-3,0E0,0E0,0E0,0E0],"parents":[2147483647,0,0,1,1,2,2,5,5,7,7,8,8],"right_children":[2,4,6,-1,-1,8,-1,10,12,-1,-1,-1,-1],"split_conditions":[2.0133993E-1,1.00857235E-1,1E0,-1.11608125E-1,-2.393837E-2,6.046661E-1,7.0047E-2,5.030802E-1,7.0566887E-1,-1.3981628E-2,-3.665161E-3,2.2590638E-3,1.1150742E-2],"split_indices":[0,0,0,0,0,0,0,0,0,0,0,0,0],"split_type":[0,0,0,0,0,0,0,0,0,0,0,0,0],"sum_hessian":[9E0,2E0,7E0,1E0,1E0,6E0,1E0,2E0,4E0,1E0,1E0,1E0,3E0],"tree_param":{"num_deleted":"0","num_feature":"2","num_nodes":"13","size_leaf_vector":"1"}},{"base_weights":[-1.12429045E-1,-8.584595E-1,1.81386E-1,-1.060276E-1,-2.2741318E-2,1.7171588E-2,6.654435E-2,-1.11763E-1,9.1098025E-2,-1.3282395E-2,-3.4820556E-3,3.5771688E-3,1.16058355E-2],"categories":[],"categories_nodes":[],"categories_segments":[],"categories_sizes":[],"default_left":[0,0,0,0,0,0,0,0,0,0,0,0,0],"id":66,"left_children":[1,3,5,-1,-1,7,-1,9,11,-1,-1,-1,-1],"loss_changes":[2.3476622E0,1.4094591E-1,6.244869E-1,0E0,0E0,7.690311E-2,0E0,2.3643672E-4,2.7532168E-3,0E0,0E0,0E0,0E0],"parents":[2147483647,0,0,1,1,2,2,5,5,7,7,8,8],"right_children":[2,4,6,-1,-1,8,-1,10,12,-1,-1,-1,-1],"split_conditions":[2.0133993E-1,1.00857235E-1,1E0,-1.060276E-1,-2.2741318E-2,6.046661E-1,6.654435E-2,5.030802E-1,8.055307E-1,-1.3282395E-2,-3.4820556E-3,3.5771688E-3,1.16058355E-2],"split_indices":[0,0,0,0,0,0,0,0,0,0,0,0,0],"split_type":[0,0,0,0,0,0,0,0,0,0,0,0,0],"sum_hessian":[9E0,2E0,7E0,1E0,1E0,6E0,1E0,2E0,4E0,1E0,1E0,2E0,2E0],"tree_param":{"num_deleted":"0","num_feature":"2","num_nodes":"13","size_leaf_vector":"1"}},{"base_weights":[-1.0756683E-1,-8.155365E-1,1.7136765E-1,-1.0072632E-1,-2.1604156E-2,1.52282715E-2,6.321716E-2,-1.0617574E-1,8.502503E-2,-1.2618256E-2,-3.3081055E-3,3.3391316E-3,1.0831705E-2],"categories":[],"categories_nodes":[],"categories_segments":[],"categories_sizes":[],"default_left":[0,0,0,0,0,0,0,0,0,0,0,0,0],"id":67,"left_children":[1,3,5,-1,-1,7,-1,9,11,-1,-1,-1,-1],"loss_changes":[2.1145282E0,1.2720704E-1,5.659703E-1,0E0,0E0,6.8342835E-2,0E0,2.1292269E-4,2.3964196E-3,0E0,0E0,0E0,0E0],"parents":[2147483647,0,0,1,1,2,2,5,5,7,7,8,8],"right_children":[2,4,6,-1,-1,8,-1,10,12,-1,-1,-1,-1],"split_conditions":[2.0133993E-1,1.00857235E-1,1E0,-1.0072632E-1,-2.1604156E-2,6.046661E-1,6.321716E-2,5.030802E-1,8.055307E-1,-1.2618256E-2,-3.3081055E-3,3.3391316E-3,1.0831705E-2],"split_indices":[0,0,0,0,0,0,0,0,0,0,0,0,0],"split_type":[0,0,0,0,0,0,0,0,0,0,0,0,0],"sum_hessian":[9E0,2E0,7E0,1E0,1E0,6E0,1E0,2E0,4E0,1E0,1E0,2E0,2E0],"tree_param":{"num_deleted":"0","num_feature":"2","num_nodes":"13","size_leaf_vector":"1"}},{"base_weights":[-1.02897644E-1,-7.7475995E-1,1.6191292E-1,-9.569015E-2,-2.0523835E-2,1.3453892E-2,6.0056306E-2,-1.00865684E-1,7.935486E-2,-1.1987305E-2,-3.1425476E-3,4.0275576E-3,1.17836E-2],"categories":[],"categories_nodes":[],"categories_segments":[],"categories_sizes":[],"default_left":[0,0,0,0,0,0,0,0,0,0,0,0,0],"id":68,"left_children":[1,3,5,-1,-1,7,-1,9,11,-1,-1,-1,-1],"loss_changes":[1.9046059E0,1.14807844E-1,5.128927E-1,0E0,0E0,6.074058E-2,0E0,1.9255653E-4,2.7731657E-3,0E0,0E0,0E0,0E0],"parents":[2147483647,0,0,1,1,2,2,5,5,7,7,8,8],"right_children":[2,4,6,-1,-1,8,-1,10,12,-1,-1,-1,-1],"split_conditions":[2.0133993E-1,1.00857235E-1,1E0,-9.569015E-2,-2.0523835E-2,6.046661E-1,6.0056306E-2,5.030802E-1,9.053671E-1,-1.1987305E-2,-3.1425476E-3,4.0275576E-3,1.17836E-2],"split_indices":[0,0,0,0,0,0,0,0,0,0,0,0,0],"split_type":[0,0,0,0,0,0,0,0,0,0,0,0,0],"sum_hessian":[9E0,2E0,7E0,1E0,1E0,6E0,1E0,2E0,4E0,1E0,1E0,3E0,1E0],"tree_param":{"num_deleted":"0","num_feature":"2","num_nodes":"13","size_leaf_vector":"1"}},{"base_weights":[-9.8155975E-2,-7.3602295E-1,1.5331364E-1,-9.090576E-2,-1.9497681E-2,1.2205942E-2,5.7053376E-2,-9.5822655E-2,7.4581906E-2,-1.1388016E-2,-2.9853822E-3,3.7254335E-3,1.1194611E-2],"categories":[],"categories_nodes":[],"categories_segments":[],"categories_sizes":[],"default_left":[0,0,0,0,0,0,0,0,0,0,0,0,0],"id":69,"left_children":[1,3,5,-1,-1,7,-1,9,11,-1,-1,-1,-1],"loss_changes":[1.716884E0,1.0361409E-1,4.640199E-1,0E0,0E0,5.431535E-2,0E0,1.7393939E-4,2.8030965E-3,0E0,0E0,0E0,0E0],"parents":[2147483647,0,0,1,1,2,2,5,5,7,7,8,8],"right_children":[2,4,6,-1,-1,8,-1,10,12,-1,-1,-1,-1],"split_conditions":[2.0133993E-1,1.00857235E-1,1E0,-9.090576E-2,-1.9497681E-2,6.046661E-1,5.7053376E-2,5.030802E-1,9.053671E-1,-1.1388016E-2,-2.9853822E-3,3.7254335E-3,1.1194611E-2],"split_indices":[0,0,0,0,0,0,0,0,0,0,0,0,0],"split_type":[0,0,0,0,0,0,0,0,0,0,0,0,0],"sum_hessian":[9E0,2E0,7E0,1E0,1E0,6E0,1E0,2E0,4E0,1E0,1E0,3E0,1E0],"tree_param":{"num_deleted":"0","num_feature":"2","num_nodes":"13","size_leaf_vector":"1"}},{"base_weights":[-9.36203E-2,-6.992213E-1,1.4518261E-1,-8.636055E-2,-1.8522644E-2,1.1063712E-2,5.4200746E-2,-9.1031395E-2,7.010803E-2,-1.0818481E-2,-2.8362274E-3,3.4461976E-3,1.0634613E-2],"categories":[],"categories_nodes":[],"categories_segments":[],"categories_sizes":[],"default_left":[0,0,0,0,0,0,0,0,0,0,0,0,0],"id":70,"left_children":[1,3,5,-1,-1,7,-1,9,11,-1,-1,-1,-1],"loss_changes":[1.5477076E0,9.3515396E-2,4.1977704E-1,0E0,0E0,4.8578985E-2,0E0,1.5660189E-4,2.79383E-3,0E0,0E0,0E0,0E0],"parents":[2147483647,0,0,1,1,2,2,5,5,7,7,8,8],"right_children":[2,4,6,-1,-1,8,-1,10,12,-1,-1,-1,-1],"split_conditions":[2.0133993E-1,1.00857235E-1,1E0,-8.636055E-2,-1.8522644E-2,6.046661E-1,5.4200746E-2,5.030802E-1,9.053671E-1,-1.0818481E-2,-2.8362274E-3,3.4461976E-3,1.0634613E-2],"split_indices":[0,0,0,0,0,0,0,0,0,0,0,0,0],"split_type":[0,0,0,0,0,0,0,0,0,0,0,0,0],"sum_hessian":[9E0,2E0,7E0,1E0,1E0,6E0,1E0,2E0,4E0,1E0,1E0,3E0,1E0],"tree_param":{"num_deleted":"0","num_feature":"2","num_nodes":"13","size_leaf_vector":"1"}},{"base_weights":[-8.928452E-2,-6.6426086E-1,1.3749218E-1,-8.2042694E-2,-1.7596437E-2,1.0017395E-2,5.1490784E-2,-8.647919E-2,6.591187E-2,-1.0277557E-2,-2.6943206E-3,3.1875612E-3,1.0102845E-2],"categories":[],"categories_nodes":[],"categories_segments":[],"categories_sizes":[],"default_left":[0,0,0,0,0,0,0,0,0,0,0,0,0],"id":71,"left_children":[1,3,5,-1,-1,7,-1,9,11,-1,-1,-1,-1],"loss_changes":[1.395243E0,8.440018E-2,3.797298E-1,0E0,0E0,4.345538E-2,0E0,1.4156103E-4,2.7558394E-3,0E0,0E0,0E0,0E0],"parents":[2147483647,0,0,1,1,2,2,5,5,7,7,8,8],"right_children":[2,4,6,-1,-1,8,-1,10,12,-1,-1,-1,-1],"split_conditions":[2.0133993E-1,1.00857235E-1,1E0,-8.2042694E-2,-1.7596437E-2,6.046661E-1,5.1490784E-2,5.030802E-1,9.053671E-1,-1.0277557E-2,-2.6943206E-3,3.1875612E-3,1.0102845E-2],"split_indices":[0,0,0,0,0,0,0,0,0,0,0,0,0],"split_type":[0,0,0,0,0,0,0,0,0,0,0,0,0],"sum_hessian":[9E0,2E0,7E0,1E0,1E0,6E0,1E0,2E0,4E0,1E0,1E0,3E0,1E0],"tree_param":{"num_deleted":"0","num_feature":"2","num_nodes":"13","size_leaf_vector":"1"}},{"base_weights":[-8.51387E-2,-6.3104755E-1,1.3021946E-1,-7.794037E-2,-1.6716767E-2,9.060451E-3,4.8916627E-2,-8.215586E-2,6.197815E-2,-9.763718E-3,-2.5596619E-3,2.9483796E-3,9.597778E-3],"categories":[],"categories_nodes":[],"categories_segments":[],"categories_sizes":[],"default_left":[0,0,0,0,0,0,0,0,0,0,0,0,0],"id":72,"left_children":[1,3,5,-1,-1,7,-1,9,11,-1,-1,-1,-1],"loss_changes":[1.257834E0,7.616711E-2,3.4348506E-1,0E0,0E0,3.888057E-2,0E0,1.2765266E-4,2.6941914E-3,0E0,0E0,0E0,0E0],"parents":[2147483647,0,0,1,1,2,2,5,5,7,7,8,8],"right_children":[2,4,6,-1,-1,8,-1,10,12,-1,-1,-1,-1],"split_conditions":[2.0133993E-1,1.00857235E-1,1E0,-7.794037E-2,-1.6716767E-2,6.046661E-1,4.8916627E-2,5.030802E-1,9.053671E-1,-9.763718E-3,-2.5596619E-3,2.9483796E-3,9.597778E-3],"split_indices":[0,0,0,0,0,0,0,0,0,0,0,0,0],"split_type":[0,0,0,0,0,0,0,0,0,0,0,0,0],"sum_hessian":[9E0,2E0,7E0,1E0,1E0,6E0,1E0,2E0,4E0,1E0,1E0,3E0,1E0],"tree_param":{"num_deleted":"0","num_feature":"2","num_nodes":"13","size_leaf_vector":"1"}},{"base_weights":[-8.117523E-2,-5.9949493E-1,1.2334156E-1,-7.4043274E-2,-1.5880967E-2,8.188521E-3,4.6470642E-2,-7.8046165E-2,5.8291625E-2,-9.275436E-3,-2.4314881E-3,2.7275085E-3,9.117889E-3],"categories":[],"categories_nodes":[],"categories_segments":[],"categories_sizes":[],"default_left":[0,0,0,0,0,0,0,0,0,0,0,0,0],"id":73,"left_children":[1,3,5,-1,-1,7,-1,9,11,-1,-1,-1,-1],"loss_changes":[1.1339936E0,6.873977E-2,3.1066835E-1,0E0,0E0,3.4793817E-2,0E0,1.1556037E-4,2.613334E-3,0E0,0E0,0E0,0E0],"parents":[2147483647,0,0,1,1,2,2,5,5,7,7,8,8],"right_children":[2,4,6,-1,-1,8,-1,10,12,-1,-1,-1,-1],"split_conditions":[2.0133993E-1,1.00857235E-1,1E0,-7.4043274E-2,-1.5880967E-2,6.046661E-1,4.6470642E-2,5.030802E-1,9.053671E-1,-9.275436E-3,-2.4314881E-3,2.7275085E-3,9.117889E-3],"split_indices":[0,0,0,0,0,0,0,0,0,0,0,0,0],"split_type":[0,0,0,0,0,0,0,0,0,0,0,0,0],"sum_hessian":[9E0,2E0,7E0,1E0,1E0,6E0,1E0,2E0,4E0,1E0,1E0,3E0,1E0],"tree_param":{"num_deleted":"0","num_feature":"2","num_nodes":"13","size_leaf_vector":"1"}},{"base_weights":[-7.739105E-2,-5.6951904E-1,1.16830826E-1,-7.034111E-2,-1.5086747E-2,7.3874337E-3,4.4146728E-2,-7.4142456E-2,5.482788E-2,-8.81157E-3,-2.3097992E-3,2.5226593E-3,8.661652E-3],"categories":[],"categories_nodes":[],"categories_segments":[],"categories_sizes":[],"default_left":[0,0,0,0,0,0,0,0,0,0,0,0,0],"id":74,"left_children":[1,3,5,-1,-1,7,-1,9,11,-1,-1,-1,-1],"loss_changes":[1.0223577E0,6.2040567E-2,2.809732E-1,0E0,0E0,3.1139774E-2,0E0,1.04473904E-4,2.5198832E-3,0E0,0E0,0E0,0E0],"parents":[2147483647,0,0,1,1,2,2,5,5,7,7,8,8],"right_children":[2,4,6,-1,-1,8,-1,10,12,-1,-1,-1,-1],"split_conditions":[2.0133993E-1,1.00857235E-1,1E0,-7.034111E-2,-1.5086747E-2,6.046661E-1,4.4146728E-2,5.030802E-1,9.053671E-1,-8.81157E-3,-2.3097992E-3,2.5226593E-3,8.661652E-3],"split_indices":[0,0,0,0,0,0,0,0,0,0,0,0,0],"split_type":[0,0,0,0,0,0,0,0,0,0,0,0,0],"sum_hessian":[9E0,2E0,7E0,1E0,1E0,6E0,1E0,2E0,4E0,1E0,1E0,3E0,1E0],"tree_param":{"num_deleted":"0","num_feature":"2","num_nodes":"13","size_leaf_vector":"1"}},{"base_weights":[-7.377243E-2,-5.410436E-1,1.1067581E-1,-6.682396E-2,-1.433258E-2,6.6593713E-3,4.1939545E-2,-7.043457E-2,5.1583864E-2,-8.370972E-3,-2.194214E-3,2.3338318E-2,8.228302E-3,6.713867E-4,2.6641847E-3],"categories":[],"categories_nodes":[],"categories_segments":[],"categories_sizes":[],"default_left":[0,0,0,0,0,0,0,0,0,0,0,0,0,0,0],"id":75,"left_children":[1,3,5,-1,-1,7,-1,9,11,-1,-1,13,-1,-1,-1],"loss_changes":[9.2175394E-1,5.598831E-2,2.5410244E-1,0E0,0E0,2.7877131E-2,0E0,9.4462186E-5,2.415224E-3,0E0,0E0,4.080753E-5,0E0,0E0,0E0],"parents":[2147483647,0,0,1,1,2,2,5,5,7,7,8,8,11,11],"right_children":[2,4,6,-1,-1,8,-1,10,12,-1,-1,14,-1,-1,-1],"split_conditions":[2.0133993E-1,1.00857235E-1,1E0,-6.682396E-2,-1.433258E-2,6.046661E-1,4.1939545E-2,5.030802E-1,9.053671E-1,-8.370972E-3,-2.194214E-3,7.0566887E-1,8.228302E-3,6.713867E-4,2.6641847E-3],"split_indices":[0,0,0,0,0,0,0,0,0,0,0,0,0,0,0],"split_type":[0,0,0,0,0,0,0,0,0,0,0,0,0,0,0],"sum_hessian":[9E0,2E0,7E0,1E0,1E0,6E0,1E0,2E0,4E0,1E0,1E0,3E0,1E0,1E0,2E0],"tree_param":{"num_deleted":"0","num_feature":"2","num_nodes":"15","size_leaf_vector":"1"}},{"base_weights":[-7.021789E-2,-5.1398975E-1,1.0497379E-1,-6.3482665E-2,-1.3615799E-2,6.1351233E-3,3.9842226E-2,-6.691233E-2,4.8736572E-2,-7.952499E-3,-2.0843507E-3,2.1835327E-2,7.817077E-3,6.378174E-4,2.4861654E-3],"categories":[],"categories_nodes":[],"categories_segments":[],"categories_sizes":[],"default_left":[0,0,0,0,0,0,0,0,0,0,0,0,0,0,0],"id":76,"left_children":[1,3,5,-1,-1,7,-1,9,11,-1,-1,13,-1,-1,-1],"loss_changes":[8.3140695E-1,5.0531328E-2,2.2958806E-1,0E0,0E0,2.504457E-2,0E0,8.557178E-5,2.2521988E-3,0E0,0E0,2.854166E-5,0E0,0E0,0E0],"parents":[2147483647,0,0,1,1,2,2,5,5,7,7,8,8,11,11],"right_children":[2,4,6,-1,-1,8,-1,10,12,-1,-1,14,-1,-1,-1],"split_conditions":[2.0133993E-1,1.00857235E-1,1E0,-6.3482665E-2,-1.3615799E-2,6.046661E-1,3.9842226E-2,5.030802E-1,9.053671E-1,-7.952499E-3,-2.0843507E-3,7.0566887E-1,7.817077E-3,6.378174E-4,2.4861654E-3],"split_indices":[0,0,0,0,0,0,0,0,0,0,0,0,0,0,0],"split_type":[0,0,0,0,0,0,0,0,0,0,0,0,0,0,0],"sum_hessian":[9E0,2E0,7E0,1E0,1E0,6E0,1E0,2E0,4E0,1E0,1E0,3E0,1E0,1E0,2E0],"tree_param":{"num_deleted":"0","num_feature":"2","num_nodes":"15","size_leaf_vector":"1"}},{"base_weights":[-6.683121E-2,-4.8828888E-1,9.956932E-2,-6.0308456E-2,-1.2934876E-2,5.6501115E-3,3.785019E-2,-6.3568115E-2,4.6051025E-2,-7.555008E-3,-1.9802095E-3,2.0431519E-2,7.426453E-3,6.0577394E-4,2.3203532E-3],"categories":[],"categories_nodes":[],"categories_segments":[],"categories_sizes":[],"default_left":[0,0,0,0,0,0,0,0,0,0,0,0,0,0,0],"id":77,"left_children":[1,3,5,-1,-1,7,-1,9,11,-1,-1,13,-1,-1,-1],"loss_changes":[7.499264E-1,4.5606136E-2,2.0743842E-1,0E0,0E0,2.2502733E-2,0E0,7.7159144E-5,2.0967424E-3,0E0,0E0,1.8816325E-5,0E0,0E0,0E0],"parents":[2147483647,0,0,1,1,2,2,5,5,7,7,8,8,11,11],"right_children":[2,4,6,-1,-1,8,-1,10,12,-1,-1,14,-1,-1,-1],"split_conditions":[2.0133993E-1,1.00857235E-1,1E0,-6.0308456E-2,-1.2934876E-2,6.046661E-1,3.785019E-2,5.030802E-1,9.053671E-1,-7.555008E-3,-1.9802095E-3,7.0566887E-1,7.426453E-3,6.0577394E-4,2.3203532E-3],"split_indices":[0,0,0,0,0,0,0,0,0,0,0,0,0,0,0],"split_type":[0,0,0,0,0,0,0,0,0,0,0,0,0,0,0],"sum_hessian":[9E0,2E0,7E0,1E0,1E0,6E0,1E0,2E0,4E0,1E0,1E0,3E0,1E0,1E0,2E0],"tree_param":{"num_deleted":"0","num_feature":"2","num_nodes":"15","size_leaf_vector":"1"}},{"base_weights":[-6.360702E-2,-4.6387482E-1,9.4444275E-2,-5.729294E-2,-1.22882845E-2,5.2010673E-3,3.5957336E-2,-6.0389202E-2,4.3515015E-2,-7.177353E-3,-1.8810272E-3,1.9119263E-2,7.054901E-3,5.7525636E-4,2.1657308E-3],"categories":[],"categories_nodes":[],"categories_segments":[],"categories_sizes":[],"default_left":[0,0,0,0,0,0,0,0,0,0,0,0,0,0,0],"id":78,"left_children":[1,3,5,-1,-1,7,-1,9,11,-1,-1,13,-1,-1,-1],"loss_changes":[6.7643875E-1,4.1157007E-2,1.8741761E-1,0E0,0E0,2.021899E-2,0E0,6.996468E-5,1.9487282E-3,0E0,0E0,1.111615E-5,0E0,0E0,0E0],"parents":[2147483647,0,0,1,1,2,2,5,5,7,7,8,8,11,11],"right_children":[2,4,6,-1,-1,8,-1,10,12,-1,-1,14,-1,-1,-1],"split_conditions":[2.0133993E-1,1.00857235E-1,1E0,-5.729294E-2,-1.22882845E-2,6.046661E-1,3.5957336E-2,5.030802E-1,9.053671E-1,-7.177353E-3,-1.8810272E-3,7.0566887E-1,7.054901E-3,5.7525636E-4,2.1657308E-3],"split_indices":[0,0,0,0,0,0,0,0,0,0,0,0,0,0,0],"split_type":[0,0,0,0,0,0,0,0,0,0,0,0,0,0,0],"sum_hessian":[9E0,2E0,7E0,1E0,1E0,6E0,1E0,2E0,4E0,1E0,1E0,3E0,1E0,1E0,2E0],"tree_param":{"num_deleted":"0","num_feature":"2","num_nodes":"15","size_leaf_vector":"1"}},{"base_weights":[-6.0533144E-2,-4.4067892E-1,8.9588165E-2,-5.44281E-2,-1.1673736E-2,4.7869002E-3,3.415985E-2,-5.736796E-2,4.1122437E-2,-6.81839E-3,-1.7868042E-3,1.789093E-2,6.702423E-3,5.4626464E-4,2.0212808E-3],"categories":[],"categories_nodes":[],"categories_segments":[],"categories_sizes":[],"default_left":[0,0,0,0,0,0,0,0,0,0,0,0,0,0,0],"id":79,"left_children":[1,3,5,-1,-1,7,-1,9,11,-1,-1,13,-1,-1,-1],"loss_changes":[6.1015946E-1,3.7145138E-2,1.6933116E-1,0E0,0E0,1.8168122E-2,0E0,6.3372776E-5,1.8095616E-3,0E0,0E0,5.0124945E-6,0E0,0E0,0E0],"parents":[2147483647,0,0,1,1,2,2,5,5,7,7,8,8,11,11],"right_children":[2,4,6,-1,-1,8,-1,10,12,-1,-1,14,-1,-1,-1],"split_conditions":[2.0133993E-1,1.00857235E-1,1E0,-5.44281E-2,-1.1673736E-2,6.046661E-1,3.415985E-2,5.030802E-1,9.053671E-1,-6.81839E-3,-1.7868042E-3,7.0566887E-1,6.702423E-3,5.4626464E-4,2.0212808E-3],"split_indices":[0,0,0,0,0,0,0,0,0,0,0,0,0,0,0],"split_type":[0,0,0,0,0,0,0,0,0,0,0,0,0,0,0],"sum_hessian":[9E0,2E0,7E0,1E0,1E0,6E0,1E0,2E0,4E0,1E0,1E0,3E0,1E0,1E0,2E0],"tree_param":{"num_deleted":"0","num_feature":"2","num_nodes":"15","size_leaf_vector":"1"}},{"base_weights":[-5.7606507E-2,-4.1864523E-1,8.4983826E-2,-5.1706698E-2,-1.1090088E-2,4.4054305E-3,3.245163E-2,-5.449931E-2,3.8867187E-2,-6.477356E-3,-1.6975403E-3,1.6746521E-3,6.367493E-3],"categories":[],"categories_nodes":[],"categories_segments":[],"categories_sizes":[],"default_left":[0,0,0,0,0,0,0,0,0,0,0,0,0],"id":80,"left_children":[1,3,5,-1,-1,7,-1,9,11,-1,-1,-1,-1],"loss_changes":[5.503844E-1,3.3523023E-2,1.5297951E-1,0E0,0E0,1.6327962E-2,0E0,5.7032332E-5,1.6774843E-3,0E0,0E0,0E0,0E0],"parents":[2147483647,0,0,1,1,2,2,5,5,7,7,8,8],"right_children":[2,4,6,-1,-1,8,-1,10,12,-1,-1,-1,-1],"split_conditions":[2.0133993E-1,1.00857235E-1,1E0,-5.1706698E-2,-1.1090088E-2,6.046661E-1,3.245163E-2,5.030802E-1,9.053671E-1,-6.477356E-3,-1.6975403E-3,1.6746521E-3,6.367493E-3],"split_indices":[0,0,0,0,0,0,0,0,0,0,0,0,0],"split_type":[0,0,0,0,0,0,0,0,0,0,0,0,0],"sum_hessian":[9E0,2E0,7E0,1E0,1E0,6E0,1E0,2E0,4E0,1E0,1E0,3E0,1E0],"tree_param":{"num_deleted":"0","num_feature":"2","num_nodes":"13","size_leaf_vector":"1"}},{"base_weights":[-5.489502E-2,-3.977127E-1,8.052349E-2,-4.9121477E-2,-1.0535431E-2,3.944397E-3,3.0828858E-2,-5.1775616E-2,3.6587525E-2,-6.153488E-3,-1.6128541E-3,1.5487671E-2,6.049347E-3,4.348755E-4,1.7751058E-3],"categories":[],"categories_nodes":[],"categories_segments":[],"categories_sizes":[],"default_left":[0,0,0,0,0,0,0,0,0,0,0,0,0,0,0],"id":81,"left_children":[1,3,5,-1,-1,7,-1,9,11,-1,-1,13,-1,-1,-1],"loss_changes":[4.9626386E-1,3.0256718E-2,1.3832033E-1,0E0,0E0,1.462647E-2,0E0,5.120039E-5,1.5851562E-3,0E0,0E0,2.3651635E-5,0E0,0E0,0E0],"parents":[2147483647,0,0,1,1,2,2,5,5,7,7,8,8,11,11],"right_children":[2,4,6,-1,-1,8,-1,10,12,-1,-1,14,-1,-1,-1],"split_conditions":[2.0133993E-1,1.00857235E-1,1E0,-4.9121477E-2,-1.0535431E-2,6.046661E-1,3.0828858E-2,5.030802E-1,9.053671E-1,-6.153488E-3,-1.6128541E-3,7.0566887E-1,6.049347E-3,4.348755E-4,1.7751058E-3],"split_indices":[0,0,0,0,0,0,0,0,0,0,0,0,0,0,0],"split_type":[0,0,0,0,0,0,0,0,0,0,0,0,0,0,0],"sum_hessian":[9E0,2E0,7E0,1E0,1E0,6E0,1E0,2E0,4E0,1E0,1E0,3E0,1E0,1E0,2E0],"tree_param":{"num_deleted":"0","num_feature":"2","num_nodes":"15","size_leaf_vector":"1"}},{"base_weights":[-5.2236177E-2,-3.7782797E-1,7.639027E-2,-4.6665575E-2,-1.0008621E-2,3.6239624E-3,2.928772E-2,-4.9186707E-2,3.4585573E-2,-5.845642E-3,-1.5323639E-3,1.449585E-2,5.747223E-3,4.135132E-4,1.6571045E-3],"categories":[],"categories_nodes":[],"categories_segments":[],"categories_sizes":[],"default_left":[0,0,0,0,0,0,0,0,0,0,0,0,0,0,0],"id":82,"left_children":[1,3,5,-1,-1,7,-1,9,11,-1,-1,13,-1,-1,-1],"loss_changes":[4.4765952E-1,2.7307719E-2,1.2496225E-1,0E0,0E0,1.3146873E-2,0E0,4.593795E-5,1.465824E-3,0E0,0E0,1.7478596E-5,0E0,0E0,0E0],"parents":[2147483647,0,0,1,1,2,2,5,5,7,7,8,8,11,11],"right_children":[2,4,6,-1,-1,8,-1,10,12,-1,-1,14,-1,-1,-1],"split_conditions":[2.0133993E-1,1.00857235E-1,1E0,-4.6665575E-2,-1.0008621E-2,6.046661E-1,2.928772E-2,5.030802E-1,9.053671E-1,-5.845642E-3,-1.5323639E-3,7.0566887E-1,5.747223E-3,4.135132E-4,1.6571045E-3],"split_indices":[0,0,0,0,0,0,0,0,0,0,0,0,0,0,0],"split_type":[0,0,0,0,0,0,0,0,0,0,0,0,0,0,0],"sum_hessian":[9E0,2E0,7E0,1E0,1E0,6E0,1E0,2E0,4E0,1E0,1E0,3E0,1E0,1E0,2E0],"tree_param":{"num_deleted":"0","num_feature":"2","num_nodes":"15","size_leaf_vector":"1"}},{"base_weights":[-4.9707793E-2,-3.5893503E-1,7.24659E-2,-4.4332124E-2,-9.508133E-3,3.3220563E-3,2.782364E-2,-4.6727497E-2,3.2687377E-2,-5.5534365E-3,-1.4556885E-3,1.3561249E-2,5.459595E-3,3.9291382E-4,1.546224E-3],"categories":[],"categories_nodes":[],"categories_segments":[],"categories_sizes":[],"default_left":[0,0,0,0,0,0,0,0,0,0,0,0,0,0,0],"id":83,"left_children":[1,3,5,-1,-1,7,-1,9,11,-1,-1,13,-1,-1,-1],"loss_changes":[4.038049E-1,2.464524E-2,1.12897776E-1,0E0,0E0,1.1815448E-2,0E0,4.155934E-5,1.3547414E-3,0E0,0E0,1.2488919E-5,0E0,0E0,0E0],"parents":[2147483647,0,0,1,1,2,2,5,5,7,7,8,8,11,11],"right_children":[2,4,6,-1,-1,8,-1,10,12,-1,-1,14,-1,-1,-1],"split_conditions":[2.0133993E-1,1.00857235E-1,1E0,-4.4332124E-2,-9.508133E-3,6.046661E-1,2.782364E-2,5.030802E-1,9.053671E-1,-5.5534365E-3,-1.4556885E-3,7.0566887E-1,5.459595E-3,3.9291382E-4,1.546224E-3],"split_indices":[0,0,0,0,0,0,0,0,0,0,0,0,0,0,0],"split_type":[0,0,0,0,0,0,0,0,0,0,0,0,0,0,0],"sum_hessian":[9E0,2E0,7E0,1E0,1E0,6E0,1E0,2E0,4E0,1E0,1E0,3E0,1E0,1E0,2E0],"tree_param":{"num_deleted":"0","num_feature":"2","num_nodes":"15","size_leaf_vector":"1"}},{"base_weights":[-4.729843E-2,-3.4098816E-1,6.874752E-2,-4.21154E-2,-9.032822E-3,3.0463082E-3,2.6432801E-2,-4.439036E-2,3.0899048E-2,-5.2757263E-3,-1.3828278E-3,1.2691498E-2,5.1864623E-3,3.730774E-4,1.4434814E-3],"categories":[],"categories_nodes":[],"categories_segments":[],"categories_sizes":[],"default_left":[0,0,0,0,0,0,0,0,0,0,0,0,0,0,0],"id":84,"left_children":[1,3,5,-1,-1,7,-1,9,11,-1,-1,13,-1,-1,-1],"loss_changes":[3.6425716E-1,2.2241026E-2,1.0199377E-1,0E0,0E0,1.0620308E-2,0E0,3.7587713E-5,1.2504193E-3,0E0,0E0,8.632487E-6,0E0,0E0,0E0],"parents":[2147483647,0,0,1,1,2,2,5,5,7,7,8,8,11,11],"right_children":[2,4,6,-1,-1,8,-1,10,12,-1,-1,14,-1,-1,-1],"split_conditions":[2.0133993E-1,1.00857235E-1,1E0,-4.21154E-2,-9.032822E-3,6.046661E-1,2.6432801E-2,5.030802E-1,9.053671E-1,-5.2757263E-3,-1.3828278E-3,7.0566887E-1,5.1864623E-3,3.730774E-4,1.4434814E-3],"split_indices":[0,0,0,0,0,0,0,0,0,0,0,0,0,0,0],"split_type":[0,0,0,0,0,0,0,0,0,0,0,0,0,0,0],"sum_hessian":[9E0,2E0,7E0,1E0,1E0,6E0,1E0,2E0,4E0,1E0,1E0,3E0,1E0,1E0,2E0],"tree_param":{"num_deleted":"0","num_feature":"2","num_nodes":"15","size_leaf_vector":"1"}},{"base_weights":[-4.50058E-2,-3.23939E-1,6.521988E-2,-4.000969E-2,-8.5811615E-3,2.7901786E-3,2.511139E-2,-4.2170208E-2,2.9208373E-2,-5.0117495E-3,-1.3137817E-3,1.1875153E-2,4.927063E-3,3.5476685E-4,1.3468425E-3],"categories":[],"categories_nodes":[],"categories_segments":[],"categories_sizes":[],"default_left":[0,0,0,0,0,0,0,0,0,0,0,0,0,0,0],"id":85,"left_children":[1,3,5,-1,-1,7,-1,9,11,-1,-1,13,-1,-1,-1],"loss_changes":[3.285833E-1,2.0072877E-2,9.214181E-2,0E0,0E0,9.546129E-3,0E0,3.3751596E-5,1.1536214E-3,0E0,0E0,5.2902615E-6,0E0,0E0,0E0],"parents":[2147483647,0,0,1,1,2,2,5,5,7,7,8,8,11,11],"right_children":[2,4,6,-1,-1,8,-1,10,12,-1,-1,14,-1,-1,-1],"split_conditions":[2.0133993E-1,1.00857235E-1,1E0,-4.000969E-2,-8.5811615E-3,6.046661E-1,2.511139E-2,5.030802E-1,9.053671E-1,-5.0117495E-3,-1.3137817E-3,7.0566887E-1,4.927063E-3,3.5476685E-4,1.3468425E-3],"split_indices":[0,0,0,0,0,0,0,0,0,0,0,0,0,0,0],"split_type":[0,0,0,0,0,0,0,0,0,0,0,0,0,0,0],"sum_hessian":[9E0,2E0,7E0,1E0,1E0,6E0,1E0,2E0,4E0,1E0,1E0,3E0,1E0,1E0,2E0],"tree_param":{"num_deleted":"0","num_feature":"2","num_nodes":"15","size_leaf_vector":"1"}},{"base_weights":[-4.2822264E-2,-3.077418E-1,6.1875343E-2,-3.8009264E-2,-8.152008E-3,2.5558472E-3,2.3855591E-2,-4.006195E-2,2.7615357E-2,-4.7611236E-3,-1.248169E-3,1.1116028E-2,4.6806335E-3,3.3721924E-4,1.2573242E-3],"categories":[],"categories_nodes":[],"categories_segments":[],"categories_sizes":[],"default_left":[0,0,0,0,0,0,0,0,0,0,0,0,0,0,0],"id":86,"left_children":[1,3,5,-1,-1,7,-1,9,11,-1,-1,13,-1,-1,-1],"loss_changes":[2.9640606E-1,1.8116802E-2,8.32351E-2,0E0,0E0,8.582193E-3,0E0,3.0365307E-5,1.0628905E-3,0E0,0E0,2.7383212E-6,0E0,0E0,0E0],"parents":[2147483647,0,0,1,1,2,2,5,5,7,7,8,8,11,11],"right_children":[2,4,6,-1,-1,8,-1,10,12,-1,-1,14,-1,-1,-1],"split_conditions":[2.0133993E-1,1.00857235E-1,1E0,-3.8009264E-2,-8.152008E-3,6.046661E-1,2.3855591E-2,5.030802E-1,9.053671E-1,-4.7611236E-3,-1.248169E-3,7.0566887E-1,4.6806335E-3,3.3721924E-4,1.2573242E-3],"split_indices":[0,0,0,0,0,0,0,0,0,0,0,0,0,0,0],"split_type":[0,0,0,0,0,0,0,0,0,0,0,0,0,0,0],"sum_hessian":[9E0,2E0,7E0,1E0,1E0,6E0,1E0,2E0,4E0,1E0,1E0,3E0,1E0,1E0,2E0],"tree_param":{"num_deleted":"0","num_feature":"2","num_nodes":"15","size_leaf_vector":"1"}},{"base_weights":[-4.074173E-2,-2.923533E-1,5.870533E-2,-3.610878E-2,-7.744217E-3,2.3400444E-3,2.2663116E-2,-3.8057964E-2,2.611084E-2,-4.523087E-3,-1.185608E-3,1.0406495E-3,4.446411E-3],"categories":[],"categories_nodes":[],"categories_segments":[],"categories_sizes":[],"default_left":[0,0,0,0,0,0,0,0,0,0,0,0,0],"id":87,"left_children":[1,3,5,-1,-1,7,-1,9,11,-1,-1,-1,-1],"loss_changes":[2.67383E-1,1.6351998E-2,7.519118E-2,0E0,0E0,7.7157747E-3,0E0,2.7569942E-5,9.784151E-4,0E0,0E0,0E0,0E0],"parents":[2147483647,0,0,1,1,2,2,5,5,7,7,8,8],"right_children":[2,4,6,-1,-1,8,-1,10,12,-1,-1,-1,-1],"split_conditions":[2.0133993E-1,1.00857235E-1,1E0,-3.610878E-2,-7.744217E-3,6.046661E-1,2.2663116E-2,5.030802E-1,9.053671E-1,-4.523087E-3,-1.185608E-3,1.0406495E-3,4.446411E-3],"split_indices":[0,0,0,0,0,0,0,0,0,0,0,0,0],"split_type":[0,0,0,0,0,0,0,0,0,0,0,0,0],"sum_hessian":[9E0,2E0,7E0,1E0,1E0,6E0,1E0,2E0,4E0,1E0,1E0,3E0,1E0],"tree_param":{"num_deleted":"0","num_feature":"2","num_nodes":"13","size_leaf_vector":"1"}},{"base_weights":[-3.8806915E-2,-2.7773538E-1,5.5642128E-2,-3.4303285E-2,-7.357025E-3,2.0762852E-3,2.1530151E-2,-3.61557E-2,2.4600219E-2,-4.296875E-3,-1.1264802E-3,9.628296E-3,4.224396E-3,2.685547E-4,1.1047364E-3],"categories":[],"categories_nodes":[],"categories_segments":[],"categories_sizes":[],"default_left":[0,0,0,0,0,0,0,0,0,0,0,0,0,0,0],"id":88,"left_children":[1,3,5,-1,-1,7,-1,9,11,-1,-1,13,-1,-1,-1],"loss_changes":[2.4111944E-1,1.4757365E-2,6.797129E-2,0E0,0E0,6.917381E-3,0E0,2.4714507E-5,9.140661E-4,0E0,0E0,9.740703E-6,0E0,0E0,0E0],"parents":[2147483647,0,0,1,1,2,2,5,5,7,7,8,8,11,11],"right_children":[2,4,6,-1,-1,8,-1,10,12,-1,-1,14,-1,-1,-1],"split_conditions":[2.0133993E-1,1.00857235E-1,1E0,-3.4303285E-2,-7.357025E-3,6.046661E-1,2.1530151E-2,5.030802E-1,9.053671E-1,-4.296875E-3,-1.1264802E-3,7.0566887E-1,4.224396E-3,2.685547E-4,1.1047364E-3],"split_indices":[0,0,0,0,0,0,0,0,0,0,0,0,0,0,0],"split_type":[0,0,0,0,0,0,0,0,0,0,0,0,0,0,0],"sum_hessian":[9E0,2E0,7E0,1E0,1E0,6E0,1E0,2E0,4E0,1E0,1E0,3E0,1E0,1E0,2E0],"tree_param":{"num_deleted":"0","num_feature":"2","num_nodes":"15","size_leaf_vector":"1"}},{"base_weights":[-3.692169E-2,-2.6384988E-1,5.2791595E-2,-3.2588195E-2,-6.9892886E-3,1.8942697E-3,2.0453645E-2,-3.4347534E-2,2.3260498E-2,-4.0821075E-3,-1.0700226E-3,9.010315E-3,4.0130615E-3,2.548218E-4,1.0314941E-3],"categories":[],"categories_nodes":[],"categories_segments":[],"categories_sizes":[],"default_left":[0,0,0,0,0,0,0,0,0,0,0,0,0,0,0],"id":89,"left_children":[1,3,5,-1,-1,7,-1,9,11,-1,-1,13,-1,-1,-1],"loss_changes":[2.1751381E-1,1.3317823E-2,6.1399806E-2,0E0,0E0,6.2193954E-3,0E0,2.2450695E-5,8.4042177E-4,0E0,0E0,7.437775E-6,0E0,0E0,0E0],"parents":[2147483647,0,0,1,1,2,2,5,5,7,7,8,8,11,11],"right_children":[2,4,6,-1,-1,8,-1,10,12,-1,-1,14,-1,-1,-1],"split_conditions":[2.0133993E-1,1.00857235E-1,1E0,-3.2588195E-2,-6.9892886E-3,6.046661E-1,2.0453645E-2,5.030802E-1,9.053671E-1,-4.0821075E-3,-1.0700226E-3,7.0566887E-1,4.0130615E-3,2.548218E-4,1.0314941E-3],"split_indices":[0,0,0,0,0,0,0,0,0,0,0,0,0,0,0],"split_type":[0,0,0,0,0,0,0,0,0,0,0,0,0,0,0],"sum_hessian":[9E0,2E0,7E0,1E0,1E0,6E0,1E0,2E0,4E0,1E0,1E0,3E0,1E0,1E0,2E0],"tree_param":{"num_deleted":"0","num_feature":"2","num_nodes":"15","size_leaf_vector":"1"}},{"base_weights":[-3.5128783E-2,-2.5065866E-1,5.008602E-2,-3.095894E-2,-6.639862E-3,1.7231533E-3,1.9431306E-2,-3.263092E-2,2.1990966E-2,-3.8780214E-3,-1.0166168E-3,8.426666E-3,3.8124085E-3,2.4185181E-4,9.62321E-4],"categories":[],"categories_nodes":[],"categories_segments":[],"categories_sizes":[],"default_left":[0,0,0,0,0,0,0,0,0,0,0,0,0,0,0],"id":90,"left_children":[1,3,5,-1,-1,7,-1,9,11,-1,-1,13,-1,-1,-1],"loss_changes":[1.962179E-1,1.2019411E-2,5.5467032E-2,0E0,0E0,5.591559E-3,0E0,2.0180596E-5,7.729132E-4,0E0,0E0,5.482143E-6,0E0,0E0,0E0],"parents":[2147483647,0,0,1,1,2,2,5,5,7,7,8,8,11,11],"right_children":[2,4,6,-1,-1,8,-1,10,12,-1,-1,14,-1,-1,-1],"split_conditions":[2.0133993E-1,1.00857235E-1,1E0,-3.095894E-2,-6.639862E-3,6.046661E-1,1.9431306E-2,5.030802E-1,9.053671E-1,-3.8780214E-3,-1.0166168E-3,7.0566887E-1,3.8124085E-3,2.4185181E-4,9.62321E-4],"split_indices":[0,0,0,0,0,0,0,0,0,0,0,0,0,0,0],"split_type":[0,0,0,0,0,0,0,0,0,0,0,0,0,0,0],"sum_hessian":[9E0,2E0,7E0,1E0,1E0,6E0,1E0,2E0,4E0,1E0,1E0,3E0,1E0,1E0,2E0],"tree_param":{"num_deleted":"0","num_feature":"2","num_nodes":"15","size_leaf_vector":"1"}},{"base_weights":[-3.3420563E-2,-2.3812611E-1,4.752159E-2,-2.9410934E-2,-6.3079833E-3,1.5672956E-3,1.8460084E-2,-3.1000772E-2,2.0794678E-2,-3.6842346E-3,-9.6588134E-4,7.884979E-3,3.6216737E-3,2.2964478E-4,8.982341E-4],"categories":[],"categories_nodes":[],"categories_segments":[],"categories_sizes":[],"default_left":[0,0,0,0,0,0,0,0,0,0,0,0,0,0,0],"id":91,"left_children":[1,3,5,-1,-1,7,-1,9,11,-1,-1,13,-1,-1,-1],"loss_changes":[1.7700922E-1,1.08466E-2,5.0105713E-2,0E0,0E0,5.028042E-3,0E0,1.8158462E-5,7.0990226E-4,0E0,0E0,3.9030565E-6,0E0,0E0,0E0],"parents":[2147483647,0,0,1,1,2,2,5,5,7,7,8,8,11,11],"right_children":[2,4,6,-1,-1,8,-1,10,12,-1,-1,14,-1,-1,-1],"split_conditions":[2.0133993E-1,1.00857235E-1,1E0,-2.9410934E-2,-6.3079833E-3,6.046661E-1,1.8460084E-2,5.030802E-1,9.053671E-1,-3.6842346E-3,-9.6588134E-4,7.0566887E-1,3.6216737E-3,2.2964478E-4,8.982341E-4],"split_indices":[0,0,0,0,0,0,0,0,0,0,0,0,0,0,0],"split_type":[0,0,0,0,0,0,0,0,0,0,0,0,0,0,0],"sum_hessian":[9E0,2E0,7E0,1E0,1E0,6E0,1E0,2E0,4E0,1E0,1E0,3E0,1E0,1E0,2E0],"tree_param":{"num_deleted":"0","num_feature":"2","num_nodes":"15","size_leaf_vector":"1"}},{"base_weights":[-3.1793974E-2,-2.2621918E-1,4.508972E-2,-2.7940368E-2,-5.992508E-3,1.4256069E-3,1.7536927E-2,-2.9449463E-2,1.9665528E-2,-3.4999847E-3,-9.174347E-4,7.3776245E-3,3.440857E-3,2.1820069E-4,8.382161E-4],"categories":[],"categories_nodes":[],"categories_segments":[],"categories_sizes":[],"default_left":[0,0,0,0,0,0,0,0,0,0,0,0,0,0,0],"id":92,"left_children":[1,3,5,-1,-1,7,-1,9,11,-1,-1,13,-1,-1,-1],"loss_changes":[1.5968144E-1,9.789526E-3,4.525832E-2,0E0,0E0,4.521251E-3,0E0,1.6503269E-5,6.519519E-4,0E0,0E0,2.5868212E-6,0E0,0E0,0E0],"parents":[2147483647,0,0,1,1,2,2,5,5,7,7,8,8,11,11],"right_children":[2,4,6,-1,-1,8,-1,10,12,-1,-1,14,-1,-1,-1],"split_conditions":[2.0133993E-1,1.00857235E-1,1E0,-2.7940368E-2,-5.992508E-3,6.046661E-1,1.7536927E-2,5.030802E-1,9.053671E-1,-3.4999847E-3,-9.174347E-4,7.0566887E-1,3.440857E-3,2.1820069E-4,8.382161E-4],"split_indices":[0,0,0,0,0,0,0,0,0,0,0,0,0,0,0],"split_type":[0,0,0,0,0,0,0,0,0,0,0,0,0,0,0],"sum_hessian":[9E0,2E0,7E0,1E0,1E0,6E0,1E0,2E0,4E0,1E0,1E0,3E0,1E0,1E0,2E0],"tree_param":{"num_deleted":"0","num_feature":"2","num_nodes":"15","size_leaf_vector":"1"}},{"base_weights":[-3.0246735E-2,-2.1490987E-1,4.2782784E-2,-2.6543427E-2,-5.6930543E-3,1.2937273E-3,1.6660308E-2,-2.797699E-2,1.8597413E-2,-3.3248903E-3,-8.716583E-4,6.904602E-3,3.2684326E-3,2.0751954E-4,7.822673E-4],"categories":[],"categories_nodes":[],"categories_segments":[],"categories_sizes":[],"default_left":[0,0,0,0,0,0,0,0,0,0,0,0,0,0,0],"id":93,"left_children":[1,3,5,-1,-1,7,-1,9,11,-1,-1,13,-1,-1,-1],"loss_changes":[1.4405304E-1,8.834109E-3,4.088196E-2,0E0,0E0,4.0657385E-3,0E0,1.4800578E-5,5.9790583E-4,0E0,0E0,1.5013647E-6,0E0,0E0,0E0],"parents":[2147483647,0,0,1,1,2,2,5,5,7,7,8,8,11,11],"right_children":[2,4,6,-1,-1,8,-1,10,12,-1,-1,14,-1,-1,-1],"split_conditions":[2.0133993E-1,1.00857235E-1,1E0,-2.6543427E-2,-5.6930543E-3,6.046661E-1,1.6660308E-2,5.030802E-1,9.053671E-1,-3.3248903E-3,-8.716583E-4,7.0566887E-1,3.2684326E-3,2.0751954E-4,7.822673E-4],"split_indices":[0,0,0,0,0,0,0,0,0,0,0,0,0,0,0],"split_type":[0,0,0,0,0,0,0,0,0,0,0,0,0,0,0],"sum_hessian":[9E0,2E0,7E0,1E0,1E0,6E0,1E0,2E0,4E0,1E0,1E0,3E0,1E0,1E0,2E0],"tree_param":{"num_deleted":"0","num_feature":"2","num_nodes":"15","size_leaf_vector":"1"}},{"base_weights":[-2.8773498E-2,-2.0416515E-1,4.0595055E-2,-2.5216294E-2,-5.408478E-3,1.1738369E-3,1.5827179E-2,-2.6578268E-2,1.7590333E-2,-3.1585693E-3,-8.281708E-4,6.4620975E-4,3.1051636E-3],"categories":[],"categories_nodes":[],"categories_segments":[],"categories_sizes":[],"default_left":[0,0,0,0,0,0,0,0,0,0,0,0,0],"id":94,"left_children":[1,3,5,-1,-1,7,-1,9,11,-1,-1,-1,-1],"loss_changes":[1.2995474E-1,7.972404E-3,3.6925897E-2,0E0,0E0,3.6566665E-3,0E0,1.3272511E-5,5.483441E-4,0E0,0E0,0E0,0E0],"parents":[2147483647,0,0,1,1,2,2,5,5,7,7,8,8],"right_children":[2,4,6,-1,-1,8,-1,10,12,-1,-1,-1,-1],"split_conditions":[2.0133993E-1,1.00857235E-1,1E0,-2.5216294E-2,-5.408478E-3,6.046661E-1,1.5827179E-2,5.030802E-1,9.053671E-1,-3.1585693E-3,-8.281708E-4,6.4620975E-4,3.1051636E-3],"split_indices":[0,0,0,0,0,0,0,0,0,0,0,0,0],"split_type":[0,0,0,0,0,0,0,0,0,0,0,0,0],"sum_hessian":[9E0,2E0,7E0,1E0,1E0,6E0,1E0,2E0,4E0,1E0,1E0,3E0,1E0],"tree_param":{"num_deleted":"0","num_feature":"2","num_nodes":"13","size_leaf_vector":"1"}},{"base_weights":[-2.739792E-2,-1.9395702E-1,3.848648E-2,-2.3955537E-2,-5.138016E-3,1.0245187E-3,1.5036011E-2,-2.5248209E-2,1.6583253E-2,-3.000641E-3,-7.8659056E-4,5.9814453E-3,2.949524E-3,1.6479492E-4,6.8766274E-4],"categories":[],"categories_nodes":[],"categories_segments":[],"categories_sizes":[],"default_left":[0,0,0,0,0,0,0,0,0,0,0,0,0,0,0],"id":95,"left_children":[1,3,5,-1,-1,7,-1,9,11,-1,-1,13,-1,-1,-1],"loss_changes":[1.1720118E-1,7.195413E-3,3.3373997E-2,0E0,0E0,3.28009E-3,0E0,1.2097764E-5,5.0802785E-4,0E0,0E0,4.184738E-6,0E0,0E0,0E0],"parents":[2147483647,0,0,1,1,2,2,5,5,7,7,8,8,11,11],"right_children":[2,4,6,-1,-1,8,-1,10,12,-1,-1,14,-1,-1,-1],"split_conditions":[2.0133993E-1,1.00857235E-1,1E0,-2.3955537E-2,-5.138016E-3,6.046661E-1,1.5036011E-2,5.030802E-1,9.053671E-1,-3.000641E-3,-7.8659056E-4,7.0566887E-1,2.949524E-3,1.6479492E-4,6.8766274E-4],"split_indices":[0,0,0,0,0,0,0,0,0,0,0,0,0,0,0],"split_type":[0,0,0,0,0,0,0,0,0,0,0,0,0,0,0],"sum_hessian":[9E0,2E0,7E0,1E0,1E0,6E0,1E0,2E0,4E0,1E0,1E0,3E0,1E0,1E0,2E0],"tree_param":{"num_deleted":"0","num_feature":"2","num_nodes":"15","size_leaf_vector":"1"}},{"base_weights":[-2.6062012E-2,-1.8426006E-1,3.6520004E-2,-2.2757722E-2,-4.8812865E-3,9.242467E-4,1.4284516E-2,-2.3986816E-2,1.5686035E-2,-2.8507232E-3,-7.4729923E-4,5.596161E-3,2.8022768E-3,1.5640259E-4,6.418864E-4],"categories":[],"categories_nodes":[],"categories_segments":[],"categories_sizes":[],"default_left":[0,0,0,0,0,0,0,0,0,0,0,0,0,0,0],"id":96,"left_children":[1,3,5,-1,-1,7,-1,9,11,-1,-1,13,-1,-1,-1],"loss_changes":[1.057327E-1,6.4928606E-3,3.0145768E-2,0E0,0E0,2.950381E-3,0E0,1.0913704E-5,4.6556047E-4,0E0,0E0,3.2297248E-6,0E0,0E0,0E0],"parents":[2147483647,0,0,1,1,2,2,5,5,7,7,8,8,11,11],"right_children":[2,4,6,-1,-1,8,-1,10,12,-1,-1,14,-1,-1,-1],"split_conditions":[2.0133993E-1,1.00857235E-1,1E0,-2.2757722E-2,-4.8812865E-3,6.046661E-1,1.4284516E-2,5.030802E-1,9.053671E-1,-2.8507232E-3,-7.4729923E-4,7.0566887E-1,2.8022768E-3,1.5640259E-4,6.418864E-4],"split_indices":[0,0,0,0,0,0,0,0,0,0,0,0,0,0,0],"split_type":[0,0,0,0,0,0,0,0,0,0,0,0,0,0,0],"sum_hessian":[9E0,2E0,7E0,1E0,1E0,6E0,1E0,2E0,4E0,1E0,1E0,3E0,1E0,1E0,2E0],"tree_param":{"num_deleted":"0","num_feature":"2","num_nodes":"15","size_leaf_vector":"1"}},{"base_weights":[-2.4790192E-2,-1.7504628E-1,3.4654617E-2,-2.1619797E-2,-4.637146E-3,8.3269394E-4,1.3570405E-2,-2.2786459E-2,1.4837647E-2,-2.7080537E-3,-7.099152E-4,5.2375793E-3,2.6618957E-3,2.298991E-4,7.026672E-4],"categories":[],"categories_nodes":[],"categories_segments":[],"categories_sizes":[],"default_left":[0,0,0,0,0,0,0,0,0,0,0,0,0,0,0],"id":97,"left_children":[1,3,5,-1,-1,7,-1,9,11,-1,-1,13,-1,-1,-1],"loss_changes":[9.53856E-2,5.8601424E-3,2.7228488E-2,0E0,0E0,2.6535932E-3,0E0,9.838608E-6,4.26088E-4,0E0,0E0,4.875379E-6,0E0,0E0,0E0],"parents":[2147483647,0,0,1,1,2,2,5,5,7,7,8,8,11,11],"right_children":[2,4,6,-1,-1,8,-1,10,12,-1,-1,14,-1,-1,-1],"split_conditions":[2.0133993E-1,1.00857235E-1,1E0,-2.1619797E-2,-4.637146E-3,6.046661E-1,1.3570405E-2,5.030802E-1,9.053671E-1,-2.7080537E-3,-7.099152E-4,8.055307E-1,2.6618957E-3,2.298991E-4,7.026672E-4],"split_indices":[0,0,0,0,0,0,0,0,0,0,0,0,0,0,0],"split_type":[0,0,0,0,0,0,0,0,0,0,0,0,0,0,0],"sum_hessian":[9E0,2E0,7E0,1E0,1E0,6E0,1E0,2E0,4E0,1E0,1E0,3E0,1E0,2E0,1E0],"tree_param":{"num_deleted":"0","num_feature":"2","num_nodes":"15","size_leaf_vector":"1"}},{"base_weights":[-2.3560334E-2,-1.6629283E-1,3.2909393E-2,-2.0538712E-2,-4.4052126E-3,7.760184E-4,1.2892151E-2,-2.1647135E-2,1.4074707E-2,-2.572632E-3,-6.744385E-4,4.9476624E-3,2.5291443E-3,2.1464031E-4,6.67572E-4],"categories":[],"categories_nodes":[],"categories_segments":[],"categories_sizes":[],"default_left":[0,0,0,0,0,0,0,0,0,0,0,0,0,0,0],"id":98,"left_children":[1,3,5,-1,-1,7,-1,9,11,-1,-1,13,-1,-1,-1],"loss_changes":[8.607325E-2,5.2890033E-3,2.4581503E-2,0E0,0E0,2.3920669E-3,0E0,8.86491E-6,3.8674474E-4,0E0,0E0,5.0341696E-6,0E0,0E0,0E0],"parents":[2147483647,0,0,1,1,2,2,5,5,7,7,8,8,11,11],"right_children":[2,4,6,-1,-1,8,-1,10,12,-1,-1,14,-1,-1,-1],"split_conditions":[2.0133993E-1,1.00857235E-1,1E0,-2.0538712E-2,-4.4052126E-3,6.046661E-1,1.2892151E-2,5.030802E-1,9.053671E-1,-2.572632E-3,-6.744385E-4,8.055307E-1,2.5291443E-3,2.1464031E-4,6.67572E-4],"split_indices":[0,0,0,0,0,0,0,0,0,0,0,0,0,0,0],"split_type":[0,0,0,0,0,0,0,0,0,0,0,0,0,0,0],"sum_hessian":[9E0,2E0,7E0,1E0,1E0,6E0,1E0,2E0,4E0,1E0,1E0,3E0,1E0,2E0,1E0],"tree_param":{"num_deleted":"0","num_feature":"2","num_nodes":"15","size_leaf_vector":"1"}},{"base_weights":[-2.2394562E-2,-1.5797932E-1,3.1249046E-2,-1.9511795E-2,-4.1851043E-3,7.2043284E-4,1.2247467E-2,-2.0566305E-2,1.33483885E-2,-2.4440766E-3,-6.4086914E-4,4.673004E-3,2.4024963E-3,2.0039876E-4,6.340027E-4],"categories":[],"categories_nodes":[],"categories_segments":[],"categories_sizes":[],"default_left":[0,0,0,0,0,0,0,0,0,0,0,0,0,0,0],"id":99,"left_children":[1,3,5,-1,-1,7,-1,9,11,-1,-1,13,-1,-1,-1],"loss_changes":[7.766926E-2,4.7726408E-3,2.2191701E-2,0E0,0E0,2.156183E-3,0E0,7.926021E-6,3.5084825E-4,0E0,0E0,5.0919116E-6,0E0,0E0,0E0],"parents":[2147483647,0,0,1,1,2,2,5,5,7,7,8,8,11,11],"right_children":[2,4,6,-1,-1,8,-1,10,12,-1,-1,14,-1,-1,-1],"split_conditions":[2.0133993E-1,1.00857235E-1,1E0,-1.9511795E-2,-4.1851043E-3,6.046661E-1,1.2247467E-2,5.030802E-1,9.053671E-1,-2.4440766E-3,-6.4086914E-4,8.055307E-1,2.4024963E-3,2.0039876E-4,6.340027E-4],"split_indices":[0,0,0,0,0,0,0,0,0,0,0,0,0,0,0],"split_type":[0,0,0,0,0,0,0,0,0,0,0,0,0,0,0],"sum_hessian":[9E0,2E0,7E0,1E0,1E0,6E0,1E0,2E0,4E0,1E0,1E0,3E0,1E0,2E0,1E0],"tree_param":{"num_deleted":"0","num_feature":"2","num_nodes":"15","size_leaf_vector":"1"}}]},"name":"gbtree"},"learner_model_param":{"base_score":"1.2852222E2","boost_from_average":"1","num_class":"0","num_feature":"2","num_target":"1"},"objective":{"name":"reg:squarederror","reg_loss_param":{"scale_pos_weight":"1"}}},"version":[2,0,1]}