{"learner":{"attributes":{"scikit_learn":"{\"_estimator_type\": \"regressor\"}"},"feature_names":[],"feature_types":[],"gradient_booster":{"model":{"gbtree_model_param":{"num_parallel_tree":"1","num_trees":"100"},"iteration_indptr":[0,1,2,3,4,5,6,7,8,9,10,11,12,13,14,15,16,17,18,19,20,21,22,23,24,25,26,27,28,29,30,31,32,33,34,35,36,37,38,39,40,41,42,43,44,45,46,47,48,49,50,51,52,53,54,55,56,57,58,59,60,61,62,63,64,65,66,67,68,69,70,71,72,73,74,75,76,77,78,79,80,81,82,83,84,85,86,87,88,89,90,91,92,93,94,95,96,97,98,99,100],"tree_info":[0,0,0,0,0,0,0,0,0,0,0,0,0,0,0,0,0,0,0,0,0,0,0,0,0,0,0,0,0,0,0,0,0,0,0,0,0,0,0,0,0,0,0,0,0,0,0,0,0,0,0,0,0,0,0,0,0,0,0,0,0,0,0,0,0,0,0,0,0,0,0,0,0,0,0,0,0,0,0,0,0,0,0,0,0,0,0,0,0,0,0,0,0,0,0,0,0,0,0,0],"trees":[{"base_weights":[-1.1444092E-6,-1.3244445E1,1.5893332E1,-1.4346668E0,-3.866667E-1,2.2833328E-1,1.8724998E0],"categories":[],"categories_nodes":[],"categories_segments":[],"categories_sizes":[],"default_left":[0,0,0,0,0,0,0],"id":0,"left_children":[1,3,5,-1,-1,-1,-1],"loss_changes":[2.315482E3,6.5446777E0,1.4993958E2,0E0,0E0,0E0,0E0],"parents":[2147483647,0,0,1,1,2,2],"right_children":[2,4,6,-1,-1,-1,-1],"split_conditions":[7.0004344E-1,4.0307307E-1,8.030273E-1,-1.4346668E0,-3.866667E-1,2.2833328E-1,1.8724998E0],"split_indices":[0,0,0,0,0,0,0],"split_type":[0,0,0,0,0,0,0],"sum_hessian":[9E0,5E0,4E0,4E0,1E0,1E0,3E0],"tree_param":{"num_deleted":"0","num_feature":"2","num_nodes":"7","size_leaf_vector":"1"}},{"base_weights":[2.7947998E-2,-1.2223557E1,1.4724165E1,-1.3198935E0,-3.673334E-1,2.1691667E-1,1.7320622E0],"categories":[],"categories_nodes":[],"categories_segments":[],"categories_sizes":[],"default_left":[0,0,0,0,0,0,0],"id":1,"left_children":[1,3,5,-1,-1,-1,-1],"loss_changes":[1.9804895E3,1.5540161E0,1.25421265E2,0E0,0E0,0E0,0E0],"parents":[2147483647,0,0,1,1,2,2],"right_children":[2,4,6,-1,-1,-1,-1],"split_conditions":[7.0004344E-1,4.0307307E-1,8.030273E-1,-1.3198935E0,-3.673334E-1,2.1691667E-1,1.7320622E0],"split_indices":[0,0,0,0,0,0,0],"split_type":[0,0,0,0,0,0,0],"sum_hessian":[9E0,5E0,4E0,4E0,1E0,1E0,3E0],"tree_param":{"num_deleted":"0","num_feature":"2","num_nodes":"7","size_leaf_vector":"1"}},{"base_weights":[5.1327895E-2,-1.1282407E0,1.3641543E1,2.060709E-1,1.6021576E0],"categories":[],"categories_nodes":[],"categories_segments":[],"categories_sizes":[],"default_left":[0,0,0,0,0],"id":2,"left_children":[1,-1,3,-1,-1],"loss_changes":[1.6941885E3,0E0,1.0479785E2,0E0,0E0],"parents":[2147483647,0,0,2,2],"right_children":[2,-1,4,-1,-1],"split_conditions":[7.0004344E-1,-1.1282407E0,8.030273E-1,2.060709E-1,1.6021576E0],"split_indices":[0,0,0,0,0],"split_type":[0,0,0,0,0],"sum_hessian":[9E0,5E0,4E0,1E0,3E0],"tree_param":{"num_deleted":"0","num_feature":"2","num_nodes":"5","size_leaf_vector":"1"}},{"base_weights":[1.1419487E-1,-1.0342204E1,1.2639035E1,-1.2137899E0,-4.5005423E-1,4.4584298E-1,1.6606629E0],"categories":[],"categories_nodes":[],"categories_segments":[],"categories_sizes":[],"default_left":[0,0,0,0,0,0,0],"id":3,"left_children":[1,3,5,-1,-1,-1,-1],"loss_changes":[1.4403628E3,8.311951E0,8.824713E1,0E0,0E0,0E0,0E0],"parents":[2147483647,0,0,1,1,2,2],"right_children":[2,4,6,-1,-1,-1,-1],"split_conditions":[7.0004344E-1,3.0179837E-1,9.085867E-1,-1.2137899E0,-4.5005423E-1,4.4584298E-1,1.6606629E0],"split_indices":[0,0,0,0,0,0,0],"split_type":[0,0,0,0,0,0,0],"sum_hessian":[9E0,5E0,4E0,3E0,2E0,2E0,2E0],"tree_param":{"num_deleted":"0","num_feature":"2","num_nodes":"7","size_leaf_vector":"1"}},{"base_weights":[1.4704171E-1,-9.585291E0,1.17964325E1,-1.0422142E0,-2.7005196E-1,1.7347527E-1,1.3878164E0],"categories":[],"categories_nodes":[],"categories_segments":[],"categories_sizes":[],"default_left":[0,0,0,0,0,0,0],"id":4,"left_children":[1,3,5,-1,-1,-1,-1],"loss_changes":[1.2468297E3,6.42395E0,8.065338E1,0E0,0E0,0E0,0E0],"parents":[2147483647,0,0,1,1,2,2],"right_children":[2,4,6,-1,-1,-1,-1],"split_conditions":[7.0004344E-1,4.0307307E-1,8.030273E-1,-1.0422142E0,-2.7005196E-1,1.7347527E-1,1.3878164E0],"split_indices":[0,0,0,0,0,0,0],"split_type":[0,0,0,0,0,0,0],"sum_hessian":[9E0,5E0,4E0,4E0,1E0,1E0,3E0],"tree_param":{"num_deleted":"0","num_feature":"2","num_nodes":"7","size_leaf_vector":"1"}},{"base_weights":[1.5723953E-1,-8.845473E0,1.0929047E1,-1.0445896E0,-3.7630838E-1,3.64077E-1,1.4574307E0],"categories":[],"categories_nodes":[],"categories_segments":[],"categories_sizes":[],"default_left":[0,0,0,0,0,0,0],"id":5,"left_children":[1,3,5,-1,-1,-1,-1],"loss_changes":[1.0664275E3,9.495056E0,7.977661E1,0E0,0E0,0E0,0E0],"parents":[2147483647,0,0,1,1,2,2],"right_children":[2,4,6,-1,-1,-1,-1],"split_conditions":[7.0004344E-1,3.0179837E-1,9.085867E-1,-1.0445896E0,-3.7630838E-1,3.64077E-1,1.4574307E0],"split_indices":[0,0,0,0,0,0,0],"split_type":[0,0,0,0,0,0,0],"sum_hessian":[9E0,5E0,4E0,3E0,2E0,2E0,2E0],"tree_param":{"num_deleted":"0","num_feature":"2","num_nodes":"7","size_leaf_vector":"1"}},{"base_weights":[1.8157616E-1,-8.1977415E0,1.0200442E1,-9.662455E-1,-3.5122117E-1,3.398051E-1,1.3602687E0],"categories":[],"categories_nodes":[],"categories_segments":[],"categories_sizes":[],"default_left":[0,0,0,0,0,0,0],"id":6,"left_children":[1,3,5,-1,-1,-1,-1],"loss_changes":[9.231332E2,7.2411804E0,6.9494385E1,0E0,0E0,0E0,0E0],"parents":[2147483647,0,0,1,1,2,2],"right_children":[2,4,6,-1,-1,-1,-1],"split_conditions":[7.0004344E-1,3.0179837E-1,9.085867E-1,-9.662455E-1,-3.5122117E-1,3.398051E-1,1.3602687E0],"split_indices":[0,0,0,0,0,0,0],"split_type":[0,0,0,0,0,0,0],"sum_hessian":[9E0,5E0,4E0,3E0,2E0,2E0,2E0],"tree_param":{"num_deleted":"0","num_feature":"2","num_nodes":"7","size_leaf_vector":"1"}},{"base_weights":[2.016798E-1,-7.5975447E0,9.520413E0,-8.93777E-1,-3.278063E-1,3.171514E-1,1.2695842E0],"categories":[],"categories_nodes":[],"categories_segments":[],"categories_sizes":[],"default_left":[0,0,0,0,0,0,0],"id":7,"left_children":[1,3,5,-1,-1,-1,-1],"loss_changes":[7.991207E2,5.435913E0,6.0537354E1,0E0,0E0,0E0,0E0],"parents":[2147483647,0,0,1,1,2,2],"right_children":[2,4,6,-1,-1,-1,-1],"split_conditions":[7.0004344E-1,3.0179837E-1,9.085867E-1,-8.93777E-1,-3.278063E-1,3.171514E-1,1.2695842E0],"split_indices":[0,0,0,0,0,0,0],"split_type":[0,0,0,0,0,0,0],"sum_hessian":[9E0,5E0,4E0,3E0,2E0,2E0,2E0],"tree_param":{"num_deleted":"0","num_feature":"2","num_nodes":"7","size_leaf_vector":"1"}},{"base_weights":[2.1802711E-1,-7.0413876E0,8.885719E0,-8.267437E-1,-3.0595264E-1,2.9600805E-1,1.1849452E0],"categories":[],"categories_nodes":[],"categories_segments":[],"categories_sizes":[],"default_left":[0,0,0,0,0,0,0],"id":8,"left_children":[1,3,5,-1,-1,-1,-1],"loss_changes":[6.917915E2,3.997284E0,5.273471E1,0E0,0E0,0E0,0E0],"parents":[2147483647,0,0,1,1,2,2],"right_children":[2,4,6,-1,-1,-1,-1],"split_conditions":[7.0004344E-1,3.0179837E-1,9.085867E-1,-8.267437E-1,-3.0595264E-1,2.9600805E-1,1.1849452E0],"split_indices":[0,0,0,0,0,0,0],"split_type":[0,0,0,0,0,0,0],"sum_hessian":[9E0,5E0,4E0,3E0,2E0,2E0,2E0],"tree_param":{"num_deleted":"0","num_feature":"2","num_nodes":"7","size_leaf_vector":"1"}},{"base_weights":[2.3105049E-1,-6.526031E0,8.293338E0,-8.3754474E-1,-3.5074607E-1,9.8949246E-2,9.8719263E-1],"categories":[],"categories_nodes":[],"categories_segments":[],"categories_sizes":[],"default_left":[0,0,0,0,0,0,0],"id":9,"left_children":[1,3,5,-1,-1,-1,-1],"loss_changes":[5.9889795E2,4.119034E0,4.7880615E1,0E0,0E0,0E0,0E0],"parents":[2147483647,0,0,1,1,2,2],"right_children":[2,4,6,-1,-1,-1,-1],"split_conditions":[7.0004344E-1,1.9982417E-1,8.030273E-1,-8.3754474E-1,-3.5074607E-1,9.8949246E-2,9.8719263E-1],"split_indices":[0,0,0,0,0,0,0],"split_type":[0,0,0,0,0,0,0],"sum_hessian":[9E0,5E0,4E0,2E0,3E0,1E0,3E0],"tree_param":{"num_deleted":"0","num_feature":"2","num_nodes":"7","size_leaf_vector":"1"}},{"base_weights":[1.9773026E-1,-6.071476E0,7.6812315E0,-7.817084E-1,-3.244401E-1,2.4006931E-1,1.040136E0],"categories":[],"categories_nodes":[],"categories_segments":[],"categories_sizes":[],"default_left":[0,0,0,0,0,0,0],"id":10,"left_children":[1,3,5,-1,-1,-1,-1],"loss_changes":[5.1579254E2,4.248047E0,4.6848236E1,0E0,0E0,0E0,0E0],"parents":[2147483647,0,0,1,1,2,2],"right_children":[2,4,6,-1,-1,-1,-1],"split_conditions":[7.0004344E-1,1.9982417E-1,9.085867E-1,-7.817084E-1,-3.244401E-1,2.4006931E-1,1.040136E0],"split_indices":[0,0,0,0,0,0,0],"split_type":[0,0,0,0,0,0,0],"sum_hessian":[9E0,5E0,4E0,2E0,3E0,2E0,2E0],"tree_param":{"num_deleted":"0","num_feature":"2","num_nodes":"7","size_leaf_vector":"1"}},{"base_weights":[1.9536285E-1,-5.648687E0,7.16915E0,-7.295946E-1,-3.001071E-1,2.2406463E-1,9.7079366E-1],"categories":[],"categories_nodes":[],"categories_segments":[],"categories_sizes":[],"default_left":[0,0,0,0,0,0,0],"id":11,"left_children":[1,3,5,-1,-1,-1,-1],"loss_changes":[4.4804785E2,4.2722015E0,4.0810028E1,0E0,0E0,0E0,0E0],"parents":[2147483647,0,0,1,1,2,2],"right_children":[2,4,6,-1,-1,-1,-1],"split_conditions":[7.0004344E-1,1.9982417E-1,9.085867E-1,-7.295946E-1,-3.001071E-1,2.2406463E-1,9.7079366E-1],"split_indices":[0,0,0,0,0,0,0],"split_type":[0,0,0,0,0,0,0],"sum_hessian":[9E0,5E0,4E0,2E0,3E0,2E0,2E0],"tree_param":{"num_deleted":"0","num_feature":"2","num_nodes":"7","size_leaf_vector":"1"}},{"base_weights":[1.9234237E-1,-5.2554345E0,6.6912065E0,-6.809549E-1,-2.7759907E-1,2.0912705E-1,9.0607405E-1],"categories":[],"categories_nodes":[],"categories_segments":[],"categories_sizes":[],"default_left":[0,0,0,0,0,0,0],"id":12,"left_children":[1,3,5,-1,-1,-1,-1],"loss_changes":[3.892088E2,4.216797E0,3.555005E1,0E0,0E0,0E0,0E0],"parents":[2147483647,0,0,1,1,2,2],"right_children":[2,4,6,-1,-1,-1,-1],"split_conditions":[7.0004344E-1,1.9982417E-1,9.085867E-1,-6.809549E-1,-2.7759907E-1,2.0912705E-1,9.0607405E-1],"split_indices":[0,0,0,0,0,0,0],"split_type":[0,0,0,0,0,0,0],"sum_hessian":[9E0,5E0,4E0,2E0,3E0,2E0,2E0],"tree_param":{"num_deleted":"0","num_feature":"2","num_nodes":"7","size_leaf_vector":"1"}},{"base_weights":[1.8877296E-1,-4.8896503E0,6.2451262E0,-5.819254E-1,-2.0202954E-1,6.0338784E-2,7.504714E0,2.3243923E-1,8.456691E-1],"categories":[],"categories_nodes":[],"categories_segments":[],"categories_sizes":[],"default_left":[0,0,0,0,0,0,0,0,0],"id":13,"left_children":[1,3,5,-1,-1,-1,7,-1,-1],"loss_changes":[3.3810376E2,4.2475586E0,3.1003052E1,0E0,0E0,0E0,6.9503784E-2,0E0,0E0],"parents":[2147483647,0,0,1,1,2,2,6,6],"right_children":[2,4,6,-1,-1,-1,8,-1,-1],"split_conditions":[7.0004344E-1,3.0179837E-1,8.030273E-1,-5.819254E-1,-2.0202954E-1,6.0338784E-2,9.085867E-1,2.3243923E-1,8.456691E-1],"split_indices":[0,0,0,0,0,0,0,0,0],"split_type":[0,0,0,0,0,0,0,0,0],"sum_hessian":[9E0,5E0,4E0,3E0,2E0,1E0,3E0,1E0,2E0],"tree_param":{"num_deleted":"0","num_feature":"2","num_nodes":"9","size_leaf_vector":"1"}},{"base_weights":[2.0534535E-1,-3.720232E0,7.0237696E-1,-4.9746582E-1,-3.8944498E-1,-1.1573868E-1,5.7321932E-2],"categories":[],"categories_nodes":[],"categories_segments":[],"categories_sizes":[],"default_left":[0,0,0,0,0,0,0],"id":14,"left_children":[1,3,-1,-1,5,-1,-1],"loss_changes":[2.9379257E2,2.7310219E1,0E0,0E0,2.881247E0,0E0,0E0],"parents":[2147483647,0,0,1,1,4,4],"right_children":[2,4,-1,-1,6,-1,-1],"split_conditions":[8.030273E-1,4.0307307E-1,7.0237696E-1,-4.9746582E-1,7.0004344E-1,-1.1573868E-1,5.7321932E-2],"split_indices":[0,0,0,0,0,0,0],"split_type":[0,0,0,0,0,0,0],"sum_hessian":[9E0,6E0,3E0,4E0,2E0,1E0,1E0],"tree_param":{"num_deleted":"0","num_feature":"2","num_nodes":"7","size_leaf_vector":"1"}},{"base_weights":[1.9945964E-1,-4.180411E0,5.415412E0,-5.635985E-1,-2.0436274E-1,1.6010271E-1,7.42466E-1],"categories":[],"categories_nodes":[],"categories_segments":[],"categories_sizes":[],"default_left":[0,0,0,0,0,0,0],"id":15,"left_children":[1,3,5,-1,-1,-1,-1],"loss_changes":[2.5109062E2,7.1436234E0,2.6433136E1,0E0,0E0,0E0,0E0],"parents":[2147483647,0,0,1,1,2,2],"right_children":[2,4,6,-1,-1,-1,-1],"split_conditions":[7.0004344E-1,1.9982417E-1,9.085867E-1,-5.635985E-1,-2.0436274E-1,1.6010271E-1,7.42466E-1],"split_indices":[0,0,0,0,0,0,0],"split_type":[0,0,0,0,0,0,0],"sum_hessian":[9E0,5E0,4E0,2E0,3E0,2E0,2E0],"tree_param":{"num_deleted":"0","num_feature":"2","num_nodes":"7","size_leaf_vector":"1"}},{"base_weights":[1.9297428E-1,-3.2018812E0,6.0857277E0,-5.2602524E-1,-1.326482E0,1.7769317E-1,6.9296825E-1,-1.8903556E-1,4.6450615E-2],"categories":[],"categories_nodes":[],"categories_segments":[],"categories_sizes":[],"default_left":[0,0,0,0,0,0,0,0,0],"id":16,"left_children":[1,3,5,-1,7,-1,-1,-1,-1],"loss_changes":[2.1953624E2,2.004425E1,2.232132E0,0E0,5.927535E0,0E0,0E0,0E0,0E0],"parents":[2147483647,0,0,1,1,2,2,4,4],"right_children":[2,4,6,-1,8,-1,-1,-1,-1],"split_conditions":[8.030273E-1,1.9982417E-1,9.085867E-1,-5.2602524E-1,7.0004344E-1,1.7769317E-1,6.9296825E-1,-1.8903556E-1,4.6450615E-2],"split_indices":[0,0,0,0,0,0,0,0,0],"split_type":[0,0,0,0,0,0,0,0,0],"sum_hessian":[9E0,6E0,3E0,2E0,4E0,1E0,2E0,3E0,1E0],"tree_param":{"num_deleted":"0","num_feature":"2","num_nodes":"9","size_leaf_vector":"1"}},{"base_weights":[1.9388255E-1,-2.9772086E0,5.6948214E0,-4.9095687E-1,-1.2223507E0,1.6880856E-1,6.467705E-1,-1.7485785E-1,4.4128038E-2],"categories":[],"categories_nodes":[],"categories_segments":[],"categories_sizes":[],"default_left":[0,0,0,0,0,0,0,0,0],"id":17,"left_children":[1,3,5,-1,7,-1,-1,-1,-1],"loss_changes":[1.9139445E2,1.77359E1,1.4689178E0,0E0,5.148858E0,0E0,0E0,0E0,0E0],"parents":[2147483647,0,0,1,1,2,2,4,4],"right_children":[2,4,6,-1,8,-1,-1,-1,-1],"split_conditions":[8.030273E-1,1.9982417E-1,9.085867E-1,-4.9095687E-1,7.0004344E-1,1.6880856E-1,6.467705E-1,-1.7485785E-1,4.4128038E-2],"split_indices":[0,0,0,0,0,0,0,0,0],"split_type":[0,0,0,0,0,0,0,0,0],"sum_hessian":[9E0,6E0,3E0,2E0,4E0,1E0,2E0,3E0,1E0],"tree_param":{"num_deleted":"0","num_feature":"2","num_nodes":"9","size_leaf_vector":"1"}},{"base_weights":[1.938837E-1,-2.7682998E0,5.329234E0,-4.582264E-1,-1.1262615E0,1.6036816E-1,6.036524E-1,-1.617435E-1,4.1921616E-2],"categories":[],"categories_nodes":[],"categories_segments":[],"categories_sizes":[],"default_left":[0,0,0,0,0,0,0,0,0],"id":18,"left_children":[1,3,5,-1,7,-1,-1,-1,-1],"loss_changes":[1.6687141E2,1.5689365E1,8.5951996E-1,0E0,4.473543E0,0E0,0E0,0E0,0E0],"parents":[2147483647,0,0,1,1,2,2,4,4],"right_children":[2,4,6,-1,8,-1,-1,-1,-1],"split_conditions":[8.030273E-1,1.9982417E-1,9.085867E-1,-4.582264E-1,7.0004344E-1,1.6036816E-1,6.036524E-1,-1.617435E-1,4.1921616E-2],"split_indices":[0,0,0,0,0,0,0,0,0],"split_type":[0,0,0,0,0,0,0,0,0],"sum_hessian":[9E0,6E0,3E0,2E0,4E0,1E0,2E0,3E0,1E0],"tree_param":{"num_deleted":"0","num_feature":"2","num_nodes":"9","size_leaf_vector":"1"}},{"base_weights":[1.9309215E-1,-2.5740485E0,4.987315E0,-3.4691625E0,-2.2417577E-1,1.5234967E-1,5.634089E-1,-4.2767793E-1,-1.5051581E-1,-7.345181E-2,3.982544E-2],"categories":[],"categories_nodes":[],"categories_segments":[],"categories_sizes":[],"default_left":[0,0,0,0,0,0,0,0,0,0,0],"id":19,"left_children":[1,3,5,7,9,-1,-1,-1,-1,-1,-1],"loss_changes":[1.4550047E2,1.3946125E1,3.7771606E-1,1.4935837E0,1.2454823E0,0E0,0E0,0E0,0E0,0E0,0E0],"parents":[2147483647,0,0,1,1,2,2,3,3,4,4],"right_children":[2,4,6,8,10,-1,-1,-1,-1,-1,-1],"split_conditions":[8.030273E-1,4.0307307E-1,9.085867E-1,1.9982417E-1,7.0004344E-1,1.5234967E-1,5.634089E-1,-4.2767793E-1,-1.5051581E-1,-7.345181E-2,3.982544E-2],"split_indices":[0,0,0,0,0,0,0,0,0,0,0],"split_type":[0,0,0,0,0,0,0,0,0,0,0],"sum_hessian":[9E0,6E0,3E0,4E0,2E0,1E0,2E0,2E0,2E0,1E0,1E0],"tree_param":{"num_deleted":"0","num_feature":"2","num_nodes":"11","size_leaf_vector":"1"}},{"base_weights":[1.8417683E-1,-2.4040465E0,4.6675234E0,-3.237885E0,-2.1296692E-1,1.447321E-1,5.258484E-1,-3.991661E-1,-1.4048138E-1,-6.977921E-2,3.7834167E-2],"categories":[],"categories_nodes":[],"categories_segments":[],"categories_sizes":[],"default_left":[0,0,0,0,0,0,0,0,0,0,0],"id":20,"left_children":[1,3,5,7,9,-1,-1,-1,-1,-1,-1],"loss_changes":[1.27259964E2,1.20994835E1,1.335144E-3,1.3010864E0,1.1240475E0,0E0,0E0,0E0,0E0,0E0,0E0],"parents":[2147483647,0,0,1,1,2,2,3,3,4,4],"right_children":[2,4,6,8,10,-1,-1,-1,-1,-1,-1],"split_conditions":[8.030273E-1,4.0307307E-1,9.085867E-1,1.9982417E-1,7.0004344E-1,1.447321E-1,5.258484E-1,-3.991661E-1,-1.4048138E-1,-6.977921E-2,3.7834167E-2],"split_indices":[0,0,0,0,0,0,0,0,0,0,0],"split_type":[0,0,0,0,0,0,0,0,0,0,0],"sum_hessian":[9E0,6E0,3E0,4E0,2E0,1E0,2E0,2E0,2E0,1E0,1E0],"tree_param":{"num_deleted":"0","num_feature":"2","num_nodes":"11","size_leaf_vector":"1"}},{"base_weights":[1.7565784E-1,-2.245298E0,4.3684158E-1,-3.0220256E0,-2.0231883E-1,-4.2441627E-1,-1.6554509E-1,-6.629028E-2,3.594246E-2],"categories":[],"categories_nodes":[],"categories_segments":[],"categories_sizes":[],"default_left":[0,0,0,0,0,0,0,0,0],"id":21,"left_children":[1,3,-1,5,7,-1,-1,-1,-1],"loss_changes":[1.1131321E2,1.0496456E1,0E0,1.324707E0,1.0144536E0,0E0,0E0,0E0,0E0],"parents":[2147483647,0,0,1,1,3,3,4,4],"right_children":[2,4,-1,6,8,-1,-1,-1,-1],"split_conditions":[8.030273E-1,4.0307307E-1,4.3684158E-1,9.842111E-2,7.0004344E-1,-4.2441627E-1,-1.6554509E-1,-6.629028E-2,3.594246E-2],"split_indices":[0,0,0,0,0,0,0,0,0],"split_type":[0,0,0,0,0,0,0,0,0],"sum_hessian":[9E0,6E0,3E0,4E0,2E0,1E0,3E0,1E0,1E0],"tree_param":{"num_deleted":"0","num_feature":"2","num_nodes":"9","size_leaf_vector":"1"}},{"base_weights":[1.3974571E-1,-2.5747654E0,3.36921E0,-4.0319547E-1,-1.4769368E-1,9.986585E-2,4.6166918E-1],"categories":[],"categories_nodes":[],"categories_segments":[],"categories_sizes":[],"default_left":[0,0,0,0,0,0,0],"id":22,"left_children":[1,3,5,-1,-1,-1,-1],"loss_changes":[9.6339096E1,3.6435242E0,1.0175598E1,0E0,0E0,0E0,0E0],"parents":[2147483647,0,0,1,1,2,2],"right_children":[2,4,6,-1,-1,-1,-1],"split_conditions":[7.0004344E-1,9.842111E-2,9.085867E-1,-4.0319547E-1,-1.4769368E-1,9.986585E-2,4.6166918E-1],"split_indices":[0,0,0,0,0,0,0],"split_type":[0,0,0,0,0,0,0],"sum_hessian":[9E0,5E0,4E0,1E0,4E0,2E0,2E0],"tree_param":{"num_deleted":"0","num_feature":"2","num_nodes":"7","size_leaf_vector":"1"}},{"base_weights":[1.2683582E-1,-1.9816543E0,3.7849846E0,-3.3452672E-1,-7.671558E-1,1.1066017E-1,4.308912E-1,-1.1047053E-1,2.9152108E-2],"categories":[],"categories_nodes":[],"categories_segments":[],"categories_sizes":[],"default_left":[0,0,0,0,0,0,0,0,0],"id":23,"left_children":[1,3,5,-1,7,-1,-1,-1,-1],"loss_changes":[8.463223E1,9.0264E0,8.448639E-1,0E0,2.1088243E0,0E0,0E0,0E0,0E0],"parents":[2147483647,0,0,1,1,2,2,4,4],"right_children":[2,4,6,-1,8,-1,-1,-1,-1],"split_conditions":[8.030273E-1,1.9982417E-1,9.085867E-1,-3.3452672E-1,7.0004344E-1,1.1066017E-1,4.308912E-1,-1.1047053E-1,2.9152108E-2],"split_indices":[0,0,0,0,0,0,0,0,0],"split_type":[0,0,0,0,0,0,0,0,0],"sum_hessian":[9E0,6E0,3E0,2E0,4E0,1E0,2E0,3E0,1E0],"tree_param":{"num_deleted":"0","num_feature":"2","num_nodes":"9","size_leaf_vector":"1"}},{"base_weights":[1.2672214E-1,-1.8428957E0,3.541873E0,-3.6630937E-1,-9.290139E-1,1.0512715E-1,4.02165E-1,-1.2255948E-1,2.7694512E-2],"categories":[],"categories_nodes":[],"categories_segments":[],"categories_sizes":[],"default_left":[0,0,0,0,0,0,0,0,0],"id":24,"left_children":[1,3,5,-1,7,-1,-1,-1,-1],"loss_changes":[7.3792725E1,8.241058E0,5.518799E-1,0E0,2.4854083E0,0E0,0E0,0E0,0E0],"parents":[2147483647,0,0,1,1,2,2,4,4],"right_children":[2,4,6,-1,8,-1,-1,-1,-1],"split_conditions":[8.030273E-1,9.842111E-2,9.085867E-1,-3.6630937E-1,7.0004344E-1,1.0512715E-1,4.02165E-1,-1.2255948E-1,2.7694512E-2],"split_indices":[0,0,0,0,0,0,0,0,0],"split_type":[0,0,0,0,0,0,0,0,0],"sum_hessian":[9E0,6E0,3E0,1E0,5E0,1E0,2E0,4E0,1E0],"tree_param":{"num_deleted":"0","num_feature":"2","num_nodes":"9","size_leaf_vector":"1"}},{"base_weights":[1.1866169E-1,-1.7244886E0,3.3145094E0,-3.4799385E-1,-8.5192394E-1,9.9870875E-2,3.7535402E-1,-1.12754785E-1,2.6309777E-2],"categories":[],"categories_nodes":[],"categories_segments":[],"categories_sizes":[],"default_left":[0,0,0,0,0,0,0,0,0],"id":25,"left_children":[1,3,5,-1,7,-1,-1,-1,-1],"loss_changes":[6.462011E1,7.7575626E0,3.1813812E-1,0E0,2.1406155E0,0E0,0E0,0E0,0E0],"parents":[2147483647,0,0,1,1,2,2,4,4],"right_children":[2,4,6,-1,8,-1,-1,-1,-1],"split_conditions":[8.030273E-1,9.842111E-2,9.085867E-1,-3.4799385E-1,7.0004344E-1,9.9870875E-2,3.7535402E-1,-1.12754785E-1,2.6309777E-2],"split_indices":[0,0,0,0,0,0,0,0,0],"split_type":[0,0,0,0,0,0,0,0,0],"sum_hessian":[9E0,6E0,3E0,1E0,5E0,1E0,2E0,4E0,1E0],"tree_param":{"num_deleted":"0","num_feature":"2","num_nodes":"9","size_leaf_vector":"1"}},{"base_weights":[1.10873796E-1,-1.6141025E0,3.1018639E0,-3.3059415E-1,-7.811391E-1,1.4008331E-1,4.102478E-1,-1.037344E-1,2.4994278E-2],"categories":[],"categories_nodes":[],"categories_segments":[],"categories_sizes":[],"default_left":[0,0,0,0,0,0,0,0,0],"id":26,"left_children":[1,3,5,-1,7,-1,-1,-1,-1],"loss_changes":[5.6600597E1,7.282282E0,1.0614166E0,0E0,1.8442862E0,0E0,0E0,0E0,0E0],"parents":[2147483647,0,0,1,1,2,2,4,4],"right_children":[2,4,6,-1,8,-1,-1,-1,-1],"split_conditions":[8.030273E-1,9.842111E-2,1E0,-3.3059415E-1,7.0004344E-1,1.4008331E-1,4.102478E-1,-1.037344E-1,2.4994278E-2],"split_indices":[0,0,0,0,0,0,0,0,0],"split_type":[0,0,0,0,0,0,0,0,0],"sum_hessian":[9E0,6E0,3E0,1E0,5E0,2E0,1E0,4E0,1E0],"tree_param":{"num_deleted":"0","num_feature":"2","num_nodes":"9","size_leaf_vector":"1"}},{"base_weights":[1.1388626E-1,-1.5111684E0,2.9292603E0,-3.140644E-1,-7.161484E-1,1.3074443E-1,3.8973543E-1,-9.543564E-2,2.3744583E-2],"categories":[],"categories_nodes":[],"categories_segments":[],"categories_sizes":[],"default_left":[0,0,0,0,0,0,0,0,0],"id":27,"left_children":[1,3,5,-1,7,-1,-1,-1,-1],"loss_changes":[5.017797E1,6.8190947E0,1.1847076E0,0E0,1.5895307E0,0E0,0E0,0E0,0E0],"parents":[2147483647,0,0,1,1,2,2,4,4],"right_children":[2,4,6,-1,8,-1,-1,-1,-1],"split_conditions":[8.030273E-1,9.842111E-2,1E0,-3.140644E-1,7.0004344E-1,1.3074443E-1,3.8973543E-1,-9.543564E-2,2.3744583E-2],"split_indices":[0,0,0,0,0,0,0,0,0],"split_type":[0,0,0,0,0,0,0,0,0],"sum_hessian":[9E0,6E0,3E0,1E0,5E0,2E0,1E0,4E0,1E0],"tree_param":{"num_deleted":"0","num_feature":"2","num_nodes":"9","size_leaf_vector":"1"}},{"base_weights":[1.1597061E-1,-1.415159E0,2.7664547E0,-2.983612E-1,-6.5648144E-1,1.22028105E-1,3.702488E-1,-8.7800756E-2,2.255745E-2],"categories":[],"categories_nodes":[],"categories_segments":[],"categories_sizes":[],"default_left":[0,0,0,0,0,0,0,0,0],"id":28,"left_children":[1,3,5,-1,7,-1,-1,-1,-1],"loss_changes":[4.449732E1,6.370967E0,1.2710037E0,0E0,1.3704467E0,0E0,0E0,0E0,0E0],"parents":[2147483647,0,0,1,1,2,2,4,4],"right_children":[2,4,6,-1,8,-1,-1,-1,-1],"split_conditions":[8.030273E-1,9.842111E-2,1E0,-2.983612E-1,7.0004344E-1,1.22028105E-1,3.702488E-1,-8.7800756E-2,2.255745E-2],"split_indices":[0,0,0,0,0,0,0,0,0],"split_type":[0,0,0,0,0,0,0,0,0],"sum_hessian":[9E0,6E0,3E0,1E0,5E0,2E0,1E0,4E0,1E0],"tree_param":{"num_deleted":"0","num_feature":"2","num_nodes":"9","size_leaf_vector":"1"}},{"base_weights":[1.17241286E-1,-1.3255866E0,2.6128798E0,-2.8344318E-1,-6.0170716E-1,1.13892995E-1,3.5173646E-1,-8.077671E-1,2.1429634E-2,-8.899417E-2,-2.3953438E-2],"categories":[],"categories_nodes":[],"categories_segments":[],"categories_sizes":[],"default_left":[0,0,0,0,0,0,0,0,0,0,0],"id":29,"left_children":[1,3,5,-1,7,-1,-1,9,-1,-1,-1],"loss_changes":[3.9471367E1,5.940055E0,1.3266277E0,0E0,1.1819754E0,0E0,0E0,2.0299911E-2,0E0,0E0,0E0],"parents":[2147483647,0,0,1,1,2,2,4,4,7,7],"right_children":[2,4,6,-1,8,-1,-1,10,-1,-1,-1],"split_conditions":[8.030273E-1,9.842111E-2,1E0,-2.8344318E-1,7.0004344E-1,1.13892995E-1,3.5173646E-1,4.0307307E-1,2.1429634E-2,-8.899417E-2,-2.3953438E-2],"split_indices":[0,0,0,0,0,0,0,0,0,0,0],"split_type":[0,0,0,0,0,0,0,0,0,0,0],"sum_hessian":[9E0,6E0,3E0,1E0,5E0,2E0,1E0,4E0,1E0,3E0,1E0],"tree_param":{"num_deleted":"0","num_feature":"2","num_nodes":"11","size_leaf_vector":"1"}},{"base_weights":[1.1458416E-1,-1.2465937E0,2.4679995E0,-2.69271E-1,-5.567894E-1,1.0630023E-1,3.3414957E-1,-7.495796E-1,2.0358086E-2,-8.231955E-2,-2.2755815E-2],"categories":[],"categories_nodes":[],"categories_segments":[],"categories_sizes":[],"default_left":[0,0,0,0,0,0,0,0,0,0,0],"id":30,"left_children":[1,3,5,-1,7,-1,-1,9,-1,-1,-1],"loss_changes":[3.5110764E1,5.483487E0,1.3570194E0,0E0,1.0321518E0,0E0,0E0,4.820347E-3,0E0,0E0,0E0],"parents":[2147483647,0,0,1,1,2,2,4,4,7,7],"right_children":[2,4,6,-1,8,-1,-1,10,-1,-1,-1],"split_conditions":[8.030273E-1,9.842111E-2,1E0,-2.69271E-1,7.0004344E-1,1.0630023E-1,3.3414957E-1,4.0307307E-1,2.0358086E-2,-8.231955E-2,-2.2755815E-2],"split_indices":[0,0,0,0,0,0,0,0,0,0,0],"split_type":[0,0,0,0,0,0,0,0,0,0,0],"sum_hessian":[9E0,6E0,3E0,1E0,5E0,2E0,1E0,4E0,1E0,3E0,1E0],"tree_param":{"num_deleted":"0","num_feature":"2","num_nodes":"11","size_leaf_vector":"1"}},{"base_weights":[1.1177139E-1,-1.1725044E0,2.3313112E0,-2.558074E-1,-5.152305E-1,9.921353E-2,3.1744194E-1,-6.956371E-2,1.9340133E-2],"categories":[],"categories_nodes":[],"categories_segments":[],"categories_sizes":[],"default_left":[0,0,0,0,0,0,0,0,0],"id":31,"left_children":[1,3,5,-1,7,-1,-1,-1,-1],"loss_changes":[3.1238487E1,5.0568933E0,1.366827E0,0E0,9.0158856E-1,0E0,0E0,0E0,0E0],"parents":[2147483647,0,0,1,1,2,2,4,4],"right_children":[2,4,6,-1,8,-1,-1,-1,-1],"split_conditions":[8.030273E-1,9.842111E-2,1E0,-2.558074E-1,7.0004344E-1,9.921353E-2,3.1744194E-1,-6.956371E-2,1.9340133E-2],"split_indices":[0,0,0,0,0,0,0,0,0],"split_type":[0,0,0,0,0,0,0,0,0],"sum_hessian":[9E0,6E0,3E0,1E0,5E0,2E0,1E0,4E0,1E0],"tree_param":{"num_deleted":"0","num_feature":"2","num_nodes":"9","size_leaf_vector":"1"}},{"base_weights":[1.1165657E-1,-1.0989729E0,2.202344E0,-2.43017E-1,-4.7207832E-1,9.259936E-2,3.0156976E-1,-6.399864E-1,1.8373108E-2,-7.092839E-2,-1.813984E-2],"categories":[],"categories_nodes":[],"categories_segments":[],"categories_sizes":[],"default_left":[0,0,0,0,0,0,0,0,0,0,0],"id":32,"left_children":[1,3,5,-1,7,-1,-1,9,-1,-1,-1],"loss_changes":[2.7730793E1,4.6944113E0,1.3599777E0,0E0,7.7827954E-1,0E0,0E0,3.0231714E-2,0E0,0E0,0E0],"parents":[2147483647,0,0,1,1,2,2,4,4,7,7],"right_children":[2,4,6,-1,8,-1,-1,10,-1,-1,-1],"split_conditions":[8.030273E-1,9.842111E-2,1E0,-2.43017E-1,7.0004344E-1,9.259936E-2,3.0156976E-1,4.0307307E-1,1.8373108E-2,-7.092839E-2,-1.813984E-2],"split_indices":[0,0,0,0,0,0,0,0,0,0,0],"split_type":[0,0,0,0,0,0,0,0,0,0,0],"sum_hessian":[9E0,6E0,3E0,1E0,5E0,2E0,1E0,4E0,1E0,3E0,1E0],"tree_param":{"num_deleted":"0","num_feature":"2","num_nodes":"11","size_leaf_vector":"1"}},{"base_weights":[1.08537294E-1,-1.0338914E0,2.0806532E0,-2.3086615E-1,-4.366528E-1,8.642616E-2,2.864914E-1,-5.938015E-1,1.745453E-2,-6.560874E-2,-1.7232895E-2],"categories":[],"categories_nodes":[],"categories_segments":[],"categories_sizes":[],"default_left":[0,0,0,0,0,0,0,0,0,0,0],"id":33,"left_children":[1,3,5,-1,7,-1,-1,9,-1,-1,-1],"loss_changes":[2.4681189E1,4.32131E0,1.339838E0,0E0,6.7993915E-1,0E0,0E0,1.8196106E-2,0E0,0E0,0E0],"parents":[2147483647,0,0,1,1,2,2,4,4,7,7],"right_children":[2,4,6,-1,8,-1,-1,10,-1,-1,-1],"split_conditions":[8.030273E-1,9.842111E-2,1E0,-2.3086615E-1,7.0004344E-1,8.642616E-2,2.864914E-1,4.0307307E-1,1.745453E-2,-6.560874E-2,-1.7232895E-2],"split_indices":[0,0,0,0,0,0,0,0,0,0,0],"split_type":[0,0,0,0,0,0,0,0,0,0,0],"sum_hessian":[9E0,6E0,3E0,1E0,5E0,2E0,1E0,4E0,1E0,3E0,1E0],"tree_param":{"num_deleted":"0","num_feature":"2","num_nodes":"11","size_leaf_vector":"1"}},{"base_weights":[1.05349734E-1,-9.7282463E-1,1.9658175E0,-2.1932288E-1,-4.0388584E-1,8.066445E-2,2.7216682E-1,-5.509899E-1,1.6581727E-2,-6.0688067E-2,-1.6371345E-2],"categories":[],"categories_nodes":[],"categories_segments":[],"categories_sizes":[],"default_left":[0,0,0,0,0,0,0,0,0,0,0],"id":34,"left_children":[1,3,5,-1,7,-1,-1,9,-1,-1,-1],"loss_changes":[2.1971483E1,3.9745326E0,1.309228E0,0E0,5.941975E-1,0E0,0E0,8.871436E-3,0E0,0E0,0E0],"parents":[2147483647,0,0,1,1,2,2,4,4,7,7],"right_children":[2,4,6,-1,8,-1,-1,10,-1,-1,-1],"split_conditions":[8.030273E-1,9.842111E-2,1E0,-2.1932288E-1,7.0004344E-1,8.066445E-2,2.7216682E-1,4.0307307E-1,1.6581727E-2,-6.0688067E-2,-1.6371345E-2],"split_indices":[0,0,0,0,0,0,0,0,0,0,0],"split_type":[0,0,0,0,0,0,0,0,0,0,0],"sum_hessian":[9E0,6E0,3E0,1E0,5E0,2E0,1E0,4E0,1E0,3E0,1E0],"tree_param":{"num_deleted":"0","num_feature":"2","num_nodes":"11","size_leaf_vector":"1"}},{"base_weights":[1.0211792E-1,-9.155137E-1,1.8574438E0,-2.0835677E-1,-3.735768E-1,7.528674E-2,2.5855866E-1,-5.113026E-1,1.5752602E-2,-5.6136467E-2,-1.5552712E-2],"categories":[],"categories_nodes":[],"categories_segments":[],"categories_sizes":[],"default_left":[0,0,0,0,0,0,0,0,0,0,0],"id":35,"left_children":[1,3,5,-1,7,-1,-1,9,-1,-1,-1],"loss_changes":[1.9563267E1,3.6527085E0,1.2705536E0,0E0,5.1942265E-1,0E0,0E0,1.7468929E-3,0E0,0E0,0E0],"parents":[2147483647,0,0,1,1,2,2,4,4,7,7],"right_children":[2,4,6,-1,8,-1,-1,10,-1,-1,-1],"split_conditions":[8.030273E-1,9.842111E-2,1E0,-2.0835677E-1,7.0004344E-1,7.528674E-2,2.5855866E-1,4.0307307E-1,1.5752602E-2,-5.6136467E-2,-1.5552712E-2],"split_indices":[0,0,0,0,0,0,0,0,0,0,0],"split_type":[0,0,0,0,0,0,0,0,0,0,0],"sum_hessian":[9E0,6E0,3E0,1E0,5E0,2E0,1E0,4E0,1E0,3E0,1E0],"tree_param":{"num_deleted":"0","num_feature":"2","num_nodes":"11","size_leaf_vector":"1"}},{"base_weights":[9.88615E-2,-8.6171806E-1,1.7551603E0,-1.9793892E-1,-3.4554133E-1,7.026761E-2,2.4563065E-1,-4.7450982E-2,1.4965057E-2],"categories":[],"categories_nodes":[],"categories_segments":[],"categories_sizes":[],"default_left":[0,0,0,0,0,0,0,0,0],"id":36,"left_children":[1,3,5,-1,7,-1,-1,-1,-1],"loss_changes":[1.7422522E1,3.3544497E0,1.2257929E0,0E0,4.5419568E-1,0E0,0E0,0E0,0E0],"parents":[2147483647,0,0,1,1,2,2,4,4],"right_children":[2,4,6,-1,8,-1,-1,-1,-1],"split_conditions":[8.030273E-1,9.842111E-2,1E0,-1.9793892E-1,7.0004344E-1,7.026761E-2,2.4563065E-1,-4.7450982E-2,1.4965057E-2],"split_indices":[0,0,0,0,0,0,0,0,0],"split_type":[0,0,0,0,0,0,0,0,0],"sum_hessian":[9E0,6E0,3E0,1E0,5E0,2E0,1E0,4E0,1E0],"tree_param":{"num_deleted":"0","num_feature":"2","num_nodes":"9","size_leaf_vector":"1"}},{"base_weights":[9.7523116E-2,-8.0846405E-1,1.6586199E0,-1.8804197E-1,-3.1640148E-1,6.558316E-2,2.3334923E-1,-4.36549E-1,1.4216805E-2,-4.836736E-2,-1.24025345E-2],"categories":[],"categories_nodes":[],"categories_segments":[],"categories_sizes":[],"default_left":[0,0,0,0,0,0,0,0,0,0,0],"id":37,"left_children":[1,3,5,-1,7,-1,-1,9,-1,-1,-1],"loss_changes":[1.548427E1,3.0973172E0,1.1766376E0,0E0,3.9263928E-1,0E0,0E0,1.36499405E-2,0E0,0E0,0E0],"parents":[2147483647,0,0,1,1,2,2,4,4,7,7],"right_children":[2,4,6,-1,8,-1,-1,10,-1,-1,-1],"split_conditions":[8.030273E-1,9.842111E-2,1E0,-1.8804197E-1,7.0004344E-1,6.558316E-2,2.3334923E-1,4.0307307E-1,1.4216805E-2,-4.836736E-2,-1.24025345E-2],"split_indices":[0,0,0,0,0,0,0,0,0,0,0],"split_type":[0,0,0,0,0,0,0,0,0,0,0],"sum_hessian":[9E0,6E0,3E0,1E0,5E0,2E0,1E0,4E0,1E0,3E0,1E0],"tree_param":{"num_deleted":"0","num_feature":"2","num_nodes":"11","size_leaf_vector":"1"}},{"base_weights":[9.420395E-2,-7.611318E-1,1.5674906E0,-1.7863989E-1,-2.9252085E-1,6.1211016E-2,2.216816E-1,-4.0504876E-1,1.3505936E-2,-5.006854E-2,-1.7439587E-2],"categories":[],"categories_nodes":[],"categories_segments":[],"categories_sizes":[],"default_left":[0,0,0,0,0,0,0,0,0,0,0],"id":38,"left_children":[1,3,5,-1,7,-1,-1,9,-1,-1,-1],"loss_changes":[1.3794614E1,2.840601E0,1.1244755E0,0E0,3.433938E-1,0E0,0E0,2.2976935E-2,0E0,0E0,0E0],"parents":[2147483647,0,0,1,1,2,2,4,4,7,7],"right_children":[2,4,6,-1,8,-1,-1,10,-1,-1,-1],"split_conditions":[8.030273E-1,9.842111E-2,1E0,-1.7863989E-1,7.0004344E-1,6.1211016E-2,2.216816E-1,3.0179837E-1,1.3505936E-2,-5.006854E-2,-1.7439587E-2],"split_indices":[0,0,0,0,0,0,0,0,0,0,0],"split_type":[0,0,0,0,0,0,0,0,0,0,0],"sum_hessian":[9E0,6E0,3E0,1E0,5E0,2E0,1E0,4E0,1E0,2E0,2E0],"tree_param":{"num_deleted":"0","num_feature":"2","num_nodes":"11","size_leaf_vector":"1"}},{"base_weights":[8.9808844E-2,-7.1825325E-1,1.4814653E0,-1.6970788E-1,-2.7226925E-1,5.7130307E-2,2.1059762E-1,-3.7804604E-1,1.2830734E-2,-4.673068E-2,-1.6276997E-2],"categories":[],"categories_nodes":[],"categories_segments":[],"categories_sizes":[],"default_left":[0,0,0,0,0,0,0,0,0,0,0],"id":39,"left_children":[1,3,5,-1,7,-1,-1,9,-1,-1,-1],"loss_changes":[1.2309517E1,2.5937214E0,1.0704737E0,0E0,3.027363E-1,0E0,0E0,2.001506E-2,0E0,0E0,0E0],"parents":[2147483647,0,0,1,1,2,2,4,4,7,7],"right_children":[2,4,6,-1,8,-1,-1,10,-1,-1,-1],"split_conditions":[8.030273E-1,9.842111E-2,1E0,-1.6970788E-1,7.0004344E-1,5.7130307E-2,2.1059762E-1,3.0179837E-1,1.2830734E-2,-4.673068E-2,-1.6276997E-2],"split_indices":[0,0,0,0,0,0,0,0,0,0,0],"split_type":[0,0,0,0,0,0,0,0,0,0,0],"sum_hessian":[9E0,6E0,3E0,1E0,5E0,2E0,1E0,4E0,1E0,2E0,2E0],"tree_param":{"num_deleted":"0","num_feature":"2","num_nodes":"11","size_leaf_vector":"1"}},{"base_weights":[8.561268E-2,-6.7784035E-1,1.4002523E0,-1.6122246E-1,-2.5340557E-1,5.3321715E-2,2.0006791E-1,-3.528431E-1,1.2189102E-2,-4.361534E-2,-1.5191841E-2],"categories":[],"categories_nodes":[],"categories_segments":[],"categories_sizes":[],"default_left":[0,0,0,0,0,0,0,0,0,0,0],"id":40,"left_children":[1,3,5,-1,7,-1,-1,9,-1,-1,-1],"loss_changes":[1.0985804E1,2.36755E0,1.0155683E0,0E0,2.6691976E-1,0E0,0E0,1.743573E-2,0E0,0E0,0E0],"parents":[2147483647,0,0,1,1,2,2,4,4,7,7],"right_children":[2,4,6,-1,8,-1,-1,10,-1,-1,-1],"split_conditions":[8.030273E-1,9.842111E-2,1E0,-1.6122246E-1,7.0004344E-1,5.3321715E-2,2.0006791E-1,3.0179837E-1,1.2189102E-2,-4.361534E-2,-1.5191841E-2],"split_indices":[0,0,0,0,0,0,0,0,0,0,0],"split_type":[0,0,0,0,0,0,0,0,0,0,0],"sum_hessian":[9E0,6E0,3E0,1E0,5E0,2E0,1E0,4E0,1E0,2E0,2E0],"tree_param":{"num_deleted":"0","num_feature":"2","num_nodes":"11","size_leaf_vector":"1"}},{"base_weights":[8.160667E-2,-6.397476E-1,1.323575E0,-1.5316133E-1,-2.3583443E-1,4.9766924E-2,1.9006462E-1,-3.2932013E-1,1.15797045E-2,-4.070765E-2,-1.4179039E-2],"categories":[],"categories_nodes":[],"categories_segments":[],"categories_sizes":[],"default_left":[0,0,0,0,0,0,0,0,0,0,0],"id":41,"left_children":[1,3,5,-1,7,-1,-1,9,-1,-1,-1],"loss_changes":[9.805746E0,2.1604474E0,9.6053267E-1,0E0,2.3536941E-1,0E0,0E0,1.5188634E-2,0E0,0E0,0E0],"parents":[2147483647,0,0,1,1,2,2,4,4,7,7],"right_children":[2,4,6,-1,8,-1,-1,10,-1,-1,-1],"split_conditions":[8.030273E-1,9.842111E-2,1E0,-1.5316133E-1,7.0004344E-1,4.9766924E-2,1.9006462E-1,3.0179837E-1,1.15797045E-2,-4.070765E-2,-1.4179039E-2],"split_indices":[0,0,0,0,0,0,0,0,0,0,0],"split_type":[0,0,0,0,0,0,0,0,0,0,0],"sum_hessian":[9E0,6E0,3E0,1E0,5E0,2E0,1E0,4E0,1E0,2E0,2E0],"tree_param":{"num_deleted":"0","num_feature":"2","num_nodes":"11","size_leaf_vector":"1"}},{"base_weights":[7.778263E-2,-6.038396E-1,1.2511759E0,-1.4550324E-1,-2.1946876E-1,4.644915E-2,1.8056145E-1,-3.0736503E-1,1.1000633E-2,-3.799375E-2,-1.3233758E-2],"categories":[],"categories_nodes":[],"categories_segments":[],"categories_sizes":[],"default_left":[0,0,0,0,0,0,0,0,0,0,0],"id":42,"left_children":[1,3,5,-1,7,-1,-1,9,-1,-1,-1],"loss_changes":[8.753619E0,1.9708812E0,9.059801E-1,0E0,2.0756993E-1,0E0,0E0,1.323089E-2,0E0,0E0,0E0],"parents":[2147483647,0,0,1,1,2,2,4,4,7,7],"right_children":[2,4,6,-1,8,-1,-1,10,-1,-1,-1],"split_conditions":[8.030273E-1,9.842111E-2,1E0,-1.4550324E-1,7.0004344E-1,4.644915E-2,1.8056145E-1,3.0179837E-1,1.1000633E-2,-3.799375E-2,-1.3233758E-2],"split_indices":[0,0,0,0,0,0,0,0,0,0,0],"split_type":[0,0,0,0,0,0,0,0,0,0,0],"sum_hessian":[9E0,6E0,3E0,1E0,5E0,2E0,1E0,4E0,1E0,2E0,2E0],"tree_param":{"num_deleted":"0","num_feature":"2","num_nodes":"11","size_leaf_vector":"1"}},{"base_weights":[7.4132346E-2,-5.6998855E-1,1.1828108E0,-1.1578878E0,-1.0325126E-1,4.3352637E-2,1.7153321E-1,-1.3822804E-1,-3.5455134E-2,-1.8131686E-2,1.0450554E-2],"categories":[],"categories_nodes":[],"categories_segments":[],"categories_sizes":[],"default_left":[0,0,0,0,0,0,0,0,0,0,0],"id":43,"left_children":[1,3,5,7,9,-1,-1,-1,-1,-1,-1],"loss_changes":[7.815418E0,1.801208E0,8.523979E-1,5.0698757E-2,1.0004191E-1,0E0,0E0,0E0,0E0,0E0,0E0],"parents":[2147483647,0,0,1,1,2,2,3,3,4,4],"right_children":[2,4,6,8,10,-1,-1,-1,-1,-1,-1],"split_conditions":[8.030273E-1,1.9982417E-1,1E0,9.842111E-2,7.0004344E-1,4.3352637E-2,1.7153321E-1,-1.3822804E-1,-3.5455134E-2,-1.8131686E-2,1.0450554E-2],"split_indices":[0,0,0,0,0,0,0,0,0,0,0],"split_type":[0,0,0,0,0,0,0,0,0,0,0],"sum_hessian":[9E0,6E0,3E0,2E0,4E0,2E0,1E0,1E0,1E0,3E0,1E0],"tree_param":{"num_deleted":"0","num_feature":"2","num_nodes":"11","size_leaf_vector":"1"}},{"base_weights":[7.007122E-2,-5.388993E-1,1.1182518E0,-1.0999933E0,-9.446297E-2,4.0462494E-2,1.6295663E-1,-1.3131666E-1,-3.3682346E-2,-1.6771842E-2,9.927941E-3],"categories":[],"categories_nodes":[],"categories_segments":[],"categories_sizes":[],"default_left":[0,0,0,0,0,0,0,0,0,0,0],"id":44,"left_children":[1,3,5,7,9,-1,-1,-1,-1,-1,-1],"loss_changes":[6.9857354E0,1.6416855E0,8.001876E-1,4.5757055E-2,8.761441E-2,0E0,0E0,0E0,0E0,0E0,0E0],"parents":[2147483647,0,0,1,1,2,2,3,3,4,4],"right_children":[2,4,6,8,10,-1,-1,-1,-1,-1,-1],"split_conditions":[8.030273E-1,1.9982417E-1,1E0,9.842111E-2,7.0004344E-1,4.0462494E-2,1.6295663E-1,-1.3131666E-1,-3.3682346E-2,-1.6771842E-2,9.927941E-3],"split_indices":[0,0,0,0,0,0,0,0,0,0,0],"split_type":[0,0,0,0,0,0,0,0,0,0,0],"sum_hessian":[9E0,6E0,3E0,2E0,4E0,2E0,1E0,1E0,1E0,3E0,1E0],"tree_param":{"num_deleted":"0","num_feature":"2","num_nodes":"11","size_leaf_vector":"1"}},{"base_weights":[6.622104E-2,-5.095588E-1,1.0572805E0,-1.0449938E0,-8.638611E-2,3.776487E-2,1.548088E-1,-1.2475081E-1,-3.1998254E-2,-1.5513993E-2,9.431458E-3],"categories":[],"categories_nodes":[],"categories_segments":[],"categories_sizes":[],"default_left":[0,0,0,0,0,0,0,0,0,0,0],"id":45,"left_children":[1,3,5,7,9,-1,-1,-1,-1,-1,-1],"loss_changes":[6.245068E0,1.4957969E0,7.4964E-1,4.1294813E-2,7.675127E-2,0E0,0E0,0E0,0E0,0E0,0E0],"parents":[2147483647,0,0,1,1,2,2,3,3,4,4],"right_children":[2,4,6,8,10,-1,-1,-1,-1,-1,-1],"split_conditions":[8.030273E-1,1.9982417E-1,1E0,9.842111E-2,7.0004344E-1,3.776487E-2,1.548088E-1,-1.2475081E-1,-3.1998254E-2,-1.5513993E-2,9.431458E-3],"split_indices":[0,0,0,0,0,0,0,0,0,0,0],"split_type":[0,0,0,0,0,0,0,0,0,0,0],"sum_hessian":[9E0,6E0,3E0,2E0,4E0,2E0,1E0,1E0,1E0,3E0,1E0],"tree_param":{"num_deleted":"0","num_feature":"2","num_nodes":"11","size_leaf_vector":"1"}},{"base_weights":[6.257324E-2,-3.8100624E-1,1.2245941E0,-9.9274445E-1,-1.1636098E-2,3.6620714E-2,1.4706841E-1,-1.185133E-1,-3.0398369E-2,-1.4350414E-2,1.6806668E-2],"categories":[],"categories_nodes":[],"categories_segments":[],"categories_sizes":[],"default_left":[0,0,0,0,0,0,0,0,0,0,0],"id":46,"left_children":[1,3,5,7,9,-1,-1,-1,-1,-1,-1],"loss_changes":[5.621064E0,1.796111E0,9.514618E-2,3.7267685E-2,1.6630057E-1,0E0,0E0,0E0,0E0,0E0,0E0],"parents":[2147483647,0,0,1,1,2,2,3,3,4,4],"right_children":[2,4,6,8,10,-1,-1,-1,-1,-1,-1],"split_conditions":[9.085867E-1,1.9982417E-1,1E0,9.842111E-2,7.0004344E-1,3.6620714E-2,1.4706841E-1,-1.185133E-1,-3.0398369E-2,-1.4350414E-2,1.6806668E-2],"split_indices":[0,0,0,0,0,0,0,0,0,0,0],"split_type":[0,0,0,0,0,0,0,0,0,0,0],"sum_hessian":[9E0,7E0,2E0,2E0,5E0,1E0,1E0,1E0,1E0,3E0,2E0],"tree_param":{"num_deleted":"0","num_feature":"2","num_nodes":"11","size_leaf_vector":"1"}},{"base_weights":[6.0038757E-2,-3.6121273E-1,1.1633631E0,-9.431076E-1,-1.0063171E-2,3.478966E-2,1.3971482E-1,-1.12587646E-1,-2.8878499E-2,-1.3274098E-2,1.5686162E-2],"categories":[],"categories_nodes":[],"categories_segments":[],"categories_sizes":[],"default_left":[0,0,0,0,0,0,0,0,0,0,0],"id":47,"left_children":[1,3,5,7,9,-1,-1,-1,-1,-1,-1],"loss_changes":[5.0679917E0,1.6251663E0,8.5868835E-2,3.3632994E-2,1.4368977E-1,0E0,0E0,0E0,0E0,0E0,0E0],"parents":[2147483647,0,0,1,1,2,2,3,3,4,4],"right_children":[2,4,6,8,10,-1,-1,-1,-1,-1,-1],"split_conditions":[9.085867E-1,1.9982417E-1,1E0,9.842111E-2,7.0004344E-1,3.478966E-2,1.3971482E-1,-1.12587646E-1,-2.8878499E-2,-1.3274098E-2,1.5686162E-2],"split_indices":[0,0,0,0,0,0,0,0,0,0,0],"split_type":[0,0,0,0,0,0,0,0,0,0,0],"sum_hessian":[9E0,7E0,2E0,2E0,5E0,1E0,1E0,1E0,1E0,3E0,2E0],"tree_param":{"num_deleted":"0","num_feature":"2","num_nodes":"11","size_leaf_vector":"1"}},{"base_weights":[5.757942E-2,-3.424735E-1,1.1051941E0,-8.959522E-1,-8.6552305E-3,3.3050157E-2,1.3272896E-1,-1.0695829E-1,-2.743454E-2,-1.2278604E-2,1.4640427E-2],"categories":[],"categories_nodes":[],"categories_segments":[],"categories_sizes":[],"default_left":[0,0,0,0,0,0,0,0,0,0,0],"id":48,"left_children":[1,3,5,7,9,-1,-1,-1,-1,-1,-1],"loss_changes":[4.569513E0,1.4703357E0,7.749581E-2,3.0354977E-2,1.241588E-1,0E0,0E0,0E0,0E0,0E0,0E0],"parents":[2147483647,0,0,1,1,2,2,3,3,4,4],"right_children":[2,4,6,8,10,-1,-1,-1,-1,-1,-1],"split_conditions":[9.085867E-1,1.9982417E-1,1E0,9.842111E-2,7.0004344E-1,3.3050157E-2,1.3272896E-1,-1.0695829E-1,-2.743454E-2,-1.2278604E-2,1.4640427E-2],"split_indices":[0,0,0,0,0,0,0,0,0,0,0],"split_type":[0,0,0,0,0,0,0,0,0,0,0],"sum_hessian":[9E0,7E0,2E0,2E0,5E0,1E0,1E0,1E0,1E0,3E0,2E0],"tree_param":{"num_deleted":"0","num_feature":"2","num_nodes":"11","size_leaf_vector":"1"}},{"base_weights":[5.5196572E-2,-3.2472968E-1,1.0499344E0,-8.511543E-1,-7.3957443E-3,3.139763E-2,1.2609254E-1,-1.0161038E-1,-2.6062775E-2,-1.1357641E-1,1.3664372E-2,-1.2843259E-2,-3.4503937E-3],"categories":[],"categories_nodes":[],"categories_segments":[],"categories_sizes":[],"default_left":[0,0,0,0,0,0,0,0,0,0,0,0,0],"id":49,"left_children":[1,3,5,7,9,-1,-1,-1,-1,11,-1,-1,-1],"loss_changes":[4.120215E0,1.3301243E0,6.994057E-2,2.7395964E-2,1.0728475E-1,0E0,0E0,0E0,0E0,2.6742741E-4,0E0,0E0,0E0],"parents":[2147483647,0,0,1,1,2,2,3,3,4,4,9,9],"right_children":[2,4,6,8,10,-1,-1,-1,-1,12,-1,-1,-1],"split_conditions":[9.085867E-1,1.9982417E-1,1E0,9.842111E-2,7.0004344E-1,3.139763E-2,1.2609254E-1,-1.0161038E-1,-2.6062775E-2,4.0307307E-1,1.3664372E-2,-1.2843259E-2,-3.4503937E-3],"split_indices":[0,0,0,0,0,0,0,0,0,0,0,0,0],"split_type":[0,0,0,0,0,0,0,0,0,0,0,0,0],"sum_hessian":[9E0,7E0,2E0,2E0,5E0,1E0,1E0,1E0,1E0,3E0,2E0,2E0,1E0],"tree_param":{"num_deleted":"0","num_feature":"2","num_nodes":"13","size_leaf_vector":"1"}},{"base_weights":[5.23962E-2,-3.085444E-1,9.974391E-1,-8.085969E-1,-7.094065E-3,2.9827882E-2,1.1978798E-1,-9.6529864E-2,-2.4759674E-2,-1.0629177E-1,1.2753422E-2,-1.1986987E-2,-3.277874E-3],"categories":[],"categories_nodes":[],"categories_segments":[],"categories_sizes":[],"default_left":[0,0,0,0,0,0,0,0,0,0,0,0,0],"id":50,"left_children":[1,3,5,7,9,-1,-1,-1,-1,11,-1,-1,-1],"loss_changes":[3.7187977E0,1.2001917E0,6.311822E-2,2.4724364E-2,9.368475E-2,0E0,0E0,0E0,0E0,6.349012E-5,0E0,0E0,0E0],"parents":[2147483647,0,0,1,1,2,2,3,3,4,4,9,9],"right_children":[2,4,6,8,10,-1,-1,-1,-1,12,-1,-1,-1],"split_conditions":[9.085867E-1,1.9982417E-1,1E0,9.842111E-2,7.0004344E-1,2.9827882E-2,1.1978798E-1,-9.6529864E-2,-2.4759674E-2,4.0307307E-1,1.2753422E-2,-1.1986987E-2,-3.277874E-3],"split_indices":[0,0,0,0,0,0,0,0,0,0,0,0,0],"split_type":[0,0,0,0,0,0,0,0,0,0,0,0,0],"sum_hessian":[9E0,7E0,2E0,2E0,5E0,1E0,1E0,1E0,1E0,3E0,2E0,2E0,1E0],"tree_param":{"num_deleted":"0","num_feature":"2","num_nodes":"13","size_leaf_vector":"1"}},{"base_weights":[4.9738027E-2,-2.931646E-1,9.4756573E-1,-7.681672E-1,-6.802559E-3,2.8336335E-2,1.1379852E-1,-9.170337E-2,-2.352171E-2,-9.947824E-3,1.1903254E-2],"categories":[],"categories_nodes":[],"categories_segments":[],"categories_sizes":[],"default_left":[0,0,0,0,0,0,0,0,0,0,0],"id":51,"left_children":[1,3,5,7,9,-1,-1,-1,-1,-1,-1],"loss_changes":[3.3564675E0,1.0829561E0,5.6967735E-2,2.2313237E-2,8.181227E-2,0E0,0E0,0E0,0E0,0E0,0E0],"parents":[2147483647,0,0,1,1,2,2,3,3,4,4],"right_children":[2,4,6,8,10,-1,-1,-1,-1,-1,-1],"split_conditions":[9.085867E-1,1.9982417E-1,1E0,9.842111E-2,7.0004344E-1,2.8336335E-2,1.1379852E-1,-9.170337E-2,-2.352171E-2,-9.947824E-3,1.1903254E-2],"split_indices":[0,0,0,0,0,0,0,0,0,0,0],"split_type":[0,0,0,0,0,0,0,0,0,0,0],"sum_hessian":[9E0,7E0,2E0,2E0,5E0,1E0,1E0,1E0,1E0,3E0,2E0],"tree_param":{"num_deleted":"0","num_feature":"2","num_nodes":"11","size_leaf_vector":"1"}},{"base_weights":[4.7651194E-2,-2.780062E-1,9.001872E-1,-7.297589E-1,-5.795479E-3,2.6919557E-2,1.0810852E-1,-8.71182E-2,-2.2345638E-2,-9.20167E-2,1.1109797E-2,-1.0524559E-2,-2.616501E-3],"categories":[],"categories_nodes":[],"categories_segments":[],"categories_sizes":[],"default_left":[0,0,0,0,0,0,0,0,0,0,0,0,0],"id":52,"left_children":[1,3,5,7,9,-1,-1,-1,-1,11,-1,-1,-1],"loss_changes":[3.0266042E0,9.7954625E-1,5.1412106E-2,2.013743E-2,7.069504E-2,0E0,0E0,0E0,0E0,7.3082745E-4,0E0,0E0,0E0],"parents":[2147483647,0,0,1,1,2,2,3,3,4,4,9,9],"right_children":[2,4,6,8,10,-1,-1,-1,-1,12,-1,-1,-1],"split_conditions":[9.085867E-1,1.9982417E-1,1E0,9.842111E-2,7.0004344E-1,2.6919557E-2,1.0810852E-1,-8.71182E-2,-2.2345638E-2,4.0307307E-1,1.1109797E-2,-1.0524559E-2,-2.616501E-3],"split_indices":[0,0,0,0,0,0,0,0,0,0,0,0,0],"split_type":[0,0,0,0,0,0,0,0,0,0,0,0,0],"sum_hessian":[9E0,7E0,2E0,2E0,5E0,1E0,1E0,1E0,1E0,3E0,2E0,2E0,1E0],"tree_param":{"num_deleted":"0","num_feature":"2","num_nodes":"13","size_leaf_vector":"1"}},{"base_weights":[4.5240115E-2,-2.6414192E-1,8.5517883E-1,-6.932707E-1,-5.553881E-3,2.557373E-2,1.02703094E-1,-8.276229E-2,-2.1228313E-2,-8.61001E-2,1.03692375E-2,-9.822909E-3,-2.4856569E-3],"categories":[],"categories_nodes":[],"categories_segments":[],"categories_sizes":[],"default_left":[0,0,0,0,0,0,0,0,0,0,0,0,0],"id":53,"left_children":[1,3,5,7,9,-1,-1,-1,-1,11,-1,-1,-1],"loss_changes":[2.7316935E0,8.838902E-1,4.639578E-2,1.8174887E-2,6.1724164E-2,0E0,0E0,0E0,0E0,5.2964874E-4,0E0,0E0,0E0],"parents":[2147483647,0,0,1,1,2,2,3,3,4,4,9,9],"right_children":[2,4,6,8,10,-1,-1,-1,-1,12,-1,-1,-1],"split_conditions":[9.085867E-1,1.9982417E-1,1E0,9.842111E-2,7.0004344E-1,2.557373E-2,1.02703094E-1,-8.276229E-2,-2.1228313E-2,4.0307307E-1,1.03692375E-2,-9.822909E-3,-2.4856569E-3],"split_indices":[0,0,0,0,0,0,0,0,0,0,0,0,0],"split_type":[0,0,0,0,0,0,0,0,0,0,0,0,0],"sum_hessian":[9E0,7E0,2E0,2E0,5E0,1E0,1E0,1E0,1E0,3E0,2E0,2E0,1E0],"tree_param":{"num_deleted":"0","num_feature":"2","num_nodes":"13","size_leaf_vector":"1"}},{"base_weights":[4.295063E-2,-2.509687E-1,8.1241864E-1,-6.586068E-1,-5.3215027E-3,2.4295045E-2,9.756775E-2,-7.862415E-2,-2.0166874E-2,-8.056736E-2,9.678015E-3,-9.168053E-3,-2.361393E-3],"categories":[],"categories_nodes":[],"categories_segments":[],"categories_sizes":[],"default_left":[0,0,0,0,0,0,0,0,0,0,0,0,0],"id":54,"left_children":[1,3,5,7,9,-1,-1,-1,-1,11,-1,-1,-1],"loss_changes":[2.4655068E0,7.9757655E-1,4.1870832E-2,1.6403079E-2,5.3893674E-2,0E0,0E0,0E0,0E0,3.6679208E-4,0E0,0E0,0E0],"parents":[2147483647,0,0,1,1,2,2,3,3,4,4,9,9],"right_children":[2,4,6,8,10,-1,-1,-1,-1,12,-1,-1,-1],"split_conditions":[9.085867E-1,1.9982417E-1,1E0,9.842111E-2,7.0004344E-1,2.4295045E-2,9.756775E-2,-7.862415E-2,-2.0166874E-2,4.0307307E-1,9.678015E-3,-9.168053E-3,-2.361393E-3],"split_indices":[0,0,0,0,0,0,0,0,0,0,0,0,0],"split_type":[0,0,0,0,0,0,0,0,0,0,0,0,0],"sum_hessian":[9E0,7E0,2E0,2E0,5E0,1E0,1E0,1E0,1E0,3E0,2E0,2E0,1E0],"tree_param":{"num_deleted":"0","num_feature":"2","num_nodes":"13","size_leaf_vector":"1"}},{"base_weights":[4.0778257E-2,-2.3845208E-1,7.7179974E-1,-6.256768E-1,-5.0977073E-3,2.3080444E-2,9.2689514E-2,-7.4692965E-2,-1.9158555E-2,-7.539272E-2,9.032822E-3,-1.0005188E-2,-3.3822376E-3],"categories":[],"categories_nodes":[],"categories_segments":[],"categories_sizes":[],"default_left":[0,0,0,0,0,0,0,0,0,0,0,0,0],"id":55,"left_children":[1,3,5,7,9,-1,-1,-1,-1,11,-1,-1,-1],"loss_changes":[2.225271E0,7.196951E-1,3.7786126E-2,1.4803529E-2,4.7057897E-2,0E0,0E0,0E0,0E0,7.163659E-4,0E0,0E0,0E0],"parents":[2147483647,0,0,1,1,2,2,3,3,4,4,9,9],"right_children":[2,4,6,8,10,-1,-1,-1,-1,12,-1,-1,-1],"split_conditions":[9.085867E-1,1.9982417E-1,1E0,9.842111E-2,7.0004344E-1,2.3080444E-2,9.2689514E-2,-7.4692965E-2,-1.9158555E-2,3.0179837E-1,9.032822E-3,-1.0005188E-2,-3.3822376E-3],"split_indices":[0,0,0,0,0,0,0,0,0,0,0,0,0],"split_type":[0,0,0,0,0,0,0,0,0,0,0,0,0],"sum_hessian":[9E0,7E0,2E0,2E0,5E0,1E0,1E0,1E0,1E0,3E0,2E0,1E0,2E0],"tree_param":{"num_deleted":"0","num_feature":"2","num_nodes":"13","size_leaf_vector":"1"}},{"base_weights":[3.8456917E-2,-2.268827E-1,7.3321027E-1,-5.943928E-1,-5.3138733E-3,2.1926498E-2,8.805504E-2,-7.095833E-2,-1.820059E-2,-7.120037E-2,8.430609E-3,-9.504891E-3,-3.156789E-3],"categories":[],"categories_nodes":[],"categories_segments":[],"categories_sizes":[],"default_left":[0,0,0,0,0,0,0,0,0,0,0,0,0],"id":56,"left_children":[1,3,5,7,9,-1,-1,-1,-1,11,-1,-1,-1],"loss_changes":[2.0098085E0,6.4827156E-1,3.4100294E-2,1.3360858E-2,4.1431095E-2,0E0,0E0,0E0,0E0,7.802136E-4,0E0,0E0,0E0],"parents":[2147483647,0,0,1,1,2,2,3,3,4,4,9,9],"right_children":[2,4,6,8,10,-1,-1,-1,-1,12,-1,-1,-1],"split_conditions":[9.085867E-1,1.9982417E-1,1E0,9.842111E-2,7.0004344E-1,2.1926498E-2,8.805504E-2,-7.095833E-2,-1.820059E-2,3.0179837E-1,8.430609E-3,-9.504891E-3,-3.156789E-3],"split_indices":[0,0,0,0,0,0,0,0,0,0,0,0,0],"split_type":[0,0,0,0,0,0,0,0,0,0,0,0,0],"sum_hessian":[9E0,7E0,2E0,2E0,5E0,1E0,1E0,1E0,1E0,3E0,2E0,1E0,2E0],"tree_param":{"num_deleted":"0","num_feature":"2","num_nodes":"13","size_leaf_vector":"1"}},{"base_weights":[3.6269855E-2,-2.1586835E-1,6.9654846E-1,-5.646734E-1,-5.48776E-3,2.0830154E-2,8.365212E-2,-6.7410424E-2,-1.7290592E-2,-6.724596E-2,7.868576E-2,-9.029674E-3,-2.946345E-3,2.2563934E-3,9.546471E-3],"categories":[],"categories_nodes":[],"categories_segments":[],"categories_sizes":[],"default_left":[0,0,0,0,0,0,0,0,0,0,0,0,0,0,0],"id":57,"left_children":[1,3,5,7,9,-1,-1,-1,-1,11,13,-1,-1,-1,-1],"loss_changes":[1.8151774E0,5.8395576E-1,3.077519E-2,1.2057662E-2,3.648173E-2,0E0,0E0,0E0,0E0,8.232128E-4,6.709341E-4,0E0,0E0,0E0,0E0],"parents":[2147483647,0,0,1,1,2,2,3,3,4,4,9,9,10,10],"right_children":[2,4,6,8,10,-1,-1,-1,-1,12,14,-1,-1,-1,-1],"split_conditions":[9.085867E-1,1.9982417E-1,1E0,9.842111E-2,7.0004344E-1,2.0830154E-2,8.365212E-2,-6.7410424E-2,-1.7290592E-2,3.0179837E-1,8.030273E-1,-9.029674E-3,-2.946345E-3,2.2563934E-3,9.546471E-3],"split_indices":[0,0,0,0,0,0,0,0,0,0,0,0,0,0,0],"split_type":[0,0,0,0,0,0,0,0,0,0,0,0,0,0,0],"sum_hessian":[9E0,7E0,2E0,2E0,5E0,1E0,1E0,1E0,1E0,3E0,2E0,1E0,2E0,1E0,1E0],"tree_param":{"num_deleted":"0","num_feature":"2","num_nodes":"15","size_leaf_vector":"1"}},{"base_weights":[3.4603883E-2,-2.048912E-1,6.6172284E-1,-5.364399E-1,-4.968325E-3,1.9788742E-2,7.946968E-2,-6.40399E-2,-1.6426086E-2,-6.351519E-2,7.475027E-2,-8.5782055E-3,-2.749888E-3,2.1434785E-3,9.069062E-3],"categories":[],"categories_nodes":[],"categories_segments":[],"categories_sizes":[],"default_left":[0,0,0,0,0,0,0,0,0,0,0,0,0,0,0],"id":58,"left_children":[1,3,5,7,9,-1,-1,-1,-1,11,13,-1,-1,-1,-1],"loss_changes":[1.6375002E0,5.2760816E-1,2.7773619E-2,1.0881722E-2,3.2751415E-2,0E0,0E0,0E0,0E0,8.489713E-4,6.056689E-4,0E0,0E0,0E0,0E0],"parents":[2147483647,0,0,1,1,2,2,3,3,4,4,9,9,10,10],"right_children":[2,4,6,8,10,-1,-1,-1,-1,12,14,-1,-1,-1,-1],"split_conditions":[9.085867E-1,1.9982417E-1,1E0,9.842111E-2,7.0004344E-1,1.9788742E-2,7.946968E-2,-6.40399E-2,-1.6426086E-2,3.0179837E-1,8.030273E-1,-8.5782055E-3,-2.749888E-3,2.1434785E-3,9.069062E-3],"split_indices":[0,0,0,0,0,0,0,0,0,0,0,0,0,0,0],"split_type":[0,0,0,0,0,0,0,0,0,0,0,0,0,0,0],"sum_hessian":[9E0,7E0,2E0,2E0,5E0,1E0,1E0,1E0,1E0,3E0,2E0,1E0,2E0,1E0,1E0],"tree_param":{"num_deleted":"0","num_feature":"2","num_nodes":"15","size_leaf_vector":"1"}},{"base_weights":[3.301134E-2,-1.9447458E-1,6.2863666E-1,-5.096178E-1,-4.4905343E-3,1.879921E-2,7.549629E-2,-6.083789E-2,-1.5604782E-2,-5.999565E-2,7.101313E-2,-8.149338E-3,-2.5665283E-3,2.0362854E-3,8.615685E-3],"categories":[],"categories_nodes":[],"categories_segments":[],"categories_sizes":[],"default_left":[0,0,0,0,0,0,0,0,0,0,0,0,0,0,0],"id":59,"left_children":[1,3,5,7,9,-1,-1,-1,-1,11,13,-1,-1,-1,-1],"loss_changes":[1.4772176E0,4.7668904E-1,2.5067806E-2,9.82064E-3,2.9405518E-2,0E0,0E0,0E0,0E0,8.605486E-4,5.467003E-4,0E0,0E0,0E0,0E0],"parents":[2147483647,0,0,1,1,2,2,3,3,4,4,9,9,10,10],"right_children":[2,4,6,8,10,-1,-1,-1,-1,12,14,-1,-1,-1,-1],"split_conditions":[9.085867E-1,1.9982417E-1,1E0,9.842111E-2,7.0004344E-1,1.879921E-2,7.549629E-2,-6.083789E-2,-1.5604782E-2,3.0179837E-1,8.030273E-1,-8.149338E-3,-2.5665283E-3,2.0362854E-3,8.615685E-3],"split_indices":[0,0,0,0,0,0,0,0,0,0,0,0,0,0,0],"split_type":[0,0,0,0,0,0,0,0,0,0,0,0,0,0,0],"sum_hessian":[9E0,7E0,2E0,2E0,5E0,1E0,1E0,1E0,1E0,3E0,2E0,1E0,2E0,1E0,1E0],"tree_param":{"num_deleted":"0","num_feature":"2","num_nodes":"15","size_leaf_vector":"1"}},{"base_weights":[3.1489372E-2,-1.8459058E-1,5.972061E-1,-4.841372E-1,-4.052162E-3,1.7859269E-2,7.172165E-2,-5.7796E-2,-1.4824581E-2,-5.667448E-2,6.746165E-2,-7.7418326E-3,-2.3953756E-3,1.934433E-3,8.184815E-3],"categories":[],"categories_nodes":[],"categories_segments":[],"categories_sizes":[],"default_left":[0,0,0,0,0,0,0,0,0,0,0,0,0,0,0],"id":60,"left_children":[1,3,5,7,9,-1,-1,-1,-1,11,13,-1,-1,-1,-1],"loss_changes":[1.3326391E0,4.3067563E-1,2.2624135E-2,8.862674E-3,2.6402688E-2,0E0,0E0,0E0,0E0,8.6055417E-4,4.934212E-4,0E0,0E0,0E0,0E0],"parents":[2147483647,0,0,1,1,2,2,3,3,4,4,9,9,10,10],"right_children":[2,4,6,8,10,-1,-1,-1,-1,12,14,-1,-1,-1,-1],"split_conditions":[9.085867E-1,1.9982417E-1,1E0,9.842111E-2,7.0004344E-1,1.7859269E-2,7.172165E-2,-5.7796E-2,-1.4824581E-2,3.0179837E-1,8.030273E-1,-7.7418326E-3,-2.3953756E-3,1.934433E-3,8.184815E-3],"split_indices":[0,0,0,0,0,0,0,0,0,0,0,0,0,0,0],"split_type":[0,0,0,0,0,0,0,0,0,0,0,0,0,0,0],"sum_hessian":[9E0,7E0,2E0,2E0,5E0,1E0,1E0,1E0,1E0,3E0,2E0,1E0,2E0,1E0,1E0],"tree_param":{"num_deleted":"0","num_feature":"2","num_nodes":"15","size_leaf_vector":"1"}},{"base_weights":[3.0034255E-2,-1.7521143E-1,5.6734467E-1,-4.5993042E-1,-3.6500294E-3,1.6966248E-2,6.8135455E-2,-5.490618E-2,-1.40833855E-2,-5.3541183E-2,6.408819E-2,-7.3547363E-3,-2.2356668E-3,1.8377304E-3,7.7754976E-3],"categories":[],"categories_nodes":[],"categories_segments":[],"categories_sizes":[],"default_left":[0,0,0,0,0,0,0,0,0,0,0,0,0,0,0],"id":61,"left_children":[1,3,5,7,9,-1,-1,-1,-1,11,13,-1,-1,-1,-1],"loss_changes":[1.2022116E0,3.8909554E-1,2.0418763E-2,7.99799E-3,2.3708584E-2,0E0,0E0,0E0,0E0,8.512577E-4,4.4523645E-4,0E0,0E0,0E0,0E0],"parents":[2147483647,0,0,1,1,2,2,3,3,4,4,9,9,10,10],"right_children":[2,4,6,8,10,-1,-1,-1,-1,12,14,-1,-1,-1,-1],"split_conditions":[9.085867E-1,1.9982417E-1,1E0,9.842111E-2,7.0004344E-1,1.6966248E-2,6.8135455E-2,-5.490618E-2,-1.40833855E-2,3.0179837E-1,8.030273E-1,-7.3547363E-3,-2.2356668E-3,1.8377304E-3,7.7754976E-3],"split_indices":[0,0,0,0,0,0,0,0,0,0,0,0,0,0,0],"split_type":[0,0,0,0,0,0,0,0,0,0,0,0,0,0,0],"sum_hessian":[9E0,7E0,2E0,2E0,5E0,1E0,1E0,1E0,1E0,3E0,2E0,1E0,2E0,1E0,1E0],"tree_param":{"num_deleted":"0","num_feature":"2","num_nodes":"15","size_leaf_vector":"1"}},{"base_weights":[2.8643895E-2,-1.6631114E-1,5.38976E-1,-4.3693385E-1,-3.2812755E-3,1.611786E-2,6.472855E-2,-5.2160885E-2,-1.3379193E-2,-5.0584793E-2,6.088384E-2,-6.9869994E-3,-2.0866394E-3,1.7457962E-3,7.38678E-3],"categories":[],"categories_nodes":[],"categories_segments":[],"categories_sizes":[],"default_left":[0,0,0,0,0,0,0,0,0,0,0,0,0,0,0],"id":62,"left_children":[1,3,5,7,9,-1,-1,-1,-1,11,13,-1,-1,-1,-1],"loss_changes":[1.084556E0,3.5152295E-1,1.8428564E-2,7.2185993E-3,2.1291211E-2,0E0,0E0,0E0,0E0,8.345656E-4,4.0193833E-4,0E0,0E0,0E0,0E0],"parents":[2147483647,0,0,1,1,2,2,3,3,4,4,9,9,10,10],"right_children":[2,4,6,8,10,-1,-1,-1,-1,12,14,-1,-1,-1,-1],"split_conditions":[9.085867E-1,1.9982417E-1,1E0,9.842111E-2,7.0004344E-1,1.611786E-2,6.472855E-2,-5.2160885E-2,-1.3379193E-2,3.0179837E-1,8.030273E-1,-6.9869994E-3,-2.0866394E-3,1.7457962E-3,7.38678E-3],"split_indices":[0,0,0,0,0,0,0,0,0,0,0,0,0,0,0],"split_type":[0,0,0,0,0,0,0,0,0,0,0,0,0,0,0],"sum_hessian":[9E0,7E0,2E0,2E0,5E0,1E0,1E0,1E0,1E0,3E0,2E0,1E0,2E0,1E0,1E0],"tree_param":{"num_deleted":"0","num_feature":"2","num_nodes":"15","size_leaf_vector":"1"}},{"base_weights":[2.7315903E-2,-1.5786505E-1,5.120265E-1,-4.1508675E-1,-2.9433568E-3,1.5311814E-2,6.1492156E-2,-4.9552824E-2,-1.271019E-2,-4.779482E-2,5.783971E-2,-6.6376687E-3,-1.9475302E-3,1.6584396E-3,7.017517E-3],"categories":[],"categories_nodes":[],"categories_segments":[],"categories_sizes":[],"default_left":[0,0,0,0,0,0,0,0,0,0,0,0,0,0,0],"id":63,"left_children":[1,3,5,7,9,-1,-1,-1,-1,11,13,-1,-1,-1,-1],"loss_changes":[9.784227E-1,3.17572E-1,1.6634047E-2,6.515205E-3,1.9121693E-2,0E0,0E0,0E0,0E0,8.12212E-4,3.628973E-4,0E0,0E0,0E0,0E0],"parents":[2147483647,0,0,1,1,2,2,3,3,4,4,9,9,10,10],"right_children":[2,4,6,8,10,-1,-1,-1,-1,12,14,-1,-1,-1,-1],"split_conditions":[9.085867E-1,1.9982417E-1,1E0,9.842111E-2,7.0004344E-1,1.5311814E-2,6.1492156E-2,-4.9552824E-2,-1.271019E-2,3.0179837E-1,8.030273E-1,-6.6376687E-3,-1.9475302E-3,1.6584396E-3,7.017517E-3],"split_indices":[0,0,0,0,0,0,0,0,0,0,0,0,0,0,0],"split_type":[0,0,0,0,0,0,0,0,0,0,0,0,0,0,0],"sum_hessian":[9E0,7E0,2E0,2E0,5E0,1E0,1E0,1E0,1E0,3E0,2E0,1E0,2E0,1E0,1E0],"tree_param":{"num_deleted":"0","num_feature":"2","num_nodes":"15","size_leaf_vector":"1"}},{"base_weights":[2.6047135E-2,-1.4985037E-1,4.8642477E-1,-3.9433226E-1,-2.6343663E-3,1.4546203E-2,5.841751E-2,-4.707518E-2,-1.2074661E-2,-4.5161724E-2,5.49469E-2,-6.30579E-3,-1.8177032E-3,1.57547E-3,6.666565E-3],"categories":[],"categories_nodes":[],"categories_segments":[],"categories_sizes":[],"default_left":[0,0,0,0,0,0,0,0,0,0,0,0,0,0,0],"id":64,"left_children":[1,3,5,7,9,-1,-1,-1,-1,11,13,-1,-1,-1,-1],"loss_changes":[8.826837E-1,2.8689432E-1,1.5012324E-2,5.880177E-3,1.7174171E-2,0E0,0E0,0E0,0E0,7.854849E-4,3.2755267E-4,0E0,0E0,0E0,0E0],"parents":[2147483647,0,0,1,1,2,2,3,3,4,4,9,9,10,10],"right_children":[2,4,6,8,10,-1,-1,-1,-1,12,14,-1,-1,-1,-1],"split_conditions":[9.085867E-1,1.9982417E-1,1E0,9.842111E-2,7.0004344E-1,1.4546203E-2,5.841751E-2,-4.707518E-2,-1.2074661E-2,3.0179837E-1,8.030273E-1,-6.30579E-3,-1.8177032E-3,1.57547E-3,6.666565E-3],"split_indices":[0,0,0,0,0,0,0,0,0,0,0,0,0,0,0],"split_type":[0,0,0,0,0,0,0,0,0,0,0,0,0,0,0],"sum_hessian":[9E0,7E0,2E0,2E0,5E0,1E0,1E0,1E0,1E0,3E0,2E0,1E0,2E0,1E0,1E0],"tree_param":{"num_deleted":"0","num_feature":"2","num_nodes":"15","size_leaf_vector":"1"}},{"base_weights":[2.4835205E-2,-1.4224434E-1,4.6210226E-1,-3.7461534E-1,-2.351443E-3,1.3818741E-2,5.54966E-2,-4.4721413E-2,-1.1470891E-2,-4.267645E-2,5.2199047E-2,-5.990505E-3,-1.6965232E-3,1.4966965E-3,6.3331607E-3],"categories":[],"categories_nodes":[],"categories_segments":[],"categories_sizes":[],"default_left":[0,0,0,0,0,0,0,0,0,0,0,0,0,0,0],"id":65,"left_children":[1,3,5,7,9,-1,-1,-1,-1,11,13,-1,-1,-1,-1],"loss_changes":[7.963152E-1,2.5917554E-1,1.355052E-2,5.3072274E-3,1.5426163E-2,0E0,0E0,0E0,0E0,7.555699E-4,2.9558316E-4,0E0,0E0,0E0,0E0],"parents":[2147483647,0,0,1,1,2,2,3,3,4,4,9,9,10,10],"right_children":[2,4,6,8,10,-1,-1,-1,-1,12,14,-1,-1,-1,-1],"split_conditions":[9.085867E-1,1.9982417E-1,1E0,9.842111E-2,7.0004344E-1,1.3818741E-2,5.54966E-2,-4.4721413E-2,-1.1470891E-2,3.0179837E-1,8.030273E-1,-5.990505E-3,-1.6965232E-3,1.4966965E-3,6.3331607E-3],"split_indices":[0,0,0,0,0,0,0,0,0,0,0,0,0,0,0],"split_type":[0,0,0,0,0,0,0,0,0,0,0,0,0,0,0],"sum_hessian":[9E0,7E0,2E0,2E0,5E0,1E0,1E0,1E0,1E0,3E0,2E0,1E0,2E0,1E0,1E0],"tree_param":{"num_deleted":"0","num_feature":"2","num_nodes":"15","size_leaf_vector":"1"}},{"base_weights":[2.367859E-2,-1.3502598E-1,4.389979E-1,-3.5588455E-1,-2.0923615E-3,1.31279E-2,5.2721787E-2,-4.2485334E-2,-1.08973505E-2,-4.0330887E-2,4.9589794E-2,-5.690956E-3,-1.5834809E-3,1.4219284E-3,6.016541E-3],"categories":[],"categories_nodes":[],"categories_segments":[],"categories_sizes":[],"default_left":[0,0,0,0,0,0,0,0,0,0,0,0,0,0,0],"id":66,"left_children":[1,3,5,7,9,-1,-1,-1,-1,11,13,-1,-1,-1,-1],"loss_changes":[7.184068E-1,2.341316E-1,1.22282505E-2,4.7896802E-3,1.3857496E-2,0E0,0E0,0E0,0E0,7.232982E-4,2.6668562E-4,0E0,0E0,0E0,0E0],"parents":[2147483647,0,0,1,1,2,2,3,3,4,4,9,9,10,10],"right_children":[2,4,6,8,10,-1,-1,-1,-1,12,14,-1,-1,-1,-1],"split_conditions":[9.085867E-1,1.9982417E-1,1E0,9.842111E-2,7.0004344E-1,1.31279E-2,5.2721787E-2,-4.2485334E-2,-1.08973505E-2,3.0179837E-1,8.030273E-1,-5.690956E-3,-1.5834809E-3,1.4219284E-3,6.016541E-3],"split_indices":[0,0,0,0,0,0,0,0,0,0,0,0,0,0,0],"split_type":[0,0,0,0,0,0,0,0,0,0,0,0,0,0,0],"sum_hessian":[9E0,7E0,2E0,2E0,5E0,1E0,1E0,1E0,1E0,3E0,2E0,1E0,2E0,1E0,1E0],"tree_param":{"num_deleted":"0","num_feature":"2","num_nodes":"15","size_leaf_vector":"1"}},{"base_weights":[2.2573758E-2,-1.2817585E-1,4.1704813E-1,-3.3809057E-1,-1.8558502E-3,1.247139E-2,5.008583E-2,-4.0361073E-2,-1.0352517E-2,-3.8116455E-2,4.711024E-2,-5.4063797E-3,-1.4779408E-3,1.3507843E-3,5.7157516E-3],"categories":[],"categories_nodes":[],"categories_segments":[],"categories_sizes":[],"default_left":[0,0,0,0,0,0,0,0,0,0,0,0,0,0,0],"id":67,"left_children":[1,3,5,7,9,-1,-1,-1,-1,11,13,-1,-1,-1,-1],"loss_changes":[6.4812416E-1,2.11504E-1,1.1037767E-2,4.32238E-3,1.2448915E-2,0E0,0E0,0E0,0E0,6.896248E-4,2.4076365E-4,0E0,0E0,0E0,0E0],"parents":[2147483647,0,0,1,1,2,2,3,3,4,4,9,9,10,10],"right_children":[2,4,6,8,10,-1,-1,-1,-1,12,14,-1,-1,-1,-1],"split_conditions":[9.085867E-1,1.9982417E-1,1E0,9.842111E-2,7.0004344E-1,1.247139E-2,5.008583E-2,-4.0361073E-2,-1.0352517E-2,3.0179837E-1,8.030273E-1,-5.4063797E-3,-1.4779408E-3,1.3507843E-3,5.7157516E-3],"split_indices":[0,0,0,0,0,0,0,0,0,0,0,0,0,0,0],"split_type":[0,0,0,0,0,0,0,0,0,0,0,0,0,0,0],"sum_hessian":[9E0,7E0,2E0,2E0,5E0,1E0,1E0,1E0,1E0,3E0,2E0,1E0,2E0,1E0,1E0],"tree_param":{"num_deleted":"0","num_feature":"2","num_nodes":"15","size_leaf_vector":"1"}},{"base_weights":[2.1518994E-2,-1.2167418E-1,3.9619446E-1,-3.2118574E-1,-1.6393661E-3,1.1847687E-2,4.7581483E-2,-3.8343E-2,-9.834862E-3,-3.6025524E-2,4.47553E-2,-5.136013E-3,-1.3793946E-3,1.2832641E-3,5.430031E-3],"categories":[],"categories_nodes":[],"categories_segments":[],"categories_sizes":[],"default_left":[0,0,0,0,0,0,0,0,0,0,0,0,0,0,0],"id":68,"left_children":[1,3,5,7,9,-1,-1,-1,-1,11,13,-1,-1,-1,-1],"loss_changes":[5.847163E-1,1.9106013E-1,9.962887E-3,3.9011836E-3,1.1184339E-2,0E0,0E0,0E0,0E0,6.55191E-4,2.1728966E-4,0E0,0E0,0E0,0E0],"parents":[2147483647,0,0,1,1,2,2,3,3,4,4,9,9,10,10],"right_children":[2,4,6,8,10,-1,-1,-1,-1,12,14,-1,-1,-1,-1],"split_conditions":[9.085867E-1,1.9982417E-1,1E0,9.842111E-2,7.0004344E-1,1.1847687E-2,4.7581483E-2,-3.8343E-2,-9.834862E-3,3.0179837E-1,8.030273E-1,-5.136013E-3,-1.3793946E-3,1.2832641E-3,5.430031E-3],"split_indices":[0,0,0,0,0,0,0,0,0,0,0,0,0,0,0],"split_type":[0,0,0,0,0,0,0,0,0,0,0,0,0,0,0],"sum_hessian":[9E0,7E0,2E0,2E0,5E0,1E0,1E0,1E0,1E0,3E0,2E0,1E0,2E0,1E0,1E0],"tree_param":{"num_deleted":"0","num_feature":"2","num_nodes":"15","size_leaf_vector":"1"}},{"base_weights":[2.0511914E-2,-1.1550391E-1,3.7638345E-1,-3.0512652E-1,-1.4419556E-3,1.1255264E-2,4.5202255E-2,-3.642583E-2,-9.343147E-3,-3.4051895E-2,4.2518616E-2,-4.8791887E-3,-1.2874603E-3,1.2191773E-3,5.1586153E-3],"categories":[],"categories_nodes":[],"categories_segments":[],"categories_sizes":[],"default_left":[0,0,0,0,0,0,0,0,0,0,0,0,0,0,0],"id":69,"left_children":[1,3,5,7,9,-1,-1,-1,-1,11,13,-1,-1,-1,-1],"loss_changes":[5.2751535E-1,1.7258982E-1,8.99148E-3,3.5205185E-3,1.0049148E-2,0E0,0E0,0E0,0E0,6.204364E-4,1.9604294E-4,0E0,0E0,0E0,0E0],"parents":[2147483647,0,0,1,1,2,2,3,3,4,4,9,9,10,10],"right_children":[2,4,6,8,10,-1,-1,-1,-1,12,14,-1,-1,-1,-1],"split_conditions":[9.085867E-1,1.9982417E-1,1E0,9.842111E-2,7.0004344E-1,1.1255264E-2,4.5202255E-2,-3.642583E-2,-9.343147E-3,3.0179837E-1,8.030273E-1,-4.8791887E-3,-1.2874603E-3,1.2191773E-3,5.1586153E-3],"split_indices":[0,0,0,0,0,0,0,0,0,0,0,0,0,0,0],"split_type":[0,0,0,0,0,0,0,0,0,0,0,0,0,0,0],"sum_hessian":[9E0,7E0,2E0,2E0,5E0,1E0,1E0,1E0,1E0,3E0,2E0,1E0,2E0,1E0,1E0],"tree_param":{"num_deleted":"0","num_feature":"2","num_nodes":"15","size_leaf_vector":"1"}},{"base_weights":[1.9550705E-2,-1.0964823E-1,3.575643E-1,-2.8986993E-1,-1.2626648E-3,1.0692596E-2,4.2942047E-2,-3.460455E-2,-8.875943E-3,-3.2188416E-2,4.039256E-2,-4.6352386E-3,-1.2016296E-3,1.1581421E-3,4.900742E-3],"categories":[],"categories_nodes":[],"categories_segments":[],"categories_sizes":[],"default_left":[0,0,0,0,0,0,0,0,0,0,0,0,0,0,0],"id":70,"left_children":[1,3,5,7,9,-1,-1,-1,-1,11,13,-1,-1,-1,-1],"loss_changes":[4.7591627E-1,1.5590143E-1,8.113533E-3,3.1777024E-3,9.029486E-3,0E0,0E0,0E0,0E0,5.8588525E-4,1.7703604E-4,0E0,0E0,0E0,0E0],"parents":[2147483647,0,0,1,1,2,2,3,3,4,4,9,9,10,10],"right_children":[2,4,6,8,10,-1,-1,-1,-1,12,14,-1,-1,-1,-1],"split_conditions":[9.085867E-1,1.9982417E-1,1E0,9.842111E-2,7.0004344E-1,1.0692596E-2,4.2942047E-2,-3.460455E-2,-8.875943E-3,3.0179837E-1,8.030273E-1,-4.6352386E-3,-1.2016296E-3,1.1581421E-3,4.900742E-3],"split_indices":[0,0,0,0,0,0,0,0,0,0,0,0,0,0,0],"split_type":[0,0,0,0,0,0,0,0,0,0,0,0,0,0,0],"sum_hessian":[9E0,7E0,2E0,2E0,5E0,1E0,1E0,1E0,1E0,3E0,2E0,1E0,2E0,1E0,1E0],"tree_param":{"num_deleted":"0","num_feature":"2","num_nodes":"15","size_leaf_vector":"1"}},{"base_weights":[1.8633842E-2,-1.0409093E-1,3.3968863E-1,-2.75376E-1,-1.0999044E-3,1.0158158E-2,4.0795136E-2,-3.2874297E-2,-8.432102E-3,-3.0428886E-2,3.837204E-2,-4.4034957E-3,-1.121521E-3,1.1001587E-3,4.6556476E-3],"categories":[],"categories_nodes":[],"categories_segments":[],"categories_sizes":[],"default_left":[0,0,0,0,0,0,0,0,0,0,0,0,0,0,0],"id":71,"left_children":[1,3,5,7,9,-1,-1,-1,-1,11,13,-1,-1,-1,-1],"loss_changes":[4.2937222E-1,1.4082372E-1,7.321179E-3,2.8681308E-3,8.11365E-3,0E0,0E0,0E0,0E0,5.5182935E-4,1.598401E-4,0E0,0E0,0E0,0E0],"parents":[2147483647,0,0,1,1,2,2,3,3,4,4,9,9,10,10],"right_children":[2,4,6,8,10,-1,-1,-1,-1,12,14,-1,-1,-1,-1],"split_conditions":[9.085867E-1,1.9982417E-1,1E0,9.842111E-2,7.0004344E-1,1.0158158E-2,4.0795136E-2,-3.2874297E-2,-8.432102E-3,3.0179837E-1,8.030273E-1,-4.4034957E-3,-1.121521E-3,1.1001587E-3,4.6556476E-3],"split_indices":[0,0,0,0,0,0,0,0,0,0,0,0,0,0,0],"split_type":[0,0,0,0,0,0,0,0,0,0,0,0,0,0,0],"sum_hessian":[9E0,7E0,2E0,2E0,5E0,1E0,1E0,1E0,1E0,3E0,2E0,1E0,2E0,1E0,1E0],"tree_param":{"num_deleted":"0","num_feature":"2","num_nodes":"15","size_leaf_vector":"1"}},{"base_weights":[1.7759036E-2,-9.88158E-2,3.227056E-1,-2.6160717E-1,-9.508133E-4,9.650421E-3,3.8755417E-2,-3.1230593E-2,-8.010483E-3,-2.8767109E-2,3.6454517E-2,-4.1832924E-3,-1.0467529E-3,1.045227E-3,4.422951E-3],"categories":[],"categories_nodes":[],"categories_segments":[],"categories_sizes":[],"default_left":[0,0,0,0,0,0,0,0,0,0,0,0,0,0,0],"id":72,"left_children":[1,3,5,7,9,-1,-1,-1,-1,11,13,-1,-1,-1,-1],"loss_changes":[3.8737938E-1,1.2720385E-1,6.6058934E-3,2.5886148E-3,7.2915577E-3,0E0,0E0,0E0,0E0,5.1850826E-4,1.4420273E-4,0E0,0E0,0E0,0E0],"parents":[2147483647,0,0,1,1,2,2,3,3,4,4,9,9,10,10],"right_children":[2,4,6,8,10,-1,-1,-1,-1,12,14,-1,-1,-1,-1],"split_conditions":[9.085867E-1,1.9982417E-1,1E0,9.842111E-2,7.0004344E-1,9.650421E-3,3.8755417E-2,-3.1230593E-2,-8.010483E-3,3.0179837E-1,8.030273E-1,-4.1832924E-3,-1.0467529E-3,1.045227E-3,4.422951E-3],"split_indices":[0,0,0,0,0,0,0,0,0,0,0,0,0,0,0],"split_type":[0,0,0,0,0,0,0,0,0,0,0,0,0,0,0],"sum_hessian":[9E0,7E0,2E0,2E0,5E0,1E0,1E0,1E0,1E0,3E0,2E0,1E0,2E0,1E0,1E0],"tree_param":{"num_deleted":"0","num_feature":"2","num_nodes":"15","size_leaf_vector":"1"}},{"base_weights":[1.6923428E-2,-9.380925E-2,3.0656943E-1,-2.4852657E-1,-8.157094E-4,9.167862E-3,3.681755E-2,-2.9669046E-2,-7.6099397E-3,-2.7197838E-2,3.4632366E-2,-3.974152E-3,-9.76944E-4,9.929658E-4,4.201889E-3],"categories":[],"categories_nodes":[],"categories_segments":[],"categories_sizes":[],"default_left":[0,0,0,0,0,0,0,0,0,0,0,0,0,0,0],"id":73,"left_children":[1,3,5,7,9,-1,-1,-1,-1,11,13,-1,-1,-1,-1],"loss_changes":[3.494918E-1,1.14898965E-1,5.961925E-3,2.3363382E-3,6.5530995E-3,0E0,0E0,0E0,0E0,4.8621232E-4,1.301684E-4,0E0,0E0,0E0,0E0],"parents":[2147483647,0,0,1,1,2,2,3,3,4,4,9,9,10,10],"right_children":[2,4,6,8,10,-1,-1,-1,-1,12,14,-1,-1,-1,-1],"split_conditions":[9.085867E-1,1.9982417E-1,1E0,9.842111E-2,7.0004344E-1,9.167862E-3,3.681755E-2,-2.9669046E-2,-7.6099397E-3,3.0179837E-1,8.030273E-1,-3.974152E-3,-9.76944E-4,9.929658E-4,4.201889E-3],"split_indices":[0,0,0,0,0,0,0,0,0,0,0,0,0,0,0],"split_type":[0,0,0,0,0,0,0,0,0,0,0,0,0,0,0],"sum_hessian":[9E0,7E0,2E0,2E0,5E0,1E0,1E0,1E0,1E0,3E0,2E0,1E0,2E0,1E0,1E0],"tree_param":{"num_deleted":"0","num_feature":"2","num_nodes":"15","size_leaf_vector":"1"}},{"base_weights":[1.6125584E-2,-8.90578E-2,2.912394E-1,-2.361002E-1,-6.936391E-4,8.709336E-3,3.497658E-2,-2.8185606E-2,-7.2294236E-3,-2.5715828E-2,3.2900494E-2,-3.775406E-3,-9.118398E-4,9.4337465E-4,3.9916993E-3],"categories":[],"categories_nodes":[],"categories_segments":[],"categories_sizes":[],"default_left":[0,0,0,0,0,0,0,0,0,0,0,0,0,0,0],"id":74,"left_children":[1,3,5,7,9,-1,-1,-1,-1,11,13,-1,-1,-1,-1],"loss_changes":[3.153112E-1,1.0378246E-1,5.3814948E-3,2.1086782E-3,5.8896556E-3,0E0,0E0,0E0,0E0,4.549583E-4,1.1739647E-4,0E0,0E0,0E0,0E0],"parents":[2147483647,0,0,1,1,2,2,3,3,4,4,9,9,10,10],"right_children":[2,4,6,8,10,-1,-1,-1,-1,12,14,-1,-1,-1,-1],"split_conditions":[9.085867E-1,1.9982417E-1,1E0,9.842111E-2,7.0004344E-1,8.709336E-3,3.497658E-2,-2.8185606E-2,-7.2294236E-3,3.0179837E-1,8.030273E-1,-3.775406E-3,-9.118398E-4,9.4337465E-4,3.9916993E-3],"split_indices":[0,0,0,0,0,0,0,0,0,0,0,0,0,0,0],"split_type":[0,0,0,0,0,0,0,0,0,0,0,0,0,0,0],"sum_hessian":[9E0,7E0,2E0,2E0,5E0,1E0,1E0,1E0,1E0,3E0,2E0,1E0,2E0,1E0,1E0],"tree_param":{"num_deleted":"0","num_feature":"2","num_nodes":"15","size_leaf_vector":"1"}},{"base_weights":[1.5365029E-2,-8.454776E-2,2.7667746E-1,-2.242953E-1,-5.82695E-4,8.273697E-3,3.322792E-2,-2.6776314E-2,-6.867981E-3,-2.431631E-2,3.125636E-2,-3.5866739E-3,-8.51059E-4,8.962631E-4,3.7921907E-3],"categories":[],"categories_nodes":[],"categories_segments":[],"categories_sizes":[],"default_left":[0,0,0,0,0,0,0,0,0,0,0,0,0,0,0],"id":75,"left_children":[1,3,5,7,9,-1,-1,-1,-1,11,13,-1,-1,-1,-1],"loss_changes":[2.8447697E-1,9.37406E-2,4.8585236E-3,1.9028932E-3,5.293974E-3,0E0,0E0,0E0,0E0,4.2500417E-4,1.0591978E-4,0E0,0E0,0E0,0E0],"parents":[2147483647,0,0,1,1,2,2,3,3,4,4,9,9,10,10],"right_children":[2,4,6,8,10,-1,-1,-1,-1,12,14,-1,-1,-1,-1],"split_conditions":[9.085867E-1,1.9982417E-1,1E0,9.842111E-2,7.0004344E-1,8.273697E-3,3.322792E-2,-2.6776314E-2,-6.867981E-3,3.0179837E-1,8.030273E-1,-3.5866739E-3,-8.51059E-4,8.962631E-4,3.7921907E-3],"split_indices":[0,0,0,0,0,0,0,0,0,0,0,0,0,0,0],"split_type":[0,0,0,0,0,0,0,0,0,0,0,0,0,0,0],"sum_hessian":[9E0,7E0,2E0,2E0,5E0,1E0,1E0,1E0,1E0,3E0,2E0,1E0,2E0,1E0,1E0],"tree_param":{"num_deleted":"0","num_feature":"2","num_nodes":"15","size_leaf_vector":"1"}},{"base_weights":[1.4639759E-2,-8.026731E-2,2.6284537E-1,-2.130804E-1,-4.828771E-4,7.860184E-3,3.156662E-2,-2.5437498E-2,-6.524563E-3,-2.2994518E-2,2.9693604E-2,-3.407383E-3,-7.943471E-4,8.514404E-4,3.6026002E-3],"categories":[],"categories_nodes":[],"categories_segments":[],"categories_sizes":[],"default_left":[0,0,0,0,0,0,0,0,0,0,0,0,0,0,0],"id":76,"left_children":[1,3,5,7,9,-1,-1,-1,-1,11,13,-1,-1,-1,-1],"loss_changes":[2.5666255E-1,8.466844E-2,4.383743E-3,1.717478E-3,4.758723E-3,0E0,0E0,0E0,0E0,3.9635645E-4,9.5605385E-5,0E0,0E0,0E0,0E0],"parents":[2147483647,0,0,1,1,2,2,3,3,4,4,9,9,10,10],"right_children":[2,4,6,8,10,-1,-1,-1,-1,12,14,-1,-1,-1,-1],"split_conditions":[9.085867E-1,1.9982417E-1,1E0,9.842111E-2,7.0004344E-1,7.860184E-3,3.156662E-2,-2.5437498E-2,-6.524563E-3,3.0179837E-1,8.030273E-1,-3.407383E-3,-7.943471E-4,8.514404E-4,3.6026002E-3],"split_indices":[0,0,0,0,0,0,0,0,0,0,0,0,0,0,0],"split_type":[0,0,0,0,0,0,0,0,0,0,0,0,0,0,0],"sum_hessian":[9E0,7E0,2E0,2E0,5E0,1E0,1E0,1E0,1E0,3E0,2E0,1E0,2E0,1E0,1E0],"tree_param":{"num_deleted":"0","num_feature":"2","num_nodes":"15","size_leaf_vector":"1"}},{"base_weights":[1.3947296E-2,-7.62043E-2,2.4970245E-1,-2.0242627E-1,-3.9259592E-4,7.46727E-3,2.9988099E-2,-2.416563E-2,-6.1983108E-3,-2.1746159E-2,2.8209686E-2,-3.2370568E-3,-7.4145E-4,8.0890657E-4,3.4225464E-3],"categories":[],"categories_nodes":[],"categories_segments":[],"categories_sizes":[],"default_left":[0,0,0,0,0,0,0,0,0,0,0,0,0,0,0],"id":77,"left_children":[1,3,5,7,9,-1,-1,-1,-1,11,13,-1,-1,-1,-1],"loss_changes":[2.3156543E-1,7.647335E-2,3.9553046E-3,1.5501678E-3,4.2780163E-3,0E0,0E0,0E0,0E0,3.6904996E-4,8.627144E-5,0E0,0E0,0E0,0E0],"parents":[2147483647,0,0,1,1,2,2,3,3,4,4,9,9,10,10],"right_children":[2,4,6,8,10,-1,-1,-1,-1,12,14,-1,-1,-1,-1],"split_conditions":[9.085867E-1,1.9982417E-1,1E0,9.842111E-2,7.0004344E-1,7.46727E-3,2.9988099E-2,-2.416563E-2,-6.1983108E-3,3.0179837E-1,8.030273E-1,-3.2370568E-3,-7.4145E-4,8.0890657E-4,3.4225464E-3],"split_indices":[0,0,0,0,0,0,0,0,0,0,0,0,0,0,0],"split_type":[0,0,0,0,0,0,0,0,0,0,0,0,0,0,0],"sum_hessian":[9E0,7E0,2E0,2E0,5E0,1E0,1E0,1E0,1E0,3E0,2E0,1E0,2E0,1E0,1E0],"tree_param":{"num_deleted":"0","num_feature":"2","num_nodes":"15","size_leaf_vector":"1"}},{"base_weights":[1.32867815E-2,-7.23474E-2,2.3721568E-1,-1.9230461E-1,-3.1089783E-4,7.093811E-3,2.8488541E-2,-2.2957325E-2,-5.8883666E-3,-2.0565987E-2,2.679952E-2,-3.0752183E-3,-6.919861E-4,7.6847075E-4,3.2514574E-3],"categories":[],"categories_nodes":[],"categories_segments":[],"categories_sizes":[],"default_left":[0,0,0,0,0,0,0,0,0,0,0,0,0,0,0],"id":78,"left_children":[1,3,5,7,9,-1,-1,-1,-1,11,13,-1,-1,-1,-1],"loss_changes":[2.0892161E-1,6.90706E-2,3.5699904E-3,1.3991371E-3,3.845902E-3,0E0,0E0,0E0,0E0,3.4320774E-4,7.7861594E-5,0E0,0E0,0E0,0E0],"parents":[2147483647,0,0,1,1,2,2,3,3,4,4,9,9,10,10],"right_children":[2,4,6,8,10,-1,-1,-1,-1,12,14,-1,-1,-1,-1],"split_conditions":[9.085867E-1,1.9982417E-1,1E0,9.842111E-2,7.0004344E-1,7.093811E-3,2.8488541E-2,-2.2957325E-2,-5.8883666E-3,3.0179837E-1,8.030273E-1,-3.0752183E-3,-6.919861E-4,7.6847075E-4,3.2514574E-3],"split_indices":[0,0,0,0,0,0,0,0,0,0,0,0,0,0,0],"split_type":[0,0,0,0,0,0,0,0,0,0,0,0,0,0,0],"sum_hessian":[9E0,7E0,2E0,2E0,5E0,1E0,1E0,1E0,1E0,3E0,2E0,1E0,2E0,1E0,1E0],"tree_param":{"num_deleted":"0","num_feature":"2","num_nodes":"15","size_leaf_vector":"1"}},{"base_weights":[1.26571655E-2,-6.8686485E-2,2.2535451E-1,-1.8268967E-1,-2.3714702E-4,6.739044E-3,2.7064133E-2,-2.1809483E-2,-5.5939676E-3,-1.9451141E-2,2.5460562E-2,-2.921486E-3,-6.4582825E-3,7.301331E-4,3.088951E-3,-7.777214E-4,-1.9102097E-4],"categories":[],"categories_nodes":[],"categories_segments":[],"categories_sizes":[],"default_left":[0,0,0,0,0,0,0,0,0,0,0,0,0,0,0,0,0],"id":79,"left_children":[1,3,5,7,9,-1,-1,-1,-1,11,13,-1,15,-1,-1,-1,-1],"loss_changes":[1.8849461E-1,6.238421E-2,3.2224208E-3,1.2626573E-3,3.457771E-3,0E0,0E0,0E0,0E0,3.1875668E-4,7.022207E-5,0E0,3.1396776E-6,0E0,0E0,0E0,0E0],"parents":[2147483647,0,0,1,1,2,2,3,3,4,4,9,9,10,10,12,12],"right_children":[2,4,6,8,10,-1,-1,-1,-1,12,14,-1,16,-1,-1,-1,-1],"split_conditions":[9.085867E-1,1.9982417E-1,1E0,9.842111E-2,7.0004344E-1,6.739044E-3,2.7064133E-2,-2.1809483E-2,-5.5939676E-3,3.0179837E-1,8.030273E-1,-2.921486E-3,4.0307307E-1,7.301331E-4,3.088951E-3,-7.777214E-4,-1.9102097E-4],"split_indices":[0,0,0,0,0,0,0,0,0,0,0,0,0,0,0,0,0],"split_type":[0,0,0,0,0,0,0,0,0,0,0,0,0,0,0,0,0],"sum_hessian":[9E0,7E0,2E0,2E0,5E0,1E0,1E0,1E0,1E0,3E0,2E0,1E0,2E0,1E0,1E0,1E0,1E0],"tree_param":{"num_deleted":"0","num_feature":"2","num_nodes":"17","size_leaf_vector":"1"}},{"base_weights":[1.2024974E-2,-6.525195E-2,2.1408844E-1,-1.7355506E-1,-2.2506714E-4,6.4022066E-3,2.571106E-2,-2.0719005E-2,-5.3142547E-3,-1.8478394E-2,2.4187723E-2,-2.775383E-3,-6.135305E-3,6.937027E-4,2.9344559E-3,-7.388115E-4,-1.8148423E-4],"categories":[],"categories_nodes":[],"categories_segments":[],"categories_sizes":[],"default_left":[0,0,0,0,0,0,0,0,0,0,0,0,0,0,0,0,0],"id":80,"left_children":[1,3,5,7,9,-1,-1,-1,-1,11,13,-1,15,-1,-1,-1,-1],"loss_changes":[1.7011812E-1,5.6301843E-2,2.9077828E-3,1.1396185E-3,3.1206382E-3,0E0,0E0,0E0,0E0,2.8767192E-4,6.3313055E-5,0E0,2.8298964E-6,0E0,0E0,0E0,0E0],"parents":[2147483647,0,0,1,1,2,2,3,3,4,4,9,9,10,10,12,12],"right_children":[2,4,6,8,10,-1,-1,-1,-1,12,14,-1,16,-1,-1,-1,-1],"split_conditions":[9.085867E-1,1.9982417E-1,1E0,9.842111E-2,7.0004344E-1,6.4022066E-3,2.571106E-2,-2.0719005E-2,-5.3142547E-3,3.0179837E-1,8.030273E-1,-2.775383E-3,4.0307307E-1,6.937027E-4,2.9344559E-3,-7.388115E-4,-1.8148423E-4],"split_indices":[0,0,0,0,0,0,0,0,0,0,0,0,0,0,0,0,0],"split_type":[0,0,0,0,0,0,0,0,0,0,0,0,0,0,0,0,0],"sum_hessian":[9E0,7E0,2E0,2E0,5E0,1E0,1E0,1E0,1E0,3E0,2E0,1E0,2E0,1E0,1E0,1E0,1E0],"tree_param":{"num_deleted":"0","num_feature":"2","num_nodes":"17","size_leaf_vector":"1"}},{"base_weights":[1.1423683E-2,-6.1989546E-2,2.033844E-1,-1.6487758E-1,-2.1394093E-4,6.0821534E-3,2.4425507E-2,-1.9683076E-2,-5.0485614E-3,-1.755476E-2,2.2978464E-2,-2.6366233E-3,-5.8288574E-3,6.5898895E-4,2.7877807E-3,-7.019043E-4,-1.7242432E-4],"categories":[],"categories_nodes":[],"categories_segments":[],"categories_sizes":[],"default_left":[0,0,0,0,0,0,0,0,0,0,0,0,0,0,0,0,0],"id":81,"left_children":[1,3,5,7,9,-1,-1,-1,-1,11,13,-1,15,-1,-1,-1,-1],"loss_changes":[1.5353227E-1,5.0812483E-2,2.623953E-3,1.0284409E-3,2.8164333E-3,0E0,0E0,0E0,0E0,2.596049E-4,5.7167956E-5,0E0,2.5532208E-6,0E0,0E0,0E0,0E0],"parents":[2147483647,0,0,1,1,2,2,3,3,4,4,9,9,10,10,12,12],"right_children":[2,4,6,8,10,-1,-1,-1,-1,12,14,-1,16,-1,-1,-1,-1],"split_conditions":[9.085867E-1,1.9982417E-1,1E0,9.842111E-2,7.0004344E-1,6.0821534E-3,2.4425507E-2,-1.9683076E-2,-5.0485614E-3,3.0179837E-1,8.030273E-1,-2.6366233E-3,4.0307307E-1,6.5898895E-4,2.7877807E-3,-7.019043E-4,-1.7242432E-4],"split_indices":[0,0,0,0,0,0,0,0,0,0,0,0,0,0,0,0,0],"split_type":[0,0,0,0,0,0,0,0,0,0,0,0,0,0,0,0,0],"sum_hessian":[9E0,7E0,2E0,2E0,5E0,1E0,1E0,1E0,1E0,3E0,2E0,1E0,2E0,1E0,1E0,1E0,1E0],"tree_param":{"num_deleted":"0","num_feature":"2","num_nodes":"17","size_leaf_vector":"1"}},{"base_weights":[1.0851955E-2,-5.8890462E-2,1.9321442E-1,-1.5663369E-1,-2.0376842E-4,5.778122E-3,2.3204042E-2,-1.869893E-2,-4.7961236E-3,-1.667738E-2,2.182897E-2,-2.5048256E-3,-5.5376687E-3,6.2599184E-4,2.6483536E-3,-6.668091E-4,-1.6384125E-4],"categories":[],"categories_nodes":[],"categories_segments":[],"categories_sizes":[],"default_left":[0,0,0,0,0,0,0,0,0,0,0,0,0,0,0,0,0],"id":82,"left_children":[1,3,5,7,9,-1,-1,-1,-1,11,13,-1,15,-1,-1,-1,-1],"loss_changes":[1.3856247E-1,4.5857895E-2,2.367407E-3,9.2822313E-4,2.5418026E-3,0E0,0E0,0E0,0E0,2.3428758E-4,5.1616807E-5,0E0,2.2983368E-6,0E0,0E0,0E0,0E0],"parents":[2147483647,0,0,1,1,2,2,3,3,4,4,9,9,10,10,12,12],"right_children":[2,4,6,8,10,-1,-1,-1,-1,12,14,-1,16,-1,-1,-1,-1],"split_conditions":[9.085867E-1,1.9982417E-1,1E0,9.842111E-2,7.0004344E-1,5.778122E-3,2.3204042E-2,-1.869893E-2,-4.7961236E-3,3.0179837E-1,8.030273E-1,-2.5048256E-3,4.0307307E-1,6.2599184E-4,2.6483536E-3,-6.668091E-4,-1.6384125E-4],"split_indices":[0,0,0,0,0,0,0,0,0,0,0,0,0,0,0,0,0],"split_type":[0,0,0,0,0,0,0,0,0,0,0,0,0,0,0,0,0],"sum_hessian":[9E0,7E0,2E0,2E0,5E0,1E0,1E0,1E0,1E0,3E0,2E0,1E0,2E0,1E0,1E0,1E0,1E0],"tree_param":{"num_deleted":"0","num_feature":"2","num_nodes":"17","size_leaf_vector":"1"}},{"base_weights":[1.0310173E-2,-5.5945635E-2,1.835556E-1,-1.488018E-1,-1.93278E-4,5.4893494E-3,2.2043992E-2,-1.7763996E-2,-4.5562745E-3,-1.5843391E-2,2.0737967E-2,-2.379608E-3,-5.2604675E-3,5.9471134E-4,2.5159835E-3,-6.334305E-4,-1.5563965E-4],"categories":[],"categories_nodes":[],"categories_segments":[],"categories_sizes":[],"default_left":[0,0,0,0,0,0,0,0,0,0,0,0,0,0,0,0,0],"id":83,"left_children":[1,3,5,7,9,-1,-1,-1,-1,11,13,-1,15,-1,-1,-1,-1],"loss_changes":[1.250543E-1,4.1386835E-2,2.1361262E-3,8.379072E-4,2.2940177E-3,0E0,0E0,0E0,0E0,2.1147227E-4,4.6581263E-5,0E0,2.0740263E-6,0E0,0E0,0E0,0E0],"parents":[2147483647,0,0,1,1,2,2,3,3,4,4,9,9,10,10,12,12],"right_children":[2,4,6,8,10,-1,-1,-1,-1,12,14,-1,16,-1,-1,-1,-1],"split_conditions":[9.085867E-1,1.9982417E-1,1E0,9.842111E-2,7.0004344E-1,5.4893494E-3,2.2043992E-2,-1.7763996E-2,-4.5562745E-3,3.0179837E-1,8.030273E-1,-2.379608E-3,4.0307307E-1,5.9471134E-4,2.5159835E-3,-6.334305E-4,-1.5563965E-4],"split_indices":[0,0,0,0,0,0,0,0,0,0,0,0,0,0,0,0,0],"split_type":[0,0,0,0,0,0,0,0,0,0,0,0,0,0,0,0,0],"sum_hessian":[9E0,7E0,2E0,2E0,5E0,1E0,1E0,1E0,1E0,3E0,2E0,1E0,2E0,1E0,1E0,1E0,1E0],"tree_param":{"num_deleted":"0","num_feature":"2","num_nodes":"17","size_leaf_vector":"1"}},{"base_weights":[9.795284E-3,-5.314839E-2,1.7437999E-1,-1.4136155E-1,-1.8374126E-4,5.2150725E-3,2.0941926E-2,-1.6875792E-2,-4.328442E-3,-1.5050888E-2,1.9700369E-2,-2.2605897E-3,-4.9972534E-3,5.649567E-4,2.3900985E-3,-6.017685E-4,-1.4781952E-4],"categories":[],"categories_nodes":[],"categories_segments":[],"categories_sizes":[],"default_left":[0,0,0,0,0,0,0,0,0,0,0,0,0,0,0,0,0],"id":84,"left_children":[1,3,5,7,9,-1,-1,-1,-1,11,13,-1,15,-1,-1,-1,-1],"loss_changes":[1.1286367E-1,3.735146E-2,1.9271001E-3,7.5628236E-4,2.0702279E-3,0E0,0E0,0E0,0E0,1.9085372E-4,4.2035943E-5,0E0,1.8775609E-6,0E0,0E0,0E0,0E0],"parents":[2147483647,0,0,1,1,2,2,3,3,4,4,9,9,10,10,12,12],"right_children":[2,4,6,8,10,-1,-1,-1,-1,12,14,-1,16,-1,-1,-1,-1],"split_conditions":[9.085867E-1,1.9982417E-1,1E0,9.842111E-2,7.0004344E-1,5.2150725E-3,2.0941926E-2,-1.6875792E-2,-4.328442E-3,3.0179837E-1,8.030273E-1,-2.2605897E-3,4.0307307E-1,5.649567E-4,2.3900985E-3,-6.017685E-4,-1.4781952E-4],"split_indices":[0,0,0,0,0,0,0,0,0,0,0,0,0,0,0,0,0],"split_type":[0,0,0,0,0,0,0,0,0,0,0,0,0,0,0,0,0],"sum_hessian":[9E0,7E0,2E0,2E0,5E0,1E0,1E0,1E0,1E0,3E0,2E0,1E0,2E0,1E0,1E0,1E0,1E0],"tree_param":{"num_deleted":"0","num_feature":"2","num_nodes":"17","size_leaf_vector":"1"}},{"base_weights":[9.304905E-3,-5.0491214E-2,1.6565959E-1,-1.3429356E-1,-1.7484029E-4,4.9541476E-3,1.9894792E-2,-1.603198E-2,-4.112053E-3,-1.4298439E-2,1.8714905E-2,-2.1475793E-3,-4.7473907E-3,5.367279E-4,2.2705079E-3,-5.7172775E-4,-1.4038086E-4],"categories":[],"categories_nodes":[],"categories_segments":[],"categories_sizes":[],"default_left":[0,0,0,0,0,0,0,0,0,0,0,0,0,0,0,0,0],"id":85,"left_children":[1,3,5,7,9,-1,-1,-1,-1,11,13,-1,15,-1,-1,-1,-1],"loss_changes":[1.01858385E-1,3.3709563E-2,1.7399639E-3,6.8239495E-4,1.8683409E-3,0E0,0E0,0E0,0E0,1.7225102E-4,3.791356E-5,0E0,1.7027269E-6,0E0,0E0,0E0,0E0],"parents":[2147483647,0,0,1,1,2,2,3,3,4,4,9,9,10,10,12,12],"right_children":[2,4,6,8,10,-1,-1,-1,-1,12,14,-1,16,-1,-1,-1,-1],"split_conditions":[9.085867E-1,1.9982417E-1,1E0,9.842111E-2,7.0004344E-1,4.9541476E-3,1.9894792E-2,-1.603198E-2,-4.112053E-3,3.0179837E-1,8.030273E-1,-2.1475793E-3,4.0307307E-1,5.367279E-4,2.2705079E-3,-5.7172775E-4,-1.4038086E-4],"split_indices":[0,0,0,0,0,0,0,0,0,0,0,0,0,0,0,0,0],"split_type":[0,0,0,0,0,0,0,0,0,0,0,0,0,0,0,0,0],"sum_hessian":[9E0,7E0,2E0,2E0,5E0,1E0,1E0,1E0,1E0,3E0,2E0,1E0,2E0,1E0,1E0,1E0,1E0],"tree_param":{"num_deleted":"0","num_feature":"2","num_nodes":"17","size_leaf_vector":"1"}},{"base_weights":[8.839798E-3,-4.796648E-2,1.573766E-1,-1.2757874E-1,-1.6593933E-4,4.7065737E-3,1.8899918E-2,-1.523037E-2,-3.906441E-3,-1.3583183E-2,1.7779032E-2,-2.0401955E-3,-4.509608E-3,5.098343E-4,2.1570206E-3,-5.431175E-4,-1.3332367E-4],"categories":[],"categories_nodes":[],"categories_segments":[],"categories_sizes":[],"default_left":[0,0,0,0,0,0,0,0,0,0,0,0,0,0,0,0,0],"id":86,"left_children":[1,3,5,7,9,-1,-1,-1,-1,11,13,-1,15,-1,-1,-1,-1],"loss_changes":[9.192704E-2,3.0422898E-2,1.5695542E-3,6.1588734E-4,1.6861282E-3,0E0,0E0,0E0,0E0,1.5547773E-4,3.4251832E-5,0E0,1.5406767E-6,0E0,0E0,0E0,0E0],"parents":[2147483647,0,0,1,1,2,2,3,3,4,4,9,9,10,10,12,12],"right_children":[2,4,6,8,10,-1,-1,-1,-1,12,14,-1,16,-1,-1,-1,-1],"split_conditions":[9.085867E-1,1.9982417E-1,1E0,9.842111E-2,7.0004344E-1,4.7065737E-3,1.8899918E-2,-1.523037E-2,-3.906441E-3,3.0179837E-1,8.030273E-1,-2.0401955E-3,4.0307307E-1,5.098343E-4,2.1570206E-3,-5.431175E-4,-1.3332367E-4],"split_indices":[0,0,0,0,0,0,0,0,0,0,0,0,0,0,0,0,0],"split_type":[0,0,0,0,0,0,0,0,0,0,0,0,0,0,0,0,0],"sum_hessian":[9E0,7E0,2E0,2E0,5E0,1E0,1E0,1E0,1E0,3E0,2E0,1E0,2E0,1E0,1E0,1E0,1E0],"tree_param":{"num_deleted":"0","num_feature":"2","num_nodes":"17","size_leaf_vector":"1"}},{"base_weights":[8.398056E-3,-4.556799E-2,1.4950816E-1,-1.2119993E-1,-1.5735626E-4,4.4712066E-3,1.7955018E-2,-1.4468861E-2,-3.7111284E-3,-1.290369E-2,1.6890207E-2,-1.9381524E-3,-4.283905E-3,4.8427584E-4,2.0492554E-3,-5.159378E-4,-1.2664795E-4],"categories":[],"categories_nodes":[],"categories_segments":[],"categories_sizes":[],"default_left":[0,0,0,0,0,0,0,0,0,0,0,0,0,0,0,0,0],"id":87,"left_children":[1,3,5,7,9,-1,-1,-1,-1,11,13,-1,15,-1,-1,-1,-1],"loss_changes":[8.296432E-2,2.7456881E-2,1.4168024E-3,5.558133E-4,1.5217098E-3,0E0,0E0,0E0,0E0,1.403215E-4,3.0956697E-5,0E0,1.3907775E-6,0E0,0E0,0E0,0E0],"parents":[2147483647,0,0,1,1,2,2,3,3,4,4,9,9,10,10,12,12],"right_children":[2,4,6,8,10,-1,-1,-1,-1,12,14,-1,16,-1,-1,-1,-1],"split_conditions":[9.085867E-1,1.9982417E-1,1E0,9.842111E-2,7.0004344E-1,4.4712066E-3,1.7955018E-2,-1.4468861E-2,-3.7111284E-3,3.0179837E-1,8.030273E-1,-1.9381524E-3,4.0307307E-1,4.8427584E-4,2.0492554E-3,-5.159378E-4,-1.2664795E-4],"split_indices":[0,0,0,0,0,0,0,0,0,0,0,0,0,0,0,0,0],"split_type":[0,0,0,0,0,0,0,0,0,0,0,0,0,0,0,0,0],"sum_hessian":[9E0,7E0,2E0,2E0,5E0,1E0,1E0,1E0,1E0,3E0,2E0,1E0,2E0,1E0,1E0,1E0,1E0],"tree_param":{"num_deleted":"0","num_feature":"2","num_nodes":"17","size_leaf_vector":"1"}},{"base_weights":[7.97863E-3,-4.3289423E-2,1.4203389E-1,-1.1513964E-1,-1.4940898E-4,4.2476654E-3,1.7057419E-2,-1.3745404E-2,-3.5255433E-3,-1.225853E-2,1.6045889E-2,-1.8412591E-3,-4.0696464E-3,4.6005248E-4,1.9468308E-3,-4.9009325E-4,-1.203537E-4],"categories":[],"categories_nodes":[],"categories_segments":[],"categories_sizes":[],"default_left":[0,0,0,0,0,0,0,0,0,0,0,0,0,0,0,0,0],"id":88,"left_children":[1,3,5,7,9,-1,-1,-1,-1,11,13,-1,15,-1,-1,-1,-1],"loss_changes":[7.487609E-2,2.4779752E-2,1.2787543E-3,5.0169975E-4,1.3733638E-3,0E0,0E0,0E0,0E0,1.2664683E-4,2.7948001E-5,0E0,1.2492164E-6,0E0,0E0,0E0,0E0],"parents":[2147483647,0,0,1,1,2,2,3,3,4,4,9,9,10,10,12,12],"right_children":[2,4,6,8,10,-1,-1,-1,-1,12,14,-1,16,-1,-1,-1,-1],"split_conditions":[9.085867E-1,1.9982417E-1,1E0,9.842111E-2,7.0004344E-1,4.2476654E-3,1.7057419E-2,-1.3745404E-2,-3.5255433E-3,3.0179837E-1,8.030273E-1,-1.8412591E-3,4.0307307E-1,4.6005248E-4,1.9468308E-3,-4.9009325E-4,-1.203537E-4],"split_indices":[0,0,0,0,0,0,0,0,0,0,0,0,0,0,0,0,0],"split_type":[0,0,0,0,0,0,0,0,0,0,0,0,0,0,0,0,0],"sum_hessian":[9E0,7E0,2E0,2E0,5E0,1E0,1E0,1E0,1E0,3E0,2E0,1E0,2E0,1E0,1E0,1E0,1E0],"tree_param":{"num_deleted":"0","num_feature":"2","num_nodes":"17","size_leaf_vector":"1"}},{"base_weights":[7.5791357E-3,-4.112518E-2,1.3493092E-1,-1.0938295E-1,-1.4209747E-4,4.035187E-3,1.6204452E-2,-1.3058138E-2,-3.3493042E-3,-1.1645794E-2,1.524353E-2,-1.7492295E-3,-3.8661957E-3,4.3697358E-4,1.849556E-3,-4.655838E-4,-1.1434555E-4],"categories":[],"categories_nodes":[],"categories_segments":[],"categories_sizes":[],"default_left":[0,0,0,0,0,0,0,0,0,0,0,0,0,0,0,0,0],"id":89,"left_children":[1,3,5,7,9,-1,-1,-1,-1,11,13,-1,15,-1,-1,-1,-1],"loss_changes":[6.757488E-2,2.2363767E-2,1.1543296E-3,4.526712E-4,1.2394725E-3,0E0,0E0,0E0,0E0,1.1430506E-4,2.5264977E-5,0E0,1.1262273E-6,0E0,0E0,0E0,0E0],"parents":[2147483647,0,0,1,1,2,2,3,3,4,4,9,9,10,10,12,12],"right_children":[2,4,6,8,10,-1,-1,-1,-1,12,14,-1,16,-1,-1,-1,-1],"split_conditions":[9.085867E-1,1.9982417E-1,1E0,9.842111E-2,7.0004344E-1,4.035187E-3,1.6204452E-2,-1.3058138E-2,-3.3493042E-3,3.0179837E-1,8.030273E-1,-1.7492295E-3,4.0307307E-1,4.3697358E-4,1.849556E-3,-4.655838E-4,-1.1434555E-4],"split_indices":[0,0,0,0,0,0,0,0,0,0,0,0,0,0,0,0,0],"split_type":[0,0,0,0,0,0,0,0,0,0,0,0,0,0,0,0,0],"sum_hessian":[9E0,7E0,2E0,2E0,5E0,1E0,1E0,1E0,1E0,3E0,2E0,1E0,2E0,1E0,1E0,1E0,1E0],"tree_param":{"num_deleted":"0","num_feature":"2","num_nodes":"17","size_leaf_vector":"1"}},{"base_weights":[7.1997643E-3,-3.9069295E-2,1.28184E-1,-1.0391394E-1,-1.3542175E-4,3.8333894E-3,1.5394211E-2,-1.2405253E-2,-3.1818391E-3,-1.1063576E-2,1.4480591E-2,-1.6617775E-3,-3.6729176E-3,4.1503907E-4,1.7570496E-3,-4.4231417E-4,-1.08623506E-4],"categories":[],"categories_nodes":[],"categories_segments":[],"categories_sizes":[],"default_left":[0,0,0,0,0,0,0,0,0,0,0,0,0,0,0,0,0],"id":90,"left_children":[1,3,5,7,9,-1,-1,-1,-1,11,13,-1,15,-1,-1,-1,-1],"loss_changes":[6.0986325E-2,2.0183157E-2,1.0419078E-3,4.085526E-4,1.1185633E-3,0E0,0E0,0E0,0E0,1.0316103E-4,2.2833585E-5,0E0,1.0172007E-6,0E0,0E0,0E0,0E0],"parents":[2147483647,0,0,1,1,2,2,3,3,4,4,9,9,10,10,12,12],"right_children":[2,4,6,8,10,-1,-1,-1,-1,12,14,-1,16,-1,-1,-1,-1],"split_conditions":[9.085867E-1,1.9982417E-1,1E0,9.842111E-2,7.0004344E-1,3.8333894E-3,1.5394211E-2,-1.2405253E-2,-3.1818391E-3,3.0179837E-1,8.030273E-1,-1.6617775E-3,4.0307307E-1,4.1503907E-4,1.7570496E-3,-4.4231417E-4,-1.08623506E-4],"split_indices":[0,0,0,0,0,0,0,0,0,0,0,0,0,0,0,0,0],"split_type":[0,0,0,0,0,0,0,0,0,0,0,0,0,0,0,0,0],"sum_hessian":[9E0,7E0,2E0,2E0,5E0,1E0,1E0,1E0,1E0,3E0,2E0,1E0,2E0,1E0,1E0,1E0,1E0],"tree_param":{"num_deleted":"0","num_feature":"2","num_nodes":"17","size_leaf_vector":"1"}},{"base_weights":[6.8396567E-3,-3.711617E-2,1.2177531E-1,-9.871832E-2,-1.2906392E-4,3.6418915E-3,1.4624405E-2,-1.1784983E-2,-3.0227662E-3,-1.0510445E-2,1.3755798E-2,-1.5787125E-3,-3.4891765E-4,3.9424896E-4,1.6691209E-3],"categories":[],"categories_nodes":[],"categories_segments":[],"categories_sizes":[],"default_left":[0,0,0,0,0,0,0,0,0,0,0,0,0,0,0],"id":91,"left_children":[1,3,5,7,9,-1,-1,-1,-1,11,13,-1,-1,-1,-1],"loss_changes":[5.504075E-2,1.8215144E-2,9.396374E-4,3.6866218E-4,1.0094438E-3,0E0,0E0,0E0,0E0,9.3111856E-5,2.0613312E-5,0E0,0E0,0E0,0E0],"parents":[2147483647,0,0,1,1,2,2,3,3,4,4,9,9,10,10],"right_children":[2,4,6,8,10,-1,-1,-1,-1,12,14,-1,-1,-1,-1],"split_conditions":[9.085867E-1,1.9982417E-1,1E0,9.842111E-2,7.0004344E-1,3.6418915E-3,1.4624405E-2,-1.1784983E-2,-3.0227662E-3,3.0179837E-1,8.030273E-1,-1.5787125E-3,-3.4891765E-4,3.9424896E-4,1.6691209E-3],"split_indices":[0,0,0,0,0,0,0,0,0,0,0,0,0,0,0],"split_type":[0,0,0,0,0,0,0,0,0,0,0,0,0,0,0],"sum_hessian":[9E0,7E0,2E0,2E0,5E0,1E0,1E0,1E0,1E0,3E0,2E0,1E0,2E0,1E0,1E0],"tree_param":{"num_deleted":"0","num_feature":"2","num_nodes":"15","size_leaf_vector":"1"}},{"base_weights":[6.515312E-3,-3.5238504E-2,1.1568705E-1,-9.3782425E-2,-9.346008E-5,3.4599304E-3,1.3893127E-2,-1.1195756E-2,-2.8716088E-3,-9.941101E-3,1.3067882E-2,-1.2683233E-3,-8.573532E-5,3.746033E-4,1.5855789E-3],"categories":[],"categories_nodes":[],"categories_segments":[],"categories_sizes":[],"default_left":[0,0,0,0,0,0,0,0,0,0,0,0,0,0,0],"id":92,"left_children":[1,3,5,7,9,-1,-1,-1,-1,11,13,-1,-1,-1,-1],"loss_changes":[4.966001E-2,1.6451463E-2,8.4753707E-4,3.327839E-4,9.0755813E-4,0E0,0E0,0E0,0E0,8.876133E-5,1.8569059E-5,0E0,0E0,0E0,0E0],"parents":[2147483647,0,0,1,1,2,2,3,3,4,4,9,9,10,10],"right_children":[2,4,6,8,10,-1,-1,-1,-1,12,14,-1,-1,-1,-1],"split_conditions":[9.085867E-1,1.9982417E-1,1E0,9.842111E-2,7.0004344E-1,3.4599304E-3,1.3893127E-2,-1.1195756E-2,-2.8716088E-3,4.0307307E-1,8.030273E-1,-1.2683233E-3,-8.573532E-5,3.746033E-4,1.5855789E-3],"split_indices":[0,0,0,0,0,0,0,0,0,0,0,0,0,0,0],"split_type":[0,0,0,0,0,0,0,0,0,0,0,0,0,0,0],"sum_hessian":[9E0,7E0,2E0,2E0,5E0,1E0,1E0,1E0,1E0,3E0,2E0,2E0,1E0,1E0,1E0],"tree_param":{"num_deleted":"0","num_feature":"2","num_nodes":"15","size_leaf_vector":"1"}},{"base_weights":[6.2534334E-3,-3.3397198E-2,1.0990397E-1,-8.909289E-2,1.6848246E-5,3.2871247E-3,1.3198472E-2,-1.0635949E-2,-2.7279854E-3,-9.28545E-3,1.2414296E-2,-1.4363289E-3,-2.805074E-4,3.5591127E-4,1.5062332E-3],"categories":[],"categories_nodes":[],"categories_segments":[],"categories_sizes":[],"default_left":[0,0,0,0,0,0,0,0,0,0,0,0,0,0,0],"id":93,"left_children":[1,3,5,7,9,-1,-1,-1,-1,11,13,-1,-1,-1,-1],"loss_changes":[4.4768576E-2,1.4889648E-2,7.643178E-4,3.0042976E-4,8.072209E-4,0E0,0E0,0E0,0E0,9.1335154E-5,1.6737991E-5,0E0,0E0,0E0,0E0],"parents":[2147483647,0,0,1,1,2,2,3,3,4,4,9,9,10,10],"right_children":[2,4,6,8,10,-1,-1,-1,-1,12,14,-1,-1,-1,-1],"split_conditions":[9.085867E-1,1.9982417E-1,1E0,9.842111E-2,7.0004344E-1,3.2871247E-3,1.3198472E-2,-1.0635949E-2,-2.7279854E-3,3.0179837E-1,8.030273E-1,-1.4363289E-3,-2.805074E-4,3.5591127E-4,1.5062332E-3],"split_indices":[0,0,0,0,0,0,0,0,0,0,0,0,0,0,0],"split_type":[0,0,0,0,0,0,0,0,0,0,0,0,0,0,0],"sum_hessian":[9E0,7E0,2E0,2E0,5E0,1E0,1E0,1E0,1E0,3E0,2E0,1E0,2E0,1E0,1E0],"tree_param":{"num_deleted":"0","num_feature":"2","num_nodes":"15","size_leaf_vector":"1"}},{"base_weights":[5.954647E-3,-3.170979E-2,1.04408264E-1,-8.4638275E-2,3.9418537E-5,3.1227113E-3,1.2538529E-2,-1.0104132E-2,-2.59161E-3,-8.7862015E-3,1.1793773E-2,-1.3645173E-3,-2.6181538E-3,3.3817292E-4,1.430893E-3,-3.2529832E-4,-6.742478E-5],"categories":[],"categories_nodes":[],"categories_segments":[],"categories_sizes":[],"default_left":[0,0,0,0,0,0,0,0,0,0,0,0,0,0,0,0,0],"id":94,"left_children":[1,3,5,7,9,-1,-1,-1,-1,11,13,-1,15,-1,-1,-1,-1],"loss_changes":[4.0392768E-2,1.3446838E-2,6.899461E-4,2.710689E-4,7.260592E-4,0E0,0E0,0E0,0E0,8.415629E-5,1.5083904E-5,0E0,1.5088281E-6,0E0,0E0,0E0,0E0],"parents":[2147483647,0,0,1,1,2,2,3,3,4,4,9,9,10,10,12,12],"right_children":[2,4,6,8,10,-1,-1,-1,-1,12,14,-1,16,-1,-1,-1,-1],"split_conditions":[9.085867E-1,1.9982417E-1,1E0,9.842111E-2,7.0004344E-1,3.1227113E-3,1.2538529E-2,-1.0104132E-2,-2.59161E-3,3.0179837E-1,8.030273E-1,-1.3645173E-3,4.0307307E-1,3.3817292E-4,1.430893E-3,-3.2529832E-4,-6.742478E-5],"split_indices":[0,0,0,0,0,0,0,0,0,0,0,0,0,0,0,0,0],"split_type":[0,0,0,0,0,0,0,0,0,0,0,0,0,0,0,0,0],"sum_hessian":[9E0,7E0,2E0,2E0,5E0,1E0,1E0,1E0,1E0,3E0,2E0,1E0,2E0,1E0,1E0,1E0,1E0],"tree_param":{"num_deleted":"0","num_feature":"2","num_nodes":"17","size_leaf_vector":"1"}},{"base_weights":[5.657387E-3,-3.0124426E-2,9.918976E-2,-8.040619E-2,3.71933E-5,2.96669E-3,1.1911774E-2,-9.598923E-3,-2.4620057E-3,-8.347034E-3,1.1203766E-2,-1.2963295E-3,-2.4871826E-3,3.2119753E-4,1.3593674E-3,-3.0899048E-4,-6.408692E-5],"categories":[],"categories_nodes":[],"categories_segments":[],"categories_sizes":[],"default_left":[0,0,0,0,0,0,0,0,0,0,0,0,0,0,0,0,0],"id":95,"left_children":[1,3,5,7,9,-1,-1,-1,-1,11,13,-1,15,-1,-1,-1,-1],"loss_changes":[3.6455613E-2,1.2135625E-2,6.22496E-4,2.4469383E-4,6.5525674E-4,0E0,0E0,0E0,0E0,7.596033E-5,1.3636396E-5,0E0,1.3582176E-6,0E0,0E0,0E0,0E0],"parents":[2147483647,0,0,1,1,2,2,3,3,4,4,9,9,10,10,12,12],"right_children":[2,4,6,8,10,-1,-1,-1,-1,12,14,-1,16,-1,-1,-1,-1],"split_conditions":[9.085867E-1,1.9982417E-1,1E0,9.842111E-2,7.0004344E-1,2.96669E-3,1.1911774E-2,-9.598923E-3,-2.4620057E-3,3.0179837E-1,8.030273E-1,-1.2963295E-3,4.0307307E-1,3.2119753E-4,1.3593674E-3,-3.0899048E-4,-6.408692E-5],"split_indices":[0,0,0,0,0,0,0,0,0,0,0,0,0,0,0,0,0],"split_type":[0,0,0,0,0,0,0,0,0,0,0,0,0,0,0,0,0],"sum_hessian":[9E0,7E0,2E0,2E0,5E0,1E0,1E0,1E0,1E0,3E0,2E0,1E0,2E0,1E0,1E0,1E0,1E0],"tree_param":{"num_deleted":"0","num_feature":"2","num_nodes":"17","size_leaf_vector":"1"}},{"base_weights":[5.375004E-3,-2.861774E-2,9.423065E-2,-7.638582E-2,3.5921734E-5,2.8182983E-3,1.1316299E-2,-9.118986E-3,-2.3388863E-3,-7.929325E-3,1.0644277E-2,-1.2314797E-3,-2.362569E-3,3.0517578E-4,1.2914658E-3,-2.9354097E-4,-6.084442E-5],"categories":[],"categories_nodes":[],"categories_segments":[],"categories_sizes":[],"default_left":[0,0,0,0,0,0,0,0,0,0,0,0,0,0,0,0,0],"id":96,"left_children":[1,3,5,7,9,-1,-1,-1,-1,11,13,-1,15,-1,-1,-1,-1],"loss_changes":[3.290114E-2,1.0952586E-2,5.6204014E-4,2.2088178E-4,5.9139094E-4,0E0,0E0,0E0,0E0,6.855684E-5,1.2301316E-5,0E0,1.2284672E-6,0E0,0E0,0E0,0E0],"parents":[2147483647,0,0,1,1,2,2,3,3,4,4,9,9,10,10,12,12],"right_children":[2,4,6,8,10,-1,-1,-1,-1,12,14,-1,16,-1,-1,-1,-1],"split_conditions":[9.085867E-1,1.9982417E-1,1E0,9.842111E-2,7.0004344E-1,2.8182983E-3,1.1316299E-2,-9.118986E-3,-2.3388863E-3,3.0179837E-1,8.030273E-1,-1.2314797E-3,4.0307307E-1,3.0517578E-4,1.2914658E-3,-2.9354097E-4,-6.084442E-5],"split_indices":[0,0,0,0,0,0,0,0,0,0,0,0,0,0,0,0,0],"split_type":[0,0,0,0,0,0,0,0,0,0,0,0,0,0,0,0,0],"sum_hessian":[9E0,7E0,2E0,2E0,5E0,1E0,1E0,1E0,1E0,3E0,2E0,1E0,2E0,1E0,1E0,1E0,1E0],"tree_param":{"num_deleted":"0","num_feature":"2","num_nodes":"17","size_leaf_vector":"1"}},{"base_weights":[5.10664E-3,-2.718699E-2,8.9520775E-2,-7.2566666E-2,3.4014385E-5,2.677536E-3,1.075058E-2,-8.663035E-3,-2.221966E-3,-7.5325966E-3,1.0111491E-2,-1.1698724E-3,-2.2443135E-3,2.89917E-4,1.2268067E-3,-2.7885436E-4,-5.7792666E-5],"categories":[],"categories_nodes":[],"categories_segments":[],"categories_sizes":[],"default_left":[0,0,0,0,0,0,0,0,0,0,0,0,0,0,0,0,0],"id":97,"left_children":[1,3,5,7,9,-1,-1,-1,-1,11,13,-1,15,-1,-1,-1,-1],"loss_changes":[2.9694188E-2,9.884712E-3,5.069282E-4,1.9929558E-4,5.336799E-4,0E0,0E0,0E0,0E0,6.187102E-5,1.1094526E-5,0E0,1.1091206E-6,0E0,0E0,0E0,0E0],"parents":[2147483647,0,0,1,1,2,2,3,3,4,4,9,9,10,10,12,12],"right_children":[2,4,6,8,10,-1,-1,-1,-1,12,14,-1,16,-1,-1,-1,-1],"split_conditions":[9.085867E-1,1.9982417E-1,1E0,9.842111E-2,7.0004344E-1,2.677536E-3,1.075058E-2,-8.663035E-3,-2.221966E-3,3.0179837E-1,8.030273E-1,-1.1698724E-3,4.0307307E-1,2.89917E-4,1.2268067E-3,-2.7885436E-4,-5.7792666E-5],"split_indices":[0,0,0,0,0,0,0,0,0,0,0,0,0,0,0,0,0],"split_type":[0,0,0,0,0,0,0,0,0,0,0,0,0,0,0,0,0],"sum_hessian":[9E0,7E0,2E0,2E0,5E0,1E0,1E0,1E0,1E0,3E0,2E0,1E0,2E0,1E0,1E0,1E0,1E0],"tree_param":{"num_deleted":"0","num_feature":"2","num_nodes":"17","size_leaf_vector":"1"}},{"base_weights":[4.8510553E-3,-2.5828004E-2,8.504486E-2,-6.8938255E-2,3.1789143E-5,2.54364E-3,1.0213089E-2,-8.229876E-3,-2.1108629E-3,-7.156372E-3,9.605408E-3,-1.1114121E-3,-2.1324158E-4,2.7542116E-4,1.16539E-3],"categories":[],"categories_nodes":[],"categories_segments":[],"categories_sizes":[],"default_left":[0,0,0,0,0,0,0,0,0,0,0,0,0,0,0],"id":98,"left_children":[1,3,5,7,9,-1,-1,-1,-1,11,13,-1,-1,-1,-1],"loss_changes":[2.6799247E-2,8.92077E-3,4.5757182E-4,1.7986912E-4,4.8164016E-4,0E0,0E0,0E0,0E0,5.58343E-5,1.0006566E-5,0E0,0E0,0E0,0E0],"parents":[2147483647,0,0,1,1,2,2,3,3,4,4,9,9,10,10],"right_children":[2,4,6,8,10,-1,-1,-1,-1,12,14,-1,-1,-1,-1],"split_conditions":[9.085867E-1,1.9982417E-1,1E0,9.842111E-2,7.0004344E-1,2.54364E-3,1.0213089E-2,-8.229876E-3,-2.1108629E-3,3.0179837E-1,8.030273E-1,-1.1114121E-3,-2.1324158E-4,2.7542116E-4,1.16539E-3],"split_indices":[0,0,0,0,0,0,0,0,0,0,0,0,0,0,0],"split_type":[0,0,0,0,0,0,0,0,0,0,0,0,0,0,0],"sum_hessian":[9E0,7E0,2E0,2E0,5E0,1E0,1E0,1E0,1E0,3E0,2E0,1E0,2E0,1E0,1E0],"tree_param":{"num_deleted":"0","num_feature":"2","num_nodes":"15","size_leaf_vector":"1"}},{"base_weights":[4.6193125E-3,-2.4523139E-2,8.079275E-2,-6.549104E-2,4.8001606E-5,2.4166107E-3,9.702302E-3,-7.8183655E-3,-2.005291E-3,-6.7715645E-3,9.124756E-3,-1.0558128E-3,-1.9900005E-3,2.6168823E-4,1.1070252E-3,-2.5424958E-4,-4.425049E-5],"categories":[],"categories_nodes":[],"categories_segments":[],"categories_sizes":[],"default_left":[0,0,0,0,0,0,0,0,0,0,0,0,0,0,0,0,0],"id":99,"left_children":[1,3,5,7,9,-1,-1,-1,-1,11,13,-1,15,-1,-1,-1,-1],"loss_changes":[2.4180098E-2,8.056169E-3,4.1252747E-4,1.6237423E-4,4.3318604E-4,0E0,0E0,0E0,0E0,5.1412106E-5,9.013573E-6,0E0,1.4398856E-6,0E0,0E0,0E0,0E0],"parents":[2147483647,0,0,1,1,2,2,3,3,4,4,9,9,10,10,12,12],"right_children":[2,4,6,8,10,-1,-1,-1,-1,12,14,-1,16,-1,-1,-1,-1],"split_conditions":[9.085867E-1,1.9982417E-1,1E0,9.842111E-2,7.0004344E-1,2.4166107E-3,9.702302E-3,-7.8183655E-3,-2.005291E-3,3.0179837E-1,8.030273E-1,-1.0558128E-3,4.0307307E-1,2.6168823E-4,1.1070252E-3,-2.5424958E-4,-4.425049E-5],"split_indices":[0,0,0,0,0,0,0,0,0,0,0,0,0,0,0,0,0],"split_type":[0,0,0,0,0,0,0,0,0,0,0,0,0,0,0,0,0],"sum_hessian":[9E0,7E0,2E0,2E0,5E0,1E0,1E0,1E0,1E0,3E0,2E0,1E0,2E0,1E0,1E0,1E0,1E0],"tree_param":{"num_deleted":"0","num_feature":"2","num_nodes":"17","size_leaf_vector":"1"}}]},"name":"gbtree"},"learner_model_param":{"base_score":"3.9433334E1","boost_from_average":"1","num_class":"0","num_feature":"2","num_target":"1"},"objective":{"name":"reg:squarederror","reg_loss_param":{"scale_pos_weight":"1"}}},"version":[2,0,1]}