{"package": {"All_Weights": {"Categorical_Variables": {}, "Numerical_Variables": {"bpf_cpu_time_ms": {"scale": 66594.33333333334}, "bpf_page_cache_hit": {"scale": 1.0}, "cache_miss": {"scale": 15910928.999999998}, "cgroupfs_cpu_usage_us": {"scale": 1.0}, "cgroupfs_memory_usage_bytes": {"scale": 1.0}, "cgroupfs_system_cpu_usage_us": {"scale": 1.0}, "cgroupfs_user_cpu_usage_us": {"scale": 1.0}, "cpu_cycles": {"scale": 97698336411.0}, "cpu_instructions": {"scale": 113818923081.66667}}, "CurveFit_Weights": [1266075.1698780765, 0.0001538512078574915, -1266017.5625324869]}}, "core": {"All_Weights": {"Categorical_Variables": {}, "Numerical_Variables": {"bpf_cpu_time_ms": {"scale": 66594.33333333334}, "bpf_page_cache_hit": {"scale": 1.0}, "cache_miss": {"scale": 15910928.999999998}, "cgroupfs_cpu_usage_us": {"scale": 1.0}, "cgroupfs_memory_usage_bytes": {"scale": 1.0}, "cgroupfs_system_cpu_usage_us": {"scale": 1.0}, "cgroupfs_user_cpu_usage_us": {"scale": 1.0}, "cpu_cycles": {"scale": 97698336411.0}, "cpu_instructions": {"scale": 113818923081.66667}}, "CurveFit_Weights": [0.0, 1.0, 0.0]}}, "uncore": {"All_Weights": {"Categorical_Variables": {}, "Numerical_Variables": {"bpf_cpu_time_ms": {"scale": 66594.33333333334}, "bpf_page_cache_hit": {"scale": 1.0}, "cache_miss": {"scale": 15910928.999999998}, "cgroupfs_cpu_usage_us": {"scale": 1.0}, "cgroupfs_memory_usage_bytes": {"scale": 1.0}, "cgroupfs_system_cpu_usage_us": {"scale": 1.0}, "cgroupfs_user_cpu_usage_us": {"scale": 1.0}, "cpu_cycles": {"scale": 97698336411.0}, "cpu_instructions": {"scale": 113818923081.66667}}, "CurveFit_Weights": [0.0, 1.0, 0.0]}}, "dram": {"All_Weights": {"Categorical_Variables": {}, "Numerical_Variables": {"bpf_cpu_time_ms": {"scale": 66594.33333333334}, "bpf_page_cache_hit": {"scale": 1.0}, "cache_miss": {"scale": 15910928.999999998}, "cgroupfs_cpu_usage_us": {"scale": 1.0}, "cgroupfs_memory_usage_bytes": {"scale": 1.0}, "cgroupfs_system_cpu_usage_us": {"scale": 1.0}, "cgroupfs_user_cpu_usage_us": {"scale": 1.0}, "cpu_cycles": {"scale": 97698336411.0}, "cpu_instructions": {"scale": 113818923081.66667}}, "CurveFit_Weights": [33372.56613419137, 0.0001851327683835979, -33351.25544291341]}}}