{"package": {"All_Weights": {"Categorical_Variables": {}, "Numerical_Variables": {"bpf_cpu_time_ms": {"scale": 45613.333333333336}, "bpf_page_cache_hit": {"scale": 1.0}, "cache_miss": {"scale": 20821826.333333332}, "cgroupfs_cpu_usage_us": {"scale": 1.0}, "cgroupfs_memory_usage_bytes": {"scale": 1.0}, "cgroupfs_system_cpu_usage_us": {"scale": 1.0}, "cgroupfs_user_cpu_usage_us": {"scale": 1.0}, "cpu_cycles": {"scale": 105583339653.66667}, "cpu_instructions": {"scale": 129043546838.66666}}, "CurveFit_Weights": [2182877.5088926787, 0.00016470729217051371, -2182699.1033506105]}}, "core": {"All_Weights": {"Categorical_Variables": {}, "Numerical_Variables": {"bpf_cpu_time_ms": {"scale": 45613.333333333336}, "bpf_page_cache_hit": {"scale": 1.0}, "cache_miss": {"scale": 20821826.333333332}, "cgroupfs_cpu_usage_us": {"scale": 1.0}, "cgroupfs_memory_usage_bytes": {"scale": 1.0}, "cgroupfs_system_cpu_usage_us": {"scale": 1.0}, "cgroupfs_user_cpu_usage_us": {"scale": 1.0}, "cpu_cycles": {"scale": 105583339653.66667}, "cpu_instructions": {"scale": 129043546838.66666}}, "CurveFit_Weights": [0.0, 1.0, 0.0]}}, "uncore": {"All_Weights": {"Categorical_Variables": {}, "Numerical_Variables": {"bpf_cpu_time_ms": {"scale": 45613.333333333336}, "bpf_page_cache_hit": {"scale": 1.0}, "cache_miss": {"scale": 20821826.333333332}, "cgroupfs_cpu_usage_us": {"scale": 1.0}, "cgroupfs_memory_usage_bytes": {"scale": 1.0}, "cgroupfs_system_cpu_usage_us": {"scale": 1.0}, "cgroupfs_user_cpu_usage_us": {"scale": 1.0}, "cpu_cycles": {"scale": 105583339653.66667}, "cpu_instructions": {"scale": 129043546838.66666}}, "CurveFit_Weights": [0.0, 1.0, 0.0]}}, "dram": {"All_Weights": {"Categorical_Variables": {}, "Numerical_Variables": {"bpf_cpu_time_ms": {"scale": 45613.333333333336}, "bpf_page_cache_hit": {"scale": 1.0}, "cache_miss": {"scale": 20821826.333333332}, "cgroupfs_cpu_usage_us": {"scale": 1.0}, "cgroupfs_memory_usage_bytes": {"scale": 1.0}, "cgroupfs_system_cpu_usage_us": {"scale": 1.0}, "cgroupfs_user_cpu_usage_us": {"scale": 1.0}, "cpu_cycles": {"scale": 105583339653.66667}, "cpu_instructions": {"scale": 129043546838.66666}}, "CurveFit_Weights": [6749.5317620963515, 0.0005995646363574391, -6732.60795716874]}}}