{"package": {"All_Weights": {"Categorical_Variables": {}, "Numerical_Variables": {"bpf_cpu_time_ms": {"scale": 91496.0}, "bpf_page_cache_hit": {"scale": 1.0}, "cache_miss": {"scale": 38154372.0}, "cgroupfs_cpu_usage_us": {"scale": 1.0}, "cgroupfs_memory_usage_bytes": {"scale": 1.0}, "cgroupfs_system_cpu_usage_us": {"scale": 1.0}, "cgroupfs_user_cpu_usage_us": {"scale": 1.0}, "cpu_cycles": {"scale": 174296413115.33334}, "cpu_instructions": {"scale": 204726937982.66666}}, "CurveFit_Weights": [3629567.397823484, 0.00011740045661055661, -3629416.940467115]}}, "core": {"All_Weights": {"Categorical_Variables": {}, "Numerical_Variables": {"bpf_cpu_time_ms": {"scale": 91496.0}, "bpf_page_cache_hit": {"scale": 1.0}, "cache_miss": {"scale": 38154372.0}, "cgroupfs_cpu_usage_us": {"scale": 1.0}, "cgroupfs_memory_usage_bytes": {"scale": 1.0}, "cgroupfs_system_cpu_usage_us": {"scale": 1.0}, "cgroupfs_user_cpu_usage_us": {"scale": 1.0}, "cpu_cycles": {"scale": 174296413115.33334}, "cpu_instructions": {"scale": 204726937982.66666}}, "CurveFit_Weights": [0.0, 1.0, 0.0]}}, "uncore": {"All_Weights": {"Categorical_Variables": {}, "Numerical_Variables": {"bpf_cpu_time_ms": {"scale": 91496.0}, "bpf_page_cache_hit": {"scale": 1.0}, "cache_miss": {"scale": 38154372.0}, "cgroupfs_cpu_usage_us": {"scale": 1.0}, "cgroupfs_memory_usage_bytes": {"scale": 1.0}, "cgroupfs_system_cpu_usage_us": {"scale": 1.0}, "cgroupfs_user_cpu_usage_us": {"scale": 1.0}, "cpu_cycles": {"scale": 174296413115.33334}, "cpu_instructions": {"scale": 204726937982.66666}}, "CurveFit_Weights": [0.0, 1.0, 0.0]}}, "dram": {"All_Weights": {"Categorical_Variables": {}, "Numerical_Variables": {"bpf_cpu_time_ms": {"scale": 91496.0}, "bpf_page_cache_hit": {"scale": 1.0}, "cache_miss": {"scale": 38154372.0}, "cgroupfs_cpu_usage_us": {"scale": 1.0}, "cgroupfs_memory_usage_bytes": {"scale": 1.0}, "cgroupfs_system_cpu_usage_us": {"scale": 1.0}, "cgroupfs_user_cpu_usage_us": {"scale": 1.0}, "cpu_cycles": {"scale": 174296413115.33334}, "cpu_instructions": {"scale": 204726937982.66666}}, "CurveFit_Weights": [19048.81982497859, 0.00023636455031432192, -19033.861047450904]}}}