{"package": {"All_Weights": {"Categorical_Variables": {}, "Numerical_Variables": {"bpf_cpu_time_ms": {"scale": 66538.33333333333}, "bpf_page_cache_hit": {"scale": 1.0}, "cache_miss": {"scale": 896014183.0}, "cgroupfs_cpu_usage_us": {"scale": 1.0}, "cgroupfs_memory_usage_bytes": {"scale": 1.0}, "cgroupfs_system_cpu_usage_us": {"scale": 1.0}, "cgroupfs_user_cpu_usage_us": {"scale": 1.0}, "cpu_cycles": {"scale": 98242894842.66667}, "cpu_instructions": {"scale": 131924440822.99998}}, "CurveFit_Weights": [1602587.6580660653, 0.00012781829220024087, -1602494.6216372512]}}, "core": {"All_Weights": {"Categorical_Variables": {}, "Numerical_Variables": {"bpf_cpu_time_ms": {"scale": 66538.33333333333}, "bpf_page_cache_hit": {"scale": 1.0}, "cache_miss": {"scale": 896014183.0}, "cgroupfs_cpu_usage_us": {"scale": 1.0}, "cgroupfs_memory_usage_bytes": {"scale": 1.0}, "cgroupfs_system_cpu_usage_us": {"scale": 1.0}, "cgroupfs_user_cpu_usage_us": {"scale": 1.0}, "cpu_cycles": {"scale": 98242894842.66667}, "cpu_instructions": {"scale": 131924440822.99998}}, "CurveFit_Weights": [0.0, 1.0, 0.0]}}, "uncore": {"All_Weights": {"Categorical_Variables": {}, "Numerical_Variables": {"bpf_cpu_time_ms": {"scale": 66538.33333333333}, "bpf_page_cache_hit": {"scale": 1.0}, "cache_miss": {"scale": 896014183.0}, "cgroupfs_cpu_usage_us": {"scale": 1.0}, "cgroupfs_memory_usage_bytes": {"scale": 1.0}, "cgroupfs_system_cpu_usage_us": {"scale": 1.0}, "cgroupfs_user_cpu_usage_us": {"scale": 1.0}, "cpu_cycles": {"scale": 98242894842.66667}, "cpu_instructions": {"scale": 131924440822.99998}}, "CurveFit_Weights": [0.0, 1.0, 0.0]}}, "dram": {"All_Weights": {"Categorical_Variables": {}, "Numerical_Variables": {"bpf_cpu_time_ms": {"scale": 66538.33333333333}, "bpf_page_cache_hit": {"scale": 1.0}, "cache_miss": {"scale": 896014183.0}, "cgroupfs_cpu_usage_us": {"scale": 1.0}, "cgroupfs_memory_usage_bytes": {"scale": 1.0}, "cgroupfs_system_cpu_usage_us": {"scale": 1.0}, "cgroupfs_user_cpu_usage_us": {"scale": 1.0}, "cpu_cycles": {"scale": 98242894842.66667}, "cpu_instructions": {"scale": 131924440822.99998}}, "CurveFit_Weights": [259011.89712552418, 0.00017831874905341072, -258986.42308548358]}}}