{"package": {"All_Weights": {"Categorical_Variables": {}, "Numerical_Variables": {"bpf_cpu_time_ms": {"scale": 91842.33333333333}, "bpf_page_cache_hit": {"scale": 1.0}, "cache_miss": {"scale": 42768344.0}, "cgroupfs_cpu_usage_us": {"scale": 1.0}, "cgroupfs_memory_usage_bytes": {"scale": 1.0}, "cgroupfs_system_cpu_usage_us": {"scale": 1.0}, "cgroupfs_user_cpu_usage_us": {"scale": 1.0}, "cpu_cycles": {"scale": 173138343756.0}, "cpu_instructions": {"scale": 203169697829.66666}}, "CurveFit_Weights": [177.3890907715209, 1.079833128339144, -177.0644776754186]}}, "core": {"All_Weights": {"Categorical_Variables": {}, "Numerical_Variables": {"bpf_cpu_time_ms": {"scale": 91842.33333333333}, "bpf_page_cache_hit": {"scale": 1.0}, "cache_miss": {"scale": 42768344.0}, "cgroupfs_cpu_usage_us": {"scale": 1.0}, "cgroupfs_memory_usage_bytes": {"scale": 1.0}, "cgroupfs_system_cpu_usage_us": {"scale": 1.0}, "cgroupfs_user_cpu_usage_us": {"scale": 1.0}, "cpu_cycles": {"scale": 173138343756.0}, "cpu_instructions": {"scale": 203169697829.66666}}, "CurveFit_Weights": [181.93829150555908, 1.0638223470850776, -181.86129759166957]}}, "uncore": {"All_Weights": {"Categorical_Variables": {}, "Numerical_Variables": {"bpf_cpu_time_ms": {"scale": 91842.33333333333}, "bpf_page_cache_hit": {"scale": 1.0}, "cache_miss": {"scale": 42768344.0}, "cgroupfs_cpu_usage_us": {"scale": 1.0}, "cgroupfs_memory_usage_bytes": {"scale": 1.0}, "cgroupfs_system_cpu_usage_us": {"scale": 1.0}, "cgroupfs_user_cpu_usage_us": {"scale": 1.0}, "cpu_cycles": {"scale": 173138343756.0}, "cpu_instructions": {"scale": 203169697829.66666}}, "CurveFit_Weights": [0.0, 1.0, 0.0]}}, "dram": {"All_Weights": {"Categorical_Variables": {}, "Numerical_Variables": {"bpf_cpu_time_ms": {"scale": 91842.33333333333}, "bpf_page_cache_hit": {"scale": 1.0}, "cache_miss": {"scale": 42768344.0}, "cgroupfs_cpu_usage_us": {"scale": 1.0}, "cgroupfs_memory_usage_bytes": {"scale": 1.0}, "cgroupfs_system_cpu_usage_us": {"scale": 1.0}, "cgroupfs_user_cpu_usage_us": {"scale": 1.0}, "cpu_cycles": {"scale": 173138343756.0}, "cpu_instructions": {"scale": 203169697829.66666}}, "CurveFit_Weights": [329097.2002142926, 0.0002086925689619147, -329093.3746889418]}}}