{"package": {"All_Weights": {"Categorical_Variables": {}, "Numerical_Variables": {"bpf_cpu_time_ms": {"scale": 91452.66666666667}, "bpf_page_cache_hit": {"scale": 1.0}, "cache_miss": {"scale": 38406299.33333333}, "cgroupfs_cpu_usage_us": {"scale": 1.0}, "cgroupfs_memory_usage_bytes": {"scale": 1.0}, "cgroupfs_system_cpu_usage_us": {"scale": 1.0}, "cgroupfs_user_cpu_usage_us": {"scale": 1.0}, "cpu_cycles": {"scale": 151869861847.0}, "cpu_instructions": {"scale": 182915009775.99997}}, "CurveFit_Weights": [84.71776947277274, 42.85043701995923, 64.99171376436406]}}, "core": {"All_Weights": {"Categorical_Variables": {}, "Numerical_Variables": {"bpf_cpu_time_ms": {"scale": 91452.66666666667}, "bpf_page_cache_hit": {"scale": 1.0}, "cache_miss": {"scale": 38406299.33333333}, "cgroupfs_cpu_usage_us": {"scale": 1.0}, "cgroupfs_memory_usage_bytes": {"scale": 1.0}, "cgroupfs_system_cpu_usage_us": {"scale": 1.0}, "cgroupfs_user_cpu_usage_us": {"scale": 1.0}, "cpu_cycles": {"scale": 151869861847.0}, "cpu_instructions": {"scale": 182915009775.99997}}, "CurveFit_Weights": [0.0, 1.0, 0.0]}}, "uncore": {"All_Weights": {"Categorical_Variables": {}, "Numerical_Variables": {"bpf_cpu_time_ms": {"scale": 91452.66666666667}, "bpf_page_cache_hit": {"scale": 1.0}, "cache_miss": {"scale": 38406299.33333333}, "cgroupfs_cpu_usage_us": {"scale": 1.0}, "cgroupfs_memory_usage_bytes": {"scale": 1.0}, "cgroupfs_system_cpu_usage_us": {"scale": 1.0}, "cgroupfs_user_cpu_usage_us": {"scale": 1.0}, "cpu_cycles": {"scale": 151869861847.0}, "cpu_instructions": {"scale": 182915009775.99997}}, "CurveFit_Weights": [0.0, 1.0, 0.0]}}, "dram": {"All_Weights": {"Categorical_Variables": {}, "Numerical_Variables": {"bpf_cpu_time_ms": {"scale": 91452.66666666667}, "bpf_page_cache_hit": {"scale": 1.0}, "cache_miss": {"scale": 38406299.33333333}, "cgroupfs_cpu_usage_us": {"scale": 1.0}, "cgroupfs_memory_usage_bytes": {"scale": 1.0}, "cgroupfs_system_cpu_usage_us": {"scale": 1.0}, "cgroupfs_user_cpu_usage_us": {"scale": 1.0}, "cpu_cycles": {"scale": 151869861847.0}, "cpu_instructions": {"scale": 182915009775.99997}}, "CurveFit_Weights": [1.7061080170530183, 3059289.424928175, 8.001748668483781]}}}