{"package": {"All_Weights": {"Categorical_Variables": {}, "Numerical_Variables": {"bpf_cpu_time_ms": {"scale": 45613.333333333336}, "bpf_page_cache_hit": {"scale": 1.0}, "cache_miss": {"scale": 20821826.333333332}, "cgroupfs_cpu_usage_us": {"scale": 1.0}, "cgroupfs_memory_usage_bytes": {"scale": 1.0}, "cgroupfs_system_cpu_usage_us": {"scale": 1.0}, "cgroupfs_user_cpu_usage_us": {"scale": 1.0}, "cpu_cycles": {"scale": 105583339653.66667}, "cpu_instructions": {"scale": 129043546838.66666}}, "CurveFit_Weights": [120.8586826406565, 34.85230798762997, 53.220050679534495]}}, "core": {"All_Weights": {"Categorical_Variables": {}, "Numerical_Variables": {"bpf_cpu_time_ms": {"scale": 45613.333333333336}, "bpf_page_cache_hit": {"scale": 1.0}, "cache_miss": {"scale": 20821826.333333332}, "cgroupfs_cpu_usage_us": {"scale": 1.0}, "cgroupfs_memory_usage_bytes": {"scale": 1.0}, "cgroupfs_system_cpu_usage_us": {"scale": 1.0}, "cgroupfs_user_cpu_usage_us": {"scale": 1.0}, "cpu_cycles": {"scale": 105583339653.66667}, "cpu_instructions": {"scale": 129043546838.66666}}, "CurveFit_Weights": [0.0, 1.0, 0.0]}}, "uncore": {"All_Weights": {"Categorical_Variables": {}, "Numerical_Variables": {"bpf_cpu_time_ms": {"scale": 45613.333333333336}, "bpf_page_cache_hit": {"scale": 1.0}, "cache_miss": {"scale": 20821826.333333332}, "cgroupfs_cpu_usage_us": {"scale": 1.0}, "cgroupfs_memory_usage_bytes": {"scale": 1.0}, "cgroupfs_system_cpu_usage_us": {"scale": 1.0}, "cgroupfs_user_cpu_usage_us": {"scale": 1.0}, "cpu_cycles": {"scale": 105583339653.66667}, "cpu_instructions": {"scale": 129043546838.66666}}, "CurveFit_Weights": [0.0, 1.0, 0.0]}}, "dram": {"All_Weights": {"Categorical_Variables": {}, "Numerical_Variables": {"bpf_cpu_time_ms": {"scale": 45613.333333333336}, "bpf_page_cache_hit": {"scale": 1.0}, "cache_miss": {"scale": 20821826.333333332}, "cgroupfs_cpu_usage_us": {"scale": 1.0}, "cgroupfs_memory_usage_bytes": {"scale": 1.0}, "cgroupfs_system_cpu_usage_us": {"scale": 1.0}, "cgroupfs_user_cpu_usage_us": {"scale": 1.0}, "cpu_cycles": {"scale": 105583339653.66667}, "cpu_instructions": {"scale": 129043546838.66666}}, "CurveFit_Weights": [5.731942271911956, 0.8460569921700527, 17.211106228191845]}}}