{"package": {"All_Weights": {"Categorical_Variables": {}, "Numerical_Variables": {"bpf_cpu_time_ms": {"scale": 91496.0}, "bpf_page_cache_hit": {"scale": 1.0}, "cache_miss": {"scale": 38154372.0}, "cgroupfs_cpu_usage_us": {"scale": 1.0}, "cgroupfs_memory_usage_bytes": {"scale": 1.0}, "cgroupfs_system_cpu_usage_us": {"scale": 1.0}, "cgroupfs_user_cpu_usage_us": {"scale": 1.0}, "cpu_cycles": {"scale": 174296413115.33334}, "cpu_instructions": {"scale": 204726937982.66666}}, "CurveFit_Weights": [99.17107130868023, 73.98649661506614, 61.54939872349881]}}, "core": {"All_Weights": {"Categorical_Variables": {}, "Numerical_Variables": {"bpf_cpu_time_ms": {"scale": 91496.0}, "bpf_page_cache_hit": {"scale": 1.0}, "cache_miss": {"scale": 38154372.0}, "cgroupfs_cpu_usage_us": {"scale": 1.0}, "cgroupfs_memory_usage_bytes": {"scale": 1.0}, "cgroupfs_system_cpu_usage_us": {"scale": 1.0}, "cgroupfs_user_cpu_usage_us": {"scale": 1.0}, "cpu_cycles": {"scale": 174296413115.33334}, "cpu_instructions": {"scale": 204726937982.66666}}, "CurveFit_Weights": [0.0, 1.0, 0.0]}}, "uncore": {"All_Weights": {"Categorical_Variables": {}, "Numerical_Variables": {"bpf_cpu_time_ms": {"scale": 91496.0}, "bpf_page_cache_hit": {"scale": 1.0}, "cache_miss": {"scale": 38154372.0}, "cgroupfs_cpu_usage_us": {"scale": 1.0}, "cgroupfs_memory_usage_bytes": {"scale": 1.0}, "cgroupfs_system_cpu_usage_us": {"scale": 1.0}, "cgroupfs_user_cpu_usage_us": {"scale": 1.0}, "cpu_cycles": {"scale": 174296413115.33334}, "cpu_instructions": {"scale": 204726937982.66666}}, "CurveFit_Weights": [0.0, 1.0, 0.0]}}, "dram": {"All_Weights": {"Categorical_Variables": {}, "Numerical_Variables": {"bpf_cpu_time_ms": {"scale": 91496.0}, "bpf_page_cache_hit": {"scale": 1.0}, "cache_miss": {"scale": 38154372.0}, "cgroupfs_cpu_usage_us": {"scale": 1.0}, "cgroupfs_memory_usage_bytes": {"scale": 1.0}, "cgroupfs_system_cpu_usage_us": {"scale": 1.0}, "cgroupfs_user_cpu_usage_us": {"scale": 1.0}, "cpu_cycles": {"scale": 174296413115.33334}, "cpu_instructions": {"scale": 204726937982.66666}}, "CurveFit_Weights": [1.0366350629210344, 3514492.323992786, 3.024388580535759]}}}