{"package": {"All_Weights": {"Bias_Weight": 80.03776411354004, "Categorical_Variables": {}, "Numerical_Variables": {"bpf_cpu_time_ms": {"scale": 91452.66666666667, "weight": -31.929838799817063}, "bpf_page_cache_hit": {"scale": 1.0, "weight": 0.0}, "cache_miss": {"scale": 38406299.33333333, "weight": -42.497896935904315}, "cgroupfs_cpu_usage_us": {"scale": 1.0, "weight": 0.0}, "cgroupfs_memory_usage_bytes": {"scale": 1.0, "weight": 0.0}, "cgroupfs_system_cpu_usage_us": {"scale": 1.0, "weight": 0.0}, "cgroupfs_user_cpu_usage_us": {"scale": 1.0, "weight": 0.0}, "cpu_cycles": {"scale": 151869861847.0, "weight": 330.12960866265956}, "cpu_instructions": {"scale": 182915009775.99997, "weight": 48.75223541083674}}}}, "core": {"All_Weights": {"Bias_Weight": 0.0, "Categorical_Variables": {}, "Numerical_Variables": {"bpf_cpu_time_ms": {"scale": 91452.66666666667, "weight": 0.0}, "bpf_page_cache_hit": {"scale": 1.0, "weight": 0.0}, "cache_miss": {"scale": 38406299.33333333, "weight": 0.0}, "cgroupfs_cpu_usage_us": {"scale": 1.0, "weight": 0.0}, "cgroupfs_memory_usage_bytes": {"scale": 1.0, "weight": 0.0}, "cgroupfs_system_cpu_usage_us": {"scale": 1.0, "weight": 0.0}, "cgroupfs_user_cpu_usage_us": {"scale": 1.0, "weight": 0.0}, "cpu_cycles": {"scale": 151869861847.0, "weight": 0.0}, "cpu_instructions": {"scale": 182915009775.99997, "weight": 0.0}}}}, "uncore": {"All_Weights": {"Bias_Weight": 0.0, "Categorical_Variables": {}, "Numerical_Variables": {"bpf_cpu_time_ms": {"scale": 91452.66666666667, "weight": 0.0}, "bpf_page_cache_hit": {"scale": 1.0, "weight": 0.0}, "cache_miss": {"scale": 38406299.33333333, "weight": 0.0}, "cgroupfs_cpu_usage_us": {"scale": 1.0, "weight": 0.0}, "cgroupfs_memory_usage_bytes": {"scale": 1.0, "weight": 0.0}, "cgroupfs_system_cpu_usage_us": {"scale": 1.0, "weight": 0.0}, "cgroupfs_user_cpu_usage_us": {"scale": 1.0, "weight": 0.0}, "cpu_cycles": {"scale": 151869861847.0, "weight": 0.0}, "cpu_instructions": {"scale": 182915009775.99997, "weight": 0.0}}}}, "dram": {"All_Weights": {"Bias_Weight": 23.990496972898935, "Categorical_Variables": {}, "Numerical_Variables": {"bpf_cpu_time_ms": {"scale": 91452.66666666667, "weight": -1.5196375608993522}, "bpf_page_cache_hit": {"scale": 1.0, "weight": 0.0}, "cache_miss": {"scale": 38406299.33333333, "weight": -1.6019471535070875}, "cgroupfs_cpu_usage_us": {"scale": 1.0, "weight": 0.0}, "cgroupfs_memory_usage_bytes": {"scale": 1.0, "weight": 0.0}, "cgroupfs_system_cpu_usage_us": {"scale": 1.0, "weight": 0.0}, "cgroupfs_user_cpu_usage_us": {"scale": 1.0, "weight": 0.0}, "cpu_cycles": {"scale": 151869861847.0, "weight": 10.88371682648303}, "cpu_instructions": {"scale": 182915009775.99997, "weight": 1.1972592746905681}}}}}