{"package": {"All_Weights": {"Bias_Weight": 75.34130867775002, "Categorical_Variables": {}, "Numerical_Variables": {"bpf_cpu_time_ms": {"scale": 45123.33333333333, "weight": 18.551625107236767}, "bpf_page_cache_hit": {"scale": 1.0, "weight": 0.0}, "cache_miss": {"scale": 19150439.333333336, "weight": -45.362869512878504}, "cgroupfs_cpu_usage_us": {"scale": 1.0, "weight": 0.0}, "cgroupfs_memory_usage_bytes": {"scale": 1.0, "weight": 0.0}, "cgroupfs_system_cpu_usage_us": {"scale": 1.0, "weight": 0.0}, "cgroupfs_user_cpu_usage_us": {"scale": 1.0, "weight": 0.0}, "cpu_cycles": {"scale": 106382758382.66667, "weight": 350.940616997238}, "cpu_instructions": {"scale": 129823412733.66667, "weight": 84.70678315326818}}}}, "core": {"All_Weights": {"Bias_Weight": 0.0, "Categorical_Variables": {}, "Numerical_Variables": {"bpf_cpu_time_ms": {"scale": 45123.33333333333, "weight": 0.0}, "bpf_page_cache_hit": {"scale": 1.0, "weight": 0.0}, "cache_miss": {"scale": 19150439.333333336, "weight": 0.0}, "cgroupfs_cpu_usage_us": {"scale": 1.0, "weight": 0.0}, "cgroupfs_memory_usage_bytes": {"scale": 1.0, "weight": 0.0}, "cgroupfs_system_cpu_usage_us": {"scale": 1.0, "weight": 0.0}, "cgroupfs_user_cpu_usage_us": {"scale": 1.0, "weight": 0.0}, "cpu_cycles": {"scale": 106382758382.66667, "weight": 0.0}, "cpu_instructions": {"scale": 129823412733.66667, "weight": 0.0}}}}, "uncore": {"All_Weights": {"Bias_Weight": 0.0, "Categorical_Variables": {}, "Numerical_Variables": {"bpf_cpu_time_ms": {"scale": 45123.33333333333, "weight": 0.0}, "bpf_page_cache_hit": {"scale": 1.0, "weight": 0.0}, "cache_miss": {"scale": 19150439.333333336, "weight": 0.0}, "cgroupfs_cpu_usage_us": {"scale": 1.0, "weight": 0.0}, "cgroupfs_memory_usage_bytes": {"scale": 1.0, "weight": 0.0}, "cgroupfs_system_cpu_usage_us": {"scale": 1.0, "weight": 0.0}, "cgroupfs_user_cpu_usage_us": {"scale": 1.0, "weight": 0.0}, "cpu_cycles": {"scale": 106382758382.66667, "weight": 0.0}, "cpu_instructions": {"scale": 129823412733.66667, "weight": 0.0}}}}, "dram": {"All_Weights": {"Bias_Weight": 14.251441266956341, "Categorical_Variables": {}, "Numerical_Variables": {"bpf_cpu_time_ms": {"scale": 45123.33333333333, "weight": -0.3263629278552684}, "bpf_page_cache_hit": {"scale": 1.0, "weight": 0.0}, "cache_miss": {"scale": 19150439.333333336, "weight": -0.5793307514116706}, "cgroupfs_cpu_usage_us": {"scale": 1.0, "weight": 0.0}, "cgroupfs_memory_usage_bytes": {"scale": 1.0, "weight": 0.0}, "cgroupfs_system_cpu_usage_us": {"scale": 1.0, "weight": 0.0}, "cgroupfs_user_cpu_usage_us": {"scale": 1.0, "weight": 0.0}, "cpu_cycles": {"scale": 106382758382.66667, "weight": 6.02773631719998}, "cpu_instructions": {"scale": 129823412733.66667, "weight": 0.8091136575734165}}}}}