{"model_name": "SGDRegressorTrainer_0", "trainer": "SGDRegressorTrainer", "model_class": "scikit", "model_file": "SGDRegressorTrainer_0.json", "features": ["bpf_block_irq", "bpf_net_rx_irq", "bpf_net_tx_irq", "cache_miss", "cpu_cycles", "cpu_instructions"], "fe_files": [], "output_type": "AbsPower", "mae": 12504479393260.93, "mape": -1, "node_type": 0, "machine_spec": {"processor": "11th_gen_intel_core", "cores": 8, "chips": 1, "memory": 31, "frequency": 4800}, "package_mae": 201008866365.38, "core_mae": 12504479393260.93, "uncore_mae": 2704379022221.24, "dram_mae": 0.0, "package_mape": 1120839924372.36, "core_mape": 80948575091253.97, "uncore_mape": 1.8938068606835516e+16, "dram_mape": -1}