{"learner":{"attributes":{"scikit_learn":"{\"_estimator_type\": \"regressor\"}"},"feature_names":[],"feature_types":[],"gradient_booster":{"model":{"gbtree_model_param":{"num_parallel_tree":"1","num_trees":"100"},"iteration_indptr":[0,1,2,3,4,5,6,7,8,9,10,11,12,13,14,15,16,17,18,19,20,21,22,23,24,25,26,27,28,29,30,31,32,33,34,35,36,37,38,39,40,41,42,43,44,45,46,47,48,49,50,51,52,53,54,55,56,57,58,59,60,61,62,63,64,65,66,67,68,69,70,71,72,73,74,75,76,77,78,79,80,81,82,83,84,85,86,87,88,89,90,91,92,93,94,95,96,97,98,99,100],"tree_info":[0,0,0,0,0,0,0,0,0,0,0,0,0,0,0,0,0,0,0,0,0,0,0,0,0,0,0,0,0,0,0,0,0,0,0,0,0,0,0,0,0,0,0,0,0,0,0,0,0,0,0,0,0,0,0,0,0,0,0,0,0,0,0,0,0,0,0,0,0,0,0,0,0,0,0,0,0,0,0,0,0,0,0,0,0,0,0,0,0,0,0,0,0,0,0,0,0,0,0,0],"trees":[{"base_weights":[1.5258789E-6,-1.4355555E1,1.1962964E1,-1.6333332E0,-3.2222214E-1,3.2777786E-1,1.3044447E0],"categories":[],"categories_nodes":[],"categories_segments":[],"categories_sizes":[],"default_left":[0,0,0,0,0,0,0],"id":0,"left_children":[1,3,5,-1,-1,-1,-1],"loss_changes":[1.8890847E3,5.7466675E1,1.3600342E1,0E0,0E0,0E0,0E0],"parents":[2147483647,0,0,1,1,2,2],"right_children":[2,4,6,-1,-1,-1,-1],"split_conditions":[4.9759835E-1,3.0307314E-1,6.062647E-1,-1.6333332E0,-3.2222214E-1,3.2777786E-1,1.3044447E0],"split_indices":[0,0,0,0,0,0,0],"split_type":[0,0,0,0,0,0,0],"sum_hessian":[9E0,4E0,5E0,3E0,1E0,1E0,4E0],"tree_param":{"num_deleted":"0","num_feature":"2","num_nodes":"7","size_leaf_vector":"1"}},{"base_weights":[-3.2331847E-2,-1.3311111E1,1.1038707E1,-1.5108334E0,-3.0611116E-1,3.1138918E-1,1.2000891E0],"categories":[],"categories_nodes":[],"categories_segments":[],"categories_sizes":[],"default_left":[0,0,0,0,0,0,0],"id":1,"left_children":[1,3,5,-1,-1,-1,-1],"loss_changes":[1.6170361E3,4.5859375E1,8.381348E0,0E0,0E0,0E0,0E0],"parents":[2147483647,0,0,1,1,2,2],"right_children":[2,4,6,-1,-1,-1,-1],"split_conditions":[4.9759835E-1,3.0307314E-1,6.062647E-1,-1.5108334E0,-3.0611116E-1,3.1138918E-1,1.2000891E0],"split_indices":[0,0,0,0,0,0,0],"split_type":[0,0,0,0,0,0,0],"sum_hessian":[9E0,4E0,5E0,3E0,1E0,1E0,4E0],"tree_param":{"num_deleted":"0","num_feature":"2","num_nodes":"7","size_leaf_vector":"1"}},{"base_weights":[-5.964508E-2,-1.23433895E1,1.0186749E1,-1.3975209E0,-2.9080582E-1,2.9581985E-1,1.104082E0],"categories":[],"categories_nodes":[],"categories_segments":[],"categories_sizes":[],"default_left":[0,0,0,0,0,0,0],"id":2,"left_children":[1,3,5,-1,-1,-1,-1],"loss_changes":[1.38438E3,3.6343018E1,4.3812866E0,0E0,0E0,0E0,0E0],"parents":[2147483647,0,0,1,1,2,2],"right_children":[2,4,6,-1,-1,-1,-1],"split_conditions":[4.9759835E-1,3.0307314E-1,6.062647E-1,-1.3975209E0,-2.9080582E-1,2.9581985E-1,1.104082E0],"split_indices":[0,0,0,0,0,0,0],"split_type":[0,0,0,0,0,0,0],"sum_hessian":[9E0,4E0,5E0,3E0,1E0,1E0,4E0],"tree_param":{"num_deleted":"0","num_feature":"2","num_nodes":"7","size_leaf_vector":"1"}},{"base_weights":[-8.2522586E-2,-1.1446716E1,9.401393E0,-1.2927067E0,-2.762657E-1,2.8102875E-1,1.0157557E0],"categories":[],"categories_nodes":[],"categories_segments":[],"categories_sizes":[],"default_left":[0,0,0,0,0,0,0],"id":3,"left_children":[1,3,5,-1,-1,-1,-1],"loss_changes":[1.1853855E3,2.8564148E1,1.3580933E0,0E0,0E0,0E0,0E0],"parents":[2147483647,0,0,1,1,2,2],"right_children":[2,4,6,-1,-1,-1,-1],"split_conditions":[4.9759835E-1,3.0307314E-1,6.062647E-1,-1.2927067E0,-2.762657E-1,2.8102875E-1,1.0157557E0],"split_indices":[0,0,0,0,0,0,0],"split_type":[0,0,0,0,0,0,0],"sum_hessian":[9E0,4E0,5E0,3E0,1E0,1E0,4E0],"tree_param":{"num_deleted":"0","num_feature":"2","num_nodes":"7","size_leaf_vector":"1"}},{"base_weights":[-1.0149231E-1,-1.0615839E1,8.677379E-1,-1.3406698E0,-4.286367E-1],"categories":[],"categories_nodes":[],"categories_segments":[],"categories_sizes":[],"default_left":[0,0,0,0,0],"id":4,"left_children":[1,3,-1,-1,-1],"loss_changes":[1.01515845E3,3.085736E1,0E0,0E0,0E0],"parents":[2147483647,0,0,1,1],"right_children":[2,4,-1,-1,-1],"split_conditions":[4.9759835E-1,2.0320873E-1,8.677379E-1,-1.3406698E0,-4.286367E-1],"split_indices":[0,0,0,0,0],"split_type":[0,0,0,0,0],"sum_hessian":[9E0,4E0,5E0,2E0,2E0],"tree_param":{"num_deleted":"0","num_feature":"2","num_nodes":"5","size_leaf_vector":"1"}},{"base_weights":[-1.8150024E-1,-9.908117E0,7.954264E0,-1.251292E0,-4.0006104E-1,2.2359009E-1,8.650757E-1],"categories":[],"categories_nodes":[],"categories_segments":[],"categories_sizes":[],"default_left":[0,0,0,0,0,0,0],"id":5,"left_children":[1,3,5,-1,-1,-1,-1],"loss_changes":[8.701464E2,2.6880188E1,4.5545654E0,0E0,0E0,0E0,0E0],"parents":[2147483647,0,0,1,1,2,2],"right_children":[2,4,6,-1,-1,-1,-1],"split_conditions":[4.9759835E-1,2.0320873E-1,6.062647E-1,-1.251292E0,-4.0006104E-1,2.2359009E-1,8.650757E-1],"split_indices":[0,0,0,0,0,0,0],"split_type":[0,0,0,0,0,0,0],"sum_hessian":[9E0,4E0,5E0,2E0,2E0,1E0,4E0],"tree_param":{"num_deleted":"0","num_feature":"2","num_nodes":"7","size_leaf_vector":"1"}},{"base_weights":[-2.1962127E-1,-9.247577E0,7.3402786E0,-1.1678722E0,-3.733907E-1,3.1488597E-1,8.6487734E-1],"categories":[],"categories_nodes":[],"categories_segments":[],"categories_sizes":[],"default_left":[0,0,0,0,0,0,0],"id":6,"left_children":[1,3,5,-1,-1,-1,-1],"loss_changes":[7.5038416E2,2.3415405E1,5.6729126E0,0E0,0E0,0E0,0E0],"parents":[2147483647,0,0,1,1,2,2],"right_children":[2,4,6,-1,-1,-1,-1],"split_conditions":[4.9759835E-1,2.0320873E-1,7.0273083E-1,-1.1678722E0,-3.733907E-1,3.1488597E-1,8.6487734E-1],"split_indices":[0,0,0,0,0,0,0],"split_type":[0,0,0,0,0,0,0],"sum_hessian":[9E0,4E0,5E0,2E0,2E0,2E0,3E0],"tree_param":{"num_deleted":"0","num_feature":"2","num_nodes":"7","size_leaf_vector":"1"}},{"base_weights":[-2.3380737E-1,-8.631067E0,6.802877E0,-1.0900136E0,-3.484975E-1,2.9389393E-1,8.000111E-1],"categories":[],"categories_nodes":[],"categories_segments":[],"categories_sizes":[],"default_left":[0,0,0,0,0,0,0],"id":7,"left_children":[1,3,5,-1,-1,-1,-1],"loss_changes":[6.4960474E2,2.0397491E1,4.244385E0,0E0,0E0,0E0,0E0],"parents":[2147483647,0,0,1,1,2,2],"right_children":[2,4,6,-1,-1,-1,-1],"split_conditions":[4.9759835E-1,2.0320873E-1,7.0273083E-1,-1.0900136E0,-3.484975E-1,2.9389393E-1,8.000111E-1],"split_indices":[0,0,0,0,0,0,0],"split_type":[0,0,0,0,0,0,0],"sum_hessian":[9E0,4E0,5E0,2E0,2E0,2E0,3E0],"tree_param":{"num_deleted":"0","num_feature":"2","num_nodes":"7","size_leaf_vector":"1"}},{"base_weights":[-2.4489136E-1,-8.055664E0,6.304901E0,-1.0173463E0,-3.2526448E-1,2.7430066E-1,7.400097E-1],"categories":[],"categories_nodes":[],"categories_segments":[],"categories_sizes":[],"default_left":[0,0,0,0,0,0,0],"id":8,"left_children":[1,3,5,-1,-1,-1,-1],"loss_changes":[5.623796E2,1.7768463E1,3.107315E0,0E0,0E0,0E0,0E0],"parents":[2147483647,0,0,1,1,2,2],"right_children":[2,4,6,-1,-1,-1,-1],"split_conditions":[4.9759835E-1,2.0320873E-1,7.0273083E-1,-1.0173463E0,-3.2526448E-1,2.7430066E-1,7.400097E-1],"split_indices":[0,0,0,0,0,0,0],"split_type":[0,0,0,0,0,0,0],"sum_hessian":[9E0,4E0,5E0,2E0,2E0,2E0,3E0],"tree_param":{"num_deleted":"0","num_feature":"2","num_nodes":"7","size_leaf_vector":"1"}},{"base_weights":[-2.5323027E-1,-7.5186157E0,5.8434625E0,-8.55497E-1,-1.6865997E-1,2.5601348E-1,6.845093E-1],"categories":[],"categories_nodes":[],"categories_segments":[],"categories_sizes":[],"default_left":[0,0,0,0,0,0,0],"id":9,"left_children":[1,3,5,-1,-1,-1,-1],"loss_changes":[4.8688297E2,1.5791382E1,2.2077026E0,0E0,0E0,0E0,0E0],"parents":[2147483647,0,0,1,1,2,2],"right_children":[2,4,6,-1,-1,-1,-1],"split_conditions":[4.9759835E-1,3.0307314E-1,7.0273083E-1,-8.55497E-1,-1.6865997E-1,2.5601348E-1,6.845093E-1],"split_indices":[0,0,0,0,0,0,0],"split_type":[0,0,0,0,0,0,0],"sum_hessian":[9E0,4E0,5E0,3E0,1E0,2E0,3E0],"tree_param":{"num_deleted":"0","num_feature":"2","num_nodes":"7","size_leaf_vector":"1"}},{"base_weights":[-2.3627014E-1,-6.9715853E0,5.4158707E0,-8.924896E-1,-2.6944122E-1,1.5545578E-1,5.877222E-1],"categories":[],"categories_nodes":[],"categories_segments":[],"categories_sizes":[],"default_left":[0,0,0,0,0,0,0],"id":10,"left_children":[1,3,5,-1,-1,-1,-1],"loss_changes":[4.184467E2,1.7725922E1,1.5520477E0,0E0,0E0,0E0,0E0],"parents":[2147483647,0,0,1,1,2,2],"right_children":[2,4,6,-1,-1,-1,-1],"split_conditions":[4.9759835E-1,2.0320873E-1,6.062647E-1,-8.924896E-1,-2.6944122E-1,1.5545578E-1,5.877222E-1],"split_indices":[0,0,0,0,0,0,0],"split_type":[0,0,0,0,0,0,0],"sum_hessian":[9E0,4E0,5E0,2E0,2E0,1E0,4E0],"tree_param":{"num_deleted":"0","num_feature":"2","num_nodes":"7","size_leaf_vector":"1"}},{"base_weights":[-2.5451964E-1,-6.5068145E0,4.998146E0,-8.329906E-1,-2.5147858E-1,2.1417339E-1,5.890919E-1],"categories":[],"categories_nodes":[],"categories_segments":[],"categories_sizes":[],"default_left":[0,0,0,0,0,0,0],"id":11,"left_children":[1,3,5,-1,-1,-1,-1],"loss_changes":[3.6093417E2,1.5441223E1,2.6839905E0,0E0,0E0,0E0,0E0],"parents":[2147483647,0,0,1,1,2,2],"right_children":[2,4,6,-1,-1,-1,-1],"split_conditions":[4.9759835E-1,2.0320873E-1,7.0273083E-1,-8.329906E-1,-2.5147858E-1,2.1417339E-1,5.890919E-1],"split_indices":[0,0,0,0,0,0,0],"split_type":[0,0,0,0,0,0,0],"sum_hessian":[9E0,4E0,5E0,2E0,2E0,2E0,3E0],"tree_param":{"num_deleted":"0","num_feature":"2","num_nodes":"7","size_leaf_vector":"1"}},{"base_weights":[-2.571884E-1,-6.0730257E0,4.6322074E0,-7.7745765E-1,-2.3471324E-1,2.4822465E-1,5.9547526E-1],"categories":[],"categories_nodes":[],"categories_segments":[],"categories_sizes":[],"default_left":[0,0,0,0,0,0,0],"id":12,"left_children":[1,3,5,-1,-1,-1,-1],"loss_changes":[3.1249078E2,1.3451035E1,2.279358E0,0E0,0E0,0E0,0E0],"parents":[2147483647,0,0,1,1,2,2],"right_children":[2,4,6,-1,-1,-1,-1],"split_conditions":[4.9759835E-1,2.0320873E-1,8.0915487E-1,-7.7745765E-1,-2.3471324E-1,2.4822465E-1,5.9547526E-1],"split_indices":[0,0,0,0,0,0,0],"split_type":[0,0,0,0,0,0,0],"sum_hessian":[9E0,4E0,5E0,2E0,2E0,3E0,2E0],"tree_param":{"num_deleted":"0","num_feature":"2","num_nodes":"7","size_leaf_vector":"1"}},{"base_weights":[-2.4832001E-1,-5.668161E0,4.309601E0,-7.2562766E-1,-2.1906586E-1,2.2960739E-1,5.55777E-1],"categories":[],"categories_nodes":[],"categories_segments":[],"categories_sizes":[],"default_left":[0,0,0,0,0,0,0],"id":13,"left_children":[1,3,5,-1,-1,-1,-1],"loss_changes":[2.7145956E2,1.1717361E1,2.318283E0,0E0,0E0,0E0,0E0],"parents":[2147483647,0,0,1,1,2,2],"right_children":[2,4,6,-1,-1,-1,-1],"split_conditions":[4.9759835E-1,2.0320873E-1,8.0915487E-1,-7.2562766E-1,-2.1906586E-1,2.2960739E-1,5.55777E-1],"split_indices":[0,0,0,0,0,0,0],"split_type":[0,0,0,0,0,0,0],"sum_hessian":[9E0,4E0,5E0,2E0,2E0,3E0,2E0],"tree_param":{"num_deleted":"0","num_feature":"2","num_nodes":"7","size_leaf_vector":"1"}},{"base_weights":[-2.3941803E-1,-5.2902803E0,4.0095367E0,-6.7725223E-1,-2.0446117E-1,1.6803895E-1,4.754013E-1],"categories":[],"categories_nodes":[],"categories_segments":[],"categories_sizes":[],"default_left":[0,0,0,0,0,0,0],"id":14,"left_children":[1,3,5,-1,-1,-1,-1],"loss_changes":[2.3582042E2,1.0207153E1,2.4153671E0,0E0,0E0,0E0,0E0],"parents":[2147483647,0,0,1,1,2,2],"right_children":[2,4,6,-1,-1,-1,-1],"split_conditions":[4.9759835E-1,2.0320873E-1,7.0273083E-1,-6.7725223E-1,-2.0446117E-1,1.6803895E-1,4.754013E-1],"split_indices":[0,0,0,0,0,0,0],"split_type":[0,0,0,0,0,0,0],"sum_hessian":[9E0,4E0,5E0,2E0,2E0,2E0,3E0],"tree_param":{"num_deleted":"0","num_feature":"2","num_nodes":"7","size_leaf_vector":"1"}},{"base_weights":[-2.3930511E-1,-4.9375944E0,3.7158203E0,-6.3210243E-1,-1.9082998E-1,1.92099E-1,4.870321E-1],"categories":[],"categories_nodes":[],"categories_segments":[],"categories_sizes":[],"default_left":[0,0,0,0,0,0,0],"id":15,"left_children":[1,3,5,-1,-1,-1,-1],"loss_changes":[2.0417047E2,8.89167E0,3.0769577E0,0E0,0E0,0E0,0E0],"parents":[2147483647,0,0,1,1,2,2],"right_children":[2,4,6,-1,-1,-1,-1],"split_conditions":[4.9759835E-1,2.0320873E-1,8.0915487E-1,-6.3210243E-1,-1.9082998E-1,1.92099E-1,4.870321E-1],"split_indices":[0,0,0,0,0,0,0],"split_type":[0,0,0,0,0,0,0],"sum_hessian":[9E0,4E0,5E0,2E0,2E0,3E0,2E0],"tree_param":{"num_deleted":"0","num_feature":"2","num_nodes":"7","size_leaf_vector":"1"}},{"base_weights":[-2.2975464E-1,-4.608426E0,3.4574306E0,-5.301895E-1,-9.172745E-2,1.7769204E-1,4.5456338E-1],"categories":[],"categories_nodes":[],"categories_segments":[],"categories_sizes":[],"default_left":[0,0,0,0,0,0,0],"id":16,"left_children":[1,3,5,-1,-1,-1,-1],"loss_changes":[1.7738303E2,7.9352036E0,2.895195E0,0E0,0E0,0E0,0E0],"parents":[2147483647,0,0,1,1,2,2],"right_children":[2,4,6,-1,-1,-1,-1],"split_conditions":[4.9759835E-1,3.0307314E-1,8.0915487E-1,-5.301895E-1,-9.172745E-2,1.7769204E-1,4.5456338E-1],"split_indices":[0,0,0,0,0,0,0],"split_type":[0,0,0,0,0,0,0],"sum_hessian":[9E0,4E0,5E0,3E0,1E0,3E0,2E0],"tree_param":{"num_deleted":"0","num_feature":"2","num_nodes":"7","size_leaf_vector":"1"}},{"base_weights":[-2.057434E-1,-4.2719665E0,3.2170665E0,-5.5461633E-1,-1.5737814E-1,1.643654E-1,4.2425942E-1],"categories":[],"categories_nodes":[],"categories_segments":[],"categories_sizes":[],"default_left":[0,0,0,0,0,0,0],"id":17,"left_children":[1,3,5,-1,-1,-1,-1],"loss_changes":[1.5292227E2,8.461639E0,2.7081184E0,0E0,0E0,0E0,0E0],"parents":[2147483647,0,0,1,1,2,2],"right_children":[2,4,6,-1,-1,-1,-1],"split_conditions":[4.9759835E-1,2.0320873E-1,8.0915487E-1,-5.5461633E-1,-1.5737814E-1,1.643654E-1,4.2425942E-1],"split_indices":[0,0,0,0,0,0,0],"split_type":[0,0,0,0,0,0,0],"sum_hessian":[9E0,4E0,5E0,2E0,2E0,3E0,2E0],"tree_param":{"num_deleted":"0","num_feature":"2","num_nodes":"7","size_leaf_vector":"1"}},{"base_weights":[-1.9750671E-1,-3.9871705E0,2.9934642E0,-5.176422E-1,-1.468862E-1,1.5203781E-1,3.9597577E-1],"categories":[],"categories_nodes":[],"categories_segments":[],"categories_sizes":[],"default_left":[0,0,0,0,0,0,0],"id":18,"left_children":[1,3,5,-1,-1,-1,-1],"loss_changes":[1.3286252E2,7.371063E0,2.5202675E0,0E0,0E0,0E0,0E0],"parents":[2147483647,0,0,1,1,2,2],"right_children":[2,4,6,-1,-1,-1,-1],"split_conditions":[4.9759835E-1,2.0320873E-1,8.0915487E-1,-5.176422E-1,-1.468862E-1,1.5203781E-1,3.9597577E-1],"split_indices":[0,0,0,0,0,0,0],"split_type":[0,0,0,0,0,0,0],"sum_hessian":[9E0,4E0,5E0,2E0,2E0,3E0,2E0],"tree_param":{"num_deleted":"0","num_feature":"2","num_nodes":"7","size_leaf_vector":"1"}},{"base_weights":[-1.894104E-1,-3.7213624E0,2.7854512E0,-4.8313293E-1,-1.3709413E-1,1.6338104E-1,4.2718276E-1],"categories":[],"categories_nodes":[],"categories_segments":[],"categories_sizes":[],"default_left":[0,0,0,0,0,0,0],"id":19,"left_children":[1,3,5,-1,-1,-1,-1],"loss_changes":[1.15436356E2,6.4209747E0,3.291275E0,0E0,0E0,0E0,0E0],"parents":[2147483647,0,0,1,1,2,2],"right_children":[2,4,6,-1,-1,-1,-1],"split_conditions":[4.9759835E-1,2.0320873E-1,1E0,-4.8313293E-1,-1.3709413E-1,1.6338104E-1,4.2718276E-1],"split_indices":[0,0,0,0,0,0,0],"split_type":[0,0,0,0,0,0,0],"sum_hessian":[9E0,4E0,5E0,2E0,2E0,4E0,1E0],"tree_param":{"num_deleted":"0","num_feature":"2","num_nodes":"7","size_leaf_vector":"1"}},{"base_weights":[-1.734314E-1,-3.4732666E0,2.6053364E0,-4.5092368E-1,-1.2795411E-1,1.5031098E-1,4.0582353E-1],"categories":[],"categories_nodes":[],"categories_segments":[],"categories_sizes":[],"default_left":[0,0,0,0,0,0,0],"id":20,"left_children":[1,3,5,-1,-1,-1,-1],"loss_changes":[1.0074379E2,5.593422E0,3.5085678E0,0E0,0E0,0E0,0E0],"parents":[2147483647,0,0,1,1,2,2],"right_children":[2,4,6,-1,-1,-1,-1],"split_conditions":[4.9759835E-1,2.0320873E-1,1E0,-4.5092368E-1,-1.2795411E-1,1.5031098E-1,4.0582353E-1],"split_indices":[0,0,0,0,0,0,0],"split_type":[0,0,0,0,0,0,0],"sum_hessian":[9E0,4E0,5E0,2E0,2E0,4E0,1E0],"tree_param":{"num_deleted":"0","num_feature":"2","num_nodes":"7","size_leaf_vector":"1"}},{"base_weights":[-1.5836182E-1,-3.2417114E0,2.4374897E0,-4.9064636E-1,-1.5989076E-1,1.3828583E-1,3.8553238E-1],"categories":[],"categories_nodes":[],"categories_segments":[],"categories_sizes":[],"default_left":[0,0,0,0,0,0,0],"id":21,"left_children":[1,3,5,-1,-1,-1,-1],"loss_changes":[8.794082E1,5.8293266E0,3.6403885E0,0E0,0E0,0E0,0E0],"parents":[2147483647,0,0,1,1,2,2],"right_children":[2,4,6,-1,-1,-1,-1],"split_conditions":[4.9759835E-1,9.863906E-2,1E0,-4.9064636E-1,-1.5989076E-1,1.3828583E-1,3.8553238E-1],"split_indices":[0,0,0,0,0,0,0],"split_type":[0,0,0,0,0,0,0],"sum_hessian":[9E0,4E0,5E0,1E0,3E0,4E0,1E0],"tree_param":{"num_deleted":"0","num_feature":"2","num_nodes":"7","size_leaf_vector":"1"}},{"base_weights":[-1.5519714E-1,-3.0476441E0,2.2810414E0,-4.6611404E-1,-1.4789848E-1,1.272226E-1,3.6625597E-1],"categories":[],"categories_nodes":[],"categories_segments":[],"categories_sizes":[],"default_left":[0,0,0,0,0,0,0],"id":22,"left_children":[1,3,5,-1,-1,-1,-1],"loss_changes":[7.741871E1,5.7613754E0,3.7025776E0,0E0,0E0,0E0,0E0],"parents":[2147483647,0,0,1,1,2,2],"right_children":[2,4,6,-1,-1,-1,-1],"split_conditions":[4.9759835E-1,9.863906E-2,1E0,-4.6611404E-1,-1.4789848E-1,1.272226E-1,3.6625597E-1],"split_indices":[0,0,0,0,0,0,0],"split_type":[0,0,0,0,0,0,0],"sum_hessian":[9E0,4E0,5E0,1E0,3E0,4E0,1E0],"tree_param":{"num_deleted":"0","num_feature":"2","num_nodes":"7","size_leaf_vector":"1"}},{"base_weights":[-1.5173188E-1,-2.86568E0,2.1351802E0,-4.4280854E-1,-1.3680573E-1,1.1704438E-1,3.4794313E-1],"categories":[],"categories_nodes":[],"categories_segments":[],"categories_sizes":[],"default_left":[0,0,0,0,0,0,0],"id":23,"left_children":[1,3,5,-1,-1,-1,-1],"loss_changes":[6.818435E1,5.641594E0,3.7086105E0,0E0,0E0,0E0,0E0],"parents":[2147483647,0,0,1,1,2,2],"right_children":[2,4,6,-1,-1,-1,-1],"split_conditions":[4.9759835E-1,9.863906E-2,1E0,-4.4280854E-1,-1.3680573E-1,1.1704438E-1,3.4794313E-1],"split_indices":[0,0,0,0,0,0,0],"split_type":[0,0,0,0,0,0,0],"sum_hessian":[9E0,4E0,5E0,1E0,3E0,4E0,1E0],"tree_param":{"num_deleted":"0","num_feature":"2","num_nodes":"7","size_leaf_vector":"1"}},{"base_weights":[-1.4802246E-1,-2.6950316E0,1.9991556E0,-4.2066804E-1,-1.2654495E0,1.0768036E-1,3.305458E-1,-1.4443003E-1,-3.6444854E-2],"categories":[],"categories_nodes":[],"categories_segments":[],"categories_sizes":[],"default_left":[0,0,0,0,0,0,0,0,0],"id":24,"left_children":[1,3,5,-1,7,-1,-1,-1,-1],"loss_changes":[6.007662E1,5.4817886E0,3.6698933E0,0E0,1.18206024E-1,0E0,0E0,0E0,0E0],"parents":[2147483647,0,0,1,1,2,2,4,4],"right_children":[2,4,6,-1,8,-1,-1,-1,-1],"split_conditions":[4.9759835E-1,9.863906E-2,1E0,-4.2066804E-1,3.0307314E-1,1.0768036E-1,3.305458E-1,-1.4443003E-1,-3.6444854E-2],"split_indices":[0,0,0,0,0,0,0,0,0],"split_type":[0,0,0,0,0,0,0,0,0],"sum_hessian":[9E0,4E0,5E0,1E0,3E0,4E0,1E0,2E0,1E0],"tree_param":{"num_deleted":"0","num_feature":"2","num_nodes":"9","size_leaf_vector":"1"}},{"base_weights":[-1.4955445E-1,-2.5458405E0,1.8722763E0,-3.9963457E-1,-1.1841278E0,9.906586E-1,3.1401825E-1,-1.3480173E-1,-3.4622956E-2,3.0173494E-2,1.08745575E-1],"categories":[],"categories_nodes":[],"categories_segments":[],"categories_sizes":[],"default_left":[0,0,0,0,0,0,0,0,0,0,0],"id":25,"left_children":[1,3,5,-1,7,9,-1,-1,-1,-1,-1],"loss_changes":[5.321536E1,5.143673E0,3.5960045E0,0E0,8.256769E-2,5.305767E-3,0E0,0E0,0E0,0E0,0E0],"parents":[2147483647,0,0,1,1,2,2,4,4,5,5],"right_children":[2,4,6,-1,8,10,-1,-1,-1,-1,-1],"split_conditions":[4.9759835E-1,9.863906E-2,1E0,-3.9963457E-1,3.0307314E-1,6.062647E-1,3.1401825E-1,-1.3480173E-1,-3.4622956E-2,3.0173494E-2,1.08745575E-1],"split_indices":[0,0,0,0,0,0,0,0,0,0,0],"split_type":[0,0,0,0,0,0,0,0,0,0,0],"sum_hessian":[9E0,4E0,5E0,1E0,3E0,4E0,1E0,2E0,1E0,1E0,3E0],"tree_param":{"num_deleted":"0","num_feature":"2","num_nodes":"11","size_leaf_vector":"1"}},{"base_weights":[-1.4621429E-1,-2.405072E0,1.7605362E0,-3.796532E-1,-1.1080742E0,9.1937564E-2,2.9831696E-1,-1.2581533E-1,-3.2891847E-2],"categories":[],"categories_nodes":[],"categories_segments":[],"categories_sizes":[],"default_left":[0,0,0,0,0,0,0,0,0],"id":26,"left_children":[1,3,5,-1,7,-1,-1,-1,-1],"loss_changes":[4.7304996E1,4.816761E0,3.4279327E0,0E0,5.3910255E-2,0E0,0E0,0E0,0E0],"parents":[2147483647,0,0,1,1,2,2,4,4],"right_children":[2,4,6,-1,8,-1,-1,-1,-1],"split_conditions":[4.9759835E-1,9.863906E-2,1E0,-3.796532E-1,3.0307314E-1,9.1937564E-2,2.9831696E-1,-1.2581533E-1,-3.2891847E-2],"split_indices":[0,0,0,0,0,0,0,0,0],"split_type":[0,0,0,0,0,0,0,0,0],"sum_hessian":[9E0,4E0,5E0,1E0,3E0,4E0,1E0,2E0,1E0],"tree_param":{"num_deleted":"0","num_feature":"2","num_nodes":"9","size_leaf_vector":"1"}},{"base_weights":[-1.4640197E-1,-2.2722383E0,1.6495285E0,-3.6067048E-1,-1.0369453E0,8.4582824E-1,2.834015E-1,-1.1742808E-1,-3.1246949E-2,2.406845E-2,9.369431E-2],"categories":[],"categories_nodes":[],"categories_segments":[],"categories_sizes":[],"default_left":[0,0,0,0,0,0,0,0,0,0,0],"id":27,"left_children":[1,3,5,-1,7,9,-1,-1,-1,-1,-1],"loss_changes":[4.1926662E1,4.502329E0,3.3147411E0,0E0,3.1057835E-2,5.0180197E-2,0E0,0E0,0E0,0E0,0E0],"parents":[2147483647,0,0,1,1,2,2,4,4,5,5],"right_children":[2,4,6,-1,8,10,-1,-1,-1,-1,-1],"split_conditions":[4.9759835E-1,9.863906E-2,1E0,-3.6067048E-1,3.0307314E-1,6.062647E-1,2.834015E-1,-1.1742808E-1,-3.1246949E-2,2.406845E-2,9.369431E-2],"split_indices":[0,0,0,0,0,0,0,0,0,0,0],"split_type":[0,0,0,0,0,0,0,0,0,0,0],"sum_hessian":[9E0,4E0,5E0,1E0,3E0,4E0,1E0,2E0,1E0,1E0,3E0],"tree_param":{"num_deleted":"0","num_feature":"2","num_nodes":"11","size_leaf_vector":"1"}},{"base_weights":[-1.425766E-1,-2.146881E0,1.5514399E0,-3.4263688E-1,-9.70417E-1,7.8480226E-1,2.692314E-1,-1.0959931E-1,-2.9684449E-2,2.2865295E-2,8.6667635E-2],"categories":[],"categories_nodes":[],"categories_segments":[],"categories_sizes":[],"default_left":[0,0,0,0,0,0,0,0,0,0,0],"id":28,"left_children":[1,3,5,-1,7,9,-1,-1,-1,-1,-1],"loss_changes":[3.7284008E1,4.2013493E0,3.1348896E0,0E0,1.2998581E-2,2.9502869E-2,0E0,0E0,0E0,0E0,0E0],"parents":[2147483647,0,0,1,1,2,2,4,4,5,5],"right_children":[2,4,6,-1,8,10,-1,-1,-1,-1,-1],"split_conditions":[4.9759835E-1,9.863906E-2,1E0,-3.4263688E-1,3.0307314E-1,6.062647E-1,2.692314E-1,-1.0959931E-1,-2.9684449E-2,2.2865295E-2,8.6667635E-2],"split_indices":[0,0,0,0,0,0,0,0,0,0,0],"split_type":[0,0,0,0,0,0,0,0,0,0,0],"sum_hessian":[9E0,4E0,5E0,1E0,3E0,4E0,1E0,2E0,1E0,1E0,3E0],"tree_param":{"num_deleted":"0","num_feature":"2","num_nodes":"11","size_leaf_vector":"1"}},{"base_weights":[-1.3863373E-1,-2.0285766E0,1.4594244E0,-3.2550508E-1,-9.081955E-2,7.2822875E-1,2.5577012E-1,2.1722412E-2,8.016739E-2],"categories":[],"categories_nodes":[],"categories_segments":[],"categories_sizes":[],"default_left":[0,0,0,0,0,0,0,0,0],"id":29,"left_children":[1,3,5,-1,-1,7,-1,-1,-1],"loss_changes":[3.316294E1,3.9143696E0,2.955738E0,0E0,0E0,1.3511181E-2,0E0,0E0,0E0],"parents":[2147483647,0,0,1,1,2,2,5,5],"right_children":[2,4,6,-1,-1,8,-1,-1,-1],"split_conditions":[4.9759835E-1,9.863906E-2,1E0,-3.2550508E-1,-9.081955E-2,6.062647E-1,2.5577012E-1,2.1722412E-2,8.016739E-2],"split_indices":[0,0,0,0,0,0,0,0,0],"split_type":[0,0,0,0,0,0,0,0,0],"sum_hessian":[9E0,4E0,5E0,1E0,3E0,4E0,1E0,1E0,3E0],"tree_param":{"num_deleted":"0","num_feature":"2","num_nodes":"9","size_leaf_vector":"1"}},{"base_weights":[-1.3063812E-1,-1.9089844E0,1.3730901E0,-3.0923006E-1,-8.4008026E-1,6.7578125E-1,2.4298172E-1,-9.623769E-2,-2.3659516E-2,2.0635987E-2,7.415467E-2],"categories":[],"categories_nodes":[],"categories_segments":[],"categories_sizes":[],"default_left":[0,0,0,0,0,0,0,0,0,0,0],"id":30,"left_children":[1,3,5,-1,7,9,-1,-1,-1,-1,-1],"loss_changes":[2.93627E1,3.7264767E0,2.7791662E0,0E0,6.7523E-2,1.3329983E-3,0E0,0E0,0E0,0E0,0E0],"parents":[2147483647,0,0,1,1,2,2,4,4,5,5],"right_children":[2,4,6,-1,8,10,-1,-1,-1,-1,-1],"split_conditions":[4.9759835E-1,9.863906E-2,1E0,-3.0923006E-1,3.0307314E-1,6.062647E-1,2.4298172E-1,-9.623769E-2,-2.3659516E-2,2.0635987E-2,7.415467E-2],"split_indices":[0,0,0,0,0,0,0,0,0,0,0],"split_type":[0,0,0,0,0,0,0,0,0,0,0],"sum_hessian":[9E0,4E0,5E0,1E0,3E0,4E0,1E0,2E0,1E0,1E0,3E0],"tree_param":{"num_deleted":"0","num_feature":"2","num_nodes":"11","size_leaf_vector":"1"}},{"base_weights":[-1.2670898E-1,-1.8039093E0,1.2920761E0,-2.9376832E-1,-7.860451E-1,6.271607E-2,2.3083268E-1,-8.982188E-2,-2.2476196E-2],"categories":[],"categories_nodes":[],"categories_segments":[],"categories_sizes":[],"default_left":[0,0,0,0,0,0,0,0,0],"id":31,"left_children":[1,3,5,-1,7,-1,-1,-1,-1],"loss_changes":[2.6126657E1,3.460989E0,2.6066322E0,0E0,4.9959183E-2,0E0,0E0,0E0,0E0],"parents":[2147483647,0,0,1,1,2,2,4,4],"right_children":[2,4,6,-1,8,-1,-1,-1,-1],"split_conditions":[4.9759835E-1,9.863906E-2,1E0,-2.9376832E-1,3.0307314E-1,6.271607E-2,2.3083268E-1,-8.982188E-2,-2.2476196E-2],"split_indices":[0,0,0,0,0,0,0,0,0],"split_type":[0,0,0,0,0,0,0,0,0],"sum_hessian":[9E0,4E0,5E0,1E0,3E0,4E0,1E0,2E0,1E0],"tree_param":{"num_deleted":"0","num_feature":"2","num_nodes":"9","size_leaf_vector":"1"}},{"base_weights":[-1.252884E-1,-1.7047303E0,1.2117945E0,-2.790802E-1,-7.355118E-1,5.7698977E-1,2.1929093E-1,-8.3833314E-2,-2.1352386E-2,1.6468812E-2,6.388932E-2],"categories":[],"categories_nodes":[],"categories_segments":[],"categories_sizes":[],"default_left":[0,0,0,0,0,0,0,0,0,0,0],"id":32,"left_children":[1,3,5,-1,7,9,-1,-1,-1,-1,-1],"loss_changes":[2.318423E1,3.210537E0,2.471612E0,0E0,3.5681725E-2,2.2396326E-2,0E0,0E0,0E0,0E0,0E0],"parents":[2147483647,0,0,1,1,2,2,4,4,5,5],"right_children":[2,4,6,-1,8,10,-1,-1,-1,-1,-1],"split_conditions":[4.9759835E-1,9.863906E-2,1E0,-2.790802E-1,3.0307314E-1,6.062647E-1,2.1929093E-1,-8.3833314E-2,-2.1352386E-2,1.6468812E-2,6.388932E-2],"split_indices":[0,0,0,0,0,0,0,0,0,0,0],"split_type":[0,0,0,0,0,0,0,0,0,0,0],"sum_hessian":[9E0,4E0,5E0,1E0,3E0,4E0,1E0,2E0,1E0,1E0,3E0],"tree_param":{"num_deleted":"0","num_feature":"2","num_nodes":"11","size_leaf_vector":"1"}},{"base_weights":[-1.21220395E-1,-1.6111114E0,1.1405588E0,-2.6512605E-1,-6.882591E-1,5.353638E-1,2.0832673E-1,-7.824453E-2,-2.0285035E-2,1.5645599E-2,5.9097674E-2],"categories":[],"categories_nodes":[],"categories_segments":[],"categories_sizes":[],"default_left":[0,0,0,0,0,0,0,0,0,0,0],"id":33,"left_children":[1,3,5,-1,7,9,-1,-1,-1,-1,-1],"loss_changes":[2.0636705E1,2.9747639E0,2.3078284E0,0E0,2.4155855E-2,1.2899041E-2,0E0,0E0,0E0,0E0,0E0],"parents":[2147483647,0,0,1,1,2,2,4,4,5,5],"right_children":[2,4,6,-1,8,10,-1,-1,-1,-1,-1],"split_conditions":[4.9759835E-1,9.863906E-2,1E0,-2.6512605E-1,3.0307314E-1,6.062647E-1,2.0832673E-1,-7.824453E-2,-2.0285035E-2,1.5645599E-2,5.9097674E-2],"split_indices":[0,0,0,0,0,0,0,0,0,0,0],"split_type":[0,0,0,0,0,0,0,0,0,0,0],"sum_hessian":[9E0,4E0,5E0,1E0,3E0,4E0,1E0,2E0,1E0,1E0,3E0],"tree_param":{"num_deleted":"0","num_feature":"2","num_nodes":"11","size_leaf_vector":"1"}},{"base_weights":[-1.1715698E-1,-1.5227325E0,1.0736822E0,-2.5186998E-1,-6.4406586E-1,4.9677736E-1,1.9791031E-1,-7.302806E-2,-1.9271089E-2,1.4863587E-2,5.4665376E-2],"categories":[],"categories_nodes":[],"categories_segments":[],"categories_sizes":[],"default_left":[0,0,0,0,0,0,0,0,0,0,0],"id":34,"left_children":[1,3,5,-1,7,9,-1,-1,-1,-1,-1],"loss_changes":[1.8373074E1,2.7534065E0,2.1508765E0,0E0,1.49207115E-2,5.5680275E-3,0E0,0E0,0E0,0E0,0E0],"parents":[2147483647,0,0,1,1,2,2,4,4,5,5],"right_children":[2,4,6,-1,8,10,-1,-1,-1,-1,-1],"split_conditions":[4.9759835E-1,9.863906E-2,1E0,-2.5186998E-1,3.0307314E-1,6.062647E-1,1.9791031E-1,-7.302806E-2,-1.9271089E-2,1.4863587E-2,5.4665376E-2],"split_indices":[0,0,0,0,0,0,0,0,0,0,0],"split_type":[0,0,0,0,0,0,0,0,0,0,0],"sum_hessian":[9E0,4E0,5E0,1E0,3E0,4E0,1E0,2E0,1E0,1E0,3E0],"tree_param":{"num_deleted":"0","num_feature":"2","num_nodes":"11","size_leaf_vector":"1"}},{"base_weights":[-1.1311493E-1,-1.4392914E0,1.0108846E0,-2.3927613E-1,-6.027336E-1,4.6100157E-1,1.8801498E-1,-6.815948E-2,-1.8307496E-2,2.0934042E-2,5.5899557E-2],"categories":[],"categories_nodes":[],"categories_segments":[],"categories_sizes":[],"default_left":[0,0,0,0,0,0,0,0,0,0,0],"id":35,"left_children":[1,3,5,-1,7,9,-1,-1,-1,-1,-1],"loss_changes":[1.6361174E1,2.5459661E0,2.0012126E0,0E0,7.5962543E-3,6.2861443E-3,0E0,0E0,0E0,0E0,0E0],"parents":[2147483647,0,0,1,1,2,2,4,4,5,5],"right_children":[2,4,6,-1,8,10,-1,-1,-1,-1,-1],"split_conditions":[4.9759835E-1,9.863906E-2,1E0,-2.3927613E-1,3.0307314E-1,7.0273083E-1,1.8801498E-1,-6.815948E-2,-1.8307496E-2,2.0934042E-2,5.5899557E-2],"split_indices":[0,0,0,0,0,0,0,0,0,0,0],"split_type":[0,0,0,0,0,0,0,0,0,0,0],"sum_hessian":[9E0,4E0,5E0,1E0,3E0,4E0,1E0,2E0,1E0,2E0,2E0],"tree_param":{"num_deleted":"0","num_feature":"2","num_nodes":"11","size_leaf_vector":"1"}},{"base_weights":[-1.0789184E-1,-1.3605102E0,9.539388E-1,-2.2731248E-1,-5.6407547E-1,4.3027037E-1,1.7861405E-1,-6.361542E-2,-1.7391969E-2,1.953837E-2,5.2173357E-2],"categories":[],"categories_nodes":[],"categories_segments":[],"categories_sizes":[],"default_left":[0,0,0,0,0,0,0,0,0,0,0],"id":36,"left_children":[1,3,5,-1,7,9,-1,-1,-1,-1,-1],"loss_changes":[1.459853E1,2.3519745E0,1.8462629E0,0E0,1.8479824E-3,5.479276E-3,0E0,0E0,0E0,0E0,0E0],"parents":[2147483647,0,0,1,1,2,2,4,4,5,5],"right_children":[2,4,6,-1,8,10,-1,-1,-1,-1,-1],"split_conditions":[4.9759835E-1,9.863906E-2,1E0,-2.2731248E-1,3.0307314E-1,7.0273083E-1,1.7861405E-1,-6.361542E-2,-1.7391969E-2,1.953837E-2,5.2173357E-2],"split_indices":[0,0,0,0,0,0,0,0,0,0,0],"split_type":[0,0,0,0,0,0,0,0,0,0,0],"sum_hessian":[9E0,4E0,5E0,1E0,3E0,4E0,1E0,2E0,1E0,2E0,2E0],"tree_param":{"num_deleted":"0","num_feature":"2","num_nodes":"11","size_leaf_vector":"1"}},{"base_weights":[-1.029007E-1,-1.2861236E0,9.0026855E-1,-2.1594696E-1,-5.279198E-2,4.0158996E-1,1.6968308E-1,1.8236287E-2,4.8695374E-2],"categories":[],"categories_nodes":[],"categories_segments":[],"categories_sizes":[],"default_left":[0,0,0,0,0,0,0,0,0],"id":37,"left_children":[1,3,5,-1,-1,7,-1,-1,-1],"loss_changes":[1.3027586E1,2.170845E0,1.701941E0,0E0,0E0,4.7679543E-3,0E0,0E0,0E0],"parents":[2147483647,0,0,1,1,2,2,5,5],"right_children":[2,4,6,-1,-1,8,-1,-1,-1],"split_conditions":[4.9759835E-1,9.863906E-2,1E0,-2.1594696E-1,-5.279198E-2,7.0273083E-1,1.6968308E-1,1.8236287E-2,4.8695374E-2],"split_indices":[0,0,0,0,0,0,0,0,0],"split_type":[0,0,0,0,0,0,0,0,0],"sum_hessian":[9E0,4E0,5E0,1E0,3E0,4E0,1E0,2E0,2E0],"tree_param":{"num_deleted":"0","num_feature":"2","num_nodes":"9","size_leaf_vector":"1"}},{"base_weights":[-9.582062E-2,-1.4446602E0,6.886335E-1,-2.0514984E-1,-5.5854797E-2,2.6607513E-1,1.611992E-1,-1.3882446E-2,3.7481993E-1,1.702067E-2,4.544932E-2],"categories":[],"categories_nodes":[],"categories_segments":[],"categories_sizes":[],"default_left":[0,0,0,0,0,0,0,0,0,0,0],"id":38,"left_children":[1,3,5,-1,-1,7,-1,-1,9,-1,-1],"loss_changes":[1.1575869E1,1.0050468E0,2.302299E0,0E0,0E0,3.1621853E-1,0E0,0E0,4.1532516E-3,0E0,0E0],"parents":[2147483647,0,0,1,1,2,2,5,5,8,8],"right_children":[2,4,6,-1,-1,8,-1,-1,10,-1,-1],"split_conditions":[3.0307314E-1,9.863906E-2,1E0,-2.0514984E-1,-5.5854797E-2,4.9759835E-1,1.611992E-1,-1.3882446E-2,7.0273083E-1,1.702067E-2,4.544932E-2],"split_indices":[0,0,0,0,0,0,0,0,0,0,0],"split_type":[0,0,0,0,0,0,0,0,0,0,0],"sum_hessian":[9E0,3E0,6E0,1E0,2E0,5E0,1E0,1E0,4E0,2E0,2E0],"tree_param":{"num_deleted":"0","num_feature":"2","num_nodes":"11","size_leaf_vector":"1"}},{"base_weights":[-9.1358945E-2,-1.145108E0,8.0199176E-1,-1.9489212E-1,-4.5692444E-1,3.4983215E-1,1.531395E-1,-5.2131146E-2,-1.3188171E-2,1.0334778E-2,3.856163E-2],"categories":[],"categories_nodes":[],"categories_segments":[],"categories_sizes":[],"default_left":[0,0,0,0,0,0,0,0,0,0,0],"id":39,"left_children":[1,3,5,-1,7,9,-1,-1,-1,-1,-1],"loss_changes":[1.0332043E1,1.8753452E0,1.4431088E0,0E0,1.4962673E-2,4.248619E-3,0E0,0E0,0E0,0E0,0E0],"parents":[2147483647,0,0,1,1,2,2,4,4,5,5],"right_children":[2,4,6,-1,8,10,-1,-1,-1,-1,-1],"split_conditions":[4.9759835E-1,9.863906E-2,1E0,-1.9489212E-1,3.0307314E-1,6.062647E-1,1.531395E-1,-5.2131146E-2,-1.3188171E-2,1.0334778E-2,3.856163E-2],"split_indices":[0,0,0,0,0,0,0,0,0,0,0],"split_type":[0,0,0,0,0,0,0,0,0,0,0],"sum_hessian":[9E0,4E0,5E0,1E0,3E0,4E0,1E0,2E0,1E0,1E0,3E0],"tree_param":{"num_deleted":"0","num_feature":"2","num_nodes":"11","size_leaf_vector":"1"}},{"base_weights":[-8.8041686E-2,-1.0826447E0,7.554677E-1,-1.8514787E-1,-4.2756653E-1,3.2463074E-1,1.4548264E-1,-4.865621E-2,-1.2528992E-2,1.4256795E-2,3.9848328E-2],"categories":[],"categories_nodes":[],"categories_segments":[],"categories_sizes":[],"default_left":[0,0,0,0,0,0,0,0,0,0,0],"id":40,"left_children":[1,3,5,-1,7,9,-1,-1,-1,-1,-1],"loss_changes":[9.207473E0,1.7266016E0,1.335576E0,0E0,1.0370612E-2,1.0418057E-2,0E0,0E0,0E0,0E0,0E0],"parents":[2147483647,0,0,1,1,2,2,4,4,5,5],"right_children":[2,4,6,-1,8,10,-1,-1,-1,-1,-1],"split_conditions":[4.9759835E-1,9.863906E-2,1E0,-1.8514787E-1,3.0307314E-1,7.0273083E-1,1.4548264E-1,-4.865621E-2,-1.2528992E-2,1.4256795E-2,3.9848328E-2],"split_indices":[0,0,0,0,0,0,0,0,0,0,0],"split_type":[0,0,0,0,0,0,0,0,0,0,0],"sum_hessian":[9E0,4E0,5E0,1E0,3E0,4E0,1E0,2E0,1E0,2E0,2E0],"tree_param":{"num_deleted":"0","num_feature":"2","num_nodes":"11","size_leaf_vector":"1"}},{"base_weights":[-8.390961E-2,-1.023645E0,7.131882E-1,-1.7589036E-1,-4.0010452E-1,3.0299073E-1,1.3820878E-1,-4.5412194E-2,-1.1902618E-2,1.3306682E-2,3.7191775E-2],"categories":[],"categories_nodes":[],"categories_segments":[],"categories_sizes":[],"default_left":[0,0,0,0,0,0,0,0,0,0,0],"id":41,"left_children":[1,3,5,-1,7,9,-1,-1,-1,-1,-1],"loss_changes":[8.220662E0,1.588572E0,1.2275255E0,0E0,6.6800714E-3,9.071797E-3,0E0,0E0,0E0,0E0,0E0],"parents":[2147483647,0,0,1,1,2,2,4,4,5,5],"right_children":[2,4,6,-1,8,10,-1,-1,-1,-1,-1],"split_conditions":[4.9759835E-1,9.863906E-2,1E0,-1.7589036E-1,3.0307314E-1,7.0273083E-1,1.3820878E-1,-4.5412194E-2,-1.1902618E-2,1.3306682E-2,3.7191775E-2],"split_indices":[0,0,0,0,0,0,0,0,0,0,0],"split_type":[0,0,0,0,0,0,0,0,0,0,0],"sum_hessian":[9E0,4E0,5E0,1E0,3E0,4E0,1E0,2E0,1E0,2E0,2E0],"tree_param":{"num_deleted":"0","num_feature":"2","num_nodes":"11","size_leaf_vector":"1"}},{"base_weights":[-7.996826E-2,-9.67923E-1,6.73322E-1,-1.6709594E-1,-3.7442398E-1,2.8279418E-1,1.3129807E-1,-4.2384848E-2,-1.1307525E-2,1.2419637E-2,3.4712728E-2],"categories":[],"categories_nodes":[],"categories_segments":[],"categories_sizes":[],"default_left":[0,0,0,0,0,0,0,0,0,0,0],"id":42,"left_children":[1,3,5,-1,7,9,-1,-1,-1,-1,-1],"loss_changes":[7.3406005E0,1.4606104E0,1.1275237E0,0E0,3.741324E-3,7.9034865E-3,0E0,0E0,0E0,0E0,0E0],"parents":[2147483647,0,0,1,1,2,2,4,4,5,5],"right_children":[2,4,6,-1,8,10,-1,-1,-1,-1,-1],"split_conditions":[4.9759835E-1,9.863906E-2,1E0,-1.6709594E-1,3.0307314E-1,7.0273083E-1,1.3129807E-1,-4.2384848E-2,-1.1307525E-2,1.2419637E-2,3.4712728E-2],"split_indices":[0,0,0,0,0,0,0,0,0,0,0],"split_type":[0,0,0,0,0,0,0,0,0,0,0],"sum_hessian":[9E0,4E0,5E0,1E0,3E0,4E0,1E0,2E0,1E0,2E0,2E0],"tree_param":{"num_deleted":"0","num_feature":"2","num_nodes":"11","size_leaf_vector":"1"}},{"base_weights":[-7.620697E-2,-9.1528624E-1,6.357269E-1,-1.58741E-1,-3.5040283E-1,2.6394042E-1,1.2473297E-1,-3.955892E-2,-1.07421875E-2,1.1591594E-2,3.2398477E-2],"categories":[],"categories_nodes":[],"categories_segments":[],"categories_sizes":[],"default_left":[0,0,0,0,0,0,0,0,0,0,0],"id":43,"left_children":[1,3,5,-1,7,9,-1,-1,-1,-1,-1],"loss_changes":[6.555562E0,1.3421249E0,1.0350933E0,0E0,1.4227629E-3,6.885171E-3,0E0,0E0,0E0,0E0,0E0],"parents":[2147483647,0,0,1,1,2,2,4,4,5,5],"right_children":[2,4,6,-1,8,10,-1,-1,-1,-1,-1],"split_conditions":[4.9759835E-1,9.863906E-2,1E0,-1.58741E-1,3.0307314E-1,7.0273083E-1,1.2473297E-1,-3.955892E-2,-1.07421875E-2,1.1591594E-2,3.2398477E-2],"split_indices":[0,0,0,0,0,0,0,0,0,0,0],"split_type":[0,0,0,0,0,0,0,0,0,0,0],"sum_hessian":[9E0,4E0,5E0,1E0,3E0,4E0,1E0,2E0,1E0,2E0,2E0],"tree_param":{"num_deleted":"0","num_feature":"2","num_nodes":"11","size_leaf_vector":"1"}},{"base_weights":[-7.261658E-2,-8.65564E-1,6.002757E-1,-1.5080415E-1,-3.279343E-2,2.46344E-1,1.1849671E-1,1.0818481E-2,3.0238852E-2],"categories":[],"categories_nodes":[],"categories_segments":[],"categories_sizes":[],"default_left":[0,0,0,0,0,0,0,0,0],"id":44,"left_children":[1,3,5,-1,-1,7,-1,-1,-1],"loss_changes":[5.855259E0,1.2325361E0,9.4973516E-1,0E0,0E0,6.0015023E-3,0E0,0E0,0E0],"parents":[2147483647,0,0,1,1,2,2,5,5],"right_children":[2,4,6,-1,-1,8,-1,-1,-1],"split_conditions":[4.9759835E-1,9.863906E-2,1E0,-1.5080415E-1,-3.279343E-2,7.0273083E-1,1.1849671E-1,1.0818481E-2,3.0238852E-2],"split_indices":[0,0,0,0,0,0,0,0,0],"split_type":[0,0,0,0,0,0,0,0,0],"sum_hessian":[9E0,4E0,5E0,1E0,3E0,4E0,1E0,2E0,2E0],"tree_param":{"num_deleted":"0","num_feature":"2","num_nodes":"9","size_leaf_vector":"1"}},{"base_weights":[-6.776123E-2,-1.196055E0,3.6381912E-1,-1.4326401E-1,-3.6144257E-2,1.8384298E-2,9.334157E-1,-1.6349284E-2,1.5019608E-2,2.7440643E-2,1.1257172E-1],"categories":[],"categories_nodes":[],"categories_segments":[],"categories_sizes":[],"default_left":[0,0,0,0,0,0,0,0,0,0,0],"id":45,"left_children":[1,3,5,-1,-1,7,9,-1,-1,-1,-1],"loss_changes":[5.3046427E0,7.455301E-2,1.556908E0,0E0,0E0,1.6839728E-1,7.1281195E-2,0E0,0E0,0E0,0E0],"parents":[2147483647,0,0,1,1,2,2,5,5,6,6],"right_children":[2,4,6,-1,-1,8,10,-1,-1,-1,-1],"split_conditions":[2.0320873E-1,9.863906E-2,8.0915487E-1,-1.4326401E-1,-3.6144257E-2,4.9759835E-1,1E0,-1.6349284E-2,1.5019608E-2,2.7440643E-2,1.1257172E-1],"split_indices":[0,0,0,0,0,0,0,0,0,0,0],"split_type":[0,0,0,0,0,0,0,0,0,0,0],"sum_hessian":[9E0,2E0,7E0,1E0,1E0,5E0,2E0,2E0,3E0,1E0,1E0],"tree_param":{"num_deleted":"0","num_feature":"2","num_nodes":"11","size_leaf_vector":"1"}},{"base_weights":[-6.5057375E-2,-1.1362509E0,3.4477234E-1,-1.3610077E-1,-3.4336854E-2,1.6324362E-2,8.867442E-1,-1.5259807E-2,1.3893509E-2,2.606888E-2,1.0694275E-1],"categories":[],"categories_nodes":[],"categories_segments":[],"categories_sizes":[],"default_left":[0,0,0,0,0,0,0,0,0,0,0],"id":46,"left_children":[1,3,5,-1,-1,7,9,-1,-1,-1,-1],"loss_changes":[4.781817E0,6.728983E-2,1.4096007E0,0E0,0E0,1.4547144E-1,6.4321995E-2,0E0,0E0,0E0,0E0],"parents":[2147483647,0,0,1,1,2,2,5,5,6,6],"right_children":[2,4,6,-1,-1,8,10,-1,-1,-1,-1],"split_conditions":[2.0320873E-1,9.863906E-2,8.0915487E-1,-1.3610077E-1,-3.4336854E-2,4.9759835E-1,1E0,-1.5259807E-2,1.3893509E-2,2.606888E-2,1.0694275E-1],"split_indices":[0,0,0,0,0,0,0,0,0,0,0],"split_type":[0,0,0,0,0,0,0,0,0,0,0],"sum_hessian":[9E0,2E0,7E0,1E0,1E0,5E0,2E0,2E0,3E0,1E0,1E0],"tree_param":{"num_deleted":"0","num_feature":"2","num_nodes":"11","size_leaf_vector":"1"}},{"base_weights":[-6.2432863E-2,-1.0794373E0,3.267479E-1,-1.2929535E-1,-3.262024E-2,1.4460246E-2,8.424072E-1,-1.4242554E-2,1.2850952E-2,2.4765778E-2,1.01595305E-1],"categories":[],"categories_nodes":[],"categories_segments":[],"categories_sizes":[],"default_left":[0,0,0,0,0,0,0,0,0,0,0],"id":47,"left_children":[1,3,5,-1,-1,7,9,-1,-1,-1,-1],"loss_changes":[4.310689E0,6.071925E-2,1.2760909E0,0E0,0E0,1.256593E-1,5.8040142E-2,0E0,0E0,0E0,0E0],"parents":[2147483647,0,0,1,1,2,2,5,5,6,6],"right_children":[2,4,6,-1,-1,8,10,-1,-1,-1,-1],"split_conditions":[2.0320873E-1,9.863906E-2,8.0915487E-1,-1.2929535E-1,-3.262024E-2,4.9759835E-1,1E0,-1.4242554E-2,1.2850952E-2,2.4765778E-2,1.01595305E-1],"split_indices":[0,0,0,0,0,0,0,0,0,0,0],"split_type":[0,0,0,0,0,0,0,0,0,0,0],"sum_hessian":[9E0,2E0,7E0,1E0,1E0,5E0,2E0,2E0,3E0,1E0,1E0],"tree_param":{"num_deleted":"0","num_feature":"2","num_nodes":"11","size_leaf_vector":"1"}},{"base_weights":[-5.9883118E-2,-1.0254618E0,3.096943E-1,-1.22830205E-1,-3.0989075E-2,1.2781779E-2,8.002879E-1,-1.3293457E-2,1.1887359E-2,2.3527527E-2,9.6515656E-2],"categories":[],"categories_nodes":[],"categories_segments":[],"categories_sizes":[],"default_left":[0,0,0,0,0,0,0,0,0,0,0],"id":48,"left_children":[1,3,5,-1,-1,7,9,-1,-1,-1,-1],"loss_changes":[3.8861403E0,5.4800272E-2,1.1550779E0,0E0,0E0,1.0855828E-1,5.2381277E-2,0E0,0E0,0E0,0E0],"parents":[2147483647,0,0,1,1,2,2,5,5,6,6],"right_children":[2,4,6,-1,-1,8,10,-1,-1,-1,-1],"split_conditions":[2.0320873E-1,9.863906E-2,8.0915487E-1,-1.22830205E-1,-3.0989075E-2,4.9759835E-1,1E0,-1.3293457E-2,1.1887359E-2,2.3527527E-2,9.6515656E-2],"split_indices":[0,0,0,0,0,0,0,0,0,0,0],"split_type":[0,0,0,0,0,0,0,0,0,0,0],"sum_hessian":[9E0,2E0,7E0,1E0,1E0,5E0,2E0,2E0,3E0,1E0,1E0],"tree_param":{"num_deleted":"0","num_feature":"2","num_nodes":"11","size_leaf_vector":"1"}},{"base_weights":[-5.741272E-2,-9.741872E-1,2.935543E-1,-1.1668854E-1,-2.9439544E-2,1.1268616E-2,7.6027423E-1,-1.240743E-2,1.0995865E-2,2.2351075E-2,9.169006E-2],"categories":[],"categories_nodes":[],"categories_segments":[],"categories_sizes":[],"default_left":[0,0,0,0,0,0,0,0,0,0,0],"id":49,"left_children":[1,3,5,-1,-1,7,9,-1,-1,-1,-1],"loss_changes":[3.503553E0,4.9458265E-2,1.0454196E0,0E0,0E0,9.3785025E-2,4.7276855E-2,0E0,0E0,0E0,0E0],"parents":[2147483647,0,0,1,1,2,2,5,5,6,6],"right_children":[2,4,6,-1,-1,8,10,-1,-1,-1,-1],"split_conditions":[2.0320873E-1,9.863906E-2,8.0915487E-1,-1.1668854E-1,-2.9439544E-2,4.9759835E-1,1E0,-1.240743E-2,1.0995865E-2,2.2351075E-2,9.169006E-2],"split_indices":[0,0,0,0,0,0,0,0,0,0,0],"split_type":[0,0,0,0,0,0,0,0,0,0,0],"sum_hessian":[9E0,2E0,7E0,1E0,1E0,5E0,2E0,2E0,3E0,1E0,1E0],"tree_param":{"num_deleted":"0","num_feature":"2","num_nodes":"11","size_leaf_vector":"1"}},{"base_weights":[-5.502472E-2,-9.2548114E-1,2.7827454E-1,-1.1085434E-1,-2.7967835E-2,9.902954E-3,7.222595E-1,-1.1580404E-2,1.0170746E-2,2.1233369E-2,8.7105565E-2],"categories":[],"categories_nodes":[],"categories_segments":[],"categories_sizes":[],"default_left":[0,0,0,0,0,0,0,0,0,0,0],"id":50,"left_children":[1,3,5,-1,-1,7,9,-1,-1,-1,-1],"loss_changes":[3.1587625E0,4.4631004E-2,9.46071E-1,0E0,0E0,8.1020944E-2,4.2670608E-2,0E0,0E0,0E0,0E0],"parents":[2147483647,0,0,1,1,2,2,5,5,6,6],"right_children":[2,4,6,-1,-1,8,10,-1,-1,-1,-1],"split_conditions":[2.0320873E-1,9.863906E-2,8.0915487E-1,-1.1085434E-1,-2.7967835E-2,4.9759835E-1,1E0,-1.1580404E-2,1.0170746E-2,2.1233369E-2,8.7105565E-2],"split_indices":[0,0,0,0,0,0,0,0,0,0,0],"split_type":[0,0,0,0,0,0,0,0,0,0,0],"sum_hessian":[9E0,2E0,7E0,1E0,1E0,5E0,2E0,2E0,3E0,1E0,1E0],"tree_param":{"num_deleted":"0","num_feature":"2","num_nodes":"11","size_leaf_vector":"1"}},{"base_weights":[-5.2714538E-2,-8.7920636E-1,2.638092E-1,-1.0531159E-1,-2.6569366E-2,8.674622E-3,6.8614197E-1,-1.080831E-2,9.407425E-3,2.0171357E-2,8.274994E-2],"categories":[],"categories_nodes":[],"categories_segments":[],"categories_sizes":[],"default_left":[0,0,0,0,0,0,0,0,0,0,0],"id":51,"left_children":[1,3,5,-1,-1,7,9,-1,-1,-1,-1],"loss_changes":[2.8479857E0,4.028082E-2,8.560615E-1,0E0,0E0,6.999422E-2,3.8514733E-2,0E0,0E0,0E0,0E0],"parents":[2147483647,0,0,1,1,2,2,5,5,6,6],"right_children":[2,4,6,-1,-1,8,10,-1,-1,-1,-1],"split_conditions":[2.0320873E-1,9.863906E-2,8.0915487E-1,-1.0531159E-1,-2.6569366E-2,4.9759835E-1,1E0,-1.080831E-2,9.407425E-3,2.0171357E-2,8.274994E-2],"split_indices":[0,0,0,0,0,0,0,0,0,0,0],"split_type":[0,0,0,0,0,0,0,0,0,0,0],"sum_hessian":[9E0,2E0,7E0,1E0,1E0,5E0,2E0,2E0,3E0,1E0,1E0],"tree_param":{"num_deleted":"0","num_feature":"2","num_nodes":"11","size_leaf_vector":"1"}},{"base_weights":[-5.0482176E-2,-8.352458E-1,2.5011444E-1,-1.0004578E-1,-2.524109E-2,7.5683594E-3,6.5183514E-1,-1.00880945E-2,8.7013245E-2,1.916275E-2,7.861252E-2,2.4864196E-3,9.944153E-3],"categories":[],"categories_nodes":[],"categories_segments":[],"categories_sizes":[],"default_left":[0,0,0,0,0,0,0,0,0,0,0,0,0],"id":52,"left_children":[1,3,5,-1,-1,7,9,-1,11,-1,-1,-1,-1],"loss_changes":[2.5678797E0,3.6347628E-2,7.7455294E-1,0E0,0E0,6.047243E-2,3.4760714E-2,0E0,6.170906E-4,0E0,0E0,0E0,0E0],"parents":[2147483647,0,0,1,1,2,2,5,5,6,6,8,8],"right_children":[2,4,6,-1,-1,8,10,-1,12,-1,-1,-1,-1],"split_conditions":[2.0320873E-1,9.863906E-2,8.0915487E-1,-1.0004578E-1,-2.524109E-2,4.9759835E-1,1E0,-1.00880945E-2,6.062647E-1,1.916275E-2,7.861252E-2,2.4864196E-3,9.944153E-3],"split_indices":[0,0,0,0,0,0,0,0,0,0,0,0,0],"split_type":[0,0,0,0,0,0,0,0,0,0,0,0,0],"sum_hessian":[9E0,2E0,7E0,1E0,1E0,5E0,2E0,2E0,3E0,1E0,1E0,1E0,2E0],"tree_param":{"num_deleted":"0","num_feature":"2","num_nodes":"13","size_leaf_vector":"1"}},{"base_weights":[-4.7952272E-2,-7.934825E-1,2.3761559E-1,-9.504318E-2,-2.3979187E-2,7.1996055E-3,6.1924237E-1,-9.41569E-3,8.1417084E-2,1.8204499E-2,7.4681856E-2,2.3620606E-3,9.280904E-3],"categories":[],"categories_nodes":[],"categories_segments":[],"categories_sizes":[],"default_left":[0,0,0,0,0,0,0,0,0,0,0,0,0],"id":53,"left_children":[1,3,5,-1,-1,7,9,-1,11,-1,-1,-1,-1],"loss_changes":[2.3175383E0,3.279841E-2,6.990049E-1,0E0,0E0,5.2800525E-2,3.137338E-2,0E0,4.414562E-4,0E0,0E0,0E0,0E0],"parents":[2147483647,0,0,1,1,2,2,5,5,6,6,8,8],"right_children":[2,4,6,-1,-1,8,10,-1,12,-1,-1,-1,-1],"split_conditions":[2.0320873E-1,9.863906E-2,8.0915487E-1,-9.504318E-2,-2.3979187E-2,4.9759835E-1,1E0,-9.41569E-3,6.062647E-1,1.8204499E-2,7.4681856E-2,2.3620606E-3,9.280904E-3],"split_indices":[0,0,0,0,0,0,0,0,0,0,0,0,0],"split_type":[0,0,0,0,0,0,0,0,0,0,0,0,0],"sum_hessian":[9E0,2E0,7E0,1E0,1E0,5E0,2E0,2E0,3E0,1E0,1E0,1E0,2E0],"tree_param":{"num_deleted":"0","num_feature":"2","num_nodes":"13","size_leaf_vector":"1"}},{"base_weights":[-4.5545958E-2,-7.538045E-1,2.2574425E-1,-9.029084E-2,-2.2779847E-2,6.8511963E-3,5.882823E-1,-8.7880455E-3,7.6187134E-2,1.7294312E-2,7.094803E-2,2.243805E-3,8.662415E-3],"categories":[],"categories_nodes":[],"categories_segments":[],"categories_sizes":[],"default_left":[0,0,0,0,0,0,0,0,0,0,0,0,0],"id":54,"left_children":[1,3,5,-1,-1,7,9,-1,11,-1,-1,-1,-1],"loss_changes":[2.0916033E0,2.9607415E-2,6.308261E-1,0E0,0E0,4.6105206E-2,2.8315067E-2,0E0,3.0024536E-4,0E0,0E0,0E0,0E0],"parents":[2147483647,0,0,1,1,2,2,5,5,6,6,8,8],"right_children":[2,4,6,-1,-1,8,10,-1,12,-1,-1,-1,-1],"split_conditions":[2.0320873E-1,9.863906E-2,8.0915487E-1,-9.029084E-2,-2.2779847E-2,4.9759835E-1,1E0,-8.7880455E-3,6.062647E-1,1.7294312E-2,7.094803E-2,2.243805E-3,8.662415E-3],"split_indices":[0,0,0,0,0,0,0,0,0,0,0,0,0],"split_type":[0,0,0,0,0,0,0,0,0,0,0,0,0],"sum_hessian":[9E0,2E0,7E0,1E0,1E0,5E0,2E0,2E0,3E0,1E0,1E0,1E0,2E0],"tree_param":{"num_deleted":"0","num_feature":"2","num_nodes":"13","size_leaf_vector":"1"}},{"base_weights":[-4.3263245E-2,-7.161153E-1,2.1446419E-1,-8.577652E-2,-2.1640778E-2,6.518046E-3,5.588684E-1,-8.202108E-2,7.129288E-2,1.6429901E-2,6.740036E-2,-9.848023E-3,-2.4551393E-3,3.3147174E-3,9.2865E-3],"categories":[],"categories_nodes":[],"categories_segments":[],"categories_sizes":[],"default_left":[0,0,0,0,0,0,0,0,0,0,0,0,0,0,0],"id":55,"left_children":[1,3,5,-1,-1,7,9,11,13,-1,-1,-1,-1,-1,-1],"loss_changes":[1.8877056E0,2.6723385E-2,5.6929755E-1,0E0,0E0,4.0258158E-2,2.5548339E-2,4.1987933E-4,2.133213E-4,0E0,0E0,0E0,0E0,0E0,0E0],"parents":[2147483647,0,0,1,1,2,2,5,5,6,6,7,7,8,8],"right_children":[2,4,6,-1,-1,8,10,12,14,-1,-1,-1,-1,-1,-1],"split_conditions":[2.0320873E-1,9.863906E-2,8.0915487E-1,-8.577652E-2,-2.1640778E-2,4.9759835E-1,1E0,3.0307314E-1,7.0273083E-1,1.6429901E-2,6.740036E-2,-9.848023E-3,-2.4551393E-3,3.3147174E-3,9.2865E-3],"split_indices":[0,0,0,0,0,0,0,0,0,0,0,0,0,0,0],"split_type":[0,0,0,0,0,0,0,0,0,0,0,0,0,0,0],"sum_hessian":[9E0,2E0,7E0,1E0,1E0,5E0,2E0,2E0,3E0,1E0,1E0,1E0,1E0,2E0,1E0],"tree_param":{"num_deleted":"0","num_feature":"2","num_nodes":"15","size_leaf_vector":"1"}},{"base_weights":[-4.1267395E-2,-6.803131E-1,2.0353317E-1,-8.1488036E-2,-2.055893E-2,5.9153237E-3,5.309245E-1,-7.792155E-2,6.731415E-2,1.5608216E-2,6.403046E-2,-9.355927E-3,-2.332306E-3,3.0939737E-3,8.821869E-3],"categories":[],"categories_nodes":[],"categories_segments":[],"categories_sizes":[],"default_left":[0,0,0,0,0,0,0,0,0,0,0,0,0,0,0],"id":56,"left_children":[1,3,5,-1,-1,7,9,11,13,-1,-1,-1,-1,-1,-1],"loss_changes":[1.7028538E0,2.4116158E-2,5.1444626E-1,0E0,0E0,3.6130134E-2,2.3060739E-2,3.7929788E-4,3.1209737E-4,0E0,0E0,0E0,0E0,0E0,0E0],"parents":[2147483647,0,0,1,1,2,2,5,5,6,6,7,7,8,8],"right_children":[2,4,6,-1,-1,8,10,12,14,-1,-1,-1,-1,-1,-1],"split_conditions":[2.0320873E-1,9.863906E-2,8.0915487E-1,-8.1488036E-2,-2.055893E-2,4.9759835E-1,1E0,3.0307314E-1,7.0273083E-1,1.5608216E-2,6.403046E-2,-9.355927E-3,-2.332306E-3,3.0939737E-3,8.821869E-3],"split_indices":[0,0,0,0,0,0,0,0,0,0,0,0,0,0,0],"split_type":[0,0,0,0,0,0,0,0,0,0,0,0,0,0,0],"sum_hessian":[9E0,2E0,7E0,1E0,1E0,5E0,2E0,2E0,3E0,1E0,1E0,1E0,1E0,2E0,1E0],"tree_param":{"num_deleted":"0","num_feature":"2","num_nodes":"15","size_leaf_vector":"1"}},{"base_weights":[-3.9360046E-2,-6.4630127E-1,1.9316292E-1,-7.741394E-2,-1.953125E-2,5.3609214E-3,5.043793E-1,-7.4025474E-2,6.3560486E-2,1.4827728E-2,6.0829163E-2,-8.888245E-3,-2.2155761E-3,2.8874716E-3,8.38089E-3],"categories":[],"categories_nodes":[],"categories_segments":[],"categories_sizes":[],"default_left":[0,0,0,0,0,0,0,0,0,0,0,0,0,0,0],"id":57,"left_children":[1,3,5,-1,-1,7,9,11,13,-1,-1,-1,-1,-1,-1],"loss_changes":[1.5361192E0,2.1761537E-2,4.6487248E-1,0E0,0E0,3.2426618E-2,2.081436E-2,3.426224E-4,3.893692E-4,0E0,0E0,0E0,0E0,0E0,0E0],"parents":[2147483647,0,0,1,1,2,2,5,5,6,6,7,7,8,8],"right_children":[2,4,6,-1,-1,8,10,12,14,-1,-1,-1,-1,-1,-1],"split_conditions":[2.0320873E-1,9.863906E-2,8.0915487E-1,-7.741394E-2,-1.953125E-2,4.9759835E-1,1E0,3.0307314E-1,7.0273083E-1,1.4827728E-2,6.0829163E-2,-8.888245E-3,-2.2155761E-3,2.8874716E-3,8.38089E-3],"split_indices":[0,0,0,0,0,0,0,0,0,0,0,0,0,0,0],"split_type":[0,0,0,0,0,0,0,0,0,0,0,0,0,0,0],"sum_hessian":[9E0,2E0,7E0,1E0,1E0,5E0,2E0,2E0,3E0,1E0,1E0,1E0,1E0,2E0,1E0],"tree_param":{"num_deleted":"0","num_feature":"2","num_nodes":"15","size_leaf_vector":"1"}},{"base_weights":[-3.753662E-2,-6.139882E-1,1.8332481E-1,-7.354355E-2,-1.8554688E-2,4.852295E-3,4.791616E-1,-7.032776E-2,6.002426E-2,1.40861515E-2,5.7788085E-2,-8.444214E-3,-2.10495E-3,2.695211E-3,7.962036E-3],"categories":[],"categories_nodes":[],"categories_segments":[],"categories_sizes":[],"default_left":[0,0,0,0,0,0,0,0,0,0,0,0,0,0,0],"id":58,"left_children":[1,3,5,-1,-1,7,9,11,13,-1,-1,-1,-1,-1,-1],"loss_changes":[1.3857186E0,1.96414E-2,4.2006484E-1,0E0,0E0,2.910836E-2,1.8789053E-2,3.091311E-4,4.4640433E-4,0E0,0E0,0E0,0E0,0E0,0E0],"parents":[2147483647,0,0,1,1,2,2,5,5,6,6,7,7,8,8],"right_children":[2,4,6,-1,-1,8,10,12,14,-1,-1,-1,-1,-1,-1],"split_conditions":[2.0320873E-1,9.863906E-2,8.0915487E-1,-7.354355E-2,-1.8554688E-2,4.9759835E-1,1E0,3.0307314E-1,7.0273083E-1,1.40861515E-2,5.7788085E-2,-8.444214E-3,-2.10495E-3,2.695211E-3,7.962036E-3],"split_indices":[0,0,0,0,0,0,0,0,0,0,0,0,0,0,0],"split_type":[0,0,0,0,0,0,0,0,0,0,0,0,0,0,0],"sum_hessian":[9E0,2E0,7E0,1E0,1E0,5E0,2E0,2E0,3E0,1E0,1E0,1E0,1E0,2E0,1E0],"tree_param":{"num_deleted":"0","num_feature":"2","num_nodes":"15","size_leaf_vector":"1"}},{"base_weights":[-3.579559E-2,-5.8328754E-1,1.7398834E-1,-6.986618E-2,-1.7626954E-2,4.3818154E-3,4.552053E-1,-6.681315E-2,5.6682587E-2,1.3381958E-2,5.4898836E-2,-8.022308E-3,-1.9996644E-3,2.5151572E-3,7.563782E-3],"categories":[],"categories_nodes":[],"categories_segments":[],"categories_sizes":[],"default_left":[0,0,0,0,0,0,0,0,0,0,0,0,0,0,0],"id":59,"left_children":[1,3,5,-1,-1,7,9,11,13,-1,-1,-1,-1,-1,-1],"loss_changes":[1.2500355E0,1.7725348E-2,3.7957522E-1,0E0,0E0,2.612845E-2,1.695621E-2,2.7922634E-4,4.882999E-4,0E0,0E0,0E0,0E0,0E0,0E0],"parents":[2147483647,0,0,1,1,2,2,5,5,6,6,7,7,8,8],"right_children":[2,4,6,-1,-1,8,10,12,14,-1,-1,-1,-1,-1,-1],"split_conditions":[2.0320873E-1,9.863906E-2,8.0915487E-1,-6.986618E-2,-1.7626954E-2,4.9759835E-1,1E0,3.0307314E-1,7.0273083E-1,1.3381958E-2,5.4898836E-2,-8.022308E-3,-1.9996644E-3,2.5151572E-3,7.563782E-3],"split_indices":[0,0,0,0,0,0,0,0,0,0,0,0,0,0,0],"split_type":[0,0,0,0,0,0,0,0,0,0,0,0,0,0,0],"sum_hessian":[9E0,2E0,7E0,1E0,1E0,5E0,2E0,2E0,3E0,1E0,1E0,1E0,1E0,2E0,1E0],"tree_param":{"num_deleted":"0","num_feature":"2","num_nodes":"15","size_leaf_vector":"1"}},{"base_weights":[-3.4132384E-2,-5.541229E-1,1.6513062E-1,-6.6372685E-2,-1.674576E-2,3.9520264E-3,4.3244424E-1,-6.3471474E-2,5.3531647E-2,1.27128605E-2,5.2153777E-2,-7.6210024E-3,-1.8997192E-3,2.3473105E-3,7.1853637E-3],"categories":[],"categories_nodes":[],"categories_segments":[],"categories_sizes":[],"default_left":[0,0,0,0,0,0,0,0,0,0,0,0,0,0,0],"id":60,"left_children":[1,3,5,-1,-1,7,9,11,13,-1,-1,-1,-1,-1,-1],"loss_changes":[1.1276513E0,1.5994012E-2,3.4297287E-1,0E0,0E0,2.3454722E-2,1.5302539E-2,2.5183707E-4,5.16301E-4,0E0,0E0,0E0,0E0,0E0,0E0],"parents":[2147483647,0,0,1,1,2,2,5,5,6,6,7,7,8,8],"right_children":[2,4,6,-1,-1,8,10,12,14,-1,-1,-1,-1,-1,-1],"split_conditions":[2.0320873E-1,9.863906E-2,8.0915487E-1,-6.6372685E-2,-1.674576E-2,4.9759835E-1,1E0,3.0307314E-1,7.0273083E-1,1.27128605E-2,5.2153777E-2,-7.6210024E-3,-1.8997192E-3,2.3473105E-3,7.1853637E-3],"split_indices":[0,0,0,0,0,0,0,0,0,0,0,0,0,0,0],"split_type":[0,0,0,0,0,0,0,0,0,0,0,0,0,0,0],"sum_hessian":[9E0,2E0,7E0,1E0,1E0,5E0,2E0,2E0,3E0,1E0,1E0,1E0,1E0,2E0,1E0],"tree_param":{"num_deleted":"0","num_feature":"2","num_nodes":"15","size_leaf_vector":"1"}},{"base_weights":[-3.254547E-2,-5.2641803E-1,1.5672493E-1,-6.30539E-2,-1.5908813E-2,3.5552979E-3,4.1082254E-1,-6.0302734E-2,5.0559998E-2,1.2077332E-2,4.954605E-2,-7.2402954E-3,-1.8051148E-3,2.1906535E-3,6.8260194E-3],"categories":[],"categories_nodes":[],"categories_segments":[],"categories_sizes":[],"default_left":[0,0,0,0,0,0,0,0,0,0,0,0,0,0,0],"id":61,"left_children":[1,3,5,-1,-1,7,9,11,13,-1,-1,-1,-1,-1,-1],"loss_changes":[1.0172575E0,1.4428854E-2,3.0989975E-1,0E0,0E0,2.1058671E-2,1.3809085E-2,2.2680312E-4,5.333433E-4,0E0,0E0,0E0,0E0,0E0,0E0],"parents":[2147483647,0,0,1,1,2,2,5,5,6,6,7,7,8,8],"right_children":[2,4,6,-1,-1,8,10,12,14,-1,-1,-1,-1,-1,-1],"split_conditions":[2.0320873E-1,9.863906E-2,8.0915487E-1,-6.30539E-2,-1.5908813E-2,4.9759835E-1,1E0,3.0307314E-1,7.0273083E-1,1.2077332E-2,4.954605E-2,-7.2402954E-3,-1.8051148E-3,2.1906535E-3,6.8260194E-3],"split_indices":[0,0,0,0,0,0,0,0,0,0,0,0,0,0,0],"split_type":[0,0,0,0,0,0,0,0,0,0,0,0,0,0,0],"sum_hessian":[9E0,2E0,7E0,1E0,1E0,5E0,2E0,2E0,3E0,1E0,1E0,1E0,1E0,2E0,1E0],"tree_param":{"num_deleted":"0","num_feature":"2","num_nodes":"15","size_leaf_vector":"1"}},{"base_weights":[-3.1030273E-2,-5.000966E-1,1.487484E-1,-5.9901427E-2,-1.5113068E-2,3.1916301E-3,3.9027914E-1,-5.7291668E-2,4.7756195E-2,1.1473084E-2,4.7068786E-2,-6.8786624E-3,-1.7150879E-3,2.044169E-3,6.4849854E-3],"categories":[],"categories_nodes":[],"categories_segments":[],"categories_sizes":[],"default_left":[0,0,0,0,0,0,0,0,0,0,0,0,0,0,0],"id":62,"left_children":[1,3,5,-1,-1,7,9,11,13,-1,-1,-1,-1,-1,-1],"loss_changes":[9.1766983E-1,1.3027251E-2,2.8000584E-1,0E0,0E0,1.8908503E-2,1.24670565E-2,2.0449888E-4,5.419785E-4,0E0,0E0,0E0,0E0,0E0,0E0],"parents":[2147483647,0,0,1,1,2,2,5,5,6,6,7,7,8,8],"right_children":[2,4,6,-1,-1,8,10,12,14,-1,-1,-1,-1,-1,-1],"split_conditions":[2.0320873E-1,9.863906E-2,8.0915487E-1,-5.9901427E-2,-1.5113068E-2,4.9759835E-1,1E0,3.0307314E-1,7.0273083E-1,1.1473084E-2,4.7068786E-2,-6.8786624E-3,-1.7150879E-3,2.044169E-3,6.4849854E-3],"split_indices":[0,0,0,0,0,0,0,0,0,0,0,0,0,0,0],"split_type":[0,0,0,0,0,0,0,0,0,0,0,0,0,0,0],"sum_hessian":[9E0,2E0,7E0,1E0,1E0,5E0,2E0,2E0,3E0,1E0,1E0,1E0,1E0,2E0,1E0],"tree_param":{"num_deleted":"0","num_feature":"2","num_nodes":"15","size_leaf_vector":"1"}},{"base_weights":[-2.9582214E-2,-4.7509256E-1,1.4118195E-1,-5.690613E-2,-1.4357758E-2,2.861023E-3,3.7076315E-1,-5.44281E-2,4.511261E-2,1.0899353E-2,4.4715118E-2,-6.5345764E-3,-1.6296387E-3,1.9078574E-3,6.160736E-3],"categories":[],"categories_nodes":[],"categories_segments":[],"categories_sizes":[],"default_left":[0,0,0,0,0,0,0,0,0,0,0,0,0,0,0],"id":63,"left_children":[1,3,5,-1,-1,7,9,11,13,-1,-1,-1,-1,-1,-1],"loss_changes":[8.278465E-1,1.1751711E-2,2.529863E-1,0E0,0E0,1.6978731E-2,1.1251628E-2,1.8402748E-4,5.423194E-4,0E0,0E0,0E0,0E0,0E0,0E0],"parents":[2147483647,0,0,1,1,2,2,5,5,6,6,7,7,8,8],"right_children":[2,4,6,-1,-1,8,10,12,14,-1,-1,-1,-1,-1,-1],"split_conditions":[2.0320873E-1,9.863906E-2,8.0915487E-1,-5.690613E-2,-1.4357758E-2,4.9759835E-1,1E0,3.0307314E-1,7.0273083E-1,1.0899353E-2,4.4715118E-2,-6.5345764E-3,-1.6296387E-3,1.9078574E-3,6.160736E-3],"split_indices":[0,0,0,0,0,0,0,0,0,0,0,0,0,0,0],"split_type":[0,0,0,0,0,0,0,0,0,0,0,0,0,0,0],"sum_hessian":[9E0,2E0,7E0,1E0,1E0,5E0,2E0,2E0,3E0,1E0,1E0,1E0,1E0,2E0,1E0],"tree_param":{"num_deleted":"0","num_feature":"2","num_nodes":"15","size_leaf_vector":"1"}},{"base_weights":[-2.8198242E-2,-4.5133972E-1,1.340046E-1,-5.4061126E-2,-1.3639832E-2,2.5583904E-3,3.522288E-1,-5.170695E-2,4.2617798E-2,1.0354615E-2,4.2479705E-2,-6.2080384E-3,-1.5480042E-3,1.7807008E-3,5.852509E-3],"categories":[],"categories_nodes":[],"categories_segments":[],"categories_sizes":[],"default_left":[0,0,0,0,0,0,0,0,0,0,0,0,0,0,0],"id":64,"left_children":[1,3,5,-1,-1,7,9,11,13,-1,-1,-1,-1,-1,-1],"loss_changes":[7.4682915E-1,1.0607362E-2,2.2857682E-1,0E0,0E0,1.524666E-2,1.0153294E-2,1.6638543E-4,5.365331E-4,0E0,0E0,0E0,0E0,0E0,0E0],"parents":[2147483647,0,0,1,1,2,2,5,5,6,6,7,7,8,8],"right_children":[2,4,6,-1,-1,8,10,12,14,-1,-1,-1,-1,-1,-1],"split_conditions":[2.0320873E-1,9.863906E-2,8.0915487E-1,-5.4061126E-2,-1.3639832E-2,4.9759835E-1,1E0,3.0307314E-1,7.0273083E-1,1.0354615E-2,4.2479705E-2,-6.2080384E-3,-1.5480042E-3,1.7807008E-3,5.852509E-3],"split_indices":[0,0,0,0,0,0,0,0,0,0,0,0,0,0,0],"split_type":[0,0,0,0,0,0,0,0,0,0,0,0,0,0,0],"sum_hessian":[9E0,2E0,7E0,1E0,1E0,5E0,2E0,2E0,3E0,1E0,1E0,1E0,1E0,2E0,1E0],"tree_param":{"num_deleted":"0","num_feature":"2","num_nodes":"15","size_leaf_vector":"1"}},{"base_weights":[-2.6879882E-2,-4.2877197E-1,1.2718964E-1,-5.1358033E-2,-1.2957764E-2,2.2786458E-3,3.3461508E-1,-4.9123127E-2,4.0260315E-2,9.836579E-3,4.0355682E-2,-5.897522E-3,-1.4709473E-3,1.6616822E-3,5.55954E-3],"categories":[],"categories_nodes":[],"categories_segments":[],"categories_sizes":[],"default_left":[0,0,0,0,0,0,0,0,0,0,0,0,0,0,0],"id":65,"left_children":[1,3,5,-1,-1,7,9,11,13,-1,-1,-1,-1,-1,-1],"loss_changes":[6.737286E-1,9.573996E-3,2.0651525E-1,0E0,0E0,1.3691663E-2,9.166151E-3,1.4964538E-4,5.264813E-4,0E0,0E0,0E0,0E0,0E0,0E0],"parents":[2147483647,0,0,1,1,2,2,5,5,6,6,7,7,8,8],"right_children":[2,4,6,-1,-1,8,10,12,14,-1,-1,-1,-1,-1,-1],"split_conditions":[2.0320873E-1,9.863906E-2,8.0915487E-1,-5.1358033E-2,-1.2957764E-2,4.9759835E-1,1E0,3.0307314E-1,7.0273083E-1,9.836579E-3,4.0355682E-2,-5.897522E-3,-1.4709473E-3,1.6616822E-3,5.55954E-3],"split_indices":[0,0,0,0,0,0,0,0,0,0,0,0,0,0,0],"split_type":[0,0,0,0,0,0,0,0,0,0,0,0,0,0,0],"sum_hessian":[9E0,2E0,7E0,1E0,1E0,5E0,2E0,2E0,3E0,1E0,1E0,1E0,1E0,2E0,1E0],"tree_param":{"num_deleted":"0","num_feature":"2","num_nodes":"15","size_leaf_vector":"1"}},{"base_weights":[-2.5621032E-2,-4.0733337E-1,1.20723724E-1,-4.8789978E-2,-1.2310028E-2,2.0243328E-3,3.1788126E-1,-4.667155E-2,3.804016E-2,9.344483E-3,3.8337708E-2,-5.6030275E-3,-1.397705E-3,1.5508016E-3,5.2818297E-3],"categories":[],"categories_nodes":[],"categories_segments":[],"categories_sizes":[],"default_left":[0,0,0,0,0,0,0,0,0,0,0,0,0,0,0],"id":66,"left_children":[1,3,5,-1,-1,7,9,11,13,-1,-1,-1,-1,-1,-1],"loss_changes":[6.077908E-1,8.638293E-3,1.8657634E-1,0E0,0E0,1.2298328E-2,8.274317E-3,1.3479823E-4,5.128253E-4,0E0,0E0,0E0,0E0,0E0,0E0],"parents":[2147483647,0,0,1,1,2,2,5,5,6,6,7,7,8,8],"right_children":[2,4,6,-1,-1,8,10,12,14,-1,-1,-1,-1,-1,-1],"split_conditions":[2.0320873E-1,9.863906E-2,8.0915487E-1,-4.8789978E-2,-1.2310028E-2,4.9759835E-1,1E0,3.0307314E-1,7.0273083E-1,9.344483E-3,3.8337708E-2,-5.6030275E-3,-1.397705E-3,1.5508016E-3,5.2818297E-3],"split_indices":[0,0,0,0,0,0,0,0,0,0,0,0,0,0,0],"split_type":[0,0,0,0,0,0,0,0,0,0,0,0,0,0,0],"sum_hessian":[9E0,2E0,7E0,1E0,1E0,5E0,2E0,2E0,3E0,1E0,1E0,1E0,1E0,2E0,1E0],"tree_param":{"num_deleted":"0","num_feature":"2","num_nodes":"15","size_leaf_vector":"1"}},{"base_weights":[-2.4415588E-2,-3.869629E-1,1.145916E-1,-4.63501E-2,-1.1694336E-2,1.7929077E-3,3.019918E-1,-4.4336956E-2,3.5942078E-2,8.877563E-3,3.6421206E-2,-5.3230287E-3,-1.3275146E-3,7.30896E-4,4.305013E-3],"categories":[],"categories_nodes":[],"categories_segments":[],"categories_sizes":[],"default_left":[0,0,0,0,0,0,0,0,0,0,0,0,0,0,0],"id":67,"left_children":[1,3,5,-1,-1,7,9,11,13,-1,-1,-1,-1,-1,-1],"loss_changes":[5.4830945E-1,7.797003E-3,1.685665E-1,0E0,0E0,1.1045341E-2,7.4659586E-3,1.2208894E-4,4.9945153E-4,0E0,0E0,0E0,0E0,0E0,0E0],"parents":[2147483647,0,0,1,1,2,2,5,5,6,6,7,7,8,8],"right_children":[2,4,6,-1,-1,8,10,12,14,-1,-1,-1,-1,-1,-1],"split_conditions":[2.0320873E-1,9.863906E-2,8.0915487E-1,-4.63501E-2,-1.1694336E-2,4.9759835E-1,1E0,3.0307314E-1,6.062647E-1,8.877563E-3,3.6421206E-2,-5.3230287E-3,-1.3275146E-3,7.30896E-4,4.305013E-3],"split_indices":[0,0,0,0,0,0,0,0,0,0,0,0,0,0,0],"split_type":[0,0,0,0,0,0,0,0,0,0,0,0,0,0,0],"sum_hessian":[9E0,2E0,7E0,1E0,1E0,5E0,2E0,2E0,3E0,1E0,1E0,1E0,1E0,1E0,2E0],"tree_param":{"num_deleted":"0","num_feature":"2","num_nodes":"15","size_leaf_vector":"1"}},{"base_weights":[-2.3410033E-2,-3.6761475E-1,1.0859299E-1,-4.4032287E-2,-1.1109925E-2,1.3453165E-3,2.8689066E-1,-4.2119343E-2,3.3607483E-2,8.433533E-3,3.4600068E-2,-5.0567626E-3,-1.2611389E-3,1.2791952E-3,4.802704E-3],"categories":[],"categories_nodes":[],"categories_segments":[],"categories_sizes":[],"default_left":[0,0,0,0,0,0,0,0,0,0,0,0,0,0,0],"id":68,"left_children":[1,3,5,-1,-1,7,9,11,13,-1,-1,-1,-1,-1,-1],"loss_changes":[4.9428102E-1,7.0327222E-3,1.5259013E-1,0E0,0E0,9.82911E-3,6.739065E-3,1.1014659E-4,5.8624335E-4,0E0,0E0,0E0,0E0,0E0,0E0],"parents":[2147483647,0,0,1,1,2,2,5,5,6,6,7,7,8,8],"right_children":[2,4,6,-1,-1,8,10,12,14,-1,-1,-1,-1,-1,-1],"split_conditions":[2.0320873E-1,9.863906E-2,8.0915487E-1,-4.4032287E-2,-1.1109925E-2,4.9759835E-1,1E0,3.0307314E-1,7.0273083E-1,8.433533E-3,3.4600068E-2,-5.0567626E-3,-1.2611389E-3,1.2791952E-3,4.802704E-3],"split_indices":[0,0,0,0,0,0,0,0,0,0,0,0,0,0,0],"split_type":[0,0,0,0,0,0,0,0,0,0,0,0,0,0,0],"sum_hessian":[9E0,2E0,7E0,1E0,1E0,5E0,2E0,2E0,3E0,1E0,1E0,1E0,1E0,2E0,1E0],"tree_param":{"num_deleted":"0","num_feature":"2","num_nodes":"15","size_leaf_vector":"1"}},{"base_weights":[-2.2305299E-2,-3.49233E-1,1.0308075E-1,-4.1830447E-2,-1.0554505E-2,1.1698405E-3,2.7254233E-1,-4.001363E-2,3.1764984E-2,8.011627E-3,3.2869723E-2,-4.80423E-3,-1.1978149E-3,1.1937459E-3,4.562378E-3],"categories":[],"categories_nodes":[],"categories_segments":[],"categories_sizes":[],"default_left":[0,0,0,0,0,0,0,0,0,0,0,0,0,0,0],"id":69,"left_children":[1,3,5,-1,-1,7,9,11,13,-1,-1,-1,-1,-1,-1],"loss_changes":[4.4592094E-1,6.3456595E-3,1.3784102E-1,0E0,0E0,8.831117E-3,6.0829967E-3,9.980472E-5,5.545104E-4,0E0,0E0,0E0,0E0,0E0,0E0],"parents":[2147483647,0,0,1,1,2,2,5,5,6,6,7,7,8,8],"right_children":[2,4,6,-1,-1,8,10,12,14,-1,-1,-1,-1,-1,-1],"split_conditions":[2.0320873E-1,9.863906E-2,8.0915487E-1,-4.1830447E-2,-1.0554505E-2,4.9759835E-1,1E0,3.0307314E-1,7.0273083E-1,8.011627E-3,3.2869723E-2,-4.80423E-3,-1.1978149E-3,1.1937459E-3,4.562378E-3],"split_indices":[0,0,0,0,0,0,0,0,0,0,0,0,0,0,0],"split_type":[0,0,0,0,0,0,0,0,0,0,0,0,0,0,0],"sum_hessian":[9E0,2E0,7E0,1E0,1E0,5E0,2E0,2E0,3E0,1E0,1E0,1E0,1E0,2E0,1E0],"tree_param":{"num_deleted":"0","num_feature":"2","num_nodes":"15","size_leaf_vector":"1"}},{"base_weights":[-2.124939E-2,-3.3177185E-1,9.785271E-2,-3.973923E-2,-1.0026551E-2,1.0121664E-3,2.5891623E-1,-3.801473E-2,3.0029297E-2,7.6110843E-3,3.122635E-2,-4.563904E-3,-1.1383056E-3,1.1144002E-3,4.3342593E-3],"categories":[],"categories_nodes":[],"categories_segments":[],"categories_sizes":[],"default_left":[0,0,0,0,0,0,0,0,0,0,0,0,0,0,0],"id":70,"left_children":[1,3,5,-1,-1,7,9,11,13,-1,-1,-1,-1,-1,-1],"loss_changes":[4.0230352E-1,5.729884E-3,1.2451776E-1,0E0,0E0,7.936247E-3,5.489871E-3,8.963235E-5,5.2269176E-4,0E0,0E0,0E0,0E0,0E0,0E0],"parents":[2147483647,0,0,1,1,2,2,5,5,6,6,7,7,8,8],"right_children":[2,4,6,-1,-1,8,10,12,14,-1,-1,-1,-1,-1,-1],"split_conditions":[2.0320873E-1,9.863906E-2,8.0915487E-1,-3.973923E-2,-1.0026551E-2,4.9759835E-1,1E0,3.0307314E-1,7.0273083E-1,7.6110843E-3,3.122635E-2,-4.563904E-3,-1.1383056E-3,1.1144002E-3,4.3342593E-3],"split_indices":[0,0,0,0,0,0,0,0,0,0,0,0,0,0,0],"split_type":[0,0,0,0,0,0,0,0,0,0,0,0,0,0,0],"sum_hessian":[9E0,2E0,7E0,1E0,1E0,5E0,2E0,2E0,3E0,1E0,1E0,1E0,1E0,2E0,1E0],"tree_param":{"num_deleted":"0","num_feature":"2","num_nodes":"15","size_leaf_vector":"1"}},{"base_weights":[-2.024231E-2,-3.1518555E-1,9.289169E-2,-3.7752535E-2,-9.525299E-3,8.69751E-4,2.4597168E-1,-3.611247E-2,2.8388977E-2,7.2303773E-3,2.9665375E-2,-4.335785E-3,-1.0810852E-3,1.0401409E-3,4.1175843E-3],"categories":[],"categories_nodes":[],"categories_segments":[],"categories_sizes":[],"default_left":[0,0,0,0,0,0,0,0,0,0,0,0,0,0,0],"id":71,"left_children":[1,3,5,-1,-1,7,9,11,13,-1,-1,-1,-1,-1,-1],"loss_changes":[3.629592E-1,5.1712394E-3,1.1247981E-1,0E0,0E0,7.1315286E-3,4.9563646E-3,8.12239E-5,4.9173157E-4,0E0,0E0,0E0,0E0,0E0,0E0],"parents":[2147483647,0,0,1,1,2,2,5,5,6,6,7,7,8,8],"right_children":[2,4,6,-1,-1,8,10,12,14,-1,-1,-1,-1,-1,-1],"split_conditions":[2.0320873E-1,9.863906E-2,8.0915487E-1,-3.7752535E-2,-9.525299E-3,4.9759835E-1,1E0,3.0307314E-1,7.0273083E-1,7.2303773E-3,2.9665375E-2,-4.335785E-3,-1.0810852E-3,1.0401409E-3,4.1175843E-3],"split_indices":[0,0,0,0,0,0,0,0,0,0,0,0,0,0,0],"split_type":[0,0,0,0,0,0,0,0,0,0,0,0,0,0,0],"sum_hessian":[9E0,2E0,7E0,1E0,1E0,5E0,2E0,2E0,3E0,1E0,1E0,1E0,1E0,2E0,1E0],"tree_param":{"num_deleted":"0","num_feature":"2","num_nodes":"15","size_leaf_vector":"1"}},{"base_weights":[-1.9282531E-2,-2.994283E-1,8.818245E-2,-3.586502E-2,-9.049225E-3,7.4005127E-4,2.336731E-1,-3.4306843E-2,2.684021E-2,6.868744E-3,2.8182222E-2,-4.1191103E-3,-1.0269166E-3,9.709676E-4,3.9115907E-3],"categories":[],"categories_nodes":[],"categories_segments":[],"categories_sizes":[],"default_left":[0,0,0,0,0,0,0,0,0,0,0,0,0,0,0],"id":72,"left_children":[1,3,5,-1,-1,7,9,11,13,-1,-1,-1,-1,-1,-1],"loss_changes":[3.274629E-1,4.6657026E-3,1.0160348E-1,0E0,0E0,6.40918E-3,4.4740885E-3,7.344643E-5,4.6135392E-4,0E0,0E0,0E0,0E0,0E0,0E0],"parents":[2147483647,0,0,1,1,2,2,5,5,6,6,7,7,8,8],"right_children":[2,4,6,-1,-1,8,10,12,14,-1,-1,-1,-1,-1,-1],"split_conditions":[2.0320873E-1,9.863906E-2,8.0915487E-1,-3.586502E-2,-9.049225E-3,4.9759835E-1,1E0,3.0307314E-1,7.0273083E-1,6.868744E-3,2.8182222E-2,-4.1191103E-3,-1.0269166E-3,9.709676E-4,3.9115907E-3],"split_indices":[0,0,0,0,0,0,0,0,0,0,0,0,0,0,0],"split_type":[0,0,0,0,0,0,0,0,0,0,0,0,0,0,0],"sum_hessian":[9E0,2E0,7E0,1E0,1E0,5E0,2E0,2E0,3E0,1E0,1E0,1E0,1E0,2E0,1E0],"tree_param":{"num_deleted":"0","num_feature":"2","num_nodes":"15","size_leaf_vector":"1"}},{"base_weights":[-1.8368531E-2,-2.8445944E-1,8.3711624E-2,-3.4072112E-2,-8.596802E-3,6.205241E-4,2.2198994E-1,-3.2592773E-2,2.5375366E-2,6.525421E-3,2.677307E-2,-3.9131166E-3,-9.757996E-4,9.058635E-4,3.7162781E-3],"categories":[],"categories_nodes":[],"categories_segments":[],"categories_sizes":[],"default_left":[0,0,0,0,0,0,0,0,0,0,0,0,0,0,0],"id":73,"left_children":[1,3,5,-1,-1,7,9,11,13,-1,-1,-1,-1,-1,-1],"loss_changes":[2.9543853E-1,4.211277E-3,9.177983E-2,0E0,0E0,5.7601933E-3,4.037082E-3,6.606616E-5,4.326841E-4,0E0,0E0,0E0,0E0,0E0,0E0],"parents":[2147483647,0,0,1,1,2,2,5,5,6,6,7,7,8,8],"right_children":[2,4,6,-1,-1,8,10,12,14,-1,-1,-1,-1,-1,-1],"split_conditions":[2.0320873E-1,9.863906E-2,8.0915487E-1,-3.4072112E-2,-8.596802E-3,4.9759835E-1,1E0,3.0307314E-1,7.0273083E-1,6.525421E-3,2.677307E-2,-3.9131166E-3,-9.757996E-4,9.058635E-4,3.7162781E-3],"split_indices":[0,0,0,0,0,0,0,0,0,0,0,0,0,0,0],"split_type":[0,0,0,0,0,0,0,0,0,0,0,0,0,0,0],"sum_hessian":[9E0,2E0,7E0,1E0,1E0,5E0,2E0,2E0,3E0,1E0,1E0,1E0,1E0,2E0,1E0],"tree_param":{"num_deleted":"0","num_feature":"2","num_nodes":"15","size_leaf_vector":"1"}},{"base_weights":[-1.7497253E-2,-2.7023825E-1,7.946777E-2,-3.236847E-2,-8.167267E-3,5.137126E-4,2.1088664E-1,-3.096517E-2,2.3994446E-2,6.198883E-3,2.5434112E-2,-3.717804E-3,-9.2697144E-4,8.458455E-4,3.530121E-3],"categories":[],"categories_nodes":[],"categories_segments":[],"categories_sizes":[],"default_left":[0,0,0,0,0,0,0,0,0,0,0,0,0,0,0],"id":74,"left_children":[1,3,5,-1,-1,7,9,11,13,-1,-1,-1,-1,-1,-1],"loss_changes":[2.665456E-1,3.798291E-3,8.290009E-2,0E0,0E0,5.1778755E-3,3.644511E-3,5.974318E-5,4.0405313E-4,0E0,0E0,0E0,0E0,0E0,0E0],"parents":[2147483647,0,0,1,1,2,2,5,5,6,6,7,7,8,8],"right_children":[2,4,6,-1,-1,8,10,12,14,-1,-1,-1,-1,-1,-1],"split_conditions":[2.0320873E-1,9.863906E-2,8.0915487E-1,-3.236847E-2,-8.167267E-3,4.9759835E-1,1E0,3.0307314E-1,7.0273083E-1,6.198883E-3,2.5434112E-2,-3.717804E-3,-9.2697144E-4,8.458455E-4,3.530121E-3],"split_indices":[0,0,0,0,0,0,0,0,0,0,0,0,0,0,0],"split_type":[0,0,0,0,0,0,0,0,0,0,0,0,0,0,0],"sum_hessian":[9E0,2E0,7E0,1E0,1E0,5E0,2E0,2E0,3E0,1E0,1E0,1E0,1E0,2E0,1E0],"tree_param":{"num_deleted":"0","num_feature":"2","num_nodes":"15","size_leaf_vector":"1"}},{"base_weights":[-1.6662598E-2,-2.5672913E-1,7.5445175E-2,-3.0750275E-2,-7.7590942E-3,4.2215982E-4,2.0034282E-1,-2.9413858E-2,2.2693634E-2,5.88913E-3,2.4162292E-2,-3.5316467E-3,-8.8043214E-4,7.898967E-4,3.3538819E-3],"categories":[],"categories_nodes":[],"categories_segments":[],"categories_sizes":[],"default_left":[0,0,0,0,0,0,0,0,0,0,0,0,0,0,0],"id":75,"left_children":[1,3,5,-1,-1,7,9,11,13,-1,-1,-1,-1,-1,-1],"loss_changes":[2.4048892E-1,3.4270585E-3,7.487701E-2,0E0,0E0,4.65446E-3,3.2879189E-3,5.401252E-5,3.7688157E-4,0E0,0E0,0E0,0E0,0E0,0E0],"parents":[2147483647,0,0,1,1,2,2,5,5,6,6,7,7,8,8],"right_children":[2,4,6,-1,-1,8,10,12,14,-1,-1,-1,-1,-1,-1],"split_conditions":[2.0320873E-1,9.863906E-2,8.0915487E-1,-3.0750275E-2,-7.7590942E-3,4.9759835E-1,1E0,3.0307314E-1,7.0273083E-1,5.88913E-3,2.4162292E-2,-3.5316467E-3,-8.8043214E-4,7.898967E-4,3.3538819E-3],"split_indices":[0,0,0,0,0,0,0,0,0,0,0,0,0,0,0],"split_type":[0,0,0,0,0,0,0,0,0,0,0,0,0,0,0],"sum_hessian":[9E0,2E0,7E0,1E0,1E0,5E0,2E0,2E0,3E0,1E0,1E0,1E0,1E0,2E0,1E0],"tree_param":{"num_deleted":"0","num_feature":"2","num_nodes":"15","size_leaf_vector":"1"}},{"base_weights":[-1.5872192E-2,-2.4389648E-1,7.162094E-2,-2.9212952E-2,-7.371521E-3,3.3315024E-4,1.9032288E-1,-2.794393E-2,2.1457672E-2,5.594635E-3,2.2953797E-2,-3.3554079E-3,-8.361816E-4,7.369995E-4,3.1860352E-3],"categories":[],"categories_nodes":[],"categories_segments":[],"categories_sizes":[],"default_left":[0,0,0,0,0,0,0,0,0,0,0,0,0,0,0],"id":76,"left_children":[1,3,5,-1,-1,7,9,11,13,-1,-1,-1,-1,-1,-1],"loss_changes":[2.1697369E-1,3.0906945E-3,6.763257E-2,0E0,0E0,4.18365E-3,2.9669553E-3,4.90027E-5,3.5138777E-4,0E0,0E0,0E0,0E0,0E0,0E0],"parents":[2147483647,0,0,1,1,2,2,5,5,6,6,7,7,8,8],"right_children":[2,4,6,-1,-1,8,10,12,14,-1,-1,-1,-1,-1,-1],"split_conditions":[2.0320873E-1,9.863906E-2,8.0915487E-1,-2.9212952E-2,-7.371521E-3,4.9759835E-1,1E0,3.0307314E-1,7.0273083E-1,5.594635E-3,2.2953797E-2,-3.3554079E-3,-8.361816E-4,7.369995E-4,3.1860352E-3],"split_indices":[0,0,0,0,0,0,0,0,0,0,0,0,0,0,0],"split_type":[0,0,0,0,0,0,0,0,0,0,0,0,0,0,0],"sum_hessian":[9E0,2E0,7E0,1E0,1E0,5E0,2E0,2E0,3E0,1E0,1E0,1E0,1E0,2E0,1E0],"tree_param":{"num_deleted":"0","num_feature":"2","num_nodes":"15","size_leaf_vector":"1"}},{"base_weights":[-1.5115356E-2,-2.3170471E-1,6.799507E-2,-2.7752686E-2,-7.0030214E-3,2.568563E-4,1.8080647E-1,-2.6545206E-2,2.029419E-2,5.3146365E-3,2.1806335E-2,-3.1875612E-3,-7.9421996E-4,6.881714E-4,3.026581E-3],"categories":[],"categories_nodes":[],"categories_segments":[],"categories_sizes":[],"default_left":[0,0,0,0,0,0,0,0,0,0,0,0,0,0,0],"id":77,"left_children":[1,3,5,-1,-1,7,9,11,13,-1,-1,-1,-1,-1,-1],"loss_changes":[1.9576311E-1,2.789557E-3,6.1086703E-2,0E0,0E0,3.7609646E-3,2.6793852E-3,4.4322107E-5,3.2669585E-4,0E0,0E0,0E0,0E0,0E0,0E0],"parents":[2147483647,0,0,1,1,2,2,5,5,6,6,7,7,8,8],"right_children":[2,4,6,-1,-1,8,10,12,14,-1,-1,-1,-1,-1,-1],"split_conditions":[2.0320873E-1,9.863906E-2,8.0915487E-1,-2.7752686E-2,-7.0030214E-3,4.9759835E-1,1E0,3.0307314E-1,7.0273083E-1,5.3146365E-3,2.1806335E-2,-3.1875612E-3,-7.9421996E-4,6.881714E-4,3.026581E-3],"split_indices":[0,0,0,0,0,0,0,0,0,0,0,0,0,0,0],"split_type":[0,0,0,0,0,0,0,0,0,0,0,0,0,0,0],"sum_hessian":[9E0,2E0,7E0,1E0,1E0,5E0,2E0,2E0,3E0,1E0,1E0,1E0,1E0,2E0,1E0],"tree_param":{"num_deleted":"0","num_feature":"2","num_nodes":"15","size_leaf_vector":"1"}},{"base_weights":[-1.439209E-2,-2.2011821E-1,6.4554214E-2,-2.6364898E-2,-6.652832E-3,1.8819173E-4,1.7176819E-1,-2.5217691E-2,1.9195557E-2,5.049133E-3,2.0716095E-2,-3.0281066E-3,-7.5454713E-4,6.4239505E-4,2.8755188E-3],"categories":[],"categories_nodes":[],"categories_segments":[],"categories_sizes":[],"default_left":[0,0,0,0,0,0,0,0,0,0,0,0,0,0,0],"id":78,"left_children":[1,3,5,-1,-1,7,9,11,13,-1,-1,-1,-1,-1,-1],"loss_changes":[1.7662272E-1,2.5175363E-3,5.517517E-2,0E0,0E0,3.3814611E-3,2.4171472E-3,3.995828E-5,3.036455E-4,0E0,0E0,0E0,0E0,0E0,0E0],"parents":[2147483647,0,0,1,1,2,2,5,5,6,6,7,7,8,8],"right_children":[2,4,6,-1,-1,8,10,12,14,-1,-1,-1,-1,-1,-1],"split_conditions":[2.0320873E-1,9.863906E-2,8.0915487E-1,-2.6364898E-2,-6.652832E-3,4.9759835E-1,1E0,3.0307314E-1,7.0273083E-1,5.049133E-3,2.0716095E-2,-3.0281066E-3,-7.5454713E-4,6.4239505E-4,2.8755188E-3],"split_indices":[0,0,0,0,0,0,0,0,0,0,0,0,0,0,0],"split_type":[0,0,0,0,0,0,0,0,0,0,0,0,0,0,0],"sum_hessian":[9E0,2E0,7E0,1E0,1E0,5E0,2E0,2E0,3E0,1E0,1E0,1E0,1E0,2E0,1E0],"tree_param":{"num_deleted":"0","num_feature":"2","num_nodes":"15","size_leaf_vector":"1"}},{"base_weights":[-1.37054445E-2,-2.0911153E-1,6.128502E-2,-2.504654E-2,-6.3201906E-3,1.2461345E-4,1.6317749E-1,-2.3961386E-2,1.8157959E-2,4.7966004E-3,1.9680023E-2,-2.8770447E-3,-7.171631E-4,5.996704E-3,2.7320862E-3,1.8463135E-4,7.148743E-4],"categories":[],"categories_nodes":[],"categories_segments":[],"categories_sizes":[],"default_left":[0,0,0,0,0,0,0,0,0,0,0,0,0,0,0,0,0],"id":79,"left_children":[1,3,5,-1,-1,7,9,11,13,-1,-1,-1,-1,15,-1,-1,-1],"loss_changes":[1.5935133E-1,2.2718906E-3,4.9833946E-2,0E0,0E0,3.0411966E-3,2.181463E-3,3.5897945E-5,2.8189446E-4,0E0,0E0,0E0,0E0,1.1454104E-6,0E0,0E0,0E0],"parents":[2147483647,0,0,1,1,2,2,5,5,6,6,7,7,8,8,13,13],"right_children":[2,4,6,-1,-1,8,10,12,14,-1,-1,-1,-1,16,-1,-1,-1],"split_conditions":[2.0320873E-1,9.863906E-2,8.0915487E-1,-2.504654E-2,-6.3201906E-3,4.9759835E-1,1E0,3.0307314E-1,7.0273083E-1,4.7966004E-3,1.9680023E-2,-2.8770447E-3,-7.171631E-4,6.062647E-1,2.7320862E-3,1.8463135E-4,7.148743E-4],"split_indices":[0,0,0,0,0,0,0,0,0,0,0,0,0,0,0,0,0],"split_type":[0,0,0,0,0,0,0,0,0,0,0,0,0,0,0,0,0],"sum_hessian":[9E0,2E0,7E0,1E0,1E0,5E0,2E0,2E0,3E0,1E0,1E0,1E0,1E0,2E0,1E0,1E0,1E0],"tree_param":{"num_deleted":"0","num_feature":"2","num_nodes":"17","size_leaf_vector":"1"}},{"base_weights":[-1.30203245E-2,-1.9865926E-1,5.8221817E-2,-2.3794556E-2,-6.0043335E-3,1.1952718E-4,1.5501912E-1,-2.2761026E-2,1.7250061E-2,4.5570373E-3,1.8695831E-2,-2.7328492E-3,-6.8130495E-4,5.6966147E-3,2.59552E-3,1.7547607E-4,6.790161E-4],"categories":[],"categories_nodes":[],"categories_segments":[],"categories_sizes":[],"default_left":[0,0,0,0,0,0,0,0,0,0,0,0,0,0,0,0,0],"id":80,"left_children":[1,3,5,-1,-1,7,9,11,13,-1,-1,-1,-1,15,-1,-1,-1],"loss_changes":[1.4381947E-1,2.0500645E-3,4.4974636E-2,0E0,0E0,2.7443657E-3,1.9673556E-3,3.233517E-5,2.544407E-4,0E0,0E0,0E0,0E0,1.0166914E-6,0E0,0E0,0E0],"parents":[2147483647,0,0,1,1,2,2,5,5,6,6,7,7,8,8,13,13],"right_children":[2,4,6,-1,-1,8,10,12,14,-1,-1,-1,-1,16,-1,-1,-1],"split_conditions":[2.0320873E-1,9.863906E-2,8.0915487E-1,-2.3794556E-2,-6.0043335E-3,4.9759835E-1,1E0,3.0307314E-1,7.0273083E-1,4.5570373E-3,1.8695831E-2,-2.7328492E-3,-6.8130495E-4,6.062647E-1,2.59552E-3,1.7547607E-4,6.790161E-4],"split_indices":[0,0,0,0,0,0,0,0,0,0,0,0,0,0,0,0,0],"split_type":[0,0,0,0,0,0,0,0,0,0,0,0,0,0,0,0,0],"sum_hessian":[9E0,2E0,7E0,1E0,1E0,5E0,2E0,2E0,3E0,1E0,1E0,1E0,1E0,2E0,1E0,1E0,1E0],"tree_param":{"num_deleted":"0","num_feature":"2","num_nodes":"17","size_leaf_vector":"1"}},{"base_weights":[-1.2368774E-2,-1.8872578E-1,5.5311203E-2,-2.2605134E-2,-5.7037356E-3,1.1444092E-4,1.4726765E-1,-2.1621704E-2,1.638794E-2,4.3289186E-3,1.776123E-2,-2.596283E-3,-6.469727E-4,5.411784E-4,2.4658204E-3],"categories":[],"categories_nodes":[],"categories_segments":[],"categories_sizes":[],"default_left":[0,0,0,0,0,0,0,0,0,0,0,0,0,0,0],"id":81,"left_children":[1,3,5,-1,-1,7,9,11,13,-1,-1,-1,-1,-1,-1],"loss_changes":[1.2979703E-1,1.8526539E-3,4.0588737E-2,0E0,0E0,2.4766736E-3,1.7768815E-3,2.9357616E-5,2.2965798E-4,0E0,0E0,0E0,0E0,0E0,0E0],"parents":[2147483647,0,0,1,1,2,2,5,5,6,6,7,7,8,8],"right_children":[2,4,6,-1,-1,8,10,12,14,-1,-1,-1,-1,-1,-1],"split_conditions":[2.0320873E-1,9.863906E-2,8.0915487E-1,-2.2605134E-2,-5.7037356E-3,4.9759835E-1,1E0,3.0307314E-1,7.0273083E-1,4.3289186E-3,1.776123E-2,-2.596283E-3,-6.469727E-4,5.411784E-4,2.4658204E-3],"split_indices":[0,0,0,0,0,0,0,0,0,0,0,0,0,0,0],"split_type":[0,0,0,0,0,0,0,0,0,0,0,0,0,0,0],"sum_hessian":[9E0,2E0,7E0,1E0,1E0,5E0,2E0,2E0,3E0,1E0,1E0,1E0,1E0,2E0,1E0],"tree_param":{"num_deleted":"0","num_feature":"2","num_nodes":"15","size_leaf_vector":"1"}},{"base_weights":[-1.177826E-2,-1.7929077E-1,5.2511215E-2,-2.147522E-2,-5.418396E-3,6.3578285E-5,1.3990276E-1,-2.0543417E-2,1.550293E-2,4.1122437E-3,1.687317E-2,-2.4665834E-3,-6.149292E-4,5.0557456E-3,2.3422241E-3,1.3961793E-4,6.187439E-4],"categories":[],"categories_nodes":[],"categories_segments":[],"categories_sizes":[],"default_left":[0,0,0,0,0,0,0,0,0,0,0,0,0,0,0,0,0],"id":82,"left_children":[1,3,5,-1,-1,7,9,11,13,-1,-1,-1,-1,15,-1,-1,-1],"loss_changes":[1.171077E-1,1.6732663E-3,3.6658943E-2,0E0,0E0,2.227435E-3,1.6045347E-3,2.6338268E-5,2.1252118E-4,0E0,0E0,0E0,0E0,3.7857462E-6,0E0,0E0,0E0],"parents":[2147483647,0,0,1,1,2,2,5,5,6,6,7,7,8,8,13,13],"right_children":[2,4,6,-1,-1,8,10,12,14,-1,-1,-1,-1,16,-1,-1,-1],"split_conditions":[2.0320873E-1,9.863906E-2,8.0915487E-1,-2.147522E-2,-5.418396E-3,4.9759835E-1,1E0,3.0307314E-1,7.0273083E-1,4.1122437E-3,1.687317E-2,-2.4665834E-3,-6.149292E-4,6.062647E-1,2.3422241E-3,1.3961793E-4,6.187439E-4],"split_indices":[0,0,0,0,0,0,0,0,0,0,0,0,0,0,0,0,0],"split_type":[0,0,0,0,0,0,0,0,0,0,0,0,0,0,0,0,0],"sum_hessian":[9E0,2E0,7E0,1E0,1E0,5E0,2E0,2E0,3E0,1E0,1E0,1E0,1E0,2E0,1E0,1E0,1E0],"tree_param":{"num_deleted":"0","num_feature":"2","num_nodes":"17","size_leaf_vector":"1"}},{"base_weights":[-1.1192322E-2,-1.7032878E-1,4.988289E-2,-2.0401765E-2,-5.1475526E-3,5.8492024E-5,1.3290405E-1,-1.9515991E-2,1.4724731E-2,3.90625E-3,1.6029358E-2,-2.342987E-3,-5.844116E-4,4.801432E-3,2.2247315E-3,1.3275146E-4,5.874634E-4],"categories":[],"categories_nodes":[],"categories_segments":[],"categories_sizes":[],"default_left":[0,0,0,0,0,0,0,0,0,0,0,0,0,0,0,0,0],"id":83,"left_children":[1,3,5,-1,-1,7,9,11,13,-1,-1,-1,-1,15,-1,-1,-1],"loss_changes":[1.0568942E-1,1.5101731E-3,3.3084065E-2,0E0,0E0,2.009872E-3,1.4493577E-3,2.3603323E-5,1.9177643E-4,0E0,0E0,0E0,0E0,3.385976E-6,0E0,0E0,0E0],"parents":[2147483647,0,0,1,1,2,2,5,5,6,6,7,7,8,8,13,13],"right_children":[2,4,6,-1,-1,8,10,12,14,-1,-1,-1,-1,16,-1,-1,-1],"split_conditions":[2.0320873E-1,9.863906E-2,8.0915487E-1,-2.0401765E-2,-5.1475526E-3,4.9759835E-1,1E0,3.0307314E-1,7.0273083E-1,3.90625E-3,1.6029358E-2,-2.342987E-3,-5.844116E-4,6.062647E-1,2.2247315E-3,1.3275146E-4,5.874634E-4],"split_indices":[0,0,0,0,0,0,0,0,0,0,0,0,0,0,0,0,0],"split_type":[0,0,0,0,0,0,0,0,0,0,0,0,0,0,0,0,0],"sum_hessian":[9E0,2E0,7E0,1E0,1E0,5E0,2E0,2E0,3E0,1E0,1E0,1E0,1E0,2E0,1E0,1E0,1E0],"tree_param":{"num_deleted":"0","num_feature":"2","num_nodes":"17","size_leaf_vector":"1"}},{"base_weights":[-1.0632324E-2,-1.6181438E-1,4.7389984E-2,-1.9381715E-2,-4.890442E-3,5.5948894E-5,1.262614E-1,-1.8539429E-2,1.3988495E-2,3.7109375E-3,1.52282715E-2,-2.2254945E-3,-5.5541995E-4,4.562378E-3,2.1133423E-3,1.2588501E-4,5.584717E-4],"categories":[],"categories_nodes":[],"categories_segments":[],"categories_sizes":[],"default_left":[0,0,0,0,0,0,0,0,0,0,0,0,0,0,0,0,0],"id":84,"left_children":[1,3,5,-1,-1,7,9,11,13,-1,-1,-1,-1,15,-1,-1,-1],"loss_changes":[9.53877E-2,1.3617799E-3,2.9859351E-2,0E0,0E0,1.8138244E-3,1.3084449E-3,2.1132058E-5,1.7297704E-4,0E0,0E0,0E0,0E0,3.1016534E-6,0E0,0E0,0E0],"parents":[2147483647,0,0,1,1,2,2,5,5,6,6,7,7,8,8,13,13],"right_children":[2,4,6,-1,-1,8,10,12,14,-1,-1,-1,-1,16,-1,-1,-1],"split_conditions":[2.0320873E-1,9.863906E-2,8.0915487E-1,-1.9381715E-2,-4.890442E-3,4.9759835E-1,1E0,3.0307314E-1,7.0273083E-1,3.7109375E-3,1.52282715E-2,-2.2254945E-3,-5.5541995E-4,6.062647E-1,2.1133423E-3,1.2588501E-4,5.584717E-4],"split_indices":[0,0,0,0,0,0,0,0,0,0,0,0,0,0,0,0,0],"split_type":[0,0,0,0,0,0,0,0,0,0,0,0,0,0,0,0,0],"sum_hessian":[9E0,2E0,7E0,1E0,1E0,5E0,2E0,2E0,3E0,1E0,1E0,1E0,1E0,2E0,1E0,1E0,1E0],"tree_param":{"num_deleted":"0","num_feature":"2","num_nodes":"17","size_leaf_vector":"1"}},{"base_weights":[-1.0101318E-2,-1.5372722E-1,4.5021057E-2,-1.8412782E-2,-4.6463013E-3,5.340576E-5,1.1994934E-1,-1.761373E-2,1.3290405E-2,3.5255433E-3,1.44668585E-2,-2.1141053E-3,-5.2795414E-4,4.333496E-3,2.0080567E-3,1.1978149E-4,5.302429E-4],"categories":[],"categories_nodes":[],"categories_segments":[],"categories_sizes":[],"default_left":[0,0,0,0,0,0,0,0,0,0,0,0,0,0,0,0,0],"id":85,"left_children":[1,3,5,-1,-1,7,9,11,13,-1,-1,-1,-1,15,-1,-1,-1],"loss_changes":[8.6090975E-2,1.2275577E-3,2.6948389E-2,0E0,0E0,1.6372526E-3,1.1803508E-3,1.8904975E-5,1.5625637E-4,0E0,0E0,0E0,0E0,2.763467E-6,0E0,0E0,0E0],"parents":[2147483647,0,0,1,1,2,2,5,5,6,6,7,7,8,8,13,13],"right_children":[2,4,6,-1,-1,8,10,12,14,-1,-1,-1,-1,16,-1,-1,-1],"split_conditions":[2.0320873E-1,9.863906E-2,8.0915487E-1,-1.8412782E-2,-4.6463013E-3,4.9759835E-1,1E0,3.0307314E-1,7.0273083E-1,3.5255433E-3,1.44668585E-2,-2.1141053E-3,-5.2795414E-4,6.062647E-1,2.0080567E-3,1.1978149E-4,5.302429E-4],"split_indices":[0,0,0,0,0,0,0,0,0,0,0,0,0,0,0,0,0],"split_type":[0,0,0,0,0,0,0,0,0,0,0,0,0,0,0,0,0],"sum_hessian":[9E0,2E0,7E0,1E0,1E0,5E0,2E0,2E0,3E0,1E0,1E0,1E0,1E0,2E0,1E0,1E0,1E0],"tree_param":{"num_deleted":"0","num_feature":"2","num_nodes":"17","size_leaf_vector":"1"}},{"base_weights":[-9.596253E-3,-1.4604187E-1,4.2770386E-2,-1.7491912E-2,-4.414368E-3,5.086263E-5,1.1395264E-1,-1.672872E-2,1.2622833E-2,3.3493042E-3,1.37435915E-2,-2.0080567E-3,-5.0125126E-4,4.1147866E-3,1.9073486E-3,1.1367798E-4,5.0354004E-4],"categories":[],"categories_nodes":[],"categories_segments":[],"categories_sizes":[],"default_left":[0,0,0,0,0,0,0,0,0,0,0,0,0,0,0,0,0],"id":86,"left_children":[1,3,5,-1,-1,7,9,11,13,-1,-1,-1,-1,15,-1,-1,-1],"loss_changes":[7.7698246E-2,1.1060461E-3,2.4321178E-2,0E0,0E0,1.4768783E-3,1.065217E-3,1.7158745E-5,1.4104648E-4,0E0,0E0,0E0,0E0,2.5006411E-6,0E0,0E0,0E0],"parents":[2147483647,0,0,1,1,2,2,5,5,6,6,7,7,8,8,13,13],"right_children":[2,4,6,-1,-1,8,10,12,14,-1,-1,-1,-1,16,-1,-1,-1],"split_conditions":[2.0320873E-1,9.863906E-2,8.0915487E-1,-1.7491912E-2,-4.414368E-3,4.9759835E-1,1E0,3.0307314E-1,7.0273083E-1,3.3493042E-3,1.37435915E-2,-2.0080567E-3,-5.0125126E-4,6.062647E-1,1.9073486E-3,1.1367798E-4,5.0354004E-4],"split_indices":[0,0,0,0,0,0,0,0,0,0,0,0,0,0,0,0,0],"split_type":[0,0,0,0,0,0,0,0,0,0,0,0,0,0,0,0,0],"sum_hessian":[9E0,2E0,7E0,1E0,1E0,5E0,2E0,2E0,3E0,1E0,1E0,1E0,1E0,2E0,1E0,1E0,1E0],"tree_param":{"num_deleted":"0","num_feature":"2","num_nodes":"17","size_leaf_vector":"1"}},{"base_weights":[-9.117126E-3,-1.3874309E-1,4.0632248E-2,-1.6617585E-2,-4.1938783E-3,5.086263E-5,1.0825094E-1,-1.5889486E-2,1.1993408E-2,3.1814575E-3,1.3056183E-2,-1.9073486E-3,-4.7607423E-4,3.9113364E-3,1.8119812E-3,1.083374E-4,4.7836304E-4],"categories":[],"categories_nodes":[],"categories_segments":[],"categories_sizes":[],"default_left":[0,0,0,0,0,0,0,0,0,0,0,0,0,0,0,0,0],"id":87,"left_children":[1,3,5,-1,-1,7,9,11,13,-1,-1,-1,-1,15,-1,-1,-1],"loss_changes":[7.012555E-2,9.976178E-4,2.194697E-2,0E0,0E0,1.3327791E-3,9.6232444E-4,1.5497848E-5,1.2718345E-4,0E0,0E0,0E0,0E0,2.2179847E-6,0E0,0E0,0E0],"parents":[2147483647,0,0,1,1,2,2,5,5,6,6,7,7,8,8,13,13],"right_children":[2,4,6,-1,-1,8,10,12,14,-1,-1,-1,-1,16,-1,-1,-1],"split_conditions":[2.0320873E-1,9.863906E-2,8.0915487E-1,-1.6617585E-2,-4.1938783E-3,4.9759835E-1,1E0,3.0307314E-1,7.0273083E-1,3.1814575E-3,1.3056183E-2,-1.9073486E-3,-4.7607423E-4,6.062647E-1,1.8119812E-3,1.083374E-4,4.7836304E-4],"split_indices":[0,0,0,0,0,0,0,0,0,0,0,0,0,0,0,0,0],"split_type":[0,0,0,0,0,0,0,0,0,0,0,0,0,0,0,0,0],"sum_hessian":[9E0,2E0,7E0,1E0,1E0,5E0,2E0,2E0,3E0,1E0,1E0,1E0,1E0,2E0,1E0,1E0,1E0],"tree_param":{"num_deleted":"0","num_feature":"2","num_nodes":"17","size_leaf_vector":"1"}},{"base_weights":[-8.660888E-3,-1.3180542E-1,3.860092E-2,-1.5786743E-2,-3.98407E-3,4.83195E-5,1.0283915E-1,-1.5096028E-2,1.1394501E-2,3.0227662E-3,1.2403107E-2,-1.8119812E-3,-4.524231E-4,3.7180583E-3,1.7211915E-3,1.02996826E-4,4.5471193E-4],"categories":[],"categories_nodes":[],"categories_segments":[],"categories_sizes":[],"default_left":[0,0,0,0,0,0,0,0,0,0,0,0,0,0,0,0,0],"id":88,"left_children":[1,3,5,-1,-1,7,9,11,13,-1,-1,-1,-1,15,-1,-1,-1],"loss_changes":[6.3288145E-2,9.00805E-4,1.9807441E-2,0E0,0E0,1.2029948E-3,8.671582E-4,1.3922283E-5,1.14633236E-4,0E0,0E0,0E0,0E0,2.0023836E-6,0E0,0E0,0E0],"parents":[2147483647,0,0,1,1,2,2,5,5,6,6,7,7,8,8,13,13],"right_children":[2,4,6,-1,-1,8,10,12,14,-1,-1,-1,-1,16,-1,-1,-1],"split_conditions":[2.0320873E-1,9.863906E-2,8.0915487E-1,-1.5786743E-2,-3.98407E-3,4.9759835E-1,1E0,3.0307314E-1,7.0273083E-1,3.0227662E-3,1.2403107E-2,-1.8119812E-3,-4.524231E-4,6.062647E-1,1.7211915E-3,1.02996826E-4,4.5471193E-4],"split_indices":[0,0,0,0,0,0,0,0,0,0,0,0,0,0,0,0,0],"split_type":[0,0,0,0,0,0,0,0,0,0,0,0,0,0,0,0,0],"sum_hessian":[9E0,2E0,7E0,1E0,1E0,5E0,2E0,2E0,3E0,1E0,1E0,1E0,1E0,2E0,1E0,1E0,1E0],"tree_param":{"num_deleted":"0","num_feature":"2","num_nodes":"17","size_leaf_vector":"1"}},{"base_weights":[-8.227539E-3,-1.2521362E-1,3.6670685E-2,-1.4997101E-2,-3.7849427E-3,4.5776367E-5,9.769694E-2,-1.4338176E-2,1.0822296E-2,2.871704E-3,1.1782837E-2,-1.7211915E-3,-4.295349E-4,3.5298665E-3,1.6349793E-3,9.765625E-5,4.3182375E-4],"categories":[],"categories_nodes":[],"categories_segments":[],"categories_sizes":[],"default_left":[0,0,0,0,0,0,0,0,0,0,0,0,0,0,0,0,0],"id":89,"left_children":[1,3,5,-1,-1,7,9,11,13,-1,-1,-1,-1,15,-1,-1,-1],"loss_changes":[5.7116345E-2,8.124113E-4,1.7876178E-2,0E0,0E0,1.0852256E-3,7.823091E-4,1.2650213E-5,1.0352291E-4,0E0,0E0,0E0,0E0,1.8218234E-6,0E0,0E0,0E0],"parents":[2147483647,0,0,1,1,2,2,5,5,6,6,7,7,8,8,13,13],"right_children":[2,4,6,-1,-1,8,10,12,14,-1,-1,-1,-1,16,-1,-1,-1],"split_conditions":[2.0320873E-1,9.863906E-2,8.0915487E-1,-1.4997101E-2,-3.7849427E-3,4.9759835E-1,1E0,3.0307314E-1,7.0273083E-1,2.871704E-3,1.1782837E-2,-1.7211915E-3,-4.295349E-4,6.062647E-1,1.6349793E-3,9.765625E-5,4.3182375E-4],"split_indices":[0,0,0,0,0,0,0,0,0,0,0,0,0,0,0,0,0],"split_type":[0,0,0,0,0,0,0,0,0,0,0,0,0,0,0,0,0],"sum_hessian":[9E0,2E0,7E0,1E0,1E0,5E0,2E0,2E0,3E0,1E0,1E0,1E0,1E0,2E0,1E0,1E0,1E0],"tree_param":{"num_deleted":"0","num_feature":"2","num_nodes":"17","size_leaf_vector":"1"}},{"base_weights":[-7.8140255E-3,-1.1895243E-1,3.483963E-2,-1.42471315E-2,-3.5957338E-3,4.5776367E-5,9.2814125E-2,-1.3621013E-2,1.0284424E-2,2.7282715E-3,1.1193848E-2,-1.6349793E-3,-4.081726E-4,3.3569336E-3,1.5533448E-3,9.307861E-5,4.1046142E-4],"categories":[],"categories_nodes":[],"categories_segments":[],"categories_sizes":[],"default_left":[0,0,0,0,0,0,0,0,0,0,0,0,0,0,0,0,0],"id":90,"left_children":[1,3,5,-1,-1,7,9,11,13,-1,-1,-1,-1,15,-1,-1,-1],"loss_changes":[5.154885E-2,7.3296577E-4,1.6133003E-2,0E0,0E0,9.796608E-4,7.0575066E-4,1.1356489E-5,9.330548E-5,0E0,0E0,0E0,0E0,1.6214326E-6,0E0,0E0,0E0],"parents":[2147483647,0,0,1,1,2,2,5,5,6,6,7,7,8,8,13,13],"right_children":[2,4,6,-1,-1,8,10,12,14,-1,-1,-1,-1,16,-1,-1,-1],"split_conditions":[2.0320873E-1,9.863906E-2,8.0915487E-1,-1.42471315E-2,-3.5957338E-3,4.9759835E-1,1E0,3.0307314E-1,7.0273083E-1,2.7282715E-3,1.1193848E-2,-1.6349793E-3,-4.081726E-4,6.062647E-1,1.5533448E-3,9.307861E-5,4.1046142E-4],"split_indices":[0,0,0,0,0,0,0,0,0,0,0,0,0,0,0,0,0],"split_type":[0,0,0,0,0,0,0,0,0,0,0,0,0,0,0,0,0],"sum_hessian":[9E0,2E0,7E0,1E0,1E0,5E0,2E0,2E0,3E0,1E0,1E0,1E0,1E0,2E0,1E0,1E0,1E0],"tree_param":{"num_deleted":"0","num_feature":"2","num_nodes":"17","size_leaf_vector":"1"}},{"base_weights":[-7.423401E-3,-1.130015E-1,3.3096313E-2,-1.3534546E-2,-3.41568E-3,4.3233234E-5,8.817037E-2,-1.2939453E-2,9.76944E-3,2.5917054E-3,1.06338505E-2,-1.5533448E-3,-3.8757324E-4,3.189087E-3,1.475525E-3,8.850098E-5,3.8986208E-4],"categories":[],"categories_nodes":[],"categories_segments":[],"categories_sizes":[],"default_left":[0,0,0,0,0,0,0,0,0,0,0,0,0,0,0,0,0],"id":91,"left_children":[1,3,5,-1,-1,7,9,11,13,-1,-1,-1,-1,15,-1,-1,-1],"loss_changes":[4.6519883E-2,6.621368E-4,1.4559127E-2,0E0,0E0,8.840449E-4,6.370973E-4,1.033023E-5,8.4177766E-5,0E0,0E0,0E0,0E0,1.4541438E-6,0E0,0E0,0E0],"parents":[2147483647,0,0,1,1,2,2,5,5,6,6,7,7,8,8,13,13],"right_children":[2,4,6,-1,-1,8,10,12,14,-1,-1,-1,-1,16,-1,-1,-1],"split_conditions":[2.0320873E-1,9.863906E-2,8.0915487E-1,-1.3534546E-2,-3.41568E-3,4.9759835E-1,1E0,3.0307314E-1,7.0273083E-1,2.5917054E-3,1.06338505E-2,-1.5533448E-3,-3.8757324E-4,6.062647E-1,1.475525E-3,8.850098E-5,3.8986208E-4],"split_indices":[0,0,0,0,0,0,0,0,0,0,0,0,0,0,0,0,0],"split_type":[0,0,0,0,0,0,0,0,0,0,0,0,0,0,0,0,0],"sum_hessian":[9E0,2E0,7E0,1E0,1E0,5E0,2E0,2E0,3E0,1E0,1E0,1E0,1E0,2E0,1E0,1E0,1E0],"tree_param":{"num_deleted":"0","num_feature":"2","num_nodes":"17","size_leaf_vector":"1"}},{"base_weights":[-7.054138E-3,-1.0735067E-1,3.1438828E-2,-1.2857819E-2,-3.2447816E-3,3.8146973E-5,8.376058E-2,-1.2293498E-2,9.277344E-3,2.4620057E-3,1.0102081E-2,-1.475525E-3,-3.6849975E-4,3.0263264E-3,1.4015198E-3,8.392334E-5,3.7002563E-4],"categories":[],"categories_nodes":[],"categories_segments":[],"categories_sizes":[],"default_left":[0,0,0,0,0,0,0,0,0,0,0,0,0,0,0,0,0],"id":92,"left_children":[1,3,5,-1,-1,7,9,11,13,-1,-1,-1,-1,15,-1,-1,-1],"loss_changes":[4.1982085E-2,5.97924E-4,1.3140313E-2,0E0,0E0,7.97658E-4,5.752016E-4,9.202893E-6,7.6051074E-5,0E0,0E0,0E0,0E0,1.3164627E-6,0E0,0E0,0E0],"parents":[2147483647,0,0,1,1,2,2,5,5,6,6,7,7,8,8,13,13],"right_children":[2,4,6,-1,-1,8,10,12,14,-1,-1,-1,-1,16,-1,-1,-1],"split_conditions":[2.0320873E-1,9.863906E-2,8.0915487E-1,-1.2857819E-2,-3.2447816E-3,4.9759835E-1,1E0,3.0307314E-1,7.0273083E-1,2.4620057E-3,1.0102081E-2,-1.475525E-3,-3.6849975E-4,6.062647E-1,1.4015198E-3,8.392334E-5,3.7002563E-4],"split_indices":[0,0,0,0,0,0,0,0,0,0,0,0,0,0,0,0,0],"split_type":[0,0,0,0,0,0,0,0,0,0,0,0,0,0,0,0,0],"sum_hessian":[9E0,2E0,7E0,1E0,1E0,5E0,2E0,2E0,3E0,1E0,1E0,1E0,1E0,2E0,1E0,1E0,1E0],"tree_param":{"num_deleted":"0","num_feature":"2","num_nodes":"17","size_leaf_vector":"1"}},{"base_weights":[-6.7001344E-3,-1.01979576E-1,2.9867172E-2,-1.2214661E-2,-3.0822754E-3,3.560384E-5,7.9574585E-2,-1.167806E-2,8.811951E-3,2.3391724E-3,9.597016E-3,-1.4015198E-3,-3.5018922E-4,2.8737385E-3,1.3313293E-3,7.934571E-5,3.517151E-4],"categories":[],"categories_nodes":[],"categories_segments":[],"categories_sizes":[],"default_left":[0,0,0,0,0,0,0,0,0,0,0,0,0,0,0,0,0],"id":93,"left_children":[1,3,5,-1,-1,7,9,11,13,-1,-1,-1,-1,15,-1,-1,-1],"loss_changes":[3.7886962E-2,5.401708E-4,1.1859968E-2,0E0,0E0,7.1972556E-4,5.185418E-4,8.246774E-6,6.86608E-5,0E0,0E0,0E0,0E0,1.2247274E-6,0E0,0E0,0E0],"parents":[2147483647,0,0,1,1,2,2,5,5,6,6,7,7,8,8,13,13],"right_children":[2,4,6,-1,-1,8,10,12,14,-1,-1,-1,-1,16,-1,-1,-1],"split_conditions":[2.0320873E-1,9.863906E-2,8.0915487E-1,-1.2214661E-2,-3.0822754E-3,4.9759835E-1,1E0,3.0307314E-1,7.0273083E-1,2.3391724E-3,9.597016E-3,-1.4015198E-3,-3.5018922E-4,6.062647E-1,1.3313293E-3,7.934571E-5,3.517151E-4],"split_indices":[0,0,0,0,0,0,0,0,0,0,0,0,0,0,0,0,0],"split_type":[0,0,0,0,0,0,0,0,0,0,0,0,0,0,0,0,0],"sum_hessian":[9E0,2E0,7E0,1E0,1E0,5E0,2E0,2E0,3E0,1E0,1E0,1E0,1E0,2E0,1E0,1E0,1E0],"tree_param":{"num_deleted":"0","num_feature":"2","num_nodes":"17","size_leaf_vector":"1"}},{"base_weights":[-6.364441E-3,-9.688314E-2,2.8375626E-2,-1.1604309E-2,-2.9281618E-3,3.560384E-5,7.559713E-2,-1.109314E-2,8.3732605E-3,2.2224428E-3,9.117126E-3,-1.3313293E-3,-3.3264162E-4,2.7313232E-3,1.2649536E-3,7.553101E-5,3.3416747E-4],"categories":[],"categories_nodes":[],"categories_segments":[],"categories_sizes":[],"default_left":[0,0,0,0,0,0,0,0,0,0,0,0,0,0,0,0,0],"id":94,"left_children":[1,3,5,-1,-1,7,9,11,13,-1,-1,-1,-1,15,-1,-1,-1],"loss_changes":[3.4195375E-2,4.877951E-4,1.0703376E-2,0E0,0E0,6.496116E-4,4.6747178E-4,7.4444106E-6,6.195594E-5,0E0,0E0,0E0,0E0,1.0941876E-6,0E0,0E0,0E0],"parents":[2147483647,0,0,1,1,2,2,5,5,6,6,7,7,8,8,13,13],"right_children":[2,4,6,-1,-1,8,10,12,14,-1,-1,-1,-1,16,-1,-1,-1],"split_conditions":[2.0320873E-1,9.863906E-2,8.0915487E-1,-1.1604309E-2,-2.9281618E-3,4.9759835E-1,1E0,3.0307314E-1,7.0273083E-1,2.2224428E-3,9.117126E-3,-1.3313293E-3,-3.3264162E-4,6.062647E-1,1.2649536E-3,7.553101E-5,3.3416747E-4],"split_indices":[0,0,0,0,0,0,0,0,0,0,0,0,0,0,0,0,0],"split_type":[0,0,0,0,0,0,0,0,0,0,0,0,0,0,0,0,0],"sum_hessian":[9E0,2E0,7E0,1E0,1E0,5E0,2E0,2E0,3E0,1E0,1E0,1E0,1E0,2E0,1E0,1E0,1E0],"tree_param":{"num_deleted":"0","num_feature":"2","num_nodes":"17","size_leaf_vector":"1"}},{"base_weights":[-6.048584E-3,-9.2041016E-2,2.695465E-2,-1.1024475E-2,-2.7816773E-3,3.306071E-5,7.181295E-2,-1.0538737E-2,7.953644E-3,2.1110536E-3,8.660889E-3,-1.2649536E-3,-3.1585695E-4,2.593994E-4,1.2016296E-3],"categories":[],"categories_nodes":[],"categories_segments":[],"categories_sizes":[],"default_left":[0,0,0,0,0,0,0,0,0,0,0,0,0,0,0],"id":95,"left_children":[1,3,5,-1,-1,7,9,11,13,-1,-1,-1,-1,-1,-1],"loss_changes":[3.0861218E-2,4.407093E-4,9.658879E-3,0E0,0E0,5.8623013E-4,4.222095E-4,6.779708E-6,5.5927376E-5,0E0,0E0,0E0,0E0,0E0,0E0],"parents":[2147483647,0,0,1,1,2,2,5,5,6,6,7,7,8,8],"right_children":[2,4,6,-1,-1,8,10,12,14,-1,-1,-1,-1,-1,-1],"split_conditions":[2.0320873E-1,9.863906E-2,8.0915487E-1,-1.1024475E-2,-2.7816773E-3,4.9759835E-1,1E0,3.0307314E-1,7.0273083E-1,2.1110536E-3,8.660889E-3,-1.2649536E-3,-3.1585695E-4,2.593994E-4,1.2016296E-3],"split_indices":[0,0,0,0,0,0,0,0,0,0,0,0,0,0,0],"split_type":[0,0,0,0,0,0,0,0,0,0,0,0,0,0,0],"sum_hessian":[9E0,2E0,7E0,1E0,1E0,5E0,2E0,2E0,3E0,1E0,1E0,1E0,1E0,2E0,1E0],"tree_param":{"num_deleted":"0","num_feature":"2","num_nodes":"15","size_leaf_vector":"1"}},{"base_weights":[-5.760193E-3,-8.744303E-2,2.5590897E-2,-1.0473633E-2,-2.6428222E-3,1.0172526E-5,6.8222046E-2,-1.0009766E-2,7.522583E-3,2.0057678E-3,8.227539E-3,-1.2016296E-3,-2.998352E-4,5.874634E-5,9.6384686E-4],"categories":[],"categories_nodes":[],"categories_segments":[],"categories_sizes":[],"default_left":[0,0,0,0,0,0,0,0,0,0,0,0,0,0,0],"id":96,"left_children":[1,3,5,-1,-1,7,9,11,13,-1,-1,-1,-1,-1,-1],"loss_changes":[2.7846206E-2,3.9744563E-4,8.723592E-3,0E0,0E0,5.269426E-4,3.8035773E-4,6.176764E-6,5.3033436E-5,0E0,0E0,0E0,0E0,0E0,0E0],"parents":[2147483647,0,0,1,1,2,2,5,5,6,6,7,7,8,8],"right_children":[2,4,6,-1,-1,8,10,12,14,-1,-1,-1,-1,-1,-1],"split_conditions":[2.0320873E-1,9.863906E-2,8.0915487E-1,-1.0473633E-2,-2.6428222E-3,4.9759835E-1,1E0,3.0307314E-1,6.062647E-1,2.0057678E-3,8.227539E-3,-1.2016296E-3,-2.998352E-4,5.874634E-5,9.6384686E-4],"split_indices":[0,0,0,0,0,0,0,0,0,0,0,0,0,0,0],"split_type":[0,0,0,0,0,0,0,0,0,0,0,0,0,0,0],"sum_hessian":[9E0,2E0,7E0,1E0,1E0,5E0,2E0,2E0,3E0,1E0,1E0,1E0,1E0,1E0,2E0],"tree_param":{"num_deleted":"0","num_feature":"2","num_nodes":"15","size_leaf_vector":"1"}},{"base_weights":[-5.519104E-3,-8.307394E-2,2.4253845E-2,-9.950257E-3,-2.5108338E-3,-6.866455E-5,6.481425E-2,-9.506226E-3,7.0266724E-3,1.9058228E-3,7.816315E-3,-1.1413575E-3,-2.845764E-4,2.0802816E-4,1.0932923E-3],"categories":[],"categories_nodes":[],"categories_segments":[],"categories_sizes":[],"default_left":[0,0,0,0,0,0,0,0,0,0,0,0,0,0,0],"id":97,"left_children":[1,3,5,-1,-1,7,9,11,13,-1,-1,-1,-1,-1,-1],"loss_changes":[2.5105221E-2,3.5854243E-4,7.896697E-3,0E0,0E0,4.6857318E-4,3.427267E-4,5.6311255E-6,5.454381E-5,0E0,0E0,0E0,0E0,0E0,0E0],"parents":[2147483647,0,0,1,1,2,2,5,5,6,6,7,7,8,8],"right_children":[2,4,6,-1,-1,8,10,12,14,-1,-1,-1,-1,-1,-1],"split_conditions":[2.0320873E-1,9.863906E-2,8.0915487E-1,-9.950257E-3,-2.5108338E-3,4.9759835E-1,1E0,3.0307314E-1,7.0273083E-1,1.9058228E-3,7.816315E-3,-1.1413575E-3,-2.845764E-4,2.0802816E-4,1.0932923E-3],"split_indices":[0,0,0,0,0,0,0,0,0,0,0,0,0,0,0],"split_type":[0,0,0,0,0,0,0,0,0,0,0,0,0,0,0],"sum_hessian":[9E0,2E0,7E0,1E0,1E0,5E0,2E0,2E0,3E0,1E0,1E0,1E0,1E0,2E0,1E0],"tree_param":{"num_deleted":"0","num_feature":"2","num_nodes":"15","size_leaf_vector":"1"}},{"base_weights":[-5.253601E-3,-7.891846E-2,2.302742E-2,-9.45282E-3,-2.3849488E-3,-8.392334E-5,6.15743E-2,-9.028117E-3,6.6452026E-3,1.8104553E-3,7.4256896E-3,-1.084137E-3,-2.7008058E-4,1.9378662E-3,1.0383606E-3,4.501343E-5,2.456665E-4],"categories":[],"categories_nodes":[],"categories_segments":[],"categories_sizes":[],"default_left":[0,0,0,0,0,0,0,0,0,0,0,0,0,0,0,0,0],"id":98,"left_children":[1,3,5,-1,-1,7,9,11,13,-1,-1,-1,-1,15,-1,-1,-1],"loss_changes":[2.2650462E-2,3.243871E-4,7.1321283E-3,0E0,0E0,4.211133E-4,3.0953996E-4,5.1386014E-6,5.026965E-5,0E0,0E0,0E0,0E0,1.2096716E-6,0E0,0E0,0E0],"parents":[2147483647,0,0,1,1,2,2,5,5,6,6,7,7,8,8,13,13],"right_children":[2,4,6,-1,-1,8,10,12,14,-1,-1,-1,-1,16,-1,-1,-1],"split_conditions":[2.0320873E-1,9.863906E-2,8.0915487E-1,-9.45282E-3,-2.3849488E-3,4.9759835E-1,1E0,3.0307314E-1,7.0273083E-1,1.8104553E-3,7.4256896E-3,-1.084137E-3,-2.7008058E-4,6.062647E-1,1.0383606E-3,4.501343E-5,2.456665E-4],"split_indices":[0,0,0,0,0,0,0,0,0,0,0,0,0,0,0,0,0],"split_type":[0,0,0,0,0,0,0,0,0,0,0,0,0,0,0,0,0],"sum_hessian":[9E0,2E0,7E0,1E0,1E0,5E0,2E0,2E0,3E0,1E0,1E0,1E0,1E0,2E0,1E0,1E0,1E0],"tree_param":{"num_deleted":"0","num_feature":"2","num_nodes":"17","size_leaf_vector":"1"}},{"base_weights":[-4.99115E-3,-7.497152E-2,2.1875381E-2,-8.979797E-3,-2.2659302E-3,-7.8837074E-5,5.8492023E-2,-8.575439E-3,6.313324E-3,1.7196656E-3,7.0541385E-3,-1.0299683E-3,-2.5634767E-4,1.8412272E-3,9.864807E-4,4.272461E-5,2.3345948E-4],"categories":[],"categories_nodes":[],"categories_segments":[],"categories_sizes":[],"default_left":[0,0,0,0,0,0,0,0,0,0,0,0,0,0,0,0,0],"id":99,"left_children":[1,3,5,-1,-1,7,9,11,13,-1,-1,-1,-1,15,-1,-1,-1],"loss_changes":[2.044133E-2,2.9205345E-4,6.4357296E-3,0E0,0E0,3.8000944E-4,2.796715E-4,4.6952628E-6,4.536695E-5,0E0,0E0,0E0,0E0,1.0953909E-6,0E0,0E0,0E0],"parents":[2147483647,0,0,1,1,2,2,5,5,6,6,7,7,8,8,13,13],"right_children":[2,4,6,-1,-1,8,10,12,14,-1,-1,-1,-1,16,-1,-1,-1],"split_conditions":[2.0320873E-1,9.863906E-2,8.0915487E-1,-8.979797E-3,-2.2659302E-3,4.9759835E-1,1E0,3.0307314E-1,7.0273083E-1,1.7196656E-3,7.0541385E-3,-1.0299683E-3,-2.5634767E-4,6.062647E-1,9.864807E-4,4.272461E-5,2.3345948E-4],"split_indices":[0,0,0,0,0,0,0,0,0,0,0,0,0,0,0,0,0],"split_type":[0,0,0,0,0,0,0,0,0,0,0,0,0,0,0,0,0],"sum_hessian":[9E0,2E0,7E0,1E0,1E0,5E0,2E0,2E0,3E0,1E0,1E0,1E0,1E0,2E0,1E0,1E0,1E0],"tree_param":{"num_deleted":"0","num_feature":"2","num_nodes":"17","size_leaf_vector":"1"}}]},"name":"gbtree"},"learner_model_param":{"base_score":"2.0344444E2","boost_from_average":"1","num_class":"0","num_feature":"2","num_target":"1"},"objective":{"name":"reg:squarederror","reg_loss_param":{"scale_pos_weight":"1"}}},"version":[2,0,1]}