{"package": {"All_Weights": {"Categorical_Variables": {}, "Numerical_Variables": {"bpf_block_irq": {"scale": 1.0}, "bpf_cpu_time_ms": {"scale": 95918.0}, "bpf_net_rx_irq": {"scale": 3195.0}, "bpf_net_tx_irq": {"scale": 2.3333333333333335}, "bpf_page_cache_hit": {"scale": 1.0}}, "CurveFit_Weights": [1649602.4587742798, 0.00017158529207318463, -1649443.3028434622]}}, "core": {"All_Weights": {"Categorical_Variables": {}, "Numerical_Variables": {"bpf_block_irq": {"scale": 1.0}, "bpf_cpu_time_ms": {"scale": 95918.0}, "bpf_net_rx_irq": {"scale": 3195.0}, "bpf_net_tx_irq": {"scale": 2.3333333333333335}, "bpf_page_cache_hit": {"scale": 1.0}}, "CurveFit_Weights": [0.0, 1.0, 0.0]}}, "uncore": {"All_Weights": {"Categorical_Variables": {}, "Numerical_Variables": {"bpf_block_irq": {"scale": 1.0}, "bpf_cpu_time_ms": {"scale": 95918.0}, "bpf_net_rx_irq": {"scale": 3195.0}, "bpf_net_tx_irq": {"scale": 2.3333333333333335}, "bpf_page_cache_hit": {"scale": 1.0}}, "CurveFit_Weights": [0.0, 1.0, 0.0]}}, "dram": {"All_Weights": {"Categorical_Variables": {}, "Numerical_Variables": {"bpf_block_irq": {"scale": 1.0}, "bpf_cpu_time_ms": {"scale": 95918.0}, "bpf_net_rx_irq": {"scale": 3195.0}, "bpf_net_tx_irq": {"scale": 2.3333333333333335}, "bpf_page_cache_hit": {"scale": 1.0}}, "CurveFit_Weights": [-2263.6058048777204, 1.0, 2294.991889717333]}}}