{"package": {"All_Weights": {"Categorical_Variables": {}, "Numerical_Variables": {"bpf_block_irq": {"scale": 1.0}, "bpf_cpu_time_ms": {"scale": 48649.66666666667}, "bpf_net_rx_irq": {"scale": 2994.3333333333335}, "bpf_net_tx_irq": {"scale": 1.3333333333333333}, "bpf_page_cache_hit": {"scale": 1.0}}, "CurveFit_Weights": [1474066.8474573242, 0.00020959164462983675, -1473841.4710452994]}}, "core": {"All_Weights": {"Categorical_Variables": {}, "Numerical_Variables": {"bpf_block_irq": {"scale": 1.0}, "bpf_cpu_time_ms": {"scale": 48649.66666666667}, "bpf_net_rx_irq": {"scale": 2994.3333333333335}, "bpf_net_tx_irq": {"scale": 1.3333333333333333}, "bpf_page_cache_hit": {"scale": 1.0}}, "CurveFit_Weights": [0.0, 1.0, 0.0]}}, "uncore": {"All_Weights": {"Categorical_Variables": {}, "Numerical_Variables": {"bpf_block_irq": {"scale": 1.0}, "bpf_cpu_time_ms": {"scale": 48649.66666666667}, "bpf_net_rx_irq": {"scale": 2994.3333333333335}, "bpf_net_tx_irq": {"scale": 1.3333333333333333}, "bpf_page_cache_hit": {"scale": 1.0}}, "CurveFit_Weights": [0.0, 1.0, 0.0]}}, "dram": {"All_Weights": {"Categorical_Variables": {}, "Numerical_Variables": {"bpf_block_irq": {"scale": 1.0}, "bpf_cpu_time_ms": {"scale": 48649.66666666667}, "bpf_net_rx_irq": {"scale": 2994.3333333333335}, "bpf_net_tx_irq": {"scale": 1.3333333333333333}, "bpf_page_cache_hit": {"scale": 1.0}}, "CurveFit_Weights": [-619.0676091939085, 1.0, 636.1466882955848]}}}