{"package": {"All_Weights": {"Categorical_Variables": {}, "Numerical_Variables": {"bpf_block_irq": {"scale": 1.0}, "bpf_cpu_time_ms": {"scale": 95918.0}, "bpf_net_rx_irq": {"scale": 3195.0}, "bpf_net_tx_irq": {"scale": 2.3333333333333335}, "bpf_page_cache_hit": {"scale": 1.0}}, "CurveFit_Weights": [65.65139501771542, 6535883.1455192715, -639.0772832700741]}}, "core": {"All_Weights": {"Categorical_Variables": {}, "Numerical_Variables": {"bpf_block_irq": {"scale": 1.0}, "bpf_cpu_time_ms": {"scale": 95918.0}, "bpf_net_rx_irq": {"scale": 3195.0}, "bpf_net_tx_irq": {"scale": 2.3333333333333335}, "bpf_page_cache_hit": {"scale": 1.0}}, "CurveFit_Weights": [0.0, 1.0, 0.0]}}, "uncore": {"All_Weights": {"Categorical_Variables": {}, "Numerical_Variables": {"bpf_block_irq": {"scale": 1.0}, "bpf_cpu_time_ms": {"scale": 95918.0}, "bpf_net_rx_irq": {"scale": 3195.0}, "bpf_net_tx_irq": {"scale": 2.3333333333333335}, "bpf_page_cache_hit": {"scale": 1.0}}, "CurveFit_Weights": [0.0, 1.0, 0.0]}}, "dram": {"All_Weights": {"Categorical_Variables": {}, "Numerical_Variables": {"bpf_block_irq": {"scale": 1.0}, "bpf_cpu_time_ms": {"scale": 95918.0}, "bpf_net_rx_irq": {"scale": 3195.0}, "bpf_net_tx_irq": {"scale": 2.3333333333333335}, "bpf_page_cache_hit": {"scale": 1.0}}, "CurveFit_Weights": [1.097666666667159, 1.0, 31.383862744274865]}}}