{"package": {"All_Weights": {"Categorical_Variables": {}, "Numerical_Variables": {"bpf_block_irq": {"scale": 1.0}, "bpf_cpu_time_ms": {"scale": 71901.33333333333}, "bpf_net_rx_irq": {"scale": 3337.333333333333}, "bpf_net_tx_irq": {"scale": 3.3333333333333335}, "bpf_page_cache_hit": {"scale": 1.0}}, "CurveFit_Weights": [52.46322220317988, 47.75731089617712, 20.566200719122524]}}, "core": {"All_Weights": {"Categorical_Variables": {}, "Numerical_Variables": {"bpf_block_irq": {"scale": 1.0}, "bpf_cpu_time_ms": {"scale": 71901.33333333333}, "bpf_net_rx_irq": {"scale": 3337.333333333333}, "bpf_net_tx_irq": {"scale": 3.3333333333333335}, "bpf_page_cache_hit": {"scale": 1.0}}, "CurveFit_Weights": [0.0, 1.0, 0.0]}}, "uncore": {"All_Weights": {"Categorical_Variables": {}, "Numerical_Variables": {"bpf_block_irq": {"scale": 1.0}, "bpf_cpu_time_ms": {"scale": 71901.33333333333}, "bpf_net_rx_irq": {"scale": 3337.333333333333}, "bpf_net_tx_irq": {"scale": 3.3333333333333335}, "bpf_page_cache_hit": {"scale": 1.0}}, "CurveFit_Weights": [0.0, 1.0, 0.0]}}, "dram": {"All_Weights": {"Categorical_Variables": {}, "Numerical_Variables": {"bpf_block_irq": {"scale": 1.0}, "bpf_cpu_time_ms": {"scale": 71901.33333333333}, "bpf_net_rx_irq": {"scale": 3337.333333333333}, "bpf_net_tx_irq": {"scale": 3.3333333333333335}, "bpf_page_cache_hit": {"scale": 1.0}}, "CurveFit_Weights": [12.820999999999914, 1.0, 23.934447222222236]}}}