{"package": {"All_Weights": {"Bias_Weight": 140.20257058302735, "Categorical_Variables": {}, "Numerical_Variables": {"bpf_block_irq": {"scale": 1.0, "weight": 0.0}, "bpf_cpu_time_ms": {"scale": 95877.0, "weight": 310.25718790568334}, "bpf_net_rx_irq": {"scale": 3077.3333333333335, "weight": -21.517083332500516}, "bpf_net_tx_irq": {"scale": 1.0, "weight": 31.545074402431258}, "bpf_page_cache_hit": {"scale": 1.0, "weight": 0.0}}}}, "core": {"All_Weights": {"Bias_Weight": 0.0, "Categorical_Variables": {}, "Numerical_Variables": {"bpf_block_irq": {"scale": 1.0, "weight": 0.0}, "bpf_cpu_time_ms": {"scale": 95877.0, "weight": 0.0}, "bpf_net_rx_irq": {"scale": 3077.3333333333335, "weight": 0.0}, "bpf_net_tx_irq": {"scale": 1.0, "weight": 0.0}, "bpf_page_cache_hit": {"scale": 1.0, "weight": 0.0}}}}, "uncore": {"All_Weights": {"Bias_Weight": 0.0, "Categorical_Variables": {}, "Numerical_Variables": {"bpf_block_irq": {"scale": 1.0, "weight": 0.0}, "bpf_cpu_time_ms": {"scale": 95877.0, "weight": 0.0}, "bpf_net_rx_irq": {"scale": 3077.3333333333335, "weight": 0.0}, "bpf_net_tx_irq": {"scale": 1.0, "weight": 0.0}, "bpf_page_cache_hit": {"scale": 1.0, "weight": 0.0}}}}, "dram": {"All_Weights": {"Bias_Weight": 17.805064402782353, "Categorical_Variables": {}, "Numerical_Variables": {"bpf_block_irq": {"scale": 1.0, "weight": 0.0}, "bpf_cpu_time_ms": {"scale": 95877.0, "weight": 8.736578773034596}, "bpf_net_rx_irq": {"scale": 3077.3333333333335, "weight": 0.9460315689666594}, "bpf_net_tx_irq": {"scale": 1.0, "weight": 2.650744273122061}, "bpf_page_cache_hit": {"scale": 1.0, "weight": 0.0}}}}}