{"package": {"All_Weights": {"Bias_Weight": 152.2496065117845, "Categorical_Variables": {}, "Numerical_Variables": {"bpf_block_irq": {"scale": 1.0, "weight": 0.0}, "bpf_cpu_time_ms": {"scale": 95918.0, "weight": 292.7990331211072}, "bpf_net_rx_irq": {"scale": 3195.0, "weight": -33.462945470165366}, "bpf_net_tx_irq": {"scale": 2.3333333333333335, "weight": 28.465611661771085}, "bpf_page_cache_hit": {"scale": 1.0, "weight": 0.0}}}}, "core": {"All_Weights": {"Bias_Weight": 0.0, "Categorical_Variables": {}, "Numerical_Variables": {"bpf_block_irq": {"scale": 1.0, "weight": 0.0}, "bpf_cpu_time_ms": {"scale": 95918.0, "weight": 0.0}, "bpf_net_rx_irq": {"scale": 3195.0, "weight": 0.0}, "bpf_net_tx_irq": {"scale": 2.3333333333333335, "weight": 0.0}, "bpf_page_cache_hit": {"scale": 1.0, "weight": 0.0}}}}, "uncore": {"All_Weights": {"Bias_Weight": 0.0, "Categorical_Variables": {}, "Numerical_Variables": {"bpf_block_irq": {"scale": 1.0, "weight": 0.0}, "bpf_cpu_time_ms": {"scale": 95918.0, "weight": 0.0}, "bpf_net_rx_irq": {"scale": 3195.0, "weight": 0.0}, "bpf_net_tx_irq": {"scale": 2.3333333333333335, "weight": 0.0}, "bpf_page_cache_hit": {"scale": 1.0, "weight": 0.0}}}}, "dram": {"All_Weights": {"Bias_Weight": 30.971175752277833, "Categorical_Variables": {}, "Numerical_Variables": {"bpf_block_irq": {"scale": 1.0, "weight": 0.0}, "bpf_cpu_time_ms": {"scale": 95918.0, "weight": 0.45071400146635104}, "bpf_net_rx_irq": {"scale": 3195.0, "weight": 1.872162418535693}, "bpf_net_tx_irq": {"scale": 2.3333333333333335, "weight": 1.530973994040075}, "bpf_page_cache_hit": {"scale": 1.0, "weight": 0.0}}}}}