{"package": {"All_Weights": {"Bias_Weight": 153.52233738602615, "Categorical_Variables": {}, "Numerical_Variables": {"bpf_block_irq": {"scale": 1.0, "weight": 0.0}, "bpf_cpu_time_ms": {"scale": 95918.0, "weight": 289.91893926299787}, "bpf_net_rx_irq": {"scale": 3195.0, "weight": 2.0066943685088634}, "bpf_net_tx_irq": {"scale": 2.3333333333333335, "weight": 44.87370697145905}, "bpf_page_cache_hit": {"scale": 1.0, "weight": 0.0}}}}, "core": {"All_Weights": {"Bias_Weight": 0.0, "Categorical_Variables": {}, "Numerical_Variables": {"bpf_block_irq": {"scale": 1.0, "weight": 0.0}, "bpf_cpu_time_ms": {"scale": 95918.0, "weight": 0.0}, "bpf_net_rx_irq": {"scale": 3195.0, "weight": 0.0}, "bpf_net_tx_irq": {"scale": 2.3333333333333335, "weight": 0.0}, "bpf_page_cache_hit": {"scale": 1.0, "weight": 0.0}}}}, "uncore": {"All_Weights": {"Bias_Weight": 0.0, "Categorical_Variables": {}, "Numerical_Variables": {"bpf_block_irq": {"scale": 1.0, "weight": 0.0}, "bpf_cpu_time_ms": {"scale": 95918.0, "weight": 0.0}, "bpf_net_rx_irq": {"scale": 3195.0, "weight": 0.0}, "bpf_net_tx_irq": {"scale": 2.3333333333333335, "weight": 0.0}, "bpf_page_cache_hit": {"scale": 1.0, "weight": 0.0}}}}, "dram": {"All_Weights": {"Bias_Weight": 30.960202425434993, "Categorical_Variables": {}, "Numerical_Variables": {"bpf_block_irq": {"scale": 1.0, "weight": 0.0}, "bpf_cpu_time_ms": {"scale": 95918.0, "weight": 0.42993052042317237}, "bpf_net_rx_irq": {"scale": 3195.0, "weight": 1.8452951604511314}, "bpf_net_tx_irq": {"scale": 2.3333333333333335, "weight": 1.5625811107782233}, "bpf_page_cache_hit": {"scale": 1.0, "weight": 0.0}}}}}