{"package": {"All_Weights": {"Bias_Weight": 75.56518147822118, "Categorical_Variables": {}, "Numerical_Variables": {"bpf_block_irq": {"scale": 1.0, "weight": 0.0}, "bpf_cpu_time_ms": {"scale": 71901.33333333333, "weight": 180.42182918835354}, "bpf_net_rx_irq": {"scale": 3337.333333333333, "weight": -13.557316880210394}, "bpf_net_tx_irq": {"scale": 3.3333333333333335, "weight": -2.6888552759238493}, "bpf_page_cache_hit": {"scale": 1.0, "weight": 0.0}}}}, "core": {"All_Weights": {"Bias_Weight": 0.0, "Categorical_Variables": {}, "Numerical_Variables": {"bpf_block_irq": {"scale": 1.0, "weight": 0.0}, "bpf_cpu_time_ms": {"scale": 71901.33333333333, "weight": 0.0}, "bpf_net_rx_irq": {"scale": 3337.333333333333, "weight": 0.0}, "bpf_net_tx_irq": {"scale": 3.3333333333333335, "weight": 0.0}, "bpf_page_cache_hit": {"scale": 1.0, "weight": 0.0}}}}, "uncore": {"All_Weights": {"Bias_Weight": 0.0, "Categorical_Variables": {}, "Numerical_Variables": {"bpf_block_irq": {"scale": 1.0, "weight": 0.0}, "bpf_cpu_time_ms": {"scale": 71901.33333333333, "weight": 0.0}, "bpf_net_rx_irq": {"scale": 3337.333333333333, "weight": 0.0}, "bpf_net_tx_irq": {"scale": 3.3333333333333335, "weight": 0.0}, "bpf_page_cache_hit": {"scale": 1.0, "weight": 0.0}}}}, "dram": {"All_Weights": {"Bias_Weight": 21.298881905866395, "Categorical_Variables": {}, "Numerical_Variables": {"bpf_block_irq": {"scale": 1.0, "weight": 0.0}, "bpf_cpu_time_ms": {"scale": 71901.33333333333, "weight": 7.583179109103049}, "bpf_net_rx_irq": {"scale": 3337.333333333333, "weight": 1.6053689961454511}, "bpf_net_tx_irq": {"scale": 3.3333333333333335, "weight": 1.1808115783747026}, "bpf_page_cache_hit": {"scale": 1.0, "weight": 0.0}}}}}