{"package": {"All_Weights": {"Bias_Weight": 149.36387966889623, "Categorical_Variables": {}, "Numerical_Variables": {"bpf_block_irq": {"scale": 1.0, "weight": 0.0}, "bpf_cpu_time_ms": {"scale": 95924.0, "weight": 301.8137504579797}, "bpf_net_rx_irq": {"scale": 3999.666666666667, "weight": -18.033420562063082}, "bpf_net_tx_irq": {"scale": 1.6666666666666667, "weight": -23.188110672298087}, "bpf_page_cache_hit": {"scale": 1.0, "weight": 0.0}}}}, "core": {"All_Weights": {"Bias_Weight": 0.0, "Categorical_Variables": {}, "Numerical_Variables": {"bpf_block_irq": {"scale": 1.0, "weight": 0.0}, "bpf_cpu_time_ms": {"scale": 95924.0, "weight": 0.0}, "bpf_net_rx_irq": {"scale": 3999.666666666667, "weight": 0.0}, "bpf_net_tx_irq": {"scale": 1.6666666666666667, "weight": 0.0}, "bpf_page_cache_hit": {"scale": 1.0, "weight": 0.0}}}}, "uncore": {"All_Weights": {"Bias_Weight": 0.0, "Categorical_Variables": {}, "Numerical_Variables": {"bpf_block_irq": {"scale": 1.0, "weight": 0.0}, "bpf_cpu_time_ms": {"scale": 95924.0, "weight": 0.0}, "bpf_net_rx_irq": {"scale": 3999.666666666667, "weight": 0.0}, "bpf_net_tx_irq": {"scale": 1.6666666666666667, "weight": 0.0}, "bpf_page_cache_hit": {"scale": 1.0, "weight": 0.0}}}}, "dram": {"All_Weights": {"Bias_Weight": 32.78806392326505, "Categorical_Variables": {}, "Numerical_Variables": {"bpf_block_irq": {"scale": 1.0, "weight": 0.0}, "bpf_cpu_time_ms": {"scale": 95924.0, "weight": 16.74796881435865}, "bpf_net_rx_irq": {"scale": 3999.666666666667, "weight": 0.3006610276341009}, "bpf_net_tx_irq": {"scale": 1.6666666666666667, "weight": 0.9203954138183724}, "bpf_page_cache_hit": {"scale": 1.0, "weight": 0.0}}}}}