{"package": {"All_Weights": {"Bias_Weight": 142.05753190935997, "Categorical_Variables": {}, "Numerical_Variables": {"bpf_block_irq": {"scale": 1.0, "weight": 0.0}, "bpf_cpu_time_ms": {"scale": 95924.0, "weight": 313.88397520469374}, "bpf_net_rx_irq": {"scale": 3999.666666666667, "weight": -17.45124063211744}, "bpf_net_tx_irq": {"scale": 1.6666666666666667, "weight": -1.1253421910121473}, "bpf_page_cache_hit": {"scale": 1.0, "weight": 0.0}}}}, "core": {"All_Weights": {"Bias_Weight": 0.0, "Categorical_Variables": {}, "Numerical_Variables": {"bpf_block_irq": {"scale": 1.0, "weight": 0.0}, "bpf_cpu_time_ms": {"scale": 95924.0, "weight": 0.0}, "bpf_net_rx_irq": {"scale": 3999.666666666667, "weight": 0.0}, "bpf_net_tx_irq": {"scale": 1.6666666666666667, "weight": 0.0}, "bpf_page_cache_hit": {"scale": 1.0, "weight": 0.0}}}}, "uncore": {"All_Weights": {"Bias_Weight": 0.0, "Categorical_Variables": {}, "Numerical_Variables": {"bpf_block_irq": {"scale": 1.0, "weight": 0.0}, "bpf_cpu_time_ms": {"scale": 95924.0, "weight": 0.0}, "bpf_net_rx_irq": {"scale": 3999.666666666667, "weight": 0.0}, "bpf_net_tx_irq": {"scale": 1.6666666666666667, "weight": 0.0}, "bpf_page_cache_hit": {"scale": 1.0, "weight": 0.0}}}}, "dram": {"All_Weights": {"Bias_Weight": 32.698998075250834, "Categorical_Variables": {}, "Numerical_Variables": {"bpf_block_irq": {"scale": 1.0, "weight": 0.0}, "bpf_cpu_time_ms": {"scale": 95924.0, "weight": 16.535736366633472}, "bpf_net_rx_irq": {"scale": 3999.666666666667, "weight": 0.5474987746488834}, "bpf_net_tx_irq": {"scale": 1.6666666666666667, "weight": 1.6499693641284015}, "bpf_page_cache_hit": {"scale": 1.0, "weight": 0.0}}}}}