{"package": {"All_Weights": {"Bias_Weight": 72.74490237470238, "Categorical_Variables": {}, "Numerical_Variables": {"bpf_block_irq": {"scale": 1.0, "weight": 0.0}, "bpf_cpu_time_ms": {"scale": 71901.33333333333, "weight": 180.31563247223227}, "bpf_net_rx_irq": {"scale": 3337.333333333333, "weight": -11.83669860890758}, "bpf_net_tx_irq": {"scale": 3.3333333333333335, "weight": 0.21805053433750024}, "bpf_page_cache_hit": {"scale": 1.0, "weight": 0.0}}}}, "core": {"All_Weights": {"Bias_Weight": 0.0, "Categorical_Variables": {}, "Numerical_Variables": {"bpf_block_irq": {"scale": 1.0, "weight": 0.0}, "bpf_cpu_time_ms": {"scale": 71901.33333333333, "weight": 0.0}, "bpf_net_rx_irq": {"scale": 3337.333333333333, "weight": 0.0}, "bpf_net_tx_irq": {"scale": 3.3333333333333335, "weight": 0.0}, "bpf_page_cache_hit": {"scale": 1.0, "weight": 0.0}}}}, "uncore": {"All_Weights": {"Bias_Weight": 0.0, "Categorical_Variables": {}, "Numerical_Variables": {"bpf_block_irq": {"scale": 1.0, "weight": 0.0}, "bpf_cpu_time_ms": {"scale": 71901.33333333333, "weight": 0.0}, "bpf_net_rx_irq": {"scale": 3337.333333333333, "weight": 0.0}, "bpf_net_tx_irq": {"scale": 3.3333333333333335, "weight": 0.0}, "bpf_page_cache_hit": {"scale": 1.0, "weight": 0.0}}}}, "dram": {"All_Weights": {"Bias_Weight": 21.262463249835374, "Categorical_Variables": {}, "Numerical_Variables": {"bpf_block_irq": {"scale": 1.0, "weight": 0.0}, "bpf_cpu_time_ms": {"scale": 71901.33333333333, "weight": 7.7955795667321786}, "bpf_net_rx_irq": {"scale": 3337.333333333333, "weight": 1.4878648550175313}, "bpf_net_tx_irq": {"scale": 3.3333333333333335, "weight": 1.0297812003575035}, "bpf_page_cache_hit": {"scale": 1.0, "weight": 0.0}}}}}