{"learner":{"attributes":{"scikit_learn":"{\"_estimator_type\": \"regressor\"}"},"feature_names":[],"feature_types":[],"gradient_booster":{"model":{"gbtree_model_param":{"num_parallel_tree":"1","num_trees":"100"},"iteration_indptr":[0,1,2,3,4,5,6,7,8,9,10,11,12,13,14,15,16,17,18,19,20,21,22,23,24,25,26,27,28,29,30,31,32,33,34,35,36,37,38,39,40,41,42,43,44,45,46,47,48,49,50,51,52,53,54,55,56,57,58,59,60,61,62,63,64,65,66,67,68,69,70,71,72,73,74,75,76,77,78,79,80,81,82,83,84,85,86,87,88,89,90,91,92,93,94,95,96,97,98,99,100],"tree_info":[0,0,0,0,0,0,0,0,0,0,0,0,0,0,0,0,0,0,0,0,0,0,0,0,0,0,0,0,0,0,0,0,0,0,0,0,0,0,0,0,0,0,0,0,0,0,0,0,0,0,0,0,0,0,0,0,0,0,0,0,0,0,0,0,0,0,0,0,0,0,0,0,0,0,0,0,0,0,0,0,0,0,0,0,0,0,0,0,0,0,0,0,0,0,0,0,0,0,0,0],"trees":[{"base_weights":[1.2207031E-5,-9.424443E1,7.853705E1,-1.0491666E1,-2.5777771E0,1.4722229E0,8.835557E0],"categories":[],"categories_nodes":[],"categories_segments":[],"categories_sizes":[],"default_left":[0,0,0,0,0,0,0],"id":0,"left_children":[1,3,5,-1,-1,-1,-1],"loss_changes":[8.141848E4,9.489414E2,2.4586094E3,0E0,0E0,0E0,0E0],"parents":[2147483647,0,0,1,1,2,2],"right_children":[2,4,6,-1,-1,-1,-1],"split_conditions":[6.029048E-1,4.0188998E-1,7.041057E-1,-1.0491666E1,-2.5777771E0,1.4722229E0,8.835557E0],"split_indices":[0,0,0,0,0,0,0],"split_type":[0,0,0,0,0,0,0],"sum_hessian":[9E0,4E0,5E0,3E0,1E0,1E0,4E0],"tree_param":{"num_deleted":"0","num_feature":"2","num_nodes":"7","size_leaf_vector":"1"}},{"base_weights":[-2.7615967E-1,-8.7433876E1,7.24013E1,-1.0737592E1,-3.834721E0,1.3986114E0,8.128711E0],"categories":[],"categories_nodes":[],"categories_segments":[],"categories_sizes":[],"default_left":[0,0,0,0,0,0,0],"id":1,"left_children":[1,3,5,-1,-1,-1,-1],"loss_changes":[6.9674336E4,7.76875E2,1.9775098E3,0E0,0E0,0E0,0E0],"parents":[2147483647,0,0,1,1,2,2],"right_children":[2,4,6,-1,-1,-1,-1],"split_conditions":[6.029048E-1,3.0204302E-1,7.041057E-1,-1.0737592E1,-3.834721E0,1.3986114E0,8.128711E0],"split_indices":[0,0,0,0,0,0,0],"split_type":[0,0,0,0,0,0,0],"sum_hessian":[9E0,4E0,5E0,2E0,2E0,1E0,4E0],"tree_param":{"num_deleted":"0","num_feature":"2","num_nodes":"7","size_leaf_vector":"1"}},{"base_weights":[-7.5305176E-1,-8.160496E1,6.674905E1,-1.0021753E1,-3.579073E0,1.3286804E0,7.4784136E0],"categories":[],"categories_nodes":[],"categories_segments":[],"categories_sizes":[],"default_left":[0,0,0,0,0,0,0],"id":2,"left_children":[1,3,5,-1,-1,-1,-1],"loss_changes":[6.002378E4,6.767422E2,1.5838008E3,0E0,0E0,0E0,0E0],"parents":[2147483647,0,0,1,1,2,2],"right_children":[2,4,6,-1,-1,-1,-1],"split_conditions":[6.029048E-1,3.0204302E-1,7.041057E-1,-1.0021753E1,-3.579073E0,1.3286804E0,7.4784136E0],"split_indices":[0,0,0,0,0,0,0],"split_type":[0,0,0,0,0,0,0],"sum_hessian":[9E0,4E0,5E0,2E0,2E0,1E0,4E0],"tree_param":{"num_deleted":"0","num_feature":"2","num_nodes":"7","size_leaf_vector":"1"}},{"base_weights":[-1.1571229E0,-7.616463E1,6.154198E1,-8.481479E0,-2.0781982E0,2.3415558E0,7.4751306E0],"categories":[],"categories_nodes":[],"categories_segments":[],"categories_sizes":[],"default_left":[0,0,0,0,0,0,0],"id":3,"left_children":[1,3,5,-1,-1,-1,-1],"loss_changes":[5.171635E4,6.327246E2,1.2714023E3,0E0,0E0,0E0,0E0],"parents":[2147483647,0,0,1,1,2,2],"right_children":[2,4,6,-1,-1,-1,-1],"split_conditions":[6.029048E-1,4.0188998E-1,8.041862E-1,-8.481479E0,-2.0781982E0,2.3415558E0,7.4751306E0],"split_indices":[0,0,0,0,0,0,0],"split_type":[0,0,0,0,0,0,0],"sum_hessian":[9E0,4E0,5E0,3E0,1E0,2E0,3E0],"tree_param":{"num_deleted":"0","num_feature":"2","num_nodes":"7","size_leaf_vector":"1"}},{"base_weights":[-1.1157105E0,-7.06601E1,5.70239E1,-8.788204E0,-2.9884796E0,1.1451691E0,6.3848004E0],"categories":[],"categories_nodes":[],"categories_segments":[],"categories_sizes":[],"default_left":[0,0,0,0,0,0,0],"id":4,"left_children":[1,3,5,-1,-1,-1,-1],"loss_changes":[4.4462152E4,8.8481055E2,1.1347695E3,0E0,0E0,0E0,0E0],"parents":[2147483647,0,0,1,1,2,2],"right_children":[2,4,6,-1,-1,-1,-1],"split_conditions":[6.029048E-1,3.0204302E-1,7.041057E-1,-8.788204E0,-2.9884796E0,1.1451691E0,6.3848004E0],"split_indices":[0,0,0,0,0,0,0],"split_type":[0,0,0,0,0,0,0],"sum_hessian":[9E0,4E0,5E0,2E0,2E0,1E0,4E0],"tree_param":{"num_deleted":"0","num_feature":"2","num_nodes":"7","size_leaf_vector":"1"}},{"base_weights":[-1.4288086E0,-6.5949425E1,5.2576508E1,-8.202323E0,-2.7892478E0,1.9344534E0,6.435636E0],"categories":[],"categories_nodes":[],"categories_segments":[],"categories_sizes":[],"default_left":[0,0,0,0,0,0,0],"id":5,"left_children":[1,3,5,-1,-1,-1,-1],"loss_changes":[3.8311953E4,7.707676E2,1.1038633E3,0E0,0E0,0E0,0E0],"parents":[2147483647,0,0,1,1,2,2],"right_children":[2,4,6,-1,-1,-1,-1],"split_conditions":[6.029048E-1,3.0204302E-1,8.041862E-1,-8.202323E0,-2.7892478E0,1.9344534E0,6.435636E0],"split_indices":[0,0,0,0,0,0,0],"split_type":[0,0,0,0,0,0,0],"sum_hessian":[9E0,4E0,5E0,2E0,2E0,2E0,3E0],"tree_param":{"num_deleted":"0","num_feature":"2","num_nodes":"7","size_leaf_vector":"1"}},{"base_weights":[-1.5480744E0,-6.1552795E1,4.871387E1,-7.655502E0,-2.603298E0,1.8054901E0,5.9529634E0],"categories":[],"categories_nodes":[],"categories_segments":[],"categories_sizes":[],"default_left":[0,0,0,0,0,0,0],"id":6,"left_children":[1,3,5,-1,-1,-1,-1],"loss_changes":[3.3158016E4,6.714258E2,9.1479785E2,0E0,0E0,0E0,0E0],"parents":[2147483647,0,0,1,1,2,2],"right_children":[2,4,6,-1,-1,-1,-1],"split_conditions":[6.029048E-1,3.0204302E-1,8.041862E-1,-7.655502E0,-2.603298E0,1.8054901E0,5.9529634E0],"split_indices":[0,0,0,0,0,0,0],"split_type":[0,0,0,0,0,0,0],"sum_hessian":[9E0,4E0,5E0,2E0,2E0,2E0,3E0],"tree_param":{"num_deleted":"0","num_feature":"2","num_nodes":"7","size_leaf_vector":"1"}},{"base_weights":[-1.6433014E0,-5.7449272E1,4.513556E1,-7.145135E0,-2.4297445E0,1.6851248E0,5.50649E0],"categories":[],"categories_nodes":[],"categories_segments":[],"categories_sizes":[],"default_left":[0,0,0,0,0,0,0],"id":7,"left_children":[1,3,5,-1,-1,-1,-1],"loss_changes":[2.8698404E4,5.8488477E2,7.571553E2,0E0,0E0,0E0,0E0],"parents":[2147483647,0,0,1,1,2,2],"right_children":[2,4,6,-1,-1,-1,-1],"split_conditions":[6.029048E-1,3.0204302E-1,8.041862E-1,-7.145135E0,-2.4297445E0,1.6851248E0,5.50649E0],"split_indices":[0,0,0,0,0,0,0],"split_type":[0,0,0,0,0,0,0],"sum_hessian":[9E0,4E0,5E0,2E0,2E0,2E0,3E0],"tree_param":{"num_deleted":"0","num_feature":"2","num_nodes":"7","size_leaf_vector":"1"}},{"base_weights":[-1.7172973E0,-5.3619316E1,4.1820602E1,-6.6687922E0,-2.2677612E0,8.16658E-1,4.691809E0],"categories":[],"categories_nodes":[],"categories_segments":[],"categories_sizes":[],"default_left":[0,0,0,0,0,0,0],"id":8,"left_children":[1,3,5,-1,-1,-1,-1],"loss_changes":[2.4839443E4,5.0950098E2,6.461455E2,0E0,0E0,0E0,0E0],"parents":[2147483647,0,0,1,1,2,2],"right_children":[2,4,6,-1,-1,-1,-1],"split_conditions":[6.029048E-1,3.0204302E-1,7.041057E-1,-6.6687922E0,-2.2677612E0,8.16658E-1,4.691809E0],"split_indices":[0,0,0,0,0,0,0],"split_type":[0,0,0,0,0,0,0],"sum_hessian":[9E0,4E0,5E0,2E0,2E0,1E0,4E0],"tree_param":{"num_deleted":"0","num_feature":"2","num_nodes":"7","size_leaf_vector":"1"}},{"base_weights":[-1.8883728E0,-5.0044697E1,3.8556625E1,-6.2242055E0,-2.1165771E0,1.3891683E0,4.7416177E0],"categories":[],"categories_nodes":[],"categories_segments":[],"categories_sizes":[],"default_left":[0,0,0,0,0,0,0],"id":9,"left_children":[1,3,5,-1,-1,-1,-1],"loss_changes":[2.1406379E4,4.4383203E2,6.5243066E2,0E0,0E0,0E0,0E0],"parents":[2147483647,0,0,1,1,2,2],"right_children":[2,4,6,-1,-1,-1,-1],"split_conditions":[6.029048E-1,3.0204302E-1,8.041862E-1,-6.2242055E0,-2.1165771E0,1.3891683E0,4.7416177E0],"split_indices":[0,0,0,0,0,0,0],"split_type":[0,0,0,0,0,0,0],"sum_hessian":[9E0,4E0,5E0,2E0,2E0,2E0,3E0],"tree_param":{"num_deleted":"0","num_feature":"2","num_nodes":"7","size_leaf_vector":"1"}},{"base_weights":[-1.9205291E0,-4.670838E1,3.5722767E1,-5.809258E0,-1.9754721E0,1.2965577E0,4.3859973E0],"categories":[],"categories_nodes":[],"categories_segments":[],"categories_sizes":[],"default_left":[0,0,0,0,0,0,0],"id":10,"left_children":[1,3,5,-1,-1,-1,-1],"loss_changes":[1.8528178E4,3.8662598E2,5.424092E2,0E0,0E0,0E0,0E0],"parents":[2147483647,0,0,1,1,2,2],"right_children":[2,4,6,-1,-1,-1,-1],"split_conditions":[6.029048E-1,3.0204302E-1,8.041862E-1,-5.809258E0,-1.9754721E0,1.2965577E0,4.3859973E0],"split_indices":[0,0,0,0,0,0,0],"split_type":[0,0,0,0,0,0,0],"sum_hessian":[9E0,4E0,5E0,2E0,2E0,2E0,3E0],"tree_param":{"num_deleted":"0","num_feature":"2","num_nodes":"7","size_leaf_vector":"1"}},{"base_weights":[-1.9386933E0,-4.359449E1,3.3097584E1,-5.4219737E0,-1.8437744E0,1.2101196E0,4.0570483E0],"categories":[],"categories_nodes":[],"categories_segments":[],"categories_sizes":[],"default_left":[0,0,0,0,0,0,0],"id":11,"left_children":[1,3,5,-1,-1,-1,-1],"loss_changes":[1.6037513E4,3.3679492E2,4.5047168E2,0E0,0E0,0E0,0E0],"parents":[2147483647,0,0,1,1,2,2],"right_children":[2,4,6,-1,-1,-1,-1],"split_conditions":[6.029048E-1,3.0204302E-1,8.041862E-1,-5.4219737E0,-1.8437744E0,1.2101196E0,4.0570483E0],"split_indices":[0,0,0,0,0,0,0],"split_type":[0,0,0,0,0,0,0],"sum_hessian":[9E0,4E0,5E0,2E0,2E0,2E0,3E0],"tree_param":{"num_deleted":"0","num_feature":"2","num_nodes":"7","size_leaf_vector":"1"}},{"base_weights":[-1.9446777E0,-4.068819E1,3.0665695E1,-4.574238E0,-1.0235718E0,1.4563408E0,4.1913514E0],"categories":[],"categories_nodes":[],"categories_segments":[],"categories_sizes":[],"default_left":[0,0,0,0,0,0,0],"id":12,"left_children":[1,3,5,-1,-1,-1,-1],"loss_changes":[1.3882136E4,3.0135742E2,4.7629053E2,0E0,0E0,0E0,0E0],"parents":[2147483647,0,0,1,1,2,2],"right_children":[2,4,6,-1,-1,-1,-1],"split_conditions":[6.029048E-1,4.0188998E-1,9.037737E-1,-4.574238E0,-1.0235718E0,1.4563408E0,4.1913514E0],"split_indices":[0,0,0,0,0,0,0],"split_type":[0,0,0,0,0,0,0],"sum_hessian":[9E0,4E0,5E0,3E0,1E0,3E0,2E0],"tree_param":{"num_deleted":"0","num_feature":"2","num_nodes":"7","size_leaf_vector":"1"}},{"base_weights":[-1.7452179E0,-3.7738934E1,2.8540415E1,-5.4666705E0,-1.9840317E0,1.3471161E0,3.9119282E0],"categories":[],"categories_nodes":[],"categories_segments":[],"categories_sizes":[],"default_left":[0,0,0,0,0,0,0],"id":13,"left_children":[1,3,5,-1,-1,-1,-1],"loss_changes":[1.197801E4,4.3031348E2,4.2951172E2,0E0,0E0,0E0,0E0],"parents":[2147483647,0,0,1,1,2,2],"right_children":[2,4,6,-1,-1,-1,-1],"split_conditions":[6.029048E-1,1.00383006E-1,9.037737E-1,-5.4666705E0,-1.9840317E0,1.3471161E0,3.9119282E0],"split_indices":[0,0,0,0,0,0,0],"split_type":[0,0,0,0,0,0,0],"sum_hessian":[9E0,4E0,5E0,1E0,3E0,3E0,2E0],"tree_param":{"num_deleted":"0","num_feature":"2","num_nodes":"7","size_leaf_vector":"1"}},{"base_weights":[-1.789856E0,-3.5455177E1,2.6562887E1,-5.1933365E0,-1.8352288E0,1.2460831E0,3.6511333E0],"categories":[],"categories_nodes":[],"categories_segments":[],"categories_sizes":[],"default_left":[0,0,0,0,0,0,0],"id":14,"left_children":[1,3,5,-1,-1,-1,-1],"loss_changes":[1.0486833E4,4.5602783E2,3.8679932E2,0E0,0E0,0E0,0E0],"parents":[2147483647,0,0,1,1,2,2],"right_children":[2,4,6,-1,-1,-1,-1],"split_conditions":[6.029048E-1,1.00383006E-1,9.037737E-1,-5.1933365E0,-1.8352288E0,1.2460831E0,3.6511333E0],"split_indices":[0,0,0,0,0,0,0],"split_type":[0,0,0,0,0,0,0],"sum_hessian":[9E0,4E0,5E0,1E0,3E0,3E0,2E0],"tree_param":{"num_deleted":"0","num_feature":"2","num_nodes":"7","size_leaf_vector":"1"}},{"base_weights":[-1.8240051E0,-3.331537E1,2.47228E1,-4.93367E0,-1.697586E0,1.152626E0,3.407725E0],"categories":[],"categories_nodes":[],"categories_segments":[],"categories_sizes":[],"default_left":[0,0,0,0,0,0,0],"id":15,"left_children":[1,3,5,-1,-1,-1,-1],"loss_changes":[9.1836E3,4.713706E2,3.4789502E2,0E0,0E0,0E0,0E0],"parents":[2147483647,0,0,1,1,2,2],"right_children":[2,4,6,-1,-1,-1,-1],"split_conditions":[6.029048E-1,1.00383006E-1,9.037737E-1,-4.93367E0,-1.697586E0,1.152626E0,3.407725E0],"split_indices":[0,0,0,0,0,0,0],"split_type":[0,0,0,0,0,0,0],"sum_hessian":[9E0,4E0,5E0,1E0,3E0,3E0,2E0],"tree_param":{"num_deleted":"0","num_feature":"2","num_nodes":"7","size_leaf_vector":"1"}},{"base_weights":[-1.8486907E0,-3.1310083E1,2.3010584E1,-4.6869864E0,-1.5702671E0,1.0661797E1,3.1805441E0,3.2092592E-1,1.2076223E0],"categories":[],"categories_nodes":[],"categories_segments":[],"categories_sizes":[],"default_left":[0,0,0,0,0,0,0,0,0],"id":16,"left_children":[1,3,5,-1,-1,7,-1,-1,-1],"loss_changes":[8.0443516E3,4.7825732E2,3.1253174E2,0E0,0E0,3.4085388E0,0E0,0E0,0E0],"parents":[2147483647,0,0,1,1,2,2,5,5],"right_children":[2,4,6,-1,-1,8,-1,-1,-1],"split_conditions":[6.029048E-1,1.00383006E-1,9.037737E-1,-4.6869864E0,-1.5702671E0,7.041057E-1,3.1805441E0,3.2092592E-1,1.2076223E0],"split_indices":[0,0,0,0,0,0,0,0,0],"split_type":[0,0,0,0,0,0,0,0,0],"sum_hessian":[9E0,4E0,5E0,1E0,3E0,3E0,2E0,1E0,2E0],"tree_param":{"num_deleted":"0","num_feature":"2","num_nodes":"9","size_leaf_vector":"1"}},{"base_weights":[-1.8186325E0,-2.9430521E1,2.1494379E1,-4.4526377E0,-1.4524964E0,9.97776E0,2.968508E0,3.0487975E-1,1.1271149E0],"categories":[],"categories_nodes":[],"categories_segments":[],"categories_sizes":[],"default_left":[0,0,0,0,0,0,0,0,0],"id":17,"left_children":[1,3,5,-1,-1,7,-1,-1,-1],"loss_changes":[7.069754E3,4.783164E2,2.6978442E2,0E0,0E0,1.4838867E0,0E0,0E0,0E0],"parents":[2147483647,0,0,1,1,2,2,5,5],"right_children":[2,4,6,-1,-1,8,-1,-1,-1],"split_conditions":[6.029048E-1,1.00383006E-1,9.037737E-1,-4.4526377E0,-1.4524964E0,7.041057E-1,2.968508E0,3.0487975E-1,1.1271149E0],"split_indices":[0,0,0,0,0,0,0,0,0],"split_type":[0,0,0,0,0,0,0,0,0],"sum_hessian":[9E0,4E0,5E0,1E0,3E0,3E0,2E0,1E0,2E0],"tree_param":{"num_deleted":"0","num_feature":"2","num_nodes":"9","size_leaf_vector":"1"}},{"base_weights":[-1.7872314E0,-2.7668499E1,2.0078363E1,-4.2300057E0,-1.3435596E0,9.3379897E-1,2.7706077E0],"categories":[],"categories_nodes":[],"categories_segments":[],"categories_sizes":[],"default_left":[0,0,0,0,0,0,0],"id":18,"left_children":[1,3,5,-1,-1,-1,-1],"loss_changes":[6.2146313E3,4.7292114E2,2.3282764E2,0E0,0E0,0E0,0E0],"parents":[2147483647,0,0,1,1,2,2],"right_children":[2,4,6,-1,-1,-1,-1],"split_conditions":[6.029048E-1,1.00383006E-1,9.037737E-1,-4.2300057E0,-1.3435596E0,9.3379897E-1,2.7706077E0],"split_indices":[0,0,0,0,0,0,0],"split_type":[0,0,0,0,0,0,0],"sum_hessian":[9E0,4E0,5E0,1E0,3E0,3E0,2E0],"tree_param":{"num_deleted":"0","num_feature":"2","num_nodes":"7","size_leaf_vector":"1"}},{"base_weights":[-1.7954223E0,-2.6016357E1,1.8687927E1,-4.018505E0,-1.2427921E0,2.4294586E-1,2.145373E0],"categories":[],"categories_nodes":[],"categories_segments":[],"categories_sizes":[],"default_left":[0,0,0,0,0,0,0],"id":19,"left_children":[1,3,5,-1,-1,-1,-1],"loss_changes":[5.447451E3,4.6323535E2,2.1768506E2,0E0,0E0,0E0,0E0],"parents":[2147483647,0,0,1,1,2,2],"right_children":[2,4,6,-1,-1,-1,-1],"split_conditions":[6.029048E-1,1.00383006E-1,7.041057E-1,-4.018505E0,-1.2427921E0,2.4294586E-1,2.145373E0],"split_indices":[0,0,0,0,0,0,0],"split_type":[0,0,0,0,0,0,0],"sum_hessian":[9E0,4E0,5E0,1E0,3E0,1E0,4E0],"tree_param":{"num_deleted":"0","num_feature":"2","num_nodes":"7","size_leaf_vector":"1"}},{"base_weights":[-1.9031814E0,-2.4466976E1,1.7217178E1,-3.8175797E0,-1.1495823E0,7.504204E0,2.4428751E0,2.3079835E-1,8.4669495E-1],"categories":[],"categories_nodes":[],"categories_segments":[],"categories_sizes":[],"default_left":[0,0,0,0,0,0,0,0,0],"id":20,"left_children":[1,3,5,-1,-1,7,-1,-1,-1],"loss_changes":[4.735531E3,4.502339E2,2.3695654E2,0E0,0E0,4.6897888E-1,0E0,0E0,0E0],"parents":[2147483647,0,0,1,1,2,2,5,5],"right_children":[2,4,6,-1,-1,8,-1,-1,-1],"split_conditions":[6.029048E-1,1.00383006E-1,9.037737E-1,-3.8175797E0,-1.1495823E0,7.041057E-1,2.4428751E0,2.3079835E-1,8.4669495E-1],"split_indices":[0,0,0,0,0,0,0,0,0],"split_type":[0,0,0,0,0,0,0,0,0],"sum_hessian":[9E0,4E0,5E0,1E0,3E0,3E0,2E0,1E0,2E0],"tree_param":{"num_deleted":"0","num_feature":"2","num_nodes":"9","size_leaf_vector":"1"}},{"base_weights":[-1.8575394E0,-2.3013706E1,1.608219E1,-3.6267006E0,-1.063363E0,7.023155E-1,2.2800171E0],"categories":[],"categories_nodes":[],"categories_segments":[],"categories_sizes":[],"default_left":[0,0,0,0,0,0,0],"id":21,"left_children":[1,3,5,-1,-1,-1,-1],"loss_changes":[4.165469E3,4.3473462E2,2.0502148E2,0E0,0E0,0E0,0E0],"parents":[2147483647,0,0,1,1,2,2],"right_children":[2,4,6,-1,-1,-1,-1],"split_conditions":[6.029048E-1,1.00383006E-1,9.037737E-1,-3.6267006E0,-1.063363E0,7.023155E-1,2.2800171E0],"split_indices":[0,0,0,0,0,0,0],"split_type":[0,0,0,0,0,0,0],"sum_hessian":[9E0,4E0,5E0,1E0,3E0,3E0,2E0],"tree_param":{"num_deleted":"0","num_feature":"2","num_nodes":"7","size_leaf_vector":"1"}},{"base_weights":[-1.8425567E0,-2.1650349E1,1.4971028E1,-3.445366E0,-9.836106E-1,6.4964294E0,2.1280153E0,1.8414307E-1,7.434286E-1],"categories":[],"categories_nodes":[],"categories_segments":[],"categories_sizes":[],"default_left":[0,0,0,0,0,0,0,0,0],"id":22,"left_children":[1,3,5,-1,-1,7,-1,-1,-1],"loss_changes":[3.6545278E3,4.17417E2,1.8255872E2,0E0,0E0,3.7731628E0,0E0,0E0,0E0],"parents":[2147483647,0,0,1,1,2,2,5,5],"right_children":[2,4,6,-1,-1,8,-1,-1,-1],"split_conditions":[6.029048E-1,1.00383006E-1,9.037737E-1,-3.445366E0,-9.836106E-1,7.041057E-1,2.1280153E0,1.8414307E-1,7.434286E-1],"split_indices":[0,0,0,0,0,0,0,0,0],"split_type":[0,0,0,0,0,0,0,0,0],"sum_hessian":[9E0,4E0,5E0,1E0,3E0,3E0,2E0,1E0,2E0],"tree_param":{"num_deleted":"0","num_feature":"2","num_nodes":"9","size_leaf_vector":"1"}},{"base_weights":[-1.7956421E0,-2.0371105E1,1.3983185E1,-2.81576E0,-5.7942456E-1,6.0786743E0,1.9861472E0,1.7493592E-1,6.9386595E-1],"categories":[],"categories_nodes":[],"categories_segments":[],"categories_sizes":[],"default_left":[0,0,0,0,0,0,0,0,0],"id":23,"left_children":[1,3,5,-1,-1,7,-1,-1,-1],"loss_changes":[3.215843E3,4.0436108E2,1.5805835E2,0E0,0E0,2.7543793E0,0E0,0E0,0E0],"parents":[2147483647,0,0,1,1,2,2,5,5],"right_children":[2,4,6,-1,-1,8,-1,-1,-1],"split_conditions":[6.029048E-1,3.0204302E-1,9.037737E-1,-2.81576E0,-5.7942456E-1,7.041057E-1,1.9861472E0,1.7493592E-1,6.9386595E-1],"split_indices":[0,0,0,0,0,0,0,0,0],"split_type":[0,0,0,0,0,0,0,0,0],"sum_hessian":[9E0,4E0,5E0,2E0,2E0,3E0,2E0,1E0,2E0],"tree_param":{"num_deleted":"0","num_feature":"2","num_nodes":"9","size_leaf_vector":"1"}},{"base_weights":[-1.6701005E0,-1.9013027E1,1.3060689E1,-3.132309E0,-8.10474E0,5.6880035E0,1.8537375E0,-9.2910206E-1,-2.2729492E-1,1.6618958E-1,6.4760745E-1],"categories":[],"categories_nodes":[],"categories_segments":[],"categories_sizes":[],"default_left":[0,0,0,0,0,0,0,0,0,0,0],"id":24,"left_children":[1,3,5,-1,7,9,-1,-1,-1,-1,-1],"loss_changes":[2.8030735E3,4.1754285E2,1.368266E2,0E0,6.5545654E0,1.9288635E0,0E0,0E0,0E0,0E0,0E0],"parents":[2147483647,0,0,1,1,2,2,4,4,5,5],"right_children":[2,4,6,-1,8,10,-1,-1,-1,-1,-1],"split_conditions":[6.029048E-1,1.00383006E-1,9.037737E-1,-3.132309E0,4.0188998E-1,7.041057E-1,1.8537375E0,-9.2910206E-1,-2.2729492E-1,1.6618958E-1,6.4760745E-1],"split_indices":[0,0,0,0,0,0,0,0,0,0,0],"split_type":[0,0,0,0,0,0,0,0,0,0,0],"sum_hessian":[9E0,4E0,5E0,1E0,3E0,3E0,2E0,2E0,1E0,1E0,2E0],"tree_param":{"num_deleted":"0","num_feature":"2","num_nodes":"11","size_leaf_vector":"1"}},{"base_weights":[-1.6652069E0,-1.7969463E1,1.2199208E1,-2.9756935E0,-7.5833626E0,5.322647E0,1.7301553E0,-8.671616E-1,-2.1593018E-1,1.5787964E-1,6.0443324E-1],"categories":[],"categories_nodes":[],"categories_segments":[],"categories_sizes":[],"default_left":[0,0,0,0,0,0,0,0,0,0,0],"id":25,"left_children":[1,3,5,-1,7,9,-1,-1,-1,-1,-1],"loss_changes":[2.4797031E3,3.8647168E2,1.1842944E2,0E0,4.886368E0,1.2647552E0,0E0,0E0,0E0,0E0,0E0],"parents":[2147483647,0,0,1,1,2,2,4,4,5,5],"right_children":[2,4,6,-1,8,10,-1,-1,-1,-1,-1],"split_conditions":[6.029048E-1,1.00383006E-1,9.037737E-1,-2.9756935E0,4.0188998E-1,7.041057E-1,1.7301553E0,-8.671616E-1,-2.1593018E-1,1.5787964E-1,6.0443324E-1],"split_indices":[0,0,0,0,0,0,0,0,0,0,0],"split_type":[0,0,0,0,0,0,0,0,0,0,0],"sum_hessian":[9E0,4E0,5E0,1E0,3E0,3E0,2E0,2E0,1E0,1E0,2E0],"tree_param":{"num_deleted":"0","num_feature":"2","num_nodes":"11","size_leaf_vector":"1"}},{"base_weights":[-1.6553177E0,-2.0204678E1,9.180791E0,-2.8269088E0,-8.093511E-1,-3.6764526E-1,1.3073694E1,-2.0513307E-1,1.4998627E-1,7.1615756E-1,1.8361084E0],"categories":[],"categories_nodes":[],"categories_segments":[],"categories_sizes":[],"default_left":[0,0,0,0,0,0,0,0,0,0,0],"id":26,"left_children":[1,3,5,-1,-1,7,9,-1,-1,-1,-1],"loss_changes":[2.1955234E3,1.6188147E2,2.6500446E2,0E0,0E0,1.2509602E1,2.4804138E1,0E0,0E0,0E0,0E0],"parents":[2147483647,0,0,1,1,2,2,5,5,6,6],"right_children":[2,4,6,-1,-1,8,10,-1,-1,-1,-1],"split_conditions":[4.0188998E-1,1.00383006E-1,7.041057E-1,-2.8269088E0,-8.093511E-1,6.029048E-1,1E0,-2.0513307E-1,1.4998627E-1,7.1615756E-1,1.8361084E0],"split_indices":[0,0,0,0,0,0,0,0,0,0,0],"split_type":[0,0,0,0,0,0,0,0,0,0,0],"sum_hessian":[9E0,3E0,6E0,1E0,2E0,2E0,4E0,1E0,1E0,3E0,1E0],"tree_param":{"num_deleted":"0","num_feature":"2","num_nodes":"11","size_leaf_vector":"1"}},{"base_weights":[-1.6037003E0,-1.9093273E1,8.619441E0,-2.6855638E0,-7.55394E-1,1.4110794E0,1.3672943E0,-1.948761E-1,3.1806132E-1],"categories":[],"categories_nodes":[],"categories_segments":[],"categories_sizes":[],"default_left":[0,0,0,0,0,0,0,0,0],"id":27,"left_children":[1,3,5,-1,-1,7,-1,-1,-1],"loss_changes":[1.9525571E3,1.554242E2,2.3569867E2,0E0,0E0,2.9979656E1,0E0,0E0,0E0],"parents":[2147483647,0,0,1,1,2,2,5,5],"right_children":[2,4,6,-1,-1,8,-1,-1,-1],"split_conditions":[4.0188998E-1,1.00383006E-1,8.041862E-1,-2.6855638E0,-7.55394E-1,6.029048E-1,1.3672943E0,-1.948761E-1,3.1806132E-1],"split_indices":[0,0,0,0,0,0,0,0,0],"split_type":[0,0,0,0,0,0,0,0,0],"sum_hessian":[9E0,3E0,6E0,1E0,2E0,3E0,3E0,1E0,2E0],"tree_param":{"num_deleted":"0","num_feature":"2","num_nodes":"9","size_leaf_vector":"1"}},{"base_weights":[-1.6383743E0,-1.8044186E1,7.9704285E0,-2.5512855E0,-7.0503443E-1,2.5271058E0,1.4385823E0,-1.8513183E-1,4.0845413E0,1.2658386E-1,4.6021628E-1],"categories":[],"categories_nodes":[],"categories_segments":[],"categories_sizes":[],"default_left":[0,0,0,0,0,0,0,0,0,0,0],"id":28,"left_children":[1,3,5,-1,-1,7,-1,-1,9,-1,-1],"loss_changes":[1.7202219E3,1.4856323E2,2.0809299E2,0E0,0E0,4.1657352E1,0E0,0E0,1.04904175E-2,0E0,0E0],"parents":[2147483647,0,0,1,1,2,2,5,5,8,8],"right_children":[2,4,6,-1,-1,8,-1,-1,10,-1,-1],"split_conditions":[4.0188998E-1,1.00383006E-1,9.037737E-1,-2.5512855E0,-7.0503443E-1,6.029048E-1,1.4385823E0,-1.8513183E-1,7.041057E-1,1.2658386E-1,4.6021628E-1],"split_indices":[0,0,0,0,0,0,0,0,0,0,0],"split_type":[0,0,0,0,0,0,0,0,0,0,0],"sum_hessian":[9E0,3E0,6E0,1E0,2E0,4E0,2E0,1E0,3E0,1E0,2E0],"tree_param":{"num_deleted":"0","num_feature":"2","num_nodes":"11","size_leaf_vector":"1"}},{"base_weights":[-1.6161407E0,-1.7053848E1,7.4362836E0,-2.4237213E0,-6.5803224E-1,3.3289692E0,1.6040086E0,-1.7587586E-1,4.6982665E0,1.2025452E-1,5.2715605E-1],"categories":[],"categories_nodes":[],"categories_segments":[],"categories_sizes":[],"default_left":[0,0,0,0,0,0,0,0,0,0,0],"id":29,"left_children":[1,3,5,-1,-1,7,-1,-1,9,-1,-1],"loss_changes":[1.524304E3,1.4145203E2,1.9397272E2,0E0,0E0,5.006279E1,0E0,0E0,3.6810913E0,0E0,0E0],"parents":[2147483647,0,0,1,1,2,2,5,5,8,8],"right_children":[2,4,6,-1,-1,8,-1,-1,10,-1,-1],"split_conditions":[4.0188998E-1,1.00383006E-1,1E0,-2.4237213E0,-6.5803224E-1,6.029048E-1,1.6040086E0,-1.7587586E-1,7.041057E-1,1.2025452E-1,5.2715605E-1],"split_indices":[0,0,0,0,0,0,0,0,0,0,0],"split_type":[0,0,0,0,0,0,0,0,0,0,0],"sum_hessian":[9E0,3E0,6E0,1E0,2E0,5E0,1E0,1E0,4E0,1E0,3E0],"tree_param":{"num_deleted":"0","num_feature":"2","num_nodes":"11","size_leaf_vector":"1"}},{"base_weights":[-1.5551468E0,-1.61189E1,6.989162E0,-2.3025353E0,-6.141632E-1,3.0746613E0,1.5238084E0,-1.6708222E-1,4.3579226E0,1.1424255E-1,4.87619E-1],"categories":[],"categories_nodes":[],"categories_segments":[],"categories_sizes":[],"default_left":[0,0,0,0,0,0,0,0,0,0,0],"id":30,"left_children":[1,3,5,-1,-1,7,-1,-1,9,-1,-1],"loss_changes":[1.3570297E3,1.3421692E2,1.7918094E2,0E0,0E0,4.3819473E1,0E0,0E0,2.7617645E0,0E0,0E0],"parents":[2147483647,0,0,1,1,2,2,5,5,8,8],"right_children":[2,4,6,-1,-1,8,-1,-1,10,-1,-1],"split_conditions":[4.0188998E-1,1.00383006E-1,1E0,-2.3025353E0,-6.141632E-1,6.029048E-1,1.5238084E0,-1.6708222E-1,7.041057E-1,1.1424255E-1,4.87619E-1],"split_indices":[0,0,0,0,0,0,0,0,0,0,0],"split_type":[0,0,0,0,0,0,0,0,0,0,0],"sum_hessian":[9E0,3E0,6E0,1E0,2E0,5E0,1E0,1E0,4E0,1E0,3E0],"tree_param":{"num_deleted":"0","num_feature":"2","num_nodes":"11","size_leaf_vector":"1"}},{"base_weights":[-1.4954407E0,-1.5236183E1,6.5700464E0,-2.1874084E0,-5.7321876E-1,2.8396606E0,1.4476181E0,-1.5872803E-1,4.042505E0,1.08529665E-1,4.5104828E-1],"categories":[],"categories_nodes":[],"categories_segments":[],"categories_sizes":[],"default_left":[0,0,0,0,0,0,0,0,0,0,0],"id":31,"left_children":[1,3,5,-1,-1,7,-1,-1,9,-1,-1],"loss_changes":[1.2083604E3,1.2696002E2,1.6534305E2,0E0,0E0,3.836611E1,0E0,0E0,2.0243301E0,0E0,0E0],"parents":[2147483647,0,0,1,1,2,2,5,5,8,8],"right_children":[2,4,6,-1,-1,8,-1,-1,10,-1,-1],"split_conditions":[4.0188998E-1,1.00383006E-1,1E0,-2.1874084E0,-5.7321876E-1,6.029048E-1,1.4476181E0,-1.5872803E-1,7.041057E-1,1.08529665E-1,4.5104828E-1],"split_indices":[0,0,0,0,0,0,0,0,0,0,0],"split_type":[0,0,0,0,0,0,0,0,0,0,0],"sum_hessian":[9E0,3E0,6E0,1E0,2E0,5E0,1E0,1E0,4E0,1E0,3E0],"tree_param":{"num_deleted":"0","num_feature":"2","num_nodes":"11","size_leaf_vector":"1"}},{"base_weights":[-1.4371154E0,-1.4402725E1,6.1771064E0,-2.078038E0,-5.350047E-1,2.6225026E0,1.3752365E0,-1.5079193E-1,3.750171E0,1.0310364E-1,4.1721955E-1],"categories":[],"categories_nodes":[],"categories_segments":[],"categories_sizes":[],"default_left":[0,0,0,0,0,0,0,0,0,0,0],"id":32,"left_children":[1,3,5,-1,-1,7,-1,-1,9,-1,-1],"loss_changes":[1.0761975E3,1.1976343E2,1.5242368E2,0E0,0E0,3.3601425E1,0E0,0E0,1.4360199E0,0E0,0E0],"parents":[2147483647,0,0,1,1,2,2,5,5,8,8],"right_children":[2,4,6,-1,-1,8,-1,-1,10,-1,-1],"split_conditions":[4.0188998E-1,1.00383006E-1,1E0,-2.078038E0,-5.350047E-1,6.029048E-1,1.3752365E0,-1.5079193E-1,7.041057E-1,1.0310364E-1,4.1721955E-1],"split_indices":[0,0,0,0,0,0,0,0,0,0,0],"split_type":[0,0,0,0,0,0,0,0,0,0,0],"sum_hessian":[9E0,3E0,6E0,1E0,2E0,5E0,1E0,1E0,4E0,1E0,3E0],"tree_param":{"num_deleted":"0","num_feature":"2","num_nodes":"11","size_leaf_vector":"1"}},{"base_weights":[-1.3802277E0,-1.3615715E1,5.808655E0,-1.9741364E0,-4.9933776E-1,2.4218495E0,1.3064743E0,-1.4325257E-1,3.4792297E0,9.794922E-2,3.859291E-1],"categories":[],"categories_nodes":[],"categories_segments":[],"categories_sizes":[],"default_left":[0,0,0,0,0,0,0,0,0,0,0],"id":33,"left_children":[1,3,5,-1,-1,7,-1,-1,9,-1,-1],"loss_changes":[9.586838E2,1.1269354E2,1.4038387E2,0E0,0E0,2.9437325E1,0E0,0E0,9.701271E-1,0E0,0E0],"parents":[2147483647,0,0,1,1,2,2,5,5,8,8],"right_children":[2,4,6,-1,-1,8,-1,-1,10,-1,-1],"split_conditions":[4.0188998E-1,1.00383006E-1,1E0,-1.9741364E0,-4.9933776E-1,6.029048E-1,1.3064743E0,-1.4325257E-1,7.041057E-1,9.794922E-2,3.859291E-1],"split_indices":[0,0,0,0,0,0,0,0,0,0,0],"split_type":[0,0,0,0,0,0,0,0,0,0,0],"sum_hessian":[9E0,3E0,6E0,1E0,2E0,5E0,1E0,1E0,4E0,1E0,3E0],"tree_param":{"num_deleted":"0","num_feature":"2","num_nodes":"11","size_leaf_vector":"1"}},{"base_weights":[-1.3248428E0,-1.2872509E1,5.4630866E0,-1.8754295E0,-4.660482E-1,2.236435E0,1.2411499E0,-1.3609008E-1,3.2280822E0,9.305115E-2,3.569847E-1],"categories":[],"categories_nodes":[],"categories_segments":[],"categories_sizes":[],"default_left":[0,0,0,0,0,0,0,0,0,0,0],"id":34,"left_children":[1,3,5,-1,-1,7,-1,-1,9,-1,-1],"loss_changes":[8.5417114E2,1.0580151E2,1.2918324E2,0E0,0E0,2.5796831E1,0E0,0E0,6.043625E-1,0E0,0E0],"parents":[2147483647,0,0,1,1,2,2,5,5,8,8],"right_children":[2,4,6,-1,-1,8,-1,-1,10,-1,-1],"split_conditions":[4.0188998E-1,1.00383006E-1,1E0,-1.8754295E0,-4.660482E-1,6.029048E-1,1.2411499E0,-1.3609008E-1,7.041057E-1,9.305115E-2,3.569847E-1],"split_indices":[0,0,0,0,0,0,0,0,0,0,0],"split_type":[0,0,0,0,0,0,0,0,0,0,0],"sum_hessian":[9E0,3E0,6E0,1E0,2E0,5E0,1E0,1E0,4E0,1E0,3E0],"tree_param":{"num_deleted":"0","num_feature":"2","num_nodes":"11","size_leaf_vector":"1"}},{"base_weights":[-1.2710006E0,-1.4805466E1,3.9632988E0,-1.7816582E0,-4.391617E-1,1.160649E0,1.1790924E0,-2.2839458E-1,2.995276E0,8.839875E-2,3.3021012E-1],"categories":[],"categories_nodes":[],"categories_segments":[],"categories_sizes":[],"default_left":[0,0,0,0,0,0,0,0,0,0,0],"id":35,"left_children":[1,3,5,-1,-1,7,-1,-1,9,-1,-1],"loss_changes":[7.671129E2,1.5828308E1,1.6181964E2,0E0,0E0,5.1077873E1,0E0,0E0,3.1996155E-1,0E0,0E0],"parents":[2147483647,0,0,1,1,2,2,5,5,8,8],"right_children":[2,4,6,-1,-1,8,-1,-1,10,-1,-1],"split_conditions":[3.0204302E-1,1.00383006E-1,1E0,-1.7816582E0,-4.391617E-1,6.029048E-1,1.1790924E0,-2.2839458E-1,7.041057E-1,8.839875E-2,3.3021012E-1],"split_indices":[0,0,0,0,0,0,0,0,0,0,0],"split_type":[0,0,0,0,0,0,0,0,0,0,0],"sum_hessian":[9E0,2E0,7E0,1E0,1E0,6E0,1E0,2E0,4E0,1E0,3E0],"tree_param":{"num_deleted":"0","num_feature":"2","num_nodes":"11","size_leaf_vector":"1"}},{"base_weights":[-1.2290481E0,-1.406519E1,3.7381363E0,-1.6925751E0,-4.1720352E-1,1.0717599E0,1.1201385E0,-2.1316834E-1,2.7794738E0,8.397827E-2,3.054451E-1],"categories":[],"categories_nodes":[],"categories_segments":[],"categories_sizes":[],"default_left":[0,0,0,0,0,0,0,0,0,0,0],"id":36,"left_children":[1,3,5,-1,-1,7,-1,-1,9,-1,-1],"loss_changes":[6.901725E2,1.4285095E1,1.4719345E2,0E0,0E0,4.421891E1,0E0,0E0,1.0177994E-1,0E0,0E0],"parents":[2147483647,0,0,1,1,2,2,5,5,8,8],"right_children":[2,4,6,-1,-1,8,-1,-1,10,-1,-1],"split_conditions":[3.0204302E-1,1.00383006E-1,1E0,-1.6925751E0,-4.1720352E-1,6.029048E-1,1.1201385E0,-2.1316834E-1,7.041057E-1,8.397827E-2,3.054451E-1],"split_indices":[0,0,0,0,0,0,0,0,0,0,0],"split_type":[0,0,0,0,0,0,0,0,0,0,0],"sum_hessian":[9E0,2E0,7E0,1E0,1E0,6E0,1E0,2E0,4E0,1E0,3E0],"tree_param":{"num_deleted":"0","num_feature":"2","num_nodes":"11","size_leaf_vector":"1"}},{"base_weights":[-1.1874847E0,-1.3361928E1,3.5263672E0,-1.607946E0,-3.9634323E-1,9.8975915E-1,1.0641311E0,-1.9895731E-1,2.5794068E-1],"categories":[],"categories_nodes":[],"categories_segments":[],"categories_sizes":[],"default_left":[0,0,0,0,0,0,0,0,0],"id":37,"left_children":[1,3,5,-1,-1,7,-1,-1,-1],"loss_changes":[6.210043E2,1.2892334E1,1.3385025E2,0E0,0E0,3.8284542E1,0E0,0E0,0E0],"parents":[2147483647,0,0,1,1,2,2,5,5],"right_children":[2,4,6,-1,-1,8,-1,-1,-1],"split_conditions":[3.0204302E-1,1.00383006E-1,1E0,-1.607946E0,-3.9634323E-1,6.029048E-1,1.0641311E0,-1.9895731E-1,2.5794068E-1],"split_indices":[0,0,0,0,0,0,0,0,0],"split_type":[0,0,0,0,0,0,0,0,0],"sum_hessian":[9E0,2E0,7E0,1E0,1E0,6E0,1E0,2E0,4E0],"tree_param":{"num_deleted":"0","num_feature":"2","num_nodes":"9","size_leaf_vector":"1"}},{"base_weights":[-1.1568512E0,-1.2693832E1,3.3141232E0,-1.527549E0,-3.7652588E-1,8.9921135E-1,1.0109253E0,-1.8569387E-1,2.373059E0,6.688233E-2,2.6319122E-1],"categories":[],"categories_nodes":[],"categories_segments":[],"categories_sizes":[],"default_left":[0,0,0,0,0,0,0,0,0,0,0],"id":38,"left_children":[1,3,5,-1,-1,7,-1,-1,9,-1,-1],"loss_changes":[5.578844E2,1.1635376E1,1.2218676E2,0E0,0E0,3.284164E1,0E0,0E0,4.4544983E-1,0E0,0E0],"parents":[2147483647,0,0,1,1,2,2,5,5,8,8],"right_children":[2,4,6,-1,-1,8,-1,-1,10,-1,-1],"split_conditions":[3.0204302E-1,1.00383006E-1,1E0,-1.527549E0,-3.7652588E-1,6.029048E-1,1.0109253E0,-1.8569387E-1,7.041057E-1,6.688233E-2,2.6319122E-1],"split_indices":[0,0,0,0,0,0,0,0,0,0,0],"split_type":[0,0,0,0,0,0,0,0,0,0,0],"sum_hessian":[9E0,2E0,7E0,1E0,1E0,6E0,1E0,2E0,4E0,1E0,3E0],"tree_param":{"num_deleted":"0","num_feature":"2","num_nodes":"11","size_leaf_vector":"1"}},{"base_weights":[-1.1160415E0,-1.2059143E1,3.1271267E0,-1.4511719E0,-3.576996E-1,8.29919E-1,9.6037906E-1,-1.733139E-1,2.20177E0,6.35376E-2,2.4345246E-1],"categories":[],"categories_nodes":[],"categories_segments":[],"categories_sizes":[],"default_left":[0,0,0,0,0,0,0,0,0,0,0],"id":39,"left_children":[1,3,5,-1,-1,7,-1,-1,9,-1,-1],"loss_changes":[5.020447E2,1.0500977E1,1.1105557E2,0E0,0E0,2.842891E1,0E0,0E0,2.760887E-1,0E0,0E0],"parents":[2147483647,0,0,1,1,2,2,5,5,8,8],"right_children":[2,4,6,-1,-1,8,-1,-1,10,-1,-1],"split_conditions":[3.0204302E-1,1.00383006E-1,1E0,-1.4511719E0,-3.576996E-1,6.029048E-1,9.6037906E-1,-1.733139E-1,7.041057E-1,6.35376E-2,2.4345246E-1],"split_indices":[0,0,0,0,0,0,0,0,0,0,0],"split_type":[0,0,0,0,0,0,0,0,0,0,0],"sum_hessian":[9E0,2E0,7E0,1E0,1E0,6E0,1E0,2E0,4E0,1E0,3E0],"tree_param":{"num_deleted":"0","num_feature":"2","num_nodes":"11","size_leaf_vector":"1"}},{"base_weights":[-1.075917E0,-1.1456187E1,2.9511738E0,-1.3786134E0,-3.3981475E-1,7.660283E-1,9.1235965E-1,-1.6175996E-1,2.0429993E0,6.036072E-2,2.2519456E-1],"categories":[],"categories_nodes":[],"categories_segments":[],"categories_sizes":[],"default_left":[0,0,0,0,0,0,0,0,0,0,0],"id":40,"left_children":[1,3,5,-1,-1,7,-1,-1,9,-1,-1],"loss_changes":[4.518321E2,9.477081E0,1.00912186E2,0E0,0E0,2.4611519E1,0E0,0E0,1.4448738E-1,0E0,0E0],"parents":[2147483647,0,0,1,1,2,2,5,5,8,8],"right_children":[2,4,6,-1,-1,8,-1,-1,10,-1,-1],"split_conditions":[3.0204302E-1,1.00383006E-1,1E0,-1.3786134E0,-3.3981475E-1,6.029048E-1,9.1235965E-1,-1.6175996E-1,7.041057E-1,6.036072E-2,2.2519456E-1],"split_indices":[0,0,0,0,0,0,0,0,0,0,0],"split_type":[0,0,0,0,0,0,0,0,0,0,0],"sum_hessian":[9E0,2E0,7E0,1E0,1E0,6E0,1E0,2E0,4E0,1E0,3E0],"tree_param":{"num_deleted":"0","num_feature":"2","num_nodes":"11","size_leaf_vector":"1"}},{"base_weights":[-1.0365493E0,-1.0883377E1,2.7855797E0,-1.3096825E0,-3.228241E-1,7.071141E-1,8.6674196E-1,-1.5097556E-1,1.895813E0,5.734253E-2,2.0830536E-1],"categories":[],"categories_nodes":[],"categories_segments":[],"categories_sizes":[],"default_left":[0,0,0,0,0,0,0,0,0,0,0],"id":41,"left_children":[1,3,5,-1,-1,7,-1,-1,9,-1,-1],"loss_changes":[4.06675E2,8.5529785E0,9.167276E1,0E0,0E0,2.1308546E1,0E0,0E0,4.3548584E-2,0E0,0E0],"parents":[2147483647,0,0,1,1,2,2,5,5,8,8],"right_children":[2,4,6,-1,-1,8,-1,-1,10,-1,-1],"split_conditions":[3.0204302E-1,1.00383006E-1,1E0,-1.3096825E0,-3.228241E-1,6.029048E-1,8.6674196E-1,-1.5097556E-1,7.041057E-1,5.734253E-2,2.0830536E-1],"split_indices":[0,0,0,0,0,0,0,0,0,0,0],"split_type":[0,0,0,0,0,0,0,0,0,0,0],"sum_hessian":[9E0,2E0,7E0,1E0,1E0,6E0,1E0,2E0,4E0,1E0,3E0],"tree_param":{"num_deleted":"0","num_feature":"2","num_nodes":"11","size_leaf_vector":"1"}},{"base_weights":[-9.980057E-1,-1.0339208E1,2.629696E0,-1.2441987E0,-3.066826E-1,6.527797E-1,8.2340544E-1,-1.4091085E-1,1.7593567E-1],"categories":[],"categories_nodes":[],"categories_segments":[],"categories_sizes":[],"default_left":[0,0,0,0,0,0,0,0,0],"id":42,"left_children":[1,3,5,-1,-1,7,-1,-1,-1],"loss_changes":[3.6605994E2,7.7192383E0,8.325975E1,0E0,0E0,1.8450592E1,0E0,0E0,0E0],"parents":[2147483647,0,0,1,1,2,2,5,5],"right_children":[2,4,6,-1,-1,8,-1,-1,-1],"split_conditions":[3.0204302E-1,1.00383006E-1,1E0,-1.2441987E0,-3.066826E-1,6.029048E-1,8.2340544E-1,-1.4091085E-1,1.7593567E-1],"split_indices":[0,0,0,0,0,0,0,0,0],"split_type":[0,0,0,0,0,0,0,0,0],"sum_hessian":[9E0,2E0,7E0,1E0,1E0,6E0,1E0,2E0,4E0],"tree_param":{"num_deleted":"0","num_feature":"2","num_nodes":"9","size_leaf_vector":"1"}},{"base_weights":[-9.674484E-1,-9.822246E0,2.4740314E0,-1.1819886E0,-2.9134828E-1,5.9250534E-1,7.8223574E-1,-1.3151704E-1,1.6186097E0,4.5678712E-2,1.7948686E-1],"categories":[],"categories_nodes":[],"categories_segments":[],"categories_sizes":[],"default_left":[0,0,0,0,0,0,0,0,0,0,0],"id":43,"left_children":[1,3,5,-1,-1,7,-1,-1,9,-1,-1],"loss_changes":[3.290366E2,6.9666443E0,7.586932E1,0E0,0E0,1.5831066E1,0E0,0E0,2.040348E-1,0E0,0E0],"parents":[2147483647,0,0,1,1,2,2,5,5,8,8],"right_children":[2,4,6,-1,-1,8,-1,-1,10,-1,-1],"split_conditions":[3.0204302E-1,1.00383006E-1,1E0,-1.1819886E0,-2.9134828E-1,6.029048E-1,7.8223574E-1,-1.3151704E-1,7.041057E-1,4.5678712E-2,1.7948686E-1],"split_indices":[0,0,0,0,0,0,0,0,0,0,0],"split_type":[0,0,0,0,0,0,0,0,0,0,0],"sum_hessian":[9E0,2E0,7E0,1E0,1E0,6E0,1E0,2E0,4E0,1E0,3E0],"tree_param":{"num_deleted":"0","num_feature":"2","num_nodes":"11","size_leaf_vector":"1"}},{"base_weights":[-9.304428E-1,-9.331131E0,2.3361206E0,-1.1228889E0,-2.767807E-1,5.4663956E-1,7.431244E-1,-1.22748815E-1,1.5017884E0,6.555583E-2,1.8474223E-1],"categories":[],"categories_nodes":[],"categories_segments":[],"categories_sizes":[],"default_left":[0,0,0,0,0,0,0,0,0,0,0],"id":44,"left_children":[1,3,5,-1,-1,7,-1,-1,9,-1,-1],"loss_changes":[2.9621246E2,6.2874146E0,6.88788E1,0E0,0E0,1.370532E1,0E0,0E0,2.513361E-1,0E0,0E0],"parents":[2147483647,0,0,1,1,2,2,5,5,8,8],"right_children":[2,4,6,-1,-1,8,-1,-1,10,-1,-1],"split_conditions":[3.0204302E-1,1.00383006E-1,1E0,-1.1228889E0,-2.767807E-1,6.029048E-1,7.431244E-1,-1.22748815E-1,8.041862E-1,6.555583E-2,1.8474223E-1],"split_indices":[0,0,0,0,0,0,0,0,0,0,0],"split_type":[0,0,0,0,0,0,0,0,0,0,0],"sum_hessian":[9E0,2E0,7E0,1E0,1E0,6E0,1E0,2E0,4E0,2E0,2E0],"tree_param":{"num_deleted":"0","num_feature":"2","num_nodes":"11","size_leaf_vector":"1"}},{"base_weights":[-8.903015E-1,-8.8645735E0,2.211338E0,-1.0667442E0,-2.6294175E-1,5.101929E-1,7.059677E-1,-1.1456604E-1,1.4016663E0,6.1185714E-2,1.7242533E-1],"categories":[],"categories_nodes":[],"categories_segments":[],"categories_sizes":[],"default_left":[0,0,0,0,0,0,0,0,0,0,0],"id":45,"left_children":[1,3,5,-1,-1,7,-1,-1,9,-1,-1],"loss_changes":[2.6693573E2,5.674362E0,6.238003E1,0E0,0E0,1.1938877E1,0E0,0E0,2.1891403E-1,0E0,0E0],"parents":[2147483647,0,0,1,1,2,2,5,5,8,8],"right_children":[2,4,6,-1,-1,8,-1,-1,10,-1,-1],"split_conditions":[3.0204302E-1,1.00383006E-1,1E0,-1.0667442E0,-2.6294175E-1,6.029048E-1,7.059677E-1,-1.1456604E-1,8.041862E-1,6.1185714E-2,1.7242533E-1],"split_indices":[0,0,0,0,0,0,0,0,0,0,0],"split_type":[0,0,0,0,0,0,0,0,0,0,0],"sum_hessian":[9E0,2E0,7E0,1E0,1E0,6E0,1E0,2E0,4E0,2E0,2E0],"tree_param":{"num_deleted":"0","num_feature":"2","num_nodes":"11","size_leaf_vector":"1"}},{"base_weights":[-8.517395E-1,-8.421346E0,2.0933304E0,-1.0134071E0,-2.4979477E-1,4.7617885E-1,6.7066956E-1,-1.06928505E-1,1.3082215E0,5.7106525E-2,1.6093038E-1],"categories":[],"categories_nodes":[],"categories_segments":[],"categories_sizes":[],"default_left":[0,0,0,0,0,0,0,0,0,0,0],"id":46,"left_children":[1,3,5,-1,-1,7,-1,-1,9,-1,-1],"loss_changes":[2.4055885E2,5.1210938E0,5.6490505E1,0E0,0E0,1.04001045E1,0E0,0E0,1.9070625E-1,0E0,0E0],"parents":[2147483647,0,0,1,1,2,2,5,5,8,8],"right_children":[2,4,6,-1,-1,8,-1,-1,10,-1,-1],"split_conditions":[3.0204302E-1,1.00383006E-1,1E0,-1.0134071E0,-2.4979477E-1,6.029048E-1,6.7066956E-1,-1.06928505E-1,8.041862E-1,5.7106525E-2,1.6093038E-1],"split_indices":[0,0,0,0,0,0,0,0,0,0,0],"split_type":[0,0,0,0,0,0,0,0,0,0,0],"sum_hessian":[9E0,2E0,7E0,1E0,1E0,6E0,1E0,2E0,4E0,2E0,2E0],"tree_param":{"num_deleted":"0","num_feature":"2","num_nodes":"11","size_leaf_vector":"1"}},{"base_weights":[-8.147003E-1,-8.000275E0,1.9817276E0,-9.6273655E-1,-2.3730469E-1,4.4444057E-1,6.371369E-1,-9.97996E-2,1.2210144E0,5.329997E-2,1.5020244E-1],"categories":[],"categories_nodes":[],"categories_segments":[],"categories_sizes":[],"default_left":[0,0,0,0,0,0,0,0,0,0,0],"id":47,"left_children":[1,3,5,-1,-1,7,-1,-1,9,-1,-1],"loss_changes":[2.1679378E2,4.621826E0,5.1153404E1,0E0,0E0,9.059677E0,0E0,0E0,1.6611576E-1,0E0,0E0],"parents":[2147483647,0,0,1,1,2,2,5,5,8,8],"right_children":[2,4,6,-1,-1,8,-1,-1,10,-1,-1],"split_conditions":[3.0204302E-1,1.00383006E-1,1E0,-9.6273655E-1,-2.3730469E-1,6.029048E-1,6.371369E-1,-9.97996E-2,8.041862E-1,5.329997E-2,1.5020244E-1],"split_indices":[0,0,0,0,0,0,0,0,0,0,0],"split_type":[0,0,0,0,0,0,0,0,0,0,0],"sum_hessian":[9E0,2E0,7E0,1E0,1E0,6E0,1E0,2E0,4E0,2E0,2E0],"tree_param":{"num_deleted":"0","num_feature":"2","num_nodes":"11","size_leaf_vector":"1"}},{"base_weights":[-7.791565E-1,-7.6002603E0,1.876152E0,-9.145996E-1,-2.2543946E-1,4.1480365E-1,6.0527956E-1,-9.314677E-1,1.1396058E0,-1.1186981E-1,-2.7850343E-2,4.974569E-2,1.401886E-1],"categories":[],"categories_nodes":[],"categories_segments":[],"categories_sizes":[],"default_left":[0,0,0,0,0,0,0,0,0,0,0,0,0],"id":48,"left_children":[1,3,5,-1,-1,7,-1,9,11,-1,-1,-1,-1],"loss_changes":[1.953806E2,4.1712036E0,4.631753E1,0E0,0E0,7.891968E0,0E0,5.520296E-2,1.4473724E-1,0E0,0E0,0E0,0E0],"parents":[2147483647,0,0,1,1,2,2,5,5,7,7,8,8],"right_children":[2,4,6,-1,-1,8,-1,10,12,-1,-1,-1,-1],"split_conditions":[3.0204302E-1,1.00383006E-1,1E0,-9.145996E-1,-2.2543946E-1,6.029048E-1,6.0527956E-1,4.0188998E-1,8.041862E-1,-1.1186981E-1,-2.7850343E-2,4.974569E-2,1.401886E-1],"split_indices":[0,0,0,0,0,0,0,0,0,0,0,0,0],"split_type":[0,0,0,0,0,0,0,0,0,0,0,0,0],"sum_hessian":[9E0,2E0,7E0,1E0,1E0,6E0,1E0,2E0,4E0,1E0,1E0,2E0,2E0],"tree_param":{"num_deleted":"0","num_feature":"2","num_nodes":"13","size_leaf_vector":"1"}},{"base_weights":[-7.496964E-1,-7.2202506E0,1.7704735E0,-8.688698E-1,-2.1416779E-1,3.8049752E-1,5.7501525E-1,-8.848877E-1,1.0636292E0,-1.0627594E-1,-2.6457215E-2,4.6429444E-2,1.3084207E-1],"categories":[],"categories_nodes":[],"categories_segments":[],"categories_sizes":[],"default_left":[0,0,0,0,0,0,0,0,0,0,0,0,0],"id":49,"left_children":[1,3,5,-1,-1,7,-1,9,11,-1,-1,-1,-1],"loss_changes":[1.758522E2,3.7644653E0,4.206535E1,0E0,0E0,6.9921646E0,0E0,4.9833298E-2,1.2606812E-1,0E0,0E0,0E0,0E0],"parents":[2147483647,0,0,1,1,2,2,5,5,7,7,8,8],"right_children":[2,4,6,-1,-1,8,-1,10,12,-1,-1,-1,-1],"split_conditions":[3.0204302E-1,1.00383006E-1,1E0,-8.688698E-1,-2.1416779E-1,6.029048E-1,5.7501525E-1,4.0188998E-1,8.041862E-1,-1.0627594E-1,-2.6457215E-2,4.6429444E-2,1.3084207E-1],"split_indices":[0,0,0,0,0,0,0,0,0,0,0,0,0],"split_type":[0,0,0,0,0,0,0,0,0,0,0,0,0],"sum_hessian":[9E0,2E0,7E0,1E0,1E0,6E0,1E0,2E0,4E0,1E0,1E0,2E0,2E0],"tree_param":{"num_deleted":"0","num_feature":"2","num_nodes":"13","size_leaf_vector":"1"}},{"base_weights":[-7.2106934E-1,-6.8592377E0,1.6708775E0,-8.254265E-1,-2.0345917E-1,3.488181E-1,5.4626465E-1,-8.406423E-1,9.9273074E-1,-1.00962065E-1,-2.5134278E-2,2.6728822E-2,1.1072693E-1],"categories":[],"categories_nodes":[],"categories_segments":[],"categories_sizes":[],"default_left":[0,0,0,0,0,0,0,0,0,0,0,0,0],"id":50,"left_children":[1,3,5,-1,-1,7,-1,9,11,-1,-1,-1,-1],"loss_changes":[1.5828265E2,3.3974915E0,3.8198082E1,0E0,0E0,6.195891E0,0E0,4.4975758E-2,1.1949587E-1,0E0,0E0,0E0,0E0],"parents":[2147483647,0,0,1,1,2,2,5,5,7,7,8,8],"right_children":[2,4,6,-1,-1,8,-1,10,12,-1,-1,-1,-1],"split_conditions":[3.0204302E-1,1.00383006E-1,1E0,-8.254265E-1,-2.0345917E-1,6.029048E-1,5.4626465E-1,4.0188998E-1,7.041057E-1,-1.00962065E-1,-2.5134278E-2,2.6728822E-2,1.1072693E-1],"split_indices":[0,0,0,0,0,0,0,0,0,0,0,0,0],"split_type":[0,0,0,0,0,0,0,0,0,0,0,0,0],"sum_hessian":[9E0,2E0,7E0,1E0,1E0,6E0,1E0,2E0,4E0,1E0,1E0,1E0,3E0],"tree_param":{"num_deleted":"0","num_feature":"2","num_nodes":"13","size_leaf_vector":"1"}},{"base_weights":[-6.960846E-1,-6.516276E0,1.5734978E0,-7.841553E-1,-1.9328614E-1,3.1556484E-1,5.189514E-1,-7.986043E-1,9.209534E-1,-9.59137E-2,-2.3876954E-2,3.8753256E-2,1.1473898E-1],"categories":[],"categories_nodes":[],"categories_segments":[],"categories_sizes":[],"default_left":[0,0,0,0,0,0,0,0,0,0,0,0,0],"id":51,"left_children":[1,3,5,-1,-1,7,-1,9,11,-1,-1,-1,-1],"loss_changes":[1.4234738E2,3.0662384E0,3.475202E1,0E0,0E0,5.457014E0,0E0,4.0602565E-2,1.592784E-1,0E0,0E0,0E0,0E0],"parents":[2147483647,0,0,1,1,2,2,5,5,7,7,8,8],"right_children":[2,4,6,-1,-1,8,-1,10,12,-1,-1,-1,-1],"split_conditions":[3.0204302E-1,1.00383006E-1,1E0,-7.841553E-1,-1.9328614E-1,6.029048E-1,5.189514E-1,4.0188998E-1,8.041862E-1,-9.59137E-2,-2.3876954E-2,3.8753256E-2,1.1473898E-1],"split_indices":[0,0,0,0,0,0,0,0,0,0,0,0,0],"split_type":[0,0,0,0,0,0,0,0,0,0,0,0,0],"sum_hessian":[9E0,2E0,7E0,1E0,1E0,6E0,1E0,2E0,4E0,1E0,1E0,2E0,2E0],"tree_param":{"num_deleted":"0","num_feature":"2","num_nodes":"13","size_leaf_vector":"1"}},{"base_weights":[-6.689583E-1,-6.1904626E0,1.4852257E0,-7.4494743E-1,-1.8362199E-1,2.8881836E-1,4.9300385E-1,-7.586772E-1,8.59552E-1,-9.111786E-2,-2.2683715E-2,3.6169436E-2,1.0708924E-1],"categories":[],"categories_nodes":[],"categories_segments":[],"categories_sizes":[],"default_left":[0,0,0,0,0,0,0,0,0,0,0,0,0],"id":52,"left_children":[1,3,5,-1,-1,7,-1,9,11,-1,-1,-1,-1],"loss_changes":[1.2813759E2,2.7672577E0,3.1547306E1,0E0,0E0,4.837009E0,0E0,3.6629915E-2,1.387515E-1,0E0,0E0,0E0,0E0],"parents":[2147483647,0,0,1,1,2,2,5,5,7,7,8,8],"right_children":[2,4,6,-1,-1,8,-1,10,12,-1,-1,-1,-1],"split_conditions":[3.0204302E-1,1.00383006E-1,1E0,-7.4494743E-1,-1.8362199E-1,6.029048E-1,4.9300385E-1,4.0188998E-1,8.041862E-1,-9.111786E-2,-2.2683715E-2,3.6169436E-2,1.0708924E-1],"split_indices":[0,0,0,0,0,0,0,0,0,0,0,0,0],"split_type":[0,0,0,0,0,0,0,0,0,0,0,0,0],"sum_hessian":[9E0,2E0,7E0,1E0,1E0,6E0,1E0,2E0,4E0,1E0,1E0,2E0,2E0],"tree_param":{"num_deleted":"0","num_feature":"2","num_nodes":"13","size_leaf_vector":"1"}},{"base_weights":[-6.4267194E-1,-5.880938E0,1.4020119E0,-7.0769995E-1,-1.7444077E-1,2.6414707E-1,4.6835327E-1,-7.2074383E-1,8.022522E-1,-8.656158E-2,-2.1549989E-2,3.3758547E-2,9.995016E-2],"categories":[],"categories_nodes":[],"categories_segments":[],"categories_sizes":[],"default_left":[0,0,0,0,0,0,0,0,0,0,0,0,0],"id":53,"left_children":[1,3,5,-1,-1,7,-1,9,11,-1,-1,-1,-1],"loss_changes":[1.15351135E2,2.4974518E0,2.8634274E1,0E0,0E0,4.288042E0,0E0,3.304696E-2,1.2085891E-1,0E0,0E0,0E0,0E0],"parents":[2147483647,0,0,1,1,2,2,5,5,7,7,8,8],"right_children":[2,4,6,-1,-1,8,-1,10,12,-1,-1,-1,-1],"split_conditions":[3.0204302E-1,1.00383006E-1,1E0,-7.0769995E-1,-1.7444077E-1,6.029048E-1,4.6835327E-1,4.0188998E-1,8.041862E-1,-8.656158E-2,-2.1549989E-2,3.3758547E-2,9.995016E-2],"split_indices":[0,0,0,0,0,0,0,0,0,0,0,0,0],"split_type":[0,0,0,0,0,0,0,0,0,0,0,0,0],"sum_hessian":[9E0,2E0,7E0,1E0,1E0,6E0,1E0,2E0,4E0,1E0,1E0,2E0,2E0],"tree_param":{"num_deleted":"0","num_feature":"2","num_nodes":"13","size_leaf_vector":"1"}},{"base_weights":[-6.1722183E-1,-5.586891E0,1.3235569E0,-6.723148E-1,-1.6571884E-1,2.4139187E-1,4.4493562E-1,-6.8470764E-1,7.487732E-1,-8.223343E-2,-2.0472718E-2,3.1508382E-2,9.3287155E-2],"categories":[],"categories_nodes":[],"categories_segments":[],"categories_sizes":[],"default_left":[0,0,0,0,0,0,0,0,0,0,0,0,0],"id":54,"left_children":[1,3,5,-1,-1,7,-1,9,11,-1,-1,-1,-1],"loss_changes":[1.0384485E2,2.2539444E0,2.5987007E1,0E0,0E0,3.8018894E0,0E0,2.9820204E-2,1.0527468E-1,0E0,0E0,0E0,0E0],"parents":[2147483647,0,0,1,1,2,2,5,5,7,7,8,8],"right_children":[2,4,6,-1,-1,8,-1,10,12,-1,-1,-1,-1],"split_conditions":[3.0204302E-1,1.00383006E-1,1E0,-6.723148E-1,-1.6571884E-1,6.029048E-1,4.4493562E-1,4.0188998E-1,8.041862E-1,-8.223343E-2,-2.0472718E-2,3.1508382E-2,9.3287155E-2],"split_indices":[0,0,0,0,0,0,0,0,0,0,0,0,0],"split_type":[0,0,0,0,0,0,0,0,0,0,0,0,0],"sum_hessian":[9E0,2E0,7E0,1E0,1E0,6E0,1E0,2E0,4E0,1E0,1E0,2E0,2E0],"tree_param":{"num_deleted":"0","num_feature":"2","num_nodes":"13","size_leaf_vector":"1"}},{"base_weights":[-5.9259874E-1,-5.3075433E0,1.2495804E0,-6.38699E-1,-1.5743256E-1,2.2041103E-1,4.226883E-1,-6.50472E-1,6.988586E-1,-7.812195E-2,-1.9448852E-2,2.9408773E-2,8.706767E-2],"categories":[],"categories_nodes":[],"categories_segments":[],"categories_sizes":[],"default_left":[0,0,0,0,0,0,0,0,0,0,0,0,0],"id":55,"left_children":[1,3,5,-1,-1,7,-1,9,11,-1,-1,-1,-1],"loss_changes":[9.348992E1,2.0342255E0,2.358154E1,0E0,0E0,3.3712914E0,0E0,2.6917815E-2,9.1679335E-2,0E0,0E0,0E0,0E0],"parents":[2147483647,0,0,1,1,2,2,5,5,7,7,8,8],"right_children":[2,4,6,-1,-1,8,-1,10,12,-1,-1,-1,-1],"split_conditions":[3.0204302E-1,1.00383006E-1,1E0,-6.38699E-1,-1.5743256E-1,6.029048E-1,4.226883E-1,4.0188998E-1,8.041862E-1,-7.812195E-2,-1.9448852E-2,2.9408773E-2,8.706767E-2],"split_indices":[0,0,0,0,0,0,0,0,0,0,0,0,0],"split_type":[0,0,0,0,0,0,0,0,0,0,0,0,0],"sum_hessian":[9E0,2E0,7E0,1E0,1E0,6E0,1E0,2E0,4E0,1E0,1E0,2E0,2E0],"tree_param":{"num_deleted":"0","num_feature":"2","num_nodes":"13","size_leaf_vector":"1"}},{"base_weights":[-5.68795E-1,-5.0421624E0,1.1798172E0,-6.0676384E-1,-1.4956056E-1,2.0106724E-1,4.0155336E-1,-6.1795044E-1,6.522644E-1,-7.42157E-2,-1.8476868E-2,2.744751E-2,8.126323E-2],"categories":[],"categories_nodes":[],"categories_segments":[],"categories_sizes":[],"default_left":[0,0,0,0,0,0,0,0,0,0,0,0,0],"id":56,"left_children":[1,3,5,-1,-1,7,-1,9,11,-1,-1,-1,-1],"loss_changes":[8.4170685E1,1.8359299E0,2.1396267E1,0E0,0E0,2.9898362E0,0E0,2.4284601E-2,7.9879045E-2,0E0,0E0,0E0,0E0],"parents":[2147483647,0,0,1,1,2,2,5,5,7,7,8,8],"right_children":[2,4,6,-1,-1,8,-1,10,12,-1,-1,-1,-1],"split_conditions":[3.0204302E-1,1.00383006E-1,1E0,-6.0676384E-1,-1.4956056E-1,6.029048E-1,4.0155336E-1,4.0188998E-1,8.041862E-1,-7.42157E-2,-1.8476868E-2,2.744751E-2,8.126323E-2],"split_indices":[0,0,0,0,0,0,0,0,0,0,0,0,0],"split_type":[0,0,0,0,0,0,0,0,0,0,0,0,0],"sum_hessian":[9E0,2E0,7E0,1E0,1E0,6E0,1E0,2E0,4E0,1E0,1E0,2E0,2E0],"tree_param":{"num_deleted":"0","num_feature":"2","num_nodes":"13","size_leaf_vector":"1"}},{"base_weights":[-5.4578936E-1,-4.790052E0,1.1140327E0,-5.7642555E-1,-1.4208221E-1,-7.815043E-2,3.127055E0,-5.8705646E-1,3.230667E-2,8.75824E-2,3.8147584E-1,-7.050476E-2,-1.7553711E-2],"categories":[],"categories_nodes":[],"categories_segments":[],"categories_sizes":[],"default_left":[0,0,0,0,0,0,0,0,0,0,0,0,0],"id":57,"left_children":[1,3,5,-1,-1,7,9,11,-1,-1,-1,-1,-1],"loss_changes":[7.578348E1,1.6569672E0,1.9443512E1,0E0,0E0,1.4147494E0,1.3034801E0,2.1904945E-2,0E0,0E0,0E0,0E0,0E0],"parents":[2147483647,0,0,1,1,2,2,5,5,6,6,7,7],"right_children":[2,4,6,-1,-1,8,10,12,-1,-1,-1,-1,-1],"split_conditions":[3.0204302E-1,1.00383006E-1,9.037737E-1,-5.7642555E-1,-1.4208221E-1,6.029048E-1,1E0,4.0188998E-1,3.230667E-2,8.75824E-2,3.8147584E-1,-7.050476E-2,-1.7553711E-2],"split_indices":[0,0,0,0,0,0,0,0,0,0,0,0,0],"split_type":[0,0,0,0,0,0,0,0,0,0,0,0,0],"sum_hessian":[9E0,2E0,7E0,1E0,1E0,5E0,2E0,2E0,3E0,1E0,1E0,1E0,1E0],"tree_param":{"num_deleted":"0","num_feature":"2","num_nodes":"13","size_leaf_vector":"1"}},{"base_weights":[-5.217331E-1,-4.550547E0,1.0542889E0,-5.476044E-1,-1.3497773E-1,-7.963308E-2,2.9707031E0,-5.577037E-1,2.9882813E-2,8.320313E-2,3.6240235E-1,-6.697922E-2,-1.6676331E-2],"categories":[],"categories_nodes":[],"categories_segments":[],"categories_sizes":[],"default_left":[0,0,0,0,0,0,0,0,0,0,0,0,0],"id":58,"left_children":[1,3,5,-1,-1,7,9,11,-1,-1,-1,-1,-1],"loss_changes":[6.829259E1,1.4954681E0,1.7621077E1,0E0,0E0,1.2522445E0,1.1764145E0,1.9763112E-2,0E0,0E0,0E0,0E0,0E0],"parents":[2147483647,0,0,1,1,2,2,5,5,6,6,7,7],"right_children":[2,4,6,-1,-1,8,10,12,-1,-1,-1,-1,-1],"split_conditions":[3.0204302E-1,1.00383006E-1,9.037737E-1,-5.476044E-1,-1.3497773E-1,6.029048E-1,1E0,4.0188998E-1,2.9882813E-2,8.320313E-2,3.6240235E-1,-6.697922E-2,-1.6676331E-2],"split_indices":[0,0,0,0,0,0,0,0,0,0,0,0,0],"split_type":[0,0,0,0,0,0,0,0,0,0,0,0,0],"sum_hessian":[9E0,2E0,7E0,1E0,1E0,5E0,2E0,2E0,3E0,1E0,1E0,1E0,1E0],"tree_param":{"num_deleted":"0","num_feature":"2","num_nodes":"13","size_leaf_vector":"1"}},{"base_weights":[-4.986313E-1,-4.3230186E0,9.978428E-1,-5.2022403E-1,-1.2822877E-1,-8.062998E-2,2.822174E0,-5.2982074E-1,2.764206E-2,7.904358E-2,3.4428254E-1,-6.362992E-2,-1.5843201E-2],"categories":[],"categories_nodes":[],"categories_segments":[],"categories_sizes":[],"default_left":[0,0,0,0,0,0,0,0,0,0,0,0,0],"id":59,"left_children":[1,3,5,-1,-1,7,9,11,-1,-1,-1,-1,-1],"loss_changes":[6.154465E1,1.3496628E0,1.5967484E1,0E0,0E0,1.1087563E0,1.0616703E0,1.7824471E-2,0E0,0E0,0E0,0E0,0E0],"parents":[2147483647,0,0,1,1,2,2,5,5,6,6,7,7],"right_children":[2,4,6,-1,-1,8,10,12,-1,-1,-1,-1,-1],"split_conditions":[3.0204302E-1,1.00383006E-1,9.037737E-1,-5.2022403E-1,-1.2822877E-1,6.029048E-1,1E0,4.0188998E-1,2.764206E-2,7.904358E-2,3.4428254E-1,-6.362992E-2,-1.5843201E-2],"split_indices":[0,0,0,0,0,0,0,0,0,0,0,0,0],"split_type":[0,0,0,0,0,0,0,0,0,0,0,0,0],"sum_hessian":[9E0,2E0,7E0,1E0,1E0,5E0,2E0,2E0,3E0,1E0,1E0,1E0,1E0],"tree_param":{"num_deleted":"0","num_feature":"2","num_nodes":"13","size_leaf_vector":"1"}},{"base_weights":[-4.764641E-1,-4.106865E0,9.4449425E-1,-4.9421272E-1,-1.21817015E-1,-8.1209816E-2,2.681071E0,-5.033315E-1,2.556839E-2,7.5091556E-2,3.270691E-1,-6.0448457E-2,-1.505127E-2],"categories":[],"categories_nodes":[],"categories_segments":[],"categories_sizes":[],"default_left":[0,0,0,0,0,0,0,0,0,0,0,0,0],"id":60,"left_children":[1,3,5,-1,-1,7,9,11,-1,-1,-1,-1,-1],"loss_changes":[5.5465393E1,1.2181015E0,1.446744E1,0E0,0E0,9.819547E-1,9.581623E-1,1.6083539E-2,0E0,0E0,0E0,0E0,0E0],"parents":[2147483647,0,0,1,1,2,2,5,5,6,6,7,7],"right_children":[2,4,6,-1,-1,8,10,12,-1,-1,-1,-1,-1],"split_conditions":[3.0204302E-1,1.00383006E-1,9.037737E-1,-4.9421272E-1,-1.21817015E-1,6.029048E-1,1E0,4.0188998E-1,2.556839E-2,7.5091556E-2,3.270691E-1,-6.0448457E-2,-1.505127E-2],"split_indices":[0,0,0,0,0,0,0,0,0,0,0,0,0],"split_type":[0,0,0,0,0,0,0,0,0,0,0,0,0],"sum_hessian":[9E0,2E0,7E0,1E0,1E0,5E0,2E0,2E0,3E0,1E0,1E0,1E0,1E0],"tree_param":{"num_deleted":"0","num_feature":"2","num_nodes":"13","size_leaf_vector":"1"}},{"base_weights":[-4.552002E-1,-3.9015248E0,8.940716E-1,-4.6950227E-1,-1.1572647E-1,-8.141327E-2,2.5470173E0,-4.7816467E-1,2.3650361E-2,7.1336366E-2,3.1071624E-1,-5.742569E-2,-1.4299012E-2],"categories":[],"categories_nodes":[],"categories_segments":[],"categories_sizes":[],"default_left":[0,0,0,0,0,0,0,0,0,0,0,0,0],"id":61,"left_children":[1,3,5,-1,-1,7,9,11,-1,-1,-1,-1,-1],"loss_changes":[4.9988533E1,1.099308E0,1.310675E1,0E0,0E0,8.6989146E-1,8.647995E-1,1.4509976E-2,0E0,0E0,0E0,0E0,0E0],"parents":[2147483647,0,0,1,1,2,2,5,5,6,6,7,7],"right_children":[2,4,6,-1,-1,8,10,12,-1,-1,-1,-1,-1],"split_conditions":[3.0204302E-1,1.00383006E-1,9.037737E-1,-4.6950227E-1,-1.1572647E-1,6.029048E-1,1E0,4.0188998E-1,2.3650361E-2,7.1336366E-2,3.1071624E-1,-5.742569E-2,-1.4299012E-2],"split_indices":[0,0,0,0,0,0,0,0,0,0,0,0,0],"split_type":[0,0,0,0,0,0,0,0,0,0,0,0,0],"sum_hessian":[9E0,2E0,7E0,1E0,1E0,5E0,2E0,2E0,3E0,1E0,1E0,1E0,1E0],"tree_param":{"num_deleted":"0","num_feature":"2","num_nodes":"13","size_leaf_vector":"1"}},{"base_weights":[-4.348076E-1,-3.7064488E0,8.4640884E-1,-4.46027E-1,-1.0994034E-1,-8.128357E-2,2.4196575E0,-4.5425415E-1,2.1876527E-2,6.7768864E-2,2.9517975E-1,-5.455475E-2,-1.3583374E-2],"categories":[],"categories_nodes":[],"categories_segments":[],"categories_sizes":[],"default_left":[0,0,0,0,0,0,0,0,0,0,0,0,0],"id":62,"left_children":[1,3,5,-1,-1,7,9,11,-1,-1,-1,-1,-1],"loss_changes":[4.5053978E1,9.9209976E-1,1.1872604E1,0E0,0E0,7.7083135E-1,7.8051376E-1,1.3105214E-2,0E0,0E0,0E0,0E0,0E0],"parents":[2147483647,0,0,1,1,2,2,5,5,6,6,7,7],"right_children":[2,4,6,-1,-1,8,10,12,-1,-1,-1,-1,-1],"split_conditions":[3.0204302E-1,1.00383006E-1,9.037737E-1,-4.46027E-1,-1.0994034E-1,6.029048E-1,1E0,4.0188998E-1,2.1876527E-2,6.7768864E-2,2.9517975E-1,-5.455475E-2,-1.3583374E-2],"split_indices":[0,0,0,0,0,0,0,0,0,0,0,0,0],"split_type":[0,0,0,0,0,0,0,0,0,0,0,0,0],"sum_hessian":[9E0,2E0,7E0,1E0,1E0,5E0,2E0,2E0,3E0,1E0,1E0,1E0,1E0],"tree_param":{"num_deleted":"0","num_feature":"2","num_nodes":"13","size_leaf_vector":"1"}},{"base_weights":[-4.152565E-1,-3.5211258E0,8.0135155E-1,-4.2372552E-1,-1.04443364E-1,-8.086904E-2,2.2986755E0,-4.3154398E-1,2.0235443E-2,6.4379886E-2,2.8042147E-1,-5.182724E-2,-1.2904358E-2],"categories":[],"categories_nodes":[],"categories_segments":[],"categories_sizes":[],"default_left":[0,0,0,0,0,0,0,0,0,0,0,0,0],"id":63,"left_children":[1,3,5,-1,-1,7,9,11,-1,-1,-1,-1,-1],"loss_changes":[4.0607914E1,8.9536285E-1,1.0753653E1,0E0,0E0,6.8324107E-1,7.044649E-1,1.1826456E-2,0E0,0E0,0E0,0E0,0E0],"parents":[2147483647,0,0,1,1,2,2,5,5,6,6,7,7],"right_children":[2,4,6,-1,-1,8,10,12,-1,-1,-1,-1,-1],"split_conditions":[3.0204302E-1,1.00383006E-1,9.037737E-1,-4.2372552E-1,-1.04443364E-1,6.029048E-1,1E0,4.0188998E-1,2.0235443E-2,6.4379886E-2,2.8042147E-1,-5.182724E-2,-1.2904358E-2],"split_indices":[0,0,0,0,0,0,0,0,0,0,0,0,0],"split_type":[0,0,0,0,0,0,0,0,0,0,0,0,0],"sum_hessian":[9E0,2E0,7E0,1E0,1E0,5E0,2E0,2E0,3E0,1E0,1E0,1E0,1E0],"tree_param":{"num_deleted":"0","num_feature":"2","num_nodes":"13","size_leaf_vector":"1"}},{"base_weights":[-3.965164E-1,-3.3450673E0,7.5875473E-1,-4.0253907E-1,-9.922104E-2,-8.019511E-2,2.183736E0,-4.0996298E-1,1.8717958E-2,6.1160278E-2,2.6640016E-1,-4.9235534E-2,-1.22589115E-2],"categories":[],"categories_nodes":[],"categories_segments":[],"categories_sizes":[],"default_left":[0,0,0,0,0,0,0,0,0,0,0,0,0],"id":64,"left_children":[1,3,5,-1,-1,7,9,11,-1,-1,-1,-1,-1],"loss_changes":[3.660184E1,8.0807877E-1,9.739028E0,0E0,0E0,6.057662E-1,6.3581276E-1,1.0674834E-2,0E0,0E0,0E0,0E0,0E0],"parents":[2147483647,0,0,1,1,2,2,5,5,6,6,7,7],"right_children":[2,4,6,-1,-1,8,10,12,-1,-1,-1,-1,-1],"split_conditions":[3.0204302E-1,1.00383006E-1,9.037737E-1,-4.0253907E-1,-9.922104E-2,6.029048E-1,1E0,4.0188998E-1,1.8717958E-2,6.1160278E-2,2.6640016E-1,-4.9235534E-2,-1.22589115E-2],"split_indices":[0,0,0,0,0,0,0,0,0,0,0,0,0],"split_type":[0,0,0,0,0,0,0,0,0,0,0,0,0],"sum_hessian":[9E0,2E0,7E0,1E0,1E0,5E0,2E0,2E0,3E0,1E0,1E0,1E0,1E0],"tree_param":{"num_deleted":"0","num_feature":"2","num_nodes":"13","size_leaf_vector":"1"}},{"base_weights":[-3.785553E-1,-3.1778107E0,7.184849E-1,-3.8241196E-1,-9.425964E-2,-7.9297386E-2,2.0745544E0,-3.8946024E-1,1.731491E-2,5.8102418E-2,2.5308076E-1,-4.677353E-2,-1.1645508E-2],"categories":[],"categories_nodes":[],"categories_segments":[],"categories_sizes":[],"default_left":[0,0,0,0,0,0,0,0,0,0,0,0,0],"id":65,"left_children":[1,3,5,-1,-1,7,9,11,-1,-1,-1,-1,-1],"loss_changes":[3.2992165E1,7.293167E-1,8.819292E0,0E0,0E0,5.3723186E-1,5.73823E-1,9.638339E-3,0E0,0E0,0E0,0E0,0E0],"parents":[2147483647,0,0,1,1,2,2,5,5,6,6,7,7],"right_children":[2,4,6,-1,-1,8,10,12,-1,-1,-1,-1,-1],"split_conditions":[3.0204302E-1,1.00383006E-1,9.037737E-1,-3.8241196E-1,-9.425964E-2,6.029048E-1,1E0,4.0188998E-1,1.731491E-2,5.8102418E-2,2.5308076E-1,-4.677353E-2,-1.1645508E-2],"split_indices":[0,0,0,0,0,0,0,0,0,0,0,0,0],"split_type":[0,0,0,0,0,0,0,0,0,0,0,0,0],"sum_hessian":[9E0,2E0,7E0,1E0,1E0,5E0,2E0,2E0,3E0,1E0,1E0,1E0,1E0],"tree_param":{"num_deleted":"0","num_feature":"2","num_nodes":"13","size_leaf_vector":"1"}},{"base_weights":[-3.613556E-1,-3.018921E0,6.8040085E-1,-3.6329117E-1,-8.954697E-2,-7.8211464E-2,1.9708252E0,-3.6998495E-1,1.6017151E-1,5.5197146E-2,2.4042664E-1,-4.443512E-2,-1.1062622E-2,4.6813968E-3,1.8235272E-2],"categories":[],"categories_nodes":[],"categories_segments":[],"categories_sizes":[],"default_left":[0,0,0,0,0,0,0,0,0,0,0,0,0,0,0],"id":66,"left_children":[1,3,5,-1,-1,7,9,11,13,-1,-1,-1,-1,-1,-1],"loss_changes":[2.9739433E1,6.581764E-1,7.9855947E0,0E0,0E0,4.7658402E-1,5.1788235E-1,8.705705E-3,1.520969E-3,0E0,0E0,0E0,0E0,0E0,0E0],"parents":[2147483647,0,0,1,1,2,2,5,5,6,6,7,7,8,8],"right_children":[2,4,6,-1,-1,8,10,12,14,-1,-1,-1,-1,-1,-1],"split_conditions":[3.0204302E-1,1.00383006E-1,9.037737E-1,-3.6329117E-1,-8.954697E-2,6.029048E-1,1E0,4.0188998E-1,7.041057E-1,5.5197146E-2,2.4042664E-1,-4.443512E-2,-1.1062622E-2,4.6813968E-3,1.8235272E-2],"split_indices":[0,0,0,0,0,0,0,0,0,0,0,0,0,0,0],"split_type":[0,0,0,0,0,0,0,0,0,0,0,0,0,0,0],"sum_hessian":[9E0,2E0,7E0,1E0,1E0,5E0,2E0,2E0,3E0,1E0,1E0,1E0,1E0,1E0,2E0],"tree_param":{"num_deleted":"0","num_feature":"2","num_nodes":"15","size_leaf_vector":"1"}},{"base_weights":[-3.4420243E-1,-2.8679733E0,6.4523697E-1,-3.4512672E-1,-8.506928E-2,-7.582601E-2,1.8722839E0,-3.514913E-1,1.4987946E-1,5.243683E-2,2.2840576E-1,-4.221344E-2,-1.0510254E-2,4.447937E-3,1.7018637E-2],"categories":[],"categories_nodes":[],"categories_segments":[],"categories_sizes":[],"default_left":[0,0,0,0,0,0,0,0,0,0,0,0,0,0,0],"id":67,"left_children":[1,3,5,-1,-1,7,9,11,13,-1,-1,-1,-1,-1,-1],"loss_changes":[2.6821705E1,5.940361E-1,7.2201924E0,0E0,0E0,4.2599627E-1,4.6742153E-1,7.849634E-3,9.916201E-4,0E0,0E0,0E0,0E0,0E0,0E0],"parents":[2147483647,0,0,1,1,2,2,5,5,6,6,7,7,8,8],"right_children":[2,4,6,-1,-1,8,10,12,14,-1,-1,-1,-1,-1,-1],"split_conditions":[3.0204302E-1,1.00383006E-1,9.037737E-1,-3.4512672E-1,-8.506928E-2,6.029048E-1,1E0,4.0188998E-1,7.041057E-1,5.243683E-2,2.2840576E-1,-4.221344E-2,-1.0510254E-2,4.447937E-3,1.7018637E-2],"split_indices":[0,0,0,0,0,0,0,0,0,0,0,0,0,0,0],"split_type":[0,0,0,0,0,0,0,0,0,0,0,0,0,0,0],"sum_hessian":[9E0,2E0,7E0,1E0,1E0,5E0,2E0,2E0,3E0,1E0,1E0,1E0,1E0,1E0,2E0],"tree_param":{"num_deleted":"0","num_feature":"2","num_nodes":"15","size_leaf_vector":"1"}},{"base_weights":[-3.2784653E-1,-2.7245762E0,6.1190796E-1,-3.2787058E-1,-8.081589E-2,-7.34609E-2,1.7786764E0,-3.3392334E-1,1.4025116E-1,4.9815368E-2,2.1698609E-1,-4.010315E-2,-9.985352E-3,4.2251586E-3,1.5883382E-2],"categories":[],"categories_nodes":[],"categories_segments":[],"categories_sizes":[],"default_left":[0,0,0,0,0,0,0,0,0,0,0,0,0,0,0],"id":68,"left_children":[1,3,5,-1,-1,7,9,11,13,-1,-1,-1,-1,-1,-1],"loss_changes":[2.4190567E1,5.3611374E-1,6.527997E0,0E0,0E0,3.808169E-1,4.218378E-1,7.0796013E-3,5.7338923E-4,0E0,0E0,0E0,0E0,0E0,0E0],"parents":[2147483647,0,0,1,1,2,2,5,5,6,6,7,7,8,8],"right_children":[2,4,6,-1,-1,8,10,12,14,-1,-1,-1,-1,-1,-1],"split_conditions":[3.0204302E-1,1.00383006E-1,9.037737E-1,-3.2787058E-1,-8.081589E-2,6.029048E-1,1E0,4.0188998E-1,7.041057E-1,4.9815368E-2,2.1698609E-1,-4.010315E-2,-9.985352E-3,4.2251586E-3,1.5883382E-2],"split_indices":[0,0,0,0,0,0,0,0,0,0,0,0,0,0,0],"split_type":[0,0,0,0,0,0,0,0,0,0,0,0,0,0,0],"sum_hessian":[9E0,2E0,7E0,1E0,1E0,5E0,2E0,2E0,3E0,1E0,1E0,1E0,1E0,1E0,2E0],"tree_param":{"num_deleted":"0","num_feature":"2","num_nodes":"15","size_leaf_vector":"1"}},{"base_weights":[-3.1224364E-1,-2.5883484E0,5.803261E-1,-3.1147692E-1,-7.6775365E-2,-7.110596E-2,1.6897482E0,-3.1723022E-1,1.3126373E-1,4.7325134E-2,2.0613709E-1,-3.8098145E-2,-9.486389E-3,4.0145875E-3,1.482544E-2],"categories":[],"categories_nodes":[],"categories_segments":[],"categories_sizes":[],"default_left":[0,0,0,0,0,0,0,0,0,0,0,0,0,0,0],"id":69,"left_children":[1,3,5,-1,-1,7,9,11,13,-1,-1,-1,-1,-1,-1],"loss_changes":[2.181791E1,4.8381996E-1,5.9018555E0,0E0,0E0,3.404894E-1,3.806877E-1,6.3869655E-3,2.4080276E-4,0E0,0E0,0E0,0E0,0E0,0E0],"parents":[2147483647,0,0,1,1,2,2,5,5,6,6,7,7,8,8],"right_children":[2,4,6,-1,-1,8,10,12,14,-1,-1,-1,-1,-1,-1],"split_conditions":[3.0204302E-1,1.00383006E-1,9.037737E-1,-3.1147692E-1,-7.6775365E-2,6.029048E-1,1E0,4.0188998E-1,7.041057E-1,4.7325134E-2,2.0613709E-1,-3.8098145E-2,-9.486389E-3,4.0145875E-3,1.482544E-2],"split_indices":[0,0,0,0,0,0,0,0,0,0,0,0,0,0,0],"split_type":[0,0,0,0,0,0,0,0,0,0,0,0,0,0,0],"sum_hessian":[9E0,2E0,7E0,1E0,1E0,5E0,2E0,2E0,3E0,1E0,1E0,1E0,1E0,1E0,2E0],"tree_param":{"num_deleted":"0","num_feature":"2","num_nodes":"15","size_leaf_vector":"1"}},{"base_weights":[-2.973755E-1,-2.4589283E0,5.503788E-1,-2.9590303E-1,-7.293625E-2,-6.878916E-2,1.6052551E0,-3.0136618E-1,1.2284088E-2,4.49585E-2,1.9582978E-1,-3.6193084E-2,-9.011841E-3],"categories":[],"categories_nodes":[],"categories_segments":[],"categories_sizes":[],"default_left":[0,0,0,0,0,0,0,0,0,0,0,0,0],"id":70,"left_children":[1,3,5,-1,-1,7,9,11,-1,-1,-1,-1,-1],"loss_changes":[1.9678E1,4.366722E-1,5.3355894E0,0E0,0E0,3.0443257E-1,3.4358072E-1,5.7657957E-3,0E0,0E0,0E0,0E0,0E0],"parents":[2147483647,0,0,1,1,2,2,5,5,6,6,7,7],"right_children":[2,4,6,-1,-1,8,10,12,-1,-1,-1,-1,-1],"split_conditions":[3.0204302E-1,1.00383006E-1,9.037737E-1,-2.9590303E-1,-7.293625E-2,6.029048E-1,1E0,4.0188998E-1,1.2284088E-2,4.49585E-2,1.9582978E-1,-3.6193084E-2,-9.011841E-3],"split_indices":[0,0,0,0,0,0,0,0,0,0,0,0,0],"split_type":[0,0,0,0,0,0,0,0,0,0,0,0,0],"sum_hessian":[9E0,2E0,7E0,1E0,1E0,5E0,2E0,2E0,3E0,1E0,1E0,1E0,1E0],"tree_param":{"num_deleted":"0","num_feature":"2","num_nodes":"13","size_leaf_vector":"1"}},{"base_weights":[-2.8373948E-1,-2.3359807E0,5.2131844E-1,-2.8110772E-1,-6.92894E-2,-6.74057E-2,1.5249939E0,-2.8630066E-1,1.1361694E-1,4.2710878E-2,1.8603821E-1,-3.4383394E-2,-8.561707E-3,3.1982423E-3,1.3016765E-2],"categories":[],"categories_nodes":[],"categories_segments":[],"categories_sizes":[],"default_left":[0,0,0,0,0,0,0,0,0,0,0,0,0,0,0],"id":71,"left_children":[1,3,5,-1,-1,7,9,11,13,-1,-1,-1,-1,-1,-1],"loss_changes":[1.7739521E1,3.9409447E-1,4.8298974E0,0E0,0E0,2.7027828E-1,3.1006718E-1,5.1998794E-3,1.2413561E-3,0E0,0E0,0E0,0E0,0E0,0E0],"parents":[2147483647,0,0,1,1,2,2,5,5,6,6,7,7,8,8],"right_children":[2,4,6,-1,-1,8,10,12,14,-1,-1,-1,-1,-1,-1],"split_conditions":[3.0204302E-1,1.00383006E-1,9.037737E-1,-2.8110772E-1,-6.92894E-2,6.029048E-1,1E0,4.0188998E-1,7.041057E-1,4.2710878E-2,1.8603821E-1,-3.4383394E-2,-8.561707E-3,3.1982423E-3,1.3016765E-2],"split_indices":[0,0,0,0,0,0,0,0,0,0,0,0,0,0,0],"split_type":[0,0,0,0,0,0,0,0,0,0,0,0,0,0,0],"sum_hessian":[9E0,2E0,7E0,1E0,1E0,5E0,2E0,2E0,3E0,1E0,1E0,1E0,1E0,1E0,2E0],"tree_param":{"num_deleted":"0","num_feature":"2","num_nodes":"15","size_leaf_vector":"1"}},{"base_weights":[-2.7020723E-1,-2.2191823E0,4.9443436E-1,-2.6705247E-1,-6.582489E-2,-6.512451E-2,1.4487406E0,-2.7198282E-1,1.06300354E-1,4.0574647E-2,1.7673646E-1,-3.266449E-2,-8.132935E-3,3.038025E-3,1.2148031E-2],"categories":[],"categories_nodes":[],"categories_segments":[],"categories_sizes":[],"default_left":[0,0,0,0,0,0,0,0,0,0,0,0,0,0,0],"id":72,"left_children":[1,3,5,-1,-1,7,9,11,13,-1,-1,-1,-1,-1,-1],"loss_changes":[1.5999914E1,3.5567474E-1,4.366273E0,0E0,0E0,2.4167582E-1,2.798667E-1,4.6987087E-3,9.192489E-4,0E0,0E0,0E0,0E0,0E0,0E0],"parents":[2147483647,0,0,1,1,2,2,5,5,6,6,7,7,8,8],"right_children":[2,4,6,-1,-1,8,10,12,14,-1,-1,-1,-1,-1,-1],"split_conditions":[3.0204302E-1,1.00383006E-1,9.037737E-1,-2.6705247E-1,-6.582489E-2,6.029048E-1,1E0,4.0188998E-1,7.041057E-1,4.0574647E-2,1.7673646E-1,-3.266449E-2,-8.132935E-3,3.038025E-3,1.2148031E-2],"split_indices":[0,0,0,0,0,0,0,0,0,0,0,0,0,0,0],"split_type":[0,0,0,0,0,0,0,0,0,0,0,0,0,0,0],"sum_hessian":[9E0,2E0,7E0,1E0,1E0,5E0,2E0,2E0,3E0,1E0,1E0,1E0,1E0,1E0,2E0],"tree_param":{"num_deleted":"0","num_feature":"2","num_nodes":"15","size_leaf_vector":"1"}},{"base_weights":[-2.5730667E-1,-2.108223E0,4.6895027E-1,-2.5369987E-1,-6.253357E-2,-6.288401E-2,1.3763021E0,-2.5838724E-1,9.946442E-2,3.854523E-2,1.6790009E-1,-3.1031037E-2,-7.7270507E-3,2.885437E-3,1.1338297E-2],"categories":[],"categories_nodes":[],"categories_segments":[],"categories_sizes":[],"default_left":[0,0,0,0,0,0,0,0,0,0,0,0,0,0,0],"id":73,"left_children":[1,3,5,-1,-1,7,9,11,13,-1,-1,-1,-1,-1,-1],"loss_changes":[1.443106E1,3.21002E-1,3.947034E0,0E0,0E0,2.1613821E-1,2.526121E-1,4.234597E-3,6.5956265E-4,0E0,0E0,0E0,0E0,0E0,0E0],"parents":[2147483647,0,0,1,1,2,2,5,5,6,6,7,7,8,8],"right_children":[2,4,6,-1,-1,8,10,12,14,-1,-1,-1,-1,-1,-1],"split_conditions":[3.0204302E-1,1.00383006E-1,9.037737E-1,-2.5369987E-1,-6.253357E-2,6.029048E-1,1E0,4.0188998E-1,7.041057E-1,3.854523E-2,1.6790009E-1,-3.1031037E-2,-7.7270507E-3,2.885437E-3,1.1338297E-2],"split_indices":[0,0,0,0,0,0,0,0,0,0,0,0,0,0,0],"split_type":[0,0,0,0,0,0,0,0,0,0,0,0,0,0,0],"sum_hessian":[9E0,2E0,7E0,1E0,1E0,5E0,2E0,2E0,3E0,1E0,1E0,1E0,1E0,1E0,2E0],"tree_param":{"num_deleted":"0","num_feature":"2","num_nodes":"15","size_leaf_vector":"1"}},{"base_weights":[-2.4501343E-1,-2.0028126E0,4.4478798E-1,-2.4101487E-1,-5.9407044E-2,-6.0691833E-2,1.307485E0,-2.4546814E-1,9.3063354E-2,3.6618043E-2,1.595047E-1,-2.9479219E-2,-7.3410035E-3,2.7404786E-3,1.0581462E-2],"categories":[],"categories_nodes":[],"categories_segments":[],"categories_sizes":[],"default_left":[0,0,0,0,0,0,0,0,0,0,0,0,0,0,0],"id":74,"left_children":[1,3,5,-1,-1,7,9,11,13,-1,-1,-1,-1,-1,-1],"loss_changes":[1.301615E1,2.8969574E-1,3.5679607E0,0E0,0E0,1.93306E-1,2.2797537E-1,3.819093E-3,4.490912E-4,0E0,0E0,0E0,0E0,0E0,0E0],"parents":[2147483647,0,0,1,1,2,2,5,5,6,6,7,7,8,8],"right_children":[2,4,6,-1,-1,8,10,12,14,-1,-1,-1,-1,-1,-1],"split_conditions":[3.0204302E-1,1.00383006E-1,9.037737E-1,-2.4101487E-1,-5.9407044E-2,6.029048E-1,1E0,4.0188998E-1,7.041057E-1,3.6618043E-2,1.595047E-1,-2.9479219E-2,-7.3410035E-3,2.7404786E-3,1.0581462E-2],"split_indices":[0,0,0,0,0,0,0,0,0,0,0,0,0,0,0],"split_type":[0,0,0,0,0,0,0,0,0,0,0,0,0,0,0],"sum_hessian":[9E0,2E0,7E0,1E0,1E0,5E0,2E0,2E0,3E0,1E0,1E0,1E0,1E0,1E0,2E0],"tree_param":{"num_deleted":"0","num_feature":"2","num_nodes":"15","size_leaf_vector":"1"}},{"base_weights":[-2.3329468E-1,-1.9026743E0,4.2188454E-1,-2.2896424E-1,-5.6436922E-2,-5.8540344E-2,1.2421061E0,-2.331899E-1,8.708191E-2,3.4786988E-2,1.5152894E-1,-2.8005218E-2,-6.9732666E-3,2.6031495E-3,9.8754885E-3],"categories":[],"categories_nodes":[],"categories_segments":[],"categories_sizes":[],"default_left":[0,0,0,0,0,0,0,0,0,0,0,0,0,0,0],"id":75,"left_children":[1,3,5,-1,-1,7,9,11,13,-1,-1,-1,-1,-1,-1],"loss_changes":[1.1740137E1,2.6144028E-1,3.225152E0,0E0,0E0,1.7290379E-1,2.0574713E-1,3.4511536E-3,2.7982332E-4,0E0,0E0,0E0,0E0,0E0,0E0],"parents":[2147483647,0,0,1,1,2,2,5,5,6,6,7,7,8,8],"right_children":[2,4,6,-1,-1,8,10,12,14,-1,-1,-1,-1,-1,-1],"split_conditions":[3.0204302E-1,1.00383006E-1,9.037737E-1,-2.2896424E-1,-5.6436922E-2,6.029048E-1,1E0,4.0188998E-1,7.041057E-1,3.4786988E-2,1.5152894E-1,-2.8005218E-2,-6.9732666E-3,2.6031495E-3,9.8754885E-3],"split_indices":[0,0,0,0,0,0,0,0,0,0,0,0,0,0,0],"split_type":[0,0,0,0,0,0,0,0,0,0,0,0,0,0,0],"sum_hessian":[9E0,2E0,7E0,1E0,1E0,5E0,2E0,2E0,3E0,1E0,1E0,1E0,1E0,1E0,2E0],"tree_param":{"num_deleted":"0","num_feature":"2","num_nodes":"15","size_leaf_vector":"1"}},{"base_weights":[-2.22126E-1,-1.8075384E0,4.0016937E-1,-2.1751595E-1,-5.3614806E-2,-5.644226E-2,1.1800028E0,-2.2153728E-1,8.148956E-2,3.3047486E-2,1.4395295E-1,-2.6605224E-2,-6.6253664E-3,2.4734498E-3,9.216309E-3],"categories":[],"categories_nodes":[],"categories_segments":[],"categories_sizes":[],"default_left":[0,0,0,0,0,0,0,0,0,0,0,0,0,0,0],"id":76,"left_children":[1,3,5,-1,-1,7,9,11,13,-1,-1,-1,-1,-1,-1],"loss_changes":[1.058927E1,2.3596096E-1,2.9152503E0,0E0,0E0,1.5468411E-1,1.8569708E-1,3.1103939E-3,1.4349818E-4,0E0,0E0,0E0,0E0,0E0,0E0],"parents":[2147483647,0,0,1,1,2,2,5,5,6,6,7,7,8,8],"right_children":[2,4,6,-1,-1,8,10,12,14,-1,-1,-1,-1,-1,-1],"split_conditions":[3.0204302E-1,1.00383006E-1,9.037737E-1,-2.1751595E-1,-5.3614806E-2,6.029048E-1,1E0,4.0188998E-1,7.041057E-1,3.3047486E-2,1.4395295E-1,-2.6605224E-2,-6.6253664E-3,2.4734498E-3,9.216309E-3],"split_indices":[0,0,0,0,0,0,0,0,0,0,0,0,0,0,0],"split_type":[0,0,0,0,0,0,0,0,0,0,0,0,0,0,0],"sum_hessian":[9E0,2E0,7E0,1E0,1E0,5E0,2E0,2E0,3E0,1E0,1E0,1E0,1E0,1E0,2E0],"tree_param":{"num_deleted":"0","num_feature":"2","num_nodes":"15","size_leaf_vector":"1"}},{"base_weights":[-2.1147995E-1,-1.7171606E0,3.7958527E-1,-2.0664024E-1,-5.0933838E-2,-5.438741E-2,1.1210022E0,-2.104594E-1,7.626343E-2,3.139496E-2,1.3675538E-1,-2.5274659E-2,-6.2942505E-3,2.3498535E-3,8.601888E-3],"categories":[],"categories_nodes":[],"categories_segments":[],"categories_sizes":[],"default_left":[0,0,0,0,0,0,0,0,0,0,0,0,0,0,0],"id":77,"left_children":[1,3,5,-1,-1,7,9,11,13,-1,-1,-1,-1,-1,-1],"loss_changes":[9.551363E0,2.1296787E-1,2.635006E0,0E0,0E0,1.3839597E-1,1.675973E-1,2.8057098E-3,3.7664548E-5,0E0,0E0,0E0,0E0,0E0,0E0],"parents":[2147483647,0,0,1,1,2,2,5,5,6,6,7,7,8,8],"right_children":[2,4,6,-1,-1,8,10,12,14,-1,-1,-1,-1,-1,-1],"split_conditions":[3.0204302E-1,1.00383006E-1,9.037737E-1,-2.0664024E-1,-5.0933838E-2,6.029048E-1,1E0,4.0188998E-1,7.041057E-1,3.139496E-2,1.3675538E-1,-2.5274659E-2,-6.2942505E-3,2.3498535E-3,8.601888E-3],"split_indices":[0,0,0,0,0,0,0,0,0,0,0,0,0,0,0],"split_type":[0,0,0,0,0,0,0,0,0,0,0,0,0,0,0],"sum_hessian":[9E0,2E0,7E0,1E0,1E0,5E0,2E0,2E0,3E0,1E0,1E0,1E0,1E0,1E0,2E0],"tree_param":{"num_deleted":"0","num_feature":"2","num_nodes":"15","size_leaf_vector":"1"}},{"base_weights":[-2.013382E-1,-1.6313019E0,3.6006546E-1,-1.9630814E-1,-4.8387147E-2,-5.2388508E-2,1.0649515E0,-1.99941E-1,7.1372986E-3,2.9824829E-2,1.299179E-1,-2.401123E-2,-5.9799193E-3],"categories":[],"categories_nodes":[],"categories_segments":[],"categories_sizes":[],"default_left":[0,0,0,0,0,0,0,0,0,0,0,0,0],"id":78,"left_children":[1,3,5,-1,-1,7,9,11,-1,-1,-1,-1,-1],"loss_changes":[8.615244E0,1.9220304E-1,2.381656E0,0E0,0E0,1.2383829E-1,1.512711E-1,2.5305077E-3,0E0,0E0,0E0,0E0,0E0],"parents":[2147483647,0,0,1,1,2,2,5,5,6,6,7,7],"right_children":[2,4,6,-1,-1,8,10,12,-1,-1,-1,-1,-1],"split_conditions":[3.0204302E-1,1.00383006E-1,9.037737E-1,-1.9630814E-1,-4.8387147E-2,6.029048E-1,1E0,4.0188998E-1,7.1372986E-3,2.9824829E-2,1.299179E-1,-2.401123E-2,-5.9799193E-3],"split_indices":[0,0,0,0,0,0,0,0,0,0,0,0,0],"split_type":[0,0,0,0,0,0,0,0,0,0,0,0,0],"sum_hessian":[9E0,2E0,7E0,1E0,1E0,5E0,2E0,2E0,3E0,1E0,1E0,1E0,1E0],"tree_param":{"num_deleted":"0","num_feature":"2","num_nodes":"13","size_leaf_vector":"1"}},{"base_weights":[-1.9198456E-1,-1.5497385E0,3.4117126E-1,-1.8649292E-1,-4.5967866E-2,-5.095927E-2,1.0117086E0,-1.899414E-1,6.601715E-2,2.8334046E-2,1.2342224E-1,-2.2810364E-2,-5.6808474E-3,1.8753052E-3,7.5520836E-3],"categories":[],"categories_nodes":[],"categories_segments":[],"categories_sizes":[],"default_left":[0,0,0,0,0,0,0,0,0,0,0,0,0,0,0],"id":79,"left_children":[1,3,5,-1,-1,7,9,11,13,-1,-1,-1,-1,-1,-1],"loss_changes":[7.7676706E0,1.7346191E-1,2.1550612E0,0E0,0E0,1.1008519E-1,1.3651085E-1,2.283737E-3,3.8048625E-4,0E0,0E0,0E0,0E0,0E0,0E0],"parents":[2147483647,0,0,1,1,2,2,5,5,6,6,7,7,8,8],"right_children":[2,4,6,-1,-1,8,10,12,14,-1,-1,-1,-1,-1,-1],"split_conditions":[3.0204302E-1,1.00383006E-1,9.037737E-1,-1.8649292E-1,-4.5967866E-2,6.029048E-1,1E0,4.0188998E-1,7.041057E-1,2.8334046E-2,1.2342224E-1,-2.2810364E-2,-5.6808474E-3,1.8753052E-3,7.5520836E-3],"split_indices":[0,0,0,0,0,0,0,0,0,0,0,0,0,0,0],"split_type":[0,0,0,0,0,0,0,0,0,0,0,0,0,0,0],"sum_hessian":[9E0,2E0,7E0,1E0,1E0,5E0,2E0,2E0,3E0,1E0,1E0,1E0,1E0,1E0,2E0],"tree_param":{"num_deleted":"0","num_feature":"2","num_nodes":"15","size_leaf_vector":"1"}},{"base_weights":[-1.8275604E-1,-1.4722494E0,3.2364845E-1,-1.7716828E-1,-4.366913E-2,-4.903412E-2,9.611308E-1,-1.8044536E-1,6.1782837E-2,2.691803E-2,1.1725159E-1,-2.166977E-2,-5.397034E-3,1.7822266E-3,7.0495605E-3],"categories":[],"categories_nodes":[],"categories_segments":[],"categories_sizes":[],"default_left":[0,0,0,0,0,0,0,0,0,0,0,0,0,0,0],"id":80,"left_children":[1,3,5,-1,-1,7,9,11,13,-1,-1,-1,-1,-1,-1],"loss_changes":[7.006543E0,1.5656376E-1,1.9477566E0,0E0,0E0,9.852398E-2,1.23185635E-1,2.0598024E-3,2.7568173E-4,0E0,0E0,0E0,0E0,0E0,0E0],"parents":[2147483647,0,0,1,1,2,2,5,5,6,6,7,7,8,8],"right_children":[2,4,6,-1,-1,8,10,12,14,-1,-1,-1,-1,-1,-1],"split_conditions":[3.0204302E-1,1.00383006E-1,9.037737E-1,-1.7716828E-1,-4.366913E-2,6.029048E-1,1E0,4.0188998E-1,7.041057E-1,2.691803E-2,1.1725159E-1,-2.166977E-2,-5.397034E-3,1.7822266E-3,7.0495605E-3],"split_indices":[0,0,0,0,0,0,0,0,0,0,0,0,0,0,0],"split_type":[0,0,0,0,0,0,0,0,0,0,0,0,0,0,0],"sum_hessian":[9E0,2E0,7E0,1E0,1E0,5E0,2E0,2E0,3E0,1E0,1E0,1E0,1E0,1E0,2E0],"tree_param":{"num_deleted":"0","num_feature":"2","num_nodes":"15","size_leaf_vector":"1"}},{"base_weights":[-1.7396851E-1,-1.3986359E0,3.0702782E-1,-1.683098E-1,-4.1485596E-2,-4.716746E-2,9.1307575E-1,-1.7142232E-1,5.781555E-2,2.5572205E-2,1.1138916E-1,-2.0586396E-2,-5.126953E-3,1.6937256E-3,6.57959E-3],"categories":[],"categories_nodes":[],"categories_segments":[],"categories_sizes":[],"default_left":[0,0,0,0,0,0,0,0,0,0,0,0,0,0,0],"id":81,"left_children":[1,3,5,-1,-1,7,9,11,13,-1,-1,-1,-1,-1,-1],"loss_changes":[6.320025E0,1.4130068E-1,1.7603419E0,0E0,0E0,8.8178776E-2,1.1117458E-1,1.8602237E-3,1.9048993E-4,0E0,0E0,0E0,0E0,0E0,0E0],"parents":[2147483647,0,0,1,1,2,2,5,5,6,6,7,7,8,8],"right_children":[2,4,6,-1,-1,8,10,12,14,-1,-1,-1,-1,-1,-1],"split_conditions":[3.0204302E-1,1.00383006E-1,9.037737E-1,-1.683098E-1,-4.1485596E-2,6.029048E-1,1E0,4.0188998E-1,7.041057E-1,2.5572205E-2,1.1138916E-1,-2.0586396E-2,-5.126953E-3,1.6937256E-3,6.57959E-3],"split_indices":[0,0,0,0,0,0,0,0,0,0,0,0,0,0,0],"split_type":[0,0,0,0,0,0,0,0,0,0,0,0,0,0,0],"sum_hessian":[9E0,2E0,7E0,1E0,1E0,5E0,2E0,2E0,3E0,1E0,1E0,1E0,1E0,1E0,2E0],"tree_param":{"num_deleted":"0","num_feature":"2","num_nodes":"15","size_leaf_vector":"1"}},{"base_weights":[-1.6560288E-1,-1.3287023E0,2.9125977E-1,-1.5989418E-1,-3.9411165E-2,-4.536438E-2,8.6742145E-1,-1.6285197E-1,5.4092407E-2,2.4293518E-2,1.058197E-1,-1.9557191E-2,-4.8706057E-3,1.6082764E-3,6.1401366E-3],"categories":[],"categories_nodes":[],"categories_segments":[],"categories_sizes":[],"default_left":[0,0,0,0,0,0,0,0,0,0,0,0,0,0,0],"id":82,"left_children":[1,3,5,-1,-1,7,9,11,13,-1,-1,-1,-1,-1,-1],"loss_changes":[5.7007637E0,1.2752867E-1,1.5909495E0,0E0,0E0,7.891868E-2,1.0033679E-1,1.6790032E-3,1.2374017E-4,0E0,0E0,0E0,0E0,0E0,0E0],"parents":[2147483647,0,0,1,1,2,2,5,5,6,6,7,7,8,8],"right_children":[2,4,6,-1,-1,8,10,12,14,-1,-1,-1,-1,-1,-1],"split_conditions":[3.0204302E-1,1.00383006E-1,9.037737E-1,-1.5989418E-1,-3.9411165E-2,6.029048E-1,1E0,4.0188998E-1,7.041057E-1,2.4293518E-2,1.058197E-1,-1.9557191E-2,-4.8706057E-3,1.6082764E-3,6.1401366E-3],"split_indices":[0,0,0,0,0,0,0,0,0,0,0,0,0,0,0],"split_type":[0,0,0,0,0,0,0,0,0,0,0,0,0,0,0],"sum_hessian":[9E0,2E0,7E0,1E0,1E0,5E0,2E0,2E0,3E0,1E0,1E0,1E0,1E0,1E0,2E0],"tree_param":{"num_deleted":"0","num_feature":"2","num_nodes":"15","size_leaf_vector":"1"}},{"base_weights":[-1.5762863E-1,-1.2622656E0,2.7631378E-1,-1.5189934E-1,-3.744049E-2,-4.3604534E-2,8.2404584E-1,-1.5470378E-1,5.0621033E-2,2.3078918E-2,1.0052796E-1,-1.8579101E-2,-4.626465E-3,1.5274048E-3,5.7312013E-3],"categories":[],"categories_nodes":[],"categories_segments":[],"categories_sizes":[],"default_left":[0,0,0,0,0,0,0,0,0,0,0,0,0,0,0],"id":83,"left_children":[1,3,5,-1,-1,7,9,11,13,-1,-1,-1,-1,-1,-1],"loss_changes":[5.1422696E0,1.1509657E-1,1.4377681E0,0E0,0E0,7.064161E-2,9.054685E-2,1.5176609E-3,7.063709E-5,0E0,0E0,0E0,0E0,0E0,0E0],"parents":[2147483647,0,0,1,1,2,2,5,5,6,6,7,7,8,8],"right_children":[2,4,6,-1,-1,8,10,12,14,-1,-1,-1,-1,-1,-1],"split_conditions":[3.0204302E-1,1.00383006E-1,9.037737E-1,-1.5189934E-1,-3.744049E-2,6.029048E-1,1E0,4.0188998E-1,7.041057E-1,2.3078918E-2,1.0052796E-1,-1.8579101E-2,-4.626465E-3,1.5274048E-3,5.7312013E-3],"split_indices":[0,0,0,0,0,0,0,0,0,0,0,0,0,0,0],"split_type":[0,0,0,0,0,0,0,0,0,0,0,0,0,0,0],"sum_hessian":[9E0,2E0,7E0,1E0,1E0,5E0,2E0,2E0,3E0,1E0,1E0,1E0,1E0,1E0,2E0],"tree_param":{"num_deleted":"0","num_feature":"2","num_nodes":"15","size_leaf_vector":"1"}},{"base_weights":[-1.5003128E-1,-1.1991501E0,2.6214218E-1,-1.4430428E-1,-3.5568237E-2,-4.1900635E-2,7.828471E-1,-1.4696248E-1,4.737091E-2,2.1925354E-2,9.550171E-2,-1.7649842E-2,-4.3945312E-3,1.4511108E-3,5.348714E-3],"categories":[],"categories_nodes":[],"categories_segments":[],"categories_sizes":[],"default_left":[0,0,0,0,0,0,0,0,0,0,0,0,0,0,0],"id":84,"left_children":[1,3,5,-1,-1,7,9,11,13,-1,-1,-1,-1,-1,-1],"loss_changes":[4.6385374E0,1.03881836E-1,1.2993344E0,0E0,0E0,6.3235946E-2,8.1710815E-2,1.3718456E-3,2.7755275E-5,0E0,0E0,0E0,0E0,0E0,0E0],"parents":[2147483647,0,0,1,1,2,2,5,5,6,6,7,7,8,8],"right_children":[2,4,6,-1,-1,8,10,12,14,-1,-1,-1,-1,-1,-1],"split_conditions":[3.0204302E-1,1.00383006E-1,9.037737E-1,-1.4430428E-1,-3.5568237E-2,6.029048E-1,1E0,4.0188998E-1,7.041057E-1,2.1925354E-2,9.550171E-2,-1.7649842E-2,-4.3945312E-3,1.4511108E-3,5.348714E-3],"split_indices":[0,0,0,0,0,0,0,0,0,0,0,0,0,0,0],"split_type":[0,0,0,0,0,0,0,0,0,0,0,0,0,0,0],"sum_hessian":[9E0,2E0,7E0,1E0,1E0,5E0,2E0,2E0,3E0,1E0,1E0,1E0,1E0,1E0,2E0],"tree_param":{"num_deleted":"0","num_feature":"2","num_nodes":"15","size_leaf_vector":"1"}},{"base_weights":[-1.4279404E-1,-1.1391932E0,2.4870491E-1,-1.3708916E-1,-3.3789825E-2,-4.025014E-2,7.437134E-1,-1.3961284E-1,4.4334414E-3,2.0829773E-2,9.072723E-2,-1.676712E-2,-4.174805E-3],"categories":[],"categories_nodes":[],"categories_segments":[],"categories_sizes":[],"default_left":[0,0,0,0,0,0,0,0,0,0,0,0,0],"id":85,"left_children":[1,3,5,-1,-1,7,9,11,-1,-1,-1,-1,-1],"loss_changes":[4.1842155E0,9.375429E-2,1.1742163E0,0E0,0E0,5.6616947E-2,7.373333E-2,1.2378357E-3,0E0,0E0,0E0,0E0,0E0],"parents":[2147483647,0,0,1,1,2,2,5,5,6,6,7,7],"right_children":[2,4,6,-1,-1,8,10,12,-1,-1,-1,-1,-1],"split_conditions":[3.0204302E-1,1.00383006E-1,9.037737E-1,-1.3708916E-1,-3.3789825E-2,6.029048E-1,1E0,4.0188998E-1,4.4334414E-3,2.0829773E-2,9.072723E-2,-1.676712E-2,-4.174805E-3],"split_indices":[0,0,0,0,0,0,0,0,0,0,0,0,0],"split_type":[0,0,0,0,0,0,0,0,0,0,0,0,0],"sum_hessian":[9E0,2E0,7E0,1E0,1E0,5E0,2E0,2E0,3E0,1E0,1E0,1E0,1E0],"tree_param":{"num_deleted":"0","num_feature":"2","num_nodes":"13","size_leaf_vector":"1"}},{"base_weights":[-1.360962E-1,-1.0822347E0,2.3571777E-1,-1.3023452E-1,-3.2100677E-2,-3.8970947E-2,7.0652264E-1,-1.326294E-1,4.1015625E-2,1.9787598E-2,8.61908E-2,-1.592865E-2,-3.965759E-3,1.1566163E-3,4.6976726E-3],"categories":[],"categories_nodes":[],"categories_segments":[],"categories_sizes":[],"default_left":[0,0,0,0,0,0,0,0,0,0,0,0,0,0,0],"id":86,"left_children":[1,3,5,-1,-1,7,9,11,13,-1,-1,-1,-1,-1,-1],"loss_changes":[3.7729769E0,8.46014E-2,1.0621321E0,0E0,0E0,5.038839E-2,6.6557765E-2,1.1181571E-3,1.5886454E-4,0E0,0E0,0E0,0E0,0E0,0E0],"parents":[2147483647,0,0,1,1,2,2,5,5,6,6,7,7,8,8],"right_children":[2,4,6,-1,-1,8,10,12,14,-1,-1,-1,-1,-1,-1],"split_conditions":[3.0204302E-1,1.00383006E-1,9.037737E-1,-1.3023452E-1,-3.2100677E-2,6.029048E-1,1E0,4.0188998E-1,7.041057E-1,1.9787598E-2,8.61908E-2,-1.592865E-2,-3.965759E-3,1.1566163E-3,4.6976726E-3],"split_indices":[0,0,0,0,0,0,0,0,0,0,0,0,0,0,0],"split_type":[0,0,0,0,0,0,0,0,0,0,0,0,0,0,0],"sum_hessian":[9E0,2E0,7E0,1E0,1E0,5E0,2E0,2E0,3E0,1E0,1E0,1E0,1E0,1E0,2E0],"tree_param":{"num_deleted":"0","num_feature":"2","num_nodes":"15","size_leaf_vector":"1"}},{"base_weights":[-1.2952423E-1,-1.028122E0,2.2364044E-1,-1.23722844E-1,-3.0495454E-2,-3.741455E-2,6.712036E-1,-1.259969E-1,3.8375854E-2,1.8798828E-2,8.188172E-2,-1.5132141E-2,-3.7673952E-3,1.0986328E-3,4.384359E-3],"categories":[],"categories_nodes":[],"categories_segments":[],"categories_sizes":[],"default_left":[0,0,0,0,0,0,0,0,0,0,0,0,0,0,0],"id":87,"left_children":[1,3,5,-1,-1,7,9,11,13,-1,-1,-1,-1,-1,-1],"loss_changes":[3.4034595E0,7.635856E-2,9.598217E-1,0E0,0E0,4.5117393E-2,6.005931E-2,1.0093302E-3,1.1735456E-4,0E0,0E0,0E0,0E0,0E0,0E0],"parents":[2147483647,0,0,1,1,2,2,5,5,6,6,7,7,8,8],"right_children":[2,4,6,-1,-1,8,10,12,14,-1,-1,-1,-1,-1,-1],"split_conditions":[3.0204302E-1,1.00383006E-1,9.037737E-1,-1.23722844E-1,-3.0495454E-2,6.029048E-1,1E0,4.0188998E-1,7.041057E-1,1.8798828E-2,8.188172E-2,-1.5132141E-2,-3.7673952E-3,1.0986328E-3,4.384359E-3],"split_indices":[0,0,0,0,0,0,0,0,0,0,0,0,0,0,0],"split_type":[0,0,0,0,0,0,0,0,0,0,0,0,0,0,0],"sum_hessian":[9E0,2E0,7E0,1E0,1E0,5E0,2E0,2E0,3E0,1E0,1E0,1E0,1E0,1E0,2E0],"tree_param":{"num_deleted":"0","num_feature":"2","num_nodes":"15","size_leaf_vector":"1"}},{"base_weights":[-1.2326889E-1,-9.767125E-1,2.1218109E-1,-1.17536545E-1,-2.8970337E-2,-3.5914104E-2,6.3764447E-1,-1.1970011E-1,3.590393E-2,1.7858887E-2,7.778778E-2,-1.4375306E-2,-3.579712E-3,1.6418457E-3,4.7180178E-3],"categories":[],"categories_nodes":[],"categories_segments":[],"categories_sizes":[],"default_left":[0,0,0,0,0,0,0,0,0,0,0,0,0,0,0],"id":88,"left_children":[1,3,5,-1,-1,7,9,11,13,-1,-1,-1,-1,-1,-1],"loss_changes":[3.0701165E0,6.8921566E-2,8.6734366E-1,0E0,0E0,4.0401783E-2,5.4204464E-2,9.0839714E-4,1.0426622E-4,0E0,0E0,0E0,0E0,0E0,0E0],"parents":[2147483647,0,0,1,1,2,2,5,5,6,6,7,7,8,8],"right_children":[2,4,6,-1,-1,8,10,12,14,-1,-1,-1,-1,-1,-1],"split_conditions":[3.0204302E-1,1.00383006E-1,9.037737E-1,-1.17536545E-1,-2.8970337E-2,6.029048E-1,1E0,4.0188998E-1,8.041862E-1,1.7858887E-2,7.778778E-2,-1.4375306E-2,-3.579712E-3,1.6418457E-3,4.7180178E-3],"split_indices":[0,0,0,0,0,0,0,0,0,0,0,0,0,0,0],"split_type":[0,0,0,0,0,0,0,0,0,0,0,0,0,0,0],"sum_hessian":[9E0,2E0,7E0,1E0,1E0,5E0,2E0,2E0,3E0,1E0,1E0,1E0,1E0,2E0,1E0],"tree_param":{"num_deleted":"0","num_feature":"2","num_nodes":"15","size_leaf_vector":"1"}},{"base_weights":[-1.1718979E-1,-9.2787427E-1,2.014656E-1,-1.1165962E-1,-2.7521515E-2,-3.4261066E-2,6.0576373E-1,-1.13718666E-1,3.38974E-2,1.6966248E-2,7.3898315E-2,-1.3656616E-2,-3.4011842E-3,1.5319824E-3,4.4815065E-3],"categories":[],"categories_nodes":[],"categories_segments":[],"categories_sizes":[],"default_left":[0,0,0,0,0,0,0,0,0,0,0,0,0,0,0],"id":89,"left_children":[1,3,5,-1,-1,7,9,11,13,-1,-1,-1,-1,-1,-1],"loss_changes":[2.7702246E0,6.220913E-2,7.831849E-1,0E0,0E0,3.6349017E-2,4.8913717E-2,8.184351E-4,1.2473622E-4,0E0,0E0,0E0,0E0,0E0,0E0],"parents":[2147483647,0,0,1,1,2,2,5,5,6,6,7,7,8,8],"right_children":[2,4,6,-1,-1,8,10,12,14,-1,-1,-1,-1,-1,-1],"split_conditions":[3.0204302E-1,1.00383006E-1,9.037737E-1,-1.1165962E-1,-2.7521515E-2,6.029048E-1,1E0,4.0188998E-1,8.041862E-1,1.6966248E-2,7.3898315E-2,-1.3656616E-2,-3.4011842E-3,1.5319824E-3,4.4815065E-3],"split_indices":[0,0,0,0,0,0,0,0,0,0,0,0,0,0,0],"split_type":[0,0,0,0,0,0,0,0,0,0,0,0,0,0,0],"sum_hessian":[9E0,2E0,7E0,1E0,1E0,5E0,2E0,2E0,3E0,1E0,1E0,1E0,1E0,2E0,1E0],"tree_param":{"num_deleted":"0","num_feature":"2","num_nodes":"15","size_leaf_vector":"1"}},{"base_weights":[-1.1140899E-1,-8.814799E-1,1.9129372E-1,-1.06076814E-1,-2.6145173E-2,-3.2676697E-2,5.7547E-1,-1.08037315E-1,3.201294E-2,1.611786E-2,7.020264E-2,-1.2973785E-2,-3.2318116E-3,1.4302571E-3,4.257202E-3],"categories":[],"categories_nodes":[],"categories_segments":[],"categories_sizes":[],"default_left":[0,0,0,0,0,0,0,0,0,0,0,0,0,0,0],"id":90,"left_children":[1,3,5,-1,-1,7,9,11,13,-1,-1,-1,-1,-1,-1],"loss_changes":[2.4996471E0,5.615139E-2,7.071574E-1,0E0,0E0,3.27089E-2,4.4142067E-2,7.365607E-4,1.3913168E-4,0E0,0E0,0E0,0E0,0E0,0E0],"parents":[2147483647,0,0,1,1,2,2,5,5,6,6,7,7,8,8],"right_children":[2,4,6,-1,-1,8,10,12,14,-1,-1,-1,-1,-1,-1],"split_conditions":[3.0204302E-1,1.00383006E-1,9.037737E-1,-1.06076814E-1,-2.6145173E-2,6.029048E-1,1E0,4.0188998E-1,8.041862E-1,1.611786E-2,7.020264E-2,-1.2973785E-2,-3.2318116E-3,1.4302571E-3,4.257202E-3],"split_indices":[0,0,0,0,0,0,0,0,0,0,0,0,0,0,0],"split_type":[0,0,0,0,0,0,0,0,0,0,0,0,0,0,0],"sum_hessian":[9E0,2E0,7E0,1E0,1E0,5E0,2E0,2E0,3E0,1E0,1E0,1E0,1E0,2E0,1E0],"tree_param":{"num_deleted":"0","num_feature":"2","num_nodes":"15","size_leaf_vector":"1"}},{"base_weights":[-1.05911255E-1,-8.374074E-1,1.8163872E-1,-1.0077286E-1,-2.4838258E-2,-3.1166077E-2,5.467021E-1,-1.02635704E-1,3.0227661E-2,1.5312195E-2,6.669312E-2,-1.2325287E-2,-3.0700683E-3,1.3346354E-3,4.043579E-3],"categories":[],"categories_nodes":[],"categories_segments":[],"categories_sizes":[],"default_left":[0,0,0,0,0,0,0,0,0,0,0,0,0,0,0],"id":91,"left_children":[1,3,5,-1,-1,7,9,11,13,-1,-1,-1,-1,-1,-1],"loss_changes":[2.2555227E0,5.0668E-2,6.385364E-1,0E0,0E0,2.9429158E-2,3.983754E-2,6.653443E-4,1.4963583E-4,0E0,0E0,0E0,0E0,0E0,0E0],"parents":[2147483647,0,0,1,1,2,2,5,5,6,6,7,7,8,8],"right_children":[2,4,6,-1,-1,8,10,12,14,-1,-1,-1,-1,-1,-1],"split_conditions":[3.0204302E-1,1.00383006E-1,9.037737E-1,-1.0077286E-1,-2.4838258E-2,6.029048E-1,1E0,4.0188998E-1,8.041862E-1,1.5312195E-2,6.669312E-2,-1.2325287E-2,-3.0700683E-3,1.3346354E-3,4.043579E-3],"split_indices":[0,0,0,0,0,0,0,0,0,0,0,0,0,0,0],"split_type":[0,0,0,0,0,0,0,0,0,0,0,0,0,0,0],"sum_hessian":[9E0,2E0,7E0,1E0,1E0,5E0,2E0,2E0,3E0,1E0,1E0,1E0,1E0,2E0,1E0],"tree_param":{"num_deleted":"0","num_feature":"2","num_nodes":"15","size_leaf_vector":"1"}},{"base_weights":[-1.00680545E-1,-7.955373E-1,1.7247581E-1,-9.573441E-2,-2.3596192E-2,-2.9716492E-2,5.1936847E-1,-9.749857E-2,2.8549194E-2,1.4546203E-2,6.3359074E-2,-1.1708832E-2,-2.9159547E-3,1.2451172E-3,3.8421631E-3],"categories":[],"categories_nodes":[],"categories_segments":[],"categories_sizes":[],"default_left":[0,0,0,0,0,0,0,0,0,0,0,0,0,0,0],"id":92,"left_children":[1,3,5,-1,-1,7,9,11,13,-1,-1,-1,-1,-1,-1],"loss_changes":[2.0352564E0,4.57325E-2,5.765461E-1,0E0,0E0,2.6479723E-2,3.5961866E-2,6.0199015E-4,1.5731249E-4,0E0,0E0,0E0,0E0,0E0,0E0],"parents":[2147483647,0,0,1,1,2,2,5,5,6,6,7,7,8,8],"right_children":[2,4,6,-1,-1,8,10,12,14,-1,-1,-1,-1,-1,-1],"split_conditions":[3.0204302E-1,1.00383006E-1,9.037737E-1,-9.573441E-2,-2.3596192E-2,6.029048E-1,1E0,4.0188998E-1,8.041862E-1,1.4546203E-2,6.3359074E-2,-1.1708832E-2,-2.9159547E-3,1.2451172E-3,3.8421631E-3],"split_indices":[0,0,0,0,0,0,0,0,0,0,0,0,0,0,0],"split_type":[0,0,0,0,0,0,0,0,0,0,0,0,0,0,0],"sum_hessian":[9E0,2E0,7E0,1E0,1E0,5E0,2E0,2E0,3E0,1E0,1E0,1E0,1E0,2E0,1E0],"tree_param":{"num_deleted":"0","num_feature":"2","num_nodes":"15","size_leaf_vector":"1"}},{"base_weights":[-9.5710754E-2,-7.5576276E-1,1.6377258E-1,-9.0947725E-2,-2.2416687E-2,-2.8335571E-2,4.9339804E-1,-9.262085E-2,2.696228E-2,1.381836E-2,6.0191344E-2,-1.1123657E-2,-2.7694702E-3,1.1617024E-3,3.6499023E-3],"categories":[],"categories_nodes":[],"categories_segments":[],"categories_sizes":[],"default_left":[0,0,0,0,0,0,0,0,0,0,0,0,0,0,0],"id":93,"left_children":[1,3,5,-1,-1,7,9,11,13,-1,-1,-1,-1,-1,-1],"loss_changes":[1.8364983E0,4.1267276E-2,5.205706E-1,0E0,0E0,2.3826296E-2,3.2464206E-2,5.452782E-4,1.6136491E-4,0E0,0E0,0E0,0E0,0E0,0E0],"parents":[2147483647,0,0,1,1,2,2,5,5,6,6,7,7,8,8],"right_children":[2,4,6,-1,-1,8,10,12,14,-1,-1,-1,-1,-1,-1],"split_conditions":[3.0204302E-1,1.00383006E-1,9.037737E-1,-9.0947725E-2,-2.2416687E-2,6.029048E-1,1E0,4.0188998E-1,8.041862E-1,1.381836E-2,6.0191344E-2,-1.1123657E-2,-2.7694702E-3,1.1617024E-3,3.6499023E-3],"split_indices":[0,0,0,0,0,0,0,0,0,0,0,0,0,0,0],"split_type":[0,0,0,0,0,0,0,0,0,0,0,0,0,0,0],"sum_hessian":[9E0,2E0,7E0,1E0,1E0,5E0,2E0,2E0,3E0,1E0,1E0,1E0,1E0,2E0,1E0],"tree_param":{"num_deleted":"0","num_feature":"2","num_nodes":"15","size_leaf_vector":"1"}},{"base_weights":[-9.098282E-2,-7.1797436E-1,1.5551186E-1,-8.6400226E-2,-2.129593E-2,-2.7015686E-2,4.6872965E-1,-8.798727E-2,2.5466919E-2,1.3127136E-2,5.7182312E-2,-1.0567474E-2,-2.6306154E-3,1.0843914E-3,3.4667968E-3],"categories":[],"categories_nodes":[],"categories_segments":[],"categories_sizes":[],"default_left":[0,0,0,0,0,0,0,0,0,0,0,0,0,0,0],"id":94,"left_children":[1,3,5,-1,-1,7,9,11,13,-1,-1,-1,-1,-1,-1],"loss_changes":[1.6571543E0,3.7241578E-2,4.7003007E-1,0E0,0E0,2.1440448E-2,2.930528E-2,4.930552E-4,1.6225153E-4,0E0,0E0,0E0,0E0,0E0,0E0],"parents":[2147483647,0,0,1,1,2,2,5,5,6,6,7,7,8,8],"right_children":[2,4,6,-1,-1,8,10,12,14,-1,-1,-1,-1,-1,-1],"split_conditions":[3.0204302E-1,1.00383006E-1,9.037737E-1,-8.6400226E-2,-2.129593E-2,6.029048E-1,1E0,4.0188998E-1,8.041862E-1,1.3127136E-2,5.7182312E-2,-1.0567474E-2,-2.6306154E-3,1.0843914E-3,3.4667968E-3],"split_indices":[0,0,0,0,0,0,0,0,0,0,0,0,0,0,0],"split_type":[0,0,0,0,0,0,0,0,0,0,0,0,0,0,0],"sum_hessian":[9E0,2E0,7E0,1E0,1E0,5E0,2E0,2E0,3E0,1E0,1E0,1E0,1E0,2E0,1E0],"tree_param":{"num_deleted":"0","num_feature":"2","num_nodes":"15","size_leaf_vector":"1"}},{"base_weights":[-8.649139E-2,-6.8207294E-1,1.4766312E-1,-8.208008E-2,-2.0230865E-2,-2.5761923E-2,4.4529215E-1,-8.358765E-2,2.4047852E-2,1.2471008E-2,5.4322816E-2,-1.0038758E-2,-2.4993897E-3,1.0111491E-3,3.2928467E-3],"categories":[],"categories_nodes":[],"categories_segments":[],"categories_sizes":[],"default_left":[0,0,0,0,0,0,0,0,0,0,0,0,0,0,0],"id":95,"left_children":[1,3,5,-1,-1,7,9,11,13,-1,-1,-1,-1,-1,-1],"loss_changes":[1.495298E0,3.3614874E-2,4.244022E-1,0E0,0E0,1.929182E-2,2.6443541E-2,4.4403598E-4,1.6209786E-4,0E0,0E0,0E0,0E0,0E0,0E0],"parents":[2147483647,0,0,1,1,2,2,5,5,6,6,7,7,8,8],"right_children":[2,4,6,-1,-1,8,10,12,14,-1,-1,-1,-1,-1,-1],"split_conditions":[3.0204302E-1,1.00383006E-1,9.037737E-1,-8.208008E-2,-2.0230865E-2,6.029048E-1,1E0,4.0188998E-1,8.041862E-1,1.2471008E-2,5.4322816E-2,-1.0038758E-2,-2.4993897E-3,1.0111491E-3,3.2928467E-3],"split_indices":[0,0,0,0,0,0,0,0,0,0,0,0,0,0,0],"split_type":[0,0,0,0,0,0,0,0,0,0,0,0,0,0,0],"sum_hessian":[9E0,2E0,7E0,1E0,1E0,5E0,2E0,2E0,3E0,1E0,1E0,1E0,1E0,2E0,1E0],"tree_param":{"num_deleted":"0","num_feature":"2","num_nodes":"15","size_leaf_vector":"1"}},{"base_weights":[-8.221741E-2,-6.4796954E-1,1.4021683E-1,-7.797623E-2,-1.9219209E-2,-2.4556478E-2,4.230245E-1,-7.940674E-2,2.2720337E-2,1.1846924E-2,5.1606752E-2,-9.536743E-3,-2.3742677E-3,9.4401045E-4,3.1280518E-3],"categories":[],"categories_nodes":[],"categories_segments":[],"categories_sizes":[],"default_left":[0,0,0,0,0,0,0,0,0,0,0,0,0,0,0],"id":96,"left_children":[1,3,5,-1,-1,7,9,11,13,-1,-1,-1,-1,-1,-1],"loss_changes":[1.3492826E0,3.0340314E-2,3.8318127E-1,0E0,0E0,1.7363021E-2,2.3872077E-2,4.010331E-4,1.5943334E-4,0E0,0E0,0E0,0E0,0E0,0E0],"parents":[2147483647,0,0,1,1,2,2,5,5,6,6,7,7,8,8],"right_children":[2,4,6,-1,-1,8,10,12,14,-1,-1,-1,-1,-1,-1],"split_conditions":[3.0204302E-1,1.00383006E-1,9.037737E-1,-7.797623E-2,-1.9219209E-2,6.029048E-1,1E0,4.0188998E-1,8.041862E-1,1.1846924E-2,5.1606752E-2,-9.536743E-3,-2.3742677E-3,9.4401045E-4,3.1280518E-3],"split_indices":[0,0,0,0,0,0,0,0,0,0,0,0,0,0,0],"split_type":[0,0,0,0,0,0,0,0,0,0,0,0,0,0,0],"sum_hessian":[9E0,2E0,7E0,1E0,1E0,5E0,2E0,2E0,3E0,1E0,1E0,1E0,1E0,2E0,1E0],"tree_param":{"num_deleted":"0","num_feature":"2","num_nodes":"15","size_leaf_vector":"1"}},{"base_weights":[-7.815094E-2,-6.1557007E-1,1.331501E-1,-7.4077606E-2,-1.8257905E-2,-2.340444E-2,4.0187582E-1,-7.5434364E-2,2.1469116E-2,1.1254883E-2,4.902649E-2,-9.059906E-3,-2.255249E-3,8.8094076E-4,2.9724122E-3],"categories":[],"categories_nodes":[],"categories_segments":[],"categories_sizes":[],"default_left":[0,0,0,0,0,0,0,0,0,0,0,0,0,0,0],"id":97,"left_children":[1,3,5,-1,-1,7,9,11,13,-1,-1,-1,-1,-1,-1],"loss_changes":[1.2175355E0,2.738893E-2,3.4596753E-1,0E0,0E0,1.5628114E-2,2.1541268E-2,3.6257878E-4,1.5617185E-4,0E0,0E0,0E0,0E0,0E0,0E0],"parents":[2147483647,0,0,1,1,2,2,5,5,6,6,7,7,8,8],"right_children":[2,4,6,-1,-1,8,10,12,14,-1,-1,-1,-1,-1,-1],"split_conditions":[3.0204302E-1,1.00383006E-1,9.037737E-1,-7.4077606E-2,-1.8257905E-2,6.029048E-1,1E0,4.0188998E-1,8.041862E-1,1.1254883E-2,4.902649E-2,-9.059906E-3,-2.255249E-3,8.8094076E-4,2.9724122E-3],"split_indices":[0,0,0,0,0,0,0,0,0,0,0,0,0,0,0],"split_type":[0,0,0,0,0,0,0,0,0,0,0,0,0,0,0],"sum_hessian":[9E0,2E0,7E0,1E0,1E0,5E0,2E0,2E0,3E0,1E0,1E0,1E0,1E0,2E0,1E0],"tree_param":{"num_deleted":"0","num_feature":"2","num_nodes":"15","size_leaf_vector":"1"}},{"base_weights":[-7.428436E-2,-5.84788E-1,1.2644005E-1,-7.0373535E-2,-1.7344667E-2,-2.2305807E-2,3.8178506E-1,-7.166036E-2,2.028656E-2,1.0691834E-2,4.657593E-2,-8.60672E-3,-2.1423341E-3,8.2194014E-4,2.824402E-3],"categories":[],"categories_nodes":[],"categories_segments":[],"categories_sizes":[],"default_left":[0,0,0,0,0,0,0,0,0,0,0,0,0,0,0],"id":98,"left_children":[1,3,5,-1,-1,7,9,11,13,-1,-1,-1,-1,-1,-1],"loss_changes":[1.098646E0,2.4723291E-2,3.1236815E-1,0E0,0E0,1.4066505E-2,1.944691E-2,3.2742321E-4,1.5194679E-4,0E0,0E0,0E0,0E0,0E0,0E0],"parents":[2147483647,0,0,1,1,2,2,5,5,6,6,7,7,8,8],"right_children":[2,4,6,-1,-1,8,10,12,14,-1,-1,-1,-1,-1,-1],"split_conditions":[3.0204302E-1,1.00383006E-1,9.037737E-1,-7.0373535E-2,-1.7344667E-2,6.029048E-1,1E0,4.0188998E-1,8.041862E-1,1.0691834E-2,4.657593E-2,-8.60672E-3,-2.1423341E-3,8.2194014E-4,2.824402E-3],"split_indices":[0,0,0,0,0,0,0,0,0,0,0,0,0,0,0],"split_type":[0,0,0,0,0,0,0,0,0,0,0,0,0,0,0],"sum_hessian":[9E0,2E0,7E0,1E0,1E0,5E0,2E0,2E0,3E0,1E0,1E0,1E0,1E0,2E0,1E0],"tree_param":{"num_deleted":"0","num_feature":"2","num_nodes":"15","size_leaf_vector":"1"}},{"base_weights":[-7.0611574E-2,-5.5554706E-1,1.2006569E-1,-6.685486E-2,-1.6477203E-2,-2.1263123E-2,3.6270142E-1,-6.807963E-2,1.9165039E-2,1.0157776E-2,4.4247437E-2,-8.176423E-3,-2.0355226E-3,7.6700846E-4,2.6824952E-3],"categories":[],"categories_nodes":[],"categories_segments":[],"categories_sizes":[],"default_left":[0,0,0,0,0,0,0,0,0,0,0,0,0,0,0],"id":99,"left_children":[1,3,5,-1,-1,7,9,11,13,-1,-1,-1,-1,-1,-1],"loss_changes":[9.913638E-1,2.2316396E-2,2.820435E-1,0E0,0E0,1.2660981E-2,1.7546296E-2,2.9493775E-4,1.4645176E-4,0E0,0E0,0E0,0E0,0E0,0E0],"parents":[2147483647,0,0,1,1,2,2,5,5,6,6,7,7,8,8],"right_children":[2,4,6,-1,-1,8,10,12,14,-1,-1,-1,-1,-1,-1],"split_conditions":[3.0204302E-1,1.00383006E-1,9.037737E-1,-6.685486E-2,-1.6477203E-2,6.029048E-1,1E0,4.0188998E-1,8.041862E-1,1.0157776E-2,4.4247437E-2,-8.176423E-3,-2.0355226E-3,7.6700846E-4,2.6824952E-3],"split_indices":[0,0,0,0,0,0,0,0,0,0,0,0,0,0,0],"split_type":[0,0,0,0,0,0,0,0,0,0,0,0,0,0,0],"sum_hessian":[9E0,2E0,7E0,1E0,1E0,5E0,2E0,2E0,3E0,1E0,1E0,1E0,1E0,2E0,1E0],"tree_param":{"num_deleted":"0","num_feature":"2","num_nodes":"15","size_leaf_vector":"1"}}]},"name":"gbtree"},"learner_model_param":{"base_score":"3.1855554E2","boost_from_average":"1","num_class":"0","num_feature":"2","num_target":"1"},"objective":{"name":"reg:squarederror","reg_loss_param":{"scale_pos_weight":"1"}}},"version":[2,1,1]}