{"package": {"All_Weights": {"Bias_Weight": 2641231453.010158, "Categorical_Variables": {}, "Numerical_Variables": {"bpf_block_irq": {"mean": 417387.3287671233, "variance": 699103688.0015013, "weight": 7234514.060907373}, "bpf_net_rx_irq": {"mean": 1952789.7123287672, "variance": 3982500005.7939577, "weight": 90203551.89372532}, "bpf_net_tx_irq": {"mean": 5289.671232876713, "variance": 111309.9741039595, "weight": -3618377.7319535716}}}}, "core": {"All_Weights": {"Bias_Weight": 0.0, "Categorical_Variables": {}, "Numerical_Variables": {"bpf_block_irq": {"mean": 417387.3287671233, "variance": 699103688.0015013, "weight": 0.0}, "bpf_net_rx_irq": {"mean": 1952789.7123287672, "variance": 3982500005.7939577, "weight": 0.0}, "bpf_net_tx_irq": {"mean": 5289.671232876713, "variance": 111309.9741039595, "weight": 0.0}}}}, "uncore": {"All_Weights": {"Bias_Weight": 0.0, "Categorical_Variables": {}, "Numerical_Variables": {"bpf_block_irq": {"mean": 417387.3287671233, "variance": 699103688.0015013, "weight": 0.0}, "bpf_net_rx_irq": {"mean": 1952789.7123287672, "variance": 3982500005.7939577, "weight": 0.0}, "bpf_net_tx_irq": {"mean": 5289.671232876713, "variance": 111309.9741039595, "weight": 0.0}}}}, "dram": {"All_Weights": {"Bias_Weight": 3648225405.518217, "Categorical_Variables": {}, "Numerical_Variables": {"bpf_block_irq": {"mean": 417387.3287671233, "variance": 699103688.0015013, "weight": 9641471.763966957}, "bpf_net_rx_irq": {"mean": 1952789.7123287672, "variance": 3982500005.7939577, "weight": 123011339.36981322}, "bpf_net_tx_irq": {"mean": 5289.671232876713, "variance": 111309.9741039595, "weight": -8368738.785539552}}}}}