{"package": {"All_Weights": {"Bias_Weight": 168.36834766459174, "Categorical_Variables": {}, "Numerical_Variables": {"cache_miss": {"mean": 11772187.522252472, "variance": 409151166293758.44, "weight": 26.405480141415005}, "cpu_cycles": {"mean": 10958623148.504377, "variance": 1.3653973085887105e+20, "weight": 95.9134282113358}, "cpu_instructions": {"mean": 0.0, "variance": 0.0, "weight": 0.0}}}}, "core": {"All_Weights": {"Bias_Weight": 0.0, "Categorical_Variables": {}, "Numerical_Variables": {"cache_miss": {"mean": 11772187.522252472, "variance": 409151166293758.44, "weight": 0.0}, "cpu_cycles": {"mean": 10958623148.504377, "variance": 1.3653973085887105e+20, "weight": 0.0}, "cpu_instructions": {"mean": 0.0, "variance": 0.0, "weight": 0.0}}}}, "uncore": {"All_Weights": {"Bias_Weight": 0.0, "Categorical_Variables": {}, "Numerical_Variables": {"cache_miss": {"mean": 11772187.522252472, "variance": 409151166293758.44, "weight": 0.0}, "cpu_cycles": {"mean": 10958623148.504377, "variance": 1.3653973085887105e+20, "weight": 0.0}, "cpu_instructions": {"mean": 0.0, "variance": 0.0, "weight": 0.0}}}}, "dram": {"All_Weights": {"Bias_Weight": 78.24529824141729, "Categorical_Variables": {}, "Numerical_Variables": {"cache_miss": {"mean": 11772187.522252472, "variance": 409151166293758.44, "weight": 15.554103915807046}, "cpu_cycles": {"mean": 10958623148.504377, "variance": 1.3653973085887105e+20, "weight": 1.2344274562110822}, "cpu_instructions": {"mean": 0.0, "variance": 0.0, "weight": 0.0}}}}}