{"learner":{"attributes":{"scikit_learn":"{\"_estimator_type\": \"regressor\"}"},"feature_names":[],"feature_types":[],"gradient_booster":{"model":{"gbtree_model_param":{"num_parallel_tree":"1","num_trees":"100"},"iteration_indptr":[0,1,2,3,4,5,6,7,8,9,10,11,12,13,14,15,16,17,18,19,20,21,22,23,24,25,26,27,28,29,30,31,32,33,34,35,36,37,38,39,40,41,42,43,44,45,46,47,48,49,50,51,52,53,54,55,56,57,58,59,60,61,62,63,64,65,66,67,68,69,70,71,72,73,74,75,76,77,78,79,80,81,82,83,84,85,86,87,88,89,90,91,92,93,94,95,96,97,98,99,100],"tree_info":[0,0,0,0,0,0,0,0,0,0,0,0,0,0,0,0,0,0,0,0,0,0,0,0,0,0,0,0,0,0,0,0,0,0,0,0,0,0,0,0,0,0,0,0,0,0,0,0,0,0,0,0,0,0,0,0,0,0,0,0,0,0,0,0,0,0,0,0,0,0,0,0,0,0,0,0,0,0,0,0,0,0,0,0,0,0,0,0,0,0,0,0,0,0,0,0,0,0,0,0],"trees":[{"base_weights":[-0E0,-2.14E1,1.7833334E1,-2.4E0,-5.5E-1,3.5E-1,2E0],"categories":[],"categories_nodes":[],"categories_segments":[],"categories_sizes":[],"default_left":[0,0,0,0,0,0,0],"id":0,"left_children":[1,3,5,-1,-1,-1,-1],"loss_changes":[4.197967E3,7.469995E1,1.16333374E2,0E0,0E0,0E0,0E0],"parents":[2147483647,0,0,1,1,2,2],"right_children":[2,4,6,-1,-1,-1,-1],"split_conditions":[5.0425327E-1,2.9986244E-1,6.024649E-1,-2.4E0,-5.5E-1,3.5E-1,2E0],"split_indices":[0,0,0,0,0,0,0],"split_type":[0,0,0,0,0,0,0],"sum_hessian":[9E0,4E0,5E0,3E0,1E0,1E0,4E0],"tree_param":{"num_deleted":"0","num_feature":"2","num_nodes":"7","size_leaf_vector":"1"}},{"base_weights":[-5.9999466E-2,-1.9849998E1,1.6441668E1,-2.22E0,-5.2250004E-1,3.3250007E-1,1.84E0],"categories":[],"categories_nodes":[],"categories_segments":[],"categories_sizes":[],"default_left":[0,0,0,0,0,0,0],"id":1,"left_children":[1,3,5,-1,-1,-1,-1],"loss_changes":[3.592047E3,5.5848633E1,9.2940674E1,0E0,0E0,0E0,0E0],"parents":[2147483647,0,0,1,1,2,2],"right_children":[2,4,6,-1,-1,-1,-1],"split_conditions":[5.0425327E-1,2.9986244E-1,6.024649E-1,-2.22E0,-5.2250004E-1,3.3250007E-1,1.84E0],"split_indices":[0,0,0,0,0,0,0],"split_type":[0,0,0,0,0,0,0],"sum_hessian":[9E0,4E0,5E0,3E0,1E0,1E0,4E0],"tree_param":{"num_deleted":"0","num_feature":"2","num_nodes":"7","size_leaf_vector":"1"}},{"base_weights":[-1.109993E-1,-1.8413498E1,1.5159583E1,-2.0535E0,-4.9637508E-1,3.1587505E-1,1.6927999E0],"categories":[],"categories_nodes":[],"categories_segments":[],"categories_sizes":[],"default_left":[0,0,0,0,0,0,0],"id":2,"left_children":[1,3,5,-1,-1,-1,-1],"loss_changes":[3.0740393E3,4.0737305E1,7.3863525E1,0E0,0E0,0E0,0E0],"parents":[2147483647,0,0,1,1,2,2],"right_children":[2,4,6,-1,-1,-1,-1],"split_conditions":[5.0425327E-1,2.9986244E-1,6.024649E-1,-2.0535E0,-4.9637508E-1,3.1587505E-1,1.6927999E0],"split_indices":[0,0,0,0,0,0,0],"split_type":[0,0,0,0,0,0,0],"sum_hessian":[9E0,4E0,5E0,3E0,1E0,1E0,4E0],"tree_param":{"num_deleted":"0","num_feature":"2","num_nodes":"7","size_leaf_vector":"1"}},{"base_weights":[-1.540184E-1,-1.7082123E1,1.3978405E1,-1.8994874E0,-4.7155628E-1,5.1562756E-1,1.7100401E0],"categories":[],"categories_nodes":[],"categories_segments":[],"categories_sizes":[],"default_left":[0,0,0,0,0,0,0],"id":3,"left_children":[1,3,5,-1,-1,-1,-1],"loss_changes":[2.6311323E3,2.8699097E1,7.708142E1,0E0,0E0,0E0,0E0],"parents":[2147483647,0,0,1,1,2,2],"right_children":[2,4,6,-1,-1,-1,-1],"split_conditions":[5.0425327E-1,2.9986244E-1,6.975671E-1,-1.8994874E0,-4.7155628E-1,5.1562756E-1,1.7100401E0],"split_indices":[0,0,0,0,0,0,0],"split_type":[0,0,0,0,0,0,0],"sum_hessian":[9E0,4E0,5E0,3E0,1E0,2E0,3E0],"tree_param":{"num_deleted":"0","num_feature":"2","num_nodes":"7","size_leaf_vector":"1"}},{"base_weights":[-1.5315476E-1,-1.584812E1,1.29515085E1,-1.7570257E0,-4.479784E-1,4.8125228E-1,1.581787E0],"categories":[],"categories_nodes":[],"categories_segments":[],"categories_sizes":[],"default_left":[0,0,0,0,0,0,0],"id":4,"left_children":[1,3,5,-1,-1,-1,-1],"loss_changes":[2.2620293E3,1.9178223E1,6.3851746E1,0E0,0E0,0E0,0E0],"parents":[2147483647,0,0,1,1,2,2],"right_children":[2,4,6,-1,-1,-1,-1],"split_conditions":[5.0425327E-1,2.9986244E-1,6.975671E-1,-1.7570257E0,-4.479784E-1,4.8125228E-1,1.581787E0],"split_indices":[0,0,0,0,0,0,0],"split_type":[0,0,0,0,0,0,0],"sum_hessian":[9E0,4E0,5E0,3E0,1E0,2E0,3E0],"tree_param":{"num_deleted":"0","num_feature":"2","num_nodes":"7","size_leaf_vector":"1"}},{"base_weights":[-1.5203515E-1,-1.4704308E1,1.2000197E1,-1.8113321E0,-6.3938576E-1,4.4916892E-1,1.463153E0],"categories":[],"categories_nodes":[],"categories_segments":[],"categories_sizes":[],"default_left":[0,0,0,0,0,0,0],"id":5,"left_children":[1,3,5,-1,-1,-1,-1],"loss_changes":[1.9448806E3,2.5838257E1,5.2823975E1,0E0,0E0,0E0,0E0],"parents":[2147483647,0,0,1,1,2,2],"right_children":[2,4,6,-1,-1,-1,-1],"split_conditions":[5.0425327E-1,2.0174503E-1,6.975671E-1,-1.8113321E0,-6.3938576E-1,4.4916892E-1,1.463153E0],"split_indices":[0,0,0,0,0,0,0],"split_type":[0,0,0,0,0,0,0],"sum_hessian":[9E0,4E0,5E0,2E0,2E0,2E0,3E0],"tree_param":{"num_deleted":"0","num_feature":"2","num_nodes":"7","size_leaf_vector":"1"}},{"base_weights":[-1.9067153E-1,-1.372402E1,1.1118897E1,-1.6905768E0,-5.9676003E-1,4.1922432E-1,1.3534164E0],"categories":[],"categories_nodes":[],"categories_segments":[],"categories_sizes":[],"default_left":[0,0,0,0,0,0,0],"id":6,"left_children":[1,3,5,-1,-1,-1,-1],"loss_changes":[1.6831594E3,2.2507996E1,4.363977E1,0E0,0E0,0E0,0E0],"parents":[2147483647,0,0,1,1,2,2],"right_children":[2,4,6,-1,-1,-1,-1],"split_conditions":[5.0425327E-1,2.0174503E-1,6.975671E-1,-1.6905768E0,-5.9676003E-1,4.1922432E-1,1.3534164E0],"split_indices":[0,0,0,0,0,0,0],"split_type":[0,0,0,0,0,0,0],"sum_hessian":[9E0,4E0,5E0,2E0,2E0,2E0,3E0],"tree_param":{"num_deleted":"0","num_feature":"2","num_nodes":"7","size_leaf_vector":"1"}},{"base_weights":[-2.2307396E-1,-1.2809086E1,1.0302448E1,-1.5778717E0,-5.569761E-1,2.0681763E-1,1.1535667E0],"categories":[],"categories_nodes":[],"categories_segments":[],"categories_sizes":[],"default_left":[0,0,0,0,0,0,0],"id":7,"left_children":[1,3,5,-1,-1,-1,-1],"loss_changes":[1.4567084E3,1.9606934E1,3.707013E1,0E0,0E0,0E0,0E0],"parents":[2147483647,0,0,1,1,2,2],"right_children":[2,4,6,-1,-1,-1,-1],"split_conditions":[5.0425327E-1,2.0174503E-1,6.024649E-1,-1.5778717E0,-5.569761E-1,2.0681763E-1,1.1535667E0],"split_indices":[0,0,0,0,0,0,0],"split_type":[0,0,0,0,0,0,0],"sum_hessian":[9E0,4E0,5E0,2E0,2E0,1E0,4E0],"tree_param":{"num_deleted":"0","num_feature":"2","num_nodes":"7","size_leaf_vector":"1"}},{"base_weights":[-2.782135E-1,-1.1955147E1,9.498933E0,-1.4726802E0,-5.198443E-1,3.4592983E-1,1.1653926E0],"categories":[],"categories_nodes":[],"categories_segments":[],"categories_sizes":[],"default_left":[0,0,0,0,0,0,0],"id":8,"left_children":[1,3,5,-1,-1,-1,-1],"loss_changes":[1.255232E3,1.7079773E1,3.7777893E1,0E0,0E0,0E0,0E0],"parents":[2147483647,0,0,1,1,2,2],"right_children":[2,4,6,-1,-1,-1,-1],"split_conditions":[5.0425327E-1,2.0174503E-1,6.975671E-1,-1.4726802E0,-5.198443E-1,3.4592983E-1,1.1653926E0],"split_indices":[0,0,0,0,0,0,0],"split_type":[0,0,0,0,0,0,0],"sum_hessian":[9E0,4E0,5E0,2E0,2E0,2E0,3E0],"tree_param":{"num_deleted":"0","num_feature":"2","num_nodes":"7","size_leaf_vector":"1"}},{"base_weights":[-2.9851228E-1,-1.1158136E1,8.800927E0,-1.3745015E0,-4.8518807E-1,4.18147E-1,1.2026561E0],"categories":[],"categories_nodes":[],"categories_segments":[],"categories_sizes":[],"default_left":[0,0,0,0,0,0,0],"id":9,"left_children":[1,3,5,-1,-1,-1,-1],"loss_changes":[1.0863668E3,1.4878418E1,3.9115326E1,0E0,0E0,0E0,0E0],"parents":[2147483647,0,0,1,1,2,2],"right_children":[2,4,6,-1,-1,-1,-1],"split_conditions":[5.0425327E-1,2.0174503E-1,7.9841703E-1,-1.3745015E0,-4.8518807E-1,4.18147E-1,1.2026561E0],"split_indices":[0,0,0,0,0,0,0],"split_type":[0,0,0,0,0,0,0],"sum_hessian":[9E0,4E0,5E0,2E0,2E0,3E0,2E0],"tree_param":{"num_deleted":"0","num_feature":"2","num_nodes":"7","size_leaf_vector":"1"}},{"base_weights":[-2.925499E-1,-1.0414261E1,8.190968E0,-1.2828679E0,-4.528422E-1,3.867859E-1,1.122479E0],"categories":[],"categories_nodes":[],"categories_segments":[],"categories_sizes":[],"default_left":[0,0,0,0,0,0,0],"id":10,"left_children":[1,3,5,-1,-1,-1,-1],"loss_changes":[9.4398E2,1.2960754E1,3.5277313E1,0E0,0E0,0E0,0E0],"parents":[2147483647,0,0,1,1,2,2],"right_children":[2,4,6,-1,-1,-1,-1],"split_conditions":[5.0425327E-1,2.0174503E-1,7.9841703E-1,-1.2828679E0,-4.528422E-1,3.867859E-1,1.122479E0],"split_indices":[0,0,0,0,0,0,0],"split_type":[0,0,0,0,0,0,0],"sum_hessian":[9E0,4E0,5E0,2E0,2E0,3E0,2E0],"tree_param":{"num_deleted":"0","num_feature":"2","num_nodes":"7","size_leaf_vector":"1"}},{"base_weights":[-2.8593978E-1,-9.719976E0,7.6234145E0,-1.1973435E0,-4.226527E-1,3.5777685E-1,1.0476471E0],"categories":[],"categories_nodes":[],"categories_segments":[],"categories_sizes":[],"default_left":[0,0,0,0,0,0,0],"id":11,"left_children":[1,3,5,-1,-1,-1,-1],"loss_changes":[8.202708E2,1.1290222E1,3.1772308E1,0E0,0E0,0E0,0E0],"parents":[2147483647,0,0,1,1,2,2],"right_children":[2,4,6,-1,-1,-1,-1],"split_conditions":[5.0425327E-1,2.0174503E-1,7.9841703E-1,-1.1973435E0,-4.226527E-1,3.5777685E-1,1.0476471E0],"split_indices":[0,0,0,0,0,0,0],"split_type":[0,0,0,0,0,0,0],"sum_hessian":[9E0,4E0,5E0,2E0,2E0,3E0,2E0],"tree_param":{"num_deleted":"0","num_feature":"2","num_nodes":"7","size_leaf_vector":"1"}},{"base_weights":[-2.7880248E-1,-9.071978E0,7.0953107E0,-1.0130488E0,-2.4189702E-1,3.3094358E-1,9.778041E-1],"categories":[],"categories_nodes":[],"categories_segments":[],"categories_sizes":[],"default_left":[0,0,0,0,0,0,0],"id":12,"left_children":[1,3,5,-1,-1,-1,-1],"loss_changes":[7.1278723E2,1.0706024E1,2.8579102E1,0E0,0E0,0E0,0E0],"parents":[2147483647,0,0,1,1,2,2],"right_children":[2,4,6,-1,-1,-1,-1],"split_conditions":[5.0425327E-1,2.9986244E-1,7.9841703E-1,-1.0130488E0,-2.4189702E-1,3.3094358E-1,9.778041E-1],"split_indices":[0,0,0,0,0,0,0],"split_type":[0,0,0,0,0,0,0],"sum_hessian":[9E0,4E0,5E0,3E0,1E0,3E0,2E0],"tree_param":{"num_deleted":"0","num_feature":"2","num_nodes":"7","size_leaf_vector":"1"}},{"base_weights":[-2.4554196E-1,-8.41577E0,6.6039047E0,-1.049984E0,-3.526443E-1,3.0612278E-1,9.126172E-1],"categories":[],"categories_nodes":[],"categories_segments":[],"categories_sizes":[],"default_left":[0,0,0,0,0,0,0],"id":13,"left_children":[1,3,5,-1,-1,-1,-1],"loss_changes":[6.151923E2,1.3921417E1,2.5676178E1,0E0,0E0,0E0,0E0],"parents":[2147483647,0,0,1,1,2,2],"right_children":[2,4,6,-1,-1,-1,-1],"split_conditions":[5.0425327E-1,2.0174503E-1,7.9841703E-1,-1.049984E0,-3.526443E-1,3.0612278E-1,9.126172E-1],"split_indices":[0,0,0,0,0,0,0],"split_type":[0,0,0,0,0,0,0],"sum_hessian":[9E0,4E0,5E0,2E0,2E0,3E0,2E0],"tree_param":{"num_deleted":"0","num_feature":"2","num_nodes":"7","size_leaf_vector":"1"}},{"base_weights":[-2.3937607E-1,-7.854718E0,6.1466384E0,-9.7998506E-1,-3.2913464E-1,2.8316364E-1,8.517761E-1],"categories":[],"categories_nodes":[],"categories_segments":[],"categories_sizes":[],"default_left":[0,0,0,0,0,0,0],"id":14,"left_children":[1,3,5,-1,-1,-1,-1],"loss_changes":[5.345969E2,1.2127106E1,2.304248E1,0E0,0E0,0E0,0E0],"parents":[2147483647,0,0,1,1,2,2],"right_children":[2,4,6,-1,-1,-1,-1],"split_conditions":[5.0425327E-1,2.0174503E-1,7.9841703E-1,-9.7998506E-1,-3.2913464E-1,2.8316364E-1,8.517761E-1],"split_indices":[0,0,0,0,0,0,0],"split_type":[0,0,0,0,0,0,0],"sum_hessian":[9E0,4E0,5E0,2E0,2E0,3E0,2E0],"tree_param":{"num_deleted":"0","num_feature":"2","num_nodes":"7","size_leaf_vector":"1"}},{"base_weights":[-2.3285694E-1,-7.3310704E0,5.7211304E0,-9.1465276E-1,-3.071923E-1,1.8400511E-1,7.201657E-1],"categories":[],"categories_nodes":[],"categories_segments":[],"categories_sizes":[],"default_left":[0,0,0,0,0,0,0],"id":15,"left_children":[1,3,5,-1,-1,-1,-1],"loss_changes":[4.6456873E2,1.0564087E1,2.1224838E1,0E0,0E0,0E0,0E0],"parents":[2147483647,0,0,1,1,2,2],"right_children":[2,4,6,-1,-1,-1,-1],"split_conditions":[5.0425327E-1,2.0174503E-1,6.975671E-1,-9.1465276E-1,-3.071923E-1,1.8400511E-1,7.201657E-1],"split_indices":[0,0,0,0,0,0,0],"split_type":[0,0,0,0,0,0,0],"sum_hessian":[9E0,4E0,5E0,2E0,2E0,2E0,3E0],"tree_param":{"num_deleted":"0","num_feature":"2","num_nodes":"7","size_leaf_vector":"1"}},{"base_weights":[-2.4133873E-1,-6.8423324E0,5.2997127E0,-8.5367596E-1,-2.8671277E-1,2.3472185E0,7.469801E-1,6.5832905E-2,2.6907387E-1],"categories":[],"categories_nodes":[],"categories_segments":[],"categories_sizes":[],"default_left":[0,0,0,0,0,0,0,0,0],"id":16,"left_children":[1,3,5,-1,-1,7,-1,-1,-1],"loss_changes":[4.0202682E2,9.202499E0,2.0909775E1,0E0,0E0,5.4928017E-1,0E0,0E0,0E0],"parents":[2147483647,0,0,1,1,2,2,5,5],"right_children":[2,4,6,-1,-1,8,-1,-1,-1],"split_conditions":[5.0425327E-1,2.0174503E-1,7.9841703E-1,-8.5367596E-1,-2.8671277E-1,6.024649E-1,7.469801E-1,6.5832905E-2,2.6907387E-1],"split_indices":[0,0,0,0,0,0,0,0,0],"split_type":[0,0,0,0,0,0,0,0,0],"sum_hessian":[9E0,4E0,5E0,2E0,2E0,3E0,2E0,1E0,2E0],"tree_param":{"num_deleted":"0","num_feature":"2","num_nodes":"9","size_leaf_vector":"1"}},{"base_weights":[-2.2305565E-1,-6.386177E0,4.9500546E0,-7.9676425E-1,-2.675986E-1,2.1962233E0,6.9718117E-1,6.25412E-2,2.5113565E-1],"categories":[],"categories_nodes":[],"categories_segments":[],"categories_sizes":[],"default_left":[0,0,0,0,0,0,0,0,0],"id":17,"left_children":[1,3,5,-1,-1,7,-1,-1,-1],"loss_changes":[3.5043704E2,8.016373E0,1.8093796E1,0E0,0E0,4.0942574E-1,0E0,0E0,0E0],"parents":[2147483647,0,0,1,1,2,2,5,5],"right_children":[2,4,6,-1,-1,8,-1,-1,-1],"split_conditions":[5.0425327E-1,2.0174503E-1,7.9841703E-1,-7.9676425E-1,-2.675986E-1,6.024649E-1,6.9718117E-1,6.25412E-2,2.5113565E-1],"split_indices":[0,0,0,0,0,0,0,0,0],"split_type":[0,0,0,0,0,0,0,0,0],"sum_hessian":[9E0,4E0,5E0,2E0,2E0,3E0,2E0,1E0,2E0],"tree_param":{"num_deleted":"0","num_feature":"2","num_nodes":"9","size_leaf_vector":"1"}},{"base_weights":[-2.0610103E-1,-5.960432E0,4.623525E0,-7.436466E-1,-2.4975872E-1,2.0550194E0,6.507024E-1,5.94141E-2,2.343932E-1],"categories":[],"categories_nodes":[],"categories_segments":[],"categories_sizes":[],"default_left":[0,0,0,0,0,0,0,0,0],"id":18,"left_children":[1,3,5,-1,-1,7,-1,-1,-1],"loss_changes":[3.054709E2,6.9831543E0,1.5654602E1,0E0,0E0,2.9563904E-1,0E0,0E0,0E0],"parents":[2147483647,0,0,1,1,2,2,5,5],"right_children":[2,4,6,-1,-1,8,-1,-1,-1],"split_conditions":[5.0425327E-1,2.0174503E-1,7.9841703E-1,-7.436466E-1,-2.4975872E-1,6.024649E-1,6.507024E-1,5.94141E-2,2.343932E-1],"split_indices":[0,0,0,0,0,0,0,0,0],"split_type":[0,0,0,0,0,0,0,0,0],"sum_hessian":[9E0,4E0,5E0,2E0,2E0,3E0,2E0,1E0,2E0],"tree_param":{"num_deleted":"0","num_feature":"2","num_nodes":"9","size_leaf_vector":"1"}},{"base_weights":[-1.9038086E-1,-5.56307E0,4.31859E0,-7.955527E-1,-2.9760742E-1,2.3603415E0,7.0549166E-1,5.6443404E-2,2.66821E-1],"categories":[],"categories_nodes":[],"categories_segments":[],"categories_sizes":[],"default_left":[0,0,0,0,0,0,0,0,0],"id":19,"left_children":[1,3,5,-1,-1,7,-1,-1,-1],"loss_changes":[2.6627762E2,7.2701263E0,1.5498428E1,0E0,0E0,1.2584858E0,0E0,0E0,0E0],"parents":[2147483647,0,0,1,1,2,2,5,5],"right_children":[2,4,6,-1,-1,8,-1,-1,-1],"split_conditions":[5.0425327E-1,1.0033356E-1,1E0,-7.955527E-1,-2.9760742E-1,6.024649E-1,7.0549166E-1,5.6443404E-2,2.66821E-1],"split_indices":[0,0,0,0,0,0,0,0,0],"split_type":[0,0,0,0,0,0,0,0,0],"sum_hessian":[9E0,4E0,5E0,1E0,3E0,4E0,1E0,1E0,3E0],"tree_param":{"num_deleted":"0","num_feature":"2","num_nodes":"9","size_leaf_vector":"1"}},{"base_weights":[-1.7778349E-1,-5.225395E0,4.05819E0,-7.5577503E-1,-2.7528688E-1,2.1889596E0,6.7021716E-1,5.3621292E-2,2.4680929E-1],"categories":[],"categories_nodes":[],"categories_segments":[],"categories_sizes":[],"default_left":[0,0,0,0,0,0,0,0,0],"id":20,"left_children":[1,3,5,-1,-1,7,-1,-1,-1],"loss_changes":[2.3502115E2,8.028549E0,1.4982483E1,0E0,0E0,9.832611E-1,0E0,0E0,0E0],"parents":[2147483647,0,0,1,1,2,2,5,5],"right_children":[2,4,6,-1,-1,8,-1,-1,-1],"split_conditions":[5.0425327E-1,1.0033356E-1,1E0,-7.5577503E-1,-2.7528688E-1,6.024649E-1,6.7021716E-1,5.3621292E-2,2.4680929E-1],"split_indices":[0,0,0,0,0,0,0,0,0],"split_type":[0,0,0,0,0,0,0,0,0],"sum_hessian":[9E0,4E0,5E0,1E0,3E0,4E0,1E0,1E0,3E0],"tree_param":{"num_deleted":"0","num_feature":"2","num_nodes":"9","size_leaf_vector":"1"}},{"base_weights":[-1.660469E-1,-4.9090676E0,3.8141448E0,-7.179863E-1,-2.546403E-1,2.030149E0,6.367062E-1,5.0940324E-2,2.2829847E-1],"categories":[],"categories_nodes":[],"categories_segments":[],"categories_sizes":[],"default_left":[0,0,0,0,0,0,0,0,0],"id":21,"left_children":[1,3,5,-1,-1,7,-1,-1,-1],"loss_changes":[2.075052E2,8.542824E0,1.4400276E1,0E0,0E0,7.5953484E-1,0E0,0E0,0E0],"parents":[2147483647,0,0,1,1,2,2,5,5],"right_children":[2,4,6,-1,-1,8,-1,-1,-1],"split_conditions":[5.0425327E-1,1.0033356E-1,1E0,-7.179863E-1,-2.546403E-1,6.024649E-1,6.367062E-1,5.0940324E-2,2.2829847E-1],"split_indices":[0,0,0,0,0,0,0,0,0],"split_type":[0,0,0,0,0,0,0,0,0],"sum_hessian":[9E0,4E0,5E0,1E0,3E0,4E0,1E0,1E0,3E0],"tree_param":{"num_deleted":"0","num_feature":"2","num_nodes":"9","size_leaf_vector":"1"}},{"base_weights":[-1.5511064E-1,-4.612686E0,3.5853875E0,-6.8208694E-1,-2.3554233E-1,1.8829811E0,6.04871E-1,4.839325E-2,2.1117602E-1],"categories":[],"categories_nodes":[],"categories_segments":[],"categories_sizes":[],"default_left":[0,0,0,0,0,0,0,0,0],"id":22,"left_children":[1,3,5,-1,-1,7,-1,-1,-1],"loss_changes":[1.832738E2,8.856224E0,1.3771843E1,0E0,0E0,5.784149E-1,0E0,0E0,0E0],"parents":[2147483647,0,0,1,1,2,2,5,5],"right_children":[2,4,6,-1,-1,8,-1,-1,-1],"split_conditions":[5.0425327E-1,1.0033356E-1,1E0,-6.8208694E-1,-2.3554233E-1,6.024649E-1,6.04871E-1,4.839325E-2,2.1117602E-1],"split_indices":[0,0,0,0,0,0,0,0,0],"split_type":[0,0,0,0,0,0,0,0,0],"sum_hessian":[9E0,4E0,5E0,1E0,3E0,4E0,1E0,1E0,3E0],"tree_param":{"num_deleted":"0","num_feature":"2","num_nodes":"9","size_leaf_vector":"1"}},{"base_weights":[-1.4491892E-1,-4.334944E0,3.3709214E0,-6.479826E-1,-2.1787666E-1,1.7465966E0,5.7462734E-1,4.5973588E-2,1.9533777E-1],"categories":[],"categories_nodes":[],"categories_segments":[],"categories_sizes":[],"default_left":[0,0,0,0,0,0,0,0,0],"id":23,"left_children":[1,3,5,-1,-1,7,-1,-1,-1],"loss_changes":[1.6192734E2,9.005707E0,1.3113632E1,0E0,0E0,4.3245602E-1,0E0,0E0,0E0],"parents":[2147483647,0,0,1,1,2,2,5,5],"right_children":[2,4,6,-1,-1,8,-1,-1,-1],"split_conditions":[5.0425327E-1,1.0033356E-1,1E0,-6.479826E-1,-2.1787666E-1,6.024649E-1,5.7462734E-1,4.5973588E-2,1.9533777E-1],"split_indices":[0,0,0,0,0,0,0,0,0],"split_type":[0,0,0,0,0,0,0,0,0],"sum_hessian":[9E0,4E0,5E0,1E0,3E0,4E0,1E0,1E0,3E0],"tree_param":{"num_deleted":"0","num_feature":"2","num_nodes":"9","size_leaf_vector":"1"}},{"base_weights":[-1.3541965E-1,-4.074621E0,3.1698182E0,-6.155835E-1,-2.0153593E-1,1.6201988E0,5.4589576E-1,4.3674853E-2,1.8068743E-1],"categories":[],"categories_nodes":[],"categories_segments":[],"categories_sizes":[],"default_left":[0,0,0,0,0,0,0,0,0],"id":24,"left_children":[1,3,5,-1,-1,7,-1,-1,-1],"loss_changes":[1.4311578E2,9.022606E0,1.2439178E1,0E0,0E0,3.1545544E-1,0E0,0E0,0E0],"parents":[2147483647,0,0,1,1,2,2,5,5],"right_children":[2,4,6,-1,-1,8,-1,-1,-1],"split_conditions":[5.0425327E-1,1.0033356E-1,1E0,-6.155835E-1,-2.0153593E-1,6.024649E-1,5.4589576E-1,4.3674853E-2,1.8068743E-1],"split_indices":[0,0,0,0,0,0,0,0,0],"split_type":[0,0,0,0,0,0,0,0,0],"sum_hessian":[9E0,4E0,5E0,1E0,3E0,4E0,1E0,1E0,3E0],"tree_param":{"num_deleted":"0","num_feature":"2","num_nodes":"9","size_leaf_vector":"1"}},{"base_weights":[-1.2656403E-1,-3.830583E0,2.9812126E0,-5.848043E-1,-1.8642075E-1,1.5030518E0,5.186009E-1,4.149113E-2,1.6713591E-1],"categories":[],"categories_nodes":[],"categories_segments":[],"categories_sizes":[],"default_left":[0,0,0,0,0,0,0,0,0],"id":25,"left_children":[1,3,5,-1,-1,7,-1,-1,-1],"loss_changes":[1.26532425E2,8.933456E0,1.17594185E1,0E0,0E0,2.2224426E-1,0E0,0E0,0E0],"parents":[2147483647,0,0,1,1,2,2,5,5],"right_children":[2,4,6,-1,-1,8,-1,-1,-1],"split_conditions":[5.0425327E-1,1.0033356E-1,1E0,-5.848043E-1,-1.8642075E-1,6.024649E-1,5.186009E-1,4.149113E-2,1.6713591E-1],"split_indices":[0,0,0,0,0,0,0,0,0],"split_type":[0,0,0,0,0,0,0,0,0],"sum_hessian":[9E0,4E0,5E0,1E0,3E0,4E0,1E0,1E0,3E0],"tree_param":{"num_deleted":"0","num_feature":"2","num_nodes":"9","size_leaf_vector":"1"}},{"base_weights":[-1.1830787E-1,-3.60177E0,2.8042953E0,-5.555641E-1,-1.7243922E-1,1.3944709E0,4.9267083E-1,3.9416503E-2,1.5460062E-1],"categories":[],"categories_nodes":[],"categories_segments":[],"categories_sizes":[],"default_left":[0,0,0,0,0,0,0,0,0],"id":26,"left_children":[1,3,5,-1,-1,7,-1,-1,-1],"loss_changes":[1.119082E2,8.760658E0,1.1083225E1,0E0,0E0,1.4852715E-1,0E0,0E0,0E0],"parents":[2147483647,0,0,1,1,2,2,5,5],"right_children":[2,4,6,-1,-1,8,-1,-1,-1],"split_conditions":[5.0425327E-1,1.0033356E-1,1E0,-5.555641E-1,-1.7243922E-1,6.024649E-1,4.9267083E-1,3.9416503E-2,1.5460062E-1],"split_indices":[0,0,0,0,0,0,0,0,0],"split_type":[0,0,0,0,0,0,0,0,0],"sum_hessian":[9E0,4E0,5E0,1E0,3E0,4E0,1E0,1E0,3E0],"tree_param":{"num_deleted":"0","num_feature":"2","num_nodes":"9","size_leaf_vector":"1"}},{"base_weights":[-1.1060877E-1,-3.3871934E0,2.6383133E0,-5.277859E-1,-1.5950625E0,1.2938263E0,4.6803743E-1,-1.8061997E-1,-4.808254E-2,3.7445642E-2,1.4300548E-1],"categories":[],"categories_nodes":[],"categories_segments":[],"categories_sizes":[],"default_left":[0,0,0,0,0,0,0,0,0,0,0],"id":27,"left_children":[1,3,5,-1,7,9,-1,-1,-1,-1,-1],"loss_changes":[9.900723E1,8.523083E0,1.0417557E1,0E0,7.2561264E-2,9.072876E-2,0E0,0E0,0E0,0E0,0E0],"parents":[2147483647,0,0,1,1,2,2,4,4,5,5],"right_children":[2,4,6,-1,8,10,-1,-1,-1,-1,-1],"split_conditions":[5.0425327E-1,1.0033356E-1,1E0,-5.277859E-1,2.9986244E-1,6.024649E-1,4.6803743E-1,-1.8061997E-1,-4.808254E-2,3.7445642E-2,1.4300548E-1],"split_indices":[0,0,0,0,0,0,0,0,0,0,0],"split_type":[0,0,0,0,0,0,0,0,0,0,0],"sum_hessian":[9E0,4E0,5E0,1E0,3E0,4E0,1E0,2E0,1E0,1E0,3E0],"tree_param":{"num_deleted":"0","num_feature":"2","num_nodes":"11","size_leaf_vector":"1"}},{"base_weights":[-1.10347845E-1,-3.1997714E0,2.482563E0,-5.013966E-1,-1.4927313E0,1.2005341E0,4.446354E-1,-1.6857862E-1,-4.567833E-2,3.557339E-2,1.3228007E-1],"categories":[],"categories_nodes":[],"categories_segments":[],"categories_sizes":[],"default_left":[0,0,0,0,0,0,0,0,0,0,0],"id":28,"left_children":[1,3,5,-1,7,9,-1,-1,-1,-1,-1],"loss_changes":[8.804963E1,8.000008E0,9.767822E0,0E0,2.9940605E-2,4.58889E-2,0E0,0E0,0E0,0E0,0E0],"parents":[2147483647,0,0,1,1,2,2,4,4,5,5],"right_children":[2,4,6,-1,8,10,-1,-1,-1,-1,-1],"split_conditions":[5.0425327E-1,1.0033356E-1,1E0,-5.013966E-1,2.9986244E-1,6.024649E-1,4.446354E-1,-1.6857862E-1,-4.567833E-2,3.557339E-2,1.3228007E-1],"split_indices":[0,0,0,0,0,0,0,0,0,0,0],"split_type":[0,0,0,0,0,0,0,0,0,0,0],"sum_hessian":[9E0,4E0,5E0,1E0,3E0,4E0,1E0,2E0,1E0,1E0,3E0],"tree_param":{"num_deleted":"0","num_feature":"2","num_nodes":"11","size_leaf_vector":"1"}},{"base_weights":[-1.0962887E-1,-3.0229251E0,2.3363895E0,-4.7632676E-1,-1.3970228E-1,1.1140525E0,4.2240372E-1,3.3794787E-2,1.2235918E-1],"categories":[],"categories_nodes":[],"categories_segments":[],"categories_sizes":[],"default_left":[0,0,0,0,0,0,0,0,0],"id":29,"left_children":[1,3,5,-1,-1,7,-1,-1,-1],"loss_changes":[7.8322495E1,7.49374E0,9.138248E0,0E0,0E0,1.1559486E-2,0E0,0E0,0E0],"parents":[2147483647,0,0,1,1,2,2,5,5],"right_children":[2,4,6,-1,-1,8,-1,-1,-1],"split_conditions":[5.0425327E-1,1.0033356E-1,1E0,-4.7632676E-1,-1.3970228E-1,6.024649E-1,4.2240372E-1,3.3794787E-2,1.2235918E-1],"split_indices":[0,0,0,0,0,0,0,0,0],"split_type":[0,0,0,0,0,0,0,0,0],"sum_hessian":[9E0,4E0,5E0,1E0,3E0,4E0,1E0,1E0,3E0],"tree_param":{"num_deleted":"0","num_feature":"2","num_nodes":"9","size_leaf_vector":"1"}},{"base_weights":[-1.02413274E-1,-2.8438387E0,2.1991768E0,-4.5251042E-1,-1.2922463E0,1.03387766E-1,4.0128365E-1,-1.480266E-1,-3.6409378E-2],"categories":[],"categories_nodes":[],"categories_segments":[],"categories_sizes":[],"default_left":[0,0,0,0,0,0,0,0,0],"id":30,"left_children":[1,3,5,-1,7,-1,-1,-1,-1],"loss_changes":[6.935049E1,7.1956444E0,8.531952E0,0E0,1.5908813E-1,0E0,0E0,0E0,0E0],"parents":[2147483647,0,0,1,1,2,2,4,4],"right_children":[2,4,6,-1,8,-1,-1,-1,-1],"split_conditions":[5.0425327E-1,1.0033356E-1,1E0,-4.5251042E-1,2.9986244E-1,1.03387766E-1,4.0128365E-1,-1.480266E-1,-3.6409378E-2],"split_indices":[0,0,0,0,0,0,0,0,0],"split_type":[0,0,0,0,0,0,0,0,0],"sum_hessian":[9E0,4E0,5E0,1E0,3E0,4E0,1E0,2E0,1E0],"tree_param":{"num_deleted":"0","num_feature":"2","num_nodes":"9","size_leaf_vector":"1"}},{"base_weights":[-1.0539875E-1,-2.6868443E0,2.0633724E0,-4.2988488E-1,-1.209131E0,9.5116884E-1,3.8121948E-1,-1.3815813E-1,-3.4589004E-2,2.693577E-2,1.0542822E-1],"categories":[],"categories_nodes":[],"categories_segments":[],"categories_sizes":[],"default_left":[0,0,0,0,0,0,0,0,0,0,0],"id":31,"left_children":[1,3,5,-1,7,9,-1,-1,-1,-1,-1],"loss_changes":[6.1529606E1,6.712528E0,8.044237E0,0E0,1.1758947E-1,6.7540646E-2,0E0,0E0,0E0,0E0,0E0],"parents":[2147483647,0,0,1,1,2,2,4,4,5,5],"right_children":[2,4,6,-1,8,10,-1,-1,-1,-1,-1],"split_conditions":[5.0425327E-1,1.0033356E-1,1E0,-4.2988488E-1,2.9986244E-1,6.024649E-1,3.8121948E-1,-1.3815813E-1,-3.4589004E-2,2.693577E-2,1.0542822E-1],"split_indices":[0,0,0,0,0,0,0,0,0,0,0],"split_type":[0,0,0,0,0,0,0,0,0,0,0],"sum_hessian":[9E0,4E0,5E0,1E0,3E0,4E0,1E0,2E0,1E0,1E0,3E0],"tree_param":{"num_deleted":"0","num_feature":"2","num_nodes":"11","size_leaf_vector":"1"}},{"base_weights":[-1.0376358E-1,-2.5386863E0,1.9426327E0,-4.083906E-1,-1.1314049E0,8.8252485E-1,3.621586E-1,-1.2894759E-1,-3.2859612E-2,2.558899E-2,9.752112E-2],"categories":[],"categories_nodes":[],"categories_segments":[],"categories_sizes":[],"default_left":[0,0,0,0,0,0,0,0,0,0,0],"id":32,"left_children":[1,3,5,-1,7,9,-1,-1,-1,-1,-1],"loss_changes":[5.4759903E1,6.252243E0,7.4830894E0,0E0,8.388615E-2,4.0855408E-2,0E0,0E0,0E0,0E0,0E0],"parents":[2147483647,0,0,1,1,2,2,4,4,5,5],"right_children":[2,4,6,-1,8,10,-1,-1,-1,-1,-1],"split_conditions":[5.0425327E-1,1.0033356E-1,1E0,-4.083906E-1,2.9986244E-1,6.024649E-1,3.621586E-1,-1.2894759E-1,-3.2859612E-2,2.558899E-2,9.752112E-2],"split_indices":[0,0,0,0,0,0,0,0,0,0,0],"split_type":[0,0,0,0,0,0,0,0,0,0,0],"sum_hessian":[9E0,4E0,5E0,1E0,3E0,4E0,1E0,2E0,1E0,1E0,3E0],"tree_param":{"num_deleted":"0","num_feature":"2","num_nodes":"11","size_leaf_vector":"1"}},{"base_weights":[-1.0188031E-1,-2.398857E0,1.8292471E0,-3.879711E-1,-1.058716E0,8.188942E-1,3.4405062E-1,-1.2035107E-1,-3.1216621E-2,2.430954E-2,9.0207E-2],"categories":[],"categories_nodes":[],"categories_segments":[],"categories_sizes":[],"default_left":[0,0,0,0,0,0,0,0,0,0,0],"id":33,"left_children":[1,3,5,-1,7,9,-1,-1,-1,-1,-1],"loss_changes":[4.8745655E1,5.8152504E0,6.9502277E0,0E0,5.6690216E-2,2.0173788E-2,0E0,0E0,0E0,0E0,0E0],"parents":[2147483647,0,0,1,1,2,2,4,4,5,5],"right_children":[2,4,6,-1,8,10,-1,-1,-1,-1,-1],"split_conditions":[5.0425327E-1,1.0033356E-1,1E0,-3.879711E-1,2.9986244E-1,6.024649E-1,3.4405062E-1,-1.2035107E-1,-3.1216621E-2,2.430954E-2,9.0207E-2],"split_indices":[0,0,0,0,0,0,0,0,0,0,0],"split_type":[0,0,0,0,0,0,0,0,0,0,0],"sum_hessian":[9E0,4E0,5E0,1E0,3E0,4E0,1E0,2E0,1E0,1E0,3E0],"tree_param":{"num_deleted":"0","num_feature":"2","num_nodes":"11","size_leaf_vector":"1"}},{"base_weights":[-9.978948E-2,-2.2668793E0,1.7227503E0,-3.6857256E-1,-9.907365E-1,7.5990754E-1,3.2684824E-1,-1.12327635E-1,-2.9655838E-2,2.3093987E-2,8.344145E-2],"categories":[],"categories_nodes":[],"categories_segments":[],"categories_sizes":[],"default_left":[0,0,0,0,0,0,0,0,0,0,0],"id":34,"left_children":[1,3,5,-1,7,9,-1,-1,-1,-1,-1],"loss_changes":[4.3401344E1,5.4016685E0,6.4460354E0,0E0,3.4908295E-2,4.3592453E-3,0E0,0E0,0E0,0E0,0E0],"parents":[2147483647,0,0,1,1,2,2,4,4,5,5],"right_children":[2,4,6,-1,8,10,-1,-1,-1,-1,-1],"split_conditions":[5.0425327E-1,1.0033356E-1,1E0,-3.6857256E-1,2.9986244E-1,6.024649E-1,3.2684824E-1,-1.12327635E-1,-2.9655838E-2,2.3093987E-2,8.344145E-2],"split_indices":[0,0,0,0,0,0,0,0,0,0,0],"split_type":[0,0,0,0,0,0,0,0,0,0,0],"sum_hessian":[9E0,4E0,5E0,1E0,3E0,4E0,1E0,2E0,1E0,1E0,3E0],"tree_param":{"num_deleted":"0","num_feature":"2","num_nodes":"11","size_leaf_vector":"1"}},{"base_weights":[-9.752846E-2,-2.1423028E0,1.6227049E0,-3.501439E-1,-9.2715883E-1,7.052231E-2,3.105057E-1,-1.0483914E-1,-2.8173065E-2],"categories":[],"categories_nodes":[],"categories_segments":[],"categories_sizes":[],"default_left":[0,0,0,0,0,0,0,0,0],"id":35,"left_children":[1,3,5,-1,7,-1,-1,-1,-1],"loss_changes":[3.865121E1,5.011341E0,5.9704275E0,0E0,1.7623425E-2,0E0,0E0,0E0,0E0],"parents":[2147483647,0,0,1,1,2,2,4,4],"right_children":[2,4,6,-1,8,-1,-1,-1,-1],"split_conditions":[5.0425327E-1,1.0033356E-1,1E0,-3.501439E-1,2.9986244E-1,7.052231E-2,3.105057E-1,-1.0483914E-1,-2.8173065E-2],"split_indices":[0,0,0,0,0,0,0,0,0],"split_type":[0,0,0,0,0,0,0,0,0],"sum_hessian":[9E0,4E0,5E0,1E0,3E0,4E0,1E0,2E0,1E0],"tree_param":{"num_deleted":"0","num_feature":"2","num_nodes":"9","size_leaf_vector":"1"}},{"base_weights":[-9.7989224E-2,-2.024704E0,1.5239378E0,-3.326367E-1,-8.676963E-1,6.488045E-1,2.9498026E-1,-9.7849846E-2,-2.6764488E-2,2.8337225E-2,7.979686E-2],"categories":[],"categories_nodes":[],"categories_segments":[],"categories_sizes":[],"default_left":[0,0,0,0,0,0,0,0,0,0,0],"id":36,"left_children":[1,3,5,-1,7,9,-1,-1,-1,-1,-1],"loss_changes":[3.433543E1,4.643894E0,5.573085E0,0E0,4.057884E-3,4.6424866E-2,0E0,0E0,0E0,0E0,0E0],"parents":[2147483647,0,0,1,1,2,2,4,4,5,5],"right_children":[2,4,6,-1,8,10,-1,-1,-1,-1,-1],"split_conditions":[5.0425327E-1,1.0033356E-1,1E0,-3.326367E-1,2.9986244E-1,6.975671E-1,2.9498026E-1,-9.7849846E-2,-2.6764488E-2,2.8337225E-2,7.979686E-2],"split_indices":[0,0,0,0,0,0,0,0,0,0,0],"split_type":[0,0,0,0,0,0,0,0,0,0,0],"sum_hessian":[9E0,4E0,5E0,1E0,3E0,4E0,1E0,2E0,1E0,2E0,2E0],"tree_param":{"num_deleted":"0","num_feature":"2","num_nodes":"11","size_leaf_vector":"1"}},{"base_weights":[-9.3603656E-2,-1.9136837E0,1.4387302E0,-3.1600487E-1,-8.120801E-2,6.055519E-1,2.802311E-1,2.6448188E-2,7.447713E-2],"categories":[],"categories_nodes":[],"categories_segments":[],"categories_sizes":[],"default_left":[0,0,0,0,0,0,0,0,0],"id":37,"left_children":[1,3,5,-1,-1,7,-1,-1,-1],"loss_changes":[3.0642979E1,4.298786E0,5.119691E0,0E0,0E0,4.0439367E-2,0E0,0E0,0E0],"parents":[2147483647,0,0,1,1,2,2,5,5],"right_children":[2,4,6,-1,-1,8,-1,-1,-1],"split_conditions":[5.0425327E-1,1.0033356E-1,1E0,-3.1600487E-1,-8.120801E-2,6.975671E-1,2.802311E-1,2.6448188E-2,7.447713E-2],"split_indices":[0,0,0,0,0,0,0,0,0],"split_type":[0,0,0,0,0,0,0,0,0],"sum_hessian":[9E0,4E0,5E0,1E0,3E0,4E0,1E0,2E0,2E0],"tree_param":{"num_deleted":"0","num_feature":"2","num_nodes":"9","size_leaf_vector":"1"}},{"base_weights":[-8.584876E-2,-1.801758E0,1.3583838E0,-3.0020463E-1,-7.5117445E-1,5.6518173E-1,2.662197E-1,-8.591264E-2,-2.136593E-2,2.4685033E-2,6.951192E-2],"categories":[],"categories_nodes":[],"categories_segments":[],"categories_sizes":[],"default_left":[0,0,0,0,0,0,0,0,0,0,0],"id":38,"left_children":[1,3,5,-1,7,9,-1,-1,-1,-1,-1],"loss_changes":[2.7229202E1,4.0499535E0,4.7004995E0,0E0,4.8542976E-2,3.522551E-2,0E0,0E0,0E0,0E0,0E0],"parents":[2147483647,0,0,1,1,2,2,4,4,5,5],"right_children":[2,4,6,-1,8,10,-1,-1,-1,-1,-1],"split_conditions":[5.0425327E-1,1.0033356E-1,1E0,-3.0020463E-1,2.9986244E-1,6.975671E-1,2.662197E-1,-8.591264E-2,-2.136593E-2,2.4685033E-2,6.951192E-2],"split_indices":[0,0,0,0,0,0,0,0,0,0,0],"split_type":[0,0,0,0,0,0,0,0,0,0,0],"sum_hessian":[9E0,4E0,5E0,1E0,3E0,4E0,1E0,2E0,1E0,2E0,2E0],"tree_param":{"num_deleted":"0","num_feature":"2","num_nodes":"11","size_leaf_vector":"1"}},{"base_weights":[-8.197041E-2,-1.7030789E0,1.2826151E0,-2.851944E-1,-7.0287657E-1,5.275032E-1,2.529087E-1,-8.018513E-2,-2.0297622E-2,2.3039373E-2,6.487783E-2],"categories":[],"categories_nodes":[],"categories_segments":[],"categories_sizes":[],"default_left":[0,0,0,0,0,0,0,0,0,0,0],"id":39,"left_children":[1,3,5,-1,7,9,-1,-1,-1,-1,-1],"loss_changes":[2.4305805E1,3.740921E0,4.3132524E0,0E0,3.515315E-2,3.0685425E-2,0E0,0E0,0E0,0E0,0E0],"parents":[2147483647,0,0,1,1,2,2,4,4,5,5],"right_children":[2,4,6,-1,8,10,-1,-1,-1,-1,-1],"split_conditions":[5.0425327E-1,1.0033356E-1,1E0,-2.851944E-1,2.9986244E-1,6.975671E-1,2.529087E-1,-8.018513E-2,-2.0297622E-2,2.3039373E-2,6.487783E-2],"split_indices":[0,0,0,0,0,0,0,0,0,0,0],"split_type":[0,0,0,0,0,0,0,0,0,0,0],"sum_hessian":[9E0,4E0,5E0,1E0,3E0,4E0,1E0,2E0,1E0,2E0,2E0],"tree_param":{"num_deleted":"0","num_feature":"2","num_nodes":"11","size_leaf_vector":"1"}},{"base_weights":[-7.825871E-2,-1.6099064E0,1.2111574E0,-2.7093467E-1,-6.577096E-1,4.923355E-1,2.4026337E-1,-7.4839465E-2,-1.9282723E-2,1.3287735E-2,5.4898072E-2],"categories":[],"categories_nodes":[],"categories_segments":[],"categories_sizes":[],"default_left":[0,0,0,0,0,0,0,0,0,0,0],"id":40,"left_children":[1,3,5,-1,7,9,-1,-1,-1,-1,-1],"loss_changes":[2.1699163E1,3.4524536E0,3.9558535E0,0E0,2.4320722E-2,2.8860807E-2,0E0,0E0,0E0,0E0,0E0],"parents":[2147483647,0,0,1,1,2,2,4,4,5,5],"right_children":[2,4,6,-1,8,10,-1,-1,-1,-1,-1],"split_conditions":[5.0425327E-1,1.0033356E-1,1E0,-2.7093467E-1,2.9986244E-1,6.024649E-1,2.4026337E-1,-7.4839465E-2,-1.9282723E-2,1.3287735E-2,5.4898072E-2],"split_indices":[0,0,0,0,0,0,0,0,0,0,0],"split_type":[0,0,0,0,0,0,0,0,0,0,0],"sum_hessian":[9E0,4E0,5E0,1E0,3E0,4E0,1E0,2E0,1E0,1E0,3E0],"tree_param":{"num_deleted":"0","num_feature":"2","num_nodes":"11","size_leaf_vector":"1"}},{"base_weights":[-7.6093815E-2,-1.5219271E0,1.1414496E0,-2.5738797E-1,-6.154692E-1,4.5673904E-1,2.2825013E-1,-6.985019E-2,-1.8318558E-2,1.9230526E-2,5.6892652E-2],"categories":[],"categories_nodes":[],"categories_segments":[],"categories_sizes":[],"default_left":[0,0,0,0,0,0,0,0,0,0,0],"id":41,"left_children":[1,3,5,-1,7,9,-1,-1,-1,-1,-1],"loss_changes":[1.9340853E1,3.183608E0,3.6452327E0,0E0,1.5619159E-2,3.8923264E-2,0E0,0E0,0E0,0E0,0E0],"parents":[2147483647,0,0,1,1,2,2,4,4,5,5],"right_children":[2,4,6,-1,8,10,-1,-1,-1,-1,-1],"split_conditions":[5.0425327E-1,1.0033356E-1,1E0,-2.5738797E-1,2.9986244E-1,6.975671E-1,2.2825013E-1,-6.985019E-2,-1.8318558E-2,1.9230526E-2,5.6892652E-2],"split_indices":[0,0,0,0,0,0,0,0,0,0,0],"split_type":[0,0,0,0,0,0,0,0,0,0,0],"sum_hessian":[9E0,4E0,5E0,1E0,3E0,4E0,1E0,2E0,1E0,2E0,2E0],"tree_param":{"num_deleted":"0","num_feature":"2","num_nodes":"11","size_leaf_vector":"1"}},{"base_weights":[-7.260241E-2,-1.4388458E0,1.078034E0,-2.4451855E-1,-5.7596445E-1,4.2629012E-1,2.1683769E-1,-6.51935E-2,-1.7402649E-2,1.7948532E-2,5.3099822E-2],"categories":[],"categories_nodes":[],"categories_segments":[],"categories_sizes":[],"default_left":[0,0,0,0,0,0,0,0,0,0,0],"id":42,"left_children":[1,3,5,-1,7,9,-1,-1,-1,-1,-1],"loss_changes":[1.7271618E1,2.9334192E0,3.3393884E0,0E0,8.687735E-3,3.3905923E-2,0E0,0E0,0E0,0E0,0E0],"parents":[2147483647,0,0,1,1,2,2,4,4,5,5],"right_children":[2,4,6,-1,8,10,-1,-1,-1,-1,-1],"split_conditions":[5.0425327E-1,1.0033356E-1,1E0,-2.4451855E-1,2.9986244E-1,6.975671E-1,2.1683769E-1,-6.51935E-2,-1.7402649E-2,1.7948532E-2,5.3099822E-2],"split_indices":[0,0,0,0,0,0,0,0,0,0,0],"split_type":[0,0,0,0,0,0,0,0,0,0,0],"sum_hessian":[9E0,4E0,5E0,1E0,3E0,4E0,1E0,2E0,1E0,2E0,2E0],"tree_param":{"num_deleted":"0","num_feature":"2","num_nodes":"11","size_leaf_vector":"1"}},{"base_weights":[-6.926489E-2,-1.3603842E0,1.018212E0,-2.322926E-1,-5.390172E-1,3.9787063E-1,2.0599595E-1,-6.0847282E-2,-1.6532516E-2,1.6751988E-2,4.9559783E-2],"categories":[],"categories_nodes":[],"categories_segments":[],"categories_sizes":[],"default_left":[0,0,0,0,0,0,0,0,0,0,0],"id":43,"left_children":[1,3,5,-1,7,9,-1,-1,-1,-1,-1],"loss_changes":[1.5425782E1,2.700904E0,3.057837E0,0E0,3.2242537E-3,2.9535234E-2,0E0,0E0,0E0,0E0,0E0],"parents":[2147483647,0,0,1,1,2,2,4,4,5,5],"right_children":[2,4,6,-1,8,10,-1,-1,-1,-1,-1],"split_conditions":[5.0425327E-1,1.0033356E-1,1E0,-2.322926E-1,2.9986244E-1,6.975671E-1,2.0599595E-1,-6.0847282E-2,-1.6532516E-2,1.6751988E-2,4.9559783E-2],"split_indices":[0,0,0,0,0,0,0,0,0,0,0],"split_type":[0,0,0,0,0,0,0,0,0,0,0],"sum_hessian":[9E0,4E0,5E0,1E0,3E0,4E0,1E0,2E0,1E0,2E0,2E0],"tree_param":{"num_deleted":"0","num_feature":"2","num_nodes":"11","size_leaf_vector":"1"}},{"base_weights":[-6.607433E-2,-1.2862799E0,9.617761E-1,-1.8752758E-1,-2.6852418E-2,3.713463E-1,1.9569626E-1,1.56353E-2,4.625575E-2],"categories":[],"categories_nodes":[],"categories_segments":[],"categories_sizes":[],"default_left":[0,0,0,0,0,0,0,0,0],"id":44,"left_children":[1,3,5,-1,-1,7,-1,-1,-1],"loss_changes":[1.3779002E1,2.4937115E0,2.7988167E0,0E0,0E0,2.5726676E-2,0E0,0E0,0E0],"parents":[2147483647,0,0,1,1,2,2,5,5],"right_children":[2,4,6,-1,-1,8,-1,-1,-1],"split_conditions":[5.0425327E-1,2.0174503E-1,1E0,-1.8752758E-1,-2.6852418E-2,6.975671E-1,1.9569626E-1,1.56353E-2,4.625575E-2],"split_indices":[0,0,0,0,0,0,0,0,0],"split_type":[0,0,0,0,0,0,0,0,0],"sum_hessian":[9E0,4E0,5E0,2E0,2E0,4E0,1E0,2E0,2E0],"tree_param":{"num_deleted":"0","num_feature":"2","num_nodes":"9","size_leaf_vector":"1"}},{"base_weights":[-5.5146553E-2,-1.2005283E0,9.085293E-1,-2.113016E-1,-4.4415236E-2,3.465889E-1,1.8591157E-1,1.459287E-2,4.3171946E-2],"categories":[],"categories_nodes":[],"categories_segments":[],"categories_sizes":[],"default_left":[0,0,0,0,0,0,0,0,0],"id":45,"left_children":[1,3,5,-1,-1,7,-1,-1,-1],"loss_changes":[1.2128481E1,2.5124178E0,2.560688E0,0E0,0E0,2.2411346E-2,0E0,0E0,0E0],"parents":[2147483647,0,0,1,1,2,2,5,5],"right_children":[2,4,6,-1,-1,8,-1,-1,-1],"split_conditions":[5.0425327E-1,1.0033356E-1,1E0,-2.113016E-1,-4.4415236E-2,6.975671E-1,1.8591157E-1,1.459287E-2,4.3171946E-2],"split_indices":[0,0,0,0,0,0,0,0,0],"split_type":[0,0,0,0,0,0,0,0,0],"sum_hessian":[9E0,4E0,5E0,1E0,3E0,4E0,1E0,2E0,2E0],"tree_param":{"num_deleted":"0","num_feature":"2","num_nodes":"9","size_leaf_vector":"1"}},{"base_weights":[-5.0836038E-2,-1.6650182E0,5.608368E-1,-2.0073651E-1,-4.9016237E-2,6.020864E-3,1.483523E0,-2.2101339E-2,1.7479135E-2,4.5912553E-2,1.7661591E-1],"categories":[],"categories_nodes":[],"categories_segments":[],"categories_sizes":[],"default_left":[0,0,0,0,0,0,0,0,0,0,0],"id":46,"left_children":[1,3,5,-1,-1,7,9,-1,-1,-1,-1],"loss_changes":[1.0807318E1,2.2268963E-1,4.0864363E0,0E0,0E0,2.685313E-1,5.770588E-2,0E0,0E0,0E0,0E0],"parents":[2147483647,0,0,1,1,2,2,5,5,6,6],"right_children":[2,4,6,-1,-1,8,10,-1,-1,-1,-1],"split_conditions":[2.0174503E-1,1.0033356E-1,7.9841703E-1,-2.0073651E-1,-4.9016237E-2,5.0425327E-1,1E0,-2.2101339E-2,1.7479135E-2,4.5912553E-2,1.7661591E-1],"split_indices":[0,0,0,0,0,0,0,0,0,0,0],"split_type":[0,0,0,0,0,0,0,0,0,0,0],"sum_hessian":[9E0,2E0,7E0,1E0,1E0,5E0,2E0,2E0,3E0,1E0,1E0],"tree_param":{"num_deleted":"0","num_feature":"2","num_nodes":"11","size_leaf_vector":"1"}},{"base_weights":[-4.8936844E-2,-1.5817674E0,5.319917E-1,-1.9069968E-1,-4.656544E-2,4.6485267E-3,1.4093475E0,-2.0627912E-2,1.6168213E-2,4.361687E-2,1.6778527E-1],"categories":[],"categories_nodes":[],"categories_segments":[],"categories_sizes":[],"default_left":[0,0,0,0,0,0,0,0,0,0,0],"id":47,"left_children":[1,3,5,-1,-1,7,9,-1,-1,-1,-1],"loss_changes":[9.746139E0,2.0097685E-1,3.69479E0,0E0,0E0,2.3208801E-1,5.2083015E-2,0E0,0E0,0E0,0E0],"parents":[2147483647,0,0,1,1,2,2,5,5,6,6],"right_children":[2,4,6,-1,-1,8,10,-1,-1,-1,-1],"split_conditions":[2.0174503E-1,1.0033356E-1,7.9841703E-1,-1.9069968E-1,-4.656544E-2,5.0425327E-1,1E0,-2.0627912E-2,1.6168213E-2,4.361687E-2,1.6778527E-1],"split_indices":[0,0,0,0,0,0,0,0,0,0,0],"split_type":[0,0,0,0,0,0,0,0,0,0,0],"sum_hessian":[9E0,2E0,7E0,1E0,1E0,5E0,2E0,2E0,3E0,1E0,1E0],"tree_param":{"num_deleted":"0","num_feature":"2","num_nodes":"11","size_leaf_vector":"1"}},{"base_weights":[-4.707527E-2,-1.5026792E0,5.046606E-1,-1.811647E-1,-4.4237185E-2,3.440857E-3,1.33888E0,-1.9252777E-2,1.4955712E-2,4.1436005E-2,1.5939598E-1],"categories":[],"categories_nodes":[],"categories_segments":[],"categories_sizes":[],"default_left":[0,0,0,0,0,0,0,0,0,0,0],"id":48,"left_children":[1,3,5,-1,-1,7,9,-1,-1,-1,-1],"loss_changes":[8.789433E0,1.8138075E-1,3.3404105E0,0E0,0E0,2.0059912E-1,4.700613E-2,0E0,0E0,0E0,0E0],"parents":[2147483647,0,0,1,1,2,2,5,5,6,6],"right_children":[2,4,6,-1,-1,8,10,-1,-1,-1,-1],"split_conditions":[2.0174503E-1,1.0033356E-1,7.9841703E-1,-1.811647E-1,-4.4237185E-2,5.0425327E-1,1E0,-1.9252777E-2,1.4955712E-2,4.1436005E-2,1.5939598E-1],"split_indices":[0,0,0,0,0,0,0,0,0,0,0],"split_type":[0,0,0,0,0,0,0,0,0,0,0],"sum_hessian":[9E0,2E0,7E0,1E0,1E0,5E0,2E0,2E0,3E0,1E0,1E0],"tree_param":{"num_deleted":"0","num_feature":"2","num_nodes":"11","size_leaf_vector":"1"}},{"base_weights":[-4.525461E-2,-1.4275452E0,4.787612E-1,-1.7210646E-1,-4.2025328E-2,2.3797352E-3,1.271937E0,-1.7969258E-2,1.3833905E-2,3.9364245E-2,1.5142632E-1],"categories":[],"categories_nodes":[],"categories_segments":[],"categories_sizes":[],"default_left":[0,0,0,0,0,0,0,0,0,0,0],"id":49,"left_children":[1,3,5,-1,-1,7,9,-1,-1,-1,-1],"loss_changes":[7.926875E0,1.6369581E-1,3.0198069E0,0E0,0E0,1.7338505E-1,4.242325E-2,0E0,0E0,0E0,0E0],"parents":[2147483647,0,0,1,1,2,2,5,5,6,6],"right_children":[2,4,6,-1,-1,8,10,-1,-1,-1,-1],"split_conditions":[2.0174503E-1,1.0033356E-1,7.9841703E-1,-1.7210646E-1,-4.2025328E-2,5.0425327E-1,1E0,-1.7969258E-2,1.3833905E-2,3.9364245E-2,1.5142632E-1],"split_indices":[0,0,0,0,0,0,0,0,0,0,0],"split_type":[0,0,0,0,0,0,0,0,0,0,0],"sum_hessian":[9E0,2E0,7E0,1E0,1E0,5E0,2E0,2E0,3E0,1E0,1E0],"tree_param":{"num_deleted":"0","num_feature":"2","num_nodes":"11","size_leaf_vector":"1"}},{"base_weights":[-4.3476604E-2,-1.3561679E0,4.542172E-1,-1.6350113E-1,-3.992405E-2,1.4537176E-3,1.2083384E0,-1.6771253E-2,1.2796498E-2,3.739586E-2,1.438549E-1],"categories":[],"categories_nodes":[],"categories_segments":[],"categories_sizes":[],"default_left":[0,0,0,0,0,0,0,0,0,0,0],"id":50,"left_children":[1,3,5,-1,-1,7,9,-1,-1,-1,-1],"loss_changes":[7.1491776E0,1.4773655E-1,2.729752E0,0E0,0E0,1.4986993E-1,3.829193E-2,0E0,0E0,0E0,0E0],"parents":[2147483647,0,0,1,1,2,2,5,5,6,6],"right_children":[2,4,6,-1,-1,8,10,-1,-1,-1,-1],"split_conditions":[2.0174503E-1,1.0033356E-1,7.9841703E-1,-1.6350113E-1,-3.992405E-2,5.0425327E-1,1E0,-1.6771253E-2,1.2796498E-2,3.739586E-2,1.438549E-1],"split_indices":[0,0,0,0,0,0,0,0,0,0,0],"split_type":[0,0,0,0,0,0,0,0,0,0,0],"sum_hessian":[9E0,2E0,7E0,1E0,1E0,5E0,2E0,2E0,3E0,1E0,1E0],"tree_param":{"num_deleted":"0","num_feature":"2","num_nodes":"11","size_leaf_vector":"1"}},{"base_weights":[-4.174471E-2,-1.2883596E0,4.3095398E-1,-1.5532608E-1,-3.7927866E-2,6.4468384E-4,1.1479212E0,-1.5653228E-2,1.1836625E-2,3.5525896E-2,1.3666229E-1],"categories":[],"categories_nodes":[],"categories_segments":[],"categories_sizes":[],"default_left":[0,0,0,0,0,0,0,0,0,0,0],"id":51,"left_children":[1,3,5,-1,-1,7,9,-1,-1,-1,-1],"loss_changes":[6.4479566E0,1.3333082E-1,2.4674013E0,0E0,0E0,1.2954685E-1,3.4564734E-2,0E0,0E0,0E0,0E0],"parents":[2147483647,0,0,1,1,2,2,5,5,6,6],"right_children":[2,4,6,-1,-1,8,10,-1,-1,-1,-1],"split_conditions":[2.0174503E-1,1.0033356E-1,7.9841703E-1,-1.5532608E-1,-3.7927866E-2,5.0425327E-1,1E0,-1.5653228E-2,1.1836625E-2,3.5525896E-2,1.3666229E-1],"split_indices":[0,0,0,0,0,0,0,0,0,0,0],"split_type":[0,0,0,0,0,0,0,0,0,0,0],"sum_hessian":[9E0,2E0,7E0,1E0,1E0,5E0,2E0,2E0,3E0,1E0,1E0],"tree_param":{"num_deleted":"0","num_feature":"2","num_nodes":"11","size_leaf_vector":"1"}},{"base_weights":[-4.0058684E-2,-1.2239417E0,4.089048E-1,-1.4755978E-1,-3.6031485E-2,-5.6266785E-5,1.0905253E0,-1.4609719E-2,1.0948849E-2,3.374977E-2,1.2982903E-1],"categories":[],"categories_nodes":[],"categories_segments":[],"categories_sizes":[],"default_left":[0,0,0,0,0,0,0,0,0,0,0],"id":52,"left_children":[1,3,5,-1,-1,7,9,-1,-1,-1,-1],"loss_changes":[5.815678E0,1.2033081E-1,2.2301114E0,0E0,0E0,1.1198405E-1,3.118825E-2,0E0,0E0,0E0,0E0],"parents":[2147483647,0,0,1,1,2,2,5,5,6,6],"right_children":[2,4,6,-1,-1,8,10,-1,-1,-1,-1],"split_conditions":[2.0174503E-1,1.0033356E-1,7.9841703E-1,-1.4755978E-1,-3.6031485E-2,5.0425327E-1,1E0,-1.4609719E-2,1.0948849E-2,3.374977E-2,1.2982903E-1],"split_indices":[0,0,0,0,0,0,0,0,0,0,0],"split_type":[0,0,0,0,0,0,0,0,0,0,0],"sum_hessian":[9E0,2E0,7E0,1E0,1E0,5E0,2E0,2E0,3E0,1E0,1E0],"tree_param":{"num_deleted":"0","num_feature":"2","num_nodes":"11","size_leaf_vector":"1"}},{"base_weights":[-3.8420103E-2,-1.1627445E0,3.8800406E-1,-1.4018178E-1,-3.42299E-2,-6.602605E-4,1.035998E0,-1.36357E-2,1.0127735E-2,3.206215E-2,1.2333756E-1],"categories":[],"categories_nodes":[],"categories_segments":[],"categories_sizes":[],"default_left":[0,0,0,0,0,0,0,0,0,0,0],"id":53,"left_children":[1,3,5,-1,-1,7,9,-1,-1,-1,-1],"loss_changes":[5.2455406E0,1.08599186E-1,2.015501E0,0E0,0E0,9.6805476E-2,2.8151035E-2,0E0,0E0,0E0,0E0],"parents":[2147483647,0,0,1,1,2,2,5,5,6,6],"right_children":[2,4,6,-1,-1,8,10,-1,-1,-1,-1],"split_conditions":[2.0174503E-1,1.0033356E-1,7.9841703E-1,-1.4018178E-1,-3.42299E-2,5.0425327E-1,1E0,-1.36357E-2,1.0127735E-2,3.206215E-2,1.2333756E-1],"split_indices":[0,0,0,0,0,0,0,0,0,0,0],"split_type":[0,0,0,0,0,0,0,0,0,0,0],"sum_hessian":[9E0,2E0,7E0,1E0,1E0,5E0,2E0,2E0,3E0,1E0,1E0],"tree_param":{"num_deleted":"0","num_feature":"2","num_nodes":"11","size_leaf_vector":"1"}},{"base_weights":[-3.6829542E-2,-1.1046072E0,3.6819077E-1,-1.3317269E-1,-3.2518387E-2,-1.1787415E-3,9.841995E-1,-1.2726593E-2,9.368134E-3,3.0459214E-2,1.17170714E-1],"categories":[],"categories_nodes":[],"categories_segments":[],"categories_sizes":[],"default_left":[0,0,0,0,0,0,0,0,0,0,0],"id":54,"left_children":[1,3,5,-1,-1,7,9,-1,-1,-1,-1],"loss_changes":[4.7314224E0,9.8011255E-2,1.8214388E0,0E0,0E0,8.3686285E-2,2.540207E-2,0E0,0E0,0E0,0E0],"parents":[2147483647,0,0,1,1,2,2,5,5,6,6],"right_children":[2,4,6,-1,-1,8,10,-1,-1,-1,-1],"split_conditions":[2.0174503E-1,1.0033356E-1,7.9841703E-1,-1.3317269E-1,-3.2518387E-2,5.0425327E-1,1E0,-1.2726593E-2,9.368134E-3,3.0459214E-2,1.17170714E-1],"split_indices":[0,0,0,0,0,0,0,0,0,0,0],"split_type":[0,0,0,0,0,0,0,0,0,0,0],"sum_hessian":[9E0,2E0,7E0,1E0,1E0,5E0,2E0,2E0,3E0,1E0,1E0],"tree_param":{"num_deleted":"0","num_feature":"2","num_nodes":"11","size_leaf_vector":"1"}},{"base_weights":[-3.528881E-2,-1.0493768E0,3.494053E-1,-1.2651406E-1,-3.0892467E-2,-1.6212463E-3,9.349899E-1,-1.18782045E-2,8.665466E-2,2.8936386E-2,1.11312106E-1,2.5398254E-3,9.860738E-3],"categories":[],"categories_nodes":[],"categories_segments":[],"categories_sizes":[],"default_left":[0,0,0,0,0,0,0,0,0,0,0,0,0],"id":55,"left_children":[1,3,5,-1,-1,7,9,-1,11,-1,-1,-1,-1],"loss_changes":[4.2677946E0,8.845472E-2,1.6459618E0,0E0,0E0,7.234787E-2,2.2921324E-2,0E0,4.2426772E-4,0E0,0E0,0E0,0E0],"parents":[2147483647,0,0,1,1,2,2,5,5,6,6,8,8],"right_children":[2,4,6,-1,-1,8,10,-1,12,-1,-1,-1,-1],"split_conditions":[2.0174503E-1,1.0033356E-1,7.9841703E-1,-1.2651406E-1,-3.0892467E-2,5.0425327E-1,1E0,-1.18782045E-2,6.024649E-1,2.8936386E-2,1.11312106E-1,2.5398254E-3,9.860738E-3],"split_indices":[0,0,0,0,0,0,0,0,0,0,0,0,0],"split_type":[0,0,0,0,0,0,0,0,0,0,0,0,0],"sum_hessian":[9E0,2E0,7E0,1E0,1E0,5E0,2E0,2E0,3E0,1E0,1E0,1E0,2E0],"tree_param":{"num_deleted":"0","num_feature":"2","num_nodes":"13","size_leaf_vector":"1"}},{"base_weights":[-3.342376E-2,-9.96908E-1,3.320608E-1,-1.20188355E-1,-2.934785E-2,-1.3720194E-3,8.8823956E-1,-1.1086273E-2,8.108902E-2,2.7489472E-2,1.0574646E-1,2.412796E-3,9.203339E-3],"categories":[],"categories_nodes":[],"categories_segments":[],"categories_sizes":[],"default_left":[0,0,0,0,0,0,0,0,0,0,0,0,0],"id":56,"left_children":[1,3,5,-1,-1,7,9,-1,11,-1,-1,-1,-1],"loss_changes":[3.8524203E0,7.983065E-2,1.4848044E0,0E0,0E0,6.316206E-2,2.0688772E-2,0E0,2.7303398E-4,0E0,0E0,0E0,0E0],"parents":[2147483647,0,0,1,1,2,2,5,5,6,6,8,8],"right_children":[2,4,6,-1,-1,8,10,-1,12,-1,-1,-1,-1],"split_conditions":[2.0174503E-1,1.0033356E-1,7.9841703E-1,-1.20188355E-1,-2.934785E-2,5.0425327E-1,1E0,-1.1086273E-2,6.024649E-1,2.7489472E-2,1.0574646E-1,2.412796E-3,9.203339E-3],"split_indices":[0,0,0,0,0,0,0,0,0,0,0,0,0],"split_type":[0,0,0,0,0,0,0,0,0,0,0,0,0],"sum_hessian":[9E0,2E0,7E0,1E0,1E0,5E0,2E0,2E0,3E0,1E0,1E0,1E0,2E0],"tree_param":{"num_deleted":"0","num_feature":"2","num_nodes":"13","size_leaf_vector":"1"}},{"base_weights":[-3.1658363E-2,-9.470628E-1,3.155756E-1,-1.1417895E-1,-2.7880479E-2,-1.1469523E-3,8.4382886E-1,-1.0347239E-2,7.5883865E-2,2.6115036E-2,1.0045929E-1,2.2922517E-3,8.589681E-3],"categories":[],"categories_nodes":[],"categories_segments":[],"categories_sizes":[],"default_left":[0,0,0,0,0,0,0,0,0,0,0,0,0],"id":57,"left_children":[1,3,5,-1,-1,7,9,-1,11,-1,-1,-1,-1],"loss_changes":[3.477465E0,7.204676E-2,1.3394455E0,0E0,0E0,5.5145156E-2,1.8671513E-2,0E0,1.5222654E-4,0E0,0E0,0E0,0E0],"parents":[2147483647,0,0,1,1,2,2,5,5,6,6,8,8],"right_children":[2,4,6,-1,-1,8,10,-1,12,-1,-1,-1,-1],"split_conditions":[2.0174503E-1,1.0033356E-1,7.9841703E-1,-1.1417895E-1,-2.7880479E-2,5.0425327E-1,1E0,-1.0347239E-2,6.024649E-1,2.6115036E-2,1.0045929E-1,2.2922517E-3,8.589681E-3],"split_indices":[0,0,0,0,0,0,0,0,0,0,0,0,0],"split_type":[0,0,0,0,0,0,0,0,0,0,0,0,0],"sum_hessian":[9E0,2E0,7E0,1E0,1E0,5E0,2E0,2E0,3E0,1E0,1E0,1E0,2E0],"tree_param":{"num_deleted":"0","num_feature":"2","num_nodes":"13","size_leaf_vector":"1"}},{"base_weights":[-2.9987693E-2,-8.9970964E-1,2.999065E-1,-1.0847E-1,-2.6486445E-2,-9.438197E-4,8.016383E-1,-9.657478E-2,7.101536E-2,2.4809266E-2,9.5436476E-2,-1.1676502E-2,-2.8097152E-3,2.17762E-3,8.016968E-3],"categories":[],"categories_nodes":[],"categories_segments":[],"categories_sizes":[],"default_left":[0,0,0,0,0,0,0,0,0,0,0,0,0,0,0],"id":58,"left_children":[1,3,5,-1,-1,7,9,11,13,-1,-1,-1,-1,-1,-1],"loss_changes":[3.1389909E0,6.502223E-2,1.208326E0,0E0,0E0,4.8147444E-2,1.6852379E-2,8.6697564E-4,5.7211146E-5,0E0,0E0,0E0,0E0,0E0,0E0],"parents":[2147483647,0,0,1,1,2,2,5,5,6,6,7,7,8,8],"right_children":[2,4,6,-1,-1,8,10,12,14,-1,-1,-1,-1,-1,-1],"split_conditions":[2.0174503E-1,1.0033356E-1,7.9841703E-1,-1.0847E-1,-2.6486445E-2,5.0425327E-1,1E0,2.9986244E-1,6.024649E-1,2.4809266E-2,9.5436476E-2,-1.1676502E-2,-2.8097152E-3,2.17762E-3,8.016968E-3],"split_indices":[0,0,0,0,0,0,0,0,0,0,0,0,0,0,0],"split_type":[0,0,0,0,0,0,0,0,0,0,0,0,0,0,0],"sum_hessian":[9E0,2E0,7E0,1E0,1E0,5E0,2E0,2E0,3E0,1E0,1E0,1E0,1E0,1E0,2E0],"tree_param":{"num_deleted":"0","num_feature":"2","num_nodes":"15","size_leaf_vector":"1"}},{"base_weights":[-2.8889442E-2,-8.5472417E-1,2.8440976E-1,-1.030465E-1,-2.5162125E-2,-1.5649796E-3,7.6155597E-1,-9.174538E-2,6.6461563E-3,2.3568725E-2,9.066468E-2,-1.1092663E-2,-2.6691437E-3],"categories":[],"categories_nodes":[],"categories_segments":[],"categories_sizes":[],"default_left":[0,0,0,0,0,0,0,0,0,0,0,0,0],"id":59,"left_children":[1,3,5,-1,-1,7,9,11,-1,-1,-1,-1,-1],"loss_changes":[2.8304253E0,5.868268E-2,1.0928059E0,0E0,0E0,4.2905506E-2,1.5211105E-2,7.826574E-4,0E0,0E0,0E0,0E0,0E0],"parents":[2147483647,0,0,1,1,2,2,5,5,6,6,7,7],"right_children":[2,4,6,-1,-1,8,10,12,-1,-1,-1,-1,-1],"split_conditions":[2.0174503E-1,1.0033356E-1,7.9841703E-1,-1.030465E-1,-2.5162125E-2,5.0425327E-1,1E0,2.9986244E-1,6.6461563E-3,2.3568725E-2,9.066468E-2,-1.1092663E-2,-2.6691437E-3],"split_indices":[0,0,0,0,0,0,0,0,0,0,0,0,0],"split_type":[0,0,0,0,0,0,0,0,0,0,0,0,0],"sum_hessian":[9E0,2E0,7E0,1E0,1E0,5E0,2E0,2E0,3E0,1E0,1E0,1E0,1E0],"tree_param":{"num_deleted":"0","num_feature":"2","num_nodes":"13","size_leaf_vector":"1"}},{"base_weights":[-2.8109323E-2,-8.1198806E-1,2.6935887E-1,-9.789418E-2,-2.3904039E-2,-2.5936763E-3,7.2347766E-1,-8.715757E-2,6.147766E-2,2.2390366E-2,8.613129E-2,-1.0538006E-2,-2.5356293E-3,1.7364502E-3,7.039388E-3],"categories":[],"categories_nodes":[],"categories_segments":[],"categories_sizes":[],"default_left":[0,0,0,0,0,0,0,0,0,0,0,0,0,0,0],"id":60,"left_children":[1,3,5,-1,-1,7,9,11,13,-1,-1,-1,-1,-1,-1],"loss_changes":[2.550506E0,5.2960634E-2,9.8986673E-1,0E0,0E0,3.7866972E-2,1.3725519E-2,7.064715E-4,3.5093538E-4,0E0,0E0,0E0,0E0,0E0,0E0],"parents":[2147483647,0,0,1,1,2,2,5,5,6,6,7,7,8,8],"right_children":[2,4,6,-1,-1,8,10,12,14,-1,-1,-1,-1,-1,-1],"split_conditions":[2.0174503E-1,1.0033356E-1,7.9841703E-1,-9.789418E-2,-2.3904039E-2,5.0425327E-1,1E0,2.9986244E-1,6.024649E-1,2.2390366E-2,8.613129E-2,-1.0538006E-2,-2.5356293E-3,1.7364502E-3,7.039388E-3],"split_indices":[0,0,0,0,0,0,0,0,0,0,0,0,0,0,0],"split_type":[0,0,0,0,0,0,0,0,0,0,0,0,0,0,0],"sum_hessian":[9E0,2E0,7E0,1E0,1E0,5E0,2E0,2E0,3E0,1E0,1E0,1E0,1E0,1E0,2E0],"tree_param":{"num_deleted":"0","num_feature":"2","num_nodes":"15","size_leaf_vector":"1"}},{"base_weights":[-2.7055275E-2,-7.713887E-1,2.5545168E-1,-9.2999466E-2,-2.2708846E-2,-3.0498505E-3,6.873042E-1,-8.279928E-2,5.752468E-2,2.1270752E-2,8.182488E-2,-1.0011101E-2,-2.4087906E-3,1.6496659E-3,6.5701804E-3],"categories":[],"categories_nodes":[],"categories_segments":[],"categories_sizes":[],"default_left":[0,0,0,0,0,0,0,0,0,0,0,0,0,0,0],"id":61,"left_children":[1,3,5,-1,-1,7,9,11,13,-1,-1,-1,-1,-1,-1],"loss_changes":[2.2998464E0,4.7796607E-2,8.951724E-1,0E0,0E0,3.3747707E-2,1.2389898E-2,6.3772127E-4,2.5810488E-4,0E0,0E0,0E0,0E0,0E0,0E0],"parents":[2147483647,0,0,1,1,2,2,5,5,6,6,7,7,8,8],"right_children":[2,4,6,-1,-1,8,10,12,14,-1,-1,-1,-1,-1,-1],"split_conditions":[2.0174503E-1,1.0033356E-1,7.9841703E-1,-9.2999466E-2,-2.2708846E-2,5.0425327E-1,1E0,2.9986244E-1,6.024649E-1,2.1270752E-2,8.182488E-2,-1.0011101E-2,-2.4087906E-3,1.6496659E-3,6.5701804E-3],"split_indices":[0,0,0,0,0,0,0,0,0,0,0,0,0,0,0],"split_type":[0,0,0,0,0,0,0,0,0,0,0,0,0,0,0],"sum_hessian":[9E0,2E0,7E0,1E0,1E0,5E0,2E0,2E0,3E0,1E0,1E0,1E0,1E0,1E0,2E0],"tree_param":{"num_deleted":"0","num_feature":"2","num_nodes":"15","size_leaf_vector":"1"}},{"base_weights":[-2.6030743E-2,-7.3281926E-1,2.422688E-1,-8.834949E-2,-2.15734E-2,-3.4443538E-3,6.5293884E-1,-7.865969E-2,5.382824E-2,2.0207215E-2,7.773361E-2,-9.510517E-3,-2.288437E-3,1.5672684E-3,6.132253E-3],"categories":[],"categories_nodes":[],"categories_segments":[],"categories_sizes":[],"default_left":[0,0,0,0,0,0,0,0,0,0,0,0,0,0,0],"id":62,"left_children":[1,3,5,-1,-1,7,9,11,13,-1,-1,-1,-1,-1,-1],"loss_changes":[2.0738494E0,4.3136597E-2,8.095052E-1,0E0,0E0,3.0080779E-2,1.1181831E-2,5.75332E-4,1.827078E-4,0E0,0E0,0E0,0E0,0E0,0E0],"parents":[2147483647,0,0,1,1,2,2,5,5,6,6,7,7,8,8],"right_children":[2,4,6,-1,-1,8,10,12,14,-1,-1,-1,-1,-1,-1],"split_conditions":[2.0174503E-1,1.0033356E-1,7.9841703E-1,-8.834949E-2,-2.15734E-2,5.0425327E-1,1E0,2.9986244E-1,6.024649E-1,2.0207215E-2,7.773361E-2,-9.510517E-3,-2.288437E-3,1.5672684E-3,6.132253E-3],"split_indices":[0,0,0,0,0,0,0,0,0,0,0,0,0,0,0],"split_type":[0,0,0,0,0,0,0,0,0,0,0,0,0,0,0],"sum_hessian":[9E0,2E0,7E0,1E0,1E0,5E0,2E0,2E0,3E0,1E0,1E0,1E0,1E0,1E0,2E0],"tree_param":{"num_deleted":"0","num_feature":"2","num_nodes":"15","size_leaf_vector":"1"}},{"base_weights":[-2.5036812E-2,-6.9617844E-1,2.297709E-1,-8.393202E-2,-2.0494748E-2,-3.7838619E-3,6.202901E-1,-7.472674E-2,5.0369263E-2,1.9196702E-2,7.384682E-2,-9.0350155E-3,-2.173996E-3,1.4888764E-3,5.7233176E-3],"categories":[],"categories_nodes":[],"categories_segments":[],"categories_sizes":[],"default_left":[0,0,0,0,0,0,0,0,0,0,0,0,0,0,0],"id":63,"left_children":[1,3,5,-1,-1,7,9,11,13,-1,-1,-1,-1,-1,-1],"loss_changes":[1.8700823E0,3.8930297E-2,7.320081E-1,0E0,0E0,2.6814602E-2,1.0093689E-2,5.192943E-4,1.22008845E-4,0E0,0E0,0E0,0E0,0E0,0E0],"parents":[2147483647,0,0,1,1,2,2,5,5,6,6,7,7,8,8],"right_children":[2,4,6,-1,-1,8,10,12,14,-1,-1,-1,-1,-1,-1],"split_conditions":[2.0174503E-1,1.0033356E-1,7.9841703E-1,-8.393202E-2,-2.0494748E-2,5.0425327E-1,1E0,2.9986244E-1,6.024649E-1,1.9196702E-2,7.384682E-2,-9.0350155E-3,-2.173996E-3,1.4888764E-3,5.7233176E-3],"split_indices":[0,0,0,0,0,0,0,0,0,0,0,0,0,0,0],"split_type":[0,0,0,0,0,0,0,0,0,0,0,0,0,0,0],"sum_hessian":[9E0,2E0,7E0,1E0,1E0,5E0,2E0,2E0,3E0,1E0,1E0,1E0,1E0,1E0,2E0],"tree_param":{"num_deleted":"0","num_feature":"2","num_nodes":"15","size_leaf_vector":"1"}},{"base_weights":[-2.4070442E-2,-6.613696E-1,2.1792555E-1,-7.973542E-2,-1.9470025E-2,-4.0709176E-3,5.892766E-1,-7.099024E-2,4.7136307E-2,1.8236924E-2,7.015457E-2,-8.58326E-3,-2.0652772E-3,1.4144898E-3,5.341848E-3],"categories":[],"categories_nodes":[],"categories_segments":[],"categories_sizes":[],"default_left":[0,0,0,0,0,0,0,0,0,0,0,0,0,0,0],"id":64,"left_children":[1,3,5,-1,-1,7,9,11,13,-1,-1,-1,-1,-1,-1],"loss_changes":[1.6863678E0,3.5134435E-2,6.6190785E-1,0E0,0E0,2.3906736E-2,9.109139E-3,4.6869833E-4,7.343199E-5,0E0,0E0,0E0,0E0,0E0,0E0],"parents":[2147483647,0,0,1,1,2,2,5,5,6,6,7,7,8,8],"right_children":[2,4,6,-1,-1,8,10,12,14,-1,-1,-1,-1,-1,-1],"split_conditions":[2.0174503E-1,1.0033356E-1,7.9841703E-1,-7.973542E-2,-1.9470025E-2,5.0425327E-1,1E0,2.9986244E-1,6.024649E-1,1.8236924E-2,7.015457E-2,-8.58326E-3,-2.0652772E-3,1.4144898E-3,5.341848E-3],"split_indices":[0,0,0,0,0,0,0,0,0,0,0,0,0,0,0],"split_type":[0,0,0,0,0,0,0,0,0,0,0,0,0,0,0],"sum_hessian":[9E0,2E0,7E0,1E0,1E0,5E0,2E0,2E0,3E0,1E0,1E0,1E0,1E0,1E0,2E0],"tree_param":{"num_deleted":"0","num_feature":"2","num_nodes":"15","size_leaf_vector":"1"}},{"base_weights":[-2.3133492E-2,-6.283011E-1,2.0669603E-1,-7.5748645E-2,-1.8496513E-2,-4.3125153E-3,5.5981445E-1,-6.744131E-2,4.4112206E-2,1.7325211E-2,6.6646956E-2,-8.154106E-3,-1.9620897E-3,1.3437271E-3,4.9858093E-3],"categories":[],"categories_nodes":[],"categories_segments":[],"categories_sizes":[],"default_left":[0,0,0,0,0,0,0,0,0,0,0,0,0,0,0],"id":65,"left_children":[1,3,5,-1,-1,7,9,11,13,-1,-1,-1,-1,-1,-1],"loss_changes":[1.5207212E0,3.1708956E-2,5.985023E-1,0E0,0E0,2.1316947E-2,8.219302E-3,4.2285956E-4,3.5062898E-5,0E0,0E0,0E0,0E0,0E0,0E0],"parents":[2147483647,0,0,1,1,2,2,5,5,6,6,7,7,8,8],"right_children":[2,4,6,-1,-1,8,10,12,14,-1,-1,-1,-1,-1,-1],"split_conditions":[2.0174503E-1,1.0033356E-1,7.9841703E-1,-7.5748645E-2,-1.8496513E-2,5.0425327E-1,1E0,2.9986244E-1,6.024649E-1,1.7325211E-2,6.6646956E-2,-8.154106E-3,-1.9620897E-3,1.3437271E-3,4.9858093E-3],"split_indices":[0,0,0,0,0,0,0,0,0,0,0,0,0,0,0],"split_type":[0,0,0,0,0,0,0,0,0,0,0,0,0,0,0],"sum_hessian":[9E0,2E0,7E0,1E0,1E0,5E0,2E0,2E0,3E0,1E0,1E0,1E0,1E0,1E0,2E0],"tree_param":{"num_deleted":"0","num_feature":"2","num_nodes":"15","size_leaf_vector":"1"}},{"base_weights":[-2.222662E-2,-5.96886E-1,1.9604897E-1,-7.196122E-2,-1.7571688E-2,-4.512469E-3,5.318222E-1,-6.406975E-2,4.1283607E-2,1.6458893E-2,6.331444E-2,-7.7464106E-3,-1.8640518E-3,1.2765884E-3,4.653422E-3],"categories":[],"categories_nodes":[],"categories_segments":[],"categories_sizes":[],"default_left":[0,0,0,0,0,0,0,0,0,0,0,0,0,0,0],"id":66,"left_children":[1,3,5,-1,-1,7,9,11,13,-1,-1,-1,-1,-1,-1],"loss_changes":[1.3713601E0,2.8617263E-2,5.411451E-1,0E0,0E0,1.9009968E-2,7.418096E-3,3.8151536E-4,4.891306E-6,0E0,0E0,0E0,0E0,0E0,0E0],"parents":[2147483647,0,0,1,1,2,2,5,5,6,6,7,7,8,8],"right_children":[2,4,6,-1,-1,8,10,12,14,-1,-1,-1,-1,-1,-1],"split_conditions":[2.0174503E-1,1.0033356E-1,7.9841703E-1,-7.196122E-2,-1.7571688E-2,5.0425327E-1,1E0,2.9986244E-1,6.024649E-1,1.6458893E-2,6.331444E-2,-7.7464106E-3,-1.8640518E-3,1.2765884E-3,4.653422E-3],"split_indices":[0,0,0,0,0,0,0,0,0,0,0,0,0,0,0],"split_type":[0,0,0,0,0,0,0,0,0,0,0,0,0,0,0],"sum_hessian":[9E0,2E0,7E0,1E0,1E0,5E0,2E0,2E0,3E0,1E0,1E0,1E0,1E0,1E0,2E0],"tree_param":{"num_deleted":"0","num_feature":"2","num_nodes":"15","size_leaf_vector":"1"}},{"base_weights":[-2.1348119E-2,-5.670418E-1,1.8595552E-1,-6.836315E-2,-1.6693115E-2,-4.6749115E-3,5.052312E-1,-6.086604E-2,3.8637163E-3,1.5636062E-2,6.0148623E-2,-7.3591233E-3,-1.7707825E-3],"categories":[],"categories_nodes":[],"categories_segments":[],"categories_sizes":[],"default_left":[0,0,0,0,0,0,0,0,0,0,0,0,0],"id":67,"left_children":[1,3,5,-1,-1,7,9,11,-1,-1,-1,-1,-1],"loss_changes":[1.2366874E0,2.582699E-2,4.8927122E-1,0E0,0E0,1.6954215E-2,6.6928267E-3,3.4444965E-4,0E0,0E0,0E0,0E0,0E0],"parents":[2147483647,0,0,1,1,2,2,5,5,6,6,7,7],"right_children":[2,4,6,-1,-1,8,10,12,-1,-1,-1,-1,-1],"split_conditions":[2.0174503E-1,1.0033356E-1,7.9841703E-1,-6.836315E-2,-1.6693115E-2,5.0425327E-1,1E0,2.9986244E-1,3.8637163E-3,1.5636062E-2,6.0148623E-2,-7.3591233E-3,-1.7707825E-3],"split_indices":[0,0,0,0,0,0,0,0,0,0,0,0,0],"split_type":[0,0,0,0,0,0,0,0,0,0,0,0,0],"sum_hessian":[9E0,2E0,7E0,1E0,1E0,5E0,2E0,2E0,3E0,1E0,1E0,1E0,1E0],"tree_param":{"num_deleted":"0","num_feature":"2","num_nodes":"13","size_leaf_vector":"1"}},{"base_weights":[-2.0667195E-2,-5.386897E-1,1.7617464E-1,-6.4945E-2,-1.585846E-2,-5.085627E-3,4.799703E-1,-5.782318E-2,3.5738945E-2,1.4854431E-2,5.7141114E-2,-6.991196E-3,-1.6822815E-3,1.0194778E-3,4.085541E-3],"categories":[],"categories_nodes":[],"categories_segments":[],"categories_sizes":[],"default_left":[0,0,0,0,0,0,0,0,0,0,0,0,0,0,0],"id":68,"left_children":[1,3,5,-1,-1,7,9,11,13,-1,-1,-1,-1,-1,-1],"loss_changes":[1.1145884E0,2.3308873E-2,4.4296962E-1,0E0,0E0,1.4984469E-2,6.037712E-3,3.108168E-4,1.0627089E-4,0E0,0E0,0E0,0E0,0E0,0E0],"parents":[2147483647,0,0,1,1,2,2,5,5,6,6,7,7,8,8],"right_children":[2,4,6,-1,-1,8,10,12,14,-1,-1,-1,-1,-1,-1],"split_conditions":[2.0174503E-1,1.0033356E-1,7.9841703E-1,-6.4945E-2,-1.585846E-2,5.0425327E-1,1E0,2.9986244E-1,6.024649E-1,1.4854431E-2,5.7141114E-2,-6.991196E-3,-1.6822815E-3,1.0194778E-3,4.085541E-3],"split_indices":[0,0,0,0,0,0,0,0,0,0,0,0,0,0,0],"split_type":[0,0,0,0,0,0,0,0,0,0,0,0,0,0,0],"sum_hessian":[9E0,2E0,7E0,1E0,1E0,5E0,2E0,2E0,3E0,1E0,1E0,1E0,1E0,1E0,2E0],"tree_param":{"num_deleted":"0","num_feature":"2","num_nodes":"15","size_leaf_vector":"1"}},{"base_weights":[-1.9838382E-2,-5.1175517E-1,1.671102E-1,-6.1697748E-2,-1.50655275E-2,-5.171776E-3,4.5597076E-1,-5.4932278E-2,3.3441544E-2,1.411171E-2,5.4283906E-2,-6.6416743E-3,-1.5981675E-3,9.6855167E-4,3.8131715E-3],"categories":[],"categories_nodes":[],"categories_segments":[],"categories_sizes":[],"default_left":[0,0,0,0,0,0,0,0,0,0,0,0,0,0,0],"id":69,"left_children":[1,3,5,-1,-1,7,9,11,13,-1,-1,-1,-1,-1,-1],"loss_changes":[1.005151E0,2.1036386E-2,4.0048188E-1,0E0,0E0,1.3365529E-2,5.44858E-3,2.8052926E-4,7.6354016E-5,0E0,0E0,0E0,0E0,0E0,0E0],"parents":[2147483647,0,0,1,1,2,2,5,5,6,6,7,7,8,8],"right_children":[2,4,6,-1,-1,8,10,12,14,-1,-1,-1,-1,-1,-1],"split_conditions":[2.0174503E-1,1.0033356E-1,7.9841703E-1,-6.1697748E-2,-1.50655275E-2,5.0425327E-1,1E0,2.9986244E-1,6.024649E-1,1.411171E-2,5.4283906E-2,-6.6416743E-3,-1.5981675E-3,9.6855167E-4,3.8131715E-3],"split_indices":[0,0,0,0,0,0,0,0,0,0,0,0,0,0,0],"split_type":[0,0,0,0,0,0,0,0,0,0,0,0,0,0,0],"sum_hessian":[9E0,2E0,7E0,1E0,1E0,5E0,2E0,2E0,3E0,1E0,1E0,1E0,1E0,1E0,2E0],"tree_param":{"num_deleted":"0","num_feature":"2","num_nodes":"15","size_leaf_vector":"1"}},{"base_weights":[-1.90377E-2,-4.8616752E-1,1.5851569E-1,-5.861286E-2,-1.4312267E-2,-5.2315393E-3,4.331716E-1,-5.2185696E-2,3.129196E-2,1.3405991E-2,5.156975E-2,-6.3096047E-3,-1.5182495E-3,9.2010497E-4,3.558858E-3],"categories":[],"categories_nodes":[],"categories_segments":[],"categories_sizes":[],"default_left":[0,0,0,0,0,0,0,0,0,0,0,0,0,0,0],"id":70,"left_children":[1,3,5,-1,-1,7,9,11,13,-1,-1,-1,-1,-1,-1],"loss_changes":[9.0647006E-1,1.8985033E-2,3.620593E-1,0E0,0E0,1.1922575E-2,4.9189925E-3,2.5319867E-4,5.2212738E-5,0E0,0E0,0E0,0E0,0E0,0E0],"parents":[2147483647,0,0,1,1,2,2,5,5,6,6,7,7,8,8],"right_children":[2,4,6,-1,-1,8,10,12,14,-1,-1,-1,-1,-1,-1],"split_conditions":[2.0174503E-1,1.0033356E-1,7.9841703E-1,-5.861286E-2,-1.4312267E-2,5.0425327E-1,1E0,2.9986244E-1,6.024649E-1,1.3405991E-2,5.156975E-2,-6.3096047E-3,-1.5182495E-3,9.2010497E-4,3.558858E-3],"split_indices":[0,0,0,0,0,0,0,0,0,0,0,0,0,0,0],"split_type":[0,0,0,0,0,0,0,0,0,0,0,0,0,0,0],"sum_hessian":[9E0,2E0,7E0,1E0,1E0,5E0,2E0,2E0,3E0,1E0,1E0,1E0,1E0,1E0,2E0],"tree_param":{"num_deleted":"0","num_feature":"2","num_nodes":"15","size_leaf_vector":"1"}},{"base_weights":[-1.8263316E-2,-4.61859E-1,1.5036798E-1,-5.568222E-2,-1.3596631E-2,-5.2665076E-3,4.1151428E-1,-4.9576443E-2,2.928257E-2,1.2735749E-2,4.8991393E-2,-5.9941295E-3,-1.4423371E-3,8.741379E-4,3.321584E-3],"categories":[],"categories_nodes":[],"categories_segments":[],"categories_sizes":[],"default_left":[0,0,0,0,0,0,0,0,0,0,0,0,0,0,0],"id":71,"left_children":[1,3,5,-1,-1,7,9,11,13,-1,-1,-1,-1,-1,-1],"loss_changes":[8.174899E-1,1.7134368E-2,3.273142E-1,0E0,0E0,1.063693E-2,4.439175E-3,2.285135E-4,3.2824E-5,0E0,0E0,0E0,0E0,0E0,0E0],"parents":[2147483647,0,0,1,1,2,2,5,5,6,6,7,7,8,8],"right_children":[2,4,6,-1,-1,8,10,12,14,-1,-1,-1,-1,-1,-1],"split_conditions":[2.0174503E-1,1.0033356E-1,7.9841703E-1,-5.568222E-2,-1.3596631E-2,5.0425327E-1,1E0,2.9986244E-1,6.024649E-1,1.2735749E-2,4.8991393E-2,-5.9941295E-3,-1.4423371E-3,8.741379E-4,3.321584E-3],"split_indices":[0,0,0,0,0,0,0,0,0,0,0,0,0,0,0],"split_type":[0,0,0,0,0,0,0,0,0,0,0,0,0,0,0],"sum_hessian":[9E0,2E0,7E0,1E0,1E0,5E0,2E0,2E0,3E0,1E0,1E0,1E0,1E0,1E0,2E0],"tree_param":{"num_deleted":"0","num_feature":"2","num_nodes":"15","size_leaf_vector":"1"}},{"base_weights":[-1.7515827E-2,-4.387661E-1,1.426425E-1,-5.289811E-2,-1.2916803E-2,-5.2801766E-3,3.9094034E-1,-4.7097523E-2,2.7402878E-2,1.2099075E-2,4.6541978E-2,-5.6943893E-3,-1.3702393E-3,1.2658437E-3,3.58181E-3],"categories":[],"categories_nodes":[],"categories_segments":[],"categories_sizes":[],"default_left":[0,0,0,0,0,0,0,0,0,0,0,0,0,0,0],"id":72,"left_children":[1,3,5,-1,-1,7,9,11,13,-1,-1,-1,-1,-1,-1],"loss_changes":[7.37254E-1,1.546371E-2,2.9589534E-1,0E0,0E0,9.490919E-3,4.0055513E-3,2.0619482E-4,4.2909756E-5,0E0,0E0,0E0,0E0,0E0,0E0],"parents":[2147483647,0,0,1,1,2,2,5,5,6,6,7,7,8,8],"right_children":[2,4,6,-1,-1,8,10,12,14,-1,-1,-1,-1,-1,-1],"split_conditions":[2.0174503E-1,1.0033356E-1,7.9841703E-1,-5.289811E-2,-1.2916803E-2,5.0425327E-1,1E0,2.9986244E-1,6.975671E-1,1.2099075E-2,4.6541978E-2,-5.6943893E-3,-1.3702393E-3,1.2658437E-3,3.58181E-3],"split_indices":[0,0,0,0,0,0,0,0,0,0,0,0,0,0,0],"split_type":[0,0,0,0,0,0,0,0,0,0,0,0,0,0,0],"sum_hessian":[9E0,2E0,7E0,1E0,1E0,5E0,2E0,2E0,3E0,1E0,1E0,1E0,1E0,2E0,1E0],"tree_param":{"num_deleted":"0","num_feature":"2","num_nodes":"15","size_leaf_vector":"1"}},{"base_weights":[-1.6703319E-2,-4.1682783E-1,1.3543129E-1,-5.02532E-2,-1.2270975E-2,-5.1218667E-3,3.7139383E-1,-4.4742584E-2,2.5874138E-2,1.1494065E-2,4.4215012E-2,-5.409622E-3,-1.3017654E-3,1.1814118E-3,3.40271E-3],"categories":[],"categories_nodes":[],"categories_segments":[],"categories_sizes":[],"default_left":[0,0,0,0,0,0,0,0,0,0,0,0,0,0,0],"id":73,"left_children":[1,3,5,-1,-1,7,9,11,13,-1,-1,-1,-1,-1,-1],"loss_changes":[6.6517943E-1,1.39558315E-2,2.672245E-1,0E0,0E0,8.52618E-3,3.6160052E-3,1.860247E-4,5.652313E-5,0E0,0E0,0E0,0E0,0E0,0E0],"parents":[2147483647,0,0,1,1,2,2,5,5,6,6,7,7,8,8],"right_children":[2,4,6,-1,-1,8,10,12,14,-1,-1,-1,-1,-1,-1],"split_conditions":[2.0174503E-1,1.0033356E-1,7.9841703E-1,-5.02532E-2,-1.2270975E-2,5.0425327E-1,1E0,2.9986244E-1,6.975671E-1,1.1494065E-2,4.4215012E-2,-5.409622E-3,-1.3017654E-3,1.1814118E-3,3.40271E-3],"split_indices":[0,0,0,0,0,0,0,0,0,0,0,0,0,0,0],"split_type":[0,0,0,0,0,0,0,0,0,0,0,0,0,0,0],"sum_hessian":[9E0,2E0,7E0,1E0,1E0,5E0,2E0,2E0,3E0,1E0,1E0,1E0,1E0,2E0,1E0],"tree_param":{"num_deleted":"0","num_feature":"2","num_nodes":"15","size_leaf_vector":"1"}},{"base_weights":[-1.5927667E-2,-3.9598647E-1,1.2858534E-1,-4.774054E-2,-1.1657429E-2,-4.9648285E-3,3.5282388E-1,-4.25059E-2,2.4432182E-2,1.091919E-2,4.2004395E-2,-5.1391604E-3,-1.2367249E-3,1.1025746E-3,3.2325746E-3],"categories":[],"categories_nodes":[],"categories_segments":[],"categories_sizes":[],"default_left":[0,0,0,0,0,0,0,0,0,0,0,0,0,0,0],"id":74,"left_children":[1,3,5,-1,-1,7,9,11,13,-1,-1,-1,-1,-1,-1],"loss_changes":[6.0015243E-1,1.2595117E-2,2.413285E-1,0E0,0E0,7.6600835E-3,3.2654703E-3,1.6783644E-4,6.6882465E-5,0E0,0E0,0E0,0E0,0E0,0E0],"parents":[2147483647,0,0,1,1,2,2,5,5,6,6,7,7,8,8],"right_children":[2,4,6,-1,-1,8,10,12,14,-1,-1,-1,-1,-1,-1],"split_conditions":[2.0174503E-1,1.0033356E-1,7.9841703E-1,-4.774054E-2,-1.1657429E-2,5.0425327E-1,1E0,2.9986244E-1,6.975671E-1,1.091919E-2,4.2004395E-2,-5.1391604E-3,-1.2367249E-3,1.1025746E-3,3.2325746E-3],"split_indices":[0,0,0,0,0,0,0,0,0,0,0,0,0,0,0],"split_type":[0,0,0,0,0,0,0,0,0,0,0,0,0,0,0],"sum_hessian":[9E0,2E0,7E0,1E0,1E0,5E0,2E0,2E0,3E0,1E0,1E0,1E0,1E0,2E0,1E0],"tree_param":{"num_deleted":"0","num_feature":"2","num_nodes":"15","size_leaf_vector":"1"}},{"base_weights":[-1.5186513E-2,-3.7618706E-1,1.22087E-1,-4.5353513E-2,-1.1074543E-2,-4.808426E-3,3.351822E-1,-4.0381115E-2,2.3073196E-2,1.0373306E-2,3.9904024E-2,-4.88224E-3,-1.1749268E-3,1.0290783E-3,3.071022E-3],"categories":[],"categories_nodes":[],"categories_segments":[],"categories_sizes":[],"default_left":[0,0,0,0,0,0,0,0,0,0,0,0,0,0,0],"id":75,"left_children":[1,3,5,-1,-1,7,9,11,13,-1,-1,-1,-1,-1,-1],"loss_changes":[5.4148567E-1,1.1367261E-2,2.1793813E-1,0E0,0E0,6.882667E-3,2.9459894E-3,1.5144143E-4,7.44462E-5,0E0,0E0,0E0,0E0,0E0,0E0],"parents":[2147483647,0,0,1,1,2,2,5,5,6,6,7,7,8,8],"right_children":[2,4,6,-1,-1,8,10,12,14,-1,-1,-1,-1,-1,-1],"split_conditions":[2.0174503E-1,1.0033356E-1,7.9841703E-1,-4.5353513E-2,-1.1074543E-2,5.0425327E-1,1E0,2.9986244E-1,6.975671E-1,1.0373306E-2,3.9904024E-2,-4.88224E-3,-1.1749268E-3,1.0290783E-3,3.071022E-3],"split_indices":[0,0,0,0,0,0,0,0,0,0,0,0,0,0,0],"split_type":[0,0,0,0,0,0,0,0,0,0,0,0,0,0,0],"sum_hessian":[9E0,2E0,7E0,1E0,1E0,5E0,2E0,2E0,3E0,1E0,1E0,1E0,1E0,2E0,1E0],"tree_param":{"num_deleted":"0","num_feature":"2","num_nodes":"15","size_leaf_vector":"1"}},{"base_weights":[-1.4478827E-2,-3.5737786E-1,1.1591816E-1,-4.308584E-2,-1.052084E-2,-4.6539307E-3,3.1842294E-1,-3.8361866E-2,2.1790504E-2,9.854508E-3,3.7908938E-2,-4.6380996E-3,-1.1161804E-3,9.6041366E-4,2.9174804E-3],"categories":[],"categories_nodes":[],"categories_segments":[],"categories_sizes":[],"default_left":[0,0,0,0,0,0,0,0,0,0,0,0,0,0,0],"id":76,"left_children":[1,3,5,-1,-1,7,9,11,13,-1,-1,-1,-1,-1,-1],"loss_changes":[4.8855656E-1,1.0258704E-2,1.9681333E-1,0E0,0E0,6.1842487E-3,2.660215E-3,1.3666647E-4,7.975241E-5,0E0,0E0,0E0,0E0,0E0,0E0],"parents":[2147483647,0,0,1,1,2,2,5,5,6,6,7,7,8,8],"right_children":[2,4,6,-1,-1,8,10,12,14,-1,-1,-1,-1,-1,-1],"split_conditions":[2.0174503E-1,1.0033356E-1,7.9841703E-1,-4.308584E-2,-1.052084E-2,5.0425327E-1,1E0,2.9986244E-1,6.975671E-1,9.854508E-3,3.7908938E-2,-4.6380996E-3,-1.1161804E-3,9.6041366E-4,2.9174804E-3],"split_indices":[0,0,0,0,0,0,0,0,0,0,0,0,0,0,0],"split_type":[0,0,0,0,0,0,0,0,0,0,0,0,0,0,0],"sum_hessian":[9E0,2E0,7E0,1E0,1E0,5E0,2E0,2E0,3E0,1E0,1E0,1E0,1E0,2E0,1E0],"tree_param":{"num_deleted":"0","num_feature":"2","num_nodes":"15","size_leaf_vector":"1"}},{"base_weights":[-1.3803363E-2,-3.3950892E-1,1.10061646E-1,-4.093155E-2,-9.994793E-3,-4.501343E-3,3.025004E-1,-3.6443073E-2,2.0580292E-2,9.361649E-3,3.6013413E-2,-4.4061663E-3,-1.0602952E-3,8.9632673E-4,2.7715683E-3],"categories":[],"categories_nodes":[],"categories_segments":[],"categories_sizes":[],"default_left":[0,0,0,0,0,0,0,0,0,0,0,0,0,0,0],"id":77,"left_children":[1,3,5,-1,-1,7,9,11,13,-1,-1,-1,-1,-1,-1],"loss_changes":[4.4080216E-1,9.2585385E-3,1.7773251E-1,0E0,0E0,5.556914E-3,2.401799E-3,1.2341188E-4,8.31451E-5,0E0,0E0,0E0,0E0,0E0,0E0],"parents":[2147483647,0,0,1,1,2,2,5,5,6,6,7,7,8,8],"right_children":[2,4,6,-1,-1,8,10,12,14,-1,-1,-1,-1,-1,-1],"split_conditions":[2.0174503E-1,1.0033356E-1,7.9841703E-1,-4.093155E-2,-9.994793E-3,5.0425327E-1,1E0,2.9986244E-1,6.975671E-1,9.361649E-3,3.6013413E-2,-4.4061663E-3,-1.0602952E-3,8.9632673E-4,2.7715683E-3],"split_indices":[0,0,0,0,0,0,0,0,0,0,0,0,0,0,0],"split_type":[0,0,0,0,0,0,0,0,0,0,0,0,0,0,0],"sum_hessian":[9E0,2E0,7E0,1E0,1E0,5E0,2E0,2E0,3E0,1E0,1E0,1E0,1E0,2E0,1E0],"tree_param":{"num_deleted":"0","num_feature":"2","num_nodes":"15","size_leaf_vector":"1"}},{"base_weights":[-1.3157934E-2,-3.2253358E-1,1.0450268E-1,-3.888497E-2,-9.495067E-3,-4.351298E-3,2.873764E-1,-3.4620922E-2,1.9438744E-2,8.893586E-3,3.4212876E-2,-4.1858675E-3,-1.0072709E-3,8.365631E-4,2.632904E-3],"categories":[],"categories_nodes":[],"categories_segments":[],"categories_sizes":[],"default_left":[0,0,0,0,0,0,0,0,0,0,0,0,0,0,0],"id":78,"left_children":[1,3,5,-1,-1,7,9,11,13,-1,-1,-1,-1,-1,-1],"loss_changes":[3.9771894E-1,8.355707E-3,1.6050272E-1,0E0,0E0,4.993681E-3,2.1677613E-3,1.11391535E-4,8.492905E-5,0E0,0E0,0E0,0E0,0E0,0E0],"parents":[2147483647,0,0,1,1,2,2,5,5,6,6,7,7,8,8],"right_children":[2,4,6,-1,-1,8,10,12,14,-1,-1,-1,-1,-1,-1],"split_conditions":[2.0174503E-1,1.0033356E-1,7.9841703E-1,-3.888497E-2,-9.495067E-3,5.0425327E-1,1E0,2.9986244E-1,6.975671E-1,8.893586E-3,3.4212876E-2,-4.1858675E-3,-1.0072709E-3,8.365631E-4,2.632904E-3],"split_indices":[0,0,0,0,0,0,0,0,0,0,0,0,0,0,0],"split_type":[0,0,0,0,0,0,0,0,0,0,0,0,0,0,0],"sum_hessian":[9E0,2E0,7E0,1E0,1E0,5E0,2E0,2E0,3E0,1E0,1E0,1E0,1E0,2E0,1E0],"tree_param":{"num_deleted":"0","num_feature":"2","num_nodes":"15","size_leaf_vector":"1"}},{"base_weights":[-1.2541491E-2,-3.06407E-1,9.922576E-2,-3.694072E-2,-9.0203285E-3,-4.2028427E-3,2.7300772E-1,-3.2889683E-2,1.8362999E-2,8.448792E-3,3.2502364E-2,-3.976536E-3,-9.5691683E-4,7.808685E-4,2.501297E-3],"categories":[],"categories_nodes":[],"categories_segments":[],"categories_sizes":[],"default_left":[0,0,0,0,0,0,0,0,0,0,0,0,0,0,0],"id":79,"left_children":[1,3,5,-1,-1,7,9,11,13,-1,-1,-1,-1,-1,-1],"loss_changes":[3.588489E-1,7.5408816E-3,1.449396E-1,0E0,0E0,4.4880095E-3,1.9575357E-3,1.00511825E-4,8.542498E-5,0E0,0E0,0E0,0E0,0E0,0E0],"parents":[2147483647,0,0,1,1,2,2,5,5,6,6,7,7,8,8],"right_children":[2,4,6,-1,-1,8,10,12,14,-1,-1,-1,-1,-1,-1],"split_conditions":[2.0174503E-1,1.0033356E-1,7.9841703E-1,-3.694072E-2,-9.0203285E-3,5.0425327E-1,1E0,2.9986244E-1,6.975671E-1,8.448792E-3,3.2502364E-2,-3.976536E-3,-9.5691683E-4,7.808685E-4,2.501297E-3],"split_indices":[0,0,0,0,0,0,0,0,0,0,0,0,0,0,0],"split_type":[0,0,0,0,0,0,0,0,0,0,0,0,0,0,0],"sum_hessian":[9E0,2E0,7E0,1E0,1E0,5E0,2E0,2E0,3E0,1E0,1E0,1E0,1E0,2E0,1E0],"tree_param":{"num_deleted":"0","num_feature":"2","num_nodes":"15","size_leaf_vector":"1"}},{"base_weights":[-1.1953348E-2,-2.9108682E-1,9.421587E-2,-3.5093687E-2,-8.5693365E-3,-4.0582023E-3,2.5935873E-1,-3.1244913E-2,1.7346382E-2,8.026505E-3,3.0877305E-2,-3.7776947E-3,-9.0904237E-4,7.2873436E-4,2.376175E-3],"categories":[],"categories_nodes":[],"categories_segments":[],"categories_sizes":[],"default_left":[0,0,0,0,0,0,0,0,0,0,0,0,0,0,0],"id":80,"left_children":[1,3,5,-1,-1,7,9,11,13,-1,-1,-1,-1,-1,-1],"loss_changes":[3.237788E-1,6.8054795E-3,1.3088661E-1,0E0,0E0,4.033508E-3,1.7656982E-3,9.073317E-5,8.496968E-5,0E0,0E0,0E0,0E0,0E0,0E0],"parents":[2147483647,0,0,1,1,2,2,5,5,6,6,7,7,8,8],"right_children":[2,4,6,-1,-1,8,10,12,14,-1,-1,-1,-1,-1,-1],"split_conditions":[2.0174503E-1,1.0033356E-1,7.9841703E-1,-3.5093687E-2,-8.5693365E-3,5.0425327E-1,1E0,2.9986244E-1,6.975671E-1,8.026505E-3,3.0877305E-2,-3.7776947E-3,-9.0904237E-4,7.2873436E-4,2.376175E-3],"split_indices":[0,0,0,0,0,0,0,0,0,0,0,0,0,0,0],"split_type":[0,0,0,0,0,0,0,0,0,0,0,0,0,0,0],"sum_hessian":[9E0,2E0,7E0,1E0,1E0,5E0,2E0,2E0,3E0,1E0,1E0,1E0,1E0,2E0,1E0],"tree_param":{"num_deleted":"0","num_feature":"2","num_nodes":"15","size_leaf_vector":"1"}},{"base_weights":[-1.139198E-2,-2.7653235E-1,8.945966E-2,-3.3339005E-2,-8.14085E-3,-3.916105E-3,2.463913E-1,-2.9682795E-2,1.638794E-2,7.6251985E-3,2.9333496E-2,-3.588772E-3,-8.636475E-4,6.8016053E-4,2.257347E-3],"categories":[],"categories_nodes":[],"categories_segments":[],"categories_sizes":[],"default_left":[0,0,0,0,0,0,0,0,0,0,0,0,0,0,0],"id":81,"left_children":[1,3,5,-1,-1,7,9,11,13,-1,-1,-1,-1,-1,-1],"loss_changes":[2.921369E-1,6.14208E-3,1.18193775E-1,0E0,0E0,3.6254479E-3,1.5935302E-3,8.182903E-5,8.365046E-5,0E0,0E0,0E0,0E0,0E0,0E0],"parents":[2147483647,0,0,1,1,2,2,5,5,6,6,7,7,8,8],"right_children":[2,4,6,-1,-1,8,10,12,14,-1,-1,-1,-1,-1,-1],"split_conditions":[2.0174503E-1,1.0033356E-1,7.9841703E-1,-3.3339005E-2,-8.14085E-3,5.0425327E-1,1E0,2.9986244E-1,6.975671E-1,7.6251985E-3,2.9333496E-2,-3.588772E-3,-8.636475E-4,6.8016053E-4,2.257347E-3],"split_indices":[0,0,0,0,0,0,0,0,0,0,0,0,0,0,0],"split_type":[0,0,0,0,0,0,0,0,0,0,0,0,0,0,0],"sum_hessian":[9E0,2E0,7E0,1E0,1E0,5E0,2E0,2E0,3E0,1E0,1E0,1E0,1E0,2E0,1E0],"tree_param":{"num_deleted":"0","num_feature":"2","num_nodes":"15","size_leaf_vector":"1"}},{"base_weights":[-1.0856157E-2,-2.6270583E-1,8.494449E-2,-3.1672053E-2,-7.733822E-3,-3.776868E-3,2.3407237E-1,-2.8198877E-2,1.5483856E-2,7.24411E-3,2.7866745E-2,-3.4092905E-3,-8.205414E-4,6.348928E-4,2.1444322E-3],"categories":[],"categories_nodes":[],"categories_segments":[],"categories_sizes":[],"default_left":[0,0,0,0,0,0,0,0,0,0,0,0,0,0,0],"id":82,"left_children":[1,3,5,-1,-1,7,9,11,13,-1,-1,-1,-1,-1,-1],"loss_changes":[2.6358902E-1,5.5431128E-3,1.0673069E-1,0E0,0E0,3.258941E-3,1.4368892E-3,7.377961E-5,8.164527E-5,0E0,0E0,0E0,0E0,0E0,0E0],"parents":[2147483647,0,0,1,1,2,2,5,5,6,6,7,7,8,8],"right_children":[2,4,6,-1,-1,8,10,12,14,-1,-1,-1,-1,-1,-1],"split_conditions":[2.0174503E-1,1.0033356E-1,7.9841703E-1,-3.1672053E-2,-7.733822E-3,5.0425327E-1,1E0,2.9986244E-1,6.975671E-1,7.24411E-3,2.7866745E-2,-3.4092905E-3,-8.205414E-4,6.348928E-4,2.1444322E-3],"split_indices":[0,0,0,0,0,0,0,0,0,0,0,0,0,0,0],"split_type":[0,0,0,0,0,0,0,0,0,0,0,0,0,0,0],"sum_hessian":[9E0,2E0,7E0,1E0,1E0,5E0,2E0,2E0,3E0,1E0,1E0,1E0,1E0,2E0,1E0],"tree_param":{"num_deleted":"0","num_feature":"2","num_nodes":"15","size_leaf_vector":"1"}},{"base_weights":[-1.03455065E-2,-2.4957037E-1,8.0657005E-2,-3.0088449E-2,-7.347107E-3,-3.6404927E-3,2.2236633E-1,-2.6789347E-2,1.4631271E-2,6.881714E-3,2.6473237E-2,-3.2388687E-3,-7.795334E-4,5.926768E-4,2.037239E-3],"categories":[],"categories_nodes":[],"categories_segments":[],"categories_sizes":[],"default_left":[0,0,0,0,0,0,0,0,0,0,0,0,0,0,0],"id":83,"left_children":[1,3,5,-1,-1,7,9,11,13,-1,-1,-1,-1,-1,-1],"loss_changes":[2.3783024E-1,5.0028414E-3,9.637545E-2,0E0,0E0,2.9297846E-3,1.2976825E-3,6.6581415E-5,7.915194E-5,0E0,0E0,0E0,0E0,0E0,0E0],"parents":[2147483647,0,0,1,1,2,2,5,5,6,6,7,7,8,8],"right_children":[2,4,6,-1,-1,8,10,12,14,-1,-1,-1,-1,-1,-1],"split_conditions":[2.0174503E-1,1.0033356E-1,7.9841703E-1,-3.0088449E-2,-7.347107E-3,5.0425327E-1,1E0,2.9986244E-1,6.975671E-1,6.881714E-3,2.6473237E-2,-3.2388687E-3,-7.795334E-4,5.926768E-4,2.037239E-3],"split_indices":[0,0,0,0,0,0,0,0,0,0,0,0,0,0,0],"split_type":[0,0,0,0,0,0,0,0,0,0,0,0,0,0,0],"sum_hessian":[9E0,2E0,7E0,1E0,1E0,5E0,2E0,2E0,3E0,1E0,1E0,1E0,1E0,2E0,1E0],"tree_param":{"num_deleted":"0","num_feature":"2","num_nodes":"15","size_leaf_vector":"1"}},{"base_weights":[-9.857798E-3,-2.3709185E-1,7.65872E-2,-2.8584028E-2,-6.979752E-3,-3.5076141E-3,2.1124776E-1,-2.5450388E-2,1.382637E-2,6.5376284E-3,2.5149537E-2,-3.076935E-3,-7.406235E-4,5.532583E-4,1.9353867E-3],"categories":[],"categories_nodes":[],"categories_segments":[],"categories_sizes":[],"default_left":[0,0,0,0,0,0,0,0,0,0,0,0,0,0,0],"id":84,"left_children":[1,3,5,-1,-1,7,9,11,13,-1,-1,-1,-1,-1,-1],"loss_changes":[2.1459067E-1,4.5150667E-3,8.702587E-2,0E0,0E0,2.6340208E-3,1.1710972E-3,6.0043298E-5,7.629866E-5,0E0,0E0,0E0,0E0,0E0,0E0],"parents":[2147483647,0,0,1,1,2,2,5,5,6,6,7,7,8,8],"right_children":[2,4,6,-1,-1,8,10,12,14,-1,-1,-1,-1,-1,-1],"split_conditions":[2.0174503E-1,1.0033356E-1,7.9841703E-1,-2.8584028E-2,-6.979752E-3,5.0425327E-1,1E0,2.9986244E-1,6.975671E-1,6.5376284E-3,2.5149537E-2,-3.076935E-3,-7.406235E-4,5.532583E-4,1.9353867E-3],"split_indices":[0,0,0,0,0,0,0,0,0,0,0,0,0,0,0],"split_type":[0,0,0,0,0,0,0,0,0,0,0,0,0,0,0],"sum_hessian":[9E0,2E0,7E0,1E0,1E0,5E0,2E0,2E0,3E0,1E0,1E0,1E0,1E0,2E0,1E0],"tree_param":{"num_deleted":"0","num_feature":"2","num_nodes":"15","size_leaf_vector":"1"}},{"base_weights":[-9.3922615E-3,-2.252372E-1,7.272363E-2,-2.7154827E-2,-6.6307546E-3,-3.3782322E-3,2.0068614E-1,-2.4178186E-2,1.3066292E-2,6.2107085E-3,2.3892213E-2,-2.9231072E-3,-7.036209E-4,5.1638286E-4,1.8386841E-3],"categories":[],"categories_nodes":[],"categories_segments":[],"categories_sizes":[],"default_left":[0,0,0,0,0,0,0,0,0,0,0,0,0,0,0],"id":85,"left_children":[1,3,5,-1,-1,7,9,11,13,-1,-1,-1,-1,-1,-1],"loss_changes":[1.9362307E-1,4.0749013E-3,7.858345E-2,0E0,0E0,2.3681913E-3,1.0573566E-3,5.4173404E-5,7.323525E-5,0E0,0E0,0E0,0E0,0E0,0E0],"parents":[2147483647,0,0,1,1,2,2,5,5,6,6,7,7,8,8],"right_children":[2,4,6,-1,-1,8,10,12,14,-1,-1,-1,-1,-1,-1],"split_conditions":[2.0174503E-1,1.0033356E-1,7.9841703E-1,-2.7154827E-2,-6.6307546E-3,5.0425327E-1,1E0,2.9986244E-1,6.975671E-1,6.2107085E-3,2.3892213E-2,-2.9231072E-3,-7.036209E-4,5.1638286E-4,1.8386841E-3],"split_indices":[0,0,0,0,0,0,0,0,0,0,0,0,0,0,0],"split_type":[0,0,0,0,0,0,0,0,0,0,0,0,0,0,0],"sum_hessian":[9E0,2E0,7E0,1E0,1E0,5E0,2E0,2E0,3E0,1E0,1E0,1E0,1E0,2E0,1E0],"tree_param":{"num_deleted":"0","num_feature":"2","num_nodes":"15","size_leaf_vector":"1"}},{"base_weights":[-8.948529E-3,-2.1397531E-1,6.905508E-2,-2.5797088E-2,-6.29921E-3,-3.2520294E-3,1.9065094E-1,-2.2969564E-2,1.2349129E-2,5.9001925E-3,2.2697449E-2,-2.776909E-3,-6.685257E-4,4.8205056E-4,1.7467499E-3],"categories":[],"categories_nodes":[],"categories_segments":[],"categories_sizes":[],"default_left":[0,0,0,0,0,0,0,0,0,0,0,0,0,0,0],"id":86,"left_children":[1,3,5,-1,-1,7,9,11,13,-1,-1,-1,-1,-1,-1],"loss_changes":[1.7470437E-1,3.6776513E-3,7.095796E-2,0E0,0E0,2.1293522E-3,9.5395744E-4,4.8827264E-5,6.9934875E-5,0E0,0E0,0E0,0E0,0E0,0E0],"parents":[2147483647,0,0,1,1,2,2,5,5,6,6,7,7,8,8],"right_children":[2,4,6,-1,-1,8,10,12,14,-1,-1,-1,-1,-1,-1],"split_conditions":[2.0174503E-1,1.0033356E-1,7.9841703E-1,-2.5797088E-2,-6.29921E-3,5.0425327E-1,1E0,2.9986244E-1,6.975671E-1,5.9001925E-3,2.2697449E-2,-2.776909E-3,-6.685257E-4,4.8205056E-4,1.7467499E-3],"split_indices":[0,0,0,0,0,0,0,0,0,0,0,0,0,0,0],"split_type":[0,0,0,0,0,0,0,0,0,0,0,0,0,0,0],"sum_hessian":[9E0,2E0,7E0,1E0,1E0,5E0,2E0,2E0,3E0,1E0,1E0,1E0,1E0,2E0,1E0],"tree_param":{"num_deleted":"0","num_feature":"2","num_nodes":"15","size_leaf_vector":"1"}},{"base_weights":[-8.52479E-3,-2.032766E-1,6.557274E-2,-2.4507232E-2,-5.984259E-3,-3.1293232E-3,1.8111928E-1,-2.182134E-2,1.167202E-2,5.6053163E-3,2.1562576E-2,-2.6380538E-3,-6.351471E-4,4.5000712E-4,1.6593933E-3],"categories":[],"categories_nodes":[],"categories_segments":[],"categories_sizes":[],"default_left":[0,0,0,0,0,0,0,0,0,0,0,0,0,0,0],"id":87,"left_children":[1,3,5,-1,-1,7,9,11,13,-1,-1,-1,-1,-1,-1],"loss_changes":[1.5763569E-1,3.319025E-3,6.407306E-2,0E0,0E0,1.914701E-3,8.6027384E-4,4.403526E-5,6.652495E-5,0E0,0E0,0E0,0E0,0E0,0E0],"parents":[2147483647,0,0,1,1,2,2,5,5,6,6,7,7,8,8],"right_children":[2,4,6,-1,-1,8,10,12,14,-1,-1,-1,-1,-1,-1],"split_conditions":[2.0174503E-1,1.0033356E-1,7.9841703E-1,-2.4507232E-2,-5.984259E-3,5.0425327E-1,1E0,2.9986244E-1,6.975671E-1,5.6053163E-3,2.1562576E-2,-2.6380538E-3,-6.351471E-4,4.5000712E-4,1.6593933E-3],"split_indices":[0,0,0,0,0,0,0,0,0,0,0,0,0,0,0],"split_type":[0,0,0,0,0,0,0,0,0,0,0,0,0,0,0],"sum_hessian":[9E0,2E0,7E0,1E0,1E0,5E0,2E0,2E0,3E0,1E0,1E0,1E0,1E0,2E0,1E0],"tree_param":{"num_deleted":"0","num_feature":"2","num_nodes":"15","size_leaf_vector":"1"}},{"base_weights":[-8.121321E-3,-1.9311276E-1,6.2265635E-2,-2.328187E-2,-5.6850435E-3,-3.0107498E-3,1.7206319E-1,-2.0730972E-2,1.10321045E-2,5.324936E-3,2.0484542E-2,-2.5061609E-3,-6.034851E-4,4.1999816E-4,1.5764236E-3],"categories":[],"categories_nodes":[],"categories_segments":[],"categories_sizes":[],"default_left":[0,0,0,0,0,0,0,0,0,0,0,0,0,0,0],"id":88,"left_children":[1,3,5,-1,-1,7,9,11,13,-1,-1,-1,-1,-1,-1],"loss_changes":[1.4223413E-1,2.9954314E-3,5.7855546E-2,0E0,0E0,1.7217612E-3,7.770583E-4,3.9687613E-5,6.311253E-5,0E0,0E0,0E0,0E0,0E0,0E0],"parents":[2147483647,0,0,1,1,2,2,5,5,6,6,7,7,8,8],"right_children":[2,4,6,-1,-1,8,10,12,14,-1,-1,-1,-1,-1,-1],"split_conditions":[2.0174503E-1,1.0033356E-1,7.9841703E-1,-2.328187E-2,-5.6850435E-3,5.0425327E-1,1E0,2.9986244E-1,6.975671E-1,5.324936E-3,2.0484542E-2,-2.5061609E-3,-6.034851E-4,4.1999816E-4,1.5764236E-3],"split_indices":[0,0,0,0,0,0,0,0,0,0,0,0,0,0,0],"split_type":[0,0,0,0,0,0,0,0,0,0,0,0,0,0,0],"sum_hessian":[9E0,2E0,7E0,1E0,1E0,5E0,2E0,2E0,3E0,1E0,1E0,1E0,1E0,2E0,1E0],"tree_param":{"num_deleted":"0","num_feature":"2","num_nodes":"15","size_leaf_vector":"1"}},{"base_weights":[-7.7362447E-3,-1.8345718E-1,5.912614E-2,-2.2117777E-2,-5.4008006E-3,-2.8950374E-3,1.6345978E-1,-1.9694647E-2,1.0428429E-2,5.05867E-3,1.9460296E-2,-2.380848E-3,-5.73349E-4,3.920237E-4,1.4976502E-3],"categories":[],"categories_nodes":[],"categories_segments":[],"categories_sizes":[],"default_left":[0,0,0,0,0,0,0,0,0,0,0,0,0,0,0],"id":89,"left_children":[1,3,5,-1,-1,7,9,11,13,-1,-1,-1,-1,-1,-1],"loss_changes":[1.2833832E-1,2.7033314E-3,5.224038E-2,0E0,0E0,1.5483582E-3,7.013604E-4,3.579585E-5,5.9687474E-5,0E0,0E0,0E0,0E0,0E0,0E0],"parents":[2147483647,0,0,1,1,2,2,5,5,6,6,7,7,8,8],"right_children":[2,4,6,-1,-1,8,10,12,14,-1,-1,-1,-1,-1,-1],"split_conditions":[2.0174503E-1,1.0033356E-1,7.9841703E-1,-2.2117777E-2,-5.4008006E-3,5.0425327E-1,1E0,2.9986244E-1,6.975671E-1,5.05867E-3,1.9460296E-2,-2.380848E-3,-5.73349E-4,3.920237E-4,1.4976502E-3],"split_indices":[0,0,0,0,0,0,0,0,0,0,0,0,0,0,0],"split_type":[0,0,0,0,0,0,0,0,0,0,0,0,0,0,0],"sum_hessian":[9E0,2E0,7E0,1E0,1E0,5E0,2E0,2E0,3E0,1E0,1E0,1E0,1E0,2E0,1E0],"tree_param":{"num_deleted":"0","num_feature":"2","num_nodes":"15","size_leaf_vector":"1"}},{"base_weights":[-7.369733E-3,-1.7428438E-1,5.6144476E-2,-2.1011889E-2,-5.130768E-3,-2.7837753E-3,1.5528615E-1,-1.8710455E-2,9.857178E-3,4.805756E-3,1.8487168E-2,-2.2618293E-3,-5.447388E-4,3.6582947E-4,1.4226914E-3],"categories":[],"categories_nodes":[],"categories_segments":[],"categories_sizes":[],"default_left":[0,0,0,0,0,0,0,0,0,0,0,0,0,0,0],"id":90,"left_children":[1,3,5,-1,-1,7,9,11,13,-1,-1,-1,-1,-1,-1],"loss_changes":[1.1579961E-1,2.439715E-3,4.717025E-2,0E0,0E0,1.3924027E-3,6.3275546E-4,3.2279175E-5,5.630369E-5,0E0,0E0,0E0,0E0,0E0,0E0],"parents":[2147483647,0,0,1,1,2,2,5,5,6,6,7,7,8,8],"right_children":[2,4,6,-1,-1,8,10,12,14,-1,-1,-1,-1,-1,-1],"split_conditions":[2.0174503E-1,1.0033356E-1,7.9841703E-1,-2.1011889E-2,-5.130768E-3,5.0425327E-1,1E0,2.9986244E-1,6.975671E-1,4.805756E-3,1.8487168E-2,-2.2618293E-3,-5.447388E-4,3.6582947E-4,1.4226914E-3],"split_indices":[0,0,0,0,0,0,0,0,0,0,0,0,0,0,0],"split_type":[0,0,0,0,0,0,0,0,0,0,0,0,0,0,0],"sum_hessian":[9E0,2E0,7E0,1E0,1E0,5E0,2E0,2E0,3E0,1E0,1E0,1E0,1E0,2E0,1E0],"tree_param":{"num_deleted":"0","num_feature":"2","num_nodes":"15","size_leaf_vector":"1"}},{"base_weights":[-7.01949E-3,-1.6557015E-1,5.3314447E-2,-1.9961296E-2,-4.8742294E-3,-2.6750565E-3,1.4752197E-1,-1.7774582E-2,9.318352E-3,4.56543E-3,1.7562866E-2,-2.1487237E-3,-5.174637E-4,1.3713837E-4,1.1510213E-3],"categories":[],"categories_nodes":[],"categories_segments":[],"categories_sizes":[],"default_left":[0,0,0,0,0,0,0,0,0,0,0,0,0,0,0],"id":91,"left_children":[1,3,5,-1,-1,7,9,11,13,-1,-1,-1,-1,-1,-1],"loss_changes":[1.0448714E-1,2.2018477E-3,4.259169E-2,0E0,0E0,1.2521984E-3,5.7128817E-4,2.9149058E-5,5.38897E-5,0E0,0E0,0E0,0E0,0E0,0E0],"parents":[2147483647,0,0,1,1,2,2,5,5,6,6,7,7,8,8],"right_children":[2,4,6,-1,-1,8,10,12,14,-1,-1,-1,-1,-1,-1],"split_conditions":[2.0174503E-1,1.0033356E-1,7.9841703E-1,-1.9961296E-2,-4.8742294E-3,5.0425327E-1,1E0,2.9986244E-1,6.024649E-1,4.56543E-3,1.7562866E-2,-2.1487237E-3,-5.174637E-4,1.3713837E-4,1.1510213E-3],"split_indices":[0,0,0,0,0,0,0,0,0,0,0,0,0,0,0],"split_type":[0,0,0,0,0,0,0,0,0,0,0,0,0,0,0],"sum_hessian":[9E0,2E0,7E0,1E0,1E0,5E0,2E0,2E0,3E0,1E0,1E0,1E0,1E0,1E0,2E0],"tree_param":{"num_deleted":"0","num_feature":"2","num_nodes":"15","size_leaf_vector":"1"}},{"base_weights":[-6.7257644E-3,-1.5729165E-1,5.0577164E-2,-1.896323E-2,-4.630518E-3,-2.6372273E-3,1.401469E-1,-1.6885122E-2,8.708E-3,4.337311E-3,1.6684724E-2,-2.0412446E-3,-4.9152377E-4,2.9843647E-4,1.2939454E-3],"categories":[],"categories_nodes":[],"categories_segments":[],"categories_sizes":[],"default_left":[0,0,0,0,0,0,0,0,0,0,0,0,0,0,0],"id":92,"left_children":[1,3,5,-1,-1,7,9,11,13,-1,-1,-1,-1,-1,-1],"loss_changes":[9.423403E-2,1.9871593E-3,3.8500786E-2,0E0,0E0,1.1169093E-3,5.149953E-4,2.6332913E-5,5.8261125E-5,0E0,0E0,0E0,0E0,0E0,0E0],"parents":[2147483647,0,0,1,1,2,2,5,5,6,6,7,7,8,8],"right_children":[2,4,6,-1,-1,8,10,12,14,-1,-1,-1,-1,-1,-1],"split_conditions":[2.0174503E-1,1.0033356E-1,7.9841703E-1,-1.896323E-2,-4.630518E-3,5.0425327E-1,1E0,2.9986244E-1,6.975671E-1,4.337311E-3,1.6684724E-2,-2.0412446E-3,-4.9152377E-4,2.9843647E-4,1.2939454E-3],"split_indices":[0,0,0,0,0,0,0,0,0,0,0,0,0,0,0],"split_type":[0,0,0,0,0,0,0,0,0,0,0,0,0,0,0],"sum_hessian":[9E0,2E0,7E0,1E0,1E0,5E0,2E0,2E0,3E0,1E0,1E0,1E0,1E0,2E0,1E0],"tree_param":{"num_deleted":"0","num_feature":"2","num_nodes":"15","size_leaf_vector":"1"}},{"base_weights":[-6.4038634E-3,-1.4942722E-1,4.8030376E-2,-1.801507E-2,-4.3990137E-3,-2.5297801E-3,1.3314056E-1,-1.6040802E-2,8.235931E-3,4.1206363E-3,1.5850449E-2,-1.9392014E-3,-4.6691895E-4,2.7860006E-4,1.2292862E-3],"categories":[],"categories_nodes":[],"categories_segments":[],"categories_sizes":[],"default_left":[0,0,0,0,0,0,0,0,0,0,0,0,0,0,0],"id":93,"left_children":[1,3,5,-1,-1,7,9,11,13,-1,-1,-1,-1,-1,-1],"loss_changes":[8.503072E-2,1.793325E-3,3.4762293E-2,0E0,0E0,1.0048455E-3,4.640408E-4,2.378103E-5,5.419203E-5,0E0,0E0,0E0,0E0,0E0,0E0],"parents":[2147483647,0,0,1,1,2,2,5,5,6,6,7,7,8,8],"right_children":[2,4,6,-1,-1,8,10,12,14,-1,-1,-1,-1,-1,-1],"split_conditions":[2.0174503E-1,1.0033356E-1,7.9841703E-1,-1.801507E-2,-4.3990137E-3,5.0425327E-1,1E0,2.9986244E-1,6.975671E-1,4.1206363E-3,1.5850449E-2,-1.9392014E-3,-4.6691895E-4,2.7860006E-4,1.2292862E-3],"split_indices":[0,0,0,0,0,0,0,0,0,0,0,0,0,0,0],"split_type":[0,0,0,0,0,0,0,0,0,0,0,0,0,0,0],"sum_hessian":[9E0,2E0,7E0,1E0,1E0,5E0,2E0,2E0,3E0,1E0,1E0,1E0,1E0,2E0,1E0],"tree_param":{"num_deleted":"0","num_feature":"2","num_nodes":"15","size_leaf_vector":"1"}},{"base_weights":[-6.0978145E-3,-1.4195576E-1,4.5611143E-2,-1.7114317E-2,-4.179049E-3,-2.4264653E-3,1.2648265E-1,-1.52390795E-2,7.789612E-3,3.9146426E-3,1.5057755E-2,-1.8422127E-3,-4.436493E-4,2.6003522E-4,1.1678695E-3],"categories":[],"categories_nodes":[],"categories_segments":[],"categories_sizes":[],"default_left":[0,0,0,0,0,0,0,0,0,0,0,0,0,0,0],"id":94,"left_children":[1,3,5,-1,-1,7,9,11,13,-1,-1,-1,-1,-1,-1],"loss_changes":[7.672549E-2,1.618538E-3,3.13859E-2,0E0,0E0,9.0407446E-4,4.184991E-4,2.1425774E-5,5.0357135E-5,0E0,0E0,0E0,0E0,0E0,0E0],"parents":[2147483647,0,0,1,1,2,2,5,5,6,6,7,7,8,8],"right_children":[2,4,6,-1,-1,8,10,12,14,-1,-1,-1,-1,-1,-1],"split_conditions":[2.0174503E-1,1.0033356E-1,7.9841703E-1,-1.7114317E-2,-4.179049E-3,5.0425327E-1,1E0,2.9986244E-1,6.975671E-1,3.9146426E-3,1.5057755E-2,-1.8422127E-3,-4.436493E-4,2.6003522E-4,1.1678695E-3],"split_indices":[0,0,0,0,0,0,0,0,0,0,0,0,0,0,0],"split_type":[0,0,0,0,0,0,0,0,0,0,0,0,0,0,0],"sum_hessian":[9E0,2E0,7E0,1E0,1E0,5E0,2E0,2E0,3E0,1E0,1E0,1E0,1E0,2E0,1E0],"tree_param":{"num_deleted":"0","num_feature":"2","num_nodes":"15","size_leaf_vector":"1"}},{"base_weights":[-5.806023E-3,-1.34858E-1,4.331422E-2,-1.6258601E-2,-3.9700987E-3,-2.3266475E-3,1.20157875E-1,-1.4477412E-2,7.368088E-3,3.7189485E-3,1.4304734E-2,-1.7500877E-3,-4.2152405E-4,2.427419E-4,1.1095047E-3],"categories":[],"categories_nodes":[],"categories_segments":[],"categories_sizes":[],"default_left":[0,0,0,0,0,0,0,0,0,0,0,0,0,0,0],"id":95,"left_children":[1,3,5,-1,-1,7,9,11,13,-1,-1,-1,-1,-1,-1],"loss_changes":[6.9231905E-2,1.4607199E-3,2.8337255E-2,0E0,0E0,8.134615E-4,3.774464E-4,1.9311614E-5,4.6722344E-5,0E0,0E0,0E0,0E0,0E0,0E0],"parents":[2147483647,0,0,1,1,2,2,5,5,6,6,7,7,8,8],"right_children":[2,4,6,-1,-1,8,10,12,14,-1,-1,-1,-1,-1,-1],"split_conditions":[2.0174503E-1,1.0033356E-1,7.9841703E-1,-1.6258601E-2,-3.9700987E-3,5.0425327E-1,1E0,2.9986244E-1,6.975671E-1,3.7189485E-3,1.4304734E-2,-1.7500877E-3,-4.2152405E-4,2.427419E-4,1.1095047E-3],"split_indices":[0,0,0,0,0,0,0,0,0,0,0,0,0,0,0],"split_type":[0,0,0,0,0,0,0,0,0,0,0,0,0,0,0],"sum_hessian":[9E0,2E0,7E0,1E0,1E0,5E0,2E0,2E0,3E0,1E0,1E0,1E0,1E0,2E0,1E0],"tree_param":{"num_deleted":"0","num_feature":"2","num_nodes":"15","size_leaf_vector":"1"}},{"base_weights":[-5.527991E-3,-1.2811507E-1,4.1133165E-2,-1.5445671E-2,-3.7715912E-3,-2.23128E-3,1.14151E-1,-1.3753891E-2,6.968498E-3,3.5331727E-3,1.3589478E-2,-1.6625405E-3,-4.005432E-4,2.2646587E-4,1.0540009E-3],"categories":[],"categories_nodes":[],"categories_segments":[],"categories_sizes":[],"default_left":[0,0,0,0,0,0,0,0,0,0,0,0,0,0,0],"id":96,"left_children":[1,3,5,-1,-1,7,9,11,13,-1,-1,-1,-1,-1,-1],"loss_changes":[6.247033E-2,1.3183095E-3,2.5585726E-2,0E0,0E0,7.3187676E-4,3.4008548E-4,1.738657E-5,4.3329725E-5,0E0,0E0,0E0,0E0,0E0,0E0],"parents":[2147483647,0,0,1,1,2,2,5,5,6,6,7,7,8,8],"right_children":[2,4,6,-1,-1,8,10,12,14,-1,-1,-1,-1,-1,-1],"split_conditions":[2.0174503E-1,1.0033356E-1,7.9841703E-1,-1.5445671E-2,-3.7715912E-3,5.0425327E-1,1E0,2.9986244E-1,6.975671E-1,3.5331727E-3,1.3589478E-2,-1.6625405E-3,-4.005432E-4,2.2646587E-4,1.0540009E-3],"split_indices":[0,0,0,0,0,0,0,0,0,0,0,0,0,0,0],"split_type":[0,0,0,0,0,0,0,0,0,0,0,0,0,0,0],"sum_hessian":[9E0,2E0,7E0,1E0,1E0,5E0,2E0,2E0,3E0,1E0,1E0,1E0,1E0,2E0,1E0],"tree_param":{"num_deleted":"0","num_feature":"2","num_nodes":"15","size_leaf_vector":"1"}},{"base_weights":[-5.262205E-3,-1.2170926E-1,3.9063215E-2,-1.4673387E-2,-3.5830021E-3,-2.13782E-3,1.08444214E-1,-1.3065974E-2,6.5927505E-3,3.3565522E-3,1.291008E-2,-1.57938E-3,-3.8051605E-4,2.1146137E-4,1.001358E-3],"categories":[],"categories_nodes":[],"categories_segments":[],"categories_sizes":[],"default_left":[0,0,0,0,0,0,0,0,0,0,0,0,0,0,0],"id":97,"left_children":[1,3,5,-1,-1,7,9,11,13,-1,-1,-1,-1,-1,-1],"loss_changes":[5.637E-2,1.1898056E-3,2.3100387E-2,0E0,0E0,6.585948E-4,3.068745E-4,1.5687721E-5,4.0100917E-5,0E0,0E0,0E0,0E0,0E0,0E0],"parents":[2147483647,0,0,1,1,2,2,5,5,6,6,7,7,8,8],"right_children":[2,4,6,-1,-1,8,10,12,14,-1,-1,-1,-1,-1,-1],"split_conditions":[2.0174503E-1,1.0033356E-1,7.9841703E-1,-1.4673387E-2,-3.5830021E-3,5.0425327E-1,1E0,2.9986244E-1,6.975671E-1,3.3565522E-3,1.291008E-2,-1.57938E-3,-3.8051605E-4,2.1146137E-4,1.001358E-3],"split_indices":[0,0,0,0,0,0,0,0,0,0,0,0,0,0,0],"split_type":[0,0,0,0,0,0,0,0,0,0,0,0,0,0,0],"sum_hessian":[9E0,2E0,7E0,1E0,1E0,5E0,2E0,2E0,3E0,1E0,1E0,1E0,1E0,2E0,1E0],"tree_param":{"num_deleted":"0","num_feature":"2","num_nodes":"15","size_leaf_vector":"1"}},{"base_weights":[-5.0089895E-3,-1.1562381E-1,3.7097692E-2,-1.3939718E-2,-3.4038543E-3,-2.0475388E-3,1.03022255E-1,-1.2412389E-2,6.2379837E-3,3.1887055E-3,1.2264634E-2,-1.5004158E-3,-3.6144257E-4,1.9747418E-4,9.5138553E-4],"categories":[],"categories_nodes":[],"categories_segments":[],"categories_sizes":[],"default_left":[0,0,0,0,0,0,0,0,0,0,0,0,0,0,0],"id":98,"left_children":[1,3,5,-1,-1,7,9,11,13,-1,-1,-1,-1,-1,-1],"loss_changes":[5.086561E-2,1.0737926E-3,2.0856E-2,0E0,0E0,5.9269747E-4,2.770573E-4,1.4175457E-5,3.7075923E-5,0E0,0E0,0E0,0E0,0E0,0E0],"parents":[2147483647,0,0,1,1,2,2,5,5,6,6,7,7,8,8],"right_children":[2,4,6,-1,-1,8,10,12,14,-1,-1,-1,-1,-1,-1],"split_conditions":[2.0174503E-1,1.0033356E-1,7.9841703E-1,-1.3939718E-2,-3.4038543E-3,5.0425327E-1,1E0,2.9986244E-1,6.975671E-1,3.1887055E-3,1.2264634E-2,-1.5004158E-3,-3.6144257E-4,1.9747418E-4,9.5138553E-4],"split_indices":[0,0,0,0,0,0,0,0,0,0,0,0,0,0,0],"split_type":[0,0,0,0,0,0,0,0,0,0,0,0,0,0,0],"sum_hessian":[9E0,2E0,7E0,1E0,1E0,5E0,2E0,2E0,3E0,1E0,1E0,1E0,1E0,2E0,1E0],"tree_param":{"num_deleted":"0","num_feature":"2","num_nodes":"15","size_leaf_vector":"1"}},{"base_weights":[-4.7686785E-3,-1.0984269E-1,3.523016E-2,-1.3242732E-2,-3.2336712E-3,-1.9613903E-3,9.786987E-2,-1.1791229E-2,5.9013367E-3,3.0292512E-3,1.165123E-2,-1.4253616E-3,-3.4332275E-4,1.8424988E-4,9.038925E-4],"categories":[],"categories_nodes":[],"categories_segments":[],"categories_sizes":[],"default_left":[0,0,0,0,0,0,0,0,0,0,0,0,0,0,0],"id":99,"left_children":[1,3,5,-1,-1,7,9,11,13,-1,-1,-1,-1,-1,-1],"loss_changes":[4.589816E-2,9.690672E-4,1.8829305E-2,0E0,0E0,5.3332007E-4,2.4996884E-4,1.28060055E-5,3.4285637E-5,0E0,0E0,0E0,0E0,0E0,0E0],"parents":[2147483647,0,0,1,1,2,2,5,5,6,6,7,7,8,8],"right_children":[2,4,6,-1,-1,8,10,12,14,-1,-1,-1,-1,-1,-1],"split_conditions":[2.0174503E-1,1.0033356E-1,7.9841703E-1,-1.3242732E-2,-3.2336712E-3,5.0425327E-1,1E0,2.9986244E-1,6.975671E-1,3.0292512E-3,1.165123E-2,-1.4253616E-3,-3.4332275E-4,1.8424988E-4,9.038925E-4],"split_indices":[0,0,0,0,0,0,0,0,0,0,0,0,0,0,0],"split_type":[0,0,0,0,0,0,0,0,0,0,0,0,0,0,0],"sum_hessian":[9E0,2E0,7E0,1E0,1E0,5E0,2E0,2E0,3E0,1E0,1E0,1E0,1E0,2E0,1E0],"tree_param":{"num_deleted":"0","num_feature":"2","num_nodes":"15","size_leaf_vector":"1"}}]},"name":"gbtree"},"learner_model_param":{"base_score":"4.3E1","boost_from_average":"1","num_class":"0","num_feature":"2","num_target":"1"},"objective":{"name":"reg:squarederror","reg_loss_param":{"scale_pos_weight":"1"}}},"version":[2,1,1]}