{"learner":{"attributes":{"scikit_learn":"{\"_estimator_type\": \"regressor\"}"},"feature_names":[],"feature_types":[],"gradient_booster":{"model":{"gbtree_model_param":{"num_parallel_tree":"1","num_trees":"100"},"iteration_indptr":[0,1,2,3,4,5,6,7,8,9,10,11,12,13,14,15,16,17,18,19,20,21,22,23,24,25,26,27,28,29,30,31,32,33,34,35,36,37,38,39,40,41,42,43,44,45,46,47,48,49,50,51,52,53,54,55,56,57,58,59,60,61,62,63,64,65,66,67,68,69,70,71,72,73,74,75,76,77,78,79,80,81,82,83,84,85,86,87,88,89,90,91,92,93,94,95,96,97,98,99,100],"tree_info":[0,0,0,0,0,0,0,0,0,0,0,0,0,0,0,0,0,0,0,0,0,0,0,0,0,0,0,0,0,0,0,0,0,0,0,0,0,0,0,0,0,0,0,0,0,0,0,0,0,0,0,0,0,0,0,0,0,0,0,0,0,0,0,0,0,0,0,0,0,0,0,0,0,0,0,0,0,0,0,0,0,0,0,0,0,0,0,0,0,0,0,0,0,0,0,0,0,0,0,0],"trees":[{"base_weights":[-1.5258789E-6,-3.7261906E1,6.520833E0,-4.949445E0,-4.453705E0,-1.0777779E0,4.0972215E-1],"categories":[],"categories_nodes":[],"categories_segments":[],"categories_sizes":[],"default_left":[0,0,0,0,0,0,0],"id":0,"left_children":[1,3,-1,-1,5,-1,-1],"loss_changes":[2.6727652E4,2.5888604E3,0E0,0E0,2.0638902E2,0E0,0E0],"parents":[2147483647,0,0,1,1,4,4],"right_children":[2,4,-1,-1,6,-1,-1],"split_conditions":[8.042077E-1,4.022471E-1,6.520833E0,-4.949445E0,6.027799E-1,-1.0777779E0,4.0972215E-1],"split_indices":[0,0,0,0,0,0,0],"split_type":[0,0,0,0,0,0,0],"sum_hessian":[9E0,6E0,3E0,4E0,2E0,1E0,1E0],"tree_param":{"num_deleted":"0","num_feature":"2","num_nodes":"7","size_leaf_vector":"1"}},{"base_weights":[9.033203E-2,-3.4338215E1,6.03177E0,-4.553489E0,-4.2310205E0,-1.0238892E0,3.8923606E-1],"categories":[],"categories_nodes":[],"categories_segments":[],"categories_sizes":[],"default_left":[0,0,0,0,0,0,0],"id":1,"left_children":[1,3,-1,-1,5,-1,-1],"loss_changes":[2.2806611E4,2.167044E3,0E0,0E0,1.8626614E2,0E0,0E0],"parents":[2147483647,0,0,1,1,4,4],"right_children":[2,4,-1,-1,6,-1,-1],"split_conditions":[8.042077E-1,4.022471E-1,6.03177E0,-4.553489E0,6.027799E-1,-1.0238892E0,3.8923606E-1],"split_indices":[0,0,0,0,0,0,0],"split_type":[0,0,0,0,0,0,0],"sum_hessian":[9E0,6E0,3E0,4E0,2E0,1E0,1E0],"tree_param":{"num_deleted":"0","num_feature":"2","num_nodes":"7","size_leaf_vector":"1"}},{"base_weights":[1.6566238E-1,-3.1645555E1,5.5793877E0,-4.18921E0,-4.01947E0,-9.726948E-1,3.6977425E-1],"categories":[],"categories_nodes":[],"categories_segments":[],"categories_sizes":[],"default_left":[0,0,0,0,0,0,0],"id":2,"left_children":[1,3,-1,-1,5,-1,-1],"loss_changes":[1.946164E4,1.8131187E3,0E0,0E0,1.681052E2,0E0,0E0],"parents":[2147483647,0,0,1,1,4,4],"right_children":[2,4,-1,-1,6,-1,-1],"split_conditions":[8.042077E-1,4.022471E-1,5.5793877E0,-4.18921E0,6.027799E-1,-9.726948E-1,3.6977425E-1],"split_indices":[0,0,0,0,0,0,0],"split_type":[0,0,0,0,0,0,0],"sum_hessian":[9E0,6E0,3E0,4E0,2E0,1E0,1E0],"tree_param":{"num_deleted":"0","num_feature":"2","num_nodes":"7","size_leaf_vector":"1"}},{"base_weights":[2.2782287E-1,-2.916559E1,5.160934E0,-3.854073E0,-3.8184967E0,-9.2406005E-1,3.5128555E-1],"categories":[],"categories_nodes":[],"categories_segments":[],"categories_sizes":[],"default_left":[0,0,0,0,0,0,0],"id":3,"left_children":[1,3,-1,-1,5,-1,-1],"loss_changes":[1.6607998E4,1.5162598E3,0E0,0E0,1.5171497E2,0E0,0E0],"parents":[2147483647,0,0,1,1,4,4],"right_children":[2,4,-1,-1,6,-1,-1],"split_conditions":[8.042077E-1,4.022471E-1,5.160934E0,-3.854073E0,6.027799E-1,-9.2406005E-1,3.5128555E-1],"split_indices":[0,0,0,0,0,0,0],"split_type":[0,0,0,0,0,0,0],"sum_hessian":[9E0,6E0,3E0,4E0,2E0,1E0,1E0],"tree_param":{"num_deleted":"0","num_feature":"2","num_nodes":"7","size_leaf_vector":"1"}},{"base_weights":[2.784485E-1,-2.688144E1,4.7738643E0,-3.2474083E1,3.3372116E-1,-3.8538253E0,-1.3563827E0],"categories":[],"categories_nodes":[],"categories_segments":[],"categories_sizes":[],"default_left":[0,0,0,0,0,0,0],"id":4,"left_children":[1,3,-1,5,-1,-1,-1],"loss_changes":[1.4173418E4,1.2913882E3,0E0,1.6532373E2,0E0,0E0,0E0],"parents":[2147483647,0,0,1,1,3,3],"right_children":[2,4,-1,6,-1,-1,-1],"split_conditions":[8.042077E-1,6.027799E-1,4.7738643E0,3.0184552E-1,3.3372116E-1,-3.8538253E0,-1.3563827E0],"split_indices":[0,0,0,0,0,0,0],"split_type":[0,0,0,0,0,0,0],"sum_hessian":[9E0,6E0,3E0,5E0,1E0,3E0,2E0],"tree_param":{"num_deleted":"0","num_feature":"2","num_nodes":"7","size_leaf_vector":"1"}},{"base_weights":[2.4034195E-1,-2.4889935E1,4.4158244E0,-3.0095041E1,3.1703493E-1,-3.564788E0,-1.2659572E0],"categories":[],"categories_nodes":[],"categories_segments":[],"categories_sizes":[],"default_left":[0,0,0,0,0,0,0],"id":5,"left_children":[1,3,-1,5,-1,-1,-1],"loss_changes":[1.2135785E4,1.1178091E3,0E0,1.2961133E2,0E0,0E0,0E0],"parents":[2147483647,0,0,1,1,3,3],"right_children":[2,4,-1,6,-1,-1,-1],"split_conditions":[8.042077E-1,6.027799E-1,4.4158244E0,3.0184552E-1,3.1703493E-1,-3.564788E0,-1.2659572E0],"split_indices":[0,0,0,0,0,0,0],"split_type":[0,0,0,0,0,0,0],"sum_hessian":[9E0,6E0,3E0,5E0,1E0,3E0,2E0],"tree_param":{"num_deleted":"0","num_feature":"2","num_nodes":"7","size_leaf_vector":"1"}},{"base_weights":[2.0652008E-1,-2.789066E1,3.3881832E1,-3.2974288E0,-1.1815598E0,1.0161832E1,4.630789E0,3.011833E-1,1.2230915E0],"categories":[],"categories_nodes":[],"categories_segments":[],"categories_sizes":[],"default_left":[0,0,0,0,0,0,0,0,0],"id":6,"left_children":[1,3,5,-1,-1,7,-1,-1,-1],"loss_changes":[1.04068E4,1.0070703E2,1.0031572E3,0E0,0E0,7.544342E0,0E0,0E0,0E0],"parents":[2147483647,0,0,1,1,2,2,5,5],"right_children":[2,4,6,-1,-1,8,-1,-1,-1],"split_conditions":[6.027799E-1,3.0184552E-1,9.037022E-1,-3.2974288E0,-1.1815598E0,8.042077E-1,4.630789E0,3.011833E-1,1.2230915E0],"split_indices":[0,0,0,0,0,0,0,0,0],"split_type":[0,0,0,0,0,0,0,0,0],"sum_hessian":[9E0,5E0,4E0,3E0,2E0,2E0,2E0,1E0,1E0],"tree_param":{"num_deleted":"0","num_feature":"2","num_nodes":"9","size_leaf_vector":"1"}},{"base_weights":[3.5347405E-1,-2.5848093E1,3.1724659E1,-2.8267064E0,-6.876621E-1,9.65374E0,4.322069E0,2.8612405E-1,1.161937E0],"categories":[],"categories_nodes":[],"categories_segments":[],"categories_sizes":[],"default_left":[0,0,0,0,0,0,0,0,0],"id":7,"left_children":[1,3,5,-1,-1,7,-1,-1,-1],"loss_changes":[9.039765E3,8.09668E1,8.5139795E2,0E0,0E0,6.8088074E0,0E0,0E0,0E0],"parents":[2147483647,0,0,1,1,2,2,5,5],"right_children":[2,4,6,-1,-1,8,-1,-1,-1],"split_conditions":[6.027799E-1,4.022471E-1,9.037022E-1,-2.8267064E0,-6.876621E-1,8.042077E-1,4.322069E0,2.8612405E-1,1.161937E0],"split_indices":[0,0,0,0,0,0,0,0,0],"split_type":[0,0,0,0,0,0,0,0,0],"sum_hessian":[9E0,5E0,4E0,4E0,1E0,2E0,2E0,1E0,1E0],"tree_param":{"num_deleted":"0","num_feature":"2","num_nodes":"9","size_leaf_vector":"1"}},{"base_weights":[5.437031E-1,-1.9665388E1,3.577369E1,-2.3849012E1,2.7181777E-1,1.1038402E0,4.0339313E0,-2.8381193E0,-9.856438E-1],"categories":[],"categories_nodes":[],"categories_segments":[],"categories_sizes":[],"default_left":[0,0,0,0,0,0,0,0,0],"id":8,"left_children":[1,3,5,7,-1,-1,-1,-1,-1],"loss_changes":[7.823163E3,7.203369E2,6.4467773E0,1.0076343E2,0E0,0E0,0E0,0E0,0E0],"parents":[2147483647,0,0,1,1,2,2,3,3],"right_children":[2,4,6,8,-1,-1,-1,-1,-1],"split_conditions":[8.042077E-1,6.027799E-1,9.037022E-1,3.0184552E-1,2.7181777E-1,1.1038402E0,4.0339313E0,-2.8381193E0,-9.856438E-1],"split_indices":[0,0,0,0,0,0,0,0,0],"split_type":[0,0,0,0,0,0,0,0,0],"sum_hessian":[9E0,6E0,3E0,5E0,1E0,1E0,2E0,3E0,2E0],"tree_param":{"num_deleted":"0","num_feature":"2","num_nodes":"9","size_leaf_vector":"1"}},{"base_weights":[6.479141E-1,-1.820627E1,3.3480759E0,-2.2101404E1,2.5822678E-1,-2.62526E0,-9.199342E-1],"categories":[],"categories_nodes":[],"categories_segments":[],"categories_sizes":[],"default_left":[0,0,0,0,0,0,0],"id":9,"left_children":[1,3,-1,5,-1,-1,-1],"loss_changes":[6.7999253E3,6.2389087E2,0E0,7.984717E1,0E0,0E0,0E0],"parents":[2147483647,0,0,1,1,3,3],"right_children":[2,4,-1,6,-1,-1,-1],"split_conditions":[8.042077E-1,6.027799E-1,3.3480759E0,3.0184552E-1,2.5822678E-1,-2.62526E0,-9.199342E-1],"split_indices":[0,0,0,0,0,0,0],"split_type":[0,0,0,0,0,0,0],"sum_hessian":[9E0,6E0,3E0,5E0,1E0,3E0,2E0],"tree_param":{"num_deleted":"0","num_feature":"2","num_nodes":"7","size_leaf_vector":"1"}},{"base_weights":[5.8923227E-1,-2.048213E1,2.575702E1,-2.4283657E0,-8.586052E-1,7.510399E-1,3.541797E0],"categories":[],"categories_nodes":[],"categories_segments":[],"categories_sizes":[],"default_left":[0,0,0,0,0,0,0],"id":10,"left_children":[1,3,5,-1,-1,-1,-1],"loss_changes":[5.8307544E3,6.2838867E1,6.1539526E2,0E0,0E0,0E0,0E0],"parents":[2147483647,0,0,1,1,2,2],"right_children":[2,4,6,-1,-1,-1,-1],"split_conditions":[6.027799E-1,3.0184552E-1,9.037022E-1,-2.4283657E0,-8.586052E-1,7.510399E-1,3.541797E0],"split_indices":[0,0,0,0,0,0,0],"split_type":[0,0,0,0,0,0,0],"sum_hessian":[9E0,5E0,4E0,3E0,2E0,2E0,2E0],"tree_param":{"num_deleted":"0","num_feature":"2","num_nodes":"7","size_leaf_vector":"1"}},{"base_weights":[6.30896E-1,-1.5676458E1,2.9011042E1,-1.8981747E1,2.0776367E-1,8.436924E-1,3.3056774E0,-2.469573E0,-9.950823E-1],"categories":[],"categories_nodes":[],"categories_segments":[],"categories_sizes":[],"default_left":[0,0,0,0,0,0,0,0,0],"id":11,"left_children":[1,3,5,7,-1,-1,-1,-1,-1],"loss_changes":[5.0828413E3,4.5021375E2,5.4051758E1,6.387256E1,0E0,0E0,0E0,0E0,0E0],"parents":[2147483647,0,0,1,1,2,2,3,3],"right_children":[2,4,6,8,-1,-1,-1,-1,-1],"split_conditions":[8.042077E-1,6.027799E-1,9.037022E-1,2.0118384E-1,2.0776367E-1,8.436924E-1,3.3056774E0,-2.469573E0,-9.950823E-1],"split_indices":[0,0,0,0,0,0,0,0,0],"split_type":[0,0,0,0,0,0,0,0,0],"sum_hessian":[9E0,6E0,3E0,5E0,1E0,1E0,2E0,2E0,3E0],"tree_param":{"num_deleted":"0","num_feature":"2","num_nodes":"9","size_leaf_vector":"1"}},{"base_weights":[6.570541E-1,-1.4574082E1,2.714728E1,-1.7661015E1,1.9737549E-1,8.0150795E-1,3.0852988E0,-2.3049347E0,-9.2045116E-1],"categories":[],"categories_nodes":[],"categories_segments":[],"categories_sizes":[],"default_left":[0,0,0,0,0,0,0,0,0],"id":12,"left_children":[1,3,5,7,-1,-1,-1,-1,-1],"loss_changes":[4.430409E3,3.9243286E2,3.63042E1,6.1240845E1,0E0,0E0,0E0,0E0,0E0],"parents":[2147483647,0,0,1,1,2,2,3,3],"right_children":[2,4,6,8,-1,-1,-1,-1,-1],"split_conditions":[8.042077E-1,6.027799E-1,9.037022E-1,2.0118384E-1,1.9737549E-1,8.0150795E-1,3.0852988E0,-2.3049347E0,-9.2045116E-1],"split_indices":[0,0,0,0,0,0,0,0,0],"split_type":[0,0,0,0,0,0,0,0,0],"sum_hessian":[9E0,6E0,3E0,5E0,1E0,1E0,2E0,2E0,3E0],"tree_param":{"num_deleted":"0","num_feature":"2","num_nodes":"9","size_leaf_vector":"1"}},{"base_weights":[6.772293E-1,-1.3549247E1,2.5404255E1,-1.8041798E0,-1.5452448E0,7.6143265E-1,2.8796122E0,-4.192936E-1,1.8750687E-1],"categories":[],"categories_nodes":[],"categories_segments":[],"categories_sizes":[],"default_left":[0,0,0,0,0,0,0,0,0],"id":13,"left_children":[1,3,5,-1,7,-1,-1,-1,-1],"loss_changes":[3.8619927E3,3.4962122E2,2.2101318E1,0E0,3.5029842E1,0E0,0E0,0E0,0E0],"parents":[2147483647,0,0,1,1,2,2,4,4],"right_children":[2,4,6,-1,8,-1,-1,-1,-1],"split_conditions":[8.042077E-1,4.022471E-1,9.037022E-1,-1.8041798E0,6.027799E-1,7.6143265E-1,2.8796122E0,-4.192936E-1,1.8750687E-1],"split_indices":[0,0,0,0,0,0,0,0,0],"split_type":[0,0,0,0,0,0,0,0,0],"sum_hessian":[9E0,6E0,3E0,4E0,2E0,1E0,2E0,1E0,1E0],"tree_param":{"num_deleted":"0","num_feature":"2","num_nodes":"9","size_leaf_vector":"1"}},{"base_weights":[7.700157E-1,-1.2485174E1,2.3774094E1,-1.5159808E1,1.7813149E-1,7.233612E-1,2.6876383E0,-2.0309937E0,-7.507259E-1],"categories":[],"categories_nodes":[],"categories_segments":[],"categories_sizes":[],"default_left":[0,0,0,0,0,0,0,0,0],"id":14,"left_children":[1,3,5,7,-1,-1,-1,-1,-1],"loss_changes":[3.3460579E3,2.941078E2,1.0840332E1,8.39978E1,0E0,0E0,0E0,0E0,0E0],"parents":[2147483647,0,0,1,1,2,2,3,3],"right_children":[2,4,6,8,-1,-1,-1,-1,-1],"split_conditions":[8.042077E-1,6.027799E-1,9.037022E-1,2.0118384E-1,1.7813149E-1,7.233612E-1,2.6876383E0,-2.0309937E0,-7.507259E-1],"split_indices":[0,0,0,0,0,0,0,0,0],"split_type":[0,0,0,0,0,0,0,0,0],"sum_hessian":[9E0,6E0,3E0,5E0,1E0,1E0,2E0,2E0,3E0],"tree_param":{"num_deleted":"0","num_feature":"2","num_nodes":"9","size_leaf_vector":"1"}},{"base_weights":[7.7375567E-1,-1.1608598E1,2.2249435E1,-1.7039932E0,-3.275115E0,1.0227768E0,2.915722E0,-5.494986E-1,1.6922493E-1],"categories":[],"categories_nodes":[],"categories_segments":[],"categories_sizes":[],"default_left":[0,0,0,0,0,0,0,0,0],"id":15,"left_children":[1,3,5,-1,7,-1,-1,-1,-1],"loss_changes":[2.9174792E3,2.610257E2,3.3959106E1,0E0,5.340653E1,0E0,0E0,0E0,0E0],"parents":[2147483647,0,0,1,1,2,2,4,4],"right_children":[2,4,6,-1,8,-1,-1,-1,-1],"split_conditions":[8.042077E-1,3.0184552E-1,1E0,-1.7039932E0,6.027799E-1,1.0227768E0,2.915722E0,-5.494986E-1,1.6922493E-1],"split_indices":[0,0,0,0,0,0,0,0,0],"split_type":[0,0,0,0,0,0,0,0,0],"sum_hessian":[9E0,6E0,3E0,3E0,3E0,2E0,1E0,2E0,1E0],"tree_param":{"num_deleted":"0","num_feature":"2","num_nodes":"9","size_leaf_vector":"1"}},{"base_weights":[8.818024E-1,-1.074549E1,2.1009113E1,-1.7819945E0,-4.35172E0,9.545914E-1,2.7699356E0,-6.2434673E-1,1.6076355E-1],"categories":[],"categories_nodes":[],"categories_segments":[],"categories_sizes":[],"default_left":[0,0,0,0,0,0,0,0,0],"id":16,"left_children":[1,3,5,-1,7,-1,-1,-1,-1],"loss_changes":[2.5660146E3,2.3907965E2,4.2350708E1,0E0,6.6405205E1,0E0,0E0,0E0,0E0],"parents":[2147483647,0,0,1,1,2,2,4,4],"right_children":[2,4,6,-1,8,-1,-1,-1,-1],"split_conditions":[8.042077E-1,2.0118384E-1,1E0,-1.7819945E0,6.027799E-1,9.545914E-1,2.7699356E0,-6.2434673E-1,1.6076355E-1],"split_indices":[0,0,0,0,0,0,0,0,0],"split_type":[0,0,0,0,0,0,0,0,0],"sum_hessian":[9E0,6E0,3E0,2E0,4E0,2E0,1E0,3E0,1E0],"tree_param":{"num_deleted":"0","num_feature":"2","num_nodes":"9","size_leaf_vector":"1"}},{"base_weights":[9.4151765E-1,-9.991738E0,1.9839336E1,-1.6631949E0,-4.009265E0,8.9095205E-1,2.6314392E0,-5.775208E-1,1.5272522E-1],"categories":[],"categories_nodes":[],"categories_segments":[],"categories_sizes":[],"default_left":[0,0,0,0,0,0,0,0,0],"id":17,"left_children":[1,3,5,-1,7,-1,-1,-1,-1],"loss_changes":[2.2643765E3,2.1139221E2,4.8635986E1,0E0,5.7706055E1,0E0,0E0,0E0,0E0],"parents":[2147483647,0,0,1,1,2,2,4,4],"right_children":[2,4,6,-1,8,-1,-1,-1,-1],"split_conditions":[8.042077E-1,2.0118384E-1,1E0,-1.6631949E0,6.027799E-1,8.9095205E-1,2.6314392E0,-5.775208E-1,1.5272522E-1],"split_indices":[0,0,0,0,0,0,0,0,0],"split_type":[0,0,0,0,0,0,0,0,0],"sum_hessian":[9E0,6E0,3E0,2E0,4E0,2E0,1E0,3E0,1E0],"tree_param":{"num_deleted":"0","num_feature":"2","num_nodes":"9","size_leaf_vector":"1"}},{"base_weights":[9.908081E-1,-9.290848E0,1.8736004E1,-1.5523151E0,-3.693297E0,8.3155566E-1,2.4998672E0,-5.3420657E-1,1.4508896E-1],"categories":[],"categories_nodes":[],"categories_segments":[],"categories_sizes":[],"default_left":[0,0,0,0,0,0,0,0,0],"id":18,"left_children":[1,3,5,-1,7,-1,-1,-1,-1],"loss_changes":[1.9985734E3,1.868678E2,5.3161377E1,0E0,5.0158615E1,0E0,0E0,0E0,0E0],"parents":[2147483647,0,0,1,1,2,2,4,4],"right_children":[2,4,6,-1,8,-1,-1,-1,-1],"split_conditions":[8.042077E-1,2.0118384E-1,1E0,-1.5523151E0,6.027799E-1,8.3155566E-1,2.4998672E0,-5.3420657E-1,1.4508896E-1],"split_indices":[0,0,0,0,0,0,0,0,0],"split_type":[0,0,0,0,0,0,0,0,0],"sum_hessian":[9E0,6E0,3E0,2E0,4E0,2E0,1E0,3E0,1E0],"tree_param":{"num_deleted":"0","num_feature":"2","num_nodes":"9","size_leaf_vector":"1"}},{"base_weights":[1.0307267E0,-8.63911E0,1.769526E1,-1.4488274E0,-3.40179E0,7.7611846E-1,2.374874E0,-4.94141E-1,1.3783455E-1],"categories":[],"categories_nodes":[],"categories_segments":[],"categories_sizes":[],"default_left":[0,0,0,0,0,0,0,0,0],"id":19,"left_children":[1,3,5,-1,7,-1,-1,-1,-1],"loss_changes":[1.7643043E3,1.6515149E2,5.622461E1,0E0,4.360894E1,0E0,0E0,0E0,0E0],"parents":[2147483647,0,0,1,1,2,2,4,4],"right_children":[2,4,6,-1,8,-1,-1,-1,-1],"split_conditions":[8.042077E-1,2.0118384E-1,1E0,-1.4488274E0,6.027799E-1,7.7611846E-1,2.374874E0,-4.94141E-1,1.3783455E-1],"split_indices":[0,0,0,0,0,0,0,0,0],"split_type":[0,0,0,0,0,0,0,0,0],"sum_hessian":[9E0,6E0,3E0,2E0,4E0,2E0,1E0,3E0,1E0],"tree_param":{"num_deleted":"0","num_feature":"2","num_nodes":"9","size_leaf_vector":"1"}},{"base_weights":[1.0622387E0,-8.033075E0,1.6713478E1,-1.3522389E0,-3.132872E0,7.243769E-1,2.2561302E0,-4.5708045E-1,1.3094293E-1],"categories":[],"categories_nodes":[],"categories_segments":[],"categories_sizes":[],"default_left":[0,0,0,0,0,0,0,0,0],"id":20,"left_children":[1,3,5,-1,7,-1,-1,-1,-1],"loss_changes":[1.5577899E3,1.459274E2,5.8079834E1,0E0,3.7923786E1,0E0,0E0,0E0,0E0],"parents":[2147483647,0,0,1,1,2,2,4,4],"right_children":[2,4,6,-1,8,-1,-1,-1,-1],"split_conditions":[8.042077E-1,2.0118384E-1,1E0,-1.3522389E0,6.027799E-1,7.243769E-1,2.2561302E0,-4.5708045E-1,1.3094293E-1],"split_indices":[0,0,0,0,0,0,0,0,0],"split_type":[0,0,0,0,0,0,0,0,0],"sum_hessian":[9E0,6E0,3E0,2E0,4E0,2E0,1E0,3E0,1E0],"tree_param":{"num_deleted":"0","num_feature":"2","num_nodes":"9","size_leaf_vector":"1"}},{"base_weights":[1.0862267E0,-7.469536E0,1.5787254E1,-1.4700047E0,-3.8144429E0,6.7608494E-1,2.1433237E0,-5.0749147E-1,1.2439575E-1],"categories":[],"categories_nodes":[],"categories_segments":[],"categories_sizes":[],"default_left":[0,0,0,0,0,0,0,0,0],"id":21,"left_children":[1,3,5,-1,7,-1,-1,-1,-1],"loss_changes":[1.3757085E3,1.2892484E2,5.8944824E1,0E0,4.456881E1,0E0,0E0,0E0,0E0],"parents":[2147483647,0,0,1,1,2,2,4,4],"right_children":[2,4,6,-1,8,-1,-1,-1,-1],"split_conditions":[8.042077E-1,1.00548565E-1,1E0,-1.4700047E0,6.027799E-1,6.7608494E-1,2.1433237E0,-5.0749147E-1,1.2439575E-1],"split_indices":[0,0,0,0,0,0,0,0,0],"split_type":[0,0,0,0,0,0,0,0,0],"sum_hessian":[9E0,6E0,3E0,1E0,5E0,2E0,1E0,4E0,1E0],"tree_param":{"num_deleted":"0","num_feature":"2","num_nodes":"9","size_leaf_vector":"1"}},{"base_weights":[1.0742344E0,-6.987311E0,1.491338E1,-1.3965044E0,-3.4968479E0,6.310125E-1,2.0361574E0,-4.668921E-1,1.1817589E-1],"categories":[],"categories_nodes":[],"categories_segments":[],"categories_sizes":[],"default_left":[0,0,0,0,0,0,0,0,0],"id":22,"left_children":[1,3,5,-1,7,-1,-1,-1,-1],"loss_changes":[1.2198533E3,1.2165503E2,5.90047E1,0E0,3.8419556E1,0E0,0E0,0E0,0E0],"parents":[2147483647,0,0,1,1,2,2,4,4],"right_children":[2,4,6,-1,8,-1,-1,-1,-1],"split_conditions":[8.042077E-1,1.00548565E-1,1E0,-1.3965044E0,6.027799E-1,6.310125E-1,2.0361574E0,-4.668921E-1,1.1817589E-1],"split_indices":[0,0,0,0,0,0,0,0,0],"split_type":[0,0,0,0,0,0,0,0,0],"sum_hessian":[9E0,6E0,3E0,1E0,5E0,2E0,1E0,4E0,1E0],"tree_param":{"num_deleted":"0","num_feature":"2","num_nodes":"9","size_leaf_vector":"1"}},{"base_weights":[1.0590045E0,-6.537898E0,1.4088833E1,-1.3266792E0,-3.2052834E0,5.8894503E-1,1.9343491E0,-4.2954078E-1,1.1226692E-1],"categories":[],"categories_nodes":[],"categories_segments":[],"categories_sizes":[],"default_left":[0,0,0,0,0,0,0,0,0],"id":23,"left_children":[1,3,5,-1,7,-1,-1,-1,-1],"loss_changes":[1.0819746E3,1.1444986E2,5.8417297E1,0E0,3.3130363E1,0E0,0E0,0E0,0E0],"parents":[2147483647,0,0,1,1,2,2,4,4],"right_children":[2,4,6,-1,8,-1,-1,-1,-1],"split_conditions":[8.042077E-1,1.00548565E-1,1E0,-1.3266792E0,6.027799E-1,5.8894503E-1,1.9343491E0,-4.2954078E-1,1.1226692E-1],"split_indices":[0,0,0,0,0,0,0,0,0],"split_type":[0,0,0,0,0,0,0,0,0],"sum_hessian":[9E0,6E0,3E0,1E0,5E0,2E0,1E0,4E0,1E0],"tree_param":{"num_deleted":"0","num_feature":"2","num_nodes":"9","size_leaf_vector":"1"}},{"base_weights":[1.0410383E0,-6.118958E0,1.3310772E1,-1.2603453E0,-2.9376333E0,5.496821E-1,1.8376312E0,-3.9517742E-1,1.0665359E-1],"categories":[],"categories_nodes":[],"categories_segments":[],"categories_sizes":[],"default_left":[0,0,0,0,0,0,0,0,0],"id":24,"left_children":[1,3,5,-1,7,-1,-1,-1,-1],"loss_changes":[9.599605E2,1.07380646E2,5.7316223E1,0E0,2.8579464E1,0E0,0E0,0E0,0E0],"parents":[2147483647,0,0,1,1,2,2,4,4],"right_children":[2,4,6,-1,8,-1,-1,-1,-1],"split_conditions":[8.042077E-1,1.00548565E-1,1E0,-1.2603453E0,6.027799E-1,5.496821E-1,1.8376312E0,-3.9517742E-1,1.0665359E-1],"split_indices":[0,0,0,0,0,0,0,0,0],"split_type":[0,0,0,0,0,0,0,0,0],"sum_hessian":[9E0,6E0,3E0,1E0,5E0,2E0,1E0,4E0,1E0],"tree_param":{"num_deleted":"0","num_feature":"2","num_nodes":"9","size_leaf_vector":"1"}},{"base_weights":[1.020779E0,-5.7283287E0,1.2576523E1,-1.0203351E0,-1.8976501E0,5.130366E-1,1.7457497E0,-2.878668E-1,1.01321034E-1],"categories":[],"categories_nodes":[],"categories_segments":[],"categories_sizes":[],"default_left":[0,0,0,0,0,0,0,0,0],"id":25,"left_children":[1,3,5,-1,7,-1,-1,-1,-1],"loss_changes":[8.51952E2,1.00634155E2,5.5814636E1,0E0,1.7194723E1,0E0,0E0,0E0,0E0],"parents":[2147483647,0,0,1,1,2,2,4,4],"right_children":[2,4,6,-1,8,-1,-1,-1,-1],"split_conditions":[8.042077E-1,2.0118384E-1,1E0,-1.0203351E0,6.027799E-1,5.130366E-1,1.7457497E0,-2.878668E-1,1.01321034E-1],"split_indices":[0,0,0,0,0,0,0,0,0],"split_type":[0,0,0,0,0,0,0,0,0],"sum_hessian":[9E0,6E0,3E0,2E0,4E0,2E0,1E0,3E0,1E0],"tree_param":{"num_deleted":"0","num_feature":"2","num_nodes":"9","size_leaf_vector":"1"}},{"base_weights":[1.0238937E0,-5.327907E0,1.1883572E1,-1.1463113E0,-2.3948538E0,4.7883454E-1,1.6584625E0,-3.258845E0,9.6255116E-2,-3.600534E-1,-9.460449E-2],"categories":[],"categories_nodes":[],"categories_segments":[],"categories_sizes":[],"default_left":[0,0,0,0,0,0,0,0,0,0,0],"id":26,"left_children":[1,3,5,-1,7,-1,-1,9,-1,-1,-1],"loss_changes":[7.530997E2,9.85117E1,5.4007263E1,0E0,2.0541416E1,0E0,0E0,5.4502106E-1,0E0,0E0,0E0],"parents":[2147483647,0,0,1,1,2,2,4,4,7,7],"right_children":[2,4,6,-1,8,-1,-1,10,-1,-1,-1],"split_conditions":[8.042077E-1,1.00548565E-1,1E0,-1.1463113E0,6.027799E-1,4.7883454E-1,1.6584625E0,4.022471E-1,9.6255116E-2,-3.600534E-1,-9.460449E-2],"split_indices":[0,0,0,0,0,0,0,0,0,0,0],"split_type":[0,0,0,0,0,0,0,0,0,0,0],"sum_hessian":[9E0,6E0,3E0,1E0,5E0,2E0,1E0,4E0,1E0,3E0,1E0],"tree_param":{"num_deleted":"0","num_feature":"2","num_nodes":"11","size_leaf_vector":"1"}},{"base_weights":[9.847628E-1,-5.010075E0,1.1229538E1,-1.0889958E0,-2.2151015E0,4.4691214E-1,1.5755395E0,-3.023892E0,9.144249E-2,-3.3304936E-1,-8.987427E-2],"categories":[],"categories_nodes":[],"categories_segments":[],"categories_sizes":[],"default_left":[0,0,0,0,0,0,0,0,0,0,0],"id":27,"left_children":[1,3,5,-1,7,-1,-1,9,-1,-1,-1],"loss_changes":[6.7041846E2,9.091646E1,5.1973938E1,0E0,1.7951902E1,0E0,0E0,2.6461792E-1,0E0,0E0,0E0],"parents":[2147483647,0,0,1,1,2,2,4,4,7,7],"right_children":[2,4,6,-1,8,-1,-1,10,-1,-1,-1],"split_conditions":[8.042077E-1,1.00548565E-1,1E0,-1.0889958E0,6.027799E-1,4.4691214E-1,1.5755395E0,4.022471E-1,9.144249E-2,-3.3304936E-1,-8.987427E-2],"split_indices":[0,0,0,0,0,0,0,0,0,0,0],"split_type":[0,0,0,0,0,0,0,0,0,0,0],"sum_hessian":[9E0,6E0,3E0,1E0,5E0,2E0,1E0,4E0,1E0,3E0,1E0],"tree_param":{"num_deleted":"0","num_feature":"2","num_nodes":"11","size_leaf_vector":"1"}},{"base_weights":[9.464825E-1,-4.711993E0,1.0612194E1,-1.034546E0,-2.0488386E0,4.1711783E-1,1.4967622E0,-2.806087E0,8.687019E-2,-3.0807063E-1,-8.5380554E-2],"categories":[],"categories_nodes":[],"categories_segments":[],"categories_sizes":[],"default_left":[0,0,0,0,0,0,0,0,0,0,0],"id":28,"left_children":[1,3,5,-1,7,-1,-1,9,-1,-1,-1],"loss_changes":[5.9693646E2,8.3823364E1,4.9780914E1,0E0,1.5693472E1,0E0,0E0,5.034256E-2,0E0,0E0,0E0],"parents":[2147483647,0,0,1,1,2,2,4,4,7,7],"right_children":[2,4,6,-1,8,-1,-1,10,-1,-1,-1],"split_conditions":[8.042077E-1,1.00548565E-1,1E0,-1.034546E0,6.027799E-1,4.1711783E-1,1.4967622E0,4.022471E-1,8.687019E-2,-3.0807063E-1,-8.5380554E-2],"split_indices":[0,0,0,0,0,0,0,0,0,0,0],"split_type":[0,0,0,0,0,0,0,0,0,0,0],"sum_hessian":[9E0,6E0,3E0,1E0,5E0,2E0,1E0,4E0,1E0,3E0,1E0],"tree_param":{"num_deleted":"0","num_feature":"2","num_nodes":"11","size_leaf_vector":"1"}},{"base_weights":[9.0911025E-1,-4.432383E0,1.0029446E1,-9.828187E-1,-1.895051E0,3.893102E-1,1.4219239E0,-2.6041684E-1,8.252678E-2],"categories":[],"categories_nodes":[],"categories_segments":[],"categories_sizes":[],"default_left":[0,0,0,0,0,0,0,0,0],"id":29,"left_children":[1,3,5,-1,7,-1,-1,-1,-1],"loss_changes":[5.316164E2,7.72117E1,4.7483063E1,0E0,1.3723286E1,0E0,0E0,0E0,0E0],"parents":[2147483647,0,0,1,1,2,2,4,4],"right_children":[2,4,6,-1,8,-1,-1,-1,-1],"split_conditions":[8.042077E-1,1.00548565E-1,1E0,-9.828187E-1,6.027799E-1,3.893102E-1,1.4219239E0,-2.6041684E-1,8.252678E-2],"split_indices":[0,0,0,0,0,0,0,0,0],"split_type":[0,0,0,0,0,0,0,0,0],"sum_hessian":[9E0,6E0,3E0,1E0,5E0,2E0,1E0,4E0,1E0],"tree_param":{"num_deleted":"0","num_feature":"2","num_nodes":"9","size_leaf_vector":"1"}},{"base_weights":[8.8325137E-1,-4.15496E0,9.479309E0,-9.336778E-1,-1.7351946E0,3.6335602E-1,1.3508278E0,-2.3958352E0,7.8400426E-2,-2.65434E-1,-6.809082E-2],"categories":[],"categories_nodes":[],"categories_segments":[],"categories_sizes":[],"default_left":[0,0,0,0,0,0,0,0,0,0,0],"id":30,"left_children":[1,3,5,-1,7,-1,-1,9,-1,-1,-1],"loss_changes":[4.7247375E2,7.157036E1,4.512622E1,0E0,1.1864052E1,0E0,0E0,4.0922356E-1,0E0,0E0,0E0],"parents":[2147483647,0,0,1,1,2,2,4,4,7,7],"right_children":[2,4,6,-1,8,-1,-1,10,-1,-1,-1],"split_conditions":[8.042077E-1,1.00548565E-1,1E0,-9.336778E-1,6.027799E-1,3.6335602E-1,1.3508278E0,4.022471E-1,7.8400426E-2,-2.65434E-1,-6.809082E-2],"split_indices":[0,0,0,0,0,0,0,0,0,0,0],"split_type":[0,0,0,0,0,0,0,0,0,0,0],"sum_hessian":[9E0,6E0,3E0,1E0,5E0,2E0,1E0,4E0,1E0,3E0,1E0],"tree_param":{"num_deleted":"0","num_feature":"2","num_nodes":"11","size_leaf_vector":"1"}},{"base_weights":[8.474642E-1,-3.9092927E0,8.959923E0,-8.869939E-1,-1.6041952E0,3.391322E-1,1.2832863E0,-2.2229562E0,7.448044E-2,-2.4552642E-1,-6.46862E-2],"categories":[],"categories_nodes":[],"categories_segments":[],"categories_sizes":[],"default_left":[0,0,0,0,0,0,0,0,0,0,0],"id":31,"left_children":[1,3,5,-1,7,-1,-1,9,-1,-1,-1],"loss_changes":[4.2091693E2,6.581429E1,4.274707E1,0E0,1.037648E1,0E0,0E0,2.4247932E-1,0E0,0E0,0E0],"parents":[2147483647,0,0,1,1,2,2,4,4,7,7],"right_children":[2,4,6,-1,8,-1,-1,10,-1,-1,-1],"split_conditions":[8.042077E-1,1.00548565E-1,1E0,-8.869939E-1,6.027799E-1,3.391322E-1,1.2832863E0,4.022471E-1,7.448044E-2,-2.4552642E-1,-6.46862E-2],"split_indices":[0,0,0,0,0,0,0,0,0,0,0],"split_type":[0,0,0,0,0,0,0,0,0,0,0],"sum_hessian":[9E0,6E0,3E0,1E0,5E0,2E0,1E0,4E0,1E0,3E0,1E0],"tree_param":{"num_deleted":"0","num_feature":"2","num_nodes":"11","size_leaf_vector":"1"}},{"base_weights":[8.126892E-1,-3.6787524E0,8.46954E0,-8.426442E-1,-1.4830637E0,3.1652376E-1,1.2191223E0,-2.0627027E0,7.075653E-2,-2.2711197E-1,-6.1451722E-2],"categories":[],"categories_nodes":[],"categories_segments":[],"categories_sizes":[],"default_left":[0,0,0,0,0,0,0,0,0,0,0],"id":32,"left_children":[1,3,5,-1,7,-1,-1,9,-1,-1,-1],"loss_changes":[3.750603E2,6.047419E1,4.037561E1,0E0,9.078137E0,0E0,0E0,1.1349106E-1,0E0,0E0,0E0],"parents":[2147483647,0,0,1,1,2,2,4,4,7,7],"right_children":[2,4,6,-1,8,-1,-1,10,-1,-1,-1],"split_conditions":[8.042077E-1,1.00548565E-1,1E0,-8.426442E-1,6.027799E-1,3.1652376E-1,1.2191223E0,4.022471E-1,7.075653E-2,-2.2711197E-1,-6.1451722E-2],"split_indices":[0,0,0,0,0,0,0,0,0,0,0],"split_type":[0,0,0,0,0,0,0,0,0,0,0],"sum_hessian":[9E0,6E0,3E0,1E0,5E0,2E0,1E0,4E0,1E0,3E0,1E0],"tree_param":{"num_deleted":"0","num_feature":"2","num_nodes":"11","size_leaf_vector":"1"}},{"base_weights":[7.7893984E-1,-2.6753807E0,9.730815E0,-8.00512E-1,-7.704007E-1,3.014557E-1,1.1581665E0,-1.9141445E0,1.3926391E-1,-2.1007858E-1,-5.8378983E-2],"categories":[],"categories_nodes":[],"categories_segments":[],"categories_sizes":[],"default_left":[0,0,0,0,0,0,0,0,0,0,0],"id":33,"left_children":[1,3,5,-1,7,-1,-1,9,-1,-1,-1],"loss_changes":[3.3526007E2,7.505722E1,2.3787842E0,0E0,1.9983456E1,0E0,0E0,1.5077591E-2,0E0,0E0,0E0],"parents":[2147483647,0,0,1,1,2,2,4,4,7,7],"right_children":[2,4,6,-1,8,-1,-1,10,-1,-1,-1],"split_conditions":[9.037022E-1,1.00548565E-1,1E0,-8.00512E-1,6.027799E-1,3.014557E-1,1.1581665E0,4.022471E-1,1.3926391E-1,-2.1007858E-1,-5.8378983E-2],"split_indices":[0,0,0,0,0,0,0,0,0,0,0],"split_type":[0,0,0,0,0,0,0,0,0,0,0],"sum_hessian":[9E0,7E0,2E0,1E0,6E0,1E0,1E0,4E0,2E0,3E0,1E0],"tree_param":{"num_deleted":"0","num_feature":"2","num_nodes":"11","size_leaf_vector":"1"}},{"base_weights":[7.540369E-1,-2.5240562E0,9.244273E0,-7.604864E-1,-7.118173E-1,2.8638306E-1,1.1002579E0,-1.7764209E-1,1.2997946E-1],"categories":[],"categories_nodes":[],"categories_segments":[],"categories_sizes":[],"default_left":[0,0,0,0,0,0,0,0,0],"id":34,"left_children":[1,3,5,-1,7,-1,-1,-1,-1],"loss_changes":[3.016509E2,6.824783E1,2.1467896E0,0E0,1.7299967E1,0E0,0E0,0E0,0E0],"parents":[2147483647,0,0,1,1,2,2,4,4],"right_children":[2,4,6,-1,8,-1,-1,-1,-1],"split_conditions":[9.037022E-1,1.00548565E-1,1E0,-7.604864E-1,6.027799E-1,2.8638306E-1,1.1002579E0,-1.7764209E-1,1.2997946E-1],"split_indices":[0,0,0,0,0,0,0,0,0],"split_type":[0,0,0,0,0,0,0,0,0],"sum_hessian":[9E0,7E0,2E0,1E0,6E0,1E0,1E0,4E0,2E0],"tree_param":{"num_deleted":"0","num_feature":"2","num_nodes":"9","size_leaf_vector":"1"}},{"base_weights":[7.3648435E-1,-2.3726685E0,8.7820635E0,-7.224621E-1,-6.474438E-1,2.720642E-1,1.0452454E0,-1.6343067E0,1.2131424E-1,-1.8099943E-1,-4.6577837E-2],"categories":[],"categories_nodes":[],"categories_segments":[],"categories_sizes":[],"default_left":[0,0,0,0,0,0,0,0,0,0,0],"id":35,"left_children":[1,3,5,-1,7,-1,-1,9,-1,-1,-1],"loss_changes":[2.709863E2,6.2288124E1,1.9374084E0,0E0,1.4835651E1,0E0,0E0,1.8342304E-1,0E0,0E0,0E0],"parents":[2147483647,0,0,1,1,2,2,4,4,7,7],"right_children":[2,4,6,-1,8,-1,-1,10,-1,-1,-1],"split_conditions":[9.037022E-1,1.00548565E-1,1E0,-7.224621E-1,6.027799E-1,2.720642E-1,1.0452454E0,4.022471E-1,1.2131424E-1,-1.8099943E-1,-4.6577837E-2],"split_indices":[0,0,0,0,0,0,0,0,0,0,0],"split_type":[0,0,0,0,0,0,0,0,0,0,0],"sum_hessian":[9E0,7E0,2E0,1E0,6E0,1E0,1E0,4E0,2E0,3E0,1E0],"tree_param":{"num_deleted":"0","num_feature":"2","num_nodes":"11","size_leaf_vector":"1"}},{"base_weights":[7.116953E-1,-2.2389915E0,8.342961E0,-6.86339E-1,-5.978789E-1,2.58461E-1,9.929833E-1,-1.5163914E0,1.1322683E-1,-1.6742444E-1,-4.4248965E-2],"categories":[],"categories_nodes":[],"categories_segments":[],"categories_sizes":[],"default_left":[0,0,0,0,0,0,0,0,0,0,0],"id":36,"left_children":[1,3,5,-1,7,-1,-1,9,-1,-1,-1],"loss_changes":[2.4385457E2,5.660979E1,1.7485352E0,0E0,1.2841093E1,0E0,0E0,1.0675812E-1,0E0,0E0,0E0],"parents":[2147483647,0,0,1,1,2,2,4,4,7,7],"right_children":[2,4,6,-1,8,-1,-1,10,-1,-1,-1],"split_conditions":[9.037022E-1,1.00548565E-1,1E0,-6.86339E-1,6.027799E-1,2.58461E-1,9.929833E-1,4.022471E-1,1.1322683E-1,-1.6742444E-1,-4.4248965E-2],"split_indices":[0,0,0,0,0,0,0,0,0,0,0],"split_type":[0,0,0,0,0,0,0,0,0,0,0],"sum_hessian":[9E0,7E0,2E0,1E0,6E0,1E0,1E0,4E0,2E0,3E0,1E0],"tree_param":{"num_deleted":"0","num_feature":"2","num_nodes":"11","size_leaf_vector":"1"}},{"base_weights":[6.871932E-1,-2.1131897E0,7.925817E0,-6.5202206E-1,-5.52154E-1,2.4553834E-1,9.433342E-1,-1.407087E0,1.0567856E-1,-1.5486765E-1,-4.203644E-2],"categories":[],"categories_nodes":[],"categories_segments":[],"categories_sizes":[],"default_left":[0,0,0,0,0,0,0,0,0,0,0],"id":37,"left_children":[1,3,5,-1,7,-1,-1,9,-1,-1,-1],"loss_changes":[2.1945792E2,5.143609E1,1.5779877E0,0E0,1.1115738E1,0E0,0E0,4.753971E-2,0E0,0E0,0E0],"parents":[2147483647,0,0,1,1,2,2,4,4,7,7],"right_children":[2,4,6,-1,8,-1,-1,10,-1,-1,-1],"split_conditions":[9.037022E-1,1.00548565E-1,1E0,-6.5202206E-1,6.027799E-1,2.4553834E-1,9.433342E-1,4.022471E-1,1.0567856E-1,-1.5486765E-1,-4.203644E-2],"split_indices":[0,0,0,0,0,0,0,0,0,0,0],"split_type":[0,0,0,0,0,0,0,0,0,0,0],"sum_hessian":[9E0,7E0,2E0,1E0,6E0,1E0,1E0,4E0,2E0,3E0,1E0],"tree_param":{"num_deleted":"0","num_feature":"2","num_nodes":"11","size_leaf_vector":"1"}},{"base_weights":[6.630367E-1,-1.9947762E0,7.5295258E0,-6.1942095E-1,-5.0997025E-1,2.3326111E-1,8.9616776E-1,-1.3057582E0,9.863332E-2,-1.4325252E-1,-3.9934542E-2],"categories":[],"categories_nodes":[],"categories_segments":[],"categories_sizes":[],"default_left":[0,0,0,0,0,0,0,0,0,0,0],"id":38,"left_children":[1,3,5,-1,7,-1,-1,9,-1,-1,-1],"loss_changes":[1.9751816E2,4.672388E1,1.4241791E0,0E0,9.6230955E0,0E0,0E0,2.4433136E-3,0E0,0E0,0E0],"parents":[2147483647,0,0,1,1,2,2,4,4,7,7],"right_children":[2,4,6,-1,8,-1,-1,10,-1,-1,-1],"split_conditions":[9.037022E-1,1.00548565E-1,1E0,-6.1942095E-1,6.027799E-1,2.3326111E-1,8.9616776E-1,4.022471E-1,9.863332E-2,-1.4325252E-1,-3.9934542E-2],"split_indices":[0,0,0,0,0,0,0,0,0,0,0],"split_type":[0,0,0,0,0,0,0,0,0,0,0],"sum_hessian":[9E0,7E0,2E0,1E0,6E0,1E0,1E0,4E0,2E0,3E0,1E0],"tree_param":{"num_deleted":"0","num_feature":"2","num_nodes":"11","size_leaf_vector":"1"}},{"base_weights":[6.39279E-1,-1.8832953E0,7.153051E0,-5.884499E-1,-4.7105217E-1,2.2159806E-1,8.5135955E-1,-1.2118199E0,9.20578E-2,-1.4629778E-1,-5.56722E-2],"categories":[],"categories_nodes":[],"categories_segments":[],"categories_sizes":[],"default_left":[0,0,0,0,0,0,0,0,0,0,0],"id":39,"left_children":[1,3,5,-1,7,-1,-1,9,-1,-1,-1],"loss_changes":[1.7778603E2,4.2433468E1,1.2853546E0,0E0,8.331697E0,0E0,0E0,8.193016E-3,0E0,0E0,0E0],"parents":[2147483647,0,0,1,1,2,2,4,4,7,7],"right_children":[2,4,6,-1,8,-1,-1,10,-1,-1,-1],"split_conditions":[9.037022E-1,1.00548565E-1,1E0,-5.884499E-1,6.027799E-1,2.2159806E-1,8.5135955E-1,3.0184552E-1,9.20578E-2,-1.4629778E-1,-5.56722E-2],"split_indices":[0,0,0,0,0,0,0,0,0,0,0],"split_type":[0,0,0,0,0,0,0,0,0,0,0],"sum_hessian":[9E0,7E0,2E0,1E0,6E0,1E0,1E0,4E0,2E0,2E0,2E0],"tree_param":{"num_deleted":"0","num_feature":"2","num_nodes":"11","size_leaf_vector":"1"}},{"base_weights":[6.128098E-1,-1.7822609E0,6.795395E0,-5.590274E-1,-4.3964848E-1,2.1051788E-1,8.0879134E-1,-1.1310322E0,8.5920715E-1,-1.3654462E-1,-5.1960755E-2,2.7211E-2,1.0167008E-1],"categories":[],"categories_nodes":[],"categories_segments":[],"categories_sizes":[],"default_left":[0,0,0,0,0,0,0,0,0,0,0,0,0],"id":40,"left_children":[1,3,5,-1,7,-1,-1,9,11,-1,-1,-1,-1],"loss_changes":[1.6018846E2,3.8443726E1,1.1600647E0,0E0,7.2578444E0,0E0,0E0,7.136345E-3,7.376671E-4,0E0,0E0,0E0,0E0],"parents":[2147483647,0,0,1,1,2,2,4,4,7,7,8,8],"right_children":[2,4,6,-1,8,-1,-1,10,12,-1,-1,-1,-1],"split_conditions":[9.037022E-1,1.00548565E-1,1E0,-5.590274E-1,6.027799E-1,2.1051788E-1,8.0879134E-1,3.0184552E-1,8.042077E-1,-1.3654462E-1,-5.1960755E-2,2.7211E-2,1.0167008E-1],"split_indices":[0,0,0,0,0,0,0,0,0,0,0,0,0],"split_type":[0,0,0,0,0,0,0,0,0,0,0,0,0],"sum_hessian":[9E0,7E0,2E0,1E0,6E0,1E0,1E0,4E0,2E0,2E0,2E0,1E0,1E0],"tree_param":{"num_deleted":"0","num_feature":"2","num_nodes":"13","size_leaf_vector":"1"}},{"base_weights":[5.915952E-1,-1.6813663E0,6.4556274E0,-5.31076E-1,-4.042015E-1,1.9999237E-1,7.6835173E-1,-1.0556297E0,8.1624603E-1,-1.2744166E-1,-4.849663E-2,2.5850296E-2,9.658661E-2],"categories":[],"categories_nodes":[],"categories_segments":[],"categories_sizes":[],"default_left":[0,0,0,0,0,0,0,0,0,0,0,0,0],"id":41,"left_children":[1,3,5,-1,7,-1,-1,9,11,-1,-1,-1,-1],"loss_changes":[1.4414148E2,3.493605E1,1.0468903E0,0E0,6.4268913E0,0E0,0E0,6.219387E-3,6.6947937E-4,0E0,0E0,0E0,0E0],"parents":[2147483647,0,0,1,1,2,2,4,4,7,7,8,8],"right_children":[2,4,6,-1,8,-1,-1,10,12,-1,-1,-1,-1],"split_conditions":[9.037022E-1,1.00548565E-1,1E0,-5.31076E-1,6.027799E-1,1.9999237E-1,7.6835173E-1,3.0184552E-1,8.042077E-1,-1.2744166E-1,-4.849663E-2,2.5850296E-2,9.658661E-2],"split_indices":[0,0,0,0,0,0,0,0,0,0,0,0,0],"split_type":[0,0,0,0,0,0,0,0,0,0,0,0,0],"sum_hessian":[9E0,7E0,2E0,1E0,6E0,1E0,1E0,4E0,2E0,2E0,2E0,1E0,1E0],"tree_param":{"num_deleted":"0","num_feature":"2","num_nodes":"13","size_leaf_vector":"1"}},{"base_weights":[5.7081175E-1,-1.5863014E0,6.132843E0,-5.045222E-1,-3.71424E-1,1.8999253E-1,7.299339E-1,-9.8525393E-1,7.7543384E-1,-1.1894556E-1,-4.526342E-2,2.4557877E-2,9.17572E-2],"categories":[],"categories_nodes":[],"categories_segments":[],"categories_sizes":[],"default_left":[0,0,0,0,0,0,0,0,0,0,0,0,0],"id":42,"left_children":[1,3,5,-1,7,-1,-1,9,11,-1,-1,-1,-1],"loss_changes":[1.2970786E2,3.17434E1,9.448471E-1,0E0,5.6918287E0,0E0,0E0,5.4211617E-3,6.017685E-4,0E0,0E0,0E0,0E0],"parents":[2147483647,0,0,1,1,2,2,4,4,7,7,8,8],"right_children":[2,4,6,-1,8,-1,-1,10,12,-1,-1,-1,-1],"split_conditions":[9.037022E-1,1.00548565E-1,1E0,-5.045222E-1,6.027799E-1,1.8999253E-1,7.299339E-1,3.0184552E-1,8.042077E-1,-1.1894556E-1,-4.526342E-2,2.4557877E-2,9.17572E-2],"split_indices":[0,0,0,0,0,0,0,0,0,0,0,0,0],"split_type":[0,0,0,0,0,0,0,0,0,0,0,0,0],"sum_hessian":[9E0,7E0,2E0,1E0,6E0,1E0,1E0,4E0,2E0,2E0,2E0,1E0,1E0],"tree_param":{"num_deleted":"0","num_feature":"2","num_nodes":"13","size_leaf_vector":"1"}},{"base_weights":[5.5048305E-1,-1.4967221E0,5.8262024E0,-4.7929606E-1,-3.411222E-1,1.8049316E-1,6.934372E-1,-9.195694E-1,7.366638E-1,-1.0101223E-1,-2.7867889E-2,2.3329927E-2,8.716965E-2],"categories":[],"categories_nodes":[],"categories_segments":[],"categories_sizes":[],"default_left":[0,0,0,0,0,0,0,0,0,0,0,0,0],"id":43,"left_children":[1,3,5,-1,7,-1,-1,9,11,-1,-1,-1,-1],"loss_changes":[1.16725E2,2.8838078E1,8.52684E-1,0E0,5.04151E0,0E0,0E0,8.672714E-3,5.457401E-4,0E0,0E0,0E0,0E0],"parents":[2147483647,0,0,1,1,2,2,4,4,7,7,8,8],"right_children":[2,4,6,-1,8,-1,-1,10,12,-1,-1,-1,-1],"split_conditions":[9.037022E-1,1.00548565E-1,1E0,-4.7929606E-1,6.027799E-1,1.8049316E-1,6.934372E-1,4.022471E-1,8.042077E-1,-1.0101223E-1,-2.7867889E-2,2.3329927E-2,8.716965E-2],"split_indices":[0,0,0,0,0,0,0,0,0,0,0,0,0],"split_type":[0,0,0,0,0,0,0,0,0,0,0,0,0],"sum_hessian":[9E0,7E0,2E0,1E0,6E0,1E0,1E0,4E0,2E0,3E0,1E0,1E0,1E0],"tree_param":{"num_deleted":"0","num_feature":"2","num_nodes":"13","size_leaf_vector":"1"}},{"base_weights":[5.3305995E-1,-1.4092594E0,5.5348916E0,-4.553313E-1,-3.096357E-1,1.7146836E-1,6.5876544E-1,-8.533875E-1,6.998291E-1,-1.0428162E-1,-3.7949625E-2,2.2163391E-2,8.2810976E-2],"categories":[],"categories_nodes":[],"categories_segments":[],"categories_sizes":[],"default_left":[0,0,0,0,0,0,0,0,0,0,0,0,0],"id":44,"left_children":[1,3,5,-1,7,-1,-1,9,11,-1,-1,-1,-1],"loss_changes":[1.0495165E2,2.6248335E1,7.695694E-1,0E0,4.439513E0,0E0,0E0,5.30982E-2,4.924536E-4,0E0,0E0,0E0,0E0],"parents":[2147483647,0,0,1,1,2,2,4,4,7,7,8,8],"right_children":[2,4,6,-1,8,-1,-1,10,12,-1,-1,-1,-1],"split_conditions":[9.037022E-1,1.00548565E-1,1E0,-4.553313E-1,6.027799E-1,1.7146836E-1,6.5876544E-1,3.0184552E-1,8.042077E-1,-1.0428162E-1,-3.7949625E-2,2.2163391E-2,8.2810976E-2],"split_indices":[0,0,0,0,0,0,0,0,0,0,0,0,0],"split_type":[0,0,0,0,0,0,0,0,0,0,0,0,0],"sum_hessian":[9E0,7E0,2E0,1E0,6E0,1E0,1E0,4E0,2E0,2E0,2E0,1E0,1E0],"tree_param":{"num_deleted":"0","num_feature":"2","num_nodes":"13","size_leaf_vector":"1"}},{"base_weights":[5.135189E-1,-1.329907E0,5.258148E0,-4.3256474E-1,-2.839944E-1,1.628952E-1,6.25827E-1,-7.964951E-1,6.6483814E-1,-9.732946E-2,-3.5419717E-2,2.1055222E-2,7.86705E-2],"categories":[],"categories_nodes":[],"categories_segments":[],"categories_sizes":[],"default_left":[0,0,0,0,0,0,0,0,0,0,0,0,0],"id":45,"left_children":[1,3,5,-1,7,-1,-1,9,11,-1,-1,-1,-1],"loss_changes":[9.4456566E1,2.3837803E1,6.9449615E-1,0E0,3.9334815E0,0E0,0E0,4.6251774E-2,4.4465065E-4,0E0,0E0,0E0,0E0],"parents":[2147483647,0,0,1,1,2,2,4,4,7,7,8,8],"right_children":[2,4,6,-1,8,-1,-1,10,12,-1,-1,-1,-1],"split_conditions":[9.037022E-1,1.00548565E-1,1E0,-4.3256474E-1,6.027799E-1,1.628952E-1,6.25827E-1,3.0184552E-1,8.042077E-1,-9.732946E-2,-3.5419717E-2,2.1055222E-2,7.86705E-2],"split_indices":[0,0,0,0,0,0,0,0,0,0,0,0,0],"split_type":[0,0,0,0,0,0,0,0,0,0,0,0,0],"sum_hessian":[9E0,7E0,2E0,1E0,6E0,1E0,1E0,4E0,2E0,2E0,2E0,1E0,1E0],"tree_param":{"num_deleted":"0","num_feature":"2","num_nodes":"13","size_leaf_vector":"1"}},{"base_weights":[4.9447966E-1,-1.2551152E0,4.9952393E0,-4.109365E-1,-2.6031303E-1,1.5475006E-1,5.945358E-1,-7.4339485E-1,6.3159436E-1,-9.084085E-2,-3.3058297E-2,2.0002365E-2,7.473679E-2],"categories":[],"categories_nodes":[],"categories_segments":[],"categories_sizes":[],"default_left":[0,0,0,0,0,0,0,0,0,0,0,0,0],"id":46,"left_children":[1,3,5,-1,7,-1,-1,9,11,-1,-1,-1,-1],"loss_changes":[8.501466E1,2.1645588E1,6.268387E-1,0E0,3.4855735E0,0E0,0E0,4.0293455E-2,4.0197372E-4,0E0,0E0,0E0,0E0],"parents":[2147483647,0,0,1,1,2,2,4,4,7,7,8,8],"right_children":[2,4,6,-1,8,-1,-1,10,12,-1,-1,-1,-1],"split_conditions":[9.037022E-1,1.00548565E-1,1E0,-4.109365E-1,6.027799E-1,1.5475006E-1,5.945358E-1,3.0184552E-1,8.042077E-1,-9.084085E-2,-3.3058297E-2,2.0002365E-2,7.473679E-2],"split_indices":[0,0,0,0,0,0,0,0,0,0,0,0,0],"split_type":[0,0,0,0,0,0,0,0,0,0,0,0,0],"sum_hessian":[9E0,7E0,2E0,1E0,6E0,1E0,1E0,4E0,2E0,2E0,2E0,1E0,1E0],"tree_param":{"num_deleted":"0","num_feature":"2","num_nodes":"13","size_leaf_vector":"1"}},{"base_weights":[4.75949E-1,-1.1846162E0,4.7454734E0,-3.9038968E-1,-2.3844801E-1,1.4701234E-1,5.6480867E-1,-6.9383544E-1,6.0001373E-1,-8.478483E-2,-3.0854417E-2,1.9002153E-2,7.099991E-2],"categories":[],"categories_nodes":[],"categories_segments":[],"categories_sizes":[],"default_left":[0,0,0,0,0,0,0,0,0,0,0,0,0],"id":47,"left_children":[1,3,5,-1,7,-1,-1,9,11,-1,-1,-1,-1],"loss_changes":[7.65198E1,1.9652298E1,5.6573486E-1,0E0,3.0890856E0,0E0,0E0,3.510046E-2,3.644228E-4,0E0,0E0,0E0,0E0],"parents":[2147483647,0,0,1,1,2,2,4,4,7,7,8,8],"right_children":[2,4,6,-1,8,-1,-1,10,12,-1,-1,-1,-1],"split_conditions":[9.037022E-1,1.00548565E-1,1E0,-3.9038968E-1,6.027799E-1,1.4701234E-1,5.6480867E-1,3.0184552E-1,8.042077E-1,-8.478483E-2,-3.0854417E-2,1.9002153E-2,7.099991E-2],"split_indices":[0,0,0,0,0,0,0,0,0,0,0,0,0],"split_type":[0,0,0,0,0,0,0,0,0,0,0,0,0],"sum_hessian":[9E0,7E0,2E0,1E0,6E0,1E0,1E0,4E0,2E0,2E0,2E0,1E0,1E0],"tree_param":{"num_deleted":"0","num_feature":"2","num_nodes":"13","size_leaf_vector":"1"}},{"base_weights":[4.5793304E-1,-1.1181583E0,4.508199E0,-3.708702E-1,-2.1826608E-1,1.3966142E-1,5.3656846E-1,-6.4757997E-1,5.700124E-1,-7.913246E-2,-2.8797532E-2,1.8051911E-2,6.744995E-2],"categories":[],"categories_nodes":[],"categories_segments":[],"categories_sizes":[],"default_left":[0,0,0,0,0,0,0,0,0,0,0,0,0],"id":48,"left_children":[1,3,5,-1,7,-1,-1,9,11,-1,-1,-1,-1],"loss_changes":[6.887677E1,1.7840199E1,5.1062393E-1,0E0,2.738061E0,0E0,0E0,3.0574083E-2,3.310442E-4,0E0,0E0,0E0,0E0],"parents":[2147483647,0,0,1,1,2,2,4,4,7,7,8,8],"right_children":[2,4,6,-1,8,-1,-1,10,12,-1,-1,-1,-1],"split_conditions":[9.037022E-1,1.00548565E-1,1E0,-3.708702E-1,6.027799E-1,1.3966142E-1,5.3656846E-1,3.0184552E-1,8.042077E-1,-7.913246E-2,-2.8797532E-2,1.8051911E-2,6.744995E-2],"split_indices":[0,0,0,0,0,0,0,0,0,0,0,0,0],"split_type":[0,0,0,0,0,0,0,0,0,0,0,0,0],"sum_hessian":[9E0,7E0,2E0,1E0,6E0,1E0,1E0,4E0,2E0,2E0,2E0,1E0,1E0],"tree_param":{"num_deleted":"0","num_feature":"2","num_nodes":"13","size_leaf_vector":"1"}},{"base_weights":[4.4043288E-1,-1.0555036E0,4.282786E0,-3.5232672E-1,-1.9964218E-1,1.3267823E-1,5.097397E-1,-6.044075E-1,5.415141E-1,-7.3856995E-2,-2.6877595E-2,1.7149353E-2,6.407776E-2],"categories":[],"categories_nodes":[],"categories_segments":[],"categories_sizes":[],"default_left":[0,0,0,0,0,0,0,0,0,0,0,0,0],"id":49,"left_children":[1,3,5,-1,7,-1,-1,9,11,-1,-1,-1,-1],"loss_changes":[6.199966E1,1.6193115E1,4.6084213E-1,0E0,2.4272556E0,0E0,0E0,2.6635885E-2,2.9939413E-4,0E0,0E0,0E0,0E0],"parents":[2147483647,0,0,1,1,2,2,4,4,7,7,8,8],"right_children":[2,4,6,-1,8,-1,-1,10,12,-1,-1,-1,-1],"split_conditions":[9.037022E-1,1.00548565E-1,1E0,-3.5232672E-1,6.027799E-1,1.3267823E-1,5.097397E-1,3.0184552E-1,8.042077E-1,-7.3856995E-2,-2.6877595E-2,1.7149353E-2,6.407776E-2],"split_indices":[0,0,0,0,0,0,0,0,0,0,0,0,0],"split_type":[0,0,0,0,0,0,0,0,0,0,0,0,0],"sum_hessian":[9E0,7E0,2E0,1E0,6E0,1E0,1E0,4E0,2E0,2E0,2E0,1E0,1E0],"tree_param":{"num_deleted":"0","num_feature":"2","num_nodes":"13","size_leaf_vector":"1"}},{"base_weights":[4.2344922E-1,-9.9643195E-1,4.0686493E0,-3.3471036E-1,-1.8246405E-1,1.2604447E-1,4.8425293E-1,-5.641136E-1,5.144399E-1,-6.893323E-2,-2.5085703E-2,1.629181E-2,6.0874175E-2],"categories":[],"categories_nodes":[],"categories_segments":[],"categories_sizes":[],"default_left":[0,0,0,0,0,0,0,0,0,0,0,0,0],"id":50,"left_children":[1,3,5,-1,7,-1,-1,9,11,-1,-1,-1,-1],"loss_changes":[5.5811646E1,1.4696242E1,4.1589737E-1,0E0,2.1520143E0,0E0,0E0,2.320385E-2,2.7239323E-4,0E0,0E0,0E0,0E0],"parents":[2147483647,0,0,1,1,2,2,4,4,7,7,8,8],"right_children":[2,4,6,-1,8,-1,-1,10,12,-1,-1,-1,-1],"split_conditions":[9.037022E-1,1.00548565E-1,1E0,-3.3471036E-1,6.027799E-1,1.2604447E-1,4.8425293E-1,3.0184552E-1,8.042077E-1,-6.893323E-2,-2.5085703E-2,1.629181E-2,6.0874175E-2],"split_indices":[0,0,0,0,0,0,0,0,0,0,0,0,0],"split_type":[0,0,0,0,0,0,0,0,0,0,0,0,0],"sum_hessian":[9E0,7E0,2E0,1E0,6E0,1E0,1E0,4E0,2E0,2E0,2E0,1E0,1E0],"tree_param":{"num_deleted":"0","num_feature":"2","num_nodes":"13","size_leaf_vector":"1"}},{"base_weights":[4.0697917E-1,-9.407332E-1,3.865219E0,-3.1797487E-1,-1.6662407E-1,1.1974259E-1,4.600403E-1,-5.265064E-1,4.8872122E-1,-6.433773E-2,-2.3413341E-2,1.5477371E-2,5.783081E-2],"categories":[],"categories_nodes":[],"categories_segments":[],"categories_sizes":[],"default_left":[0,0,0,0,0,0,0,0,0,0,0,0,0],"id":51,"left_children":[1,3,5,-1,7,-1,-1,9,11,-1,-1,-1,-1],"loss_changes":[5.024327E1,1.3336115E1,3.75309E-1,0E0,1.9082452E0,0E0,0E0,2.0213246E-2,2.450347E-4,0E0,0E0,0E0,0E0],"parents":[2147483647,0,0,1,1,2,2,4,4,7,7,8,8],"right_children":[2,4,6,-1,8,-1,-1,10,12,-1,-1,-1,-1],"split_conditions":[9.037022E-1,1.00548565E-1,1E0,-3.1797487E-1,6.027799E-1,1.1974259E-1,4.600403E-1,3.0184552E-1,8.042077E-1,-6.433773E-2,-2.3413341E-2,1.5477371E-2,5.783081E-2],"split_indices":[0,0,0,0,0,0,0,0,0,0,0,0,0],"split_type":[0,0,0,0,0,0,0,0,0,0,0,0,0],"sum_hessian":[9E0,7E0,2E0,1E0,6E0,1E0,1E0,4E0,2E0,2E0,2E0,1E0,1E0],"tree_param":{"num_deleted":"0","num_feature":"2","num_nodes":"13","size_leaf_vector":"1"}},{"base_weights":[3.9101878E-1,-8.882121E-1,3.6719615E0,-3.020761E-1,-1.5202495E-1,1.137558E-1,4.3703842E-1,-4.914055E-1,4.6428427E-1,-6.004855E-2,-2.1852367E-2,1.470337E-2,5.493927E-2],"categories":[],"categories_nodes":[],"categories_segments":[],"categories_sizes":[],"default_left":[0,0,0,0,0,0,0,0,0,0,0,0,0],"id":52,"left_children":[1,3,5,-1,7,-1,-1,9,11,-1,-1,-1,-1],"loss_changes":[4.523231E1,1.210041E1,3.386917E-1,0E0,1.6922953E0,0E0,0E0,1.7609477E-2,2.2286177E-4,0E0,0E0,0E0,0E0],"parents":[2147483647,0,0,1,1,2,2,4,4,7,7,8,8],"right_children":[2,4,6,-1,8,-1,-1,10,12,-1,-1,-1,-1],"split_conditions":[9.037022E-1,1.00548565E-1,1E0,-3.020761E-1,6.027799E-1,1.137558E-1,4.3703842E-1,3.0184552E-1,8.042077E-1,-6.004855E-2,-2.1852367E-2,1.470337E-2,5.493927E-2],"split_indices":[0,0,0,0,0,0,0,0,0,0,0,0,0],"split_type":[0,0,0,0,0,0,0,0,0,0,0,0,0],"sum_hessian":[9E0,7E0,2E0,1E0,6E0,1E0,1E0,4E0,2E0,2E0,2E0,1E0,1E0],"tree_param":{"num_deleted":"0","num_feature":"2","num_nodes":"13","size_leaf_vector":"1"}},{"base_weights":[3.7556314E-1,-8.3868206E-1,3.4883626E0,-2.8697228E-1,-1.3857296E-1,1.08068086E-1,4.1518632E-1,-4.58646E-1,4.410731E-1,-5.6045342E-2,-2.039566E-2,1.3968277E-2,5.2192688E-2],"categories":[],"categories_nodes":[],"categories_segments":[],"categories_sizes":[],"default_left":[0,0,0,0,0,0,0,0,0,0,0,0,0],"id":53,"left_children":[1,3,5,-1,7,-1,-1,9,11,-1,-1,-1,-1],"loss_changes":[4.072265E1,1.0977935E1,3.0565262E-1,0E0,1.5009999E0,0E0,0E0,1.5338182E-2,2.014637E-4,0E0,0E0,0E0,0E0],"parents":[2147483647,0,0,1,1,2,2,4,4,7,7,8,8],"right_children":[2,4,6,-1,8,-1,-1,10,12,-1,-1,-1,-1],"split_conditions":[9.037022E-1,1.00548565E-1,1E0,-2.8697228E-1,6.027799E-1,1.08068086E-1,4.1518632E-1,3.0184552E-1,8.042077E-1,-5.6045342E-2,-2.039566E-2,1.3968277E-2,5.2192688E-2],"split_indices":[0,0,0,0,0,0,0,0,0,0,0,0,0],"split_type":[0,0,0,0,0,0,0,0,0,0,0,0,0],"sum_hessian":[9E0,7E0,2E0,1E0,6E0,1E0,1E0,4E0,2E0,2E0,2E0,1E0,1E0],"tree_param":{"num_deleted":"0","num_feature":"2","num_nodes":"13","size_leaf_vector":"1"}},{"base_weights":[3.6060762E-1,-7.9196966E-1,3.3139446E0,-2.726237E-1,-1.2618338E-1,1.0266495E-1,3.9442673E-1,-4.2806968E-1,4.190216E-1,-5.9969425E-2,-2.3524E-2,1.3269806E-2,4.9583435E-2],"categories":[],"categories_nodes":[],"categories_segments":[],"categories_sizes":[],"default_left":[0,0,0,0,0,0,0,0,0,0,0,0,0],"id":54,"left_children":[1,3,5,-1,7,-1,-1,9,11,-1,-1,-1,-1],"loss_changes":[3.6664032E1,9.958464E0,2.758255E-1,0E0,1.3314999E0,0E0,0E0,2.4399519E-2,1.8364191E-4,0E0,0E0,0E0,0E0],"parents":[2147483647,0,0,1,1,2,2,4,4,7,7,8,8],"right_children":[2,4,6,-1,8,-1,-1,10,12,-1,-1,-1,-1],"split_conditions":[9.037022E-1,1.00548565E-1,1E0,-2.726237E-1,6.027799E-1,1.0266495E-1,3.9442673E-1,2.0118384E-1,8.042077E-1,-5.9969425E-2,-2.3524E-2,1.3269806E-2,4.9583435E-2],"split_indices":[0,0,0,0,0,0,0,0,0,0,0,0,0],"split_type":[0,0,0,0,0,0,0,0,0,0,0,0,0],"sum_hessian":[9E0,7E0,2E0,1E0,6E0,1E0,1E0,4E0,2E0,1E0,3E0,1E0,1E0],"tree_param":{"num_deleted":"0","num_feature":"2","num_nodes":"13","size_leaf_vector":"1"}},{"base_weights":[3.4492964E-1,-7.4943143E-1,3.1482494E0,-2.5899252E-1,-1.1651448E-1,9.753189E-2,3.7470552E-1,-4.019615E-1,3.9806876E-1,-5.697098E-2,-2.1759702E-2,1.260643E-2,4.710388E-2],"categories":[],"categories_nodes":[],"categories_segments":[],"categories_sizes":[],"default_left":[0,0,0,0,0,0,0,0,0,0,0,0,0],"id":55,"left_children":[1,3,5,-1,7,-1,-1,9,11,-1,-1,-1,-1],"loss_changes":[3.3037834E1,9.017273E0,2.4891663E-1,0E0,1.1882122E0,0E0,0E0,3.0666947E-2,1.6340613E-4,0E0,0E0,0E0,0E0],"parents":[2147483647,0,0,1,1,2,2,4,4,7,7,8,8],"right_children":[2,4,6,-1,8,-1,-1,10,12,-1,-1,-1,-1],"split_conditions":[9.037022E-1,1.00548565E-1,1E0,-2.5899252E-1,6.027799E-1,9.753189E-2,3.7470552E-1,2.0118384E-1,8.042077E-1,-5.697098E-2,-2.1759702E-2,1.260643E-2,4.710388E-2],"split_indices":[0,0,0,0,0,0,0,0,0,0,0,0,0],"split_type":[0,0,0,0,0,0,0,0,0,0,0,0,0],"sum_hessian":[9E0,7E0,2E0,1E0,6E0,1E0,1E0,4E0,2E0,1E0,3E0,1E0,1E0],"tree_param":{"num_deleted":"0","num_feature":"2","num_nodes":"13","size_leaf_vector":"1"}},{"base_weights":[3.2985848E-1,-7.0923984E-1,2.9908345E0,-2.4604288E-1,-1.07580185E-1,9.265518E-2,3.5597E-1,-3.7751198E-1,3.781662E-1,-5.4122448E-2,-2.0127773E-2,1.1976242E-2,4.474869E-2],"categories":[],"categories_nodes":[],"categories_segments":[],"categories_sizes":[],"default_left":[0,0,0,0,0,0,0,0,0,0,0,0,0],"id":56,"left_children":[1,3,5,-1,7,-1,-1,9,11,-1,-1,-1,-1],"loss_changes":[2.9771378E1,8.164265E0,2.2465134E-1,0E0,1.060591E0,0E0,0E0,3.532225E-2,1.4606118E-4,0E0,0E0,0E0,0E0],"parents":[2147483647,0,0,1,1,2,2,4,4,7,7,8,8],"right_children":[2,4,6,-1,8,-1,-1,10,12,-1,-1,-1,-1],"split_conditions":[9.037022E-1,1.00548565E-1,1E0,-2.4604288E-1,6.027799E-1,9.265518E-2,3.5597E-1,2.0118384E-1,8.042077E-1,-5.4122448E-2,-2.0127773E-2,1.1976242E-2,4.474869E-2],"split_indices":[0,0,0,0,0,0,0,0,0,0,0,0,0],"split_type":[0,0,0,0,0,0,0,0,0,0,0,0,0],"sum_hessian":[9E0,7E0,2E0,1E0,6E0,1E0,1E0,4E0,2E0,1E0,3E0,1E0,1E0],"tree_param":{"num_deleted":"0","num_feature":"2","num_nodes":"13","size_leaf_vector":"1"}},{"base_weights":[3.1537738E-1,-6.712633E-1,2.8412933E0,-2.3374073E-1,-9.932736E-2,8.802261E-2,3.381714E-1,-3.5461158E-1,3.5925546E-1,-5.1416304E-2,-1.8618299E-2,1.1377335E-2,4.2510986E-2],"categories":[],"categories_nodes":[],"categories_segments":[],"categories_sizes":[],"default_left":[0,0,0,0,0,0,0,0,0,0,0,0,0],"id":57,"left_children":[1,3,5,-1,7,-1,-1,9,11,-1,-1,-1,-1],"loss_changes":[2.682897E1,7.3912525E0,2.0273018E-1,0E0,9.4687885E-1,0E0,0E0,3.8636804E-2,1.3205409E-4,0E0,0E0,0E0,0E0],"parents":[2147483647,0,0,1,1,2,2,4,4,7,7,8,8],"right_children":[2,4,6,-1,8,-1,-1,10,12,-1,-1,-1,-1],"split_conditions":[9.037022E-1,1.00548565E-1,1E0,-2.3374073E-1,6.027799E-1,8.802261E-2,3.381714E-1,2.0118384E-1,8.042077E-1,-5.1416304E-2,-1.8618299E-2,1.1377335E-2,4.2510986E-2],"split_indices":[0,0,0,0,0,0,0,0,0,0,0,0,0],"split_type":[0,0,0,0,0,0,0,0,0,0,0,0,0],"sum_hessian":[9E0,7E0,2E0,1E0,6E0,1E0,1E0,4E0,2E0,1E0,3E0,1E0,1E0],"tree_param":{"num_deleted":"0","num_feature":"2","num_nodes":"13","size_leaf_vector":"1"}},{"base_weights":[3.014706E-1,-6.353726E-1,2.699229E0,-2.2205369E-1,-9.170096E-2,8.362122E-2,3.2126313E-1,-3.3315736E-1,3.4129333E-1,-4.884548E-2,-1.7221928E-2,1.0808564E-2,4.0385436E-2],"categories":[],"categories_nodes":[],"categories_segments":[],"categories_sizes":[],"default_left":[0,0,0,0,0,0,0,0,0,0,0,0,0],"id":58,"left_children":[1,3,5,-1,7,-1,-1,9,11,-1,-1,-1,-1],"loss_changes":[2.4178251E1,6.6908455E0,1.8298912E-1,0E0,8.4554905E-1,0E0,0E0,4.0845037E-2,1.1828542E-4,0E0,0E0,0E0,0E0],"parents":[2147483647,0,0,1,1,2,2,4,4,7,7,8,8],"right_children":[2,4,6,-1,8,-1,-1,10,12,-1,-1,-1,-1],"split_conditions":[9.037022E-1,1.00548565E-1,1E0,-2.2205369E-1,6.027799E-1,8.362122E-2,3.2126313E-1,2.0118384E-1,8.042077E-1,-4.884548E-2,-1.7221928E-2,1.0808564E-2,4.0385436E-2],"split_indices":[0,0,0,0,0,0,0,0,0,0,0,0,0],"split_type":[0,0,0,0,0,0,0,0,0,0,0,0,0],"sum_hessian":[9E0,7E0,2E0,1E0,6E0,1E0,1E0,4E0,2E0,1E0,3E0,1E0,1E0],"tree_param":{"num_deleted":"0","num_feature":"2","num_nodes":"13","size_leaf_vector":"1"}},{"base_weights":[2.8811938E-1,-6.0145205E-1,2.56427E0,-2.1095102E-1,-8.465658E-2,7.944031E-2,3.052002E-1,-3.1305504E-1,3.2422638E-1,-4.6403218E-2,-1.593027E-2,1.026802E-2,3.8365938E-2],"categories":[],"categories_nodes":[],"categories_segments":[],"categories_sizes":[],"default_left":[0,0,0,0,0,0,0,0,0,0,0,0,0],"id":59,"left_children":[1,3,5,-1,7,-1,-1,9,11,-1,-1,-1,-1],"loss_changes":[2.1790272E1,6.056277E0,1.6514206E-1,0E0,7.552183E-1,0E0,0E0,4.214385E-2,1.07228756E-4,0E0,0E0,0E0,0E0],"parents":[2147483647,0,0,1,1,2,2,4,4,7,7,8,8],"right_children":[2,4,6,-1,8,-1,-1,10,12,-1,-1,-1,-1],"split_conditions":[9.037022E-1,1.00548565E-1,1E0,-2.1095102E-1,6.027799E-1,7.944031E-2,3.052002E-1,2.0118384E-1,8.042077E-1,-4.6403218E-2,-1.593027E-2,1.026802E-2,3.8365938E-2],"split_indices":[0,0,0,0,0,0,0,0,0,0,0,0,0],"split_type":[0,0,0,0,0,0,0,0,0,0,0,0,0],"sum_hessian":[9E0,7E0,2E0,1E0,6E0,1E0,1E0,4E0,2E0,1E0,3E0,1E0,1E0],"tree_param":{"num_deleted":"0","num_feature":"2","num_nodes":"13","size_leaf_vector":"1"}},{"base_weights":[2.7530655E-1,-5.693876E-1,2.4360554E0,-2.0040348E-1,-7.8147344E-2,7.546844E-2,2.8993988E-1,-2.9421616E-1,3.0801645E-1,-4.4083025E-2,-1.4735508E-2,9.754563E-3,3.644791E-2],"categories":[],"categories_nodes":[],"categories_segments":[],"categories_sizes":[],"default_left":[0,0,0,0,0,0,0,0,0,0,0,0,0],"id":60,"left_children":[1,3,5,-1,7,-1,-1,9,11,-1,-1,-1,-1],"loss_changes":[1.963878E1,5.4814415E0,1.4902496E-1,0E0,6.7468905E-1,0E0,0E0,4.2700917E-2,9.787083E-5,0E0,0E0,0E0,0E0],"parents":[2147483647,0,0,1,1,2,2,4,4,7,7,8,8],"right_children":[2,4,6,-1,8,-1,-1,10,12,-1,-1,-1,-1],"split_conditions":[9.037022E-1,1.00548565E-1,1E0,-2.0040348E-1,6.027799E-1,7.546844E-2,2.8993988E-1,2.0118384E-1,8.042077E-1,-4.4083025E-2,-1.4735508E-2,9.754563E-3,3.644791E-2],"split_indices":[0,0,0,0,0,0,0,0,0,0,0,0,0],"split_type":[0,0,0,0,0,0,0,0,0,0,0,0,0],"sum_hessian":[9E0,7E0,2E0,1E0,6E0,1E0,1E0,4E0,2E0,1E0,3E0,1E0,1E0],"tree_param":{"num_deleted":"0","num_feature":"2","num_nodes":"13","size_leaf_vector":"1"}},{"base_weights":[2.6301277E-1,-5.3907764E-1,2.3142498E0,-1.903833E-1,-7.213647E-2,7.169495E-2,2.754425E-1,-2.765587E-1,2.926127E-1,-4.187889E-2,-1.363039E-2,9.266662E-3,3.4625243E-2],"categories":[],"categories_nodes":[],"categories_segments":[],"categories_sizes":[],"default_left":[0,0,0,0,0,0,0,0,0,0,0,0,0],"id":61,"left_children":[1,3,5,-1,7,-1,-1,9,11,-1,-1,-1,-1],"loss_changes":[1.7700336E1,4.9607477E0,1.3449287E-1,0E0,6.0286444E-1,0E0,0E0,4.265976E-2,8.9108944E-5,0E0,0E0,0E0,0E0],"parents":[2147483647,0,0,1,1,2,2,4,4,7,7,8,8],"right_children":[2,4,6,-1,8,-1,-1,10,12,-1,-1,-1,-1],"split_conditions":[9.037022E-1,1.00548565E-1,1E0,-1.903833E-1,6.027799E-1,7.169495E-2,2.754425E-1,2.0118384E-1,8.042077E-1,-4.187889E-2,-1.363039E-2,9.266662E-3,3.4625243E-2],"split_indices":[0,0,0,0,0,0,0,0,0,0,0,0,0],"split_type":[0,0,0,0,0,0,0,0,0,0,0,0,0],"sum_hessian":[9E0,7E0,2E0,1E0,6E0,1E0,1E0,4E0,2E0,1E0,3E0,1E0,1E0],"tree_param":{"num_deleted":"0","num_feature":"2","num_nodes":"13","size_leaf_vector":"1"}},{"base_weights":[2.5122547E-1,-5.104196E-1,2.198537E0,-1.8086414E-1,-6.6582E-2,6.810989E-2,2.6167068E-1,-2.6000404E-1,2.779821E-1,-3.978491E-2,-1.2608051E-2,8.803177E-3,3.2894135E-2],"categories":[],"categories_nodes":[],"categories_segments":[],"categories_sizes":[],"default_left":[0,0,0,0,0,0,0,0,0,0,0,0,0],"id":62,"left_children":[1,3,5,-1,7,-1,-1,9,11,-1,-1,-1,-1],"loss_changes":[1.595378E1,4.489174E0,1.21403694E-1,0E0,5.388005E-1,0E0,0E0,4.214248E-2,8.188188E-5,0E0,0E0,0E0,0E0],"parents":[2147483647,0,0,1,1,2,2,4,4,7,7,8,8],"right_children":[2,4,6,-1,8,-1,-1,10,12,-1,-1,-1,-1],"split_conditions":[9.037022E-1,1.00548565E-1,1E0,-1.8086414E-1,6.027799E-1,6.810989E-2,2.6167068E-1,2.0118384E-1,8.042077E-1,-3.978491E-2,-1.2608051E-2,8.803177E-3,3.2894135E-2],"split_indices":[0,0,0,0,0,0,0,0,0,0,0,0,0],"split_type":[0,0,0,0,0,0,0,0,0,0,0,0,0],"sum_hessian":[9E0,7E0,2E0,1E0,6E0,1E0,1E0,4E0,2E0,1E0,3E0,1E0,1E0],"tree_param":{"num_deleted":"0","num_feature":"2","num_nodes":"13","size_leaf_vector":"1"}},{"base_weights":[2.3992403E-1,-4.833229E-1,2.0886078E0,-1.7182094E-1,-6.145205E-2,6.4704135E-2,2.4858704E-1,-2.4448165E-1,2.6408133E-1,-3.779564E-2,-1.1662388E-2,8.362961E-3,3.1249238E-2],"categories":[],"categories_nodes":[],"categories_segments":[],"categories_sizes":[],"default_left":[0,0,0,0,0,0,0,0,0,0,0,0,0],"id":63,"left_children":[1,3,5,-1,7,-1,-1,9,11,-1,-1,-1,-1],"loss_changes":[1.4380021E1,4.0621133E0,1.0958004E-1,0E0,4.8163873E-1,0E0,0E0,4.12502E-2,7.395446E-5,0E0,0E0,0E0,0E0],"parents":[2147483647,0,0,1,1,2,2,4,4,7,7,8,8],"right_children":[2,4,6,-1,8,-1,-1,10,12,-1,-1,-1,-1],"split_conditions":[9.037022E-1,1.00548565E-1,1E0,-1.7182094E-1,6.027799E-1,6.4704135E-2,2.4858704E-1,2.0118384E-1,8.042077E-1,-3.779564E-2,-1.1662388E-2,8.362961E-3,3.1249238E-2],"split_indices":[0,0,0,0,0,0,0,0,0,0,0,0,0],"split_type":[0,0,0,0,0,0,0,0,0,0,0,0,0],"sum_hessian":[9E0,7E0,2E0,1E0,6E0,1E0,1E0,4E0,2E0,1E0,3E0,1E0,1E0],"tree_param":{"num_deleted":"0","num_feature":"2","num_nodes":"13","size_leaf_vector":"1"}},{"base_weights":[2.2909555E-1,-4.576987E-1,1.9841818E0,-1.632299E-1,-5.6713104E-2,6.1469268E-2,2.36158E-1,-2.2992477E-1,2.5087738E-1,-3.5905838E-2,-1.0787678E-2,7.94487E-3,2.9686738E-2],"categories":[],"categories_nodes":[],"categories_segments":[],"categories_sizes":[],"default_left":[0,0,0,0,0,0,0,0,0,0,0,0,0],"id":64,"left_children":[1,3,5,-1,7,-1,-1,9,11,-1,-1,-1,-1],"loss_changes":[1.2961988E1,3.6754098E0,9.8882675E-2,0E0,4.3063074E-1,0E0,0E0,4.0068448E-2,6.6280365E-5,0E0,0E0,0E0,0E0],"parents":[2147483647,0,0,1,1,2,2,4,4,7,7,8,8],"right_children":[2,4,6,-1,8,-1,-1,10,12,-1,-1,-1,-1],"split_conditions":[9.037022E-1,1.00548565E-1,1E0,-1.632299E-1,6.027799E-1,6.1469268E-2,2.36158E-1,2.0118384E-1,8.042077E-1,-3.5905838E-2,-1.0787678E-2,7.94487E-3,2.9686738E-2],"split_indices":[0,0,0,0,0,0,0,0,0,0,0,0,0],"split_type":[0,0,0,0,0,0,0,0,0,0,0,0,0],"sum_hessian":[9E0,7E0,2E0,1E0,6E0,1E0,1E0,4E0,2E0,1E0,3E0,1E0,1E0],"tree_param":{"num_deleted":"0","num_feature":"2","num_nodes":"13","size_leaf_vector":"1"}},{"base_weights":[2.1871968E-1,-4.3346572E-1,1.8849741E0,-1.550684E-1,-5.233683E-2,5.839615E-2,2.2434998E-1,-2.1627083E-1,2.3833211E-1,-3.4110546E-2,-9.97858E-3,7.54776E-3,2.8202057E-2],"categories":[],"categories_nodes":[],"categories_segments":[],"categories_sizes":[],"default_left":[0,0,0,0,0,0,0,0,0,0,0,0,0],"id":65,"left_children":[1,3,5,-1,7,-1,-1,9,11,-1,-1,-1,-1],"loss_changes":[1.168414E1,3.3252757E0,8.9221954E-2,0E0,3.8509792E-1,0E0,0E0,3.8669348E-2,5.836785E-5,0E0,0E0,0E0,0E0],"parents":[2147483647,0,0,1,1,2,2,4,4,7,7,8,8],"right_children":[2,4,6,-1,8,-1,-1,10,12,-1,-1,-1,-1],"split_conditions":[9.037022E-1,1.00548565E-1,1E0,-1.550684E-1,6.027799E-1,5.839615E-2,2.2434998E-1,2.0118384E-1,8.042077E-1,-3.4110546E-2,-9.97858E-3,7.54776E-3,2.8202057E-2],"split_indices":[0,0,0,0,0,0,0,0,0,0,0,0,0],"split_type":[0,0,0,0,0,0,0,0,0,0,0,0,0],"sum_hessian":[9E0,7E0,2E0,1E0,6E0,1E0,1E0,4E0,2E0,1E0,3E0,1E0,1E0],"tree_param":{"num_deleted":"0","num_feature":"2","num_nodes":"13","size_leaf_vector":"1"}},{"base_weights":[2.0878248E-1,-4.1054404E-1,1.7907257E0,-1.4731498E-1,-4.829325E-2,5.547638E-2,2.1313249E-1,-2.0346108E-1,2.2641754E-1,-3.2404996E-2,-9.230137E-2,7.1704867E-3,2.6792144E-2,-1.0466894E-2,-2.7599335E-3],"categories":[],"categories_nodes":[],"categories_segments":[],"categories_sizes":[],"default_left":[0,0,0,0,0,0,0,0,0,0,0,0,0,0,0],"id":66,"left_children":[1,3,5,-1,7,-1,-1,9,11,-1,13,-1,-1,-1,-1],"loss_changes":[1.0532565E1,3.0082948E0,8.052158E-2,0E0,3.444511E-1,0E0,0E0,3.7112862E-2,5.2273273E-5,0E0,3.1203404E-4,0E0,0E0,0E0,0E0],"parents":[2147483647,0,0,1,1,2,2,4,4,7,7,8,8,10,10],"right_children":[2,4,6,-1,8,-1,-1,10,12,-1,14,-1,-1,-1,-1],"split_conditions":[9.037022E-1,1.00548565E-1,1E0,-1.4731498E-1,6.027799E-1,5.547638E-2,2.1313249E-1,2.0118384E-1,8.042077E-1,-3.2404996E-2,4.022471E-1,7.1704867E-3,2.6792144E-2,-1.0466894E-2,-2.7599335E-3],"split_indices":[0,0,0,0,0,0,0,0,0,0,0,0,0,0,0],"split_type":[0,0,0,0,0,0,0,0,0,0,0,0,0,0,0],"sum_hessian":[9E0,7E0,2E0,1E0,6E0,1E0,1E0,4E0,2E0,1E0,3E0,1E0,1E0,2E0,1E0],"tree_param":{"num_deleted":"0","num_feature":"2","num_nodes":"15","size_leaf_vector":"1"}},{"base_weights":[1.9886608E-1,-3.8936257E-1,1.7011871E0,-1.3994923E-1,-4.5130868E-2,5.2702334E-2,2.0247574E-1,-1.9224052E-1,2.1509552E-1,-3.0784702E-2,-8.6377144E-2,6.811905E-3,2.5452424E-2,-9.769059E-3,-2.6218414E-3],"categories":[],"categories_nodes":[],"categories_segments":[],"categories_sizes":[],"default_left":[0,0,0,0,0,0,0,0,0,0,0,0,0,0,0],"id":67,"left_children":[1,3,5,-1,7,-1,-1,9,11,-1,13,-1,-1,-1,-1],"loss_changes":[9.499461E0,2.7185893E0,7.2678566E-2,0E0,3.0932277E-1,0E0,0E0,3.4601524E-2,4.7326088E-5,0E0,1.6111508E-4,0E0,0E0,0E0,0E0],"parents":[2147483647,0,0,1,1,2,2,4,4,7,7,8,8,10,10],"right_children":[2,4,6,-1,8,-1,-1,10,12,-1,14,-1,-1,-1,-1],"split_conditions":[9.037022E-1,1.00548565E-1,1E0,-1.3994923E-1,6.027799E-1,5.2702334E-2,2.0247574E-1,2.0118384E-1,8.042077E-1,-3.0784702E-2,4.022471E-1,6.811905E-3,2.5452424E-2,-9.769059E-3,-2.6218414E-3],"split_indices":[0,0,0,0,0,0,0,0,0,0,0,0,0,0,0],"split_type":[0,0,0,0,0,0,0,0,0,0,0,0,0,0,0],"sum_hessian":[9E0,7E0,2E0,1E0,6E0,1E0,1E0,4E0,2E0,1E0,3E0,1E0,1E0,2E0,1E0],"tree_param":{"num_deleted":"0","num_feature":"2","num_nodes":"15","size_leaf_vector":"1"}},{"base_weights":[1.8941207E-1,-3.692835E-1,1.6161295E0,-1.3295177E-1,-4.217611E-2,5.0067138E-2,1.923523E-1,-1.8165092E-1,2.0434062E-1,-2.9245472E-2,-8.0836296E-2,6.4712525E-3,2.417984E-2,-9.117763E-3,-2.490616E-3],"categories":[],"categories_nodes":[],"categories_segments":[],"categories_sizes":[],"default_left":[0,0,0,0,0,0,0,0,0,0,0,0,0,0,0],"id":68,"left_children":[1,3,5,-1,7,-1,-1,9,11,-1,13,-1,-1,-1,-1],"loss_changes":[8.567817E0,2.4567237E0,6.5600395E-2,0E0,2.7779877E-1,0E0,0E0,3.2212257E-2,4.310906E-5,0E0,4.2682514E-5,0E0,0E0,0E0,0E0],"parents":[2147483647,0,0,1,1,2,2,4,4,7,7,8,8,10,10],"right_children":[2,4,6,-1,8,-1,-1,10,12,-1,14,-1,-1,-1,-1],"split_conditions":[9.037022E-1,1.00548565E-1,1E0,-1.3295177E-1,6.027799E-1,5.0067138E-2,1.923523E-1,2.0118384E-1,8.042077E-1,-2.9245472E-2,4.022471E-1,6.4712525E-3,2.417984E-2,-9.117763E-3,-2.490616E-3],"split_indices":[0,0,0,0,0,0,0,0,0,0,0,0,0,0,0],"split_type":[0,0,0,0,0,0,0,0,0,0,0,0,0,0,0],"sum_hessian":[9E0,7E0,2E0,1E0,6E0,1E0,1E0,4E0,2E0,1E0,3E0,1E0,1E0,2E0,1E0],"tree_param":{"num_deleted":"0","num_feature":"2","num_nodes":"15","size_leaf_vector":"1"}},{"base_weights":[1.803968E-1,-3.5025054E-1,1.5353241E0,-1.2630418E-1,-3.9417267E-2,4.7563937E-2,1.8273468E-1,-1.7165756E-1,1.9412231E-1,-2.7783204E-2,-7.565594E-3,6.147766E-3,2.2970581E-2],"categories":[],"categories_nodes":[],"categories_segments":[],"categories_sizes":[],"default_left":[0,0,0,0,0,0,0,0,0,0,0,0,0],"id":69,"left_children":[1,3,5,-1,7,-1,-1,9,11,-1,-1,-1,-1],"loss_changes":[7.7276344E0,2.2200212E0,5.9197903E-2,0E0,2.4950598E-1,0E0,0E0,2.9944956E-2,3.810227E-5,0E0,0E0,0E0,0E0],"parents":[2147483647,0,0,1,1,2,2,4,4,7,7,8,8],"right_children":[2,4,6,-1,8,-1,-1,10,12,-1,-1,-1,-1],"split_conditions":[9.037022E-1,1.00548565E-1,1E0,-1.2630418E-1,6.027799E-1,4.7563937E-2,1.8273468E-1,2.0118384E-1,8.042077E-1,-2.7783204E-2,-7.565594E-3,6.147766E-3,2.2970581E-2],"split_indices":[0,0,0,0,0,0,0,0,0,0,0,0,0],"split_type":[0,0,0,0,0,0,0,0,0,0,0,0,0],"sum_hessian":[9E0,7E0,2E0,1E0,6E0,1E0,1E0,4E0,2E0,1E0,3E0,1E0,1E0],"tree_param":{"num_deleted":"0","num_feature":"2","num_nodes":"13","size_leaf_vector":"1"}},{"base_weights":[1.7213392E-1,-3.3179152E-1,1.4585571E0,-1.1998897E-1,-3.6364693E-2,4.5185853E-2,1.7359772E-1,-1.615612E-1,1.8441772E-1,-2.6394082E-2,-6.99811E-2,5.8403015E-3,2.1822358E-2,-8.005587E-3,-1.987839E-3],"categories":[],"categories_nodes":[],"categories_segments":[],"categories_sizes":[],"default_left":[0,0,0,0,0,0,0,0,0,0,0,0,0,0,0],"id":70,"left_children":[1,3,5,-1,7,-1,-1,9,11,-1,13,-1,-1,-1,-1],"loss_changes":[6.9665504E0,2.0080423E0,5.341959E-2,0E0,2.2328307E-1,0E0,0E0,2.8408796E-2,3.5189092E-5,0E0,4.2771176E-4,0E0,0E0,0E0,0E0],"parents":[2147483647,0,0,1,1,2,2,4,4,7,7,8,8,10,10],"right_children":[2,4,6,-1,8,-1,-1,10,12,-1,14,-1,-1,-1,-1],"split_conditions":[9.037022E-1,1.00548565E-1,1E0,-1.1998897E-1,6.027799E-1,4.5185853E-2,1.7359772E-1,2.0118384E-1,8.042077E-1,-2.6394082E-2,4.022471E-1,5.8403015E-3,2.1822358E-2,-8.005587E-3,-1.987839E-3],"split_indices":[0,0,0,0,0,0,0,0,0,0,0,0,0,0,0],"split_type":[0,0,0,0,0,0,0,0,0,0,0,0,0,0,0],"sum_hessian":[9E0,7E0,2E0,1E0,6E0,1E0,1E0,4E0,2E0,1E0,3E0,1E0,1E0,2E0,1E0],"tree_param":{"num_deleted":"0","num_feature":"2","num_nodes":"15","size_leaf_vector":"1"}},{"base_weights":[1.6392808E-1,-3.1470126E-1,1.3856302E0,-1.13989525E-1,-3.3974238E-2,4.292679E-2,1.6491775E-1,-1.5268174E-1,1.7519633E-1,-2.5074387E-2,-6.548023E-2,5.548096E-3,2.0731354E-2,-7.471848E-3,-1.8882751E-3],"categories":[],"categories_nodes":[],"categories_segments":[],"categories_sizes":[],"default_left":[0,0,0,0,0,0,0,0,0,0,0,0,0,0,0],"id":71,"left_children":[1,3,5,-1,7,-1,-1,9,11,-1,13,-1,-1,-1,-1],"loss_changes":[6.283485E0,1.814507E0,4.8201084E-2,0E0,2.0056006E-1,0E0,0E0,2.6337057E-2,3.2819808E-5,0E0,3.1102635E-4,0E0,0E0,0E0,0E0],"parents":[2147483647,0,0,1,1,2,2,4,4,7,7,8,8,10,10],"right_children":[2,4,6,-1,8,-1,-1,10,12,-1,14,-1,-1,-1,-1],"split_conditions":[9.037022E-1,1.00548565E-1,1E0,-1.13989525E-1,6.027799E-1,4.292679E-2,1.6491775E-1,2.0118384E-1,8.042077E-1,-2.5074387E-2,4.022471E-1,5.548096E-3,2.0731354E-2,-7.471848E-3,-1.8882751E-3],"split_indices":[0,0,0,0,0,0,0,0,0,0,0,0,0,0,0],"split_type":[0,0,0,0,0,0,0,0,0,0,0,0,0,0,0],"sum_hessian":[9E0,7E0,2E0,1E0,6E0,1E0,1E0,4E0,2E0,1E0,3E0,1E0,1E0,2E0,1E0],"tree_param":{"num_deleted":"0","num_feature":"2","num_nodes":"15","size_leaf_vector":"1"}},{"base_weights":[1.5610573E-1,-2.984992E-1,1.3163503E0,-1.0829004E-1,-3.1741824E-2,4.078064E-2,1.5667191E-1,-1.442997E-1,1.6643524E-1,-2.3820687E-2,-6.127119E-2,5.2707675E-3,1.969452E-2,-6.9737113E-3,-1.7936707E-3],"categories":[],"categories_nodes":[],"categories_segments":[],"categories_sizes":[],"default_left":[0,0,0,0,0,0,0,0,0,0,0,0,0,0,0],"id":72,"left_children":[1,3,5,-1,7,-1,-1,9,11,-1,13,-1,-1,-1,-1],"loss_changes":[5.6674585E0,1.6395855E0,4.349518E-2,0E0,1.8016127E-1,0E0,0E0,2.438964E-2,2.8945506E-5,0E0,2.1661259E-4,0E0,0E0,0E0,0E0],"parents":[2147483647,0,0,1,1,2,2,4,4,7,7,8,8,10,10],"right_children":[2,4,6,-1,8,-1,-1,10,12,-1,14,-1,-1,-1,-1],"split_conditions":[9.037022E-1,1.00548565E-1,1E0,-1.0829004E-1,6.027799E-1,4.078064E-2,1.5667191E-1,2.0118384E-1,8.042077E-1,-2.3820687E-2,4.022471E-1,5.2707675E-3,1.969452E-2,-6.9737113E-3,-1.7936707E-3],"split_indices":[0,0,0,0,0,0,0,0,0,0,0,0,0,0,0],"split_type":[0,0,0,0,0,0,0,0,0,0,0,0,0,0,0],"sum_hessian":[9E0,7E0,2E0,1E0,6E0,1E0,1E0,4E0,2E0,1E0,3E0,1E0,1E0,2E0,1E0],"tree_param":{"num_deleted":"0","num_feature":"2","num_nodes":"15","size_leaf_vector":"1"}},{"base_weights":[1.4864726E-1,-2.831393E-1,1.2505289E0,-1.02875546E-1,-2.9657636E-2,3.87413E-2,1.4883804E-1,-1.3638763E-1,1.5811157E-1,-2.2629643E-2,-5.733633E-2,5.0071715E-3,1.8709565E-2,-6.508827E-3,-1.7040253E-3],"categories":[],"categories_nodes":[],"categories_segments":[],"categories_sizes":[],"default_left":[0,0,0,0,0,0,0,0,0,0,0,0,0,0,0],"id":73,"left_children":[1,3,5,-1,7,-1,-1,9,11,-1,13,-1,-1,-1,-1],"loss_changes":[5.111851E0,1.4814894E0,3.9261818E-2,0E0,1.6184871E-1,0E0,0E0,2.2562027E-2,2.6106834E-5,0E0,1.403708E-4,0E0,0E0,0E0,0E0],"parents":[2147483647,0,0,1,1,2,2,4,4,7,7,8,8,10,10],"right_children":[2,4,6,-1,8,-1,-1,10,12,-1,14,-1,-1,-1,-1],"split_conditions":[9.037022E-1,1.00548565E-1,1E0,-1.02875546E-1,6.027799E-1,3.87413E-2,1.4883804E-1,2.0118384E-1,8.042077E-1,-2.2629643E-2,4.022471E-1,5.0071715E-3,1.8709565E-2,-6.508827E-3,-1.7040253E-3],"split_indices":[0,0,0,0,0,0,0,0,0,0,0,0,0,0,0],"split_type":[0,0,0,0,0,0,0,0,0,0,0,0,0,0,0],"sum_hessian":[9E0,7E0,2E0,1E0,6E0,1E0,1E0,4E0,2E0,1E0,3E0,1E0,1E0,2E0,1E0],"tree_param":{"num_deleted":"0","num_feature":"2","num_nodes":"15","size_leaf_vector":"1"}},{"base_weights":[1.4154075E-1,-2.6857537E-1,1.1880035E0,-9.773176E-2,-2.7709689E-2,3.68042E-2,1.4139633E-1,-1.2891808E-1,1.5020752E-1,-2.1498203E-2,-5.3656578E-2,4.7569275E-3,1.77742E-2,-6.0749054E-3,-1.6189575E-3],"categories":[],"categories_nodes":[],"categories_segments":[],"categories_sizes":[],"default_left":[0,0,0,0,0,0,0,0,0,0,0,0,0,0,0],"id":74,"left_children":[1,3,5,-1,7,-1,-1,9,11,-1,13,-1,-1,-1,-1],"loss_changes":[4.610781E0,1.3386124E0,3.5437584E-2,0E0,1.4541146E-1,0E0,0E0,2.0851314E-2,2.321601E-5,0E0,7.9433434E-5,0E0,0E0,0E0,0E0],"parents":[2147483647,0,0,1,1,2,2,4,4,7,7,8,8,10,10],"right_children":[2,4,6,-1,8,-1,-1,10,12,-1,14,-1,-1,-1,-1],"split_conditions":[9.037022E-1,1.00548565E-1,1E0,-9.773176E-2,6.027799E-1,3.68042E-2,1.4139633E-1,2.0118384E-1,8.042077E-1,-2.1498203E-2,4.022471E-1,4.7569275E-3,1.77742E-2,-6.0749054E-3,-1.6189575E-3],"split_indices":[0,0,0,0,0,0,0,0,0,0,0,0,0,0,0],"split_type":[0,0,0,0,0,0,0,0,0,0,0,0,0,0,0],"sum_hessian":[9E0,7E0,2E0,1E0,6E0,1E0,1E0,4E0,2E0,1E0,3E0,1E0,1E0,2E0,1E0],"tree_param":{"num_deleted":"0","num_feature":"2","num_nodes":"15","size_leaf_vector":"1"}},{"base_weights":[1.3476577E-1,-2.547682E-1,1.1286011E0,-9.284518E-2,-2.5891712E-2,3.496399E-2,1.3432617E-1,-1.21865466E-1,1.4269511E-1,-2.0423317E-2,-5.0215244E-2,4.5188903E-3,1.6885376E-2,-5.669975E-3,-1.538086E-3],"categories":[],"categories_nodes":[],"categories_segments":[],"categories_sizes":[],"default_left":[0,0,0,0,0,0,0,0,0,0,0,0,0,0,0],"id":75,"left_children":[1,3,5,-1,7,-1,-1,9,11,-1,13,-1,-1,-1,-1],"loss_changes":[4.158858E0,1.2094834E0,3.1979084E-2,0E0,1.3064899E-1,0E0,0E0,1.9252703E-2,2.1573156E-5,0E0,3.1444244E-5,0E0,0E0,0E0,0E0],"parents":[2147483647,0,0,1,1,2,2,4,4,7,7,8,8,10,10],"right_children":[2,4,6,-1,8,-1,-1,10,12,-1,14,-1,-1,-1,-1],"split_conditions":[9.037022E-1,1.00548565E-1,1E0,-9.284518E-2,6.027799E-1,3.496399E-2,1.3432617E-1,2.0118384E-1,8.042077E-1,-2.0423317E-2,4.022471E-1,4.5188903E-3,1.6885376E-2,-5.669975E-3,-1.538086E-3],"split_indices":[0,0,0,0,0,0,0,0,0,0,0,0,0,0,0],"split_type":[0,0,0,0,0,0,0,0,0,0,0,0,0,0,0],"sum_hessian":[9E0,7E0,2E0,1E0,6E0,1E0,1E0,4E0,2E0,1E0,3E0,1E0,1E0,2E0,1E0],"tree_param":{"num_deleted":"0","num_feature":"2","num_nodes":"15","size_leaf_vector":"1"}},{"base_weights":[1.283118E-1,-2.4167553E-1,1.0721741E0,-8.8202916E-2,-2.4192264E-2,3.3216096E-2,1.2761001E-1,-1.1520462E-1,1.3555908E-1,-1.9402122E-2,-4.6995166E-3,4.2930604E-3,1.6040802E-2],"categories":[],"categories_nodes":[],"categories_segments":[],"categories_sizes":[],"default_left":[0,0,0,0,0,0,0,0,0,0,0,0,0],"id":76,"left_children":[1,3,5,-1,7,-1,-1,9,11,-1,-1,-1,-1],"loss_changes":[3.751289E0,1.0927913E0,2.8853416E-2,0E0,1.1739246E-1,0E0,0E0,1.776214E-2,1.874566E-5,0E0,0E0,0E0,0E0],"parents":[2147483647,0,0,1,1,2,2,4,4,7,7,8,8],"right_children":[2,4,6,-1,8,-1,-1,10,12,-1,-1,-1,-1],"split_conditions":[9.037022E-1,1.00548565E-1,1E0,-8.8202916E-2,6.027799E-1,3.3216096E-2,1.2761001E-1,2.0118384E-1,8.042077E-1,-1.9402122E-2,-4.6995166E-3,4.2930604E-3,1.6040802E-2],"split_indices":[0,0,0,0,0,0,0,0,0,0,0,0,0],"split_type":[0,0,0,0,0,0,0,0,0,0,0,0,0],"sum_hessian":[9E0,7E0,2E0,1E0,6E0,1E0,1E0,4E0,2E0,1E0,3E0,1E0,1E0],"tree_param":{"num_deleted":"0","num_feature":"2","num_nodes":"13","size_leaf_vector":"1"}},{"base_weights":[1.2236617E-1,-2.2900411E-1,1.0185648E0,-8.379277E-2,-2.2311075E-2,3.1555176E-2,1.2122955E-1,-1.0850449E-1,1.2878163E-1,-1.8432045E-2,-4.3470383E-2,4.0782928E-3,1.5238953E-2,-4.9786884E-3,-1.2260437E-3],"categories":[],"categories_nodes":[],"categories_segments":[],"categories_sizes":[],"default_left":[0,0,0,0,0,0,0,0,0,0,0,0,0,0,0],"id":77,"left_children":[1,3,5,-1,7,-1,-1,9,11,-1,13,-1,-1,-1,-1],"loss_changes":[3.3822315E0,9.88187E-1,2.6043415E-2,0E0,1.0513576E-1,0E0,0E0,1.6640633E-2,1.7501414E-5,0E0,1.7814199E-4,0E0,0E0,0E0,0E0],"parents":[2147483647,0,0,1,1,2,2,4,4,7,7,8,8,10,10],"right_children":[2,4,6,-1,8,-1,-1,10,12,-1,14,-1,-1,-1,-1],"split_conditions":[9.037022E-1,1.00548565E-1,1E0,-8.379277E-2,6.027799E-1,3.1555176E-2,1.2122955E-1,2.0118384E-1,8.042077E-1,-1.8432045E-2,4.022471E-1,4.0782928E-3,1.5238953E-2,-4.9786884E-3,-1.2260437E-3],"split_indices":[0,0,0,0,0,0,0,0,0,0,0,0,0,0,0],"split_type":[0,0,0,0,0,0,0,0,0,0,0,0,0,0,0],"sum_hessian":[9E0,7E0,2E0,1E0,6E0,1E0,1E0,4E0,2E0,1E0,3E0,1E0,1E0,2E0,1E0],"tree_param":{"num_deleted":"0","num_feature":"2","num_nodes":"15","size_leaf_vector":"1"}},{"base_weights":[1.1649603E-1,-2.1724351E-1,9.676361E-1,-7.960313E-2,-2.084078E-2,2.9977417E-2,1.15168E-1,-1.02581024E-1,1.2233988E-1,-1.7510414E-2,-4.067421E-2,3.8742067E-3,1.4476776E-2,-4.64681E-3,-1.1646271E-3],"categories":[],"categories_nodes":[],"categories_segments":[],"categories_sizes":[],"default_left":[0,0,0,0,0,0,0,0,0,0,0,0,0,0,0],"id":78,"left_children":[1,3,5,-1,7,-1,-1,9,11,-1,13,-1,-1,-1,-1],"loss_changes":[3.0508037E0,8.92814E-1,2.350378E-2,0E0,9.447511E-2,0E0,0E0,1.5326157E-2,1.616031E-5,0E0,1.3155909E-4,0E0,0E0,0E0,0E0],"parents":[2147483647,0,0,1,1,2,2,4,4,7,7,8,8,10,10],"right_children":[2,4,6,-1,8,-1,-1,10,12,-1,14,-1,-1,-1,-1],"split_conditions":[9.037022E-1,1.00548565E-1,1E0,-7.960313E-2,6.027799E-1,2.9977417E-2,1.15168E-1,2.0118384E-1,8.042077E-1,-1.7510414E-2,4.022471E-1,3.8742067E-3,1.4476776E-2,-4.64681E-3,-1.1646271E-3],"split_indices":[0,0,0,0,0,0,0,0,0,0,0,0,0,0,0],"split_type":[0,0,0,0,0,0,0,0,0,0,0,0,0,0,0],"sum_hessian":[9E0,7E0,2E0,1E0,6E0,1E0,1E0,4E0,2E0,1E0,3E0,1E0,1E0,2E0,1E0],"tree_param":{"num_deleted":"0","num_feature":"2","num_nodes":"15","size_leaf_vector":"1"}},{"base_weights":[1.1090195E-1,-2.060915E-1,9.192505E-1,-7.5622976E-2,-1.946749E-2,2.847824E-2,1.0940933E-1,-9.698715E-2,1.1622111E-1,-1.6634941E-2,-3.8059235E-2,3.6804199E-3,1.3752746E-2,-4.3370565E-3,-1.1062622E-3],"categories":[],"categories_nodes":[],"categories_segments":[],"categories_sizes":[],"default_left":[0,0,0,0,0,0,0,0,0,0,0,0,0,0,0],"id":79,"left_children":[1,3,5,-1,7,-1,-1,9,11,-1,13,-1,-1,-1,-1],"loss_changes":[2.7518616E0,8.0663013E-1,2.1218061E-2,0E0,8.490169E-2,0E0,0E0,1.4105737E-2,1.4666468E-5,0E0,9.37595E-5,0E0,0E0,0E0,0E0],"parents":[2147483647,0,0,1,1,2,2,4,4,7,7,8,8,10,10],"right_children":[2,4,6,-1,8,-1,-1,10,12,-1,14,-1,-1,-1,-1],"split_conditions":[9.037022E-1,1.00548565E-1,1E0,-7.5622976E-2,6.027799E-1,2.847824E-2,1.0940933E-1,2.0118384E-1,8.042077E-1,-1.6634941E-2,4.022471E-1,3.6804199E-3,1.3752746E-2,-4.3370565E-3,-1.1062622E-3],"split_indices":[0,0,0,0,0,0,0,0,0,0,0,0,0,0,0],"split_type":[0,0,0,0,0,0,0,0,0,0,0,0,0,0,0],"sum_hessian":[9E0,7E0,2E0,1E0,6E0,1E0,1E0,4E0,2E0,1E0,3E0,1E0,1E0,2E0,1E0],"tree_param":{"num_deleted":"0","num_feature":"2","num_nodes":"15","size_leaf_vector":"1"}},{"base_weights":[1.0557554E-1,-1.9551471E-1,8.73291E-1,-7.184183E-2,-1.8183026E-2,2.7054597E-2,1.0393906E-1,-9.1703795E-2,1.104126E-1,-1.5803147E-2,-3.5614014E-2,3.4965517E-3,1.3065338E-2,-4.0479023E-3,-1.0509491E-3],"categories":[],"categories_nodes":[],"categories_segments":[],"categories_sizes":[],"default_left":[0,0,0,0,0,0,0,0,0,0,0,0,0,0,0],"id":80,"left_children":[1,3,5,-1,7,-1,-1,9,11,-1,13,-1,-1,-1,-1],"loss_changes":[2.4822578E0,7.287559E-1,1.9144058E-2,0E0,7.63064E-2,0E0,0E0,1.2973387E-2,1.2960285E-5,0E0,6.312132E-5,0E0,0E0,0E0,0E0],"parents":[2147483647,0,0,1,1,2,2,4,4,7,7,8,8,10,10],"right_children":[2,4,6,-1,8,-1,-1,10,12,-1,14,-1,-1,-1,-1],"split_conditions":[9.037022E-1,1.00548565E-1,1E0,-7.184183E-2,6.027799E-1,2.7054597E-2,1.0393906E-1,2.0118384E-1,8.042077E-1,-1.5803147E-2,4.022471E-1,3.4965517E-3,1.3065338E-2,-4.0479023E-3,-1.0509491E-3],"split_indices":[0,0,0,0,0,0,0,0,0,0,0,0,0,0,0],"split_type":[0,0,0,0,0,0,0,0,0,0,0,0,0,0,0],"sum_hessian":[9E0,7E0,2E0,1E0,6E0,1E0,1E0,4E0,2E0,1E0,3E0,1E0,1E0,2E0,1E0],"tree_param":{"num_deleted":"0","num_feature":"2","num_nodes":"15","size_leaf_vector":"1"}},{"base_weights":[1.0049947E-1,-1.854852E-1,8.296254E-1,-6.824973E-2,-1.698385E-2,2.5701905E-2,9.874191E-2,-8.671379E-2,1.04894005E-1,-1.5013027E-2,-3.3327103E-2,3.3218383E-3,1.2412262E-2,-3.7780763E-3,-9.983063E-4],"categories":[],"categories_nodes":[],"categories_segments":[],"categories_sizes":[],"default_left":[0,0,0,0,0,0,0,0,0,0,0,0,0,0,0],"id":81,"left_children":[1,3,5,-1,7,-1,-1,9,11,-1,13,-1,-1,-1,-1],"loss_changes":[2.2390716E0,6.5838635E-1,1.7275572E-2,0E0,6.858551E-2,0E0,0E0,1.1924569E-2,1.1518598E-5,0E0,3.869785E-5,0E0,0E0,0E0,0E0],"parents":[2147483647,0,0,1,1,2,2,4,4,7,7,8,8,10,10],"right_children":[2,4,6,-1,8,-1,-1,10,12,-1,14,-1,-1,-1,-1],"split_conditions":[9.037022E-1,1.00548565E-1,1E0,-6.824973E-2,6.027799E-1,2.5701905E-2,9.874191E-2,2.0118384E-1,8.042077E-1,-1.5013027E-2,4.022471E-1,3.3218383E-3,1.2412262E-2,-3.7780763E-3,-9.983063E-4],"split_indices":[0,0,0,0,0,0,0,0,0,0,0,0,0,0,0],"split_type":[0,0,0,0,0,0,0,0,0,0,0,0,0,0,0],"sum_hessian":[9E0,7E0,2E0,1E0,6E0,1E0,1E0,4E0,2E0,1E0,3E0,1E0,1E0,2E0,1E0],"tree_param":{"num_deleted":"0","num_feature":"2","num_nodes":"15","size_leaf_vector":"1"}},{"base_weights":[9.56652E-2,-1.7597361E-1,7.88147E-1,-6.483725E-2,-1.5863419E-2,2.4417115E-2,9.380493E-2,-8.200035E-2,9.965261E-2,-1.426239E-2,-3.1188488E-2,3.155899E-3,1.1791992E-2,-3.5262424E-3,-9.4833376E-4],"categories":[],"categories_nodes":[],"categories_segments":[],"categories_sizes":[],"default_left":[0,0,0,0,0,0,0,0,0,0,0,0,0,0,0],"id":82,"left_children":[1,3,5,-1,7,-1,-1,9,11,-1,13,-1,-1,-1,-1],"loss_changes":[2.0197423E0,5.9480155E-1,1.5585184E-2,0E0,6.1650682E-2,0E0,0E0,1.095375E-2,1.02277845E-5,0E0,1.9296305E-5,0E0,0E0,0E0,0E0],"parents":[2147483647,0,0,1,1,2,2,4,4,7,7,8,8,10,10],"right_children":[2,4,6,-1,8,-1,-1,10,12,-1,14,-1,-1,-1,-1],"split_conditions":[9.037022E-1,1.00548565E-1,1E0,-6.483725E-2,6.027799E-1,2.4417115E-2,9.380493E-2,2.0118384E-1,8.042077E-1,-1.426239E-2,4.022471E-1,3.155899E-3,1.1791992E-2,-3.5262424E-3,-9.4833376E-4],"split_indices":[0,0,0,0,0,0,0,0,0,0,0,0,0,0,0],"split_type":[0,0,0,0,0,0,0,0,0,0,0,0,0,0,0],"sum_hessian":[9E0,7E0,2E0,1E0,6E0,1E0,1E0,4E0,2E0,1E0,3E0,1E0,1E0,2E0,1E0],"tree_param":{"num_deleted":"0","num_feature":"2","num_nodes":"15","size_leaf_vector":"1"}},{"base_weights":[9.105712E-2,-1.6695558E-1,7.487386E-1,-6.1595388E-2,-1.4819554E-2,2.3196412E-2,8.911438E-2,-7.754822E-2,9.466807E-2,-1.3549233E-2,-2.918911E-2,2.9979707E-3,1.120224E-2,-3.2911939E-3,-9.010315E-4],"categories":[],"categories_nodes":[],"categories_segments":[],"categories_sizes":[],"default_left":[0,0,0,0,0,0,0,0,0,0,0,0,0,0,0],"id":83,"left_children":[1,3,5,-1,7,-1,-1,9,11,-1,13,-1,-1,-1,-1],"loss_changes":[1.8219079E0,5.373423E-1,1.4060736E-2,0E0,5.5417426E-2,0E0,0E0,1.0055726E-2,9.473413E-6,0E0,3.941357E-6,0E0,0E0,0E0,0E0],"parents":[2147483647,0,0,1,1,2,2,4,4,7,7,8,8,10,10],"right_children":[2,4,6,-1,8,-1,-1,10,12,-1,14,-1,-1,-1,-1],"split_conditions":[9.037022E-1,1.00548565E-1,1E0,-6.1595388E-2,6.027799E-1,2.3196412E-2,8.911438E-2,2.0118384E-1,8.042077E-1,-1.3549233E-2,4.022471E-1,2.9979707E-3,1.120224E-2,-3.2911939E-3,-9.010315E-4],"split_indices":[0,0,0,0,0,0,0,0,0,0,0,0,0,0,0],"split_type":[0,0,0,0,0,0,0,0,0,0,0,0,0,0,0],"sum_hessian":[9E0,7E0,2E0,1E0,6E0,1E0,1E0,4E0,2E0,1E0,3E0,1E0,1E0,2E0,1E0],"tree_param":{"num_deleted":"0","num_feature":"2","num_nodes":"15","size_leaf_vector":"1"}},{"base_weights":[8.666979E-2,-1.5840165E-1,7.113037E-1,-5.8515616E-2,-1.3842992E-2,2.2036744E-2,8.465882E-2,-7.334137E-2,8.99353E-2,-1.2871742E-2,-2.7318E-3,2.8480531E-3,1.0642243E-2],"categories":[],"categories_nodes":[],"categories_segments":[],"categories_sizes":[],"default_left":[0,0,0,0,0,0,0,0,0,0,0,0,0],"id":84,"left_children":[1,3,5,-1,7,-1,-1,9,11,-1,-1,-1,-1],"loss_changes":[1.6434711E0,4.8542815E-1,1.2687564E-2,0E0,4.981846E-2,0E0,0E0,9.226659E-3,8.672476E-6,0E0,0E0,0E0,0E0],"parents":[2147483647,0,0,1,1,2,2,4,4,7,7,8,8],"right_children":[2,4,6,-1,8,-1,-1,10,12,-1,-1,-1,-1],"split_conditions":[9.037022E-1,1.00548565E-1,1E0,-5.8515616E-2,6.027799E-1,2.2036744E-2,8.465882E-2,2.0118384E-1,8.042077E-1,-1.2871742E-2,-2.7318E-3,2.8480531E-3,1.0642243E-2],"split_indices":[0,0,0,0,0,0,0,0,0,0,0,0,0],"split_type":[0,0,0,0,0,0,0,0,0,0,0,0,0],"sum_hessian":[9E0,7E0,2E0,1E0,6E0,1E0,1E0,4E0,2E0,1E0,3E0,1E0,1E0],"tree_param":{"num_deleted":"0","num_feature":"2","num_nodes":"13","size_leaf_vector":"1"}},{"base_weights":[8.261077E-2,-1.5013924E-1,6.7574054E-1,-5.5589832E-2,-1.27596175E-2,2.0935059E-2,8.042603E-2,-6.912842E-2,8.544159E-2,-1.03398645E-2,-1.1815389E-3,2.7057647E-3,1.0110474E-2],"categories":[],"categories_nodes":[],"categories_segments":[],"categories_sizes":[],"default_left":[0,0,0,0,0,0,0,0,0,0,0,0,0],"id":85,"left_children":[1,3,5,-1,7,-1,-1,9,11,-1,-1,-1,-1],"loss_changes":[1.4819648E0,4.3885118E-1,1.1448503E-2,0E0,4.465483E-2,0E0,0E0,8.598959E-3,7.772818E-6,0E0,0E0,0E0,0E0],"parents":[2147483647,0,0,1,1,2,2,4,4,7,7,8,8],"right_children":[2,4,6,-1,8,-1,-1,10,12,-1,-1,-1,-1],"split_conditions":[9.037022E-1,1.00548565E-1,1E0,-5.5589832E-2,6.027799E-1,2.0935059E-2,8.042603E-2,3.0184552E-1,8.042077E-1,-1.03398645E-2,-1.1815389E-3,2.7057647E-3,1.0110474E-2],"split_indices":[0,0,0,0,0,0,0,0,0,0,0,0,0],"split_type":[0,0,0,0,0,0,0,0,0,0,0,0,0],"sum_hessian":[9E0,7E0,2E0,1E0,6E0,1E0,1E0,4E0,2E0,2E0,2E0,1E0,1E0],"tree_param":{"num_deleted":"0","num_feature":"2","num_nodes":"13","size_leaf_vector":"1"}},{"base_weights":[7.9055294E-2,-1.4191307E-1,6.419525E-1,-4.301437E-1,2.585443E-2,1.9888306E-2,7.640457E-2,-5.281034E-2,-1.17112165E-2,-2.2093296E-2,8.116659E-2,-2.5055567E-3,-6.603241E-4,2.570343E-3,9.604645E-3],"categories":[],"categories_nodes":[],"categories_segments":[],"categories_sizes":[],"default_left":[0,0,0,0,0,0,0,0,0,0,0,0,0,0,0],"id":86,"left_children":[1,3,5,7,9,-1,-1,-1,-1,11,13,-1,-1,-1,-1],"loss_changes":[1.3349264E0,3.9796698E-1,1.03315115E-2,3.0146122E-2,1.7705789E-2,0E0,0E0,0E0,0E0,1.8095132E-5,7.1302056E-6,0E0,0E0,0E0,0E0],"parents":[2147483647,0,0,1,1,2,2,3,3,4,4,9,9,10,10],"right_children":[2,4,6,8,10,-1,-1,-1,-1,12,14,-1,-1,-1,-1],"split_conditions":[9.037022E-1,2.0118384E-1,1E0,1.00548565E-1,6.027799E-1,1.9888306E-2,7.640457E-2,-5.281034E-2,-1.17112165E-2,4.022471E-1,8.042077E-1,-2.5055567E-3,-6.603241E-4,2.570343E-3,9.604645E-3],"split_indices":[0,0,0,0,0,0,0,0,0,0,0,0,0,0,0],"split_type":[0,0,0,0,0,0,0,0,0,0,0,0,0,0,0],"sum_hessian":[9E0,7E0,2E0,2E0,5E0,1E0,1E0,1E0,1E0,3E0,2E0,2E0,1E0,1E0,1E0],"tree_param":{"num_deleted":"0","num_feature":"2","num_nodes":"15","size_leaf_vector":"1"}},{"base_weights":[7.522988E-2,-1.3465947E-1,6.098582E-1,-4.0863657E-1,2.4772326E-2,1.8894196E-2,7.258453E-2,-5.0169826E-2,-1.11256605E-2,-2.0674229E-2,7.711029E-2,-2.338473E-3,-6.2713627E-4,2.4417879E-3,9.124756E-3],"categories":[],"categories_nodes":[],"categories_segments":[],"categories_sizes":[],"default_left":[0,0,0,0,0,0,0,0,0,0,0,0,0,0,0],"id":87,"left_children":[1,3,5,7,9,-1,-1,-1,-1,11,13,-1,-1,-1,-1],"loss_changes":[1.2042512E0,3.5956818E-1,9.320021E-3,2.7206838E-2,1.5865676E-2,0E0,0E0,0E0,0E0,9.501819E-6,6.707385E-6,0E0,0E0,0E0,0E0],"parents":[2147483647,0,0,1,1,2,2,3,3,4,4,9,9,10,10],"right_children":[2,4,6,8,10,-1,-1,-1,-1,12,14,-1,-1,-1,-1],"split_conditions":[9.037022E-1,2.0118384E-1,1E0,1.00548565E-1,6.027799E-1,1.8894196E-2,7.258453E-2,-5.0169826E-2,-1.11256605E-2,4.022471E-1,8.042077E-1,-2.338473E-3,-6.2713627E-4,2.4417879E-3,9.124756E-3],"split_indices":[0,0,0,0,0,0,0,0,0,0,0,0,0,0,0],"split_type":[0,0,0,0,0,0,0,0,0,0,0,0,0,0,0],"sum_hessian":[9E0,7E0,2E0,2E0,5E0,1E0,1E0,1E0,1E0,3E0,2E0,2E0,1E0,1E0,1E0],"tree_param":{"num_deleted":"0","num_feature":"2","num_nodes":"15","size_leaf_vector":"1"}},{"base_weights":[7.15854E-2,-1.2778051E-1,5.79366E-1,-3.8820478E-1,2.372837E-2,1.7949676E-2,6.8955235E-2,-4.7661334E-2,-1.05693815E-2,-1.9348621E-2,7.3254906E-2,-2.5223733E-3,-8.982341E-4,2.3197175E-3,8.668519E-3],"categories":[],"categories_nodes":[],"categories_segments":[],"categories_sizes":[],"default_left":[0,0,0,0,0,0,0,0,0,0,0,0,0,0,0],"id":88,"left_children":[1,3,5,7,9,-1,-1,-1,-1,11,13,-1,-1,-1,-1],"loss_changes":[1.0863732E0,3.2486415E-1,8.407831E-3,2.4554074E-2,1.4218106E-2,0E0,0E0,0E0,0E0,1.7044134E-5,6.016344E-6,0E0,0E0,0E0,0E0],"parents":[2147483647,0,0,1,1,2,2,3,3,4,4,9,9,10,10],"right_children":[2,4,6,8,10,-1,-1,-1,-1,12,14,-1,-1,-1,-1],"split_conditions":[9.037022E-1,2.0118384E-1,1E0,1.00548565E-1,6.027799E-1,1.7949676E-2,6.8955235E-2,-4.7661334E-2,-1.05693815E-2,3.0184552E-1,8.042077E-1,-2.5223733E-3,-8.982341E-4,2.3197175E-3,8.668519E-3],"split_indices":[0,0,0,0,0,0,0,0,0,0,0,0,0,0,0],"split_type":[0,0,0,0,0,0,0,0,0,0,0,0,0,0,0],"sum_hessian":[9E0,7E0,2E0,2E0,5E0,1E0,1E0,1E0,1E0,3E0,2E0,1E0,2E0,1E0,1E0],"tree_param":{"num_deleted":"0","num_feature":"2","num_nodes":"15","size_leaf_vector":"1"}},{"base_weights":[6.805171E-2,-1.2133528E-1,5.503998E-1,-3.687948E-1,2.2617022E-2,1.705246E-2,6.550751E-2,-4.527827E-2,-1.0040951E-2,-1.8269062E-2,6.9592796E-2,-2.3962974E-3,-8.3834335E-4,2.2037507E-3,8.235169E-3],"categories":[],"categories_nodes":[],"categories_segments":[],"categories_sizes":[],"default_left":[0,0,0,0,0,0,0,0,0,0,0,0,0,0,0],"id":89,"left_children":[1,3,5,7,9,-1,-1,-1,-1,11,13,-1,-1,-1,-1],"loss_changes":[9.802874E-1,2.9332E-1,7.584214E-3,2.2159636E-2,1.2795326E-2,0E0,0E0,0E0,0E0,2.4259673E-5,5.4324046E-6,0E0,0E0,0E0,0E0],"parents":[2147483647,0,0,1,1,2,2,3,3,4,4,9,9,10,10],"right_children":[2,4,6,8,10,-1,-1,-1,-1,12,14,-1,-1,-1,-1],"split_conditions":[9.037022E-1,2.0118384E-1,1E0,1.00548565E-1,6.027799E-1,1.705246E-2,6.550751E-2,-4.527827E-2,-1.0040951E-2,3.0184552E-1,8.042077E-1,-2.3962974E-3,-8.3834335E-4,2.2037507E-3,8.235169E-3],"split_indices":[0,0,0,0,0,0,0,0,0,0,0,0,0,0,0],"split_type":[0,0,0,0,0,0,0,0,0,0,0,0,0,0,0],"sum_hessian":[9E0,7E0,2E0,2E0,5E0,1E0,1E0,1E0,1E0,3E0,2E0,1E0,2E0,1E0,1E0],"tree_param":{"num_deleted":"0","num_feature":"2","num_nodes":"15","size_leaf_vector":"1"}},{"base_weights":[6.468998E-2,-1.15216784E-1,5.22878E-1,-3.503553E-1,2.1555265E-2,1.6199494E-2,6.2232208E-2,-4.301436E-2,-9.538936E-3,-1.7250538E-2,6.6111244E-2,-2.276516E-3,-7.8239443E-4,2.0935058E-3,7.823181E-3],"categories":[],"categories_nodes":[],"categories_segments":[],"categories_sizes":[],"default_left":[0,0,0,0,0,0,0,0,0,0,0,0,0,0,0],"id":90,"left_children":[1,3,5,7,9,-1,-1,-1,-1,11,13,-1,-1,-1,-1],"loss_changes":[8.845556E-1,2.6483497E-1,6.850004E-3,1.9998759E-2,1.1514639E-2,0E0,0E0,0E0,0E0,2.9823044E-5,4.8950315E-6,0E0,0E0,0E0,0E0],"parents":[2147483647,0,0,1,1,2,2,3,3,4,4,9,9,10,10],"right_children":[2,4,6,8,10,-1,-1,-1,-1,12,14,-1,-1,-1,-1],"split_conditions":[9.037022E-1,2.0118384E-1,1E0,1.00548565E-1,6.027799E-1,1.6199494E-2,6.2232208E-2,-4.301436E-2,-9.538936E-3,3.0184552E-1,8.042077E-1,-2.276516E-3,-7.8239443E-4,2.0935058E-3,7.823181E-3],"split_indices":[0,0,0,0,0,0,0,0,0,0,0,0,0,0,0],"split_type":[0,0,0,0,0,0,0,0,0,0,0,0,0,0,0],"sum_hessian":[9E0,7E0,2E0,2E0,5E0,1E0,1E0,1E0,1E0,3E0,2E0,1E0,2E0,1E0,1E0],"tree_param":{"num_deleted":"0","num_feature":"2","num_nodes":"15","size_leaf_vector":"1"}},{"base_weights":[6.1494958E-2,-1.09406784E-1,4.9673462E-1,-3.328376E-1,2.0543098E-2,1.53892515E-2,5.9120942E-2,-4.086364E-2,-9.062004E-3,-1.6289234E-2,6.2805176E-2,-2.1626472E-3,-7.301331E-4,1.9889832E-3,7.4317935E-3],"categories":[],"categories_nodes":[],"categories_segments":[],"categories_sizes":[],"default_left":[0,0,0,0,0,0,0,0,0,0,0,0,0,0,0],"id":91,"left_children":[1,3,5,7,9,-1,-1,-1,-1,11,13,-1,-1,-1,-1],"loss_changes":[7.981783E-1,2.3911601E-1,6.187141E-3,1.8048704E-2,1.0362714E-2,0E0,0E0,0E0,0E0,3.3980235E-5,4.050322E-6,0E0,0E0,0E0,0E0],"parents":[2147483647,0,0,1,1,2,2,3,3,4,4,9,9,10,10],"right_children":[2,4,6,8,10,-1,-1,-1,-1,12,14,-1,-1,-1,-1],"split_conditions":[9.037022E-1,2.0118384E-1,1E0,1.00548565E-1,6.027799E-1,1.53892515E-2,5.9120942E-2,-4.086364E-2,-9.062004E-3,3.0184552E-1,8.042077E-1,-2.1626472E-3,-7.301331E-4,1.9889832E-3,7.4317935E-3],"split_indices":[0,0,0,0,0,0,0,0,0,0,0,0,0,0,0],"split_type":[0,0,0,0,0,0,0,0,0,0,0,0,0,0,0],"sum_hessian":[9E0,7E0,2E0,2E0,5E0,1E0,1E0,1E0,1E0,3E0,2E0,1E0,2E0,1E0,1E0],"tree_param":{"num_deleted":"0","num_feature":"2","num_nodes":"15","size_leaf_vector":"1"}},{"base_weights":[5.8455277E-2,-1.03890896E-1,4.718933E-1,-3.1619582E-1,1.9576708E-2,1.4619446E-2,5.616455E-2,-3.8820457E-2,-8.608914E-3,-1.5383244E-2,5.966441E-2,-2.0545006E-3,-6.8143214E-4,1.8894196E-3,7.060242E-3],"categories":[],"categories_nodes":[],"categories_segments":[],"categories_sizes":[],"default_left":[0,0,0,0,0,0,0,0,0,0,0,0,0,0,0],"id":92,"left_children":[1,3,5,7,9,-1,-1,-1,-1,11,13,-1,-1,-1,-1],"loss_changes":[7.202262E-1,2.1589231E-1,5.587101E-3,1.6288906E-2,9.326616E-3,0E0,0E0,0E0,0E0,3.692275E-5,3.8594007E-6,0E0,0E0,0E0,0E0],"parents":[2147483647,0,0,1,1,2,2,3,3,4,4,9,9,10,10],"right_children":[2,4,6,8,10,-1,-1,-1,-1,12,14,-1,-1,-1,-1],"split_conditions":[9.037022E-1,2.0118384E-1,1E0,1.00548565E-1,6.027799E-1,1.4619446E-2,5.616455E-2,-3.8820457E-2,-8.608914E-3,3.0184552E-1,8.042077E-1,-2.0545006E-3,-6.8143214E-4,1.8894196E-3,7.060242E-3],"split_indices":[0,0,0,0,0,0,0,0,0,0,0,0,0,0,0],"split_type":[0,0,0,0,0,0,0,0,0,0,0,0,0,0,0],"sum_hessian":[9E0,7E0,2E0,2E0,5E0,1E0,1E0,1E0,1E0,3E0,2E0,1E0,2E0,1E0,1E0],"tree_param":{"num_deleted":"0","num_feature":"2","num_nodes":"15","size_leaf_vector":"1"}},{"base_weights":[5.5565663E-2,-9.8654725E-2,4.4829813E-1,-3.0038574E-1,1.8653234E-2,1.388855E-2,5.335617E-2,-3.6879435E-2,-8.178425E-3,-1.4529228E-2,5.6678772E-2,-1.9517898E-3,-6.360372E-4,1.7948151E-3,6.707001E-3],"categories":[],"categories_nodes":[],"categories_segments":[],"categories_sizes":[],"default_left":[0,0,0,0,0,0,0,0,0,0,0,0,0,0,0],"id":93,"left_children":[1,3,5,7,9,-1,-1,-1,-1,11,13,-1,-1,-1,-1],"loss_changes":[6.4990026E-1,1.9492038E-1,5.0408244E-3,1.4701128E-2,8.394185E-3,0E0,0E0,0E0,0E0,3.886578E-5,3.5939738E-6,0E0,0E0,0E0,0E0],"parents":[2147483647,0,0,1,1,2,2,3,3,4,4,9,9,10,10],"right_children":[2,4,6,8,10,-1,-1,-1,-1,12,14,-1,-1,-1,-1],"split_conditions":[9.037022E-1,2.0118384E-1,1E0,1.00548565E-1,6.027799E-1,1.388855E-2,5.335617E-2,-3.6879435E-2,-8.178425E-3,3.0184552E-1,8.042077E-1,-1.9517898E-3,-6.360372E-4,1.7948151E-3,6.707001E-3],"split_indices":[0,0,0,0,0,0,0,0,0,0,0,0,0,0,0],"split_type":[0,0,0,0,0,0,0,0,0,0,0,0,0,0,0],"sum_hessian":[9E0,7E0,2E0,2E0,5E0,1E0,1E0,1E0,1E0,3E0,2E0,1E0,2E0,1E0,1E0],"tree_param":{"num_deleted":"0","num_feature":"2","num_nodes":"15","size_leaf_vector":"1"}},{"base_weights":[5.28184E-2,-9.3683116E-2,4.2588297E-1,-2.8536636E-1,1.7772356E-2,1.3194275E-2,5.0688174E-2,-3.5035465E-2,-7.769489E-3,-1.372385E-2,5.384318E-2,-1.854229E-3,-5.936941E-4,1.7051697E-3,6.3713077E-3],"categories":[],"categories_nodes":[],"categories_segments":[],"categories_sizes":[],"default_left":[0,0,0,0,0,0,0,0,0,0,0,0,0,0,0],"id":94,"left_children":[1,3,5,7,9,-1,-1,-1,-1,11,13,-1,-1,-1,-1],"loss_changes":[5.864433E-1,1.759848E-1,4.5469403E-3,1.326786E-2,7.5555006E-3,0E0,0E0,0E0,0E0,3.99985E-5,2.968125E-6,0E0,0E0,0E0,0E0],"parents":[2147483647,0,0,1,1,2,2,3,3,4,4,9,9,10,10],"right_children":[2,4,6,8,10,-1,-1,-1,-1,12,14,-1,-1,-1,-1],"split_conditions":[9.037022E-1,2.0118384E-1,1E0,1.00548565E-1,6.027799E-1,1.3194275E-2,5.0688174E-2,-3.5035465E-2,-7.769489E-3,3.0184552E-1,8.042077E-1,-1.854229E-3,-5.936941E-4,1.7051697E-3,6.3713077E-3],"split_indices":[0,0,0,0,0,0,0,0,0,0,0,0,0,0,0],"split_type":[0,0,0,0,0,0,0,0,0,0,0,0,0,0,0],"sum_hessian":[9E0,7E0,2E0,2E0,5E0,1E0,1E0,1E0,1E0,3E0,2E0,1E0,2E0,1E0,1E0],"tree_param":{"num_deleted":"0","num_feature":"2","num_nodes":"15","size_leaf_vector":"1"}},{"base_weights":[5.0205655E-2,-8.896298E-2,4.045868E-1,-2.7109832E-1,1.6931852E-2,1.2534332E-2,4.8153687E-2,-3.328369E-2,-7.381058E-3,-1.2962818E-2,5.114746E-2,-1.7615318E-3,-5.540212E-4,1.6197205E-3,6.0523986E-3],"categories":[],"categories_nodes":[],"categories_segments":[],"categories_sizes":[],"default_left":[0,0,0,0,0,0,0,0,0,0,0,0,0,0,0],"id":95,"left_children":[1,3,5,7,9,-1,-1,-1,-1,11,13,-1,-1,-1,-1],"loss_changes":[5.2918065E-1,1.5888771E-1,4.105985E-3,1.19739175E-2,6.800201E-3,0E0,0E0,0E0,0E0,4.05421E-5,2.8163195E-6,0E0,0E0,0E0,0E0],"parents":[2147483647,0,0,1,1,2,2,3,3,4,4,9,9,10,10],"right_children":[2,4,6,8,10,-1,-1,-1,-1,12,14,-1,-1,-1,-1],"split_conditions":[9.037022E-1,2.0118384E-1,1E0,1.00548565E-1,6.027799E-1,1.2534332E-2,4.8153687E-2,-3.328369E-2,-7.381058E-3,3.0184552E-1,8.042077E-1,-1.7615318E-3,-5.540212E-4,1.6197205E-3,6.0523986E-3],"split_indices":[0,0,0,0,0,0,0,0,0,0,0,0,0,0,0],"split_type":[0,0,0,0,0,0,0,0,0,0,0,0,0,0,0],"sum_hessian":[9E0,7E0,2E0,2E0,5E0,1E0,1E0,1E0,1E0,3E0,2E0,1E0,2E0,1E0,1E0],"tree_param":{"num_deleted":"0","num_feature":"2","num_nodes":"15","size_leaf_vector":"1"}},{"base_weights":[4.772348E-2,-8.4480174E-2,3.8435873E-1,-2.5754327E-1,1.6131401E-2,1.1907959E-2,4.574585E-2,-3.1619504E-2,-7.011986E-3,-1.2244701E-2,4.858907E-2,-1.6734124E-3,-5.1701866E-4,1.5388489E-3,5.749512E-3],"categories":[],"categories_nodes":[],"categories_segments":[],"categories_sizes":[],"default_left":[0,0,0,0,0,0,0,0,0,0,0,0,0,0,0],"id":96,"left_children":[1,3,5,7,9,-1,-1,-1,-1,11,13,-1,-1,-1,-1],"loss_changes":[4.7751474E-1,1.4345172E-1,3.7015676E-3,1.0806605E-2,6.1210915E-3,0E0,0E0,0E0,0E0,4.052336E-5,2.2947788E-6,0E0,0E0,0E0,0E0],"parents":[2147483647,0,0,1,1,2,2,3,3,4,4,9,9,10,10],"right_children":[2,4,6,8,10,-1,-1,-1,-1,12,14,-1,-1,-1,-1],"split_conditions":[9.037022E-1,2.0118384E-1,1E0,1.00548565E-1,6.027799E-1,1.1907959E-2,4.574585E-2,-3.1619504E-2,-7.011986E-3,3.0184552E-1,8.042077E-1,-1.6734124E-3,-5.1701866E-4,1.5388489E-3,5.749512E-3],"split_indices":[0,0,0,0,0,0,0,0,0,0,0,0,0,0,0],"split_type":[0,0,0,0,0,0,0,0,0,0,0,0,0,0,0],"sum_hessian":[9E0,7E0,2E0,2E0,5E0,1E0,1E0,1E0,1E0,3E0,2E0,1E0,2E0,1E0,1E0],"tree_param":{"num_deleted":"0","num_feature":"2","num_nodes":"15","size_leaf_vector":"1"}},{"base_weights":[4.5363463E-2,-8.022423E-2,3.6514282E-1,-2.446663E-1,1.5367508E-2,1.1312867E-2,4.345856E-2,-3.003853E-2,-6.661415E-3,-1.1567116E-2,4.6157837E-2,-1.5897751E-3,-4.8243205E-4,1.461792E-3,5.4618837E-3],"categories":[],"categories_nodes":[],"categories_segments":[],"categories_sizes":[],"default_left":[0,0,0,0,0,0,0,0,0,0,0,0,0,0,0],"id":97,"left_children":[1,3,5,7,9,-1,-1,-1,-1,11,13,-1,-1,-1,-1],"loss_changes":[4.3089682E-1,1.2951435E-1,3.337592E-3,9.75275E-3,5.5098683E-3,0E0,0E0,0E0,0E0,4.0106475E-5,2.163928E-6,0E0,0E0,0E0,0E0],"parents":[2147483647,0,0,1,1,2,2,3,3,4,4,9,9,10,10],"right_children":[2,4,6,8,10,-1,-1,-1,-1,12,14,-1,-1,-1,-1],"split_conditions":[9.037022E-1,2.0118384E-1,1E0,1.00548565E-1,6.027799E-1,1.1312867E-2,4.345856E-2,-3.003853E-2,-6.661415E-3,3.0184552E-1,8.042077E-1,-1.5897751E-3,-4.8243205E-4,1.461792E-3,5.4618837E-3],"split_indices":[0,0,0,0,0,0,0,0,0,0,0,0,0,0,0],"split_type":[0,0,0,0,0,0,0,0,0,0,0,0,0,0,0],"sum_hessian":[9E0,7E0,2E0,2E0,5E0,1E0,1E0,1E0,1E0,3E0,2E0,1E0,2E0,1E0,1E0],"tree_param":{"num_deleted":"0","num_feature":"2","num_nodes":"15","size_leaf_vector":"1"}},{"base_weights":[4.3119438E-2,-7.618379E-2,3.468882E-1,-2.324333E-1,1.4638265E-2,1.0747529E-2,4.1285705E-2,-2.8536603E-2,-6.3283923E-3,-1.0929108E-2,4.3848675E-2,-1.5102386E-3,-4.503886E-4,1.3885498E-3,5.1887515E-3],"categories":[],"categories_nodes":[],"categories_segments":[],"categories_sizes":[],"default_left":[0,0,0,0,0,0,0,0,0,0,0,0,0,0,0],"id":98,"left_children":[1,3,5,7,9,-1,-1,-1,-1,11,13,-1,-1,-1,-1],"loss_changes":[3.8883322E-1,1.1692963E-1,3.0094385E-3,8.801535E-3,4.9602273E-3,0E0,0E0,0E0,0E0,3.923755E-5,2.1234155E-6,0E0,0E0,0E0,0E0],"parents":[2147483647,0,0,1,1,2,2,3,3,4,4,9,9,10,10],"right_children":[2,4,6,8,10,-1,-1,-1,-1,12,14,-1,-1,-1,-1],"split_conditions":[9.037022E-1,2.0118384E-1,1E0,1.00548565E-1,6.027799E-1,1.0747529E-2,4.1285705E-2,-2.8536603E-2,-6.3283923E-3,3.0184552E-1,8.042077E-1,-1.5102386E-3,-4.503886E-4,1.3885498E-3,5.1887515E-3],"split_indices":[0,0,0,0,0,0,0,0,0,0,0,0,0,0,0],"split_type":[0,0,0,0,0,0,0,0,0,0,0,0,0,0,0],"sum_hessian":[9E0,7E0,2E0,2E0,5E0,1E0,1E0,1E0,1E0,3E0,2E0,1E0,2E0,1E0,1E0],"tree_param":{"num_deleted":"0","num_feature":"2","num_nodes":"15","size_leaf_vector":"1"}},{"base_weights":[4.0986143E-2,-7.2346345E-2,3.2954407E-1,-2.2081156E-1,1.394399E-2,1.0210419E-2,3.9221194E-2,-2.7109772E-2,-6.011963E-3,-1.03263855E-2,4.1656494E-2,-1.4347077E-3,-4.2037966E-4,1.3191224E-3,4.929352E-3],"categories":[],"categories_nodes":[],"categories_segments":[],"categories_sizes":[],"default_left":[0,0,0,0,0,0,0,0,0,0,0,0,0,0,0],"id":99,"left_children":[1,3,5,7,9,-1,-1,-1,-1,11,13,-1,-1,-1,-1],"loss_changes":[3.5087118E-1,1.055679E-1,2.7130246E-3,7.9434365E-3,4.4657183E-3,0E0,0E0,0E0,0E0,3.8155966E-5,1.9278377E-6,0E0,0E0,0E0,0E0],"parents":[2147483647,0,0,1,1,2,2,3,3,4,4,9,9,10,10],"right_children":[2,4,6,8,10,-1,-1,-1,-1,12,14,-1,-1,-1,-1],"split_conditions":[9.037022E-1,2.0118384E-1,1E0,1.00548565E-1,6.027799E-1,1.0210419E-2,3.9221194E-2,-2.7109772E-2,-6.011963E-3,3.0184552E-1,8.042077E-1,-1.4347077E-3,-4.2037966E-4,1.3191224E-3,4.929352E-3],"split_indices":[0,0,0,0,0,0,0,0,0,0,0,0,0,0,0],"split_type":[0,0,0,0,0,0,0,0,0,0,0,0,0,0,0],"sum_hessian":[9E0,7E0,2E0,2E0,5E0,1E0,1E0,1E0,1E0,3E0,2E0,1E0,2E0,1E0,1E0],"tree_param":{"num_deleted":"0","num_feature":"2","num_nodes":"15","size_leaf_vector":"1"}}]},"name":"gbtree"},"learner_model_param":{"base_score":"8.649306E1","boost_from_average":"1","num_class":"0","num_feature":"2","num_target":"1"},"objective":{"name":"reg:squarederror","reg_loss_param":{"scale_pos_weight":"1"}}},"version":[2,1,1]}