{"learner":{"attributes":{"scikit_learn":"{\"_estimator_type\": \"regressor\"}"},"feature_names":[],"feature_types":[],"gradient_booster":{"model":{"gbtree_model_param":{"num_parallel_tree":"1","num_trees":"100"},"iteration_indptr":[0,1,2,3,4,5,6,7,8,9,10,11,12,13,14,15,16,17,18,19,20,21,22,23,24,25,26,27,28,29,30,31,32,33,34,35,36,37,38,39,40,41,42,43,44,45,46,47,48,49,50,51,52,53,54,55,56,57,58,59,60,61,62,63,64,65,66,67,68,69,70,71,72,73,74,75,76,77,78,79,80,81,82,83,84,85,86,87,88,89,90,91,92,93,94,95,96,97,98,99,100],"tree_info":[0,0,0,0,0,0,0,0,0,0,0,0,0,0,0,0,0,0,0,0,0,0,0,0,0,0,0,0,0,0,0,0,0,0,0,0,0,0,0,0,0,0,0,0,0,0,0,0,0,0,0,0,0,0,0,0,0,0,0,0,0,0,0,0,0,0,0,0,0,0,0,0,0,0,0,0,0,0,0,0,0,0,0,0,0,0,0,0,0,0,0,0,0,0,0,0,0,0,0,0],"trees":[{"base_weights":[-3.8146973E-7,-2.911111E1,2.4259258E1,-3.466667E0,-3.4444448E-1,3.0555555E-1,2.788889E0],"categories":[],"categories_nodes":[],"categories_segments":[],"categories_sizes":[],"default_left":[0,0,0,0,0,0,0],"id":0,"left_children":[1,3,5,-1,-1,-1,-1],"loss_changes":[7.7683545E3,5.9355566E2,3.7655322E2,0E0,0E0,0E0,0E0],"parents":[2147483647,0,0,1,1,2,2],"right_children":[2,4,6,-1,-1,-1,-1],"split_conditions":[5.020544E-1,4.014847E-1,6.000464E-1,-3.466667E0,-3.4444448E-1,3.0555555E-1,2.788889E0],"split_indices":[0,0,0,0,0,0,0],"split_type":[0,0,0,0,0,0,0],"sum_hessian":[9E0,4E0,5E0,3E0,1E0,1E0,4E0],"tree_param":{"num_deleted":"0","num_feature":"2","num_nodes":"7","size_leaf_vector":"1"}},{"base_weights":[-7.1667865E-2,-2.6962223E1,2.2349072E1,-3.2066667E0,-3.2722226E-1,7.042591E-1,2.8241665E0],"categories":[],"categories_nodes":[],"categories_segments":[],"categories_sizes":[],"default_left":[0,0,0,0,0,0,0],"id":1,"left_children":[1,3,5,-1,-1,-1,-1],"loss_changes":[6.631642E3,4.9969238E2,3.4227466E2,0E0,0E0,0E0,0E0],"parents":[2147483647,0,0,1,1,2,2],"right_children":[2,4,6,-1,-1,-1,-1],"split_conditions":[5.020544E-1,4.014847E-1,7.002415E-1,-3.2066667E0,-3.2722226E-1,7.042591E-1,2.8241665E0],"split_indices":[0,0,0,0,0,0,0],"split_type":[0,0,0,0,0,0,0],"sum_hessian":[9E0,4E0,5E0,3E0,1E0,2E0,3E0],"tree_param":{"num_deleted":"0","num_feature":"2","num_nodes":"7","size_leaf_vector":"1"}},{"base_weights":[-6.504784E-2,-2.4972778E1,2.0702236E1,-2.9661667E0,-3.108612E-1,6.5730846E-1,2.612354E0],"categories":[],"categories_nodes":[],"categories_segments":[],"categories_sizes":[],"default_left":[0,0,0,0,0,0,0],"id":2,"left_children":[1,3,5,-1,-1,-1,-1],"loss_changes":[5.6896514E3,4.2038647E2,2.8787842E2,0E0,0E0,0E0,0E0],"parents":[2147483647,0,0,1,1,2,2],"right_children":[2,4,6,-1,-1,-1,-1],"split_conditions":[5.020544E-1,4.014847E-1,7.002415E-1,-2.9661667E0,-3.108612E-1,6.5730846E-1,2.612354E0],"split_indices":[0,0,0,0,0,0,0],"split_type":[0,0,0,0,0,0,0],"sum_hessian":[9E0,4E0,5E0,3E0,1E0,2E0,3E0],"tree_param":{"num_deleted":"0","num_feature":"2","num_nodes":"7","size_leaf_vector":"1"}},{"base_weights":[-5.927849E-2,-2.3130907E1,1.9176958E1,-2.7437043E0,-2.9531822E-1,2.2219944E-1,2.2123554E0],"categories":[],"categories_nodes":[],"categories_segments":[],"categories_sizes":[],"default_left":[0,0,0,0,0,0,0],"id":3,"left_children":[1,3,5,-1,-1,-1,-1],"loss_changes":[4.8816934E3,3.5341357E2,2.505979E2,0E0,0E0,0E0,0E0],"parents":[2147483647,0,0,1,1,2,2],"right_children":[2,4,6,-1,-1,-1,-1],"split_conditions":[5.020544E-1,4.014847E-1,6.000464E-1,-2.7437043E0,-2.9531822E-1,2.2219944E-1,2.2123554E0],"split_indices":[0,0,0,0,0,0,0],"split_type":[0,0,0,0,0,0,0],"sum_hessian":[9E0,4E0,5E0,3E0,1E0,1E0,4E0],"tree_param":{"num_deleted":"0","num_feature":"2","num_nodes":"7","size_leaf_vector":"1"}},{"base_weights":[-1.1379738E-1,-2.142562E1,1.766502E1,-2.5379264E0,-2.805523E-1,5.3233606E-1,2.2505012E0],"categories":[],"categories_nodes":[],"categories_segments":[],"categories_sizes":[],"default_left":[0,0,0,0,0,0,0],"id":4,"left_children":[1,3,5,-1,-1,-1,-1],"loss_changes":[4.167474E3,2.9688403E2,2.3859875E2,0E0,0E0,0E0,0E0],"parents":[2147483647,0,0,1,1,2,2],"right_children":[2,4,6,-1,-1,-1,-1],"split_conditions":[5.020544E-1,4.014847E-1,7.002415E-1,-2.5379264E0,-2.805523E-1,5.3233606E-1,2.2505012E0],"split_indices":[0,0,0,0,0,0,0],"split_type":[0,0,0,0,0,0,0],"sum_hessian":[9E0,4E0,5E0,3E0,1E0,2E0,3E0],"tree_param":{"num_deleted":"0","num_feature":"2","num_nodes":"7","size_leaf_vector":"1"}},{"base_weights":[-1.0598259E-1,-1.9846754E1,1.6362324E1,-2.3475819E0,-2.665247E-1,4.96847E-1,2.0817134E0],"categories":[],"categories_nodes":[],"categories_segments":[],"categories_sizes":[],"default_left":[0,0,0,0,0,0,0],"id":5,"left_children":[1,3,5,-1,-1,-1,-1],"loss_changes":[3.5757097E3,2.4919519E2,2.0111536E2,0E0,0E0,0E0,0E0],"parents":[2147483647,0,0,1,1,2,2],"right_children":[2,4,6,-1,-1,-1,-1],"split_conditions":[5.020544E-1,4.014847E-1,7.002415E-1,-2.3475819E0,-2.665247E-1,4.96847E-1,2.0817134E0],"split_indices":[0,0,0,0,0,0,0],"split_type":[0,0,0,0,0,0,0],"sum_hessian":[9E0,4E0,5E0,3E0,1E0,2E0,3E0],"tree_param":{"num_deleted":"0","num_feature":"2","num_nodes":"7","size_leaf_vector":"1"}},{"base_weights":[-9.893875E-2,-1.8384901E1,1.5155852E1,-2.1715133E0,-2.5319844E-1,4.637239E-1,1.925585E0],"categories":[],"categories_nodes":[],"categories_segments":[],"categories_sizes":[],"default_left":[0,0,0,0,0,0,0],"id":6,"left_children":[1,3,5,-1,-1,-1,-1],"loss_changes":[3.0681243E3,2.0898718E2,1.6946375E2,0E0,0E0,0E0,0E0],"parents":[2147483647,0,0,1,1,2,2],"right_children":[2,4,6,-1,-1,-1,-1],"split_conditions":[5.020544E-1,4.014847E-1,7.002415E-1,-2.1715133E0,-2.5319844E-1,4.637239E-1,1.925585E0],"split_indices":[0,0,0,0,0,0,0],"split_type":[0,0,0,0,0,0,0],"sum_hessian":[9E0,4E0,5E0,3E0,1E0,2E0,3E0],"tree_param":{"num_deleted":"0","num_feature":"2","num_nodes":"7","size_leaf_vector":"1"}},{"base_weights":[-9.258499E-2,-1.7031353E1,1.40384865E1,-2.2632444E0,-5.753146E-1,1.3644409E-1,1.6300408E0],"categories":[],"categories_nodes":[],"categories_segments":[],"categories_sizes":[],"default_left":[0,0,0,0,0,0,0],"id":7,"left_children":[1,3,5,-1,-1,-1,-1],"loss_changes":[2.6327239E3,1.8564343E2,1.4976514E2,0E0,0E0,0E0,0E0],"parents":[2147483647,0,0,1,1,2,2],"right_children":[2,4,6,-1,-1,-1,-1],"split_conditions":[5.020544E-1,2.0289448E-1,6.000464E-1,-2.2632444E0,-5.753146E-1,1.3644409E-1,1.6300408E0],"split_indices":[0,0,0,0,0,0,0],"split_type":[0,0,0,0,0,0,0],"sum_hessian":[9E0,4E0,5E0,2E0,2E0,1E0,4E0],"tree_param":{"num_deleted":"0","num_feature":"2","num_nodes":"7","size_leaf_vector":"1"}},{"base_weights":[-1.9053498E-1,-1.589593E1,1.292905E1,-2.1123614E0,-5.3696036E-1,5.500822E0,1.8523673E0,1.296219E-1,6.470284E-1],"categories":[],"categories_nodes":[],"categories_segments":[],"categories_sizes":[],"default_left":[0,0,0,0,0,0,0,0,0],"id":8,"left_children":[1,3,5,-1,-1,7,-1,-1,-1],"loss_changes":[2.2660022E3,1.6171606E2,1.4745331E2,0E0,0E0,7.9179E0,0E0,0E0,0E0],"parents":[2147483647,0,0,1,1,2,2,5,5],"right_children":[2,4,6,-1,-1,8,-1,-1,-1],"split_conditions":[5.020544E-1,2.0289448E-1,7.992434E-1,-2.1123614E0,-5.3696036E-1,6.000464E-1,1.8523673E0,1.296219E-1,6.470284E-1],"split_indices":[0,0,0,0,0,0,0,0,0],"split_type":[0,0,0,0,0,0,0,0,0],"sum_hessian":[9E0,4E0,5E0,2E0,2E0,3E0,2E0,1E0,2E0],"tree_param":{"num_deleted":"0","num_feature":"2","num_nodes":"9","size_leaf_vector":"1"}},{"base_weights":[-1.7351075E-1,-1.4836202E1,1.2074317E1,-1.7620629E0,-1.8492489E-1,5.144903E0,1.7288764E0,1.23140715E-1,6.038933E-1],"categories":[],"categories_nodes":[],"categories_segments":[],"categories_sizes":[],"default_left":[0,0,0,0,0,0,0,0,0],"id":9,"left_children":[1,3,5,-1,-1,7,-1,-1,-1],"loss_changes":[1.974998E3,1.4822119E2,1.27849365E2,0E0,0E0,6.5587463E0,0E0,0E0,0E0],"parents":[2147483647,0,0,1,1,2,2,5,5],"right_children":[2,4,6,-1,-1,8,-1,-1,-1],"split_conditions":[5.020544E-1,4.014847E-1,7.992434E-1,-1.7620629E0,-1.8492489E-1,6.000464E-1,1.7288764E0,1.23140715E-1,6.038933E-1],"split_indices":[0,0,0,0,0,0,0,0,0],"split_type":[0,0,0,0,0,0,0,0,0],"sum_hessian":[9E0,4E0,5E0,3E0,1E0,3E0,2E0,1E0,2E0],"tree_param":{"num_deleted":"0","num_feature":"2","num_nodes":"9","size_leaf_vector":"1"}},{"base_weights":[-1.0526695E-1,-1.374198E1,1.1276204E1,-1.8540665E0,-4.362634E-1,4.812172E0,1.6136179E0,1.1698379E-1,5.6363374E-1],"categories":[],"categories_nodes":[],"categories_segments":[],"categories_sizes":[],"default_left":[0,0,0,0,0,0,0,0,0],"id":10,"left_children":[1,3,5,-1,-1,7,-1,-1,-1],"loss_changes":[1.7070159E3,1.441565E2,1.1084015E2,0E0,0E0,5.4139404E0,0E0,0E0,0E0],"parents":[2147483647,0,0,1,1,2,2,5,5],"right_children":[2,4,6,-1,-1,8,-1,-1,-1],"split_conditions":[5.020544E-1,2.0289448E-1,7.992434E-1,-1.8540665E0,-4.362634E-1,6.000464E-1,1.6136179E0,1.1698379E-1,5.6363374E-1],"split_indices":[0,0,0,0,0,0,0,0,0],"split_type":[0,0,0,0,0,0,0,0,0],"sum_hessian":[9E0,4E0,5E0,2E0,2E0,3E0,2E0,1E0,2E0],"tree_param":{"num_deleted":"0","num_feature":"2","num_nodes":"9","size_leaf_vector":"1"}},{"base_weights":[-9.4350055E-2,-1.2825848E1,1.0530956E1,-1.7304621E0,-4.0717912E-1,4.501108E0,1.5060436E0,1.1113472E-1,5.2605796E-1],"categories":[],"categories_nodes":[],"categories_segments":[],"categories_sizes":[],"default_left":[0,0,0,0,0,0,0,0,0],"id":11,"left_children":[1,3,5,-1,-1,7,-1,-1,-1],"loss_changes":[1.4878291E3,1.25576416E2,9.60838E1,0E0,0E0,4.4513702E0,0E0,0E0,0E0],"parents":[2147483647,0,0,1,1,2,2,5,5],"right_children":[2,4,6,-1,-1,8,-1,-1,-1],"split_conditions":[5.020544E-1,2.0289448E-1,7.992434E-1,-1.7304621E0,-4.0717912E-1,6.000464E-1,1.5060436E0,1.1113472E-1,5.2605796E-1],"split_indices":[0,0,0,0,0,0,0,0,0],"split_type":[0,0,0,0,0,0,0,0,0],"sum_hessian":[9E0,4E0,5E0,2E0,2E0,3E0,2E0,1E0,2E0],"tree_param":{"num_deleted":"0","num_feature":"2","num_nodes":"9","size_leaf_vector":"1"}},{"base_weights":[-8.435478E-2,-1.1970791E1,9.835068E0,-1.615098E0,-3.8003376E-1,2.798762E-1,1.2653531E0],"categories":[],"categories_nodes":[],"categories_segments":[],"categories_sizes":[],"default_left":[0,0,0,0,0,0,0],"id":12,"left_children":[1,3,5,-1,-1,-1,-1],"loss_changes":[1.2967993E3,1.0939105E2,8.3575195E1,0E0,0E0,0E0,0E0],"parents":[2147483647,0,0,1,1,2,2],"right_children":[2,4,6,-1,-1,-1,-1],"split_conditions":[5.020544E-1,2.0289448E-1,7.002415E-1,-1.615098E0,-3.8003376E-1,2.798762E-1,1.2653531E0],"split_indices":[0,0,0,0,0,0,0],"split_type":[0,0,0,0,0,0,0],"sum_hessian":[9E0,4E0,5E0,2E0,2E0,2E0,3E0],"tree_param":{"num_deleted":"0","num_feature":"2","num_nodes":"7","size_leaf_vector":"1"}},{"base_weights":[-1.2090874E-1,-1.1172738E1,9.1091E0,-1.33934E0,-1.1450463E-1,3.7540207E0,1.321284E0,9.158402E-2,4.3948007E-1],"categories":[],"categories_nodes":[],"categories_segments":[],"categories_sizes":[],"default_left":[0,0,0,0,0,0,0,0,0],"id":13,"left_children":[1,3,5,-1,-1,7,-1,-1,-1],"loss_changes":[1.1218584E3,9.600452E1,8.2253784E1,0E0,0E0,3.2496643E0,0E0,0E0,0E0],"parents":[2147483647,0,0,1,1,2,2,5,5],"right_children":[2,4,6,-1,-1,8,-1,-1,-1],"split_conditions":[5.020544E-1,4.014847E-1,7.992434E-1,-1.33934E0,-1.1450463E-1,6.000464E-1,1.321284E0,9.158402E-2,4.3948007E-1],"split_indices":[0,0,0,0,0,0,0,0,0],"split_type":[0,0,0,0,0,0,0,0,0],"sum_hessian":[9E0,4E0,5E0,3E0,1E0,3E0,2E0,1E0,2E0],"tree_param":{"num_deleted":"0","num_feature":"2","num_nodes":"9","size_leaf_vector":"1"}},{"base_weights":[-6.896744E-2,-1.0346232E1,8.506915E0,-1.4181355E0,-3.0623654E-1,3.511383E0,1.2331985E0,8.7004855E-2,4.101812E-1],"categories":[],"categories_nodes":[],"categories_segments":[],"categories_sizes":[],"default_left":[0,0,0,0,0,0,0,0,0],"id":14,"left_children":[1,3,5,-1,-1,7,-1,-1,-1],"loss_changes":[9.693807E2,9.624414E1,7.134726E1,0E0,0E0,2.669304E0,0E0,0E0,0E0],"parents":[2147483647,0,0,1,1,2,2,5,5],"right_children":[2,4,6,-1,-1,8,-1,-1,-1],"split_conditions":[5.020544E-1,2.0289448E-1,7.992434E-1,-1.4181355E0,-3.0623654E-1,6.000464E-1,1.2331985E0,8.7004855E-2,4.101812E-1],"split_indices":[0,0,0,0,0,0,0,0,0],"split_type":[0,0,0,0,0,0,0,0,0],"sum_hessian":[9E0,4E0,5E0,2E0,2E0,3E0,2E0,1E0,2E0],"tree_param":{"num_deleted":"0","num_feature":"2","num_nodes":"9","size_leaf_vector":"1"}},{"base_weights":[-6.146965E-2,-9.656485E0,7.9446206E0,-1.3235933E0,-2.8582078E-1,3.284542E0,1.1509852E0,8.265457E-2,3.828359E-1],"categories":[],"categories_nodes":[],"categories_segments":[],"categories_sizes":[],"default_left":[0,0,0,0,0,0,0,0,0],"id":15,"left_children":[1,3,5,-1,-1,7,-1,-1,-1],"loss_changes":[8.4490265E2,8.3839386E1,6.188095E1,0E0,0E0,2.1824875E0,0E0,0E0,0E0],"parents":[2147483647,0,0,1,1,2,2,5,5],"right_children":[2,4,6,-1,-1,8,-1,-1,-1],"split_conditions":[5.020544E-1,2.0289448E-1,7.992434E-1,-1.3235933E0,-2.8582078E-1,6.000464E-1,1.1509852E0,8.265457E-2,3.828359E-1],"split_indices":[0,0,0,0,0,0,0,0,0],"split_type":[0,0,0,0,0,0,0,0,0],"sum_hessian":[9E0,4E0,5E0,2E0,2E0,3E0,2E0,1E0,2E0],"tree_param":{"num_deleted":"0","num_feature":"2","num_nodes":"9","size_leaf_vector":"1"}},{"base_weights":[-5.4616928E-2,-9.012719E0,7.419571E0,-1.2353538E0,-2.667661E0,3.0724602E0,1.0742528E0,-3.2097265E-1,-7.917652E-2,7.852173E-2,3.5731354E-1],"categories":[],"categories_nodes":[],"categories_segments":[],"categories_sizes":[],"default_left":[0,0,0,0,0,0,0,0,0,0,0],"id":16,"left_children":[1,3,5,-1,7,9,-1,-1,-1,-1,-1],"loss_changes":[7.3641583E2,7.3033356E1,5.3665558E1,0E0,5.0922585E-1,1.7749748E0,0E0,0E0,0E0,0E0,0E0],"parents":[2147483647,0,0,1,1,2,2,4,4,5,5],"right_children":[2,4,6,-1,8,10,-1,-1,-1,-1,-1],"split_conditions":[5.020544E-1,2.0289448E-1,7.992434E-1,-1.2353538E0,4.014847E-1,6.000464E-1,1.0742528E0,-3.2097265E-1,-7.917652E-2,7.852173E-2,3.5731354E-1],"split_indices":[0,0,0,0,0,0,0,0,0,0,0],"split_type":[0,0,0,0,0,0,0,0,0,0,0],"sum_hessian":[9E0,4E0,5E0,2E0,2E0,3E0,2E0,1E0,1E0,1E0,2E0],"tree_param":{"num_deleted":"0","num_feature":"2","num_nodes":"11","size_leaf_vector":"1"}},{"base_weights":[-6.1696243E-2,-8.438547E0,6.929296E0,-1.1529969E0,-2.5342777E0,2.8741722E0,1.0026363E0,-3.04924E-1,-7.521763E-2,7.4595645E-2,3.3349255E-1],"categories":[],"categories_nodes":[],"categories_segments":[],"categories_sizes":[],"default_left":[0,0,0,0,0,0,0,0,0,0,0],"id":17,"left_children":[1,3,5,-1,7,9,-1,-1,-1,-1,-1],"loss_changes":[6.4409814E2,6.2042816E1,4.6536407E1,0E0,4.5957947E-1,1.4346199E0,0E0,0E0,0E0,0E0,0E0],"parents":[2147483647,0,0,1,1,2,2,4,4,5,5],"right_children":[2,4,6,-1,8,10,-1,-1,-1,-1,-1],"split_conditions":[5.020544E-1,2.0289448E-1,7.992434E-1,-1.1529969E0,4.014847E-1,6.000464E-1,1.0026363E0,-3.04924E-1,-7.521763E-2,7.4595645E-2,3.3349255E-1],"split_indices":[0,0,0,0,0,0,0,0,0,0,0],"split_type":[0,0,0,0,0,0,0,0,0,0,0],"sum_hessian":[9E0,4E0,5E0,2E0,2E0,3E0,2E0,1E0,1E0,1E0,2E0],"tree_param":{"num_deleted":"0","num_feature":"2","num_nodes":"11","size_leaf_vector":"1"}},{"base_weights":[-6.7769244E-2,-7.9013205E0,6.471485E0,-1.0761304E0,-2.4075634E0,3.3584015E0,1.1018451E0,-2.8967783E-1,-7.145672E-2,7.086601E-2,3.843672E-1],"categories":[],"categories_nodes":[],"categories_segments":[],"categories_sizes":[],"default_left":[0,0,0,0,0,0,0,0,0,0,0],"id":18,"left_children":[1,3,5,-1,7,9,-1,-1,-1,-1,-1],"loss_changes":[5.6338916E2,5.2651733E1,4.7926163E1,0E0,4.1477394E-1,3.7053452E0,0E0,0E0,0E0,0E0,0E0],"parents":[2147483647,0,0,1,1,2,2,4,4,5,5],"right_children":[2,4,6,-1,8,10,-1,-1,-1,-1,-1],"split_conditions":[5.020544E-1,2.0289448E-1,1E0,-1.0761304E0,4.014847E-1,6.000464E-1,1.1018451E0,-2.8967783E-1,-7.145672E-2,7.086601E-2,3.843672E-1],"split_indices":[0,0,0,0,0,0,0,0,0,0,0],"split_type":[0,0,0,0,0,0,0,0,0,0,0],"sum_hessian":[9E0,4E0,5E0,2E0,2E0,4E0,1E0,1E0,1E0,1E0,3E0],"tree_param":{"num_deleted":"0","num_feature":"2","num_nodes":"11","size_leaf_vector":"1"}},{"base_weights":[-4.9011994E-2,-7.398642E0,6.0838485E0,-8.908883E0,-6.788387E-2,3.1136062E0,1.0467529E0,-1.0043885E0,-2.75194E-1,6.7322545E-2,3.5553953E-1],"categories":[],"categories_nodes":[],"categories_segments":[],"categories_sizes":[],"default_left":[0,0,0,0,0,0,0,0,0,0,0],"id":19,"left_children":[1,3,5,7,-1,9,-1,-1,-1,-1,-1],"loss_changes":[4.957548E2,4.4694885E1,4.5531784E1,3.1237793E-1,0E0,2.9970818E0,0E0,0E0,0E0,0E0,0E0],"parents":[2147483647,0,0,1,1,2,2,3,3,5,5],"right_children":[2,4,6,8,-1,10,-1,-1,-1,-1,-1],"split_conditions":[5.020544E-1,4.014847E-1,1E0,2.0289448E-1,-6.788387E-2,6.000464E-1,1.0467529E0,-1.0043885E0,-2.75194E-1,6.7322545E-2,3.5553953E-1],"split_indices":[0,0,0,0,0,0,0,0,0,0,0],"split_type":[0,0,0,0,0,0,0,0,0,0,0],"sum_hessian":[9E0,4E0,5E0,3E0,1E0,4E0,1E0,2E0,1E0,1E0,3E0],"tree_param":{"num_deleted":"0","num_feature":"2","num_nodes":"11","size_leaf_vector":"1"}},{"base_weights":[-3.1895448E-2,-6.9282713E0,5.7204003E0,-8.337891E0,-6.4489745E-2,2.8868194E0,9.944153E-1,-1.078072E0,-3.9300415E-1,6.3956454E-2,3.288742E-1],"categories":[],"categories_nodes":[],"categories_segments":[],"categories_sizes":[],"default_left":[0,0,0,0,0,0,0,0,0,0,0],"id":20,"left_children":[1,3,5,7,-1,9,-1,-1,-1,-1,-1],"loss_changes":[4.3633246E2,3.8908722E1,4.310309E1,7.0181274E-1,0E0,2.4127502E0,0E0,0E0,0E0,0E0,0E0],"parents":[2147483647,0,0,1,1,2,2,3,3,5,5],"right_children":[2,4,6,8,-1,10,-1,-1,-1,-1,-1],"split_conditions":[5.020544E-1,4.014847E-1,1E0,1.0076923E-1,-6.4489745E-2,6.000464E-1,9.944153E-1,-1.078072E0,-3.9300415E-1,6.3956454E-2,3.288742E-1],"split_indices":[0,0,0,0,0,0,0,0,0,0,0],"split_type":[0,0,0,0,0,0,0,0,0,0,0],"sum_hessian":[9E0,4E0,5E0,3E0,1E0,4E0,1E0,1E0,2E0,1E0,3E0],"tree_param":{"num_deleted":"0","num_feature":"2","num_nodes":"11","size_leaf_vector":"1"}},{"base_weights":[-4.353733E-2,-6.5425572E0,5.3795686E0,-8.8839334E-1,-2.0203285E0,2.6767044E0,9.446945E-1,-2.417841E-1,-6.126518E-2,6.075859E-2,3.0420876E-1],"categories":[],"categories_nodes":[],"categories_segments":[],"categories_sizes":[],"default_left":[0,0,0,0,0,0,0,0,0,0,0],"id":21,"left_children":[1,3,5,-1,7,9,-1,-1,-1,-1,-1],"loss_changes":[3.8764487E2,3.4992737E1,4.067473E1,0E0,1.9741249E-1,1.9317703E0,0E0,0E0,0E0,0E0,0E0],"parents":[2147483647,0,0,1,1,2,2,4,4,5,5],"right_children":[2,4,6,-1,8,10,-1,-1,-1,-1,-1],"split_conditions":[5.020544E-1,2.0289448E-1,1E0,-8.8839334E-1,4.014847E-1,6.000464E-1,9.446945E-1,-2.417841E-1,-6.126518E-2,6.075859E-2,3.0420876E-1],"split_indices":[0,0,0,0,0,0,0,0,0,0,0],"split_type":[0,0,0,0,0,0,0,0,0,0,0],"sum_hessian":[9E0,4E0,5E0,2E0,2E0,4E0,1E0,1E0,1E0,1E0,3E0],"tree_param":{"num_deleted":"0","num_feature":"2","num_nodes":"11","size_leaf_vector":"1"}},{"base_weights":[-2.7361488E-2,-6.1265903E0,5.0598893E0,-9.7974867E-1,-2.7594948E0,2.4820282E0,8.974598E-1,-3.2913134E-1,-5.820198E-2,5.7720568E-2,2.8139326E-1],"categories":[],"categories_nodes":[],"categories_segments":[],"categories_sizes":[],"default_left":[0,0,0,0,0,0,0,0,0,0,0],"id":22,"left_children":[1,3,5,-1,7,9,-1,-1,-1,-1,-1],"loss_changes":[3.4128296E2,3.4765167E1,3.827426E1,0E0,2.7164745E0,1.5368767E0,0E0,0E0,0E0,0E0,0E0],"parents":[2147483647,0,0,1,1,2,2,4,4,5,5],"right_children":[2,4,6,-1,8,10,-1,-1,-1,-1,-1],"split_conditions":[5.020544E-1,1.0076923E-1,1E0,-9.7974867E-1,4.014847E-1,6.000464E-1,8.974598E-1,-3.2913134E-1,-5.820198E-2,5.7720568E-2,2.8139326E-1],"split_indices":[0,0,0,0,0,0,0,0,0,0,0],"split_type":[0,0,0,0,0,0,0,0,0,0,0],"sum_hessian":[9E0,4E0,5E0,1E0,3E0,4E0,1E0,2E0,1E0,1E0,3E0],"tree_param":{"num_deleted":"0","num_feature":"2","num_nodes":"11","size_leaf_vector":"1"}},{"base_weights":[-3.767719E-2,-5.787348E0,4.7599945E0,-9.307613E-1,-2.5803785E0,2.3016465E0,8.5258675E-1,-3.071892E-1,-5.529194E-2,5.4834366E-2,2.6028863E-1],"categories":[],"categories_nodes":[],"categories_segments":[],"categories_sizes":[],"default_left":[0,0,0,0,0,0,0,0,0,0,0],"id":23,"left_children":[1,3,5,-1,7,9,-1,-1,-1,-1,-1],"loss_changes":[3.0339804E2,3.2429733E1,3.592343E1,0E0,2.2875843E0,1.2135487E0,0E0,0E0,0E0,0E0,0E0],"parents":[2147483647,0,0,1,1,2,2,4,4,5,5],"right_children":[2,4,6,-1,8,10,-1,-1,-1,-1,-1],"split_conditions":[5.020544E-1,1.0076923E-1,1E0,-9.307613E-1,4.014847E-1,6.000464E-1,8.5258675E-1,-3.071892E-1,-5.529194E-2,5.4834366E-2,2.6028863E-1],"split_indices":[0,0,0,0,0,0,0,0,0,0,0],"split_type":[0,0,0,0,0,0,0,0,0,0,0],"sum_hessian":[9E0,4E0,5E0,1E0,3E0,4E0,1E0,2E0,1E0,1E0,3E0],"tree_param":{"num_deleted":"0","num_feature":"2","num_nodes":"11","size_leaf_vector":"1"}},{"base_weights":[-4.6463393E-2,-5.4672613E0,4.4786124E0,-8.8422316E-1,-2.412961E0,2.1345048E0,8.099575E-1,-2.8670987E-1,-5.2527428E-2,5.2092742E-2,2.4076672E-1],"categories":[],"categories_nodes":[],"categories_segments":[],"categories_sizes":[],"default_left":[0,0,0,0,0,0,0,0,0,0,0],"id":24,"left_children":[1,3,5,-1,7,9,-1,-1,-1,-1,-1],"loss_changes":[2.6978098E2,3.0204895E1,3.3638977E1,0E0,1.9230633E0,9.496231E-1,0E0,0E0,0E0,0E0,0E0],"parents":[2147483647,0,0,1,1,2,2,4,4,5,5],"right_children":[2,4,6,-1,8,10,-1,-1,-1,-1,-1],"split_conditions":[5.020544E-1,1.0076923E-1,1E0,-8.8422316E-1,4.014847E-1,6.000464E-1,8.099575E-1,-2.8670987E-1,-5.2527428E-2,5.2092742E-2,2.4076672E-1],"split_indices":[0,0,0,0,0,0,0,0,0,0,0],"split_type":[0,0,0,0,0,0,0,0,0,0,0],"sum_hessian":[9E0,4E0,5E0,1E0,3E0,4E0,1E0,2E0,1E0,1E0,3E0],"tree_param":{"num_deleted":"0","num_feature":"2","num_nodes":"11","size_leaf_vector":"1"}},{"base_weights":[-5.3882025E-2,-5.165227E0,4.2145524E0,-8.40012E-1,-2.256474E0,1.979625E0,7.6945955E-1,-2.6759586E-1,-4.990101E-2,4.9488068E-2,2.2270909E-1],"categories":[],"categories_nodes":[],"categories_segments":[],"categories_sizes":[],"default_left":[0,0,0,0,0,0,0,0,0,0,0],"id":25,"left_children":[1,3,5,-1,7,9,-1,-1,-1,-1,-1],"loss_changes":[2.3994353E2,2.8092865E1,3.1433464E1,0E0,1.6135864E0,7.349739E-1,0E0,0E0,0E0,0E0,0E0],"parents":[2147483647,0,0,1,1,2,2,4,4,5,5],"right_children":[2,4,6,-1,8,10,-1,-1,-1,-1,-1],"split_conditions":[5.020544E-1,1.0076923E-1,1E0,-8.40012E-1,4.014847E-1,6.000464E-1,7.6945955E-1,-2.6759586E-1,-4.990101E-2,4.9488068E-2,2.2270909E-1],"split_indices":[0,0,0,0,0,0,0,0,0,0,0],"split_type":[0,0,0,0,0,0,0,0,0,0,0],"sum_hessian":[9E0,4E0,5E0,1E0,3E0,4E0,1E0,2E0,1E0,1E0,3E0],"tree_param":{"num_deleted":"0","num_feature":"2","num_nodes":"11","size_leaf_vector":"1"}},{"base_weights":[-6.0079195E-2,-4.880206E0,3.9667065E0,-7.980114E-1,-2.110201E0,1.8361022E0,7.309864E-1,-2.4975613E-1,-4.7406007E-2,4.7013856E-2,2.0600586E-1],"categories":[],"categories_nodes":[],"categories_segments":[],"categories_sizes":[],"default_left":[0,0,0,0,0,0,0,0,0,0,0],"id":26,"left_children":[1,3,5,-1,7,9,-1,-1,-1,-1,-1],"loss_changes":[2.1345453E2,2.609417E1,2.931601E1,0E0,1.3511105E0,5.610676E-1,0E0,0E0,0E0,0E0,0E0],"parents":[2147483647,0,0,1,1,2,2,4,4,5,5],"right_children":[2,4,6,-1,8,10,-1,-1,-1,-1,-1],"split_conditions":[5.020544E-1,1.0076923E-1,1E0,-7.980114E-1,4.014847E-1,6.000464E-1,7.309864E-1,-2.4975613E-1,-4.7406007E-2,4.7013856E-2,2.0600586E-1],"split_indices":[0,0,0,0,0,0,0,0,0,0,0],"split_type":[0,0,0,0,0,0,0,0,0,0,0],"sum_hessian":[9E0,4E0,5E0,1E0,3E0,4E0,1E0,2E0,1E0,1E0,3E0],"tree_param":{"num_deleted":"0","num_feature":"2","num_nodes":"11","size_leaf_vector":"1"}},{"base_weights":[-6.518898E-2,-4.6112204E0,3.7340355E0,-7.581108E-1,-1.9734716E0,1.7030945E0,6.94437E-1,-2.3310573E-1,-4.5035746E-2,4.466324E-2,1.905552E-1],"categories":[],"categories_nodes":[],"categories_segments":[],"categories_sizes":[],"default_left":[0,0,0,0,0,0,0,0,0,0,0],"id":27,"left_children":[1,3,5,-1,7,9,-1,-1,-1,-1,-1],"loss_changes":[1.899324E2,2.4207993E1,2.7293083E1,0E0,1.1287651E0,4.2082024E-1,0E0,0E0,0E0,0E0,0E0],"parents":[2147483647,0,0,1,1,2,2,4,4,5,5],"right_children":[2,4,6,-1,8,10,-1,-1,-1,-1,-1],"split_conditions":[5.020544E-1,1.0076923E-1,1E0,-7.581108E-1,4.014847E-1,6.000464E-1,6.94437E-1,-2.3310573E-1,-4.5035746E-2,4.466324E-2,1.905552E-1],"split_indices":[0,0,0,0,0,0,0,0,0,0,0],"split_type":[0,0,0,0,0,0,0,0,0,0,0],"sum_hessian":[9E0,4E0,5E0,1E0,3E0,4E0,1E0,2E0,1E0,1E0,3E0],"tree_param":{"num_deleted":"0","num_feature":"2","num_nodes":"11","size_leaf_vector":"1"}},{"base_weights":[-6.932821E-2,-4.3573484E0,3.5155766E0,-7.2020525E-1,-1.8456593E0,1.5798309E0,6.597153E-1,-2.1756528E-1,-4.2783927E-2,4.2430114E-2,1.7626381E-1],"categories":[],"categories_nodes":[],"categories_segments":[],"categories_sizes":[],"default_left":[0,0,0,0,0,0,0,0,0,0,0],"id":28,"left_children":[1,3,5,-1,7,9,-1,-1,-1,-1,-1],"loss_changes":[1.6904004E2,2.2432526E1,2.53685E1,0E0,9.4065666E-1,3.0830574E-1,0E0,0E0,0E0,0E0,0E0],"parents":[2147483647,0,0,1,1,2,2,4,4,5,5],"right_children":[2,4,6,-1,8,10,-1,-1,-1,-1,-1],"split_conditions":[5.020544E-1,1.0076923E-1,1E0,-7.2020525E-1,4.014847E-1,6.000464E-1,6.597153E-1,-2.1756528E-1,-4.2783927E-2,4.2430114E-2,1.7626381E-1],"split_indices":[0,0,0,0,0,0,0,0,0,0,0],"split_type":[0,0,0,0,0,0,0,0,0,0,0],"sum_hessian":[9E0,4E0,5E0,1E0,3E0,4E0,1E0,2E0,1E0,1E0,3E0],"tree_param":{"num_deleted":"0","num_feature":"2","num_nodes":"11","size_leaf_vector":"1"}},{"base_weights":[-7.2608665E-2,-4.117724E0,3.3104222E0,-6.84195E-1,-1.7261801E0,1.4655883E0,6.267296E-1,-2.0306091E-1,-4.0644646E-2,4.0308762E-2,1.6304417E-1],"categories":[],"categories_nodes":[],"categories_segments":[],"categories_sizes":[],"default_left":[0,0,0,0,0,0,0,0,0,0,0],"id":29,"left_children":[1,3,5,-1,7,9,-1,-1,-1,-1,-1],"loss_changes":[1.5047891E2,2.076509E1,2.3544365E1,0E0,7.8172684E-1,2.1857166E-1,0E0,0E0,0E0,0E0,0E0],"parents":[2147483647,0,0,1,1,2,2,4,4,5,5],"right_children":[2,4,6,-1,8,10,-1,-1,-1,-1,-1],"split_conditions":[5.020544E-1,1.0076923E-1,1E0,-6.84195E-1,4.014847E-1,6.000464E-1,6.267296E-1,-2.0306091E-1,-4.0644646E-2,4.0308762E-2,1.6304417E-1],"split_indices":[0,0,0,0,0,0,0,0,0,0,0],"split_type":[0,0,0,0,0,0,0,0,0,0,0],"sum_hessian":[9E0,4E0,5E0,1E0,3E0,4E0,1E0,2E0,1E0,1E0,3E0],"tree_param":{"num_deleted":"0","num_feature":"2","num_nodes":"11","size_leaf_vector":"1"}},{"base_weights":[-7.5130746E-2,-3.891532E0,3.1177254E0,-6.4998525E-1,-1.6144886E0,1.3596985E0,5.95393E-1,-1.8952356E-1,-3.8612366E-2,5.7779696E-2,1.6883673E-1],"categories":[],"categories_nodes":[],"categories_segments":[],"categories_sizes":[],"default_left":[0,0,0,0,0,0,0,0,0,0,0],"id":30,"left_children":[1,3,5,-1,7,9,-1,-1,-1,-1,-1],"loss_changes":[1.3398494E2,1.9202354E1,2.1821186E1,0E0,6.47645E-1,3.093996E-1,0E0,0E0,0E0,0E0,0E0],"parents":[2147483647,0,0,1,1,2,2,4,4,5,5],"right_children":[2,4,6,-1,8,10,-1,-1,-1,-1,-1],"split_conditions":[5.020544E-1,1.0076923E-1,1E0,-6.4998525E-1,4.014847E-1,7.002415E-1,5.95393E-1,-1.8952356E-1,-3.8612366E-2,5.7779696E-2,1.6883673E-1],"split_indices":[0,0,0,0,0,0,0,0,0,0,0],"split_type":[0,0,0,0,0,0,0,0,0,0,0],"sum_hessian":[9E0,4E0,5E0,1E0,3E0,4E0,1E0,2E0,1E0,2E0,2E0],"tree_param":{"num_deleted":"0","num_feature":"2","num_nodes":"11","size_leaf_vector":"1"}},{"base_weights":[-7.3228456E-2,-3.6780028E0,2.942955E0,-6.17486E-1,-1.5100737E0,1.2690521E0,5.6562346E-1,-1.7688866E-1,-3.668175E-2,5.392787E-2,1.5758082E-1],"categories":[],"categories_nodes":[],"categories_segments":[],"categories_sizes":[],"default_left":[0,0,0,0,0,0,0,0,0,0,0],"id":31,"left_children":[1,3,5,-1,7,9,-1,-1,-1,-1,-1],"loss_changes":[1.19550804E2,1.7740555E1,2.0072544E1,0E0,5.346985E-1,2.6951218E-1,0E0,0E0,0E0,0E0,0E0],"parents":[2147483647,0,0,1,1,2,2,4,4,5,5],"right_children":[2,4,6,-1,8,10,-1,-1,-1,-1,-1],"split_conditions":[5.020544E-1,1.0076923E-1,1E0,-6.17486E-1,4.014847E-1,7.002415E-1,5.6562346E-1,-1.7688866E-1,-3.668175E-2,5.392787E-2,1.5758082E-1],"split_indices":[0,0,0,0,0,0,0,0,0,0,0],"split_type":[0,0,0,0,0,0,0,0,0,0,0],"sum_hessian":[9E0,4E0,5E0,1E0,3E0,4E0,1E0,2E0,1E0,2E0,2E0],"tree_param":{"num_deleted":"0","num_feature":"2","num_nodes":"11","size_leaf_vector":"1"}},{"base_weights":[-7.1296215E-2,-3.4764135E0,2.7781842E0,-5.866117E-1,-1.4124584E0,1.1844513E0,5.373425E-1,-1.6509603E-1,-3.4847643E-2,5.03329E-2,1.4707565E-1],"categories":[],"categories_nodes":[],"categories_segments":[],"categories_sizes":[],"default_left":[0,0,0,0,0,0,0,0,0,0,0],"id":32,"left_children":[1,3,5,-1,7,9,-1,-1,-1,-1,-1],"loss_changes":[1.0668627E2,1.6375553E1,1.8452164E1,0E0,4.3972588E-1,2.347703E-1,0E0,0E0,0E0,0E0,0E0],"parents":[2147483647,0,0,1,1,2,2,4,4,5,5],"right_children":[2,4,6,-1,8,10,-1,-1,-1,-1,-1],"split_conditions":[5.020544E-1,1.0076923E-1,1E0,-5.866117E-1,4.014847E-1,7.002415E-1,5.373425E-1,-1.6509603E-1,-3.4847643E-2,5.03329E-2,1.4707565E-1],"split_indices":[0,0,0,0,0,0,0,0,0,0,0],"split_type":[0,0,0,0,0,0,0,0,0,0,0],"sum_hessian":[9E0,4E0,5E0,1E0,3E0,4E0,1E0,2E0,1E0,2E0,2E0],"tree_param":{"num_deleted":"0","num_feature":"2","num_nodes":"11","size_leaf_vector":"1"}},{"base_weights":[-6.9347E-2,-3.2860832E0,2.6228244E0,-5.5728114E-1,-1.3211985E0,1.1054885E0,5.1047516E-1,-1.5408961E-1,-3.310528E-2,4.6977486E-2,1.3727061E-1],"categories":[],"categories_nodes":[],"categories_segments":[],"categories_sizes":[],"default_left":[0,0,0,0,0,0,0,0,0,0,0],"id":33,"left_children":[1,3,5,-1,7,9,-1,-1,-1,-1,-1],"loss_changes":[9.521888E1,1.5102993E1,1.6952255E1,0E0,3.60013E-1,2.045064E-1,0E0,0E0,0E0,0E0,0E0],"parents":[2147483647,0,0,1,1,2,2,4,4,5,5],"right_children":[2,4,6,-1,8,10,-1,-1,-1,-1,-1],"split_conditions":[5.020544E-1,1.0076923E-1,1E0,-5.5728114E-1,4.014847E-1,7.002415E-1,5.1047516E-1,-1.5408961E-1,-3.310528E-2,4.6977486E-2,1.3727061E-1],"split_indices":[0,0,0,0,0,0,0,0,0,0,0],"split_type":[0,0,0,0,0,0,0,0,0,0,0],"sum_hessian":[9E0,4E0,5E0,1E0,3E0,4E0,1E0,2E0,1E0,2E0,2E0],"tree_param":{"num_deleted":"0","num_feature":"2","num_nodes":"11","size_leaf_vector":"1"}},{"base_weights":[-6.738663E-2,-3.1063704E0,2.476331E0,-5.2941704E-1,-1.235878E0,1.0317917E0,4.849514E-1,-1.4381701E-1,-3.145008E-2,4.3845877E-2,1.2811941E-1],"categories":[],"categories_nodes":[],"categories_segments":[],"categories_sizes":[],"default_left":[0,0,0,0,0,0,0,0,0,0,0],"id":34,"left_children":[1,3,5,-1,7,9,-1,-1,-1,-1,-1],"loss_changes":[8.4995575E1,1.3918369E1,1.556525E1,0E0,2.9324389E-1,1.7814255E-1,0E0,0E0,0E0,0E0,0E0],"parents":[2147483647,0,0,1,1,2,2,4,4,5,5],"right_children":[2,4,6,-1,8,10,-1,-1,-1,-1,-1],"split_conditions":[5.020544E-1,1.0076923E-1,1E0,-5.2941704E-1,4.014847E-1,7.002415E-1,4.849514E-1,-1.4381701E-1,-3.145008E-2,4.3845877E-2,1.2811941E-1],"split_indices":[0,0,0,0,0,0,0,0,0,0,0],"split_type":[0,0,0,0,0,0,0,0,0,0,0],"sum_hessian":[9E0,4E0,5E0,1E0,3E0,4E0,1E0,2E0,1E0,2E0,2E0],"tree_param":{"num_deleted":"0","num_feature":"2","num_nodes":"11","size_leaf_vector":"1"}},{"base_weights":[-6.54253E-2,-2.9366703E0,2.3381832E0,-5.029462E-1,-1.156107E0,9.6300507E-1,4.6070367E-1,-1.3422915E-1,-2.9877663E-2,4.0922802E-2,1.1957804E-1],"categories":[],"categories_nodes":[],"categories_segments":[],"categories_sizes":[],"default_left":[0,0,0,0,0,0,0,0,0,0,0],"id":35,"left_children":[1,3,5,-1,7,9,-1,-1,-1,-1,-1],"loss_changes":[7.587996E1,1.28171425E1,1.4283867E1,0E0,2.3744154E-1,1.5518141E-1,0E0,0E0,0E0,0E0,0E0],"parents":[2147483647,0,0,1,1,2,2,4,4,5,5],"right_children":[2,4,6,-1,8,10,-1,-1,-1,-1,-1],"split_conditions":[5.020544E-1,1.0076923E-1,1E0,-5.029462E-1,4.014847E-1,7.002415E-1,4.6070367E-1,-1.3422915E-1,-2.9877663E-2,4.0922802E-2,1.1957804E-1],"split_indices":[0,0,0,0,0,0,0,0,0,0,0],"split_type":[0,0,0,0,0,0,0,0,0,0,0],"sum_hessian":[9E0,4E0,5E0,1E0,3E0,4E0,1E0,2E0,1E0,2E0,2E0],"tree_param":{"num_deleted":"0","num_feature":"2","num_nodes":"11","size_leaf_vector":"1"}},{"base_weights":[-6.346712E-2,-2.776414E0,2.2078998E0,-4.777989E-1,-1.081523E0,8.9880526E-1,4.3766862E-1,-1.2528051E-1,-2.8383827E-2,3.819453E-2,1.1160635E-1],"categories":[],"categories_nodes":[],"categories_segments":[],"categories_sizes":[],"default_left":[0,0,0,0,0,0,0,0,0,0,0],"id":36,"left_children":[1,3,5,-1,7,9,-1,-1,-1,-1,-1],"loss_changes":[6.7751015E1,1.1794754E1,1.3101088E1,0E0,1.9092226E-1,1.3518524E-1,0E0,0E0,0E0,0E0,0E0],"parents":[2147483647,0,0,1,1,2,2,4,4,5,5],"right_children":[2,4,6,-1,8,10,-1,-1,-1,-1,-1],"split_conditions":[5.020544E-1,1.0076923E-1,1E0,-4.777989E-1,4.014847E-1,7.002415E-1,4.3766862E-1,-1.2528051E-1,-2.8383827E-2,3.819453E-2,1.1160635E-1],"split_indices":[0,0,0,0,0,0,0,0,0,0,0],"split_type":[0,0,0,0,0,0,0,0,0,0,0],"sum_hessian":[9E0,4E0,5E0,1E0,3E0,4E0,1E0,2E0,1E0,2E0,2E0],"tree_param":{"num_deleted":"0","num_feature":"2","num_nodes":"11","size_leaf_vector":"1"}},{"base_weights":[-6.1518572E-2,-2.625065E0,2.0850232E0,-4.5390898E-1,-1.0117865E0,8.3888704E-1,4.1578522E-1,-1.1692848E-1,-2.696457E-2,3.5648346E-2,1.04166165E-1],"categories":[],"categories_nodes":[],"categories_segments":[],"categories_sizes":[],"default_left":[0,0,0,0,0,0,0,0,0,0,0],"id":37,"left_children":[1,3,5,-1,7,9,-1,-1,-1,-1,-1],"loss_changes":[6.0500916E1,1.0846687E1,1.2010197E1,0E0,1.5225172E-1,1.1776066E-1,0E0,0E0,0E0,0E0,0E0],"parents":[2147483647,0,0,1,1,2,2,4,4,5,5],"right_children":[2,4,6,-1,8,10,-1,-1,-1,-1,-1],"split_conditions":[5.020544E-1,1.0076923E-1,1E0,-4.5390898E-1,4.014847E-1,7.002415E-1,4.1578522E-1,-1.1692848E-1,-2.696457E-2,3.5648346E-2,1.04166165E-1],"split_indices":[0,0,0,0,0,0,0,0,0,0,0],"split_type":[0,0,0,0,0,0,0,0,0,0,0],"sum_hessian":[9E0,4E0,5E0,1E0,3E0,4E0,1E0,2E0,1E0,2E0,2E0],"tree_param":{"num_deleted":"0","num_feature":"2","num_nodes":"11","size_leaf_vector":"1"}},{"base_weights":[-5.958662E-2,-2.4821188E0,1.9691213E0,-4.3121353E-1,-9.465809E-1,7.82962E-1,3.949959E-1,-1.0913328E-1,-2.5616264E-2,1.991272E-2,8.791389E-2],"categories":[],"categories_nodes":[],"categories_segments":[],"categories_sizes":[],"default_left":[0,0,0,0,0,0,0,0,0,0,0],"id":38,"left_children":[1,3,5,-1,7,9,-1,-1,-1,-1,-1],"loss_changes":[5.4033695E1,9.9685135E0,1.1004864E1,0E0,1.20198965E-1,1.0569644E-1,0E0,0E0,0E0,0E0,0E0],"parents":[2147483647,0,0,1,1,2,2,4,4,5,5],"right_children":[2,4,6,-1,8,10,-1,-1,-1,-1,-1],"split_conditions":[5.020544E-1,1.0076923E-1,1E0,-4.3121353E-1,4.014847E-1,6.000464E-1,3.949959E-1,-1.0913328E-1,-2.5616264E-2,1.991272E-2,8.791389E-2],"split_indices":[0,0,0,0,0,0,0,0,0,0,0],"split_type":[0,0,0,0,0,0,0,0,0,0,0],"sum_hessian":[9E0,4E0,5E0,1E0,3E0,4E0,1E0,2E0,1E0,1E0,3E0],"tree_param":{"num_deleted":"0","num_feature":"2","num_nodes":"11","size_leaf_vector":"1"}},{"base_weights":[-5.994215E-2,-2.3470998E0,1.856013E0,-4.0965286E-1,-8.856106E-1,7.262314E-1,3.7524605E-1,-1.0185776E-1,-2.433548E-2,2.9677583E-2,9.136098E-2],"categories":[],"categories_nodes":[],"categories_segments":[],"categories_sizes":[],"default_left":[0,0,0,0,0,0,0,0,0,0,0],"id":39,"left_children":[1,3,5,-1,7,9,-1,-1,-1,-1,-1],"loss_changes":[4.8177162E1,9.15593E0,1.0130274E1,0E0,9.371948E-2,1.3121605E-1,0E0,0E0,0E0,0E0,0E0],"parents":[2147483647,0,0,1,1,2,2,4,4,5,5],"right_children":[2,4,6,-1,8,10,-1,-1,-1,-1,-1],"split_conditions":[5.020544E-1,1.0076923E-1,1E0,-4.0965286E-1,4.014847E-1,7.002415E-1,3.7524605E-1,-1.0185776E-1,-2.433548E-2,2.9677583E-2,9.136098E-2],"split_indices":[0,0,0,0,0,0,0,0,0,0,0],"split_type":[0,0,0,0,0,0,0,0,0,0,0],"sum_hessian":[9E0,4E0,5E0,1E0,3E0,4E0,1E0,2E0,1E0,2E0,2E0],"tree_param":{"num_deleted":"0","num_feature":"2","num_nodes":"11","size_leaf_vector":"1"}},{"base_weights":[-5.790434E-2,-2.2195592E0,1.7531255E0,-3.8917023E-1,-8.28598E-1,6.7781526E-1,3.5648385E-1,-9.506722E-2,-2.3118783E-2,2.7699027E-2,8.527019E-2],"categories":[],"categories_nodes":[],"categories_segments":[],"categories_sizes":[],"default_left":[0,0,0,0,0,0,0,0,0,0,0],"id":40,"left_children":[1,3,5,-1,7,9,-1,-1,-1,-1,-1],"loss_changes":[4.3039387E1,8.404774E0,9.272617E0,0E0,7.1929455E-2,1.14304304E-1,0E0,0E0,0E0,0E0,0E0],"parents":[2147483647,0,0,1,1,2,2,4,4,5,5],"right_children":[2,4,6,-1,8,10,-1,-1,-1,-1,-1],"split_conditions":[5.020544E-1,1.0076923E-1,1E0,-3.8917023E-1,4.014847E-1,7.002415E-1,3.5648385E-1,-9.506722E-2,-2.3118783E-2,2.7699027E-2,8.527019E-2],"split_indices":[0,0,0,0,0,0,0,0,0,0,0],"split_type":[0,0,0,0,0,0,0,0,0,0,0],"sum_hessian":[9E0,4E0,5E0,1E0,3E0,4E0,1E0,2E0,1E0,2E0,2E0],"tree_param":{"num_deleted":"0","num_feature":"2","num_nodes":"11","size_leaf_vector":"1"}},{"base_weights":[-5.590558E-2,-2.0990746E0,1.656053E0,-3.6971173E-1,-7.7528477E-1,6.326248E-1,3.3865967E-1,-8.872935E-2,-2.196293E-2,2.5852203E-2,7.958527E-2],"categories":[],"categories_nodes":[],"categories_segments":[],"categories_sizes":[],"default_left":[0,0,0,0,0,0,0,0,0,0,0],"id":41,"left_children":[1,3,5,-1,7,9,-1,-1,-1,-1,-1],"loss_changes":[3.8454388E1,7.7110424E0,8.484076E0,0E0,5.407715E-2,9.9574566E-2,0E0,0E0,0E0,0E0,0E0],"parents":[2147483647,0,0,1,1,2,2,4,4,5,5],"right_children":[2,4,6,-1,8,10,-1,-1,-1,-1,-1],"split_conditions":[5.020544E-1,1.0076923E-1,1E0,-3.6971173E-1,4.014847E-1,7.002415E-1,3.3865967E-1,-8.872935E-2,-2.196293E-2,2.5852203E-2,7.958527E-2],"split_indices":[0,0,0,0,0,0,0,0,0,0,0],"split_type":[0,0,0,0,0,0,0,0,0,0,0],"sum_hessian":[9E0,4E0,5E0,1E0,3E0,4E0,1E0,2E0,1E0,2E0,2E0],"tree_param":{"num_deleted":"0","num_feature":"2","num_nodes":"11","size_leaf_vector":"1"}},{"base_weights":[-5.3945303E-2,-1.9852481E0,1.5644646E0,-3.5122612E-1,-7.2542953E-1,5.9045106E-1,3.2172662E-1,-8.281403E-2,-2.0864869E-2,2.4128724E-2,7.4279785E-2],"categories":[],"categories_nodes":[],"categories_segments":[],"categories_sizes":[],"default_left":[0,0,0,0,0,0,0,0,0,0,0],"id":42,"left_children":[1,3,5,-1,7,9,-1,-1,-1,-1,-1],"loss_changes":[3.4362244E1,7.070898E0,7.759469E0,0E0,3.952527E-2,8.674228E-2,0E0,0E0,0E0,0E0,0E0],"parents":[2147483647,0,0,1,1,2,2,4,4,5,5],"right_children":[2,4,6,-1,8,10,-1,-1,-1,-1,-1],"split_conditions":[5.020544E-1,1.0076923E-1,1E0,-3.5122612E-1,4.014847E-1,7.002415E-1,3.2172662E-1,-8.281403E-2,-2.0864869E-2,2.4128724E-2,7.4279785E-2],"split_indices":[0,0,0,0,0,0,0,0,0,0,0],"split_type":[0,0,0,0,0,0,0,0,0,0,0],"sum_hessian":[9E0,4E0,5E0,1E0,3E0,4E0,1E0,2E0,1E0,2E0,2E0],"tree_param":{"num_deleted":"0","num_feature":"2","num_nodes":"11","size_leaf_vector":"1"}},{"base_weights":[-5.2028082E-2,-1.8777043E0,1.4780401E0,-3.336648E-1,-6.788063E-1,5.510864E-1,3.0564043E-1,-7.729314E-2,-1.9821549E-2,2.2519939E-2,6.93278E-2],"categories":[],"categories_nodes":[],"categories_segments":[],"categories_sizes":[],"default_left":[0,0,0,0,0,0,0,0,0,0,0],"id":43,"left_children":[1,3,5,-1,7,9,-1,-1,-1,-1,-1],"loss_changes":[3.0709412E1,6.4806843E0,7.094081E0,0E0,2.7735591E-2,7.556617E-2,0E0,0E0,0E0,0E0,0E0],"parents":[2147483647,0,0,1,1,2,2,4,4,5,5],"right_children":[2,4,6,-1,8,10,-1,-1,-1,-1,-1],"split_conditions":[5.020544E-1,1.0076923E-1,1E0,-3.336648E-1,4.014847E-1,7.002415E-1,3.0564043E-1,-7.729314E-2,-1.9821549E-2,2.2519939E-2,6.93278E-2],"split_indices":[0,0,0,0,0,0,0,0,0,0,0],"split_type":[0,0,0,0,0,0,0,0,0,0,0],"sum_hessian":[9E0,4E0,5E0,1E0,3E0,4E0,1E0,2E0,1E0,2E0,2E0],"tree_param":{"num_deleted":"0","num_feature":"2","num_nodes":"11","size_leaf_vector":"1"}},{"base_weights":[-5.0154973E-2,-1.7760897E0,1.3964831E0,-3.1698155E-1,-6.352043E-1,5.143463E-1,2.9035836E-1,-7.214025E-2,-1.8830491E-2,2.1018473E-2,6.4705916E-2],"categories":[],"categories_nodes":[],"categories_segments":[],"categories_sizes":[],"default_left":[0,0,0,0,0,0,0,0,0,0,0],"id":44,"left_children":[1,3,5,-1,7,9,-1,-1,-1,-1,-1],"loss_changes":[2.7448307E1,5.936925E0,6.483367E0,0E0,1.8244028E-2,6.582868E-2,0E0,0E0,0E0,0E0,0E0],"parents":[2147483647,0,0,1,1,2,2,4,4,5,5],"right_children":[2,4,6,-1,8,10,-1,-1,-1,-1,-1],"split_conditions":[5.020544E-1,1.0076923E-1,1E0,-3.1698155E-1,4.014847E-1,7.002415E-1,2.9035836E-1,-7.214025E-2,-1.8830491E-2,2.1018473E-2,6.4705916E-2],"split_indices":[0,0,0,0,0,0,0,0,0,0,0],"split_type":[0,0,0,0,0,0,0,0,0,0,0],"sum_hessian":[9E0,4E0,5E0,1E0,3E0,4E0,1E0,2E0,1E0,2E0,2E0],"tree_param":{"num_deleted":"0","num_feature":"2","num_nodes":"11","size_leaf_vector":"1"}},{"base_weights":[-4.8326682E-2,-1.6800716E0,1.3195152E0,-3.011325E-1,-5.944271E-1,4.8005676E-1,2.7584037E-1,-6.7330934E-2,-1.7889023E-2,1.9617207E-2,6.0392257E-2],"categories":[],"categories_nodes":[],"categories_segments":[],"categories_sizes":[],"default_left":[0,0,0,0,0,0,0,0,0,0,0],"id":45,"left_children":[1,3,5,-1,7,9,-1,-1,-1,-1,-1],"loss_changes":[2.453657E1,5.436325E0,5.923133E0,0E0,1.0665536E-2,5.734527E-2,0E0,0E0,0E0,0E0,0E0],"parents":[2147483647,0,0,1,1,2,2,4,4,5,5],"right_children":[2,4,6,-1,8,10,-1,-1,-1,-1,-1],"split_conditions":[5.020544E-1,1.0076923E-1,1E0,-3.011325E-1,4.014847E-1,7.002415E-1,2.7584037E-1,-6.7330934E-2,-1.7889023E-2,1.9617207E-2,6.0392257E-2],"split_indices":[0,0,0,0,0,0,0,0,0,0,0],"split_type":[0,0,0,0,0,0,0,0,0,0,0],"sum_hessian":[9E0,4E0,5E0,1E0,3E0,4E0,1E0,2E0,1E0,2E0,2E0],"tree_param":{"num_deleted":"0","num_feature":"2","num_nodes":"11","size_leaf_vector":"1"}},{"base_weights":[-4.6544027E-2,-1.5893344E0,1.246872E0,-2.8607586E-1,-5.562887E-1,4.4805297E-1,2.6204833E-1,-6.284218E-2,-1.6994476E-2,1.0390854E-2,5.0811198E-2],"categories":[],"categories_nodes":[],"categories_segments":[],"categories_sizes":[],"default_left":[0,0,0,0,0,0,0,0,0,0,0],"id":46,"left_children":[1,3,5,-1,7,9,-1,-1,-1,-1,-1],"loss_changes":[2.1936394E1,4.975788E0,5.409487E0,0E0,4.675746E-3,5.05476E-2,0E0,0E0,0E0,0E0,0E0],"parents":[2147483647,0,0,1,1,2,2,4,4,5,5],"right_children":[2,4,6,-1,8,10,-1,-1,-1,-1,-1],"split_conditions":[5.020544E-1,1.0076923E-1,1E0,-2.8607586E-1,4.014847E-1,6.000464E-1,2.6204833E-1,-6.284218E-2,-1.6994476E-2,1.0390854E-2,5.0811198E-2],"split_indices":[0,0,0,0,0,0,0,0,0,0,0],"split_type":[0,0,0,0,0,0,0,0,0,0,0],"sum_hessian":[9E0,4E0,5E0,1E0,3E0,4E0,1E0,2E0,1E0,1E0,3E0],"tree_param":{"num_deleted":"0","num_feature":"2","num_nodes":"11","size_leaf_vector":"1"}},{"base_weights":[-4.6156026E-2,-1.5035837E0,1.1760597E0,-2.7177206E-1,-5.206194E-2,4.1548768E-1,2.48946E-1,1.6269429E-2,5.2978516E-2],"categories":[],"categories_nodes":[],"categories_segments":[],"categories_sizes":[],"default_left":[0,0,0,0,0,0,0,0,0],"id":47,"left_children":[1,3,5,-1,-1,7,-1,-1,-1],"loss_changes":[1.9581217E1,4.552368E0,4.9592724E0,0E0,0E0,5.8275223E-2,0E0,0E0,0E0],"parents":[2147483647,0,0,1,1,2,2,5,5],"right_children":[2,4,6,-1,-1,8,-1,-1,-1],"split_conditions":[5.020544E-1,1.0076923E-1,1E0,-2.7177206E-1,-5.206194E-2,7.002415E-1,2.48946E-1,1.6269429E-2,5.2978516E-2],"split_indices":[0,0,0,0,0,0,0,0,0],"split_type":[0,0,0,0,0,0,0,0,0],"sum_hessian":[9E0,4E0,5E0,1E0,3E0,4E0,1E0,2E0,2E0],"tree_param":{"num_deleted":"0","num_feature":"2","num_nodes":"9","size_leaf_vector":"1"}},{"base_weights":[-4.210391E-2,-2.11149E0,7.391789E-1,-2.5818345E-1,-5.8540057E-2,8.571942E-3,1.9539999E0,-2.5183043E-2,2.0173073E-2,5.6601334E-2,2.3649864E-1],"categories":[],"categories_nodes":[],"categories_segments":[],"categories_sizes":[],"default_left":[0,0,0,0,0,0,0,0,0,0,0],"id":48,"left_children":[1,3,5,-1,-1,7,9,-1,-1,-1,-1],"loss_changes":[1.7728529E1,6.419554E-1,7.0837026E0,0E0,0E0,3.5259596E-1,3.7271786E-1,0E0,0E0,0E0,0E0],"parents":[2147483647,0,0,1,1,2,2,5,5,6,6],"right_children":[2,4,6,-1,-1,8,10,-1,-1,-1,-1],"split_conditions":[2.0289448E-1,1.0076923E-1,7.992434E-1,-2.5818345E-1,-5.8540057E-2,5.020544E-1,1E0,-2.5183043E-2,2.0173073E-2,5.6601334E-2,2.3649864E-1],"split_indices":[0,0,0,0,0,0,0,0,0,0,0],"split_type":[0,0,0,0,0,0,0,0,0,0,0],"sum_hessian":[9E0,2E0,7E0,1E0,1E0,5E0,2E0,2E0,3E0,1E0,1E0],"tree_param":{"num_deleted":"0","num_feature":"2","num_nodes":"11","size_leaf_vector":"1"}},{"base_weights":[-4.0756274E-2,-2.0059154E0,7.0127296E-1,-2.4527429E-1,-5.561304E-2,6.880442E-3,1.8563004E0,-2.350413E-2,1.8660164E-2,5.377121E-2,2.2467385E-1],"categories":[],"categories_nodes":[],"categories_segments":[],"categories_sizes":[],"default_left":[0,0,0,0,0,0,0,0,0,0,0],"id":49,"left_children":[1,3,5,-1,-1,7,9,-1,-1,-1,-1],"loss_changes":[1.598875E1,5.7936573E-1,6.4035673E0,0E0,0E0,3.0472988E-1,3.3638287E-1,0E0,0E0,0E0,0E0],"parents":[2147483647,0,0,1,1,2,2,5,5,6,6],"right_children":[2,4,6,-1,-1,8,10,-1,-1,-1,-1],"split_conditions":[2.0289448E-1,1.0076923E-1,7.992434E-1,-2.4527429E-1,-5.561304E-2,5.020544E-1,1E0,-2.350413E-2,1.8660164E-2,5.377121E-2,2.2467385E-1],"split_indices":[0,0,0,0,0,0,0,0,0,0,0],"split_type":[0,0,0,0,0,0,0,0,0,0,0],"sum_hessian":[9E0,2E0,7E0,1E0,1E0,5E0,2E0,2E0,3E0,1E0,1E0],"tree_param":{"num_deleted":"0","num_feature":"2","num_nodes":"11","size_leaf_vector":"1"}},{"base_weights":[-3.9409637E-2,-1.90562E0,6.6534543E-1,-2.3301058E-1,-5.2832413E-2,5.384127E-3,1.7634863E0,-2.1937244E-2,1.7260551E-2,5.108261E-2,2.1344033E-1],"categories":[],"categories_nodes":[],"categories_segments":[],"categories_sizes":[],"default_left":[0,0,0,0,0,0,0,0,0,0,0],"id":50,"left_children":[1,3,5,-1,-1,7,9,-1,-1,-1,-1],"loss_changes":[1.4420107E1,5.228758E-1,5.788348E0,0E0,0E0,2.6336953E-1,3.0358982E-1,0E0,0E0,0E0,0E0],"parents":[2147483647,0,0,1,1,2,2,5,5,6,6],"right_children":[2,4,6,-1,-1,8,10,-1,-1,-1,-1],"split_conditions":[2.0289448E-1,1.0076923E-1,7.992434E-1,-2.3301058E-1,-5.2832413E-2,5.020544E-1,1E0,-2.1937244E-2,1.7260551E-2,5.108261E-2,2.1344033E-1],"split_indices":[0,0,0,0,0,0,0,0,0,0,0],"split_type":[0,0,0,0,0,0,0,0,0,0,0],"sum_hessian":[9E0,2E0,7E0,1E0,1E0,5E0,2E0,2E0,3E0,1E0,1E0],"tree_param":{"num_deleted":"0","num_feature":"2","num_nodes":"11","size_leaf_vector":"1"}},{"base_weights":[-3.8067866E-2,-1.8103391E0,6.3129234E-1,-2.2136004E-1,-5.0190832E-2,4.067739E-3,1.6753107E0,-2.0474752E-2,1.5966225E-2,4.852829E-2,2.0276833E-1],"categories":[],"categories_nodes":[],"categories_segments":[],"categories_sizes":[],"default_left":[0,0,0,0,0,0,0,0,0,0,0],"id":51,"left_children":[1,3,5,-1,-1,7,9,-1,-1,-1,-1],"loss_changes":[1.3005732E1,4.7189426E-1,5.2318583E0,0E0,0E0,2.2763349E-1,2.7399826E-1,0E0,0E0,0E0,0E0],"parents":[2147483647,0,0,1,1,2,2,5,5,6,6],"right_children":[2,4,6,-1,-1,8,10,-1,-1,-1,-1],"split_conditions":[2.0289448E-1,1.0076923E-1,7.992434E-1,-2.2136004E-1,-5.0190832E-2,5.020544E-1,1E0,-2.0474752E-2,1.5966225E-2,4.852829E-2,2.0276833E-1],"split_indices":[0,0,0,0,0,0,0,0,0,0,0],"split_type":[0,0,0,0,0,0,0,0,0,0,0],"sum_hessian":[9E0,2E0,7E0,1E0,1E0,5E0,2E0,2E0,3E0,1E0,1E0],"tree_param":{"num_deleted":"0","num_feature":"2","num_nodes":"11","size_leaf_vector":"1"}},{"base_weights":[-3.673806E-2,-1.719822E0,5.990107E-1,-2.1029203E-1,-4.7681283E-2,2.9083889E-3,1.5915451E0,-1.9109791E-2,1.47686E-2,4.610176E-2,1.9263001E-1],"categories":[],"categories_nodes":[],"categories_segments":[],"categories_sizes":[],"default_left":[0,0,0,0,0,0,0,0,0,0,0],"id":52,"left_children":[1,3,5,-1,-1,7,9,-1,-1,-1,-1],"loss_changes":[1.1730379E1,4.2588425E-1,4.728587E0,0E0,0E0,1.9674909E-1,2.4729109E-1,0E0,0E0,0E0,0E0],"parents":[2147483647,0,0,1,1,2,2,5,5,6,6],"right_children":[2,4,6,-1,-1,8,10,-1,-1,-1,-1],"split_conditions":[2.0289448E-1,1.0076923E-1,7.992434E-1,-2.1029203E-1,-4.7681283E-2,5.020544E-1,1E0,-1.9109791E-2,1.47686E-2,4.610176E-2,1.9263001E-1],"split_indices":[0,0,0,0,0,0,0,0,0,0,0],"split_type":[0,0,0,0,0,0,0,0,0,0,0],"sum_hessian":[9E0,2E0,7E0,1E0,1E0,5E0,2E0,2E0,3E0,1E0,1E0],"tree_param":{"num_deleted":"0","num_feature":"2","num_nodes":"11","size_leaf_vector":"1"}},{"base_weights":[-3.542292E-2,-1.6338311E0,5.68408E-1,-1.9977742E-1,-4.5297243E-2,1.8933614E-3,1.511968E0,-1.7835744E-2,1.3660813E-2,4.379654E-2,1.8299866E-1],"categories":[],"categories_nodes":[],"categories_segments":[],"categories_sizes":[],"default_left":[0,0,0,0,0,0,0,0,0,0,0],"id":53,"left_children":[1,3,5,-1,-1,7,9,-1,-1,-1,-1],"loss_changes":[1.0580366E1,3.843603E-1,4.2734613E0,0E0,0E0,1.7005976E-1,2.2318792E-1,0E0,0E0,0E0,0E0],"parents":[2147483647,0,0,1,1,2,2,5,5,6,6],"right_children":[2,4,6,-1,-1,8,10,-1,-1,-1,-1],"split_conditions":[2.0289448E-1,1.0076923E-1,7.992434E-1,-1.9977742E-1,-4.5297243E-2,5.020544E-1,1E0,-1.7835744E-2,1.3660813E-2,4.379654E-2,1.8299866E-1],"split_indices":[0,0,0,0,0,0,0,0,0,0,0],"split_type":[0,0,0,0,0,0,0,0,0,0,0],"sum_hessian":[9E0,2E0,7E0,1E0,1E0,5E0,2E0,2E0,3E0,1E0,1E0],"tree_param":{"num_deleted":"0","num_feature":"2","num_nodes":"11","size_leaf_vector":"1"}},{"base_weights":[-3.412652E-2,-1.5521394E0,5.3939414E-1,-1.8978857E-1,-4.303236E-2,1.0067621E-3,1.4363708E0,-1.664664E-2,1.2635994E-2,4.1606903E-2,1.7384873E-1],"categories":[],"categories_nodes":[],"categories_segments":[],"categories_sizes":[],"default_left":[0,0,0,0,0,0,0,0,0,0,0],"id":54,"left_children":[1,3,5,-1,-1,7,9,-1,-1,-1,-1],"loss_changes":[9.543333E0,3.468852E-1,3.8619215E0,0E0,0E0,1.4699444E-1,2.0141888E-1,0E0,0E0,0E0,0E0],"parents":[2147483647,0,0,1,1,2,2,5,5,6,6],"right_children":[2,4,6,-1,-1,8,10,-1,-1,-1,-1],"split_conditions":[2.0289448E-1,1.0076923E-1,7.992434E-1,-1.8978857E-1,-4.303236E-2,5.020544E-1,1E0,-1.664664E-2,1.2635994E-2,4.1606903E-2,1.7384873E-1],"split_indices":[0,0,0,0,0,0,0,0,0,0,0],"split_type":[0,0,0,0,0,0,0,0,0,0,0],"sum_hessian":[9E0,2E0,7E0,1E0,1E0,5E0,2E0,2E0,3E0,1E0,1E0],"tree_param":{"num_deleted":"0","num_feature":"2","num_nodes":"11","size_leaf_vector":"1"}},{"base_weights":[-3.2851387E-2,-1.4745324E0,5.118854E-1,-1.8029913E-1,-4.088073E-2,2.3873647E-4,1.3645502E0,-1.5536817E-2,1.1688423E-1,3.952637E-2,1.6515617E-1,3.4015656E-3,1.3316854E-2],"categories":[],"categories_nodes":[],"categories_segments":[],"categories_sizes":[],"default_left":[0,0,0,0,0,0,0,0,0,0,0,0,0],"id":55,"left_children":[1,3,5,-1,-1,7,9,-1,11,-1,-1,-1,-1],"loss_changes":[8.608158E0,3.1306458E-1,3.4897795E0,0E0,0E0,1.2706515E-1,1.8178654E-1,0E0,8.68015E-4,0E0,0E0,0E0,0E0],"parents":[2147483647,0,0,1,1,2,2,5,5,6,6,8,8],"right_children":[2,4,6,-1,-1,8,10,-1,12,-1,-1,-1,-1],"split_conditions":[2.0289448E-1,1.0076923E-1,7.992434E-1,-1.8029913E-1,-4.088073E-2,5.020544E-1,1E0,-1.5536817E-2,6.000464E-1,3.952637E-2,1.6515617E-1,3.4015656E-3,1.3316854E-2],"split_indices":[0,0,0,0,0,0,0,0,0,0,0,0,0],"split_type":[0,0,0,0,0,0,0,0,0,0,0,0,0],"sum_hessian":[9E0,2E0,7E0,1E0,1E0,5E0,2E0,2E0,3E0,1E0,1E0,1E0,2E0],"tree_param":{"num_deleted":"0","num_feature":"2","num_nodes":"13","size_leaf_vector":"1"}},{"base_weights":[-3.1096984E-2,-1.4008056E0,4.8643088E-1,-1.7128418E-1,-3.883667E-2,4.1294098E-4,1.2963232E0,-1.4501E-2,1.0937691E-1,3.7549973E-2,1.568985E-1,3.2314302E-3,1.2429301E-2],"categories":[],"categories_nodes":[],"categories_segments":[],"categories_sizes":[],"default_left":[0,0,0,0,0,0,0,0,0,0,0,0,0],"id":56,"left_children":[1,3,5,-1,-1,7,9,-1,11,-1,-1,-1,-1],"loss_changes":[7.7700186E0,2.8254223E-1,3.1484423E0,0E0,0E0,1.10935904E-1,1.6406631E-1,0E0,5.814545E-4,0E0,0E0,0E0,0E0],"parents":[2147483647,0,0,1,1,2,2,5,5,6,6,8,8],"right_children":[2,4,6,-1,-1,8,10,-1,12,-1,-1,-1,-1],"split_conditions":[2.0289448E-1,1.0076923E-1,7.992434E-1,-1.7128418E-1,-3.883667E-2,5.020544E-1,1E0,-1.4501E-2,6.000464E-1,3.7549973E-2,1.568985E-1,3.2314302E-3,1.2429301E-2],"split_indices":[0,0,0,0,0,0,0,0,0,0,0,0,0],"split_type":[0,0,0,0,0,0,0,0,0,0,0,0,0],"sum_hessian":[9E0,2E0,7E0,1E0,1E0,5E0,2E0,2E0,3E0,1E0,1E0,1E0,2E0],"tree_param":{"num_deleted":"0","num_feature":"2","num_nodes":"13","size_leaf_vector":"1"}},{"base_weights":[-2.9438972E-2,-1.3307654E0,4.622383E-1,-1.6271996E-1,-3.6894847E-2,5.645752E-4,1.2315063E0,-1.3534292E-2,1.0235405E-1,3.5672378E-2,1.4905357E-1,3.069687E-3,1.1600749E-2],"categories":[],"categories_nodes":[],"categories_segments":[],"categories_sizes":[],"default_left":[0,0,0,0,0,0,0,0,0,0,0,0,0],"id":57,"left_children":[1,3,5,-1,-1,7,9,-1,11,-1,-1,-1,-1],"loss_changes":[7.013457E0,2.5499392E-1,2.8405116E0,0E0,0E0,9.68566E-2,1.4807367E-1,0E0,3.5239756E-4,0E0,0E0,0E0,0E0],"parents":[2147483647,0,0,1,1,2,2,5,5,6,6,8,8],"right_children":[2,4,6,-1,-1,8,10,-1,12,-1,-1,-1,-1],"split_conditions":[2.0289448E-1,1.0076923E-1,7.992434E-1,-1.6271996E-1,-3.6894847E-2,5.020544E-1,1E0,-1.3534292E-2,6.000464E-1,3.5672378E-2,1.4905357E-1,3.069687E-3,1.1600749E-2],"split_indices":[0,0,0,0,0,0,0,0,0,0,0,0,0],"split_type":[0,0,0,0,0,0,0,0,0,0,0,0,0],"sum_hessian":[9E0,2E0,7E0,1E0,1E0,5E0,2E0,2E0,3E0,1E0,1E0,1E0,2E0],"tree_param":{"num_deleted":"0","num_feature":"2","num_nodes":"13","size_leaf_vector":"1"}},{"base_weights":[-2.7871203E-2,-1.2642272E0,4.3924618E-1,-1.5458398E-1,-3.5050105E-2,6.9681805E-4,1.1699295E0,-1.2631989E-2,9.578514E-2,3.3888627E-2,1.416008E-1,2.916336E-3,1.0827128E-2],"categories":[],"categories_nodes":[],"categories_segments":[],"categories_sizes":[],"default_left":[0,0,0,0,0,0,0,0,0,0,0,0,0],"id":58,"left_children":[1,3,5,-1,-1,7,9,-1,11,-1,-1,-1,-1],"loss_changes":[6.33054E0,2.3013163E-1,2.5627103E0,0E0,0E0,8.45664E-2,1.3363981E-1,0E0,1.6984344E-4,0E0,0E0,0E0,0E0],"parents":[2147483647,0,0,1,1,2,2,5,5,6,6,8,8],"right_children":[2,4,6,-1,-1,8,10,-1,12,-1,-1,-1,-1],"split_conditions":[2.0289448E-1,1.0076923E-1,7.992434E-1,-1.5458398E-1,-3.5050105E-2,5.020544E-1,1E0,-1.2631989E-2,6.000464E-1,3.3888627E-2,1.416008E-1,2.916336E-3,1.0827128E-2],"split_indices":[0,0,0,0,0,0,0,0,0,0,0,0,0],"split_type":[0,0,0,0,0,0,0,0,0,0,0,0,0],"sum_hessian":[9E0,2E0,7E0,1E0,1E0,5E0,2E0,2E0,3E0,1E0,1E0,1E0,2E0],"tree_param":{"num_deleted":"0","num_feature":"2","num_nodes":"13","size_leaf_vector":"1"}},{"base_weights":[-2.6387285E-2,-1.2010157E0,4.1739678E-1,-1.4685477E-1,-3.3297587E-2,8.128484E-4,1.1114324E0,-1.1789894E-1,8.964348E-2,3.2194138E-2,1.3452072E-1,-1.4188099E-2,-3.4967423E-3,2.7706146E-3,1.0105387E-2],"categories":[],"categories_nodes":[],"categories_segments":[],"categories_sizes":[],"default_left":[0,0,0,0,0,0,0,0,0,0,0,0,0,0,0],"id":59,"left_children":[1,3,5,-1,-1,7,9,11,13,-1,-1,-1,-1,-1,-1],"loss_changes":[5.714114E0,2.0769453E-1,2.3120894E0,0E0,0E0,7.3840335E-2,1.2061167E-1,1.0053888E-3,2.7101487E-5,0E0,0E0,0E0,0E0,0E0,0E0],"parents":[2147483647,0,0,1,1,2,2,5,5,6,6,7,7,8,8],"right_children":[2,4,6,-1,-1,8,10,12,14,-1,-1,-1,-1,-1,-1],"split_conditions":[2.0289448E-1,1.0076923E-1,7.992434E-1,-1.4685477E-1,-3.3297587E-2,5.020544E-1,1E0,4.014847E-1,6.000464E-1,3.2194138E-2,1.3452072E-1,-1.4188099E-2,-3.4967423E-3,2.7706146E-3,1.0105387E-2],"split_indices":[0,0,0,0,0,0,0,0,0,0,0,0,0,0,0],"split_type":[0,0,0,0,0,0,0,0,0,0,0,0,0,0,0],"sum_hessian":[9E0,2E0,7E0,1E0,1E0,5E0,2E0,2E0,3E0,1E0,1E0,1E0,1E0,1E0,2E0],"tree_param":{"num_deleted":"0","num_feature":"2","num_nodes":"15","size_leaf_vector":"1"}},{"base_weights":[-2.557385E-2,-1.1409649E0,3.9589453E-1,-1.3951203E-1,-3.163271E-2,-7.05719E-5,1.0558599E0,-1.1200333E-1,8.389664E-3,3.0584335E-2,1.2779465E-1,-1.3478661E-2,-3.3218383E-3],"categories":[],"categories_nodes":[],"categories_segments":[],"categories_sizes":[],"default_left":[0,0,0,0,0,0,0,0,0,0,0,0,0],"id":60,"left_children":[1,3,5,-1,-1,7,9,11,-1,-1,-1,-1,-1],"loss_changes":[5.1527224E0,1.8744397E-1,2.0906606E0,0E0,0E0,6.578879E-2,1.0885453E-1,9.0754405E-4,0E0,0E0,0E0,0E0,0E0],"parents":[2147483647,0,0,1,1,2,2,5,5,6,6,7,7],"right_children":[2,4,6,-1,-1,8,10,12,-1,-1,-1,-1,-1],"split_conditions":[2.0289448E-1,1.0076923E-1,7.992434E-1,-1.3951203E-1,-3.163271E-2,5.020544E-1,1E0,4.014847E-1,8.389664E-3,3.0584335E-2,1.2779465E-1,-1.3478661E-2,-3.3218383E-3],"split_indices":[0,0,0,0,0,0,0,0,0,0,0,0,0],"split_type":[0,0,0,0,0,0,0,0,0,0,0,0,0],"sum_hessian":[9E0,2E0,7E0,1E0,1E0,5E0,2E0,2E0,3E0,1E0,1E0,1E0,1E0],"tree_param":{"num_deleted":"0","num_feature":"2","num_nodes":"13","size_leaf_vector":"1"}},{"base_weights":[-2.5134778E-2,-1.0839168E0,3.750503E-1,-1.3253643E-1,-3.0051088E-2,-1.4664332E-3,1.003067E0,-1.0640272E-1,7.760239E-2,2.9055024E-2,1.2140503E-1,-1.2804699E-2,-3.1557083E-3,2.2125244E-3,8.871969E-3],"categories":[],"categories_nodes":[],"categories_segments":[],"categories_sizes":[],"default_left":[0,0,0,0,0,0,0,0,0,0,0,0,0,0,0],"id":61,"left_children":[1,3,5,-1,-1,7,9,11,13,-1,-1,-1,-1,-1,-1],"loss_changes":[4.6436105E0,1.6916776E-1,1.8931415E0,0E0,0E0,5.804023E-2,9.824467E-2,8.1914663E-4,5.0407834E-4,0E0,0E0,0E0,0E0,0E0,0E0],"parents":[2147483647,0,0,1,1,2,2,5,5,6,6,7,7,8,8],"right_children":[2,4,6,-1,-1,8,10,12,14,-1,-1,-1,-1,-1,-1],"split_conditions":[2.0289448E-1,1.0076923E-1,7.992434E-1,-1.3253643E-1,-3.0051088E-2,5.020544E-1,1E0,4.014847E-1,6.000464E-1,2.9055024E-2,1.2140503E-1,-1.2804699E-2,-3.1557083E-3,2.2125244E-3,8.871969E-3],"split_indices":[0,0,0,0,0,0,0,0,0,0,0,0,0,0,0],"split_type":[0,0,0,0,0,0,0,0,0,0,0,0,0,0,0],"sum_hessian":[9E0,2E0,7E0,1E0,1E0,5E0,2E0,2E0,3E0,1E0,1E0,1E0,1E0,1E0,2E0],"tree_param":{"num_deleted":"0","num_feature":"2","num_nodes":"15","size_leaf_vector":"1"}},{"base_weights":[-2.4321914E-2,-1.0297209E0,3.5574293E-1,-1.2590961E-1,-2.8548528E-2,-2.1330516E-3,9.5291394E-1,-1.0108312E-1,7.261276E-2,2.7602388E-2,1.15334705E-1,-1.2164498E-2,-2.9979707E-3,2.1018982E-3,8.2804365E-3],"categories":[],"categories_nodes":[],"categories_segments":[],"categories_sizes":[],"default_left":[0,0,0,0,0,0,0,0,0,0,0,0,0,0,0],"id":62,"left_children":[1,3,5,-1,-1,7,9,11,13,-1,-1,-1,-1,-1,-1],"loss_changes":[4.187484E0,1.526742E-1,1.7117379E0,0E0,0E0,5.1716547E-2,8.8662386E-2,7.3917024E-4,3.6283024E-4,0E0,0E0,0E0,0E0,0E0,0E0],"parents":[2147483647,0,0,1,1,2,2,5,5,6,6,7,7,8,8],"right_children":[2,4,6,-1,-1,8,10,12,14,-1,-1,-1,-1,-1,-1],"split_conditions":[2.0289448E-1,1.0076923E-1,7.992434E-1,-1.2590961E-1,-2.8548528E-2,5.020544E-1,1E0,4.014847E-1,6.000464E-1,2.7602388E-2,1.15334705E-1,-1.2164498E-2,-2.9979707E-3,2.1018982E-3,8.2804365E-3],"split_indices":[0,0,0,0,0,0,0,0,0,0,0,0,0,0,0],"split_type":[0,0,0,0,0,0,0,0,0,0,0,0,0,0,0],"sum_hessian":[9E0,2E0,7E0,1E0,1E0,5E0,2E0,2E0,3E0,1E0,1E0,1E0,1E0,1E0,2E0],"tree_param":{"num_deleted":"0","num_feature":"2","num_nodes":"15","size_leaf_vector":"1"}},{"base_weights":[-2.3519611E-2,-9.7823495E-1,3.3743858E-1,-1.19614124E-1,-2.7121115E-2,-2.7160645E-3,9.052684E-1,-9.602865E-2,6.794739E-2,2.6222229E-2,1.0956802E-1,-1.1556244E-2,-2.8480531E-3,1.9966126E-3,7.7285767E-3],"categories":[],"categories_nodes":[],"categories_segments":[],"categories_sizes":[],"default_left":[0,0,0,0,0,0,0,0,0,0,0,0,0,0,0],"id":63,"left_children":[1,3,5,-1,-1,7,9,11,13,-1,-1,-1,-1,-1,-1],"loss_changes":[3.7762175E0,1.3778782E-1,1.5476583E0,0E0,0E0,4.608763E-2,8.0019E-2,6.671343E-4,2.491735E-4,0E0,0E0,0E0,0E0,0E0,0E0],"parents":[2147483647,0,0,1,1,2,2,5,5,6,6,7,7,8,8],"right_children":[2,4,6,-1,-1,8,10,12,14,-1,-1,-1,-1,-1,-1],"split_conditions":[2.0289448E-1,1.0076923E-1,7.992434E-1,-1.19614124E-1,-2.7121115E-2,5.020544E-1,1E0,4.014847E-1,6.000464E-1,2.6222229E-2,1.0956802E-1,-1.1556244E-2,-2.8480531E-3,1.9966126E-3,7.7285767E-3],"split_indices":[0,0,0,0,0,0,0,0,0,0,0,0,0,0,0],"split_type":[0,0,0,0,0,0,0,0,0,0,0,0,0,0,0],"sum_hessian":[9E0,2E0,7E0,1E0,1E0,5E0,2E0,2E0,3E0,1E0,1E0,1E0,1E0,1E0,2E0],"tree_param":{"num_deleted":"0","num_feature":"2","num_nodes":"15","size_leaf_vector":"1"}},{"base_weights":[-2.2729825E-2,-9.29323E-1,3.2008386E-1,-1.1363342E-1,-2.5765037E-2,-3.2243729E-3,8.600057E-1,-9.122658E-2,6.3583374E-2,2.4911119E-2,1.0408974E-1,-1.0978413E-2,-2.705574E-3,1.8966675E-3,7.2133387E-3],"categories":[],"categories_nodes":[],"categories_segments":[],"categories_sizes":[],"default_left":[0,0,0,0,0,0,0,0,0,0,0,0,0,0,0],"id":64,"left_children":[1,3,5,-1,-1,7,9,11,13,-1,-1,-1,-1,-1,-1],"loss_changes":[3.405387E0,1.24354124E-1,1.3992624E0,0E0,0E0,4.1075867E-2,7.221818E-2,6.0226955E-4,1.5776232E-4,0E0,0E0,0E0,0E0,0E0,0E0],"parents":[2147483647,0,0,1,1,2,2,5,5,6,6,7,7,8,8],"right_children":[2,4,6,-1,-1,8,10,12,14,-1,-1,-1,-1,-1,-1],"split_conditions":[2.0289448E-1,1.0076923E-1,7.992434E-1,-1.1363342E-1,-2.5765037E-2,5.020544E-1,1E0,4.014847E-1,6.000464E-1,2.4911119E-2,1.0408974E-1,-1.0978413E-2,-2.705574E-3,1.8966675E-3,7.2133387E-3],"split_indices":[0,0,0,0,0,0,0,0,0,0,0,0,0,0,0],"split_type":[0,0,0,0,0,0,0,0,0,0,0,0,0,0,0],"sum_hessian":[9E0,2E0,7E0,1E0,1E0,5E0,2E0,2E0,3E0,1E0,1E0,1E0,1E0,1E0,2E0],"tree_param":{"num_deleted":"0","num_feature":"2","num_nodes":"15","size_leaf_vector":"1"}},{"base_weights":[-2.195332E-2,-8.828568E-1,3.0362964E-1,-1.0795175E-1,-2.4476767E-2,-3.663699E-3,8.170064E-1,-8.6665474E-2,5.9503555E-2,2.366562E-2,9.888535E-2,-1.0429478E-2,-2.570343E-3,1.8016816E-3,6.732687E-3],"categories":[],"categories_nodes":[],"categories_segments":[],"categories_sizes":[],"default_left":[0,0,0,0,0,0,0,0,0,0,0,0,0,0,0],"id":65,"left_children":[1,3,5,-1,-1,7,9,11,13,-1,-1,-1,-1,-1,-1],"loss_changes":[3.0710163E0,1.122303E-1,1.2650514E0,0E0,0E0,3.6614865E-2,6.517625E-2,5.43423E-4,8.52393E-5,0E0,0E0,0E0,0E0,0E0,0E0],"parents":[2147483647,0,0,1,1,2,2,5,5,6,6,7,7,8,8],"right_children":[2,4,6,-1,-1,8,10,12,14,-1,-1,-1,-1,-1,-1],"split_conditions":[2.0289448E-1,1.0076923E-1,7.992434E-1,-1.0795175E-1,-2.4476767E-2,5.020544E-1,1E0,4.014847E-1,6.000464E-1,2.366562E-2,9.888535E-2,-1.0429478E-2,-2.570343E-3,1.8016816E-3,6.732687E-3],"split_indices":[0,0,0,0,0,0,0,0,0,0,0,0,0,0,0],"split_type":[0,0,0,0,0,0,0,0,0,0,0,0,0,0,0],"sum_hessian":[9E0,2E0,7E0,1E0,1E0,5E0,2E0,2E0,3E0,1E0,1E0,1E0,1E0,1E0,2E0],"tree_param":{"num_deleted":"0","num_feature":"2","num_nodes":"15","size_leaf_vector":"1"}},{"base_weights":[-2.1191383E-2,-8.387139E-1,2.8802848E-1,-1.02554165E-1,-2.3252917E-2,-4.0400825E-3,7.761561E-1,-8.233198E-2,5.5688858E-2,2.24823E-2,9.3941115E-2,-9.908008E-3,-2.4417879E-3,1.7116547E-3,6.284078E-3],"categories":[],"categories_nodes":[],"categories_segments":[],"categories_sizes":[],"default_left":[0,0,0,0,0,0,0,0,0,0,0,0,0,0,0],"id":66,"left_children":[1,3,5,-1,-1,7,9,11,13,-1,-1,-1,-1,-1,-1],"loss_changes":[2.7695153E0,1.0128808E-1,1.1436696E0,0E0,0E0,3.2642722E-2,5.8822513E-2,4.905313E-4,2.7847476E-5,0E0,0E0,0E0,0E0,0E0,0E0],"parents":[2147483647,0,0,1,1,2,2,5,5,6,6,7,7,8,8],"right_children":[2,4,6,-1,-1,8,10,12,14,-1,-1,-1,-1,-1,-1],"split_conditions":[2.0289448E-1,1.0076923E-1,7.992434E-1,-1.02554165E-1,-2.3252917E-2,5.020544E-1,1E0,4.014847E-1,6.000464E-1,2.24823E-2,9.3941115E-2,-9.908008E-3,-2.4417879E-3,1.7116547E-3,6.284078E-3],"split_indices":[0,0,0,0,0,0,0,0,0,0,0,0,0,0,0],"split_type":[0,0,0,0,0,0,0,0,0,0,0,0,0,0,0],"sum_hessian":[9E0,2E0,7E0,1E0,1E0,5E0,2E0,2E0,3E0,1E0,1E0,1E0,1E0,1E0,2E0],"tree_param":{"num_deleted":"0","num_feature":"2","num_nodes":"15","size_leaf_vector":"1"}},{"base_weights":[-2.0446384E-2,-7.967783E-1,2.732339E-1,-9.742646E-2,-2.2090292E-2,-4.3621063E-3,7.373479E-1,-7.821528E-2,5.21183E-3,2.1358108E-2,8.924408E-2,-9.412575E-3,-2.3197175E-3],"categories":[],"categories_nodes":[],"categories_segments":[],"categories_sizes":[],"default_left":[0,0,0,0,0,0,0,0,0,0,0,0,0],"id":67,"left_children":[1,3,5,-1,-1,7,9,11,-1,-1,-1,-1,-1],"loss_changes":[2.4976408E0,9.141195E-2,1.033906E0,0E0,0E0,2.9103993E-2,5.3089023E-2,4.4264086E-4,0E0,0E0,0E0,0E0,0E0],"parents":[2147483647,0,0,1,1,2,2,5,5,6,6,7,7],"right_children":[2,4,6,-1,-1,8,10,12,-1,-1,-1,-1,-1],"split_conditions":[2.0289448E-1,1.0076923E-1,7.992434E-1,-9.742646E-2,-2.2090292E-2,5.020544E-1,1E0,4.014847E-1,5.21183E-3,2.1358108E-2,8.924408E-2,-9.412575E-3,-2.3197175E-3],"split_indices":[0,0,0,0,0,0,0,0,0,0,0,0,0],"split_type":[0,0,0,0,0,0,0,0,0,0,0,0,0],"sum_hessian":[9E0,2E0,7E0,1E0,1E0,5E0,2E0,2E0,3E0,1E0,1E0,1E0,1E0],"tree_param":{"num_deleted":"0","num_feature":"2","num_nodes":"13","size_leaf_vector":"1"}},{"base_weights":[-1.994437E-2,-7.5693953E-1,2.5892186E-1,-9.2555135E-2,-2.0985795E-2,-5.012194E-3,7.0048267E-1,-7.430458E-2,4.8210144E-2,2.0290375E-2,8.478203E-2,-8.941936E-3,-2.2037507E-3,1.3656616E-3,5.517578E-3],"categories":[],"categories_nodes":[],"categories_segments":[],"categories_sizes":[],"default_left":[0,0,0,0,0,0,0,0,0,0,0,0,0,0,0],"id":68,"left_children":[1,3,5,-1,-1,7,9,11,13,-1,-1,-1,-1,-1,-1],"loss_changes":[2.2512188E0,8.249891E-2,9.358543E-1,0E0,0E0,2.5709651E-2,4.7910452E-2,3.994368E-4,2.0923465E-4,0E0,0E0,0E0,0E0,0E0,0E0],"parents":[2147483647,0,0,1,1,2,2,5,5,6,6,7,7,8,8],"right_children":[2,4,6,-1,-1,8,10,12,14,-1,-1,-1,-1,-1,-1],"split_conditions":[2.0289448E-1,1.0076923E-1,7.992434E-1,-9.2555135E-2,-2.0985795E-2,5.020544E-1,1E0,4.014847E-1,6.000464E-1,2.0290375E-2,8.478203E-2,-8.941936E-3,-2.2037507E-3,1.3656616E-3,5.517578E-3],"split_indices":[0,0,0,0,0,0,0,0,0,0,0,0,0,0,0],"split_type":[0,0,0,0,0,0,0,0,0,0,0,0,0,0,0],"sum_hessian":[9E0,2E0,7E0,1E0,1E0,5E0,2E0,2E0,3E0,1E0,1E0,1E0,1E0,1E0,2E0],"tree_param":{"num_deleted":"0","num_feature":"2","num_nodes":"15","size_leaf_vector":"1"}},{"base_weights":[-1.922338E-2,-7.190926E-1,2.456305E-1,-8.792738E-2,-1.9936515E-2,-5.2207313E-3,6.654561E-1,-7.0589066E-2,4.5110703E-2,1.9275665E-2,8.054276E-2,-8.494854E-3,-2.0935058E-3,1.2973786E-3,5.1498413E-3],"categories":[],"categories_nodes":[],"categories_segments":[],"categories_sizes":[],"default_left":[0,0,0,0,0,0,0,0,0,0,0,0,0,0,0],"id":69,"left_children":[1,3,5,-1,-1,7,9,11,13,-1,-1,-1,-1,-1,-1],"loss_changes":[2.0302618E0,7.445514E-2,8.4598446E-1,0E0,0E0,2.2924814E-2,4.324174E-2,3.6061276E-4,1.5299674E-4,0E0,0E0,0E0,0E0,0E0,0E0],"parents":[2147483647,0,0,1,1,2,2,5,5,6,6,7,7,8,8],"right_children":[2,4,6,-1,-1,8,10,12,14,-1,-1,-1,-1,-1,-1],"split_conditions":[2.0289448E-1,1.0076923E-1,7.992434E-1,-8.792738E-2,-1.9936515E-2,5.020544E-1,1E0,4.014847E-1,6.000464E-1,1.9275665E-2,8.054276E-2,-8.494854E-3,-2.0935058E-3,1.2973786E-3,5.1498413E-3],"split_indices":[0,0,0,0,0,0,0,0,0,0,0,0,0,0,0],"split_type":[0,0,0,0,0,0,0,0,0,0,0,0,0,0,0],"sum_hessian":[9E0,2E0,7E0,1E0,1E0,5E0,2E0,2E0,3E0,1E0,1E0,1E0,1E0,1E0,2E0],"tree_param":{"num_deleted":"0","num_feature":"2","num_nodes":"15","size_leaf_vector":"1"}},{"base_weights":[-1.8519234E-2,-6.8313795E-1,2.330277E-1,-8.3531015E-2,-1.8939687E-2,-5.388578E-3,6.321843E-1,-6.70592E-2,4.2211533E-2,1.8312072E-2,7.651558E-2,-8.070088E-3,-1.9887926E-3,1.9419352E-3,5.5294037E-3],"categories":[],"categories_nodes":[],"categories_segments":[],"categories_sizes":[],"default_left":[0,0,0,0,0,0,0,0,0,0,0,0,0,0,0],"id":70,"left_children":[1,3,5,-1,-1,7,9,11,13,-1,-1,-1,-1,-1,-1],"loss_changes":[1.8310181E0,6.7195654E-2,7.647301E-1,0E0,0E0,2.0443842E-2,3.9022088E-2,3.2551307E-4,1.1894107E-4,0E0,0E0,0E0,0E0,0E0,0E0],"parents":[2147483647,0,0,1,1,2,2,5,5,6,6,7,7,8,8],"right_children":[2,4,6,-1,-1,8,10,12,14,-1,-1,-1,-1,-1,-1],"split_conditions":[2.0289448E-1,1.0076923E-1,7.992434E-1,-8.3531015E-2,-1.8939687E-2,5.020544E-1,1E0,4.014847E-1,7.002415E-1,1.8312072E-2,7.651558E-2,-8.070088E-3,-1.9887926E-3,1.9419352E-3,5.5294037E-3],"split_indices":[0,0,0,0,0,0,0,0,0,0,0,0,0,0,0],"split_type":[0,0,0,0,0,0,0,0,0,0,0,0,0,0,0],"sum_hessian":[9E0,2E0,7E0,1E0,1E0,5E0,2E0,2E0,3E0,1E0,1E0,1E0,1E0,2E0,1E0],"tree_param":{"num_deleted":"0","num_feature":"2","num_nodes":"15","size_leaf_vector":"1"}},{"base_weights":[-1.7691195E-2,-6.48981E-1,2.2125387E-1,-7.935446E-2,-1.7992688E-2,-5.28272E-3,6.0057575E-1,-6.370672E-2,3.9855957E-2,1.7396545E-2,7.2689824E-2,-7.666588E-3,-1.8894196E-3,1.8122355E-3,5.252838E-3],"categories":[],"categories_nodes":[],"categories_segments":[],"categories_sizes":[],"default_left":[0,0,0,0,0,0,0,0,0,0,0,0,0,0,0],"id":71,"left_children":[1,3,5,-1,-1,7,9,11,13,-1,-1,-1,-1,-1,-1],"loss_changes":[1.6520253E0,6.064439E-2,6.9061506E-1,0E0,0E0,1.8362185E-2,3.5216093E-2,2.9365811E-4,1.4973152E-4,0E0,0E0,0E0,0E0,0E0,0E0],"parents":[2147483647,0,0,1,1,2,2,5,5,6,6,7,7,8,8],"right_children":[2,4,6,-1,-1,8,10,12,14,-1,-1,-1,-1,-1,-1],"split_conditions":[2.0289448E-1,1.0076923E-1,7.992434E-1,-7.935446E-2,-1.7992688E-2,5.020544E-1,1E0,4.014847E-1,7.002415E-1,1.7396545E-2,7.2689824E-2,-7.666588E-3,-1.8894196E-3,1.8122355E-3,5.252838E-3],"split_indices":[0,0,0,0,0,0,0,0,0,0,0,0,0,0,0],"split_type":[0,0,0,0,0,0,0,0,0,0,0,0,0,0,0],"sum_hessian":[9E0,2E0,7E0,1E0,1E0,5E0,2E0,2E0,3E0,1E0,1E0,1E0,1E0,2E0,1E0],"tree_param":{"num_deleted":"0","num_feature":"2","num_nodes":"15","size_leaf_vector":"1"}},{"base_weights":[-1.6897727E-2,-6.1653185E-1,2.1007729E-1,-7.538674E-2,-1.7093038E-2,-5.1701865E-3,5.7054645E-1,-6.0521442E-2,3.7635803E-2,1.6526794E-2,6.905518E-2,-7.2832108E-3,-1.7950059E-3,1.6911825E-3,4.9903872E-3],"categories":[],"categories_nodes":[],"categories_segments":[],"categories_sizes":[],"default_left":[0,0,0,0,0,0,0,0,0,0,0,0,0,0,0],"id":72,"left_children":[1,3,5,-1,-1,7,9,11,13,-1,-1,-1,-1,-1,-1],"loss_changes":[1.490539E0,5.4731965E-2,6.2367046E-1,0E0,0E0,1.6493965E-2,3.178054E-2,2.6490446E-4,1.7300714E-4,0E0,0E0,0E0,0E0,0E0,0E0],"parents":[2147483647,0,0,1,1,2,2,5,5,6,6,7,7,8,8],"right_children":[2,4,6,-1,-1,8,10,12,14,-1,-1,-1,-1,-1,-1],"split_conditions":[2.0289448E-1,1.0076923E-1,7.992434E-1,-7.538674E-2,-1.7093038E-2,5.020544E-1,1E0,4.014847E-1,7.002415E-1,1.6526794E-2,6.905518E-2,-7.2832108E-3,-1.7950059E-3,1.6911825E-3,4.9903872E-3],"split_indices":[0,0,0,0,0,0,0,0,0,0,0,0,0,0,0],"split_type":[0,0,0,0,0,0,0,0,0,0,0,0,0,0,0],"sum_hessian":[9E0,2E0,7E0,1E0,1E0,5E0,2E0,2E0,3E0,1E0,1E0,1E0,1E0,2E0,1E0],"tree_param":{"num_deleted":"0","num_feature":"2","num_nodes":"15","size_leaf_vector":"1"}},{"base_weights":[-1.613748E-2,-5.8570534E-1,1.9946766E-1,-7.16174E-2,-1.6238404E-2,-5.053202E-3,5.4202014E-1,-5.7495117E-2,3.5541534E-2,1.5700532E-2,6.5602496E-2,-6.919098E-3,-1.7051697E-3,1.5782675E-3,4.740906E-3],"categories":[],"categories_nodes":[],"categories_segments":[],"categories_sizes":[],"default_left":[0,0,0,0,0,0,0,0,0,0,0,0,0,0,0],"id":73,"left_children":[1,3,5,-1,-1,7,9,11,13,-1,-1,-1,-1,-1,-1],"loss_changes":[1.344847E0,4.9395204E-2,5.6321204E-1,0E0,0E0,1.48166595E-2,2.8681159E-2,2.3923814E-4,1.897132E-4,0E0,0E0,0E0,0E0,0E0,0E0],"parents":[2147483647,0,0,1,1,2,2,5,5,6,6,7,7,8,8],"right_children":[2,4,6,-1,-1,8,10,12,14,-1,-1,-1,-1,-1,-1],"split_conditions":[2.0289448E-1,1.0076923E-1,7.992434E-1,-7.16174E-2,-1.6238404E-2,5.020544E-1,1E0,4.014847E-1,7.002415E-1,1.5700532E-2,6.5602496E-2,-6.919098E-3,-1.7051697E-3,1.5782675E-3,4.740906E-3],"split_indices":[0,0,0,0,0,0,0,0,0,0,0,0,0,0,0],"split_type":[0,0,0,0,0,0,0,0,0,0,0,0,0,0,0],"sum_hessian":[9E0,2E0,7E0,1E0,1E0,5E0,2E0,2E0,3E0,1E0,1E0,1E0,1E0,2E0,1E0],"tree_param":{"num_deleted":"0","num_feature":"2","num_nodes":"15","size_leaf_vector":"1"}},{"base_weights":[-1.5409708E-2,-5.5642015E-1,1.8939543E-1,-6.8036534E-2,-1.5426493E-2,-4.931768E-3,5.14918E-1,-5.4620106E-2,3.356743E-2,1.4915466E-2,6.2322237E-2,-6.5731048E-3,-1.6199112E-3,1.4729818E-3,4.5040133E-3],"categories":[],"categories_nodes":[],"categories_segments":[],"categories_sizes":[],"default_left":[0,0,0,0,0,0,0,0,0,0,0,0,0,0,0],"id":74,"left_children":[1,3,5,-1,-1,7,9,11,13,-1,-1,-1,-1,-1,-1],"loss_changes":[1.2134006E0,4.457909E-2,5.0860256E-1,0E0,0E0,1.3311224E-2,2.5884748E-2,2.1589547E-4,2.0104041E-4,0E0,0E0,0E0,0E0,0E0,0E0],"parents":[2147483647,0,0,1,1,2,2,5,5,6,6,7,7,8,8],"right_children":[2,4,6,-1,-1,8,10,12,14,-1,-1,-1,-1,-1,-1],"split_conditions":[2.0289448E-1,1.0076923E-1,7.992434E-1,-6.8036534E-2,-1.5426493E-2,5.020544E-1,1E0,4.014847E-1,7.002415E-1,1.4915466E-2,6.2322237E-2,-6.5731048E-3,-1.6199112E-3,1.4729818E-3,4.5040133E-3],"split_indices":[0,0,0,0,0,0,0,0,0,0,0,0,0,0,0],"split_type":[0,0,0,0,0,0,0,0,0,0,0,0,0,0,0],"sum_hessian":[9E0,2E0,7E0,1E0,1E0,5E0,2E0,2E0,3E0,1E0,1E0,1E0,1E0,2E0,1E0],"tree_param":{"num_deleted":"0","num_feature":"2","num_nodes":"15","size_leaf_vector":"1"}},{"base_weights":[-1.471262E-2,-5.285991E-1,1.7983389E-1,-6.46347E-2,-1.4655161E-2,-4.807154E-3,4.8917136E-1,-5.1888783E-2,3.1705856E-2,1.4169693E-2,5.920601E-2,-6.244469E-3,-1.5388489E-3,1.3748169E-3,4.278946E-3],"categories":[],"categories_nodes":[],"categories_segments":[],"categories_sizes":[],"default_left":[0,0,0,0,0,0,0,0,0,0,0,0,0,0,0],"id":75,"left_children":[1,3,5,-1,-1,7,9,11,13,-1,-1,-1,-1,-1,-1],"loss_changes":[1.0948083E0,4.0232718E-2,4.5928258E-1,0E0,0E0,1.1959731E-2,2.336061E-2,1.9495189E-4,2.0786701E-4,0E0,0E0,0E0,0E0,0E0,0E0],"parents":[2147483647,0,0,1,1,2,2,5,5,6,6,7,7,8,8],"right_children":[2,4,6,-1,-1,8,10,12,14,-1,-1,-1,-1,-1,-1],"split_conditions":[2.0289448E-1,1.0076923E-1,7.992434E-1,-6.46347E-2,-1.4655161E-2,5.020544E-1,1E0,4.014847E-1,7.002415E-1,1.4169693E-2,5.920601E-2,-6.244469E-3,-1.5388489E-3,1.3748169E-3,4.278946E-3],"split_indices":[0,0,0,0,0,0,0,0,0,0,0,0,0,0,0],"split_type":[0,0,0,0,0,0,0,0,0,0,0,0,0,0,0],"sum_hessian":[9E0,2E0,7E0,1E0,1E0,5E0,2E0,2E0,3E0,1E0,1E0,1E0,1E0,2E0,1E0],"tree_param":{"num_deleted":"0","num_feature":"2","num_nodes":"15","size_leaf_vector":"1"}},{"base_weights":[-1.4045298E-2,-5.021692E-1,1.7075682E-1,-6.1402973E-2,-1.3922405E-2,-4.681269E-3,4.6471405E-1,-4.929479E-2,2.9949188E-2,1.3461304E-2,5.6245804E-2,-5.9322356E-3,-1.4619827E-3,1.2832641E-3,4.0649413E-3],"categories":[],"categories_nodes":[],"categories_segments":[],"categories_sizes":[],"default_left":[0,0,0,0,0,0,0,0,0,0,0,0,0,0,0],"id":76,"left_children":[1,3,5,-1,-1,7,9,11,13,-1,-1,-1,-1,-1,-1],"loss_changes":[9.878121E-1,3.6310017E-2,4.147458E-1,0E0,0E0,1.0746258E-2,2.1081984E-2,1.7583417E-4,2.1096435E-4,0E0,0E0,0E0,0E0,0E0,0E0],"parents":[2147483647,0,0,1,1,2,2,5,5,6,6,7,7,8,8],"right_children":[2,4,6,-1,-1,8,10,12,14,-1,-1,-1,-1,-1,-1],"split_conditions":[2.0289448E-1,1.0076923E-1,7.992434E-1,-6.1402973E-2,-1.3922405E-2,5.020544E-1,1E0,4.014847E-1,7.002415E-1,1.3461304E-2,5.6245804E-2,-5.9322356E-3,-1.4619827E-3,1.2832641E-3,4.0649413E-3],"split_indices":[0,0,0,0,0,0,0,0,0,0,0,0,0,0,0],"split_type":[0,0,0,0,0,0,0,0,0,0,0,0,0,0,0],"sum_hessian":[9E0,2E0,7E0,1E0,1E0,5E0,2E0,2E0,3E0,1E0,1E0,1E0,1E0,2E0,1E0],"tree_param":{"num_deleted":"0","num_feature":"2","num_nodes":"15","size_leaf_vector":"1"}},{"base_weights":[-1.3406659E-2,-4.7706065E-1,1.6213942E-1,-5.8332827E-2,-1.3226271E-2,-4.554113E-3,4.4148E-1,-4.6830494E-2,2.8291702E-2,1.2788392E-2,5.343361E-2,-5.635643E-3,-1.3889313E-3,1.1978149E-3,3.861618E-3],"categories":[],"categories_nodes":[],"categories_segments":[],"categories_sizes":[],"default_left":[0,0,0,0,0,0,0,0,0,0,0,0,0,0,0],"id":77,"left_children":[1,3,5,-1,-1,7,9,11,13,-1,-1,-1,-1,-1,-1],"loss_changes":[8.9127666E-1,3.2769978E-2,3.745247E-1,0E0,0E0,9.656528E-3,1.9024968E-2,1.586345E-4,2.1116529E-4,0E0,0E0,0E0,0E0,0E0,0E0],"parents":[2147483647,0,0,1,1,2,2,5,5,6,6,7,7,8,8],"right_children":[2,4,6,-1,-1,8,10,12,14,-1,-1,-1,-1,-1,-1],"split_conditions":[2.0289448E-1,1.0076923E-1,7.992434E-1,-5.8332827E-2,-1.3226271E-2,5.020544E-1,1E0,4.014847E-1,7.002415E-1,1.2788392E-2,5.343361E-2,-5.635643E-3,-1.3889313E-3,1.1978149E-3,3.861618E-3],"split_indices":[0,0,0,0,0,0,0,0,0,0,0,0,0,0,0],"split_type":[0,0,0,0,0,0,0,0,0,0,0,0,0,0,0],"sum_hessian":[9E0,2E0,7E0,1E0,1E0,5E0,2E0,2E0,3E0,1E0,1E0,1E0,1E0,2E0,1E0],"tree_param":{"num_deleted":"0","num_feature":"2","num_nodes":"15","size_leaf_vector":"1"}},{"base_weights":[-1.2796176E-2,-4.5320752E-1,1.539576E-1,-5.5416185E-2,-1.2564945E-2,-4.4260025E-3,4.194056E-1,-4.4488907E-2,2.6727676E-2,1.2149048E-2,5.0761797E-2,-5.353832E-3,-1.3195038E-3,1.1179607E-3,3.6685944E-3],"categories":[],"categories_nodes":[],"categories_segments":[],"categories_sizes":[],"default_left":[0,0,0,0,0,0,0,0,0,0,0,0,0,0,0],"id":78,"left_children":[1,3,5,-1,-1,7,9,11,13,-1,-1,-1,-1,-1,-1],"loss_changes":[8.0417734E-1,2.957505E-2,3.3819723E-1,0E0,0E0,8.677727E-3,1.7168581E-2,1.4313357E-4,2.0919275E-4,0E0,0E0,0E0,0E0,0E0,0E0],"parents":[2147483647,0,0,1,1,2,2,5,5,6,6,7,7,8,8],"right_children":[2,4,6,-1,-1,8,10,12,14,-1,-1,-1,-1,-1,-1],"split_conditions":[2.0289448E-1,1.0076923E-1,7.992434E-1,-5.5416185E-2,-1.2564945E-2,5.020544E-1,1E0,4.014847E-1,7.002415E-1,1.2149048E-2,5.0761797E-2,-5.353832E-3,-1.3195038E-3,1.1179607E-3,3.6685944E-3],"split_indices":[0,0,0,0,0,0,0,0,0,0,0,0,0,0,0],"split_type":[0,0,0,0,0,0,0,0,0,0,0,0,0,0,0],"sum_hessian":[9E0,2E0,7E0,1E0,1E0,5E0,2E0,2E0,3E0,1E0,1E0,1E0,1E0,2E0,1E0],"tree_param":{"num_deleted":"0","num_feature":"2","num_nodes":"15","size_leaf_vector":"1"}},{"base_weights":[-1.221242E-2,-4.3054724E-1,1.4618969E-1,-5.2645374E-2,-1.1936712E-2,-4.299164E-3,3.984375E-1,-4.22643E-2,2.5249481E-2,1.1541748E-2,4.822388E-2,-5.086136E-3,-1.2535095E-3,1.0431926E-3,3.4851076E-3],"categories":[],"categories_nodes":[],"categories_segments":[],"categories_sizes":[],"default_left":[0,0,0,0,0,0,0,0,0,0,0,0,0,0,0],"id":79,"left_children":[1,3,5,-1,-1,7,9,11,13,-1,-1,-1,-1,-1,-1],"loss_changes":[7.2559273E-1,2.6691318E-2,3.053968E-1,0E0,0E0,7.798062E-3,1.5493512E-2,1.2919912E-4,2.0552473E-4,0E0,0E0,0E0,0E0,0E0,0E0],"parents":[2147483647,0,0,1,1,2,2,5,5,6,6,7,7,8,8],"right_children":[2,4,6,-1,-1,8,10,12,14,-1,-1,-1,-1,-1,-1],"split_conditions":[2.0289448E-1,1.0076923E-1,7.992434E-1,-5.2645374E-2,-1.1936712E-2,5.020544E-1,1E0,4.014847E-1,7.002415E-1,1.1541748E-2,4.822388E-2,-5.086136E-3,-1.2535095E-3,1.0431926E-3,3.4851076E-3],"split_indices":[0,0,0,0,0,0,0,0,0,0,0,0,0,0,0],"split_type":[0,0,0,0,0,0,0,0,0,0,0,0,0,0,0],"sum_hessian":[9E0,2E0,7E0,1E0,1E0,5E0,2E0,2E0,3E0,1E0,1E0,1E0,1E0,2E0,1E0],"tree_param":{"num_deleted":"0","num_feature":"2","num_nodes":"15","size_leaf_vector":"1"}},{"base_weights":[-1.1654556E-2,-4.0901974E-1,1.3881421E-1,-5.0013106E-2,-1.1339855E-2,-4.1716895E-3,3.7851462E-1,-4.0150326E-2,2.385521E-2,1.0964585E-2,4.5812607E-2,-4.831791E-3,-1.1907577E-3,9.7351073E-4,3.3107758E-3],"categories":[],"categories_nodes":[],"categories_segments":[],"categories_sizes":[],"default_left":[0,0,0,0,0,0,0,0,0,0,0,0,0,0,0],"id":80,"left_children":[1,3,5,-1,-1,7,9,11,13,-1,-1,-1,-1,-1,-1],"loss_changes":[6.5468824E-1,2.4089217E-2,2.757693E-1,0E0,0E0,7.008012E-3,1.3983458E-2,1.1667563E-4,2.0027999E-4,0E0,0E0,0E0,0E0,0E0,0E0],"parents":[2147483647,0,0,1,1,2,2,5,5,6,6,7,7,8,8],"right_children":[2,4,6,-1,-1,8,10,12,14,-1,-1,-1,-1,-1,-1],"split_conditions":[2.0289448E-1,1.0076923E-1,7.992434E-1,-5.0013106E-2,-1.1339855E-2,5.020544E-1,1E0,4.014847E-1,7.002415E-1,1.0964585E-2,4.5812607E-2,-4.831791E-3,-1.1907577E-3,9.7351073E-4,3.3107758E-3],"split_indices":[0,0,0,0,0,0,0,0,0,0,0,0,0,0,0],"split_type":[0,0,0,0,0,0,0,0,0,0,0,0,0,0,0],"sum_hessian":[9E0,2E0,7E0,1E0,1E0,5E0,2E0,2E0,3E0,1E0,1E0,1E0,1E0,2E0,1E0],"tree_param":{"num_deleted":"0","num_feature":"2","num_nodes":"15","size_leaf_vector":"1"}},{"base_weights":[-1.1121303E-2,-3.8856867E-1,1.3181162E-1,-4.7512453E-2,-1.07728485E-2,-4.0454865E-3,3.5958862E-1,-3.8143158E-2,2.2539139E-2,1.0416413E-2,4.352188E-2,-4.5902254E-3,-1.1312485E-3,4.573822E-4,2.700297E-3],"categories":[],"categories_nodes":[],"categories_segments":[],"categories_sizes":[],"default_left":[0,0,0,0,0,0,0,0,0,0,0,0,0,0,0],"id":81,"left_children":[1,3,5,-1,-1,7,9,11,13,-1,-1,-1,-1,-1,-1],"loss_changes":[5.907144E-1,2.1740645E-2,2.4901569E-1,0E0,0E0,6.298557E-3,1.2619227E-2,1.05276704E-4,1.9726972E-4,0E0,0E0,0E0,0E0,0E0,0E0],"parents":[2147483647,0,0,1,1,2,2,5,5,6,6,7,7,8,8],"right_children":[2,4,6,-1,-1,8,10,12,14,-1,-1,-1,-1,-1,-1],"split_conditions":[2.0289448E-1,1.0076923E-1,7.992434E-1,-4.7512453E-2,-1.07728485E-2,5.020544E-1,1E0,4.014847E-1,6.000464E-1,1.0416413E-2,4.352188E-2,-4.5902254E-3,-1.1312485E-3,4.573822E-4,2.700297E-3],"split_indices":[0,0,0,0,0,0,0,0,0,0,0,0,0,0,0],"split_type":[0,0,0,0,0,0,0,0,0,0,0,0,0,0,0],"sum_hessian":[9E0,2E0,7E0,1E0,1E0,5E0,2E0,2E0,3E0,1E0,1E0,1E0,1E0,1E0,2E0],"tree_param":{"num_deleted":"0","num_feature":"2","num_nodes":"15","size_leaf_vector":"1"}},{"base_weights":[-1.0699546E-2,-3.6914027E-1,1.2505317E-1,-4.5136828E-2,-1.0234213E-2,-4.0680566E-3,3.4161124E-1,-3.6235172E-2,2.1074295E-2,9.895707E-3,4.134598E-2,-4.360676E-3,-1.0746003E-3,8.031209E-4,3.0101778E-3],"categories":[],"categories_nodes":[],"categories_segments":[],"categories_sizes":[],"default_left":[0,0,0,0,0,0,0,0,0,0,0,0,0,0,0],"id":82,"left_children":[1,3,5,-1,-1,7,9,11,13,-1,-1,-1,-1,-1,-1],"loss_changes":[5.3275514E-1,1.9620836E-2,2.2508761E-1,0E0,0E0,5.6161727E-3,1.1388302E-2,9.5088966E-5,2.2923108E-4,0E0,0E0,0E0,0E0,0E0,0E0],"parents":[2147483647,0,0,1,1,2,2,5,5,6,6,7,7,8,8],"right_children":[2,4,6,-1,-1,8,10,12,14,-1,-1,-1,-1,-1,-1],"split_conditions":[2.0289448E-1,1.0076923E-1,7.992434E-1,-4.5136828E-2,-1.0234213E-2,5.020544E-1,1E0,4.014847E-1,7.002415E-1,9.895707E-3,4.134598E-2,-4.360676E-3,-1.0746003E-3,8.031209E-4,3.0101778E-3],"split_indices":[0,0,0,0,0,0,0,0,0,0,0,0,0,0,0],"split_type":[0,0,0,0,0,0,0,0,0,0,0,0,0,0,0],"sum_hessian":[9E0,2E0,7E0,1E0,1E0,5E0,2E0,2E0,3E0,1E0,1E0,1E0,1E0,2E0,1E0],"tree_param":{"num_deleted":"0","num_feature":"2","num_nodes":"15","size_leaf_vector":"1"}},{"base_weights":[-1.0204363E-2,-3.5068336E-1,1.1875081E-1,-4.2879988E-2,-9.722519E-3,-3.9313636E-3,3.2453156E-1,-3.442319E-2,1.992035E-2,9.4009405E-3,3.9278794E-2,-4.142666E-3,-1.020813E-3,7.497152E-4,2.8594972E-3],"categories":[],"categories_nodes":[],"categories_segments":[],"categories_sizes":[],"default_left":[0,0,0,0,0,0,0,0,0,0,0,0,0,0,0],"id":83,"left_children":[1,3,5,-1,-1,7,9,11,13,-1,-1,-1,-1,-1,-1],"loss_changes":[4.8070925E-1,1.7707616E-2,2.032409E-1,0E0,0E0,5.049416E-3,1.0278046E-2,8.587935E-5,2.1668535E-4,0E0,0E0,0E0,0E0,0E0,0E0],"parents":[2147483647,0,0,1,1,2,2,5,5,6,6,7,7,8,8],"right_children":[2,4,6,-1,-1,8,10,12,14,-1,-1,-1,-1,-1,-1],"split_conditions":[2.0289448E-1,1.0076923E-1,7.992434E-1,-4.2879988E-2,-9.722519E-3,5.020544E-1,1E0,4.014847E-1,7.002415E-1,9.4009405E-3,3.9278794E-2,-4.142666E-3,-1.020813E-3,7.497152E-4,2.8594972E-3],"split_indices":[0,0,0,0,0,0,0,0,0,0,0,0,0,0,0],"split_type":[0,0,0,0,0,0,0,0,0,0,0,0,0,0,0],"sum_hessian":[9E0,2E0,7E0,1E0,1E0,5E0,2E0,2E0,3E0,1E0,1E0,1E0,1E0,2E0,1E0],"tree_param":{"num_deleted":"0","num_feature":"2","num_nodes":"15","size_leaf_vector":"1"}},{"base_weights":[-9.730774E-3,-3.3314914E-1,1.1276746E-1,-4.0735986E-2,-9.236383E-3,-3.7965775E-3,3.0830637E-1,-3.2701492E-2,1.8831253E-2,8.930969E-3,3.731499E-2,-3.935528E-3,-9.6969603E-4,6.9986976E-4,2.716446E-3],"categories":[],"categories_nodes":[],"categories_segments":[],"categories_sizes":[],"default_left":[0,0,0,0,0,0,0,0,0,0,0,0,0,0,0],"id":84,"left_children":[1,3,5,-1,-1,7,9,11,13,-1,-1,-1,-1,-1,-1],"loss_changes":[4.3375015E-1,1.5981227E-2,1.8351296E-1,0E0,0E0,4.540143E-3,9.275645E-3,7.757475E-5,2.0429667E-4,0E0,0E0,0E0,0E0,0E0,0E0],"parents":[2147483647,0,0,1,1,2,2,5,5,6,6,7,7,8,8],"right_children":[2,4,6,-1,-1,8,10,12,14,-1,-1,-1,-1,-1,-1],"split_conditions":[2.0289448E-1,1.0076923E-1,7.992434E-1,-4.0735986E-2,-9.236383E-3,5.020544E-1,1E0,4.014847E-1,7.002415E-1,8.930969E-3,3.731499E-2,-3.935528E-3,-9.6969603E-4,6.9986976E-4,2.716446E-3],"split_indices":[0,0,0,0,0,0,0,0,0,0,0,0,0,0,0],"split_type":[0,0,0,0,0,0,0,0,0,0,0,0,0,0,0],"sum_hessian":[9E0,2E0,7E0,1E0,1E0,5E0,2E0,2E0,3E0,1E0,1E0,1E0,1E0,2E0,1E0],"tree_param":{"num_deleted":"0","num_feature":"2","num_nodes":"15","size_leaf_vector":"1"}},{"base_weights":[-9.280091E-3,-3.164917E-1,1.07084274E-1,-3.869919E-2,-8.774566E-3,-3.665924E-3,2.9288992E-1,-3.1066895E-2,1.7801285E-2,8.484269E-3,3.5449218E-2,-3.738785E-3,-9.212494E-4,6.5307616E-4,2.5806427E-3],"categories":[],"categories_nodes":[],"categories_segments":[],"categories_sizes":[],"default_left":[0,0,0,0,0,0,0,0,0,0,0,0,0,0,0],"id":85,"left_children":[1,3,5,-1,-1,7,9,11,13,-1,-1,-1,-1,-1,-1],"loss_changes":[3.913761E-1,1.4423043E-2,1.6569783E-1,0E0,0E0,4.082365E-3,8.372456E-3,6.998656E-5,1.9235292E-4,0E0,0E0,0E0,0E0,0E0,0E0],"parents":[2147483647,0,0,1,1,2,2,5,5,6,6,7,7,8,8],"right_children":[2,4,6,-1,-1,8,10,12,14,-1,-1,-1,-1,-1,-1],"split_conditions":[2.0289448E-1,1.0076923E-1,7.992434E-1,-3.869919E-2,-8.774566E-3,5.020544E-1,1E0,4.014847E-1,7.002415E-1,8.484269E-3,3.5449218E-2,-3.738785E-3,-9.212494E-4,6.5307616E-4,2.5806427E-3],"split_indices":[0,0,0,0,0,0,0,0,0,0,0,0,0,0,0],"split_type":[0,0,0,0,0,0,0,0,0,0,0,0,0,0,0],"sum_hessian":[9E0,2E0,7E0,1E0,1E0,5E0,2E0,2E0,3E0,1E0,1E0,1E0,1E0,2E0,1E0],"tree_param":{"num_deleted":"0","num_feature":"2","num_nodes":"15","size_leaf_vector":"1"}},{"base_weights":[-8.848643E-3,-3.0066705E-1,1.0168934E-1,-3.676423E-2,-8.335829E-3,-3.5374959E-3,2.7824655E-1,-2.951304E-2,1.6828537E-2,8.060074E-3,3.367691E-2,-3.5518648E-3,-8.750916E-4,6.093343E-4,2.451706E-3],"categories":[],"categories_nodes":[],"categories_segments":[],"categories_sizes":[],"default_left":[0,0,0,0,0,0,0,0,0,0,0,0,0,0,0],"id":86,"left_children":[1,3,5,-1,-1,7,9,11,13,-1,-1,-1,-1,-1,-1],"loss_changes":[3.531448E-1,1.301688E-2,1.4961275E-1,0E0,0E0,3.6707744E-3,7.556379E-3,6.324635E-5,1.8076028E-4,0E0,0E0,0E0,0E0,0E0,0E0],"parents":[2147483647,0,0,1,1,2,2,5,5,6,6,7,7,8,8],"right_children":[2,4,6,-1,-1,8,10,12,14,-1,-1,-1,-1,-1,-1],"split_conditions":[2.0289448E-1,1.0076923E-1,7.992434E-1,-3.676423E-2,-8.335829E-3,5.020544E-1,1E0,4.014847E-1,7.002415E-1,8.060074E-3,3.367691E-2,-3.5518648E-3,-8.750916E-4,6.093343E-4,2.451706E-3],"split_indices":[0,0,0,0,0,0,0,0,0,0,0,0,0,0,0],"split_type":[0,0,0,0,0,0,0,0,0,0,0,0,0,0,0],"sum_hessian":[9E0,2E0,7E0,1E0,1E0,5E0,2E0,2E0,3E0,1E0,1E0,1E0,1E0,2E0,1E0],"tree_param":{"num_deleted":"0","num_feature":"2","num_nodes":"15","size_leaf_vector":"1"}},{"base_weights":[-8.436364E-3,-2.8563362E-1,9.6567154E-2,-3.492602E-2,-7.919026E-3,-3.4116108E-3,2.6433563E-1,-2.8038025E-2,1.5911102E-2,7.657242E-3,3.1993102E-2,-3.3742904E-3,-8.3141326E-4,5.686442E-4,2.3292543E-3],"categories":[],"categories_nodes":[],"categories_segments":[],"categories_sizes":[],"default_left":[0,0,0,0,0,0,0,0,0,0,0,0,0,0,0],"id":87,"left_children":[1,3,5,-1,-1,7,9,11,13,-1,-1,-1,-1,-1,-1],"loss_changes":[3.186497E-1,1.1747852E-2,1.350881E-1,0E0,0E0,3.3012107E-3,6.8184286E-3,5.7024183E-5,1.6943924E-4,0E0,0E0,0E0,0E0,0E0,0E0],"parents":[2147483647,0,0,1,1,2,2,5,5,6,6,7,7,8,8],"right_children":[2,4,6,-1,-1,8,10,12,14,-1,-1,-1,-1,-1,-1],"split_conditions":[2.0289448E-1,1.0076923E-1,7.992434E-1,-3.492602E-2,-7.919026E-3,5.020544E-1,1E0,4.014847E-1,7.002415E-1,7.657242E-3,3.1993102E-2,-3.3742904E-3,-8.3141326E-4,5.686442E-4,2.3292543E-3],"split_indices":[0,0,0,0,0,0,0,0,0,0,0,0,0,0,0],"split_type":[0,0,0,0,0,0,0,0,0,0,0,0,0,0,0],"sum_hessian":[9E0,2E0,7E0,1E0,1E0,5E0,2E0,2E0,3E0,1E0,1E0,1E0,1E0,2E0,1E0],"tree_param":{"num_deleted":"0","num_feature":"2","num_nodes":"15","size_leaf_vector":"1"}},{"base_weights":[-8.043396E-3,-2.7135184E-1,9.17027E-2,-3.317972E-2,-7.52306E-3,-3.2892227E-3,2.51119E-1,-2.6636124E-2,1.5043259E-2,7.2742463E-3,3.03936E-2,-3.2055855E-3,-7.898331E-4,5.3049723E-4,2.212906E-3],"categories":[],"categories_nodes":[],"categories_segments":[],"categories_sizes":[],"default_left":[0,0,0,0,0,0,0,0,0,0,0,0,0,0,0],"id":88,"left_children":[1,3,5,-1,-1,7,9,11,13,-1,-1,-1,-1,-1,-1],"loss_changes":[2.8752363E-1,1.0602534E-2,1.2197205E-1,0E0,0E0,2.968734E-3,6.154895E-3,5.14735E-5,1.5862018E-4,0E0,0E0,0E0,0E0,0E0,0E0],"parents":[2147483647,0,0,1,1,2,2,5,5,6,6,7,7,8,8],"right_children":[2,4,6,-1,-1,8,10,12,14,-1,-1,-1,-1,-1,-1],"split_conditions":[2.0289448E-1,1.0076923E-1,7.992434E-1,-3.317972E-2,-7.52306E-3,5.020544E-1,1E0,4.014847E-1,7.002415E-1,7.2742463E-3,3.03936E-2,-3.2055855E-3,-7.898331E-4,5.3049723E-4,2.212906E-3],"split_indices":[0,0,0,0,0,0,0,0,0,0,0,0,0,0,0],"split_type":[0,0,0,0,0,0,0,0,0,0,0,0,0,0,0],"sum_hessian":[9E0,2E0,7E0,1E0,1E0,5E0,2E0,2E0,3E0,1E0,1E0,1E0,1E0,2E0,1E0],"tree_param":{"num_deleted":"0","num_feature":"2","num_nodes":"15","size_leaf_vector":"1"}},{"base_weights":[-7.6682745E-3,-2.5778443E-1,8.708382E-2,-3.1520735E-2,-7.146931E-3,-3.1700134E-3,2.3856354E-1,-2.530416E-2,1.4223099E-2,6.9107055E-3,2.8873825E-2,-3.0452728E-3,-7.5035094E-4,4.948934E-4,2.1022798E-3],"categories":[],"categories_nodes":[],"categories_segments":[],"categories_sizes":[],"default_left":[0,0,0,0,0,0,0,0,0,0,0,0,0,0,0],"id":89,"left_children":[1,3,5,-1,-1,7,9,11,13,-1,-1,-1,-1,-1,-1],"loss_changes":[2.594391E-1,9.568632E-3,1.10129245E-1,0E0,0E0,2.6697936E-3,5.5534393E-3,4.644133E-5,1.4820561E-4,0E0,0E0,0E0,0E0,0E0,0E0],"parents":[2147483647,0,0,1,1,2,2,5,5,6,6,7,7,8,8],"right_children":[2,4,6,-1,-1,8,10,12,14,-1,-1,-1,-1,-1,-1],"split_conditions":[2.0289448E-1,1.0076923E-1,7.992434E-1,-3.1520735E-2,-7.146931E-3,5.020544E-1,1E0,4.014847E-1,7.002415E-1,6.9107055E-3,2.8873825E-2,-3.0452728E-3,-7.5035094E-4,4.948934E-4,2.1022798E-3],"split_indices":[0,0,0,0,0,0,0,0,0,0,0,0,0,0,0],"split_type":[0,0,0,0,0,0,0,0,0,0,0,0,0,0,0],"sum_hessian":[9E0,2E0,7E0,1E0,1E0,5E0,2E0,2E0,3E0,1E0,1E0,1E0,1E0,2E0,1E0],"tree_param":{"num_deleted":"0","num_feature":"2","num_nodes":"15","size_leaf_vector":"1"}},{"base_weights":[-7.310468E-3,-2.4489523E-1,8.269763E-2,-2.9944697E-2,-6.789589E-3,-3.0533473E-3,2.2663371E-1,-2.4038315E-2,1.3448715E-2,6.565094E-3,2.7429963E-2,-2.892971E-3,-7.127762E-4,4.6183268E-4,1.996994E-3],"categories":[],"categories_nodes":[],"categories_segments":[],"categories_sizes":[],"default_left":[0,0,0,0,0,0,0,0,0,0,0,0,0,0,0],"id":90,"left_children":[1,3,5,-1,-1,7,9,11,13,-1,-1,-1,-1,-1,-1],"loss_changes":[2.340978E-1,8.635655E-3,9.9433266E-2,0E0,0E0,2.401056E-3,5.0121546E-3,4.194444E-5,1.3811205E-4,0E0,0E0,0E0,0E0,0E0,0E0],"parents":[2147483647,0,0,1,1,2,2,5,5,6,6,7,7,8,8],"right_children":[2,4,6,-1,-1,8,10,12,14,-1,-1,-1,-1,-1,-1],"split_conditions":[2.0289448E-1,1.0076923E-1,7.992434E-1,-2.9944697E-2,-6.789589E-3,5.020544E-1,1E0,4.014847E-1,7.002415E-1,6.565094E-3,2.7429963E-2,-2.892971E-3,-7.127762E-4,4.6183268E-4,1.996994E-3],"split_indices":[0,0,0,0,0,0,0,0,0,0,0,0,0,0,0],"split_type":[0,0,0,0,0,0,0,0,0,0,0,0,0,0,0],"sum_hessian":[9E0,2E0,7E0,1E0,1E0,5E0,2E0,2E0,3E0,1E0,1E0,1E0,1E0,2E0,1E0],"tree_param":{"num_deleted":"0","num_feature":"2","num_nodes":"15","size_leaf_vector":"1"}},{"base_weights":[-6.96826E-3,-2.326506E-1,7.853365E-2,-2.8447462E-2,-6.4501287E-3,-2.9404957E-3,2.1530406E-1,-2.283605E-2,1.2716293E-2,6.23703E-3,2.6058579E-2,-2.7482987E-3,-6.7710876E-4,4.308065E-4,1.897049E-3],"categories":[],"categories_nodes":[],"categories_segments":[],"categories_sizes":[],"default_left":[0,0,0,0,0,0,0,0,0,0,0,0,0,0,0],"id":91,"left_children":[1,3,5,-1,-1,7,9,11,13,-1,-1,-1,-1,-1,-1],"loss_changes":[2.112336E-1,7.7935606E-3,8.977912E-2,0E0,0E0,2.159393E-3,4.5224875E-3,3.786874E-5,1.2862071E-4,0E0,0E0,0E0,0E0,0E0,0E0],"parents":[2147483647,0,0,1,1,2,2,5,5,6,6,7,7,8,8],"right_children":[2,4,6,-1,-1,8,10,12,14,-1,-1,-1,-1,-1,-1],"split_conditions":[2.0289448E-1,1.0076923E-1,7.992434E-1,-2.8447462E-2,-6.4501287E-3,5.020544E-1,1E0,4.014847E-1,7.002415E-1,6.23703E-3,2.6058579E-2,-2.7482987E-3,-6.7710876E-4,4.308065E-4,1.897049E-3],"split_indices":[0,0,0,0,0,0,0,0,0,0,0,0,0,0,0],"split_type":[0,0,0,0,0,0,0,0,0,0,0,0,0,0,0],"sum_hessian":[9E0,2E0,7E0,1E0,1E0,5E0,2E0,2E0,3E0,1E0,1E0,1E0,1E0,2E0,1E0],"tree_param":{"num_deleted":"0","num_feature":"2","num_nodes":"15","size_leaf_vector":"1"}},{"base_weights":[-6.641501E-3,-2.2101821E-1,7.4579954E-2,-2.7025089E-2,-6.127644E-3,-2.8282802E-3,2.0453644E-1,-2.1693548E-2,1.20277405E-2,5.924988E-3,2.4755478E-2,-2.6108741E-3,-6.43158E-4,4.023234E-4,1.802063E-3],"categories":[],"categories_nodes":[],"categories_segments":[],"categories_sizes":[],"default_left":[0,0,0,0,0,0,0,0,0,0,0,0,0,0,0],"id":92,"left_children":[1,3,5,-1,-1,7,9,11,13,-1,-1,-1,-1,-1,-1],"loss_changes":[1.9060342E-1,7.033527E-3,8.10561E-2,0E0,0E0,1.9425012E-3,4.082367E-3,3.4233206E-5,1.19379256E-4,0E0,0E0,0E0,0E0,0E0,0E0],"parents":[2147483647,0,0,1,1,2,2,5,5,6,6,7,7,8,8],"right_children":[2,4,6,-1,-1,8,10,12,14,-1,-1,-1,-1,-1,-1],"split_conditions":[2.0289448E-1,1.0076923E-1,7.992434E-1,-2.7025089E-2,-6.127644E-3,5.020544E-1,1E0,4.014847E-1,7.002415E-1,5.924988E-3,2.4755478E-2,-2.6108741E-3,-6.43158E-4,4.023234E-4,1.802063E-3],"split_indices":[0,0,0,0,0,0,0,0,0,0,0,0,0,0,0],"split_type":[0,0,0,0,0,0,0,0,0,0,0,0,0,0,0],"sum_hessian":[9E0,2E0,7E0,1E0,1E0,5E0,2E0,2E0,3E0,1E0,1E0,1E0,1E0,2E0,1E0],"tree_param":{"num_deleted":"0","num_feature":"2","num_nodes":"15","size_leaf_vector":"1"}},{"base_weights":[-6.3301385E-3,-2.0996739E-1,7.08251E-2,-2.5673835E-2,-5.821276E-3,-2.720515E-3,1.9430797E-1,-2.0608267E-2,1.1375427E-2,5.628586E-3,2.3517609E-2,-2.4803162E-3,-6.109238E-4,3.7536622E-4,1.7120362E-3],"categories":[],"categories_nodes":[],"categories_segments":[],"categories_sizes":[],"default_left":[0,0,0,0,0,0,0,0,0,0,0,0,0,0,0],"id":93,"left_children":[1,3,5,-1,-1,7,9,11,13,-1,-1,-1,-1,-1,-1],"loss_changes":[1.7198777E-1,6.347671E-3,7.318161E-2,0E0,0E0,1.7472961E-3,3.68502E-3,3.093737E-5,1.108821E-4,0E0,0E0,0E0,0E0,0E0,0E0],"parents":[2147483647,0,0,1,1,2,2,5,5,6,6,7,7,8,8],"right_children":[2,4,6,-1,-1,8,10,12,14,-1,-1,-1,-1,-1,-1],"split_conditions":[2.0289448E-1,1.0076923E-1,7.992434E-1,-2.5673835E-2,-5.821276E-3,5.020544E-1,1E0,4.014847E-1,7.002415E-1,5.628586E-3,2.3517609E-2,-2.4803162E-3,-6.109238E-4,3.7536622E-4,1.7120362E-3],"split_indices":[0,0,0,0,0,0,0,0,0,0,0,0,0,0,0],"split_type":[0,0,0,0,0,0,0,0,0,0,0,0,0,0,0],"sum_hessian":[9E0,2E0,7E0,1E0,1E0,5E0,2E0,2E0,3E0,1E0,1E0,1E0,1E0,2E0,1E0],"tree_param":{"num_deleted":"0","num_feature":"2","num_nodes":"15","size_leaf_vector":"1"}},{"base_weights":[-6.0317367E-3,-1.9946904E-1,6.726122E-2,-2.4390142E-2,-5.5302144E-3,-2.614975E-3,1.845932E-1,-1.9578299E-2,1.0761261E-2,5.3470614E-3,2.234192E-2,-2.3563385E-3,-5.804062E-4,9.498596E-5,1.3715108E-2,4.3067933E-4,1.6265869E-3],"categories":[],"categories_nodes":[],"categories_segments":[],"categories_sizes":[],"default_left":[0,0,0,0,0,0,0,0,0,0,0,0,0,0,0,0,0],"id":94,"left_children":[1,3,5,-1,-1,7,9,11,13,-1,-1,-1,-1,-1,15,-1,-1],"loss_changes":[1.5519245E-1,5.7287663E-3,6.607241E-2,0E0,0E0,1.5721197E-3,3.3265278E-3,2.7911272E-5,1.0289805E-4,0E0,0E0,0E0,0E0,0E0,1.941342E-6,0E0,0E0],"parents":[2147483647,0,0,1,1,2,2,5,5,6,6,7,7,8,8,14,14],"right_children":[2,4,6,-1,-1,8,10,12,14,-1,-1,-1,-1,-1,16,-1,-1],"split_conditions":[2.0289448E-1,1.0076923E-1,7.992434E-1,-2.4390142E-2,-5.5302144E-3,5.020544E-1,1E0,4.014847E-1,6.000464E-1,5.3470614E-3,2.234192E-2,-2.3563385E-3,-5.804062E-4,9.498596E-5,7.002415E-1,4.3067933E-4,1.6265869E-3],"split_indices":[0,0,0,0,0,0,0,0,0,0,0,0,0,0,0,0,0],"split_type":[0,0,0,0,0,0,0,0,0,0,0,0,0,0,0,0,0],"sum_hessian":[9E0,2E0,7E0,1E0,1E0,5E0,2E0,2E0,3E0,1E0,1E0,1E0,1E0,1E0,2E0,1E0,1E0],"tree_param":{"num_deleted":"0","num_feature":"2","num_nodes":"17","size_leaf_vector":"1"}},{"base_weights":[-5.7292404E-3,-1.8949555E-1,6.389928E-2,-2.3170635E-2,-5.2536963E-3,-2.48305E-3,1.7536418E-1,-1.8599829E-2,1.0225296E-2,5.079651E-3,2.1224976E-2,-2.2385598E-3,-5.514145E-4,9.040833E-5,1.3031006E-2,4.0931703E-4,1.5453339E-3],"categories":[],"categories_nodes":[],"categories_segments":[],"categories_sizes":[],"default_left":[0,0,0,0,0,0,0,0,0,0,0,0,0,0,0,0,0],"id":95,"left_children":[1,3,5,-1,-1,7,9,11,13,-1,-1,-1,-1,-1,15,-1,-1],"loss_changes":[1.4006238E-1,5.1702484E-3,5.962984E-2,0E0,0E0,1.4190944E-3,3.0026957E-3,2.518075E-5,9.2829345E-5,0E0,0E0,0E0,0E0,0E0,1.6980921E-6,0E0,0E0],"parents":[2147483647,0,0,1,1,2,2,5,5,6,6,7,7,8,8,14,14],"right_children":[2,4,6,-1,-1,8,10,12,14,-1,-1,-1,-1,-1,16,-1,-1],"split_conditions":[2.0289448E-1,1.0076923E-1,7.992434E-1,-2.3170635E-2,-5.2536963E-3,5.020544E-1,1E0,4.014847E-1,6.000464E-1,5.079651E-3,2.1224976E-2,-2.2385598E-3,-5.514145E-4,9.040833E-5,7.002415E-1,4.0931703E-4,1.5453339E-3],"split_indices":[0,0,0,0,0,0,0,0,0,0,0,0,0,0,0,0,0],"split_type":[0,0,0,0,0,0,0,0,0,0,0,0,0,0,0,0,0],"sum_hessian":[9E0,2E0,7E0,1E0,1E0,5E0,2E0,2E0,3E0,1E0,1E0,1E0,1E0,1E0,2E0,1E0,1E0],"tree_param":{"num_deleted":"0","num_feature":"2","num_nodes":"17","size_leaf_vector":"1"}},{"base_weights":[-5.4434063E-3,-1.8002073E-1,6.0703516E-2,-2.2012103E-2,-4.991007E-3,-2.359708E-3,1.6659546E-1,-1.7669043E-2,9.712219E-3,4.825592E-3,2.0163728E-2,-2.1265985E-3,-5.2375795E-4,8.583069E-5,1.2377421E-2,3.8871766E-4,1.4678956E-3],"categories":[],"categories_nodes":[],"categories_segments":[],"categories_sizes":[],"default_left":[0,0,0,0,0,0,0,0,0,0,0,0,0,0,0,0,0],"id":96,"left_children":[1,3,5,-1,-1,7,9,11,13,-1,-1,-1,-1,-1,15,-1,-1],"loss_changes":[1.2640542E-1,4.6661794E-3,5.3816214E-2,0E0,0E0,1.2804847E-3,2.7103052E-3,2.2763445E-5,8.376621E-5,0E0,0E0,0E0,0E0,0E0,1.5620899E-6,0E0,0E0],"parents":[2147483647,0,0,1,1,2,2,5,5,6,6,7,7,8,8,14,14],"right_children":[2,4,6,-1,-1,8,10,12,14,-1,-1,-1,-1,-1,16,-1,-1],"split_conditions":[2.0289448E-1,1.0076923E-1,7.992434E-1,-2.2012103E-2,-4.991007E-3,5.020544E-1,1E0,4.014847E-1,6.000464E-1,4.825592E-3,2.0163728E-2,-2.1265985E-3,-5.2375795E-4,8.583069E-5,7.002415E-1,3.8871766E-4,1.4678956E-3],"split_indices":[0,0,0,0,0,0,0,0,0,0,0,0,0,0,0,0,0],"split_type":[0,0,0,0,0,0,0,0,0,0,0,0,0,0,0,0,0],"sum_hessian":[9E0,2E0,7E0,1E0,1E0,5E0,2E0,2E0,3E0,1E0,1E0,1E0,1E0,1E0,2E0,1E0,1E0],"tree_param":{"num_deleted":"0","num_feature":"2","num_nodes":"17","size_leaf_vector":"1"}},{"base_weights":[-5.1706196E-3,-1.7101984E-1,5.7669163E-2,-2.0911498E-2,-4.7414782E-3,-2.2411346E-3,1.5826671E-1,-1.678594E-2,9.227753E-3,4.5845034E-3,1.9155502E-2,-2.0202638E-3,-4.9762725E-4,8.163452E-5,1.175944E-2,3.692627E-4,1.3946533E-3],"categories":[],"categories_nodes":[],"categories_segments":[],"categories_sizes":[],"default_left":[0,0,0,0,0,0,0,0,0,0,0,0,0,0,0,0,0],"id":97,"left_children":[1,3,5,-1,-1,7,9,11,13,-1,-1,-1,-1,-1,15,-1,-1],"loss_changes":[1.1408185E-1,4.211113E-3,4.856932E-2,0E0,0E0,1.1557728E-3,2.4451464E-3,2.0516338E-5,7.5580465E-5,0E0,0E0,0E0,0E0,0E0,1.42926E-6,0E0,0E0],"parents":[2147483647,0,0,1,1,2,2,5,5,6,6,7,7,8,8,14,14],"right_children":[2,4,6,-1,-1,8,10,12,14,-1,-1,-1,-1,-1,16,-1,-1],"split_conditions":[2.0289448E-1,1.0076923E-1,7.992434E-1,-2.0911498E-2,-4.7414782E-3,5.020544E-1,1E0,4.014847E-1,6.000464E-1,4.5845034E-3,1.9155502E-2,-2.0202638E-3,-4.9762725E-4,8.163452E-5,7.002415E-1,3.692627E-4,1.3946533E-3],"split_indices":[0,0,0,0,0,0,0,0,0,0,0,0,0,0,0,0,0],"split_type":[0,0,0,0,0,0,0,0,0,0,0,0,0,0,0,0,0],"sum_hessian":[9E0,2E0,7E0,1E0,1E0,5E0,2E0,2E0,3E0,1E0,1E0,1E0,1E0,1E0,2E0,1E0,1E0],"tree_param":{"num_deleted":"0","num_feature":"2","num_nodes":"17","size_leaf_vector":"1"}},{"base_weights":[-4.9126237E-3,-1.6246878E-1,5.4785013E-2,-1.9865923E-2,-4.5043947E-3,-2.1295547E-3,1.5035248E-1,-1.5947342E-2,8.766174E-3,4.35524E-3,1.8197631E-2,-1.9192696E-3,-4.7283174E-4,7.743836E-5,1.1171977E-2,3.5095215E-4,1.3248444E-3],"categories":[],"categories_nodes":[],"categories_segments":[],"categories_sizes":[],"default_left":[0,0,0,0,0,0,0,0,0,0,0,0,0,0,0,0,0],"id":98,"left_children":[1,3,5,-1,-1,7,9,11,13,-1,-1,-1,-1,-1,15,-1,-1],"loss_changes":[1.0295815E-1,3.8005784E-3,4.3833636E-2,0E0,0E0,1.0431265E-3,2.2067726E-3,1.8479943E-5,6.825526E-5,0E0,0E0,0E0,0E0,0E0,1.2368255E-6,0E0,0E0],"parents":[2147483647,0,0,1,1,2,2,5,5,6,6,7,7,8,8,14,14],"right_children":[2,4,6,-1,-1,8,10,12,14,-1,-1,-1,-1,-1,16,-1,-1],"split_conditions":[2.0289448E-1,1.0076923E-1,7.992434E-1,-1.9865923E-2,-4.5043947E-3,5.020544E-1,1E0,4.014847E-1,6.000464E-1,4.35524E-3,1.8197631E-2,-1.9192696E-3,-4.7283174E-4,7.743836E-5,7.002415E-1,3.5095215E-4,1.3248444E-3],"split_indices":[0,0,0,0,0,0,0,0,0,0,0,0,0,0,0,0,0],"split_type":[0,0,0,0,0,0,0,0,0,0,0,0,0,0,0,0,0],"sum_hessian":[9E0,2E0,7E0,1E0,1E0,5E0,2E0,2E0,3E0,1E0,1E0,1E0,1E0,1E0,2E0,1E0,1E0],"tree_param":{"num_deleted":"0","num_feature":"2","num_nodes":"17","size_leaf_vector":"1"}},{"base_weights":[-4.667154E-3,-1.5434541E-1,5.2045584E-2,-1.8872626E-2,-4.2791846E-3,-2.023379E-3,1.4283498E-1,-1.515007E-2,8.327484E-3,4.1374206E-3,1.7287826E-2,-1.82333E-3,-4.491806E-4,7.362366E-5,1.0612488E-2,3.3340455E-4,1.2584686E-3],"categories":[],"categories_nodes":[],"categories_segments":[],"categories_sizes":[],"default_left":[0,0,0,0,0,0,0,0,0,0,0,0,0,0,0,0,0],"id":99,"left_children":[1,3,5,-1,-1,7,9,11,13,-1,-1,-1,-1,-1,15,-1,-1],"loss_changes":[9.291963E-2,3.4299716E-3,3.9560117E-2,0E0,0E0,9.4139745E-4,1.9919388E-3,1.6685168E-5,6.157078E-5,0E0,0E0,0E0,0E0,0E0,1.1057127E-6,0E0,0E0],"parents":[2147483647,0,0,1,1,2,2,5,5,6,6,7,7,8,8,14,14],"right_children":[2,4,6,-1,-1,8,10,12,14,-1,-1,-1,-1,-1,16,-1,-1],"split_conditions":[2.0289448E-1,1.0076923E-1,7.992434E-1,-1.8872626E-2,-4.2791846E-3,5.020544E-1,1E0,4.014847E-1,6.000464E-1,4.1374206E-3,1.7287826E-2,-1.82333E-3,-4.491806E-4,7.362366E-5,7.002415E-1,3.3340455E-4,1.2584686E-3],"split_indices":[0,0,0,0,0,0,0,0,0,0,0,0,0,0,0,0,0],"split_type":[0,0,0,0,0,0,0,0,0,0,0,0,0,0,0,0,0],"sum_hessian":[9E0,2E0,7E0,1E0,1E0,5E0,2E0,2E0,3E0,1E0,1E0,1E0,1E0,1E0,2E0,1E0,1E0],"tree_param":{"num_deleted":"0","num_feature":"2","num_nodes":"17","size_leaf_vector":"1"}}]},"name":"gbtree"},"learner_model_param":{"base_score":"6.088889E1","boost_from_average":"1","num_class":"0","num_feature":"2","num_target":"1"},"objective":{"name":"reg:squarederror","reg_loss_param":{"scale_pos_weight":"1"}}},"version":[2,0,1]}