{"learner":{"attributes":{"scikit_learn":"{\"_estimator_type\": \"regressor\"}"},"feature_names":[],"feature_types":[],"gradient_booster":{"model":{"gbtree_model_param":{"num_parallel_tree":"1","num_trees":"100"},"iteration_indptr":[0,1,2,3,4,5,6,7,8,9,10,11,12,13,14,15,16,17,18,19,20,21,22,23,24,25,26,27,28,29,30,31,32,33,34,35,36,37,38,39,40,41,42,43,44,45,46,47,48,49,50,51,52,53,54,55,56,57,58,59,60,61,62,63,64,65,66,67,68,69,70,71,72,73,74,75,76,77,78,79,80,81,82,83,84,85,86,87,88,89,90,91,92,93,94,95,96,97,98,99,100],"tree_info":[0,0,0,0,0,0,0,0,0,0,0,0,0,0,0,0,0,0,0,0,0,0,0,0,0,0,0,0,0,0,0,0,0,0,0,0,0,0,0,0,0,0,0,0,0,0,0,0,0,0,0,0,0,0,0,0,0,0,0,0,0,0,0,0,0,0,0,0,0,0,0,0,0,0,0,0,0,0,0,0,0,0,0,0,0,0,0,0,0,0,0,0,0,0,0,0,0,0,0,0],"trees":[{"base_weights":[6.1035157E-6,-6.1388885E1,7.366667E1,-7.0133333E0,-8.8333285E-1,1.1166672E0,8.650001E0],"categories":[],"categories_nodes":[],"categories_segments":[],"categories_sizes":[],"default_left":[0,0,0,0,0,0,0],"id":0,"left_children":[1,3,5,-1,-1,-1,-1],"loss_changes":[4.9745465E4,2.1379043E3,3.0445E3,0E0,0E0,0E0,0E0],"parents":[2147483647,0,0,1,1,2,2],"right_children":[2,4,6,-1,-1,-1,-1],"split_conditions":[7.069118E-1,6.044203E-1,8.0638695E-1,-7.0133333E0,-8.8333285E-1,1.1166672E0,8.650001E0],"split_indices":[0,0,0,0,0,0,0],"split_type":[0,0,0,0,0,0,0],"sum_hessian":[9E0,5E0,4E0,4E0,1E0,1E0,3E0],"tree_param":{"num_deleted":"0","num_feature":"2","num_nodes":"7","size_leaf_vector":"1"}},{"base_weights":[1.8700866E-1,-5.6566105E1,6.825334E1,-6.452266E0,-8.391663E-1,1.0608338E0,8.001251E0],"categories":[],"categories_nodes":[],"categories_segments":[],"categories_sizes":[],"default_left":[0,0,0,0,0,0,0],"id":1,"left_children":[1,3,5,-1,-1,-1,-1],"loss_changes":[4.249059E4,1.7583652E3,2.5404863E3,0E0,0E0,0E0,0E0],"parents":[2147483647,0,0,1,1,2,2],"right_children":[2,4,6,-1,-1,-1,-1],"split_conditions":[7.069118E-1,6.044203E-1,8.0638695E-1,-6.452266E0,-8.391663E-1,1.0608338E0,8.001251E0],"split_indices":[0,0,0,0,0,0,0],"split_type":[0,0,0,0,0,0,0],"sum_hessian":[9E0,5E0,4E0,4E0,1E0,1E0,3E0],"tree_param":{"num_deleted":"0","num_feature":"2","num_nodes":"7","size_leaf_vector":"1"}},{"base_weights":[3.4537506E-1,-5.212473E1,6.3240425E1,-5.9360847E0,-7.9720765E-1,1.0077919E0,7.4011574E0],"categories":[],"categories_nodes":[],"categories_segments":[],"categories_sizes":[],"default_left":[0,0,0,0,0,0,0],"id":2,"left_children":[1,3,5,-1,-1,-1,-1],"loss_changes":[3.6297492E4,1.4437324E3,2.1172227E3,0E0,0E0,0E0,0E0],"parents":[2147483647,0,0,1,1,2,2],"right_children":[2,4,6,-1,-1,-1,-1],"split_conditions":[7.069118E-1,6.044203E-1,8.0638695E-1,-5.9360847E0,-7.9720765E-1,1.0077919E0,7.4011574E0],"split_indices":[0,0,0,0,0,0,0],"split_type":[0,0,0,0,0,0,0],"sum_hessian":[9E0,5E0,4E0,4E0,1E0,1E0,3E0],"tree_param":{"num_deleted":"0","num_feature":"2","num_nodes":"7","size_leaf_vector":"1"}},{"base_weights":[4.784027E-1,-4.8034473E1,5.8598175E1,-5.4611983E0,-7.573471E-1,9.5740205E-1,6.846071E0],"categories":[],"categories_nodes":[],"categories_segments":[],"categories_sizes":[],"default_left":[0,0,0,0,0,0,0],"id":3,"left_children":[1,3,5,-1,-1,-1,-1],"loss_changes":[3.1010305E4,1.1831924E3,1.7620684E3,0E0,0E0,0E0,0E0],"parents":[2147483647,0,0,1,1,2,2],"right_children":[2,4,6,-1,-1,-1,-1],"split_conditions":[7.069118E-1,6.044203E-1,8.0638695E-1,-5.4611983E0,-7.573471E-1,9.5740205E-1,6.846071E0],"split_indices":[0,0,0,0,0,0,0],"split_type":[0,0,0,0,0,0,0],"sum_hessian":[9E0,5E0,4E0,4E0,1E0,1E0,3E0],"tree_param":{"num_deleted":"0","num_feature":"2","num_nodes":"7","size_leaf_vector":"1"}},{"base_weights":[5.890564E-1,-4.4267452E1,5.4299053E1,-5.0243025E0,-7.194794E-1,9.095322E-1,6.332616E0],"categories":[],"categories_nodes":[],"categories_segments":[],"categories_sizes":[],"default_left":[0,0,0,0,0,0,0],"id":4,"left_children":[1,3,5,-1,-1,-1,-1],"loss_changes":[2.6496107E4,9.6769336E2,1.4643232E3,0E0,0E0,0E0,0E0],"parents":[2147483647,0,0,1,1,2,2],"right_children":[2,4,6,-1,-1,-1,-1],"split_conditions":[7.069118E-1,6.044203E-1,8.0638695E-1,-5.0243025E0,-7.194794E-1,9.095322E-1,6.332616E0],"split_indices":[0,0,0,0,0,0,0],"split_type":[0,0,0,0,0,0,0],"sum_hessian":[9E0,5E0,4E0,4E0,1E0,1E0,3E0],"tree_param":{"num_deleted":"0","num_feature":"2","num_nodes":"7","size_leaf_vector":"1"}},{"base_weights":[6.799911E-1,-4.0798E1,5.031758E1,-4.622358E0,-6.8350524E-1,8.6405563E-1,5.85767E0],"categories":[],"categories_nodes":[],"categories_segments":[],"categories_sizes":[],"default_left":[0,0,0,0,0,0,0],"id":5,"left_children":[1,3,5,-1,-1,-1,-1],"loss_changes":[2.2641533E4,7.896709E2,1.2149414E3,0E0,0E0,0E0,0E0],"parents":[2147483647,0,0,1,1,2,2],"right_children":[2,4,6,-1,-1,-1,-1],"split_conditions":[7.069118E-1,6.044203E-1,8.0638695E-1,-4.622358E0,-6.8350524E-1,8.6405563E-1,5.85767E0],"split_indices":[0,0,0,0,0,0,0],"split_type":[0,0,0,0,0,0,0],"sum_hessian":[9E0,5E0,4E0,4E0,1E0,1E0,3E0],"tree_param":{"num_deleted":"0","num_feature":"2","num_nodes":"7","size_leaf_vector":"1"}},{"base_weights":[7.5357974E-1,-3.760251E1,4.663017E1,-4.6367836E0,-1.3381238E0,1.6553885E0,6.116307E0],"categories":[],"categories_nodes":[],"categories_segments":[],"categories_sizes":[],"default_left":[0,0,0,0,0,0,0],"id":6,"left_children":[1,3,5,-1,-1,-1,-1],"loss_changes":[1.9349875E4,6.5338477E2,1.1729912E3,0E0,0E0,0E0,0E0],"parents":[2147483647,0,0,1,1,2,2],"right_children":[2,4,6,-1,-1,-1,-1],"split_conditions":[7.069118E-1,4.0362325E-1,9.0745354E-1,-4.6367836E0,-1.3381238E0,1.6553885E0,6.116307E0],"split_indices":[0,0,0,0,0,0,0],"split_type":[0,0,0,0,0,0,0],"sum_hessian":[9E0,5E0,4E0,3E0,2E0,2E0,2E0],"tree_param":{"num_deleted":"0","num_feature":"2","num_nodes":"7","size_leaf_vector":"1"}},{"base_weights":[8.5789794E-1,-3.4838078E1,4.3521492E1,-3.9476E0,-5.8242416E-1,1.5450287E0,5.708553E0],"categories":[],"categories_nodes":[],"categories_segments":[],"categories_sizes":[],"default_left":[0,0,0,0,0,0,0],"id":7,"left_children":[1,3,5,-1,-1,-1,-1],"loss_changes":[1.674539E4,5.7746533E2,1.02180664E3,0E0,0E0,0E0,0E0],"parents":[2147483647,0,0,1,1,2,2],"right_children":[2,4,6,-1,-1,-1,-1],"split_conditions":[7.069118E-1,6.044203E-1,9.0745354E-1,-3.9476E0,-5.8242416E-1,1.5450287E0,5.708553E0],"split_indices":[0,0,0,0,0,0,0],"split_type":[0,0,0,0,0,0,0],"sum_hessian":[9E0,5E0,4E0,4E0,1E0,2E0,2E0],"tree_param":{"num_deleted":"0","num_feature":"2","num_nodes":"7","size_leaf_vector":"1"}},{"base_weights":[1.0444641E0,-3.2109272E1,4.0620056E1,-3.992955E0,-1.0979149E0,1.4420269E0,5.327983E0],"categories":[],"categories_nodes":[],"categories_segments":[],"categories_sizes":[],"default_left":[0,0,0,0,0,0,0],"id":8,"left_children":[1,3,5,-1,-1,-1,-1],"loss_changes":[1.4425067E4,5.530674E2,8.901074E2,0E0,0E0,0E0,0E0],"parents":[2147483647,0,0,1,1,2,2],"right_children":[2,4,6,-1,-1,-1,-1],"split_conditions":[7.069118E-1,4.0362325E-1,9.0745354E-1,-3.992955E0,-1.0979149E0,1.4420269E0,5.327983E0],"split_indices":[0,0,0,0,0,0,0],"split_type":[0,0,0,0,0,0,0],"sum_hessian":[9E0,5E0,4E0,3E0,2E0,2E0,2E0],"tree_param":{"num_deleted":"0","num_feature":"2","num_nodes":"7","size_leaf_vector":"1"}},{"base_weights":[1.1079285E0,-2.9746826E1,3.791205E1,-3.6934838E0,-1.0247205E0,5.8872986E-1,4.444641E0],"categories":[],"categories_nodes":[],"categories_segments":[],"categories_sizes":[],"default_left":[0,0,0,0,0,0,0],"id":9,"left_children":[1,3,5,-1,-1,-1,-1],"loss_changes":[1.2483584E4,4.6250244E2,7.846377E2,0E0,0E0,0E0,0E0],"parents":[2147483647,0,0,1,1,2,2],"right_children":[2,4,6,-1,-1,-1,-1],"split_conditions":[7.069118E-1,4.0362325E-1,8.0638695E-1,-3.6934838E0,-1.0247205E0,5.8872986E-1,4.444641E0],"split_indices":[0,0,0,0,0,0,0],"split_type":[0,0,0,0,0,0,0],"sum_hessian":[9E0,5E0,4E0,3E0,2E0,1E0,3E0],"tree_param":{"num_deleted":"0","num_feature":"2","num_nodes":"7","size_leaf_vector":"1"}},{"base_weights":[1.0286515E0,-2.7558512E1,3.5127518E1,-3.4164727E0,-9.5640594E-1,1.1781124E0,4.676474E0],"categories":[],"categories_nodes":[],"categories_segments":[],"categories_sizes":[],"default_left":[0,0,0,0,0,0,0],"id":10,"left_children":[1,3,5,-1,-1,-1,-1],"loss_changes":[1.0715961E4,3.8649756E2,8.074951E2,0E0,0E0,0E0,0E0],"parents":[2147483647,0,0,1,1,2,2],"right_children":[2,4,6,-1,-1,-1,-1],"split_conditions":[7.069118E-1,4.0362325E-1,9.0745354E-1,-3.4164727E0,-9.5640594E-1,1.1781124E0,4.676474E0],"split_indices":[0,0,0,0,0,0,0],"split_type":[0,0,0,0,0,0,0],"sum_hessian":[9E0,5E0,4E0,3E0,2E0,2E0,2E0],"tree_param":{"num_deleted":"0","num_feature":"2","num_nodes":"7","size_leaf_vector":"1"}},{"base_weights":[1.0739578E0,-2.5531473E1,3.2785683E1,-2.9040365E0,-3.9935073E-1,1.0995712E0,4.3647094E0],"categories":[],"categories_nodes":[],"categories_segments":[],"categories_sizes":[],"default_left":[0,0,0,0,0,0,0],"id":11,"left_children":[1,3,5,-1,-1,-1,-1],"loss_changes":[9.274108E3,3.374729E2,7.0341846E2,0E0,0E0,0E0,0E0],"parents":[2147483647,0,0,1,1,2,2],"right_children":[2,4,6,-1,-1,-1,-1],"split_conditions":[7.069118E-1,6.044203E-1,9.0745354E-1,-2.9040365E0,-3.9935073E-1,1.0995712E0,4.3647094E0],"split_indices":[0,0,0,0,0,0,0],"split_type":[0,0,0,0,0,0,0],"sum_hessian":[9E0,5E0,4E0,4E0,1E0,2E0,2E0],"tree_param":{"num_deleted":"0","num_feature":"2","num_nodes":"7","size_leaf_vector":"1"}},{"base_weights":[1.1826508E0,-2.352889E1,3.059997E1,-2.942434E0,-7.825325E-1,1.0262665E0,4.0737286E0],"categories":[],"categories_nodes":[],"categories_segments":[],"categories_sizes":[],"default_left":[0,0,0,0,0,0,0],"id":12,"left_children":[1,3,5,-1,-1,-1,-1],"loss_changes":[7.9894556E3,3.252224E2,6.127554E2,0E0,0E0,0E0,0E0],"parents":[2147483647,0,0,1,1,2,2],"right_children":[2,4,6,-1,-1,-1,-1],"split_conditions":[7.069118E-1,4.0362325E-1,9.0745354E-1,-2.942434E0,-7.825325E-1,1.0262665E0,4.0737286E0],"split_indices":[0,0,0,0,0,0,0],"split_type":[0,0,0,0,0,0,0],"sum_hessian":[9E0,5E0,4E0,3E0,2E0,2E0,2E0],"tree_param":{"num_deleted":"0","num_feature":"2","num_nodes":"7","size_leaf_vector":"1"}},{"base_weights":[1.2018898E0,-2.1796827E1,2.8559973E1,-3.0082235E0,-1.0133566E0,9.5784914E-1,3.8021467E0],"categories":[],"categories_nodes":[],"categories_segments":[],"categories_sizes":[],"default_left":[0,0,0,0,0,0,0],"id":13,"left_children":[1,3,5,-1,-1,-1,-1],"loss_changes":[6.9145254E3,2.7496875E2,5.337776E2,0E0,0E0,0E0,0E0],"parents":[2147483647,0,0,1,1,2,2],"right_children":[2,4,6,-1,-1,-1,-1],"split_conditions":[7.069118E-1,3.0176786E-1,9.0745354E-1,-3.0082235E0,-1.0133566E0,9.5784914E-1,3.8021467E0],"split_indices":[0,0,0,0,0,0,0],"split_type":[0,0,0,0,0,0,0],"sum_hessian":[9E0,5E0,4E0,2E0,3E0,2E0,2E0],"tree_param":{"num_deleted":"0","num_feature":"2","num_nodes":"7","size_leaf_vector":"1"}},{"base_weights":[1.1555389E0,-2.0287409E1,2.665597E1,-2.5460062E0,-6.628069E-1,8.939921E-1,3.5486696E0],"categories":[],"categories_nodes":[],"categories_segments":[],"categories_sizes":[],"default_left":[0,0,0,0,0,0,0],"id":14,"left_children":[1,3,5,-1,-1,-1,-1],"loss_changes":[6.008825E3,2.551792E2,4.6497925E2,0E0,0E0,0E0,0E0],"parents":[2147483647,0,0,1,1,2,2],"right_children":[2,4,6,-1,-1,-1,-1],"split_conditions":[7.069118E-1,4.0362325E-1,9.0745354E-1,-2.5460062E0,-6.628069E-1,8.939921E-1,3.5486696E0],"split_indices":[0,0,0,0,0,0,0],"split_type":[0,0,0,0,0,0,0],"sum_hessian":[9E0,5E0,4E0,3E0,2E0,2E0,2E0],"tree_param":{"num_deleted":"0","num_feature":"2","num_nodes":"7","size_leaf_vector":"1"}},{"base_weights":[1.1633682E0,-1.879347E1,2.48789E1,-2.6379416E0,-8.405643E0,3.01503E-1,2.959111E0,-9.4978684E-1,-2.5644836E-1],"categories":[],"categories_nodes":[],"categories_segments":[],"categories_sizes":[],"default_left":[0,0,0,0,0,0,0,0,0],"id":15,"left_children":[1,3,5,-1,7,-1,-1,-1,-1],"loss_changes":[5.200431E3,2.51073E2,4.2591772E2,0E0,1.162323E0,0E0,0E0,0E0,0E0],"parents":[2147483647,0,0,1,1,2,2,4,4],"right_children":[2,4,6,-1,8,-1,-1,-1,-1],"split_conditions":[7.069118E-1,3.0176786E-1,8.0638695E-1,-2.6379416E0,6.044203E-1,3.01503E-1,2.959111E0,-9.4978684E-1,-2.5644836E-1],"split_indices":[0,0,0,0,0,0,0,0,0],"split_type":[0,0,0,0,0,0,0,0,0],"sum_hessian":[9E0,5E0,4E0,2E0,3E0,1E0,3E0,2E0,1E0],"tree_param":{"num_deleted":"0","num_feature":"2","num_nodes":"9","size_leaf_vector":"1"}},{"base_weights":[9.886764E-1,-1.755482E1,2.3043137E1,-2.4620788E0,-7.866638E0,7.257055E-1,3.1148174E0,-8.8646805E-1,-2.4362564E-1],"categories":[],"categories_nodes":[],"categories_segments":[],"categories_sizes":[],"default_left":[0,0,0,0,0,0,0,0,0],"id":16,"left_children":[1,3,5,-1,7,-1,-1,-1,-1],"loss_changes":[4.494186E3,2.1705554E2,4.1368994E2,0E0,8.23822E-2,0E0,0E0,0E0,0E0],"parents":[2147483647,0,0,1,1,2,2,4,4],"right_children":[2,4,6,-1,8,-1,-1,-1,-1],"split_conditions":[7.069118E-1,3.0176786E-1,9.0745354E-1,-2.4620788E0,6.044203E-1,7.257055E-1,3.1148174E0,-8.8646805E-1,-2.4362564E-1],"split_indices":[0,0,0,0,0,0,0,0,0],"split_type":[0,0,0,0,0,0,0,0,0],"sum_hessian":[9E0,5E0,4E0,2E0,3E0,2E0,2E0,2E0,1E0],"tree_param":{"num_deleted":"0","num_feature":"2","num_nodes":"9","size_leaf_vector":"1"}},{"base_weights":[9.1464615E-1,-1.6398031E1,2.1506931E1,-2.29794E0,-7.3624974E-1,6.7732495E-1,2.9071634E0],"categories":[],"categories_nodes":[],"categories_segments":[],"categories_sizes":[],"default_left":[0,0,0,0,0,0,0],"id":17,"left_children":[1,3,5,-1,-1,-1,-1],"loss_changes":[3.917747E3,1.8761133E2,3.6037012E2,0E0,0E0,0E0,0E0],"parents":[2147483647,0,0,1,1,2,2],"right_children":[2,4,6,-1,-1,-1,-1],"split_conditions":[7.069118E-1,3.0176786E-1,9.0745354E-1,-2.29794E0,-7.3624974E-1,6.7732495E-1,2.9071634E0],"split_indices":[0,0,0,0,0,0,0],"split_type":[0,0,0,0,0,0,0],"sum_hessian":[9E0,5E0,4E0,2E0,3E0,2E0,2E0],"tree_param":{"num_deleted":"0","num_feature":"2","num_nodes":"7","size_leaf_vector":"1"}},{"base_weights":[8.7821275E-1,-1.5263925E1,2.0073135E1,-2.144744E0,-6.8103085E0,6.3217014E-1,2.7133524E0,-7.782865E-1,-1.9463196E-1],"categories":[],"categories_nodes":[],"categories_segments":[],"categories_sizes":[],"default_left":[0,0,0,0,0,0,0,0,0],"id":18,"left_children":[1,3,5,-1,7,-1,-1,-1,-1],"loss_changes":[3.4048657E3,1.675747E2,3.13922E2,0E0,3.774063E0,0E0,0E0,0E0,0E0],"parents":[2147483647,0,0,1,1,2,2,4,4],"right_children":[2,4,6,-1,8,-1,-1,-1,-1],"split_conditions":[7.069118E-1,3.0176786E-1,9.0745354E-1,-2.144744E0,6.044203E-1,6.3217014E-1,2.7133524E0,-7.782865E-1,-1.9463196E-1],"split_indices":[0,0,0,0,0,0,0,0,0],"split_type":[0,0,0,0,0,0,0,0,0],"sum_hessian":[9E0,5E0,4E0,2E0,3E0,2E0,2E0,2E0,1E0],"tree_param":{"num_deleted":"0","num_feature":"2","num_nodes":"9","size_leaf_vector":"1"}},{"base_weights":[8.1317824E-1,-1.1692785E1,2.249532E0,-1.6368969E1,-1.5513102E-3,-2.001761E0,-7.2640055E-1,-1.8490067E-1,1.8466797E-1],"categories":[],"categories_nodes":[],"categories_segments":[],"categories_sizes":[],"default_left":[0,0,0,0,0,0,0,0,0],"id":19,"left_children":[1,3,-1,5,7,-1,-1,-1,-1],"loss_changes":[2.9745935E3,3.8266705E2,0E0,2.0695557E1,1.3658095E1,0E0,0E0,0E0,0E0],"parents":[2147483647,0,0,1,1,3,3,4,4],"right_children":[2,4,-1,6,8,-1,-1,-1,-1],"split_conditions":[8.0638695E-1,6.044203E-1,2.249532E0,3.0176786E-1,7.069118E-1,-2.001761E0,-7.2640055E-1,-1.8490067E-1,1.8466797E-1],"split_indices":[0,0,0,0,0,0,0,0,0],"split_type":[0,0,0,0,0,0,0,0,0],"sum_hessian":[9E0,6E0,3E0,4E0,2E0,2E0,2E0,1E0,1E0],"tree_param":{"num_deleted":"0","num_feature":"2","num_nodes":"9","size_leaf_vector":"1"}},{"base_weights":[6.8397367E-1,-1.3316937E1,1.7348272E1,-1.86831E0,-5.9630814E0,5.0888574E-1,2.382493E0,-6.779739E-1,-1.7565536E-1],"categories":[],"categories_nodes":[],"categories_segments":[],"categories_sizes":[],"default_left":[0,0,0,0,0,0,0,0,0],"id":20,"left_children":[1,3,5,-1,7,-1,-1,-1,-1],"loss_changes":[2.5641797E3,1.2536304E2,2.7575867E2,0E0,1.8322144E0,0E0,0E0,0E0,0E0],"parents":[2147483647,0,0,1,1,2,2,4,4],"right_children":[2,4,6,-1,8,-1,-1,-1,-1],"split_conditions":[7.069118E-1,3.0176786E-1,9.0745354E-1,-1.86831E0,6.044203E-1,5.0888574E-1,2.382493E0,-6.779739E-1,-1.7565536E-1],"split_indices":[0,0,0,0,0,0,0,0,0],"split_type":[0,0,0,0,0,0,0,0,0],"sum_hessian":[9E0,5E0,4E0,2E0,3E0,2E0,2E0,2E0,1E0],"tree_param":{"num_deleted":"0","num_feature":"2","num_nodes":"9","size_leaf_vector":"1"}},{"base_weights":[6.3251877E-1,-1.0233369E1,1.9489693E1,-1.4259191E1,-1.1254374E-1,5.6244963E-1,2.2236593E0,-1.7437562E0,-6.3277566E-1,-1.6687241E-1,1.4999084E-1],"categories":[],"categories_nodes":[],"categories_segments":[],"categories_sizes":[],"default_left":[0,0,0,0,0,0,0,0,0,0,0],"id":21,"left_children":[1,3,5,7,9,-1,-1,-1,-1,-1,-1],"loss_changes":[2.2484446E3,2.8360773E2,2.7275513E1,1.5704468E1,1.0030733E1,0E0,0E0,0E0,0E0,0E0,0E0],"parents":[2147483647,0,0,1,1,2,2,3,3,4,4],"right_children":[2,4,6,8,10,-1,-1,-1,-1,-1,-1],"split_conditions":[8.0638695E-1,6.044203E-1,9.0745354E-1,3.0176786E-1,7.069118E-1,5.6244963E-1,2.2236593E0,-1.7437562E0,-6.3277566E-1,-1.6687241E-1,1.4999084E-1],"split_indices":[0,0,0,0,0,0,0,0,0,0,0],"split_type":[0,0,0,0,0,0,0,0,0,0,0],"sum_hessian":[9E0,6E0,3E0,4E0,2E0,1E0,2E0,2E0,2E0,1E0,1E0],"tree_param":{"num_deleted":"0","num_feature":"2","num_nodes":"11","size_leaf_vector":"1"}},{"base_weights":[6.0853577E-1,-9.551948E0,1.8237247E1,-1.3308576E1,-1.06918335E-1,5.34327E-1,2.0754151E0,-1.6275055E0,-5.905904E-1,-1.5852891E-1,1.4249115E-1],"categories":[],"categories_nodes":[],"categories_segments":[],"categories_sizes":[],"default_left":[0,0,0,0,0,0,0,0,0,0,0],"id":22,"left_children":[1,3,5,7,9,-1,-1,-1,-1,-1,-1],"loss_changes":[1.9653635E3,2.4694739E2,1.8916504E1,1.368042E1,9.052734E0,0E0,0E0,0E0,0E0,0E0,0E0],"parents":[2147483647,0,0,1,1,2,2,3,3,4,4],"right_children":[2,4,6,8,10,-1,-1,-1,-1,-1,-1],"split_conditions":[8.0638695E-1,6.044203E-1,9.0745354E-1,3.0176786E-1,7.069118E-1,5.34327E-1,2.0754151E0,-1.6275055E0,-5.905904E-1,-1.5852891E-1,1.4249115E-1],"split_indices":[0,0,0,0,0,0,0,0,0,0,0],"split_type":[0,0,0,0,0,0,0,0,0,0,0],"sum_hessian":[9E0,6E0,3E0,4E0,2E0,1E0,2E0,2E0,2E0,1E0,1E0],"tree_param":{"num_deleted":"0","num_feature":"2","num_nodes":"11","size_leaf_vector":"1"}},{"base_weights":[5.852432E-1,-8.9159155E0,1.706596E1,-1.2421338E1,-1.0157267E-1,7.569341E-1,2.2777908E0,-1.5190053E0,-5.512177E-1,-1.5060273E-1,1.3536683E-1],"categories":[],"categories_nodes":[],"categories_segments":[],"categories_sizes":[],"default_left":[0,0,0,0,0,0,0,0,0,0,0],"id":23,"left_children":[1,3,5,7,9,-1,-1,-1,-1,-1,-1],"loss_changes":[1.7180177E3,2.1502429E2,4.456311E1,1.1917236E1,8.17012E0,0E0,0E0,0E0,0E0,0E0,0E0],"parents":[2147483647,0,0,1,1,2,2,3,3,4,4],"right_children":[2,4,6,8,10,-1,-1,-1,-1,-1,-1],"split_conditions":[8.0638695E-1,6.044203E-1,1E0,3.0176786E-1,7.069118E-1,7.569341E-1,2.2777908E0,-1.5190053E0,-5.512177E-1,-1.5060273E-1,1.3536683E-1],"split_indices":[0,0,0,0,0,0,0,0,0,0,0],"split_type":[0,0,0,0,0,0,0,0,0,0,0],"sum_hessian":[9E0,6E0,3E0,4E0,2E0,2E0,1E0,2E0,2E0,1E0,1E0],"tree_param":{"num_deleted":"0","num_feature":"2","num_nodes":"11","size_leaf_vector":"1"}},{"base_weights":[6.216461E-1,-8.322246E0,1.6118046E1,-1.1593249E1,-9.649149E-2,7.064723E-1,2.1639009E0,-1.4177383E0,-5.144699E-1,-1.4307252E-1,1.285988E-1],"categories":[],"categories_nodes":[],"categories_segments":[],"categories_sizes":[],"default_left":[0,0,0,0,0,0,0,0,0,0,0],"id":24,"left_children":[1,3,5,7,9,-1,-1,-1,-1,-1,-1],"loss_changes":[1.5201198E3,1.8722672E2,4.7058594E1,1.0381165E1,7.3735466E0,0E0,0E0,0E0,0E0,0E0,0E0],"parents":[2147483647,0,0,1,1,2,2,3,3,4,4],"right_children":[2,4,6,8,10,-1,-1,-1,-1,-1,-1],"split_conditions":[8.0638695E-1,6.044203E-1,1E0,3.0176786E-1,7.069118E-1,7.064723E-1,2.1639009E0,-1.4177383E0,-5.144699E-1,-1.4307252E-1,1.285988E-1],"split_indices":[0,0,0,0,0,0,0,0,0,0,0],"split_type":[0,0,0,0,0,0,0,0,0,0,0],"sum_hessian":[9E0,6E0,3E0,4E0,2E0,2E0,1E0,2E0,2E0,1E0,1E0],"tree_param":{"num_deleted":"0","num_feature":"2","num_nodes":"11","size_leaf_vector":"1"}},{"base_weights":[6.518494E-1,-7.768119E0,1.5223831E1,-1.0820364E1,-9.1669716E-2,6.59374E-1,2.0557053E0,-1.3232224E0,-4.8017174E-1,-1.359192E-1,1.22168735E-1],"categories":[],"categories_nodes":[],"categories_segments":[],"categories_sizes":[],"default_left":[0,0,0,0,0,0,0,0,0,0,0],"id":25,"left_children":[1,3,5,7,9,-1,-1,-1,-1,-1,-1],"loss_changes":[1.3452168E3,1.6302094E2,4.8556885E1,9.043274E0,6.654635E0,0E0,0E0,0E0,0E0,0E0,0E0],"parents":[2147483647,0,0,1,1,2,2,3,3,4,4],"right_children":[2,4,6,8,10,-1,-1,-1,-1,-1,-1],"split_conditions":[8.0638695E-1,6.044203E-1,1E0,3.0176786E-1,7.069118E-1,6.59374E-1,2.0557053E0,-1.3232224E0,-4.8017174E-1,-1.359192E-1,1.22168735E-1],"split_indices":[0,0,0,0,0,0,0,0,0,0,0],"split_type":[0,0,0,0,0,0,0,0,0,0,0],"sum_hessian":[9E0,6E0,3E0,4E0,2E0,2E0,1E0,2E0,2E0,1E0,1E0],"tree_param":{"num_deleted":"0","num_feature":"2","num_nodes":"11","size_leaf_vector":"1"}},{"base_weights":[6.7646027E-1,-7.250898E0,1.4380222E1,-1.0099009E1,-8.708191E-2,6.15416E-1,1.9529206E0,-1.4012558E0,-5.6174815E-1,-1.2912293E-1,1.1606064E-1],"categories":[],"categories_nodes":[],"categories_segments":[],"categories_sizes":[],"default_left":[0,0,0,0,0,0,0,0,0,0,0],"id":26,"left_children":[1,3,5,7,9,-1,-1,-1,-1,-1,-1],"loss_changes":[1.1906158E3,1.4194394E2,4.923761E1,8.978058E0,6.0058103E0,0E0,0E0,0E0,0E0,0E0,0E0],"parents":[2147483647,0,0,1,1,2,2,3,3,4,4],"right_children":[2,4,6,8,10,-1,-1,-1,-1,-1,-1],"split_conditions":[8.0638695E-1,6.044203E-1,1E0,2.0214655E-1,7.069118E-1,6.15416E-1,1.9529206E0,-1.4012558E0,-5.6174815E-1,-1.2912293E-1,1.1606064E-1],"split_indices":[0,0,0,0,0,0,0,0,0,0,0],"split_type":[0,0,0,0,0,0,0,0,0,0,0],"sum_hessian":[9E0,6E0,3E0,4E0,2E0,2E0,1E0,1E0,3E0,1E0,1E0],"tree_param":{"num_deleted":"0","num_feature":"2","num_nodes":"11","size_leaf_vector":"1"}},{"base_weights":[6.6804045E-1,-6.8081055E0,1.3584286E1,-1.0516272E0,-1.397913E0,5.7438815E-1,1.855275E0,-2.5989354E-1,1.1025772E-1],"categories":[],"categories_nodes":[],"categories_segments":[],"categories_sizes":[],"default_left":[0,0,0,0,0,0,0,0,0],"id":27,"left_children":[1,3,5,-1,7,-1,-1,-1,-1],"loss_changes":[1.0581206E3,1.2573239E2,4.9254272E1,0E0,1.4878105E1,0E0,0E0,0E0,0E0],"parents":[2147483647,0,0,1,1,2,2,4,4],"right_children":[2,4,6,-1,8,-1,-1,-1,-1],"split_conditions":[8.0638695E-1,4.0362325E-1,1E0,-1.0516272E0,7.069118E-1,5.7438815E-1,1.855275E0,-2.5989354E-1,1.1025772E-1],"split_indices":[0,0,0,0,0,0,0,0,0],"split_type":[0,0,0,0,0,0,0,0,0],"sum_hessian":[9E0,6E0,3E0,3E0,3E0,2E0,1E0,2E0,1E0],"tree_param":{"num_deleted":"0","num_feature":"2","num_nodes":"9","size_leaf_vector":"1"}},{"base_weights":[7.2407377E-1,-6.2989044E0,1.2833267E1,-1.099466E0,-2.2216706E0,5.360952E-1,1.7625107E0,-3.300812E-1,1.04744725E-1],"categories":[],"categories_nodes":[],"categories_segments":[],"categories_sizes":[],"default_left":[0,0,0,0,0,0,0,0,0],"id":28,"left_children":[1,3,5,-1,7,-1,-1,-1,-1],"loss_changes":[9.312616E2,1.0959335E2,4.8737183E1,0E0,2.1096622E1,0E0,0E0,0E0,0E0],"parents":[2147483647,0,0,1,1,2,2,4,4],"right_children":[2,4,6,-1,8,-1,-1,-1,-1],"split_conditions":[8.0638695E-1,3.0176786E-1,1E0,-1.099466E0,7.069118E-1,5.360952E-1,1.7625107E0,-3.300812E-1,1.04744725E-1],"split_indices":[0,0,0,0,0,0,0,0,0],"split_type":[0,0,0,0,0,0,0,0,0],"sum_hessian":[9E0,6E0,3E0,2E0,4E0,2E0,1E0,3E0,1E0],"tree_param":{"num_deleted":"0","num_feature":"2","num_nodes":"9","size_leaf_vector":"1"}},{"base_weights":[7.490433E-1,-5.858274E0,1.2124588E1,-1.2236385E0,-2.7558582E0,5.00355E-1,1.6743851E0,-3.7050583E0,9.9507146E-2,-4.1654798E-1,-9.316864E-2],"categories":[],"categories_nodes":[],"categories_segments":[],"categories_sizes":[],"default_left":[0,0,0,0,0,0,0,0,0,0,0],"id":29,"left_children":[1,3,5,-1,7,-1,-1,9,-1,-1,-1],"loss_changes":[8.226475E2,1.0479114E2,4.779712E1,0E0,2.5049091E1,0E0,0E0,2.5036774E0,0E0,0E0,0E0],"parents":[2147483647,0,0,1,1,2,2,4,4,7,7],"right_children":[2,4,6,-1,8,-1,-1,10,-1,-1,-1],"split_conditions":[8.0638695E-1,2.0214655E-1,1E0,-1.2236385E0,7.069118E-1,5.00355E-1,1.6743851E0,6.044203E-1,9.9507146E-2,-4.1654798E-1,-9.316864E-2],"split_indices":[0,0,0,0,0,0,0,0,0,0,0],"split_type":[0,0,0,0,0,0,0,0,0,0,0],"sum_hessian":[9E0,6E0,3E0,1E0,5E0,2E0,1E0,4E0,1E0,3E0,1E0],"tree_param":{"num_deleted":"0","num_feature":"2","num_nodes":"11","size_leaf_vector":"1"}},{"base_weights":[7.282295E-1,-5.5058517E0,1.1455814E1,-1.1624565E0,-2.5486386E0,4.6699777E-1,1.5906662E0,-3.4364944E0,9.453201E-2,-3.8530675E-1,-8.851013E-2],"categories":[],"categories_nodes":[],"categories_segments":[],"categories_sizes":[],"default_left":[0,0,0,0,0,0,0,0,0,0,0],"id":30,"left_children":[1,3,5,-1,7,-1,-1,9,-1,-1,-1],"loss_changes":[7.318404E2,9.7033554E1,4.65271E1,0E0,2.1861382E1,0E0,0E0,1.9038506E0,0E0,0E0,0E0],"parents":[2147483647,0,0,1,1,2,2,4,4,7,7],"right_children":[2,4,6,-1,8,-1,-1,10,-1,-1,-1],"split_conditions":[8.0638695E-1,2.0214655E-1,1E0,-1.1624565E0,7.069118E-1,4.6699777E-1,1.5906662E0,6.044203E-1,9.453201E-2,-3.8530675E-1,-8.851013E-2],"split_indices":[0,0,0,0,0,0,0,0,0,0,0],"split_type":[0,0,0,0,0,0,0,0,0,0,0],"sum_hessian":[9E0,6E0,3E0,1E0,5E0,2E0,1E0,4E0,1E0,3E0,1E0],"tree_param":{"num_deleted":"0","num_feature":"2","num_nodes":"11","size_leaf_vector":"1"}},{"base_weights":[7.0699847E-1,-5.175514E0,1.0824646E1,-1.1043339E0,-2.356987E0,4.3586427E-1,1.5111328E0,-3.1876068E0,8.98056E-2,-3.564087E-1,-8.4084325E-2],"categories":[],"categories_nodes":[],"categories_segments":[],"categories_sizes":[],"default_left":[0,0,0,0,0,0,0,0,0,0,0],"id":31,"left_children":[1,3,5,-1,7,-1,-1,9,-1,-1,-1],"loss_changes":[6.51195E2,8.974135E1,4.500592E1,0E0,1.9084873E1,0E0,0E0,1.4207115E0,0E0,0E0,0E0],"parents":[2147483647,0,0,1,1,2,2,4,4,7,7],"right_children":[2,4,6,-1,8,-1,-1,10,-1,-1,-1],"split_conditions":[8.0638695E-1,2.0214655E-1,1E0,-1.1043339E0,7.069118E-1,4.3586427E-1,1.5111328E0,6.044203E-1,8.98056E-2,-3.564087E-1,-8.4084325E-2],"split_indices":[0,0,0,0,0,0,0,0,0,0,0],"split_type":[0,0,0,0,0,0,0,0,0,0,0],"sum_hessian":[9E0,6E0,3E0,1E0,5E0,2E0,1E0,4E0,1E0,3E0,1E0],"tree_param":{"num_deleted":"0","num_feature":"2","num_nodes":"11","size_leaf_vector":"1"}},{"base_weights":[6.8549573E-1,-4.865824E0,1.0228931E1,-1.0491173E0,-2.179737E0,4.0680695E-1,1.4355758E0,-2.9569442E0,8.5314944E-2,-3.2967815E-1,-7.987976E-2],"categories":[],"categories_nodes":[],"categories_segments":[],"categories_sizes":[],"default_left":[0,0,0,0,0,0,0,0,0,0,0],"id":32,"left_children":[1,3,5,-1,7,-1,-1,9,-1,-1,-1],"loss_changes":[5.7955884E2,8.290321E1,4.329904E1,0E0,1.6665802E1,0E0,0E0,1.0336304E0,0E0,0E0,0E0],"parents":[2147483647,0,0,1,1,2,2,4,4,7,7],"right_children":[2,4,6,-1,8,-1,-1,10,-1,-1,-1],"split_conditions":[8.0638695E-1,2.0214655E-1,1E0,-1.0491173E0,7.069118E-1,4.0680695E-1,1.4355758E0,6.044203E-1,8.5314944E-2,-3.2967815E-1,-7.987976E-2],"split_indices":[0,0,0,0,0,0,0,0,0,0,0],"split_type":[0,0,0,0,0,0,0,0,0,0,0],"sum_hessian":[9E0,6E0,3E0,1E0,5E0,2E0,1E0,4E0,1E0,3E0,1E0],"tree_param":{"num_deleted":"0","num_feature":"2","num_nodes":"11","size_leaf_vector":"1"}},{"base_weights":[6.6384965E-1,-4.575434E0,9.666634E0,-9.9666137E-1,-2.0158017E0,3.7968647E-1,1.3637971E0,-2.7431595E0,8.1049345E-2,-3.0495206E-1,-7.588577E-2],"categories":[],"categories_nodes":[],"categories_segments":[],"categories_sizes":[],"default_left":[0,0,0,0,0,0,0,0,0,0,0],"id":33,"left_children":[1,3,5,-1,7,-1,-1,9,-1,-1,-1],"loss_changes":[5.159104E2,7.6505356E1,4.1461792E1,0E0,1.455768E1,0E0,0E0,7.2541046E-1,0E0,0E0,0E0],"parents":[2147483647,0,0,1,1,2,2,4,4,7,7],"right_children":[2,4,6,-1,8,-1,-1,10,-1,-1,-1],"split_conditions":[8.0638695E-1,2.0214655E-1,1E0,-9.9666137E-1,7.069118E-1,3.7968647E-1,1.3637971E0,6.044203E-1,8.1049345E-2,-3.0495206E-1,-7.588577E-2],"split_indices":[0,0,0,0,0,0,0,0,0,0,0],"split_type":[0,0,0,0,0,0,0,0,0,0,0],"sum_hessian":[9E0,6E0,3E0,1E0,5E0,2E0,1E0,4E0,1E0,3E0,1E0],"tree_param":{"num_deleted":"0","num_feature":"2","num_nodes":"11","size_leaf_vector":"1"}},{"base_weights":[6.4216614E-1,-4.303098E0,9.135838E0,-9.468285E-1,-1.8641866E0,3.5437366E-1,1.295607E0,-2.5450103E0,7.699662E-2,-2.8208047E-1,-7.209168E-2],"categories":[],"categories_nodes":[],"categories_segments":[],"categories_sizes":[],"default_left":[0,0,0,0,0,0,0,0,0,0,0],"id":34,"left_children":[1,3,5,-1,7,-1,-1,9,-1,-1,-1],"loss_changes":[4.5934692E2,7.053139E1,3.953958E1,0E0,1.2719933E1,0E0,0E0,4.818077E-1,0E0,0E0,0E0],"parents":[2147483647,0,0,1,1,2,2,4,4,7,7],"right_children":[2,4,6,-1,8,-1,-1,10,-1,-1,-1],"split_conditions":[8.0638695E-1,2.0214655E-1,1E0,-9.468285E-1,7.069118E-1,3.5437366E-1,1.295607E0,6.044203E-1,7.699662E-2,-2.8208047E-1,-7.209168E-2],"split_indices":[0,0,0,0,0,0,0,0,0,0,0],"split_type":[0,0,0,0,0,0,0,0,0,0,0],"sum_hessian":[9E0,6E0,3E0,1E0,5E0,2E0,1E0,4E0,1E0,3E0,1E0],"tree_param":{"num_deleted":"0","num_feature":"2","num_nodes":"11","size_leaf_vector":"1"}},{"base_weights":[6.205505E-1,-4.0476446E0,8.634754E0,-8.9948696E-1,-1.7239622E0,3.30749E-1,1.2308273E0,-2.361342E0,7.314682E-2,-2.6092434E-1,-6.848679E-2],"categories":[],"categories_nodes":[],"categories_segments":[],"categories_sizes":[],"default_left":[0,0,0,0,0,0,0,0,0,0,0],"id":35,"left_children":[1,3,5,-1,7,-1,-1,9,-1,-1,-1],"loss_changes":[4.090691E2,6.496364E1,3.7569733E1,0E0,1.11174965E1,0E0,0E0,2.9101372E-1,0E0,0E0,0E0],"parents":[2147483647,0,0,1,1,2,2,4,4,7,7],"right_children":[2,4,6,-1,8,-1,-1,10,-1,-1,-1],"split_conditions":[8.0638695E-1,2.0214655E-1,1E0,-8.9948696E-1,7.069118E-1,3.30749E-1,1.2308273E0,6.044203E-1,7.314682E-2,-2.6092434E-1,-6.848679E-2],"split_indices":[0,0,0,0,0,0,0,0,0,0,0],"split_type":[0,0,0,0,0,0,0,0,0,0,0],"sum_hessian":[9E0,6E0,3E0,1E0,5E0,2E0,1E0,4E0,1E0,3E0,1E0],"tree_param":{"num_deleted":"0","num_feature":"2","num_nodes":"11","size_leaf_vector":"1"}},{"base_weights":[5.9907687E-1,-3.8079877E0,8.161671E0,-8.545124E-1,-1.5942777E0,3.0869904E-1,1.1692857E0,-2.1910903E0,6.948929E-2,-2.4135494E-1,-6.506272E-2],"categories":[],"categories_nodes":[],"categories_segments":[],"categories_sizes":[],"default_left":[0,0,0,0,0,0,0,0,0,0,0],"id":36,"left_children":[1,3,5,-1,7,-1,-1,9,-1,-1,-1],"loss_changes":[3.6436795E2,5.978321E1,3.5582825E1,0E0,9.719809E0,0E0,0E0,1.4312935E-1,0E0,0E0,0E0],"parents":[2147483647,0,0,1,1,2,2,4,4,7,7],"right_children":[2,4,6,-1,8,-1,-1,10,-1,-1,-1],"split_conditions":[8.0638695E-1,2.0214655E-1,1E0,-8.545124E-1,7.069118E-1,3.0869904E-1,1.1692857E0,6.044203E-1,6.948929E-2,-2.4135494E-1,-6.506272E-2],"split_indices":[0,0,0,0,0,0,0,0,0,0,0],"split_type":[0,0,0,0,0,0,0,0,0,0,0],"sum_hessian":[9E0,6E0,3E0,1E0,5E0,2E0,1E0,4E0,1E0,3E0,1E0],"tree_param":{"num_deleted":"0","num_feature":"2","num_nodes":"11","size_leaf_vector":"1"}},{"base_weights":[5.778259E-1,-3.5831082E0,7.715004E0,-8.1178665E-1,-1.4743372E0,2.8811952E-1,1.1108216E0,-2.0332642E0,6.601486E-2,-2.2325325E-1,-6.180954E-2],"categories":[],"categories_nodes":[],"categories_segments":[],"categories_sizes":[],"default_left":[0,0,0,0,0,0,0,0,0,0,0],"id":37,"left_children":[1,3,5,-1,7,-1,-1,9,-1,-1,-1],"loss_changes":[3.2461697E2,5.4970886E1,3.3603607E1,0E0,8.500385E0,0E0,0E0,3.0073166E-2,0E0,0E0,0E0],"parents":[2147483647,0,0,1,1,2,2,4,4,7,7],"right_children":[2,4,6,-1,8,-1,-1,10,-1,-1,-1],"split_conditions":[8.0638695E-1,2.0214655E-1,1E0,-8.1178665E-1,7.069118E-1,2.8811952E-1,1.1108216E0,6.044203E-1,6.601486E-2,-2.2325325E-1,-6.180954E-2],"split_indices":[0,0,0,0,0,0,0,0,0,0,0],"split_type":[0,0,0,0,0,0,0,0,0,0,0],"sum_hessian":[9E0,6E0,3E0,1E0,5E0,2E0,1E0,4E0,1E0,3E0,1E0],"tree_param":{"num_deleted":"0","num_feature":"2","num_nodes":"11","size_leaf_vector":"1"}},{"base_weights":[5.568565E-1,-3.3720584E0,7.2932434E0,-7.7119714E-1,-1.363411E0,2.6891175E-1,1.055281E0,-1.8869507E-1,6.271439E-2],"categories":[],"categories_nodes":[],"categories_segments":[],"categories_sizes":[],"default_left":[0,0,0,0,0,0,0,0,0],"id":38,"left_children":[1,3,5,-1,7,-1,-1,-1,-1],"loss_changes":[2.8926013E2,5.0506897E1,3.16521E1,0E0,7.4361963E0,0E0,0E0,0E0,0E0],"parents":[2147483647,0,0,1,1,2,2,4,4],"right_children":[2,4,6,-1,8,-1,-1,-1,-1],"split_conditions":[8.0638695E-1,2.0214655E-1,1E0,-7.7119714E-1,7.069118E-1,2.6891175E-1,1.055281E0,-1.8869507E-1,6.271439E-2],"split_indices":[0,0,0,0,0,0,0,0,0],"split_type":[0,0,0,0,0,0,0,0,0],"sum_hessian":[9E0,6E0,3E0,1E0,5E0,2E0,1E0,4E0,1E0],"tree_param":{"num_deleted":"0","num_feature":"2","num_nodes":"9","size_leaf_vector":"1"}},{"base_weights":[5.4387206E-1,-3.1630206E0,6.894966E0,-7.326374E-1,-1.248066E0,2.509837E-1,1.0025177E0,-1.735994E0,5.9578706E-2,-1.9235706E-1,-4.9284365E-2],"categories":[],"categories_nodes":[],"categories_segments":[],"categories_sizes":[],"default_left":[0,0,0,0,0,0,0,0,0,0,0],"id":39,"left_children":[1,3,5,-1,7,-1,-1,9,-1,-1,-1],"loss_changes":[2.5723715E2,4.6664635E1,2.9743958E1,0E0,6.432288E0,0E0,0E0,2.1791077E-1,0E0,0E0,0E0],"parents":[2147483647,0,0,1,1,2,2,4,4,7,7],"right_children":[2,4,6,-1,8,-1,-1,10,-1,-1,-1],"split_conditions":[8.0638695E-1,2.0214655E-1,1E0,-7.326374E-1,7.069118E-1,2.509837E-1,1.0025177E0,6.044203E-1,5.9578706E-2,-1.9235706E-1,-4.9284365E-2],"split_indices":[0,0,0,0,0,0,0,0,0,0,0],"split_type":[0,0,0,0,0,0,0,0,0,0,0],"sum_hessian":[9E0,6E0,3E0,1E0,5E0,2E0,1E0,4E0,1E0,3E0,1E0],"tree_param":{"num_deleted":"0","num_feature":"2","num_nodes":"11","size_leaf_vector":"1"}},{"base_weights":[5.23365E-1,-2.9773898E0,6.5188446E0,-6.9600564E-1,-1.1536026E0,2.342519E-1,9.523911E-1,-1.6107209E0,5.6599427E-2,-1.7793007E-1,-4.682007E-2],"categories":[],"categories_nodes":[],"categories_segments":[],"categories_sizes":[],"default_left":[0,0,0,0,0,0,0,0,0,0,0],"id":40,"left_children":[1,3,5,-1,7,-1,-1,9,-1,-1,-1],"loss_changes":[2.2929617E2,4.2815613E1,2.7890594E1,0E0,5.628014E0,0E0,0E0,1.299591E-1,0E0,0E0,0E0],"parents":[2147483647,0,0,1,1,2,2,4,4,7,7],"right_children":[2,4,6,-1,8,-1,-1,10,-1,-1,-1],"split_conditions":[8.0638695E-1,2.0214655E-1,1E0,-6.9600564E-1,7.069118E-1,2.342519E-1,9.523911E-1,6.044203E-1,5.6599427E-2,-1.7793007E-1,-4.682007E-2],"split_indices":[0,0,0,0,0,0,0,0,0,0,0],"split_type":[0,0,0,0,0,0,0,0,0,0,0],"sum_hessian":[9E0,6E0,3E0,1E0,5E0,2E0,1E0,4E0,1E0,3E0,1E0],"tree_param":{"num_deleted":"0","num_feature":"2","num_nodes":"11","size_leaf_vector":"1"}},{"base_weights":[5.032776E-1,-2.192997E0,7.5255837E0,-6.612053E-1,-6.1712426E-1,2.2406617E-1,9.0477145E-1,-1.4945984E0,1.0510407E-1,-1.6458511E-1,-4.447937E-2],"categories":[],"categories_nodes":[],"categories_segments":[],"categories_sizes":[],"default_left":[0,0,0,0,0,0,0,0,0,0,0],"id":41,"left_children":[1,3,5,-1,7,-1,-1,9,-1,-1,-1],"loss_changes":[2.0584425E2,5.1630493E1,3.860138E0,0E0,1.1817285E1,0E0,0E0,6.1865807E-2,0E0,0E0,0E0],"parents":[2147483647,0,0,1,1,2,2,4,4,7,7],"right_children":[2,4,6,-1,8,-1,-1,10,-1,-1,-1],"split_conditions":[9.0745354E-1,2.0214655E-1,1E0,-6.612053E-1,7.069118E-1,2.2406617E-1,9.0477145E-1,6.044203E-1,1.0510407E-1,-1.6458511E-1,-4.447937E-2],"split_indices":[0,0,0,0,0,0,0,0,0,0,0],"split_type":[0,0,0,0,0,0,0,0,0,0,0],"sum_hessian":[9E0,7E0,2E0,1E0,6E0,1E0,1E0,4E0,2E0,3E0,1E0],"tree_param":{"num_deleted":"0","num_feature":"2","num_nodes":"11","size_leaf_vector":"1"}},{"base_weights":[4.893158E-1,-2.0693436E0,7.149302E0,-6.281452E-1,-5.7026345E-1,2.1286316E-1,8.595322E-1,-1.3869522E0,9.809723E-2,-1.5224133E-1,-4.22554E-2],"categories":[],"categories_nodes":[],"categories_segments":[],"categories_sizes":[],"default_left":[0,0,0,0,0,0,0,0,0,0,0],"id":42,"left_children":[1,3,5,-1,7,-1,-1,9,-1,-1,-1],"loss_changes":[1.8520073E2,4.6932228E1,3.4836884E0,0E0,1.0228699E1,0E0,0E0,9.889603E-3,0E0,0E0,0E0],"parents":[2147483647,0,0,1,1,2,2,4,4,7,7],"right_children":[2,4,6,-1,8,-1,-1,10,-1,-1,-1],"split_conditions":[9.0745354E-1,2.0214655E-1,1E0,-6.281452E-1,7.069118E-1,2.1286316E-1,8.595322E-1,6.044203E-1,9.809723E-2,-1.5224133E-1,-4.22554E-2],"split_indices":[0,0,0,0,0,0,0,0,0,0,0],"split_type":[0,0,0,0,0,0,0,0,0,0,0],"sum_hessian":[9E0,7E0,2E0,1E0,6E0,1E0,1E0,4E0,2E0,3E0,1E0],"tree_param":{"num_deleted":"0","num_feature":"2","num_nodes":"11","size_leaf_vector":"1"}},{"base_weights":[4.7517166E-1,-1.9529753E0,6.7918396E0,-5.9673804E-1,-5.2700585E-1,2.0222016E-1,8.165558E-1,-1.2871552E-1,9.155782E-2],"categories":[],"categories_nodes":[],"categories_segments":[],"categories_sizes":[],"default_left":[0,0,0,0,0,0,0,0,0],"id":43,"left_children":[1,3,5,-1,7,-1,-1,-1,-1],"loss_changes":[1.6664227E2,4.2650505E1,3.1440277E0,0E0,8.854547E0,0E0,0E0,0E0,0E0],"parents":[2147483647,0,0,1,1,2,2,4,4],"right_children":[2,4,6,-1,8,-1,-1,-1,-1],"split_conditions":[9.0745354E-1,2.0214655E-1,1E0,-5.9673804E-1,7.069118E-1,2.0222016E-1,8.165558E-1,-1.2871552E-1,9.155782E-2],"split_indices":[0,0,0,0,0,0,0,0,0],"split_type":[0,0,0,0,0,0,0,0,0],"sum_hessian":[9E0,7E0,2E0,1E0,6E0,1E0,1E0,4E0,2E0],"tree_param":{"num_deleted":"0","num_feature":"2","num_nodes":"9","size_leaf_vector":"1"}},{"base_weights":[4.6614534E-1,-1.8369122E0,6.45225E0,-5.66901E-1,-4.7961098E-1,1.9210969E-1,7.7572787E-1,-1.1841812E0,8.545431E-2,-1.3116932E-1,-3.3706665E-2],"categories":[],"categories_nodes":[],"categories_segments":[],"categories_sizes":[],"default_left":[0,0,0,0,0,0,0,0,0,0,0],"id":44,"left_children":[1,3,5,-1,7,-1,-1,9,-1,-1,-1],"loss_changes":[1.4971565E2,3.8891563E1,2.8373718E0,0E0,7.5919714E0,0E0,0E0,9.795761E-2,0E0,0E0,0E0],"parents":[2147483647,0,0,1,1,2,2,4,4,7,7],"right_children":[2,4,6,-1,8,-1,-1,10,-1,-1,-1],"split_conditions":[9.0745354E-1,2.0214655E-1,1E0,-5.66901E-1,7.069118E-1,1.9210969E-1,7.7572787E-1,6.044203E-1,8.545431E-2,-1.3116932E-1,-3.3706665E-2],"split_indices":[0,0,0,0,0,0,0,0,0,0,0],"split_type":[0,0,0,0,0,0,0,0,0,0,0],"sum_hessian":[9E0,7E0,2E0,1E0,6E0,1E0,1E0,4E0,2E0,3E0,1E0],"tree_param":{"num_deleted":"0","num_feature":"2","num_nodes":"11","size_leaf_vector":"1"}},{"base_weights":[4.5168456E-1,-1.7340088E0,6.1296387E0,-5.385559E-1,-4.4299316E-1,1.8250428E-1,7.369415E-1,-1.0987365E0,7.975769E-2,-1.3453268E-1,-4.859009E-2],"categories":[],"categories_nodes":[],"categories_segments":[],"categories_sizes":[],"default_left":[0,0,0,0,0,0,0,0,0,0,0],"id":45,"left_children":[1,3,5,-1,7,-1,-1,9,-1,-1,-1],"loss_changes":[1.347315E2,3.5327896E1,2.5607147E0,0E0,6.5707965E0,0E0,0E0,1.01901054E-1,0E0,0E0,0E0],"parents":[2147483647,0,0,1,1,2,2,4,4,7,7],"right_children":[2,4,6,-1,8,-1,-1,10,-1,-1,-1],"split_conditions":[9.0745354E-1,2.0214655E-1,1E0,-5.385559E-1,7.069118E-1,1.8250428E-1,7.369415E-1,4.0362325E-1,7.975769E-2,-1.3453268E-1,-4.859009E-2],"split_indices":[0,0,0,0,0,0,0,0,0,0,0],"split_type":[0,0,0,0,0,0,0,0,0,0,0],"sum_hessian":[9E0,7E0,2E0,1E0,6E0,1E0,1E0,4E0,2E0,2E0,2E0],"tree_param":{"num_deleted":"0","num_feature":"2","num_nodes":"11","size_leaf_vector":"1"}},{"base_weights":[4.3426743E-1,-1.640851E0,5.8231606E0,-5.11628E-1,-4.1346413E-1,1.7337953E-1,7.0009464E-1,-1.0254898E0,7.444E-2,-1.2556407E-1,-4.53509E-2],"categories":[],"categories_nodes":[],"categories_segments":[],"categories_sizes":[],"default_left":[0,0,0,0,0,0,0,0,0,0,0],"id":46,"left_children":[1,3,5,-1,7,-1,-1,9,-1,-1,-1],"loss_changes":[1.2138087E2,3.2010162E1,2.3109741E0,0E0,5.7238727E0,0E0,0E0,8.876467E-2,0E0,0E0,0E0],"parents":[2147483647,0,0,1,1,2,2,4,4,7,7],"right_children":[2,4,6,-1,8,-1,-1,10,-1,-1,-1],"split_conditions":[9.0745354E-1,2.0214655E-1,1E0,-5.11628E-1,7.069118E-1,1.7337953E-1,7.0009464E-1,4.0362325E-1,7.444E-2,-1.2556407E-1,-4.53509E-2],"split_indices":[0,0,0,0,0,0,0,0,0,0,0],"split_type":[0,0,0,0,0,0,0,0,0,0,0],"sum_hessian":[9E0,7E0,2E0,1E0,6E0,1E0,1E0,4E0,2E0,2E0,2E0],"tree_param":{"num_deleted":"0","num_feature":"2","num_nodes":"11","size_leaf_vector":"1"}},{"base_weights":[4.1737747E-1,-1.5527792E0,5.532003E0,-4.860466E-1,-3.8590023E-1,1.64711E-1,6.650894E-1,-9.5712435E-1,6.947734E-2,-1.17193095E-1,-4.2327628E-2],"categories":[],"categories_nodes":[],"categories_segments":[],"categories_sizes":[],"default_left":[0,0,0,0,0,0,0,0,0,0,0],"id":47,"left_children":[1,3,5,-1,7,-1,-1,9,-1,-1,-1],"loss_changes":[1.0935611E2,2.9001709E1,2.0855637E0,0E0,4.986132E0,0E0,0E0,7.73201E-2,0E0,0E0,0E0],"parents":[2147483647,0,0,1,1,2,2,4,4,7,7],"right_children":[2,4,6,-1,8,-1,-1,10,-1,-1,-1],"split_conditions":[9.0745354E-1,2.0214655E-1,1E0,-4.860466E-1,7.069118E-1,1.64711E-1,6.650894E-1,4.0362325E-1,6.947734E-2,-1.17193095E-1,-4.2327628E-2],"split_indices":[0,0,0,0,0,0,0,0,0,0,0],"split_type":[0,0,0,0,0,0,0,0,0,0,0],"sum_hessian":[9E0,7E0,2E0,1E0,6E0,1E0,1E0,4E0,2E0,2E0,2E0],"tree_param":{"num_deleted":"0","num_feature":"2","num_nodes":"11","size_leaf_vector":"1"}},{"base_weights":[4.0101013E-1,-1.4695129E0,5.2554016E0,-4.617443E-1,-3.601739E-1,1.5647583E-1,6.3183445E-1,-8.9331514E-1,6.484528E-2,-1.0938009E-1,-3.950577E-2],"categories":[],"categories_nodes":[],"categories_segments":[],"categories_sizes":[],"default_left":[0,0,0,0,0,0,0,0,0,0,0],"id":48,"left_children":[1,3,5,-1,7,-1,-1,9,-1,-1,-1],"loss_changes":[9.852539E1,2.6273891E1,1.8821411E0,0E0,4.343456E0,0E0,0E0,6.735301E-2,0E0,0E0,0E0],"parents":[2147483647,0,0,1,1,2,2,4,4,7,7],"right_children":[2,4,6,-1,8,-1,-1,10,-1,-1,-1],"split_conditions":[9.0745354E-1,2.0214655E-1,1E0,-4.617443E-1,7.069118E-1,1.5647583E-1,6.3183445E-1,4.0362325E-1,6.484528E-2,-1.0938009E-1,-3.950577E-2],"split_indices":[0,0,0,0,0,0,0,0,0,0,0],"split_type":[0,0,0,0,0,0,0,0,0,0,0],"sum_hessian":[9E0,7E0,2E0,1E0,6E0,1E0,1E0,4E0,2E0,2E0,2E0],"tree_param":{"num_deleted":"0","num_feature":"2","num_nodes":"11","size_leaf_vector":"1"}},{"base_weights":[3.8516235E-1,-1.3907852E0,4.9926353E0,-4.3865702E-1,-3.361631E-1,1.4865266E-1,6.002426E-1,-8.337601E-1,6.0521957E-2,-9.26035E-2,-2.3233032E-2],"categories":[],"categories_nodes":[],"categories_segments":[],"categories_sizes":[],"default_left":[0,0,0,0,0,0,0,0,0,0,0],"id":49,"left_children":[1,3,5,-1,7,-1,-1,9,-1,-1,-1],"loss_changes":[8.876998E1,2.3800764E1,1.698555E0,0E0,3.7836118E0,0E0,0E0,6.2338114E-2,0E0,0E0,0E0],"parents":[2147483647,0,0,1,1,2,2,4,4,7,7],"right_children":[2,4,6,-1,8,-1,-1,10,-1,-1,-1],"split_conditions":[9.0745354E-1,2.0214655E-1,1E0,-4.3865702E-1,7.069118E-1,1.4865266E-1,6.002426E-1,6.044203E-1,6.0521957E-2,-9.26035E-2,-2.3233032E-2],"split_indices":[0,0,0,0,0,0,0,0,0,0,0],"split_type":[0,0,0,0,0,0,0,0,0,0,0],"sum_hessian":[9E0,7E0,2E0,1E0,6E0,1E0,1E0,4E0,2E0,3E0,1E0],"tree_param":{"num_deleted":"0","num_feature":"2","num_nodes":"11","size_leaf_vector":"1"}},{"base_weights":[3.721405E-1,-1.3134499E0,4.7430015E0,-4.1672403E-1,-3.1044552E-1,1.412201E-1,5.702301E-1,-7.735489E-1,5.648753E-1,-9.591421E-2,-3.3010613E-2,1.7307281E-2,6.7424014E-2],"categories":[],"categories_nodes":[],"categories_segments":[],"categories_sizes":[],"default_left":[0,0,0,0,0,0,0,0,0,0,0,0,0],"id":50,"left_children":[1,3,5,-1,7,-1,-1,9,11,-1,-1,-1,-1],"loss_changes":[7.9904495E1,2.1605213E1,1.5329132E0,0E0,3.2745068E0,0E0,0E0,9.488082E-2,1.1855602E-2,0E0,0E0,0E0,0E0],"parents":[2147483647,0,0,1,1,2,2,4,4,7,7,8,8],"right_children":[2,4,6,-1,8,-1,-1,10,12,-1,-1,-1,-1],"split_conditions":[9.0745354E-1,2.0214655E-1,1E0,-4.1672403E-1,7.069118E-1,1.412201E-1,5.702301E-1,4.0362325E-1,8.0638695E-1,-9.591421E-2,-3.3010613E-2,1.7307281E-2,6.7424014E-2],"split_indices":[0,0,0,0,0,0,0,0,0,0,0,0,0],"split_type":[0,0,0,0,0,0,0,0,0,0,0,0,0],"sum_hessian":[9E0,7E0,2E0,1E0,6E0,1E0,1E0,4E0,2E0,2E0,2E0,1E0,1E0],"tree_param":{"num_deleted":"0","num_feature":"2","num_nodes":"13","size_leaf_vector":"1"}},{"base_weights":[3.5998383E-1,-1.2397175E0,4.5058594E0,-3.9588776E-1,-2.857121E-1,1.3415985E-1,5.417191E-1,-7.219788E-1,5.3663635E-1,-8.951976E-2,-3.0810038E-2,1.6442109E-2,6.405335E-2],"categories":[],"categories_nodes":[],"categories_segments":[],"categories_sizes":[],"default_left":[0,0,0,0,0,0,0,0,0,0,0,0,0],"id":51,"left_children":[1,3,5,-1,7,-1,-1,9,11,-1,-1,-1,-1],"loss_changes":[7.1907616E1,1.9621647E1,1.3833733E0,0E0,2.8987823E0,0E0,0E0,8.2647085E-2,1.0699034E-2,0E0,0E0,0E0,0E0],"parents":[2147483647,0,0,1,1,2,2,4,4,7,7,8,8],"right_children":[2,4,6,-1,8,-1,-1,10,12,-1,-1,-1,-1],"split_conditions":[9.0745354E-1,2.0214655E-1,1E0,-3.9588776E-1,7.069118E-1,1.3415985E-1,5.417191E-1,4.0362325E-1,8.0638695E-1,-8.951976E-2,-3.0810038E-2,1.6442109E-2,6.405335E-2],"split_indices":[0,0,0,0,0,0,0,0,0,0,0,0,0],"split_type":[0,0,0,0,0,0,0,0,0,0,0,0,0],"sum_hessian":[9E0,7E0,2E0,1E0,6E0,1E0,1E0,4E0,2E0,2E0,2E0,1E0,1E0],"tree_param":{"num_deleted":"0","num_feature":"2","num_nodes":"13","size_leaf_vector":"1"}},{"base_weights":[3.480011E-1,-1.1702118E0,4.2805686E0,-3.760933E-1,-2.6283264E-1,1.2745209E-1,5.146332E-1,-6.738464E-1,5.098012E-1,-8.355153E-2,-2.8756205E-2,1.561966E-2,6.0850527E-2],"categories":[],"categories_nodes":[],"categories_segments":[],"categories_sizes":[],"default_left":[0,0,0,0,0,0,0,0,0,0,0,0,0],"id":52,"left_children":[1,3,5,-1,7,-1,-1,9,11,-1,-1,-1,-1],"loss_changes":[6.471392E1,1.7817635E1,1.2484703E0,0E0,2.5664701E0,0E0,0E0,7.1988106E-2,9.660125E-3,0E0,0E0,0E0,0E0],"parents":[2147483647,0,0,1,1,2,2,4,4,7,7,8,8],"right_children":[2,4,6,-1,8,-1,-1,10,12,-1,-1,-1,-1],"split_conditions":[9.0745354E-1,2.0214655E-1,1E0,-3.760933E-1,7.069118E-1,1.2745209E-1,5.146332E-1,4.0362325E-1,8.0638695E-1,-8.355153E-2,-2.8756205E-2,1.561966E-2,6.0850527E-2],"split_indices":[0,0,0,0,0,0,0,0,0,0,0,0,0],"split_type":[0,0,0,0,0,0,0,0,0,0,0,0,0],"sum_hessian":[9E0,7E0,2E0,1E0,6E0,1E0,1E0,4E0,2E0,2E0,2E0,1E0,1E0],"tree_param":{"num_deleted":"0","num_feature":"2","num_nodes":"13","size_leaf_vector":"1"}},{"base_weights":[3.3621827E-1,-1.1046829E0,4.066549E0,-3.5728875E-1,-2.4166979E-1,1.2108002E-1,4.889023E-1,-6.2892306E-1,4.8430887E-1,-7.798157E-2,-2.6838938E-2,1.483841E-2,5.7807922E-2],"categories":[],"categories_nodes":[],"categories_segments":[],"categories_sizes":[],"default_left":[0,0,0,0,0,0,0,0,0,0,0,0,0],"id":53,"left_children":[1,3,5,-1,7,-1,-1,9,11,-1,-1,-1,-1],"loss_changes":[5.8242622E1,1.6177284E1,1.126709E0,0E0,2.272556E0,0E0,0E0,6.271517E-2,8.72159E-3,0E0,0E0,0E0,0E0],"parents":[2147483647,0,0,1,1,2,2,4,4,7,7,8,8],"right_children":[2,4,6,-1,8,-1,-1,10,12,-1,-1,-1,-1],"split_conditions":[9.0745354E-1,2.0214655E-1,1E0,-3.5728875E-1,7.069118E-1,1.2108002E-1,4.889023E-1,4.0362325E-1,8.0638695E-1,-7.798157E-2,-2.6838938E-2,1.483841E-2,5.7807922E-2],"split_indices":[0,0,0,0,0,0,0,0,0,0,0,0,0],"split_type":[0,0,0,0,0,0,0,0,0,0,0,0,0],"sum_hessian":[9E0,7E0,2E0,1E0,6E0,1E0,1E0,4E0,2E0,2E0,2E0,1E0,1E0],"tree_param":{"num_deleted":"0","num_feature":"2","num_nodes":"13","size_leaf_vector":"1"}},{"base_weights":[3.246498E-1,-1.0428953E0,3.8632202E0,-3.3942413E-1,-2.2209713E-1,1.15025334E-1,4.6445772E-1,-5.8699495E-1,4.6009827E-1,-7.27829E-2,-2.5049591E-2,1.4096833E-2,5.491791E-2],"categories":[],"categories_nodes":[],"categories_segments":[],"categories_sizes":[],"default_left":[0,0,0,0,0,0,0,0,0,0,0,0,0],"id":54,"left_children":[1,3,5,-1,7,-1,-1,9,11,-1,-1,-1,-1],"loss_changes":[5.2420483E1,1.4685992E1,1.0169449E0,0E0,2.0125966E0,0E0,0E0,5.4634452E-2,7.86823E-3,0E0,0E0,0E0,0E0],"parents":[2147483647,0,0,1,1,2,2,4,4,7,7,8,8],"right_children":[2,4,6,-1,8,-1,-1,10,12,-1,-1,-1,-1],"split_conditions":[9.0745354E-1,2.0214655E-1,1E0,-3.3942413E-1,7.069118E-1,1.15025334E-1,4.6445772E-1,4.0362325E-1,8.0638695E-1,-7.27829E-2,-2.5049591E-2,1.4096833E-2,5.491791E-2],"split_indices":[0,0,0,0,0,0,0,0,0,0,0,0,0],"split_type":[0,0,0,0,0,0,0,0,0,0,0,0,0],"sum_hessian":[9E0,7E0,2E0,1E0,6E0,1E0,1E0,4E0,2E0,2E0,2E0,1E0,1E0],"tree_param":{"num_deleted":"0","num_feature":"2","num_nodes":"13","size_leaf_vector":"1"}},{"base_weights":[3.133095E-1,-9.8463726E-1,3.6700642E0,-3.2245293E-1,-2.0400564E-1,1.0927429E-1,4.4123536E-1,-5.4786074E-1,4.37088E-1,-6.79306E-2,-2.3379518E-2,1.3391877E-2,5.2171327E-2],"categories":[],"categories_nodes":[],"categories_segments":[],"categories_sizes":[],"default_left":[0,0,0,0,0,0,0,0,0,0,0,0,0],"id":55,"left_children":[1,3,5,-1,7,-1,-1,9,11,-1,-1,-1,-1],"loss_changes":[4.718257E1,1.3330421E1,9.1778946E-1,0E0,1.7825665E0,0E0,0E0,4.7593713E-2,7.1001053E-3,0E0,0E0,0E0,0E0],"parents":[2147483647,0,0,1,1,2,2,4,4,7,7,8,8],"right_children":[2,4,6,-1,8,-1,-1,10,12,-1,-1,-1,-1],"split_conditions":[9.0745354E-1,2.0214655E-1,1E0,-3.2245293E-1,7.069118E-1,1.0927429E-1,4.4123536E-1,4.0362325E-1,8.0638695E-1,-6.79306E-2,-2.3379518E-2,1.3391877E-2,5.2171327E-2],"split_indices":[0,0,0,0,0,0,0,0,0,0,0,0,0],"split_type":[0,0,0,0,0,0,0,0,0,0,0,0,0],"sum_hessian":[9E0,7E0,2E0,1E0,6E0,1E0,1E0,4E0,2E0,2E0,2E0,1E0,1E0],"tree_param":{"num_deleted":"0","num_feature":"2","num_nodes":"13","size_leaf_vector":"1"}},{"base_weights":[3.0220795E-1,-9.2970085E-1,3.486562E0,-3.063301E-1,-1.8728638E-1,1.03810124E-1,4.191742E-1,-5.113373E-1,4.1522726E-1,-6.3401796E-2,-2.1821087E-2,1.2722015E-2,4.9562074E-2],"categories":[],"categories_nodes":[],"categories_segments":[],"categories_sizes":[],"default_left":[0,0,0,0,0,0,0,0,0,0,0,0,0],"id":56,"left_children":[1,3,5,-1,7,-1,-1,9,11,-1,-1,-1,-1],"loss_changes":[4.24698E1,1.2098412E1,8.283615E-1,0E0,1.5790367E0,0E0,0E0,4.145515E-2,6.408751E-3,0E0,0E0,0E0,0E0],"parents":[2147483647,0,0,1,1,2,2,4,4,7,7,8,8],"right_children":[2,4,6,-1,8,-1,-1,10,12,-1,-1,-1,-1],"split_conditions":[9.0745354E-1,2.0214655E-1,1E0,-3.063301E-1,7.069118E-1,1.03810124E-1,4.191742E-1,4.0362325E-1,8.0638695E-1,-6.3401796E-2,-2.1821087E-2,1.2722015E-2,4.9562074E-2],"split_indices":[0,0,0,0,0,0,0,0,0,0,0,0,0],"split_type":[0,0,0,0,0,0,0,0,0,0,0,0,0],"sum_hessian":[9E0,7E0,2E0,1E0,6E0,1E0,1E0,4E0,2E0,2E0,2E0,1E0,1E0],"tree_param":{"num_deleted":"0","num_feature":"2","num_nodes":"13","size_leaf_vector":"1"}},{"base_weights":[2.9135817E-1,-8.778906E-1,3.3122356E0,-2.9101372E-1,-1.7183577E-1,9.861908E-2,3.9821625E-1,-4.7724915E-1,3.9446512E-1,-5.917511E-2,-2.0366414E-2,1.2085724E-2,4.7084045E-2],"categories":[],"categories_nodes":[],"categories_segments":[],"categories_sizes":[],"default_left":[0,0,0,0,0,0,0,0,0,0,0,0,0],"id":57,"left_children":[1,3,5,-1,7,-1,-1,9,11,-1,-1,-1,-1],"loss_changes":[3.822935E1,1.0978956E1,7.476692E-1,0E0,1.3989493E0,0E0,0E0,3.6111593E-2,5.7862103E-3,0E0,0E0,0E0,0E0],"parents":[2147483647,0,0,1,1,2,2,4,4,7,7,8,8],"right_children":[2,4,6,-1,8,-1,-1,10,12,-1,-1,-1,-1],"split_conditions":[9.0745354E-1,2.0214655E-1,1E0,-2.9101372E-1,7.069118E-1,9.861908E-2,3.9821625E-1,4.0362325E-1,8.0638695E-1,-5.917511E-2,-2.0366414E-2,1.2085724E-2,4.7084045E-2],"split_indices":[0,0,0,0,0,0,0,0,0,0,0,0,0],"split_type":[0,0,0,0,0,0,0,0,0,0,0,0,0],"sum_hessian":[9E0,7E0,2E0,1E0,6E0,1E0,1E0,4E0,2E0,2E0,2E0,1E0,1E0],"tree_param":{"num_deleted":"0","num_feature":"2","num_nodes":"13","size_leaf_vector":"1"}},{"base_weights":[2.8076476E-1,-8.2902527E-1,3.1466167E0,-2.7646294E-1,-1.5756334E-1,9.368744E-2,3.7830505E-1,-4.4543305E-1,3.747406E-1,-5.5230208E-2,-1.9008636E-2,1.1481476E-2,4.4729616E-2],"categories":[],"categories_nodes":[],"categories_segments":[],"categories_sizes":[],"default_left":[0,0,0,0,0,0,0,0,0,0,0,0,0],"id":58,"left_children":[1,3,5,-1,7,-1,-1,9,11,-1,-1,-1,-1],"loss_changes":[3.4413563E1,9.961871E0,6.7481995E-1,0E0,1.2395612E0,0E0,0E0,3.145814E-2,5.2209795E-3,0E0,0E0,0E0,0E0],"parents":[2147483647,0,0,1,1,2,2,4,4,7,7,8,8],"right_children":[2,4,6,-1,8,-1,-1,10,12,-1,-1,-1,-1],"split_conditions":[9.0745354E-1,2.0214655E-1,1E0,-2.7646294E-1,7.069118E-1,9.368744E-2,3.7830505E-1,4.0362325E-1,8.0638695E-1,-5.5230208E-2,-1.9008636E-2,1.1481476E-2,4.4729616E-2],"split_indices":[0,0,0,0,0,0,0,0,0,0,0,0,0],"split_type":[0,0,0,0,0,0,0,0,0,0,0,0,0],"sum_hessian":[9E0,7E0,2E0,1E0,6E0,1E0,1E0,4E0,2E0,2E0,2E0,1E0,1E0],"tree_param":{"num_deleted":"0","num_feature":"2","num_nodes":"13","size_leaf_vector":"1"}},{"base_weights":[2.7043992E-1,-7.8293324E-1,2.9892883E0,-2.626396E-1,-1.4438193E-1,8.900299E-2,3.5939026E-1,-4.1573638E-1,3.560028E-1,-4.6657752E-2,-1.0618592E-2,1.0907746E-2,4.2492677E-2],"categories":[],"categories_nodes":[],"categories_segments":[],"categories_sizes":[],"default_left":[0,0,0,0,0,0,0,0,0,0,0,0,0],"id":59,"left_children":[1,3,5,-1,7,-1,-1,9,11,-1,-1,-1,-1],"loss_changes":[3.0980032E1,9.03796E0,6.09045E-1,0E0,1.0984747E0,0E0,0E0,2.9145539E-2,4.707277E-3,0E0,0E0,0E0,0E0],"parents":[2147483647,0,0,1,1,2,2,4,4,7,7,8,8],"right_children":[2,4,6,-1,8,-1,-1,10,12,-1,-1,-1,-1],"split_conditions":[9.0745354E-1,2.0214655E-1,1E0,-2.626396E-1,7.069118E-1,8.900299E-2,3.5939026E-1,6.044203E-1,8.0638695E-1,-4.6657752E-2,-1.0618592E-2,1.0907746E-2,4.2492677E-2],"split_indices":[0,0,0,0,0,0,0,0,0,0,0,0,0],"split_type":[0,0,0,0,0,0,0,0,0,0,0,0,0],"sum_hessian":[9E0,7E0,2E0,1E0,6E0,1E0,1E0,4E0,2E0,3E0,1E0,1E0,1E0],"tree_param":{"num_deleted":"0","num_feature":"2","num_nodes":"13","size_leaf_vector":"1"}},{"base_weights":[2.61586E-1,-7.379513E-1,2.8398235E0,-2.4950753E-1,-1.3049425E-1,8.455353E-2,3.4142E-1,-3.8561553E-1,3.3820596E-1,-4.8437502E-2,-1.5831757E-2,1.0362244E-2,4.0368654E-2],"categories":[],"categories_nodes":[],"categories_segments":[],"categories_sizes":[],"default_left":[0,0,0,0,0,0,0,0,0,0,0,0,0],"id":60,"left_children":[1,3,5,-1,7,-1,-1,9,11,-1,-1,-1,-1],"loss_changes":[2.7866096E1,8.213426E0,5.4958725E-1,0E0,9.674453E-1,0E0,0E0,3.555405E-2,4.2509735E-3,0E0,0E0,0E0,0E0],"parents":[2147483647,0,0,1,1,2,2,4,4,7,7,8,8],"right_children":[2,4,6,-1,8,-1,-1,10,12,-1,-1,-1,-1],"split_conditions":[9.0745354E-1,2.0214655E-1,1E0,-2.4950753E-1,7.069118E-1,8.455353E-2,3.4142E-1,4.0362325E-1,8.0638695E-1,-4.8437502E-2,-1.5831757E-2,1.0362244E-2,4.0368654E-2],"split_indices":[0,0,0,0,0,0,0,0,0,0,0,0,0],"split_type":[0,0,0,0,0,0,0,0,0,0,0,0,0],"sum_hessian":[9E0,7E0,2E0,1E0,6E0,1E0,1E0,4E0,2E0,2E0,2E0,1E0,1E0],"tree_param":{"num_deleted":"0","num_feature":"2","num_nodes":"13","size_leaf_vector":"1"}},{"base_weights":[2.5171813E-1,-6.9703674E-1,2.6978252E0,-2.3703232E-1,-1.19378224E-1,8.032532E-2,3.2434845E-1,-3.5990602E-1,3.2129416E-1,-5.180931E-2,-1.9083595E-2,9.844208E-3,3.8349915E-2],"categories":[],"categories_nodes":[],"categories_segments":[],"categories_sizes":[],"default_left":[0,0,0,0,0,0,0,0,0,0,0,0,0],"id":61,"left_children":[1,3,5,-1,7,-1,-1,9,11,-1,-1,-1,-1],"loss_changes":[2.5088041E1,7.4497404E0,4.9603653E-1,0E0,8.575933E-1,0E0,0E0,3.4852684E-2,3.835082E-3,0E0,0E0,0E0,0E0],"parents":[2147483647,0,0,1,1,2,2,4,4,7,7,8,8],"right_children":[2,4,6,-1,8,-1,-1,10,12,-1,-1,-1,-1],"split_conditions":[9.0745354E-1,2.0214655E-1,1E0,-2.3703232E-1,7.069118E-1,8.032532E-2,3.2434845E-1,3.0176786E-1,8.0638695E-1,-5.180931E-2,-1.9083595E-2,9.844208E-3,3.8349915E-2],"split_indices":[0,0,0,0,0,0,0,0,0,0,0,0,0],"split_type":[0,0,0,0,0,0,0,0,0,0,0,0,0],"sum_hessian":[9E0,7E0,2E0,1E0,6E0,1E0,1E0,4E0,2E0,1E0,3E0,1E0,1E0],"tree_param":{"num_deleted":"0","num_feature":"2","num_nodes":"13","size_leaf_vector":"1"}},{"base_weights":[2.410408E-1,-6.598005E-1,2.5629375E0,-2.2518082E-1,-1.10683985E-1,7.6309204E-2,3.0813143E-1,-3.3809358E-1,3.0522665E-1,-4.921875E-2,-1.7652322E-2,9.352112E-3,3.6431886E-2],"categories":[],"categories_nodes":[],"categories_segments":[],"categories_sizes":[],"default_left":[0,0,0,0,0,0,0,0,0,0,0,0,0],"id":62,"left_children":[1,3,5,-1,7,-1,-1,9,11,-1,-1,-1,-1],"loss_changes":[2.2607632E1,6.744343E0,4.4766808E-1,0E0,7.652696E-1,0E0,0E0,3.7602544E-2,3.458947E-3,0E0,0E0,0E0,0E0],"parents":[2147483647,0,0,1,1,2,2,4,4,7,7,8,8],"right_children":[2,4,6,-1,8,-1,-1,10,12,-1,-1,-1,-1],"split_conditions":[9.0745354E-1,2.0214655E-1,1E0,-2.2518082E-1,7.069118E-1,7.6309204E-2,3.0813143E-1,3.0176786E-1,8.0638695E-1,-4.921875E-2,-1.7652322E-2,9.352112E-3,3.6431886E-2],"split_indices":[0,0,0,0,0,0,0,0,0,0,0,0,0],"split_type":[0,0,0,0,0,0,0,0,0,0,0,0,0],"sum_hessian":[9E0,7E0,2E0,1E0,6E0,1E0,1E0,4E0,2E0,1E0,3E0,1E0,1E0],"tree_param":{"num_deleted":"0","num_feature":"2","num_nodes":"13","size_leaf_vector":"1"}},{"base_weights":[2.307518E-1,-6.246042E-1,2.434784E0,-2.1392174E-1,-1.0262843E-1,7.249298E-2,2.927246E-1,-3.1765747E-1,2.8996277E-1,-4.6757888E-2,-1.632824E-2,8.88443E-3,3.4609985E-2],"categories":[],"categories_nodes":[],"categories_segments":[],"categories_sizes":[],"default_left":[0,0,0,0,0,0,0,0,0,0,0,0,0],"id":63,"left_children":[1,3,5,-1,7,-1,-1,9,11,-1,-1,-1,-1],"loss_changes":[2.0373098E1,6.1051874E0,4.04068E-1,0E0,6.830384E-1,0E0,0E0,3.937328E-2,3.1216443E-3,0E0,0E0,0E0,0E0],"parents":[2147483647,0,0,1,1,2,2,4,4,7,7,8,8],"right_children":[2,4,6,-1,8,-1,-1,10,12,-1,-1,-1,-1],"split_conditions":[9.0745354E-1,2.0214655E-1,1E0,-2.1392174E-1,7.069118E-1,7.249298E-2,2.927246E-1,3.0176786E-1,8.0638695E-1,-4.6757888E-2,-1.632824E-2,8.88443E-3,3.4609985E-2],"split_indices":[0,0,0,0,0,0,0,0,0,0,0,0,0],"split_type":[0,0,0,0,0,0,0,0,0,0,0,0,0],"sum_hessian":[9E0,7E0,2E0,1E0,6E0,1E0,1E0,4E0,2E0,1E0,3E0,1E0,1E0],"tree_param":{"num_deleted":"0","num_feature":"2","num_nodes":"13","size_leaf_vector":"1"}},{"base_weights":[2.2084884E-1,-5.9133244E-1,2.3130493E0,-2.0322572E-1,-9.516362E-2,6.886902E-2,2.780884E-1,-2.985092E-1,2.7546692E-1,-4.4419862E-2,-1.5103722E-2,8.4404E-3,3.287964E-2],"categories":[],"categories_nodes":[],"categories_segments":[],"categories_sizes":[],"default_left":[0,0,0,0,0,0,0,0,0,0,0,0,0],"id":64,"left_children":[1,3,5,-1,7,-1,-1,9,11,-1,-1,-1,-1],"loss_changes":[1.8360243E1,5.526138E0,3.6462593E-1,0E0,6.09792E-1,0E0,0E0,4.0335E-2,2.8161258E-3,0E0,0E0,0E0,0E0],"parents":[2147483647,0,0,1,1,2,2,4,4,7,7,8,8],"right_children":[2,4,6,-1,8,-1,-1,10,12,-1,-1,-1,-1],"split_conditions":[9.0745354E-1,2.0214655E-1,1E0,-2.0322572E-1,7.069118E-1,6.886902E-2,2.780884E-1,3.0176786E-1,8.0638695E-1,-4.4419862E-2,-1.5103722E-2,8.4404E-3,3.287964E-2],"split_indices":[0,0,0,0,0,0,0,0,0,0,0,0,0],"split_type":[0,0,0,0,0,0,0,0,0,0,0,0,0],"sum_hessian":[9E0,7E0,2E0,1E0,6E0,1E0,1E0,4E0,2E0,1E0,3E0,1E0,1E0],"tree_param":{"num_deleted":"0","num_feature":"2","num_nodes":"13","size_leaf_vector":"1"}},{"base_weights":[2.1131897E-1,-5.598755E-1,2.197398E0,-1.930645E-1,-8.824485E-2,6.542511E-2,2.6418456E-1,-2.8056183E-1,2.616984E-1,-4.2198945E-2,-1.3970757E-2,8.018494E-3,3.1236267E-2],"categories":[],"categories_nodes":[],"categories_segments":[],"categories_sizes":[],"default_left":[0,0,0,0,0,0,0,0,0,0,0,0,0],"id":65,"left_children":[1,3,5,-1,7,-1,-1,9,11,-1,-1,-1,-1],"loss_changes":[1.6546799E1,5.001606E0,3.2911396E-1,0E0,5.445228E-1,0E0,0E0,4.064831E-2,2.5419593E-3,0E0,0E0,0E0,0E0],"parents":[2147483647,0,0,1,1,2,2,4,4,7,7,8,8],"right_children":[2,4,6,-1,8,-1,-1,10,12,-1,-1,-1,-1],"split_conditions":[9.0745354E-1,2.0214655E-1,1E0,-1.930645E-1,7.069118E-1,6.542511E-2,2.6418456E-1,3.0176786E-1,8.0638695E-1,-4.2198945E-2,-1.3970757E-2,8.018494E-3,3.1236267E-2],"split_indices":[0,0,0,0,0,0,0,0,0,0,0,0,0],"split_type":[0,0,0,0,0,0,0,0,0,0,0,0,0],"sum_hessian":[9E0,7E0,2E0,1E0,6E0,1E0,1E0,4E0,2E0,1E0,3E0,1E0,1E0],"tree_param":{"num_deleted":"0","num_feature":"2","num_nodes":"13","size_leaf_vector":"1"}},{"base_weights":[2.0214692E-1,-5.30138E-1,2.0875244E0,-1.834114E-1,-8.183943E-2,6.2153626E-2,2.5097504E-1,-2.6373902E-1,2.4860637E-1,-4.0089037E-2,-1.292286E-2,7.6171877E-3,2.9673768E-2],"categories":[],"categories_nodes":[],"categories_segments":[],"categories_sizes":[],"default_left":[0,0,0,0,0,0,0,0,0,0,0,0,0],"id":66,"left_children":[1,3,5,-1,7,-1,-1,9,11,-1,-1,-1,-1],"loss_changes":[1.491301E1,4.5264626E0,2.9703426E-1,0E0,4.8632285E-1,0E0,0E0,4.0434927E-2,2.2954345E-3,0E0,0E0,0E0,0E0],"parents":[2147483647,0,0,1,1,2,2,4,4,7,7,8,8],"right_children":[2,4,6,-1,8,-1,-1,10,12,-1,-1,-1,-1],"split_conditions":[9.0745354E-1,2.0214655E-1,1E0,-1.834114E-1,7.069118E-1,6.2153626E-2,2.5097504E-1,3.0176786E-1,8.0638695E-1,-4.0089037E-2,-1.292286E-2,7.6171877E-3,2.9673768E-2],"split_indices":[0,0,0,0,0,0,0,0,0,0,0,0,0],"split_type":[0,0,0,0,0,0,0,0,0,0,0,0,0],"sum_hessian":[9E0,7E0,2E0,1E0,6E0,1E0,1E0,4E0,2E0,1E0,3E0,1E0,1E0],"tree_param":{"num_deleted":"0","num_feature":"2","num_nodes":"13","size_leaf_vector":"1"}},{"base_weights":[1.9333267E-1,-5.020132E-1,1.9831442E0,-1.7424087E-1,-7.5898305E-2,5.904541E-2,2.3842621E-1,-2.47966E-1,2.3618062E-1,-3.8084414E-2,-1.1953545E-2,7.2364807E-3,2.8190613E-2],"categories":[],"categories_nodes":[],"categories_segments":[],"categories_sizes":[],"default_left":[0,0,0,0,0,0,0,0,0,0,0,0,0],"id":67,"left_children":[1,3,5,-1,7,-1,-1,9,11,-1,-1,-1,-1],"loss_changes":[1.3440944E1,4.0961623E0,2.6810265E-1,0E0,4.3445566E-1,0E0,0E0,3.9803684E-2,2.0716041E-3,0E0,0E0,0E0,0E0],"parents":[2147483647,0,0,1,1,2,2,4,4,7,7,8,8],"right_children":[2,4,6,-1,8,-1,-1,10,12,-1,-1,-1,-1],"split_conditions":[9.0745354E-1,2.0214655E-1,1E0,-1.7424087E-1,7.069118E-1,5.904541E-2,2.3842621E-1,3.0176786E-1,8.0638695E-1,-3.8084414E-2,-1.1953545E-2,7.2364807E-3,2.8190613E-2],"split_indices":[0,0,0,0,0,0,0,0,0,0,0,0,0],"split_type":[0,0,0,0,0,0,0,0,0,0,0,0,0],"sum_hessian":[9E0,7E0,2E0,1E0,6E0,1E0,1E0,4E0,2E0,1E0,3E0,1E0,1E0],"tree_param":{"num_deleted":"0","num_feature":"2","num_nodes":"13","size_leaf_vector":"1"}},{"base_weights":[1.8485947E-1,-4.7541904E-1,1.8839823E0,-1.6552888E-1,-7.039642E-2,5.6092836E-2,2.2650452E-1,-2.3317719E-1,2.2437032E-1,-3.6180116E-2,-1.1057091E-2,6.8748477E-3,2.67807E-2],"categories":[],"categories_nodes":[],"categories_segments":[],"categories_sizes":[],"default_left":[0,0,0,0,0,0,0,0,0,0,0,0,0],"id":68,"left_children":[1,3,5,-1,7,-1,-1,9,11,-1,-1,-1,-1],"loss_changes":[1.2114625E1,3.7064648E0,2.4197197E-1,0E0,3.881945E-1,0E0,0E0,3.8845837E-2,1.8677711E-3,0E0,0E0,0E0,0E0],"parents":[2147483647,0,0,1,1,2,2,4,4,7,7,8,8],"right_children":[2,4,6,-1,8,-1,-1,10,12,-1,-1,-1,-1],"split_conditions":[9.0745354E-1,2.0214655E-1,1E0,-1.6552888E-1,7.069118E-1,5.6092836E-2,2.2650452E-1,3.0176786E-1,8.0638695E-1,-3.6180116E-2,-1.1057091E-2,6.8748477E-3,2.67807E-2],"split_indices":[0,0,0,0,0,0,0,0,0,0,0,0,0],"split_type":[0,0,0,0,0,0,0,0,0,0,0,0,0],"sum_hessian":[9E0,7E0,2E0,1E0,6E0,1E0,1E0,4E0,2E0,1E0,3E0,1E0,1E0],"tree_param":{"num_deleted":"0","num_feature":"2","num_nodes":"13","size_leaf_vector":"1"}},{"base_weights":[1.7672043E-1,-4.5026875E-1,1.7897848E0,-1.572525E-1,-6.529999E-2,5.328827E-2,2.1517944E-1,-2.1930695E-1,2.1314494E-1,-3.4371186E-2,-1.0227776E-2,6.5307617E-3,2.544098E-2],"categories":[],"categories_nodes":[],"categories_segments":[],"categories_sizes":[],"default_left":[0,0,0,0,0,0,0,0,0,0,0,0,0],"id":69,"left_children":[1,3,5,-1,7,-1,-1,9,11,-1,-1,-1,-1],"loss_changes":[1.0919623E1,3.3535833E0,2.1837902E-1,0E0,3.4692135E-1,0E0,0E0,3.764096E-2,1.6865581E-3,0E0,0E0,0E0,0E0],"parents":[2147483647,0,0,1,1,2,2,4,4,7,7,8,8],"right_children":[2,4,6,-1,8,-1,-1,10,12,-1,-1,-1,-1],"split_conditions":[9.0745354E-1,2.0214655E-1,1E0,-1.572525E-1,7.069118E-1,5.328827E-2,2.1517944E-1,3.0176786E-1,8.0638695E-1,-3.4371186E-2,-1.0227776E-2,6.5307617E-3,2.544098E-2],"split_indices":[0,0,0,0,0,0,0,0,0,0,0,0,0],"split_type":[0,0,0,0,0,0,0,0,0,0,0,0,0],"sum_hessian":[9E0,7E0,2E0,1E0,6E0,1E0,1E0,4E0,2E0,1E0,3E0,1E0,1E0],"tree_param":{"num_deleted":"0","num_feature":"2","num_nodes":"13","size_leaf_vector":"1"}},{"base_weights":[1.689064E-1,-4.264784E-1,1.700297E0,-1.4939003E-1,-6.0575213E-2,5.0624084E-2,2.0442048E-1,-2.0629577E-1,2.0248413E-1,-2.8160349E-2,-6.2222797E-3,6.2042237E-3,2.4168396E-2],"categories":[],"categories_nodes":[],"categories_segments":[],"categories_sizes":[],"default_left":[0,0,0,0,0,0,0,0,0,0,0,0,0],"id":70,"left_children":[1,3,5,-1,7,-1,-1,9,11,-1,-1,-1,-1],"loss_changes":[9.842807E0,3.034091E0,1.9707584E-1,0E0,3.101037E-1,0E0,0E0,3.6726877E-2,1.5212819E-3,0E0,0E0,0E0,0E0],"parents":[2147483647,0,0,1,1,2,2,4,4,7,7,8,8],"right_children":[2,4,6,-1,8,-1,-1,10,12,-1,-1,-1,-1],"split_conditions":[9.0745354E-1,2.0214655E-1,1E0,-1.4939003E-1,7.069118E-1,5.0624084E-2,2.0442048E-1,4.0362325E-1,8.0638695E-1,-2.8160349E-2,-6.2222797E-3,6.2042237E-3,2.4168396E-2],"split_indices":[0,0,0,0,0,0,0,0,0,0,0,0,0],"split_type":[0,0,0,0,0,0,0,0,0,0,0,0,0],"sum_hessian":[9E0,7E0,2E0,1E0,6E0,1E0,1E0,4E0,2E0,2E0,2E0,1E0,1E0],"tree_param":{"num_deleted":"0","num_feature":"2","num_nodes":"13","size_leaf_vector":"1"}},{"base_weights":[1.621811E-1,-4.030056E-1,1.6152853E0,-1.4192048E-1,-5.5090766E-2,4.8092652E-2,1.9420014E-1,-1.9254151E-1,1.9235738E-1,-3.124466E-2,-8.445358E-2,5.8937073E-3,2.2959901E-2,-9.547933E-3,-2.5688172E-3],"categories":[],"categories_nodes":[],"categories_segments":[],"categories_sizes":[],"default_left":[0,0,0,0,0,0,0,0,0,0,0,0,0,0,0],"id":71,"left_children":[1,3,5,-1,7,-1,-1,9,11,-1,13,-1,-1,-1,-1],"loss_changes":[8.86372E0,2.750221E0,1.7787981E-1,0E0,2.7512032E-1,0E0,0E0,3.841421E-2,1.3744757E-3,0E0,1.3903901E-4,0E0,0E0,0E0,0E0],"parents":[2147483647,0,0,1,1,2,2,4,4,7,7,8,8,10,10],"right_children":[2,4,6,-1,8,-1,-1,10,12,-1,14,-1,-1,-1,-1],"split_conditions":[9.0745354E-1,2.0214655E-1,1E0,-1.4192048E-1,7.069118E-1,4.8092652E-2,1.9420014E-1,3.0176786E-1,8.0638695E-1,-3.124466E-2,6.044203E-1,5.8937073E-3,2.2959901E-2,-9.547933E-3,-2.5688172E-3],"split_indices":[0,0,0,0,0,0,0,0,0,0,0,0,0,0,0],"split_type":[0,0,0,0,0,0,0,0,0,0,0,0,0,0,0],"sum_hessian":[9E0,7E0,2E0,1E0,6E0,1E0,1E0,4E0,2E0,1E0,3E0,1E0,1E0,2E0,1E0],"tree_param":{"num_deleted":"0","num_feature":"2","num_nodes":"15","size_leaf_vector":"1"}},{"base_weights":[1.5454789E-1,-3.8225842E-1,1.5345154E0,-1.3482438E-1,-5.165427E-2,4.5687865E-2,1.8448944E-1,-1.8196258E-1,1.8274434E-1,-2.9682541E-2,-7.904053E-2,5.599213E-3,2.1812439E-2,-8.911642E-3,-2.4406433E-3],"categories":[],"categories_nodes":[],"categories_segments":[],"categories_sizes":[],"default_left":[0,0,0,0,0,0,0,0,0,0,0,0,0,0,0],"id":72,"left_children":[1,3,5,-1,7,-1,-1,9,11,-1,13,-1,-1,-1,-1],"loss_changes":[7.994334E0,2.4852273E0,1.6053438E-1,0E0,2.4706125E-1,0E0,0E0,3.5648346E-2,1.240246E-3,0E0,2.6933849E-5,0E0,0E0,0E0,0E0],"parents":[2147483647,0,0,1,1,2,2,4,4,7,7,8,8,10,10],"right_children":[2,4,6,-1,8,-1,-1,10,12,-1,14,-1,-1,-1,-1],"split_conditions":[9.0745354E-1,2.0214655E-1,1E0,-1.3482438E-1,7.069118E-1,4.5687865E-2,1.8448944E-1,3.0176786E-1,8.0638695E-1,-2.9682541E-2,6.044203E-1,5.599213E-3,2.1812439E-2,-8.911642E-3,-2.4406433E-3],"split_indices":[0,0,0,0,0,0,0,0,0,0,0,0,0,0,0],"split_type":[0,0,0,0,0,0,0,0,0,0,0,0,0,0,0],"sum_hessian":[9E0,7E0,2E0,1E0,6E0,1E0,1E0,4E0,2E0,1E0,3E0,1E0,1E0,2E0,1E0],"tree_param":{"num_deleted":"0","num_feature":"2","num_nodes":"15","size_leaf_vector":"1"}},{"base_weights":[1.4726715E-1,-3.6258888E-1,1.4577942E0,-1.2808304E-1,-4.8435755E-2,4.3403625E-2,1.752655E-1,-1.7197266E-1,1.7360432E-1,-2.8198242E-2,-7.397461E-3,5.319214E-3,2.0721436E-2],"categories":[],"categories_nodes":[],"categories_segments":[],"categories_sizes":[],"default_left":[0,0,0,0,0,0,0,0,0,0,0,0,0],"id":73,"left_children":[1,3,5,-1,7,-1,-1,9,11,-1,-1,-1,-1],"loss_changes":[7.210381E0,2.2457094E0,1.4488268E-1,0E0,2.218662E-1,0E0,0E0,3.3044174E-2,1.1189952E-3,0E0,0E0,0E0,0E0],"parents":[2147483647,0,0,1,1,2,2,4,4,7,7,8,8],"right_children":[2,4,6,-1,8,-1,-1,10,12,-1,-1,-1,-1],"split_conditions":[9.0745354E-1,2.0214655E-1,1E0,-1.2808304E-1,7.069118E-1,4.3403625E-2,1.752655E-1,3.0176786E-1,8.0638695E-1,-2.8198242E-2,-7.397461E-3,5.319214E-3,2.0721436E-2],"split_indices":[0,0,0,0,0,0,0,0,0,0,0,0,0],"split_type":[0,0,0,0,0,0,0,0,0,0,0,0,0],"sum_hessian":[9E0,7E0,2E0,1E0,6E0,1E0,1E0,4E0,2E0,1E0,3E0,1E0,1E0],"tree_param":{"num_deleted":"0","num_feature":"2","num_nodes":"13","size_leaf_vector":"1"}},{"base_weights":[1.4064483E-1,-3.4353447E-1,1.3849081E0,-1.21678926E-1,-4.495675E-2,4.1233826E-2,1.6650239E-1,-1.618927E-1,1.6492207E-1,-2.678833E-2,-6.8424225E-2,5.052948E-3,1.9685363E-2,-7.824198E-3,-1.9485474E-3],"categories":[],"categories_nodes":[],"categories_segments":[],"categories_sizes":[],"default_left":[0,0,0,0,0,0,0,0,0,0,0,0,0,0,0],"id":74,"left_children":[1,3,5,-1,7,-1,-1,9,11,-1,13,-1,-1,-1,-1],"loss_changes":[6.5002284E0,2.0311723E0,1.307435E-1,0E0,1.9849633E-1,0E0,0E0,3.1204179E-2,1.0112971E-3,0E0,3.972929E-4,0E0,0E0,0E0,0E0],"parents":[2147483647,0,0,1,1,2,2,4,4,7,7,8,8,10,10],"right_children":[2,4,6,-1,8,-1,-1,10,12,-1,14,-1,-1,-1,-1],"split_conditions":[9.0745354E-1,2.0214655E-1,1E0,-1.21678926E-1,7.069118E-1,4.1233826E-2,1.6650239E-1,3.0176786E-1,8.0638695E-1,-2.678833E-2,6.044203E-1,5.052948E-3,1.9685363E-2,-7.824198E-3,-1.9485474E-3],"split_indices":[0,0,0,0,0,0,0,0,0,0,0,0,0,0,0],"split_type":[0,0,0,0,0,0,0,0,0,0,0,0,0,0,0],"sum_hessian":[9E0,7E0,2E0,1E0,6E0,1E0,1E0,4E0,2E0,1E0,3E0,1E0,1E0,2E0,1E0],"tree_param":{"num_deleted":"0","num_feature":"2","num_nodes":"15","size_leaf_vector":"1"}},{"base_weights":[1.3400574E-1,-3.258667E-1,1.3156637E0,-1.15594864E-1,-4.2148046E-2,3.9172363E-2,1.5817718E-1,-1.5301362E-1,1.5667725E-1,-2.5448991E-2,-6.4022064E-2,4.800415E-3,1.8701172E-2,-7.3023476E-3,-1.8508912E-3],"categories":[],"categories_nodes":[],"categories_segments":[],"categories_sizes":[],"default_left":[0,0,0,0,0,0,0,0,0,0,0,0,0,0,0],"id":75,"left_children":[1,3,5,-1,7,-1,-1,9,11,-1,13,-1,-1,-1,-1],"loss_changes":[5.8628497E0,1.835357E0,1.1798668E-1,0E0,1.782739E-1,0E0,0E0,2.8859697E-2,9.1228634E-4,0E0,2.8714538E-4,0E0,0E0,0E0,0E0],"parents":[2147483647,0,0,1,1,2,2,4,4,7,7,8,8,10,10],"right_children":[2,4,6,-1,8,-1,-1,10,12,-1,14,-1,-1,-1,-1],"split_conditions":[9.0745354E-1,2.0214655E-1,1E0,-1.15594864E-1,7.069118E-1,3.9172363E-2,1.5817718E-1,3.0176786E-1,8.0638695E-1,-2.5448991E-2,6.044203E-1,4.800415E-3,1.8701172E-2,-7.3023476E-3,-1.8508912E-3],"split_indices":[0,0,0,0,0,0,0,0,0,0,0,0,0,0,0],"split_type":[0,0,0,0,0,0,0,0,0,0,0,0,0,0,0],"sum_hessian":[9E0,7E0,2E0,1E0,6E0,1E0,1E0,4E0,2E0,1E0,3E0,1E0,1E0,2E0,1E0],"tree_param":{"num_deleted":"0","num_feature":"2","num_nodes":"15","size_leaf_vector":"1"}},{"base_weights":[1.27668E-1,-3.0911922E-1,1.2498779E0,-1.0981522E-1,-3.9521355E-2,3.7213136E-2,1.5026855E-1,-1.4463349E-1,1.4883931E-1,-2.4176408E-2,-5.990982E-2,4.560089E-3,1.7765809E-2,-6.8155923E-3,-1.7585754E-3],"categories":[],"categories_nodes":[],"categories_segments":[],"categories_sizes":[],"default_left":[0,0,0,0,0,0,0,0,0,0,0,0,0,0,0],"id":76,"left_children":[1,3,5,-1,7,-1,-1,9,11,-1,13,-1,-1,-1,-1],"loss_changes":[5.288031E0,1.6583725E0,1.0650635E-1,0E0,1.6012008E-1,0E0,0E0,2.666226E-2,8.242503E-4,0E0,1.9746087E-4,0E0,0E0,0E0,0E0],"parents":[2147483647,0,0,1,1,2,2,4,4,7,7,8,8,10,10],"right_children":[2,4,6,-1,8,-1,-1,10,12,-1,14,-1,-1,-1,-1],"split_conditions":[9.0745354E-1,2.0214655E-1,1E0,-1.0981522E-1,7.069118E-1,3.7213136E-2,1.5026855E-1,3.0176786E-1,8.0638695E-1,-2.4176408E-2,6.044203E-1,4.560089E-3,1.7765809E-2,-6.8155923E-3,-1.7585754E-3],"split_indices":[0,0,0,0,0,0,0,0,0,0,0,0,0,0,0],"split_type":[0,0,0,0,0,0,0,0,0,0,0,0,0,0,0],"sum_hessian":[9E0,7E0,2E0,1E0,6E0,1E0,1E0,4E0,2E0,1E0,3E0,1E0,1E0,2E0,1E0],"tree_param":{"num_deleted":"0","num_feature":"2","num_nodes":"15","size_leaf_vector":"1"}},{"base_weights":[1.2162628E-1,-2.932377E-1,1.1873881E0,-1.0432434E-1,-3.705924E-2,3.535309E-2,1.4275514E-1,-1.367218E-1,1.4139812E-1,-2.296753E-2,-5.6064606E-2,4.33197E-3,1.6877746E-2,-6.361389E-3,-1.6708374E-3],"categories":[],"categories_nodes":[],"categories_segments":[],"categories_sizes":[],"default_left":[0,0,0,0,0,0,0,0,0,0,0,0,0,0,0],"id":77,"left_children":[1,3,5,-1,7,-1,-1,9,11,-1,13,-1,-1,-1,-1],"loss_changes":[4.7696486E0,1.4984207E0,9.610176E-2,0E0,1.4383082E-1,0E0,0E0,2.4610184E-2,7.445812E-4,0E0,1.2556184E-4,0E0,0E0,0E0,0E0],"parents":[2147483647,0,0,1,1,2,2,4,4,7,7,8,8,10,10],"right_children":[2,4,6,-1,8,-1,-1,10,12,-1,14,-1,-1,-1,-1],"split_conditions":[9.0745354E-1,2.0214655E-1,1E0,-1.0432434E-1,7.069118E-1,3.535309E-2,1.4275514E-1,3.0176786E-1,8.0638695E-1,-2.296753E-2,6.044203E-1,4.33197E-3,1.6877746E-2,-6.361389E-3,-1.6708374E-3],"split_indices":[0,0,0,0,0,0,0,0,0,0,0,0,0,0,0],"split_type":[0,0,0,0,0,0,0,0,0,0,0,0,0,0,0],"sum_hessian":[9E0,7E0,2E0,1E0,6E0,1E0,1E0,4E0,2E0,1E0,3E0,1E0,1E0,2E0,1E0],"tree_param":{"num_deleted":"0","num_feature":"2","num_nodes":"15","size_leaf_vector":"1"}},{"base_weights":[1.1586456E-1,-2.7817726E-1,1.1280212E0,-9.910812E-2,-3.47508E-2,3.3586122E-2,1.3561706E-1,-1.2924805E-1,1.343282E-1,-2.1819307E-2,-5.246353E-2,4.1152956E-3,1.6033936E-2,-5.937195E-3,-1.5869141E-3],"categories":[],"categories_nodes":[],"categories_segments":[],"categories_sizes":[],"default_left":[0,0,0,0,0,0,0,0,0,0,0,0,0,0,0],"id":78,"left_children":[1,3,5,-1,7,-1,-1,9,11,-1,13,-1,-1,-1,-1],"loss_changes":[4.3021107E0,1.3538768E0,8.670735E-2,0E0,1.2920417E-1,0E0,0E0,2.2700816E-2,6.723441E-4,0E0,6.9055706E-5,0E0,0E0,0E0,0E0],"parents":[2147483647,0,0,1,1,2,2,4,4,7,7,8,8,10,10],"right_children":[2,4,6,-1,8,-1,-1,10,12,-1,14,-1,-1,-1,-1],"split_conditions":[9.0745354E-1,2.0214655E-1,1E0,-9.910812E-2,7.069118E-1,3.3586122E-2,1.3561706E-1,3.0176786E-1,8.0638695E-1,-2.1819307E-2,6.044203E-1,4.1152956E-3,1.6033936E-2,-5.937195E-3,-1.5869141E-3],"split_indices":[0,0,0,0,0,0,0,0,0,0,0,0,0,0,0],"split_type":[0,0,0,0,0,0,0,0,0,0,0,0,0,0,0],"sum_hessian":[9E0,7E0,2E0,1E0,6E0,1E0,1E0,4E0,2E0,1E0,3E0,1E0,1E0,2E0,1E0],"tree_param":{"num_deleted":"0","num_feature":"2","num_nodes":"15","size_leaf_vector":"1"}},{"base_weights":[1.1036682E-1,-2.6389694E-1,1.0716146E0,-9.415283E-2,-3.2588415E-2,3.1906128E-2,1.2883607E-1,-1.2219238E-1,1.2761433E-1,-2.0728303E-2,-4.909897E-2,3.909302E-3,1.5232849E-2,-5.541484E-3,-1.5075684E-3],"categories":[],"categories_nodes":[],"categories_segments":[],"categories_sizes":[],"default_left":[0,0,0,0,0,0,0,0,0,0,0,0,0,0,0],"id":79,"left_children":[1,3,5,-1,7,-1,-1,9,11,-1,13,-1,-1,-1,-1],"loss_changes":[3.880398E0,1.2232523E0,7.827282E-2,0E0,1.1607712E-1,0E0,0E0,2.092044E-2,6.082058E-4,0E0,2.4129637E-5,0E0,0E0,0E0,0E0],"parents":[2147483647,0,0,1,1,2,2,4,4,7,7,8,8,10,10],"right_children":[2,4,6,-1,8,-1,-1,10,12,-1,14,-1,-1,-1,-1],"split_conditions":[9.0745354E-1,2.0214655E-1,1E0,-9.415283E-2,7.069118E-1,3.1906128E-2,1.2883607E-1,3.0176786E-1,8.0638695E-1,-2.0728303E-2,6.044203E-1,3.909302E-3,1.5232849E-2,-5.541484E-3,-1.5075684E-3],"split_indices":[0,0,0,0,0,0,0,0,0,0,0,0,0,0,0],"split_type":[0,0,0,0,0,0,0,0,0,0,0,0,0,0,0],"sum_hessian":[9E0,7E0,2E0,1E0,6E0,1E0,1E0,4E0,2E0,1E0,3E0,1E0,1E0,2E0,1E0],"tree_param":{"num_deleted":"0","num_feature":"2","num_nodes":"15","size_leaf_vector":"1"}},{"base_weights":[1.05126955E-1,-2.5035477E-1,1.0180359E0,-8.9445114E-2,-3.0562265E-2,3.0311584E-2,1.223938E-1,-1.1552887E-1,1.2123617E-1,-1.969185E-2,-4.5951842E-3,3.7139894E-3,1.4471436E-2],"categories":[],"categories_nodes":[],"categories_segments":[],"categories_sizes":[],"default_left":[0,0,0,0,0,0,0,0,0,0,0,0,0],"id":80,"left_children":[1,3,5,-1,7,-1,-1,9,11,-1,-1,-1,-1],"loss_changes":[3.5000944E0,1.1052041E0,7.061577E-2,0E0,1.0429086E-1,0E0,0E0,1.9265473E-2,5.486086E-4,0E0,0E0,0E0,0E0],"parents":[2147483647,0,0,1,1,2,2,4,4,7,7,8,8],"right_children":[2,4,6,-1,8,-1,-1,10,12,-1,-1,-1,-1],"split_conditions":[9.0745354E-1,2.0214655E-1,1E0,-8.9445114E-2,7.069118E-1,3.0311584E-2,1.223938E-1,3.0176786E-1,8.0638695E-1,-1.969185E-2,-4.5951842E-3,3.7139894E-3,1.4471436E-2],"split_indices":[0,0,0,0,0,0,0,0,0,0,0,0,0],"split_type":[0,0,0,0,0,0,0,0,0,0,0,0,0],"sum_hessian":[9E0,7E0,2E0,1E0,6E0,1E0,1E0,4E0,2E0,1E0,3E0,1E0,1E0],"tree_param":{"num_deleted":"0","num_feature":"2","num_nodes":"13","size_leaf_vector":"1"}},{"base_weights":[1.0033035E-1,-2.3726177E-1,9.6713257E-1,-8.497276E-2,-2.8376987E-2,2.8796388E-2,1.162735E-1,-1.0883484E-1,1.1517843E-1,-1.8707275E-2,-4.250717E-2,3.528595E-3,1.3748169E-2,-4.8660277E-3,-1.2023926E-3],"categories":[],"categories_nodes":[],"categories_segments":[],"categories_sizes":[],"default_left":[0,0,0,0,0,0,0,0,0,0,0,0,0,0,0],"id":81,"left_children":[1,3,5,-1,7,-1,-1,9,11,-1,13,-1,-1,-1,-1],"loss_changes":[3.1557198E0,9.993657E-1,6.371546E-2,0E0,9.338655E-2,0E0,0E0,1.7994754E-2,4.944131E-4,0E0,1.651789E-4,0E0,0E0,0E0,0E0],"parents":[2147483647,0,0,1,1,2,2,4,4,7,7,8,8,10,10],"right_children":[2,4,6,-1,8,-1,-1,10,12,-1,14,-1,-1,-1,-1],"split_conditions":[9.0745354E-1,2.0214655E-1,1E0,-8.497276E-2,7.069118E-1,2.8796388E-2,1.162735E-1,3.0176786E-1,8.0638695E-1,-1.8707275E-2,6.044203E-1,3.528595E-3,1.3748169E-2,-4.8660277E-3,-1.2023926E-3],"split_indices":[0,0,0,0,0,0,0,0,0,0,0,0,0,0,0],"split_type":[0,0,0,0,0,0,0,0,0,0,0,0,0,0,0],"sum_hessian":[9E0,7E0,2E0,1E0,6E0,1E0,1E0,4E0,2E0,1E0,3E0,1E0,1E0,2E0,1E0],"tree_param":{"num_deleted":"0","num_feature":"2","num_nodes":"15","size_leaf_vector":"1"}},{"base_weights":[9.555588E-2,-2.250948E-1,9.187724E-1,-8.0723956E-2,-2.6611328E-2,2.7355958E-2,1.104599E-1,-1.0290527E-1,1.0941569E-1,-1.7771913E-2,-3.9772034E-2,3.352356E-3,1.3059998E-2,-4.541524E-3,-1.1421203E-3],"categories":[],"categories_nodes":[],"categories_segments":[],"categories_sizes":[],"default_left":[0,0,0,0,0,0,0,0,0,0,0,0,0,0,0],"id":82,"left_children":[1,3,5,-1,7,-1,-1,9,11,-1,13,-1,-1,-1,-1],"loss_changes":[2.84646E0,9.0288717E-1,5.7519436E-2,0E0,8.390571E-2,0E0,0E0,1.6547952E-2,4.4498593E-4,0E0,1.21261925E-4,0E0,0E0,0E0,0E0],"parents":[2147483647,0,0,1,1,2,2,4,4,7,7,8,8,10,10],"right_children":[2,4,6,-1,8,-1,-1,10,12,-1,14,-1,-1,-1,-1],"split_conditions":[9.0745354E-1,2.0214655E-1,1E0,-8.0723956E-2,7.069118E-1,2.7355958E-2,1.104599E-1,3.0176786E-1,8.0638695E-1,-1.7771913E-2,6.044203E-1,3.352356E-3,1.3059998E-2,-4.541524E-3,-1.1421203E-3],"split_indices":[0,0,0,0,0,0,0,0,0,0,0,0,0,0,0],"split_type":[0,0,0,0,0,0,0,0,0,0,0,0,0,0,0],"sum_hessian":[9E0,7E0,2E0,1E0,6E0,1E0,1E0,4E0,2E0,1E0,3E0,1E0,1E0,2E0,1E0],"tree_param":{"num_deleted":"0","num_feature":"2","num_nodes":"15","size_leaf_vector":"1"}},{"base_weights":[9.100418E-2,-2.1355724E-1,8.7283325E-1,-7.668763E-2,-2.4957929E-2,2.598877E-2,1.0493622E-1,-9.7306825E-2,1.0394287E-1,-1.6883468E-2,-3.7216187E-2,3.1845092E-3,1.2406922E-2,-4.238892E-3,-1.0848999E-3],"categories":[],"categories_nodes":[],"categories_segments":[],"categories_sizes":[],"default_left":[0,0,0,0,0,0,0,0,0,0,0,0,0,0,0],"id":83,"left_children":[1,3,5,-1,7,-1,-1,9,11,-1,13,-1,-1,-1,-1],"loss_changes":[2.5675497E0,8.15705E-1,5.1891565E-2,0E0,7.539517E-2,0E0,0E0,1.5207395E-2,4.0219724E-4,0E0,8.568354E-5,0E0,0E0,0E0,0E0],"parents":[2147483647,0,0,1,1,2,2,4,4,7,7,8,8,10,10],"right_children":[2,4,6,-1,8,-1,-1,10,12,-1,14,-1,-1,-1,-1],"split_conditions":[9.0745354E-1,2.0214655E-1,1E0,-7.668763E-2,7.069118E-1,2.598877E-2,1.0493622E-1,3.0176786E-1,8.0638695E-1,-1.6883468E-2,6.044203E-1,3.1845092E-3,1.2406922E-2,-4.238892E-3,-1.0848999E-3],"split_indices":[0,0,0,0,0,0,0,0,0,0,0,0,0,0,0],"split_type":[0,0,0,0,0,0,0,0,0,0,0,0,0,0,0],"sum_hessian":[9E0,7E0,2E0,1E0,6E0,1E0,1E0,4E0,2E0,1E0,3E0,1E0,1E0,2E0,1E0],"tree_param":{"num_deleted":"0","num_feature":"2","num_nodes":"15","size_leaf_vector":"1"}},{"base_weights":[8.666229E-2,-2.0261574E-1,8.291829E-1,-7.285309E-2,-2.3409162E-2,2.468872E-2,9.968872E-2,-9.20166E-2,9.8739624E-2,-1.6039276E-2,-3.482437E-2,3.025055E-3,1.1785889E-2,-3.956096E-3,-1.0307312E-3],"categories":[],"categories_nodes":[],"categories_segments":[],"categories_sizes":[],"default_left":[0,0,0,0,0,0,0,0,0,0,0,0,0,0,0],"id":84,"left_children":[1,3,5,-1,7,-1,-1,9,11,-1,13,-1,-1,-1,-1],"loss_changes":[2.3159547E0,7.369253E-1,4.684186E-2,0E0,6.774789E-2,0E0,0E0,1.3967346E-2,3.6308542E-4,0E0,5.6741294E-5,0E0,0E0,0E0,0E0],"parents":[2147483647,0,0,1,1,2,2,4,4,7,7,8,8,10,10],"right_children":[2,4,6,-1,8,-1,-1,10,12,-1,14,-1,-1,-1,-1],"split_conditions":[9.0745354E-1,2.0214655E-1,1E0,-7.285309E-2,7.069118E-1,2.468872E-2,9.968872E-2,3.0176786E-1,8.0638695E-1,-1.6039276E-2,6.044203E-1,3.025055E-3,1.1785889E-2,-3.956096E-3,-1.0307312E-3],"split_indices":[0,0,0,0,0,0,0,0,0,0,0,0,0,0,0],"split_type":[0,0,0,0,0,0,0,0,0,0,0,0,0,0,0],"sum_hessian":[9E0,7E0,2E0,1E0,6E0,1E0,1E0,4E0,2E0,1E0,3E0,1E0,1E0,2E0,1E0],"tree_param":{"num_deleted":"0","num_feature":"2","num_nodes":"15","size_leaf_vector":"1"}},{"base_weights":[8.252792E-2,-1.92235E-1,7.877197E-1,-6.921043E-2,-2.1953037E-2,2.3454284E-2,9.4703674E-2,-8.701782E-2,9.380595E-2,-1.5237427E-2,-3.2585144E-2,2.873993E-3,1.1196899E-2,-3.6921185E-3,-9.788513E-4],"categories":[],"categories_nodes":[],"categories_segments":[],"categories_sizes":[],"default_left":[0,0,0,0,0,0,0,0,0,0,0,0,0,0,0],"id":85,"left_children":[1,3,5,-1,7,-1,-1,9,11,-1,13,-1,-1,-1,-1],"loss_changes":[2.089033E0,6.6575605E-1,4.227078E-2,0E0,6.088562E-2,0E0,0E0,1.2822494E-2,3.2741018E-4,0E0,3.3984892E-5,0E0,0E0,0E0,0E0],"parents":[2147483647,0,0,1,1,2,2,4,4,7,7,8,8,10,10],"right_children":[2,4,6,-1,8,-1,-1,10,12,-1,14,-1,-1,-1,-1],"split_conditions":[9.0745354E-1,2.0214655E-1,1E0,-6.921043E-2,7.069118E-1,2.3454284E-2,9.4703674E-2,3.0176786E-1,8.0638695E-1,-1.5237427E-2,6.044203E-1,2.873993E-3,1.1196899E-2,-3.6921185E-3,-9.788513E-4],"split_indices":[0,0,0,0,0,0,0,0,0,0,0,0,0,0,0],"split_type":[0,0,0,0,0,0,0,0,0,0,0,0,0,0,0],"sum_hessian":[9E0,7E0,2E0,1E0,6E0,1E0,1E0,4E0,2E0,1E0,3E0,1E0,1E0,2E0,1E0],"tree_param":{"num_deleted":"0","num_feature":"2","num_nodes":"15","size_leaf_vector":"1"}},{"base_weights":[7.858582E-2,-1.8239212E-1,7.483317E-1,-6.574974E-2,-2.0591736E-2,2.2280885E-2,8.9968875E-2,-8.229828E-2,8.911642E-2,-1.44756315E-2,-3.049469E-2,2.7305603E-3,1.0636902E-2,-3.4459431E-3,-9.300232E-4],"categories":[],"categories_nodes":[],"categories_segments":[],"categories_sizes":[],"default_left":[0,0,0,0,0,0,0,0,0,0,0,0,0,0,0],"id":86,"left_children":[1,3,5,-1,7,-1,-1,9,11,-1,13,-1,-1,-1,-1],"loss_changes":[1.8843789E0,6.014387E-1,3.8165927E-2,0E0,5.4722104E-2,0E0,0E0,1.17634535E-2,2.9472262E-4,0E0,1.564133E-5,0E0,0E0,0E0,0E0],"parents":[2147483647,0,0,1,1,2,2,4,4,7,7,8,8,10,10],"right_children":[2,4,6,-1,8,-1,-1,10,12,-1,14,-1,-1,-1,-1],"split_conditions":[9.0745354E-1,2.0214655E-1,1E0,-6.574974E-2,7.069118E-1,2.2280885E-2,8.9968875E-2,3.0176786E-1,8.0638695E-1,-1.44756315E-2,6.044203E-1,2.7305603E-3,1.0636902E-2,-3.4459431E-3,-9.300232E-4],"split_indices":[0,0,0,0,0,0,0,0,0,0,0,0,0,0,0],"split_type":[0,0,0,0,0,0,0,0,0,0,0,0,0,0,0],"sum_hessian":[9E0,7E0,2E0,1E0,6E0,1E0,1E0,4E0,2E0,1E0,3E0,1E0,1E0,2E0,1E0],"tree_param":{"num_deleted":"0","num_feature":"2","num_nodes":"15","size_leaf_vector":"1"}},{"base_weights":[7.482834E-2,-1.7305851E-1,7.109172E-1,-6.2462237E-2,-1.9317627E-2,2.1166993E-2,8.547058E-2,-7.783814E-2,8.465576E-2,-1.3751984E-2,-2.853775E-2,2.5939941E-3,1.010437E-2,-3.2160443E-3,-8.834839E-4],"categories":[],"categories_nodes":[],"categories_segments":[],"categories_sizes":[],"default_left":[0,0,0,0,0,0,0,0,0,0,0,0,0,0,0],"id":87,"left_children":[1,3,5,-1,7,-1,-1,9,11,-1,13,-1,-1,-1,-1],"loss_changes":[1.6998107E0,5.4332435E-1,3.4442782E-2,0E0,4.9181473E-2,0E0,0E0,1.078715E-2,2.656281E-4,0E0,1.3778917E-6,0E0,0E0,0E0,0E0],"parents":[2147483647,0,0,1,1,2,2,4,4,7,7,8,8,10,10],"right_children":[2,4,6,-1,8,-1,-1,10,12,-1,14,-1,-1,-1,-1],"split_conditions":[9.0745354E-1,2.0214655E-1,1E0,-6.2462237E-2,7.069118E-1,2.1166993E-2,8.547058E-2,3.0176786E-1,8.0638695E-1,-1.3751984E-2,6.044203E-1,2.5939941E-3,1.010437E-2,-3.2160443E-3,-8.834839E-4],"split_indices":[0,0,0,0,0,0,0,0,0,0,0,0,0,0,0],"split_type":[0,0,0,0,0,0,0,0,0,0,0,0,0,0,0],"sum_hessian":[9E0,7E0,2E0,1E0,6E0,1E0,1E0,4E0,2E0,1E0,3E0,1E0,1E0,2E0,1E0],"tree_param":{"num_deleted":"0","num_feature":"2","num_nodes":"15","size_leaf_vector":"1"}},{"base_weights":[7.12471E-2,-1.6420269E-1,6.753642E-1,-5.9339143E-2,-1.8119812E-2,2.0108033E-2,8.11966E-2,-7.362213E-2,8.042399E-2,-1.3064194E-2,-2.6706697E-3,2.4642944E-3,9.599305E-3],"categories":[],"categories_nodes":[],"categories_segments":[],"categories_sizes":[],"default_left":[0,0,0,0,0,0,0,0,0,0,0,0,0],"id":88,"left_children":[1,3,5,-1,7,-1,-1,9,11,-1,-1,-1,-1],"loss_changes":[1.5332891E0,4.9082482E-1,3.1093597E-2,0E0,4.4206854E-2,0E0,0E0,9.886531E-3,2.3982115E-4,0E0,0E0,0E0,0E0],"parents":[2147483647,0,0,1,1,2,2,4,4,7,7,8,8],"right_children":[2,4,6,-1,8,-1,-1,10,12,-1,-1,-1,-1],"split_conditions":[9.0745354E-1,2.0214655E-1,1E0,-5.9339143E-2,7.069118E-1,2.0108033E-2,8.11966E-2,3.0176786E-1,8.0638695E-1,-1.3064194E-2,-2.6706697E-3,2.4642944E-3,9.599305E-3],"split_indices":[0,0,0,0,0,0,0,0,0,0,0,0,0],"split_type":[0,0,0,0,0,0,0,0,0,0,0,0,0],"sum_hessian":[9E0,7E0,2E0,1E0,6E0,1E0,1E0,4E0,2E0,1E0,3E0,1E0,1E0],"tree_param":{"num_deleted":"0","num_feature":"2","num_nodes":"13","size_leaf_vector":"1"}},{"base_weights":[6.794815E-2,-1.5566158E-1,6.4159137E-1,-5.6372073E-2,-1.6835894E-2,1.9102478E-2,7.713623E-2,-6.940766E-2,7.639567E-2,-1.2411118E-2,-2.470398E-2,2.3406984E-3,9.118653E-3,-2.8233847E-3,-7.05719E-4],"categories":[],"categories_nodes":[],"categories_segments":[],"categories_sizes":[],"default_left":[0,0,0,0,0,0,0,0,0,0,0,0,0,0,0],"id":89,"left_children":[1,3,5,-1,7,-1,-1,9,11,-1,13,-1,-1,-1,-1],"loss_changes":[1.3825932E0,4.4370195E-1,2.8061986E-2,0E0,3.961188E-2,0E0,0E0,9.1612E-3,2.168417E-4,0E0,4.991144E-5,0E0,0E0,0E0,0E0],"parents":[2147483647,0,0,1,1,2,2,4,4,7,7,8,8,10,10],"right_children":[2,4,6,-1,8,-1,-1,10,12,-1,14,-1,-1,-1,-1],"split_conditions":[9.0745354E-1,2.0214655E-1,1E0,-5.6372073E-2,7.069118E-1,1.9102478E-2,7.713623E-2,3.0176786E-1,8.0638695E-1,-1.2411118E-2,6.044203E-1,2.3406984E-3,9.118653E-3,-2.8233847E-3,-7.05719E-4],"split_indices":[0,0,0,0,0,0,0,0,0,0,0,0,0,0,0],"split_type":[0,0,0,0,0,0,0,0,0,0,0,0,0,0,0],"sum_hessian":[9E0,7E0,2E0,1E0,6E0,1E0,1E0,4E0,2E0,1E0,3E0,1E0,1E0,2E0,1E0],"tree_param":{"num_deleted":"0","num_feature":"2","num_nodes":"15","size_leaf_vector":"1"}},{"base_weights":[6.4690396E-2,-1.4770222E-1,6.0950726E-1,-5.355339E-2,-1.5792847E-2,1.8147279E-2,7.327881E-2,-6.5655515E-2,7.257589E-2,-1.17904665E-2,-2.3117065E-2,2.2239685E-3,8.662415E-3,-2.6351928E-3,-6.706238E-4],"categories":[],"categories_nodes":[],"categories_segments":[],"categories_sizes":[],"default_left":[0,0,0,0,0,0,0,0,0,0,0,0,0,0,0],"id":90,"left_children":[1,3,5,-1,7,-1,-1,9,11,-1,13,-1,-1,-1,-1],"loss_changes":[1.2471764E0,4.0081146E-1,2.5324225E-2,0E0,3.5609115E-2,0E0,0E0,8.3873775E-3,1.9491464E-4,0E0,3.562495E-5,0E0,0E0,0E0,0E0],"parents":[2147483647,0,0,1,1,2,2,4,4,7,7,8,8,10,10],"right_children":[2,4,6,-1,8,-1,-1,10,12,-1,14,-1,-1,-1,-1],"split_conditions":[9.0745354E-1,2.0214655E-1,1E0,-5.355339E-2,7.069118E-1,1.8147279E-2,7.327881E-2,3.0176786E-1,8.0638695E-1,-1.17904665E-2,6.044203E-1,2.2239685E-3,8.662415E-3,-2.6351928E-3,-6.706238E-4],"split_indices":[0,0,0,0,0,0,0,0,0,0,0,0,0,0,0],"split_type":[0,0,0,0,0,0,0,0,0,0,0,0,0,0,0],"sum_hessian":[9E0,7E0,2E0,1E0,6E0,1E0,1E0,4E0,2E0,1E0,3E0,1E0,1E0,2E0,1E0],"tree_param":{"num_deleted":"0","num_feature":"2","num_nodes":"15","size_leaf_vector":"1"}},{"base_weights":[6.1585236E-2,-1.4015484E-1,5.7903033E-1,-5.0875854E-2,-1.4817374E-2,1.723938E-2,6.961518E-2,-6.21109E-2,6.89443E-2,-1.1201096E-2,-2.1633148E-2,2.1125793E-3,8.229065E-3,-2.8636933E-3,-9.7529095E-4],"categories":[],"categories_nodes":[],"categories_segments":[],"categories_sizes":[],"default_left":[0,0,0,0,0,0,0,0,0,0,0,0,0,0,0],"id":91,"left_children":[1,3,5,-1,7,-1,-1,9,11,-1,13,-1,-1,-1,-1],"loss_changes":[1.1250482E0,3.6206037E-1,2.2865176E-2,0E0,3.2011885E-2,0E0,0E0,7.6760612E-3,1.7615128E-4,0E0,5.353312E-5,0E0,0E0,0E0,0E0],"parents":[2147483647,0,0,1,1,2,2,4,4,7,7,8,8,10,10],"right_children":[2,4,6,-1,8,-1,-1,10,12,-1,14,-1,-1,-1,-1],"split_conditions":[9.0745354E-1,2.0214655E-1,1E0,-5.0875854E-2,7.069118E-1,1.723938E-2,6.961518E-2,3.0176786E-1,8.0638695E-1,-1.1201096E-2,4.0362325E-1,2.1125793E-3,8.229065E-3,-2.8636933E-3,-9.7529095E-4],"split_indices":[0,0,0,0,0,0,0,0,0,0,0,0,0,0,0],"split_type":[0,0,0,0,0,0,0,0,0,0,0,0,0,0,0],"sum_hessian":[9E0,7E0,2E0,1E0,6E0,1E0,1E0,4E0,2E0,1E0,3E0,1E0,1E0,1E0,2E0],"tree_param":{"num_deleted":"0","num_feature":"2","num_nodes":"15","size_leaf_vector":"1"}},{"base_weights":[5.8554076E-2,-1.3308716E-1,5.5007935E-1,-4.8332214E-2,-1.4007568E-2,1.6377259E-2,6.613465E-2,-5.8908083E-2,6.549581E-2,-1.0641098E-2,-2.0429611E-2,2.0072937E-3,7.817077E-3,-2.7206421E-3,-9.101868E-4],"categories":[],"categories_nodes":[],"categories_segments":[],"categories_sizes":[],"default_left":[0,0,0,0,0,0,0,0,0,0,0,0,0,0,0],"id":92,"left_children":[1,3,5,-1,7,-1,-1,9,11,-1,13,-1,-1,-1,-1],"loss_changes":[1.0151737E0,3.2687652E-1,2.06393E-2,0E0,2.8846432E-2,0E0,0E0,6.965257E-3,1.5808176E-4,0E0,5.943468E-5,0E0,0E0,0E0,0E0],"parents":[2147483647,0,0,1,1,2,2,4,4,7,7,8,8,10,10],"right_children":[2,4,6,-1,8,-1,-1,10,12,-1,14,-1,-1,-1,-1],"split_conditions":[9.0745354E-1,2.0214655E-1,1E0,-4.8332214E-2,7.069118E-1,1.6377259E-2,6.613465E-2,3.0176786E-1,8.0638695E-1,-1.0641098E-2,4.0362325E-1,2.0072937E-3,7.817077E-3,-2.7206421E-3,-9.101868E-4],"split_indices":[0,0,0,0,0,0,0,0,0,0,0,0,0,0,0],"split_type":[0,0,0,0,0,0,0,0,0,0,0,0,0,0,0],"sum_hessian":[9E0,7E0,2E0,1E0,6E0,1E0,1E0,4E0,2E0,1E0,3E0,1E0,1E0,1E0,2E0],"tree_param":{"num_deleted":"0","num_feature":"2","num_nodes":"15","size_leaf_vector":"1"}},{"base_weights":[5.5671692E-2,-1.263752E-1,5.225728E-1,-4.5915604E-2,-1.3241359E-2,1.5557862E-2,6.2828064E-2,-5.5870056E-2,6.2220257E-2,-1.0108948E-2,-1.9292831E-2,1.9065858E-3,7.426453E-3,-2.5844574E-3,-8.4940594E-4],"categories":[],"categories_nodes":[],"categories_segments":[],"categories_sizes":[],"default_left":[0,0,0,0,0,0,0,0,0,0,0,0,0,0,0],"id":93,"left_children":[1,3,5,-1,7,-1,-1,9,11,-1,13,-1,-1,-1,-1],"loss_changes":[9.160192E-1,2.9511034E-1,1.8635452E-2,0E0,2.599406E-2,0E0,0E0,6.3197026E-3,1.4337245E-4,0E0,6.347778E-5,0E0,0E0,0E0,0E0],"parents":[2147483647,0,0,1,1,2,2,4,4,7,7,8,8,10,10],"right_children":[2,4,6,-1,8,-1,-1,10,12,-1,14,-1,-1,-1,-1],"split_conditions":[9.0745354E-1,2.0214655E-1,1E0,-4.5915604E-2,7.069118E-1,1.5557862E-2,6.2828064E-2,3.0176786E-1,8.0638695E-1,-1.0108948E-2,4.0362325E-1,1.9065858E-3,7.426453E-3,-2.5844574E-3,-8.4940594E-4],"split_indices":[0,0,0,0,0,0,0,0,0,0,0,0,0,0,0],"split_type":[0,0,0,0,0,0,0,0,0,0,0,0,0,0,0],"sum_hessian":[9E0,7E0,2E0,1E0,6E0,1E0,1E0,4E0,2E0,1E0,3E0,1E0,1E0,1E0,2E0],"tree_param":{"num_deleted":"0","num_feature":"2","num_nodes":"15","size_leaf_vector":"1"}},{"base_weights":[5.2930452E-2,-1.2000179E-1,4.964396E-1,-4.361992E-2,-1.2516567E-2,1.4779664E-2,5.968628E-2,-5.2990723E-2,5.911255E-2,-9.6035E-3,-1.8220901E-2,1.8112183E-3,7.055664E-3,-2.4551393E-3,-7.926941E-4],"categories":[],"categories_nodes":[],"categories_segments":[],"categories_sizes":[],"default_left":[0,0,0,0,0,0,0,0,0,0,0,0,0,0,0],"id":94,"left_children":[1,3,5,-1,7,-1,-1,9,11,-1,13,-1,-1,-1,-1],"loss_changes":[8.2654405E-1,2.664327E-1,1.6821146E-2,0E0,2.3426313E-2,0E0,0E0,5.733365E-3,1.2970064E-4,0E0,6.6045905E-5,0E0,0E0,0E0,0E0],"parents":[2147483647,0,0,1,1,2,2,4,4,7,7,8,8,10,10],"right_children":[2,4,6,-1,8,-1,-1,10,12,-1,14,-1,-1,-1,-1],"split_conditions":[9.0745354E-1,2.0214655E-1,1E0,-4.361992E-2,7.069118E-1,1.4779664E-2,5.968628E-2,3.0176786E-1,8.0638695E-1,-9.6035E-3,4.0362325E-1,1.8112183E-3,7.055664E-3,-2.4551393E-3,-7.926941E-4],"split_indices":[0,0,0,0,0,0,0,0,0,0,0,0,0,0,0],"split_type":[0,0,0,0,0,0,0,0,0,0,0,0,0,0,0],"sum_hessian":[9E0,7E0,2E0,1E0,6E0,1E0,1E0,4E0,2E0,1E0,3E0,1E0,1E0,1E0,2E0],"tree_param":{"num_deleted":"0","num_feature":"2","num_nodes":"15","size_leaf_vector":"1"}},{"base_weights":[5.032425E-2,-1.1395168E-1,4.7161865E-1,-4.1439056E-2,-1.1833191E-2,1.4041138E-2,5.670166E-2,-5.0260924E-2,5.615743E-2,-9.12323E-3,-1.7210007E-2,1.7204285E-3,6.7031863E-3,-2.332306E-3,-7.3979696E-4],"categories":[],"categories_nodes":[],"categories_segments":[],"categories_sizes":[],"default_left":[0,0,0,0,0,0,0,0,0,0,0,0,0,0,0],"id":95,"left_children":[1,3,5,-1,7,-1,-1,9,11,-1,13,-1,-1,-1,-1],"loss_changes":[7.458271E-1,2.4053934E-1,1.5173852E-2,0E0,2.1111602E-2,0E0,0E0,5.2005993E-3,1.17544085E-4,0E0,6.73827E-5,0E0,0E0,0E0,0E0],"parents":[2147483647,0,0,1,1,2,2,4,4,7,7,8,8,10,10],"right_children":[2,4,6,-1,8,-1,-1,10,12,-1,14,-1,-1,-1,-1],"split_conditions":[9.0745354E-1,2.0214655E-1,1E0,-4.1439056E-2,7.069118E-1,1.4041138E-2,5.670166E-2,3.0176786E-1,8.0638695E-1,-9.12323E-3,4.0362325E-1,1.7204285E-3,6.7031863E-3,-2.332306E-3,-7.3979696E-4],"split_indices":[0,0,0,0,0,0,0,0,0,0,0,0,0,0,0],"split_type":[0,0,0,0,0,0,0,0,0,0,0,0,0,0,0],"sum_hessian":[9E0,7E0,2E0,1E0,6E0,1E0,1E0,4E0,2E0,1E0,3E0,1E0,1E0,1E0,2E0],"tree_param":{"num_deleted":"0","num_feature":"2","num_nodes":"15","size_leaf_vector":"1"}},{"base_weights":[4.784317E-2,-1.0821056E-1,4.4803873E-1,-3.9367296E-2,-1.1191232E-2,1.3339234E-2,5.3866576E-2,-4.767456E-2,5.3344727E-2,-8.666992E-3,-1.625824E-2,1.6342163E-3,6.367493E-3,-2.2155761E-3,-6.907145E-4],"categories":[],"categories_nodes":[],"categories_segments":[],"categories_sizes":[],"default_left":[0,0,0,0,0,0,0,0,0,0,0,0,0,0,0],"id":96,"left_children":[1,3,5,-1,7,-1,-1,9,11,-1,13,-1,-1,-1,-1],"loss_changes":[6.7300266E-1,2.1715724E-1,1.3692498E-2,0E0,1.9024592E-2,0E0,0E0,4.7163535E-3,1.061447E-4,0E0,6.756012E-5,0E0,0E0,0E0,0E0],"parents":[2147483647,0,0,1,1,2,2,4,4,7,7,8,8,10,10],"right_children":[2,4,6,-1,8,-1,-1,10,12,-1,14,-1,-1,-1,-1],"split_conditions":[9.0745354E-1,2.0214655E-1,1E0,-3.9367296E-2,7.069118E-1,1.3339234E-2,5.3866576E-2,3.0176786E-1,8.0638695E-1,-8.666992E-3,4.0362325E-1,1.6342163E-3,6.367493E-3,-2.2155761E-3,-6.907145E-4],"split_indices":[0,0,0,0,0,0,0,0,0,0,0,0,0,0,0],"split_type":[0,0,0,0,0,0,0,0,0,0,0,0,0,0,0],"sum_hessian":[9E0,7E0,2E0,1E0,6E0,1E0,1E0,4E0,2E0,1E0,3E0,1E0,1E0,1E0,2E0],"tree_param":{"num_deleted":"0","num_feature":"2","num_nodes":"15","size_leaf_vector":"1"}},{"base_weights":[4.5484923E-2,-1.0275841E-1,4.2563882E-1,-3.7398912E-2,-1.058415E-2,1.2672424E-2,5.11734E-2,-4.5222472E-2,5.067444E-2,-8.233643E-3,-1.5359879E-2,1.5525818E-3,6.048584E-3,-2.10495E-3,-6.4468384E-4],"categories":[],"categories_nodes":[],"categories_segments":[],"categories_sizes":[],"default_left":[0,0,0,0,0,0,0,0,0,0,0,0,0,0,0],"id":97,"left_children":[1,3,5,-1,7,-1,-1,9,11,-1,13,-1,-1,-1,-1],"loss_changes":[6.072908E-1,1.9604555E-1,1.2356222E-2,0E0,1.7144887E-2,0E0,0E0,4.2769173E-3,9.5479656E-5,0E0,6.7144516E-5,0E0,0E0,0E0,0E0],"parents":[2147483647,0,0,1,1,2,2,4,4,7,7,8,8,10,10],"right_children":[2,4,6,-1,8,-1,-1,10,12,-1,14,-1,-1,-1,-1],"split_conditions":[9.0745354E-1,2.0214655E-1,1E0,-3.7398912E-2,7.069118E-1,1.2672424E-2,5.11734E-2,3.0176786E-1,8.0638695E-1,-8.233643E-3,4.0362325E-1,1.5525818E-3,6.048584E-3,-2.10495E-3,-6.4468384E-4],"split_indices":[0,0,0,0,0,0,0,0,0,0,0,0,0,0,0],"split_type":[0,0,0,0,0,0,0,0,0,0,0,0,0,0,0],"sum_hessian":[9E0,7E0,2E0,1E0,6E0,1E0,1E0,4E0,2E0,1E0,3E0,1E0,1E0,1E0,2E0],"tree_param":{"num_deleted":"0","num_feature":"2","num_nodes":"15","size_leaf_vector":"1"}},{"base_weights":[4.3242645E-2,-9.758091E-2,4.043579E-1,-3.5528947E-2,-1.0009766E-2,1.2039185E-2,4.8614502E-2,-4.2898558E-2,4.814148E-2,-7.822037E-3,-1.4513016E-2,1.474762E-3,5.74646E-3,-1.9996644E-3,-6.0195924E-4],"categories":[],"categories_nodes":[],"categories_segments":[],"categories_sizes":[],"default_left":[0,0,0,0,0,0,0,0,0,0,0,0,0,0,0],"id":98,"left_children":[1,3,5,-1,7,-1,-1,9,11,-1,13,-1,-1,-1,-1],"loss_changes":[5.4799294E-1,1.7698629E-1,1.1146426E-2,0E0,1.5452869E-2,0E0,0E0,3.8779313E-3,8.653896E-5,0E0,6.592745E-5,0E0,0E0,0E0,0E0],"parents":[2147483647,0,0,1,1,2,2,4,4,7,7,8,8,10,10],"right_children":[2,4,6,-1,8,-1,-1,10,12,-1,14,-1,-1,-1,-1],"split_conditions":[9.0745354E-1,2.0214655E-1,1E0,-3.5528947E-2,7.069118E-1,1.2039185E-2,4.8614502E-2,3.0176786E-1,8.0638695E-1,-7.822037E-3,4.0362325E-1,1.474762E-3,5.74646E-3,-1.9996644E-3,-6.0195924E-4],"split_indices":[0,0,0,0,0,0,0,0,0,0,0,0,0,0,0],"split_type":[0,0,0,0,0,0,0,0,0,0,0,0,0,0,0],"sum_hessian":[9E0,7E0,2E0,1E0,6E0,1E0,1E0,4E0,2E0,1E0,3E0,1E0,1E0,1E0,2E0],"tree_param":{"num_deleted":"0","num_feature":"2","num_nodes":"15","size_leaf_vector":"1"}},{"base_weights":[4.1108705E-2,-9.266472E-2,3.8413492E-1,-3.375244E-2,-9.466989E-3,1.1436462E-2,4.6183776E-2,-4.069519E-2,4.5735676E-2,-7.4310303E-3,-1.3713837E-2,1.4007569E-3,5.459595E-3,-1.8997192E-3,-5.620321E-4],"categories":[],"categories_nodes":[],"categories_segments":[],"categories_sizes":[],"default_left":[0,0,0,0,0,0,0,0,0,0,0,0,0,0,0],"id":99,"left_children":[1,3,5,-1,7,-1,-1,9,11,-1,13,-1,-1,-1,-1],"loss_changes":[4.9447367E-1,1.5977883E-1,1.006785E-2,0E0,1.3928382E-2,0E0,0E0,3.5158275E-3,7.860223E-5,0E0,6.4273365E-5,0E0,0E0,0E0,0E0],"parents":[2147483647,0,0,1,1,2,2,4,4,7,7,8,8,10,10],"right_children":[2,4,6,-1,8,-1,-1,10,12,-1,14,-1,-1,-1,-1],"split_conditions":[9.0745354E-1,2.0214655E-1,1E0,-3.375244E-2,7.069118E-1,1.1436462E-2,4.6183776E-2,3.0176786E-1,8.0638695E-1,-7.4310303E-3,4.0362325E-1,1.4007569E-3,5.459595E-3,-1.8997192E-3,-5.620321E-4],"split_indices":[0,0,0,0,0,0,0,0,0,0,0,0,0,0,0],"split_type":[0,0,0,0,0,0,0,0,0,0,0,0,0,0,0],"sum_hessian":[9E0,7E0,2E0,1E0,6E0,1E0,1E0,4E0,2E0,1E0,3E0,1E0,1E0,1E0,2E0],"tree_param":{"num_deleted":"0","num_feature":"2","num_nodes":"15","size_leaf_vector":"1"}}]},"name":"gbtree"},"learner_model_param":{"base_score":"1.8226666E2","boost_from_average":"1","num_class":"0","num_feature":"2","num_target":"1"},"objective":{"name":"reg:squarederror","reg_loss_param":{"scale_pos_weight":"1"}}},"version":[2,1,1]}