{"learner":{"attributes":{"scikit_learn":"{\"_estimator_type\": \"regressor\"}"},"feature_names":[],"feature_types":[],"gradient_booster":{"model":{"gbtree_model_param":{"num_parallel_tree":"1","num_trees":"100"},"iteration_indptr":[0,1,2,3,4,5,6,7,8,9,10,11,12,13,14,15,16,17,18,19,20,21,22,23,24,25,26,27,28,29,30,31,32,33,34,35,36,37,38,39,40,41,42,43,44,45,46,47,48,49,50,51,52,53,54,55,56,57,58,59,60,61,62,63,64,65,66,67,68,69,70,71,72,73,74,75,76,77,78,79,80,81,82,83,84,85,86,87,88,89,90,91,92,93,94,95,96,97,98,99,100],"tree_info":[0,0,0,0,0,0,0,0,0,0,0,0,0,0,0,0,0,0,0,0,0,0,0,0,0,0,0,0,0,0,0,0,0,0,0,0,0,0,0,0,0,0,0,0,0,0,0,0,0,0,0,0,0,0,0,0,0,0,0,0,0,0,0,0,0,0,0,0,0,0,0,0,0,0,0,0,0,0,0,0,0,0,0,0,0,0,0,0,0,0,0,0,0,0,0,0,0,0,0,0],"trees":[{"base_weights":[-0E0,-6.944444E0,5.787037E0,-7.816667E-1,-1.7277776E-1,1.1722221E-1,6.4755553E-1],"categories":[],"categories_nodes":[],"categories_segments":[],"categories_sizes":[],"default_left":[0,0,0,0,0,0,0],"id":0,"left_children":[1,3,5,-1,-1,-1,-1],"loss_changes":[4.420653E2,9.244995E0,1.1473526E1,0E0,0E0,0E0,0E0],"parents":[2147483647,0,0,1,1,2,2],"right_children":[2,4,6,-1,-1,-1,-1],"split_conditions":[6.0329604E-1,5.018329E-1,7.023979E-1,-7.816667E-1,-1.7277776E-1,1.1722221E-1,6.4755553E-1],"split_indices":[0,0,0,0,0,0,0],"split_type":[0,0,0,0,0,0,0],"sum_hessian":[9E0,4E0,5E0,3E0,1E0,1E0,4E0],"tree_param":{"num_deleted":"0","num_feature":"2","num_nodes":"7","size_leaf_vector":"1"}},{"base_weights":[-1.8967057E-2,-6.440889E0,5.335796E0,-7.230417E-1,-1.641388E-1,1.9747035E-1,6.522666E-1],"categories":[],"categories_nodes":[],"categories_segments":[],"categories_sizes":[],"default_left":[0,0,0,0,0,0,0],"id":1,"left_children":[1,3,5,-1,-1,-1,-1],"loss_changes":[3.7824594E2,7.0787964E0,1.1054749E1,0E0,0E0,0E0,0E0],"parents":[2147483647,0,0,1,1,2,2],"right_children":[2,4,6,-1,-1,-1,-1],"split_conditions":[6.0329604E-1,5.018329E-1,8.030992E-1,-7.230417E-1,-1.641388E-1,1.9747035E-1,6.522666E-1],"split_indices":[0,0,0,0,0,0,0],"split_type":[0,0,0,0,0,0,0],"sum_hessian":[9E0,4E0,5E0,3E0,1E0,2E0,3E0],"tree_param":{"num_deleted":"0","num_feature":"2","num_nodes":"7","size_leaf_vector":"1"}},{"base_weights":[-2.0815277E-2,-5.9742365E0,4.943838E0,-6.6881365E-1,-1.5593186E-1,1.8430558E-1,6.033465E-1],"categories":[],"categories_nodes":[],"categories_segments":[],"categories_sizes":[],"default_left":[0,0,0,0,0,0,0],"id":2,"left_children":[1,3,5,-1,-1,-1,-1],"loss_changes":[3.2510236E2,5.3301086E0,9.152176E0,0E0,0E0,0E0,0E0],"parents":[2147483647,0,0,1,1,2,2],"right_children":[2,4,6,-1,-1,-1,-1],"split_conditions":[6.0329604E-1,5.018329E-1,8.030992E-1,-6.6881365E-1,-1.5593186E-1,1.8430558E-1,6.033465E-1],"split_indices":[0,0,0,0,0,0,0],"split_type":[0,0,0,0,0,0,0],"sum_hessian":[9E0,4E0,5E0,3E0,1E0,2E0,3E0],"tree_param":{"num_deleted":"0","num_feature":"2","num_nodes":"7","size_leaf_vector":"1"}},{"base_weights":[-2.2443581E-2,-5.5417614E0,4.5807285E0,-6.186526E-1,-1.4813519E-1,1.7201844E-1,5.5809546E-1],"categories":[],"categories_nodes":[],"categories_segments":[],"categories_sizes":[],"default_left":[0,0,0,0,0,0,0],"id":3,"left_children":[1,3,5,-1,-1,-1,-1],"loss_changes":[2.79449E2,3.9256134E0,7.5668716E0,0E0,0E0,0E0,0E0],"parents":[2147483647,0,0,1,1,2,2],"right_children":[2,4,6,-1,-1,-1,-1],"split_conditions":[6.0329604E-1,5.018329E-1,8.030992E-1,-6.186526E-1,-1.4813519E-1,1.7201844E-1,5.5809546E-1],"split_indices":[0,0,0,0,0,0,0],"split_type":[0,0,0,0,0,0,0],"sum_hessian":[9E0,4E0,5E0,3E0,1E0,2E0,3E0],"tree_param":{"num_deleted":"0","num_feature":"2","num_nodes":"7","size_leaf_vector":"1"}},{"base_weights":[-2.3866463E-2,-5.1409426E0,4.2443414E0,-6.375588E-1,-2.1926498E-1,8.367119E-2,4.758525E-1],"categories":[],"categories_nodes":[],"categories_segments":[],"categories_sizes":[],"default_left":[0,0,0,0,0,0,0],"id":4,"left_children":[1,3,5,-1,-1,-1,-1],"loss_changes":[2.4022737E2,4.221054E0,6.5313797E0,0E0,0E0,0E0,0E0],"parents":[2147483647,0,0,1,1,2,2],"right_children":[2,4,6,-1,-1,-1,-1],"split_conditions":[6.0329604E-1,4.004312E-1,7.023979E-1,-6.375588E-1,-2.1926498E-1,8.367119E-2,4.758525E-1],"split_indices":[0,0,0,0,0,0,0],"split_type":[0,0,0,0,0,0,0],"sum_hessian":[9E0,4E0,5E0,2E0,2E0,1E0,4E0],"tree_param":{"num_deleted":"0","num_feature":"2","num_nodes":"7","size_leaf_vector":"1"}},{"base_weights":[-5.1210213E-2,-4.7982135E0,3.913161E0,-5.95055E-1,-2.0464733E-1,1.4189963E-1,4.8054942E-1],"categories":[],"categories_nodes":[],"categories_segments":[],"categories_sizes":[],"default_left":[0,0,0,0,0,0,0],"id":5,"left_children":[1,3,5,-1,-1,-1,-1],"loss_changes":[2.0696501E2,3.6769943E0,6.534775E0,0E0,0E0,0E0,0E0],"parents":[2147483647,0,0,1,1,2,2],"right_children":[2,4,6,-1,-1,-1,-1],"split_conditions":[6.0329604E-1,4.004312E-1,8.030992E-1,-5.95055E-1,-2.0464733E-1,1.4189963E-1,4.8054942E-1],"split_indices":[0,0,0,0,0,0,0],"split_type":[0,0,0,0,0,0,0],"sum_hessian":[9E0,4E0,5E0,2E0,2E0,2E0,3E0],"tree_param":{"num_deleted":"0","num_feature":"2","num_nodes":"7","size_leaf_vector":"1"}},{"base_weights":[-6.381436E-2,-4.478333E0,3.6255867E0,-5.5538464E-1,-1.9100419E-1,1.3243967E-1,4.4450828E-1],"categories":[],"categories_nodes":[],"categories_segments":[],"categories_sizes":[],"default_left":[0,0,0,0,0,0,0],"id":6,"left_children":[1,3,5,-1,-1,-1,-1],"loss_changes":[1.7910588E2,3.2030716E0,5.427841E0,0E0,0E0,0E0,0E0],"parents":[2147483647,0,0,1,1,2,2],"right_children":[2,4,6,-1,-1,-1,-1],"split_conditions":[6.0329604E-1,4.004312E-1,8.030992E-1,-5.5538464E-1,-1.9100419E-1,1.3243967E-1,4.4450828E-1],"split_indices":[0,0,0,0,0,0,0],"split_type":[0,0,0,0,0,0,0],"sum_hessian":[9E0,4E0,5E0,2E0,2E0,2E0,3E0],"tree_param":{"num_deleted":"0","num_feature":"2","num_nodes":"7","size_leaf_vector":"1"}},{"base_weights":[-7.4376866E-2,-4.179778E0,3.359187E0,-5.1835907E-1,-1.782706E-1,1.2361044E-1,4.111702E-1],"categories":[],"categories_nodes":[],"categories_segments":[],"categories_sizes":[],"default_left":[0,0,0,0,0,0,0],"id":7,"left_children":[1,3,5,-1,-1,-1,-1],"loss_changes":[1.5500221E2,2.7902374E0,4.5034256E0,0E0,0E0,0E0,0E0],"parents":[2147483647,0,0,1,1,2,2],"right_children":[2,4,6,-1,-1,-1,-1],"split_conditions":[6.0329604E-1,4.004312E-1,8.030992E-1,-5.1835907E-1,-1.782706E-1,1.2361044E-1,4.111702E-1],"split_indices":[0,0,0,0,0,0,0],"split_type":[0,0,0,0,0,0,0],"sum_hessian":[9E0,4E0,5E0,2E0,2E0,2E0,3E0],"tree_param":{"num_deleted":"0","num_feature":"2","num_nodes":"7","size_leaf_vector":"1"}},{"base_weights":[-8.3124734E-2,-3.9011264E0,3.1123974E0,-4.8380184E-1,-1.663859E-1,1.1536967E-1,3.8033238E-1],"categories":[],"categories_nodes":[],"categories_segments":[],"categories_sizes":[],"default_left":[0,0,0,0,0,0,0],"id":8,"left_children":[1,3,5,-1,-1,-1,-1],"loss_changes":[1.3414696E2,2.4306107E0,3.7320251E0,0E0,0E0,0E0,0E0],"parents":[2147483647,0,0,1,1,2,2],"right_children":[2,4,6,-1,-1,-1,-1],"split_conditions":[6.0329604E-1,4.004312E-1,8.030992E-1,-4.8380184E-1,-1.663859E-1,1.1536967E-1,3.8033238E-1],"split_indices":[0,0,0,0,0,0,0],"split_type":[0,0,0,0,0,0,0],"sum_hessian":[9E0,4E0,5E0,2E0,2E0,2E0,3E0],"tree_param":{"num_deleted":"0","num_feature":"2","num_nodes":"7","size_leaf_vector":"1"}},{"base_weights":[-9.0260886E-2,-3.6410518E0,2.883775E0,-4.0875658E-1,-9.274979E-2,5.3821754E-2,3.245243E-1],"categories":[],"categories_nodes":[],"categories_segments":[],"categories_sizes":[],"default_left":[0,0,0,0,0,0,0],"id":9,"left_children":[1,3,5,-1,-1,-1,-1],"loss_changes":[1.16101776E2,2.2669907E0,3.340416E0,0E0,0E0,0E0,0E0],"parents":[2147483647,0,0,1,1,2,2],"right_children":[2,4,6,-1,-1,-1,-1],"split_conditions":[6.0329604E-1,5.018329E-1,7.023979E-1,-4.0875658E-1,-9.274979E-2,5.3821754E-2,3.245243E-1],"split_indices":[0,0,0,0,0,0,0],"split_type":[0,0,0,0,0,0,0],"sum_hessian":[9E0,4E0,5E0,3E0,1E0,1E0,4E0],"tree_param":{"num_deleted":"0","num_feature":"2","num_nodes":"7","size_leaf_vector":"1"}},{"base_weights":[-9.355068E-2,-3.377248E0,2.6584556E0,-4.2429805E-1,-1.3857664E-1,9.506696E-2,3.2746813E-1],"categories":[],"categories_nodes":[],"categories_segments":[],"categories_sizes":[],"default_left":[0,0,0,0,0,0,0],"id":10,"left_children":[1,3,5,-1,-1,-1,-1],"loss_changes":[9.934582E1,2.7406693E0,3.201149E0,0E0,0E0,0E0,0E0],"parents":[2147483647,0,0,1,1,2,2],"right_children":[2,4,6,-1,-1,-1,-1],"split_conditions":[6.0329604E-1,4.004312E-1,8.030992E-1,-4.2429805E-1,-1.3857664E-1,9.506696E-2,3.2746813E-1],"split_indices":[0,0,0,0,0,0,0],"split_type":[0,0,0,0,0,0,0],"sum_hessian":[9E0,4E0,5E0,2E0,2E0,2E0,3E0],"tree_param":{"num_deleted":"0","num_feature":"2","num_nodes":"7","size_leaf_vector":"1"}},{"base_weights":[-9.822979E-2,-3.1520984E0,2.4630325E0,-3.9601156E-1,-1.293382E-1,1.17516235E-1,3.3591816E-1],"categories":[],"categories_nodes":[],"categories_segments":[],"categories_sizes":[],"default_left":[0,0,0,0,0,0,0],"id":11,"left_children":[1,3,5,-1,-1,-1,-1],"loss_changes":[8.598131E1,2.387432E0,2.9771576E0,0E0,0E0,0E0,0E0],"parents":[2147483647,0,0,1,1,2,2],"right_children":[2,4,6,-1,-1,-1,-1],"split_conditions":[6.0329604E-1,4.004312E-1,9.03377E-1,-3.9601156E-1,-1.293382E-1,1.17516235E-1,3.3591816E-1],"split_indices":[0,0,0,0,0,0,0],"split_type":[0,0,0,0,0,0,0],"sum_hessian":[9E0,4E0,5E0,2E0,2E0,3E0,2E0],"tree_param":{"num_deleted":"0","num_feature":"2","num_nodes":"7","size_leaf_vector":"1"}},{"base_weights":[-9.5598415E-2,-2.941959E0,2.292302E0,-4.2220813E-1,-1.5664081E-1,1.0870256E-1,3.1352362E-1],"categories":[],"categories_nodes":[],"categories_segments":[],"categories_sizes":[],"default_left":[0,0,0,0,0,0,0],"id":12,"left_children":[1,3,5,-1,-1,-1,-1],"loss_changes":[7.4712105E1,2.1908646E0,2.687729E0,0E0,0E0,0E0,0E0],"parents":[2147483647,0,0,1,1,2,2],"right_children":[2,4,6,-1,-1,-1,-1],"split_conditions":[6.0329604E-1,3.0070898E-1,9.03377E-1,-4.2220813E-1,-1.5664081E-1,1.0870256E-1,3.1352362E-1],"split_indices":[0,0,0,0,0,0,0],"split_type":[0,0,0,0,0,0,0],"sum_hessian":[9E0,4E0,5E0,1E0,3E0,3E0,2E0],"tree_param":{"num_deleted":"0","num_feature":"2","num_nodes":"7","size_leaf_vector":"1"}},{"base_weights":[-1.0170078E-1,-2.7635326E0,2.1334426E0,-4.0109769E-1,-1.4489274E-1,1.00549795E-1,2.9262212E-1],"categories":[],"categories_nodes":[],"categories_segments":[],"categories_sizes":[],"default_left":[0,0,0,0,0,0,0],"id":13,"left_children":[1,3,5,-1,-1,-1,-1],"loss_changes":[6.5391594E1,2.3878708E0,2.4229507E0,0E0,0E0,0E0,0E0],"parents":[2147483647,0,0,1,1,2,2],"right_children":[2,4,6,-1,-1,-1,-1],"split_conditions":[6.0329604E-1,3.0070898E-1,9.03377E-1,-4.0109769E-1,-1.4489274E-1,1.00549795E-1,2.9262212E-1],"split_indices":[0,0,0,0,0,0,0],"split_type":[0,0,0,0,0,0,0],"sum_hessian":[9E0,4E0,5E0,1E0,3E0,3E0,2E0],"tree_param":{"num_deleted":"0","num_feature":"2","num_nodes":"7","size_leaf_vector":"1"}},{"base_weights":[-1.0681267E-1,-2.596377E0,1.9856262E0,-3.8104278E-1,-1.3402572E-1,6.69445E-2,2.4763556E-1],"categories":[],"categories_nodes":[],"categories_segments":[],"categories_sizes":[],"default_left":[0,0,0,0,0,0,0],"id":14,"left_children":[1,3,5,-1,-1,-1,-1],"loss_changes":[5.724804E1,2.5180092E0,2.2175503E0,0E0,0E0,0E0,0E0],"parents":[2147483647,0,0,1,1,2,2],"right_children":[2,4,6,-1,-1,-1,-1],"split_conditions":[6.0329604E-1,3.0070898E-1,8.030992E-1,-3.8104278E-1,-1.3402572E-1,6.69445E-2,2.4763556E-1],"split_indices":[0,0,0,0,0,0,0],"split_type":[0,0,0,0,0,0,0],"sum_hessian":[9E0,4E0,5E0,1E0,3E0,2E0,3E0],"tree_param":{"num_deleted":"0","num_feature":"2","num_nodes":"7","size_leaf_vector":"1"}},{"base_weights":[-1.1618004E-1,-2.439753E0,1.8394941E0,-3.6199066E-1,-1.239738E-1,8.3470345E-2,2.5660503E-1],"categories":[],"categories_nodes":[],"categories_segments":[],"categories_sizes":[],"default_left":[0,0,0,0,0,0,0],"id":15,"left_children":[1,3,5,-1,-1,-1,-1],"loss_changes":[4.9929424E1,2.593275E0,2.238329E0,0E0,0E0,0E0,0E0],"parents":[2147483647,0,0,1,1,2,2],"right_children":[2,4,6,-1,-1,-1,-1],"split_conditions":[6.0329604E-1,3.0070898E-1,9.03377E-1,-3.6199066E-1,-1.239738E-1,8.3470345E-2,2.5660503E-1],"split_indices":[0,0,0,0,0,0,0],"split_type":[0,0,0,0,0,0,0],"sum_hessian":[9E0,4E0,5E0,1E0,3E0,3E0,2E0],"tree_param":{"num_deleted":"0","num_feature":"2","num_nodes":"7","size_leaf_vector":"1"}},{"base_weights":[-1.19150355E-1,-2.2929707E0,1.712225E0,-3.4389114E-1,-1.1467576E-1,7.721014E-1,2.3949814E-1,2.2518158E-2,8.7934755E-2],"categories":[],"categories_nodes":[],"categories_segments":[],"categories_sizes":[],"default_left":[0,0,0,0,0,0,0,0,0],"id":16,"left_children":[1,3,5,-1,-1,7,-1,-1,-1],"loss_changes":[4.373689E1,2.6238651E0,2.0020828E0,0E0,0E0,3.6607265E-2,0E0,0E0,0E0],"parents":[2147483647,0,0,1,1,2,2,5,5],"right_children":[2,4,6,-1,-1,8,-1,-1,-1],"split_conditions":[6.0329604E-1,3.0070898E-1,9.03377E-1,-3.4389114E-1,-1.1467576E-1,7.023979E-1,2.3949814E-1,2.2518158E-2,8.7934755E-2],"split_indices":[0,0,0,0,0,0,0,0,0],"split_type":[0,0,0,0,0,0,0,0,0],"sum_hessian":[9E0,4E0,5E0,1E0,3E0,3E0,2E0,1E0,2E0],"tree_param":{"num_deleted":"0","num_feature":"2","num_nodes":"9","size_leaf_vector":"1"}},{"base_weights":[-1.18097305E-1,-2.1553872E0,1.5993271E0,-3.266966E-1,-1.060751E-1,7.2250366E-1,2.235316E-1,2.139225E-2,8.2072325E-2],"categories":[],"categories_nodes":[],"categories_segments":[],"categories_sizes":[],"default_left":[0,0,0,0,0,0,0,0,0],"id":17,"left_children":[1,3,5,-1,-1,7,-1,-1,-1],"loss_changes":[3.843608E1,2.618435E0,1.730876E0,0E0,0E0,2.423954E-2,0E0,0E0,0E0],"parents":[2147483647,0,0,1,1,2,2,5,5],"right_children":[2,4,6,-1,-1,8,-1,-1,-1],"split_conditions":[6.0329604E-1,3.0070898E-1,9.03377E-1,-3.266966E-1,-1.060751E-1,7.023979E-1,2.235316E-1,2.139225E-2,8.2072325E-2],"split_indices":[0,0,0,0,0,0,0,0,0],"split_type":[0,0,0,0,0,0,0,0,0],"sum_hessian":[9E0,4E0,5E0,1E0,3E0,3E0,2E0,1E0,2E0],"tree_param":{"num_deleted":"0","num_feature":"2","num_nodes":"9","size_leaf_vector":"1"}},{"base_weights":[-1.16864964E-1,-2.0264027E0,1.493894E0,-2.6903707E-1,-6.869672E-2,6.7611885E-1,2.0862961E-1,2.032261E-2,7.6600775E-2],"categories":[],"categories_nodes":[],"categories_segments":[],"categories_sizes":[],"default_left":[0,0,0,0,0,0,0,0,0],"id":18,"left_children":[1,3,5,-1,-1,7,-1,-1,-1],"loss_changes":[3.378528E1,2.5985146E0,1.4961262E0,0E0,0E0,1.43585205E-2,0E0,0E0,0E0],"parents":[2147483647,0,0,1,1,2,2,5,5],"right_children":[2,4,6,-1,-1,8,-1,-1,-1],"split_conditions":[6.0329604E-1,4.004312E-1,9.03377E-1,-2.6903707E-1,-6.869672E-2,7.023979E-1,2.0862961E-1,2.032261E-2,7.6600775E-2],"split_indices":[0,0,0,0,0,0,0,0,0],"split_type":[0,0,0,0,0,0,0,0,0],"sum_hessian":[9E0,4E0,5E0,2E0,2E0,3E0,2E0,1E0,2E0],"tree_param":{"num_deleted":"0","num_feature":"2","num_nodes":"9","size_leaf_vector":"1"}},{"base_weights":[-1.0839596E-1,-1.891309E0,1.3954309E0,-2.969099E-1,-8.795867E-2,6.3273907E-1,1.9472097E-1,1.9306565E-2,7.149417E-2],"categories":[],"categories_nodes":[],"categories_segments":[],"categories_sizes":[],"default_left":[0,0,0,0,0,0,0,0,0],"id":19,"left_children":[1,3,5,-1,-1,7,-1,-1,-1],"loss_changes":[2.9451115E1,2.84054E0,1.2929478E0,0E0,0E0,6.5385103E-3,0E0,0E0,0E0],"parents":[2147483647,0,0,1,1,2,2,5,5],"right_children":[2,4,6,-1,-1,8,-1,-1,-1],"split_conditions":[6.0329604E-1,3.0070898E-1,9.03377E-1,-2.969099E-1,-8.795867E-2,7.023979E-1,1.9472097E-1,1.9306565E-2,7.149417E-2],"split_indices":[0,0,0,0,0,0,0,0,0],"split_type":[0,0,0,0,0,0,0,0,0],"sum_hessian":[9E0,4E0,5E0,1E0,3E0,3E0,2E0,1E0,2E0],"tree_param":{"num_deleted":"0","num_feature":"2","num_nodes":"9","size_leaf_vector":"1"}},{"base_weights":[-1.0749111E-1,-1.7791516E0,1.3034744E0,-2.8206444E-1,-8.1361726E-2,5.92165E-1,1.8173955E-1,1.8341256E-2,6.672783E-2],"categories":[],"categories_nodes":[],"categories_segments":[],"categories_sizes":[],"default_left":[0,0,0,0,0,0,0,0,0],"id":20,"left_children":[1,3,5,-1,-1,7,-1,-1,-1],"loss_changes":[2.5905632E1,2.73306E0,1.1171436E0,0E0,0E0,4.2378902E-4,0E0,0E0,0E0],"parents":[2147483647,0,0,1,1,2,2,5,5],"right_children":[2,4,6,-1,-1,8,-1,-1,-1],"split_conditions":[6.0329604E-1,3.0070898E-1,9.03377E-1,-2.8206444E-1,-8.1361726E-2,7.023979E-1,1.8173955E-1,1.8341256E-2,6.672783E-2],"split_indices":[0,0,0,0,0,0,0,0,0],"split_type":[0,0,0,0,0,0,0,0,0],"sum_hessian":[9E0,4E0,5E0,1E0,3E0,3E0,2E0,1E0,2E0],"tree_param":{"num_deleted":"0","num_feature":"2","num_nodes":"9","size_leaf_vector":"1"}},{"base_weights":[-1.06403545E-1,-1.6739216E0,1.2175955E0,-2.6796123E-1,-7.525959E-2,5.542164E-2,1.6962357E-1],"categories":[],"categories_nodes":[],"categories_segments":[],"categories_sizes":[],"default_left":[0,0,0,0,0,0,0],"id":21,"left_children":[1,3,5,-1,-1,-1,-1],"loss_changes":[2.2792084E1,2.6161776E0,9.6503735E-1,0E0,0E0,0E0,0E0],"parents":[2147483647,0,0,1,1,2,2],"right_children":[2,4,6,-1,-1,-1,-1],"split_conditions":[6.0329604E-1,3.0070898E-1,9.03377E-1,-2.6796123E-1,-7.525959E-2,5.542164E-2,1.6962357E-1],"split_indices":[0,0,0,0,0,0,0],"split_type":[0,0,0,0,0,0,0],"sum_hessian":[9E0,4E0,5E0,1E0,3E0,3E0,2E0],"tree_param":{"num_deleted":"0","num_feature":"2","num_nodes":"7","size_leaf_vector":"1"}},{"base_weights":[-1.07580185E-1,-1.5751731E0,1.133344E0,-2.5456315E-1,-6.961508E-1,5.1265144E-1,1.5831529E-1,-7.9461165E-2,-2.0038415E-2,1.4653206E-2,5.858472E-2],"categories":[],"categories_nodes":[],"categories_segments":[],"categories_sizes":[],"default_left":[0,0,0,0,0,0,0,0,0,0,0],"id":22,"left_children":[1,3,5,-1,7,9,-1,-1,-1,-1,-1],"loss_changes":[1.999693E1,2.4931297E0,8.635521E-1,0E0,3.6026835E-2,2.1348119E-2,0E0,0E0,0E0,0E0,0E0],"parents":[2147483647,0,0,1,1,2,2,4,4,5,5],"right_children":[2,4,6,-1,8,10,-1,-1,-1,-1,-1],"split_conditions":[6.0329604E-1,3.0070898E-1,9.03377E-1,-2.5456315E-1,5.018329E-1,7.023979E-1,1.5831529E-1,-7.9461165E-2,-2.0038415E-2,1.4653206E-2,5.858472E-2],"split_indices":[0,0,0,0,0,0,0,0,0,0,0],"split_type":[0,0,0,0,0,0,0,0,0,0,0],"sum_hessian":[9E0,4E0,5E0,1E0,3E0,3E0,2E0,2E0,1E0,1E0,2E0],"tree_param":{"num_deleted":"0","num_feature":"2","num_nodes":"11","size_leaf_vector":"1"}},{"base_weights":[-1.0907288E-1,-1.4884682E0,1.058602E0,-2.4183503E-1,-6.514101E-1,4.7969532E-1,1.4776103E-1,-7.41637E-2,-1.9036485E-2,1.3920593E-2,5.4678984E-2],"categories":[],"categories_nodes":[],"categories_segments":[],"categories_sizes":[],"default_left":[0,0,0,0,0,0,0,0,0,0,0],"id":23,"left_children":[1,3,5,-1,7,9,-1,-1,-1,-1,-1],"loss_changes":[1.7682549E1,2.3164883E0,7.465973E-1,0E0,2.5213003E-2,1.5263498E-2,0E0,0E0,0E0,0E0,0E0],"parents":[2147483647,0,0,1,1,2,2,4,4,5,5],"right_children":[2,4,6,-1,8,10,-1,-1,-1,-1,-1],"split_conditions":[6.0329604E-1,3.0070898E-1,9.03377E-1,-2.4183503E-1,5.018329E-1,7.023979E-1,1.4776103E-1,-7.41637E-2,-1.9036485E-2,1.3920593E-2,5.4678984E-2],"split_indices":[0,0,0,0,0,0,0,0,0,0,0],"split_type":[0,0,0,0,0,0,0,0,0,0,0],"sum_hessian":[9E0,4E0,5E0,1E0,3E0,3E0,2E0,2E0,1E0,1E0,2E0],"tree_param":{"num_deleted":"0","num_feature":"2","num_nodes":"11","size_leaf_vector":"1"}},{"base_weights":[-1.10033415E-1,-1.4066284E0,9.888013E-1,-2.2974329E-1,-6.095691E-1,4.4887543E-1,1.3791022E-1,-6.921946E-2,-1.8084621E-2,1.3224602E-2,5.1033657E-2],"categories":[],"categories_nodes":[],"categories_segments":[],"categories_sizes":[],"default_left":[0,0,0,0,0,0,0,0,0,0,0],"id":24,"left_children":[1,3,5,-1,7,9,-1,-1,-1,-1,-1],"loss_changes":[1.5638312E1,2.1496754E0,6.4535475E-1,0E0,1.651311E-2,1.0351598E-2,0E0,0E0,0E0,0E0,0E0],"parents":[2147483647,0,0,1,1,2,2,4,4,5,5],"right_children":[2,4,6,-1,8,10,-1,-1,-1,-1,-1],"split_conditions":[6.0329604E-1,3.0070898E-1,9.03377E-1,-2.2974329E-1,5.018329E-1,7.023979E-1,1.3791022E-1,-6.921946E-2,-1.8084621E-2,1.3224602E-2,5.1033657E-2],"split_indices":[0,0,0,0,0,0,0,0,0,0,0],"split_type":[0,0,0,0,0,0,0,0,0,0,0],"sum_hessian":[9E0,4E0,5E0,1E0,3E0,3E0,2E0,2E0,1E0,1E0,2E0],"tree_param":{"num_deleted":"0","num_feature":"2","num_nodes":"11","size_leaf_vector":"1"}},{"base_weights":[-1.105175E-1,-1.3293747E0,9.236164E-1,-2.182561E-1,-5.704379E-1,4.2005253E-1,1.2871628E-1,-6.4604826E-2,-1.7180348E-2,1.25633245E-2,4.7631454E-2],"categories":[],"categories_nodes":[],"categories_segments":[],"categories_sizes":[],"default_left":[0,0,0,0,0,0,0,0,0,0,0],"id":25,"left_children":[1,3,5,-1,7,9,-1,-1,-1,-1,-1],"loss_changes":[1.3832449E1,1.9925566E0,5.577369E-1,0E0,9.570241E-3,6.417513E-3,0E0,0E0,0E0,0E0,0E0],"parents":[2147483647,0,0,1,1,2,2,4,4,5,5],"right_children":[2,4,6,-1,8,10,-1,-1,-1,-1,-1],"split_conditions":[6.0329604E-1,3.0070898E-1,9.03377E-1,-2.182561E-1,5.018329E-1,7.023979E-1,1.2871628E-1,-6.4604826E-2,-1.7180348E-2,1.25633245E-2,4.7631454E-2],"split_indices":[0,0,0,0,0,0,0,0,0,0,0],"split_type":[0,0,0,0,0,0,0,0,0,0,0],"sum_hessian":[9E0,4E0,5E0,1E0,3E0,3E0,2E0,2E0,1E0,1E0,2E0],"tree_param":{"num_deleted":"0","num_feature":"2","num_nodes":"11","size_leaf_vector":"1"}},{"base_weights":[-1.1057816E-1,-1.2564453E0,8.627408E-1,-2.073433E-1,-5.338402E-1,4.7488326E-1,1.4010143E-1,-6.0297776E-2,-1.6321374E-2,1.1935234E-2,5.3392794E-2],"categories":[],"categories_nodes":[],"categories_segments":[],"categories_sizes":[],"default_left":[0,0,0,0,0,0,0,0,0,0,0],"id":26,"left_children":[1,3,5,-1,7,9,-1,-1,-1,-1,-1],"loss_changes":[1.2236929E1,1.8449159E0,5.873227E-1,0E0,4.0826797E-3,4.1235447E-2,0E0,0E0,0E0,0E0,0E0],"parents":[2147483647,0,0,1,1,2,2,4,4,5,5],"right_children":[2,4,6,-1,8,10,-1,-1,-1,-1,-1],"split_conditions":[6.0329604E-1,3.0070898E-1,1E0,-2.073433E-1,5.018329E-1,7.023979E-1,1.4010143E-1,-6.0297776E-2,-1.6321374E-2,1.1935234E-2,5.3392794E-2],"split_indices":[0,0,0,0,0,0,0,0,0,0,0],"split_type":[0,0,0,0,0,0,0,0,0,0,0],"sum_hessian":[9E0,4E0,5E0,1E0,3E0,4E0,1E0,2E0,1E0,1E0,3E0],"tree_param":{"num_deleted":"0","num_feature":"2","num_nodes":"11","size_leaf_vector":"1"}},{"base_weights":[-1.07374385E-1,-1.1875935E0,8.1070393E-1,-1.969761E-1,-4.996114E-2,4.4045943E-1,1.3309632E-1,1.1338425E-2,4.938822E-2],"categories":[],"categories_nodes":[],"categories_segments":[],"categories_sizes":[],"default_left":[0,0,0,0,0,0,0,0,0],"id":27,"left_children":[1,3,5,-1,-1,7,-1,-1,-1],"loss_changes":[1.0880044E1,1.7064705E0,5.6950355E-1,0E0,0E0,3.1367898E-2,0E0,0E0,0E0],"parents":[2147483647,0,0,1,1,2,2,5,5],"right_children":[2,4,6,-1,-1,8,-1,-1,-1],"split_conditions":[6.0329604E-1,3.0070898E-1,1E0,-1.969761E-1,-4.996114E-2,7.023979E-1,1.3309632E-1,1.1338425E-2,4.938822E-2],"split_indices":[0,0,0,0,0,0,0,0,0],"split_type":[0,0,0,0,0,0,0,0,0],"sum_hessian":[9E0,4E0,5E0,1E0,3E0,4E0,1E0,1E0,3E0],"tree_param":{"num_deleted":"0","num_feature":"2","num_nodes":"9","size_leaf_vector":"1"}},{"base_weights":[-1.0194836E-1,-1.3327408E0,6.1592567E-1,-1.871273E-1,-5.2947234E-2,-1.4904658E-2,8.712387E-1,-1.300726E-2,1.07715605E-2,4.568405E-2,1.2644158E-1],"categories":[],"categories_nodes":[],"categories_segments":[],"categories_sizes":[],"default_left":[0,0,0,0,0,0,0,0,0,0,0],"id":28,"left_children":[1,3,5,-1,-1,7,9,-1,-1,-1,-1],"loss_changes":[9.656408E0,7.395563E-1,1.1403999E0,0E0,0E0,5.6376614E-2,2.3702288E-1,0E0,0E0,0E0,0E0],"parents":[2147483647,0,0,1,1,2,2,5,5,6,6],"right_children":[2,4,6,-1,-1,8,10,-1,-1,-1,-1],"split_conditions":[5.018329E-1,3.0070898E-1,7.023979E-1,-1.871273E-1,-5.2947234E-2,6.0329604E-1,1E0,-1.300726E-2,1.07715605E-2,4.568405E-2,1.2644158E-1],"split_indices":[0,0,0,0,0,0,0,0,0,0,0],"split_type":[0,0,0,0,0,0,0,0,0,0,0],"sum_hessian":[9E0,3E0,6E0,1E0,2E0,2E0,4E0,1E0,1E0,3E0,1E0],"tree_param":{"num_deleted":"0","num_feature":"2","num_nodes":"11","size_leaf_vector":"1"}},{"base_weights":[-9.877205E-2,-1.2594848E0,5.786027E-1,-1.777709E-1,-4.941737E-2,-1.415952E-2,8.1853944E-1,-1.2356854E-2,1.0232925E-2,4.2257693E-2,1.20119475E-1],"categories":[],"categories_nodes":[],"categories_segments":[],"categories_sizes":[],"default_left":[0,0,0,0,0,0,0,0,0,0,0],"id":29,"left_children":[1,3,5,-1,-1,7,9,-1,-1,-1,-1],"loss_changes":[8.591116E0,7.079139E-1,1.0071683E0,0E0,0E0,5.087944E-2,2.4998856E-1,0E0,0E0,0E0,0E0],"parents":[2147483647,0,0,1,1,2,2,5,5,6,6],"right_children":[2,4,6,-1,-1,8,10,-1,-1,-1,-1],"split_conditions":[5.018329E-1,3.0070898E-1,7.023979E-1,-1.777709E-1,-4.941737E-2,6.0329604E-1,1E0,-1.2356854E-2,1.0232925E-2,4.2257693E-2,1.20119475E-1],"split_indices":[0,0,0,0,0,0,0,0,0,0,0],"split_type":[0,0,0,0,0,0,0,0,0,0,0],"sum_hessian":[9E0,3E0,6E0,1E0,2E0,2E0,4E0,1E0,1E0,3E0,1E0],"tree_param":{"num_deleted":"0","num_feature":"2","num_nodes":"11","size_leaf_vector":"1"}},{"base_weights":[-9.5588684E-2,-1.1903334E0,5.4363525E-1,-1.6888237E-1,-4.612287E-2,2.53863E-1,1.1411343E-1,-1.1738968E-2,3.515915E-1,9.721375E-3,3.908825E-2],"categories":[],"categories_nodes":[],"categories_segments":[],"categories_sizes":[],"default_left":[0,0,0,0,0,0,0,0,0,0,0],"id":30,"left_children":[1,3,5,-1,-1,7,-1,-1,9,-1,-1],"loss_changes":[7.644977E0,6.748724E-1,9.2227864E-1,0E0,0E0,2.5896496E-1,0E0,0E0,1.1974633E-2,0E0,0E0],"parents":[2147483647,0,0,1,1,2,2,5,5,8,8],"right_children":[2,4,6,-1,-1,8,-1,-1,10,-1,-1],"split_conditions":[5.018329E-1,3.0070898E-1,1E0,-1.6888237E-1,-4.612287E-2,6.0329604E-1,1.1411343E-1,-1.1738968E-2,7.023979E-1,9.721375E-3,3.908825E-2],"split_indices":[0,0,0,0,0,0,0,0,0,0,0],"split_type":[0,0,0,0,0,0,0,0,0,0,0],"sum_hessian":[9E0,3E0,6E0,1E0,2E0,5E0,1E0,1E0,4E0,1E0,3E0],"tree_param":{"num_deleted":"0","num_feature":"2","num_nodes":"11","size_leaf_vector":"1"}},{"base_weights":[-9.24118E-2,-1.125051E0,5.1086944E-1,-1.6043825E-1,-4.304797E-2,2.3465507E-1,1.0840779E-1,-1.1151982E-2,3.26194E-1,9.235382E-3,3.615656E-2],"categories":[],"categories_nodes":[],"categories_segments":[],"categories_sizes":[],"default_left":[0,0,0,0,0,0,0,0,0,0,0],"id":31,"left_children":[1,3,5,-1,-1,7,-1,-1,9,-1,-1],"loss_changes":[6.8044724E0,6.410656E-1,8.539146E-1,0E0,0E0,2.265079E-1,0E0,0E0,7.964551E-3,0E0,0E0],"parents":[2147483647,0,0,1,1,2,2,5,5,8,8],"right_children":[2,4,6,-1,-1,8,-1,-1,10,-1,-1],"split_conditions":[5.018329E-1,3.0070898E-1,1E0,-1.6043825E-1,-4.304797E-2,6.0329604E-1,1.0840779E-1,-1.1151982E-2,7.023979E-1,9.235382E-3,3.615656E-2],"split_indices":[0,0,0,0,0,0,0,0,0,0,0],"split_type":[0,0,0,0,0,0,0,0,0,0,0],"sum_hessian":[9E0,3E0,6E0,1E0,2E0,5E0,1E0,1E0,4E0,1E0,3E0],"tree_param":{"num_deleted":"0","num_feature":"2","num_nodes":"11","size_leaf_vector":"1"}},{"base_weights":[-8.9253806E-2,-1.063417E0,4.801614E-1,-1.5241633E-1,-4.0178046E-2,2.168967E-1,1.0298748E-1,-1.0594368E-2,3.026535E-1,8.773613E-3,3.344488E-2],"categories":[],"categories_nodes":[],"categories_segments":[],"categories_sizes":[],"default_left":[0,0,0,0,0,0,0,0,0,0,0],"id":32,"left_children":[1,3,5,-1,-1,7,-1,-1,9,-1,-1],"loss_changes":[6.0576453E0,6.07007E-1,7.896644E-1,0E0,0E0,1.981788E-1,0E0,0E0,4.8235655E-3,0E0,0E0],"parents":[2147483647,0,0,1,1,2,2,5,5,8,8],"right_children":[2,4,6,-1,-1,8,-1,-1,10,-1,-1],"split_conditions":[5.018329E-1,3.0070898E-1,1E0,-1.5241633E-1,-4.0178046E-2,6.0329604E-1,1.0298748E-1,-1.0594368E-2,7.023979E-1,8.773613E-3,3.344488E-2],"split_indices":[0,0,0,0,0,0,0,0,0,0,0],"split_type":[0,0,0,0,0,0,0,0,0,0,0],"sum_hessian":[9E0,3E0,6E0,1E0,2E0,5E0,1E0,1E0,4E0,1E0,3E0],"tree_param":{"num_deleted":"0","num_feature":"2","num_nodes":"11","size_leaf_vector":"1"}},{"base_weights":[-8.612652E-2,-1.0052238E0,4.513757E-1,-1.4479552E-1,-3.749949E-2,2.0047824E-1,9.783802E-2,-1.0064698E-2,2.8083268E-1,8.334923E-3,3.0936623E-2],"categories":[],"categories_nodes":[],"categories_segments":[],"categories_sizes":[],"default_left":[0,0,0,0,0,0,0,0,0,0,0],"id":33,"left_children":[1,3,5,-1,-1,7,-1,-1,9,-1,-1],"loss_changes":[5.3939013E0,5.731125E-1,7.2942483E-1,0E0,0E0,1.7344545E-1,0E0,0E0,2.3890734E-3,0E0,0E0],"parents":[2147483647,0,0,1,1,2,2,5,5,8,8],"right_children":[2,4,6,-1,-1,8,-1,-1,10,-1,-1],"split_conditions":[5.018329E-1,3.0070898E-1,1E0,-1.4479552E-1,-3.749949E-2,6.0329604E-1,9.783802E-2,-1.0064698E-2,7.023979E-1,8.334923E-3,3.0936623E-2],"split_indices":[0,0,0,0,0,0,0,0,0,0,0],"split_type":[0,0,0,0,0,0,0,0,0,0,0],"sum_hessian":[9E0,3E0,6E0,1E0,2E0,5E0,1E0,1E0,4E0,1E0,3E0],"tree_param":{"num_deleted":"0","num_feature":"2","num_nodes":"11","size_leaf_vector":"1"}},{"base_weights":[-8.3038904E-2,-9.5027447E-1,4.2438698E-1,-1.375557E-1,-3.4999467E-2,1.8529797E-1,9.294605E-2,-9.561444E-3,2.6060334E-1,7.918167E-3,2.8616333E-2],"categories":[],"categories_nodes":[],"categories_segments":[],"categories_sizes":[],"default_left":[0,0,0,0,0,0,0,0,0,0,0],"id":34,"left_children":[1,3,5,-1,-1,7,-1,-1,9,-1,-1],"loss_changes":[4.803862E0,5.3971624E-1,6.7307556E-1,0E0,0E0,1.5184268E-1,0E0,0E0,5.2681565E-4,0E0,0E0],"parents":[2147483647,0,0,1,1,2,2,5,5,8,8],"right_children":[2,4,6,-1,-1,8,-1,-1,10,-1,-1],"split_conditions":[5.018329E-1,3.0070898E-1,1E0,-1.375557E-1,-3.4999467E-2,6.0329604E-1,9.294605E-2,-9.561444E-3,7.023979E-1,7.918167E-3,2.8616333E-2],"split_indices":[0,0,0,0,0,0,0,0,0,0,0],"split_type":[0,0,0,0,0,0,0,0,0,0,0],"sum_hessian":[9E0,3E0,6E0,1E0,2E0,5E0,1E0,1E0,4E0,1E0,3E0],"tree_param":{"num_deleted":"0","num_feature":"2","num_nodes":"11","size_leaf_vector":"1"}},{"base_weights":[-7.999897E-2,-8.983855E-1,3.990789E-1,-1.306779E-1,-3.2666143E-2,1.7126274E-1,8.82988E-2,-9.083367E-3,2.4184875E-2],"categories":[],"categories_nodes":[],"categories_segments":[],"categories_sizes":[],"default_left":[0,0,0,0,0,0,0,0,0],"id":35,"left_children":[1,3,5,-1,-1,7,-1,-1,-1],"loss_changes":[4.279236E0,5.070791E-1,6.2047327E-1,0E0,0E0,1.3297005E-1,0E0,0E0,0E0],"parents":[2147483647,0,0,1,1,2,2,5,5],"right_children":[2,4,6,-1,-1,8,-1,-1,-1],"split_conditions":[5.018329E-1,3.0070898E-1,1E0,-1.306779E-1,-3.2666143E-2,6.0329604E-1,8.82988E-2,-9.083367E-3,2.4184875E-2],"split_indices":[0,0,0,0,0,0,0,0,0],"split_type":[0,0,0,0,0,0,0,0,0],"sum_hessian":[9E0,3E0,6E0,1E0,2E0,5E0,1E0,1E0,4E0],"tree_param":{"num_deleted":"0","num_feature":"2","num_nodes":"9","size_leaf_vector":"1"}},{"base_weights":[-7.799377E-2,-1.032849E0,2.8982615E-1,-1.2414398E-1,-3.0783368E-2,-2.4700547E-2,6.10528E-1,-1.5719032E-2,1.1602274E-2,2.5481163E-2,8.388386E-2],"categories":[],"categories_nodes":[],"categories_segments":[],"categories_sizes":[],"default_left":[0,0,0,0,0,0,0,0,0,0,0],"id":36,"left_children":[1,3,5,-1,-1,7,9,-1,-1,-1,-1],"loss_changes":[3.811494E0,7.153797E-2,8.220347E-1,0E0,0E0,1.11459635E-1,1.11109495E-1,0E0,0E0,0E0,0E0],"parents":[2147483647,0,0,1,1,2,2,5,5,6,6],"right_children":[2,4,6,-1,-1,8,10,-1,-1,-1,-1],"split_conditions":[4.004312E-1,3.0070898E-1,8.030992E-1,-1.2414398E-1,-3.0783368E-2,6.0329604E-1,1E0,-1.5719032E-2,1.1602274E-2,2.5481163E-2,8.388386E-2],"split_indices":[0,0,0,0,0,0,0,0,0,0,0],"split_type":[0,0,0,0,0,0,0,0,0,0,0],"sum_hessian":[9E0,2E0,7E0,1E0,1E0,4E0,3E0,2E0,2E0,2E0,1E0],"tree_param":{"num_deleted":"0","num_feature":"2","num_nodes":"11","size_leaf_vector":"1"}},{"base_weights":[-7.516251E-2,-9.812069E-1,2.7399945E-1,-1.17936805E-1,-2.9244233E-2,-2.305336E-2,5.768156E-1,-1.4671135E-2,1.08289085E-2,2.3782348E-2,7.96896E-2],"categories":[],"categories_nodes":[],"categories_segments":[],"categories_sizes":[],"default_left":[0,0,0,0,0,0,0,0,0,0,0],"id":37,"left_children":[1,3,5,-1,-1,7,9,-1,-1,-1,-1],"loss_changes":[3.4324124E0,6.456208E-2,7.329167E-1,0E0,0E0,9.7094946E-2,1.0890138E-1,0E0,0E0,0E0,0E0],"parents":[2147483647,0,0,1,1,2,2,5,5,6,6],"right_children":[2,4,6,-1,-1,8,10,-1,-1,-1,-1],"split_conditions":[4.004312E-1,3.0070898E-1,8.030992E-1,-1.17936805E-1,-2.9244233E-2,6.0329604E-1,1E0,-1.4671135E-2,1.08289085E-2,2.3782348E-2,7.96896E-2],"split_indices":[0,0,0,0,0,0,0,0,0,0,0],"split_type":[0,0,0,0,0,0,0,0,0,0,0],"sum_hessian":[9E0,2E0,7E0,1E0,1E0,4E0,3E0,2E0,2E0,2E0,1E0],"tree_param":{"num_deleted":"0","num_feature":"2","num_nodes":"11","size_leaf_vector":"1"}},{"base_weights":[-7.240124E-2,-9.321467E-1,2.5905347E-1,-1.12039946E-1,-2.7782058E-2,7.9760686E-2,7.570515E-2,-1.3693047E-2,1.9382325E-1,5.1914216E-3,2.1632195E-2],"categories":[],"categories_nodes":[],"categories_segments":[],"categories_sizes":[],"default_left":[0,0,0,0,0,0,0,0,0,0,0],"id":38,"left_children":[1,3,5,-1,-1,7,-1,-1,9,-1,-1],"loss_changes":[3.0911427E0,5.8266163E-2,6.5391666E-1,0E0,0E0,1.9955473E-1,0E0,0E0,4.733667E-3,0E0,0E0],"parents":[2147483647,0,0,1,1,2,2,5,5,8,8],"right_children":[2,4,6,-1,-1,8,-1,-1,10,-1,-1],"split_conditions":[4.004312E-1,3.0070898E-1,1E0,-1.12039946E-1,-2.7782058E-2,6.0329604E-1,7.570515E-2,-1.3693047E-2,7.023979E-1,5.1914216E-3,2.1632195E-2],"split_indices":[0,0,0,0,0,0,0,0,0,0,0],"split_type":[0,0,0,0,0,0,0,0,0,0,0],"sum_hessian":[9E0,2E0,7E0,1E0,1E0,6E0,1E0,2E0,4E0,1E0,3E0],"tree_param":{"num_deleted":"0","num_feature":"2","num_nodes":"11","size_leaf_vector":"1"}},{"base_weights":[-7.026024E-2,-8.8553935E-1,2.4425197E-1,-1.0643797E-1,-2.6392937E-2,7.36599E-2,7.191982E-2,-1.27801895E-2,1.79805E-1,4.9318313E-3,2.000971E-2],"categories":[],"categories_nodes":[],"categories_segments":[],"categories_sizes":[],"default_left":[0,0,0,0,0,0,0,0,0,0,0],"id":39,"left_children":[1,3,5,-1,-1,7,-1,-1,9,-1,-1],"loss_changes":[2.7804472E0,5.258584E-2,5.952004E-1,0E0,0E0,1.726687E-1,0E0,0E0,3.3707768E-3,0E0,0E0],"parents":[2147483647,0,0,1,1,2,2,5,5,8,8],"right_children":[2,4,6,-1,-1,8,-1,-1,10,-1,-1],"split_conditions":[4.004312E-1,3.0070898E-1,1E0,-1.0643797E-1,-2.6392937E-2,6.0329604E-1,7.191982E-2,-1.27801895E-2,7.023979E-1,4.9318313E-3,2.000971E-2],"split_indices":[0,0,0,0,0,0,0,0,0,0,0],"split_type":[0,0,0,0,0,0,0,0,0,0,0],"sum_hessian":[9E0,2E0,7E0,1E0,1E0,6E0,1E0,2E0,4E0,1E0,3E0],"tree_param":{"num_deleted":"0","num_feature":"2","num_nodes":"11","size_leaf_vector":"1"}},{"base_weights":[-6.810875E-2,-8.4126216E-1,2.3033738E-1,-1.0111608E-1,-2.5073243E-2,6.803159E-2,6.83239E-2,-1.1928241E-2,1.6681366E-1,4.6852115E-3,1.8509103E-2],"categories":[],"categories_nodes":[],"categories_segments":[],"categories_sizes":[],"default_left":[0,0,0,0,0,0,0,0,0,0,0],"id":40,"left_children":[1,3,5,-1,-1,7,-1,-1,9,-1,-1],"loss_changes":[2.501221E0,4.745984E-2,5.415866E-1,0E0,0E0,1.494208E-1,0E0,0E0,2.290994E-3,0E0,0E0],"parents":[2147483647,0,0,1,1,2,2,5,5,8,8],"right_children":[2,4,6,-1,-1,8,-1,-1,10,-1,-1],"split_conditions":[4.004312E-1,3.0070898E-1,1E0,-1.0111608E-1,-2.5073243E-2,6.0329604E-1,6.83239E-2,-1.1928241E-2,7.023979E-1,4.6852115E-3,1.8509103E-2],"split_indices":[0,0,0,0,0,0,0,0,0,0,0],"split_type":[0,0,0,0,0,0,0,0,0,0,0],"sum_hessian":[9E0,2E0,7E0,1E0,1E0,6E0,1E0,2E0,4E0,1E0,3E0],"tree_param":{"num_deleted":"0","num_feature":"2","num_nodes":"11","size_leaf_vector":"1"}},{"base_weights":[-6.595764E-2,-7.991988E-1,2.172525E-1,-9.6060276E-2,-2.3819542E-2,6.2838145E-2,6.490765E-2,-1.1133003E-2,1.5477142E-1,4.450989E-3,1.7120933E-2],"categories":[],"categories_nodes":[],"categories_segments":[],"categories_sizes":[],"default_left":[0,0,0,0,0,0,0,0,0,0,0],"id":41,"left_children":[1,3,5,-1,-1,7,-1,-1,9,-1,-1],"loss_changes":[2.2502413E0,4.283333E-2,4.9265176E-1,0E0,0E0,1.2931366E-1,0E0,0E0,1.4418438E-3,0E0,0E0],"parents":[2147483647,0,0,1,1,2,2,5,5,8,8],"right_children":[2,4,6,-1,-1,8,-1,-1,10,-1,-1],"split_conditions":[4.004312E-1,3.0070898E-1,1E0,-9.6060276E-2,-2.3819542E-2,6.0329604E-1,6.490765E-2,-1.1133003E-2,7.023979E-1,4.450989E-3,1.7120933E-2],"split_indices":[0,0,0,0,0,0,0,0,0,0,0],"split_type":[0,0,0,0,0,0,0,0,0,0,0],"sum_hessian":[9E0,2E0,7E0,1E0,1E0,6E0,1E0,2E0,4E0,1E0,3E0],"tree_param":{"num_deleted":"0","num_feature":"2","num_nodes":"11","size_leaf_vector":"1"}},{"base_weights":[-6.381512E-2,-7.592392E-1,2.049458E-1,-9.125729E-2,-2.2628594E-2,5.8045797E-2,6.1662294E-2,-1.0390791E-2,1.4360885E-1,4.2284015E-3,1.5836908E-2],"categories":[],"categories_nodes":[],"categories_segments":[],"categories_sizes":[],"default_left":[0,0,0,0,0,0,0,0,0,0,0],"id":42,"left_children":[1,3,5,-1,-1,7,-1,-1,9,-1,-1],"loss_changes":[2.024631E0,3.865671E-2,4.4801062E-1,0E0,0E0,1.1192286E-1,0E0,0E0,7.8140944E-4,0E0,0E0],"parents":[2147483647,0,0,1,1,2,2,5,5,8,8],"right_children":[2,4,6,-1,-1,8,-1,-1,10,-1,-1],"split_conditions":[4.004312E-1,3.0070898E-1,1E0,-9.125729E-2,-2.2628594E-2,6.0329604E-1,6.1662294E-2,-1.0390791E-2,7.023979E-1,4.2284015E-3,1.5836908E-2],"split_indices":[0,0,0,0,0,0,0,0,0,0,0],"split_type":[0,0,0,0,0,0,0,0,0,0,0],"sum_hessian":[9E0,2E0,7E0,1E0,1E0,6E0,1E0,2E0,4E0,1E0,3E0],"tree_param":{"num_deleted":"0","num_feature":"2","num_nodes":"11","size_leaf_vector":"1"}},{"base_weights":[-6.1688613E-2,-7.2127724E-1,1.933682E-1,-8.6694434E-2,-2.1497155E-2,5.3622928E-2,5.8579255E-2,-9.698042E-3,1.3326034E-1,4.017067E-3,1.464901E-2],"categories":[],"categories_nodes":[],"categories_segments":[],"categories_sizes":[],"default_left":[0,0,0,0,0,0,0,0,0,0,0],"id":43,"left_children":[1,3,5,-1,-1,7,-1,-1,9,-1,-1],"loss_changes":[1.8217977E0,3.488791E-2,4.073037E-1,0E0,0E0,9.6879266E-2,0E0,0E0,2.731681E-4,0E0,0E0],"parents":[2147483647,0,0,1,1,2,2,5,5,8,8],"right_children":[2,4,6,-1,-1,8,-1,-1,10,-1,-1],"split_conditions":[4.004312E-1,3.0070898E-1,1E0,-8.6694434E-2,-2.1497155E-2,6.0329604E-1,5.8579255E-2,-9.698042E-3,7.023979E-1,4.017067E-3,1.464901E-2],"split_indices":[0,0,0,0,0,0,0,0,0,0,0],"split_type":[0,0,0,0,0,0,0,0,0,0,0],"sum_hessian":[9E0,2E0,7E0,1E0,1E0,6E0,1E0,2E0,4E0,1E0,3E0],"tree_param":{"num_deleted":"0","num_feature":"2","num_nodes":"11","size_leaf_vector":"1"}},{"base_weights":[-5.9583664E-2,-6.852131E-1,1.8247533E-1,-8.2359694E-2,-2.0422269E-2,4.954229E-2,5.565033E-2,-9.0514505E-3,1.2366791E-1,5.5981954E-3,1.5013123E-2],"categories":[],"categories_nodes":[],"categories_segments":[],"categories_sizes":[],"default_left":[0,0,0,0,0,0,0,0,0,0,0],"id":44,"left_children":[1,3,5,-1,-1,7,-1,-1,9,-1,-1],"loss_changes":[1.6394267E0,3.148687E-2,3.70195E-1,0E0,0E0,8.386631E-2,0E0,0E0,5.513355E-4,0E0,0E0],"parents":[2147483647,0,0,1,1,2,2,5,5,8,8],"right_children":[2,4,6,-1,-1,8,-1,-1,10,-1,-1],"split_conditions":[4.004312E-1,3.0070898E-1,1E0,-8.2359694E-2,-2.0422269E-2,6.0329604E-1,5.565033E-2,-9.0514505E-3,8.030992E-1,5.5981954E-3,1.5013123E-2],"split_indices":[0,0,0,0,0,0,0,0,0,0,0],"split_type":[0,0,0,0,0,0,0,0,0,0,0],"sum_hessian":[9E0,2E0,7E0,1E0,1E0,6E0,1E0,2E0,4E0,2E0,2E0],"tree_param":{"num_deleted":"0","num_feature":"2","num_nodes":"11","size_leaf_vector":"1"}},{"base_weights":[-5.7182886E-2,-6.5095264E-1,1.7262864E-1,-7.824173E-2,-1.9401168E-2,4.623876E-2,5.286789E-2,-8.447966E-3,1.15422055E-1,5.224864E-3,1.4012146E-2],"categories":[],"categories_nodes":[],"categories_segments":[],"categories_sizes":[],"default_left":[0,0,0,0,0,0,0,0,0,0,0],"id":45,"left_children":[1,3,5,-1,-1,7,-1,-1,9,-1,-1],"loss_changes":[1.4769244E0,2.8416634E-2,3.3556378E-1,0E0,0E0,7.3055536E-2,0E0,0E0,4.805699E-4,0E0,0E0],"parents":[2147483647,0,0,1,1,2,2,5,5,8,8],"right_children":[2,4,6,-1,-1,8,-1,-1,10,-1,-1],"split_conditions":[4.004312E-1,3.0070898E-1,1E0,-7.824173E-2,-1.9401168E-2,6.0329604E-1,5.286789E-2,-8.447966E-3,8.030992E-1,5.224864E-3,1.4012146E-2],"split_indices":[0,0,0,0,0,0,0,0,0,0,0],"split_type":[0,0,0,0,0,0,0,0,0,0,0],"sum_hessian":[9E0,2E0,7E0,1E0,1E0,6E0,1E0,2E0,4E0,2E0,2E0],"tree_param":{"num_deleted":"0","num_feature":"2","num_nodes":"11","size_leaf_vector":"1"}},{"base_weights":[-5.4863356E-2,-6.1840504E-1,1.6332269E-1,-7.432967E-2,-1.8431092E-2,4.3155942E-2,5.0224494E-2,-7.884788E-3,1.0772705E-1,4.876455E-3,1.30780535E-2],"categories":[],"categories_nodes":[],"categories_segments":[],"categories_sizes":[],"default_left":[0,0,0,0,0,0,0,0,0,0,0],"id":46,"left_children":[1,3,5,-1,-1,7,-1,-1,9,-1,-1],"loss_changes":[1.3305689E0,2.5646448E-2,3.041426E-1,0E0,0E0,6.363951E-2,0E0,0E0,4.1900203E-4,0E0,0E0],"parents":[2147483647,0,0,1,1,2,2,5,5,8,8],"right_children":[2,4,6,-1,-1,8,-1,-1,10,-1,-1],"split_conditions":[4.004312E-1,3.0070898E-1,1E0,-7.432967E-2,-1.8431092E-2,6.0329604E-1,5.0224494E-2,-7.884788E-3,8.030992E-1,4.876455E-3,1.30780535E-2],"split_indices":[0,0,0,0,0,0,0,0,0,0,0],"split_type":[0,0,0,0,0,0,0,0,0,0,0],"sum_hessian":[9E0,2E0,7E0,1E0,1E0,6E0,1E0,2E0,4E0,2E0,2E0],"tree_param":{"num_deleted":"0","num_feature":"2","num_nodes":"11","size_leaf_vector":"1"}},{"base_weights":[-5.2623175E-2,-5.87485E-1,1.545279E-1,-7.06132E-2,-1.7509555E-2,4.027966E-2,4.771328E-2,-7.3591233E-3,1.0054626E-1,4.5514423E-3,1.22062685E-2],"categories":[],"categories_nodes":[],"categories_segments":[],"categories_sizes":[],"default_left":[0,0,0,0,0,0,0,0,0,0,0],"id":47,"left_children":[1,3,5,-1,-1,7,-1,-1,9,-1,-1],"loss_changes":[1.1987549E0,2.3145676E-2,2.756376E-1,0E0,0E0,5.543761E-2,0E0,0E0,3.6482885E-4,0E0,0E0],"parents":[2147483647,0,0,1,1,2,2,5,5,8,8],"right_children":[2,4,6,-1,-1,8,-1,-1,10,-1,-1],"split_conditions":[4.004312E-1,3.0070898E-1,1E0,-7.06132E-2,-1.7509555E-2,6.0329604E-1,4.771328E-2,-7.3591233E-3,8.030992E-1,4.5514423E-3,1.22062685E-2],"split_indices":[0,0,0,0,0,0,0,0,0,0,0],"split_type":[0,0,0,0,0,0,0,0,0,0,0],"sum_hessian":[9E0,2E0,7E0,1E0,1E0,6E0,1E0,2E0,4E0,2E0,2E0],"tree_param":{"num_deleted":"0","num_feature":"2","num_nodes":"11","size_leaf_vector":"1"}},{"base_weights":[-5.046215E-2,-5.5811054E-1,1.4621377E-1,-6.70825E-2,-1.6634082E-2,3.7594113E-2,4.532757E-2,-6.868553E-2,9.384308E-2,-8.311463E-3,-1.9913674E-3,4.248047E-3,1.1392466E-2],"categories":[],"categories_nodes":[],"categories_segments":[],"categories_sizes":[],"default_left":[0,0,0,0,0,0,0,0,0,0,0,0,0],"id":48,"left_children":[1,3,5,-1,-1,7,-1,9,11,-1,-1,-1,-1],"loss_changes":[1.0800256E0,2.0888805E-2,2.4978317E-1,0E0,0E0,4.8292503E-2,0E0,4.5608263E-4,3.1763688E-4,0E0,0E0,0E0,0E0],"parents":[2147483647,0,0,1,1,2,2,5,5,7,7,8,8],"right_children":[2,4,6,-1,-1,8,-1,10,12,-1,-1,-1,-1],"split_conditions":[4.004312E-1,3.0070898E-1,1E0,-6.70825E-2,-1.6634082E-2,6.0329604E-1,4.532757E-2,5.018329E-1,8.030992E-1,-8.311463E-3,-1.9913674E-3,4.248047E-3,1.1392466E-2],"split_indices":[0,0,0,0,0,0,0,0,0,0,0,0,0],"split_type":[0,0,0,0,0,0,0,0,0,0,0,0,0],"sum_hessian":[9E0,2E0,7E0,1E0,1E0,6E0,1E0,2E0,4E0,1E0,1E0,2E0,2E0],"tree_param":{"num_deleted":"0","num_feature":"2","num_nodes":"13","size_leaf_vector":"1"}},{"base_weights":[-4.872074E-2,-5.302048E-1,1.3792586E-1,-6.372833E-2,-1.5802383E-2,3.4597397E-2,4.3061256E-2,-6.525103E-2,8.758698E-2,-7.8958515E-3,-1.8918038E-3,3.964742E-3,1.0633088E-2],"categories":[],"categories_nodes":[],"categories_segments":[],"categories_sizes":[],"default_left":[0,0,0,0,0,0,0,0,0,0,0,0,0],"id":49,"left_children":[1,3,5,-1,-1,7,-1,9,11,-1,-1,-1,-1],"loss_changes":[9.7180253E-1,1.8851876E-2,2.2704487E-1,0E0,0E0,4.2751625E-2,0E0,4.115859E-4,2.7712435E-4,0E0,0E0,0E0,0E0],"parents":[2147483647,0,0,1,1,2,2,5,5,7,7,8,8],"right_children":[2,4,6,-1,-1,8,-1,10,12,-1,-1,-1,-1],"split_conditions":[4.004312E-1,3.0070898E-1,1E0,-6.372833E-2,-1.5802383E-2,6.0329604E-1,4.3061256E-2,5.018329E-1,8.030992E-1,-7.8958515E-3,-1.8918038E-3,3.964742E-3,1.0633088E-2],"split_indices":[0,0,0,0,0,0,0,0,0,0,0,0,0],"split_type":[0,0,0,0,0,0,0,0,0,0,0,0,0],"sum_hessian":[9E0,2E0,7E0,1E0,1E0,6E0,1E0,2E0,4E0,1E0,1E0,2E0,2E0],"tree_param":{"num_deleted":"0","num_feature":"2","num_nodes":"13","size_leaf_vector":"1"}},{"base_weights":[-4.7013856E-2,-5.0369453E-1,1.3011813E-1,-6.0541917E-2,-1.5012264E-2,3.1825747E-2,4.0908244E-2,-6.1988194E-2,8.174896E-2,-7.50103E-3,-1.7971992E-3,2.3929595E-3,9.022141E-3],"categories":[],"categories_nodes":[],"categories_segments":[],"categories_sizes":[],"default_left":[0,0,0,0,0,0,0,0,0,0,0,0,0],"id":50,"left_children":[1,3,5,-1,-1,7,-1,9,11,-1,-1,-1,-1],"loss_changes":[8.744674E-1,1.7013788E-2,2.0634116E-1,0E0,0E0,3.7851926E-2,0E0,3.714664E-4,2.9039383E-4,0E0,0E0,0E0,0E0],"parents":[2147483647,0,0,1,1,2,2,5,5,7,7,8,8],"right_children":[2,4,6,-1,-1,8,-1,10,12,-1,-1,-1,-1],"split_conditions":[4.004312E-1,3.0070898E-1,1E0,-6.0541917E-2,-1.5012264E-2,6.0329604E-1,4.0908244E-2,5.018329E-1,7.023979E-1,-7.50103E-3,-1.7971992E-3,2.3929595E-3,9.022141E-3],"split_indices":[0,0,0,0,0,0,0,0,0,0,0,0,0],"split_type":[0,0,0,0,0,0,0,0,0,0,0,0,0],"sum_hessian":[9E0,2E0,7E0,1E0,1E0,6E0,1E0,2E0,4E0,1E0,1E0,1E0,3E0],"tree_param":{"num_deleted":"0","num_feature":"2","num_nodes":"13","size_leaf_vector":"1"}},{"base_weights":[-4.5565225E-2,-4.785099E-1,1.22484684E-1,-5.7514858E-2,-1.4261628E-2,2.8945923E-2,3.8862802E-2,-5.8888752E-2,7.585754E-2,-7.12595E-3,-1.7073632E-3,3.320058E-3,9.322866E-3],"categories":[],"categories_nodes":[],"categories_segments":[],"categories_sizes":[],"default_left":[0,0,0,0,0,0,0,0,0,0,0,0,0],"id":51,"left_children":[1,3,5,-1,-1,7,-1,9,11,-1,-1,-1,-1],"loss_changes":[7.861732E-1,1.5355408E-2,1.8790856E-1,0E0,0E0,3.331043E-2,0E0,3.351951E-4,6.097462E-4,0E0,0E0,0E0,0E0],"parents":[2147483647,0,0,1,1,2,2,5,5,7,7,8,8],"right_children":[2,4,6,-1,-1,8,-1,10,12,-1,-1,-1,-1],"split_conditions":[4.004312E-1,3.0070898E-1,1E0,-5.7514858E-2,-1.4261628E-2,6.0329604E-1,3.8862802E-2,5.018329E-1,8.030992E-1,-7.12595E-3,-1.7073632E-3,3.320058E-3,9.322866E-3],"split_indices":[0,0,0,0,0,0,0,0,0,0,0,0,0],"split_type":[0,0,0,0,0,0,0,0,0,0,0,0,0],"sum_hessian":[9E0,2E0,7E0,1E0,1E0,6E0,1E0,2E0,4E0,1E0,1E0,2E0,2E0],"tree_param":{"num_deleted":"0","num_feature":"2","num_nodes":"13","size_leaf_vector":"1"}},{"base_weights":[-4.3919183E-2,-4.5458475E-1,1.1557031E-1,-5.463915E-2,-1.3548565E-2,2.6595797E-2,3.6919594E-2,-5.5944443E-2,7.080078E-2,-6.769657E-3,-1.6220093E-3,3.098806E-3,8.701324E-3],"categories":[],"categories_nodes":[],"categories_segments":[],"categories_sizes":[],"default_left":[0,0,0,0,0,0,0,0,0,0,0,0,0],"id":52,"left_children":[1,3,5,-1,-1,7,-1,9,11,-1,-1,-1,-1],"loss_changes":[7.075049E-1,1.38581395E-2,1.7071068E-1,0E0,0E0,2.950174E-2,0E0,3.0249264E-4,5.3093955E-4,0E0,0E0,0E0,0E0],"parents":[2147483647,0,0,1,1,2,2,5,5,7,7,8,8],"right_children":[2,4,6,-1,-1,8,-1,10,12,-1,-1,-1,-1],"split_conditions":[4.004312E-1,3.0070898E-1,1E0,-5.463915E-2,-1.3548565E-2,6.0329604E-1,3.6919594E-2,5.018329E-1,8.030992E-1,-6.769657E-3,-1.6220093E-3,3.098806E-3,8.701324E-3],"split_indices":[0,0,0,0,0,0,0,0,0,0,0,0,0],"split_type":[0,0,0,0,0,0,0,0,0,0,0,0,0],"sum_hessian":[9E0,2E0,7E0,1E0,1E0,6E0,1E0,2E0,4E0,1E0,1E0,2E0,2E0],"tree_param":{"num_deleted":"0","num_feature":"2","num_nodes":"13","size_leaf_vector":"1"}},{"base_weights":[-4.2313002E-2,-4.3185553E-1,1.09054565E-1,-5.190716E-2,-1.287117E-2,2.4423327E-2,3.5073664E-2,-5.3147633E-2,6.608124E-2,-6.431198E-3,-1.540947E-3,2.8923035E-3,8.121236E-3],"categories":[],"categories_nodes":[],"categories_segments":[],"categories_sizes":[],"default_left":[0,0,0,0,0,0,0,0,0,0,0,0,0],"id":53,"left_children":[1,3,5,-1,-1,7,-1,9,11,-1,-1,-1,-1],"loss_changes":[6.367368E-1,1.2506485E-2,1.5506466E-1,0E0,0E0,2.613217E-2,0E0,2.7295295E-4,4.623197E-4,0E0,0E0,0E0,0E0],"parents":[2147483647,0,0,1,1,2,2,5,5,7,7,8,8],"right_children":[2,4,6,-1,-1,8,-1,10,12,-1,-1,-1,-1],"split_conditions":[4.004312E-1,3.0070898E-1,1E0,-5.190716E-2,-1.287117E-2,6.0329604E-1,3.5073664E-2,5.018329E-1,8.030992E-1,-6.431198E-3,-1.540947E-3,2.8923035E-3,8.121236E-3],"split_indices":[0,0,0,0,0,0,0,0,0,0,0,0,0],"split_type":[0,0,0,0,0,0,0,0,0,0,0,0,0],"sum_hessian":[9E0,2E0,7E0,1E0,1E0,6E0,1E0,2E0,4E0,1E0,1E0,2E0,2E0],"tree_param":{"num_deleted":"0","num_feature":"2","num_nodes":"13","size_leaf_vector":"1"}},{"base_weights":[-4.0747833E-2,-4.1026306E-1,1.0291386E-1,-4.9311828E-2,-1.2227631E-2,2.2415707E-2,3.3320047E-2,-5.0490063E-2,6.1676025E-2,-6.109619E-3,-1.4638901E-3,2.6995342E-3,7.5798035E-3],"categories":[],"categories_nodes":[],"categories_segments":[],"categories_sizes":[],"default_left":[0,0,0,0,0,0,0,0,0,0,0,0,0],"id":54,"left_children":[1,3,5,-1,-1,7,-1,9,11,-1,-1,-1,-1],"loss_changes":[5.7307357E-1,1.1286914E-2,1.4083222E-1,0E0,0E0,2.3150152E-2,0E0,2.463446E-4,4.0261075E-4,0E0,0E0,0E0,0E0],"parents":[2147483647,0,0,1,1,2,2,5,5,7,7,8,8],"right_children":[2,4,6,-1,-1,8,-1,10,12,-1,-1,-1,-1],"split_conditions":[4.004312E-1,3.0070898E-1,1E0,-4.9311828E-2,-1.2227631E-2,6.0329604E-1,3.3320047E-2,5.018329E-1,8.030992E-1,-6.109619E-3,-1.4638901E-3,2.6995342E-3,7.5798035E-3],"split_indices":[0,0,0,0,0,0,0,0,0,0,0,0,0],"split_type":[0,0,0,0,0,0,0,0,0,0,0,0,0],"sum_hessian":[9E0,2E0,7E0,1E0,1E0,6E0,1E0,2E0,4E0,1E0,1E0,2E0,2E0],"tree_param":{"num_deleted":"0","num_feature":"2","num_nodes":"13","size_leaf_vector":"1"}},{"base_weights":[-3.9224625E-2,-3.8974953E-1,9.712529E-2,-4.68462E-2,-1.161623E-2,2.05604E-2,3.1653978E-2,-4.7965366E-2,5.756378E-2,-5.8041574E-3,-1.390648E-3,2.5194804E-3,7.0744837E-3],"categories":[],"categories_nodes":[],"categories_segments":[],"categories_sizes":[],"default_left":[0,0,0,0,0,0,0,0,0,0,0,0,0],"id":55,"left_children":[1,3,5,-1,-1,7,-1,9,11,-1,-1,-1,-1],"loss_changes":[5.15795E-1,1.0186583E-2,1.2788737E-1,0E0,0E0,2.0510865E-2,0E0,2.223989E-4,3.5088323E-4,0E0,0E0,0E0,0E0],"parents":[2147483647,0,0,1,1,2,2,5,5,7,7,8,8],"right_children":[2,4,6,-1,-1,8,-1,10,12,-1,-1,-1,-1],"split_conditions":[4.004312E-1,3.0070898E-1,1E0,-4.68462E-2,-1.161623E-2,6.0329604E-1,3.1653978E-2,5.018329E-1,8.030992E-1,-5.8041574E-3,-1.390648E-3,2.5194804E-3,7.0744837E-3],"split_indices":[0,0,0,0,0,0,0,0,0,0,0,0,0],"split_type":[0,0,0,0,0,0,0,0,0,0,0,0,0],"sum_hessian":[9E0,2E0,7E0,1E0,1E0,6E0,1E0,2E0,4E0,1E0,1E0,2E0,2E0],"tree_param":{"num_deleted":"0","num_feature":"2","num_nodes":"13","size_leaf_vector":"1"}},{"base_weights":[-3.774319E-2,-3.7026215E-1,9.166932E-2,-4.450388E-2,-1.1035442E-2,1.8847058E-2,3.0071259E-2,-4.5567196E-2,5.3726196E-2,-5.5139544E-3,-1.3211251E-3,2.3516337E-3,6.602732E-3],"categories":[],"categories_nodes":[],"categories_segments":[],"categories_sizes":[],"default_left":[0,0,0,0,0,0,0,0,0,0,0,0,0],"id":56,"left_children":[1,3,5,-1,-1,7,-1,9,11,-1,-1,-1,-1],"loss_changes":[4.642628E-1,9.193063E-3,1.16116494E-1,0E0,0E0,1.817515E-2,0E0,2.0070467E-4,3.0535553E-4,0E0,0E0,0E0,0E0],"parents":[2147483647,0,0,1,1,2,2,5,5,7,7,8,8],"right_children":[2,4,6,-1,-1,8,-1,10,12,-1,-1,-1,-1],"split_conditions":[4.004312E-1,3.0070898E-1,1E0,-4.450388E-2,-1.1035442E-2,6.0329604E-1,3.0071259E-2,5.018329E-1,8.030992E-1,-5.5139544E-3,-1.3211251E-3,2.3516337E-3,6.602732E-3],"split_indices":[0,0,0,0,0,0,0,0,0,0,0,0,0],"split_type":[0,0,0,0,0,0,0,0,0,0,0,0,0],"sum_hessian":[9E0,2E0,7E0,1E0,1E0,6E0,1E0,2E0,4E0,1E0,1E0,2E0,2E0],"tree_param":{"num_deleted":"0","num_feature":"2","num_nodes":"13","size_leaf_vector":"1"}},{"base_weights":[-3.630333E-2,-3.517488E-1,8.652663E-2,-4.2278673E-2,-1.0483647E-2,1.7265592E-2,2.8567696E-2,-4.3288548E-2,5.014496E-2,-5.238247E-3,-1.2550354E-3,2.194977E-3,6.1625163E-3],"categories":[],"categories_nodes":[],"categories_segments":[],"categories_sizes":[],"default_left":[0,0,0,0,0,0,0,0,0,0,0,0,0],"id":57,"left_children":[1,3,5,-1,-1,7,-1,9,11,-1,-1,-1,-1],"loss_changes":[4.1789716E-1,8.296967E-3,1.0541448E-1,0E0,0E0,1.6107576E-2,0E0,1.8117344E-4,2.6577432E-4,0E0,0E0,0E0,0E0],"parents":[2147483647,0,0,1,1,2,2,5,5,7,7,8,8],"right_children":[2,4,6,-1,-1,8,-1,10,12,-1,-1,-1,-1],"split_conditions":[4.004312E-1,3.0070898E-1,1E0,-4.2278673E-2,-1.0483647E-2,6.0329604E-1,2.8567696E-2,5.018329E-1,8.030992E-1,-5.238247E-3,-1.2550354E-3,2.194977E-3,6.1625163E-3],"split_indices":[0,0,0,0,0,0,0,0,0,0,0,0,0],"split_type":[0,0,0,0,0,0,0,0,0,0,0,0,0],"sum_hessian":[9E0,2E0,7E0,1E0,1E0,6E0,1E0,2E0,4E0,1E0,1E0,2E0,2E0],"tree_param":{"num_deleted":"0","num_feature":"2","num_nodes":"13","size_leaf_vector":"1"}},{"base_weights":[-3.4905624E-2,-3.3416176E-1,8.167863E-2,-4.0164758E-2,-9.959507E-3,1.5806198E-2,2.7139282E-2,-4.1124344E-2,4.6803284E-2,-4.976368E-3,-1.1922837E-3,2.0487467E-3,5.7518007E-3],"categories":[],"categories_nodes":[],"categories_segments":[],"categories_sizes":[],"default_left":[0,0,0,0,0,0,0,0,0,0,0,0,0],"id":58,"left_children":[1,3,5,-1,-1,7,-1,9,11,-1,-1,-1,-1],"loss_changes":[3.7617943E-1,7.4876547E-3,9.568578E-2,0E0,0E0,1.4277521E-2,0E0,1.6352069E-4,2.3143459E-4,0E0,0E0,0E0,0E0],"parents":[2147483647,0,0,1,1,2,2,5,5,7,7,8,8],"right_children":[2,4,6,-1,-1,8,-1,10,12,-1,-1,-1,-1],"split_conditions":[4.004312E-1,3.0070898E-1,1E0,-4.0164758E-2,-9.959507E-3,6.0329604E-1,2.7139282E-2,5.018329E-1,8.030992E-1,-4.976368E-3,-1.1922837E-3,2.0487467E-3,5.7518007E-3],"split_indices":[0,0,0,0,0,0,0,0,0,0,0,0,0],"split_type":[0,0,0,0,0,0,0,0,0,0,0,0,0],"sum_hessian":[9E0,2E0,7E0,1E0,1E0,6E0,1E0,2E0,4E0,1E0,1E0,2E0,2E0],"tree_param":{"num_deleted":"0","num_feature":"2","num_nodes":"13","size_leaf_vector":"1"}},{"base_weights":[-3.3550262E-2,-3.1745338E-1,7.710719E-2,-3.815651E-2,-9.461499E-3,1.445852E-2,2.5782395E-2,-3.9068222E-2,4.3682862E-2,-4.7275545E-3,-1.132679E-3,1.9121806E-3,5.3682965E-3],"categories":[],"categories_nodes":[],"categories_segments":[],"categories_sizes":[],"default_left":[0,0,0,0,0,0,0,0,0,0,0,0,0],"id":59,"left_children":[1,3,5,-1,-1,7,-1,9,11,-1,-1,-1,-1],"loss_changes":[3.3863792E-1,6.7578554E-3,8.684556E-2,0E0,0E0,1.2656598E-2,0E0,1.4756853E-4,2.0155031E-4,0E0,0E0,0E0,0E0],"parents":[2147483647,0,0,1,1,2,2,5,5,7,7,8,8],"right_children":[2,4,6,-1,-1,8,-1,10,12,-1,-1,-1,-1],"split_conditions":[4.004312E-1,3.0070898E-1,1E0,-3.815651E-2,-9.461499E-3,6.0329604E-1,2.5782395E-2,5.018329E-1,8.030992E-1,-4.7275545E-3,-1.132679E-3,1.9121806E-3,5.3682965E-3],"split_indices":[0,0,0,0,0,0,0,0,0,0,0,0,0],"split_type":[0,0,0,0,0,0,0,0,0,0,0,0,0],"sum_hessian":[9E0,2E0,7E0,1E0,1E0,6E0,1E0,2E0,4E0,1E0,1E0,2E0,2E0],"tree_param":{"num_deleted":"0","num_feature":"2","num_nodes":"13","size_leaf_vector":"1"}},{"base_weights":[-3.223629E-2,-3.0158043E-1,7.27973E-2,-3.6248684E-2,-8.98838E-3,1.3216292E-2,2.4493217E-2,-3.711446E-2,4.0771484E-2,-4.4911387E-3,-1.0760308E-3,1.7847697E-3,5.0104777E-3],"categories":[],"categories_nodes":[],"categories_segments":[],"categories_sizes":[],"default_left":[0,0,0,0,0,0,0,0,0,0,0,0,0],"id":60,"left_children":[1,3,5,-1,-1,7,-1,9,11,-1,-1,-1,-1],"loss_changes":[3.0485606E-1,6.0993433E-3,7.881066E-2,0E0,0E0,1.1221327E-2,0E0,1.3318332E-4,1.7551705E-4,0E0,0E0,0E0,0E0],"parents":[2147483647,0,0,1,1,2,2,5,5,7,7,8,8],"right_children":[2,4,6,-1,-1,8,-1,10,12,-1,-1,-1,-1],"split_conditions":[4.004312E-1,3.0070898E-1,1E0,-3.6248684E-2,-8.98838E-3,6.0329604E-1,2.4493217E-2,5.018329E-1,8.030992E-1,-4.4911387E-3,-1.0760308E-3,1.7847697E-3,5.0104777E-3],"split_indices":[0,0,0,0,0,0,0,0,0,0,0,0,0],"split_type":[0,0,0,0,0,0,0,0,0,0,0,0,0],"sum_hessian":[9E0,2E0,7E0,1E0,1E0,6E0,1E0,2E0,4E0,1E0,1E0,2E0,2E0],"tree_param":{"num_deleted":"0","num_feature":"2","num_nodes":"13","size_leaf_vector":"1"}},{"base_weights":[-3.0964088E-2,-2.8650156E-1,6.873298E-2,-3.4436226E-2,-8.539009E-3,1.207052E-2,2.326851E-2,-3.525861E-2,3.8053893E-2,-4.2665484E-3,-1.0222435E-3,2.0866394E-3,5.340195E-3],"categories":[],"categories_nodes":[],"categories_segments":[],"categories_sizes":[],"default_left":[0,0,0,0,0,0,0,0,0,0,0,0,0],"id":61,"left_children":[1,3,5,-1,-1,7,-1,9,11,-1,-1,-1,-1],"loss_changes":[2.744555E-1,5.5042207E-3,7.151081E-2,0E0,0E0,9.950121E-3,0E0,1.2017391E-4,2.0466698E-4,0E0,0E0,0E0,0E0],"parents":[2147483647,0,0,1,1,2,2,5,5,7,7,8,8],"right_children":[2,4,6,-1,-1,8,-1,10,12,-1,-1,-1,-1],"split_conditions":[4.004312E-1,3.0070898E-1,1E0,-3.4436226E-2,-8.539009E-3,6.0329604E-1,2.326851E-2,5.018329E-1,9.03377E-1,-4.2665484E-3,-1.0222435E-3,2.0866394E-3,5.340195E-3],"split_indices":[0,0,0,0,0,0,0,0,0,0,0,0,0],"split_type":[0,0,0,0,0,0,0,0,0,0,0,0,0],"sum_hessian":[9E0,2E0,7E0,1E0,1E0,6E0,1E0,2E0,4E0,1E0,1E0,3E0,1E0],"tree_param":{"num_deleted":"0","num_feature":"2","num_nodes":"13","size_leaf_vector":"1"}},{"base_weights":[-2.9624557E-2,-2.7217612E-1,6.503534E-2,-3.2714367E-2,-8.11205E-3,1.1168889E-2,2.2105027E-2,-3.3495586E-2,3.5733797E-2,-4.0532113E-3,-9.7112654E-4,1.9301415E-3,5.073166E-3],"categories":[],"categories_nodes":[],"categories_segments":[],"categories_sizes":[],"default_left":[0,0,0,0,0,0,0,0,0,0,0,0,0],"id":62,"left_children":[1,3,5,-1,-1,7,-1,9,11,-1,-1,-1,-1],"loss_changes":[2.4730013E-1,4.9675256E-3,6.4762875E-2,0E0,0E0,8.877175E-3,0E0,1.0845857E-4,2.5306083E-4,0E0,0E0,0E0,0E0],"parents":[2147483647,0,0,1,1,2,2,5,5,7,7,8,8],"right_children":[2,4,6,-1,-1,8,-1,10,12,-1,-1,-1,-1],"split_conditions":[4.004312E-1,3.0070898E-1,1E0,-3.2714367E-2,-8.11205E-3,6.0329604E-1,2.2105027E-2,5.018329E-1,9.03377E-1,-4.0532113E-3,-9.7112654E-4,1.9301415E-3,5.073166E-3],"split_indices":[0,0,0,0,0,0,0,0,0,0,0,0,0],"split_type":[0,0,0,0,0,0,0,0,0,0,0,0,0],"sum_hessian":[9E0,2E0,7E0,1E0,1E0,6E0,1E0,2E0,4E0,1E0,1E0,3E0,1E0],"tree_param":{"num_deleted":"0","num_feature":"2","num_nodes":"13","size_leaf_vector":"1"}},{"base_weights":[-2.8336525E-2,-2.5856718E-1,6.1542034E-2,-3.1078625E-2,-7.7064517E-3,-4.007975E-3,1.7212804E-1,-3.1820934E-2,1.7853737E-3,4.8194886E-3,2.0999718E-2,-3.8505555E-3,-9.2258456E-4],"categories":[],"categories_nodes":[],"categories_segments":[],"categories_sizes":[],"default_left":[0,0,0,0,0,0,0,0,0,0,0,0,0],"id":63,"left_children":[1,3,5,-1,-1,7,9,11,-1,-1,-1,-1,-1],"loss_changes":[2.2284074E-1,4.4831187E-3,5.868119E-2,0E0,0E0,4.2163557E-3,3.9589405E-3,9.787246E-5,0E0,0E0,0E0,0E0,0E0],"parents":[2147483647,0,0,1,1,2,2,5,5,6,6,7,7],"right_children":[2,4,6,-1,-1,8,10,12,-1,-1,-1,-1,-1],"split_conditions":[4.004312E-1,3.0070898E-1,9.03377E-1,-3.1078625E-2,-7.7064517E-3,6.0329604E-1,1E0,5.018329E-1,1.7853737E-3,4.8194886E-3,2.0999718E-2,-3.8505555E-3,-9.2258456E-4],"split_indices":[0,0,0,0,0,0,0,0,0,0,0,0,0],"split_type":[0,0,0,0,0,0,0,0,0,0,0,0,0],"sum_hessian":[9E0,2E0,7E0,1E0,1E0,5E0,2E0,2E0,3E0,1E0,1E0,1E0,1E0],"tree_param":{"num_deleted":"0","num_feature":"2","num_nodes":"13","size_leaf_vector":"1"}},{"base_weights":[-2.7098084E-2,-2.4563916E-1,5.8242083E-2,-2.9524708E-2,-7.3211673E-3,-4.1049323E-3,1.6352208E-1,-3.0229568E-2,1.6514779E-3,4.5785904E-3,1.9949723E-2,-3.6580085E-3,-8.764267E-4],"categories":[],"categories_nodes":[],"categories_segments":[],"categories_sizes":[],"default_left":[0,0,0,0,0,0,0,0,0,0,0,0,0],"id":64,"left_children":[1,3,5,-1,-1,7,9,11,-1,-1,-1,-1,-1],"loss_changes":[2.0080984E-1,4.0457845E-3,5.3182393E-2,0E0,0E0,3.7313292E-3,3.5725683E-3,8.834945E-5,0E0,0E0,0E0,0E0,0E0],"parents":[2147483647,0,0,1,1,2,2,5,5,6,6,7,7],"right_children":[2,4,6,-1,-1,8,10,12,-1,-1,-1,-1,-1],"split_conditions":[4.004312E-1,3.0070898E-1,9.03377E-1,-2.9524708E-2,-7.3211673E-3,6.0329604E-1,1E0,5.018329E-1,1.6514779E-3,4.5785904E-3,1.9949723E-2,-3.6580085E-3,-8.764267E-4],"split_indices":[0,0,0,0,0,0,0,0,0,0,0,0,0],"split_type":[0,0,0,0,0,0,0,0,0,0,0,0,0],"sum_hessian":[9E0,2E0,7E0,1E0,1E0,5E0,2E0,2E0,3E0,1E0,1E0,1E0,1E0],"tree_param":{"num_deleted":"0","num_feature":"2","num_nodes":"13","size_leaf_vector":"1"}},{"base_weights":[-2.590847E-2,-2.3335774E-1,5.5123568E-2,-2.8048515E-2,-6.955147E-3,-4.174868E-3,1.5534592E-1,-2.8717676E-2,1.5275956E-3,4.3497086E-3,1.895218E-2,-3.475094E-3,-8.325577E-4],"categories":[],"categories_nodes":[],"categories_segments":[],"categories_sizes":[],"default_left":[0,0,0,0,0,0,0,0,0,0,0,0,0],"id":65,"left_children":[1,3,5,-1,-1,7,9,11,-1,-1,-1,-1,-1],"loss_changes":[1.8096389E-1,3.651157E-3,4.8192777E-2,0E0,0E0,3.3029572E-3,3.2239482E-3,7.9770805E-5,0E0,0E0,0E0,0E0,0E0],"parents":[2147483647,0,0,1,1,2,2,5,5,6,6,7,7],"right_children":[2,4,6,-1,-1,8,10,12,-1,-1,-1,-1,-1],"split_conditions":[4.004312E-1,3.0070898E-1,9.03377E-1,-2.8048515E-2,-6.955147E-3,6.0329604E-1,1E0,5.018329E-1,1.5275956E-3,4.3497086E-3,1.895218E-2,-3.475094E-3,-8.325577E-4],"split_indices":[0,0,0,0,0,0,0,0,0,0,0,0,0],"split_type":[0,0,0,0,0,0,0,0,0,0,0,0,0],"sum_hessian":[9E0,2E0,7E0,1E0,1E0,5E0,2E0,2E0,3E0,1E0,1E0,1E0,1E0],"tree_param":{"num_deleted":"0","num_feature":"2","num_nodes":"13","size_leaf_vector":"1"}},{"base_weights":[-2.4765396E-2,-2.2169049E-1,5.217719E-2,-2.6646137E-2,-6.607437E-3,-4.220009E-3,1.475792E-1,-2.728208E-2,1.4131546E-3,4.132271E-3,1.800461E-2,-3.3013343E-3,-7.909775E-4],"categories":[],"categories_nodes":[],"categories_segments":[],"categories_sizes":[],"default_left":[0,0,0,0,0,0,0,0,0,0,0,0,0],"id":66,"left_children":[1,3,5,-1,-1,7,9,11,-1,-1,-1,-1,-1],"loss_changes":[1.6308646E-1,3.2949448E-3,4.3666035E-2,0E0,0E0,2.924887E-3,2.9094592E-3,7.1955146E-5,0E0,0E0,0E0,0E0,0E0],"parents":[2147483647,0,0,1,1,2,2,5,5,6,6,7,7],"right_children":[2,4,6,-1,-1,8,10,12,-1,-1,-1,-1,-1],"split_conditions":[4.004312E-1,3.0070898E-1,9.03377E-1,-2.6646137E-2,-6.607437E-3,6.0329604E-1,1E0,5.018329E-1,1.4131546E-3,4.132271E-3,1.800461E-2,-3.3013343E-3,-7.909775E-4],"split_indices":[0,0,0,0,0,0,0,0,0,0,0,0,0],"split_type":[0,0,0,0,0,0,0,0,0,0,0,0,0],"sum_hessian":[9E0,2E0,7E0,1E0,1E0,5E0,2E0,2E0,3E0,1E0,1E0,1E0,1E0],"tree_param":{"num_deleted":"0","num_feature":"2","num_nodes":"13","size_leaf_vector":"1"}},{"base_weights":[-2.3667907E-2,-2.1060626E-1,4.939246E-2,-2.5313854E-2,-6.2770844E-3,-4.2435327E-3,1.402003E-1,-2.5917688E-2,1.3072968E-3,3.925705E-3,1.710434E-2,-3.1362535E-3,-7.514E-4],"categories":[],"categories_nodes":[],"categories_segments":[],"categories_sizes":[],"default_left":[0,0,0,0,0,0,0,0,0,0,0,0,0],"id":67,"left_children":[1,3,5,-1,-1,7,9,11,-1,-1,-1,-1,-1],"loss_changes":[1.469802E-1,2.9736161E-3,3.955949E-2,0E0,0E0,2.590744E-3,2.6255473E-3,6.4957654E-5,0E0,0E0,0E0,0E0,0E0],"parents":[2147483647,0,0,1,1,2,2,5,5,6,6,7,7],"right_children":[2,4,6,-1,-1,8,10,12,-1,-1,-1,-1,-1],"split_conditions":[4.004312E-1,3.0070898E-1,9.03377E-1,-2.5313854E-2,-6.2770844E-3,6.0329604E-1,1E0,5.018329E-1,1.3072968E-3,3.925705E-3,1.710434E-2,-3.1362535E-3,-7.514E-4],"split_indices":[0,0,0,0,0,0,0,0,0,0,0,0,0],"split_type":[0,0,0,0,0,0,0,0,0,0,0,0,0],"sum_hessian":[9E0,2E0,7E0,1E0,1E0,5E0,2E0,2E0,3E0,1E0,1E0,1E0,1E0],"tree_param":{"num_deleted":"0","num_feature":"2","num_nodes":"13","size_leaf_vector":"1"}},{"base_weights":[-2.2615623E-2,-2.0007579E-1,4.675889E-2,-2.4048138E-2,-5.96323E-3,-4.249891E-3,1.3319016E-1,-2.4621964E-2,1.2091637E-3,3.7294389E-3,1.6249085E-2,-2.9794693E-3,-7.138252E-4],"categories":[],"categories_nodes":[],"categories_segments":[],"categories_sizes":[],"default_left":[0,0,0,0,0,0,0,0,0,0,0,0,0],"id":68,"left_children":[1,3,5,-1,-1,7,9,11,-1,-1,-1,-1,-1],"loss_changes":[1.3246745E-1,2.683647E-3,3.583607E-2,0E0,0E0,2.2951844E-3,2.3694374E-3,5.8633625E-5,0E0,0E0,0E0,0E0,0E0],"parents":[2147483647,0,0,1,1,2,2,5,5,6,6,7,7],"right_children":[2,4,6,-1,-1,8,10,12,-1,-1,-1,-1,-1],"split_conditions":[4.004312E-1,3.0070898E-1,9.03377E-1,-2.4048138E-2,-5.96323E-3,6.0329604E-1,1E0,5.018329E-1,1.2091637E-3,3.7294389E-3,1.6249085E-2,-2.9794693E-3,-7.138252E-4],"split_indices":[0,0,0,0,0,0,0,0,0,0,0,0,0],"split_type":[0,0,0,0,0,0,0,0,0,0,0,0,0],"sum_hessian":[9E0,2E0,7E0,1E0,1E0,5E0,2E0,2E0,3E0,1E0,1E0,1E0,1E0],"tree_param":{"num_deleted":"0","num_feature":"2","num_nodes":"13","size_leaf_vector":"1"}},{"base_weights":[-2.1606255E-2,-1.9007237E-1,4.4269323E-2,-2.2845745E-2,-5.665112E-3,-4.2390823E-3,1.265297E-1,-2.3391088E-2,1.1184693E-3,3.5429E-3,1.5436554E-2,-2.8305054E-3,-6.7815784E-4],"categories":[],"categories_nodes":[],"categories_segments":[],"categories_sizes":[],"default_left":[0,0,0,0,0,0,0,0,0,0,0,0,0],"id":69,"left_children":[1,3,5,-1,-1,7,9,11,-1,-1,-1,-1,-1],"loss_changes":[1.193924E-1,2.4217889E-3,3.2458924E-2,0E0,0E0,2.0339994E-3,2.1385811E-3,5.290273E-5,0E0,0E0,0E0,0E0,0E0],"parents":[2147483647,0,0,1,1,2,2,5,5,6,6,7,7],"right_children":[2,4,6,-1,-1,8,10,12,-1,-1,-1,-1,-1],"split_conditions":[4.004312E-1,3.0070898E-1,9.03377E-1,-2.2845745E-2,-5.665112E-3,6.0329604E-1,1E0,5.018329E-1,1.1184693E-3,3.5429E-3,1.5436554E-2,-2.8305054E-3,-6.7815784E-4],"split_indices":[0,0,0,0,0,0,0,0,0,0,0,0,0],"split_type":[0,0,0,0,0,0,0,0,0,0,0,0,0],"sum_hessian":[9E0,2E0,7E0,1E0,1E0,5E0,2E0,2E0,3E0,1E0,1E0,1E0,1E0],"tree_param":{"num_deleted":"0","num_feature":"2","num_nodes":"13","size_leaf_vector":"1"}},{"base_weights":[-2.0637702E-2,-1.805687E-1,4.1916132E-2,-2.1703435E-2,-5.3818705E-3,-4.213015E-3,1.20202385E-1,-2.2221247E-2,1.0346413E-3,3.3657074E-3,1.466465E-2,-2.6889802E-3,-6.44207E-4],"categories":[],"categories_nodes":[],"categories_segments":[],"categories_sizes":[],"default_left":[0,0,0,0,0,0,0,0,0,0,0,0,0],"id":70,"left_children":[1,3,5,-1,-1,7,9,11,-1,-1,-1,-1,-1],"loss_changes":[1.0761171E-1,2.1855608E-3,2.939664E-2,0E0,0E0,1.8030475E-3,1.9301511E-3,4.7771842E-5,0E0,0E0,0E0,0E0,0E0],"parents":[2147483647,0,0,1,1,2,2,5,5,6,6,7,7],"right_children":[2,4,6,-1,-1,8,10,12,-1,-1,-1,-1,-1],"split_conditions":[4.004312E-1,3.0070898E-1,9.03377E-1,-2.1703435E-2,-5.3818705E-3,6.0329604E-1,1E0,5.018329E-1,1.0346413E-3,3.3657074E-3,1.466465E-2,-2.6889802E-3,-6.44207E-4],"split_indices":[0,0,0,0,0,0,0,0,0,0,0,0,0],"split_type":[0,0,0,0,0,0,0,0,0,0,0,0,0],"sum_hessian":[9E0,2E0,7E0,1E0,1E0,5E0,2E0,2E0,3E0,1E0,1E0,1E0,1E0],"tree_param":{"num_deleted":"0","num_feature":"2","num_nodes":"13","size_leaf_vector":"1"}},{"base_weights":[-1.9708633E-2,-1.7153995E-1,3.9691687E-2,-2.0618249E-2,-5.1127435E-3,-4.1742325E-3,1.1419296E-1,-2.11099E-2,9.571075E-3,3.1974793E-3,1.3931465E-2,-2.5545121E-3,-6.119728E-4,2.7961732E-4,1.0897319E-3],"categories":[],"categories_nodes":[],"categories_segments":[],"categories_sizes":[],"default_left":[0,0,0,0,0,0,0,0,0,0,0,0,0,0,0],"id":71,"left_children":[1,3,5,-1,-1,7,9,11,13,-1,-1,-1,-1,-1,-1],"loss_changes":[9.699699E-2,1.9726008E-3,2.6621204E-2,0E0,0E0,1.5987601E-3,1.7418228E-3,4.312501E-5,5.469861E-6,0E0,0E0,0E0,0E0,0E0,0E0],"parents":[2147483647,0,0,1,1,2,2,5,5,6,6,7,7,8,8],"right_children":[2,4,6,-1,-1,8,10,12,14,-1,-1,-1,-1,-1,-1],"split_conditions":[4.004312E-1,3.0070898E-1,9.03377E-1,-2.0618249E-2,-5.1127435E-3,6.0329604E-1,1E0,5.018329E-1,7.023979E-1,3.1974793E-3,1.3931465E-2,-2.5545121E-3,-6.119728E-4,2.7961732E-4,1.0897319E-3],"split_indices":[0,0,0,0,0,0,0,0,0,0,0,0,0,0,0],"split_type":[0,0,0,0,0,0,0,0,0,0,0,0,0,0,0],"sum_hessian":[9E0,2E0,7E0,1E0,1E0,5E0,2E0,2E0,3E0,1E0,1E0,1E0,1E0,1E0,2E0],"tree_param":{"num_deleted":"0","num_feature":"2","num_nodes":"15","size_leaf_vector":"1"}},{"base_weights":[-1.8777657E-2,-1.629626E-1,3.7638903E-2,-1.9587327E-2,-4.8570633E-3,-4.0566125E-3,1.08483635E-1,-2.0054499E-2,8.9559555E-3,3.0376434E-3,1.3234901E-2,-2.426815E-3,-5.813599E-4,2.6569367E-4,1.0169983E-3],"categories":[],"categories_nodes":[],"categories_segments":[],"categories_sizes":[],"default_left":[0,0,0,0,0,0,0,0,0,0,0,0,0,0,0],"id":72,"left_children":[1,3,5,-1,-1,7,9,11,13,-1,-1,-1,-1,-1,-1],"loss_changes":[8.7477915E-2,1.7804578E-3,2.4071336E-2,0E0,0E0,1.4286487E-3,1.5718825E-3,3.8933358E-5,3.5677222E-6,0E0,0E0,0E0,0E0,0E0,0E0],"parents":[2147483647,0,0,1,1,2,2,5,5,6,6,7,7,8,8],"right_children":[2,4,6,-1,-1,8,10,12,14,-1,-1,-1,-1,-1,-1],"split_conditions":[4.004312E-1,3.0070898E-1,9.03377E-1,-1.9587327E-2,-4.8570633E-3,6.0329604E-1,1E0,5.018329E-1,7.023979E-1,3.0376434E-3,1.3234901E-2,-2.426815E-3,-5.813599E-4,2.6569367E-4,1.0169983E-3],"split_indices":[0,0,0,0,0,0,0,0,0,0,0,0,0,0,0],"split_type":[0,0,0,0,0,0,0,0,0,0,0,0,0,0,0],"sum_hessian":[9E0,2E0,7E0,1E0,1E0,5E0,2E0,2E0,3E0,1E0,1E0,1E0,1E0,1E0,2E0],"tree_param":{"num_deleted":"0","num_feature":"2","num_nodes":"15","size_leaf_vector":"1"}},{"base_weights":[-1.7889977E-2,-1.5481503E-1,3.569317E-2,-1.8607998E-2,-4.6142577E-3,-3.9393106E-3,1.030604E-1,-1.905187E-2,8.379936E-3,2.8858185E-3,1.2573242E-2,-2.3055077E-3,-5.5227283E-4,2.5234223E-4,9.490967E-4],"categories":[],"categories_nodes":[],"categories_segments":[],"categories_sizes":[],"default_left":[0,0,0,0,0,0,0,0,0,0,0,0,0,0,0],"id":73,"left_children":[1,3,5,-1,-1,7,9,11,13,-1,-1,-1,-1,-1,-1],"loss_changes":[7.8894585E-2,1.6067028E-3,2.1765433E-2,0E0,0E0,1.2767055E-3,1.4185309E-3,3.5153003E-5,2.077344E-6,0E0,0E0,0E0,0E0,0E0,0E0],"parents":[2147483647,0,0,1,1,2,2,5,5,6,6,7,7,8,8],"right_children":[2,4,6,-1,-1,8,10,12,14,-1,-1,-1,-1,-1,-1],"split_conditions":[4.004312E-1,3.0070898E-1,9.03377E-1,-1.8607998E-2,-4.6142577E-3,6.0329604E-1,1E0,5.018329E-1,7.023979E-1,2.8858185E-3,1.2573242E-2,-2.3055077E-3,-5.5227283E-4,2.5234223E-4,9.490967E-4],"split_indices":[0,0,0,0,0,0,0,0,0,0,0,0,0,0,0],"split_type":[0,0,0,0,0,0,0,0,0,0,0,0,0,0,0],"sum_hessian":[9E0,2E0,7E0,1E0,1E0,5E0,2E0,2E0,3E0,1E0,1E0,1E0,1E0,1E0,2E0],"tree_param":{"num_deleted":"0","num_feature":"2","num_nodes":"15","size_leaf_vector":"1"}},{"base_weights":[-1.7042732E-2,-1.4707439E-1,3.3849478E-2,-1.7677594E-2,-4.383564E-3,-3.821373E-3,9.790802E-2,-1.8098831E-2,7.842064E-4,2.741623E-3,1.194458E-2,-2.1902085E-3,-5.246163E-4],"categories":[],"categories_nodes":[],"categories_segments":[],"categories_sizes":[],"default_left":[0,0,0,0,0,0,0,0,0,0,0,0,0],"id":74,"left_children":[1,3,5,-1,-1,7,9,11,-1,-1,-1,-1,-1],"loss_changes":[7.115437E-2,1.4499649E-3,1.9679263E-2,0E0,0E0,1.1410776E-3,1.2799557E-3,3.1744014E-5,0E0,0E0,0E0,0E0,0E0],"parents":[2147483647,0,0,1,1,2,2,5,5,6,6,7,7],"right_children":[2,4,6,-1,-1,8,10,12,-1,-1,-1,-1,-1],"split_conditions":[4.004312E-1,3.0070898E-1,9.03377E-1,-1.7677594E-2,-4.383564E-3,6.0329604E-1,1E0,5.018329E-1,7.842064E-4,2.741623E-3,1.194458E-2,-2.1902085E-3,-5.246163E-4],"split_indices":[0,0,0,0,0,0,0,0,0,0,0,0,0],"split_type":[0,0,0,0,0,0,0,0,0,0,0,0,0],"sum_hessian":[9E0,2E0,7E0,1E0,1E0,5E0,2E0,2E0,3E0,1E0,1E0,1E0,1E0],"tree_param":{"num_deleted":"0","num_feature":"2","num_nodes":"13","size_leaf_vector":"1"}},{"base_weights":[-1.6269684E-2,-1.3972092E-1,3.205824E-2,-1.6793728E-2,-4.16441E-3,-3.7619274E-3,9.301249E-2,-1.7194113E-2,7.252693E-3,2.6044846E-3,1.134739E-2,-2.0807267E-3,-4.9839023E-4,2.0046234E-4,8.333842E-4],"categories":[],"categories_nodes":[],"categories_segments":[],"categories_sizes":[],"default_left":[0,0,0,0,0,0,0,0,0,0,0,0,0,0,0],"id":75,"left_children":[1,3,5,-1,-1,7,9,11,13,-1,-1,-1,-1,-1,-1],"loss_changes":[6.4140625E-2,1.3085157E-3,1.7817039E-2,0E0,0E0,1.0124061E-3,1.1553466E-3,2.8650742E-5,5.9895683E-6,0E0,0E0,0E0,0E0,0E0,0E0],"parents":[2147483647,0,0,1,1,2,2,5,5,6,6,7,7,8,8],"right_children":[2,4,6,-1,-1,8,10,12,14,-1,-1,-1,-1,-1,-1],"split_conditions":[4.004312E-1,3.0070898E-1,9.03377E-1,-1.6793728E-2,-4.16441E-3,6.0329604E-1,1E0,5.018329E-1,7.023979E-1,2.6044846E-3,1.134739E-2,-2.0807267E-3,-4.9839023E-4,2.0046234E-4,8.333842E-4],"split_indices":[0,0,0,0,0,0,0,0,0,0,0,0,0,0,0],"split_type":[0,0,0,0,0,0,0,0,0,0,0,0,0,0,0],"sum_hessian":[9E0,2E0,7E0,1E0,1E0,5E0,2E0,2E0,3E0,1E0,1E0,1E0,1E0,1E0,2E0],"tree_param":{"num_deleted":"0","num_feature":"2","num_nodes":"15","size_leaf_vector":"1"}},{"base_weights":[-1.549797E-2,-1.3273494E-1,3.0403137E-2,-1.5954018E-2,-3.9562224E-3,-3.643036E-3,8.836111E-2,-1.6334534E-2,6.7863464E-3,2.4742128E-3,1.0779954E-2,-1.9766807E-3,-4.734993E-4,1.903534E-4,7.7794393E-4],"categories":[],"categories_nodes":[],"categories_segments":[],"categories_sizes":[],"default_left":[0,0,0,0,0,0,0,0,0,0,0,0,0,0,0],"id":76,"left_children":[1,3,5,-1,-1,7,9,11,13,-1,-1,-1,-1,-1,-1],"loss_changes":[5.7848625E-2,1.1807866E-3,1.6107878E-2,0E0,0E0,9.050387E-4,1.0427702E-3,2.5842746E-5,4.5879133E-6,0E0,0E0,0E0,0E0,0E0,0E0],"parents":[2147483647,0,0,1,1,2,2,5,5,6,6,7,7,8,8],"right_children":[2,4,6,-1,-1,8,10,12,14,-1,-1,-1,-1,-1,-1],"split_conditions":[4.004312E-1,3.0070898E-1,9.03377E-1,-1.5954018E-2,-3.9562224E-3,6.0329604E-1,1E0,5.018329E-1,7.023979E-1,2.4742128E-3,1.0779954E-2,-1.9766807E-3,-4.734993E-4,1.903534E-4,7.7794393E-4],"split_indices":[0,0,0,0,0,0,0,0,0,0,0,0,0,0,0],"split_type":[0,0,0,0,0,0,0,0,0,0,0,0,0,0,0],"sum_hessian":[9E0,2E0,7E0,1E0,1E0,5E0,2E0,2E0,3E0,1E0,1E0,1E0,1E0,1E0,2E0],"tree_param":{"num_deleted":"0","num_feature":"2","num_nodes":"15","size_leaf_vector":"1"}},{"base_weights":[-1.4762307E-2,-1.2609799E-1,2.8833866E-2,-1.5156269E-2,-3.7584305E-3,-3.5260518E-3,8.394241E-2,-1.55181885E-2,6.3495636E-3,2.3504258E-3,1.0240937E-2,-1.8778801E-3,-4.498482E-4,1.8081666E-4,7.260641E-4],"categories":[],"categories_nodes":[],"categories_segments":[],"categories_sizes":[],"default_left":[0,0,0,0,0,0,0,0,0,0,0,0,0,0,0],"id":77,"left_children":[1,3,5,-1,-1,7,9,11,13,-1,-1,-1,-1,-1,-1],"loss_changes":[5.217399E-2,1.0655448E-3,1.456245E-2,0E0,0E0,8.091121E-4,9.412691E-4,2.3316883E-5,3.4217956E-6,0E0,0E0,0E0,0E0,0E0,0E0],"parents":[2147483647,0,0,1,1,2,2,5,5,6,6,7,7,8,8],"right_children":[2,4,6,-1,-1,8,10,12,14,-1,-1,-1,-1,-1,-1],"split_conditions":[4.004312E-1,3.0070898E-1,9.03377E-1,-1.5156269E-2,-3.7584305E-3,6.0329604E-1,1E0,5.018329E-1,7.023979E-1,2.3504258E-3,1.0240937E-2,-1.8778801E-3,-4.498482E-4,1.8081666E-4,7.260641E-4],"split_indices":[0,0,0,0,0,0,0,0,0,0,0,0,0,0,0],"split_type":[0,0,0,0,0,0,0,0,0,0,0,0,0,0,0],"sum_hessian":[9E0,2E0,7E0,1E0,1E0,5E0,2E0,2E0,3E0,1E0,1E0,1E0,1E0,1E0,2E0],"tree_param":{"num_deleted":"0","num_feature":"2","num_nodes":"15","size_leaf_vector":"1"}},{"base_weights":[-1.4060211E-2,-1.1979357E-1,2.7347326E-2,-1.439848E-2,-3.5705566E-3,-3.4093857E-3,7.974497E-2,-1.4741898E-2,5.9423447E-3,2.2329332E-3,9.728814E-3,-1.7839432E-3,-4.2734147E-4,1.7185211E-4,6.7774457E-4],"categories":[],"categories_nodes":[],"categories_segments":[],"categories_sizes":[],"default_left":[0,0,0,0,0,0,0,0,0,0,0,0,0,0,0],"id":78,"left_children":[1,3,5,-1,-1,7,9,11,13,-1,-1,-1,-1,-1,-1],"loss_changes":[4.7057614E-2,9.6151605E-4,1.3164517E-2,0E0,0E0,7.2347303E-4,8.4937736E-4,2.1044107E-5,2.4620967E-6,0E0,0E0,0E0,0E0,0E0,0E0],"parents":[2147483647,0,0,1,1,2,2,5,5,6,6,7,7,8,8],"right_children":[2,4,6,-1,-1,8,10,12,14,-1,-1,-1,-1,-1,-1],"split_conditions":[4.004312E-1,3.0070898E-1,9.03377E-1,-1.439848E-2,-3.5705566E-3,6.0329604E-1,1E0,5.018329E-1,7.023979E-1,2.2329332E-3,9.728814E-3,-1.7839432E-3,-4.2734147E-4,1.7185211E-4,6.7774457E-4],"split_indices":[0,0,0,0,0,0,0,0,0,0,0,0,0,0,0],"split_type":[0,0,0,0,0,0,0,0,0,0,0,0,0,0,0],"sum_hessian":[9E0,2E0,7E0,1E0,1E0,5E0,2E0,2E0,3E0,1E0,1E0,1E0,1E0,1E0,2E0],"tree_param":{"num_deleted":"0","num_feature":"2","num_nodes":"15","size_leaf_vector":"1"}},{"base_weights":[-1.3391113E-2,-1.1380386E-1,2.5937557E-2,-1.3678551E-2,-3.3920289E-3,-3.2958984E-3,7.575861E-2,-1.4005025E-2,5.5599213E-3,2.1213533E-3,9.24244E-3,-1.6947746E-3,-4.0597917E-4,1.6326904E-4,6.324768E-4],"categories":[],"categories_nodes":[],"categories_segments":[],"categories_sizes":[],"default_left":[0,0,0,0,0,0,0,0,0,0,0,0,0,0,0],"id":79,"left_children":[1,3,5,-1,-1,7,9,11,13,-1,-1,-1,-1,-1,-1],"loss_changes":[4.244279E-2,8.677617E-4,1.1901226E-2,0E0,0E0,6.468954E-4,7.664617E-4,1.8993858E-5,1.6885315E-6,0E0,0E0,0E0,0E0,0E0,0E0],"parents":[2147483647,0,0,1,1,2,2,5,5,6,6,7,7,8,8],"right_children":[2,4,6,-1,-1,8,10,12,14,-1,-1,-1,-1,-1,-1],"split_conditions":[4.004312E-1,3.0070898E-1,9.03377E-1,-1.3678551E-2,-3.3920289E-3,6.0329604E-1,1E0,5.018329E-1,7.023979E-1,2.1213533E-3,9.24244E-3,-1.6947746E-3,-4.0597917E-4,1.6326904E-4,6.324768E-4],"split_indices":[0,0,0,0,0,0,0,0,0,0,0,0,0,0,0],"split_type":[0,0,0,0,0,0,0,0,0,0,0,0,0,0,0],"sum_hessian":[9E0,2E0,7E0,1E0,1E0,5E0,2E0,2E0,3E0,1E0,1E0,1E0,1E0,1E0,2E0],"tree_param":{"num_deleted":"0","num_feature":"2","num_nodes":"15","size_leaf_vector":"1"}},{"base_weights":[-1.2753487E-2,-1.0811424E-1,2.4600983E-2,-1.2994671E-2,-3.2224655E-3,-3.1840007E-3,7.197062E-2,-1.3304393E-2,5.2022934E-3,2.0153045E-3,8.7802885E-3,-1.609993E-3,-3.856659E-4,1.5506745E-4,5.9026084E-4],"categories":[],"categories_nodes":[],"categories_segments":[],"categories_sizes":[],"default_left":[0,0,0,0,0,0,0,0,0,0,0,0,0,0,0],"id":80,"left_children":[1,3,5,-1,-1,7,9,11,13,-1,-1,-1,-1,-1,-1],"loss_changes":[3.828122E-2,7.830821E-4,1.0758472E-2,0E0,0E0,5.784488E-4,6.9167465E-4,1.7142505E-5,1.0761141E-6,0E0,0E0,0E0,0E0,0E0,0E0],"parents":[2147483647,0,0,1,1,2,2,5,5,6,6,7,7,8,8],"right_children":[2,4,6,-1,-1,8,10,12,14,-1,-1,-1,-1,-1,-1],"split_conditions":[4.004312E-1,3.0070898E-1,9.03377E-1,-1.2994671E-2,-3.2224655E-3,6.0329604E-1,1E0,5.018329E-1,7.023979E-1,2.0153045E-3,8.7802885E-3,-1.609993E-3,-3.856659E-4,1.5506745E-4,5.9026084E-4],"split_indices":[0,0,0,0,0,0,0,0,0,0,0,0,0,0,0],"split_type":[0,0,0,0,0,0,0,0,0,0,0,0,0,0,0],"sum_hessian":[9E0,2E0,7E0,1E0,1E0,5E0,2E0,2E0,3E0,1E0,1E0,1E0,1E0,1E0,2E0],"tree_param":{"num_deleted":"0","num_feature":"2","num_nodes":"15","size_leaf_vector":"1"}},{"base_weights":[-1.2145614E-2,-1.0270818E-1,2.333355E-2,-1.2344933E-2,-3.0612946E-3,-3.074646E-3,6.837209E-2,-1.2639363E-2,4.8675537E-4,1.9145965E-3,8.341217E-3,-1.5295029E-3,-3.6640168E-4],"categories":[],"categories_nodes":[],"categories_segments":[],"categories_sizes":[],"default_left":[0,0,0,0,0,0,0,0,0,0,0,0,0],"id":81,"left_children":[1,3,5,-1,-1,7,9,11,-1,-1,-1,-1,-1],"loss_changes":[3.4527387E-2,7.068664E-4,9.725312E-3,0E0,0E0,5.173122E-4,6.2408857E-4,1.546528E-5,0E0,0E0,0E0,0E0,0E0],"parents":[2147483647,0,0,1,1,2,2,5,5,6,6,7,7],"right_children":[2,4,6,-1,-1,8,10,12,-1,-1,-1,-1,-1],"split_conditions":[4.004312E-1,3.0070898E-1,9.03377E-1,-1.2344933E-2,-3.0612946E-3,6.0329604E-1,1E0,5.018329E-1,4.8675537E-4,1.9145965E-3,8.341217E-3,-1.5295029E-3,-3.6640168E-4],"split_indices":[0,0,0,0,0,0,0,0,0,0,0,0,0],"split_type":[0,0,0,0,0,0,0,0,0,0,0,0,0],"sum_hessian":[9E0,2E0,7E0,1E0,1E0,5E0,2E0,2E0,3E0,1E0,1E0,1E0,1E0],"tree_param":{"num_deleted":"0","num_feature":"2","num_nodes":"13","size_leaf_vector":"1"}},{"base_weights":[-1.1587715E-2,-9.757296E-2,2.2105217E-2,-1.1727715E-2,-2.9082298E-3,-3.0028026E-3,6.495285E-2,-1.2007396E-2,4.501343E-3,1.8188477E-3,7.92408E-3,-1.4530182E-3,-3.4809113E-4,1.2283325E-4,5.182902E-4],"categories":[],"categories_nodes":[],"categories_segments":[],"categories_sizes":[],"default_left":[0,0,0,0,0,0,0,0,0,0,0,0,0,0,0],"id":82,"left_children":[1,3,5,-1,-1,7,9,11,13,-1,-1,-1,-1,-1,-1],"loss_changes":[3.1127822E-2,6.37969E-4,8.801593E-3,0E0,0E0,4.5948004E-4,5.632322E-4,1.395322E-5,2.556677E-6,0E0,0E0,0E0,0E0,0E0,0E0],"parents":[2147483647,0,0,1,1,2,2,5,5,6,6,7,7,8,8],"right_children":[2,4,6,-1,-1,8,10,12,14,-1,-1,-1,-1,-1,-1],"split_conditions":[4.004312E-1,3.0070898E-1,9.03377E-1,-1.1727715E-2,-2.9082298E-3,6.0329604E-1,1E0,5.018329E-1,7.023979E-1,1.8188477E-3,7.92408E-3,-1.4530182E-3,-3.4809113E-4,1.2283325E-4,5.182902E-4],"split_indices":[0,0,0,0,0,0,0,0,0,0,0,0,0,0,0],"split_type":[0,0,0,0,0,0,0,0,0,0,0,0,0,0,0],"sum_hessian":[9E0,2E0,7E0,1E0,1E0,5E0,2E0,2E0,3E0,1E0,1E0,1E0,1E0,1E0,2E0],"tree_param":{"num_deleted":"0","num_feature":"2","num_nodes":"15","size_leaf_vector":"1"}},{"base_weights":[-1.1034203E-2,-9.269396E-2,2.0967484E-2,-1.11413E-2,-2.7627945E-3,-2.895991E-3,6.1705273E-2,-1.1407216E-2,4.211426E-3,1.7278672E-3,7.5279237E-3,-1.3803482E-3,-3.3073427E-4,1.1672974E-4,4.8370362E-4],"categories":[],"categories_nodes":[],"categories_segments":[],"categories_sizes":[],"default_left":[0,0,0,0,0,0,0,0,0,0,0,0,0,0,0],"id":83,"left_children":[1,3,5,-1,-1,7,9,11,13,-1,-1,-1,-1,-1,-1],"loss_changes":[2.807606E-2,5.758088E-4,7.955859E-3,0E0,0E0,4.109976E-4,5.084099E-4,1.2575503E-5,1.9714935E-6,0E0,0E0,0E0,0E0,0E0,0E0],"parents":[2147483647,0,0,1,1,2,2,5,5,6,6,7,7,8,8],"right_children":[2,4,6,-1,-1,8,10,12,14,-1,-1,-1,-1,-1,-1],"split_conditions":[4.004312E-1,3.0070898E-1,9.03377E-1,-1.11413E-2,-2.7627945E-3,6.0329604E-1,1E0,5.018329E-1,7.023979E-1,1.7278672E-3,7.5279237E-3,-1.3803482E-3,-3.3073427E-4,1.1672974E-4,4.8370362E-4],"split_indices":[0,0,0,0,0,0,0,0,0,0,0,0,0,0,0],"split_type":[0,0,0,0,0,0,0,0,0,0,0,0,0,0,0],"sum_hessian":[9E0,2E0,7E0,1E0,1E0,5E0,2E0,2E0,3E0,1E0,1E0,1E0,1E0,1E0,2E0],"tree_param":{"num_deleted":"0","num_feature":"2","num_nodes":"15","size_leaf_vector":"1"}},{"base_weights":[-1.0507012E-2,-8.8059746E-2,1.988864E-2,-1.0584259E-2,-2.6247024E-3,-2.7920406E-3,5.8620453E-2,-1.0836919E-2,3.9396286E-3,1.6414643E-3,7.1516037E-3,-1.3113022E-3,-3.142357E-4,1.1081696E-4,4.5140585E-4],"categories":[],"categories_nodes":[],"categories_segments":[],"categories_sizes":[],"default_left":[0,0,0,0,0,0,0,0,0,0,0,0,0,0,0],"id":84,"left_children":[1,3,5,-1,-1,7,9,11,13,-1,-1,-1,-1,-1,-1],"loss_changes":[2.5324048E-2,5.195644E-4,7.1913814E-3,0E0,0E0,3.676262E-4,4.5889616E-4,1.133504E-5,1.5035621E-6,0E0,0E0,0E0,0E0,0E0,0E0],"parents":[2147483647,0,0,1,1,2,2,5,5,6,6,7,7,8,8],"right_children":[2,4,6,-1,-1,8,10,12,14,-1,-1,-1,-1,-1,-1],"split_conditions":[4.004312E-1,3.0070898E-1,9.03377E-1,-1.0584259E-2,-2.6247024E-3,6.0329604E-1,1E0,5.018329E-1,7.023979E-1,1.6414643E-3,7.1516037E-3,-1.3113022E-3,-3.142357E-4,1.1081696E-4,4.5140585E-4],"split_indices":[0,0,0,0,0,0,0,0,0,0,0,0,0,0,0],"split_type":[0,0,0,0,0,0,0,0,0,0,0,0,0,0,0],"sum_hessian":[9E0,2E0,7E0,1E0,1E0,5E0,2E0,2E0,3E0,1E0,1E0,1E0,1E0,1E0,2E0],"tree_param":{"num_deleted":"0","num_feature":"2","num_nodes":"15","size_leaf_vector":"1"}},{"base_weights":[-1.0004044E-2,-8.3656944E-2,1.88663E-2,-1.0055065E-2,-2.493477E-3,-2.6896794E-3,5.5689495E-2,-1.0295232E-2,3.686905E-3,1.5594483E-3,6.793976E-3,-1.2457848E-3,-2.9850006E-4,1.05285646E-4,4.213969E-4],"categories":[],"categories_nodes":[],"categories_segments":[],"categories_sizes":[],"default_left":[0,0,0,0,0,0,0,0,0,0,0,0,0,0,0],"id":85,"left_children":[1,3,5,-1,-1,7,9,11,13,-1,-1,-1,-1,-1,-1],"loss_changes":[2.2842145E-2,4.688967E-4,6.499867E-3,0E0,0E0,3.289422E-4,4.1403808E-4,1.0240969E-5,1.116543E-6,0E0,0E0,0E0,0E0,0E0,0E0],"parents":[2147483647,0,0,1,1,2,2,5,5,6,6,7,7,8,8],"right_children":[2,4,6,-1,-1,8,10,12,14,-1,-1,-1,-1,-1,-1],"split_conditions":[4.004312E-1,3.0070898E-1,9.03377E-1,-1.0055065E-2,-2.493477E-3,6.0329604E-1,1E0,5.018329E-1,7.023979E-1,1.5594483E-3,6.793976E-3,-1.2457848E-3,-2.9850006E-4,1.05285646E-4,4.213969E-4],"split_indices":[0,0,0,0,0,0,0,0,0,0,0,0,0,0,0],"split_type":[0,0,0,0,0,0,0,0,0,0,0,0,0,0,0],"sum_hessian":[9E0,2E0,7E0,1E0,1E0,5E0,2E0,2E0,3E0,1E0,1E0,1E0,1E0,1E0,2E0],"tree_param":{"num_deleted":"0","num_feature":"2","num_nodes":"15","size_leaf_vector":"1"}},{"base_weights":[-9.524917E-3,-7.947413E-2,1.7896652E-2,-9.552288E-3,-2.3688318E-3,-2.5901794E-3,5.2904766E-2,-9.780884E-3,3.4503939E-4,1.4814377E-3,6.4542773E-3,-1.1835098E-3,-2.8362274E-4],"categories":[],"categories_nodes":[],"categories_segments":[],"categories_sizes":[],"default_left":[0,0,0,0,0,0,0,0,0,0,0,0,0],"id":86,"left_children":[1,3,5,-1,-1,7,9,11,-1,-1,-1,-1,-1],"loss_changes":[2.0603493E-2,4.2310357E-4,5.8746752E-3,0E0,0E0,2.9436374E-4,3.7372764E-4,9.230396E-6,0E0,0E0,0E0,0E0,0E0],"parents":[2147483647,0,0,1,1,2,2,5,5,6,6,7,7],"right_children":[2,4,6,-1,-1,8,10,12,-1,-1,-1,-1,-1],"split_conditions":[4.004312E-1,3.0070898E-1,9.03377E-1,-9.552288E-3,-2.3688318E-3,6.0329604E-1,1E0,5.018329E-1,3.4503939E-4,1.4814377E-3,6.4542773E-3,-1.1835098E-3,-2.8362274E-4],"split_indices":[0,0,0,0,0,0,0,0,0,0,0,0,0],"split_type":[0,0,0,0,0,0,0,0,0,0,0,0,0],"sum_hessian":[9E0,2E0,7E0,1E0,1E0,5E0,2E0,2E0,3E0,1E0,1E0,1E0,1E0],"tree_param":{"num_deleted":"0","num_feature":"2","num_nodes":"13","size_leaf_vector":"1"}},{"base_weights":[-9.082412E-3,-7.550049E-2,1.6959667E-2,-9.074688E-3,-2.2503852E-3,-2.5170643E-3,5.0259907E-2,-9.291331E-3,3.1929016E-3,1.4074326E-3,6.1315536E-3,-1.1242867E-3,-2.69413E-4,8.277893E-5,3.7053425E-4],"categories":[],"categories_nodes":[],"categories_segments":[],"categories_sizes":[],"default_left":[0,0,0,0,0,0,0,0,0,0,0,0,0,0,0],"id":87,"left_children":[1,3,5,-1,-1,7,9,11,13,-1,-1,-1,-1,-1,-1],"loss_changes":[1.8577112E-2,3.8186833E-4,5.3151464E-3,0E0,0E0,2.617513E-4,3.371886E-4,8.334289E-6,1.7806778E-6,0E0,0E0,0E0,0E0,0E0,0E0],"parents":[2147483647,0,0,1,1,2,2,5,5,6,6,7,7,8,8],"right_children":[2,4,6,-1,-1,8,10,12,14,-1,-1,-1,-1,-1,-1],"split_conditions":[4.004312E-1,3.0070898E-1,9.03377E-1,-9.074688E-3,-2.2503852E-3,6.0329604E-1,1E0,5.018329E-1,7.023979E-1,1.4074326E-3,6.1315536E-3,-1.1242867E-3,-2.69413E-4,8.277893E-5,3.7053425E-4],"split_indices":[0,0,0,0,0,0,0,0,0,0,0,0,0,0,0],"split_type":[0,0,0,0,0,0,0,0,0,0,0,0,0,0,0],"sum_hessian":[9E0,2E0,7E0,1E0,1E0,5E0,2E0,2E0,3E0,1E0,1E0,1E0,1E0,1E0,2E0],"tree_param":{"num_deleted":"0","num_feature":"2","num_nodes":"15","size_leaf_vector":"1"}},{"base_weights":[-8.646774E-3,-7.172521E-2,1.6088486E-2,-8.62093E-3,-2.1378517E-3,-2.4223328E-3,4.7747295E-2,-8.8272095E-3,2.986908E-3,1.3370514E-3,5.8250427E-3,-1.0681152E-3,-2.5596618E-4,7.8582765E-5,3.458659E-4],"categories":[],"categories_nodes":[],"categories_segments":[],"categories_sizes":[],"default_left":[0,0,0,0,0,0,0,0,0,0,0,0,0,0,0],"id":88,"left_children":[1,3,5,-1,-1,7,9,11,13,-1,-1,-1,-1,-1,-1],"loss_changes":[1.6756564E-2,3.4465175E-4,4.8039043E-3,0E0,0E0,2.3423918E-4,3.0435296E-4,7.5188873E-6,1.4355355E-6,0E0,0E0,0E0,0E0,0E0,0E0],"parents":[2147483647,0,0,1,1,2,2,5,5,6,6,7,7,8,8],"right_children":[2,4,6,-1,-1,8,10,12,14,-1,-1,-1,-1,-1,-1],"split_conditions":[4.004312E-1,3.0070898E-1,9.03377E-1,-8.62093E-3,-2.1378517E-3,6.0329604E-1,1E0,5.018329E-1,7.023979E-1,1.3370514E-3,5.8250427E-3,-1.0681152E-3,-2.5596618E-4,7.8582765E-5,3.458659E-4],"split_indices":[0,0,0,0,0,0,0,0,0,0,0,0,0,0,0],"split_type":[0,0,0,0,0,0,0,0,0,0,0,0,0,0,0],"sum_hessian":[9E0,2E0,7E0,1E0,1E0,5E0,2E0,2E0,3E0,1E0,1E0,1E0,1E0,1E0,2E0],"tree_param":{"num_deleted":"0","num_feature":"2","num_nodes":"15","size_leaf_vector":"1"}},{"base_weights":[-8.231926E-3,-6.8138756E-2,1.5262127E-2,-8.189869E-3,-2.030945E-3,-2.33078E-3,4.5360565E-2,-8.385976E-3,2.793312E-3,1.2702942E-3,5.5337907E-3,-1.0147095E-3,-2.4318695E-4,7.4577336E-5,3.2272338E-4],"categories":[],"categories_nodes":[],"categories_segments":[],"categories_sizes":[],"default_left":[0,0,0,0,0,0,0,0,0,0,0,0,0,0,0],"id":89,"left_children":[1,3,5,-1,-1,7,9,11,13,-1,-1,-1,-1,-1,-1],"loss_changes":[1.5114485E-2,3.110664E-4,4.341878E-3,0E0,0E0,2.0958894E-4,2.7455436E-4,6.7812507E-6,1.147102E-6,0E0,0E0,0E0,0E0,0E0,0E0],"parents":[2147483647,0,0,1,1,2,2,5,5,6,6,7,7,8,8],"right_children":[2,4,6,-1,-1,8,10,12,14,-1,-1,-1,-1,-1,-1],"split_conditions":[4.004312E-1,3.0070898E-1,9.03377E-1,-8.189869E-3,-2.030945E-3,6.0329604E-1,1E0,5.018329E-1,7.023979E-1,1.2702942E-3,5.5337907E-3,-1.0147095E-3,-2.4318695E-4,7.4577336E-5,3.2272338E-4],"split_indices":[0,0,0,0,0,0,0,0,0,0,0,0,0,0,0],"split_type":[0,0,0,0,0,0,0,0,0,0,0,0,0,0,0],"sum_hessian":[9E0,2E0,7E0,1E0,1E0,5E0,2E0,2E0,3E0,1E0,1E0,1E0,1E0,1E0,2E0],"tree_param":{"num_deleted":"0","num_feature":"2","num_nodes":"15","size_leaf_vector":"1"}},{"base_weights":[-7.836914E-3,-6.47316E-2,1.4478207E-2,-7.7803615E-3,-1.9293785E-3,-2.2417705E-3,4.309209E-2,-7.966359E-3,2.612114E-4,1.2067795E-3,5.257034E-3,-9.63974E-4,-2.3097992E-4],"categories":[],"categories_nodes":[],"categories_segments":[],"categories_sizes":[],"default_left":[0,0,0,0,0,0,0,0,0,0,0,0,0],"id":90,"left_children":[1,3,5,-1,-1,7,9,11,-1,-1,-1,-1,-1],"loss_changes":[1.36333145E-2,2.8076582E-4,3.923991E-3,0E0,0E0,1.8752798E-4,2.4775974E-4,6.1308674E-6,0E0,0E0,0E0,0E0,0E0],"parents":[2147483647,0,0,1,1,2,2,5,5,6,6,7,7],"right_children":[2,4,6,-1,-1,8,10,12,-1,-1,-1,-1,-1],"split_conditions":[4.004312E-1,3.0070898E-1,9.03377E-1,-7.7803615E-3,-1.9293785E-3,6.0329604E-1,1E0,5.018329E-1,2.612114E-4,1.2067795E-3,5.257034E-3,-9.63974E-4,-2.3097992E-4],"split_indices":[0,0,0,0,0,0,0,0,0,0,0,0,0],"split_type":[0,0,0,0,0,0,0,0,0,0,0,0,0],"sum_hessian":[9E0,2E0,7E0,1E0,1E0,5E0,2E0,2E0,3E0,1E0,1E0,1E0,1E0],"tree_param":{"num_deleted":"0","num_feature":"2","num_nodes":"13","size_leaf_vector":"1"}},{"base_weights":[-7.4705123E-3,-6.1494827E-2,1.372242E-2,-7.3913573E-3,-1.8328667E-3,-2.17247E-3,4.093806E-2,-7.5683594E-3,2.4175644E-3,1.1465073E-3,4.994202E-3,-9.1581343E-4,-2.1944047E-4,5.7792666E-5,2.8381348E-4],"categories":[],"categories_nodes":[],"categories_segments":[],"categories_sizes":[],"default_left":[0,0,0,0,0,0,0,0,0,0,0,0,0,0,0],"id":91,"left_children":[1,3,5,-1,-1,7,9,11,13,-1,-1,-1,-1,-1,-1],"loss_changes":[1.2293194E-2,2.5347155E-4,3.5496536E-3,0E0,0E0,1.6690089E-4,2.2353139E-4,5.533482E-6,1.4545549E-6,0E0,0E0,0E0,0E0,0E0,0E0],"parents":[2147483647,0,0,1,1,2,2,5,5,6,6,7,7,8,8],"right_children":[2,4,6,-1,-1,8,10,12,14,-1,-1,-1,-1,-1,-1],"split_conditions":[4.004312E-1,3.0070898E-1,9.03377E-1,-7.3913573E-3,-1.8328667E-3,6.0329604E-1,1E0,5.018329E-1,7.023979E-1,1.1465073E-3,4.994202E-3,-9.1581343E-4,-2.1944047E-4,5.7792666E-5,2.8381348E-4],"split_indices":[0,0,0,0,0,0,0,0,0,0,0,0,0,0,0],"split_type":[0,0,0,0,0,0,0,0,0,0,0,0,0,0,0],"sum_hessian":[9E0,2E0,7E0,1E0,1E0,5E0,2E0,2E0,3E0,1E0,1E0,1E0,1E0,1E0,2E0],"tree_param":{"num_deleted":"0","num_feature":"2","num_nodes":"15","size_leaf_vector":"1"}},{"base_weights":[-7.110977E-3,-5.842018E-2,1.30188465E-2,-7.0218085E-3,-1.7412186E-3,-2.0869572E-3,3.889084E-2,-7.1900687E-3,2.2621155E-3,1.0890961E-3,4.7445297E-3,-8.7003707E-4,-2.0847321E-4,5.4931643E-5,2.649943E-4],"categories":[],"categories_nodes":[],"categories_segments":[],"categories_sizes":[],"default_left":[0,0,0,0,0,0,0,0,0,0,0,0,0,0,0],"id":92,"left_children":[1,3,5,-1,-1,7,9,11,13,-1,-1,-1,-1,-1,-1],"loss_changes":[1.1089016E-2,2.2877473E-4,3.2077017E-3,0E0,0E0,1.4942758E-4,2.0184647E-4,4.993868E-6,1.2014261E-6,0E0,0E0,0E0,0E0,0E0,0E0],"parents":[2147483647,0,0,1,1,2,2,5,5,6,6,7,7,8,8],"right_children":[2,4,6,-1,-1,8,10,12,14,-1,-1,-1,-1,-1,-1],"split_conditions":[4.004312E-1,3.0070898E-1,9.03377E-1,-7.0218085E-3,-1.7412186E-3,6.0329604E-1,1E0,5.018329E-1,7.023979E-1,1.0890961E-3,4.7445297E-3,-8.7003707E-4,-2.0847321E-4,5.4931643E-5,2.649943E-4],"split_indices":[0,0,0,0,0,0,0,0,0,0,0,0,0,0,0],"split_type":[0,0,0,0,0,0,0,0,0,0,0,0,0,0,0],"sum_hessian":[9E0,2E0,7E0,1E0,1E0,5E0,2E0,2E0,3E0,1E0,1E0,1E0,1E0,1E0,2E0],"tree_param":{"num_deleted":"0","num_feature":"2","num_nodes":"15","size_leaf_vector":"1"}},{"base_weights":[-6.768608E-3,-5.5499393E-2,1.2351513E-2,-6.6707614E-3,-1.6541481E-3,-2.0039876E-3,3.6945343E-2,-6.830851E-3,2.117157E-3,1.034546E-3,4.5072557E-3,-8.2654954E-4,-1.9807815E-4,8.9009605E-5,2.89917E-4],"categories":[],"categories_nodes":[],"categories_segments":[],"categories_sizes":[],"default_left":[0,0,0,0,0,0,0,0,0,0,0,0,0,0,0],"id":93,"left_children":[1,3,5,-1,-1,7,9,11,13,-1,-1,-1,-1,-1,-1],"loss_changes":[1.0002886E-2,2.0650402E-4,2.8984915E-3,0E0,0E0,1.3381519E-4,1.8225284E-4,4.5022316E-6,1.2577711E-6,0E0,0E0,0E0,0E0,0E0,0E0],"parents":[2147483647,0,0,1,1,2,2,5,5,6,6,7,7,8,8],"right_children":[2,4,6,-1,-1,8,10,12,14,-1,-1,-1,-1,-1,-1],"split_conditions":[4.004312E-1,3.0070898E-1,9.03377E-1,-6.6707614E-3,-1.6541481E-3,6.0329604E-1,1E0,5.018329E-1,8.030992E-1,1.034546E-3,4.5072557E-3,-8.2654954E-4,-1.9807815E-4,8.9009605E-5,2.89917E-4],"split_indices":[0,0,0,0,0,0,0,0,0,0,0,0,0,0,0],"split_type":[0,0,0,0,0,0,0,0,0,0,0,0,0,0,0],"sum_hessian":[9E0,2E0,7E0,1E0,1E0,5E0,2E0,2E0,3E0,1E0,1E0,1E0,1E0,2E0,1E0],"tree_param":{"num_deleted":"0","num_feature":"2","num_nodes":"15","size_leaf_vector":"1"}},{"base_weights":[-6.4346315E-3,-5.272484E-2,1.1728525E-2,-6.3372613E-3,-1.5714646E-3,-1.9108454E-3,3.509776E-2,-6.4894357E-3,2.0008087E-3,9.828567E-4,4.281807E-3,-7.8525546E-4,-1.8815995E-4,8.3160405E-5,2.7542116E-4],"categories":[],"categories_nodes":[],"categories_segments":[],"categories_sizes":[],"default_left":[0,0,0,0,0,0,0,0,0,0,0,0,0,0,0],"id":94,"left_children":[1,3,5,-1,-1,7,9,11,13,-1,-1,-1,-1,-1,-1],"loss_changes":[9.026147E-3,1.863502E-4,2.6169992E-3,0E0,0E0,1.2044329E-4,1.6441778E-4,4.0677114E-6,1.2331147E-6,0E0,0E0,0E0,0E0,0E0,0E0],"parents":[2147483647,0,0,1,1,2,2,5,5,6,6,7,7,8,8],"right_children":[2,4,6,-1,-1,8,10,12,14,-1,-1,-1,-1,-1,-1],"split_conditions":[4.004312E-1,3.0070898E-1,9.03377E-1,-6.3372613E-3,-1.5714646E-3,6.0329604E-1,1E0,5.018329E-1,8.030992E-1,9.828567E-4,4.281807E-3,-7.8525546E-4,-1.8815995E-4,8.3160405E-5,2.7542116E-4],"split_indices":[0,0,0,0,0,0,0,0,0,0,0,0,0,0,0],"split_type":[0,0,0,0,0,0,0,0,0,0,0,0,0,0,0],"sum_hessian":[9E0,2E0,7E0,1E0,1E0,5E0,2E0,2E0,3E0,1E0,1E0,1E0,1E0,2E0,1E0],"tree_param":{"num_deleted":"0","num_feature":"2","num_nodes":"15","size_leaf_vector":"1"}},{"base_weights":[-6.116867E-3,-5.0088245E-2,1.1137009E-2,-6.0203555E-3,-1.4928818E-3,-1.8221537E-3,3.3343E-2,-6.164551E-3,1.8901825E-3,9.3364716E-4,4.0678023E-3,-7.4596406E-4,-1.7871858E-4,7.756551E-5,2.6168823E-4],"categories":[],"categories_nodes":[],"categories_segments":[],"categories_sizes":[],"default_left":[0,0,0,0,0,0,0,0,0,0,0,0,0,0,0],"id":95,"left_children":[1,3,5,-1,-1,7,9,11,13,-1,-1,-1,-1,-1,-1],"loss_changes":[8.1446E-3,1.6817683E-4,2.3629242E-3,0E0,0E0,1.08374756E-4,1.4847633E-4,3.675479E-6,1.2099099E-6,0E0,0E0,0E0,0E0,0E0,0E0],"parents":[2147483647,0,0,1,1,2,2,5,5,6,6,7,7,8,8],"right_children":[2,4,6,-1,-1,8,10,12,14,-1,-1,-1,-1,-1,-1],"split_conditions":[4.004312E-1,3.0070898E-1,9.03377E-1,-6.0203555E-3,-1.4928818E-3,6.0329604E-1,1E0,5.018329E-1,8.030992E-1,9.3364716E-4,4.0678023E-3,-7.4596406E-4,-1.7871858E-4,7.756551E-5,2.6168823E-4],"split_indices":[0,0,0,0,0,0,0,0,0,0,0,0,0,0,0],"split_type":[0,0,0,0,0,0,0,0,0,0,0,0,0,0,0],"sum_hessian":[9E0,2E0,7E0,1E0,1E0,5E0,2E0,2E0,3E0,1E0,1E0,1E0,1E0,2E0,1E0],"tree_param":{"num_deleted":"0","num_feature":"2","num_nodes":"15","size_leaf_vector":"1"}},{"base_weights":[-5.814743E-3,-4.7583897E-2,1.0575533E-2,-5.719376E-3,-1.418209E-3,-1.7372767E-3,3.1675976E-2,-5.856196E-3,1.786232E-3,8.869171E-4,3.864479E-3,-7.086754E-4,-1.6975403E-4,7.247925E-5,2.4852753E-4],"categories":[],"categories_nodes":[],"categories_segments":[],"categories_sizes":[],"default_left":[0,0,0,0,0,0,0,0,0,0,0,0,0,0,0],"id":96,"left_children":[1,3,5,-1,-1,7,9,11,13,-1,-1,-1,-1,-1,-1],"loss_changes":[7.3493044E-3,1.5183305E-4,2.133476E-3,0E0,0E0,9.753881E-5,1.3406179E-4,3.3223478E-6,1.1666598E-6,0E0,0E0,0E0,0E0,0E0,0E0],"parents":[2147483647,0,0,1,1,2,2,5,5,6,6,7,7,8,8],"right_children":[2,4,6,-1,-1,8,10,12,14,-1,-1,-1,-1,-1,-1],"split_conditions":[4.004312E-1,3.0070898E-1,9.03377E-1,-5.719376E-3,-1.418209E-3,6.0329604E-1,1E0,5.018329E-1,8.030992E-1,8.869171E-4,3.864479E-3,-7.086754E-4,-1.6975403E-4,7.247925E-5,2.4852753E-4],"split_indices":[0,0,0,0,0,0,0,0,0,0,0,0,0,0,0],"split_type":[0,0,0,0,0,0,0,0,0,0,0,0,0,0,0],"sum_hessian":[9E0,2E0,7E0,1E0,1E0,5E0,2E0,2E0,3E0,1E0,1E0,1E0,1E0,2E0,1E0],"tree_param":{"num_deleted":"0","num_feature":"2","num_nodes":"15","size_leaf_vector":"1"}},{"base_weights":[-5.527115E-3,-4.5204163E-2,1.0042667E-2,-5.433369E-3,-1.3472558E-3,-1.6562144E-3,3.0092875E-2,-5.5631003E-3,1.6880035E-3,8.4266666E-4,3.6712647E-3,-6.731987E-4,-1.6126633E-4,6.76473E-5,2.3612977E-4],"categories":[],"categories_nodes":[],"categories_segments":[],"categories_sizes":[],"default_left":[0,0,0,0,0,0,0,0,0,0,0,0,0,0,0],"id":97,"left_children":[1,3,5,-1,-1,7,9,11,13,-1,-1,-1,-1,-1,-1],"loss_changes":[6.6316E-3,1.370702E-4,1.9263604E-3,0E0,0E0,8.7783395E-5,1.20910816E-4,2.996414E-6,1.1268758E-6,0E0,0E0,0E0,0E0,0E0,0E0],"parents":[2147483647,0,0,1,1,2,2,5,5,6,6,7,7,8,8],"right_children":[2,4,6,-1,-1,8,10,12,14,-1,-1,-1,-1,-1,-1],"split_conditions":[4.004312E-1,3.0070898E-1,9.03377E-1,-5.433369E-3,-1.3472558E-3,6.0329604E-1,1E0,5.018329E-1,8.030992E-1,8.4266666E-4,3.6712647E-3,-6.731987E-4,-1.6126633E-4,6.76473E-5,2.3612977E-4],"split_indices":[0,0,0,0,0,0,0,0,0,0,0,0,0,0,0],"split_type":[0,0,0,0,0,0,0,0,0,0,0,0,0,0,0],"sum_hessian":[9E0,2E0,7E0,1E0,1E0,5E0,2E0,2E0,3E0,1E0,1E0,1E0,1E0,2E0,1E0],"tree_param":{"num_deleted":"0","num_feature":"2","num_nodes":"15","size_leaf_vector":"1"}},{"base_weights":[-5.254173E-3,-4.2943954E-2,9.536266E-3,-5.161667E-3,-1.2799263E-3,-1.5792847E-3,2.8588613E-2,-5.2846274E-3,1.5945435E-3,8.0051424E-4,3.4877777E-3,-6.3953403E-4,-1.531601E-4,6.306966E-5,2.243042E-4],"categories":[],"categories_nodes":[],"categories_segments":[],"categories_sizes":[],"default_left":[0,0,0,0,0,0,0,0,0,0,0,0,0,0,0],"id":98,"left_children":[1,3,5,-1,-1,7,9,11,13,-1,-1,-1,-1,-1,-1],"loss_changes":[5.9840092E-3,1.2365356E-4,1.739368E-3,0E0,0E0,7.8987294E-5,1.0915706E-4,2.7104907E-6,1.0855338E-6,0E0,0E0,0E0,0E0,0E0,0E0],"parents":[2147483647,0,0,1,1,2,2,5,5,6,6,7,7,8,8],"right_children":[2,4,6,-1,-1,8,10,12,14,-1,-1,-1,-1,-1,-1],"split_conditions":[4.004312E-1,3.0070898E-1,9.03377E-1,-5.161667E-3,-1.2799263E-3,6.0329604E-1,1E0,5.018329E-1,8.030992E-1,8.0051424E-4,3.4877777E-3,-6.3953403E-4,-1.531601E-4,6.306966E-5,2.243042E-4],"split_indices":[0,0,0,0,0,0,0,0,0,0,0,0,0,0,0],"split_type":[0,0,0,0,0,0,0,0,0,0,0,0,0,0,0],"sum_hessian":[9E0,2E0,7E0,1E0,1E0,5E0,2E0,2E0,3E0,1E0,1E0,1E0,1E0,2E0,1E0],"tree_param":{"num_deleted":"0","num_feature":"2","num_nodes":"15","size_leaf_vector":"1"}},{"base_weights":[-4.995155E-3,-4.0796917E-2,9.054899E-3,-4.903603E-3,-1.2159348E-3,-1.5064875E-3,2.7159372E-2,-5.020777E-3,1.5058517E-3,7.604599E-4,3.3134462E-3,-6.0758594E-4,-1.455307E-4,5.874634E-5,2.1305085E-4],"categories":[],"categories_nodes":[],"categories_segments":[],"categories_sizes":[],"default_left":[0,0,0,0,0,0,0,0,0,0,0,0,0,0,0],"id":99,"left_children":[1,3,5,-1,-1,7,9,11,13,-1,-1,-1,-1,-1,-1],"loss_changes":[5.3995787E-3,1.1159852E-4,1.5705822E-3,0E0,0E0,7.107794E-5,9.8549994E-5,2.4433466E-6,1.043114E-6,0E0,0E0,0E0,0E0,0E0,0E0],"parents":[2147483647,0,0,1,1,2,2,5,5,6,6,7,7,8,8],"right_children":[2,4,6,-1,-1,8,10,12,14,-1,-1,-1,-1,-1,-1],"split_conditions":[4.004312E-1,3.0070898E-1,9.03377E-1,-4.903603E-3,-1.2159348E-3,6.0329604E-1,1E0,5.018329E-1,8.030992E-1,7.604599E-4,3.3134462E-3,-6.0758594E-4,-1.455307E-4,5.874634E-5,2.1305085E-4],"split_indices":[0,0,0,0,0,0,0,0,0,0,0,0,0,0,0],"split_type":[0,0,0,0,0,0,0,0,0,0,0,0,0,0,0],"sum_hessian":[9E0,2E0,7E0,1E0,1E0,5E0,2E0,2E0,3E0,1E0,1E0,1E0,1E0,2E0,1E0],"tree_param":{"num_deleted":"0","num_feature":"2","num_nodes":"15","size_leaf_vector":"1"}}]},"name":"gbtree"},"learner_model_param":{"base_score":"3.2655556E1","boost_from_average":"1","num_class":"0","num_feature":"2","num_target":"1"},"objective":{"name":"reg:squarederror","reg_loss_param":{"scale_pos_weight":"1"}}},"version":[2,0,1]}