{"model_name": "LogarithmicRegressionTrainer_4", "model_class": "curvefit", "model_file": "LogarithmicRegressionTrainer_4.json", "features": ["bpf_cpu_time_ms", "bpf_page_cache_hit", "cache_miss", "cgroupfs_cpu_usage_us", "cgroupfs_memory_usage_bytes", "cgroupfs_system_cpu_usage_us", "cgroupfs_user_cpu_usage_us", "cpu_cycles", "cpu_instructions"], "fe_files": [], "output_type": "AbsPower", "mae": 20.29, "mape": 5.56, "package_mae": 20.29, "core_mae": 0.0, "uncore_mae": 0.0, "dram_mae": 1.55, "package_mape": 13.28, "core_mape": -1, "uncore_mape": -1, "dram_mape": 5.56}