{"model_name": "ExponentialRegressionTrainer_1", "model_class": "curvefit", "model_file": "ExponentialRegressionTrainer_1.json", "features": ["bpf_cpu_time_ms", "bpf_page_cache_hit", "cache_miss", "cgroupfs_cpu_usage_us", "cgroupfs_memory_usage_bytes", "cgroupfs_system_cpu_usage_us", "cgroupfs_user_cpu_usage_us", "cpu_cycles", "cpu_instructions"], "fe_files": [], "output_type": "DynPower", "mae": 8.64, "mape": 4351.09, "package_mae": 8.64, "core_mae": 8.14, "uncore_mae": 0.0, "dram_mae": 5.97, "package_mape": 92.61, "core_mape": 94.97, "uncore_mape": -1, "dram_mape": 4351.09}