{"learner":{"attributes":{"scikit_learn":"{\"_estimator_type\": \"regressor\"}"},"feature_names":[],"feature_types":[],"gradient_booster":{"model":{"gbtree_model_param":{"num_parallel_tree":"1","num_trees":"100"},"iteration_indptr":[0,1,2,3,4,5,6,7,8,9,10,11,12,13,14,15,16,17,18,19,20,21,22,23,24,25,26,27,28,29,30,31,32,33,34,35,36,37,38,39,40,41,42,43,44,45,46,47,48,49,50,51,52,53,54,55,56,57,58,59,60,61,62,63,64,65,66,67,68,69,70,71,72,73,74,75,76,77,78,79,80,81,82,83,84,85,86,87,88,89,90,91,92,93,94,95,96,97,98,99,100],"tree_info":[0,0,0,0,0,0,0,0,0,0,0,0,0,0,0,0,0,0,0,0,0,0,0,0,0,0,0,0,0,0,0,0,0,0,0,0,0,0,0,0,0,0,0,0,0,0,0,0,0,0,0,0,0,0,0,0,0,0,0,0,0,0,0,0,0,0,0,0,0,0,0,0,0,0,0,0,0,0,0,0,0,0,0,0,0,0,0,0,0,0,0,0,0,0,0,0,0,0,0,0],"trees":[{"base_weights":[2.2888185E-6,-3.8555553E1,4.626667E1,-4.463333E0,-4.083332E-1,8.416668E-1,5.3625E0],"categories":[],"categories_nodes":[],"categories_segments":[],"categories_sizes":[],"default_left":[0,0,0,0,0,0,0],"id":0,"left_children":[1,3,5,-1,-1,-1,-1],"loss_changes":[1.9622207E4,1.074834E3,9.412207E2,0E0,0E0,0E0,0E0],"parents":[2147483647,0,0,1,1,2,2],"right_children":[2,4,6,-1,-1,-1,-1],"split_conditions":[7.0213723E-1,5.0232303E-1,8.020754E-1,-4.463333E0,-4.083332E-1,8.416668E-1,5.3625E0],"split_indices":[0,0,0,0,0,0,0],"split_type":[0,0,0,0,0,0,0],"sum_hessian":[9E0,5E0,4E0,4E0,1E0,1E0,3E0],"tree_param":{"num_deleted":"0","num_feature":"2","num_nodes":"7","size_leaf_vector":"1"}},{"base_weights":[1.3325119E-1,-3.5511944E1,4.2880833E1,-4.1062665E0,-3.8791656E-1,7.9958344E-1,4.960313E0],"categories":[],"categories_nodes":[],"categories_segments":[],"categories_sizes":[],"default_left":[0,0,0,0,0,0,0],"id":1,"left_children":[1,3,5,-1,-1,-1,-1],"loss_changes":[1.676024E4,8.942202E2,7.75917E2,0E0,0E0,0E0,0E0],"parents":[2147483647,0,0,1,1,2,2],"right_children":[2,4,6,-1,-1,-1,-1],"split_conditions":[7.0213723E-1,5.0232303E-1,8.020754E-1,-4.1062665E0,-3.8791656E-1,7.9958344E-1,4.960313E0],"split_indices":[0,0,0,0,0,0,0],"split_type":[0,0,0,0,0,0,0],"sum_hessian":[9E0,5E0,4E0,4E0,1E0,1E0,3E0],"tree_param":{"num_deleted":"0","num_feature":"2","num_nodes":"7","size_leaf_vector":"1"}},{"base_weights":[2.4649887E-1,-3.2709778E1,3.9744728E1,-3.777765E0,-3.6852074E-1,7.596043E-1,4.588289E0],"categories":[],"categories_nodes":[],"categories_segments":[],"categories_sizes":[],"default_left":[0,0,0,0,0,0,0],"id":2,"left_children":[1,3,5,-1,-1,-1,-1],"loss_changes":[1.43171875E4,7.4333887E2,6.381406E2,0E0,0E0,0E0,0E0],"parents":[2147483647,0,0,1,1,2,2],"right_children":[2,4,6,-1,-1,-1,-1],"split_conditions":[7.0213723E-1,5.0232303E-1,8.020754E-1,-3.777765E0,-3.6852074E-1,7.596043E-1,4.588289E0],"split_indices":[0,0,0,0,0,0,0],"split_type":[0,0,0,0,0,0,0],"sum_hessian":[9E0,5E0,4E0,4E0,1E0,1E0,3E0],"tree_param":{"num_deleted":"0","num_feature":"2","num_nodes":"7","size_leaf_vector":"1"}},{"base_weights":[3.4200972E-1,-3.0129847E1,3.6839836E1,-3.8239472E0,-9.2737305E-1,7.21624E-1,4.2441673E0],"categories":[],"categories_nodes":[],"categories_segments":[],"categories_sizes":[],"default_left":[0,0,0,0,0,0,0],"id":3,"left_children":[1,3,5,-1,-1,-1,-1],"loss_changes":[1.2231545E4,6.6018945E2,5.234634E2,0E0,0E0,0E0,0E0],"parents":[2147483647,0,0,1,1,2,2],"right_children":[2,4,6,-1,-1,-1,-1],"split_conditions":[7.0213723E-1,2.999742E-1,8.020754E-1,-3.8239472E0,-9.2737305E-1,7.21624E-1,4.2441673E0],"split_indices":[0,0,0,0,0,0,0],"split_type":[0,0,0,0,0,0,0],"sum_hessian":[9E0,5E0,4E0,3E0,2E0,1E0,3E0],"tree_param":{"num_deleted":"0","num_feature":"2","num_nodes":"7","size_leaf_vector":"1"}},{"base_weights":[3.2925645E-1,-2.790875E1,3.4149014E1,-3.5371513E0,-8.6554796E-1,6.855427E-1,3.9258554E0],"categories":[],"categories_nodes":[],"categories_segments":[],"categories_sizes":[],"default_left":[0,0,0,0,0,0,0],"id":4,"left_children":[1,3,5,-1,-1,-1,-1],"loss_changes":[1.0503082E4,5.55938E2,4.281543E2,0E0,0E0,0E0,0E0],"parents":[2147483647,0,0,1,1,2,2],"right_children":[2,4,6,-1,-1,-1,-1],"split_conditions":[7.0213723E-1,2.999742E-1,8.020754E-1,-3.5371513E0,-8.6554796E-1,6.855427E-1,3.9258554E0],"split_indices":[0,0,0,0,0,0,0],"split_type":[0,0,0,0,0,0,0],"sum_hessian":[9E0,5E0,4E0,3E0,2E0,1E0,3E0],"tree_param":{"num_deleted":"0","num_feature":"2","num_nodes":"7","size_leaf_vector":"1"}},{"base_weights":[3.1719893E-1,-2.585166E1,3.1656391E1,-2.99802E0,-2.6044846E-1,1.1925843E0,4.083481E0],"categories":[],"categories_nodes":[],"categories_segments":[],"categories_sizes":[],"default_left":[0,0,0,0,0,0,0],"id":5,"left_children":[1,3,5,-1,-1,-1,-1],"loss_changes":[9.0194795E3,4.9777856E2,4.1848682E2,0E0,0E0,0E0,0E0],"parents":[2147483647,0,0,1,1,2,2],"right_children":[2,4,6,-1,-1,-1,-1],"split_conditions":[7.0213723E-1,5.0232303E-1,9.051125E-1,-2.99802E0,-2.6044846E-1,1.1925843E0,4.083481E0],"split_indices":[0,0,0,0,0,0,0],"split_type":[0,0,0,0,0,0,0],"sum_hessian":[9E0,5E0,4E0,4E0,1E0,2E0,2E0],"tree_param":{"num_deleted":"0","num_feature":"2","num_nodes":"7","size_leaf_vector":"1"}},{"base_weights":[4.8723832E-1,-2.3809574E1,2.9545965E1,-3.0470142E0,-6.992292E-1,1.1130788E0,3.8112488E0],"categories":[],"categories_nodes":[],"categories_segments":[],"categories_sizes":[],"default_left":[0,0,0,0,0,0,0],"id":6,"left_children":[1,3,5,-1,-1,-1,-1],"loss_changes":[7.7638213E3,4.5901978E2,3.6454785E2,0E0,0E0,0E0,0E0],"parents":[2147483647,0,0,1,1,2,2],"right_children":[2,4,6,-1,-1,-1,-1],"split_conditions":[7.0213723E-1,2.999742E-1,9.051125E-1,-3.0470142E0,-6.992292E-1,1.1130788E0,3.8112488E0],"split_indices":[0,0,0,0,0,0,0],"split_type":[0,0,0,0,0,0,0],"sum_hessian":[9E0,5E0,4E0,3E0,2E0,2E0,2E0],"tree_param":{"num_deleted":"0","num_feature":"2","num_nodes":"7","size_leaf_vector":"1"}},{"base_weights":[5.5632246E-1,-2.2052992E1,2.7576237E1,-2.8184884E0,-6.5261406E-1,1.0388738E0,3.5571656E0],"categories":[],"categories_nodes":[],"categories_segments":[],"categories_sizes":[],"default_left":[0,0,0,0,0,0,0],"id":7,"left_children":[1,3,5,-1,-1,-1,-1],"loss_changes":[6.7171562E3,3.873152E2,3.1756152E2,0E0,0E0,0E0,0E0],"parents":[2147483647,0,0,1,1,2,2],"right_children":[2,4,6,-1,-1,-1,-1],"split_conditions":[7.0213723E-1,2.999742E-1,9.051125E-1,-2.8184884E0,-6.5261406E-1,1.0388738E0,3.5571656E0],"split_indices":[0,0,0,0,0,0,0],"split_type":[0,0,0,0,0,0,0],"sum_hessian":[9E0,5E0,4E0,3E0,2E0,2E0,2E0],"tree_param":{"num_deleted":"0","num_feature":"2","num_nodes":"7","size_leaf_vector":"1"}},{"base_weights":[6.131836E-1,-2.042621E1,2.573782E1,-2.922979E0,-8.716972E0,9.6961564E-1,3.3200212E0,-1.0423737E0,-1.79834E-1],"categories":[],"categories_nodes":[],"categories_segments":[],"categories_sizes":[],"default_left":[0,0,0,0,0,0,0,0,0],"id":8,"left_children":[1,3,5,-1,7,-1,-1,-1,-1],"loss_changes":[5.811798E3,3.637041E2,2.7663135E2,0E0,2.8488495E1,0E0,0E0,0E0,0E0],"parents":[2147483647,0,0,1,1,2,2,4,4],"right_children":[2,4,6,-1,8,-1,-1,-1,-1],"split_conditions":[7.0213723E-1,2.0063889E-1,9.051125E-1,-2.922979E0,5.0232303E-1,9.6961564E-1,3.3200212E0,-1.0423737E0,-1.79834E-1],"split_indices":[0,0,0,0,0,0,0,0,0],"split_type":[0,0,0,0,0,0,0,0,0],"sum_hessian":[9E0,5E0,4E0,2E0,3E0,2E0,2E0,2E0,1E0],"tree_param":{"num_deleted":"0","num_feature":"2","num_nodes":"9","size_leaf_vector":"1"}},{"base_weights":[5.663101E-1,-1.9074455E1,2.4021967E1,-2.7281141E0,-8.150827E0,4.355587E-1,2.7849665E0,-9.728821E-1,-1.7084236E-1],"categories":[],"categories_nodes":[],"categories_segments":[],"categories_sizes":[],"default_left":[0,0,0,0,0,0,0,0,0],"id":9,"left_children":[1,3,5,-1,7,-1,-1,-1,-1],"loss_changes":[5.065076E3,3.1551685E2,2.5508325E2,0E0,2.4043335E1,0E0,0E0,0E0,0E0],"parents":[2147483647,0,0,1,1,2,2,4,4],"right_children":[2,4,6,-1,8,-1,-1,-1,-1],"split_conditions":[7.0213723E-1,2.0063889E-1,8.020754E-1,-2.7281141E0,5.0232303E-1,4.355587E-1,2.7849665E0,-9.728821E-1,-1.7084236E-1],"split_indices":[0,0,0,0,0,0,0,0,0],"split_type":[0,0,0,0,0,0,0,0,0],"sum_hessian":[9E0,5E0,4E0,2E0,3E0,1E0,3E0,2E0,1E0],"tree_param":{"num_deleted":"0","num_feature":"2","num_nodes":"9","size_leaf_vector":"1"}},{"base_weights":[4.4454843E-1,-1.7812315E1,2.2263874E1,-2.5462396E0,-7.6216745E0,7.97624E-1,2.9130218E0,-9.080232E-1,-1.6230011E-1],"categories":[],"categories_nodes":[],"categories_segments":[],"categories_sizes":[],"default_left":[0,0,0,0,0,0,0,0,0],"id":10,"left_children":[1,3,5,-1,7,-1,-1,-1,-1],"loss_changes":[4.380096E3,2.736892E2,2.581692E2,0E0,2.0260422E1,0E0,0E0,0E0,0E0],"parents":[2147483647,0,0,1,1,2,2,4,4],"right_children":[2,4,6,-1,8,-1,-1,-1,-1],"split_conditions":[7.0213723E-1,2.0063889E-1,9.051125E-1,-2.5462396E0,5.0232303E-1,7.97624E-1,2.9130218E0,-9.080232E-1,-1.6230011E-1],"split_indices":[0,0,0,0,0,0,0,0,0],"split_type":[0,0,0,0,0,0,0,0,0],"sum_hessian":[9E0,5E0,4E0,2E0,3E0,2E0,2E0,2E0,1E0],"tree_param":{"num_deleted":"0","num_feature":"2","num_nodes":"9","size_leaf_vector":"1"}},{"base_weights":[4.095009E-1,-1.6633844E1,2.0779615E1,-2.3764906E0,-7.1270885E0,7.444491E-1,2.7188203E0,-8.474884E-1,-1.541851E-1],"categories":[],"categories_nodes":[],"categories_segments":[],"categories_sizes":[],"default_left":[0,0,0,0,0,0,0,0,0],"id":11,"left_children":[1,3,5,-1,7,-1,-1,-1,-1],"loss_changes":[3.8173938E3,2.3738489E2,2.2489404E2,0E0,1.7044037E1,0E0,0E0,0E0,0E0],"parents":[2147483647,0,0,1,1,2,2,4,4],"right_children":[2,4,6,-1,8,-1,-1,-1,-1],"split_conditions":[7.0213723E-1,2.0063889E-1,9.051125E-1,-2.3764906E0,5.0232303E-1,7.444491E-1,2.7188203E0,-8.474884E-1,-1.541851E-1],"split_indices":[0,0,0,0,0,0,0,0,0],"split_type":[0,0,0,0,0,0,0,0,0],"sum_hessian":[9E0,5E0,4E0,2E0,3E0,2E0,2E0,2E0,1E0],"tree_param":{"num_deleted":"0","num_feature":"2","num_nodes":"9","size_leaf_vector":"1"}},{"base_weights":[3.770607E-1,-1.5533488E1,1.9394306E1,-2.2180579E0,-6.6647987E0,6.948194E-1,2.537565E0,-7.9098916E-1,-1.4647599E-1],"categories":[],"categories_nodes":[],"categories_segments":[],"categories_sizes":[],"default_left":[0,0,0,0,0,0,0,0,0],"id":12,"left_children":[1,3,5,-1,7,-1,-1,-1,-1],"loss_changes":[3.3270095E3,2.0587683E2,1.959076E2,0E0,1.4312042E1,0E0,0E0,0E0,0E0],"parents":[2147483647,0,0,1,1,2,2,4,4],"right_children":[2,4,6,-1,8,-1,-1,-1,-1],"split_conditions":[7.0213723E-1,2.0063889E-1,9.051125E-1,-2.2180579E0,5.0232303E-1,6.948194E-1,2.537565E0,-7.9098916E-1,-1.4647599E-1],"split_indices":[0,0,0,0,0,0,0,0,0],"split_type":[0,0,0,0,0,0,0,0,0],"sum_hessian":[9E0,5E0,4E0,2E0,3E0,2E0,2E0,2E0,1E0],"tree_param":{"num_deleted":"0","num_feature":"2","num_nodes":"9","size_leaf_vector":"1"}},{"base_weights":[3.470417E-1,-1.4506059E1,1.8101353E1,-2.0701873E0,-6.232684E0,6.484983E-1,2.368394E0,-7.3825645E-1,-1.3915215E-1],"categories":[],"categories_nodes":[],"categories_segments":[],"categories_sizes":[],"default_left":[0,0,0,0,0,0,0,0,0],"id":13,"left_children":[1,3,5,-1,7,-1,-1,-1,-1],"loss_changes":[2.899645E3,1.7853345E2,1.7065698E2,0E0,1.1994034E1,0E0,0E0,0E0,0E0],"parents":[2147483647,0,0,1,1,2,2,4,4],"right_children":[2,4,6,-1,8,-1,-1,-1,-1],"split_conditions":[7.0213723E-1,2.0063889E-1,9.051125E-1,-2.0701873E0,5.0232303E-1,6.484983E-1,2.368394E0,-7.3825645E-1,-1.3915215E-1],"split_indices":[0,0,0,0,0,0,0,0,0],"split_type":[0,0,0,0,0,0,0,0,0],"sum_hessian":[9E0,5E0,4E0,2E0,3E0,2E0,2E0,2E0,1E0],"tree_param":{"num_deleted":"0","num_feature":"2","num_nodes":"9","size_leaf_vector":"1"}},{"base_weights":[3.1926727E-1,-1.3546719E1,1.6894596E1,-1.9321747E0,-5.828768E0,2.6951143E-1,1.9770689E0,-6.890394E-1,-1.3219452E-1],"categories":[],"categories_nodes":[],"categories_segments":[],"categories_sizes":[],"default_left":[0,0,0,0,0,0,0,0,0],"id":14,"left_children":[1,3,5,-1,7,-1,-1,-1,-1],"loss_changes":[2.5271992E3,1.5480615E2,1.5091089E2,0E0,1.00295105E1,0E0,0E0,0E0,0E0],"parents":[2147483647,0,0,1,1,2,2,4,4],"right_children":[2,4,6,-1,8,-1,-1,-1,-1],"split_conditions":[7.0213723E-1,2.0063889E-1,8.020754E-1,-1.9321747E0,5.0232303E-1,2.6951143E-1,1.9770689E0,-6.890394E-1,-1.3219452E-1],"split_indices":[0,0,0,0,0,0,0,0,0],"split_type":[0,0,0,0,0,0,0,0,0],"sum_hessian":[9E0,5E0,4E0,2E0,3E0,1E0,3E0,2E0,1E0],"tree_param":{"num_deleted":"0","num_feature":"2","num_nodes":"9","size_leaf_vector":"1"}},{"base_weights":[2.3665924E-1,-1.2650948E1,1.5654455E1,-2.1150224E0,-6.721048E0,5.3037924E-1,2.0786967E0,-7.773386E-1,-1.255848E-1],"categories":[],"categories_nodes":[],"categories_segments":[],"categories_sizes":[],"default_left":[0,0,0,0,0,0,0,0,0],"id":15,"left_children":[1,3,5,-1,7,-1,-1,-1,-1],"loss_changes":[2.1850286E3,1.6024744E2,1.5537488E2,0E0,1.8994003E1,0E0,0E0,0E0,0E0],"parents":[2147483647,0,0,1,1,2,2,4,4],"right_children":[2,4,6,-1,8,-1,-1,-1,-1],"split_conditions":[7.0213723E-1,1.0020941E-1,9.051125E-1,-2.1150224E0,5.0232303E-1,5.3037924E-1,2.0786967E0,-7.773386E-1,-1.255848E-1],"split_indices":[0,0,0,0,0,0,0,0,0],"split_type":[0,0,0,0,0,0,0,0,0],"sum_hessian":[9E0,5E0,4E0,1E0,4E0,2E0,2E0,3E0,1E0],"tree_param":{"num_deleted":"0","num_feature":"2","num_nodes":"9","size_leaf_vector":"1"}},{"base_weights":[1.7210808E-1,-1.1888843E1,1.4610827E1,-2.0092714E0,-6.2295265E0,4.9502054E-1,1.9401175E0,-7.190381E-1,-1.19305424E-1],"categories":[],"categories_nodes":[],"categories_segments":[],"categories_sizes":[],"default_left":[0,0,0,0,0,0,0,0,0],"id":16,"left_children":[1,3,5,-1,7,-1,-1,-1,-1],"loss_changes":[1.9151527E3,1.5340167E2,1.3534875E2,0E0,1.56180725E1,0E0,0E0,0E0,0E0],"parents":[2147483647,0,0,1,1,2,2,4,4],"right_children":[2,4,6,-1,8,-1,-1,-1,-1],"split_conditions":[7.0213723E-1,1.0020941E-1,9.051125E-1,-2.0092714E0,5.0232303E-1,4.9502054E-1,1.9401175E0,-7.190381E-1,-1.19305424E-1],"split_indices":[0,0,0,0,0,0,0,0,0],"split_type":[0,0,0,0,0,0,0,0,0],"sum_hessian":[9E0,5E0,4E0,1E0,4E0,2E0,2E0,3E0,1E0],"tree_param":{"num_deleted":"0","num_feature":"2","num_nodes":"9","size_leaf_vector":"1"}},{"base_weights":[1.1364937E-1,-1.117456E1,1.363677E1,-1.9088078E0,-5.774241E0,4.6201935E-1,1.8107758E0,-6.651101E-1,-1.1334E-1],"categories":[],"categories_nodes":[],"categories_segments":[],"categories_sizes":[],"default_left":[0,0,0,0,0,0,0,0,0],"id":17,"left_children":[1,3,5,-1,7,-1,-1,-1,-1],"loss_changes":[1.6789031E3,1.4619391E2,1.1790369E2,0E0,1.2808472E1,0E0,0E0,0E0,0E0],"parents":[2147483647,0,0,1,1,2,2,4,4],"right_children":[2,4,6,-1,8,-1,-1,-1,-1],"split_conditions":[7.0213723E-1,1.0020941E-1,9.051125E-1,-1.9088078E0,5.0232303E-1,4.6201935E-1,1.8107758E0,-6.651101E-1,-1.1334E-1],"split_indices":[0,0,0,0,0,0,0,0,0],"split_type":[0,0,0,0,0,0,0,0,0],"sum_hessian":[9E0,5E0,4E0,1E0,4E0,2E0,2E0,3E0,1E0],"tree_param":{"num_deleted":"0","num_feature":"2","num_nodes":"9","size_leaf_vector":"1"}},{"base_weights":[6.083832E-2,-1.0504979E1,1.2727652E1,-1.8133675E0,-5.3525057E0,4.3121797E-1,1.6900574E0,-6.1522675E-1,-1.07672885E-1],"categories":[],"categories_nodes":[],"categories_segments":[],"categories_sizes":[],"default_left":[0,0,0,0,0,0,0,0,0],"id":18,"left_children":[1,3,5,-1,7,-1,-1,-1,-1],"loss_changes":[1.4720563E3,1.3877936E2,1.02707214E2,0E0,1.0473709E1,0E0,0E0,0E0,0E0],"parents":[2147483647,0,0,1,1,2,2,4,4],"right_children":[2,4,6,-1,8,-1,-1,-1,-1],"split_conditions":[7.0213723E-1,1.0020941E-1,9.051125E-1,-1.8133675E0,5.0232303E-1,4.3121797E-1,1.6900574E0,-6.1522675E-1,-1.07672885E-1],"split_indices":[0,0,0,0,0,0,0,0,0],"split_type":[0,0,0,0,0,0,0,0,0],"sum_hessian":[9E0,5E0,4E0,1E0,4E0,2E0,2E0,3E0,1E0],"tree_param":{"num_deleted":"0","num_feature":"2","num_nodes":"9","size_leaf_vector":"1"}},{"base_weights":[1.3253403E-2,-9.8771925E0,1.1879138E1,-1.7226992E0,-4.961835E0,4.0246987E-1,1.5773865E0,-5.6908476E-1,-1.022892E-1],"categories":[],"categories_nodes":[],"categories_segments":[],"categories_sizes":[],"default_left":[0,0,0,0,0,0,0,0,0],"id":19,"left_children":[1,3,5,-1,7,-1,-1,-1,-1],"loss_changes":[1.2909216E3,1.3128387E2,8.946936E1,0E0,8.536568E0,0E0,0E0,0E0,0E0],"parents":[2147483647,0,0,1,1,2,2,4,4],"right_children":[2,4,6,-1,8,-1,-1,-1,-1],"split_conditions":[7.0213723E-1,1.0020941E-1,9.051125E-1,-1.7226992E0,5.0232303E-1,4.0246987E-1,1.5773865E0,-5.6908476E-1,-1.022892E-1],"split_indices":[0,0,0,0,0,0,0,0,0],"split_type":[0,0,0,0,0,0,0,0,0],"sum_hessian":[9E0,5E0,4E0,1E0,4E0,2E0,2E0,3E0,1E0],"tree_param":{"num_deleted":"0","num_feature":"2","num_nodes":"9","size_leaf_vector":"1"}},{"base_weights":[-2.9496003E-2,-9.2884865E0,1.1087192E1,-1.6365643E0,-4.599927E0,5.2131386E0,1.7291702E0,-5.264034E-1,-9.717484E-2,1.3998032E-1,6.017649E-1],"categories":[],"categories_nodes":[],"categories_segments":[],"categories_sizes":[],"default_left":[0,0,0,0,0,0,0,0,0,0,0],"id":20,"left_children":[1,3,5,-1,7,9,-1,-1,-1,-1,-1],"loss_changes":[1.1322762E3,1.23809265E2,9.208411E1,0E0,6.9321823E0,3.8479614E0,0E0,0E0,0E0,0E0,0E0],"parents":[2147483647,0,0,1,1,2,2,4,4,5,5],"right_children":[2,4,6,-1,8,10,-1,-1,-1,-1,-1],"split_conditions":[7.0213723E-1,1.0020941E-1,1E0,-1.6365643E0,5.0232303E-1,8.020754E-1,1.7291702E0,-5.264034E-1,-9.717484E-2,1.3998032E-1,6.017649E-1],"split_indices":[0,0,0,0,0,0,0,0,0,0,0],"split_type":[0,0,0,0,0,0,0,0,0,0,0],"sum_hessian":[9E0,5E0,4E0,1E0,4E0,3E0,1E0,3E0,1E0,1E0,2E0],"tree_param":{"num_deleted":"0","num_feature":"2","num_nodes":"11","size_leaf_vector":"1"}},{"base_weights":[-5.468941E-3,-8.736327E0,1.0472654E1,-1.554736E0,-4.2646484E0,4.87726E0,1.6427116E0,-4.8692304E-1,-9.2316054E-2,1.329811E-1,5.616473E-1],"categories":[],"categories_nodes":[],"categories_segments":[],"categories_sizes":[],"default_left":[0,0,0,0,0,0,0,0,0,0,0],"id":21,"left_children":[1,3,5,-1,7,9,-1,-1,-1,-1,-1],"loss_changes":[1.0063226E3,1.1643649E2,8.6468506E1,0E0,5.605934E0,3.0204391E0,0E0,0E0,0E0,0E0,0E0],"parents":[2147483647,0,0,1,1,2,2,4,4,5,5],"right_children":[2,4,6,-1,8,10,-1,-1,-1,-1,-1],"split_conditions":[7.0213723E-1,1.0020941E-1,1E0,-1.554736E0,5.0232303E-1,8.020754E-1,1.6427116E0,-4.8692304E-1,-9.2316054E-2,1.329811E-1,5.616473E-1],"split_indices":[0,0,0,0,0,0,0,0,0,0,0],"split_type":[0,0,0,0,0,0,0,0,0,0,0],"sum_hessian":[9E0,5E0,4E0,1E0,4E0,3E0,1E0,3E0,1E0,1E0,2E0],"tree_param":{"num_deleted":"0","num_feature":"2","num_nodes":"11","size_leaf_vector":"1"}},{"base_weights":[1.5414429E-2,-8.218357E0,9.892858E0,-1.4769993E0,-3.9540315E0,4.5631924E0,1.5605758E0,-4.5040378E-1,-8.770027E-2,1.2633209E-1,5.2420425E-1],"categories":[],"categories_nodes":[],"categories_segments":[],"categories_sizes":[],"default_left":[0,0,0,0,0,0,0,0,0,0,0],"id":22,"left_children":[1,3,5,-1,7,9,-1,-1,-1,-1,-1],"loss_changes":[8.945891E2,1.0922885E2,8.102719E1,0E0,4.511879E0,2.3380966E0,0E0,0E0,0E0,0E0,0E0],"parents":[2147483647,0,0,1,1,2,2,4,4,5,5],"right_children":[2,4,6,-1,8,10,-1,-1,-1,-1,-1],"split_conditions":[7.0213723E-1,1.0020941E-1,1E0,-1.4769993E0,5.0232303E-1,8.020754E-1,1.5605758E0,-4.5040378E-1,-8.770027E-2,1.2633209E-1,5.2420425E-1],"split_indices":[0,0,0,0,0,0,0,0,0,0,0],"split_type":[0,0,0,0,0,0,0,0,0,0,0],"sum_hessian":[9E0,5E0,4E0,1E0,4E0,3E0,1E0,3E0,1E0,1E0,2E0],"tree_param":{"num_deleted":"0","num_feature":"2","num_nodes":"11","size_leaf_vector":"1"}},{"base_weights":[3.347378E-2,-7.7323713E0,9.345793E0,-1.4031494E0,-3.6662483E0,4.2695065E0,1.482547E0,-4.166234E-1,-8.3315276E-2,1.2001534E-1,4.892573E-1],"categories":[],"categories_nodes":[],"categories_segments":[],"categories_sizes":[],"default_left":[0,0,0,0,0,0,0,0,0,0,0],"id":23,"left_children":[1,3,5,-1,7,9,-1,-1,-1,-1,-1],"loss_changes":[7.9544543E2,1.0223508E2,7.578461E1,0E0,3.6114273E0,1.7778091E0,0E0,0E0,0E0,0E0,0E0],"parents":[2147483647,0,0,1,1,2,2,4,4,5,5],"right_children":[2,4,6,-1,8,10,-1,-1,-1,-1,-1],"split_conditions":[7.0213723E-1,1.0020941E-1,1E0,-1.4031494E0,5.0232303E-1,8.020754E-1,1.482547E0,-4.166234E-1,-8.3315276E-2,1.2001534E-1,4.892573E-1],"split_indices":[0,0,0,0,0,0,0,0,0,0,0],"split_type":[0,0,0,0,0,0,0,0,0,0,0],"sum_hessian":[9E0,5E0,4E0,1E0,4E0,3E0,1E0,3E0,1E0,1E0,2E0],"tree_param":{"num_deleted":"0","num_feature":"2","num_nodes":"11","size_leaf_vector":"1"}},{"base_weights":[4.8998833E-2,-7.2763166E0,8.829577E0,-1.332992E0,-3.3996124E0,3.994873E0,1.4084198E0,-3.8537675E-1,-7.9149626E-2,1.1401444E-1,4.566401E-1],"categories":[],"categories_nodes":[],"categories_segments":[],"categories_sizes":[],"default_left":[0,0,0,0,0,0,0,0,0,0,0],"id":24,"left_children":[1,3,5,-1,7,9,-1,-1,-1,-1,-1],"loss_changes":[7.074519E2,9.549161E1,7.075812E1,0E0,2.8722038E0,1.3198776E0,0E0,0E0,0E0,0E0,0E0],"parents":[2147483647,0,0,1,1,2,2,4,4,5,5],"right_children":[2,4,6,-1,8,10,-1,-1,-1,-1,-1],"split_conditions":[7.0213723E-1,1.0020941E-1,1E0,-1.332992E0,5.0232303E-1,8.020754E-1,1.4084198E0,-3.8537675E-1,-7.9149626E-2,1.1401444E-1,4.566401E-1],"split_indices":[0,0,0,0,0,0,0,0,0,0,0],"split_type":[0,0,0,0,0,0,0,0,0,0,0],"sum_hessian":[9E0,5E0,4E0,1E0,4E0,3E0,1E0,3E0,1E0,1E0,2E0],"tree_param":{"num_deleted":"0","num_feature":"2","num_nodes":"11","size_leaf_vector":"1"}},{"base_weights":[6.2254906E-2,-6.848272E0,8.342436E0,-1.2663423E0,-3.1525574E0,3.7380505E0,1.337999E0,-3.5647354E-1,-7.5192265E-2,1.08313754E-1,4.261976E-1],"categories":[],"categories_nodes":[],"categories_segments":[],"categories_sizes":[],"default_left":[0,0,0,0,0,0,0,0,0,0,0],"id":25,"left_children":[1,3,5,-1,7,9,-1,-1,-1,-1,-1],"loss_changes":[6.293354E2,8.902466E1,6.595914E1,0E0,2.2670364E0,9.475937E-1,0E0,0E0,0E0,0E0,0E0],"parents":[2147483647,0,0,1,1,2,2,4,4,5,5],"right_children":[2,4,6,-1,8,10,-1,-1,-1,-1,-1],"split_conditions":[7.0213723E-1,1.0020941E-1,1E0,-1.2663423E0,5.0232303E-1,8.020754E-1,1.337999E0,-3.5647354E-1,-7.5192265E-2,1.08313754E-1,4.261976E-1],"split_indices":[0,0,0,0,0,0,0,0,0,0,0],"split_type":[0,0,0,0,0,0,0,0,0,0,0],"sum_hessian":[9E0,5E0,4E0,1E0,4E0,3E0,1E0,3E0,1E0,1E0,2E0],"tree_param":{"num_deleted":"0","num_feature":"2","num_nodes":"11","size_leaf_vector":"1"}},{"base_weights":[7.347965E-2,-6.4464464E0,7.882695E0,-1.2030252E0,-2.923635E0,3.4978733E0,1.2710991E0,-3.2973814E-1,-7.143249E-2,1.02898024E-1,3.9778444E-1],"categories":[],"categories_nodes":[],"categories_segments":[],"categories_sizes":[],"default_left":[0,0,0,0,0,0,0,0,0,0,0],"id":26,"left_children":[1,3,5,-1,7,9,-1,-1,-1,-1,-1],"loss_changes":[5.599704E2,8.285208E1,6.1394653E1,0E0,1.7732048E0,6.4686584E-1,0E0,0E0,0E0,0E0,0E0],"parents":[2147483647,0,0,1,1,2,2,4,4,5,5],"right_children":[2,4,6,-1,8,10,-1,-1,-1,-1,-1],"split_conditions":[7.0213723E-1,1.0020941E-1,1E0,-1.2030252E0,5.0232303E-1,8.020754E-1,1.2710991E0,-3.2973814E-1,-7.143249E-2,1.02898024E-1,3.9778444E-1],"split_indices":[0,0,0,0,0,0,0,0,0,0,0],"split_type":[0,0,0,0,0,0,0,0,0,0,0],"sum_hessian":[9E0,5E0,4E0,1E0,4E0,3E0,1E0,3E0,1E0,1E0,2E0],"tree_param":{"num_deleted":"0","num_feature":"2","num_nodes":"11","size_leaf_vector":"1"}},{"base_weights":[8.289089E-2,-6.069167E0,7.4487824E0,-1.1428739E0,-2.7115052E0,3.2732582E0,1.207544E0,-3.0500776E-1,-6.78608E-2,9.7753145E-2,3.7126568E-1],"categories":[],"categories_nodes":[],"categories_segments":[],"categories_sizes":[],"default_left":[0,0,0,0,0,0,0,0,0,0,0],"id":27,"left_children":[1,3,5,-1,7,9,-1,-1,-1,-1,-1],"loss_changes":[4.9836185E2,7.6984665E1,5.7067535E1,0E0,1.3716087E0,4.0571976E-1,0E0,0E0,0E0,0E0,0E0],"parents":[2147483647,0,0,1,1,2,2,4,4,5,5],"right_children":[2,4,6,-1,8,10,-1,-1,-1,-1,-1],"split_conditions":[7.0213723E-1,1.0020941E-1,1E0,-1.1428739E0,5.0232303E-1,8.020754E-1,1.207544E0,-3.0500776E-1,-6.78608E-2,9.7753145E-2,3.7126568E-1],"split_indices":[0,0,0,0,0,0,0,0,0,0,0],"split_type":[0,0,0,0,0,0,0,0,0,0,0],"sum_hessian":[9E0,5E0,4E0,1E0,4E0,3E0,1E0,3E0,1E0,1E0,2E0],"tree_param":{"num_deleted":"0","num_feature":"2","num_nodes":"11","size_leaf_vector":"1"}},{"base_weights":[9.068413E-2,-5.714874E0,7.0392165E0,-1.0857302E0,-2.5149276E0,3.0631886E0,1.1471665E0,-2.8213215E-1,-6.4467624E-2,9.286537E-2,3.465149E-1],"categories":[],"categories_nodes":[],"categories_segments":[],"categories_sizes":[],"default_left":[0,0,0,0,0,0,0,0,0,0,0],"id":28,"left_children":[1,3,5,-1,7,9,-1,-1,-1,-1,-1],"loss_changes":[4.436293E2,7.142761E1,5.297783E1,0E0,1.0463276E0,2.1406937E-1,0E0,0E0,0E0,0E0,0E0],"parents":[2147483647,0,0,1,1,2,2,4,4,5,5],"right_children":[2,4,6,-1,8,10,-1,-1,-1,-1,-1],"split_conditions":[7.0213723E-1,1.0020941E-1,1E0,-1.0857302E0,5.0232303E-1,8.020754E-1,1.1471665E0,-2.8213215E-1,-6.4467624E-2,9.286537E-2,3.465149E-1],"split_indices":[0,0,0,0,0,0,0,0,0,0,0],"split_type":[0,0,0,0,0,0,0,0,0,0,0],"sum_hessian":[9E0,5E0,4E0,1E0,4E0,3E0,1E0,3E0,1E0,1E0,2E0],"tree_param":{"num_deleted":"0","num_feature":"2","num_nodes":"11","size_leaf_vector":"1"}},{"base_weights":[9.7037315E-2,-5.382108E0,6.6526046E0,-1.0314437E0,-2.3327553E0,2.8667164E0,1.0898079E0,-2.6097232E-1,-6.12442E-2,8.822212E-2,3.2341412E-1],"categories":[],"categories_nodes":[],"categories_segments":[],"categories_sizes":[],"default_left":[0,0,0,0,0,0,0,0,0,0,0],"id":29,"left_children":[1,3,5,-1,7,9,-1,-1,-1,-1,-1],"loss_changes":[3.949941E2,6.618141E1,4.9122772E1,0E0,7.840519E-1,6.338501E-2,0E0,0E0,0E0,0E0,0E0],"parents":[2147483647,0,0,1,1,2,2,4,4,5,5],"right_children":[2,4,6,-1,8,10,-1,-1,-1,-1,-1],"split_conditions":[7.0213723E-1,1.0020941E-1,1E0,-1.0314437E0,5.0232303E-1,8.020754E-1,1.0898079E0,-2.6097232E-1,-6.12442E-2,8.822212E-2,3.2341412E-1],"split_indices":[0,0,0,0,0,0,0,0,0,0,0],"split_type":[0,0,0,0,0,0,0,0,0,0,0],"sum_hessian":[9E0,5E0,4E0,1E0,4E0,3E0,1E0,3E0,1E0,1E0,2E0],"tree_param":{"num_deleted":"0","num_feature":"2","num_nodes":"11","size_leaf_vector":"1"}},{"base_weights":[1.0211201E-1,-5.0695086E0,6.2876344E0,-9.7987145E-1,-2.1639245E0,2.6829568E-1,1.0353173E0,-2.7047908E-1,-9.0174995E-2],"categories":[],"categories_nodes":[],"categories_segments":[],"categories_sizes":[],"default_left":[0,0,0,0,0,0,0,0,0],"id":30,"left_children":[1,3,5,-1,7,-1,-1,-1,-1],"loss_changes":[3.5176694E2,6.124295E1,4.5497665E1,0E0,9.7429276E-1,0E0,0E0,0E0,0E0],"parents":[2147483647,0,0,1,1,2,2,4,4],"right_children":[2,4,6,-1,8,-1,-1,-1,-1],"split_conditions":[7.0213723E-1,1.0020941E-1,1E0,-9.7987145E-1,2.999742E-1,2.6829568E-1,1.0353173E0,-2.7047908E-1,-9.0174995E-2],"split_indices":[0,0,0,0,0,0,0,0,0],"split_type":[0,0,0,0,0,0,0,0,0],"sum_hessian":[9E0,5E0,4E0,1E0,4E0,3E0,1E0,2E0,2E0],"tree_param":{"num_deleted":"0","num_feature":"2","num_nodes":"9","size_leaf_vector":"1"}},{"base_weights":[8.820839E-2,-4.7859797E0,5.9195924E0,-9.3087786E-1,-2.019664E0,2.4817352E0,9.83551E-1,-2.5244725E-1,-8.416341E-2,7.039642E-2,2.839671E-1],"categories":[],"categories_nodes":[],"categories_segments":[],"categories_sizes":[],"default_left":[0,0,0,0,0,0,0,0,0,0,0],"id":31,"left_children":[1,3,5,-1,7,9,-1,-1,-1,-1,-1],"loss_changes":[3.1256366E2,5.6268326E1,4.290271E1,0E0,8.487148E-1,5.462818E-1,0E0,0E0,0E0,0E0,0E0],"parents":[2147483647,0,0,1,1,2,2,4,4,5,5],"right_children":[2,4,6,-1,8,10,-1,-1,-1,-1,-1],"split_conditions":[7.0213723E-1,1.0020941E-1,1E0,-9.3087786E-1,2.999742E-1,8.020754E-1,9.83551E-1,-2.5244725E-1,-8.416341E-2,7.039642E-2,2.839671E-1],"split_indices":[0,0,0,0,0,0,0,0,0,0,0],"split_type":[0,0,0,0,0,0,0,0,0,0,0],"sum_hessian":[9E0,5E0,4E0,1E0,4E0,3E0,1E0,2E0,2E0,1E0,2E0],"tree_param":{"num_deleted":"0","num_feature":"2","num_nodes":"11","size_leaf_vector":"1"}},{"base_weights":[8.6430356E-2,-4.5186296E0,5.5952163E0,-8.84334E-1,-1.8850197E0,2.322153E0,9.343735E-1,-2.3561732E-1,-7.8552626E-2,6.6876605E-2,2.6503602E-1],"categories":[],"categories_nodes":[],"categories_segments":[],"categories_sizes":[],"default_left":[0,0,0,0,0,0,0,0,0,0,0],"id":32,"left_children":[1,3,5,-1,7,9,-1,-1,-1,-1,-1],"loss_changes":[2.789656E2,5.1667725E1,3.9648117E1,0E0,7.3931503E-1,3.9813995E-1,0E0,0E0,0E0,0E0,0E0],"parents":[2147483647,0,0,1,1,2,2,4,4,5,5],"right_children":[2,4,6,-1,8,10,-1,-1,-1,-1,-1],"split_conditions":[7.0213723E-1,1.0020941E-1,1E0,-8.84334E-1,2.999742E-1,8.020754E-1,9.343735E-1,-2.3561732E-1,-7.8552626E-2,6.6876605E-2,2.6503602E-1],"split_indices":[0,0,0,0,0,0,0,0,0,0,0],"split_type":[0,0,0,0,0,0,0,0,0,0,0],"sum_hessian":[9E0,5E0,4E0,1E0,4E0,3E0,1E0,2E0,2E0,1E0,2E0],"tree_param":{"num_deleted":"0","num_feature":"2","num_nodes":"11","size_leaf_vector":"1"}},{"base_weights":[8.456688E-2,-4.266517E0,5.2889543E0,-8.401173E-1,-1.7593514E0,2.1729183E0,8.876549E-1,-2.1990941E-1,-7.3315814E-2,6.353264E-2,2.4736737E-1],"categories":[],"categories_nodes":[],"categories_segments":[],"categories_sizes":[],"default_left":[0,0,0,0,0,0,0,0,0,0,0],"id":33,"left_children":[1,3,5,-1,7,9,-1,-1,-1,-1,-1],"loss_changes":[2.4901268E2,4.7416985E1,3.6607346E1,0E0,6.44022E-1,2.7816582E-1,0E0,0E0,0E0,0E0,0E0],"parents":[2147483647,0,0,1,1,2,2,4,4,5,5],"right_children":[2,4,6,-1,8,10,-1,-1,-1,-1,-1],"split_conditions":[7.0213723E-1,1.0020941E-1,1E0,-8.401173E-1,2.999742E-1,8.020754E-1,8.876549E-1,-2.1990941E-1,-7.3315814E-2,6.353264E-2,2.4736737E-1],"split_indices":[0,0,0,0,0,0,0,0,0,0,0],"split_type":[0,0,0,0,0,0,0,0,0,0,0],"sum_hessian":[9E0,5E0,4E0,1E0,4E0,3E0,1E0,2E0,2E0,1E0,2E0],"tree_param":{"num_deleted":"0","num_feature":"2","num_nodes":"11","size_leaf_vector":"1"}},{"base_weights":[8.2633875E-2,-4.028755E0,4.999774E0,-7.981114E-1,-1.6420609E0,2.0333557E0,8.432724E-1,-2.0524876E-1,-6.842804E-2,6.035614E-2,2.3087667E-1],"categories":[],"categories_nodes":[],"categories_segments":[],"categories_sizes":[],"default_left":[0,0,0,0,0,0,0,0,0,0,0],"id":34,"left_children":[1,3,5,-1,7,9,-1,-1,-1,-1,-1],"loss_changes":[2.2230565E2,4.3492958E1,3.3771103E1,0E0,5.61018E-1,1.8164253E-1,0E0,0E0,0E0,0E0,0E0],"parents":[2147483647,0,0,1,1,2,2,4,4,5,5],"right_children":[2,4,6,-1,8,10,-1,-1,-1,-1,-1],"split_conditions":[7.0213723E-1,1.0020941E-1,1E0,-7.981114E-1,2.999742E-1,8.020754E-1,8.432724E-1,-2.0524876E-1,-6.842804E-2,6.035614E-2,2.3087667E-1],"split_indices":[0,0,0,0,0,0,0,0,0,0,0],"split_type":[0,0,0,0,0,0,0,0,0,0,0],"sum_hessian":[9E0,5E0,4E0,1E0,4E0,3E0,1E0,2E0,2E0,1E0,2E0],"tree_param":{"num_deleted":"0","num_feature":"2","num_nodes":"11","size_leaf_vector":"1"}},{"base_weights":[8.0641076E-2,-3.8045108E0,4.726695E0,-7.5820583E-1,-1.5325897E0,1.9028263E0,8.0110854E-1,-1.9156545E-1,-6.386617E-2,5.7338335E-2,2.1548462E-1],"categories":[],"categories_nodes":[],"categories_segments":[],"categories_sizes":[],"default_left":[0,0,0,0,0,0,0,0,0,0,0],"id":35,"left_children":[1,3,5,-1,7,9,-1,-1,-1,-1,-1],"loss_changes":[1.9848901E2,3.9873558E1,3.112973E1,0E0,4.8870564E-1,1.04631424E-1,0E0,0E0,0E0,0E0,0E0],"parents":[2147483647,0,0,1,1,2,2,4,4,5,5],"right_children":[2,4,6,-1,8,10,-1,-1,-1,-1,-1],"split_conditions":[7.0213723E-1,1.0020941E-1,1E0,-7.5820583E-1,2.999742E-1,8.020754E-1,8.0110854E-1,-1.9156545E-1,-6.386617E-2,5.7338335E-2,2.1548462E-1],"split_indices":[0,0,0,0,0,0,0,0,0,0,0],"split_type":[0,0,0,0,0,0,0,0,0,0,0],"sum_hessian":[9E0,5E0,4E0,1E0,4E0,3E0,1E0,2E0,2E0,1E0,2E0],"tree_param":{"num_deleted":"0","num_feature":"2","num_nodes":"11","size_leaf_vector":"1"}},{"base_weights":[7.860746E-2,-3.5929992E0,4.468814E0,-7.202956E-1,-1.4304168E0,1.7807503E0,7.610535E-1,-1.7879435E-1,-5.960846E-2,5.447159E-2,2.0111898E-1],"categories":[],"categories_nodes":[],"categories_segments":[],"categories_sizes":[],"default_left":[0,0,0,0,0,0,0,0,0,0,0],"id":36,"left_children":[1,3,5,-1,7,9,-1,-1,-1,-1,-1],"loss_changes":[1.7724756E2,3.6537743E1,2.8673271E1,0E0,4.257145E-1,4.379654E-2,0E0,0E0,0E0,0E0,0E0],"parents":[2147483647,0,0,1,1,2,2,4,4,5,5],"right_children":[2,4,6,-1,8,10,-1,-1,-1,-1,-1],"split_conditions":[7.0213723E-1,1.0020941E-1,1E0,-7.202956E-1,2.999742E-1,8.020754E-1,7.610535E-1,-1.7879435E-1,-5.960846E-2,5.447159E-2,2.0111898E-1],"split_indices":[0,0,0,0,0,0,0,0,0,0,0],"split_type":[0,0,0,0,0,0,0,0,0,0,0],"sum_hessian":[9E0,5E0,4E0,1E0,4E0,3E0,1E0,2E0,2E0,1E0,2E0],"tree_param":{"num_deleted":"0","num_feature":"2","num_nodes":"11","size_leaf_vector":"1"}},{"base_weights":[7.654037E-2,-3.3934822E0,4.2252593E0,-6.842808E-1,-1.3350556E0,1.6665688E-1,7.230011E-1,-1.5074348E-1,-3.2276917E-2],"categories":[],"categories_nodes":[],"categories_segments":[],"categories_sizes":[],"default_left":[0,0,0,0,0,0,0,0,0],"id":37,"left_children":[1,3,5,-1,7,-1,-1,-1,-1],"loss_changes":[1.5829984E2,3.346557E1,2.6391846E1,0E0,3.8593197E-1,0E0,0E0,0E0,0E0],"parents":[2147483647,0,0,1,1,2,2,4,4],"right_children":[2,4,6,-1,8,-1,-1,-1,-1],"split_conditions":[7.0213723E-1,1.0020941E-1,1E0,-6.842808E-1,5.0232303E-1,1.6665688E-1,7.230011E-1,-1.5074348E-1,-3.2276917E-2],"split_indices":[0,0,0,0,0,0,0,0,0],"split_type":[0,0,0,0,0,0,0,0,0],"sum_hessian":[9E0,5E0,4E0,1E0,4E0,3E0,1E0,3E0,1E0],"tree_param":{"num_deleted":"0","num_feature":"2","num_nodes":"9","size_leaf_vector":"1"}},{"base_weights":[7.1121216E-2,-3.1986847E0,3.980664E0,-6.500668E-1,-1.2381546E0,1.5415764E0,6.868507E-1,-1.5682526E-1,-4.9533844E-2,4.341507E-2,1.7660014E-1],"categories":[],"categories_nodes":[],"categories_segments":[],"categories_sizes":[],"default_left":[0,0,0,0,0,0,0,0,0,0,0],"id":38,"left_children":[1,3,5,-1,7,9,-1,-1,-1,-1,-1],"loss_changes":[1.4056735E2,3.0792995E1,2.4630188E1,0E0,4.4919395E-1,2.2742558E-1,0E0,0E0,0E0,0E0,0E0],"parents":[2147483647,0,0,1,1,2,2,4,4,5,5],"right_children":[2,4,6,-1,8,10,-1,-1,-1,-1,-1],"split_conditions":[7.0213723E-1,1.0020941E-1,1E0,-6.500668E-1,2.999742E-1,8.020754E-1,6.868507E-1,-1.5682526E-1,-4.9533844E-2,4.341507E-2,1.7660014E-1],"split_indices":[0,0,0,0,0,0,0,0,0,0,0],"split_type":[0,0,0,0,0,0,0,0,0,0,0],"sum_hessian":[9E0,5E0,4E0,1E0,4E0,3E0,1E0,2E0,2E0,1E0,2E0],"tree_param":{"num_deleted":"0","num_feature":"2","num_nodes":"11","size_leaf_vector":"1"}},{"base_weights":[6.905365E-2,-3.021553E0,3.7639709E0,-6.175634E-1,-1.1556098E0,1.442421E0,6.5250856E-1,-1.4637019E-1,-4.623146E-2,4.1244507E-2,1.6482645E-1],"categories":[],"categories_nodes":[],"categories_segments":[],"categories_sizes":[],"default_left":[0,0,0,0,0,0,0,0,0,0,0],"id":39,"left_children":[1,3,5,-1,7,9,-1,-1,-1,-1,-1],"loss_changes":[1.25568405E2,2.8175388E1,2.2638405E1,0E0,3.913026E-1,1.6823769E-1,0E0,0E0,0E0,0E0,0E0],"parents":[2147483647,0,0,1,1,2,2,4,4,5,5],"right_children":[2,4,6,-1,8,10,-1,-1,-1,-1,-1],"split_conditions":[7.0213723E-1,1.0020941E-1,1E0,-6.175634E-1,2.999742E-1,8.020754E-1,6.5250856E-1,-1.4637019E-1,-4.623146E-2,4.1244507E-2,1.6482645E-1],"split_indices":[0,0,0,0,0,0,0,0,0,0,0],"split_type":[0,0,0,0,0,0,0,0,0,0,0],"sum_hessian":[9E0,5E0,4E0,1E0,4E0,3E0,1E0,2E0,2E0,1E0,2E0],"tree_param":{"num_deleted":"0","num_feature":"2","num_nodes":"11","size_leaf_vector":"1"}},{"base_weights":[6.6989705E-2,-2.8544252E0,3.5592895E0,-5.866853E-1,-1.078569E0,1.3496971E0,6.19883E-1,-1.3661219E-1,-4.3149315E-2,3.9182283E-2,1.538381E-1],"categories":[],"categories_nodes":[],"categories_segments":[],"categories_sizes":[],"default_left":[0,0,0,0,0,0,0,0,0,0,0],"id":40,"left_children":[1,3,5,-1,7,9,-1,-1,-1,-1,-1],"loss_changes":[1.12184296E2,2.5770023E1,2.079499E1,0E0,3.4087038E-1,1.20168686E-1,0E0,0E0,0E0,0E0,0E0],"parents":[2147483647,0,0,1,1,2,2,4,4,5,5],"right_children":[2,4,6,-1,8,10,-1,-1,-1,-1,-1],"split_conditions":[7.0213723E-1,1.0020941E-1,1E0,-5.866853E-1,2.999742E-1,8.020754E-1,6.19883E-1,-1.3661219E-1,-4.3149315E-2,3.9182283E-2,1.538381E-1],"split_indices":[0,0,0,0,0,0,0,0,0,0,0],"split_type":[0,0,0,0,0,0,0,0,0,0,0],"sum_hessian":[9E0,5E0,4E0,1E0,4E0,3E0,1E0,2E0,2E0,1E0,2E0],"tree_param":{"num_deleted":"0","num_feature":"2","num_nodes":"11","size_leaf_vector":"1"}},{"base_weights":[6.493549E-2,-2.6967237E0,3.3659394E0,-5.5735105E-1,-1.0066643E0,1.2629814E0,5.888886E-1,-1.2750474E-1,-4.027265E-2,3.7223052E-2,1.4358215E-1],"categories":[],"categories_nodes":[],"categories_segments":[],"categories_sizes":[],"default_left":[0,0,0,0,0,0,0,0,0,0,0],"id":41,"left_children":[1,3,5,-1,7,9,-1,-1,-1,-1,-1],"loss_changes":[1.0023948E2,2.356099E1,1.9090698E1,0E0,2.9693794E-1,8.137274E-2,0E0,0E0,0E0,0E0,0E0],"parents":[2147483647,0,0,1,1,2,2,4,4,5,5],"right_children":[2,4,6,-1,8,10,-1,-1,-1,-1,-1],"split_conditions":[7.0213723E-1,1.0020941E-1,1E0,-5.5735105E-1,2.999742E-1,8.020754E-1,5.888886E-1,-1.2750474E-1,-4.027265E-2,3.7223052E-2,1.4358215E-1],"split_indices":[0,0,0,0,0,0,0,0,0,0,0],"split_type":[0,0,0,0,0,0,0,0,0,0,0],"sum_hessian":[9E0,5E0,4E0,1E0,4E0,3E0,1E0,2E0,2E0,1E0,2E0],"tree_param":{"num_deleted":"0","num_feature":"2","num_nodes":"11","size_leaf_vector":"1"}},{"base_weights":[6.289892E-2,-2.5479052E0,3.183284E0,-5.294835E-1,-9.395523E-1,1.1818829E0,5.594444E-1,-1.1900431E-1,-3.758774E-2,3.5361864E-2,1.3400981E-1],"categories":[],"categories_nodes":[],"categories_segments":[],"categories_sizes":[],"default_left":[0,0,0,0,0,0,0,0,0,0,0],"id":42,"left_children":[1,3,5,-1,7,9,-1,-1,-1,-1,-1],"loss_changes":[8.957784E1,2.1533417E1,1.7516521E1,0E0,2.58667E-1,5.0292492E-2,0E0,0E0,0E0,0E0,0E0],"parents":[2147483647,0,0,1,1,2,2,4,4,5,5],"right_children":[2,4,6,-1,8,10,-1,-1,-1,-1,-1],"split_conditions":[7.0213723E-1,1.0020941E-1,1E0,-5.294835E-1,2.999742E-1,8.020754E-1,5.594444E-1,-1.1900431E-1,-3.758774E-2,3.5361864E-2,1.3400981E-1],"split_indices":[0,0,0,0,0,0,0,0,0,0,0],"split_type":[0,0,0,0,0,0,0,0,0,0,0],"sum_hessian":[9E0,5E0,4E0,1E0,4E0,3E0,1E0,2E0,2E0,1E0,2E0],"tree_param":{"num_deleted":"0","num_feature":"2","num_nodes":"11","size_leaf_vector":"1"}},{"base_weights":[6.0884E-2,-2.4074607E0,3.0107207E0,-5.0300926E-1,-8.7691575E-1,1.106041E0,5.31472E-1,-1.1107077E-1,-3.5081863E-2,3.359375E-2,1.250763E-1],"categories":[],"categories_nodes":[],"categories_segments":[],"categories_sizes":[],"default_left":[0,0,0,0,0,0,0,0,0,0,0],"id":43,"left_children":[1,3,5,-1,7,9,-1,-1,-1,-1,-1],"loss_changes":[8.0060326E1,1.9673367E1,1.606361E1,0E0,2.2532892E-1,2.5625229E-2,0E0,0E0,0E0,0E0,0E0],"parents":[2147483647,0,0,1,1,2,2,4,4,5,5],"right_children":[2,4,6,-1,8,10,-1,-1,-1,-1,-1],"split_conditions":[7.0213723E-1,1.0020941E-1,1E0,-5.0300926E-1,2.999742E-1,8.020754E-1,5.31472E-1,-1.1107077E-1,-3.5081863E-2,3.359375E-2,1.250763E-1],"split_indices":[0,0,0,0,0,0,0,0,0,0,0],"split_type":[0,0,0,0,0,0,0,0,0,0,0],"sum_hessian":[9E0,5E0,4E0,1E0,4E0,3E0,1E0,2E0,2E0,1E0,2E0],"tree_param":{"num_deleted":"0","num_feature":"2","num_nodes":"11","size_leaf_vector":"1"}},{"base_weights":[5.8893394E-2,-2.2749078E0,2.847676E0,-4.7785884E-1,-8.1845397E-1,1.0351048E0,5.048981E-1,-1.03665926E-1,-3.2743074E-2,3.191414E-2,1.1673788E-1],"categories":[],"categories_nodes":[],"categories_segments":[],"categories_sizes":[],"default_left":[0,0,0,0,0,0,0,0,0,0,0],"id":44,"left_children":[1,3,5,-1,7,9,-1,-1,-1,-1,-1],"loss_changes":[7.156284E1,1.7967915E1,1.4723885E1,0E0,1.9628525E-1,6.254196E-3,0E0,0E0,0E0,0E0,0E0],"parents":[2147483647,0,0,1,1,2,2,4,4,5,5],"right_children":[2,4,6,-1,8,10,-1,-1,-1,-1,-1],"split_conditions":[7.0213723E-1,1.0020941E-1,1E0,-4.7785884E-1,2.999742E-1,8.020754E-1,5.048981E-1,-1.03665926E-1,-3.2743074E-2,3.191414E-2,1.1673788E-1],"split_indices":[0,0,0,0,0,0,0,0,0,0,0],"split_type":[0,0,0,0,0,0,0,0,0,0,0],"sum_hessian":[9E0,5E0,4E0,1E0,4E0,3E0,1E0,2E0,2E0,1E0,2E0],"tree_param":{"num_deleted":"0","num_feature":"2","num_nodes":"11","size_leaf_vector":"1"}},{"base_weights":[5.693064E-2,-2.1497953E0,2.6936157E0,-4.539659E-1,-7.6389086E-1,9.6875384E-2,4.7965318E-1,-8.727026E-2,-1.643219E-2],"categories":[],"categories_nodes":[],"categories_segments":[],"categories_sizes":[],"default_left":[0,0,0,0,0,0,0,0,0],"id":45,"left_children":[1,3,5,-1,7,-1,-1,-1,-1],"loss_changes":[6.3975143E1,1.640493E1,1.348954E1,0E0,1.8279696E-1,0E0,0E0,0E0,0E0],"parents":[2147483647,0,0,1,1,2,2,4,4],"right_children":[2,4,6,-1,8,-1,-1,-1,-1],"split_conditions":[7.0213723E-1,1.0020941E-1,1E0,-4.539659E-1,5.0232303E-1,9.6875384E-2,4.7965318E-1,-8.727026E-2,-1.643219E-2],"split_indices":[0,0,0,0,0,0,0,0,0],"split_type":[0,0,0,0,0,0,0,0,0],"sum_hessian":[9E0,5E0,4E0,1E0,4E0,3E0,1E0,3E0,1E0],"tree_param":{"num_deleted":"0","num_feature":"2","num_nodes":"9","size_leaf_vector":"1"}},{"base_weights":[5.3121854E-2,-2.027761E0,2.539557E0,-4.312676E-1,-7.082428E-1,8.960953E-1,4.5567018E-1,-9.093704E-2,-2.7103424E-2,2.5474548E-2,1.0249634E-1],"categories":[],"categories_nodes":[],"categories_segments":[],"categories_sizes":[],"default_left":[0,0,0,0,0,0,0,0,0,0,0],"id":46,"left_children":[1,3,5,-1,7,9,-1,-1,-1,-1,-1],"loss_changes":[5.6889412E1,1.5035498E1,1.2492264E1,0E0,1.9320321E-1,6.9493294E-2,0E0,0E0,0E0,0E0,0E0],"parents":[2147483647,0,0,1,1,2,2,4,4,5,5],"right_children":[2,4,6,-1,8,10,-1,-1,-1,-1,-1],"split_conditions":[7.0213723E-1,1.0020941E-1,1E0,-4.312676E-1,2.999742E-1,8.020754E-1,4.5567018E-1,-9.093704E-2,-2.7103424E-2,2.5474548E-2,1.0249634E-1],"split_indices":[0,0,0,0,0,0,0,0,0,0,0],"split_type":[0,0,0,0,0,0,0,0,0,0,0],"sum_hessian":[9E0,5E0,4E0,1E0,4E0,3E0,1E0,2E0,2E0,1E0,2E0],"tree_param":{"num_deleted":"0","num_feature":"2","num_nodes":"11","size_leaf_vector":"1"}},{"base_weights":[5.124321E-2,-1.9165363E0,2.40233E0,-4.097042E-1,-6.610268E-1,8.3848E-1,4.328865E-1,-8.487447E-2,-2.5296656E-2,2.4200821E-2,9.566345E-2],"categories":[],"categories_nodes":[],"categories_segments":[],"categories_sizes":[],"default_left":[0,0,0,0,0,0,0,0,0,0,0],"id":47,"left_children":[1,3,5,-1,7,9,-1,-1,-1,-1,-1],"loss_changes":[5.0868355E1,1.3717619E1,1.1434393E1,0E0,1.6829729E-1,5.0390005E-2,0E0,0E0,0E0,0E0,0E0],"parents":[2147483647,0,0,1,1,2,2,4,4,5,5],"right_children":[2,4,6,-1,8,10,-1,-1,-1,-1,-1],"split_conditions":[7.0213723E-1,1.0020941E-1,1E0,-4.097042E-1,2.999742E-1,8.020754E-1,4.328865E-1,-8.487447E-2,-2.5296656E-2,2.4200821E-2,9.566345E-2],"split_indices":[0,0,0,0,0,0,0,0,0,0,0],"split_type":[0,0,0,0,0,0,0,0,0,0,0],"sum_hessian":[9E0,5E0,4E0,1E0,4E0,3E0,1E0,2E0,2E0,1E0,2E0],"tree_param":{"num_deleted":"0","num_feature":"2","num_nodes":"11","size_leaf_vector":"1"}},{"base_weights":[4.9407005E-2,-1.203376E0,3.3736928E0,-3.8921902E-1,-2.6323265E-1,9.481201E-2,4.1124192E-1,-6.169586E-1,4.1405488E-2,-7.9216264E-2,-2.361018E-2],"categories":[],"categories_nodes":[],"categories_segments":[],"categories_sizes":[],"default_left":[0,0,0,0,0,0,0,0,0,0,0],"id":48,"left_children":[1,3,5,-1,7,-1,-1,9,-1,-1,-1],"loss_changes":[4.5705914E1,1.9198416E1,1.4764328E0,0E0,1.9324739E0,0E0,0E0,1.4660716E-1,0E0,0E0,0E0],"parents":[2147483647,0,0,1,1,2,2,4,4,7,7],"right_children":[2,4,6,-1,8,-1,-1,10,-1,-1,-1],"split_conditions":[9.051125E-1,1.0020941E-1,1E0,-3.8921902E-1,7.0213723E-1,9.481201E-2,4.1124192E-1,2.999742E-1,4.1405488E-2,-7.9216264E-2,-2.361018E-2],"split_indices":[0,0,0,0,0,0,0,0,0,0,0],"split_type":[0,0,0,0,0,0,0,0,0,0,0],"sum_hessian":[9E0,7E0,2E0,1E0,6E0,1E0,1E0,4E0,2E0,2E0,2E0],"tree_param":{"num_deleted":"0","num_feature":"2","num_nodes":"11","size_leaf_vector":"1"}},{"base_weights":[5.0006818E-2,-1.139369E0,3.2050068E0,-3.6975807E-1,-2.4568449E-1,9.0071104E-2,3.9067993E-1,-5.758278E-1,3.864492E-2,-8.532162E-2,-2.9317666E-2],"categories":[],"categories_nodes":[],"categories_segments":[],"categories_sizes":[],"default_left":[0,0,0,0,0,0,0,0,0,0,0],"id":49,"left_children":[1,3,5,-1,7,-1,-1,9,-1,-1,-1],"loss_changes":[4.11765E1,1.7381435E1,1.3325157E0,0E0,1.6833909E0,0E0,0E0,1.4187765E-1,0E0,0E0,0E0],"parents":[2147483647,0,0,1,1,2,2,4,4,7,7],"right_children":[2,4,6,-1,8,-1,-1,10,-1,-1,-1],"split_conditions":[9.051125E-1,1.0020941E-1,1E0,-3.6975807E-1,7.0213723E-1,9.0071104E-2,3.9067993E-1,2.0063889E-1,3.864492E-2,-8.532162E-2,-2.9317666E-2],"split_indices":[0,0,0,0,0,0,0,0,0,0,0],"split_type":[0,0,0,0,0,0,0,0,0,0,0],"sum_hessian":[9E0,7E0,2E0,1E0,6E0,1E0,1E0,4E0,2E0,1E0,3E0],"tree_param":{"num_deleted":"0","num_feature":"2","num_nodes":"11","size_leaf_vector":"1"}},{"base_weights":[4.8504926E-2,-1.0811516E0,3.044754E0,-3.5127017E-1,-2.3197283E-1,8.5567474E-2,3.7114564E-1,-5.411728E-1,3.6068473E-2,-8.1055455E-2,-2.7118875E-2],"categories":[],"categories_nodes":[],"categories_segments":[],"categories_sizes":[],"default_left":[0,0,0,0,0,0,0,0,0,0,0],"id":50,"left_children":[1,3,5,-1,7,-1,-1,9,-1,-1,-1],"loss_changes":[3.7139164E1,1.5703714E1,1.2025928E0,0E0,1.4779406E0,0E0,0E0,1.4383066E-1,0E0,0E0,0E0],"parents":[2147483647,0,0,1,1,2,2,4,4,7,7],"right_children":[2,4,6,-1,8,-1,-1,10,-1,-1,-1],"split_conditions":[9.051125E-1,1.0020941E-1,1E0,-3.5127017E-1,7.0213723E-1,8.5567474E-2,3.7114564E-1,2.0063889E-1,3.6068473E-2,-8.1055455E-2,-2.7118875E-2],"split_indices":[0,0,0,0,0,0,0,0,0,0,0],"split_type":[0,0,0,0,0,0,0,0,0,0,0],"sum_hessian":[9E0,7E0,2E0,1E0,6E0,1E0,1E0,4E0,2E0,1E0,3E0],"tree_param":{"num_deleted":"0","num_feature":"2","num_nodes":"11","size_leaf_vector":"1"}},{"base_weights":[4.6987962E-2,-1.025959E0,2.892517E0,-3.3370665E-1,-2.1907698E-1,8.128891E-2,3.5258865E-1,-5.086899E-1,3.3663686E-2,-7.700272E-2,-2.5084877E-2],"categories":[],"categories_nodes":[],"categories_segments":[],"categories_sizes":[],"default_left":[0,0,0,0,0,0,0,0,0,0,0],"id":51,"left_children":[1,3,5,-1,7,-1,-1,9,-1,-1,-1],"loss_changes":[3.349862E1,1.4187252E1,1.0853634E0,0E0,1.297837E0,0E0,0E0,1.437571E-1,0E0,0E0,0E0],"parents":[2147483647,0,0,1,1,2,2,4,4,7,7],"right_children":[2,4,6,-1,8,-1,-1,10,-1,-1,-1],"split_conditions":[9.051125E-1,1.0020941E-1,1E0,-3.3370665E-1,7.0213723E-1,8.128891E-2,3.5258865E-1,2.0063889E-1,3.3663686E-2,-7.700272E-2,-2.5084877E-2],"split_indices":[0,0,0,0,0,0,0,0,0,0,0],"split_type":[0,0,0,0,0,0,0,0,0,0,0],"sum_hessian":[9E0,7E0,2E0,1E0,6E0,1E0,1E0,4E0,2E0,1E0,3E0],"tree_param":{"num_deleted":"0","num_feature":"2","num_nodes":"11","size_leaf_vector":"1"}},{"base_weights":[4.546561E-2,-9.7362834E-1,2.7478943E0,-3.170213E-1,-2.0694296E-1,7.722473E-2,3.3495942E-1,-4.7823793E-1,3.1419627E-2,-7.315254E-2,-2.3203468E-2],"categories":[],"categories_nodes":[],"categories_segments":[],"categories_sizes":[],"default_left":[0,0,0,0,0,0,0,0,0,0,0],"id":52,"left_children":[1,3,5,-1,7,-1,-1,9,-1,-1,-1],"loss_changes":[3.0215714E1,1.2816661E1,9.795246E-1,0E0,1.1399376E0,0E0,0E0,1.4206171E-1,0E0,0E0,0E0],"parents":[2147483647,0,0,1,1,2,2,4,4,7,7],"right_children":[2,4,6,-1,8,-1,-1,10,-1,-1,-1],"split_conditions":[9.051125E-1,1.0020941E-1,1E0,-3.170213E-1,7.0213723E-1,7.722473E-2,3.3495942E-1,2.0063889E-1,3.1419627E-2,-7.315254E-2,-2.3203468E-2],"split_indices":[0,0,0,0,0,0,0,0,0,0,0],"split_type":[0,0,0,0,0,0,0,0,0,0,0],"sum_hessian":[9E0,7E0,2E0,1E0,6E0,1E0,1E0,4E0,2E0,1E0,3E0],"tree_param":{"num_deleted":"0","num_feature":"2","num_nodes":"11","size_leaf_vector":"1"}},{"base_weights":[4.3941926E-2,-9.2400974E-1,2.6104991E0,-3.0117023E-1,-1.9552477E-1,7.33635E-2,3.1821138E-1,-4.4968528E-1,2.9325103E-2,-6.949492E-2,-2.1463203E-1,-2.423528E-2,-6.5734866E-3],"categories":[],"categories_nodes":[],"categories_segments":[],"categories_sizes":[],"default_left":[0,0,0,0,0,0,0,0,0,0,0,0,0],"id":53,"left_children":[1,3,5,-1,7,-1,-1,9,-1,-1,11,-1,-1],"loss_changes":[2.725516E1,1.1577958E1,8.8401794E-1,0E0,1.0014632E0,0E0,0E0,1.3909197E-1,0E0,0E0,5.7914853E-4,0E0,0E0],"parents":[2147483647,0,0,1,1,2,2,4,4,7,7,10,10],"right_children":[2,4,6,-1,8,-1,-1,10,-1,-1,12,-1,-1],"split_conditions":[9.051125E-1,1.0020941E-1,1E0,-3.0117023E-1,7.0213723E-1,7.33635E-2,3.1821138E-1,2.0063889E-1,2.9325103E-2,-6.949492E-2,5.0232303E-1,-2.423528E-2,-6.5734866E-3],"split_indices":[0,0,0,0,0,0,0,0,0,0,0,0,0],"split_type":[0,0,0,0,0,0,0,0,0,0,0,0,0],"sum_hessian":[9E0,7E0,2E0,1E0,6E0,1E0,1E0,4E0,2E0,1E0,3E0,2E0,1E0],"tree_param":{"num_deleted":"0","num_feature":"2","num_nodes":"13","size_leaf_vector":"1"}},{"base_weights":[4.1490413E-2,-8.7812775E-1,2.4799755E0,-2.861117E-1,-1.8611254E-1,6.969529E-2,3.0230102E-1,-4.247772E-1,2.7369944E-2,-6.6020206E-2,-2.0087052E-2],"categories":[],"categories_nodes":[],"categories_segments":[],"categories_sizes":[],"default_left":[0,0,0,0,0,0,0,0,0,0,0],"id":54,"left_children":[1,3,5,-1,7,-1,-1,9,-1,-1,-1],"loss_changes":[2.4602488E1,1.0445581E1,7.978344E-1,0E0,8.8444746E-1,0E0,0E0,1.3095075E-1,0E0,0E0,0E0],"parents":[2147483647,0,0,1,1,2,2,4,4,7,7],"right_children":[2,4,6,-1,8,-1,-1,10,-1,-1,-1],"split_conditions":[9.051125E-1,1.0020941E-1,1E0,-2.861117E-1,7.0213723E-1,6.969529E-2,3.0230102E-1,2.0063889E-1,2.7369944E-2,-6.6020206E-2,-2.0087052E-2],"split_indices":[0,0,0,0,0,0,0,0,0,0,0],"split_type":[0,0,0,0,0,0,0,0,0,0,0],"sum_hessian":[9E0,7E0,2E0,1E0,6E0,1E0,1E0,4E0,2E0,1E0,3E0],"tree_param":{"num_deleted":"0","num_feature":"2","num_nodes":"11","size_leaf_vector":"1"}},{"base_weights":[4.0055133E-2,-8.334207E-1,2.3559723E0,-2.7180612E-1,-1.7589188E-1,6.621017E-2,2.8718567E-1,-4.731989E-1,1.653881E-1,-6.271916E-2,-2.1280415E-2,-5.24025E-3,2.5545249E-2],"categories":[],"categories_nodes":[],"categories_segments":[],"categories_sizes":[],"default_left":[0,0,0,0,0,0,0,0,0,0,0,0,0],"id":55,"left_children":[1,3,5,-1,7,-1,-1,9,11,-1,-1,-1,-1],"loss_changes":[2.2192492E1,9.43556E0,7.2006226E-1,0E0,7.88516E-1,0E0,0E0,2.6926517E-2,9.184704E-2,0E0,0E0,0E0,0E0],"parents":[2147483647,0,0,1,1,2,2,4,4,7,7,8,8],"right_children":[2,4,6,-1,8,-1,-1,10,12,-1,-1,-1,-1],"split_conditions":[9.051125E-1,1.0020941E-1,1E0,-2.7180612E-1,5.0232303E-1,6.621017E-2,2.8718567E-1,2.0063889E-1,7.0213723E-1,-6.271916E-2,-2.1280415E-2,-5.24025E-3,2.5545249E-2],"split_indices":[0,0,0,0,0,0,0,0,0,0,0,0,0],"split_type":[0,0,0,0,0,0,0,0,0,0,0,0,0],"sum_hessian":[9E0,7E0,2E0,1E0,6E0,1E0,1E0,3E0,3E0,1E0,2E0,1E0,2E0],"tree_param":{"num_deleted":"0","num_feature":"2","num_nodes":"13","size_leaf_vector":"1"}},{"base_weights":[3.784027E-2,-7.920151E-1,2.2381744E0,-2.582158E-1,-1.6740063E-1,6.289978E-2,2.728264E-1,-4.4687796E-1,1.5392685E-1,-5.9583187E-2,-1.9861603E-2,-4.97818E-3,2.3842366E-2],"categories":[],"categories_nodes":[],"categories_segments":[],"categories_sizes":[],"default_left":[0,0,0,0,0,0,0,0,0,0,0,0,0],"id":56,"left_children":[1,3,5,-1,7,-1,-1,9,11,-1,-1,-1,-1],"loss_changes":[2.0032259E1,8.512939E0,6.4984894E-1,0E0,6.974127E-1,0E0,0E0,2.957654E-2,8.072008E-2,0E0,0E0,0E0,0E0],"parents":[2147483647,0,0,1,1,2,2,4,4,7,7,8,8],"right_children":[2,4,6,-1,8,-1,-1,10,12,-1,-1,-1,-1],"split_conditions":[9.051125E-1,1.0020941E-1,1E0,-2.582158E-1,5.0232303E-1,6.289978E-2,2.728264E-1,2.0063889E-1,7.0213723E-1,-5.9583187E-2,-1.9861603E-2,-4.97818E-3,2.3842366E-2],"split_indices":[0,0,0,0,0,0,0,0,0,0,0,0,0],"split_type":[0,0,0,0,0,0,0,0,0,0,0,0,0],"sum_hessian":[9E0,7E0,2E0,1E0,6E0,1E0,1E0,3E0,3E0,1E0,2E0,1E0,2E0],"tree_param":{"num_deleted":"0","num_feature":"2","num_nodes":"13","size_leaf_vector":"1"}},{"base_weights":[3.574877E-2,-7.5266397E-1,2.1262665E0,-2.4530502E-1,-1.5931593E-1,5.9754945E-2,2.5918505E-1,-4.2205048E-1,1.432476E-1,-5.6604005E-2,-1.8537395E-2,-4.729462E-3,2.2252655E-2],"categories":[],"categories_nodes":[],"categories_segments":[],"categories_sizes":[],"default_left":[0,0,0,0,0,0,0,0,0,0,0,0,0],"id":57,"left_children":[1,3,5,-1,7,-1,-1,9,11,-1,-1,-1,-1],"loss_changes":[1.8082272E1,7.6805573E0,5.864792E-1,0E0,6.16915E-1,0E0,0E0,3.1386733E-2,7.094825E-2,0E0,0E0,0E0,0E0],"parents":[2147483647,0,0,1,1,2,2,4,4,7,7,8,8],"right_children":[2,4,6,-1,8,-1,-1,10,12,-1,-1,-1,-1],"split_conditions":[9.051125E-1,1.0020941E-1,1E0,-2.4530502E-1,5.0232303E-1,5.9754945E-2,2.5918505E-1,2.0063889E-1,7.0213723E-1,-5.6604005E-2,-1.8537395E-2,-4.729462E-3,2.2252655E-2],"split_indices":[0,0,0,0,0,0,0,0,0,0,0,0,0],"split_type":[0,0,0,0,0,0,0,0,0,0,0,0,0],"sum_hessian":[9E0,7E0,2E0,1E0,6E0,1E0,1E0,3E0,3E0,1E0,2E0,1E0,2E0],"tree_param":{"num_deleted":"0","num_feature":"2","num_nodes":"13","size_leaf_vector":"1"}},{"base_weights":[3.377571E-2,-7.152629E-1,2.0199535E0,-2.3303977E-1,-1.5161541E-1,5.6767274E-2,2.4622574E-1,-3.9863157E-1,1.333046E-1,-5.3773787E-2,-1.7301686E-2,-4.4929506E-3,2.0769246E-2],"categories":[],"categories_nodes":[],"categories_segments":[],"categories_sizes":[],"default_left":[0,0,0,0,0,0,0,0,0,0,0,0,0],"id":58,"left_children":[1,3,5,-1,7,-1,-1,9,11,-1,-1,-1,-1],"loss_changes":[1.6322035E1,6.929609E0,5.292921E-1,0E0,5.457983E-1,0E0,0E0,3.249997E-2,6.236534E-2,0E0,0E0,0E0,0E0],"parents":[2147483647,0,0,1,1,2,2,4,4,7,7,8,8],"right_children":[2,4,6,-1,8,-1,-1,10,12,-1,-1,-1,-1],"split_conditions":[9.051125E-1,1.0020941E-1,1E0,-2.3303977E-1,5.0232303E-1,5.6767274E-2,2.4622574E-1,2.0063889E-1,7.0213723E-1,-5.3773787E-2,-1.7301686E-2,-4.4929506E-3,2.0769246E-2],"split_indices":[0,0,0,0,0,0,0,0,0,0,0,0,0],"split_type":[0,0,0,0,0,0,0,0,0,0,0,0,0],"sum_hessian":[9E0,7E0,2E0,1E0,6E0,1E0,1E0,3E0,3E0,1E0,2E0,1E0,2E0],"tree_param":{"num_deleted":"0","num_feature":"2","num_nodes":"13","size_leaf_vector":"1"}},{"base_weights":[3.191433E-2,-6.797154E-1,1.9189554E0,-2.2138777E-1,-1.4428112E-1,5.392914E-2,2.3391418E-1,-3.7653637E-1,1.2404442E-1,-5.1085092E-2,-1.6148122E-2,-4.268265E-3,1.9384766E-2],"categories":[],"categories_nodes":[],"categories_segments":[],"categories_sizes":[],"default_left":[0,0,0,0,0,0,0,0,0,0,0,0,0],"id":59,"left_children":[1,3,5,-1,7,-1,-1,9,11,-1,-1,-1,-1],"loss_changes":[1.47330885E1,6.252124E0,4.7767067E-1,0E0,4.829473E-1,0E0,0E0,3.304732E-2,5.482629E-2,0E0,0E0,0E0,0E0],"parents":[2147483647,0,0,1,1,2,2,4,4,7,7,8,8],"right_children":[2,4,6,-1,8,-1,-1,10,12,-1,-1,-1,-1],"split_conditions":[9.051125E-1,1.0020941E-1,1E0,-2.2138777E-1,5.0232303E-1,5.392914E-2,2.3391418E-1,2.0063889E-1,7.0213723E-1,-5.1085092E-2,-1.6148122E-2,-4.268265E-3,1.9384766E-2],"split_indices":[0,0,0,0,0,0,0,0,0,0,0,0,0],"split_type":[0,0,0,0,0,0,0,0,0,0,0,0,0],"sum_hessian":[9E0,7E0,2E0,1E0,6E0,1E0,1E0,3E0,3E0,1E0,2E0,1E0,2E0],"tree_param":{"num_deleted":"0","num_feature":"2","num_nodes":"13","size_leaf_vector":"1"}},{"base_weights":[3.01569E-2,-6.4593196E-1,1.8230082E0,-2.1031837E-1,-1.3729832E-1,5.123291E-2,2.2221832E-1,-3.5569143E-1,1.1541939E-1,-4.8530865E-2,-1.5071615E-2,-4.055023E-3,1.8092601E-1,5.5065155E-3,2.1632386E-2],"categories":[],"categories_nodes":[],"categories_segments":[],"categories_sizes":[],"default_left":[0,0,0,0,0,0,0,0,0,0,0,0,0,0,0],"id":60,"left_children":[1,3,5,-1,7,-1,-1,9,11,-1,-1,-1,13,-1,-1],"loss_changes":[1.3298807E1,5.640895E0,4.3108273E-1,0E0,4.2739636E-1,0E0,0E0,3.3129394E-2,4.8204754E-2,0E0,0E0,0E0,1.4537051E-3,0E0,0E0],"parents":[2147483647,0,0,1,1,2,2,4,4,7,7,8,8,12,12],"right_children":[2,4,6,-1,8,-1,-1,10,12,-1,-1,-1,14,-1,-1],"split_conditions":[9.051125E-1,1.0020941E-1,1E0,-2.1031837E-1,5.0232303E-1,5.123291E-2,2.2221832E-1,2.0063889E-1,7.0213723E-1,-4.8530865E-2,-1.5071615E-2,-4.055023E-3,8.020754E-1,5.5065155E-3,2.1632386E-2],"split_indices":[0,0,0,0,0,0,0,0,0,0,0,0,0,0,0],"split_type":[0,0,0,0,0,0,0,0,0,0,0,0,0,0,0],"sum_hessian":[9E0,7E0,2E0,1E0,6E0,1E0,1E0,3E0,3E0,1E0,2E0,1E0,2E0,1E0,1E0],"tree_param":{"num_deleted":"0","num_feature":"2","num_nodes":"15","size_leaf_vector":"1"}},{"base_weights":[2.9402232E-2,-6.1269367E-1,1.7318573E0,-1.9980246E-1,-1.293572E-1,4.867096E-2,2.1110764E-1,-3.3602285E-1,1.0964775E-1,-4.6104338E-2,-1.4066823E-2,-3.8520813E-3,1.7187755E-1,5.2310945E-3,2.0550538E-2],"categories":[],"categories_nodes":[],"categories_segments":[],"categories_sizes":[],"default_left":[0,0,0,0,0,0,0,0,0,0,0,0,0,0,0],"id":61,"left_children":[1,3,5,-1,7,-1,-1,9,11,-1,-1,-1,13,-1,-1],"loss_changes":[1.1992492E1,5.098189E0,3.890705E-1,0E0,3.8260296E-1,0E0,0E0,3.283918E-2,4.350286E-2,0E0,0E0,0E0,1.3121143E-3,0E0,0E0],"parents":[2147483647,0,0,1,1,2,2,4,4,7,7,8,8,12,12],"right_children":[2,4,6,-1,8,-1,-1,10,12,-1,-1,-1,14,-1,-1],"split_conditions":[9.051125E-1,1.0020941E-1,1E0,-1.9980246E-1,5.0232303E-1,4.867096E-2,2.1110764E-1,2.0063889E-1,7.0213723E-1,-4.6104338E-2,-1.4066823E-2,-3.8520813E-3,8.020754E-1,5.2310945E-3,2.0550538E-2],"split_indices":[0,0,0,0,0,0,0,0,0,0,0,0,0,0,0],"split_type":[0,0,0,0,0,0,0,0,0,0,0,0,0,0,0],"sum_hessian":[9E0,7E0,2E0,1E0,6E0,1E0,1E0,3E0,3E0,1E0,2E0,1E0,2E0,1E0,1E0],"tree_param":{"num_deleted":"0","num_feature":"2","num_nodes":"15","size_leaf_vector":"1"}},{"base_weights":[2.8635096E-2,-5.8118E-1,1.6452637E0,-1.8981235E-1,-1.21884756E-1,4.6237182E-2,2.0055237E-1,-3.1746244E-1,1.0416412E-1,-4.3799113E-2,-1.3128917E-2,-3.659439E-3,1.6328175E-1,4.9694064E-3,1.9522859E-2],"categories":[],"categories_nodes":[],"categories_segments":[],"categories_sizes":[],"default_left":[0,0,0,0,0,0,0,0,0,0,0,0,0,0,0],"id":62,"left_children":[1,3,5,-1,7,-1,-1,9,11,-1,-1,-1,13,-1,-1],"loss_changes":[1.081464E1,4.6075745E0,3.5114765E-1,0E0,3.42539E-1,0E0,0E0,3.2253414E-2,3.9260432E-2,0E0,0E0,0E0,1.1845976E-3,0E0,0E0],"parents":[2147483647,0,0,1,1,2,2,4,4,7,7,8,8,12,12],"right_children":[2,4,6,-1,8,-1,-1,10,12,-1,-1,-1,14,-1,-1],"split_conditions":[9.051125E-1,1.0020941E-1,1E0,-1.8981235E-1,5.0232303E-1,4.6237182E-2,2.0055237E-1,2.0063889E-1,7.0213723E-1,-4.3799113E-2,-1.3128917E-2,-3.659439E-3,8.020754E-1,4.9694064E-3,1.9522859E-2],"split_indices":[0,0,0,0,0,0,0,0,0,0,0,0,0,0,0],"split_type":[0,0,0,0,0,0,0,0,0,0,0,0,0,0,0],"sum_hessian":[9E0,7E0,2E0,1E0,6E0,1E0,1E0,3E0,3E0,1E0,2E0,1E0,2E0,1E0,1E0],"tree_param":{"num_deleted":"0","num_feature":"2","num_nodes":"15","size_leaf_vector":"1"}},{"base_weights":[2.786212E-2,-5.512987E-1,1.5630035E0,-1.8032172E-1,-1.1485072E-1,4.3925475E-2,1.9052505E-1,-2.9994774E-1,9.895897E-2,-4.1609194E-2,-1.225357E-2,-3.4763336E-3,1.5512085E-1,4.7210692E-3,1.8547058E-2],"categories":[],"categories_nodes":[],"categories_segments":[],"categories_sizes":[],"default_left":[0,0,0,0,0,0,0,0,0,0,0,0,0,0,0],"id":63,"left_children":[1,3,5,-1,7,-1,-1,9,11,-1,-1,-1,13,-1,-1],"loss_changes":[9.752619E0,4.1640773E0,3.1690884E-1,0E0,3.0671126E-1,0E0,0E0,3.143537E-2,3.5432898E-2,0E0,0E0,0E0,1.0689422E-3,0E0,0E0],"parents":[2147483647,0,0,1,1,2,2,4,4,7,7,8,8,12,12],"right_children":[2,4,6,-1,8,-1,-1,10,12,-1,-1,-1,14,-1,-1],"split_conditions":[9.051125E-1,1.0020941E-1,1E0,-1.8032172E-1,5.0232303E-1,4.3925475E-2,1.9052505E-1,2.0063889E-1,7.0213723E-1,-4.1609194E-2,-1.225357E-2,-3.4763336E-3,8.020754E-1,4.7210692E-3,1.8547058E-2],"split_indices":[0,0,0,0,0,0,0,0,0,0,0,0,0,0,0],"split_type":[0,0,0,0,0,0,0,0,0,0,0,0,0,0,0],"sum_hessian":[9E0,7E0,2E0,1E0,6E0,1E0,1E0,3E0,3E0,1E0,2E0,1E0,2E0,1E0,1E0],"tree_param":{"num_deleted":"0","num_feature":"2","num_nodes":"15","size_leaf_vector":"1"}},{"base_weights":[2.7080774E-2,-5.2296895E-1,1.4848531E0,-1.7130564E-1,-1.0823413E-1,4.1728973E-2,1.80999E-1,-2.8341913E-1,9.40094E-2,-3.9528754E-2,-1.1436717E-2,-3.3023835E-3,1.4736176E-1,4.48494E-3,1.7619325E-2],"categories":[],"categories_nodes":[],"categories_segments":[],"categories_sizes":[],"default_left":[0,0,0,0,0,0,0,0,0,0,0,0,0,0,0],"id":64,"left_children":[1,3,5,-1,7,-1,-1,9,11,-1,-1,-1,13,-1,-1],"loss_changes":[8.795005E0,3.763154E0,2.860217E-1,0E0,2.746543E-1,0E0,0E0,3.0438364E-2,3.1976543E-2,0E0,0E0,0E0,9.645894E-4,0E0,0E0],"parents":[2147483647,0,0,1,1,2,2,4,4,7,7,8,8,12,12],"right_children":[2,4,6,-1,8,-1,-1,10,12,-1,-1,-1,14,-1,-1],"split_conditions":[9.051125E-1,1.0020941E-1,1E0,-1.7130564E-1,5.0232303E-1,4.1728973E-2,1.80999E-1,2.0063889E-1,7.0213723E-1,-3.9528754E-2,-1.1436717E-2,-3.3023835E-3,8.020754E-1,4.48494E-3,1.7619325E-2],"split_indices":[0,0,0,0,0,0,0,0,0,0,0,0,0,0,0],"split_type":[0,0,0,0,0,0,0,0,0,0,0,0,0,0,0],"sum_hessian":[9E0,7E0,2E0,1E0,6E0,1E0,1E0,3E0,3E0,1E0,2E0,1E0,2E0,1E0,1E0],"tree_param":{"num_deleted":"0","num_feature":"2","num_nodes":"15","size_leaf_vector":"1"}},{"base_weights":[2.629752E-2,-4.9610645E-1,1.4106089E0,-1.6274035E-1,-1.0200637E-1,3.9642334E-2,1.7194901E-1,-2.6781893E-1,8.9307785E-2,-3.7552357E-2,-1.0674286E-2,-3.1372071E-3,1.3999176E-1,4.2606355E-3,1.673813E-2],"categories":[],"categories_nodes":[],"categories_segments":[],"categories_sizes":[],"default_left":[0,0,0,0,0,0,0,0,0,0,0,0,0,0,0],"id":65,"left_children":[1,3,5,-1,7,-1,-1,9,11,-1,-1,-1,13,-1,-1],"loss_changes":[7.9315095E0,3.4007483E0,2.5814247E-1,0E0,2.4597433E-1,0E0,0E0,2.9310077E-2,2.8857972E-2,0E0,0E0,0E0,8.7051466E-4,0E0,0E0],"parents":[2147483647,0,0,1,1,2,2,4,4,7,7,8,8,12,12],"right_children":[2,4,6,-1,8,-1,-1,10,12,-1,-1,-1,14,-1,-1],"split_conditions":[9.051125E-1,1.0020941E-1,1E0,-1.6274035E-1,5.0232303E-1,3.9642334E-2,1.7194901E-1,2.0063889E-1,7.0213723E-1,-3.7552357E-2,-1.0674286E-2,-3.1372071E-3,8.020754E-1,4.2606355E-3,1.673813E-2],"split_indices":[0,0,0,0,0,0,0,0,0,0,0,0,0,0,0],"split_type":[0,0,0,0,0,0,0,0,0,0,0,0,0,0,0],"sum_hessian":[9E0,7E0,2E0,1E0,6E0,1E0,1E0,3E0,3E0,1E0,2E0,1E0,2E0,1E0,1E0],"tree_param":{"num_deleted":"0","num_feature":"2","num_nodes":"15","size_leaf_vector":"1"}},{"base_weights":[2.5516033E-2,-4.706341E-1,1.3400778E0,-1.5460335E-1,-9.614372E-2,3.766022E-2,1.6335145E-1,-2.530942E-1,8.484268E-2,-3.5674762E-2,-9.962718E-3,-2.980423E-3,1.3299306E-1,4.047775E-3,1.5901184E-2],"categories":[],"categories_nodes":[],"categories_segments":[],"categories_sizes":[],"default_left":[0,0,0,0,0,0,0,0,0,0,0,0,0,0,0],"id":66,"left_children":[1,3,5,-1,7,-1,-1,9,11,-1,-1,-1,13,-1,-1],"loss_changes":[7.152886E0,3.073172E0,2.3297215E-1,0E0,2.203145E-1,0E0,0E0,2.8087765E-2,2.6044928E-2,0E0,0E0,0E0,7.8495964E-4,0E0,0E0],"parents":[2147483647,0,0,1,1,2,2,4,4,7,7,8,8,12,12],"right_children":[2,4,6,-1,8,-1,-1,10,12,-1,-1,-1,14,-1,-1],"split_conditions":[9.051125E-1,1.0020941E-1,1E0,-1.5460335E-1,5.0232303E-1,3.766022E-2,1.6335145E-1,2.0063889E-1,7.0213723E-1,-3.5674762E-2,-9.962718E-3,-2.980423E-3,8.020754E-1,4.047775E-3,1.5901184E-2],"split_indices":[0,0,0,0,0,0,0,0,0,0,0,0,0,0,0],"split_type":[0,0,0,0,0,0,0,0,0,0,0,0,0,0,0],"sum_hessian":[9E0,7E0,2E0,1E0,6E0,1E0,1E0,3E0,3E0,1E0,2E0,1E0,2E0,1E0,1E0],"tree_param":{"num_deleted":"0","num_feature":"2","num_nodes":"15","size_leaf_vector":"1"}},{"base_weights":[2.473948E-2,-4.464793E-1,1.2730764E0,-1.4687318E-1,-9.06244E-2,3.5777282E-2,1.5518418E-1,-2.8688876E-2,4.5259096E-2,-5.091095E-3,1.2634277E-1,3.8452148E-3,1.5106201E-2],"categories":[],"categories_nodes":[],"categories_segments":[],"categories_sizes":[],"default_left":[0,0,0,0,0,0,0,0,0,0,0,0,0],"id":67,"left_children":[1,3,5,-1,7,-1,-1,-1,9,-1,11,-1,-1],"loss_changes":[6.4508E0,2.7770853E0,2.10258E-1,0E0,1.9966795E-1,0E0,0E0,0E0,4.542134E-2,0E0,7.09109E-4,0E0,0E0],"parents":[2147483647,0,0,1,1,2,2,4,4,8,8,10,10],"right_children":[2,4,6,-1,8,-1,-1,-1,10,-1,12,-1,-1],"split_conditions":[9.051125E-1,1.0020941E-1,1E0,-1.4687318E-1,2.999742E-1,3.5777282E-2,1.5518418E-1,-2.8688876E-2,7.0213723E-1,-5.091095E-3,8.020754E-1,3.8452148E-3,1.5106201E-2],"split_indices":[0,0,0,0,0,0,0,0,0,0,0,0,0],"split_type":[0,0,0,0,0,0,0,0,0,0,0,0,0],"sum_hessian":[9E0,7E0,2E0,1E0,6E0,1E0,1E0,2E0,4E0,2E0,2E0,1E0,1E0],"tree_param":{"num_deleted":"0","num_feature":"2","num_nodes":"13","size_leaf_vector":"1"}},{"base_weights":[2.5191307E-2,-4.2204404E-1,1.2094218E0,-1.146574E0,1.05616255E-2,3.398819E-2,1.4742509E-1,-1.3952951E-1,-3.2456588E-2,-7.417679E-3,1.20025635E-1,3.6529542E-3,1.4350891E-2],"categories":[],"categories_nodes":[],"categories_segments":[],"categories_sizes":[],"default_left":[0,0,0,0,0,0,0,0,0,0,0,0,0],"id":68,"left_children":[1,3,5,7,9,-1,-1,-1,-1,-1,11,-1,-1],"loss_changes":[5.806726E0,2.519596E0,1.8976736E-1,1.6048694E-1,6.4557955E-2,0E0,0E0,0E0,0E0,0E0,6.3997135E-4,0E0,0E0],"parents":[2147483647,0,0,1,1,2,2,3,3,4,4,10,10],"right_children":[2,4,6,8,10,-1,-1,-1,-1,-1,12,-1,-1],"split_conditions":[9.051125E-1,2.0063889E-1,1E0,1.0020941E-1,7.0213723E-1,3.398819E-2,1.4742509E-1,-1.3952951E-1,-3.2456588E-2,-7.417679E-3,8.020754E-1,3.6529542E-3,1.4350891E-2],"split_indices":[0,0,0,0,0,0,0,0,0,0,0,0,0],"split_type":[0,0,0,0,0,0,0,0,0,0,0,0,0],"sum_hessian":[9E0,7E0,2E0,2E0,5E0,1E0,1E0,1E0,1E0,3E0,2E0,1E0,1E0],"tree_param":{"num_deleted":"0","num_feature":"2","num_nodes":"13","size_leaf_vector":"1"}},{"base_weights":[2.4674535E-2,-4.0001354E-1,1.1489512E0,-1.0892451E0,1.1271159E-2,3.2289125E-2,1.4005356E-1,-1.3255304E-1,-3.0833721E-2,-6.8613053E-3,1.1402639E-1,3.4702301E-3,1.3633728E-2],"categories":[],"categories_nodes":[],"categories_segments":[],"categories_sizes":[],"default_left":[0,0,0,0,0,0,0,0,0,0,0,0,0],"id":69,"left_children":[1,3,5,7,9,-1,-1,-1,-1,-1,11,-1,-1],"loss_changes":[5.2342653E0,2.2800403E0,1.7125058E-1,1.4484072E-1,5.707482E-2,0E0,0E0,0E0,0E0,0E0,5.781576E-4,0E0,0E0],"parents":[2147483647,0,0,1,1,2,2,3,3,4,4,10,10],"right_children":[2,4,6,8,10,-1,-1,-1,-1,-1,12,-1,-1],"split_conditions":[9.051125E-1,2.0063889E-1,1E0,1.0020941E-1,7.0213723E-1,3.2289125E-2,1.4005356E-1,-1.3255304E-1,-3.0833721E-2,-6.8613053E-3,8.020754E-1,3.4702301E-3,1.3633728E-2],"split_indices":[0,0,0,0,0,0,0,0,0,0,0,0,0],"split_type":[0,0,0,0,0,0,0,0,0,0,0,0,0],"sum_hessian":[9E0,7E0,2E0,2E0,5E0,1E0,1E0,1E0,1E0,3E0,2E0,1E0,1E0],"tree_param":{"num_deleted":"0","num_feature":"2","num_nodes":"13","size_leaf_vector":"1"}},{"base_weights":[2.41256E-2,-3.791562E-1,1.0915018E0,-1.0347826E0,1.1849721E-2,3.0674744E-2,1.3305055E-1,-1.2592539E-1,-2.9292012E-2,-6.3467026E-2,1.0832214E-1,-7.220205E-3,-1.8630981E-3,3.2966614E-3,1.295166E-2],"categories":[],"categories_nodes":[],"categories_segments":[],"categories_sizes":[],"default_left":[0,0,0,0,0,0,0,0,0,0,0,0,0,0,0],"id":70,"left_children":[1,3,5,7,9,-1,-1,-1,-1,11,13,-1,-1,-1,-1],"loss_changes":[4.7183843E0,2.0630925E0,1.5454817E-1,1.3071966E-1,5.0470818E-2,0E0,0E0,0E0,0E0,2.2138096E-4,5.216338E-4,0E0,0E0,0E0,0E0],"parents":[2147483647,0,0,1,1,2,2,3,3,4,4,9,9,10,10],"right_children":[2,4,6,8,10,-1,-1,-1,-1,12,14,-1,-1,-1,-1],"split_conditions":[9.051125E-1,2.0063889E-1,1E0,1.0020941E-1,7.0213723E-1,3.0674744E-2,1.3305055E-1,-1.2592539E-1,-2.9292012E-2,5.0232303E-1,8.020754E-1,-7.220205E-3,-1.8630981E-3,3.2966614E-3,1.295166E-2],"split_indices":[0,0,0,0,0,0,0,0,0,0,0,0,0,0,0],"split_type":[0,0,0,0,0,0,0,0,0,0,0,0,0,0,0],"sum_hessian":[9E0,7E0,2E0,2E0,5E0,1E0,1E0,1E0,1E0,3E0,2E0,2E0,1E0,1E0,1E0],"tree_param":{"num_deleted":"0","num_feature":"2","num_nodes":"15","size_leaf_vector":"1"}},{"base_weights":[2.3279905E-2,-3.5974747E-1,1.0369263E0,-9.8304385E-1,1.1858623E-2,2.9141236E-2,1.2639771E-1,-1.1962912E-1,-2.7827455E-2,-5.939102E-2,1.0290527E-1,-6.7387903E-3,-1.7700195E-3,3.1318665E-3,1.2303925E-2],"categories":[],"categories_nodes":[],"categories_segments":[],"categories_sizes":[],"default_left":[0,0,0,0,0,0,0,0,0,0,0,0,0,0,0],"id":71,"left_children":[1,3,5,7,9,-1,-1,-1,-1,11,13,-1,-1,-1,-1],"loss_changes":[4.255574E0,1.8646232E0,1.394701E-1,1.1797333E-1,4.5033894E-2,0E0,0E0,0E0,0E0,1.4080666E-4,4.7054142E-4,0E0,0E0,0E0,0E0],"parents":[2147483647,0,0,1,1,2,2,3,3,4,4,9,9,10,10],"right_children":[2,4,6,8,10,-1,-1,-1,-1,12,14,-1,-1,-1,-1],"split_conditions":[9.051125E-1,2.0063889E-1,1E0,1.0020941E-1,7.0213723E-1,2.9141236E-2,1.2639771E-1,-1.1962912E-1,-2.7827455E-2,5.0232303E-1,8.020754E-1,-6.7387903E-3,-1.7700195E-3,3.1318665E-3,1.2303925E-2],"split_indices":[0,0,0,0,0,0,0,0,0,0,0,0,0,0,0],"split_type":[0,0,0,0,0,0,0,0,0,0,0,0,0,0,0],"sum_hessian":[9E0,7E0,2E0,2E0,5E0,1E0,1E0,1E0,1E0,3E0,2E0,2E0,1E0,1E0,1E0],"tree_param":{"num_deleted":"0","num_feature":"2","num_nodes":"15","size_leaf_vector":"1"}},{"base_weights":[2.2453284E-2,-3.4133723E-1,9.850769E-1,-9.3389136E-1,1.1829376E-2,2.7684022E-2,1.2007751E-1,-1.1364766E-1,-2.6436044E-2,-5.557823E-2,9.776306E-2,-6.289419E-3,-1.6815186E-3,2.9754639E-3,1.1688995E-2],"categories":[],"categories_nodes":[],"categories_segments":[],"categories_sizes":[],"default_left":[0,0,0,0,0,0,0,0,0,0,0,0,0,0,0],"id":72,"left_children":[1,3,5,7,9,-1,-1,-1,-1,11,13,-1,-1,-1,-1],"loss_changes":[3.838177E0,1.6852102E0,1.2587309E-1,1.0647178E-1,4.0189005E-2,0E0,0E0,0E0,0E0,7.677637E-5,4.2434968E-4,0E0,0E0,0E0,0E0],"parents":[2147483647,0,0,1,1,2,2,3,3,4,4,9,9,10,10],"right_children":[2,4,6,8,10,-1,-1,-1,-1,12,14,-1,-1,-1,-1],"split_conditions":[9.051125E-1,2.0063889E-1,1E0,1.0020941E-1,7.0213723E-1,2.7684022E-2,1.2007751E-1,-1.1364766E-1,-2.6436044E-2,5.0232303E-1,8.020754E-1,-6.289419E-3,-1.6815186E-3,2.9754639E-3,1.1688995E-2],"split_indices":[0,0,0,0,0,0,0,0,0,0,0,0,0,0,0],"split_type":[0,0,0,0,0,0,0,0,0,0,0,0,0,0,0],"sum_hessian":[9E0,7E0,2E0,2E0,5E0,1E0,1E0,1E0,1E0,3E0,2E0,2E0,1E0,1E0,1E0],"tree_param":{"num_deleted":"0","num_feature":"2","num_nodes":"15","size_leaf_vector":"1"}},{"base_weights":[2.1646118E-2,-3.2387733E-1,9.358266E-1,-8.8719684E-1,1.1761983E-2,2.6300048E-2,1.1407395E-1,-1.0796528E-1,-2.5114251E-2,-5.2013397E-2,9.287516E-2,-5.8700563E-3,-1.5975953E-3,2.8266907E-3,1.1104584E-2],"categories":[],"categories_nodes":[],"categories_segments":[],"categories_sizes":[],"default_left":[0,0,0,0,0,0,0,0,0,0,0,0,0,0,0],"id":73,"left_children":[1,3,5,7,9,-1,-1,-1,-1,11,13,-1,-1,-1,-1],"loss_changes":[3.4618008E0,1.5230128E0,1.13597155E-1,9.6090555E-2,3.5868894E-2,0E0,0E0,0E0,0E0,2.6156195E-5,3.830064E-4,0E0,0E0,0E0,0E0],"parents":[2147483647,0,0,1,1,2,2,3,3,4,4,9,9,10,10],"right_children":[2,4,6,8,10,-1,-1,-1,-1,12,14,-1,-1,-1,-1],"split_conditions":[9.051125E-1,2.0063889E-1,1E0,1.0020941E-1,7.0213723E-1,2.6300048E-2,1.1407395E-1,-1.0796528E-1,-2.5114251E-2,5.0232303E-1,8.020754E-1,-5.8700563E-3,-1.5975953E-3,2.8266907E-3,1.1104584E-2],"split_indices":[0,0,0,0,0,0,0,0,0,0,0,0,0,0,0],"split_type":[0,0,0,0,0,0,0,0,0,0,0,0,0,0,0],"sum_hessian":[9E0,7E0,2E0,2E0,5E0,1E0,1E0,1E0,1E0,3E0,2E0,2E0,1E0,1E0,1E0],"tree_param":{"num_deleted":"0","num_feature":"2","num_nodes":"15","size_leaf_vector":"1"}},{"base_weights":[2.0856451E-2,-3.073168E-1,8.89033E-1,-8.428371E-1,1.1662801E-2,2.4984742E-2,1.0837021E-1,-1.0256702E-1,-2.3858547E-2,-4.867935E-3,8.823141E-2,2.6855469E-3,1.0549164E-2],"categories":[],"categories_nodes":[],"categories_segments":[],"categories_sizes":[],"default_left":[0,0,0,0,0,0,0,0,0,0,0,0,0],"id":74,"left_children":[1,3,5,7,9,-1,-1,-1,-1,-1,11,-1,-1],"loss_changes":[3.122338E0,1.3763902E0,1.0252881E-1,8.672166E-2,3.2016933E-2,0E0,0E0,0E0,0E0,0E0,3.4506246E-4,0E0,0E0],"parents":[2147483647,0,0,1,1,2,2,3,3,4,4,10,10],"right_children":[2,4,6,8,10,-1,-1,-1,-1,-1,12,-1,-1],"split_conditions":[9.051125E-1,2.0063889E-1,1E0,1.0020941E-1,7.0213723E-1,2.4984742E-2,1.0837021E-1,-1.0256702E-1,-2.3858547E-2,-4.867935E-3,8.020754E-1,2.6855469E-3,1.0549164E-2],"split_indices":[0,0,0,0,0,0,0,0,0,0,0,0,0],"split_type":[0,0,0,0,0,0,0,0,0,0,0,0,0],"sum_hessian":[9E0,7E0,2E0,2E0,5E0,1E0,1E0,1E0,1E0,3E0,2E0,1E0,1E0],"tree_param":{"num_deleted":"0","num_feature":"2","num_nodes":"13","size_leaf_vector":"1"}},{"base_weights":[2.0301724E-2,-2.913419E-1,8.4458417E-1,-8.006951E-1,1.1891683E-2,2.373581E-2,1.0295182E-1,-9.743867E-2,-2.2665596E-2,-4.5028687E-2,8.382162E-2,-5.1541645E-3,-1.2744904E-3,2.5512695E-3,1.00219725E-2],"categories":[],"categories_nodes":[],"categories_segments":[],"categories_sizes":[],"default_left":[0,0,0,0,0,0,0,0,0,0,0,0,0,0,0],"id":75,"left_children":[1,3,5,7,9,-1,-1,-1,-1,11,13,-1,-1,-1,-1],"loss_changes":[2.8148866E0,1.2451456E0,9.252572E-2,7.826686E-2,2.834005E-2,0E0,0E0,0E0,0E0,1.841588E-4,3.115926E-4,0E0,0E0,0E0,0E0],"parents":[2147483647,0,0,1,1,2,2,3,3,4,4,9,9,10,10],"right_children":[2,4,6,8,10,-1,-1,-1,-1,12,14,-1,-1,-1,-1],"split_conditions":[9.051125E-1,2.0063889E-1,1E0,1.0020941E-1,7.0213723E-1,2.373581E-2,1.0295182E-1,-9.743867E-2,-2.2665596E-2,5.0232303E-1,8.020754E-1,-5.1541645E-3,-1.2744904E-3,2.5512695E-3,1.00219725E-2],"split_indices":[0,0,0,0,0,0,0,0,0,0,0,0,0,0,0],"split_type":[0,0,0,0,0,0,0,0,0,0,0,0,0,0,0],"sum_hessian":[9E0,7E0,2E0,2E0,5E0,1E0,1E0,1E0,1E0,3E0,2E0,2E0,1E0,1E0,1E0],"tree_param":{"num_deleted":"0","num_feature":"2","num_nodes":"15","size_leaf_vector":"1"}},{"base_weights":[1.954354E-2,-2.764529E-1,8.023529E-1,-7.606605E-1,1.1726379E-2,2.2548676E-2,9.780426E-2,-9.2566736E-2,-2.1532346E-2,-4.213333E-2,7.963053E-2,-4.810588E-3,-1.2107849E-3,2.4238587E-3,9.520722E-3],"categories":[],"categories_nodes":[],"categories_segments":[],"categories_sizes":[],"default_left":[0,0,0,0,0,0,0,0,0,0,0,0,0,0,0],"id":76,"left_children":[1,3,5,7,9,-1,-1,-1,-1,11,13,-1,-1,-1,-1],"loss_changes":[2.5389009E0,1.1252286E0,8.3512664E-2,7.06352E-2,2.529889E-2,0E0,0E0,0E0,0E0,1.3485504E-4,2.8077886E-4,0E0,0E0,0E0,0E0],"parents":[2147483647,0,0,1,1,2,2,3,3,4,4,9,9,10,10],"right_children":[2,4,6,8,10,-1,-1,-1,-1,12,14,-1,-1,-1,-1],"split_conditions":[9.051125E-1,2.0063889E-1,1E0,1.0020941E-1,7.0213723E-1,2.2548676E-2,9.780426E-2,-9.2566736E-2,-2.1532346E-2,5.0232303E-1,8.020754E-1,-4.810588E-3,-1.2107849E-3,2.4238587E-3,9.520722E-3],"split_indices":[0,0,0,0,0,0,0,0,0,0,0,0,0,0,0],"split_type":[0,0,0,0,0,0,0,0,0,0,0,0,0,0,0],"sum_hessian":[9E0,7E0,2E0,2E0,5E0,1E0,1E0,1E0,1E0,3E0,2E0,2E0,1E0,1E0,1E0],"tree_param":{"num_deleted":"0","num_feature":"2","num_nodes":"15","size_leaf_vector":"1"}},{"base_weights":[1.8805897E-2,-2.6232982E-1,7.622325E-1,-7.226276E-1,1.15407305E-2,2.142105E-2,9.291382E-2,-8.79384E-2,-2.0455742E-2,-3.9424896E-2,7.564799E-2,-4.4898987E-3,-1.1501312E-3,2.3025514E-3,9.044647E-3],"categories":[],"categories_nodes":[],"categories_segments":[],"categories_sizes":[],"default_left":[0,0,0,0,0,0,0,0,0,0,0,0,0,0,0],"id":77,"left_children":[1,3,5,7,9,-1,-1,-1,-1,11,13,-1,-1,-1,-1],"loss_changes":[2.2899935E0,1.0168357E0,7.5372934E-2,6.3748E-2,2.2586014E-2,0E0,0E0,0E0,0E0,9.5027965E-5,2.536215E-4,0E0,0E0,0E0,0E0],"parents":[2147483647,0,0,1,1,2,2,3,3,4,4,9,9,10,10],"right_children":[2,4,6,8,10,-1,-1,-1,-1,12,14,-1,-1,-1,-1],"split_conditions":[9.051125E-1,2.0063889E-1,1E0,1.0020941E-1,7.0213723E-1,2.142105E-2,9.291382E-2,-8.79384E-2,-2.0455742E-2,5.0232303E-1,8.020754E-1,-4.4898987E-3,-1.1501312E-3,2.3025514E-3,9.044647E-3],"split_indices":[0,0,0,0,0,0,0,0,0,0,0,0,0,0,0],"split_type":[0,0,0,0,0,0,0,0,0,0,0,0,0,0,0],"sum_hessian":[9E0,7E0,2E0,2E0,5E0,1E0,1E0,1E0,1E0,3E0,2E0,2E0,1E0,1E0,1E0],"tree_param":{"num_deleted":"0","num_feature":"2","num_nodes":"15","size_leaf_vector":"1"}},{"base_weights":[1.808989E-2,-2.4893305E-1,7.241211E-1,-6.86496E-1,1.133728E-2,2.0349884E-2,8.826828E-2,-8.3541475E-2,-1.9432927E-2,-3.6891937E-2,7.186381E-2,-4.190572E-3,-1.0925293E-3,2.1873475E-3,8.592225E-3],"categories":[],"categories_nodes":[],"categories_segments":[],"categories_sizes":[],"default_left":[0,0,0,0,0,0,0,0,0,0,0,0,0,0,0],"id":78,"left_children":[1,3,5,7,9,-1,-1,-1,-1,11,13,-1,-1,-1,-1],"loss_changes":[2.0655227E0,9.1886014E-1,6.802738E-2,5.7533026E-2,2.0166079E-2,0E0,0E0,0E0,0E0,6.293226E-5,2.2893958E-4,0E0,0E0,0E0,0E0],"parents":[2147483647,0,0,1,1,2,2,3,3,4,4,9,9,10,10],"right_children":[2,4,6,8,10,-1,-1,-1,-1,12,14,-1,-1,-1,-1],"split_conditions":[9.051125E-1,2.0063889E-1,1E0,1.0020941E-1,7.0213723E-1,2.0349884E-2,8.826828E-2,-8.3541475E-2,-1.9432927E-2,5.0232303E-1,8.020754E-1,-4.190572E-3,-1.0925293E-3,2.1873475E-3,8.592225E-3],"split_indices":[0,0,0,0,0,0,0,0,0,0,0,0,0,0,0],"split_type":[0,0,0,0,0,0,0,0,0,0,0,0,0,0,0],"sum_hessian":[9E0,7E0,2E0,2E0,5E0,1E0,1E0,1E0,1E0,3E0,2E0,2E0,1E0,1E0,1E0],"tree_param":{"num_deleted":"0","num_feature":"2","num_nodes":"15","size_leaf_vector":"1"}},{"base_weights":[1.7394055E-2,-2.3622443E-1,6.87912E-1,-6.521715E-1,1.11198425E-2,1.9332124E-2,8.3854675E-2,-7.9364404E-2,-1.8461322E-2,-3.452301E-2,6.827036E-2,-4.511833E-3,-1.5951792E-3,2.0778656E-3,8.162689E-3],"categories":[],"categories_nodes":[],"categories_segments":[],"categories_sizes":[],"default_left":[0,0,0,0,0,0,0,0,0,0,0,0,0,0,0],"id":79,"left_children":[1,3,5,7,9,-1,-1,-1,-1,11,13,-1,-1,-1,-1],"loss_changes":[1.863059E0,8.303091E-1,6.1398745E-2,5.19228E-2,1.8007977E-2,0E0,0E0,0E0,0E0,6.735418E-5,2.0687561E-4,0E0,0E0,0E0,0E0],"parents":[2147483647,0,0,1,1,2,2,3,3,4,4,9,9,10,10],"right_children":[2,4,6,8,10,-1,-1,-1,-1,12,14,-1,-1,-1,-1],"split_conditions":[9.051125E-1,2.0063889E-1,1E0,1.0020941E-1,7.0213723E-1,1.9332124E-2,8.3854675E-2,-7.9364404E-2,-1.8461322E-2,2.999742E-1,8.020754E-1,-4.511833E-3,-1.5951792E-3,2.0778656E-3,8.162689E-3],"split_indices":[0,0,0,0,0,0,0,0,0,0,0,0,0,0,0],"split_type":[0,0,0,0,0,0,0,0,0,0,0,0,0,0,0],"sum_hessian":[9E0,7E0,2E0,2E0,5E0,1E0,1E0,1E0,1E0,3E0,2E0,1E0,2E0,1E0,1E0],"tree_param":{"num_deleted":"0","num_feature":"2","num_nodes":"15","size_leaf_vector":"1"}},{"base_weights":[1.6603421E-2,-2.2431332E-1,6.535136E-1,-6.195629E-1,1.0697047E-2,1.8365478E-2,7.966156E-2,-7.539618E-2,-1.7538263E-2,-3.259754E-2,6.485748E-2,-4.2861938E-3,-1.4888764E-3,1.9741058E-3,7.754517E-3],"categories":[],"categories_nodes":[],"categories_segments":[],"categories_sizes":[],"default_left":[0,0,0,0,0,0,0,0,0,0,0,0,0,0,0],"id":80,"left_children":[1,3,5,7,9,-1,-1,-1,-1,11,13,-1,-1,-1,-1],"loss_changes":[1.6810151E0,7.497295E-1,5.5410862E-2,4.68601E-2,1.6183317E-2,0E0,0E0,0E0,0E0,8.891849E-5,1.8644426E-4,0E0,0E0,0E0,0E0],"parents":[2147483647,0,0,1,1,2,2,3,3,4,4,9,9,10,10],"right_children":[2,4,6,8,10,-1,-1,-1,-1,12,14,-1,-1,-1,-1],"split_conditions":[9.051125E-1,2.0063889E-1,1E0,1.0020941E-1,7.0213723E-1,1.8365478E-2,7.966156E-2,-7.539618E-2,-1.7538263E-2,2.999742E-1,8.020754E-1,-4.2861938E-3,-1.4888764E-3,1.9741058E-3,7.754517E-3],"split_indices":[0,0,0,0,0,0,0,0,0,0,0,0,0,0,0],"split_type":[0,0,0,0,0,0,0,0,0,0,0,0,0,0,0],"sum_hessian":[9E0,7E0,2E0,2E0,5E0,1E0,1E0,1E0,1E0,3E0,2E0,1E0,2E0,1E0,1E0],"tree_param":{"num_deleted":"0","num_feature":"2","num_nodes":"15","size_leaf_vector":"1"}},{"base_weights":[1.5846645E-2,-2.1300457E-1,6.2083435E-1,-5.8858484E-1,1.0286331E-2,1.74469E-2,7.567825E-2,-7.162637E-2,-1.6661359E-2,-3.0781746E-2,6.161499E-2,-4.071808E-3,-1.3896943E-3,1.8753052E-3,7.3669436E-3],"categories":[],"categories_nodes":[],"categories_segments":[],"categories_sizes":[],"default_left":[0,0,0,0,0,0,0,0,0,0,0,0,0,0,0],"id":81,"left_children":[1,3,5,7,9,-1,-1,-1,-1,11,13,-1,-1,-1,-1],"loss_changes":[1.5167624E0,6.769637E-1,5.001259E-2,4.2291164E-2,1.4544433E-2,0E0,0E0,0E0,0E0,1.0523526E-4,1.6850326E-4,0E0,0E0,0E0,0E0],"parents":[2147483647,0,0,1,1,2,2,3,3,4,4,9,9,10,10],"right_children":[2,4,6,8,10,-1,-1,-1,-1,12,14,-1,-1,-1,-1],"split_conditions":[9.051125E-1,2.0063889E-1,1E0,1.0020941E-1,7.0213723E-1,1.74469E-2,7.567825E-2,-7.162637E-2,-1.6661359E-2,2.999742E-1,8.020754E-1,-4.071808E-3,-1.3896943E-3,1.8753052E-3,7.3669436E-3],"split_indices":[0,0,0,0,0,0,0,0,0,0,0,0,0,0,0],"split_type":[0,0,0,0,0,0,0,0,0,0,0,0,0,0,0],"sum_hessian":[9E0,7E0,2E0,2E0,5E0,1E0,1E0,1E0,1E0,3E0,2E0,1E0,2E0,1E0,1E0],"tree_param":{"num_deleted":"0","num_feature":"2","num_nodes":"15","size_leaf_vector":"1"}},{"base_weights":[1.5122974E-2,-2.0226862E-1,5.897929E-1,-5.591558E-1,9.886424E-3,1.657486E-2,7.189407E-2,-6.804505E-2,-1.5828324E-2,-2.90699E-2,5.8532715E-2,-3.8682937E-3,-1.2971242E-3,1.7814636E-3,6.9984435E-3],"categories":[],"categories_nodes":[],"categories_segments":[],"categories_sizes":[],"default_left":[0,0,0,0,0,0,0,0,0,0,0,0,0,0,0],"id":82,"left_children":[1,3,5,7,9,-1,-1,-1,-1,11,13,-1,-1,-1,-1],"loss_changes":[1.3685807E0,6.112514E-1,4.5129895E-2,3.816724E-2,1.3072024E-2,0E0,0E0,0E0,0E0,1.1726236E-4,1.5212875E-4,0E0,0E0,0E0,0E0],"parents":[2147483647,0,0,1,1,2,2,3,3,4,4,9,9,10,10],"right_children":[2,4,6,8,10,-1,-1,-1,-1,12,14,-1,-1,-1,-1],"split_conditions":[9.051125E-1,2.0063889E-1,1E0,1.0020941E-1,7.0213723E-1,1.657486E-2,7.189407E-2,-6.804505E-2,-1.5828324E-2,2.999742E-1,8.020754E-1,-3.8682937E-3,-1.2971242E-3,1.7814636E-3,6.9984435E-3],"split_indices":[0,0,0,0,0,0,0,0,0,0,0,0,0,0,0],"split_type":[0,0,0,0,0,0,0,0,0,0,0,0,0,0,0],"sum_hessian":[9E0,7E0,2E0,2E0,5E0,1E0,1E0,1E0,1E0,3E0,2E0,1E0,2E0,1E0,1E0],"tree_param":{"num_deleted":"0","num_feature":"2","num_nodes":"15","size_leaf_vector":"1"}},{"base_weights":[1.4430642E-2,-1.9207522E-1,5.6030273E-1,-5.311978E-1,9.498596E-3,1.5746308E-2,6.829911E-2,-6.46428E-2,-1.5036869E-2,-2.7454376E-2,5.5603027E-2,-3.6748888E-3,-1.2106578E-3,1.6921997E-3,6.6482546E-3],"categories":[],"categories_nodes":[],"categories_segments":[],"categories_sizes":[],"default_left":[0,0,0,0,0,0,0,0,0,0,0,0,0,0,0],"id":83,"left_children":[1,3,5,7,9,-1,-1,-1,-1,11,13,-1,-1,-1,-1],"loss_changes":[1.2348782E0,5.519115E-1,4.072523E-2,3.4446537E-2,1.1748721E-2,0E0,0E0,0E0,0E0,1.2569781E-4,1.3747439E-4,0E0,0E0,0E0,0E0],"parents":[2147483647,0,0,1,1,2,2,3,3,4,4,9,9,10,10],"right_children":[2,4,6,8,10,-1,-1,-1,-1,12,14,-1,-1,-1,-1],"split_conditions":[9.051125E-1,2.0063889E-1,1E0,1.0020941E-1,7.0213723E-1,1.5746308E-2,6.829911E-2,-6.46428E-2,-1.5036869E-2,2.999742E-1,8.020754E-1,-3.6748888E-3,-1.2106578E-3,1.6921997E-3,6.6482546E-3],"split_indices":[0,0,0,0,0,0,0,0,0,0,0,0,0,0,0],"split_type":[0,0,0,0,0,0,0,0,0,0,0,0,0,0,0],"sum_hessian":[9E0,7E0,2E0,2E0,5E0,1E0,1E0,1E0,1E0,3E0,2E0,1E0,2E0,1E0,1E0],"tree_param":{"num_deleted":"0","num_feature":"2","num_nodes":"15","size_leaf_vector":"1"}},{"base_weights":[1.3769066E-2,-1.8239652E-1,5.322876E-1,-5.0463766E-1,9.123485E-3,1.4958954E-2,6.4884186E-2,-6.141066E-2,-1.4284993E-2,-2.5930405E-2,5.2820843E-2,-3.491211E-3,-1.1299134E-3,1.6075134E-3,6.3156127E-3],"categories":[],"categories_nodes":[],"categories_segments":[],"categories_sizes":[],"default_left":[0,0,0,0,0,0,0,0,0,0,0,0,0,0,0],"id":84,"left_children":[1,3,5,7,9,-1,-1,-1,-1,11,13,-1,-1,-1,-1],"loss_changes":[1.1142423E0,4.9832904E-1,3.6755264E-2,3.1088471E-2,1.0560241E-2,0E0,0E0,0E0,0E0,1.3117841E-4,1.2408849E-4,0E0,0E0,0E0,0E0],"parents":[2147483647,0,0,1,1,2,2,3,3,4,4,9,9,10,10],"right_children":[2,4,6,8,10,-1,-1,-1,-1,12,14,-1,-1,-1,-1],"split_conditions":[9.051125E-1,2.0063889E-1,1E0,1.0020941E-1,7.0213723E-1,1.4958954E-2,6.4884186E-2,-6.141066E-2,-1.4284993E-2,2.999742E-1,8.020754E-1,-3.491211E-3,-1.1299134E-3,1.6075134E-3,6.3156127E-3],"split_indices":[0,0,0,0,0,0,0,0,0,0,0,0,0,0,0],"split_type":[0,0,0,0,0,0,0,0,0,0,0,0,0,0,0],"sum_hessian":[9E0,7E0,2E0,2E0,5E0,1E0,1E0,1E0,1E0,3E0,2E0,1E0,2E0,1E0,1E0],"tree_param":{"num_deleted":"0","num_feature":"2","num_nodes":"15","size_leaf_vector":"1"}},{"base_weights":[1.3137328E-2,-1.7320694E-1,5.0567627E-1,-4.794061E-1,8.760452E-3,1.4211274E-2,6.164017E-2,-5.834013E-2,-1.35707855E-2,-2.4493217E-2,5.0178528E-2,-3.3166886E-3,-1.0546367E-3,1.5270234E-3,5.999756E-3],"categories":[],"categories_nodes":[],"categories_segments":[],"categories_sizes":[],"default_left":[0,0,0,0,0,0,0,0,0,0,0,0,0,0,0],"id":85,"left_children":[1,3,5,7,9,-1,-1,-1,-1,11,13,-1,-1,-1,-1],"loss_changes":[1.0054047E0,4.4994587E-1,3.3168674E-2,2.805674E-2,9.492852E-3,0E0,0E0,0E0,0E0,1.3409113E-4,1.1212053E-4,0E0,0E0,0E0,0E0],"parents":[2147483647,0,0,1,1,2,2,3,3,4,4,9,9,10,10],"right_children":[2,4,6,8,10,-1,-1,-1,-1,12,14,-1,-1,-1,-1],"split_conditions":[9.051125E-1,2.0063889E-1,1E0,1.0020941E-1,7.0213723E-1,1.4211274E-2,6.164017E-2,-5.834013E-2,-1.35707855E-2,2.999742E-1,8.020754E-1,-3.3166886E-3,-1.0546367E-3,1.5270234E-3,5.999756E-3],"split_indices":[0,0,0,0,0,0,0,0,0,0,0,0,0,0,0],"split_type":[0,0,0,0,0,0,0,0,0,0,0,0,0,0,0],"sum_hessian":[9E0,7E0,2E0,2E0,5E0,1E0,1E0,1E0,1E0,3E0,2E0,1E0,2E0,1E0,1E0],"tree_param":{"num_deleted":"0","num_feature":"2","num_nodes":"15","size_leaf_vector":"1"}},{"base_weights":[1.2533081E-2,-1.6448082E-1,4.8039246E-1,-4.5543578E-1,8.410136E-3,1.3500976E-2,5.8557894E-2,-5.5423122E-2,-1.2892246E-2,-2.3138046E-2,4.7671E-2,-3.15094E-3,-9.844463E-4,1.4507294E-3,5.699921E-3],"categories":[],"categories_nodes":[],"categories_segments":[],"categories_sizes":[],"default_left":[0,0,0,0,0,0,0,0,0,0,0,0,0,0,0],"id":86,"left_children":[1,3,5,7,9,-1,-1,-1,-1,11,13,-1,-1,-1,-1],"loss_changes":[9.071916E-1,4.0625814E-1,2.9929817E-2,2.5321186E-2,8.534668E-3,0E0,0E0,0E0,0E0,1.3494794E-4,1.01169106E-4,0E0,0E0,0E0,0E0],"parents":[2147483647,0,0,1,1,2,2,3,3,4,4,9,9,10,10],"right_children":[2,4,6,8,10,-1,-1,-1,-1,12,14,-1,-1,-1,-1],"split_conditions":[9.051125E-1,2.0063889E-1,1E0,1.0020941E-1,7.0213723E-1,1.3500976E-2,5.8557894E-2,-5.5423122E-2,-1.2892246E-2,2.999742E-1,8.020754E-1,-3.15094E-3,-9.844463E-4,1.4507294E-3,5.699921E-3],"split_indices":[0,0,0,0,0,0,0,0,0,0,0,0,0,0,0],"split_type":[0,0,0,0,0,0,0,0,0,0,0,0,0,0,0],"sum_hessian":[9E0,7E0,2E0,2E0,5E0,1E0,1E0,1E0,1E0,3E0,2E0,1E0,2E0,1E0,1E0],"tree_param":{"num_deleted":"0","num_feature":"2","num_nodes":"15","size_leaf_vector":"1"}},{"base_weights":[1.1954141E-2,-1.5619609E-1,4.5637003E-1,-4.3266416E-1,8.070628E-3,1.2825775E-2,5.562973E-2,-5.2651968E-2,-1.2247658E-2,-2.1858215E-2,4.528554E-2,-2.993393E-3,-9.188335E-4,1.3782502E-3,5.4145814E-3],"categories":[],"categories_nodes":[],"categories_segments":[],"categories_sizes":[],"default_left":[0,0,0,0,0,0,0,0,0,0,0,0,0,0,0],"id":87,"left_children":[1,3,5,7,9,-1,-1,-1,-1,11,13,-1,-1,-1,-1],"loss_changes":[8.1856954E-1,3.6680788E-1,2.7012646E-2,2.2852182E-2,7.6726573E-3,0E0,0E0,0E0,0E0,1.3423036E-4,9.111175E-5,0E0,0E0,0E0,0E0],"parents":[2147483647,0,0,1,1,2,2,3,3,4,4,9,9,10,10],"right_children":[2,4,6,8,10,-1,-1,-1,-1,12,14,-1,-1,-1,-1],"split_conditions":[9.051125E-1,2.0063889E-1,1E0,1.0020941E-1,7.0213723E-1,1.2825775E-2,5.562973E-2,-5.2651968E-2,-1.2247658E-2,2.999742E-1,8.020754E-1,-2.993393E-3,-9.188335E-4,1.3782502E-3,5.4145814E-3],"split_indices":[0,0,0,0,0,0,0,0,0,0,0,0,0,0,0],"split_type":[0,0,0,0,0,0,0,0,0,0,0,0,0,0,0],"sum_hessian":[9E0,7E0,2E0,2E0,5E0,1E0,1E0,1E0,1E0,3E0,2E0,1E0,2E0,1E0,1E0],"tree_param":{"num_deleted":"0","num_feature":"2","num_nodes":"15","size_leaf_vector":"1"}},{"base_weights":[1.14005925E-2,-1.4832975E-1,4.3354797E-1,-4.1103113E-1,7.7425637E-3,1.2184143E-2,5.2848052E-2,-5.0019365E-2,-1.16353035E-2,-2.0650864E-2,4.301961E-2,-2.8436661E-3,-8.576711E-4,1.3092041E-3,5.143738E-3],"categories":[],"categories_nodes":[],"categories_segments":[],"categories_sizes":[],"default_left":[0,0,0,0,0,0,0,0,0,0,0,0,0,0,0],"id":88,"left_children":[1,3,5,7,9,-1,-1,-1,-1,11,13,-1,-1,-1,-1],"loss_changes":[7.386055E-1,3.311857E-1,2.4382472E-2,2.0623684E-2,6.89821E-3,0E0,0E0,0E0,0E0,1.3213465E-4,8.234987E-5,0E0,0E0,0E0,0E0],"parents":[2147483647,0,0,1,1,2,2,3,3,4,4,9,9,10,10],"right_children":[2,4,6,8,10,-1,-1,-1,-1,12,14,-1,-1,-1,-1],"split_conditions":[9.051125E-1,2.0063889E-1,1E0,1.0020941E-1,7.0213723E-1,1.2184143E-2,5.2848052E-2,-5.0019365E-2,-1.16353035E-2,2.999742E-1,8.020754E-1,-2.8436661E-3,-8.576711E-4,1.3092041E-3,5.143738E-3],"split_indices":[0,0,0,0,0,0,0,0,0,0,0,0,0,0,0],"split_type":[0,0,0,0,0,0,0,0,0,0,0,0,0,0,0],"sum_hessian":[9E0,7E0,2E0,2E0,5E0,1E0,1E0,1E0,1E0,3E0,2E0,1E0,2E0,1E0,1E0],"tree_param":{"num_deleted":"0","num_feature":"2","num_nodes":"15","size_leaf_vector":"1"}},{"base_weights":[1.0874271E-2,-1.4086044E-1,4.118754E-1,-3.904797E-1,7.425944E-3,1.1575318E-2,5.0205994E-2,-4.75184E-2,-1.1053562E-2,-1.9512177E-2,4.0868122E-2,-2.7015687E-3,-8.0057787E-4,1.2435913E-3,4.886627E-3],"categories":[],"categories_nodes":[],"categories_segments":[],"categories_sizes":[],"default_left":[0,0,0,0,0,0,0,0,0,0,0,0,0,0,0],"id":89,"left_children":[1,3,5,7,9,-1,-1,-1,-1,11,13,-1,-1,-1,-1],"loss_changes":[6.664749E-1,2.990208E-1,2.2001863E-2,1.8612593E-2,6.202643E-3,0E0,0E0,0E0,0E0,1.29072E-4,7.451838E-5,0E0,0E0,0E0,0E0],"parents":[2147483647,0,0,1,1,2,2,3,3,4,4,9,9,10,10],"right_children":[2,4,6,8,10,-1,-1,-1,-1,12,14,-1,-1,-1,-1],"split_conditions":[9.051125E-1,2.0063889E-1,1E0,1.0020941E-1,7.0213723E-1,1.1575318E-2,5.0205994E-2,-4.75184E-2,-1.1053562E-2,2.999742E-1,8.020754E-1,-2.7015687E-3,-8.0057787E-4,1.2435913E-3,4.886627E-3],"split_indices":[0,0,0,0,0,0,0,0,0,0,0,0,0,0,0],"split_type":[0,0,0,0,0,0,0,0,0,0,0,0,0,0,0],"sum_hessian":[9E0,7E0,2E0,2E0,5E0,1E0,1E0,1E0,1E0,3E0,2E0,1E0,2E0,1E0,1E0],"tree_param":{"num_deleted":"0","num_feature":"2","num_nodes":"15","size_leaf_vector":"1"}},{"base_weights":[1.0370791E-2,-1.3376693E-1,3.9128113E-1,-3.709559E-1,7.12204E-3,1.0996247E-2,4.7695924E-2,-4.514248E-2,-1.0500908E-2,-1.8436432E-2,3.882599E-2,-2.5665283E-3,-7.4717205E-4,1.1814118E-3,4.6424866E-3],"categories":[],"categories_nodes":[],"categories_segments":[],"categories_sizes":[],"default_left":[0,0,0,0,0,0,0,0,0,0,0,0,0,0,0],"id":90,"left_children":[1,3,5,7,9,-1,-1,-1,-1,11,13,-1,-1,-1,-1],"loss_changes":[6.01376E-1,2.6998043E-1,1.9860923E-2,1.6797632E-2,5.5776397E-3,0E0,0E0,0E0,0E0,1.2528535E-4,6.731041E-5,0E0,0E0,0E0,0E0],"parents":[2147483647,0,0,1,1,2,2,3,3,4,4,9,9,10,10],"right_children":[2,4,6,8,10,-1,-1,-1,-1,12,14,-1,-1,-1,-1],"split_conditions":[9.051125E-1,2.0063889E-1,1E0,1.0020941E-1,7.0213723E-1,1.0996247E-2,4.7695924E-2,-4.514248E-2,-1.0500908E-2,2.999742E-1,8.020754E-1,-2.5665283E-3,-7.4717205E-4,1.1814118E-3,4.6424866E-3],"split_indices":[0,0,0,0,0,0,0,0,0,0,0,0,0,0,0],"split_type":[0,0,0,0,0,0,0,0,0,0,0,0,0,0,0],"sum_hessian":[9E0,7E0,2E0,2E0,5E0,1E0,1E0,1E0,1E0,3E0,2E0,1E0,2E0,1E0,1E0],"tree_param":{"num_deleted":"0","num_feature":"2","num_nodes":"15","size_leaf_vector":"1"}},{"base_weights":[9.88931E-3,-1.270312E-1,3.7171426E-1,-3.5240778E-1,6.8289437E-3,1.0446168E-2,4.5310974E-2,-4.2885356E-2,-9.975815E-3,-1.7420769E-2,3.688558E-2,-2.4381639E-3,-6.973267E-4,1.122284E-3,4.4105533E-3],"categories":[],"categories_nodes":[],"categories_segments":[],"categories_sizes":[],"default_left":[0,0,0,0,0,0,0,0,0,0,0,0,0,0,0],"id":91,"left_children":[1,3,5,7,9,-1,-1,-1,-1,11,13,-1,-1,-1,-1],"loss_changes":[5.42632E-1,2.4375814E-1,1.7926842E-2,1.5160352E-2,5.015764E-3,0E0,0E0,0E0,0E0,1.2087508E-4,6.0861465E-5,0E0,0E0,0E0,0E0],"parents":[2147483647,0,0,1,1,2,2,3,3,4,4,9,9,10,10],"right_children":[2,4,6,8,10,-1,-1,-1,-1,12,14,-1,-1,-1,-1],"split_conditions":[9.051125E-1,2.0063889E-1,1E0,1.0020941E-1,7.0213723E-1,1.0446168E-2,4.5310974E-2,-4.2885356E-2,-9.975815E-3,2.999742E-1,8.020754E-1,-2.4381639E-3,-6.973267E-4,1.122284E-3,4.4105533E-3],"split_indices":[0,0,0,0,0,0,0,0,0,0,0,0,0,0,0],"split_type":[0,0,0,0,0,0,0,0,0,0,0,0,0,0,0],"sum_hessian":[9E0,7E0,2E0,2E0,5E0,1E0,1E0,1E0,1E0,3E0,2E0,1E0,2E0,1E0,1E0],"tree_param":{"num_deleted":"0","num_feature":"2","num_nodes":"15","size_leaf_vector":"1"}},{"base_weights":[9.428168E-3,-1.20636284E-1,3.53124E-1,-3.3478752E-1,6.545385E-3,9.923554E-3,4.3045044E-2,-4.0741086E-2,-9.4770435E-3,-1.646328E-2,3.504181E-2,-2.3162842E-3,-6.5091456E-4,1.0662079E-3,4.1900636E-3],"categories":[],"categories_nodes":[],"categories_segments":[],"categories_sizes":[],"default_left":[0,0,0,0,0,0,0,0,0,0,0,0,0,0,0],"id":92,"left_children":[1,3,5,7,9,-1,-1,-1,-1,11,13,-1,-1,-1,-1],"loss_changes":[4.896256E-1,2.2008021E-1,1.6180903E-2,1.3682008E-2,4.510891E-3,0E0,0E0,0E0,0E0,1.1598307E-4,5.4901E-5,0E0,0E0,0E0,0E0],"parents":[2147483647,0,0,1,1,2,2,3,3,4,4,9,9,10,10],"right_children":[2,4,6,8,10,-1,-1,-1,-1,12,14,-1,-1,-1,-1],"split_conditions":[9.051125E-1,2.0063889E-1,1E0,1.0020941E-1,7.0213723E-1,9.923554E-3,4.3045044E-2,-4.0741086E-2,-9.4770435E-3,2.999742E-1,8.020754E-1,-2.3162842E-3,-6.5091456E-4,1.0662079E-3,4.1900636E-3],"split_indices":[0,0,0,0,0,0,0,0,0,0,0,0,0,0,0],"split_type":[0,0,0,0,0,0,0,0,0,0,0,0,0,0,0],"sum_hessian":[9E0,7E0,2E0,2E0,5E0,1E0,1E0,1E0,1E0,3E0,2E0,1E0,2E0,1E0,1E0],"tree_param":{"num_deleted":"0","num_feature":"2","num_nodes":"15","size_leaf_vector":"1"}},{"base_weights":[8.988917E-3,-1.1456494E-1,3.3546957E-1,-3.1804797E-1,6.2707267E-3,9.427643E-3,4.089279E-2,-3.8704034E-2,-9.003162E-3,-1.55591965E-2,3.328705E-2,-2.2005083E-3,-6.075541E-4,1.0128021E-3,3.980255E-3],"categories":[],"categories_nodes":[],"categories_segments":[],"categories_sizes":[],"default_left":[0,0,0,0,0,0,0,0,0,0,0,0,0,0,0],"id":93,"left_children":[1,3,5,7,9,-1,-1,-1,-1,11,13,-1,-1,-1,-1],"loss_changes":[4.4181252E-1,1.9869846E-1,1.4600664E-2,1.2348294E-2,4.0565054E-3,0E0,0E0,0E0,0E0,1.10829365E-4,4.955684E-5,0E0,0E0,0E0,0E0],"parents":[2147483647,0,0,1,1,2,2,3,3,4,4,9,9,10,10],"right_children":[2,4,6,8,10,-1,-1,-1,-1,12,14,-1,-1,-1,-1],"split_conditions":[9.051125E-1,2.0063889E-1,1E0,1.0020941E-1,7.0213723E-1,9.427643E-3,4.089279E-2,-3.8704034E-2,-9.003162E-3,2.999742E-1,8.020754E-1,-2.2005083E-3,-6.075541E-4,1.0128021E-3,3.980255E-3],"split_indices":[0,0,0,0,0,0,0,0,0,0,0,0,0,0,0],"split_type":[0,0,0,0,0,0,0,0,0,0,0,0,0,0,0],"sum_hessian":[9E0,7E0,2E0,2E0,5E0,1E0,1E0,1E0,1E0,3E0,2E0,1E0,2E0,1E0,1E0],"tree_param":{"num_deleted":"0","num_feature":"2","num_nodes":"15","size_leaf_vector":"1"}},{"base_weights":[8.569312E-3,-1.0879901E-1,3.1869507E-1,-3.0214572E-1,6.0075126E-3,8.956146E-3,3.8848113E-2,-3.676883E-2,-8.553028E-3,-1.4704704E-2,3.1621296E-2,-2.090454E-3,-5.669912E-4,9.6206664E-4,3.781128E-3],"categories":[],"categories_nodes":[],"categories_segments":[],"categories_sizes":[],"default_left":[0,0,0,0,0,0,0,0,0,0,0,0,0,0,0],"id":94,"left_children":[1,3,5,7,9,-1,-1,-1,-1,11,13,-1,-1,-1,-1],"loss_changes":[3.986631E-1,1.7939484E-1,1.31780505E-2,1.1144131E-2,3.648091E-3,0E0,0E0,0E0,0E0,1.0553002E-4,4.4780783E-5,0E0,0E0,0E0,0E0],"parents":[2147483647,0,0,1,1,2,2,3,3,4,4,9,9,10,10],"right_children":[2,4,6,8,10,-1,-1,-1,-1,12,14,-1,-1,-1,-1],"split_conditions":[9.051125E-1,2.0063889E-1,1E0,1.0020941E-1,7.0213723E-1,8.956146E-3,3.8848113E-2,-3.676883E-2,-8.553028E-3,2.999742E-1,8.020754E-1,-2.090454E-3,-5.669912E-4,9.6206664E-4,3.781128E-3],"split_indices":[0,0,0,0,0,0,0,0,0,0,0,0,0,0,0],"split_type":[0,0,0,0,0,0,0,0,0,0,0,0,0,0,0],"sum_hessian":[9E0,7E0,2E0,2E0,5E0,1E0,1E0,1E0,1E0,3E0,2E0,1E0,2E0,1E0,1E0],"tree_param":{"num_deleted":"0","num_feature":"2","num_nodes":"15","size_leaf_vector":"1"}},{"base_weights":[8.168668E-3,-1.0332409E-1,3.027598E-1,-2.870386E-1,5.753835E-3,8.508301E-3,3.6905672E-2,-3.493039E-2,-8.125401E-3,-1.38988495E-2,3.0039469E-2,-1.9859315E-3,-5.292257E-4,9.140015E-4,3.591919E-3],"categories":[],"categories_nodes":[],"categories_segments":[],"categories_sizes":[],"default_left":[0,0,0,0,0,0,0,0,0,0,0,0,0,0,0],"id":95,"left_children":[1,3,5,7,9,-1,-1,-1,-1,11,13,-1,-1,-1,-1],"loss_changes":[3.5973018E-1,1.6196513E-1,1.1893421E-2,1.0057375E-2,3.2811814E-3,0E0,0E0,0E0,0E0,1.0009657E-4,4.034699E-5,0E0,0E0,0E0,0E0],"parents":[2147483647,0,0,1,1,2,2,3,3,4,4,9,9,10,10],"right_children":[2,4,6,8,10,-1,-1,-1,-1,12,14,-1,-1,-1,-1],"split_conditions":[9.051125E-1,2.0063889E-1,1E0,1.0020941E-1,7.0213723E-1,8.508301E-3,3.6905672E-2,-3.493039E-2,-8.125401E-3,2.999742E-1,8.020754E-1,-1.9859315E-3,-5.292257E-4,9.140015E-4,3.591919E-3],"split_indices":[0,0,0,0,0,0,0,0,0,0,0,0,0,0,0],"split_type":[0,0,0,0,0,0,0,0,0,0,0,0,0,0,0],"sum_hessian":[9E0,7E0,2E0,2E0,5E0,1E0,1E0,1E0,1E0,3E0,2E0,1E0,2E0,1E0,1E0],"tree_param":{"num_deleted":"0","num_feature":"2","num_nodes":"15","size_leaf_vector":"1"}},{"base_weights":[7.785976E-3,-9.812428E-2,2.87618E-1,-2.726867E-1,5.510966E-3,8.082581E-3,3.506012E-2,-3.318387E-2,-7.7191354E-3,-1.3137817E-2,2.8539022E-2,-1.6100565E-3,-2.1247864E-4,8.682251E-4,3.4126283E-3],"categories":[],"categories_nodes":[],"categories_segments":[],"categories_sizes":[],"default_left":[0,0,0,0,0,0,0,0,0,0,0,0,0,0,0],"id":96,"left_children":[1,3,5,7,9,-1,-1,-1,-1,11,13,-1,-1,-1,-1],"loss_changes":[3.2459313E-1,1.4622931E-1,1.0735691E-2,9.076729E-3,2.9516118E-3,0E0,0E0,0E0,0E0,9.630504E-5,3.654184E-5,0E0,0E0,0E0,0E0],"parents":[2147483647,0,0,1,1,2,2,3,3,4,4,9,9,10,10],"right_children":[2,4,6,8,10,-1,-1,-1,-1,12,14,-1,-1,-1,-1],"split_conditions":[9.051125E-1,2.0063889E-1,1E0,1.0020941E-1,7.0213723E-1,8.082581E-3,3.506012E-2,-3.318387E-2,-7.7191354E-3,5.0232303E-1,8.020754E-1,-1.6100565E-3,-2.1247864E-4,8.682251E-4,3.4126283E-3],"split_indices":[0,0,0,0,0,0,0,0,0,0,0,0,0,0,0],"split_type":[0,0,0,0,0,0,0,0,0,0,0,0,0,0,0],"sum_hessian":[9E0,7E0,2E0,2E0,5E0,1E0,1E0,1E0,1E0,3E0,2E0,2E0,1E0,1E0,1E0],"tree_param":{"num_deleted":"0","num_feature":"2","num_nodes":"15","size_leaf_vector":"1"}},{"base_weights":[7.4756322E-3,-9.311823E-2,2.7323404E-1,-2.5905237E-1,5.368551E-3,7.678223E-3,3.3306886E-2,-3.1524673E-2,-7.333183E-3,-1.22795105E-2,2.7109781E-2,-1.8060685E-3,-4.3322245E-4,8.2473754E-4,3.2417297E-3],"categories":[],"categories_nodes":[],"categories_segments":[],"categories_sizes":[],"default_left":[0,0,0,0,0,0,0,0,0,0,0,0,0,0,0],"id":97,"left_children":[1,3,5,7,9,-1,-1,-1,-1,11,13,-1,-1,-1,-1],"loss_changes":[2.927797E-1,1.321293E-1,9.690195E-3,8.19172E-3,2.6350382E-3,0E0,0E0,0E0,0E0,1.0553561E-4,3.2979762E-5,0E0,0E0,0E0,0E0],"parents":[2147483647,0,0,1,1,2,2,3,3,4,4,9,9,10,10],"right_children":[2,4,6,8,10,-1,-1,-1,-1,12,14,-1,-1,-1,-1],"split_conditions":[9.051125E-1,2.0063889E-1,1E0,1.0020941E-1,7.0213723E-1,7.678223E-3,3.3306886E-2,-3.1524673E-2,-7.333183E-3,2.999742E-1,8.020754E-1,-1.8060685E-3,-4.3322245E-4,8.2473754E-4,3.2417297E-3],"split_indices":[0,0,0,0,0,0,0,0,0,0,0,0,0,0,0],"split_type":[0,0,0,0,0,0,0,0,0,0,0,0,0,0,0],"sum_hessian":[9E0,7E0,2E0,2E0,5E0,1E0,1E0,1E0,1E0,3E0,2E0,1E0,2E0,1E0,1E0],"tree_param":{"num_deleted":"0","num_feature":"2","num_nodes":"15","size_leaf_vector":"1"}},{"base_weights":[7.1244896E-3,-8.843402E-2,2.5957236E-1,-2.4609958E-1,5.1377616E-3,7.2944644E-3,3.164139E-2,-2.9948441E-2,-6.9664954E-3,-1.1610985E-2,2.5756836E-2,-1.7158509E-3,-4.0423076E-4,7.8353885E-4,3.0799867E-3],"categories":[],"categories_nodes":[],"categories_segments":[],"categories_sizes":[],"default_left":[0,0,0,0,0,0,0,0,0,0,0,0,0,0,0],"id":98,"left_children":[1,3,5,7,9,-1,-1,-1,-1,11,13,-1,-1,-1,-1],"loss_changes":[2.6419044E-1,1.1928878E-1,8.743912E-3,7.393226E-3,2.3711242E-3,0E0,0E0,0E0,0E0,9.858969E-5,2.980628E-5,0E0,0E0,0E0,0E0],"parents":[2147483647,0,0,1,1,2,2,3,3,4,4,9,9,10,10],"right_children":[2,4,6,8,10,-1,-1,-1,-1,12,14,-1,-1,-1,-1],"split_conditions":[9.051125E-1,2.0063889E-1,1E0,1.0020941E-1,7.0213723E-1,7.2944644E-3,3.164139E-2,-2.9948441E-2,-6.9664954E-3,2.999742E-1,8.020754E-1,-1.7158509E-3,-4.0423076E-4,7.8353885E-4,3.0799867E-3],"split_indices":[0,0,0,0,0,0,0,0,0,0,0,0,0,0,0],"split_type":[0,0,0,0,0,0,0,0,0,0,0,0,0,0,0],"sum_hessian":[9E0,7E0,2E0,2E0,5E0,1E0,1E0,1E0,1E0,3E0,2E0,1E0,2E0,1E0,1E0],"tree_param":{"num_deleted":"0","num_feature":"2","num_nodes":"15","size_leaf_vector":"1"}},{"base_weights":[6.7875744E-3,-8.398761E-2,2.4659221E-1,-2.3379488E-1,4.9139657E-3,6.929779E-3,3.0059053E-2,-2.845102E-2,-6.618214E-3,-1.0979652E-2,2.4467468E-2,-1.6300202E-3,-3.7727357E-4,7.4424746E-4,2.9258728E-3],"categories":[],"categories_nodes":[],"categories_segments":[],"categories_sizes":[],"default_left":[0,0,0,0,0,0,0,0,0,0,0,0,0,0,0],"id":99,"left_children":[1,3,5,7,9,-1,-1,-1,-1,11,13,-1,-1,-1,-1],"loss_changes":[2.3839378E-1,1.0769368E-1,7.8905225E-3,6.672114E-3,2.1332996E-3,0E0,0E0,0E0,0E0,9.1882655E-5,2.69562E-5,0E0,0E0,0E0,0E0],"parents":[2147483647,0,0,1,1,2,2,3,3,4,4,9,9,10,10],"right_children":[2,4,6,8,10,-1,-1,-1,-1,12,14,-1,-1,-1,-1],"split_conditions":[9.051125E-1,2.0063889E-1,1E0,1.0020941E-1,7.0213723E-1,6.929779E-3,3.0059053E-2,-2.845102E-2,-6.618214E-3,2.999742E-1,8.020754E-1,-1.6300202E-3,-3.7727357E-4,7.4424746E-4,2.9258728E-3],"split_indices":[0,0,0,0,0,0,0,0,0,0,0,0,0,0,0],"split_type":[0,0,0,0,0,0,0,0,0,0,0,0,0,0,0],"sum_hessian":[9E0,7E0,2E0,2E0,5E0,1E0,1E0,1E0,1E0,3E0,2E0,1E0,2E0,1E0,1E0],"tree_param":{"num_deleted":"0","num_feature":"2","num_nodes":"15","size_leaf_vector":"1"}}]},"name":"gbtree"},"learner_model_param":{"base_score":"8.7666664E1","boost_from_average":"1","num_class":"0","num_feature":"2","num_target":"1"},"objective":{"name":"reg:squarederror","reg_loss_param":{"scale_pos_weight":"1"}}},"version":[2,0,1]}