{"learner":{"attributes":{"scikit_learn":"{\"_estimator_type\": \"regressor\"}"},"feature_names":[],"feature_types":[],"gradient_booster":{"model":{"gbtree_model_param":{"num_parallel_tree":"1","num_trees":"100"},"iteration_indptr":[0,1,2,3,4,5,6,7,8,9,10,11,12,13,14,15,16,17,18,19,20,21,22,23,24,25,26,27,28,29,30,31,32,33,34,35,36,37,38,39,40,41,42,43,44,45,46,47,48,49,50,51,52,53,54,55,56,57,58,59,60,61,62,63,64,65,66,67,68,69,70,71,72,73,74,75,76,77,78,79,80,81,82,83,84,85,86,87,88,89,90,91,92,93,94,95,96,97,98,99,100],"tree_info":[0,0,0,0,0,0,0,0,0,0,0,0,0,0,0,0,0,0,0,0,0,0,0,0,0,0,0,0,0,0,0,0,0,0,0,0,0,0,0,0,0,0,0,0,0,0,0,0,0,0,0,0,0,0,0,0,0,0,0,0,0,0,0,0,0,0,0,0,0,0,0,0,0,0,0,0,0,0,0,0,0,0,0,0,0,0,0,0,0,0,0,0,0,0,0,0,0,0,0,0],"trees":[{"base_weights":[-3.0517579E-6,-2.8488892E1,2.3740738E1,-3.4083335E0,-3.0555573E-1,3.4444427E-1,2.7111108E0],"categories":[],"categories_nodes":[],"categories_segments":[],"categories_sizes":[],"default_left":[0,0,0,0,0,0,0],"id":0,"left_children":[1,3,5,-1,-1,-1,-1],"loss_changes":[7.4398203E3,6.0728345E2,3.170537E2,0E0,0E0,0E0,0E0],"parents":[2147483647,0,0,1,1,2,2],"right_children":[2,4,6,-1,-1,-1,-1],"split_conditions":[5.020544E-1,4.014847E-1,6.000464E-1,-3.4083335E0,-3.0555573E-1,3.4444427E-1,2.7111108E0],"split_indices":[0,0,0,0,0,0,0],"split_type":[0,0,0,0,0,0,0],"sum_hessian":[9E0,4E0,5E0,3E0,1E0,1E0,4E0],"tree_param":{"num_deleted":"0","num_feature":"2","num_nodes":"7","size_leaf_vector":"1"}},{"base_weights":[-6.584473E-2,-2.6382788E1,2.1875916E1,-3.1527092E0,-2.9027864E-1,3.272217E-1,2.4942212E0],"categories":[],"categories_nodes":[],"categories_segments":[],"categories_sizes":[],"default_left":[0,0,0,0,0,0,0],"id":1,"left_children":[1,3,5,-1,-1,-1,-1],"loss_changes":[6.351548E3,5.1242505E2,2.6065063E2,0E0,0E0,0E0,0E0],"parents":[2147483647,0,0,1,1,2,2],"right_children":[2,4,6,-1,-1,-1,-1],"split_conditions":[5.020544E-1,4.014847E-1,6.000464E-1,-3.1527092E0,-2.9027864E-1,3.272217E-1,2.4942212E0],"split_indices":[0,0,0,0,0,0,0],"split_type":[0,0,0,0,0,0,0],"sum_hessian":[9E0,4E0,5E0,3E0,1E0,1E0,4E0],"tree_param":{"num_deleted":"0","num_feature":"2","num_nodes":"7","size_leaf_vector":"1"}},{"base_weights":[-1.2141724E-1,-2.4433105E1,2.015856E1,-2.916256E0,-2.7576447E-1,6.6335857E-1,2.526265E0],"categories":[],"categories_nodes":[],"categories_segments":[],"categories_sizes":[],"default_left":[0,0,0,0,0,0,0],"id":2,"left_children":[1,3,5,-1,-1,-1,-1],"loss_changes":[5.422941E3,4.321455E2,2.4661426E2,0E0,0E0,0E0,0E0],"parents":[2147483647,0,0,1,1,2,2],"right_children":[2,4,6,-1,-1,-1,-1],"split_conditions":[5.020544E-1,4.014847E-1,7.002415E-1,-2.916256E0,-2.7576447E-1,6.6335857E-1,2.526265E0],"split_indices":[0,0,0,0,0,0,0],"split_type":[0,0,0,0,0,0,0],"sum_hessian":[9E0,4E0,5E0,3E0,1E0,2E0,3E0],"tree_param":{"num_deleted":"0","num_feature":"2","num_nodes":"7","size_leaf_vector":"1"}},{"base_weights":[-1.0951843E-1,-2.2628199E1,1.8674301E1,-2.6975365E0,-2.6197663E-1,6.1913455E-1,2.3367944E0],"categories":[],"categories_nodes":[],"categories_segments":[],"categories_sizes":[],"default_left":[0,0,0,0,0,0,0],"id":3,"left_children":[1,3,5,-1,-1,-1,-1],"loss_changes":[4.6524336E3,3.642307E2,2.0686401E2,0E0,0E0,0E0,0E0],"parents":[2147483647,0,0,1,1,2,2],"right_children":[2,4,6,-1,-1,-1,-1],"split_conditions":[5.020544E-1,4.014847E-1,7.002415E-1,-2.6975365E0,-2.6197663E-1,6.1913455E-1,2.3367944E0],"split_indices":[0,0,0,0,0,0,0],"split_type":[0,0,0,0,0,0,0],"sum_hessian":[9E0,4E0,5E0,3E0,1E0,2E0,3E0],"tree_param":{"num_deleted":"0","num_feature":"2","num_nodes":"7","size_leaf_vector":"1"}},{"base_weights":[-9.8925784E-2,-2.0957281E1,1.7299524E1,-2.495221E0,-2.4887848E-1,5.778585E-1,2.161535E0],"categories":[],"categories_nodes":[],"categories_segments":[],"categories_sizes":[],"default_left":[0,0,0,0,0,0,0],"id":4,"left_children":[1,3,5,-1,-1,-1,-1],"loss_changes":[3.9915818E3,3.0680078E2,1.7342786E2,0E0,0E0,0E0,0E0],"parents":[2147483647,0,0,1,1,2,2],"right_children":[2,4,6,-1,-1,-1,-1],"split_conditions":[5.020544E-1,4.014847E-1,7.002415E-1,-2.495221E0,-2.4887848E-1,5.778585E-1,2.161535E0],"split_indices":[0,0,0,0,0,0,0],"split_type":[0,0,0,0,0,0,0],"sum_hessian":[9E0,4E0,5E0,3E0,1E0,2E0,3E0],"tree_param":{"num_deleted":"0","num_feature":"2","num_nodes":"7","size_leaf_vector":"1"}},{"base_weights":[-8.9505E-2,-1.9410381E1,1.6026144E1,-2.3080804E0,-2.3643494E-1,2.1784364E-1,1.8359997E0],"categories":[],"categories_nodes":[],"categories_segments":[],"categories_sizes":[],"default_left":[0,0,0,0,0,0,0],"id":5,"left_children":[1,3,5,-1,-1,-1,-1],"loss_changes":[3.4247583E3,2.5825928E2,1.5391516E2,0E0,0E0,0E0,0E0],"parents":[2147483647,0,0,1,1,2,2],"right_children":[2,4,6,-1,-1,-1,-1],"split_conditions":[5.020544E-1,4.014847E-1,6.000464E-1,-2.3080804E0,-2.3643494E-1,2.1784364E-1,1.8359997E0],"split_indices":[0,0,0,0,0,0,0],"split_type":[0,0,0,0,0,0,0],"sum_hessian":[9E0,4E0,5E0,3E0,1E0,1E0,4E0],"tree_param":{"num_deleted":"0","num_feature":"2","num_nodes":"7","size_leaf_vector":"1"}},{"base_weights":[-1.2962036E-1,-1.7978247E1,1.4765839E1,-2.1349747E0,-2.2461243E-1,4.7087404E-1,1.8617203E0],"categories":[],"categories_nodes":[],"categories_segments":[],"categories_sizes":[],"default_left":[0,0,0,0,0,0,0],"id":6,"left_children":[1,3,5,-1,-1,-1,-1],"loss_changes":[2.9240986E3,2.1725012E2,1.447378E2,0E0,0E0,0E0,0E0],"parents":[2147483647,0,0,1,1,2,2],"right_children":[2,4,6,-1,-1,-1,-1],"split_conditions":[5.020544E-1,4.014847E-1,7.002415E-1,-2.1349747E0,-2.2461243E-1,4.7087404E-1,1.8617203E0],"split_indices":[0,0,0,0,0,0,0],"split_type":[0,0,0,0,0,0,0],"sum_hessian":[9E0,4E0,5E0,3E0,1E0,2E0,3E0],"tree_param":{"num_deleted":"0","num_feature":"2","num_nodes":"7","size_leaf_vector":"1"}},{"base_weights":[-1.1936035E-1,-1.6652338E1,1.3678014E1,-2.233201E0,-5.421885E-1,4.394816E-1,1.722091E0],"categories":[],"categories_nodes":[],"categories_segments":[],"categories_sizes":[],"default_left":[0,0,0,0,0,0,0],"id":7,"left_children":[1,3,5,-1,-1,-1,-1],"loss_changes":[2.5088877E3,1.9784497E2,1.2165369E2,0E0,0E0,0E0,0E0],"parents":[2147483647,0,0,1,1,2,2],"right_children":[2,4,6,-1,-1,-1,-1],"split_conditions":[5.020544E-1,2.0289448E-1,7.002415E-1,-2.233201E0,-5.421885E-1,4.394816E-1,1.722091E0],"split_indices":[0,0,0,0,0,0,0],"split_type":[0,0,0,0,0,0,0],"sum_hessian":[9E0,4E0,5E0,2E0,2E0,2E0,3E0],"tree_param":{"num_deleted":"0","num_feature":"2","num_nodes":"7","size_leaf_vector":"1"}},{"base_weights":[-1.6880187E-1,-1.5542181E1,1.2670482E1,-2.08432E0,-5.060435E-1,4.101827E-1,1.5929352E0],"categories":[],"categories_nodes":[],"categories_segments":[],"categories_sizes":[],"default_left":[0,0,0,0,0,0,0],"id":8,"left_children":[1,3,5,-1,-1,-1,-1],"loss_changes":[2.1707585E3,1.72344E2,1.0220532E2,0E0,0E0,0E0,0E0],"parents":[2147483647,0,0,1,1,2,2],"right_children":[2,4,6,-1,-1,-1,-1],"split_conditions":[5.020544E-1,2.0289448E-1,7.002415E-1,-2.08432E0,-5.060435E-1,4.101827E-1,1.5929352E0],"split_indices":[0,0,0,0,0,0,0],"split_type":[0,0,0,0,0,0,0],"sum_hessian":[9E0,4E0,5E0,2E0,2E0,2E0,3E0],"tree_param":{"num_deleted":"0","num_feature":"2","num_nodes":"7","size_leaf_vector":"1"}},{"base_weights":[-2.1064453E-1,-1.4506037E1,1.1737289E1,-1.732769E0,-1.6097108E-1,1.4092408E-1,1.3521051E0],"categories":[],"categories_nodes":[],"categories_segments":[],"categories_sizes":[],"default_left":[0,0,0,0,0,0,0],"id":9,"left_children":[1,3,5,-1,-1,-1,-1],"loss_changes":[1.8782655E3,1.5405225E2,9.14823E1,0E0,0E0,0E0,0E0],"parents":[2147483647,0,0,1,1,2,2],"right_children":[2,4,6,-1,-1,-1,-1],"split_conditions":[5.020544E-1,4.014847E-1,6.000464E-1,-1.732769E0,-1.6097108E-1,1.4092408E-1,1.3521051E0],"split_indices":[0,0,0,0,0,0,0],"split_type":[0,0,0,0,0,0,0],"sum_hessian":[9E0,4E0,5E0,3E0,1E0,1E0,4E0],"tree_param":{"num_deleted":"0","num_feature":"2","num_nodes":"7","size_leaf_vector":"1"}},{"base_weights":[-2.2965392E-1,-1.3434179E1,1.0812393E1,-1.8298472E0,-4.0918276E-1,3.3306885E-1,1.3720573E0],"categories":[],"categories_nodes":[],"categories_segments":[],"categories_sizes":[],"default_left":[0,0,0,0,0,0,0],"id":10,"left_children":[1,3,5,-1,-1,-1,-1],"loss_changes":[1.6033055E3,1.5234552E2,8.4849915E1,0E0,0E0,0E0,0E0],"parents":[2147483647,0,0,1,1,2,2],"right_children":[2,4,6,-1,-1,-1,-1],"split_conditions":[5.020544E-1,2.0289448E-1,7.002415E-1,-1.8298472E0,-4.0918276E-1,3.3306885E-1,1.3720573E0],"split_indices":[0,0,0,0,0,0,0],"split_type":[0,0,0,0,0,0,0],"sum_hessian":[9E0,4E0,5E0,2E0,2E0,2E0,3E0],"tree_param":{"num_deleted":"0","num_feature":"2","num_nodes":"7","size_leaf_vector":"1"}},{"base_weights":[-2.6008302E-1,-1.25385685E1,1.0015335E1,-1.7078574E0,-3.819041E-1,4.311989E0,1.4281353E0,1.1722412E-1,4.9678245E-1],"categories":[],"categories_nodes":[],"categories_segments":[],"categories_sizes":[],"default_left":[0,0,0,0,0,0,0,0,0],"id":11,"left_children":[1,3,5,-1,-1,7,-1,-1,-1],"loss_changes":[1.3872438E3,1.3270972E2,8.4402405E1,0E0,0E0,2.4131393E0,0E0,0E0,0E0],"parents":[2147483647,0,0,1,1,2,2,5,5],"right_children":[2,4,6,-1,-1,8,-1,-1,-1],"split_conditions":[5.020544E-1,2.0289448E-1,7.992434E-1,-1.7078574E0,-3.819041E-1,6.000464E-1,1.4281353E0,1.1722412E-1,4.9678245E-1],"split_indices":[0,0,0,0,0,0,0,0,0],"split_type":[0,0,0,0,0,0,0,0,0],"sum_hessian":[9E0,4E0,5E0,2E0,2E0,3E0,2E0,1E0,2E0],"tree_param":{"num_deleted":"0","num_feature":"2","num_nodes":"9","size_leaf_vector":"1"}},{"base_weights":[-2.3883972E-1,-1.1702667E1,9.3541565E0,-1.5940002E0,-3.564443E-1,4.0342865E0,1.3329265E0,1.11363225E-1,4.636627E-1],"categories":[],"categories_nodes":[],"categories_segments":[],"categories_sizes":[],"default_left":[0,0,0,0,0,0,0,0,0],"id":12,"left_children":[1,3,5,-1,-1,7,-1,-1,-1],"loss_changes":[1.2091931E3,1.1560474E2,7.310828E1,0E0,0E0,1.8734207E0,0E0,0E0,0E0],"parents":[2147483647,0,0,1,1,2,2,5,5],"right_children":[2,4,6,-1,-1,8,-1,-1,-1],"split_conditions":[5.020544E-1,2.0289448E-1,7.992434E-1,-1.5940002E0,-3.564443E-1,6.000464E-1,1.3329265E0,1.11363225E-1,4.636627E-1],"split_indices":[0,0,0,0,0,0,0,0,0],"split_type":[0,0,0,0,0,0,0,0,0],"sum_hessian":[9E0,4E0,5E0,2E0,2E0,3E0,2E0,1E0,2E0],"tree_param":{"num_deleted":"0","num_feature":"2","num_nodes":"9","size_leaf_vector":"1"}},{"base_weights":[-2.1920165E-1,-1.31753845E1,7.215646E0,-1.487734E0,-4.0347597E-1,6.832886E-2,1.0060907E1,-9.554596E-2,1.0579529E-1,4.3275246E-1,1.2440654E0],"categories":[],"categories_nodes":[],"categories_segments":[],"categories_sizes":[],"default_left":[0,0,0,0,0,0,0,0,0,0,0],"id":13,"left_children":[1,3,5,-1,-1,7,9,-1,-1,-1,-1],"loss_changes":[1.0583413E3,2.201233E0,1.4166443E2,0E0,0E0,4.050328E0,1.4382782E1,0E0,0E0,0E0,0E0],"parents":[2147483647,0,0,1,1,2,2,5,5,6,6],"right_children":[2,4,6,-1,-1,8,10,-1,-1,-1,-1],"split_conditions":[4.014847E-1,2.0289448E-1,6.000464E-1,-1.487734E0,-4.0347597E-1,5.020544E-1,7.992434E-1,-9.554596E-2,1.0579529E-1,4.3275246E-1,1.2440654E0],"split_indices":[0,0,0,0,0,0,0,0,0,0,0],"split_type":[0,0,0,0,0,0,0,0,0,0,0],"sum_hessian":[9E0,3E0,6E0,2E0,1E0,2E0,4E0,1E0,1E0,2E0,2E0],"tree_param":{"num_deleted":"0","num_feature":"2","num_nodes":"11","size_leaf_vector":"1"}},{"base_weights":[-2.1769714E-1,-1.233065E0,6.73509E0,6.491089E-2,9.39018E0,-9.0768434E-2,1.0050507E-1,4.0390322E-1,1.1611267E0],"categories":[],"categories_nodes":[],"categories_segments":[],"categories_sizes":[],"default_left":[0,0,0,0,0,0,0,0,0],"id":14,"left_children":[1,-1,3,5,7,-1,-1,-1,-1],"loss_changes":[9.252359E2,0E0,1.23359924E2,3.6553953E0,1.2528564E1,0E0,0E0,0E0,0E0],"parents":[2147483647,0,0,2,2,3,3,4,4],"right_children":[2,-1,4,6,8,-1,-1,-1,-1],"split_conditions":[4.014847E-1,-1.233065E0,6.000464E-1,5.020544E-1,7.992434E-1,-9.0768434E-2,1.0050507E-1,4.0390322E-1,1.1611267E0],"split_indices":[0,0,0,0,0,0,0,0,0],"split_type":[0,0,0,0,0,0,0,0,0],"sum_hessian":[9E0,3E0,6E0,2E0,4E0,1E0,1E0,2E0,2E0],"tree_param":{"num_deleted":"0","num_feature":"2","num_nodes":"9","size_leaf_vector":"1"}},{"base_weights":[-1.6175842E-1,-1.1405853E1,6.286547E0,-1.3063477E0,-3.2164916E-1,6.166585E-2,8.764166E0,-8.623047E-2,9.5480345E-2,3.7697652E-1,1.0837178E0],"categories":[],"categories_nodes":[],"categories_segments":[],"categories_sizes":[],"default_left":[0,0,0,0,0,0,0,0,0,0,0],"id":15,"left_children":[1,3,5,-1,-1,7,9,-1,-1,-1,-1],"loss_changes":[7.96757E2,1.2280945E1,1.0741974E2,0E0,0E0,3.29903E0,1.0913696E1,0E0,0E0,0E0,0E0],"parents":[2147483647,0,0,1,1,2,2,5,5,6,6],"right_children":[2,4,6,-1,-1,8,10,-1,-1,-1,-1],"split_conditions":[4.014847E-1,2.0289448E-1,6.000464E-1,-1.3063477E0,-3.2164916E-1,5.020544E-1,7.992434E-1,-8.623047E-2,9.5480345E-2,3.7697652E-1,1.0837178E0],"split_indices":[0,0,0,0,0,0,0,0,0,0,0],"split_type":[0,0,0,0,0,0,0,0,0,0,0],"sum_hessian":[9E0,3E0,6E0,2E0,1E0,2E0,4E0,1E0,1E0,2E0,2E0],"tree_param":{"num_deleted":"0","num_feature":"2","num_nodes":"11","size_leaf_vector":"1"}},{"base_weights":[-1.613861E-1,-8.865484E0,7.118927E0,-1.2192577E0,-2.5832316E-1,3.0923615E0,1.0114706E0,9.070587E-2,3.5184428E-1],"categories":[],"categories_nodes":[],"categories_segments":[],"categories_sizes":[],"default_left":[0,0,0,0,0,0,0,0,0],"id":16,"left_children":[1,3,5,-1,-1,7,-1,-1,-1],"loss_changes":[6.967984E2,7.30119E1,4.109784E1,0E0,0E0,5.3303146E-1,0E0,0E0,0E0],"parents":[2147483647,0,0,1,1,2,2,5,5],"right_children":[2,4,6,-1,-1,8,-1,-1,-1],"split_conditions":[5.020544E-1,2.0289448E-1,7.992434E-1,-1.2192577E0,-2.5832316E-1,6.000464E-1,1.0114706E0,9.070587E-2,3.5184428E-1],"split_indices":[0,0,0,0,0,0,0,0,0],"split_type":[0,0,0,0,0,0,0,0,0],"sum_hessian":[9E0,4E0,5E0,2E0,2E0,3E0,2E0,1E0,2E0],"tree_param":{"num_deleted":"0","num_feature":"2","num_nodes":"9","size_leaf_vector":"1"}},{"base_weights":[-1.4760284E-1,-9.998058E0,5.502315E0,-1.1379741E0,-2.926506E-1,1.14461266E-1,7.6345644E0,-6.900177E-2,8.6170964E-2,3.2838848E-1,9.4403887E-1],"categories":[],"categories_nodes":[],"categories_segments":[],"categories_sizes":[],"default_left":[0,0,0,0,0,0,0,0,0,0,0],"id":17,"left_children":[1,3,5,-1,-1,7,9,-1,-1,-1,-1],"loss_changes":[6.1155505E2,5.7796936E0,7.954387E1,0E0,0E0,2.3980315E0,8.281647E0,0E0,0E0,0E0,0E0],"parents":[2147483647,0,0,1,1,2,2,5,5,6,6],"right_children":[2,4,6,-1,-1,8,10,-1,-1,-1,-1],"split_conditions":[4.014847E-1,2.0289448E-1,6.000464E-1,-1.1379741E0,-2.926506E-1,5.020544E-1,7.992434E-1,-6.900177E-2,8.6170964E-2,3.2838848E-1,9.4403887E-1],"split_indices":[0,0,0,0,0,0,0,0,0,0,0],"split_type":[0,0,0,0,0,0,0,0,0,0,0],"sum_hessian":[9E0,3E0,6E0,2E0,1E0,2E0,4E0,1E0,1E0,2E0,2E0],"tree_param":{"num_deleted":"0","num_feature":"2","num_nodes":"11","size_leaf_vector":"1"}},{"base_weights":[-1.4694825E-1,-9.355911E0,5.136309E0,-1.0621094E0,-2.780182E-1,1.0873413E-1,7.125592E0,-6.555176E-2,8.1861876E-2,3.0649516E-1,8.811035E-1],"categories":[],"categories_nodes":[],"categories_segments":[],"categories_sizes":[],"default_left":[0,0,0,0,0,0,0,0,0,0,0],"id":18,"left_children":[1,3,5,-1,-1,7,9,-1,-1,-1,-1],"loss_changes":[5.34588E2,3.7494202E0,6.9234116E1,0E0,0E0,2.1642106E0,7.214493E0,0E0,0E0,0E0,0E0],"parents":[2147483647,0,0,1,1,2,2,5,5,6,6],"right_children":[2,4,6,-1,-1,8,10,-1,-1,-1,-1],"split_conditions":[4.014847E-1,2.0289448E-1,6.000464E-1,-1.0621094E0,-2.780182E-1,5.020544E-1,7.992434E-1,-6.555176E-2,8.1861876E-2,3.0649516E-1,8.811035E-1],"split_indices":[0,0,0,0,0,0,0,0,0,0,0],"split_type":[0,0,0,0,0,0,0,0,0,0,0],"sum_hessian":[9E0,3E0,6E0,2E0,1E0,2E0,4E0,1E0,1E0,2E0,2E0],"tree_param":{"num_deleted":"0","num_feature":"2","num_nodes":"11","size_leaf_vector":"1"}},{"base_weights":[-1.4587402E-1,-8.755356E0,4.794669E0,-9.913025E-1,-2.6411745E-1,1.03302E-1,6.6505556E0,-6.227417E-2,7.776947E-2,2.8606263E-1,8.223633E-1],"categories":[],"categories_nodes":[],"categories_segments":[],"categories_sizes":[],"default_left":[0,0,0,0,0,0,0,0,0,0,0],"id":19,"left_children":[1,3,5,-1,-1,7,9,-1,-1,-1,-1],"loss_changes":[4.673342E2,2.1307373E0,6.025949E1,0E0,0E0,1.9532187E0,6.2845154E0,0E0,0E0,0E0,0E0],"parents":[2147483647,0,0,1,1,2,2,5,5,6,6],"right_children":[2,4,6,-1,-1,8,10,-1,-1,-1,-1],"split_conditions":[4.014847E-1,2.0289448E-1,6.000464E-1,-9.913025E-1,-2.6411745E-1,5.020544E-1,7.992434E-1,-6.227417E-2,7.776947E-2,2.8606263E-1,8.223633E-1],"split_indices":[0,0,0,0,0,0,0,0,0,0,0],"split_type":[0,0,0,0,0,0,0,0,0,0,0],"sum_hessian":[9E0,3E0,6E0,2E0,1E0,2E0,4E0,1E0,1E0,2E0,2E0],"tree_param":{"num_deleted":"0","num_feature":"2","num_nodes":"11","size_leaf_vector":"1"}},{"base_weights":[-1.4443512E-1,-8.193676E0,4.4757648E0,-1.0689118E0,-3.798823E-1,9.572525E-1,6.8753356E-1,-5.9159853E-2,1.6707358E-1],"categories":[],"categories_nodes":[],"categories_segments":[],"categories_sizes":[],"default_left":[0,0,0,0,0,0,0,0,0],"id":20,"left_children":[1,3,5,-1,-1,7,-1,-1,-1],"loss_changes":[4.0856396E2,3.2622986E0,5.2519012E1,0E0,0E0,5.4087214E0,0E0,0E0,0E0],"parents":[2147483647,0,0,1,1,2,2,5,5],"right_children":[2,4,6,-1,-1,8,-1,-1,-1],"split_conditions":[4.014847E-1,1.0076923E-1,7.002415E-1,-1.0689118E0,-3.798823E-1,5.020544E-1,6.8753356E-1,-5.9159853E-2,1.6707358E-1],"split_indices":[0,0,0,0,0,0,0,0,0],"split_type":[0,0,0,0,0,0,0,0,0],"sum_hessian":[9E0,3E0,6E0,1E0,2E0,3E0,3E0,1E0,2E0],"tree_param":{"num_deleted":"0","num_feature":"2","num_nodes":"9","size_leaf_vector":"1"}},{"base_weights":[-1.9532624E-1,-7.7365074E0,4.141824E0,-1.0154663E0,-3.5455677E-1,1.4683288E0,7.217041E-1,-5.620117E-2,2.116417E0,6.552734E-2,2.3850404E-1],"categories":[],"categories_nodes":[],"categories_segments":[],"categories_sizes":[],"default_left":[0,0,0,0,0,0,0,0,0,0,0],"id":21,"left_children":[1,3,5,-1,-1,7,-1,-1,9,-1,-1],"loss_changes":[3.591156E2,4.533325E0,4.695405E1,0E0,0E0,7.768647E0,0E0,0E0,7.1372986E-3,0E0,0E0],"parents":[2147483647,0,0,1,1,2,2,5,5,8,8],"right_children":[2,4,6,-1,-1,8,-1,-1,10,-1,-1],"split_conditions":[4.014847E-1,1.0076923E-1,7.992434E-1,-1.0154663E0,-3.5455677E-1,5.020544E-1,7.217041E-1,-5.620117E-2,6.000464E-1,6.552734E-2,2.3850404E-1],"split_indices":[0,0,0,0,0,0,0,0,0,0,0],"split_type":[0,0,0,0,0,0,0,0,0,0,0],"sum_hessian":[9E0,3E0,6E0,1E0,2E0,4E0,2E0,1E0,3E0,1E0,2E0],"tree_param":{"num_deleted":"0","num_feature":"2","num_nodes":"11","size_leaf_vector":"1"}},{"base_weights":[-2.1584015E-1,-7.3053627E0,3.86615E0,-9.646927E-1,-3.3091992E-1,1.3710693E0,6.735901E-1,-5.3390503E-2,1.9807892E-1],"categories":[],"categories_nodes":[],"categories_segments":[],"categories_sizes":[],"default_left":[0,0,0,0,0,0,0,0,0],"id":22,"left_children":[1,3,5,-1,-1,7,-1,-1,-1],"loss_changes":[3.176372E2,5.505493E0,4.088643E1,0E0,0E0,6.865056E0,0E0,0E0,0E0],"parents":[2147483647,0,0,1,1,2,2,5,5],"right_children":[2,4,6,-1,-1,8,-1,-1,-1],"split_conditions":[4.014847E-1,1.0076923E-1,7.992434E-1,-9.646927E-1,-3.3091992E-1,5.020544E-1,6.735901E-1,-5.3390503E-2,1.9807892E-1],"split_indices":[0,0,0,0,0,0,0,0,0],"split_type":[0,0,0,0,0,0,0,0,0],"sum_hessian":[9E0,3E0,6E0,1E0,2E0,4E0,2E0,1E0,3E0],"tree_param":{"num_deleted":"0","num_feature":"2","num_nodes":"9","size_leaf_vector":"1"}},{"base_weights":[-2.4199066E-1,-6.898731E0,3.5964313E0,-9.1645813E-1,-3.0885875E-1,1.2628968E0,6.2868446E-1,-5.0720215E-2,1.832222E0,5.2346803E-2,2.0939839E-1],"categories":[],"categories_nodes":[],"categories_segments":[],"categories_sizes":[],"default_left":[0,0,0,0,0,0,0,0,0,0,0],"id":23,"left_children":[1,3,5,-1,-1,7,-1,-1,9,-1,-1],"loss_changes":[2.803246E2,6.227249E0,3.600757E1,0E0,0E0,5.9681168E0,0E0,0E0,2.7419567E-1,0E0,0E0],"parents":[2147483647,0,0,1,1,2,2,5,5,8,8],"right_children":[2,4,6,-1,-1,8,-1,-1,10,-1,-1],"split_conditions":[4.014847E-1,1.0076923E-1,7.992434E-1,-9.1645813E-1,-3.0885875E-1,5.020544E-1,6.2868446E-1,-5.0720215E-2,6.000464E-1,5.2346803E-2,2.0939839E-1],"split_indices":[0,0,0,0,0,0,0,0,0,0,0],"split_type":[0,0,0,0,0,0,0,0,0,0,0],"sum_hessian":[9E0,3E0,6E0,1E0,2E0,4E0,2E0,1E0,3E0,1E0,2E0],"tree_param":{"num_deleted":"0","num_feature":"2","num_nodes":"11","size_leaf_vector":"1"}},{"base_weights":[-2.563568E-1,-6.51519E0,3.3567417E0,-8.706352E-1,-2.8826854E-1,1.1788086E0,5.8677167E-1,-4.8184205E-2,1.7144318E0,4.972992E-2,1.9543763E-1],"categories":[],"categories_nodes":[],"categories_segments":[],"categories_sizes":[],"default_left":[0,0,0,0,0,0,0,0,0,0,0],"id":24,"left_children":[1,3,5,-1,-1,7,-1,-1,9,-1,-1],"loss_changes":[2.4800763E2,6.7399597E0,3.1364227E1,0E0,0E0,5.2734995E0,0E0,0E0,1.9626713E-1,0E0,0E0],"parents":[2147483647,0,0,1,1,2,2,5,5,8,8],"right_children":[2,4,6,-1,-1,8,-1,-1,10,-1,-1],"split_conditions":[4.014847E-1,1.0076923E-1,7.992434E-1,-8.706352E-1,-2.8826854E-1,5.020544E-1,5.8677167E-1,-4.8184205E-2,6.000464E-1,4.972992E-2,1.9543763E-1],"split_indices":[0,0,0,0,0,0,0,0,0,0,0],"split_type":[0,0,0,0,0,0,0,0,0,0,0],"sum_hessian":[9E0,3E0,6E0,1E0,2E0,4E0,2E0,1E0,3E0,1E0,2E0],"tree_param":{"num_deleted":"0","num_feature":"2","num_nodes":"11","size_leaf_vector":"1"}},{"base_weights":[-2.6823425E-1,-6.1533966E0,3.133035E0,-8.2710344E-1,-2.690506E-1,1.1003234E0,5.476542E-1,-4.5774844E-2,1.6042786E0,4.724274E-2,1.8240866E-1],"categories":[],"categories_nodes":[],"categories_segments":[],"categories_sizes":[],"default_left":[0,0,0,0,0,0,0,0,0,0,0],"id":25,"left_children":[1,3,5,-1,-1,7,-1,-1,9,-1,-1],"loss_changes":[2.19449E2,7.079315E0,2.7319748E1,0E0,0E0,4.6603475E0,0E0,0E0,1.3341045E-1,0E0,0E0],"parents":[2147483647,0,0,1,1,2,2,5,5,8,8],"right_children":[2,4,6,-1,-1,8,-1,-1,10,-1,-1],"split_conditions":[4.014847E-1,1.0076923E-1,7.992434E-1,-8.2710344E-1,-2.690506E-1,5.020544E-1,5.476542E-1,-4.5774844E-2,6.000464E-1,4.724274E-2,1.8240866E-1],"split_indices":[0,0,0,0,0,0,0,0,0,0,0],"split_type":[0,0,0,0,0,0,0,0,0,0,0],"sum_hessian":[9E0,3E0,6E0,1E0,2E0,4E0,2E0,1E0,3E0,1E0,2E0],"tree_param":{"num_deleted":"0","num_feature":"2","num_nodes":"11","size_leaf_vector":"1"}},{"base_weights":[-2.7787477E-1,-5.8120956E0,2.9242337E0,-7.857483E-1,-2.511139E-1,1.3837484E0,6.0835725E-1,-4.3486025E-2,1.8344421E0,4.4880677E-2,2.0686494E-1],"categories":[],"categories_nodes":[],"categories_segments":[],"categories_sizes":[],"default_left":[0,0,0,0,0,0,0,0,0,0,0],"id":26,"left_children":[1,3,5,-1,-1,7,-1,-1,9,-1,-1],"loss_changes":[1.9420769E2,7.275696E0,2.5650269E1,0E0,0E0,5.715539E0,0E0,0E0,6.9420433E-1,0E0,0E0],"parents":[2147483647,0,0,1,1,2,2,5,5,8,8],"right_children":[2,4,6,-1,-1,8,-1,-1,10,-1,-1],"split_conditions":[4.014847E-1,1.0076923E-1,9.0333956E-1,-7.857483E-1,-2.511139E-1,5.020544E-1,6.0835725E-1,-4.3486025E-2,6.000464E-1,4.4880677E-2,2.0686494E-1],"split_indices":[0,0,0,0,0,0,0,0,0,0,0],"split_type":[0,0,0,0,0,0,0,0,0,0,0],"sum_hessian":[9E0,3E0,6E0,1E0,2E0,5E0,1E0,1E0,4E0,1E0,3E0],"tree_param":{"num_deleted":"0","num_feature":"2","num_nodes":"11","size_leaf_vector":"1"}},{"base_weights":[-2.721176E-1,-5.490101E0,2.748461E0,-7.4646074E-1,-2.3437297E-1,1.2800751E0,5.7793885E-1,-4.1311648E-2,1.7013366E0,4.2636108E-2,1.9134903E-1],"categories":[],"categories_nodes":[],"categories_segments":[],"categories_sizes":[],"default_left":[0,0,0,0,0,0,0,0,0,0,0],"id":27,"left_children":[1,3,5,-1,-1,7,-1,-1,9,-1,-1],"loss_changes":[1.727026E2,7.355095E0,2.3755943E1,0E0,0E0,4.9825096E0,0E0,0E0,5.366154E-1,0E0,0E0],"parents":[2147483647,0,0,1,1,2,2,5,5,8,8],"right_children":[2,4,6,-1,-1,8,-1,-1,10,-1,-1],"split_conditions":[4.014847E-1,1.0076923E-1,9.0333956E-1,-7.4646074E-1,-2.3437297E-1,5.020544E-1,5.7793885E-1,-4.1311648E-2,6.000464E-1,4.2636108E-2,1.9134903E-1],"split_indices":[0,0,0,0,0,0,0,0,0,0,0],"split_type":[0,0,0,0,0,0,0,0,0,0,0],"sum_hessian":[9E0,3E0,6E0,1E0,2E0,5E0,1E0,1E0,4E0,1E0,3E0],"tree_param":{"num_deleted":"0","num_feature":"2","num_nodes":"11","size_leaf_vector":"1"}},{"base_weights":[-2.659256E-1,-5.1862984E0,2.5837054E0,-7.0913774E-1,-2.1874797E-1,1.1841837E0,5.4904175E-1,-3.9245605E-2,1.5780029E0,4.0504456E-2,1.7699814E-1],"categories":[],"categories_nodes":[],"categories_segments":[],"categories_sizes":[],"default_left":[0,0,0,0,0,0,0,0,0,0,0],"id":28,"left_children":[1,3,5,-1,-1,7,-1,-1,9,-1,-1],"loss_changes":[1.5361234E2,7.339699E0,2.1974384E1,0E0,0E0,4.344763E0,0E0,0E0,4.0899277E-1,0E0,0E0],"parents":[2147483647,0,0,1,1,2,2,5,5,8,8],"right_children":[2,4,6,-1,-1,8,-1,-1,10,-1,-1],"split_conditions":[4.014847E-1,1.0076923E-1,9.0333956E-1,-7.0913774E-1,-2.1874797E-1,5.020544E-1,5.4904175E-1,-3.9245605E-2,6.000464E-1,4.0504456E-2,1.7699814E-1],"split_indices":[0,0,0,0,0,0,0,0,0,0,0],"split_type":[0,0,0,0,0,0,0,0,0,0,0],"sum_hessian":[9E0,3E0,6E0,1E0,2E0,5E0,1E0,1E0,4E0,1E0,3E0],"tree_param":{"num_deleted":"0","num_feature":"2","num_nodes":"11","size_leaf_vector":"1"}},{"base_weights":[-2.5939178E-1,-4.899639E0,2.429234E0,-6.736809E-1,-2.0416462E-1,1.0954742E0,5.215897E-1,-3.7283327E-2,1.4637024E0,3.8479615E-2,1.6372299E-1],"categories":[],"categories_nodes":[],"categories_segments":[],"categories_sizes":[],"default_left":[0,0,0,0,0,0,0,0,0,0,0],"id":29,"left_children":[1,3,5,-1,-1,7,-1,-1,9,-1,-1],"loss_changes":[1.3666127E2,7.248291E0,2.0303288E1,0E0,0E0,3.7897496E0,0E0,0E0,3.060999E-1,0E0,0E0],"parents":[2147483647,0,0,1,1,2,2,5,5,8,8],"right_children":[2,4,6,-1,-1,8,-1,-1,10,-1,-1],"split_conditions":[4.014847E-1,1.0076923E-1,9.0333956E-1,-6.736809E-1,-2.0416462E-1,5.020544E-1,5.215897E-1,-3.7283327E-2,6.000464E-1,3.8479615E-2,1.6372299E-1],"split_indices":[0,0,0,0,0,0,0,0,0,0,0],"split_type":[0,0,0,0,0,0,0,0,0,0,0],"sum_hessian":[9E0,3E0,6E0,1E0,2E0,5E0,1E0,1E0,4E0,1E0,3E0],"tree_param":{"num_deleted":"0","num_feature":"2","num_nodes":"11","size_leaf_vector":"1"}},{"base_weights":[-2.5258636E-1,-4.629139E0,2.2843845E0,-6.399971E-1,-1.905538E-1,1.0134125E0,4.9551088E-1,-3.54187E-2,1.3577697E0,3.655548E-2,1.5144348E-1],"categories":[],"categories_nodes":[],"categories_segments":[],"categories_sizes":[],"default_left":[0,0,0,0,0,0,0,0,0,0,0],"id":30,"left_children":[1,3,5,-1,-1,7,-1,-1,9,-1,-1],"loss_changes":[1.216066E2,7.096779E0,1.8739342E1,0E0,0E0,3.3065615E0,0E0,0E0,2.2361755E-1,0E0,0E0],"parents":[2147483647,0,0,1,1,2,2,5,5,8,8],"right_children":[2,4,6,-1,-1,8,-1,-1,10,-1,-1],"split_conditions":[4.014847E-1,1.0076923E-1,9.0333956E-1,-6.399971E-1,-1.905538E-1,5.020544E-1,4.9551088E-1,-3.54187E-2,6.000464E-1,3.655548E-2,1.5144348E-1],"split_indices":[0,0,0,0,0,0,0,0,0,0,0],"split_type":[0,0,0,0,0,0,0,0,0,0,0],"sum_hessian":[9E0,3E0,6E0,1E0,2E0,5E0,1E0,1E0,4E0,1E0,3E0],"tree_param":{"num_deleted":"0","num_feature":"2","num_nodes":"11","size_leaf_vector":"1"}},{"base_weights":[-2.4557495E-1,-4.373863E0,2.148529E0,-6.079971E-1,-1.7785035E-1,9.375E-1,4.7073516E-1,-3.3647157E-2,1.2595886E0,3.472748E-2,1.4008485E-1],"categories":[],"categories_nodes":[],"categories_segments":[],"categories_sizes":[],"default_left":[0,0,0,0,0,0,0,0,0,0,0],"id":31,"left_children":[1,3,5,-1,-1,7,-1,-1,9,-1,-1],"loss_changes":[1.0823289E2,6.8986053E0,1.7278519E1,0E0,0E0,2.885807E0,0E0,0E0,1.5788698E-1,0E0,0E0],"parents":[2147483647,0,0,1,1,2,2,5,5,8,8],"right_children":[2,4,6,-1,-1,8,-1,-1,10,-1,-1],"split_conditions":[4.014847E-1,1.0076923E-1,9.0333956E-1,-6.079971E-1,-1.7785035E-1,5.020544E-1,4.7073516E-1,-3.3647157E-2,6.000464E-1,3.472748E-2,1.4008485E-1],"split_indices":[0,0,0,0,0,0,0,0,0,0,0],"split_type":[0,0,0,0,0,0,0,0,0,0,0],"sum_hessian":[9E0,3E0,6E0,1E0,2E0,5E0,1E0,1E0,4E0,1E0,3E0],"tree_param":{"num_deleted":"0","num_feature":"2","num_nodes":"11","size_leaf_vector":"1"}},{"base_weights":[-2.3840638E-1,-4.1329346E0,2.0210965E0,-5.775971E-1,-1.6599326E-1,8.672841E-1,4.4719848E-1,-3.1964112E-2,1.1685975E0,3.299103E-2,1.2957917E-1],"categories":[],"categories_nodes":[],"categories_segments":[],"categories_sizes":[],"default_left":[0,0,0,0,0,0,0,0,0,0,0],"id":32,"left_children":[1,3,5,-1,-1,7,-1,-1,9,-1,-1],"loss_changes":[9.635003E1,6.665207E0,1.59165745E1,0E0,0E0,2.51935E0,0E0,0E0,1.05885506E-1,0E0,0E0],"parents":[2147483647,0,0,1,1,2,2,5,5,8,8],"right_children":[2,4,6,-1,-1,8,-1,-1,10,-1,-1],"split_conditions":[4.014847E-1,1.0076923E-1,9.0333956E-1,-5.775971E-1,-1.6599326E-1,5.020544E-1,4.4719848E-1,-3.1964112E-2,6.000464E-1,3.299103E-2,1.2957917E-1],"split_indices":[0,0,0,0,0,0,0,0,0,0,0],"split_type":[0,0,0,0,0,0,0,0,0,0,0],"sum_hessian":[9E0,3E0,6E0,1E0,2E0,5E0,1E0,1E0,4E0,1E0,3E0],"tree_param":{"num_deleted":"0","num_feature":"2","num_nodes":"11","size_leaf_vector":"1"}},{"base_weights":[-2.3114471E-1,-3.9055367E0,1.9015285E0,-5.487175E-1,-1.5492655E-1,8.023224E-1,4.2483827E-1,-3.0366516E-2,1.084253E0,3.1341553E-2,1.1986084E-1],"categories":[],"categories_nodes":[],"categories_segments":[],"categories_sizes":[],"default_left":[0,0,0,0,0,0,0,0,0,0,0],"id":33,"left_children":[1,3,5,-1,-1,7,-1,-1,9,-1,-1],"loss_changes":[8.578926E1,6.405979E0,1.4649162E1,0E0,0E0,2.2001197E0,0E0,0E0,6.508446E-2,0E0,0E0],"parents":[2147483647,0,0,1,1,2,2,5,5,8,8],"right_children":[2,4,6,-1,-1,8,-1,-1,10,-1,-1],"split_conditions":[4.014847E-1,1.0076923E-1,9.0333956E-1,-5.487175E-1,-1.5492655E-1,5.020544E-1,4.2483827E-1,-3.0366516E-2,6.000464E-1,3.1341553E-2,1.1986084E-1],"split_indices":[0,0,0,0,0,0,0,0,0,0,0],"split_type":[0,0,0,0,0,0,0,0,0,0,0],"sum_hessian":[9E0,3E0,6E0,1E0,2E0,5E0,1E0,1E0,4E0,1E0,3E0],"tree_param":{"num_deleted":"0","num_feature":"2","num_nodes":"11","size_leaf_vector":"1"}},{"base_weights":[-2.2383118E-1,-3.690895E0,1.789324E0,-5.212814E-1,-1.445984E-1,7.422231E-1,4.035965E-1,-2.8848266E-2,1.0060608E0,2.9774476E-2,1.1087036E-1],"categories":[],"categories_nodes":[],"categories_segments":[],"categories_sizes":[],"default_left":[0,0,0,0,0,0,0,0,0,0,0],"id":34,"left_children":[1,3,5,-1,-1,7,-1,-1,9,-1,-1],"loss_changes":[7.640158E1,6.1286507E0,1.3471632E1,0E0,0E0,1.9218647E0,0E0,0E0,3.340721E-2,0E0,0E0],"parents":[2147483647,0,0,1,1,2,2,5,5,8,8],"right_children":[2,4,6,-1,-1,8,-1,-1,10,-1,-1],"split_conditions":[4.014847E-1,1.0076923E-1,9.0333956E-1,-5.212814E-1,-1.445984E-1,5.020544E-1,4.035965E-1,-2.8848266E-2,6.000464E-1,2.9774476E-2,1.1087036E-1],"split_indices":[0,0,0,0,0,0,0,0,0,0,0],"split_type":[0,0,0,0,0,0,0,0,0,0,0],"sum_hessian":[9E0,3E0,6E0,1E0,2E0,5E0,1E0,1E0,4E0,1E0,3E0],"tree_param":{"num_deleted":"0","num_feature":"2","num_nodes":"11","size_leaf_vector":"1"}},{"base_weights":[-2.1649933E-1,-3.4882774E0,1.6840166E0,-4.9521714E-1,-1.3495891E-1,6.8663025E-1,3.8341674E-1,-2.740631E-2,9.3358153E-1,2.8285218E-2,1.0255509E-1],"categories":[],"categories_nodes":[],"categories_segments":[],"categories_sizes":[],"default_left":[0,0,0,0,0,0,0,0,0,0,0],"id":35,"left_children":[1,3,5,-1,-1,7,-1,-1,9,-1,-1],"loss_changes":[6.805498E1,5.839855E0,1.2379063E1,0E0,0E0,1.6793272E0,0E0,0E0,9.156227E-3,0E0,0E0],"parents":[2147483647,0,0,1,1,2,2,5,5,8,8],"right_children":[2,4,6,-1,-1,8,-1,-1,10,-1,-1],"split_conditions":[4.014847E-1,1.0076923E-1,9.0333956E-1,-4.9521714E-1,-1.3495891E-1,5.020544E-1,3.8341674E-1,-2.740631E-2,6.000464E-1,2.8285218E-2,1.0255509E-1],"split_indices":[0,0,0,0,0,0,0,0,0,0,0],"split_type":[0,0,0,0,0,0,0,0,0,0,0],"sum_hessian":[9E0,3E0,6E0,1E0,2E0,5E0,1E0,1E0,4E0,1E0,3E0],"tree_param":{"num_deleted":"0","num_feature":"2","num_nodes":"11","size_leaf_vector":"1"}},{"base_weights":[-2.091858E-1,-3.2969894E0,1.5851572E0,-4.7045594E-1,-1.259613E-1,6.3519794E-1,3.6424562E-1,-2.6036073E-2,8.663818E-2],"categories":[],"categories_nodes":[],"categories_segments":[],"categories_sizes":[],"default_left":[0,0,0,0,0,0,0,0,0],"id":36,"left_children":[1,3,5,-1,-1,7,-1,-1,-1],"loss_changes":[6.063203E1,5.5450783E0,1.136677E1,0E0,0E0,1.4678042E0,0E0,0E0,0E0],"parents":[2147483647,0,0,1,1,2,2,5,5],"right_children":[2,4,6,-1,-1,8,-1,-1,-1],"split_conditions":[4.014847E-1,1.0076923E-1,9.0333956E-1,-4.7045594E-1,-1.259613E-1,5.020544E-1,3.6424562E-1,-2.6036073E-2,8.663818E-2],"split_indices":[0,0,0,0,0,0,0,0,0],"split_type":[0,0,0,0,0,0,0,0,0],"sum_hessian":[9E0,3E0,6E0,1E0,2E0,5E0,1E0,1E0,4E0],"tree_param":{"num_deleted":"0","num_feature":"2","num_nodes":"9","size_leaf_vector":"1"}},{"base_weights":[-2.0542602E-1,-3.116394E0,1.4873308E0,-4.46933E-1,-1.1756388E-1,5.817769E-1,3.460327E-1,-2.4734497E-2,7.970703E-1,2.2538757E-2,8.8364415E-2],"categories":[],"categories_nodes":[],"categories_segments":[],"categories_sizes":[],"default_left":[0,0,0,0,0,0,0,0,0,0,0],"id":37,"left_children":[1,3,5,-1,-1,7,-1,-1,9,-1,-1],"loss_changes":[5.391072E1,5.2485504E0,1.0493443E1,0E0,0E0,1.2681782E0,0E0,0E0,4.830146E-2,0E0,0E0],"parents":[2147483647,0,0,1,1,2,2,5,5,8,8],"right_children":[2,4,6,-1,-1,8,-1,-1,10,-1,-1],"split_conditions":[4.014847E-1,1.0076923E-1,9.0333956E-1,-4.46933E-1,-1.1756388E-1,5.020544E-1,3.460327E-1,-2.4734497E-2,6.000464E-1,2.2538757E-2,8.8364415E-2],"split_indices":[0,0,0,0,0,0,0,0,0,0,0],"split_type":[0,0,0,0,0,0,0,0,0,0,0],"sum_hessian":[9E0,3E0,6E0,1E0,2E0,5E0,1E0,1E0,4E0,1E0,3E0],"tree_param":{"num_deleted":"0","num_feature":"2","num_nodes":"11","size_leaf_vector":"1"}},{"base_weights":[-1.9812012E-1,-3.6058757E-1,1.1045532E0,3.2311577E-1,3.287308E-1,-4.7861736E-2,7.395325E-1,2.1411134E-2,8.173599E-2],"categories":[],"categories_nodes":[],"categories_segments":[],"categories_sizes":[],"default_left":[0,0,0,0,0,0,0,0,0],"id":38,"left_children":[1,-1,3,5,-1,-1,7,-1,-1],"loss_changes":[4.83748E1,0E0,1.2583308E1,2.6909385E0,0E0,0E0,2.9454708E-2,0E0,0E0],"parents":[2147483647,0,0,2,2,3,3,6,6],"right_children":[2,-1,4,6,-1,-1,8,-1,-1],"split_conditions":[2.0289448E-1,-3.6058757E-1,9.0333956E-1,5.020544E-1,3.287308E-1,-4.7861736E-2,6.000464E-1,2.1411134E-2,8.173599E-2],"split_indices":[0,0,0,0,0,0,0,0,0],"split_type":[0,0,0,0,0,0,0,0,0],"sum_hessian":[9E0,2E0,7E0,6E0,1E0,2E0,4E0,1E0,3E0],"tree_param":{"num_deleted":"0","num_feature":"2","num_nodes":"9","size_leaf_vector":"1"}},{"base_weights":[-1.7596588E-1,-3.3654888E0,1.0421009E0,-4.0655747E-1,-9.826584E-2,2.9870388E-1,3.12294E-1,-4.4671122E-2,6.862122E-1,2.0339966E-2,7.560654E-2],"categories":[],"categories_nodes":[],"categories_segments":[],"categories_sizes":[],"default_left":[0,0,0,0,0,0,0,0,0,0,0],"id":39,"left_children":[1,3,5,-1,-1,7,-1,-1,9,-1,-1],"loss_changes":[4.2357697E1,1.0094872E0,1.1442283E1,0E0,0E0,2.3285203E0,0E0,0E0,1.4846802E-2,0E0,0E0],"parents":[2147483647,0,0,1,1,2,2,5,5,8,8],"right_children":[2,4,6,-1,-1,8,-1,-1,10,-1,-1],"split_conditions":[2.0289448E-1,1.0076923E-1,9.0333956E-1,-4.0655747E-1,-9.826584E-2,5.020544E-1,3.12294E-1,-4.4671122E-2,6.000464E-1,2.0339966E-2,7.560654E-2],"split_indices":[0,0,0,0,0,0,0,0,0,0,0],"split_type":[0,0,0,0,0,0,0,0,0,0,0],"sum_hessian":[9E0,2E0,7E0,1E0,1E0,6E0,1E0,2E0,4E0,1E0,3E0],"tree_param":{"num_deleted":"0","num_feature":"2","num_nodes":"11","size_leaf_vector":"1"}},{"base_weights":[-1.7248687E-1,-3.1972148E0,9.8334694E-1,-3.8622972E-1,-9.335251E-2,2.7616882E-1,2.966797E-1,-4.1692607E-2,6.36792E-1,1.932373E-2,6.993713E-2],"categories":[],"categories_nodes":[],"categories_segments":[],"categories_sizes":[],"default_left":[0,0,0,0,0,0,0,0,0,0,0],"id":40,"left_children":[1,3,5,-1,-1,7,-1,-1,9,-1,-1],"loss_changes":[3.81048E1,9.1106796E-1,1.0401882E1,0E0,0E0,2.0151176E0,0E0,0E0,3.6423206E-3,0E0,0E0],"parents":[2147483647,0,0,1,1,2,2,5,5,8,8],"right_children":[2,4,6,-1,-1,8,-1,-1,10,-1,-1],"split_conditions":[2.0289448E-1,1.0076923E-1,9.0333956E-1,-3.8622972E-1,-9.335251E-2,5.020544E-1,2.966797E-1,-4.1692607E-2,6.000464E-1,1.932373E-2,6.993713E-2],"split_indices":[0,0,0,0,0,0,0,0,0,0,0],"split_type":[0,0,0,0,0,0,0,0,0,0,0],"sum_hessian":[9E0,2E0,7E0,1E0,1E0,6E0,1E0,2E0,4E0,1E0,3E0],"tree_param":{"num_deleted":"0","num_feature":"2","num_nodes":"11","size_leaf_vector":"1"}},{"base_weights":[-1.6877595E-1,-3.0373535E0,9.2803764E-1,-3.6691818E-1,-8.868485E-2,2.5534275E-1,2.818451E-1,-3.8913473E-2,5.909607E-1,2.7171835E-2,7.1321614E-2],"categories":[],"categories_nodes":[],"categories_segments":[],"categories_sizes":[],"default_left":[0,0,0,0,0,0,0,0,0,0,0],"id":41,"left_children":[1,3,5,-1,-1,7,-1,-1,9,-1,-1],"loss_changes":[3.4281727E1,8.222408E-1,9.4537E0,0E0,0E0,1.7440507E0,0E0,0E0,1.3517141E-3,0E0,0E0],"parents":[2147483647,0,0,1,1,2,2,5,5,8,8],"right_children":[2,4,6,-1,-1,8,-1,-1,10,-1,-1],"split_conditions":[2.0289448E-1,1.0076923E-1,9.0333956E-1,-3.6691818E-1,-8.868485E-2,5.020544E-1,2.818451E-1,-3.8913473E-2,7.002415E-1,2.7171835E-2,7.1321614E-2],"split_indices":[0,0,0,0,0,0,0,0,0,0,0],"split_type":[0,0,0,0,0,0,0,0,0,0,0],"sum_hessian":[9E0,2E0,7E0,1E0,1E0,6E0,1E0,2E0,4E0,2E0,2E0],"tree_param":{"num_deleted":"0","num_feature":"2","num_nodes":"11","size_leaf_vector":"1"}},{"base_weights":[-1.6331634E-1,-2.8854878E0,8.779125E-1,-3.4857255E-1,-8.4250644E-2,2.3832266E-1,2.6775208E-1,-3.631948E-2,5.515686E-1,2.5361124E-2,6.6566974E-2],"categories":[],"categories_nodes":[],"categories_segments":[],"categories_sizes":[],"default_left":[0,0,0,0,0,0,0,0,0,0,0],"id":42,"left_children":[1,3,5,-1,-1,7,-1,-1,9,-1,-1],"loss_changes":[3.0877241E1,7.420769E-1,8.569976E0,0E0,0E0,1.5192871E0,0E0,0E0,1.1650324E-3,0E0,0E0],"parents":[2147483647,0,0,1,1,2,2,5,5,8,8],"right_children":[2,4,6,-1,-1,8,-1,-1,10,-1,-1],"split_conditions":[2.0289448E-1,1.0076923E-1,9.0333956E-1,-3.4857255E-1,-8.4250644E-2,5.020544E-1,2.6775208E-1,-3.631948E-2,7.002415E-1,2.5361124E-2,6.6566974E-2],"split_indices":[0,0,0,0,0,0,0,0,0,0,0],"split_type":[0,0,0,0,0,0,0,0,0,0,0],"sum_hessian":[9E0,2E0,7E0,1E0,1E0,6E0,1E0,2E0,4E0,2E0,2E0],"tree_param":{"num_deleted":"0","num_feature":"2","num_nodes":"11","size_leaf_vector":"1"}},{"base_weights":[-1.5793152E-1,-2.741216E0,8.305416E-1,-3.3114395E-1,-8.003845E-2,2.2243609E-1,2.54364E-1,-3.3898417E-2,5.14801E-1,2.3670452E-2,6.2129717E-2],"categories":[],"categories_nodes":[],"categories_segments":[],"categories_sizes":[],"default_left":[0,0,0,0,0,0,0,0,0,0,0],"id":43,"left_children":[1,3,5,-1,-1,7,-1,-1,9,-1,-1],"loss_changes":[2.7811766E1,6.696987E-1,7.7681603E0,0E0,0E0,1.3234867E0,0E0,0E0,1.0172129E-3,0E0,0E0],"parents":[2147483647,0,0,1,1,2,2,5,5,8,8],"right_children":[2,4,6,-1,-1,8,-1,-1,10,-1,-1],"split_conditions":[2.0289448E-1,1.0076923E-1,9.0333956E-1,-3.3114395E-1,-8.003845E-2,5.020544E-1,2.54364E-1,-3.3898417E-2,7.002415E-1,2.3670452E-2,6.2129717E-2],"split_indices":[0,0,0,0,0,0,0,0,0,0,0],"split_type":[0,0,0,0,0,0,0,0,0,0,0],"sum_hessian":[9E0,2E0,7E0,1E0,1E0,6E0,1E0,2E0,4E0,2E0,2E0],"tree_param":{"num_deleted":"0","num_feature":"2","num_nodes":"11","size_leaf_vector":"1"}},{"base_weights":[-1.5263215E-1,-2.6041565E0,7.857685E-1,-3.1458664E-1,-7.603683E-2,2.0760454E-1,2.4164581E-1,-3.1638082E-2,4.8047486E-1,1.454773E-2,5.2785493E-2],"categories":[],"categories_nodes":[],"categories_segments":[],"categories_sizes":[],"default_left":[0,0,0,0,0,0,0,0,0,0,0],"id":44,"left_children":[1,3,5,-1,-1,7,-1,-1,9,-1,-1],"loss_changes":[2.5051384E1,6.0437965E-1,7.0407805E0,0E0,0E0,1.1528734E0,0E0,0E0,2.5701523E-3,0E0,0E0],"parents":[2147483647,0,0,1,1,2,2,5,5,8,8],"right_children":[2,4,6,-1,-1,8,-1,-1,10,-1,-1],"split_conditions":[2.0289448E-1,1.0076923E-1,9.0333956E-1,-3.1458664E-1,-7.603683E-2,5.020544E-1,2.4164581E-1,-3.1638082E-2,6.000464E-1,1.454773E-2,5.2785493E-2],"split_indices":[0,0,0,0,0,0,0,0,0,0,0],"split_type":[0,0,0,0,0,0,0,0,0,0,0],"sum_hessian":[9E0,2E0,7E0,1E0,1E0,6E0,1E0,2E0,4E0,1E0,3E0],"tree_param":{"num_deleted":"0","num_feature":"2","num_nodes":"11","size_leaf_vector":"1"}},{"base_weights":[-1.4869995E-1,-2.4739482E0,7.418556E-1,-2.9885712E-1,-7.223511E-2,1.9193813E-1,2.295639E-1,-2.952881E-2,4.4588622E-1,1.98466E-2,5.4467775E-2],"categories":[],"categories_nodes":[],"categories_segments":[],"categories_sizes":[],"default_left":[0,0,0,0,0,0,0,0,0,0,0],"id":45,"left_children":[1,3,5,-1,-1,7,-1,-1,9,-1,-1],"loss_changes":[2.2542938E1,5.454407E-1,6.395001E0,0E0,0E0,9.977761E-1,0E0,0E0,1.4115155E-2,0E0,0E0],"parents":[2147483647,0,0,1,1,2,2,5,5,8,8],"right_children":[2,4,6,-1,-1,8,-1,-1,10,-1,-1],"split_conditions":[2.0289448E-1,1.0076923E-1,9.0333956E-1,-2.9885712E-1,-7.223511E-2,5.020544E-1,2.295639E-1,-2.952881E-2,7.002415E-1,1.98466E-2,5.4467775E-2],"split_indices":[0,0,0,0,0,0,0,0,0,0,0],"split_type":[0,0,0,0,0,0,0,0,0,0,0],"sum_hessian":[9E0,2E0,7E0,1E0,1E0,6E0,1E0,2E0,4E0,2E0,2E0],"tree_param":{"num_deleted":"0","num_feature":"2","num_nodes":"11","size_leaf_vector":"1"}},{"base_weights":[-1.4350128E-1,-2.3502502E0,7.0196724E-1,-2.8391418E-1,-6.862336E-2,1.7914473E-1,2.1808624E-1,-2.7559915E-1,4.161621E-1,-3.3068087E-2,-8.27179E-3,1.852417E-2,5.0836183E-2],"categories":[],"categories_nodes":[],"categories_segments":[],"categories_sizes":[],"default_left":[0,0,0,0,0,0,0,0,0,0,0,0,0],"id":46,"left_children":[1,3,5,-1,-1,7,-1,9,11,-1,-1,-1,-1],"loss_changes":[2.0307165E1,4.9225807E-1,5.7949066E0,0E0,0E0,8.691695E-1,0E0,4.5194477E-3,1.228416E-2,0E0,0E0,0E0,0E0],"parents":[2147483647,0,0,1,1,2,2,5,5,7,7,8,8],"right_children":[2,4,6,-1,-1,8,-1,10,12,-1,-1,-1,-1],"split_conditions":[2.0289448E-1,1.0076923E-1,9.0333956E-1,-2.8391418E-1,-6.862336E-2,5.020544E-1,2.1808624E-1,4.014847E-1,7.002415E-1,-3.3068087E-2,-8.27179E-3,1.852417E-2,5.0836183E-2],"split_indices":[0,0,0,0,0,0,0,0,0,0,0,0,0],"split_type":[0,0,0,0,0,0,0,0,0,0,0,0,0],"sum_hessian":[9E0,2E0,7E0,1E0,1E0,6E0,1E0,2E0,4E0,1E0,1E0,2E0,2E0],"tree_param":{"num_deleted":"0","num_feature":"2","num_nodes":"13","size_leaf_vector":"1"}},{"base_weights":[-1.3979492E-1,-2.2327373E0,6.625328E-1,-2.6971817E-1,-6.519242E-2,1.6523089E-1,2.0718232E-1,-2.6182047E-1,3.8841552E-1,-3.1414796E-2,-7.858276E-3,1.7289227E-2,4.7446694E-2],"categories":[],"categories_nodes":[],"categories_segments":[],"categories_sizes":[],"default_left":[0,0,0,0,0,0,0,0,0,0,0,0,0],"id":47,"left_children":[1,3,5,-1,-1,7,-1,9,11,-1,-1,-1,-1],"loss_changes":[1.8271517E1,4.4424248E-1,5.264413E0,0E0,0E0,7.6887435E-1,0E0,4.0784627E-3,1.0698736E-2,0E0,0E0,0E0,0E0],"parents":[2147483647,0,0,1,1,2,2,5,5,7,7,8,8],"right_children":[2,4,6,-1,-1,8,-1,10,12,-1,-1,-1,-1],"split_conditions":[2.0289448E-1,1.0076923E-1,9.0333956E-1,-2.6971817E-1,-6.519242E-2,5.020544E-1,2.0718232E-1,4.014847E-1,7.002415E-1,-3.1414796E-2,-7.858276E-3,1.7289227E-2,4.7446694E-2],"split_indices":[0,0,0,0,0,0,0,0,0,0,0,0,0],"split_type":[0,0,0,0,0,0,0,0,0,0,0,0,0],"sum_hessian":[9E0,2E0,7E0,1E0,1E0,6E0,1E0,2E0,4E0,1E0,1E0,2E0,2E0],"tree_param":{"num_deleted":"0","num_feature":"2","num_nodes":"13","size_leaf_vector":"1"}},{"base_weights":[-1.3604584E-1,-2.121104E0,6.253567E-1,-2.5623247E-1,-6.1933137E-2,1.5234157E-1,1.9682312E-1,-2.4872334E-1,3.625122E-1,-2.9843902E-2,-7.4646E-3,1.6135661E-2,4.4283044E-2],"categories":[],"categories_nodes":[],"categories_segments":[],"categories_sizes":[],"default_left":[0,0,0,0,0,0,0,0,0,0,0,0,0],"id":48,"left_children":[1,3,5,-1,-1,7,-1,9,11,-1,-1,-1,-1],"loss_changes":[1.6440727E1,4.0091038E-1,4.781756E0,0E0,0E0,6.8020976E-1,0E0,3.685832E-3,9.328604E-3,0E0,0E0,0E0,0E0],"parents":[2147483647,0,0,1,1,2,2,5,5,7,7,8,8],"right_children":[2,4,6,-1,-1,8,-1,10,12,-1,-1,-1,-1],"split_conditions":[2.0289448E-1,1.0076923E-1,9.0333956E-1,-2.5623247E-1,-6.1933137E-2,5.020544E-1,1.9682312E-1,4.014847E-1,7.002415E-1,-2.9843902E-2,-7.4646E-3,1.6135661E-2,4.4283044E-2],"split_indices":[0,0,0,0,0,0,0,0,0,0,0,0,0],"split_type":[0,0,0,0,0,0,0,0,0,0,0,0,0],"sum_hessian":[9E0,2E0,7E0,1E0,1E0,6E0,1E0,2E0,4E0,1E0,1E0,2E0,2E0],"tree_param":{"num_deleted":"0","num_feature":"2","num_nodes":"13","size_leaf_vector":"1"}},{"base_weights":[-1.3226624E-1,-2.0150502E0,5.9031105E-1,-2.4342118E-1,-5.8836367E-2,1.404092E-1,1.869812E-1,-2.3628235E-1,3.3834228E-1,-2.8351594E-2,-7.0907595E-3,1.5059407E-2,4.1330975E-2],"categories":[],"categories_nodes":[],"categories_segments":[],"categories_sizes":[],"default_left":[0,0,0,0,0,0,0,0,0,0,0,0,0],"id":49,"left_children":[1,3,5,-1,-1,7,-1,9,11,-1,-1,-1,-1],"loss_changes":[1.4794075E1,3.6183548E-1,4.34266E0,0E0,0E0,6.018623E-1,0E0,3.3302903E-3,8.133054E-3,0E0,0E0,0E0,0E0],"parents":[2147483647,0,0,1,1,2,2,5,5,7,7,8,8],"right_children":[2,4,6,-1,-1,8,-1,10,12,-1,-1,-1,-1],"split_conditions":[2.0289448E-1,1.0076923E-1,9.0333956E-1,-2.4342118E-1,-5.8836367E-2,5.020544E-1,1.869812E-1,4.014847E-1,7.002415E-1,-2.8351594E-2,-7.0907595E-3,1.5059407E-2,4.1330975E-2],"split_indices":[0,0,0,0,0,0,0,0,0,0,0,0,0],"split_type":[0,0,0,0,0,0,0,0,0,0,0,0,0],"sum_hessian":[9E0,2E0,7E0,1E0,1E0,6E0,1E0,2E0,4E0,1E0,1E0,2E0,2E0],"tree_param":{"num_deleted":"0","num_feature":"2","num_nodes":"13","size_leaf_vector":"1"}},{"base_weights":[-1.2846832E-1,-1.9142965E0,5.572758E-1,-2.3125E-1,-5.589447E-2,1.2936619E-1,1.7763214E-1,-2.2447205E-1,3.157959E-1,-2.6934052E-2,-6.7367554E-3,1.4056397E-2,3.8576256E-2],"categories":[],"categories_nodes":[],"categories_segments":[],"categories_sizes":[],"default_left":[0,0,0,0,0,0,0,0,0,0,0,0,0],"id":50,"left_children":[1,3,5,-1,-1,7,-1,9,11,-1,-1,-1,-1],"loss_changes":[1.3313002E1,3.265581E-1,3.9433346E0,0E0,0E0,5.3264904E-1,0E0,3.0023009E-3,7.0776343E-3,0E0,0E0,0E0,0E0],"parents":[2147483647,0,0,1,1,2,2,5,5,7,7,8,8],"right_children":[2,4,6,-1,-1,8,-1,10,12,-1,-1,-1,-1],"split_conditions":[2.0289448E-1,1.0076923E-1,9.0333956E-1,-2.3125E-1,-5.589447E-2,5.020544E-1,1.7763214E-1,4.014847E-1,7.002415E-1,-2.6934052E-2,-6.7367554E-3,1.4056397E-2,3.8576256E-2],"split_indices":[0,0,0,0,0,0,0,0,0,0,0,0,0],"split_type":[0,0,0,0,0,0,0,0,0,0,0,0,0],"sum_hessian":[9E0,2E0,7E0,1E0,1E0,6E0,1E0,2E0,4E0,1E0,1E0,2E0,2E0],"tree_param":{"num_deleted":"0","num_feature":"2","num_nodes":"13","size_leaf_vector":"1"}},{"base_weights":[-1.24679565E-1,-1.8185831E0,5.2611923E-1,-2.1968766E-1,-5.3099822E-2,1.1913627E-1,1.6875E-1,-2.1324666E-1,2.9473877E-1,-2.5587464E-2,-6.399536E-3,1.311849E-2,3.600464E-2],"categories":[],"categories_nodes":[],"categories_segments":[],"categories_sizes":[],"default_left":[0,0,0,0,0,0,0,0,0,0,0,0,0],"id":51,"left_children":[1,3,5,-1,-1,7,-1,9,11,-1,-1,-1,-1],"loss_changes":[1.1980697E1,2.9471588E-1,3.5802553E0,0E0,0E0,4.7142297E-1,0E0,2.712056E-3,6.1739087E-3,0E0,0E0,0E0,0E0],"parents":[2147483647,0,0,1,1,2,2,5,5,7,7,8,8],"right_children":[2,4,6,-1,-1,8,-1,10,12,-1,-1,-1,-1],"split_conditions":[2.0289448E-1,1.0076923E-1,9.0333956E-1,-2.1968766E-1,-5.3099822E-2,5.020544E-1,1.6875E-1,4.014847E-1,7.002415E-1,-2.5587464E-2,-6.399536E-3,1.311849E-2,3.600464E-2],"split_indices":[0,0,0,0,0,0,0,0,0,0,0,0,0],"split_type":[0,0,0,0,0,0,0,0,0,0,0,0,0],"sum_hessian":[9E0,2E0,7E0,1E0,1E0,6E0,1E0,2E0,4E0,1E0,1E0,2E0,2E0],"tree_param":{"num_deleted":"0","num_feature":"2","num_nodes":"13","size_leaf_vector":"1"}},{"base_weights":[-1.2090454E-1,-1.727656E0,4.9674034E-1,-2.0870362E-1,-5.0444793E-2,1.09669276E-1,1.603119E-1,-2.0258076E-1,2.7508545E-1,-2.4308015E-2,-6.0791015E-3,1.2243653E-2,3.360392E-2],"categories":[],"categories_nodes":[],"categories_segments":[],"categories_sizes":[],"default_left":[0,0,0,0,0,0,0,0,0,0,0,0,0],"id":52,"left_children":[1,3,5,-1,-1,7,-1,9,11,-1,-1,-1,-1],"loss_changes":[1.0782215E1,2.6598835E-1,3.250164E0,0E0,0E0,4.172855E-1,0E0,2.450101E-3,5.3791404E-3,0E0,0E0,0E0,0E0],"parents":[2147483647,0,0,1,1,2,2,5,5,7,7,8,8],"right_children":[2,4,6,-1,-1,8,-1,10,12,-1,-1,-1,-1],"split_conditions":[2.0289448E-1,1.0076923E-1,9.0333956E-1,-2.0870362E-1,-5.0444793E-2,5.020544E-1,1.603119E-1,4.014847E-1,7.002415E-1,-2.4308015E-2,-6.0791015E-3,1.2243653E-2,3.360392E-2],"split_indices":[0,0,0,0,0,0,0,0,0,0,0,0,0],"split_type":[0,0,0,0,0,0,0,0,0,0,0,0,0],"sum_hessian":[9E0,2E0,7E0,1E0,1E0,6E0,1E0,2E0,4E0,1E0,1E0,2E0,2E0],"tree_param":{"num_deleted":"0","num_feature":"2","num_nodes":"13","size_leaf_vector":"1"}},{"base_weights":[-1.1714935E-1,-1.641271E0,4.6903992E-1,-1.9826813E-1,-4.7922518E-2,1.0091291E-1,1.5229645E-1,-1.9245403E-1,2.567505E-1,-2.3092652E-2,-5.7754517E-3,1.1427816E-2,3.136393E-2],"categories":[],"categories_nodes":[],"categories_segments":[],"categories_sizes":[],"default_left":[0,0,0,0,0,0,0,0,0,0,0,0,0],"id":53,"left_children":[1,3,5,-1,-1,7,-1,9,11,-1,-1,-1,-1],"loss_changes":[9.70406E0,2.4005222E-1,2.9501379E0,0E0,0E0,3.6943585E-1,0E0,2.2096187E-3,4.683286E-3,0E0,0E0,0E0,0E0],"parents":[2147483647,0,0,1,1,2,2,5,5,7,7,8,8],"right_children":[2,4,6,-1,-1,8,-1,10,12,-1,-1,-1,-1],"split_conditions":[2.0289448E-1,1.0076923E-1,9.0333956E-1,-1.9826813E-1,-4.7922518E-2,5.020544E-1,1.5229645E-1,4.014847E-1,7.002415E-1,-2.3092652E-2,-5.7754517E-3,1.1427816E-2,3.136393E-2],"split_indices":[0,0,0,0,0,0,0,0,0,0,0,0,0],"split_type":[0,0,0,0,0,0,0,0,0,0,0,0,0],"sum_hessian":[9E0,2E0,7E0,1E0,1E0,6E0,1E0,2E0,4E0,1E0,1E0,2E0,2E0],"tree_param":{"num_deleted":"0","num_feature":"2","num_nodes":"13","size_leaf_vector":"1"}},{"base_weights":[-1.1342926E-1,-1.5592041E0,4.4291496E-1,-1.8835449E-1,-4.5526125E-2,9.28105E-2,1.4468232E-1,-1.8283589E-1,2.3963623E-1,-2.1938324E-2,-5.4870606E-3,1.0666911E-2,2.9272461E-2],"categories":[],"categories_nodes":[],"categories_segments":[],"categories_sizes":[],"default_left":[0,0,0,0,0,0,0,0,0,0,0,0,0],"id":54,"left_children":[1,3,5,-1,-1,7,-1,9,11,-1,-1,-1,-1],"loss_changes":[8.734079E0,2.1665621E-1,2.6775017E0,0E0,0E0,3.27118E-1,0E0,1.9926876E-3,4.0703714E-3,0E0,0E0,0E0,0E0],"parents":[2147483647,0,0,1,1,2,2,5,5,7,7,8,8],"right_children":[2,4,6,-1,-1,8,-1,10,12,-1,-1,-1,-1],"split_conditions":[2.0289448E-1,1.0076923E-1,9.0333956E-1,-1.8835449E-1,-4.5526125E-2,5.020544E-1,1.4468232E-1,4.014847E-1,7.002415E-1,-2.1938324E-2,-5.4870606E-3,1.0666911E-2,2.9272461E-2],"split_indices":[0,0,0,0,0,0,0,0,0,0,0,0,0],"split_type":[0,0,0,0,0,0,0,0,0,0,0,0,0],"sum_hessian":[9E0,2E0,7E0,1E0,1E0,6E0,1E0,2E0,4E0,1E0,1E0,2E0,2E0],"tree_param":{"num_deleted":"0","num_feature":"2","num_nodes":"13","size_leaf_vector":"1"}},{"base_weights":[-1.0975494E-1,-1.4812418E0,4.1827202E-1,-1.7893676E-1,-4.3249514E-2,8.531625E-2,1.3744812E-1,-1.736908E-1,2.2365722E-1,-2.0841217E-2,-5.2124024E-3,9.954834E-3,2.7321372E-2],"categories":[],"categories_nodes":[],"categories_segments":[],"categories_sizes":[],"default_left":[0,0,0,0,0,0,0,0,0,0,0,0,0],"id":55,"left_children":[1,3,5,-1,-1,7,-1,9,11,-1,-1,-1,-1],"loss_changes":[7.8613825E0,1.955452E-1,2.429737E0,0E0,0E0,2.896662E-1,0E0,1.7996132E-3,3.5540462E-3,0E0,0E0,0E0,0E0],"parents":[2147483647,0,0,1,1,2,2,5,5,7,7,8,8],"right_children":[2,4,6,-1,-1,8,-1,10,12,-1,-1,-1,-1],"split_conditions":[2.0289448E-1,1.0076923E-1,9.0333956E-1,-1.7893676E-1,-4.3249514E-2,5.020544E-1,1.3744812E-1,4.014847E-1,7.002415E-1,-2.0841217E-2,-5.2124024E-3,9.954834E-3,2.7321372E-2],"split_indices":[0,0,0,0,0,0,0,0,0,0,0,0,0],"split_type":[0,0,0,0,0,0,0,0,0,0,0,0,0],"sum_hessian":[9E0,2E0,7E0,1E0,1E0,6E0,1E0,2E0,4E0,1E0,1E0,2E0,2E0],"tree_param":{"num_deleted":"0","num_feature":"2","num_nodes":"13","size_leaf_vector":"1"}},{"base_weights":[-1.0612793E-1,-1.4071808E0,3.9503288E-1,-1.6998978E-1,-4.108734E-2,7.839312E-2,1.3057557E-1,-1.6500346E-1,2.0875244E-1,-1.9799042E-2,-4.951477E-3,1.1489868E-2,2.9208375E-2],"categories":[],"categories_nodes":[],"categories_segments":[],"categories_sizes":[],"default_left":[0,0,0,0,0,0,0,0,0,0,0,0,0],"id":56,"left_children":[1,3,5,-1,-1,7,-1,9,11,-1,-1,-1,-1],"loss_changes":[7.07625E0,1.7646551E-1,2.204606E0,0E0,0E0,2.5654796E-1,0E0,1.6254112E-3,5.544737E-3,0E0,0E0,0E0,0E0],"parents":[2147483647,0,0,1,1,2,2,5,5,7,7,8,8],"right_children":[2,4,6,-1,-1,8,-1,10,12,-1,-1,-1,-1],"split_conditions":[2.0289448E-1,1.0076923E-1,9.0333956E-1,-1.6998978E-1,-4.108734E-2,5.020544E-1,1.3057557E-1,4.014847E-1,7.992434E-1,-1.9799042E-2,-4.951477E-3,1.1489868E-2,2.9208375E-2],"split_indices":[0,0,0,0,0,0,0,0,0,0,0,0,0],"split_type":[0,0,0,0,0,0,0,0,0,0,0,0,0],"sum_hessian":[9E0,2E0,7E0,1E0,1E0,6E0,1E0,2E0,4E0,1E0,1E0,3E0,1E0],"tree_param":{"num_deleted":"0","num_feature":"2","num_nodes":"13","size_leaf_vector":"1"}},{"base_weights":[-1.0197296E-1,-1.3368225E0,3.7384224E-1,-1.6149063E-1,-3.9032746E-2,7.28302E-2,1.24046326E-1,-1.5675354E-1,1.960144E-1,-1.8808747E-2,-4.704285E-3,1.0627747E-2,2.7748108E-2],"categories":[],"categories_nodes":[],"categories_segments":[],"categories_sizes":[],"default_left":[0,0,0,0,0,0,0,0,0,0,0,0,0],"id":57,"left_children":[1,3,5,-1,-1,7,-1,9,11,-1,-1,-1,-1],"loss_changes":[6.3753624E0,1.5927267E-1,1.9965637E0,0E0,0E0,2.2869357E-1,0E0,1.4648363E-3,7.0628524E-3,0E0,0E0,0E0,0E0],"parents":[2147483647,0,0,1,1,2,2,5,5,7,7,8,8],"right_children":[2,4,6,-1,-1,8,-1,10,12,-1,-1,-1,-1],"split_conditions":[2.0289448E-1,1.0076923E-1,9.0333956E-1,-1.6149063E-1,-3.9032746E-2,5.020544E-1,1.24046326E-1,4.014847E-1,7.992434E-1,-1.8808747E-2,-4.704285E-3,1.0627747E-2,2.7748108E-2],"split_indices":[0,0,0,0,0,0,0,0,0,0,0,0,0],"split_type":[0,0,0,0,0,0,0,0,0,0,0,0,0],"sum_hessian":[9E0,2E0,7E0,1E0,1E0,6E0,1E0,2E0,4E0,1E0,1E0,3E0,1E0],"tree_param":{"num_deleted":"0","num_feature":"2","num_nodes":"13","size_leaf_vector":"1"}},{"base_weights":[-9.793548E-2,-1.2699839E0,3.5382462E-1,-1.5341644E-1,-3.708115E-2,6.767491E-2,1.1784363E-1,-1.489156E-1,1.8409424E-1,-1.7868042E-2,-4.469299E-3,9.831238E-3,2.6361084E-2],"categories":[],"categories_nodes":[],"categories_segments":[],"categories_sizes":[],"default_left":[0,0,0,0,0,0,0,0,0,0,0,0,0],"id":58,"left_children":[1,3,5,-1,-1,7,-1,9,11,-1,-1,-1,-1],"loss_changes":[5.7441993E0,1.437459E-1,1.8079485E0,0E0,0E0,2.0392177E-1,0E0,1.3207346E-3,8.189201E-3,0E0,0E0,0E0,0E0],"parents":[2147483647,0,0,1,1,2,2,5,5,7,7,8,8],"right_children":[2,4,6,-1,-1,8,-1,10,12,-1,-1,-1,-1],"split_conditions":[2.0289448E-1,1.0076923E-1,9.0333956E-1,-1.5341644E-1,-3.708115E-2,5.020544E-1,1.1784363E-1,4.014847E-1,7.992434E-1,-1.7868042E-2,-4.469299E-3,9.831238E-3,2.6361084E-2],"split_indices":[0,0,0,0,0,0,0,0,0,0,0,0,0],"split_type":[0,0,0,0,0,0,0,0,0,0,0,0,0],"sum_hessian":[9E0,2E0,7E0,1E0,1E0,6E0,1E0,2E0,4E0,1E0,1E0,3E0,1E0],"tree_param":{"num_deleted":"0","num_feature":"2","num_nodes":"13","size_leaf_vector":"1"}},{"base_weights":[-9.402466E-2,-1.206487E0,3.349018E-1,-1.4574586E-1,-3.5227206E-2,6.288583E-2,1.1195069E-1,-1.4147441E-1,1.729248E-1,-1.6974641E-2,-4.2465213E-3,9.094238E-3,2.5042726E-2],"categories":[],"categories_nodes":[],"categories_segments":[],"categories_sizes":[],"default_left":[0,0,0,0,0,0,0,0,0,0,0,0,0],"id":59,"left_children":[1,3,5,-1,-1,7,-1,9,11,-1,-1,-1,-1],"loss_changes":[5.1757E0,1.2972927E-1,1.6369996E0,0E0,0E0,1.8187757E-1,0E0,1.1892468E-3,8.994728E-3,0E0,0E0,0E0,0E0],"parents":[2147483647,0,0,1,1,2,2,5,5,7,7,8,8],"right_children":[2,4,6,-1,-1,8,-1,10,12,-1,-1,-1,-1],"split_conditions":[2.0289448E-1,1.0076923E-1,9.0333956E-1,-1.4574586E-1,-3.5227206E-2,5.020544E-1,1.1195069E-1,4.014847E-1,7.992434E-1,-1.6974641E-2,-4.2465213E-3,9.094238E-3,2.5042726E-2],"split_indices":[0,0,0,0,0,0,0,0,0,0,0,0,0],"split_type":[0,0,0,0,0,0,0,0,0,0,0,0,0],"sum_hessian":[9E0,2E0,7E0,1E0,1E0,6E0,1E0,2E0,4E0,1E0,1E0,3E0,1E0],"tree_param":{"num_deleted":"0","num_feature":"2","num_nodes":"13","size_leaf_vector":"1"}},{"base_weights":[-9.023285E-2,-1.1461588E0,3.170185E-1,-1.3845825E-1,-3.3465575E-2,5.8438983E-2,1.0635376E-1,-1.344045E-1,1.6245727E-1,-1.612625E-2,-4.0344237E-3,8.41217E-3,2.3789978E-2],"categories":[],"categories_nodes":[],"categories_segments":[],"categories_sizes":[],"default_left":[0,0,0,0,0,0,0,0,0,0,0,0,0],"id":60,"left_children":[1,3,5,-1,-1,7,-1,9,11,-1,-1,-1,-1],"loss_changes":[4.6636267E0,1.1708617E-1,1.4821243E0,0E0,0E0,1.6224974E-1,0E0,1.0728016E-3,9.536609E-3,0E0,0E0,0E0,0E0],"parents":[2147483647,0,0,1,1,2,2,5,5,7,7,8,8],"right_children":[2,4,6,-1,-1,8,-1,10,12,-1,-1,-1,-1],"split_conditions":[2.0289448E-1,1.0076923E-1,9.0333956E-1,-1.3845825E-1,-3.3465575E-2,5.020544E-1,1.0635376E-1,4.014847E-1,7.992434E-1,-1.612625E-2,-4.0344237E-3,8.41217E-3,2.3789978E-2],"split_indices":[0,0,0,0,0,0,0,0,0,0,0,0,0],"split_type":[0,0,0,0,0,0,0,0,0,0,0,0,0],"sum_hessian":[9E0,2E0,7E0,1E0,1E0,6E0,1E0,2E0,4E0,1E0,1E0,3E0,1E0],"tree_param":{"num_deleted":"0","num_feature":"2","num_nodes":"13","size_leaf_vector":"1"}},{"base_weights":[-8.6567685E-2,-1.0888519E0,3.0010986E-1,-1.3153534E-1,-3.179245E-2,5.430821E-2,1.0103607E-1,-1.2768555E-1,1.5264282E-1,-1.5319824E-2,-3.8330078E-3,7.7804564E-3,2.2599792E-2],"categories":[],"categories_nodes":[],"categories_segments":[],"categories_sizes":[],"default_left":[0,0,0,0,0,0,0,0,0,0,0,0,0],"id":61,"left_children":[1,3,5,-1,-1,7,-1,9,11,-1,-1,-1,-1],"loss_changes":[4.202383E0,1.05665684E-1,1.3417757E0,0E0,0E0,1.4476427E-1,0E0,9.6699595E-4,9.865157E-3,0E0,0E0,0E0,0E0],"parents":[2147483647,0,0,1,1,2,2,5,5,7,7,8,8],"right_children":[2,4,6,-1,-1,8,-1,10,12,-1,-1,-1,-1],"split_conditions":[2.0289448E-1,1.0076923E-1,9.0333956E-1,-1.3153534E-1,-3.179245E-2,5.020544E-1,1.0103607E-1,4.014847E-1,7.992434E-1,-1.5319824E-2,-3.8330078E-3,7.7804564E-3,2.2599792E-2],"split_indices":[0,0,0,0,0,0,0,0,0,0,0,0,0],"split_type":[0,0,0,0,0,0,0,0,0,0,0,0,0],"sum_hessian":[9E0,2E0,7E0,1E0,1E0,6E0,1E0,2E0,4E0,1E0,1E0,3E0,1E0],"tree_param":{"num_deleted":"0","num_feature":"2","num_nodes":"13","size_leaf_vector":"1"}},{"base_weights":[-8.30185E-2,-1.0344086E0,2.841301E-1,-1.24958806E-1,-3.0202484E-2,5.0480433E-2,9.5983885E-2,-1.212972E-1,1.4345093E-1,-1.4553833E-2,-3.6407472E-3,7.196808E-3,2.1469116E-2],"categories":[],"categories_nodes":[],"categories_segments":[],"categories_sizes":[],"default_left":[0,0,0,0,0,0,0,0,0,0,0,0,0],"id":62,"left_children":[1,3,5,-1,-1,7,-1,9,11,-1,-1,-1,-1],"loss_changes":[3.7869217E0,9.53753E-2,1.2145798E0,0E0,0E0,1.2919196E-1,0E0,8.7478384E-4,1.001136E-2,0E0,0E0,0E0,0E0],"parents":[2147483647,0,0,1,1,2,2,5,5,7,7,8,8],"right_children":[2,4,6,-1,-1,8,-1,10,12,-1,-1,-1,-1],"split_conditions":[2.0289448E-1,1.0076923E-1,9.0333956E-1,-1.24958806E-1,-3.0202484E-2,5.020544E-1,9.5983885E-2,4.014847E-1,7.992434E-1,-1.4553833E-2,-3.6407472E-3,7.196808E-3,2.1469116E-2],"split_indices":[0,0,0,0,0,0,0,0,0,0,0,0,0],"split_type":[0,0,0,0,0,0,0,0,0,0,0,0,0],"sum_hessian":[9E0,2E0,7E0,1E0,1E0,6E0,1E0,2E0,4E0,1E0,1E0,3E0,1E0],"tree_param":{"num_deleted":"0","num_feature":"2","num_nodes":"13","size_leaf_vector":"1"}},{"base_weights":[-7.959137E-2,-9.8269147E-1,2.6902008E-1,-1.1871109E-1,-2.8692627E-2,4.6922956E-2,9.1184996E-2,-1.15234375E-1,1.3483277E-1,-1.3825989E-2,-3.4591674E-3,6.6566467E-3,2.0394897E-2],"categories":[],"categories_nodes":[],"categories_segments":[],"categories_sizes":[],"default_left":[0,0,0,0,0,0,0,0,0,0,0,0,0],"id":63,"left_children":[1,3,5,-1,-1,7,-1,9,11,-1,-1,-1,-1],"loss_changes":[3.412674E0,8.607054E-2,1.0993786E0,0E0,0E0,1.15323916E-1,0E0,7.8787655E-4,1.0015376E-2,0E0,0E0,0E0,0E0],"parents":[2147483647,0,0,1,1,2,2,5,5,7,7,8,8],"right_children":[2,4,6,-1,-1,8,-1,10,12,-1,-1,-1,-1],"split_conditions":[2.0289448E-1,1.0076923E-1,9.0333956E-1,-1.1871109E-1,-2.8692627E-2,5.020544E-1,9.1184996E-2,4.014847E-1,7.992434E-1,-1.3825989E-2,-3.4591674E-3,6.6566467E-3,2.0394897E-2],"split_indices":[0,0,0,0,0,0,0,0,0,0,0,0,0],"split_type":[0,0,0,0,0,0,0,0,0,0,0,0,0],"sum_hessian":[9E0,2E0,7E0,1E0,1E0,6E0,1E0,2E0,4E0,1E0,1E0,3E0,1E0],"tree_param":{"num_deleted":"0","num_feature":"2","num_nodes":"13","size_leaf_vector":"1"}},{"base_weights":[-7.627716E-2,-9.3355817E-1,2.5473785E-1,-1.1277542E-1,-2.7258301E-2,4.3627057E-2,8.662567E-2,-1.0947672E-1,1.2676391E-1,-1.3134765E-2,-3.2867433E-3,6.1576846E-3,1.9375611E-2],"categories":[],"categories_nodes":[],"categories_segments":[],"categories_sizes":[],"default_left":[0,0,0,0,0,0,0,0,0,0,0,0,0],"id":64,"left_children":[1,3,5,-1,-1,7,-1,9,11,-1,-1,-1,-1],"loss_changes":[3.0755413E0,7.766986E-2,9.949936E-1,0E0,0E0,1.0297767E-1,0E0,7.09489E-4,9.904236E-3,0E0,0E0,0E0,0E0],"parents":[2147483647,0,0,1,1,2,2,5,5,7,7,8,8],"right_children":[2,4,6,-1,-1,8,-1,10,12,-1,-1,-1,-1],"split_conditions":[2.0289448E-1,1.0076923E-1,9.0333956E-1,-1.1277542E-1,-2.7258301E-2,5.020544E-1,8.662567E-2,4.014847E-1,7.992434E-1,-1.3134765E-2,-3.2867433E-3,6.1576846E-3,1.9375611E-2],"split_indices":[0,0,0,0,0,0,0,0,0,0,0,0,0],"split_type":[0,0,0,0,0,0,0,0,0,0,0,0,0],"sum_hessian":[9E0,2E0,7E0,1E0,1E0,6E0,1E0,2E0,4E0,1E0,1E0,3E0,1E0],"tree_param":{"num_deleted":"0","num_feature":"2","num_nodes":"13","size_leaf_vector":"1"}},{"base_weights":[-7.308197E-2,-8.8688153E-1,2.412281E-1,-1.0713654E-1,-2.589569E-2,4.05644E-2,8.2293704E-2,-1.0399882E-1,1.19189456E-1,-1.2477875E-2,-3.1219483E-3,5.695343E-3,1.8406678E-2],"categories":[],"categories_nodes":[],"categories_segments":[],"categories_sizes":[],"default_left":[0,0,0,0,0,0,0,0,0,0,0,0,0],"id":65,"left_children":[1,3,5,-1,-1,7,-1,9,11,-1,-1,-1,-1],"loss_changes":[2.7717946E0,7.008839E-2,9.0044093E-1,0E0,0E0,9.19596E-2,0E0,6.4152107E-4,9.70529E-3,0E0,0E0,0E0,0E0],"parents":[2147483647,0,0,1,1,2,2,5,5,7,7,8,8],"right_children":[2,4,6,-1,-1,8,-1,10,12,-1,-1,-1,-1],"split_conditions":[2.0289448E-1,1.0076923E-1,9.0333956E-1,-1.0713654E-1,-2.589569E-2,5.020544E-1,8.2293704E-2,4.014847E-1,7.992434E-1,-1.2477875E-2,-3.1219483E-3,5.695343E-3,1.8406678E-2],"split_indices":[0,0,0,0,0,0,0,0,0,0,0,0,0],"split_type":[0,0,0,0,0,0,0,0,0,0,0,0,0],"sum_hessian":[9E0,2E0,7E0,1E0,1E0,6E0,1E0,2E0,4E0,1E0,1E0,3E0,1E0],"tree_param":{"num_deleted":"0","num_feature":"2","num_nodes":"13","size_leaf_vector":"1"}},{"base_weights":[-7.000275E-2,-8.425395E-1,2.2844887E-1,-1.0177994E-1,-2.4600983E-2,3.7717547E-2,7.8178406E-2,-9.880066E-2,1.1208496E-1,-1.1853791E-2,-2.9663087E-3,5.267334E-3,1.7486572E-2],"categories":[],"categories_nodes":[],"categories_segments":[],"categories_sizes":[],"default_left":[0,0,0,0,0,0,0,0,0,0,0,0,0],"id":66,"left_children":[1,3,5,-1,-1,7,-1,9,11,-1,-1,-1,-1],"loss_changes":[2.4981256E0,6.3254595E-2,8.148198E-1,0E0,0E0,8.21416E-2,0E0,5.7755597E-4,9.4387755E-3,0E0,0E0,0E0,0E0],"parents":[2147483647,0,0,1,1,2,2,5,5,7,7,8,8],"right_children":[2,4,6,-1,-1,8,-1,10,12,-1,-1,-1,-1],"split_conditions":[2.0289448E-1,1.0076923E-1,9.0333956E-1,-1.0177994E-1,-2.4600983E-2,5.020544E-1,7.8178406E-2,4.014847E-1,7.992434E-1,-1.1853791E-2,-2.9663087E-3,5.267334E-3,1.7486572E-2],"split_indices":[0,0,0,0,0,0,0,0,0,0,0,0,0],"split_type":[0,0,0,0,0,0,0,0,0,0,0,0,0],"sum_hessian":[9E0,2E0,7E0,1E0,1E0,6E0,1E0,2E0,4E0,1E0,1E0,3E0,1E0],"tree_param":{"num_deleted":"0","num_feature":"2","num_nodes":"13","size_leaf_vector":"1"}},{"base_weights":[-6.7034915E-2,-8.0041504E-1,2.16362E-1,-9.669113E-2,-2.3371125E-2,3.507342E-2,7.426911E-2,-9.38619E-2,1.0541992E-1,-1.1260986E-2,-2.8182983E-3,4.8713684E-2,1.6612245E-2,1.4907838E-3,5.501302E-3],"categories":[],"categories_nodes":[],"categories_segments":[],"categories_sizes":[],"default_left":[0,0,0,0,0,0,0,0,0,0,0,0,0,0,0],"id":67,"left_children":[1,3,5,-1,-1,7,-1,9,11,-1,-1,13,-1,-1,-1],"loss_changes":[2.251556E0,5.7084084E-2,7.3729074E-1,0E0,0E0,7.3385954E-2,0E0,5.20356E-4,9.11862E-3,0E0,0E0,3.1692907E-5,0E0,0E0,0E0],"parents":[2147483647,0,0,1,1,2,2,5,5,7,7,8,8,11,11],"right_children":[2,4,6,-1,-1,8,-1,10,12,-1,-1,14,-1,-1,-1],"split_conditions":[2.0289448E-1,1.0076923E-1,9.0333956E-1,-9.669113E-2,-2.3371125E-2,5.020544E-1,7.426911E-2,4.014847E-1,7.992434E-1,-1.1260986E-2,-2.8182983E-3,6.000464E-1,1.6612245E-2,1.4907838E-3,5.501302E-3],"split_indices":[0,0,0,0,0,0,0,0,0,0,0,0,0,0,0],"split_type":[0,0,0,0,0,0,0,0,0,0,0,0,0,0,0],"sum_hessian":[9E0,2E0,7E0,1E0,1E0,6E0,1E0,2E0,4E0,1E0,1E0,3E0,1E0,1E0,2E0],"tree_param":{"num_deleted":"0","num_feature":"2","num_nodes":"15","size_leaf_vector":"1"}},{"base_weights":[-6.3957214E-2,-7.6039124E-1,2.052002E-1,-9.185638E-2,-2.2202302E-2,3.2928467E-2,7.055511E-2,-8.917236E-2,9.960327E-2,-1.0697938E-2,-2.6779175E-3,4.5593265E-3,1.5782166E-2],"categories":[],"categories_nodes":[],"categories_segments":[],"categories_sizes":[],"default_left":[0,0,0,0,0,0,0,0,0,0,0,0,0],"id":68,"left_children":[1,3,5,-1,-1,7,-1,9,11,-1,-1,-1,-1],"loss_changes":[2.0305362E0,5.152309E-2,6.6633785E-1,0E0,0E0,6.58692E-2,0E0,4.6828948E-4,8.526273E-3,0E0,0E0,0E0,0E0],"parents":[2147483647,0,0,1,1,2,2,5,5,7,7,8,8],"right_children":[2,4,6,-1,-1,8,-1,10,12,-1,-1,-1,-1],"split_conditions":[2.0289448E-1,1.0076923E-1,9.0333956E-1,-9.185638E-2,-2.2202302E-2,5.020544E-1,7.055511E-2,4.014847E-1,7.992434E-1,-1.0697938E-2,-2.6779175E-3,4.5593265E-3,1.5782166E-2],"split_indices":[0,0,0,0,0,0,0,0,0,0,0,0,0],"split_type":[0,0,0,0,0,0,0,0,0,0,0,0,0],"sum_hessian":[9E0,2E0,7E0,1E0,1E0,6E0,1E0,2E0,4E0,1E0,1E0,3E0,1E0],"tree_param":{"num_deleted":"0","num_feature":"2","num_nodes":"13","size_leaf_vector":"1"}},{"base_weights":[-6.1210632E-2,-7.223714E-1,1.9437599E-1,-8.726349E-2,-2.1092225E-2,3.063747E-2,6.7027286E-2,-8.471171E-2,9.371948E-2,-1.0163116E-2,-2.54364E-3,4.2182922E-2,1.4993287E-2,1.1886597E-3,4.83195E-3],"categories":[],"categories_nodes":[],"categories_segments":[],"categories_sizes":[],"default_left":[0,0,0,0,0,0,0,0,0,0,0,0,0,0,0],"id":69,"left_children":[1,3,5,-1,-1,7,-1,9,11,-1,-1,13,-1,-1,-1],"loss_changes":[1.8302504E0,4.649818E-2,6.0284567E-1,0E0,0E0,5.887435E-2,0E0,4.23586E-4,8.16061E-3,0E0,0E0,1.6930886E-4,0E0,0E0,0E0],"parents":[2147483647,0,0,1,1,2,2,5,5,7,7,8,8,11,11],"right_children":[2,4,6,-1,-1,8,-1,10,12,-1,-1,14,-1,-1,-1],"split_conditions":[2.0289448E-1,1.0076923E-1,9.0333956E-1,-8.726349E-2,-2.1092225E-2,5.020544E-1,6.7027286E-2,4.014847E-1,7.992434E-1,-1.0163116E-2,-2.54364E-3,6.000464E-1,1.4993287E-2,1.1886597E-3,4.83195E-3],"split_indices":[0,0,0,0,0,0,0,0,0,0,0,0,0,0,0],"split_type":[0,0,0,0,0,0,0,0,0,0,0,0,0,0,0],"sum_hessian":[9E0,2E0,7E0,1E0,1E0,6E0,1E0,2E0,4E0,1E0,1E0,3E0,1E0,1E0,2E0],"tree_param":{"num_deleted":"0","num_feature":"2","num_nodes":"15","size_leaf_vector":"1"}},{"base_weights":[-5.8389284E-2,-6.8625385E-1,1.843586E-1,-8.290024E-2,-2.0037843E-2,2.8762817E-2,6.3676454E-2,-8.047994E-2,8.855591E-2,-9.654999E-3,-2.4169923E-3,3.9474487E-2,1.424408E-2,1.1291504E-3,4.510498E-3],"categories":[],"categories_nodes":[],"categories_segments":[],"categories_sizes":[],"default_left":[0,0,0,0,0,0,0,0,0,0,0,0,0,0,0],"id":70,"left_children":[1,3,5,-1,-1,7,-1,9,11,-1,-1,13,-1,-1,-1],"loss_changes":[1.6506448E0,4.195988E-2,5.448245E-1,0E0,0E0,5.285071E-2,0E0,3.8110837E-4,7.6009557E-3,0E0,0E0,1.2543332E-4,0E0,0E0,0E0],"parents":[2147483647,0,0,1,1,2,2,5,5,7,7,8,8,11,11],"right_children":[2,4,6,-1,-1,8,-1,10,12,-1,-1,14,-1,-1,-1],"split_conditions":[2.0289448E-1,1.0076923E-1,9.0333956E-1,-8.290024E-2,-2.0037843E-2,5.020544E-1,6.3676454E-2,4.014847E-1,7.992434E-1,-9.654999E-3,-2.4169923E-3,6.000464E-1,1.424408E-2,1.1291504E-3,4.510498E-3],"split_indices":[0,0,0,0,0,0,0,0,0,0,0,0,0,0,0],"split_type":[0,0,0,0,0,0,0,0,0,0,0,0,0,0,0],"sum_hessian":[9E0,2E0,7E0,1E0,1E0,6E0,1E0,2E0,4E0,1E0,1E0,3E0,1E0,1E0,2E0],"tree_param":{"num_deleted":"0","num_feature":"2","num_nodes":"15","size_leaf_vector":"1"}},{"base_weights":[-5.569916E-2,-6.5194196E-1,1.7485428E-1,-7.875519E-2,-1.9036103E-2,2.6999338E-2,6.0491946E-2,-7.64567E-2,8.36731E-2,-9.172059E-3,-2.2964478E-3,3.69339E-2,1.3531494E-2,1.0726929E-3,4.2093913E-3],"categories":[],"categories_nodes":[],"categories_segments":[],"categories_sizes":[],"default_left":[0,0,0,0,0,0,0,0,0,0,0,0,0,0,0],"id":71,"left_children":[1,3,5,-1,-1,7,-1,9,11,-1,-1,13,-1,-1,-1],"loss_changes":[1.4886531E0,3.786564E-2,4.9236566E-1,0E0,0E0,4.744007E-2,0E0,3.4317933E-4,7.0707835E-3,0E0,0E0,8.93753E-5,0E0,0E0,0E0],"parents":[2147483647,0,0,1,1,2,2,5,5,7,7,8,8,11,11],"right_children":[2,4,6,-1,-1,8,-1,10,12,-1,-1,14,-1,-1,-1],"split_conditions":[2.0289448E-1,1.0076923E-1,9.0333956E-1,-7.875519E-2,-1.9036103E-2,5.020544E-1,6.0491946E-2,4.014847E-1,7.992434E-1,-9.172059E-3,-2.2964478E-3,6.000464E-1,1.3531494E-2,1.0726929E-3,4.2093913E-3],"split_indices":[0,0,0,0,0,0,0,0,0,0,0,0,0,0,0],"split_type":[0,0,0,0,0,0,0,0,0,0,0,0,0,0,0],"sum_hessian":[9E0,2E0,7E0,1E0,1E0,6E0,1E0,2E0,4E0,1E0,1E0,3E0,1E0,1E0,2E0],"tree_param":{"num_deleted":"0","num_feature":"2","num_nodes":"15","size_leaf_vector":"1"}},{"base_weights":[-5.3123474E-2,-6.1934406E-1,1.6584969E-1,-7.481766E-2,-1.8083954E-2,2.534921E-2,5.746765E-2,-7.2636925E-2,7.9071045E-2,-8.713531E-3,-2.1820068E-3,3.4561157E-2,1.285553E-2,1.0192872E-3,3.9286297E-3],"categories":[],"categories_nodes":[],"categories_segments":[],"categories_sizes":[],"default_left":[0,0,0,0,0,0,0,0,0,0,0,0,0,0,0],"id":72,"left_children":[1,3,5,-1,-1,7,-1,9,11,-1,-1,13,-1,-1,-1],"loss_changes":[1.3425891E0,3.4181E-2,4.449553E-1,0E0,0E0,4.2591445E-2,0E0,3.0899048E-4,6.5696687E-3,0E0,0E0,6.01341E-5,0E0,0E0,0E0],"parents":[2147483647,0,0,1,1,2,2,5,5,7,7,8,8,11,11],"right_children":[2,4,6,-1,-1,8,-1,10,12,-1,-1,14,-1,-1,-1],"split_conditions":[2.0289448E-1,1.0076923E-1,9.0333956E-1,-7.481766E-2,-1.8083954E-2,5.020544E-1,5.746765E-2,4.014847E-1,7.992434E-1,-8.713531E-3,-2.1820068E-3,6.000464E-1,1.285553E-2,1.0192872E-3,3.9286297E-3],"split_indices":[0,0,0,0,0,0,0,0,0,0,0,0,0,0,0],"split_type":[0,0,0,0,0,0,0,0,0,0,0,0,0,0,0],"sum_hessian":[9E0,2E0,7E0,1E0,1E0,6E0,1E0,2E0,4E0,1E0,1E0,3E0,1E0,1E0,2E0],"tree_param":{"num_deleted":"0","num_feature":"2","num_nodes":"15","size_leaf_vector":"1"}},{"base_weights":[-5.066223E-2,-5.883789E-1,1.573143E-1,-7.107697E-2,-1.7179871E-2,2.3803711E-2,5.4594424E-2,-6.9000244E-2,7.4725345E-2,-8.277893E-3,-2.0721436E-3,3.2341003E-2,1.2213135E-2,9.689331E-4,3.6661786E-3],"categories":[],"categories_nodes":[],"categories_segments":[],"categories_sizes":[],"default_left":[0,0,0,0,0,0,0,0,0,0,0,0,0,0,0],"id":73,"left_children":[1,3,5,-1,-1,7,-1,9,11,-1,-1,13,-1,-1,-1],"loss_changes":[1.2108849E0,3.0847311E-2,4.020942E-1,0E0,0E0,3.823617E-2,0E0,2.8035697E-4,6.0965084E-3,0E0,0E0,3.626384E-5,0E0,0E0,0E0],"parents":[2147483647,0,0,1,1,2,2,5,5,7,7,8,8,11,11],"right_children":[2,4,6,-1,-1,8,-1,10,12,-1,-1,14,-1,-1,-1],"split_conditions":[2.0289448E-1,1.0076923E-1,9.0333956E-1,-7.107697E-2,-1.7179871E-2,5.020544E-1,5.4594424E-2,4.014847E-1,7.992434E-1,-8.277893E-3,-2.0721436E-3,6.000464E-1,1.2213135E-2,9.689331E-4,3.6661786E-3],"split_indices":[0,0,0,0,0,0,0,0,0,0,0,0,0,0,0],"split_type":[0,0,0,0,0,0,0,0,0,0,0,0,0,0,0],"sum_hessian":[9E0,2E0,7E0,1E0,1E0,6E0,1E0,2E0,4E0,1E0,1E0,3E0,1E0,1E0,2E0],"tree_param":{"num_deleted":"0","num_feature":"2","num_nodes":"15","size_leaf_vector":"1"}},{"base_weights":[-4.8312377E-2,-5.5895996E-1,1.4921951E-1,-6.75232E-2,-1.63208E-2,2.2351947E-2,5.1864624E-2,-6.555176E-2,7.062378E-2,-7.86438E-3,-1.9683838E-3,3.0265808E-2,1.1602784E-2,9.2010497E-4,3.422038E-3],"categories":[],"categories_nodes":[],"categories_segments":[],"categories_sizes":[],"default_left":[0,0,0,0,0,0,0,0,0,0,0,0,0,0,0],"id":74,"left_children":[1,3,5,-1,-1,7,-1,9,11,-1,-1,13,-1,-1,-1],"loss_changes":[1.0920995E0,2.784127E-2,3.6335337E-1,0E0,0E0,3.4332424E-2,0E0,2.5350228E-4,5.650401E-3,0E0,0E0,1.8344726E-5,0E0,0E0,0E0],"parents":[2147483647,0,0,1,1,2,2,5,5,7,7,8,8,11,11],"right_children":[2,4,6,-1,-1,8,-1,10,12,-1,-1,14,-1,-1,-1],"split_conditions":[2.0289448E-1,1.0076923E-1,9.0333956E-1,-6.75232E-2,-1.63208E-2,5.020544E-1,5.1864624E-2,4.014847E-1,7.992434E-1,-7.86438E-3,-1.9683838E-3,6.000464E-1,1.1602784E-2,9.2010497E-4,3.422038E-3],"split_indices":[0,0,0,0,0,0,0,0,0,0,0,0,0,0,0],"split_type":[0,0,0,0,0,0,0,0,0,0,0,0,0,0,0],"sum_hessian":[9E0,2E0,7E0,1E0,1E0,6E0,1E0,2E0,4E0,1E0,1E0,3E0,1E0,1E0,2E0],"tree_param":{"num_deleted":"0","num_feature":"2","num_nodes":"15","size_leaf_vector":"1"}},{"base_weights":[-4.6069335E-2,-5.310109E-1,1.4154243E-1,-6.414719E-2,-1.5504456E-2,2.0989554E-2,4.927063E-2,-6.2281292E-2,6.675415E-2,-7.471466E-3,-1.8707275E-3,2.8327942E-2,1.102295E-2,8.743286E-4,3.194173E-3],"categories":[],"categories_nodes":[],"categories_segments":[],"categories_sizes":[],"default_left":[0,0,0,0,0,0,0,0,0,0,0,0,0,0,0],"id":75,"left_children":[1,3,5,-1,-1,7,-1,9,11,-1,-1,13,-1,-1,-1],"loss_changes":[9.849681E-1,2.513206E-2,3.2832885E-1,0E0,0E0,3.0833531E-2,0E0,2.2760686E-4,5.2303877E-3,0E0,0E0,3.823545E-6,0E0,0E0,0E0],"parents":[2147483647,0,0,1,1,2,2,5,5,7,7,8,8,11,11],"right_children":[2,4,6,-1,-1,8,-1,10,12,-1,-1,14,-1,-1,-1],"split_conditions":[2.0289448E-1,1.0076923E-1,9.0333956E-1,-6.414719E-2,-1.5504456E-2,5.020544E-1,4.927063E-2,4.014847E-1,7.992434E-1,-7.471466E-3,-1.8707275E-3,6.000464E-1,1.102295E-2,8.743286E-4,3.194173E-3],"split_indices":[0,0,0,0,0,0,0,0,0,0,0,0,0,0,0],"split_type":[0,0,0,0,0,0,0,0,0,0,0,0,0,0,0],"sum_hessian":[9E0,2E0,7E0,1E0,1E0,6E0,1E0,2E0,4E0,1E0,1E0,3E0,1E0,1E0,2E0],"tree_param":{"num_deleted":"0","num_feature":"2","num_nodes":"15","size_leaf_vector":"1"}},{"base_weights":[-4.3927003E-2,-5.0446063E-1,1.3426399E-1,-6.093979E-2,-1.4729309E-2,1.9707816E-2,4.6807863E-2,-5.91685E-2,6.309204E-2,-7.0976256E-3,-1.7776489E-3,2.6504516E-3,1.0472107E-2],"categories":[],"categories_nodes":[],"categories_segments":[],"categories_sizes":[],"default_left":[0,0,0,0,0,0,0,0,0,0,0,0,0],"id":76,"left_children":[1,3,5,-1,-1,7,-1,9,11,-1,-1,-1,-1],"loss_changes":[8.883604E-1,2.2680461E-2,2.966994E-1,0E0,0E0,2.7686976E-2,0E0,2.0453148E-4,4.8399325E-3,0E0,0E0,0E0,0E0],"parents":[2147483647,0,0,1,1,2,2,5,5,7,7,8,8],"right_children":[2,4,6,-1,-1,8,-1,10,12,-1,-1,-1,-1],"split_conditions":[2.0289448E-1,1.0076923E-1,9.0333956E-1,-6.093979E-2,-1.4729309E-2,5.020544E-1,4.6807863E-2,4.014847E-1,7.992434E-1,-7.0976256E-3,-1.7776489E-3,2.6504516E-3,1.0472107E-2],"split_indices":[0,0,0,0,0,0,0,0,0,0,0,0,0],"split_type":[0,0,0,0,0,0,0,0,0,0,0,0,0],"sum_hessian":[9E0,2E0,7E0,1E0,1E0,6E0,1E0,2E0,4E0,1E0,1E0,3E0,1E0],"tree_param":{"num_deleted":"0","num_feature":"2","num_nodes":"13","size_leaf_vector":"1"}},{"base_weights":[-4.199829E-2,-4.7923788E-1,1.2721634E-1,-5.789261E-2,-1.3993072E-2,1.8341064E-2,4.4467162E-2,-5.621338E-2,5.9405517E-2,-6.742859E-3,-1.689148E-3,2.4513245E-2,9.9487305E-3,6.973267E-4,2.8035482E-3],"categories":[],"categories_nodes":[],"categories_segments":[],"categories_sizes":[],"default_left":[0,0,0,0,0,0,0,0,0,0,0,0,0,0,0],"id":77,"left_children":[1,3,5,-1,-1,7,-1,9,11,-1,-1,13,-1,-1,-1],"loss_changes":[8.008402E-1,2.0465255E-2,2.6834852E-1,0E0,0E0,2.4770148E-2,0E0,1.8404052E-4,4.553966E-3,0E0,0E0,5.1620882E-5,0E0,0E0,0E0],"parents":[2147483647,0,0,1,1,2,2,5,5,7,7,8,8,11,11],"right_children":[2,4,6,-1,-1,8,-1,10,12,-1,-1,14,-1,-1,-1],"split_conditions":[2.0289448E-1,1.0076923E-1,9.0333956E-1,-5.789261E-2,-1.3993072E-2,5.020544E-1,4.4467162E-2,4.014847E-1,7.992434E-1,-6.742859E-3,-1.689148E-3,6.000464E-1,9.9487305E-3,6.973267E-4,2.8035482E-3],"split_indices":[0,0,0,0,0,0,0,0,0,0,0,0,0,0,0],"split_type":[0,0,0,0,0,0,0,0,0,0,0,0,0,0,0],"sum_hessian":[9E0,2E0,7E0,1E0,1E0,6E0,1E0,2E0,4E0,1E0,1E0,3E0,1E0,1E0,2E0],"tree_param":{"num_deleted":"0","num_feature":"2","num_nodes":"15","size_leaf_vector":"1"}},{"base_weights":[-4.004059E-2,-4.552765E-1,1.2067795E-1,-5.4998018E-2,-1.3293457E-2,1.7220633E-2,4.2243958E-2,-5.340576E-2,5.6152344E-2,-6.40564E-3,-1.6052247E-3,2.293396E-2,9.451294E-3,6.6223147E-4,2.6163736E-3],"categories":[],"categories_nodes":[],"categories_segments":[],"categories_sizes":[],"default_left":[0,0,0,0,0,0,0,0,0,0,0,0,0,0,0],"id":78,"left_children":[1,3,5,-1,-1,7,-1,9,11,-1,-1,13,-1,-1,-1],"loss_changes":[7.223029E-1,1.8469512E-2,2.4248089E-1,0E0,0E0,2.2246104E-2,0E0,1.6526692E-4,4.20383E-3,0E0,0E0,3.746734E-5,0E0,0E0,0E0],"parents":[2147483647,0,0,1,1,2,2,5,5,7,7,8,8,11,11],"right_children":[2,4,6,-1,-1,8,-1,10,12,-1,-1,14,-1,-1,-1],"split_conditions":[2.0289448E-1,1.0076923E-1,9.0333956E-1,-5.4998018E-2,-1.3293457E-2,5.020544E-1,4.2243958E-2,4.014847E-1,7.992434E-1,-6.40564E-3,-1.6052247E-3,6.000464E-1,9.451294E-3,6.6223147E-4,2.6163736E-3],"split_indices":[0,0,0,0,0,0,0,0,0,0,0,0,0,0,0],"split_type":[0,0,0,0,0,0,0,0,0,0,0,0,0,0,0],"sum_hessian":[9E0,2E0,7E0,1E0,1E0,6E0,1E0,2E0,4E0,1E0,1E0,3E0,1E0,1E0,2E0],"tree_param":{"num_deleted":"0","num_feature":"2","num_nodes":"15","size_leaf_vector":"1"}},{"base_weights":[-3.817139E-2,-4.3251547E-1,1.14479065E-1,-5.2248385E-2,-1.2628937E-2,1.6169956E-2,4.0132143E-2,-5.073039E-2,5.307617E-2,-6.0852054E-3,-1.524353E-3,2.1453857E-2,8.978272E-3,6.286621E-4,2.4414062E-3],"categories":[],"categories_nodes":[],"categories_segments":[],"categories_sizes":[],"default_left":[0,0,0,0,0,0,0,0,0,0,0,0,0,0,0],"id":79,"left_children":[1,3,5,-1,-1,7,-1,9,11,-1,-1,13,-1,-1,-1],"loss_changes":[6.5148205E-1,1.6667843E-2,2.1910438E-1,0E0,0E0,1.9975845E-2,0E0,1.4995784E-4,3.8775438E-3,0E0,0E0,2.611056E-5,0E0,0E0,0E0],"parents":[2147483647,0,0,1,1,2,2,5,5,7,7,8,8,11,11],"right_children":[2,4,6,-1,-1,8,-1,10,12,-1,-1,14,-1,-1,-1],"split_conditions":[2.0289448E-1,1.0076923E-1,9.0333956E-1,-5.2248385E-2,-1.2628937E-2,5.020544E-1,4.0132143E-2,4.014847E-1,7.992434E-1,-6.0852054E-3,-1.524353E-3,6.000464E-1,8.978272E-3,6.286621E-4,2.4414062E-3],"split_indices":[0,0,0,0,0,0,0,0,0,0,0,0,0,0,0],"split_type":[0,0,0,0,0,0,0,0,0,0,0,0,0,0,0],"sum_hessian":[9E0,2E0,7E0,1E0,1E0,6E0,1E0,2E0,4E0,1E0,1E0,3E0,1E0,1E0,2E0],"tree_param":{"num_deleted":"0","num_feature":"2","num_nodes":"15","size_leaf_vector":"1"}},{"base_weights":[-3.6384583E-2,-4.1088867E-1,1.08602524E-1,-4.9636077E-2,-1.1997223E-2,1.5186855E-2,3.812561E-2,-4.819234E-2,5.0177E-2,-5.7807923E-3,-1.4480591E-3,2.0072937E-2,8.529663E-3,5.966187E-4,2.278646E-3],"categories":[],"categories_nodes":[],"categories_segments":[],"categories_sizes":[],"default_left":[0,0,0,0,0,0,0,0,0,0,0,0,0,0,0],"id":80,"left_children":[1,3,5,-1,-1,7,-1,9,11,-1,-1,13,-1,-1,-1],"loss_changes":[5.876062E-1,1.5046239E-2,1.9797087E-1,0E0,0E0,1.794168E-2,0E0,1.3538124E-4,3.574064E-3,0E0,0E0,1.7167651E-5,0E0,0E0,0E0],"parents":[2147483647,0,0,1,1,2,2,5,5,7,7,8,8,11,11],"right_children":[2,4,6,-1,-1,8,-1,10,12,-1,-1,14,-1,-1,-1],"split_conditions":[2.0289448E-1,1.0076923E-1,9.0333956E-1,-4.9636077E-2,-1.1997223E-2,5.020544E-1,3.812561E-2,4.014847E-1,7.992434E-1,-5.7807923E-3,-1.4480591E-3,6.000464E-1,8.529663E-3,5.966187E-4,2.278646E-3],"split_indices":[0,0,0,0,0,0,0,0,0,0,0,0,0,0,0],"split_type":[0,0,0,0,0,0,0,0,0,0,0,0,0,0,0],"sum_hessian":[9E0,2E0,7E0,1E0,1E0,6E0,1E0,2E0,4E0,1E0,1E0,3E0,1E0,1E0,2E0],"tree_param":{"num_deleted":"0","num_feature":"2","num_nodes":"15","size_leaf_vector":"1"}},{"base_weights":[-3.4684755E-2,-3.9034525E-1,1.0302353E-1,-4.7154237E-2,-1.1397553E-2,1.42560685E-2,3.6219787E-2,-4.578654E-2,4.743042E-2,-5.491638E-3,-1.3763428E-3,1.877594E-2,8.102417E-3,5.661011E-4,2.126058E-3],"categories":[],"categories_nodes":[],"categories_segments":[],"categories_sizes":[],"default_left":[0,0,0,0,0,0,0,0,0,0,0,0,0,0,0],"id":81,"left_children":[1,3,5,-1,-1,7,-1,9,11,-1,-1,13,-1,-1,-1],"loss_changes":[5.299887E-1,1.3576955E-2,1.7888647E-1,0E0,0E0,1.6114796E-2,0E0,1.2126053E-4,3.2917522E-3,0E0,0E0,9.987154E-6,0E0,0E0,0E0],"parents":[2147483647,0,0,1,1,2,2,5,5,7,7,8,8,11,11],"right_children":[2,4,6,-1,-1,8,-1,10,12,-1,-1,14,-1,-1,-1],"split_conditions":[2.0289448E-1,1.0076923E-1,9.0333956E-1,-4.7154237E-2,-1.1397553E-2,5.020544E-1,3.6219787E-2,4.014847E-1,7.992434E-1,-5.491638E-3,-1.3763428E-3,6.000464E-1,8.102417E-3,5.661011E-4,2.126058E-3],"split_indices":[0,0,0,0,0,0,0,0,0,0,0,0,0,0,0],"split_type":[0,0,0,0,0,0,0,0,0,0,0,0,0,0,0],"sum_hessian":[9E0,2E0,7E0,1E0,1E0,6E0,1E0,2E0,4E0,1E0,1E0,3E0,1E0,1E0,2E0],"tree_param":{"num_deleted":"0","num_feature":"2","num_nodes":"15","size_leaf_vector":"1"}},{"base_weights":[-3.3062745E-2,-3.7082925E-1,9.7732544E-2,-4.4796754E-2,-1.0827637E-2,1.3384138E-2,3.440857E-2,-4.3497723E-2,4.4836424E-2,-5.21698E-3,-1.3076783E-3,1.7562866E-2,7.696533E-3,5.371094E-4,1.9836426E-3],"categories":[],"categories_nodes":[],"categories_segments":[],"categories_sizes":[],"default_left":[0,0,0,0,0,0,0,0,0,0,0,0,0,0,0],"id":82,"left_children":[1,3,5,-1,-1,7,-1,9,11,-1,-1,13,-1,-1,-1],"loss_changes":[4.7802475E-1,1.2254328E-2,1.6163068E-1,0E0,0E0,1.4473734E-2,0E0,1.09225046E-4,3.0296165E-3,0E0,0E0,4.3315813E-6,0E0,0E0,0E0],"parents":[2147483647,0,0,1,1,2,2,5,5,7,7,8,8,11,11],"right_children":[2,4,6,-1,-1,8,-1,10,12,-1,-1,14,-1,-1,-1],"split_conditions":[2.0289448E-1,1.0076923E-1,9.0333956E-1,-4.4796754E-2,-1.0827637E-2,5.020544E-1,3.440857E-2,4.014847E-1,7.992434E-1,-5.21698E-3,-1.3076783E-3,6.000464E-1,7.696533E-3,5.371094E-4,1.9836426E-3],"split_indices":[0,0,0,0,0,0,0,0,0,0,0,0,0,0,0],"split_type":[0,0,0,0,0,0,0,0,0,0,0,0,0,0,0],"sum_hessian":[9E0,2E0,7E0,1E0,1E0,6E0,1E0,2E0,4E0,1E0,1E0,3E0,1E0,1E0,2E0],"tree_param":{"num_deleted":"0","num_feature":"2","num_nodes":"15","size_leaf_vector":"1"}},{"base_weights":[-3.15094E-2,-3.5228476E-1,9.272003E-2,-4.2556763E-2,-1.028595E-2,1.2573242E-2,3.2687377E-2,-4.13208E-2,4.2395018E-2,-4.956055E-3,-1.2420655E-3,1.6433717E-3,7.312012E-3],"categories":[],"categories_nodes":[],"categories_segments":[],"categories_sizes":[],"default_left":[0,0,0,0,0,0,0,0,0,0,0,0,0],"id":83,"left_children":[1,3,5,-1,-1,7,-1,9,11,-1,-1,-1,-1],"loss_changes":[4.3116122E-1,1.1062145E-2,1.4602351E-1,0E0,0E0,1.3002309E-2,0E0,9.881519E-5,2.786683E-3,0E0,0E0,0E0,0E0],"parents":[2147483647,0,0,1,1,2,2,5,5,7,7,8,8],"right_children":[2,4,6,-1,-1,8,-1,10,12,-1,-1,-1,-1],"split_conditions":[2.0289448E-1,1.0076923E-1,9.0333956E-1,-4.2556763E-2,-1.028595E-2,5.020544E-1,3.2687377E-2,4.014847E-1,7.992434E-1,-4.956055E-3,-1.2420655E-3,1.6433717E-3,7.312012E-3],"split_indices":[0,0,0,0,0,0,0,0,0,0,0,0,0],"split_type":[0,0,0,0,0,0,0,0,0,0,0,0,0],"sum_hessian":[9E0,2E0,7E0,1E0,1E0,6E0,1E0,2E0,4E0,1E0,1E0,3E0,1E0],"tree_param":{"num_deleted":"0","num_feature":"2","num_nodes":"13","size_leaf_vector":"1"}},{"base_weights":[-3.0099487E-2,-3.3467102E-1,8.787727E-2,-4.0428925E-2,-9.771729E-3,1.1707851E-2,3.1053161E-2,-3.925069E-2,3.9941408E-2,-4.7080996E-3,-1.1795044E-3,1.5197754E-2,6.945801E-3,4.272461E-4,1.7415365E-3],"categories":[],"categories_nodes":[],"categories_segments":[],"categories_sizes":[],"default_left":[0,0,0,0,0,0,0,0,0,0,0,0,0,0,0],"id":84,"left_children":[1,3,5,-1,-1,7,-1,9,11,-1,-1,13,-1,-1,-1],"loss_changes":[3.887336E-1,9.982854E-3,1.3203996E-1,0E0,0E0,1.1638913E-2,0E0,8.963561E-5,2.596137E-3,0E0,0E0,2.2505701E-5,0E0,0E0,0E0],"parents":[2147483647,0,0,1,1,2,2,5,5,7,7,8,8,11,11],"right_children":[2,4,6,-1,-1,8,-1,10,12,-1,-1,14,-1,-1,-1],"split_conditions":[2.0289448E-1,1.0076923E-1,9.0333956E-1,-4.0428925E-2,-9.771729E-3,5.020544E-1,3.1053161E-2,4.014847E-1,7.992434E-1,-4.7080996E-3,-1.1795044E-3,6.000464E-1,6.945801E-3,4.272461E-4,1.7415365E-3],"split_indices":[0,0,0,0,0,0,0,0,0,0,0,0,0,0,0],"split_type":[0,0,0,0,0,0,0,0,0,0,0,0,0,0,0],"sum_hessian":[9E0,2E0,7E0,1E0,1E0,6E0,1E0,2E0,4E0,1E0,1E0,3E0,1E0,1E0,2E0],"tree_param":{"num_deleted":"0","num_feature":"2","num_nodes":"15","size_leaf_vector":"1"}},{"base_weights":[-2.8681945E-2,-3.1793723E-1,8.337402E-2,-3.8407136E-2,-9.283448E-3,1.0999407E-2,2.9499818E-2,-3.7282307E-2,3.7768554E-2,-4.472351E-3,-1.1199951E-3,1.4221191E-2,6.5979003E-3,4.058838E-4,1.6255698E-3],"categories":[],"categories_nodes":[],"categories_segments":[],"categories_sizes":[],"default_left":[0,0,0,0,0,0,0,0,0,0,0,0,0,0,0],"id":85,"left_children":[1,3,5,-1,-1,7,-1,9,11,-1,-1,13,-1,-1,-1],"loss_changes":[3.506355E-1,9.005845E-3,1.1928493E-1,0E0,0E0,1.0455322E-2,0E0,8.135103E-5,2.3831083E-3,0E0,0E0,1.6722188E-5,0E0,0E0,0E0],"parents":[2147483647,0,0,1,1,2,2,5,5,7,7,8,8,11,11],"right_children":[2,4,6,-1,-1,8,-1,10,12,-1,-1,14,-1,-1,-1],"split_conditions":[2.0289448E-1,1.0076923E-1,9.0333956E-1,-3.8407136E-2,-9.283448E-3,5.020544E-1,2.9499818E-2,4.014847E-1,7.992434E-1,-4.472351E-3,-1.1199951E-3,6.000464E-1,6.5979003E-3,4.058838E-4,1.6255698E-3],"split_indices":[0,0,0,0,0,0,0,0,0,0,0,0,0,0,0],"split_type":[0,0,0,0,0,0,0,0,0,0,0,0,0,0,0],"sum_hessian":[9E0,2E0,7E0,1E0,1E0,6E0,1E0,2E0,4E0,1E0,1E0,3E0,1E0,1E0,2E0],"tree_param":{"num_deleted":"0","num_feature":"2","num_nodes":"15","size_leaf_vector":"1"}},{"base_weights":[-2.7326966E-2,-3.0204263E-1,7.9107285E-2,-3.6486816E-2,-8.81958E-3,1.0338919E-2,2.8024292E-2,-3.541565E-2,3.5723876E-2,-4.24881E-3,-1.0635377E-3,1.3313293E-2,6.268311E-3,3.8604738E-4,1.5177409E-3],"categories":[],"categories_nodes":[],"categories_segments":[],"categories_sizes":[],"default_left":[0,0,0,0,0,0,0,0,0,0,0,0,0,0,0],"id":86,"left_children":[1,3,5,-1,-1,7,-1,9,11,-1,-1,13,-1,-1,-1],"loss_changes":[3.1628534E-1,8.125275E-3,1.07756734E-1,0E0,0E0,9.395529E-3,0E0,7.3894626E-5,2.1863417E-3,0E0,0E0,1.1892582E-5,0E0,0E0,0E0],"parents":[2147483647,0,0,1,1,2,2,5,5,7,7,8,8,11,11],"right_children":[2,4,6,-1,-1,8,-1,10,12,-1,-1,14,-1,-1,-1],"split_conditions":[2.0289448E-1,1.0076923E-1,9.0333956E-1,-3.6486816E-2,-8.81958E-3,5.020544E-1,2.8024292E-2,4.014847E-1,7.992434E-1,-4.24881E-3,-1.0635377E-3,6.000464E-1,6.268311E-3,3.8604738E-4,1.5177409E-3],"split_indices":[0,0,0,0,0,0,0,0,0,0,0,0,0,0,0],"split_type":[0,0,0,0,0,0,0,0,0,0,0,0,0,0,0],"sum_hessian":[9E0,2E0,7E0,1E0,1E0,6E0,1E0,2E0,4E0,1E0,1E0,3E0,1E0,1E0,2E0],"tree_param":{"num_deleted":"0","num_feature":"2","num_nodes":"15","size_leaf_vector":"1"}},{"base_weights":[-2.6037598E-2,-2.8694153E-1,7.5056076E-2,-3.466263E-2,-8.378602E-3,9.71113E-3,2.6623536E-2,-3.364563E-2,3.378296E-2,-4.036713E-3,-1.0101319E-3,1.2451172E-2,5.9555057E-3,3.6621094E-4,1.4160157E-3],"categories":[],"categories_nodes":[],"categories_segments":[],"categories_sizes":[],"default_left":[0,0,0,0,0,0,0,0,0,0,0,0,0,0,0],"id":87,"left_children":[1,3,5,-1,-1,7,-1,9,11,-1,-1,13,-1,-1,-1],"loss_changes":[2.852941E-1,7.3334426E-3,9.735534E-2,0E0,0E0,8.442385E-3,0E0,6.6997716E-5,2.007294E-3,0E0,0E0,8.225441E-6,0E0,0E0,0E0],"parents":[2147483647,0,0,1,1,2,2,5,5,7,7,8,8,11,11],"right_children":[2,4,6,-1,-1,8,-1,10,12,-1,-1,14,-1,-1,-1],"split_conditions":[2.0289448E-1,1.0076923E-1,9.0333956E-1,-3.466263E-2,-8.378602E-3,5.020544E-1,2.6623536E-2,4.014847E-1,7.992434E-1,-4.036713E-3,-1.0101319E-3,6.000464E-1,5.9555057E-3,3.6621094E-4,1.4160157E-3],"split_indices":[0,0,0,0,0,0,0,0,0,0,0,0,0,0,0],"split_type":[0,0,0,0,0,0,0,0,0,0,0,0,0,0,0],"sum_hessian":[9E0,2E0,7E0,1E0,1E0,6E0,1E0,2E0,4E0,1E0,1E0,3E0,1E0,1E0,2E0],"tree_param":{"num_deleted":"0","num_feature":"2","num_nodes":"15","size_leaf_vector":"1"}},{"base_weights":[-2.4801636E-2,-2.7259317E-1,7.12204E-2,-3.292923E-2,-7.959748E-3,9.129115E-3,2.5292968E-2,-3.1962078E-2,3.1958006E-2,-3.8345337E-3,-9.5977786E-4,1.1657715E-2,5.6579593E-3,3.479004E-4,1.3224285E-3],"categories":[],"categories_nodes":[],"categories_segments":[],"categories_sizes":[],"default_left":[0,0,0,0,0,0,0,0,0,0,0,0,0,0,0],"id":88,"left_children":[1,3,5,-1,-1,7,-1,9,11,-1,-1,13,-1,-1,-1],"loss_changes":[2.573487E-1,6.6172183E-3,8.7951474E-2,0E0,0E0,7.5879088E-3,0E0,6.0241437E-5,1.8395381E-3,0E0,0E0,5.242706E-6,0E0,0E0,0E0],"parents":[2147483647,0,0,1,1,2,2,5,5,7,7,8,8,11,11],"right_children":[2,4,6,-1,-1,8,-1,10,12,-1,-1,14,-1,-1,-1],"split_conditions":[2.0289448E-1,1.0076923E-1,9.0333956E-1,-3.292923E-2,-7.959748E-3,5.020544E-1,2.5292968E-2,4.014847E-1,7.992434E-1,-3.8345337E-3,-9.5977786E-4,6.000464E-1,5.6579593E-3,3.479004E-4,1.3224285E-3],"split_indices":[0,0,0,0,0,0,0,0,0,0,0,0,0,0,0],"split_type":[0,0,0,0,0,0,0,0,0,0,0,0,0,0,0],"sum_hessian":[9E0,2E0,7E0,1E0,1E0,6E0,1E0,2E0,4E0,1E0,1E0,3E0,1E0,1E0,2E0],"tree_param":{"num_deleted":"0","num_feature":"2","num_nodes":"15","size_leaf_vector":"1"}},{"base_weights":[-2.3625184E-2,-2.58962E-1,6.757927E-2,-3.128281E-2,-7.561493E-3,8.581979E-3,2.4028016E-2,-3.0370077E-2,3.0236816E-2,-3.643036E-3,-9.124756E-4,1.0917664E-2,5.3756717E-3,5.015055E-4,1.4312745E-3],"categories":[],"categories_nodes":[],"categories_segments":[],"categories_sizes":[],"default_left":[0,0,0,0,0,0,0,0,0,0,0,0,0,0,0],"id":89,"left_children":[1,3,5,-1,-1,7,-1,9,11,-1,-1,13,-1,-1,-1],"loss_changes":[2.3213813E-1,5.9740692E-3,7.9449E-2,0E0,0E0,6.822797E-3,0E0,5.3839758E-5,1.6850252E-3,0E0,0E0,8.380128E-6,0E0,0E0,0E0],"parents":[2147483647,0,0,1,1,2,2,5,5,7,7,8,8,11,11],"right_children":[2,4,6,-1,-1,8,-1,10,12,-1,-1,14,-1,-1,-1],"split_conditions":[2.0289448E-1,1.0076923E-1,9.0333956E-1,-3.128281E-2,-7.561493E-3,5.020544E-1,2.4028016E-2,4.014847E-1,7.992434E-1,-3.643036E-3,-9.124756E-4,7.002415E-1,5.3756717E-3,5.015055E-4,1.4312745E-3],"split_indices":[0,0,0,0,0,0,0,0,0,0,0,0,0,0,0],"split_type":[0,0,0,0,0,0,0,0,0,0,0,0,0,0,0],"sum_hessian":[9E0,2E0,7E0,1E0,1E0,6E0,1E0,2E0,4E0,1E0,1E0,3E0,1E0,2E0,1E0],"tree_param":{"num_deleted":"0","num_feature":"2","num_nodes":"15","size_leaf_vector":"1"}},{"base_weights":[-2.2463989E-2,-2.4601237E-1,6.417465E-2,-2.971878E-2,-7.183075E-3,8.122035E-3,2.2827148E-2,-1.449585E-2,4.3111164E-2,-2.8849283E-2,4.6895348E-4,1.3595581E-3,5.107117E-3,-3.4606934E-3,-8.666992E-4],"categories":[],"categories_nodes":[],"categories_segments":[],"categories_sizes":[],"default_left":[0,0,0,0,0,0,0,0,0,0,0,0,0,0,0],"id":90,"left_children":[1,3,5,-1,-1,7,-1,9,11,13,-1,-1,-1,-1,-1],"loss_changes":[2.0946704E-1,5.3942353E-3,7.173042E-2,0E0,0E0,6.164594E-3,0E0,1.5121703E-3,1.0489952E-5,4.8669754E-5,0E0,0E0,0E0,0E0,0E0],"parents":[2147483647,0,0,1,1,2,2,5,5,7,7,8,8,9,9],"right_children":[2,4,6,-1,-1,8,-1,10,12,14,-1,-1,-1,-1,-1],"split_conditions":[2.0289448E-1,1.0076923E-1,9.0333956E-1,-2.971878E-2,-7.183075E-3,7.002415E-1,2.2827148E-2,5.020544E-1,7.992434E-1,4.014847E-1,4.6895348E-4,1.3595581E-3,5.107117E-3,-3.4606934E-3,-8.666992E-4],"split_indices":[0,0,0,0,0,0,0,0,0,0,0,0,0,0,0],"split_type":[0,0,0,0,0,0,0,0,0,0,0,0,0,0,0],"sum_hessian":[9E0,2E0,7E0,1E0,1E0,6E0,1E0,4E0,2E0,2E0,2E0,1E0,1E0,1E0,1E0],"tree_param":{"num_deleted":"0","num_feature":"2","num_nodes":"15","size_leaf_vector":"1"}},{"base_weights":[-2.1362305E-2,-2.337087E-1,6.093788E-2,-2.8232574E-2,-6.8237307E-3,7.6838904E-3,2.1685792E-2,-1.3815308E-2,4.095459E-2,-2.7409872E-2,4.384359E-4,1.2908935E-3,4.852295E-3,-3.287506E-3,-8.239746E-4],"categories":[],"categories_nodes":[],"categories_segments":[],"categories_sizes":[],"default_left":[0,0,0,0,0,0,0,0,0,0,0,0,0,0,0],"id":91,"left_children":[1,3,5,-1,-1,7,-1,9,11,13,-1,-1,-1,-1,-1],"loss_changes":[1.8900318E-1,4.869044E-3,6.47606E-2,0E0,0E0,5.5728536E-3,0E0,1.3572572E-3,1.0399148E-5,4.3422915E-5,0E0,0E0,0E0,0E0,0E0],"parents":[2147483647,0,0,1,1,2,2,5,5,7,7,8,8,9,9],"right_children":[2,4,6,-1,-1,8,-1,10,12,14,-1,-1,-1,-1,-1],"split_conditions":[2.0289448E-1,1.0076923E-1,9.0333956E-1,-2.8232574E-2,-6.8237307E-3,7.002415E-1,2.1685792E-2,5.020544E-1,7.992434E-1,4.014847E-1,4.384359E-4,1.2908935E-3,4.852295E-3,-3.287506E-3,-8.239746E-4],"split_indices":[0,0,0,0,0,0,0,0,0,0,0,0,0,0,0],"split_type":[0,0,0,0,0,0,0,0,0,0,0,0,0,0,0],"sum_hessian":[9E0,2E0,7E0,1E0,1E0,6E0,1E0,4E0,2E0,2E0,2E0,1E0,1E0,1E0,1E0],"tree_param":{"num_deleted":"0","num_feature":"2","num_nodes":"15","size_leaf_vector":"1"}},{"base_weights":[-2.0315552E-2,-2.2202556E-1,5.7865143E-2,-2.6821136E-2,-6.4826966E-3,7.271903E-3,2.060089E-2,-1.3165283E-2,3.8909912E-2,-2.6041666E-2,4.099528E-4,1.2268067E-3,4.6096803E-3,-3.123474E-3,-7.8277587E-4],"categories":[],"categories_nodes":[],"categories_segments":[],"categories_sizes":[],"default_left":[0,0,0,0,0,0,0,0,0,0,0,0,0,0,0],"id":92,"left_children":[1,3,5,-1,-1,7,-1,9,11,13,-1,-1,-1,-1,-1],"loss_changes":[1.7054582E-1,4.3937117E-3,5.8462515E-2,0E0,0E0,5.0384034E-3,0E0,1.2183001E-3,8.89739E-6,3.92606E-5,0E0,0E0,0E0,0E0,0E0],"parents":[2147483647,0,0,1,1,2,2,5,5,7,7,8,8,9,9],"right_children":[2,4,6,-1,-1,8,-1,10,12,14,-1,-1,-1,-1,-1],"split_conditions":[2.0289448E-1,1.0076923E-1,9.0333956E-1,-2.6821136E-2,-6.4826966E-3,7.002415E-1,2.060089E-2,5.020544E-1,7.992434E-1,4.014847E-1,4.099528E-4,1.2268067E-3,4.6096803E-3,-3.123474E-3,-7.8277587E-4],"split_indices":[0,0,0,0,0,0,0,0,0,0,0,0,0,0,0],"split_type":[0,0,0,0,0,0,0,0,0,0,0,0,0,0,0],"sum_hessian":[9E0,2E0,7E0,1E0,1E0,6E0,1E0,4E0,2E0,2E0,2E0,1E0,1E0,1E0,1E0],"tree_param":{"num_deleted":"0","num_feature":"2","num_nodes":"15","size_leaf_vector":"1"}},{"base_weights":[-1.9314576E-2,-2.1092224E-1,5.495262E-2,-2.5479889E-2,-6.1584474E-3,6.8860734E-3,1.9570922E-2,-1.2539673E-2,3.696696E-2,-2.4734497E-2,3.8350423E-4,1.1657715E-3,4.3792725E-3,-2.9670715E-3,-7.4310304E-4],"categories":[],"categories_nodes":[],"categories_segments":[],"categories_sizes":[],"default_left":[0,0,0,0,0,0,0,0,0,0,0,0,0,0,0],"id":93,"left_children":[1,3,5,-1,-1,7,-1,9,11,13,-1,-1,-1,-1,-1],"loss_changes":[1.5389237E-1,3.965676E-3,5.27778E-2,0E0,0E0,4.5539592E-3,0E0,1.0932917E-3,7.741619E-6,3.57572E-5,0E0,0E0,0E0,0E0,0E0],"parents":[2147483647,0,0,1,1,2,2,5,5,7,7,8,8,9,9],"right_children":[2,4,6,-1,-1,8,-1,10,12,14,-1,-1,-1,-1,-1],"split_conditions":[2.0289448E-1,1.0076923E-1,9.0333956E-1,-2.5479889E-2,-6.1584474E-3,7.002415E-1,1.9570922E-2,5.020544E-1,7.992434E-1,4.014847E-1,3.8350423E-4,1.1657715E-3,4.3792725E-3,-2.9670715E-3,-7.4310304E-4],"split_indices":[0,0,0,0,0,0,0,0,0,0,0,0,0,0,0],"split_type":[0,0,0,0,0,0,0,0,0,0,0,0,0,0,0],"sum_hessian":[9E0,2E0,7E0,1E0,1E0,6E0,1E0,4E0,2E0,2E0,2E0,1E0,1E0,1E0,1E0],"tree_param":{"num_deleted":"0","num_feature":"2","num_nodes":"15","size_leaf_vector":"1"}},{"base_weights":[-1.8371582E-2,-2.0037334E-1,5.217552E-2,-2.420578E-2,-5.8502196E-3,6.5067834E-3,1.8592834E-2,-1.1959839E-2,3.511556E-2,-2.3503622E-2,3.5705566E-4,1.1077881E-3,4.159546E-3,-2.8190613E-3,-7.064819E-4],"categories":[],"categories_nodes":[],"categories_segments":[],"categories_sizes":[],"default_left":[0,0,0,0,0,0,0,0,0,0,0,0,0,0,0],"id":94,"left_children":[1,3,5,-1,-1,7,-1,9,11,13,-1,-1,-1,-1,-1],"loss_changes":[1.3885155E-1,3.5805553E-3,4.765679E-2,0E0,0E0,4.1181287E-3,0E0,9.803185E-4,6.495742E-6,3.1984062E-5,0E0,0E0,0E0,0E0,0E0],"parents":[2147483647,0,0,1,1,2,2,5,5,7,7,8,8,9,9],"right_children":[2,4,6,-1,-1,8,-1,10,12,14,-1,-1,-1,-1,-1],"split_conditions":[2.0289448E-1,1.0076923E-1,9.0333956E-1,-2.420578E-2,-5.8502196E-3,7.002415E-1,1.8592834E-2,5.020544E-1,7.992434E-1,4.014847E-1,3.5705566E-4,1.1077881E-3,4.159546E-3,-2.8190613E-3,-7.064819E-4],"split_indices":[0,0,0,0,0,0,0,0,0,0,0,0,0,0,0],"split_type":[0,0,0,0,0,0,0,0,0,0,0,0,0,0,0],"sum_hessian":[9E0,2E0,7E0,1E0,1E0,6E0,1E0,4E0,2E0,2E0,2E0,1E0,1E0,1E0,1E0],"tree_param":{"num_deleted":"0","num_feature":"2","num_nodes":"15","size_leaf_vector":"1"}},{"base_weights":[-1.7471313E-2,-1.9035847E-1,4.9545288E-2,-2.2995759E-2,-5.558014E-3,6.1558313E-3,1.7663574E-2,-1.1401367E-2,3.3365887E-2,-2.2328695E-2,3.3264162E-4,1.0528564E-3,3.9520264E-3,-2.6779175E-3,-6.713867E-4],"categories":[],"categories_nodes":[],"categories_segments":[],"categories_sizes":[],"default_left":[0,0,0,0,0,0,0,0,0,0,0,0,0,0,0],"id":95,"left_children":[1,3,5,-1,-1,7,-1,9,11,13,-1,-1,-1,-1,-1],"loss_changes":[1.2529448E-1,3.2302216E-3,4.302775E-2,0E0,0E0,3.724543E-3,0E0,8.789511E-4,5.556969E-6,2.8688577E-5,0E0,0E0,0E0,0E0,0E0],"parents":[2147483647,0,0,1,1,2,2,5,5,7,7,8,8,9,9],"right_children":[2,4,6,-1,-1,8,-1,10,12,14,-1,-1,-1,-1,-1],"split_conditions":[2.0289448E-1,1.0076923E-1,9.0333956E-1,-2.2995759E-2,-5.558014E-3,7.002415E-1,1.7663574E-2,5.020544E-1,7.992434E-1,4.014847E-1,3.3264162E-4,1.0528564E-3,3.9520264E-3,-2.6779175E-3,-6.713867E-4],"split_indices":[0,0,0,0,0,0,0,0,0,0,0,0,0,0,0],"split_type":[0,0,0,0,0,0,0,0,0,0,0,0,0,0,0],"sum_hessian":[9E0,2E0,7E0,1E0,1E0,6E0,1E0,4E0,2E0,2E0,2E0,1E0,1E0,1E0,1E0],"tree_param":{"num_deleted":"0","num_feature":"2","num_nodes":"15","size_leaf_vector":"1"}},{"base_weights":[-1.6615296E-2,-1.8084209E-1,4.704666E-2,-2.184601E-2,-5.2803042E-3,5.824498E-3,1.6780091E-2,-1.0864258E-2,3.169759E-2,-2.1209717E-2,3.1026205E-4,1.0009765E-3,3.753662E-3,-2.54364E-3,-6.378174E-4],"categories":[],"categories_nodes":[],"categories_segments":[],"categories_sizes":[],"default_left":[0,0,0,0,0,0,0,0,0,0,0,0,0,0,0],"id":96,"left_children":[1,3,5,-1,-1,7,-1,9,11,13,-1,-1,-1,-1,-1],"loss_changes":[1.1305801E-1,2.9143617E-3,3.8844652E-2,0E0,0E0,3.3668987E-3,0E0,7.8827457E-4,4.1748863E-6,2.5826972E-5,0E0,0E0,0E0,0E0,0E0],"parents":[2147483647,0,0,1,1,2,2,5,5,7,7,8,8,9,9],"right_children":[2,4,6,-1,-1,8,-1,10,12,14,-1,-1,-1,-1,-1],"split_conditions":[2.0289448E-1,1.0076923E-1,9.0333956E-1,-2.184601E-2,-5.2803042E-3,7.002415E-1,1.6780091E-2,5.020544E-1,7.992434E-1,4.014847E-1,3.1026205E-4,1.0009765E-3,3.753662E-3,-2.54364E-3,-6.378174E-4],"split_indices":[0,0,0,0,0,0,0,0,0,0,0,0,0,0,0],"split_type":[0,0,0,0,0,0,0,0,0,0,0,0,0,0,0],"sum_hessian":[9E0,2E0,7E0,1E0,1E0,6E0,1E0,4E0,2E0,2E0,2E0,1E0,1E0,1E0,1E0],"tree_param":{"num_deleted":"0","num_feature":"2","num_nodes":"15","size_leaf_vector":"1"}},{"base_weights":[-1.579895E-2,-1.717987E-1,4.4675827E-2,-2.0753479E-2,-5.016327E-3,5.5127824E-3,1.5940858E-2,-1.0348511E-2,3.0110678E-2,-2.0146688E-2,2.89917E-4,9.5062255E-4,3.565979E-3,-2.4162293E-3,-6.0577394E-4],"categories":[],"categories_nodes":[],"categories_segments":[],"categories_sizes":[],"default_left":[0,0,0,0,0,0,0,0,0,0,0,0,0,0,0],"id":97,"left_children":[1,3,5,-1,-1,7,-1,9,11,13,-1,-1,-1,-1,-1],"loss_changes":[1.02015756E-1,2.6296899E-3,3.5067484E-2,0E0,0E0,3.0426814E-3,0E0,7.074243E-4,4.0193554E-6,2.3358036E-5,0E0,0E0,0E0,0E0,0E0],"parents":[2147483647,0,0,1,1,2,2,5,5,7,7,8,8,9,9],"right_children":[2,4,6,-1,-1,8,-1,10,12,14,-1,-1,-1,-1,-1],"split_conditions":[2.0289448E-1,1.0076923E-1,9.0333956E-1,-2.0753479E-2,-5.016327E-3,7.002415E-1,1.5940858E-2,5.020544E-1,7.992434E-1,4.014847E-1,2.89917E-4,9.5062255E-4,3.565979E-3,-2.4162293E-3,-6.0577394E-4],"split_indices":[0,0,0,0,0,0,0,0,0,0,0,0,0,0,0],"split_type":[0,0,0,0,0,0,0,0,0,0,0,0,0,0,0],"sum_hessian":[9E0,2E0,7E0,1E0,1E0,6E0,1E0,4E0,2E0,2E0,2E0,1E0,1E0,1E0,1E0],"tree_param":{"num_deleted":"0","num_feature":"2","num_nodes":"15","size_leaf_vector":"1"}},{"base_weights":[-1.5022278E-2,-1.6320801E-1,4.2425156E-2,-1.9715881E-2,-4.76532E-3,5.216326E-3,1.5144348E-2,-9.86023E-3,2.8605143E-2,-1.9139608E-2,2.705892E-4,9.033203E-4,3.3874512E-3,-2.2956848E-3,-5.7525636E-4],"categories":[],"categories_nodes":[],"categories_segments":[],"categories_sizes":[],"default_left":[0,0,0,0,0,0,0,0,0,0,0,0,0,0,0],"id":98,"left_children":[1,3,5,-1,-1,7,-1,9,11,13,-1,-1,-1,-1,-1],"loss_changes":[9.205302E-2,2.3742914E-3,3.1661578E-2,0E0,0E0,2.7504128E-3,0E0,6.3481875E-4,3.400026E-6,2.1243934E-5,0E0,0E0,0E0,0E0,0E0],"parents":[2147483647,0,0,1,1,2,2,5,5,7,7,8,8,9,9],"right_children":[2,4,6,-1,-1,8,-1,10,12,14,-1,-1,-1,-1,-1],"split_conditions":[2.0289448E-1,1.0076923E-1,9.0333956E-1,-1.9715881E-2,-4.76532E-3,7.002415E-1,1.5144348E-2,5.020544E-1,7.992434E-1,4.014847E-1,2.705892E-4,9.033203E-4,3.3874512E-3,-2.2956848E-3,-5.7525636E-4],"split_indices":[0,0,0,0,0,0,0,0,0,0,0,0,0,0,0],"split_type":[0,0,0,0,0,0,0,0,0,0,0,0,0,0,0],"sum_hessian":[9E0,2E0,7E0,1E0,1E0,6E0,1E0,4E0,2E0,2E0,2E0,1E0,1E0,1E0,1E0],"tree_param":{"num_deleted":"0","num_feature":"2","num_nodes":"15","size_leaf_vector":"1"}},{"base_weights":[-1.4286804E-2,-1.5504964E-1,4.028511E-2,-1.8730164E-2,-4.527283E-3,4.9329484E-3,1.4387513E-2,-9.396362E-3,2.7170816E-2,-1.818339E-2,2.5227864E-4,8.5754396E-4,3.2180788E-3,-2.1812438E-3,-5.4626464E-4],"categories":[],"categories_nodes":[],"categories_segments":[],"categories_sizes":[],"default_left":[0,0,0,0,0,0,0,0,0,0,0,0,0,0,0],"id":99,"left_children":[1,3,5,-1,-1,7,-1,9,11,13,-1,-1,-1,-1,-1],"loss_changes":[8.306316E-2,2.141893E-3,2.8587319E-2,0E0,0E0,2.48588E-3,0E0,5.6954235E-4,3.5224948E-6,1.9338913E-5,0E0,0E0,0E0,0E0,0E0],"parents":[2147483647,0,0,1,1,2,2,5,5,7,7,8,8,9,9],"right_children":[2,4,6,-1,-1,8,-1,10,12,14,-1,-1,-1,-1,-1],"split_conditions":[2.0289448E-1,1.0076923E-1,9.0333956E-1,-1.8730164E-2,-4.527283E-3,7.002415E-1,1.4387513E-2,5.020544E-1,7.992434E-1,4.014847E-1,2.5227864E-4,8.5754396E-4,3.2180788E-3,-2.1812438E-3,-5.4626464E-4],"split_indices":[0,0,0,0,0,0,0,0,0,0,0,0,0,0,0],"split_type":[0,0,0,0,0,0,0,0,0,0,0,0,0,0,0],"sum_hessian":[9E0,2E0,7E0,1E0,1E0,6E0,1E0,4E0,2E0,2E0,2E0,1E0,1E0,1E0,1E0],"tree_param":{"num_deleted":"0","num_feature":"2","num_nodes":"15","size_leaf_vector":"1"}}]},"name":"gbtree"},"learner_model_param":{"base_score":"2.791111E2","boost_from_average":"1","num_class":"0","num_feature":"2","num_target":"1"},"objective":{"name":"reg:squarederror","reg_loss_param":{"scale_pos_weight":"1"}}},"version":[2,1,1]}