{"model_name": "GradientBoostingRegressorTrainer_0", "trainer": "GradientBoostingRegressorTrainer", "model_class": "scikit", "model_file": "GradientBoostingRegressorTrainer_0.json", "features": ["bpf_cpu_time_ms", "bpf_page_cache_hit"], "fe_files": [], "output_type": "AbsPower", "mae": 3.22, "mape": -1, "node_type": 0, "machine_spec": {"processor": "11th_gen_intel_core", "cores": 8, "chips": 1, "memory": 31, "frequency": 4800}, "package_mae": 3.22, "core_mae": 2.41, "uncore_mae": 0.18, "dram_mae": 0.0, "package_mape": 14.37, "core_mape": 14.35, "uncore_mape": 137.51, "dram_mape": -1}