{"model_name": "PolynomialRegressionTrainer_0", "trainer": "PolynomialRegressionTrainer", "model_class": "scikit", "model_file": "PolynomialRegressionTrainer_0.json", "features": ["bpf_cpu_time_ms", "bpf_page_cache_hit"], "fe_files": ["poly_scaler.pkl"], "output_type": "AbsPower", "mae": 7.61, "mape": -1, "node_type": 0, "machine_spec": {"processor": "11th_gen_intel_core", "cores": 8, "chips": 1, "memory": 31, "frequency": 4800}, "package_mae": 7.61, "core_mae": 4.56, "uncore_mae": 1.58, "dram_mae": 0.0, "package_mape": 53.04, "core_mape": 48.73, "uncore_mape": 33599.09, "dram_mape": -1}