{"model_name": "ExponentialRegressionTrainer_0", "trainer": "ExponentialRegressionTrainer", "model_class": "curvefit", "model_file": "ExponentialRegressionTrainer_0.json", "features": ["bpf_cpu_time_ms", "bpf_page_cache_hit", "cache_miss", "cpu_cycles", "cpu_instructions"], "fe_files": [], "output_type": "AbsPower", "mae": 1.2022174578991964e+79, "mape": -1, "node_type": 0, "machine_spec": {"processor": "11th_gen_intel_core", "cores": 8, "chips": 1, "memory": 31, "frequency": 4800}, "package_mae": 1.2022174578991964e+79, "core_mae": 3.1439075860713847e+68, "uncore_mae": 6.182738806898849e+77, "dram_mae": 0.0, "package_mape": 9.029497968804908e+79, "core_mape": 2.7362119983001603e+69, "uncore_mape": 3.709643273661608e+82, "dram_mape": -1}