{"learner":{"attributes":{"scikit_learn":"{\"_estimator_type\": \"regressor\"}"},"feature_names":[],"feature_types":[],"gradient_booster":{"model":{"gbtree_model_param":{"num_parallel_tree":"1","num_trees":"100"},"iteration_indptr":[0,1,2,3,4,5,6,7,8,9,10,11,12,13,14,15,16,17,18,19,20,21,22,23,24,25,26,27,28,29,30,31,32,33,34,35,36,37,38,39,40,41,42,43,44,45,46,47,48,49,50,51,52,53,54,55,56,57,58,59,60,61,62,63,64,65,66,67,68,69,70,71,72,73,74,75,76,77,78,79,80,81,82,83,84,85,86,87,88,89,90,91,92,93,94,95,96,97,98,99,100],"tree_info":[0,0,0,0,0,0,0,0,0,0,0,0,0,0,0,0,0,0,0,0,0,0,0,0,0,0,0,0,0,0,0,0,0,0,0,0,0,0,0,0,0,0,0,0,0,0,0,0,0,0,0,0,0,0,0,0,0,0,0,0,0,0,0,0,0,0,0,0,0,0,0,0,0,0,0,0,0,0,0,0,0,0,0,0,0,0,0,0,0,0,0,0,0,0,0,0,0,0,0,0],"trees":[{"base_weights":[-9.155274E-6,-1.0511112E2,1.2613332E2,-1.1766667E1,-2.1166673E0,1.2333329E0,1.5150001E1],"categories":[],"categories_nodes":[],"categories_segments":[],"categories_sizes":[],"default_left":[0,0,0,0,0,0,0],"id":0,"left_children":[1,3,5,-1,-1,-1,-1],"loss_changes":[1.4583816E5,3.8332031E3,1.2565133E4,0E0,0E0,0E0,0E0],"parents":[2147483647,0,0,1,1,2,2],"right_children":[2,4,6,-1,-1,-1,-1],"split_conditions":[7.0104754E-1,5.999623E-1,7.9871607E-1,-1.1766667E1,-2.1166673E0,1.2333329E0,1.5150001E1],"split_indices":[0,0,0,0,0,0,0],"split_type":[0,0,0,0,0,0,0],"sum_hessian":[9E0,5E0,4E0,4E0,1E0,1E0,3E0],"tree_param":{"num_deleted":"0","num_feature":"2","num_nodes":"7","size_leaf_vector":"1"}},{"base_weights":[2.4999085E-1,-9.69139E1,1.1679666E2,-1.0825335E1,-2.0108337E0,1.171666E0,1.401375E1],"categories":[],"categories_nodes":[],"categories_segments":[],"categories_sizes":[],"default_left":[0,0,0,0,0,0,0],"id":1,"left_children":[1,3,5,-1,-1,-1,-1],"loss_changes":[1.245605E5,3.0487969E3,1.0621336E4,0E0,0E0,0E0,0E0],"parents":[2147483647,0,0,1,1,2,2],"right_children":[2,4,6,-1,-1,-1,-1],"split_conditions":[7.0104754E-1,5.999623E-1,7.9871607E-1,-1.0825335E1,-2.0108337E0,1.171666E0,1.401375E1],"split_indices":[0,0,0,0,0,0,0],"split_type":[0,0,0,0,0,0,0],"sum_hessian":[9E0,5E0,4E0,4E0,1E0,1E0,3E0],"tree_param":{"num_deleted":"0","num_feature":"2","num_nodes":"7","size_leaf_vector":"1"}},{"base_weights":[4.599182E-1,-8.936186E1,1.0815407E2,-9.959307E0,-1.910292E0,1.1130829E0,1.2962717E1],"categories":[],"categories_nodes":[],"categories_segments":[],"categories_sizes":[],"default_left":[0,0,0,0,0,0,0],"id":2,"left_children":[1,3,5,-1,-1,-1,-1],"loss_changes":[1.0639765E5,2.4104844E3,8.974098E3,0E0,0E0,0E0,0E0],"parents":[2147483647,0,0,1,1,2,2],"right_children":[2,4,6,-1,-1,-1,-1],"split_conditions":[7.0104754E-1,5.999623E-1,7.9871607E-1,-9.959307E0,-1.910292E0,1.1130829E0,1.2962717E1],"split_indices":[0,0,0,0,0,0,0],"split_type":[0,0,0,0,0,0,0],"sum_hessian":[9E0,5E0,4E0,4E0,1E0,1E0,3E0],"tree_param":{"num_deleted":"0","num_feature":"2","num_nodes":"7","size_leaf_vector":"1"}},{"base_weights":[6.34552E-1,-8.240394E1,1.00153824E2,-9.162561E0,-1.8147782E0,3.1562917E0,1.3536013E1],"categories":[],"categories_nodes":[],"categories_segments":[],"categories_sizes":[],"default_left":[0,0,0,0,0,0,0],"id":3,"left_children":[1,3,5,-1,-1,-1,-1],"loss_changes":[9.089237E4,1.8924961E3,7.801801E3,0E0,0E0,0E0,0E0],"parents":[2147483647,0,0,1,1,2,2],"right_children":[2,4,6,-1,-1,-1,-1],"split_conditions":[7.0104754E-1,5.999623E-1,9.0150964E-1,-9.162561E0,-1.8147782E0,3.1562917E0,1.3536013E1],"split_indices":[0,0,0,0,0,0,0],"split_type":[0,0,0,0,0,0,0],"sum_hessian":[9E0,5E0,4E0,4E0,1E0,2E0,2E0],"tree_param":{"num_deleted":"0","num_feature":"2","num_nodes":"7","size_leaf_vector":"1"}},{"base_weights":[1.1425995E0,-7.5993095E1,9.347691E1,-8.429556E0,-1.7240387E0,8.99614E-1,1.1234807E1],"categories":[],"categories_nodes":[],"categories_segments":[],"categories_sizes":[],"default_left":[0,0,0,0,0,0,0],"id":4,"left_children":[1,3,5,-1,-1,-1,-1],"loss_changes":[7.8326305E4,1.4734648E3,6.960551E3,0E0,0E0,0E0,0E0],"parents":[2147483647,0,0,1,1,2,2],"right_children":[2,4,6,-1,-1,-1,-1],"split_conditions":[7.0104754E-1,5.999623E-1,7.9871607E-1,-8.429556E0,-1.7240387E0,8.99614E-1,1.1234807E1],"split_indices":[0,0,0,0,0,0,0],"split_type":[0,0,0,0,0,0,0],"sum_hessian":[9E0,5E0,4E0,4E0,1E0,1E0,3E0],"tree_param":{"num_deleted":"0","num_feature":"2","num_nodes":"7","size_leaf_vector":"1"}},{"base_weights":[1.2264252E0,-7.0086044E1,8.655611E1,-8.414241E0,-2.7982209E0,2.541392E0,1.1884625E1],"categories":[],"categories_nodes":[],"categories_segments":[],"categories_sizes":[],"default_left":[0,0,0,0,0,0,0],"id":5,"left_children":[1,3,5,-1,-1,-1,-1],"loss_changes":[6.691708E4,1.1964707E3,6.8511016E3,0E0,0E0,0E0,0E0],"parents":[2147483647,0,0,1,1,2,2],"right_children":[2,4,6,-1,-1,-1,-1],"split_conditions":[7.0104754E-1,4.9966386E-1,9.0150964E-1,-8.414241E0,-2.7982209E0,2.541392E0,1.1884625E1],"split_indices":[0,0,0,0,0,0,0],"split_type":[0,0,0,0,0,0,0],"sum_hessian":[9E0,5E0,4E0,3E0,2E0,2E0,2E0],"tree_param":{"num_deleted":"0","num_feature":"2","num_nodes":"7","size_leaf_vector":"1"}},{"base_weights":[1.4251435E0,-5.3589405E1,9.7344315E1,-7.194371E0,-5.135752E0,2.8303864E0,1.1092319E1,-1.4979264E0,7.275635E-1],"categories":[],"categories_nodes":[],"categories_segments":[],"categories_sizes":[],"default_left":[0,0,0,0,0,0,0,0,0],"id":6,"left_children":[1,3,5,-1,7,-1,-1,-1,-1],"loss_changes":[5.7986125E4,5.8558457E3,6.1041016E2,0E0,4.7549847E2,0E0,0E0,0E0,0E0],"parents":[2147483647,0,0,1,1,2,2,4,4],"right_children":[2,4,6,-1,8,-1,-1,-1,-1],"split_conditions":[7.9871607E-1,5.999623E-1,9.0150964E-1,-7.194371E0,7.0104754E-1,2.8303864E0,1.1092319E1,-1.4979264E0,7.275635E-1],"split_indices":[0,0,0,0,0,0,0,0,0],"split_type":[0,0,0,0,0,0,0,0,0],"sum_hessian":[9E0,6E0,3E0,4E0,2E0,1E0,2E0,1E0,1E0],"tree_param":{"num_deleted":"0","num_feature":"2","num_nodes":"9","size_leaf_vector":"1"}},{"base_weights":[1.878424E0,-4.9368286E1,9.109056E1,-6.6188216E0,-4.8789673E0,2.6888673E0,1.035283E1,-1.4230301E0,6.91185E-1],"categories":[],"categories_nodes":[],"categories_segments":[],"categories_sizes":[],"default_left":[0,0,0,0,0,0,0,0,0],"id":7,"left_children":[1,3,5,-1,7,-1,-1,-1,-1],"loss_changes":[5.021527E4,4.9152207E3,4.103672E2,0E0,4.291373E2,0E0,0E0,0E0,0E0],"parents":[2147483647,0,0,1,1,2,2,4,4],"right_children":[2,4,6,-1,8,-1,-1,-1,-1],"split_conditions":[7.9871607E-1,5.999623E-1,9.0150964E-1,-6.6188216E0,7.0104754E-1,2.6888673E0,1.035283E1,-1.4230301E0,6.91185E-1],"split_indices":[0,0,0,0,0,0,0,0,0],"split_type":[0,0,0,0,0,0,0,0,0],"sum_hessian":[9E0,6E0,3E0,4E0,2E0,1E0,2E0,1E0,1E0],"tree_param":{"num_deleted":"0","num_feature":"2","num_nodes":"9","size_leaf_vector":"1"}},{"base_weights":[2.2596862E0,-4.5481544E1,8.524192E1,-6.7471824E0,-1.212088E1,2.5544236E0,9.662641E0,-2.0538676E0,6.566254E-1],"categories":[],"categories_nodes":[],"categories_segments":[],"categories_sizes":[],"default_left":[0,0,0,0,0,0,0,0,0],"id":8,"left_children":[1,3,5,-1,7,-1,-1,-1,-1],"loss_changes":[4.3493676E4,4.317454E3,2.5026172E2,0E0,7.6407996E2,0E0,0E0,0E0,0E0],"parents":[2147483647,0,0,1,1,2,2,4,4],"right_children":[2,4,6,-1,8,-1,-1,-1,-1],"split_conditions":[7.9871607E-1,4.9966386E-1,9.0150964E-1,-6.7471824E0,7.0104754E-1,2.5544236E0,9.662641E0,-2.0538676E0,6.566254E-1],"split_indices":[0,0,0,0,0,0,0,0,0],"split_type":[0,0,0,0,0,0,0,0,0],"sum_hessian":[9E0,6E0,3E0,3E0,3E0,1E0,2E0,2E0,1E0],"tree_param":{"num_deleted":"0","num_feature":"2","num_nodes":"9","size_leaf_vector":"1"}},{"base_weights":[2.440988E0,-4.2096874E1,7.9772E1,-6.241143E0,-1.1258102E1,2.426703E0,9.018466E0,-1.9169434E0,6.2379456E-1],"categories":[],"categories_nodes":[],"categories_segments":[],"categories_sizes":[],"default_left":[0,0,0,0,0,0,0,0,0],"id":9,"left_children":[1,3,5,-1,7,-1,-1,-1,-1],"loss_changes":[3.7799734E4,3.6826963E3,1.23302734E2,0E0,6.73246E2,0E0,0E0,0E0,0E0],"parents":[2147483647,0,0,1,1,2,2,4,4],"right_children":[2,4,6,-1,8,-1,-1,-1,-1],"split_conditions":[7.9871607E-1,4.9966386E-1,9.0150964E-1,-6.241143E0,7.0104754E-1,2.426703E0,9.018466E0,-1.9169434E0,6.2379456E-1],"split_indices":[0,0,0,0,0,0,0,0,0],"split_type":[0,0,0,0,0,0,0,0,0],"sum_hessian":[9E0,6E0,3E0,3E0,3E0,1E0,2E0,2E0,1E0],"tree_param":{"num_deleted":"0","num_feature":"2","num_nodes":"9","size_leaf_vector":"1"}},{"base_weights":[2.587979E0,-3.8963512E1,7.46561E1,-5.773057E0,-1.0455582E1,2.3053682E0,8.417234E0,-1.789148E0,5.926056E-1],"categories":[],"categories_nodes":[],"categories_segments":[],"categories_sizes":[],"default_left":[0,0,0,0,0,0,0,0,0],"id":10,"left_children":[1,3,5,-1,7,-1,-1,-1,-1],"loss_changes":[3.2854242E4,3.141462E3,2.3763672E1,0E0,5.9327466E2,0E0,0E0,0E0,0E0],"parents":[2147483647,0,0,1,1,2,2,4,4],"right_children":[2,4,6,-1,8,-1,-1,-1,-1],"split_conditions":[7.9871607E-1,4.9966386E-1,9.0150964E-1,-5.773057E0,7.0104754E-1,2.3053682E0,8.417234E0,-1.789148E0,5.926056E-1],"split_indices":[0,0,0,0,0,0,0,0,0],"split_type":[0,0,0,0,0,0,0,0,0],"sum_hessian":[9E0,6E0,3E0,3E0,3E0,1E0,2E0,2E0,1E0],"tree_param":{"num_deleted":"0","num_feature":"2","num_nodes":"9","size_leaf_vector":"1"}},{"base_weights":[2.7044892E0,-3.606281E1,6.987114E0,-4.8484314E1,-3.3393657E0,-5.3400764E0,-1.4409256E0,-1.0638809E0,5.6297606E-1],"categories":[],"categories_nodes":[],"categories_segments":[],"categories_sizes":[],"default_left":[0,0,0,0,0,0,0,0,0],"id":11,"left_children":[1,3,-1,5,7,-1,-1,-1,-1],"loss_changes":[2.8558445E4,2.683414E3,0E0,6.817578E1,2.5630283E2,0E0,0E0,0E0,0E0],"parents":[2147483647,0,0,1,1,3,3,4,4],"right_children":[2,4,-1,6,8,-1,-1,-1,-1],"split_conditions":[7.9871607E-1,5.999623E-1,6.987114E0,4.9966386E-1,7.0104754E-1,-5.3400764E0,-1.4409256E0,-1.0638809E0,5.6297606E-1],"split_indices":[0,0,0,0,0,0,0,0,0],"split_type":[0,0,0,0,0,0,0,0,0],"sum_hessian":[9E0,6E0,3E0,4E0,2E0,3E0,1E0,1E0,1E0],"tree_param":{"num_deleted":"0","num_feature":"2","num_nodes":"9","size_leaf_vector":"1"}},{"base_weights":[2.4045594E0,-3.34968E1,6.46308E1,-4.4992077E1,-3.172404E0,1.840744E0,7.3902774E0,-4.93957E0,-1.3688797E0,-1.0106872E0,5.348267E-1],"categories":[],"categories_nodes":[],"categories_segments":[],"categories_sizes":[],"default_left":[0,0,0,0,0,0,0,0,0,0,0],"id":12,"left_children":[1,3,5,7,9,-1,-1,-1,-1,-1,-1],"loss_changes":[2.4504992E4,2.2973784E3,3.5396484E2,1.3071289E1,2.313132E2,0E0,0E0,0E0,0E0,0E0,0E0],"parents":[2147483647,0,0,1,1,2,2,3,3,4,4],"right_children":[2,4,6,8,10,-1,-1,-1,-1,-1,-1],"split_conditions":[7.9871607E-1,5.999623E-1,9.0150964E-1,4.9966386E-1,7.0104754E-1,1.840744E0,7.3902774E0,-4.93957E0,-1.3688797E0,-1.0106872E0,5.348267E-1],"split_indices":[0,0,0,0,0,0,0,0,0,0,0],"split_type":[0,0,0,0,0,0,0,0,0,0,0],"sum_hessian":[9E0,6E0,3E0,4E0,2E0,1E0,2E0,3E0,1E0,1E0,1E0],"tree_param":{"num_deleted":"0","num_feature":"2","num_nodes":"11","size_leaf_vector":"1"}},{"base_weights":[2.4087708E0,-3.1116306E1,6.0475464E1,-4.175456E0,-3.0137837E0,1.7487061E0,6.8975916E0,-9.601532E-1,5.0808567E-1],"categories":[],"categories_nodes":[],"categories_segments":[],"categories_sizes":[],"default_left":[0,0,0,0,0,0,0,0,0],"id":13,"left_children":[1,3,5,-1,7,-1,-1,-1,-1],"loss_changes":[2.1348678E4,1.966894E3,2.554961E2,0E0,2.0876036E2,0E0,0E0,0E0,0E0],"parents":[2147483647,0,0,1,1,2,2,4,4],"right_children":[2,4,6,-1,8,-1,-1,-1,-1],"split_conditions":[7.9871607E-1,5.999623E-1,9.0150964E-1,-4.175456E0,7.0104754E-1,1.7487061E0,6.8975916E0,-9.601532E-1,5.0808567E-1],"split_indices":[0,0,0,0,0,0,0,0,0],"split_type":[0,0,0,0,0,0,0,0,0],"sum_hessian":[9E0,6E0,3E0,4E0,2E0,1E0,2E0,1E0,1E0],"tree_param":{"num_deleted":"0","num_feature":"2","num_nodes":"9","size_leaf_vector":"1"}},{"base_weights":[2.5697663E0,-2.8665758E1,5.6589493E1,-4.2559433E0,-7.605644E0,1.6612701E0,6.4377527E0,-1.3358735E0,4.8268127E-1],"categories":[],"categories_nodes":[],"categories_segments":[],"categories_sizes":[],"default_left":[0,0,0,0,0,0,0,0,0],"id":14,"left_children":[1,3,5,-1,7,-1,-1,-1,-1],"loss_changes":[1.8495525E4,1.7245249E3,1.7587695E2,0E0,3.5058032E2,0E0,0E0,0E0,0E0],"parents":[2147483647,0,0,1,1,2,2,4,4],"right_children":[2,4,6,-1,8,-1,-1,-1,-1],"split_conditions":[7.9871607E-1,4.9966386E-1,9.0150964E-1,-4.2559433E0,7.0104754E-1,1.6612701E0,6.4377527E0,-1.3358735E0,4.8268127E-1],"split_indices":[0,0,0,0,0,0,0,0,0],"split_type":[0,0,0,0,0,0,0,0,0],"sum_hessian":[9E0,6E0,3E0,3E0,3E0,1E0,2E0,2E0,1E0],"tree_param":{"num_deleted":"0","num_feature":"2","num_nodes":"9","size_leaf_vector":"1"}},{"base_weights":[2.611786E0,-2.6529053E1,5.2955307E1,-3.936747E0,-7.0583725E0,1.5782074E0,6.0085692E0,-1.2468151E0,4.5854798E-1],"categories":[],"categories_nodes":[],"categories_segments":[],"categories_sizes":[],"default_left":[0,0,0,0,0,0,0,0,0],"id":15,"left_children":[1,3,5,-1,7,-1,-1,-1,-1],"loss_changes":[1.607538E4,1.471939E3,1.1196094E2,0E0,3.0913507E2,0E0,0E0,0E0,0E0],"parents":[2147483647,0,0,1,1,2,2,4,4],"right_children":[2,4,6,-1,8,-1,-1,-1,-1],"split_conditions":[7.9871607E-1,4.9966386E-1,9.0150964E-1,-3.936747E0,7.0104754E-1,1.5782074E0,6.0085692E0,-1.2468151E0,4.5854798E-1],"split_indices":[0,0,0,0,0,0,0,0,0],"split_type":[0,0,0,0,0,0,0,0,0],"sum_hessian":[9E0,6E0,3E0,3E0,3E0,1E0,2E0,2E0,1E0],"tree_param":{"num_deleted":"0","num_feature":"2","num_nodes":"9","size_leaf_vector":"1"}},{"base_weights":[2.636786E0,-2.4551151E1,4.955648E1,-3.6414917E0,-6.5495987E0,1.4992965E0,5.608E0,-1.1636933E0,4.3562013E-1],"categories":[],"categories_nodes":[],"categories_segments":[],"categories_sizes":[],"default_left":[0,0,0,0,0,0,0,0,0],"id":16,"left_children":[1,3,5,-1,7,-1,-1,-1,-1],"loss_changes":[1.3973166E4,1.25646E3,6.109668E1,0E0,2.726186E2,0E0,0E0,0E0,0E0],"parents":[2147483647,0,0,1,1,2,2,4,4],"right_children":[2,4,6,-1,8,-1,-1,-1,-1],"split_conditions":[7.9871607E-1,4.9966386E-1,9.0150964E-1,-3.6414917E0,7.0104754E-1,1.4992965E0,5.608E0,-1.1636933E0,4.3562013E-1],"split_indices":[0,0,0,0,0,0,0,0,0],"split_type":[0,0,0,0,0,0,0,0,0],"sum_hessian":[9E0,6E0,3E0,3E0,3E0,1E0,2E0,2E0,1E0],"tree_param":{"num_deleted":"0","num_feature":"2","num_nodes":"9","size_leaf_vector":"1"}},{"base_weights":[2.6468887E0,-2.2720257E1,4.637767E1,-2.788643E1,4.1383973E-1,1.4243317E0,5.234135E0,-3.3683796E0,-1.0861135E0],"categories":[],"categories_nodes":[],"categories_segments":[],"categories_sizes":[],"default_left":[0,0,0,0,0,0,0,0,0],"id":17,"left_children":[1,3,5,7,-1,-1,-1,-1,-1],"loss_changes":[1.2146963E4,1.0867004E3,2.1041992E1,2.263667E2,0E0,0E0,0E0,0E0,0E0],"parents":[2147483647,0,0,1,1,2,2,3,3],"right_children":[2,4,6,8,-1,-1,-1,-1,-1],"split_conditions":[7.9871607E-1,7.0104754E-1,9.0150964E-1,4.9966386E-1,4.1383973E-1,1.4243317E0,5.234135E0,-3.3683796E0,-1.0861135E0],"split_indices":[0,0,0,0,0,0,0,0,0],"split_type":[0,0,0,0,0,0,0,0,0],"sum_hessian":[9E0,6E0,3E0,5E0,1E0,1E0,2E0,3E0,2E0],"tree_param":{"num_deleted":"0","num_feature":"2","num_nodes":"9","size_leaf_vector":"1"}},{"base_weights":[2.6439834E0,-2.1025467E1,4.3404527E0,-2.5840202E1,3.931473E-1,-3.1157513E0,-1.0137055E0],"categories":[],"categories_nodes":[],"categories_segments":[],"categories_sizes":[],"default_left":[0,0,0,0,0,0,0],"id":18,"left_children":[1,3,-1,5,-1,-1,-1],"loss_changes":[1.0560397E4,9.4271704E2,0E0,1.8514575E2,0E0,0E0,0E0],"parents":[2147483647,0,0,1,1,3,3],"right_children":[2,4,-1,6,-1,-1,-1],"split_conditions":[7.9871607E-1,7.0104754E-1,4.3404527E0,4.9966386E-1,3.931473E-1,-3.1157513E0,-1.0137055E0],"split_indices":[0,0,0,0,0,0,0],"split_type":[0,0,0,0,0,0,0],"sum_hessian":[9E0,6E0,3E0,5E0,1E0,3E0,2E0],"tree_param":{"num_deleted":"0","num_feature":"2","num_nodes":"7","size_leaf_vector":"1"}},{"base_weights":[2.439998E0,-1.945668E1,4.0149185E1,-2.3944426E1,3.7348938E-1,1.1360931E0,4.5958295E0,-2.8820698E0,-9.461253E-1],"categories":[],"categories_nodes":[],"categories_segments":[],"categories_sizes":[],"default_left":[0,0,0,0,0,0,0,0,0],"id":19,"left_children":[1,3,5,7,-1,-1,-1,-1,-1],"loss_changes":[9.0382295E3,8.1797485E2,1.4680762E2,1.5106348E2,0E0,0E0,0E0,0E0,0E0],"parents":[2147483647,0,0,1,1,2,2,3,3],"right_children":[2,4,6,8,-1,-1,-1,-1,-1],"split_conditions":[7.9871607E-1,7.0104754E-1,9.0150964E-1,4.9966386E-1,3.7348938E-1,1.1360931E0,4.5958295E0,-2.8820698E0,-9.461253E-1],"split_indices":[0,0,0,0,0,0,0,0,0],"split_type":[0,0,0,0,0,0,0,0,0],"sum_hessian":[9E0,6E0,3E0,5E0,1E0,1E0,2E0,3E0,2E0],"tree_param":{"num_deleted":"0","num_feature":"2","num_nodes":"9","size_leaf_vector":"1"}},{"base_weights":[2.4237213E0,-1.8004538E1,3.7567245E1,-2.2188013E1,3.548157E-1,1.0792878E0,4.289441E0,-2.665915E0,-8.830495E-1],"categories":[],"categories_nodes":[],"categories_segments":[],"categories_sizes":[],"default_left":[0,0,0,0,0,0,0,0,0],"id":20,"left_children":[1,3,5,7,-1,-1,-1,-1,-1],"loss_changes":[7.855592E3,7.0988257E2,1.0757129E2,1.22926025E2,0E0,0E0,0E0,0E0,0E0],"parents":[2147483647,0,0,1,1,2,2,3,3],"right_children":[2,4,6,8,-1,-1,-1,-1,-1],"split_conditions":[7.9871607E-1,7.0104754E-1,9.0150964E-1,4.9966386E-1,3.548157E-1,1.0792878E0,4.289441E0,-2.665915E0,-8.830495E-1],"split_indices":[0,0,0,0,0,0,0,0,0],"split_type":[0,0,0,0,0,0,0,0,0],"sum_hessian":[9E0,6E0,3E0,5E0,1E0,1E0,2E0,3E0,2E0],"tree_param":{"num_deleted":"0","num_feature":"2","num_nodes":"9","size_leaf_vector":"1"}},{"base_weights":[2.3988082E0,-1.6660395E1,3.515271E1,-2.0560707E1,3.3707428E-1,1.5686219E0,4.6776094E0,-2.7253082E0,-1.0401249E0],"categories":[],"categories_nodes":[],"categories_segments":[],"categories_sizes":[],"default_left":[0,0,0,0,0,0,0,0,0],"id":21,"left_children":[1,3,5,7,-1,-1,-1,-1,-1],"loss_changes":[6.82829E3,6.1619885E2,1.7132617E2,1.2447925E2,0E0,0E0,0E0,0E0,0E0],"parents":[2147483647,0,0,1,1,2,2,3,3],"right_children":[2,4,6,8,-1,-1,-1,-1,-1],"split_conditions":[7.9871607E-1,7.0104754E-1,1E0,2.9967272E-1,3.3707428E-1,1.5686219E0,4.6776094E0,-2.7253082E0,-1.0401249E0],"split_indices":[0,0,0,0,0,0,0,0,0],"split_type":[0,0,0,0,0,0,0,0,0],"sum_hessian":[9E0,6E0,3E0,5E0,1E0,2E0,1E0,2E0,3E0],"tree_param":{"num_deleted":"0","num_feature":"2","num_nodes":"9","size_leaf_vector":"1"}},{"base_weights":[2.4407182E0,-1.5484116E1,3.3198997E1,-2.1053171E1,-1.0409851E0,1.4640473E0,4.443729E0,-2.5436208E0,-9.6524096E-1,-4.7636873E-1,3.2022095E-1],"categories":[],"categories_nodes":[],"categories_segments":[],"categories_sizes":[],"default_left":[0,0,0,0,0,0,0,0,0,0,0],"id":22,"left_children":[1,3,5,7,9,-1,-1,-1,-1,-1,-1],"loss_changes":[6.0274277E3,5.4112634E2,1.8368115E2,4.3288574E0,6.2642773E1,0E0,0E0,0E0,0E0,0E0,0E0],"parents":[2147483647,0,0,1,1,2,2,3,3,4,4],"right_children":[2,4,6,8,10,-1,-1,-1,-1,-1,-1],"split_conditions":[7.9871607E-1,5.999623E-1,1E0,2.9967272E-1,7.0104754E-1,1.4640473E0,4.443729E0,-2.5436208E0,-9.6524096E-1,-4.7636873E-1,3.2022095E-1],"split_indices":[0,0,0,0,0,0,0,0,0,0,0],"split_type":[0,0,0,0,0,0,0,0,0,0,0],"sum_hessian":[9E0,6E0,3E0,4E0,2E0,2E0,1E0,2E0,2E0,1E0,1E0],"tree_param":{"num_deleted":"0","num_feature":"2","num_nodes":"11","size_leaf_vector":"1"}},{"base_weights":[2.4209244E0,-1.4459274E1,3.1356041E1,-1.7883186E1,3.0420992E-1,1.366444E0,4.2215424E0,-2.3740458E0,-9.019436E-1],"categories":[],"categories_nodes":[],"categories_segments":[],"categories_sizes":[],"default_left":[0,0,0,0,0,0,0,0,0],"id":23,"left_children":[1,3,5,7,-1,-1,-1,-1,-1],"loss_changes":[5.3376904E3,4.7386462E2,1.916294E2,9.737891E1,0E0,0E0,0E0,0E0,0E0],"parents":[2147483647,0,0,1,1,2,2,3,3],"right_children":[2,4,6,8,-1,-1,-1,-1,-1],"split_conditions":[7.9871607E-1,7.0104754E-1,1E0,2.9967272E-1,3.0420992E-1,1.366444E0,4.2215424E0,-2.3740458E0,-9.019436E-1],"split_indices":[0,0,0,0,0,0,0,0,0],"split_type":[0,0,0,0,0,0,0,0,0],"sum_hessian":[9E0,6E0,3E0,5E0,1E0,2E0,1E0,2E0,3E0],"tree_param":{"num_deleted":"0","num_feature":"2","num_nodes":"9","size_leaf_vector":"1"}},{"base_weights":[2.4404495E0,-1.3437886E1,2.9617424E1,-1.833923E1,-7.8968304E-1,1.2753469E0,4.0104647E0,-2.2157767E0,-8.4076184E-1,-4.074524E-1,2.8899994E-1],"categories":[],"categories_nodes":[],"categories_segments":[],"categories_sizes":[],"default_left":[0,0,0,0,0,0,0,0,0,0,0],"id":24,"left_children":[1,3,5,7,9,-1,-1,-1,-1,-1,-1],"loss_changes":[4.7132466E3,4.1947046E2,1.9595068E2,3.3269043E0,4.803689E1,0E0,0E0,0E0,0E0,0E0,0E0],"parents":[2147483647,0,0,1,1,2,2,3,3,4,4],"right_children":[2,4,6,8,10,-1,-1,-1,-1,-1,-1],"split_conditions":[7.9871607E-1,5.999623E-1,1E0,2.9967272E-1,7.0104754E-1,1.2753469E0,4.0104647E0,-2.2157767E0,-8.4076184E-1,-4.074524E-1,2.8899994E-1],"split_indices":[0,0,0,0,0,0,0,0,0,0,0],"split_type":[0,0,0,0,0,0,0,0,0,0,0],"sum_hessian":[9E0,6E0,3E0,4E0,2E0,2E0,1E0,2E0,2E0,1E0,1E0],"tree_param":{"num_deleted":"0","num_feature":"2","num_nodes":"11","size_leaf_vector":"1"}},{"base_weights":[2.4074874E0,-1.254767E1,2.7977142E1,-1.5554115E1,2.7454987E-1,1.190324E0,3.8099427E0,-2.0680583E0,-7.820736E-1],"categories":[],"categories_nodes":[],"categories_segments":[],"categories_sizes":[],"default_left":[0,0,0,0,0,0,0,0,0],"id":25,"left_children":[1,3,5,7,-1,-1,-1,-1,-1],"loss_changes":[4.1750303E3,3.645503E2,1.9731177E2,7.613208E1,0E0,0E0,0E0,0E0,0E0],"parents":[2147483647,0,0,1,1,2,2,3,3],"right_children":[2,4,6,8,-1,-1,-1,-1,-1],"split_conditions":[7.9871607E-1,7.0104754E-1,1E0,2.9967272E-1,2.7454987E-1,1.190324E0,3.8099427E0,-2.0680583E0,-7.820736E-1],"split_indices":[0,0,0,0,0,0,0,0,0],"split_type":[0,0,0,0,0,0,0,0,0],"sum_hessian":[9E0,6E0,3E0,5E0,1E0,2E0,1E0,2E0,3E0],"tree_param":{"num_deleted":"0","num_feature":"2","num_nodes":"9","size_leaf_vector":"1"}},{"base_weights":[2.4092088E0,-1.1660843E1,2.6429497E1,-1.5976565E1,-5.8102417E-1,1.1109691E0,3.6194458E0,-1.7563778E0,-4.813858E-1,-3.4797668E-1,2.6082307E-1],"categories":[],"categories_nodes":[],"categories_segments":[],"categories_sizes":[],"default_left":[0,0,0,0,0,0,0,0,0,0,0],"id":26,"left_children":[1,3,5,7,9,-1,-1,-1,-1,-1,-1],"loss_changes":[3.687857E3,3.254392E2,1.9628003E2,4.038452E0,3.681052E1,0E0,0E0,0E0,0E0,0E0,0E0],"parents":[2147483647,0,0,1,1,2,2,3,3,4,4],"right_children":[2,4,6,8,10,-1,-1,-1,-1,-1,-1],"split_conditions":[7.9871607E-1,5.999623E-1,1E0,4.9966386E-1,7.0104754E-1,1.1109691E0,3.6194458E0,-1.7563778E0,-4.813858E-1,-3.4797668E-1,2.6082307E-1],"split_indices":[0,0,0,0,0,0,0,0,0,0,0],"split_type":[0,0,0,0,0,0,0,0,0,0,0],"sum_hessian":[9E0,6E0,3E0,4E0,2E0,2E0,1E0,3E0,1E0,1E0,1E0],"tree_param":{"num_deleted":"0","num_feature":"2","num_nodes":"11","size_leaf_vector":"1"}},{"base_weights":[2.4088364E0,-1.0826894E1,2.4969154E1,-1.4826462E1,-5.519816E-1,1.0369049E0,3.4384735E0,-1.813096E0,-6.5798086E-1,-3.3057863E-1,2.4778138E-1],"categories":[],"categories_nodes":[],"categories_segments":[],"categories_sizes":[],"default_left":[0,0,0,0,0,0,0,0,0,0,0],"id":27,"left_children":[1,3,5,7,9,-1,-1,-1,-1,-1,-1],"loss_changes":[3.256361E3,2.794826E2,1.9333691E2,1.6957031E1,3.3221516E1,0E0,0E0,0E0,0E0,0E0,0E0],"parents":[2147483647,0,0,1,1,2,2,3,3,4,4],"right_children":[2,4,6,8,10,-1,-1,-1,-1,-1,-1],"split_conditions":[7.9871607E-1,5.999623E-1,1E0,2.9967272E-1,7.0104754E-1,1.0369049E0,3.4384735E0,-1.813096E0,-6.5798086E-1,-3.3057863E-1,2.4778138E-1],"split_indices":[0,0,0,0,0,0,0,0,0,0,0],"split_type":[0,0,0,0,0,0,0,0,0,0,0],"sum_hessian":[9E0,6E0,3E0,4E0,2E0,2E0,1E0,2E0,2E0,1E0,1E0],"tree_param":{"num_deleted":"0","num_feature":"2","num_nodes":"11","size_leaf_vector":"1"}},{"base_weights":[2.3601012E0,-1.0109044E1,2.359108E1,-1.25785265E1,2.3539276E-1,9.6777755E-1,3.2665498E0,-1.6922232E0,-6.176117E-1],"categories":[],"categories_nodes":[],"categories_segments":[],"categories_sizes":[],"default_left":[0,0,0,0,0,0,0,0,0],"id":28,"left_children":[1,3,5,7,-1,-1,-1,-1,-1],"loss_changes":[2.885805E3,2.4504865E2,1.8889111E2,6.2347412E1,0E0,0E0,0E0,0E0,0E0],"parents":[2147483647,0,0,1,1,2,2,3,3],"right_children":[2,4,6,8,-1,-1,-1,-1,-1],"split_conditions":[7.9871607E-1,7.0104754E-1,1E0,2.9967272E-1,2.3539276E-1,9.6777755E-1,3.2665498E0,-1.6922232E0,-6.176117E-1],"split_indices":[0,0,0,0,0,0,0,0,0],"split_type":[0,0,0,0,0,0,0,0,0],"sum_hessian":[9E0,6E0,3E0,5E0,1E0,2E0,1E0,2E0,3E0],"tree_param":{"num_deleted":"0","num_feature":"2","num_nodes":"9","size_leaf_vector":"1"}},{"base_weights":[2.3400848E0,-9.394484E0,2.2290558E1,-1.2914093E1,-3.9697266E-1,9.032593E-1,3.1032226E0,-1.5794078E0,-5.7294106E-1,-2.8316957E-1,2.2362366E-1],"categories":[],"categories_nodes":[],"categories_segments":[],"categories_sizes":[],"default_left":[0,0,0,0,0,0,0,0,0,0,0],"id":29,"left_children":[1,3,5,7,9,-1,-1,-1,-1,-1,-1],"loss_changes":[2.55051E3,2.1654749E2,1.8328564E2,1.296814E1,2.5565744E1,0E0,0E0,0E0,0E0,0E0,0E0],"parents":[2147483647,0,0,1,1,2,2,3,3,4,4],"right_children":[2,4,6,8,10,-1,-1,-1,-1,-1,-1],"split_conditions":[7.9871607E-1,5.999623E-1,1E0,2.9967272E-1,7.0104754E-1,9.032593E-1,3.1032226E0,-1.5794078E0,-5.7294106E-1,-2.8316957E-1,2.2362366E-1],"split_indices":[0,0,0,0,0,0,0,0,0,0,0],"split_type":[0,0,0,0,0,0,0,0,0,0,0],"sum_hessian":[9E0,6E0,3E0,4E0,2E0,2E0,1E0,2E0,2E0,1E0,1E0],"tree_param":{"num_deleted":"0","num_feature":"2","num_nodes":"11","size_leaf_vector":"1"}},{"base_weights":[2.2855346E0,-8.771022E0,2.1063126E1,-1.0940999E1,2.1244203E-1,8.43042E-1,2.9480622E0,-1.474114E0,-5.355644E-1],"categories":[],"categories_nodes":[],"categories_segments":[],"categories_sizes":[],"default_left":[0,0,0,0,0,0,0,0,0],"id":30,"left_children":[1,3,5,7,-1,-1,-1,-1,-1],"loss_changes":[2.2609004E3,1.8874335E2,1.7680896E2,4.8402466E1,0E0,0E0,0E0,0E0,0E0],"parents":[2147483647,0,0,1,1,2,2,3,3],"right_children":[2,4,6,8,-1,-1,-1,-1,-1],"split_conditions":[7.9871607E-1,7.0104754E-1,1E0,2.9967272E-1,2.1244203E-1,8.43042E-1,2.9480622E0,-1.474114E0,-5.355644E-1],"split_indices":[0,0,0,0,0,0,0,0,0],"split_type":[0,0,0,0,0,0,0,0,0],"sum_hessian":[9E0,6E0,3E0,5E0,1E0,2E0,1E0,2E0,3E0],"tree_param":{"num_deleted":"0","num_feature":"2","num_nodes":"9","size_leaf_vector":"1"}},{"base_weights":[2.2563705E0,-8.150667E0,1.9904594E1,-1.1249283E1,-2.6941934E-1,7.8683984E-1,2.8006592E0,-1.3758392E0,-4.9904123E-1,-2.4223328E-1,2.0182037E-1],"categories":[],"categories_nodes":[],"categories_segments":[],"categories_sizes":[],"default_left":[0,0,0,0,0,0,0,0,0,0,0],"id":31,"left_children":[1,3,5,7,9,-1,-1,-1,-1,-1,-1],"loss_changes":[1.9988931E3,1.6791592E2,1.6970203E2,9.860901E0,1.9663923E1,0E0,0E0,0E0,0E0,0E0,0E0],"parents":[2147483647,0,0,1,1,2,2,3,3,4,4],"right_children":[2,4,6,8,10,-1,-1,-1,-1,-1,-1],"split_conditions":[7.9871607E-1,5.999623E-1,1E0,2.9967272E-1,7.0104754E-1,7.8683984E-1,2.8006592E0,-1.3758392E0,-4.9904123E-1,-2.4223328E-1,2.0182037E-1],"split_indices":[0,0,0,0,0,0,0,0,0,0,0],"split_type":[0,0,0,0,0,0,0,0,0,0,0],"sum_hessian":[9E0,6E0,3E0,4E0,2E0,2E0,1E0,2E0,2E0,1E0,1E0],"tree_param":{"num_deleted":"0","num_feature":"2","num_nodes":"11","size_leaf_vector":"1"}},{"base_weights":[2.1979554E0,-7.6092095E0,1.8811005E1,-1.0499329E1,-2.5594077E-1,7.3438317E-1,2.6606262E0,-1.2841166E0,-4.657715E-1,-2.3012085E-1,1.9172974E-1],"categories":[],"categories_nodes":[],"categories_segments":[],"categories_sizes":[],"default_left":[0,0,0,0,0,0,0,0,0,0,0],"id":32,"left_children":[1,3,5,7,9,-1,-1,-1,-1,-1,-1],"loss_changes":[1.772406E3,1.4607556E2,1.6216638E2,8.590088E0,1.7746662E1,0E0,0E0,0E0,0E0,0E0,0E0],"parents":[2147483647,0,0,1,1,2,2,3,3,4,4],"right_children":[2,4,6,8,10,-1,-1,-1,-1,-1,-1],"split_conditions":[7.9871607E-1,5.999623E-1,1E0,2.9967272E-1,7.0104754E-1,7.3438317E-1,2.6606262E0,-1.2841166E0,-4.657715E-1,-2.3012085E-1,1.9172974E-1],"split_indices":[0,0,0,0,0,0,0,0,0,0,0],"split_type":[0,0,0,0,0,0,0,0,0,0,0],"sum_hessian":[9E0,6E0,3E0,4E0,2E0,2E0,1E0,2E0,2E0,1E0,1E0],"tree_param":{"num_deleted":"0","num_feature":"2","num_nodes":"11","size_leaf_vector":"1"}},{"base_weights":[2.138832E0,-7.1037574E0,1.7778656E1,-8.894859E0,1.8214265E-1,6.854248E-1,2.527594E0,-1.1985087E0,-4.3534738E-1],"categories":[],"categories_nodes":[],"categories_segments":[],"categories_sizes":[],"default_left":[0,0,0,0,0,0,0,0,0],"id":33,"left_children":[1,3,5,7,-1,-1,-1,-1,-1],"loss_changes":[1.5718201E3,1.2810272E2,1.5436609E2,3.2026703E1,0E0,0E0,0E0,0E0,0E0],"parents":[2147483647,0,0,1,1,2,2,3,3],"right_children":[2,4,6,8,-1,-1,-1,-1,-1],"split_conditions":[7.9871607E-1,7.0104754E-1,1E0,2.9967272E-1,1.8214265E-1,6.854248E-1,2.527594E0,-1.1985087E0,-4.3534738E-1],"split_indices":[0,0,0,0,0,0,0,0,0],"split_type":[0,0,0,0,0,0,0,0,0],"sum_hessian":[9E0,6E0,3E0,5E0,1E0,2E0,1E0,2E0,3E0],"tree_param":{"num_deleted":"0","num_feature":"2","num_nodes":"9","size_leaf_vector":"1"}},{"base_weights":[2.1010773E0,-6.6007733E0,1.6804047E1,-9.145838E0,-1.5874226E-1,6.3972986E-1,2.4012146E0,-1.1186086E0,-4.0569764E-1,-1.9684754E-1,1.730362E-1],"categories":[],"categories_nodes":[],"categories_segments":[],"categories_sizes":[],"default_left":[0,0,0,0,0,0,0,0,0,0,0],"id":34,"left_children":[1,3,5,7,9,-1,-1,-1,-1,-1,-1],"loss_changes":[1.3903501E3,1.1331583E2,1.464386E2,6.531067E0,1.36624975E1,0E0,0E0,0E0,0E0,0E0,0E0],"parents":[2147483647,0,0,1,1,2,2,3,3,4,4],"right_children":[2,4,6,8,10,-1,-1,-1,-1,-1,-1],"split_conditions":[7.9871607E-1,5.999623E-1,1E0,2.9967272E-1,7.0104754E-1,6.3972986E-1,2.4012146E0,-1.1186086E0,-4.0569764E-1,-1.9684754E-1,1.730362E-1],"split_indices":[0,0,0,0,0,0,0,0,0,0,0],"split_type":[0,0,0,0,0,0,0,0,0,0,0],"sum_hessian":[9E0,6E0,3E0,4E0,2E0,2E0,1E0,2E0,2E0,1E0,1E0],"tree_param":{"num_deleted":"0","num_feature":"2","num_nodes":"11","size_leaf_vector":"1"}},{"base_weights":[2.0402496E0,-4.6499596E0,1.9200724E1,-7.7367806E0,3.0736694E-1,5.989563E-1,2.2811525E0,-1.0440348E0,-3.77491E-1],"categories":[],"categories_nodes":[],"categories_segments":[],"categories_sizes":[],"default_left":[0,0,0,0,0,0,0,0,0],"id":35,"left_children":[1,3,5,7,-1,-1,-1,-1,-1],"loss_changes":[1.2373542E3,2.1451196E2,6.477539E0,2.4855774E1,0E0,0E0,0E0,0E0,0E0],"parents":[2147483647,0,0,1,1,2,2,3,3],"right_children":[2,4,6,8,-1,-1,-1,-1,-1],"split_conditions":[9.0150964E-1,7.0104754E-1,1E0,2.9967272E-1,3.0736694E-1,5.989563E-1,2.2811525E0,-1.0440348E0,-3.77491E-1],"split_indices":[0,0,0,0,0,0,0,0,0],"split_type":[0,0,0,0,0,0,0,0,0],"sum_hessian":[9E0,7E0,2E0,5E0,2E0,1E0,1E0,2E0,3E0],"tree_param":{"num_deleted":"0","num_feature":"2","num_nodes":"9","size_leaf_vector":"1"}},{"base_weights":[2.012825E0,-4.324232E0,1.8240702E1,-7.20002E0,2.8687543E-1,5.690094E-1,2.167096E0,-1.1308243E0,-4.1167268E-1],"categories":[],"categories_nodes":[],"categories_segments":[],"categories_sizes":[],"default_left":[0,0,0,0,0,0,0,0,0],"id":36,"left_children":[1,3,5,7,-1,-1,-1,-1,-1],"loss_changes":[1.107247E3,1.8613908E2,5.845642E0,2.9448212E1,0E0,0E0,0E0,0E0,0E0],"parents":[2147483647,0,0,1,1,2,2,3,3],"right_children":[2,4,6,8,-1,-1,-1,-1,-1],"split_conditions":[9.0150964E-1,7.0104754E-1,1E0,2.0006132E-1,2.8687543E-1,5.690094E-1,2.167096E0,-1.1308243E0,-4.1167268E-1],"split_indices":[0,0,0,0,0,0,0,0,0],"split_type":[0,0,0,0,0,0,0,0,0],"sum_hessian":[9E0,7E0,2E0,5E0,2E0,1E0,1E0,1E0,4E0],"tree_param":{"num_deleted":"0","num_feature":"2","num_nodes":"9","size_leaf_vector":"1"}},{"base_weights":[1.9595902E0,-4.0487576E0,1.7328653E1,-6.7370987E0,2.6775107E-1,5.4055786E-1,2.0587404E0,-1.0742829E0,-3.7873873E-1],"categories":[],"categories_nodes":[],"categories_segments":[],"categories_sizes":[],"default_left":[0,0,0,0,0,0,0,0,0],"id":37,"left_children":[1,3,5,7,-1,-1,-1,-1,-1],"loss_changes":[9.9358624E2,1.626987E2,5.276062E0,3.0207245E1,0E0,0E0,0E0,0E0,0E0],"parents":[2147483647,0,0,1,1,2,2,3,3],"right_children":[2,4,6,8,-1,-1,-1,-1,-1],"split_conditions":[9.0150964E-1,7.0104754E-1,1E0,2.0006132E-1,2.6775107E-1,5.4055786E-1,2.0587404E0,-1.0742829E0,-3.7873873E-1],"split_indices":[0,0,0,0,0,0,0,0,0],"split_type":[0,0,0,0,0,0,0,0,0],"sum_hessian":[9E0,7E0,2E0,5E0,2E0,1E0,1E0,1E0,4E0],"tree_param":{"num_deleted":"0","num_feature":"2","num_nodes":"9","size_leaf_vector":"1"}},{"base_weights":[1.90504E0,-3.7920399E0,1.646224E1,-6.305555E0,2.4990033E-1,5.135315E-1,1.9558045E0,-1.0205688E0,-3.4843904E-1],"categories":[],"categories_nodes":[],"categories_segments":[],"categories_sizes":[],"default_left":[0,0,0,0,0,0,0,0,0],"id":38,"left_children":[1,3,5,7,-1,-1,-1,-1,-1],"loss_changes":[8.9176086E2,1.4225864E2,4.7610474E0,3.045691E1,0E0,0E0,0E0,0E0,0E0],"parents":[2147483647,0,0,1,1,2,2,3,3],"right_children":[2,4,6,8,-1,-1,-1,-1,-1],"split_conditions":[9.0150964E-1,7.0104754E-1,1E0,2.0006132E-1,2.4990033E-1,5.135315E-1,1.9558045E0,-1.0205688E0,-3.4843904E-1],"split_indices":[0,0,0,0,0,0,0,0,0],"split_type":[0,0,0,0,0,0,0,0,0],"sum_hessian":[9E0,7E0,2E0,5E0,2E0,1E0,1E0,1E0,4E0],"tree_param":{"num_deleted":"0","num_feature":"2","num_nodes":"9","size_leaf_vector":"1"}},{"base_weights":[1.849556E0,-3.5527248E0,1.5639119E1,-6.6390533E0,1.193367E0,4.87854E-1,1.858014E0,-9.695404E-1,-3.4511146E-1,-1.1118622E-1,2.3323976E-1],"categories":[],"categories_nodes":[],"categories_segments":[],"categories_sizes":[],"default_left":[0,0,0,0,0,0,0,0,0,0,0],"id":39,"left_children":[1,3,5,7,9,-1,-1,-1,-1,-1,-1],"loss_changes":[8.0051245E2,1.25106834E2,4.297241E0,1.5257324E1,1.30962105E1,0E0,0E0,0E0,0E0,0E0,0E0],"parents":[2147483647,0,0,1,1,2,2,3,3,4,4],"right_children":[2,4,6,8,10,-1,-1,-1,-1,-1,-1],"split_conditions":[9.0150964E-1,5.999623E-1,1E0,2.0006132E-1,7.0104754E-1,4.87854E-1,1.858014E0,-9.695404E-1,-3.4511146E-1,-1.1118622E-1,2.3323976E-1],"split_indices":[0,0,0,0,0,0,0,0,0,0,0],"split_type":[0,0,0,0,0,0,0,0,0,0,0],"sum_hessian":[9E0,7E0,2E0,4E0,3E0,1E0,1E0,1E0,3E0,1E0,2E0],"tree_param":{"num_deleted":"0","num_feature":"2","num_nodes":"11","size_leaf_vector":"1"}},{"base_weights":[1.779924E0,-3.346529E0,1.4857158E1,-6.2380767E0,1.104538E0,4.634613E-1,1.7651123E0,-9.2106324E-1,-3.19228E-1,-1.0562744E-1,2.1769002E-1],"categories":[],"categories_nodes":[],"categories_segments":[],"categories_sizes":[],"default_left":[0,0,0,0,0,0,0,0,0,0,0],"id":40,"left_children":[1,3,5,7,9,-1,-1,-1,-1,-1,-1],"loss_changes":[7.2011816E2,1.0985398E2,3.8781738E0,1.5866089E1,1.1568098E1,0E0,0E0,0E0,0E0,0E0,0E0],"parents":[2147483647,0,0,1,1,2,2,3,3,4,4],"right_children":[2,4,6,8,10,-1,-1,-1,-1,-1,-1],"split_conditions":[9.0150964E-1,5.999623E-1,1E0,2.0006132E-1,7.0104754E-1,4.634613E-1,1.7651123E0,-9.2106324E-1,-3.19228E-1,-1.0562744E-1,2.1769002E-1],"split_indices":[0,0,0,0,0,0,0,0,0,0,0],"split_type":[0,0,0,0,0,0,0,0,0,0,0],"sum_hessian":[9E0,7E0,2E0,4E0,3E0,1E0,1E0,1E0,3E0,1E0,2E0],"tree_param":{"num_deleted":"0","num_feature":"2","num_nodes":"11","size_leaf_vector":"1"}},{"base_weights":[1.7119659E0,-3.1529045E0,1.4114299E1,-6.633995E0,2.6254883E-1,4.4028932E-1,1.6768554E0,-8.7500995E-1,-3.0119273E-1,-1.5941976E-1,2.0317791E-1],"categories":[],"categories_nodes":[],"categories_segments":[],"categories_sizes":[],"default_left":[0,0,0,0,0,0,0,0,0,0,0],"id":41,"left_children":[1,3,5,7,9,-1,-1,-1,-1,-1,-1],"loss_changes":[6.478584E2,9.685778E1,3.4995117E0,4.3040314E0,1.9664116E1,0E0,0E0,0E0,0E0,0E0,0E0],"parents":[2147483647,0,0,1,1,2,2,3,3,4,4],"right_children":[2,4,6,8,10,-1,-1,-1,-1,-1,-1],"split_conditions":[9.0150964E-1,4.9966386E-1,1E0,2.0006132E-1,7.0104754E-1,4.4028932E-1,1.6768554E0,-8.7500995E-1,-3.0119273E-1,-1.5941976E-1,2.0317791E-1],"split_indices":[0,0,0,0,0,0,0,0,0,0,0],"split_type":[0,0,0,0,0,0,0,0,0,0,0],"sum_hessian":[9E0,7E0,2E0,3E0,4E0,1E0,1E0,1E0,2E0,2E0,2E0],"tree_param":{"num_deleted":"0","num_feature":"2","num_nodes":"11","size_leaf_vector":"1"}},{"base_weights":[1.6392349E0,-2.9791698E0,1.3408569E1,-6.2646446E0,2.4504395E-1,4.1827393E-1,1.5930115E0,-8.312592E-1,-2.8111318E-1,-1.487915E-1,1.8963216E-1],"categories":[],"categories_nodes":[],"categories_segments":[],"categories_sizes":[],"default_left":[0,0,0,0,0,0,0,0,0,0,0],"id":42,"left_children":[1,3,5,7,9,-1,-1,-1,-1,-1,-1],"loss_changes":[5.835019E2,8.62797E1,3.1585083E0,4.922653E0,1.7129549E1,0E0,0E0,0E0,0E0,0E0,0E0],"parents":[2147483647,0,0,1,1,2,2,3,3,4,4],"right_children":[2,4,6,8,10,-1,-1,-1,-1,-1,-1],"split_conditions":[9.0150964E-1,4.9966386E-1,1E0,2.0006132E-1,7.0104754E-1,4.1827393E-1,1.5930115E0,-8.312592E-1,-2.8111318E-1,-1.487915E-1,1.8963216E-1],"split_indices":[0,0,0,0,0,0,0,0,0,0,0],"split_type":[0,0,0,0,0,0,0,0,0,0,0],"sum_hessian":[9E0,7E0,2E0,3E0,4E0,1E0,1E0,1E0,2E0,2E0,2E0],"tree_param":{"num_deleted":"0","num_feature":"2","num_nodes":"11","size_leaf_vector":"1"}},{"base_weights":[1.5692871E0,-2.8151932E0,1.2738139E1,-5.916275E0,2.2871093E-1,3.9736024E-1,1.5133606E0,-7.896965E-1,-2.6237234E-1,-1.3887125E-1,1.7698975E-1],"categories":[],"categories_nodes":[],"categories_segments":[],"categories_sizes":[],"default_left":[0,0,0,0,0,0,0,0,0,0,0],"id":43,"left_children":[1,3,5,7,9,-1,-1,-1,-1,-1,-1],"loss_changes":[5.255564E2,7.68683E1,2.8505554E0,5.366638E0,1.4921635E1,0E0,0E0,0E0,0E0,0E0,0E0],"parents":[2147483647,0,0,1,1,2,2,3,3,4,4],"right_children":[2,4,6,8,10,-1,-1,-1,-1,-1,-1],"split_conditions":[9.0150964E-1,4.9966386E-1,1E0,2.0006132E-1,7.0104754E-1,3.9736024E-1,1.5133606E0,-7.896965E-1,-2.6237234E-1,-1.3887125E-1,1.7698975E-1],"split_indices":[0,0,0,0,0,0,0,0,0,0,0],"split_type":[0,0,0,0,0,0,0,0,0,0,0],"sum_hessian":[9E0,7E0,2E0,3E0,4E0,1E0,1E0,1E0,2E0,2E0,2E0],"tree_param":{"num_deleted":"0","num_feature":"2","num_nodes":"11","size_leaf_vector":"1"}},{"base_weights":[1.5020386E0,-2.6604156E0,1.2101237E1,-5.5876617E0,2.1346435E-1,3.774933E-1,1.4376923E0,-7.5021136E-1,-2.4488068E-1,-1.2961222E-1,1.6518961E-1],"categories":[],"categories_nodes":[],"categories_segments":[],"categories_sizes":[],"default_left":[0,0,0,0,0,0,0,0,0,0,0],"id":44,"left_children":[1,3,5,7,9,-1,-1,-1,-1,-1,-1],"loss_changes":[4.7338113E2,6.84932E1,2.572235E0,5.6655197E0,1.2998245E1,0E0,0E0,0E0,0E0,0E0,0E0],"parents":[2147483647,0,0,1,1,2,2,3,3,4,4],"right_children":[2,4,6,8,10,-1,-1,-1,-1,-1,-1],"split_conditions":[9.0150964E-1,4.9966386E-1,1E0,2.0006132E-1,7.0104754E-1,3.774933E-1,1.4376923E0,-7.5021136E-1,-2.4488068E-1,-1.2961222E-1,1.6518961E-1],"split_indices":[0,0,0,0,0,0,0,0,0,0,0],"split_type":[0,0,0,0,0,0,0,0,0,0,0],"sum_hessian":[9E0,7E0,2E0,3E0,4E0,1E0,1E0,1E0,2E0,2E0,2E0],"tree_param":{"num_deleted":"0","num_feature":"2","num_nodes":"11","size_leaf_vector":"1"}},{"base_weights":[1.4374008E0,-2.5143147E0,1.1496175E1,-5.277668E0,1.9923095E-1,3.5861817E-1,1.3658081E0,-7.1270066E-1,-2.285553E-1,-1.2097168E-1,1.5417685E-1],"categories":[],"categories_nodes":[],"categories_segments":[],"categories_sizes":[],"default_left":[0,0,0,0,0,0,0,0,0,0,0],"id":45,"left_children":[1,3,5,7,9,-1,-1,-1,-1,-1,-1],"loss_changes":[4.263991E2,6.1039352E1,2.3216553E0,5.844589E0,1.1322927E1,0E0,0E0,0E0,0E0,0E0,0E0],"parents":[2147483647,0,0,1,1,2,2,3,3,4,4],"right_children":[2,4,6,8,10,-1,-1,-1,-1,-1,-1],"split_conditions":[9.0150964E-1,4.9966386E-1,1E0,2.0006132E-1,7.0104754E-1,3.5861817E-1,1.3658081E0,-7.1270066E-1,-2.285553E-1,-1.2097168E-1,1.5417685E-1],"split_indices":[0,0,0,0,0,0,0,0,0,0,0],"split_type":[0,0,0,0,0,0,0,0,0,0,0],"sum_hessian":[9E0,7E0,2E0,3E0,4E0,1E0,1E0,1E0,2E0,2E0,2E0],"tree_param":{"num_deleted":"0","num_feature":"2","num_nodes":"11","size_leaf_vector":"1"}},{"base_weights":[1.3753006E0,-2.3763866E0,1.0921367E1,-4.9852104E0,1.8594971E-1,3.4068605E-1,1.297519E0,-6.770653E-1,-2.1331787E-1,-1.12906896E-1,1.4389852E0,4.1783143E-2,1.7406464E-1],"categories":[],"categories_nodes":[],"categories_segments":[],"categories_sizes":[],"default_left":[0,0,0,0,0,0,0,0,0,0,0,0,0],"id":46,"left_children":[1,3,5,7,9,-1,-1,-1,-1,-1,11,-1,-1],"loss_changes":[3.8409192E2,5.4404476E1,2.0957031E0,5.925537E0,9.863538E0,0E0,0E0,0E0,0E0,0E0,1.9683123E-1,0E0,0E0],"parents":[2147483647,0,0,1,1,2,2,3,3,4,4,10,10],"right_children":[2,4,6,8,10,-1,-1,-1,-1,-1,12,-1,-1],"split_conditions":[9.0150964E-1,4.9966386E-1,1E0,2.0006132E-1,7.0104754E-1,3.4068605E-1,1.297519E0,-6.770653E-1,-2.1331787E-1,-1.12906896E-1,7.9871607E-1,4.1783143E-2,1.7406464E-1],"split_indices":[0,0,0,0,0,0,0,0,0,0,0,0,0],"split_type":[0,0,0,0,0,0,0,0,0,0,0,0,0],"sum_hessian":[9E0,7E0,2E0,3E0,4E0,1E0,1E0,1E0,2E0,2E0,2E0,1E0,1E0],"tree_param":{"num_deleted":"0","num_feature":"2","num_nodes":"13","size_leaf_vector":"1"}},{"base_weights":[1.3228439E0,-2.237177E0,1.0375285E1,-4.7092857E0,1.8794556E-1,3.2365113E-1,1.2326416E0,-6.4321214E-1,-1.9909668E-1,-1.0537924E-1,1.3670349E0,3.9694216E-2,1.6536103E-1],"categories":[],"categories_nodes":[],"categories_segments":[],"categories_sizes":[],"default_left":[0,0,0,0,0,0,0,0,0,0,0,0,0],"id":47,"left_children":[1,3,5,7,9,-1,-1,-1,-1,-1,11,-1,-1],"loss_changes":[3.454801E2,4.8846424E1,1.8914795E0,5.9267273E0,8.76117E0,0E0,0E0,0E0,0E0,0E0,1.7762613E-1,0E0,0E0],"parents":[2147483647,0,0,1,1,2,2,3,3,4,4,10,10],"right_children":[2,4,6,8,10,-1,-1,-1,-1,-1,12,-1,-1],"split_conditions":[9.0150964E-1,4.9966386E-1,1E0,2.0006132E-1,7.0104754E-1,3.2365113E-1,1.2326416E0,-6.4321214E-1,-1.9909668E-1,-1.0537924E-1,7.9871607E-1,3.9694216E-2,1.6536103E-1],"split_indices":[0,0,0,0,0,0,0,0,0,0,0,0,0],"split_type":[0,0,0,0,0,0,0,0,0,0,0,0,0],"sum_hessian":[9E0,7E0,2E0,3E0,4E0,1E0,1E0,1E0,2E0,2E0,2E0,1E0,1E0],"tree_param":{"num_deleted":"0","num_feature":"2","num_nodes":"13","size_leaf_vector":"1"}},{"base_weights":[1.2719193E0,-2.1062908E0,9.856506E0,-4.4489326E0,1.890808E-1,3.0746767E-1,1.1710083E0,-6.110512E-1,-1.8582357E-1,-9.835409E-2,1.2986755E0,3.7709046E-2,1.5709229E-1],"categories":[],"categories_nodes":[],"categories_segments":[],"categories_sizes":[],"default_left":[0,0,0,0,0,0,0,0,0,0,0,0,0],"id":48,"left_children":[1,3,5,7,9,-1,-1,-1,-1,-1,11,-1,-1],"loss_changes":[3.1076605E2,4.3859074E1,1.7071838E0,5.863823E0,7.782975E0,0E0,0E0,0E0,0E0,0E0,1.6031694E-1,0E0,0E0],"parents":[2147483647,0,0,1,1,2,2,3,3,4,4,10,10],"right_children":[2,4,6,8,10,-1,-1,-1,-1,-1,12,-1,-1],"split_conditions":[9.0150964E-1,4.9966386E-1,1E0,2.0006132E-1,7.0104754E-1,3.0746767E-1,1.1710083E0,-6.110512E-1,-1.8582357E-1,-9.835409E-2,7.9871607E-1,3.7709046E-2,1.5709229E-1],"split_indices":[0,0,0,0,0,0,0,0,0,0,0,0,0],"split_type":[0,0,0,0,0,0,0,0,0,0,0,0,0],"sum_hessian":[9E0,7E0,2E0,3E0,4E0,1E0,1E0,1E0,2E0,2E0,2E0,1E0,1E0],"tree_param":{"num_deleted":"0","num_feature":"2","num_nodes":"13","size_leaf_vector":"1"}},{"base_weights":[1.2225266E0,-1.9832172E0,9.3636675E0,-4.2032585E0,1.8945923E-1,2.920929E-1,1.1124573E0,-5.804985E-1,-1.7343546E-1,-9.1796875E-2,1.2337341E0,3.582306E-2,1.4923707E-1],"categories":[],"categories_nodes":[],"categories_segments":[],"categories_sizes":[],"default_left":[0,0,0,0,0,0,0,0,0,0,0,0,0],"id":49,"left_children":[1,3,5,7,9,-1,-1,-1,-1,-1,11,-1,-1],"loss_changes":[2.7955432E2,3.9383797E1,1.5410767E0,5.7501373E0,6.914826E0,0E0,0E0,0E0,0E0,0E0,1.4469862E-1,0E0,0E0],"parents":[2147483647,0,0,1,1,2,2,3,3,4,4,10,10],"right_children":[2,4,6,8,10,-1,-1,-1,-1,-1,12,-1,-1],"split_conditions":[9.0150964E-1,4.9966386E-1,1E0,2.0006132E-1,7.0104754E-1,2.920929E-1,1.1124573E0,-5.804985E-1,-1.7343546E-1,-9.1796875E-2,7.9871607E-1,3.582306E-2,1.4923707E-1],"split_indices":[0,0,0,0,0,0,0,0,0,0,0,0,0],"split_type":[0,0,0,0,0,0,0,0,0,0,0,0,0],"sum_hessian":[9E0,7E0,2E0,3E0,4E0,1E0,1E0,1E0,2E0,2E0,2E0,1E0,1E0],"tree_param":{"num_deleted":"0","num_feature":"2","num_nodes":"13","size_leaf_vector":"1"}},{"base_weights":[1.1746628E0,-1.8674793E0,8.895488E0,-3.5110383E0,6.538391E-1,2.774872E-1,1.056836E0,-5.5147326E-1,-1.6314316E-1,-4.5039367E-2,1.172048E0,3.4031678E-2,1.4177552E-1],"categories":[],"categories_nodes":[],"categories_segments":[],"categories_sizes":[],"default_left":[0,0,0,0,0,0,0,0,0,0,0,0,0],"id":50,"left_children":[1,3,5,7,9,-1,-1,-1,-1,-1,11,-1,-1],"loss_changes":[2.5149062E2,3.5447136E1,1.391159E0,9.833881E0,2.8167753E0,0E0,0E0,0E0,0E0,0E0,1.3060093E-1,0E0,0E0],"parents":[2147483647,0,0,1,1,2,2,3,3,4,4,10,10],"right_children":[2,4,6,8,10,-1,-1,-1,-1,-1,12,-1,-1],"split_conditions":[9.0150964E-1,5.999623E-1,1E0,2.0006132E-1,7.0104754E-1,2.774872E-1,1.056836E0,-5.5147326E-1,-1.6314316E-1,-4.5039367E-2,7.9871607E-1,3.4031678E-2,1.4177552E-1],"split_indices":[0,0,0,0,0,0,0,0,0,0,0,0,0],"split_type":[0,0,0,0,0,0,0,0,0,0,0,0,0],"sum_hessian":[9E0,7E0,2E0,4E0,3E0,1E0,1E0,1E0,3E0,1E0,2E0,1E0,1E0],"tree_param":{"num_deleted":"0","num_feature":"2","num_nodes":"13","size_leaf_vector":"1"}},{"base_weights":[1.1322479E0,-1.7537117E0,8.450725E0,-4.346125E0,-1.6521962E-1,2.636139E-1,1.0039948E0,-5.2389985E-1,-1.2801896E-1,-1.08291246E-1,1.113444E0,3.2330323E-2,1.3468628E-1],"categories":[],"categories_nodes":[],"categories_segments":[],"categories_sizes":[],"default_left":[0,0,0,0,0,0,0,0,0,0,0,0,0],"id":51,"left_children":[1,3,5,7,9,-1,-1,-1,-1,-1,11,-1,-1],"loss_changes":[2.260284E2,3.2226162E1,1.2553253E0,1.5055618E0,8.246285E0,0E0,0E0,0E0,0E0,0E0,1.17856026E-1,0E0,0E0],"parents":[2147483647,0,0,1,1,2,2,3,3,4,4,10,10],"right_children":[2,4,6,8,10,-1,-1,-1,-1,-1,12,-1,-1],"split_conditions":[9.0150964E-1,2.9967272E-1,1E0,2.0006132E-1,7.0104754E-1,2.636139E-1,1.0039948E0,-5.2389985E-1,-1.2801896E-1,-1.08291246E-1,7.9871607E-1,3.2330323E-2,1.3468628E-1],"split_indices":[0,0,0,0,0,0,0,0,0,0,0,0,0],"split_type":[0,0,0,0,0,0,0,0,0,0,0,0,0],"sum_hessian":[9E0,7E0,2E0,2E0,5E0,1E0,1E0,1E0,1E0,3E0,2E0,1E0,1E0],"tree_param":{"num_deleted":"0","num_feature":"2","num_nodes":"13","size_leaf_vector":"1"}},{"base_weights":[1.086467E0,-1.6524906E0,8.028198E0,-4.12882E0,-1.3891093E-1,2.5043336E-1,9.537964E-1,-4.9770507E-1,-1.2161789E-1,-1.00170135E-1,1.0577799E0,3.0714417E-2,1.2795258E-1],"categories":[],"categories_nodes":[],"categories_segments":[],"categories_sizes":[],"default_left":[0,0,0,0,0,0,0,0,0,0,0,0,0],"id":52,"left_children":[1,3,5,7,9,-1,-1,-1,-1,-1,11,-1,-1],"loss_changes":[2.0339758E2,2.9411434E1,1.1329803E0,1.3587914E0,7.25454E0,0E0,0E0,0E0,0E0,0E0,1.0635233E-1,0E0,0E0],"parents":[2147483647,0,0,1,1,2,2,3,3,4,4,10,10],"right_children":[2,4,6,8,10,-1,-1,-1,-1,-1,12,-1,-1],"split_conditions":[9.0150964E-1,2.9967272E-1,1E0,2.0006132E-1,7.0104754E-1,2.5043336E-1,9.537964E-1,-4.9770507E-1,-1.2161789E-1,-1.00170135E-1,7.9871607E-1,3.0714417E-2,1.2795258E-1],"split_indices":[0,0,0,0,0,0,0,0,0,0,0,0,0],"split_type":[0,0,0,0,0,0,0,0,0,0,0,0,0],"sum_hessian":[9E0,7E0,2E0,2E0,5E0,1E0,1E0,1E0,1E0,3E0,2E0,1E0,1E0],"tree_param":{"num_deleted":"0","num_feature":"2","num_nodes":"13","size_leaf_vector":"1"}},{"base_weights":[1.04216E0,-1.5573463E0,7.6267905E0,-3.9223785E0,-1.1527252E-1,2.3791198E-1,9.061066E-1,-4.7281954E-1,-1.1553726E-1,-9.265786E-2,1.004893E0,2.9179383E-2,1.2155457E-1],"categories":[],"categories_nodes":[],"categories_segments":[],"categories_sizes":[],"default_left":[0,0,0,0,0,0,0,0,0,0,0,0,0],"id":53,"left_children":[1,3,5,7,9,-1,-1,-1,-1,-1,11,-1,-1],"loss_changes":[1.8304543E2,2.683227E1,1.0224609E0,1.2262688E0,6.383894E0,0E0,0E0,0E0,0E0,0E0,9.596014E-2,0E0,0E0],"parents":[2147483647,0,0,1,1,2,2,3,3,4,4,10,10],"right_children":[2,4,6,8,10,-1,-1,-1,-1,-1,12,-1,-1],"split_conditions":[9.0150964E-1,2.9967272E-1,1E0,2.0006132E-1,7.0104754E-1,2.3791198E-1,9.061066E-1,-4.7281954E-1,-1.1553726E-1,-9.265786E-2,7.9871607E-1,2.9179383E-2,1.2155457E-1],"split_indices":[0,0,0,0,0,0,0,0,0,0,0,0,0],"split_type":[0,0,0,0,0,0,0,0,0,0,0,0,0],"sum_hessian":[9E0,7E0,2E0,2E0,5E0,1E0,1E0,1E0,1E0,3E0,2E0,1E0,1E0],"tree_param":{"num_deleted":"0","num_feature":"2","num_nodes":"13","size_leaf_vector":"1"}},{"base_weights":[9.993149E-1,-1.4678974E0,7.245443E0,-3.7262573E0,-9.4067894E-2,2.2601624E-1,8.608002E-1,-4.491783E-1,-1.09760284E-1,-8.5709E-2,9.546509E-1,2.7720643E-2,1.1547699E-1],"categories":[],"categories_nodes":[],"categories_segments":[],"categories_sizes":[],"default_left":[0,0,0,0,0,0,0,0,0,0,0,0,0],"id":54,"left_children":[1,3,5,7,9,-1,-1,-1,-1,-1,11,-1,-1],"loss_changes":[1.647408E2,2.447029E1,9.2274475E-1,1.1067162E0,5.6193957E0,0E0,0E0,0E0,0E0,0E0,8.659887E-2,0E0,0E0],"parents":[2147483647,0,0,1,1,2,2,3,3,4,4,10,10],"right_children":[2,4,6,8,10,-1,-1,-1,-1,-1,12,-1,-1],"split_conditions":[9.0150964E-1,2.9967272E-1,1E0,2.0006132E-1,7.0104754E-1,2.2601624E-1,8.608002E-1,-4.491783E-1,-1.09760284E-1,-8.5709E-2,7.9871607E-1,2.7720643E-2,1.1547699E-1],"split_indices":[0,0,0,0,0,0,0,0,0,0,0,0,0],"split_type":[0,0,0,0,0,0,0,0,0,0,0,0,0],"sum_hessian":[9E0,7E0,2E0,2E0,5E0,1E0,1E0,1E0,1E0,3E0,2E0,1E0,1E0],"tree_param":{"num_deleted":"0","num_feature":"2","num_nodes":"13","size_leaf_vector":"1"}},{"base_weights":[9.5792544E-1,-1.3837852E0,6.8831787E0,-3.5399475E0,-7.507324E-2,2.1471559E-1,8.1776124E-1,-4.2671967E-1,-1.0427246E-1,-7.928009E-1,9.069214E-1,-9.007569E-2,-2.3446655E-2,2.6335144E-2,1.09703064E-1],"categories":[],"categories_nodes":[],"categories_segments":[],"categories_sizes":[],"default_left":[0,0,0,0,0,0,0,0,0,0,0,0,0,0,0],"id":55,"left_children":[1,3,5,7,9,-1,-1,-1,-1,11,13,-1,-1,-1,-1],"loss_changes":[1.4827713E2,2.2308609E1,8.327942E-1,9.987984E-1,4.9478364E0,0E0,0E0,0E0,0E0,2.9904842E-2,7.8140974E-2,0E0,0E0,0E0,0E0],"parents":[2147483647,0,0,1,1,2,2,3,3,4,4,9,9,10,10],"right_children":[2,4,6,8,10,-1,-1,-1,-1,12,14,-1,-1,-1,-1],"split_conditions":[9.0150964E-1,2.9967272E-1,1E0,2.0006132E-1,7.0104754E-1,2.1471559E-1,8.1776124E-1,-4.2671967E-1,-1.0427246E-1,5.999623E-1,7.9871607E-1,-9.007569E-2,-2.3446655E-2,2.6335144E-2,1.09703064E-1],"split_indices":[0,0,0,0,0,0,0,0,0,0,0,0,0,0,0],"split_type":[0,0,0,0,0,0,0,0,0,0,0,0,0,0,0],"sum_hessian":[9E0,7E0,2E0,2E0,5E0,1E0,1E0,1E0,1E0,3E0,2E0,2E0,1E0,1E0,1E0],"tree_param":{"num_deleted":"0","num_feature":"2","num_nodes":"15","size_leaf_vector":"1"}},{"base_weights":[9.14534E-1,-1.3089657E0,6.539022E0,-3.3629456E0,-6.38148E-2,2.0397949E-1,7.7687377E-1,-4.0538332E-1,-9.905853E-2,-7.419014E-1,8.6157227E-1,-8.407033E-2,-2.2274781E-2,2.501831E-2,1.0421753E-1],"categories":[],"categories_nodes":[],"categories_segments":[],"categories_sizes":[],"default_left":[0,0,0,0,0,0,0,0,0,0,0,0,0,0,0],"id":56,"left_children":[1,3,5,7,9,-1,-1,-1,-1,11,13,-1,-1,-1,-1],"loss_changes":[1.3361981E2,2.024551E1,7.516937E-1,9.0143204E-1,4.4041567E0,0E0,0E0,0E0,0E0,1.7908812E-2,7.0521355E-2,0E0,0E0,0E0,0E0],"parents":[2147483647,0,0,1,1,2,2,3,3,4,4,9,9,10,10],"right_children":[2,4,6,8,10,-1,-1,-1,-1,12,14,-1,-1,-1,-1],"split_conditions":[9.0150964E-1,2.9967272E-1,1E0,2.0006132E-1,7.0104754E-1,2.0397949E-1,7.7687377E-1,-4.0538332E-1,-9.905853E-2,5.999623E-1,7.9871607E-1,-8.407033E-2,-2.2274781E-2,2.501831E-2,1.0421753E-1],"split_indices":[0,0,0,0,0,0,0,0,0,0,0,0,0,0,0],"split_type":[0,0,0,0,0,0,0,0,0,0,0,0,0,0,0],"sum_hessian":[9E0,7E0,2E0,2E0,5E0,1E0,1E0,1E0,1E0,3E0,2E0,2E0,1E0,1E0,1E0],"tree_param":{"num_deleted":"0","num_feature":"2","num_nodes":"15","size_leaf_vector":"1"}},{"base_weights":[8.730133E-1,-1.2382622E0,6.2120767E0,-3.1947987E0,-5.361684E-2,1.9378053E-1,7.38031E-1,-3.8511428E-1,-9.4105534E-2,-6.94294E-1,8.1849164E-1,-7.8465275E-2,-2.116089E-2,2.376709E-2,9.900665E-2],"categories":[],"categories_nodes":[],"categories_segments":[],"categories_sizes":[],"default_left":[0,0,0,0,0,0,0,0,0,0,0,0,0,0,0],"id":57,"left_children":[1,3,5,7,9,-1,-1,-1,-1,11,13,-1,-1,-1,-1],"loss_changes":[1.2041452E2,1.837112E1,6.784363E-1,8.1355476E-1,3.9207134E0,0E0,0E0,0E0,0E0,8.419871E-3,6.3652754E-2,0E0,0E0,0E0,0E0],"parents":[2147483647,0,0,1,1,2,2,3,3,4,4,9,9,10,10],"right_children":[2,4,6,8,10,-1,-1,-1,-1,12,14,-1,-1,-1,-1],"split_conditions":[9.0150964E-1,2.9967272E-1,1E0,2.0006132E-1,7.0104754E-1,1.9378053E-1,7.38031E-1,-3.8511428E-1,-9.4105534E-2,5.999623E-1,7.9871607E-1,-7.8465275E-2,-2.116089E-2,2.376709E-2,9.900665E-2],"split_indices":[0,0,0,0,0,0,0,0,0,0,0,0,0,0,0],"split_type":[0,0,0,0,0,0,0,0,0,0,0,0,0,0,0],"sum_hessian":[9E0,7E0,2E0,2E0,5E0,1E0,1E0,1E0,1E0,3E0,2E0,2E0,1E0,1E0,1E0],"tree_param":{"num_deleted":"0","num_feature":"2","num_nodes":"15","size_leaf_vector":"1"}},{"base_weights":[8.332825E-1,-1.1714478E0,5.9014688E0,-3.0350597E0,-4.440053E-2,1.840912E-1,7.0112914E-1,-3.6585847E-1,-8.9400485E-2,-6.4977646E-1,7.7756757E-1,-7.323456E-2,-2.0103455E-2,2.2578431E-2,9.40567E-2],"categories":[],"categories_nodes":[],"categories_segments":[],"categories_sizes":[],"default_left":[0,0,0,0,0,0,0,0,0,0,0,0,0,0,0],"id":58,"left_children":[1,3,5,7,9,-1,-1,-1,-1,11,13,-1,-1,-1,-1],"loss_changes":[1.0851672E2,1.666827E1,6.123276E-1,7.342129E-1,3.4908433E0,0E0,0E0,0E0,0E0,9.821653E-4,5.7455897E-2,0E0,0E0,0E0,0E0],"parents":[2147483647,0,0,1,1,2,2,3,3,4,4,9,9,10,10],"right_children":[2,4,6,8,10,-1,-1,-1,-1,12,14,-1,-1,-1,-1],"split_conditions":[9.0150964E-1,2.9967272E-1,1E0,2.0006132E-1,7.0104754E-1,1.840912E-1,7.0112914E-1,-3.6585847E-1,-8.9400485E-2,5.999623E-1,7.9871607E-1,-7.323456E-2,-2.0103455E-2,2.2578431E-2,9.40567E-2],"split_indices":[0,0,0,0,0,0,0,0,0,0,0,0,0,0,0],"split_type":[0,0,0,0,0,0,0,0,0,0,0,0,0,0,0],"sum_hessian":[9E0,7E0,2E0,2E0,5E0,1E0,1E0,1E0,1E0,3E0,2E0,2E0,1E0,1E0,1E0],"tree_param":{"num_deleted":"0","num_feature":"2","num_nodes":"15","size_leaf_vector":"1"}},{"base_weights":[7.952835E-1,-1.1082973E0,5.606405E0,-2.8833058E0,-3.6076862E-2,1.7488709E-1,6.660736E-1,-3.4756547E-1,-8.493042E-2,-6.081314E-2,7.386882E-1,2.144928E-2,8.935394E-2],"categories":[],"categories_nodes":[],"categories_segments":[],"categories_sizes":[],"default_left":[0,0,0,0,0,0,0,0,0,0,0,0,0],"id":59,"left_children":[1,3,5,7,9,-1,-1,-1,-1,-1,11,-1,-1],"loss_changes":[9.779714E1,1.5121584E1,5.525894E-1,6.6262436E-1,3.1084666E0,0E0,0E0,0E0,0E0,0E0,5.185926E-2,0E0,0E0],"parents":[2147483647,0,0,1,1,2,2,3,3,4,4,10,10],"right_children":[2,4,6,8,10,-1,-1,-1,-1,-1,12,-1,-1],"split_conditions":[9.0150964E-1,2.9967272E-1,1E0,2.0006132E-1,7.0104754E-1,1.7488709E-1,6.660736E-1,-3.4756547E-1,-8.493042E-2,-6.081314E-2,7.9871607E-1,2.144928E-2,8.935394E-2],"split_indices":[0,0,0,0,0,0,0,0,0,0,0,0,0],"split_type":[0,0,0,0,0,0,0,0,0,0,0,0,0],"sum_hessian":[9E0,7E0,2E0,2E0,5E0,1E0,1E0,1E0,1E0,3E0,2E0,1E0,1E0],"tree_param":{"num_deleted":"0","num_feature":"2","num_nodes":"13","size_leaf_vector":"1"}},{"base_weights":[7.6160276E-1,-1.0452805E0,5.3260903E0,-2.7391407E0,-2.4136862E-2,1.661438E-1,6.3276976E-1,-3.3018723E-1,-8.06839E-2,-5.625191E-1,7.017517E-1,-6.4298E-2,-1.6056824E-2,2.0376587E-2,8.488617E-2],"categories":[],"categories_nodes":[],"categories_segments":[],"categories_sizes":[],"default_left":[0,0,0,0,0,0,0,0,0,0,0,0,0,0,0],"id":60,"left_children":[1,3,5,7,9,-1,-1,-1,-1,11,13,-1,-1,-1,-1],"loss_changes":[8.804223E1,1.3771283E1,4.9855042E-1,5.9802246E-1,2.7395818E0,0E0,0E0,0E0,0E0,2.6123047E-2,4.680693E-2,0E0,0E0,0E0,0E0],"parents":[2147483647,0,0,1,1,2,2,3,3,4,4,9,9,10,10],"right_children":[2,4,6,8,10,-1,-1,-1,-1,12,14,-1,-1,-1,-1],"split_conditions":[9.0150964E-1,2.9967272E-1,1E0,2.0006132E-1,7.0104754E-1,1.661438E-1,6.3276976E-1,-3.3018723E-1,-8.06839E-2,5.999623E-1,7.9871607E-1,-6.4298E-2,-1.6056824E-2,2.0376587E-2,8.488617E-2],"split_indices":[0,0,0,0,0,0,0,0,0,0,0,0,0,0,0],"split_type":[0,0,0,0,0,0,0,0,0,0,0,0,0,0,0],"sum_hessian":[9E0,7E0,2E0,2E0,5E0,1E0,1E0,1E0,1E0,3E0,2E0,2E0,1E0,1E0,1E0],"tree_param":{"num_deleted":"0","num_feature":"2","num_nodes":"15","size_leaf_vector":"1"}},{"base_weights":[7.26738E-1,-9.890003E-1,5.059794E0,-2.602183E0,-1.7575582E-2,1.5783691E-1,6.011322E-1,-3.13678E-1,-7.664948E-2,-5.2635574E-1,6.666565E-1,-6.0011294E-2,-1.5254212E-2,1.93573E-2,8.064117E-2],"categories":[],"categories_nodes":[],"categories_segments":[],"categories_sizes":[],"default_left":[0,0,0,0,0,0,0,0,0,0,0,0,0,0,0],"id":61,"left_children":[1,3,5,7,9,-1,-1,-1,-1,11,13,-1,-1,-1,-1],"loss_changes":[7.9348045E1,1.2490951E1,4.499359E-1,5.397339E-1,2.4396405E0,0E0,0E0,0E0,0E0,1.8743277E-2,4.224825E-2,0E0,0E0,0E0,0E0],"parents":[2147483647,0,0,1,1,2,2,3,3,4,4,9,9,10,10],"right_children":[2,4,6,8,10,-1,-1,-1,-1,12,14,-1,-1,-1,-1],"split_conditions":[9.0150964E-1,2.9967272E-1,1E0,2.0006132E-1,7.0104754E-1,1.5783691E-1,6.011322E-1,-3.13678E-1,-7.664948E-2,5.999623E-1,7.9871607E-1,-6.0011294E-2,-1.5254212E-2,1.93573E-2,8.064117E-2],"split_indices":[0,0,0,0,0,0,0,0,0,0,0,0,0,0,0],"split_type":[0,0,0,0,0,0,0,0,0,0,0,0,0,0,0],"sum_hessian":[9E0,7E0,2E0,2E0,5E0,1E0,1E0,1E0,1E0,3E0,2E0,2E0,1E0,1E0,1E0],"tree_param":{"num_deleted":"0","num_feature":"2","num_nodes":"15","size_leaf_vector":"1"}},{"base_weights":[6.934021E-1,-9.3579865E-1,4.806803E0,-2.4720764E0,-1.1693318E-2,1.4994507E-1,5.7107544E-1,-2.9799423E-1,-7.281723E-2,-4.9253845E-1,6.333313E-1,-5.6010943E-2,-1.4491272E-2,1.8389894E-2,7.6609805E-2],"categories":[],"categories_nodes":[],"categories_segments":[],"categories_sizes":[],"default_left":[0,0,0,0,0,0,0,0,0,0,0,0,0,0,0],"id":62,"left_children":[1,3,5,7,9,-1,-1,-1,-1,11,13,-1,-1,-1,-1],"loss_changes":[7.151376E1,1.1328554E1,4.0605927E-1,4.870968E-1,2.1728818E0,0E0,0E0,0E0,0E0,1.279074E-2,3.8124442E-2,0E0,0E0,0E0,0E0],"parents":[2147483647,0,0,1,1,2,2,3,3,4,4,9,9,10,10],"right_children":[2,4,6,8,10,-1,-1,-1,-1,12,14,-1,-1,-1,-1],"split_conditions":[9.0150964E-1,2.9967272E-1,1E0,2.0006132E-1,7.0104754E-1,1.4994507E-1,5.7107544E-1,-2.9799423E-1,-7.281723E-2,5.999623E-1,7.9871607E-1,-5.6010943E-2,-1.4491272E-2,1.8389894E-2,7.6609805E-2],"split_indices":[0,0,0,0,0,0,0,0,0,0,0,0,0,0,0],"split_type":[0,0,0,0,0,0,0,0,0,0,0,0,0,0,0],"sum_hessian":[9E0,7E0,2E0,2E0,5E0,1E0,1E0,1E0,1E0,3E0,2E0,2E0,1E0,1E0,1E0],"tree_param":{"num_deleted":"0","num_feature":"2","num_nodes":"15","size_leaf_vector":"1"}},{"base_weights":[6.615326E-1,-8.855095E-1,4.5664673E0,-2.3484752E0,-6.441752E-3,1.424469E-1,5.425232E-1,-2.830948E-1,-6.917649E-2,-4.609108E-1,6.0166425E-1,-5.2277118E-2,-1.376648E-2,1.7469788E-2,7.277985E-2],"categories":[],"categories_nodes":[],"categories_segments":[],"categories_sizes":[],"default_left":[0,0,0,0,0,0,0,0,0,0,0,0,0,0,0],"id":63,"left_children":[1,3,5,7,9,-1,-1,-1,-1,11,13,-1,-1,-1,-1],"loss_changes":[6.4454636E1,1.0273241E1,3.6663437E-1,4.396019E-1,1.9355055E0,0E0,0E0,0E0,0E0,8.017361E-3,3.442049E-2,0E0,0E0,0E0,0E0],"parents":[2147483647,0,0,1,1,2,2,3,3,4,4,9,9,10,10],"right_children":[2,4,6,8,10,-1,-1,-1,-1,12,14,-1,-1,-1,-1],"split_conditions":[9.0150964E-1,2.9967272E-1,1E0,2.0006132E-1,7.0104754E-1,1.424469E-1,5.425232E-1,-2.830948E-1,-6.917649E-2,5.999623E-1,7.9871607E-1,-5.2277118E-2,-1.376648E-2,1.7469788E-2,7.277985E-2],"split_indices":[0,0,0,0,0,0,0,0,0,0,0,0,0,0,0],"split_type":[0,0,0,0,0,0,0,0,0,0,0,0,0,0,0],"sum_hessian":[9E0,7E0,2E0,2E0,5E0,1E0,1E0,1E0,1E0,3E0,2E0,2E0,1E0,1E0,1E0],"tree_param":{"num_deleted":"0","num_feature":"2","num_nodes":"15","size_leaf_vector":"1"}},{"base_weights":[6.310684E-1,-8.37965E-1,4.338135E0,-2.2310486E0,-1.7623901E-3,1.353241E-1,5.153961E-1,-2.6893997E-1,-6.571732E-2,-4.3133163E-1,5.7158405E-1,-4.8792016E-2,-1.3078309E-2,1.6596986E-2,6.914063E-2],"categories":[],"categories_nodes":[],"categories_segments":[],"categories_sizes":[],"default_left":[0,0,0,0,0,0,0,0,0,0,0,0,0,0,0],"id":64,"left_children":[1,3,5,7,9,-1,-1,-1,-1,11,13,-1,-1,-1,-1],"loss_changes":[5.8093246E1,9.315269E0,3.3091354E-1,3.9676285E-1,1.7242943E0,0E0,0E0,0E0,0E0,4.218638E-3,3.1052172E-2,0E0,0E0,0E0,0E0],"parents":[2147483647,0,0,1,1,2,2,3,3,4,4,9,9,10,10],"right_children":[2,4,6,8,10,-1,-1,-1,-1,12,14,-1,-1,-1,-1],"split_conditions":[9.0150964E-1,2.9967272E-1,1E0,2.0006132E-1,7.0104754E-1,1.353241E-1,5.153961E-1,-2.6893997E-1,-6.571732E-2,5.999623E-1,7.9871607E-1,-4.8792016E-2,-1.3078309E-2,1.6596986E-2,6.914063E-2],"split_indices":[0,0,0,0,0,0,0,0,0,0,0,0,0,0,0],"split_type":[0,0,0,0,0,0,0,0,0,0,0,0,0,0,0],"sum_hessian":[9E0,7E0,2E0,2E0,5E0,1E0,1E0,1E0,1E0,3E0,2E0,2E0,1E0,1E0,1E0],"tree_param":{"num_deleted":"0","num_feature":"2","num_nodes":"15","size_leaf_vector":"1"}},{"base_weights":[6.019577E-1,-7.9301643E-1,4.1212363E0,-2.1194966E0,2.3930867E-3,1.2855835E-1,4.896271E-1,-2.5549316E-1,-6.2431335E-2,-4.0365982E-1,5.4299927E-1,-4.553884E-2,-1.2423706E-2,1.5766907E-2,6.5682985E-2],"categories":[],"categories_nodes":[],"categories_segments":[],"categories_sizes":[],"default_left":[0,0,0,0,0,0,0,0,0,0,0,0,0,0,0],"id":65,"left_children":[1,3,5,7,9,-1,-1,-1,-1,11,13,-1,-1,-1,-1],"loss_changes":[5.2361233E1,8.445831E0,2.9862213E-1,3.5808754E-1,1.5362753E0,0E0,0E0,0E0,0E0,1.2404919E-3,2.802533E-2,0E0,0E0,0E0,0E0],"parents":[2147483647,0,0,1,1,2,2,3,3,4,4,9,9,10,10],"right_children":[2,4,6,8,10,-1,-1,-1,-1,12,14,-1,-1,-1,-1],"split_conditions":[9.0150964E-1,2.9967272E-1,1E0,2.0006132E-1,7.0104754E-1,1.2855835E-1,4.896271E-1,-2.5549316E-1,-6.2431335E-2,5.999623E-1,7.9871607E-1,-4.553884E-2,-1.2423706E-2,1.5766907E-2,6.5682985E-2],"split_indices":[0,0,0,0,0,0,0,0,0,0,0,0,0,0,0],"split_type":[0,0,0,0,0,0,0,0,0,0,0,0,0,0,0],"sum_hessian":[9E0,7E0,2E0,2E0,5E0,1E0,1E0,1E0,1E0,3E0,2E0,2E0,1E0,1E0,1E0],"tree_param":{"num_deleted":"0","num_feature":"2","num_nodes":"15","size_leaf_vector":"1"}},{"base_weights":[5.7413787E-1,-7.505207E-1,3.9151814E0,-2.0135193E0,6.0653687E-3,1.2213135E-1,4.651459E-1,-2.427185E-1,-5.930939E-2,-3.7778854E-2,5.158488E-1,1.4978028E-2,6.2399294E-2],"categories":[],"categories_nodes":[],"categories_segments":[],"categories_sizes":[],"default_left":[0,0,0,0,0,0,0,0,0,0,0,0,0],"id":66,"left_children":[1,3,5,7,9,-1,-1,-1,-1,-1,11,-1,-1],"loss_changes":[4.7195847E1,7.6567492E0,2.69413E-1,3.2319546E-1,1.3689759E0,0E0,0E0,0E0,0E0,0E0,2.5302589E-2,0E0,0E0],"parents":[2147483647,0,0,1,1,2,2,3,3,4,4,10,10],"right_children":[2,4,6,8,10,-1,-1,-1,-1,-1,12,-1,-1],"split_conditions":[9.0150964E-1,2.9967272E-1,1E0,2.0006132E-1,7.0104754E-1,1.2213135E-1,4.651459E-1,-2.427185E-1,-5.930939E-2,-3.7778854E-2,7.9871607E-1,1.4978028E-2,6.2399294E-2],"split_indices":[0,0,0,0,0,0,0,0,0,0,0,0,0],"split_type":[0,0,0,0,0,0,0,0,0,0,0,0,0],"sum_hessian":[9E0,7E0,2E0,2E0,5E0,1E0,1E0,1E0,1E0,3E0,2E0,1E0,1E0],"tree_param":{"num_deleted":"0","num_feature":"2","num_nodes":"13","size_leaf_vector":"1"}},{"base_weights":[5.4920805E-1,-7.0827293E-1,3.7194214E0,-1.9128418E0,1.2056987E-2,1.16024785E-1,4.4188842E-1,-2.3058243E-1,-5.6343842E-2,-3.4945297E-1,4.9005127E-1,-3.998464E-2,-9.913635E-3,1.4228821E-2,5.9278872E-2],"categories":[],"categories_nodes":[],"categories_segments":[],"categories_sizes":[],"default_left":[0,0,0,0,0,0,0,0,0,0,0,0,0,0,0],"id":67,"left_children":[1,3,5,7,9,-1,-1,-1,-1,11,13,-1,-1,-1,-1],"loss_changes":[4.249919E1,6.9645596E0,2.4314117E-1,2.916851E-1,1.208048E0,0E0,0E0,0E0,0E0,1.0817945E-2,2.2838056E-2,0E0,0E0,0E0,0E0],"parents":[2147483647,0,0,1,1,2,2,3,3,4,4,9,9,10,10],"right_children":[2,4,6,8,10,-1,-1,-1,-1,12,14,-1,-1,-1,-1],"split_conditions":[9.0150964E-1,2.9967272E-1,1E0,2.0006132E-1,7.0104754E-1,1.16024785E-1,4.4188842E-1,-2.3058243E-1,-5.6343842E-2,5.999623E-1,7.9871607E-1,-3.998464E-2,-9.913635E-3,1.4228821E-2,5.9278872E-2],"split_indices":[0,0,0,0,0,0,0,0,0,0,0,0,0,0,0],"split_type":[0,0,0,0,0,0,0,0,0,0,0,0,0,0,0],"sum_hessian":[9E0,7E0,2E0,2E0,5E0,1E0,1E0,1E0,1E0,3E0,2E0,2E0,1E0,1E0,1E0],"tree_param":{"num_deleted":"0","num_feature":"2","num_nodes":"15","size_leaf_vector":"1"}},{"base_weights":[5.2374727E-1,-6.7035866E-1,3.5334473E0,-1.8171997E0,1.478831E-2,1.1022339E-1,4.197937E-1,-2.1905366E-1,-5.352631E-2,-3.269844E-1,4.6555582E-1,-3.7319437E-2,-9.417725E-3,1.3517762E-2,5.6315612E-2],"categories":[],"categories_nodes":[],"categories_segments":[],"categories_sizes":[],"default_left":[0,0,0,0,0,0,0,0,0,0,0,0,0,0,0],"id":68,"left_children":[1,3,5,7,9,-1,-1,-1,-1,11,13,-1,-1,-1,-1],"loss_changes":[3.8307686E1,6.31291E0,2.1944046E-1,2.6326942E-1,1.0765897E0,0E0,0E0,0E0,0E0,7.885605E-3,2.0608962E-2,0E0,0E0,0E0,0E0],"parents":[2147483647,0,0,1,1,2,2,3,3,4,4,9,9,10,10],"right_children":[2,4,6,8,10,-1,-1,-1,-1,12,14,-1,-1,-1,-1],"split_conditions":[9.0150964E-1,2.9967272E-1,1E0,2.0006132E-1,7.0104754E-1,1.1022339E-1,4.197937E-1,-2.1905366E-1,-5.352631E-2,5.999623E-1,7.9871607E-1,-3.7319437E-2,-9.417725E-3,1.3517762E-2,5.6315612E-2],"split_indices":[0,0,0,0,0,0,0,0,0,0,0,0,0,0,0],"split_type":[0,0,0,0,0,0,0,0,0,0,0,0,0,0,0],"sum_hessian":[9E0,7E0,2E0,2E0,5E0,1E0,1E0,1E0,1E0,3E0,2E0,2E0,1E0,1E0,1E0],"tree_param":{"num_deleted":"0","num_feature":"2","num_nodes":"15","size_leaf_vector":"1"}},{"base_weights":[4.994278E-1,-6.345043E-1,3.3567708E0,-1.4832649E0,1.7140503E-1,1.0471191E-1,3.988037E-1,-2.081009E-1,-5.903473E-2,-1.5660604E-2,4.422811E-1,1.2841797E-2,5.3500365E-2],"categories":[],"categories_nodes":[],"categories_segments":[],"categories_sizes":[],"default_left":[0,0,0,0,0,0,0,0,0,0,0,0,0],"id":69,"left_children":[1,3,5,7,9,-1,-1,-1,-1,-1,11,-1,-1],"loss_changes":[3.4530212E1,5.726432E0,1.9806671E-1,9.064255E-1,5.135156E-1,0E0,0E0,0E0,0E0,0E0,1.860249E-2,0E0,0E0],"parents":[2147483647,0,0,1,1,2,2,3,3,4,4,10,10],"right_children":[2,4,6,8,10,-1,-1,-1,-1,-1,12,-1,-1],"split_conditions":[9.0150964E-1,4.9966386E-1,1E0,2.0006132E-1,7.0104754E-1,1.0471191E-1,3.988037E-1,-2.081009E-1,-5.903473E-2,-1.5660604E-2,7.9871607E-1,1.2841797E-2,5.3500365E-2],"split_indices":[0,0,0,0,0,0,0,0,0,0,0,0,0],"split_type":[0,0,0,0,0,0,0,0,0,0,0,0,0],"sum_hessian":[9E0,7E0,2E0,3E0,4E0,1E0,1E0,1E0,2E0,2E0,2E0,1E0,1E0],"tree_param":{"num_deleted":"0","num_feature":"2","num_nodes":"13","size_leaf_vector":"1"}},{"base_weights":[4.7818756E-1,-5.981121E-1,3.188924E0,-1.6372935E0,2.116394E-2,9.94751E-2,3.7886354E-1,-1.9769593E-1,-4.7898103E-2,-2.833786E-1,4.2016602E-1,-3.2341514E-2,-8.163452E-3,1.2199402E-2,5.0825503E-2],"categories":[],"categories_nodes":[],"categories_segments":[],"categories_sizes":[],"default_left":[0,0,0,0,0,0,0,0,0,0,0,0,0,0,0],"id":70,"left_children":[1,3,5,7,9,-1,-1,-1,-1,11,13,-1,-1,-1,-1],"loss_changes":[3.1082985E1,5.1829724E0,1.7886162E-1,2.3339176E-1,8.481447E-1,0E0,0E0,0E0,0E0,5.906701E-3,1.6792953E-2,0E0,0E0,0E0,0E0],"parents":[2147483647,0,0,1,1,2,2,3,3,4,4,9,9,10,10],"right_children":[2,4,6,8,10,-1,-1,-1,-1,12,14,-1,-1,-1,-1],"split_conditions":[9.0150964E-1,2.9967272E-1,1E0,2.0006132E-1,7.0104754E-1,9.94751E-2,3.7886354E-1,-1.9769593E-1,-4.7898103E-2,5.999623E-1,7.9871607E-1,-3.2341514E-2,-8.163452E-3,1.2199402E-2,5.0825503E-2],"split_indices":[0,0,0,0,0,0,0,0,0,0,0,0,0,0,0],"split_type":[0,0,0,0,0,0,0,0,0,0,0,0,0,0,0],"sum_hessian":[9E0,7E0,2E0,2E0,5E0,1E0,1E0,1E0,1E0,3E0,2E0,2E0,1E0,1E0,1E0],"tree_param":{"num_deleted":"0","num_feature":"2","num_nodes":"15","size_leaf_vector":"1"}},{"base_weights":[4.5589906E-1,-5.661812E-1,3.02948E0,-1.55543E0,2.2806803E-2,9.4500735E-2,3.5992128E-1,-1.8781129E-1,-4.5503236E-2,-2.651596E-1,3.9915976E-1,-3.0184938E-2,-7.754517E-3,1.158905E-2,4.8284914E-2],"categories":[],"categories_nodes":[],"categories_segments":[],"categories_sizes":[],"default_left":[0,0,0,0,0,0,0,0,0,0,0,0,0,0,0],"id":71,"left_children":[1,3,5,7,9,-1,-1,-1,-1,11,13,-1,-1,-1,-1],"loss_changes":[2.8019297E1,4.69672E0,1.614933E-1,2.1063566E-1,7.5610304E-1,0E0,0E0,0E0,0E0,4.1271746E-3,1.5162259E-2,0E0,0E0,0E0,0E0],"parents":[2147483647,0,0,1,1,2,2,3,3,4,4,9,9,10,10],"right_children":[2,4,6,8,10,-1,-1,-1,-1,12,14,-1,-1,-1,-1],"split_conditions":[9.0150964E-1,2.9967272E-1,1E0,2.0006132E-1,7.0104754E-1,9.4500735E-2,3.5992128E-1,-1.8781129E-1,-4.5503236E-2,5.999623E-1,7.9871607E-1,-3.0184938E-2,-7.754517E-3,1.158905E-2,4.8284914E-2],"split_indices":[0,0,0,0,0,0,0,0,0,0,0,0,0,0,0],"split_type":[0,0,0,0,0,0,0,0,0,0,0,0,0,0,0],"sum_hessian":[9E0,7E0,2E0,2E0,5E0,1E0,1E0,1E0,1E0,3E0,2E0,2E0,1E0,1E0,1E0],"tree_param":{"num_deleted":"0","num_feature":"2","num_nodes":"15","size_leaf_vector":"1"}},{"base_weights":[4.3461305E-1,-5.3598785E-1,2.878011E0,-1.4776611E0,2.4180094E-2,8.977661E-2,3.4192505E-1,-1.7842102E-1,-4.322815E-2,-2.481308E-1,3.7920126E-1,-2.8172811E-2,-7.3669436E-3,1.1009216E-2,4.587097E-2],"categories":[],"categories_nodes":[],"categories_segments":[],"categories_sizes":[],"default_left":[0,0,0,0,0,0,0,0,0,0,0,0,0,0,0],"id":72,"left_children":[1,3,5,7,9,-1,-1,-1,-1,11,13,-1,-1,-1,-1],"loss_changes":[2.5258223E1,4.2556915E0,1.4566994E-1,1.9009924E-1,6.7414826E-1,0E0,0E0,0E0,0E0,2.6910007E-3,1.3689011E-2,0E0,0E0,0E0,0E0],"parents":[2147483647,0,0,1,1,2,2,3,3,4,4,9,9,10,10],"right_children":[2,4,6,8,10,-1,-1,-1,-1,12,14,-1,-1,-1,-1],"split_conditions":[9.0150964E-1,2.9967272E-1,1E0,2.0006132E-1,7.0104754E-1,8.977661E-2,3.4192505E-1,-1.7842102E-1,-4.322815E-2,5.999623E-1,7.9871607E-1,-2.8172811E-2,-7.3669436E-3,1.1009216E-2,4.587097E-2],"split_indices":[0,0,0,0,0,0,0,0,0,0,0,0,0,0,0],"split_type":[0,0,0,0,0,0,0,0,0,0,0,0,0,0,0],"sum_hessian":[9E0,7E0,2E0,2E0,5E0,1E0,1E0,1E0,1E0,3E0,2E0,2E0,1E0,1E0,1E0],"tree_param":{"num_deleted":"0","num_feature":"2","num_nodes":"15","size_leaf_vector":"1"}},{"base_weights":[4.1428834E-1,-5.0743103E-1,2.7341106E0,-1.4037781E0,2.5314331E-2,8.5287474E-2,3.248291E-1,-1.6949998E-1,-4.1066743E-2,-2.3220825E-1,3.6023965E-1,-3.0215455E-2,-1.0817464E-2,1.0458374E-2,4.3577578E-2],"categories":[],"categories_nodes":[],"categories_segments":[],"categories_sizes":[],"default_left":[0,0,0,0,0,0,0,0,0,0,0,0,0,0,0],"id":73,"left_children":[1,3,5,7,9,-1,-1,-1,-1,11,13,-1,-1,-1,-1],"loss_changes":[2.2769623E1,3.8557336E0,1.3149834E-1,1.7156458E-1,6.011556E-1,0E0,0E0,0E0,0E0,2.0173043E-3,1.2358725E-2,0E0,0E0,0E0,0E0],"parents":[2147483647,0,0,1,1,2,2,3,3,4,4,9,9,10,10],"right_children":[2,4,6,8,10,-1,-1,-1,-1,12,14,-1,-1,-1,-1],"split_conditions":[9.0150964E-1,2.9967272E-1,1E0,2.0006132E-1,7.0104754E-1,8.5287474E-2,3.248291E-1,-1.6949998E-1,-4.1066743E-2,4.9966386E-1,7.9871607E-1,-3.0215455E-2,-1.0817464E-2,1.0458374E-2,4.3577578E-2],"split_indices":[0,0,0,0,0,0,0,0,0,0,0,0,0,0,0],"split_type":[0,0,0,0,0,0,0,0,0,0,0,0,0,0,0],"sum_hessian":[9E0,7E0,2E0,2E0,5E0,1E0,1E0,1E0,1E0,3E0,2E0,1E0,2E0,1E0,1E0],"tree_param":{"num_deleted":"0","num_feature":"2","num_nodes":"15","size_leaf_vector":"1"}},{"base_weights":[3.9411163E-1,-4.8139E-1,2.597412E0,-1.3335928E0,2.4943033E-2,8.102417E-2,3.0858764E-1,-1.6102524E-1,-3.9013673E-2,-2.1925354E-1,3.4222412E-1,-2.8704835E-2,-1.0097249E-2,9.934998E-3,4.1398622E-2],"categories":[],"categories_nodes":[],"categories_segments":[],"categories_sizes":[],"default_left":[0,0,0,0,0,0,0,0,0,0,0,0,0,0,0],"id":74,"left_children":[1,3,5,7,9,-1,-1,-1,-1,11,13,-1,-1,-1,-1],"loss_changes":[2.05403E1,3.4852512E0,1.18600845E-1,1.5482998E-1,5.399076E-1,0E0,0E0,0E0,0E0,3.091365E-3,1.11579E-2,0E0,0E0,0E0,0E0],"parents":[2147483647,0,0,1,1,2,2,3,3,4,4,9,9,10,10],"right_children":[2,4,6,8,10,-1,-1,-1,-1,12,14,-1,-1,-1,-1],"split_conditions":[9.0150964E-1,2.9967272E-1,1E0,2.0006132E-1,7.0104754E-1,8.102417E-2,3.0858764E-1,-1.6102524E-1,-3.9013673E-2,4.9966386E-1,7.9871607E-1,-2.8704835E-2,-1.0097249E-2,9.934998E-3,4.1398622E-2],"split_indices":[0,0,0,0,0,0,0,0,0,0,0,0,0,0,0],"split_type":[0,0,0,0,0,0,0,0,0,0,0,0,0,0,0],"sum_hessian":[9E0,7E0,2E0,2E0,5E0,1E0,1E0,1E0,1E0,3E0,2E0,1E0,2E0,1E0,1E0],"tree_param":{"num_deleted":"0","num_feature":"2","num_nodes":"15","size_leaf_vector":"1"}},{"base_weights":[3.749054E-1,-4.5669174E-1,2.4675293E0,-1.2669119E0,2.453359E-2,7.6971434E-2,2.9315796E-1,-1.5297394E-1,-3.7062835E-2,-2.0702744E-1,3.2510376E-1,-2.7269745E-2,-9.423829E-3,9.437561E-3,3.9328005E-2],"categories":[],"categories_nodes":[],"categories_segments":[],"categories_sizes":[],"default_left":[0,0,0,0,0,0,0,0,0,0,0,0,0,0,0],"id":75,"left_children":[1,3,5,7,9,-1,-1,-1,-1,11,13,-1,-1,-1,-1],"loss_changes":[1.8529102E1,3.1502693E0,1.0713577E-1,1.3973951E-1,4.8490742E-1,0E0,0E0,0E0,0E0,3.9289296E-3,1.0074496E-2,0E0,0E0,0E0,0E0],"parents":[2147483647,0,0,1,1,2,2,3,3,4,4,9,9,10,10],"right_children":[2,4,6,8,10,-1,-1,-1,-1,12,14,-1,-1,-1,-1],"split_conditions":[9.0150964E-1,2.9967272E-1,1E0,2.0006132E-1,7.0104754E-1,7.6971434E-2,2.9315796E-1,-1.5297394E-1,-3.7062835E-2,4.9966386E-1,7.9871607E-1,-2.7269745E-2,-9.423829E-3,9.437561E-3,3.9328005E-2],"split_indices":[0,0,0,0,0,0,0,0,0,0,0,0,0,0,0],"split_type":[0,0,0,0,0,0,0,0,0,0,0,0,0,0,0],"sum_hessian":[9E0,7E0,2E0,2E0,5E0,1E0,1E0,1E0,1E0,3E0,2E0,1E0,2E0,1E0,1E0],"tree_param":{"num_deleted":"0","num_feature":"2","num_nodes":"15","size_leaf_vector":"1"}},{"base_weights":[3.56633E-1,-4.332676E-1,2.344157E0,-1.0322075E0,1.3253784E-1,7.312317E-2,2.7850038E-1,-1.4532547E-1,-4.0744018E-2,-8.795166E-3,3.0884805E-1,8.966065E-3,3.7361145E-2],"categories":[],"categories_nodes":[],"categories_segments":[],"categories_sizes":[],"default_left":[0,0,0,0,0,0,0,0,0,0,0,0,0],"id":76,"left_children":[1,3,5,7,9,-1,-1,-1,-1,-1,11,-1,-1],"loss_changes":[1.6715109E1,2.8478744E0,9.667587E-2,4.6011162E-1,2.2153647E-1,0E0,0E0,0E0,0E0,0E0,9.087682E-3,0E0,0E0],"parents":[2147483647,0,0,1,1,2,2,3,3,4,4,10,10],"right_children":[2,4,6,8,10,-1,-1,-1,-1,-1,12,-1,-1],"split_conditions":[9.0150964E-1,4.9966386E-1,1E0,2.0006132E-1,7.0104754E-1,7.312317E-2,2.7850038E-1,-1.4532547E-1,-4.0744018E-2,-8.795166E-3,7.9871607E-1,8.966065E-3,3.7361145E-2],"split_indices":[0,0,0,0,0,0,0,0,0,0,0,0,0],"split_type":[0,0,0,0,0,0,0,0,0,0,0,0,0],"sum_hessian":[9E0,7E0,2E0,3E0,4E0,1E0,1E0,1E0,2E0,2E0,2E0,1E0,1E0],"tree_param":{"num_deleted":"0","num_feature":"2","num_nodes":"13","size_leaf_vector":"1"}},{"base_weights":[3.4127656E-1,-4.085102E-1,2.226949E0,-1.1415457E0,2.609253E-2,6.9467165E-2,2.645752E-1,-1.3805924E-1,-3.3172607E-2,-1.8091583E-1,2.9340616E-1,-2.0760091E-2,-5.04303E-3,8.517456E-3,3.549347E-2],"categories":[],"categories_nodes":[],"categories_segments":[],"categories_sizes":[],"default_left":[0,0,0,0,0,0,0,0,0,0,0,0,0,0,0],"id":77,"left_children":[1,3,5,7,9,-1,-1,-1,-1,11,13,-1,-1,-1,-1],"loss_changes":[1.5048255E1,2.5784192E0,8.723736E-2,1.22775555E-1,3.850988E-1,0E0,0E0,0E0,0E0,3.4586936E-3,8.205146E-3,0E0,0E0,0E0,0E0],"parents":[2147483647,0,0,1,1,2,2,3,3,4,4,9,9,10,10],"right_children":[2,4,6,8,10,-1,-1,-1,-1,12,14,-1,-1,-1,-1],"split_conditions":[9.0150964E-1,2.9967272E-1,1E0,2.0006132E-1,7.0104754E-1,6.9467165E-2,2.645752E-1,-1.3805924E-1,-3.3172607E-2,5.999623E-1,7.9871607E-1,-2.0760091E-2,-5.04303E-3,8.517456E-3,3.549347E-2],"split_indices":[0,0,0,0,0,0,0,0,0,0,0,0,0,0,0],"split_type":[0,0,0,0,0,0,0,0,0,0,0,0,0,0,0],"sum_hessian":[9E0,7E0,2E0,2E0,5E0,1E0,1E0,1E0,1E0,3E0,2E0,2E0,1E0,1E0,1E0],"tree_param":{"num_deleted":"0","num_feature":"2","num_nodes":"15","size_leaf_vector":"1"}},{"base_weights":[3.2525024E-1,-3.867874E-1,2.1156006E0,-1.0844675E0,2.6517233E-2,6.599426E-2,2.5134584E-1,-1.3115616E-1,-3.1513978E-2,-1.6927719E-1,2.787374E-1,-2.2830963E-2,-7.34965E-3,8.091736E-3,3.3718873E-2],"categories":[],"categories_nodes":[],"categories_segments":[],"categories_sizes":[],"default_left":[0,0,0,0,0,0,0,0,0,0,0,0,0,0,0],"id":78,"left_children":[1,3,5,7,9,-1,-1,-1,-1,11,13,-1,-1,-1,-1],"loss_changes":[1.3566255E1,2.3355927E0,7.8697205E-2,1.1080384E-1,3.4348366E-1,0E0,0E0,0E0,0E0,5.8367103E-3,7.404104E-3,0E0,0E0,0E0,0E0],"parents":[2147483647,0,0,1,1,2,2,3,3,4,4,9,9,10,10],"right_children":[2,4,6,8,10,-1,-1,-1,-1,12,14,-1,-1,-1,-1],"split_conditions":[9.0150964E-1,2.9967272E-1,1E0,2.0006132E-1,7.0104754E-1,6.599426E-2,2.5134584E-1,-1.3115616E-1,-3.1513978E-2,4.9966386E-1,7.9871607E-1,-2.2830963E-2,-7.34965E-3,8.091736E-3,3.3718873E-2],"split_indices":[0,0,0,0,0,0,0,0,0,0,0,0,0,0,0],"split_type":[0,0,0,0,0,0,0,0,0,0,0,0,0,0,0],"sum_hessian":[9E0,7E0,2E0,2E0,5E0,1E0,1E0,1E0,1E0,3E0,2E0,1E0,2E0,1E0,1E0],"tree_param":{"num_deleted":"0","num_feature":"2","num_nodes":"15","size_leaf_vector":"1"}},{"base_weights":[3.093567E-1,-3.6698914E-1,2.0098267E0,-1.030248E0,2.5805155E-2,6.269532E-2,2.387787E-1,-1.245987E-1,-2.9938508E-2,-1.5989304E-1,2.6480103E-1,-2.1689607E-2,-6.8593347E-3,7.687378E-3,3.2032777E-2],"categories":[],"categories_nodes":[],"categories_segments":[],"categories_sizes":[],"default_left":[0,0,0,0,0,0,0,0,0,0,0,0,0,0,0],"id":79,"left_children":[1,3,5,7,9,-1,-1,-1,-1,11,13,-1,-1,-1,-1],"loss_changes":[1.2238642E1,2.1107798E0,7.098293E-2,9.999704E-2,3.0862644E-1,0E0,0E0,0E0,0E0,5.9398115E-3,6.680146E-3,0E0,0E0,0E0,0E0],"parents":[2147483647,0,0,1,1,2,2,3,3,4,4,9,9,10,10],"right_children":[2,4,6,8,10,-1,-1,-1,-1,12,14,-1,-1,-1,-1],"split_conditions":[9.0150964E-1,2.9967272E-1,1E0,2.0006132E-1,7.0104754E-1,6.269532E-2,2.387787E-1,-1.245987E-1,-2.9938508E-2,4.9966386E-1,7.9871607E-1,-2.1689607E-2,-6.8593347E-3,7.687378E-3,3.2032777E-2],"split_indices":[0,0,0,0,0,0,0,0,0,0,0,0,0,0,0],"split_type":[0,0,0,0,0,0,0,0,0,0,0,0,0,0,0],"sum_hessian":[9E0,7E0,2E0,2E0,5E0,1E0,1E0,1E0,1E0,3E0,2E0,1E0,2E0,1E0,1E0],"tree_param":{"num_deleted":"0","num_feature":"2","num_nodes":"15","size_leaf_vector":"1"}},{"base_weights":[2.942337E-1,-3.482113E-1,1.9093424E0,-9.787343E-1,2.508545E-2,5.956116E-2,2.2684021E-1,-1.1836853E-1,-2.8441621E-2,-1.5103912E-1,2.515564E-1,-2.060547E-2,-6.401571E-3,7.3028565E-3,3.0430604E-2],"categories":[],"categories_nodes":[],"categories_segments":[],"categories_sizes":[],"default_left":[0,0,0,0,0,0,0,0,0,0,0,0,0,0,0],"id":80,"left_children":[1,3,5,7,9,-1,-1,-1,-1,11,13,-1,-1,-1,-1],"loss_changes":[1.104104E1,1.9075296E0,6.4035416E-2,9.0244055E-2,2.7731743E-1,0E0,0E0,0E0,0E0,5.959831E-3,6.028801E-3,0E0,0E0,0E0,0E0],"parents":[2147483647,0,0,1,1,2,2,3,3,4,4,9,9,10,10],"right_children":[2,4,6,8,10,-1,-1,-1,-1,12,14,-1,-1,-1,-1],"split_conditions":[9.0150964E-1,2.9967272E-1,1E0,2.0006132E-1,7.0104754E-1,5.956116E-2,2.2684021E-1,-1.1836853E-1,-2.8441621E-2,4.9966386E-1,7.9871607E-1,-2.060547E-2,-6.401571E-3,7.3028565E-3,3.0430604E-2],"split_indices":[0,0,0,0,0,0,0,0,0,0,0,0,0,0,0],"split_type":[0,0,0,0,0,0,0,0,0,0,0,0,0,0,0],"sum_hessian":[9E0,7E0,2E0,2E0,5E0,1E0,1E0,1E0,1E0,3E0,2E0,1E0,2E0,1E0,1E0],"tree_param":{"num_deleted":"0","num_feature":"2","num_nodes":"15","size_leaf_vector":"1"}},{"base_weights":[2.7984008E-1,-3.3039856E-1,1.8138632E0,-9.297994E-1,2.4368286E-2,5.658264E-2,2.1549682E-1,-1.1245041E-1,-2.70195E-2,-1.4268494E-1,2.3898315E-1,-1.95755E-2,-5.9743244E-3,6.9381716E-3,2.8909301E-2],"categories":[],"categories_nodes":[],"categories_segments":[],"categories_sizes":[],"default_left":[0,0,0,0,0,0,0,0,0,0,0,0,0,0,0],"id":81,"left_children":[1,3,5,7,9,-1,-1,-1,-1,11,13,-1,-1,-1,-1],"loss_changes":[9.960499E0,1.723838E0,5.779648E-2,8.144879E-2,2.4921192E-1,0E0,0E0,0E0,0E0,5.9118494E-3,5.4383427E-3,0E0,0E0,0E0,0E0],"parents":[2147483647,0,0,1,1,2,2,3,3,4,4,9,9,10,10],"right_children":[2,4,6,8,10,-1,-1,-1,-1,12,14,-1,-1,-1,-1],"split_conditions":[9.0150964E-1,2.9967272E-1,1E0,2.0006132E-1,7.0104754E-1,5.658264E-2,2.1549682E-1,-1.1245041E-1,-2.70195E-2,4.9966386E-1,7.9871607E-1,-1.95755E-2,-5.9743244E-3,6.9381716E-3,2.8909301E-2],"split_indices":[0,0,0,0,0,0,0,0,0,0,0,0,0,0,0],"split_type":[0,0,0,0,0,0,0,0,0,0,0,0,0,0,0],"sum_hessian":[9E0,7E0,2E0,2E0,5E0,1E0,1E0,1E0,1E0,3E0,2E0,1E0,2E0,1E0,1E0],"tree_param":{"num_deleted":"0","num_feature":"2","num_nodes":"15","size_leaf_vector":"1"}},{"base_weights":[2.661499E-1,-3.1349945E-1,1.7231649E0,-8.8330585E-1,2.3653666E-2,5.3753663E-2,2.0472108E-1,-1.0682755E-1,-2.5668336E-2,-1.3479996E-1,2.270406E-1,-1.859665E-2,-5.5755614E-3,6.591797E-3,2.7464295E-2],"categories":[],"categories_nodes":[],"categories_segments":[],"categories_sizes":[],"default_left":[0,0,0,0,0,0,0,0,0,0,0,0,0,0,0],"id":82,"left_children":[1,3,5,7,9,-1,-1,-1,-1,11,13,-1,-1,-1,-1],"loss_changes":[8.985788E0,1.5577894E0,5.2143097E-2,7.350993E-2,2.2396944E-1,0E0,0E0,0E0,0E0,5.8090165E-3,4.905537E-3,0E0,0E0,0E0,0E0],"parents":[2147483647,0,0,1,1,2,2,3,3,4,4,9,9,10,10],"right_children":[2,4,6,8,10,-1,-1,-1,-1,12,14,-1,-1,-1,-1],"split_conditions":[9.0150964E-1,2.9967272E-1,1E0,2.0006132E-1,7.0104754E-1,5.3753663E-2,2.0472108E-1,-1.0682755E-1,-2.5668336E-2,4.9966386E-1,7.9871607E-1,-1.859665E-2,-5.5755614E-3,6.591797E-3,2.7464295E-2],"split_indices":[0,0,0,0,0,0,0,0,0,0,0,0,0,0,0],"split_type":[0,0,0,0,0,0,0,0,0,0,0,0,0,0,0],"sum_hessian":[9E0,7E0,2E0,2E0,5E0,1E0,1E0,1E0,1E0,3E0,2E0,1E0,2E0,1E0,1E0],"tree_param":{"num_deleted":"0","num_feature":"2","num_nodes":"15","size_leaf_vector":"1"}},{"base_weights":[2.5312194E-1,-2.974739E-1,1.6370035E0,-8.3914185E-1,2.2939047E-2,5.1065065E-2,1.9448547E-1,-1.01486206E-1,-2.438507E-2,-1.2735748E-1,2.1568806E-1,-1.7666627E-2,-5.203247E-3,6.262207E-3,2.6091004E-2],"categories":[],"categories_nodes":[],"categories_segments":[],"categories_sizes":[],"default_left":[0,0,0,0,0,0,0,0,0,0,0,0,0,0,0],"id":83,"left_children":[1,3,5,7,9,-1,-1,-1,-1,11,13,-1,-1,-1,-1],"loss_changes":[8.106561E0,1.4077084E0,4.710579E-2,6.6339254E-2,2.0128654E-1,0E0,0E0,0E0,0E0,5.6643486E-3,4.42712E-3,0E0,0E0,0E0,0E0],"parents":[2147483647,0,0,1,1,2,2,3,3,4,4,9,9,10,10],"right_children":[2,4,6,8,10,-1,-1,-1,-1,12,14,-1,-1,-1,-1],"split_conditions":[9.0150964E-1,2.9967272E-1,1E0,2.0006132E-1,7.0104754E-1,5.1065065E-2,1.9448547E-1,-1.01486206E-1,-2.438507E-2,4.9966386E-1,7.9871607E-1,-1.7666627E-2,-5.203247E-3,6.262207E-3,2.6091004E-2],"split_indices":[0,0,0,0,0,0,0,0,0,0,0,0,0,0,0],"split_type":[0,0,0,0,0,0,0,0,0,0,0,0,0,0,0],"sum_hessian":[9E0,7E0,2E0,2E0,5E0,1E0,1E0,1E0,1E0,3E0,2E0,1E0,2E0,1E0,1E0],"tree_param":{"num_deleted":"0","num_feature":"2","num_nodes":"15","size_leaf_vector":"1"}},{"base_weights":[2.4072723E-1,-2.8227425E-1,1.5551554E0,-7.9718524E-1,2.2226969E-2,4.851074E-2,1.8476258E-1,-9.64119E-2,-2.3165895E-2,-1.2033844E-1,2.049052E-1,-1.6783142E-2,-4.8563643E-3,5.9494018E-3,2.4786377E-2],"categories":[],"categories_nodes":[],"categories_segments":[],"categories_sizes":[],"default_left":[0,0,0,0,0,0,0,0,0,0,0,0,0,0,0],"id":84,"left_children":[1,3,5,7,9,-1,-1,-1,-1,11,13,-1,-1,-1,-1],"loss_changes":[7.31346E0,1.2720473E0,4.2574406E-2,5.986941E-2,1.8091954E-1,0E0,0E0,0E0,0E0,5.484689E-3,3.993556E-3,0E0,0E0,0E0,0E0],"parents":[2147483647,0,0,1,1,2,2,3,3,4,4,9,9,10,10],"right_children":[2,4,6,8,10,-1,-1,-1,-1,12,14,-1,-1,-1,-1],"split_conditions":[9.0150964E-1,2.9967272E-1,1E0,2.0006132E-1,7.0104754E-1,4.851074E-2,1.8476258E-1,-9.64119E-2,-2.3165895E-2,4.9966386E-1,7.9871607E-1,-1.6783142E-2,-4.8563643E-3,5.9494018E-3,2.4786377E-2],"split_indices":[0,0,0,0,0,0,0,0,0,0,0,0,0,0,0],"split_type":[0,0,0,0,0,0,0,0,0,0,0,0,0,0,0],"sum_hessian":[9E0,7E0,2E0,2E0,5E0,1E0,1E0,1E0,1E0,3E0,2E0,1E0,2E0,1E0,1E0],"tree_param":{"num_deleted":"0","num_feature":"2","num_nodes":"15","size_leaf_vector":"1"}},{"base_weights":[2.2893219E-1,-2.678585E-1,1.4773966E0,-7.573293E-1,2.151998E-2,4.6084594E-2,1.755249E-1,-9.159165E-2,-2.2007752E-2,-1.13716125E-1,1.9466145E-1,-1.5943909E-2,-4.532878E-3,5.6518554E-3,2.3547364E-2],"categories":[],"categories_nodes":[],"categories_segments":[],"categories_sizes":[],"default_left":[0,0,0,0,0,0,0,0,0,0,0,0,0,0,0],"id":85,"left_children":[1,3,5,7,9,-1,-1,-1,-1,11,13,-1,-1,-1,-1],"loss_changes":[6.597989E0,1.1494362E0,3.845358E-2,5.4031134E-2,1.6262603E-1,0E0,0E0,0E0,0E0,5.2803084E-3,3.605105E-3,0E0,0E0,0E0,0E0],"parents":[2147483647,0,0,1,1,2,2,3,3,4,4,9,9,10,10],"right_children":[2,4,6,8,10,-1,-1,-1,-1,12,14,-1,-1,-1,-1],"split_conditions":[9.0150964E-1,2.9967272E-1,1E0,2.0006132E-1,7.0104754E-1,4.6084594E-2,1.755249E-1,-9.159165E-2,-2.2007752E-2,4.9966386E-1,7.9871607E-1,-1.5943909E-2,-4.532878E-3,5.6518554E-3,2.3547364E-2],"split_indices":[0,0,0,0,0,0,0,0,0,0,0,0,0,0,0],"split_type":[0,0,0,0,0,0,0,0,0,0,0,0,0,0,0],"sum_hessian":[9E0,7E0,2E0,2E0,5E0,1E0,1E0,1E0,1E0,3E0,2E0,1E0,2E0,1E0,1E0],"tree_param":{"num_deleted":"0","num_feature":"2","num_nodes":"15","size_leaf_vector":"1"}},{"base_weights":[2.1771392E-1,-2.54179E-1,1.4035238E0,-7.194621E-1,2.0825705E-2,4.3780517E-2,1.6674805E-1,-8.701172E-2,-2.0907594E-2,-1.0745621E-1,1.8492635E-1,-1.5146637E-2,-4.2297365E-3,5.369568E-3,2.2369385E-2],"categories":[],"categories_nodes":[],"categories_segments":[],"categories_sizes":[],"default_left":[0,0,0,0,0,0,0,0,0,0,0,0,0,0,0],"id":86,"left_children":[1,3,5,7,9,-1,-1,-1,-1,11,13,-1,-1,-1,-1],"loss_changes":[5.9524994E0,1.0386236E0,3.469181E-2,4.875624E-2,1.4617835E-1,0E0,0E0,0E0,0E0,5.063977E-3,3.2510608E-3,0E0,0E0,0E0,0E0],"parents":[2147483647,0,0,1,1,2,2,3,3,4,4,9,9,10,10],"right_children":[2,4,6,8,10,-1,-1,-1,-1,12,14,-1,-1,-1,-1],"split_conditions":[9.0150964E-1,2.9967272E-1,1E0,2.0006132E-1,7.0104754E-1,4.3780517E-2,1.6674805E-1,-8.701172E-2,-2.0907594E-2,4.9966386E-1,7.9871607E-1,-1.5146637E-2,-4.2297365E-3,5.369568E-3,2.2369385E-2],"split_indices":[0,0,0,0,0,0,0,0,0,0,0,0,0,0,0],"split_type":[0,0,0,0,0,0,0,0,0,0,0,0,0,0,0],"sum_hessian":[9E0,7E0,2E0,2E0,5E0,1E0,1E0,1E0,1E0,3E0,2E0,1E0,2E0,1E0,1E0],"tree_param":{"num_deleted":"0","num_feature":"2","num_nodes":"15","size_leaf_vector":"1"}},{"base_weights":[2.0704345E-1,-2.4120331E-1,1.3333536E0,-6.83492E-1,2.0141602E-2,4.1592408E-2,1.5841065E-1,-8.266144E-2,-1.9862367E-2,-1.0154724E-1,1.7567952E-1,-1.4389038E-2,-3.9469404E-3,5.1010135E-3,2.1250917E-2],"categories":[],"categories_nodes":[],"categories_segments":[],"categories_sizes":[],"default_left":[0,0,0,0,0,0,0,0,0,0,0,0,0,0,0],"id":87,"left_children":[1,3,5,7,9,-1,-1,-1,-1,11,13,-1,-1,-1,-1],"loss_changes":[5.3702583E0,9.3848586E-1,3.1276226E-2,4.400134E-2,1.3140315E-1,0E0,0E0,0E0,0E0,4.8350133E-3,2.9344633E-3,0E0,0E0,0E0,0E0],"parents":[2147483647,0,0,1,1,2,2,3,3,4,4,9,9,10,10],"right_children":[2,4,6,8,10,-1,-1,-1,-1,12,14,-1,-1,-1,-1],"split_conditions":[9.0150964E-1,2.9967272E-1,1E0,2.0006132E-1,7.0104754E-1,4.1592408E-2,1.5841065E-1,-8.266144E-2,-1.9862367E-2,4.9966386E-1,7.9871607E-1,-1.4389038E-2,-3.9469404E-3,5.1010135E-3,2.1250917E-2],"split_indices":[0,0,0,0,0,0,0,0,0,0,0,0,0,0,0],"split_type":[0,0,0,0,0,0,0,0,0,0,0,0,0,0,0],"sum_hessian":[9E0,7E0,2E0,2E0,5E0,1E0,1E0,1E0,1E0,3E0,2E0,1E0,2E0,1E0,1E0],"tree_param":{"num_deleted":"0","num_feature":"2","num_nodes":"15","size_leaf_vector":"1"}},{"base_weights":[1.968933E-1,-2.288971E-1,1.2667032E0,-6.4931744E-1,1.9462585E-2,3.951416E-2,1.5049134E-1,-7.85286E-2,-1.8869018E-2,-9.59816E-2,1.6690063E-1,-1.3669587E-2,-3.684489E-3,4.8461915E-3,2.0188903E-2],"categories":[],"categories_nodes":[],"categories_segments":[],"categories_sizes":[],"default_left":[0,0,0,0,0,0,0,0,0,0,0,0,0,0,0],"id":88,"left_children":[1,3,5,7,9,-1,-1,-1,-1,11,13,-1,-1,-1,-1],"loss_changes":[4.845093E0,8.4796095E-1,2.8190613E-2,3.971672E-2,1.1814459E-1,0E0,0E0,0E0,0E0,4.594285E-3,2.6480108E-3,0E0,0E0,0E0,0E0],"parents":[2147483647,0,0,1,1,2,2,3,3,4,4,9,9,10,10],"right_children":[2,4,6,8,10,-1,-1,-1,-1,12,14,-1,-1,-1,-1],"split_conditions":[9.0150964E-1,2.9967272E-1,1E0,2.0006132E-1,7.0104754E-1,3.951416E-2,1.5049134E-1,-7.85286E-2,-1.8869018E-2,4.9966386E-1,7.9871607E-1,-1.3669587E-2,-3.684489E-3,4.8461915E-3,2.0188903E-2],"split_indices":[0,0,0,0,0,0,0,0,0,0,0,0,0,0,0],"split_type":[0,0,0,0,0,0,0,0,0,0,0,0,0,0,0],"sum_hessian":[9E0,7E0,2E0,2E0,5E0,1E0,1E0,1E0,1E0,3E0,2E0,1E0,2E0,1E0,1E0],"tree_param":{"num_deleted":"0","num_feature":"2","num_nodes":"15","size_leaf_vector":"1"}},{"base_weights":[1.8723297E-1,-2.1722221E-1,1.2033691E0,-6.168518E-1,1.8796286E-2,3.7539672E-2,1.429657E-1,-7.460251E-2,-1.7925262E-2,-9.0717316E-2,1.58549E-1,-1.2985992E-2,-3.4383137E-3,4.603577E-3,1.9178772E-2],"categories":[],"categories_nodes":[],"categories_segments":[],"categories_sizes":[],"default_left":[0,0,0,0,0,0,0,0,0,0,0,0,0,0,0],"id":89,"left_children":[1,3,5,7,9,-1,-1,-1,-1,11,13,-1,-1,-1,-1],"loss_changes":[4.371214E0,7.661543E-1,2.5391579E-2,3.585136E-2,1.0621207E-1,0E0,0E0,0E0,0E0,4.355274E-3,2.3902953E-3,0E0,0E0,0E0,0E0],"parents":[2147483647,0,0,1,1,2,2,3,3,4,4,9,9,10,10],"right_children":[2,4,6,8,10,-1,-1,-1,-1,12,14,-1,-1,-1,-1],"split_conditions":[9.0150964E-1,2.9967272E-1,1E0,2.0006132E-1,7.0104754E-1,3.7539672E-2,1.429657E-1,-7.460251E-2,-1.7925262E-2,4.9966386E-1,7.9871607E-1,-1.2985992E-2,-3.4383137E-3,4.603577E-3,1.9178772E-2],"split_indices":[0,0,0,0,0,0,0,0,0,0,0,0,0,0,0],"split_type":[0,0,0,0,0,0,0,0,0,0,0,0,0,0,0],"sum_hessian":[9E0,7E0,2E0,2E0,5E0,1E0,1E0,1E0,1E0,3E0,2E0,1E0,2E0,1E0,1E0],"tree_param":{"num_deleted":"0","num_feature":"2","num_nodes":"15","size_leaf_vector":"1"}},{"base_weights":[1.780487E-1,-2.0614243E-1,1.1432089E0,-5.860087E-1,1.8147787E-2,3.566284E-2,1.3581848E-1,-7.08725E-2,-1.7028809E-2,-8.5746765E-2,1.5062459E-1,-1.2336731E-2,-3.208415E-3,4.373169E-3,1.822052E-2],"categories":[],"categories_nodes":[],"categories_segments":[],"categories_sizes":[],"default_left":[0,0,0,0,0,0,0,0,0,0,0,0,0,0,0],"id":90,"left_children":[1,3,5,7,9,-1,-1,-1,-1,11,13,-1,-1,-1,-1],"loss_changes":[3.9437234E0,6.92237E-1,2.292037E-2,3.23596E-2,9.549729E-2,0E0,0E0,0E0,0E0,4.1171312E-3,2.1590889E-3,0E0,0E0,0E0,0E0],"parents":[2147483647,0,0,1,1,2,2,3,3,4,4,9,9,10,10],"right_children":[2,4,6,8,10,-1,-1,-1,-1,12,14,-1,-1,-1,-1],"split_conditions":[9.0150964E-1,2.9967272E-1,1E0,2.0006132E-1,7.0104754E-1,3.566284E-2,1.3581848E-1,-7.08725E-2,-1.7028809E-2,4.9966386E-1,7.9871607E-1,-1.2336731E-2,-3.208415E-3,4.373169E-3,1.822052E-2],"split_indices":[0,0,0,0,0,0,0,0,0,0,0,0,0,0,0],"split_type":[0,0,0,0,0,0,0,0,0,0,0,0,0,0,0],"sum_hessian":[9E0,7E0,2E0,2E0,5E0,1E0,1E0,1E0,1E0,3E0,2E0,1E0,2E0,1E0,1E0],"tree_param":{"num_deleted":"0","num_feature":"2","num_nodes":"15","size_leaf_vector":"1"}},{"base_weights":[1.6931E-1,-1.9563484E-1,1.0860596E0,-5.567067E-1,1.7506918E-2,3.3880617E-2,1.2902832E-1,-6.732865E-2,-1.617737E-2,-8.106232E-2,1.4309692E-1,-1.1720276E-2,-2.9947916E-3,4.1549685E-3,1.730957E-2],"categories":[],"categories_nodes":[],"categories_segments":[],"categories_sizes":[],"default_left":[0,0,0,0,0,0,0,0,0,0,0,0,0,0,0],"id":91,"left_children":[1,3,5,7,9,-1,-1,-1,-1,11,13,-1,-1,-1,-1],"loss_changes":[3.5581012E0,6.2542224E-1,2.0664454E-2,2.9203534E-2,8.587563E-2,0E0,0E0,0E0,0E0,3.87921E-3,1.9468106E-3,0E0,0E0,0E0,0E0],"parents":[2147483647,0,0,1,1,2,2,3,3,4,4,9,9,10,10],"right_children":[2,4,6,8,10,-1,-1,-1,-1,12,14,-1,-1,-1,-1],"split_conditions":[9.0150964E-1,2.9967272E-1,1E0,2.0006132E-1,7.0104754E-1,3.3880617E-2,1.2902832E-1,-6.732865E-2,-1.617737E-2,4.9966386E-1,7.9871607E-1,-1.1720276E-2,-2.9947916E-3,4.1549685E-3,1.730957E-2],"split_indices":[0,0,0,0,0,0,0,0,0,0,0,0,0,0,0],"split_type":[0,0,0,0,0,0,0,0,0,0,0,0,0,0,0],"sum_hessian":[9E0,7E0,2E0,2E0,5E0,1E0,1E0,1E0,1E0,3E0,2E0,1E0,2E0,1E0,1E0],"tree_param":{"num_deleted":"0","num_feature":"2","num_nodes":"15","size_leaf_vector":"1"}},{"base_weights":[1.6099396E-1,-1.8566704E-1,1.0317587E0,-5.288747E-1,1.6881308E-2,3.2186892E-2,1.2257691E-1,-6.396256E-2,-1.53686525E-2,-7.663727E-2,1.3594563E-1,-1.1134339E-2,-2.79541E-3,3.947449E-3,1.6444398E-2],"categories":[],"categories_nodes":[],"categories_segments":[],"categories_sizes":[],"default_left":[0,0,0,0,0,0,0,0,0,0,0,0,0,0,0],"id":92,"left_children":[1,3,5,7,9,-1,-1,-1,-1,11,13,-1,-1,-1,-1],"loss_changes":[3.210165E0,5.650573E-1,1.8640995E-2,2.6355386E-2,7.722686E-2,0E0,0E0,0E0,0E0,3.64591E-3,1.7564595E-3,0E0,0E0,0E0,0E0],"parents":[2147483647,0,0,1,1,2,2,3,3,4,4,9,9,10,10],"right_children":[2,4,6,8,10,-1,-1,-1,-1,12,14,-1,-1,-1,-1],"split_conditions":[9.0150964E-1,2.9967272E-1,1E0,2.0006132E-1,7.0104754E-1,3.2186892E-2,1.2257691E-1,-6.396256E-2,-1.53686525E-2,4.9966386E-1,7.9871607E-1,-1.1134339E-2,-2.79541E-3,3.947449E-3,1.6444398E-2],"split_indices":[0,0,0,0,0,0,0,0,0,0,0,0,0,0,0],"split_type":[0,0,0,0,0,0,0,0,0,0,0,0,0,0,0],"sum_hessian":[9E0,7E0,2E0,2E0,5E0,1E0,1E0,1E0,1E0,3E0,2E0,1E0,2E0,1E0,1E0],"tree_param":{"num_deleted":"0","num_feature":"2","num_nodes":"15","size_leaf_vector":"1"}},{"base_weights":[1.5309143E-1,-1.7620468E-1,9.801839E-1,-5.024312E-1,1.6276041E-2,3.0578613E-2,1.16448976E-1,-6.0764313E-2,-1.4600373E-2,-7.244873E-2,1.2915039E-1,-1.0577393E-2,-2.6082357E-3,3.7506104E-3,1.5621948E-2],"categories":[],"categories_nodes":[],"categories_segments":[],"categories_sizes":[],"default_left":[0,0,0,0,0,0,0,0,0,0,0,0,0,0,0],"id":93,"left_children":[1,3,5,7,9,-1,-1,-1,-1,11,13,-1,-1,-1,-1],"loss_changes":[2.8962965E0,5.1051617E-1,1.6801596E-2,2.3783147E-2,6.944529E-2,0E0,0E0,0E0,0E0,3.4218412E-3,1.582995E-3,0E0,0E0,0E0,0E0],"parents":[2147483647,0,0,1,1,2,2,3,3,4,4,9,9,10,10],"right_children":[2,4,6,8,10,-1,-1,-1,-1,12,14,-1,-1,-1,-1],"split_conditions":[9.0150964E-1,2.9967272E-1,1E0,2.0006132E-1,7.0104754E-1,3.0578613E-2,1.16448976E-1,-6.0764313E-2,-1.4600373E-2,4.9966386E-1,7.9871607E-1,-1.0577393E-2,-2.6082357E-3,3.7506104E-3,1.5621948E-2],"split_indices":[0,0,0,0,0,0,0,0,0,0,0,0,0,0,0],"split_type":[0,0,0,0,0,0,0,0,0,0,0,0,0,0,0],"sum_hessian":[9E0,7E0,2E0,2E0,5E0,1E0,1E0,1E0,1E0,3E0,2E0,1E0,2E0,1E0,1E0],"tree_param":{"num_deleted":"0","num_feature":"2","num_nodes":"15","size_leaf_vector":"1"}},{"base_weights":[1.4556274E-1,-1.6723633E-1,9.3117267E-1,-4.7731018E-1,1.5673319E-2,2.9049683E-2,1.1062622E-1,-5.772629E-2,-1.3870239E-2,-6.850815E-2,1.22690834E-1,-1.0048675E-2,-2.4353028E-3,3.5629272E-3,1.4840699E-2],"categories":[],"categories_nodes":[],"categories_segments":[],"categories_sizes":[],"default_left":[0,0,0,0,0,0,0,0,0,0,0,0,0,0,0],"id":94,"left_children":[1,3,5,7,9,-1,-1,-1,-1,11,13,-1,-1,-1,-1],"loss_changes":[2.6131065E0,4.61205E-1,1.5161037E-2,2.1466553E-2,6.245868E-2,0E0,0E0,0E0,0E0,3.2009203E-3,1.4290251E-3,0E0,0E0,0E0,0E0],"parents":[2147483647,0,0,1,1,2,2,3,3,4,4,9,9,10,10],"right_children":[2,4,6,8,10,-1,-1,-1,-1,12,14,-1,-1,-1,-1],"split_conditions":[9.0150964E-1,2.9967272E-1,1E0,2.0006132E-1,7.0104754E-1,2.9049683E-2,1.1062622E-1,-5.772629E-2,-1.3870239E-2,4.9966386E-1,7.9871607E-1,-1.0048675E-2,-2.4353028E-3,3.5629272E-3,1.4840699E-2],"split_indices":[0,0,0,0,0,0,0,0,0,0,0,0,0,0,0],"split_type":[0,0,0,0,0,0,0,0,0,0,0,0,0,0,0],"sum_hessian":[9E0,7E0,2E0,2E0,5E0,1E0,1E0,1E0,1E0,3E0,2E0,1E0,2E0,1E0,1E0],"tree_param":{"num_deleted":"0","num_feature":"2","num_nodes":"15","size_leaf_vector":"1"}},{"base_weights":[1.3841096E-1,-1.5872002E-1,8.846232E-1,-4.5344543E-1,1.5096028E-2,2.7597046E-2,1.0509644E-1,-5.4840088E-2,-1.3176727E-2,-6.477356E-2,1.165568E-1,-9.545899E-3,-2.2725423E-3,3.3843995E-3,1.4099121E-2],"categories":[],"categories_nodes":[],"categories_segments":[],"categories_sizes":[],"default_left":[0,0,0,0,0,0,0,0,0,0,0,0,0,0,0],"id":95,"left_children":[1,3,5,7,9,-1,-1,-1,-1,11,13,-1,-1,-1,-1],"loss_changes":[2.357635E0,4.1666925E-1,1.3696909E-2,1.9374013E-2,5.6171577E-2,0E0,0E0,0E0,0E0,2.9917154E-3,1.2914091E-3,0E0,0E0,0E0,0E0],"parents":[2147483647,0,0,1,1,2,2,3,3,4,4,9,9,10,10],"right_children":[2,4,6,8,10,-1,-1,-1,-1,12,14,-1,-1,-1,-1],"split_conditions":[9.0150964E-1,2.9967272E-1,1E0,2.0006132E-1,7.0104754E-1,2.7597046E-2,1.0509644E-1,-5.4840088E-2,-1.3176727E-2,4.9966386E-1,7.9871607E-1,-9.545899E-3,-2.2725423E-3,3.3843995E-3,1.4099121E-2],"split_indices":[0,0,0,0,0,0,0,0,0,0,0,0,0,0,0],"split_type":[0,0,0,0,0,0,0,0,0,0,0,0,0,0,0],"sum_hessian":[9E0,7E0,2E0,2E0,5E0,1E0,1E0,1E0,1E0,3E0,2E0,1E0,2E0,1E0,1E0],"tree_param":{"num_deleted":"0","num_feature":"2","num_nodes":"15","size_leaf_vector":"1"}},{"base_weights":[1.3160248E-1,-1.506443E-1,8.4039307E-1,-4.3077087E-1,1.4526367E-2,2.6217652E-2,9.984131E-2,-5.2098084E-2,-1.2517548E-2,-6.125641E-2,1.1072794E-1,-9.068298E-3,-2.121989E-3,3.2150268E-3,1.3394165E-2],"categories":[],"categories_nodes":[],"categories_segments":[],"categories_sizes":[],"default_left":[0,0,0,0,0,0,0,0,0,0,0,0,0,0,0],"id":96,"left_children":[1,3,5,7,9,-1,-1,-1,-1,11,13,-1,-1,-1,-1],"loss_changes":[2.127139E0,3.7640703E-1,1.234889E-2,1.7489254E-2,5.052533E-2,0E0,0E0,0E0,0E0,2.788268E-3,1.1659749E-3,0E0,0E0,0E0,0E0],"parents":[2147483647,0,0,1,1,2,2,3,3,4,4,9,9,10,10],"right_children":[2,4,6,8,10,-1,-1,-1,-1,12,14,-1,-1,-1,-1],"split_conditions":[9.0150964E-1,2.9967272E-1,1E0,2.0006132E-1,7.0104754E-1,2.6217652E-2,9.984131E-2,-5.2098084E-2,-1.2517548E-2,4.9966386E-1,7.9871607E-1,-9.068298E-3,-2.121989E-3,3.2150268E-3,1.3394165E-2],"split_indices":[0,0,0,0,0,0,0,0,0,0,0,0,0,0,0],"split_type":[0,0,0,0,0,0,0,0,0,0,0,0,0,0,0],"sum_hessian":[9E0,7E0,2E0,2E0,5E0,1E0,1E0,1E0,1E0,3E0,2E0,1E0,2E0,1E0,1E0],"tree_param":{"num_deleted":"0","num_feature":"2","num_nodes":"15","size_leaf_vector":"1"}},{"base_weights":[1.2512664E-1,-1.4297676E-1,7.9836017E-1,-4.0923563E-1,1.3982137E-2,2.4905397E-2,9.484863E-2,-4.949341E-2,-1.1891938E-2,-5.7922363E-2,1.0519409E-1,-8.615113E-3,-1.9795736E-3,3.0548095E-3,1.2724305E-2],"categories":[],"categories_nodes":[],"categories_segments":[],"categories_sizes":[],"default_left":[0,0,0,0,0,0,0,0,0,0,0,0,0,0,0],"id":97,"left_children":[1,3,5,7,9,-1,-1,-1,-1,11,13,-1,-1,-1,-1],"loss_changes":[1.9191092E0,3.4005564E-1,1.1171341E-2,1.57817E-2,4.544439E-2,0E0,0E0,0E0,0E0,2.5996454E-3,1.0505654E-3,0E0,0E0,0E0,0E0],"parents":[2147483647,0,0,1,1,2,2,3,3,4,4,9,9,10,10],"right_children":[2,4,6,8,10,-1,-1,-1,-1,12,14,-1,-1,-1,-1],"split_conditions":[9.0150964E-1,2.9967272E-1,1E0,2.0006132E-1,7.0104754E-1,2.4905397E-2,9.484863E-2,-4.949341E-2,-1.1891938E-2,4.9966386E-1,7.9871607E-1,-8.615113E-3,-1.9795736E-3,3.0548095E-3,1.2724305E-2],"split_indices":[0,0,0,0,0,0,0,0,0,0,0,0,0,0,0],"split_type":[0,0,0,0,0,0,0,0,0,0,0,0,0,0,0],"sum_hessian":[9E0,7E0,2E0,2E0,5E0,1E0,1E0,1E0,1E0,3E0,2E0,1E0,2E0,1E0,1E0],"tree_param":{"num_deleted":"0","num_feature":"2","num_nodes":"15","size_leaf_vector":"1"}},{"base_weights":[1.1897125E-1,-1.3570213E-1,7.584432E-1,-3.887736E-1,1.3450623E-2,2.3660278E-2,9.0106204E-2,-4.7018435E-2,-1.1297608E-2,-5.4775238E-2,9.99349E-2,-8.184052E-3,-1.8473307E-3,2.9022216E-3,1.2088013E-2],"categories":[],"categories_nodes":[],"categories_segments":[],"categories_sizes":[],"default_left":[0,0,0,0,0,0,0,0,0,0,0,0,0,0,0],"id":98,"left_children":[1,3,5,7,9,-1,-1,-1,-1,11,13,-1,-1,-1,-1],"loss_changes":[1.7314873E0,3.0719972E-1,1.0078907E-2,1.4239043E-2,4.0876742E-2,0E0,0E0,0E0,0E0,2.418222E-3,9.476375E-4,0E0,0E0,0E0,0E0],"parents":[2147483647,0,0,1,1,2,2,3,3,4,4,9,9,10,10],"right_children":[2,4,6,8,10,-1,-1,-1,-1,12,14,-1,-1,-1,-1],"split_conditions":[9.0150964E-1,2.9967272E-1,1E0,2.0006132E-1,7.0104754E-1,2.3660278E-2,9.0106204E-2,-4.7018435E-2,-1.1297608E-2,4.9966386E-1,7.9871607E-1,-8.184052E-3,-1.8473307E-3,2.9022216E-3,1.2088013E-2],"split_indices":[0,0,0,0,0,0,0,0,0,0,0,0,0,0,0],"split_type":[0,0,0,0,0,0,0,0,0,0,0,0,0,0,0],"sum_hessian":[9E0,7E0,2E0,2E0,5E0,1E0,1E0,1E0,1E0,3E0,2E0,1E0,2E0,1E0,1E0],"tree_param":{"num_deleted":"0","num_feature":"2","num_nodes":"15","size_leaf_vector":"1"}},{"base_weights":[1.1311646E-1,-1.2879944E-1,7.2052E-1,-3.69339E-1,1.293691E-2,2.2476196E-2,8.560181E-2,-4.4667818E-2,-1.0733033E-2,-5.1799774E-2,9.4940186E-2,-7.7751162E-3,-1.723226E-3,2.7572631E-3,1.1483765E-2],"categories":[],"categories_nodes":[],"categories_segments":[],"categories_sizes":[],"default_left":[0,0,0,0,0,0,0,0,0,0,0,0,0,0,0],"id":99,"left_children":[1,3,5,7,9,-1,-1,-1,-1,11,13,-1,-1,-1,-1],"loss_changes":[1.5622084E0,2.7752367E-1,9.122372E-3,1.2848526E-2,3.67696E-2,0E0,0E0,0E0,0E0,2.2484707E-3,8.549541E-4,0E0,0E0,0E0,0E0],"parents":[2147483647,0,0,1,1,2,2,3,3,4,4,9,9,10,10],"right_children":[2,4,6,8,10,-1,-1,-1,-1,12,14,-1,-1,-1,-1],"split_conditions":[9.0150964E-1,2.9967272E-1,1E0,2.0006132E-1,7.0104754E-1,2.2476196E-2,8.560181E-2,-4.4667818E-2,-1.0733033E-2,4.9966386E-1,7.9871607E-1,-7.7751162E-3,-1.723226E-3,2.7572631E-3,1.1483765E-2],"split_indices":[0,0,0,0,0,0,0,0,0,0,0,0,0,0,0],"split_type":[0,0,0,0,0,0,0,0,0,0,0,0,0,0,0],"sum_hessian":[9E0,7E0,2E0,2E0,5E0,1E0,1E0,1E0,1E0,3E0,2E0,1E0,2E0,1E0,1E0],"tree_param":{"num_deleted":"0","num_feature":"2","num_nodes":"15","size_leaf_vector":"1"}}]},"name":"gbtree"},"learner_model_param":{"base_score":"3.7133334E2","boost_from_average":"1","num_class":"0","num_feature":"2","num_target":"1"},"objective":{"name":"reg:squarederror","reg_loss_param":{"scale_pos_weight":"1"}}},"version":[2,0,1]}