{"learner":{"attributes":{"scikit_learn":"{\"_estimator_type\": \"regressor\"}"},"feature_names":[],"feature_types":[],"gradient_booster":{"model":{"gbtree_model_param":{"num_parallel_tree":"1","num_trees":"100"},"iteration_indptr":[0,1,2,3,4,5,6,7,8,9,10,11,12,13,14,15,16,17,18,19,20,21,22,23,24,25,26,27,28,29,30,31,32,33,34,35,36,37,38,39,40,41,42,43,44,45,46,47,48,49,50,51,52,53,54,55,56,57,58,59,60,61,62,63,64,65,66,67,68,69,70,71,72,73,74,75,76,77,78,79,80,81,82,83,84,85,86,87,88,89,90,91,92,93,94,95,96,97,98,99,100],"tree_info":[0,0,0,0,0,0,0,0,0,0,0,0,0,0,0,0,0,0,0,0,0,0,0,0,0,0,0,0,0,0,0,0,0,0,0,0,0,0,0,0,0,0,0,0,0,0,0,0,0,0,0,0,0,0,0,0,0,0,0,0,0,0,0,0,0,0,0,0,0,0,0,0,0,0,0,0,0,0,0,0,0,0,0,0,0,0,0,0,0,0,0,0,0,0,0,0,0,0,0,0],"trees":[{"base_weights":[-2.2888185E-6,-5.6296325E0,6.755554E-1,-7.2416687E-1,-1.6037064E0,-1.9777794E-1,-4.2778015E-2],"categories":[],"categories_nodes":[],"categories_segments":[],"categories_sizes":[],"default_left":[0,0,0,0,0,0,0],"id":0,"left_children":[1,3,-1,-1,5,-1,-1],"loss_changes":[4.1834412E2,2.7326126E1,0E0,0E0,4.7359276E-1,0E0,0E0],"parents":[2147483647,0,0,1,1,4,4],"right_children":[2,4,-1,-1,6,-1,-1],"split_conditions":[6.0329604E-1,4.004312E-1,6.755554E-1,-7.2416687E-1,5.018329E-1,-1.9777794E-1,-4.2778015E-2],"split_indices":[0,0,0,0,0,0,0],"split_type":[0,0,0,0,0,0,0],"sum_hessian":[9E0,5E0,4E0,3E0,2E0,1E0,1E0],"tree_param":{"num_deleted":"0","num_feature":"2","num_nodes":"7","size_leaf_vector":"1"}},{"base_weights":[-2.8917694E-2,-5.2274566E0,6.215112E-1,-6.110391E-1,-4.0639114E-2],"categories":[],"categories_nodes":[],"categories_segments":[],"categories_sizes":[],"default_left":[0,0,0,0,0],"id":1,"left_children":[1,3,-1,-1,-1],"loss_changes":[3.5708755E2,2.30569E1,0E0,0E0,0E0],"parents":[2147483647,0,0,1,1],"right_children":[2,4,-1,-1,-1],"split_conditions":[6.0329604E-1,5.018329E-1,6.215112E-1,-6.110391E-1,-4.0639114E-2],"split_indices":[0,0,0,0,0],"split_type":[0,0,0,0,0],"sum_hessian":[9E0,5E0,4E0,4E0,1E0],"tree_param":{"num_deleted":"0","num_feature":"2","num_nodes":"5","size_leaf_vector":"1"}},{"base_weights":[-2.904358E-2,-4.813324E0,5.7179016E-1,-6.240265E-1,-1.3062948E0,-1.5733719E-1,-3.8607027E-2],"categories":[],"categories_nodes":[],"categories_segments":[],"categories_sizes":[],"default_left":[0,0,0,0,0,0,0],"id":2,"left_children":[1,3,-1,-1,5,-1,-1],"loss_changes":[3.024721E2,2.1874313E1,0E0,0E0,1.298809E-1,0E0,0E0],"parents":[2147483647,0,0,1,1,4,4],"right_children":[2,4,-1,-1,6,-1,-1],"split_conditions":[6.0329604E-1,4.004312E-1,5.7179016E-1,-6.240265E-1,5.018329E-1,-1.5733719E-1,-3.8607027E-2],"split_indices":[0,0,0,0,0,0,0],"split_type":[0,0,0,0,0,0,0],"sum_hessian":[9E0,5E0,4E0,3E0,2E0,1E0,1E0],"tree_param":{"num_deleted":"0","num_feature":"2","num_nodes":"7","size_leaf_vector":"1"}},{"base_weights":[-5.0959013E-2,-4.4686546E0,5.2604675E0,-5.7722473E-1,-1.2409796E0,1.5377922E-1,5.8066887E-1,-1.4947014E-1,-3.667679E-2],"categories":[],"categories_nodes":[],"categories_segments":[],"categories_sizes":[],"default_left":[0,0,0,0,0,0,0,0,0],"id":3,"left_children":[1,3,5,-1,7,-1,-1,-1,-1],"loss_changes":[2.5814987E2,1.8082207E1,1.2375336E0,0E0,1.1721134E-1,0E0,0E0,0E0,0E0],"parents":[2147483647,0,0,1,1,2,2,4,4],"right_children":[2,4,6,-1,8,-1,-1,-1,-1],"split_conditions":[6.0329604E-1,4.004312E-1,7.023979E-1,-5.7722473E-1,5.018329E-1,1.5377922E-1,5.8066887E-1,-1.4947014E-1,-3.667679E-2],"split_indices":[0,0,0,0,0,0,0,0,0],"split_type":[0,0,0,0,0,0,0,0,0],"sum_hessian":[9E0,5E0,4E0,3E0,2E0,1E0,3E0,1E0,1E0],"tree_param":{"num_deleted":"0","num_feature":"2","num_nodes":"9","size_leaf_vector":"1"}},{"base_weights":[-4.8754882E-2,-4.149019E0,4.8813124E0,-5.3393286E-1,-1.1789322E0,1.4609031E-1,5.371189E-1,-1.4199677E-1,-3.4843065E-2],"categories":[],"categories_nodes":[],"categories_segments":[],"categories_sizes":[],"default_left":[0,0,0,0,0,0,0,0,0],"id":4,"left_children":[1,3,5,-1,7,-1,-1,-1,-1],"loss_changes":[2.2239842E2,1.4917236E1,5.3110504E-1,0E0,1.057806E-1,0E0,0E0,0E0,0E0],"parents":[2147483647,0,0,1,1,2,2,4,4],"right_children":[2,4,6,-1,8,-1,-1,-1,-1],"split_conditions":[6.0329604E-1,4.004312E-1,7.023979E-1,-5.3393286E-1,5.018329E-1,1.4609031E-1,5.371189E-1,-1.4199677E-1,-3.4843065E-2],"split_indices":[0,0,0,0,0,0,0,0,0],"split_type":[0,0,0,0,0,0,0,0,0],"sum_hessian":[9E0,5E0,4E0,3E0,2E0,1E0,3E0,1E0,1E0],"tree_param":{"num_deleted":"0","num_feature":"2","num_nodes":"9","size_leaf_vector":"1"}},{"base_weights":[-4.663391E-2,-3.8525772E0,4.529825E-1,-4.9388772E-1,-1.119985E0,-1.3489686E-1,-3.310089E-2],"categories":[],"categories_nodes":[],"categories_segments":[],"categories_sizes":[],"default_left":[0,0,0,0,0,0,0],"id":5,"left_children":[1,3,-1,-1,5,-1,-1],"loss_changes":[1.9162894E2,1.2279022E1,0E0,0E0,9.546709E-2,0E0,0E0],"parents":[2147483647,0,0,1,1,4,4],"right_children":[2,4,-1,-1,6,-1,-1],"split_conditions":[6.0329604E-1,4.004312E-1,4.529825E-1,-4.9388772E-1,5.018329E-1,-1.3489686E-1,-3.310089E-2],"split_indices":[0,0,0,0,0,0,0],"split_type":[0,0,0,0,0,0,0],"sum_hessian":[9E0,5E0,4E0,3E0,2E0,1E0,1E0],"tree_param":{"num_deleted":"0","num_feature":"2","num_nodes":"7","size_leaf_vector":"1"}},{"base_weights":[-6.285934E-2,-3.577633E0,4.167441E0,-4.1673765E-1,-3.1445693E-2,1.1613693E-1,4.6286163E-1],"categories":[],"categories_nodes":[],"categories_segments":[],"categories_sizes":[],"default_left":[0,0,0,0,0,0,0],"id":6,"left_children":[1,3,5,-1,-1,-1,-1],"loss_changes":[1.6359503E2,1.0236168E1,1.5560989E0,0E0,0E0,0E0,0E0],"parents":[2147483647,0,0,1,1,2,2],"right_children":[2,4,6,-1,-1,-1,-1],"split_conditions":[6.0329604E-1,5.018329E-1,7.023979E-1,-4.1673765E-1,-3.1445693E-2,1.1613693E-1,4.6286163E-1],"split_indices":[0,0,0,0,0,0,0],"split_type":[0,0,0,0,0,0,0],"sum_hessian":[9E0,5E0,4E0,4E0,1E0,1E0,3E0],"tree_param":{"num_deleted":"0","num_feature":"2","num_nodes":"7","size_leaf_vector":"1"}},{"base_weights":[-4.3489836E-2,-3.2945645E0,3.8664978E0,-4.2559052E-1,-9.1458894E-2,1.103302E-1,4.2814714E-1],"categories":[],"categories_nodes":[],"categories_segments":[],"categories_sizes":[],"default_left":[0,0,0,0,0,0,0],"id":7,"left_children":[1,3,5,-1,-1,-1,-1],"loss_changes":[1.3985504E2,9.835403E0,1.0095062E0,0E0,0E0,0E0,0E0],"parents":[2147483647,0,0,1,1,2,2],"right_children":[2,4,6,-1,-1,-1,-1],"split_conditions":[6.0329604E-1,4.004312E-1,7.023979E-1,-4.2559052E-1,-9.1458894E-2,1.103302E-1,4.2814714E-1],"split_indices":[0,0,0,0,0,0,0],"split_type":[0,0,0,0,0,0,0],"sum_hessian":[9E0,5E0,4E0,3E0,2E0,1E0,3E0],"tree_param":{"num_deleted":"0","num_feature":"2","num_nodes":"7","size_leaf_vector":"1"}},{"base_weights":[-3.699722E-2,-3.0512822E0,3.5875442E0,-4.4326326E-1,-1.252449E0,1.5700303E-1,4.4092104E-1,-1.501264E-1,-2.5300218E-2],"categories":[],"categories_nodes":[],"categories_segments":[],"categories_sizes":[],"default_left":[0,0,0,0,0,0,0,0,0],"id":8,"left_children":[1,3,5,-1,7,-1,-1,-1,-1],"loss_changes":[1.2020062E2,9.357269E0,1.3660202E0,0E0,6.1488676E-1,0E0,0E0,0E0,0E0],"parents":[2147483647,0,0,1,1,2,2,4,4],"right_children":[2,4,6,-1,8,-1,-1,-1,-1],"split_conditions":[6.0329604E-1,3.0070898E-1,8.030992E-1,-4.4326326E-1,5.018329E-1,1.5700303E-1,4.4092104E-1,-1.501264E-1,-2.5300218E-2],"split_indices":[0,0,0,0,0,0,0,0,0],"split_type":[0,0,0,0,0,0,0,0,0],"sum_hessian":[9E0,5E0,4E0,2E0,3E0,2E0,2E0,2E0,1E0],"tree_param":{"num_deleted":"0","num_feature":"2","num_nodes":"9","size_leaf_vector":"1"}},{"base_weights":[-3.5375215E-2,-2.849271E0,3.3483748E0,-4.1371256E-1,-1.1710625E0,1.4653601E-1,4.115265E-1,-1.4011817E-1,-2.4035264E-2],"categories":[],"categories_nodes":[],"categories_segments":[],"categories_sizes":[],"default_left":[0,0,0,0,0,0,0,0,0],"id":9,"left_children":[1,3,5,-1,7,-1,-1,-1,-1],"loss_changes":[1.04755646E2,8.122898E0,1.1899796E0,0E0,5.1991796E-1,0E0,0E0,0E0,0E0],"parents":[2147483647,0,0,1,1,2,2,4,4],"right_children":[2,4,6,-1,8,-1,-1,-1,-1],"split_conditions":[6.0329604E-1,3.0070898E-1,8.030992E-1,-4.1371256E-1,5.018329E-1,1.4653601E-1,4.115265E-1,-1.4011817E-1,-2.4035264E-2],"split_indices":[0,0,0,0,0,0,0,0,0],"split_type":[0,0,0,0,0,0,0,0,0],"sum_hessian":[9E0,5E0,4E0,2E0,3E0,2E0,2E0,2E0,1E0],"tree_param":{"num_deleted":"0","num_feature":"2","num_nodes":"9","size_leaf_vector":"1"}},{"base_weights":[-3.381882E-2,-2.6606548E0,3.125148E0,-3.861318E-1,-1.0949936E0,1.3676682E-1,3.840912E-1,-1.3077673E-1,-2.2833634E-2],"categories":[],"categories_nodes":[],"categories_segments":[],"categories_sizes":[],"default_left":[0,0,0,0,0,0,0,0,0],"id":10,"left_children":[1,3,5,-1,7,-1,-1,-1,-1],"loss_changes":[9.1295815E1,7.050873E0,1.0366096E0,0E0,4.3899632E-1,0E0,0E0,0E0,0E0],"parents":[2147483647,0,0,1,1,2,2,4,4],"right_children":[2,4,6,-1,8,-1,-1,-1,-1],"split_conditions":[6.0329604E-1,3.0070898E-1,8.030992E-1,-3.861318E-1,5.018329E-1,1.3676682E-1,3.840912E-1,-1.3077673E-1,-2.2833634E-2],"split_indices":[0,0,0,0,0,0,0,0,0],"split_type":[0,0,0,0,0,0,0,0,0],"sum_hessian":[9E0,5E0,4E0,2E0,3E0,2E0,2E0,2E0,1E0],"tree_param":{"num_deleted":"0","num_feature":"2","num_nodes":"9","size_leaf_vector":"1"}},{"base_weights":[-3.2325745E-2,-2.4845467E0,2.9168046E0,-3.603897E-1,-1.0238972E0,1.2764917E-1,3.5848492E-1,-1.22058354E-1,-2.1691894E-2],"categories":[],"categories_nodes":[],"categories_segments":[],"categories_sizes":[],"default_left":[0,0,0,0,0,0,0,0,0],"id":11,"left_children":[1,3,5,-1,7,-1,-1,-1,-1],"loss_changes":[7.956612E1,6.119854E0,9.029808E-1,0E0,3.7011862E-1,0E0,0E0,0E0,0E0],"parents":[2147483647,0,0,1,1,2,2,4,4],"right_children":[2,4,6,-1,8,-1,-1,-1,-1],"split_conditions":[6.0329604E-1,3.0070898E-1,8.030992E-1,-3.603897E-1,5.018329E-1,1.2764917E-1,3.5848492E-1,-1.22058354E-1,-2.1691894E-2],"split_indices":[0,0,0,0,0,0,0,0,0],"split_type":[0,0,0,0,0,0,0,0,0],"sum_hessian":[9E0,5E0,4E0,2E0,3E0,2E0,2E0,2E0,1E0],"tree_param":{"num_deleted":"0","num_feature":"2","num_nodes":"9","size_leaf_vector":"1"}},{"base_weights":[-3.0893708E-2,-2.3201168E0,2.7223525E0,-3.3636373E-1,-9.5744705E-1,1.1913935E-1,3.3458608E-1,-1.1392136E-1,-2.0607376E-2],"categories":[],"categories_nodes":[],"categories_segments":[],"categories_sizes":[],"default_left":[0,0,0,0,0,0,0,0,0],"id":12,"left_children":[1,3,5,-1,7,-1,-1,-1,-1],"loss_changes":[6.9344124E1,5.3113365E0,7.865906E-1,0E0,3.115363E-1,0E0,0E0,0E0,0E0],"parents":[2147483647,0,0,1,1,2,2,4,4],"right_children":[2,4,6,-1,8,-1,-1,-1,-1],"split_conditions":[6.0329604E-1,3.0070898E-1,8.030992E-1,-3.3636373E-1,5.018329E-1,1.1913935E-1,3.3458608E-1,-1.1392136E-1,-2.0607376E-2],"split_indices":[0,0,0,0,0,0,0,0,0],"split_type":[0,0,0,0,0,0,0,0,0],"sum_hessian":[9E0,5E0,4E0,2E0,3E0,2E0,2E0,2E0,1E0],"tree_param":{"num_deleted":"0","num_feature":"2","num_nodes":"9","size_leaf_vector":"1"}},{"base_weights":[-2.9521178E-2,-2.1665866E0,2.5408616E0,-3.1393942E-1,-8.9533424E-1,1.1119665E-1,3.1228027E-1,-1.0632654E-1,-1.9577026E-2],"categories":[],"categories_nodes":[],"categories_segments":[],"categories_sizes":[],"default_left":[0,0,0,0,0,0,0,0,0],"id":13,"left_children":[1,3,5,-1,7,-1,-1,-1,-1],"loss_changes":[6.043575E1,4.609297E0,6.85215E-1,0E0,2.6175904E-1,0E0,0E0,0E0,0E0],"parents":[2147483647,0,0,1,1,2,2,4,4],"right_children":[2,4,6,-1,8,-1,-1,-1,-1],"split_conditions":[6.0329604E-1,3.0070898E-1,8.030992E-1,-3.1393942E-1,5.018329E-1,1.1119665E-1,3.1228027E-1,-1.0632654E-1,-1.9577026E-2],"split_indices":[0,0,0,0,0,0,0,0,0],"split_type":[0,0,0,0,0,0,0,0,0],"sum_hessian":[9E0,5E0,4E0,2E0,3E0,2E0,2E0,2E0,1E0],"tree_param":{"num_deleted":"0","num_feature":"2","num_nodes":"9","size_leaf_vector":"1"}},{"base_weights":[-2.8205872E-2,-2.0232353E0,2.3714707E0,-2.9300997E-1,-8.3727837E-1,6.4899065E-2,2.639843E-1,-9.923833E-2,-1.8598175E-2],"categories":[],"categories_nodes":[],"categories_segments":[],"categories_sizes":[],"default_left":[0,0,0,0,0,0,0,0,0],"id":14,"left_children":[1,3,5,-1,7,-1,-1,-1,-1],"loss_changes":[5.2672295E1,3.9997005E0,5.9809494E-1,0E0,2.1951175E-1,0E0,0E0,0E0,0E0],"parents":[2147483647,0,0,1,1,2,2,4,4],"right_children":[2,4,6,-1,8,-1,-1,-1,-1],"split_conditions":[6.0329604E-1,3.0070898E-1,7.023979E-1,-2.9300997E-1,5.018329E-1,6.4899065E-2,2.639843E-1,-9.923833E-2,-1.8598175E-2],"split_indices":[0,0,0,0,0,0,0,0,0],"split_type":[0,0,0,0,0,0,0,0,0],"sum_hessian":[9E0,5E0,4E0,2E0,3E0,1E0,3E0,2E0,1E0],"tree_param":{"num_deleted":"0","num_feature":"2","num_nodes":"9","size_leaf_vector":"1"}},{"base_weights":[-3.3582307E-2,-1.8893877E0,2.2001007E0,-2.7347615E-1,-7.830105E-1,9.282074E-2,2.7386272E-1,-9.262263E-2,-1.7668152E-2],"categories":[],"categories_nodes":[],"categories_segments":[],"categories_sizes":[],"default_left":[0,0,0,0,0,0,0,0,0],"id":15,"left_children":[1,3,5,-1,7,-1,-1,-1,-1],"loss_changes":[4.5609657E1,3.4704666E0,8.827286E-1,0E0,1.8369651E-1,0E0,0E0,0E0,0E0],"parents":[2147483647,0,0,1,1,2,2,4,4],"right_children":[2,4,6,-1,8,-1,-1,-1,-1],"split_conditions":[6.0329604E-1,3.0070898E-1,8.030992E-1,-2.7347615E-1,5.018329E-1,9.282074E-2,2.7386272E-1,-9.262263E-2,-1.7668152E-2],"split_indices":[0,0,0,0,0,0,0,0,0],"split_type":[0,0,0,0,0,0,0,0,0],"sum_hessian":[9E0,5E0,4E0,2E0,3E0,2E0,2E0,2E0,1E0],"tree_param":{"num_deleted":"0","num_feature":"2","num_nodes":"9","size_leaf_vector":"1"}},{"base_weights":[-3.193283E-2,-1.7644106E0,2.0534272E0,-2.5524446E-1,-7.3228264E-1,8.6632796E-2,2.5560507E-1,-8.644791E-2,-1.6784668E-2],"categories":[],"categories_nodes":[],"categories_segments":[],"categories_sizes":[],"default_left":[0,0,0,0,0,0,0,0,0],"id":16,"left_children":[1,3,5,-1,7,-1,-1,-1,-1],"loss_changes":[3.9751484E1,3.0109997E0,7.689419E-1,0E0,1.5336585E-1,0E0,0E0,0E0,0E0],"parents":[2147483647,0,0,1,1,2,2,4,4],"right_children":[2,4,6,-1,8,-1,-1,-1,-1],"split_conditions":[6.0329604E-1,3.0070898E-1,8.030992E-1,-2.5524446E-1,5.018329E-1,8.6632796E-2,2.5560507E-1,-8.644791E-2,-1.6784668E-2],"split_indices":[0,0,0,0,0,0,0,0,0],"split_type":[0,0,0,0,0,0,0,0,0],"sum_hessian":[9E0,5E0,4E0,2E0,3E0,2E0,2E0,2E0,1E0],"tree_param":{"num_deleted":"0","num_feature":"2","num_nodes":"9","size_leaf_vector":"1"}},{"base_weights":[-3.0364227E-2,-1.6477165E0,1.9165313E0,-2.3822835E-1,-6.8486214E-1,8.0857344E-2,2.3856457E-1,-8.068466E-2,-1.5945435E-2],"categories":[],"categories_nodes":[],"categories_segments":[],"categories_sizes":[],"default_left":[0,0,0,0,0,0,0,0,0],"id":17,"left_children":[1,3,5,-1,7,-1,-1,-1,-1],"loss_changes":[3.464606E1,2.6121502E0,6.698227E-1,0E0,1.2771118E-1,0E0,0E0,0E0,0E0],"parents":[2147483647,0,0,1,1,2,2,4,4],"right_children":[2,4,6,-1,8,-1,-1,-1,-1],"split_conditions":[6.0329604E-1,3.0070898E-1,8.030992E-1,-2.3822835E-1,5.018329E-1,8.0857344E-2,2.3856457E-1,-8.068466E-2,-1.5945435E-2],"split_indices":[0,0,0,0,0,0,0,0,0],"split_type":[0,0,0,0,0,0,0,0,0],"sum_hessian":[9E0,5E0,4E0,2E0,3E0,2E0,2E0,2E0,1E0],"tree_param":{"num_deleted":"0","num_feature":"2","num_nodes":"9","size_leaf_vector":"1"}},{"base_weights":[-2.8871918E-2,-1.538756E0,1.7887634E0,-1.99926E-1,-4.118322E-2,7.546692E-2,2.2266033E-1],"categories":[],"categories_nodes":[],"categories_segments":[],"categories_sizes":[],"default_left":[0,0,0,0,0,0,0],"id":18,"left_children":[1,3,5,-1,-1,-1,-1],"loss_changes":[3.019666E1,2.2903585E0,5.834904E-1,0E0,0E0,0E0,0E0],"parents":[2147483647,0,0,1,1,2,2],"right_children":[2,4,6,-1,-1,-1,-1],"split_conditions":[6.0329604E-1,4.004312E-1,8.030992E-1,-1.99926E-1,-4.118322E-2,7.546692E-2,2.2266033E-1],"split_indices":[0,0,0,0,0,0,0],"split_type":[0,0,0,0,0,0,0],"sum_hessian":[9E0,5E0,4E0,3E0,2E0,2E0,2E0],"tree_param":{"num_deleted":"0","num_feature":"2","num_nodes":"7","size_leaf_vector":"1"}},{"base_weights":[-2.0283509E-2,-1.4250641E0,1.6695099E0,-2.0901795E-1,-5.6996155E-1,7.043559E-2,2.0781605E-1,-6.726888E-2,-1.3088989E-2],"categories":[],"categories_nodes":[],"categories_segments":[],"categories_sizes":[],"default_left":[0,0,0,0,0,0,0,0,0],"id":19,"left_children":[1,3,5,-1,7,-1,-1,-1,-1],"loss_changes":[2.6117048E1,2.2211294E0,5.082903E-1,0E0,9.237027E-2,0E0,0E0,0E0,0E0],"parents":[2147483647,0,0,1,1,2,2,4,4],"right_children":[2,4,6,-1,8,-1,-1,-1,-1],"split_conditions":[6.0329604E-1,3.0070898E-1,8.030992E-1,-2.0901795E-1,5.018329E-1,7.043559E-2,2.0781605E-1,-6.726888E-2,-1.3088989E-2],"split_indices":[0,0,0,0,0,0,0,0,0],"split_type":[0,0,0,0,0,0,0,0,0],"sum_hessian":[9E0,5E0,4E0,2E0,3E0,2E0,2E0,2E0,1E0],"tree_param":{"num_deleted":"0","num_feature":"2","num_nodes":"9","size_leaf_vector":"1"}},{"base_weights":[-1.9367982E-2,-1.3307877E0,1.5582092E0,-2.2631264E-1,-6.916946E-1,6.573995E-2,1.9396159E-1,-8.024464E-2,-1.2434388E-2],"categories":[],"categories_nodes":[],"categories_segments":[],"categories_sizes":[],"default_left":[0,0,0,0,0,0,0,0,0],"id":20,"left_children":[1,3,5,-1,7,-1,-1,-1,-1],"loss_changes":[2.2762304E1,2.0097141E0,4.427719E-1,0E0,2.1439624E-1,0E0,0E0,0E0,0E0],"parents":[2147483647,0,0,1,1,2,2,4,4],"right_children":[2,4,6,-1,8,-1,-1,-1,-1],"split_conditions":[6.0329604E-1,2.0099443E-1,8.030992E-1,-2.2631264E-1,5.018329E-1,6.573995E-2,1.9396159E-1,-8.024464E-2,-1.2434388E-2],"split_indices":[0,0,0,0,0,0,0,0,0],"split_type":[0,0,0,0,0,0,0,0,0],"sum_hessian":[9E0,5E0,4E0,1E0,4E0,2E0,2E0,3E0,1E0],"tree_param":{"num_deleted":"0","num_feature":"2","num_nodes":"9","size_leaf_vector":"1"}},{"base_weights":[-2.3360442E-2,-1.2508736E0,1.4543273E0,-2.149971E-1,-6.410599E-1,6.135712E-2,1.810308E-1,-7.422619E-2,-1.1812592E-2],"categories":[],"categories_nodes":[],"categories_segments":[],"categories_sizes":[],"default_left":[0,0,0,0,0,0,0,0,0],"id":21,"left_children":[1,3,5,-1,7,-1,-1,-1,-1],"loss_changes":[1.9957993E1,1.9114313E0,3.8571072E-1,0E0,1.7692947E-1,0E0,0E0,0E0,0E0],"parents":[2147483647,0,0,1,1,2,2,4,4],"right_children":[2,4,6,-1,8,-1,-1,-1,-1],"split_conditions":[6.0329604E-1,2.0099443E-1,8.030992E-1,-2.149971E-1,5.018329E-1,6.135712E-2,1.810308E-1,-7.422619E-2,-1.1812592E-2],"split_indices":[0,0,0,0,0,0,0,0,0],"split_type":[0,0,0,0,0,0,0,0,0],"sum_hessian":[9E0,5E0,4E0,1E0,4E0,2E0,2E0,3E0,1E0],"tree_param":{"num_deleted":"0","num_feature":"2","num_nodes":"9","size_leaf_vector":"1"}},{"base_weights":[-2.6889037E-2,-1.1759592E0,1.357373E0,-2.0424728E-1,-5.94162E-1,5.7266742E-2,1.689621E-1,-6.865921E-2,-1.1222077E-2],"categories":[],"categories_nodes":[],"categories_segments":[],"categories_sizes":[],"default_left":[0,0,0,0,0,0,0,0,0],"id":22,"left_children":[1,3,5,-1,7,-1,-1,-1,-1],"loss_changes":[1.750236E1,1.8112516E0,3.359928E-1,0E0,1.4567971E-1,0E0,0E0,0E0,0E0],"parents":[2147483647,0,0,1,1,2,2,4,4],"right_children":[2,4,6,-1,8,-1,-1,-1,-1],"split_conditions":[6.0329604E-1,2.0099443E-1,8.030992E-1,-2.0424728E-1,5.018329E-1,5.7266742E-2,1.689621E-1,-6.865921E-2,-1.1222077E-2],"split_indices":[0,0,0,0,0,0,0,0,0],"split_type":[0,0,0,0,0,0,0,0,0],"sum_hessian":[9E0,5E0,4E0,1E0,4E0,2E0,2E0,3E0,1E0],"tree_param":{"num_deleted":"0","num_feature":"2","num_nodes":"9","size_leaf_vector":"1"}},{"base_weights":[-2.9990386E-2,-1.1057192E0,1.2668823E0,-1.9403496E-1,-5.5072325E-1,5.3448994E-2,1.5769807E-1,-6.350994E-2,-1.0660934E-2],"categories":[],"categories_nodes":[],"categories_segments":[],"categories_sizes":[],"default_left":[0,0,0,0,0,0,0,0,0],"id":23,"left_children":[1,3,5,-1,7,-1,-1,-1,-1],"loss_changes":[1.5351649E1,1.7107034E0,2.9268837E-1,0E0,1.1965549E-1,0E0,0E0,0E0,0E0],"parents":[2147483647,0,0,1,1,2,2,4,4],"right_children":[2,4,6,-1,8,-1,-1,-1,-1],"split_conditions":[6.0329604E-1,2.0099443E-1,8.030992E-1,-1.9403496E-1,5.018329E-1,5.3448994E-2,1.5769807E-1,-6.350994E-2,-1.0660934E-2],"split_indices":[0,0,0,0,0,0,0,0,0],"split_type":[0,0,0,0,0,0,0,0,0],"sum_hessian":[9E0,5E0,4E0,1E0,4E0,2E0,2E0,3E0,1E0],"tree_param":{"num_deleted":"0","num_feature":"2","num_nodes":"9","size_leaf_vector":"1"}},{"base_weights":[-3.269882E-2,-1.0398496E0,1.1824219E0,-1.8433304E-1,-5.104874E-1,2.9452896E-2,1.330763E-1,-5.874691E-2,-1.0128021E-2],"categories":[],"categories_nodes":[],"categories_segments":[],"categories_sizes":[],"default_left":[0,0,0,0,0,0,0,0,0],"id":24,"left_children":[1,3,5,-1,7,-1,-1,-1,-1],"loss_changes":[1.3467638E1,1.6109977E0,2.666068E-1,0E0,9.8008394E-2,0E0,0E0,0E0,0E0],"parents":[2147483647,0,0,1,1,2,2,4,4],"right_children":[2,4,6,-1,8,-1,-1,-1,-1],"split_conditions":[6.0329604E-1,2.0099443E-1,7.023979E-1,-1.8433304E-1,5.018329E-1,2.9452896E-2,1.330763E-1,-5.874691E-2,-1.0128021E-2],"split_indices":[0,0,0,0,0,0,0,0,0],"split_type":[0,0,0,0,0,0,0,0,0],"sum_hessian":[9E0,5E0,4E0,1E0,4E0,1E0,3E0,3E0,1E0],"tree_param":{"num_deleted":"0","num_feature":"2","num_nodes":"9","size_leaf_vector":"1"}},{"base_weights":[-3.849716E-2,-9.780655E-1,1.0966842E0,-1.7511635E-1,-4.732132E-1,4.4467926E-2,1.3831279E-1,-5.4340936E-2,-9.621429E-3],"categories":[],"categories_nodes":[],"categories_segments":[],"categories_sizes":[],"default_left":[0,0,0,0,0,0,0,0,0],"id":25,"left_children":[1,3,5,-1,7,-1,-1,-1,-1],"loss_changes":[1.1738434E1,1.5131288E0,3.1876516E-1,0E0,8.003569E-2,0E0,0E0,0E0,0E0],"parents":[2147483647,0,0,1,1,2,2,4,4],"right_children":[2,4,6,-1,8,-1,-1,-1,-1],"split_conditions":[6.0329604E-1,2.0099443E-1,8.030992E-1,-1.7511635E-1,5.018329E-1,4.4467926E-2,1.3831279E-1,-5.4340936E-2,-9.621429E-3],"split_indices":[0,0,0,0,0,0,0,0,0],"split_type":[0,0,0,0,0,0,0,0,0],"sum_hessian":[9E0,5E0,4E0,1E0,4E0,2E0,2E0,3E0,1E0],"tree_param":{"num_deleted":"0","num_feature":"2","num_nodes":"9","size_leaf_vector":"1"}},{"base_weights":[-4.0276337E-2,-9.201037E-1,1.0235717E0,-1.6636048E-1,-4.3868256E-1,4.1503396E-2,1.290919E-1,-5.0265122E-2,-9.1403965E-3],"categories":[],"categories_nodes":[],"categories_segments":[],"categories_sizes":[],"default_left":[0,0,0,0,0,0,0,0,0],"id":26,"left_children":[1,3,5,-1,7,-1,-1,-1,-1],"loss_changes":[1.0301819E1,1.4178286E0,2.7767897E-1,0E0,6.513041E-2,0E0,0E0,0E0,0E0],"parents":[2147483647,0,0,1,1,2,2,4,4],"right_children":[2,4,6,-1,8,-1,-1,-1,-1],"split_conditions":[6.0329604E-1,2.0099443E-1,8.030992E-1,-1.6636048E-1,5.018329E-1,4.1503396E-2,1.290919E-1,-5.0265122E-2,-9.1403965E-3],"split_indices":[0,0,0,0,0,0,0,0,0],"split_type":[0,0,0,0,0,0,0,0,0],"sum_hessian":[9E0,5E0,4E0,1E0,4E0,2E0,2E0,3E0,1E0],"tree_param":{"num_deleted":"0","num_feature":"2","num_nodes":"9","size_leaf_vector":"1"}},{"base_weights":[-4.1766357E-2,-8.6572266E-1,9.553345E-1,-1.5804254E-1,-4.066971E-1,4.923458E-2,1.4036445E-1,-4.6495438E-2,-8.683396E-3],"categories":[],"categories_nodes":[],"categories_segments":[],"categories_sizes":[],"default_left":[0,0,0,0,0,0,0,0,0],"id":27,"left_children":[1,3,5,-1,7,-1,-1,-1,-1],"loss_changes":[9.042729E0,1.3256464E0,3.4673405E-1,0E0,5.2798033E-2,0E0,0E0,0E0,0E0],"parents":[2147483647,0,0,1,1,2,2,4,4],"right_children":[2,4,6,-1,8,-1,-1,-1,-1],"split_conditions":[6.0329604E-1,2.0099443E-1,9.03377E-1,-1.5804254E-1,5.018329E-1,4.923458E-2,1.4036445E-1,-4.6495438E-2,-8.683396E-3],"split_indices":[0,0,0,0,0,0,0,0,0],"split_type":[0,0,0,0,0,0,0,0,0],"sum_hessian":[9E0,5E0,4E0,1E0,4E0,3E0,1E0,3E0,1E0],"tree_param":{"num_deleted":"0","num_feature":"2","num_nodes":"9","size_leaf_vector":"1"}},{"base_weights":[-3.995209E-2,-8.146884E-1,8.977219E-1,-1.5014039E-1,-3.7706453E-1,4.5542147E-2,1.3334619E-1,-4.3008424E-2,-8.249283E-3],"categories":[],"categories_nodes":[],"categories_segments":[],"categories_sizes":[],"default_left":[0,0,0,0,0,0,0,0,0],"id":28,"left_children":[1,3,5,-1,7,-1,-1,-1,-1],"loss_changes":[7.995864E0,1.2370124E0,3.5635233E-1,0E0,4.261166E-2,0E0,0E0,0E0,0E0],"parents":[2147483647,0,0,1,1,2,2,4,4],"right_children":[2,4,6,-1,8,-1,-1,-1,-1],"split_conditions":[6.0329604E-1,2.0099443E-1,9.03377E-1,-1.5014039E-1,5.018329E-1,4.5542147E-2,1.3334619E-1,-4.3008424E-2,-8.249283E-3],"split_indices":[0,0,0,0,0,0,0,0,0],"split_type":[0,0,0,0,0,0,0,0,0],"sum_hessian":[9E0,5E0,4E0,1E0,4E0,3E0,1E0,3E0,1E0],"tree_param":{"num_deleted":"0","num_feature":"2","num_nodes":"9","size_leaf_vector":"1"}},{"base_weights":[-3.8208008E-2,-7.6678723E-1,8.4372866E-1,-1.4263344E-1,-3.496109E-1,4.2126656E-2,1.2667885E-1,-3.9782908E-2,-7.836915E-3],"categories":[],"categories_nodes":[],"categories_segments":[],"categories_sizes":[],"default_left":[0,0,0,0,0,0,0,0,0],"id":29,"left_children":[1,3,5,-1,7,-1,-1,-1,-1],"loss_changes":[7.0725675E0,1.1522226E0,3.5997772E-1,0E0,3.4216344E-2,0E0,0E0,0E0,0E0],"parents":[2147483647,0,0,1,1,2,2,4,4],"right_children":[2,4,6,-1,8,-1,-1,-1,-1],"split_conditions":[6.0329604E-1,2.0099443E-1,9.03377E-1,-1.4263344E-1,5.018329E-1,4.2126656E-2,1.2667885E-1,-3.9782908E-2,-7.836915E-3],"split_indices":[0,0,0,0,0,0,0,0,0],"split_type":[0,0,0,0,0,0,0,0,0],"sum_hessian":[9E0,5E0,4E0,1E0,4E0,3E0,1E0,3E0,1E0],"tree_param":{"num_deleted":"0","num_feature":"2","num_nodes":"9","size_leaf_vector":"1"}},{"base_weights":[-3.653412E-2,-7.218196E-1,7.9311526E-1,-1.3550186E-1,-3.24176E-1,3.8966943E-2,1.2034493E-1,-4.090551E-2,-1.312383E-2],"categories":[],"categories_nodes":[],"categories_segments":[],"categories_sizes":[],"default_left":[0,0,0,0,0,0,0,0,0],"id":30,"left_children":[1,3,5,-1,7,-1,-1,-1,-1],"loss_changes":[6.257952E0,1.0714605E0,3.5879016E-1,0E0,2.8198183E-2,0E0,0E0,0E0,0E0],"parents":[2147483647,0,0,1,1,2,2,4,4],"right_children":[2,4,6,-1,8,-1,-1,-1,-1],"split_conditions":[6.0329604E-1,2.0099443E-1,9.03377E-1,-1.3550186E-1,4.004312E-1,3.8966943E-2,1.2034493E-1,-4.090551E-2,-1.312383E-2],"split_indices":[0,0,0,0,0,0,0,0,0],"split_type":[0,0,0,0,0,0,0,0,0],"sum_hessian":[9E0,5E0,4E0,1E0,4E0,3E0,1E0,2E0,2E0],"tree_param":{"num_deleted":"0","num_feature":"2","num_nodes":"9","size_leaf_vector":"1"}},{"base_weights":[-3.590088E-2,-6.812248E-1,7.4566805E-1,-1.2872659E-1,-3.025635E-1,3.6044694E-2,1.14327624E-1,-3.4425925E-2,-6.789017E-3],"categories":[],"categories_nodes":[],"categories_segments":[],"categories_sizes":[],"default_left":[0,0,0,0,0,0,0,0,0],"id":31,"left_children":[1,3,5,-1,7,-1,-1,-1,-1],"loss_changes":[5.5516186E0,9.874263E-1,3.5374475E-1,0E0,2.555263E-2,0E0,0E0,0E0,0E0],"parents":[2147483647,0,0,1,1,2,2,4,4],"right_children":[2,4,6,-1,8,-1,-1,-1,-1],"split_conditions":[6.0329604E-1,2.0099443E-1,9.03377E-1,-1.2872659E-1,5.018329E-1,3.6044694E-2,1.14327624E-1,-3.4425925E-2,-6.789017E-3],"split_indices":[0,0,0,0,0,0,0,0,0],"split_type":[0,0,0,0,0,0,0,0,0],"sum_hessian":[9E0,5E0,4E0,1E0,4E0,3E0,1E0,3E0,1E0],"tree_param":{"num_deleted":"0","num_feature":"2","num_nodes":"9","size_leaf_vector":"1"}},{"base_weights":[-3.4267426E-2,-6.4142734E-1,7.0117795E-1,-1.22290425E-1,-2.8055114E-1,3.3341598E-2,1.086113E-1,-3.5883334E-2,-1.0875193E-2],"categories":[],"categories_nodes":[],"categories_segments":[],"categories_sizes":[],"default_left":[0,0,0,0,0,0,0,0,0],"id":32,"left_children":[1,3,5,-1,7,-1,-1,-1,-1],"loss_changes":[4.9150844E0,9.1595984E-1,3.4569502E-1,0E0,2.8220236E-2,0E0,0E0,0E0,0E0],"parents":[2147483647,0,0,1,1,2,2,4,4],"right_children":[2,4,6,-1,8,-1,-1,-1,-1],"split_conditions":[6.0329604E-1,2.0099443E-1,9.03377E-1,-1.22290425E-1,4.004312E-1,3.3341598E-2,1.086113E-1,-3.5883334E-2,-1.0875193E-2],"split_indices":[0,0,0,0,0,0,0,0,0],"split_type":[0,0,0,0,0,0,0,0,0],"sum_hessian":[9E0,5E0,4E0,1E0,4E0,3E0,1E0,2E0,2E0],"tree_param":{"num_deleted":"0","num_feature":"2","num_nodes":"9","size_leaf_vector":"1"}},{"base_weights":[-3.3551026E-2,-6.054611E-1,6.594513E-1,-1.16175845E-1,-2.6184997E-1,3.0841066E-2,1.031807E-1,-3.3491265E-2,-1.0150401E-2],"categories":[],"categories_nodes":[],"categories_segments":[],"categories_sizes":[],"default_left":[0,0,0,0,0,0,0,0,0],"id":33,"left_children":[1,3,5,-1,7,-1,-1,-1,-1],"loss_changes":[4.3626223E0,8.4269357E-1,3.3533978E-1,0E0,2.4581492E-2,0E0,0E0,0E0,0E0],"parents":[2147483647,0,0,1,1,2,2,4,4],"right_children":[2,4,6,-1,8,-1,-1,-1,-1],"split_conditions":[6.0329604E-1,2.0099443E-1,9.03377E-1,-1.16175845E-1,4.004312E-1,3.0841066E-2,1.031807E-1,-3.3491265E-2,-1.0150401E-2],"split_indices":[0,0,0,0,0,0,0,0,0],"split_type":[0,0,0,0,0,0,0,0,0],"sum_hessian":[9E0,5E0,4E0,1E0,4E0,3E0,1E0,2E0,2E0],"tree_param":{"num_deleted":"0","num_feature":"2","num_nodes":"9","size_leaf_vector":"1"}},{"base_weights":[-3.2775115E-2,-5.715523E-1,6.203125E-1,-1.103672E-1,-2.4439391E-1,2.8528214E-2,9.80217E-2,-3.1258393E-2,-9.473928E-3],"categories":[],"categories_nodes":[],"categories_segments":[],"categories_sizes":[],"default_left":[0,0,0,0,0,0,0,0,0],"id":34,"left_children":[1,3,5,-1,7,-1,-1,-1,-1],"loss_changes":[3.8732278E0,7.7479386E-1,3.2325625E-1,0E0,2.1410793E-2,0E0,0E0,0E0,0E0],"parents":[2147483647,0,0,1,1,2,2,4,4],"right_children":[2,4,6,-1,8,-1,-1,-1,-1],"split_conditions":[6.0329604E-1,2.0099443E-1,9.03377E-1,-1.103672E-1,4.004312E-1,2.8528214E-2,9.80217E-2,-3.1258393E-2,-9.473928E-3],"split_indices":[0,0,0,0,0,0,0,0,0],"split_type":[0,0,0,0,0,0,0,0,0],"sum_hessian":[9E0,5E0,4E0,1E0,4E0,3E0,1E0,2E0,2E0],"tree_param":{"num_deleted":"0","num_feature":"2","num_nodes":"9","size_leaf_vector":"1"}},{"base_weights":[-3.1951904E-2,-5.3958005E-1,5.8359224E-1,-1.0484886E-1,-2.2810058E-1,2.638874E-2,9.3120575E-2,-2.9174551E-2,-8.842214E-3],"categories":[],"categories_nodes":[],"categories_segments":[],"categories_sizes":[],"default_left":[0,0,0,0,0,0,0,0,0],"id":35,"left_children":[1,3,5,-1,7,-1,-1,-1,-1],"loss_changes":[3.4395697E0,7.119267E-1,3.099352E-1,0E0,1.865235E-2,0E0,0E0,0E0,0E0],"parents":[2147483647,0,0,1,1,2,2,4,4],"right_children":[2,4,6,-1,8,-1,-1,-1,-1],"split_conditions":[6.0329604E-1,2.0099443E-1,9.03377E-1,-1.0484886E-1,4.004312E-1,2.638874E-2,9.3120575E-2,-2.9174551E-2,-8.842214E-3],"split_indices":[0,0,0,0,0,0,0,0,0],"split_type":[0,0,0,0,0,0,0,0,0],"sum_hessian":[9E0,5E0,4E0,1E0,4E0,3E0,1E0,2E0,2E0],"tree_param":{"num_deleted":"0","num_feature":"2","num_nodes":"9","size_leaf_vector":"1"}},{"base_weights":[-3.1092834E-2,-5.094325E-1,5.491333E-1,-9.960633E-2,-2.1289368E-1,2.4409485E-1,8.846436E-2,-2.7229562E-2,-8.252717E-3,7.1315765E-3,2.7791595E-2],"categories":[],"categories_nodes":[],"categories_segments":[],"categories_sizes":[],"default_left":[0,0,0,0,0,0,0,0,0,0,0],"id":36,"left_children":[1,3,5,-1,7,9,-1,-1,-1,-1,-1],"loss_changes":[3.055198E0,6.5377367E-1,2.9578066E-1,0E0,1.624833E-2,3.554508E-3,0E0,0E0,0E0,0E0,0E0],"parents":[2147483647,0,0,1,1,2,2,4,4,5,5],"right_children":[2,4,6,-1,8,10,-1,-1,-1,-1,-1],"split_conditions":[6.0329604E-1,2.0099443E-1,9.03377E-1,-9.960633E-2,4.004312E-1,7.023979E-1,8.846436E-2,-2.7229562E-2,-8.252717E-3,7.1315765E-3,2.7791595E-2],"split_indices":[0,0,0,0,0,0,0,0,0,0,0],"split_type":[0,0,0,0,0,0,0,0,0,0,0],"sum_hessian":[9E0,5E0,4E0,1E0,4E0,3E0,1E0,2E0,2E0,1E0,2E0],"tree_param":{"num_deleted":"0","num_feature":"2","num_nodes":"11","size_leaf_vector":"1"}},{"base_weights":[-2.9153442E-2,-4.810028E-1,5.1889646E-1,-8.0237836E-2,-1.1972046E-2,2.2841454E-1,8.4041215E-2,6.7749023E-3,2.593867E-2],"categories":[],"categories_nodes":[],"categories_segments":[],"categories_sizes":[],"default_left":[0,0,0,0,0,0,0,0,0],"id":37,"left_children":[1,3,5,-1,-1,7,-1,-1,-1],"loss_changes":[2.7259507E0,6.0058284E-1,2.750101E-1,0E0,0E0,2.3314357E-3,0E0,0E0,0E0],"parents":[2147483647,0,0,1,1,2,2,5,5],"right_children":[2,4,6,-1,-1,8,-1,-1,-1],"split_conditions":[6.0329604E-1,3.0070898E-1,9.03377E-1,-8.0237836E-2,-1.1972046E-2,7.023979E-1,8.4041215E-2,6.7749023E-3,2.593867E-2],"split_indices":[0,0,0,0,0,0,0,0,0],"split_type":[0,0,0,0,0,0,0,0,0],"sum_hessian":[9E0,5E0,4E0,2E0,3E0,3E0,1E0,1E0,2E0],"tree_param":{"num_deleted":"0","num_feature":"2","num_nodes":"9","size_leaf_vector":"1"}},{"base_weights":[-2.3783874E-2,-4.4827142E-1,4.9035797E-1,-9.061394E-2,-1.7546996E-1,2.1375084E-1,7.983933E-2,-2.019806E-2,-3.4713745E-3,6.4361575E-3,2.4209341E-2],"categories":[],"categories_nodes":[],"categories_segments":[],"categories_sizes":[],"default_left":[0,0,0,0,0,0,0,0,0,0,0],"id":38,"left_children":[1,3,5,-1,7,9,-1,-1,-1,-1,-1],"loss_changes":[2.4022818E0,5.9044194E-1,2.5536668E-1,0E0,1.1646166E-2,1.3547689E-3,0E0,0E0,0E0,0E0,0E0],"parents":[2147483647,0,0,1,1,2,2,4,4,5,5],"right_children":[2,4,6,-1,8,10,-1,-1,-1,-1,-1],"split_conditions":[6.0329604E-1,2.0099443E-1,9.03377E-1,-9.061394E-2,5.018329E-1,7.023979E-1,7.983933E-2,-2.019806E-2,-3.4713745E-3,6.4361575E-3,2.4209341E-2],"split_indices":[0,0,0,0,0,0,0,0,0,0,0],"split_type":[0,0,0,0,0,0,0,0,0,0,0],"sum_hessian":[9E0,5E0,4E0,1E0,4E0,3E0,1E0,3E0,1E0,1E0,2E0],"tree_param":{"num_deleted":"0","num_feature":"2","num_nodes":"11","size_leaf_vector":"1"}},{"base_weights":[-2.17865E-2,-4.2249298E-1,4.6341857E-1,-8.6083226E-2,-1.6265869E-1,2.00037E-1,7.5847246E-2,-2.0994313E-2,-6.115468E-3,6.114197E-3,2.259547E-2],"categories":[],"categories_nodes":[],"categories_segments":[],"categories_sizes":[],"default_left":[0,0,0,0,0,0,0,0,0,0,0],"id":39,"left_children":[1,3,5,-1,7,9,-1,-1,-1,-1,-1],"loss_changes":[2.1400394E0,5.4335165E-1,2.368362E-1,0E0,1.1158779E-2,5.84051E-4,0E0,0E0,0E0,0E0,0E0],"parents":[2147483647,0,0,1,1,2,2,4,4,5,5],"right_children":[2,4,6,-1,8,10,-1,-1,-1,-1,-1],"split_conditions":[6.0329604E-1,2.0099443E-1,9.03377E-1,-8.6083226E-2,4.004312E-1,7.023979E-1,7.5847246E-2,-2.0994313E-2,-6.115468E-3,6.114197E-3,2.259547E-2],"split_indices":[0,0,0,0,0,0,0,0,0,0,0],"split_type":[0,0,0,0,0,0,0,0,0,0,0],"sum_hessian":[9E0,5E0,4E0,1E0,4E0,3E0,1E0,2E0,2E0,1E0,2E0],"tree_param":{"num_deleted":"0","num_feature":"2","num_nodes":"11","size_leaf_vector":"1"}},{"base_weights":[-2.047043E-2,-3.991076E-1,4.3798828E-1,-8.17791E-2,-1.5181275E-1,1.8721009E-2,7.205506E-2,-1.9594574E-2,-5.7075503E-3],"categories":[],"categories_nodes":[],"categories_segments":[],"categories_sizes":[],"default_left":[0,0,0,0,0,0,0,0,0],"id":40,"left_children":[1,3,5,-1,7,-1,-1,-1,-1],"loss_changes":[1.9106996E0,4.9707848E-1,2.1940798E-1,0E0,9.721488E-3,0E0,0E0,0E0,0E0],"parents":[2147483647,0,0,1,1,2,2,4,4],"right_children":[2,4,6,-1,8,-1,-1,-1,-1],"split_conditions":[6.0329604E-1,2.0099443E-1,9.03377E-1,-8.17791E-2,4.004312E-1,1.8721009E-2,7.205506E-2,-1.9594574E-2,-5.7075503E-3],"split_indices":[0,0,0,0,0,0,0,0,0],"split_type":[0,0,0,0,0,0,0,0,0],"sum_hessian":[9E0,5E0,4E0,1E0,4E0,3E0,1E0,2E0,2E0],"tree_param":{"num_deleted":"0","num_feature":"2","num_nodes":"9","size_leaf_vector":"1"}},{"base_weights":[-2.0054627E-2,-3.7704468E-1,4.1234437E-1,-7.7690125E-2,-1.4169312E-1,1.7316818E-1,6.8452455E-2,-1.8288422E-2,-5.3270976E-3,4.872513E-3,1.9840749E-2],"categories":[],"categories_nodes":[],"categories_segments":[],"categories_sizes":[],"default_left":[0,0,0,0,0,0,0,0,0,0,0],"id":41,"left_children":[1,3,5,-1,7,9,-1,-1,-1,-1,-1],"loss_changes":[1.6990936E0,4.5455962E-1,2.0695728E-1,0E0,8.468606E-3,2.895996E-3,0E0,0E0,0E0,0E0,0E0],"parents":[2147483647,0,0,1,1,2,2,4,4,5,5],"right_children":[2,4,6,-1,8,10,-1,-1,-1,-1,-1],"split_conditions":[6.0329604E-1,2.0099443E-1,9.03377E-1,-7.7690125E-2,4.004312E-1,7.023979E-1,6.8452455E-2,-1.8288422E-2,-5.3270976E-3,4.872513E-3,1.9840749E-2],"split_indices":[0,0,0,0,0,0,0,0,0,0,0],"split_type":[0,0,0,0,0,0,0,0,0,0,0],"sum_hessian":[9E0,5E0,4E0,1E0,4E0,3E0,1E0,2E0,2E0,1E0,2E0],"tree_param":{"num_deleted":"0","num_feature":"2","num_nodes":"11","size_leaf_vector":"1"}},{"base_weights":[-1.8864442E-2,-3.5622534E-1,3.897415E-1,-7.380562E-2,-1.3224792E-1,1.6202736E-1,6.502991E-2,-1.531086E-2,-2.440262E-3,4.6287538E-3,1.8517813E-2],"categories":[],"categories_nodes":[],"categories_segments":[],"categories_sizes":[],"default_left":[0,0,0,0,0,0,0,0,0,0,0],"id":42,"left_children":[1,3,5,-1,7,9,-1,-1,-1,-1,-1],"loss_changes":[1.5173125E0,4.155224E-1,1.9129694E-1,0E0,7.5123757E-3,2.1464229E-3,0E0,0E0,0E0,0E0,0E0],"parents":[2147483647,0,0,1,1,2,2,4,4,5,5],"right_children":[2,4,6,-1,8,10,-1,-1,-1,-1,-1],"split_conditions":[6.0329604E-1,2.0099443E-1,9.03377E-1,-7.380562E-2,5.018329E-1,7.023979E-1,6.502991E-2,-1.531086E-2,-2.440262E-3,4.6287538E-3,1.8517813E-2],"split_indices":[0,0,0,0,0,0,0,0,0,0,0],"split_type":[0,0,0,0,0,0,0,0,0,0,0],"sum_hessian":[9E0,5E0,4E0,1E0,4E0,3E0,1E0,3E0,1E0,1E0,2E0],"tree_param":{"num_deleted":"0","num_feature":"2","num_nodes":"11","size_leaf_vector":"1"}},{"base_weights":[-1.7315675E-2,-3.358612E-1,3.684021E-1,-7.011528E-2,-1.22572325E-1,1.5161133E-1,6.177826E-2,-1.6048431E-2,-4.38029E-3,4.397202E-3,1.7283376E-2],"categories":[],"categories_nodes":[],"categories_segments":[],"categories_sizes":[],"default_left":[0,0,0,0,0,0,0,0,0,0,0],"id":43,"left_children":[1,3,5,-1,7,9,-1,-1,-1,-1,-1],"loss_changes":[1.3524187E0,3.8153398E-1,1.766541E-1,0E0,7.901847E-3,1.5376285E-3,0E0,0E0,0E0,0E0,0E0],"parents":[2147483647,0,0,1,1,2,2,4,4,5,5],"right_children":[2,4,6,-1,8,10,-1,-1,-1,-1,-1],"split_conditions":[6.0329604E-1,2.0099443E-1,9.03377E-1,-7.011528E-2,4.004312E-1,7.023979E-1,6.177826E-2,-1.6048431E-2,-4.38029E-3,4.397202E-3,1.7283376E-2],"split_indices":[0,0,0,0,0,0,0,0,0,0,0],"split_type":[0,0,0,0,0,0,0,0,0,0,0],"sum_hessian":[9E0,5E0,4E0,1E0,4E0,3E0,1E0,2E0,2E0,1E0,2E0],"tree_param":{"num_deleted":"0","num_feature":"2","num_nodes":"11","size_leaf_vector":"1"}},{"base_weights":[-1.6292572E-2,-3.1736755E-1,3.4825593E-1,-6.660958E-2,-1.1440277E-1,1.418724E-1,5.86895E-2,-1.4978791E-2,-4.088338E-3,4.177475E-3,1.6131338E-2],"categories":[],"categories_nodes":[],"categories_segments":[],"categories_sizes":[],"default_left":[0,0,0,0,0,0,0,0,0,0,0],"id":44,"left_children":[1,3,5,-1,7,9,-1,-1,-1,-1,-1],"loss_changes":[1.2080895E0,3.484741E-1,1.6299164E-1,0E0,6.8836287E-3,1.04516E-3,0E0,0E0,0E0,0E0,0E0],"parents":[2147483647,0,0,1,1,2,2,4,4,5,5],"right_children":[2,4,6,-1,8,10,-1,-1,-1,-1,-1],"split_conditions":[6.0329604E-1,2.0099443E-1,9.03377E-1,-6.660958E-2,4.004312E-1,7.023979E-1,5.86895E-2,-1.4978791E-2,-4.088338E-3,4.177475E-3,1.6131338E-2],"split_indices":[0,0,0,0,0,0,0,0,0,0,0],"split_type":[0,0,0,0,0,0,0,0,0,0,0],"sum_hessian":[9E0,5E0,4E0,1E0,4E0,3E0,1E0,2E0,2E0,1E0,2E0],"tree_param":{"num_deleted":"0","num_feature":"2","num_nodes":"11","size_leaf_vector":"1"}},{"base_weights":[-1.5331268E-2,-2.9991022E-1,3.2922974E-1,-6.3278966E-2,-1.0677643E-1,1.3276291E-1,5.575485E-2,-1.3980358E-2,-3.8157147E-3,3.9684298E-3,1.5056103E-2],"categories":[],"categories_nodes":[],"categories_segments":[],"categories_sizes":[],"default_left":[0,0,0,0,0,0,0,0,0,0,0],"id":45,"left_children":[1,3,5,-1,7,9,-1,-1,-1,-1,-1],"loss_changes":[1.0792874E0,3.1817454E-1,1.5026361E-1,0E0,5.9969947E-3,6.515905E-4,0E0,0E0,0E0,0E0,0E0],"parents":[2147483647,0,0,1,1,2,2,4,4,5,5],"right_children":[2,4,6,-1,8,10,-1,-1,-1,-1,-1],"split_conditions":[6.0329604E-1,2.0099443E-1,9.03377E-1,-6.3278966E-2,4.004312E-1,7.023979E-1,5.575485E-2,-1.3980358E-2,-3.8157147E-3,3.9684298E-3,1.5056103E-2],"split_indices":[0,0,0,0,0,0,0,0,0,0,0],"split_type":[0,0,0,0,0,0,0,0,0,0,0],"sum_hessian":[9E0,5E0,4E0,1E0,4E0,3E0,1E0,2E0,2E0,1E0,2E0],"tree_param":{"num_deleted":"0","num_feature":"2","num_nodes":"11","size_leaf_vector":"1"}},{"base_weights":[-1.4427948E-2,-4.9909973E-1,1.6912746E-1,-6.011505E-2,-1.4749909E-2,3.9126077E-3,4.4318137E-1,-5.082512E-3,7.559204E-3,1.3510132E-2,5.296707E-2],"categories":[],"categories_nodes":[],"categories_segments":[],"categories_sizes":[],"default_left":[0,0,0,0,0,0,0,0,0,0,0],"id":46,"left_children":[1,3,5,-1,-1,7,9,-1,-1,-1,-1],"loss_changes":[9.740528E-1,1.8974245E-2,3.6048824E-1,0E0,0E0,2.7383389E-2,8.377731E-3,0E0,0E0,0E0,0E0],"parents":[2147483647,0,0,1,1,2,2,5,5,6,6],"right_children":[2,4,6,-1,-1,8,10,-1,-1,-1,-1],"split_conditions":[3.0070898E-1,2.0099443E-1,8.030992E-1,-6.011505E-2,-1.4749909E-2,6.0329604E-1,9.03377E-1,-5.082512E-3,7.559204E-3,1.3510132E-2,5.296707E-2],"split_indices":[0,0,0,0,0,0,0,0,0,0,0],"split_type":[0,0,0,0,0,0,0,0,0,0,0],"sum_hessian":[9E0,2E0,7E0,1E0,1E0,5E0,2E0,3E0,2E0,1E0,1E0],"tree_param":{"num_deleted":"0","num_feature":"2","num_nodes":"11","size_leaf_vector":"1"}},{"base_weights":[-1.357727E-2,-4.7414652E-1,1.6083336E-1,-5.7109453E-2,-1.4012528E-2,3.932953E-3,4.2102304E-1,-4.7014236E-2,7.0551555E-3,1.2834549E-2,5.0318908E-2,-5.3019207E-3,-1.4499665E-3],"categories":[],"categories_nodes":[],"categories_segments":[],"categories_sizes":[],"default_left":[0,0,0,0,0,0,0,0,0,0,0,0,0],"id":47,"left_children":[1,3,5,-1,-1,7,9,11,-1,-1,-1,-1,-1],"loss_changes":[8.795402E-1,1.7123342E-2,3.249351E-1,0E0,0E0,2.3681112E-2,7.562399E-3,1.2235716E-5,0E0,0E0,0E0,0E0,0E0],"parents":[2147483647,0,0,1,1,2,2,5,5,6,6,7,7],"right_children":[2,4,6,-1,-1,8,10,12,-1,-1,-1,-1,-1],"split_conditions":[3.0070898E-1,2.0099443E-1,8.030992E-1,-5.7109453E-2,-1.4012528E-2,6.0329604E-1,9.03377E-1,5.018329E-1,7.0551555E-3,1.2834549E-2,5.0318908E-2,-5.3019207E-3,-1.4499665E-3],"split_indices":[0,0,0,0,0,0,0,0,0,0,0,0,0],"split_type":[0,0,0,0,0,0,0,0,0,0,0,0,0],"sum_hessian":[9E0,2E0,7E0,1E0,1E0,5E0,2E0,3E0,2E0,1E0,1E0,2E0,1E0],"tree_param":{"num_deleted":"0","num_feature":"2","num_nodes":"13","size_leaf_vector":"1"}},{"base_weights":[-1.2985992E-2,-4.5043945E-1,1.526823E-1,-5.4254152E-2,-1.3311768E-2,3.5896301E-3,3.9997354E-1,-4.400063E-3,6.5846764E-3,1.2192917E-2,4.7803115E-2],"categories":[],"categories_nodes":[],"categories_segments":[],"categories_sizes":[],"default_left":[0,0,0,0,0,0,0,0,0,0,0],"id":48,"left_children":[1,3,5,-1,-1,7,9,-1,-1,-1,-1],"loss_changes":[7.934959E-1,1.545608E-2,2.9351872E-1,0E0,0E0,2.0674294E-2,6.824523E-3,0E0,0E0,0E0,0E0],"parents":[2147483647,0,0,1,1,2,2,5,5,6,6],"right_children":[2,4,6,-1,-1,8,10,-1,-1,-1,-1],"split_conditions":[3.0070898E-1,2.0099443E-1,8.030992E-1,-5.4254152E-2,-1.3311768E-2,6.0329604E-1,9.03377E-1,-4.400063E-3,6.5846764E-3,1.2192917E-2,4.7803115E-2],"split_indices":[0,0,0,0,0,0,0,0,0,0,0],"split_type":[0,0,0,0,0,0,0,0,0,0,0],"sum_hessian":[9E0,2E0,7E0,1E0,1E0,5E0,2E0,3E0,2E0,1E0,1E0],"tree_param":{"num_deleted":"0","num_feature":"2","num_nodes":"11","size_leaf_vector":"1"}},{"base_weights":[-1.2225342E-2,-4.2791748E-1,1.4518738E-1,-5.154152E-2,-1.2646103E-2,3.595988E-3,3.7997437E-1,-4.0699005E-2,6.145732E-3,1.1583328E-2,4.5412827E-2,-4.654948E-3,-1.1573791E-3],"categories":[],"categories_nodes":[],"categories_segments":[],"categories_sizes":[],"default_left":[0,0,0,0,0,0,0,0,0,0,0,0,0],"id":49,"left_children":[1,3,5,-1,-1,7,9,11,-1,-1,-1,-1,-1],"loss_changes":[7.1648055E-1,1.3950288E-2,2.6458412E-1,0E0,0E0,1.7879056E-2,6.1581135E-3,1.4283136E-4,0E0,0E0,0E0,0E0,0E0],"parents":[2147483647,0,0,1,1,2,2,5,5,6,6,7,7],"right_children":[2,4,6,-1,-1,8,10,12,-1,-1,-1,-1,-1],"split_conditions":[3.0070898E-1,2.0099443E-1,8.030992E-1,-5.154152E-2,-1.2646103E-2,6.0329604E-1,9.03377E-1,5.018329E-1,6.145732E-3,1.1583328E-2,4.5412827E-2,-4.654948E-3,-1.1573791E-3],"split_indices":[0,0,0,0,0,0,0,0,0,0,0,0,0],"split_type":[0,0,0,0,0,0,0,0,0,0,0,0,0],"sum_hessian":[9E0,2E0,7E0,1E0,1E0,5E0,2E0,3E0,2E0,1E0,1E0,2E0,1E0],"tree_param":{"num_deleted":"0","num_feature":"2","num_nodes":"13","size_leaf_vector":"1"}},{"base_weights":[-1.1688232E-2,-4.0651956E-1,1.3783455E-1,-4.896431E-2,-1.2013626E-2,3.2908123E-3,3.6097717E-1,-3.8082123E-2,5.7357787E-3,1.1004257E-2,4.314232E-2,-4.344686E-3,-1.0993958E-3],"categories":[],"categories_nodes":[],"categories_segments":[],"categories_sizes":[],"default_left":[0,0,0,0,0,0,0,0,0,0,0,0,0],"id":50,"left_children":[1,3,5,-1,-1,7,9,11,-1,-1,-1,-1,-1],"loss_changes":[6.463952E-1,1.259169E-2,2.3899165E-1,0E0,0E0,1.5605763E-2,5.55709E-3,1.03630126E-4,0E0,0E0,0E0,0E0,0E0],"parents":[2147483647,0,0,1,1,2,2,5,5,6,6,7,7],"right_children":[2,4,6,-1,-1,8,10,12,-1,-1,-1,-1,-1],"split_conditions":[3.0070898E-1,2.0099443E-1,8.030992E-1,-4.896431E-2,-1.2013626E-2,6.0329604E-1,9.03377E-1,5.018329E-1,5.7357787E-3,1.1004257E-2,4.314232E-2,-4.344686E-3,-1.0993958E-3],"split_indices":[0,0,0,0,0,0,0,0,0,0,0,0,0],"split_type":[0,0,0,0,0,0,0,0,0,0,0,0,0],"sum_hessian":[9E0,2E0,7E0,1E0,1E0,5E0,2E0,3E0,2E0,1E0,1E0,2E0,1E0],"tree_param":{"num_deleted":"0","num_feature":"2","num_nodes":"13","size_leaf_vector":"1"}},{"base_weights":[-1.1174011E-2,-3.8619232E-1,1.308546E-1,-4.651604E-2,-1.1412811E-2,3.0085247E-3,3.4292856E-1,-3.56369E-2,5.353292E-3,1.0454178E-2,4.0985107E-2,-4.055278E-3,-1.0444642E-3],"categories":[],"categories_nodes":[],"categories_segments":[],"categories_sizes":[],"default_left":[0,0,0,0,0,0,0,0,0,0,0,0,0],"id":51,"left_children":[1,3,5,-1,-1,7,9,11,-1,-1,-1,-1,-1],"loss_changes":[5.831683E-1,1.1365294E-2,2.1587089E-1,0E0,0E0,1.36229675E-2,5.013764E-3,7.1808696E-5,0E0,0E0,0E0,0E0,0E0],"parents":[2147483647,0,0,1,1,2,2,5,5,6,6,7,7],"right_children":[2,4,6,-1,-1,8,10,12,-1,-1,-1,-1,-1],"split_conditions":[3.0070898E-1,2.0099443E-1,8.030992E-1,-4.651604E-2,-1.1412811E-2,6.0329604E-1,9.03377E-1,5.018329E-1,5.353292E-3,1.0454178E-2,4.0985107E-2,-4.055278E-3,-1.0444642E-3],"split_indices":[0,0,0,0,0,0,0,0,0,0,0,0,0],"split_type":[0,0,0,0,0,0,0,0,0,0,0,0,0],"sum_hessian":[9E0,2E0,7E0,1E0,1E0,5E0,2E0,3E0,2E0,1E0,1E0,2E0,1E0],"tree_param":{"num_deleted":"0","num_feature":"2","num_nodes":"13","size_leaf_vector":"1"}},{"base_weights":[-1.0679627E-2,-3.6688232E-1,1.2423134E-1,-4.4190217E-2,-1.0842132E-2,2.7503967E-3,3.2578278E-1,-3.3346176E-2,4.996236E-3,9.931564E-3,3.893585E-2,-3.7846882E-3,-9.922028E-4],"categories":[],"categories_nodes":[],"categories_segments":[],"categories_sizes":[],"default_left":[0,0,0,0,0,0,0,0,0,0,0,0,0],"id":52,"left_children":[1,3,5,-1,-1,7,9,11,-1,-1,-1,-1,-1],"loss_changes":[5.261348E-1,1.0257512E-2,1.9498123E-1,0E0,0E0,1.1891195E-2,4.524082E-3,4.618289E-5,0E0,0E0,0E0,0E0,0E0],"parents":[2147483647,0,0,1,1,2,2,5,5,6,6,7,7],"right_children":[2,4,6,-1,-1,8,10,12,-1,-1,-1,-1,-1],"split_conditions":[3.0070898E-1,2.0099443E-1,8.030992E-1,-4.4190217E-2,-1.0842132E-2,6.0329604E-1,9.03377E-1,5.018329E-1,4.996236E-3,9.931564E-3,3.893585E-2,-3.7846882E-3,-9.922028E-4],"split_indices":[0,0,0,0,0,0,0,0,0,0,0,0,0],"split_type":[0,0,0,0,0,0,0,0,0,0,0,0,0],"sum_hessian":[9E0,2E0,7E0,1E0,1E0,5E0,2E0,3E0,2E0,1E0,1E0,2E0,1E0],"tree_param":{"num_deleted":"0","num_feature":"2","num_nodes":"13","size_leaf_vector":"1"}},{"base_weights":[-1.0206604E-2,-3.4853873E-1,1.17943764E-1,-4.1980743E-2,-1.0300064E-2,2.5113423E-3,3.0949402E-1,-3.1206131E-2,4.663086E-3,9.434891E-3,3.6989212E-2,-3.5324097E-3,-9.426117E-4],"categories":[],"categories_nodes":[],"categories_segments":[],"categories_sizes":[],"default_left":[0,0,0,0,0,0,0,0,0,0,0,0,0],"id":53,"left_children":[1,3,5,-1,-1,7,9,11,-1,-1,-1,-1,-1],"loss_changes":[4.7468182E-1,9.257138E-3,1.7611162E-1,0E0,0E0,1.038076E-2,4.08417E-3,2.5788555E-5,0E0,0E0,0E0,0E0,0E0],"parents":[2147483647,0,0,1,1,2,2,5,5,6,6,7,7],"right_children":[2,4,6,-1,-1,8,10,12,-1,-1,-1,-1,-1],"split_conditions":[3.0070898E-1,2.0099443E-1,8.030992E-1,-4.1980743E-2,-1.0300064E-2,6.0329604E-1,9.03377E-1,5.018329E-1,4.663086E-3,9.434891E-3,3.6989212E-2,-3.5324097E-3,-9.426117E-4],"split_indices":[0,0,0,0,0,0,0,0,0,0,0,0,0],"split_type":[0,0,0,0,0,0,0,0,0,0,0,0,0],"sum_hessian":[9E0,2E0,7E0,1E0,1E0,5E0,2E0,3E0,2E0,1E0,1E0,2E0,1E0],"tree_param":{"num_deleted":"0","num_feature":"2","num_nodes":"13","size_leaf_vector":"1"}},{"base_weights":[-9.751892E-3,-3.3111063E-1,1.1197662E-1,-3.9881516E-2,-9.78508E-3,2.292633E-3,2.9401907E-1,-2.9203415E-2,4.352315E-2,8.963013E-3,3.5139848E-2,-3.296916E-3,-8.9530944E-4,1.3648988E-3,5.163574E-3],"categories":[],"categories_nodes":[],"categories_segments":[],"categories_sizes":[],"default_left":[0,0,0,0,0,0,0,0,0,0,0,0,0,0,0],"id":54,"left_children":[1,3,5,-1,-1,7,9,11,13,-1,-1,-1,-1,-1,-1],"loss_changes":[4.2826188E-1,8.353889E-3,1.5906304E-1,0E0,0E0,9.062615E-3,3.6872625E-3,9.8538585E-6,2.2294931E-5,0E0,0E0,0E0,0E0,0E0,0E0],"parents":[2147483647,0,0,1,1,2,2,5,5,6,6,7,7,8,8],"right_children":[2,4,6,-1,-1,8,10,12,14,-1,-1,-1,-1,-1,-1],"split_conditions":[3.0070898E-1,2.0099443E-1,8.030992E-1,-3.9881516E-2,-9.78508E-3,6.0329604E-1,9.03377E-1,5.018329E-1,7.023979E-1,8.963013E-3,3.5139848E-2,-3.296916E-3,-8.9530944E-4,1.3648988E-3,5.163574E-3],"split_indices":[0,0,0,0,0,0,0,0,0,0,0,0,0,0,0],"split_type":[0,0,0,0,0,0,0,0,0,0,0,0,0,0,0],"sum_hessian":[9E0,2E0,7E0,1E0,1E0,5E0,2E0,3E0,2E0,1E0,1E0,2E0,1E0,1E0,1E0],"tree_param":{"num_deleted":"0","num_feature":"2","num_nodes":"15","size_leaf_vector":"1"}},{"base_weights":[-9.100342E-3,-3.1455484E-1,1.0658264E-1,-3.7887573E-2,-9.2956545E-3,2.4515789E-3,2.7931723E-1,-2.7332306E-3,4.1346233E-2,8.514786E-3,3.33828E-2,1.2966156E-3,4.9053193E-3],"categories":[],"categories_nodes":[],"categories_segments":[],"categories_sizes":[],"default_left":[0,0,0,0,0,0,0,0,0,0,0,0,0],"id":55,"left_children":[1,3,5,-1,-1,7,9,-1,11,-1,-1,-1,-1],"loss_changes":[3.8688496E-1,7.5412095E-3,1.4321151E-1,0E0,0E0,8.08069E-3,3.328219E-3,0E0,2.0141248E-5,0E0,0E0,0E0,0E0],"parents":[2147483647,0,0,1,1,2,2,5,5,6,6,8,8],"right_children":[2,4,6,-1,-1,8,10,-1,12,-1,-1,-1,-1],"split_conditions":[3.0070898E-1,2.0099443E-1,8.030992E-1,-3.7887573E-2,-9.2956545E-3,6.0329604E-1,9.03377E-1,-2.7332306E-3,7.023979E-1,8.514786E-3,3.33828E-2,1.2966156E-3,4.9053193E-3],"split_indices":[0,0,0,0,0,0,0,0,0,0,0,0,0],"split_type":[0,0,0,0,0,0,0,0,0,0,0,0,0],"sum_hessian":[9E0,2E0,7E0,1E0,1E0,5E0,2E0,3E0,2E0,1E0,1E0,1E0,1E0],"tree_param":{"num_deleted":"0","num_feature":"2","num_nodes":"13","size_leaf_vector":"1"}},{"base_weights":[-8.3732605E-3,-2.9882812E-1,1.0159397E-1,-3.5993196E-2,-8.831024E-3,2.7834575E-3,2.6535034E-1,-2.5283813E-2,3.9278667E-2,8.089066E-3,3.1713486E-2,-2.895101E-3,-7.141113E-4,1.2317657E-3,4.660034E-3],"categories":[],"categories_nodes":[],"categories_segments":[],"categories_sizes":[],"default_left":[0,0,0,0,0,0,0,0,0,0,0,0,0,0,0],"id":56,"left_children":[1,3,5,-1,-1,7,9,11,13,-1,-1,-1,-1,-1,-1],"loss_changes":[3.497643E-1,6.804675E-3,1.2870821E-1,0E0,0E0,7.1390397E-3,3.0032247E-3,5.938881E-5,1.8192455E-5,0E0,0E0,0E0,0E0,0E0,0E0],"parents":[2147483647,0,0,1,1,2,2,5,5,6,6,7,7,8,8],"right_children":[2,4,6,-1,-1,8,10,12,14,-1,-1,-1,-1,-1,-1],"split_conditions":[3.0070898E-1,2.0099443E-1,8.030992E-1,-3.5993196E-2,-8.831024E-3,6.0329604E-1,9.03377E-1,5.018329E-1,7.023979E-1,8.089066E-3,3.1713486E-2,-2.895101E-3,-7.141113E-4,1.2317657E-3,4.660034E-3],"split_indices":[0,0,0,0,0,0,0,0,0,0,0,0,0,0,0],"split_type":[0,0,0,0,0,0,0,0,0,0,0,0,0,0,0],"sum_hessian":[9E0,2E0,7E0,1E0,1E0,5E0,2E0,3E0,2E0,1E0,1E0,2E0,1E0,1E0,1E0],"tree_param":{"num_deleted":"0","num_feature":"2","num_nodes":"15","size_leaf_vector":"1"}},{"base_weights":[-7.8102113E-3,-2.8388724E-1,9.669495E-2,-3.4193423E-2,-8.389664E-3,2.8851826E-3,2.5208282E-1,-2.3658752E-2,3.731537E-2,7.6847076E-3,3.0127717E-2,-2.7023316E-3,-6.782532E-4,1.1703492E-3,4.426956E-3],"categories":[],"categories_nodes":[],"categories_segments":[],"categories_sizes":[],"default_left":[0,0,0,0,0,0,0,0,0,0,0,0,0,0,0],"id":57,"left_children":[1,3,5,-1,-1,7,9,11,13,-1,-1,-1,-1,-1,-1],"loss_changes":[3.1596518E-1,6.1394274E-3,1.15887895E-1,0E0,0E0,6.3663106E-3,2.7095526E-3,4.3838052E-5,1.6221777E-5,0E0,0E0,0E0,0E0,0E0,0E0],"parents":[2147483647,0,0,1,1,2,2,5,5,6,6,7,7,8,8],"right_children":[2,4,6,-1,-1,8,10,12,14,-1,-1,-1,-1,-1,-1],"split_conditions":[3.0070898E-1,2.0099443E-1,8.030992E-1,-3.4193423E-2,-8.389664E-3,6.0329604E-1,9.03377E-1,5.018329E-1,7.023979E-1,7.6847076E-3,3.0127717E-2,-2.7023316E-3,-6.782532E-4,1.1703492E-3,4.426956E-3],"split_indices":[0,0,0,0,0,0,0,0,0,0,0,0,0,0,0],"split_type":[0,0,0,0,0,0,0,0,0,0,0,0,0,0,0],"sum_hessian":[9E0,2E0,7E0,1E0,1E0,5E0,2E0,3E0,2E0,1E0,1E0,2E0,1E0,1E0,1E0],"tree_param":{"num_deleted":"0","num_feature":"2","num_nodes":"15","size_leaf_vector":"1"}},{"base_weights":[-7.283783E-3,-2.6969147E-1,9.202957E-2,-3.2483675E-2,-7.970047E-3,2.966563E-3,2.3947906E-1,-2.2138596E-2,3.5451252E-2,7.300568E-3,2.8621292E-2,-2.5222779E-3,-6.443024E-4,1.1119843E-3,4.2057037E-3],"categories":[],"categories_nodes":[],"categories_segments":[],"categories_sizes":[],"default_left":[0,0,0,0,0,0,0,0,0,0,0,0,0,0,0],"id":58,"left_children":[1,3,5,-1,-1,7,9,11,13,-1,-1,-1,-1,-1,-1],"loss_changes":[2.8542545E-1,5.5416673E-3,1.04347944E-1,0E0,0E0,5.6780404E-3,2.4446696E-3,3.1121075E-5,1.4516525E-5,0E0,0E0,0E0,0E0,0E0,0E0],"parents":[2147483647,0,0,1,1,2,2,5,5,6,6,7,7,8,8],"right_children":[2,4,6,-1,-1,8,10,12,14,-1,-1,-1,-1,-1,-1],"split_conditions":[3.0070898E-1,2.0099443E-1,8.030992E-1,-3.2483675E-2,-7.970047E-3,6.0329604E-1,9.03377E-1,5.018329E-1,7.023979E-1,7.300568E-3,2.8621292E-2,-2.5222779E-3,-6.443024E-4,1.1119843E-3,4.2057037E-3],"split_indices":[0,0,0,0,0,0,0,0,0,0,0,0,0,0,0],"split_type":[0,0,0,0,0,0,0,0,0,0,0,0,0,0,0],"sum_hessian":[9E0,2E0,7E0,1E0,1E0,5E0,2E0,3E0,2E0,1E0,1E0,2E0,1E0,1E0,1E0],"tree_param":{"num_deleted":"0","num_feature":"2","num_nodes":"15","size_leaf_vector":"1"}},{"base_weights":[-6.79245E-3,-2.5620523E-1,8.75864E-2,-3.0859375E-2,-7.5714113E-3,3.0288696E-3,2.27506E-1,-2.0715714E-2,3.367869E-2,6.935501E-3,2.71904E-2,-2.3539225E-3,-6.122589E-4,1.0562896E-3,3.995514E-3],"categories":[],"categories_nodes":[],"categories_segments":[],"categories_sizes":[],"default_left":[0,0,0,0,0,0,0,0,0,0,0,0,0,0,0],"id":59,"left_children":[1,3,5,-1,-1,7,9,11,13,-1,-1,-1,-1,-1,-1],"loss_changes":[2.5783303E-1,5.0020814E-3,9.3960956E-2,0E0,0E0,5.0642816E-3,2.206862E-3,2.0694453E-5,1.3212906E-5,0E0,0E0,0E0,0E0,0E0,0E0],"parents":[2147483647,0,0,1,1,2,2,5,5,6,6,7,7,8,8],"right_children":[2,4,6,-1,-1,8,10,12,14,-1,-1,-1,-1,-1,-1],"split_conditions":[3.0070898E-1,2.0099443E-1,8.030992E-1,-3.0859375E-2,-7.5714113E-3,6.0329604E-1,9.03377E-1,5.018329E-1,7.023979E-1,6.935501E-3,2.71904E-2,-2.3539225E-3,-6.122589E-4,1.0562896E-3,3.995514E-3],"split_indices":[0,0,0,0,0,0,0,0,0,0,0,0,0,0,0],"split_type":[0,0,0,0,0,0,0,0,0,0,0,0,0,0,0],"sum_hessian":[9E0,2E0,7E0,1E0,1E0,5E0,2E0,3E0,2E0,1E0,1E0,2E0,1E0,1E0,1E0],"tree_param":{"num_deleted":"0","num_feature":"2","num_nodes":"15","size_leaf_vector":"1"}},{"base_weights":[-6.334686E-3,-2.4339549E-1,8.335495E-2,-2.931633E-2,-7.192993E-3,3.074646E-3,2.1613057E-1,-1.9384384E-2,3.1995136E-2,6.5887454E-3,2.583084E-2,-2.196757E-3,-5.8174133E-4,1.0036469E-3,3.7956238E-3],"categories":[],"categories_nodes":[],"categories_segments":[],"categories_sizes":[],"default_left":[0,0,0,0,0,0,0,0,0,0,0,0,0,0,0],"id":60,"left_children":[1,3,5,-1,-1,7,9,11,13,-1,-1,-1,-1,-1,-1],"loss_changes":[2.3290718E-1,4.513189E-3,8.46096E-2,0E0,0E0,4.5173634E-3,1.9915104E-3,1.2389501E-5,1.1746539E-5,0E0,0E0,0E0,0E0,0E0,0E0],"parents":[2147483647,0,0,1,1,2,2,5,5,6,6,7,7,8,8],"right_children":[2,4,6,-1,-1,8,10,12,14,-1,-1,-1,-1,-1,-1],"split_conditions":[3.0070898E-1,2.0099443E-1,8.030992E-1,-2.931633E-2,-7.192993E-3,6.0329604E-1,9.03377E-1,5.018329E-1,7.023979E-1,6.5887454E-3,2.583084E-2,-2.196757E-3,-5.8174133E-4,1.0036469E-3,3.7956238E-3],"split_indices":[0,0,0,0,0,0,0,0,0,0,0,0,0,0,0],"split_type":[0,0,0,0,0,0,0,0,0,0,0,0,0,0,0],"sum_hessian":[9E0,2E0,7E0,1E0,1E0,5E0,2E0,3E0,2E0,1E0,1E0,2E0,1E0,1E0,1E0],"tree_param":{"num_deleted":"0","num_feature":"2","num_nodes":"15","size_leaf_vector":"1"}},{"base_weights":[-5.908966E-3,-2.3122406E-1,7.9322815E-2,-2.7850343E-2,-6.8332674E-3,3.1026204E-3,2.0532227E-1,-1.8140793E-2,3.0392965E-2,6.2591555E-3,2.4539186E-2,-2.0502727E-3,-5.5274967E-4,9.532929E-4,3.605652E-3],"categories":[],"categories_nodes":[],"categories_segments":[],"categories_sizes":[],"default_left":[0,0,0,0,0,0,0,0,0,0,0,0,0,0,0],"id":61,"left_children":[1,3,5,-1,-1,7,9,11,13,-1,-1,-1,-1,-1,-1],"loss_changes":[2.103814E-1,4.073307E-3,7.619259E-2,0E0,0E0,4.029793E-3,1.7980188E-3,5.838345E-6,1.0701595E-5,0E0,0E0,0E0,0E0,0E0,0E0],"parents":[2147483647,0,0,1,1,2,2,5,5,6,6,7,7,8,8],"right_children":[2,4,6,-1,-1,8,10,12,14,-1,-1,-1,-1,-1,-1],"split_conditions":[3.0070898E-1,2.0099443E-1,8.030992E-1,-2.7850343E-2,-6.8332674E-3,6.0329604E-1,9.03377E-1,5.018329E-1,7.023979E-1,6.2591555E-3,2.4539186E-2,-2.0502727E-3,-5.5274967E-4,9.532929E-4,3.605652E-3],"split_indices":[0,0,0,0,0,0,0,0,0,0,0,0,0,0,0],"split_type":[0,0,0,0,0,0,0,0,0,0,0,0,0,0,0],"sum_hessian":[9E0,2E0,7E0,1E0,1E0,5E0,2E0,3E0,2E0,1E0,1E0,2E0,1E0,1E0,1E0],"tree_param":{"num_deleted":"0","num_feature":"2","num_nodes":"15","size_leaf_vector":"1"}},{"base_weights":[-5.5107116E-3,-2.1966298E-1,7.548523E-2,-2.6457978E-2,-6.4914706E-3,3.1178792E-3,1.9505818E-1,-1.6977311E-3,2.8872171E-2,5.9463503E-3,2.3312379E-2,9.0560917E-4,3.4252168E-3],"categories":[],"categories_nodes":[],"categories_segments":[],"categories_sizes":[],"default_left":[0,0,0,0,0,0,0,0,0,0,0,0,0],"id":62,"left_children":[1,3,5,-1,-1,7,9,-1,11,-1,-1,-1,-1],"loss_changes":[1.9003595E-1,3.6772788E-3,6.861727E-2,0E0,0E0,3.5953962E-3,1.6221106E-3,0E0,9.640586E-6,0E0,0E0,0E0,0E0],"parents":[2147483647,0,0,1,1,2,2,5,5,6,6,8,8],"right_children":[2,4,6,-1,-1,8,10,-1,12,-1,-1,-1,-1],"split_conditions":[3.0070898E-1,2.0099443E-1,8.030992E-1,-2.6457978E-2,-6.4914706E-3,6.0329604E-1,9.03377E-1,-1.6977311E-3,7.023979E-1,5.9463503E-3,2.3312379E-2,9.0560917E-4,3.4252168E-3],"split_indices":[0,0,0,0,0,0,0,0,0,0,0,0,0],"split_type":[0,0,0,0,0,0,0,0,0,0,0,0,0],"sum_hessian":[9E0,2E0,7E0,1E0,1E0,5E0,2E0,3E0,2E0,1E0,1E0,1E0,1E0],"tree_param":{"num_deleted":"0","num_feature":"2","num_nodes":"13","size_leaf_vector":"1"}},{"base_weights":[-5.064392E-3,-2.086792E-1,7.192421E-2,-2.513504E-2,-6.1668395E-3,3.2463074E-3,1.8530528E-1,-1.5701294E-2,2.7427673E-2,5.6491853E-3,2.2146607E-2,-1.8000285E-3,-4.4021607E-4,8.6021423E-4,3.2539368E-3],"categories":[],"categories_nodes":[],"categories_segments":[],"categories_sizes":[],"default_left":[0,0,0,0,0,0,0,0,0,0,0,0,0,0,0],"id":63,"left_children":[1,3,5,-1,-1,7,9,11,13,-1,-1,-1,-1,-1,-1],"loss_changes":[1.7176929E-1,3.3190101E-3,6.169264E-2,0E0,0E0,3.1797234E-3,1.4629513E-3,2.4666311E-5,8.782605E-6,0E0,0E0,0E0,0E0,0E0,0E0],"parents":[2147483647,0,0,1,1,2,2,5,5,6,6,7,7,8,8],"right_children":[2,4,6,-1,-1,8,10,12,14,-1,-1,-1,-1,-1,-1],"split_conditions":[3.0070898E-1,2.0099443E-1,8.030992E-1,-2.513504E-2,-6.1668395E-3,6.0329604E-1,9.03377E-1,5.018329E-1,7.023979E-1,5.6491853E-3,2.2146607E-2,-1.8000285E-3,-4.4021607E-4,8.6021423E-4,3.2539368E-3],"split_indices":[0,0,0,0,0,0,0,0,0,0,0,0,0,0,0],"split_type":[0,0,0,0,0,0,0,0,0,0,0,0,0,0,0],"sum_hessian":[9E0,2E0,7E0,1E0,1E0,5E0,2E0,3E0,2E0,1E0,1E0,2E0,1E0,1E0,1E0],"tree_param":{"num_deleted":"0","num_feature":"2","num_nodes":"15","size_leaf_vector":"1"}},{"base_weights":[-4.7203065E-3,-1.9824474E-1,6.844139E-2,-2.3878098E-2,-5.8586122E-3,3.2348633E-3,1.7604065E-1,-1.4690399E-2,2.6056925E-2,5.3668977E-3,2.1039201E-2,-1.6799927E-3,-4.180908E-4,8.1710814E-4,3.0914308E-3],"categories":[],"categories_nodes":[],"categories_segments":[],"categories_sizes":[],"default_left":[0,0,0,0,0,0,0,0,0,0,0,0,0,0,0],"id":64,"left_children":[1,3,5,-1,-1,7,9,11,13,-1,-1,-1,-1,-1,-1],"loss_changes":[1.551539E-1,2.994448E-3,5.5559926E-2,0E0,0E0,2.8373352E-3,1.3193712E-3,1.8441293E-5,8.031726E-6,0E0,0E0,0E0,0E0,0E0,0E0],"parents":[2147483647,0,0,1,1,2,2,5,5,6,6,7,7,8,8],"right_children":[2,4,6,-1,-1,8,10,12,14,-1,-1,-1,-1,-1,-1],"split_conditions":[3.0070898E-1,2.0099443E-1,8.030992E-1,-2.3878098E-2,-5.8586122E-3,6.0329604E-1,9.03377E-1,5.018329E-1,7.023979E-1,5.3668977E-3,2.1039201E-2,-1.6799927E-3,-4.180908E-4,8.1710814E-4,3.0914308E-3],"split_indices":[0,0,0,0,0,0,0,0,0,0,0,0,0,0,0],"split_type":[0,0,0,0,0,0,0,0,0,0,0,0,0,0,0],"sum_hessian":[9E0,2E0,7E0,1E0,1E0,5E0,2E0,3E0,2E0,1E0,1E0,2E0,1E0,1E0,1E0],"tree_param":{"num_deleted":"0","num_feature":"2","num_nodes":"15","size_leaf_vector":"1"}},{"base_weights":[-4.399872E-3,-1.883316E-1,6.512451E-2,-2.2684097E-2,-5.5656433E-3,3.2132466E-3,1.6723888E-1,-1.3746262E-2,2.4754843E-2,5.0987243E-3,1.9987106E-2,-1.5680948E-3,-3.9710998E-4,7.762909E-4,2.9369355E-3],"categories":[],"categories_nodes":[],"categories_segments":[],"categories_sizes":[],"default_left":[0,0,0,0,0,0,0,0,0,0,0,0,0,0,0],"id":65,"left_children":[1,3,5,-1,-1,7,9,11,13,-1,-1,-1,-1,-1,-1],"loss_changes":[1.4014241E-1,2.702549E-3,5.003886E-2,0E0,0E0,2.5322956E-3,1.1897534E-3,1.3376935E-5,7.236842E-6,0E0,0E0,0E0,0E0,0E0,0E0],"parents":[2147483647,0,0,1,1,2,2,5,5,6,6,7,7,8,8],"right_children":[2,4,6,-1,-1,8,10,12,14,-1,-1,-1,-1,-1,-1],"split_conditions":[3.0070898E-1,2.0099443E-1,8.030992E-1,-2.2684097E-2,-5.5656433E-3,6.0329604E-1,9.03377E-1,5.018329E-1,7.023979E-1,5.0987243E-3,1.9987106E-2,-1.5680948E-3,-3.9710998E-4,7.762909E-4,2.9369355E-3],"split_indices":[0,0,0,0,0,0,0,0,0,0,0,0,0,0,0],"split_type":[0,0,0,0,0,0,0,0,0,0,0,0,0,0,0],"sum_hessian":[9E0,2E0,7E0,1E0,1E0,5E0,2E0,3E0,2E0,1E0,1E0,2E0,1E0,1E0,1E0],"tree_param":{"num_deleted":"0","num_feature":"2","num_nodes":"15","size_leaf_vector":"1"}},{"base_weights":[-4.1015623E-3,-1.7891693E-1,6.1966896E-2,-2.1549989E-2,-5.287552E-3,3.1840007E-3,1.5887706E-1,-1.2861252E-2,2.3516336E-2,4.843903E-3,1.8987656E-2,-1.6899109E-3,-5.882263E-4,7.37381E-4,2.7900697E-3],"categories":[],"categories_nodes":[],"categories_segments":[],"categories_sizes":[],"default_left":[0,0,0,0,0,0,0,0,0,0,0,0,0,0,0],"id":66,"left_children":[1,3,5,-1,-1,7,9,11,13,-1,-1,-1,-1,-1,-1],"loss_changes":[1.2658474E-1,2.4382323E-3,4.5067415E-2,0E0,0E0,2.2598743E-3,1.0731369E-3,1.3315643E-5,6.5894565E-6,0E0,0E0,0E0,0E0,0E0,0E0],"parents":[2147483647,0,0,1,1,2,2,5,5,6,6,7,7,8,8],"right_children":[2,4,6,-1,-1,8,10,12,14,-1,-1,-1,-1,-1,-1],"split_conditions":[3.0070898E-1,2.0099443E-1,8.030992E-1,-2.1549989E-2,-5.287552E-3,6.0329604E-1,9.03377E-1,4.004312E-1,7.023979E-1,4.843903E-3,1.8987656E-2,-1.6899109E-3,-5.882263E-4,7.37381E-4,2.7900697E-3],"split_indices":[0,0,0,0,0,0,0,0,0,0,0,0,0,0,0],"split_type":[0,0,0,0,0,0,0,0,0,0,0,0,0,0,0],"sum_hessian":[9E0,2E0,7E0,1E0,1E0,5E0,2E0,3E0,2E0,1E0,1E0,1E0,2E0,1E0,1E0],"tree_param":{"num_deleted":"0","num_feature":"2","num_nodes":"15","size_leaf_vector":"1"}},{"base_weights":[-3.86734E-3,-1.699702E-1,5.8904648E-2,-2.0472337E-2,-5.0231935E-3,3.0733745E-3,1.5093231E-1,-1.2144089E-2,2.2338867E-2,4.6016695E-3,1.8038178E-2,-1.6052247E-3,-5.490621E-4,7.0037844E-4,2.6504516E-3],"categories":[],"categories_nodes":[],"categories_segments":[],"categories_sizes":[],"default_left":[0,0,0,0,0,0,0,0,0,0,0,0,0,0,0],"id":67,"left_children":[1,3,5,-1,-1,7,9,11,13,-1,-1,-1,-1,-1,-1],"loss_changes":[1.142781E-1,2.2002012E-3,4.0640302E-2,0E0,0E0,2.0303167E-3,9.685531E-4,1.5874393E-5,6.0098246E-6,0E0,0E0,0E0,0E0,0E0,0E0],"parents":[2147483647,0,0,1,1,2,2,5,5,6,6,7,7,8,8],"right_children":[2,4,6,-1,-1,8,10,12,14,-1,-1,-1,-1,-1,-1],"split_conditions":[3.0070898E-1,2.0099443E-1,8.030992E-1,-2.0472337E-2,-5.0231935E-3,6.0329604E-1,9.03377E-1,4.004312E-1,7.023979E-1,4.6016695E-3,1.8038178E-2,-1.6052247E-3,-5.490621E-4,7.0037844E-4,2.6504516E-3],"split_indices":[0,0,0,0,0,0,0,0,0,0,0,0,0,0,0],"split_type":[0,0,0,0,0,0,0,0,0,0,0,0,0,0,0],"sum_hessian":[9E0,2E0,7E0,1E0,1E0,5E0,2E0,3E0,2E0,1E0,1E0,1E0,2E0,1E0,1E0],"tree_param":{"num_deleted":"0","num_feature":"2","num_nodes":"15","size_leaf_vector":"1"}},{"base_weights":[-3.6468506E-3,-1.6147359E-1,5.5994034E-2,-1.9448852E-2,-4.7721863E-3,2.9652913E-3,1.4338684E-1,-1.1468887E-2,2.1222433E-2,4.371643E-3,1.7136384E-2,-1.525116E-3,-5.1244104E-4,6.6528324E-4,2.5180818E-3],"categories":[],"categories_nodes":[],"categories_segments":[],"categories_sizes":[],"default_left":[0,0,0,0,0,0,0,0,0,0,0,0,0,0,0],"id":68,"left_children":[1,3,5,-1,-1,7,9,11,13,-1,-1,-1,-1,-1,-1],"loss_changes":[1.0317083E-1,1.985155E-3,3.664946E-2,0E0,0E0,1.8245587E-3,8.7401643E-4,1.7832965E-5,5.492475E-6,0E0,0E0,0E0,0E0,0E0,0E0],"parents":[2147483647,0,0,1,1,2,2,5,5,6,6,7,7,8,8],"right_children":[2,4,6,-1,-1,8,10,12,14,-1,-1,-1,-1,-1,-1],"split_conditions":[3.0070898E-1,2.0099443E-1,8.030992E-1,-1.9448852E-2,-4.7721863E-3,6.0329604E-1,9.03377E-1,4.004312E-1,7.023979E-1,4.371643E-3,1.7136384E-2,-1.525116E-3,-5.1244104E-4,6.6528324E-4,2.5180818E-3],"split_indices":[0,0,0,0,0,0,0,0,0,0,0,0,0,0,0],"split_type":[0,0,0,0,0,0,0,0,0,0,0,0,0,0,0],"sum_hessian":[9E0,2E0,7E0,1E0,1E0,5E0,2E0,3E0,2E0,1E0,1E0,1E0,2E0,1E0,1E0],"tree_param":{"num_deleted":"0","num_feature":"2","num_nodes":"15","size_leaf_vector":"1"}},{"base_weights":[-3.439331E-3,-1.5340169E-1,5.322647E-2,-1.8476486E-2,-4.5337677E-3,2.8597515E-3,1.3621776E-1,-1.0831833E-2,2.0161947E-2,4.153061E-3,1.6279602E-2,-1.4488221E-3,-4.7836304E-4,6.320953E-4,2.3921968E-3],"categories":[],"categories_nodes":[],"categories_segments":[],"categories_sizes":[],"default_left":[0,0,0,0,0,0,0,0,0,0,0,0,0,0,0],"id":69,"left_children":[1,3,5,-1,-1,7,9,11,13,-1,-1,-1,-1,-1,-1],"loss_changes":[9.3142405E-2,1.7908737E-3,3.3050444E-2,0E0,0E0,1.6397577E-3,7.888377E-4,1.9152008E-5,4.9174996E-6,0E0,0E0,0E0,0E0,0E0,0E0],"parents":[2147483647,0,0,1,1,2,2,5,5,6,6,7,7,8,8],"right_children":[2,4,6,-1,-1,8,10,12,14,-1,-1,-1,-1,-1,-1],"split_conditions":[3.0070898E-1,2.0099443E-1,8.030992E-1,-1.8476486E-2,-4.5337677E-3,6.0329604E-1,9.03377E-1,4.004312E-1,7.023979E-1,4.153061E-3,1.6279602E-2,-1.4488221E-3,-4.7836304E-4,6.320953E-4,2.3921968E-3],"split_indices":[0,0,0,0,0,0,0,0,0,0,0,0,0,0,0],"split_type":[0,0,0,0,0,0,0,0,0,0,0,0,0,0,0],"sum_hessian":[9E0,2E0,7E0,1E0,1E0,5E0,2E0,3E0,2E0,1E0,1E0,1E0,2E0,1E0,1E0],"tree_param":{"num_deleted":"0","num_feature":"2","num_nodes":"15","size_leaf_vector":"1"}},{"base_weights":[-3.2432557E-3,-1.4573161E-1,5.0595284E-2,-1.7552568E-2,-4.3071746E-3,2.7567546E-3,1.2940724E-1,-1.0229111E-2,1.9152323E-2,3.9455416E-3,1.54655455E-2,-1.3763428E-3,-4.4631958E-4,6.004334E-4,2.2724152E-3],"categories":[],"categories_nodes":[],"categories_segments":[],"categories_sizes":[],"default_left":[0,0,0,0,0,0,0,0,0,0,0,0,0,0,0],"id":70,"left_children":[1,3,5,-1,-1,7,9,11,13,-1,-1,-1,-1,-1,-1],"loss_changes":[8.408698E-2,1.6157627E-3,2.9805245E-2,0E0,0E0,1.4733751E-3,7.1137026E-4,2.0085427E-5,4.4436892E-6,0E0,0E0,0E0,0E0,0E0,0E0],"parents":[2147483647,0,0,1,1,2,2,5,5,6,6,7,7,8,8],"right_children":[2,4,6,-1,-1,8,10,12,14,-1,-1,-1,-1,-1,-1],"split_conditions":[3.0070898E-1,2.0099443E-1,8.030992E-1,-1.7552568E-2,-4.3071746E-3,6.0329604E-1,9.03377E-1,4.004312E-1,7.023979E-1,3.9455416E-3,1.54655455E-2,-1.3763428E-3,-4.4631958E-4,6.004334E-4,2.2724152E-3],"split_indices":[0,0,0,0,0,0,0,0,0,0,0,0,0,0,0],"split_type":[0,0,0,0,0,0,0,0,0,0,0,0,0,0,0],"sum_hessian":[9E0,2E0,7E0,1E0,1E0,5E0,2E0,3E0,2E0,1E0,1E0,1E0,2E0,1E0,1E0],"tree_param":{"num_deleted":"0","num_feature":"2","num_nodes":"15","size_leaf_vector":"1"}},{"base_weights":[-3.0593872E-3,-1.38443E-1,4.809189E-2,-1.6674805E-2,-4.091644E-3,2.6537578E-3,1.2293752E-1,-9.6645355E-3,1.8193563E-2,3.7483217E-3,1.46923065E-2,-1.3076783E-3,-4.1681924E-4,5.7029724E-4,2.1587373E-3],"categories":[],"categories_nodes":[],"categories_segments":[],"categories_sizes":[],"default_left":[0,0,0,0,0,0,0,0,0,0,0,0,0,0,0],"id":71,"left_children":[1,3,5,-1,-1,7,9,11,13,-1,-1,-1,-1,-1,-1],"loss_changes":[7.590843E-2,1.4587417E-3,2.6880518E-2,0E0,0E0,1.3243756E-3,6.4185634E-4,2.051299E-5,4.0597515E-6,0E0,0E0,0E0,0E0,0E0,0E0],"parents":[2147483647,0,0,1,1,2,2,5,5,6,6,7,7,8,8],"right_children":[2,4,6,-1,-1,8,10,12,14,-1,-1,-1,-1,-1,-1],"split_conditions":[3.0070898E-1,2.0099443E-1,8.030992E-1,-1.6674805E-2,-4.091644E-3,6.0329604E-1,9.03377E-1,4.004312E-1,7.023979E-1,3.7483217E-3,1.46923065E-2,-1.3076783E-3,-4.1681924E-4,5.7029724E-4,2.1587373E-3],"split_indices":[0,0,0,0,0,0,0,0,0,0,0,0,0,0,0],"split_type":[0,0,0,0,0,0,0,0,0,0,0,0,0,0,0],"sum_hessian":[9E0,2E0,7E0,1E0,1E0,5E0,2E0,3E0,2E0,1E0,1E0,1E0,2E0,1E0,1E0],"tree_param":{"num_deleted":"0","num_feature":"2","num_nodes":"15","size_leaf_vector":"1"}},{"base_weights":[-2.885437E-3,-1.3152058E-1,4.5713425E-2,-1.5840912E-2,-3.8871765E-3,2.5558472E-3,1.1679077E-1,-9.128571E-3,1.7283121E-2,3.56102E-3,1.3957596E-2,-1.242447E-3,-3.888448E-4,5.41687E-4,2.0507814E-3],"categories":[],"categories_nodes":[],"categories_segments":[],"categories_sizes":[],"default_left":[0,0,0,0,0,0,0,0,0,0,0,0,0,0,0],"id":72,"left_children":[1,3,5,-1,-1,7,9,11,13,-1,-1,-1,-1,-1,-1],"loss_changes":[6.8527475E-2,1.315929E-3,2.424171E-2,0E0,0E0,1.190248E-3,5.78817E-4,2.0771753E-5,3.7068385E-6,0E0,0E0,0E0,0E0,0E0,0E0],"parents":[2147483647,0,0,1,1,2,2,5,5,6,6,7,7,8,8],"right_children":[2,4,6,-1,-1,8,10,12,14,-1,-1,-1,-1,-1,-1],"split_conditions":[3.0070898E-1,2.0099443E-1,8.030992E-1,-1.5840912E-2,-3.8871765E-3,6.0329604E-1,9.03377E-1,4.004312E-1,7.023979E-1,3.56102E-3,1.3957596E-2,-1.242447E-3,-3.888448E-4,5.41687E-4,2.0507814E-3],"split_indices":[0,0,0,0,0,0,0,0,0,0,0,0,0,0,0],"split_type":[0,0,0,0,0,0,0,0,0,0,0,0,0,0,0],"sum_hessian":[9E0,2E0,7E0,1E0,1E0,5E0,2E0,3E0,2E0,1E0,1E0,1E0,2E0,1E0,1E0],"tree_param":{"num_deleted":"0","num_feature":"2","num_nodes":"15","size_leaf_vector":"1"}},{"base_weights":[-2.7221679E-3,-1.24946594E-1,4.3452263E-2,-1.5048981E-2,-3.6930086E-3,2.4604797E-3,1.10951744E-1,-8.623123E-3,1.6418457E-2,3.3828735E-3,1.3259888E-2,-1.1802673E-3,-3.6290486E-4,5.146027E-4,1.9481659E-3],"categories":[],"categories_nodes":[],"categories_segments":[],"categories_sizes":[],"default_left":[0,0,0,0,0,0,0,0,0,0,0,0,0,0,0],"id":73,"left_children":[1,3,5,-1,-1,7,9,11,13,-1,-1,-1,-1,-1,-1],"loss_changes":[6.1865646E-2,1.1870675E-3,2.1862399E-2,0E0,0E0,1.0698064E-3,5.2282214E-4,2.068319E-5,3.3359975E-6,0E0,0E0,0E0,0E0,0E0,0E0],"parents":[2147483647,0,0,1,1,2,2,5,5,6,6,7,7,8,8],"right_children":[2,4,6,-1,-1,8,10,12,14,-1,-1,-1,-1,-1,-1],"split_conditions":[3.0070898E-1,2.0099443E-1,8.030992E-1,-1.5048981E-2,-3.6930086E-3,6.0329604E-1,9.03377E-1,4.004312E-1,7.023979E-1,3.3828735E-3,1.3259888E-2,-1.1802673E-3,-3.6290486E-4,5.146027E-4,1.9481659E-3],"split_indices":[0,0,0,0,0,0,0,0,0,0,0,0,0,0,0],"split_type":[0,0,0,0,0,0,0,0,0,0,0,0,0,0,0],"sum_hessian":[9E0,2E0,7E0,1E0,1E0,5E0,2E0,3E0,2E0,1E0,1E0,1E0,2E0,1E0,1E0],"tree_param":{"num_deleted":"0","num_feature":"2","num_nodes":"15","size_leaf_vector":"1"}},{"base_weights":[-2.5657653E-3,-1.1869812E-1,4.130459E-2,-1.4296341E-2,-3.5083771E-3,2.3701985E-3,1.05405174E-1,-8.144379E-3,1.5599568E-2,3.2138824E-3,1.2596893E-2,-1.1211395E-3,-3.384908E-4,4.890442E-4,1.8508912E-3],"categories":[],"categories_nodes":[],"categories_segments":[],"categories_sizes":[],"default_left":[0,0,0,0,0,0,0,0,0,0,0,0,0,0,0],"id":74,"left_children":[1,3,5,-1,-1,7,9,11,13,-1,-1,-1,-1,-1,-1],"loss_changes":[5.5850446E-2,1.071088E-3,1.9715905E-2,0E0,0E0,9.6165616E-4,4.7140196E-4,2.043997E-5,2.9528164E-6,0E0,0E0,0E0,0E0,0E0,0E0],"parents":[2147483647,0,0,1,1,2,2,5,5,6,6,7,7,8,8],"right_children":[2,4,6,-1,-1,8,10,12,14,-1,-1,-1,-1,-1,-1],"split_conditions":[3.0070898E-1,2.0099443E-1,8.030992E-1,-1.4296341E-2,-3.5083771E-3,6.0329604E-1,9.03377E-1,4.004312E-1,7.023979E-1,3.2138824E-3,1.2596893E-2,-1.1211395E-3,-3.384908E-4,4.890442E-4,1.8508912E-3],"split_indices":[0,0,0,0,0,0,0,0,0,0,0,0,0,0,0],"split_type":[0,0,0,0,0,0,0,0,0,0,0,0,0,0,0],"sum_hessian":[9E0,2E0,7E0,1E0,1E0,5E0,2E0,3E0,2E0,1E0,1E0,1E0,2E0,1E0,1E0],"tree_param":{"num_deleted":"0","num_feature":"2","num_nodes":"15","size_leaf_vector":"1"}},{"base_weights":[-2.4208068E-3,-1.1276245E-1,3.925991E-2,-1.3581467E-2,-3.332901E-3,2.2786458E-3,1.001358E-1,-7.6961517E-3,1.4818828E-2,3.0532838E-3,1.1967087E-2,-1.0650635E-3,-3.1611125E-4,4.6463014E-4,1.758194E-3],"categories":[],"categories_nodes":[],"categories_segments":[],"categories_sizes":[],"default_left":[0,0,0,0,0,0,0,0,0,0,0,0,0,0,0],"id":75,"left_children":[1,3,5,-1,-1,7,9,11,13,-1,-1,-1,-1,-1,-1],"loss_changes":[5.0418235E-2,9.667836E-4,1.7781965E-2,0E0,0E0,8.645625E-4,4.2520277E-4,1.9926942E-5,2.6324997E-6,0E0,0E0,0E0,0E0,0E0,0E0],"parents":[2147483647,0,0,1,1,2,2,5,5,6,6,7,7,8,8],"right_children":[2,4,6,-1,-1,8,10,12,14,-1,-1,-1,-1,-1,-1],"split_conditions":[3.0070898E-1,2.0099443E-1,8.030992E-1,-1.3581467E-2,-3.332901E-3,6.0329604E-1,9.03377E-1,4.004312E-1,7.023979E-1,3.0532838E-3,1.1967087E-2,-1.0650635E-3,-3.1611125E-4,4.6463014E-4,1.758194E-3],"split_indices":[0,0,0,0,0,0,0,0,0,0,0,0,0,0,0],"split_type":[0,0,0,0,0,0,0,0,0,0,0,0,0,0,0],"sum_hessian":[9E0,2E0,7E0,1E0,1E0,5E0,2E0,3E0,2E0,1E0,1E0,1E0,2E0,1E0,1E0],"tree_param":{"num_deleted":"0","num_feature":"2","num_nodes":"15","size_leaf_vector":"1"}},{"base_weights":[-2.2842407E-3,-1.0712433E-1,3.7316322E-2,-1.2902451E-2,-3.1661987E-3,2.1909077E-3,9.512838E-2,-7.2727203E-3,1.4078776E-2,2.900696E-3,1.1368561E-2,-1.0116578E-3,-2.9525757E-4,4.413605E-4,1.6704559E-3],"categories":[],"categories_nodes":[],"categories_segments":[],"categories_sizes":[],"default_left":[0,0,0,0,0,0,0,0,0,0,0,0,0,0,0],"id":76,"left_children":[1,3,5,-1,-1,7,9,11,13,-1,-1,-1,-1,-1,-1],"loss_changes":[4.551475E-2,8.727461E-4,1.6036961E-2,0E0,0E0,7.7740516E-4,3.8341805E-4,1.9273532E-5,2.4085748E-6,0E0,0E0,0E0,0E0,0E0,0E0],"parents":[2147483647,0,0,1,1,2,2,5,5,6,6,7,7,8,8],"right_children":[2,4,6,-1,-1,8,10,12,14,-1,-1,-1,-1,-1,-1],"split_conditions":[3.0070898E-1,2.0099443E-1,8.030992E-1,-1.2902451E-2,-3.1661987E-3,6.0329604E-1,9.03377E-1,4.004312E-1,7.023979E-1,2.900696E-3,1.1368561E-2,-1.0116578E-3,-2.9525757E-4,4.413605E-4,1.6704559E-3],"split_indices":[0,0,0,0,0,0,0,0,0,0,0,0,0,0,0],"split_type":[0,0,0,0,0,0,0,0,0,0,0,0,0,0,0],"sum_hessian":[9E0,2E0,7E0,1E0,1E0,5E0,2E0,3E0,2E0,1E0,1E0,1E0,2E0,1E0,1E0],"tree_param":{"num_deleted":"0","num_feature":"2","num_nodes":"15","size_leaf_vector":"1"}},{"base_weights":[-2.154541E-3,-1.0176849E-1,3.547001E-2,-1.2257385E-2,-3.0078888E-3,2.1069844E-3,9.037272E-2,-6.87027E-3,1.3374329E-2,2.7557374E-3,1.0800171E-2,-9.609223E-4,-2.7542116E-4,4.1923524E-4,1.5869141E-3],"categories":[],"categories_nodes":[],"categories_segments":[],"categories_sizes":[],"default_left":[0,0,0,0,0,0,0,0,0,0,0,0,0,0,0],"id":77,"left_children":[1,3,5,-1,-1,7,9,11,13,-1,-1,-1,-1,-1,-1],"loss_changes":[4.108903E-2,7.8769773E-4,1.446335E-2,0E0,0E0,6.9878413E-4,3.45869E-4,1.8628925E-5,2.1928572E-6,0E0,0E0,0E0,0E0,0E0,0E0],"parents":[2147483647,0,0,1,1,2,2,5,5,6,6,7,7,8,8],"right_children":[2,4,6,-1,-1,8,10,12,14,-1,-1,-1,-1,-1,-1],"split_conditions":[3.0070898E-1,2.0099443E-1,8.030992E-1,-1.2257385E-2,-3.0078888E-3,6.0329604E-1,9.03377E-1,4.004312E-1,7.023979E-1,2.7557374E-3,1.0800171E-2,-9.609223E-4,-2.7542116E-4,4.1923524E-4,1.5869141E-3],"split_indices":[0,0,0,0,0,0,0,0,0,0,0,0,0,0,0],"split_type":[0,0,0,0,0,0,0,0,0,0,0,0,0,0,0],"sum_hessian":[9E0,2E0,7E0,1E0,1E0,5E0,2E0,3E0,2E0,1E0,1E0,1E0,2E0,1E0,1E0],"tree_param":{"num_deleted":"0","num_feature":"2","num_nodes":"15","size_leaf_vector":"1"}},{"base_weights":[-2.0332336E-3,-9.667969E-2,3.371334E-2,-1.1644363E-2,-2.8575899E-3,2.0243328E-3,8.585358E-2,-6.4926147E-3,1.2705485E-2,2.6180267E-3,1.026001E-2,-9.1285707E-4,-2.571106E-4,3.982544E-4,1.5075684E-3],"categories":[],"categories_nodes":[],"categories_segments":[],"categories_sizes":[],"default_left":[0,0,0,0,0,0,0,0,0,0,0,0,0,0,0],"id":78,"left_children":[1,3,5,-1,-1,7,9,11,13,-1,-1,-1,-1,-1,-1],"loss_changes":[3.709226E-2,7.1051717E-4,1.3044383E-2,0E0,0E0,6.283167E-4,3.1186268E-4,1.7877173E-5,1.9857252E-6,0E0,0E0,0E0,0E0,0E0,0E0],"parents":[2147483647,0,0,1,1,2,2,5,5,6,6,7,7,8,8],"right_children":[2,4,6,-1,-1,8,10,12,14,-1,-1,-1,-1,-1,-1],"split_conditions":[3.0070898E-1,2.0099443E-1,8.030992E-1,-1.1644363E-2,-2.8575899E-3,6.0329604E-1,9.03377E-1,4.004312E-1,7.023979E-1,2.6180267E-3,1.026001E-2,-9.1285707E-4,-2.571106E-4,3.982544E-4,1.5075684E-3],"split_indices":[0,0,0,0,0,0,0,0,0,0,0,0,0,0,0],"split_type":[0,0,0,0,0,0,0,0,0,0,0,0,0,0,0],"sum_hessian":[9E0,2E0,7E0,1E0,1E0,5E0,2E0,3E0,2E0,1E0,1E0,1E0,2E0,1E0,1E0],"tree_param":{"num_deleted":"0","num_feature":"2","num_nodes":"15","size_leaf_vector":"1"}},{"base_weights":[-1.9180297E-3,-9.184519E-2,3.204441E-2,-1.1062241E-2,-2.7145387E-3,1.9454956E-3,8.156077E-2,-6.134033E-3,1.2069702E-2,2.4871826E-3,9.746933E-3,-8.670807E-4,-2.3981731E-4,3.78418E-4,1.4320373E-3],"categories":[],"categories_nodes":[],"categories_segments":[],"categories_sizes":[],"default_left":[0,0,0,0,0,0,0,0,0,0,0,0,0,0,0],"id":79,"left_children":[1,3,5,-1,-1,7,9,11,13,-1,-1,-1,-1,-1,-1],"loss_changes":[3.3484586E-2,6.417576E-4,1.1764434E-2,0E0,0E0,5.6482886E-4,2.8127804E-4,1.7114027E-5,1.7530983E-6,0E0,0E0,0E0,0E0,0E0,0E0],"parents":[2147483647,0,0,1,1,2,2,5,5,6,6,7,7,8,8],"right_children":[2,4,6,-1,-1,8,10,12,14,-1,-1,-1,-1,-1,-1],"split_conditions":[3.0070898E-1,2.0099443E-1,8.030992E-1,-1.1062241E-2,-2.7145387E-3,6.0329604E-1,9.03377E-1,4.004312E-1,7.023979E-1,2.4871826E-3,9.746933E-3,-8.670807E-4,-2.3981731E-4,3.78418E-4,1.4320373E-3],"split_indices":[0,0,0,0,0,0,0,0,0,0,0,0,0,0,0],"split_type":[0,0,0,0,0,0,0,0,0,0,0,0,0,0,0],"sum_hessian":[9E0,2E0,7E0,1E0,1E0,5E0,2E0,3E0,2E0,1E0,1E0,1E0,2E0,1E0,1E0],"tree_param":{"num_deleted":"0","num_feature":"2","num_nodes":"15","size_leaf_vector":"1"}},{"base_weights":[-1.8112182E-3,-8.72523E-2,3.045559E-2,-1.050911E-2,-2.5787354E-3,1.8666586E-3,7.748159E-2,-5.79834E-3,1.1464437E-2,2.3628236E-3,9.259415E-3,-8.235932E-4,-2.2404989E-4,3.593445E-4,1.3603211E-3],"categories":[],"categories_nodes":[],"categories_segments":[],"categories_sizes":[],"default_left":[0,0,0,0,0,0,0,0,0,0,0,0,0,0,0],"id":80,"left_children":[1,3,5,-1,-1,7,9,11,13,-1,-1,-1,-1,-1,-1],"loss_changes":[3.0226428E-2,5.793609E-4,1.0610753E-2,0E0,0E0,5.0787645E-4,2.5375E-4,1.6237653E-5,1.620414E-6,0E0,0E0,0E0,0E0,0E0,0E0],"parents":[2147483647,0,0,1,1,2,2,5,5,6,6,7,7,8,8],"right_children":[2,4,6,-1,-1,8,10,12,14,-1,-1,-1,-1,-1,-1],"split_conditions":[3.0070898E-1,2.0099443E-1,8.030992E-1,-1.050911E-2,-2.5787354E-3,6.0329604E-1,9.03377E-1,4.004312E-1,7.023979E-1,2.3628236E-3,9.259415E-3,-8.235932E-4,-2.2404989E-4,3.593445E-4,1.3603211E-3],"split_indices":[0,0,0,0,0,0,0,0,0,0,0,0,0,0,0],"split_type":[0,0,0,0,0,0,0,0,0,0,0,0,0,0,0],"sum_hessian":[9E0,2E0,7E0,1E0,1E0,5E0,2E0,3E0,2E0,1E0,1E0,1E0,2E0,1E0,1E0],"tree_param":{"num_deleted":"0","num_feature":"2","num_nodes":"15","size_leaf_vector":"1"}},{"base_weights":[-1.7105102E-3,-8.289083E-2,2.8945923E-2,-9.9838255E-3,-2.4497986E-3,1.7916361E-3,7.360586E-2,-5.48172E-3,1.0892232E-2,2.244568E-3,8.796311E-3,-6.688436E-4,-9.307861E-5,3.414154E-4,1.2924195E-3],"categories":[],"categories_nodes":[],"categories_segments":[],"categories_sizes":[],"default_left":[0,0,0,0,0,0,0,0,0,0,0,0,0,0,0],"id":81,"left_children":[1,3,5,-1,-1,7,9,11,13,-1,-1,-1,-1,-1,-1],"loss_changes":[2.7286341E-2,5.229898E-4,9.569794E-3,0E0,0E0,4.5685942E-4,2.2916682E-4,1.5741229E-5,1.4603429E-6,0E0,0E0,0E0,0E0,0E0,0E0],"parents":[2147483647,0,0,1,1,2,2,5,5,6,6,7,7,8,8],"right_children":[2,4,6,-1,-1,8,10,12,14,-1,-1,-1,-1,-1,-1],"split_conditions":[3.0070898E-1,2.0099443E-1,8.030992E-1,-9.9838255E-3,-2.4497986E-3,6.0329604E-1,9.03377E-1,5.018329E-1,7.023979E-1,2.244568E-3,8.796311E-3,-6.688436E-4,-9.307861E-5,3.414154E-4,1.2924195E-3],"split_indices":[0,0,0,0,0,0,0,0,0,0,0,0,0,0,0],"split_type":[0,0,0,0,0,0,0,0,0,0,0,0,0,0,0],"sum_hessian":[9E0,2E0,7E0,1E0,1E0,5E0,2E0,3E0,2E0,1E0,1E0,2E0,1E0,1E0,1E0],"tree_param":{"num_deleted":"0","num_feature":"2","num_nodes":"15","size_leaf_vector":"1"}},{"base_weights":[-1.5907288E-3,-7.874552E-2,2.754116E-2,-9.484482E-3,-2.327347E-3,1.7585754E-3,6.992594E-2,-5.1231384E-3,1.0348002E-2,2.1324158E-3,8.356476E-3,-7.488251E-4,-1.8386841E-4,3.2424927E-4,1.227951E-3],"categories":[],"categories_nodes":[],"categories_segments":[],"categories_sizes":[],"default_left":[0,0,0,0,0,0,0,0,0,0,0,0,0,0,0],"id":82,"left_children":[1,3,5,-1,-1,7,9,11,13,-1,-1,-1,-1,-1,-1],"loss_changes":[2.4645394E-2,4.7181547E-4,8.619344E-3,0E0,0E0,4.0767412E-4,2.066642E-4,1.7303886E-5,1.3568206E-6,0E0,0E0,0E0,0E0,0E0,0E0],"parents":[2147483647,0,0,1,1,2,2,5,5,6,6,7,7,8,8],"right_children":[2,4,6,-1,-1,8,10,12,14,-1,-1,-1,-1,-1,-1],"split_conditions":[3.0070898E-1,2.0099443E-1,8.030992E-1,-9.484482E-3,-2.327347E-3,6.0329604E-1,9.03377E-1,4.004312E-1,7.023979E-1,2.1324158E-3,8.356476E-3,-7.488251E-4,-1.8386841E-4,3.2424927E-4,1.227951E-3],"split_indices":[0,0,0,0,0,0,0,0,0,0,0,0,0,0,0],"split_type":[0,0,0,0,0,0,0,0,0,0,0,0,0,0,0],"sum_hessian":[9E0,2E0,7E0,1E0,1E0,5E0,2E0,3E0,2E0,1E0,1E0,1E0,2E0,1E0,1E0],"tree_param":{"num_deleted":"0","num_feature":"2","num_nodes":"15","size_leaf_vector":"1"}},{"base_weights":[-1.5022277E-3,-7.4808754E-2,2.6175499E-2,-9.010315E-3,-2.2109987E-3,1.6860962E-3,6.642914E-2,-4.8446655E-3,9.831746E-3,2.0256042E-3,7.938767E-3,-7.1144104E-4,-1.7166138E-4,3.0822755E-4,1.1665345E-3],"categories":[],"categories_nodes":[],"categories_segments":[],"categories_sizes":[],"default_left":[0,0,0,0,0,0,0,0,0,0,0,0,0,0,0],"id":83,"left_children":[1,3,5,-1,-1,7,9,11,13,-1,-1,-1,-1,-1,-1],"loss_changes":[2.2247737E-2,4.2580627E-4,7.774294E-3,0E0,0E0,3.6681534E-4,1.8692669E-4,1.6186823E-5,1.1716329E-6,0E0,0E0,0E0,0E0,0E0,0E0],"parents":[2147483647,0,0,1,1,2,2,5,5,6,6,7,7,8,8],"right_children":[2,4,6,-1,-1,8,10,12,14,-1,-1,-1,-1,-1,-1],"split_conditions":[3.0070898E-1,2.0099443E-1,8.030992E-1,-9.010315E-3,-2.2109987E-3,6.0329604E-1,9.03377E-1,4.004312E-1,7.023979E-1,2.0256042E-3,7.938767E-3,-7.1144104E-4,-1.7166138E-4,3.0822755E-4,1.1665345E-3],"split_indices":[0,0,0,0,0,0,0,0,0,0,0,0,0,0,0],"split_type":[0,0,0,0,0,0,0,0,0,0,0,0,0,0,0],"sum_hessian":[9E0,2E0,7E0,1E0,1E0,5E0,2E0,3E0,2E0,1E0,1E0,1E0,2E0,1E0,1E0],"tree_param":{"num_deleted":"0","num_feature":"2","num_nodes":"15","size_leaf_vector":"1"}},{"base_weights":[-1.4198304E-3,-7.106781E-2,2.487564E-2,-8.5598E-3,-2.1003725E-3,1.6148885E-3,6.310526E-2,-4.5833588E-3,9.340922E-3,1.9241333E-3,7.5416565E-3,-6.7596434E-4,-1.604716E-4,2.9296876E-4,1.1081696E-3],"categories":[],"categories_nodes":[],"categories_segments":[],"categories_sizes":[],"default_left":[0,0,0,0,0,0,0,0,0,0,0,0,0,0,0],"id":84,"left_children":[1,3,5,-1,-1,7,9,11,13,-1,-1,-1,-1,-1,-1],"loss_changes":[2.0082122E-2,3.844453E-4,7.0120906E-3,0E0,0E0,3.3014003E-4,1.6895123E-4,1.5082194E-5,1.0156073E-6,0E0,0E0,0E0,0E0,0E0,0E0],"parents":[2147483647,0,0,1,1,2,2,5,5,6,6,7,7,8,8],"right_children":[2,4,6,-1,-1,8,10,12,14,-1,-1,-1,-1,-1,-1],"split_conditions":[3.0070898E-1,2.0099443E-1,8.030992E-1,-8.5598E-3,-2.1003725E-3,6.0329604E-1,9.03377E-1,4.004312E-1,7.023979E-1,1.9241333E-3,7.5416565E-3,-6.7596434E-4,-1.604716E-4,2.9296876E-4,1.1081696E-3],"split_indices":[0,0,0,0,0,0,0,0,0,0,0,0,0,0,0],"split_type":[0,0,0,0,0,0,0,0,0,0,0,0,0,0,0],"sum_hessian":[9E0,2E0,7E0,1E0,1E0,5E0,2E0,3E0,2E0,1E0,1E0,1E0,2E0,1E0,1E0],"tree_param":{"num_deleted":"0","num_feature":"2","num_nodes":"15","size_leaf_vector":"1"}},{"base_weights":[-1.3397217E-3,-6.751505E-2,2.3643494E-2,-8.13179E-3,-1.9954683E-3,1.5487671E-3,5.9951782E-2,-4.333496E-3,8.875529E-4,1.828003E-3,7.1647647E-3,-6.4201356E-4,-1.4979044E-4],"categories":[],"categories_nodes":[],"categories_segments":[],"categories_sizes":[],"default_left":[0,0,0,0,0,0,0,0,0,0,0,0,0],"id":85,"left_children":[1,3,5,-1,-1,7,9,11,-1,-1,-1,-1,-1],"loss_changes":[1.8129017E-2,3.4673326E-4,6.324922E-3,0E0,0E0,2.970497E-4,1.5243981E-4,1.4050682E-5,0E0,0E0,0E0,0E0,0E0],"parents":[2147483647,0,0,1,1,2,2,5,5,6,6,7,7],"right_children":[2,4,6,-1,-1,8,10,12,-1,-1,-1,-1,-1],"split_conditions":[3.0070898E-1,2.0099443E-1,8.030992E-1,-8.13179E-3,-1.9954683E-3,6.0329604E-1,9.03377E-1,4.004312E-1,8.875529E-4,1.828003E-3,7.1647647E-3,-6.4201356E-4,-1.4979044E-4],"split_indices":[0,0,0,0,0,0,0,0,0,0,0,0,0],"split_type":[0,0,0,0,0,0,0,0,0,0,0,0,0],"sum_hessian":[9E0,2E0,7E0,1E0,1E0,5E0,2E0,3E0,2E0,1E0,1E0,1E0,2E0],"tree_param":{"num_deleted":"0","num_feature":"2","num_nodes":"13","size_leaf_vector":"1"}},{"base_weights":[-1.3084412E-3,-6.413778E-2,2.2416115E-2,-7.7251433E-3,-1.895523E-3,1.411438E-3,5.695343E-2,-4.096985E-3,8.285522E-3,1.7364502E-3,6.8065645E-3,-6.099701E-4,-1.3961793E-4,2.3422242E-4,1.0086059E-3],"categories":[],"categories_nodes":[],"categories_segments":[],"categories_sizes":[],"default_left":[0,0,0,0,0,0,0,0,0,0,0,0,0,0,0],"id":86,"left_children":[1,3,5,-1,-1,7,9,11,13,-1,-1,-1,-1,-1,-1],"loss_changes":[1.6343702E-2,3.132075E-4,5.723174E-3,0E0,0E0,2.6113784E-4,1.3783574E-4,1.3119512E-5,8.479576E-6,0E0,0E0,0E0,0E0,0E0,0E0],"parents":[2147483647,0,0,1,1,2,2,5,5,6,6,7,7,8,8],"right_children":[2,4,6,-1,-1,8,10,12,14,-1,-1,-1,-1,-1,-1],"split_conditions":[3.0070898E-1,2.0099443E-1,8.030992E-1,-7.7251433E-3,-1.895523E-3,6.0329604E-1,9.03377E-1,4.004312E-1,7.023979E-1,1.7364502E-3,6.8065645E-3,-6.099701E-4,-1.3961793E-4,2.3422242E-4,1.0086059E-3],"split_indices":[0,0,0,0,0,0,0,0,0,0,0,0,0,0,0],"split_type":[0,0,0,0,0,0,0,0,0,0,0,0,0,0,0],"sum_hessian":[9E0,2E0,7E0,1E0,1E0,5E0,2E0,3E0,2E0,1E0,1E0,1E0,2E0,1E0,1E0],"tree_param":{"num_deleted":"0","num_feature":"2","num_nodes":"15","size_leaf_vector":"1"}},{"base_weights":[-1.2367249E-3,-6.093089E-2,2.1303177E-2,-7.338715E-3,-1.8009186E-3,1.3516744E-3,5.410512E-2,-3.8757324E-3,7.870992E-3,1.6494751E-3,6.4662932E-3,-5.7945255E-4,-1.3046265E-4,2.2239685E-4,9.5825194E-4],"categories":[],"categories_nodes":[],"categories_segments":[],"categories_sizes":[],"default_left":[0,0,0,0,0,0,0,0,0,0,0,0,0,0,0],"id":87,"left_children":[1,3,5,-1,-1,7,9,11,13,-1,-1,-1,-1,-1,-1],"loss_changes":[1.4753027E-2,2.8228853E-4,5.1624533E-3,0E0,0E0,2.3498059E-4,1.2465101E-4,1.2173987E-5,7.683891E-6,0E0,0E0,0E0,0E0,0E0,0E0],"parents":[2147483647,0,0,1,1,2,2,5,5,6,6,7,7,8,8],"right_children":[2,4,6,-1,-1,8,10,12,14,-1,-1,-1,-1,-1,-1],"split_conditions":[3.0070898E-1,2.0099443E-1,8.030992E-1,-7.338715E-3,-1.8009186E-3,6.0329604E-1,9.03377E-1,4.004312E-1,7.023979E-1,1.6494751E-3,6.4662932E-3,-5.7945255E-4,-1.3046265E-4,2.2239685E-4,9.5825194E-4],"split_indices":[0,0,0,0,0,0,0,0,0,0,0,0,0,0,0],"split_type":[0,0,0,0,0,0,0,0,0,0,0,0,0,0,0],"sum_hessian":[9E0,2E0,7E0,1E0,1E0,5E0,2E0,3E0,2E0,1E0,1E0,1E0,2E0,1E0,1E0],"tree_param":{"num_deleted":"0","num_feature":"2","num_nodes":"15","size_leaf_vector":"1"}},{"base_weights":[-1.1688232E-3,-5.7884216E-2,2.0245552E-2,-6.9717406E-3,-1.7108917E-3,1.294454E-3,5.139923E-2,-3.665924E-3,7.4768066E-3,1.5670777E-3,6.142807E-3,-5.504608E-4,-1.21816E-4,2.1133423E-4,9.101868E-4],"categories":[],"categories_nodes":[],"categories_segments":[],"categories_sizes":[],"default_left":[0,0,0,0,0,0,0,0,0,0,0,0,0,0,0],"id":88,"left_children":[1,3,5,-1,-1,7,9,11,13,-1,-1,-1,-1,-1,-1],"loss_changes":[1.3317145E-2,2.547158E-4,4.656637E-3,0E0,0E0,2.1141024E-4,1.12319365E-4,1.1297168E-5,6.912509E-6,0E0,0E0,0E0,0E0,0E0,0E0],"parents":[2147483647,0,0,1,1,2,2,5,5,6,6,7,7,8,8],"right_children":[2,4,6,-1,-1,8,10,12,14,-1,-1,-1,-1,-1,-1],"split_conditions":[3.0070898E-1,2.0099443E-1,8.030992E-1,-6.9717406E-3,-1.7108917E-3,6.0329604E-1,9.03377E-1,4.004312E-1,7.023979E-1,1.5670777E-3,6.142807E-3,-5.504608E-4,-1.21816E-4,2.1133423E-4,9.101868E-4],"split_indices":[0,0,0,0,0,0,0,0,0,0,0,0,0,0,0],"split_type":[0,0,0,0,0,0,0,0,0,0,0,0,0,0,0],"sum_hessian":[9E0,2E0,7E0,1E0,1E0,5E0,2E0,3E0,2E0,1E0,1E0,1E0,2E0,1E0,1E0],"tree_param":{"num_deleted":"0","num_feature":"2","num_nodes":"15","size_leaf_vector":"1"}},{"base_weights":[-1.1039734E-3,-5.499013E-2,1.9241333E-2,-6.6230777E-3,-1.6254425E-3,1.2397766E-3,4.883067E-2,-3.4675598E-3,7.1029663E-3,1.4888764E-3,5.835724E-3,-5.22995E-4,-1.1367798E-4,2.0065308E-4,8.6479186E-4],"categories":[],"categories_nodes":[],"categories_segments":[],"categories_sizes":[],"default_left":[0,0,0,0,0,0,0,0,0,0,0,0,0,0,0],"id":89,"left_children":[1,3,5,-1,-1,7,9,11,13,-1,-1,-1,-1,-1,-1],"loss_changes":[1.2021388E-2,2.2969954E-4,4.2006937E-3,0E0,0E0,1.9023E-4,1.0118261E-4,1.0485674E-5,6.268936E-6,0E0,0E0,0E0,0E0,0E0,0E0],"parents":[2147483647,0,0,1,1,2,2,5,5,6,6,7,7,8,8],"right_children":[2,4,6,-1,-1,8,10,12,14,-1,-1,-1,-1,-1,-1],"split_conditions":[3.0070898E-1,2.0099443E-1,8.030992E-1,-6.6230777E-3,-1.6254425E-3,6.0329604E-1,9.03377E-1,4.004312E-1,7.023979E-1,1.4888764E-3,5.835724E-3,-5.22995E-4,-1.1367798E-4,2.0065308E-4,8.6479186E-4],"split_indices":[0,0,0,0,0,0,0,0,0,0,0,0,0,0,0],"split_type":[0,0,0,0,0,0,0,0,0,0,0,0,0,0,0],"sum_hessian":[9E0,2E0,7E0,1E0,1E0,5E0,2E0,3E0,2E0,1E0,1E0,1E0,2E0,1E0,1E0],"tree_param":{"num_deleted":"0","num_feature":"2","num_nodes":"15","size_leaf_vector":"1"}},{"base_weights":[-1.0421753E-3,-5.224101E-2,1.8287659E-2,-6.2919618E-3,-1.5441895E-3,1.188914E-3,4.6389263E-2,-3.2787323E-3,6.749471E-3,1.4144898E-3,5.5438997E-3,-4.966736E-4,-1.0604859E-4,1.9073486E-4,8.216858E-4],"categories":[],"categories_nodes":[],"categories_segments":[],"categories_sizes":[],"default_left":[0,0,0,0,0,0,0,0,0,0,0,0,0,0,0],"id":90,"left_children":[1,3,5,-1,-1,7,9,11,13,-1,-1,-1,-1,-1,-1],"loss_changes":[1.0852015E-2,2.0729192E-4,3.7888642E-3,0E0,0E0,1.7118531E-4,9.123003E-5,9.7104785E-6,5.643393E-6,0E0,0E0,0E0,0E0,0E0,0E0],"parents":[2147483647,0,0,1,1,2,2,5,5,6,6,7,7,8,8],"right_children":[2,4,6,-1,-1,8,10,12,14,-1,-1,-1,-1,-1,-1],"split_conditions":[3.0070898E-1,2.0099443E-1,8.030992E-1,-6.2919618E-3,-1.5441895E-3,6.0329604E-1,9.03377E-1,4.004312E-1,7.023979E-1,1.4144898E-3,5.5438997E-3,-4.966736E-4,-1.0604859E-4,1.9073486E-4,8.216858E-4],"split_indices":[0,0,0,0,0,0,0,0,0,0,0,0,0,0,0],"split_type":[0,0,0,0,0,0,0,0,0,0,0,0,0,0,0],"sum_hessian":[9E0,2E0,7E0,1E0,1E0,5E0,2E0,3E0,2E0,1E0,1E0,1E0,2E0,1E0,1E0],"tree_param":{"num_deleted":"0","num_feature":"2","num_nodes":"15","size_leaf_vector":"1"}},{"base_weights":[-9.849549E-4,-4.962921E-2,1.737976E-2,-5.9772492E-3,-1.4671326E-3,1.1380514E-3,4.4069927E-2,-3.1013489E-3,6.4112344E-3,1.3439179E-3,5.266571E-3,-4.7187807E-4,-9.892782E-5,1.8119812E-4,7.804871E-4],"categories":[],"categories_nodes":[],"categories_segments":[],"categories_sizes":[],"default_left":[0,0,0,0,0,0,0,0,0,0,0,0,0,0,0],"id":91,"left_children":[1,3,5,-1,-1,7,9,11,13,-1,-1,-1,-1,-1,-1],"loss_changes":[9.795924E-3,1.8682098E-4,3.4177974E-3,0E0,0E0,1.5401427E-4,8.210214E-5,8.996332E-6,5.086782E-6,0E0,0E0,0E0,0E0,0E0,0E0],"parents":[2147483647,0,0,1,1,2,2,5,5,6,6,7,7,8,8],"right_children":[2,4,6,-1,-1,8,10,12,14,-1,-1,-1,-1,-1,-1],"split_conditions":[3.0070898E-1,2.0099443E-1,8.030992E-1,-5.9772492E-3,-1.4671326E-3,6.0329604E-1,9.03377E-1,4.004312E-1,7.023979E-1,1.3439179E-3,5.266571E-3,-4.7187807E-4,-9.892782E-5,1.8119812E-4,7.804871E-4],"split_indices":[0,0,0,0,0,0,0,0,0,0,0,0,0,0,0],"split_type":[0,0,0,0,0,0,0,0,0,0,0,0,0,0,0],"sum_hessian":[9E0,2E0,7E0,1E0,1E0,5E0,2E0,3E0,2E0,1E0,1E0,1E0,2E0,1E0,1E0],"tree_param":{"num_deleted":"0","num_feature":"2","num_nodes":"15","size_leaf_vector":"1"}},{"base_weights":[-9.3078613E-4,-4.714966E-2,1.651764E-2,-5.6785583E-3,-1.3938904E-3,1.0897318E-3,4.1867573E-2,-2.9335022E-3,6.0908E-3,1.2767792E-3,5.003357E-3,-3.7790937E-4,-1.9836427E-5,1.7204286E-4,7.415772E-4],"categories":[],"categories_nodes":[],"categories_segments":[],"categories_sizes":[],"default_left":[0,0,0,0,0,0,0,0,0,0,0,0,0,0,0],"id":92,"left_children":[1,3,5,-1,-1,7,9,11,13,-1,-1,-1,-1,-1,-1],"loss_changes":[8.8432655E-3,1.6852049E-4,3.083147E-3,0E0,0E0,1.3859019E-4,7.4068084E-5,8.501596E-6,4.6135465E-6,0E0,0E0,0E0,0E0,0E0,0E0],"parents":[2147483647,0,0,1,1,2,2,5,5,6,6,7,7,8,8],"right_children":[2,4,6,-1,-1,8,10,12,14,-1,-1,-1,-1,-1,-1],"split_conditions":[3.0070898E-1,2.0099443E-1,8.030992E-1,-5.6785583E-3,-1.3938904E-3,6.0329604E-1,9.03377E-1,5.018329E-1,7.023979E-1,1.2767792E-3,5.003357E-3,-3.7790937E-4,-1.9836427E-5,1.7204286E-4,7.415772E-4],"split_indices":[0,0,0,0,0,0,0,0,0,0,0,0,0,0,0],"split_type":[0,0,0,0,0,0,0,0,0,0,0,0,0,0,0],"sum_hessian":[9E0,2E0,7E0,1E0,1E0,5E0,2E0,3E0,2E0,1E0,1E0,2E0,1E0,1E0,1E0],"tree_param":{"num_deleted":"0","num_feature":"2","num_nodes":"15","size_leaf_vector":"1"}},{"base_weights":[-8.644104E-4,-4.4792175E-2,1.5716553E-2,-5.394745E-3,-1.3240814E-3,1.0681152E-3,3.9774578E-2,-2.7370453E-3,5.785624E-3,1.2130737E-3,4.753113E-3,-4.2915344E-4,-7.883708E-5,1.6326904E-4,7.045746E-4],"categories":[],"categories_nodes":[],"categories_segments":[],"categories_sizes":[],"default_left":[0,0,0,0,0,0,0,0,0,0,0,0,0,0,0],"id":93,"left_children":[1,3,5,-1,-1,7,9,11,13,-1,-1,-1,-1,-1,-1],"loss_changes":[7.987625E-3,1.522759E-4,2.776816E-3,0E0,0E0,1.2354078E-4,6.667478E-5,8.733452E-6,4.196081E-6,0E0,0E0,0E0,0E0,0E0,0E0],"parents":[2147483647,0,0,1,1,2,2,5,5,6,6,7,7,8,8],"right_children":[2,4,6,-1,-1,8,10,12,14,-1,-1,-1,-1,-1,-1],"split_conditions":[3.0070898E-1,2.0099443E-1,8.030992E-1,-5.394745E-3,-1.3240814E-3,6.0329604E-1,9.03377E-1,4.004312E-1,7.023979E-1,1.2130737E-3,4.753113E-3,-4.2915344E-4,-7.883708E-5,1.6326904E-4,7.045746E-4],"split_indices":[0,0,0,0,0,0,0,0,0,0,0,0,0,0,0],"split_type":[0,0,0,0,0,0,0,0,0,0,0,0,0,0,0],"sum_hessian":[9E0,2E0,7E0,1E0,1E0,5E0,2E0,3E0,2E0,1E0,1E0,1E0,2E0,1E0,1E0],"tree_param":{"num_deleted":"0","num_feature":"2","num_nodes":"15","size_leaf_vector":"1"}},{"base_weights":[-8.1710814E-4,-4.2551678E-2,1.49354935E-2,-5.125046E-3,-1.2577057E-3,1.0210673E-3,3.7785847E-2,-2.5920868E-3,5.4982505E-3,1.1524201E-3,4.5154574E-3,-4.0779114E-4,-7.3750816E-5,1.5525818E-4,6.6947937E-4],"categories":[],"categories_nodes":[],"categories_segments":[],"categories_sizes":[],"default_left":[0,0,0,0,0,0,0,0,0,0,0,0,0,0,0],"id":94,"left_children":[1,3,5,-1,-1,7,9,11,13,-1,-1,-1,-1,-1,-1],"loss_changes":[7.2098104E-3,1.3764855E-4,2.5050147E-3,0E0,0E0,1.1131246E-4,6.0174614E-5,8.01482E-6,3.7692735E-6,0E0,0E0,0E0,0E0,0E0,0E0],"parents":[2147483647,0,0,1,1,2,2,5,5,6,6,7,7,8,8],"right_children":[2,4,6,-1,-1,8,10,12,14,-1,-1,-1,-1,-1,-1],"split_conditions":[3.0070898E-1,2.0099443E-1,8.030992E-1,-5.125046E-3,-1.2577057E-3,6.0329604E-1,9.03377E-1,4.004312E-1,7.023979E-1,1.1524201E-3,4.5154574E-3,-4.0779114E-4,-7.3750816E-5,1.5525818E-4,6.6947937E-4],"split_indices":[0,0,0,0,0,0,0,0,0,0,0,0,0,0,0],"split_type":[0,0,0,0,0,0,0,0,0,0,0,0,0,0,0],"sum_hessian":[9E0,2E0,7E0,1E0,1E0,5E0,2E0,3E0,2E0,1E0,1E0,1E0,2E0,1E0,1E0],"tree_param":{"num_deleted":"0","num_feature":"2","num_nodes":"15","size_leaf_vector":"1"}},{"base_weights":[-7.720947E-4,-4.0423077E-2,1.4193535E-2,-4.8686983E-3,-1.1947632E-3,9.765625E-4,3.58963E-2,-2.4528503E-3,5.2235923E-3,1.0948181E-3,4.289627E-3,-3.8757324E-4,-6.866455E-5,1.4762879E-4,6.3591E-4],"categories":[],"categories_nodes":[],"categories_segments":[],"categories_sizes":[],"default_left":[0,0,0,0,0,0,0,0,0,0,0,0,0,0,0],"id":95,"left_children":[1,3,5,-1,-1,7,9,11,13,-1,-1,-1,-1,-1,-1],"loss_changes":[6.507765E-3,1.2426125E-4,2.2597038E-3,0E0,0E0,1.002016E-4,5.4272125E-5,7.3911506E-6,3.3774195E-6,0E0,0E0,0E0,0E0,0E0,0E0],"parents":[2147483647,0,0,1,1,2,2,5,5,6,6,7,7,8,8],"right_children":[2,4,6,-1,-1,8,10,12,14,-1,-1,-1,-1,-1,-1],"split_conditions":[3.0070898E-1,2.0099443E-1,8.030992E-1,-4.8686983E-3,-1.1947632E-3,6.0329604E-1,9.03377E-1,4.004312E-1,7.023979E-1,1.0948181E-3,4.289627E-3,-3.8757324E-4,-6.866455E-5,1.4762879E-4,6.3591E-4],"split_indices":[0,0,0,0,0,0,0,0,0,0,0,0,0,0,0],"split_type":[0,0,0,0,0,0,0,0,0,0,0,0,0,0,0],"sum_hessian":[9E0,2E0,7E0,1E0,1E0,5E0,2E0,3E0,2E0,1E0,1E0,1E0,2E0,1E0,1E0],"tree_param":{"num_deleted":"0","num_feature":"2","num_nodes":"15","size_leaf_vector":"1"}},{"base_weights":[-7.293701E-4,-3.8401287E-2,1.34887695E-2,-4.6253204E-3,-1.1348724E-3,9.3460083E-4,3.410085E-2,-2.3212433E-3,4.964193E-3,1.0398865E-3,4.0752413E-3,-3.681183E-4,-6.408692E-5,1.4038086E-4,6.042481E-4],"categories":[],"categories_nodes":[],"categories_segments":[],"categories_sizes":[],"default_left":[0,0,0,0,0,0,0,0,0,0,0,0,0,0,0],"id":96,"left_children":[1,3,5,-1,-1,7,9,11,13,-1,-1,-1,-1,-1,-1],"loss_changes":[5.874232E-3,1.1232868E-4,2.0382695E-3,0E0,0E0,9.024144E-5,4.918687E-5,6.7816727E-6,3.0348674E-6,0E0,0E0,0E0,0E0,0E0,0E0],"parents":[2147483647,0,0,1,1,2,2,5,5,6,6,7,7,8,8],"right_children":[2,4,6,-1,-1,8,10,12,14,-1,-1,-1,-1,-1,-1],"split_conditions":[3.0070898E-1,2.0099443E-1,8.030992E-1,-4.6253204E-3,-1.1348724E-3,6.0329604E-1,9.03377E-1,4.004312E-1,7.023979E-1,1.0398865E-3,4.0752413E-3,-3.681183E-4,-6.408692E-5,1.4038086E-4,6.042481E-4],"split_indices":[0,0,0,0,0,0,0,0,0,0,0,0,0,0,0],"split_type":[0,0,0,0,0,0,0,0,0,0,0,0,0,0,0],"sum_hessian":[9E0,2E0,7E0,1E0,1E0,5E0,2E0,3E0,2E0,1E0,1E0,1E0,2E0,1E0,1E0],"tree_param":{"num_deleted":"0","num_feature":"2","num_nodes":"15","size_leaf_vector":"1"}},{"base_weights":[-6.896973E-4,-3.648122E-2,1.28183365E-2,-4.39415E-3,-1.0780335E-3,8.9263916E-4,3.2396954E-2,-2.199173E-3,4.717509E-3,9.880066E-4,3.8715363E-3,-3.4980776E-4,-6.00179E-5,1.335144E-4,5.7411194E-4],"categories":[],"categories_nodes":[],"categories_segments":[],"categories_sizes":[],"default_left":[0,0,0,0,0,0,0,0,0,0,0,0,0,0,0],"id":97,"left_children":[1,3,5,-1,-1,7,9,11,13,-1,-1,-1,-1,-1,-1],"loss_changes":[5.30236E-3,1.01502985E-4,1.8389905E-3,0E0,0E0,8.132929E-5,4.4302316E-5,6.208289E-6,2.7214483E-6,0E0,0E0,0E0,0E0,0E0,0E0],"parents":[2147483647,0,0,1,1,2,2,5,5,6,6,7,7,8,8],"right_children":[2,4,6,-1,-1,8,10,12,14,-1,-1,-1,-1,-1,-1],"split_conditions":[3.0070898E-1,2.0099443E-1,8.030992E-1,-4.39415E-3,-1.0780335E-3,6.0329604E-1,9.03377E-1,4.004312E-1,7.023979E-1,9.880066E-4,3.8715363E-3,-3.4980776E-4,-6.00179E-5,1.335144E-4,5.7411194E-4],"split_indices":[0,0,0,0,0,0,0,0,0,0,0,0,0,0,0],"split_type":[0,0,0,0,0,0,0,0,0,0,0,0,0,0,0],"sum_hessian":[9E0,2E0,7E0,1E0,1E0,5E0,2E0,3E0,2E0,1E0,1E0,1E0,2E0,1E0,1E0],"tree_param":{"num_deleted":"0","num_feature":"2","num_nodes":"15","size_leaf_vector":"1"}},{"base_weights":[-6.5231323E-4,-3.4657795E-2,1.2181282E-2,-4.1744234E-3,-1.0242462E-3,8.5322064E-4,3.0776978E-2,-2.0809174E-3,4.4809976E-3,9.384155E-4,3.6781312E-3,-3.3226013E-4,-5.5948894E-5,1.2664795E-4,5.455017E-4],"categories":[],"categories_nodes":[],"categories_segments":[],"categories_sizes":[],"default_left":[0,0,0,0,0,0,0,0,0,0,0,0,0,0,0],"id":98,"left_children":[1,3,5,-1,-1,7,9,11,13,-1,-1,-1,-1,-1,-1],"loss_changes":[4.7863023E-3,9.1489404E-5,1.6589658E-3,0E0,0E0,7.3190975E-5,4.0187268E-5,5.697575E-6,2.484343E-6,0E0,0E0,0E0,0E0,0E0,0E0],"parents":[2147483647,0,0,1,1,2,2,5,5,6,6,7,7,8,8],"right_children":[2,4,6,-1,-1,8,10,12,14,-1,-1,-1,-1,-1,-1],"split_conditions":[3.0070898E-1,2.0099443E-1,8.030992E-1,-4.1744234E-3,-1.0242462E-3,6.0329604E-1,9.03377E-1,4.004312E-1,7.023979E-1,9.384155E-4,3.6781312E-3,-3.3226013E-4,-5.5948894E-5,1.2664795E-4,5.455017E-4],"split_indices":[0,0,0,0,0,0,0,0,0,0,0,0,0,0,0],"split_type":[0,0,0,0,0,0,0,0,0,0,0,0,0,0,0],"sum_hessian":[9E0,2E0,7E0,1E0,1E0,5E0,2E0,3E0,2E0,1E0,1E0,1E0,2E0,1E0,1E0],"tree_param":{"num_deleted":"0","num_feature":"2","num_nodes":"15","size_leaf_vector":"1"}},{"base_weights":[-6.1798096E-4,-3.2925922E-2,1.1574745E-2,-3.965759E-3,-9.731293E-4,8.1380206E-4,2.9238382E-2,-1.9702911E-3,4.254659E-3,8.9149474E-4,3.4942627E-3,-2.6346845E-4,1.1444092E-6,1.20162964E-4,5.180359E-4],"categories":[],"categories_nodes":[],"categories_segments":[],"categories_sizes":[],"default_left":[0,0,0,0,0,0,0,0,0,0,0,0,0,0,0],"id":99,"left_children":[1,3,5,-1,-1,7,9,11,13,-1,-1,-1,-1,-1,-1],"loss_changes":[4.3203286E-3,8.2495855E-5,1.496825E-3,0E0,0E0,6.586091E-5,3.627781E-5,5.296757E-6,2.2536951E-6,0E0,0E0,0E0,0E0,0E0,0E0],"parents":[2147483647,0,0,1,1,2,2,5,5,6,6,7,7,8,8],"right_children":[2,4,6,-1,-1,8,10,12,14,-1,-1,-1,-1,-1,-1],"split_conditions":[3.0070898E-1,2.0099443E-1,8.030992E-1,-3.965759E-3,-9.731293E-4,6.0329604E-1,9.03377E-1,5.018329E-1,7.023979E-1,8.9149474E-4,3.4942627E-3,-2.6346845E-4,1.1444092E-6,1.20162964E-4,5.180359E-4],"split_indices":[0,0,0,0,0,0,0,0,0,0,0,0,0,0,0],"split_type":[0,0,0,0,0,0,0,0,0,0,0,0,0,0,0],"sum_hessian":[9E0,2E0,7E0,1E0,1E0,5E0,2E0,3E0,2E0,1E0,1E0,2E0,1E0,1E0,1E0],"tree_param":{"num_deleted":"0","num_feature":"2","num_nodes":"15","size_leaf_vector":"1"}}]},"name":"gbtree"},"learner_model_param":{"base_score":"9.705556E1","boost_from_average":"1","num_class":"0","num_feature":"2","num_target":"1"},"objective":{"name":"reg:squarederror","reg_loss_param":{"scale_pos_weight":"1"}}},"version":[2,0,1]}