{"learner":{"attributes":{"scikit_learn":"{\"_estimator_type\": \"regressor\"}"},"feature_names":[],"feature_types":[],"gradient_booster":{"model":{"gbtree_model_param":{"num_parallel_tree":"1","num_trees":"100"},"iteration_indptr":[0,1,2,3,4,5,6,7,8,9,10,11,12,13,14,15,16,17,18,19,20,21,22,23,24,25,26,27,28,29,30,31,32,33,34,35,36,37,38,39,40,41,42,43,44,45,46,47,48,49,50,51,52,53,54,55,56,57,58,59,60,61,62,63,64,65,66,67,68,69,70,71,72,73,74,75,76,77,78,79,80,81,82,83,84,85,86,87,88,89,90,91,92,93,94,95,96,97,98,99,100],"tree_info":[0,0,0,0,0,0,0,0,0,0,0,0,0,0,0,0,0,0,0,0,0,0,0,0,0,0,0,0,0,0,0,0,0,0,0,0,0,0,0,0,0,0,0,0,0,0,0,0,0,0,0,0,0,0,0,0,0,0,0,0,0,0,0,0,0,0,0,0,0,0,0,0,0,0,0,0,0,0,0,0,0,0,0,0,0,0,0,0,0,0,0,0,0,0,0,0,0,0,0,0],"trees":[{"base_weights":[-2.670288E-6,-1.4000002E1,1.1666664E1,-1.5675002E0,-3.6500016E-1,3E-1,1.2799997E0],"categories":[],"categories_nodes":[],"categories_segments":[],"categories_sizes":[],"default_left":[0,0,0,0,0,0,0],"id":0,"left_children":[1,3,5,-1,-1,-1,-1],"loss_changes":[1.7966666E3,2.9467468E1,2.0533264E1,0E0,0E0,0E0,0E0],"parents":[2147483647,0,0,1,1,2,2],"right_children":[2,4,6,-1,-1,-1,-1],"split_conditions":[6.050859E-1,2.999317E-1,7.042061E-1,-1.5675002E0,-3.6500016E-1,3E-1,1.2799997E0],"split_indices":[0,0,0,0,0,0,0],"split_type":[0,0,0,0,0,0,0],"sum_hessian":[9E0,4E0,5E0,3E0,1E0,1E0,4E0],"tree_param":{"num_deleted":"0","num_feature":"2","num_nodes":"7","size_leaf_vector":"1"}},{"base_weights":[-3.5253525E-2,-1.2986505E1,1.0763331E1,-1.4499379E0,-3.4675026E-1,2.8499985E-1,1.1775998E0],"categories":[],"categories_nodes":[],"categories_segments":[],"categories_sizes":[],"default_left":[0,0,0,0,0,0,0],"id":1,"left_children":[1,3,5,-1,-1,-1,-1],"loss_changes":[1.5383298E3,2.1728638E1,1.4519897E1,0E0,0E0,0E0,0E0],"parents":[2147483647,0,0,1,1,2,2],"right_children":[2,4,6,-1,-1,-1,-1],"split_conditions":[6.050859E-1,2.999317E-1,7.042061E-1,-1.4499379E0,-3.4675026E-1,2.8499985E-1,1.1775998E0],"split_indices":[0,0,0,0,0,0,0],"split_type":[0,0,0,0,0,0,0],"sum_hessian":[9E0,4E0,5E0,3E0,1E0,1E0,4E0],"tree_param":{"num_deleted":"0","num_feature":"2","num_nodes":"7","size_leaf_vector":"1"}},{"base_weights":[-6.51371E-2,-1.2047194E1,9.930766E0,-1.3411927E0,-3.2941285E-1,2.7074966E-1,1.083392E0],"categories":[],"categories_nodes":[],"categories_segments":[],"categories_sizes":[],"default_left":[0,0,0,0,0,0,0],"id":2,"left_children":[1,3,5,-1,-1,-1,-1],"loss_changes":[1.3173525E3,1.5547424E1,9.80957E0,0E0,0E0,0E0,0E0],"parents":[2147483647,0,0,1,1,2,2],"right_children":[2,4,6,-1,-1,-1,-1],"split_conditions":[6.050859E-1,2.999317E-1,7.042061E-1,-1.3411927E0,-3.2941285E-1,2.7074966E-1,1.083392E0],"split_indices":[0,0,0,0,0,0,0],"split_type":[0,0,0,0,0,0,0],"sum_hessian":[9E0,4E0,5E0,3E0,1E0,1E0,4E0],"tree_param":{"num_deleted":"0","num_feature":"2","num_nodes":"7","size_leaf_vector":"1"}},{"base_weights":[-9.026833E-2,-1.1176594E1,9.163381E0,-1.3860917E0,-4.766739E-1,2.5721207E-1,9.967209E-1],"categories":[],"categories_nodes":[],"categories_segments":[],"categories_sizes":[],"default_left":[0,0,0,0,0,0,0],"id":3,"left_children":[1,3,5,-1,-1,-1,-1],"loss_changes":[1.1283049E3,1.9959229E1,6.1525574E0,0E0,0E0,0E0,0E0],"parents":[2147483647,0,0,1,1,2,2],"right_children":[2,4,6,-1,-1,-1,-1],"split_conditions":[6.050859E-1,1.9911352E-1,7.042061E-1,-1.3860917E0,-4.766739E-1,2.5721207E-1,9.967209E-1],"split_indices":[0,0,0,0,0,0,0],"split_type":[0,0,0,0,0,0,0],"sum_hessian":[9E0,4E0,5E0,2E0,2E0,1E0,4E0],"tree_param":{"num_deleted":"0","num_feature":"2","num_nodes":"7","size_leaf_vector":"1"}},{"base_weights":[-1.4212303E-1,-1.0431486E1,8.456033E0,-1.2936856E0,-4.4489542E-1,3.583107E-1,9.9967194E-1],"categories":[],"categories_nodes":[],"categories_segments":[],"categories_sizes":[],"default_left":[0,0,0,0,0,0,0],"id":4,"left_children":[1,3,5,-1,-1,-1,-1],"loss_changes":[9.729045E2,1.738678E1,9.2265625E0,0E0,0E0,0E0,0E0],"parents":[2147483647,0,0,1,1,2,2],"right_children":[2,4,6,-1,-1,-1,-1],"split_conditions":[6.050859E-1,1.9911352E-1,8.0635536E-1,-1.2936856E0,-4.4489542E-1,3.583107E-1,9.9967194E-1],"split_indices":[0,0,0,0,0,0,0],"split_type":[0,0,0,0,0,0,0],"sum_hessian":[9E0,4E0,5E0,2E0,2E0,2E0,3E0],"tree_param":{"num_deleted":"0","num_feature":"2","num_nodes":"7","size_leaf_vector":"1"}},{"base_weights":[-1.65971E-1,-9.736054E0,7.83676E0,-1.2074398E0,-4.152359E-1,3.3442333E-1,9.2469656E-1],"categories":[],"categories_nodes":[],"categories_segments":[],"categories_sizes":[],"default_left":[0,0,0,0,0,0,0],"id":5,"left_children":[1,3,5,-1,-1,-1,-1],"loss_changes":[8.421672E2,1.5145752E1,7.088318E0,0E0,0E0,0E0,0E0],"parents":[2147483647,0,0,1,1,2,2],"right_children":[2,4,6,-1,-1,-1,-1],"split_conditions":[6.050859E-1,1.9911352E-1,8.0635536E-1,-1.2074398E0,-4.152359E-1,3.3442333E-1,9.2469656E-1],"split_indices":[0,0,0,0,0,0,0],"split_type":[0,0,0,0,0,0,0],"sum_hessian":[9E0,4E0,5E0,2E0,2E0,2E0,3E0],"tree_param":{"num_deleted":"0","num_feature":"2","num_nodes":"7","size_leaf_vector":"1"}},{"base_weights":[-1.857296E-1,-9.086982E0,7.2629356E0,-1.1269436E0,-3.8755342E-1,3.121282E-1,8.5534424E-1],"categories":[],"categories_nodes":[],"categories_segments":[],"categories_sizes":[],"default_left":[0,0,0,0,0,0,0],"id":6,"left_children":[1,3,5,-1,-1,-1,-1],"loss_changes":[7.2902264E2,1.3193665E1,5.371277E0,0E0,0E0,0E0,0E0],"parents":[2147483647,0,0,1,1,2,2],"right_children":[2,4,6,-1,-1,-1,-1],"split_conditions":[6.050859E-1,1.9911352E-1,8.0635536E-1,-1.1269436E0,-3.8755342E-1,3.121282E-1,8.5534424E-1],"split_indices":[0,0,0,0,0,0,0],"split_type":[0,0,0,0,0,0,0],"sum_hessian":[9E0,4E0,5E0,2E0,2E0,2E0,3E0],"tree_param":{"num_deleted":"0","num_feature":"2","num_nodes":"7","size_leaf_vector":"1"}},{"base_weights":[-2.0185967E-1,-8.481184E0,6.7312202E0,-1.051814E0,-3.6171672E-1,2.913198E-1,7.911932E-1],"categories":[],"categories_nodes":[],"categories_segments":[],"categories_sizes":[],"default_left":[0,0,0,0,0,0,0],"id":7,"left_children":[1,3,5,-1,-1,-1,-1],"loss_changes":[6.311008E2,1.14930725E1,3.9988708E0,0E0,0E0,0E0,0E0],"parents":[2147483647,0,0,1,1,2,2],"right_children":[2,4,6,-1,-1,-1,-1],"split_conditions":[6.050859E-1,1.9911352E-1,8.0635536E-1,-1.051814E0,-3.6171672E-1,2.913198E-1,7.911932E-1],"split_indices":[0,0,0,0,0,0,0],"split_type":[0,0,0,0,0,0,0],"sum_hessian":[9E0,4E0,5E0,2E0,2E0,2E0,3E0],"tree_param":{"num_deleted":"0","num_feature":"2","num_nodes":"7","size_leaf_vector":"1"}},{"base_weights":[-2.1477547E-1,-7.9157724E0,6.2385178E0,-9.816932E-1,-3.3760223E-1,2.718984E-1,7.318539E-1],"categories":[],"categories_nodes":[],"categories_segments":[],"categories_sizes":[],"default_left":[0,0,0,0,0,0,0],"id":8,"left_children":[1,3,5,-1,-1,-1,-1],"loss_changes":[5.463506E2,1.001178E1,2.90802E0,0E0,0E0,0E0,0E0],"parents":[2147483647,0,0,1,1,2,2],"right_children":[2,4,6,-1,-1,-1,-1],"split_conditions":[6.050859E-1,1.9911352E-1,8.0635536E-1,-9.816932E-1,-3.3760223E-1,2.718984E-1,7.318539E-1],"split_indices":[0,0,0,0,0,0,0],"split_type":[0,0,0,0,0,0,0],"sum_hessian":[9E0,4E0,5E0,2E0,2E0,2E0,3E0],"tree_param":{"num_deleted":"0","num_feature":"2","num_nodes":"7","size_leaf_vector":"1"}},{"base_weights":[-2.248539E-1,-7.3880563E0,5.781957E0,-9.162472E-1,-3.150955E-1,2.53772E-1,6.769646E-1],"categories":[],"categories_nodes":[],"categories_segments":[],"categories_sizes":[],"default_left":[0,0,0,0,0,0,0],"id":9,"left_children":[1,3,5,-1,-1,-1,-1],"loss_changes":[4.7299747E2,8.721344E0,2.0463104E0,0E0,0E0,0E0,0E0],"parents":[2147483647,0,0,1,1,2,2],"right_children":[2,4,6,-1,-1,-1,-1],"split_conditions":[6.050859E-1,1.9911352E-1,8.0635536E-1,-9.162472E-1,-3.150955E-1,2.53772E-1,6.769646E-1],"split_indices":[0,0,0,0,0,0,0],"split_type":[0,0,0,0,0,0,0],"sum_hessian":[9E0,4E0,5E0,2E0,2E0,2E0,3E0],"tree_param":{"num_deleted":"0","num_feature":"2","num_nodes":"7","size_leaf_vector":"1"}},{"base_weights":[-2.3242912E-1,-6.8955207E0,5.3588853E0,-7.739383E-1,-1.7600365E-1,1.532589E-1,5.8176273E-1],"categories":[],"categories_nodes":[],"categories_segments":[],"categories_sizes":[],"default_left":[0,0,0,0,0,0,0],"id":10,"left_children":[1,3,5,-1,-1,-1,-1],"loss_changes":[4.0950674E2,8.046585E0,1.6156464E0,0E0,0E0,0E0,0E0],"parents":[2147483647,0,0,1,1,2,2],"right_children":[2,4,6,-1,-1,-1,-1],"split_conditions":[6.050859E-1,2.999317E-1,7.042061E-1,-7.739383E-1,-1.7600365E-1,1.532589E-1,5.8176273E-1],"split_indices":[0,0,0,0,0,0,0],"split_type":[0,0,0,0,0,0,0],"sum_hessian":[9E0,4E0,5E0,3E0,1E0,1E0,4E0],"tree_param":{"num_deleted":"0","num_feature":"2","num_nodes":"7","size_leaf_vector":"1"}},{"base_weights":[-2.3067817E-1,-6.3959556E0,4.9454994E0,-8.035682E-1,-2.6242447E-1,2.6178494E-1,6.4005333E-1],"categories":[],"categories_nodes":[],"categories_segments":[],"categories_sizes":[],"default_left":[0,0,0,0,0,0,0],"id":11,"left_children":[1,3,5,-1,-1,-1,-1],"loss_changes":[3.507569E2,9.835281E0,3.5652313E0,0E0,0E0,0E0,0E0],"parents":[2147483647,0,0,1,1,2,2],"right_children":[2,4,6,-1,-1,-1,-1],"split_conditions":[6.050859E-1,1.9911352E-1,9.060032E-1,-8.035682E-1,-2.6242447E-1,2.6178494E-1,6.4005333E-1],"split_indices":[0,0,0,0,0,0,0],"split_type":[0,0,0,0,0,0,0],"sum_hessian":[9E0,4E0,5E0,2E0,2E0,3E0,2E0],"tree_param":{"num_deleted":"0","num_feature":"2","num_nodes":"7","size_leaf_vector":"1"}},{"base_weights":[-2.2402763E-1,-5.969561E0,4.601255E0,-8.549978E-1,-3.1869623E-1,2.4215089E-1,5.9738314E-1],"categories":[],"categories_nodes":[],"categories_segments":[],"categories_sizes":[],"default_left":[0,0,0,0,0,0,0],"id":12,"left_children":[1,3,5,-1,-1,-1,-1],"loss_changes":[3.047057E2,8.652863E0,3.485527E0,0E0,0E0,0E0,0E0],"parents":[2147483647,0,0,1,1,2,2],"right_children":[2,4,6,-1,-1,-1,-1],"split_conditions":[6.050859E-1,9.9216625E-2,9.060032E-1,-8.549978E-1,-3.1869623E-1,2.4215089E-1,5.9738314E-1],"split_indices":[0,0,0,0,0,0,0],"split_type":[0,0,0,0,0,0,0],"sum_hessian":[9E0,4E0,5E0,1E0,3E0,3E0,2E0],"tree_param":{"num_deleted":"0","num_feature":"2","num_nodes":"7","size_leaf_vector":"1"}},{"base_weights":[-2.3504066E-1,-5.6073446E0,4.281053E0,-8.1224805E-1,-2.9479408E-1,2.2398968E-1,5.575577E-1],"categories":[],"categories_nodes":[],"categories_segments":[],"categories_sizes":[],"default_left":[0,0,0,0,0,0,0],"id":13,"left_children":[1,3,5,-1,-1,-1,-1],"loss_changes":[2.6662363E2,9.499207E0,3.3652344E0,0E0,0E0,0E0,0E0],"parents":[2147483647,0,0,1,1,2,2],"right_children":[2,4,6,-1,-1,-1,-1],"split_conditions":[6.050859E-1,9.9216625E-2,9.060032E-1,-8.1224805E-1,-2.9479408E-1,2.2398968E-1,5.575577E-1],"split_indices":[0,0,0,0,0,0,0],"split_type":[0,0,0,0,0,0,0],"sum_hessian":[9E0,4E0,5E0,1E0,3E0,3E0,2E0],"tree_param":{"num_deleted":"0","num_feature":"2","num_nodes":"7","size_leaf_vector":"1"}},{"base_weights":[-2.4408683E-1,-5.2680197E0,3.983205E0,-7.7163565E-1,-2.7268466E-1,2.0719032E-1,5.203873E-1],"categories":[],"categories_nodes":[],"categories_segments":[],"categories_sizes":[],"default_left":[0,0,0,0,0,0,0],"id":14,"left_children":[1,3,5,-1,-1,-1,-1],"loss_changes":[2.3335991E2,1.006691E1,3.2164688E0,0E0,0E0,0E0,0E0],"parents":[2147483647,0,0,1,1,2,2],"right_children":[2,4,6,-1,-1,-1,-1],"split_conditions":[6.050859E-1,9.9216625E-2,9.060032E-1,-7.7163565E-1,-2.7268466E-1,2.0719032E-1,5.203873E-1],"split_indices":[0,0,0,0,0,0,0],"split_type":[0,0,0,0,0,0,0],"sum_hessian":[9E0,4E0,5E0,1E0,3E0,3E0,2E0],"tree_param":{"num_deleted":"0","num_feature":"2","num_nodes":"7","size_leaf_vector":"1"}},{"base_weights":[-2.5135309E-1,-4.9500833E0,3.7061474E0,-7.330538E-1,-2.522335E-1,1.9165097E-1,4.856949E-1],"categories":[],"categories_nodes":[],"categories_segments":[],"categories_sizes":[],"default_left":[0,0,0,0,0,0,0],"id":15,"left_children":[1,3,5,-1,-1,-1,-1],"loss_changes":[2.04298E2,1.0405655E1,3.0487213E0,0E0,0E0,0E0,0E0],"parents":[2147483647,0,0,1,1,2,2],"right_children":[2,4,6,-1,-1,-1,-1],"split_conditions":[6.050859E-1,9.9216625E-2,9.060032E-1,-7.330538E-1,-2.522335E-1,1.9165097E-1,4.856949E-1],"split_indices":[0,0,0,0,0,0,0],"split_type":[0,0,0,0,0,0,0],"sum_hessian":[9E0,4E0,5E0,1E0,3E0,3E0,2E0],"tree_param":{"num_deleted":"0","num_feature":"2","num_nodes":"7","size_leaf_vector":"1"}},{"base_weights":[-2.5701103E-1,-4.652131E0,3.448424E0,-6.0631907E-1,-1.690361E-1,1.3723527E-1,4.1433716E-1],"categories":[],"categories_nodes":[],"categories_segments":[],"categories_sizes":[],"default_left":[0,0,0,0,0,0,0],"id":16,"left_children":[1,3,5,-1,-1,-1,-1],"loss_changes":[1.7890082E2,1.0647186E1,2.970398E0,0E0,0E0,0E0,0E0],"parents":[2147483647,0,0,1,1,2,2],"right_children":[2,4,6,-1,-1,-1,-1],"split_conditions":[6.050859E-1,1.9911352E-1,8.0635536E-1,-6.0631907E-1,-1.690361E-1,1.3723527E-1,4.1433716E-1],"split_indices":[0,0,0,0,0,0,0],"split_type":[0,0,0,0,0,0,0],"sum_hessian":[9E0,4E0,5E0,2E0,2E0,2E0,3E0],"tree_param":{"num_deleted":"0","num_feature":"2","num_nodes":"7","size_leaf_vector":"1"}},{"base_weights":[-2.536892E-1,-4.34199E0,3.1955097E0,-6.6608524E-1,-2.0970611E-1,1.6005687E-1,4.2569277E-1],"categories":[],"categories_nodes":[],"categories_segments":[],"categories_sizes":[],"default_left":[0,0,0,0,0,0,0],"id":17,"left_children":[1,3,5,-1,-1,-1,-1],"loss_changes":[1.5488849E2,1.2060188E1,3.3438835E0,0E0,0E0,0E0,0E0],"parents":[2147483647,0,0,1,1,2,2],"right_children":[2,4,6,-1,-1,-1,-1],"split_conditions":[6.050859E-1,9.9216625E-2,9.060032E-1,-6.6608524E-1,-2.0970611E-1,1.6005687E-1,4.2569277E-1],"split_indices":[0,0,0,0,0,0,0],"split_type":[0,0,0,0,0,0,0],"sum_hessian":[9E0,4E0,5E0,1E0,3E0,3E0,2E0],"tree_param":{"num_deleted":"0","num_feature":"2","num_nodes":"7","size_leaf_vector":"1"}},{"base_weights":[-2.573231E-1,-4.0829477E0,2.9735844E0,-6.32781E-1,-1.9397794E-1,1.480526E-1,3.9731345E-1],"categories":[],"categories_nodes":[],"categories_segments":[],"categories_sizes":[],"default_left":[0,0,0,0,0,0,0],"id":18,"left_children":[1,3,5,-1,-1,-1,-1],"loss_changes":[1.3574338E2,1.1781036E1,3.0719948E0,0E0,0E0,0E0,0E0],"parents":[2147483647,0,0,1,1,2,2],"right_children":[2,4,6,-1,-1,-1,-1],"split_conditions":[6.050859E-1,9.9216625E-2,9.060032E-1,-6.32781E-1,-1.9397794E-1,1.480526E-1,3.9731345E-1],"split_indices":[0,0,0,0,0,0,0],"split_type":[0,0,0,0,0,0,0],"sum_hessian":[9E0,4E0,5E0,1E0,3E0,3E0,2E0],"tree_param":{"num_deleted":"0","num_feature":"2","num_nodes":"7","size_leaf_vector":"1"}},{"base_weights":[-2.5973168E-1,-3.8400047E0,2.7671177E0,-6.011419E-1,-1.7942964E-1,1.3694839E-1,3.708257E-1],"categories":[],"categories_nodes":[],"categories_segments":[],"categories_sizes":[],"default_left":[0,0,0,0,0,0,0],"id":19,"left_children":[1,3,5,-1,-1,-1,-1],"loss_changes":[1.18995224E2,1.1424141E1,2.8138123E0,0E0,0E0,0E0,0E0],"parents":[2147483647,0,0,1,1,2,2],"right_children":[2,4,6,-1,-1,-1,-1],"split_conditions":[6.050859E-1,9.9216625E-2,9.060032E-1,-6.011419E-1,-1.7942964E-1,1.3694839E-1,3.708257E-1],"split_indices":[0,0,0,0,0,0,0],"split_type":[0,0,0,0,0,0,0],"sum_hessian":[9E0,4E0,5E0,1E0,3E0,3E0,2E0],"tree_param":{"num_deleted":"0","num_feature":"2","num_nodes":"7","size_leaf_vector":"1"}},{"base_weights":[-2.610386E-1,-3.6121192E0,2.575035E0,-5.710848E-1,-1.6597252E-1,1.2667732E-1,3.4610394E-1],"categories":[],"categories_nodes":[],"categories_segments":[],"categories_sizes":[],"default_left":[0,0,0,0,0,0,0],"id":20,"left_children":[1,3,5,-1,-1,-1,-1],"loss_changes":[1.04340454E2,1.1009293E1,2.570404E0,0E0,0E0,0E0,0E0],"parents":[2147483647,0,0,1,1,2,2],"right_children":[2,4,6,-1,-1,-1,-1],"split_conditions":[6.050859E-1,9.9216625E-2,9.060032E-1,-5.710848E-1,-1.6597252E-1,1.2667732E-1,3.4610394E-1],"split_indices":[0,0,0,0,0,0,0],"split_type":[0,0,0,0,0,0,0],"sum_hessian":[9E0,4E0,5E0,1E0,3E0,3E0,2E0],"tree_param":{"num_deleted":"0","num_feature":"2","num_nodes":"7","size_leaf_vector":"1"}},{"base_weights":[-2.6136437E-1,-3.3983207E0,2.3963268E0,-5.4253066E-1,-1.5352479E-1,1.17176436E-1,3.2303008E-1],"categories":[],"categories_nodes":[],"categories_segments":[],"categories_sizes":[],"default_left":[0,0,0,0,0,0,0],"id":21,"left_children":[1,3,5,-1,-1,-1,-1],"loss_changes":[9.151409E1,1.05529175E1,2.342373E0,0E0,0E0,0E0,0E0],"parents":[2147483647,0,0,1,1,2,2],"right_children":[2,4,6,-1,-1,-1,-1],"split_conditions":[6.050859E-1,9.9216625E-2,9.060032E-1,-5.4253066E-1,-1.5352479E-1,1.17176436E-1,3.2303008E-1],"split_indices":[0,0,0,0,0,0,0],"split_type":[0,0,0,0,0,0,0],"sum_hessian":[9E0,4E0,5E0,1E0,3E0,3E0,2E0],"tree_param":{"num_deleted":"0","num_feature":"2","num_nodes":"7","size_leaf_vector":"1"}},{"base_weights":[-2.6081276E-1,-3.197698E0,2.2300606E0,-5.154039E-1,-1.4201031E0,1.0838795E-1,3.0149487E-1,-1.6029383E-1,-4.3579865E-2],"categories":[],"categories_nodes":[],"categories_segments":[],"categories_sizes":[],"default_left":[0,0,0,0,0,0,0,0,0],"id":22,"left_children":[1,3,5,-1,7,-1,-1,-1,-1],"loss_changes":[8.0285164E1,1.00686455E1,2.129902E0,0E0,2.1305084E-2,0E0,0E0,0E0,0E0],"parents":[2147483647,0,0,1,1,2,2,4,4],"right_children":[2,4,6,-1,8,-1,-1,-1,-1],"split_conditions":[6.050859E-1,9.9216625E-2,9.060032E-1,-5.154039E-1,2.999317E-1,1.0838795E-1,3.0149487E-1,-1.6029383E-1,-4.3579865E-2],"split_indices":[0,0,0,0,0,0,0,0,0],"split_type":[0,0,0,0,0,0,0,0,0],"sum_hessian":[9E0,4E0,5E0,1E0,3E0,3E0,2E0,2E0,1E0],"tree_param":{"num_deleted":"0","num_feature":"2","num_nodes":"9","size_leaf_vector":"1"}},{"base_weights":[-2.6567268E-1,-3.0217843E0,2.0753658E0,-4.8963377E-1,-1.3290615E-1,1.0025864E-1,2.8139496E-1],"categories":[],"categories_nodes":[],"categories_segments":[],"categories_sizes":[],"default_left":[0,0,0,0,0,0,0],"id":23,"left_children":[1,3,5,-1,-1,-1,-1],"loss_changes":[7.079294E1,9.35796E0,1.9327965E0,0E0,0E0,0E0,0E0],"parents":[2147483647,0,0,1,1,2,2],"right_children":[2,4,6,-1,-1,-1,-1],"split_conditions":[6.050859E-1,9.9216625E-2,9.060032E-1,-4.8963377E-1,-1.3290615E-1,1.0025864E-1,2.8139496E-1],"split_indices":[0,0,0,0,0,0,0],"split_type":[0,0,0,0,0,0,0],"sum_hessian":[9E0,4E0,5E0,1E0,3E0,3E0,2E0],"tree_param":{"num_deleted":"0","num_feature":"2","num_nodes":"7","size_leaf_vector":"1"}},{"base_weights":[-2.6319465E-1,-2.8441155E0,1.9314384E0,-4.6515217E-1,-1.2293835E0,6.824824E-2,2.385296E-1,-1.4074732E-1,-3.4755707E-2],"categories":[],"categories_nodes":[],"categories_segments":[],"categories_sizes":[],"default_left":[0,0,0,0,0,0,0,0,0],"id":24,"left_children":[1,3,5,-1,7,-1,-1,-1,-1],"loss_changes":[6.2134975E1,8.8738785E0,1.7731647E0,0E0,1.3899994E-1,0E0,0E0,0E0,0E0],"parents":[2147483647,0,0,1,1,2,2,4,4],"right_children":[2,4,6,-1,8,-1,-1,-1,-1],"split_conditions":[6.050859E-1,9.9216625E-2,8.0635536E-1,-4.6515217E-1,2.999317E-1,6.824824E-2,2.385296E-1,-1.4074732E-1,-3.4755707E-2],"split_indices":[0,0,0,0,0,0,0,0,0],"split_type":[0,0,0,0,0,0,0,0,0],"sum_hessian":[9E0,4E0,5E0,1E0,3E0,2E0,3E0,2E0,1E0],"tree_param":{"num_deleted":"0","num_feature":"2","num_nodes":"9","size_leaf_vector":"1"}},{"base_weights":[-2.7026328E-1,-2.687835E0,1.7894236E0,-4.4189474E-1,-1.15032E0,8.336373E-2,2.467331E-1,-1.313642E-1,-3.3017732E-2],"categories":[],"categories_nodes":[],"categories_segments":[],"categories_sizes":[],"default_left":[0,0,0,0,0,0,0,0,0],"id":25,"left_children":[1,3,5,-1,7,-1,-1,-1,-1],"loss_changes":[5.460408E1,8.22485E0,1.8307495E0,0E0,1.0205412E-1,0E0,0E0,0E0,0E0],"parents":[2147483647,0,0,1,1,2,2,4,4],"right_children":[2,4,6,-1,8,-1,-1,-1,-1],"split_conditions":[6.050859E-1,9.9216625E-2,9.060032E-1,-4.4189474E-1,2.999317E-1,8.336373E-2,2.467331E-1,-1.313642E-1,-3.3017732E-2],"split_indices":[0,0,0,0,0,0,0,0,0],"split_type":[0,0,0,0,0,0,0,0,0],"sum_hessian":[9E0,4E0,5E0,1E0,3E0,3E0,2E0,2E0,1E0],"tree_param":{"num_deleted":"0","num_feature":"2","num_nodes":"9","size_leaf_vector":"1"}},{"base_weights":[-2.7085608E-1,-3.01855E0,1.3379484E0,-4.198E-1,-1.2260666E-1,-9.5342E-3,1.8788483E0,-3.1366732E-2,2.99366E-2,8.285726E-2,2.3028412E-1],"categories":[],"categories_nodes":[],"categories_segments":[],"categories_sizes":[],"default_left":[0,0,0,0,0,0,0,0,0,0,0],"id":26,"left_children":[1,3,5,-1,-1,7,9,-1,-1,-1,-1],"loss_changes":[4.8243687E1,3.3095512E0,5.1198864E0,0E0,0E0,3.7574166E-1,3.1847572E-1,0E0,0E0,0E0,0E0],"parents":[2147483647,0,0,1,1,2,2,5,5,6,6],"right_children":[2,4,6,-1,-1,8,10,-1,-1,-1,-1],"split_conditions":[2.999317E-1,9.9216625E-2,7.042061E-1,-4.198E-1,-1.2260666E-1,6.050859E-1,9.060032E-1,-3.1366732E-2,2.99366E-2,8.285726E-2,2.3028412E-1],"split_indices":[0,0,0,0,0,0,0,0,0,0,0],"split_type":[0,0,0,0,0,0,0,0,0,0,0],"sum_hessian":[9E0,3E0,6E0,1E0,2E0,2E0,4E0,1E0,1E0,2E0,2E0],"tree_param":{"num_deleted":"0","num_feature":"2","num_nodes":"11","size_leaf_vector":"1"}},{"base_weights":[-2.6684076E-1,-2.8522978E0,1.2486833E0,-3.9881E-1,-1.1443304E-1,-9.058635E-3,1.7535919E0,-2.9798508E-2,2.8439714E-2,7.733358E-2,2.1493176E-1],"categories":[],"categories_nodes":[],"categories_segments":[],"categories_sizes":[],"default_left":[0,0,0,0,0,0,0,0,0,0,0],"id":27,"left_children":[1,3,5,-1,-1,7,9,-1,-1,-1,-1],"loss_changes":[4.2744843E1,3.1959457E0,4.461197E0,0E0,0E0,3.3910748E-1,2.7741814E-1,0E0,0E0,0E0,0E0],"parents":[2147483647,0,0,1,1,2,2,5,5,6,6],"right_children":[2,4,6,-1,-1,8,10,-1,-1,-1,-1],"split_conditions":[2.999317E-1,9.9216625E-2,7.042061E-1,-3.9881E-1,-1.1443304E-1,6.050859E-1,9.060032E-1,-2.9798508E-2,2.8439714E-2,7.733358E-2,2.1493176E-1],"split_indices":[0,0,0,0,0,0,0,0,0,0,0],"split_type":[0,0,0,0,0,0,0,0,0,0,0],"sum_hessian":[9E0,3E0,6E0,1E0,2E0,2E0,4E0,1E0,1E0,2E0,2E0],"tree_param":{"num_deleted":"0","num_feature":"2","num_nodes":"11","size_leaf_vector":"1"}},{"base_weights":[-2.6239052E-1,-2.6953783E0,1.1653726E0,-3.7886944E-1,-1.0680415E-1,-8.605957E-3,1.6366851E0,-2.8308487E-2,2.7017593E-2,7.217815E-2,2.0060273E-1],"categories":[],"categories_nodes":[],"categories_segments":[],"categories_sizes":[],"default_left":[0,0,0,0,0,0,0,0,0,0,0],"id":28,"left_children":[1,3,5,-1,-1,7,9,-1,-1,-1,-1],"loss_changes":[3.787842E1,3.0702896E0,3.8872614E0,0E0,0E0,3.06042E-1,2.4164963E-1,0E0,0E0,0E0,0E0],"parents":[2147483647,0,0,1,1,2,2,5,5,6,6],"right_children":[2,4,6,-1,-1,8,10,-1,-1,-1,-1],"split_conditions":[2.999317E-1,9.9216625E-2,7.042061E-1,-3.7886944E-1,-1.0680415E-1,6.050859E-1,9.060032E-1,-2.8308487E-2,2.7017593E-2,7.217815E-2,2.0060273E-1],"split_indices":[0,0,0,0,0,0,0,0,0,0,0],"split_type":[0,0,0,0,0,0,0,0,0,0,0],"sum_hessian":[9E0,3E0,6E0,1E0,2E0,2E0,4E0,1E0,1E0,2E0,2E0],"tree_param":{"num_deleted":"0","num_feature":"2","num_nodes":"11","size_leaf_vector":"1"}},{"base_weights":[-2.5757027E-1,-2.5472593E0,1.0876192E0,-3.5992604E-1,-9.968389E-2,-8.1761675E-3,1.5275726E0,-2.6893234E-2,2.5666809E-2,8.3235554E-2,2.1542206E-1],"categories":[],"categories_nodes":[],"categories_segments":[],"categories_sizes":[],"default_left":[0,0,0,0,0,0,0,0,0,0,0],"id":29,"left_children":[1,3,5,-1,-1,7,9,-1,-1,-1,-1],"loss_changes":[3.3571102E1,2.9362926E0,3.3871822E0,0E0,0E0,2.762057E-1,3.8520432E-1,0E0,0E0,0E0,0E0],"parents":[2147483647,0,0,1,1,2,2,5,5,6,6],"right_children":[2,4,6,-1,-1,8,10,-1,-1,-1,-1],"split_conditions":[2.999317E-1,9.9216625E-2,7.042061E-1,-3.5992604E-1,-9.968389E-2,6.050859E-1,1E0,-2.6893234E-2,2.5666809E-2,8.3235554E-2,2.1542206E-1],"split_indices":[0,0,0,0,0,0,0,0,0,0,0],"split_type":[0,0,0,0,0,0,0,0,0,0,0],"sum_hessian":[9E0,3E0,6E0,1E0,2E0,2E0,4E0,1E0,1E0,3E0,1E0],"tree_param":{"num_deleted":"0","num_feature":"2","num_nodes":"11","size_leaf_vector":"1"}},{"base_weights":[-2.4803123E-1,-2.4074354E0,1.021347E0,-3.4192982E-1,-9.303818E-2,-7.7667236E-3,1.4345459E0,-2.5548553E-2,2.4383545E-2,7.69928E-2,2.0465088E-1],"categories":[],"categories_nodes":[],"categories_segments":[],"categories_sizes":[],"default_left":[0,0,0,0,0,0,0,0,0,0,0],"id":30,"left_children":[1,3,5,-1,-1,7,9,-1,-1,-1,-1],"loss_changes":[2.9869835E1,2.7970486E0,2.987743E0,0E0,0E0,2.4927622E-1,4.5794296E-1,0E0,0E0,0E0,0E0],"parents":[2147483647,0,0,1,1,2,2,5,5,6,6],"right_children":[2,4,6,-1,-1,8,10,-1,-1,-1,-1],"split_conditions":[2.999317E-1,9.9216625E-2,7.042061E-1,-3.4192982E-1,-9.303818E-2,6.050859E-1,1E0,-2.5548553E-2,2.4383545E-2,7.69928E-2,2.0465088E-1],"split_indices":[0,0,0,0,0,0,0,0,0,0,0],"split_type":[0,0,0,0,0,0,0,0,0,0,0],"sum_hessian":[9E0,3E0,6E0,1E0,2E0,2E0,4E0,1E0,1E0,3E0,1E0],"tree_param":{"num_deleted":"0","num_feature":"2","num_nodes":"11","size_leaf_vector":"1"}},{"base_weights":[-2.3867722E-1,-2.2754326E0,9.592797E-1,-3.248333E-1,-8.683548E-2,1.8268967E-1,1.4960499E0,-2.4271011E-2,4.05393E-2,6.98611E-2,1.9441834E-1],"categories":[],"categories_nodes":[],"categories_segments":[],"categories_sizes":[],"default_left":[0,0,0,0,0,0,0,0,0,0,0],"id":31,"left_children":[1,3,5,-1,-1,7,9,-1,-1,-1,-1],"loss_changes":[2.658223E1,2.6550808E0,2.644639E0,0E0,0E0,4.773447E-1,7.1208954E-2,0E0,0E0,0E0,0E0],"parents":[2147483647,0,0,1,1,2,2,5,5,6,6],"right_children":[2,4,6,-1,-1,8,10,-1,-1,-1,-1],"split_conditions":[2.999317E-1,9.9216625E-2,8.0635536E-1,-3.248333E-1,-8.683548E-2,6.050859E-1,1E0,-2.4271011E-2,4.05393E-2,6.98611E-2,1.9441834E-1],"split_indices":[0,0,0,0,0,0,0,0,0,0,0],"split_type":[0,0,0,0,0,0,0,0,0,0,0],"sum_hessian":[9E0,3E0,6E0,1E0,2E0,3E0,3E0,1E0,2E0,2E0,1E0],"tree_param":{"num_deleted":"0","num_feature":"2","num_nodes":"11","size_leaf_vector":"1"}},{"base_weights":[-2.2792244E-1,-2.1508055E0,9.034282E-1,-3.0859166E-1,-8.10463E-2,-1.2802124E-2,1.2724807E0,-2.3057556E-2,2.1137238E-2,6.6711426E-2,1.8469734E-1],"categories":[],"categories_nodes":[],"categories_segments":[],"categories_sizes":[],"default_left":[0,0,0,0,0,0,0,0,0,0,0],"id":32,"left_children":[1,3,5,-1,-1,7,9,-1,-1,-1,-1],"loss_changes":[2.3697649E1,2.512455E0,2.3832517E0,0E0,0E0,1.9519506E-1,5.067501E-1,0E0,0E0,0E0,0E0],"parents":[2147483647,0,0,1,1,2,2,5,5,6,6],"right_children":[2,4,6,-1,-1,8,10,-1,-1,-1,-1],"split_conditions":[2.999317E-1,9.9216625E-2,7.042061E-1,-3.0859166E-1,-8.10463E-2,6.050859E-1,1E0,-2.3057556E-2,2.1137238E-2,6.6711426E-2,1.8469734E-1],"split_indices":[0,0,0,0,0,0,0,0,0,0,0],"split_type":[0,0,0,0,0,0,0,0,0,0,0],"sum_hessian":[9E0,3E0,6E0,1E0,2E0,2E0,4E0,1E0,1E0,3E0,1E0],"tree_param":{"num_deleted":"0","num_feature":"2","num_nodes":"11","size_leaf_vector":"1"}},{"base_weights":[-2.1914521E-1,-2.0331345E0,8.487266E-1,-2.9316217E-1,-7.564316E-2,2.8404084E-1,1.5069605E-1,-2.1904755E-2,4.645748E-2],"categories":[],"categories_nodes":[],"categories_segments":[],"categories_sizes":[],"default_left":[0,0,0,0,0,0,0,0,0],"id":33,"left_children":[1,3,5,-1,-1,7,-1,-1,-1],"loss_changes":[2.1096655E1,2.3708344E0,2.173829E0,0E0,0E0,5.5588675E-1,0E0,0E0,0E0],"parents":[2147483647,0,0,1,1,2,2,5,5],"right_children":[2,4,6,-1,-1,8,-1,-1,-1],"split_conditions":[2.999317E-1,9.9216625E-2,9.060032E-1,-2.9316217E-1,-7.564316E-2,6.050859E-1,1.5069605E-1,-2.1904755E-2,4.645748E-2],"split_indices":[0,0,0,0,0,0,0,0,0],"split_type":[0,0,0,0,0,0,0,0,0],"sum_hessian":[9E0,3E0,6E0,1E0,2E0,4E0,2E0,1E0,3E0],"tree_param":{"num_deleted":"0","num_feature":"2","num_nodes":"9","size_leaf_vector":"1"}},{"base_weights":[-2.1658516E-1,-1.9220209E0,7.888903E-1,-2.7850398E-1,-7.060013E-2,3.606135E-1,1.6792755E-1,-2.0809555E-2,5.1597442E-2],"categories":[],"categories_nodes":[],"categories_segments":[],"categories_sizes":[],"default_left":[0,0,0,0,0,0,0,0,0],"id":34,"left_children":[1,3,5,-1,-1,7,-1,-1,-1],"loss_changes":[1.8664001E1,2.2315502E0,2.0637498E0,0E0,0E0,6.3750297E-1,0E0,0E0,0E0],"parents":[2147483647,0,0,1,1,2,2,5,5],"right_children":[2,4,6,-1,-1,8,-1,-1,-1],"split_conditions":[2.999317E-1,9.9216625E-2,1E0,-2.7850398E-1,-7.060013E-2,6.050859E-1,1.6792755E-1,-2.0809555E-2,5.1597442E-2],"split_indices":[0,0,0,0,0,0,0,0,0],"split_type":[0,0,0,0,0,0,0,0,0],"sum_hessian":[9E0,3E0,6E0,1E0,2E0,5E0,1E0,1E0,4E0],"tree_param":{"num_deleted":"0","num_feature":"2","num_nodes":"9","size_leaf_vector":"1"}},{"base_weights":[-2.0996514E-1,-2.2093976E0,5.660677E-1,-2.6457882E-1,-6.683083E-2,-1.8300056E-1,1.0521088E0,-3.4518685E-2,1.5177918E-2,5.1748086E-2,1.5953103E-1],"categories":[],"categories_nodes":[],"categories_segments":[],"categories_sizes":[],"default_left":[0,0,0,0,0,0,0,0,0,0,0],"id":35,"left_children":[1,3,5,-1,-1,7,9,-1,-1,-1,-1],"loss_changes":[1.6766922E1,2.4934769E-1,3.10516E0,0E0,0E0,2.6957893E-1,6.265106E-1,0E0,0E0,0E0,0E0],"parents":[2147483647,0,0,1,1,2,2,5,5,6,6],"right_children":[2,4,6,-1,-1,8,10,-1,-1,-1,-1],"split_conditions":[1.9911352E-1,9.9216625E-2,7.042061E-1,-2.6457882E-1,-6.683083E-2,6.050859E-1,1E0,-3.4518685E-2,1.5177918E-2,5.1748086E-2,1.5953103E-1],"split_indices":[0,0,0,0,0,0,0,0,0,0,0],"split_type":[0,0,0,0,0,0,0,0,0,0,0],"sum_hessian":[9E0,2E0,7E0,1E0,1E0,3E0,4E0,2E0,1E0,3E0,1E0],"tree_param":{"num_deleted":"0","num_feature":"2","num_nodes":"11","size_leaf_vector":"1"}},{"base_weights":[-2.0291634E-1,-2.0989265E0,5.3345203E-1,-2.5134984E-1,-6.3489154E-2,-1.6953659E-1,9.8915255E-1,-3.2217663E-2,1.4419175E-2,4.786682E-2,1.515545E-1],"categories":[],"categories_nodes":[],"categories_segments":[],"categories_sizes":[],"default_left":[0,0,0,0,0,0,0,0,0,0,0],"id":36,"left_children":[1,3,5,-1,-1,7,9,-1,-1,-1,-1],"loss_changes":[1.5081295E1,2.2504425E-1,2.7305157E0,0E0,0E0,2.3800522E-1,6.181321E-1,0E0,0E0,0E0,0E0],"parents":[2147483647,0,0,1,1,2,2,5,5,6,6],"right_children":[2,4,6,-1,-1,8,10,-1,-1,-1,-1],"split_conditions":[1.9911352E-1,9.9216625E-2,7.042061E-1,-2.5134984E-1,-6.3489154E-2,6.050859E-1,1E0,-3.2217663E-2,1.4419175E-2,4.786682E-2,1.515545E-1],"split_indices":[0,0,0,0,0,0,0,0,0,0,0],"split_type":[0,0,0,0,0,0,0,0,0,0,0],"sum_hessian":[9E0,2E0,7E0,1E0,1E0,3E0,4E0,2E0,1E0,3E0,1E0],"tree_param":{"num_deleted":"0","num_feature":"2","num_nodes":"11","size_leaf_vector":"1"}},{"base_weights":[-1.9594613E-1,-1.9939791E0,5.028095E-1,-2.3878232E-1,-6.0314562E-2,-1.5703201E-1,9.301208E-1,-3.0069733E-2,1.3698197E-2,4.427681E-2,1.439766E-1],"categories":[],"categories_nodes":[],"categories_segments":[],"categories_sizes":[],"default_left":[0,0,0,0,0,0,0,0,0,0,0],"id":37,"left_children":[1,3,5,-1,-1,7,9,-1,-1,-1,-1],"loss_changes":[1.3566449E1,2.0310879E-1,2.4017208E0,0E0,0E0,2.1014857E-1,6.0440254E-1,0E0,0E0,0E0,0E0],"parents":[2147483647,0,0,1,1,2,2,5,5,6,6],"right_children":[2,4,6,-1,-1,8,10,-1,-1,-1,-1],"split_conditions":[1.9911352E-1,9.9216625E-2,7.042061E-1,-2.3878232E-1,-6.0314562E-2,6.050859E-1,1E0,-3.0069733E-2,1.3698197E-2,4.427681E-2,1.439766E-1],"split_indices":[0,0,0,0,0,0,0,0,0,0,0],"split_type":[0,0,0,0,0,0,0,0,0,0,0],"sum_hessian":[9E0,2E0,7E0,1E0,1E0,3E0,4E0,2E0,1E0,3E0,1E0],"tree_param":{"num_deleted":"0","num_feature":"2","num_nodes":"11","size_leaf_vector":"1"}},{"base_weights":[-1.8907166E-1,-1.8942795E0,4.7401524E-1,-2.2684327E-1,-5.729866E-2,-3.5598755E-2,9.925289E-1,-2.8065238E-2,2.2132112E-2,4.1151937E-2,1.3677788E-1],"categories":[],"categories_nodes":[],"categories_segments":[],"categories_sizes":[],"default_left":[0,0,0,0,0,0,0,0,0,0,0],"id":38,"left_children":[1,3,5,-1,-1,7,9,-1,-1,-1,-1],"loss_changes":[1.22049265E1,1.8331718E-1,2.1492674E0,0E0,0E0,3.7691E-1,3.0922747E-1,0E0,0E0,0E0,0E0],"parents":[2147483647,0,0,1,1,2,2,5,5,6,6],"right_children":[2,4,6,-1,-1,8,10,-1,-1,-1,-1],"split_conditions":[1.9911352E-1,9.9216625E-2,8.0635536E-1,-2.2684327E-1,-5.729866E-2,6.050859E-1,1E0,-2.8065238E-2,2.2132112E-2,4.1151937E-2,1.3677788E-1],"split_indices":[0,0,0,0,0,0,0,0,0,0,0],"split_type":[0,0,0,0,0,0,0,0,0,0,0],"sum_hessian":[9E0,2E0,7E0,1E0,1E0,4E0,3E0,2E0,2E0,2E0,1E0],"tree_param":{"num_deleted":"0","num_feature":"2","num_nodes":"11","size_leaf_vector":"1"}},{"base_weights":[-1.8137893E-1,-1.7995657E0,4.4811344E-1,-2.1550103E-1,-5.4433823E-2,-3.3224486E-2,9.377575E-1,-2.6194E-2,2.0656586E-2,3.840841E-2,1.2993889E-1],"categories":[],"categories_nodes":[],"categories_segments":[],"categories_sizes":[],"default_left":[0,0,0,0,0,0,0,0,0,0,0],"id":39,"left_children":[1,3,5,-1,-1,7,9,-1,-1,-1,-1],"loss_changes":[1.0992771E1,1.654377E-1,1.9166306E0,0E0,0E0,3.283267E-1,3.0182815E-1,0E0,0E0,0E0,0E0],"parents":[2147483647,0,0,1,1,2,2,5,5,6,6],"right_children":[2,4,6,-1,-1,8,10,-1,-1,-1,-1],"split_conditions":[1.9911352E-1,9.9216625E-2,8.0635536E-1,-2.1550103E-1,-5.4433823E-2,6.050859E-1,1E0,-2.6194E-2,2.0656586E-2,3.840841E-2,1.2993889E-1],"split_indices":[0,0,0,0,0,0,0,0,0,0,0],"split_type":[0,0,0,0,0,0,0,0,0,0,0],"sum_hessian":[9E0,2E0,7E0,1E0,1E0,4E0,3E0,2E0,2E0,2E0,1E0],"tree_param":{"num_deleted":"0","num_feature":"2","num_nodes":"11","size_leaf_vector":"1"}},{"base_weights":[-1.7395325E-1,-1.7095871E0,4.236536E-1,-2.0472603E-1,-5.1712036E-2,1.314839E-1,1.23442076E-1,-2.4447886E-2,3.3076476E-2],"categories":[],"categories_nodes":[],"categories_segments":[],"categories_sizes":[],"default_left":[0,0,0,0,0,0,0,0,0],"id":40,"left_children":[1,3,5,-1,-1,7,-1,-1,-1],"loss_changes":[9.901325E0,1.4931297E-1,1.7327464E0,0E0,0E0,6.0532033E-1,0E0,0E0,0E0],"parents":[2147483647,0,0,1,1,2,2,5,5],"right_children":[2,4,6,-1,-1,8,-1,-1,-1],"split_conditions":[1.9911352E-1,9.9216625E-2,1E0,-2.0472603E-1,-5.1712036E-2,6.050859E-1,1.23442076E-1,-2.4447886E-2,3.3076476E-2],"split_indices":[0,0,0,0,0,0,0,0,0],"split_type":[0,0,0,0,0,0,0,0,0],"sum_hessian":[9E0,2E0,7E0,1E0,1E0,6E0,1E0,2E0,4E0],"tree_param":{"num_deleted":"0","num_feature":"2","num_nodes":"9","size_leaf_vector":"1"}},{"base_weights":[-1.6899414E-1,-1.6241074E0,3.9779758E-1,-1.9448967E-1,-4.9126435E-2,1.1956896E-1,1.17269896E-1,-2.2818249E-2,3.0430603E-1,9.220505E-3,3.3428002E-2],"categories":[],"categories_nodes":[],"categories_segments":[],"categories_sizes":[],"default_left":[0,0,0,0,0,0,0,0,0,0,0],"id":41,"left_children":[1,3,5,-1,-1,7,-1,-1,9,-1,-1],"loss_changes":[8.893527E0,1.347537E-1,1.5845797E0,0E0,0E0,5.1913536E-1,0E0,0E0,9.652674E-4,0E0,0E0],"parents":[2147483647,0,0,1,1,2,2,5,5,8,8],"right_children":[2,4,6,-1,-1,8,-1,-1,10,-1,-1],"split_conditions":[1.9911352E-1,9.9216625E-2,1E0,-1.9448967E-1,-4.9126435E-2,6.050859E-1,1.17269896E-1,-2.2818249E-2,7.042061E-1,9.220505E-3,3.3428002E-2],"split_indices":[0,0,0,0,0,0,0,0,0,0,0],"split_type":[0,0,0,0,0,0,0,0,0,0,0],"sum_hessian":[9E0,2E0,7E0,1E0,1E0,6E0,1E0,2E0,4E0,1E0,3E0],"tree_param":{"num_deleted":"0","num_feature":"2","num_nodes":"11","size_leaf_vector":"1"}},{"base_weights":[-1.6274567E-1,-1.5429026E0,3.751564E-1,-1.8476525E-1,-4.667015E-2,1.10446386E-1,1.1140633E-1,-2.1296946E-2,2.8240664E-2],"categories":[],"categories_nodes":[],"categories_segments":[],"categories_sizes":[],"default_left":[0,0,0,0,0,0,0,0,0],"id":42,"left_children":[1,3,5,-1,-1,7,-1,-1,-1],"loss_changes":[8.002723E0,1.21614456E-1,1.4417241E0,0E0,0E0,4.4944662E-1,0E0,0E0,0E0],"parents":[2147483647,0,0,1,1,2,2,5,5],"right_children":[2,4,6,-1,-1,8,-1,-1,-1],"split_conditions":[1.9911352E-1,9.9216625E-2,1E0,-1.8476525E-1,-4.667015E-2,6.050859E-1,1.1140633E-1,-2.1296946E-2,2.8240664E-2],"split_indices":[0,0,0,0,0,0,0,0,0],"split_type":[0,0,0,0,0,0,0,0,0],"sum_hessian":[9E0,2E0,7E0,1E0,1E0,6E0,1E0,2E0,4E0],"tree_param":{"num_deleted":"0","num_feature":"2","num_nodes":"9","size_leaf_vector":"1"}},{"base_weights":[-1.577816E-1,-1.465758E0,3.5243225E-1,-1.75527E-1,-4.4336703E-2,1.00390844E-1,1.0583611E-1,-1.987737E-2,2.598114E-1,7.347107E-3,2.8802872E-2],"categories":[],"categories_nodes":[],"categories_segments":[],"categories_sizes":[],"default_left":[0,0,0,0,0,0,0,0,0,0,0],"id":43,"left_children":[1,3,5,-1,-1,7,-1,-1,9,-1,-1],"loss_changes":[7.1900573E0,1.09754086E-1,1.3171366E0,0E0,0E0,3.8549453E-1,0E0,0E0,5.128324E-3,0E0,0E0],"parents":[2147483647,0,0,1,1,2,2,5,5,8,8],"right_children":[2,4,6,-1,-1,8,-1,-1,10,-1,-1],"split_conditions":[1.9911352E-1,9.9216625E-2,1E0,-1.75527E-1,-4.4336703E-2,6.050859E-1,1.0583611E-1,-1.987737E-2,7.042061E-1,7.347107E-3,2.8802872E-2],"split_indices":[0,0,0,0,0,0,0,0,0,0,0],"split_type":[0,0,0,0,0,0,0,0,0,0,0],"sum_hessian":[9E0,2E0,7E0,1E0,1E0,6E0,1E0,2E0,4E0,1E0,3E0],"tree_param":{"num_deleted":"0","num_feature":"2","num_nodes":"11","size_leaf_vector":"1"}},{"base_weights":[-1.5177917E-1,-1.3924713E0,3.3245277E-1,-1.6675071E-1,-4.211998E-2,9.267644E-2,1.00544356E-1,-1.8552398E-2,2.410614E-1,6.979752E-3,2.66428E-2],"categories":[],"categories_nodes":[],"categories_segments":[],"categories_sizes":[],"default_left":[0,0,0,0,0,0,0,0,0,0,0],"id":44,"left_children":[1,3,5,-1,-1,7,-1,-1,9,-1,-1],"loss_changes":[6.4707584E0,9.9050045E-2,1.1977574E0,0E0,0E0,3.33688E-1,0E0,0E0,3.125906E-3,0E0,0E0],"parents":[2147483647,0,0,1,1,2,2,5,5,8,8],"right_children":[2,4,6,-1,-1,8,-1,-1,10,-1,-1],"split_conditions":[1.9911352E-1,9.9216625E-2,1E0,-1.6675071E-1,-4.211998E-2,6.050859E-1,1.00544356E-1,-1.8552398E-2,7.042061E-1,6.979752E-3,2.66428E-2],"split_indices":[0,0,0,0,0,0,0,0,0,0,0],"split_type":[0,0,0,0,0,0,0,0,0,0,0],"sum_hessian":[9E0,2E0,7E0,1E0,1E0,6E0,1E0,2E0,4E0,1E0,3E0],"tree_param":{"num_deleted":"0","num_feature":"2","num_nodes":"11","size_leaf_vector":"1"}},{"base_weights":[-1.4592628E-1,-1.3228468E0,3.1365967E-1,-1.5841313E-1,-4.0013887E-2,8.556257E-2,9.551697E-2,-1.731542E-2,2.2368011E-1,6.630707E-3,2.4644662E-2],"categories":[],"categories_nodes":[],"categories_segments":[],"categories_sizes":[],"default_left":[0,0,0,0,0,0,0,0,0,0,0],"id":45,"left_children":[1,3,5,-1,-1,7,-1,-1,9,-1,-1],"loss_changes":[5.823885E0,8.939552E-2,1.0888858E0,0E0,0E0,2.8886443E-1,0E0,0E0,1.5729964E-3,0E0,0E0],"parents":[2147483647,0,0,1,1,2,2,5,5,8,8],"right_children":[2,4,6,-1,-1,8,-1,-1,10,-1,-1],"split_conditions":[1.9911352E-1,9.9216625E-2,1E0,-1.5841313E-1,-4.0013887E-2,6.050859E-1,9.551697E-2,-1.731542E-2,7.042061E-1,6.630707E-3,2.4644662E-2],"split_indices":[0,0,0,0,0,0,0,0,0,0,0],"split_type":[0,0,0,0,0,0,0,0,0,0,0],"sum_hessian":[9E0,2E0,7E0,1E0,1E0,6E0,1E0,2E0,4E0,1E0,3E0],"tree_param":{"num_deleted":"0","num_feature":"2","num_nodes":"11","size_leaf_vector":"1"}},{"base_weights":[-1.4022751E-1,-1.2567037E0,2.959795E-1,-1.5049247E-1,-3.801308E-2,7.900238E-2,9.074097E-2,-1.6160838E-2,2.0756836E-1,6.29921E-3,2.279644E-2],"categories":[],"categories_nodes":[],"categories_segments":[],"categories_sizes":[],"default_left":[0,0,0,0,0,0,0,0,0,0,0],"id":46,"left_children":[1,3,5,-1,-1,7,-1,-1,9,-1,-1],"loss_changes":[5.242106E0,8.068323E-2,9.8964334E-1,0E0,0E0,2.5008526E-1,0E0,0E0,3.8397312E-4,0E0,0E0],"parents":[2147483647,0,0,1,1,2,2,5,5,8,8],"right_children":[2,4,6,-1,-1,8,-1,-1,10,-1,-1],"split_conditions":[1.9911352E-1,9.9216625E-2,1E0,-1.5049247E-1,-3.801308E-2,6.050859E-1,9.074097E-2,-1.6160838E-2,7.042061E-1,6.29921E-3,2.279644E-2],"split_indices":[0,0,0,0,0,0,0,0,0,0,0],"split_type":[0,0,0,0,0,0,0,0,0,0,0],"sum_hessian":[9E0,2E0,7E0,1E0,1E0,6E0,1E0,2E0,4E0,1E0,3E0],"tree_param":{"num_deleted":"0","num_feature":"2","num_nodes":"11","size_leaf_vector":"1"}},{"base_weights":[-1.3468894E-1,-1.1938692E0,2.793398E-1,-1.429678E-1,-3.6112595E-2,7.2949E-2,8.620377E-2,-1.5083568E-2,1.9263001E-2],"categories":[],"categories_nodes":[],"categories_segments":[],"categories_sizes":[],"default_left":[0,0,0,0,0,0,0,0,0],"id":47,"left_children":[1,3,5,-1,-1,7,-1,-1,-1],"loss_changes":[4.718806E0,7.281065E-2,8.9922297E-1,0E0,0E0,2.1653488E-1,0E0,0E0,0E0],"parents":[2147483647,0,0,1,1,2,2,5,5],"right_children":[2,4,6,-1,-1,8,-1,-1,-1],"split_conditions":[1.9911352E-1,9.9216625E-2,1E0,-1.429678E-1,-3.6112595E-2,6.050859E-1,8.620377E-2,-1.5083568E-2,1.9263001E-2],"split_indices":[0,0,0,0,0,0,0,0,0],"split_type":[0,0,0,0,0,0,0,0,0],"sum_hessian":[9E0,2E0,7E0,1E0,1E0,6E0,1E0,2E0,4E0],"tree_param":{"num_deleted":"0","num_feature":"2","num_nodes":"9","size_leaf_vector":"1"}},{"base_weights":[-1.3009071E-1,-1.1341769E0,2.6270294E-1,-1.3581944E-1,-3.43071E-2,6.625039E-2,8.189354E-2,-1.4078014E-1,1.7721863E-1,-1.667862E-2,-4.4384003E-3,5.020905E-3,1.9641876E-2],"categories":[],"categories_nodes":[],"categories_segments":[],"categories_sizes":[],"default_left":[0,0,0,0,0,0,0,0,0,0,0,0,0],"id":48,"left_children":[1,3,5,-1,-1,7,-1,9,11,-1,-1,-1,-1],"loss_changes":[4.2419386E0,6.5707445E-2,8.199315E-1,0E0,0E0,1.8576556E-1,0E0,1.18009746E-4,2.3310035E-3,0E0,0E0,0E0,0E0],"parents":[2147483647,0,0,1,1,2,2,5,5,7,7,8,8],"right_children":[2,4,6,-1,-1,8,-1,10,12,-1,-1,-1,-1],"split_conditions":[1.9911352E-1,9.9216625E-2,1E0,-1.3581944E-1,-3.43071E-2,6.050859E-1,8.189354E-2,2.999317E-1,7.042061E-1,-1.667862E-2,-4.4384003E-3,5.020905E-3,1.9641876E-2],"split_indices":[0,0,0,0,0,0,0,0,0,0,0,0,0],"split_type":[0,0,0,0,0,0,0,0,0,0,0,0,0],"sum_hessian":[9E0,2E0,7E0,1E0,1E0,6E0,1E0,2E0,4E0,1E0,1E0,1E0,3E0],"tree_param":{"num_deleted":"0","num_feature":"2","num_nodes":"13","size_leaf_vector":"1"}},{"base_weights":[-1.2554893E-1,-1.0774676E0,2.4711418E-1,-1.2902851E-1,-3.259163E-2,6.0133796E-2,7.779884E-2,-1.3374074E-1,1.6443177E-1,-1.5844727E-2,-4.216385E-3,7.3257447E-3,2.007955E-2],"categories":[],"categories_nodes":[],"categories_segments":[],"categories_sizes":[],"default_left":[0,0,0,0,0,0,0,0,0,0,0,0,0],"id":49,"left_children":[1,3,5,-1,-1,7,-1,9,11,-1,-1,-1,-1],"loss_changes":[3.813707E0,5.9304953E-2,7.473211E-1,0E0,0E0,1.6353627E-1,0E0,1.06897205E-4,1.8674284E-3,0E0,0E0,0E0,0E0],"parents":[2147483647,0,0,1,1,2,2,5,5,7,7,8,8],"right_children":[2,4,6,-1,-1,8,-1,10,12,-1,-1,-1,-1],"split_conditions":[1.9911352E-1,9.9216625E-2,1E0,-1.2902851E-1,-3.259163E-2,6.050859E-1,7.779884E-2,2.999317E-1,8.0635536E-1,-1.5844727E-2,-4.216385E-3,7.3257447E-3,2.007955E-2],"split_indices":[0,0,0,0,0,0,0,0,0,0,0,0,0],"split_type":[0,0,0,0,0,0,0,0,0,0,0,0,0],"sum_hessian":[9E0,2E0,7E0,1E0,1E0,6E0,1E0,2E0,4E0,1E0,1E0,2E0,2E0],"tree_param":{"num_deleted":"0","num_feature":"2","num_nodes":"13","size_leaf_vector":"1"}},{"base_weights":[-1.2064095E-1,-1.0235939E0,2.3304653E-1,-1.2257709E-1,-3.096199E-2,5.517033E-2,7.3909E-2,-1.270523E-1,1.5346985E-1,-1.50524145E-2,-4.005432E-3,6.8374635E-3,1.8740846E-2],"categories":[],"categories_nodes":[],"categories_segments":[],"categories_sizes":[],"default_left":[0,0,0,0,0,0,0,0,0,0,0,0,0],"id":50,"left_children":[1,3,5,-1,-1,7,-1,9,11,-1,-1,-1,-1],"loss_changes":[3.4321764E0,5.3524733E-2,6.7932886E-1,0E0,0E0,1.4488548E-1,0E0,9.6865E-5,1.6260818E-3,0E0,0E0,0E0,0E0],"parents":[2147483647,0,0,1,1,2,2,5,5,7,7,8,8],"right_children":[2,4,6,-1,-1,8,-1,10,12,-1,-1,-1,-1],"split_conditions":[1.9911352E-1,9.9216625E-2,1E0,-1.2257709E-1,-3.096199E-2,6.050859E-1,7.3909E-2,2.999317E-1,8.0635536E-1,-1.50524145E-2,-4.005432E-3,6.8374635E-3,1.8740846E-2],"split_indices":[0,0,0,0,0,0,0,0,0,0,0,0,0],"split_type":[0,0,0,0,0,0,0,0,0,0,0,0,0],"sum_hessian":[9E0,2E0,7E0,1E0,1E0,6E0,1E0,2E0,4E0,1E0,1E0,2E0,2E0],"tree_param":{"num_deleted":"0","num_feature":"2","num_nodes":"13","size_leaf_vector":"1"}},{"base_weights":[-1.1588669E-1,-9.724147E-1,2.1979713E-1,-1.16448216E-1,-2.9413987E-2,5.0586157E-2,7.02137E-2,-1.2069956E-1,1.4324036E-1,-1.4299775E-2,-3.8051605E-3,4.06189E-3,1.58741E-2],"categories":[],"categories_nodes":[],"categories_segments":[],"categories_sizes":[],"default_left":[0,0,0,0,0,0,0,0,0,0,0,0,0],"id":51,"left_children":[1,3,5,-1,-1,7,-1,9,11,-1,-1,-1,-1],"loss_changes":[3.08896E0,4.830289E-2,6.174192E-1,0E0,0E0,1.2838143E-1,0E0,8.7406486E-5,1.5056059E-3,0E0,0E0,0E0,0E0],"parents":[2147483647,0,0,1,1,2,2,5,5,7,7,8,8],"right_children":[2,4,6,-1,-1,8,-1,10,12,-1,-1,-1,-1],"split_conditions":[1.9911352E-1,9.9216625E-2,1E0,-1.16448216E-1,-2.9413987E-2,6.050859E-1,7.02137E-2,2.999317E-1,7.042061E-1,-1.4299775E-2,-3.8051605E-3,4.06189E-3,1.58741E-2],"split_indices":[0,0,0,0,0,0,0,0,0,0,0,0,0],"split_type":[0,0,0,0,0,0,0,0,0,0,0,0,0],"sum_hessian":[9E0,2E0,7E0,1E0,1E0,6E0,1E0,2E0,4E0,1E0,1E0,1E0,3E0],"tree_param":{"num_deleted":"0","num_feature":"2","num_nodes":"13","size_leaf_vector":"1"}},{"base_weights":[-1.11680605E-1,-9.2379504E-1,2.068224E-1,-1.1062584E-1,-2.7943421E-2,4.5788355E-2,6.670304E-2,-1.1466471E-1,1.3290253E-1,-1.35849E-2,-3.6148073E-3,5.7172137E-3,1.6433207E-2],"categories":[],"categories_nodes":[],"categories_segments":[],"categories_sizes":[],"default_left":[0,0,0,0,0,0,0,0,0,0,0,0,0],"id":52,"left_children":[1,3,5,-1,-1,7,-1,9,11,-1,-1,-1,-1],"loss_changes":[2.7776704E0,4.3590307E-2,5.6233096E-1,0E0,0E0,1.13083385E-1,0E0,7.92779E-5,2.5056377E-3,0E0,0E0,0E0,0E0],"parents":[2147483647,0,0,1,1,2,2,5,5,7,7,8,8],"right_children":[2,4,6,-1,-1,8,-1,10,12,-1,-1,-1,-1],"split_conditions":[1.9911352E-1,9.9216625E-2,1E0,-1.1062584E-1,-2.7943421E-2,6.050859E-1,6.670304E-2,2.999317E-1,8.0635536E-1,-1.35849E-2,-3.6148073E-3,5.7172137E-3,1.6433207E-2],"split_indices":[0,0,0,0,0,0,0,0,0,0,0,0,0],"split_type":[0,0,0,0,0,0,0,0,0,0,0,0,0],"sum_hessian":[9E0,2E0,7E0,1E0,1E0,6E0,1E0,2E0,4E0,1E0,1E0,2E0,2E0],"tree_param":{"num_deleted":"0","num_feature":"2","num_nodes":"13","size_leaf_vector":"1"}},{"base_weights":[-1.0720291E-1,-8.776042E-1,1.9509792E-1,-1.0509453E-1,-2.6546096E-2,4.1918073E-2,6.336784E-2,-1.08929954E-1,1.2404327E-1,-1.2905503E-2,-3.4339905E-3,5.336253E-3,1.5337626E-2],"categories":[],"categories_nodes":[],"categories_segments":[],"categories_sizes":[],"default_left":[0,0,0,0,0,0,0,0,0,0,0,0,0],"id":53,"left_children":[1,3,5,-1,-1,7,-1,9,11,-1,-1,-1,-1],"loss_changes":[2.500148E0,3.9343834E-2,5.10891E-1,0E0,0E0,1.00231E-1,0E0,7.165596E-5,2.181843E-3,0E0,0E0,0E0,0E0],"parents":[2147483647,0,0,1,1,2,2,5,5,7,7,8,8],"right_children":[2,4,6,-1,-1,8,-1,10,12,-1,-1,-1,-1],"split_conditions":[1.9911352E-1,9.9216625E-2,1E0,-1.0509453E-1,-2.6546096E-2,6.050859E-1,6.336784E-2,2.999317E-1,8.0635536E-1,-1.2905503E-2,-3.4339905E-3,5.336253E-3,1.5337626E-2],"split_indices":[0,0,0,0,0,0,0,0,0,0,0,0,0],"split_type":[0,0,0,0,0,0,0,0,0,0,0,0,0],"sum_hessian":[9E0,2E0,7E0,1E0,1E0,6E0,1E0,2E0,4E0,1E0,1E0,2E0,2E0],"tree_param":{"num_deleted":"0","num_feature":"2","num_nodes":"13","size_leaf_vector":"1"}},{"base_weights":[-1.02875516E-1,-8.33725E-1,1.8405247E-1,-9.9839784E-2,-2.5218964E-2,3.8347516E-2,6.0199358E-2,-1.0348257E-1,1.1577606E-1,-1.2260056E-2,-3.2623291E-3,4.9807234E-3,1.4315288E-2],"categories":[],"categories_nodes":[],"categories_segments":[],"categories_sizes":[],"default_left":[0,0,0,0,0,0,0,0,0,0,0,0,0],"id":54,"left_children":[1,3,5,-1,-1,7,-1,9,11,-1,-1,-1,-1],"loss_changes":[2.2504609E0,3.5503626E-2,4.6408373E-1,0E0,0E0,8.885269E-2,0E0,6.4428896E-5,1.9000396E-3,0E0,0E0,0E0,0E0],"parents":[2147483647,0,0,1,1,2,2,5,5,7,7,8,8],"right_children":[2,4,6,-1,-1,8,-1,10,12,-1,-1,-1,-1],"split_conditions":[1.9911352E-1,9.9216625E-2,1E0,-9.9839784E-2,-2.5218964E-2,6.050859E-1,6.0199358E-2,2.999317E-1,8.0635536E-1,-1.2260056E-2,-3.2623291E-3,4.9807234E-3,1.4315288E-2],"split_indices":[0,0,0,0,0,0,0,0,0,0,0,0,0],"split_type":[0,0,0,0,0,0,0,0,0,0,0,0,0],"sum_hessian":[9E0,2E0,7E0,1E0,1E0,6E0,1E0,2E0,4E0,1E0,1E0,2E0,2E0],"tree_param":{"num_deleted":"0","num_feature":"2","num_nodes":"13","size_leaf_vector":"1"}},{"base_weights":[-9.8695375E-2,-7.9203796E-1,1.7364502E-1,-9.484787E-2,-2.3957824E-2,3.505271E-2,5.718956E-2,-9.830729E-2,1.0805817E-1,-1.16470335E-2,-3.0990602E-3,4.64859E-3,1.3361104E-2],"categories":[],"categories_nodes":[],"categories_segments":[],"categories_sizes":[],"default_left":[0,0,0,0,0,0,0,0,0,0,0,0,0],"id":55,"left_children":[1,3,5,-1,-1,7,-1,9,11,-1,-1,-1,-1],"loss_changes":[2.0257854E0,3.2046676E-2,4.2150924E-1,0E0,0E0,7.877497E-2,0E0,5.8541074E-5,1.655709E-3,0E0,0E0,0E0,0E0],"parents":[2147483647,0,0,1,1,2,2,5,5,7,7,8,8],"right_children":[2,4,6,-1,-1,8,-1,10,12,-1,-1,-1,-1],"split_conditions":[1.9911352E-1,9.9216625E-2,1E0,-9.484787E-2,-2.3957824E-2,6.050859E-1,5.718956E-2,2.999317E-1,8.0635536E-1,-1.16470335E-2,-3.0990602E-3,4.64859E-3,1.3361104E-2],"split_indices":[0,0,0,0,0,0,0,0,0,0,0,0,0],"split_type":[0,0,0,0,0,0,0,0,0,0,0,0,0],"sum_hessian":[9E0,2E0,7E0,1E0,1E0,6E0,1E0,2E0,4E0,1E0,1E0,2E0,2E0],"tree_param":{"num_deleted":"0","num_feature":"2","num_nodes":"13","size_leaf_vector":"1"}},{"base_weights":[-9.4660185E-2,-7.5243634E-1,1.6383839E-1,-9.010544E-2,-2.276001E-2,3.201512E-2,5.4330062E-2,-9.339142E-2,1.0085602E-1,-1.1064529E-2,-2.9441833E-3,4.3388368E-3,1.24705E-2],"categories":[],"categories_nodes":[],"categories_segments":[],"categories_sizes":[],"default_left":[0,0,0,0,0,0,0,0,0,0,0,0,0],"id":56,"left_children":[1,3,5,-1,-1,7,-1,9,11,-1,-1,-1,-1],"loss_changes":[1.8236198E0,2.8920412E-2,3.827818E-1,0E0,0E0,6.985078E-2,0E0,5.2535906E-5,1.4419816E-3,0E0,0E0,0E0,0E0],"parents":[2147483647,0,0,1,1,2,2,5,5,7,7,8,8],"right_children":[2,4,6,-1,-1,8,-1,10,12,-1,-1,-1,-1],"split_conditions":[1.9911352E-1,9.9216625E-2,1E0,-9.010544E-2,-2.276001E-2,6.050859E-1,5.4330062E-2,2.999317E-1,8.0635536E-1,-1.1064529E-2,-2.9441833E-3,4.3388368E-3,1.24705E-2],"split_indices":[0,0,0,0,0,0,0,0,0,0,0,0,0],"split_type":[0,0,0,0,0,0,0,0,0,0,0,0,0],"sum_hessian":[9E0,2E0,7E0,1E0,1E0,6E0,1E0,2E0,4E0,1E0,1E0,2E0,2E0],"tree_param":{"num_deleted":"0","num_feature":"2","num_nodes":"13","size_leaf_vector":"1"}},{"base_weights":[-9.0768814E-2,-7.148145E-1,1.5459442E-1,-8.560009E-2,-2.1622086E-2,2.9211862E-2,5.1613618E-2,-8.872223E-2,9.412994E-2,-1.0511398E-2,-2.796936E-3,4.0494283E-3,1.1638896E-2],"categories":[],"categories_nodes":[],"categories_segments":[],"categories_sizes":[],"default_left":[0,0,0,0,0,0,0,0,0,0,0,0,0],"id":57,"left_children":[1,3,5,-1,-1,7,-1,9,11,-1,-1,-1,-1],"loss_changes":[1.641685E0,2.6098609E-2,3.4757096E-1,0E0,0E0,6.19438E-2,0E0,4.7568232E-5,1.2562945E-3,0E0,0E0,0E0,0E0],"parents":[2147483647,0,0,1,1,2,2,5,5,7,7,8,8],"right_children":[2,4,6,-1,-1,8,-1,10,12,-1,-1,-1,-1],"split_conditions":[1.9911352E-1,9.9216625E-2,1E0,-8.560009E-2,-2.1622086E-2,6.050859E-1,5.1613618E-2,2.999317E-1,8.0635536E-1,-1.0511398E-2,-2.796936E-3,4.0494283E-3,1.1638896E-2],"split_indices":[0,0,0,0,0,0,0,0,0,0,0,0,0],"split_type":[0,0,0,0,0,0,0,0,0,0,0,0,0],"sum_hessian":[9E0,2E0,7E0,1E0,1E0,6E0,1E0,2E0,4E0,1E0,1E0,2E0,2E0],"tree_param":{"num_deleted":"0","num_feature":"2","num_nodes":"13","size_leaf_vector":"1"}},{"base_weights":[-8.701515E-2,-6.7907333E-1,1.4588356E-1,-8.132E-2,-2.0541001E-2,2.6629856E-2,4.9032975E-2,-8.428446E-2,8.785248E-2,-9.985733E-3,-2.6569366E-3,3.7793478E-3,1.0862732E-2],"categories":[],"categories_nodes":[],"categories_segments":[],"categories_sizes":[],"default_left":[0,0,0,0,0,0,0,0,0,0,0,0,0],"id":58,"left_children":[1,3,5,-1,-1,7,-1,9,11,-1,-1,-1,-1],"loss_changes":[1.4779615E0,2.3553252E-2,3.1555447E-1,0E0,0E0,5.4937854E-2,0E0,4.322268E-5,1.0944344E-3,0E0,0E0,0E0,0E0],"parents":[2147483647,0,0,1,1,2,2,5,5,7,7,8,8],"right_children":[2,4,6,-1,-1,8,-1,10,12,-1,-1,-1,-1],"split_conditions":[1.9911352E-1,9.9216625E-2,1E0,-8.132E-2,-2.0541001E-2,6.050859E-1,4.9032975E-2,2.999317E-1,8.0635536E-1,-9.985733E-3,-2.6569366E-3,3.7793478E-3,1.0862732E-2],"split_indices":[0,0,0,0,0,0,0,0,0,0,0,0,0],"split_type":[0,0,0,0,0,0,0,0,0,0,0,0,0],"sum_hessian":[9E0,2E0,7E0,1E0,1E0,6E0,1E0,2E0,4E0,1E0,1E0,2E0,2E0],"tree_param":{"num_deleted":"0","num_feature":"2","num_nodes":"13","size_leaf_vector":"1"}},{"base_weights":[-8.339653E-2,-6.4511997E-1,1.3767433E-1,-7.7253915E-2,-1.9514084E-2,2.4252756E-2,4.658127E-2,-8.0070496E-2,8.199616E-2,-9.486389E-3,-2.5241852E-3,3.5275777E-3,1.0138448E-2],"categories":[],"categories_nodes":[],"categories_segments":[],"categories_sizes":[],"default_left":[0,0,0,0,0,0,0,0,0,0,0,0,0],"id":59,"left_children":[1,3,5,-1,-1,7,-1,9,11,-1,-1,-1,-1],"loss_changes":[1.3306233E0,2.1253943E-2,2.864465E-1,0E0,0E0,4.8733328E-2,0E0,3.876537E-5,9.527318E-4,0E0,0E0,0E0,0E0],"parents":[2147483647,0,0,1,1,2,2,5,5,7,7,8,8],"right_children":[2,4,6,-1,-1,8,-1,10,12,-1,-1,-1,-1],"split_conditions":[1.9911352E-1,9.9216625E-2,1E0,-7.7253915E-2,-1.9514084E-2,6.050859E-1,4.658127E-2,2.999317E-1,8.0635536E-1,-9.486389E-3,-2.5241852E-3,3.5275777E-3,1.0138448E-2],"split_indices":[0,0,0,0,0,0,0,0,0,0,0,0,0],"split_type":[0,0,0,0,0,0,0,0,0,0,0,0,0],"sum_hessian":[9E0,2E0,7E0,1E0,1E0,6E0,1E0,2E0,4E0,1E0,1E0,2E0,2E0],"tree_param":{"num_deleted":"0","num_feature":"2","num_nodes":"13","size_leaf_vector":"1"}},{"base_weights":[-7.99099E-2,-6.128629E-1,1.2993622E-1,-7.3391154E-2,-1.8538285E-2,2.2064209E-2,4.4252016E-2,-7.6067604E-2,7.653046E-2,-9.012222E-3,-2.3979188E-3,3.2925922E-3,9.462484E-3],"categories":[],"categories_nodes":[],"categories_segments":[],"categories_sizes":[],"default_left":[0,0,0,0,0,0,0,0,0,0,0,0,0],"id":60,"left_children":[1,3,5,-1,-1,7,-1,9,11,-1,-1,-1,-1],"loss_changes":[1.1980143E0,1.918304E-2,2.5998858E-1,0E0,0E0,4.3235593E-2,0E0,3.5190955E-5,8.2937256E-4,0E0,0E0,0E0,0E0],"parents":[2147483647,0,0,1,1,2,2,5,5,7,7,8,8],"right_children":[2,4,6,-1,-1,8,-1,10,12,-1,-1,-1,-1],"split_conditions":[1.9911352E-1,9.9216625E-2,1E0,-7.3391154E-2,-1.8538285E-2,6.050859E-1,4.4252016E-2,2.999317E-1,8.0635536E-1,-9.012222E-3,-2.3979188E-3,3.2925922E-3,9.462484E-3],"split_indices":[0,0,0,0,0,0,0,0,0,0,0,0,0],"split_type":[0,0,0,0,0,0,0,0,0,0,0,0,0],"sum_hessian":[9E0,2E0,7E0,1E0,1E0,6E0,1E0,2E0,4E0,1E0,1E0,2E0,2E0],"tree_param":{"num_deleted":"0","num_feature":"2","num_nodes":"13","size_leaf_vector":"1"}},{"base_weights":[-7.6552585E-2,-5.822194E-1,1.2264156E-1,-6.97216E-2,-1.7611314E-2,2.004896E-2,4.203949E-2,-7.2265625E-2,7.142792E-2,-8.561707E-3,-2.2781373E-3,1.8756867E-3,7.990646E-3],"categories":[],"categories_nodes":[],"categories_segments":[],"categories_sizes":[],"default_left":[0,0,0,0,0,0,0,0,0,0,0,0,0],"id":61,"left_children":[1,3,5,-1,-1,7,-1,9,11,-1,-1,-1,-1],"loss_changes":[1.0786631E0,1.73136E-2,2.3594984E-1,0E0,0E0,3.8362972E-2,0E0,3.158301E-5,7.340759E-4,0E0,0E0,0E0,0E0],"parents":[2147483647,0,0,1,1,2,2,5,5,7,7,8,8],"right_children":[2,4,6,-1,-1,8,-1,10,12,-1,-1,-1,-1],"split_conditions":[1.9911352E-1,9.9216625E-2,1E0,-6.97216E-2,-1.7611314E-2,6.050859E-1,4.203949E-2,2.999317E-1,7.042061E-1,-8.561707E-3,-2.2781373E-3,1.8756867E-3,7.990646E-3],"split_indices":[0,0,0,0,0,0,0,0,0,0,0,0,0],"split_type":[0,0,0,0,0,0,0,0,0,0,0,0,0],"sum_hessian":[9E0,2E0,7E0,1E0,1E0,6E0,1E0,2E0,4E0,1E0,1E0,1E0,3E0],"tree_param":{"num_deleted":"0","num_feature":"2","num_nodes":"13","size_leaf_vector":"1"}},{"base_weights":[-7.352333E-2,-5.5310947E-1,1.15511894E-1,-6.623554E-2,-1.673088E-2,1.7906189E-2,3.9937593E-2,-6.865183E-2,6.6259764E-2,-8.133697E-3,-2.1640777E-3,2.744039E-3,8.299256E-3],"categories":[],"categories_nodes":[],"categories_segments":[],"categories_sizes":[],"default_left":[0,0,0,0,0,0,0,0,0,0,0,0,0],"id":62,"left_children":[1,3,5,-1,-1,7,-1,9,11,-1,-1,-1,-1],"loss_changes":[9.704775E-1,1.56235695E-2,2.1450266E-1,0E0,0E0,3.3846587E-2,0E0,2.8830022E-5,9.704344E-4,0E0,0E0,0E0,0E0],"parents":[2147483647,0,0,1,1,2,2,5,5,7,7,8,8],"right_children":[2,4,6,-1,-1,8,-1,10,12,-1,-1,-1,-1],"split_conditions":[1.9911352E-1,9.9216625E-2,1E0,-6.623554E-2,-1.673088E-2,6.050859E-1,3.9937593E-2,2.999317E-1,8.0635536E-1,-8.133697E-3,-2.1640777E-3,2.744039E-3,8.299256E-3],"split_indices":[0,0,0,0,0,0,0,0,0,0,0,0,0],"split_type":[0,0,0,0,0,0,0,0,0,0,0,0,0],"sum_hessian":[9E0,2E0,7E0,1E0,1E0,6E0,1E0,2E0,4E0,1E0,1E0,2E0,2E0],"tree_param":{"num_deleted":"0","num_feature":"2","num_nodes":"13","size_leaf_vector":"1"}},{"base_weights":[-7.040024E-2,-5.254542E-1,1.0904503E-1,-6.292381E-2,-1.5894318E-2,1.6221182E-2,3.79406E-2,-6.5218605E-2,6.184082E-2,-7.7270507E-3,-2.0557404E-3,2.5609336E-3,7.7458704E-3],"categories":[],"categories_nodes":[],"categories_segments":[],"categories_sizes":[],"default_left":[0,0,0,0,0,0,0,0,0,0,0,0,0],"id":63,"left_children":[1,3,5,-1,-1,7,-1,9,11,-1,-1,-1,-1],"loss_changes":[8.73871E-1,1.410073E-2,1.9461313E-1,0E0,0E0,3.0039947E-2,0E0,2.6275404E-5,8.456297E-4,0E0,0E0,0E0,0E0],"parents":[2147483647,0,0,1,1,2,2,5,5,7,7,8,8],"right_children":[2,4,6,-1,-1,8,-1,10,12,-1,-1,-1,-1],"split_conditions":[1.9911352E-1,9.9216625E-2,1E0,-6.292381E-2,-1.5894318E-2,6.050859E-1,3.79406E-2,2.999317E-1,8.0635536E-1,-7.7270507E-3,-2.0557404E-3,2.5609336E-3,7.7458704E-3],"split_indices":[0,0,0,0,0,0,0,0,0,0,0,0,0],"split_type":[0,0,0,0,0,0,0,0,0,0,0,0,0],"sum_hessian":[9E0,2E0,7E0,1E0,1E0,6E0,1E0,2E0,4E0,1E0,1E0,2E0,2E0],"tree_param":{"num_deleted":"0","num_feature":"2","num_nodes":"13","size_leaf_vector":"1"}},{"base_weights":[-6.7396164E-2,-4.9918237E-1,1.0294819E-1,-5.9777644E-2,-1.5099716E-2,1.4673506E-2,3.604355E-2,-6.1958313E-2,5.7717897E-2,-7.340622E-3,-1.953125E-3,2.3900352E-3,7.2296145E-3],"categories":[],"categories_nodes":[],"categories_segments":[],"categories_sizes":[],"default_left":[0,0,0,0,0,0,0,0,0,0,0,0,0],"id":64,"left_children":[1,3,5,-1,-1,7,-1,9,11,-1,-1,-1,-1],"loss_changes":[7.8691334E-1,1.2724459E-2,1.7654802E-1,0E0,0E0,2.6666094E-2,0E0,2.3388304E-5,7.37099E-4,0E0,0E0,0E0,0E0],"parents":[2147483647,0,0,1,1,2,2,5,5,7,7,8,8],"right_children":[2,4,6,-1,-1,8,-1,10,12,-1,-1,-1,-1],"split_conditions":[1.9911352E-1,9.9216625E-2,1E0,-5.9777644E-2,-1.5099716E-2,6.050859E-1,3.604355E-2,2.999317E-1,8.0635536E-1,-7.340622E-3,-1.953125E-3,2.3900352E-3,7.2296145E-3],"split_indices":[0,0,0,0,0,0,0,0,0,0,0,0,0],"split_type":[0,0,0,0,0,0,0,0,0,0,0,0,0],"sum_hessian":[9E0,2E0,7E0,1E0,1E0,6E0,1E0,2E0,4E0,1E0,1E0,2E0,2E0],"tree_param":{"num_deleted":"0","num_feature":"2","num_nodes":"13","size_leaf_vector":"1"}},{"base_weights":[-6.450768E-2,-4.742241E-1,9.719944E-2,-5.678883E-2,-1.4344788E-2,1.3252258E-2,3.4241486E-2,-5.886078E-2,5.3869627E-2,-6.973648E-3,-1.8554687E-3,2.230835E-3,6.7474367E-3],"categories":[],"categories_nodes":[],"categories_segments":[],"categories_sizes":[],"default_left":[0,0,0,0,0,0,0,0,0,0,0,0,0],"id":65,"left_children":[1,3,5,-1,-1,7,-1,9,11,-1,-1,-1,-1],"loss_changes":[7.086349E-1,1.1483252E-2,1.6014338E-1,0E0,0E0,2.36741E-2,0E0,2.113264E-5,6.416738E-4,0E0,0E0,0E0,0E0],"parents":[2147483647,0,0,1,1,2,2,5,5,7,7,8,8],"right_children":[2,4,6,-1,-1,8,-1,10,12,-1,-1,-1,-1],"split_conditions":[1.9911352E-1,9.9216625E-2,1E0,-5.678883E-2,-1.4344788E-2,6.050859E-1,3.4241486E-2,2.999317E-1,8.0635536E-1,-6.973648E-3,-1.8554687E-3,2.230835E-3,6.7474367E-3],"split_indices":[0,0,0,0,0,0,0,0,0,0,0,0,0],"split_type":[0,0,0,0,0,0,0,0,0,0,0,0,0],"sum_hessian":[9E0,2E0,7E0,1E0,1E0,6E0,1E0,2E0,4E0,1E0,1E0,2E0,2E0],"tree_param":{"num_deleted":"0","num_feature":"2","num_nodes":"13","size_leaf_vector":"1"}},{"base_weights":[-6.1730195E-2,-4.505132E-1,9.177971E-2,-5.3949356E-2,-1.3627625E-2,1.1949812E-2,3.252945E-2,-5.5918377E-2,5.028076E-2,-6.624985E-3,-1.7627716E-3,2.082316E-3,6.2978114E-3],"categories":[],"categories_nodes":[],"categories_segments":[],"categories_sizes":[],"default_left":[0,0,0,0,0,0,0,0,0,0,0,0,0],"id":66,"left_children":[1,3,5,-1,-1,7,-1,9,11,-1,-1,-1,-1],"loss_changes":[6.381684E-1,1.0362625E-2,1.4524448E-1,0E0,0E0,2.1021781E-2,0E0,1.896359E-5,5.5876374E-4,0E0,0E0,0E0,0E0],"parents":[2147483647,0,0,1,1,2,2,5,5,7,7,8,8],"right_children":[2,4,6,-1,-1,8,-1,10,12,-1,-1,-1,-1],"split_conditions":[1.9911352E-1,9.9216625E-2,1E0,-5.3949356E-2,-1.3627625E-2,6.050859E-1,3.252945E-2,2.999317E-1,8.0635536E-1,-6.624985E-3,-1.7627716E-3,2.082316E-3,6.2978114E-3],"split_indices":[0,0,0,0,0,0,0,0,0,0,0,0,0],"split_type":[0,0,0,0,0,0,0,0,0,0,0,0,0],"sum_hessian":[9E0,2E0,7E0,1E0,1E0,6E0,1E0,2E0,4E0,1E0,1E0,2E0,2E0],"tree_param":{"num_deleted":"0","num_feature":"2","num_nodes":"13","size_leaf_vector":"1"}},{"base_weights":[-5.9062578E-2,-4.2798743E-1,8.666706E-2,-5.1251795E-2,-1.294632E-2,1.0754176E-2,3.0902863E-2,-5.3123474E-2,4.6929933E-2,-6.293869E-3,-1.6746521E-3,2.4576187E-3,6.8172454E-3],"categories":[],"categories_nodes":[],"categories_segments":[],"categories_sizes":[],"default_left":[0,0,0,0,0,0,0,0,0,0,0,0,0],"id":67,"left_children":[1,3,5,-1,-1,7,-1,9,11,-1,-1,-1,-1],"loss_changes":[5.747253E-1,9.3509555E-3,1.317175E-1,0E0,0E0,1.8668836E-2,0E0,1.7138198E-5,6.9883093E-4,0E0,0E0,0E0,0E0],"parents":[2147483647,0,0,1,1,2,2,5,5,7,7,8,8],"right_children":[2,4,6,-1,-1,8,-1,10,12,-1,-1,-1,-1],"split_conditions":[1.9911352E-1,9.9216625E-2,1E0,-5.1251795E-2,-1.294632E-2,6.050859E-1,3.0902863E-2,2.999317E-1,9.060032E-1,-6.293869E-3,-1.6746521E-3,2.4576187E-3,6.8172454E-3],"split_indices":[0,0,0,0,0,0,0,0,0,0,0,0,0],"split_type":[0,0,0,0,0,0,0,0,0,0,0,0,0],"sum_hessian":[9E0,2E0,7E0,1E0,1E0,6E0,1E0,2E0,4E0,1E0,1E0,3E0,1E0],"tree_param":{"num_deleted":"0","num_feature":"2","num_nodes":"13","size_leaf_vector":"1"}},{"base_weights":[-5.6354523E-2,-4.0658823E-1,8.2027435E-2,-4.8689272E-2,-1.2298966E-2,9.865897E-3,2.935791E-2,-5.04659E-2,4.40918E-2,-5.9791566E-3,-1.5907288E-3,2.2733689E-3,6.476212E-3],"categories":[],"categories_nodes":[],"categories_segments":[],"categories_sizes":[],"default_left":[0,0,0,0,0,0,0,0,0,0,0,0,0],"id":68,"left_children":[1,3,5,-1,-1,7,-1,9,11,-1,-1,-1,-1],"loss_changes":[5.180117E-1,8.4398985E-3,1.1923073E-1,0E0,0E0,1.6679503E-2,0E0,1.572445E-5,7.3511247E-4,0E0,0E0,0E0,0E0],"parents":[2147483647,0,0,1,1,2,2,5,5,7,7,8,8],"right_children":[2,4,6,-1,-1,8,-1,10,12,-1,-1,-1,-1],"split_conditions":[1.9911352E-1,9.9216625E-2,1E0,-4.8689272E-2,-1.2298966E-2,6.050859E-1,2.935791E-2,2.999317E-1,9.060032E-1,-5.9791566E-3,-1.5907288E-3,2.2733689E-3,6.476212E-3],"split_indices":[0,0,0,0,0,0,0,0,0,0,0,0,0],"split_type":[0,0,0,0,0,0,0,0,0,0,0,0,0],"sum_hessian":[9E0,2E0,7E0,1E0,1E0,6E0,1E0,2E0,4E0,1E0,1E0,3E0,1E0],"tree_param":{"num_deleted":"0","num_feature":"2","num_nodes":"13","size_leaf_vector":"1"}},{"base_weights":[-5.3764343E-2,-3.8625845E-1,7.764149E-2,-4.625473E-2,-1.1684037E-2,9.047372E-3,2.7890015E-2,-4.7943115E-2,4.143219E-2,-5.680084E-3,-1.5113831E-3,2.1028519E-3,6.152344E-3],"categories":[],"categories_nodes":[],"categories_segments":[],"categories_sizes":[],"default_left":[0,0,0,0,0,0,0,0,0,0,0,0,0],"id":69,"left_children":[1,3,5,-1,-1,7,-1,9,11,-1,-1,-1,-1],"loss_changes":[4.669063E-1,7.6166093E-3,1.0791796E-1,0E0,0E0,1.4905773E-2,0E0,1.3900455E-5,7.5592846E-4,0E0,0E0,0E0,0E0],"parents":[2147483647,0,0,1,1,2,2,5,5,7,7,8,8],"right_children":[2,4,6,-1,-1,8,-1,10,12,-1,-1,-1,-1],"split_conditions":[1.9911352E-1,9.9216625E-2,1E0,-4.625473E-2,-1.1684037E-2,6.050859E-1,2.7890015E-2,2.999317E-1,9.060032E-1,-5.680084E-3,-1.5113831E-3,2.1028519E-3,6.152344E-3],"split_indices":[0,0,0,0,0,0,0,0,0,0,0,0,0],"split_type":[0,0,0,0,0,0,0,0,0,0,0,0,0],"sum_hessian":[9E0,2E0,7E0,1E0,1E0,6E0,1E0,2E0,4E0,1E0,1E0,3E0,1E0],"tree_param":{"num_deleted":"0","num_feature":"2","num_nodes":"13","size_leaf_vector":"1"}},{"base_weights":[-5.128746E-2,-3.6694717E-1,7.3495865E-2,-4.394207E-2,-1.1100006E-2,8.2942415E-3,2.6495362E-2,-4.554494E-2,3.8938902E-2,-5.3958893E-3,-1.435852E-3,1.9449234E-3,5.8448794E-3],"categories":[],"categories_nodes":[],"categories_segments":[],"categories_sizes":[],"default_left":[0,0,0,0,0,0,0,0,0,0,0,0,0],"id":70,"left_children":[1,3,5,-1,-1,7,-1,9,11,-1,-1,-1,-1],"loss_changes":[4.2085978E-1,6.8724453E-3,9.766925E-2,0E0,0E0,1.3322656E-2,0E0,1.2433156E-5,7.6442165E-4,0E0,0E0,0E0,0E0],"parents":[2147483647,0,0,1,1,2,2,5,5,7,7,8,8],"right_children":[2,4,6,-1,-1,8,-1,10,12,-1,-1,-1,-1],"split_conditions":[1.9911352E-1,9.9216625E-2,1E0,-4.394207E-2,-1.1100006E-2,6.050859E-1,2.6495362E-2,2.999317E-1,9.060032E-1,-5.3958893E-3,-1.435852E-3,1.9449234E-3,5.8448794E-3],"split_indices":[0,0,0,0,0,0,0,0,0,0,0,0,0],"split_type":[0,0,0,0,0,0,0,0,0,0,0,0,0],"sum_hessian":[9E0,2E0,7E0,1E0,1E0,6E0,1E0,2E0,4E0,1E0,1E0,3E0,1E0],"tree_param":{"num_deleted":"0","num_feature":"2","num_nodes":"13","size_leaf_vector":"1"}},{"base_weights":[-4.891815E-2,-3.4859976E-1,6.957722E-2,-4.1744996E-2,-1.0544968E-2,7.6010567E-3,2.5170518E-2,-4.326884E-2,3.6602784E-2,-5.1261904E-3,-1.3641358E-3,1.7990113E-3,5.5526732E-3],"categories":[],"categories_nodes":[],"categories_segments":[],"categories_sizes":[],"default_left":[0,0,0,0,0,0,0,0,0,0,0,0,0],"id":71,"left_children":[1,3,5,-1,-1,7,-1,9,11,-1,-1,-1,-1],"loss_changes":[3.7936342E-1,6.202817E-3,8.8387504E-2,0E0,0E0,1.1910964E-2,0E0,1.116097E-5,7.621944E-4,0E0,0E0,0E0,0E0],"parents":[2147483647,0,0,1,1,2,2,5,5,7,7,8,8],"right_children":[2,4,6,-1,-1,8,-1,10,12,-1,-1,-1,-1],"split_conditions":[1.9911352E-1,9.9216625E-2,1E0,-4.1744996E-2,-1.0544968E-2,6.050859E-1,2.5170518E-2,2.999317E-1,9.060032E-1,-5.1261904E-3,-1.3641358E-3,1.7990113E-3,5.5526732E-3],"split_indices":[0,0,0,0,0,0,0,0,0,0,0,0,0],"split_type":[0,0,0,0,0,0,0,0,0,0,0,0,0],"sum_hessian":[9E0,2E0,7E0,1E0,1E0,6E0,1E0,2E0,4E0,1E0,1E0,3E0,1E0],"tree_param":{"num_deleted":"0","num_feature":"2","num_nodes":"13","size_leaf_vector":"1"}},{"base_weights":[-4.6652604E-2,-3.311704E-1,6.5873146E-2,-3.9657783E-2,-1.0017777E-2,6.9634574E-3,2.3912048E-2,-4.1104633E-2,3.441162E-2,-4.8698424E-3,-1.2958527E-3,1.663971E-3,5.2749636E-3],"categories":[],"categories_nodes":[],"categories_segments":[],"categories_sizes":[],"default_left":[0,0,0,0,0,0,0,0,0,0,0,0,0],"id":72,"left_children":[1,3,5,-1,-1,7,-1,9,11,-1,-1,-1,-1],"loss_changes":[3.4197098E-1,5.597651E-3,7.998247E-2,0E0,0E0,1.0650143E-2,0E0,1.0147225E-5,7.5176917E-4,0E0,0E0,0E0,0E0],"parents":[2147483647,0,0,1,1,2,2,5,5,7,7,8,8],"right_children":[2,4,6,-1,-1,8,-1,10,12,-1,-1,-1,-1],"split_conditions":[1.9911352E-1,9.9216625E-2,1E0,-3.9657783E-2,-1.0017777E-2,6.050859E-1,2.3912048E-2,2.999317E-1,9.060032E-1,-4.8698424E-3,-1.2958527E-3,1.663971E-3,5.2749636E-3],"split_indices":[0,0,0,0,0,0,0,0,0,0,0,0,0],"split_type":[0,0,0,0,0,0,0,0,0,0,0,0,0],"sum_hessian":[9E0,2E0,7E0,1E0,1E0,6E0,1E0,2E0,4E0,1E0,1E0,3E0,1E0],"tree_param":{"num_deleted":"0","num_feature":"2","num_nodes":"13","size_leaf_vector":"1"}},{"base_weights":[-4.4485856E-2,-3.1461206E-1,6.2372208E-2,-3.7674904E-2,-9.516907E-3,6.378174E-3,2.2716522E-2,-3.9049786E-2,3.2359313E-2,-4.626465E-3,-1.2310029E-3,1.5392303E-3,5.011368E-3],"categories":[],"categories_nodes":[],"categories_segments":[],"categories_sizes":[],"default_left":[0,0,0,0,0,0,0,0,0,0,0,0,0],"id":73,"left_children":[1,3,5,-1,-1,7,-1,9,11,-1,-1,-1,-1],"loss_changes":[3.082747E-1,5.0517023E-3,7.2370514E-2,0E0,0E0,9.525516E-3,0E0,9.252224E-6,7.34827E-4,0E0,0E0,0E0,0E0],"parents":[2147483647,0,0,1,1,2,2,5,5,7,7,8,8],"right_children":[2,4,6,-1,-1,8,-1,10,12,-1,-1,-1,-1],"split_conditions":[1.9911352E-1,9.9216625E-2,1E0,-3.7674904E-2,-9.516907E-3,6.050859E-1,2.2716522E-2,2.999317E-1,9.060032E-1,-4.626465E-3,-1.2310029E-3,1.5392303E-3,5.011368E-3],"split_indices":[0,0,0,0,0,0,0,0,0,0,0,0,0],"split_type":[0,0,0,0,0,0,0,0,0,0,0,0,0],"sum_hessian":[9E0,2E0,7E0,1E0,1E0,6E0,1E0,2E0,4E0,1E0,1E0,3E0,1E0],"tree_param":{"num_deleted":"0","num_feature":"2","num_nodes":"13","size_leaf_vector":"1"}},{"base_weights":[-4.2417526E-2,-2.988828E-1,5.9059143E-2,-3.5791207E-2,-9.041214E-3,5.837577E-3,2.1580506E-2,-3.70992E-2,3.043213E-2,-4.3952945E-3,-1.1695862E-3,1.4236451E-3,4.760742E-3],"categories":[],"categories_nodes":[],"categories_segments":[],"categories_sizes":[],"default_left":[0,0,0,0,0,0,0,0,0,0,0,0,0],"id":74,"left_children":[1,3,5,-1,-1,7,-1,9,11,-1,-1,-1,-1],"loss_changes":[2.7790418E-1,4.558027E-3,6.5478325E-2,0E0,0E0,8.521084E-3,0E0,8.255709E-6,7.1306713E-4,0E0,0E0,0E0,0E0],"parents":[2147483647,0,0,1,1,2,2,5,5,7,7,8,8],"right_children":[2,4,6,-1,-1,8,-1,10,12,-1,-1,-1,-1],"split_conditions":[1.9911352E-1,9.9216625E-2,1E0,-3.5791207E-2,-9.041214E-3,6.050859E-1,2.1580506E-2,2.999317E-1,9.060032E-1,-4.3952945E-3,-1.1695862E-3,1.4236451E-3,4.760742E-3],"split_indices":[0,0,0,0,0,0,0,0,0,0,0,0,0],"split_type":[0,0,0,0,0,0,0,0,0,0,0,0,0],"sum_hessian":[9E0,2E0,7E0,1E0,1E0,6E0,1E0,2E0,4E0,1E0,1E0,3E0,1E0],"tree_param":{"num_deleted":"0","num_feature":"2","num_nodes":"13","size_leaf_vector":"1"}},{"base_weights":[-4.044075E-2,-2.8393936E-1,5.5926323E-2,-3.4001734E-2,-8.589173E-3,5.340576E-3,2.0501329E-2,-3.524526E-2,2.8623963E-2,-4.1755675E-3,-1.1112214E-3,1.3166427E-3,4.522705E-3],"categories":[],"categories_nodes":[],"categories_segments":[],"categories_sizes":[],"default_left":[0,0,0,0,0,0,0,0,0,0,0,0,0],"id":75,"left_children":[1,3,5,-1,-1,7,-1,9,11,-1,-1,-1,-1],"loss_changes":[2.5053218E-1,4.1136444E-3,5.923851E-2,0E0,0E0,7.6236892E-3,0E0,7.3502306E-6,6.8773516E-4,0E0,0E0,0E0,0E0],"parents":[2147483647,0,0,1,1,2,2,5,5,7,7,8,8],"right_children":[2,4,6,-1,-1,8,-1,10,12,-1,-1,-1,-1],"split_conditions":[1.9911352E-1,9.9216625E-2,1E0,-3.4001734E-2,-8.589173E-3,6.050859E-1,2.0501329E-2,2.999317E-1,9.060032E-1,-4.1755675E-3,-1.1112214E-3,1.3166427E-3,4.522705E-3],"split_indices":[0,0,0,0,0,0,0,0,0,0,0,0,0],"split_type":[0,0,0,0,0,0,0,0,0,0,0,0,0],"sum_hessian":[9E0,2E0,7E0,1E0,1E0,6E0,1E0,2E0,4E0,1E0,1E0,3E0,1E0],"tree_param":{"num_deleted":"0","num_feature":"2","num_nodes":"13","size_leaf_vector":"1"}},{"base_weights":[-3.855133E-2,-2.6974234E-1,5.296421E-2,-3.2301713E-2,-8.159637E-3,4.8839026E-3,1.9476319E-2,-3.348287E-2,2.6927184E-2,-3.966904E-3,-1.0555268E-3,1.2176514E-2,4.2964937E-3,3.5476685E-4,1.387024E-3],"categories":[],"categories_nodes":[],"categories_segments":[],"categories_sizes":[],"default_left":[0,0,0,0,0,0,0,0,0,0,0,0,0,0,0],"id":76,"left_children":[1,3,5,-1,-1,7,-1,9,11,-1,-1,13,-1,-1,-1],"loss_changes":[2.2586238E-1,3.71328E-3,5.35907E-2,0E0,0E0,6.8217064E-3,0E0,6.784685E-6,6.596749E-4,0E0,0E0,9.252573E-6,0E0,0E0,0E0],"parents":[2147483647,0,0,1,1,2,2,5,5,7,7,8,8,11,11],"right_children":[2,4,6,-1,-1,8,-1,10,12,-1,-1,14,-1,-1,-1],"split_conditions":[1.9911352E-1,9.9216625E-2,1E0,-3.2301713E-2,-8.159637E-3,6.050859E-1,1.9476319E-2,2.999317E-1,9.060032E-1,-3.966904E-3,-1.0555268E-3,7.042061E-1,4.2964937E-3,3.5476685E-4,1.387024E-3],"split_indices":[0,0,0,0,0,0,0,0,0,0,0,0,0,0,0],"split_type":[0,0,0,0,0,0,0,0,0,0,0,0,0,0,0],"sum_hessian":[9E0,2E0,7E0,1E0,1E0,6E0,1E0,2E0,4E0,1E0,1E0,3E0,1E0,1E0,2E0],"tree_param":{"num_deleted":"0","num_feature":"2","num_nodes":"15","size_leaf_vector":"1"}},{"base_weights":[-3.669281E-2,-2.5625357E-1,5.0229073E-2,-3.068657E-2,-7.751465E-3,4.54058E-3,1.8502427E-2,-3.180949E-2,2.5442505E-2,-3.7685395E-3,-1.0028839E-3,1.1394501E-2,4.081726E-3,3.3721924E-4,1.294454E-3],"categories":[],"categories_nodes":[],"categories_segments":[],"categories_sizes":[],"default_left":[0,0,0,0,0,0,0,0,0,0,0,0,0,0,0],"id":77,"left_children":[1,3,5,-1,-1,7,-1,9,11,-1,-1,13,-1,-1,-1],"loss_changes":[2.0371771E-1,3.352493E-3,4.842859E-2,0E0,0E0,6.127818E-3,0E0,6.002374E-6,6.1483076E-4,0E0,0E0,6.0880557E-6,0E0,0E0,0E0],"parents":[2147483647,0,0,1,1,2,2,5,5,7,7,8,8,11,11],"right_children":[2,4,6,-1,-1,8,-1,10,12,-1,-1,14,-1,-1,-1],"split_conditions":[1.9911352E-1,9.9216625E-2,1E0,-3.068657E-2,-7.751465E-3,6.050859E-1,1.8502427E-2,2.999317E-1,9.060032E-1,-3.7685395E-3,-1.0028839E-3,7.042061E-1,4.081726E-3,3.3721924E-4,1.294454E-3],"split_indices":[0,0,0,0,0,0,0,0,0,0,0,0,0,0,0],"split_type":[0,0,0,0,0,0,0,0,0,0,0,0,0,0,0],"sum_hessian":[9E0,2E0,7E0,1E0,1E0,6E0,1E0,2E0,4E0,1E0,1E0,3E0,1E0,1E0,2E0],"tree_param":{"num_deleted":"0","num_feature":"2","num_nodes":"15","size_leaf_vector":"1"}},{"base_weights":[-3.4923553E-2,-2.4344127E-1,4.7636032E-2,-2.9152298E-2,-7.3638917E-3,4.2201453E-3,1.7577363E-2,-3.0220032E-2,2.4040222E-2,-3.5800934E-3,-9.529114E-4,1.0662079E-2,3.8776398E-3,3.2043457E-4,1.2079875E-3],"categories":[],"categories_nodes":[],"categories_segments":[],"categories_sizes":[],"default_left":[0,0,0,0,0,0,0,0,0,0,0,0,0,0,0],"id":78,"left_children":[1,3,5,-1,-1,7,-1,9,11,-1,-1,13,-1,-1,-1],"loss_changes":[1.8374793E-1,3.0257404E-3,4.3763865E-2,0E0,0E0,5.5047455E-3,0E0,5.2705873E-6,5.7227607E-4,0E0,0E0,3.5860867E-6,0E0,0E0,0E0],"parents":[2147483647,0,0,1,1,2,2,5,5,7,7,8,8,11,11],"right_children":[2,4,6,-1,-1,8,-1,10,12,-1,-1,14,-1,-1,-1],"split_conditions":[1.9911352E-1,9.9216625E-2,1E0,-2.9152298E-2,-7.3638917E-3,6.050859E-1,1.7577363E-2,2.999317E-1,9.060032E-1,-3.5800934E-3,-9.529114E-4,7.042061E-1,3.8776398E-3,3.2043457E-4,1.2079875E-3],"split_indices":[0,0,0,0,0,0,0,0,0,0,0,0,0,0,0],"split_type":[0,0,0,0,0,0,0,0,0,0,0,0,0,0,0],"sum_hessian":[9E0,2E0,7E0,1E0,1E0,6E0,1E0,2E0,4E0,1E0,1E0,3E0,1E0,1E0,2E0],"tree_param":{"num_deleted":"0","num_feature":"2","num_nodes":"15","size_leaf_vector":"1"}},{"base_weights":[-3.3237457E-2,-2.3126984E-1,4.5179367E-2,-2.7694702E-2,-6.9957734E-3,3.9236885E-3,1.6698455E-2,-2.8709412E-2,2.2718811E-2,-3.4011842E-3,-9.052277E-4,9.979248E-3,3.6838532E-3,3.0441285E-4,1.1276245E-3],"categories":[],"categories_nodes":[],"categories_segments":[],"categories_sizes":[],"default_left":[0,0,0,0,0,0,0,0,0,0,0,0,0,0,0],"id":79,"left_children":[1,3,5,-1,-1,7,-1,9,11,-1,-1,13,-1,-1,-1],"loss_changes":[1.6573933E-1,2.7302653E-3,3.954605E-2,0E0,0E0,4.9456456E-3,0E0,4.8070215E-6,5.317745E-4,0E0,0E0,1.6529812E-6,0E0,0E0,0E0],"parents":[2147483647,0,0,1,1,2,2,5,5,7,7,8,8,11,11],"right_children":[2,4,6,-1,-1,8,-1,10,12,-1,-1,14,-1,-1,-1],"split_conditions":[1.9911352E-1,9.9216625E-2,1E0,-2.7694702E-2,-6.9957734E-3,6.050859E-1,1.6698455E-2,2.999317E-1,9.060032E-1,-3.4011842E-3,-9.052277E-4,7.042061E-1,3.6838532E-3,3.0441285E-4,1.1276245E-3],"split_indices":[0,0,0,0,0,0,0,0,0,0,0,0,0,0,0],"split_type":[0,0,0,0,0,0,0,0,0,0,0,0,0,0,0],"sum_hessian":[9E0,2E0,7E0,1E0,1E0,6E0,1E0,2E0,4E0,1E0,1E0,3E0,1E0,1E0,2E0],"tree_param":{"num_deleted":"0","num_feature":"2","num_nodes":"15","size_leaf_vector":"1"}},{"base_weights":[-3.1632233E-2,-2.1970622E-1,4.284954E-2,-2.6309967E-2,-6.645966E-3,3.6468506E-3,1.5863419E-2,-2.7272543E-2,2.1469116E-2,-3.2310486E-3,-8.598328E-4,9.338379E-4,3.4996034E-3],"categories":[],"categories_nodes":[],"categories_segments":[],"categories_sizes":[],"default_left":[0,0,0,0,0,0,0,0,0,0,0,0,0],"id":80,"left_children":[1,3,5,-1,-1,7,-1,9,11,-1,-1,-1,-1],"loss_changes":[1.4949515E-1,2.4641752E-3,3.5734043E-2,0E0,0E0,4.442893E-3,0E0,4.422618E-6,4.93651E-4,0E0,0E0,0E0,0E0],"parents":[2147483647,0,0,1,1,2,2,5,5,7,7,8,8],"right_children":[2,4,6,-1,-1,8,-1,10,12,-1,-1,-1,-1],"split_conditions":[1.9911352E-1,9.9216625E-2,1E0,-2.6309967E-2,-6.645966E-3,6.050859E-1,1.5863419E-2,2.999317E-1,9.060032E-1,-3.2310486E-3,-8.598328E-4,9.338379E-4,3.4996034E-3],"split_indices":[0,0,0,0,0,0,0,0,0,0,0,0,0],"split_type":[0,0,0,0,0,0,0,0,0,0,0,0,0],"sum_hessian":[9E0,2E0,7E0,1E0,1E0,6E0,1E0,2E0,4E0,1E0,1E0,3E0,1E0],"tree_param":{"num_deleted":"0","num_feature":"2","num_nodes":"13","size_leaf_vector":"1"}},{"base_weights":[-3.0143356E-2,-2.0872116E-1,4.059124E-2,-2.4994468E-2,-6.3137054E-3,3.3318656E-3,1.5070343E-2,-2.5909424E-2,2.0210266E-2,-3.069687E-3,-8.167267E-4,8.640289E-3,3.3245087E-3,2.4261475E-4,9.902954E-4],"categories":[],"categories_nodes":[],"categories_segments":[],"categories_sizes":[],"default_left":[0,0,0,0,0,0,0,0,0,0,0,0,0,0,0],"id":81,"left_children":[1,3,5,-1,-1,7,-1,9,11,-1,-1,13,-1,-1,-1],"loss_changes":[1.3478854E-1,2.2237003E-3,3.2319568E-2,0E0,0E0,3.97846E-3,0E0,4.109228E-6,4.6681543E-4,0E0,0E0,7.3594856E-6,0E0,0E0,0E0],"parents":[2147483647,0,0,1,1,2,2,5,5,7,7,8,8,11,11],"right_children":[2,4,6,-1,-1,8,-1,10,12,-1,-1,14,-1,-1,-1],"split_conditions":[1.9911352E-1,9.9216625E-2,1E0,-2.4994468E-2,-6.3137054E-3,6.050859E-1,1.5070343E-2,2.999317E-1,9.060032E-1,-3.069687E-3,-8.167267E-4,7.042061E-1,3.3245087E-3,2.4261475E-4,9.902954E-4],"split_indices":[0,0,0,0,0,0,0,0,0,0,0,0,0,0,0],"split_type":[0,0,0,0,0,0,0,0,0,0,0,0,0,0,0],"sum_hessian":[9E0,2E0,7E0,1E0,1E0,6E0,1E0,2E0,4E0,1E0,1E0,3E0,1E0,1E0,2E0],"tree_param":{"num_deleted":"0","num_feature":"2","num_nodes":"15","size_leaf_vector":"1"}},{"base_weights":[-2.8686142E-2,-1.9828415E-1,3.849888E-2,-2.3744775E-2,-5.9978487E-3,3.0931744E-3,1.4316941E-2,-2.461497E-2,1.9099426E-2,-2.916336E-3,-7.7590946E-4,8.0833435E-3,3.158188E-3,2.3040772E-4,9.2417403E-4],"categories":[],"categories_nodes":[],"categories_segments":[],"categories_sizes":[],"default_left":[0,0,0,0,0,0,0,0,0,0,0,0,0,0,0],"id":82,"left_children":[1,3,5,-1,-1,7,-1,9,11,-1,-1,13,-1,-1,-1],"loss_changes":[1.2157818E-1,2.0078793E-3,2.9204622E-2,0E0,0E0,3.5746566E-3,0E0,3.7200516E-6,4.3225125E-4,0E0,0E0,5.4850534E-6,0E0,0E0,0E0],"parents":[2147483647,0,0,1,1,2,2,5,5,7,7,8,8,11,11],"right_children":[2,4,6,-1,-1,8,-1,10,12,-1,-1,14,-1,-1,-1],"split_conditions":[1.9911352E-1,9.9216625E-2,1E0,-2.3744775E-2,-5.9978487E-3,6.050859E-1,1.4316941E-2,2.999317E-1,9.060032E-1,-2.916336E-3,-7.7590946E-4,7.042061E-1,3.158188E-3,2.3040772E-4,9.2417403E-4],"split_indices":[0,0,0,0,0,0,0,0,0,0,0,0,0,0,0],"split_type":[0,0,0,0,0,0,0,0,0,0,0,0,0,0,0],"sum_hessian":[9E0,2E0,7E0,1E0,1E0,6E0,1E0,2E0,4E0,1E0,1E0,3E0,1E0,1E0,2E0],"tree_param":{"num_deleted":"0","num_feature":"2","num_nodes":"15","size_leaf_vector":"1"}},{"base_weights":[-2.7297974E-2,-1.8836975E-1,3.651619E-2,-2.255745E-2,-5.6980136E-3,2.873012E-3,1.3600922E-2,-2.3384094E-2,1.8052673E-2,-2.7706146E-3,-7.369995E-4,7.5645447E-3,3.0002594E-3,2.1896363E-4,8.626302E-4],"categories":[],"categories_nodes":[],"categories_segments":[],"categories_sizes":[],"default_left":[0,0,0,0,0,0,0,0,0,0,0,0,0,0,0],"id":83,"left_children":[1,3,5,-1,-1,7,-1,9,11,-1,-1,13,-1,-1,-1],"loss_changes":[1.0966515E-1,1.8116906E-3,2.6387334E-2,0E0,0E0,3.212163E-3,0E0,3.447174E-6,3.997055E-4,0E0,0E0,3.938927E-6,0E0,0E0,0E0],"parents":[2147483647,0,0,1,1,2,2,5,5,7,7,8,8,11,11],"right_children":[2,4,6,-1,-1,8,-1,10,12,-1,-1,14,-1,-1,-1],"split_conditions":[1.9911352E-1,9.9216625E-2,1E0,-2.255745E-2,-5.6980136E-3,6.050859E-1,1.3600922E-2,2.999317E-1,9.060032E-1,-2.7706146E-3,-7.369995E-4,7.042061E-1,3.0002594E-3,2.1896363E-4,8.626302E-4],"split_indices":[0,0,0,0,0,0,0,0,0,0,0,0,0,0,0],"split_type":[0,0,0,0,0,0,0,0,0,0,0,0,0,0,0],"sum_hessian":[9E0,2E0,7E0,1E0,1E0,6E0,1E0,2E0,4E0,1E0,1E0,3E0,1E0,1E0,2E0],"tree_param":{"num_deleted":"0","num_feature":"2","num_nodes":"15","size_leaf_vector":"1"}},{"base_weights":[-2.5976181E-2,-1.7895126E-1,3.4636497E-2,-2.1429634E-2,-5.4130554E-3,2.6681083E-3,1.29207615E-2,-2.2214254E-2,1.7063905E-2,-2.632141E-3,-6.9999695E-4,7.078171E-3,2.8503418E-3,2.07901E-4,8.051555E-4],"categories":[],"categories_nodes":[],"categories_segments":[],"categories_sizes":[],"default_left":[0,0,0,0,0,0,0,0,0,0,0,0,0,0,0],"id":84,"left_children":[1,3,5,-1,-1,7,-1,9,11,-1,-1,13,-1,-1,-1],"loss_changes":[9.892055E-2,1.6354024E-3,2.3841552E-2,0E0,0E0,2.8864716E-3,0E0,3.2132957E-6,3.694076E-4,0E0,0E0,2.7251372E-6,0E0,0E0,0E0],"parents":[2147483647,0,0,1,1,2,2,5,5,7,7,8,8,11,11],"right_children":[2,4,6,-1,-1,8,-1,10,12,-1,-1,14,-1,-1,-1],"split_conditions":[1.9911352E-1,9.9216625E-2,1E0,-2.1429634E-2,-5.4130554E-3,6.050859E-1,1.29207615E-2,2.999317E-1,9.060032E-1,-2.632141E-3,-6.9999695E-4,7.042061E-1,2.8503418E-3,2.07901E-4,8.051555E-4],"split_indices":[0,0,0,0,0,0,0,0,0,0,0,0,0,0,0],"split_type":[0,0,0,0,0,0,0,0,0,0,0,0,0,0,0],"sum_hessian":[9E0,2E0,7E0,1E0,1E0,6E0,1E0,2E0,4E0,1E0,1E0,3E0,1E0,1E0,2E0],"tree_param":{"num_deleted":"0","num_feature":"2","num_nodes":"15","size_leaf_vector":"1"}},{"base_weights":[-2.4718095E-2,-1.7000198E-1,3.2853127E-2,-2.0358086E-2,-5.142212E-3,2.4762836E-3,1.2274551E-2,-2.1102905E-2,1.612854E-2,-2.500534E-3,-6.6490175E-4,6.6223145E-3,2.707672E-3,1.9760132E-4,7.5124105E-4],"categories":[],"categories_nodes":[],"categories_segments":[],"categories_sizes":[],"default_left":[0,0,0,0,0,0,0,0,0,0,0,0,0,0,0],"id":85,"left_children":[1,3,5,-1,-1,7,-1,9,11,-1,-1,13,-1,-1,-1],"loss_changes":[8.9226805E-2,1.4767796E-3,2.1541225E-2,0E0,0E0,2.593723E-3,0E0,2.955203E-6,3.4106884E-4,0E0,0E0,1.6979902E-6,0E0,0E0,0E0],"parents":[2147483647,0,0,1,1,2,2,5,5,7,7,8,8,11,11],"right_children":[2,4,6,-1,-1,8,-1,10,12,-1,-1,14,-1,-1,-1],"split_conditions":[1.9911352E-1,9.9216625E-2,1E0,-2.0358086E-2,-5.142212E-3,6.050859E-1,1.2274551E-2,2.999317E-1,9.060032E-1,-2.500534E-3,-6.6490175E-4,7.042061E-1,2.707672E-3,1.9760132E-4,7.5124105E-4],"split_indices":[0,0,0,0,0,0,0,0,0,0,0,0,0,0,0],"split_type":[0,0,0,0,0,0,0,0,0,0,0,0,0,0,0],"sum_hessian":[9E0,2E0,7E0,1E0,1E0,6E0,1E0,2E0,4E0,1E0,1E0,3E0,1E0,1E0,2E0],"tree_param":{"num_deleted":"0","num_feature":"2","num_nodes":"15","size_leaf_vector":"1"}},{"base_weights":[-2.3519134E-2,-1.6150157E-1,3.116417E-2,-1.9340133E-2,-4.885101E-3,2.2997174E-3,1.1660767E-2,-2.0047506E-2,1.5248108E-2,-2.375412E-3,-6.317139E-4,6.198883E-4,2.5722503E-3],"categories":[],"categories_nodes":[],"categories_segments":[],"categories_sizes":[],"default_left":[0,0,0,0,0,0,0,0,0,0,0,0,0],"id":86,"left_children":[1,3,5,-1,-1,7,-1,9,11,-1,-1,-1,-1],"loss_changes":[8.048642E-2,1.3327226E-3,1.9462071E-2,0E0,0E0,2.3312103E-3,0E0,2.6214402E-6,3.1447492E-4,0E0,0E0,0E0,0E0],"parents":[2147483647,0,0,1,1,2,2,5,5,7,7,8,8],"right_children":[2,4,6,-1,-1,8,-1,10,12,-1,-1,-1,-1],"split_conditions":[1.9911352E-1,9.9216625E-2,1E0,-1.9340133E-2,-4.885101E-3,6.050859E-1,1.1660767E-2,2.999317E-1,9.060032E-1,-2.375412E-3,-6.317139E-4,6.198883E-4,2.5722503E-3],"split_indices":[0,0,0,0,0,0,0,0,0,0,0,0,0],"split_type":[0,0,0,0,0,0,0,0,0,0,0,0,0],"sum_hessian":[9E0,2E0,7E0,1E0,1E0,6E0,1E0,2E0,4E0,1E0,1E0,3E0,1E0],"tree_param":{"num_deleted":"0","num_feature":"2","num_nodes":"13","size_leaf_vector":"1"}},{"base_weights":[-2.240448E-2,-1.5342712E-1,2.9529572E-2,-1.8373108E-2,-4.6409606E-3,2.0969936E-3,1.1077881E-2,-1.9045511E-2,1.4363098E-2,-2.256775E-3,-6.000519E-4,5.7353973E-3,2.4436952E-3,1.5678407E-4,6.6019694E-4],"categories":[],"categories_nodes":[],"categories_segments":[],"categories_sizes":[],"default_left":[0,0,0,0,0,0,0,0,0,0,0,0,0,0,0],"id":87,"left_children":[1,3,5,-1,-1,7,-1,9,11,-1,-1,13,-1,-1,-1],"loss_changes":[7.257601E-2,1.2022704E-3,1.7598707E-2,0E0,0E0,2.0889058E-3,0E0,2.4244655E-6,2.9441528E-4,0E0,0E0,4.0951127E-6,0E0,0E0,0E0],"parents":[2147483647,0,0,1,1,2,2,5,5,7,7,8,8,11,11],"right_children":[2,4,6,-1,-1,8,-1,10,12,-1,-1,14,-1,-1,-1],"split_conditions":[1.9911352E-1,9.9216625E-2,1E0,-1.8373108E-2,-4.6409606E-3,6.050859E-1,1.1077881E-2,2.999317E-1,9.060032E-1,-2.256775E-3,-6.000519E-4,7.042061E-1,2.4436952E-3,1.5678407E-4,6.6019694E-4],"split_indices":[0,0,0,0,0,0,0,0,0,0,0,0,0,0,0],"split_type":[0,0,0,0,0,0,0,0,0,0,0,0,0,0,0],"sum_hessian":[9E0,2E0,7E0,1E0,1E0,6E0,1E0,2E0,4E0,1E0,1E0,3E0,1E0,1E0,2E0],"tree_param":{"num_deleted":"0","num_feature":"2","num_nodes":"15","size_leaf_vector":"1"}},{"base_weights":[-2.1318054E-2,-1.4575703E-1,2.8011322E-2,-1.745453E-2,-4.4090273E-3,-5.470276E-3,8.563741E-2,-1.8091837E-2,5.3634644E-3,2.321625E-3,1.0523987E-2,-2.1438599E-3,-5.699158E-4,1.487732E-4,6.159464E-4],"categories":[],"categories_nodes":[],"categories_segments":[],"categories_sizes":[],"default_left":[0,0,0,0,0,0,0,0,0,0,0,0,0,0,0],"id":88,"left_children":[1,3,5,-1,-1,7,9,11,13,-1,-1,-1,-1,-1,-1],"loss_changes":[6.546783E-2,1.0846779E-3,1.5903769E-2,0E0,0E0,9.174673E-4,1.2275502E-3,2.2440217E-6,3.176705E-6,0E0,0E0,0E0,0E0,0E0,0E0],"parents":[2147483647,0,0,1,1,2,2,5,5,6,6,7,7,8,8],"right_children":[2,4,6,-1,-1,8,10,12,14,-1,-1,-1,-1,-1,-1],"split_conditions":[1.9911352E-1,9.9216625E-2,9.060032E-1,-1.745453E-2,-4.4090273E-3,6.050859E-1,1E0,2.999317E-1,7.042061E-1,2.321625E-3,1.0523987E-2,-2.1438599E-3,-5.699158E-4,1.487732E-4,6.159464E-4],"split_indices":[0,0,0,0,0,0,0,0,0,0,0,0,0,0,0],"split_type":[0,0,0,0,0,0,0,0,0,0,0,0,0,0,0],"sum_hessian":[9E0,2E0,7E0,1E0,1E0,5E0,2E0,2E0,3E0,1E0,1E0,1E0,1E0,1E0,2E0],"tree_param":{"num_deleted":"0","num_feature":"2","num_nodes":"15","size_leaf_vector":"1"}},{"base_weights":[-2.0282745E-2,-1.3846843E-1,2.6572227E-2,-1.6581727E-2,-4.1885376E-3,-5.2490234E-3,8.135732E-2,-1.7186483E-2,5.016327E-3,2.205658E-3,9.997941E-3,-2.036667E-3,-5.413056E-4,1.411438E-4,5.7474774E-4],"categories":[],"categories_nodes":[],"categories_segments":[],"categories_sizes":[],"default_left":[0,0,0,0,0,0,0,0,0,0,0,0,0,0,0],"id":89,"left_children":[1,3,5,-1,-1,7,9,11,13,-1,-1,-1,-1,-1,-1],"loss_changes":[5.9055284E-2,9.789839E-4,1.4373687E-2,0E0,0E0,8.214662E-4,1.1077076E-3,2.0791194E-6,2.4306573E-6,0E0,0E0,0E0,0E0,0E0,0E0],"parents":[2147483647,0,0,1,1,2,2,5,5,6,6,7,7,8,8],"right_children":[2,4,6,-1,-1,8,10,12,14,-1,-1,-1,-1,-1,-1],"split_conditions":[1.9911352E-1,9.9216625E-2,9.060032E-1,-1.6581727E-2,-4.1885376E-3,6.050859E-1,1E0,2.999317E-1,7.042061E-1,2.205658E-3,9.997941E-3,-2.036667E-3,-5.413056E-4,1.411438E-4,5.7474774E-4],"split_indices":[0,0,0,0,0,0,0,0,0,0,0,0,0,0,0],"split_type":[0,0,0,0,0,0,0,0,0,0,0,0,0,0,0],"sum_hessian":[9E0,2E0,7E0,1E0,1E0,5E0,2E0,2E0,3E0,1E0,1E0,1E0,1E0,1E0,2E0],"tree_param":{"num_deleted":"0","num_feature":"2","num_nodes":"15","size_leaf_vector":"1"}},{"base_weights":[-1.9295882E-2,-1.3154475E-1,2.5209427E-2,-1.5752602E-2,-3.9791106E-3,-5.0328574E-3,7.7290855E-2,-1.6326904E-2,4.6958923E-3,2.0954132E-3,9.498215E-3,-1.9348145E-3,-5.142212E-4,1.3427735E-4,5.3660077E-4],"categories":[],"categories_nodes":[],"categories_segments":[],"categories_sizes":[],"default_left":[0,0,0,0,0,0,0,0,0,0,0,0,0,0,0],"id":90,"left_children":[1,3,5,-1,-1,7,9,11,13,-1,-1,-1,-1,-1,-1],"loss_changes":[5.3272877E-2,8.8348985E-4,1.2989486E-2,0E0,0E0,7.359311E-4,9.997394E-4,1.8826686E-6,1.7825732E-6,0E0,0E0,0E0,0E0,0E0,0E0],"parents":[2147483647,0,0,1,1,2,2,5,5,6,6,7,7,8,8],"right_children":[2,4,6,-1,-1,8,10,12,14,-1,-1,-1,-1,-1,-1],"split_conditions":[1.9911352E-1,9.9216625E-2,9.060032E-1,-1.5752602E-2,-3.9791106E-3,6.050859E-1,1E0,2.999317E-1,7.042061E-1,2.0954132E-3,9.498215E-3,-1.9348145E-3,-5.142212E-4,1.3427735E-4,5.3660077E-4],"split_indices":[0,0,0,0,0,0,0,0,0,0,0,0,0,0,0],"split_type":[0,0,0,0,0,0,0,0,0,0,0,0,0,0,0],"sum_hessian":[9E0,2E0,7E0,1E0,1E0,5E0,2E0,2E0,3E0,1E0,1E0,1E0,1E0,1E0,2E0],"tree_param":{"num_deleted":"0","num_feature":"2","num_nodes":"15","size_leaf_vector":"1"}},{"base_weights":[-1.8357849E-2,-1.2496694E-1,2.391529E-2,-1.4965057E-2,-3.7799836E-3,-4.825592E-3,7.342529E-2,-1.5510559E-2,4.3945312E-3,1.990509E-3,9.0232855E-3,-1.8379212E-3,-4.8866274E-4,1.274109E-4,5.0099695E-4],"categories":[],"categories_nodes":[],"categories_segments":[],"categories_sizes":[],"default_left":[0,0,0,0,0,0,0,0,0,0,0,0,0,0,0],"id":91,"left_children":[1,3,5,-1,-1,7,9,11,13,-1,-1,-1,-1,-1,-1],"loss_changes":[4.805563E-2,7.980354E-4,1.1738011E-2,0E0,0E0,6.5926195E-4,9.025391E-4,1.6167178E-6,1.2984601E-6,0E0,0E0,0E0,0E0,0E0,0E0],"parents":[2147483647,0,0,1,1,2,2,5,5,6,6,7,7,8,8],"right_children":[2,4,6,-1,-1,8,10,12,14,-1,-1,-1,-1,-1,-1],"split_conditions":[1.9911352E-1,9.9216625E-2,9.060032E-1,-1.4965057E-2,-3.7799836E-3,6.050859E-1,1E0,2.999317E-1,7.042061E-1,1.990509E-3,9.0232855E-3,-1.8379212E-3,-4.8866274E-4,1.274109E-4,5.0099695E-4],"split_indices":[0,0,0,0,0,0,0,0,0,0,0,0,0,0,0],"split_type":[0,0,0,0,0,0,0,0,0,0,0,0,0,0,0],"sum_hessian":[9E0,2E0,7E0,1E0,1E0,5E0,2E0,2E0,3E0,1E0,1E0,1E0,1E0,1E0,2E0],"tree_param":{"num_deleted":"0","num_feature":"2","num_nodes":"15","size_leaf_vector":"1"}},{"base_weights":[-1.7466355E-2,-1.18719734E-1,2.2686958E-2,-1.4216805E-2,-3.591156E-3,-4.627228E-3,6.975301E-2,-1.4734904E-2,4.1103363E-4,1.8909455E-3,8.572007E-3,-1.745987E-3,-4.6424867E-4],"categories":[],"categories_nodes":[],"categories_segments":[],"categories_sizes":[],"default_left":[0,0,0,0,0,0,0,0,0,0,0,0,0],"id":92,"left_children":[1,3,5,-1,-1,7,9,11,-1,-1,-1,-1,-1],"loss_changes":[4.3349978E-2,7.196553E-4,1.060733E-2,0E0,0E0,5.904642E-4,8.145459E-4,1.4472171E-6,0E0,0E0,0E0,0E0,0E0],"parents":[2147483647,0,0,1,1,2,2,5,5,6,6,7,7],"right_children":[2,4,6,-1,-1,8,10,12,-1,-1,-1,-1,-1],"split_conditions":[1.9911352E-1,9.9216625E-2,9.060032E-1,-1.4216805E-2,-3.591156E-3,6.050859E-1,1E0,2.999317E-1,4.1103363E-4,1.8909455E-3,8.572007E-3,-1.745987E-3,-4.6424867E-4],"split_indices":[0,0,0,0,0,0,0,0,0,0,0,0,0],"split_type":[0,0,0,0,0,0,0,0,0,0,0,0,0],"sum_hessian":[9E0,2E0,7E0,1E0,1E0,5E0,2E0,2E0,3E0,1E0,1E0,1E0,1E0],"tree_param":{"num_deleted":"0","num_feature":"2","num_nodes":"13","size_leaf_vector":"1"}},{"base_weights":[-1.663437E-2,-1.127828E-1,2.1500587E-2,-1.3505936E-2,-3.4114837E-3,-4.4644675E-3,6.626383E-2,-1.39973955E-2,3.8013458E-3,1.7963409E-3,8.143234E-3,-1.6586304E-3,-4.40979E-4,1.0032654E-4,4.3996176E-4],"categories":[],"categories_nodes":[],"categories_segments":[],"categories_sizes":[],"default_left":[0,0,0,0,0,0,0,0,0,0,0,0,0,0,0],"id":93,"left_children":[1,3,5,-1,-1,7,9,11,13,-1,-1,-1,-1,-1,-1],"loss_changes":[3.9091058E-2,6.4982474E-4,9.594074E-3,0E0,0E0,5.2599335E-4,7.351339E-4,1.322187E-6,2.282064E-6,0E0,0E0,0E0,0E0,0E0,0E0],"parents":[2147483647,0,0,1,1,2,2,5,5,6,6,7,7,8,8],"right_children":[2,4,6,-1,-1,8,10,12,14,-1,-1,-1,-1,-1,-1],"split_conditions":[1.9911352E-1,9.9216625E-2,9.060032E-1,-1.3505936E-2,-3.4114837E-3,6.050859E-1,1E0,2.999317E-1,7.042061E-1,1.7963409E-3,8.143234E-3,-1.6586304E-3,-4.40979E-4,1.0032654E-4,4.3996176E-4],"split_indices":[0,0,0,0,0,0,0,0,0,0,0,0,0,0,0],"split_type":[0,0,0,0,0,0,0,0,0,0,0,0,0,0,0],"sum_hessian":[9E0,2E0,7E0,1E0,1E0,5E0,2E0,2E0,3E0,1E0,1E0,1E0,1E0,1E0,2E0],"tree_param":{"num_deleted":"0","num_feature":"2","num_nodes":"15","size_leaf_vector":"1"}},{"base_weights":[-1.5824508E-2,-1.071434E-1,2.039814E-2,-1.2830543E-2,-3.240967E-3,-4.2788186E-3,6.2952675E-2,-1.3298035E-2,3.5552979E-3,1.7066955E-3,7.736206E-3,-1.5758515E-3,-4.1885377E-4,9.536743E-5,4.1046142E-4],"categories":[],"categories_nodes":[],"categories_segments":[],"categories_sizes":[],"default_left":[0,0,0,0,0,0,0,0,0,0,0,0,0,0,0],"id":94,"left_children":[1,3,5,-1,-1,7,9,11,13,-1,-1,-1,-1,-1,-1],"loss_changes":[3.526365E-2,5.862154E-4,8.670296E-3,0E0,0E0,4.7122402E-4,6.6321995E-4,1.2360397E-6,1.8019928E-6,0E0,0E0,0E0,0E0,0E0,0E0],"parents":[2147483647,0,0,1,1,2,2,5,5,6,6,7,7,8,8],"right_children":[2,4,6,-1,-1,8,10,12,14,-1,-1,-1,-1,-1,-1],"split_conditions":[1.9911352E-1,9.9216625E-2,9.060032E-1,-1.2830543E-2,-3.240967E-3,6.050859E-1,1E0,2.999317E-1,7.042061E-1,1.7066955E-3,7.736206E-3,-1.5758515E-3,-4.1885377E-4,9.536743E-5,4.1046142E-4],"split_indices":[0,0,0,0,0,0,0,0,0,0,0,0,0,0,0],"split_type":[0,0,0,0,0,0,0,0,0,0,0,0,0,0,0],"sum_hessian":[9E0,2E0,7E0,1E0,1E0,5E0,2E0,2E0,3E0,1E0,1E0,1E0,1E0,1E0,2E0],"tree_param":{"num_deleted":"0","num_feature":"2","num_nodes":"15","size_leaf_vector":"1"}},{"base_weights":[-1.5053558E-2,-1.0178629E-1,1.9352913E-2,-1.2189102E-2,-3.0788423E-3,-4.0982566E-3,5.980428E-2,-1.2631734E-2,3.326416E-3,1.6212463E-3,7.3493957E-3,-1.4968872E-3,-3.9787294E-4,9.07898E-5,3.829956E-4],"categories":[],"categories_nodes":[],"categories_segments":[],"categories_sizes":[],"default_left":[0,0,0,0,0,0,0,0,0,0,0,0,0,0,0],"id":95,"left_children":[1,3,5,-1,-1,7,9,11,13,-1,-1,-1,-1,-1,-1],"loss_changes":[3.181153E-2,5.2934885E-4,7.834149E-3,0E0,0E0,4.2216806E-4,5.9875567E-4,1.1127267E-6,1.3940735E-6,0E0,0E0,0E0,0E0,0E0,0E0],"parents":[2147483647,0,0,1,1,2,2,5,5,6,6,7,7,8,8],"right_children":[2,4,6,-1,-1,8,10,12,14,-1,-1,-1,-1,-1,-1],"split_conditions":[1.9911352E-1,9.9216625E-2,9.060032E-1,-1.2189102E-2,-3.0788423E-3,6.050859E-1,1E0,2.999317E-1,7.042061E-1,1.6212463E-3,7.3493957E-3,-1.4968872E-3,-3.9787294E-4,9.07898E-5,3.829956E-4],"split_indices":[0,0,0,0,0,0,0,0,0,0,0,0,0,0,0],"split_type":[0,0,0,0,0,0,0,0,0,0,0,0,0,0,0],"sum_hessian":[9E0,2E0,7E0,1E0,1E0,5E0,2E0,2E0,3E0,1E0,1E0,1E0,1E0,1E0,2E0],"tree_param":{"num_deleted":"0","num_feature":"2","num_nodes":"15","size_leaf_vector":"1"}},{"base_weights":[-1.4319229E-2,-9.669622E-2,1.8362045E-2,-1.15797045E-2,-2.9247284E-3,-3.9253235E-3,5.68161E-2,-1.2001038E-3,3.112793E-3,1.5403748E-3,6.9820406E-3,8.621216E-5,3.5756428E-4],"categories":[],"categories_nodes":[],"categories_segments":[],"categories_sizes":[],"default_left":[0,0,0,0,0,0,0,0,0,0,0,0,0],"id":96,"left_children":[1,3,5,-1,-1,7,9,-1,11,-1,-1,-1,-1],"loss_changes":[2.8697388E-2,4.7824346E-4,7.0793387E-3,0E0,0E0,3.7838361E-4,5.401205E-4,0E0,1.0842523E-6,0E0,0E0,0E0,0E0],"parents":[2147483647,0,0,1,1,2,2,5,5,6,6,8,8],"right_children":[2,4,6,-1,-1,8,10,-1,12,-1,-1,-1,-1],"split_conditions":[1.9911352E-1,9.9216625E-2,9.060032E-1,-1.15797045E-2,-2.9247284E-3,6.050859E-1,1E0,-1.2001038E-3,7.042061E-1,1.5403748E-3,6.9820406E-3,8.621216E-5,3.5756428E-4],"split_indices":[0,0,0,0,0,0,0,0,0,0,0,0,0],"split_type":[0,0,0,0,0,0,0,0,0,0,0,0,0],"sum_hessian":[9E0,2E0,7E0,1E0,1E0,5E0,2E0,2E0,3E0,1E0,1E0,1E0,2E0],"tree_param":{"num_deleted":"0","num_feature":"2","num_nodes":"13","size_leaf_vector":"1"}},{"base_weights":[-1.3561631E-2,-9.1861725E-2,1.7496109E-2,-1.1000633E-2,-2.7786256E-3,-3.6595662E-3,5.3975422E-2,-1.1202495E-2,2.9125213E-4,1.4633179E-3,6.632996E-3,-1.3622284E-3,-3.1814576E-4],"categories":[],"categories_nodes":[],"categories_segments":[],"categories_sizes":[],"default_left":[0,0,0,0,0,0,0,0,0,0,0,0,0],"id":97,"left_children":[1,3,5,-1,-1,7,9,11,-1,-1,-1,-1,-1],"loss_changes":[2.5925463E-2,4.3120794E-4,6.3714823E-3,0E0,0E0,3.3006418E-4,4.8754644E-4,1.4888967E-5,0E0,0E0,0E0,0E0,0E0],"parents":[2147483647,0,0,1,1,2,2,5,5,6,6,7,7],"right_children":[2,4,6,-1,-1,8,10,12,-1,-1,-1,-1,-1],"split_conditions":[1.9911352E-1,9.9216625E-2,9.060032E-1,-1.1000633E-2,-2.7786256E-3,6.050859E-1,1E0,2.999317E-1,2.9125213E-4,1.4633179E-3,6.632996E-3,-1.3622284E-3,-3.1814576E-4],"split_indices":[0,0,0,0,0,0,0,0,0,0,0,0,0],"split_type":[0,0,0,0,0,0,0,0,0,0,0,0,0],"sum_hessian":[9E0,2E0,7E0,1E0,1E0,5E0,2E0,2E0,3E0,1E0,1E0,1E0,1E0],"tree_param":{"num_deleted":"0","num_feature":"2","num_nodes":"13","size_leaf_vector":"1"}},{"base_weights":[-1.2911606E-2,-8.726883E-2,1.6586304E-2,-1.0450554E-2,-2.6397705E-3,-3.5235088E-3,5.127716E-2,-1.0640462E-2,2.6950836E-3,1.3900757E-3,6.3014985E-3,-1.2939454E-3,-3.0212404E-4,1.1342367E-4,3.6888124E-4],"categories":[],"categories_nodes":[],"categories_segments":[],"categories_sizes":[],"default_left":[0,0,0,0,0,0,0,0,0,0,0,0,0,0,0],"id":98,"left_children":[1,3,5,-1,-1,7,9,11,13,-1,-1,-1,-1,-1,-1],"loss_changes":[2.3381295E-2,3.8894638E-4,5.7616886E-3,0E0,0E0,2.9422157E-4,4.4019707E-4,1.345636E-5,2.020246E-6,0E0,0E0,0E0,0E0,0E0,0E0],"parents":[2147483647,0,0,1,1,2,2,5,5,6,6,7,7,8,8],"right_children":[2,4,6,-1,-1,8,10,12,14,-1,-1,-1,-1,-1,-1],"split_conditions":[1.9911352E-1,9.9216625E-2,9.060032E-1,-1.0450554E-2,-2.6397705E-3,6.050859E-1,1E0,2.999317E-1,8.0635536E-1,1.3900757E-3,6.3014985E-3,-1.2939454E-3,-3.0212404E-4,1.1342367E-4,3.6888124E-4],"split_indices":[0,0,0,0,0,0,0,0,0,0,0,0,0,0,0],"split_type":[0,0,0,0,0,0,0,0,0,0,0,0,0,0,0],"sum_hessian":[9E0,2E0,7E0,1E0,1E0,5E0,2E0,2E0,3E0,1E0,1E0,1E0,1E0,2E0,1E0],"tree_param":{"num_deleted":"0","num_feature":"2","num_nodes":"15","size_leaf_vector":"1"}},{"base_weights":[-1.22707365E-2,-8.2904816E-2,1.5750885E-2,-9.927941E-3,-2.507782E-3,-3.355662E-3,4.8713684E-2,-1.0106404E-2,2.5463104E-3,1.3206482E-3,5.9864046E-3,-1.2290955E-3,-2.8686525E-4,1.0579428E-4,3.5057068E-4],"categories":[],"categories_nodes":[],"categories_segments":[],"categories_sizes":[],"default_left":[0,0,0,0,0,0,0,0,0,0,0,0,0,0,0],"id":99,"left_children":[1,3,5,-1,-1,7,9,11,13,-1,-1,-1,-1,-1,-1],"loss_changes":[2.1098638E-2,3.509689E-4,5.2019088E-3,0E0,0E0,2.6479026E-4,3.9716111E-4,1.2175209E-5,2.002902E-6,0E0,0E0,0E0,0E0,0E0,0E0],"parents":[2147483647,0,0,1,1,2,2,5,5,6,6,7,7,8,8],"right_children":[2,4,6,-1,-1,8,10,12,14,-1,-1,-1,-1,-1,-1],"split_conditions":[1.9911352E-1,9.9216625E-2,9.060032E-1,-9.927941E-3,-2.507782E-3,6.050859E-1,1E0,2.999317E-1,8.0635536E-1,1.3206482E-3,5.9864046E-3,-1.2290955E-3,-2.8686525E-4,1.0579428E-4,3.5057068E-4],"split_indices":[0,0,0,0,0,0,0,0,0,0,0,0,0,0,0],"split_type":[0,0,0,0,0,0,0,0,0,0,0,0,0,0,0],"sum_hessian":[9E0,2E0,7E0,1E0,1E0,5E0,2E0,2E0,3E0,1E0,1E0,1E0,1E0,2E0,1E0],"tree_param":{"num_deleted":"0","num_feature":"2","num_nodes":"15","size_leaf_vector":"1"}}]},"name":"gbtree"},"learner_model_param":{"base_score":"8.78E1","boost_from_average":"1","num_class":"0","num_feature":"2","num_target":"1"},"objective":{"name":"reg:squarederror","reg_loss_param":{"scale_pos_weight":"1"}}},"version":[2,0,1]}