{"model_name": "ExponentialRegressionTrainer_4", "model_class": "curvefit", "model_file": "ExponentialRegressionTrainer_4.json", "features": ["bpf_cpu_time_ms", "bpf_page_cache_hit", "cache_miss", "cgroupfs_cpu_usage_us", "cgroupfs_memory_usage_bytes", "cgroupfs_system_cpu_usage_us", "cgroupfs_user_cpu_usage_us", "cpu_cycles", "cpu_instructions"], "fe_files": [], "output_type": "DynPower", "mae": 29.08, "mape": 15.76, "package_mae": 29.08, "core_mae": 0.0, "uncore_mae": 0.0, "dram_mae": 2.75, "package_mape": 39.14, "core_mape": -1, "uncore_mape": -1, "dram_mape": 15.76}