{"name": "specpower", "isolator": "min", "extractor": "default", "abs_trainers": ["PolynomialRegressionTrainer", "GradientBoostingRegressorTrainer", "KNeighborsRegressorTrainer", "LinearRegressionTrainer", "SVRRegressorTrainer", "XgboostFitTrainer", "SGDRegressorTrainer", "LogarithmicRegressionTrainer", "LogisticRegressionTrainer", "ExponentialRegressionTrainer"], "dyn_trainers": ["PolynomialRegressionTrainer", "GradientBoostingRegressorTrainer", "KNeighborsRegressorTrainer", "LinearRegressionTrainer", "SVRRegressorTrainer", "XgboostFitTrainer", "SGDRegressorTrainer", "LogarithmicRegressionTrainer", "LogisticRegressionTrainer", "ExponentialRegressionTrainer"], "init_time": "2024-03-28 04:54:42", "last_update_time": "2024-03-28 04:57:09", "publisher": "sunya-ch", "collect_time": "Late 2007 to Early 2024", "export_time": "2024-03-28 09:54:01"}