{"model_name": "PolynomialRegressionTrainer_1", "model_class": "scikit", "model_file": "PolynomialRegressionTrainer_1.json", "features": ["bpf_block_irq", "bpf_cpu_time_us", "bpf_net_rx_irq", "bpf_net_tx_irq", "cache_miss", "cgroupfs_cpu_usage_us", "cgroupfs_memory_usage_bytes", "cgroupfs_system_cpu_usage_us", "cgroupfs_user_cpu_usage_us", "cpu_cycles", "cpu_instructions", "kubelet_cpu_usage", "kubelet_memory_bytes"], "fe_files": ["poly_scaler.pkl"], "output_type": "AbsPower", "mae": 19.95906085284768, "platform_mae": 19.95906085284768}