{"model_name": "GradientBoostingRegressorTrainer_0", "model_class": "scikit", "model_file": "GradientBoostingRegressorTrainer_0.json", "features": ["bpf_cpu_time_ms", "bpf_page_cache_hit", "cache_miss", "cgroupfs_cpu_usage_us", "cgroupfs_memory_usage_bytes", "cgroupfs_system_cpu_usage_us", "cgroupfs_user_cpu_usage_us", "cpu_cycles", "cpu_instructions"], "fe_files": [], "output_type": "AbsPower", "mae": 10.7, "mape": 0.99, "package_mae": 10.7, "core_mae": 0.0, "uncore_mae": 0.0, "dram_mae": 0.16, "package_mape": 3.85, "core_mape": -1, "uncore_mape": -1, "dram_mape": 0.99}