{"model_name": "SVRRegressorTrainer_0", "trainer": "SVRRegressorTrainer", "model_class": "scikit", "model_file": "SVRRegressorTrainer_0.json", "features": ["cache_miss", "cpu_cycles", "cpu_instructions"], "fe_files": [], "output_type": "AbsPower", "mae": 6.84, "mape": -1, "node_type": 0, "machine_spec": {"processor": "11th_gen_intel_core", "cores": 8, "chips": 1, "memory": 31, "frequency": 4800}, "package_mae": 6.84, "core_mae": 5.21, "uncore_mae": 1.34, "dram_mae": 0.0, "package_mape": 37.96, "core_mape": 64.62, "uncore_mape": 20071.21, "dram_mape": -1}