{"package": {"All_Weights": {"Bias_Weight": 116.16477957072419, "Categorical_Variables": {}, "Numerical_Variables": {"bpf_block_irq": {"scale": 1.5, "mean": 0, "variance": 0, "weight": 0.5694216715525473}, "bpf_cpu_time_us": {"scale": 3.5519772673454885e-05, "mean": 0, "variance": 0, "weight": 501.45035285322984}, "bpf_net_rx_irq": {"scale": 0.0008278145695364238, "mean": 0, "variance": 0, "weight": 0.0}, "bpf_net_tx_irq": {"scale": 0.6, "mean": 0, "variance": 0, "weight": 22.99027392077546}}}}, "core": {"All_Weights": {"Bias_Weight": 0.0, "Categorical_Variables": {}, "Numerical_Variables": {"bpf_block_irq": {"scale": 1.5, "mean": 0, "variance": 0, "weight": 0.0}, "bpf_cpu_time_us": {"scale": 3.5519772673454885e-05, "mean": 0, "variance": 0, "weight": 0.0}, "bpf_net_rx_irq": {"scale": 0.0008278145695364238, "mean": 0, "variance": 0, "weight": 0.0}, "bpf_net_tx_irq": {"scale": 0.6, "mean": 0, "variance": 0, "weight": 0.0}}}}, "uncore": {"All_Weights": {"Bias_Weight": 0.0, "Categorical_Variables": {}, "Numerical_Variables": {"bpf_block_irq": {"scale": 1.5, "mean": 0, "variance": 0, "weight": 0.0}, "bpf_cpu_time_us": {"scale": 3.5519772673454885e-05, "mean": 0, "variance": 0, "weight": 0.0}, "bpf_net_rx_irq": {"scale": 0.0008278145695364238, "mean": 0, "variance": 0, "weight": 0.0}, "bpf_net_tx_irq": {"scale": 0.6, "mean": 0, "variance": 0, "weight": 0.0}}}}, "dram": {"All_Weights": {"Bias_Weight": 140.77244714938982, "Categorical_Variables": {}, "Numerical_Variables": {"bpf_block_irq": {"scale": 1.5, "mean": 0, "variance": 0, "weight": 0.0}, "bpf_cpu_time_us": {"scale": 3.5519772673454885e-05, "mean": 0, "variance": 0, "weight": 48.95490895629299}, "bpf_net_rx_irq": {"scale": 0.0008278145695364238, "mean": 0, "variance": 0, "weight": 0.0}, "bpf_net_tx_irq": {"scale": 0.6, "mean": 0, "variance": 0, "weight": 0.0}}}}}