{"learner":{"attributes":{"scikit_learn":"{\"_estimator_type\": \"regressor\"}"},"feature_names":[],"feature_types":[],"gradient_booster":{"model":{"gbtree_model_param":{"num_parallel_tree":"1","num_trees":"100"},"iteration_indptr":[0,1,2,3,4,5,6,7,8,9,10,11,12,13,14,15,16,17,18,19,20,21,22,23,24,25,26,27,28,29,30,31,32,33,34,35,36,37,38,39,40,41,42,43,44,45,46,47,48,49,50,51,52,53,54,55,56,57,58,59,60,61,62,63,64,65,66,67,68,69,70,71,72,73,74,75,76,77,78,79,80,81,82,83,84,85,86,87,88,89,90,91,92,93,94,95,96,97,98,99,100],"tree_info":[0,0,0,0,0,0,0,0,0,0,0,0,0,0,0,0,0,0,0,0,0,0,0,0,0,0,0,0,0,0,0,0,0,0,0,0,0,0,0,0,0,0,0,0,0,0,0,0,0,0,0,0,0,0,0,0,0,0,0,0,0,0,0,0,0,0,0,0,0,0,0,0,0,0,0,0,0,0,0,0,0,0,0,0,0,0,0,0,0,0,0,0,0,0,0,0,0,0,0,0],"trees":[{"base_weights":[2.2888185E-6,-9.596294E0,1.1515558E1,-1.0944443E0,-1.4277764E-1,1.5722238E-1,1.3608335E0],"categories":[],"categories_nodes":[],"categories_segments":[],"categories_sizes":[],"default_left":[0,0,0,0,0,0,0],"id":0,"left_children":[1,3,5,-1,-1,-1,-1],"loss_changes":[1.2155736E3,5.044806E1,8.265057E1,0E0,0E0,0E0,0E0],"parents":[2147483647,0,0,1,1,2,2],"right_children":[2,4,6,-1,-1,-1,-1],"split_conditions":[5.0031483E-1,3.9585873E-1,7.028597E-1,-1.0944443E0,-1.4277764E-1,1.5722238E-1,1.3608335E0],"split_indices":[0,0,0,0,0,0,0],"split_type":[0,0,0,0,0,0,0],"sum_hessian":[9E0,5E0,4E0,4E0,1E0,1E0,3E0],"tree_param":{"num_deleted":"0","num_feature":"2","num_nodes":"7","size_leaf_vector":"1"}},{"base_weights":[2.808609E-2,-8.842869E0,1.0667615E1,-1.0068887E0,-1.3563882E-1,1.4936142E-1,1.2587712E0],"categories":[],"categories_nodes":[],"categories_segments":[],"categories_sizes":[],"default_left":[0,0,0,0,0,0,0],"id":1,"left_children":[1,3,5,-1,-1,-1,-1],"loss_changes":[1.03816E3,4.1414032E1,6.927362E1,0E0,0E0,0E0,0E0],"parents":[2147483647,0,0,1,1,2,2],"right_children":[2,4,6,-1,-1,-1,-1],"split_conditions":[5.0031483E-1,3.9585873E-1,7.028597E-1,-1.0068887E0,-1.3563882E-1,1.4936142E-1,1.2587712E0],"split_indices":[0,0,0,0,0,0,0],"split_type":[0,0,0,0,0,0,0],"sum_hessian":[9E0,5E0,4E0,4E0,1E0,1E0,3E0],"tree_param":{"num_deleted":"0","num_feature":"2","num_nodes":"7","size_leaf_vector":"1"}},{"base_weights":[5.1837157E-2,-8.149003E0,9.882479E0,-1.0140666E0,-2.77712E-1,1.4189339E-1,1.1643631E0],"categories":[],"categories_nodes":[],"categories_segments":[],"categories_sizes":[],"default_left":[0,0,0,0,0,0,0],"id":2,"left_children":[1,3,5,-1,-1,-1,-1],"loss_changes":[8.8672754E2,3.6031982E1,5.800641E1,0E0,0E0,0E0,0E0],"parents":[2147483647,0,0,1,1,2,2],"right_children":[2,4,6,-1,-1,-1,-1],"split_conditions":[5.0031483E-1,3.017609E-1,7.028597E-1,-1.0140666E0,-2.77712E-1,1.4189339E-1,1.1643631E0],"split_indices":[0,0,0,0,0,0,0],"split_type":[0,0,0,0,0,0,0],"sum_hessian":[9E0,5E0,4E0,3E0,2E0,1E0,3E0],"tree_param":{"num_deleted":"0","num_feature":"2","num_nodes":"7","size_leaf_vector":"1"}},{"base_weights":[4.810257E-2,-7.549399E0,9.155484E0,-8.599393E-1,-1.1497154E-1,1.3479881E-1,1.0770361E0],"categories":[],"categories_nodes":[],"categories_segments":[],"categories_sizes":[],"default_left":[0,0,0,0,0,0,0],"id":3,"left_children":[1,3,5,-1,-1,-1,-1],"loss_changes":[7.610519E2,3.0430878E1,4.85224E1,0E0,0E0,0E0,0E0],"parents":[2147483647,0,0,1,1,2,2],"right_children":[2,4,6,-1,-1,-1,-1],"split_conditions":[5.0031483E-1,3.9585873E-1,7.028597E-1,-8.599393E-1,-1.1497154E-1,1.3479881E-1,1.0770361E0],"split_indices":[0,0,0,0,0,0,0],"split_type":[0,0,0,0,0,0,0],"sum_hessian":[9E0,5E0,4E0,4E0,1E0,1E0,3E0],"tree_param":{"num_deleted":"0","num_feature":"2","num_nodes":"7","size_leaf_vector":"1"}},{"base_weights":[6.6986084E-2,-6.9569435E0,8.482305E0,-8.735159E-1,-2.2670086E-1,1.2805901E-1,9.9625856E-1],"categories":[],"categories_nodes":[],"categories_segments":[],"categories_sizes":[],"default_left":[0,0,0,0,0,0,0],"id":4,"left_children":[1,3,5,-1,-1,-1,-1],"loss_changes":[6.50097E2,3.0235596E1,4.05448E1,0E0,0E0,0E0,0E0],"parents":[2147483647,0,0,1,1,2,2],"right_children":[2,4,6,-1,-1,-1,-1],"split_conditions":[5.0031483E-1,3.017609E-1,7.028597E-1,-8.735159E-1,-2.2670086E-1,1.2805901E-1,9.9625856E-1],"split_indices":[0,0,0,0,0,0,0],"split_type":[0,0,0,0,0,0,0],"sum_hessian":[9E0,5E0,4E0,3E0,2E0,1E0,3E0],"tree_param":{"num_deleted":"0","num_feature":"2","num_nodes":"7","size_leaf_vector":"1"}},{"base_weights":[6.269531E-2,-6.4446206E0,7.8589354E0,-8.080025E-1,-2.1158753E-1,1.2165604E-1,9.2153895E-1],"categories":[],"categories_nodes":[],"categories_segments":[],"categories_sizes":[],"default_left":[0,0,0,0,0,0,0],"id":5,"left_children":[1,3,5,-1,-1,-1,-1],"loss_changes":[5.579738E2,2.5379166E1,3.3839325E1,0E0,0E0,0E0,0E0],"parents":[2147483647,0,0,1,1,2,2],"right_children":[2,4,6,-1,-1,-1,-1],"split_conditions":[5.0031483E-1,3.017609E-1,7.028597E-1,-8.080025E-1,-2.1158753E-1,1.2165604E-1,9.2153895E-1],"split_indices":[0,0,0,0,0,0,0],"split_type":[0,0,0,0,0,0,0],"sum_hessian":[9E0,5E0,4E0,3E0,2E0,1E0,3E0],"tree_param":{"num_deleted":"0","num_feature":"2","num_nodes":"7","size_leaf_vector":"1"}},{"base_weights":[5.8784485E-2,-5.970093E0,7.28168E0,-7.474026E-1,-1.974818E-1,2.5590363E-1,9.577098E-1],"categories":[],"categories_nodes":[],"categories_segments":[],"categories_sizes":[],"default_left":[0,0,0,0,0,0,0],"id":6,"left_children":[1,3,5,-1,-1,-1,-1],"loss_changes":[4.7893182E2,2.1291916E1,2.9694061E1,0E0,0E0,0E0,0E0],"parents":[2147483647,0,0,1,1,2,2],"right_children":[2,4,6,-1,-1,-1,-1],"split_conditions":[5.0031483E-1,3.017609E-1,9.156613E-1,-7.474026E-1,-1.974818E-1,2.5590363E-1,9.577098E-1],"split_indices":[0,0,0,0,0,0,0],"split_type":[0,0,0,0,0,0,0],"sum_hessian":[9E0,5E0,4E0,3E0,2E0,2E0,2E0],"tree_param":{"num_deleted":"0","num_feature":"2","num_nodes":"7","size_leaf_vector":"1"}},{"base_weights":[7.977905E-2,-5.5305634E0,6.796234E0,-6.913471E-1,-1.843165E-1,1.0277786E-1,7.9814035E-1],"categories":[],"categories_nodes":[],"categories_segments":[],"categories_sizes":[],"default_left":[0,0,0,0,0,0,0],"id":7,"left_children":[1,3,5,-1,-1,-1,-1],"loss_changes":[4.1440314E2,1.7853333E1,2.5979858E1,0E0,0E0,0E0,0E0],"parents":[2147483647,0,0,1,1,2,2],"right_children":[2,4,6,-1,-1,-1,-1],"split_conditions":[5.0031483E-1,3.017609E-1,7.028597E-1,-6.913471E-1,-1.843165E-1,1.0277786E-1,7.9814035E-1],"split_indices":[0,0,0,0,0,0,0],"split_type":[0,0,0,0,0,0,0],"sum_hessian":[9E0,5E0,4E0,3E0,2E0,1E0,3E0],"tree_param":{"num_deleted":"0","num_feature":"2","num_nodes":"7","size_leaf_vector":"1"}},{"base_weights":[7.432632E-2,-5.123451E0,6.296794E0,-5.8752674E-1,-6.821861E-2,2.0881271E-1,8.4065294E-1],"categories":[],"categories_nodes":[],"categories_segments":[],"categories_sizes":[],"default_left":[0,0,0,0,0,0,0],"id":8,"left_children":[1,3,5,-1,-1,-1,-1],"loss_changes":[3.5569135E2,1.6026047E1,2.684198E1,0E0,0E0,0E0,0E0],"parents":[2147483647,0,0,1,1,2,2],"right_children":[2,4,6,-1,-1,-1,-1],"split_conditions":[5.0031483E-1,3.9585873E-1,9.156613E-1,-5.8752674E-1,-6.821861E-2,2.0881271E-1,8.4065294E-1],"split_indices":[0,0,0,0,0,0,0],"split_type":[0,0,0,0,0,0,0],"sum_hessian":[9E0,5E0,4E0,4E0,1E0,2E0,2E0],"tree_param":{"num_deleted":"0","num_feature":"2","num_nodes":"7","size_leaf_vector":"1"}},{"base_weights":[1.0626526E-1,-4.720398E0,5.877008E0,-5.954319E-1,-1.5017039E-1,1.9489187E-1,7.846095E-1],"categories":[],"categories_nodes":[],"categories_segments":[],"categories_sizes":[],"default_left":[0,0,0,0,0,0,0],"id":9,"left_children":[1,3,5,-1,-1,-1,-1],"loss_changes":[3.0627615E2,1.4888062E1,2.338234E1,0E0,0E0,0E0,0E0],"parents":[2147483647,0,0,1,1,2,2],"right_children":[2,4,6,-1,-1,-1,-1],"split_conditions":[5.0031483E-1,3.017609E-1,9.156613E-1,-5.954319E-1,-1.5017039E-1,1.9489187E-1,7.846095E-1],"split_indices":[0,0,0,0,0,0,0],"split_type":[0,0,0,0,0,0,0],"sum_hessian":[9E0,5E0,4E0,3E0,2E0,2E0,2E0],"tree_param":{"num_deleted":"0","num_feature":"2","num_nodes":"7","size_leaf_vector":"1"}},{"base_weights":[1.1902771E-1,-4.3726273E0,5.485208E0,-6.1513317E-1,-1.9454422E0,1.8189901E-1,7.3230237E-1,-2.2119294E-1,-5.7299044E-2],"categories":[],"categories_nodes":[],"categories_segments":[],"categories_sizes":[],"default_left":[0,0,0,0,0,0,0,0,0],"id":10,"left_children":[1,3,5,-1,7,-1,-1,-1,-1],"loss_changes":[2.6501508E2,1.3936409E1,2.0368668E1,0E0,1.9554901E-1,0E0,0E0,0E0,0E0],"parents":[2147483647,0,0,1,1,2,2,4,4],"right_children":[2,4,6,-1,8,-1,-1,-1,-1],"split_conditions":[5.0031483E-1,1.99214E-1,9.156613E-1,-6.1513317E-1,3.9585873E-1,1.8189901E-1,7.3230237E-1,-2.2119294E-1,-5.7299044E-2],"split_indices":[0,0,0,0,0,0,0,0,0],"split_type":[0,0,0,0,0,0,0,0,0],"sum_hessian":[9E0,5E0,4E0,2E0,3E0,2E0,2E0,2E0,1E0],"tree_param":{"num_deleted":"0","num_feature":"2","num_nodes":"9","size_leaf_vector":"1"}},{"base_weights":[1.0918274E-1,-4.0843024E0,5.1195283E0,-5.7412416E-1,-1.8205223E0,1.6977234E-1,6.8348235E-1,-2.0644684E-1,-5.4434206E-2],"categories":[],"categories_nodes":[],"categories_segments":[],"categories_sizes":[],"default_left":[0,0,0,0,0,0,0,0,0],"id":11,"left_children":[1,3,5,-1,7,-1,-1,-1,-1],"loss_changes":[2.3101779E2,1.2053612E1,1.7743393E1,0E0,1.21500015E-1,0E0,0E0,0E0,0E0],"parents":[2147483647,0,0,1,1,2,2,4,4],"right_children":[2,4,6,-1,8,-1,-1,-1,-1],"split_conditions":[5.0031483E-1,1.99214E-1,9.156613E-1,-5.7412416E-1,3.9585873E-1,1.6977234E-1,6.8348235E-1,-2.0644684E-1,-5.4434206E-2],"split_indices":[0,0,0,0,0,0,0,0,0],"split_type":[0,0,0,0,0,0,0,0,0],"sum_hessian":[9E0,5E0,4E0,2E0,3E0,2E0,2E0,2E0,1E0],"tree_param":{"num_deleted":"0","num_feature":"2","num_nodes":"9","size_leaf_vector":"1"}},{"base_weights":[1.0009079E-1,-3.8150394E0,4.7782288E0,-5.3584903E-1,-1.7036915E0,1.5845439E-1,6.379171E-1,-1.9268392E-1,-5.171242E-2],"categories":[],"categories_nodes":[],"categories_segments":[],"categories_sizes":[],"default_left":[0,0,0,0,0,0,0,0,0],"id":12,"left_children":[1,3,5,-1,7,-1,-1,-1,-1],"loss_changes":[2.0138431E2,1.0423363E1,1.5456451E1,0E0,6.270313E-2,0E0,0E0,0E0,0E0],"parents":[2147483647,0,0,1,1,2,2,4,4],"right_children":[2,4,6,-1,8,-1,-1,-1,-1],"split_conditions":[5.0031483E-1,1.99214E-1,9.156613E-1,-5.3584903E-1,3.9585873E-1,1.5845439E-1,6.379171E-1,-1.9268392E-1,-5.171242E-2],"split_indices":[0,0,0,0,0,0,0,0,0],"split_type":[0,0,0,0,0,0,0,0,0],"sum_hessian":[9E0,5E0,4E0,2E0,3E0,2E0,2E0,2E0,1E0],"tree_param":{"num_deleted":"0","num_feature":"2","num_nodes":"9","size_leaf_vector":"1"}},{"base_weights":[9.169388E-2,-3.563577E0,4.45968E0,-5.0012565E-1,-1.5944233E0,5.1947784E-2,5.3148615E-1,-1.7983857E-1,-4.9126815E-2],"categories":[],"categories_nodes":[],"categories_segments":[],"categories_sizes":[],"default_left":[0,0,0,0,0,0,0,0,0],"id":13,"left_children":[1,3,5,-1,7,-1,-1,-1,-1],"loss_changes":[1.7555415E2,9.011948E0,1.4086975E1,0E0,1.6519547E-2,0E0,0E0,0E0,0E0],"parents":[2147483647,0,0,1,1,2,2,4,4],"right_children":[2,4,6,-1,8,-1,-1,-1,-1],"split_conditions":[5.0031483E-1,1.99214E-1,7.028597E-1,-5.0012565E-1,3.9585873E-1,5.1947784E-2,5.3148615E-1,-1.7983857E-1,-4.9126815E-2],"split_indices":[0,0,0,0,0,0,0,0,0],"split_type":[0,0,0,0,0,0,0,0,0],"sum_hessian":[9E0,5E0,4E0,2E0,3E0,1E0,3E0,2E0,1E0],"tree_param":{"num_deleted":"0","num_feature":"2","num_nodes":"9","size_leaf_vector":"1"}},{"base_weights":[6.795807E-2,-3.3287354E0,4.1303988E0,-4.6678415E-1,-1.4922218E-1,1.284429E-1,5.599569E-1],"categories":[],"categories_nodes":[],"categories_segments":[],"categories_sizes":[],"default_left":[0,0,0,0,0,0,0],"id":14,"left_children":[1,3,5,-1,-1,-1,-1],"loss_changes":[1.5173766E2,7.790268E0,1.3713821E1,0E0,0E0,0E0,0E0],"parents":[2147483647,0,0,1,1,2,2],"right_children":[2,4,6,-1,-1,-1,-1],"split_conditions":[5.0031483E-1,1.99214E-1,9.156613E-1,-4.6678415E-1,-1.4922218E-1,1.284429E-1,5.599569E-1],"split_indices":[0,0,0,0,0,0,0],"split_type":[0,0,0,0,0,0,0],"sum_hessian":[9E0,5E0,4E0,2E0,3E0,2E0,2E0],"tree_param":{"num_deleted":"0","num_feature":"2","num_nodes":"7","size_leaf_vector":"1"}},{"base_weights":[6.840134E-2,-3.0985298E0,3.8550384E0,-4.3566537E-1,-1.3803043E0,1.1988016E-1,5.226263E-1,-1.57901E-1,-3.9209366E-2],"categories":[],"categories_nodes":[],"categories_segments":[],"categories_sizes":[],"default_left":[0,0,0,0,0,0,0,0,0],"id":15,"left_children":[1,3,5,-1,7,-1,-1,-1,-1],"loss_changes":[1.3186514E2,6.956936E0,1.1946228E1,0E0,1.6633272E-1,0E0,0E0,0E0,0E0],"parents":[2147483647,0,0,1,1,2,2,4,4],"right_children":[2,4,6,-1,8,-1,-1,-1,-1],"split_conditions":[5.0031483E-1,1.99214E-1,9.156613E-1,-4.3566537E-1,3.9585873E-1,1.1988016E-1,5.226263E-1,-1.57901E-1,-3.9209366E-2],"split_indices":[0,0,0,0,0,0,0,0,0],"split_type":[0,0,0,0,0,0,0,0,0],"sum_hessian":[9E0,5E0,4E0,2E0,3E0,2E0,2E0,2E0,1E0],"tree_param":{"num_deleted":"0","num_feature":"2","num_nodes":"9","size_leaf_vector":"1"}},{"base_weights":[6.253357E-2,-2.8941395E0,3.5980346E0,-4.066208E-1,-1.2915535E0,1.11888126E-1,4.8778436E-1,-1.4737448E-1,-3.7248995E-2],"categories":[],"categories_nodes":[],"categories_segments":[],"categories_sizes":[],"default_left":[0,0,0,0,0,0,0,0,0],"id":16,"left_children":[1,3,5,-1,7,-1,-1,-1,-1],"loss_changes":[1.1494643E2,6.0183144E0,1.04064865E1,0E0,1.2082577E-1,0E0,0E0,0E0,0E0],"parents":[2147483647,0,0,1,1,2,2,4,4],"right_children":[2,4,6,-1,8,-1,-1,-1,-1],"split_conditions":[5.0031483E-1,1.99214E-1,9.156613E-1,-4.066208E-1,3.9585873E-1,1.11888126E-1,4.8778436E-1,-1.4737448E-1,-3.7248995E-2],"split_indices":[0,0,0,0,0,0,0,0,0],"split_type":[0,0,0,0,0,0,0,0,0],"sum_hessian":[9E0,5E0,4E0,2E0,3E0,2E0,2E0,2E0,1E0],"tree_param":{"num_deleted":"0","num_feature":"2","num_nodes":"9","size_leaf_vector":"1"}},{"base_weights":[5.7124328E-2,-2.703265E0,3.3581665E0,-3.4269294E-1,-8.372905E-2,3.134003E-2,4.041008E0,1.2530366E-1,4.5526528E-1],"categories":[],"categories_nodes":[],"categories_segments":[],"categories_sizes":[],"default_left":[0,0,0,0,0,0,0,0,0],"id":17,"left_children":[1,3,5,-1,-1,-1,7,-1,-1],"loss_changes":[1.0019962E2,5.232704E0,9.129013E0,0E0,0E0,0E0,1.159668E-3,0E0,0E0],"parents":[2147483647,0,0,1,1,2,2,6,6],"right_children":[2,4,6,-1,-1,-1,8,-1,-1],"split_conditions":[5.0031483E-1,3.017609E-1,7.028597E-1,-3.4269294E-1,-8.372905E-2,3.134003E-2,9.156613E-1,1.2530366E-1,4.5526528E-1],"split_indices":[0,0,0,0,0,0,0,0,0],"split_type":[0,0,0,0,0,0,0,0,0],"sum_hessian":[9E0,5E0,4E0,3E0,2E0,1E0,3E0,1E0,2E0],"tree_param":{"num_deleted":"0","num_feature":"2","num_nodes":"9","size_leaf_vector":"1"}},{"base_weights":[6.995926E-2,-2.5040092E0,3.1447296E0,-3.5666656E-1,-1.0810146E0,2.977295E-2,3.7820473E-1,-1.23335265E-1,-3.1200027E-2],"categories":[],"categories_nodes":[],"categories_segments":[],"categories_sizes":[],"default_left":[0,0,0,0,0,0,0,0,0],"id":18,"left_children":[1,3,5,-1,7,-1,-1,-1,-1],"loss_changes":[8.701805E1,5.217308E0,7.94619E0,0E0,8.379364E-2,0E0,0E0,0E0,0E0],"parents":[2147483647,0,0,1,1,2,2,4,4],"right_children":[2,4,6,-1,8,-1,-1,-1,-1],"split_conditions":[5.0031483E-1,1.99214E-1,7.028597E-1,-3.5666656E-1,3.9585873E-1,2.977295E-2,3.7820473E-1,-1.23335265E-1,-3.1200027E-2],"split_indices":[0,0,0,0,0,0,0,0,0],"split_type":[0,0,0,0,0,0,0,0,0],"sum_hessian":[9E0,5E0,4E0,2E0,3E0,1E0,3E0,2E0,1E0],"tree_param":{"num_deleted":"0","num_feature":"2","num_nodes":"9","size_leaf_vector":"1"}},{"base_weights":[5.263977E-2,-2.3388088E0,2.91185E0,-3.328888E-1,-1.0115471E0,8.5608415E-2,3.996999E-1,-1.1511282E-1,-2.9640198E-2],"categories":[],"categories_nodes":[],"categories_segments":[],"categories_sizes":[],"default_left":[0,0,0,0,0,0,0,0,0],"id":19,"left_children":[1,3,5,-1,7,-1,-1,-1,-1],"loss_changes":[7.51868E1,4.5172386E0,7.732292E0,0E0,5.8086395E-2,0E0,0E0,0E0,0E0],"parents":[2147483647,0,0,1,1,2,2,4,4],"right_children":[2,4,6,-1,8,-1,-1,-1,-1],"split_conditions":[5.0031483E-1,1.99214E-1,9.156613E-1,-3.328888E-1,3.9585873E-1,8.5608415E-2,3.996999E-1,-1.1511282E-1,-2.9640198E-2],"split_indices":[0,0,0,0,0,0,0,0,0],"split_type":[0,0,0,0,0,0,0,0,0],"sum_hessian":[9E0,5E0,4E0,2E0,3E0,2E0,2E0,2E0,1E0],"tree_param":{"num_deleted":"0","num_feature":"2","num_nodes":"9","size_leaf_vector":"1"}},{"base_weights":[4.8140716E-2,-1.8038766E0,3.2771358E0,-2.5088105E0,-2.7694702E-2,9.58477E-2,3.7305298E-1,-3.1069642E-1,-1.0743866E-1,-2.8158188E-2,2.4003983E-2],"categories":[],"categories_nodes":[],"categories_segments":[],"categories_sizes":[],"default_left":[0,0,0,0,0,0,0,0,0,0,0],"id":20,"left_children":[1,3,5,7,9,-1,-1,-1,-1,-1,-1],"loss_changes":[6.57131E1,8.695152E0,6.294365E-1,9.51952E-1,2.7151397E-1,0E0,0E0,0E0,0E0,0E0,0E0],"parents":[2147483647,0,0,1,1,2,2,3,3,4,4],"right_children":[2,4,6,8,10,-1,-1,-1,-1,-1,-1],"split_conditions":[7.028597E-1,3.9585873E-1,9.156613E-1,1.99214E-1,5.0031483E-1,9.58477E-2,3.7305298E-1,-3.1069642E-1,-1.0743866E-1,-2.8158188E-2,2.4003983E-2],"split_indices":[0,0,0,0,0,0,0,0,0,0,0],"split_type":[0,0,0,0,0,0,0,0,0,0,0],"sum_hessian":[9E0,6E0,3E0,4E0,2E0,1E0,2E0,2E0,2E0,1E0,1E0],"tree_param":{"num_deleted":"0","num_feature":"2","num_nodes":"11","size_leaf_vector":"1"}},{"base_weights":[4.7989655E-2,-1.683815E0,3.0666504E0,-2.3415558E0,-2.6308695E-2,9.10553E-2,3.4818318E-1,-2.8998312E-1,-1.0027619E-1,-2.6750183E-2,2.2803878E-2],"categories":[],"categories_nodes":[],"categories_segments":[],"categories_sizes":[],"default_left":[0,0,0,0,0,0,0,0,0,0,0],"id":21,"left_children":[1,3,5,7,9,-1,-1,-1,-1,-1,-1],"loss_changes":[5.7440983E1,7.5698624E0,4.1029358E-1,8.29237E-1,2.450414E-1,0E0,0E0,0E0,0E0,0E0,0E0],"parents":[2147483647,0,0,1,1,2,2,3,3,4,4],"right_children":[2,4,6,8,10,-1,-1,-1,-1,-1,-1],"split_conditions":[7.028597E-1,3.9585873E-1,9.156613E-1,1.99214E-1,5.0031483E-1,9.10553E-2,3.4818318E-1,-2.8998312E-1,-1.0027619E-1,-2.6750183E-2,2.2803878E-2],"split_indices":[0,0,0,0,0,0,0,0,0,0,0],"split_type":[0,0,0,0,0,0,0,0,0,0,0],"sum_hessian":[9E0,6E0,3E0,4E0,2E0,1E0,2E0,2E0,2E0,1E0,1E0],"tree_param":{"num_deleted":"0","num_feature":"2","num_nodes":"11","size_leaf_vector":"1"}},{"base_weights":[4.769211E-2,-1.571749E0,2.869791E0,-2.1854522E0,-2.4993896E-2,8.6502455E-2,3.249705E-1,-2.7065074E-1,-9.359131E-2,-2.5412751E-2,2.1663666E-2],"categories":[],"categories_nodes":[],"categories_segments":[],"categories_sizes":[],"default_left":[0,0,0,0,0,0,0,0,0,0,0],"id":22,"left_children":[1,3,5,7,9,-1,-1,-1,-1,-1,-1],"loss_changes":[5.021282E1,6.5901184E0,2.3548126E-1,7.223377E-1,2.2115037E-1,0E0,0E0,0E0,0E0,0E0,0E0],"parents":[2147483647,0,0,1,1,2,2,3,3,4,4],"right_children":[2,4,6,8,10,-1,-1,-1,-1,-1,-1],"split_conditions":[7.028597E-1,3.9585873E-1,9.156613E-1,1.99214E-1,5.0031483E-1,8.6502455E-2,3.249705E-1,-2.7065074E-1,-9.359131E-2,-2.5412751E-2,2.1663666E-2],"split_indices":[0,0,0,0,0,0,0,0,0,0,0],"split_type":[0,0,0,0,0,0,0,0,0,0,0],"sum_hessian":[9E0,6E0,3E0,4E0,2E0,1E0,2E0,2E0,2E0,1E0,1E0],"tree_param":{"num_deleted":"0","num_feature":"2","num_nodes":"11","size_leaf_vector":"1"}},{"base_weights":[4.727173E-2,-1.4671446E0,2.6856823E0,-2.0397553E0,-2.3745218E-2,8.2177356E-2,3.0330607E-1,-2.5260723E-1,-8.735199E-2,-2.4142075E-2,2.0580292E-2],"categories":[],"categories_nodes":[],"categories_segments":[],"categories_sizes":[],"default_left":[0,0,0,0,0,0,0,0,0,0,0],"id":23,"left_children":[1,3,5,7,9,-1,-1,-1,-1,-1,-1],"loss_changes":[4.38968E1,5.7371073E0,9.743881E-2,6.292248E-1,1.9958614E-1,0E0,0E0,0E0,0E0,0E0,0E0],"parents":[2147483647,0,0,1,1,2,2,3,3,4,4],"right_children":[2,4,6,8,10,-1,-1,-1,-1,-1,-1],"split_conditions":[7.028597E-1,3.9585873E-1,9.156613E-1,1.99214E-1,5.0031483E-1,8.2177356E-2,3.0330607E-1,-2.5260723E-1,-8.735199E-2,-2.4142075E-2,2.0580292E-2],"split_indices":[0,0,0,0,0,0,0,0,0,0,0],"split_type":[0,0,0,0,0,0,0,0,0,0,0],"sum_hessian":[9E0,6E0,3E0,4E0,2E0,1E0,2E0,2E0,2E0,1E0,1E0],"tree_param":{"num_deleted":"0","num_feature":"2","num_nodes":"11","size_leaf_vector":"1"}},{"base_weights":[4.6741486E-2,-1.662927E0,2.0889955E0,-2.357666E-1,-7.2614096E-2,1.9551087E-2,2.5134888E-1],"categories":[],"categories_nodes":[],"categories_segments":[],"categories_sizes":[],"default_left":[0,0,0,0,0,0,0],"id":24,"left_children":[1,3,5,-1,-1,-1,-1],"loss_changes":[3.8389618E1,2.192934E0,3.5274448E0,0E0,0E0,0E0,0E0],"parents":[2147483647,0,0,1,1,2,2],"right_children":[2,4,6,-1,-1,-1,-1],"split_conditions":[5.0031483E-1,1.99214E-1,7.028597E-1,-2.357666E-1,-7.2614096E-2,1.9551087E-2,2.5134888E-1],"split_indices":[0,0,0,0,0,0,0],"split_type":[0,0,0,0,0,0,0],"sum_hessian":[9E0,5E0,4E0,2E0,3E0,1E0,3E0],"tree_param":{"num_deleted":"0","num_feature":"2","num_nodes":"7","size_leaf_vector":"1"}},{"base_weights":[3.832016E-2,-1.5480309E0,1.9342773E0,-2.2004902E-1,-6.7167854E-1,5.6049604E-2,2.6632997E-1,-7.668763E-2,-1.9304276E-2],"categories":[],"categories_nodes":[],"categories_segments":[],"categories_sizes":[],"default_left":[0,0,0,0,0,0,0,0,0],"id":25,"left_children":[1,3,5,-1,7,-1,-1,-1,-1],"loss_changes":[3.3070858E1,1.9526834E0,3.5148163E0,0E0,3.422022E-2,0E0,0E0,0E0,0E0],"parents":[2147483647,0,0,1,1,2,2,4,4],"right_children":[2,4,6,-1,8,-1,-1,-1,-1],"split_conditions":[5.0031483E-1,1.99214E-1,9.156613E-1,-2.2004902E-1,3.9585873E-1,5.6049604E-2,2.6632997E-1,-7.668763E-2,-1.9304276E-2],"split_indices":[0,0,0,0,0,0,0,0,0],"split_type":[0,0,0,0,0,0,0,0,0],"sum_hessian":[9E0,5E0,4E0,2E0,3E0,2E0,2E0,2E0,1E0],"tree_param":{"num_deleted":"0","num_feature":"2","num_nodes":"9","size_leaf_vector":"1"}},{"base_weights":[3.5121918E-2,-1.1942847E0,2.177803E0,-1.6617248E0,-1.7122904E-2,6.2698364E-2,2.4857484E-1,-2.365345E-1,-8.9448355E-2,-1.8339157E-2,1.5770722E-2],"categories":[],"categories_nodes":[],"categories_segments":[],"categories_sizes":[],"default_left":[0,0,0,0,0,0,0,0,0,0,0],"id":26,"left_children":[1,3,5,7,9,-1,-1,-1,-1,-1,-1],"loss_changes":[2.8943182E1,3.8233137E0,3.517456E-1,5.8347034E-1,1.1612849E-1,0E0,0E0,0E0,0E0,0E0,0E0],"parents":[2147483647,0,0,1,1,2,2,3,3,4,4],"right_children":[2,4,6,8,10,-1,-1,-1,-1,-1,-1],"split_conditions":[7.028597E-1,3.9585873E-1,9.156613E-1,1.01500936E-1,5.0031483E-1,6.2698364E-2,2.4857484E-1,-2.365345E-1,-8.9448355E-2,-1.8339157E-2,1.5770722E-2],"split_indices":[0,0,0,0,0,0,0,0,0,0,0],"split_type":[0,0,0,0,0,0,0,0,0,0,0],"sum_hessian":[9E0,6E0,3E0,4E0,2E0,1E0,2E0,1E0,3E0,1E0,1E0],"tree_param":{"num_deleted":"0","num_feature":"2","num_nodes":"11","size_leaf_vector":"1"}},{"base_weights":[2.9880524E-2,-1.1217924E0,2.037838E0,-1.737299E0,-2.2583771E-1,5.9563447E-2,2.3200276E-1,-2.247078E-1,-8.183467E-2,-4.0099844E-2,1.49822235E-2],"categories":[],"categories_nodes":[],"categories_segments":[],"categories_sizes":[],"default_left":[0,0,0,0,0,0,0,0,0,0,0],"id":27,"left_children":[1,3,5,7,9,-1,-1,-1,-1,-1,-1],"loss_changes":[2.5411135E1,3.4679146E0,2.4600983E-1,3.4960747E-2,3.2328194E-1,0E0,0E0,0E0,0E0,0E0,0E0],"parents":[2147483647,0,0,1,1,2,2,3,3,4,4],"right_children":[2,4,6,8,10,-1,-1,-1,-1,-1,-1],"split_conditions":[7.028597E-1,3.017609E-1,9.156613E-1,1.01500936E-1,5.0031483E-1,5.9563447E-2,2.3200276E-1,-2.247078E-1,-8.183467E-2,-4.0099844E-2,1.49822235E-2],"split_indices":[0,0,0,0,0,0,0,0,0,0,0],"split_type":[0,0,0,0,0,0,0,0,0,0,0],"sum_hessian":[9E0,6E0,3E0,3E0,3E0,1E0,2E0,1E0,2E0,2E0,1E0],"tree_param":{"num_deleted":"0","num_feature":"2","num_nodes":"11","size_leaf_vector":"1"}},{"base_weights":[2.2881318E-2,-1.0569937E0,1.9069424E0,-1.6402054E0,-2.0953369E-1,5.6585312E-2,2.1653545E-1,-2.1347237E-1,-7.637914E-2,-3.7426505E-2,1.4233017E-2],"categories":[],"categories_nodes":[],"categories_segments":[],"categories_sizes":[],"default_left":[0,0,0,0,0,0,0,0,0,0,0],"id":28,"left_children":[1,3,5,7,9,-1,-1,-1,-1,-1,-1],"loss_changes":[2.2361132E1,3.1160617E0,1.6094208E-1,1.03126526E-1,2.8512126E-1,0E0,0E0,0E0,0E0,0E0,0E0],"parents":[2147483647,0,0,1,1,2,2,3,3,4,4],"right_children":[2,4,6,8,10,-1,-1,-1,-1,-1,-1],"split_conditions":[7.028597E-1,3.017609E-1,9.156613E-1,1.01500936E-1,5.0031483E-1,5.6585312E-2,2.1653545E-1,-2.1347237E-1,-7.637914E-2,-3.7426505E-2,1.4233017E-2],"split_indices":[0,0,0,0,0,0,0,0,0,0,0],"split_type":[0,0,0,0,0,0,0,0,0,0,0],"sum_hessian":[9E0,6E0,3E0,3E0,3E0,1E0,2E0,1E0,2E0,2E0,1E0],"tree_param":{"num_deleted":"0","num_feature":"2","num_nodes":"11","size_leaf_vector":"1"}},{"base_weights":[1.6600037E-2,-1.2070885E0,1.4817063E0,-2.0279884E-1,-6.373108E-1,4.485143E-1,2.020996E-1,-7.289105E-2,-1.3545609E-2,1.3521194E-2,5.375595E-2],"categories":[],"categories_nodes":[],"categories_segments":[],"categories_sizes":[],"default_left":[0,0,0,0,0,0,0,0,0,0,0],"id":29,"left_children":[1,3,5,-1,7,9,-1,-1,-1,-1,-1],"loss_changes":[1.9716887E1,1.5139246E0,1.8795052E0,0E0,1.3111329E-1,1.1009753E-2,0E0,0E0,0E0,0E0,0E0],"parents":[2147483647,0,0,1,1,2,2,4,4,5,5],"right_children":[2,4,6,-1,8,10,-1,-1,-1,-1,-1],"split_conditions":[5.0031483E-1,1.01500936E-1,9.156613E-1,-2.0279884E-1,3.9585873E-1,7.028597E-1,2.020996E-1,-7.289105E-2,-1.3545609E-2,1.3521194E-2,5.375595E-2],"split_indices":[0,0,0,0,0,0,0,0,0,0,0],"split_type":[0,0,0,0,0,0,0,0,0,0,0],"sum_hessian":[9E0,5E0,4E0,1E0,4E0,2E0,2E0,3E0,1E0,1E0,1E0],"tree_param":{"num_deleted":"0","num_feature":"2","num_nodes":"11","size_leaf_vector":"1"}},{"base_weights":[1.2953186E-2,-1.1345863E0,1.3874099E0,-1.92659E-1,-5.9086764E-1,4.2608896E-1,1.886261E-1,-6.74242E-2,-1.28685E-2,1.284523E-2,5.1068116E-2],"categories":[],"categories_nodes":[],"categories_segments":[],"categories_sizes":[],"default_left":[0,0,0,0,0,0,0,0,0,0,0],"id":30,"left_children":[1,3,5,-1,7,9,-1,-1,-1,-1,-1],"loss_changes":[1.7346571E1,1.445404E0,1.5940647E0,0E0,1.0590625E-1,9.935021E-3,0E0,0E0,0E0,0E0,0E0],"parents":[2147483647,0,0,1,1,2,2,4,4,5,5],"right_children":[2,4,6,-1,8,10,-1,-1,-1,-1,-1],"split_conditions":[5.0031483E-1,1.01500936E-1,9.156613E-1,-1.92659E-1,3.9585873E-1,7.028597E-1,1.886261E-1,-6.74242E-2,-1.28685E-2,1.284523E-2,5.1068116E-2],"split_indices":[0,0,0,0,0,0,0,0,0,0,0],"split_type":[0,0,0,0,0,0,0,0,0,0,0],"sum_hessian":[9E0,5E0,4E0,1E0,4E0,2E0,2E0,3E0,1E0,1E0,1E0],"tree_param":{"num_deleted":"0","num_feature":"2","num_nodes":"11","size_leaf_vector":"1"}},{"base_weights":[9.614563E-3,-1.0666212E0,1.2991745E0,-1.8302612E-1,-5.478409E-1,1.2202836E-2,1.562954E-1,-6.236763E-2,-1.222496E-2],"categories":[],"categories_nodes":[],"categories_segments":[],"categories_sizes":[],"default_left":[0,0,0,0,0,0,0,0,0],"id":31,"left_children":[1,3,5,-1,7,-1,-1,-1,-1],"loss_changes":[1.5264432E1,1.3742762E0,1.3618107E0,0E0,8.5130334E-2,0E0,0E0,0E0,0E0],"parents":[2147483647,0,0,1,1,2,2,4,4],"right_children":[2,4,6,-1,8,-1,-1,-1,-1],"split_conditions":[5.0031483E-1,1.01500936E-1,7.028597E-1,-1.8302612E-1,3.9585873E-1,1.2202836E-2,1.562954E-1,-6.236763E-2,-1.222496E-2],"split_indices":[0,0,0,0,0,0,0,0,0],"split_type":[0,0,0,0,0,0,0,0,0],"sum_hessian":[9E0,5E0,4E0,1E0,4E0,1E0,3E0,3E0,1E0],"tree_param":{"num_deleted":"0","num_feature":"2","num_nodes":"9","size_leaf_vector":"1"}},{"base_weights":[-2.5787353E-4,-1.002894E0,1.2029572E0,-1.7387466E-1,-5.0797427E-1,3.4861755E-2,1.656311E-1,-5.7689857E-2,-1.1613846E-2],"categories":[],"categories_nodes":[],"categories_segments":[],"categories_sizes":[],"default_left":[0,0,0,0,0,0,0,0,0],"id":32,"left_children":[1,3,5,-1,7,-1,-1,-1,-1],"loss_changes":[1.3270308E1,1.3018899E0,1.3591723E0,0E0,6.803489E-2,0E0,0E0,0E0,0E0],"parents":[2147483647,0,0,1,1,2,2,4,4],"right_children":[2,4,6,-1,8,-1,-1,-1,-1],"split_conditions":[5.0031483E-1,1.01500936E-1,9.156613E-1,-1.7387466E-1,3.9585873E-1,3.4861755E-2,1.656311E-1,-5.7689857E-2,-1.1613846E-2],"split_indices":[0,0,0,0,0,0,0,0,0],"split_type":[0,0,0,0,0,0,0,0,0],"sum_hessian":[9E0,5E0,4E0,1E0,4E0,2E0,2E0,3E0,1E0],"tree_param":{"num_deleted":"0","num_feature":"2","num_nodes":"9","size_leaf_vector":"1"}},{"base_weights":[-4.499817E-3,-9.4313306E-1,1.12276E0,-1.6518097E-1,-4.7103578E-1,3.2537842E-1,1.5458883E-1,-5.3362846E-2,-1.1033249E-2,9.84993E-3,3.8956832E-2],"categories":[],"categories_nodes":[],"categories_segments":[],"categories_sizes":[],"default_left":[0,0,0,0,0,0,0,0,0,0,0],"id":33,"left_children":[1,3,5,-1,7,9,-1,-1,-1,-1,-1],"loss_changes":[1.1639748E1,1.2293248E0,1.1839743E0,0E0,5.401039E-2,5.317867E-3,0E0,0E0,0E0,0E0,0E0],"parents":[2147483647,0,0,1,1,2,2,4,4,5,5],"right_children":[2,4,6,-1,8,10,-1,-1,-1,-1,-1],"split_conditions":[5.0031483E-1,1.01500936E-1,9.156613E-1,-1.6518097E-1,3.9585873E-1,7.028597E-1,1.5458883E-1,-5.3362846E-2,-1.1033249E-2,9.84993E-3,3.8956832E-2],"split_indices":[0,0,0,0,0,0,0,0,0,0,0],"split_type":[0,0,0,0,0,0,0,0,0,0,0],"sum_hessian":[9E0,5E0,4E0,1E0,4E0,2E0,2E0,3E0,1E0,1E0,1E0],"tree_param":{"num_deleted":"0","num_feature":"2","num_nodes":"11","size_leaf_vector":"1"}},{"base_weights":[-6.668091E-3,-8.870837E-1,1.0511643E0,-1.5692177E-1,-4.3681335E-1,3.0911002E-1,1.4428304E-1,-4.936085E-2,-1.04816435E-2,9.357452E-3,3.700905E-2],"categories":[],"categories_nodes":[],"categories_segments":[],"categories_sizes":[],"default_left":[0,0,0,0,0,0,0,0,0,0,0],"id":34,"left_children":[1,3,5,-1,7,9,-1,-1,-1,-1,-1],"loss_changes":[1.0245792E1,1.157413E0,1.007194E0,0E0,4.254073E-2,4.799336E-3,0E0,0E0,0E0,0E0,0E0],"parents":[2147483647,0,0,1,1,2,2,4,4,5,5],"right_children":[2,4,6,-1,8,10,-1,-1,-1,-1,-1],"split_conditions":[5.0031483E-1,1.01500936E-1,9.156613E-1,-1.5692177E-1,3.9585873E-1,7.028597E-1,1.4428304E-1,-4.936085E-2,-1.04816435E-2,9.357452E-3,3.700905E-2],"split_indices":[0,0,0,0,0,0,0,0,0,0,0],"split_type":[0,0,0,0,0,0,0,0,0,0,0],"sum_hessian":[9E0,5E0,4E0,1E0,4E0,2E0,2E0,3E0,1E0,1E0,1E0],"tree_param":{"num_deleted":"0","num_feature":"2","num_nodes":"11","size_leaf_vector":"1"}},{"base_weights":[-8.612824E-3,-8.345019E-1,9.8417664E-1,-1.490757E-1,-4.0509948E-1,2.936554E-1,1.3466391E-1,-4.5658685E-2,-9.957504E-3,8.889771E-3,3.515854E-2],"categories":[],"categories_nodes":[],"categories_segments":[],"categories_sizes":[],"default_left":[0,0,0,0,0,0,0,0,0,0,0],"id":35,"left_children":[1,3,5,-1,7,9,-1,-1,-1,-1,-1],"loss_changes":[9.0206375E0,1.0868802E0,8.5599136E-1,0E0,3.318864E-2,4.329711E-3,0E0,0E0,0E0,0E0,0E0],"parents":[2147483647,0,0,1,1,2,2,4,4,5,5],"right_children":[2,4,6,-1,8,10,-1,-1,-1,-1,-1],"split_conditions":[5.0031483E-1,1.01500936E-1,9.156613E-1,-1.490757E-1,3.9585873E-1,7.028597E-1,1.3466391E-1,-4.5658685E-2,-9.957504E-3,8.889771E-3,3.515854E-2],"split_indices":[0,0,0,0,0,0,0,0,0,0,0],"split_type":[0,0,0,0,0,0,0,0,0,0,0],"sum_hessian":[9E0,5E0,4E0,1E0,4E0,2E0,2E0,3E0,1E0,1E0,1E0],"tree_param":{"num_deleted":"0","num_feature":"2","num_nodes":"11","size_leaf_vector":"1"}},{"base_weights":[-1.03469845E-2,-7.8516513E-1,9.215042E-1,-1.4162178E-1,-3.7571105E-1,2.789739E-1,1.2568665E-1,-4.223404E-2,-9.459686E-3,8.445359E-3,3.3400726E-2],"categories":[],"categories_nodes":[],"categories_segments":[],"categories_sizes":[],"default_left":[0,0,0,0,0,0,0,0,0,0,0],"id":36,"left_children":[1,3,5,-1,7,9,-1,-1,-1,-1,-1],"loss_changes":[7.9436855E0,1.0182338E0,7.2676945E-1,0E0,2.558881E-2,3.9072186E-3,0E0,0E0,0E0,0E0,0E0],"parents":[2147483647,0,0,1,1,2,2,4,4,5,5],"right_children":[2,4,6,-1,8,10,-1,-1,-1,-1,-1],"split_conditions":[5.0031483E-1,1.01500936E-1,9.156613E-1,-1.4162178E-1,3.9585873E-1,7.028597E-1,1.2568665E-1,-4.223404E-2,-9.459686E-3,8.445359E-3,3.3400726E-2],"split_indices":[0,0,0,0,0,0,0,0,0,0,0],"split_type":[0,0,0,0,0,0,0,0,0,0,0],"sum_hessian":[9E0,5E0,4E0,1E0,4E0,2E0,2E0,3E0,1E0,1E0,1E0],"tree_param":{"num_deleted":"0","num_feature":"2","num_nodes":"11","size_leaf_vector":"1"}},{"base_weights":[-1.1889649E-2,-7.3886615E-1,8.628601E-1,-1.3454056E-1,-3.4847718E-1,3.8867188E-1,1.3798065E-1,-3.9066315E-2,-8.986664E-3,8.023071E-3,4.6474203E-2],"categories":[],"categories_nodes":[],"categories_segments":[],"categories_sizes":[],"default_left":[0,0,0,0,0,0,0,0,0,0,0],"id":37,"left_children":[1,3,5,-1,7,9,-1,-1,-1,-1,-1],"loss_changes":[6.9967637E0,9.5187473E-1,6.893575E-1,0E0,1.9441128E-2,5.656612E-2,0E0,0E0,0E0,0E0,0E0],"parents":[2147483647,0,0,1,1,2,2,4,4,5,5],"right_children":[2,4,6,-1,8,10,-1,-1,-1,-1,-1],"split_conditions":[5.0031483E-1,1.01500936E-1,1E0,-1.3454056E-1,3.9585873E-1,7.028597E-1,1.3798065E-1,-3.9066315E-2,-8.986664E-3,8.023071E-3,4.6474203E-2],"split_indices":[0,0,0,0,0,0,0,0,0,0,0],"split_type":[0,0,0,0,0,0,0,0,0,0,0],"sum_hessian":[9E0,5E0,4E0,1E0,4E0,3E0,1E0,3E0,1E0,1E0,2E0],"tree_param":{"num_deleted":"0","num_feature":"2","num_nodes":"11","size_leaf_vector":"1"}},{"base_weights":[-9.712982E-3,-6.954117E-1,8.1506807E-1,-1.2781373E-1,-3.2323915E-1,3.6342812E-1,1.3108139E-1,-3.6136247E-2,-8.5372925E-3,7.621765E-3,4.3375906E-2],"categories":[],"categories_nodes":[],"categories_segments":[],"categories_sizes":[],"default_left":[0,0,0,0,0,0,0,0,0,0,0],"id":38,"left_children":[1,3,5,-1,7,9,-1,-1,-1,-1,-1],"loss_changes":[6.2223206E0,8.8810277E-1,6.4310646E-1,0E0,1.4490724E-2,4.773909E-2,0E0,0E0,0E0,0E0,0E0],"parents":[2147483647,0,0,1,1,2,2,4,4,5,5],"right_children":[2,4,6,-1,8,10,-1,-1,-1,-1,-1],"split_conditions":[5.0031483E-1,1.01500936E-1,1E0,-1.2781373E-1,3.9585873E-1,7.028597E-1,1.3108139E-1,-3.6136247E-2,-8.5372925E-3,7.621765E-3,4.3375906E-2],"split_indices":[0,0,0,0,0,0,0,0,0,0,0],"split_type":[0,0,0,0,0,0,0,0,0,0,0],"sum_hessian":[9E0,5E0,4E0,1E0,4E0,3E0,1E0,3E0,1E0,1E0,2E0],"tree_param":{"num_deleted":"0","num_feature":"2","num_nodes":"11","size_leaf_vector":"1"}},{"base_weights":[-7.784271E-3,-6.546199E-1,7.699753E-1,-1.2142296E-1,-2.9985198E-1,3.398342E-1,1.2452698E-1,-3.3426285E-2,-8.110428E-3,7.240677E-3,4.048411E-2],"categories":[],"categories_nodes":[],"categories_segments":[],"categories_sizes":[],"default_left":[0,0,0,0,0,0,0,0,0,0,0],"id":39,"left_children":[1,3,5,-1,7,9,-1,-1,-1,-1,-1],"loss_changes":[5.534867E0,8.2710004E-1,5.990331E-1,0E0,1.0526359E-2,4.0225267E-2,0E0,0E0,0E0,0E0,0E0],"parents":[2147483647,0,0,1,1,2,2,4,4,5,5],"right_children":[2,4,6,-1,8,10,-1,-1,-1,-1,-1],"split_conditions":[5.0031483E-1,1.01500936E-1,1E0,-1.2142296E-1,3.9585873E-1,7.028597E-1,1.2452698E-1,-3.3426285E-2,-8.110428E-3,7.240677E-3,4.048411E-2],"split_indices":[0,0,0,0,0,0,0,0,0,0,0],"split_type":[0,0,0,0,0,0,0,0,0,0,0],"sum_hessian":[9E0,5E0,4E0,1E0,4E0,3E0,1E0,3E0,1E0,1E0,2E0],"tree_param":{"num_deleted":"0","num_feature":"2","num_nodes":"11","size_leaf_vector":"1"}},{"base_weights":[-6.0768127E-3,-6.16319E-1,7.274292E-1,-1.1535187E-1,-2.7817535E-1,3.1778336E-1,1.1830063E-1,-3.0919457E-2,-7.7049257E-3,6.8786624E-3,3.778534E-2],"categories":[],"categories_nodes":[],"categories_segments":[],"categories_sizes":[],"default_left":[0,0,0,0,0,0,0,0,0,0,0],"id":40,"left_children":[1,3,5,-1,7,9,-1,-1,-1,-1,-1],"loss_changes":[4.924492E0,7.690234E-1,5.5718637E-1,0E0,7.370651E-3,3.3837706E-2,0E0,0E0,0E0,0E0,0E0],"parents":[2147483647,0,0,1,1,2,2,4,4,5,5],"right_children":[2,4,6,-1,8,10,-1,-1,-1,-1,-1],"split_conditions":[5.0031483E-1,1.01500936E-1,1E0,-1.1535187E-1,3.9585873E-1,7.028597E-1,1.1830063E-1,-3.0919457E-2,-7.7049257E-3,6.8786624E-3,3.778534E-2],"split_indices":[0,0,0,0,0,0,0,0,0,0,0],"split_type":[0,0,0,0,0,0,0,0,0,0,0],"sum_hessian":[9E0,5E0,4E0,1E0,4E0,3E0,1E0,3E0,1E0,1E0,2E0],"tree_param":{"num_deleted":"0","num_feature":"2","num_nodes":"11","size_leaf_vector":"1"}},{"base_weights":[-4.5700073E-3,-5.8034897E-1,6.8727875E-1,-1.0958443E-1,-2.5808105E-1,2.9717064E-1,1.1238556E-1,-3.1917825E-2,-1.1095683E-2,6.5345764E-3,3.5266366E-2],"categories":[],"categories_nodes":[],"categories_segments":[],"categories_sizes":[],"default_left":[0,0,0,0,0,0,0,0,0,0,0],"id":41,"left_children":[1,3,5,-1,7,9,-1,-1,-1,-1,-1],"loss_changes":[4.382381E0,7.1394897E-1,5.175841E-1,0E0,9.529382E-3,2.8413594E-2,0E0,0E0,0E0,0E0,0E0],"parents":[2147483647,0,0,1,1,2,2,4,4,5,5],"right_children":[2,4,6,-1,8,10,-1,-1,-1,-1,-1],"split_conditions":[5.0031483E-1,1.01500936E-1,1E0,-1.0958443E-1,3.017609E-1,7.028597E-1,1.1238556E-1,-3.1917825E-2,-1.1095683E-2,6.5345764E-3,3.5266366E-2],"split_indices":[0,0,0,0,0,0,0,0,0,0,0],"split_type":[0,0,0,0,0,0,0,0,0,0,0],"sum_hessian":[9E0,5E0,4E0,1E0,4E0,3E0,1E0,2E0,2E0,1E0,2E0],"tree_param":{"num_deleted":"0","num_feature":"2","num_nodes":"11","size_leaf_vector":"1"}},{"base_weights":[-3.952789E-3,-5.477473E-1,6.493912E-1,-1.04105376E-1,-2.4087524E-1,2.7790642E-1,1.06766514E-1,-2.9789735E-2,-1.035614E-2,6.2080384E-3,3.29155E-2],"categories":[],"categories_nodes":[],"categories_segments":[],"categories_sizes":[],"default_left":[0,0,0,0,0,0,0,0,0,0,0],"id":42,"left_children":[1,3,5,-1,7,9,-1,-1,-1,-1,-1],"loss_changes":[3.908551E0,6.5752757E-1,4.80201E-1,0E0,8.2989335E-3,2.3809046E-2,0E0,0E0,0E0,0E0,0E0],"parents":[2147483647,0,0,1,1,2,2,4,4,5,5],"right_children":[2,4,6,-1,8,10,-1,-1,-1,-1,-1],"split_conditions":[5.0031483E-1,1.01500936E-1,1E0,-1.04105376E-1,3.017609E-1,7.028597E-1,1.06766514E-1,-2.9789735E-2,-1.035614E-2,6.2080384E-3,3.29155E-2],"split_indices":[0,0,0,0,0,0,0,0,0,0,0],"split_type":[0,0,0,0,0,0,0,0,0,0,0],"sum_hessian":[9E0,5E0,4E0,1E0,4E0,3E0,1E0,2E0,2E0,1E0,2E0],"tree_param":{"num_deleted":"0","num_feature":"2","num_nodes":"11","size_leaf_vector":"1"}},{"base_weights":[-3.3935546E-3,-5.170148E-1,6.1363065E-1,-9.890022E-2,-2.2481689E-1,2.5989723E-1,1.01428226E-1,-2.780355E-2,-9.665934E-3,5.897522E-3,3.0721283E-2],"categories":[],"categories_nodes":[],"categories_segments":[],"categories_sizes":[],"default_left":[0,0,0,0,0,0,0,0,0,0,0],"id":43,"left_children":[1,3,5,-1,7,9,-1,-1,-1,-1,-1],"loss_changes":[3.4864237E0,6.0513794E-1,4.4500995E-1,0E0,7.227093E-3,1.9909054E-2,0E0,0E0,0E0,0E0,0E0],"parents":[2147483647,0,0,1,1,2,2,4,4,5,5],"right_children":[2,4,6,-1,8,10,-1,-1,-1,-1,-1],"split_conditions":[5.0031483E-1,1.01500936E-1,1E0,-9.890022E-2,3.017609E-1,7.028597E-1,1.01428226E-1,-2.780355E-2,-9.665934E-3,5.897522E-3,3.0721283E-2],"split_indices":[0,0,0,0,0,0,0,0,0,0,0],"split_type":[0,0,0,0,0,0,0,0,0,0,0],"sum_hessian":[9E0,5E0,4E0,1E0,4E0,3E0,1E0,2E0,2E0,1E0,2E0],"tree_param":{"num_deleted":"0","num_feature":"2","num_nodes":"11","size_leaf_vector":"1"}},{"base_weights":[-2.8861999E-3,-4.880422E-1,5.798782E-1,-9.395523E-2,-2.0982972E-1,2.4306297E-1,9.6356966E-2,-2.5950113E-2,-9.021505E-3,5.602646E-3,2.86733E-2],"categories":[],"categories_nodes":[],"categories_segments":[],"categories_sizes":[],"default_left":[0,0,0,0,0,0,0,0,0,0,0],"id":44,"left_children":[1,3,5,-1,7,9,-1,-1,-1,-1,-1],"loss_changes":[3.1103218E0,5.565485E-1,4.1195738E-1,0E0,6.296277E-3,1.6606897E-2,0E0,0E0,0E0,0E0,0E0],"parents":[2147483647,0,0,1,1,2,2,4,4,5,5],"right_children":[2,4,6,-1,8,10,-1,-1,-1,-1,-1],"split_conditions":[5.0031483E-1,1.01500936E-1,1E0,-9.395523E-2,3.017609E-1,7.028597E-1,9.6356966E-2,-2.5950113E-2,-9.021505E-3,5.602646E-3,2.86733E-2],"split_indices":[0,0,0,0,0,0,0,0,0,0,0],"split_type":[0,0,0,0,0,0,0,0,0,0,0],"sum_hessian":[9E0,5E0,4E0,1E0,4E0,3E0,1E0,2E0,2E0,1E0,2E0],"tree_param":{"num_deleted":"0","num_feature":"2","num_nodes":"11","size_leaf_vector":"1"}},{"base_weights":[-2.4276734E-3,-4.607277E-1,5.4801786E-1,-8.9257434E-2,-1.958435E-1,2.2732735E-1,9.1539E-2,-2.4220277E-2,-8.420309E-3,5.3226473E-3,2.676188E-2],"categories":[],"categories_nodes":[],"categories_segments":[],"categories_sizes":[],"default_left":[0,0,0,0,0,0,0,0,0,0,0],"id":45,"left_children":[1,3,5,-1,7,9,-1,-1,-1,-1,-1],"loss_changes":[2.7751791E0,5.1153123E-1,3.8097072E-1,0E0,5.4836273E-3,1.3814703E-2,0E0,0E0,0E0,0E0,0E0],"parents":[2147483647,0,0,1,1,2,2,4,4,5,5],"right_children":[2,4,6,-1,8,10,-1,-1,-1,-1,-1],"split_conditions":[5.0031483E-1,1.01500936E-1,1E0,-8.9257434E-2,3.017609E-1,7.028597E-1,9.1539E-2,-2.4220277E-2,-8.420309E-3,5.3226473E-3,2.676188E-2],"split_indices":[0,0,0,0,0,0,0,0,0,0,0],"split_type":[0,0,0,0,0,0,0,0,0,0,0],"sum_hessian":[9E0,5E0,4E0,1E0,4E0,3E0,1E0,2E0,2E0,1E0,2E0],"tree_param":{"num_deleted":"0","num_feature":"2","num_nodes":"11","size_leaf_vector":"1"}},{"base_weights":[-2.0118714E-3,-4.3496957E-1,5.1793975E-1,-8.479462E-2,-1.8278503E-1,2.1261406E-1,8.6962126E-2,-2.2605387E-2,-7.858786E-3,5.056381E-3,2.497762E-2],"categories":[],"categories_nodes":[],"categories_segments":[],"categories_sizes":[],"default_left":[0,0,0,0,0,0,0,0,0,0,0],"id":46,"left_children":[1,3,5,-1,7,9,-1,-1,-1,-1,-1],"loss_changes":[2.4764585E0,4.6988595E-1,3.5199332E-1,0E0,4.777372E-3,1.1458904E-2,0E0,0E0,0E0,0E0,0E0],"parents":[2147483647,0,0,1,1,2,2,4,4,5,5],"right_children":[2,4,6,-1,8,10,-1,-1,-1,-1,-1],"split_conditions":[5.0031483E-1,1.01500936E-1,1E0,-8.479462E-2,3.017609E-1,7.028597E-1,8.6962126E-2,-2.2605387E-2,-7.858786E-3,5.056381E-3,2.497762E-2],"split_indices":[0,0,0,0,0,0,0,0,0,0,0],"split_type":[0,0,0,0,0,0,0,0,0,0,0],"sum_hessian":[9E0,5E0,4E0,1E0,4E0,3E0,1E0,2E0,2E0,1E0,2E0],"tree_param":{"num_deleted":"0","num_feature":"2","num_nodes":"11","size_leaf_vector":"1"}},{"base_weights":[-1.6372681E-3,-4.1068268E-1,4.895447E-1,-8.055496E-2,-1.7059937E-1,1.9886017E-1,8.261414E-2,-2.1098329E-2,-7.3349E-3,4.803467E-3,2.3312379E-2],"categories":[],"categories_nodes":[],"categories_segments":[],"categories_sizes":[],"default_left":[0,0,0,0,0,0,0,0,0,0,0],"id":47,"left_children":[1,3,5,-1,7,9,-1,-1,-1,-1,-1],"loss_changes":[2.2102048E0,4.3137944E-1,3.2493055E-1,0E0,4.161343E-3,9.473279E-3,0E0,0E0,0E0,0E0,0E0],"parents":[2147483647,0,0,1,1,2,2,4,4,5,5],"right_children":[2,4,6,-1,8,10,-1,-1,-1,-1,-1],"split_conditions":[5.0031483E-1,1.01500936E-1,1E0,-8.055496E-2,3.017609E-1,7.028597E-1,8.261414E-2,-2.1098329E-2,-7.3349E-3,4.803467E-3,2.3312379E-2],"split_indices":[0,0,0,0,0,0,0,0,0,0,0],"split_type":[0,0,0,0,0,0,0,0,0,0,0],"sum_hessian":[9E0,5E0,4E0,1E0,4E0,3E0,1E0,2E0,2E0,1E0,2E0],"tree_param":{"num_deleted":"0","num_feature":"2","num_nodes":"11","size_leaf_vector":"1"}},{"base_weights":[-1.3015748E-3,-3.8778177E-1,4.62735E-1,-7.652741E-2,-1.5922852E-1,1.8600082E-1,7.848358E-2,-1.7837334E-2,-4.1324617E-3,4.563141E-3,2.1758016E-2],"categories":[],"categories_nodes":[],"categories_segments":[],"categories_sizes":[],"default_left":[0,0,0,0,0,0,0,0,0,0,0],"id":48,"left_children":[1,3,5,-1,7,9,-1,-1,-1,-1,-1],"loss_changes":[1.9728496E0,3.958091E-1,2.9970133E-1,0E0,3.9150417E-3,7.8026056E-3,0E0,0E0,0E0,0E0,0E0],"parents":[2147483647,0,0,1,1,2,2,4,4,5,5],"right_children":[2,4,6,-1,8,10,-1,-1,-1,-1,-1],"split_conditions":[5.0031483E-1,1.01500936E-1,1E0,-7.652741E-2,3.9585873E-1,7.028597E-1,7.848358E-2,-1.7837334E-2,-4.1324617E-3,4.563141E-3,2.1758016E-2],"split_indices":[0,0,0,0,0,0,0,0,0,0,0],"split_type":[0,0,0,0,0,0,0,0,0,0,0],"sum_hessian":[9E0,5E0,4E0,1E0,4E0,3E0,1E0,3E0,1E0,1E0,2E0],"tree_param":{"num_deleted":"0","num_feature":"2","num_nodes":"11","size_leaf_vector":"1"}},{"base_weights":[-5.409241E-4,-3.6541876E-1,4.3742067E-1,-7.270088E-2,-1.4769897E-1,1.7398071E-1,7.4559025E-2,-1.8502807E-2,-6.1136885E-3,4.335022E-3,2.0307414E-2],"categories":[],"categories_nodes":[],"categories_segments":[],"categories_sizes":[],"default_left":[0,0,0,0,0,0,0,0,0,0,0],"id":49,"left_children":[1,3,5,-1,7,9,-1,-1,-1,-1,-1],"loss_changes":[1.7578663E0,3.6497337E-1,2.7620256E-1,0E0,4.8443824E-3,6.398648E-3,0E0,0E0,0E0,0E0,0E0],"parents":[2147483647,0,0,1,1,2,2,4,4,5,5],"right_children":[2,4,6,-1,8,10,-1,-1,-1,-1,-1],"split_conditions":[5.0031483E-1,1.01500936E-1,1E0,-7.270088E-2,3.017609E-1,7.028597E-1,7.4559025E-2,-1.8502807E-2,-6.1136885E-3,4.335022E-3,2.0307414E-2],"split_indices":[0,0,0,0,0,0,0,0,0,0,0],"split_type":[0,0,0,0,0,0,0,0,0,0,0],"sum_hessian":[9E0,5E0,4E0,1E0,4E0,3E0,1E0,2E0,2E0,1E0,2E0],"tree_param":{"num_deleted":"0","num_feature":"2","num_nodes":"11","size_leaf_vector":"1"}},{"base_weights":[-2.9907227E-4,-3.4509787E-1,4.135193E-1,-5.8469135E-2,-7.912827E-3,1.6274261E-1,7.08313E-2,4.118347E-3,1.895345E-2],"categories":[],"categories_nodes":[],"categories_segments":[],"categories_sizes":[],"default_left":[0,0,0,0,0,0,0,0,0],"id":50,"left_children":[1,3,5,-1,-1,7,-1,-1,-1],"loss_changes":[1.5695453E0,3.3608192E-1,2.5436425E-1,0E0,0E0,5.221516E-3,0E0,0E0,0E0],"parents":[2147483647,0,0,1,1,2,2,5,5],"right_children":[2,4,6,-1,-1,8,-1,-1,-1],"split_conditions":[5.0031483E-1,1.99214E-1,1E0,-5.8469135E-2,-7.912827E-3,7.028597E-1,7.08313E-2,4.118347E-3,1.895345E-2],"split_indices":[0,0,0,0,0,0,0,0,0],"split_type":[0,0,0,0,0,0,0,0,0],"sum_hessian":[9E0,5E0,4E0,2E0,3E0,3E0,1E0,1E0,2E0],"tree_param":{"num_deleted":"0","num_feature":"2","num_nodes":"9","size_leaf_vector":"1"}},{"base_weights":[2.483368E-3,-3.2165146E-1,3.9094847E-1,-6.6142276E-2,-1.2141266E-1,1.5223694E-1,6.728973E-2,-1.505661E-2,-5.178833E-3,3.9123534E-3,1.7690023E-2],"categories":[],"categories_nodes":[],"categories_segments":[],"categories_sizes":[],"default_left":[0,0,0,0,0,0,0,0,0,0,0],"id":51,"left_children":[1,3,5,-1,7,9,-1,-1,-1,-1,-1],"loss_changes":[1.3849E0,3.2790726E-1,2.340824E-1,0E0,2.351381E-3,4.238032E-3,0E0,0E0,0E0,0E0,0E0],"parents":[2147483647,0,0,1,1,2,2,4,4,5,5],"right_children":[2,4,6,-1,8,10,-1,-1,-1,-1,-1],"split_conditions":[5.0031483E-1,1.01500936E-1,1E0,-6.6142276E-2,3.017609E-1,7.028597E-1,6.728973E-2,-1.505661E-2,-5.178833E-3,3.9123534E-3,1.7690023E-2],"split_indices":[0,0,0,0,0,0,0,0,0,0,0],"split_type":[0,0,0,0,0,0,0,0,0,0,0],"sum_hessian":[9E0,5E0,4E0,1E0,4E0,3E0,1E0,2E0,2E0,1E0,2E0],"tree_param":{"num_deleted":"0","num_feature":"2","num_nodes":"11","size_leaf_vector":"1"}},{"base_weights":[2.4864196E-3,-3.038826E-1,3.6963195E-1,-6.283531E-2,-1.1331787E-1,1.424141E-1,6.392517E-2,-1.4052837E-2,-4.833476E-3,3.7166595E-3,1.6510773E-2],"categories":[],"categories_nodes":[],"categories_segments":[],"categories_sizes":[],"default_left":[0,0,0,0,0,0,0,0,0,0,0],"id":52,"left_children":[1,3,5,-1,7,9,-1,-1,-1,-1,-1],"loss_changes":[1.2371448E0,2.9979217E-1,2.1527362E-1,0E0,2.0487085E-3,3.4173056E-3,0E0,0E0,0E0,0E0,0E0],"parents":[2147483647,0,0,1,1,2,2,4,4,5,5],"right_children":[2,4,6,-1,8,10,-1,-1,-1,-1,-1],"split_conditions":[5.0031483E-1,1.01500936E-1,1E0,-6.283531E-2,3.017609E-1,7.028597E-1,6.392517E-2,-1.4052837E-2,-4.833476E-3,3.7166595E-3,1.6510773E-2],"split_indices":[0,0,0,0,0,0,0,0,0,0,0],"split_type":[0,0,0,0,0,0,0,0,0,0,0],"sum_hessian":[9E0,5E0,4E0,1E0,4E0,3E0,1E0,2E0,2E0,1E0,2E0],"tree_param":{"num_deleted":"0","num_feature":"2","num_nodes":"11","size_leaf_vector":"1"}},{"base_weights":[2.482605E-3,-2.871132E-1,3.4950104E-1,-5.9693526E-2,-1.0576172E-1,1.3323021E-1,6.0729217E-2,-1.1858368E-2,-2.7236938E-3,3.530884E-3,1.5410106E-2],"categories":[],"categories_nodes":[],"categories_segments":[],"categories_sizes":[],"default_left":[0,0,0,0,0,0,0,0,0,0,0],"id":53,"left_children":[1,3,5,-1,7,9,-1,-1,-1,-1,-1],"loss_changes":[1.1052971E0,2.739872E-1,1.9785392E-1,0E0,1.8043518E-3,2.7336702E-3,0E0,0E0,0E0,0E0,0E0],"parents":[2147483647,0,0,1,1,2,2,4,4,5,5],"right_children":[2,4,6,-1,8,10,-1,-1,-1,-1,-1],"split_conditions":[5.0031483E-1,1.01500936E-1,1E0,-5.9693526E-2,3.9585873E-1,7.028597E-1,6.0729217E-2,-1.1858368E-2,-2.7236938E-3,3.530884E-3,1.5410106E-2],"split_indices":[0,0,0,0,0,0,0,0,0,0,0],"split_type":[0,0,0,0,0,0,0,0,0,0,0],"sum_hessian":[9E0,5E0,4E0,1E0,4E0,3E0,1E0,3E0,1E0,1E0,2E0],"tree_param":{"num_deleted":"0","num_feature":"2","num_nodes":"11","size_leaf_vector":"1"}},{"base_weights":[2.772522E-3,-2.7078247E-1,3.30484E-1,-5.670891E-2,-9.810333E-2,1.2464142E-1,5.7692718E-2,-1.2325541E-2,-4.025014E-3,3.3542633E-3,1.438268E-2],"categories":[],"categories_nodes":[],"categories_segments":[],"categories_sizes":[],"default_left":[0,0,0,0,0,0,0,0,0,0,0],"id":54,"left_children":[1,3,5,-1,7,9,-1,-1,-1,-1,-1],"loss_changes":[9.8596036E-1,2.5136253E-1,1.8173349E-1,0E0,2.3145936E-3,2.1667331E-3,0E0,0E0,0E0,0E0,0E0],"parents":[2147483647,0,0,1,1,2,2,4,4,5,5],"right_children":[2,4,6,-1,8,10,-1,-1,-1,-1,-1],"split_conditions":[5.0031483E-1,1.01500936E-1,1E0,-5.670891E-2,3.017609E-1,7.028597E-1,5.7692718E-2,-1.2325541E-2,-4.025014E-3,3.3542633E-3,1.438268E-2],"split_indices":[0,0,0,0,0,0,0,0,0,0,0],"split_type":[0,0,0,0,0,0,0,0,0,0,0],"sum_hessian":[9E0,5E0,4E0,1E0,4E0,3E0,1E0,2E0,2E0,1E0,2E0],"tree_param":{"num_deleted":"0","num_feature":"2","num_nodes":"11","size_leaf_vector":"1"}},{"base_weights":[2.7328492E-3,-2.5587845E-1,3.1251985E-1,-5.3873446E-2,-9.1560364E-2,1.1660957E-1,5.4808047E-2,-1.1503601E-2,-3.7564596E-3,3.1864166E-3,1.3423665E-2],"categories":[],"categories_nodes":[],"categories_segments":[],"categories_sizes":[],"default_left":[0,0,0,0,0,0,0,0,0,0,0],"id":55,"left_children":[1,3,5,-1,7,9,-1,-1,-1,-1,-1],"loss_changes":[8.811112E-1,2.2954342E-1,1.6683227E-1,0E0,2.0166487E-3,1.6979165E-3,0E0,0E0,0E0,0E0,0E0],"parents":[2147483647,0,0,1,1,2,2,4,4,5,5],"right_children":[2,4,6,-1,8,10,-1,-1,-1,-1,-1],"split_conditions":[5.0031483E-1,1.01500936E-1,1E0,-5.3873446E-2,3.017609E-1,7.028597E-1,5.4808047E-2,-1.1503601E-2,-3.7564596E-3,3.1864166E-3,1.3423665E-2],"split_indices":[0,0,0,0,0,0,0,0,0,0,0],"split_type":[0,0,0,0,0,0,0,0,0,0,0],"sum_hessian":[9E0,5E0,4E0,1E0,4E0,3E0,1E0,2E0,2E0,1E0,2E0],"tree_param":{"num_deleted":"0","num_feature":"2","num_nodes":"11","size_leaf_vector":"1"}},{"base_weights":[2.6870728E-3,-2.4181366E-1,2.9555053E-1,-5.1179886E-2,-8.545685E-2,1.0910034E-1,5.2067567E-2,-1.247406E-2,-4.445076E-3,3.0269623E-3,1.2528737E-2],"categories":[],"categories_nodes":[],"categories_segments":[],"categories_sizes":[],"default_left":[0,0,0,0,0,0,0,0,0,0,0],"id":56,"left_children":[1,3,5,-1,7,9,-1,-1,-1,-1,-1],"loss_changes":[7.875215E-1,2.095474E-1,1.5306723E-1,0E0,2.5095493E-3,1.3117418E-3,0E0,0E0,0E0,0E0,0E0],"parents":[2147483647,0,0,1,1,2,2,4,4,5,5],"right_children":[2,4,6,-1,8,10,-1,-1,-1,-1,-1],"split_conditions":[5.0031483E-1,1.01500936E-1,1E0,-5.1179886E-2,1.99214E-1,7.028597E-1,5.2067567E-2,-1.247406E-2,-4.445076E-3,3.0269623E-3,1.2528737E-2],"split_indices":[0,0,0,0,0,0,0,0,0,0,0],"split_type":[0,0,0,0,0,0,0,0,0,0,0],"sum_hessian":[9E0,5E0,4E0,1E0,4E0,3E0,1E0,1E0,3E0,1E0,2E0],"tree_param":{"num_deleted":"0","num_feature":"2","num_nodes":"11","size_leaf_vector":"1"}},{"base_weights":[2.3719787E-3,-2.2898102E-1,2.7952117E-1,-4.8620988E-2,-8.0293275E-2,1.0207939E-1,4.9464416E-2,-1.1850357E-2,-4.111481E-3,2.8755188E-3,1.1693574E-2],"categories":[],"categories_nodes":[],"categories_segments":[],"categories_sizes":[],"default_left":[0,0,0,0,0,0,0,0,0,0,0],"id":57,"left_children":[1,3,5,-1,7,9,-1,-1,-1,-1,-1],"loss_changes":[7.0519805E-1,1.9044128E-1,1.4036602E-1,0E0,2.6128516E-3,9.94809E-4,0E0,0E0,0E0,0E0,0E0],"parents":[2147483647,0,0,1,1,2,2,4,4,5,5],"right_children":[2,4,6,-1,8,10,-1,-1,-1,-1,-1],"split_conditions":[5.0031483E-1,1.01500936E-1,1E0,-4.8620988E-2,1.99214E-1,7.028597E-1,4.9464416E-2,-1.1850357E-2,-4.111481E-3,2.8755188E-3,1.1693574E-2],"split_indices":[0,0,0,0,0,0,0,0,0,0,0],"split_type":[0,0,0,0,0,0,0,0,0,0,0],"sum_hessian":[9E0,5E0,4E0,1E0,4E0,3E0,1E0,1E0,3E0,1E0,2E0],"tree_param":{"num_deleted":"0","num_feature":"2","num_nodes":"11","size_leaf_vector":"1"}},{"base_weights":[2.079773E-3,-2.1684647E-1,2.643753E-1,-4.618988E-2,-7.545624E-2,9.55143E-2,4.699097E-2,-1.1257934E-2,-3.8030625E-3,2.7317049E-3,1.0914103E-2],"categories":[],"categories_nodes":[],"categories_segments":[],"categories_sizes":[],"default_left":[0,0,0,0,0,0,0,0,0,0,0],"id":58,"left_children":[1,3,5,-1,7,9,-1,-1,-1,-1,-1],"loss_changes":[6.315626E-1,1.730349E-1,1.286506E-1,0E0,2.6653148E-3,7.358119E-4,0E0,0E0,0E0,0E0,0E0],"parents":[2147483647,0,0,1,1,2,2,4,4,5,5],"right_children":[2,4,6,-1,8,10,-1,-1,-1,-1,-1],"split_conditions":[5.0031483E-1,1.01500936E-1,1E0,-4.618988E-2,1.99214E-1,7.028597E-1,4.699097E-2,-1.1257934E-2,-3.8030625E-3,2.7317049E-3,1.0914103E-2],"split_indices":[0,0,0,0,0,0,0,0,0,0,0],"split_type":[0,0,0,0,0,0,0,0,0,0,0],"sum_hessian":[9E0,5E0,4E0,1E0,4E0,3E0,1E0,1E0,3E0,1E0,2E0],"tree_param":{"num_deleted":"0","num_feature":"2","num_nodes":"11","size_leaf_vector":"1"}},{"base_weights":[1.8089295E-3,-2.0537186E-1,2.5006407E-1,-4.3880463E-2,-7.092438E-2,8.937454E-2,4.4641115E-2,-1.0694886E-2,-3.5181046E-3,2.5951385E-3,1.0186514E-2],"categories":[],"categories_nodes":[],"categories_segments":[],"categories_sizes":[],"default_left":[0,0,0,0,0,0,0,0,0,0,0],"id":59,"left_children":[1,3,5,-1,7,9,-1,-1,-1,-1,-1],"loss_changes":[5.6569314E-1,1.5718472E-1,1.1785677E-1,0E0,2.6756003E-3,5.252324E-4,0E0,0E0,0E0,0E0,0E0],"parents":[2147483647,0,0,1,1,2,2,4,4,5,5],"right_children":[2,4,6,-1,8,10,-1,-1,-1,-1,-1],"split_conditions":[5.0031483E-1,1.01500936E-1,1E0,-4.3880463E-2,1.99214E-1,7.028597E-1,4.4641115E-2,-1.0694886E-2,-3.5181046E-3,2.5951385E-3,1.0186514E-2],"split_indices":[0,0,0,0,0,0,0,0,0,0,0],"split_type":[0,0,0,0,0,0,0,0,0,0,0],"sum_hessian":[9E0,5E0,4E0,1E0,4E0,3E0,1E0,1E0,3E0,1E0,2E0],"tree_param":{"num_deleted":"0","num_feature":"2","num_nodes":"11","size_leaf_vector":"1"}},{"base_weights":[1.5602112E-3,-1.945165E-1,2.3654023E-1,-4.1686248E-2,-6.6674806E-2,8.3631516E-2,4.2408753E-2,-1.0160065E-2,-3.2543184E-3,2.4654388E-3,9.507243E-3],"categories":[],"categories_nodes":[],"categories_segments":[],"categories_sizes":[],"default_left":[0,0,0,0,0,0,0,0,0,0,0],"id":60,"left_children":[1,3,5,-1,7,9,-1,-1,-1,-1,-1],"loss_changes":[5.067521E-1,1.427563E-1,1.07921034E-1,0E0,2.6539695E-3,3.5505556E-4,0E0,0E0,0E0,0E0,0E0],"parents":[2147483647,0,0,1,1,2,2,4,4,5,5],"right_children":[2,4,6,-1,8,10,-1,-1,-1,-1,-1],"split_conditions":[5.0031483E-1,1.01500936E-1,1E0,-4.1686248E-2,1.99214E-1,7.028597E-1,4.2408753E-2,-1.0160065E-2,-3.2543184E-3,2.4654388E-3,9.507243E-3],"split_indices":[0,0,0,0,0,0,0,0,0,0,0],"split_type":[0,0,0,0,0,0,0,0,0,0,0],"sum_hessian":[9E0,5E0,4E0,1E0,4E0,3E0,1E0,1E0,3E0,1E0,2E0],"tree_param":{"num_deleted":"0","num_feature":"2","num_nodes":"11","size_leaf_vector":"1"}},{"base_weights":[1.334381E-3,-1.23503685E-1,3.337911E-1,-3.2835898E-1,-4.9209595E-4,9.780121E-3,4.0288545E-2,-3.96019E-2,-9.651947E-3,-3.0099868E-3,3.914897E-3],"categories":[],"categories_nodes":[],"categories_segments":[],"categories_sizes":[],"default_left":[0,0,0,0,0,0,0,0,0,0,0],"id":61,"left_children":[1,3,5,7,9,-1,-1,-1,-1,-1,-1],"loss_changes":[4.56257E-1,2.01435E-1,9.514004E-3,8.835286E-3,8.220481E-3,0E0,0E0,0E0,0E0,0E0,0E0],"parents":[2147483647,0,0,1,1,2,2,3,3,4,4],"right_children":[2,4,6,8,10,-1,-1,-1,-1,-1,-1],"split_conditions":[9.156613E-1,1.99214E-1,1E0,1.01500936E-1,5.0031483E-1,9.780121E-3,4.0288545E-2,-3.96019E-2,-9.651947E-3,-3.0099868E-3,3.914897E-3],"split_indices":[0,0,0,0,0,0,0,0,0,0,0],"split_type":[0,0,0,0,0,0,0,0,0,0,0],"sum_hessian":[9E0,7E0,2E0,2E0,5E0,1E0,1E0,1E0,1E0,3E0,2E0],"tree_param":{"num_deleted":"0","num_feature":"2","num_nodes":"11","size_leaf_vector":"1"}},{"base_weights":[1.3748169E-3,-1.1719513E-1,3.1710306E-1,-3.1194052E-1,-2.89917E-4,9.291077E-3,3.8274385E-2,-3.7621688E-2,-9.169388E-3,-2.783966E-3,3.6539715E-3],"categories":[],"categories_nodes":[],"categories_segments":[],"categories_sizes":[],"default_left":[0,0,0,0,0,0,0,0,0,0,0],"id":62,"left_children":[1,3,5,7,9,-1,-1,-1,-1,-1,-1],"loss_changes":[4.1152176E-1,1.8204355E-1,8.58742E-3,7.973194E-3,7.105135E-3,0E0,0E0,0E0,0E0,0E0,0E0],"parents":[2147483647,0,0,1,1,2,2,3,3,4,4],"right_children":[2,4,6,8,10,-1,-1,-1,-1,-1,-1],"split_conditions":[9.156613E-1,1.99214E-1,1E0,1.01500936E-1,5.0031483E-1,9.291077E-3,3.8274385E-2,-3.7621688E-2,-9.169388E-3,-2.783966E-3,3.6539715E-3],"split_indices":[0,0,0,0,0,0,0,0,0,0,0],"split_type":[0,0,0,0,0,0,0,0,0,0,0],"sum_hessian":[9E0,7E0,2E0,2E0,5E0,1E0,1E0,1E0,1E0,3E0,2E0],"tree_param":{"num_deleted":"0","num_feature":"2","num_nodes":"11","size_leaf_vector":"1"}},{"base_weights":[1.4022827E-3,-1.1121559E-1,3.0124918E-1,-2.9634348E-1,-1.15712486E-4,8.826447E-3,3.636093E-2,-3.5740662E-2,-8.710861E-3,-2.5751113E-3,3.4103394E-3],"categories":[],"categories_nodes":[],"categories_segments":[],"categories_sizes":[],"default_left":[0,0,0,0,0,0,0,0,0,0,0],"id":63,"left_children":[1,3,5,7,9,-1,-1,-1,-1,-1,-1],"loss_changes":[3.7118483E-1,1.6450723E-1,7.751465E-3,7.1963966E-3,6.1415234E-3,0E0,0E0,0E0,0E0,0E0,0E0],"parents":[2147483647,0,0,1,1,2,2,3,3,4,4],"right_children":[2,4,6,8,10,-1,-1,-1,-1,-1,-1],"split_conditions":[9.156613E-1,1.99214E-1,1E0,1.01500936E-1,5.0031483E-1,8.826447E-3,3.636093E-2,-3.5740662E-2,-8.710861E-3,-2.5751113E-3,3.4103394E-3],"split_indices":[0,0,0,0,0,0,0,0,0,0,0],"split_type":[0,0,0,0,0,0,0,0,0,0,0],"sum_hessian":[9E0,7E0,2E0,2E0,5E0,1E0,1E0,1E0,1E0,3E0,2E0],"tree_param":{"num_deleted":"0","num_feature":"2","num_nodes":"11","size_leaf_vector":"1"}},{"base_weights":[1.4213562E-3,-1.0554409E-1,2.8618875E-1,-2.8152466E-1,3.6875408E-5,8.385467E-3,3.4542847E-2,-3.3953477E-2,-8.275223E-3,-2.3817064E-3,3.1829835E-3],"categories":[],"categories_nodes":[],"categories_segments":[],"categories_sizes":[],"default_left":[0,0,0,0,0,0,0,0,0,0,0],"id":64,"left_children":[1,3,5,7,9,-1,-1,-1,-1,-1,-1],"loss_changes":[3.3480826E-1,1.4865197E-1,6.992832E-3,6.4951777E-3,5.3084167E-3,0E0,0E0,0E0,0E0,0E0,0E0],"parents":[2147483647,0,0,1,1,2,2,3,3,4,4],"right_children":[2,4,6,8,10,-1,-1,-1,-1,-1,-1],"split_conditions":[9.156613E-1,1.99214E-1,1E0,1.01500936E-1,5.0031483E-1,8.385467E-3,3.4542847E-2,-3.3953477E-2,-8.275223E-3,-2.3817064E-3,3.1829835E-3],"split_indices":[0,0,0,0,0,0,0,0,0,0,0],"split_type":[0,0,0,0,0,0,0,0,0,0,0],"sum_hessian":[9E0,7E0,2E0,2E0,5E0,1E0,1E0,1E0,1E0,3E0,2E0],"tree_param":{"num_deleted":"0","num_feature":"2","num_nodes":"11","size_leaf_vector":"1"}},{"base_weights":[1.4282226E-3,-1.0016823E-1,2.71876E-1,-2.6744843E-1,1.6657512E-4,7.965851E-3,3.2815553E-2,-3.2255936E-2,-7.861328E-3,-2.2031784E-3,2.9708862E-3],"categories":[],"categories_nodes":[],"categories_segments":[],"categories_sizes":[],"default_left":[0,0,0,0,0,0,0,0,0,0,0],"id":65,"left_children":[1,3,5,7,9,-1,-1,-1,-1,-1,-1],"loss_changes":[3.019987E-1,1.3431674E-1,6.313339E-3,5.8632046E-3,4.589281E-3,0E0,0E0,0E0,0E0,0E0,0E0],"parents":[2147483647,0,0,1,1,2,2,3,3,4,4],"right_children":[2,4,6,8,10,-1,-1,-1,-1,-1,-1],"split_conditions":[9.156613E-1,1.99214E-1,1E0,1.01500936E-1,5.0031483E-1,7.965851E-3,3.2815553E-2,-3.2255936E-2,-7.861328E-3,-2.2031784E-3,2.9708862E-3],"split_indices":[0,0,0,0,0,0,0,0,0,0,0],"split_type":[0,0,0,0,0,0,0,0,0,0,0],"sum_hessian":[9E0,7E0,2E0,2E0,5E0,1E0,1E0,1E0,1E0,3E0,2E0],"tree_param":{"num_deleted":"0","num_feature":"2","num_nodes":"11","size_leaf_vector":"1"}},{"base_weights":[1.4289856E-3,-9.506893E-2,2.5828043E-1,-2.5407663E-1,2.7974448E-4,7.5675966E-3,3.117447E-2,-3.0643081E-2,-7.4684145E-3,-2.0378113E-2,2.7730307E-3,-2.3213706E-3,-5.935669E-4],"categories":[],"categories_nodes":[],"categories_segments":[],"categories_sizes":[],"default_left":[0,0,0,0,0,0,0,0,0,0,0,0,0],"id":66,"left_children":[1,3,5,7,9,-1,-1,-1,-1,11,-1,-1,-1],"loss_changes":[2.7241075E-1,1.21360466E-1,5.696863E-3,5.2903295E-3,3.96751E-3,0E0,0E0,0E0,0E0,2.6022666E-5,0E0,0E0,0E0],"parents":[2147483647,0,0,1,1,2,2,3,3,4,4,9,9],"right_children":[2,4,6,8,10,-1,-1,-1,-1,12,-1,-1,-1],"split_conditions":[9.156613E-1,1.99214E-1,1E0,1.01500936E-1,5.0031483E-1,7.5675966E-3,3.117447E-2,-3.0643081E-2,-7.4684145E-3,3.9585873E-1,2.7730307E-3,-2.3213706E-3,-5.935669E-4],"split_indices":[0,0,0,0,0,0,0,0,0,0,0,0,0],"split_type":[0,0,0,0,0,0,0,0,0,0,0,0,0],"sum_hessian":[9E0,7E0,2E0,2E0,5E0,1E0,1E0,1E0,1E0,3E0,2E0,2E0,1E0],"tree_param":{"num_deleted":"0","num_feature":"2","num_nodes":"13","size_leaf_vector":"1"}},{"base_weights":[1.335144E-3,-9.0343475E-2,2.4536641E-1,-2.413737E-1,2.2888184E-4,7.1891784E-3,2.9615784E-2,-2.91111E-2,-7.0949555E-3,-1.9069672E-2,2.5883995E-3,-2.166748E-3,-5.6381227E-4],"categories":[],"categories_nodes":[],"categories_segments":[],"categories_sizes":[],"default_left":[0,0,0,0,0,0,0,0,0,0,0,0,0],"id":67,"left_children":[1,3,5,7,9,-1,-1,-1,-1,11,-1,-1,-1],"loss_changes":[2.4589176E-1,1.0948855E-1,5.14175E-3,4.775122E-3,3.4642383E-3,0E0,0E0,0E0,0E0,1.7406535E-5,0E0,0E0,0E0],"parents":[2147483647,0,0,1,1,2,2,3,3,4,4,9,9],"right_children":[2,4,6,8,10,-1,-1,-1,-1,12,-1,-1,-1],"split_conditions":[9.156613E-1,1.99214E-1,1E0,1.01500936E-1,5.0031483E-1,7.1891784E-3,2.9615784E-2,-2.91111E-2,-7.0949555E-3,3.9585873E-1,2.5883995E-3,-2.166748E-3,-5.6381227E-4],"split_indices":[0,0,0,0,0,0,0,0,0,0,0,0,0],"split_type":[0,0,0,0,0,0,0,0,0,0,0,0,0],"sum_hessian":[9E0,7E0,2E0,2E0,5E0,1E0,1E0,1E0,1E0,3E0,2E0,2E0,1E0],"tree_param":{"num_deleted":"0","num_feature":"2","num_nodes":"13","size_leaf_vector":"1"}},{"base_weights":[1.248169E-3,-8.585167E-2,2.3309834E-1,-2.29304E-1,1.8310547E-4,6.829834E-3,2.8134918E-2,-2.7655412E-2,-6.7401887E-3,-1.7845154E-2,2.415975E-3,-2.0222983E-3,-5.3558353E-4],"categories":[],"categories_nodes":[],"categories_segments":[],"categories_sizes":[],"default_left":[0,0,0,0,0,0,0,0,0,0,0,0,0],"id":68,"left_children":[1,3,5,7,9,-1,-1,-1,-1,11,-1,-1,-1],"loss_changes":[2.21953E-1,9.8777086E-2,4.639536E-3,4.309416E-3,3.0246773E-3,0E0,0E0,0E0,0E0,1.0478892E-5,0E0,0E0,0E0],"parents":[2147483647,0,0,1,1,2,2,3,3,4,4,9,9],"right_children":[2,4,6,8,10,-1,-1,-1,-1,12,-1,-1,-1],"split_conditions":[9.156613E-1,1.99214E-1,1E0,1.01500936E-1,5.0031483E-1,6.829834E-3,2.8134918E-2,-2.7655412E-2,-6.7401887E-3,3.9585873E-1,2.415975E-3,-2.0222983E-3,-5.3558353E-4],"split_indices":[0,0,0,0,0,0,0,0,0,0,0,0,0],"split_type":[0,0,0,0,0,0,0,0,0,0,0,0,0],"sum_hessian":[9E0,7E0,2E0,2E0,5E0,1E0,1E0,1E0,1E0,3E0,2E0,2E0,1E0],"tree_param":{"num_deleted":"0","num_feature":"2","num_nodes":"13","size_leaf_vector":"1"}},{"base_weights":[1.1642457E-3,-8.158493E-2,2.2144063E-1,-2.1783955E-1,1.3987224E-4,6.4880373E-3,2.6728058E-2,-2.6272584E-2,-6.4033507E-3,-1.6700745E-2,2.2547403E-3,-1.8875123E-3,-5.0888065E-4],"categories":[],"categories_nodes":[],"categories_segments":[],"categories_sizes":[],"default_left":[0,0,0,0,0,0,0,0,0,0,0,0,0],"id":69,"left_children":[1,3,5,7,9,-1,-1,-1,-1,11,-1,-1,-1],"loss_changes":[2.003431E-1,8.911353E-2,4.1888803E-3,3.8880855E-3,2.6406983E-3,0E0,0E0,0E0,0E0,4.943111E-6,0E0,0E0,0E0],"parents":[2147483647,0,0,1,1,2,2,3,3,4,4,9,9],"right_children":[2,4,6,8,10,-1,-1,-1,-1,12,-1,-1,-1],"split_conditions":[9.156613E-1,1.99214E-1,1E0,1.01500936E-1,5.0031483E-1,6.4880373E-3,2.6728058E-2,-2.6272584E-2,-6.4033507E-3,3.9585873E-1,2.2547403E-3,-1.8875123E-3,-5.0888065E-4],"split_indices":[0,0,0,0,0,0,0,0,0,0,0,0,0],"split_type":[0,0,0,0,0,0,0,0,0,0,0,0,0],"sum_hessian":[9E0,7E0,2E0,2E0,5E0,1E0,1E0,1E0,1E0,3E0,2E0,2E0,1E0],"tree_param":{"num_deleted":"0","num_feature":"2","num_nodes":"13","size_leaf_vector":"1"}},{"base_weights":[1.0864257E-3,-7.752991E-2,2.1036784E-1,-2.0694733E-1,1.004537E-4,6.163788E-3,2.5391389E-2,-2.4958802E-2,-6.083298E-3,-1.5630722E-3,2.1041872E-3],"categories":[],"categories_nodes":[],"categories_segments":[],"categories_sizes":[],"default_left":[0,0,0,0,0,0,0,0,0,0,0],"id":70,"left_children":[1,3,5,7,9,-1,-1,-1,-1,-1,-1],"loss_changes":[1.8083917E-1,8.039455E-2,3.7790984E-3,3.508076E-3,2.305498E-3,0E0,0E0,0E0,0E0,0E0,0E0],"parents":[2147483647,0,0,1,1,2,2,3,3,4,4],"right_children":[2,4,6,8,10,-1,-1,-1,-1,-1,-1],"split_conditions":[9.156613E-1,1.99214E-1,1E0,1.01500936E-1,5.0031483E-1,6.163788E-3,2.5391389E-2,-2.4958802E-2,-6.083298E-3,-1.5630722E-3,2.1041872E-3],"split_indices":[0,0,0,0,0,0,0,0,0,0,0],"split_type":[0,0,0,0,0,0,0,0,0,0,0],"sum_hessian":[9E0,7E0,2E0,2E0,5E0,1E0,1E0,1E0,1E0,3E0,2E0],"tree_param":{"num_deleted":"0","num_feature":"2","num_nodes":"11","size_leaf_vector":"1"}},{"base_weights":[1.082611E-3,-7.359028E-2,1.9984944E-1,-1.9660187E-1,1.8056233E-4,5.8555603E-3,2.4121856E-2,-2.3711015E-2,-5.7792664E-3,-1.4457703E-2,1.963806E-3,-1.6576132E-3,-4.0512087E-4],"categories":[],"categories_nodes":[],"categories_segments":[],"categories_sizes":[],"default_left":[0,0,0,0,0,0,0,0,0,0,0,0,0],"id":71,"left_children":[1,3,5,7,9,-1,-1,-1,-1,11,-1,-1,-1],"loss_changes":[1.6313191E-1,7.263284E-2,3.4109056E-3,3.1655356E-3,1.9928655E-3,0E0,0E0,0E0,0E0,2.1028274E-5,0E0,0E0,0E0],"parents":[2147483647,0,0,1,1,2,2,3,3,4,4,9,9],"right_children":[2,4,6,8,10,-1,-1,-1,-1,12,-1,-1,-1],"split_conditions":[9.156613E-1,1.99214E-1,1E0,1.01500936E-1,5.0031483E-1,5.8555603E-3,2.4121856E-2,-2.3711015E-2,-5.7792664E-3,3.9585873E-1,1.963806E-3,-1.6576132E-3,-4.0512087E-4],"split_indices":[0,0,0,0,0,0,0,0,0,0,0,0,0],"split_type":[0,0,0,0,0,0,0,0,0,0,0,0,0],"sum_hessian":[9E0,7E0,2E0,2E0,5E0,1E0,1E0,1E0,1E0,3E0,2E0,2E0,1E0],"tree_param":{"num_deleted":"0","num_feature":"2","num_nodes":"13","size_leaf_vector":"1"}},{"base_weights":[1.0131836E-3,-6.992912E-2,1.8985493E-1,-1.8677013E-1,1.4623006E-4,5.562592E-3,2.291565E-2,-2.2525406E-2,-5.4901126E-3,-1.3528824E-2,1.8330893E-3,-1.5472412E-3,-3.8490296E-4],"categories":[],"categories_nodes":[],"categories_segments":[],"categories_sizes":[],"default_left":[0,0,0,0,0,0,0,0,0,0,0,0,0],"id":72,"left_children":[1,3,5,7,9,-1,-1,-1,-1,11,-1,-1,-1],"loss_changes":[1.472451E-1,6.5528706E-2,3.0791834E-3,2.8578117E-3,1.7400528E-3,0E0,0E0,0E0,0E0,1.5700352E-5,0E0,0E0,0E0],"parents":[2147483647,0,0,1,1,2,2,3,3,4,4,9,9],"right_children":[2,4,6,8,10,-1,-1,-1,-1,12,-1,-1,-1],"split_conditions":[9.156613E-1,1.99214E-1,1E0,1.01500936E-1,5.0031483E-1,5.562592E-3,2.291565E-2,-2.2525406E-2,-5.4901126E-3,3.9585873E-1,1.8330893E-3,-1.5472412E-3,-3.8490296E-4],"split_indices":[0,0,0,0,0,0,0,0,0,0,0,0,0],"split_type":[0,0,0,0,0,0,0,0,0,0,0,0,0],"sum_hessian":[9E0,7E0,2E0,2E0,5E0,1E0,1E0,1E0,1E0,3E0,2E0,2E0,1E0],"tree_param":{"num_deleted":"0","num_feature":"2","num_nodes":"13","size_leaf_vector":"1"}},{"base_weights":[9.475708E-4,-6.645012E-2,1.8035889E-1,-1.7743175E-1,1.15712486E-4,5.284119E-3,2.1769715E-2,-2.1399308E-2,-5.2154544E-3,-1.2659073E-2,1.711019E-3,-1.44399E-3,-3.6582947E-4],"categories":[],"categories_nodes":[],"categories_segments":[],"categories_sizes":[],"default_left":[0,0,0,0,0,0,0,0,0,0,0,0,0],"id":73,"left_children":[1,3,5,7,9,-1,-1,-1,-1,11,-1,-1,-1],"loss_changes":[1.3290395E-1,5.9121206E-2,2.780497E-3,2.5801882E-3,1.5192039E-3,0E0,0E0,0E0,0E0,1.1289958E-5,0E0,0E0,0E0],"parents":[2147483647,0,0,1,1,2,2,3,3,4,4,9,9],"right_children":[2,4,6,8,10,-1,-1,-1,-1,12,-1,-1,-1],"split_conditions":[9.156613E-1,1.99214E-1,1E0,1.01500936E-1,5.0031483E-1,5.284119E-3,2.1769715E-2,-2.1399308E-2,-5.2154544E-3,3.9585873E-1,1.711019E-3,-1.44399E-3,-3.6582947E-4],"split_indices":[0,0,0,0,0,0,0,0,0,0,0,0,0],"split_type":[0,0,0,0,0,0,0,0,0,0,0,0,0],"sum_hessian":[9E0,7E0,2E0,2E0,5E0,1E0,1E0,1E0,1E0,3E0,2E0,2E0,1E0],"tree_param":{"num_deleted":"0","num_feature":"2","num_nodes":"13","size_leaf_vector":"1"}},{"base_weights":[8.872986E-4,-6.314373E-2,1.7134094E-1,-1.6855876E-1,8.773804E-5,5.0201416E-3,2.0681E-2,-2.0329285E-2,-4.954529E-3,-1.1846542E-2,1.5970865E-3,-1.3478597E-3,-3.4751892E-4],"categories":[],"categories_nodes":[],"categories_segments":[],"categories_sizes":[],"default_left":[0,0,0,0,0,0,0,0,0,0,0,0,0],"id":74,"left_children":[1,3,5,7,9,-1,-1,-1,-1,11,-1,-1,-1],"loss_changes":[1.1996233E-1,5.333916E-2,2.5079548E-3,2.329275E-3,1.3265217E-3,0E0,0E0,0E0,0E0,7.809373E-6,0E0,0E0,0E0],"parents":[2147483647,0,0,1,1,2,2,3,3,4,4,9,9],"right_children":[2,4,6,8,10,-1,-1,-1,-1,12,-1,-1,-1],"split_conditions":[9.156613E-1,1.99214E-1,1E0,1.01500936E-1,5.0031483E-1,5.0201416E-3,2.0681E-2,-2.0329285E-2,-4.954529E-3,3.9585873E-1,1.5970865E-3,-1.3478597E-3,-3.4751892E-4],"split_indices":[0,0,0,0,0,0,0,0,0,0,0,0,0],"split_type":[0,0,0,0,0,0,0,0,0,0,0,0,0],"sum_hessian":[9E0,7E0,2E0,2E0,5E0,1E0,1E0,1E0,1E0,3E0,2E0,2E0,1E0],"tree_param":{"num_deleted":"0","num_feature":"2","num_nodes":"13","size_leaf_vector":"1"}},{"base_weights":[8.3236693E-4,-6.000042E-2,1.6277568E-1,-1.6013081E-1,6.484985E-5,4.769135E-3,1.9647216E-2,-1.9312669E-2,-4.706955E-3,-1.1083603E-2,1.4907838E-3,-1.2578329E-3,-3.299713E-4],"categories":[],"categories_nodes":[],"categories_segments":[],"categories_sizes":[],"default_left":[0,0,0,0,0,0,0,0,0,0,0,0,0],"id":75,"left_children":[1,3,5,7,9,-1,-1,-1,-1,11,-1,-1,-1],"loss_changes":[1.0828124E-1,4.8125252E-2,2.2637919E-3,2.1012798E-3,1.1580905E-3,0E0,0E0,0E0,0E0,5.034264E-6,0E0,0E0,0E0],"parents":[2147483647,0,0,1,1,2,2,3,3,4,4,9,9],"right_children":[2,4,6,8,10,-1,-1,-1,-1,12,-1,-1,-1],"split_conditions":[9.156613E-1,1.99214E-1,1E0,1.01500936E-1,5.0031483E-1,4.769135E-3,1.9647216E-2,-1.9312669E-2,-4.706955E-3,3.9585873E-1,1.4907838E-3,-1.2578329E-3,-3.299713E-4],"split_indices":[0,0,0,0,0,0,0,0,0,0,0,0,0],"split_type":[0,0,0,0,0,0,0,0,0,0,0,0,0],"sum_hessian":[9E0,7E0,2E0,2E0,5E0,1E0,1E0,1E0,1E0,3E0,2E0,2E0,1E0],"tree_param":{"num_deleted":"0","num_feature":"2","num_nodes":"13","size_leaf_vector":"1"}},{"base_weights":[7.7819824E-4,-5.7014465E-2,1.5463257E-1,-1.5212505E-1,4.3233234E-5,4.5303344E-3,1.8664552E-2,-1.8347168E-2,-4.4715884E-3,-1.0372162E-2,1.3916016E-3,-1.1739095E-3,-3.1356813E-4],"categories":[],"categories_nodes":[],"categories_segments":[],"categories_sizes":[],"default_left":[0,0,0,0,0,0,0,0,0,0,0,0,0],"id":76,"left_children":[1,3,5,7,9,-1,-1,-1,-1,11,-1,-1,-1],"loss_changes":[9.773283E-2,4.3420903E-2,2.044186E-3,1.8966496E-3,1.0112822E-3,0E0,0E0,0E0,0E0,2.7570932E-6,0E0,0E0,0E0],"parents":[2147483647,0,0,1,1,2,2,3,3,4,4,9,9],"right_children":[2,4,6,8,10,-1,-1,-1,-1,12,-1,-1,-1],"split_conditions":[9.156613E-1,1.99214E-1,1E0,1.01500936E-1,5.0031483E-1,4.5303344E-3,1.8664552E-2,-1.8347168E-2,-4.4715884E-3,3.9585873E-1,1.3916016E-3,-1.1739095E-3,-3.1356813E-4],"split_indices":[0,0,0,0,0,0,0,0,0,0,0,0,0],"split_type":[0,0,0,0,0,0,0,0,0,0,0,0,0],"sum_hessian":[9E0,7E0,2E0,2E0,5E0,1E0,1E0,1E0,1E0,3E0,2E0,2E0,1E0],"tree_param":{"num_deleted":"0","num_feature":"2","num_nodes":"13","size_leaf_vector":"1"}},{"base_weights":[7.293701E-4,-5.417633E-2,1.4690144E-1,-1.4451854E-1,2.415975E-5,4.3037417E-3,1.7731477E-2,-1.7429734E-2,-4.248047E-3,-9.706497E-4,1.2990315E-2,3.8032533E-4,1.5682221E-3],"categories":[],"categories_nodes":[],"categories_segments":[],"categories_sizes":[],"default_left":[0,0,0,0,0,0,0,0,0,0,0,0,0],"id":77,"left_children":[1,3,5,7,9,-1,-1,-1,-1,-1,11,-1,-1],"loss_changes":[8.821538E-2,3.9176222E-2,1.8453747E-3,1.7114803E-3,8.8310573E-4,0E0,0E0,0E0,0E0,0E0,1.4548597E-5,0E0,0E0],"parents":[2147483647,0,0,1,1,2,2,3,3,4,4,10,10],"right_children":[2,4,6,8,10,-1,-1,-1,-1,-1,12,-1,-1],"split_conditions":[9.156613E-1,1.99214E-1,1E0,1.01500936E-1,5.0031483E-1,4.3037417E-3,1.7731477E-2,-1.7429734E-2,-4.248047E-3,-9.706497E-4,7.028597E-1,3.8032533E-4,1.5682221E-3],"split_indices":[0,0,0,0,0,0,0,0,0,0,0,0,0],"split_type":[0,0,0,0,0,0,0,0,0,0,0,0,0],"sum_hessian":[9E0,7E0,2E0,2E0,5E0,1E0,1E0,1E0,1E0,3E0,2E0,1E0,1E0],"tree_param":{"num_deleted":"0","num_feature":"2","num_nodes":"13","size_leaf_vector":"1"}},{"base_weights":[7.8964233E-4,-5.134678E-2,1.3955688E-1,-1.3729095E-1,1.8310547E-4,4.0885927E-3,1.6844941E-2,-1.6558075E-2,-4.0355683E-3,-8.979797E-3,1.2339274E-2,-1.0309856E-3,-2.494812E-4,3.6125185E-4,1.4896393E-3],"categories":[],"categories_nodes":[],"categories_segments":[],"categories_sizes":[],"default_left":[0,0,0,0,0,0,0,0,0,0,0,0,0,0,0],"id":78,"left_children":[1,3,5,7,9,-1,-1,-1,-1,11,13,-1,-1,-1,-1],"loss_changes":[7.951407E-2,3.5454687E-2,1.6653463E-3,1.544714E-3,7.79119E-4,0E0,0E0,0E0,0E0,8.78048E-6,1.31325505E-5,0E0,0E0,0E0,0E0],"parents":[2147483647,0,0,1,1,2,2,3,3,4,4,9,9,10,10],"right_children":[2,4,6,8,10,-1,-1,-1,-1,12,14,-1,-1,-1,-1],"split_conditions":[9.156613E-1,1.99214E-1,1E0,1.01500936E-1,5.0031483E-1,4.0885927E-3,1.6844941E-2,-1.6558075E-2,-4.0355683E-3,3.9585873E-1,7.028597E-1,-1.0309856E-3,-2.494812E-4,3.6125185E-4,1.4896393E-3],"split_indices":[0,0,0,0,0,0,0,0,0,0,0,0,0,0,0],"split_type":[0,0,0,0,0,0,0,0,0,0,0,0,0,0,0],"sum_hessian":[9E0,7E0,2E0,2E0,5E0,1E0,1E0,1E0,1E0,3E0,2E0,2E0,1E0,1E0,1E0],"tree_param":{"num_deleted":"0","num_feature":"2","num_nodes":"15","size_leaf_vector":"1"}},{"base_weights":[8.0184935E-4,-4.8714638E-2,1.3257854E-1,-1.3042705E-1,2.60671E-4,3.8841248E-3,1.6002655E-2,-1.5730286E-2,-3.8337708E-3,-8.401871E-3,1.1723836E-2,-9.62321E-4,-2.3689271E-4,3.4332275E-4,1.4152527E-3],"categories":[],"categories_nodes":[],"categories_segments":[],"categories_sizes":[],"default_left":[0,0,0,0,0,0,0,0,0,0,0,0,0,0,0],"id":79,"left_children":[1,3,5,7,9,-1,-1,-1,-1,11,13,-1,-1,-1,-1],"loss_changes":[7.17097E-2,3.204912E-2,1.5030764E-3,1.3942942E-3,6.943031E-4,0E0,0E0,0E0,0E0,6.6764187E-6,1.1817116E-5,0E0,0E0,0E0,0E0],"parents":[2147483647,0,0,1,1,2,2,3,3,4,4,9,9,10,10],"right_children":[2,4,6,8,10,-1,-1,-1,-1,12,14,-1,-1,-1,-1],"split_conditions":[9.156613E-1,1.99214E-1,1E0,1.01500936E-1,5.0031483E-1,3.8841248E-3,1.6002655E-2,-1.5730286E-2,-3.8337708E-3,3.9585873E-1,7.028597E-1,-9.62321E-4,-2.3689271E-4,3.4332275E-4,1.4152527E-3],"split_indices":[0,0,0,0,0,0,0,0,0,0,0,0,0,0,0],"split_type":[0,0,0,0,0,0,0,0,0,0,0,0,0,0,0],"sum_hessian":[9E0,7E0,2E0,2E0,5E0,1E0,1E0,1E0,1E0,3E0,2E0,2E0,1E0,1E0,1E0],"tree_param":{"num_deleted":"0","num_feature":"2","num_nodes":"15","size_leaf_vector":"1"}},{"base_weights":[8.079529E-4,-4.6219826E-2,1.2594604E-1,-1.23906456E-1,3.267924E-4,3.6895752E-3,1.5202331E-2,-1.4943696E-2,-3.642273E-3,-7.862091E-3,1.1136373E-2,-8.982341E-4,-2.2506714E-4,3.2615662E-4,1.3442993E-3],"categories":[],"categories_nodes":[],"categories_segments":[],"categories_sizes":[],"default_left":[0,0,0,0,0,0,0,0,0,0,0,0,0,0,0],"id":80,"left_children":[1,3,5,7,9,-1,-1,-1,-1,11,13,-1,-1,-1,-1],"loss_changes":[6.4670876E-2,2.896889E-2,1.3575517E-3,1.2576059E-3,6.1866554E-4,0E0,0E0,0E0,0E0,4.9284426E-6,1.0647374E-5,0E0,0E0,0E0,0E0],"parents":[2147483647,0,0,1,1,2,2,3,3,4,4,9,9,10,10],"right_children":[2,4,6,8,10,-1,-1,-1,-1,12,14,-1,-1,-1,-1],"split_conditions":[9.156613E-1,1.99214E-1,1E0,1.01500936E-1,5.0031483E-1,3.6895752E-3,1.5202331E-2,-1.4943696E-2,-3.642273E-3,3.9585873E-1,7.028597E-1,-8.982341E-4,-2.2506714E-4,3.2615662E-4,1.3442993E-3],"split_indices":[0,0,0,0,0,0,0,0,0,0,0,0,0,0,0],"split_type":[0,0,0,0,0,0,0,0,0,0,0,0,0,0,0],"sum_hessian":[9E0,7E0,2E0,2E0,5E0,1E0,1E0,1E0,1E0,3E0,2E0,2E0,1E0,1E0,1E0],"tree_param":{"num_deleted":"0","num_feature":"2","num_nodes":"15","size_leaf_vector":"1"}},{"base_weights":[8.1329345E-4,-4.3851852E-2,1.19649254E-1,-1.1771139E-1,3.86556E-4,3.5049438E-3,1.4442444E-2,-1.4196396E-2,-3.460312E-3,-7.3547363E-3,1.0579427E-2,-8.382161E-4,-2.1362305E-4,3.0975344E-4,1.2771607E-3],"categories":[],"categories_nodes":[],"categories_segments":[],"categories_sizes":[],"default_left":[0,0,0,0,0,0,0,0,0,0,0,0,0,0,0],"id":81,"left_children":[1,3,5,7,9,-1,-1,-1,-1,11,13,-1,-1,-1,-1],"loss_changes":[5.8325093E-2,2.6184928E-2,1.2259334E-3,1.1343732E-3,5.512449E-4,0E0,0E0,0E0,0E0,3.5402627E-6,9.644456E-6,0E0,0E0,0E0,0E0],"parents":[2147483647,0,0,1,1,2,2,3,3,4,4,9,9,10,10],"right_children":[2,4,6,8,10,-1,-1,-1,-1,12,14,-1,-1,-1,-1],"split_conditions":[9.156613E-1,1.99214E-1,1E0,1.01500936E-1,5.0031483E-1,3.5049438E-3,1.4442444E-2,-1.4196396E-2,-3.460312E-3,3.9585873E-1,7.028597E-1,-8.382161E-4,-2.1362305E-4,3.0975344E-4,1.2771607E-3],"split_indices":[0,0,0,0,0,0,0,0,0,0,0,0,0,0,0],"split_type":[0,0,0,0,0,0,0,0,0,0,0,0,0,0,0],"sum_hessian":[9E0,7E0,2E0,2E0,5E0,1E0,1E0,1E0,1E0,3E0,2E0,2E0,1E0,1E0,1E0],"tree_param":{"num_deleted":"0","num_feature":"2","num_nodes":"15","size_leaf_vector":"1"}},{"base_weights":[8.155823E-4,-4.160595E-2,1.1366781E-1,-1.11824036E-1,4.374186E-4,3.3294677E-3,1.3720703E-2,-1.3486481E-2,-3.2871247E-3,-6.881714E-3,1.0050456E-2,-7.822673E-4,-2.029419E-4,2.9411315E-4,1.2134552E-3],"categories":[],"categories_nodes":[],"categories_segments":[],"categories_sizes":[],"default_left":[0,0,0,0,0,0,0,0,0,0,0,0,0,0,0],"id":82,"left_children":[1,3,5,7,9,-1,-1,-1,-1,11,13,-1,-1,-1,-1],"loss_changes":[5.2602895E-2,2.3666553E-2,1.107499E-3,1.0242239E-3,4.9131893E-4,0E0,0E0,0E0,0E0,2.387751E-6,8.760224E-6,0E0,0E0,0E0,0E0],"parents":[2147483647,0,0,1,1,2,2,3,3,4,4,9,9,10,10],"right_children":[2,4,6,8,10,-1,-1,-1,-1,12,14,-1,-1,-1,-1],"split_conditions":[9.156613E-1,1.99214E-1,1E0,1.01500936E-1,5.0031483E-1,3.3294677E-3,1.3720703E-2,-1.3486481E-2,-3.2871247E-3,3.9585873E-1,7.028597E-1,-7.822673E-4,-2.029419E-4,2.9411315E-4,1.2134552E-3],"split_indices":[0,0,0,0,0,0,0,0,0,0,0,0,0,0,0],"split_type":[0,0,0,0,0,0,0,0,0,0,0,0,0,0,0],"sum_hessian":[9E0,7E0,2E0,2E0,5E0,1E0,1E0,1E0,1E0,3E0,2E0,2E0,1E0,1E0,1E0],"tree_param":{"num_deleted":"0","num_feature":"2","num_nodes":"15","size_leaf_vector":"1"}},{"base_weights":[8.155823E-4,-3.947544E-2,1.0798645E-1,-1.0623169E-1,4.8192343E-4,3.163147E-3,1.3034821E-2,-1.2812043E-2,-3.1227113E-3,-6.4373016E-3,9.546916E-3,-7.298788E-4,-1.9264221E-4,2.7923586E-4,1.1528016E-3],"categories":[],"categories_nodes":[],"categories_segments":[],"categories_sizes":[],"default_left":[0,0,0,0,0,0,0,0,0,0,0,0,0,0,0],"id":83,"left_children":[1,3,5,7,9,-1,-1,-1,-1,11,13,-1,-1,-1,-1],"loss_changes":[4.744305E-2,2.1390427E-2,9.991862E-4,9.244345E-4,4.3779274E-4,0E0,0E0,0E0,0E0,1.4836842E-6,7.95399E-6,0E0,0E0,0E0,0E0],"parents":[2147483647,0,0,1,1,2,2,3,3,4,4,9,9,10,10],"right_children":[2,4,6,8,10,-1,-1,-1,-1,12,14,-1,-1,-1,-1],"split_conditions":[9.156613E-1,1.99214E-1,1E0,1.01500936E-1,5.0031483E-1,3.163147E-3,1.3034821E-2,-1.2812043E-2,-3.1227113E-3,3.9585873E-1,7.028597E-1,-7.298788E-4,-1.9264221E-4,2.7923586E-4,1.1528016E-3],"split_indices":[0,0,0,0,0,0,0,0,0,0,0,0,0,0,0],"split_type":[0,0,0,0,0,0,0,0,0,0,0,0,0,0,0],"sum_hessian":[9E0,7E0,2E0,2E0,5E0,1E0,1E0,1E0,1E0,3E0,2E0,2E0,1E0,1E0,1E0],"tree_param":{"num_deleted":"0","num_feature":"2","num_nodes":"15","size_leaf_vector":"1"}},{"base_weights":[8.117676E-4,-3.7456512E-2,1.0258993E-1,-1.0092163E-1,5.187988E-4,3.0052185E-3,1.238327E-2,-1.2171554E-2,-2.96669E-3,-6.023407E-3,9.068807E-3,-7.957459E-4,-2.726237E-4,2.6512146E-4,1.0951996E-3],"categories":[],"categories_nodes":[],"categories_segments":[],"categories_sizes":[],"default_left":[0,0,0,0,0,0,0,0,0,0,0,0,0,0,0],"id":84,"left_children":[1,3,5,7,9,-1,-1,-1,-1,11,13,-1,-1,-1,-1],"loss_changes":[4.279141E-2,1.9333217E-2,9.0126693E-4,8.34072E-4,3.902406E-4,0E0,0E0,0E0,0E0,3.813664E-6,7.220515E-6,0E0,0E0,0E0,0E0],"parents":[2147483647,0,0,1,1,2,2,3,3,4,4,9,9,10,10],"right_children":[2,4,6,8,10,-1,-1,-1,-1,12,14,-1,-1,-1,-1],"split_conditions":[9.156613E-1,1.99214E-1,1E0,1.01500936E-1,5.0031483E-1,3.0052185E-3,1.238327E-2,-1.2171554E-2,-2.96669E-3,3.017609E-1,7.028597E-1,-7.957459E-4,-2.726237E-4,2.6512146E-4,1.0951996E-3],"split_indices":[0,0,0,0,0,0,0,0,0,0,0,0,0,0,0],"split_type":[0,0,0,0,0,0,0,0,0,0,0,0,0,0,0],"sum_hessian":[9E0,7E0,2E0,2E0,5E0,1E0,1E0,1E0,1E0,3E0,2E0,1E0,2E0,1E0,1E0],"tree_param":{"num_deleted":"0","num_feature":"2","num_nodes":"15","size_leaf_vector":"1"}},{"base_weights":[7.835388E-4,-3.5567284E-2,9.7457886E-2,-9.587606E-2,5.1498413E-4,2.8549195E-3,1.1763764E-2,-1.156311E-2,-2.8182983E-3,-5.6877136E-3,8.613586E-3,-7.56073E-4,-2.5431317E-4,2.5177002E-4,1.040268E-3],"categories":[],"categories_nodes":[],"categories_segments":[],"categories_sizes":[],"default_left":[0,0,0,0,0,0,0,0,0,0,0,0,0,0,0],"id":85,"left_children":[1,3,5,7,9,-1,-1,-1,-1,11,13,-1,-1,-1,-1],"loss_changes":[3.8608234E-2,1.7457992E-2,8.132197E-4,7.530097E-4,3.503907E-4,0E0,0E0,0E0,0E0,4.3314794E-6,6.5274944E-6,0E0,0E0,0E0,0E0],"parents":[2147483647,0,0,1,1,2,2,3,3,4,4,9,9,10,10],"right_children":[2,4,6,8,10,-1,-1,-1,-1,12,14,-1,-1,-1,-1],"split_conditions":[9.156613E-1,1.99214E-1,1E0,1.01500936E-1,5.0031483E-1,2.8549195E-3,1.1763764E-2,-1.156311E-2,-2.8182983E-3,3.017609E-1,7.028597E-1,-7.56073E-4,-2.5431317E-4,2.5177002E-4,1.040268E-3],"split_indices":[0,0,0,0,0,0,0,0,0,0,0,0,0,0,0],"split_type":[0,0,0,0,0,0,0,0,0,0,0,0,0,0,0],"sum_hessian":[9E0,7E0,2E0,2E0,5E0,1E0,1E0,1E0,1E0,3E0,2E0,1E0,2E0,1E0,1E0],"tree_param":{"num_deleted":"0","num_feature":"2","num_nodes":"15","size_leaf_vector":"1"}},{"base_weights":[7.568359E-4,-3.3773422E-2,9.258524E-2,-9.108225E-2,5.098979E-4,2.7122498E-3,1.11755375E-2,-1.0984803E-2,-2.677536E-3,-5.373001E-3,8.183797E-3,-7.183075E-4,-2.375285E-4,2.3918152E-4,9.883881E-4],"categories":[],"categories_nodes":[],"categories_segments":[],"categories_sizes":[],"default_left":[0,0,0,0,0,0,0,0,0,0,0,0,0,0,0],"id":86,"left_children":[1,3,5,7,9,-1,-1,-1,-1,11,13,-1,-1,-1,-1],"loss_changes":[3.4835506E-2,1.576434E-2,7.337034E-4,6.7908317E-4,3.148402E-4,0E0,0E0,0E0,0E0,4.642505E-6,5.900147E-6,0E0,0E0,0E0,0E0],"parents":[2147483647,0,0,1,1,2,2,3,3,4,4,9,9,10,10],"right_children":[2,4,6,8,10,-1,-1,-1,-1,12,14,-1,-1,-1,-1],"split_conditions":[9.156613E-1,1.99214E-1,1E0,1.01500936E-1,5.0031483E-1,2.7122498E-3,1.11755375E-2,-1.0984803E-2,-2.677536E-3,3.017609E-1,7.028597E-1,-7.183075E-4,-2.375285E-4,2.3918152E-4,9.883881E-4],"split_indices":[0,0,0,0,0,0,0,0,0,0,0,0,0,0,0],"split_type":[0,0,0,0,0,0,0,0,0,0,0,0,0,0,0],"sum_hessian":[9E0,7E0,2E0,2E0,5E0,1E0,1E0,1E0,1E0,3E0,2E0,1E0,2E0,1E0,1E0],"tree_param":{"num_deleted":"0","num_feature":"2","num_nodes":"15","size_leaf_vector":"1"}},{"base_weights":[7.30896E-4,-3.207016E-2,8.795675E-2,-8.6527504E-2,5.0354004E-4,2.5764466E-3,1.0617065E-2,-1.0435486E-2,-2.54364E-3,-5.0754547E-3,7.774353E-3,-6.824494E-4,-2.2176106E-4,2.2735597E-4,9.38797E-4],"categories":[],"categories_nodes":[],"categories_segments":[],"categories_sizes":[],"default_left":[0,0,0,0,0,0,0,0,0,0,0,0,0,0,0],"id":87,"left_children":[1,3,5,7,9,-1,-1,-1,-1,11,13,-1,-1,-1,-1],"loss_changes":[3.1431787E-2,1.4234588E-2,6.6286325E-4,6.1286613E-4,2.8284133E-4,0E0,0E0,0E0,0E0,4.859852E-6,5.2844116E-6,0E0,0E0,0E0,0E0],"parents":[2147483647,0,0,1,1,2,2,3,3,4,4,9,9,10,10],"right_children":[2,4,6,8,10,-1,-1,-1,-1,12,14,-1,-1,-1,-1],"split_conditions":[9.156613E-1,1.99214E-1,1E0,1.01500936E-1,5.0031483E-1,2.5764466E-3,1.0617065E-2,-1.0435486E-2,-2.54364E-3,3.017609E-1,7.028597E-1,-6.824494E-4,-2.2176106E-4,2.2735597E-4,9.38797E-4],"split_indices":[0,0,0,0,0,0,0,0,0,0,0,0,0,0,0],"split_type":[0,0,0,0,0,0,0,0,0,0,0,0,0,0,0],"sum_hessian":[9E0,7E0,2E0,2E0,5E0,1E0,1E0,1E0,1E0,3E0,2E0,1E0,2E0,1E0,1E0],"tree_param":{"num_deleted":"0","num_feature":"2","num_nodes":"15","size_leaf_vector":"1"}},{"base_weights":[7.0419314E-4,-3.0453682E-2,8.355713E-2,-8.220164E-2,4.9591064E-4,2.44751E-3,1.008606E-2,-9.913635E-3,-2.4166107E-3,-4.7950745E-3,7.385254E-3,-6.4849854E-4,-2.0701092E-4,2.1591187E-4,8.9187623E-4],"categories":[],"categories_nodes":[],"categories_segments":[],"categories_sizes":[],"default_left":[0,0,0,0,0,0,0,0,0,0,0,0,0,0,0],"id":88,"left_children":[1,3,5,7,9,-1,-1,-1,-1,11,13,-1,-1,-1,-1],"loss_changes":[2.8359834E-2,1.2853391E-2,5.9840083E-4,5.5270456E-4,2.5412132E-4,0E0,0E0,0E0,0E0,4.9951705E-6,4.7862995E-6,0E0,0E0,0E0,0E0],"parents":[2147483647,0,0,1,1,2,2,3,3,4,4,9,9,10,10],"right_children":[2,4,6,8,10,-1,-1,-1,-1,12,14,-1,-1,-1,-1],"split_conditions":[9.156613E-1,1.99214E-1,1E0,1.01500936E-1,5.0031483E-1,2.44751E-3,1.008606E-2,-9.913635E-3,-2.4166107E-3,3.017609E-1,7.028597E-1,-6.4849854E-4,-2.0701092E-4,2.1591187E-4,8.9187623E-4],"split_indices":[0,0,0,0,0,0,0,0,0,0,0,0,0,0,0],"split_type":[0,0,0,0,0,0,0,0,0,0,0,0,0,0,0],"sum_hessian":[9E0,7E0,2E0,2E0,5E0,1E0,1E0,1E0,1E0,3E0,2E0,1E0,2E0,1E0,1E0],"tree_param":{"num_deleted":"0","num_feature":"2","num_nodes":"15","size_leaf_vector":"1"}},{"base_weights":[6.7977904E-4,-2.8918266E-2,7.938131E-2,-7.809194E-2,4.8828125E-4,2.3254396E-3,9.581757E-3,-9.418107E-3,-2.2956848E-3,-4.529953E-3,7.0165E-3,-6.160736E-4,-1.93278E-4,2.0523071E-4,8.472443E-4],"categories":[],"categories_nodes":[],"categories_segments":[],"categories_sizes":[],"default_left":[0,0,0,0,0,0,0,0,0,0,0,0,0,0,0],"id":89,"left_children":[1,3,5,7,9,-1,-1,-1,-1,11,13,-1,-1,-1,-1],"loss_changes":[2.5589684E-2,1.1606354E-2,5.393699E-4,4.9912557E-4,2.2834519E-4,0E0,0E0,0E0,0E0,5.0343588E-6,4.294692E-6,0E0,0E0,0E0,0E0],"parents":[2147483647,0,0,1,1,2,2,3,3,4,4,9,9,10,10],"right_children":[2,4,6,8,10,-1,-1,-1,-1,12,14,-1,-1,-1,-1],"split_conditions":[9.156613E-1,1.99214E-1,1E0,1.01500936E-1,5.0031483E-1,2.3254396E-3,9.581757E-3,-9.418107E-3,-2.2956848E-3,3.017609E-1,7.028597E-1,-6.160736E-4,-1.93278E-4,2.0523071E-4,8.472443E-4],"split_indices":[0,0,0,0,0,0,0,0,0,0,0,0,0,0,0],"split_type":[0,0,0,0,0,0,0,0,0,0,0,0,0,0,0],"sum_hessian":[9E0,7E0,2E0,2E0,5E0,1E0,1E0,1E0,1E0,3E0,2E0,1E0,2E0,1E0,1E0],"tree_param":{"num_deleted":"0","num_feature":"2","num_nodes":"15","size_leaf_vector":"1"}},{"base_weights":[6.55365E-4,-2.7461052E-2,7.5414024E-2,-7.418823E-2,4.7938028E-4,2.2094727E-3,9.10263E-3,-8.947372E-3,-2.1808625E-3,-4.2800903E-3,6.665548E-3,-5.851746E-4,-1.8056235E-4,1.9493104E-4,8.049011E-4],"categories":[],"categories_nodes":[],"categories_segments":[],"categories_sizes":[],"default_left":[0,0,0,0,0,0,0,0,0,0,0,0,0,0,0],"id":90,"left_children":[1,3,5,7,9,-1,-1,-1,-1,11,13,-1,-1,-1,-1],"loss_changes":[2.3090404E-2,1.0480184E-2,4.8610754E-4,4.506465E-4,2.0518643E-4,0E0,0E0,0E0,0E0,4.98999E-6,3.8842118E-6,0E0,0E0,0E0,0E0],"parents":[2147483647,0,0,1,1,2,2,3,3,4,4,9,9,10,10],"right_children":[2,4,6,8,10,-1,-1,-1,-1,12,14,-1,-1,-1,-1],"split_conditions":[9.156613E-1,1.99214E-1,1E0,1.01500936E-1,5.0031483E-1,2.2094727E-3,9.10263E-3,-8.947372E-3,-2.1808625E-3,3.017609E-1,7.028597E-1,-5.851746E-4,-1.8056235E-4,1.9493104E-4,8.049011E-4],"split_indices":[0,0,0,0,0,0,0,0,0,0,0,0,0,0,0],"split_type":[0,0,0,0,0,0,0,0,0,0,0,0,0,0,0],"sum_hessian":[9E0,7E0,2E0,2E0,5E0,1E0,1E0,1E0,1E0,3E0,2E0,1E0,2E0,1E0,1E0],"tree_param":{"num_deleted":"0","num_feature":"2","num_nodes":"15","size_leaf_vector":"1"}},{"base_weights":[6.309509E-4,-2.6076317E-2,7.1640015E-2,-7.0477806E-2,4.7047934E-4,2.0988465E-3,8.647156E-3,-8.499908E-3,-2.0717622E-3,-4.0416718E-3,6.3298545E-3,-5.558014E-4,-1.6835531E-4,1.8501282E-4,7.6446537E-4],"categories":[],"categories_nodes":[],"categories_segments":[],"categories_sizes":[],"default_left":[0,0,0,0,0,0,0,0,0,0,0,0,0,0,0],"id":91,"left_children":[1,3,5,7,9,-1,-1,-1,-1,11,13,-1,-1,-1,-1],"loss_changes":[2.083269E-2,9.462896E-3,4.388159E-4,4.067663E-4,1.842135E-4,0E0,0E0,0E0,0E0,4.9456503E-6,3.5262274E-6,0E0,0E0,0E0,0E0],"parents":[2147483647,0,0,1,1,2,2,3,3,4,4,9,9,10,10],"right_children":[2,4,6,8,10,-1,-1,-1,-1,12,14,-1,-1,-1,-1],"split_conditions":[9.156613E-1,1.99214E-1,1E0,1.01500936E-1,5.0031483E-1,2.0988465E-3,8.647156E-3,-8.499908E-3,-2.0717622E-3,3.017609E-1,7.028597E-1,-5.558014E-4,-1.6835531E-4,1.8501282E-4,7.6446537E-4],"split_indices":[0,0,0,0,0,0,0,0,0,0,0,0,0,0,0],"split_type":[0,0,0,0,0,0,0,0,0,0,0,0,0,0,0],"sum_hessian":[9E0,7E0,2E0,2E0,5E0,1E0,1E0,1E0,1E0,3E0,2E0,1E0,2E0,1E0,1E0],"tree_param":{"num_deleted":"0","num_feature":"2","num_nodes":"15","size_leaf_vector":"1"}},{"base_weights":[6.072998E-4,-6.6953026E-2,2.5866508E-2,-8.074951E-3,-1.9680024E-3,4.6157837E-4,6.80542E-2,-3.818512E-3,6.014506E-3,1.993561E-3,8.21457E-3,-5.2795414E-4,-1.5716553E-4,1.7585755E-4,7.263184E-4],"categories":[],"categories_nodes":[],"categories_segments":[],"categories_sizes":[],"default_left":[0,0,0,0,0,0,0,0,0,0,0,0,0,0,0],"id":92,"left_children":[1,3,5,-1,-1,7,9,11,13,-1,-1,-1,-1,-1,-1],"loss_changes":[1.8797044E-2,3.674524E-4,8.542791E-3,0E0,0E0,1.6556866E-4,3.9656367E-4,4.833273E-6,3.1699965E-6,0E0,0E0,0E0,0E0,0E0,0E0],"parents":[2147483647,0,0,1,1,2,2,5,5,6,6,7,7,8,8],"right_children":[2,4,6,-1,-1,8,10,12,14,-1,-1,-1,-1,-1,-1],"split_conditions":[1.99214E-1,1.01500936E-1,9.156613E-1,-8.074951E-3,-1.9680024E-3,5.0031483E-1,1E0,3.017609E-1,7.028597E-1,1.993561E-3,8.21457E-3,-5.2795414E-4,-1.5716553E-4,1.7585755E-4,7.263184E-4],"split_indices":[0,0,0,0,0,0,0,0,0,0,0,0,0,0,0],"split_type":[0,0,0,0,0,0,0,0,0,0,0,0,0,0,0],"sum_hessian":[9E0,2E0,7E0,1E0,1E0,5E0,2E0,3E0,2E0,1E0,1E0,1E0,2E0,1E0,1E0],"tree_param":{"num_deleted":"0","num_feature":"2","num_nodes":"15","size_leaf_vector":"1"}},{"base_weights":[5.8517454E-4,-6.360626E-2,2.4583817E-2,-7.671356E-3,-1.8695832E-3,4.526774E-4,6.465149E-2,-3.6067963E-3,5.7144165E-3,1.8936157E-3,7.804108E-3,-5.016327E-4,-1.4648438E-4,1.6708374E-4,6.9007877E-4],"categories":[],"categories_nodes":[],"categories_segments":[],"categories_sizes":[],"default_left":[0,0,0,0,0,0,0,0,0,0,0,0,0,0,0],"id":93,"left_children":[1,3,5,-1,-1,7,9,11,13,-1,-1,-1,-1,-1,-1],"loss_changes":[1.6968759E-2,3.3173896E-4,7.7057625E-3,0E0,0E0,1.4877008E-4,3.5853032E-4,4.7284557E-6,2.8614595E-6,0E0,0E0,0E0,0E0,0E0,0E0],"parents":[2147483647,0,0,1,1,2,2,5,5,6,6,7,7,8,8],"right_children":[2,4,6,-1,-1,8,10,12,14,-1,-1,-1,-1,-1,-1],"split_conditions":[1.99214E-1,1.01500936E-1,9.156613E-1,-7.671356E-3,-1.8695832E-3,5.0031483E-1,1E0,3.017609E-1,7.028597E-1,1.8936157E-3,7.804108E-3,-5.016327E-4,-1.4648438E-4,1.6708374E-4,6.9007877E-4],"split_indices":[0,0,0,0,0,0,0,0,0,0,0,0,0,0,0],"split_type":[0,0,0,0,0,0,0,0,0,0,0,0,0,0,0],"sum_hessian":[9E0,2E0,7E0,1E0,1E0,5E0,2E0,3E0,2E0,1E0,1E0,1E0,2E0,1E0,1E0],"tree_param":{"num_deleted":"0","num_feature":"2","num_nodes":"15","size_leaf_vector":"1"}},{"base_weights":[5.645752E-4,-6.0424805E-2,2.336502E-2,-7.2875977E-3,-1.7761231E-3,4.4250488E-4,6.142171E-2,-3.408432E-3,5.429586E-3,1.7990113E-3,7.4142455E-3,-4.764557E-4,-1.3682047E-4,1.5869141E-4,6.557465E-4],"categories":[],"categories_nodes":[],"categories_segments":[],"categories_sizes":[],"default_left":[0,0,0,0,0,0,0,0,0,0,0,0,0,0,0],"id":94,"left_children":[1,3,5,-1,-1,7,9,11,13,-1,-1,-1,-1,-1,-1],"loss_changes":[1.5317677E-2,2.9926747E-4,6.951661E-3,0E0,0E0,1.3373597E-4,3.2361504E-4,4.548321E-6,2.596069E-6,0E0,0E0,0E0,0E0,0E0,0E0],"parents":[2147483647,0,0,1,1,2,2,5,5,6,6,7,7,8,8],"right_children":[2,4,6,-1,-1,8,10,12,14,-1,-1,-1,-1,-1,-1],"split_conditions":[1.99214E-1,1.01500936E-1,9.156613E-1,-7.2875977E-3,-1.7761231E-3,5.0031483E-1,1E0,3.017609E-1,7.028597E-1,1.7990113E-3,7.4142455E-3,-4.764557E-4,-1.3682047E-4,1.5869141E-4,6.557465E-4],"split_indices":[0,0,0,0,0,0,0,0,0,0,0,0,0,0,0],"split_type":[0,0,0,0,0,0,0,0,0,0,0,0,0,0,0],"sum_hessian":[9E0,2E0,7E0,1E0,1E0,5E0,2E0,3E0,2E0,1E0,1E0,1E0,2E0,1E0,1E0],"tree_param":{"num_deleted":"0","num_feature":"2","num_nodes":"15","size_leaf_vector":"1"}},{"base_weights":[5.4244994E-4,-5.7403564E-2,2.22044E-2,-6.923294E-3,-1.6872407E-3,4.310608E-4,5.834961E-2,-3.2215118E-3,5.1574707E-3,1.7089844E-3,7.043457E-3,-4.5280458E-4,-1.276652E-4,1.5068054E-4,6.229401E-4],"categories":[],"categories_nodes":[],"categories_segments":[],"categories_sizes":[],"default_left":[0,0,0,0,0,0,0,0,0,0,0,0,0,0,0],"id":95,"left_children":[1,3,5,-1,-1,7,9,11,13,-1,-1,-1,-1,-1,-1],"loss_changes":[1.3826847E-2,2.702484E-4,6.2708627E-3,0E0,0E0,1.20196186E-4,2.9215217E-4,4.3833606E-6,2.3532775E-6,0E0,0E0,0E0,0E0,0E0,0E0],"parents":[2147483647,0,0,1,1,2,2,5,5,6,6,7,7,8,8],"right_children":[2,4,6,-1,-1,8,10,12,14,-1,-1,-1,-1,-1,-1],"split_conditions":[1.99214E-1,1.01500936E-1,9.156613E-1,-6.923294E-3,-1.6872407E-3,5.0031483E-1,1E0,3.017609E-1,7.028597E-1,1.7089844E-3,7.043457E-3,-4.5280458E-4,-1.276652E-4,1.5068054E-4,6.229401E-4],"split_indices":[0,0,0,0,0,0,0,0,0,0,0,0,0,0,0],"split_type":[0,0,0,0,0,0,0,0,0,0,0,0,0,0,0],"sum_hessian":[9E0,2E0,7E0,1E0,1E0,5E0,2E0,3E0,2E0,1E0,1E0,1E0,2E0,1E0,1E0],"tree_param":{"num_deleted":"0","num_feature":"2","num_nodes":"15","size_leaf_vector":"1"}},{"base_weights":[5.203247E-4,-5.4534912E-2,2.1100998E-2,-6.5773013E-3,-1.6029358E-3,4.196167E-4,5.5430096E-2,-3.0441284E-3,4.8980713E-3,1.6235352E-3,6.690979E-3,-4.3029786E-4,-1.1901856E-4,1.4305115E-4,5.9165957E-4],"categories":[],"categories_nodes":[],"categories_segments":[],"categories_sizes":[],"default_left":[0,0,0,0,0,0,0,0,0,0,0,0,0,0,0],"id":96,"left_children":[1,3,5,-1,-1,7,9,11,13,-1,-1,-1,-1,-1,-1],"loss_changes":[1.248148E-2,2.4388824E-4,5.656525E-3,0E0,0E0,1.0798371E-4,2.6352704E-4,4.214002E-6,2.1316228E-6,0E0,0E0,0E0,0E0,0E0,0E0],"parents":[2147483647,0,0,1,1,2,2,5,5,6,6,7,7,8,8],"right_children":[2,4,6,-1,-1,8,10,12,14,-1,-1,-1,-1,-1,-1],"split_conditions":[1.99214E-1,1.01500936E-1,9.156613E-1,-6.5773013E-3,-1.6029358E-3,5.0031483E-1,1E0,3.017609E-1,7.028597E-1,1.6235352E-3,6.690979E-3,-4.3029786E-4,-1.1901856E-4,1.4305115E-4,5.9165957E-4],"split_indices":[0,0,0,0,0,0,0,0,0,0,0,0,0,0,0],"split_type":[0,0,0,0,0,0,0,0,0,0,0,0,0,0,0],"sum_hessian":[9E0,2E0,7E0,1E0,1E0,5E0,2E0,3E0,2E0,1E0,1E0,1E0,2E0,1E0,1E0],"tree_param":{"num_deleted":"0","num_feature":"2","num_nodes":"15","size_leaf_vector":"1"}},{"base_weights":[5.012512E-4,-5.1808674E-2,2.0054817E-2,-6.248474E-3,-1.5228272E-3,4.081726E-4,5.2663166E-2,-2.8762817E-3,4.6513877E-3,1.5426636E-3,6.3568116E-3,-4.0893556E-4,-1.1088053E-4,1.3580323E-4,5.619049E-4],"categories":[],"categories_nodes":[],"categories_segments":[],"categories_sizes":[],"default_left":[0,0,0,0,0,0,0,0,0,0,0,0,0,0,0],"id":97,"left_children":[1,3,5,-1,-1,7,9,11,13,-1,-1,-1,-1,-1,-1],"loss_changes":[1.1267469E-2,2.2006966E-4,5.1036607E-3,0E0,0E0,9.699858E-5,2.37545E-4,4.0420164E-6,1.9297077E-6,0E0,0E0,0E0,0E0,0E0,0E0],"parents":[2147483647,0,0,1,1,2,2,5,5,6,6,7,7,8,8],"right_children":[2,4,6,-1,-1,8,10,12,14,-1,-1,-1,-1,-1,-1],"split_conditions":[1.99214E-1,1.01500936E-1,9.156613E-1,-6.248474E-3,-1.5228272E-3,5.0031483E-1,1E0,3.017609E-1,7.028597E-1,1.5426636E-3,6.3568116E-3,-4.0893556E-4,-1.1088053E-4,1.3580323E-4,5.619049E-4],"split_indices":[0,0,0,0,0,0,0,0,0,0,0,0,0,0,0],"split_type":[0,0,0,0,0,0,0,0,0,0,0,0,0,0,0],"sum_hessian":[9E0,2E0,7E0,1E0,1E0,5E0,2E0,3E0,2E0,1E0,1E0,1E0,2E0,1E0,1E0],"tree_param":{"num_deleted":"0","num_feature":"2","num_nodes":"15","size_leaf_vector":"1"}},{"base_weights":[4.8217774E-4,-4.9217224E-2,1.9059181E-2,-5.9360503E-3,-1.4465332E-3,3.980001E-4,5.0028484E-2,-2.7160645E-3,4.4174194E-3,1.4656067E-3,6.038666E-3,-3.883362E-4,-1.03251135E-4,1.2893676E-4,5.336762E-4],"categories":[],"categories_nodes":[],"categories_segments":[],"categories_sizes":[],"default_left":[0,0,0,0,0,0,0,0,0,0,0,0,0,0,0],"id":98,"left_children":[1,3,5,-1,-1,7,9,11,13,-1,-1,-1,-1,-1,-1],"loss_changes":[1.01707E-2,1.988248E-4,4.603479E-3,0E0,0E0,8.7098386E-5,2.1414971E-4,3.8512117E-6,1.7462007E-6,0E0,0E0,0E0,0E0,0E0,0E0],"parents":[2147483647,0,0,1,1,2,2,5,5,6,6,7,7,8,8],"right_children":[2,4,6,-1,-1,8,10,12,14,-1,-1,-1,-1,-1,-1],"split_conditions":[1.99214E-1,1.01500936E-1,9.156613E-1,-5.9360503E-3,-1.4465332E-3,5.0031483E-1,1E0,3.017609E-1,7.028597E-1,1.4656067E-3,6.038666E-3,-3.883362E-4,-1.03251135E-4,1.2893676E-4,5.336762E-4],"split_indices":[0,0,0,0,0,0,0,0,0,0,0,0,0,0,0],"split_type":[0,0,0,0,0,0,0,0,0,0,0,0,0,0,0],"sum_hessian":[9E0,2E0,7E0,1E0,1E0,5E0,2E0,3E0,2E0,1E0,1E0,1E0,2E0,1E0,1E0],"tree_param":{"num_deleted":"0","num_feature":"2","num_nodes":"15","size_leaf_vector":"1"}},{"base_weights":[4.6386718E-4,-4.6755474E-2,1.8113136E-2,-5.639267E-3,-1.374054E-3,3.8782755E-4,4.7526043E-2,-2.565384E-3,4.196167E-3,1.3923645E-3,5.736542E-3,-3.6888124E-4,-9.6130374E-5,1.2245179E-4,5.069733E-4],"categories":[],"categories_nodes":[],"categories_segments":[],"categories_sizes":[],"default_left":[0,0,0,0,0,0,0,0,0,0,0,0,0,0,0],"id":99,"left_children":[1,3,5,-1,-1,7,9,11,13,-1,-1,-1,-1,-1,-1],"loss_changes":[9.180757E-3,1.796484E-4,4.152391E-3,0E0,0E0,7.824577E-5,1.9314373E-4,3.6622077E-6,1.5798141E-6,0E0,0E0,0E0,0E0,0E0,0E0],"parents":[2147483647,0,0,1,1,2,2,5,5,6,6,7,7,8,8],"right_children":[2,4,6,-1,-1,8,10,12,14,-1,-1,-1,-1,-1,-1],"split_conditions":[1.99214E-1,1.01500936E-1,9.156613E-1,-5.639267E-3,-1.374054E-3,5.0031483E-1,1E0,3.017609E-1,7.028597E-1,1.3923645E-3,5.736542E-3,-3.6888124E-4,-9.6130374E-5,1.2245179E-4,5.069733E-4],"split_indices":[0,0,0,0,0,0,0,0,0,0,0,0,0,0,0],"split_type":[0,0,0,0,0,0,0,0,0,0,0,0,0,0,0],"sum_hessian":[9E0,2E0,7E0,1E0,1E0,5E0,2E0,3E0,2E0,1E0,1E0,1E0,2E0,1E0,1E0],"tree_param":{"num_deleted":"0","num_feature":"2","num_nodes":"15","size_leaf_vector":"1"}}]},"name":"gbtree"},"learner_model_param":{"base_score":"1.1285555E2","boost_from_average":"1","num_class":"0","num_feature":"2","num_target":"1"},"objective":{"name":"reg:squarederror","reg_loss_param":{"scale_pos_weight":"1"}}},"version":[2,0,1]}