{"package": {"All_Weights": {"Bias_Weight": 333.3362533233981, "Categorical_Variables": {}, "Numerical_Variables": {"bpf_cpu_time_us": {"scale": 91202.66666666666, "mean": 0, "variance": 0, "weight": 0.0}, "cache_miss": {"scale": 1590590809.0, "mean": 0, "variance": 0, "weight": 155.96974249390448}, "cgroupfs_cpu_usage_us": {"scale": 12170083.666666666, "mean": 0, "variance": 0, "weight": 0.0}, "cgroupfs_memory_usage_bytes": {"scale": 4784128.0, "mean": 0, "variance": 0, "weight": 0.0}, "cgroupfs_system_cpu_usage_us": {"scale": 2759825.333333333, "mean": 0, "variance": 0, "weight": 0.0}, "cgroupfs_user_cpu_usage_us": {"scale": 9410258.0, "mean": 0, "variance": 0, "weight": 0.0}, "cpu_cycles": {"scale": 149704902796.3333, "mean": 0, "variance": 0, "weight": 668.6339677285212}, "cpu_instructions": {"scale": 213346687012.6667, "mean": 0, "variance": 0, "weight": 295.2723042614508}, "kubelet_cpu_usage": {"scale": 624.6666666666666, "mean": 0, "variance": 0, "weight": 0.0}, "kubelet_memory_bytes": {"scale": 13031665664.0, "mean": 0, "variance": 0, "weight": 19.535034974906214}}}}, "core": {"All_Weights": {"Bias_Weight": 0.0, "Categorical_Variables": {}, "Numerical_Variables": {"bpf_cpu_time_us": {"scale": 91202.66666666666, "mean": 0, "variance": 0, "weight": 0.0}, "cache_miss": {"scale": 1590590809.0, "mean": 0, "variance": 0, "weight": 0.0}, "cgroupfs_cpu_usage_us": {"scale": 12170083.666666666, "mean": 0, "variance": 0, "weight": 0.0}, "cgroupfs_memory_usage_bytes": {"scale": 4784128.0, "mean": 0, "variance": 0, "weight": 0.0}, "cgroupfs_system_cpu_usage_us": {"scale": 2759825.333333333, "mean": 0, "variance": 0, "weight": 0.0}, "cgroupfs_user_cpu_usage_us": {"scale": 9410258.0, "mean": 0, "variance": 0, "weight": 0.0}, "cpu_cycles": {"scale": 149704902796.3333, "mean": 0, "variance": 0, "weight": 0.0}, "cpu_instructions": {"scale": 213346687012.6667, "mean": 0, "variance": 0, "weight": 0.0}, "kubelet_cpu_usage": {"scale": 624.6666666666666, "mean": 0, "variance": 0, "weight": 0.0}, "kubelet_memory_bytes": {"scale": 13031665664.0, "mean": 0, "variance": 0, "weight": 0.0}}}}, "uncore": {"All_Weights": {"Bias_Weight": 0.0, "Categorical_Variables": {}, "Numerical_Variables": {"bpf_cpu_time_us": {"scale": 91202.66666666666, "mean": 0, "variance": 0, "weight": 0.0}, "cache_miss": {"scale": 1590590809.0, "mean": 0, "variance": 0, "weight": 0.0}, "cgroupfs_cpu_usage_us": {"scale": 12170083.666666666, "mean": 0, "variance": 0, "weight": 0.0}, "cgroupfs_memory_usage_bytes": {"scale": 4784128.0, "mean": 0, "variance": 0, "weight": 0.0}, "cgroupfs_system_cpu_usage_us": {"scale": 2759825.333333333, "mean": 0, "variance": 0, "weight": 0.0}, "cgroupfs_user_cpu_usage_us": {"scale": 9410258.0, "mean": 0, "variance": 0, "weight": 0.0}, "cpu_cycles": {"scale": 149704902796.3333, "mean": 0, "variance": 0, "weight": 0.0}, "cpu_instructions": {"scale": 213346687012.6667, "mean": 0, "variance": 0, "weight": 0.0}, "kubelet_cpu_usage": {"scale": 624.6666666666666, "mean": 0, "variance": 0, "weight": 0.0}, "kubelet_memory_bytes": {"scale": 13031665664.0, "mean": 0, "variance": 0, "weight": 0.0}}}}, "dram": {"All_Weights": {"Bias_Weight": 149.64238109433583, "Categorical_Variables": {}, "Numerical_Variables": {"bpf_cpu_time_us": {"scale": 91202.66666666666, "mean": 0, "variance": 0, "weight": 0.0}, "cache_miss": {"scale": 1590590809.0, "mean": 0, "variance": 0, "weight": 172.68247114395007}, "cgroupfs_cpu_usage_us": {"scale": 12170083.666666666, "mean": 0, "variance": 0, "weight": 0.0}, "cgroupfs_memory_usage_bytes": {"scale": 4784128.0, "mean": 0, "variance": 0, "weight": 2.0866852558172306}, "cgroupfs_system_cpu_usage_us": {"scale": 2759825.333333333, "mean": 0, "variance": 0, "weight": 0.0}, "cgroupfs_user_cpu_usage_us": {"scale": 9410258.0, "mean": 0, "variance": 0, "weight": 0.0}, "cpu_cycles": {"scale": 149704902796.3333, "mean": 0, "variance": 0, "weight": 10.2657108639117}, "cpu_instructions": {"scale": 213346687012.6667, "mean": 0, "variance": 0, "weight": 0.0}, "kubelet_cpu_usage": {"scale": 624.6666666666666, "mean": 0, "variance": 0, "weight": 0.0}, "kubelet_memory_bytes": {"scale": 13031665664.0, "mean": 0, "variance": 0, "weight": 36.94604522189224}}}}}