{"package": {"All_Weights": {"Categorical_Variables": {}, "Numerical_Variables": {"bpf_block_irq": {"scale": 4.0}, "bpf_net_rx_irq": {"scale": 379.0}, "bpf_net_tx_irq": {"scale": 1.0}, "cache_miss": {"scale": 15910928.999999998}, "cpu_cycles": {"scale": 97698336411.0}, "cpu_instructions": {"scale": 113818923081.66667}}, "CurveFit_Weights": [1871490.0847260074, 0.00010614028819448174, -1871432.5444197226]}}, "core": {"All_Weights": {"Categorical_Variables": {}, "Numerical_Variables": {"bpf_block_irq": {"scale": 4.0}, "bpf_net_rx_irq": {"scale": 379.0}, "bpf_net_tx_irq": {"scale": 1.0}, "cache_miss": {"scale": 15910928.999999998}, "cpu_cycles": {"scale": 97698336411.0}, "cpu_instructions": {"scale": 113818923081.66667}}, "CurveFit_Weights": [0.0, 1.0, 0.0]}}, "uncore": {"All_Weights": {"Categorical_Variables": {}, "Numerical_Variables": {"bpf_block_irq": {"scale": 4.0}, "bpf_net_rx_irq": {"scale": 379.0}, "bpf_net_tx_irq": {"scale": 1.0}, "cache_miss": {"scale": 15910928.999999998}, "cpu_cycles": {"scale": 97698336411.0}, "cpu_instructions": {"scale": 113818923081.66667}}, "CurveFit_Weights": [0.0, 1.0, 0.0]}}, "dram": {"All_Weights": {"Categorical_Variables": {}, "Numerical_Variables": {"bpf_block_irq": {"scale": 4.0}, "bpf_net_rx_irq": {"scale": 379.0}, "bpf_net_tx_irq": {"scale": 1.0}, "cache_miss": {"scale": 15910928.999999998}, "cpu_cycles": {"scale": 97698336411.0}, "cpu_instructions": {"scale": 113818923081.66667}}, "CurveFit_Weights": [25660.22899334937, 0.00022654215223441584, -25638.743907892036]}}}