{"package": {"All_Weights": {"Categorical_Variables": {}, "Numerical_Variables": {"bpf_block_irq": {"scale": 2.0}, "bpf_net_rx_irq": {"scale": 387.0}, "bpf_net_tx_irq": {"scale": 1.0}, "cache_miss": {"scale": 38154372.0}, "cpu_cycles": {"scale": 174296413115.33334}, "cpu_instructions": {"scale": 204726937982.66666}}, "CurveFit_Weights": [99.63612135225344, 73.05084717111035, 61.4381715508019]}}, "core": {"All_Weights": {"Categorical_Variables": {}, "Numerical_Variables": {"bpf_block_irq": {"scale": 2.0}, "bpf_net_rx_irq": {"scale": 387.0}, "bpf_net_tx_irq": {"scale": 1.0}, "cache_miss": {"scale": 38154372.0}, "cpu_cycles": {"scale": 174296413115.33334}, "cpu_instructions": {"scale": 204726937982.66666}}, "CurveFit_Weights": [0.0, 1.0, 0.0]}}, "uncore": {"All_Weights": {"Categorical_Variables": {}, "Numerical_Variables": {"bpf_block_irq": {"scale": 2.0}, "bpf_net_rx_irq": {"scale": 387.0}, "bpf_net_tx_irq": {"scale": 1.0}, "cache_miss": {"scale": 38154372.0}, "cpu_cycles": {"scale": 174296413115.33334}, "cpu_instructions": {"scale": 204726937982.66666}}, "CurveFit_Weights": [0.0, 1.0, 0.0]}}, "dram": {"All_Weights": {"Categorical_Variables": {}, "Numerical_Variables": {"bpf_block_irq": {"scale": 2.0}, "bpf_net_rx_irq": {"scale": 387.0}, "bpf_net_tx_irq": {"scale": 1.0}, "cache_miss": {"scale": 38154372.0}, "cpu_cycles": {"scale": 174296413115.33334}, "cpu_instructions": {"scale": 204726937982.66666}}, "CurveFit_Weights": [0.9908714370547733, 3136155.242891291, 3.775145832646544]}}}