{"package": {"All_Weights": {"Categorical_Variables": {}, "Numerical_Variables": {"bpf_block_irq": {"scale": 4.0}, "bpf_net_rx_irq": {"scale": 379.0}, "bpf_net_tx_irq": {"scale": 1.0}, "cache_miss": {"scale": 15910928.999999998}, "cpu_cycles": {"scale": 97698336411.0}, "cpu_instructions": {"scale": 113818923081.66667}}, "CurveFit_Weights": [114.06287874853159, 4.1741921677665985, 43.320525201405374]}}, "core": {"All_Weights": {"Categorical_Variables": {}, "Numerical_Variables": {"bpf_block_irq": {"scale": 4.0}, "bpf_net_rx_irq": {"scale": 379.0}, "bpf_net_tx_irq": {"scale": 1.0}, "cache_miss": {"scale": 15910928.999999998}, "cpu_cycles": {"scale": 97698336411.0}, "cpu_instructions": {"scale": 113818923081.66667}}, "CurveFit_Weights": [0.0, 1.0, 0.0]}}, "uncore": {"All_Weights": {"Categorical_Variables": {}, "Numerical_Variables": {"bpf_block_irq": {"scale": 4.0}, "bpf_net_rx_irq": {"scale": 379.0}, "bpf_net_tx_irq": {"scale": 1.0}, "cache_miss": {"scale": 15910928.999999998}, "cpu_cycles": {"scale": 97698336411.0}, "cpu_instructions": {"scale": 113818923081.66667}}, "CurveFit_Weights": [0.0, 1.0, 0.0]}}, "dram": {"All_Weights": {"Categorical_Variables": {}, "Numerical_Variables": {"bpf_block_irq": {"scale": 4.0}, "bpf_net_rx_irq": {"scale": 379.0}, "bpf_net_tx_irq": {"scale": 1.0}, "cache_miss": {"scale": 15910928.999999998}, "cpu_cycles": {"scale": 97698336411.0}, "cpu_instructions": {"scale": 113818923081.66667}}, "CurveFit_Weights": [1.9908991166844399, 8254312.126664669, -4.2305140816419495]}}}