{"package": {"All_Weights": {"Bias_Weight": 118.47145354367693, "Categorical_Variables": {}, "Numerical_Variables": {"bpf_block_irq": {"scale": 2.0, "weight": 7.448836516804175}, "bpf_net_rx_irq": {"scale": 387.0, "weight": -45.38675190859464}, "bpf_net_tx_irq": {"scale": 1.0, "weight": 0.0}, "cache_miss": {"scale": 38154372.0, "weight": -93.91652504990856}, "cpu_cycles": {"scale": 174296413115.33334, "weight": 456.9814656191539}, "cpu_instructions": {"scale": 204726937982.66666, "weight": 37.35626659807478}}}}, "core": {"All_Weights": {"Bias_Weight": 0.0, "Categorical_Variables": {}, "Numerical_Variables": {"bpf_block_irq": {"scale": 2.0, "weight": 0.0}, "bpf_net_rx_irq": {"scale": 387.0, "weight": 0.0}, "bpf_net_tx_irq": {"scale": 1.0, "weight": 0.0}, "cache_miss": {"scale": 38154372.0, "weight": 0.0}, "cpu_cycles": {"scale": 174296413115.33334, "weight": 0.0}, "cpu_instructions": {"scale": 204726937982.66666, "weight": 0.0}}}}, "uncore": {"All_Weights": {"Bias_Weight": 0.0, "Categorical_Variables": {}, "Numerical_Variables": {"bpf_block_irq": {"scale": 2.0, "weight": 0.0}, "bpf_net_rx_irq": {"scale": 387.0, "weight": 0.0}, "bpf_net_tx_irq": {"scale": 1.0, "weight": 0.0}, "cache_miss": {"scale": 38154372.0, "weight": 0.0}, "cpu_cycles": {"scale": 174296413115.33334, "weight": 0.0}, "cpu_instructions": {"scale": 204726937982.66666, "weight": 0.0}}}}, "dram": {"All_Weights": {"Bias_Weight": 10.630240488844944, "Categorical_Variables": {}, "Numerical_Variables": {"bpf_block_irq": {"scale": 2.0, "weight": 0.5605647746207049}, "bpf_net_rx_irq": {"scale": 387.0, "weight": 3.4374946259055723}, "bpf_net_tx_irq": {"scale": 1.0, "weight": 0.0}, "cache_miss": {"scale": 38154372.0, "weight": -2.225534418461427}, "cpu_cycles": {"scale": 174296413115.33334, "weight": 7.00376000091045}, "cpu_instructions": {"scale": 204726937982.66666, "weight": 0.9439664710582696}}}}}