{"learner":{"attributes":{"scikit_learn":"{\"_estimator_type\": \"regressor\"}"},"feature_names":[],"feature_types":[],"gradient_booster":{"model":{"gbtree_model_param":{"num_parallel_tree":"1","num_trees":"100"},"iteration_indptr":[0,1,2,3,4,5,6,7,8,9,10,11,12,13,14,15,16,17,18,19,20,21,22,23,24,25,26,27,28,29,30,31,32,33,34,35,36,37,38,39,40,41,42,43,44,45,46,47,48,49,50,51,52,53,54,55,56,57,58,59,60,61,62,63,64,65,66,67,68,69,70,71,72,73,74,75,76,77,78,79,80,81,82,83,84,85,86,87,88,89,90,91,92,93,94,95,96,97,98,99,100],"tree_info":[0,0,0,0,0,0,0,0,0,0,0,0,0,0,0,0,0,0,0,0,0,0,0,0,0,0,0,0,0,0,0,0,0,0,0,0,0,0,0,0,0,0,0,0,0,0,0,0,0,0,0,0,0,0,0,0,0,0,0,0,0,0,0,0,0,0,0,0,0,0,0,0,0,0,0,0,0,0,0,0,0,0,0,0,0,0,0,0,0,0,0,0,0,0,0,0,0,0,0,0],"trees":[{"base_weights":[1.5258789E-6,-2.9583333E0,1.6904764E1,2.037038E0,2.2444446E0,-7.2222136E-2,3.7777787E-1],"categories":[],"categories_nodes":[],"categories_segments":[],"categories_sizes":[],"default_left":[0,0,0,0,0,0,0],"id":0,"left_children":[1,-1,3,5,-1,-1,-1],"loss_changes":[5.5010913E3,0E0,5.3081714E2,1.7137856E1,0E0,0E0,0E0],"parents":[2147483647,0,0,2,2,3,3],"right_children":[2,-1,4,6,-1,-1,-1],"split_conditions":[5.025785E-1,-2.9583333E0,7.053903E-1,6.0389924E-1,2.2444446E0,-7.2222136E-2,3.7777787E-1],"split_indices":[0,0,0,0,0,0,0],"split_type":[0,0,0,0,0,0,0],"sum_hessian":[9E0,3E0,6E0,2E0,4E0,1E0,1E0],"tree_param":{"num_deleted":"0","num_feature":"2","num_nodes":"7","size_leaf_vector":"1"}},{"base_weights":[-4.0834047E-2,-2.7364585E0,1.5578572E1,1.9351858E0,2.064889E0,-6.8611145E-2,3.58889E-1],"categories":[],"categories_nodes":[],"categories_segments":[],"categories_sizes":[],"default_left":[0,0,0,0,0,0,0],"id":1,"left_children":[1,-1,3,5,-1,-1,-1],"loss_changes":[4.694109E3,0E0,4.4427478E2,1.5466929E1,0E0,0E0,0E0],"parents":[2147483647,0,0,2,2,3,3],"right_children":[2,-1,4,6,-1,-1,-1],"split_conditions":[5.025785E-1,-2.7364585E0,7.053903E-1,6.0389924E-1,2.064889E0,-6.8611145E-2,3.58889E-1],"split_indices":[0,0,0,0,0,0,0],"split_type":[0,0,0,0,0,0,0],"sum_hessian":[9E0,3E0,6E0,2E0,4E0,1E0,1E0],"tree_param":{"num_deleted":"0","num_feature":"2","num_nodes":"7","size_leaf_vector":"1"}},{"base_weights":[-7.488098E-2,-2.5312238E0,1.4357162E1,4.1903725E0,2.0934663E0,-6.518097E-2,6.0217035E-1],"categories":[],"categories_nodes":[],"categories_segments":[],"categories_sizes":[],"default_left":[0,0,0,0,0,0,0],"id":2,"left_children":[1,-1,3,5,-1,-1,-1],"loss_changes":[4.005678E3,0E0,3.803805E2,3.9395546E1,0E0,0E0,0E0],"parents":[2147483647,0,0,2,2,3,3],"right_children":[2,-1,4,6,-1,-1,-1],"split_conditions":[5.025785E-1,-2.5312238E0,8.047273E-1,6.0389924E-1,2.0934663E0,-6.518097E-2,6.0217035E-1],"split_indices":[0,0,0,0,0,0,0],"split_type":[0,0,0,0,0,0,0],"sum_hessian":[9E0,3E0,6E0,3E0,3E0,1E0,2E0],"tree_param":{"num_deleted":"0","num_feature":"2","num_nodes":"7","size_leaf_vector":"1"}},{"base_weights":[-5.7469178E-2,-2.3413823E0,1.3297228E1,3.9055824E0,1.9364567E0,-6.1921693E-2,5.620255E-1],"categories":[],"categories_nodes":[],"categories_segments":[],"categories_sizes":[],"default_left":[0,0,0,0,0,0,0],"id":3,"left_children":[1,-1,3,5,-1,-1,-1],"loss_changes":[3.4305093E3,0E0,3.2324622E2,3.4514343E1,0E0,0E0,0E0],"parents":[2147483647,0,0,2,2,3,3],"right_children":[2,-1,4,6,-1,-1,-1],"split_conditions":[5.025785E-1,-2.3413823E0,8.047273E-1,6.0389924E-1,1.9364567E0,-6.1921693E-2,5.620255E-1],"split_indices":[0,0,0,0,0,0,0],"split_type":[0,0,0,0,0,0,0],"sum_hessian":[9E0,3E0,6E0,3E0,3E0,1E0,2E0],"tree_param":{"num_deleted":"0","num_feature":"2","num_nodes":"7","size_leaf_vector":"1"}},{"base_weights":[-4.220581E-2,-2.1657784E0,1.2315582E1,1.4927267E0,1.634618E0,-5.8825683E-2,2.827347E-1],"categories":[],"categories_nodes":[],"categories_segments":[],"categories_sizes":[],"default_left":[0,0,0,0,0,0,0],"id":4,"left_children":[1,-1,3,5,-1,-1,-1],"loss_changes":[2.9379355E3,0E0,2.8095764E2,9.995174E0,0E0,0E0,0E0],"parents":[2147483647,0,0,2,2,3,3],"right_children":[2,-1,4,6,-1,-1,-1],"split_conditions":[5.025785E-1,-2.1657784E0,7.053903E-1,6.0389924E-1,1.634618E0,-5.8825683E-2,2.827347E-1],"split_indices":[0,0,0,0,0,0,0],"split_type":[0,0,0,0,0,0,0],"sum_hessian":[9E0,3E0,6E0,2E0,4E0,1E0,1E0],"tree_param":{"num_deleted":"0","num_feature":"2","num_nodes":"7","size_leaf_vector":"1"}},{"base_weights":[-6.871033E-2,-2.0033455E0,1.1349531E1,3.1754189E0,1.6686261E0,-5.588455E-2,4.6064553E-1],"categories":[],"categories_nodes":[],"categories_segments":[],"categories_sizes":[],"default_left":[0,0,0,0,0,0,0],"id":5,"left_children":[1,-1,3,5,-1,-1,-1],"loss_changes":[2.5069932E3,0E0,2.5237524E2,2.3949772E1,0E0,0E0,0E0],"parents":[2147483647,0,0,2,2,3,3],"right_children":[2,-1,4,6,-1,-1,-1],"split_conditions":[5.025785E-1,-2.0033455E0,8.047273E-1,6.0389924E-1,1.6686261E0,-5.588455E-2,4.6064553E-1],"split_indices":[0,0,0,0,0,0,0],"split_type":[0,0,0,0,0,0,0],"sum_hessian":[9E0,3E0,6E0,3E0,3E0,1E0,2E0],"tree_param":{"num_deleted":"0","num_feature":"2","num_nodes":"7","size_leaf_vector":"1"}},{"base_weights":[-5.4837037E-2,-1.8530949E0,1.0510775E1,2.9590645E0,1.5434792E0,-5.309067E-2,4.299357E-1],"categories":[],"categories_nodes":[],"categories_segments":[],"categories_sizes":[],"default_left":[0,0,0,0,0,0,0],"id":6,"left_children":[1,-1,3,5,-1,-1,-1],"loss_changes":[2.146889E3,0E0,2.146206E2,2.099289E1,0E0,0E0,0E0],"parents":[2147483647,0,0,2,2,3,3],"right_children":[2,-1,4,6,-1,-1,-1],"split_conditions":[5.025785E-1,-1.8530949E0,8.047273E-1,6.0389924E-1,1.5434792E0,-5.309067E-2,4.299357E-1],"split_indices":[0,0,0,0,0,0,0],"split_type":[0,0,0,0,0,0,0],"sum_hessian":[9E0,3E0,6E0,3E0,3E0,1E0,2E0],"tree_param":{"num_deleted":"0","num_feature":"2","num_nodes":"7","size_leaf_vector":"1"}},{"base_weights":[-4.2630006E-2,-1.7141132E0,9.734033E0,2.75737E0,1.4277188E0,-5.0436404E-2,4.0127358E-1],"categories":[],"categories_nodes":[],"categories_segments":[],"categories_sizes":[],"default_left":[0,0,0,0,0,0,0],"id":7,"left_children":[1,-1,3,5,-1,-1,-1],"loss_changes":[1.8385153E3,0E0,1.8250488E2,1.8402561E1,0E0,0E0,0E0],"parents":[2147483647,0,0,2,2,3,3],"right_children":[2,-1,4,6,-1,-1,-1],"split_conditions":[5.025785E-1,-1.7141132E0,8.047273E-1,6.0389924E-1,1.4277188E0,-5.0436404E-2,4.0127358E-1],"split_indices":[0,0,0,0,0,0,0],"split_type":[0,0,0,0,0,0,0],"sum_hessian":[9E0,3E0,6E0,3E0,3E0,1E0,2E0],"tree_param":{"num_deleted":"0","num_feature":"2","num_nodes":"7","size_leaf_vector":"1"}},{"base_weights":[-3.1924438E-2,-1.585555E0,9.014708E0,2.5693398E0,1.3206398E0,-4.791489E-2,3.745219E-1],"categories":[],"categories_nodes":[],"categories_segments":[],"categories_sizes":[],"default_left":[0,0,0,0,0,0,0],"id":8,"left_children":[1,-1,3,5,-1,-1,-1],"loss_changes":[1.5744381E3,0E0,1.551872E2,1.6133135E1,0E0,0E0,0E0],"parents":[2147483647,0,0,2,2,3,3],"right_children":[2,-1,4,6,-1,-1,-1],"split_conditions":[5.025785E-1,-1.585555E0,8.047273E-1,6.0389924E-1,1.3206398E0,-4.791489E-2,3.745219E-1],"split_indices":[0,0,0,0,0,0,0],"split_type":[0,0,0,0,0,0,0],"sum_hessian":[9E0,3E0,6E0,3E0,3E0,1E0,2E0],"tree_param":{"num_deleted":"0","num_feature":"2","num_nodes":"7","size_leaf_vector":"1"}},{"base_weights":[-2.2561645E-2,-1.4666382E1,8.348558E0,-1.6703452E0,-4.2775878E-1,3.4394898E0,1.3747487E0,-4.551926E-2,4.5269585E-1],"categories":[],"categories_nodes":[],"categories_segments":[],"categories_sizes":[],"default_left":[0,0,0,0,0,0,0,0,0],"id":9,"left_children":[1,3,5,-1,-1,7,-1,-1,-1],"loss_changes":[1.3482949E3,1.3200317E1,1.3824167E2,0E0,0E0,2.3237366E1,0E0,0E0,0E0],"parents":[2147483647,0,0,1,1,2,2,5,5],"right_children":[2,4,6,-1,-1,8,-1,-1,-1],"split_conditions":[5.025785E-1,2.0065776E-1,9.056554E-1,-1.6703452E0,-4.2775878E-1,6.0389924E-1,1.3747487E0,-4.551926E-2,4.5269585E-1],"split_indices":[0,0,0,0,0,0,0,0,0],"split_type":[0,0,0,0,0,0,0,0,0],"sum_hessian":[9E0,3E0,6E0,2E0,1E0,4E0,2E0,1E0,3E0],"tree_param":{"num_deleted":"0","num_feature":"2","num_nodes":"9","size_leaf_vector":"1"}},{"base_weights":[-5.192413E-2,-1.3724266E1,7.7682605E0,-1.5589885E0,-4.0637055E-1,3.1769745E0,1.2830983E0,-4.324341E-2,4.1874352E-1],"categories":[],"categories_nodes":[],"categories_segments":[],"categories_sizes":[],"default_left":[0,0,0,0,0,0,0,0,0],"id":10,"left_children":[1,3,5,-1,-1,7,-1,-1,-1],"loss_changes":[1.175816E3,8.738953E0,1.21947205E2,0E0,0E0,2.0046616E1,0E0,0E0,0E0],"parents":[2147483647,0,0,1,1,2,2,5,5],"right_children":[2,4,6,-1,-1,8,-1,-1,-1],"split_conditions":[5.025785E-1,2.0065776E-1,9.056554E-1,-1.5589885E0,-4.0637055E-1,6.0389924E-1,1.2830983E0,-4.324341E-2,4.1874352E-1],"split_indices":[0,0,0,0,0,0,0,0,0],"split_type":[0,0,0,0,0,0,0,0,0],"sum_hessian":[9E0,3E0,6E0,2E0,1E0,4E0,2E0,1E0,3E0],"tree_param":{"num_deleted":"0","num_feature":"2","num_nodes":"9","size_leaf_vector":"1"}},{"base_weights":[-7.740784E-2,-1.2843178E1,7.228376E0,-1.4550557E0,-3.8605195E-1,6.708374E-1,9.717224E0,-4.108124E-2,1.4170685E-1,4.2197877E-1,1.1975586E0],"categories":[],"categories_nodes":[],"categories_segments":[],"categories_sizes":[],"default_left":[0,0,0,0,0,0,0,0,0,0,0],"id":11,"left_children":[1,3,5,-1,-1,7,9,-1,-1,-1,-1],"loss_changes":[1.0254749E3,5.1744995E0,1.0772635E2,0E0,0E0,3.003631E0,1.1541595E1,0E0,0E0,0E0,0E0],"parents":[2147483647,0,0,1,1,2,2,5,5,6,6],"right_children":[2,4,6,-1,-1,8,10,-1,-1,-1,-1],"split_conditions":[5.025785E-1,2.0065776E-1,7.053903E-1,-1.4550557E0,-3.8605195E-1,6.0389924E-1,9.056554E-1,-4.108124E-2,1.4170685E-1,4.2197877E-1,1.1975586E0],"split_indices":[0,0,0,0,0,0,0,0,0,0,0],"split_type":[0,0,0,0,0,0,0,0,0,0,0],"sum_hessian":[9E0,3E0,6E0,2E0,1E0,2E0,4E0,1E0,1E0,2E0,2E0],"tree_param":{"num_deleted":"0","num_feature":"2","num_nodes":"11","size_leaf_vector":"1"}},{"base_weights":[-8.176117E-2,-1.20191345E1,6.751275E0,-1.3580517E0,-3.6674958E-1,6.372935E-1,9.069409E0,-3.9027404E-2,1.3462143E-1,3.9384663E-1,1.1177216E0],"categories":[],"categories_nodes":[],"categories_segments":[],"categories_sizes":[],"default_left":[0,0,0,0,0,0,0,0,0,0,0],"id":12,"left_children":[1,3,5,-1,-1,7,9,-1,-1,-1,-1],"loss_changes":[8.968295E2,2.3538818E0,9.3431305E1,0E0,0E0,2.7107844E0,1.0054077E1,0E0,0E0,0E0,0E0],"parents":[2147483647,0,0,1,1,2,2,5,5,6,6],"right_children":[2,4,6,-1,-1,8,10,-1,-1,-1,-1],"split_conditions":[5.025785E-1,2.0065776E-1,7.053903E-1,-1.3580517E0,-3.6674958E-1,6.0389924E-1,9.056554E-1,-3.9027404E-2,1.3462143E-1,3.9384663E-1,1.1177216E0],"split_indices":[0,0,0,0,0,0,0,0,0,0,0],"split_type":[0,0,0,0,0,0,0,0,0,0,0],"sum_hessian":[9E0,3E0,6E0,2E0,1E0,2E0,4E0,1E0,1E0,2E0,2E0],"tree_param":{"num_deleted":"0","num_feature":"2","num_nodes":"11","size_leaf_vector":"1"}},{"base_weights":[-8.535004E-2,-1.1248425E1,6.3057427E0,-1.2675151E0,-3.4841233E-1,2.5687988E0,1.0432068E0,-3.7075806E-2,3.3963776E-1],"categories":[],"categories_nodes":[],"categories_segments":[],"categories_sizes":[],"default_left":[0,0,0,0,0,0,0,0,0],"id":13,"left_children":[1,3,5,-1,-1,7,-1,-1,-1],"loss_changes":[7.843721E2,1.4831543E-1,8.114099E1,0E0,0E0,1.3422806E1,0E0,0E0,0E0],"parents":[2147483647,0,0,1,1,2,2,5,5],"right_children":[2,4,6,-1,-1,8,-1,-1,-1],"split_conditions":[5.025785E-1,2.0065776E-1,9.056554E-1,-1.2675151E0,-3.4841233E-1,6.0389924E-1,1.0432068E0,-3.7075806E-2,3.3963776E-1],"split_indices":[0,0,0,0,0,0,0,0,0],"split_type":[0,0,0,0,0,0,0,0,0],"sum_hessian":[9E0,3E0,6E0,2E0,1E0,4E0,2E0,1E0,3E0],"tree_param":{"num_deleted":"0","num_feature":"2","num_nodes":"9","size_leaf_vector":"1"}},{"base_weights":[-1.0382843E-1,-1.0527562E0,5.867423E0,5.0457764E-1,7.9116454E0,-3.5221864E-2,1.1090851E-1,3.4494832E-1,9.736592E-1],"categories":[],"categories_nodes":[],"categories_segments":[],"categories_sizes":[],"default_left":[0,0,0,0,0,0,0,0,0],"id":14,"left_children":[1,-1,3,5,7,-1,-1,-1,-1],"loss_changes":[6.8419696E2,0E0,7.274791E1,1.9444597E0,7.1298523E0,0E0,0E0,0E0,0E0],"parents":[2147483647,0,0,2,2,3,3,4,4],"right_children":[2,-1,4,6,8,-1,-1,-1,-1],"split_conditions":[5.025785E-1,-1.0527562E0,7.053903E-1,6.0389924E-1,9.056554E-1,-3.5221864E-2,1.1090851E-1,3.4494832E-1,9.736592E-1],"split_indices":[0,0,0,0,0,0,0,0,0],"split_type":[0,0,0,0,0,0,0,0,0],"sum_hessian":[9E0,3E0,6E0,2E0,4E0,1E0,1E0,2E0,2E0],"tree_param":{"num_deleted":"0","num_feature":"2","num_nodes":"9","size_leaf_vector":"1"}},{"base_weights":[-5.9295654E-2,-9.737999E0,5.4798627E0,-1.1128306E0,-2.783539E-1,4.7934976E-1,7.384198E0,-3.3461E-2,1.05363466E-1,3.219513E-1,9.087483E-1],"categories":[],"categories_nodes":[],"categories_segments":[],"categories_sizes":[],"default_left":[0,0,0,0,0,0,0,0,0,0,0],"id":15,"left_children":[1,3,5,-1,-1,7,9,-1,-1,-1,-1],"loss_changes":[5.8948157E2,7.69928E0,6.3118958E1,0E0,0E0,1.7548909E0,6.210968E0,0E0,0E0,0E0,0E0],"parents":[2147483647,0,0,1,1,2,2,5,5,6,6],"right_children":[2,4,6,-1,-1,8,10,-1,-1,-1,-1],"split_conditions":[5.025785E-1,2.0065776E-1,7.053903E-1,-1.1128306E0,-2.783539E-1,6.0389924E-1,9.056554E-1,-3.3461E-2,1.05363466E-1,3.219513E-1,9.087483E-1],"split_indices":[0,0,0,0,0,0,0,0,0,0,0],"split_type":[0,0,0,0,0,0,0,0,0,0,0],"sum_hessian":[9E0,3E0,6E0,2E0,1E0,2E0,4E0,1E0,1E0,2E0,2E0],"tree_param":{"num_deleted":"0","num_feature":"2","num_nodes":"11","size_leaf_vector":"1"}},{"base_weights":[-6.222534E-2,-9.1119995E0,5.1179633E0,-1.0386424E0,-2.6443633E-1,4.553833E-1,6.891919E0,-3.1787872E-2,1.0009537E-1,3.004883E-1,8.4816486E-1],"categories":[],"categories_nodes":[],"categories_segments":[],"categories_sizes":[],"default_left":[0,0,0,0,0,0,0,0,0,0,0],"id":16,"left_children":[1,3,5,-1,-1,7,9,-1,-1,-1,-1],"loss_changes":[5.154303E2,5.5045776E0,5.475998E1,0E0,0E0,1.5837886E0,5.4103546E0,0E0,0E0,0E0,0E0],"parents":[2147483647,0,0,1,1,2,2,5,5,6,6],"right_children":[2,4,6,-1,-1,8,10,-1,-1,-1,-1],"split_conditions":[5.025785E-1,2.0065776E-1,7.053903E-1,-1.0386424E0,-2.6443633E-1,6.0389924E-1,9.056554E-1,-3.1787872E-2,1.0009537E-1,3.004883E-1,8.4816486E-1],"split_indices":[0,0,0,0,0,0,0,0,0,0,0],"split_type":[0,0,0,0,0,0,0,0,0,0,0],"sum_hessian":[9E0,3E0,6E0,2E0,1E0,2E0,4E0,1E0,1E0,2E0,2E0],"tree_param":{"num_deleted":"0","num_feature":"2","num_nodes":"11","size_leaf_vector":"1"}},{"base_weights":[-6.46164E-2,-8.526573E0,4.7800183E0,-9.6940005E-1,-2.512146E-1,1.271141E0,7.0938915E-1,-3.0198669E-2,1.8961792E-1],"categories":[],"categories_nodes":[],"categories_segments":[],"categories_sizes":[],"default_left":[0,0,0,0,0,0,0,0,0],"id":17,"left_children":[1,3,5,-1,-1,7,-1,-1,-1],"loss_changes":[4.507081E2,3.7328796E0,4.781633E1,0E0,0E0,4.5056806E0,0E0,0E0,0E0],"parents":[2147483647,0,0,1,1,2,2,5,5],"right_children":[2,4,6,-1,-1,8,-1,-1,-1],"split_conditions":[5.025785E-1,2.0065776E-1,8.047273E-1,-9.6940005E-1,-2.512146E-1,6.0389924E-1,7.0938915E-1,-3.0198669E-2,1.8961792E-1],"split_indices":[0,0,0,0,0,0,0,0,0],"split_type":[0,0,0,0,0,0,0,0,0],"sum_hessian":[9E0,3E0,6E0,2E0,1E0,3E0,3E0,1E0,2E0],"tree_param":{"num_deleted":"0","num_feature":"2","num_nodes":"9","size_leaf_vector":"1"}},{"base_weights":[-9.3336485E-2,-7.979065E0,4.426128E0,-9.0477294E-1,-2.3865357E-1,1.7306122E0,7.443278E-1,-2.8688813E-2,2.3067093E-1],"categories":[],"categories_nodes":[],"categories_segments":[],"categories_sizes":[],"default_left":[0,0,0,0,0,0,0,0,0],"id":18,"left_children":[1,3,5,-1,-1,7,-1,-1,-1],"loss_changes":[3.91709E2,2.3134308E0,4.404802E1,0E0,0E0,6.4731474E0,0E0,0E0,0E0],"parents":[2147483647,0,0,1,1,2,2,5,5],"right_children":[2,4,6,-1,-1,8,-1,-1,-1],"split_conditions":[5.025785E-1,2.0065776E-1,9.056554E-1,-9.0477294E-1,-2.3865357E-1,6.0389924E-1,7.443278E-1,-2.8688813E-2,2.3067093E-1],"split_indices":[0,0,0,0,0,0,0,0,0],"split_type":[0,0,0,0,0,0,0,0,0],"sum_hessian":[9E0,3E0,6E0,2E0,1E0,4E0,2E0,1E0,3E0],"tree_param":{"num_deleted":"0","num_feature":"2","num_nodes":"9","size_leaf_vector":"1"}},{"base_weights":[-1.0371399E-1,-7.467018E0,4.118705E0,-8.4445494E-1,-2.267212E-1,1.5979493E0,6.947062E-1,-2.7254486E-2,2.133709E-1],"categories":[],"categories_nodes":[],"categories_segments":[],"categories_sizes":[],"default_left":[0,0,0,0,0,0,0,0,0],"id":19,"left_children":[1,3,5,-1,-1,7,-1,-1,-1],"loss_changes":[3.4166397E2,1.1863251E0,3.8806137E1,0E0,0E0,5.592208E0,0E0,0E0,0E0],"parents":[2147483647,0,0,1,1,2,2,5,5],"right_children":[2,4,6,-1,-1,8,-1,-1,-1],"split_conditions":[5.025785E-1,2.0065776E-1,9.056554E-1,-8.4445494E-1,-2.267212E-1,6.0389924E-1,6.947062E-1,-2.7254486E-2,2.133709E-1],"split_indices":[0,0,0,0,0,0,0,0,0],"split_type":[0,0,0,0,0,0,0,0,0],"sum_hessian":[9E0,3E0,6E0,2E0,1E0,4E0,2E0,1E0,3E0],"tree_param":{"num_deleted":"0","num_feature":"2","num_nodes":"9","size_leaf_vector":"1"}},{"base_weights":[-1.1237641E-1,-6.9881134E0,3.83267E0,-7.881582E-1,-2.1538544E-1,1.4753815E0,6.4839274E-1,-2.5891876E-2,1.9736862E-1],"categories":[],"categories_nodes":[],"categories_segments":[],"categories_sizes":[],"default_left":[0,0,0,0,0,0,0,0,0],"id":20,"left_children":[1,3,5,-1,-1,7,-1,-1,-1],"loss_changes":[2.9803415E2,3.0125427E-1,3.4182182E1,0E0,0E0,4.832074E0,0E0,0E0,0E0],"parents":[2147483647,0,0,1,1,2,2,5,5],"right_children":[2,4,6,-1,-1,8,-1,-1,-1],"split_conditions":[5.025785E-1,2.0065776E-1,9.056554E-1,-7.881582E-1,-2.1538544E-1,6.0389924E-1,6.4839274E-1,-2.5891876E-2,1.9736862E-1],"split_indices":[0,0,0,0,0,0,0,0,0],"split_type":[0,0,0,0,0,0,0,0,0],"sum_hessian":[9E0,3E0,6E0,2E0,1E0,4E0,2E0,1E0,3E0],"tree_param":{"num_deleted":"0","num_feature":"2","num_nodes":"9","size_leaf_vector":"1"}},{"base_weights":[-1.1950531E-1,-6.540184E-1,3.5665262E0,1.3621368E0,6.051666E-1,-2.4597168E-2,1.8256569E0,5.3539276E-2,2.0772807E-1],"categories":[],"categories_nodes":[],"categories_segments":[],"categories_sizes":[],"default_left":[0,0,0,0,0,0,0,0,0],"id":21,"left_children":[1,-1,3,5,-1,-1,7,-1,-1],"loss_changes":[2.5999396E2,0E0,3.010431E1,4.176013E0,0E0,0E0,1.8648338E-1,0E0,0E0],"parents":[2147483647,0,0,2,2,3,3,6,6],"right_children":[2,-1,4,6,-1,-1,8,-1,-1],"split_conditions":[5.025785E-1,-6.540184E-1,9.056554E-1,6.0389924E-1,6.051666E-1,-2.4597168E-2,7.053903E-1,5.3539276E-2,2.0772807E-1],"split_indices":[0,0,0,0,0,0,0,0,0],"split_type":[0,0,0,0,0,0,0,0,0],"sum_hessian":[9E0,3E0,6E0,4E0,2E0,1E0,3E0,1E0,2E0],"tree_param":{"num_deleted":"0","num_feature":"2","num_nodes":"9","size_leaf_vector":"1"}},{"base_weights":[-8.877258E-2,-6.0496674E0,3.3301349E0,-6.9201255E-1,-1.7191468E-1,1.2732544E0,5.648224E-1,-2.336731E-2,1.7084045E0,5.0862122E-2,1.9387919E-1],"categories":[],"categories_nodes":[],"categories_segments":[],"categories_sizes":[],"default_left":[0,0,0,0,0,0,0,0,0,0,0],"id":22,"left_children":[1,3,5,-1,-1,7,-1,-1,9,-1,-1],"loss_changes":[2.2394368E2,3.1814423E0,2.6184593E1,0E0,0E0,3.677907E0,0E0,0E0,1.195488E-1,0E0,0E0],"parents":[2147483647,0,0,1,1,2,2,5,5,8,8],"right_children":[2,4,6,-1,-1,8,-1,-1,10,-1,-1],"split_conditions":[5.025785E-1,2.0065776E-1,9.056554E-1,-6.9201255E-1,-1.7191468E-1,6.0389924E-1,5.648224E-1,-2.336731E-2,7.053903E-1,5.0862122E-2,1.9387919E-1],"split_indices":[0,0,0,0,0,0,0,0,0,0,0],"split_type":[0,0,0,0,0,0,0,0,0,0,0],"sum_hessian":[9E0,3E0,6E0,2E0,1E0,4E0,2E0,1E0,3E0,1E0,2E0],"tree_param":{"num_deleted":"0","num_feature":"2","num_nodes":"11","size_leaf_vector":"1"}},{"base_weights":[-8.766632E-2,-5.660679E0,3.109436E0,-7.594086E-1,-2.484848E-1,1.1902039E0,5.2716774E-1,-2.2199249E-2,1.5987511E0,4.8319247E-2,1.8095398E-1],"categories":[],"categories_nodes":[],"categories_segments":[],"categories_sizes":[],"default_left":[0,0,0,0,0,0,0,0,0,0,0],"id":23,"left_children":[1,3,5,-1,-1,7,-1,-1,9,-1,-1],"loss_changes":[1.9577643E2,5.6905518E0,2.2774536E1,0E0,0E0,3.239655E0,0E0,0E0,6.623173E-2,0E0,0E0],"parents":[2147483647,0,0,1,1,2,2,5,5,8,8],"right_children":[2,4,6,-1,-1,8,-1,-1,10,-1,-1],"split_conditions":[5.025785E-1,1.0061618E-1,9.056554E-1,-7.594086E-1,-2.484848E-1,6.0389924E-1,5.2716774E-1,-2.2199249E-2,7.053903E-1,4.8319247E-2,1.8095398E-1],"split_indices":[0,0,0,0,0,0,0,0,0,0,0],"split_type":[0,0,0,0,0,0,0,0,0,0,0],"sum_hessian":[9E0,3E0,6E0,1E0,2E0,4E0,2E0,1E0,3E0,1E0,2E0],"tree_param":{"num_deleted":"0","num_feature":"2","num_nodes":"11","size_leaf_vector":"1"}},{"base_weights":[-1.0626221E-1,-5.3465805E0,2.9033856E0,-7.214379E-1,-2.3191884E-1,1.1125977E0,4.920237E-1,-2.1089172E-2,1.4961929E0,4.5903016E-2,1.6889039E-1],"categories":[],"categories_nodes":[],"categories_segments":[],"categories_sizes":[],"default_left":[0,0,0,0,0,0,0,0,0,0,0],"id":24,"left_children":[1,3,5,-1,-1,7,-1,-1,9,-1,-1],"loss_changes":[1.7323831E2,5.8867264E0,1.9808037E1,0E0,0E0,2.8539567E0,0E0,0E0,2.423191E-2,0E0,0E0],"parents":[2147483647,0,0,1,1,2,2,5,5,8,8],"right_children":[2,4,6,-1,-1,8,-1,-1,10,-1,-1],"split_conditions":[5.025785E-1,1.0061618E-1,9.056554E-1,-7.214379E-1,-2.3191884E-1,6.0389924E-1,4.920237E-1,-2.1089172E-2,7.053903E-1,4.5903016E-2,1.6889039E-1],"split_indices":[0,0,0,0,0,0,0,0,0,0,0],"split_type":[0,0,0,0,0,0,0,0,0,0,0],"sum_hessian":[9E0,3E0,6E0,1E0,2E0,4E0,2E0,1E0,3E0,1E0,2E0],"tree_param":{"num_deleted":"0","num_feature":"2","num_nodes":"11","size_leaf_vector":"1"}},{"base_weights":[-1.2239685E-1,-5.0502625E0,2.7110116E0,-6.853661E-1,-2.1645764E-1,1.3481241E0,5.4441684E-1,1.5715535E-1,1.9043198E-1,-2.003479E-2,4.3608095E-2],"categories":[],"categories_nodes":[],"categories_segments":[],"categories_sizes":[],"default_left":[0,0,0,0,0,0,0,0,0,0,0],"id":25,"left_children":[1,3,5,-1,-1,7,-1,9,-1,-1,-1],"loss_changes":[1.5331789E2,5.9808884E0,1.8735477E1,0E0,0E0,3.6751966E0,0E0,3.865183E-1,0E0,0E0,0E0],"parents":[2147483647,0,0,1,1,2,2,5,5,7,7],"right_children":[2,4,6,-1,-1,8,-1,10,-1,-1,-1],"split_conditions":[5.025785E-1,1.0061618E-1,1E0,-6.853661E-1,-2.1645764E-1,7.053903E-1,5.4441684E-1,6.0389924E-1,1.9043198E-1,-2.003479E-2,4.3608095E-2],"split_indices":[0,0,0,0,0,0,0,0,0,0,0],"split_type":[0,0,0,0,0,0,0,0,0,0,0],"sum_hessian":[9E0,3E0,6E0,1E0,2E0,5E0,1E0,2E0,3E0,1E0,1E0],"tree_param":{"num_deleted":"0","num_feature":"2","num_nodes":"11","size_leaf_vector":"1"}},{"base_weights":[-1.2449646E-1,-4.770691E0,2.548257E0,-6.510979E-1,-2.0202687E-1,1.2489802E0,5.171959E-1,1.4929707E-1,1.7614976E-1,-1.903305E-2,4.1427612E-2],"categories":[],"categories_nodes":[],"categories_segments":[],"categories_sizes":[],"default_left":[0,0,0,0,0,0,0,0,0,0,0],"id":26,"left_children":[1,3,5,-1,-1,7,-1,9,-1,-1,-1],"loss_changes":[1.3633826E2,5.9921875E0,1.7402733E1,0E0,0E0,3.1186523E0,0E0,3.4883198E-1,0E0,0E0,0E0],"parents":[2147483647,0,0,1,1,2,2,5,5,7,7],"right_children":[2,4,6,-1,-1,8,-1,10,-1,-1,-1],"split_conditions":[5.025785E-1,1.0061618E-1,1E0,-6.510979E-1,-2.0202687E-1,7.053903E-1,5.171959E-1,6.0389924E-1,1.7614976E-1,-1.903305E-2,4.1427612E-2],"split_indices":[0,0,0,0,0,0,0,0,0,0,0],"split_type":[0,0,0,0,0,0,0,0,0,0,0],"sum_hessian":[9E0,3E0,6E0,1E0,2E0,5E0,1E0,2E0,3E0,1E0,1E0],"tree_param":{"num_deleted":"0","num_feature":"2","num_nodes":"11","size_leaf_vector":"1"}},{"base_weights":[-1.2578583E-1,-4.5069046E0,2.39568E0,-6.1854327E-1,-1.8855844E-1,1.1571732E0,4.9133608E-1,-1.8081665E-2,1.4609344E0,3.935623E-2,1.629387E-1],"categories":[],"categories_nodes":[],"categories_segments":[],"categories_sizes":[],"default_left":[0,0,0,0,0,0,0,0,0,0,0],"id":27,"left_children":[1,3,5,-1,-1,7,-1,-1,9,-1,-1],"loss_changes":[1.2126552E2,5.9366837E0,1.6141544E1,0E0,0E0,2.7027388E0,0E0,0E0,2.5774193E-1,0E0,0E0],"parents":[2147483647,0,0,1,1,2,2,5,5,8,8],"right_children":[2,4,6,-1,-1,8,-1,-1,10,-1,-1],"split_conditions":[5.025785E-1,1.0061618E-1,1E0,-6.1854327E-1,-1.8855844E-1,6.0389924E-1,4.9133608E-1,-1.8081665E-2,7.053903E-1,3.935623E-2,1.629387E-1],"split_indices":[0,0,0,0,0,0,0,0,0,0,0],"split_type":[0,0,0,0,0,0,0,0,0,0,0],"sum_hessian":[9E0,3E0,6E0,1E0,2E0,5E0,1E0,1E0,4E0,1E0,3E0],"tree_param":{"num_deleted":"0","num_feature":"2","num_nodes":"11","size_leaf_vector":"1"}},{"base_weights":[-1.2636109E-1,-4.257992E0,2.2526224E0,-5.8761597E-1,-1.7598826E-1,1.0721613E0,4.6676943E-1,-1.7177582E-2,1.355304E0,3.738861E-2,1.5071869E-1],"categories":[],"categories_nodes":[],"categories_segments":[],"categories_sizes":[],"default_left":[0,0,0,0,0,0,0,0,0,0,0],"id":28,"left_children":[1,3,5,-1,-1,7,-1,-1,9,-1,-1],"loss_changes":[1.0788246E2,5.828087E0,1.4951763E1,0E0,0E0,2.3460784E0,0E0,0E0,1.8178749E-1,0E0,0E0],"parents":[2147483647,0,0,1,1,2,2,5,5,8,8],"right_children":[2,4,6,-1,-1,8,-1,-1,10,-1,-1],"split_conditions":[5.025785E-1,1.0061618E-1,1E0,-5.8761597E-1,-1.7598826E-1,6.0389924E-1,4.6676943E-1,-1.7177582E-2,7.053903E-1,3.738861E-2,1.5071869E-1],"split_indices":[0,0,0,0,0,0,0,0,0,0,0],"split_type":[0,0,0,0,0,0,0,0,0,0,0],"sum_hessian":[9E0,3E0,6E0,1E0,2E0,5E0,1E0,1E0,4E0,1E0,3E0],"tree_param":{"num_deleted":"0","num_feature":"2","num_nodes":"11","size_leaf_vector":"1"}},{"base_weights":[-1.2631531E-1,-4.0230904E0,2.1184583E0,-5.5823517E-1,-1.6425528E-1,9.934311E-1,4.434311E-1,-1.6318513E-2,1.2573913E0,3.551941E-2,1.3941422E-1],"categories":[],"categories_nodes":[],"categories_segments":[],"categories_sizes":[],"default_left":[0,0,0,0,0,0,0,0,0,0,0],"id":29,"left_children":[1,3,5,-1,-1,7,-1,-1,9,-1,-1],"loss_changes":[9.599654E1,5.678215E0,1.3832598E1,0E0,0E0,2.036992E0,0E0,0E0,1.2169027E-1,0E0,0E0],"parents":[2147483647,0,0,1,1,2,2,5,5,8,8],"right_children":[2,4,6,-1,-1,8,-1,-1,10,-1,-1],"split_conditions":[5.025785E-1,1.0061618E-1,1E0,-5.5823517E-1,-1.6425528E-1,6.0389924E-1,4.434311E-1,-1.6318513E-2,7.053903E-1,3.551941E-2,1.3941422E-1],"split_indices":[0,0,0,0,0,0,0,0,0,0,0],"split_type":[0,0,0,0,0,0,0,0,0,0,0],"sum_hessian":[9E0,3E0,6E0,1E0,2E0,5E0,1E0,1E0,4E0,1E0,3E0],"tree_param":{"num_deleted":"0","num_feature":"2","num_nodes":"11","size_leaf_vector":"1"}},{"base_weights":[-1.257309E-1,-3.801403E0,1.9926147E0,-5.303238E-1,-1.5330455E-1,9.2051953E-1,4.212593E-1,-1.550293E-2,1.1666352E0,3.374329E-2,1.2895775E-1],"categories":[],"categories_nodes":[],"categories_segments":[],"categories_sizes":[],"default_left":[0,0,0,0,0,0,0,0,0,0,0],"id":30,"left_children":[1,3,5,-1,-1,7,-1,-1,9,-1,-1],"loss_changes":[8.543817E1,5.496689E0,1.2782425E1,0E0,0E0,1.7691193E0,0E0,0E0,7.457399E-2,0E0,0E0],"parents":[2147483647,0,0,1,1,2,2,5,5,8,8],"right_children":[2,4,6,-1,-1,8,-1,-1,10,-1,-1],"split_conditions":[5.025785E-1,1.0061618E-1,1E0,-5.303238E-1,-1.5330455E-1,6.0389924E-1,4.212593E-1,-1.550293E-2,7.053903E-1,3.374329E-2,1.2895775E-1],"split_indices":[0,0,0,0,0,0,0,0,0,0,0],"split_type":[0,0,0,0,0,0,0,0,0,0,0],"sum_hessian":[9E0,3E0,6E0,1E0,2E0,5E0,1E0,1E0,4E0,1E0,3E0],"tree_param":{"num_deleted":"0","num_feature":"2","num_nodes":"11","size_leaf_vector":"1"}},{"base_weights":[-1.2467346E-1,-3.5921707E0,1.874564E0,-5.0380784E-1,-1.4308421E-1,8.5300446E-1,4.0019608E-1,-1.4727783E-2,1.0825164E0,3.205643E-2,1.1928635E-1],"categories":[],"categories_nodes":[],"categories_segments":[],"categories_sizes":[],"default_left":[0,0,0,0,0,0,0,0,0,0,0],"id":31,"left_children":[1,3,5,-1,-1,7,-1,-1,9,-1,-1],"loss_changes":[7.605726E1,5.29163E0,1.1799147E1,0E0,0E0,1.5368924E0,0E0,0E0,3.800583E-2,0E0,0E0],"parents":[2147483647,0,0,1,1,2,2,5,5,8,8],"right_children":[2,4,6,-1,-1,8,-1,-1,10,-1,-1],"split_conditions":[5.025785E-1,1.0061618E-1,1E0,-5.0380784E-1,-1.4308421E-1,6.0389924E-1,4.0019608E-1,-1.4727783E-2,7.053903E-1,3.205643E-2,1.1928635E-1],"split_indices":[0,0,0,0,0,0,0,0,0,0,0],"split_type":[0,0,0,0,0,0,0,0,0,0,0],"sum_hessian":[9E0,3E0,6E0,1E0,2E0,5E0,1E0,1E0,4E0,1E0,3E0],"tree_param":{"num_deleted":"0","num_feature":"2","num_nodes":"11","size_leaf_vector":"1"}},{"base_weights":[-1.2321625E-1,-3.3946762E0,1.7637918E0,-4.786171E-1,-1.3354544E-1,7.904689E-1,3.8018647E-1,-1.3991547E-2,1.0045288E0,3.0453492E-2,1.1033936E-1],"categories":[],"categories_nodes":[],"categories_segments":[],"categories_sizes":[],"default_left":[0,0,0,0,0,0,0,0,0,0,0],"id":32,"left_children":[1,3,5,-1,-1,7,-1,-1,9,-1,-1],"loss_changes":[6.7720215E1,5.069874E0,1.0880665E1,0E0,0E0,1.3354971E0,0E0,0E0,1.0001659E-2,0E0,0E0],"parents":[2147483647,0,0,1,1,2,2,5,5,8,8],"right_children":[2,4,6,-1,-1,8,-1,-1,10,-1,-1],"split_conditions":[5.025785E-1,1.0061618E-1,1E0,-4.786171E-1,-1.3354544E-1,6.0389924E-1,3.8018647E-1,-1.3991547E-2,7.053903E-1,3.0453492E-2,1.1033936E-1],"split_indices":[0,0,0,0,0,0,0,0,0,0,0],"split_type":[0,0,0,0,0,0,0,0,0,0,0],"sum_hessian":[9E0,3E0,6E0,1E0,2E0,5E0,1E0,1E0,4E0,1E0,3E0],"tree_param":{"num_deleted":"0","num_feature":"2","num_nodes":"11","size_leaf_vector":"1"}},{"base_weights":[-1.2141113E-1,-3.2082481E0,1.6598402E0,-4.54686E-1,-1.2464243E-1,7.3255664E-1,3.6117706E-1,-1.3291932E-2,9.322357E-2],"categories":[],"categories_nodes":[],"categories_segments":[],"categories_sizes":[],"default_left":[0,0,0,0,0,0,0,0,0],"id":33,"left_children":[1,3,5,-1,-1,7,-1,-1,-1],"loss_changes":[6.03095E1,4.837162E0,1.0024124E1,0E0,0E0,1.1608164E0,0E0,0E0,0E0],"parents":[2147483647,0,0,1,1,2,2,5,5],"right_children":[2,4,6,-1,-1,8,-1,-1,-1],"split_conditions":[5.025785E-1,1.0061618E-1,1E0,-4.54686E-1,-1.2464243E-1,6.0389924E-1,3.6117706E-1,-1.3291932E-2,9.322357E-2],"split_indices":[0,0,0,0,0,0,0,0,0],"split_type":[0,0,0,0,0,0,0,0,0],"sum_hessian":[9E0,3E0,6E0,1E0,2E0,5E0,1E0,1E0,4E0],"tree_param":{"num_deleted":"0","num_feature":"2","num_nodes":"9","size_leaf_vector":"1"}},{"base_weights":[-1.2308884E-1,-3.0322514E0,1.5568739E0,-4.3195152E-1,-1.1633249E-1,6.7262524E-1,3.4311828E-1,-1.2627411E-2,8.5765994E-1,2.4269104E-2,9.507294E-2],"categories":[],"categories_nodes":[],"categories_segments":[],"categories_sizes":[],"default_left":[0,0,0,0,0,0,0,0,0,0,0],"id":34,"left_children":[1,3,5,-1,-1,7,-1,-1,9,-1,-1],"loss_changes":[5.3593678E1,4.5982056E0,9.293587E0,0E0,0E0,9.95245E-1,0E0,0E0,5.5440426E-2,0E0,0E0],"parents":[2147483647,0,0,1,1,2,2,5,5,8,8],"right_children":[2,4,6,-1,-1,8,-1,-1,10,-1,-1],"split_conditions":[5.025785E-1,1.0061618E-1,1E0,-4.3195152E-1,-1.1633249E-1,6.0389924E-1,3.4311828E-1,-1.2627411E-2,7.053903E-1,2.4269104E-2,9.507294E-2],"split_indices":[0,0,0,0,0,0,0,0,0,0,0],"split_type":[0,0,0,0,0,0,0,0,0,0,0],"sum_hessian":[9E0,3E0,6E0,1E0,2E0,5E0,1E0,1E0,4E0,1E0,3E0],"tree_param":{"num_deleted":"0","num_feature":"2","num_nodes":"11","size_leaf_vector":"1"}},{"base_weights":[-1.206253E-1,-2.8660965E0,1.4654475E0,-4.1035387E-1,-1.0857697E-1,6.231486E-1,3.2596207E-1,-1.1995697E-2,7.957611E-1,2.305603E-2,8.794212E-2],"categories":[],"categories_nodes":[],"categories_segments":[],"categories_sizes":[],"default_left":[0,0,0,0,0,0,0,0,0,0,0],"id":35,"left_children":[1,3,5,-1,-1,7,-1,-1,9,-1,-1],"loss_changes":[4.774529E1,4.3567047E0,8.547383E0,0E0,0E0,8.6507297E-1,0E0,0E0,3.3664227E-2,0E0,0E0],"parents":[2147483647,0,0,1,1,2,2,5,5,8,8],"right_children":[2,4,6,-1,-1,8,-1,-1,10,-1,-1],"split_conditions":[5.025785E-1,1.0061618E-1,1E0,-4.1035387E-1,-1.0857697E-1,6.0389924E-1,3.2596207E-1,-1.1995697E-2,7.053903E-1,2.305603E-2,8.794212E-2],"split_indices":[0,0,0,0,0,0,0,0,0,0,0],"split_type":[0,0,0,0,0,0,0,0,0,0,0],"sum_hessian":[9E0,3E0,6E0,1E0,2E0,5E0,1E0,1E0,4E0,1E0,3E0],"tree_param":{"num_deleted":"0","num_feature":"2","num_nodes":"11","size_leaf_vector":"1"}},{"base_weights":[-1.1795654E-1,-2.709217E0,1.3796147E0,-3.8983613E-1,-1.013382E-1,5.773366E-1,3.0966416E-1,-1.1396027E-2,7.3838806E-1,2.190323E-2,8.134689E-2],"categories":[],"categories_nodes":[],"categories_segments":[],"categories_sizes":[],"default_left":[0,0,0,0,0,0,0,0,0,0,0],"id":36,"left_children":[1,3,5,-1,-1,7,-1,-1,9,-1,-1],"loss_changes":[4.2543648E1,4.115841E0,7.854925E0,0E0,0E0,7.5215304E-1,0E0,0E0,1.6792536E-2,0E0,0E0],"parents":[2147483647,0,0,1,1,2,2,5,5,8,8],"right_children":[2,4,6,-1,-1,8,-1,-1,10,-1,-1],"split_conditions":[5.025785E-1,1.0061618E-1,1E0,-3.8983613E-1,-1.013382E-1,6.0389924E-1,3.0966416E-1,-1.1396027E-2,7.053903E-1,2.190323E-2,8.134689E-2],"split_indices":[0,0,0,0,0,0,0,0,0,0,0],"split_type":[0,0,0,0,0,0,0,0,0,0,0],"sum_hessian":[9E0,3E0,6E0,1E0,2E0,5E0,1E0,1E0,4E0,1E0,3E0],"tree_param":{"num_deleted":"0","num_feature":"2","num_nodes":"11","size_leaf_vector":"1"}},{"base_weights":[-1.15125276E-1,-2.5610905E0,1.2990156E0,-3.7034416E-1,-9.4582625E-2,5.349147E-1,2.9418108E-1,-1.0826111E-2,6.85202E-1,2.0808412E-2,7.524605E-2],"categories":[],"categories_nodes":[],"categories_segments":[],"categories_sizes":[],"default_left":[0,0,0,0,0,0,0,0,0,0,0],"id":37,"left_children":[1,3,5,-1,-1,7,-1,-1,9,-1,-1],"loss_changes":[3.791629E1,3.877983E0,7.213211E0,0E0,0E0,6.541476E-1,0E0,0E0,3.8762093E-3,0E0,0E0],"parents":[2147483647,0,0,1,1,2,2,5,5,8,8],"right_children":[2,4,6,-1,-1,8,-1,-1,10,-1,-1],"split_conditions":[5.025785E-1,1.0061618E-1,1E0,-3.7034416E-1,-9.4582625E-2,6.0389924E-1,2.9418108E-1,-1.0826111E-2,7.053903E-1,2.0808412E-2,7.524605E-2],"split_indices":[0,0,0,0,0,0,0,0,0,0,0],"split_type":[0,0,0,0,0,0,0,0,0,0,0],"sum_hessian":[9E0,3E0,6E0,1E0,2E0,5E0,1E0,1E0,4E0,1E0,3E0],"tree_param":{"num_deleted":"0","num_feature":"2","num_nodes":"11","size_leaf_vector":"1"}},{"base_weights":[-1.1216049E-1,-2.4212093E0,1.2233189E0,-3.5182688E-1,-8.827668E-2,4.956309E-1,2.7947235E-1,-1.0284424E-2,6.3589476E-2],"categories":[],"categories_nodes":[],"categories_segments":[],"categories_sizes":[],"default_left":[0,0,0,0,0,0,0,0,0],"id":38,"left_children":[1,3,5,-1,-1,7,-1,-1,-1],"loss_changes":[3.3798782E1,3.6452408E0,6.619296E0,0E0,0E0,5.69065E-1,0E0,0E0,0E0],"parents":[2147483647,0,0,1,1,2,2,5,5],"right_children":[2,4,6,-1,-1,8,-1,-1,-1],"split_conditions":[5.025785E-1,1.0061618E-1,1E0,-3.5182688E-1,-8.827668E-2,6.0389924E-1,2.7947235E-1,-1.0284424E-2,6.3589476E-2],"split_indices":[0,0,0,0,0,0,0,0,0],"split_type":[0,0,0,0,0,0,0,0,0],"sum_hessian":[9E0,3E0,6E0,1E0,2E0,5E0,1E0,1E0,4E0],"tree_param":{"num_deleted":"0","num_feature":"2","num_nodes":"9","size_leaf_vector":"1"}},{"base_weights":[-1.1167602E-1,-2.289116E0,1.148529E0,-3.342354E-1,-8.2391866E-2,4.5495605E-1,2.6549837E-1,-9.770202E-3,5.8502805E-1,1.6588593E-2,6.4834215E-2],"categories":[],"categories_nodes":[],"categories_segments":[],"categories_sizes":[],"default_left":[0,0,0,0,0,0,0,0,0,0,0],"id":39,"left_children":[1,3,5,-1,-1,7,-1,-1,9,-1,-1],"loss_changes":[3.0069324E1,3.4189777E0,6.1059513E0,0E0,0E0,4.8847044E-1,0E0,0E0,2.5137186E-2,0E0,0E0],"parents":[2147483647,0,0,1,1,2,2,5,5,8,8],"right_children":[2,4,6,-1,-1,8,-1,-1,10,-1,-1],"split_conditions":[5.025785E-1,1.0061618E-1,1E0,-3.342354E-1,-8.2391866E-2,6.0389924E-1,2.6549837E-1,-9.770202E-3,7.053903E-1,1.6588593E-2,6.4834215E-2],"split_indices":[0,0,0,0,0,0,0,0,0,0,0],"split_type":[0,0,0,0,0,0,0,0,0,0,0],"sum_hessian":[9E0,3E0,6E0,1E0,2E0,5E0,1E0,1E0,4E0,1E0,3E0],"tree_param":{"num_deleted":"0","num_feature":"2","num_nodes":"11","size_leaf_vector":"1"}},{"base_weights":[-1.0845566E-1,-2.6549504E0,8.6003685E-1,-3.1752357E-1,-8.0718994E-2,2.6226154E-1,2.5222322E-1,-2.9273987E-2,5.428101E-1,1.5759278E-2,5.997162E-2],"categories":[],"categories_nodes":[],"categories_segments":[],"categories_sizes":[],"default_left":[0,0,0,0,0,0,0,0,0,0,0],"id":40,"left_children":[1,3,5,-1,-1,7,-1,-1,9,-1,-1],"loss_changes":[2.6945967E1,3.2106972E-1,7.287471E0,0E0,0E0,1.2488359E0,0E0,0E0,1.5095115E-2,0E0,0E0],"parents":[2147483647,0,0,1,1,2,2,5,5,8,8],"right_children":[2,4,6,-1,-1,8,-1,-1,10,-1,-1],"split_conditions":[2.0065776E-1,1.0061618E-1,1E0,-3.1752357E-1,-8.0718994E-2,6.0389924E-1,2.5222322E-1,-2.9273987E-2,7.053903E-1,1.5759278E-2,5.997162E-2],"split_indices":[0,0,0,0,0,0,0,0,0,0,0],"split_type":[0,0,0,0,0,0,0,0,0,0,0],"sum_hessian":[9E0,2E0,7E0,1E0,1E0,6E0,1E0,2E0,4E0,1E0,3E0],"tree_param":{"num_deleted":"0","num_feature":"2","num_nodes":"11","size_leaf_vector":"1"}},{"base_weights":[-1.0756607E-1,-2.5222042E0,8.1136894E-1,-3.0164757E-1,-7.6683044E-2,2.426736E-1,2.3961182E-1,-2.7322388E-1,5.0367737E-1,-3.3164978E-2,-7.818604E-3,1.4971161E-2,5.547409E-2],"categories":[],"categories_nodes":[],"categories_segments":[],"categories_sizes":[],"default_left":[0,0,0,0,0,0,0,0,0,0,0,0,0],"id":41,"left_children":[1,3,5,-1,-1,7,-1,9,11,-1,-1,-1,-1],"loss_changes":[2.423539E1,2.8977013E-1,6.6284413E0,0E0,0E0,1.0801749E0,0E0,8.255407E-3,7.32255E-3,0E0,0E0,0E0,0E0],"parents":[2147483647,0,0,1,1,2,2,5,5,7,7,8,8],"right_children":[2,4,6,-1,-1,8,-1,10,12,-1,-1,-1,-1],"split_conditions":[2.0065776E-1,1.0061618E-1,1E0,-3.0164757E-1,-7.6683044E-2,6.0389924E-1,2.3961182E-1,5.025785E-1,7.053903E-1,-3.3164978E-2,-7.818604E-3,1.4971161E-2,5.547409E-2],"split_indices":[0,0,0,0,0,0,0,0,0,0,0,0,0],"split_type":[0,0,0,0,0,0,0,0,0,0,0,0,0],"sum_hessian":[9E0,2E0,7E0,1E0,1E0,6E0,1E0,2E0,4E0,1E0,1E0,1E0,3E0],"tree_param":{"num_deleted":"0","num_feature":"2","num_nodes":"13","size_leaf_vector":"1"}},{"base_weights":[-1.0773544E-1,-2.3960903E0,7.638645E-1,-2.8656504E-1,-7.284851E-2,2.2261265E-1,2.2763138E-1,-2.5956216E-1,4.67395E-1,-3.150635E-2,-7.427979E-3,2.1126302E-2,5.677287E-2],"categories":[],"categories_nodes":[],"categories_segments":[],"categories_sizes":[],"default_left":[0,0,0,0,0,0,0,0,0,0,0,0,0],"id":42,"left_children":[1,3,5,-1,-1,7,-1,9,11,-1,-1,-1,-1],"loss_changes":[2.1775587E1,2.6153755E-1,6.042192E0,0E0,0E0,9.4751334E-1,0E0,7.4473917E-3,8.5532665E-3,0E0,0E0,0E0,0E0],"parents":[2147483647,0,0,1,1,2,2,5,5,7,7,8,8],"right_children":[2,4,6,-1,-1,8,-1,10,12,-1,-1,-1,-1],"split_conditions":[2.0065776E-1,1.0061618E-1,1E0,-2.8656504E-1,-7.284851E-2,6.0389924E-1,2.2763138E-1,5.025785E-1,8.047273E-1,-3.150635E-2,-7.427979E-3,2.1126302E-2,5.677287E-2],"split_indices":[0,0,0,0,0,0,0,0,0,0,0,0,0],"split_type":[0,0,0,0,0,0,0,0,0,0,0,0,0],"sum_hessian":[9E0,2E0,7E0,1E0,1E0,6E0,1E0,2E0,4E0,1E0,1E0,2E0,2E0],"tree_param":{"num_deleted":"0","num_feature":"2","num_nodes":"13","size_leaf_vector":"1"}},{"base_weights":[-1.0624542E-1,-2.276286E0,7.208004E-1,-2.7223665E-1,-6.920624E-2,2.0591518E-1,2.1624985E-1,-2.4658203E-1,4.3623048E-1,-2.9930878E-2,-7.056427E-3,1.9717408E-2,5.2987672E-2],"categories":[],"categories_nodes":[],"categories_segments":[],"categories_sizes":[],"default_left":[0,0,0,0,0,0,0,0,0,0,0,0,0],"id":43,"left_children":[1,3,5,-1,-1,7,-1,9,11,-1,-1,-1,-1],"loss_changes":[1.9587976E1,2.3602676E-1,5.4931808E0,0E0,0E0,8.370857E-1,0E0,6.722033E-3,7.455826E-3,0E0,0E0,0E0,0E0],"parents":[2147483647,0,0,1,1,2,2,5,5,7,7,8,8],"right_children":[2,4,6,-1,-1,8,-1,10,12,-1,-1,-1,-1],"split_conditions":[2.0065776E-1,1.0061618E-1,1E0,-2.7223665E-1,-6.920624E-2,6.0389924E-1,2.1624985E-1,5.025785E-1,8.047273E-1,-2.9930878E-2,-7.056427E-3,1.9717408E-2,5.2987672E-2],"split_indices":[0,0,0,0,0,0,0,0,0,0,0,0,0],"split_type":[0,0,0,0,0,0,0,0,0,0,0,0,0],"sum_hessian":[9E0,2E0,7E0,1E0,1E0,6E0,1E0,2E0,4E0,1E0,1E0,2E0,2E0],"tree_param":{"num_deleted":"0","num_feature":"2","num_nodes":"13","size_leaf_vector":"1"}},{"base_weights":[-1.0456772E-1,-2.162468E0,6.8021584E-1,-2.5862464E-1,-6.574555E-2,1.9042532E-1,2.0543747E-1,-2.3425293E-1,4.0714723E-1,-2.8433992E-2,-6.703949E-3,1.8403118E-2,4.9454752E-2],"categories":[],"categories_nodes":[],"categories_segments":[],"categories_sizes":[],"default_left":[0,0,0,0,0,0,0,0,0,0,0,0,0],"id":44,"left_children":[1,3,5,-1,-1,7,-1,9,11,-1,-1,-1,-1],"loss_changes":[1.7621008E1,2.1303368E-1,4.9931946E0,0E0,0E0,7.3963493E-1,0E0,6.06364E-3,6.4899325E-3,0E0,0E0,0E0,0E0],"parents":[2147483647,0,0,1,1,2,2,5,5,7,7,8,8],"right_children":[2,4,6,-1,-1,8,-1,10,12,-1,-1,-1,-1],"split_conditions":[2.0065776E-1,1.0061618E-1,1E0,-2.5862464E-1,-6.574555E-2,6.0389924E-1,2.0543747E-1,5.025785E-1,8.047273E-1,-2.8433992E-2,-6.703949E-3,1.8403118E-2,4.9454752E-2],"split_indices":[0,0,0,0,0,0,0,0,0,0,0,0,0],"split_type":[0,0,0,0,0,0,0,0,0,0,0,0,0],"sum_hessian":[9E0,2E0,7E0,1E0,1E0,6E0,1E0,2E0,4E0,1E0,1E0,2E0,2E0],"tree_param":{"num_deleted":"0","num_feature":"2","num_nodes":"13","size_leaf_vector":"1"}},{"base_weights":[-1.0273361E-1,-2.0543442E0,6.4196205E-1,-2.456936E-1,-6.245804E-2,1.7605591E-1,1.9516526E-1,-2.2254436E-1,3.8000488E-1,-2.7012635E-2,-6.3690185E-3,1.7176311E-2,4.6157837E-2],"categories":[],"categories_nodes":[],"categories_segments":[],"categories_sizes":[],"default_left":[0,0,0,0,0,0,0,0,0,0,0,0,0],"id":45,"left_children":[1,3,5,-1,-1,7,-1,9,11,-1,-1,-1,-1],"loss_changes":[1.585237E1,1.9227791E-1,4.537943E0,0E0,0E0,6.536268E-1,0E0,5.4713935E-3,5.6529045E-3,0E0,0E0,0E0,0E0],"parents":[2147483647,0,0,1,1,2,2,5,5,7,7,8,8],"right_children":[2,4,6,-1,-1,8,-1,10,12,-1,-1,-1,-1],"split_conditions":[2.0065776E-1,1.0061618E-1,1E0,-2.456936E-1,-6.245804E-2,6.0389924E-1,1.9516526E-1,5.025785E-1,8.047273E-1,-2.7012635E-2,-6.3690185E-3,1.7176311E-2,4.6157837E-2],"split_indices":[0,0,0,0,0,0,0,0,0,0,0,0,0],"split_type":[0,0,0,0,0,0,0,0,0,0,0,0,0],"sum_hessian":[9E0,2E0,7E0,1E0,1E0,6E0,1E0,2E0,4E0,1E0,1E0,2E0,2E0],"tree_param":{"num_deleted":"0","num_feature":"2","num_nodes":"13","size_leaf_vector":"1"}},{"base_weights":[-1.0076523E-1,-1.9516271E0,6.059036E-1,-2.3340873E-1,-5.933533E-2,1.6272627E-1,1.8540727E-1,-2.114207E-1,3.5466918E-1,-2.5662232E-2,-6.050873E-3,1.0401154E-2,3.9133072E-2],"categories":[],"categories_nodes":[],"categories_segments":[],"categories_sizes":[],"default_left":[0,0,0,0,0,0,0,0,0,0,0,0,0],"id":46,"left_children":[1,3,5,-1,-1,7,-1,9,11,-1,-1,-1,-1],"loss_changes":[1.4261962E1,1.7351818E-1,4.1235757E0,0E0,0E0,5.7768846E-1,0E0,4.9365014E-3,5.2444935E-3,0E0,0E0,0E0,0E0],"parents":[2147483647,0,0,1,1,2,2,5,5,7,7,8,8],"right_children":[2,4,6,-1,-1,8,-1,10,12,-1,-1,-1,-1],"split_conditions":[2.0065776E-1,1.0061618E-1,1E0,-2.3340873E-1,-5.933533E-2,6.0389924E-1,1.8540727E-1,5.025785E-1,7.053903E-1,-2.5662232E-2,-6.050873E-3,1.0401154E-2,3.9133072E-2],"split_indices":[0,0,0,0,0,0,0,0,0,0,0,0,0],"split_type":[0,0,0,0,0,0,0,0,0,0,0,0,0],"sum_hessian":[9E0,2E0,7E0,1E0,1E0,6E0,1E0,2E0,4E0,1E0,1E0,1E0,3E0],"tree_param":{"num_deleted":"0","num_feature":"2","num_nodes":"13","size_leaf_vector":"1"}},{"base_weights":[-9.964142E-2,-1.8540446E0,5.7071495E-1,-2.2173844E-1,-5.6368258E-2,1.4899771E-1,1.7613678E-1,-2.0084636E-1,3.291046E-1,-2.4378968E-2,-5.747986E-3,1.4379375E-2,4.0471397E-2],"categories":[],"categories_nodes":[],"categories_segments":[],"categories_sizes":[],"default_left":[0,0,0,0,0,0,0,0,0,0,0,0,0],"id":47,"left_children":[1,3,5,-1,-1,7,-1,9,11,-1,-1,-1,-1],"loss_changes":[1.2818884E1,1.5661907E-1,3.7545109E0,0E0,0E0,5.071648E-1,0E0,4.4569E-3,1.1860788E-2,0E0,0E0,0E0,0E0],"parents":[2147483647,0,0,1,1,2,2,5,5,7,7,8,8],"right_children":[2,4,6,-1,-1,8,-1,10,12,-1,-1,-1,-1],"split_conditions":[2.0065776E-1,1.0061618E-1,1E0,-2.2173844E-1,-5.6368258E-2,6.0389924E-1,1.7613678E-1,5.025785E-1,8.047273E-1,-2.4378968E-2,-5.747986E-3,1.4379375E-2,4.0471397E-2],"split_indices":[0,0,0,0,0,0,0,0,0,0,0,0,0],"split_type":[0,0,0,0,0,0,0,0,0,0,0,0,0],"sum_hessian":[9E0,2E0,7E0,1E0,1E0,6E0,1E0,2E0,4E0,1E0,1E0,2E0,2E0],"tree_param":{"num_deleted":"0","num_feature":"2","num_nodes":"13","size_leaf_vector":"1"}},{"base_weights":[-9.739838E-2,-1.7613424E0,5.387554E-1,-2.106514E-1,-5.3549957E-2,1.3763428E-1,1.6733018E-1,-1.9080098E-1,3.0716857E-1,-2.315979E-2,-5.4603578E-3,1.3421123E-2,3.7773643E-2],"categories":[],"categories_nodes":[],"categories_segments":[],"categories_sizes":[],"default_left":[0,0,0,0,0,0,0,0,0,0,0,0,0],"id":48,"left_children":[1,3,5,-1,-1,7,-1,9,11,-1,-1,-1,-1],"loss_changes":[1.1534175E1,1.4134121E-1,3.4104204E0,0E0,0E0,4.483753E-1,0E0,4.023224E-3,1.0329664E-2,0E0,0E0,0E0,0E0],"parents":[2147483647,0,0,1,1,2,2,5,5,7,7,8,8],"right_children":[2,4,6,-1,-1,8,-1,10,12,-1,-1,-1,-1],"split_conditions":[2.0065776E-1,1.0061618E-1,1E0,-2.106514E-1,-5.3549957E-2,6.0389924E-1,1.6733018E-1,5.025785E-1,8.047273E-1,-2.315979E-2,-5.4603578E-3,1.3421123E-2,3.7773643E-2],"split_indices":[0,0,0,0,0,0,0,0,0,0,0,0,0],"split_type":[0,0,0,0,0,0,0,0,0,0,0,0,0],"sum_hessian":[9E0,2E0,7E0,1E0,1E0,6E0,1E0,2E0,4E0,1E0,1E0,2E0,2E0],"tree_param":{"num_deleted":"0","num_feature":"2","num_nodes":"13","size_leaf_vector":"1"}},{"base_weights":[-9.5091246E-2,-1.6732788E0,5.086155E-1,-2.0011902E-1,-5.0872803E-2,1.2709263E-1,1.5896378E-1,-1.8125916E-1,2.8668517E-1,-2.2001648E-2,-5.1872255E-3,1.252594E-2,3.525492E-2],"categories":[],"categories_nodes":[],"categories_segments":[],"categories_sizes":[],"default_left":[0,0,0,0,0,0,0,0,0,0,0,0,0],"id":49,"left_children":[1,3,5,-1,-1,7,-1,9,11,-1,-1,-1,-1],"loss_changes":[1.037868E1,1.2754726E-1,3.0974462E0,0E0,0E0,3.964389E-1,0E0,3.6313161E-3,9.000689E-3,0E0,0E0,0E0,0E0],"parents":[2147483647,0,0,1,1,2,2,5,5,7,7,8,8],"right_children":[2,4,6,-1,-1,8,-1,10,12,-1,-1,-1,-1],"split_conditions":[2.0065776E-1,1.0061618E-1,1E0,-2.0011902E-1,-5.0872803E-2,6.0389924E-1,1.5896378E-1,5.025785E-1,8.047273E-1,-2.2001648E-2,-5.1872255E-3,1.252594E-2,3.525492E-2],"split_indices":[0,0,0,0,0,0,0,0,0,0,0,0,0],"split_type":[0,0,0,0,0,0,0,0,0,0,0,0,0],"sum_hessian":[9E0,2E0,7E0,1E0,1E0,6E0,1E0,2E0,4E0,1E0,1E0,2E0,2E0],"tree_param":{"num_deleted":"0","num_feature":"2","num_nodes":"13","size_leaf_vector":"1"}},{"base_weights":[-9.272461E-2,-1.5896149E0,4.801998E-1,-1.9011307E-1,-4.8329163E-2,1.1732701E-1,1.5101548E-1,-1.7219543E-1,2.675751E-1,-2.090149E-2,-4.927826E-3,1.1690776E-2,3.290507E-2],"categories":[],"categories_nodes":[],"categories_segments":[],"categories_sizes":[],"default_left":[0,0,0,0,0,0,0,0,0,0,0,0,0],"id":50,"left_children":[1,3,5,-1,-1,7,-1,9,11,-1,-1,-1,-1],"loss_changes":[9.339382E0,1.1511135E-1,2.8127592E0,0E0,0E0,3.5057652E-1,0E0,3.277339E-3,7.843256E-3,0E0,0E0,0E0,0E0],"parents":[2147483647,0,0,1,1,2,2,5,5,7,7,8,8],"right_children":[2,4,6,-1,-1,8,-1,10,12,-1,-1,-1,-1],"split_conditions":[2.0065776E-1,1.0061618E-1,1E0,-1.9011307E-1,-4.8329163E-2,6.0389924E-1,1.5101548E-1,5.025785E-1,8.047273E-1,-2.090149E-2,-4.927826E-3,1.1690776E-2,3.290507E-2],"split_indices":[0,0,0,0,0,0,0,0,0,0,0,0,0],"split_type":[0,0,0,0,0,0,0,0,0,0,0,0,0],"sum_hessian":[9E0,2E0,7E0,1E0,1E0,6E0,1E0,2E0,4E0,1E0,1E0,2E0,2E0],"tree_param":{"num_deleted":"0","num_feature":"2","num_nodes":"13","size_leaf_vector":"1"}},{"base_weights":[-9.031677E-2,-1.510137E0,4.5340538E-1,-1.806076E-1,-4.5912933E-2,1.0827855E-1,1.4346467E-1,-1.635844E-1,2.497406E-1,-1.9856263E-2,-4.6813968E-3,1.0911561E-2,3.0711874E-2],"categories":[],"categories_nodes":[],"categories_segments":[],"categories_sizes":[],"default_left":[0,0,0,0,0,0,0,0,0,0,0,0,0],"id":51,"left_children":[1,3,5,-1,-1,7,-1,9,11,-1,-1,-1,-1],"loss_changes":[8.404581E0,1.0387993E-1,2.5538802E0,0E0,0E0,3.100617E-1,0E0,2.9577687E-3,6.83257E-3,0E0,0E0,0E0,0E0],"parents":[2147483647,0,0,1,1,2,2,5,5,7,7,8,8],"right_children":[2,4,6,-1,-1,8,-1,10,12,-1,-1,-1,-1],"split_conditions":[2.0065776E-1,1.0061618E-1,1E0,-1.806076E-1,-4.5912933E-2,6.0389924E-1,1.4346467E-1,5.025785E-1,8.047273E-1,-1.9856263E-2,-4.6813968E-3,1.0911561E-2,3.0711874E-2],"split_indices":[0,0,0,0,0,0,0,0,0,0,0,0,0],"split_type":[0,0,0,0,0,0,0,0,0,0,0,0,0],"sum_hessian":[9E0,2E0,7E0,1E0,1E0,6E0,1E0,2E0,4E0,1E0,1E0,2E0,2E0],"tree_param":{"num_deleted":"0","num_feature":"2","num_nodes":"13","size_leaf_vector":"1"}},{"base_weights":[-8.7882236E-2,-1.4346288E0,4.28133E-1,-1.7157708E-1,-4.361725E-2,9.9890575E-2,1.362915E-1,-1.5540569E-1,2.330902E-1,-1.8863678E-2,-4.4471743E-3,1.0184225E-2,2.8664146E-2],"categories":[],"categories_nodes":[],"categories_segments":[],"categories_sizes":[],"default_left":[0,0,0,0,0,0,0,0,0,0,0,0,0],"id":52,"left_children":[1,3,5,-1,-1,7,-1,9,11,-1,-1,-1,-1],"loss_changes":[7.563629E0,9.375191E-2,2.3185387E0,0E0,0E0,2.7426112E-1,0E0,2.6703626E-3,5.9502423E-3,0E0,0E0,0E0,0E0],"parents":[2147483647,0,0,1,1,2,2,5,5,7,7,8,8],"right_children":[2,4,6,-1,-1,8,-1,10,12,-1,-1,-1,-1],"split_conditions":[2.0065776E-1,1.0061618E-1,1E0,-1.7157708E-1,-4.361725E-2,6.0389924E-1,1.362915E-1,5.025785E-1,8.047273E-1,-1.8863678E-2,-4.4471743E-3,1.0184225E-2,2.8664146E-2],"split_indices":[0,0,0,0,0,0,0,0,0,0,0,0,0],"split_type":[0,0,0,0,0,0,0,0,0,0,0,0,0],"sum_hessian":[9E0,2E0,7E0,1E0,1E0,6E0,1E0,2E0,4E0,1E0,1E0,2E0,2E0],"tree_param":{"num_deleted":"0","num_feature":"2","num_nodes":"13","size_leaf_vector":"1"}},{"base_weights":[-8.543243E-2,-1.3628998E0,4.0429688E-1,-1.629982E-1,-4.143677E-2,9.211949E-2,1.2947693E-1,-1.4763896E-1,2.1755067E-1,-1.7920686E-2,-4.2251586E-3,9.505717E-3,2.6752725E-2],"categories":[],"categories_nodes":[],"categories_segments":[],"categories_sizes":[],"default_left":[0,0,0,0,0,0,0,0,0,0,0,0,0],"id":53,"left_children":[1,3,5,-1,-1,7,-1,9,11,-1,-1,-1,-1],"loss_changes":[6.807148E0,8.459616E-2,2.1046093E0,0E0,0E0,2.4263124E-1,0E0,2.408795E-3,5.1786453E-3,0E0,0E0,0E0,0E0],"parents":[2147483647,0,0,1,1,2,2,5,5,7,7,8,8],"right_children":[2,4,6,-1,-1,8,-1,10,12,-1,-1,-1,-1],"split_conditions":[2.0065776E-1,1.0061618E-1,1E0,-1.629982E-1,-4.143677E-2,6.0389924E-1,1.2947693E-1,5.025785E-1,8.047273E-1,-1.7920686E-2,-4.2251586E-3,9.505717E-3,2.6752725E-2],"split_indices":[0,0,0,0,0,0,0,0,0,0,0,0,0],"split_type":[0,0,0,0,0,0,0,0,0,0,0,0,0],"sum_hessian":[9E0,2E0,7E0,1E0,1E0,6E0,1E0,2E0,4E0,1E0,1E0,2E0,2E0],"tree_param":{"num_deleted":"0","num_feature":"2","num_nodes":"13","size_leaf_vector":"1"}},{"base_weights":[-8.297272E-2,-1.294754E0,3.8181686E-1,-1.5484849E-1,-3.9364625E-2,8.492388E-2,1.23003386E-1,-1.4025879E-1,2.030487E-1,-1.7024994E-2,-4.0138247E-3,8.871969E-3,2.4969483E-2],"categories":[],"categories_nodes":[],"categories_segments":[],"categories_sizes":[],"default_left":[0,0,0,0,0,0,0,0,0,0,0,0,0],"id":54,"left_children":[1,3,5,-1,-1,7,-1,9,11,-1,-1,-1,-1],"loss_changes":[6.126592E0,7.636118E-2,1.9101781E0,0E0,0E0,2.14677E-1,0E0,2.1746568E-3,4.512176E-3,0E0,0E0,0E0,0E0],"parents":[2147483647,0,0,1,1,2,2,5,5,7,7,8,8],"right_children":[2,4,6,-1,-1,8,-1,10,12,-1,-1,-1,-1],"split_conditions":[2.0065776E-1,1.0061618E-1,1E0,-1.5484849E-1,-3.9364625E-2,6.0389924E-1,1.23003386E-1,5.025785E-1,8.047273E-1,-1.7024994E-2,-4.0138247E-3,8.871969E-3,2.4969483E-2],"split_indices":[0,0,0,0,0,0,0,0,0,0,0,0,0],"split_type":[0,0,0,0,0,0,0,0,0,0,0,0,0],"sum_hessian":[9E0,2E0,7E0,1E0,1E0,6E0,1E0,2E0,4E0,1E0,1E0,2E0,2E0],"tree_param":{"num_deleted":"0","num_feature":"2","num_nodes":"13","size_leaf_vector":"1"}},{"base_weights":[-8.0513E-2,-1.2300161E0,3.6061478E-1,-1.4710617E-1,-3.739624E-2,7.826451E-2,1.16853334E-1,-1.3324483E-1,1.8951721E-1,-1.6173555E-2,-3.8131715E-3,1.0404587E-2,2.657013E-2],"categories":[],"categories_nodes":[],"categories_segments":[],"categories_sizes":[],"default_left":[0,0,0,0,0,0,0,0,0,0,0,0,0],"id":55,"left_children":[1,3,5,-1,-1,7,-1,9,11,-1,-1,-1,-1],"loss_changes":[5.5143394E0,6.8921566E-2,1.7334737E0,0E0,0E0,1.8996911E-1,0E0,1.9622631E-3,4.9126446E-3,0E0,0E0,0E0,0E0],"parents":[2147483647,0,0,1,1,2,2,5,5,7,7,8,8],"right_children":[2,4,6,-1,-1,8,-1,10,12,-1,-1,-1,-1],"split_conditions":[2.0065776E-1,1.0061618E-1,1E0,-1.4710617E-1,-3.739624E-2,6.0389924E-1,1.16853334E-1,5.025785E-1,9.056554E-1,-1.6173555E-2,-3.8131715E-3,1.0404587E-2,2.657013E-2],"split_indices":[0,0,0,0,0,0,0,0,0,0,0,0,0],"split_type":[0,0,0,0,0,0,0,0,0,0,0,0,0],"sum_hessian":[9E0,2E0,7E0,1E0,1E0,6E0,1E0,2E0,4E0,1E0,1E0,3E0,1E0],"tree_param":{"num_deleted":"0","num_feature":"2","num_nodes":"13","size_leaf_vector":"1"}},{"base_weights":[-7.752685E-2,-1.168513E0,3.412838E-1,-1.3975067E-1,-3.5526276E-2,7.286508E-2,1.11010745E-1,-1.2658183E-1,1.779602E-1,-1.5364838E-2,-3.6224367E-3,9.6241E-3,2.5241852E-2],"categories":[],"categories_nodes":[],"categories_segments":[],"categories_sizes":[],"default_left":[0,0,0,0,0,0,0,0,0,0,0,0,0],"id":56,"left_children":[1,3,5,-1,-1,7,-1,9,11,-1,-1,-1,-1],"loss_changes":[4.9679604E0,6.2205315E-2,1.570045E0,0E0,0E0,1.6925281E-1,0E0,1.7711781E-3,6.1303675E-3,0E0,0E0,0E0,0E0],"parents":[2147483647,0,0,1,1,2,2,5,5,7,7,8,8],"right_children":[2,4,6,-1,-1,8,-1,10,12,-1,-1,-1,-1],"split_conditions":[2.0065776E-1,1.0061618E-1,1E0,-1.3975067E-1,-3.5526276E-2,6.0389924E-1,1.11010745E-1,5.025785E-1,9.056554E-1,-1.5364838E-2,-3.6224367E-3,9.6241E-3,2.5241852E-2],"split_indices":[0,0,0,0,0,0,0,0,0,0,0,0,0],"split_type":[0,0,0,0,0,0,0,0,0,0,0,0,0],"sum_hessian":[9E0,2E0,7E0,1E0,1E0,6E0,1E0,2E0,4E0,1E0,1E0,3E0,1E0],"tree_param":{"num_deleted":"0","num_feature":"2","num_nodes":"13","size_leaf_vector":"1"}},{"base_weights":[-7.461472E-2,-1.1100897E0,3.230152E-1,-1.327633E-1,-3.3750154E-2,6.7844935E-2,1.0546036E-1,-1.2025452E-1,1.6713563E-1,-1.4596558E-2,-3.44162E-3,8.901978E-3,2.397995E-2],"categories":[],"categories_nodes":[],"categories_segments":[],"categories_sizes":[],"default_left":[0,0,0,0,0,0,0,0,0,0,0,0,0],"id":57,"left_children":[1,3,5,-1,-1,7,-1,9,11,-1,-1,-1,-1],"loss_changes":[4.475934E0,5.6135893E-2,1.4218874E0,0E0,0E0,1.5083449E-1,0E0,1.5974008E-3,7.034108E-3,0E0,0E0,0E0,0E0],"parents":[2147483647,0,0,1,1,2,2,5,5,7,7,8,8],"right_children":[2,4,6,-1,-1,8,-1,10,12,-1,-1,-1,-1],"split_conditions":[2.0065776E-1,1.0061618E-1,1E0,-1.327633E-1,-3.3750154E-2,6.0389924E-1,1.0546036E-1,5.025785E-1,9.056554E-1,-1.4596558E-2,-3.44162E-3,8.901978E-3,2.397995E-2],"split_indices":[0,0,0,0,0,0,0,0,0,0,0,0,0],"split_type":[0,0,0,0,0,0,0,0,0,0,0,0,0],"sum_hessian":[9E0,2E0,7E0,1E0,1E0,6E0,1E0,2E0,4E0,1E0,1E0,3E0,1E0],"tree_param":{"num_deleted":"0","num_feature":"2","num_nodes":"13","size_leaf_vector":"1"}},{"base_weights":[-7.1770474E-2,-1.0545832E0,3.0575562E-1,-1.2612496E-1,-3.206253E-2,6.318446E-2,1.0018768E-1,-1.14237465E-1,1.5700074E-1,-1.3866425E-2,-3.2691956E-3,8.234787E-3,2.278061E-2],"categories":[],"categories_nodes":[],"categories_segments":[],"categories_sizes":[],"default_left":[0,0,0,0,0,0,0,0,0,0,0,0,0],"id":58,"left_children":[1,3,5,-1,-1,7,-1,9,11,-1,-1,-1,-1],"loss_changes":[4.0328193E0,5.06649E-2,1.2875686E0,0E0,0E0,1.3445081E-1,0E0,1.4424771E-3,7.669762E-3,0E0,0E0,0E0,0E0],"parents":[2147483647,0,0,1,1,2,2,5,5,7,7,8,8],"right_children":[2,4,6,-1,-1,8,-1,10,12,-1,-1,-1,-1],"split_conditions":[2.0065776E-1,1.0061618E-1,1E0,-1.2612496E-1,-3.206253E-2,6.0389924E-1,1.0018768E-1,5.025785E-1,9.056554E-1,-1.3866425E-2,-3.2691956E-3,8.234787E-3,2.278061E-2],"split_indices":[0,0,0,0,0,0,0,0,0,0,0,0,0],"split_type":[0,0,0,0,0,0,0,0,0,0,0,0,0],"sum_hessian":[9E0,2E0,7E0,1E0,1E0,6E0,1E0,2E0,4E0,1E0,1E0,3E0,1E0],"tree_param":{"num_deleted":"0","num_feature":"2","num_nodes":"13","size_leaf_vector":"1"}},{"base_weights":[-6.900787E-2,-1.0018564E0,2.8943634E-1,-1.1981888E-1,-3.0459596E-2,5.884661E-2,9.5178224E-2,-1.085256E-1,1.475006E-1,-1.3172912E-2,-3.1059266E-3,7.6168063E-3,2.1641541E-2],"categories":[],"categories_nodes":[],"categories_segments":[],"categories_sizes":[],"default_left":[0,0,0,0,0,0,0,0,0,0,0,0,0],"id":59,"left_children":[1,3,5,-1,-1,7,-1,9,11,-1,-1,-1,-1],"loss_changes":[3.6337159E0,4.5720577E-2,1.165832E0,0E0,0E0,1.198751E-1,0E0,1.3010688E-3,8.095399E-3,0E0,0E0,0E0,0E0],"parents":[2147483647,0,0,1,1,2,2,5,5,7,7,8,8],"right_children":[2,4,6,-1,-1,8,-1,10,12,-1,-1,-1,-1],"split_conditions":[2.0065776E-1,1.0061618E-1,1E0,-1.1981888E-1,-3.0459596E-2,6.0389924E-1,9.5178224E-2,5.025785E-1,9.056554E-1,-1.3172912E-2,-3.1059266E-3,7.6168063E-3,2.1641541E-2],"split_indices":[0,0,0,0,0,0,0,0,0,0,0,0,0],"split_type":[0,0,0,0,0,0,0,0,0,0,0,0,0],"sum_hessian":[9E0,2E0,7E0,1E0,1E0,6E0,1E0,2E0,4E0,1E0,1E0,3E0,1E0],"tree_param":{"num_deleted":"0","num_feature":"2","num_nodes":"13","size_leaf_vector":"1"}},{"base_weights":[-6.631851E-2,-9.517644E-1,2.7401352E-1,-1.138279E-1,-2.8936768E-2,5.481829E-2,9.041901E-2,-1.0309855E-1,1.3860473E-1,-1.2514496E-2,-2.950287E-3,7.045746E-3,2.0559693E-2],"categories":[],"categories_nodes":[],"categories_segments":[],"categories_sizes":[],"default_left":[0,0,0,0,0,0,0,0,0,0,0,0,0],"id":60,"left_children":[1,3,5,-1,-1,7,-1,9,11,-1,-1,-1,-1],"loss_changes":[3.2742522E0,4.1258812E-2,1.0554874E0,0E0,0E0,1.0690898E-1,0E0,1.175426E-3,8.340836E-3,0E0,0E0,0E0,0E0],"parents":[2147483647,0,0,1,1,2,2,5,5,7,7,8,8],"right_children":[2,4,6,-1,-1,8,-1,10,12,-1,-1,-1,-1],"split_conditions":[2.0065776E-1,1.0061618E-1,1E0,-1.138279E-1,-2.8936768E-2,6.0389924E-1,9.041901E-2,5.025785E-1,9.056554E-1,-1.2514496E-2,-2.950287E-3,7.045746E-3,2.0559693E-2],"split_indices":[0,0,0,0,0,0,0,0,0,0,0,0,0],"split_type":[0,0,0,0,0,0,0,0,0,0,0,0,0],"sum_hessian":[9E0,2E0,7E0,1E0,1E0,6E0,1E0,2E0,4E0,1E0,1E0,3E0,1E0],"tree_param":{"num_deleted":"0","num_feature":"2","num_nodes":"13","size_leaf_vector":"1"}},{"base_weights":[-6.370926E-2,-9.0417737E-1,2.5942993E-1,-1.0813637E-1,-2.7490234E-2,5.1068988E-2,8.5897826E-2,-9.794617E-2,1.3026428E-1,-1.1888886E-2,-2.8030395E-3,6.517029E-3,1.9532014E-2],"categories":[],"categories_nodes":[],"categories_segments":[],"categories_sizes":[],"default_left":[0,0,0,0,0,0,0,0,0,0,0,0,0],"id":61,"left_children":[1,3,5,-1,-1,7,-1,9,11,-1,-1,-1,-1],"loss_changes":[2.9504526E0,3.7227392E-2,9.555126E-1,0E0,0E0,9.536798E-2,0E0,1.0601692E-3,8.444652E-3,0E0,0E0,0E0,0E0],"parents":[2147483647,0,0,1,1,2,2,5,5,7,7,8,8],"right_children":[2,4,6,-1,-1,8,-1,10,12,-1,-1,-1,-1],"split_conditions":[2.0065776E-1,1.0061618E-1,1E0,-1.0813637E-1,-2.7490234E-2,6.0389924E-1,8.5897826E-2,5.025785E-1,9.056554E-1,-1.1888886E-2,-2.8030395E-3,6.517029E-3,1.9532014E-2],"split_indices":[0,0,0,0,0,0,0,0,0,0,0,0,0],"split_type":[0,0,0,0,0,0,0,0,0,0,0,0,0],"sum_hessian":[9E0,2E0,7E0,1E0,1E0,6E0,1E0,2E0,4E0,1E0,1E0,3E0,1E0],"tree_param":{"num_deleted":"0","num_feature":"2","num_nodes":"13","size_leaf_vector":"1"}},{"base_weights":[-6.117325E-2,-8.589656E-1,2.4564552E-1,-1.0272942E-1,-2.6115417E-2,4.7585625E-2,8.1603244E-2,-9.3048096E-2,1.2244873E-1,-1.1294556E-2,-2.6626587E-3,6.0283663E-3,1.8555451E-2],"categories":[],"categories_nodes":[],"categories_segments":[],"categories_sizes":[],"default_left":[0,0,0,0,0,0,0,0,0,0,0,0,0],"id":62,"left_children":[1,3,5,-1,-1,7,-1,9,11,-1,-1,-1,-1],"loss_changes":[2.6587775E0,3.3604145E-2,8.6493474E-1,0E0,0E0,8.509156E-2,0E0,9.575039E-4,8.4289685E-3,0E0,0E0,0E0,0E0],"parents":[2147483647,0,0,1,1,2,2,5,5,7,7,8,8],"right_children":[2,4,6,-1,-1,8,-1,10,12,-1,-1,-1,-1],"split_conditions":[2.0065776E-1,1.0061618E-1,1E0,-1.0272942E-1,-2.6115417E-2,6.0389924E-1,8.1603244E-2,5.025785E-1,9.056554E-1,-1.1294556E-2,-2.6626587E-3,6.0283663E-3,1.8555451E-2],"split_indices":[0,0,0,0,0,0,0,0,0,0,0,0,0],"split_type":[0,0,0,0,0,0,0,0,0,0,0,0,0],"sum_hessian":[9E0,2E0,7E0,1E0,1E0,6E0,1E0,2E0,4E0,1E0,1E0,3E0,1E0],"tree_param":{"num_deleted":"0","num_feature":"2","num_nodes":"13","size_leaf_vector":"1"}},{"base_weights":[-5.8717348E-2,-8.160146E-1,2.326088E-1,-9.759293E-2,-2.4809266E-2,4.434422E-2,7.7523045E-2,-8.8399254E-2,1.1512146E-1,-1.0729981E-2,-2.5299073E-3,5.5763246E-3,1.7627716E-2],"categories":[],"categories_nodes":[],"categories_segments":[],"categories_sizes":[],"default_left":[0,0,0,0,0,0,0,0,0,0,0,0,0],"id":63,"left_children":[1,3,5,-1,-1,7,-1,9,11,-1,-1,-1,-1],"loss_changes":[2.396017E0,3.033626E-2,7.8287446E-1,0E0,0E0,7.5943165E-2,0E0,8.6330064E-4,8.320674E-3,0E0,0E0,0E0,0E0],"parents":[2147483647,0,0,1,1,2,2,5,5,7,7,8,8],"right_children":[2,4,6,-1,-1,8,-1,10,12,-1,-1,-1,-1],"split_conditions":[2.0065776E-1,1.0061618E-1,1E0,-9.759293E-2,-2.4809266E-2,6.0389924E-1,7.7523045E-2,5.025785E-1,9.056554E-1,-1.0729981E-2,-2.5299073E-3,5.5763246E-3,1.7627716E-2],"split_indices":[0,0,0,0,0,0,0,0,0,0,0,0,0],"split_type":[0,0,0,0,0,0,0,0,0,0,0,0,0],"sum_hessian":[9E0,2E0,7E0,1E0,1E0,6E0,1E0,2E0,4E0,1E0,1E0,3E0,1E0],"tree_param":{"num_deleted":"0","num_feature":"2","num_nodes":"13","size_leaf_vector":"1"}},{"base_weights":[-5.6336977E-2,-7.752126E-1,2.2028351E-1,-9.271317E-2,-2.3568725E-2,4.133388E-2,7.3646545E-2,-8.3979286E-2,1.0825501E-1,-1.0193634E-2,-2.4032593E-3,5.1586153E-3,1.6746521E-2],"categories":[],"categories_nodes":[],"categories_segments":[],"categories_sizes":[],"default_left":[0,0,0,0,0,0,0,0,0,0,0,0,0],"id":64,"left_children":[1,3,5,-1,-1,7,-1,9,11,-1,-1,-1,-1],"loss_changes":[2.1593237E0,2.7379513E-2,7.085235E-1,0E0,0E0,6.779387E-2,0E0,7.796027E-4,8.13799E-3,0E0,0E0,0E0,0E0],"parents":[2147483647,0,0,1,1,2,2,5,5,7,7,8,8],"right_children":[2,4,6,-1,-1,8,-1,10,12,-1,-1,-1,-1],"split_conditions":[2.0065776E-1,1.0061618E-1,1E0,-9.271317E-2,-2.3568725E-2,6.0389924E-1,7.3646545E-2,5.025785E-1,9.056554E-1,-1.0193634E-2,-2.4032593E-3,5.1586153E-3,1.6746521E-2],"split_indices":[0,0,0,0,0,0,0,0,0,0,0,0,0],"split_type":[0,0,0,0,0,0,0,0,0,0,0,0,0],"sum_hessian":[9E0,2E0,7E0,1E0,1E0,6E0,1E0,2E0,4E0,1E0,1E0,3E0,1E0],"tree_param":{"num_deleted":"0","num_feature":"2","num_nodes":"13","size_leaf_vector":"1"}},{"base_weights":[-5.4034423E-2,-7.364502E-1,2.086258E-1,-8.8077545E-2,-2.2389984E-2,3.853062E-2,6.99646E-2,-7.977804E-2,1.01809695E-1,-9.683991E-3,-2.282715E-3,4.771805E-3,1.5908813E-2],"categories":[],"categories_nodes":[],"categories_segments":[],"categories_sizes":[],"default_left":[0,0,0,0,0,0,0,0,0,0,0,0,0],"id":65,"left_children":[1,3,5,-1,-1,7,-1,9,11,-1,-1,-1,-1],"loss_changes":[1.9460772E0,2.4716496E-2,6.412035E-1,0E0,0E0,6.0527407E-2,0E0,7.044878E-4,7.900048E-3,0E0,0E0,0E0,0E0],"parents":[2147483647,0,0,1,1,2,2,5,5,7,7,8,8],"right_children":[2,4,6,-1,-1,8,-1,10,12,-1,-1,-1,-1],"split_conditions":[2.0065776E-1,1.0061618E-1,1E0,-8.8077545E-2,-2.2389984E-2,6.0389924E-1,6.99646E-2,5.025785E-1,9.056554E-1,-9.683991E-3,-2.282715E-3,4.771805E-3,1.5908813E-2],"split_indices":[0,0,0,0,0,0,0,0,0,0,0,0,0],"split_type":[0,0,0,0,0,0,0,0,0,0,0,0,0],"sum_hessian":[9E0,2E0,7E0,1E0,1E0,6E0,1E0,2E0,4E0,1E0,1E0,3E0,1E0],"tree_param":{"num_deleted":"0","num_feature":"2","num_nodes":"13","size_leaf_vector":"1"}},{"base_weights":[-5.181122E-2,-6.9963074E-1,1.975975E-1,-8.367386E-2,-2.1270752E-2,3.592137E-2,6.6466525E-2,-7.578532E-2,9.5761105E-2,-9.199524E-3,-2.168274E-3,4.4136047E-2,1.5113068E-2,1.3130188E-3,5.0094607E-3],"categories":[],"categories_nodes":[],"categories_segments":[],"categories_sizes":[],"default_left":[0,0,0,0,0,0,0,0,0,0,0,0,0,0,0],"id":66,"left_children":[1,3,5,-1,-1,7,-1,9,11,-1,-1,13,-1,-1,-1],"loss_changes":[1.7539637E0,2.2302508E-2,5.8023393E-1,0E0,0E0,5.4048784E-2,0E0,6.362852E-4,7.6219738E-3,0E0,0E0,8.124951E-5,0E0,0E0,0E0],"parents":[2147483647,0,0,1,1,2,2,5,5,7,7,8,8,11,11],"right_children":[2,4,6,-1,-1,8,-1,10,12,-1,-1,14,-1,-1,-1],"split_conditions":[2.0065776E-1,1.0061618E-1,1E0,-8.367386E-2,-2.1270752E-2,6.0389924E-1,6.6466525E-2,5.025785E-1,9.056554E-1,-9.199524E-3,-2.168274E-3,7.053903E-1,1.5113068E-2,1.3130188E-3,5.0094607E-3],"split_indices":[0,0,0,0,0,0,0,0,0,0,0,0,0,0,0],"split_type":[0,0,0,0,0,0,0,0,0,0,0,0,0,0,0],"sum_hessian":[9E0,2E0,7E0,1E0,1E0,6E0,1E0,2E0,4E0,1E0,1E0,3E0,1E0,1E0,2E0],"tree_param":{"num_deleted":"0","num_feature":"2","num_nodes":"15","size_leaf_vector":"1"}},{"base_weights":[-4.9469758E-2,-6.6464996E-1,1.8740654E-1,-7.949028E-2,-2.0207215E-2,3.376988E-2,6.314316E-2,-7.1996056E-2,9.047546E-2,-8.739471E-3,-2.0599365E-3,4.1305542E-2,1.4357758E-2,1.247406E-3,4.6758014E-3],"categories":[],"categories_nodes":[],"categories_segments":[],"categories_sizes":[],"default_left":[0,0,0,0,0,0,0,0,0,0,0,0,0,0,0],"id":67,"left_children":[1,3,5,-1,-1,7,-1,9,11,-1,-1,13,-1,-1,-1],"loss_changes":[1.5817758E0,2.0128489E-2,5.2442485E-1,0E0,0E0,4.8496515E-2,0E0,5.7404395E-4,7.1245804E-3,0E0,0E0,4.5549124E-5,0E0,0E0,0E0],"parents":[2147483647,0,0,1,1,2,2,5,5,7,7,8,8,11,11],"right_children":[2,4,6,-1,-1,8,-1,10,12,-1,-1,14,-1,-1,-1],"split_conditions":[2.0065776E-1,1.0061618E-1,1E0,-7.949028E-2,-2.0207215E-2,6.0389924E-1,6.314316E-2,5.025785E-1,9.056554E-1,-8.739471E-3,-2.0599365E-3,7.053903E-1,1.4357758E-2,1.247406E-3,4.6758014E-3],"split_indices":[0,0,0,0,0,0,0,0,0,0,0,0,0,0,0],"split_type":[0,0,0,0,0,0,0,0,0,0,0,0,0,0,0],"sum_hessian":[9E0,2E0,7E0,1E0,1E0,6E0,1E0,2E0,4E0,1E0,1E0,3E0,1E0,1E0,2E0],"tree_param":{"num_deleted":"0","num_feature":"2","num_nodes":"15","size_leaf_vector":"1"}},{"base_weights":[-4.7229003E-2,-6.314189E-1,1.7774582E-1,-7.551575E-2,-1.9197082E-2,3.174918E-2,5.9986115E-2,-6.839498E-2,8.548584E-2,-8.302308E-3,-1.9569397E-3,3.8658142E-2,1.3639832E-2,1.184845E-3,4.364522E-3],"categories":[],"categories_nodes":[],"categories_segments":[],"categories_sizes":[],"default_left":[0,0,0,0,0,0,0,0,0,0,0,0,0,0,0],"id":68,"left_children":[1,3,5,-1,-1,7,-1,9,11,-1,-1,13,-1,-1,-1],"loss_changes":[1.4265121E0,1.8161774E-2,4.7397423E-1,0E0,0E0,4.351669E-2,0E0,5.1796343E-4,6.6476613E-3,0E0,0E0,1.7680228E-5,0E0,0E0,0E0],"parents":[2147483647,0,0,1,1,2,2,5,5,7,7,8,8,11,11],"right_children":[2,4,6,-1,-1,8,-1,10,12,-1,-1,14,-1,-1,-1],"split_conditions":[2.0065776E-1,1.0061618E-1,1E0,-7.551575E-2,-1.9197082E-2,6.0389924E-1,5.9986115E-2,5.025785E-1,9.056554E-1,-8.302308E-3,-1.9569397E-3,7.053903E-1,1.3639832E-2,1.184845E-3,4.364522E-3],"split_indices":[0,0,0,0,0,0,0,0,0,0,0,0,0,0,0],"split_type":[0,0,0,0,0,0,0,0,0,0,0,0,0,0,0],"sum_hessian":[9E0,2E0,7E0,1E0,1E0,6E0,1E0,2E0,4E0,1E0,1E0,3E0,1E0,1E0,2E0],"tree_param":{"num_deleted":"0","num_feature":"2","num_nodes":"15","size_leaf_vector":"1"}},{"base_weights":[-4.508667E-2,-5.9984845E-1,1.6858482E-1,-7.1739964E-2,-1.8237306E-2,2.984837E-2,5.6987E-2,-6.497701E-2,8.077393E-2,-7.887268E-3,-1.8592834E-3,3.617859E-3,1.2957764E-2],"categories":[],"categories_nodes":[],"categories_segments":[],"categories_sizes":[],"default_left":[0,0,0,0,0,0,0,0,0,0,0,0,0],"id":69,"left_children":[1,3,5,-1,-1,7,-1,9,11,-1,-1,-1,-1],"loss_changes":[1.2864931E0,1.6389847E-2,4.283734E-1,0E0,0E0,3.9051693E-2,0E0,4.6715047E-4,6.194152E-3,0E0,0E0,0E0,0E0],"parents":[2147483647,0,0,1,1,2,2,5,5,7,7,8,8],"right_children":[2,4,6,-1,-1,8,-1,10,12,-1,-1,-1,-1],"split_conditions":[2.0065776E-1,1.0061618E-1,1E0,-7.1739964E-2,-1.8237306E-2,6.0389924E-1,5.6987E-2,5.025785E-1,9.056554E-1,-7.887268E-3,-1.8592834E-3,3.617859E-3,1.2957764E-2],"split_indices":[0,0,0,0,0,0,0,0,0,0,0,0,0],"split_type":[0,0,0,0,0,0,0,0,0,0,0,0,0],"sum_hessian":[9E0,2E0,7E0,1E0,1E0,6E0,1E0,2E0,4E0,1E0,1E0,3E0,1E0],"tree_param":{"num_deleted":"0","num_feature":"2","num_nodes":"13","size_leaf_vector":"1"}},{"base_weights":[-4.3193817E-2,-5.698573E-1,1.5970421E-1,-6.8153E-2,-1.7325593E-2,2.784075E-2,5.413742E-2,-6.1726887E-2,7.6013185E-2,-7.4928286E-3,-1.7662048E-3,3.346634E-2,1.2310028E-2,9.4451907E-4,3.8324993E-3],"categories":[],"categories_nodes":[],"categories_segments":[],"categories_sizes":[],"default_left":[0,0,0,0,0,0,0,0,0,0,0,0,0,0,0],"id":70,"left_children":[1,3,5,-1,-1,7,-1,9,11,-1,-1,13,-1,-1,-1],"loss_changes":[1.1595984E0,1.4789581E-2,3.8755432E-1,0E0,0E0,3.4894895E-2,0E0,4.2176526E-4,5.8973227E-3,0E0,0E0,1.04854815E-4,0E0,0E0,0E0],"parents":[2147483647,0,0,1,1,2,2,5,5,7,7,8,8,11,11],"right_children":[2,4,6,-1,-1,8,-1,10,12,-1,-1,14,-1,-1,-1],"split_conditions":[2.0065776E-1,1.0061618E-1,1E0,-6.8153E-2,-1.7325593E-2,6.0389924E-1,5.413742E-2,5.025785E-1,9.056554E-1,-7.4928286E-3,-1.7662048E-3,7.053903E-1,1.2310028E-2,9.4451907E-4,3.8324993E-3],"split_indices":[0,0,0,0,0,0,0,0,0,0,0,0,0,0,0],"split_type":[0,0,0,0,0,0,0,0,0,0,0,0,0,0,0],"sum_hessian":[9E0,2E0,7E0,1E0,1E0,6E0,1E0,2E0,4E0,1E0,1E0,3E0,1E0,1E0,2E0],"tree_param":{"num_deleted":"0","num_feature":"2","num_nodes":"15","size_leaf_vector":"1"}},{"base_weights":[-4.1226197E-2,-5.413666E-1,1.5147972E-1,-6.474533E-2,-1.6459657E-2,2.6175363E-2,5.1430512E-2,-5.8639526E-2,7.182922E-2,-7.118225E-3,-1.6777039E-3,3.131485E-2,1.1694336E-2,8.972168E-4,3.5771688E-3],"categories":[],"categories_nodes":[],"categories_segments":[],"categories_sizes":[],"default_left":[0,0,0,0,0,0,0,0,0,0,0,0,0,0,0],"id":71,"left_children":[1,3,5,-1,-1,7,-1,9,11,-1,-1,13,-1,-1,-1],"loss_changes":[1.0458062E0,1.33423805E-2,3.5024667E-1,0E0,0E0,3.1316925E-2,0E0,3.8098078E-4,5.4767877E-3,0E0,0E0,7.736124E-5,0E0,0E0,0E0],"parents":[2147483647,0,0,1,1,2,2,5,5,7,7,8,8,11,11],"right_children":[2,4,6,-1,-1,8,-1,10,12,-1,-1,14,-1,-1,-1],"split_conditions":[2.0065776E-1,1.0061618E-1,1E0,-6.474533E-2,-1.6459657E-2,6.0389924E-1,5.1430512E-2,5.025785E-1,9.056554E-1,-7.118225E-3,-1.6777039E-3,7.053903E-1,1.1694336E-2,8.972168E-4,3.5771688E-3],"split_indices":[0,0,0,0,0,0,0,0,0,0,0,0,0,0,0],"split_type":[0,0,0,0,0,0,0,0,0,0,0,0,0,0,0],"sum_hessian":[9E0,2E0,7E0,1E0,1E0,6E0,1E0,2E0,4E0,1E0,1E0,3E0,1E0,1E0,2E0],"tree_param":{"num_deleted":"0","num_feature":"2","num_nodes":"15","size_leaf_vector":"1"}},{"base_weights":[-3.934326E-2,-5.142975E-1,1.4368248E-1,-6.150818E-2,-1.5636444E-2,2.4612427E-2,4.8858643E-2,-5.570984E-2,6.78833E-2,-6.7626955E-3,-1.5937806E-3,2.9304504E-2,1.1109925E-2,8.522034E-4,3.3391316E-3],"categories":[],"categories_nodes":[],"categories_segments":[],"categories_sizes":[],"default_left":[0,0,0,0,0,0,0,0,0,0,0,0,0,0,0],"id":72,"left_children":[1,3,5,-1,-1,7,-1,9,11,-1,-1,13,-1,-1,-1],"loss_changes":[9.431841E-1,1.2045145E-2,3.1651652E-1,0E0,0E0,2.811107E-2,0E0,3.4407806E-4,5.080387E-3,0E0,0E0,5.517411E-5,0E0,0E0,0E0],"parents":[2147483647,0,0,1,1,2,2,5,5,7,7,8,8,11,11],"right_children":[2,4,6,-1,-1,8,-1,10,12,-1,-1,14,-1,-1,-1],"split_conditions":[2.0065776E-1,1.0061618E-1,1E0,-6.150818E-2,-1.5636444E-2,6.0389924E-1,4.8858643E-2,5.025785E-1,9.056554E-1,-6.7626955E-3,-1.5937806E-3,7.053903E-1,1.1109925E-2,8.522034E-4,3.3391316E-3],"split_indices":[0,0,0,0,0,0,0,0,0,0,0,0,0,0,0],"split_type":[0,0,0,0,0,0,0,0,0,0,0,0,0,0,0],"sum_hessian":[9E0,2E0,7E0,1E0,1E0,6E0,1E0,2E0,4E0,1E0,1E0,3E0,1E0,1E0,2E0],"tree_param":{"num_deleted":"0","num_feature":"2","num_nodes":"15","size_leaf_vector":"1"}},{"base_weights":[-3.754425E-2,-4.8858133E-1,1.3628769E-1,-5.843277E-2,-1.4854431E-2,2.3141043E-2,4.6415713E-2,-5.2927654E-2,6.415405E-2,-6.4247134E-3,-1.5144348E-3,2.7420044E-2,1.0554505E-2,8.0947875E-4,3.1163534E-3],"categories":[],"categories_nodes":[],"categories_segments":[],"categories_sizes":[],"default_left":[0,0,0,0,0,0,0,0,0,0,0,0,0,0,0],"id":73,"left_children":[1,3,5,-1,-1,7,-1,9,11,-1,-1,13,-1,-1,-1],"loss_changes":[8.5063416E-1,1.0873318E-2,2.8603753E-1,0E0,0E0,2.5234167E-2,0E0,3.1008106E-4,4.708234E-3,0E0,0E0,3.7113205E-5,0E0,0E0,0E0],"parents":[2147483647,0,0,1,1,2,2,5,5,7,7,8,8,11,11],"right_children":[2,4,6,-1,-1,8,-1,10,12,-1,-1,14,-1,-1,-1],"split_conditions":[2.0065776E-1,1.0061618E-1,1E0,-5.843277E-2,-1.4854431E-2,6.0389924E-1,4.6415713E-2,5.025785E-1,9.056554E-1,-6.4247134E-3,-1.5144348E-3,7.053903E-1,1.0554505E-2,8.0947875E-4,3.1163534E-3],"split_indices":[0,0,0,0,0,0,0,0,0,0,0,0,0,0,0],"split_type":[0,0,0,0,0,0,0,0,0,0,0,0,0,0,0],"sum_hessian":[9E0,2E0,7E0,1E0,1E0,6E0,1E0,2E0,4E0,1E0,1E0,3E0,1E0,1E0,2E0],"tree_param":{"num_deleted":"0","num_feature":"2","num_nodes":"15","size_leaf_vector":"1"}},{"base_weights":[-3.5822295E-2,-4.6414948E-1,1.2927818E-1,-5.5511095E-2,-1.4111328E-2,2.1761212E-2,4.409485E-2,-5.0282795E-2,6.0635377E-2,-6.1035156E-3,-1.4389039E-3,2.5661469E-2,1.0026551E-2,7.69043E-4,2.908834E-3],"categories":[],"categories_nodes":[],"categories_segments":[],"categories_sizes":[],"default_left":[0,0,0,0,0,0,0,0,0,0,0,0,0,0,0],"id":74,"left_children":[1,3,5,-1,-1,7,-1,9,11,-1,-1,13,-1,-1,-1],"loss_changes":[7.6717466E-1,9.8180175E-3,2.584832E-1,0E0,0E0,2.265347E-2,0E0,2.795905E-4,4.3571424E-3,0E0,0E0,2.2635795E-5,0E0,0E0,0E0],"parents":[2147483647,0,0,1,1,2,2,5,5,7,7,8,8,11,11],"right_children":[2,4,6,-1,-1,8,-1,10,12,-1,-1,14,-1,-1,-1],"split_conditions":[2.0065776E-1,1.0061618E-1,1E0,-5.5511095E-2,-1.4111328E-2,6.0389924E-1,4.409485E-2,5.025785E-1,9.056554E-1,-6.1035156E-3,-1.4389039E-3,7.053903E-1,1.0026551E-2,7.69043E-4,2.908834E-3],"split_indices":[0,0,0,0,0,0,0,0,0,0,0,0,0,0,0],"split_type":[0,0,0,0,0,0,0,0,0,0,0,0,0,0,0],"sum_hessian":[9E0,2E0,7E0,1E0,1E0,6E0,1E0,2E0,4E0,1E0,1E0,3E0,1E0,1E0,2E0],"tree_param":{"num_deleted":"0","num_feature":"2","num_nodes":"15","size_leaf_vector":"1"}},{"base_weights":[-3.41774E-2,-4.4094086E-1,1.2263107E-1,-5.273552E-2,-1.3405609E-2,2.0464215E-2,4.1889954E-2,-4.7770184E-2,5.731201E-2,-5.79834E-3,-1.3671875E-3,2.401352E-2,9.525299E-3,7.30896E-4,2.7145387E-3],"categories":[],"categories_nodes":[],"categories_segments":[],"categories_sizes":[],"default_left":[0,0,0,0,0,0,0,0,0,0,0,0,0,0,0],"id":75,"left_children":[1,3,5,-1,-1,7,-1,9,11,-1,-1,13,-1,-1,-1],"loss_changes":[6.919126E-1,8.862555E-3,2.3357807E-1,0E0,0E0,2.0337816E-2,0E0,2.5201822E-4,4.0295273E-3,0E0,0E0,1.0861317E-5,0E0,0E0,0E0],"parents":[2147483647,0,0,1,1,2,2,5,5,7,7,8,8,11,11],"right_children":[2,4,6,-1,-1,8,-1,10,12,-1,-1,14,-1,-1,-1],"split_conditions":[2.0065776E-1,1.0061618E-1,1E0,-5.273552E-2,-1.3405609E-2,6.0389924E-1,4.1889954E-2,5.025785E-1,9.056554E-1,-5.79834E-3,-1.3671875E-3,7.053903E-1,9.525299E-3,7.30896E-4,2.7145387E-3],"split_indices":[0,0,0,0,0,0,0,0,0,0,0,0,0,0,0],"split_type":[0,0,0,0,0,0,0,0,0,0,0,0,0,0,0],"sum_hessian":[9E0,2E0,7E0,1E0,1E0,6E0,1E0,2E0,4E0,1E0,1E0,3E0,1E0,1E0,2E0],"tree_param":{"num_deleted":"0","num_feature":"2","num_nodes":"15","size_leaf_vector":"1"}},{"base_weights":[-3.260269E-2,-4.188919E-1,1.163311E-1,-5.0098803E-2,-1.2734986E-2,1.9247873E-2,3.9795686E-2,-4.537964E-2,5.4174803E-2,-5.508423E-3,-1.2985229E-3,1.3051351E-3,7.723999E-3],"categories":[],"categories_nodes":[],"categories_segments":[],"categories_sizes":[],"default_left":[0,0,0,0,0,0,0,0,0,0,0,0,0],"id":76,"left_children":[1,3,5,-1,-1,7,-1,9,11,-1,-1,-1,-1],"loss_changes":[6.240453E-1,8.002639E-3,2.1106929E-1,0E0,0E0,1.8259117E-2,0E0,2.2784248E-4,3.7345132E-3,0E0,0E0,0E0,0E0],"parents":[2147483647,0,0,1,1,2,2,5,5,7,7,8,8],"right_children":[2,4,6,-1,-1,8,-1,10,12,-1,-1,-1,-1],"split_conditions":[2.0065776E-1,1.0061618E-1,1E0,-5.0098803E-2,-1.2734986E-2,6.0389924E-1,3.9795686E-2,5.025785E-1,8.047273E-1,-5.508423E-3,-1.2985229E-3,1.3051351E-3,7.723999E-3],"split_indices":[0,0,0,0,0,0,0,0,0,0,0,0,0],"split_type":[0,0,0,0,0,0,0,0,0,0,0,0,0],"sum_hessian":[9E0,2E0,7E0,1E0,1E0,6E0,1E0,2E0,4E0,1E0,1E0,2E0,2E0],"tree_param":{"num_deleted":"0","num_feature":"2","num_nodes":"13","size_leaf_vector":"1"}},{"base_weights":[-3.142395E-2,-3.9794412E-1,1.0994911E-1,-4.759369E-2,-1.20979315E-2,-8.298238E-3,3.097941E-1,-4.3111164E-2,1.9886016E-3,8.6631775E-3,3.780594E-2,-5.233002E-3,-1.2336731E-3],"categories":[],"categories_nodes":[],"categories_segments":[],"categories_sizes":[],"default_left":[0,0,0,0,0,0,0,0,0,0,0,0,0],"id":77,"left_children":[1,3,5,-1,-1,7,9,11,-1,-1,-1,-1,-1],"loss_changes":[5.619144E-1,7.2252452E-3,1.9161989E-1,0E0,0E0,6.744368E-3,1.2950748E-2,2.0553311E-4,0E0,0E0,0E0,0E0,0E0],"parents":[2147483647,0,0,1,1,2,2,5,5,6,6,7,7],"right_children":[2,4,6,-1,-1,8,10,12,-1,-1,-1,-1,-1],"split_conditions":[2.0065776E-1,1.0061618E-1,9.056554E-1,-4.759369E-2,-1.20979315E-2,6.0389924E-1,1E0,5.025785E-1,1.9886016E-3,8.6631775E-3,3.780594E-2,-5.233002E-3,-1.2336731E-3],"split_indices":[0,0,0,0,0,0,0,0,0,0,0,0,0],"split_type":[0,0,0,0,0,0,0,0,0,0,0,0,0],"sum_hessian":[9E0,2E0,7E0,1E0,1E0,5E0,2E0,2E0,3E0,1E0,1E0,1E0,1E0],"tree_param":{"num_deleted":"0","num_feature":"2","num_nodes":"13","size_leaf_vector":"1"}},{"base_weights":[-3.005066E-2,-3.7804666E-1,1.0420418E-1,-4.5214083E-2,-1.149292E-2,-8.211772E-3,2.9430136E-1,-4.095459E-2,1.8398285E-2,8.229828E-3,3.5915375E-2,-4.9713138E-3,-1.171875E-3,5.2948E-4,2.1001182E-3],"categories":[],"categories_nodes":[],"categories_segments":[],"categories_sizes":[],"default_left":[0,0,0,0,0,0,0,0,0,0,0,0,0,0,0],"id":78,"left_children":[1,3,5,-1,-1,7,9,11,13,-1,-1,-1,-1,-1,-1],"loss_changes":[5.0659555E-1,6.5221786E-3,1.7337638E-1,0E0,0E0,5.9812237E-3,1.16889775E-2,1.8561445E-4,2.5230926E-5,0E0,0E0,0E0,0E0,0E0,0E0],"parents":[2147483647,0,0,1,1,2,2,5,5,6,6,7,7,8,8],"right_children":[2,4,6,-1,-1,8,10,12,14,-1,-1,-1,-1,-1,-1],"split_conditions":[2.0065776E-1,1.0061618E-1,9.056554E-1,-4.5214083E-2,-1.149292E-2,6.0389924E-1,1E0,5.025785E-1,7.053903E-1,8.229828E-3,3.5915375E-2,-4.9713138E-3,-1.171875E-3,5.2948E-4,2.1001182E-3],"split_indices":[0,0,0,0,0,0,0,0,0,0,0,0,0,0,0],"split_type":[0,0,0,0,0,0,0,0,0,0,0,0,0,0,0],"sum_hessian":[9E0,2E0,7E0,1E0,1E0,5E0,2E0,2E0,3E0,1E0,1E0,1E0,1E0,1E0,2E0],"tree_param":{"num_deleted":"0","num_feature":"2","num_nodes":"15","size_leaf_vector":"1"}},{"base_weights":[-2.865448E-2,-3.5914612E-1,9.8861694E-2,-4.295349E-2,-1.0918426E-2,-7.977803E-3,2.795868E-1,-3.8904827E-2,1.7211914E-2,7.818604E-3,3.4119416E-2,-4.722595E-3,-1.1131287E-3,5.027771E-4,1.9597372E-3],"categories":[],"categories_nodes":[],"categories_segments":[],"categories_sizes":[],"default_left":[0,0,0,0,0,0,0,0,0,0,0,0,0,0,0],"id":79,"left_children":[1,3,5,-1,-1,7,9,11,13,-1,-1,-1,-1,-1,-1],"loss_changes":[4.569361E-1,5.8850944E-3,1.5669912E-1,0E0,0E0,5.343884E-3,1.0546699E-2,1.6763574E-4,1.7727958E-5,0E0,0E0,0E0,0E0,0E0,0E0],"parents":[2147483647,0,0,1,1,2,2,5,5,6,6,7,7,8,8],"right_children":[2,4,6,-1,-1,8,10,12,14,-1,-1,-1,-1,-1,-1],"split_conditions":[2.0065776E-1,1.0061618E-1,9.056554E-1,-4.295349E-2,-1.0918426E-2,6.0389924E-1,1E0,5.025785E-1,7.053903E-1,7.818604E-3,3.4119416E-2,-4.722595E-3,-1.1131287E-3,5.027771E-4,1.9597372E-3],"split_indices":[0,0,0,0,0,0,0,0,0,0,0,0,0,0,0],"split_type":[0,0,0,0,0,0,0,0,0,0,0,0,0,0,0],"sum_hessian":[9E0,2E0,7E0,1E0,1E0,5E0,2E0,2E0,3E0,1E0,1E0,1E0,1E0,1E0,2E0],"tree_param":{"num_deleted":"0","num_feature":"2","num_nodes":"15","size_leaf_vector":"1"}},{"base_weights":[-2.7316283E-2,-3.4118652E-1,9.379959E-2,-4.0805817E-2,-1.0372162E-2,-7.738749E-3,2.6560974E-1,-3.6956787E-2,1.6109467E-2,7.427979E-3,3.2413483E-2,-4.486084E-3,-1.0574341E-3,4.7760012E-4,1.8295288E-3],"categories":[],"categories_nodes":[],"categories_segments":[],"categories_sizes":[],"default_left":[0,0,0,0,0,0,0,0,0,0,0,0,0,0,0],"id":80,"left_children":[1,3,5,-1,-1,7,9,11,13,-1,-1,-1,-1,-1,-1],"loss_changes":[4.1214985E-1,5.3145587E-3,1.4161801E-1,0E0,0E0,4.7761425E-3,9.51615E-3,1.5121093E-4,1.1713477E-5,0E0,0E0,0E0,0E0,0E0,0E0],"parents":[2147483647,0,0,1,1,2,2,5,5,6,6,7,7,8,8],"right_children":[2,4,6,-1,-1,8,10,12,14,-1,-1,-1,-1,-1,-1],"split_conditions":[2.0065776E-1,1.0061618E-1,9.056554E-1,-4.0805817E-2,-1.0372162E-2,6.0389924E-1,1E0,5.025785E-1,7.053903E-1,7.427979E-3,3.2413483E-2,-4.486084E-3,-1.0574341E-3,4.7760012E-4,1.8295288E-3],"split_indices":[0,0,0,0,0,0,0,0,0,0,0,0,0,0,0],"split_type":[0,0,0,0,0,0,0,0,0,0,0,0,0,0,0],"sum_hessian":[9E0,2E0,7E0,1E0,1E0,5E0,2E0,2E0,3E0,1E0,1E0,1E0,1E0,1E0,2E0],"tree_param":{"num_deleted":"0","num_feature":"2","num_nodes":"15","size_leaf_vector":"1"}},{"base_weights":[-2.6042175E-2,-3.241272E-1,8.899498E-2,-3.8765717E-2,-9.853363E-3,-7.5047812E-3,2.523295E-1,-3.5110474E-2,1.5075684E-2,7.056427E-3,3.0793E-2,-4.26178E-3,-1.0047912E-3,4.5394897E-4,1.7074585E-3],"categories":[],"categories_nodes":[],"categories_segments":[],"categories_sizes":[],"default_left":[0,0,0,0,0,0,0,0,0,0,0,0,0,0,0],"id":81,"left_children":[1,3,5,-1,-1,7,9,11,13,-1,-1,-1,-1,-1,-1],"loss_changes":[3.7175423E-1,4.798591E-3,1.2798761E-1,0E0,0E0,4.269411E-3,8.589864E-3,1.3623829E-4,6.733346E-6,0E0,0E0,0E0,0E0,0E0,0E0],"parents":[2147483647,0,0,1,1,2,2,5,5,6,6,7,7,8,8],"right_children":[2,4,6,-1,-1,8,10,12,14,-1,-1,-1,-1,-1,-1],"split_conditions":[2.0065776E-1,1.0061618E-1,9.056554E-1,-3.8765717E-2,-9.853363E-3,6.0389924E-1,1E0,5.025785E-1,7.053903E-1,7.056427E-3,3.0793E-2,-4.26178E-3,-1.0047912E-3,4.5394897E-4,1.7074585E-3],"split_indices":[0,0,0,0,0,0,0,0,0,0,0,0,0,0,0],"split_type":[0,0,0,0,0,0,0,0,0,0,0,0,0,0,0],"sum_hessian":[9E0,2E0,7E0,1E0,1E0,5E0,2E0,2E0,3E0,1E0,1E0,1E0,1E0,1E0,2E0],"tree_param":{"num_deleted":"0","num_feature":"2","num_nodes":"15","size_leaf_vector":"1"}},{"base_weights":[-2.4825286E-2,-3.0791983E-1,8.4438324E-2,-3.682747E-2,-9.360504E-3,-7.273356E-3,2.3971558E-1,-3.3355713E-2,1.41067505E-2,6.703949E-3,2.9253388E-2,-4.04892E-3,-9.5443724E-4,4.310608E-4,1.5935263E-3],"categories":[],"categories_nodes":[],"categories_segments":[],"categories_sizes":[],"default_left":[0,0,0,0,0,0,0,0,0,0,0,0,0,0,0],"id":82,"left_children":[1,3,5,-1,-1,7,9,11,13,-1,-1,-1,-1,-1,-1],"loss_changes":[3.3531955E-1,4.332423E-3,1.15669444E-1,0E0,0E0,3.8164018E-3,7.7500343E-3,1.2312923E-4,2.9587536E-6,0E0,0E0,0E0,0E0,0E0,0E0],"parents":[2147483647,0,0,1,1,2,2,5,5,6,6,7,7,8,8],"right_children":[2,4,6,-1,-1,8,10,12,14,-1,-1,-1,-1,-1,-1],"split_conditions":[2.0065776E-1,1.0061618E-1,9.056554E-1,-3.682747E-2,-9.360504E-3,6.0389924E-1,1E0,5.025785E-1,7.053903E-1,6.703949E-3,2.9253388E-2,-4.04892E-3,-9.5443724E-4,4.310608E-4,1.5935263E-3],"split_indices":[0,0,0,0,0,0,0,0,0,0,0,0,0,0,0],"split_type":[0,0,0,0,0,0,0,0,0,0,0,0,0,0,0],"sum_hessian":[9E0,2E0,7E0,1E0,1E0,5E0,2E0,2E0,3E0,1E0,1E0,1E0,1E0,1E0,2E0],"tree_param":{"num_deleted":"0","num_feature":"2","num_nodes":"15","size_leaf_vector":"1"}},{"base_weights":[-2.3661803E-2,-2.9252625E-1,8.012009E-2,-3.4986116E-2,-8.892822E-3,-7.039388E-3,2.2773235E-1,-3.168742E-2,1.3206482E-3,6.3690185E-3,2.7790833E-2,-3.8467408E-3,-9.063721E-4],"categories":[],"categories_nodes":[],"categories_segments":[],"categories_sizes":[],"default_left":[0,0,0,0,0,0,0,0,0,0,0,0,0],"id":83,"left_children":[1,3,5,-1,-1,7,9,11,-1,-1,-1,-1,-1],"loss_changes":[3.0246982E-1,3.907293E-3,1.04529545E-1,0E0,0E0,3.412604E-3,6.9929063E-3,1.11507485E-4,0E0,0E0,0E0,0E0,0E0],"parents":[2147483647,0,0,1,1,2,2,5,5,6,6,7,7],"right_children":[2,4,6,-1,-1,8,10,12,-1,-1,-1,-1,-1],"split_conditions":[2.0065776E-1,1.0061618E-1,9.056554E-1,-3.4986116E-2,-8.892822E-3,6.0389924E-1,1E0,5.025785E-1,1.3206482E-3,6.3690185E-3,2.7790833E-2,-3.8467408E-3,-9.063721E-4],"split_indices":[0,0,0,0,0,0,0,0,0,0,0,0,0],"split_type":[0,0,0,0,0,0,0,0,0,0,0,0,0],"sum_hessian":[9E0,2E0,7E0,1E0,1E0,5E0,2E0,2E0,3E0,1E0,1E0,1E0,1E0],"tree_param":{"num_deleted":"0","num_feature":"2","num_nodes":"13","size_leaf_vector":"1"}},{"base_weights":[-2.2612E-2,-2.7789816E-1,7.594681E-2,-3.3236694E-2,-8.448029E-3,-6.9122314E-3,2.1634929E-1,-3.010559E-2,1.2210846E-2,6.050873E-3,2.640152E-2,-3.65448E-3,-8.6135865E-4,3.4332275E-4,1.399231E-3],"categories":[],"categories_nodes":[],"categories_segments":[],"categories_sizes":[],"default_left":[0,0,0,0,0,0,0,0,0,0,0,0,0,0,0],"id":84,"left_children":[1,3,5,-1,-1,7,9,11,13,-1,-1,-1,-1,-1,-1],"loss_changes":[2.7271244E-1,3.5272688E-3,9.456436E-2,0E0,0E0,3.028785E-3,6.3096285E-3,1.00392615E-4,1.4509249E-5,0E0,0E0,0E0,0E0,0E0,0E0],"parents":[2147483647,0,0,1,1,2,2,5,5,6,6,7,7,8,8],"right_children":[2,4,6,-1,-1,8,10,12,14,-1,-1,-1,-1,-1,-1],"split_conditions":[2.0065776E-1,1.0061618E-1,9.056554E-1,-3.3236694E-2,-8.448029E-3,6.0389924E-1,1E0,5.025785E-1,7.053903E-1,6.050873E-3,2.640152E-2,-3.65448E-3,-8.6135865E-4,3.4332275E-4,1.399231E-3],"split_indices":[0,0,0,0,0,0,0,0,0,0,0,0,0,0,0],"split_type":[0,0,0,0,0,0,0,0,0,0,0,0,0,0,0],"sum_hessian":[9E0,2E0,7E0,1E0,1E0,5E0,2E0,2E0,3E0,1E0,1E0,1E0,1E0,1E0,2E0],"tree_param":{"num_deleted":"0","num_feature":"2","num_nodes":"15","size_leaf_vector":"1"}},{"base_weights":[-2.1551514E-2,-2.6400247E-1,7.206154E-2,-3.1575013E-2,-8.02536E-3,-6.6833496E-3,2.055308E-1,-2.8600058E-2,1.1425018E-2,5.747986E-3,2.5081635E-2,-3.4713745E-3,-8.1863406E-4,3.2653808E-4,1.3056438E-3],"categories":[],"categories_nodes":[],"categories_segments":[],"categories_sizes":[],"default_left":[0,0,0,0,0,0,0,0,0,0,0,0,0,0,0],"id":85,"left_children":[1,3,5,-1,-1,7,9,11,13,-1,-1,-1,-1,-1,-1],"loss_changes":[2.459902E-1,3.185615E-3,8.545381E-2,0E0,0E0,2.7080108E-3,5.696818E-3,9.023072E-5,1.0612886E-5,0E0,0E0,0E0,0E0,0E0,0E0],"parents":[2147483647,0,0,1,1,2,2,5,5,6,6,7,7,8,8],"right_children":[2,4,6,-1,-1,8,10,12,14,-1,-1,-1,-1,-1,-1],"split_conditions":[2.0065776E-1,1.0061618E-1,9.056554E-1,-3.1575013E-2,-8.02536E-3,6.0389924E-1,1E0,5.025785E-1,7.053903E-1,5.747986E-3,2.5081635E-2,-3.4713745E-3,-8.1863406E-4,3.2653808E-4,1.3056438E-3],"split_indices":[0,0,0,0,0,0,0,0,0,0,0,0,0,0,0],"split_type":[0,0,0,0,0,0,0,0,0,0,0,0,0,0,0],"sum_hessian":[9E0,2E0,7E0,1E0,1E0,5E0,2E0,2E0,3E0,1E0,1E0,1E0,1E0,1E0,2E0],"tree_param":{"num_deleted":"0","num_feature":"2","num_nodes":"15","size_leaf_vector":"1"}},{"base_weights":[-2.0539094E-2,-2.508011E-1,6.837654E-2,-2.999611E-2,-7.624054E-3,-6.4570107E-3,1.9525146E-1,-2.7165731E-2,1.0688782E-2,5.4603578E-3,2.3827363E-2,-3.2974244E-3,-7.774353E-4,3.1051636E-4,1.21816E-3],"categories":[],"categories_nodes":[],"categories_segments":[],"categories_sizes":[],"default_left":[0,0,0,0,0,0,0,0,0,0,0,0,0,0,0],"id":86,"left_children":[1,3,5,-1,-1,7,9,11,13,-1,-1,-1,-1,-1,-1],"loss_changes":[2.2188781E-1,2.8750002E-3,7.7216744E-2,0E0,0E0,2.420773E-3,5.1423386E-3,8.155173E-5,7.458002E-6,0E0,0E0,0E0,0E0,0E0,0E0],"parents":[2147483647,0,0,1,1,2,2,5,5,6,6,7,7,8,8],"right_children":[2,4,6,-1,-1,8,10,12,14,-1,-1,-1,-1,-1,-1],"split_conditions":[2.0065776E-1,1.0061618E-1,9.056554E-1,-2.999611E-2,-7.624054E-3,6.0389924E-1,1E0,5.025785E-1,7.053903E-1,5.4603578E-3,2.3827363E-2,-3.2974244E-3,-7.774353E-4,3.1051636E-4,1.21816E-3],"split_indices":[0,0,0,0,0,0,0,0,0,0,0,0,0,0,0],"split_type":[0,0,0,0,0,0,0,0,0,0,0,0,0,0,0],"sum_hessian":[9E0,2E0,7E0,1E0,1E0,5E0,2E0,2E0,3E0,1E0,1E0,1E0,1E0,1E0,2E0],"tree_param":{"num_deleted":"0","num_feature":"2","num_nodes":"15","size_leaf_vector":"1"}},{"base_weights":[-1.9573212E-2,-2.3825836E-1,6.488037E-2,-2.849617E-2,-7.242584E-3,-6.2357583E-3,1.8548584E-1,-2.58077E-2,1.0002136E-2,5.1872255E-3,2.2635652E-2,-3.1326294E-3,-7.385254E-4,4.4759116E-4,1.3290405E-3],"categories":[],"categories_nodes":[],"categories_segments":[],"categories_sizes":[],"default_left":[0,0,0,0,0,0,0,0,0,0,0,0,0,0,0],"id":87,"left_children":[1,3,5,-1,-1,7,9,11,13,-1,-1,-1,-1,-1,-1],"loss_changes":[2.0014574E-1,2.5961995E-3,6.977259E-2,0E0,0E0,2.1649746E-3,4.641004E-3,7.36455E-5,1.3200188E-5,0E0,0E0,0E0,0E0,0E0,0E0],"parents":[2147483647,0,0,1,1,2,2,5,5,6,6,7,7,8,8],"right_children":[2,4,6,-1,-1,8,10,12,14,-1,-1,-1,-1,-1,-1],"split_conditions":[2.0065776E-1,1.0061618E-1,9.056554E-1,-2.849617E-2,-7.242584E-3,6.0389924E-1,1E0,5.025785E-1,8.047273E-1,5.1872255E-3,2.2635652E-2,-3.1326294E-3,-7.385254E-4,4.4759116E-4,1.3290405E-3],"split_indices":[0,0,0,0,0,0,0,0,0,0,0,0,0,0,0],"split_type":[0,0,0,0,0,0,0,0,0,0,0,0,0,0,0],"sum_hessian":[9E0,2E0,7E0,1E0,1E0,5E0,2E0,2E0,3E0,1E0,1E0,1E0,1E0,2E0,1E0],"tree_param":{"num_deleted":"0","num_feature":"2","num_nodes":"15","size_leaf_vector":"1"}},{"base_weights":[-1.8615723E-2,-2.263438E-1,6.160927E-2,-2.7071381E-2,-6.880188E-3,-5.9611E-3,1.7621358E-1,-2.4520874E-2,9.449005E-3,4.927826E-3,2.1504212E-2,-2.9762269E-3,-7.019043E-4,4.180908E-4,1.2626648E-3],"categories":[],"categories_nodes":[],"categories_segments":[],"categories_sizes":[],"default_left":[0,0,0,0,0,0,0,0,0,0,0,0,0,0,0],"id":88,"left_children":[1,3,5,-1,-1,7,9,11,13,-1,-1,-1,-1,-1,-1],"loss_changes":[1.8059468E-1,2.344802E-3,6.300127E-2,0E0,0E0,1.9477463E-3,4.189238E-3,6.629946E-5,1.41696655E-5,0E0,0E0,0E0,0E0,0E0,0E0],"parents":[2147483647,0,0,1,1,2,2,5,5,6,6,7,7,8,8],"right_children":[2,4,6,-1,-1,8,10,12,14,-1,-1,-1,-1,-1,-1],"split_conditions":[2.0065776E-1,1.0061618E-1,9.056554E-1,-2.7071381E-2,-6.880188E-3,6.0389924E-1,1E0,5.025785E-1,8.047273E-1,4.927826E-3,2.1504212E-2,-2.9762269E-3,-7.019043E-4,4.180908E-4,1.2626648E-3],"split_indices":[0,0,0,0,0,0,0,0,0,0,0,0,0,0,0],"split_type":[0,0,0,0,0,0,0,0,0,0,0,0,0,0,0],"sum_hessian":[9E0,2E0,7E0,1E0,1E0,5E0,2E0,2E0,3E0,1E0,1E0,1E0,1E0,2E0,1E0],"tree_param":{"num_deleted":"0","num_feature":"2","num_nodes":"15","size_leaf_vector":"1"}},{"base_weights":[-1.7704774E-2,-2.1502686E-1,5.8504105E-2,-2.5717927E-2,-6.5361024E-3,-5.6966147E-3,1.6740417E-1,-2.3295084E-2,8.926392E-3,4.6813968E-3,2.042923E-2,-2.8274537E-3,-6.668091E-4,3.90625E-4,1.1993408E-3],"categories":[],"categories_nodes":[],"categories_segments":[],"categories_sizes":[],"default_left":[0,0,0,0,0,0,0,0,0,0,0,0,0,0,0],"id":89,"left_children":[1,3,5,-1,-1,7,9,11,13,-1,-1,-1,-1,-1,-1],"loss_changes":[1.629569E-1,2.1168292E-3,5.6885332E-2,0E0,0E0,1.7519963E-3,3.7813112E-3,5.9842714E-5,1.473818E-5,0E0,0E0,0E0,0E0,0E0,0E0],"parents":[2147483647,0,0,1,1,2,2,5,5,6,6,7,7,8,8],"right_children":[2,4,6,-1,-1,8,10,12,14,-1,-1,-1,-1,-1,-1],"split_conditions":[2.0065776E-1,1.0061618E-1,9.056554E-1,-2.5717927E-2,-6.5361024E-3,6.0389924E-1,1E0,5.025785E-1,8.047273E-1,4.6813968E-3,2.042923E-2,-2.8274537E-3,-6.668091E-4,3.90625E-4,1.1993408E-3],"split_indices":[0,0,0,0,0,0,0,0,0,0,0,0,0,0,0],"split_type":[0,0,0,0,0,0,0,0,0,0,0,0,0,0,0],"sum_hessian":[9E0,2E0,7E0,1E0,1E0,5E0,2E0,2E0,3E0,1E0,1E0,1E0,1E0,2E0,1E0],"tree_param":{"num_deleted":"0","num_feature":"2","num_nodes":"15","size_leaf_vector":"1"}},{"base_weights":[-1.6841888E-2,-2.0427704E-1,5.555153E-2,-2.4431992E-2,-6.2095644E-3,-5.4473877E-3,1.5903218E-1,-2.2130331E-2,8.426666E-3,4.4471743E-3,1.9407654E-2,-2.6863099E-3,-6.3323975E-4,3.6417643E-4,1.1390686E-3],"categories":[],"categories_nodes":[],"categories_segments":[],"categories_sizes":[],"default_left":[0,0,0,0,0,0,0,0,0,0,0,0,0,0,0],"id":90,"left_children":[1,3,5,-1,-1,7,9,11,13,-1,-1,-1,-1,-1,-1],"loss_changes":[1.4703861E-1,1.9088537E-3,5.136398E-2,0E0,0E0,1.575245E-3,3.4131631E-3,5.4196105E-5,1.52479915E-5,0E0,0E0,0E0,0E0,0E0,0E0],"parents":[2147483647,0,0,1,1,2,2,5,5,6,6,7,7,8,8],"right_children":[2,4,6,-1,-1,8,10,12,14,-1,-1,-1,-1,-1,-1],"split_conditions":[2.0065776E-1,1.0061618E-1,9.056554E-1,-2.4431992E-2,-6.2095644E-3,6.0389924E-1,1E0,5.025785E-1,8.047273E-1,4.4471743E-3,1.9407654E-2,-2.6863099E-3,-6.3323975E-4,3.6417643E-4,1.1390686E-3],"split_indices":[0,0,0,0,0,0,0,0,0,0,0,0,0,0,0],"split_type":[0,0,0,0,0,0,0,0,0,0,0,0,0,0,0],"sum_hessian":[9E0,2E0,7E0,1E0,1E0,5E0,2E0,2E0,3E0,1E0,1E0,1E0,1E0,2E0,1E0],"tree_param":{"num_deleted":"0","num_feature":"2","num_nodes":"15","size_leaf_vector":"1"}},{"base_weights":[-1.6017914E-2,-1.9406383E-1,5.275154E-2,-2.3210526E-2,-5.899048E-3,-5.20579E-3,1.5108235E-1,-2.1021524E-2,7.9574585E-3,4.2251586E-3,1.8437196E-2,-2.5520325E-3,-6.011963E-4,3.397624E-4,1.0818482E-3],"categories":[],"categories_nodes":[],"categories_segments":[],"categories_sizes":[],"default_left":[0,0,0,0,0,0,0,0,0,0,0,0,0,0,0],"id":91,"left_children":[1,3,5,-1,-1,7,9,11,13,-1,-1,-1,-1,-1,-1],"loss_changes":[1.3267836E-1,1.7231479E-3,4.637844E-2,0E0,0E0,1.4163966E-3,3.0787885E-3,4.914787E-5,1.5426049E-5,0E0,0E0,0E0,0E0,0E0,0E0],"parents":[2147483647,0,0,1,1,2,2,5,5,6,6,7,7,8,8],"right_children":[2,4,6,-1,-1,8,10,12,14,-1,-1,-1,-1,-1,-1],"split_conditions":[2.0065776E-1,1.0061618E-1,9.056554E-1,-2.3210526E-2,-5.899048E-3,6.0389924E-1,1E0,5.025785E-1,8.047273E-1,4.2251586E-3,1.8437196E-2,-2.5520325E-3,-6.011963E-4,3.397624E-4,1.0818482E-3],"split_indices":[0,0,0,0,0,0,0,0,0,0,0,0,0,0,0],"split_type":[0,0,0,0,0,0,0,0,0,0,0,0,0,0,0],"sum_hessian":[9E0,2E0,7E0,1E0,1E0,5E0,2E0,2E0,3E0,1E0,1E0,1E0,1E0,2E0,1E0],"tree_param":{"num_deleted":"0","num_feature":"2","num_nodes":"15","size_leaf_vector":"1"}},{"base_weights":[-1.5233612E-2,-1.8435924E-1,5.0092697E-2,-2.2050096E-2,-5.6037903E-3,-4.9743652E-3,1.4352925E-1,-1.9973755E-2,7.5187683E-3,4.0138247E-3,1.7515564E-2,-2.4246217E-3,-5.7144166E-4,3.1738283E-4,1.0276794E-3],"categories":[],"categories_nodes":[],"categories_segments":[],"categories_sizes":[],"default_left":[0,0,0,0,0,0,0,0,0,0,0,0,0,0,0],"id":92,"left_children":[1,3,5,-1,-1,7,9,11,13,-1,-1,-1,-1,-1,-1],"loss_changes":[1.19718574E-1,1.5568435E-3,4.1876182E-2,0E0,0E0,1.2745142E-3,2.7792156E-3,4.4214423E-5,1.5317055E-5,0E0,0E0,0E0,0E0,0E0,0E0],"parents":[2147483647,0,0,1,1,2,2,5,5,6,6,7,7,8,8],"right_children":[2,4,6,-1,-1,8,10,12,14,-1,-1,-1,-1,-1,-1],"split_conditions":[2.0065776E-1,1.0061618E-1,9.056554E-1,-2.2050096E-2,-5.6037903E-3,6.0389924E-1,1E0,5.025785E-1,8.047273E-1,4.0138247E-3,1.7515564E-2,-2.4246217E-3,-5.7144166E-4,3.1738283E-4,1.0276794E-3],"split_indices":[0,0,0,0,0,0,0,0,0,0,0,0,0,0,0],"split_type":[0,0,0,0,0,0,0,0,0,0,0,0,0,0,0],"sum_hessian":[9E0,2E0,7E0,1E0,1E0,5E0,2E0,2E0,3E0,1E0,1E0,1E0,1E0,2E0,1E0],"tree_param":{"num_deleted":"0","num_feature":"2","num_nodes":"15","size_leaf_vector":"1"}},{"base_weights":[-1.4488983E-2,-1.7514293E-1,4.7567368E-2,-2.0947648E-2,-5.3237914E-3,-4.753113E-3,1.3635254E-1,-1.8976847E-2,7.1029663E-3,3.8131715E-3,1.663971E-2,-2.3033142E-3,-5.432129E-4,2.960205E-4,9.765625E-4],"categories":[],"categories_nodes":[],"categories_segments":[],"categories_sizes":[],"default_left":[0,0,0,0,0,0,0,0,0,0,0,0,0,0,0],"id":93,"left_children":[1,3,5,-1,-1,7,9,11,13,-1,-1,-1,-1,-1,-1],"loss_changes":[1.0802706E-1,1.4042035E-3,3.7810363E-2,0E0,0E0,1.1466183E-3,2.5079958E-3,3.9705075E-5,1.5214784E-5,0E0,0E0,0E0,0E0,0E0,0E0],"parents":[2147483647,0,0,1,1,2,2,5,5,6,6,7,7,8,8],"right_children":[2,4,6,-1,-1,8,10,12,14,-1,-1,-1,-1,-1,-1],"split_conditions":[2.0065776E-1,1.0061618E-1,9.056554E-1,-2.0947648E-2,-5.3237914E-3,6.0389924E-1,1E0,5.025785E-1,8.047273E-1,3.8131715E-3,1.663971E-2,-2.3033142E-3,-5.432129E-4,2.960205E-4,9.765625E-4],"split_indices":[0,0,0,0,0,0,0,0,0,0,0,0,0,0,0],"split_type":[0,0,0,0,0,0,0,0,0,0,0,0,0,0,0],"sum_hessian":[9E0,2E0,7E0,1E0,1E0,5E0,2E0,2E0,3E0,1E0,1E0,1E0,1E0,2E0,1E0],"tree_param":{"num_deleted":"0","num_feature":"2","num_nodes":"15","size_leaf_vector":"1"}},{"base_weights":[-1.3776397E-2,-1.6638438E-1,4.5173645E-2,-1.9900132E-2,-5.057526E-3,-4.536947E-3,1.2953694E-1,-1.8025717E-2,6.713867E-3,3.6224367E-3,1.5808105E-2,-2.1881105E-3,-5.1574706E-4,2.766927E-4,9.2773436E-4],"categories":[],"categories_nodes":[],"categories_segments":[],"categories_sizes":[],"default_left":[0,0,0,0,0,0,0,0,0,0,0,0,0,0,0],"id":94,"left_children":[1,3,5,-1,-1,7,9,11,13,-1,-1,-1,-1,-1,-1],"loss_changes":[9.747866E-2,1.2674704E-3,3.41377E-2,0E0,0E0,1.03158E-3,2.2641867E-3,3.5985082E-5,1.4801815E-5,0E0,0E0,0E0,0E0,0E0,0E0],"parents":[2147483647,0,0,1,1,2,2,5,5,6,6,7,7,8,8],"right_children":[2,4,6,-1,-1,8,10,12,14,-1,-1,-1,-1,-1,-1],"split_conditions":[2.0065776E-1,1.0061618E-1,9.056554E-1,-1.9900132E-2,-5.057526E-3,6.0389924E-1,1E0,5.025785E-1,8.047273E-1,3.6224367E-3,1.5808105E-2,-2.1881105E-3,-5.1574706E-4,2.766927E-4,9.2773436E-4],"split_indices":[0,0,0,0,0,0,0,0,0,0,0,0,0,0,0],"split_type":[0,0,0,0,0,0,0,0,0,0,0,0,0,0,0],"sum_hessian":[9E0,2E0,7E0,1E0,1E0,5E0,2E0,2E0,3E0,1E0,1E0,1E0,1E0,2E0,1E0],"tree_param":{"num_deleted":"0","num_feature":"2","num_nodes":"15","size_leaf_vector":"1"}},{"base_weights":[-1.310196E-2,-1.5806834E-1,4.2898178E-2,-1.8905258E-2,-4.8049926E-3,-4.333496E-3,1.23062134E-1,-1.7125448E-2,6.3438416E-3,3.44162E-3,1.50177E-2,-2.07901E-3,-4.8980716E-4,2.5838215E-4,8.8119507E-4],"categories":[],"categories_nodes":[],"categories_segments":[],"categories_sizes":[],"default_left":[0,0,0,0,0,0,0,0,0,0,0,0,0,0,0],"id":95,"left_children":[1,3,5,-1,-1,7,9,11,13,-1,-1,-1,-1,-1,-1],"loss_changes":[8.796221E-2,1.142554E-3,3.082351E-2,0E0,0E0,9.28145E-4,2.0423457E-3,3.2595883E-5,1.4352045E-5,0E0,0E0,0E0,0E0,0E0,0E0],"parents":[2147483647,0,0,1,1,2,2,5,5,6,6,7,7,8,8],"right_children":[2,4,6,-1,-1,8,10,12,14,-1,-1,-1,-1,-1,-1],"split_conditions":[2.0065776E-1,1.0061618E-1,9.056554E-1,-1.8905258E-2,-4.8049926E-3,6.0389924E-1,1E0,5.025785E-1,8.047273E-1,3.44162E-3,1.50177E-2,-2.07901E-3,-4.8980716E-4,2.5838215E-4,8.8119507E-4],"split_indices":[0,0,0,0,0,0,0,0,0,0,0,0,0,0,0],"split_type":[0,0,0,0,0,0,0,0,0,0,0,0,0,0,0],"sum_hessian":[9E0,2E0,7E0,1E0,1E0,5E0,2E0,2E0,3E0,1E0,1E0,1E0,1E0,2E0,1E0],"tree_param":{"num_deleted":"0","num_feature":"2","num_nodes":"15","size_leaf_vector":"1"}},{"base_weights":[-1.246109E-2,-1.5016429E-1,4.0735245E-2,-1.7959977E-2,-4.5646667E-3,-4.1402183E-3,1.1690775E-1,-1.6270956E-2,5.9928894E-3,3.2691956E-3,1.4266968E-2,-1.9752502E-3,-4.6539307E-4,2.4108887E-4,8.369446E-4],"categories":[],"categories_nodes":[],"categories_segments":[],"categories_sizes":[],"default_left":[0,0,0,0,0,0,0,0,0,0,0,0,0,0,0],"id":96,"left_children":[1,3,5,-1,-1,7,9,11,13,-1,-1,-1,-1,-1,-1],"loss_changes":[7.937003E-2,1.0314435E-3,2.7830236E-2,0E0,0E0,8.350424E-4,1.8445291E-3,2.9408897E-5,1.3873505E-5,0E0,0E0,0E0,0E0,0E0,0E0],"parents":[2147483647,0,0,1,1,2,2,5,5,6,6,7,7,8,8],"right_children":[2,4,6,-1,-1,8,10,12,14,-1,-1,-1,-1,-1,-1],"split_conditions":[2.0065776E-1,1.0061618E-1,9.056554E-1,-1.7959977E-2,-4.5646667E-3,6.0389924E-1,1E0,5.025785E-1,8.047273E-1,3.2691956E-3,1.4266968E-2,-1.9752502E-3,-4.6539307E-4,2.4108887E-4,8.369446E-4],"split_indices":[0,0,0,0,0,0,0,0,0,0,0,0,0,0,0],"split_type":[0,0,0,0,0,0,0,0,0,0,0,0,0,0,0],"sum_hessian":[9E0,2E0,7E0,1E0,1E0,5E0,2E0,2E0,3E0,1E0,1E0,1E0,1E0,2E0,1E0],"tree_param":{"num_deleted":"0","num_feature":"2","num_nodes":"15","size_leaf_vector":"1"}},{"base_weights":[-1.1852264E-2,-1.4265697E-1,3.868103E-2,-1.7061997E-2,-4.336548E-3,-3.957113E-3,1.1106364E-1,-1.5462239E-2,5.6610107E-3,3.1059266E-3,1.3553619E-2,-1.876831E-3,-4.4250488E-4,2.2481281E-4,7.9498295E-4],"categories":[],"categories_nodes":[],"categories_segments":[],"categories_sizes":[],"default_left":[0,0,0,0,0,0,0,0,0,0,0,0,0,0,0],"id":97,"left_children":[1,3,5,-1,-1,7,9,11,13,-1,-1,-1,-1,-1,-1],"loss_changes":[7.161804E-2,9.3044713E-4,2.512957E-2,0E0,0E0,7.5147825E-4,1.6640835E-3,2.6418536E-5,1.3373632E-5,0E0,0E0,0E0,0E0,0E0,0E0],"parents":[2147483647,0,0,1,1,2,2,5,5,6,6,7,7,8,8],"right_children":[2,4,6,-1,-1,8,10,12,14,-1,-1,-1,-1,-1,-1],"split_conditions":[2.0065776E-1,1.0061618E-1,9.056554E-1,-1.7061997E-2,-4.336548E-3,6.0389924E-1,1E0,5.025785E-1,8.047273E-1,3.1059266E-3,1.3553619E-2,-1.876831E-3,-4.4250488E-4,2.2481281E-4,7.9498295E-4],"split_indices":[0,0,0,0,0,0,0,0,0,0,0,0,0,0,0],"split_type":[0,0,0,0,0,0,0,0,0,0,0,0,0,0,0],"sum_hessian":[9E0,2E0,7E0,1E0,1E0,5E0,2E0,2E0,3E0,1E0,1E0,1E0,1E0,2E0,1E0],"tree_param":{"num_deleted":"0","num_feature":"2","num_nodes":"15","size_leaf_vector":"1"}},{"base_weights":[-1.127243E-2,-1.3552602E-1,3.673172E-2,-1.620903E-2,-4.119873E-3,-3.7790935E-3,1.0550944E-1,-1.4689128E-2,5.3482056E-3,2.950287E-3,1.287613E-2,-1.7829895E-3,-4.2037966E-4,2.0955403E-4,7.5531006E-4],"categories":[],"categories_nodes":[],"categories_segments":[],"categories_sizes":[],"default_left":[0,0,0,0,0,0,0,0,0,0,0,0,0,0,0],"id":98,"left_children":[1,3,5,-1,-1,7,9,11,13,-1,-1,-1,-1,-1,-1],"loss_changes":[6.462499E-2,8.392967E-4,2.268866E-2,0E0,0E0,6.760353E-4,1.503054E-3,2.3842731E-5,1.2859309E-5,0E0,0E0,0E0,0E0,0E0,0E0],"parents":[2147483647,0,0,1,1,2,2,5,5,6,6,7,7,8,8],"right_children":[2,4,6,-1,-1,8,10,12,14,-1,-1,-1,-1,-1,-1],"split_conditions":[2.0065776E-1,1.0061618E-1,9.056554E-1,-1.620903E-2,-4.119873E-3,6.0389924E-1,1E0,5.025785E-1,8.047273E-1,2.950287E-3,1.287613E-2,-1.7829895E-3,-4.2037966E-4,2.0955403E-4,7.5531006E-4],"split_indices":[0,0,0,0,0,0,0,0,0,0,0,0,0,0,0],"split_type":[0,0,0,0,0,0,0,0,0,0,0,0,0,0,0],"sum_hessian":[9E0,2E0,7E0,1E0,1E0,5E0,2E0,2E0,3E0,1E0,1E0,1E0,1E0,2E0,1E0],"tree_param":{"num_deleted":"0","num_feature":"2","num_nodes":"15","size_leaf_vector":"1"}},{"base_weights":[-1.0719299E-2,-1.2874858E-1,3.488159E-2,-1.5398407E-2,-3.9138794E-3,-3.6087036E-3,1.00234985E-1,-1.3951619E-2,5.050659E-3,2.8030395E-3,1.2232209E-2,-1.6937256E-3,-3.9901733E-4,1.953125E-4,7.171631E-4],"categories":[],"categories_nodes":[],"categories_segments":[],"categories_sizes":[],"default_left":[0,0,0,0,0,0,0,0,0,0,0,0,0,0,0],"id":99,"left_children":[1,3,5,-1,-1,7,9,11,13,-1,-1,-1,-1,-1,-1],"loss_changes":[5.831336E-2,7.572919E-4,2.048549E-2,0E0,0E0,6.078432E-4,1.3556313E-3,2.16412E-5,1.2272038E-5,0E0,0E0,0E0,0E0,0E0,0E0],"parents":[2147483647,0,0,1,1,2,2,5,5,6,6,7,7,8,8],"right_children":[2,4,6,-1,-1,8,10,12,14,-1,-1,-1,-1,-1,-1],"split_conditions":[2.0065776E-1,1.0061618E-1,9.056554E-1,-1.5398407E-2,-3.9138794E-3,6.0389924E-1,1E0,5.025785E-1,8.047273E-1,2.8030395E-3,1.2232209E-2,-1.6937256E-3,-3.9901733E-4,1.953125E-4,7.171631E-4],"split_indices":[0,0,0,0,0,0,0,0,0,0,0,0,0,0,0],"split_type":[0,0,0,0,0,0,0,0,0,0,0,0,0,0,0],"sum_hessian":[9E0,2E0,7E0,1E0,1E0,5E0,2E0,2E0,3E0,1E0,1E0,1E0,1E0,2E0,1E0],"tree_param":{"num_deleted":"0","num_feature":"2","num_nodes":"15","size_leaf_vector":"1"}}]},"name":"gbtree"},"learner_model_param":{"base_score":"1.6944444E2","boost_from_average":"1","num_class":"0","num_feature":"2","num_target":"1"},"objective":{"name":"reg:squarederror","reg_loss_param":{"scale_pos_weight":"1"}}},"version":[2,1,1]}