{"learner":{"attributes":{"scikit_learn":"{\"_estimator_type\": \"regressor\"}"},"feature_names":[],"feature_types":[],"gradient_booster":{"model":{"gbtree_model_param":{"num_parallel_tree":"1","num_trees":"100"},"iteration_indptr":[0,1,2,3,4,5,6,7,8,9,10,11,12,13,14,15,16,17,18,19,20,21,22,23,24,25,26,27,28,29,30,31,32,33,34,35,36,37,38,39,40,41,42,43,44,45,46,47,48,49,50,51,52,53,54,55,56,57,58,59,60,61,62,63,64,65,66,67,68,69,70,71,72,73,74,75,76,77,78,79,80,81,82,83,84,85,86,87,88,89,90,91,92,93,94,95,96,97,98,99,100],"tree_info":[0,0,0,0,0,0,0,0,0,0,0,0,0,0,0,0,0,0,0,0,0,0,0,0,0,0,0,0,0,0,0,0,0,0,0,0,0,0,0,0,0,0,0,0,0,0,0,0,0,0,0,0,0,0,0,0,0,0,0,0,0,0,0,0,0,0,0,0,0,0,0,0,0,0,0,0,0,0,0,0,0,0,0,0,0,0,0,0,0,0,0,0,0,0,0,0,0,0,0,0],"trees":[{"base_weights":[2.670288E-6,-2.8203701E1,3.3844445E0,-3.5833328E0,-8.6296284E-1],"categories":[],"categories_nodes":[],"categories_segments":[],"categories_sizes":[],"default_left":[0,0,0,0,0],"id":0,"left_children":[1,3,-1,-1,-1],"loss_changes":[1.0499925E4,5.868291E2,0E0,0E0,0E0],"parents":[2147483647,0,0,1,1],"right_children":[2,4,-1,-1,-1],"split_conditions":[7.048367E-1,5.039447E-1,3.3844445E0,-3.5833328E0,-8.6296284E-1],"split_indices":[0,0,0,0,0],"split_type":[0,0,0,0,0],"sum_hessian":[9E0,5E0,4E0,3E0,2E0],"tree_param":{"num_deleted":"0","num_feature":"2","num_nodes":"5","size_leaf_vector":"1"}},{"base_weights":[-1.0618248E-1,-2.6124378E1,3.1136892E0,-3.3145828E0,-8.0543214E-1],"categories":[],"categories_nodes":[],"categories_segments":[],"categories_sizes":[],"default_left":[0,0,0,0,0],"id":1,"left_children":[1,3,-1,-1,-1],"loss_changes":[8.942316E3,4.9430054E2,0E0,0E0,0E0],"parents":[2147483647,0,0,1,1],"right_children":[2,4,-1,-1,-1],"split_conditions":[7.048367E-1,5.039447E-1,3.1136892E0,-3.3145828E0,-8.0543214E-1],"split_indices":[0,0,0,0,0],"split_type":[0,0,0,0,0],"sum_hessian":[9E0,5E0,4E0,3E0,2E0],"tree_param":{"num_deleted":"0","num_feature":"2","num_nodes":"5","size_leaf_vector":"1"}},{"base_weights":[-1.9619484E-1,-2.4198608E1,2.864594E1,-3.065989E0,-7.5173646E-1,8.0287135E-1,3.179307E0],"categories":[],"categories_nodes":[],"categories_segments":[],"categories_sizes":[],"default_left":[0,0,0,0,0,0,0],"id":2,"left_children":[1,3,5,-1,-1,-1,-1],"loss_changes":[7.616001E3,4.1621143E2,6.916797E1,0E0,0E0,0E0,0E0],"parents":[2147483647,0,0,1,1,2,2],"right_children":[2,4,6,-1,-1,-1,-1],"split_conditions":[7.048367E-1,5.039447E-1,8.064434E-1,-3.065989E0,-7.5173646E-1,8.0287135E-1,3.179307E0],"split_indices":[0,0,0,0,0,0,0],"split_type":[0,0,0,0,0,0,0],"sum_hessian":[9E0,5E0,4E0,3E0,2E0,1E0,3E0],"tree_param":{"num_deleted":"0","num_feature":"2","num_nodes":"7","size_leaf_vector":"1"}},{"base_weights":[-1.6012993E-1,-2.2415035E1,2.6577784E1,-2.8360403E0,-7.016205E-1,7.6272774E-1,2.940859E0],"categories":[],"categories_nodes":[],"categories_segments":[],"categories_sizes":[],"default_left":[0,0,0,0,0,0,0],"id":3,"left_children":[1,3,5,-1,-1,-1,-1],"loss_changes":[6.5462397E3,3.5032788E2,4.3918457E1,0E0,0E0,0E0,0E0],"parents":[2147483647,0,0,1,1,2,2],"right_children":[2,4,6,-1,-1,-1,-1],"split_conditions":[7.048367E-1,5.039447E-1,8.064434E-1,-2.8360403E0,-7.016205E-1,7.6272774E-1,2.940859E0],"split_indices":[0,0,0,0,0,0,0],"split_type":[0,0,0,0,0,0,0],"sum_hessian":[9E0,5E0,4E0,3E0,2E0,1E0,3E0],"tree_param":{"num_deleted":"0","num_feature":"2","num_nodes":"7","size_leaf_vector":"1"}},{"base_weights":[-1.2752418E-1,-2.0763144E1,2.4660725E1,-2.4051235E0,-2.1613427E-1,7.2459143E-1,2.7202947E0],"categories":[],"categories_nodes":[],"categories_segments":[],"categories_sizes":[],"default_left":[0,0,0,0,0,0,0],"id":4,"left_children":[1,3,5,-1,-1,-1,-1],"loss_changes":[5.6272427E3,3.1500366E2,2.4251709E1,0E0,0E0,0E0,0E0],"parents":[2147483647,0,0,1,1,2,2],"right_children":[2,4,6,-1,-1,-1,-1],"split_conditions":[7.048367E-1,6.0434085E-1,8.064434E-1,-2.4051235E0,-2.1613427E-1,7.2459143E-1,2.7202947E0],"split_indices":[0,0,0,0,0,0,0],"split_type":[0,0,0,0,0,0,0],"sum_hessian":[9E0,5E0,4E0,4E0,1E0,1E0,3E0],"tree_param":{"num_deleted":"0","num_feature":"2","num_nodes":"7","size_leaf_vector":"1"}},{"base_weights":[-3.2409288E-2,-1.9123707E1,2.288363E1,-2.442953E0,-5.6747055E-1,6.8836176E-1,2.516273E0],"categories":[],"categories_nodes":[],"categories_segments":[],"categories_sizes":[],"default_left":[0,0,0,0,0,0,0],"id":5,"left_children":[1,3,5,-1,-1,-1,-1],"loss_changes":[4.812589E3,2.8951807E2,9.117432E0,0E0,0E0,0E0,0E0],"parents":[2147483647,0,0,1,1,2,2],"right_children":[2,4,6,-1,-1,-1,-1],"split_conditions":[7.048367E-1,5.039447E-1,8.064434E-1,-2.442953E0,-5.6747055E-1,6.8836176E-1,2.516273E0],"split_indices":[0,0,0,0,0,0,0],"split_type":[0,0,0,0,0,0,0],"sum_hessian":[9E0,5E0,4E0,3E0,2E0,1E0,3E0],"tree_param":{"num_deleted":"0","num_feature":"2","num_nodes":"7","size_leaf_vector":"1"}},{"base_weights":[-9.746933E-3,-1.7713074E1,2.1236196E0,-2.2597318E0,-5.296392E-1],"categories":[],"categories_nodes":[],"categories_segments":[],"categories_sizes":[],"default_left":[0,0,0,0,0],"id":6,"left_children":[1,3,-1,-1,-1],"loss_changes":[4.1373965E3,2.4419226E2,0E0,0E0,0E0],"parents":[2147483647,0,0,1,1],"right_children":[2,4,-1,-1,-1],"split_conditions":[7.048367E-1,5.039447E-1,2.1236196E0,-2.2597318E0,-5.296392E-1],"split_indices":[0,0,0,0,0],"split_type":[0,0,0,0,0],"sum_hessian":[9E0,5E0,4E0,3E0,2E0],"tree_param":{"num_deleted":"0","num_feature":"2","num_nodes":"5","size_leaf_vector":"1"}},{"base_weights":[-7.534599E-2,-1.6406658E1,1.9537298E1,-1.9086103E0,-1.5047188E-1,5.477627E-1,2.168281E0],"categories":[],"categories_nodes":[],"categories_segments":[],"categories_sizes":[],"default_left":[0,0,0,0,0,0,0],"id":7,"left_children":[1,3,5,-1,-1,-1,-1],"loss_changes":[3.5235442E3,2.1085425E2,3.2055542E1,0E0,0E0,0E0,0E0],"parents":[2147483647,0,0,1,1,2,2],"right_children":[2,4,6,-1,-1,-1,-1],"split_conditions":[7.048367E-1,6.0434085E-1,8.064434E-1,-1.9086103E0,-1.5047188E-1,5.477627E-1,2.168281E0],"split_indices":[0,0,0,0,0,0,0],"split_type":[0,0,0,0,0,0,0],"sum_hessian":[9E0,5E0,4E0,4E0,1E0,1E0,3E0],"tree_param":{"num_deleted":"0","num_feature":"2","num_nodes":"7","size_leaf_vector":"1"}},{"base_weights":[-2.1160126E-3,-1.5109175E1,1.8126778E1,-1.9471058E0,-4.2569375E-1,5.203747E-1,2.0056598E0],"categories":[],"categories_nodes":[],"categories_segments":[],"categories_sizes":[],"default_left":[0,0,0,0,0,0,0],"id":8,"left_children":[1,3,5,-1,-1,-1,-1],"loss_changes":[3.0126235E3,2.0113E2,2.0326172E1,0E0,0E0,0E0,0E0],"parents":[2147483647,0,0,1,1,2,2],"right_children":[2,4,6,-1,-1,-1,-1],"split_conditions":[7.048367E-1,5.039447E-1,8.064434E-1,-1.9471058E0,-4.2569375E-1,5.203747E-1,2.0056598E0],"split_indices":[0,0,0,0,0,0,0],"split_type":[0,0,0,0,0,0,0],"sum_hessian":[9E0,5E0,4E0,3E0,2E0,1E0,3E0],"tree_param":{"num_deleted":"0","num_feature":"2","num_nodes":"7","size_leaf_vector":"1"}},{"base_weights":[1.341896E-2,-1.3993723E1,1.6819305E1,-1.8010731E0,-3.9731395E0,7.4300843E-1,2.060209E0,-4.7430763E-1,-1.2166329E-1],"categories":[],"categories_nodes":[],"categories_segments":[],"categories_sizes":[],"default_left":[0,0,0,0,0,0,0,0,0],"id":9,"left_children":[1,3,5,-1,7,-1,-1,-1,-1],"loss_changes":[2.5893892E3,1.699574E2,2.4511719E1,0E0,5.964241E-1,0E0,0E0,0E0,0E0],"parents":[2147483647,0,0,1,1,2,2,4,4],"right_children":[2,4,6,-1,8,-1,-1,-1,-1],"split_conditions":[7.048367E-1,5.039447E-1,9.087464E-1,-1.8010731E0,6.0434085E-1,7.4300843E-1,2.060209E0,-4.7430763E-1,-1.2166329E-1],"split_indices":[0,0,0,0,0,0,0,0,0],"split_type":[0,0,0,0,0,0,0,0,0],"sum_hessian":[9E0,5E0,4E0,3E0,2E0,2E0,2E0,1E0,1E0],"tree_param":{"num_deleted":"0","num_feature":"2","num_nodes":"9","size_leaf_vector":"1"}},{"base_weights":[5.2692793E-2,-1.2993859E1,1.5698016E1,-1.8586601E0,-5.5508375E0,6.9347435E-1,1.9228617E0,-6.6305834E-1,-1.15579985E-1],"categories":[],"categories_nodes":[],"categories_segments":[],"categories_sizes":[],"default_left":[0,0,0,0,0,0,0,0,0],"id":10,"left_children":[1,3,5,-1,7,-1,-1,-1,-1],"loss_changes":[2.2451528E3,1.4659021E2,2.135254E1,0E0,1.1318474E1,0E0,0E0,0E0,0E0],"parents":[2147483647,0,0,1,1,2,2,4,4],"right_children":[2,4,6,-1,8,-1,-1,-1,-1],"split_conditions":[7.048367E-1,3.0299142E-1,9.087464E-1,-1.8586601E0,6.0434085E-1,6.9347435E-1,1.9228617E0,-6.6305834E-1,-1.15579985E-1],"split_indices":[0,0,0,0,0,0,0,0,0],"split_type":[0,0,0,0,0,0,0,0,0],"sum_hessian":[9E0,5E0,4E0,2E0,3E0,2E0,2E0,2E0,1E0],"tree_param":{"num_deleted":"0","num_feature":"2","num_nodes":"9","size_leaf_vector":"1"}},{"base_weights":[4.5327377E-2,-1.2134024E1,1.4651484E1,-1.7347494E0,-5.1904154E0,6.472427E-1,1.794671E0,-6.188547E-1,-1.09801106E-1],"categories":[],"categories_nodes":[],"categories_segments":[],"categories_sizes":[],"default_left":[0,0,0,0,0,0,0,0,0],"id":11,"left_children":[1,3,5,-1,7,-1,-1,-1,-1],"loss_changes":[1.9567166E3,1.2716107E2,1.8600464E1,0E0,9.54393E0,0E0,0E0,0E0,0E0],"parents":[2147483647,0,0,1,1,2,2,4,4],"right_children":[2,4,6,-1,8,-1,-1,-1,-1],"split_conditions":[7.048367E-1,3.0299142E-1,9.087464E-1,-1.7347494E0,6.0434085E-1,6.472427E-1,1.794671E0,-6.188547E-1,-1.09801106E-1],"split_indices":[0,0,0,0,0,0,0,0,0],"split_type":[0,0,0,0,0,0,0,0,0],"sum_hessian":[9E0,5E0,4E0,2E0,3E0,2E0,2E0,2E0,1E0],"tree_param":{"num_deleted":"0","num_feature":"2","num_nodes":"9","size_leaf_vector":"1"}},{"base_weights":[3.8646698E-2,-1.1331188E1,1.3674719E1,-1.6190995E0,-4.8535366E0,6.0409343E-1,1.6750265E0,-5.7759756E-1,-1.0431099E-1],"categories":[],"categories_nodes":[],"categories_segments":[],"categories_sizes":[],"default_left":[0,0,0,0,0,0,0,0,0],"id":12,"left_children":[1,3,5,-1,7,-1,-1,-1,-1],"loss_changes":[1.7053499E3,1.1029724E2,1.6203003E1,0E0,8.034569E0,0E0,0E0,0E0,0E0],"parents":[2147483647,0,0,1,1,2,2,4,4],"right_children":[2,4,6,-1,8,-1,-1,-1,-1],"split_conditions":[7.048367E-1,3.0299142E-1,9.087464E-1,-1.6190995E0,6.0434085E-1,6.0409343E-1,1.6750265E0,-5.7759756E-1,-1.0431099E-1],"split_indices":[0,0,0,0,0,0,0,0,0],"split_type":[0,0,0,0,0,0,0,0,0],"sum_hessian":[9E0,5E0,4E0,2E0,3E0,2E0,2E0,2E0,1E0],"tree_param":{"num_deleted":"0","num_feature":"2","num_nodes":"9","size_leaf_vector":"1"}},{"base_weights":[3.2592773E-2,-1.0581571E1,1.2763071E1,-1.5111595E0,-4.53866E0,5.638204E-1,1.5633581E0,-5.39091E-1,-9.909554E-2],"categories":[],"categories_nodes":[],"categories_segments":[],"categories_sizes":[],"default_left":[0,0,0,0,0,0,0,0,0],"id":13,"left_children":[1,3,5,-1,7,-1,-1,-1,-1],"loss_changes":[1.4862871E3,9.566077E1,1.4114685E1,0E0,6.7519684E0,0E0,0E0,0E0,0E0],"parents":[2147483647,0,0,1,1,2,2,4,4],"right_children":[2,4,6,-1,8,-1,-1,-1,-1],"split_conditions":[7.048367E-1,3.0299142E-1,9.087464E-1,-1.5111595E0,6.0434085E-1,5.638204E-1,1.5633581E0,-5.39091E-1,-9.909554E-2],"split_indices":[0,0,0,0,0,0,0,0,0],"split_type":[0,0,0,0,0,0,0,0,0],"sum_hessian":[9E0,5E0,4E0,2E0,3E0,2E0,2E0,2E0,1E0],"tree_param":{"num_deleted":"0","num_feature":"2","num_nodes":"9","size_leaf_vector":"1"}},{"base_weights":[2.711754E-2,-9.881639E0,1.1912201E1,-1.2698444E0,-2.8320187E-1,3.3177376E-1,1.3231382E0],"categories":[],"categories_nodes":[],"categories_segments":[],"categories_sizes":[],"default_left":[0,0,0,0,0,0,0],"id":14,"left_children":[1,3,5,-1,-1,-1,-1],"loss_changes":[1.295376E3,8.318213E1,1.2790039E1,0E0,0E0,0E0,0E0],"parents":[2147483647,0,0,1,1,2,2],"right_children":[2,4,6,-1,-1,-1,-1],"split_conditions":[7.048367E-1,5.039447E-1,8.064434E-1,-1.2698444E0,-2.8320187E-1,3.3177376E-1,1.3231382E0],"split_indices":[0,0,0,0,0,0,0],"split_type":[0,0,0,0,0,0,0],"sum_hessian":[9E0,5E0,4E0,3E0,2E0,1E0,3E0],"tree_param":{"num_deleted":"0","num_feature":"2","num_nodes":"7","size_leaf_vector":"1"}},{"base_weights":[3.4593582E-2,-9.152315E0,1.1051966E1,-1.3257594E0,-3.7852774E0,4.7106883E-1,1.3709254E0,-4.5138335E-1,-7.998047E-2],"categories":[],"categories_nodes":[],"categories_segments":[],"categories_sizes":[],"default_left":[0,0,0,0,0,0,0,0,0],"id":15,"left_children":[1,3,5,-1,7,-1,-1,-1,-1],"loss_changes":[1.1133069E3,8.201544E1,1.9673035E1,0E0,5.0901527E0,0E0,0E0,0E0,0E0],"parents":[2147483647,0,0,1,1,2,2,4,4],"right_children":[2,4,6,-1,8,-1,-1,-1,-1],"split_conditions":[7.048367E-1,3.0299142E-1,9.087464E-1,-1.3257594E0,6.0434085E-1,4.7106883E-1,1.3709254E0,-4.5138335E-1,-7.998047E-2],"split_indices":[0,0,0,0,0,0,0,0,0],"split_type":[0,0,0,0,0,0,0,0,0],"sum_hessian":[9E0,5E0,4E0,2E0,3E0,2E0,2E0,2E0,1E0],"tree_param":{"num_deleted":"0","num_feature":"2","num_nodes":"9","size_leaf_vector":"1"}},{"base_weights":[2.9621124E-2,-8.546604E0,1.0315167E1,-1.2373754E0,-3.5395908E0,4.396642E-1,1.2795304E0,-4.212911E-1,-7.598152E-2],"categories":[],"categories_nodes":[],"categories_segments":[],"categories_sizes":[],"default_left":[0,0,0,0,0,0,0,0,0],"id":16,"left_children":[1,3,5,-1,7,-1,-1,-1,-1],"loss_changes":[9.7027124E2,7.117752E1,1.713739E1,0E0,4.285675E0,0E0,0E0,0E0,0E0],"parents":[2147483647,0,0,1,1,2,2,4,4],"right_children":[2,4,6,-1,8,-1,-1,-1,-1],"split_conditions":[7.048367E-1,3.0299142E-1,9.087464E-1,-1.2373754E0,6.0434085E-1,4.396642E-1,1.2795304E0,-4.212911E-1,-7.598152E-2],"split_indices":[0,0,0,0,0,0,0,0,0],"split_type":[0,0,0,0,0,0,0,0,0],"sum_hessian":[9E0,5E0,4E0,2E0,3E0,2E0,2E0,2E0,1E0],"tree_param":{"num_deleted":"0","num_feature":"2","num_nodes":"9","size_leaf_vector":"1"}},{"base_weights":[2.5112534E-2,-7.981052E0,9.627487E0,-1.1548836E0,-3.3099508E0,4.103531E-1,1.194228E0,-3.9320514E-1,-7.218247E-2],"categories":[],"categories_nodes":[],"categories_segments":[],"categories_sizes":[],"default_left":[0,0,0,0,0,0,0,0,0],"id":17,"left_children":[1,3,5,-1,7,-1,-1,-1,-1],"loss_changes":[8.456193E2,6.1766815E1,1.4928619E1,0E0,3.602047E0,0E0,0E0,0E0,0E0],"parents":[2147483647,0,0,1,1,2,2,4,4],"right_children":[2,4,6,-1,8,-1,-1,-1,-1],"split_conditions":[7.048367E-1,3.0299142E-1,9.087464E-1,-1.1548836E0,6.0434085E-1,4.103531E-1,1.194228E0,-3.9320514E-1,-7.218247E-2],"split_indices":[0,0,0,0,0,0,0,0,0],"split_type":[0,0,0,0,0,0,0,0,0],"sum_hessian":[9E0,5E0,4E0,2E0,3E0,2E0,2E0,2E0,1E0],"tree_param":{"num_deleted":"0","num_feature":"2","num_nodes":"9","size_leaf_vector":"1"}},{"base_weights":[2.103157E-2,-7.452992E0,8.985654E0,-1.0778912E0,-3.0953035E0,3.829961E-1,1.1146129E0,-3.6699155E-1,-6.857338E-2],"categories":[],"categories_nodes":[],"categories_segments":[],"categories_sizes":[],"default_left":[0,0,0,0,0,0,0,0,0],"id":18,"left_children":[1,3,5,-1,7,-1,-1,-1,-1],"loss_changes":[7.3698804E2,5.3595947E1,1.3004456E1,0E0,3.0216827E0,0E0,0E0,0E0,0E0],"parents":[2147483647,0,0,1,1,2,2,4,4],"right_children":[2,4,6,-1,8,-1,-1,-1,-1],"split_conditions":[7.048367E-1,3.0299142E-1,9.087464E-1,-1.0778912E0,6.0434085E-1,3.829961E-1,1.1146129E0,-3.6699155E-1,-6.857338E-2],"split_indices":[0,0,0,0,0,0,0,0,0],"split_type":[0,0,0,0,0,0,0,0,0],"sum_hessian":[9E0,5E0,4E0,2E0,3E0,2E0,2E0,2E0,1E0],"tree_param":{"num_deleted":"0","num_feature":"2","num_nodes":"9","size_leaf_vector":"1"}},{"base_weights":[1.7344665E-2,-6.9599357E0,8.386612E0,-1.0060319E0,-2.8946648E0,3.574631E-1,1.0403056E0,-3.4252548E-1,-6.514473E-2],"categories":[],"categories_nodes":[],"categories_segments":[],"categories_sizes":[],"default_left":[0,0,0,0,0,0,0,0,0],"id":19,"left_children":[1,3,5,-1,7,-1,-1,-1,-1],"loss_changes":[6.423175E2,4.6502106E1,1.1328369E1,0E0,2.5295448E0,0E0,0E0,0E0,0E0],"parents":[2147483647,0,0,1,1,2,2,4,4],"right_children":[2,4,6,-1,8,-1,-1,-1,-1],"split_conditions":[7.048367E-1,3.0299142E-1,9.087464E-1,-1.0060319E0,6.0434085E-1,3.574631E-1,1.0403056E0,-3.4252548E-1,-6.514473E-2],"split_indices":[0,0,0,0,0,0,0,0,0],"split_type":[0,0,0,0,0,0,0,0,0],"sum_hessian":[9E0,5E0,4E0,2E0,3E0,2E0,2E0,2E0,1E0],"tree_param":{"num_deleted":"0","num_feature":"2","num_nodes":"9","size_leaf_vector":"1"}},{"base_weights":[1.4019394E-2,-6.499558E0,7.8275084E0,-9.3896306E-1,-2.7071142E0,3.336324E-1,9.7095233E-1,-3.1969032E-1,-6.188736E-2],"categories":[],"categories_nodes":[],"categories_segments":[],"categories_sizes":[],"default_left":[0,0,0,0,0,0,0,0,0],"id":20,"left_children":[1,3,5,-1,7,-1,-1,-1,-1],"loss_changes":[5.59813E2,4.0343826E1,9.868317E0,0E0,2.112709E0,0E0,0E0,0E0,0E0],"parents":[2147483647,0,0,1,1,2,2,4,4],"right_children":[2,4,6,-1,8,-1,-1,-1,-1],"split_conditions":[7.048367E-1,3.0299142E-1,9.087464E-1,-9.3896306E-1,6.0434085E-1,3.336324E-1,9.7095233E-1,-3.1969032E-1,-6.188736E-2],"split_indices":[0,0,0,0,0,0,0,0,0],"split_type":[0,0,0,0,0,0,0,0,0],"sum_hessian":[9E0,5E0,4E0,2E0,3E0,2E0,2E0,2E0,1E0],"tree_param":{"num_deleted":"0","num_feature":"2","num_nodes":"9","size_leaf_vector":"1"}},{"base_weights":[1.102295E-2,-6.069692E0,7.3056765E0,-8.7636536E-1,-2.5317974E0,3.113902E-1,9.062225E-1,-2.9837772E-1,-5.8792878E-2],"categories":[],"categories_nodes":[],"categories_segments":[],"categories_sizes":[],"default_left":[0,0,0,0,0,0,0,0,0],"id":21,"left_children":[1,3,5,-1,7,-1,-1,-1,-1],"loss_changes":[4.8791028E2,3.499794E1,8.596405E0,0E0,1.760109E0,0E0,0E0,0E0,0E0],"parents":[2147483647,0,0,1,1,2,2,4,4],"right_children":[2,4,6,-1,8,-1,-1,-1,-1],"split_conditions":[7.048367E-1,3.0299142E-1,9.087464E-1,-8.7636536E-1,6.0434085E-1,3.113902E-1,9.062225E-1,-2.9837772E-1,-5.8792878E-2],"split_indices":[0,0,0,0,0,0,0,0,0],"split_type":[0,0,0,0,0,0,0,0,0],"sum_hessian":[9E0,5E0,4E0,2E0,3E0,2E0,2E0,2E0,1E0],"tree_param":{"num_deleted":"0","num_feature":"2","num_nodes":"9","size_leaf_vector":"1"}},{"base_weights":[8.328247E-3,-5.668312E0,6.818631E0,-8.17941E-1,-2.3679104E0,2.906306E-1,8.4580797E-1,-2.7848586E-1,-5.5853274E-2],"categories":[],"categories_nodes":[],"categories_segments":[],"categories_sizes":[],"default_left":[0,0,0,0,0,0,0,0,0],"id":22,"left_children":[1,3,5,-1,7,-1,-1,-1,-1],"loss_changes":[4.2524652E2,3.0357681E1,7.488495E0,0E0,1.4622345E0,0E0,0E0,0E0,0E0],"parents":[2147483647,0,0,1,1,2,2,4,4],"right_children":[2,4,6,-1,8,-1,-1,-1,-1],"split_conditions":[7.048367E-1,3.0299142E-1,9.087464E-1,-8.17941E-1,6.0434085E-1,2.906306E-1,8.4580797E-1,-2.7848586E-1,-5.5853274E-2],"split_indices":[0,0,0,0,0,0,0,0,0],"split_type":[0,0,0,0,0,0,0,0,0],"sum_hessian":[9E0,5E0,4E0,2E0,3E0,2E0,2E0,2E0,1E0],"tree_param":{"num_deleted":"0","num_feature":"2","num_nodes":"9","size_leaf_vector":"1"}},{"base_weights":[5.9101107E-3,-5.2935276E0,6.3640532E0,-7.634117E-1,-2.2147036E0,3.3697397E-1,9.1706544E-1,-2.5992012E-1,-5.306053E-2],"categories":[],"categories_nodes":[],"categories_segments":[],"categories_sizes":[],"default_left":[0,0,0,0,0,0,0,0,0],"id":23,"left_children":[1,3,5,-1,7,-1,-1,-1,-1],"loss_changes":[3.7063416E2,2.6330261E1,1.1116501E1,0E0,1.2109776E0,0E0,0E0,0E0,0E0],"parents":[2147483647,0,0,1,1,2,2,4,4],"right_children":[2,4,6,-1,8,-1,-1,-1,-1],"split_conditions":[7.048367E-1,3.0299142E-1,1E0,-7.634117E-1,6.0434085E-1,3.3697397E-1,9.1706544E-1,-2.5992012E-1,-5.306053E-2],"split_indices":[0,0,0,0,0,0,0,0,0],"split_type":[0,0,0,0,0,0,0,0,0],"sum_hessian":[9E0,5E0,4E0,2E0,3E0,3E0,1E0,2E0,1E0],"tree_param":{"num_deleted":"0","num_feature":"2","num_nodes":"9","size_leaf_vector":"1"}},{"base_weights":[2.3083115E-2,-4.9435735E0,5.9784546E0,-8.343882E-1,-2.5947356E0,3.1170082E-1,8.71212E-1,-2.9913828E-1,-5.040741E-2],"categories":[],"categories_nodes":[],"categories_segments":[],"categories_sizes":[],"default_left":[0,0,0,0,0,0,0,0,0],"id":24,"left_children":[1,3,5,-1,7,-1,-1,-1,-1],"loss_changes":[3.253378E2,2.6270462E1,1.1955444E1,0E0,2.6383972E0,0E0,0E0,0E0,0E0],"parents":[2147483647,0,0,1,1,2,2,4,4],"right_children":[2,4,6,-1,8,-1,-1,-1,-1],"split_conditions":[7.048367E-1,2.0195583E-1,1E0,-8.343882E-1,6.0434085E-1,3.1170082E-1,8.71212E-1,-2.9913828E-1,-5.040741E-2],"split_indices":[0,0,0,0,0,0,0,0,0],"split_type":[0,0,0,0,0,0,0,0,0],"sum_hessian":[9E0,5E0,4E0,1E0,4E0,3E0,1E0,3E0,1E0],"tree_param":{"num_deleted":"0","num_feature":"2","num_nodes":"9","size_leaf_vector":"1"}},{"base_weights":[2.0672226E-2,-4.6465383E0,5.6171904E0,-7.9266876E-1,-2.4051712E0,2.8832322E-1,8.276512E-1,-2.7670288E-1,-4.788704E-2],"categories":[],"categories_nodes":[],"categories_segments":[],"categories_sizes":[],"default_left":[0,0,0,0,0,0,0,0,0],"id":25,"left_children":[1,3,5,-1,7,-1,-1,-1,-1],"loss_changes":[2.873018E2,2.5047073E1,1.2489273E1,0E0,2.160183E0,0E0,0E0,0E0,0E0],"parents":[2147483647,0,0,1,1,2,2,4,4],"right_children":[2,4,6,-1,8,-1,-1,-1,-1],"split_conditions":[7.048367E-1,2.0195583E-1,1E0,-7.9266876E-1,6.0434085E-1,2.8832322E-1,8.276512E-1,-2.7670288E-1,-4.788704E-2],"split_indices":[0,0,0,0,0,0,0,0,0],"split_type":[0,0,0,0,0,0,0,0,0],"sum_hessian":[9E0,5E0,4E0,1E0,4E0,3E0,1E0,3E0,1E0],"tree_param":{"num_deleted":"0","num_feature":"2","num_nodes":"9","size_leaf_vector":"1"}},{"base_weights":[1.8476104E-2,-4.368094E0,5.278665E0,-7.5303537E-1,-2.2295716E0,2.6669884E-1,7.8626865E-1,-2.5595018E-1,-4.5492556E-2],"categories":[],"categories_nodes":[],"categories_segments":[],"categories_sizes":[],"default_left":[0,0,0,0,0,0,0,0,0],"id":26,"left_children":[1,3,5,-1,7,-1,-1,-1,-1],"loss_changes":[2.5379959E2,2.378592E1,1.27734375E1,0E0,1.7631626E0,0E0,0E0,0E0,0E0],"parents":[2147483647,0,0,1,1,2,2,4,4],"right_children":[2,4,6,-1,8,-1,-1,-1,-1],"split_conditions":[7.048367E-1,2.0195583E-1,1E0,-7.5303537E-1,6.0434085E-1,2.6669884E-1,7.8626865E-1,-2.5595018E-1,-4.5492556E-2],"split_indices":[0,0,0,0,0,0,0,0,0],"split_type":[0,0,0,0,0,0,0,0,0],"sum_hessian":[9E0,5E0,4E0,1E0,4E0,3E0,1E0,3E0,1E0],"tree_param":{"num_deleted":"0","num_feature":"2","num_nodes":"9","size_leaf_vector":"1"}},{"base_weights":[1.6477967E-2,-4.1070304E0,4.9613924E0,-7.153835E-1,-2.0669022E0,2.4669647E-1,7.469551E-1,-2.3675385E-1,-4.321785E-2],"categories":[],"categories_nodes":[],"categories_segments":[],"categories_sizes":[],"default_left":[0,0,0,0,0,0,0,0,0],"id":27,"left_children":[1,3,5,-1,7,-1,-1,-1,-1],"loss_changes":[2.2428053E2,2.2508965E1,1.2854988E1,0E0,1.4340858E0,0E0,0E0,0E0,0E0],"parents":[2147483647,0,0,1,1,2,2,4,4],"right_children":[2,4,6,-1,8,-1,-1,-1,-1],"split_conditions":[7.048367E-1,2.0195583E-1,1E0,-7.153835E-1,6.0434085E-1,2.4669647E-1,7.469551E-1,-2.3675385E-1,-4.321785E-2],"split_indices":[0,0,0,0,0,0,0,0,0],"split_type":[0,0,0,0,0,0,0,0,0],"sum_hessian":[9E0,5E0,4E0,1E0,4E0,3E0,1E0,3E0,1E0],"tree_param":{"num_deleted":"0","num_feature":"2","num_nodes":"9","size_leaf_vector":"1"}},{"base_weights":[1.4661789E-2,-3.8622189E0,4.663986E0,-6.796145E-1,-1.9162048E0,2.2819443E-1,7.096077E-1,-2.189972E-1,-4.1056823E-2],"categories":[],"categories_nodes":[],"categories_segments":[],"categories_sizes":[],"default_left":[0,0,0,0,0,0,0,0,0],"id":28,"left_children":[1,3,5,-1,7,-1,-1,-1,-1],"loss_changes":[1.9826208E2,2.1233955E1,1.2773865E1,0E0,1.1618385E0,0E0,0E0,0E0,0E0],"parents":[2147483647,0,0,1,1,2,2,4,4],"right_children":[2,4,6,-1,8,-1,-1,-1,-1],"split_conditions":[7.048367E-1,2.0195583E-1,1E0,-6.796145E-1,6.0434085E-1,2.2819443E-1,7.096077E-1,-2.189972E-1,-4.1056823E-2],"split_indices":[0,0,0,0,0,0,0,0,0],"split_type":[0,0,0,0,0,0,0,0,0],"sum_hessian":[9E0,5E0,4E0,1E0,4E0,3E0,1E0,3E0,1E0],"tree_param":{"num_deleted":"0","num_feature":"2","num_nodes":"9","size_leaf_vector":"1"}},{"base_weights":[1.3008118E-2,-3.6326091E0,4.385147E0,-6.456337E-1,-1.7765961E0,2.1107979E-1,6.741272E-1,-2.0257245E-1,-3.9004136E-2],"categories":[],"categories_nodes":[],"categories_segments":[],"categories_sizes":[],"default_left":[0,0,0,0,0,0,0,0,0],"id":29,"left_children":[1,3,5,-1,7,-1,-1,-1,-1],"loss_changes":[1.7532097E2,1.997496E1,1.2563789E1,0E0,9.3703365E-1,0E0,0E0,0E0,0E0],"parents":[2147483647,0,0,1,1,2,2,4,4],"right_children":[2,4,6,-1,8,-1,-1,-1,-1],"split_conditions":[7.048367E-1,2.0195583E-1,1E0,-6.456337E-1,6.0434085E-1,2.1107979E-1,6.741272E-1,-2.0257245E-1,-3.9004136E-2],"split_indices":[0,0,0,0,0,0,0,0,0],"split_type":[0,0,0,0,0,0,0,0,0],"sum_hessian":[9E0,5E0,4E0,1E0,4E0,3E0,1E0,3E0,1E0],"tree_param":{"num_deleted":"0","num_feature":"2","num_nodes":"9","size_leaf_vector":"1"}},{"base_weights":[1.1506272E-2,-3.4172165E0,4.1236725E0,-6.13352E-1,-1.6472518E0,1.952488E-1,6.4042056E-1,-1.8737946E-1,-3.7054062E-2],"categories":[],"categories_nodes":[],"categories_segments":[],"categories_sizes":[],"default_left":[0,0,0,0,0,0,0,0,0],"id":30,"left_children":[1,3,5,-1,7,-1,-1,-1,-1],"loss_changes":[1.5508626E2,1.874311E1,1.2253159E1,0E0,7.5183105E-1,0E0,0E0,0E0,0E0],"parents":[2147483647,0,0,1,1,2,2,4,4],"right_children":[2,4,6,-1,8,-1,-1,-1,-1],"split_conditions":[7.048367E-1,2.0195583E-1,1E0,-6.13352E-1,6.0434085E-1,1.952488E-1,6.4042056E-1,-1.8737946E-1,-3.7054062E-2],"split_indices":[0,0,0,0,0,0,0,0,0],"split_type":[0,0,0,0,0,0,0,0,0],"sum_hessian":[9E0,5E0,4E0,1E0,4E0,3E0,1E0,3E0,1E0],"tree_param":{"num_deleted":"0","num_feature":"2","num_nodes":"9","size_leaf_vector":"1"}},{"base_weights":[1.0142517E-2,-3.215126E0,3.8784363E0,-5.8268434E-1,-1.527414E0,1.8060493E-1,6.083992E-1,-1.7332612E-1,-3.5201263E-2],"categories":[],"categories_nodes":[],"categories_segments":[],"categories_sizes":[],"default_left":[0,0,0,0,0,0,0,0,0],"id":31,"left_children":[1,3,5,-1,7,-1,-1,-1,-1],"loss_changes":[1.3723253E2,1.7546955E1,1.1865829E1,0E0,5.996351E-1,0E0,0E0,0E0,0E0],"parents":[2147483647,0,0,1,1,2,2,4,4],"right_children":[2,4,6,-1,8,-1,-1,-1,-1],"split_conditions":[7.048367E-1,2.0195583E-1,1E0,-5.8268434E-1,6.0434085E-1,1.8060493E-1,6.083992E-1,-1.7332612E-1,-3.5201263E-2],"split_indices":[0,0,0,0,0,0,0,0,0],"split_type":[0,0,0,0,0,0,0,0,0],"sum_hessian":[9E0,5E0,4E0,1E0,4E0,3E0,1E0,3E0,1E0],"tree_param":{"num_deleted":"0","num_feature":"2","num_nodes":"9","size_leaf_vector":"1"}},{"base_weights":[8.9077E-3,-3.025483E0,3.6483948E0,-5.535502E-1,-1.4163787E0,1.670597E-1,5.7797927E-1,-1.6032676E-1,-3.3441164E-2],"categories":[],"categories_nodes":[],"categories_segments":[],"categories_sizes":[],"default_left":[0,0,0,0,0,0,0,0,0],"id":32,"left_children":[1,3,5,-1,7,-1,-1,-1,-1],"loss_changes":[1.2147441E2,1.6392921E1,1.1421661E1,0E0,4.748869E-1,0E0,0E0,0E0,0E0],"parents":[2147483647,0,0,1,1,2,2,4,4],"right_children":[2,4,6,-1,8,-1,-1,-1,-1],"split_conditions":[7.048367E-1,2.0195583E-1,1E0,-5.535502E-1,6.0434085E-1,1.670597E-1,5.7797927E-1,-1.6032676E-1,-3.3441164E-2],"split_indices":[0,0,0,0,0,0,0,0,0],"split_type":[0,0,0,0,0,0,0,0,0],"sum_hessian":[9E0,5E0,4E0,1E0,4E0,3E0,1E0,3E0,1E0],"tree_param":{"num_deleted":"0","num_feature":"2","num_nodes":"9","size_leaf_vector":"1"}},{"base_weights":[7.789993E-3,-2.8474877E0,3.4325652E0,-5.2587265E-1,-1.3134949E0,1.5453033E0,5.4908067E-1,-1.4830227E-1,-3.1769183E-2,4.369545E-2,1.7691015E-1],"categories":[],"categories_nodes":[],"categories_segments":[],"categories_sizes":[],"default_left":[0,0,0,0,0,0,0,0,0,0,0],"id":33,"left_children":[1,3,5,-1,7,9,-1,-1,-1,-1,-1],"loss_changes":[1.07561035E2,1.5285622E1,1.0937237E1,0E0,3.7293816E-1,2.1916962E-1,0E0,0E0,0E0,0E0,0E0],"parents":[2147483647,0,0,1,1,2,2,4,4,5,5],"right_children":[2,4,6,-1,8,10,-1,-1,-1,-1,-1],"split_conditions":[7.048367E-1,2.0195583E-1,1E0,-5.2587265E-1,6.0434085E-1,8.064434E-1,5.4908067E-1,-1.4830227E-1,-3.1769183E-2,4.369545E-2,1.7691015E-1],"split_indices":[0,0,0,0,0,0,0,0,0,0,0],"split_type":[0,0,0,0,0,0,0,0,0,0,0],"sum_hessian":[9E0,5E0,4E0,1E0,4E0,3E0,1E0,3E0,1E0,1E0,2E0],"tree_param":{"num_deleted":"0","num_feature":"2","num_nodes":"11","size_leaf_vector":"1"}},{"base_weights":[1.3384628E-2,-2.6803963E0,3.243245E0,-4.9957904E-1,-1.2181594E0,1.4459248E0,5.216263E-1,-1.3717957E-1,-3.0180741E-2,4.1510772E-2,1.6511612E-1],"categories":[],"categories_nodes":[],"categories_segments":[],"categories_sizes":[],"default_left":[0,0,0,0,0,0,0,0,0,0,0],"id":34,"left_children":[1,3,5,-1,7,9,-1,-1,-1,-1,-1],"loss_changes":[9.569854E1,1.422826E1,1.01884E1,0E0,2.899065E-1,1.6083527E-1,0E0,0E0,0E0,0E0,0E0],"parents":[2147483647,0,0,1,1,2,2,4,4,5,5],"right_children":[2,4,6,-1,8,10,-1,-1,-1,-1,-1],"split_conditions":[7.048367E-1,2.0195583E-1,1E0,-4.9957904E-1,6.0434085E-1,8.064434E-1,5.216263E-1,-1.3717957E-1,-3.0180741E-2,4.1510772E-2,1.6511612E-1],"split_indices":[0,0,0,0,0,0,0,0,0,0,0],"split_type":[0,0,0,0,0,0,0,0,0,0,0],"sum_hessian":[9E0,5E0,4E0,1E0,4E0,3E0,1E0,3E0,1E0,1E0,2E0],"tree_param":{"num_deleted":"0","num_feature":"2","num_nodes":"11","size_leaf_vector":"1"}},{"base_weights":[1.8178176E-2,-2.523513E0,3.064572E0,-4.7460005E-1,-1.1298157E0,1.3529892E0,4.955452E-1,-1.2689114E-1,-2.8671646E-2,3.9435197E-2,1.5410843E-1],"categories":[],"categories_nodes":[],"categories_segments":[],"categories_sizes":[],"default_left":[0,0,0,0,0,0,0,0,0,0,0],"id":35,"left_children":[1,3,5,-1,7,9,-1,-1,-1,-1,-1],"loss_changes":[8.516342E1,1.322274E1,9.477314E0,0E0,2.2253942E-1,1.13530636E-1,0E0,0E0,0E0,0E0,0E0],"parents":[2147483647,0,0,1,1,2,2,4,4,5,5],"right_children":[2,4,6,-1,8,10,-1,-1,-1,-1,-1],"split_conditions":[7.048367E-1,2.0195583E-1,1E0,-4.7460005E-1,6.0434085E-1,8.064434E-1,4.955452E-1,-1.2689114E-1,-2.8671646E-2,3.9435197E-2,1.5410843E-1],"split_indices":[0,0,0,0,0,0,0,0,0,0,0],"split_type":[0,0,0,0,0,0,0,0,0,0,0],"sum_hessian":[9E0,5E0,4E0,1E0,4E0,3E0,1E0,3E0,1E0,1E0,2E0],"tree_param":{"num_deleted":"0","num_feature":"2","num_nodes":"11","size_leaf_vector":"1"}},{"base_weights":[2.2253036E-2,-2.3761883E0,2.895932E0,-4.5086995E-1,-1.0479462E0,1.2660751E0,4.7076797E-1,-1.3067703E-1,-4.398066E-2,3.746338E-2,1.4383444E-1],"categories":[],"categories_nodes":[],"categories_segments":[],"categories_sizes":[],"default_left":[0,0,0,0,0,0,0,0,0,0,0],"id":36,"left_children":[1,3,5,-1,7,9,-1,-1,-1,-1,-1],"loss_changes":[7.580479E1,1.2270073E1,8.8041725E0,0E0,2.122798E-1,7.541895E-2,0E0,0E0,0E0,0E0,0E0],"parents":[2147483647,0,0,1,1,2,2,4,4,5,5],"right_children":[2,4,6,-1,8,10,-1,-1,-1,-1,-1],"split_conditions":[7.048367E-1,2.0195583E-1,1E0,-4.5086995E-1,5.039447E-1,8.064434E-1,4.7076797E-1,-1.3067703E-1,-4.398066E-2,3.746338E-2,1.4383444E-1],"split_indices":[0,0,0,0,0,0,0,0,0,0,0],"split_type":[0,0,0,0,0,0,0,0,0,0,0],"sum_hessian":[9E0,5E0,4E0,1E0,4E0,3E0,1E0,2E0,2E0,1E0,2E0],"tree_param":{"num_deleted":"0","num_feature":"2","num_nodes":"11","size_leaf_vector":"1"}},{"base_weights":[2.2682954E-2,-2.2428234E0,2.736754E0,-4.2832643E-1,-9.780823E-1,1.1847935E0,4.4722977E-1,-1.2196528E-1,-4.1048434E-2,3.559036E-2,1.3424556E-1],"categories":[],"categories_nodes":[],"categories_segments":[],"categories_sizes":[],"default_left":[0,0,0,0,0,0,0,0,0,0,0],"id":37,"left_children":[1,3,5,-1,7,9,-1,-1,-1,-1,-1],"loss_changes":[6.76255E1,1.129439E1,8.168724E0,0E0,1.8492603E-1,4.4953823E-2,0E0,0E0,0E0,0E0,0E0],"parents":[2147483647,0,0,1,1,2,2,4,4,5,5],"right_children":[2,4,6,-1,8,10,-1,-1,-1,-1,-1],"split_conditions":[7.048367E-1,2.0195583E-1,1E0,-4.2832643E-1,5.039447E-1,8.064434E-1,4.4722977E-1,-1.2196528E-1,-4.1048434E-2,3.559036E-2,1.3424556E-1],"split_indices":[0,0,0,0,0,0,0,0,0,0,0],"split_type":[0,0,0,0,0,0,0,0,0,0,0],"sum_hessian":[9E0,5E0,4E0,1E0,4E0,3E0,1E0,2E0,2E0,1E0,2E0],"tree_param":{"num_deleted":"0","num_feature":"2","num_nodes":"11","size_leaf_vector":"1"}},{"base_weights":[2.2985458E-2,-2.117099E0,2.58649E0,-4.0691015E-1,-9.128784E-1,1.1087723E0,4.2486802E-1,-1.1383438E-1,-3.831202E-2,3.3810806E-2,1.2529577E-1],"categories":[],"categories_nodes":[],"categories_segments":[],"categories_sizes":[],"default_left":[0,0,0,0,0,0,0,0,0,0,0],"id":38,"left_children":[1,3,5,-1,7,9,-1,-1,-1,-1,-1],"loss_changes":[6.0337017E1,1.0389254E1,7.5704193E0,0E0,1.6108799E-1,2.0839214E-2,0E0,0E0,0E0,0E0,0E0],"parents":[2147483647,0,0,1,1,2,2,4,4,5,5],"right_children":[2,4,6,-1,8,10,-1,-1,-1,-1,-1],"split_conditions":[7.048367E-1,2.0195583E-1,1E0,-4.0691015E-1,5.039447E-1,8.064434E-1,4.2486802E-1,-1.1383438E-1,-3.831202E-2,3.3810806E-2,1.2529577E-1],"split_indices":[0,0,0,0,0,0,0,0,0,0,0],"split_type":[0,0,0,0,0,0,0,0,0,0,0],"sum_hessian":[9E0,5E0,4E0,1E0,4E0,3E0,1E0,2E0,2E0,1E0,2E0],"tree_param":{"num_deleted":"0","num_feature":"2","num_nodes":"11","size_leaf_vector":"1"}},{"base_weights":[2.3179626E-2,-1.9985644E0,2.4446366E0,-3.8656464E-1,-8.520187E-1,1.037672E0,4.0362474E-1,-9.596691E-2,-2.1070862E-2,3.2120135E-2,1.16942845E-1],"categories":[],"categories_nodes":[],"categories_segments":[],"categories_sizes":[],"default_left":[0,0,0,0,0,0,0,0,0,0,0],"id":39,"left_children":[1,3,5,-1,7,9,-1,-1,-1,-1,-1],"loss_changes":[5.3841423E1,9.550566E0,7.0084E0,0E0,1.429758E-1,1.9769669E-3,0E0,0E0,0E0,0E0,0E0],"parents":[2147483647,0,0,1,1,2,2,4,4,5,5],"right_children":[2,4,6,-1,8,10,-1,-1,-1,-1,-1],"split_conditions":[7.048367E-1,2.0195583E-1,1E0,-3.8656464E-1,6.0434085E-1,8.064434E-1,4.0362474E-1,-9.596691E-2,-2.1070862E-2,3.2120135E-2,1.16942845E-1],"split_indices":[0,0,0,0,0,0,0,0,0,0,0],"split_type":[0,0,0,0,0,0,0,0,0,0,0],"sum_hessian":[9E0,5E0,4E0,1E0,4E0,3E0,1E0,3E0,1E0,1E0,2E0],"tree_param":{"num_deleted":"0","num_feature":"2","num_nodes":"11","size_leaf_vector":"1"}},{"base_weights":[2.577057E-2,-1.8826408E0,2.3107102E0,-3.6723635E-1,-7.902237E-1,9.7117044E-2,3.8344344E-1,-9.984767E-2,-3.1856284E-2],"categories":[],"categories_nodes":[],"categories_segments":[],"categories_sizes":[],"default_left":[0,0,0,0,0,0,0,0,0],"id":40,"left_children":[1,3,5,-1,7,-1,-1,-1,-1],"loss_changes":[4.7956284E1,8.828751E0,6.481558E0,0E0,1.7304659E-1,0E0,0E0,0E0,0E0],"parents":[2147483647,0,0,1,1,2,2,4,4],"right_children":[2,4,6,-1,8,-1,-1,-1,-1],"split_conditions":[7.048367E-1,2.0195583E-1,1E0,-3.6723635E-1,5.039447E-1,9.7117044E-2,3.8344344E-1,-9.984767E-2,-3.1856284E-2],"split_indices":[0,0,0,0,0,0,0,0,0],"split_type":[0,0,0,0,0,0,0,0,0],"sum_hessian":[9E0,5E0,4E0,1E0,4E0,3E0,1E0,2E0,2E0],"tree_param":{"num_deleted":"0","num_feature":"2","num_nodes":"9","size_leaf_vector":"1"}},{"base_weights":[2.1355057E-2,-1.7775351E0,2.1757522E0,-3.4887448E-1,-7.3754424E-1,8.983326E-1,3.6427155E-1,-9.319127E-2,-2.9732767E-2,2.5658417E-2,1.0267206E-1],"categories":[],"categories_nodes":[],"categories_segments":[],"categories_sizes":[],"default_left":[0,0,0,0,0,0,0,0,0,0,0],"id":41,"left_children":[1,3,5,-1,7,9,-1,-1,-1,-1,-1],"loss_changes":[4.262272E1,8.104752E0,6.097267E0,0E0,1.5073776E-1,6.6131115E-2,0E0,0E0,0E0,0E0,0E0],"parents":[2147483647,0,0,1,1,2,2,4,4,5,5],"right_children":[2,4,6,-1,8,10,-1,-1,-1,-1,-1],"split_conditions":[7.048367E-1,2.0195583E-1,1E0,-3.4887448E-1,5.039447E-1,8.064434E-1,3.6427155E-1,-9.319127E-2,-2.9732767E-2,2.5658417E-2,1.0267206E-1],"split_indices":[0,0,0,0,0,0,0,0,0,0,0],"split_type":[0,0,0,0,0,0,0,0,0,0,0],"sum_hessian":[9E0,5E0,4E0,1E0,4E0,3E0,1E0,2E0,2E0,1E0,2E0],"tree_param":{"num_deleted":"0","num_feature":"2","num_nodes":"11","size_leaf_vector":"1"}},{"base_weights":[2.1299744E-2,-1.6784147E0,2.0566971E0,-3.3143082E-1,-6.8837434E-1,8.405819E-1,3.460579E-1,-8.6978406E-2,-2.775065E-2,2.4375534E-2,9.582723E-2],"categories":[],"categories_nodes":[],"categories_segments":[],"categories_sizes":[],"default_left":[0,0,0,0,0,0,0,0,0,0,0],"id":42,"left_children":[1,3,5,-1,7,9,-1,-1,-1,-1,-1],"loss_changes":[3.804793E1,7.436119E0,5.627512E0,0E0,1.3130641E-1,4.7379017E-2,0E0,0E0,0E0,0E0,0E0],"parents":[2147483647,0,0,1,1,2,2,4,4,5,5],"right_children":[2,4,6,-1,8,10,-1,-1,-1,-1,-1],"split_conditions":[7.048367E-1,2.0195583E-1,1E0,-3.3143082E-1,5.039447E-1,8.064434E-1,3.460579E-1,-8.6978406E-2,-2.775065E-2,2.4375534E-2,9.582723E-2],"split_indices":[0,0,0,0,0,0,0,0,0,0,0],"split_type":[0,0,0,0,0,0,0,0,0,0,0],"sum_hessian":[9E0,5E0,4E0,1E0,4E0,3E0,1E0,2E0,2E0,1E0,2E0],"tree_param":{"num_deleted":"0","num_feature":"2","num_nodes":"11","size_leaf_vector":"1"}},{"base_weights":[2.1180343E-2,-1.5849336E0,1.944281E0,-3.148592E-1,-6.4248353E-1,7.865753E-1,3.287552E-1,-8.117981E-2,-2.590078E-2,2.3156738E-2,8.9438885E-2],"categories":[],"categories_nodes":[],"categories_segments":[],"categories_sizes":[],"default_left":[0,0,0,0,0,0,0,0,0,0,0],"id":43,"left_children":[1,3,5,-1,7,9,-1,-1,-1,-1,-1],"loss_changes":[3.3968742E1,6.8191004E0,5.1896553E0,0E0,1.14378214E-1,3.2238007E-2,0E0,0E0,0E0,0E0,0E0],"parents":[2147483647,0,0,1,1,2,2,4,4,5,5],"right_children":[2,4,6,-1,8,10,-1,-1,-1,-1,-1],"split_conditions":[7.048367E-1,2.0195583E-1,1E0,-3.148592E-1,5.039447E-1,8.064434E-1,3.287552E-1,-8.117981E-2,-2.590078E-2,2.3156738E-2,8.9438885E-2],"split_indices":[0,0,0,0,0,0,0,0,0,0,0],"split_type":[0,0,0,0,0,0,0,0,0,0,0],"sum_hessian":[9E0,5E0,4E0,1E0,4E0,3E0,1E0,2E0,2E0,1E0,2E0],"tree_param":{"num_deleted":"0","num_feature":"2","num_nodes":"11","size_leaf_vector":"1"}},{"base_weights":[2.1004867E-2,-1.4967632E0,1.8381256E0,-2.9911634E-1,-5.9965056E-1,7.360687E-1,3.1231767E-1,-7.576778E-2,-2.4173992E-2,2.1998977E-2,8.347651E-2],"categories":[],"categories_nodes":[],"categories_segments":[],"categories_sizes":[],"default_left":[0,0,0,0,0,0,0,0,0,0,0],"id":44,"left_children":[1,3,5,-1,7,9,-1,-1,-1,-1,-1],"loss_changes":[3.0330915E1,6.2502203E0,4.7821236E0,0E0,9.963715E-2,2.0100832E-2,0E0,0E0,0E0,0E0,0E0],"parents":[2147483647,0,0,1,1,2,2,4,4,5,5],"right_children":[2,4,6,-1,8,10,-1,-1,-1,-1,-1],"split_conditions":[7.048367E-1,2.0195583E-1,1E0,-2.9911634E-1,5.039447E-1,8.064434E-1,3.1231767E-1,-7.576778E-2,-2.4173992E-2,2.1998977E-2,8.347651E-2],"split_indices":[0,0,0,0,0,0,0,0,0,0,0],"split_type":[0,0,0,0,0,0,0,0,0,0,0],"sum_hessian":[9E0,5E0,4E0,1E0,4E0,3E0,1E0,2E0,2E0,1E0,2E0],"tree_param":{"num_deleted":"0","num_feature":"2","num_nodes":"11","size_leaf_vector":"1"}},{"base_weights":[2.0779038E-2,-1.4135952E0,1.7378724E0,-2.8416044E-1,-5.5967253E-1,6.888313E-1,2.9670182E-1,-7.0716605E-2,-2.2562154E-2,2.08992E-2,7.791138E-2],"categories":[],"categories_nodes":[],"categories_segments":[],"categories_sizes":[],"default_left":[0,0,0,0,0,0,0,0,0,0,0],"id":45,"left_children":[1,3,5,-1,7,9,-1,-1,-1,-1,-1],"loss_changes":[2.7086191E1,5.7260866E0,4.403348E0,0E0,8.679986E-2,1.0455728E-2,0E0,0E0,0E0,0E0,0E0],"parents":[2147483647,0,0,1,1,2,2,4,4,5,5],"right_children":[2,4,6,-1,8,10,-1,-1,-1,-1,-1],"split_conditions":[7.048367E-1,2.0195583E-1,1E0,-2.8416044E-1,5.039447E-1,8.064434E-1,2.9670182E-1,-7.0716605E-2,-2.2562154E-2,2.08992E-2,7.791138E-2],"split_indices":[0,0,0,0,0,0,0,0,0,0,0],"split_type":[0,0,0,0,0,0,0,0,0,0,0],"sum_hessian":[9E0,5E0,4E0,1E0,4E0,3E0,1E0,2E0,2E0,1E0,2E0],"tree_param":{"num_deleted":"0","num_feature":"2","num_nodes":"11","size_leaf_vector":"1"}},{"base_weights":[2.0507812E-2,-1.3351427E0,1.6431869E0,-2.699524E-1,-5.2236176E-1,6.446514E-1,2.8186646E-1,-6.600215E-2,-2.1058148E-2,1.9854356E-2,7.271729E-2],"categories":[],"categories_nodes":[],"categories_segments":[],"categories_sizes":[],"default_left":[0,0,0,0,0,0,0,0,0,0,0],"id":46,"left_children":[1,3,5,-1,7,9,-1,-1,-1,-1,-1],"loss_changes":[2.4191748E1,5.243531E0,4.0517244E0,0E0,7.5609565E-2,2.8783083E-3,0E0,0E0,0E0,0E0,0E0],"parents":[2147483647,0,0,1,1,2,2,4,4,5,5],"right_children":[2,4,6,-1,8,10,-1,-1,-1,-1,-1],"split_conditions":[7.048367E-1,2.0195583E-1,1E0,-2.699524E-1,5.039447E-1,8.064434E-1,2.8186646E-1,-6.600215E-2,-2.1058148E-2,1.9854356E-2,7.271729E-2],"split_indices":[0,0,0,0,0,0,0,0,0,0,0],"split_type":[0,0,0,0,0,0,0,0,0,0,0],"sum_hessian":[9E0,5E0,4E0,1E0,4E0,3E0,1E0,2E0,2E0,1E0,2E0],"tree_param":{"num_deleted":"0","num_feature":"2","num_nodes":"11","size_leaf_vector":"1"}},{"base_weights":[2.0199586E-2,-1.2611313E0,1.5537567E0,-2.5645486E-1,-4.8753816E-1,6.0332872E-2,2.6777345E-1,-5.5509377E-2,-1.0865784E-2],"categories":[],"categories_nodes":[],"categories_segments":[],"categories_sizes":[],"default_left":[0,0,0,0,0,0,0,0,0],"id":47,"left_children":[1,3,5,-1,7,-1,-1,-1,-1],"loss_changes":[2.160943E1,4.799573E0,3.7257462E0,0E0,6.766224E-2,0E0,0E0,0E0,0E0],"parents":[2147483647,0,0,1,1,2,2,4,4],"right_children":[2,4,6,-1,8,-1,-1,-1,-1],"split_conditions":[7.048367E-1,2.0195583E-1,1E0,-2.5645486E-1,6.0434085E-1,6.0332872E-2,2.6777345E-1,-5.5509377E-2,-1.0865784E-2],"split_indices":[0,0,0,0,0,0,0,0,0],"split_type":[0,0,0,0,0,0,0,0,0],"sum_hessian":[9E0,5E0,4E0,1E0,4E0,3E0,1E0,3E0,1E0],"tree_param":{"num_deleted":"0","num_feature":"2","num_nodes":"9","size_leaf_vector":"1"}},{"base_weights":[1.8706512E-2,-1.1888237E0,1.4640014E0,-2.4363212E-1,-4.5205992E-1,5.5807877E-1,2.543846E-1,-5.790151E-2,-1.7441815E-2,1.5845109E-2,6.3847095E-2],"categories":[],"categories_nodes":[],"categories_segments":[],"categories_sizes":[],"default_left":[0,0,0,0,0,0,0,0,0,0,0],"id":48,"left_children":[1,3,5,-1,7,9,-1,-1,-1,-1,-1],"loss_changes":[1.9192812E1,4.4133024E0,3.471613E0,0E0,7.524967E-2,2.7341366E-2,0E0,0E0,0E0,0E0,0E0],"parents":[2147483647,0,0,1,1,2,2,4,4,5,5],"right_children":[2,4,6,-1,8,10,-1,-1,-1,-1,-1],"split_conditions":[7.048367E-1,2.0195583E-1,1E0,-2.4363212E-1,5.039447E-1,8.064434E-1,2.543846E-1,-5.790151E-2,-1.7441815E-2,1.5845109E-2,6.3847095E-2],"split_indices":[0,0,0,0,0,0,0,0,0,0,0],"split_type":[0,0,0,0,0,0,0,0,0,0,0],"sum_hessian":[9E0,5E0,4E0,1E0,4E0,3E0,1E0,2E0,2E0,1E0,2E0],"tree_param":{"num_deleted":"0","num_feature":"2","num_nodes":"11","size_leaf_vector":"1"}},{"base_weights":[1.8346786E-2,-1.1231035E0,1.3844178E0,-2.3145047E-1,-4.219223E-1,5.221939E-1,2.4166565E-1,-5.4041293E-2,-1.6279094E-2,1.5052795E-2,5.9590656E-2],"categories":[],"categories_nodes":[],"categories_segments":[],"categories_sizes":[],"default_left":[0,0,0,0,0,0,0,0,0,0,0],"id":49,"left_children":[1,3,5,-1,7,9,-1,-1,-1,-1,-1],"loss_changes":[1.7147863E1,4.035787E0,3.1881409E0,0E0,6.554872E-2,1.9885302E-2,0E0,0E0,0E0,0E0,0E0],"parents":[2147483647,0,0,1,1,2,2,4,4,5,5],"right_children":[2,4,6,-1,8,10,-1,-1,-1,-1,-1],"split_conditions":[7.048367E-1,2.0195583E-1,1E0,-2.3145047E-1,5.039447E-1,8.064434E-1,2.4166565E-1,-5.4041293E-2,-1.6279094E-2,1.5052795E-2,5.9590656E-2],"split_indices":[0,0,0,0,0,0,0,0,0,0,0],"split_type":[0,0,0,0,0,0,0,0,0,0,0],"sum_hessian":[9E0,5E0,4E0,1E0,4E0,3E0,1E0,2E0,2E0,1E0,2E0],"tree_param":{"num_deleted":"0","num_feature":"2","num_nodes":"11","size_leaf_vector":"1"}},{"base_weights":[1.796646E-2,-1.0610873E0,1.3092377E0,-2.19878E-1,-3.9379272E-1,4.8863602E-1,2.2958222E-1,-5.0438434E-2,-1.5193685E-2,1.4300155E-2,5.561803E-2],"categories":[],"categories_nodes":[],"categories_segments":[],"categories_sizes":[],"default_left":[0,0,0,0,0,0,0,0,0,0,0],"id":50,"left_children":[1,3,5,-1,7,9,-1,-1,-1,-1,-1],"loss_changes":[1.5322726E1,3.6891942E0,2.9261427E0,0E0,5.7101607E-2,1.3847947E-2,0E0,0E0,0E0,0E0,0E0],"parents":[2147483647,0,0,1,1,2,2,4,4,5,5],"right_children":[2,4,6,-1,8,10,-1,-1,-1,-1,-1],"split_conditions":[7.048367E-1,2.0195583E-1,1E0,-2.19878E-1,5.039447E-1,8.064434E-1,2.2958222E-1,-5.0438434E-2,-1.5193685E-2,1.4300155E-2,5.561803E-2],"split_indices":[0,0,0,0,0,0,0,0,0,0,0],"split_type":[0,0,0,0,0,0,0,0,0,0,0],"sum_hessian":[9E0,5E0,4E0,1E0,4E0,3E0,1E0,2E0,2E0,1E0,2E0],"tree_param":{"num_deleted":"0","num_feature":"2","num_nodes":"11","size_leaf_vector":"1"}},{"base_weights":[1.7568206E-2,-1.0025648E0,1.2382141E0,-2.0888405E-1,-3.675415E-1,4.572525E-1,2.1810304E-1,-4.707591E-2,-1.418101E-2,1.3585282E-2,5.1910143E-2],"categories":[],"categories_nodes":[],"categories_segments":[],"categories_sizes":[],"default_left":[0,0,0,0,0,0,0,0,0,0,0],"id":51,"left_children":[1,3,5,-1,7,9,-1,-1,-1,-1,-1],"loss_changes":[1.3693602E1,3.3711267E0,2.6842346E0,0E0,4.9738884E-2,8.9915395E-3,0E0,0E0,0E0,0E0,0E0],"parents":[2147483647,0,0,1,1,2,2,4,4,5,5],"right_children":[2,4,6,-1,8,10,-1,-1,-1,-1,-1],"split_conditions":[7.048367E-1,2.0195583E-1,1E0,-2.0888405E-1,5.039447E-1,8.064434E-1,2.1810304E-1,-4.707591E-2,-1.418101E-2,1.3585282E-2,5.1910143E-2],"split_indices":[0,0,0,0,0,0,0,0,0,0,0],"split_type":[0,0,0,0,0,0,0,0,0,0,0],"sum_hessian":[9E0,5E0,4E0,1E0,4E0,3E0,1E0,2E0,2E0,1E0,2E0],"tree_param":{"num_deleted":"0","num_feature":"2","num_nodes":"11","size_leaf_vector":"1"}},{"base_weights":[1.7156983E-2,-9.473305E-1,1.1711105E0,-1.9843979E-1,-3.4303743E-1,4.279003E-1,2.0719758E-1,-4.393743E-2,-1.3235474E-2,1.2905884E-2,4.8449453E-2],"categories":[],"categories_nodes":[],"categories_segments":[],"categories_sizes":[],"default_left":[0,0,0,0,0,0,0,0,0,0,0],"id":52,"left_children":[1,3,5,-1,7,9,-1,-1,-1,-1,-1],"loss_changes":[1.2239165E1,3.079434E0,2.461062E0,0E0,4.3329358E-2,5.1225424E-3,0E0,0E0,0E0,0E0,0E0],"parents":[2147483647,0,0,1,1,2,2,4,4,5,5],"right_children":[2,4,6,-1,8,10,-1,-1,-1,-1,-1],"split_conditions":[7.048367E-1,2.0195583E-1,1E0,-1.9843979E-1,5.039447E-1,8.064434E-1,2.0719758E-1,-4.393743E-2,-1.3235474E-2,1.2905884E-2,4.8449453E-2],"split_indices":[0,0,0,0,0,0,0,0,0,0,0],"split_type":[0,0,0,0,0,0,0,0,0,0,0],"sum_hessian":[9E0,5E0,4E0,1E0,4E0,3E0,1E0,2E0,2E0,1E0,2E0],"tree_param":{"num_deleted":"0","num_feature":"2","num_nodes":"11","size_leaf_vector":"1"}},{"base_weights":[1.673584E-2,-8.951988E-1,1.1077102E0,-1.8851776E-1,-3.2016754E-1,4.0044975E-1,1.9683762E-1,-4.100825E-2,-1.2353007E-2,1.2260437E-2,4.5219675E-2],"categories":[],"categories_nodes":[],"categories_segments":[],"categories_sizes":[],"default_left":[0,0,0,0,0,0,0,0,0,0,0],"id":53,"left_children":[1,3,5,-1,7,9,-1,-1,-1,-1,-1],"loss_changes":[1.0940595E1,2.8120394E0,2.2553396E0,0E0,3.7745714E-2,2.069354E-3,0E0,0E0,0E0,0E0,0E0],"parents":[2147483647,0,0,1,1,2,2,4,4,5,5],"right_children":[2,4,6,-1,8,10,-1,-1,-1,-1,-1],"split_conditions":[7.048367E-1,2.0195583E-1,1E0,-1.8851776E-1,5.039447E-1,8.064434E-1,1.9683762E-1,-4.100825E-2,-1.2353007E-2,1.2260437E-2,4.5219675E-2],"split_indices":[0,0,0,0,0,0,0,0,0,0,0],"split_type":[0,0,0,0,0,0,0,0,0,0,0],"sum_hessian":[9E0,5E0,4E0,1E0,4E0,3E0,1E0,2E0,2E0,1E0,2E0],"tree_param":{"num_deleted":"0","num_feature":"2","num_nodes":"11","size_leaf_vector":"1"}},{"base_weights":[1.630516E-2,-8.459924E-1,1.0478013E0,-1.7909184E-1,-2.9882354E-1,3.7477303E-2,1.869957E-1,-3.440876E-2,-5.8883666E-3],"categories":[],"categories_nodes":[],"categories_segments":[],"categories_sizes":[],"default_left":[0,0,0,0,0,0,0,0,0],"id":54,"left_children":[1,3,5,-1,7,-1,-1,-1,-1],"loss_changes":[9.780996E0,2.5670357E0,2.0658607E0,0E0,3.404212E-2,0E0,0E0,0E0,0E0],"parents":[2147483647,0,0,1,1,2,2,4,4],"right_children":[2,4,6,-1,8,-1,-1,-1,-1],"split_conditions":[7.048367E-1,2.0195583E-1,1E0,-1.7909184E-1,6.0434085E-1,3.7477303E-2,1.869957E-1,-3.440876E-2,-5.8883666E-3],"split_indices":[0,0,0,0,0,0,0,0,0],"split_type":[0,0,0,0,0,0,0,0,0],"sum_hessian":[9E0,5E0,4E0,1E0,4E0,3E0,1E0,3E0,1E0],"tree_param":{"num_deleted":"0","num_feature":"2","num_nodes":"9","size_leaf_vector":"1"}},{"base_weights":[1.518364E-2,-5.314698E-1,1.467865E0,-1.4155121E0,-8.703868E-4,4.2533875E-2,1.7764588E-1,-1.7013721E-1,-4.2189598E-2,-1.3530254E-2,1.7866261E-2],"categories":[],"categories_nodes":[],"categories_segments":[],"categories_sizes":[],"default_left":[0,0,0,0,0,0,0,0,0,0,0],"id":55,"left_children":[1,3,5,7,9,-1,-1,-1,-1,-1,-1],"loss_changes":[8.721259E0,3.7513463E0,2.095542E-1,1.3430357E-1,1.6898356E-1,0E0,0E0,0E0,0E0,0E0,0E0],"parents":[2147483647,0,0,1,1,2,2,3,3,4,4],"right_children":[2,4,6,8,10,-1,-1,-1,-1,-1,-1],"split_conditions":[9.087464E-1,3.0299142E-1,1E0,2.0195583E-1,7.048367E-1,4.2533875E-2,1.7764588E-1,-1.7013721E-1,-4.2189598E-2,-1.3530254E-2,1.7866261E-2],"split_indices":[0,0,0,0,0,0,0,0,0,0,0],"split_type":[0,0,0,0,0,0,0,0,0,0,0],"sum_hessian":[9E0,7E0,2E0,2E0,5E0,1E0,1E0,1E0,1E0,3E0,2E0],"tree_param":{"num_deleted":"0","num_feature":"2","num_nodes":"11","size_leaf_vector":"1"}},{"base_weights":[1.4884186E-2,-5.04323E-1,1.3944753E0,-1.3447367E0,-6.2306724E-5,4.0407564E-2,1.6876374E-1,-1.6163044E-1,-4.008007E-2,-1.2515641E-2,1.667506E-2],"categories":[],"categories_nodes":[],"categories_segments":[],"categories_sizes":[],"default_left":[0,0,0,0,0,0,0,0,0,0,0],"id":56,"left_children":[1,3,5,7,9,-1,-1,-1,-1,-1,-1],"loss_changes":[7.8662024E0,3.3902175E0,1.8910933E-1,1.2121105E-1,1.4607374E-1,0E0,0E0,0E0,0E0,0E0,0E0],"parents":[2147483647,0,0,1,1,2,2,3,3,4,4],"right_children":[2,4,6,8,10,-1,-1,-1,-1,-1,-1],"split_conditions":[9.087464E-1,3.0299142E-1,1E0,2.0195583E-1,7.048367E-1,4.0407564E-2,1.6876374E-1,-1.6163044E-1,-4.008007E-2,-1.2515641E-2,1.667506E-2],"split_indices":[0,0,0,0,0,0,0,0,0,0,0],"split_type":[0,0,0,0,0,0,0,0,0,0,0],"sum_hessian":[9E0,7E0,2E0,2E0,5E0,1E0,1E0,1E0,1E0,3E0,2E0],"tree_param":{"num_deleted":"0","num_feature":"2","num_nodes":"11","size_leaf_vector":"1"}},{"base_weights":[1.4556885E-2,-4.785862E-1,1.3247528E0,-1.2775002E0,6.351471E-4,3.83873E-2,1.6032563E-1,-1.53549E-1,-3.807602E-2,-1.1577129E-2,1.5563202E-2],"categories":[],"categories_nodes":[],"categories_segments":[],"categories_sizes":[],"default_left":[0,0,0,0,0,0,0,0,0,0,0],"id":57,"left_children":[1,3,5,7,9,-1,-1,-1,-1,-1,-1],"loss_changes":[7.095149E0,3.0636644E0,1.7066765E-1,1.0939598E-1,1.2627354E-1,0E0,0E0,0E0,0E0,0E0,0E0],"parents":[2147483647,0,0,1,1,2,2,3,3,4,4],"right_children":[2,4,6,8,10,-1,-1,-1,-1,-1,-1],"split_conditions":[9.087464E-1,3.0299142E-1,1E0,2.0195583E-1,7.048367E-1,3.83873E-2,1.6032563E-1,-1.53549E-1,-3.807602E-2,-1.1577129E-2,1.5563202E-2],"split_indices":[0,0,0,0,0,0,0,0,0,0,0],"split_type":[0,0,0,0,0,0,0,0,0,0,0],"sum_hessian":[9E0,7E0,2E0,2E0,5E0,1E0,1E0,1E0,1E0,3E0,2E0],"tree_param":{"num_deleted":"0","num_feature":"2","num_nodes":"11","size_leaf_vector":"1"}},{"base_weights":[1.4207458E-2,-4.5418358E-1,1.2585144E0,-1.2136256E0,1.2346903E-3,3.6467742E-2,1.5230942E-1,-1.4587155E-1,-3.6172297E-2,-1.0709E-2,1.4525604E-2],"categories":[],"categories_nodes":[],"categories_segments":[],"categories_sizes":[],"default_left":[0,0,0,0,0,0,0,0,0,0,0],"id":58,"left_children":[1,3,5,7,9,-1,-1,-1,-1,-1,-1],"loss_changes":[6.399819E0,2.7684083E0,1.5403557E-1,9.8727226E-2,1.0916187E-1,0E0,0E0,0E0,0E0,0E0,0E0],"parents":[2147483647,0,0,1,1,2,2,3,3,4,4],"right_children":[2,4,6,8,10,-1,-1,-1,-1,-1,-1],"split_conditions":[9.087464E-1,3.0299142E-1,1E0,2.0195583E-1,7.048367E-1,3.6467742E-2,1.5230942E-1,-1.4587155E-1,-3.6172297E-2,-1.0709E-2,1.4525604E-2],"split_indices":[0,0,0,0,0,0,0,0,0,0,0],"split_type":[0,0,0,0,0,0,0,0,0,0,0],"sum_hessian":[9E0,7E0,2E0,2E0,5E0,1E0,1E0,1E0,1E0,3E0,2E0],"tree_param":{"num_deleted":"0","num_feature":"2","num_nodes":"11","size_leaf_vector":"1"}},{"base_weights":[1.3841247E-2,-4.3104362E-1,1.1955872E0,-1.1529452E0,1.7477671E-3,3.4644317E-2,1.4469376E-1,-1.3857804E-1,-3.4363747E-2,-9.90572E-3,1.355718E-2],"categories":[],"categories_nodes":[],"categories_segments":[],"categories_sizes":[],"default_left":[0,0,0,0,0,0,0,0,0,0,0],"id":59,"left_children":[1,3,5,7,9,-1,-1,-1,-1,-1,-1],"loss_changes":[5.7727585E0,2.5014777E0,1.3901663E-1,8.9099646E-2,9.437013E-2,0E0,0E0,0E0,0E0,0E0,0E0],"parents":[2147483647,0,0,1,1,2,2,3,3,4,4],"right_children":[2,4,6,8,10,-1,-1,-1,-1,-1,-1],"split_conditions":[9.087464E-1,3.0299142E-1,1E0,2.0195583E-1,7.048367E-1,3.4644317E-2,1.4469376E-1,-1.3857804E-1,-3.4363747E-2,-9.90572E-3,1.355718E-2],"split_indices":[0,0,0,0,0,0,0,0,0,0,0],"split_type":[0,0,0,0,0,0,0,0,0,0,0],"sum_hessian":[9E0,7E0,2E0,2E0,5E0,1E0,1E0,1E0,1E0,3E0,2E0],"tree_param":{"num_deleted":"0","num_feature":"2","num_nodes":"11","size_leaf_vector":"1"}},{"base_weights":[1.3461304E-2,-4.091015E-1,1.1358083E0,-1.0952988E0,2.1807353E-3,3.2912444E-2,1.374588E-1,-1.3164921E-1,-3.264561E-2,-9.162903E-2,1.2653351E-2,-1.0428874E-2,-2.6824952E-3],"categories":[],"categories_nodes":[],"categories_segments":[],"categories_sizes":[],"default_left":[0,0,0,0,0,0,0,0,0,0,0,0,0],"id":60,"left_children":[1,3,5,7,9,-1,-1,-1,-1,11,-1,-1,-1],"loss_changes":[5.2072816E0,2.2601545E0,1.254487E-1,8.041191E-2,8.1587166E-2,0E0,0E0,0E0,0E0,4.8406422E-4,0E0,0E0,0E0],"parents":[2147483647,0,0,1,1,2,2,3,3,4,4,9,9],"right_children":[2,4,6,8,10,-1,-1,-1,-1,12,-1,-1,-1],"split_conditions":[9.087464E-1,3.0299142E-1,1E0,2.0195583E-1,7.048367E-1,3.2912444E-2,1.374588E-1,-1.3164921E-1,-3.264561E-2,6.0434085E-1,1.2653351E-2,-1.0428874E-2,-2.6824952E-3],"split_indices":[0,0,0,0,0,0,0,0,0,0,0,0,0],"split_type":[0,0,0,0,0,0,0,0,0,0,0,0,0],"sum_hessian":[9E0,7E0,2E0,2E0,5E0,1E0,1E0,1E0,1E0,3E0,2E0,2E0,1E0],"tree_param":{"num_deleted":"0","num_feature":"2","num_nodes":"13","size_leaf_vector":"1"}},{"base_weights":[1.2676621E-2,-3.887849E-1,1.0790151E0,-1.0405337E0,1.8870035E-3,3.1266786E-2,1.3058548E-1,-1.2506676E-1,-3.1013299E-2,-8.574295E-2,1.1809794E-2,-9.733582E-3,-2.5482178E-3],"categories":[],"categories_nodes":[],"categories_segments":[],"categories_sizes":[],"default_left":[0,0,0,0,0,0,0,0,0,0,0,0,0],"id":61,"left_children":[1,3,5,7,9,-1,-1,-1,-1,11,-1,-1,-1],"loss_changes":[4.7004433E0,2.038923E0,1.1321497E-1,7.257271E-2,7.122742E-2,0E0,0E0,0E0,0E0,3.1405129E-4,0E0,0E0,0E0],"parents":[2147483647,0,0,1,1,2,2,3,3,4,4,9,9],"right_children":[2,4,6,8,10,-1,-1,-1,-1,12,-1,-1,-1],"split_conditions":[9.087464E-1,3.0299142E-1,1E0,2.0195583E-1,7.048367E-1,3.1266786E-2,1.3058548E-1,-1.2506676E-1,-3.1013299E-2,6.0434085E-1,1.1809794E-2,-9.733582E-3,-2.5482178E-3],"split_indices":[0,0,0,0,0,0,0,0,0,0,0,0,0],"split_type":[0,0,0,0,0,0,0,0,0,0,0,0,0],"sum_hessian":[9E0,7E0,2E0,2E0,5E0,1E0,1E0,1E0,1E0,3E0,2E0,2E0,1E0],"tree_param":{"num_deleted":"0","num_feature":"2","num_nodes":"13","size_leaf_vector":"1"}},{"base_weights":[1.193924E-2,-3.6947536E-1,1.0250651E0,-9.8850757E-1,1.6199747E-3,2.9703522E-2,1.2405624E-1,-1.18813515E-1,-2.9462624E-2,-8.023834E-2,1.102244E-2,-9.084574E-3,-2.420807E-3],"categories":[],"categories_nodes":[],"categories_segments":[],"categories_sizes":[],"default_left":[0,0,0,0,0,0,0,0,0,0,0,0,0],"id":62,"left_children":[1,3,5,7,9,-1,-1,-1,-1,11,-1,-1,-1],"loss_changes":[4.242946E0,1.839361E0,1.0217476E-1,6.5497875E-2,6.2185276E-2,0E0,0E0,0E0,0E0,1.7814338E-4,0E0,0E0,0E0],"parents":[2147483647,0,0,1,1,2,2,3,3,4,4,9,9],"right_children":[2,4,6,8,10,-1,-1,-1,-1,12,-1,-1,-1],"split_conditions":[9.087464E-1,3.0299142E-1,1E0,2.0195583E-1,7.048367E-1,2.9703522E-2,1.2405624E-1,-1.18813515E-1,-2.9462624E-2,6.0434085E-1,1.102244E-2,-9.084574E-3,-2.420807E-3],"split_indices":[0,0,0,0,0,0,0,0,0,0,0,0,0],"split_type":[0,0,0,0,0,0,0,0,0,0,0,0,0],"sum_hessian":[9E0,7E0,2E0,2E0,5E0,1E0,1E0,1E0,1E0,3E0,2E0,2E0,1E0],"tree_param":{"num_deleted":"0","num_feature":"2","num_nodes":"13","size_leaf_vector":"1"}},{"base_weights":[1.1244202E-2,-3.511238E-1,9.7381085E-1,-9.390831E-1,1.37647E-3,2.821808E-2,1.17853545E-1,-1.1287289E-1,-2.798958E-2,-7.509136E-2,1.0287476E-2,-8.478927E-3,-2.299881E-3],"categories":[],"categories_nodes":[],"categories_segments":[],"categories_sizes":[],"default_left":[0,0,0,0,0,0,0,0,0,0,0,0,0],"id":63,"left_children":[1,3,5,7,9,-1,-1,-1,-1,11,-1,-1,-1],"loss_changes":[3.829962E0,1.6593391E0,9.222078E-2,5.9109926E-2,5.4293126E-2,0E0,0E0,0E0,0E0,7.070601E-5,0E0,0E0,0E0],"parents":[2147483647,0,0,1,1,2,2,3,3,4,4,9,9],"right_children":[2,4,6,8,10,-1,-1,-1,-1,12,-1,-1,-1],"split_conditions":[9.087464E-1,3.0299142E-1,1E0,2.0195583E-1,7.048367E-1,2.821808E-2,1.17853545E-1,-1.1287289E-1,-2.798958E-2,6.0434085E-1,1.0287476E-2,-8.478927E-3,-2.299881E-3],"split_indices":[0,0,0,0,0,0,0,0,0,0,0,0,0],"split_type":[0,0,0,0,0,0,0,0,0,0,0,0,0],"sum_hessian":[9E0,7E0,2E0,2E0,5E0,1E0,1E0,1E0,1E0,3E0,2E0,2E0,1E0],"tree_param":{"num_deleted":"0","num_feature":"2","num_nodes":"13","size_leaf_vector":"1"}},{"base_weights":[1.0591507E-2,-3.3368063E-1,9.2512006E-1,-8.9212924E-1,1.1571249E-3,2.6807403E-2,1.11960605E-1,-1.0722923E-1,-2.6590157E-2,-7.027817E-3,9.601847E-3],"categories":[],"categories_nodes":[],"categories_segments":[],"categories_sizes":[],"default_left":[0,0,0,0,0,0,0,0,0,0,0],"id":64,"left_children":[1,3,5,7,9,-1,-1,-1,-1,-1,-1],"loss_changes":[3.4571617E0,1.4969499E0,8.32212E-2,5.3344965E-2,4.7406692E-2,0E0,0E0,0E0,0E0,0E0,0E0],"parents":[2147483647,0,0,1,1,2,2,3,3,4,4],"right_children":[2,4,6,8,10,-1,-1,-1,-1,-1,-1],"split_conditions":[9.087464E-1,3.0299142E-1,1E0,2.0195583E-1,7.048367E-1,2.6807403E-2,1.11960605E-1,-1.0722923E-1,-2.6590157E-2,-7.027817E-3,9.601847E-3],"split_indices":[0,0,0,0,0,0,0,0,0,0,0],"split_type":[0,0,0,0,0,0,0,0,0,0,0],"sum_hessian":[9E0,7E0,2E0,2E0,5E0,1E0,1E0,1E0,1E0,3E0,2E0],"tree_param":{"num_deleted":"0","num_feature":"2","num_nodes":"11","size_leaf_vector":"1"}},{"base_weights":[1.0283661E-2,-3.1672E-1,8.7886554E-1,-8.47524E-1,1.4686584E-3,2.5466919E-2,1.0636292E-1,-1.0186787E-1,-2.5260735E-2,-6.500816E-2,8.961487E-3,-7.445272E-3,-1.833725E-3],"categories":[],"categories_nodes":[],"categories_segments":[],"categories_sizes":[],"default_left":[0,0,0,0,0,0,0,0,0,0,0,0,0],"id":65,"left_children":[1,3,5,7,9,-1,-1,-1,-1,11,-1,-1,-1],"loss_changes":[3.118649E0,1.3524112E0,7.511282E-2,4.814267E-2,4.0983777E-2,0E0,0E0,0E0,0E0,3.9788522E-4,0E0,0E0,0E0],"parents":[2147483647,0,0,1,1,2,2,3,3,4,4,9,9],"right_children":[2,4,6,8,10,-1,-1,-1,-1,12,-1,-1,-1],"split_conditions":[9.087464E-1,3.0299142E-1,1E0,2.0195583E-1,7.048367E-1,2.5466919E-2,1.0636292E-1,-1.0186787E-1,-2.5260735E-2,6.0434085E-1,8.961487E-3,-7.445272E-3,-1.833725E-3],"split_indices":[0,0,0,0,0,0,0,0,0,0,0,0,0],"split_type":[0,0,0,0,0,0,0,0,0,0,0,0,0],"sum_hessian":[9E0,7E0,2E0,2E0,5E0,1E0,1E0,1E0,1E0,3E0,2E0,2E0,1E0],"tree_param":{"num_deleted":"0","num_feature":"2","num_nodes":"13","size_leaf_vector":"1"}},{"base_weights":[9.692383E-3,-3.009796E-1,8.349202E-1,-8.051478E-1,1.2677511E-3,2.4193574E-2,1.0104447E-1,-9.677448E-2,-2.3997689E-2,-6.0827255E-2,8.363851E-2,-6.9488524E-3,-1.7421723E-3,2.6470185E-3,9.8987585E-3],"categories":[],"categories_nodes":[],"categories_segments":[],"categories_sizes":[],"default_left":[0,0,0,0,0,0,0,0,0,0,0,0,0,0,0],"id":66,"left_children":[1,3,5,7,9,-1,-1,-1,-1,11,13,-1,-1,-1,-1],"loss_changes":[2.8150458E0,1.2200887E0,6.778717E-2,4.3448925E-2,3.5776373E-2,0E0,0E0,0E0,0E0,2.9317848E-4,1.22226775E-5,0E0,0E0,0E0,0E0],"parents":[2147483647,0,0,1,1,2,2,3,3,4,4,9,9,10,10],"right_children":[2,4,6,8,10,-1,-1,-1,-1,12,14,-1,-1,-1,-1],"split_conditions":[9.087464E-1,3.0299142E-1,1E0,2.0195583E-1,7.048367E-1,2.4193574E-2,1.0104447E-1,-9.677448E-2,-2.3997689E-2,6.0434085E-1,8.064434E-1,-6.9488524E-3,-1.7421723E-3,2.6470185E-3,9.8987585E-3],"split_indices":[0,0,0,0,0,0,0,0,0,0,0,0,0,0,0],"split_type":[0,0,0,0,0,0,0,0,0,0,0,0,0,0,0],"sum_hessian":[9E0,7E0,2E0,2E0,5E0,1E0,1E0,1E0,1E0,3E0,2E0,2E0,1E0,1E0,1E0],"tree_param":{"num_deleted":"0","num_feature":"2","num_nodes":"15","size_leaf_vector":"1"}},{"base_weights":[9.555054E-3,-2.8549576E-1,7.931722E-1,-7.6489E-1,1.7840067E-3,2.2983551E-2,9.599228E-2,-9.193573E-2,-2.2797776E-2,-5.691719E-2,7.94576E-2,-6.4854943E-3,-1.6551971E-3,2.5146485E-3,9.4039915E-3],"categories":[],"categories_nodes":[],"categories_segments":[],"categories_sizes":[],"default_left":[0,0,0,0,0,0,0,0,0,0,0,0,0,0,0],"id":67,"left_children":[1,3,5,7,9,-1,-1,-1,-1,11,13,-1,-1,-1,-1],"loss_changes":[2.538516E0,1.1031268E0,6.1185837E-2,3.921306E-2,3.18797E-2,0E0,0E0,0E0,0E0,2.0815805E-4,1.1172146E-5,0E0,0E0,0E0,0E0],"parents":[2147483647,0,0,1,1,2,2,3,3,4,4,9,9,10,10],"right_children":[2,4,6,8,10,-1,-1,-1,-1,12,14,-1,-1,-1,-1],"split_conditions":[9.087464E-1,3.0299142E-1,1E0,2.0195583E-1,7.048367E-1,2.2983551E-2,9.599228E-2,-9.193573E-2,-2.2797776E-2,6.0434085E-1,8.064434E-1,-6.4854943E-3,-1.6551971E-3,2.5146485E-3,9.4039915E-3],"split_indices":[0,0,0,0,0,0,0,0,0,0,0,0,0,0,0],"split_type":[0,0,0,0,0,0,0,0,0,0,0,0,0,0,0],"sum_hessian":[9E0,7E0,2E0,2E0,5E0,1E0,1E0,1E0,1E0,3E0,2E0,2E0,1E0,1E0,1E0],"tree_param":{"num_deleted":"0","num_feature":"2","num_nodes":"15","size_leaf_vector":"1"}},{"base_weights":[9.40094E-3,-2.708168E-1,7.535146E-1,-7.266464E-1,2.234141E-3,2.1834565E-2,9.1192625E-2,-8.733902E-2,-2.1657944E-2,-5.3260803E-2,7.548269E-2,-6.053162E-3,-1.5724183E-3,2.3887635E-3,8.93364E-3],"categories":[],"categories_nodes":[],"categories_segments":[],"categories_sizes":[],"default_left":[0,0,0,0,0,0,0,0,0,0,0,0,0,0,0],"id":68,"left_children":[1,3,5,7,9,-1,-1,-1,-1,11,13,-1,-1,-1,-1],"loss_changes":[2.289203E0,9.9734104E-1,5.5215955E-2,3.5389066E-2,2.8409813E-2,0E0,0E0,0E0,0E0,1.398772E-4,1.0313466E-5,0E0,0E0,0E0,0E0],"parents":[2147483647,0,0,1,1,2,2,3,3,4,4,9,9,10,10],"right_children":[2,4,6,8,10,-1,-1,-1,-1,12,14,-1,-1,-1,-1],"split_conditions":[9.087464E-1,3.0299142E-1,1E0,2.0195583E-1,7.048367E-1,2.1834565E-2,9.1192625E-2,-8.733902E-2,-2.1657944E-2,6.0434085E-1,8.064434E-1,-6.053162E-3,-1.5724183E-3,2.3887635E-3,8.93364E-3],"split_indices":[0,0,0,0,0,0,0,0,0,0,0,0,0,0,0],"split_type":[0,0,0,0,0,0,0,0,0,0,0,0,0,0,0],"sum_hessian":[9E0,7E0,2E0,2E0,5E0,1E0,1E0,1E0,1E0,3E0,2E0,2E0,1E0,1E0,1E0],"tree_param":{"num_deleted":"0","num_feature":"2","num_nodes":"15","size_leaf_vector":"1"}},{"base_weights":[9.233475E-3,-2.568984E-1,7.1584064E-1,-6.9031525E-1,2.626419E-3,2.0742798E-2,8.66333E-2,-8.297215E-2,-2.0575142E-2,-4.984188E-2,7.170868E-2,-5.649694E-3,-1.4938355E-3,2.2693635E-3,8.486939E-3],"categories":[],"categories_nodes":[],"categories_segments":[],"categories_sizes":[],"default_left":[0,0,0,0,0,0,0,0,0,0,0,0,0,0,0],"id":69,"left_children":[1,3,5,7,9,-1,-1,-1,-1,11,13,-1,-1,-1,-1],"loss_changes":[2.0644052E0,9.0167254E-1,4.9834967E-2,3.193724E-2,2.5321867E-2,0E0,0E0,0E0,0E0,8.516945E-5,9.2228875E-6,0E0,0E0,0E0,0E0],"parents":[2147483647,0,0,1,1,2,2,3,3,4,4,9,9,10,10],"right_children":[2,4,6,8,10,-1,-1,-1,-1,12,14,-1,-1,-1,-1],"split_conditions":[9.087464E-1,3.0299142E-1,1E0,2.0195583E-1,7.048367E-1,2.0742798E-2,8.66333E-2,-8.297215E-2,-2.0575142E-2,6.0434085E-1,8.064434E-1,-5.649694E-3,-1.4938355E-3,2.2693635E-3,8.486939E-3],"split_indices":[0,0,0,0,0,0,0,0,0,0,0,0,0,0,0],"split_type":[0,0,0,0,0,0,0,0,0,0,0,0,0,0,0],"sum_hessian":[9E0,7E0,2E0,2E0,5E0,1E0,1E0,1E0,1E0,3E0,2E0,2E0,1E0,1E0,1E0],"tree_param":{"num_deleted":"0","num_feature":"2","num_nodes":"15","size_leaf_vector":"1"}},{"base_weights":[9.0557095E-3,-2.436986E-1,6.8004864E-1,-6.557986E-1,2.9678345E-3,1.9705964E-2,8.230133E-2,-7.882347E-2,-1.9546319E-2,-4.6642303E-2,6.8125404E-2,-5.272929E-3,-1.4190674E-3,2.156067E-3,8.0627445E-3],"categories":[],"categories_nodes":[],"categories_segments":[],"categories_sizes":[],"default_left":[0,0,0,0,0,0,0,0,0,0,0,0,0,0,0],"id":70,"left_children":[1,3,5,7,9,-1,-1,-1,-1,11,13,-1,-1,-1,-1],"loss_changes":[1.8616904E0,8.151561E-1,4.4968367E-2,2.882421E-2,2.2572381E-2,0E0,0E0,0E0,0E0,4.1865744E-5,8.080155E-6,0E0,0E0,0E0,0E0],"parents":[2147483647,0,0,1,1,2,2,3,3,4,4,9,9,10,10],"right_children":[2,4,6,8,10,-1,-1,-1,-1,12,14,-1,-1,-1,-1],"split_conditions":[9.087464E-1,3.0299142E-1,1E0,2.0195583E-1,7.048367E-1,1.9705964E-2,8.230133E-2,-7.882347E-2,-1.9546319E-2,6.0434085E-1,8.064434E-1,-5.272929E-3,-1.4190674E-3,2.156067E-3,8.0627445E-3],"split_indices":[0,0,0,0,0,0,0,0,0,0,0,0,0,0,0],"split_type":[0,0,0,0,0,0,0,0,0,0,0,0,0,0,0],"sum_hessian":[9E0,7E0,2E0,2E0,5E0,1E0,1E0,1E0,1E0,3E0,2E0,2E0,1E0,1E0,1E0],"tree_param":{"num_deleted":"0","num_feature":"2","num_nodes":"15","size_leaf_vector":"1"}},{"base_weights":[8.866119E-3,-2.3118496E-1,6.4604694E-1,-6.230087E-1,3.2577515E-3,1.8721009E-2,7.8186035E-2,-7.488232E-2,-1.8568993E-2,-4.365158E-2,6.471761E-2,-4.921468E-3,-1.348114E-3,2.048111E-3,7.6595307E-3],"categories":[],"categories_nodes":[],"categories_segments":[],"categories_sizes":[],"default_left":[0,0,0,0,0,0,0,0,0,0,0,0,0,0,0],"id":71,"left_children":[1,3,5,7,9,-1,-1,-1,-1,11,13,-1,-1,-1,-1],"loss_changes":[1.6789159E0,7.369114E-1,4.057634E-2,2.601409E-2,2.0123271E-2,0E0,0E0,0E0,0E0,7.8948215E-6,7.5260177E-6,0E0,0E0,0E0,0E0],"parents":[2147483647,0,0,1,1,2,2,3,3,4,4,9,9,10,10],"right_children":[2,4,6,8,10,-1,-1,-1,-1,12,14,-1,-1,-1,-1],"split_conditions":[9.087464E-1,3.0299142E-1,1E0,2.0195583E-1,7.048367E-1,1.8721009E-2,7.8186035E-2,-7.488232E-2,-1.8568993E-2,6.0434085E-1,8.064434E-1,-4.921468E-3,-1.348114E-3,2.048111E-3,7.6595307E-3],"split_indices":[0,0,0,0,0,0,0,0,0,0,0,0,0,0,0],"split_type":[0,0,0,0,0,0,0,0,0,0,0,0,0,0,0],"sum_hessian":[9E0,7E0,2E0,2E0,5E0,1E0,1E0,1E0,1E0,3E0,2E0,2E0,1E0,1E0,1E0],"tree_param":{"num_deleted":"0","num_feature":"2","num_nodes":"15","size_leaf_vector":"1"}},{"base_weights":[8.669281E-3,-2.1931744E-1,6.137441E-1,-5.918579E-1,3.5057068E-3,1.7784882E-2,7.427674E-2,-7.1138196E-2,-1.7640496E-2,-4.0853503E-3,6.1482746E-2,1.9458771E-3,7.276535E-3],"categories":[],"categories_nodes":[],"categories_segments":[],"categories_sizes":[],"default_left":[0,0,0,0,0,0,0,0,0,0,0,0,0],"id":72,"left_children":[1,3,5,7,9,-1,-1,-1,-1,-1,11,-1,-1],"loss_changes":[1.514095E0,6.6616005E-1,3.662157E-2,2.3478508E-2,1.7942678E-2,0E0,0E0,0E0,0E0,0E0,6.4950436E-6,0E0,0E0],"parents":[2147483647,0,0,1,1,2,2,3,3,4,4,10,10],"right_children":[2,4,6,8,10,-1,-1,-1,-1,-1,12,-1,-1],"split_conditions":[9.087464E-1,3.0299142E-1,1E0,2.0195583E-1,7.048367E-1,1.7784882E-2,7.427674E-2,-7.1138196E-2,-1.7640496E-2,-4.0853503E-3,8.064434E-1,1.9458771E-3,7.276535E-3],"split_indices":[0,0,0,0,0,0,0,0,0,0,0,0,0],"split_type":[0,0,0,0,0,0,0,0,0,0,0,0,0],"sum_hessian":[9E0,7E0,2E0,2E0,5E0,1E0,1E0,1E0,1E0,3E0,2E0,1E0,1E0],"tree_param":{"num_deleted":"0","num_feature":"2","num_nodes":"13","size_leaf_vector":"1"}},{"base_weights":[8.642197E-3,-2.0784235E-1,5.830536E-1,-5.6226605E-1,4.0098825E-3,1.6895294E-2,7.056274E-2,-6.758137E-2,-1.6758537E-2,-3.7791252E-2,5.84081E-2,-4.321162E-3,-1.0765076E-3,1.8486023E-3,6.912613E-3],"categories":[],"categories_nodes":[],"categories_segments":[],"categories_sizes":[],"default_left":[0,0,0,0,0,0,0,0,0,0,0,0,0,0,0],"id":73,"left_children":[1,3,5,7,9,-1,-1,-1,-1,11,13,-1,-1,-1,-1],"loss_changes":[1.3646952E0,6.0293823E-1,3.30559E-2,2.1188676E-2,1.5850758E-2,0E0,0E0,0E0,0E0,1.20790675E-4,5.7909638E-6,0E0,0E0,0E0,0E0],"parents":[2147483647,0,0,1,1,2,2,3,3,4,4,9,9,10,10],"right_children":[2,4,6,8,10,-1,-1,-1,-1,12,14,-1,-1,-1,-1],"split_conditions":[9.087464E-1,3.0299142E-1,1E0,2.0195583E-1,7.048367E-1,1.6895294E-2,7.056274E-2,-6.758137E-2,-1.6758537E-2,6.0434085E-1,8.064434E-1,-4.321162E-3,-1.0765076E-3,1.8486023E-3,6.912613E-3],"split_indices":[0,0,0,0,0,0,0,0,0,0,0,0,0,0,0],"split_type":[0,0,0,0,0,0,0,0,0,0,0,0,0,0,0],"sum_hessian":[9E0,7E0,2E0,2E0,5E0,1E0,1E0,1E0,1E0,3E0,2E0,2E0,1E0,1E0,1E0],"tree_param":{"num_deleted":"0","num_feature":"2","num_nodes":"15","size_leaf_vector":"1"}},{"base_weights":[8.427048E-3,-1.9718027E-1,5.5390424E-1,-5.34153E-1,4.169464E-3,1.605072E-2,6.7034915E-2,-6.420231E-2,-1.5920639E-2,-3.5362244E-2,5.5488586E-2,-4.0331525E-3,-1.0227204E-3,1.7562866E-3,6.5670013E-3],"categories":[],"categories_nodes":[],"categories_segments":[],"categories_sizes":[],"default_left":[0,0,0,0,0,0,0,0,0,0,0,0,0,0,0],"id":74,"left_children":[1,3,5,7,9,-1,-1,-1,-1,11,13,-1,-1,-1,-1],"loss_changes":[1.23076E0,5.450221E-1,2.983135E-2,1.9122422E-2,1.4134596E-2,0E0,0E0,0E0,0E0,8.713361E-5,5.0598755E-6,0E0,0E0,0E0,0E0],"parents":[2147483647,0,0,1,1,2,2,3,3,4,4,9,9,10,10],"right_children":[2,4,6,8,10,-1,-1,-1,-1,12,14,-1,-1,-1,-1],"split_conditions":[9.087464E-1,3.0299142E-1,1E0,2.0195583E-1,7.048367E-1,1.605072E-2,6.7034915E-2,-6.420231E-2,-1.5920639E-2,6.0434085E-1,8.064434E-1,-4.0331525E-3,-1.0227204E-3,1.7562866E-3,6.5670013E-3],"split_indices":[0,0,0,0,0,0,0,0,0,0,0,0,0,0,0],"split_type":[0,0,0,0,0,0,0,0,0,0,0,0,0,0,0],"sum_hessian":[9E0,7E0,2E0,2E0,5E0,1E0,1E0,1E0,1E0,3E0,2E0,2E0,1E0,1E0,1E0],"tree_param":{"num_deleted":"0","num_feature":"2","num_nodes":"15","size_leaf_vector":"1"}},{"base_weights":[8.207321E-3,-1.8706942E-1,5.2620953E-1,-5.074463E-1,4.2972565E-3,1.5248108E-2,6.368332E-2,-6.099224E-2,-1.5124703E-2,-3.3089638E-2,5.271403E-2,-3.7642163E-3,-9.716034E-4,1.6685486E-3,6.238556E-3],"categories":[],"categories_nodes":[],"categories_segments":[],"categories_sizes":[],"default_left":[0,0,0,0,0,0,0,0,0,0,0,0,0,0,0],"id":75,"left_children":[1,3,5,7,9,-1,-1,-1,-1,11,13,-1,-1,-1,-1],"loss_changes":[1.1099755E0,4.926563E-1,2.692461E-2,1.7256796E-2,1.2605204E-2,0E0,0E0,0E0,0E0,5.9903134E-5,4.420057E-6,0E0,0E0,0E0,0E0],"parents":[2147483647,0,0,1,1,2,2,3,3,4,4,9,9,10,10],"right_children":[2,4,6,8,10,-1,-1,-1,-1,12,14,-1,-1,-1,-1],"split_conditions":[9.087464E-1,3.0299142E-1,1E0,2.0195583E-1,7.048367E-1,1.5248108E-2,6.368332E-2,-6.099224E-2,-1.5124703E-2,6.0434085E-1,8.064434E-1,-3.7642163E-3,-9.716034E-4,1.6685486E-3,6.238556E-3],"split_indices":[0,0,0,0,0,0,0,0,0,0,0,0,0,0,0],"split_type":[0,0,0,0,0,0,0,0,0,0,0,0,0,0,0],"sum_hessian":[9E0,7E0,2E0,2E0,5E0,1E0,1E0,1E0,1E0,3E0,2E0,2E0,1E0,1E0,1E0],"tree_param":{"num_deleted":"0","num_feature":"2","num_nodes":"15","size_leaf_vector":"1"}},{"base_weights":[7.984161E-3,-1.7748165E-1,4.9989828E-1,-4.8207346E-1,4.3945312E-3,1.4485932E-2,6.049881E-2,-5.794258E-2,-1.4368439E-2,-3.0965805E-2,5.00768E-2,-3.5133362E-3,-9.2315674E-4,1.5850067E-3,5.9265136E-3],"categories":[],"categories_nodes":[],"categories_segments":[],"categories_sizes":[],"default_left":[0,0,0,0,0,0,0,0,0,0,0,0,0,0,0],"id":76,"left_children":[1,3,5,7,9,-1,-1,-1,-1,11,13,-1,-1,-1,-1],"loss_changes":[1.0010554E0,4.453025E-1,2.4294853E-2,1.5574455E-2,1.1242712E-2,0E0,0E0,0E0,0E0,3.7978636E-5,4.103873E-6,0E0,0E0,0E0,0E0],"parents":[2147483647,0,0,1,1,2,2,3,3,4,4,9,9,10,10],"right_children":[2,4,6,8,10,-1,-1,-1,-1,12,14,-1,-1,-1,-1],"split_conditions":[9.087464E-1,3.0299142E-1,1E0,2.0195583E-1,7.048367E-1,1.4485932E-2,6.049881E-2,-5.794258E-2,-1.4368439E-2,6.0434085E-1,8.064434E-1,-3.5133362E-3,-9.2315674E-4,1.5850067E-3,5.9265136E-3],"split_indices":[0,0,0,0,0,0,0,0,0,0,0,0,0,0,0],"split_type":[0,0,0,0,0,0,0,0,0,0,0,0,0,0,0],"sum_hessian":[9E0,7E0,2E0,2E0,5E0,1E0,1E0,1E0,1E0,3E0,2E0,2E0,1E0,1E0,1E0],"tree_param":{"num_deleted":"0","num_feature":"2","num_nodes":"15","size_leaf_vector":"1"}},{"base_weights":[7.760239E-3,-1.6838884E-1,4.749044E-1,-4.5796967E-1,4.466375E-3,1.3761902E-2,5.7473756E-2,-5.504551E-2,-1.36499405E-2,-2.8979301E-2,4.757182E-2,-3.2792408E-3,-8.7699894E-4,1.505661E-3,5.630112E-3],"categories":[],"categories_nodes":[],"categories_segments":[],"categories_sizes":[],"default_left":[0,0,0,0,0,0,0,0,0,0,0,0,0,0,0],"id":77,"left_children":[1,3,5,7,9,-1,-1,-1,-1,11,13,-1,-1,-1,-1],"loss_changes":[9.0283877E-1,4.024899E-1,2.1921933E-2,1.4057159E-2,1.0028742E-2,0E0,0E0,0E0,0E0,2.0651845E-5,3.801193E-6,0E0,0E0,0E0,0E0],"parents":[2147483647,0,0,1,1,2,2,3,3,4,4,9,9,10,10],"right_children":[2,4,6,8,10,-1,-1,-1,-1,12,14,-1,-1,-1,-1],"split_conditions":[9.087464E-1,3.0299142E-1,1E0,2.0195583E-1,7.048367E-1,1.3761902E-2,5.7473756E-2,-5.504551E-2,-1.36499405E-2,6.0434085E-1,8.064434E-1,-3.2792408E-3,-8.7699894E-4,1.505661E-3,5.630112E-3],"split_indices":[0,0,0,0,0,0,0,0,0,0,0,0,0,0,0],"split_type":[0,0,0,0,0,0,0,0,0,0,0,0,0,0,0],"sum_hessian":[9E0,7E0,2E0,2E0,5E0,1E0,1E0,1E0,1E0,3E0,2E0,2E0,1E0,1E0,1E0],"tree_param":{"num_deleted":"0","num_feature":"2","num_nodes":"15","size_leaf_vector":"1"}},{"base_weights":[7.5359344E-3,-1.5976381E-1,4.5115662E-1,-4.3507132E-1,4.517237E-3,1.307373E-2,5.4599762E-2,-5.2293207E-2,-1.29674915E-2,-2.7119637E-2,4.519399E-2,-3.0605316E-3,-8.331299E-4,1.4305115E-3,5.348587E-3],"categories":[],"categories_nodes":[],"categories_segments":[],"categories_sizes":[],"default_left":[0,0,0,0,0,0,0,0,0,0,0,0,0,0,0],"id":78,"left_children":[1,3,5,7,9,-1,-1,-1,-1,11,13,-1,-1,-1,-1],"loss_changes":[8.1425476E-1,3.6378777E-1,1.978439E-2,1.2685895E-2,8.946956E-3,0E0,0E0,0E0,0E0,6.9784E-6,3.2591633E-6,0E0,0E0,0E0,0E0],"parents":[2147483647,0,0,1,1,2,2,3,3,4,4,9,9,10,10],"right_children":[2,4,6,8,10,-1,-1,-1,-1,12,14,-1,-1,-1,-1],"split_conditions":[9.087464E-1,3.0299142E-1,1E0,2.0195583E-1,7.048367E-1,1.307373E-2,5.4599762E-2,-5.2293207E-2,-1.29674915E-2,6.0434085E-1,8.064434E-1,-3.0605316E-3,-8.331299E-4,1.4305115E-3,5.348587E-3],"split_indices":[0,0,0,0,0,0,0,0,0,0,0,0,0,0,0],"split_type":[0,0,0,0,0,0,0,0,0,0,0,0,0,0,0],"sum_hessian":[9E0,7E0,2E0,2E0,5E0,1E0,1E0,1E0,1E0,3E0,2E0,2E0,1E0,1E0,1E0],"tree_param":{"num_deleted":"0","num_feature":"2","num_nodes":"15","size_leaf_vector":"1"}},{"base_weights":[7.3112487E-3,-1.5158558E-1,4.2859903E-1,-4.1331863E-1,4.545212E-3,1.2419892E-2,5.1869966E-2,-4.9678613E-2,-1.2319184E-2,-2.5382042E-3,4.2933147E-2,1.3587952E-3,5.0811768E-3],"categories":[],"categories_nodes":[],"categories_segments":[],"categories_sizes":[],"default_left":[0,0,0,0,0,0,0,0,0,0,0,0,0],"id":79,"left_children":[1,3,5,7,9,-1,-1,-1,-1,-1,11,-1,-1],"loss_changes":[7.3438233E-1,3.2879537E-1,1.7858028E-2,1.1448443E-2,7.9828035E-3,0E0,0E0,0E0,0E0,0E0,3.1711534E-6,0E0,0E0],"parents":[2147483647,0,0,1,1,2,2,3,3,4,4,10,10],"right_children":[2,4,6,8,10,-1,-1,-1,-1,-1,12,-1,-1],"split_conditions":[9.087464E-1,3.0299142E-1,1E0,2.0195583E-1,7.048367E-1,1.2419892E-2,5.1869966E-2,-4.9678613E-2,-1.2319184E-2,-2.5382042E-3,8.064434E-1,1.3587952E-3,5.0811768E-3],"split_indices":[0,0,0,0,0,0,0,0,0,0,0,0,0],"split_type":[0,0,0,0,0,0,0,0,0,0,0,0,0],"sum_hessian":[9E0,7E0,2E0,2E0,5E0,1E0,1E0,1E0,1E0,3E0,2E0,1E0,1E0],"tree_param":{"num_deleted":"0","num_feature":"2","num_nodes":"13","size_leaf_vector":"1"}},{"base_weights":[7.200241E-3,-1.4368868E-1,4.0717062E-1,-3.9265314E-1,4.7416687E-3,1.1798859E-2,4.9276736E-2,-4.719467E-2,-1.17033E-2,-2.3477554E-2,4.0786743E-2,-2.687327E-3,-6.6452025E-4,1.2908935E-3,4.827118E-3],"categories":[],"categories_nodes":[],"categories_segments":[],"categories_sizes":[],"default_left":[0,0,0,0,0,0,0,0,0,0,0,0,0,0,0],"id":80,"left_children":[1,3,5,7,9,-1,-1,-1,-1,11,13,-1,-1,-1,-1],"loss_changes":[6.6201675E-1,2.9749292E-1,1.6118199E-2,1.03313625E-2,7.0605567E-3,0E0,0E0,0E0,0E0,5.0053E-5,2.819579E-6,0E0,0E0,0E0,0E0],"parents":[2147483647,0,0,1,1,2,2,3,3,4,4,9,9,10,10],"right_children":[2,4,6,8,10,-1,-1,-1,-1,12,14,-1,-1,-1,-1],"split_conditions":[9.087464E-1,3.0299142E-1,1E0,2.0195583E-1,7.048367E-1,1.1798859E-2,4.9276736E-2,-4.719467E-2,-1.17033E-2,6.0434085E-1,8.064434E-1,-2.687327E-3,-6.6452025E-4,1.2908935E-3,4.827118E-3],"split_indices":[0,0,0,0,0,0,0,0,0,0,0,0,0,0,0],"split_type":[0,0,0,0,0,0,0,0,0,0,0,0,0,0,0],"sum_hessian":[9E0,7E0,2E0,2E0,5E0,1E0,1E0,1E0,1E0,3E0,2E0,2E0,1E0,1E0,1E0],"tree_param":{"num_deleted":"0","num_feature":"2","num_nodes":"15","size_leaf_vector":"1"}},{"base_weights":[6.975174E-3,-1.363368E-1,3.868154E-1,-3.7302017E-1,4.7276816E-3,1.1209107E-2,4.68132E-2,-4.48349E-2,-1.1118126E-2,-2.1968842E-2,3.874715E-2,-2.9285431E-3,-9.768169E-4,1.2264252E-3,4.5856475E-3],"categories":[],"categories_nodes":[],"categories_segments":[],"categories_sizes":[],"default_left":[0,0,0,0,0,0,0,0,0,0,0,0,0,0,0],"id":81,"left_children":[1,3,5,7,9,-1,-1,-1,-1,11,13,-1,-1,-1,-1],"loss_changes":[5.9709364E-1,2.6886448E-1,1.454556E-2,9.324044E-3,6.3004396E-3,0E0,0E0,0E0,0E0,7.1004266E-5,2.4312176E-6,0E0,0E0,0E0,0E0],"parents":[2147483647,0,0,1,1,2,2,3,3,4,4,9,9,10,10],"right_children":[2,4,6,8,10,-1,-1,-1,-1,12,14,-1,-1,-1,-1],"split_conditions":[9.087464E-1,3.0299142E-1,1E0,2.0195583E-1,7.048367E-1,1.1209107E-2,4.68132E-2,-4.48349E-2,-1.1118126E-2,5.039447E-1,8.064434E-1,-2.9285431E-3,-9.768169E-4,1.2264252E-3,4.5856475E-3],"split_indices":[0,0,0,0,0,0,0,0,0,0,0,0,0,0,0],"split_type":[0,0,0,0,0,0,0,0,0,0,0,0,0,0,0],"sum_hessian":[9E0,7E0,2E0,2E0,5E0,1E0,1E0,1E0,1E0,3E0,2E0,1E0,2E0,1E0,1E0],"tree_param":{"num_deleted":"0","num_feature":"2","num_nodes":"15","size_leaf_vector":"1"}},{"base_weights":[6.6745756E-3,-1.294589E-1,3.6747232E-1,-3.5436884E-1,4.5725503E-3,1.06483465E-2,4.4472504E-2,-4.2593192E-2,-1.0562134E-2,-2.0748138E-2,3.6809284E-2,-2.7820587E-3,-9.1171265E-4,1.1650085E-3,4.3563843E-3],"categories":[],"categories_nodes":[],"categories_segments":[],"categories_sizes":[],"default_left":[0,0,0,0,0,0,0,0,0,0,0,0,0,0,0],"id":82,"left_children":[1,3,5,7,9,-1,-1,-1,-1,11,13,-1,-1,-1,-1],"loss_changes":[5.387391E-1,2.4278042E-1,1.3130426E-2,8.415937E-3,5.661262E-3,0E0,0E0,0E0,0E0,7.539522E-5,2.2952445E-6,0E0,0E0,0E0,0E0],"parents":[2147483647,0,0,1,1,2,2,3,3,4,4,9,9,10,10],"right_children":[2,4,6,8,10,-1,-1,-1,-1,12,14,-1,-1,-1,-1],"split_conditions":[9.087464E-1,3.0299142E-1,1E0,2.0195583E-1,7.048367E-1,1.06483465E-2,4.4472504E-2,-4.2593192E-2,-1.0562134E-2,5.039447E-1,8.064434E-1,-2.7820587E-3,-9.1171265E-4,1.1650085E-3,4.3563843E-3],"split_indices":[0,0,0,0,0,0,0,0,0,0,0,0,0,0,0],"split_type":[0,0,0,0,0,0,0,0,0,0,0,0,0,0,0],"sum_hessian":[9E0,7E0,2E0,2E0,5E0,1E0,1E0,1E0,1E0,3E0,2E0,1E0,2E0,1E0,1E0],"tree_param":{"num_deleted":"0","num_feature":"2","num_nodes":"15","size_leaf_vector":"1"}},{"base_weights":[6.385422E-3,-1.22929096E-1,3.4909567E-1,-3.3664957E-1,4.419327E-3,1.0115814E-2,4.2248536E-2,-4.0463448E-2,-1.0033989E-2,-1.9597054E-2,3.496806E-2,-2.6430131E-3,-8.5093186E-4,1.1066437E-3,4.138565E-3],"categories":[],"categories_nodes":[],"categories_segments":[],"categories_sizes":[],"default_left":[0,0,0,0,0,0,0,0,0,0,0,0,0,0,0],"id":83,"left_children":[1,3,5,7,9,-1,-1,-1,-1,11,13,-1,-1,-1,-1],"loss_changes":[4.860881E-1,2.192235E-1,1.1850357E-2,7.5954795E-3,5.0872904E-3,0E0,0E0,0E0,0E0,7.8151E-5,2.1809246E-6,0E0,0E0,0E0,0E0],"parents":[2147483647,0,0,1,1,2,2,3,3,4,4,9,9,10,10],"right_children":[2,4,6,8,10,-1,-1,-1,-1,12,14,-1,-1,-1,-1],"split_conditions":[9.087464E-1,3.0299142E-1,1E0,2.0195583E-1,7.048367E-1,1.0115814E-2,4.2248536E-2,-4.0463448E-2,-1.0033989E-2,5.039447E-1,8.064434E-1,-2.6430131E-3,-8.5093186E-4,1.1066437E-3,4.138565E-3],"split_indices":[0,0,0,0,0,0,0,0,0,0,0,0,0,0,0],"split_type":[0,0,0,0,0,0,0,0,0,0,0,0,0,0,0],"sum_hessian":[9E0,7E0,2E0,2E0,5E0,1E0,1E0,1E0,1E0,3E0,2E0,1E0,2E0,1E0,1E0],"tree_param":{"num_deleted":"0","num_feature":"2","num_nodes":"15","size_leaf_vector":"1"}},{"base_weights":[6.1092377E-3,-1.16728306E-1,3.3163962E-1,-3.1981787E-1,4.271189E-3,9.609985E-3,4.0135957E-2,-3.8440324E-2,-9.532357E-3,-1.8508911E-2,3.322093E-2,-2.5108338E-3,-7.9396565E-4,1.0513306E-3,3.9318088E-3],"categories":[],"categories_nodes":[],"categories_segments":[],"categories_sizes":[],"default_left":[0,0,0,0,0,0,0,0,0,0,0,0,0,0,0],"id":84,"left_children":[1,3,5,7,9,-1,-1,-1,-1,11,13,-1,-1,-1,-1],"loss_changes":[4.3858525E-1,1.9795589E-1,1.0694891E-2,6.8544447E-3,4.5717508E-3,0E0,0E0,0E0,0E0,7.965253E-5,1.9927975E-6,0E0,0E0,0E0,0E0],"parents":[2147483647,0,0,1,1,2,2,3,3,4,4,9,9,10,10],"right_children":[2,4,6,8,10,-1,-1,-1,-1,12,14,-1,-1,-1,-1],"split_conditions":[9.087464E-1,3.0299142E-1,1E0,2.0195583E-1,7.048367E-1,9.609985E-3,4.0135957E-2,-3.8440324E-2,-9.532357E-3,5.039447E-1,8.064434E-1,-2.5108338E-3,-7.9396565E-4,1.0513306E-3,3.9318088E-3],"split_indices":[0,0,0,0,0,0,0,0,0,0,0,0,0,0,0],"split_type":[0,0,0,0,0,0,0,0,0,0,0,0,0,0,0],"sum_hessian":[9E0,7E0,2E0,2E0,5E0,1E0,1E0,1E0,1E0,3E0,2E0,1E0,2E0,1E0,1E0],"tree_param":{"num_deleted":"0","num_feature":"2","num_nodes":"15","size_leaf_vector":"1"}},{"base_weights":[5.843735E-3,-1.1084223E-1,3.1505838E-1,-3.0382666E-1,4.1236877E-3,9.129333E-3,3.8129427E-2,-3.6518287E-2,-9.05571E-3,-1.7484665E-2,3.156026E-2,-2.3853302E-3,-7.410685E-4,9.986878E-4,3.7353516E-3],"categories":[],"categories_nodes":[],"categories_segments":[],"categories_sizes":[],"default_left":[0,0,0,0,0,0,0,0,0,0,0,0,0,0,0],"id":85,"left_children":[1,3,5,7,9,-1,-1,-1,-1,11,13,-1,-1,-1,-1],"loss_changes":[3.9573187E-1,1.7874596E-1,9.654194E-3,6.1863363E-3,4.1089756E-3,0E0,0E0,0E0,0E0,7.9860794E-5,1.8952414E-6,0E0,0E0,0E0,0E0],"parents":[2147483647,0,0,1,1,2,2,3,3,4,4,9,9,10,10],"right_children":[2,4,6,8,10,-1,-1,-1,-1,12,14,-1,-1,-1,-1],"split_conditions":[9.087464E-1,3.0299142E-1,1E0,2.0195583E-1,7.048367E-1,9.129333E-3,3.8129427E-2,-3.6518287E-2,-9.05571E-3,5.039447E-1,8.064434E-1,-2.3853302E-3,-7.410685E-4,9.986878E-4,3.7353516E-3],"split_indices":[0,0,0,0,0,0,0,0,0,0,0,0,0,0,0],"split_type":[0,0,0,0,0,0,0,0,0,0,0,0,0,0,0],"sum_hessian":[9E0,7E0,2E0,2E0,5E0,1E0,1E0,1E0,1E0,3E0,2E0,1E0,2E0,1E0,1E0],"tree_param":{"num_deleted":"0","num_feature":"2","num_nodes":"15","size_leaf_vector":"1"}},{"base_weights":[5.58815E-3,-1.0525465E-1,2.9930624E-1,-2.8863525E-1,3.9780936E-3,8.673096E-3,3.622284E-2,-3.4692384E-2,-8.602905E-3,-1.6518593E-2,2.9980978E-2,-2.2661209E-3,-6.917318E-4,9.487152E-4,3.5484314E-3],"categories":[],"categories_nodes":[],"categories_segments":[],"categories_sizes":[],"default_left":[0,0,0,0,0,0,0,0,0,0,0,0,0,0,0],"id":86,"left_children":[1,3,5,7,9,-1,-1,-1,-1,11,13,-1,-1,-1,-1],"loss_changes":[3.5706872E-1,1.6139758E-1,8.710653E-3,5.583361E-3,3.6930817E-3,0E0,0E0,0E0,0E0,7.915299E-5,1.7078128E-6,0E0,0E0,0E0,0E0],"parents":[2147483647,0,0,1,1,2,2,3,3,4,4,9,9,10,10],"right_children":[2,4,6,8,10,-1,-1,-1,-1,12,14,-1,-1,-1,-1],"split_conditions":[9.087464E-1,3.0299142E-1,1E0,2.0195583E-1,7.048367E-1,8.673096E-3,3.622284E-2,-3.4692384E-2,-8.602905E-3,5.039447E-1,8.064434E-1,-2.2661209E-3,-6.917318E-4,9.487152E-4,3.5484314E-3],"split_indices":[0,0,0,0,0,0,0,0,0,0,0,0,0,0,0],"split_type":[0,0,0,0,0,0,0,0,0,0,0,0,0,0,0],"sum_hessian":[9E0,7E0,2E0,2E0,5E0,1E0,1E0,1E0,1E0,3E0,2E0,1E0,2E0,1E0,1E0],"tree_param":{"num_deleted":"0","num_feature":"2","num_nodes":"15","size_leaf_vector":"1"}},{"base_weights":[5.344582E-3,-9.994769E-2,2.8434244E-1,-2.7420363E-1,3.8382213E-3,8.239746E-3,3.441162E-2,-3.2957744E-2,-8.172798E-3,-1.5604973E-2,2.8483072E-2,-2.1528245E-3,-6.4544677E-4,9.01413E-4,3.371048E-3],"categories":[],"categories_nodes":[],"categories_segments":[],"categories_sizes":[],"default_left":[0,0,0,0,0,0,0,0,0,0,0,0,0,0,0],"id":87,"left_children":[1,3,5,7,9,-1,-1,-1,-1,11,13,-1,-1,-1,-1],"loss_changes":[3.2218257E-1,1.4573494E-1,7.858738E-3,5.038634E-3,3.3195254E-3,0E0,0E0,0E0,0E0,7.78503E-5,1.4456455E-6,0E0,0E0,0E0,0E0],"parents":[2147483647,0,0,1,1,2,2,3,3,4,4,9,9,10,10],"right_children":[2,4,6,8,10,-1,-1,-1,-1,12,14,-1,-1,-1,-1],"split_conditions":[9.087464E-1,3.0299142E-1,1E0,2.0195583E-1,7.048367E-1,8.239746E-3,3.441162E-2,-3.2957744E-2,-8.172798E-3,5.039447E-1,8.064434E-1,-2.1528245E-3,-6.4544677E-4,9.01413E-4,3.371048E-3],"split_indices":[0,0,0,0,0,0,0,0,0,0,0,0,0,0,0],"split_type":[0,0,0,0,0,0,0,0,0,0,0,0,0,0,0],"sum_hessian":[9E0,7E0,2E0,2E0,5E0,1E0,1E0,1E0,1E0,3E0,2E0,1E0,2E0,1E0,1E0],"tree_param":{"num_deleted":"0","num_feature":"2","num_nodes":"15","size_leaf_vector":"1"}},{"base_weights":[5.1101684E-3,-9.490967E-2,2.7012634E-1,-2.6049423E-1,3.7008922E-3,7.827759E-3,3.2691192E-2,-3.130989E-2,-7.764244E-3,-1.4742851E-2,2.705892E-2,-2.04525E-3,-6.0221355E-4,8.5639954E-4,3.2024384E-3],"categories":[],"categories_nodes":[],"categories_segments":[],"categories_sizes":[],"default_left":[0,0,0,0,0,0,0,0,0,0,0,0,0,0,0],"id":88,"left_children":[1,3,5,7,9,-1,-1,-1,-1,11,13,-1,-1,-1,-1],"loss_changes":[2.9070634E-1,1.3159116E-1,7.0928633E-3,4.546806E-3,2.9837822E-3,0E0,0E0,0E0,0E0,7.60011E-5,1.250999E-6,0E0,0E0,0E0,0E0],"parents":[2147483647,0,0,1,1,2,2,3,3,4,4,9,9,10,10],"right_children":[2,4,6,8,10,-1,-1,-1,-1,12,14,-1,-1,-1,-1],"split_conditions":[9.087464E-1,3.0299142E-1,1E0,2.0195583E-1,7.048367E-1,7.827759E-3,3.2691192E-2,-3.130989E-2,-7.764244E-3,5.039447E-1,8.064434E-1,-2.04525E-3,-6.0221355E-4,8.5639954E-4,3.2024384E-3],"split_indices":[0,0,0,0,0,0,0,0,0,0,0,0,0,0,0],"split_type":[0,0,0,0,0,0,0,0,0,0,0,0,0,0,0],"sum_hessian":[9E0,7E0,2E0,2E0,5E0,1E0,1E0,1E0,1E0,3E0,2E0,1E0,2E0,1E0,1E0],"tree_param":{"num_deleted":"0","num_feature":"2","num_nodes":"15","size_leaf_vector":"1"}},{"base_weights":[4.885292E-3,-9.012675E-2,2.566223E-1,-2.4747021E-1,3.566106E-3,7.436371E-3,3.1056976E-2,-2.9744435E-2,-7.3760985E-3,-1.3930321E-2,2.5705973E-2,-1.9430161E-3,-5.620321E-4,8.1367494E-4,3.042221E-3],"categories":[],"categories_nodes":[],"categories_segments":[],"categories_sizes":[],"default_left":[0,0,0,0,0,0,0,0,0,0,0,0,0,0,0],"id":89,"left_children":[1,3,5,7,9,-1,-1,-1,-1,11,13,-1,-1,-1,-1],"loss_changes":[2.62309E-1,1.1881818E-1,6.4020455E-3,4.103124E-3,2.6823035E-3,0E0,0E0,0E0,0E0,7.361092E-5,1.0440126E-6,0E0,0E0,0E0,0E0],"parents":[2147483647,0,0,1,1,2,2,3,3,4,4,9,9,10,10],"right_children":[2,4,6,8,10,-1,-1,-1,-1,12,14,-1,-1,-1,-1],"split_conditions":[9.087464E-1,3.0299142E-1,1E0,2.0195583E-1,7.048367E-1,7.436371E-3,3.1056976E-2,-2.9744435E-2,-7.3760985E-3,5.039447E-1,8.064434E-1,-1.9430161E-3,-5.620321E-4,8.1367494E-4,3.042221E-3],"split_indices":[0,0,0,0,0,0,0,0,0,0,0,0,0,0,0],"split_type":[0,0,0,0,0,0,0,0,0,0,0,0,0,0,0],"sum_hessian":[9E0,7E0,2E0,2E0,5E0,1E0,1E0,1E0,1E0,3E0,2E0,1E0,2E0,1E0,1E0],"tree_param":{"num_deleted":"0","num_feature":"2","num_nodes":"15","size_leaf_vector":"1"}},{"base_weights":[4.670334E-3,-8.558512E-2,2.4379475E-1,-2.3509598E-1,3.434499E-3,7.0648193E-3,2.9504394E-2,-2.825718E-2,-7.0072175E-3,-1.3162613E-2,2.441915E-2,-1.845932E-3,-5.243937E-4,7.728577E-4,2.8900148E-3],"categories":[],"categories_nodes":[],"categories_segments":[],"categories_sizes":[],"default_left":[0,0,0,0,0,0,0,0,0,0,0,0,0,0,0],"id":90,"left_children":[1,3,5,7,9,-1,-1,-1,-1,11,13,-1,-1,-1,-1],"loss_changes":[2.3668803E-1,1.0728264E-1,5.7765394E-3,3.70349E-3,2.4111273E-3,0E0,0E0,0E0,0E0,7.097208E-5,1.0143267E-6,0E0,0E0,0E0,0E0],"parents":[2147483647,0,0,1,1,2,2,3,3,4,4,9,9,10,10],"right_children":[2,4,6,8,10,-1,-1,-1,-1,12,14,-1,-1,-1,-1],"split_conditions":[9.087464E-1,3.0299142E-1,1E0,2.0195583E-1,7.048367E-1,7.0648193E-3,2.9504394E-2,-2.825718E-2,-7.0072175E-3,5.039447E-1,8.064434E-1,-1.845932E-3,-5.243937E-4,7.728577E-4,2.8900148E-3],"split_indices":[0,0,0,0,0,0,0,0,0,0,0,0,0,0,0],"split_type":[0,0,0,0,0,0,0,0,0,0,0,0,0,0,0],"sum_hessian":[9E0,7E0,2E0,2E0,5E0,1E0,1E0,1E0,1E0,3E0,2E0,1E0,2E0,1E0,1E0],"tree_param":{"num_deleted":"0","num_feature":"2","num_nodes":"15","size_leaf_vector":"1"}},{"base_weights":[4.463005E-3,-8.127236E-2,2.3160298E-1,-2.2334099E-1,3.3073425E-3,6.7115785E-3,2.802887E-2,-2.6844312E-2,-6.6568376E-3,-1.243782E-2,2.3198447E-3,-1.7536164E-3,-4.892985E-4],"categories":[],"categories_nodes":[],"categories_segments":[],"categories_sizes":[],"default_left":[0,0,0,0,0,0,0,0,0,0,0,0,0],"id":91,"left_children":[1,3,5,7,9,-1,-1,-1,-1,11,-1,-1,-1],"loss_changes":[2.1356222E-1,9.6867636E-2,5.212739E-3,3.3425242E-3,2.16767E-3,0E0,0E0,0E0,0E0,6.806041E-5,0E0,0E0,0E0],"parents":[2147483647,0,0,1,1,2,2,3,3,4,4,9,9],"right_children":[2,4,6,8,10,-1,-1,-1,-1,12,-1,-1,-1],"split_conditions":[9.087464E-1,3.0299142E-1,1E0,2.0195583E-1,7.048367E-1,6.7115785E-3,2.802887E-2,-2.6844312E-2,-6.6568376E-3,5.039447E-1,2.3198447E-3,-1.7536164E-3,-4.892985E-4],"split_indices":[0,0,0,0,0,0,0,0,0,0,0,0,0],"split_type":[0,0,0,0,0,0,0,0,0,0,0,0,0],"sum_hessian":[9E0,7E0,2E0,2E0,5E0,1E0,1E0,1E0,1E0,3E0,2E0,1E0,2E0],"tree_param":{"num_deleted":"0","num_feature":"2","num_nodes":"13","size_leaf_vector":"1"}},{"base_weights":[4.147911E-3,-7.73232E-2,2.2002156E-1,-2.121741E-1,2.9894512E-3,6.375885E-3,2.662735E-2,-2.550211E-2,-6.3240053E-3,-1.175499E-2,2.1652222E-2,-1.6658783E-3,-4.5674643E-4,6.1836245E-4,2.6294708E-3],"categories":[],"categories_nodes":[],"categories_segments":[],"categories_sizes":[],"default_left":[0,0,0,0,0,0,0,0,0,0,0,0,0,0,0],"id":92,"left_children":[1,3,5,7,9,-1,-1,-1,-1,11,13,-1,-1,-1,-1],"loss_changes":[1.9288743E-1,8.7276146E-2,4.7050714E-3,3.016591E-3,1.9055542E-3,0E0,0E0,0E0,0E0,6.489613E-5,5.284173E-5,0E0,0E0,0E0,0E0],"parents":[2147483647,0,0,1,1,2,2,3,3,4,4,9,9,10,10],"right_children":[2,4,6,8,10,-1,-1,-1,-1,12,14,-1,-1,-1,-1],"split_conditions":[9.087464E-1,3.0299142E-1,1E0,2.0195583E-1,7.048367E-1,6.375885E-3,2.662735E-2,-2.550211E-2,-6.3240053E-3,5.039447E-1,8.064434E-1,-1.6658783E-3,-4.5674643E-4,6.1836245E-4,2.6294708E-3],"split_indices":[0,0,0,0,0,0,0,0,0,0,0,0,0,0,0],"split_type":[0,0,0,0,0,0,0,0,0,0,0,0,0,0,0],"sum_hessian":[9E0,7E0,2E0,2E0,5E0,1E0,1E0,1E0,1E0,3E0,2E0,1E0,2E0,1E0,1E0],"tree_param":{"num_deleted":"0","num_feature":"2","num_nodes":"15","size_leaf_vector":"1"}},{"base_weights":[3.9632795E-3,-7.342839E-2,2.0901997E-1,-2.0156543E-1,2.878189E-3,6.0569765E-3,2.5296021E-2,-2.4227047E-2,-6.007767E-3,-1.1109352E-2,2.0568848E-2,-1.5825272E-3,-4.2622886E-4,5.874634E-4,2.4978637E-3],"categories":[],"categories_nodes":[],"categories_segments":[],"categories_sizes":[],"default_left":[0,0,0,0,0,0,0,0,0,0,0,0,0,0,0],"id":93,"left_children":[1,3,5,7,9,-1,-1,-1,-1,11,13,-1,-1,-1,-1],"loss_changes":[1.740448E-1,7.8801736E-2,4.2470694E-3,2.7227476E-3,1.7131994E-3,0E0,0E0,0E0,0E0,6.170891E-5,4.7654845E-5,0E0,0E0,0E0,0E0],"parents":[2147483647,0,0,1,1,2,2,3,3,4,4,9,9,10,10],"right_children":[2,4,6,8,10,-1,-1,-1,-1,12,14,-1,-1,-1,-1],"split_conditions":[9.087464E-1,3.0299142E-1,1E0,2.0195583E-1,7.048367E-1,6.0569765E-3,2.5296021E-2,-2.4227047E-2,-6.007767E-3,5.039447E-1,8.064434E-1,-1.5825272E-3,-4.2622886E-4,5.874634E-4,2.4978637E-3],"split_indices":[0,0,0,0,0,0,0,0,0,0,0,0,0,0,0],"split_type":[0,0,0,0,0,0,0,0,0,0,0,0,0,0,0],"sum_hessian":[9E0,7E0,2E0,2E0,5E0,1E0,1E0,1E0,1E0,3E0,2E0,1E0,2E0,1E0,1E0],"tree_param":{"num_deleted":"0","num_feature":"2","num_nodes":"15","size_leaf_vector":"1"}},{"base_weights":[3.7866593E-3,-6.972957E-2,1.985677E-1,-1.91487E-1,2.7707417E-3,5.7540894E-3,2.4031067E-2,-2.3015691E-2,-5.7073594E-3,-1.0499954E-2,1.9541422E-2,-1.5033722E-3,-3.9774575E-4,5.580902E-4,2.3731233E-3],"categories":[],"categories_nodes":[],"categories_segments":[],"categories_sizes":[],"default_left":[0,0,0,0,0,0,0,0,0,0,0,0,0,0,0],"id":94,"left_children":[1,3,5,7,9,-1,-1,-1,-1,11,13,-1,-1,-1,-1],"loss_changes":[1.5704171E-1,7.115016E-2,3.8329437E-3,2.4573803E-3,1.5405357E-3,0E0,0E0,0E0,0E0,5.8489968E-5,4.303397E-5,0E0,0E0,0E0,0E0],"parents":[2147483647,0,0,1,1,2,2,3,3,4,4,9,9,10,10],"right_children":[2,4,6,8,10,-1,-1,-1,-1,12,14,-1,-1,-1,-1],"split_conditions":[9.087464E-1,3.0299142E-1,1E0,2.0195583E-1,7.048367E-1,5.7540894E-3,2.4031067E-2,-2.3015691E-2,-5.7073594E-3,5.039447E-1,8.064434E-1,-1.5033722E-3,-3.9774575E-4,5.580902E-4,2.3731233E-3],"split_indices":[0,0,0,0,0,0,0,0,0,0,0,0,0,0,0],"split_type":[0,0,0,0,0,0,0,0,0,0,0,0,0,0,0],"sum_hessian":[9E0,7E0,2E0,2E0,5E0,1E0,1E0,1E0,1E0,3E0,2E0,1E0,2E0,1E0,1E0],"tree_param":{"num_deleted":"0","num_feature":"2","num_nodes":"15","size_leaf_vector":"1"}},{"base_weights":[3.617096E-3,-6.6218376E-2,1.8863933E-1,-1.8191274E-1,2.665202E-3,5.466461E-3,2.2829438E-2,-2.1864891E-2,-5.42202E-3,-9.925842E-3,1.856486E-2,-1.4282226E-3,-3.712972E-4,5.302429E-4,2.254486E-3],"categories":[],"categories_nodes":[],"categories_segments":[],"categories_sizes":[],"default_left":[0,0,0,0,0,0,0,0,0,0,0,0,0,0,0],"id":95,"left_children":[1,3,5,7,9,-1,-1,-1,-1,11,13,-1,-1,-1,-1],"loss_changes":[1.4170253E-1,6.424036E-2,3.4586936E-3,2.217628E-3,1.3854317E-3,0E0,0E0,0E0,0E0,5.5233104E-5,3.881089E-5,0E0,0E0,0E0,0E0],"parents":[2147483647,0,0,1,1,2,2,3,3,4,4,9,9,10,10],"right_children":[2,4,6,8,10,-1,-1,-1,-1,12,14,-1,-1,-1,-1],"split_conditions":[9.087464E-1,3.0299142E-1,1E0,2.0195583E-1,7.048367E-1,5.466461E-3,2.2829438E-2,-2.1864891E-2,-5.42202E-3,5.039447E-1,8.064434E-1,-1.4282226E-3,-3.712972E-4,5.302429E-4,2.254486E-3],"split_indices":[0,0,0,0,0,0,0,0,0,0,0,0,0,0,0],"split_type":[0,0,0,0,0,0,0,0,0,0,0,0,0,0,0],"sum_hessian":[9E0,7E0,2E0,2E0,5E0,1E0,1E0,1E0,1E0,3E0,2E0,1E0,2E0,1E0,1E0],"tree_param":{"num_deleted":"0","num_feature":"2","num_nodes":"15","size_leaf_vector":"1"}},{"base_weights":[3.4549714E-3,-6.288481E-2,1.792094E-1,-1.7281723E-1,2.562205E-3,5.193329E-3,2.168808E-2,-2.0771598E-2,-5.150986E-3,-9.382248E-3,1.7634073E-2,-1.3568879E-3,-3.4637452E-4,5.0354004E-4,2.1415711E-3],"categories":[],"categories_nodes":[],"categories_segments":[],"categories_sizes":[],"default_left":[0,0,0,0,0,0,0,0,0,0,0,0,0,0,0],"id":96,"left_children":[1,3,5,7,9,-1,-1,-1,-1,11,13,-1,-1,-1,-1],"loss_changes":[1.2786464E-1,5.800078E-2,3.1206757E-3,2.0010099E-3,1.2455985E-3,0E0,0E0,0E0,0E0,5.211521E-5,3.5094155E-5,0E0,0E0,0E0,0E0],"parents":[2147483647,0,0,1,1,2,2,3,3,4,4,9,9,10,10],"right_children":[2,4,6,8,10,-1,-1,-1,-1,12,14,-1,-1,-1,-1],"split_conditions":[9.087464E-1,3.0299142E-1,1E0,2.0195583E-1,7.048367E-1,5.193329E-3,2.168808E-2,-2.0771598E-2,-5.150986E-3,5.039447E-1,8.064434E-1,-1.3568879E-3,-3.4637452E-4,5.0354004E-4,2.1415711E-3],"split_indices":[0,0,0,0,0,0,0,0,0,0,0,0,0,0,0],"split_type":[0,0,0,0,0,0,0,0,0,0,0,0,0,0,0],"sum_hessian":[9E0,7E0,2E0,2E0,5E0,1E0,1E0,1E0,1E0,3E0,2E0,1E0,2E0,1E0,1E0],"tree_param":{"num_deleted":"0","num_feature":"2","num_nodes":"15","size_leaf_vector":"1"}},{"base_weights":[3.2997131E-3,-5.972004E-2,1.7025249E-1,-1.6417694E-1,2.4617512E-3,4.9339295E-3,2.0603944E-2,-1.9733047E-2,-4.893494E-3,-8.8710785E-3,1.6751608E-2,-1.2889862E-3,-3.2348634E-4,4.7836304E-4,2.034378E-3],"categories":[],"categories_nodes":[],"categories_segments":[],"categories_sizes":[],"default_left":[0,0,0,0,0,0,0,0,0,0,0,0,0,0,0],"id":97,"left_children":[1,3,5,7,9,-1,-1,-1,-1,11,13,-1,-1,-1,-1],"loss_changes":[1.15380704E-1,5.2366696E-2,2.8155E-3,1.8056855E-3,1.1202719E-3,0E0,0E0,0E0,0E0,4.890599E-5,3.1656004E-5,0E0,0E0,0E0,0E0],"parents":[2147483647,0,0,1,1,2,2,3,3,4,4,9,9,10,10],"right_children":[2,4,6,8,10,-1,-1,-1,-1,12,14,-1,-1,-1,-1],"split_conditions":[9.087464E-1,3.0299142E-1,1E0,2.0195583E-1,7.048367E-1,4.9339295E-3,2.0603944E-2,-1.9733047E-2,-4.893494E-3,5.039447E-1,8.064434E-1,-1.2889862E-3,-3.2348634E-4,4.7836304E-4,2.034378E-3],"split_indices":[0,0,0,0,0,0,0,0,0,0,0,0,0,0,0],"split_type":[0,0,0,0,0,0,0,0,0,0,0,0,0,0,0],"sum_hessian":[9E0,7E0,2E0,2E0,5E0,1E0,1E0,1E0,1E0,3E0,2E0,1E0,2E0,1E0,1E0],"tree_param":{"num_deleted":"0","num_feature":"2","num_nodes":"15","size_leaf_vector":"1"}},{"base_weights":[3.15094E-3,-5.671501E-2,1.6174316E-1,-1.5596771E-1,2.3638408E-3,4.6875E-3,1.9573975E-2,-1.8746376E-2,-4.648781E-3,-8.388519E-3,1.5912374E-2,-1.2245178E-3,-3.0212404E-4,4.5433044E-4,1.9325257E-3],"categories":[],"categories_nodes":[],"categories_segments":[],"categories_sizes":[],"default_left":[0,0,0,0,0,0,0,0,0,0,0,0,0,0,0],"id":98,"left_children":[1,3,5,7,9,-1,-1,-1,-1,11,13,-1,-1,-1,-1],"loss_changes":[1.0411601E-1,4.727857E-2,2.5400743E-3,1.6297698E-3,1.0075534E-3,0E0,0E0,0E0,0E0,4.5803434E-5,2.8603361E-5,0E0,0E0,0E0,0E0],"parents":[2147483647,0,0,1,1,2,2,3,3,4,4,9,9,10,10],"right_children":[2,4,6,8,10,-1,-1,-1,-1,12,14,-1,-1,-1,-1],"split_conditions":[9.087464E-1,3.0299142E-1,1E0,2.0195583E-1,7.048367E-1,4.6875E-3,1.9573975E-2,-1.8746376E-2,-4.648781E-3,5.039447E-1,8.064434E-1,-1.2245178E-3,-3.0212404E-4,4.5433044E-4,1.9325257E-3],"split_indices":[0,0,0,0,0,0,0,0,0,0,0,0,0,0,0],"split_type":[0,0,0,0,0,0,0,0,0,0,0,0,0,0,0],"sum_hessian":[9E0,7E0,2E0,2E0,5E0,1E0,1E0,1E0,1E0,3E0,2E0,1E0,2E0,1E0,1E0],"tree_param":{"num_deleted":"0","num_feature":"2","num_nodes":"15","size_leaf_vector":"1"}},{"base_weights":[3.0090332E-3,-5.385971E-2,1.53656E-1,-1.481692E-1,2.2716522E-3,4.4532777E-3,1.8595124E-2,-1.7809106E-2,-4.4162753E-3,-7.929802E-3,1.5116374E-2,-1.163292E-3,-2.8177898E-4,4.3144225E-4,1.8360139E-3],"categories":[],"categories_nodes":[],"categories_segments":[],"categories_sizes":[],"default_left":[0,0,0,0,0,0,0,0,0,0,0,0,0,0,0],"id":99,"left_children":[1,3,5,7,9,-1,-1,-1,-1,11,13,-1,-1,-1,-1],"loss_changes":[9.394691E-2,4.268635E-2,2.2915602E-3,1.4712065E-3,9.0607884E-4,0E0,0E0,0E0,0E0,4.294241E-5,2.5903515E-5,0E0,0E0,0E0,0E0],"parents":[2147483647,0,0,1,1,2,2,3,3,4,4,9,9,10,10],"right_children":[2,4,6,8,10,-1,-1,-1,-1,12,14,-1,-1,-1,-1],"split_conditions":[9.087464E-1,3.0299142E-1,1E0,2.0195583E-1,7.048367E-1,4.4532777E-3,1.8595124E-2,-1.7809106E-2,-4.4162753E-3,5.039447E-1,8.064434E-1,-1.163292E-3,-2.8177898E-4,4.3144225E-4,1.8360139E-3],"split_indices":[0,0,0,0,0,0,0,0,0,0,0,0,0,0,0],"split_type":[0,0,0,0,0,0,0,0,0,0,0,0,0,0,0],"sum_hessian":[9E0,7E0,2E0,2E0,5E0,1E0,1E0,1E0,1E0,3E0,2E0,1E0,2E0,1E0,1E0],"tree_param":{"num_deleted":"0","num_feature":"2","num_nodes":"15","size_leaf_vector":"1"}}]},"name":"gbtree"},"learner_model_param":{"base_score":"9.064444E1","boost_from_average":"1","num_class":"0","num_feature":"2","num_target":"1"},"objective":{"name":"reg:squarederror","reg_loss_param":{"scale_pos_weight":"1"}}},"version":[2,0,1]}