{"learner":{"attributes":{"scikit_learn":"{\"_estimator_type\": \"regressor\"}"},"feature_names":[],"feature_types":[],"gradient_booster":{"model":{"gbtree_model_param":{"num_parallel_tree":"1","num_trees":"100"},"iteration_indptr":[0,1,2,3,4,5,6,7,8,9,10,11,12,13,14,15,16,17,18,19,20,21,22,23,24,25,26,27,28,29,30,31,32,33,34,35,36,37,38,39,40,41,42,43,44,45,46,47,48,49,50,51,52,53,54,55,56,57,58,59,60,61,62,63,64,65,66,67,68,69,70,71,72,73,74,75,76,77,78,79,80,81,82,83,84,85,86,87,88,89,90,91,92,93,94,95,96,97,98,99,100],"tree_info":[0,0,0,0,0,0,0,0,0,0,0,0,0,0,0,0,0,0,0,0,0,0,0,0,0,0,0,0,0,0,0,0,0,0,0,0,0,0,0,0,0,0,0,0,0,0,0,0,0,0,0,0,0,0,0,0,0,0,0,0,0,0,0,0,0,0,0,0,0,0,0,0,0,0,0,0,0,0,0,0,0,0,0,0,0,0,0,0,0,0,0,0,0,0,0,0,0,0,0,0],"trees":[{"base_weights":[1.9073486E-6,-1.918148E1,2.301778E0,-2.4533334E0,-5.65185E-1],"categories":[],"categories_nodes":[],"categories_segments":[],"categories_sizes":[],"default_left":[0,0,0,0,0],"id":0,"left_children":[1,3,-1,-1,-1],"loss_changes":[4.856666E3,2.9579297E2,0E0,0E0,0E0],"parents":[2147483647,0,0,1,1],"right_children":[2,4,-1,-1,-1],"split_conditions":[7.03938E-1,4.03275E-1,2.301778E0,-2.4533334E0,-5.65185E-1],"split_indices":[0,0,0,0,0],"split_type":[0,0,0,0,0],"sum_hessian":[9E0,5E0,4E0,3E0,2E0],"tree_param":{"num_deleted":"0","num_feature":"2","num_nodes":"5","size_leaf_vector":"1"}},{"base_weights":[-7.1671486E-2,-1.7766418E1,2.1176357E1,-2.2693331E0,-5.2750605E-1,6.360224E-1,2.3290336E0],"categories":[],"categories_nodes":[],"categories_segments":[],"categories_sizes":[],"default_left":[0,0,0,0,0,0,0],"id":1,"left_children":[1,3,5,-1,-1,-1,-1],"loss_changes":[4.136013E3,2.4955444E2,8.473145E0,0E0,0E0,0E0,0E0],"parents":[2147483647,0,0,1,1,2,2],"right_children":[2,4,6,-1,-1,-1,-1],"split_conditions":[7.03938E-1,4.03275E-1,8.046237E-1,-2.2693331E0,-5.2750605E-1,6.360224E-1,2.3290336E0],"split_indices":[0,0,0,0,0,0,0],"split_type":[0,0,0,0,0,0,0],"sum_hessian":[9E0,5E0,4E0,3E0,2E0,1E0,3E0],"tree_param":{"num_deleted":"0","num_feature":"2","num_nodes":"7","size_leaf_vector":"1"}},{"base_weights":[-4.7682E-2,-1.6455915E1,1.9651734E0,-1.9170083E0,-1.4425412E-1],"categories":[],"categories_nodes":[],"categories_segments":[],"categories_sizes":[],"default_left":[0,0,0,0,0],"id":2,"left_children":[1,3,-1,-1,-1],"loss_changes":[3.5557136E3,2.1683923E2,0E0,0E0,0E0],"parents":[2147483647,0,0,1,1],"right_children":[2,4,-1,-1,-1],"split_conditions":[7.03938E-1,5.041742E-1,1.9651734E0,-1.9170083E0,-1.4425412E-1],"split_indices":[0,0,0,0,0],"split_type":[0,0,0,0,0],"sum_hessian":[9E0,5E0,4E0,4E0,1E0],"tree_param":{"num_deleted":"0","num_feature":"2","num_nodes":"5","size_leaf_vector":"1"}},{"base_weights":[-5.252247E-2,-1.5153868E1,1.8079597E1,-1.9553576E0,-4.2363015E-1,5.059628E-1,2.0069683E0],"categories":[],"categories_nodes":[],"categories_segments":[],"categories_sizes":[],"default_left":[0,0,0,0,0,0,0],"id":3,"left_children":[1,3,5,-1,-1,-1,-1],"loss_changes":[3.01217E3,2.0536975E2,2.8009155E1,0E0,0E0,0E0,0E0],"parents":[2147483647,0,0,1,1,2,2],"right_children":[2,4,6,-1,-1,-1,-1],"split_conditions":[7.03938E-1,4.03275E-1,8.046237E-1,-1.9553576E0,-4.2363015E-1,5.059628E-1,2.0069683E0],"split_indices":[0,0,0,0,0,0,0],"split_type":[0,0,0,0,0,0,0],"sum_hessian":[9E0,5E0,4E0,3E0,2E0,1E0,3E0],"tree_param":{"num_deleted":"0","num_feature":"2","num_nodes":"7","size_leaf_vector":"1"}},{"base_weights":[-3.387661E-2,-1.403498E1,1.6774223E1,-1.8087059E0,-3.9538815E0,4.8066464E-1,1.8564456E0,-4.7722226E-1,-1.15859985E-1],"categories":[],"categories_nodes":[],"categories_segments":[],"categories_sizes":[],"default_left":[0,0,0,0,0,0,0,0,0],"id":4,"left_children":[1,3,5,-1,7,-1,-1,-1,-1],"loss_changes":[2.5887454E3,1.735824E2,1.7890747E1,0E0,1.3333817E0,0E0,0E0,0E0,0E0],"parents":[2147483647,0,0,1,1,2,2,4,4],"right_children":[2,4,6,-1,8,-1,-1,-1,-1],"split_conditions":[7.03938E-1,4.03275E-1,8.046237E-1,-1.8087059E0,5.041742E-1,4.8066464E-1,1.8564456E0,-4.7722226E-1,-1.15859985E-1],"split_indices":[0,0,0,0,0,0,0,0,0],"split_type":[0,0,0,0,0,0,0,0,0],"sum_hessian":[9E0,5E0,4E0,3E0,2E0,1E0,3E0,1E0,1E0],"tree_param":{"num_deleted":"0","num_feature":"2","num_nodes":"9","size_leaf_vector":"1"}},{"base_weights":[-3.6956977E-2,-1.303178E1,1.5564222E1,-1.673053E0,-3.7561874E0,4.5663148E-1,1.7172121E0,-4.5336112E-1,-1.1006699E-1],"categories":[],"categories_nodes":[],"categories_segments":[],"categories_sizes":[],"default_left":[0,0,0,0,0,0,0,0,0],"id":5,"left_children":[1,3,5,-1,7,-1,-1,-1,-1],"loss_changes":[2.2301753E3,1.430055E2,1.0004395E1,0E0,1.2033768E0,0E0,0E0,0E0,0E0],"parents":[2147483647,0,0,1,1,2,2,4,4],"right_children":[2,4,6,-1,8,-1,-1,-1,-1],"split_conditions":[7.03938E-1,4.03275E-1,8.046237E-1,-1.673053E0,5.041742E-1,4.5663148E-1,1.7172121E0,-4.5336112E-1,-1.1006699E-1],"split_indices":[0,0,0,0,0,0,0,0,0],"split_type":[0,0,0,0,0,0,0,0,0],"sum_hessian":[9E0,5E0,4E0,3E0,2E0,1E0,3E0,1E0,1E0],"tree_param":{"num_deleted":"0","num_feature":"2","num_nodes":"9","size_leaf_vector":"1"}},{"base_weights":[-3.952389E-2,-1.2101349E1,1.4442572E1,-1.4103364E1,-1.0456371E-1,4.3379995E-1,1.5884215E0,-1.547574E0,-4.3069306E-1],"categories":[],"categories_nodes":[],"categories_segments":[],"categories_sizes":[],"default_left":[0,0,0,0,0,0,0,0,0],"id":6,"left_children":[1,3,5,7,-1,-1,-1,-1,-1],"loss_changes":[1.9215796E3,1.18055176E2,3.9302979E0,5.689697E-1,0E0,0E0,0E0,0E0,0E0],"parents":[2147483647,0,0,1,1,2,2,3,3],"right_children":[2,4,6,8,-1,-1,-1,-1,-1],"split_conditions":[7.03938E-1,5.041742E-1,8.046237E-1,4.03275E-1,-1.0456371E-1,4.3379995E-1,1.5884215E0,-1.547574E0,-4.3069306E-1],"split_indices":[0,0,0,0,0,0,0,0,0],"split_type":[0,0,0,0,0,0,0,0,0],"sum_hessian":[9E0,5E0,4E0,4E0,1E0,1E0,3E0,3E0,1E0],"tree_param":{"num_deleted":"0","num_feature":"2","num_nodes":"9","size_leaf_vector":"1"}},{"base_weights":[-4.1633416E-2,-1.1238353E1,1.3402757E1,-1.5968943E0,-4.880822E0,6.1664647E-1,1.6171464E0,-5.8455265E-1,-9.9335484E-2],"categories":[],"categories_nodes":[],"categories_segments":[],"categories_sizes":[],"default_left":[0,0,0,0,0,0,0,0,0],"id":7,"left_children":[1,3,5,-1,7,-1,-1,-1,-1],"loss_changes":[1.6559556E3,1.0250769E2,4.5507812E-1,0E0,9.194344E0,0E0,0E0,0E0,0E0],"parents":[2147483647,0,0,1,1,2,2,4,4],"right_children":[2,4,6,-1,8,-1,-1,-1,-1],"split_conditions":[7.03938E-1,2.9977727E-1,8.961544E-1,-1.5968943E0,5.041742E-1,6.1664647E-1,1.6171464E0,-5.8455265E-1,-9.9335484E-2],"split_indices":[0,0,0,0,0,0,0,0,0],"split_type":[0,0,0,0,0,0,0,0,0],"sum_hessian":[9E0,5E0,4E0,2E0,3E0,2E0,2E0,2E0,1E0],"tree_param":{"num_deleted":"0","num_feature":"2","num_nodes":"9","size_leaf_vector":"1"}},{"base_weights":[-4.216976E-2,-1.0494648E1,1.2509238E1,-1.4904348E0,-4.563712E0,3.8127765E-1,1.373016E0,-5.455825E-1,-9.436875E-2],"categories":[],"categories_nodes":[],"categories_segments":[],"categories_sizes":[],"default_left":[0,0,0,0,0,0,0,0,0],"id":8,"left_children":[1,3,5,-1,7,-1,-1,-1,-1],"loss_changes":[1.4432133E3,8.890271E1,7.3846436E-1,0E0,7.7692795E0,0E0,0E0,0E0,0E0],"parents":[2147483647,0,0,1,1,2,2,4,4],"right_children":[2,4,6,-1,8,-1,-1,-1,-1],"split_conditions":[7.03938E-1,2.9977727E-1,8.046237E-1,-1.4904348E0,5.041742E-1,3.8127765E-1,1.373016E0,-5.455825E-1,-9.436875E-2],"split_indices":[0,0,0,0,0,0,0,0,0],"split_type":[0,0,0,0,0,0,0,0,0],"sum_hessian":[9E0,5E0,4E0,2E0,3E0,1E0,3E0,2E0,1E0],"tree_param":{"num_deleted":"0","num_feature":"2","num_nodes":"9","size_leaf_vector":"1"}},{"base_weights":[-7.55621E-2,-9.800247E0,1.1609173E1,-1.3910723E0,-4.267329E0,5.170602E-1,1.417802E0,-5.0921035E-1,-8.965035E-2],"categories":[],"categories_nodes":[],"categories_segments":[],"categories_sizes":[],"default_left":[0,0,0,0,0,0,0,0,0],"id":9,"left_children":[1,3,5,-1,7,-1,-1,-1,-1],"loss_changes":[1.2500764E3,7.709589E1,9.389648E0,0E0,6.5555954E0,0E0,0E0,0E0,0E0],"parents":[2147483647,0,0,1,1,2,2,4,4],"right_children":[2,4,6,-1,8,-1,-1,-1,-1],"split_conditions":[7.03938E-1,2.9977727E-1,8.961544E-1,-1.3910723E0,5.041742E-1,5.170602E-1,1.417802E0,-5.0921035E-1,-8.965035E-2],"split_indices":[0,0,0,0,0,0,0,0,0],"split_type":[0,0,0,0,0,0,0,0,0],"sum_hessian":[9E0,5E0,4E0,2E0,3E0,2E0,2E0,2E0,1E0],"tree_param":{"num_deleted":"0","num_feature":"2","num_nodes":"9","size_leaf_vector":"1"}},{"base_weights":[-7.3513605E-2,-9.151879E0,1.0835228E1,-1.2983342E0,-3.9903126E0,4.8258948E-1,1.3232819E0,-4.752631E-1,-8.5167885E-2],"categories":[],"categories_nodes":[],"categories_segments":[],"categories_sizes":[],"default_left":[0,0,0,0,0,0,0,0,0],"id":10,"left_children":[1,3,5,-1,7,-1,-1,-1,-1],"loss_changes":[1.0894982E3,6.6850525E1,8.179382E0,0E0,5.5228424E0,0E0,0E0,0E0,0E0],"parents":[2147483647,0,0,1,1,2,2,4,4],"right_children":[2,4,6,-1,8,-1,-1,-1,-1],"split_conditions":[7.03938E-1,2.9977727E-1,8.961544E-1,-1.2983342E0,5.041742E-1,4.8258948E-1,1.3232819E0,-4.752631E-1,-8.5167885E-2],"split_indices":[0,0,0,0,0,0,0,0,0],"split_type":[0,0,0,0,0,0,0,0,0],"sum_hessian":[9E0,5E0,4E0,2E0,3E0,2E0,2E0,2E0,1E0],"tree_param":{"num_deleted":"0","num_feature":"2","num_nodes":"9","size_leaf_vector":"1"}},{"base_weights":[-7.145138E-2,-8.546486E0,1.011288E1,-1.2117785E0,-3.73139E0,4.504168E-1,1.2350632E0,-4.4357896E-1,-8.090954E-2],"categories":[],"categories_nodes":[],"categories_segments":[],"categories_sizes":[],"default_left":[0,0,0,0,0,0,0,0,0],"id":11,"left_children":[1,3,5,-1,7,-1,-1,-1,-1],"loss_changes":[9.495552E2,5.7960693E1,7.1251526E0,0E0,4.6448746E0,0E0,0E0,0E0,0E0],"parents":[2147483647,0,0,1,1,2,2,4,4],"right_children":[2,4,6,-1,8,-1,-1,-1,-1],"split_conditions":[7.03938E-1,2.9977727E-1,8.961544E-1,-1.2117785E0,5.041742E-1,4.504168E-1,1.2350632E0,-4.4357896E-1,-8.090954E-2],"split_indices":[0,0,0,0,0,0,0,0,0],"split_type":[0,0,0,0,0,0,0,0,0],"sum_hessian":[9E0,5E0,4E0,2E0,3E0,2E0,2E0,2E0,1E0],"tree_param":{"num_deleted":"0","num_feature":"2","num_nodes":"9","size_leaf_vector":"1"}},{"base_weights":[-6.9384575E-2,-7.981215E0,9.438688E0,-1.1309934E0,-3.4893723E0,4.2038903E-1,1.1527257E0,-4.1400695E-1,-7.686406E-2],"categories":[],"categories_nodes":[],"categories_segments":[],"categories_sizes":[],"default_left":[0,0,0,0,0,0,0,0,0],"id":12,"left_children":[1,3,5,-1,7,-1,-1,-1,-1],"loss_changes":[8.275948E2,5.0247925E1,6.2068176E0,0E0,3.8992653E0,0E0,0E0,0E0,0E0],"parents":[2147483647,0,0,1,1,2,2,4,4],"right_children":[2,4,6,-1,8,-1,-1,-1,-1],"split_conditions":[7.03938E-1,2.9977727E-1,8.961544E-1,-1.1309934E0,5.041742E-1,4.2038903E-1,1.1527257E0,-4.1400695E-1,-7.686406E-2],"split_indices":[0,0,0,0,0,0,0,0,0],"split_type":[0,0,0,0,0,0,0,0,0],"sum_hessian":[9E0,5E0,4E0,2E0,3E0,2E0,2E0,2E0,1E0],"tree_param":{"num_deleted":"0","num_feature":"2","num_nodes":"9","size_leaf_vector":"1"}},{"base_weights":[-6.73212E-2,-7.453405E0,8.809443E0,-1.0555938E0,-3.263154E0,3.9236325E-1,1.0758774E0,-3.864066E-1,-7.3020935E-2],"categories":[],"categories_nodes":[],"categories_segments":[],"categories_sizes":[],"default_left":[0,0,0,0,0,0,0,0,0],"id":13,"left_children":[1,3,5,-1,7,-1,-1,-1,-1],"loss_changes":[7.213056E2,4.355667E1,5.4067993E0,0E0,3.2667274E0,0E0,0E0,0E0,0E0],"parents":[2147483647,0,0,1,1,2,2,4,4],"right_children":[2,4,6,-1,8,-1,-1,-1,-1],"split_conditions":[7.03938E-1,2.9977727E-1,8.961544E-1,-1.0555938E0,5.041742E-1,3.9236325E-1,1.0758774E0,-3.864066E-1,-7.3020935E-2],"split_indices":[0,0,0,0,0,0,0,0,0],"split_type":[0,0,0,0,0,0,0,0,0],"sum_hessian":[9E0,5E0,4E0,2E0,3E0,2E0,2E0,2E0,1E0],"tree_param":{"num_deleted":"0","num_feature":"2","num_nodes":"9","size_leaf_vector":"1"}},{"base_weights":[-6.526661E-2,-6.960568E0,8.222148E0,-8.8878596E-1,-2.0706558E-1,3.662056E-1,1.0041524E0],"categories":[],"categories_nodes":[],"categories_segments":[],"categories_sizes":[],"default_left":[0,0,0,0,0,0,0],"id":14,"left_children":[1,3,5,-1,-1,-1,-1],"loss_changes":[6.2867303E2,3.814203E1,4.709961E0,0E0,0E0,0E0,0E0],"parents":[2147483647,0,0,1,1,2,2],"right_children":[2,4,6,-1,-1,-1,-1],"split_conditions":[7.03938E-1,4.03275E-1,8.961544E-1,-8.8878596E-1,-2.0706558E-1,3.662056E-1,1.0041524E0],"split_indices":[0,0,0,0,0,0,0],"split_type":[0,0,0,0,0,0,0],"sum_hessian":[9E0,5E0,4E0,3E0,2E0,2E0,2E0],"tree_param":{"num_deleted":"0","num_feature":"2","num_nodes":"7","size_leaf_vector":"1"}},{"base_weights":[-3.1288337E-2,-6.4471526E0,7.6740065E0,-9.2596835E-1,-2.7259665E0,3.4179205E-1,9.3720907E-1,-3.2411778E-1,-5.901661E-2],"categories":[],"categories_nodes":[],"categories_segments":[],"categories_sizes":[],"default_left":[0,0,0,0,0,0,0,0,0],"id":15,"left_children":[1,3,5,-1,7,-1,-1,-1,-1],"loss_changes":[5.438368E2,3.7554123E1,4.1029053E0,0E0,2.48872E0,0E0,0E0,0E0,0E0],"parents":[2147483647,0,0,1,1,2,2,4,4],"right_children":[2,4,6,-1,8,-1,-1,-1,-1],"split_conditions":[7.03938E-1,2.9977727E-1,8.961544E-1,-9.2596835E-1,5.041742E-1,3.4179205E-1,9.3720907E-1,-3.2411778E-1,-5.901661E-2],"split_indices":[0,0,0,0,0,0,0,0,0],"split_type":[0,0,0,0,0,0,0,0,0],"sum_hessian":[9E0,5E0,4E0,2E0,3E0,2E0,2E0,2E0,1E0],"tree_param":{"num_deleted":"0","num_feature":"2","num_nodes":"9","size_leaf_vector":"1"}},{"base_weights":[-3.1168938E-2,-6.020621E0,7.162407E0,-8.642371E-1,-2.5491524E0,3.190061E-1,8.747284E-1,-3.025098E-1,-5.606575E-2],"categories":[],"categories_nodes":[],"categories_segments":[],"categories_sizes":[],"default_left":[0,0,0,0,0,0,0,0,0],"id":16,"left_children":[1,3,5,-1,7,-1,-1,-1,-1],"loss_changes":[4.739779E2,3.2577225E1,3.5740356E0,0E0,2.0896187E0,0E0,0E0,0E0,0E0],"parents":[2147483647,0,0,1,1,2,2,4,4],"right_children":[2,4,6,-1,8,-1,-1,-1,-1],"split_conditions":[7.03938E-1,2.9977727E-1,8.961544E-1,-8.642371E-1,5.041742E-1,3.190061E-1,8.747284E-1,-3.025098E-1,-5.606575E-2],"split_indices":[0,0,0,0,0,0,0,0,0],"split_type":[0,0,0,0,0,0,0,0,0],"sum_hessian":[9E0,5E0,4E0,2E0,3E0,2E0,2E0,2E0,1E0],"tree_param":{"num_deleted":"0","num_feature":"2","num_nodes":"9","size_leaf_vector":"1"}},{"base_weights":[-3.0960083E-2,-5.6223617E0,6.6849136E0,-8.066215E-1,-2.3838816E0,2.977389E-1,8.164134E-1,-2.8234252E-1,-5.326252E-2],"categories":[],"categories_nodes":[],"categories_segments":[],"categories_sizes":[],"default_left":[0,0,0,0,0,0,0,0,0],"id":17,"left_children":[1,3,5,-1,7,-1,-1,-1,-1],"loss_changes":[4.1309647E2,2.8257294E1,3.1134186E0,0E0,1.7510052E0,0E0,0E0,0E0,0E0],"parents":[2147483647,0,0,1,1,2,2,4,4],"right_children":[2,4,6,-1,8,-1,-1,-1,-1],"split_conditions":[7.03938E-1,2.9977727E-1,8.961544E-1,-8.066215E-1,5.041742E-1,2.977389E-1,8.164134E-1,-2.8234252E-1,-5.326252E-2],"split_indices":[0,0,0,0,0,0,0,0,0],"split_type":[0,0,0,0,0,0,0,0,0],"sum_hessian":[9E0,5E0,4E0,2E0,3E0,2E0,2E0,2E0,1E0],"tree_param":{"num_deleted":"0","num_feature":"2","num_nodes":"9","size_leaf_vector":"1"}},{"base_weights":[-3.0671692E-2,-5.2504973E0,6.239253E0,-7.5284666E-1,-2.2293959E0,2.7788976E-1,7.619858E-1,-2.635198E-1,-5.0599482E-2],"categories":[],"categories_nodes":[],"categories_segments":[],"categories_sizes":[],"default_left":[0,0,0,0,0,0,0,0,0],"id":18,"left_children":[1,3,5,-1,7,-1,-1,-1,-1],"loss_changes":[3.6003833E2,2.4507935E1,2.7121124E0,0E0,1.4640427E0,0E0,0E0,0E0,0E0],"parents":[2147483647,0,0,1,1,2,2,4,4],"right_children":[2,4,6,-1,8,-1,-1,-1,-1],"split_conditions":[7.03938E-1,2.9977727E-1,8.961544E-1,-7.5284666E-1,5.041742E-1,2.7788976E-1,7.619858E-1,-2.635198E-1,-5.0599482E-2],"split_indices":[0,0,0,0,0,0,0,0,0],"split_type":[0,0,0,0,0,0,0,0,0],"sum_hessian":[9E0,5E0,4E0,2E0,3E0,2E0,2E0,2E0,1E0],"tree_param":{"num_deleted":"0","num_feature":"2","num_nodes":"9","size_leaf_vector":"1"}},{"base_weights":[-3.031454E-2,-4.9032755E0,5.823302E0,-7.026569E-1,-2.0849867E0,2.5936356E-1,7.1118677E-1,-2.4595185E-1,-4.8069574E-2],"categories":[],"categories_nodes":[],"categories_segments":[],"categories_sizes":[],"default_left":[0,0,0,0,0,0,0,0,0],"id":19,"left_children":[1,3,5,-1,7,-1,-1,-1,-1],"loss_changes":[3.137977E2,2.1254028E1,2.3625946E0,0E0,1.2211514E0,0E0,0E0,0E0,0E0],"parents":[2147483647,0,0,1,1,2,2,4,4],"right_children":[2,4,6,-1,8,-1,-1,-1,-1],"split_conditions":[7.03938E-1,2.9977727E-1,8.961544E-1,-7.026569E-1,5.041742E-1,2.5936356E-1,7.1118677E-1,-2.4595185E-1,-4.8069574E-2],"split_indices":[0,0,0,0,0,0,0,0,0],"split_type":[0,0,0,0,0,0,0,0,0],"sum_hessian":[9E0,5E0,4E0,2E0,3E0,2E0,2E0,2E0,1E0],"tree_param":{"num_deleted":"0","num_feature":"2","num_nodes":"9","size_leaf_vector":"1"}},{"base_weights":[-2.9895687E-2,-4.5790606E0,5.4350815E0,-6.558131E-1,-1.9499931E0,2.420728E-1,6.6377413E-1,-2.2955501E-1,-4.5666125E-2],"categories":[],"categories_nodes":[],"categories_segments":[],"categories_sizes":[],"default_left":[0,0,0,0,0,0,0,0,0],"id":20,"left_children":[1,3,5,-1,7,-1,-1,-1,-1],"loss_changes":[2.7349838E2,1.8430351E1,2.0580444E0,0E0,1.0158358E0,0E0,0E0,0E0,0E0],"parents":[2147483647,0,0,1,1,2,2,4,4],"right_children":[2,4,6,-1,8,-1,-1,-1,-1],"split_conditions":[7.03938E-1,2.9977727E-1,8.961544E-1,-6.558131E-1,5.041742E-1,2.420728E-1,6.6377413E-1,-2.2955501E-1,-4.5666125E-2],"split_indices":[0,0,0,0,0,0,0,0,0],"split_type":[0,0,0,0,0,0,0,0,0],"sum_hessian":[9E0,5E0,4E0,2E0,3E0,2E0,2E0,2E0,1E0],"tree_param":{"num_deleted":"0","num_feature":"2","num_nodes":"9","size_leaf_vector":"1"}},{"base_weights":[-2.9424954E-2,-4.2763276E0,5.0727434E0,-7.140691E-1,-2.2753167E0,2.7677193E-1,7.14642E-1,-2.6272318E-1,-4.3382835E-2],"categories":[],"categories_nodes":[],"categories_segments":[],"categories_sizes":[],"default_left":[0,0,0,0,0,0,0,0,0],"id":21,"left_children":[1,3,5,-1,7,-1,-1,-1,-1],"loss_changes":[2.3837683E2,1.814241E1,4.1200867E0,0E0,2.1004696E0,0E0,0E0,0E0,0E0],"parents":[2147483647,0,0,1,1,2,2,4,4],"right_children":[2,4,6,-1,8,-1,-1,-1,-1],"split_conditions":[7.03938E-1,2.0038351E-1,1E0,-7.140691E-1,5.041742E-1,2.7677193E-1,7.14642E-1,-2.6272318E-1,-4.3382835E-2],"split_indices":[0,0,0,0,0,0,0,0,0],"split_type":[0,0,0,0,0,0,0,0,0],"sum_hessian":[9E0,5E0,4E0,1E0,4E0,3E0,1E0,3E0,1E0],"tree_param":{"num_deleted":"0","num_feature":"2","num_nodes":"9","size_leaf_vector":"1"}},{"base_weights":[-2.9358769E-2,-4.018724E0,4.763751E0,-6.7836565E-1,-2.1090062E0,2.5601408E-1,6.789097E-1,-2.4301897E-1,-4.121361E-2],"categories":[],"categories_nodes":[],"categories_segments":[],"categories_sizes":[],"default_left":[0,0,0,0,0,0,0,0,0],"id":22,"left_children":[1,3,5,-1,7,-1,-1,-1,-1],"loss_changes":[2.1035887E2,1.7374672E1,4.9343185E0,0E0,1.723463E0,0E0,0E0,0E0,0E0],"parents":[2147483647,0,0,1,1,2,2,4,4],"right_children":[2,4,6,-1,8,-1,-1,-1,-1],"split_conditions":[7.03938E-1,2.0038351E-1,1E0,-6.7836565E-1,5.041742E-1,2.5601408E-1,6.789097E-1,-2.4301897E-1,-4.121361E-2],"split_indices":[0,0,0,0,0,0,0,0,0],"split_type":[0,0,0,0,0,0,0,0,0],"sum_hessian":[9E0,5E0,4E0,1E0,4E0,3E0,1E0,3E0,1E0],"tree_param":{"num_deleted":"0","num_feature":"2","num_nodes":"9","size_leaf_vector":"1"}},{"base_weights":[-2.9189587E-2,-3.7772844E0,4.4743624E0,-6.444474E-1,-1.9549519E0,2.3681317E-1,6.449642E-1,-2.2479253E-1,-3.915291E-2],"categories":[],"categories_nodes":[],"categories_segments":[],"categories_sizes":[],"default_left":[0,0,0,0,0,0,0,0,0],"id":23,"left_children":[1,3,5,-1,7,-1,-1,-1,-1],"loss_changes":[1.8569833E2,1.65644E1,5.5283737E0,0E0,1.410078E0,0E0,0E0,0E0,0E0],"parents":[2147483647,0,0,1,1,2,2,4,4],"right_children":[2,4,6,-1,8,-1,-1,-1,-1],"split_conditions":[7.03938E-1,2.0038351E-1,1E0,-6.444474E-1,5.041742E-1,2.3681317E-1,6.449642E-1,-2.2479253E-1,-3.915291E-2],"split_indices":[0,0,0,0,0,0,0,0,0],"split_type":[0,0,0,0,0,0,0,0,0],"sum_hessian":[9E0,5E0,4E0,1E0,4E0,3E0,1E0,3E0,1E0],"tree_param":{"num_deleted":"0","num_feature":"2","num_nodes":"9","size_leaf_vector":"1"}},{"base_weights":[-2.8933238E-2,-3.5509546E0,4.203279E0,-6.12225E-1,-1.8122456E0,2.1905194E-1,6.127159E-1,-2.079331E-1,-3.7195206E-2],"categories":[],"categories_nodes":[],"categories_segments":[],"categories_sizes":[],"default_left":[0,0,0,0,0,0,0,0,0],"id":24,"left_children":[1,3,5,-1,7,-1,-1,-1,-1],"loss_changes":[1.6398508E2,1.5729378E1,5.939888E0,0E0,1.1499958E0,0E0,0E0,0E0,0E0],"parents":[2147483647,0,0,1,1,2,2,4,4],"right_children":[2,4,6,-1,8,-1,-1,-1,-1],"split_conditions":[7.03938E-1,2.0038351E-1,1E0,-6.12225E-1,5.041742E-1,2.1905194E-1,6.127159E-1,-2.079331E-1,-3.7195206E-2],"split_indices":[0,0,0,0,0,0,0,0,0],"split_type":[0,0,0,0,0,0,0,0,0],"sum_hessian":[9E0,5E0,4E0,1E0,4E0,3E0,1E0,3E0,1E0],"tree_param":{"num_deleted":"0","num_feature":"2","num_nodes":"9","size_leaf_vector":"1"}},{"base_weights":[-2.8600026E-2,-3.3387523E0,3.9493027E0,-5.816138E-1,-1.6800476E0,2.026228E-1,5.8208007E-1,-1.9233818E-1,-3.533554E-2],"categories":[],"categories_nodes":[],"categories_segments":[],"categories_sizes":[],"default_left":[0,0,0,0,0,0,0,0,0],"id":25,"left_children":[1,3,5,-1,7,-1,-1,-1,-1],"loss_changes":[1.4486038E2,1.4884117E1,6.200882E0,0E0,9.345112E-1,0E0,0E0,0E0,0E0],"parents":[2147483647,0,0,1,1,2,2,4,4],"right_children":[2,4,6,-1,8,-1,-1,-1,-1],"split_conditions":[7.03938E-1,2.0038351E-1,1E0,-5.816138E-1,5.041742E-1,2.026228E-1,5.8208007E-1,-1.9233818E-1,-3.533554E-2],"split_indices":[0,0,0,0,0,0,0,0,0],"split_type":[0,0,0,0,0,0,0,0,0],"sum_hessian":[9E0,5E0,4E0,1E0,4E0,3E0,1E0,3E0,1E0],"tree_param":{"num_deleted":"0","num_feature":"2","num_nodes":"9","size_leaf_vector":"1"}},{"base_weights":[-2.8197955E-2,-3.1397586E0,3.7113144E0,-5.525331E-1,-1.5575778E0,1.874262E-1,5.5297625E-1,-1.7791286E-1,-3.3568766E-2],"categories":[],"categories_nodes":[],"categories_segments":[],"categories_sizes":[],"default_left":[0,0,0,0,0,0,0,0,0],"id":26,"left_children":[1,3,5,-1,7,-1,-1,-1,-1],"loss_changes":[1.2800983E2,1.404031E1,6.3386917E0,0E0,7.563219E-1,0E0,0E0,0E0,0E0],"parents":[2147483647,0,0,1,1,2,2,4,4],"right_children":[2,4,6,-1,8,-1,-1,-1,-1],"split_conditions":[7.03938E-1,2.0038351E-1,1E0,-5.525331E-1,5.041742E-1,1.874262E-1,5.5297625E-1,-1.7791286E-1,-3.3568766E-2],"split_indices":[0,0,0,0,0,0,0,0,0],"split_type":[0,0,0,0,0,0,0,0,0],"sum_hessian":[9E0,5E0,4E0,1E0,4E0,3E0,1E0,3E0,1E0],"tree_param":{"num_deleted":"0","num_feature":"2","num_nodes":"9","size_leaf_vector":"1"}},{"base_weights":[-2.7738666E-2,-2.953118E0,3.4882646E0,-5.249065E-1,-1.4441159E0,1.7336941E-1,5.253273E-1,-1.6456933E-1,-3.18903E-2],"categories":[],"categories_nodes":[],"categories_segments":[],"categories_sizes":[],"default_left":[0,0,0,0,0,0,0,0,0],"id":27,"left_children":[1,3,5,-1,7,-1,-1,-1,-1],"loss_changes":[1.1315769E2,1.3207275E1,6.3765907E0,0E0,6.0927105E-1,0E0,0E0,0E0,0E0],"parents":[2147483647,0,0,1,1,2,2,4,4],"right_children":[2,4,6,-1,8,-1,-1,-1,-1],"split_conditions":[7.03938E-1,2.0038351E-1,1E0,-5.249065E-1,5.041742E-1,1.7336941E-1,5.253273E-1,-1.6456933E-1,-3.18903E-2],"split_indices":[0,0,0,0,0,0,0,0,0],"split_type":[0,0,0,0,0,0,0,0,0],"sum_hessian":[9E0,5E0,4E0,1E0,4E0,3E0,1E0,3E0,1E0],"tree_param":{"num_deleted":"0","num_feature":"2","num_nodes":"9","size_leaf_vector":"1"}},{"base_weights":[-2.7232075E-2,-2.7780337E0,3.2791762E0,-4.986612E-1,-1.3389957E0,1.6036664E-1,4.9906084E-1,-1.522266E-1,-3.0295754E-2],"categories":[],"categories_nodes":[],"categories_segments":[],"categories_sizes":[],"default_left":[0,0,0,0,0,0,0,0,0],"id":28,"left_children":[1,3,5,-1,7,-1,-1,-1,-1],"loss_changes":[1.0006239E2,1.2392315E1,6.334339E0,0E0,4.881916E-1,0E0,0E0,0E0,0E0],"parents":[2147483647,0,0,1,1,2,2,4,4],"right_children":[2,4,6,-1,8,-1,-1,-1,-1],"split_conditions":[7.03938E-1,2.0038351E-1,1E0,-4.986612E-1,5.041742E-1,1.6036664E-1,4.9906084E-1,-1.522266E-1,-3.0295754E-2],"split_indices":[0,0,0,0,0,0,0,0,0],"split_type":[0,0,0,0,0,0,0,0,0],"sum_hessian":[9E0,5E0,4E0,1E0,4E0,3E0,1E0,3E0,1E0],"tree_param":{"num_deleted":"0","num_feature":"2","num_nodes":"9","size_leaf_vector":"1"}},{"base_weights":[-2.668562E-2,-2.6137612E0,3.083142E0,-4.7372815E-1,-1.2416008E0,1.483389E-1,4.7410774E-1,-1.4080964E-1,-2.8780937E-2],"categories":[],"categories_nodes":[],"categories_segments":[],"categories_sizes":[],"default_left":[0,0,0,0,0,0,0,0,0],"id":29,"left_children":[1,3,5,-1,7,-1,-1,-1,-1],"loss_changes":[8.851219E1,1.16010475E1,6.228573E0,0E0,3.8874626E-1,0E0,0E0,0E0,0E0],"parents":[2147483647,0,0,1,1,2,2,4,4],"right_children":[2,4,6,-1,8,-1,-1,-1,-1],"split_conditions":[7.03938E-1,2.0038351E-1,1E0,-4.7372815E-1,5.041742E-1,1.483389E-1,4.7410774E-1,-1.4080964E-1,-2.8780937E-2],"split_indices":[0,0,0,0,0,0,0,0,0],"split_type":[0,0,0,0,0,0,0,0,0],"sum_hessian":[9E0,5E0,4E0,1E0,4E0,3E0,1E0,3E0,1E0],"tree_param":{"num_deleted":"0","num_feature":"2","num_nodes":"9","size_leaf_vector":"1"}},{"base_weights":[-2.6104068E-2,-2.459605E0,2.899318E0,-4.5004174E-1,-1.1513592E0,1.3721351E-1,4.5040247E-1,-1.3024898E-1,-2.7341843E-2],"categories":[],"categories_nodes":[],"categories_segments":[],"categories_sizes":[],"default_left":[0,0,0,0,0,0,0,0,0],"id":30,"left_children":[1,3,5,-1,7,-1,-1,-1,-1],"loss_changes":[7.832135E1,1.08377075E1,6.0732727E0,0E0,3.072939E-1,0E0,0E0,0E0,0E0],"parents":[2147483647,0,0,1,1,2,2,4,4],"right_children":[2,4,6,-1,8,-1,-1,-1,-1],"split_conditions":[7.03938E-1,2.0038351E-1,1E0,-4.5004174E-1,5.041742E-1,1.3721351E-1,4.5040247E-1,-1.3024898E-1,-2.7341843E-2],"split_indices":[0,0,0,0,0,0,0,0,0],"split_type":[0,0,0,0,0,0,0,0,0],"sum_hessian":[9E0,5E0,4E0,1E0,4E0,3E0,1E0,3E0,1E0],"tree_param":{"num_deleted":"0","num_feature":"2","num_nodes":"9","size_leaf_vector":"1"}},{"base_weights":[-2.5495434E-2,-2.3149164E0,2.726909E0,-4.2753968E-1,-1.067741E0,1.2692241E-1,4.278824E-1,-1.204803E-1,-2.5974656E-2],"categories":[],"categories_nodes":[],"categories_segments":[],"categories_sizes":[],"default_left":[0,0,0,0,0,0,0,0,0],"id":31,"left_children":[1,3,5,-1,7,-1,-1,-1,-1],"loss_changes":[6.932669E1,1.0105366E1,5.880226E0,0E0,2.4078274E-1,0E0,0E0,0E0,0E0],"parents":[2147483647,0,0,1,1,2,2,4,4],"right_children":[2,4,6,-1,8,-1,-1,-1,-1],"split_conditions":[7.03938E-1,2.0038351E-1,1E0,-4.2753968E-1,5.041742E-1,1.2692241E-1,4.278824E-1,-1.204803E-1,-2.5974656E-2],"split_indices":[0,0,0,0,0,0,0,0,0],"split_type":[0,0,0,0,0,0,0,0,0],"sum_hessian":[9E0,5E0,4E0,1E0,4E0,3E0,1E0,3E0,1E0],"tree_param":{"num_deleted":"0","num_feature":"2","num_nodes":"9","size_leaf_vector":"1"}},{"base_weights":[-2.4864864E-2,-2.179091E0,2.5651793E0,-4.061627E-1,-9.902584E-1,1.17403224E-1,4.0648842E-1,-1.1144433E-1,-2.4675941E-2],"categories":[],"categories_nodes":[],"categories_segments":[],"categories_sizes":[],"default_left":[0,0,0,0,0,0,0,0,0],"id":32,"left_children":[1,3,5,-1,7,-1,-1,-1,-1],"loss_changes":[6.1385174E1,9.406057E0,5.6592445E0,0E0,1.8665743E-1,0E0,0E0,0E0,0E0],"parents":[2147483647,0,0,1,1,2,2,4,4],"right_children":[2,4,6,-1,8,-1,-1,-1,-1],"split_conditions":[7.03938E-1,2.0038351E-1,1E0,-4.061627E-1,5.041742E-1,1.17403224E-1,4.0648842E-1,-1.1144433E-1,-2.4675941E-2],"split_indices":[0,0,0,0,0,0,0,0,0],"split_type":[0,0,0,0,0,0,0,0,0],"sum_hessian":[9E0,5E0,4E0,1E0,4E0,3E0,1E0,3E0,1E0],"tree_param":{"num_deleted":"0","num_feature":"2","num_nodes":"9","size_leaf_vector":"1"}},{"base_weights":[-2.4216939E-2,-2.0515628E0,2.4134414E0,-3.8585457E-1,-9.1845703E-1,1.0859814E0,3.861641E-1,-1.0308609E-1,-2.3442078E-2,3.175354E-2,1.2362849E-1],"categories":[],"categories_nodes":[],"categories_segments":[],"categories_sizes":[],"default_left":[0,0,0,0,0,0,0,0,0,0,0],"id":33,"left_children":[1,3,5,-1,7,9,-1,-1,-1,-1,-1],"loss_changes":[5.4371094E1,8.74111E0,5.4184628E0,0E0,1.427865E-1,6.943607E-2,0E0,0E0,0E0,0E0,0E0],"parents":[2147483647,0,0,1,1,2,2,4,4,5,5],"right_children":[2,4,6,-1,8,10,-1,-1,-1,-1,-1],"split_conditions":[7.03938E-1,2.0038351E-1,1E0,-3.8585457E-1,5.041742E-1,8.046237E-1,3.861641E-1,-1.0308609E-1,-2.3442078E-2,3.175354E-2,1.2362849E-1],"split_indices":[0,0,0,0,0,0,0,0,0,0,0],"split_type":[0,0,0,0,0,0,0,0,0,0,0],"sum_hessian":[9E0,5E0,4E0,1E0,4E0,3E0,1E0,3E0,1E0,1E0,2E0],"tree_param":{"num_deleted":"0","num_feature":"2","num_nodes":"11","size_leaf_vector":"1"}},{"base_weights":[-1.887865E-2,-1.9318042E0,2.2804077E0,-3.6656186E-1,-8.519176E-1,1.0162296E0,3.66856E-1,-9.53547E-2,-2.2270013E-2,3.0165864E-2,1.1538672E-1],"categories":[],"categories_nodes":[],"categories_segments":[],"categories_sizes":[],"default_left":[0,0,0,0,0,0,0,0,0,0,0],"id":34,"left_children":[1,3,5,-1,7,9,-1,-1,-1,-1,-1],"loss_changes":[4.838894E1,8.11113E0,5.046261E0,0E0,1.07379675E-1,4.533243E-2,0E0,0E0,0E0,0E0,0E0],"parents":[2147483647,0,0,1,1,2,2,4,4,5,5],"right_children":[2,4,6,-1,8,10,-1,-1,-1,-1,-1],"split_conditions":[7.03938E-1,2.0038351E-1,1E0,-3.6656186E-1,5.041742E-1,8.046237E-1,3.66856E-1,-9.53547E-2,-2.2270013E-2,3.0165864E-2,1.1538672E-1],"split_indices":[0,0,0,0,0,0,0,0,0,0,0],"split_type":[0,0,0,0,0,0,0,0,0,0,0],"sum_hessian":[9E0,5E0,4E0,1E0,4E0,3E0,1E0,3E0,1E0,1E0,2E0],"tree_param":{"num_deleted":"0","num_feature":"2","num_nodes":"11","size_leaf_vector":"1"}},{"base_weights":[-1.4168834E-2,-1.8193212E0,2.1548476E0,-3.4823376E-1,-7.902504E-1,9.509945E-1,3.4851304E-1,-8.820305E-2,-2.1156503E-2,2.8657531E-2,1.07694246E-1],"categories":[],"categories_nodes":[],"categories_segments":[],"categories_sizes":[],"default_left":[0,0,0,0,0,0,0,0,0,0,0],"id":35,"left_children":[1,3,5,-1,7,9,-1,-1,-1,-1,-1],"loss_changes":[4.3074417E1,7.5162506E0,4.6929836E0,0E0,7.8952074E-2,2.6103735E-2,0E0,0E0,0E0,0E0,0E0],"parents":[2147483647,0,0,1,1,2,2,4,4,5,5],"right_children":[2,4,6,-1,8,10,-1,-1,-1,-1,-1],"split_conditions":[7.03938E-1,2.0038351E-1,1E0,-3.4823376E-1,5.041742E-1,8.046237E-1,3.4851304E-1,-8.820305E-2,-2.1156503E-2,2.8657531E-2,1.07694246E-1],"split_indices":[0,0,0,0,0,0,0,0,0,0,0],"split_type":[0,0,0,0,0,0,0,0,0,0,0],"sum_hessian":[9E0,5E0,4E0,1E0,4E0,3E0,1E0,3E0,1E0,1E0,2E0],"tree_param":{"num_deleted":"0","num_feature":"2","num_nodes":"11","size_leaf_vector":"1"}},{"base_weights":[-1.00247385E-2,-1.7136544E0,2.0363357E0,-3.3082205E-1,-7.330971E-1,8.899822E-1,3.310875E-1,-9.030457E-2,-3.187828E-2,2.7224733E-2,1.0051447E-1],"categories":[],"categories_nodes":[],"categories_segments":[],"categories_sizes":[],"default_left":[0,0,0,0,0,0,0,0,0,0,0],"id":36,"left_children":[1,3,5,-1,7,9,-1,-1,-1,-1,-1],"loss_changes":[3.835198E1,6.956135E0,4.3587437E0,0E0,6.418514E-2,1.0911703E-2,0E0,0E0,0E0,0E0,0E0],"parents":[2147483647,0,0,1,1,2,2,4,4,5,5],"right_children":[2,4,6,-1,8,10,-1,-1,-1,-1,-1],"split_conditions":[7.03938E-1,2.0038351E-1,1E0,-3.3082205E-1,4.03275E-1,8.046237E-1,3.310875E-1,-9.030457E-2,-3.187828E-2,2.7224733E-2,1.0051447E-1],"split_indices":[0,0,0,0,0,0,0,0,0,0,0],"split_type":[0,0,0,0,0,0,0,0,0,0,0],"sum_hessian":[9E0,5E0,4E0,1E0,4E0,3E0,1E0,2E0,2E0,1E0,2E0],"tree_param":{"num_deleted":"0","num_feature":"2","num_nodes":"11","size_leaf_vector":"1"}},{"base_weights":[-8.439732E-3,-1.6177891E0,1.9244674E0,-3.1428096E-1,-6.842232E-1,8.329182E-2,3.1453323E-1,-8.428421E-2,-2.9752985E-2],"categories":[],"categories_nodes":[],"categories_segments":[],"categories_sizes":[],"default_left":[0,0,0,0,0,0,0,0,0],"id":37,"left_children":[1,3,5,-1,7,-1,-1,-1,-1],"loss_changes":[3.422061E1,6.391859E0,4.0433655E0,0E0,5.5913925E-2,0E0,0E0,0E0,0E0],"parents":[2147483647,0,0,1,1,2,2,4,4],"right_children":[2,4,6,-1,8,-1,-1,-1,-1],"split_conditions":[7.03938E-1,2.0038351E-1,1E0,-3.1428096E-1,4.03275E-1,8.329182E-2,3.1453323E-1,-8.428421E-2,-2.9752985E-2],"split_indices":[0,0,0,0,0,0,0,0,0],"split_type":[0,0,0,0,0,0,0,0,0],"sum_hessian":[9E0,5E0,4E0,1E0,4E0,3E0,1E0,2E0,2E0],"tree_param":{"num_deleted":"0","num_feature":"2","num_nodes":"9","size_leaf_vector":"1"}},{"base_weights":[-1.0644436E-2,-1.5273957E0,1.811586E0,-2.9856688E-1,-6.386074E-1,7.704506E-1,2.988064E-1,-7.1317434E-2,-1.7016983E-2,2.1699144E-2,8.826065E-2],"categories":[],"categories_nodes":[],"categories_segments":[],"categories_sizes":[],"default_left":[0,0,0,0,0,0,0,0,0,0,0],"id":38,"left_children":[1,3,5,-1,7,9,-1,-1,-1,-1,-1],"loss_changes":[3.0405712E1,5.8699045E0,3.8222065E0,0E0,5.3288937E-2,5.6776762E-2,0E0,0E0,0E0,0E0,0E0],"parents":[2147483647,0,0,1,1,2,2,4,4,5,5],"right_children":[2,4,6,-1,8,10,-1,-1,-1,-1,-1],"split_conditions":[7.03938E-1,2.0038351E-1,1E0,-2.9856688E-1,5.041742E-1,8.046237E-1,2.988064E-1,-7.1317434E-2,-1.7016983E-2,2.1699144E-2,8.826065E-2],"split_indices":[0,0,0,0,0,0,0,0,0,0,0],"split_type":[0,0,0,0,0,0,0,0,0,0,0],"sum_hessian":[9E0,5E0,4E0,1E0,4E0,3E0,1E0,3E0,1E0,1E0,2E0],"tree_param":{"num_deleted":"0","num_feature":"2","num_nodes":"11","size_leaf_vector":"1"}},{"base_weights":[-7.393551E-3,-1.4391402E0,1.7121811E0,-2.8363854E-1,-5.924141E-1,7.2089577E-1,2.8386614E-1,-7.391078E-2,-2.4824906E-2,2.0614242E-2,8.237661E-2],"categories":[],"categories_nodes":[],"categories_segments":[],"categories_sizes":[],"default_left":[0,0,0,0,0,0,0,0,0,0,0],"id":39,"left_children":[1,3,5,-1,7,9,-1,-1,-1,-1,-1],"loss_changes":[2.7084019E1,5.418188E0,3.5369377E0,0E0,6.895113E-2,4.1998148E-2,0E0,0E0,0E0,0E0,0E0],"parents":[2147483647,0,0,1,1,2,2,4,4,5,5],"right_children":[2,4,6,-1,8,10,-1,-1,-1,-1,-1],"split_conditions":[7.03938E-1,2.0038351E-1,1E0,-2.8363854E-1,4.03275E-1,8.046237E-1,2.8386614E-1,-7.391078E-2,-2.4824906E-2,2.0614242E-2,8.237661E-2],"split_indices":[0,0,0,0,0,0,0,0,0,0,0],"split_type":[0,0,0,0,0,0,0,0,0,0,0],"sum_hessian":[9E0,5E0,4E0,1E0,4E0,3E0,1E0,2E0,2E0,1E0,2E0],"tree_param":{"num_deleted":"0","num_feature":"2","num_nodes":"11","size_leaf_vector":"1"}},{"base_weights":[-6.2054633E-3,-1.3589549E0,1.618335E0,-2.6945662E-1,-5.529194E-1,6.745548E-1,2.6967278E-1,-6.89834E-2,-2.3169836E-2,1.9583512E-2,7.688497E-2],"categories":[],"categories_nodes":[],"categories_segments":[],"categories_sizes":[],"default_left":[0,0,0,0,0,0,0,0,0,0,0],"id":40,"left_children":[1,3,5,-1,7,9,-1,-1,-1,-1,-1],"loss_changes":[2.4175207E1,4.9694233E0,3.2697372E0,0E0,6.0065746E-2,2.9995441E-2,0E0,0E0,0E0,0E0,0E0],"parents":[2147483647,0,0,1,1,2,2,4,4,5,5],"right_children":[2,4,6,-1,8,10,-1,-1,-1,-1,-1],"split_conditions":[7.03938E-1,2.0038351E-1,1E0,-2.6945662E-1,4.03275E-1,8.046237E-1,2.6967278E-1,-6.89834E-2,-2.3169836E-2,1.9583512E-2,7.688497E-2],"split_indices":[0,0,0,0,0,0,0,0,0,0,0],"split_type":[0,0,0,0,0,0,0,0,0,0,0],"sum_hessian":[9E0,5E0,4E0,1E0,4E0,3E0,1E0,2E0,2E0,1E0,2E0],"tree_param":{"num_deleted":"0","num_feature":"2","num_nodes":"11","size_leaf_vector":"1"}},{"base_weights":[-5.1312447E-3,-1.2833272E0,1.5297302E0,-2.559838E-1,-5.160576E-1,6.3121796E-1,2.5618896E-1,-6.438446E-2,-2.1625137E-2,1.8604279E-2,7.1759544E-2],"categories":[],"categories_nodes":[],"categories_segments":[],"categories_sizes":[],"default_left":[0,0,0,0,0,0,0,0,0,0,0],"id":41,"left_children":[1,3,5,-1,7,9,-1,-1,-1,-1,-1],"loss_changes":[2.1581684E1,4.555543E0,3.019929E0,0E0,5.2324414E-2,2.0308971E-2,0E0,0E0,0E0,0E0,0E0],"parents":[2147483647,0,0,1,1,2,2,4,4,5,5],"right_children":[2,4,6,-1,8,10,-1,-1,-1,-1,-1],"split_conditions":[7.03938E-1,2.0038351E-1,1E0,-2.559838E-1,4.03275E-1,8.046237E-1,2.5618896E-1,-6.438446E-2,-2.1625137E-2,1.8604279E-2,7.1759544E-2],"split_indices":[0,0,0,0,0,0,0,0,0,0,0],"split_type":[0,0,0,0,0,0,0,0,0,0,0],"sum_hessian":[9E0,5E0,4E0,1E0,4E0,3E0,1E0,2E0,2E0,1E0,2E0],"tree_param":{"num_deleted":"0","num_feature":"2","num_nodes":"11","size_leaf_vector":"1"}},{"base_weights":[-4.162884E-3,-1.2119933E0,1.4460663E0,-2.4318461E-1,-4.816536E-1,5.906849E-1,2.433796E-1,-6.0092162E-2,-2.0183437E-2,1.7673874E-2,6.697541E-2],"categories":[],"categories_nodes":[],"categories_segments":[],"categories_sizes":[],"default_left":[0,0,0,0,0,0,0,0,0,0,0],"id":42,"left_children":[1,3,5,-1,7,9,-1,-1,-1,-1,-1],"loss_changes":[1.926893E1,4.174135E0,2.7868223E0,0E0,4.5580864E-2,1.2549996E-2,0E0,0E0,0E0,0E0,0E0],"parents":[2147483647,0,0,1,1,2,2,4,4,5,5],"right_children":[2,4,6,-1,8,10,-1,-1,-1,-1,-1],"split_conditions":[7.03938E-1,2.0038351E-1,1E0,-2.4318461E-1,4.03275E-1,8.046237E-1,2.433796E-1,-6.0092162E-2,-2.0183437E-2,1.7673874E-2,6.697541E-2],"split_indices":[0,0,0,0,0,0,0,0,0,0,0],"split_type":[0,0,0,0,0,0,0,0,0,0,0],"sum_hessian":[9E0,5E0,4E0,1E0,4E0,3E0,1E0,2E0,2E0,1E0,2E0],"tree_param":{"num_deleted":"0","num_feature":"2","num_nodes":"11","size_leaf_vector":"1"}},{"base_weights":[-3.2902719E-3,-1.1447037E0,1.3670639E0,-2.3102537E-1,-4.49543E-1,5.5277634E-1,2.3121071E-1,-5.608597E-2,-1.8837865E-2,1.6790008E-2,6.251018E-2],"categories":[],"categories_nodes":[],"categories_segments":[],"categories_sizes":[],"default_left":[0,0,0,0,0,0,0,0,0,0,0],"id":43,"left_children":[1,3,5,-1,7,9,-1,-1,-1,-1,-1],"loss_changes":[1.720629E1,3.8229084E0,2.5696068E0,0E0,3.9705753E-2,6.3905716E-3,0E0,0E0,0E0,0E0,0E0],"parents":[2147483647,0,0,1,1,2,2,4,4,5,5],"right_children":[2,4,6,-1,8,10,-1,-1,-1,-1,-1],"split_conditions":[7.03938E-1,2.0038351E-1,1E0,-2.3102537E-1,4.03275E-1,8.046237E-1,2.3121071E-1,-5.608597E-2,-1.8837865E-2,1.6790008E-2,6.251018E-2],"split_indices":[0,0,0,0,0,0,0,0,0,0,0],"split_type":[0,0,0,0,0,0,0,0,0,0,0],"sum_hessian":[9E0,5E0,4E0,1E0,4E0,3E0,1E0,2E0,2E0,1E0,2E0],"tree_param":{"num_deleted":"0","num_feature":"2","num_nodes":"11","size_leaf_vector":"1"}},{"base_weights":[-2.504635E-3,-1.0812249E0,1.2924607E0,-2.1947408E-1,-4.195736E-1,5.1732445E-1,2.1965027E-1,-5.2346867E-2,-1.7582066E-2,1.5950395E-2,5.8343E-2],"categories":[],"categories_nodes":[],"categories_segments":[],"categories_sizes":[],"default_left":[0,0,0,0,0,0,0,0,0,0,0],"id":44,"left_children":[1,3,5,-1,7,9,-1,-1,-1,-1,-1],"loss_changes":[1.5366494E1,3.4996996E0,2.3674736E0,0E0,3.4586906E-2,1.5562773E-3,0E0,0E0,0E0,0E0,0E0],"parents":[2147483647,0,0,1,1,2,2,4,4,5,5],"right_children":[2,4,6,-1,8,10,-1,-1,-1,-1,-1],"split_conditions":[7.03938E-1,2.0038351E-1,1E0,-2.1947408E-1,4.03275E-1,8.046237E-1,2.1965027E-1,-5.2346867E-2,-1.7582066E-2,1.5950395E-2,5.8343E-2],"split_indices":[0,0,0,0,0,0,0,0,0,0,0],"split_type":[0,0,0,0,0,0,0,0,0,0,0],"sum_hessian":[9E0,5E0,4E0,1E0,4E0,3E0,1E0,2E0,2E0,1E0,2E0],"tree_param":{"num_deleted":"0","num_feature":"2","num_nodes":"11","size_leaf_vector":"1"}},{"base_weights":[-1.800251E-3,-1.0213364E0,1.2220032E0,-2.0850034E-1,-3.9160234E-1,4.841652E-2,2.0866776E-1,-4.885712E-2,-1.640994E-2],"categories":[],"categories_nodes":[],"categories_segments":[],"categories_sizes":[],"default_left":[0,0,0,0,0,0,0,0,0],"id":45,"left_children":[1,3,5,-1,7,-1,-1,-1,-1],"loss_changes":[1.3725195E1,3.2024717E0,2.1796517E0,0E0,3.0129313E-2,0E0,0E0,0E0,0E0],"parents":[2147483647,0,0,1,1,2,2,4,4],"right_children":[2,4,6,-1,8,-1,-1,-1,-1],"split_conditions":[7.03938E-1,2.0038351E-1,1E0,-2.0850034E-1,4.03275E-1,4.841652E-2,2.0866776E-1,-4.885712E-2,-1.640994E-2],"split_indices":[0,0,0,0,0,0,0,0,0],"split_type":[0,0,0,0,0,0,0,0,0],"sum_hessian":[9E0,5E0,4E0,1E0,4E0,3E0,1E0,2E0,2E0],"tree_param":{"num_deleted":"0","num_feature":"2","num_nodes":"9","size_leaf_vector":"1"}},{"base_weights":[-3.2885552E-3,-9.648302E-1,1.1512191E0,-1.9807534E-1,-3.654949E-1,4.478531E-1,1.9823419E-1,-4.116969E-2,-9.034348E-3,1.2731934E-2,5.122579E-2],"categories":[],"categories_nodes":[],"categories_segments":[],"categories_sizes":[],"default_left":[0,0,0,0,0,0,0,0,0,0,0],"id":46,"left_children":[1,3,5,-1,7,9,-1,-1,-1,-1,-1],"loss_changes":[1.2211804E1,2.9293165E0,2.0351195E0,0E0,2.6368558E-2,1.7355382E-2,0E0,0E0,0E0,0E0,0E0],"parents":[2147483647,0,0,1,1,2,2,4,4,5,5],"right_children":[2,4,6,-1,8,10,-1,-1,-1,-1,-1],"split_conditions":[7.03938E-1,2.0038351E-1,1E0,-1.9807534E-1,5.041742E-1,8.046237E-1,1.9823419E-1,-4.116969E-2,-9.034348E-3,1.2731934E-2,5.122579E-2],"split_indices":[0,0,0,0,0,0,0,0,0,0,0],"split_type":[0,0,0,0,0,0,0,0,0,0,0],"sum_hessian":[9E0,5E0,4E0,1E0,4E0,3E0,1E0,3E0,1E0,1E0,2E0],"tree_param":{"num_deleted":"0","num_feature":"2","num_nodes":"11","size_leaf_vector":"1"}},{"base_weights":[-1.5685081E-3,-9.097276E-1,1.088536E0,-1.8817154E-1,-3.3898696E-1,4.1905785E-1,1.8832245E-1,-4.2855326E-2,-1.3642502E-2,1.209526E-2,4.7810875E-2],"categories":[],"categories_nodes":[],"categories_segments":[],"categories_sizes":[],"default_left":[0,0,0,0,0,0,0,0,0,0,0],"id":47,"left_children":[1,3,5,-1,7,9,-1,-1,-1,-1,-1],"loss_changes":[1.0890154E1,2.6906404E0,1.8709531E0,0E0,3.224826E-2,1.2584984E-2,0E0,0E0,0E0,0E0,0E0],"parents":[2147483647,0,0,1,1,2,2,4,4,5,5],"right_children":[2,4,6,-1,8,10,-1,-1,-1,-1,-1],"split_conditions":[7.03938E-1,2.0038351E-1,1E0,-1.8817154E-1,4.03275E-1,8.046237E-1,1.8832245E-1,-4.2855326E-2,-1.3642502E-2,1.209526E-2,4.7810875E-2],"split_indices":[0,0,0,0,0,0,0,0,0,0,0],"split_type":[0,0,0,0,0,0,0,0,0,0,0],"sum_hessian":[9E0,5E0,4E0,1E0,4E0,3E0,1E0,2E0,2E0,1E0,2E0],"tree_param":{"num_deleted":"0","num_feature":"2","num_nodes":"11","size_leaf_vector":"1"}},{"base_weights":[-1.056385E-3,-8.595335E-1,1.0293274E0,-1.7876296E-1,-3.163883E-1,3.92128E-1,1.7890625E-1,-3.9998308E-2,-1.2733079E-2,1.1490631E-2,4.462331E-2],"categories":[],"categories_nodes":[],"categories_segments":[],"categories_sizes":[],"default_left":[0,0,0,0,0,0,0,0,0,0,0],"id":48,"left_children":[1,3,5,-1,7,9,-1,-1,-1,-1,-1],"loss_changes":[9.730349E0,2.4589605E0,1.7189727E0,0E0,2.8090954E-2,8.721471E-3,0E0,0E0,0E0,0E0,0E0],"parents":[2147483647,0,0,1,1,2,2,4,4,5,5],"right_children":[2,4,6,-1,8,10,-1,-1,-1,-1,-1],"split_conditions":[7.03938E-1,2.0038351E-1,1E0,-1.7876296E-1,4.03275E-1,8.046237E-1,1.7890625E-1,-3.9998308E-2,-1.2733079E-2,1.1490631E-2,4.462331E-2],"split_indices":[0,0,0,0,0,0,0,0,0,0,0],"split_type":[0,0,0,0,0,0,0,0,0,0,0],"sum_hessian":[9E0,5E0,4E0,1E0,4E0,3E0,1E0,2E0,2E0,1E0,2E0],"tree_param":{"num_deleted":"0","num_feature":"2","num_nodes":"11","size_leaf_vector":"1"}},{"base_weights":[-5.986214E-4,-8.121626E-1,9.7339785E-1,-1.6982484E-1,-2.9529572E-1,3.6694336E-1,1.6996078E-1,-4.3582153E-2,-1.5120888E-2,1.0916138E-2,4.1648354E-2],"categories":[],"categories_nodes":[],"categories_segments":[],"categories_sizes":[],"default_left":[0,0,0,0,0,0,0,0,0,0,0],"id":49,"left_children":[1,3,5,-1,7,9,-1,-1,-1,-1,-1],"loss_changes":[8.695162E0,2.2464447E0,1.5784068E0,0E0,3.5339504E-2,5.6183934E-3,0E0,0E0,0E0,0E0,0E0],"parents":[2147483647,0,0,1,1,2,2,4,4,5,5],"right_children":[2,4,6,-1,8,10,-1,-1,-1,-1,-1],"split_conditions":[7.03938E-1,2.0038351E-1,1E0,-1.6982484E-1,2.9977727E-1,8.046237E-1,1.6996078E-1,-4.3582153E-2,-1.5120888E-2,1.0916138E-2,4.1648354E-2],"split_indices":[0,0,0,0,0,0,0,0,0,0,0],"split_type":[0,0,0,0,0,0,0,0,0,0,0],"sum_hessian":[9E0,5E0,4E0,1E0,4E0,3E0,1E0,1E0,3E0,1E0,2E0],"tree_param":{"num_deleted":"0","num_feature":"2","num_nodes":"11","size_leaf_vector":"1"}},{"base_weights":[-1.1389733E-3,-7.690339E-1,9.2056274E-1,-1.613336E-1,-2.7750626E-1,3.433895E-1,1.6146278E-1,-4.1403007E-2,-1.3986778E-2,1.03702545E-2,3.8871765E-2],"categories":[],"categories_nodes":[],"categories_segments":[],"categories_sizes":[],"default_left":[0,0,0,0,0,0,0,0,0,0,0],"id":50,"left_children":[1,3,5,-1,7,9,-1,-1,-1,-1,-1],"loss_changes":[7.785645E0,2.0422761E0,1.4485326E0,0E0,3.6045194E-2,3.1472743E-3,0E0,0E0,0E0,0E0,0E0],"parents":[2147483647,0,0,1,1,2,2,4,4,5,5],"right_children":[2,4,6,-1,8,10,-1,-1,-1,-1,-1],"split_conditions":[7.03938E-1,2.0038351E-1,1E0,-1.613336E-1,2.9977727E-1,8.046237E-1,1.6146278E-1,-4.1403007E-2,-1.3986778E-2,1.03702545E-2,3.8871765E-2],"split_indices":[0,0,0,0,0,0,0,0,0,0,0],"split_type":[0,0,0,0,0,0,0,0,0,0,0],"sum_hessian":[9E0,5E0,4E0,1E0,4E0,3E0,1E0,1E0,3E0,1E0,2E0],"tree_param":{"num_deleted":"0","num_feature":"2","num_nodes":"11","size_leaf_vector":"1"}},{"base_weights":[-1.62611E-3,-7.282503E-1,8.706482E-1,-1.5326695E-1,-2.608326E-1,3.2136154E-1,1.5338974E-1,-3.9332867E-2,-1.2937642E-2,9.8518375E-3,3.6280315E-2],"categories":[],"categories_nodes":[],"categories_segments":[],"categories_sizes":[],"default_left":[0,0,0,0,0,0,0,0,0,0,0],"id":51,"left_children":[1,3,5,-1,7,9,-1,-1,-1,-1,-1],"loss_changes":[6.9722066E0,1.8562286E0,1.328634E0,0E0,3.619972E-2,1.1971295E-3,0E0,0E0,0E0,0E0,0E0],"parents":[2147483647,0,0,1,1,2,2,4,4,5,5],"right_children":[2,4,6,-1,8,10,-1,-1,-1,-1,-1],"split_conditions":[7.03938E-1,2.0038351E-1,1E0,-1.5326695E-1,2.9977727E-1,8.046237E-1,1.5338974E-1,-3.9332867E-2,-1.2937642E-2,9.8518375E-3,3.6280315E-2],"split_indices":[0,0,0,0,0,0,0,0,0,0,0],"split_type":[0,0,0,0,0,0,0,0,0,0,0],"sum_hessian":[9E0,5E0,4E0,1E0,4E0,3E0,1E0,1E0,3E0,1E0,2E0],"tree_param":{"num_deleted":"0","num_feature":"2","num_nodes":"11","size_leaf_vector":"1"}},{"base_weights":[-2.0636558E-3,-6.896806E-1,8.2348937E-1,-1.4560361E-1,-2.4520226E-1,3.0076027E-2,1.4572029E-1,-3.73662E-2,-1.1967182E-2],"categories":[],"categories_nodes":[],"categories_segments":[],"categories_sizes":[],"default_left":[0,0,0,0,0,0,0,0,0],"id":52,"left_children":[1,3,5,-1,7,-1,-1,-1,-1],"loss_changes":[6.2445874E0,1.6867468E0,1.2180336E0,0E0,3.5911202E-2,0E0,0E0,0E0,0E0],"parents":[2147483647,0,0,1,1,2,2,4,4],"right_children":[2,4,6,-1,8,-1,-1,-1,-1],"split_conditions":[7.03938E-1,2.0038351E-1,1E0,-1.4560361E-1,2.9977727E-1,3.0076027E-2,1.4572029E-1,-3.73662E-2,-1.1967182E-2],"split_indices":[0,0,0,0,0,0,0,0,0],"split_type":[0,0,0,0,0,0,0,0,0],"sum_hessian":[9E0,5E0,4E0,1E0,4E0,3E0,1E0,1E0,3E0],"tree_param":{"num_deleted":"0","num_feature":"2","num_nodes":"9","size_leaf_vector":"1"}},{"base_weights":[-3.771305E-3,-6.5320224E-1,7.763001E-1,-1.3832346E-1,-2.3054886E-1,2.7820396E-1,1.3843422E-1,-3.5497855E-2,-1.106968E-2,7.855606E-3,3.185679E-2],"categories":[],"categories_nodes":[],"categories_segments":[],"categories_sizes":[],"default_left":[0,0,0,0,0,0,0,0,0,0,0],"id":53,"left_children":[1,3,5,-1,7,9,-1,-1,-1,-1,-1],"loss_changes":[5.573106E0,1.5324004E0,1.1291876E0,0E0,3.527081E-2,7.2088838E-3,0E0,0E0,0E0,0E0,0E0],"parents":[2147483647,0,0,1,1,2,2,4,4,5,5],"right_children":[2,4,6,-1,8,10,-1,-1,-1,-1,-1],"split_conditions":[7.03938E-1,2.0038351E-1,1E0,-1.3832346E-1,2.9977727E-1,8.046237E-1,1.3843422E-1,-3.5497855E-2,-1.106968E-2,7.855606E-3,3.185679E-2],"split_indices":[0,0,0,0,0,0,0,0,0,0,0],"split_type":[0,0,0,0,0,0,0,0,0,0,0],"sum_hessian":[9E0,5E0,4E0,1E0,4E0,3E0,1E0,1E0,3E0,1E0,2E0],"tree_param":{"num_deleted":"0","num_feature":"2","num_nodes":"11","size_leaf_vector":"1"}},{"base_weights":[-4.069519E-3,-6.1869687E-1,7.3429716E-1,-1.3140726E-1,-2.1680717E-1,2.6030922E-1,1.3151245E-1,-3.3722974E-2,-1.023941E-2,7.4626924E-3,2.9732767E-2],"categories":[],"categories_nodes":[],"categories_segments":[],"categories_sizes":[],"default_left":[0,0,0,0,0,0,0,0,0,0,0],"id":54,"left_children":[1,3,5,-1,7,9,-1,-1,-1,-1,-1],"loss_changes":[4.9925113E0,1.3918858E0,1.0341868E0,0E0,3.435923E-2,5.3060353E-3,0E0,0E0,0E0,0E0,0E0],"parents":[2147483647,0,0,1,1,2,2,4,4,5,5],"right_children":[2,4,6,-1,8,10,-1,-1,-1,-1,-1],"split_conditions":[7.03938E-1,2.0038351E-1,1E0,-1.3140726E-1,2.9977727E-1,8.046237E-1,1.3151245E-1,-3.3722974E-2,-1.023941E-2,7.4626924E-3,2.9732767E-2],"split_indices":[0,0,0,0,0,0,0,0,0,0,0],"split_type":[0,0,0,0,0,0,0,0,0,0,0],"sum_hessian":[9E0,5E0,4E0,1E0,4E0,3E0,1E0,1E0,3E0,1E0,2E0],"tree_param":{"num_deleted":"0","num_feature":"2","num_nodes":"11","size_leaf_vector":"1"}},{"base_weights":[-4.328823E-3,-1.0458244E0,3.867731E-1,-1.2483688E-1,-3.203678E-2,-2.816518E-3,1.037028E0,-9.471512E-3,1.2065379E-2,3.0617524E-2,1.2493668E-1],"categories":[],"categories_nodes":[],"categories_segments":[],"categories_sizes":[],"default_left":[0,0,0,0,0,0,0,0,0,0,0],"id":55,"left_children":[1,3,5,-1,-1,7,9,-1,-1,-1,-1],"loss_changes":[4.477806E0,4.0874004E-2,2.0295813E0,0E0,0E0,7.950823E-2,8.304E-2,0E0,0E0,0E0,0E0],"parents":[2147483647,0,0,1,1,2,2,5,5,6,6],"right_children":[2,4,6,-1,-1,8,10,-1,-1,-1,-1],"split_conditions":[2.9977727E-1,2.0038351E-1,8.961544E-1,-1.2483688E-1,-3.203678E-2,7.03938E-1,1E0,-9.471512E-3,1.2065379E-2,3.0617524E-2,1.2493668E-1],"split_indices":[0,0,0,0,0,0,0,0,0,0,0],"split_type":[0,0,0,0,0,0,0,0,0,0,0],"sum_hessian":[9E0,2E0,7E0,1E0,1E0,5E0,2E0,3E0,2E0,1E0,1E0],"tree_param":{"num_deleted":"0","num_feature":"2","num_nodes":"11","size_leaf_vector":"1"}},{"base_weights":[-3.7677765E-3,-9.9353284E-1,3.678651E-1,-1.1859503E-1,-3.0434895E-2,-2.1012623E-3,9.851761E-1,-8.76112E-3,1.1261241E-2,2.9086685E-2,1.1868973E-1],"categories":[],"categories_nodes":[],"categories_segments":[],"categories_sizes":[],"default_left":[0,0,0,0,0,0,0,0,0,0,0],"id":56,"left_children":[1,3,5,-1,-1,7,9,-1,-1,-1,-1],"loss_changes":[4.0437784E0,3.689003E-2,1.8291445E0,0E0,0E0,6.8721056E-2,7.4941635E-2,0E0,0E0,0E0,0E0],"parents":[2147483647,0,0,1,1,2,2,5,5,6,6],"right_children":[2,4,6,-1,-1,8,10,-1,-1,-1,-1],"split_conditions":[2.9977727E-1,2.0038351E-1,8.961544E-1,-1.1859503E-1,-3.0434895E-2,7.03938E-1,1E0,-8.76112E-3,1.1261241E-2,2.9086685E-2,1.1868973E-1],"split_indices":[0,0,0,0,0,0,0,0,0,0,0],"split_type":[0,0,0,0,0,0,0,0,0,0,0],"sum_hessian":[9E0,2E0,7E0,1E0,1E0,5E0,2E0,3E0,2E0,1E0,1E0],"tree_param":{"num_deleted":"0","num_feature":"2","num_nodes":"11","size_leaf_vector":"1"}},{"base_weights":[-3.2655715E-3,-9.4385594E-1,3.49864E-1,-1.1266527E-1,-2.8913116E-2,-1.4737447E-3,9.3591815E-1,-8.103943E-3,1.0510508E-2,2.7632523E-2,1.127552E-1],"categories":[],"categories_nodes":[],"categories_segments":[],"categories_sizes":[],"default_left":[0,0,0,0,0,0,0,0,0,0,0],"id":57,"left_children":[1,3,5,-1,-1,7,9,-1,-1,-1,-1],"loss_changes":[3.6517239E0,3.329444E-2,1.648603E0,0E0,0E0,5.939776E-2,6.763005E-2,0E0,0E0,0E0,0E0],"parents":[2147483647,0,0,1,1,2,2,5,5,6,6],"right_children":[2,4,6,-1,-1,8,10,-1,-1,-1,-1],"split_conditions":[2.9977727E-1,2.0038351E-1,8.961544E-1,-1.1266527E-1,-2.8913116E-2,7.03938E-1,1E0,-8.103943E-3,1.0510508E-2,2.7632523E-2,1.127552E-1],"split_indices":[0,0,0,0,0,0,0,0,0,0,0],"split_type":[0,0,0,0,0,0,0,0,0,0,0],"sum_hessian":[9E0,2E0,7E0,1E0,1E0,5E0,2E0,3E0,2E0,1E0,1E0],"tree_param":{"num_deleted":"0","num_feature":"2","num_nodes":"11","size_leaf_vector":"1"}},{"base_weights":[-2.818489E-3,-8.96663E-1,3.3272552E-1,-1.07032016E-1,-2.7467443E-2,-9.2697144E-4,8.89122E-1,-7.4962616E-2,9.809622E-3,2.625084E-2,1.0711747E-1,-8.541107E-3,-2.1808625E-3],"categories":[],"categories_nodes":[],"categories_segments":[],"categories_sizes":[],"default_left":[0,0,0,0,0,0,0,0,0,0,0,0,0],"id":58,"left_children":[1,3,5,-1,-1,7,9,11,-1,-1,-1,-1,-1],"loss_changes":[3.2975845E0,3.0048609E-2,1.4859688E0,0E0,0E0,5.134102E-2,6.103778E-2,3.588125E-4,0E0,0E0,0E0,0E0,0E0],"parents":[2147483647,0,0,1,1,2,2,5,5,6,6,7,7],"right_children":[2,4,6,-1,-1,8,10,12,-1,-1,-1,-1,-1],"split_conditions":[2.9977727E-1,2.0038351E-1,8.961544E-1,-1.07032016E-1,-2.7467443E-2,7.03938E-1,1E0,5.041742E-1,9.809622E-3,2.625084E-2,1.0711747E-1,-8.541107E-3,-2.1808625E-3],"split_indices":[0,0,0,0,0,0,0,0,0,0,0,0,0],"split_type":[0,0,0,0,0,0,0,0,0,0,0,0,0],"sum_hessian":[9E0,2E0,7E0,1E0,1E0,5E0,2E0,3E0,2E0,1E0,1E0,2E0,1E0],"tree_param":{"num_deleted":"0","num_feature":"2","num_nodes":"13","size_leaf_vector":"1"}},{"base_weights":[-2.7413368E-3,-8.518298E-1,3.1600952E-1,-1.0168042E-1,-2.6094055E-2,-9.86735E-4,8.446655E-1,-7.014656E-2,9.155528E-3,2.4938202E-2,1.0176163E-1,-7.9717E-3,-2.0717622E-3],"categories":[],"categories_nodes":[],"categories_segments":[],"categories_sizes":[],"default_left":[0,0,0,0,0,0,0,0,0,0,0,0,0],"id":59,"left_children":[1,3,5,-1,-1,7,9,11,-1,-1,-1,-1,-1],"loss_changes":[2.9756632E0,2.7119398E-2,1.3414896E0,0E0,0E0,4.4823427E-2,5.508876E-2,2.4067983E-4,0E0,0E0,0E0,0E0,0E0],"parents":[2147483647,0,0,1,1,2,2,5,5,6,6,7,7],"right_children":[2,4,6,-1,-1,8,10,12,-1,-1,-1,-1,-1],"split_conditions":[2.9977727E-1,2.0038351E-1,8.961544E-1,-1.0168042E-1,-2.6094055E-2,7.03938E-1,1E0,5.041742E-1,9.155528E-3,2.4938202E-2,1.0176163E-1,-7.9717E-3,-2.0717622E-3],"split_indices":[0,0,0,0,0,0,0,0,0,0,0,0,0],"split_type":[0,0,0,0,0,0,0,0,0,0,0,0,0],"sum_hessian":[9E0,2E0,7E0,1E0,1E0,5E0,2E0,3E0,2E0,1E0,1E0,2E0,1E0],"tree_param":{"num_deleted":"0","num_feature":"2","num_nodes":"13","size_leaf_vector":"1"}},{"base_weights":[-2.6633262E-3,-8.0923814E-1,3.0013514E-1,-9.659638E-2,-2.4789333E-2,-1.0356903E-3,8.0243176E-1,-6.564236E-2,8.545176E-3,2.3691177E-2,9.6673585E-2,-7.4401856E-3,-1.968193E-3],"categories":[],"categories_nodes":[],"categories_segments":[],"categories_sizes":[],"default_left":[0,0,0,0,0,0,0,0,0,0,0,0,0],"id":60,"left_children":[1,3,5,-1,-1,7,9,11,-1,-1,-1,-1,-1],"loss_changes":[2.6851768E0,2.4475455E-2,1.2110476E0,0E0,0E0,3.9135247E-2,4.9720645E-2,1.4598854E-4,0E0,0E0,0E0,0E0,0E0],"parents":[2147483647,0,0,1,1,2,2,5,5,6,6,7,7],"right_children":[2,4,6,-1,-1,8,10,12,-1,-1,-1,-1,-1],"split_conditions":[2.9977727E-1,2.0038351E-1,8.961544E-1,-9.659638E-2,-2.4789333E-2,7.03938E-1,1E0,5.041742E-1,8.545176E-3,2.3691177E-2,9.6673585E-2,-7.4401856E-3,-1.968193E-3],"split_indices":[0,0,0,0,0,0,0,0,0,0,0,0,0],"split_type":[0,0,0,0,0,0,0,0,0,0,0,0,0],"sum_hessian":[9E0,2E0,7E0,1E0,1E0,5E0,2E0,3E0,2E0,1E0,1E0,2E0,1E0],"tree_param":{"num_deleted":"0","num_feature":"2","num_nodes":"13","size_leaf_vector":"1"}},{"base_weights":[-2.5852204E-3,-7.6877594E-1,2.8505945E-1,-9.176655E-2,-2.3549844E-2,-1.0763804E-3,7.623113E-1,-6.143093E-2,7.975515E-3,2.2506714E-2,9.1839984E-2,-6.944275E-3,-1.8697738E-3],"categories":[],"categories_nodes":[],"categories_segments":[],"categories_sizes":[],"default_left":[0,0,0,0,0,0,0,0,0,0,0,0,0],"id":61,"left_children":[1,3,5,-1,-1,7,9,11,-1,-1,-1,-1,-1],"loss_changes":[2.4230537E0,2.2089481E-2,1.0932914E0,0E0,0E0,3.4170736E-2,4.487121E-2,7.105991E-5,0E0,0E0,0E0,0E0,0E0],"parents":[2147483647,0,0,1,1,2,2,5,5,6,6,7,7],"right_children":[2,4,6,-1,-1,8,10,12,-1,-1,-1,-1,-1],"split_conditions":[2.9977727E-1,2.0038351E-1,8.961544E-1,-9.176655E-2,-2.3549844E-2,7.03938E-1,1E0,5.041742E-1,7.975515E-3,2.2506714E-2,9.1839984E-2,-6.944275E-3,-1.8697738E-3],"split_indices":[0,0,0,0,0,0,0,0,0,0,0,0,0],"split_type":[0,0,0,0,0,0,0,0,0,0,0,0,0],"sum_hessian":[9E0,2E0,7E0,1E0,1E0,5E0,2E0,3E0,2E0,1E0,1E0,2E0,1E0],"tree_param":{"num_deleted":"0","num_feature":"2","num_nodes":"13","size_leaf_vector":"1"}},{"base_weights":[-2.5075912E-3,-7.3033714E-1,2.7074194E-1,-8.717823E-2,-2.237234E-2,-1.1081696E-3,7.241948E-1,-5.7492256E-2,7.4440003E-3,2.1381378E-2,8.724785E-2,-6.481425E-3,-1.7763138E-3],"categories":[],"categories_nodes":[],"categories_segments":[],"categories_sizes":[],"default_left":[0,0,0,0,0,0,0,0,0,0,0,0,0],"id":62,"left_children":[1,3,5,-1,-1,7,9,11,-1,-1,-1,-1,-1],"loss_changes":[2.1865234E0,1.9936204E-2,9.8697245E-1,0E0,0E0,2.983801E-2,4.0495515E-2,1.2281351E-5,0E0,0E0,0E0,0E0,0E0],"parents":[2147483647,0,0,1,1,2,2,5,5,6,6,7,7],"right_children":[2,4,6,-1,-1,8,10,12,-1,-1,-1,-1,-1],"split_conditions":[2.9977727E-1,2.0038351E-1,8.961544E-1,-8.717823E-2,-2.237234E-2,7.03938E-1,1E0,5.041742E-1,7.4440003E-3,2.1381378E-2,8.724785E-2,-6.481425E-3,-1.7763138E-3],"split_indices":[0,0,0,0,0,0,0,0,0,0,0,0,0],"split_type":[0,0,0,0,0,0,0,0,0,0,0,0,0],"sum_hessian":[9E0,2E0,7E0,1E0,1E0,5E0,2E0,3E0,2E0,1E0,1E0,2E0,1E0],"tree_param":{"num_deleted":"0","num_feature":"2","num_nodes":"13","size_leaf_vector":"1"}},{"base_weights":[-2.431202E-3,-6.9382E-1,2.571435E-1,-8.281932E-2,-2.125368E-2,-1.1336008E-3,6.879832E-1,-5.380726E-3,6.9475807E-3,2.031212E-2,8.288536E-2],"categories":[],"categories_nodes":[],"categories_segments":[],"categories_sizes":[],"default_left":[0,0,0,0,0,0,0,0,0,0,0],"id":63,"left_children":[1,3,5,-1,-1,7,9,-1,-1,-1,-1],"loss_changes":[1.9730816E0,1.7993212E-2,8.9098805E-1,0E0,0E0,2.605384E-2,3.655052E-2,0E0,0E0,0E0,0E0],"parents":[2147483647,0,0,1,1,2,2,5,5,6,6],"right_children":[2,4,6,-1,-1,8,10,-1,-1,-1,-1],"split_conditions":[2.9977727E-1,2.0038351E-1,8.961544E-1,-8.281932E-2,-2.125368E-2,7.03938E-1,1E0,-5.380726E-3,6.9475807E-3,2.031212E-2,8.288536E-2],"split_indices":[0,0,0,0,0,0,0,0,0,0,0],"split_type":[0,0,0,0,0,0,0,0,0,0,0],"sum_hessian":[9E0,2E0,7E0,1E0,1E0,5E0,2E0,3E0,2E0,1E0,1E0],"tree_param":{"num_deleted":"0","num_feature":"2","num_nodes":"11","size_leaf_vector":"1"}},{"base_weights":[-2.1187782E-3,-6.5912914E-1,2.4452496E-1,-7.867837E-2,-2.0191003E-2,-7.5912476E-4,6.535848E-1,-4.9770355E-2,6.4842226E-3,1.9296646E-2,7.874107E-2,-5.690511E-3,-1.4183045E-3],"categories":[],"categories_nodes":[],"categories_segments":[],"categories_sizes":[],"default_left":[0,0,0,0,0,0,0,0,0,0,0,0,0],"id":64,"left_children":[1,3,5,-1,-1,7,9,11,-1,-1,-1,-1,-1],"loss_changes":[1.7816484E0,1.6238809E-2,8.031831E-1,0E0,0E0,2.2518437E-2,3.2984138E-2,2.0853896E-4,0E0,0E0,0E0,0E0,0E0],"parents":[2147483647,0,0,1,1,2,2,5,5,6,6,7,7],"right_children":[2,4,6,-1,-1,8,10,12,-1,-1,-1,-1,-1],"split_conditions":[2.9977727E-1,2.0038351E-1,8.961544E-1,-7.867837E-2,-2.0191003E-2,7.03938E-1,1E0,5.041742E-1,6.4842226E-3,1.9296646E-2,7.874107E-2,-5.690511E-3,-1.4183045E-3],"split_indices":[0,0,0,0,0,0,0,0,0,0,0,0,0],"split_type":[0,0,0,0,0,0,0,0,0,0,0,0,0],"sum_hessian":[9E0,2E0,7E0,1E0,1E0,5E0,2E0,3E0,2E0,1E0,1E0,2E0,1E0],"tree_param":{"num_deleted":"0","num_feature":"2","num_nodes":"13","size_leaf_vector":"1"}},{"base_weights":[-2.0524026E-3,-6.261727E-1,2.3224926E-1,-7.474446E-2,-1.9181443E-2,-7.870992E-4,6.209056E-1,-4.6569824E-2,6.05189E-3,1.833191E-2,7.4803926E-2,-5.311076E-3,-1.3473511E-3],"categories":[],"categories_nodes":[],"categories_segments":[],"categories_sizes":[],"default_left":[0,0,0,0,0,0,0,0,0,0,0,0,0],"id":65,"left_children":[1,3,5,-1,-1,7,9,11,-1,-1,-1,-1,-1],"loss_changes":[1.6077524E0,1.4655709E-2,7.250571E-1,0E0,0E0,1.965889E-2,2.9766083E-2,1.5033409E-4,0E0,0E0,0E0,0E0,0E0],"parents":[2147483647,0,0,1,1,2,2,5,5,6,6,7,7],"right_children":[2,4,6,-1,-1,8,10,12,-1,-1,-1,-1,-1],"split_conditions":[2.9977727E-1,2.0038351E-1,8.961544E-1,-7.474446E-2,-1.9181443E-2,7.03938E-1,1E0,5.041742E-1,6.05189E-3,1.833191E-2,7.4803926E-2,-5.311076E-3,-1.3473511E-3],"split_indices":[0,0,0,0,0,0,0,0,0,0,0,0,0],"split_type":[0,0,0,0,0,0,0,0,0,0,0,0,0],"sum_hessian":[9E0,2E0,7E0,1E0,1E0,5E0,2E0,3E0,2E0,1E0,1E0,2E0,1E0],"tree_param":{"num_deleted":"0","num_feature":"2","num_nodes":"13","size_leaf_vector":"1"}},{"base_weights":[-1.987076E-3,-5.948639E-1,2.2059011E-1,-7.100725E-2,-1.8222332E-2,-8.093516E-4,5.89859E-1,-4.3578148E-2,5.648549E-3,1.7415239E-2,7.1063615E-2,-4.957072E-3,-1.2800217E-3],"categories":[],"categories_nodes":[],"categories_segments":[],"categories_sizes":[],"default_left":[0,0,0,0,0,0,0,0,0,0,0,0,0],"id":66,"left_children":[1,3,5,-1,-1,7,9,11,-1,-1,-1,-1,-1],"loss_changes":[1.4508296E0,1.3227463E-2,6.545249E-1,0E0,0E0,1.7164122E-2,2.6864648E-2,1.03239436E-4,0E0,0E0,0E0,0E0,0E0],"parents":[2147483647,0,0,1,1,2,2,5,5,6,6,7,7],"right_children":[2,4,6,-1,-1,8,10,12,-1,-1,-1,-1,-1],"split_conditions":[2.9977727E-1,2.0038351E-1,8.961544E-1,-7.100725E-2,-1.8222332E-2,7.03938E-1,1E0,5.041742E-1,5.648549E-3,1.7415239E-2,7.1063615E-2,-4.957072E-3,-1.2800217E-3],"split_indices":[0,0,0,0,0,0,0,0,0,0,0,0,0],"split_type":[0,0,0,0,0,0,0,0,0,0,0,0,0],"sum_hessian":[9E0,2E0,7E0,1E0,1E0,5E0,2E0,3E0,2E0,1E0,1E0,2E0,1E0],"tree_param":{"num_deleted":"0","num_feature":"2","num_nodes":"13","size_leaf_vector":"1"}},{"base_weights":[-1.9217491E-3,-5.651204E-1,2.0951796E-1,-6.7456864E-2,-1.7311191E-2,-8.2588196E-4,5.6036633E-1,-4.0780067E-2,5.2721663E-3,1.6544342E-2,6.7510605E-2,-4.6267193E-3,-1.2159348E-3],"categories":[],"categories_nodes":[],"categories_segments":[],"categories_sizes":[],"default_left":[0,0,0,0,0,0,0,0,0,0,0,0,0],"id":67,"left_children":[1,3,5,-1,-1,7,9,11,-1,-1,-1,-1,-1],"loss_changes":[1.3092284E0,1.19380355E-2,5.908531E-1,0E0,0E0,1.4986685E-2,2.4248183E-2,6.560283E-5,0E0,0E0,0E0,0E0,0E0],"parents":[2147483647,0,0,1,1,2,2,5,5,6,6,7,7],"right_children":[2,4,6,-1,-1,8,10,12,-1,-1,-1,-1,-1],"split_conditions":[2.9977727E-1,2.0038351E-1,8.961544E-1,-6.7456864E-2,-1.7311191E-2,7.03938E-1,1E0,5.041742E-1,5.2721663E-3,1.6544342E-2,6.7510605E-2,-4.6267193E-3,-1.2159348E-3],"split_indices":[0,0,0,0,0,0,0,0,0,0,0,0,0],"split_type":[0,0,0,0,0,0,0,0,0,0,0,0,0],"sum_hessian":[9E0,2E0,7E0,1E0,1E0,5E0,2E0,3E0,2E0,1E0,1E0,2E0,1E0],"tree_param":{"num_deleted":"0","num_feature":"2","num_nodes":"13","size_leaf_vector":"1"}},{"base_weights":[-1.8582344E-3,-5.368643E-1,1.9900131E-1,-6.408401E-2,-1.6445637E-2,-8.3796185E-4,5.3234607E-1,-3.816223E-2,4.920705E-3,1.5716935E-2,6.413498E-2,-4.3182373E-3,-1.1550904E-3],"categories":[],"categories_nodes":[],"categories_segments":[],"categories_sizes":[],"default_left":[0,0,0,0,0,0,0,0,0,0,0,0,0],"id":68,"left_children":[1,3,5,-1,-1,7,9,11,-1,-1,-1,-1,-1],"loss_changes":[1.1814474E0,1.0773957E-2,5.3336906E-1,0E0,0E0,1.3085213E-2,2.1886468E-2,3.557466E-5,0E0,0E0,0E0,0E0,0E0],"parents":[2147483647,0,0,1,1,2,2,5,5,6,6,7,7],"right_children":[2,4,6,-1,-1,8,10,12,-1,-1,-1,-1,-1],"split_conditions":[2.9977727E-1,2.0038351E-1,8.961544E-1,-6.408401E-2,-1.6445637E-2,7.03938E-1,1E0,5.041742E-1,4.920705E-3,1.5716935E-2,6.413498E-2,-4.3182373E-3,-1.1550904E-3],"split_indices":[0,0,0,0,0,0,0,0,0,0,0,0,0],"split_type":[0,0,0,0,0,0,0,0,0,0,0,0,0],"sum_hessian":[9E0,2E0,7E0,1E0,1E0,5E0,2E0,3E0,2E0,1E0,1E0,2E0,1E0],"tree_param":{"num_deleted":"0","num_feature":"2","num_nodes":"13","size_leaf_vector":"1"}},{"base_weights":[-1.7951966E-3,-5.100212E-1,1.8901396E-1,-6.0879804E-2,-1.5623379E-2,-8.46227E-4,5.057297E-1,-3.571415E-2,4.5926413E-3,1.4931107E-2,6.0928345E-2,-4.030355E-3,-1.0972976E-3],"categories":[],"categories_nodes":[],"categories_segments":[],"categories_sizes":[],"default_left":[0,0,0,0,0,0,0,0,0,0,0,0,0],"id":69,"left_children":[1,3,5,-1,-1,7,9,11,-1,-1,-1,-1,-1],"loss_changes":[1.0661429E0,9.723127E-3,4.8148158E-1,0E0,0E0,1.1425412E-2,1.975274E-2,1.1938624E-5,0E0,0E0,0E0,0E0,0E0],"parents":[2147483647,0,0,1,1,2,2,5,5,6,6,7,7],"right_children":[2,4,6,-1,-1,8,10,12,-1,-1,-1,-1,-1],"split_conditions":[2.9977727E-1,2.0038351E-1,8.961544E-1,-6.0879804E-2,-1.5623379E-2,7.03938E-1,1E0,5.041742E-1,4.5926413E-3,1.4931107E-2,6.0928345E-2,-4.030355E-3,-1.0972976E-3],"split_indices":[0,0,0,0,0,0,0,0,0,0,0,0,0],"split_type":[0,0,0,0,0,0,0,0,0,0,0,0,0],"sum_hessian":[9E0,2E0,7E0,1E0,1E0,5E0,2E0,3E0,2E0,1E0,1E0,2E0,1E0],"tree_param":{"num_deleted":"0","num_feature":"2","num_nodes":"13","size_leaf_vector":"1"}},{"base_weights":[-1.7331124E-3,-4.845203E-1,1.7952871E-1,-5.7835817E-2,-1.4842224E-2,-8.500417E-4,4.8044333E-1,-3.3423423E-3,4.2864483E-2,1.4184571E-2,5.788193E-2,1.2554169E-3,5.1742555E-3],"categories":[],"categories_nodes":[],"categories_segments":[],"categories_sizes":[],"default_left":[0,0,0,0,0,0,0,0,0,0,0,0,0],"id":70,"left_children":[1,3,5,-1,-1,7,9,-1,11,-1,-1,-1,-1],"loss_changes":[9.6209407E-1,8.774996E-3,4.3463728E-1,0E0,0E0,9.976258E-3,1.7826498E-2,0E0,1.5770644E-4,0E0,0E0,0E0,0E0],"parents":[2147483647,0,0,1,1,2,2,5,5,6,6,8,8],"right_children":[2,4,6,-1,-1,8,10,-1,12,-1,-1,-1,-1],"split_conditions":[2.9977727E-1,2.0038351E-1,8.961544E-1,-5.7835817E-2,-1.4842224E-2,7.03938E-1,1E0,-3.3423423E-3,8.046237E-1,1.4184571E-2,5.788193E-2,1.2554169E-3,5.1742555E-3],"split_indices":[0,0,0,0,0,0,0,0,0,0,0,0,0],"split_type":[0,0,0,0,0,0,0,0,0,0,0,0,0],"sum_hessian":[9E0,2E0,7E0,1E0,1E0,5E0,2E0,3E0,2E0,1E0,1E0,1E0,1E0],"tree_param":{"num_deleted":"0","num_feature":"2","num_nodes":"13","size_leaf_vector":"1"}},{"base_weights":[-1.3126374E-3,-4.602941E-1,1.7096949E-1,-5.494404E-2,-1.4100075E-2,-2.5113425E-4,4.564209E-1,-3.0917168E-2,4.0720623E-2,1.3475418E-2,5.4987717E-2,-3.5387676E-3,-8.752823E-4,1.1924744E-3,4.915619E-3],"categories":[],"categories_nodes":[],"categories_segments":[],"categories_sizes":[],"default_left":[0,0,0,0,0,0,0,0,0,0,0,0,0,0,0],"id":71,"left_children":[1,3,5,-1,-1,7,9,11,13,-1,-1,-1,-1,-1,-1],"loss_changes":[8.6943924E-1,7.919967E-3,3.9111596E-1,0E0,0E0,8.797614E-3,1.6086996E-2,8.660159E-5,1.4255336E-4,0E0,0E0,0E0,0E0,0E0,0E0],"parents":[2147483647,0,0,1,1,2,2,5,5,6,6,7,7,8,8],"right_children":[2,4,6,-1,-1,8,10,12,14,-1,-1,-1,-1,-1,-1],"split_conditions":[2.9977727E-1,2.0038351E-1,8.961544E-1,-5.494404E-2,-1.4100075E-2,7.03938E-1,1E0,5.041742E-1,8.046237E-1,1.3475418E-2,5.4987717E-2,-3.5387676E-3,-8.752823E-4,1.1924744E-3,4.915619E-3],"split_indices":[0,0,0,0,0,0,0,0,0,0,0,0,0,0,0],"split_type":[0,0,0,0,0,0,0,0,0,0,0,0,0,0,0],"sum_hessian":[9E0,2E0,7E0,1E0,1E0,5E0,2E0,3E0,2E0,1E0,1E0,2E0,1E0,1E0,1E0],"tree_param":{"num_deleted":"0","num_feature":"2","num_nodes":"15","size_leaf_vector":"1"}},{"base_weights":[-1.0689736E-3,-4.3727908E-1,1.6264343E-1,-5.2196838E-2,-1.33950235E-2,5.722046E-5,4.3360138E-1,-2.8928757E-2,3.8686115E-2,1.2801743E-2,5.2238464E-2,-3.3027648E-3,-8.31604E-4,1.1329651E-3,4.6699527E-3],"categories":[],"categories_nodes":[],"categories_segments":[],"categories_sizes":[],"default_left":[0,0,0,0,0,0,0,0,0,0,0,0,0,0,0],"id":72,"left_children":[1,3,5,-1,-1,7,9,11,13,-1,-1,-1,-1,-1,-1],"loss_changes":[7.852506E-1,7.1483254E-3,3.524074E-1,0E0,0E0,7.837319E-3,1.4517844E-2,6.329804E-5,1.2856582E-4,0E0,0E0,0E0,0E0,0E0,0E0],"parents":[2147483647,0,0,1,1,2,2,5,5,6,6,7,7,8,8],"right_children":[2,4,6,-1,-1,8,10,12,14,-1,-1,-1,-1,-1,-1],"split_conditions":[2.9977727E-1,2.0038351E-1,8.961544E-1,-5.2196838E-2,-1.33950235E-2,7.03938E-1,1E0,5.041742E-1,8.046237E-1,1.2801743E-2,5.2238464E-2,-3.3027648E-3,-8.31604E-4,1.1329651E-3,4.6699527E-3],"split_indices":[0,0,0,0,0,0,0,0,0,0,0,0,0,0,0],"split_type":[0,0,0,0,0,0,0,0,0,0,0,0,0,0,0],"sum_hessian":[9E0,2E0,7E0,1E0,1E0,5E0,2E0,3E0,2E0,1E0,1E0,2E0,1E0,1E0,1E0],"tree_param":{"num_deleted":"0","num_feature":"2","num_nodes":"15","size_leaf_vector":"1"}},{"base_weights":[-8.5058215E-4,-4.1541514E-1,1.5471745E-1,-4.958701E-2,-1.2725258E-2,3.2933554E-4,4.1192117E-1,-2.7069092E-2,3.6750793E-2,1.2161637E-2,4.962654E-2,-3.0825296E-3,-7.900238E-4,1.0761261E-3,4.436493E-3],"categories":[],"categories_nodes":[],"categories_segments":[],"categories_sizes":[],"default_left":[0,0,0,0,0,0,0,0,0,0,0,0,0,0,0],"id":73,"left_children":[1,3,5,-1,-1,7,9,11,13,-1,-1,-1,-1,-1,-1],"loss_changes":[7.092019E-1,6.4516068E-3,3.1753796E-1,0E0,0E0,6.9821547E-3,1.3102591E-2,4.4481363E-5,1.162407E-4,0E0,0E0,0E0,0E0,0E0,0E0],"parents":[2147483647,0,0,1,1,2,2,5,5,6,6,7,7,8,8],"right_children":[2,4,6,-1,-1,8,10,12,14,-1,-1,-1,-1,-1,-1],"split_conditions":[2.9977727E-1,2.0038351E-1,8.961544E-1,-4.958701E-2,-1.2725258E-2,7.03938E-1,1E0,5.041742E-1,8.046237E-1,1.2161637E-2,4.962654E-2,-3.0825296E-3,-7.900238E-4,1.0761261E-3,4.436493E-3],"split_indices":[0,0,0,0,0,0,0,0,0,0,0,0,0,0,0],"split_type":[0,0,0,0,0,0,0,0,0,0,0,0,0,0,0],"sum_hessian":[9E0,2E0,7E0,1E0,1E0,5E0,2E0,3E0,2E0,1E0,1E0,2E0,1E0,1E0,1E0],"tree_param":{"num_deleted":"0","num_feature":"2","num_nodes":"15","size_leaf_vector":"1"}},{"base_weights":[-6.5374374E-4,-3.946441E-1,1.4717436E-1,-4.7107648E-2,-1.2088967E-2,5.7029724E-4,3.9132437E-1,-2.5330544E-2,3.4914654E-2,1.1553573E-2,4.714508E-2,-2.8770447E-3,-7.505417E-4,1.0223389E-3,4.214859E-3],"categories":[],"categories_nodes":[],"categories_segments":[],"categories_sizes":[],"default_left":[0,0,0,0,0,0,0,0,0,0,0,0,0,0,0],"id":74,"left_children":[1,3,5,-1,-1,7,9,11,13,-1,-1,-1,-1,-1,-1],"loss_changes":[6.4050996E-1,5.8228374E-3,2.8612387E-1,0E0,0E0,6.221693E-3,1.1824489E-2,2.9332703E-5,1.04943756E-4,0E0,0E0,0E0,0E0,0E0,0E0],"parents":[2147483647,0,0,1,1,2,2,5,5,6,6,7,7,8,8],"right_children":[2,4,6,-1,-1,8,10,12,14,-1,-1,-1,-1,-1,-1],"split_conditions":[2.9977727E-1,2.0038351E-1,8.961544E-1,-4.7107648E-2,-1.2088967E-2,7.03938E-1,1E0,5.041742E-1,8.046237E-1,1.1553573E-2,4.714508E-2,-2.8770447E-3,-7.505417E-4,1.0223389E-3,4.214859E-3],"split_indices":[0,0,0,0,0,0,0,0,0,0,0,0,0,0,0],"split_type":[0,0,0,0,0,0,0,0,0,0,0,0,0,0,0],"sum_hessian":[9E0,2E0,7E0,1E0,1E0,5E0,2E0,3E0,2E0,1E0,1E0,2E0,1E0,1E0,1E0],"tree_param":{"num_deleted":"0","num_feature":"2","num_nodes":"15","size_leaf_vector":"1"}},{"base_weights":[-4.7636032E-4,-3.7491193E-1,1.3999653E-1,-4.4752266E-2,-1.1484528E-2,7.8201294E-4,3.7176004E-1,-2.3704529E-2,3.3170063E-2,1.0976029E-2,4.478798E-2,-2.6852926E-3,-7.1296695E-4,9.7122195E-4,4.004288E-3],"categories":[],"categories_nodes":[],"categories_segments":[],"categories_sizes":[],"default_left":[0,0,0,0,0,0,0,0,0,0,0,0,0,0,0],"id":75,"left_children":[1,3,5,-1,-1,7,9,11,13,-1,-1,-1,-1,-1,-1],"loss_changes":[5.784669E-1,5.254984E-3,2.5782806E-1,0E0,0E0,5.544709E-3,1.0670632E-2,1.7284416E-5,9.475858E-5,0E0,0E0,0E0,0E0,0E0,0E0],"parents":[2147483647,0,0,1,1,2,2,5,5,6,6,7,7,8,8],"right_children":[2,4,6,-1,-1,8,10,12,14,-1,-1,-1,-1,-1,-1],"split_conditions":[2.9977727E-1,2.0038351E-1,8.961544E-1,-4.4752266E-2,-1.1484528E-2,7.03938E-1,1E0,5.041742E-1,8.046237E-1,1.0976029E-2,4.478798E-2,-2.6852926E-3,-7.1296695E-4,9.7122195E-4,4.004288E-3],"split_indices":[0,0,0,0,0,0,0,0,0,0,0,0,0,0,0],"split_type":[0,0,0,0,0,0,0,0,0,0,0,0,0,0,0],"sum_hessian":[9E0,2E0,7E0,1E0,1E0,5E0,2E0,3E0,2E0,1E0,1E0,2E0,1E0,1E0,1E0],"tree_param":{"num_deleted":"0","num_feature":"2","num_nodes":"15","size_leaf_vector":"1"}},{"base_weights":[-3.1805038E-4,-3.561665E-1,1.3316488E-1,-4.251466E-2,-1.091032E-2,9.6702576E-4,3.531723E-1,-2.2183418E-2,3.1511944E-2,1.0427094E-2,4.2548753E-2,-2.506256E-3,-6.772995E-4,9.227753E-4,3.8040162E-3],"categories":[],"categories_nodes":[],"categories_segments":[],"categories_sizes":[],"default_left":[0,0,0,0,0,0,0,0,0,0,0,0,0,0,0],"id":76,"left_children":[1,3,5,-1,-1,7,9,11,13,-1,-1,-1,-1,-1,-1],"loss_changes":[5.2242583E-1,4.7424734E-3,2.3233454E-1,0E0,0E0,4.941813E-3,9.632081E-3,7.726718E-6,8.540298E-5,0E0,0E0,0E0,0E0,0E0,0E0],"parents":[2147483647,0,0,1,1,2,2,5,5,6,6,7,7,8,8],"right_children":[2,4,6,-1,-1,8,10,12,14,-1,-1,-1,-1,-1,-1],"split_conditions":[2.9977727E-1,2.0038351E-1,8.961544E-1,-4.251466E-2,-1.091032E-2,7.03938E-1,1E0,5.041742E-1,8.046237E-1,1.0427094E-2,4.2548753E-2,-2.506256E-3,-6.772995E-4,9.227753E-4,3.8040162E-3],"split_indices":[0,0,0,0,0,0,0,0,0,0,0,0,0,0,0],"split_type":[0,0,0,0,0,0,0,0,0,0,0,0,0,0,0],"sum_hessian":[9E0,2E0,7E0,1E0,1E0,5E0,2E0,3E0,2E0,1E0,1E0,2E0,1E0,1E0,1E0],"tree_param":{"num_deleted":"0","num_feature":"2","num_nodes":"15","size_leaf_vector":"1"}},{"base_weights":[-1.7728805E-4,-3.3835825E-1,1.2666273E-1,-4.038892E-2,-1.0364818E-2,1.127243E-3,3.355128E-1,-2.0760536E-2,2.9935202E-2,9.905624E-3,4.0421296E-2,-2.6809692E-3,-9.807587E-4,8.7661744E-4,3.6136627E-3],"categories":[],"categories_nodes":[],"categories_segments":[],"categories_sizes":[],"default_left":[0,0,0,0,0,0,0,0,0,0,0,0,0,0,0],"id":77,"left_children":[1,3,5,-1,-1,7,9,11,13,-1,-1,-1,-1,-1,-1],"loss_changes":[4.7180614E-1,4.2799413E-3,2.0936659E-1,0E0,0E0,4.404724E-3,8.693963E-3,2.0859297E-6,7.705414E-5,0E0,0E0,0E0,0E0,0E0,0E0],"parents":[2147483647,0,0,1,1,2,2,5,5,6,6,7,7,8,8],"right_children":[2,4,6,-1,-1,8,10,12,14,-1,-1,-1,-1,-1,-1],"split_conditions":[2.9977727E-1,2.0038351E-1,8.961544E-1,-4.038892E-2,-1.0364818E-2,7.03938E-1,1E0,4.03275E-1,8.046237E-1,9.905624E-3,4.0421296E-2,-2.6809692E-3,-9.807587E-4,8.7661744E-4,3.6136627E-3],"split_indices":[0,0,0,0,0,0,0,0,0,0,0,0,0,0,0],"split_type":[0,0,0,0,0,0,0,0,0,0,0,0,0,0,0],"sum_hessian":[9E0,2E0,7E0,1E0,1E0,5E0,2E0,3E0,2E0,1E0,1E0,1E0,2E0,1E0,1E0],"tree_param":{"num_deleted":"0","num_feature":"2","num_nodes":"15","size_leaf_vector":"1"}},{"base_weights":[-1.1940002E-4,-3.2144037E-1,1.2039089E-1,-3.8369466E-2,-9.846592E-3,1.1520386E-3,3.187383E-1,-1.9599915E-2,2.8437296E-2,9.410477E-3,3.840027E-2,-2.5468827E-3,-9.154002E-4,8.327484E-4,3.4328462E-3],"categories":[],"categories_nodes":[],"categories_segments":[],"categories_sizes":[],"default_left":[0,0,0,0,0,0,0,0,0,0,0,0,0,0,0],"id":78,"left_children":[1,3,5,-1,-1,7,9,11,13,-1,-1,-1,-1,-1,-1],"loss_changes":[4.2592332E-1,3.8625002E-3,1.8883853E-1,0E0,0E0,3.9547025E-3,7.845223E-3,1.2082863E-5,6.9540925E-5,0E0,0E0,0E0,0E0,0E0,0E0],"parents":[2147483647,0,0,1,1,2,2,5,5,6,6,7,7,8,8],"right_children":[2,4,6,-1,-1,8,10,12,14,-1,-1,-1,-1,-1,-1],"split_conditions":[2.9977727E-1,2.0038351E-1,8.961544E-1,-3.8369466E-2,-9.846592E-3,7.03938E-1,1E0,4.03275E-1,8.046237E-1,9.410477E-3,3.840027E-2,-2.5468827E-3,-9.154002E-4,8.327484E-4,3.4328462E-3],"split_indices":[0,0,0,0,0,0,0,0,0,0,0,0,0,0,0],"split_type":[0,0,0,0,0,0,0,0,0,0,0,0,0,0,0],"sum_hessian":[9E0,2E0,7E0,1E0,1E0,5E0,2E0,3E0,2E0,1E0,1E0,1E0,2E0,1E0,1E0],"tree_param":{"num_deleted":"0","num_feature":"2","num_nodes":"15","size_leaf_vector":"1"}},{"base_weights":[-6.704331E-5,-3.0536875E-1,1.14429474E-1,-3.645101E-2,-9.354305E-3,1.1711121E-3,3.0280304E-1,-1.8505096E-2,2.7015686E-2,8.940125E-3,3.6480334E-2,-2.4194717E-3,-8.5436506E-4,7.9116825E-4,3.2611848E-3],"categories":[],"categories_nodes":[],"categories_segments":[],"categories_sizes":[],"default_left":[0,0,0,0,0,0,0,0,0,0,0,0,0,0,0],"id":79,"left_children":[1,3,5,-1,-1,7,9,11,13,-1,-1,-1,-1,-1,-1],"loss_changes":[3.8450298E-1,3.4855902E-3,1.7032441E-1,0E0,0E0,3.5510673E-3,7.079035E-3,1.999631E-5,6.27127E-5,0E0,0E0,0E0,0E0,0E0,0E0],"parents":[2147483647,0,0,1,1,2,2,5,5,6,6,7,7,8,8],"right_children":[2,4,6,-1,-1,8,10,12,14,-1,-1,-1,-1,-1,-1],"split_conditions":[2.9977727E-1,2.0038351E-1,8.961544E-1,-3.645101E-2,-9.354305E-3,7.03938E-1,1E0,4.03275E-1,8.046237E-1,8.940125E-3,3.6480334E-2,-2.4194717E-3,-8.5436506E-4,7.9116825E-4,3.2611848E-3],"split_indices":[0,0,0,0,0,0,0,0,0,0,0,0,0,0,0],"split_type":[0,0,0,0,0,0,0,0,0,0,0,0,0,0,0],"sum_hessian":[9E0,2E0,7E0,1E0,1E0,5E0,2E0,3E0,2E0,1E0,1E0,1E0,2E0,1E0,1E0],"tree_param":{"num_deleted":"0","num_feature":"2","num_nodes":"15","size_leaf_vector":"1"}},{"base_weights":[-2.1457672E-5,-2.9010043E-1,1.08760834E-1,-3.462844E-2,-8.886623E-3,1.1838278E-3,2.8766122E-1,-1.747322E-2,2.5665283E-2,8.493043E-3,3.4656145E-2,-2.2985458E-3,-7.9739885E-4,7.5149536E-4,3.0982972E-3],"categories":[],"categories_nodes":[],"categories_segments":[],"categories_sizes":[],"default_left":[0,0,0,0,0,0,0,0,0,0,0,0,0,0,0],"id":80,"left_children":[1,3,5,-1,-1,7,9,11,13,-1,-1,-1,-1,-1,-1],"loss_changes":[3.471061E-1,3.1454265E-3,1.53624E-1,0E0,0E0,3.1889654E-3,6.3890666E-3,2.6162365E-5,5.6717778E-5,0E0,0E0,0E0,0E0,0E0,0E0],"parents":[2147483647,0,0,1,1,2,2,5,5,6,6,7,7,8,8],"right_children":[2,4,6,-1,-1,8,10,12,14,-1,-1,-1,-1,-1,-1],"split_conditions":[2.9977727E-1,2.0038351E-1,8.961544E-1,-3.462844E-2,-8.886623E-3,7.03938E-1,1E0,4.03275E-1,8.046237E-1,8.493043E-3,3.4656145E-2,-2.2985458E-3,-7.9739885E-4,7.5149536E-4,3.0982972E-3],"split_indices":[0,0,0,0,0,0,0,0,0,0,0,0,0,0,0],"split_type":[0,0,0,0,0,0,0,0,0,0,0,0,0,0,0],"sum_hessian":[9E0,2E0,7E0,1E0,1E0,5E0,2E0,3E0,2E0,1E0,1E0,1E0,2E0,1E0,1E0],"tree_param":{"num_deleted":"0","num_feature":"2","num_nodes":"15","size_leaf_vector":"1"}},{"base_weights":[1.9836425E-5,-2.7559534E-1,1.0337305E-1,-3.2896996E-2,-8.442307E-3,1.1908213E-3,2.7327982E-1,-1.649952E-2,2.4381002E-2,8.068467E-3,3.292351E-2,-2.1835328E-3,-7.4424746E-4,7.137299E-4,2.9434205E-3],"categories":[],"categories_nodes":[],"categories_segments":[],"categories_sizes":[],"default_left":[0,0,0,0,0,0,0,0,0,0,0,0,0,0,0],"id":81,"left_children":[1,3,5,-1,-1,7,9,11,13,-1,-1,-1,-1,-1,-1],"loss_changes":[3.1334627E-1,2.8385967E-3,1.385662E-1,0E0,0E0,2.863728E-3,5.7659E-3,3.0797673E-5,5.132705E-5,0E0,0E0,0E0,0E0,0E0,0E0],"parents":[2147483647,0,0,1,1,2,2,5,5,6,6,7,7,8,8],"right_children":[2,4,6,-1,-1,8,10,12,14,-1,-1,-1,-1,-1,-1],"split_conditions":[2.9977727E-1,2.0038351E-1,8.961544E-1,-3.2896996E-2,-8.442307E-3,7.03938E-1,1E0,4.03275E-1,8.046237E-1,8.068467E-3,3.292351E-2,-2.1835328E-3,-7.4424746E-4,7.137299E-4,2.9434205E-3],"split_indices":[0,0,0,0,0,0,0,0,0,0,0,0,0,0,0],"split_type":[0,0,0,0,0,0,0,0,0,0,0,0,0,0,0],"sum_hessian":[9E0,2E0,7E0,1E0,1E0,5E0,2E0,3E0,2E0,1E0,1E0,1E0,2E0,1E0,1E0],"tree_param":{"num_deleted":"0","num_feature":"2","num_nodes":"15","size_leaf_vector":"1"}},{"base_weights":[5.5217744E-5,-2.618157E-1,9.824991E-2,-3.1252146E-2,-8.02021E-3,1.1920929E-3,2.5961557E-1,-1.5582085E-2,2.31603E-2,7.6648714E-3,3.1277467E-2,-2.0744323E-3,-6.946564E-4,6.778717E-4,2.796173E-3],"categories":[],"categories_nodes":[],"categories_segments":[],"categories_sizes":[],"default_left":[0,0,0,0,0,0,0,0,0,0,0,0,0,0,0],"id":82,"left_children":[1,3,5,-1,-1,7,9,11,13,-1,-1,-1,-1,-1,-1],"loss_changes":[2.8286675E-1,2.5616735E-3,1.2498492E-1,0E0,0E0,2.5718773E-3,5.2052587E-3,3.421266E-5,4.6420493E-5,0E0,0E0,0E0,0E0,0E0,0E0],"parents":[2147483647,0,0,1,1,2,2,5,5,6,6,7,7,8,8],"right_children":[2,4,6,-1,-1,8,10,12,14,-1,-1,-1,-1,-1,-1],"split_conditions":[2.9977727E-1,2.0038351E-1,8.961544E-1,-3.1252146E-2,-8.02021E-3,7.03938E-1,1E0,4.03275E-1,8.046237E-1,7.6648714E-3,3.1277467E-2,-2.0744323E-3,-6.946564E-4,6.778717E-4,2.796173E-3],"split_indices":[0,0,0,0,0,0,0,0,0,0,0,0,0,0,0],"split_type":[0,0,0,0,0,0,0,0,0,0,0,0,0,0,0],"sum_hessian":[9E0,2E0,7E0,1E0,1E0,5E0,2E0,3E0,2E0,1E0,1E0,1E0,2E0,1E0,1E0],"tree_param":{"num_deleted":"0","num_feature":"2","num_nodes":"15","size_leaf_vector":"1"}},{"base_weights":[8.6116794E-5,-2.4872494E-1,9.33795E-2,-2.968955E-2,-7.6191905E-3,1.1895498E-3,2.4663289E-1,-1.4716148E-2,2.2000631E-2,7.2814943E-3,2.971344E-2,-1.9706727E-3,-6.4837135E-4,6.439209E-4,2.6561737E-3],"categories":[],"categories_nodes":[],"categories_segments":[],"categories_sizes":[],"default_left":[0,0,0,0,0,0,0,0,0,0,0,0,0,0,0],"id":83,"left_children":[1,3,5,-1,-1,7,9,11,13,-1,-1,-1,-1,-1,-1],"loss_changes":[2.5535005E-1,2.3120195E-3,1.1273401E-1,0E0,0E0,2.3098532E-3,4.698381E-3,3.6565645E-5,4.1895313E-5,0E0,0E0,0E0,0E0,0E0,0E0],"parents":[2147483647,0,0,1,1,2,2,5,5,6,6,7,7,8,8],"right_children":[2,4,6,-1,-1,8,10,12,14,-1,-1,-1,-1,-1,-1],"split_conditions":[2.9977727E-1,2.0038351E-1,8.961544E-1,-2.968955E-2,-7.6191905E-3,7.03938E-1,1E0,4.03275E-1,8.046237E-1,7.2814943E-3,2.971344E-2,-1.9706727E-3,-6.4837135E-4,6.439209E-4,2.6561737E-3],"split_indices":[0,0,0,0,0,0,0,0,0,0,0,0,0,0,0],"split_type":[0,0,0,0,0,0,0,0,0,0,0,0,0,0,0],"sum_hessian":[9E0,2E0,7E0,1E0,1E0,5E0,2E0,3E0,2E0,1E0,1E0,1E0,2E0,1E0,1E0],"tree_param":{"num_deleted":"0","num_feature":"2","num_nodes":"15","size_leaf_vector":"1"}},{"base_weights":[1.14917755E-4,-2.3628838E-1,8.875179E-2,-2.8205061E-2,-7.2381976E-3,1.1850992E-3,2.3430125E-1,-1.38988495E-2,2.0901999E-2,6.917572E-3,2.8227616E-2,-1.8720627E-3,-6.051382E-4,6.118775E-4,2.5234222E-3],"categories":[],"categories_nodes":[],"categories_segments":[],"categories_sizes":[],"default_left":[0,0,0,0,0,0,0,0,0,0,0,0,0,0,0],"id":84,"left_children":[1,3,5,-1,-1,7,9,11,13,-1,-1,-1,-1,-1,-1],"loss_changes":[2.3051152E-1,2.0867884E-3,1.01684615E-1,0E0,0E0,2.0749657E-3,4.238978E-3,3.8069324E-5,3.7730206E-5,0E0,0E0,0E0,0E0,0E0,0E0],"parents":[2147483647,0,0,1,1,2,2,5,5,6,6,7,7,8,8],"right_children":[2,4,6,-1,-1,8,10,12,14,-1,-1,-1,-1,-1,-1],"split_conditions":[2.9977727E-1,2.0038351E-1,8.961544E-1,-2.8205061E-2,-7.2381976E-3,7.03938E-1,1E0,4.03275E-1,8.046237E-1,6.917572E-3,2.8227616E-2,-1.8720627E-3,-6.051382E-4,6.118775E-4,2.5234222E-3],"split_indices":[0,0,0,0,0,0,0,0,0,0,0,0,0,0,0],"split_type":[0,0,0,0,0,0,0,0,0,0,0,0,0,0,0],"sum_hessian":[9E0,2E0,7E0,1E0,1E0,5E0,2E0,3E0,2E0,1E0,1E0,1E0,2E0,1E0,1E0],"tree_param":{"num_deleted":"0","num_feature":"2","num_nodes":"15","size_leaf_vector":"1"}},{"base_weights":[1.3942718E-4,-2.2447395E-1,8.435202E-2,-2.6794815E-2,-6.876278E-3,1.1768341E-3,2.2258504E-1,-1.3127327E-2,1.9856771E-2,6.5715793E-3,2.6816178E-2,-1.7784119E-3,-5.647024E-4,5.813599E-4,2.3971559E-3],"categories":[],"categories_nodes":[],"categories_segments":[],"categories_sizes":[],"default_left":[0,0,0,0,0,0,0,0,0,0,0,0,0,0,0],"id":85,"left_children":[1,3,5,-1,-1,7,9,11,13,-1,-1,-1,-1,-1,-1],"loss_changes":[2.0808758E-1,1.8833876E-3,9.171852E-2,0E0,0E0,1.8638714E-3,3.8263053E-3,3.8909493E-5,3.3992925E-5,0E0,0E0,0E0,0E0,0E0,0E0],"parents":[2147483647,0,0,1,1,2,2,5,5,6,6,7,7,8,8],"right_children":[2,4,6,-1,-1,8,10,12,14,-1,-1,-1,-1,-1,-1],"split_conditions":[2.9977727E-1,2.0038351E-1,8.961544E-1,-2.6794815E-2,-6.876278E-3,7.03938E-1,1E0,4.03275E-1,8.046237E-1,6.5715793E-3,2.6816178E-2,-1.7784119E-3,-5.647024E-4,5.813599E-4,2.3971559E-3],"split_indices":[0,0,0,0,0,0,0,0,0,0,0,0,0,0,0],"split_type":[0,0,0,0,0,0,0,0,0,0,0,0,0,0,0],"sum_hessian":[9E0,2E0,7E0,1E0,1E0,5E0,2E0,3E0,2E0,1E0,1E0,1E0,2E0,1E0,1E0],"tree_param":{"num_deleted":"0","num_feature":"2","num_nodes":"15","size_leaf_vector":"1"}},{"base_weights":[1.6098023E-4,-2.1325047E-1,8.0170155E-2,-2.5455093E-2,-6.5324786E-3,1.16539E-3,2.114563E-1,-1.2400627E-2,1.886495E-2,6.2431335E-3,2.5475312E-2,-1.6895294E-3,-5.27064E-4,5.523682E-4,2.2773743E-3],"categories":[],"categories_nodes":[],"categories_segments":[],"categories_sizes":[],"default_left":[0,0,0,0,0,0,0,0,0,0,0,0,0,0,0],"id":86,"left_children":[1,3,5,-1,-1,7,9,11,13,-1,-1,-1,-1,-1,-1],"loss_changes":[1.8784507E-1,1.6997159E-3,8.273142E-2,0E0,0E0,1.6746124E-3,3.4523457E-3,3.91386E-5,3.0649826E-5,0E0,0E0,0E0,0E0,0E0,0E0],"parents":[2147483647,0,0,1,1,2,2,5,5,6,6,7,7,8,8],"right_children":[2,4,6,-1,-1,8,10,12,14,-1,-1,-1,-1,-1,-1],"split_conditions":[2.9977727E-1,2.0038351E-1,8.961544E-1,-2.5455093E-2,-6.5324786E-3,7.03938E-1,1E0,4.03275E-1,8.046237E-1,6.2431335E-3,2.5475312E-2,-1.6895294E-3,-5.27064E-4,5.523682E-4,2.2773743E-3],"split_indices":[0,0,0,0,0,0,0,0,0,0,0,0,0,0,0],"split_type":[0,0,0,0,0,0,0,0,0,0,0,0,0,0,0],"sum_hessian":[9E0,2E0,7E0,1E0,1E0,5E0,2E0,3E0,2E0,1E0,1E0,1E0,2E0,1E0,1E0],"tree_param":{"num_deleted":"0","num_feature":"2","num_nodes":"15","size_leaf_vector":"1"}},{"base_weights":[1.794815E-4,-2.0258777E-1,7.619476E-2,-2.418232E-2,-6.205845E-3,1.150767E-3,2.008845E-1,-1.1714935E-2,1.7921448E-2,5.9310915E-3,2.4201585E-2,-1.6050339E-3,-4.9196876E-4,5.2490237E-4,2.163315E-3],"categories":[],"categories_nodes":[],"categories_segments":[],"categories_sizes":[],"default_left":[0,0,0,0,0,0,0,0,0,0,0,0,0,0,0],"id":87,"left_children":[1,3,5,-1,-1,7,9,11,13,-1,-1,-1,-1,-1,-1],"loss_changes":[1.6957021E-1,1.5340149E-3,7.462655E-2,0E0,0E0,1.5045481E-3,3.1151548E-3,3.8877886E-5,2.7555798E-5,0E0,0E0,0E0,0E0,0E0,0E0],"parents":[2147483647,0,0,1,1,2,2,5,5,6,6,7,7,8,8],"right_children":[2,4,6,-1,-1,8,10,12,14,-1,-1,-1,-1,-1,-1],"split_conditions":[2.9977727E-1,2.0038351E-1,8.961544E-1,-2.418232E-2,-6.205845E-3,7.03938E-1,1E0,4.03275E-1,8.046237E-1,5.9310915E-3,2.4201585E-2,-1.6050339E-3,-4.9196876E-4,5.2490237E-4,2.163315E-3],"split_indices":[0,0,0,0,0,0,0,0,0,0,0,0,0,0,0],"split_type":[0,0,0,0,0,0,0,0,0,0,0,0,0,0,0],"sum_hessian":[9E0,2E0,7E0,1E0,1E0,5E0,2E0,3E0,2E0,1E0,1E0,1E0,2E0,1E0,1E0],"tree_param":{"num_deleted":"0","num_feature":"2","num_nodes":"15","size_leaf_vector":"1"}},{"base_weights":[1.9521713E-4,-1.9245815E-1,7.241583E-2,-2.2973204E-2,-5.895519E-3,1.1336008E-3,1.9084167E-1,-1.106739E-2,1.7023722E-2,5.6346892E-3,2.2991562E-2,-1.5247345E-3,-4.5916237E-4,4.985809E-4,2.0549775E-3],"categories":[],"categories_nodes":[],"categories_segments":[],"categories_sizes":[],"default_left":[0,0,0,0,0,0,0,0,0,0,0,0,0,0,0],"id":88,"left_children":[1,3,5,-1,-1,7,9,11,13,-1,-1,-1,-1,-1,-1],"loss_changes":[1.5307245E-1,1.3846233E-3,6.731693E-2,0E0,0E0,1.3516595E-3,2.8106943E-3,3.8263563E-5,2.4881621E-5,0E0,0E0,0E0,0E0,0E0,0E0],"parents":[2147483647,0,0,1,1,2,2,5,5,6,6,7,7,8,8],"right_children":[2,4,6,-1,-1,8,10,12,14,-1,-1,-1,-1,-1,-1],"split_conditions":[2.9977727E-1,2.0038351E-1,8.961544E-1,-2.2973204E-2,-5.895519E-3,7.03938E-1,1E0,4.03275E-1,8.046237E-1,5.6346892E-3,2.2991562E-2,-1.5247345E-3,-4.5916237E-4,4.985809E-4,2.0549775E-3],"split_indices":[0,0,0,0,0,0,0,0,0,0,0,0,0,0,0],"split_type":[0,0,0,0,0,0,0,0,0,0,0,0,0,0,0],"sum_hessian":[9E0,2E0,7E0,1E0,1E0,5E0,2E0,3E0,2E0,1E0,1E0,1E0,2E0,1E0,1E0],"tree_param":{"num_deleted":"0","num_feature":"2","num_nodes":"15","size_leaf_vector":"1"}},{"base_weights":[2.0809173E-4,-1.8283527E-1,6.882334E-2,-2.1824552E-2,-5.600739E-3,1.115799E-3,1.812973E-1,-1.0457039E-2,1.6174316E-2,5.3527835E-3,2.1841813E-2,-1.4484406E-3,-4.286448E-4,4.7378542E-4,1.9523621E-3],"categories":[],"categories_nodes":[],"categories_segments":[],"categories_sizes":[],"default_left":[0,0,0,0,0,0,0,0,0,0,0,0,0,0,0],"id":89,"left_children":[1,3,5,-1,-1,7,9,11,13,-1,-1,-1,-1,-1,-1],"loss_changes":[1.3817897E-1,1.2496635E-3,6.07204E-2,0E0,0E0,1.2147542E-3,2.5372729E-3,3.731827E-5,2.241251E-5,0E0,0E0,0E0,0E0,0E0,0E0],"parents":[2147483647,0,0,1,1,2,2,5,5,6,6,7,7,8,8],"right_children":[2,4,6,-1,-1,8,10,12,14,-1,-1,-1,-1,-1,-1],"split_conditions":[2.9977727E-1,2.0038351E-1,8.961544E-1,-2.1824552E-2,-5.600739E-3,7.03938E-1,1E0,4.03275E-1,8.046237E-1,5.3527835E-3,2.1841813E-2,-1.4484406E-3,-4.286448E-4,4.7378542E-4,1.9523621E-3],"split_indices":[0,0,0,0,0,0,0,0,0,0,0,0,0,0,0],"split_type":[0,0,0,0,0,0,0,0,0,0,0,0,0,0,0],"sum_hessian":[9E0,2E0,7E0,1E0,1E0,5E0,2E0,3E0,2E0,1E0,1E0,1E0,2E0,1E0,1E0],"tree_param":{"num_deleted":"0","num_feature":"2","num_nodes":"15","size_leaf_vector":"1"}},{"base_weights":[2.1848679E-4,-1.7369366E-1,6.540823E-2,-2.073331E-2,-5.32074E-3,1.0954539E-3,1.7223103E-1,-9.88102E-3,1.5365601E-2,5.0849915E-3,2.0749664E-2,-1.3759614E-3,-4.0016175E-4,4.5013428E-4,1.8547059E-3],"categories":[],"categories_nodes":[],"categories_segments":[],"categories_sizes":[],"default_left":[0,0,0,0,0,0,0,0,0,0,0,0,0,0,0],"id":90,"left_children":[1,3,5,-1,-1,7,9,11,13,-1,-1,-1,-1,-1,-1],"loss_changes":[1.2473388E-1,1.1276081E-3,5.4771896E-2,0E0,0E0,1.0916431E-3,2.290547E-3,3.6154524E-5,2.0205858E-5,0E0,0E0,0E0,0E0,0E0,0E0],"parents":[2147483647,0,0,1,1,2,2,5,5,6,6,7,7,8,8],"right_children":[2,4,6,-1,-1,8,10,12,14,-1,-1,-1,-1,-1,-1],"split_conditions":[2.9977727E-1,2.0038351E-1,8.961544E-1,-2.073331E-2,-5.32074E-3,7.03938E-1,1E0,4.03275E-1,8.046237E-1,5.0849915E-3,2.0749664E-2,-1.3759614E-3,-4.0016175E-4,4.5013428E-4,1.8547059E-3],"split_indices":[0,0,0,0,0,0,0,0,0,0,0,0,0,0,0],"split_type":[0,0,0,0,0,0,0,0,0,0,0,0,0,0,0],"sum_hessian":[9E0,2E0,7E0,1E0,1E0,5E0,2E0,3E0,2E0,1E0,1E0,1E0,2E0,1E0,1E0],"tree_param":{"num_deleted":"0","num_feature":"2","num_nodes":"15","size_leaf_vector":"1"}},{"base_weights":[2.2726059E-4,-1.6500886E-1,6.21624E-2,-1.9696666E-2,-5.054665E-3,1.074473E-3,1.6361745E-1,-9.336472E-3,1.4597575E-2,4.8305513E-3,1.9712066E-2,-1.307106E-3,-3.7345887E-4,4.2762756E-4,1.7620086E-3],"categories":[],"categories_nodes":[],"categories_segments":[],"categories_sizes":[],"default_left":[0,0,0,0,0,0,0,0,0,0,0,0,0,0,0],"id":91,"left_children":[1,3,5,-1,-1,7,9,11,13,-1,-1,-1,-1,-1,-1],"loss_changes":[1.1259658E-1,1.0178685E-3,4.940563E-2,0E0,0E0,9.810193E-4,2.067946E-3,3.4867902E-5,1.824036E-5,0E0,0E0,0E0,0E0,0E0,0E0],"parents":[2147483647,0,0,1,1,2,2,5,5,6,6,7,7,8,8],"right_children":[2,4,6,-1,-1,8,10,12,14,-1,-1,-1,-1,-1,-1],"split_conditions":[2.9977727E-1,2.0038351E-1,8.961544E-1,-1.9696666E-2,-5.054665E-3,7.03938E-1,1E0,4.03275E-1,8.046237E-1,4.8305513E-3,1.9712066E-2,-1.307106E-3,-3.7345887E-4,4.2762756E-4,1.7620086E-3],"split_indices":[0,0,0,0,0,0,0,0,0,0,0,0,0,0,0],"split_type":[0,0,0,0,0,0,0,0,0,0,0,0,0,0,0],"sum_hessian":[9E0,2E0,7E0,1E0,1E0,5E0,2E0,3E0,2E0,1E0,1E0,1E0,2E0,1E0,1E0],"tree_param":{"num_deleted":"0","num_feature":"2","num_nodes":"15","size_leaf_vector":"1"}},{"base_weights":[2.3460388E-4,-1.5675862E-1,5.907774E-2,-1.8711854E-2,-4.801941E-3,1.0522207E-3,1.554362E-1,-8.822441E-3,1.3867696E-2,4.589081E-3,1.8726349E-2,-1.0635377E-3,-1.6918183E-4,4.0626526E-4,1.6738892E-3],"categories":[],"categories_nodes":[],"categories_segments":[],"categories_sizes":[],"default_left":[0,0,0,0,0,0,0,0,0,0,0,0,0,0,0],"id":92,"left_children":[1,3,5,-1,-1,7,9,11,13,-1,-1,-1,-1,-1,-1],"loss_changes":[1.0164069E-1,9.1861933E-4,4.456645E-2,0E0,0E0,8.816378E-4,1.8659234E-3,3.3716293E-5,1.6452279E-5,0E0,0E0,0E0,0E0,0E0,0E0],"parents":[2147483647,0,0,1,1,2,2,5,5,6,6,7,7,8,8],"right_children":[2,4,6,-1,-1,8,10,12,14,-1,-1,-1,-1,-1,-1],"split_conditions":[2.9977727E-1,2.0038351E-1,8.961544E-1,-1.8711854E-2,-4.801941E-3,7.03938E-1,1E0,5.041742E-1,8.046237E-1,4.589081E-3,1.8726349E-2,-1.0635377E-3,-1.6918183E-4,4.0626526E-4,1.6738892E-3],"split_indices":[0,0,0,0,0,0,0,0,0,0,0,0,0,0,0],"split_type":[0,0,0,0,0,0,0,0,0,0,0,0,0,0,0],"sum_hessian":[9E0,2E0,7E0,1E0,1E0,5E0,2E0,3E0,2E0,1E0,1E0,2E0,1E0,1E0,1E0],"tree_param":{"num_deleted":"0","num_feature":"2","num_nodes":"15","size_leaf_vector":"1"}},{"base_weights":[2.7666093E-4,-1.4892037E-1,5.6190968E-2,-1.777625E-2,-4.5618056E-3,1.0890961E-3,1.4766438E-1,-8.248329E-3,1.3175964E-2,4.3598176E-3,1.778984E-2,-1.188469E-3,-3.074646E-4,3.8604738E-4,1.5903473E-3],"categories":[],"categories_nodes":[],"categories_segments":[],"categories_sizes":[],"default_left":[0,0,0,0,0,0,0,0,0,0,0,0,0,0,0],"id":93,"left_children":[1,3,5,-1,-1,7,9,11,13,-1,-1,-1,-1,-1,-1],"loss_changes":[9.179047E-2,8.2919747E-4,4.0162034E-2,0E0,0E0,7.858411E-4,1.682967E-3,3.8712285E-5,1.4829275E-5,0E0,0E0,0E0,0E0,0E0,0E0],"parents":[2147483647,0,0,1,1,2,2,5,5,6,6,7,7,8,8],"right_children":[2,4,6,-1,-1,8,10,12,14,-1,-1,-1,-1,-1,-1],"split_conditions":[2.9977727E-1,2.0038351E-1,8.961544E-1,-1.777625E-2,-4.5618056E-3,7.03938E-1,1E0,4.03275E-1,8.046237E-1,4.3598176E-3,1.778984E-2,-1.188469E-3,-3.074646E-4,3.8604738E-4,1.5903473E-3],"split_indices":[0,0,0,0,0,0,0,0,0,0,0,0,0,0,0],"split_type":[0,0,0,0,0,0,0,0,0,0,0,0,0,0,0],"sum_hessian":[9E0,2E0,7E0,1E0,1E0,5E0,2E0,3E0,2E0,1E0,1E0,1E0,2E0,1E0,1E0],"tree_param":{"num_deleted":"0","num_feature":"2","num_nodes":"15","size_leaf_vector":"1"}},{"base_weights":[2.7894974E-4,-1.4147408E-1,5.340147E-2,-1.6887426E-2,-4.333687E-3,1.0611216E-3,1.4028168E-1,-7.7962875E-3,1.2517293E-2,4.1419985E-3,1.6900254E-2,-1.1289597E-3,-2.8686525E-4,3.665924E-4,1.5110016E-3],"categories":[],"categories_nodes":[],"categories_segments":[],"categories_sizes":[],"default_left":[0,0,0,0,0,0,0,0,0,0,0,0,0,0,0],"id":94,"left_children":[1,3,5,-1,-1,7,9,11,13,-1,-1,-1,-1,-1,-1],"loss_changes":[8.285771E-2,7.484518E-4,3.622987E-2,0E0,0E0,7.0642045E-4,1.5180968E-3,3.646908E-5,1.3455254E-5,0E0,0E0,0E0,0E0,0E0,0E0],"parents":[2147483647,0,0,1,1,2,2,5,5,6,6,7,7,8,8],"right_children":[2,4,6,-1,-1,8,10,12,14,-1,-1,-1,-1,-1,-1],"split_conditions":[2.9977727E-1,2.0038351E-1,8.961544E-1,-1.6887426E-2,-4.333687E-3,7.03938E-1,1E0,4.03275E-1,8.046237E-1,4.1419985E-3,1.6900254E-2,-1.1289597E-3,-2.8686525E-4,3.665924E-4,1.5110016E-3],"split_indices":[0,0,0,0,0,0,0,0,0,0,0,0,0,0,0],"split_type":[0,0,0,0,0,0,0,0,0,0,0,0,0,0,0],"sum_hessian":[9E0,2E0,7E0,1E0,1E0,5E0,2E0,3E0,2E0,1E0,1E0,1E0,2E0,1E0,1E0],"tree_param":{"num_deleted":"0","num_feature":"2","num_nodes":"15","size_leaf_vector":"1"}},{"base_weights":[2.793312E-4,-1.3440037E-1,5.0749302E-2,-1.6043043E-2,-4.117012E-3,1.0318756E-3,1.3326772E-1,-7.370949E-3,1.1891683E-2,3.93486E-3,1.6055299E-2,-1.0725021E-3,-2.6779177E-4,3.4828187E-4,1.4354707E-3],"categories":[],"categories_nodes":[],"categories_segments":[],"categories_sizes":[],"default_left":[0,0,0,0,0,0,0,0,0,0,0,0,0,0,0],"id":95,"left_children":[1,3,5,-1,-1,7,9,11,13,-1,-1,-1,-1,-1,-1],"loss_changes":[7.4793525E-2,6.7542493E-4,3.2683313E-2,0E0,0E0,6.3517137E-4,1.3702847E-3,3.4242345E-5,1.2138829E-5,0E0,0E0,0E0,0E0,0E0,0E0],"parents":[2147483647,0,0,1,1,2,2,5,5,6,6,7,7,8,8],"right_children":[2,4,6,-1,-1,8,10,12,14,-1,-1,-1,-1,-1,-1],"split_conditions":[2.9977727E-1,2.0038351E-1,8.961544E-1,-1.6043043E-2,-4.117012E-3,7.03938E-1,1E0,4.03275E-1,8.046237E-1,3.93486E-3,1.6055299E-2,-1.0725021E-3,-2.6779177E-4,3.4828187E-4,1.4354707E-3],"split_indices":[0,0,0,0,0,0,0,0,0,0,0,0,0,0,0],"split_type":[0,0,0,0,0,0,0,0,0,0,0,0,0,0,0],"sum_hessian":[9E0,2E0,7E0,1E0,1E0,5E0,2E0,3E0,2E0,1E0,1E0,1E0,2E0,1E0,1E0],"tree_param":{"num_deleted":"0","num_feature":"2","num_nodes":"15","size_leaf_vector":"1"}},{"base_weights":[2.7856827E-4,-1.2768014E-1,4.8228264E-2,-1.5240908E-2,-3.911114E-3,1.0019938E-3,1.2660472E-1,-6.969452E-3,1.129659E-2,3.738022E-3,1.5252686E-2,-1.0189057E-3,-2.4998983E-4,3.3073427E-4,1.3637543E-3],"categories":[],"categories_nodes":[],"categories_segments":[],"categories_sizes":[],"default_left":[0,0,0,0,0,0,0,0,0,0,0,0,0,0,0],"id":96,"left_children":[1,3,5,-1,-1,7,9,11,13,-1,-1,-1,-1,-1,-1],"loss_changes":[6.75136E-2,6.0975924E-4,2.948456E-2,0E0,0E0,5.711079E-4,1.2371838E-3,3.208917E-5,1.1003314E-5,0E0,0E0,0E0,0E0,0E0,0E0],"parents":[2147483647,0,0,1,1,2,2,5,5,6,6,7,7,8,8],"right_children":[2,4,6,-1,-1,8,10,12,14,-1,-1,-1,-1,-1,-1],"split_conditions":[2.9977727E-1,2.0038351E-1,8.961544E-1,-1.5240908E-2,-3.911114E-3,7.03938E-1,1E0,4.03275E-1,8.046237E-1,3.738022E-3,1.5252686E-2,-1.0189057E-3,-2.4998983E-4,3.3073427E-4,1.3637543E-3],"split_indices":[0,0,0,0,0,0,0,0,0,0,0,0,0,0,0],"split_type":[0,0,0,0,0,0,0,0,0,0,0,0,0,0,0],"sum_hessian":[9E0,2E0,7E0,1E0,1E0,5E0,2E0,3E0,2E0,1E0,1E0,1E0,2E0,1E0,1E0],"tree_param":{"num_deleted":"0","num_feature":"2","num_nodes":"15","size_leaf_vector":"1"}},{"base_weights":[2.7770997E-4,-1.2129593E-1,4.583311E-2,-1.4478874E-2,-3.7155151E-3,9.733836E-4,1.20274864E-1,-6.588936E-3,1.0732015E-2,3.5511018E-3,1.4490128E-2,-9.6797943E-4,-2.3320515E-4,3.1433106E-4,1.2954712E-3],"categories":[],"categories_nodes":[],"categories_segments":[],"categories_sizes":[],"default_left":[0,0,0,0,0,0,0,0,0,0,0,0,0,0,0],"id":97,"left_children":[1,3,5,-1,-1,7,9,11,13,-1,-1,-1,-1,-1,-1],"loss_changes":[6.0942728E-2,5.504638E-4,2.659842E-2,0E0,0E0,5.134999E-4,1.1167005E-3,3.0055919E-5,9.881478E-6,0E0,0E0,0E0,0E0,0E0,0E0],"parents":[2147483647,0,0,1,1,2,2,5,5,6,6,7,7,8,8],"right_children":[2,4,6,-1,-1,8,10,12,14,-1,-1,-1,-1,-1,-1],"split_conditions":[2.9977727E-1,2.0038351E-1,8.961544E-1,-1.4478874E-2,-3.7155151E-3,7.03938E-1,1E0,4.03275E-1,8.046237E-1,3.5511018E-3,1.4490128E-2,-9.6797943E-4,-2.3320515E-4,3.1433106E-4,1.2954712E-3],"split_indices":[0,0,0,0,0,0,0,0,0,0,0,0,0,0,0],"split_type":[0,0,0,0,0,0,0,0,0,0,0,0,0,0,0],"sum_hessian":[9E0,2E0,7E0,1E0,1E0,5E0,2E0,3E0,2E0,1E0,1E0,1E0,2E0,1E0,1E0],"tree_param":{"num_deleted":"0","num_feature":"2","num_nodes":"15","size_leaf_vector":"1"}},{"base_weights":[2.7599334E-4,-1.1523119E-1,4.355669E-2,-1.3754941E-2,-3.5297393E-3,9.441376E-4,1.142629E-1,-6.2303543E-3,1.0195415E-2,3.3737184E-3,1.3765717E-2,-9.195328E-4,-2.1769207E-4,2.986908E-4,1.2306214E-3],"categories":[],"categories_nodes":[],"categories_segments":[],"categories_sizes":[],"default_left":[0,0,0,0,0,0,0,0,0,0,0,0,0,0,0],"id":98,"left_children":[1,3,5,-1,-1,7,9,11,13,-1,-1,-1,-1,-1,-1],"loss_changes":[5.5011407E-2,4.96801E-4,2.3995899E-2,0E0,0E0,4.617603E-4,1.0073557E-3,2.8055787E-5,8.88959E-6,0E0,0E0,0E0,0E0,0E0,0E0],"parents":[2147483647,0,0,1,1,2,2,5,5,6,6,7,7,8,8],"right_children":[2,4,6,-1,-1,8,10,12,14,-1,-1,-1,-1,-1,-1],"split_conditions":[2.9977727E-1,2.0038351E-1,8.961544E-1,-1.3754941E-2,-3.5297393E-3,7.03938E-1,1E0,4.03275E-1,8.046237E-1,3.3737184E-3,1.3765717E-2,-9.195328E-4,-2.1769207E-4,2.986908E-4,1.2306214E-3],"split_indices":[0,0,0,0,0,0,0,0,0,0,0,0,0,0,0],"split_type":[0,0,0,0,0,0,0,0,0,0,0,0,0,0,0],"sum_hessian":[9E0,2E0,7E0,1E0,1E0,5E0,2E0,3E0,2E0,1E0,1E0,1E0,2E0,1E0,1E0],"tree_param":{"num_deleted":"0","num_feature":"2","num_nodes":"15","size_leaf_vector":"1"}},{"base_weights":[2.737999E-4,-1.09469414E-1,4.139328E-2,-1.3067198E-2,-3.3532144E-3,9.1552734E-4,1.08551025E-1,-5.8918E-3,9.686788E-3,3.2051087E-3,1.3077545E-2,-8.735657E-4,-2.0319622E-4,2.8381348E-4,1.1692047E-3],"categories":[],"categories_nodes":[],"categories_segments":[],"categories_sizes":[],"default_left":[0,0,0,0,0,0,0,0,0,0,0,0,0,0,0],"id":99,"left_children":[1,3,5,-1,-1,7,9,11,13,-1,-1,-1,-1,-1,-1],"loss_changes":[4.9657136E-2,4.4848397E-4,2.1647777E-2,0E0,0E0,4.153257E-4,9.0900436E-4,2.6156777E-5,8.016359E-6,0E0,0E0,0E0,0E0,0E0,0E0],"parents":[2147483647,0,0,1,1,2,2,5,5,6,6,7,7,8,8],"right_children":[2,4,6,-1,-1,8,10,12,14,-1,-1,-1,-1,-1,-1],"split_conditions":[2.9977727E-1,2.0038351E-1,8.961544E-1,-1.3067198E-2,-3.3532144E-3,7.03938E-1,1E0,4.03275E-1,8.046237E-1,3.2051087E-3,1.3077545E-2,-8.735657E-4,-2.0319622E-4,2.8381348E-4,1.1692047E-3],"split_indices":[0,0,0,0,0,0,0,0,0,0,0,0,0,0,0],"split_type":[0,0,0,0,0,0,0,0,0,0,0,0,0,0,0],"sum_hessian":[9E0,2E0,7E0,1E0,1E0,5E0,2E0,3E0,2E0,1E0,1E0,1E0,2E0,1E0,1E0],"tree_param":{"num_deleted":"0","num_feature":"2","num_nodes":"15","size_leaf_vector":"1"}}]},"name":"gbtree"},"learner_model_param":{"base_score":"5.5877777E1","boost_from_average":"1","num_class":"0","num_feature":"2","num_target":"1"},"objective":{"name":"reg:squarederror","reg_loss_param":{"scale_pos_weight":"1"}}},"version":[2,0,1]}