{"package": {"All_Weights": {"Categorical_Variables": {}, "Numerical_Variables": {"bpf_cpu_time_ms": {"scale": 91842.33333333333}, "bpf_page_cache_hit": {"scale": 1.0}, "cache_miss": {"scale": 42768344.0}, "cgroupfs_cpu_usage_us": {"scale": 1.0}, "cgroupfs_memory_usage_bytes": {"scale": 1.0}, "cgroupfs_system_cpu_usage_us": {"scale": 1.0}, "cgroupfs_user_cpu_usage_us": {"scale": 1.0}, "cpu_cycles": {"scale": 173138343756.0}, "cpu_instructions": {"scale": 203169697829.66666}}, "CurveFit_Weights": [197.19447233888107, 1.011252987065574, -198.21850404267389]}}, "core": {"All_Weights": {"Categorical_Variables": {}, "Numerical_Variables": {"bpf_cpu_time_ms": {"scale": 91842.33333333333}, "bpf_page_cache_hit": {"scale": 1.0}, "cache_miss": {"scale": 42768344.0}, "cgroupfs_cpu_usage_us": {"scale": 1.0}, "cgroupfs_memory_usage_bytes": {"scale": 1.0}, "cgroupfs_system_cpu_usage_us": {"scale": 1.0}, "cgroupfs_user_cpu_usage_us": {"scale": 1.0}, "cpu_cycles": {"scale": 173138343756.0}, "cpu_instructions": {"scale": 203169697829.66666}}, "CurveFit_Weights": [175.78719285873734, 1.0872172460951166, -176.74345294064577]}}, "uncore": {"All_Weights": {"Categorical_Variables": {}, "Numerical_Variables": {"bpf_cpu_time_ms": {"scale": 91842.33333333333}, "bpf_page_cache_hit": {"scale": 1.0}, "cache_miss": {"scale": 42768344.0}, "cgroupfs_cpu_usage_us": {"scale": 1.0}, "cgroupfs_memory_usage_bytes": {"scale": 1.0}, "cgroupfs_system_cpu_usage_us": {"scale": 1.0}, "cgroupfs_user_cpu_usage_us": {"scale": 1.0}, "cpu_cycles": {"scale": 173138343756.0}, "cpu_instructions": {"scale": 203169697829.66666}}, "CurveFit_Weights": [0.0, 1.0, 0.0]}}, "dram": {"All_Weights": {"Categorical_Variables": {}, "Numerical_Variables": {"bpf_cpu_time_ms": {"scale": 91842.33333333333}, "bpf_page_cache_hit": {"scale": 1.0}, "cache_miss": {"scale": 42768344.0}, "cgroupfs_cpu_usage_us": {"scale": 1.0}, "cgroupfs_memory_usage_bytes": {"scale": 1.0}, "cgroupfs_system_cpu_usage_us": {"scale": 1.0}, "cgroupfs_user_cpu_usage_us": {"scale": 1.0}, "cpu_cycles": {"scale": 173138343756.0}, "cpu_instructions": {"scale": 203169697829.66666}}, "CurveFit_Weights": [286545.2729608961, 0.00023044378690513482, -286541.2182785664]}}}