{"package": {"All_Weights": {"Bias_Weight": 15.703991471305715, "Categorical_Variables": {}, "Numerical_Variables": {"bpf_cpu_time_ms": {"scale": 45613.333333333336, "weight": 12.641453195838832}, "bpf_page_cache_hit": {"scale": 1.0, "weight": 0.0}, "cache_miss": {"scale": 20821826.333333332, "weight": -47.29269850369234}, "cgroupfs_cpu_usage_us": {"scale": 1.0, "weight": 0.0}, "cgroupfs_memory_usage_bytes": {"scale": 1.0, "weight": 0.0}, "cgroupfs_system_cpu_usage_us": {"scale": 1.0, "weight": 0.0}, "cgroupfs_user_cpu_usage_us": {"scale": 1.0, "weight": 0.0}, "cpu_cycles": {"scale": 105583339653.66667, "weight": 349.8771456263859}, "cpu_instructions": {"scale": 129043546838.66666, "weight": 84.82260283912669}}}}, "core": {"All_Weights": {"Bias_Weight": 0.0, "Categorical_Variables": {}, "Numerical_Variables": {"bpf_cpu_time_ms": {"scale": 45613.333333333336, "weight": 0.0}, "bpf_page_cache_hit": {"scale": 1.0, "weight": 0.0}, "cache_miss": {"scale": 20821826.333333332, "weight": 0.0}, "cgroupfs_cpu_usage_us": {"scale": 1.0, "weight": 0.0}, "cgroupfs_memory_usage_bytes": {"scale": 1.0, "weight": 0.0}, "cgroupfs_system_cpu_usage_us": {"scale": 1.0, "weight": 0.0}, "cgroupfs_user_cpu_usage_us": {"scale": 1.0, "weight": 0.0}, "cpu_cycles": {"scale": 105583339653.66667, "weight": 0.0}, "cpu_instructions": {"scale": 129043546838.66666, "weight": 0.0}}}}, "uncore": {"All_Weights": {"Bias_Weight": 0.0, "Categorical_Variables": {}, "Numerical_Variables": {"bpf_cpu_time_ms": {"scale": 45613.333333333336, "weight": 0.0}, "bpf_page_cache_hit": {"scale": 1.0, "weight": 0.0}, "cache_miss": {"scale": 20821826.333333332, "weight": 0.0}, "cgroupfs_cpu_usage_us": {"scale": 1.0, "weight": 0.0}, "cgroupfs_memory_usage_bytes": {"scale": 1.0, "weight": 0.0}, "cgroupfs_system_cpu_usage_us": {"scale": 1.0, "weight": 0.0}, "cgroupfs_user_cpu_usage_us": {"scale": 1.0, "weight": 0.0}, "cpu_cycles": {"scale": 105583339653.66667, "weight": 0.0}, "cpu_instructions": {"scale": 129043546838.66666, "weight": 0.0}}}}, "dram": {"All_Weights": {"Bias_Weight": 1.0345629190768244, "Categorical_Variables": {}, "Numerical_Variables": {"bpf_cpu_time_ms": {"scale": 45613.333333333336, "weight": -0.005907560577668252}, "bpf_page_cache_hit": {"scale": 1.0, "weight": 0.0}, "cache_miss": {"scale": 20821826.333333332, "weight": -1.0755542278866894}, "cgroupfs_cpu_usage_us": {"scale": 1.0, "weight": 0.0}, "cgroupfs_memory_usage_bytes": {"scale": 1.0, "weight": 0.0}, "cgroupfs_system_cpu_usage_us": {"scale": 1.0, "weight": 0.0}, "cgroupfs_user_cpu_usage_us": {"scale": 1.0, "weight": 0.0}, "cpu_cycles": {"scale": 105583339653.66667, "weight": 6.033023080082428}, "cpu_instructions": {"scale": 129043546838.66666, "weight": 1.2471211317509405}}}}}