{"package": {"All_Weights": {"Bias_Weight": 10.658753116688759, "Categorical_Variables": {}, "Numerical_Variables": {"bpf_cpu_time_ms": {"scale": 45123.33333333333, "weight": 21.708893608826596}, "bpf_page_cache_hit": {"scale": 1.0, "weight": 0.0}, "cache_miss": {"scale": 19150439.333333336, "weight": -46.41710444610847}, "cgroupfs_cpu_usage_us": {"scale": 1.0, "weight": 0.0}, "cgroupfs_memory_usage_bytes": {"scale": 1.0, "weight": 0.0}, "cgroupfs_system_cpu_usage_us": {"scale": 1.0, "weight": 0.0}, "cgroupfs_user_cpu_usage_us": {"scale": 1.0, "weight": 0.0}, "cpu_cycles": {"scale": 106382758382.66667, "weight": 346.64410286906735}, "cpu_instructions": {"scale": 129823412733.66667, "weight": 85.12842460509641}}}}, "core": {"All_Weights": {"Bias_Weight": 0.0, "Categorical_Variables": {}, "Numerical_Variables": {"bpf_cpu_time_ms": {"scale": 45123.33333333333, "weight": 0.0}, "bpf_page_cache_hit": {"scale": 1.0, "weight": 0.0}, "cache_miss": {"scale": 19150439.333333336, "weight": 0.0}, "cgroupfs_cpu_usage_us": {"scale": 1.0, "weight": 0.0}, "cgroupfs_memory_usage_bytes": {"scale": 1.0, "weight": 0.0}, "cgroupfs_system_cpu_usage_us": {"scale": 1.0, "weight": 0.0}, "cgroupfs_user_cpu_usage_us": {"scale": 1.0, "weight": 0.0}, "cpu_cycles": {"scale": 106382758382.66667, "weight": 0.0}, "cpu_instructions": {"scale": 129823412733.66667, "weight": 0.0}}}}, "uncore": {"All_Weights": {"Bias_Weight": 0.0, "Categorical_Variables": {}, "Numerical_Variables": {"bpf_cpu_time_ms": {"scale": 45123.33333333333, "weight": 0.0}, "bpf_page_cache_hit": {"scale": 1.0, "weight": 0.0}, "cache_miss": {"scale": 19150439.333333336, "weight": 0.0}, "cgroupfs_cpu_usage_us": {"scale": 1.0, "weight": 0.0}, "cgroupfs_memory_usage_bytes": {"scale": 1.0, "weight": 0.0}, "cgroupfs_system_cpu_usage_us": {"scale": 1.0, "weight": 0.0}, "cgroupfs_user_cpu_usage_us": {"scale": 1.0, "weight": 0.0}, "cpu_cycles": {"scale": 106382758382.66667, "weight": 0.0}, "cpu_instructions": {"scale": 129823412733.66667, "weight": 0.0}}}}, "dram": {"All_Weights": {"Bias_Weight": 0.9017723559266282, "Categorical_Variables": {}, "Numerical_Variables": {"bpf_cpu_time_ms": {"scale": 45123.33333333333, "weight": 0.19387711321776277}, "bpf_page_cache_hit": {"scale": 1.0, "weight": 0.0}, "cache_miss": {"scale": 19150439.333333336, "weight": -0.6794642661864506}, "cgroupfs_cpu_usage_us": {"scale": 1.0, "weight": 0.0}, "cgroupfs_memory_usage_bytes": {"scale": 1.0, "weight": 0.0}, "cgroupfs_system_cpu_usage_us": {"scale": 1.0, "weight": 0.0}, "cgroupfs_user_cpu_usage_us": {"scale": 1.0, "weight": 0.0}, "cpu_cycles": {"scale": 106382758382.66667, "weight": 4.654206703456605}, "cpu_instructions": {"scale": 129823412733.66667, "weight": 1.022641950328699}}}}}