{"package": {"All_Weights": {"Bias_Weight": 4.982847371677242, "Categorical_Variables": {}, "Numerical_Variables": {"bpf_cpu_time_ms": {"scale": 66594.33333333334, "weight": 26.434480995590825}, "bpf_page_cache_hit": {"scale": 1.0, "weight": 0.0}, "cache_miss": {"scale": 15910928.999999998, "weight": -10.582606097813377}, "cgroupfs_cpu_usage_us": {"scale": 1.0, "weight": 0.0}, "cgroupfs_memory_usage_bytes": {"scale": 1.0, "weight": 0.0}, "cgroupfs_system_cpu_usage_us": {"scale": 1.0, "weight": 0.0}, "cgroupfs_user_cpu_usage_us": {"scale": 1.0, "weight": 0.0}, "cpu_cycles": {"scale": 97698336411.0, "weight": 113.51553360881144}, "cpu_instructions": {"scale": 113818923081.66667, "weight": 52.934438741419804}}}}, "core": {"All_Weights": {"Bias_Weight": 0.0, "Categorical_Variables": {}, "Numerical_Variables": {"bpf_cpu_time_ms": {"scale": 66594.33333333334, "weight": 0.0}, "bpf_page_cache_hit": {"scale": 1.0, "weight": 0.0}, "cache_miss": {"scale": 15910928.999999998, "weight": 0.0}, "cgroupfs_cpu_usage_us": {"scale": 1.0, "weight": 0.0}, "cgroupfs_memory_usage_bytes": {"scale": 1.0, "weight": 0.0}, "cgroupfs_system_cpu_usage_us": {"scale": 1.0, "weight": 0.0}, "cgroupfs_user_cpu_usage_us": {"scale": 1.0, "weight": 0.0}, "cpu_cycles": {"scale": 97698336411.0, "weight": 0.0}, "cpu_instructions": {"scale": 113818923081.66667, "weight": 0.0}}}}, "uncore": {"All_Weights": {"Bias_Weight": 0.0, "Categorical_Variables": {}, "Numerical_Variables": {"bpf_cpu_time_ms": {"scale": 66594.33333333334, "weight": 0.0}, "bpf_page_cache_hit": {"scale": 1.0, "weight": 0.0}, "cache_miss": {"scale": 15910928.999999998, "weight": 0.0}, "cgroupfs_cpu_usage_us": {"scale": 1.0, "weight": 0.0}, "cgroupfs_memory_usage_bytes": {"scale": 1.0, "weight": 0.0}, "cgroupfs_system_cpu_usage_us": {"scale": 1.0, "weight": 0.0}, "cgroupfs_user_cpu_usage_us": {"scale": 1.0, "weight": 0.0}, "cpu_cycles": {"scale": 97698336411.0, "weight": 0.0}, "cpu_instructions": {"scale": 113818923081.66667, "weight": 0.0}}}}, "dram": {"All_Weights": {"Bias_Weight": 4.106205537916211, "Categorical_Variables": {}, "Numerical_Variables": {"bpf_cpu_time_ms": {"scale": 66594.33333333334, "weight": -1.255173162939414}, "bpf_page_cache_hit": {"scale": 1.0, "weight": 0.0}, "cache_miss": {"scale": 15910928.999999998, "weight": -1.016630229442816}, "cgroupfs_cpu_usage_us": {"scale": 1.0, "weight": 0.0}, "cgroupfs_memory_usage_bytes": {"scale": 1.0, "weight": 0.0}, "cgroupfs_system_cpu_usage_us": {"scale": 1.0, "weight": 0.0}, "cgroupfs_user_cpu_usage_us": {"scale": 1.0, "weight": 0.0}, "cpu_cycles": {"scale": 97698336411.0, "weight": 7.582824417841919}, "cpu_instructions": {"scale": 113818923081.66667, "weight": 1.8465443494302178}}}}}