{"model_name": "XgboostFitTrainer_0", "trainer": "XgboostFitTrainer", "model_class": "xgboost", "model_file": "XgboostFitTrainer_0.json", "features": ["bpf_block_irq", "bpf_cpu_time_ms", "bpf_net_rx_irq", "bpf_net_tx_irq", "bpf_page_cache_hit"], "fe_files": [], "output_type": "AbsPower", "mae": 5.84, "mape": -1, "node_type": 0, "machine_spec": {"processor": "11th_gen_intel_core", "cores": 8, "chips": 1, "memory": 31, "frequency": 4800}, "package_mae": 5.84, "core_mae": 4.3, "uncore_mae": 1.35, "dram_mae": 0.0, "package_mape": 35.78, "core_mape": 47.07, "uncore_mape": 2483.61, "dram_mape": -1}