{"learner":{"attributes":{"scikit_learn":"{\"_estimator_type\": \"regressor\"}"},"feature_names":[],"feature_types":[],"gradient_booster":{"model":{"gbtree_model_param":{"num_parallel_tree":"1","num_trees":"100"},"iteration_indptr":[0,1,2,3,4,5,6,7,8,9,10,11,12,13,14,15,16,17,18,19,20,21,22,23,24,25,26,27,28,29,30,31,32,33,34,35,36,37,38,39,40,41,42,43,44,45,46,47,48,49,50,51,52,53,54,55,56,57,58,59,60,61,62,63,64,65,66,67,68,69,70,71,72,73,74,75,76,77,78,79,80,81,82,83,84,85,86,87,88,89,90,91,92,93,94,95,96,97,98,99,100],"tree_info":[0,0,0,0,0,0,0,0,0,0,0,0,0,0,0,0,0,0,0,0,0,0,0,0,0,0,0,0,0,0,0,0,0,0,0,0,0,0,0,0,0,0,0,0,0,0,0,0,0,0,0,0,0,0,0,0,0,0,0,0,0,0,0,0,0,0,0,0,0,0,0,0,0,0,0,0,0,0,0,0,0,0,0,0,0,0,0,0,0,0,0,0,0,0,0,0,0,0,0,0],"trees":[{"base_weights":[1.2207031E-5,-5.9296284E1,7.115556E1,-6.564443E0,-1.3777771E0,1.5222229E0,8.133334E0],"categories":[],"categories_nodes":[],"categories_segments":[],"categories_sizes":[],"default_left":[0,0,0,0,0,0,0],"id":0,"left_children":[1,3,5,-1,-1,-1,-1],"loss_changes":[4.641187E4,8.2931445E2,1.6083086E3,0E0,0E0,0E0,0E0],"parents":[2147483647,0,0,1,1,2,2],"right_children":[2,4,6,-1,-1,-1,-1],"split_conditions":[7.0292526E-1,5.0091666E-1,8.041876E-1,-6.564443E0,-1.3777771E0,1.5222229E0,8.133334E0],"split_indices":[0,0,0,0,0,0,0],"split_type":[0,0,0,0,0,0,0],"sum_hessian":[9E0,5E0,4E0,4E0,1E0,1E0,3E0],"tree_param":{"num_deleted":"0","num_feature":"2","num_nodes":"7","size_leaf_vector":"1"}},{"base_weights":[1.7135009E-1,-5.4690353E1,6.597112E1,-6.039287E0,-1.3088883E0,1.446112E0,7.5233345E0],"categories":[],"categories_nodes":[],"categories_segments":[],"categories_sizes":[],"default_left":[0,0,0,0,0,0,0],"id":1,"left_children":[1,3,5,-1,-1,-1,-1],"loss_changes":[3.9706863E4,6.329238E2,1.2975254E3,0E0,0E0,0E0,0E0],"parents":[2147483647,0,0,1,1,2,2],"right_children":[2,4,6,-1,-1,-1,-1],"split_conditions":[7.0292526E-1,5.0091666E-1,8.041876E-1,-6.039287E0,-1.3088883E0,1.446112E0,7.5233345E0],"split_indices":[0,0,0,0,0,0,0],"split_type":[0,0,0,0,0,0,0],"sum_hessian":[9E0,5E0,4E0,4E0,1E0,1E0,3E0],"tree_param":{"num_deleted":"0","num_feature":"2","num_nodes":"7","size_leaf_vector":"1"}},{"base_weights":[3.1633607E-1,-5.044602E1,6.1167896E1,-6.021386E0,-2.0606894E0,1.3738068E0,6.9590836E0],"categories":[],"categories_nodes":[],"categories_segments":[],"categories_sizes":[],"default_left":[0,0,0,0,0,0,0],"id":2,"left_children":[1,3,5,-1,-1,-1,-1],"loss_changes":[3.3975363E4,5.079629E2,1.0414473E3,0E0,0E0,0E0,0E0],"parents":[2147483647,0,0,1,1,2,2],"right_children":[2,4,6,-1,-1,-1,-1],"split_conditions":[7.0292526E-1,3.9275005E-1,8.041876E-1,-6.021386E0,-2.0606894E0,1.3738068E0,6.9590836E0],"split_indices":[0,0,0,0,0,0,0],"split_type":[0,0,0,0,0,0,0],"sum_hessian":[9E0,5E0,4E0,3E0,2E0,1E0,3E0],"tree_param":{"num_deleted":"0","num_feature":"2","num_nodes":"7","size_leaf_vector":"1"}},{"base_weights":[3.0979005E-1,-4.6748425E1,5.671769E1,-5.153648E0,-1.1404084E0,1.3051163E0,6.437153E0],"categories":[],"categories_nodes":[],"categories_segments":[],"categories_sizes":[],"default_left":[0,0,0,0,0,0,0],"id":3,"left_children":[1,3,5,-1,-1,-1,-1],"loss_changes":[2.9196014E4,4.2765625E2,8.3095996E2,0E0,0E0,0E0,0E0],"parents":[2147483647,0,0,1,1,2,2],"right_children":[2,4,6,-1,-1,-1,-1],"split_conditions":[7.0292526E-1,5.0091666E-1,8.041876E-1,-5.153648E0,-1.1404084E0,1.3051163E0,6.437153E0],"split_indices":[0,0,0,0,0,0,0],"split_type":[0,0,0,0,0,0,0],"sum_hessian":[9E0,5E0,4E0,4E0,1E0,1E0,3E0],"tree_param":{"num_deleted":"0","num_feature":"2","num_nodes":"7","size_leaf_vector":"1"}},{"base_weights":[4.236328E-1,-4.3122585E1,5.2594368E1,-5.1832576E0,-1.713507E0,2.139625E0,6.6261024E0],"categories":[],"categories_nodes":[],"categories_segments":[],"categories_sizes":[],"default_left":[0,0,0,0,0,0,0],"id":4,"left_children":[1,3,5,-1,-1,-1,-1],"loss_changes":[2.4986387E4,4.6995117E2,7.1413184E2,0E0,0E0,0E0,0E0],"parents":[2147483647,0,0,1,1,2,2],"right_children":[2,4,6,-1,-1,-1,-1],"split_conditions":[7.0292526E-1,3.9275005E-1,9.0440613E-1,-5.1832576E0,-1.713507E0,2.139625E0,6.6261024E0],"split_indices":[0,0,0,0,0,0,0],"split_type":[0,0,0,0,0,0,0],"sum_hessian":[9E0,5E0,4E0,3E0,2E0,2E0,2E0],"tree_param":{"num_deleted":"0","num_feature":"2","num_nodes":"7","size_leaf_vector":"1"}},{"base_weights":[5.681671E-1,-3.995979E1,4.908808E1,-4.794513E0,-1.5992737E0,1.9969839E0,6.184363E0],"categories":[],"categories_nodes":[],"categories_segments":[],"categories_sizes":[],"default_left":[0,0,0,0,0,0,0],"id":5,"left_children":[1,3,5,-1,-1,-1,-1],"loss_changes":[2.1625678E4,3.8153613E2,6.2208887E2,0E0,0E0,0E0,0E0],"parents":[2147483647,0,0,1,1,2,2],"right_children":[2,4,6,-1,-1,-1,-1],"split_conditions":[7.0292526E-1,3.9275005E-1,9.0440613E-1,-4.794513E0,-1.5992737E0,1.9969839E0,6.184363E0],"split_indices":[0,0,0,0,0,0,0],"split_type":[0,0,0,0,0,0,0],"sum_hessian":[9E0,5E0,4E0,3E0,2E0,2E0,2E0],"tree_param":{"num_deleted":"0","num_feature":"2","num_nodes":"7","size_leaf_vector":"1"}},{"base_weights":[6.901123E-1,-3.7029434E1,4.5815544E1,-4.4349236E0,-1.4926555E0,1.0330307E0,5.2104278E0],"categories":[],"categories_nodes":[],"categories_segments":[],"categories_sizes":[],"default_left":[0,0,0,0,0,0,0],"id":6,"left_children":[1,3,5,-1,-1,-1,-1],"loss_changes":[1.8717633E4,3.0875098E2,5.775332E2,0E0,0E0,0E0,0E0],"parents":[2147483647,0,0,1,1,2,2],"right_children":[2,4,6,-1,-1,-1,-1],"split_conditions":[7.0292526E-1,3.9275005E-1,8.041876E-1,-4.4349236E0,-1.4926555E0,1.0330307E0,5.2104278E0],"split_indices":[0,0,0,0,0,0,0],"split_type":[0,0,0,0,0,0,0],"sum_hessian":[9E0,5E0,4E0,3E0,2E0,1E0,3E0],"tree_param":{"num_deleted":"0","num_feature":"2","num_nodes":"7","size_leaf_vector":"1"}},{"base_weights":[6.526947E-1,-3.431442E1,4.248269E1,-4.5576034E0,-1.7289604E0,1.6557373E0,5.424711E0],"categories":[],"categories_nodes":[],"categories_segments":[],"categories_sizes":[],"default_left":[0,0,0,0,0,0,0],"id":7,"left_children":[1,3,5,-1,-1,-1,-1],"loss_changes":[1.6084512E4,3.6236963E2,6.26791E2,0E0,0E0,0E0,0E0],"parents":[2147483647,0,0,1,1,2,2],"right_children":[2,4,6,-1,-1,-1,-1],"split_conditions":[7.0292526E-1,2.9469633E-1,9.0440613E-1,-4.5576034E0,-1.7289604E0,1.6557373E0,5.424711E0],"split_indices":[0,0,0,0,0,0,0],"split_type":[0,0,0,0,0,0,0],"sum_hessian":[9E0,5E0,4E0,2E0,3E0,2E0,2E0],"tree_param":{"num_deleted":"0","num_feature":"2","num_nodes":"7","size_leaf_vector":"1"}},{"base_weights":[6.668213E-1,-3.1930725E1,3.9650513E1,-4.253762E0,-1.5992874E0,1.5453552E0,5.0630636E0],"categories":[],"categories_nodes":[],"categories_segments":[],"categories_sizes":[],"default_left":[0,0,0,0,0,0,0],"id":8,"left_children":[1,3,5,-1,-1,-1,-1],"loss_changes":[1.3973796E4,3.3400732E2,5.460049E2,0E0,0E0,0E0,0E0],"parents":[2147483647,0,0,1,1,2,2],"right_children":[2,4,6,-1,-1,-1,-1],"split_conditions":[7.0292526E-1,2.9469633E-1,9.0440613E-1,-4.253762E0,-1.5992874E0,1.5453552E0,5.0630636E0],"split_indices":[0,0,0,0,0,0,0],"split_type":[0,0,0,0,0,0,0],"sum_hessian":[9E0,5E0,4E0,2E0,3E0,2E0,2E0],"tree_param":{"num_deleted":"0","num_feature":"2","num_nodes":"7","size_leaf_vector":"1"}},{"base_weights":[6.7567444E-1,-2.9713171E1,3.7007153E1,-3.9701784E0,-1.4793419E0,1.442332E0,4.725527E0],"categories":[],"categories_nodes":[],"categories_segments":[],"categories_sizes":[],"default_left":[0,0,0,0,0,0,0],"id":9,"left_children":[1,3,5,-1,-1,-1,-1],"loss_changes":[1.2140316E4,3.0684082E2,4.7563135E2,0E0,0E0,0E0,0E0],"parents":[2147483647,0,0,1,1,2,2],"right_children":[2,4,6,-1,-1,-1,-1],"split_conditions":[7.0292526E-1,2.9469633E-1,9.0440613E-1,-3.9701784E0,-1.4793419E0,1.442332E0,4.725527E0],"split_indices":[0,0,0,0,0,0,0],"split_type":[0,0,0,0,0,0,0],"sum_hessian":[9E0,5E0,4E0,2E0,3E0,2E0,2E0],"tree_param":{"num_deleted":"0","num_feature":"2","num_nodes":"7","size_leaf_vector":"1"}},{"base_weights":[6.7994386E-1,-2.7650106E1,3.4540016E1,-3.7054994E0,-1.3683914E0,1.3461772E0,4.410492E0],"categories":[],"categories_nodes":[],"categories_segments":[],"categories_sizes":[],"default_left":[0,0,0,0,0,0,0],"id":10,"left_children":[1,3,5,-1,-1,-1,-1],"loss_changes":[1.054761E4,2.8104492E2,4.1432666E2,0E0,0E0,0E0,0E0],"parents":[2147483647,0,0,1,1,2,2],"right_children":[2,4,6,-1,-1,-1,-1],"split_conditions":[7.0292526E-1,2.9469633E-1,9.0440613E-1,-3.7054994E0,-1.3683914E0,1.3461772E0,4.410492E0],"split_indices":[0,0,0,0,0,0,0],"split_type":[0,0,0,0,0,0,0],"sum_hessian":[9E0,5E0,4E0,2E0,3E0,2E0,2E0],"tree_param":{"num_deleted":"0","num_feature":"2","num_nodes":"7","size_leaf_vector":"1"}},{"base_weights":[6.8022156E-1,-2.573075E1,3.2237343E1,-3.4584656E0,-1.2657632E0,1.2564311E0,4.1164594E0],"categories":[],"categories_nodes":[],"categories_segments":[],"categories_sizes":[],"default_left":[0,0,0,0,0,0,0],"id":11,"left_children":[1,3,5,-1,-1,-1,-1],"loss_changes":[9.164032E3,2.5672925E2,3.609253E2,0E0,0E0,0E0,0E0],"parents":[2147483647,0,0,1,1,2,2],"right_children":[2,4,6,-1,-1,-1,-1],"split_conditions":[7.0292526E-1,2.9469633E-1,9.0440613E-1,-3.4584656E0,-1.2657632E0,1.2564311E0,4.1164594E0],"split_indices":[0,0,0,0,0,0,0],"split_type":[0,0,0,0,0,0,0],"sum_hessian":[9E0,5E0,4E0,2E0,3E0,2E0,2E0],"tree_param":{"num_deleted":"0","num_feature":"2","num_nodes":"7","size_leaf_vector":"1"}},{"base_weights":[6.7706907E-1,-2.3945038E1,3.0088184E1,-3.2279012E0,-1.1708298E0,6.190781E-1,3.451484E0],"categories":[],"categories_nodes":[],"categories_segments":[],"categories_sizes":[],"default_left":[0,0,0,0,0,0,0],"id":12,"left_children":[1,3,5,-1,-1,-1,-1],"loss_changes":[7.9620996E3,2.3395142E2,3.152539E2,0E0,0E0,0E0,0E0],"parents":[2147483647,0,0,1,1,2,2],"right_children":[2,4,6,-1,-1,-1,-1],"split_conditions":[7.0292526E-1,2.9469633E-1,8.041876E-1,-3.2279012E0,-1.1708298E0,6.190781E-1,3.451484E0],"split_indices":[0,0,0,0,0,0,0],"split_type":[0,0,0,0,0,0,0],"sum_hessian":[9E0,5E0,4E0,2E0,3E0,1E0,3E0],"tree_param":{"num_deleted":"0","num_feature":"2","num_nodes":"7","size_leaf_vector":"1"}},{"base_weights":[5.765503E-1,-2.2283651E1,2.7893482E1,-3.0127075E0,-1.083017E0,1.0369833E0,3.6119306E0],"categories":[],"categories_nodes":[],"categories_segments":[],"categories_sizes":[],"default_left":[0,0,0,0,0,0,0],"id":13,"left_children":[1,3,5,-1,-1,-1,-1],"loss_changes":[6.866274E3,2.1272583E2,3.461809E2,0E0,0E0,0E0,0E0],"parents":[2147483647,0,0,1,1,2,2],"right_children":[2,4,6,-1,-1,-1,-1],"split_conditions":[7.0292526E-1,2.9469633E-1,9.0440613E-1,-3.0127075E0,-1.083017E0,1.0369833E0,3.6119306E0],"split_indices":[0,0,0,0,0,0,0],"split_type":[0,0,0,0,0,0,0],"sum_hessian":[9E0,5E0,4E0,2E0,3E0,2E0,2E0],"tree_param":{"num_deleted":"0","num_feature":"2","num_nodes":"7","size_leaf_vector":"1"}},{"base_weights":[5.742096E-1,-2.073791E1,2.603391E1,-2.3452144E0,-3.583374E-1,9.678508E-1,3.3711345E0],"categories":[],"categories_nodes":[],"categories_segments":[],"categories_sizes":[],"default_left":[0,0,0,0,0,0,0],"id":14,"left_children":[1,3,5,-1,-1,-1,-1],"loss_changes":[5.965891E3,1.9533057E2,3.01562E2,0E0,0E0,0E0,0E0],"parents":[2147483647,0,0,1,1,2,2],"right_children":[2,4,6,-1,-1,-1,-1],"split_conditions":[7.0292526E-1,5.0091666E-1,9.0440613E-1,-2.3452144E0,-3.583374E-1,9.678508E-1,3.3711345E0],"split_indices":[0,0,0,0,0,0,0],"split_type":[0,0,0,0,0,0,0],"sum_hessian":[9E0,5E0,4E0,4E0,1E0,2E0,2E0],"tree_param":{"num_deleted":"0","num_feature":"2","num_nodes":"7","size_leaf_vector":"1"}},{"base_weights":[6.803314E-1,-1.911471E1,2.4298315E1,-2.6555126E0,-8.755722E-1,9.0332645E-1,3.1463928E0],"categories":[],"categories_nodes":[],"categories_segments":[],"categories_sizes":[],"default_left":[0,0,0,0,0,0,0],"id":15,"left_children":[1,3,5,-1,-1,-1,-1],"loss_changes":[5.139645E3,2.2994165E2,2.626953E2,0E0,0E0,0E0,0E0],"parents":[2147483647,0,0,1,1,2,2],"right_children":[2,4,6,-1,-1,-1,-1],"split_conditions":[7.0292526E-1,2.9469633E-1,9.0440613E-1,-2.6555126E0,-8.755722E-1,9.0332645E-1,3.1463928E0],"split_indices":[0,0,0,0,0,0,0],"split_type":[0,0,0,0,0,0,0],"sum_hessian":[9E0,5E0,4E0,2E0,3E0,2E0,2E0],"tree_param":{"num_deleted":"0","num_feature":"2","num_nodes":"7","size_leaf_vector":"1"}},{"base_weights":[6.641663E-1,-1.7791748E1,2.267843E1,-2.4784782E0,-8.0990374E-1,8.43105E-1,2.9366333E0],"categories":[],"categories_nodes":[],"categories_segments":[],"categories_sizes":[],"default_left":[0,0,0,0,0,0,0],"id":16,"left_children":[1,3,5,-1,-1,-1,-1],"loss_changes":[4.466423E3,2.0595581E2,2.2883618E2,0E0,0E0,0E0,0E0],"parents":[2147483647,0,0,1,1,2,2],"right_children":[2,4,6,-1,-1,-1,-1],"split_conditions":[7.0292526E-1,2.9469633E-1,9.0440613E-1,-2.4784782E0,-8.0990374E-1,8.43105E-1,2.9366333E0],"split_indices":[0,0,0,0,0,0,0],"split_type":[0,0,0,0,0,0,0],"sum_hessian":[9E0,5E0,4E0,2E0,3E0,2E0,2E0],"tree_param":{"num_deleted":"0","num_feature":"2","num_nodes":"7","size_leaf_vector":"1"}},{"base_weights":[6.4688414E-1,-1.6560633E1,2.1166529E1,-2.3132455E0,-7.4916077E-1,7.8689784E-1,2.740857E0],"categories":[],"categories_nodes":[],"categories_segments":[],"categories_sizes":[],"default_left":[0,0,0,0,0,0,0],"id":17,"left_children":[1,3,5,-1,-1,-1,-1],"loss_changes":[3.8814526E3,1.843009E2,1.993418E2,0E0,0E0,0E0,0E0],"parents":[2147483647,0,0,1,1,2,2],"right_children":[2,4,6,-1,-1,-1,-1],"split_conditions":[7.0292526E-1,2.9469633E-1,9.0440613E-1,-2.3132455E0,-7.4916077E-1,7.8689784E-1,2.740857E0],"split_indices":[0,0,0,0,0,0,0],"split_type":[0,0,0,0,0,0,0],"sum_hessian":[9E0,5E0,4E0,2E0,3E0,2E0,2E0],"tree_param":{"num_deleted":"0","num_feature":"2","num_nodes":"7","size_leaf_vector":"1"}},{"base_weights":[6.287292E-1,-1.5414978E1,1.9755432E1,-2.5192719E0,-8.420886E0,7.344381E-1,2.5581338E0,-9.4326633E-1,-2.1868896E-1],"categories":[],"categories_nodes":[],"categories_segments":[],"categories_sizes":[],"default_left":[0,0,0,0,0,0,0,0,0],"id":18,"left_children":[1,3,5,-1,7,-1,-1,-1,-1],"loss_changes":[3.3731616E3,1.9817346E2,1.7364917E2,0E0,1.09088745E1,0E0,0E0,0E0,0E0],"parents":[2147483647,0,0,1,1,2,2,4,4],"right_children":[2,4,6,-1,8,-1,-1,-1,-1],"split_conditions":[7.0292526E-1,1.905528E-1,9.0440613E-1,-2.5192719E0,5.0091666E-1,7.344381E-1,2.5581338E0,-9.4326633E-1,-2.1868896E-1],"split_indices":[0,0,0,0,0,0,0,0,0],"split_type":[0,0,0,0,0,0,0,0,0],"sum_hessian":[9E0,5E0,4E0,1E0,4E0,2E0,2E0,3E0,1E0],"tree_param":{"num_deleted":"0","num_feature":"2","num_nodes":"9","size_leaf_vector":"1"}},{"base_weights":[5.2699125E-1,-1.4487018E1,1.8438404E1,-2.3933084E0,-7.8111877E0,9.094536E-1,2.7906938E0,-8.725212E-1,-2.0775452E-1],"categories":[],"categories_nodes":[],"categories_segments":[],"categories_sizes":[],"default_left":[0,0,0,0,0,0,0,0,0],"id":19,"left_children":[1,3,5,-1,7,-1,-1,-1,-1],"loss_changes":[2.9563386E3,1.9141602E2,1.8856287E2,0E0,8.076416E0,0E0,0E0,0E0,0E0],"parents":[2147483647,0,0,1,1,2,2,4,4],"right_children":[2,4,6,-1,8,-1,-1,-1,-1],"split_conditions":[7.0292526E-1,1.905528E-1,1E0,-2.3933084E0,5.0091666E-1,9.094536E-1,2.7906938E0,-8.725212E-1,-2.0775452E-1],"split_indices":[0,0,0,0,0,0,0,0,0],"split_type":[0,0,0,0,0,0,0,0,0],"sum_hessian":[9E0,5E0,4E0,1E0,4E0,3E0,1E0,3E0,1E0],"tree_param":{"num_deleted":"0","num_feature":"2","num_nodes":"9","size_leaf_vector":"1"}},{"base_weights":[4.9695283E-1,-1.3617241E1,1.7334595E1,-2.2736428E0,-7.246118E0,8.412445E-1,2.6511598E0,-8.0708164E-1,-1.9736634E-1],"categories":[],"categories_nodes":[],"categories_segments":[],"categories_sizes":[],"default_left":[0,0,0,0,0,0,0,0,0],"id":20,"left_children":[1,3,5,-1,7,-1,-1,-1,-1],"loss_changes":[2.6125469E3,1.8384583E2,1.8636548E2,0E0,5.811798E0,0E0,0E0,0E0,0E0],"parents":[2147483647,0,0,1,1,2,2,4,4],"right_children":[2,4,6,-1,8,-1,-1,-1,-1],"split_conditions":[7.0292526E-1,1.905528E-1,1E0,-2.2736428E0,5.0091666E-1,8.412445E-1,2.6511598E0,-8.0708164E-1,-1.9736634E-1],"split_indices":[0,0,0,0,0,0,0,0,0],"split_type":[0,0,0,0,0,0,0,0,0],"sum_hessian":[9E0,5E0,4E0,1E0,4E0,3E0,1E0,3E0,1E0],"tree_param":{"num_deleted":"0","num_feature":"2","num_nodes":"9","size_leaf_vector":"1"}},{"base_weights":[4.6868438E-1,-1.2801872E1,1.6299616E1,-2.159961E0,-6.722403E0,7.7815094E0,2.5186021E0,-7.4655116E-1,-1.8749848E-1,2.3695831E-1,8.795624E-1],"categories":[],"categories_nodes":[],"categories_segments":[],"categories_sizes":[],"default_left":[0,0,0,0,0,0,0,0,0,0,0],"id":21,"left_children":[1,3,5,-1,7,9,-1,-1,-1,-1,-1],"loss_changes":[2.3095183E3,1.7571216E2,1.8249133E2,0E0,4.0130615E0,1.1112823E0,0E0,0E0,0E0,0E0,0E0],"parents":[2147483647,0,0,1,1,2,2,4,4,5,5],"right_children":[2,4,6,-1,8,10,-1,-1,-1,-1,-1],"split_conditions":[7.0292526E-1,1.905528E-1,1E0,-2.159961E0,5.0091666E-1,8.041876E-1,2.5186021E0,-7.4655116E-1,-1.8749848E-1,2.3695831E-1,8.795624E-1],"split_indices":[0,0,0,0,0,0,0,0,0,0,0],"split_type":[0,0,0,0,0,0,0,0,0,0,0],"sum_hessian":[9E0,5E0,4E0,1E0,4E0,3E0,1E0,3E0,1E0,1E0,2E0],"tree_param":{"num_deleted":"0","num_feature":"2","num_nodes":"11","size_leaf_vector":"1"}},{"base_weights":[4.7592467E-1,-1.20373535E1,1.5396673E1,-2.051963E0,-6.236972E0,7.282486E0,2.3926713E0,-6.905598E-1,-1.7812347E-1,2.2510986E-1,8.209249E-1],"categories":[],"categories_nodes":[],"categories_segments":[],"categories_sizes":[],"default_left":[0,0,0,0,0,0,0,0,0,0,0],"id":22,"left_children":[1,3,5,-1,7,9,-1,-1,-1,-1,-1],"loss_changes":[2.05241E3,1.6722235E2,1.7182568E2,0E0,2.5956116E0,1.7176819E-1,0E0,0E0,0E0,0E0,0E0],"parents":[2147483647,0,0,1,1,2,2,4,4,5,5],"right_children":[2,4,6,-1,8,10,-1,-1,-1,-1,-1],"split_conditions":[7.0292526E-1,1.905528E-1,1E0,-2.051963E0,5.0091666E-1,8.041876E-1,2.3926713E0,-6.905598E-1,-1.7812347E-1,2.2510986E-1,8.209249E-1],"split_indices":[0,0,0,0,0,0,0,0,0,0,0],"split_type":[0,0,0,0,0,0,0,0,0,0,0],"sum_hessian":[9E0,5E0,4E0,1E0,4E0,3E0,1E0,3E0,1E0,1E0,2E0],"tree_param":{"num_deleted":"0","num_feature":"2","num_nodes":"11","size_leaf_vector":"1"}},{"base_weights":[4.8013917E-1,-1.1320394E1,1.4544751E1,-1.9493653E0,-5.7870116E0,6.81575E-1,2.2730377E0,-6.38768E-1,-1.6921692E-1],"categories":[],"categories_nodes":[],"categories_segments":[],"categories_sizes":[],"default_left":[0,0,0,0,0,0,0,0,0],"id":23,"left_children":[1,3,5,-1,7,-1,-1,-1,-1],"loss_changes":[1.8243514E3,1.5854456E2,1.6140894E2,0E0,1.4891663E0,0E0,0E0,0E0,0E0],"parents":[2147483647,0,0,1,1,2,2,4,4],"right_children":[2,4,6,-1,8,-1,-1,-1,-1],"split_conditions":[7.0292526E-1,1.905528E-1,1E0,-1.9493653E0,5.0091666E-1,6.81575E-1,2.2730377E0,-6.38768E-1,-1.6921692E-1],"split_indices":[0,0,0,0,0,0,0,0,0],"split_type":[0,0,0,0,0,0,0,0,0],"sum_hessian":[9E0,5E0,4E0,1E0,4E0,3E0,1E0,3E0,1E0],"tree_param":{"num_deleted":"0","num_feature":"2","num_nodes":"9","size_leaf_vector":"1"}},{"base_weights":[4.5184937E-1,-1.0647914E1,1.3681195E1,-1.8518966E0,-5.36991E0,6.3045654E0,2.1593857E0,-5.908608E-1,-1.6075592E-1,1.79776E-1,7.207581E-1],"categories":[],"categories_nodes":[],"categories_segments":[],"categories_sizes":[],"default_left":[0,0,0,0,0,0,0,0,0,0,0],"id":24,"left_children":[1,3,5,-1,7,9,-1,-1,-1,-1,-1],"loss_changes":[1.6141022E3,1.4981549E2,1.5570398E2,0E0,6.354065E-1,3.32135E0,0E0,0E0,0E0,0E0,0E0],"parents":[2147483647,0,0,1,1,2,2,4,4,5,5],"right_children":[2,4,6,-1,8,10,-1,-1,-1,-1,-1],"split_conditions":[7.0292526E-1,1.905528E-1,1E0,-1.8518966E0,5.0091666E-1,8.041876E-1,2.1593857E0,-5.908608E-1,-1.6075592E-1,1.79776E-1,7.207581E-1],"split_indices":[0,0,0,0,0,0,0,0,0,0,0],"split_type":[0,0,0,0,0,0,0,0,0,0,0],"sum_hessian":[9E0,5E0,4E0,1E0,4E0,3E0,1E0,3E0,1E0,1E0,2E0],"tree_param":{"num_deleted":"0","num_feature":"2","num_nodes":"11","size_leaf_vector":"1"}},{"base_weights":[4.5230255E-1,-1.0017041E1,1.2925055E1,-1.7593018E0,-4.983243E-1,5.8992386E0,2.0514162E0,1.7078705E-1,6.7270714E-1],"categories":[],"categories_nodes":[],"categories_segments":[],"categories_sizes":[],"default_left":[0,0,0,0,0,0,0,0,0],"id":25,"left_children":[1,3,5,-1,-1,7,-1,-1,-1],"loss_changes":[1.4352863E3,1.4114545E2,1.4558032E2,0E0,0E0,2.39003E0,0E0,0E0,0E0],"parents":[2147483647,0,0,1,1,2,2,5,5],"right_children":[2,4,6,-1,-1,8,-1,-1,-1],"split_conditions":[7.0292526E-1,1.905528E-1,1E0,-1.7593018E0,-4.983243E-1,8.041876E-1,2.0514162E0,1.7078705E-1,6.7270714E-1],"split_indices":[0,0,0,0,0,0,0,0,0],"split_type":[0,0,0,0,0,0,0,0,0],"sum_hessian":[9E0,5E0,4E0,1E0,4E0,3E0,1E0,1E0,2E0],"tree_param":{"num_deleted":"0","num_feature":"2","num_nodes":"9","size_leaf_vector":"1"}},{"base_weights":[4.708023E-1,-9.391609E0,1.2211535E1,-1.6713364E0,-4.5845857E0,5.520195E0,1.9488449E0,-5.0917244E-1,-1.2780152E-1,1.6224824E-1,6.278605E-1],"categories":[],"categories_nodes":[],"categories_segments":[],"categories_sizes":[],"default_left":[0,0,0,0,0,0,0,0,0,0,0],"id":26,"left_children":[1,3,5,-1,7,9,-1,-1,-1,-1,-1],"loss_changes":[1.2726055E3,1.3455121E2,1.3588147E2,0E0,1.8771515E0,1.6373291E0,0E0,0E0,0E0,0E0,0E0],"parents":[2147483647,0,0,1,1,2,2,4,4,5,5],"right_children":[2,4,6,-1,8,10,-1,-1,-1,-1,-1],"split_conditions":[7.0292526E-1,1.905528E-1,1E0,-1.6713364E0,5.0091666E-1,8.041876E-1,1.9488449E0,-5.0917244E-1,-1.2780152E-1,1.6224824E-1,6.278605E-1],"split_indices":[0,0,0,0,0,0,0,0,0,0,0],"split_type":[0,0,0,0,0,0,0,0,0,0,0],"sum_hessian":[9E0,5E0,4E0,1E0,4E0,3E0,1E0,3E0,1E0,1E0,2E0],"tree_param":{"num_deleted":"0","num_feature":"2","num_nodes":"11","size_leaf_vector":"1"}},{"base_weights":[4.667862E-1,-8.837161E0,1.1538165E1,-1.5877694E0,-4.2535157E0,5.165695E0,1.8514023E0,-4.709839E-1,-1.2141114E-1,1.5413514E-1,5.860026E-1],"categories":[],"categories_nodes":[],"categories_segments":[],"categories_sizes":[],"default_left":[0,0,0,0,0,0,0,0,0,0,0],"id":27,"left_children":[1,3,5,-1,7,9,-1,-1,-1,-1,-1],"loss_changes":[1.1320399E3,1.2609177E2,1.26629395E2,0E0,1.2164917E0,1.0336151E0,0E0,0E0,0E0,0E0,0E0],"parents":[2147483647,0,0,1,1,2,2,4,4,5,5],"right_children":[2,4,6,-1,8,10,-1,-1,-1,-1,-1],"split_conditions":[7.0292526E-1,1.905528E-1,1E0,-1.5877694E0,5.0091666E-1,8.041876E-1,1.8514023E0,-4.709839E-1,-1.2141114E-1,1.5413514E-1,5.860026E-1],"split_indices":[0,0,0,0,0,0,0,0,0,0,0],"split_type":[0,0,0,0,0,0,0,0,0,0,0],"sum_hessian":[9E0,5E0,4E0,1E0,4E0,3E0,1E0,3E0,1E0,1E0,2E0],"tree_param":{"num_deleted":"0","num_feature":"2","num_nodes":"11","size_leaf_vector":"1"}},{"base_weights":[4.6124116E-1,-8.316811E0,1.0902655E1,-1.5083809E0,-3.946649E0,4.83416E0,1.7588319E0,-4.3566057E-1,-1.1534119E-1,1.4642791E-1,5.4693604E-1],"categories":[],"categories_nodes":[],"categories_segments":[],"categories_sizes":[],"default_left":[0,0,0,0,0,0,0,0,0,0,0],"id":28,"left_children":[1,3,5,-1,7,9,-1,-1,-1,-1,-1],"loss_changes":[1.007228E3,1.1790677E2,1.1783478E2,0E0,7.005615E-1,5.5353546E-1,0E0,0E0,0E0,0E0,0E0],"parents":[2147483647,0,0,1,1,2,2,4,4,5,5],"right_children":[2,4,6,-1,8,10,-1,-1,-1,-1,-1],"split_conditions":[7.0292526E-1,1.905528E-1,1E0,-1.5083809E0,5.0091666E-1,8.041876E-1,1.7588319E0,-4.3566057E-1,-1.1534119E-1,1.4642791E-1,5.4693604E-1],"split_indices":[0,0,0,0,0,0,0,0,0,0,0],"split_type":[0,0,0,0,0,0,0,0,0,0,0],"sum_hessian":[9E0,5E0,4E0,1E0,4E0,3E0,1E0,3E0,1E0,1E0,2E0],"tree_param":{"num_deleted":"0","num_feature":"2","num_nodes":"11","size_leaf_vector":"1"}},{"base_weights":[4.5440063E-1,-7.828359E0,1.0302832E1,-1.4329621E0,-3.6621826E0,4.524086E0,1.6708908E0,-4.0298614E-1,-1.09573364E-1,1.3910675E-1,5.1047367E-1],"categories":[],"categories_nodes":[],"categories_segments":[],"categories_sizes":[],"default_left":[0,0,0,0,0,0,0,0,0,0,0],"id":29,"left_children":[1,3,5,-1,7,9,-1,-1,-1,-1,-1],"loss_changes":[8.9637616E2,1.1003473E2,1.0950287E2,0E0,3.0249786E-1,1.7572021E-1,0E0,0E0,0E0,0E0,0E0],"parents":[2147483647,0,0,1,1,2,2,4,4,5,5],"right_children":[2,4,6,-1,8,10,-1,-1,-1,-1,-1],"split_conditions":[7.0292526E-1,1.905528E-1,1E0,-1.4329621E0,5.0091666E-1,8.041876E-1,1.6708908E0,-4.0298614E-1,-1.09573364E-1,1.3910675E-1,5.1047367E-1],"split_indices":[0,0,0,0,0,0,0,0,0,0,0],"split_type":[0,0,0,0,0,0,0,0,0,0,0],"sum_hessian":[9E0,5E0,4E0,1E0,4E0,3E0,1E0,3E0,1E0,1E0,2E0],"tree_param":{"num_deleted":"0","num_feature":"2","num_nodes":"11","size_leaf_vector":"1"}},{"base_weights":[4.464554E-1,-7.369779E0,9.736646E0,-1.3613137E0,-3.39848E-1,4.2340776E-1,1.587346E0],"categories":[],"categories_nodes":[],"categories_segments":[],"categories_sizes":[],"default_left":[0,0,0,0,0,0,0],"id":30,"left_children":[1,3,5,-1,-1,-1,-1],"loss_changes":[7.9789996E2,1.02501434E2,1.0163168E2,0E0,0E0,0E0,0E0],"parents":[2147483647,0,0,1,1,2,2],"right_children":[2,4,6,-1,-1,-1,-1],"split_conditions":[7.0292526E-1,1.905528E-1,1E0,-1.3613137E0,-3.39848E-1,4.2340776E-1,1.587346E0],"split_indices":[0,0,0,0,0,0,0],"split_type":[0,0,0,0,0,0,0],"sum_hessian":[9E0,5E0,4E0,1E0,4E0,3E0,1E0],"tree_param":{"num_deleted":"0","num_feature":"2","num_nodes":"7","size_leaf_vector":"1"}},{"base_weights":[4.3276978E-1,-6.916331E0,9.165136E0,-1.293248E0,-3.1266053E0,3.9165268E0,1.5079788E0,-3.4727404E-1,-8.710327E-2,1.10981755E-1,4.4821572E-1],"categories":[],"categories_nodes":[],"categories_segments":[],"categories_sizes":[],"default_left":[0,0,0,0,0,0,0,0,0,0,0],"id":31,"left_children":[1,3,5,-1,7,9,-1,-1,-1,-1,-1],"loss_changes":[7.051395E2,9.636255E1,9.615811E1,0E0,8.78788E-1,1.3758698E0,0E0,0E0,0E0,0E0,0E0],"parents":[2147483647,0,0,1,1,2,2,4,4,5,5],"right_children":[2,4,6,-1,8,10,-1,-1,-1,-1,-1],"split_conditions":[7.0292526E-1,1.905528E-1,1E0,-1.293248E0,5.0091666E-1,8.041876E-1,1.5079788E0,-3.4727404E-1,-8.710327E-2,1.10981755E-1,4.4821572E-1],"split_indices":[0,0,0,0,0,0,0,0,0,0,0],"split_type":[0,0,0,0,0,0,0,0,0,0,0],"sum_hessian":[9E0,5E0,4E0,1E0,4E0,3E0,1E0,3E0,1E0,1E0,2E0],"tree_param":{"num_deleted":"0","num_feature":"2","num_nodes":"11","size_leaf_vector":"1"}},{"base_weights":[4.2344666E-1,-6.5126395E0,8.662061E0,-1.2285858E0,-2.900824E0,3.6646729E0,1.4325806E0,-3.5621235E-1,-1.272583E-1,1.0543213E-1,4.1833496E-1],"categories":[],"categories_nodes":[],"categories_segments":[],"categories_sizes":[],"default_left":[0,0,0,0,0,0,0,0,0,0,0],"id":32,"left_children":[1,3,5,-1,7,9,-1,-1,-1,-1,-1],"loss_changes":[6.278502E2,8.9471664E1,8.902026E1,0E0,8.506775E-1,1.0051193E0,0E0,0E0,0E0,0E0,0E0],"parents":[2147483647,0,0,1,1,2,2,4,4,5,5],"right_children":[2,4,6,-1,8,10,-1,-1,-1,-1,-1],"split_conditions":[7.0292526E-1,1.905528E-1,1E0,-1.2285858E0,3.9275005E-1,8.041876E-1,1.4325806E0,-3.5621235E-1,-1.272583E-1,1.0543213E-1,4.1833496E-1],"split_indices":[0,0,0,0,0,0,0,0,0,0,0],"split_type":[0,0,0,0,0,0,0,0,0,0,0],"sum_hessian":[9E0,5E0,4E0,1E0,4E0,3E0,1E0,2E0,2E0,1E0,2E0],"tree_param":{"num_deleted":"0","num_feature":"2","num_nodes":"11","size_leaf_vector":"1"}},{"base_weights":[4.0553132E-1,-6.1467156E0,8.187121E0,-1.1671562E0,-2.7074342E0,3.4291458E0,1.3609513E0,-3.324646E-1,-1.18774414E-1,1.0016022E-1,3.9044598E-1],"categories":[],"categories_nodes":[],"categories_segments":[],"categories_sizes":[],"default_left":[0,0,0,0,0,0,0,0,0,0,0],"id":33,"left_children":[1,3,5,-1,7,9,-1,-1,-1,-1,-1],"loss_changes":[5.60193E2,8.240903E1,8.232901E1,0E0,7.41024E-1,7.0466614E-1,0E0,0E0,0E0,0E0,0E0],"parents":[2147483647,0,0,1,1,2,2,4,4,5,5],"right_children":[2,4,6,-1,8,10,-1,-1,-1,-1,-1],"split_conditions":[7.0292526E-1,1.905528E-1,1E0,-1.1671562E0,3.9275005E-1,8.041876E-1,1.3609513E0,-3.324646E-1,-1.18774414E-1,1.0016022E-1,3.9044598E-1],"split_indices":[0,0,0,0,0,0,0,0,0,0,0],"split_type":[0,0,0,0,0,0,0,0,0,0,0],"sum_hessian":[9E0,5E0,4E0,1E0,4E0,3E0,1E0,2E0,2E0,1E0,2E0],"tree_param":{"num_deleted":"0","num_feature":"2","num_nodes":"11","size_leaf_vector":"1"}},{"base_weights":[3.8829345E-1,-5.8017783E0,7.738721E0,-1.1087983E0,-2.5269408E0,3.2088852E0,1.2929032E0,-3.103007E-1,-1.10856116E-1,9.515228E-2,3.644165E-1],"categories":[],"categories_nodes":[],"categories_segments":[],"categories_sizes":[],"default_left":[0,0,0,0,0,0,0,0,0,0,0],"id":34,"left_children":[1,3,5,-1,7,9,-1,-1,-1,-1,-1],"loss_changes":[4.9989505E2,7.585005E1,7.606848E1,0E0,6.455307E-1,4.628296E-1,0E0,0E0,0E0,0E0,0E0],"parents":[2147483647,0,0,1,1,2,2,4,4,5,5],"right_children":[2,4,6,-1,8,10,-1,-1,-1,-1,-1],"split_conditions":[7.0292526E-1,1.905528E-1,1E0,-1.1087983E0,3.9275005E-1,8.041876E-1,1.2929032E0,-3.103007E-1,-1.10856116E-1,9.515228E-2,3.644165E-1],"split_indices":[0,0,0,0,0,0,0,0,0,0,0],"split_type":[0,0,0,0,0,0,0,0,0,0,0],"sum_hessian":[9E0,5E0,4E0,1E0,4E0,3E0,1E0,2E0,2E0,1E0,2E0],"tree_param":{"num_deleted":"0","num_feature":"2","num_nodes":"11","size_leaf_vector":"1"}},{"base_weights":[3.7171936E-1,-5.476588E0,7.3153443E0,-1.0533584E0,-2.3584716E0,3.0028915E0,1.2282578E0,-2.6235732E-1,-6.490326E-2,9.0394594E-2,3.401225E-1],"categories":[],"categories_nodes":[],"categories_segments":[],"categories_sizes":[],"default_left":[0,0,0,0,0,0,0,0,0,0,0],"id":35,"left_children":[1,3,5,-1,7,9,-1,-1,-1,-1,-1],"loss_changes":[4.4614767E2,6.976668E1,7.022153E1,0E0,5.630894E-1,2.6979446E-1,0E0,0E0,0E0,0E0,0E0],"parents":[2147483647,0,0,1,1,2,2,4,4,5,5],"right_children":[2,4,6,-1,8,10,-1,-1,-1,-1,-1],"split_conditions":[7.0292526E-1,1.905528E-1,1E0,-1.0533584E0,5.0091666E-1,8.041876E-1,1.2282578E0,-2.6235732E-1,-6.490326E-2,9.0394594E-2,3.401225E-1],"split_indices":[0,0,0,0,0,0,0,0,0,0,0],"split_type":[0,0,0,0,0,0,0,0,0,0,0],"sum_hessian":[9E0,5E0,4E0,1E0,4E0,3E0,1E0,3E0,1E0,1E0,2E0],"tree_param":{"num_deleted":"0","num_feature":"2","num_nodes":"11","size_leaf_vector":"1"}},{"base_weights":[3.623642E-1,-5.1590295E0,6.915564E0,-1.0006905E0,-2.1880736E0,2.810234E0,1.1668442E0,-2.7212322E-1,-9.255575E-2,8.587494E-2,3.1744793E-1],"categories":[],"categories_nodes":[],"categories_segments":[],"categories_sizes":[],"default_left":[0,0,0,0,0,0,0,0,0,0,0],"id":36,"left_children":[1,3,5,-1,7,9,-1,-1,-1,-1,-1],"loss_changes":[3.9750558E2,6.452109E1,6.476959E1,0E0,8.469467E-1,1.1719322E-1,0E0,0E0,0E0,0E0,0E0],"parents":[2147483647,0,0,1,1,2,2,4,4,5,5],"right_children":[2,4,6,-1,8,10,-1,-1,-1,-1,-1],"split_conditions":[7.0292526E-1,1.905528E-1,1E0,-1.0006905E0,3.9275005E-1,8.041876E-1,1.1668442E0,-2.7212322E-1,-9.255575E-2,8.587494E-2,3.1744793E-1],"split_indices":[0,0,0,0,0,0,0,0,0,0,0],"split_type":[0,0,0,0,0,0,0,0,0,0,0],"sum_hessian":[9E0,5E0,4E0,1E0,4E0,3E0,1E0,2E0,2E0,1E0,2E0],"tree_param":{"num_deleted":"0","num_feature":"2","num_nodes":"11","size_leaf_vector":"1"}},{"base_weights":[3.466095E-1,-4.870687E0,6.538043E0,-9.506561E-1,-2.0421996E0,2.630043E-1,1.1085023E0,-2.5398153E-1,-8.638509E-2],"categories":[],"categories_nodes":[],"categories_segments":[],"categories_sizes":[],"default_left":[0,0,0,0,0,0,0,0,0],"id":37,"left_children":[1,3,5,-1,7,-1,-1,-1,-1],"loss_changes":[3.548702E2,5.9260788E1,5.9693863E1,0E0,7.378006E-1,0E0,0E0,0E0,0E0],"parents":[2147483647,0,0,1,1,2,2,4,4],"right_children":[2,4,6,-1,8,-1,-1,-1,-1],"split_conditions":[7.0292526E-1,1.905528E-1,1E0,-9.506561E-1,3.9275005E-1,2.630043E-1,1.1085023E0,-2.5398153E-1,-8.638509E-2],"split_indices":[0,0,0,0,0,0,0,0,0],"split_type":[0,0,0,0,0,0,0,0,0],"sum_hessian":[9E0,5E0,4E0,1E0,4E0,3E0,1E0,2E0,2E0],"tree_param":{"num_deleted":"0","num_feature":"2","num_nodes":"9","size_leaf_vector":"1"}},{"base_weights":[3.200012E-1,-4.5987854E0,6.158545E0,-9.031235E-1,-1.9060485E0,2.4327927E0,1.0530777E0,-2.3704937E-1,-8.062541E-2,6.8431094E-2,2.7875164E-1],"categories":[],"categories_nodes":[],"categories_segments":[],"categories_sizes":[],"default_left":[0,0,0,0,0,0,0,0,0,0,0],"id":38,"left_children":[1,3,5,-1,7,9,-1,-1,-1,-1,-1],"loss_changes":[3.1550732E2,5.4398537E1,5.5830063E1,0E0,6.427498E-1,5.7338333E-1,0E0,0E0,0E0,0E0,0E0],"parents":[2147483647,0,0,1,1,2,2,4,4,5,5],"right_children":[2,4,6,-1,8,10,-1,-1,-1,-1,-1],"split_conditions":[7.0292526E-1,1.905528E-1,1E0,-9.031235E-1,3.9275005E-1,8.041876E-1,1.0530777E0,-2.3704937E-1,-8.062541E-2,6.8431094E-2,2.7875164E-1],"split_indices":[0,0,0,0,0,0,0,0,0,0,0],"split_type":[0,0,0,0,0,0,0,0,0,0,0],"sum_hessian":[9E0,5E0,4E0,1E0,4E0,3E0,1E0,2E0,2E0,1E0,2E0],"tree_param":{"num_deleted":"0","num_feature":"2","num_nodes":"11","size_leaf_vector":"1"}},{"base_weights":[3.059494E-1,-4.3423743E0,5.8227477E0,-8.579674E-1,-1.7789795E0,2.2763138E0,1.0004243E0,-2.2124635E-1,-7.5250246E-2,6.501007E-2,2.6016846E-1],"categories":[],"categories_nodes":[],"categories_segments":[],"categories_sizes":[],"default_left":[0,0,0,0,0,0,0,0,0,0,0],"id":39,"left_children":[1,3,5,-1,7,9,-1,-1,-1,-1,-1],"loss_changes":[2.817232E2,4.9908165E1,5.137416E1,0E0,5.599222E-1,4.2513275E-1,0E0,0E0,0E0,0E0,0E0],"parents":[2147483647,0,0,1,1,2,2,4,4,5,5],"right_children":[2,4,6,-1,8,10,-1,-1,-1,-1,-1],"split_conditions":[7.0292526E-1,1.905528E-1,1E0,-8.579674E-1,3.9275005E-1,8.041876E-1,1.0004243E0,-2.2124635E-1,-7.5250246E-2,6.501007E-2,2.6016846E-1],"split_indices":[0,0,0,0,0,0,0,0,0,0,0],"split_type":[0,0,0,0,0,0,0,0,0,0,0],"sum_hessian":[9E0,5E0,4E0,1E0,4E0,3E0,1E0,2E0,2E0,1E0,2E0],"tree_param":{"num_deleted":"0","num_feature":"2","num_nodes":"11","size_leaf_vector":"1"}},{"base_weights":[2.9247284E-1,-4.1005425E0,5.505597E0,-8.1506884E-1,-1.660376E0,2.129982E0,9.5040286E-1,-2.0649616E-1,-7.023316E-2,6.175995E-2,2.428243E-1],"categories":[],"categories_nodes":[],"categories_segments":[],"categories_sizes":[],"default_left":[0,0,0,0,0,0,0,0,0,0,0],"id":40,"left_children":[1,3,5,-1,7,9,-1,-1,-1,-1,-1],"loss_changes":[2.5158926E2,4.5764977E1,4.7242416E1,0E0,4.8776722E-1,3.0465698E-1,0E0,0E0,0E0,0E0,0E0],"parents":[2147483647,0,0,1,1,2,2,4,4,5,5],"right_children":[2,4,6,-1,8,10,-1,-1,-1,-1,-1],"split_conditions":[7.0292526E-1,1.905528E-1,1E0,-8.1506884E-1,3.9275005E-1,8.041876E-1,9.5040286E-1,-2.0649616E-1,-7.023316E-2,6.175995E-2,2.428243E-1],"split_indices":[0,0,0,0,0,0,0,0,0,0,0],"split_type":[0,0,0,0,0,0,0,0,0,0,0],"sum_hessian":[9E0,5E0,4E0,1E0,4E0,3E0,1E0,2E0,2E0,1E0,2E0],"tree_param":{"num_deleted":"0","num_feature":"2","num_nodes":"11","size_leaf_vector":"1"}},{"base_weights":[2.795395E-1,-3.8724594E0,5.2060304E0,-7.7431566E-1,-1.5496887E0,1.9931259E0,9.028824E-1,-1.927297E-1,-6.555176E-2,5.867157E-2,2.2663574E-1],"categories":[],"categories_nodes":[],"categories_segments":[],"categories_sizes":[],"default_left":[0,0,0,0,0,0,0,0,0,0,0],"id":41,"left_children":[1,3,5,-1,7,9,-1,-1,-1,-1,-1],"loss_changes":[2.24708E2,4.1944977E1,4.3415756E1,0E0,4.2485523E-1,2.0739365E-1,0E0,0E0,0E0,0E0,0E0],"parents":[2147483647,0,0,1,1,2,2,4,4,5,5],"right_children":[2,4,6,-1,8,10,-1,-1,-1,-1,-1],"split_conditions":[7.0292526E-1,1.905528E-1,1E0,-7.7431566E-1,3.9275005E-1,8.041876E-1,9.028824E-1,-1.927297E-1,-6.555176E-2,5.867157E-2,2.2663574E-1],"split_indices":[0,0,0,0,0,0,0,0,0,0,0],"split_type":[0,0,0,0,0,0,0,0,0,0,0],"sum_hessian":[9E0,5E0,4E0,1E0,4E0,3E0,1E0,2E0,2E0,1E0,2E0],"tree_param":{"num_deleted":"0","num_feature":"2","num_nodes":"11","size_leaf_vector":"1"}},{"base_weights":[2.671463E-1,-3.6573105E0,4.923065E0,-7.355995E-1,-1.4463745E0,1.8651428E0,8.577377E-1,-1.7988078E-1,-6.1181642E-2,5.5737305E-2,2.1152751E-1],"categories":[],"categories_nodes":[],"categories_segments":[],"categories_sizes":[],"default_left":[0,0,0,0,0,0,0,0,0,0,0],"id":42,"left_children":[1,3,5,-1,7,9,-1,-1,-1,-1,-1],"loss_changes":[2.0072469E2,3.842581E1,3.9874985E1,0E0,3.7009048E-1,1.294632E-1,0E0,0E0,0E0,0E0,0E0],"parents":[2147483647,0,0,1,1,2,2,4,4,5,5],"right_children":[2,4,6,-1,8,10,-1,-1,-1,-1,-1],"split_conditions":[7.0292526E-1,1.905528E-1,1E0,-7.355995E-1,3.9275005E-1,8.041876E-1,8.577377E-1,-1.7988078E-1,-6.1181642E-2,5.5737305E-2,2.1152751E-1],"split_indices":[0,0,0,0,0,0,0,0,0,0,0],"split_type":[0,0,0,0,0,0,0,0,0,0,0],"sum_hessian":[9E0,5E0,4E0,1E0,4E0,3E0,1E0,2E0,2E0,1E0,2E0],"tree_param":{"num_deleted":"0","num_feature":"2","num_nodes":"11","size_leaf_vector":"1"}},{"base_weights":[2.552719E-1,-3.4543533E0,4.655768E0,-6.9881976E-1,-1.3499451E0,1.7454529E0,8.148514E-1,-1.6788839E-1,-5.710246E-2,5.295105E-2,1.9742636E-1],"categories":[],"categories_nodes":[],"categories_segments":[],"categories_sizes":[],"default_left":[0,0,0,0,0,0,0,0,0,0,0],"id":43,"left_children":[1,3,5,-1,7,9,-1,-1,-1,-1,-1],"loss_changes":[1.7932458E2,3.518622E1,3.6602097E1,0E0,3.22402E-1,6.748867E-2,0E0,0E0,0E0,0E0,0E0],"parents":[2147483647,0,0,1,1,2,2,4,4,5,5],"right_children":[2,4,6,-1,8,10,-1,-1,-1,-1,-1],"split_conditions":[7.0292526E-1,1.905528E-1,1E0,-6.9881976E-1,3.9275005E-1,8.041876E-1,8.148514E-1,-1.6788839E-1,-5.710246E-2,5.295105E-2,1.9742636E-1],"split_indices":[0,0,0,0,0,0,0,0,0,0,0],"split_type":[0,0,0,0,0,0,0,0,0,0,0],"sum_hessian":[9E0,5E0,4E0,1E0,4E0,3E0,1E0,2E0,2E0,1E0,2E0],"tree_param":{"num_deleted":"0","num_feature":"2","num_nodes":"11","size_leaf_vector":"1"}},{"base_weights":[2.4388885E-1,-3.262886E0,4.403241E0,-6.638786E-1,-1.2599487E0,1.6335068E0,7.741089E-1,-1.5669556E-1,-5.32959E-2,5.030365E-2,1.8426514E-1],"categories":[],"categories_nodes":[],"categories_segments":[],"categories_sizes":[],"default_left":[0,0,0,0,0,0,0,0,0,0,0],"id":44,"left_children":[1,3,5,-1,7,9,-1,-1,-1,-1,-1],"loss_changes":[1.602264E2,3.220577E1,3.3579636E1,0E0,2.8083134E-1,1.8805504E-2,0E0,0E0,0E0,0E0,0E0],"parents":[2147483647,0,0,1,1,2,2,4,4,5,5],"right_children":[2,4,6,-1,8,10,-1,-1,-1,-1,-1],"split_conditions":[7.0292526E-1,1.905528E-1,1E0,-6.638786E-1,3.9275005E-1,8.041876E-1,7.741089E-1,-1.5669556E-1,-5.32959E-2,5.030365E-2,1.8426514E-1],"split_indices":[0,0,0,0,0,0,0,0,0,0,0],"split_type":[0,0,0,0,0,0,0,0,0,0,0],"sum_hessian":[9E0,5E0,4E0,1E0,4E0,3E0,1E0,2E0,2E0,1E0,2E0],"tree_param":{"num_deleted":"0","num_feature":"2","num_nodes":"11","size_leaf_vector":"1"}},{"base_weights":[2.3297882E-1,-3.0822475E0,4.1646547E0,-6.306847E-1,-1.1759583E0,1.528801E-1,7.354035E-1,-1.3222046E-1,-2.9548645E-2],"categories":[],"categories_nodes":[],"categories_segments":[],"categories_sizes":[],"default_left":[0,0,0,0,0,0,0,0,0],"id":45,"left_children":[1,3,5,-1,7,-1,-1,-1,-1],"loss_changes":[1.4318045E2,2.9465523E1,3.079084E1,0E0,2.531352E-1,0E0,0E0,0E0,0E0],"parents":[2147483647,0,0,1,1,2,2,4,4],"right_children":[2,4,6,-1,8,-1,-1,-1,-1],"split_conditions":[7.0292526E-1,1.905528E-1,1E0,-6.306847E-1,5.0091666E-1,1.528801E-1,7.354035E-1,-1.3222046E-1,-2.9548645E-2],"split_indices":[0,0,0,0,0,0,0,0,0],"split_type":[0,0,0,0,0,0,0,0,0],"sum_hessian":[9E0,5E0,4E0,1E0,4E0,3E0,1E0,3E0,1E0],"tree_param":{"num_deleted":"0","num_feature":"2","num_nodes":"9","size_leaf_vector":"1"}},{"base_weights":[2.1925965E-1,-2.3762424E0,4.7065735E0,-5.991501E-1,-7.7511597E-1,1.6178793E-1,6.9863284E-1,-1.0907166E0,4.014435E-2,-1.374349E-1,-4.4351198E-2],"categories":[],"categories_nodes":[],"categories_segments":[],"categories_sizes":[],"default_left":[0,0,0,0,0,0,0,0,0,0,0],"id":46,"left_children":[1,3,5,-1,7,-1,-1,9,-1,-1,-1],"loss_changes":[1.2765229E2,3.5875294E1,1.6862823E1,0E0,2.6657984E0,0E0,0E0,3.083005E-1,0E0,0E0,0E0],"parents":[2147483647,0,0,1,1,2,2,4,4,7,7],"right_children":[2,4,6,-1,8,-1,-1,10,-1,-1,-1],"split_conditions":[8.041876E-1,1.905528E-1,1E0,-5.991501E-1,7.0292526E-1,1.6178793E-1,6.9863284E-1,3.9275005E-1,4.014435E-2,-1.374349E-1,-4.4351198E-2],"split_indices":[0,0,0,0,0,0,0,0,0,0,0],"split_type":[0,0,0,0,0,0,0,0,0,0,0],"sum_hessian":[9E0,6E0,3E0,1E0,5E0,2E0,1E0,4E0,1E0,2E0,2E0],"tree_param":{"num_deleted":"0","num_feature":"2","num_nodes":"11","size_leaf_vector":"1"}},{"base_weights":[2.092987E-1,-1.7894745E0,5.4695945E0,-5.691925E-1,-4.188494E-1,1.5673828E-1,6.637009E-1,-1.0180054E0,7.193603E-2,-1.282725E-1,-4.139506E-2],"categories":[],"categories_nodes":[],"categories_segments":[],"categories_sizes":[],"default_left":[0,0,0,0,0,0,0,0,0,0,0],"id":47,"left_children":[1,3,5,-1,7,-1,-1,9,-1,-1,-1],"loss_changes":[1.14929085E2,4.040631E1,3.2637558E0,0E0,5.5060687E0,0E0,0E0,2.6854134E-1,0E0,0E0,0E0],"parents":[2147483647,0,0,1,1,2,2,4,4,7,7],"right_children":[2,4,6,-1,8,-1,-1,10,-1,-1,-1],"split_conditions":[9.0440613E-1,1.905528E-1,1E0,-5.691925E-1,7.0292526E-1,1.5673828E-1,6.637009E-1,3.9275005E-1,7.193603E-2,-1.282725E-1,-4.139506E-2],"split_indices":[0,0,0,0,0,0,0,0,0,0,0],"split_type":[0,0,0,0,0,0,0,0,0,0,0],"sum_hessian":[9E0,7E0,2E0,1E0,6E0,1E0,1E0,4E0,2E0,2E0,2E0],"tree_param":{"num_deleted":"0","num_feature":"2","num_nodes":"11","size_leaf_vector":"1"}},{"base_weights":[2.0371857E-1,-1.6938953E0,5.196116E0,-5.4073256E-1,-3.9093018E-1,1.4890137E-1,6.3051605E-1,-9.501465E-1,6.7140706E-2,-1.1972147E-1,-3.863627E-2],"categories":[],"categories_nodes":[],"categories_segments":[],"categories_sizes":[],"default_left":[0,0,0,0,0,0,0,0,0,0,0],"id":48,"left_children":[1,3,5,-1,7,-1,-1,9,-1,-1,-1],"loss_changes":[1.0353811E2,3.659388E1,2.9455566E0,0E0,4.7964687E0,0E0,0E0,2.3390627E-1,0E0,0E0,0E0],"parents":[2147483647,0,0,1,1,2,2,4,4,7,7],"right_children":[2,4,6,-1,8,-1,-1,10,-1,-1,-1],"split_conditions":[9.0440613E-1,1.905528E-1,1E0,-5.4073256E-1,7.0292526E-1,1.4890137E-1,6.3051605E-1,3.9275005E-1,6.7140706E-2,-1.1972147E-1,-3.863627E-2],"split_indices":[0,0,0,0,0,0,0,0,0,0,0],"split_type":[0,0,0,0,0,0,0,0,0,0,0],"sum_hessian":[9E0,7E0,2E0,1E0,6E0,1E0,1E0,4E0,2E0,2E0,2E0],"tree_param":{"num_deleted":"0","num_feature":"2","num_nodes":"11","size_leaf_vector":"1"}},{"base_weights":[1.9809265E-1,-1.6035004E0,4.93631E0,-4.2328086E0,-2.1596273E-2,1.414566E-1,5.989899E-1,-5.136963E-1,-1.2122498E-1,-5.023804E-2,6.26648E-2],"categories":[],"categories_nodes":[],"categories_segments":[],"categories_sizes":[],"default_left":[0,0,0,0,0,0,0,0,0,0,0],"id":49,"left_children":[1,3,5,7,9,-1,-1,-1,-1,-1,-1],"loss_changes":[9.327876E1,3.318309E1,2.6583023E0,1.9658737E0,2.184809E0,0E0,0E0,0E0,0E0,0E0,0E0],"parents":[2147483647,0,0,1,1,2,2,3,3,4,4],"right_children":[2,4,6,8,10,-1,-1,-1,-1,-1,-1],"split_conditions":[9.0440613E-1,2.9469633E-1,1E0,1.905528E-1,7.0292526E-1,1.414566E-1,5.989899E-1,-5.136963E-1,-1.2122498E-1,-5.023804E-2,6.26648E-2],"split_indices":[0,0,0,0,0,0,0,0,0,0,0],"split_type":[0,0,0,0,0,0,0,0,0,0,0],"sum_hessian":[9E0,7E0,2E0,2E0,5E0,1E0,1E0,1E0,1E0,3E0,2E0],"tree_param":{"num_deleted":"0","num_feature":"2","num_nodes":"11","size_leaf_vector":"1"}},{"base_weights":[1.9008026E-1,-1.5209599E0,4.6894937E0,-4.021164E0,-1.7364502E-2,1.3438416E-1,5.6903994E-1,-4.8801118E-1,-1.1516342E-1,-4.6470642E-2,5.848796E-2],"categories":[],"categories_nodes":[],"categories_segments":[],"categories_sizes":[],"default_left":[0,0,0,0,0,0,0,0,0,0,0],"id":50,"left_children":[1,3,5,7,9,-1,-1,-1,-1,-1,-1],"loss_changes":[8.41193E1,3.0004534E1,2.3990555E0,1.7742271E0,1.8882513E0,0E0,0E0,0E0,0E0,0E0,0E0],"parents":[2147483647,0,0,1,1,2,2,3,3,4,4],"right_children":[2,4,6,8,10,-1,-1,-1,-1,-1,-1],"split_conditions":[9.0440613E-1,2.9469633E-1,1E0,1.905528E-1,7.0292526E-1,1.3438416E-1,5.6903994E-1,-4.8801118E-1,-1.1516342E-1,-4.6470642E-2,5.848796E-2],"split_indices":[0,0,0,0,0,0,0,0,0,0,0],"split_type":[0,0,0,0,0,0,0,0,0,0,0],"sum_hessian":[9E0,7E0,2E0,2E0,5E0,1E0,1E0,1E0,1E0,3E0,2E0],"tree_param":{"num_deleted":"0","num_feature":"2","num_nodes":"11","size_leaf_vector":"1"}},{"base_weights":[1.8229675E-1,-1.4427605E0,4.455017E0,-3.8201091E0,-1.3626099E-2,1.276642E-1,5.405884E-1,-4.6361086E-1,-1.0940552E-1,-4.2984772E-2,5.458781E-2],"categories":[],"categories_nodes":[],"categories_segments":[],"categories_sizes":[],"default_left":[0,0,0,0,0,0,0,0,0,0,0],"id":51,"left_children":[1,3,5,7,9,-1,-1,-1,-1,-1,-1],"loss_changes":[7.586167E1,2.712835E1,2.1652565E0,1.6012192E0,1.6319109E0,0E0,0E0,0E0,0E0,0E0,0E0],"parents":[2147483647,0,0,1,1,2,2,3,3,4,4],"right_children":[2,4,6,8,10,-1,-1,-1,-1,-1,-1],"split_conditions":[9.0440613E-1,2.9469633E-1,1E0,1.905528E-1,7.0292526E-1,1.276642E-1,5.405884E-1,-4.6361086E-1,-1.0940552E-1,-4.2984772E-2,5.458781E-2],"split_indices":[0,0,0,0,0,0,0,0,0,0,0],"split_type":[0,0,0,0,0,0,0,0,0,0,0],"sum_hessian":[9E0,7E0,2E0,2E0,5E0,1E0,1E0,1E0,1E0,3E0,2E0],"tree_param":{"num_deleted":"0","num_feature":"2","num_nodes":"11","size_leaf_vector":"1"}},{"base_weights":[1.747528E-1,-1.36866E0,4.2322693E0,-3.6291046E0,-1.0327657E-2,1.2128144E-1,5.13559E-1,-4.4043046E-1,-1.0393524E-1,-3.976021E-2,5.094808E-2],"categories":[],"categories_nodes":[],"categories_segments":[],"categories_sizes":[],"default_left":[0,0,0,0,0,0,0,0,0,0,0],"id":52,"left_children":[1,3,5,7,9,-1,-1,-1,-1,-1,-1],"loss_changes":[6.841677E1,2.4526001E1,1.9540901E0,1.4451027E0,1.4104218E0,0E0,0E0,0E0,0E0,0E0,0E0],"parents":[2147483647,0,0,1,1,2,2,3,3,4,4],"right_children":[2,4,6,8,10,-1,-1,-1,-1,-1,-1],"split_conditions":[9.0440613E-1,2.9469633E-1,1E0,1.905528E-1,7.0292526E-1,1.2128144E-1,5.13559E-1,-4.4043046E-1,-1.0393524E-1,-3.976021E-2,5.094808E-2],"split_indices":[0,0,0,0,0,0,0,0,0,0,0],"split_type":[0,0,0,0,0,0,0,0,0,0,0],"sum_hessian":[9E0,7E0,2E0,2E0,5E0,1E0,1E0,1E0,1E0,3E0,2E0],"tree_param":{"num_deleted":"0","num_feature":"2","num_nodes":"11","size_leaf_vector":"1"}},{"base_weights":[1.6744995E-1,-1.2984352E0,4.0206604E0,-3.447647E0,-7.423401E-3,1.1521759E-1,4.8788148E-1,-4.1840896E-1,-9.87381E-2,-3.677788E-2,4.7552492E-2],"categories":[],"categories_nodes":[],"categories_segments":[],"categories_sizes":[],"default_left":[0,0,0,0,0,0,0,0,0,0,0],"id":53,"left_children":[1,3,5,7,9,-1,-1,-1,-1,-1,-1],"loss_changes":[6.170421E1,2.2171669E1,1.7635536E0,1.3042488E0,1.219086E0,0E0,0E0,0E0,0E0,0E0,0E0],"parents":[2147483647,0,0,1,1,2,2,3,3,4,4],"right_children":[2,4,6,8,10,-1,-1,-1,-1,-1,-1],"split_conditions":[9.0440613E-1,2.9469633E-1,1E0,1.905528E-1,7.0292526E-1,1.1521759E-1,4.8788148E-1,-4.1840896E-1,-9.87381E-2,-3.677788E-2,4.7552492E-2],"split_indices":[0,0,0,0,0,0,0,0,0,0,0],"split_type":[0,0,0,0,0,0,0,0,0,0,0],"sum_hessian":[9E0,7E0,2E0,2E0,5E0,1E0,1E0,1E0,1E0,3E0,2E0],"tree_param":{"num_deleted":"0","num_feature":"2","num_nodes":"11","size_leaf_vector":"1"}},{"base_weights":[1.6037902E-1,-1.2318878E0,3.8196309E0,-3.2752635E0,-4.8853555E-3,1.09457396E-1,4.6348724E-1,-3.9748842E-1,-9.380112E-2,-3.4019854E-2,4.4382732E-2],"categories":[],"categories_nodes":[],"categories_segments":[],"categories_sizes":[],"default_left":[0,0,0,0,0,0,0,0,0,0,0],"id":54,"left_children":[1,3,5,7,9,-1,-1,-1,-1,-1,-1],"loss_changes":[5.565191E1,2.0041817E1,1.591526E0,1.1770821E0,1.053745E0,0E0,0E0,0E0,0E0,0E0,0E0],"parents":[2147483647,0,0,1,1,2,2,3,3,4,4],"right_children":[2,4,6,8,10,-1,-1,-1,-1,-1,-1],"split_conditions":[9.0440613E-1,2.9469633E-1,1E0,1.905528E-1,7.0292526E-1,1.09457396E-1,4.6348724E-1,-3.9748842E-1,-9.380112E-2,-3.4019854E-2,4.4382732E-2],"split_indices":[0,0,0,0,0,0,0,0,0,0,0],"split_type":[0,0,0,0,0,0,0,0,0,0,0],"sum_hessian":[9E0,7E0,2E0,2E0,5E0,1E0,1E0,1E0,1E0,3E0,2E0],"tree_param":{"num_deleted":"0","num_feature":"2","num_nodes":"11","size_leaf_vector":"1"}},{"base_weights":[1.5354462E-1,-1.1688099E0,3.6286418E0,-3.111501E0,-2.6626587E-3,1.0398407E-1,4.403122E-1,-3.7761384E-1,-8.911133E-2,-3.146782E-1,4.142456E-2,-3.5730492E-2,-9.339905E-3],"categories":[],"categories_nodes":[],"categories_segments":[],"categories_sizes":[],"default_left":[0,0,0,0,0,0,0,0,0,0,0,0,0],"id":55,"left_children":[1,3,5,7,9,-1,-1,-1,-1,11,-1,-1,-1],"loss_changes":[5.0194298E1,1.8115427E1,1.4363785E0,1.0622883E0,9.1084516E-1,0E0,0E0,0E0,0E0,4.357666E-3,0E0,0E0,0E0],"parents":[2147483647,0,0,1,1,2,2,3,3,4,4,9,9],"right_children":[2,4,6,8,10,-1,-1,-1,-1,12,-1,-1,-1],"split_conditions":[9.0440613E-1,2.9469633E-1,1E0,1.905528E-1,7.0292526E-1,1.0398407E-1,4.403122E-1,-3.7761384E-1,-8.911133E-2,5.0091666E-1,4.142456E-2,-3.5730492E-2,-9.339905E-3],"split_indices":[0,0,0,0,0,0,0,0,0,0,0,0,0],"split_type":[0,0,0,0,0,0,0,0,0,0,0,0,0],"sum_hessian":[9E0,7E0,2E0,2E0,5E0,1E0,1E0,1E0,1E0,3E0,2E0,2E0,1E0],"tree_param":{"num_deleted":"0","num_feature":"2","num_nodes":"13","size_leaf_vector":"1"}},{"base_weights":[1.4558716E-1,-1.1107216E0,3.4472148E0,-2.9559276E0,-2.998352E-3,9.87854E-2,4.182968E-1,-3.587334E-1,-8.465576E-2,-2.9447556E-1,3.8663737E-2,-3.3348083E-2,-8.872986E-3],"categories":[],"categories_nodes":[],"categories_segments":[],"categories_sizes":[],"default_left":[0,0,0,0,0,0,0,0,0,0,0,0,0],"id":56,"left_children":[1,3,5,7,9,-1,-1,-1,-1,11,-1,-1,-1],"loss_changes":[4.530753E1,1.6342957E1,1.2962875E0,9.5872307E-1,7.952748E-1,0E0,0E0,0E0,0E0,2.5109649E-3,0E0,0E0,0E0],"parents":[2147483647,0,0,1,1,2,2,3,3,4,4,9,9],"right_children":[2,4,6,8,10,-1,-1,-1,-1,12,-1,-1,-1],"split_conditions":[9.0440613E-1,2.9469633E-1,1E0,1.905528E-1,7.0292526E-1,9.87854E-2,4.182968E-1,-3.587334E-1,-8.465576E-2,5.0091666E-1,3.8663737E-2,-3.3348083E-2,-8.872986E-3],"split_indices":[0,0,0,0,0,0,0,0,0,0,0,0,0],"split_type":[0,0,0,0,0,0,0,0,0,0,0,0,0],"sum_hessian":[9E0,7E0,2E0,2E0,5E0,1E0,1E0,1E0,1E0,3E0,2E0,2E0,1E0],"tree_param":{"num_deleted":"0","num_feature":"2","num_nodes":"13","size_leaf_vector":"1"}},{"base_weights":[1.3804169E-1,-1.0555172E0,3.2748516E0,-2.808131E0,-3.2908123E-3,9.3846135E-2,3.973816E-1,-3.4079668E-1,-8.0422975E-2,-2.7558136E-1,3.608602E-1,-3.1124879E-2,-8.428955E-3,1.1250305E-2,4.2878725E-2],"categories":[],"categories_nodes":[],"categories_segments":[],"categories_sizes":[],"default_left":[0,0,0,0,0,0,0,0,0,0,0,0,0,0,0],"id":57,"left_children":[1,3,5,7,9,-1,-1,-1,-1,11,13,-1,-1,-1,-1],"loss_changes":[4.0896336E1,1.474393E1,1.1698875E0,8.652477E-1,6.9437563E-1,0E0,0E0,0E0,0E0,1.0564923E-3,2.370596E-3,0E0,0E0,0E0,0E0],"parents":[2147483647,0,0,1,1,2,2,3,3,4,4,9,9,10,10],"right_children":[2,4,6,8,10,-1,-1,-1,-1,12,14,-1,-1,-1,-1],"split_conditions":[9.0440613E-1,2.9469633E-1,1E0,1.905528E-1,7.0292526E-1,9.3846135E-2,3.973816E-1,-3.4079668E-1,-8.0422975E-2,5.0091666E-1,8.041876E-1,-3.1124879E-2,-8.428955E-3,1.1250305E-2,4.2878725E-2],"split_indices":[0,0,0,0,0,0,0,0,0,0,0,0,0,0,0],"split_type":[0,0,0,0,0,0,0,0,0,0,0,0,0,0,0],"sum_hessian":[9E0,7E0,2E0,2E0,5E0,1E0,1E0,1E0,1E0,3E0,2E0,2E0,1E0,1E0,1E0],"tree_param":{"num_deleted":"0","num_feature":"2","num_nodes":"15","size_leaf_vector":"1"}},{"base_weights":[1.3269654E-1,-1.0007973E0,3.1111145E0,-2.6677246E0,-5.340576E-4,8.915406E-2,3.7751314E-1,-3.2375717E-1,-7.6401524E-2,-2.5791168E-2,3.4281412E-1,1.0687256E-2,4.0734865E-2],"categories":[],"categories_nodes":[],"categories_segments":[],"categories_sizes":[],"default_left":[0,0,0,0,0,0,0,0,0,0,0,0,0],"id":58,"left_children":[1,3,5,7,9,-1,-1,-1,-1,-1,11,-1,-1],"loss_changes":[3.687378E1,1.3337504E1,1.0558205E0,7.809162E-1,6.1863655E-1,0E0,0E0,0E0,0E0,0E0,2.1447241E-3,0E0,0E0],"parents":[2147483647,0,0,1,1,2,2,3,3,4,4,10,10],"right_children":[2,4,6,8,10,-1,-1,-1,-1,-1,12,-1,-1],"split_conditions":[9.0440613E-1,2.9469633E-1,1E0,1.905528E-1,7.0292526E-1,8.915406E-2,3.7751314E-1,-3.2375717E-1,-7.6401524E-2,-2.5791168E-2,8.041876E-1,1.0687256E-2,4.0734865E-2],"split_indices":[0,0,0,0,0,0,0,0,0,0,0,0,0],"split_type":[0,0,0,0,0,0,0,0,0,0,0,0,0],"sum_hessian":[9E0,7E0,2E0,2E0,5E0,1E0,1E0,1E0,1E0,3E0,2E0,1E0,1E0],"tree_param":{"num_deleted":"0","num_feature":"2","num_nodes":"13","size_leaf_vector":"1"}},{"base_weights":[1.2864228E-1,-9.4753456E-1,2.9555664E0,-2.5343373E0,3.7892659E-3,8.469696E-2,3.5863802E-1,-3.0756912E-1,-7.2581485E-2,-2.3857117E-1,3.2567343E-1,-2.7330527E-2,-6.718445E-3,1.0153199E-2,3.8697816E-2],"categories":[],"categories_nodes":[],"categories_segments":[],"categories_sizes":[],"default_left":[0,0,0,0,0,0,0,0,0,0,0,0,0,0,0],"id":59,"left_children":[1,3,5,7,9,-1,-1,-1,-1,11,13,-1,-1,-1,-1],"loss_changes":[3.32232E1,1.2086111E1,9.528408E-1,7.047672E-1,5.457682E-1,0E0,0E0,0E0,0E0,5.4499805E-3,1.9321442E-3,0E0,0E0,0E0,0E0],"parents":[2147483647,0,0,1,1,2,2,3,3,4,4,9,9,10,10],"right_children":[2,4,6,8,10,-1,-1,-1,-1,12,14,-1,-1,-1,-1],"split_conditions":[9.0440613E-1,2.9469633E-1,1E0,1.905528E-1,7.0292526E-1,8.469696E-2,3.5863802E-1,-3.0756912E-1,-7.2581485E-2,5.0091666E-1,8.041876E-1,-2.7330527E-2,-6.718445E-3,1.0153199E-2,3.8697816E-2],"split_indices":[0,0,0,0,0,0,0,0,0,0,0,0,0,0,0],"split_type":[0,0,0,0,0,0,0,0,0,0,0,0,0,0,0],"sum_hessian":[9E0,7E0,2E0,2E0,5E0,1E0,1E0,1E0,1E0,3E0,2E0,2E0,1E0,1E0,1E0],"tree_param":{"num_deleted":"0","num_feature":"2","num_nodes":"15","size_leaf_vector":"1"}},{"base_weights":[1.2357788E-1,-8.9844894E-1,2.80779E0,-2.4076183E0,5.8771768E-3,8.046265E-2,3.4070587E-1,-2.9219055E-1,-6.895218E-2,-2.2322464E-1,3.093872E-1,-2.5508119E-2,-6.3827517E-3,9.645081E-3,3.6763E-2],"categories":[],"categories_nodes":[],"categories_segments":[],"categories_sizes":[],"default_left":[0,0,0,0,0,0,0,0,0,0,0,0,0,0,0],"id":60,"left_children":[1,3,5,7,9,-1,-1,-1,-1,11,13,-1,-1,-1,-1],"loss_changes":[2.9956024E1,1.09324E1,8.5989E-1,6.3606834E-1,4.8627102E-1,0E0,0E0,0E0,0E0,4.030153E-3,1.7478168E-3,0E0,0E0,0E0,0E0],"parents":[2147483647,0,0,1,1,2,2,3,3,4,4,9,9,10,10],"right_children":[2,4,6,8,10,-1,-1,-1,-1,12,14,-1,-1,-1,-1],"split_conditions":[9.0440613E-1,2.9469633E-1,1E0,1.905528E-1,7.0292526E-1,8.046265E-2,3.4070587E-1,-2.9219055E-1,-6.895218E-2,5.0091666E-1,8.041876E-1,-2.5508119E-2,-6.3827517E-3,9.645081E-3,3.6763E-2],"split_indices":[0,0,0,0,0,0,0,0,0,0,0,0,0,0,0],"split_type":[0,0,0,0,0,0,0,0,0,0,0,0,0,0,0],"sum_hessian":[9E0,7E0,2E0,2E0,5E0,1E0,1E0,1E0,1E0,3E0,2E0,2E0,1E0,1E0,1E0],"tree_param":{"num_deleted":"0","num_feature":"2","num_nodes":"15","size_leaf_vector":"1"}},{"base_weights":[1.18673705E-1,-8.519325E-1,2.6673992E0,-2.2872365E0,7.7082315E-3,7.6438904E-2,3.2367095E-1,-2.7758104E-1,-6.5504454E-2,-2.0887375E-1,2.939148E-1,-2.380727E-2,-6.0638427E-3,9.162903E-3,3.4924317E-2],"categories":[],"categories_nodes":[],"categories_segments":[],"categories_sizes":[],"default_left":[0,0,0,0,0,0,0,0,0,0,0,0,0,0,0],"id":61,"left_children":[1,3,5,7,9,-1,-1,-1,-1,11,13,-1,-1,-1,-1],"loss_changes":[2.7010532E1,9.888397E0,7.76104E-1,5.740595E-1,4.333142E-1,0E0,0E0,0E0,0E0,2.8769225E-3,1.575619E-3,0E0,0E0,0E0,0E0],"parents":[2147483647,0,0,1,1,2,2,3,3,4,4,9,9,10,10],"right_children":[2,4,6,8,10,-1,-1,-1,-1,12,14,-1,-1,-1,-1],"split_conditions":[9.0440613E-1,2.9469633E-1,1E0,1.905528E-1,7.0292526E-1,7.6438904E-2,3.2367095E-1,-2.7758104E-1,-6.5504454E-2,5.0091666E-1,8.041876E-1,-2.380727E-2,-6.0638427E-3,9.162903E-3,3.4924317E-2],"split_indices":[0,0,0,0,0,0,0,0,0,0,0,0,0,0,0],"split_type":[0,0,0,0,0,0,0,0,0,0,0,0,0,0,0],"sum_hessian":[9E0,7E0,2E0,2E0,5E0,1E0,1E0,1E0,1E0,3E0,2E0,2E0,1E0,1E0,1E0],"tree_param":{"num_deleted":"0","num_feature":"2","num_nodes":"15","size_leaf_vector":"1"}},{"base_weights":[1.139328E-1,-8.0784416E-1,2.534027E0,-2.1728718E0,9.310405E-3,7.261658E-2,3.074875E-1,-2.6370165E-1,-6.2229156E-2,-1.9545364E-1,2.7922568E-1,-2.2220356E-2,-5.760193E-3,8.705139E-3,3.3178713E-2],"categories":[],"categories_nodes":[],"categories_segments":[],"categories_sizes":[],"default_left":[0,0,0,0,0,0,0,0,0,0,0,0,0,0,0],"id":62,"left_children":[1,3,5,7,9,-1,-1,-1,-1,11,13,-1,-1,-1,-1],"loss_changes":[2.435497E1,8.943739E0,7.0046616E-1,5.1808643E-1,3.861893E-1,0E0,0E0,0E0,0E0,1.9507408E-3,1.420334E-3,0E0,0E0,0E0,0E0],"parents":[2147483647,0,0,1,1,2,2,3,3,4,4,9,9,10,10],"right_children":[2,4,6,8,10,-1,-1,-1,-1,12,14,-1,-1,-1,-1],"split_conditions":[9.0440613E-1,2.9469633E-1,1E0,1.905528E-1,7.0292526E-1,7.261658E-2,3.074875E-1,-2.6370165E-1,-6.2229156E-2,5.0091666E-1,8.041876E-1,-2.2220356E-2,-5.760193E-3,8.705139E-3,3.3178713E-2],"split_indices":[0,0,0,0,0,0,0,0,0,0,0,0,0,0,0],"split_type":[0,0,0,0,0,0,0,0,0,0,0,0,0,0,0],"sum_hessian":[9E0,7E0,2E0,2E0,5E0,1E0,1E0,1E0,1E0,3E0,2E0,2E0,1E0,1E0,1E0],"tree_param":{"num_deleted":"0","num_feature":"2","num_nodes":"15","size_leaf_vector":"1"}},{"base_weights":[1.0934601E-1,-7.660618E-1,2.407318E0,-2.0642292E0,1.0698955E-2,6.8984985E-2,2.9211274E-1,-2.505165E-1,-5.911789E-2,-1.8290329E-1,2.6526895E-1,-2.0739239E-2,-5.471802E-3,8.270264E-3,3.152008E-2],"categories":[],"categories_nodes":[],"categories_segments":[],"categories_sizes":[],"default_left":[0,0,0,0,0,0,0,0,0,0,0,0,0,0,0],"id":63,"left_children":[1,3,5,7,9,-1,-1,-1,-1,11,13,-1,-1,-1,-1],"loss_changes":[2.1960781E1,8.089009E0,6.322136E-1,4.6756172E-1,3.442305E-1,0E0,0E0,0E0,0E0,1.2084544E-3,1.2796968E-3,0E0,0E0,0E0,0E0],"parents":[2147483647,0,0,1,1,2,2,3,3,4,4,9,9,10,10],"right_children":[2,4,6,8,10,-1,-1,-1,-1,12,14,-1,-1,-1,-1],"split_conditions":[9.0440613E-1,2.9469633E-1,1E0,1.905528E-1,7.0292526E-1,6.8984985E-2,2.9211274E-1,-2.505165E-1,-5.911789E-2,5.0091666E-1,8.041876E-1,-2.0739239E-2,-5.471802E-3,8.270264E-3,3.152008E-2],"split_indices":[0,0,0,0,0,0,0,0,0,0,0,0,0,0,0],"split_type":[0,0,0,0,0,0,0,0,0,0,0,0,0,0,0],"sum_hessian":[9E0,7E0,2E0,2E0,5E0,1E0,1E0,1E0,1E0,3E0,2E0,2E0,1E0,1E0,1E0],"tree_param":{"num_deleted":"0","num_feature":"2","num_nodes":"15","size_leaf_vector":"1"}},{"base_weights":[1.0491638E-1,-7.264633E-1,2.2869568E0,-1.9610189E0,1.1891683E-2,6.55365E-2,2.7750704E-1,-2.3799057E-1,-5.6162264E-2,-1.7116547E-1,2.52004E-1,-1.9356282E-2,-5.1986696E-3,7.856751E-3,2.9943848E-2],"categories":[],"categories_nodes":[],"categories_segments":[],"categories_sizes":[],"default_left":[0,0,0,0,0,0,0,0,0,0,0,0,0,0,0],"id":64,"left_children":[1,3,5,7,9,-1,-1,-1,-1,11,13,-1,-1,-1,-1],"loss_changes":[1.9802431E1,7.3156424E0,5.705223E-1,4.2195702E-1,3.0686003E-1,0E0,0E0,0E0,0E0,6.144643E-4,1.1544824E-3,0E0,0E0,0E0,0E0],"parents":[2147483647,0,0,1,1,2,2,3,3,4,4,9,9,10,10],"right_children":[2,4,6,8,10,-1,-1,-1,-1,12,14,-1,-1,-1,-1],"split_conditions":[9.0440613E-1,2.9469633E-1,1E0,1.905528E-1,7.0292526E-1,6.55365E-2,2.7750704E-1,-2.3799057E-1,-5.6162264E-2,5.0091666E-1,8.041876E-1,-1.9356282E-2,-5.1986696E-3,7.856751E-3,2.9943848E-2],"split_indices":[0,0,0,0,0,0,0,0,0,0,0,0,0,0,0],"split_type":[0,0,0,0,0,0,0,0,0,0,0,0,0,0,0],"sum_hessian":[9E0,7E0,2E0,2E0,5E0,1E0,1E0,1E0,1E0,3E0,2E0,2E0,1E0,1E0,1E0],"tree_param":{"num_deleted":"0","num_feature":"2","num_nodes":"15","size_leaf_vector":"1"}},{"base_weights":[1.0063934E-1,-6.889286E-1,2.1726074E0,-1.862966E0,1.2911479E-2,6.225891E-2,2.636322E-1,-2.2609101E-1,-5.3353883E-2,-1.6019058E-1,2.394104E-1,-1.8065898E-2,-4.93927E-3,7.4646E-3,2.8446961E-2],"categories":[],"categories_nodes":[],"categories_segments":[],"categories_sizes":[],"default_left":[0,0,0,0,0,0,0,0,0,0,0,0,0,0,0],"id":65,"left_children":[1,3,5,7,9,-1,-1,-1,-1,11,13,-1,-1,-1,-1],"loss_changes":[1.7856367E1,6.615945E0,5.149536E-1,3.8083076E-1,2.735959E-1,0E0,0E0,0E0,0E0,1.481846E-4,1.0379404E-3,0E0,0E0,0E0,0E0],"parents":[2147483647,0,0,1,1,2,2,3,3,4,4,9,9,10,10],"right_children":[2,4,6,8,10,-1,-1,-1,-1,12,14,-1,-1,-1,-1],"split_conditions":[9.0440613E-1,2.9469633E-1,1E0,1.905528E-1,7.0292526E-1,6.225891E-2,2.636322E-1,-2.2609101E-1,-5.3353883E-2,5.0091666E-1,8.041876E-1,-1.8065898E-2,-4.93927E-3,7.4646E-3,2.8446961E-2],"split_indices":[0,0,0,0,0,0,0,0,0,0,0,0,0,0,0],"split_type":[0,0,0,0,0,0,0,0,0,0,0,0,0,0,0],"sum_hessian":[9E0,7E0,2E0,2E0,5E0,1E0,1E0,1E0,1E0,3E0,2E0,2E0,1E0,1E0,1E0],"tree_param":{"num_deleted":"0","num_feature":"2","num_nodes":"15","size_leaf_vector":"1"}},{"base_weights":[9.651031E-2,-6.5335274E-1,2.063975E0,-1.769816E0,1.3771057E-2,5.9146117E-2,2.5045013E-1,-2.1478653E-1,-5.0685883E-2,-1.4992142E-1,2.2743733E-1,-1.9721223E-2,-6.842041E-3,7.0907595E-3,2.7024841E-2],"categories":[],"categories_nodes":[],"categories_segments":[],"categories_sizes":[],"default_left":[0,0,0,0,0,0,0,0,0,0,0,0,0,0,0],"id":66,"left_children":[1,3,5,7,9,-1,-1,-1,-1,11,13,-1,-1,-1,-1],"loss_changes":[1.6101795E1,5.982926E0,4.647274E-1,3.4371567E-1,2.439511E-1,0E0,0E0,0E0,0E0,1.9236505E-3,9.409487E-4,0E0,0E0,0E0,0E0],"parents":[2147483647,0,0,1,1,2,2,3,3,4,4,9,9,10,10],"right_children":[2,4,6,8,10,-1,-1,-1,-1,12,14,-1,-1,-1,-1],"split_conditions":[9.0440613E-1,2.9469633E-1,1E0,1.905528E-1,7.0292526E-1,5.9146117E-2,2.5045013E-1,-2.1478653E-1,-5.0685883E-2,3.9275005E-1,8.041876E-1,-1.9721223E-2,-6.842041E-3,7.0907595E-3,2.7024841E-2],"split_indices":[0,0,0,0,0,0,0,0,0,0,0,0,0,0,0],"split_type":[0,0,0,0,0,0,0,0,0,0,0,0,0,0,0],"sum_hessian":[9E0,7E0,2E0,2E0,5E0,1E0,1E0,1E0,1E0,3E0,2E0,1E0,2E0,1E0,1E0],"tree_param":{"num_deleted":"0","num_feature":"2","num_nodes":"15","size_leaf_vector":"1"}},{"base_weights":[9.202423E-2,-6.2026024E-1,1.9607748E0,-1.6813253E0,1.3648987E-2,5.6188967E-2,2.3792724E-1,-2.040474E-1,-4.81514E-2,-1.4157486E-1,2.1606445E-1,-1.8735504E-2,-6.386312E-3,6.7367554E-3,2.5672913E-2],"categories":[],"categories_nodes":[],"categories_segments":[],"categories_sizes":[],"default_left":[0,0,0,0,0,0,0,0,0,0,0,0,0,0,0],"id":67,"left_children":[1,3,5,7,9,-1,-1,-1,-1,11,13,-1,-1,-1,-1],"loss_changes":[1.452701E1,5.4038997E0,4.1940212E-1,3.10215E-1,2.1910754E-1,0E0,0E0,0E0,0E0,2.2655576E-3,8.4492564E-4,0E0,0E0,0E0,0E0],"parents":[2147483647,0,0,1,1,2,2,3,3,4,4,9,9,10,10],"right_children":[2,4,6,8,10,-1,-1,-1,-1,12,14,-1,-1,-1,-1],"split_conditions":[9.0440613E-1,2.9469633E-1,1E0,1.905528E-1,7.0292526E-1,5.6188967E-2,2.3792724E-1,-2.040474E-1,-4.81514E-2,3.9275005E-1,8.041876E-1,-1.8735504E-2,-6.386312E-3,6.7367554E-3,2.5672913E-2],"split_indices":[0,0,0,0,0,0,0,0,0,0,0,0,0,0,0],"split_type":[0,0,0,0,0,0,0,0,0,0,0,0,0,0,0],"sum_hessian":[9E0,7E0,2E0,2E0,5E0,1E0,1E0,1E0,1E0,3E0,2E0,1E0,2E0,1E0,1E0],"tree_param":{"num_deleted":"0","num_feature":"2","num_nodes":"15","size_leaf_vector":"1"}},{"base_weights":[8.774261E-2,-5.8885E-1,1.8627421E0,-1.5972595E0,1.3496399E-2,5.3379823E-2,2.260315E-1,-1.9384538E-1,-4.5743562E-2,-1.3370132E-1,2.0526123E-1,-1.7798616E-2,-5.9611006E-3,6.399536E-3,2.4389649E-2],"categories":[],"categories_nodes":[],"categories_segments":[],"categories_sizes":[],"default_left":[0,0,0,0,0,0,0,0,0,0,0,0,0,0,0],"id":68,"left_children":[1,3,5,7,9,-1,-1,-1,-1,11,13,-1,-1,-1,-1],"loss_changes":[1.3106393E1,4.8808517E0,3.785038E-1,2.7998638E-1,1.9680779E-1,0E0,0E0,0E0,0E0,2.5143772E-3,7.6527894E-4,0E0,0E0,0E0,0E0],"parents":[2147483647,0,0,1,1,2,2,3,3,4,4,9,9,10,10],"right_children":[2,4,6,8,10,-1,-1,-1,-1,12,14,-1,-1,-1,-1],"split_conditions":[9.0440613E-1,2.9469633E-1,1E0,1.905528E-1,7.0292526E-1,5.3379823E-2,2.260315E-1,-1.9384538E-1,-4.5743562E-2,3.9275005E-1,8.041876E-1,-1.7798616E-2,-5.9611006E-3,6.399536E-3,2.4389649E-2],"split_indices":[0,0,0,0,0,0,0,0,0,0,0,0,0,0,0],"split_type":[0,0,0,0,0,0,0,0,0,0,0,0,0,0,0],"sum_hessian":[9E0,7E0,2E0,2E0,5E0,1E0,1E0,1E0,1E0,3E0,2E0,1E0,2E0,1E0,1E0],"tree_param":{"num_deleted":"0","num_feature":"2","num_nodes":"15","size_leaf_vector":"1"}},{"base_weights":[8.365021E-2,-5.5903816E-1,1.7696024E0,-1.517395E0,1.3313293E-2,5.071106E-2,2.1472931E-1,-1.8415299E-1,-4.3456268E-2,-1.2627792E-1,1.9499715E-1,-1.6909027E-2,-5.564372E-3,6.0791015E-3,2.3170471E-2],"categories":[],"categories_nodes":[],"categories_segments":[],"categories_sizes":[],"default_left":[0,0,0,0,0,0,0,0,0,0,0,0,0,0,0],"id":69,"left_children":[1,3,5,7,9,-1,-1,-1,-1,11,13,-1,-1,-1,-1],"loss_changes":[1.1824695E1,4.408337E0,3.4157848E-1,2.526908E-1,1.7679265E-1,0E0,0E0,0E0,0E0,2.687253E-3,6.9357455E-4,0E0,0E0,0E0,0E0],"parents":[2147483647,0,0,1,1,2,2,3,3,4,4,9,9,10,10],"right_children":[2,4,6,8,10,-1,-1,-1,-1,12,14,-1,-1,-1,-1],"split_conditions":[9.0440613E-1,2.9469633E-1,1E0,1.905528E-1,7.0292526E-1,5.071106E-2,2.1472931E-1,-1.8415299E-1,-4.3456268E-2,3.9275005E-1,8.041876E-1,-1.6909027E-2,-5.564372E-3,6.0791015E-3,2.3170471E-2],"split_indices":[0,0,0,0,0,0,0,0,0,0,0,0,0,0,0],"split_type":[0,0,0,0,0,0,0,0,0,0,0,0,0,0,0],"sum_hessian":[9E0,7E0,2E0,2E0,5E0,1E0,1E0,1E0,1E0,3E0,2E0,1E0,2E0,1E0,1E0],"tree_param":{"num_deleted":"0","num_feature":"2","num_nodes":"15","size_leaf_vector":"1"}},{"base_weights":[7.974549E-2,-5.3073883E-1,1.6811218E0,-1.4415232E0,1.3109843E-2,4.8175048E-2,2.0399323E-1,-1.7494507E-1,-4.1283417E-2,-1.1927414E-1,1.8525188E-1,-1.606369E-2,-5.1940917E-3,5.7754517E-3,2.2012329E-2],"categories":[],"categories_nodes":[],"categories_segments":[],"categories_sizes":[],"default_left":[0,0,0,0,0,0,0,0,0,0,0,0,0,0,0],"id":70,"left_children":[1,3,5,7,9,-1,-1,-1,-1,11,13,-1,-1,-1,-1],"loss_changes":[1.0668387E1,3.981529E0,3.0830193E-1,2.2805214E-1,1.5882884E-1,0E0,0E0,0E0,0E0,2.7967244E-3,6.249249E-4,0E0,0E0,0E0,0E0],"parents":[2147483647,0,0,1,1,2,2,3,3,4,4,9,9,10,10],"right_children":[2,4,6,8,10,-1,-1,-1,-1,12,14,-1,-1,-1,-1],"split_conditions":[9.0440613E-1,2.9469633E-1,1E0,1.905528E-1,7.0292526E-1,4.8175048E-2,2.0399323E-1,-1.7494507E-1,-4.1283417E-2,3.9275005E-1,8.041876E-1,-1.606369E-2,-5.1940917E-3,5.7754517E-3,2.2012329E-2],"split_indices":[0,0,0,0,0,0,0,0,0,0,0,0,0,0,0],"split_type":[0,0,0,0,0,0,0,0,0,0,0,0,0,0,0],"sum_hessian":[9E0,7E0,2E0,2E0,5E0,1E0,1E0,1E0,1E0,3E0,2E0,1E0,2E0,1E0,1E0],"tree_param":{"num_deleted":"0","num_feature":"2","num_nodes":"15","size_leaf_vector":"1"}},{"base_weights":[7.601929E-2,-5.0387573E-1,1.5970663E0,-1.3694458E0,1.2888591E-2,4.5765687E-2,1.9379425E-1,-1.6619797E-1,-3.9218903E-2,-1.1266327E-1,1.7599487E-1,-1.52603155E-2,-4.848226E-3,5.4870606E-3,2.091217E-2],"categories":[],"categories_nodes":[],"categories_segments":[],"categories_sizes":[],"default_left":[0,0,0,0,0,0,0,0,0,0,0,0,0,0,0],"id":71,"left_children":[1,3,5,7,9,-1,-1,-1,-1,11,13,-1,-1,-1,-1],"loss_changes":[9.625198E0,3.5960164E0,2.7828026E-1,2.0583153E-1,1.4269795E-1,0E0,0E0,0E0,0E0,2.8549805E-3,5.627498E-4,0E0,0E0,0E0,0E0],"parents":[2147483647,0,0,1,1,2,2,3,3,4,4,9,9,10,10],"right_children":[2,4,6,8,10,-1,-1,-1,-1,12,14,-1,-1,-1,-1],"split_conditions":[9.0440613E-1,2.9469633E-1,1E0,1.905528E-1,7.0292526E-1,4.5765687E-2,1.9379425E-1,-1.6619797E-1,-3.9218903E-2,3.9275005E-1,8.041876E-1,-1.52603155E-2,-4.848226E-3,5.4870606E-3,2.091217E-2],"split_indices":[0,0,0,0,0,0,0,0,0,0,0,0,0,0,0],"split_type":[0,0,0,0,0,0,0,0,0,0,0,0,0,0,0],"sum_hessian":[9E0,7E0,2E0,2E0,5E0,1E0,1E0,1E0,1E0,3E0,2E0,1E0,2E0,1E0,1E0],"tree_param":{"num_deleted":"0","num_feature":"2","num_nodes":"15","size_leaf_vector":"1"}},{"base_weights":[7.2460935E-2,-4.783783E-1,1.5172119E0,-1.3009745E0,1.2649536E-2,4.347687E-2,1.8410492E-1,-1.5788804E-1,-3.725815E-2,-1.06422424E-1,1.6719563E-1,-1.4497376E-2,-4.5247395E-3,5.2124024E-3,1.9866943E-2],"categories":[],"categories_nodes":[],"categories_segments":[],"categories_sizes":[],"default_left":[0,0,0,0,0,0,0,0,0,0,0,0,0,0,0],"id":72,"left_children":[1,3,5,7,9,-1,-1,-1,-1,11,13,-1,-1,-1,-1],"loss_changes":[8.684057E0,3.247798E0,2.5117588E-1,1.8575573E-1,1.28206E-1,0E0,0E0,0E0,0E0,2.8738268E-3,5.097762E-4,0E0,0E0,0E0,0E0],"parents":[2147483647,0,0,1,1,2,2,3,3,4,4,9,9,10,10],"right_children":[2,4,6,8,10,-1,-1,-1,-1,12,14,-1,-1,-1,-1],"split_conditions":[9.0440613E-1,2.9469633E-1,1E0,1.905528E-1,7.0292526E-1,4.347687E-2,1.8410492E-1,-1.5788804E-1,-3.725815E-2,3.9275005E-1,8.041876E-1,-1.4497376E-2,-4.5247395E-3,5.2124024E-3,1.9866943E-2],"split_indices":[0,0,0,0,0,0,0,0,0,0,0,0,0,0,0],"split_type":[0,0,0,0,0,0,0,0,0,0,0,0,0,0,0],"sum_hessian":[9E0,7E0,2E0,2E0,5E0,1E0,1E0,1E0,1E0,3E0,2E0,1E0,2E0,1E0,1E0],"tree_param":{"num_deleted":"0","num_feature":"2","num_nodes":"15","size_leaf_vector":"1"}},{"base_weights":[6.905975E-2,-4.5417976E-1,1.4413452E0,-1.2359263E0,1.2390137E-2,4.130249E-2,1.748993E-1,-1.499939E-1,-3.5395052E-2,-1.0054016E-1,1.5883382E-1,-1.3772584E-2,-4.223633E-3,4.951477E-3,1.8873597E-2],"categories":[],"categories_nodes":[],"categories_segments":[],"categories_sizes":[],"default_left":[0,0,0,0,0,0,0,0,0,0,0,0,0,0,0],"id":73,"left_children":[1,3,5,7,9,-1,-1,-1,-1,11,13,-1,-1,-1,-1],"loss_changes":[7.83497E0,2.9332285E0,2.2670317E-1,1.6765404E-1,1.1519675E-1,0E0,0E0,0E0,0E0,2.8552338E-3,4.61407E-4,0E0,0E0,0E0,0E0],"parents":[2147483647,0,0,1,1,2,2,3,3,4,4,9,9,10,10],"right_children":[2,4,6,8,10,-1,-1,-1,-1,12,14,-1,-1,-1,-1],"split_conditions":[9.0440613E-1,2.9469633E-1,1E0,1.905528E-1,7.0292526E-1,4.130249E-2,1.748993E-1,-1.499939E-1,-3.5395052E-2,3.9275005E-1,8.041876E-1,-1.3772584E-2,-4.223633E-3,4.951477E-3,1.8873597E-2],"split_indices":[0,0,0,0,0,0,0,0,0,0,0,0,0,0,0],"split_type":[0,0,0,0,0,0,0,0,0,0,0,0,0,0,0],"sum_hessian":[9E0,7E0,2E0,2E0,5E0,1E0,1E0,1E0,1E0,3E0,2E0,1E0,2E0,1E0,1E0],"tree_param":{"num_deleted":"0","num_feature":"2","num_nodes":"15","size_leaf_vector":"1"}},{"base_weights":[6.5820314E-2,-4.3120575E-1,1.3692831E0,-1.1741282E0,1.2123108E-2,3.9237976E-2,1.6615449E-1,-1.424942E-1,-3.3625033E-2,-9.498978E-2,1.5089925E-1,-1.3083649E-2,-3.942871E-3,4.704285E-3,1.7930603E-2],"categories":[],"categories_nodes":[],"categories_segments":[],"categories_sizes":[],"default_left":[0,0,0,0,0,0,0,0,0,0,0,0,0,0,0],"id":74,"left_children":[1,3,5,7,9,-1,-1,-1,-1,11,13,-1,-1,-1,-1],"loss_changes":[7.068992E0,2.6491055E0,2.045784E-1,1.5131664E-1,1.0352216E-1,0E0,0E0,0E0,0E0,2.808012E-3,4.1561574E-4,0E0,0E0,0E0,0E0],"parents":[2147483647,0,0,1,1,2,2,3,3,4,4,9,9,10,10],"right_children":[2,4,6,8,10,-1,-1,-1,-1,12,14,-1,-1,-1,-1],"split_conditions":[9.0440613E-1,2.9469633E-1,1E0,1.905528E-1,7.0292526E-1,3.9237976E-2,1.6615449E-1,-1.424942E-1,-3.3625033E-2,3.9275005E-1,8.041876E-1,-1.3083649E-2,-3.942871E-3,4.704285E-3,1.7930603E-2],"split_indices":[0,0,0,0,0,0,0,0,0,0,0,0,0,0,0],"split_type":[0,0,0,0,0,0,0,0,0,0,0,0,0,0,0],"sum_hessian":[9E0,7E0,2E0,2E0,5E0,1E0,1E0,1E0,1E0,3E0,2E0,1E0,2E0,1E0,1E0],"tree_param":{"num_deleted":"0","num_feature":"2","num_nodes":"15","size_leaf_vector":"1"}},{"base_weights":[6.272125E-2,-4.0940285E-1,1.3008118E0,-1.1154226E0,1.184082E-2,3.7275698E-2,1.5784608E-1,-1.3536988E-1,-3.194351E-2,-8.97522E-2,1.4335124E-1,-1.242981E-2,-3.6804199E-3,4.469299E-3,1.7033387E-2],"categories":[],"categories_nodes":[],"categories_segments":[],"categories_sizes":[],"default_left":[0,0,0,0,0,0,0,0,0,0,0,0,0,0,0],"id":75,"left_children":[1,3,5,7,9,-1,-1,-1,-1,11,13,-1,-1,-1,-1],"loss_changes":[6.3778796E0,2.3924584E0,1.8463802E-1,1.3657522E-1,9.302933E-2,0E0,0E0,0E0,0E0,2.7418546E-3,3.7344545E-4,0E0,0E0,0E0,0E0],"parents":[2147483647,0,0,1,1,2,2,3,3,4,4,9,9,10,10],"right_children":[2,4,6,8,10,-1,-1,-1,-1,12,14,-1,-1,-1,-1],"split_conditions":[9.0440613E-1,2.9469633E-1,1E0,1.905528E-1,7.0292526E-1,3.7275698E-2,1.5784608E-1,-1.3536988E-1,-3.194351E-2,3.9275005E-1,8.041876E-1,-1.242981E-2,-3.6804199E-3,4.469299E-3,1.7033387E-2],"split_indices":[0,0,0,0,0,0,0,0,0,0,0,0,0,0,0],"split_type":[0,0,0,0,0,0,0,0,0,0,0,0,0,0,0],"sum_hessian":[9E0,7E0,2E0,2E0,5E0,1E0,1E0,1E0,1E0,3E0,2E0,1E0,2E0,1E0,1E0],"tree_param":{"num_deleted":"0","num_feature":"2","num_nodes":"15","size_leaf_vector":"1"}},{"base_weights":[5.9776306E-2,-3.8869667E-1,1.2357788E0,-1.0596517E0,1.1563619E-2,3.54126E-2,1.4995423E-1,-1.2860107E-1,-3.034668E-2,-8.4796906E-2,1.3618977E-1,-1.18080145E-2,-3.434245E-3,4.2465213E-3,1.6181946E-2],"categories":[],"categories_nodes":[],"categories_segments":[],"categories_sizes":[],"default_left":[0,0,0,0,0,0,0,0,0,0,0,0,0,0,0],"id":76,"left_children":[1,3,5,7,9,-1,-1,-1,-1,11,13,-1,-1,-1,-1],"loss_changes":[5.7543964E0,2.1607068E0,1.6661644E-1,1.23245955E-1,8.360273E-2,0E0,0E0,0E0,0E0,2.6619881E-3,3.3469498E-4,0E0,0E0,0E0,0E0],"parents":[2147483647,0,0,1,1,2,2,3,3,4,4,9,9,10,10],"right_children":[2,4,6,8,10,-1,-1,-1,-1,12,14,-1,-1,-1,-1],"split_conditions":[9.0440613E-1,2.9469633E-1,1E0,1.905528E-1,7.0292526E-1,3.54126E-2,1.4995423E-1,-1.2860107E-1,-3.034668E-2,3.9275005E-1,8.041876E-1,-1.18080145E-2,-3.434245E-3,4.2465213E-3,1.6181946E-2],"split_indices":[0,0,0,0,0,0,0,0,0,0,0,0,0,0,0],"split_type":[0,0,0,0,0,0,0,0,0,0,0,0,0,0,0],"sum_hessian":[9E0,7E0,2E0,2E0,5E0,1E0,1E0,1E0,1E0,3E0,2E0,1E0,2E0,1E0,1E0],"tree_param":{"num_deleted":"0","num_feature":"2","num_nodes":"15","size_leaf_vector":"1"}},{"base_weights":[5.696411E-2,-3.6904144E-1,1.1739908E0,-1.0066681E0,1.1278789E-2,3.364258E-2,1.4245605E-1,-1.2217102E-1,-2.8829193E-2,-8.012009E-2,1.2938435E-1,-1.1217499E-2,-3.2043457E-3,4.0344237E-3,1.537323E-2],"categories":[],"categories_nodes":[],"categories_segments":[],"categories_sizes":[],"default_left":[0,0,0,0,0,0,0,0,0,0,0,0,0,0,0],"id":77,"left_children":[1,3,5,7,9,-1,-1,-1,-1,11,13,-1,-1,-1,-1],"loss_changes":[5.1918473E0,1.9513725E0,1.5034628E-1,1.1123419E-1,7.513458E-2,0E0,0E0,0E0,0E0,2.5698915E-3,3.0161813E-4,0E0,0E0,0E0,0E0],"parents":[2147483647,0,0,1,1,2,2,3,3,4,4,9,9,10,10],"right_children":[2,4,6,8,10,-1,-1,-1,-1,12,14,-1,-1,-1,-1],"split_conditions":[9.0440613E-1,2.9469633E-1,1E0,1.905528E-1,7.0292526E-1,3.364258E-2,1.4245605E-1,-1.2217102E-1,-2.8829193E-2,3.9275005E-1,8.041876E-1,-1.1217499E-2,-3.2043457E-3,4.0344237E-3,1.537323E-2],"split_indices":[0,0,0,0,0,0,0,0,0,0,0,0,0,0,0],"split_type":[0,0,0,0,0,0,0,0,0,0,0,0,0,0,0],"sum_hessian":[9E0,7E0,2E0,2E0,5E0,1E0,1E0,1E0,1E0,3E0,2E0,1E0,2E0,1E0,1E0],"tree_param":{"num_deleted":"0","num_feature":"2","num_nodes":"15","size_leaf_vector":"1"}},{"base_weights":[5.427704E-2,-3.5038948E-1,1.1152954E0,-9.563344E-1,1.0981242E-2,3.196106E-2,1.3533325E-1,-1.16062164E-1,-2.7388E-2,-7.571411E-2,1.22914635E-1,-1.0656739E-2,-2.9907227E-3,3.8330078E-3,1.4604188E-2],"categories":[],"categories_nodes":[],"categories_segments":[],"categories_sizes":[],"default_left":[0,0,0,0,0,0,0,0,0,0,0,0,0,0,0],"id":78,"left_children":[1,3,5,7,9,-1,-1,-1,-1,11,13,-1,-1,-1,-1],"loss_changes":[4.684374E0,1.7622681E0,1.3566804E-1,1.0037899E-1,6.7531005E-2,0E0,0E0,0E0,0E0,2.4660341E-3,2.7082115E-4,0E0,0E0,0E0,0E0],"parents":[2147483647,0,0,1,1,2,2,3,3,4,4,9,9,10,10],"right_children":[2,4,6,8,10,-1,-1,-1,-1,12,14,-1,-1,-1,-1],"split_conditions":[9.0440613E-1,2.9469633E-1,1E0,1.905528E-1,7.0292526E-1,3.196106E-2,1.3533325E-1,-1.16062164E-1,-2.7388E-2,3.9275005E-1,8.041876E-1,-1.0656739E-2,-2.9907227E-3,3.8330078E-3,1.4604188E-2],"split_indices":[0,0,0,0,0,0,0,0,0,0,0,0,0,0,0],"split_type":[0,0,0,0,0,0,0,0,0,0,0,0,0,0,0],"sum_hessian":[9E0,7E0,2E0,2E0,5E0,1E0,1E0,1E0,1E0,3E0,2E0,1E0,2E0,1E0,1E0],"tree_param":{"num_deleted":"0","num_feature":"2","num_nodes":"15","size_leaf_vector":"1"}},{"base_weights":[5.1708985E-2,-3.3268738E-1,1.0595297E0,-9.085185E-1,1.0676066E-2,3.0363465E-2,1.2856598E-1,-1.1025925E-1,-2.6018525E-2,-7.155609E-2,1.16760254E-1,-1.0124207E-2,-2.7913412E-3,3.6407472E-3,1.3873291E-2],"categories":[],"categories_nodes":[],"categories_segments":[],"categories_sizes":[],"default_left":[0,0,0,0,0,0,0,0,0,0,0,0,0,0,0],"id":79,"left_children":[1,3,5,7,9,-1,-1,-1,-1,11,13,-1,-1,-1,-1],"loss_changes":[4.226518E0,1.5914541E0,1.22421026E-1,9.0595484E-2,6.06961E-2,0E0,0E0,0E0,0E0,2.3562908E-3,2.4577603E-4,0E0,0E0,0E0,0E0],"parents":[2147483647,0,0,1,1,2,2,3,3,4,4,9,9,10,10],"right_children":[2,4,6,8,10,-1,-1,-1,-1,12,14,-1,-1,-1,-1],"split_conditions":[9.0440613E-1,2.9469633E-1,1E0,1.905528E-1,7.0292526E-1,3.0363465E-2,1.2856598E-1,-1.1025925E-1,-2.6018525E-2,3.9275005E-1,8.041876E-1,-1.0124207E-2,-2.7913412E-3,3.6407472E-3,1.3873291E-2],"split_indices":[0,0,0,0,0,0,0,0,0,0,0,0,0,0,0],"split_type":[0,0,0,0,0,0,0,0,0,0,0,0,0,0,0],"sum_hessian":[9E0,7E0,2E0,2E0,5E0,1E0,1E0,1E0,1E0,3E0,2E0,1E0,2E0,1E0,1E0],"tree_param":{"num_deleted":"0","num_feature":"2","num_nodes":"15","size_leaf_vector":"1"}},{"base_weights":[4.925995E-2,-3.1588173E-1,1.0065511E0,-8.630931E-1,1.0370891E-2,2.8845215E-2,1.2213745E-1,-1.04746245E-1,-2.4717713E-2,-6.763458E-2,1.1092123E-1,-9.617615E-3,-2.6062012E-3,3.4591674E-3,1.3179016E-2],"categories":[],"categories_nodes":[],"categories_segments":[],"categories_sizes":[],"default_left":[0,0,0,0,0,0,0,0,0,0,0,0,0,0,0],"id":80,"left_children":[1,3,5,7,9,-1,-1,-1,-1,11,13,-1,-1,-1,-1],"loss_changes":[3.81342E0,1.4371841E0,1.10485315E-1,8.175945E-2,5.4562967E-2,0E0,0E0,0E0,0E0,2.2396408E-3,2.1990761E-4,0E0,0E0,0E0,0E0],"parents":[2147483647,0,0,1,1,2,2,3,3,4,4,9,9,10,10],"right_children":[2,4,6,8,10,-1,-1,-1,-1,12,14,-1,-1,-1,-1],"split_conditions":[9.0440613E-1,2.9469633E-1,1E0,1.905528E-1,7.0292526E-1,2.8845215E-2,1.2213745E-1,-1.04746245E-1,-2.4717713E-2,3.9275005E-1,8.041876E-1,-9.617615E-3,-2.6062012E-3,3.4591674E-3,1.3179016E-2],"split_indices":[0,0,0,0,0,0,0,0,0,0,0,0,0,0,0],"split_type":[0,0,0,0,0,0,0,0,0,0,0,0,0,0,0],"sum_hessian":[9E0,7E0,2E0,2E0,5E0,1E0,1E0,1E0,1E0,3E0,2E0,1E0,2E0,1E0,1E0],"tree_param":{"num_deleted":"0","num_feature":"2","num_nodes":"15","size_leaf_vector":"1"}},{"base_weights":[4.692688E-2,-2.9992676E-1,9.562276E-1,-8.199361E-1,1.0065715E-2,2.740326E-2,1.1603089E-1,-9.9508666E-2,-2.348175E-2,-6.3934326E-2,1.053772E-1,-9.136963E-3,-2.4332681E-3,3.2867433E-3,1.2519836E-2],"categories":[],"categories_nodes":[],"categories_segments":[],"categories_sizes":[],"default_left":[0,0,0,0,0,0,0,0,0,0,0,0,0,0,0],"id":81,"left_children":[1,3,5,7,9,-1,-1,-1,-1,11,13,-1,-1,-1,-1],"loss_changes":[3.440741E0,1.2978452E0,9.970713E-2,7.378769E-2,4.9055543E-2,0E0,0E0,0E0,0E0,2.1226648E-3,1.967363E-4,0E0,0E0,0E0,0E0],"parents":[2147483647,0,0,1,1,2,2,3,3,4,4,9,9,10,10],"right_children":[2,4,6,8,10,-1,-1,-1,-1,12,14,-1,-1,-1,-1],"split_conditions":[9.0440613E-1,2.9469633E-1,1E0,1.905528E-1,7.0292526E-1,2.740326E-2,1.1603089E-1,-9.9508666E-2,-2.348175E-2,3.9275005E-1,8.041876E-1,-9.136963E-3,-2.4332681E-3,3.2867433E-3,1.2519836E-2],"split_indices":[0,0,0,0,0,0,0,0,0,0,0,0,0,0,0],"split_type":[0,0,0,0,0,0,0,0,0,0,0,0,0,0,0],"sum_hessian":[9E0,7E0,2E0,2E0,5E0,1E0,1E0,1E0,1E0,3E0,2E0,1E0,2E0,1E0,1E0],"tree_param":{"num_deleted":"0","num_feature":"2","num_nodes":"15","size_leaf_vector":"1"}},{"base_weights":[4.4703674E-2,-2.847767E-1,9.0841675E-1,-7.7894086E-1,9.768168E-3,2.603302E-2,1.1022949E-1,-9.453354E-2,-2.2307588E-2,-6.042862E-2,1.0010783E-1,-8.679963E-3,-2.2705079E-3,3.1219483E-3,1.1894226E-2],"categories":[],"categories_nodes":[],"categories_segments":[],"categories_sizes":[],"default_left":[0,0,0,0,0,0,0,0,0,0,0,0,0,0,0],"id":82,"left_children":[1,3,5,7,9,-1,-1,-1,-1,11,13,-1,-1,-1,-1],"loss_changes":[3.1044607E0,1.1720371E0,8.998871E-2,6.6597104E-2,4.40987E-2,0E0,0E0,0E0,0E0,2.008438E-3,1.7910264E-4,0E0,0E0,0E0,0E0],"parents":[2147483647,0,0,1,1,2,2,3,3,4,4,9,9,10,10],"right_children":[2,4,6,8,10,-1,-1,-1,-1,12,14,-1,-1,-1,-1],"split_conditions":[9.0440613E-1,2.9469633E-1,1E0,1.905528E-1,7.0292526E-1,2.603302E-2,1.1022949E-1,-9.453354E-2,-2.2307588E-2,3.9275005E-1,8.041876E-1,-8.679963E-3,-2.2705079E-3,3.1219483E-3,1.1894226E-2],"split_indices":[0,0,0,0,0,0,0,0,0,0,0,0,0,0,0],"split_type":[0,0,0,0,0,0,0,0,0,0,0,0,0,0,0],"sum_hessian":[9E0,7E0,2E0,2E0,5E0,1E0,1E0,1E0,1E0,3E0,2E0,1E0,2E0,1E0,1E0],"tree_param":{"num_deleted":"0","num_feature":"2","num_nodes":"15","size_leaf_vector":"1"}},{"base_weights":[4.257965E-2,-2.703991E-1,8.629964E-1,-7.399953E-1,9.465535E-3,2.4731446E-2,1.0471802E-1,-8.980713E-2,-2.1192169E-2,-5.7128906E-2,9.510294E-2,-8.24585E-3,-2.1199544E-3,2.9663087E-3,1.1299133E-2],"categories":[],"categories_nodes":[],"categories_segments":[],"categories_sizes":[],"default_left":[0,0,0,0,0,0,0,0,0,0,0,0,0,0,0],"id":83,"left_children":[1,3,5,7,9,-1,-1,-1,-1,11,13,-1,-1,-1,-1],"loss_changes":[2.8010836E0,1.0583916E0,8.1213236E-2,6.0106397E-2,3.965098E-2,0E0,0E0,0E0,0E0,1.8922212E-3,1.6016886E-4,0E0,0E0,0E0,0E0],"parents":[2147483647,0,0,1,1,2,2,3,3,4,4,9,9,10,10],"right_children":[2,4,6,8,10,-1,-1,-1,-1,12,14,-1,-1,-1,-1],"split_conditions":[9.0440613E-1,2.9469633E-1,1E0,1.905528E-1,7.0292526E-1,2.4731446E-2,1.0471802E-1,-8.980713E-2,-2.1192169E-2,3.9275005E-1,8.041876E-1,-8.24585E-3,-2.1199544E-3,2.9663087E-3,1.1299133E-2],"split_indices":[0,0,0,0,0,0,0,0,0,0,0,0,0,0,0],"split_type":[0,0,0,0,0,0,0,0,0,0,0,0,0,0,0],"sum_hessian":[9E0,7E0,2E0,2E0,5E0,1E0,1E0,1E0,1E0,3E0,2E0,1E0,2E0,1E0,1E0],"tree_param":{"num_deleted":"0","num_feature":"2","num_nodes":"15","size_leaf_vector":"1"}},{"base_weights":[4.055786E-2,-2.567482E-1,8.1985474E-1,-7.0299274E-1,9.165446E-3,2.3495484E-2,9.948273E-2,-8.531647E-2,-2.0132447E-2,-5.4016113E-2,9.035238E-2,-7.833863E-3,-1.9795736E-3,2.8182983E-3,1.0734558E-2],"categories":[],"categories_nodes":[],"categories_segments":[],"categories_sizes":[],"default_left":[0,0,0,0,0,0,0,0,0,0,0,0,0,0,0],"id":84,"left_children":[1,3,5,7,9,-1,-1,-1,-1,11,13,-1,-1,-1,-1],"loss_changes":[2.527393E0,9.557433E-1,7.3284626E-2,5.4246545E-2,3.5657585E-2,0E0,0E0,0E0,0E0,1.7785309E-3,1.4405325E-4,0E0,0E0,0E0,0E0],"parents":[2147483647,0,0,1,1,2,2,3,3,4,4,9,9,10,10],"right_children":[2,4,6,8,10,-1,-1,-1,-1,12,14,-1,-1,-1,-1],"split_conditions":[9.0440613E-1,2.9469633E-1,1E0,1.905528E-1,7.0292526E-1,2.3495484E-2,9.948273E-2,-8.531647E-2,-2.0132447E-2,3.9275005E-1,8.041876E-1,-7.833863E-3,-1.9795736E-3,2.8182983E-3,1.0734558E-2],"split_indices":[0,0,0,0,0,0,0,0,0,0,0,0,0,0,0],"split_type":[0,0,0,0,0,0,0,0,0,0,0,0,0,0,0],"sum_hessian":[9E0,7E0,2E0,2E0,5E0,1E0,1E0,1E0,1E0,3E0,2E0,1E0,2E0,1E0,1E0],"tree_param":{"num_deleted":"0","num_feature":"2","num_nodes":"15","size_leaf_vector":"1"}},{"base_weights":[3.8627625E-2,-2.4378777E-1,7.7885944E-1,-6.678467E-1,8.872986E-3,2.2320557E-2,9.4508365E-2,-8.105087E-2,-1.912613E-2,-5.1067352E-2,8.583578E-2,-7.4424744E-3,-1.8473307E-3,2.6779175E-3,1.0197449E-2],"categories":[],"categories_nodes":[],"categories_segments":[],"categories_sizes":[],"default_left":[0,0,0,0,0,0,0,0,0,0,0,0,0,0,0],"id":85,"left_children":[1,3,5,7,9,-1,-1,-1,-1,11,13,-1,-1,-1,-1],"loss_changes":[2.280405E0,8.6307013E-1,6.614137E-2,4.8953056E-2,3.206246E-2,0E0,0E0,0E0,0E0,1.6703755E-3,1.2850016E-4,0E0,0E0,0E0,0E0],"parents":[2147483647,0,0,1,1,2,2,3,3,4,4,9,9,10,10],"right_children":[2,4,6,8,10,-1,-1,-1,-1,12,14,-1,-1,-1,-1],"split_conditions":[9.0440613E-1,2.9469633E-1,1E0,1.905528E-1,7.0292526E-1,2.2320557E-2,9.4508365E-2,-8.105087E-2,-1.912613E-2,3.9275005E-1,8.041876E-1,-7.4424744E-3,-1.8473307E-3,2.6779175E-3,1.0197449E-2],"split_indices":[0,0,0,0,0,0,0,0,0,0,0,0,0,0,0],"split_type":[0,0,0,0,0,0,0,0,0,0,0,0,0,0,0],"sum_hessian":[9E0,7E0,2E0,2E0,5E0,1E0,1E0,1E0,1E0,3E0,2E0,1E0,2E0,1E0,1E0],"tree_param":{"num_deleted":"0","num_feature":"2","num_nodes":"15","size_leaf_vector":"1"}},{"base_weights":[3.679199E-2,-2.3147964E-1,7.39919E-1,-6.344554E-1,8.588155E-3,2.120514E-2,8.9782715E-2,-7.699814E-2,-1.8170167E-2,-4.8274994E-2,8.154297E-2,-7.07016E-3,-1.723226E-3,2.54364E-3,9.687806E-3],"categories":[],"categories_nodes":[],"categories_segments":[],"categories_sizes":[],"default_left":[0,0,0,0,0,0,0,0,0,0,0,0,0,0,0],"id":86,"left_children":[1,3,5,7,9,-1,-1,-1,-1,11,13,-1,-1,-1,-1],"loss_changes":[2.0575666E0,7.7938074E-1,5.9678316E-2,4.4172764E-2,2.8827129E-2,0E0,0E0,0E0,0E0,1.566384E-3,1.16966665E-4,0E0,0E0,0E0,0E0],"parents":[2147483647,0,0,1,1,2,2,3,3,4,4,9,9,10,10],"right_children":[2,4,6,8,10,-1,-1,-1,-1,12,14,-1,-1,-1,-1],"split_conditions":[9.0440613E-1,2.9469633E-1,1E0,1.905528E-1,7.0292526E-1,2.120514E-2,8.9782715E-2,-7.699814E-2,-1.8170167E-2,3.9275005E-1,8.041876E-1,-7.07016E-3,-1.723226E-3,2.54364E-3,9.687806E-3],"split_indices":[0,0,0,0,0,0,0,0,0,0,0,0,0,0,0],"split_type":[0,0,0,0,0,0,0,0,0,0,0,0,0,0,0],"sum_hessian":[9E0,7E0,2E0,2E0,5E0,1E0,1E0,1E0,1E0,3E0,2E0,1E0,2E0,1E0,1E0],"tree_param":{"num_deleted":"0","num_feature":"2","num_nodes":"15","size_leaf_vector":"1"}},{"base_weights":[3.503723E-2,-2.1979904E-1,7.0292157E-1,-6.0273236E-1,8.300781E-3,2.0144654E-2,8.529358E-2,-7.314835E-2,-1.7261505E-2,-4.5654297E-2,7.747396E-2,-6.716919E-3,-1.6092936E-3,2.4169923E-3,9.204102E-3],"categories":[],"categories_nodes":[],"categories_segments":[],"categories_sizes":[],"default_left":[0,0,0,0,0,0,0,0,0,0,0,0,0,0,0],"id":87,"left_children":[1,3,5,7,9,-1,-1,-1,-1,11,13,-1,-1,-1,-1],"loss_changes":[1.856513E0,7.0377934E-1,5.386424E-2,3.986907E-2,2.5930485E-2,0E0,0E0,0E0,0E0,1.4630882E-3,1.0482408E-4,0E0,0E0,0E0,0E0],"parents":[2147483647,0,0,1,1,2,2,3,3,4,4,9,9,10,10],"right_children":[2,4,6,8,10,-1,-1,-1,-1,12,14,-1,-1,-1,-1],"split_conditions":[9.0440613E-1,2.9469633E-1,1E0,1.905528E-1,7.0292526E-1,2.0144654E-2,8.529358E-2,-7.314835E-2,-1.7261505E-2,3.9275005E-1,8.041876E-1,-6.716919E-3,-1.6092936E-3,2.4169923E-3,9.204102E-3],"split_indices":[0,0,0,0,0,0,0,0,0,0,0,0,0,0,0],"split_type":[0,0,0,0,0,0,0,0,0,0,0,0,0,0,0],"sum_hessian":[9E0,7E0,2E0,2E0,5E0,1E0,1E0,1E0,1E0,3E0,2E0,1E0,2E0,1E0,1E0],"tree_param":{"num_deleted":"0","num_feature":"2","num_nodes":"15","size_leaf_vector":"1"}},{"base_weights":[3.3366393E-2,-2.0870781E-1,6.6777545E-1,-5.7259625E-1,8.021037E-3,1.9137574E-2,8.102875E-2,-6.949081E-2,-1.6398622E-2,-4.3167114E-2,7.359823E-2,-6.381226E-3,-1.5014649E-3,2.2964478E-3,8.743286E-3],"categories":[],"categories_nodes":[],"categories_segments":[],"categories_sizes":[],"default_left":[0,0,0,0,0,0,0,0,0,0,0,0,0,0,0],"id":88,"left_children":[1,3,5,7,9,-1,-1,-1,-1,11,13,-1,-1,-1,-1],"loss_changes":[1.6751107E0,6.355138E-1,4.860866E-2,3.5978258E-2,2.3317672E-2,0E0,0E0,0E0,0E0,1.366728E-3,9.364821E-5,0E0,0E0,0E0,0E0],"parents":[2147483647,0,0,1,1,2,2,3,3,4,4,9,9,10,10],"right_children":[2,4,6,8,10,-1,-1,-1,-1,12,14,-1,-1,-1,-1],"split_conditions":[9.0440613E-1,2.9469633E-1,1E0,1.905528E-1,7.0292526E-1,1.9137574E-2,8.102875E-2,-6.949081E-2,-1.6398622E-2,3.9275005E-1,8.041876E-1,-6.381226E-3,-1.5014649E-3,2.2964478E-3,8.743286E-3],"split_indices":[0,0,0,0,0,0,0,0,0,0,0,0,0,0,0],"split_type":[0,0,0,0,0,0,0,0,0,0,0,0,0,0,0],"sum_hessian":[9E0,7E0,2E0,2E0,5E0,1E0,1E0,1E0,1E0,3E0,2E0,1E0,2E0,1E0,1E0],"tree_param":{"num_deleted":"0","num_feature":"2","num_nodes":"15","size_leaf_vector":"1"}},{"base_weights":[3.17749E-2,-1.9817734E-1,6.343892E-1,-5.4396564E-1,7.7463784E-3,1.8180847E-2,7.697754E-2,-6.601639E-2,-1.5578461E-2,-4.082489E-2,6.992594E-2,-6.062317E-3,-1.4017741E-3,2.1820068E-3,8.306885E-3],"categories":[],"categories_nodes":[],"categories_segments":[],"categories_sizes":[],"default_left":[0,0,0,0,0,0,0,0,0,0,0,0,0,0,0],"id":89,"left_children":[1,3,5,7,9,-1,-1,-1,-1,11,13,-1,-1,-1,-1],"loss_changes":[1.5114468E0,5.7386196E-1,4.3867707E-2,3.24744E-2,2.097556E-2,0E0,0E0,0E0,0E0,1.2731422E-3,8.418504E-5,0E0,0E0,0E0,0E0],"parents":[2147483647,0,0,1,1,2,2,3,3,4,4,9,9,10,10],"right_children":[2,4,6,8,10,-1,-1,-1,-1,12,14,-1,-1,-1,-1],"split_conditions":[9.0440613E-1,2.9469633E-1,1E0,1.905528E-1,7.0292526E-1,1.8180847E-2,7.697754E-2,-6.601639E-2,-1.5578461E-2,3.9275005E-1,8.041876E-1,-6.062317E-3,-1.4017741E-3,2.1820068E-3,8.306885E-3],"split_indices":[0,0,0,0,0,0,0,0,0,0,0,0,0,0,0],"split_type":[0,0,0,0,0,0,0,0,0,0,0,0,0,0,0],"sum_hessian":[9E0,7E0,2E0,2E0,5E0,1E0,1E0,1E0,1E0,3E0,2E0,1E0,2E0,1E0,1E0],"tree_param":{"num_deleted":"0","num_feature":"2","num_nodes":"15","size_leaf_vector":"1"}},{"base_weights":[3.0255128E-2,-1.8818283E-1,6.026713E-1,-5.167694E-1,7.4742637E-3,1.7271424E-2,7.3129274E-2,-6.271591E-2,-1.47995E-2,-3.860855E-2,6.64266E-2,-5.75943E-3,-1.3081868E-3,2.0721436E-3,7.891846E-3],"categories":[],"categories_nodes":[],"categories_segments":[],"categories_sizes":[],"default_left":[0,0,0,0,0,0,0,0,0,0,0,0,0,0,0],"id":90,"left_children":[1,3,5,7,9,-1,-1,-1,-1,11,13,-1,-1,-1,-1],"loss_changes":[1.3637866E0,5.181848E-1,3.9600372E-2,2.9310346E-2,1.886477E-2,0E0,0E0,0E0,0E0,1.1851317E-3,7.752422E-5,0E0,0E0,0E0,0E0],"parents":[2147483647,0,0,1,1,2,2,3,3,4,4,9,9,10,10],"right_children":[2,4,6,8,10,-1,-1,-1,-1,12,14,-1,-1,-1,-1],"split_conditions":[9.0440613E-1,2.9469633E-1,1E0,1.905528E-1,7.0292526E-1,1.7271424E-2,7.3129274E-2,-6.271591E-2,-1.47995E-2,3.9275005E-1,8.041876E-1,-5.75943E-3,-1.3081868E-3,2.0721436E-3,7.891846E-3],"split_indices":[0,0,0,0,0,0,0,0,0,0,0,0,0,0,0],"split_type":[0,0,0,0,0,0,0,0,0,0,0,0,0,0,0],"sum_hessian":[9E0,7E0,2E0,2E0,5E0,1E0,1E0,1E0,1E0,3E0,2E0,1E0,2E0,1E0,1E0],"tree_param":{"num_deleted":"0","num_feature":"2","num_nodes":"15","size_leaf_vector":"1"}},{"base_weights":[2.8807068E-2,-1.7869377E-1,5.725403E-1,-4.9093118E-1,7.207235E-3,1.6407777E-2,6.947327E-2,-5.9580233E-2,-1.4059449E-2,-3.6514282E-2,6.310018E-2,-5.471802E-3,-1.2207031E-3,1.9683838E-3,7.4966433E-3],"categories":[],"categories_nodes":[],"categories_segments":[],"categories_sizes":[],"default_left":[0,0,0,0,0,0,0,0,0,0,0,0,0,0,0],"id":91,"left_children":[1,3,5,7,9,-1,-1,-1,-1,11,13,-1,-1,-1,-1],"loss_changes":[1.2305603E0,4.679003E-1,3.574294E-2,2.6454031E-2,1.6966403E-2,0E0,0E0,0E0,0E0,1.1019865E-3,6.994046E-5,0E0,0E0,0E0,0E0],"parents":[2147483647,0,0,1,1,2,2,3,3,4,4,9,9,10,10],"right_children":[2,4,6,8,10,-1,-1,-1,-1,12,14,-1,-1,-1,-1],"split_conditions":[9.0440613E-1,2.9469633E-1,1E0,1.905528E-1,7.0292526E-1,1.6407777E-2,6.947327E-2,-5.9580233E-2,-1.4059449E-2,3.9275005E-1,8.041876E-1,-5.471802E-3,-1.2207031E-3,1.9683838E-3,7.4966433E-3],"split_indices":[0,0,0,0,0,0,0,0,0,0,0,0,0,0,0],"split_type":[0,0,0,0,0,0,0,0,0,0,0,0,0,0,0],"sum_hessian":[9E0,7E0,2E0,2E0,5E0,1E0,1E0,1E0,1E0,3E0,2E0,1E0,2E0,1E0,1E0],"tree_param":{"num_deleted":"0","num_feature":"2","num_nodes":"15","size_leaf_vector":"1"}},{"base_weights":[2.7429199E-2,-1.6968155E-1,5.439148E-1,-4.663849E-1,6.9503784E-3,1.5586853E-2,6.6000365E-2,-5.6600954E-2,-1.3356782E-2,-3.4534454E-2,5.9946697E-2,-5.1979064E-3,-1.139323E-3,1.8707275E-3,7.121277E-3],"categories":[],"categories_nodes":[],"categories_segments":[],"categories_sizes":[],"default_left":[0,0,0,0,0,0,0,0,0,0,0,0,0,0,0],"id":92,"left_children":[1,3,5,7,9,-1,-1,-1,-1,11,13,-1,-1,-1,-1],"loss_changes":[1.1103408E0,4.2249978E-1,3.2269776E-2,2.3869693E-2,1.5261486E-2,0E0,0E0,0E0,0E0,1.0225493E-3,6.162189E-5,0E0,0E0,0E0,0E0],"parents":[2147483647,0,0,1,1,2,2,3,3,4,4,9,9,10,10],"right_children":[2,4,6,8,10,-1,-1,-1,-1,12,14,-1,-1,-1,-1],"split_conditions":[9.0440613E-1,2.9469633E-1,1E0,1.905528E-1,7.0292526E-1,1.5586853E-2,6.6000365E-2,-5.6600954E-2,-1.3356782E-2,3.9275005E-1,8.041876E-1,-5.1979064E-3,-1.139323E-3,1.8707275E-3,7.121277E-3],"split_indices":[0,0,0,0,0,0,0,0,0,0,0,0,0,0,0],"split_type":[0,0,0,0,0,0,0,0,0,0,0,0,0,0,0],"sum_hessian":[9E0,7E0,2E0,2E0,5E0,1E0,1E0,1E0,1E0,3E0,2E0,1E0,2E0,1E0,1E0],"tree_param":{"num_deleted":"0","num_feature":"2","num_nodes":"15","size_leaf_vector":"1"}},{"base_weights":[2.6112366E-2,-1.6112709E-1,5.1671344E-1,-4.4306946E-1,6.6986084E-3,1.4807129E-2,6.269989E-2,-5.377121E-2,-1.268921E-2,-3.2669067E-2,5.6955975E-2,-4.9377442E-3,-1.0640462E-3,1.7776489E-3,6.765747E-3],"categories":[],"categories_nodes":[],"categories_segments":[],"categories_sizes":[],"default_left":[0,0,0,0,0,0,0,0,0,0,0,0,0,0,0],"id":93,"left_children":[1,3,5,7,9,-1,-1,-1,-1,11,13,-1,-1,-1,-1],"loss_changes":[1.0018554E0,3.8150534E-1,2.9127002E-2,2.1540165E-2,1.3731793E-2,0E0,0E0,0E0,0E0,9.4685005E-4,5.5124983E-5,0E0,0E0,0E0,0E0],"parents":[2147483647,0,0,1,1,2,2,3,3,4,4,9,9,10,10],"right_children":[2,4,6,8,10,-1,-1,-1,-1,12,14,-1,-1,-1,-1],"split_conditions":[9.0440613E-1,2.9469633E-1,1E0,1.905528E-1,7.0292526E-1,1.4807129E-2,6.269989E-2,-5.377121E-2,-1.268921E-2,3.9275005E-1,8.041876E-1,-4.9377442E-3,-1.0640462E-3,1.7776489E-3,6.765747E-3],"split_indices":[0,0,0,0,0,0,0,0,0,0,0,0,0,0,0],"split_type":[0,0,0,0,0,0,0,0,0,0,0,0,0,0,0],"sum_hessian":[9E0,7E0,2E0,2E0,5E0,1E0,1E0,1E0,1E0,3E0,2E0,1E0,2E0,1E0,1E0],"tree_param":{"num_deleted":"0","num_feature":"2","num_nodes":"15","size_leaf_vector":"1"}},{"base_weights":[2.4861146E-2,-1.5300179E-1,4.9087524E-1,-4.209137E-1,6.454468E-3,1.4067078E-2,5.956421E-2,-5.108261E-2,-1.2054443E-2,-3.0899048E-2,5.4107666E-2,-4.6905517E-3,-9.928386E-3,1.689148E-3,6.427002E-3,-1.184082E-3,-3.0517578E-4],"categories":[],"categories_nodes":[],"categories_segments":[],"categories_sizes":[],"default_left":[0,0,0,0,0,0,0,0,0,0,0,0,0,0,0,0,0],"id":94,"left_children":[1,3,5,7,9,-1,-1,-1,-1,11,13,-1,15,-1,-1,-1,-1],"loss_changes":[9.0397114E-1,3.4447867E-1,2.6279986E-2,1.9443512E-2,1.2351962E-2,0E0,0E0,0E0,0E0,8.769692E-4,4.899595E-5,0E0,3.3179822E-6,0E0,0E0,0E0,0E0],"parents":[2147483647,0,0,1,1,2,2,3,3,4,4,9,9,10,10,12,12],"right_children":[2,4,6,8,10,-1,-1,-1,-1,12,14,-1,16,-1,-1,-1,-1],"split_conditions":[9.0440613E-1,2.9469633E-1,1E0,1.905528E-1,7.0292526E-1,1.4067078E-2,5.956421E-2,-5.108261E-2,-1.2054443E-2,3.9275005E-1,8.041876E-1,-4.6905517E-3,5.0091666E-1,1.689148E-3,6.427002E-3,-1.184082E-3,-3.0517578E-4],"split_indices":[0,0,0,0,0,0,0,0,0,0,0,0,0,0,0,0,0],"split_type":[0,0,0,0,0,0,0,0,0,0,0,0,0,0,0,0,0],"sum_hessian":[9E0,7E0,2E0,2E0,5E0,1E0,1E0,1E0,1E0,3E0,2E0,1E0,2E0,1E0,1E0,1E0,1E0],"tree_param":{"num_deleted":"0","num_feature":"2","num_nodes":"17","size_leaf_vector":"1"}},{"base_weights":[2.3617554E-2,-1.4535141E-1,4.6632895E-1,-3.9986673E-1,6.13149E-3,1.3363647E-2,5.6585696E-2,-4.852829E-2,-1.1451721E-2,-2.9354095E-2,5.1401775E-2,-4.4563296E-3,-9.429932E-3,1.6052247E-3,6.1050416E-3,-1.1245728E-3,-2.89917E-4],"categories":[],"categories_nodes":[],"categories_segments":[],"categories_sizes":[],"default_left":[0,0,0,0,0,0,0,0,0,0,0,0,0,0,0,0,0],"id":95,"left_children":[1,3,5,7,9,-1,-1,-1,-1,11,13,-1,15,-1,-1,-1,-1],"loss_changes":[8.158264E-1,3.1088954E-1,2.3717523E-2,1.754716E-2,1.11475075E-2,0E0,0E0,0E0,0E0,7.9189334E-4,4.322827E-5,0E0,2.972316E-6,0E0,0E0,0E0,0E0],"parents":[2147483647,0,0,1,1,2,2,3,3,4,4,9,9,10,10,12,12],"right_children":[2,4,6,8,10,-1,-1,-1,-1,12,14,-1,16,-1,-1,-1,-1],"split_conditions":[9.0440613E-1,2.9469633E-1,1E0,1.905528E-1,7.0292526E-1,1.3363647E-2,5.6585696E-2,-4.852829E-2,-1.1451721E-2,3.9275005E-1,8.041876E-1,-4.4563296E-3,5.0091666E-1,1.6052247E-3,6.1050416E-3,-1.1245728E-3,-2.89917E-4],"split_indices":[0,0,0,0,0,0,0,0,0,0,0,0,0,0,0,0,0],"split_type":[0,0,0,0,0,0,0,0,0,0,0,0,0,0,0,0,0],"sum_hessian":[9E0,7E0,2E0,2E0,5E0,1E0,1E0,1E0,1E0,3E0,2E0,1E0,2E0,1E0,1E0,1E0,1E0],"tree_param":{"num_deleted":"0","num_feature":"2","num_nodes":"17","size_leaf_vector":"1"}},{"base_weights":[2.2436524E-2,-1.3808441E-1,4.4301352E-1,-3.7987772E-1,5.8263144E-3,1.26953125E-2,5.3756714E-2,-4.6102144E-2,-1.0879517E-2,-2.7881622E-2,4.8828125E-2,-4.233551E-3,-8.951823E-3,1.524353E-3,5.799866E-3,-1.0681152E-3,-2.746582E-4],"categories":[],"categories_nodes":[],"categories_segments":[],"categories_sizes":[],"default_left":[0,0,0,0,0,0,0,0,0,0,0,0,0,0,0,0,0],"id":96,"left_children":[1,3,5,7,9,-1,-1,-1,-1,11,13,-1,15,-1,-1,-1,-1],"loss_changes":[7.3628736E-1,2.8058648E-1,2.140814E-2,1.583302E-2,1.0058421E-2,0E0,0E0,0E0,0E0,7.1545667E-4,3.9861538E-5,0E0,2.8560607E-6,0E0,0E0,0E0,0E0],"parents":[2147483647,0,0,1,1,2,2,3,3,4,4,9,9,10,10,12,12],"right_children":[2,4,6,8,10,-1,-1,-1,-1,12,14,-1,16,-1,-1,-1,-1],"split_conditions":[9.0440613E-1,2.9469633E-1,1E0,1.905528E-1,7.0292526E-1,1.26953125E-2,5.3756714E-2,-4.6102144E-2,-1.0879517E-2,3.9275005E-1,8.041876E-1,-4.233551E-3,5.0091666E-1,1.524353E-3,5.799866E-3,-1.0681152E-3,-2.746582E-4],"split_indices":[0,0,0,0,0,0,0,0,0,0,0,0,0,0,0,0,0],"split_type":[0,0,0,0,0,0,0,0,0,0,0,0,0,0,0,0,0],"sum_hessian":[9E0,7E0,2E0,2E0,5E0,1E0,1E0,1E0,1E0,3E0,2E0,1E0,2E0,1E0,1E0,1E0,1E0],"tree_param":{"num_deleted":"0","num_feature":"2","num_nodes":"17","size_leaf_vector":"1"}},{"base_weights":[2.131195E-2,-1.3118172E-1,4.2085776E-1,-3.6088562E-1,5.533854E-3,1.2060547E-2,5.1068116E-2,-4.3797303E-2,-1.0335541E-2,-2.6489258E-2,4.638672E-2,-4.022217E-3,-8.504231E-3,1.4480591E-3,5.509949E-3,-1.0147095E-3,-2.609253E-4],"categories":[],"categories_nodes":[],"categories_segments":[],"categories_sizes":[],"default_left":[0,0,0,0,0,0,0,0,0,0,0,0,0,0,0,0,0],"id":97,"left_children":[1,3,5,7,9,-1,-1,-1,-1,11,13,-1,15,-1,-1,-1,-1],"loss_changes":[6.644909E-1,2.5322986E-1,1.9318104E-2,1.4290154E-2,9.078165E-3,0E0,0E0,0E0,0E0,6.4588827E-4,3.6098994E-5,0E0,2.5775953E-6,0E0,0E0,0E0,0E0],"parents":[2147483647,0,0,1,1,2,2,3,3,4,4,9,9,10,10,12,12],"right_children":[2,4,6,8,10,-1,-1,-1,-1,12,14,-1,16,-1,-1,-1,-1],"split_conditions":[9.0440613E-1,2.9469633E-1,1E0,1.905528E-1,7.0292526E-1,1.2060547E-2,5.1068116E-2,-4.3797303E-2,-1.0335541E-2,3.9275005E-1,8.041876E-1,-4.022217E-3,5.0091666E-1,1.4480591E-3,5.509949E-3,-1.0147095E-3,-2.609253E-4],"split_indices":[0,0,0,0,0,0,0,0,0,0,0,0,0,0,0,0,0],"split_type":[0,0,0,0,0,0,0,0,0,0,0,0,0,0,0,0,0],"sum_hessian":[9E0,7E0,2E0,2E0,5E0,1E0,1E0,1E0,1E0,3E0,2E0,1E0,2E0,1E0,1E0,1E0,1E0],"tree_param":{"num_deleted":"0","num_feature":"2","num_nodes":"17","size_leaf_vector":"1"}},{"base_weights":[2.0248413E-2,-1.24622345E-1,3.9982095E-1,-3.4284464E-1,5.259196E-3,1.1457825E-2,4.851532E-2,-4.1607667E-2,-9.819031E-3,-2.5161743E-2,4.4067383E-2,-3.820801E-3,-8.076985E-3,1.3763428E-3,5.2337646E-3,-9.643555E-4,-2.471924E-4],"categories":[],"categories_nodes":[],"categories_segments":[],"categories_sizes":[],"default_left":[0,0,0,0,0,0,0,0,0,0,0,0,0,0,0,0,0],"id":98,"left_children":[1,3,5,7,9,-1,-1,-1,-1,11,13,-1,15,-1,-1,-1,-1],"loss_changes":[5.9971625E-1,2.2854751E-1,1.7433226E-2,1.2894869E-2,8.192301E-3,0E0,0E0,0E0,0E0,5.8296346E-4,3.151968E-5,0E0,2.5040208E-6,0E0,0E0,0E0,0E0],"parents":[2147483647,0,0,1,1,2,2,3,3,4,4,9,9,10,10,12,12],"right_children":[2,4,6,8,10,-1,-1,-1,-1,12,14,-1,16,-1,-1,-1,-1],"split_conditions":[9.0440613E-1,2.9469633E-1,1E0,1.905528E-1,7.0292526E-1,1.1457825E-2,4.851532E-2,-4.1607667E-2,-9.819031E-3,3.9275005E-1,8.041876E-1,-3.820801E-3,5.0091666E-1,1.3763428E-3,5.2337646E-3,-9.643555E-4,-2.471924E-4],"split_indices":[0,0,0,0,0,0,0,0,0,0,0,0,0,0,0,0,0],"split_type":[0,0,0,0,0,0,0,0,0,0,0,0,0,0,0,0,0],"sum_hessian":[9E0,7E0,2E0,2E0,5E0,1E0,1E0,1E0,1E0,3E0,2E0,1E0,2E0,1E0,1E0,1E0,1E0],"tree_param":{"num_deleted":"0","num_feature":"2","num_nodes":"17","size_leaf_vector":"1"}},{"base_weights":[1.9236755E-2,-1.1839104E-1,3.7983194E-1,-3.2569885E-1,4.9947104E-3,1.08856205E-2,4.6089172E-2,-3.952713E-2,-9.327698E-3,-2.3902893E-2,4.1859943E-2,-3.630066E-3,-7.6700845E-3,1.3076783E-3,4.9713138E-3,-9.1552734E-4,-2.3498536E-4],"categories":[],"categories_nodes":[],"categories_segments":[],"categories_sizes":[],"default_left":[0,0,0,0,0,0,0,0,0,0,0,0,0,0,0,0,0],"id":99,"left_children":[1,3,5,7,9,-1,-1,-1,-1,11,13,-1,15,-1,-1,-1,-1],"loss_changes":[5.412479E-1,2.0625743E-1,1.5724748E-2,1.1640757E-2,7.392475E-3,0E0,0E0,0E0,0E0,5.2657304E-4,2.8031413E-5,0E0,2.1910964E-6,0E0,0E0,0E0,0E0],"parents":[2147483647,0,0,1,1,2,2,3,3,4,4,9,9,10,10,12,12],"right_children":[2,4,6,8,10,-1,-1,-1,-1,12,14,-1,16,-1,-1,-1,-1],"split_conditions":[9.0440613E-1,2.9469633E-1,1E0,1.905528E-1,7.0292526E-1,1.08856205E-2,4.6089172E-2,-3.952713E-2,-9.327698E-3,3.9275005E-1,8.041876E-1,-3.630066E-3,5.0091666E-1,1.3076783E-3,4.9713138E-3,-9.1552734E-4,-2.3498536E-4],"split_indices":[0,0,0,0,0,0,0,0,0,0,0,0,0,0,0,0,0],"split_type":[0,0,0,0,0,0,0,0,0,0,0,0,0,0,0,0,0],"sum_hessian":[9E0,7E0,2E0,2E0,5E0,1E0,1E0,1E0,1E0,3E0,2E0,1E0,2E0,1E0,1E0,1E0,1E0],"tree_param":{"num_deleted":"0","num_feature":"2","num_nodes":"17","size_leaf_vector":"1"}}]},"name":"gbtree"},"learner_model_param":{"base_score":"3.1555554E2","boost_from_average":"1","num_class":"0","num_feature":"2","num_target":"1"},"objective":{"name":"reg:squarederror","reg_loss_param":{"scale_pos_weight":"1"}}},"version":[2,0,1]}