{"model_name": "PolynomialRegressionTrainer_0", "model_class": "scikit", "model_file": "PolynomialRegressionTrainer_0.json", "features": ["cgroupfs_cpu_usage_us", "cgroupfs_memory_usage_bytes", "cgroupfs_system_cpu_usage_us", "cgroupfs_user_cpu_usage_us"], "fe_files": ["poly_scaler.pkl"], "output_type": "AbsPower", "mae": 115.26, "mape": 17.27, "package_mae": 115.26, "core_mae": 0.0, "uncore_mae": 0.0, "dram_mae": 2.66, "package_mape": 110.99, "core_mape": -1, "uncore_mape": -1, "dram_mape": 17.27}