{"model_name": "SVRRegressorTrainer_1", "model_class": "scikit", "model_file": "SVRRegressorTrainer_1.json", "features": ["bpf_cpu_time_ms", "bpf_page_cache_hit", "cache_miss", "cgroupfs_cpu_usage_us", "cgroupfs_memory_usage_bytes", "cgroupfs_system_cpu_usage_us", "cgroupfs_user_cpu_usage_us", "cpu_cycles", "cpu_instructions"], "fe_files": [], "output_type": "AbsPower", "mae": 35.59, "mape": 4.13, "package_mae": 35.59, "core_mae": 0.0, "uncore_mae": 0.0, "dram_mae": 0.97, "package_mape": 38.14, "core_mape": -1, "uncore_mape": -1, "dram_mape": 4.13}