{"model_name": "ExponentialRegressionTrainer_0", "trainer": "ExponentialRegressionTrainer", "model_class": "curvefit", "model_file": "ExponentialRegressionTrainer_0.json", "features": ["cache_miss", "cpu_cycles", "cpu_instructions"], "fe_files": [], "output_type": "AbsPower", "mae": 5.524934090912408e+69, "mape": -1, "node_type": 0, "machine_spec": {"processor": "11th_gen_intel_core", "cores": 8, "chips": 1, "memory": 31, "frequency": 4800}, "package_mae": 5.524934090912408e+69, "core_mae": 1.0552229476429402e+61, "uncore_mae": 2.190735524528634e+68, "dram_mae": 0.0, "package_mape": 2.7996641896529146e+70, "core_mape": 9.198255929126992e+61, "uncore_mape": 2.8144488055769336e+71, "dram_mape": -1}