{"package": {"All_Weights": {"Categorical_Variables": {}, "Numerical_Variables": {"cache_miss": {"scale": 63603973.0}, "cpu_cycles": {"scale": 139277196.0}, "cpu_instructions": {"scale": 254515913.66666666}}, "CurveFit_Weights": [128.93618205261785, -17.3219671660039, 5.196351825744965]}}, "core": {"All_Weights": {"Categorical_Variables": {}, "Numerical_Variables": {"cache_miss": {"scale": 63603973.0}, "cpu_cycles": {"scale": 139277196.0}, "cpu_instructions": {"scale": 254515913.66666666}}, "CurveFit_Weights": [8363173471635.263, -181.56212113822875, 2.741660768865913]}}, "uncore": {"All_Weights": {"Categorical_Variables": {}, "Numerical_Variables": {"cache_miss": {"scale": 63603973.0}, "cpu_cycles": {"scale": 139277196.0}, "cpu_instructions": {"scale": 254515913.66666666}}, "CurveFit_Weights": [-3101.242243468564, 0.00037647265396309807, 3102.214186315321]}}, "dram": {"All_Weights": {"Categorical_Variables": {}, "Numerical_Variables": {"cache_miss": {"scale": 63603973.0}, "cpu_cycles": {"scale": 139277196.0}, "cpu_instructions": {"scale": 254515913.66666666}}, "CurveFit_Weights": [0.0, 1.0, 0.0]}}}