{"package": {"model_file": "package.json", "features": ["bpf_block_irq", "bpf_cpu_time_ms", "bpf_net_rx_irq", "bpf_net_tx_irq", "bpf_page_cache_hit"], "fe_files": ["scaler.pkl"]}, "core": {"model_file": "core.json", "features": ["bpf_block_irq", "bpf_cpu_time_ms", "bpf_net_rx_irq", "bpf_net_tx_irq", "bpf_page_cache_hit"], "fe_files": ["scaler.pkl"]}, "uncore": {"model_file": "uncore.json", "features": ["bpf_block_irq", "bpf_cpu_time_ms", "bpf_net_rx_irq", "bpf_net_tx_irq", "bpf_page_cache_hit"], "fe_files": ["scaler.pkl"]}, "dram": {"model_file": "dram.json", "features": ["bpf_block_irq", "bpf_cpu_time_ms", "bpf_net_rx_irq", "bpf_net_tx_irq", "bpf_page_cache_hit"], "fe_files": ["scaler.pkl"]}}