{"learner":{"attributes":{"scikit_learn":"{\"_estimator_type\": \"regressor\"}"},"feature_names":[],"feature_types":[],"gradient_booster":{"model":{"gbtree_model_param":{"num_parallel_tree":"1","num_trees":"100"},"iteration_indptr":[0,1,2,3,4,5,6,7,8,9,10,11,12,13,14,15,16,17,18,19,20,21,22,23,24,25,26,27,28,29,30,31,32,33,34,35,36,37,38,39,40,41,42,43,44,45,46,47,48,49,50,51,52,53,54,55,56,57,58,59,60,61,62,63,64,65,66,67,68,69,70,71,72,73,74,75,76,77,78,79,80,81,82,83,84,85,86,87,88,89,90,91,92,93,94,95,96,97,98,99,100],"tree_info":[0,0,0,0,0,0,0,0,0,0,0,0,0,0,0,0,0,0,0,0,0,0,0,0,0,0,0,0,0,0,0,0,0,0,0,0,0,0,0,0,0,0,0,0,0,0,0,0,0,0,0,0,0,0,0,0,0,0,0,0,0,0,0,0,0,0,0,0,0,0,0,0,0,0,0,0,0,0,0,0,0,0,0,0,0,0,0,0,0,0,0,0,0,0,0,0,0,0,0,0],"trees":[{"base_weights":[-6.1035157E-6,-1.3797778E1,1.14981476E2,2.6888885E0,1.2722221E1],"categories":[],"categories_nodes":[],"categories_segments":[],"categories_sizes":[],"default_left":[0,0,0,0,0],"id":0,"left_children":[1,-1,3,-1,-1],"loss_changes":[1.7451378E5,0E0,3.0490469E3,0E0,0E0],"parents":[2147483647,0,0,2,2],"right_children":[2,-1,4,-1,-1],"split_conditions":[5.024596E-1,-1.3797778E1,6.017341E-1,2.6888885E0,1.2722221E1],"split_indices":[0,0,0,0,0],"split_type":[0,0,0,0,0],"sum_hessian":[9E0,4E0,5E0,1E0,4E0],"tree_param":{"num_deleted":"0","num_feature":"2","num_nodes":"5","size_leaf_vector":"1"}},{"base_weights":[1.6132812E-1,-1.2693955E1,1.0605184E2,2.5544434E0,1.1704444E1],"categories":[],"categories_nodes":[],"categories_segments":[],"categories_sizes":[],"default_left":[0,0,0,0,0],"id":1,"left_children":[1,-1,3,-1,-1],"loss_changes":[1.4804994E5,0E0,2.320086E3,0E0,0E0],"parents":[2147483647,0,0,2,2],"right_children":[2,-1,4,-1,-1],"split_conditions":[5.024596E-1,-1.2693955E1,6.017341E-1,2.5544434E0,1.1704444E1],"split_indices":[0,0,0,0,0],"split_type":[0,0,0,0,0],"sum_hessian":[9E0,4E0,5E0,1E0,4E0],"tree_param":{"num_deleted":"0","num_feature":"2","num_nodes":"5","size_leaf_vector":"1"}},{"base_weights":[3.0169678E-1,-1.1678438E1,9.782314E1,2.4267213E0,1.0768088E1],"categories":[],"categories_nodes":[],"categories_segments":[],"categories_sizes":[],"default_left":[0,0,0,0,0],"id":2,"left_children":[1,-1,3,-1,-1],"loss_changes":[1.2560824E5,0E0,1.737457E3,0E0,0E0],"parents":[2147483647,0,0,2,2],"right_children":[2,-1,4,-1,-1],"split_conditions":[5.024596E-1,-1.1678438E1,6.017341E-1,2.4267213E0,1.0768088E1],"split_indices":[0,0,0,0,0],"split_type":[0,0,0,0,0],"sum_hessian":[9E0,4E0,5E0,1E0,4E0],"tree_param":{"num_deleted":"0","num_feature":"2","num_nodes":"5","size_leaf_vector":"1"}},{"base_weights":[4.2315978E-1,-1.0744163E1,9.023995E1,2.3053849E0,9.906641E0],"categories":[],"categories_nodes":[],"categories_segments":[],"categories_sizes":[],"default_left":[0,0,0,0,0],"id":3,"left_children":[1,-1,3,-1,-1],"loss_changes":[1.0657622E5,0E0,1.2742305E3,0E0,0E0],"parents":[2147483647,0,0,2,2],"right_children":[2,-1,4,-1,-1],"split_conditions":[5.024596E-1,-1.0744163E1,6.017341E-1,2.3053849E0,9.906641E0],"split_indices":[0,0,0,0,0],"split_type":[0,0,0,0,0],"sum_hessian":[9E0,4E0,5E0,1E0,4E0],"tree_param":{"num_deleted":"0","num_feature":"2","num_nodes":"5","size_leaf_vector":"1"}},{"base_weights":[5.276306E-1,-9.884629E0,8.325129E1,2.1901155E0,9.114109E0],"categories":[],"categories_nodes":[],"categories_segments":[],"categories_sizes":[],"default_left":[0,0,0,0,0],"id":4,"left_children":[1,-1,3,-1,-1],"loss_changes":[9.043483E4,0E0,9.0814453E2,0E0,0E0],"parents":[2147483647,0,0,2,2],"right_children":[2,-1,4,-1,-1],"split_conditions":[5.024596E-1,-9.884629E0,6.017341E-1,2.1901155E0,9.114109E0],"split_indices":[0,0,0,0,0],"split_type":[0,0,0,0,0],"sum_hessian":[9E0,4E0,5E0,1E0,4E0],"tree_param":{"num_deleted":"0","num_feature":"2","num_nodes":"5","size_leaf_vector":"1"}},{"base_weights":[6.168335E-1,-9.093858E0,7.68102E1,2.080609E0,8.384981E0],"categories":[],"categories_nodes":[],"categories_segments":[],"categories_sizes":[],"default_left":[0,0,0,0,0],"id":5,"left_children":[1,-1,3,-1,-1],"loss_changes":[7.674416E4,0E0,6.2089453E2,0E0,0E0],"parents":[2147483647,0,0,2,2],"right_children":[2,-1,4,-1,-1],"split_conditions":[5.024596E-1,-9.093858E0,6.017341E-1,2.080609E0,8.384981E0],"split_indices":[0,0,0,0,0],"split_type":[0,0,0,0,0],"sum_hessian":[9E0,4E0,5E0,1E0,4E0],"tree_param":{"num_deleted":"0","num_feature":"2","num_nodes":"5","size_leaf_vector":"1"}},{"base_weights":[6.9233096E-1,-8.366347E0,7.087345E1,1.9765793E0,7.7141824E0],"categories":[],"categories_nodes":[],"categories_segments":[],"categories_sizes":[],"default_left":[0,0,0,0,0],"id":6,"left_children":[1,-1,3,-1,-1],"loss_changes":[6.5131367E4,0E0,3.9740234E2,0E0,0E0],"parents":[2147483647,0,0,2,2],"right_children":[2,-1,4,-1,-1],"split_conditions":[5.024596E-1,-8.366347E0,6.017341E-1,1.9765793E0,7.7141824E0],"split_indices":[0,0,0,0,0],"split_type":[0,0,0,0,0],"sum_hessian":[9E0,4E0,5E0,1E0,4E0],"tree_param":{"num_deleted":"0","num_feature":"2","num_nodes":"5","size_leaf_vector":"1"}},{"base_weights":[7.555359E-1,-7.6970415E0,6.540124E1,1.8777497E0,7.0970483E0],"categories":[],"categories_nodes":[],"categories_segments":[],"categories_sizes":[],"default_left":[0,0,0,0,0],"id":7,"left_children":[1,-1,3,-1,-1],"loss_changes":[5.528044E4,0E0,2.2530664E2,0E0,0E0],"parents":[2147483647,0,0,2,2],"right_children":[2,-1,4,-1,-1],"split_conditions":[5.024596E-1,-7.6970415E0,6.017341E-1,1.8777497E0,7.0970483E0],"split_indices":[0,0,0,0,0],"split_type":[0,0,0,0,0],"sum_hessian":[9E0,4E0,5E0,1E0,4E0],"tree_param":{"num_deleted":"0","num_feature":"2","num_nodes":"5","size_leaf_vector":"1"}},{"base_weights":[8.077637E-1,-7.081277E1,6.0356915E1,-7.8199472E0,-2.063298E0,1.7838624E0,6.529285E0],"categories":[],"categories_nodes":[],"categories_segments":[],"categories_sizes":[],"default_left":[0,0,0,0,0,0,0],"id":8,"left_children":[1,3,5,-1,-1,-1,-1],"loss_changes":[4.692346E4,2.3982812E2,9.44707E1,0E0,0E0,0E0,0E0],"parents":[2147483647,0,0,1,1,2,2],"right_children":[2,4,6,-1,-1,-1,-1],"split_conditions":[5.024596E-1,3.0138972E-1,6.017341E-1,-7.8199472E0,-2.063298E0,1.7838624E0,6.529285E0],"split_indices":[0,0,0,0,0,0,0],"split_type":[0,0,0,0,0,0,0],"sum_hessian":[9E0,4E0,5E0,3E0,1E0,1E0,4E0],"tree_param":{"num_deleted":"0","num_feature":"2","num_nodes":"7","size_leaf_vector":"1"}},{"base_weights":[5.699707E-1,-6.5708145E1,5.570674E0,-7.2334514E0,-1.9601334E0],"categories":[],"categories_nodes":[],"categories_segments":[],"categories_sizes":[],"default_left":[0,0,0,0,0],"id":9,"left_children":[1,3,-1,-1,-1],"loss_changes":[4.0203992E4,1.0974805E2,0E0,0E0,0E0],"parents":[2147483647,0,0,1,1],"right_children":[2,4,-1,-1,-1],"split_conditions":[5.024596E-1,3.0138972E-1,5.570674E0,-7.2334514E0,-1.9601334E0],"split_indices":[0,0,0,0,0],"split_type":[0,0,0,0,0],"sum_hessian":[9E0,4E0,5E0,3E0,1E0],"tree_param":{"num_deleted":"0","num_feature":"2","num_nodes":"5","size_leaf_vector":"1"}},{"base_weights":[1.5067902E-1,-6.0976048E1,5.1064503E1,-6.6909423E0,-1.8621262E0,1.4161347E0,5.5612864E0],"categories":[],"categories_nodes":[],"categories_segments":[],"categories_sizes":[],"default_left":[0,0,0,0,0,0,0],"id":10,"left_children":[1,3,5,-1,-1,-1,-1],"loss_changes":[3.4235664E4,1.0597656E1,2.1954199E2,0E0,0E0,0E0,0E0],"parents":[2147483647,0,0,1,1,2,2],"right_children":[2,4,6,-1,-1,-1,-1],"split_conditions":[5.024596E-1,3.0138972E-1,6.017341E-1,-6.6909423E0,-1.8621262E0,1.4161347E0,5.5612864E0],"split_indices":[0,0,0,0,0,0,0],"split_type":[0,0,0,0,0,0,0],"sum_hessian":[9E0,4E0,5E0,3E0,1E0,1E0,4E0],"tree_param":{"num_deleted":"0","num_feature":"2","num_nodes":"7","size_leaf_vector":"1"}},{"base_weights":[-2.1949768E-2,-5.6589055E0,4.712096E1,1.3453277E0,5.116384E0],"categories":[],"categories_nodes":[],"categories_segments":[],"categories_sizes":[],"default_left":[0,0,0,0,0],"id":11,"left_children":[1,-1,3,-1,-1],"loss_changes":[2.933391E4,0E0,1.2836523E2,0E0,0E0],"parents":[2147483647,0,0,2,2],"right_children":[2,-1,4,-1,-1],"split_conditions":[5.024596E-1,-5.6589055E0,6.017341E-1,1.3453277E0,5.116384E0],"split_indices":[0,0,0,0,0],"split_type":[0,0,0,0,0],"sum_hessian":[9E0,4E0,5E0,1E0,4E0],"tree_param":{"num_deleted":"0","num_feature":"2","num_nodes":"5","size_leaf_vector":"1"}},{"base_weights":[6.0520936E-2,-5.2061928E1,4.348581E1,-6.357515E0,-2.319474E0,1.2780609E0,4.7070727E0],"categories":[],"categories_nodes":[],"categories_segments":[],"categories_sizes":[],"default_left":[0,0,0,0,0,0,0],"id":12,"left_children":[1,3,5,-1,-1,-1,-1],"loss_changes":[2.489828E4,1.8716309E2,5.886133E1,0E0,0E0,0E0,0E0],"parents":[2147483647,0,0,1,1,2,2],"right_children":[2,4,6,-1,-1,-1,-1],"split_conditions":[5.024596E-1,2.0097321E-1,6.017341E-1,-6.357515E0,-2.319474E0,1.2780609E0,4.7070727E0],"split_indices":[0,0,0,0,0,0,0],"split_type":[0,0,0,0,0,0,0],"sum_hessian":[9E0,4E0,5E0,2E0,2E0,1E0,4E0],"tree_param":{"num_deleted":"0","num_feature":"2","num_nodes":"7","size_leaf_vector":"1"}},{"base_weights":[-2.1471405E-1,-4.8591133E1,4.0134754E1,-5.388841E0,-1.3701012E0,1.2141571E0,4.3305078E0],"categories":[],"categories_nodes":[],"categories_segments":[],"categories_sizes":[],"default_left":[0,0,0,0,0,0,0],"id":13,"left_children":[1,3,5,-1,-1,-1,-1],"loss_changes":[2.1469824E4,1.8578711E2,6.6933594E0,0E0,0E0,0E0,0E0],"parents":[2147483647,0,0,1,1,2,2],"right_children":[2,4,6,-1,-1,-1,-1],"split_conditions":[5.024596E-1,3.0138972E-1,6.017341E-1,-5.388841E0,-1.3701012E0,1.2141571E0,4.3305078E0],"split_indices":[0,0,0,0,0,0,0],"split_type":[0,0,0,0,0,0,0],"sum_hessian":[9E0,4E0,5E0,3E0,1E0,1E0,4E0],"tree_param":{"num_deleted":"0","num_feature":"2","num_nodes":"7","size_leaf_vector":"1"}},{"base_weights":[-3.1467134E-1,-4.508381E1,3.704539E0,-5.5744243E0,-1.9395441E0],"categories":[],"categories_nodes":[],"categories_segments":[],"categories_sizes":[],"default_left":[0,0,0,0,0],"id":14,"left_children":[1,3,-1,-1,-1],"loss_changes":[1.8395924E4,2.8806152E2,0E0,0E0,0E0],"parents":[2147483647,0,0,1,1],"right_children":[2,4,-1,-1,-1],"split_conditions":[5.024596E-1,2.0097321E-1,3.704539E0,-5.5744243E0,-1.9395441E0],"split_indices":[0,0,0,0,0],"split_type":[0,0,0,0,0],"sum_hessian":[9E0,4E0,5E0,2E0,2E0],"tree_param":{"num_deleted":"0","num_feature":"2","num_nodes":"5","size_leaf_vector":"1"}},{"base_weights":[-6.641434E-1,-4.2078224E1,3.3958282E1,-5.2027965E0,-1.8102411E0,9.682221E-1,3.6877053E0],"categories":[],"categories_nodes":[],"categories_segments":[],"categories_sizes":[],"default_left":[0,0,0,0,0,0,0],"id":15,"left_children":[1,3,5,-1,-1,-1,-1],"loss_changes":[1.5767464E4,2.5093457E2,6.808545E1,0E0,0E0,0E0,0E0],"parents":[2147483647,0,0,1,1,2,2],"right_children":[2,4,6,-1,-1,-1,-1],"split_conditions":[5.024596E-1,2.0097321E-1,6.017341E-1,-5.2027965E0,-1.8102411E0,9.682221E-1,3.6877053E0],"split_indices":[0,0,0,0,0,0,0],"split_type":[0,0,0,0,0,0,0],"sum_hessian":[9E0,4E0,5E0,2E0,2E0,1E0,4E0],"tree_param":{"num_deleted":"0","num_feature":"2","num_nodes":"7","size_leaf_vector":"1"}},{"base_weights":[-8.334457E-1,-3.9273014E1,3.1338434E1,-4.8559437E0,-1.6895584E0,9.198105E-1,3.392688E0],"categories":[],"categories_nodes":[],"categories_segments":[],"categories_sizes":[],"default_left":[0,0,0,0,0,0,0],"id":16,"left_children":[1,3,5,-1,-1,-1,-1],"loss_changes":[1.3597487E4,2.185918E2,3.1791016E1,0E0,0E0,0E0,0E0],"parents":[2147483647,0,0,1,1,2,2],"right_children":[2,4,6,-1,-1,-1,-1],"split_conditions":[5.024596E-1,2.0097321E-1,6.017341E-1,-4.8559437E0,-1.6895584E0,9.198105E-1,3.392688E0],"split_indices":[0,0,0,0,0,0,0],"split_type":[0,0,0,0,0,0,0],"sum_hessian":[9E0,4E0,5E0,2E0,2E0,1E0,4E0],"tree_param":{"num_deleted":"0","num_feature":"2","num_nodes":"7","size_leaf_vector":"1"}},{"base_weights":[-9.734055E-1,-3.665481E1,2.8923334E1,-4.5322146E0,-1.5769211E0,8.738205E-1,3.1212718E0],"categories":[],"categories_nodes":[],"categories_segments":[],"categories_sizes":[],"default_left":[0,0,0,0,0,0,0],"id":17,"left_children":[1,3,5,-1,-1,-1,-1],"loss_changes":[1.1727757E4,1.9041797E2,4.525879E0,0E0,0E0,0E0,0E0],"parents":[2147483647,0,0,1,1,2,2],"right_children":[2,4,6,-1,-1,-1,-1],"split_conditions":[5.024596E-1,2.0097321E-1,6.017341E-1,-4.5322146E0,-1.5769211E0,8.738205E-1,3.1212718E0],"split_indices":[0,0,0,0,0,0,0],"split_type":[0,0,0,0,0,0,0],"sum_hessian":[9E0,4E0,5E0,2E0,2E0,1E0,4E0],"tree_param":{"num_deleted":"0","num_feature":"2","num_nodes":"7","size_leaf_vector":"1"}},{"base_weights":[-1.087471E0,-3.421116E1,2.669685E0,-4.2300673E0,-1.471793E0],"categories":[],"categories_nodes":[],"categories_segments":[],"categories_sizes":[],"default_left":[0,0,0,0,0],"id":18,"left_children":[1,3,-1,-1,-1],"loss_changes":[1.0116521E4,1.65875E2,0E0,0E0,0E0],"parents":[2147483647,0,0,1,1],"right_children":[2,4,-1,-1,-1],"split_conditions":[5.024596E-1,2.0097321E-1,2.669685E0,-4.2300673E0,-1.471793E0],"split_indices":[0,0,0,0,0],"split_type":[0,0,0,0,0],"sum_hessian":[9E0,4E0,5E0,2E0,2E0],"tree_param":{"num_deleted":"0","num_feature":"2","num_nodes":"5","size_leaf_vector":"1"}},{"base_weights":[-1.2819382E0,-3.1930416E1,2.4472116E1,-3.9480622E0,-1.373674E0,6.9664615E-1,2.6579957E0],"categories":[],"categories_nodes":[],"categories_segments":[],"categories_sizes":[],"default_left":[0,0,0,0,0,0,0],"id":19,"left_children":[1,3,5,-1,-1,-1,-1],"loss_changes":[8.674631E3,1.444956E2,3.6226562E1,0E0,0E0,0E0,0E0],"parents":[2147483647,0,0,1,1,2,2],"right_children":[2,4,6,-1,-1,-1,-1],"split_conditions":[5.024596E-1,2.0097321E-1,6.017341E-1,-3.9480622E0,-1.373674E0,6.9664615E-1,2.6579957E0],"split_indices":[0,0,0,0,0,0,0],"split_type":[0,0,0,0,0,0,0],"sum_hessian":[9E0,4E0,5E0,2E0,2E0,1E0,4E0],"tree_param":{"num_deleted":"0","num_feature":"2","num_nodes":"7","size_leaf_vector":"1"}},{"base_weights":[-1.3504531E0,-2.9801723E1,2.2584015E1,-4.2386436E0,-1.6058937E0,6.618134E-1,2.4453564E0],"categories":[],"categories_nodes":[],"categories_segments":[],"categories_sizes":[],"default_left":[0,0,0,0,0,0,0],"id":20,"left_children":[1,3,5,-1,-1,-1,-1],"loss_changes":[7.482703E3,1.8406396E2,1.725708E1,0E0,0E0,0E0,0E0],"parents":[2147483647,0,0,1,1,2,2],"right_children":[2,4,6,-1,-1,-1,-1],"split_conditions":[5.024596E-1,1.00676894E-1,6.017341E-1,-4.2386436E0,-1.6058937E0,6.618134E-1,2.4453564E0],"split_indices":[0,0,0,0,0,0,0],"split_type":[0,0,0,0,0,0,0],"sum_hessian":[9E0,4E0,5E0,1E0,3E0,1E0,4E0],"tree_param":{"num_deleted":"0","num_feature":"2","num_nodes":"7","size_leaf_vector":"1"}},{"base_weights":[-1.4891373E0,-2.7990458E1,2.0843485E1,-4.0267115E0,-1.4854516E0,6.2872314E-1,2.249729E0],"categories":[],"categories_nodes":[],"categories_segments":[],"categories_sizes":[],"default_left":[0,0,0,0,0,0,0],"id":21,"left_children":[1,3,5,-1,-1,-1,-1],"loss_changes":[6.501859E3,2.0817822E2,2.9934082E0,0E0,0E0,0E0,0E0],"parents":[2147483647,0,0,1,1,2,2],"right_children":[2,4,6,-1,-1,-1,-1],"split_conditions":[5.024596E-1,1.00676894E-1,6.017341E-1,-4.0267115E0,-1.4854516E0,6.2872314E-1,2.249729E0],"split_indices":[0,0,0,0,0,0,0],"split_type":[0,0,0,0,0,0,0],"sum_hessian":[9E0,4E0,5E0,1E0,3E0,1E0,4E0],"tree_param":{"num_deleted":"0","num_feature":"2","num_nodes":"7","size_leaf_vector":"1"}},{"base_weights":[-1.6035904E0,-2.6293839E1,1.9238882E0,-3.8253753E0,-1.3740422E0],"categories":[],"categories_nodes":[],"categories_segments":[],"categories_sizes":[],"default_left":[0,0,0,0,0],"id":22,"left_children":[1,3,-1,-1,-1],"loss_changes":[5.651922E3,2.250664E2,0E0,0E0,0E0],"parents":[2147483647,0,0,1,1],"right_children":[2,4,-1,-1,-1],"split_conditions":[5.024596E-1,1.00676894E-1,1.9238882E0,-3.8253753E0,-1.3740422E0],"split_indices":[0,0,0,0,0],"split_type":[0,0,0,0,0],"sum_hessian":[9E0,4E0,5E0,1E0,3E0],"tree_param":{"num_deleted":"0","num_feature":"2","num_nodes":"5","size_leaf_vector":"1"}},{"base_weights":[-1.7707856E0,-2.470434E1,1.7635641E1,-3.6341064E0,-1.2709893E0,5.0109255E-1,1.9158398E0],"categories":[],"categories_nodes":[],"categories_segments":[],"categories_sizes":[],"default_left":[0,0,0,0,0,0,0],"id":23,"left_children":[1,3,5,-1,-1,-1,-1],"loss_changes":[4.88626E3,2.359895E2,1.934497E1,0E0,0E0,0E0,0E0],"parents":[2147483647,0,0,1,1,2,2],"right_children":[2,4,6,-1,-1,-1,-1],"split_conditions":[5.024596E-1,1.00676894E-1,6.017341E-1,-3.6341064E0,-1.2709893E0,5.0109255E-1,1.9158398E0],"split_indices":[0,0,0,0,0,0,0],"split_type":[0,0,0,0,0,0,0],"sum_hessian":[9E0,4E0,5E0,1E0,3E0,1E0,4E0],"tree_param":{"num_deleted":"0","num_feature":"2","num_nodes":"7","size_leaf_vector":"1"}},{"base_weights":[-1.8425186E0,-2.321492E1,1.6274902E1,-3.452401E0,-1.1756645E0,4.760376E-1,1.7625732E0],"categories":[],"categories_nodes":[],"categories_segments":[],"categories_sizes":[],"default_left":[0,0,0,0,0,0,0],"id":24,"left_children":[1,3,5,-1,-1,-1,-1],"loss_changes":[4.2499487E3,2.4202661E2,9.419922E0,0E0,0E0,0E0,0E0],"parents":[2147483647,0,0,1,1,2,2],"right_children":[2,4,6,-1,-1,-1,-1],"split_conditions":[5.024596E-1,1.00676894E-1,6.017341E-1,-3.452401E0,-1.1756645E0,4.760376E-1,1.7625732E0],"split_indices":[0,0,0,0,0,0,0],"split_type":[0,0,0,0,0,0,0],"sum_hessian":[9E0,4E0,5E0,1E0,3E0,1E0,4E0],"tree_param":{"num_deleted":"0","num_feature":"2","num_nodes":"7","size_leaf_vector":"1"}},{"base_weights":[-1.8972137E0,-2.1819042E1,1.5020513E1,-3.2797806E0,-1.0874901E0,6.6881007E-1,1.7514695E0],"categories":[],"categories_nodes":[],"categories_segments":[],"categories_sizes":[],"default_left":[0,0,0,0,0,0,0],"id":25,"left_children":[1,3,5,-1,-1,-1,-1],"loss_changes":[3.6980537E3,2.4409302E2,7.555298E0,0E0,0E0,0E0,0E0],"parents":[2147483647,0,0,1,1,2,2],"right_children":[2,4,6,-1,-1,-1,-1],"split_conditions":[5.024596E-1,1.00676894E-1,7.0394593E-1,-3.2797806E0,-1.0874901E0,6.6881007E-1,1.7514695E0],"split_indices":[0,0,0,0,0,0,0],"split_type":[0,0,0,0,0,0,0],"sum_hessian":[9E0,4E0,5E0,1E0,3E0,2E0,3E0],"tree_param":{"num_deleted":"0","num_feature":"2","num_nodes":"7","size_leaf_vector":"1"}},{"base_weights":[-1.9021912E0,-2.051059E1,1.392184E1,-3.1157913E0,-1.005928E0,6.242218E-1,1.6201096E0],"categories":[],"categories_nodes":[],"categories_segments":[],"categories_sizes":[],"default_left":[0,0,0,0,0,0,0],"id":26,"left_children":[1,3,5,-1,-1,-1,-1],"loss_changes":[3.2301438E3,2.4296631E2,3.892212E0,0E0,0E0,0E0,0E0],"parents":[2147483647,0,0,1,1,2,2],"right_children":[2,4,6,-1,-1,-1,-1],"split_conditions":[5.024596E-1,1.00676894E-1,7.0394593E-1,-3.1157913E0,-1.005928E0,6.242218E-1,1.6201096E0],"split_indices":[0,0,0,0,0,0,0],"split_type":[0,0,0,0,0,0,0],"sum_hessian":[9E0,4E0,5E0,1E0,3E0,2E0,3E0],"tree_param":{"num_deleted":"0","num_feature":"2","num_nodes":"7","size_leaf_vector":"1"}},{"base_weights":[-1.8997132E0,-1.9283875E1,1.2903707E1,-2.9600022E0,-9.304833E-1,3.875824E-1,1.3934119E0],"categories":[],"categories_nodes":[],"categories_segments":[],"categories_sizes":[],"default_left":[0,0,0,0,0,0,0],"id":27,"left_children":[1,3,5,-1,-1,-1,-1],"loss_changes":[2.822284E3,2.3930298E2,1.8084106E0,0E0,0E0,0E0,0E0],"parents":[2147483647,0,0,1,1,2,2],"right_children":[2,4,6,-1,-1,-1,-1],"split_conditions":[5.024596E-1,1.00676894E-1,6.017341E-1,-2.9600022E0,-9.304833E-1,3.875824E-1,1.3934119E0],"split_indices":[0,0,0,0,0,0,0],"split_type":[0,0,0,0,0,0,0],"sum_hessian":[9E0,4E0,5E0,1E0,3E0,1E0,4E0],"tree_param":{"num_deleted":"0","num_feature":"2","num_nodes":"7","size_leaf_vector":"1"}},{"base_weights":[-1.9206864E0,-1.8133585E1,1.1910176E1,-2.812002E0,-8.606972E-1,5.232412E-1,1.3940957E0],"categories":[],"categories_nodes":[],"categories_segments":[],"categories_sizes":[],"default_left":[0,0,0,0,0,0,0],"id":28,"left_children":[1,3,5,-1,-1,-1,-1],"loss_changes":[2.458358E3,2.3365625E2,8.42157E0,0E0,0E0,0E0,0E0],"parents":[2147483647,0,0,1,1,2,2],"right_children":[2,4,6,-1,-1,-1,-1],"split_conditions":[5.024596E-1,1.00676894E-1,7.0394593E-1,-2.812002E0,-8.606972E-1,5.232412E-1,1.3940957E0],"split_indices":[0,0,0,0,0,0,0],"split_type":[0,0,0,0,0,0,0],"sum_hessian":[9E0,4E0,5E0,1E0,3E0,2E0,3E0],"tree_param":{"num_deleted":"0","num_feature":"2","num_nodes":"7","size_leaf_vector":"1"}},{"base_weights":[-1.904158E0,-1.7054764E1,1.1038707E1,-2.671402E0,-7.961445E-1,4.8835754E-1,1.2895378E0],"categories":[],"categories_nodes":[],"categories_segments":[],"categories_sizes":[],"default_left":[0,0,0,0,0,0,0],"id":29,"left_children":[1,3,5,-1,-1,-1,-1],"loss_changes":[2.149185E3,2.2649133E2,5.5927734E0,0E0,0E0,0E0,0E0],"parents":[2147483647,0,0,1,1,2,2],"right_children":[2,4,6,-1,-1,-1,-1],"split_conditions":[5.024596E-1,1.00676894E-1,7.0394593E-1,-2.671402E0,-7.961445E-1,4.8835754E-1,1.2895378E0],"split_indices":[0,0,0,0,0,0,0],"split_type":[0,0,0,0,0,0,0],"sum_hessian":[9E0,4E0,5E0,1E0,3E0,2E0,3E0],"tree_param":{"num_deleted":"0","num_feature":"2","num_nodes":"7","size_leaf_vector":"1"}},{"base_weights":[-1.8827118E0,-1.6042797E1,1.0231145E1,-2.537832E0,-7.364338E-1,4.5580038E-1,1.1928215E0],"categories":[],"categories_nodes":[],"categories_segments":[],"categories_sizes":[],"default_left":[0,0,0,0,0,0,0],"id":30,"left_children":[1,3,5,-1,-1,-1,-1],"loss_changes":[1.8794688E3,2.1819519E2,3.397461E0,0E0,0E0,0E0,0E0],"parents":[2147483647,0,0,1,1,2,2],"right_children":[2,4,6,-1,-1,-1,-1],"split_conditions":[5.024596E-1,1.00676894E-1,7.0394593E-1,-2.537832E0,-7.364338E-1,4.5580038E-1,1.1928215E0],"split_indices":[0,0,0,0,0,0,0],"split_type":[0,0,0,0,0,0,0],"sum_hessian":[9E0,4E0,5E0,1E0,3E0,2E0,3E0],"tree_param":{"num_deleted":"0","num_feature":"2","num_nodes":"7","size_leaf_vector":"1"}},{"base_weights":[-1.8570038E0,-1.7906471E1,7.5794067E0,-2.4109406E0,-7.802358E-1,-1.9204865E-1,9.482803E0,4.2541298E-1,1.1033608E0],"categories":[],"categories_nodes":[],"categories_segments":[],"categories_sizes":[],"default_left":[0,0,0,0,0,0,0,0,0],"id":31,"left_children":[1,3,5,-1,-1,-1,7,-1,-1],"loss_changes":[1.6502141E3,6.2590332E1,1.4478601E2,0E0,0E0,0E0,1.713501E0,0E0,0E0],"parents":[2147483647,0,0,1,1,2,2,6,6],"right_children":[2,4,6,-1,-1,-1,8,-1,-1],"split_conditions":[3.0138972E-1,1.00676894E-1,5.024596E-1,-2.4109406E0,-7.802358E-1,-1.9204865E-1,7.0394593E-1,4.2541298E-1,1.1033608E0],"split_indices":[0,0,0,0,0,0,0,0,0],"split_type":[0,0,0,0,0,0,0,0,0],"sum_hessian":[9E0,3E0,6E0,1E0,2E0,1E0,5E0,2E0,3E0],"tree_param":{"num_deleted":"0","num_feature":"2","num_nodes":"9","size_leaf_vector":"1"}},{"base_weights":[-1.8567489E0,-1.6913616E1,7.012425E0,-2.2903938E0,-7.282196E-1,-1.8244629E-1,8.789317E0,3.9705202E-1,1.0206085E0],"categories":[],"categories_nodes":[],"categories_segments":[],"categories_sizes":[],"default_left":[0,0,0,0,0,0,0,0,0],"id":32,"left_children":[1,3,5,-1,-1,-1,7,-1,-1],"loss_changes":[1.4540251E3,6.3990356E1,1.2595114E2,0E0,0E0,0E0,4.392395E-1,0E0,0E0],"parents":[2147483647,0,0,1,1,2,2,6,6],"right_children":[2,4,6,-1,-1,-1,8,-1,-1],"split_conditions":[3.0138972E-1,1.00676894E-1,5.024596E-1,-2.2903938E0,-7.282196E-1,-1.8244629E-1,7.0394593E-1,3.9705202E-1,1.0206085E0],"split_indices":[0,0,0,0,0,0,0,0,0],"split_type":[0,0,0,0,0,0,0,0,0],"sum_hessian":[9E0,3E0,6E0,1E0,2E0,1E0,5E0,2E0,3E0],"tree_param":{"num_deleted":"0","num_feature":"2","num_nodes":"9","size_leaf_vector":"1"}},{"base_weights":[-1.8494126E0,-1.5976906E1,6.487643E0,-2.1758745E0,-6.796712E-1,-1.7332383E-1,8.146663E-1],"categories":[],"categories_nodes":[],"categories_segments":[],"categories_sizes":[],"default_left":[0,0,0,0,0,0,0],"id":33,"left_children":[1,3,5,-1,-1,-1,-1],"loss_changes":[1.2814694E3,6.44256E1,1.0959036E2,0E0,0E0,0E0,0E0],"parents":[2147483647,0,0,1,1,2,2],"right_children":[2,4,6,-1,-1,-1,-1],"split_conditions":[3.0138972E-1,1.00676894E-1,5.024596E-1,-2.1758745E0,-6.796712E-1,-1.7332383E-1,8.146663E-1],"split_indices":[0,0,0,0,0,0,0],"split_type":[0,0,0,0,0,0,0],"sum_hessian":[9E0,3E0,6E0,1E0,2E0,1E0,5E0],"tree_param":{"num_deleted":"0","num_feature":"2","num_nodes":"7","size_leaf_vector":"1"}},{"base_weights":[-1.8858917E0,-1.50931015E1,5.9304986E0,-2.0670807E0,-6.343598E-1,-1.646576E-1,7.4677734E0,3.1626996E-1,8.829636E-1],"categories":[],"categories_nodes":[],"categories_segments":[],"categories_sizes":[],"default_left":[0,0,0,0,0,0,0,0,0],"id":34,"left_children":[1,3,5,-1,-1,-1,7,-1,-1],"loss_changes":[1.1218367E3,6.408136E1,9.383258E1,0E0,0E0,0E0,7.252014E0,0E0,0E0],"parents":[2147483647,0,0,1,1,2,2,6,6],"right_children":[2,4,6,-1,-1,-1,8,-1,-1],"split_conditions":[3.0138972E-1,1.00676894E-1,5.024596E-1,-2.0670807E0,-6.343598E-1,-1.646576E-1,7.0394593E-1,3.1626996E-1,8.829636E-1],"split_indices":[0,0,0,0,0,0,0,0,0],"split_type":[0,0,0,0,0,0,0,0,0],"sum_hessian":[9E0,3E0,6E0,1E0,2E0,1E0,5E0,2E0,3E0],"tree_param":{"num_deleted":"0","num_feature":"2","num_nodes":"9","size_leaf_vector":"1"}},{"base_weights":[-1.8639939E0,-1.4259155E1,5.4852405E0,-1.9637269E0,-5.920695E-1,-1.5642472E-1,6.9208627E0,2.9518434E-1,8.1674117E-1],"categories":[],"categories_nodes":[],"categories_segments":[],"categories_sizes":[],"default_left":[0,0,0,0,0,0,0,0,0],"id":35,"left_children":[1,3,5,-1,-1,-1,7,-1,-1],"loss_changes":[9.891643E2,6.311444E1,8.166875E1,0E0,0E0,0E0,5.5765686E0,0E0,0E0],"parents":[2147483647,0,0,1,1,2,2,6,6],"right_children":[2,4,6,-1,-1,-1,8,-1,-1],"split_conditions":[3.0138972E-1,1.00676894E-1,5.024596E-1,-1.9637269E0,-5.920695E-1,-1.5642472E-1,7.0394593E-1,2.9518434E-1,8.1674117E-1],"split_indices":[0,0,0,0,0,0,0,0,0],"split_type":[0,0,0,0,0,0,0,0,0],"sum_hessian":[9E0,3E0,6E0,1E0,2E0,1E0,5E0,2E0,3E0],"tree_param":{"num_deleted":"0","num_feature":"2","num_nodes":"9","size_leaf_vector":"1"}},{"base_weights":[-1.8376267E0,-1.3472187E1,5.0732117E0,-1.8655404E0,-5.5259806E-1,-1.4860383E-1,6.414093E0,2.7550456E-1,7.5548553E-1],"categories":[],"categories_nodes":[],"categories_segments":[],"categories_sizes":[],"default_left":[0,0,0,0,0,0,0,0,0],"id":36,"left_children":[1,3,5,-1,-1,-1,7,-1,-1],"loss_changes":[8.723929E2,6.1658264E1,7.109781E1,0E0,0E0,0E0,4.230667E0,0E0,0E0],"parents":[2147483647,0,0,1,1,2,2,6,6],"right_children":[2,4,6,-1,-1,-1,8,-1,-1],"split_conditions":[3.0138972E-1,1.00676894E-1,5.024596E-1,-1.8655404E0,-5.5259806E-1,-1.4860383E-1,7.0394593E-1,2.7550456E-1,7.5548553E-1],"split_indices":[0,0,0,0,0,0,0,0,0],"split_type":[0,0,0,0,0,0,0,0,0],"sum_hessian":[9E0,3E0,6E0,1E0,2E0,1E0,5E0,2E0,3E0],"tree_param":{"num_deleted":"0","num_feature":"2","num_nodes":"9","size_leaf_vector":"1"}},{"base_weights":[-1.8074433E0,-1.2729504E1,4.6919403E0,-1.7722634E0,-5.157583E-1,-1.4117356E-1,5.944509E0,2.5713703E-1,6.988236E-1],"categories":[],"categories_nodes":[],"categories_segments":[],"categories_sizes":[],"default_left":[0,0,0,0,0,0,0,0,0],"id":37,"left_children":[1,3,5,-1,-1,-1,7,-1,-1],"loss_changes":[7.695927E2,5.98244E1,6.190898E1,0E0,0E0,0E0,3.1544647E0,0E0,0E0],"parents":[2147483647,0,0,1,1,2,2,6,6],"right_children":[2,4,6,-1,-1,-1,8,-1,-1],"split_conditions":[3.0138972E-1,1.00676894E-1,5.024596E-1,-1.7722634E0,-5.157583E-1,-1.4117356E-1,7.0394593E-1,2.5713703E-1,6.988236E-1],"split_indices":[0,0,0,0,0,0,0,0,0],"split_type":[0,0,0,0,0,0,0,0,0],"sum_hessian":[9E0,3E0,6E0,1E0,2E0,1E0,5E0,2E0,3E0],"tree_param":{"num_deleted":"0","num_feature":"2","num_nodes":"9","size_leaf_vector":"1"}},{"base_weights":[-1.7740219E0,-1.2028557E1,4.339144E0,-1.6836503E0,-4.813741E-1,-1.3411485E-1,5.509384E0,2.3999432E-1,6.464119E-1],"categories":[],"categories_nodes":[],"categories_segments":[],"categories_sizes":[],"default_left":[0,0,0,0,0,0,0,0,0],"id":38,"left_children":[1,3,5,-1,-1,-1,7,-1,-1],"loss_changes":[6.790703E2,5.7707214E1,5.392003E1,0E0,0E0,0E0,2.2986298E0,0E0,0E0],"parents":[2147483647,0,0,1,1,2,2,6,6],"right_children":[2,4,6,-1,-1,-1,8,-1,-1],"split_conditions":[3.0138972E-1,1.00676894E-1,5.024596E-1,-1.6836503E0,-4.813741E-1,-1.3411485E-1,7.0394593E-1,2.3999432E-1,6.464119E-1],"split_indices":[0,0,0,0,0,0,0,0,0],"split_type":[0,0,0,0,0,0,0,0,0],"sum_hessian":[9E0,3E0,6E0,1E0,2E0,1E0,5E0,2E0,3E0],"tree_param":{"num_deleted":"0","num_feature":"2","num_nodes":"9","size_leaf_vector":"1"}},{"base_weights":[-1.7378967E0,-1.1366959E1,4.0126953E0,-1.5994675E0,-4.4928285E-1,-1.2740937E-1,5.106176E0,1.4376985E-1,5.552332E-1],"categories":[],"categories_nodes":[],"categories_segments":[],"categories_sizes":[],"default_left":[0,0,0,0,0,0,0,0,0],"id":39,"left_children":[1,3,5,-1,-1,-1,7,-1,-1],"loss_changes":[5.993402E2,5.5384766E1,4.6972755E1,0E0,0E0,0E0,1.8377075E0,0E0,0E0],"parents":[2147483647,0,0,1,1,2,2,6,6],"right_children":[2,4,6,-1,-1,-1,8,-1,-1],"split_conditions":[3.0138972E-1,1.00676894E-1,5.024596E-1,-1.5994675E0,-4.4928285E-1,-1.2740937E-1,6.017341E-1,1.4376985E-1,5.552332E-1],"split_indices":[0,0,0,0,0,0,0,0,0],"split_type":[0,0,0,0,0,0,0,0,0],"sum_hessian":[9E0,3E0,6E0,1E0,2E0,1E0,5E0,1E0,4E0],"tree_param":{"num_deleted":"0","num_feature":"2","num_nodes":"9","size_leaf_vector":"1"}},{"base_weights":[-1.711824E0,-1.0742451E1,3.6930804E0,-1.5194939E0,-4.1933084E-1,-1.2103882E-1,4.7120566E0,2.0069478E-1,5.562874E-1],"categories":[],"categories_nodes":[],"categories_segments":[],"categories_sizes":[],"default_left":[0,0,0,0,0,0,0,0,0],"id":40,"left_children":[1,3,5,-1,-1,-1,7,-1,-1],"loss_changes":[5.277695E2,5.292282E1,4.067904E1,0E0,0E0,0E0,2.644928E0,0E0,0E0],"parents":[2147483647,0,0,1,1,2,2,6,6],"right_children":[2,4,6,-1,-1,-1,8,-1,-1],"split_conditions":[3.0138972E-1,1.00676894E-1,5.024596E-1,-1.5194939E0,-4.1933084E-1,-1.2103882E-1,7.0394593E-1,2.0069478E-1,5.562874E-1],"split_indices":[0,0,0,0,0,0,0,0,0],"split_type":[0,0,0,0,0,0,0,0,0],"sum_hessian":[9E0,3E0,6E0,1E0,2E0,1E0,5E0,2E0,3E0],"tree_param":{"num_deleted":"0","num_feature":"2","num_nodes":"9","size_leaf_vector":"1"}},{"base_weights":[-1.6709244E0,-1.0152912E1,3.4146292E0,-1.4435189E0,-3.9137575E-1,-1.1498719E-1,4.367025E0,1.8731588E-1,5.1456684E-1],"categories":[],"categories_nodes":[],"categories_segments":[],"categories_sizes":[],"default_left":[0,0,0,0,0,0,0,0,0],"id":41,"left_children":[1,3,5,-1,-1,-1,7,-1,-1],"loss_changes":[4.6602448E2,5.0375305E1,3.5451996E1,0E0,0E0,0E0,2.012329E0,0E0,0E0],"parents":[2147483647,0,0,1,1,2,2,6,6],"right_children":[2,4,6,-1,-1,-1,8,-1,-1],"split_conditions":[3.0138972E-1,1.00676894E-1,5.024596E-1,-1.4435189E0,-3.9137575E-1,-1.1498719E-1,7.0394593E-1,1.8731588E-1,5.1456684E-1],"split_indices":[0,0,0,0,0,0,0,0,0],"split_type":[0,0,0,0,0,0,0,0,0],"sum_hessian":[9E0,3E0,6E0,1E0,2E0,1E0,5E0,2E0,3E0],"tree_param":{"num_deleted":"0","num_feature":"2","num_nodes":"9","size_leaf_vector":"1"}},{"base_weights":[-1.62863E0,-1.1548741E1,2.2949905E0,-1.3713433E0,-3.6096802E-1,-1.9746399E-1,4.0473075E0,1.748281E-1,4.7597504E-1],"categories":[],"categories_nodes":[],"categories_segments":[],"categories_sizes":[],"default_left":[0,0,0,0,0,0,0,0,0],"id":42,"left_children":[1,3,5,-1,-1,-1,7,-1,-1],"loss_changes":[4.1573184E2,2.0556946E0,6.784593E1,0E0,0E0,0E0,1.5061722E0,0E0,0E0],"parents":[2147483647,0,0,1,1,2,2,6,6],"right_children":[2,4,6,-1,-1,-1,8,-1,-1],"split_conditions":[2.0097321E-1,1.00676894E-1,5.024596E-1,-1.3713433E0,-3.6096802E-1,-1.9746399E-1,7.0394593E-1,1.748281E-1,4.7597504E-1],"split_indices":[0,0,0,0,0,0,0,0,0],"split_type":[0,0,0,0,0,0,0,0,0],"sum_hessian":[9E0,2E0,7E0,1E0,1E0,2E0,5E0,2E0,3E0],"tree_param":{"num_deleted":"0","num_feature":"2","num_nodes":"9","size_leaf_vector":"1"}},{"base_weights":[-1.5936692E0,-1.0971309E1,2.1221542E0,-1.3027763E0,-3.4291992E-1,-1.8429972E-1,3.7510376E0,1.6317241E-1,4.4027635E-1],"categories":[],"categories_nodes":[],"categories_segments":[],"categories_sizes":[],"default_left":[0,0,0,0,0,0,0,0,0],"id":43,"left_children":[1,3,5,-1,-1,-1,7,-1,-1],"loss_changes":[3.717393E2,1.8552551E0,5.858331E1,0E0,0E0,0E0,1.1031723E0,0E0,0E0],"parents":[2147483647,0,0,1,1,2,2,6,6],"right_children":[2,4,6,-1,-1,-1,8,-1,-1],"split_conditions":[2.0097321E-1,1.00676894E-1,5.024596E-1,-1.3027763E0,-3.4291992E-1,-1.8429972E-1,7.0394593E-1,1.6317241E-1,4.4027635E-1],"split_indices":[0,0,0,0,0,0,0,0,0],"split_type":[0,0,0,0,0,0,0,0,0],"sum_hessian":[9E0,2E0,7E0,1E0,1E0,2E0,5E0,2E0,3E0],"tree_param":{"num_deleted":"0","num_feature":"2","num_nodes":"9","size_leaf_vector":"1"}},{"base_weights":[-1.556958E0,-1.042274E1,1.9623299E0,-1.2376374E0,-3.2577363E-1,-1.7201334E-1,3.4765065E0,1.522939E-1,4.0725556E-1],"categories":[],"categories_nodes":[],"categories_segments":[],"categories_sizes":[],"default_left":[0,0,0,0,0,0,0,0,0],"id":44,"left_children":[1,3,5,-1,-1,-1,7,-1,-1],"loss_changes":[3.3246524E2,1.674408E0,5.0587257E1,0E0,0E0,0E0,7.8427887E-1,0E0,0E0],"parents":[2147483647,0,0,1,1,2,2,6,6],"right_children":[2,4,6,-1,-1,-1,8,-1,-1],"split_conditions":[2.0097321E-1,1.00676894E-1,5.024596E-1,-1.2376374E0,-3.2577363E-1,-1.7201334E-1,7.0394593E-1,1.522939E-1,4.0725556E-1],"split_indices":[0,0,0,0,0,0,0,0,0],"split_type":[0,0,0,0,0,0,0,0,0],"sum_hessian":[9E0,2E0,7E0,1E0,1E0,2E0,5E0,2E0,3E0],"tree_param":{"num_deleted":"0","num_feature":"2","num_nodes":"9","size_leaf_vector":"1"}},{"base_weights":[-1.5188477E0,-9.901601E0,1.8145409E0,-1.1757554E0,-3.0948487E-1,-1.6054587E-1,3.2221172E0,1.7384338E-1,4.1263223E-1],"categories":[],"categories_nodes":[],"categories_segments":[],"categories_sizes":[],"default_left":[0,0,0,0,0,0,0,0,0],"id":45,"left_children":[1,3,5,-1,-1,-1,7,-1,-1],"loss_changes":[2.973966E2,1.5111694E0,4.3684258E1,0E0,0E0,0E0,8.759842E-1,0E0,0E0],"parents":[2147483647,0,0,1,1,2,2,6,6],"right_children":[2,4,6,-1,-1,-1,8,-1,-1],"split_conditions":[2.0097321E-1,1.00676894E-1,5.024596E-1,-1.1757554E0,-3.0948487E-1,-1.6054587E-1,8.031905E-1,1.7384338E-1,4.1263223E-1],"split_indices":[0,0,0,0,0,0,0,0,0],"split_type":[0,0,0,0,0,0,0,0,0],"sum_hessian":[9E0,2E0,7E0,1E0,1E0,2E0,5E0,3E0,2E0],"tree_param":{"num_deleted":"0","num_feature":"2","num_nodes":"9","size_leaf_vector":"1"}},{"base_weights":[-1.4728943E0,-9.406525E0,1.6863289E0,-1.1169678E0,-2.9401094E-1,-1.4984232E-1,2.9976501E0,1.6080475E-1,3.851237E-1],"categories":[],"categories_nodes":[],"categories_segments":[],"categories_sizes":[],"default_left":[0,0,0,0,0,0,0,0,0],"id":46,"left_children":[1,3,5,-1,-1,-1,7,-1,-1],"loss_changes":[2.6650357E2,1.3637695E0,3.7901615E1,0E0,0E0,0E0,9.239044E-1,0E0,0E0],"parents":[2147483647,0,0,1,1,2,2,6,6],"right_children":[2,4,6,-1,-1,-1,8,-1,-1],"split_conditions":[2.0097321E-1,1.00676894E-1,5.024596E-1,-1.1169678E0,-2.9401094E-1,-1.4984232E-1,8.031905E-1,1.6080475E-1,3.851237E-1],"split_indices":[0,0,0,0,0,0,0,0,0],"split_type":[0,0,0,0,0,0,0,0,0],"sum_hessian":[9E0,2E0,7E0,1E0,1E0,2E0,5E0,3E0,2E0],"tree_param":{"num_deleted":"0","num_feature":"2","num_nodes":"9","size_leaf_vector":"1"}},{"base_weights":[-1.4270935E0,-8.936198E0,1.5672073E0,-1.0611191E0,-2.793106E-1,-1.3985291E-1,2.7888744E0,1.4874497E-1,3.5944825E-1],"categories":[],"categories_nodes":[],"categories_segments":[],"categories_sizes":[],"default_left":[0,0,0,0,0,0,0,0,0],"id":47,"left_children":[1,3,5,-1,-1,-1,7,-1,-1],"loss_changes":[2.3885004E2,1.2307281E0,3.288546E1,0E0,0E0,0E0,9.440193E-1,0E0,0E0],"parents":[2147483647,0,0,1,1,2,2,6,6],"right_children":[2,4,6,-1,-1,-1,8,-1,-1],"split_conditions":[2.0097321E-1,1.00676894E-1,5.024596E-1,-1.0611191E0,-2.793106E-1,-1.3985291E-1,8.031905E-1,1.4874497E-1,3.5944825E-1],"split_indices":[0,0,0,0,0,0,0,0,0],"split_type":[0,0,0,0,0,0,0,0,0],"sum_hessian":[9E0,2E0,7E0,1E0,1E0,2E0,5E0,3E0,2E0],"tree_param":{"num_deleted":"0","num_feature":"2","num_nodes":"9","size_leaf_vector":"1"}},{"base_weights":[-1.3815902E0,-8.489385E0,1.4565315E0,-1.0080627E0,-2.65345E-1,-1.3052979E-1,2.594691E0,1.3758926E-1,3.3548585E-1],"categories":[],"categories_nodes":[],"categories_segments":[],"categories_sizes":[],"default_left":[0,0,0,0,0,0,0,0,0],"id":48,"left_children":[1,3,5,-1,-1,-1,7,-1,-1],"loss_changes":[2.1409293E2,1.1107178E0,2.8534063E1,0E0,0E0,0E0,9.4301987E-1,0E0,0E0],"parents":[2147483647,0,0,1,1,2,2,6,6],"right_children":[2,4,6,-1,-1,-1,8,-1,-1],"split_conditions":[2.0097321E-1,1.00676894E-1,5.024596E-1,-1.0080627E0,-2.65345E-1,-1.3052979E-1,8.031905E-1,1.3758926E-1,3.3548585E-1],"split_indices":[0,0,0,0,0,0,0,0,0],"split_type":[0,0,0,0,0,0,0,0,0],"sum_hessian":[9E0,2E0,7E0,1E0,1E0,2E0,5E0,3E0,2E0],"tree_param":{"num_deleted":"0","num_feature":"2","num_nodes":"9","size_leaf_vector":"1"}},{"base_weights":[-1.3365219E0,-8.064916E0,1.3536911E0,-9.576599E-1,-2.520775E-1,-1.2182821E-1,2.4140625E0,1.4575134E-1,3.598404E-1],"categories":[],"categories_nodes":[],"categories_segments":[],"categories_sizes":[],"default_left":[0,0,0,0,0,0,0,0,0],"id":49,"left_children":[1,3,5,-1,-1,-1,7,-1,-1],"loss_changes":[1.9192552E2,1.0025177E0,2.4758984E1,0E0,0E0,0E0,1.5525627E0,0E0,0E0],"parents":[2147483647,0,0,1,1,2,2,6,6],"right_children":[2,4,6,-1,-1,-1,8,-1,-1],"split_conditions":[2.0097321E-1,1.00676894E-1,5.024596E-1,-9.576599E-1,-2.520775E-1,-1.2182821E-1,1E0,1.4575134E-1,3.598404E-1],"split_indices":[0,0,0,0,0,0,0,0,0],"split_type":[0,0,0,0,0,0,0,0,0],"sum_hessian":[9E0,2E0,7E0,1E0,1E0,2E0,5E0,4E0,1E0],"tree_param":{"num_deleted":"0","num_feature":"2","num_nodes":"9","size_leaf_vector":"1"}},{"base_weights":[-1.2854675E0,-7.661672E0,1.2662926E0,-9.097771E-1,-2.3947373E-1,-1.1370646E-1,2.2569225E0,1.3409118E-1,3.4184876E-1],"categories":[],"categories_nodes":[],"categories_segments":[],"categories_sizes":[],"default_left":[0,0,0,0,0,0,0,0,0],"id":50,"left_children":[1,3,5,-1,-1,-1,7,-1,-1],"loss_changes":[1.7240736E2,9.047394E-1,2.1612965E1,0E0,0E0,0E0,1.8001423E0,0E0,0E0],"parents":[2147483647,0,0,1,1,2,2,6,6],"right_children":[2,4,6,-1,-1,-1,8,-1,-1],"split_conditions":[2.0097321E-1,1.00676894E-1,5.024596E-1,-9.097771E-1,-2.3947373E-1,-1.1370646E-1,1E0,1.3409118E-1,3.4184876E-1],"split_indices":[0,0,0,0,0,0,0,0,0],"split_type":[0,0,0,0,0,0,0,0,0],"sum_hessian":[9E0,2E0,7E0,1E0,1E0,2E0,5E0,4E0,1E0],"tree_param":{"num_deleted":"0","num_feature":"2","num_nodes":"9","size_leaf_vector":"1"}},{"base_weights":[-1.2356247E0,-7.2785897E0,1.1849403E0,-8.6428833E-1,-2.2750016E-1,-1.0612589E-1,2.11055E0,1.2336365E-1,3.2475588E-1],"categories":[],"categories_nodes":[],"categories_segments":[],"categories_sizes":[],"default_left":[0,0,0,0,0,0,0,0,0],"id":51,"left_children":[1,3,5,-1,-1,-1,7,-1,-1],"loss_changes":[1.5489859E2,8.1651306E-1,1.887267E1,0E0,0E0,0E0,1.9760418E0,0E0,0E0],"parents":[2147483647,0,0,1,1,2,2,6,6],"right_children":[2,4,6,-1,-1,-1,8,-1,-1],"split_conditions":[2.0097321E-1,1.00676894E-1,5.024596E-1,-8.6428833E-1,-2.2750016E-1,-1.0612589E-1,1E0,1.2336365E-1,3.2475588E-1],"split_indices":[0,0,0,0,0,0,0,0,0],"split_type":[0,0,0,0,0,0,0,0,0],"sum_hessian":[9E0,2E0,7E0,1E0,1E0,2E0,5E0,4E0,1E0],"tree_param":{"num_deleted":"0","num_feature":"2","num_nodes":"9","size_leaf_vector":"1"}},{"base_weights":[-1.1870391E0,-6.914663E0,1.1091995E0,-8.2107395E-1,-2.1612549E-1,-9.90509E-2,1.9741873E0,1.13495484E-1,3.0851746E-1],"categories":[],"categories_nodes":[],"categories_segments":[],"categories_sizes":[],"default_left":[0,0,0,0,0,0,0,0,0],"id":52,"left_children":[1,3,5,-1,-1,-1,7,-1,-1],"loss_changes":[1.3918965E2,7.3683167E-1,1.6485228E1,0E0,0E0,0E0,2.0927238E0,0E0,0E0],"parents":[2147483647,0,0,1,1,2,2,6,6],"right_children":[2,4,6,-1,-1,-1,8,-1,-1],"split_conditions":[2.0097321E-1,1.00676894E-1,5.024596E-1,-8.2107395E-1,-2.1612549E-1,-9.90509E-2,1E0,1.13495484E-1,3.0851746E-1],"split_indices":[0,0,0,0,0,0,0,0,0],"split_type":[0,0,0,0,0,0,0,0,0],"sum_hessian":[9E0,2E0,7E0,1E0,1E0,2E0,5E0,4E0,1E0],"tree_param":{"num_deleted":"0","num_feature":"2","num_nodes":"9","size_leaf_vector":"1"}},{"base_weights":[-1.1397613E0,-6.568929E0,1.0386467E0,-7.800202E-1,-2.0531921E-1,-9.244792E-2,1.8471018E0,1.0441589E-1,2.9309082E-1],"categories":[],"categories_nodes":[],"categories_segments":[],"categories_sizes":[],"default_left":[0,0,0,0,0,0,0,0,0],"id":53,"left_children":[1,3,5,-1,-1,-1,7,-1,-1],"loss_changes":[1.2509222E2,6.649933E-1,1.4404403E1,0E0,0E0,0E0,2.1610737E0,0E0,0E0],"parents":[2147483647,0,0,1,1,2,2,6,6],"right_children":[2,4,6,-1,-1,-1,8,-1,-1],"split_conditions":[2.0097321E-1,1.00676894E-1,5.024596E-1,-7.800202E-1,-2.0531921E-1,-9.244792E-2,1E0,1.0441589E-1,2.9309082E-1],"split_indices":[0,0,0,0,0,0,0,0,0],"split_type":[0,0,0,0,0,0,0,0,0],"sum_hessian":[9E0,2E0,7E0,1E0,1E0,2E0,5E0,4E0,1E0],"tree_param":{"num_deleted":"0","num_feature":"2","num_nodes":"9","size_leaf_vector":"1"}},{"base_weights":[-1.0938095E0,-6.2404838E0,9.7291946E-1,-7.410194E-1,-1.950531E-1,-8.628438E-1,1.7286478E0,-1.0357361E-1,-2.5852967E-2,9.6063234E-2,2.7843627E-1],"categories":[],"categories_nodes":[],"categories_segments":[],"categories_sizes":[],"default_left":[0,0,0,0,0,0,0,0,0,0,0],"id":54,"left_children":[1,3,5,-1,-1,7,9,-1,-1,-1,-1],"loss_changes":[1.12439285E2,6.0020447E-1,1.259026E1,0E0,0E0,4.5675278E-2,2.1900845E0,0E0,0E0,0E0,0E0],"parents":[2147483647,0,0,1,1,2,2,5,5,6,6],"right_children":[2,4,6,-1,-1,8,10,-1,-1,-1,-1],"split_conditions":[2.0097321E-1,1.00676894E-1,5.024596E-1,-7.410194E-1,-1.950531E-1,3.0138972E-1,1E0,-1.0357361E-1,-2.5852967E-2,9.6063234E-2,2.7843627E-1],"split_indices":[0,0,0,0,0,0,0,0,0,0,0],"split_type":[0,0,0,0,0,0,0,0,0,0,0],"sum_hessian":[9E0,2E0,7E0,1E0,1E0,2E0,5E0,1E0,1E0,4E0,1E0],"tree_param":{"num_deleted":"0","num_feature":"2","num_nodes":"11","size_leaf_vector":"1"}},{"base_weights":[-1.0535324E0,-5.9284616E0,9.062576E-1,-7.039688E-1,-1.8530045E-1,-4.8597717E-1,1.838794E0,-8.1970215E-1,2.5759889E-2,9.759217E-2,2.6451418E-1,-9.8394774E-2,-2.4560547E-2],"categories":[],"categories_nodes":[],"categories_segments":[],"categories_sizes":[],"default_left":[0,0,0,0,0,0,0,0,0,0,0,0,0],"id":55,"left_children":[1,3,5,-1,-1,7,9,11,-1,-1,-1,-1,-1],"loss_changes":[1.0091109E2,5.4169464E-1,1.12800865E1,0E0,0E0,1.203754E0,8.974247E-1,4.121566E-2,0E0,0E0,0E0,0E0,0E0],"parents":[2147483647,0,0,1,1,2,2,5,5,6,6,7,7],"right_children":[2,4,6,-1,-1,8,10,12,-1,-1,-1,-1,-1],"split_conditions":[2.0097321E-1,1.00676894E-1,6.017341E-1,-7.039688E-1,-1.8530045E-1,5.024596E-1,1E0,3.0138972E-1,2.5759889E-2,9.759217E-2,2.6451418E-1,-9.8394774E-2,-2.4560547E-2],"split_indices":[0,0,0,0,0,0,0,0,0,0,0,0,0],"split_type":[0,0,0,0,0,0,0,0,0,0,0,0,0],"sum_hessian":[9E0,2E0,7E0,1E0,1E0,3E0,4E0,2E0,1E0,3E0,1E0,1E0,1E0],"tree_param":{"num_deleted":"0","num_feature":"2","num_nodes":"13","size_leaf_vector":"1"}},{"base_weights":[-1.010617E0,-5.6320395E0,8.4874344E-1,-6.687706E-1,-1.7603531E-1,-4.6167755E-1,1.7273315E0,-7.7871704E-1,2.4472047E-2,9.027252E-2,2.5128785E-1,-9.347534E-2,-2.3332214E-2],"categories":[],"categories_nodes":[],"categories_segments":[],"categories_sizes":[],"default_left":[0,0,0,0,0,0,0,0,0,0,0,0,0],"id":56,"left_children":[1,3,5,-1,-1,7,9,11,-1,-1,-1,-1,-1],"loss_changes":[9.070906E1,4.8889923E-1,1.0008033E1,0E0,0E0,1.0863922E0,9.7039604E-1,3.7205815E-2,0E0,0E0,0E0,0E0,0E0],"parents":[2147483647,0,0,1,1,2,2,5,5,6,6,7,7],"right_children":[2,4,6,-1,-1,8,10,12,-1,-1,-1,-1,-1],"split_conditions":[2.0097321E-1,1.00676894E-1,6.017341E-1,-6.687706E-1,-1.7603531E-1,5.024596E-1,1E0,3.0138972E-1,2.4472047E-2,9.027252E-2,2.5128785E-1,-9.347534E-2,-2.3332214E-2],"split_indices":[0,0,0,0,0,0,0,0,0,0,0,0,0],"split_type":[0,0,0,0,0,0,0,0,0,0,0,0,0],"sum_hessian":[9E0,2E0,7E0,1E0,1E0,3E0,4E0,2E0,1E0,3E0,1E0,1E0,1E0],"tree_param":{"num_deleted":"0","num_feature":"2","num_nodes":"13","size_leaf_vector":"1"}},{"base_weights":[-9.691116E-1,-5.3504333E0,7.9502296E-1,-6.3533175E-1,-1.6723327E-1,-4.3859482E-1,1.6229126E0,-7.397817E-1,2.324829E-2,8.3502196E-2,2.3872375E-1,-8.880158E-2,-2.216568E-2],"categories":[],"categories_nodes":[],"categories_segments":[],"categories_sizes":[],"default_left":[0,0,0,0,0,0,0,0,0,0,0,0,0],"id":57,"left_children":[1,3,5,-1,-1,7,9,11,-1,-1,-1,-1,-1],"loss_changes":[8.154613E1,4.412613E-1,8.8821945E0,0E0,0E0,9.804659E-1,1.0176277E0,3.357649E-2,0E0,0E0,0E0,0E0,0E0],"parents":[2147483647,0,0,1,1,2,2,5,5,6,6,7,7],"right_children":[2,4,6,-1,-1,8,10,12,-1,-1,-1,-1,-1],"split_conditions":[2.0097321E-1,1.00676894E-1,6.017341E-1,-6.3533175E-1,-1.6723327E-1,5.024596E-1,1E0,3.0138972E-1,2.324829E-2,8.3502196E-2,2.3872375E-1,-8.880158E-2,-2.216568E-2],"split_indices":[0,0,0,0,0,0,0,0,0,0,0,0,0],"split_type":[0,0,0,0,0,0,0,0,0,0,0,0,0],"sum_hessian":[9E0,2E0,7E0,1E0,1E0,3E0,4E0,2E0,1E0,3E0,1E0,1E0,1E0],"tree_param":{"num_deleted":"0","num_feature":"2","num_nodes":"13","size_leaf_vector":"1"}},{"base_weights":[-9.290024E-1,-5.082911E0,7.448387E-1,-6.035652E-1,-1.5887146E-1,-7.027893E-1,1.3445129E0,-8.436127E-2,-2.1057129E-2,7.062622E-2,2.2678833E-1],"categories":[],"categories_nodes":[],"categories_segments":[],"categories_sizes":[],"default_left":[0,0,0,0,0,0,0,0,0,0,0],"id":58,"left_children":[1,3,5,-1,-1,7,9,-1,-1,-1,-1],"loss_changes":[7.331578E1,3.9826202E-1,7.889751E0,0E0,0E0,3.0306697E-2,1.93433E0,0E0,0E0,0E0,0E0],"parents":[2147483647,0,0,1,1,2,2,5,5,6,6],"right_children":[2,4,6,-1,-1,8,10,-1,-1,-1,-1],"split_conditions":[2.0097321E-1,1.00676894E-1,5.024596E-1,-6.035652E-1,-1.5887146E-1,3.0138972E-1,1E0,-8.436127E-2,-2.1057129E-2,7.062622E-2,2.2678833E-1],"split_indices":[0,0,0,0,0,0,0,0,0,0,0],"split_type":[0,0,0,0,0,0,0,0,0,0,0],"sum_hessian":[9E0,2E0,7E0,1E0,1E0,2E0,5E0,1E0,1E0,4E0,1E0],"tree_param":{"num_deleted":"0","num_feature":"2","num_nodes":"11","size_leaf_vector":"1"}},{"base_weights":[-8.9314425E-1,-4.828766E0,6.943569E-1,-5.7338715E-1,-1.5092774E-1,-4.079628E-1,1.4373413E0,-6.676483E-1,1.8554688E-2,7.194366E-2,2.15448E-1,-8.0142975E-2,-2.0004272E-2],"categories":[],"categories_nodes":[],"categories_segments":[],"categories_sizes":[],"default_left":[0,0,0,0,0,0,0,0,0,0,0,0,0],"id":59,"left_children":[1,3,5,-1,-1,7,9,11,-1,-1,-1,-1,-1],"loss_changes":[6.5830925E1,3.5946655E-1,7.138432E0,0E0,0E0,7.4038345E-1,1.0241747E0,2.7350664E-2,0E0,0E0,0E0,0E0,0E0],"parents":[2147483647,0,0,1,1,2,2,5,5,6,6,7,7],"right_children":[2,4,6,-1,-1,8,10,12,-1,-1,-1,-1,-1],"split_conditions":[2.0097321E-1,1.00676894E-1,6.017341E-1,-5.7338715E-1,-1.5092774E-1,5.024596E-1,1E0,3.0138972E-1,1.8554688E-2,7.194366E-2,2.15448E-1,-8.0142975E-2,-2.0004272E-2],"split_indices":[0,0,0,0,0,0,0,0,0,0,0,0,0],"split_type":[0,0,0,0,0,0,0,0,0,0,0,0,0],"sum_hessian":[9E0,2E0,7E0,1E0,1E0,3E0,4E0,2E0,1E0,3E0,1E0,1E0,1E0],"tree_param":{"num_deleted":"0","num_feature":"2","num_nodes":"13","size_leaf_vector":"1"}},{"base_weights":[-8.5567856E-1,-4.5873284E0,6.5065E-1,-5.447178E-1,-1.433815E-1,-3.875656E-1,1.3510926E0,-6.3426715E-1,1.7626954E-2,6.654892E-2,2.046753E-1,-7.6136015E-2,-1.900406E-2],"categories":[],"categories_nodes":[],"categories_segments":[],"categories_sizes":[],"default_left":[0,0,0,0,0,0,0,0,0,0,0,0,0],"id":60,"left_children":[1,3,5,-1,-1,7,9,11,-1,-1,-1,-1,-1],"loss_changes":[5.919566E1,3.2439423E-1,6.34132E0,0E0,0E0,6.68198E-1,1.0226431E0,2.4684906E-2,0E0,0E0,0E0,0E0,0E0],"parents":[2147483647,0,0,1,1,2,2,5,5,6,6,7,7],"right_children":[2,4,6,-1,-1,8,10,12,-1,-1,-1,-1,-1],"split_conditions":[2.0097321E-1,1.00676894E-1,6.017341E-1,-5.447178E-1,-1.433815E-1,5.024596E-1,1E0,3.0138972E-1,1.7626954E-2,6.654892E-2,2.046753E-1,-7.6136015E-2,-1.900406E-2],"split_indices":[0,0,0,0,0,0,0,0,0,0,0,0,0],"split_type":[0,0,0,0,0,0,0,0,0,0,0,0,0],"sum_hessian":[9E0,2E0,7E0,1E0,1E0,3E0,4E0,2E0,1E0,3E0,1E0,1E0,1E0],"tree_param":{"num_deleted":"0","num_feature":"2","num_nodes":"13","size_leaf_vector":"1"}},{"base_weights":[-8.195511E-1,-4.357961E0,6.097965E-1,-5.17482E-1,-1.3621216E-1,-3.6819077E-1,1.2702271E0,-6.025543E-1,1.6744995E-2,6.1557006E-2,1.9444275E-1,-7.232895E-2,-1.80542E-2],"categories":[],"categories_nodes":[],"categories_segments":[],"categories_sizes":[],"default_left":[0,0,0,0,0,0,0,0,0,0,0,0,0],"id":61,"left_children":[1,3,5,-1,-1,7,9,11,-1,-1,-1,-1,-1],"loss_changes":[5.323365E1,2.927971E-1,5.6348276E0,0E0,0E0,6.030364E-1,1.0099192E0,2.2271037E-2,0E0,0E0,0E0,0E0,0E0],"parents":[2147483647,0,0,1,1,2,2,5,5,6,6,7,7],"right_children":[2,4,6,-1,-1,8,10,12,-1,-1,-1,-1,-1],"split_conditions":[2.0097321E-1,1.00676894E-1,6.017341E-1,-5.17482E-1,-1.3621216E-1,5.024596E-1,1E0,3.0138972E-1,1.6744995E-2,6.1557006E-2,1.9444275E-1,-7.232895E-2,-1.80542E-2],"split_indices":[0,0,0,0,0,0,0,0,0,0,0,0,0],"split_type":[0,0,0,0,0,0,0,0,0,0,0,0,0],"sum_hessian":[9E0,2E0,7E0,1E0,1E0,3E0,4E0,2E0,1E0,3E0,1E0,1E0,1E0],"tree_param":{"num_deleted":"0","num_feature":"2","num_nodes":"13","size_leaf_vector":"1"}},{"base_weights":[-7.8473437E-1,-4.140063E0,5.716057E-1,-4.9160805E-1,-1.294014E-1,-3.4978485E-1,1.194397E0,-5.724284E-1,1.5907288E-2,5.69397E-2,1.8471985E-1,-6.8712614E-2,-1.7151643E-2],"categories":[],"categories_nodes":[],"categories_segments":[],"categories_sizes":[],"default_left":[0,0,0,0,0,0,0,0,0,0,0,0,0],"id":62,"left_children":[1,3,5,-1,-1,7,9,11,-1,-1,-1,-1,-1],"loss_changes":[4.787615E1,2.642746E-1,5.008454E0,0E0,0E0,5.442333E-1,9.8821497E-1,2.0097792E-2,0E0,0E0,0E0,0E0,0E0],"parents":[2147483647,0,0,1,1,2,2,5,5,6,6,7,7],"right_children":[2,4,6,-1,-1,8,10,12,-1,-1,-1,-1,-1],"split_conditions":[2.0097321E-1,1.00676894E-1,6.017341E-1,-4.9160805E-1,-1.294014E-1,5.024596E-1,1E0,3.0138972E-1,1.5907288E-2,5.69397E-2,1.8471985E-1,-6.8712614E-2,-1.7151643E-2],"split_indices":[0,0,0,0,0,0,0,0,0,0,0,0,0],"split_type":[0,0,0,0,0,0,0,0,0,0,0,0,0],"sum_hessian":[9E0,2E0,7E0,1E0,1E0,3E0,4E0,2E0,1E0,3E0,1E0,1E0,1E0],"tree_param":{"num_deleted":"0","num_feature":"2","num_nodes":"13","size_leaf_vector":"1"}},{"base_weights":[-7.5119096E-1,-3.9330623E0,5.3590965E-1,-4.6702766E-1,-1.22931674E-1,-1.7107849E-1,1.2856674E0,-5.43808E-1,2.5867715E-2,5.4432172E-2,1.7548524E-1,-6.52771E-2,-1.6294098E-2],"categories":[],"categories_nodes":[],"categories_segments":[],"categories_sizes":[],"default_left":[0,0,0,0,0,0,0,0,0,0,0,0,0],"id":63,"left_children":[1,3,5,-1,-1,7,9,11,-1,-1,-1,-1,-1],"loss_changes":[4.306165E1,2.3846817E-1,4.4605093E0,0E0,0E0,9.415837E-1,4.361086E-1,1.813811E-2,0E0,0E0,0E0,0E0,0E0],"parents":[2147483647,0,0,1,1,2,2,5,5,6,6,7,7],"right_children":[2,4,6,-1,-1,8,10,12,-1,-1,-1,-1,-1],"split_conditions":[2.0097321E-1,1.00676894E-1,7.0394593E-1,-4.6702766E-1,-1.22931674E-1,5.024596E-1,1E0,3.0138972E-1,2.5867715E-2,5.4432172E-2,1.7548524E-1,-6.52771E-2,-1.6294098E-2],"split_indices":[0,0,0,0,0,0,0,0,0,0,0,0,0],"split_type":[0,0,0,0,0,0,0,0,0,0,0,0,0],"sum_hessian":[9E0,2E0,7E0,1E0,1E0,4E0,3E0,2E0,2E0,2E0,1E0,1E0,1E0],"tree_param":{"num_deleted":"0","num_feature":"2","num_nodes":"13","size_leaf_vector":"1"}},{"base_weights":[-7.176506E-1,-3.736412E0,5.0409126E-1,-4.4367638E-1,-1.1678543E-1,-1.6511536E-1,1.2145767E0,-5.166168E-1,2.4142457E-2,5.0802615E-2,1.6671143E-1,-6.2013246E-2,-1.5479279E-2],"categories":[],"categories_nodes":[],"categories_segments":[],"categories_sizes":[],"default_left":[0,0,0,0,0,0,0,0,0,0,0,0,0],"id":64,"left_children":[1,3,5,-1,-1,7,9,11,-1,-1,-1,-1,-1],"loss_changes":[3.8764965E1,2.1519089E-1,4.0042377E0,0E0,0E0,8.392208E-1,4.3202496E-1,1.637131E-2,0E0,0E0,0E0,0E0,0E0],"parents":[2147483647,0,0,1,1,2,2,5,5,6,6,7,7],"right_children":[2,4,6,-1,-1,8,10,12,-1,-1,-1,-1,-1],"split_conditions":[2.0097321E-1,1.00676894E-1,7.0394593E-1,-4.4367638E-1,-1.1678543E-1,5.024596E-1,1E0,3.0138972E-1,2.4142457E-2,5.0802615E-2,1.6671143E-1,-6.2013246E-2,-1.5479279E-2],"split_indices":[0,0,0,0,0,0,0,0,0,0,0,0,0],"split_type":[0,0,0,0,0,0,0,0,0,0,0,0,0],"sum_hessian":[9E0,2E0,7E0,1E0,1E0,4E0,3E0,2E0,2E0,2E0,1E0,1E0,1E0],"tree_param":{"num_deleted":"0","num_feature":"2","num_nodes":"13","size_leaf_vector":"1"}},{"base_weights":[-6.85511E-1,-3.5495884E0,4.7420692E-1,-4.214924E-1,-1.10945895E-1,-3.0503464E-1,1.0027587E0,-4.907888E-1,1.2611389E-2,4.6156313E-2,1.5837708E-1,-5.891266E-2,-1.4705658E-2],"categories":[],"categories_nodes":[],"categories_segments":[],"categories_sizes":[],"default_left":[0,0,0,0,0,0,0,0,0,0,0,0,0],"id":65,"left_children":[1,3,5,-1,-1,7,9,11,-1,-1,-1,-1,-1],"loss_changes":[3.489846E1,1.9422913E-1,3.6008332E0,0E0,0E0,3.8224584E-1,8.411956E-1,1.4770627E-2,0E0,0E0,0E0,0E0,0E0],"parents":[2147483647,0,0,1,1,2,2,5,5,6,6,7,7],"right_children":[2,4,6,-1,-1,8,10,12,-1,-1,-1,-1,-1],"split_conditions":[2.0097321E-1,1.00676894E-1,6.017341E-1,-4.214924E-1,-1.10945895E-1,5.024596E-1,1E0,3.0138972E-1,1.2611389E-2,4.6156313E-2,1.5837708E-1,-5.891266E-2,-1.4705658E-2],"split_indices":[0,0,0,0,0,0,0,0,0,0,0,0,0],"split_type":[0,0,0,0,0,0,0,0,0,0,0,0,0],"sum_hessian":[9E0,2E0,7E0,1E0,1E0,3E0,4E0,2E0,1E0,3E0,1E0,1E0,1E0],"tree_param":{"num_deleted":"0","num_feature":"2","num_nodes":"13","size_leaf_vector":"1"}},{"base_weights":[-6.558464E-1,-3.3721085E0,4.4473267E-1,-4.0041772E-1,-1.0539856E-1,-1.5629883E-1,1.0848389E0,-4.6624756E-1,2.0574952E-2,4.4340007E-2,1.5045777E-1,-5.596695E-2,-1.3970184E-2],"categories":[],"categories_nodes":[],"categories_segments":[],"categories_sizes":[],"default_left":[0,0,0,0,0,0,0,0,0,0,0,0,0],"id":66,"left_children":[1,3,5,-1,-1,7,9,11,-1,-1,-1,-1,-1],"loss_changes":[3.1394299E1,1.7529297E-1,3.2473507E0,0E0,0E0,6.5701234E-1,4.0981722E-1,1.3332784E-2,0E0,0E0,0E0,0E0,0E0],"parents":[2147483647,0,0,1,1,2,2,5,5,6,6,7,7],"right_children":[2,4,6,-1,-1,8,10,12,-1,-1,-1,-1,-1],"split_conditions":[2.0097321E-1,1.00676894E-1,7.0394593E-1,-4.0041772E-1,-1.0539856E-1,5.024596E-1,1E0,3.0138972E-1,2.0574952E-2,4.4340007E-2,1.5045777E-1,-5.596695E-2,-1.3970184E-2],"split_indices":[0,0,0,0,0,0,0,0,0,0,0,0,0],"split_type":[0,0,0,0,0,0,0,0,0,0,0,0,0],"sum_hessian":[9E0,2E0,7E0,1E0,1E0,4E0,3E0,2E0,2E0,2E0,1E0,1E0,1E0],"tree_param":{"num_deleted":"0","num_feature":"2","num_nodes":"13","size_leaf_vector":"1"}},{"base_weights":[-6.2629473E-1,-3.2035038E0,4.184456E-1,-3.8039666E-1,-1.0012894E-1,-1.505371E-1,1.0250626E0,-4.4293213E-1,1.9203695E-2,4.1384887E-2,1.4293519E-1,-5.3168487E-2,-1.3271332E-2],"categories":[],"categories_nodes":[],"categories_segments":[],"categories_sizes":[],"default_left":[0,0,0,0,0,0,0,0,0,0,0,0,0],"id":67,"left_children":[1,3,5,-1,-1,7,9,11,-1,-1,-1,-1,-1],"loss_changes":[2.8265636E1,1.581707E-1,2.9155464E0,0E0,0E0,5.8589405E-1,3.9689255E-1,1.2036622E-2,0E0,0E0,0E0,0E0,0E0],"parents":[2147483647,0,0,1,1,2,2,5,5,6,6,7,7],"right_children":[2,4,6,-1,-1,8,10,12,-1,-1,-1,-1,-1],"split_conditions":[2.0097321E-1,1.00676894E-1,7.0394593E-1,-3.8039666E-1,-1.0012894E-1,5.024596E-1,1E0,3.0138972E-1,1.9203695E-2,4.1384887E-2,1.4293519E-1,-5.3168487E-2,-1.3271332E-2],"split_indices":[0,0,0,0,0,0,0,0,0,0,0,0,0],"split_type":[0,0,0,0,0,0,0,0,0,0,0,0,0],"sum_hessian":[9E0,2E0,7E0,1E0,1E0,4E0,3E0,2E0,2E0,2E0,1E0,1E0,1E0],"tree_param":{"num_deleted":"0","num_feature":"2","num_nodes":"13","size_leaf_vector":"1"}},{"base_weights":[-5.9800875E-1,-3.04333E0,3.937378E-1,-3.6137697E-1,-9.512253E-2,-1.4492798E-1,9.6863556E-1,-4.2078653E-1,1.7923992E-2,3.86261E-2,1.3578796E-1,-5.0510406E-2,-1.2607574E-2],"categories":[],"categories_nodes":[],"categories_segments":[],"categories_sizes":[],"default_left":[0,0,0,0,0,0,0,0,0,0,0,0,0],"id":68,"left_children":[1,3,5,-1,-1,7,9,11,-1,-1,-1,-1,-1],"loss_changes":[2.5449661E1,1.4274979E-1,2.6178043E0,0E0,0E0,5.2254415E-1,3.8224745E-1,1.0866523E-2,0E0,0E0,0E0,0E0,0E0],"parents":[2147483647,0,0,1,1,2,2,5,5,6,6,7,7],"right_children":[2,4,6,-1,-1,8,10,12,-1,-1,-1,-1,-1],"split_conditions":[2.0097321E-1,1.00676894E-1,7.0394593E-1,-3.6137697E-1,-9.512253E-2,5.024596E-1,1E0,3.0138972E-1,1.7923992E-2,3.86261E-2,1.3578796E-1,-5.0510406E-2,-1.2607574E-2],"split_indices":[0,0,0,0,0,0,0,0,0,0,0,0,0],"split_type":[0,0,0,0,0,0,0,0,0,0,0,0,0],"sum_hessian":[9E0,2E0,7E0,1E0,1E0,4E0,3E0,2E0,2E0,2E0,1E0,1E0,1E0],"tree_param":{"num_deleted":"0","num_feature":"2","num_nodes":"13","size_leaf_vector":"1"}},{"base_weights":[-5.709381E-1,-2.891164E0,3.7051392E-1,-3.4330827E-1,-9.036636E-2,-1.3947144E-1,9.153671E-1,-3.9974976E-1,1.6729737E-2,3.6050417E-2,1.289978E-1,-4.7985077E-2,-1.1977387E-2],"categories":[],"categories_nodes":[],"categories_segments":[],"categories_sizes":[],"default_left":[0,0,0,0,0,0,0,0,0,0,0,0,0],"id":69,"left_children":[1,3,5,-1,-1,7,9,11,-1,-1,-1,-1,-1],"loss_changes":[2.2915031E1,1.2883568E-1,2.350605E0,0E0,0E0,4.661034E-1,3.6638832E-1,9.8055005E-3,0E0,0E0,0E0,0E0,0E0],"parents":[2147483647,0,0,1,1,2,2,5,5,6,6,7,7],"right_children":[2,4,6,-1,-1,8,10,12,-1,-1,-1,-1,-1],"split_conditions":[2.0097321E-1,1.00676894E-1,7.0394593E-1,-3.4330827E-1,-9.036636E-2,5.024596E-1,1E0,3.0138972E-1,1.6729737E-2,3.6050417E-2,1.289978E-1,-4.7985077E-2,-1.1977387E-2],"split_indices":[0,0,0,0,0,0,0,0,0,0,0,0,0],"split_type":[0,0,0,0,0,0,0,0,0,0,0,0,0],"sum_hessian":[9E0,2E0,7E0,1E0,1E0,4E0,3E0,2E0,2E0,2E0,1E0,1E0,1E0],"tree_param":{"num_deleted":"0","num_feature":"2","num_nodes":"13","size_leaf_vector":"1"}},{"base_weights":[-5.450333E-1,-2.7466075E0,3.4868622E-1,-3.2614288E-1,-8.5848235E-2,-1.3416748E-1,8.650818E-1,-3.7976074E-1,1.5614827E-2,3.3646647E-2,1.2254639E-1,-4.5585632E-2,-1.1378479E-2],"categories":[],"categories_nodes":[],"categories_segments":[],"categories_sizes":[],"default_left":[0,0,0,0,0,0,0,0,0,0,0,0,0],"id":70,"left_children":[1,3,5,-1,-1,7,9,11,-1,-1,-1,-1,-1],"loss_changes":[2.0633602E1,1.1626053E-1,2.1108136E0,0E0,0E0,4.1579694E-1,3.4968662E-1,8.849293E-3,0E0,0E0,0E0,0E0,0E0],"parents":[2147483647,0,0,1,1,2,2,5,5,6,6,7,7],"right_children":[2,4,6,-1,-1,8,10,12,-1,-1,-1,-1,-1],"split_conditions":[2.0097321E-1,1.00676894E-1,7.0394593E-1,-3.2614288E-1,-8.5848235E-2,5.024596E-1,1E0,3.0138972E-1,1.5614827E-2,3.3646647E-2,1.2254639E-1,-4.5585632E-2,-1.1378479E-2],"split_indices":[0,0,0,0,0,0,0,0,0,0,0,0,0],"split_type":[0,0,0,0,0,0,0,0,0,0,0,0,0],"sum_hessian":[9E0,2E0,7E0,1E0,1E0,4E0,3E0,2E0,2E0,2E0,1E0,1E0,1E0],"tree_param":{"num_deleted":"0","num_feature":"2","num_nodes":"13","size_leaf_vector":"1"}},{"base_weights":[-5.2024686E-1,-2.6092784E0,3.2817078E-1,-3.0983582E-1,-8.155594E-2,-1.2902221E-1,8.176193E-1,-3.6076865E-1,1.45731615E-2,3.1403605E-2,1.1641846E-1,-4.330597E-2,-1.0809327E-2],"categories":[],"categories_nodes":[],"categories_segments":[],"categories_sizes":[],"default_left":[0,0,0,0,0,0,0,0,0,0,0,0,0],"id":71,"left_children":[1,3,5,-1,-1,7,9,11,-1,-1,-1,-1,-1],"loss_changes":[1.8580002E1,1.0491943E-1,1.8956707E0,0E0,0E0,3.709415E-1,3.325019E-1,7.987648E-3,0E0,0E0,0E0,0E0,0E0],"parents":[2147483647,0,0,1,1,2,2,5,5,6,6,7,7],"right_children":[2,4,6,-1,-1,8,10,12,-1,-1,-1,-1,-1],"split_conditions":[2.0097321E-1,1.00676894E-1,7.0394593E-1,-3.0983582E-1,-8.155594E-2,5.024596E-1,1E0,3.0138972E-1,1.45731615E-2,3.1403605E-2,1.1641846E-1,-4.330597E-2,-1.0809327E-2],"split_indices":[0,0,0,0,0,0,0,0,0,0,0,0,0],"split_type":[0,0,0,0,0,0,0,0,0,0,0,0,0],"sum_hessian":[9E0,2E0,7E0,1E0,1E0,4E0,3E0,2E0,2E0,2E0,1E0,1E0,1E0],"tree_param":{"num_deleted":"0","num_feature":"2","num_nodes":"13","size_leaf_vector":"1"}},{"base_weights":[-4.9653703E-1,-2.4788132E0,3.0888367E-1,-2.9434395E-1,-7.747803E-2,-4.078166E-2,9.052531E-1,-3.4273276E-1,1.9587709E-2,2.518921E-2,1.1059876E-1,-4.1140746E-2,-1.0269165E-2],"categories":[],"categories_nodes":[],"categories_segments":[],"categories_sizes":[],"default_left":[0,0,0,0,0,0,0,0,0,0,0,0,0],"id":72,"left_children":[1,3,5,-1,-1,7,9,11,-1,-1,-1,-1,-1],"loss_changes":[1.6731327E1,9.4696045E-2,1.7051554E0,0E0,0E0,4.958897E-1,1.14866495E-1,7.2061718E-3,0E0,0E0,0E0,0E0,0E0],"parents":[2147483647,0,0,1,1,2,2,5,5,6,6,7,7],"right_children":[2,4,6,-1,-1,8,10,12,-1,-1,-1,-1,-1],"split_conditions":[2.0097321E-1,1.00676894E-1,8.031905E-1,-2.9434395E-1,-7.747803E-2,5.024596E-1,1E0,3.0138972E-1,1.9587709E-2,2.518921E-2,1.1059876E-1,-4.1140746E-2,-1.0269165E-2],"split_indices":[0,0,0,0,0,0,0,0,0,0,0,0,0],"split_type":[0,0,0,0,0,0,0,0,0,0,0,0,0],"sum_hessian":[9E0,2E0,7E0,1E0,1E0,5E0,2E0,2E0,3E0,1E0,1E0,1E0,1E0],"tree_param":{"num_deleted":"0","num_feature":"2","num_nodes":"13","size_leaf_vector":"1"}},{"base_weights":[-4.7367173E-1,-2.354871E0,2.90987E-1,-2.7962685E-1,-7.3603824E-2,-4.200999E-2,8.5998535E-1,-3.2559714E-1,1.8118287E-2,2.3928834E-2,1.05068974E-1,-3.9083865E-2,-9.755707E-3],"categories":[],"categories_nodes":[],"categories_segments":[],"categories_sizes":[],"default_left":[0,0,0,0,0,0,0,0,0,0,0,0,0],"id":73,"left_children":[1,3,5,-1,-1,7,9,11,-1,-1,-1,-1,-1],"loss_changes":[1.5069992E1,8.548546E-2,1.5519261E0,0E0,0E0,4.3876034E-1,1.0369086E-1,6.5039694E-3,0E0,0E0,0E0,0E0,0E0],"parents":[2147483647,0,0,1,1,2,2,5,5,6,6,7,7],"right_children":[2,4,6,-1,-1,8,10,12,-1,-1,-1,-1,-1],"split_conditions":[2.0097321E-1,1.00676894E-1,8.031905E-1,-2.7962685E-1,-7.3603824E-2,5.024596E-1,1E0,3.0138972E-1,1.8118287E-2,2.3928834E-2,1.05068974E-1,-3.9083865E-2,-9.755707E-3],"split_indices":[0,0,0,0,0,0,0,0,0,0,0,0,0],"split_type":[0,0,0,0,0,0,0,0,0,0,0,0,0],"sum_hessian":[9E0,2E0,7E0,1E0,1E0,5E0,2E0,2E0,3E0,1E0,1E0,1E0,1E0],"tree_param":{"num_deleted":"0","num_feature":"2","num_nodes":"13","size_leaf_vector":"1"}},{"base_weights":[-4.5180053E-1,-2.2371266E0,2.7417183E-1,-2.656456E-1,-6.99234E-2,-1.19076535E-1,6.9718933E-1,-3.0932108E-1,1.108602E-2,2.641398E-2,9.9816896E-2,-3.7129976E-2,-9.268189E-3],"categories":[],"categories_nodes":[],"categories_segments":[],"categories_sizes":[],"default_left":[0,0,0,0,0,0,0,0,0,0,0,0,0],"id":74,"left_children":[1,3,5,-1,-1,7,9,11,-1,-1,-1,-1,-1],"loss_changes":[1.3574331E1,7.716656E-2,1.4138265E0,0E0,0E0,2.5301242E-1,2.577002E-1,5.868286E-3,0E0,0E0,0E0,0E0,0E0],"parents":[2147483647,0,0,1,1,2,2,5,5,6,6,7,7],"right_children":[2,4,6,-1,-1,8,10,12,-1,-1,-1,-1,-1],"split_conditions":[2.0097321E-1,1.00676894E-1,7.0394593E-1,-2.656456E-1,-6.99234E-2,5.024596E-1,1E0,3.0138972E-1,1.108602E-2,2.641398E-2,9.9816896E-2,-3.7129976E-2,-9.268189E-3],"split_indices":[0,0,0,0,0,0,0,0,0,0,0,0,0],"split_type":[0,0,0,0,0,0,0,0,0,0,0,0,0],"sum_hessian":[9E0,2E0,7E0,1E0,1E0,4E0,3E0,2E0,2E0,2E0,1E0,1E0,1E0],"tree_param":{"num_deleted":"0","num_feature":"2","num_nodes":"13","size_leaf_vector":"1"}},{"base_weights":[-4.3108597E-1,-2.125272E0,2.5811958E-1,-2.523632E-1,-6.642761E-2,-4.33019E-2,7.7492267E-1,-2.9385886E-1,1.5544128E-1,2.1411134E-2,9.482727E-2,-3.5273742E-2,-8.805084E-3,4.310608E-3,1.7851766E-2],"categories":[],"categories_nodes":[],"categories_segments":[],"categories_sizes":[],"default_left":[0,0,0,0,0,0,0,0,0,0,0,0,0,0,0],"id":75,"left_children":[1,3,5,-1,-1,7,9,11,13,-1,-1,-1,-1,-1,-1],"loss_changes":[1.2225E1,6.961727E-2,1.2797601E0,0E0,0E0,3.4445673E-1,8.861399E-2,5.2942038E-3,2.6739612E-3,0E0,0E0,0E0,0E0,0E0,0E0],"parents":[2147483647,0,0,1,1,2,2,5,5,6,6,7,7,8,8],"right_children":[2,4,6,-1,-1,8,10,12,14,-1,-1,-1,-1,-1,-1],"split_conditions":[2.0097321E-1,1.00676894E-1,8.031905E-1,-2.523632E-1,-6.642761E-2,5.024596E-1,1E0,3.0138972E-1,6.017341E-1,2.1411134E-2,9.482727E-2,-3.5273742E-2,-8.805084E-3,4.310608E-3,1.7851766E-2],"split_indices":[0,0,0,0,0,0,0,0,0,0,0,0,0,0,0],"split_type":[0,0,0,0,0,0,0,0,0,0,0,0,0,0,0],"sum_hessian":[9E0,2E0,7E0,1E0,1E0,5E0,2E0,2E0,3E0,1E0,1E0,1E0,1E0,1E0,2E0],"tree_param":{"num_deleted":"0","num_feature":"2","num_nodes":"15","size_leaf_vector":"1"}},{"base_weights":[-4.104271E-1,-2.0190098E0,2.4409485E-1,-2.3974495E-1,-6.310654E-2,-4.2622883E-2,7.3616534E-1,-2.7916464E-1,1.4543915E-1,2.0339966E-2,9.008484E-2,-3.350983E-2,-8.364868E-3,4.095459E-3,1.666158E-2],"categories":[],"categories_nodes":[],"categories_segments":[],"categories_sizes":[],"default_left":[0,0,0,0,0,0,0,0,0,0,0,0,0,0,0],"id":76,"left_children":[1,3,5,-1,-1,7,9,11,13,-1,-1,-1,-1,-1,-1],"loss_changes":[1.10213585E1,6.281185E-2,1.1600602E0,0E0,0E0,3.0750862E-1,7.9980254E-2,4.777223E-3,2.0268485E-3,0E0,0E0,0E0,0E0,0E0,0E0],"parents":[2147483647,0,0,1,1,2,2,5,5,6,6,7,7,8,8],"right_children":[2,4,6,-1,-1,8,10,12,14,-1,-1,-1,-1,-1,-1],"split_conditions":[2.0097321E-1,1.00676894E-1,8.031905E-1,-2.3974495E-1,-6.310654E-2,5.024596E-1,1E0,3.0138972E-1,6.017341E-1,2.0339966E-2,9.008484E-2,-3.350983E-2,-8.364868E-3,4.095459E-3,1.666158E-2],"split_indices":[0,0,0,0,0,0,0,0,0,0,0,0,0,0,0],"split_type":[0,0,0,0,0,0,0,0,0,0,0,0,0,0,0],"sum_hessian":[9E0,2E0,7E0,1E0,1E0,5E0,2E0,2E0,3E0,1E0,1E0,1E0,1E0,1E0,2E0],"tree_param":{"num_deleted":"0","num_feature":"2","num_nodes":"15","size_leaf_vector":"1"}},{"base_weights":[-3.9073715E-1,-1.9180578E0,2.3085022E-1,-2.2775765E-1,-5.995102E-2,-4.188029E-2,6.9936115E-1,-2.6520792E-1,1.3608551E-1,1.932373E-2,8.5580446E-2,-3.1834412E-2,-7.946777E-3,3.8909912E-3,1.555074E-2],"categories":[],"categories_nodes":[],"categories_segments":[],"categories_sizes":[],"default_left":[0,0,0,0,0,0,0,0,0,0,0,0,0,0,0],"id":77,"left_children":[1,3,5,-1,-1,7,9,11,13,-1,-1,-1,-1,-1,-1],"loss_changes":[9.936417E0,5.669689E-2,1.0515072E0,0E0,0E0,2.7455902E-1,7.216573E-2,4.310474E-3,1.4985576E-3,0E0,0E0,0E0,0E0,0E0,0E0],"parents":[2147483647,0,0,1,1,2,2,5,5,6,6,7,7,8,8],"right_children":[2,4,6,-1,-1,8,10,12,14,-1,-1,-1,-1,-1,-1],"split_conditions":[2.0097321E-1,1.00676894E-1,8.031905E-1,-2.2775765E-1,-5.995102E-2,5.024596E-1,1E0,3.0138972E-1,6.017341E-1,1.932373E-2,8.5580446E-2,-3.1834412E-2,-7.946777E-3,3.8909912E-3,1.555074E-2],"split_indices":[0,0,0,0,0,0,0,0,0,0,0,0,0,0,0],"split_type":[0,0,0,0,0,0,0,0,0,0,0,0,0,0,0],"sum_hessian":[9E0,2E0,7E0,1E0,1E0,5E0,2E0,2E0,3E0,1E0,1E0,1E0,1E0,1E0,2E0],"tree_param":{"num_deleted":"0","num_feature":"2","num_nodes":"15","size_leaf_vector":"1"}},{"base_weights":[-3.7198335E-1,-1.8221537E0,2.1832848E-1,-2.1636963E-1,-5.695343E-2,-4.1089375E-2,6.64388E-1,-2.5194803E-1,1.2732697E-1,1.8356323E-2,8.130188E-2,-3.024292E-2,-7.549286E-3,3.6956787E-3,1.4513142E-2],"categories":[],"categories_nodes":[],"categories_segments":[],"categories_sizes":[],"default_left":[0,0,0,0,0,0,0,0,0,0,0,0,0,0,0],"id":78,"left_children":[1,3,5,-1,-1,7,9,11,13,-1,-1,-1,-1,-1,-1],"loss_changes":[8.958356E0,5.1169395E-2,9.530258E-1,0E0,0E0,2.4515206E-1,6.5155745E-2,3.8917363E-3,1.072377E-3,0E0,0E0,0E0,0E0,0E0,0E0],"parents":[2147483647,0,0,1,1,2,2,5,5,6,6,7,7,8,8],"right_children":[2,4,6,-1,-1,8,10,12,14,-1,-1,-1,-1,-1,-1],"split_conditions":[2.0097321E-1,1.00676894E-1,8.031905E-1,-2.1636963E-1,-5.695343E-2,5.024596E-1,1E0,3.0138972E-1,6.017341E-1,1.8356323E-2,8.130188E-2,-3.024292E-2,-7.549286E-3,3.6956787E-3,1.4513142E-2],"split_indices":[0,0,0,0,0,0,0,0,0,0,0,0,0,0,0],"split_type":[0,0,0,0,0,0,0,0,0,0,0,0,0,0,0],"sum_hessian":[9E0,2E0,7E0,1E0,1E0,5E0,2E0,2E0,3E0,1E0,1E0,1E0,1E0,1E0,2E0],"tree_param":{"num_deleted":"0","num_feature":"2","num_nodes":"15","size_leaf_vector":"1"}},{"base_weights":[-3.5411376E-1,-1.7310486E0,2.06501E-1,-2.0555115E-1,-5.4106142E-2,-4.02476E-2,6.3116455E-1,-2.3934937E-1,1.19140625E-1,1.7437745E-2,7.723694E-2,-2.8730774E-2,-7.171631E-3,3.5110475E-3,1.3544719E-2],"categories":[],"categories_nodes":[],"categories_segments":[],"categories_sizes":[],"default_left":[0,0,0,0,0,0,0,0,0,0,0,0,0,0,0],"id":79,"left_children":[1,3,5,-1,-1,7,9,11,13,-1,-1,-1,-1,-1,-1],"loss_changes":[8.076764E0,4.616165E-2,8.6368406E-1,0E0,0E0,2.1892309E-1,5.8817744E-2,3.5135895E-3,7.253587E-4,0E0,0E0,0E0,0E0,0E0,0E0],"parents":[2147483647,0,0,1,1,2,2,5,5,6,6,7,7,8,8],"right_children":[2,4,6,-1,-1,8,10,12,14,-1,-1,-1,-1,-1,-1],"split_conditions":[2.0097321E-1,1.00676894E-1,8.031905E-1,-2.0555115E-1,-5.4106142E-2,5.024596E-1,1E0,3.0138972E-1,6.017341E-1,1.7437745E-2,7.723694E-2,-2.8730774E-2,-7.171631E-3,3.5110475E-3,1.3544719E-2],"split_indices":[0,0,0,0,0,0,0,0,0,0,0,0,0,0,0],"split_type":[0,0,0,0,0,0,0,0,0,0,0,0,0,0,0],"sum_hessian":[9E0,2E0,7E0,1E0,1E0,5E0,2E0,2E0,3E0,1E0,1E0,1E0,1E0,1E0,2E0],"tree_param":{"num_deleted":"0","num_feature":"2","num_nodes":"15","size_leaf_vector":"1"}},{"base_weights":[-3.3708495E-1,-1.6444956E0,1.9532967E-1,-1.952736E-1,-5.140076E-2,-3.936513E-2,5.996094E-1,-2.273814E-1,1.1148834E-1,1.6564941E-2,7.337647E-2,-2.7294159E-2,-6.8130493E-3,3.3355714E-3,1.2641399E-2],"categories":[],"categories_nodes":[],"categories_segments":[],"categories_sizes":[],"default_left":[0,0,0,0,0,0,0,0,0,0,0,0,0,0,0],"id":80,"left_children":[1,3,5,-1,-1,7,9,11,13,-1,-1,-1,-1,-1,-1],"loss_changes":[7.2820635E0,4.1665077E-2,7.826625E-1,0E0,0E0,1.955278E-1,5.3106308E-2,3.1708628E-3,4.4809282E-4,0E0,0E0,0E0,0E0,0E0,0E0],"parents":[2147483647,0,0,1,1,2,2,5,5,6,6,7,7,8,8],"right_children":[2,4,6,-1,-1,8,10,12,14,-1,-1,-1,-1,-1,-1],"split_conditions":[2.0097321E-1,1.00676894E-1,8.031905E-1,-1.952736E-1,-5.140076E-2,5.024596E-1,1E0,3.0138972E-1,6.017341E-1,1.6564941E-2,7.337647E-2,-2.7294159E-2,-6.8130493E-3,3.3355714E-3,1.2641399E-2],"split_indices":[0,0,0,0,0,0,0,0,0,0,0,0,0,0,0],"split_type":[0,0,0,0,0,0,0,0,0,0,0,0,0,0,0],"sum_hessian":[9E0,2E0,7E0,1E0,1E0,5E0,2E0,2E0,3E0,1E0,1E0,1E0,1E0,1E0,2E0],"tree_param":{"num_deleted":"0","num_feature":"2","num_nodes":"15","size_leaf_vector":"1"}},{"base_weights":[-3.2085648E-1,-1.5622686E0,1.8478012E-1,-1.8550988E-1,-4.8830416E-2,-3.8447063E-2,5.696411E-1,-2.160136E-1,1.043396E-1,1.5737915E-2,6.970825E-2,-2.5929261E-2,-6.4727785E-3,3.1692504E-3,1.1799113E-2],"categories":[],"categories_nodes":[],"categories_segments":[],"categories_sizes":[],"default_left":[0,0,0,0,0,0,0,0,0,0,0,0,0,0,0],"id":81,"left_children":[1,3,5,-1,-1,7,9,11,13,-1,-1,-1,-1,-1,-1],"loss_changes":[6.56571E0,3.7614822E-2,7.091925E-1,0E0,0E0,1.7466354E-1,4.7911465E-2,2.859071E-3,2.2754073E-4,0E0,0E0,0E0,0E0,0E0,0E0],"parents":[2147483647,0,0,1,1,2,2,5,5,6,6,7,7,8,8],"right_children":[2,4,6,-1,-1,8,10,12,14,-1,-1,-1,-1,-1,-1],"split_conditions":[2.0097321E-1,1.00676894E-1,8.031905E-1,-1.8550988E-1,-4.8830416E-2,5.024596E-1,1E0,3.0138972E-1,6.017341E-1,1.5737915E-2,6.970825E-2,-2.5929261E-2,-6.4727785E-3,3.1692504E-3,1.1799113E-2],"split_indices":[0,0,0,0,0,0,0,0,0,0,0,0,0,0,0],"split_type":[0,0,0,0,0,0,0,0,0,0,0,0,0,0,0],"sum_hessian":[9E0,2E0,7E0,1E0,1E0,5E0,2E0,2E0,3E0,1E0,1E0,1E0,1E0,1E0,2E0],"tree_param":{"num_deleted":"0","num_feature":"2","num_nodes":"15","size_leaf_vector":"1"}},{"base_weights":[-3.054077E-1,-1.4841563E0,1.7479897E-1,-1.7623444E-1,-4.638901E-2,-3.7513733E-2,5.41158E-1,-2.0521545E-1,9.764099E-2,1.4950561E-2,6.6223145E-2,-2.4633026E-2,-6.149292E-3,3.0105591E-3,1.101176E-2],"categories":[],"categories_nodes":[],"categories_segments":[],"categories_sizes":[],"default_left":[0,0,0,0,0,0,0,0,0,0,0,0,0,0,0],"id":82,"left_children":[1,3,5,-1,-1,7,9,11,13,-1,-1,-1,-1,-1,-1],"loss_changes":[5.919858E0,3.3943653E-2,6.4256227E-1,0E0,0E0,1.5603152E-1,4.3248713E-2,2.5798082E-3,5.5294484E-5,0E0,0E0,0E0,0E0,0E0,0E0],"parents":[2147483647,0,0,1,1,2,2,5,5,6,6,7,7,8,8],"right_children":[2,4,6,-1,-1,8,10,12,14,-1,-1,-1,-1,-1,-1],"split_conditions":[2.0097321E-1,1.00676894E-1,8.031905E-1,-1.7623444E-1,-4.638901E-2,5.024596E-1,1E0,3.0138972E-1,6.017341E-1,1.4950561E-2,6.6223145E-2,-2.4633026E-2,-6.149292E-3,3.0105591E-3,1.101176E-2],"split_indices":[0,0,0,0,0,0,0,0,0,0,0,0,0,0,0],"split_type":[0,0,0,0,0,0,0,0,0,0,0,0,0,0,0],"sum_hessian":[9E0,2E0,7E0,1E0,1E0,5E0,2E0,2E0,3E0,1E0,1E0,1E0,1E0,1E0,2E0],"tree_param":{"num_deleted":"0","num_feature":"2","num_nodes":"15","size_leaf_vector":"1"}},{"base_weights":[-2.9069138E-1,-1.4099503E0,1.6536713E-1,-1.6742288E-1,-4.4069674E-2,-3.656006E-2,5.140991E-1,-1.9495647E-1,9.137726E-3,1.4202881E-2,6.291199E-2,-2.3401642E-2,-5.8418275E-3],"categories":[],"categories_nodes":[],"categories_segments":[],"categories_sizes":[],"default_left":[0,0,0,0,0,0,0,0,0,0,0,0,0],"id":83,"left_children":[1,3,5,-1,-1,7,9,11,-1,-1,-1,-1,-1],"loss_changes":[5.337635E0,3.0631542E-2,5.821432E-1,0E0,0E0,1.3940346E-1,3.9034307E-2,2.3286939E-3,0E0,0E0,0E0,0E0,0E0],"parents":[2147483647,0,0,1,1,2,2,5,5,6,6,7,7],"right_children":[2,4,6,-1,-1,8,10,12,-1,-1,-1,-1,-1],"split_conditions":[2.0097321E-1,1.00676894E-1,8.031905E-1,-1.6742288E-1,-4.4069674E-2,5.024596E-1,1E0,3.0138972E-1,9.137726E-3,1.4202881E-2,6.291199E-2,-2.3401642E-2,-5.8418275E-3],"split_indices":[0,0,0,0,0,0,0,0,0,0,0,0,0],"split_type":[0,0,0,0,0,0,0,0,0,0,0,0,0],"sum_hessian":[9E0,2E0,7E0,1E0,1E0,5E0,2E0,2E0,3E0,1E0,1E0,1E0,1E0],"tree_param":{"num_deleted":"0","num_feature":"2","num_nodes":"13","size_leaf_vector":"1"}},{"base_weights":[-2.7706987E-1,-1.3394547E0,1.5595818E-1,-1.590519E-1,-4.1866302E-2,-3.6247253E-2,4.8838297E-1,-1.852061E-1,8.453369E-2,1.34918215E-2,5.9765626E-2,-2.2231294E-2,-5.549622E-3,2.4032593E-3,9.668986E-3],"categories":[],"categories_nodes":[],"categories_segments":[],"categories_sizes":[],"default_left":[0,0,0,0,0,0,0,0,0,0,0,0,0,0,0],"id":84,"left_children":[1,3,5,-1,-1,7,9,11,13,-1,-1,-1,-1,-1,-1],"loss_changes":[4.809323E0,2.764225E-2,5.288533E-1,0E0,0E0,1.23604484E-1,3.5238087E-2,2.101846E-3,6.181374E-4,0E0,0E0,0E0,0E0,0E0,0E0],"parents":[2147483647,0,0,1,1,2,2,5,5,6,6,7,7,8,8],"right_children":[2,4,6,-1,-1,8,10,12,14,-1,-1,-1,-1,-1,-1],"split_conditions":[2.0097321E-1,1.00676894E-1,8.031905E-1,-1.590519E-1,-4.1866302E-2,5.024596E-1,1E0,3.0138972E-1,6.017341E-1,1.34918215E-2,5.9765626E-2,-2.2231294E-2,-5.549622E-3,2.4032593E-3,9.668986E-3],"split_indices":[0,0,0,0,0,0,0,0,0,0,0,0,0,0,0],"split_type":[0,0,0,0,0,0,0,0,0,0,0,0,0,0,0],"sum_hessian":[9E0,2E0,7E0,1E0,1E0,5E0,2E0,2E0,3E0,1E0,1E0,1E0,1E0,1E0,2E0],"tree_param":{"num_deleted":"0","num_feature":"2","num_nodes":"15","size_leaf_vector":"1"}},{"base_weights":[-2.6369935E-1,-1.2724813E0,1.475563E-1,-1.510994E-1,-3.9772797E-2,-3.5242718E-2,4.639689E-1,-1.7594402E-1,7.909393E-2,1.2817383E-2,5.6777954E-2,-2.111969E-2,-5.2719116E-3,2.282715E-3,9.024048E-3],"categories":[],"categories_nodes":[],"categories_segments":[],"categories_sizes":[],"default_left":[0,0,0,0,0,0,0,0,0,0,0,0,0,0,0],"id":85,"left_children":[1,3,5,-1,-1,7,9,11,13,-1,-1,-1,-1,-1,-1],"loss_changes":[4.3364353E0,2.4954796E-2,4.790709E-1,0E0,0E0,1.1043999E-1,3.1802773E-2,1.8979833E-3,4.4878758E-4,0E0,0E0,0E0,0E0,0E0,0E0],"parents":[2147483647,0,0,1,1,2,2,5,5,6,6,7,7,8,8],"right_children":[2,4,6,-1,-1,8,10,12,14,-1,-1,-1,-1,-1,-1],"split_conditions":[2.0097321E-1,1.00676894E-1,8.031905E-1,-1.510994E-1,-3.9772797E-2,5.024596E-1,1E0,3.0138972E-1,6.017341E-1,1.2817383E-2,5.6777954E-2,-2.111969E-2,-5.2719116E-3,2.282715E-3,9.024048E-3],"split_indices":[0,0,0,0,0,0,0,0,0,0,0,0,0,0,0],"split_type":[0,0,0,0,0,0,0,0,0,0,0,0,0,0,0],"sum_hessian":[9E0,2E0,7E0,1E0,1E0,5E0,2E0,2E0,3E0,1E0,1E0,1E0,1E0,1E0,2E0],"tree_param":{"num_deleted":"0","num_feature":"2","num_nodes":"15","size_leaf_vector":"1"}},{"base_weights":[-2.5096512E-1,-1.2088547E0,1.396141E-1,-1.4354439E-1,-3.7783813E-2,-3.4235638E-2,4.4077554E-1,-1.6714478E-1,7.400513E-2,1.2176514E-2,5.393982E-2,-2.0063782E-2,-5.0079348E-3,2.168274E-3,8.421835E-3],"categories":[],"categories_nodes":[],"categories_segments":[],"categories_sizes":[],"default_left":[0,0,0,0,0,0,0,0,0,0,0,0,0,0,0],"id":86,"left_children":[1,3,5,-1,-1,7,9,11,13,-1,-1,-1,-1,-1,-1],"loss_changes":[3.9100907E0,2.253294E-2,4.3394494E-1,0E0,0E0,9.8686695E-2,2.870506E-2,1.7148256E-3,3.1143427E-4,0E0,0E0,0E0,0E0,0E0,0E0],"parents":[2147483647,0,0,1,1,2,2,5,5,6,6,7,7,8,8],"right_children":[2,4,6,-1,-1,8,10,12,14,-1,-1,-1,-1,-1,-1],"split_conditions":[2.0097321E-1,1.00676894E-1,8.031905E-1,-1.4354439E-1,-3.7783813E-2,5.024596E-1,1E0,3.0138972E-1,6.017341E-1,1.2176514E-2,5.393982E-2,-2.0063782E-2,-5.0079348E-3,2.168274E-3,8.421835E-3],"split_indices":[0,0,0,0,0,0,0,0,0,0,0,0,0,0,0],"split_type":[0,0,0,0,0,0,0,0,0,0,0,0,0,0,0],"sum_hessian":[9E0,2E0,7E0,1E0,1E0,5E0,2E0,2E0,3E0,1E0,1E0,1E0,1E0,1E0,2E0],"tree_param":{"num_deleted":"0","num_feature":"2","num_nodes":"15","size_leaf_vector":"1"}},{"base_weights":[-2.3884277E-1,-1.1484121E0,1.3210106E-1,-1.3636704E-1,-3.5894778E-2,-3.3226013E-2,4.1872153E-1,-1.5878804E-1,6.9252014E-2,1.1566162E-2,5.1242065E-2,-1.9060517E-2,-4.7576907E-3,2.0599365E-3,7.860311E-3],"categories":[],"categories_nodes":[],"categories_segments":[],"categories_sizes":[],"default_left":[0,0,0,0,0,0,0,0,0,0,0,0,0,0,0],"id":87,"left_children":[1,3,5,-1,-1,7,9,11,13,-1,-1,-1,-1,-1,-1],"loss_changes":[3.5256975E0,2.0329714E-2,3.9300144E-1,0E0,0E0,8.8200495E-2,2.592194E-2,1.5468448E-3,2.0064786E-4,0E0,0E0,0E0,0E0,0E0,0E0],"parents":[2147483647,0,0,1,1,2,2,5,5,6,6,7,7,8,8],"right_children":[2,4,6,-1,-1,8,10,12,14,-1,-1,-1,-1,-1,-1],"split_conditions":[2.0097321E-1,1.00676894E-1,8.031905E-1,-1.3636704E-1,-3.5894778E-2,5.024596E-1,1E0,3.0138972E-1,6.017341E-1,1.1566162E-2,5.1242065E-2,-1.9060517E-2,-4.7576907E-3,2.0599365E-3,7.860311E-3],"split_indices":[0,0,0,0,0,0,0,0,0,0,0,0,0,0,0],"split_type":[0,0,0,0,0,0,0,0,0,0,0,0,0,0,0],"sum_hessian":[9E0,2E0,7E0,1E0,1E0,5E0,2E0,2E0,3E0,1E0,1E0,1E0,1E0,1E0,2E0],"tree_param":{"num_deleted":"0","num_feature":"2","num_nodes":"15","size_leaf_vector":"1"}},{"base_weights":[-2.2730407E-1,-1.0909933E0,1.2499237E-1,-1.2954865E-1,-3.4100343E-2,-3.2226562E-2,3.977661E-1,-1.5084839E-1,6.479645E-2,1.0986328E-2,4.8678588E-2,-1.8107606E-2,-4.5196535E-3,1.9561767E-3,7.335409E-3],"categories":[],"categories_nodes":[],"categories_segments":[],"categories_sizes":[],"default_left":[0,0,0,0,0,0,0,0,0,0,0,0,0,0,0],"id":88,"left_children":[1,3,5,-1,-1,7,9,11,13,-1,-1,-1,-1,-1,-1],"loss_changes":[3.1791122E0,1.8337965E-2,3.559002E-1,0E0,0E0,7.882872E-2,2.340725E-2,1.3968125E-3,1.1347234E-4,0E0,0E0,0E0,0E0,0E0,0E0],"parents":[2147483647,0,0,1,1,2,2,5,5,6,6,7,7,8,8],"right_children":[2,4,6,-1,-1,8,10,12,14,-1,-1,-1,-1,-1,-1],"split_conditions":[2.0097321E-1,1.00676894E-1,8.031905E-1,-1.2954865E-1,-3.4100343E-2,5.024596E-1,1E0,3.0138972E-1,6.017341E-1,1.0986328E-2,4.8678588E-2,-1.8107606E-2,-4.5196535E-3,1.9561767E-3,7.335409E-3],"split_indices":[0,0,0,0,0,0,0,0,0,0,0,0,0,0,0],"split_type":[0,0,0,0,0,0,0,0,0,0,0,0,0,0,0],"sum_hessian":[9E0,2E0,7E0,1E0,1E0,5E0,2E0,2E0,3E0,1E0,1E0,1E0,1E0,1E0,2E0],"tree_param":{"num_deleted":"0","num_feature":"2","num_nodes":"15","size_leaf_vector":"1"}},{"base_weights":[-2.1630554E-1,-1.0364431E0,1.18284225E-1,-1.2307129E-1,-3.2395173E-2,-3.1222025E-2,3.7786865E-1,-1.4330547E-1,6.0646057E-2,1.0437012E-2,4.6243288E-2,-1.7201995E-2,-4.293823E-3,1.8585206E-3,6.847128E-3],"categories":[],"categories_nodes":[],"categories_segments":[],"categories_sizes":[],"default_left":[0,0,0,0,0,0,0,0,0,0,0,0,0,0,0],"id":89,"left_children":[1,3,5,-1,-1,7,9,11,13,-1,-1,-1,-1,-1,-1],"loss_changes":[2.866691E0,1.6554832E-2,3.2227376E-1,0E0,0E0,7.0472255E-2,2.11204E-2,1.2597479E-3,4.3988228E-5,0E0,0E0,0E0,0E0,0E0,0E0],"parents":[2147483647,0,0,1,1,2,2,5,5,6,6,7,7,8,8],"right_children":[2,4,6,-1,-1,8,10,12,14,-1,-1,-1,-1,-1,-1],"split_conditions":[2.0097321E-1,1.00676894E-1,8.031905E-1,-1.2307129E-1,-3.2395173E-2,5.024596E-1,1E0,3.0138972E-1,6.017341E-1,1.0437012E-2,4.6243288E-2,-1.7201995E-2,-4.293823E-3,1.8585206E-3,6.847128E-3],"split_indices":[0,0,0,0,0,0,0,0,0,0,0,0,0,0,0],"split_type":[0,0,0,0,0,0,0,0,0,0,0,0,0,0,0],"sum_hessian":[9E0,2E0,7E0,1E0,1E0,5E0,2E0,2E0,3E0,1E0,1E0,1E0,1E0,1E0,2E0],"tree_param":{"num_deleted":"0","num_feature":"2","num_nodes":"15","size_leaf_vector":"1"}},{"base_weights":[-2.058342E-1,-9.846217E-1,1.11940384E-1,-1.16917804E-1,-3.0775452E-2,-3.0230204E-2,3.589681E-1,-1.36144E-1,5.6762695E-3,9.915161E-3,4.3930054E-2,-1.6342163E-2,-4.0794373E-3],"categories":[],"categories_nodes":[],"categories_segments":[],"categories_sizes":[],"default_left":[0,0,0,0,0,0,0,0,0,0,0,0,0],"id":90,"left_children":[1,3,5,-1,-1,7,9,11,-1,-1,-1,-1,-1],"loss_changes":[2.5850077E0,1.49405E-2,2.9181224E-1,0E0,0E0,6.3010395E-2,1.905775E-2,1.1360459E-3,0E0,0E0,0E0,0E0,0E0],"parents":[2147483647,0,0,1,1,2,2,5,5,6,6,7,7],"right_children":[2,4,6,-1,-1,8,10,12,-1,-1,-1,-1,-1],"split_conditions":[2.0097321E-1,1.00676894E-1,8.031905E-1,-1.16917804E-1,-3.0775452E-2,5.024596E-1,1E0,3.0138972E-1,5.6762695E-3,9.915161E-3,4.3930054E-2,-1.6342163E-2,-4.0794373E-3],"split_indices":[0,0,0,0,0,0,0,0,0,0,0,0,0],"split_type":[0,0,0,0,0,0,0,0,0,0,0,0,0],"sum_hessian":[9E0,2E0,7E0,1E0,1E0,5E0,2E0,2E0,3E0,1E0,1E0,1E0,1E0],"tree_param":{"num_deleted":"0","num_feature":"2","num_nodes":"13","size_leaf_vector":"1"}},{"base_weights":[-1.9610901E-1,-9.353892E-1,1.0563469E-1,-1.1107178E-1,-2.9236604E-2,-2.9665628E-2,3.4102377E-1,-1.2933858E-1,5.2505493E-2,9.420777E-3,4.1732788E-2,-1.5525055E-2,-3.8757324E-3,1.4816284E-3,6.0129804E-3],"categories":[],"categories_nodes":[],"categories_segments":[],"categories_sizes":[],"default_left":[0,0,0,0,0,0,0,0,0,0,0,0,0,0,0],"id":91,"left_children":[1,3,5,-1,-1,7,9,11,13,-1,-1,-1,-1,-1,-1],"loss_changes":[2.3295407E0,1.3484955E-2,2.649024E-1,0E0,0E0,5.5932418E-2,1.7183721E-2,1.024317E-3,2.585156E-4,0E0,0E0,0E0,0E0,0E0,0E0],"parents":[2147483647,0,0,1,1,2,2,5,5,6,6,7,7,8,8],"right_children":[2,4,6,-1,-1,8,10,12,14,-1,-1,-1,-1,-1,-1],"split_conditions":[2.0097321E-1,1.00676894E-1,8.031905E-1,-1.1107178E-1,-2.9236604E-2,5.024596E-1,1E0,3.0138972E-1,6.017341E-1,9.420777E-3,4.1732788E-2,-1.5525055E-2,-3.8757324E-3,1.4816284E-3,6.0129804E-3],"split_indices":[0,0,0,0,0,0,0,0,0,0,0,0,0,0,0],"split_type":[0,0,0,0,0,0,0,0,0,0,0,0,0,0,0],"sum_hessian":[9E0,2E0,7E0,1E0,1E0,5E0,2E0,2E0,3E0,1E0,1E0,1E0,1E0,1E0,2E0],"tree_param":{"num_deleted":"0","num_feature":"2","num_nodes":"15","size_leaf_vector":"1"}},{"base_weights":[-1.8660584E-1,-8.8862103E-1,9.9975586E-2,-1.0551834E-1,-2.777481E-2,-5.9973143E-2,2.749176E-1,-1.2287394E-1,2.29187E-3,1.0225424E-2,3.9645385E-2,-1.4749146E-2,-3.6819458E-3],"categories":[],"categories_nodes":[],"categories_segments":[],"categories_sizes":[],"default_left":[0,0,0,0,0,0,0,0,0,0,0,0,0],"id":92,"left_children":[1,3,5,-1,-1,7,9,11,-1,-1,-1,-1,-1],"loss_changes":[2.1006856E0,1.2170076E-2,2.403417E-1,0E0,0E0,2.8885929E-2,4.3400347E-2,9.247847E-4,0E0,0E0,0E0,0E0,0E0],"parents":[2147483647,0,0,1,1,2,2,5,5,6,6,7,7],"right_children":[2,4,6,-1,-1,8,10,12,-1,-1,-1,-1,-1],"split_conditions":[2.0097321E-1,1.00676894E-1,7.0394593E-1,-1.0551834E-1,-2.777481E-2,5.024596E-1,1E0,3.0138972E-1,2.29187E-3,1.0225424E-2,3.9645385E-2,-1.4749146E-2,-3.6819458E-3],"split_indices":[0,0,0,0,0,0,0,0,0,0,0,0,0],"split_type":[0,0,0,0,0,0,0,0,0,0,0,0,0],"sum_hessian":[9E0,2E0,7E0,1E0,1E0,4E0,3E0,2E0,2E0,2E0,1E0,1E0,1E0],"tree_param":{"num_deleted":"0","num_feature":"2","num_nodes":"13","size_leaf_vector":"1"}},{"base_weights":[-1.779068E-1,-8.441925E-1,9.418869E-2,-1.00242615E-1,-2.6386261E-2,-2.8081259E-2,3.0733237E-1,-1.1672974E-1,4.5425415E-2,8.43811E-3,3.7661742E-2,-1.4011383E-2,-3.4980774E-3,1.2924195E-3,5.195109E-3],"categories":[],"categories_nodes":[],"categories_segments":[],"categories_sizes":[],"default_left":[0,0,0,0,0,0,0,0,0,0,0,0,0,0,0],"id":93,"left_children":[1,3,5,-1,-1,7,9,11,13,-1,-1,-1,-1,-1,-1],"loss_changes":[1.8924468E0,1.0980129E-2,2.171188E-1,0E0,0E0,4.4400025E-2,1.4562219E-2,8.3358213E-4,1.769429E-4,0E0,0E0,0E0,0E0,0E0,0E0],"parents":[2147483647,0,0,1,1,2,2,5,5,6,6,7,7,8,8],"right_children":[2,4,6,-1,-1,8,10,12,14,-1,-1,-1,-1,-1,-1],"split_conditions":[2.0097321E-1,1.00676894E-1,8.031905E-1,-1.00242615E-1,-2.6386261E-2,5.024596E-1,1E0,3.0138972E-1,6.017341E-1,8.43811E-3,3.7661742E-2,-1.4011383E-2,-3.4980774E-3,1.2924195E-3,5.195109E-3],"split_indices":[0,0,0,0,0,0,0,0,0,0,0,0,0,0,0],"split_type":[0,0,0,0,0,0,0,0,0,0,0,0,0,0,0],"sum_hessian":[9E0,2E0,7E0,1E0,1E0,5E0,2E0,2E0,3E0,1E0,1E0,1E0,1E0,1E0,2E0],"tree_param":{"num_deleted":"0","num_feature":"2","num_nodes":"15","size_leaf_vector":"1"}},{"base_weights":[-1.6926804E-1,-8.0198413E-1,8.915901E-2,-9.523048E-2,-2.506714E-2,-2.7107239E-2,2.9197183E-1,-1.1089579E-1,4.2510986E-2,8.016968E-3,3.577881E-2,-1.3311005E-2,-3.3233643E-3,1.9236247E-3,5.6167603E-3],"categories":[],"categories_nodes":[],"categories_segments":[],"categories_sizes":[],"default_left":[0,0,0,0,0,0,0,0,0,0,0,0,0,0,0],"id":94,"left_children":[1,3,5,-1,-1,7,9,11,13,-1,-1,-1,-1,-1,-1],"loss_changes":[1.7066137E0,9.9054575E-3,1.9655684E-1,0E0,0E0,3.9713554E-2,1.3136327E-2,7.518865E-4,1.9096304E-4,0E0,0E0,0E0,0E0,0E0,0E0],"parents":[2147483647,0,0,1,1,2,2,5,5,6,6,7,7,8,8],"right_children":[2,4,6,-1,-1,8,10,12,14,-1,-1,-1,-1,-1,-1],"split_conditions":[2.0097321E-1,1.00676894E-1,8.031905E-1,-9.523048E-2,-2.506714E-2,5.024596E-1,1E0,3.0138972E-1,7.0394593E-1,8.016968E-3,3.577881E-2,-1.3311005E-2,-3.3233643E-3,1.9236247E-3,5.6167603E-3],"split_indices":[0,0,0,0,0,0,0,0,0,0,0,0,0,0,0],"split_type":[0,0,0,0,0,0,0,0,0,0,0,0,0,0,0],"sum_hessian":[9E0,2E0,7E0,1E0,1E0,5E0,2E0,2E0,3E0,1E0,1E0,1E0,1E0,2E0,1E0],"tree_param":{"num_deleted":"0","num_feature":"2","num_nodes":"15","size_leaf_vector":"1"}},{"base_weights":[-1.6089706E-1,-7.6188403E-1,8.458519E-2,-9.046898E-2,-2.381363E-2,-2.5911966E-2,2.7738443E-1,-1.0535177E-1,4.0145874E-2,7.6171877E-3,3.399048E-2,-1.2645721E-2,-3.1570436E-3,1.7954508E-3,5.3359987E-3],"categories":[],"categories_nodes":[],"categories_segments":[],"categories_sizes":[],"default_left":[0,0,0,0,0,0,0,0,0,0,0,0,0,0,0],"id":95,"left_children":[1,3,5,-1,-1,7,9,11,13,-1,-1,-1,-1,-1,-1],"loss_changes":[1.5397606E0,8.942962E-3,1.7761771E-1,0E0,0E0,3.5715166E-2,1.184845E-2,6.7925453E-4,2.1490455E-4,0E0,0E0,0E0,0E0,0E0,0E0],"parents":[2147483647,0,0,1,1,2,2,5,5,6,6,7,7,8,8],"right_children":[2,4,6,-1,-1,8,10,12,14,-1,-1,-1,-1,-1,-1],"split_conditions":[2.0097321E-1,1.00676894E-1,8.031905E-1,-9.046898E-2,-2.381363E-2,5.024596E-1,1E0,3.0138972E-1,7.0394593E-1,7.6171877E-3,3.399048E-2,-1.2645721E-2,-3.1570436E-3,1.7954508E-3,5.3359987E-3],"split_indices":[0,0,0,0,0,0,0,0,0,0,0,0,0,0,0],"split_type":[0,0,0,0,0,0,0,0,0,0,0,0,0,0,0],"sum_hessian":[9E0,2E0,7E0,1E0,1E0,5E0,2E0,2E0,3E0,1E0,1E0,1E0,1E0,2E0,1E0],"tree_param":{"num_deleted":"0","num_feature":"2","num_nodes":"15","size_leaf_vector":"1"}},{"base_weights":[-1.5294418E-1,-7.2378796E-1,8.024025E-2,-8.594551E-2,-2.262268E-2,-2.4767557E-2,2.6350912E-1,-1.000824E-1,3.791046E-2,7.235718E-3,3.229065E-2,-1.2013244E-2,-2.999115E-3,1.6754151E-3,5.06897E-3],"categories":[],"categories_nodes":[],"categories_segments":[],"categories_sizes":[],"default_left":[0,0,0,0,0,0,0,0,0,0,0,0,0,0,0],"id":96,"left_children":[1,3,5,-1,-1,7,9,11,13,-1,-1,-1,-1,-1,-1],"loss_changes":[1.3891957E0,8.07631E-3,1.6048376E-1,0E0,0E0,3.211768E-2,1.0697171E-2,6.1308965E-4,2.3218337E-4,0E0,0E0,0E0,0E0,0E0,0E0],"parents":[2147483647,0,0,1,1,2,2,5,5,6,6,7,7,8,8],"right_children":[2,4,6,-1,-1,8,10,12,14,-1,-1,-1,-1,-1,-1],"split_conditions":[2.0097321E-1,1.00676894E-1,8.031905E-1,-8.594551E-2,-2.262268E-2,5.024596E-1,1E0,3.0138972E-1,7.0394593E-1,7.235718E-3,3.229065E-2,-1.2013244E-2,-2.999115E-3,1.6754151E-3,5.06897E-3],"split_indices":[0,0,0,0,0,0,0,0,0,0,0,0,0,0,0],"split_type":[0,0,0,0,0,0,0,0,0,0,0,0,0,0,0],"sum_hessian":[9E0,2E0,7E0,1E0,1E0,5E0,2E0,2E0,3E0,1E0,1E0,1E0,1E0,2E0,1E0],"tree_param":{"num_deleted":"0","num_feature":"2","num_nodes":"15","size_leaf_vector":"1"}},{"base_weights":[-1.4538269E-1,-6.875966E-1,7.612038E-2,-8.164825E-2,-2.1491243E-2,-2.3668924E-2,2.5032553E-1,-9.5077515E-2,3.580475E-2,6.8725585E-3,3.067627E-2,-1.1412811E-2,-2.8488159E-3,1.5635173E-3,4.815674E-3],"categories":[],"categories_nodes":[],"categories_segments":[],"categories_sizes":[],"default_left":[0,0,0,0,0,0,0,0,0,0,0,0,0,0,0],"id":97,"left_children":[1,3,5,-1,-1,7,9,11,13,-1,-1,-1,-1,-1,-1],"loss_changes":[1.2533606E0,7.294774E-3,1.4499542E-1,0E0,0E0,2.8885815E-2,9.664521E-3,5.5439956E-4,2.4359906E-4,0E0,0E0,0E0,0E0,0E0,0E0],"parents":[2147483647,0,0,1,1,2,2,5,5,6,6,7,7,8,8],"right_children":[2,4,6,-1,-1,8,10,12,14,-1,-1,-1,-1,-1,-1],"split_conditions":[2.0097321E-1,1.00676894E-1,8.031905E-1,-8.164825E-2,-2.1491243E-2,5.024596E-1,1E0,3.0138972E-1,7.0394593E-1,6.8725585E-3,3.067627E-2,-1.1412811E-2,-2.8488159E-3,1.5635173E-3,4.815674E-3],"split_indices":[0,0,0,0,0,0,0,0,0,0,0,0,0,0,0],"split_type":[0,0,0,0,0,0,0,0,0,0,0,0,0,0,0],"sum_hessian":[9E0,2E0,7E0,1E0,1E0,5E0,2E0,2E0,3E0,1E0,1E0,1E0,1E0,2E0,1E0],"tree_param":{"num_deleted":"0","num_feature":"2","num_nodes":"15","size_leaf_vector":"1"}},{"base_weights":[-1.381958E-1,-6.5321857E-1,7.221222E-2,-7.756577E-2,-2.0417023E-2,-2.2613525E-2,2.3779297E-1,-9.032186E-2,3.3821106E-2,6.5277102E-3,2.9141236E-2,-1.0842132E-2,-2.7061463E-3,1.4597576E-3,4.5745852E-3],"categories":[],"categories_nodes":[],"categories_segments":[],"categories_sizes":[],"default_left":[0,0,0,0,0,0,0,0,0,0,0,0,0,0,0],"id":98,"left_children":[1,3,5,-1,-1,7,9,11,13,-1,-1,-1,-1,-1,-1],"loss_changes":[1.1308196E0,6.577015E-3,1.3098788E-1,0E0,0E0,2.5981354E-2,8.728027E-3,5.0090067E-4,2.4916464E-4,0E0,0E0,0E0,0E0,0E0,0E0],"parents":[2147483647,0,0,1,1,2,2,5,5,6,6,7,7,8,8],"right_children":[2,4,6,-1,-1,8,10,12,14,-1,-1,-1,-1,-1,-1],"split_conditions":[2.0097321E-1,1.00676894E-1,8.031905E-1,-7.756577E-2,-2.0417023E-2,5.024596E-1,1E0,3.0138972E-1,7.0394593E-1,6.5277102E-3,2.9141236E-2,-1.0842132E-2,-2.7061463E-3,1.4597576E-3,4.5745852E-3],"split_indices":[0,0,0,0,0,0,0,0,0,0,0,0,0,0,0],"split_type":[0,0,0,0,0,0,0,0,0,0,0,0,0,0,0],"sum_hessian":[9E0,2E0,7E0,1E0,1E0,5E0,2E0,2E0,3E0,1E0,1E0,1E0,1E0,2E0,1E0],"tree_param":{"num_deleted":"0","num_feature":"2","num_nodes":"15","size_leaf_vector":"1"}},{"base_weights":[-1.3135758E-1,-6.205571E-1,6.851196E-2,-7.368737E-2,-1.939621E-2,-2.1606445E-2,2.2591145E-1,-8.580526E-2,3.1944275E-2,6.201172E-3,2.7685547E-2,-1.0299683E-2,-2.571106E-3,1.3621013E-3,4.3457034E-3],"categories":[],"categories_nodes":[],"categories_segments":[],"categories_sizes":[],"default_left":[0,0,0,0,0,0,0,0,0,0,0,0,0,0,0],"id":99,"left_children":[1,3,5,-1,-1,7,9,11,13,-1,-1,-1,-1,-1,-1],"loss_changes":[1.0202765E0,5.934596E-3,1.18357874E-1,0E0,0E0,2.3368342E-2,7.880852E-3,4.5118295E-4,2.5187666E-4,0E0,0E0,0E0,0E0,0E0,0E0],"parents":[2147483647,0,0,1,1,2,2,5,5,6,6,7,7,8,8],"right_children":[2,4,6,-1,-1,8,10,12,14,-1,-1,-1,-1,-1,-1],"split_conditions":[2.0097321E-1,1.00676894E-1,8.031905E-1,-7.368737E-2,-1.939621E-2,5.024596E-1,1E0,3.0138972E-1,7.0394593E-1,6.201172E-3,2.7685547E-2,-1.0299683E-2,-2.571106E-3,1.3621013E-3,4.3457034E-3],"split_indices":[0,0,0,0,0,0,0,0,0,0,0,0,0,0,0],"split_type":[0,0,0,0,0,0,0,0,0,0,0,0,0,0,0],"sum_hessian":[9E0,2E0,7E0,1E0,1E0,5E0,2E0,2E0,3E0,1E0,1E0,1E0,1E0,2E0,1E0],"tree_param":{"num_deleted":"0","num_feature":"2","num_nodes":"15","size_leaf_vector":"1"}}]},"name":"gbtree"},"learner_model_param":{"base_score":"3.5222223E2","boost_from_average":"1","num_class":"0","num_feature":"2","num_target":"1"},"objective":{"name":"reg:squarederror","reg_loss_param":{"scale_pos_weight":"1"}}},"version":[2,0,1]}