{"model_name": "SGDRegressorTrainer_0", "trainer": "SGDRegressorTrainer", "model_class": "scikit", "model_file": "SGDRegressorTrainer_0.json", "features": ["bpf_block_irq", "bpf_cpu_time_ms", "bpf_net_rx_irq", "bpf_net_tx_irq", "bpf_page_cache_hit"], "fe_files": [], "output_type": "AbsPower", "mae": 7.27, "mape": -1, "node_type": 0, "machine_spec": {"processor": "11th_gen_intel_core", "cores": 8, "chips": 1, "memory": 31, "frequency": 4800}, "package_mae": 7.27, "core_mae": 5.02, "uncore_mae": 1.25, "dram_mae": 0.0, "package_mape": 52.79, "core_mape": 35.47, "uncore_mape": 4864.47, "dram_mape": -1}