{"model_name": "LinearRegressionTrainer_0", "trainer": "LinearRegressionTrainer", "model_class": "scikit", "model_file": "LinearRegressionTrainer_0.json", "features": ["bpf_cpu_time_ms", "bpf_page_cache_hit"], "fe_files": [], "output_type": "AbsPower", "mae": 4.42, "mape": -1, "node_type": 0, "machine_spec": {"processor": "11th_gen_intel_core", "cores": 8, "chips": 1, "memory": 31, "frequency": 4800}, "package_mae": 4.42, "core_mae": 3.71, "uncore_mae": 0.23, "dram_mae": 0.0, "package_mape": 22.87, "core_mape": 29.01, "uncore_mape": 233.92, "dram_mape": -1}