{"learner":{"attributes":{"scikit_learn":"{\"_estimator_type\": \"regressor\"}"},"feature_names":[],"feature_types":[],"gradient_booster":{"model":{"gbtree_model_param":{"num_parallel_tree":"1","num_trees":"100"},"iteration_indptr":[0,1,2,3,4,5,6,7,8,9,10,11,12,13,14,15,16,17,18,19,20,21,22,23,24,25,26,27,28,29,30,31,32,33,34,35,36,37,38,39,40,41,42,43,44,45,46,47,48,49,50,51,52,53,54,55,56,57,58,59,60,61,62,63,64,65,66,67,68,69,70,71,72,73,74,75,76,77,78,79,80,81,82,83,84,85,86,87,88,89,90,91,92,93,94,95,96,97,98,99,100],"tree_info":[0,0,0,0,0,0,0,0,0,0,0,0,0,0,0,0,0,0,0,0,0,0,0,0,0,0,0,0,0,0,0,0,0,0,0,0,0,0,0,0,0,0,0,0,0,0,0,0,0,0,0,0,0,0,0,0,0,0,0,0,0,0,0,0,0,0,0,0,0,0,0,0,0,0,0,0,0,0,0,0,0,0,0,0,0,0,0,0,0,0,0,0,0,0,0,0,0,0,0,0],"trees":[{"base_weights":[-1.5258789E-6,-4.9000004E1,4.0833336E1,-5.7600007E0,-7.300003E-1,8.7000006E-1,4.552E0],"categories":[],"categories_nodes":[],"categories_segments":[],"categories_sizes":[],"default_left":[0,0,0,0,0,0,0],"id":0,"left_children":[1,3,5,-1,-1,-1,-1],"loss_changes":[2.2009168E4,1.3726201E3,5.0756543E2,0E0,0E0,0E0,0E0],"parents":[2147483647,0,0,1,1,2,2],"right_children":[2,4,6,-1,-1,-1,-1],"split_conditions":[6.005927E-1,4.005918E-1,6.9912046E-1,-5.7600007E0,-7.300003E-1,8.7000006E-1,4.552E0],"split_indices":[0,0,0,0,0,0,0],"split_type":[0,0,0,0,0,0,0],"sum_hessian":[9E0,4E0,5E0,3E0,1E0,1E0,4E0],"tree_param":{"num_deleted":"0","num_feature":"2","num_nodes":"7","size_leaf_vector":"1"}},{"base_weights":[-1.0680161E-1,-4.5398003E1,3.7653667E1,-5.3280005E0,-6.9350016E-1,8.2649994E-1,4.18784E0],"categories":[],"categories_nodes":[],"categories_segments":[],"categories_sizes":[],"default_left":[0,0,0,0,0,0,0],"id":1,"left_children":[1,3,5,-1,-1,-1,-1],"loss_changes":[1.881157E4,1.146331E3,3.9883008E2,0E0,0E0,0E0,0E0],"parents":[2147483647,0,0,1,1,2,2],"right_children":[2,4,6,-1,-1,-1,-1],"split_conditions":[6.005927E-1,4.005918E-1,6.9912046E-1,-5.3280005E0,-6.9350016E-1,8.2649994E-1,4.18784E0],"split_indices":[0,0,0,0,0,0,0],"split_type":[0,0,0,0,0,0,0],"sum_hessian":[9E0,4E0,5E0,3E0,1E0,1E0,4E0],"tree_param":{"num_deleted":"0","num_feature":"2","num_nodes":"7","size_leaf_vector":"1"}},{"base_weights":[-1.9683838E-1,-4.20625E1,3.4724022E1,-4.9284E0,-6.5882534E-1,1.3121219E0,4.2245116E0],"categories":[],"categories_nodes":[],"categories_segments":[],"categories_sizes":[],"default_left":[0,0,0,0,0,0,0],"id":2,"left_children":[1,3,5,-1,-1,-1,-1],"loss_changes":[1.6080429E4,9.561904E2,4.2055322E2,0E0,0E0,0E0,0E0],"parents":[2147483647,0,0,1,1,2,2],"right_children":[2,4,6,-1,-1,-1,-1],"split_conditions":[6.005927E-1,4.005918E-1,8.013129E-1,-4.9284E0,-6.5882534E-1,1.3121219E0,4.2245116E0],"split_indices":[0,0,0,0,0,0,0],"split_type":[0,0,0,0,0,0,0],"sum_hessian":[9E0,4E0,5E0,3E0,1E0,2E0,3E0],"tree_param":{"num_deleted":"0","num_feature":"2","num_nodes":"7","size_leaf_vector":"1"}},{"base_weights":[-1.8221512E-1,-3.8973698E1,3.217439E1,-4.55877E0,-6.258839E-1,1.2246473E0,3.907673E0],"categories":[],"categories_nodes":[],"categories_segments":[],"categories_sizes":[],"default_left":[0,0,0,0,0,0,0],"id":3,"left_children":[1,3,5,-1,-1,-1,-1],"loss_changes":[1.3805561E4,7.965547E2,3.4674316E2,0E0,0E0,0E0,0E0],"parents":[2147483647,0,0,1,1,2,2],"right_children":[2,4,6,-1,-1,-1,-1],"split_conditions":[6.005927E-1,4.005918E-1,8.013129E-1,-4.55877E0,-6.258839E-1,1.2246473E0,3.907673E0],"split_indices":[0,0,0,0,0,0,0],"split_type":[0,0,0,0,0,0,0],"sum_hessian":[9E0,4E0,5E0,3E0,1E0,2E0,3E0],"tree_param":{"num_deleted":"0","num_feature":"2","num_nodes":"7","size_leaf_vector":"1"}},{"base_weights":[-1.692253E-1,-3.611326E1,2.981234E1,-4.788322E0,-1.2305542E0,1.1430043E0,3.6145978E0],"categories":[],"categories_nodes":[],"categories_segments":[],"categories_sizes":[],"default_left":[0,0,0,0,0,0,0],"id":4,"left_children":[1,3,5,-1,-1,-1,-1],"loss_changes":[1.1853204E4,8.118511E2,2.8541016E2,0E0,0E0,0E0,0E0],"parents":[2147483647,0,0,1,1,2,2],"right_children":[2,4,6,-1,-1,-1,-1],"split_conditions":[6.005927E-1,2.0007466E-1,8.013129E-1,-4.788322E0,-1.2305542E0,1.1430043E0,3.6145978E0],"split_indices":[0,0,0,0,0,0,0],"split_type":[0,0,0,0,0,0,0],"sum_hessian":[9E0,4E0,5E0,2E0,2E0,2E0,3E0],"tree_param":{"num_deleted":"0","num_feature":"2","num_nodes":"7","size_leaf_vector":"1"}},{"base_weights":[-2.7842942E-1,-3.3705708E1,2.762404E1,-4.4691005E0,-1.1485174E0,1.066804E0,3.3435032E0],"categories":[],"categories_nodes":[],"categories_segments":[],"categories_sizes":[],"default_left":[0,0,0,0,0,0,0],"id":5,"left_children":[1,3,5,-1,-1,-1,-1],"loss_changes":[1.0258125E4,7.072114E2,2.3450098E2,0E0,0E0,0E0,0E0],"parents":[2147483647,0,0,1,1,2,2],"right_children":[2,4,6,-1,-1,-1,-1],"split_conditions":[6.005927E-1,2.0007466E-1,8.013129E-1,-4.4691005E0,-1.1485174E0,1.066804E0,3.3435032E0],"split_indices":[0,0,0,0,0,0,0],"split_type":[0,0,0,0,0,0,0],"sum_hessian":[9E0,4E0,5E0,2E0,2E0,2E0,3E0],"tree_param":{"num_deleted":"0","num_feature":"2","num_nodes":"7","size_leaf_vector":"1"}},{"base_weights":[-3.7131882E-1,-3.1458662E1,2.5596687E1,-4.1711607E0,-1.0719498E0,5.4784626E-1,2.852464E0],"categories":[],"categories_nodes":[],"categories_segments":[],"categories_sizes":[],"default_left":[0,0,0,0,0,0,0],"id":6,"left_children":[1,3,5,-1,-1,-1,-1],"loss_changes":[8.878001E3,6.160596E2,1.9715991E2,0E0,0E0,0E0,0E0],"parents":[2147483647,0,0,1,1,2,2],"right_children":[2,4,6,-1,-1,-1,-1],"split_conditions":[6.005927E-1,2.0007466E-1,6.9912046E-1,-4.1711607E0,-1.0719498E0,5.4784626E-1,2.852464E0],"split_indices":[0,0,0,0,0,0,0],"split_type":[0,0,0,0,0,0,0],"sum_hessian":[9E0,4E0,5E0,2E0,2E0,1E0,4E0],"tree_param":{"num_deleted":"0","num_feature":"2","num_nodes":"7","size_leaf_vector":"1"}},{"base_weights":[-5.184662E-1,-2.9361418E1,2.3603739E1,-3.8930836E0,-1.0004863E0,8.8234025E-1,2.8788056E0],"categories":[],"categories_nodes":[],"categories_segments":[],"categories_sizes":[],"default_left":[0,0,0,0,0,0,0],"id":7,"left_children":[1,3,5,-1,-1,-1,-1],"loss_changes":[7.650595E3,5.366572E2,2.0574731E2,0E0,0E0,0E0,0E0],"parents":[2147483647,0,0,1,1,2,2],"right_children":[2,4,6,-1,-1,-1,-1],"split_conditions":[6.005927E-1,2.0007466E-1,8.013129E-1,-3.8930836E0,-1.0004863E0,8.8234025E-1,2.8788056E0],"split_indices":[0,0,0,0,0,0,0],"split_type":[0,0,0,0,0,0,0],"sum_hessian":[9E0,4E0,5E0,2E0,2E0,2E0,3E0],"tree_param":{"num_deleted":"0","num_feature":"2","num_nodes":"7","size_leaf_vector":"1"}},{"base_weights":[-5.798607E-1,-2.740399E1,2.1870224E1,-3.2394917E0,-3.7201425E-1,1.0636033E0,2.9559073E0],"categories":[],"categories_nodes":[],"categories_segments":[],"categories_sizes":[],"default_left":[0,0,0,0,0,0,0],"id":8,"left_children":[1,3,5,-1,-1,-1,-1],"loss_changes":[6.621371E3,4.7050806E2,2.0387671E2,0E0,0E0,0E0,0E0],"parents":[2147483647,0,0,1,1,2,2],"right_children":[2,4,6,-1,-1,-1,-1],"split_conditions":[6.005927E-1,4.005918E-1,9.0068483E-1,-3.2394917E0,-3.7201425E-1,1.0636033E0,2.9559073E0],"split_indices":[0,0,0,0,0,0,0],"split_type":[0,0,0,0,0,0,0],"sum_hessian":[9E0,4E0,5E0,3E0,1E0,3E0,2E0],"tree_param":{"num_deleted":"0","num_feature":"2","num_nodes":"7","size_leaf_vector":"1"}},{"base_weights":[-4.810707E-1,-2.5385891E1,2.0353125E1,-3.4175785E0,-8.134033E-1,9.838333E-1,2.758847E0],"categories":[],"categories_nodes":[],"categories_segments":[],"categories_sizes":[],"default_left":[0,0,0,0,0,0,0],"id":9,"left_children":[1,3,5,-1,-1,-1,-1],"loss_changes":[5.7054004E3,4.8022266E2,1.8504443E2,0E0,0E0,0E0,0E0],"parents":[2147483647,0,0,1,1,2,2],"right_children":[2,4,6,-1,-1,-1,-1],"split_conditions":[6.005927E-1,2.0007466E-1,9.0068483E-1,-3.4175785E0,-8.134033E-1,9.838333E-1,2.758847E0],"split_indices":[0,0,0,0,0,0,0],"split_type":[0,0,0,0,0,0,0],"sum_hessian":[9E0,4E0,5E0,2E0,2E0,3E0,2E0],"tree_param":{"num_deleted":"0","num_feature":"2","num_nodes":"7","size_leaf_vector":"1"}},{"base_weights":[-4.817955E-1,-2.3693499E1,1.894159E1,-3.7823048E0,-1.0705349E1,9.100456E-1,2.5749238E0,-1.2188843E0,-3.127434E-1],"categories":[],"categories_nodes":[],"categories_segments":[],"categories_sizes":[],"default_left":[0,0,0,0,0,0,0,0,0],"id":10,"left_children":[1,3,5,-1,7,-1,-1,-1,-1],"loss_changes":[4.957291E3,5.126743E2,1.6764014E2,0E0,6.8473206E0,0E0,0E0,0E0,0E0],"parents":[2147483647,0,0,1,1,2,2,4,4],"right_children":[2,4,6,-1,8,-1,-1,-1,-1],"split_conditions":[6.005927E-1,9.9497385E-2,9.0068483E-1,-3.7823048E0,4.005918E-1,9.100456E-1,2.5749238E0,-1.2188843E0,-3.127434E-1],"split_indices":[0,0,0,0,0,0,0,0,0],"split_type":[0,0,0,0,0,0,0,0,0],"sum_hessian":[9E0,4E0,5E0,1E0,3E0,3E0,2E0,2E0,1E0],"tree_param":{"num_deleted":"0","num_feature":"2","num_nodes":"9","size_leaf_vector":"1"}},{"base_weights":[-6.165123E-1,-2.2386934E1,1.7628258E1,-3.5931897E0,-1.0017719E1,8.417919E-1,2.4032624E0,-1.1376251E0,-2.9710618E-1],"categories":[],"categories_nodes":[],"categories_segments":[],"categories_sizes":[],"default_left":[0,0,0,0,0,0,0,0,0],"id":11,"left_children":[1,3,5,-1,7,-1,-1,-1,-1],"loss_changes":[4.366606E3,4.7774707E2,1.5161365E2,0E0,4.49292E0,0E0,0E0,0E0,0E0],"parents":[2147483647,0,0,1,1,2,2,4,4],"right_children":[2,4,6,-1,8,-1,-1,-1,-1],"split_conditions":[6.005927E-1,9.9497385E-2,9.0068483E-1,-3.5931897E0,4.005918E-1,8.417919E-1,2.4032624E0,-1.1376251E0,-2.9710618E-1],"split_indices":[0,0,0,0,0,0,0,0,0],"split_type":[0,0,0,0,0,0,0,0,0],"sum_hessian":[9E0,4E0,5E0,1E0,3E0,3E0,2E0,2E0,1E0],"tree_param":{"num_deleted":"0","num_feature":"2","num_nodes":"9","size_leaf_vector":"1"}},{"base_weights":[-7.331482E-1,-2.1153824E1,1.6406273E1,-3.41353E0,-9.37463E0,7.7865714E-1,2.243045E0,-1.0617833E0,-2.8225097E-1],"categories":[],"categories_nodes":[],"categories_segments":[],"categories_sizes":[],"default_left":[0,0,0,0,0,0,0,0,0],"id":12,"left_children":[1,3,5,-1,7,-1,-1,-1,-1],"loss_changes":[3.847041E3,4.4455054E2,1.3690344E2,0E0,2.613556E0,0E0,0E0,0E0,0E0],"parents":[2147483647,0,0,1,1,2,2,4,4],"right_children":[2,4,6,-1,8,-1,-1,-1,-1],"split_conditions":[6.005927E-1,9.9497385E-2,9.0068483E-1,-3.41353E0,4.005918E-1,7.7865714E-1,2.243045E0,-1.0617833E0,-2.8225097E-1],"split_indices":[0,0,0,0,0,0,0,0,0],"split_type":[0,0,0,0,0,0,0,0,0],"sum_hessian":[9E0,4E0,5E0,1E0,3E0,3E0,2E0,2E0,1E0],"tree_param":{"num_deleted":"0","num_feature":"2","num_nodes":"9","size_leaf_vector":"1"}},{"base_weights":[-8.33419E-1,-1.9989956E1,1.5269264E1,-3.2428536E0,-8.773176E0,5.1832175E-1,1.9016484E0,-9.909978E-1,-2.681385E-1],"categories":[],"categories_nodes":[],"categories_segments":[],"categories_sizes":[],"default_left":[0,0,0,0,0,0,0,0,0],"id":13,"left_children":[1,3,5,-1,7,-1,-1,-1,-1],"loss_changes":[3.3899482E3,4.1310266E2,1.282013E2,0E0,1.1281738E0,0E0,0E0,0E0,0E0],"parents":[2147483647,0,0,1,1,2,2,4,4],"right_children":[2,4,6,-1,8,-1,-1,-1,-1],"split_conditions":[6.005927E-1,9.9497385E-2,8.013129E-1,-3.2428536E0,4.005918E-1,5.1832175E-1,1.9016484E0,-9.909978E-1,-2.681385E-1],"split_indices":[0,0,0,0,0,0,0,0,0],"split_type":[0,0,0,0,0,0,0,0,0],"sum_hessian":[9E0,4E0,5E0,1E0,3E0,2E0,3E0,2E0,1E0],"tree_param":{"num_deleted":"0","num_feature":"2","num_nodes":"9","size_leaf_vector":"1"}},{"base_weights":[-9.582783E-1,-1.8891357E1,1.4145668E1,-3.080711E0,-8.210644E-1,6.4680064E-1,1.9667329E0],"categories":[],"categories_nodes":[],"categories_segments":[],"categories_sizes":[],"default_left":[0,0,0,0,0,0,0],"id":14,"left_children":[1,3,5,-1,-1,-1,-1],"loss_changes":[2.9758337E3,3.8339746E2,1.2715234E2,0E0,0E0,0E0,0E0],"parents":[2147483647,0,0,1,1,2,2],"right_children":[2,4,6,-1,-1,-1,-1],"split_conditions":[6.005927E-1,9.9497385E-2,9.0068483E-1,-3.080711E0,-8.210644E-1,6.4680064E-1,1.9667329E0],"split_indices":[0,0,0,0,0,0,0],"split_type":[0,0,0,0,0,0,0],"sum_hessian":[9E0,4E0,5E0,1E0,3E0,3E0,2E0],"tree_param":{"num_deleted":"0","num_feature":"2","num_nodes":"7","size_leaf_vector":"1"}},{"base_weights":[-9.912754E-1,-1.7782576E1,1.3166687E1,-2.9266753E0,-7.594843E0,5.9829026E-1,1.8356171E0,-8.701935E-1,-2.1367836E-1],"categories":[],"categories_nodes":[],"categories_segments":[],"categories_sizes":[],"default_left":[0,0,0,0,0,0,0,0,0],"id":15,"left_children":[1,3,5,-1,7,-1,-1,-1,-1],"loss_changes":[2.6114436E3,3.6271228E2,1.13857544E2,0E0,5.576126E0,0E0,0E0,0E0,0E0],"parents":[2147483647,0,0,1,1,2,2,4,4],"right_children":[2,4,6,-1,8,-1,-1,-1,-1],"split_conditions":[6.005927E-1,9.9497385E-2,9.0068483E-1,-2.9266753E0,4.005918E-1,5.9829026E-1,1.8356171E0,-8.701935E-1,-2.1367836E-1],"split_indices":[0,0,0,0,0,0,0,0,0],"split_type":[0,0,0,0,0,0,0,0,0],"sum_hessian":[9E0,4E0,5E0,1E0,3E0,3E0,2E0,2E0,1E0],"tree_param":{"num_deleted":"0","num_feature":"2","num_nodes":"9","size_leaf_vector":"1"}},{"base_weights":[-1.0498142E0,-1.6806427E1,1.2255666E1,-2.7803416E0,-7.106327E0,5.5341797E0,1.7132425E0,-8.1218064E-1,-2.0299454E-1,1.5926896E-1,6.3171136E-1],"categories":[],"categories_nodes":[],"categories_segments":[],"categories_sizes":[],"default_left":[0,0,0,0,0,0,0,0,0,0,0],"id":16,"left_children":[1,3,5,-1,7,9,-1,-1,-1,-1,-1],"loss_changes":[2.302467E3,3.357793E2,1.01860535E2,0E0,4.133011E0,2.2825089E0,0E0,0E0,0E0,0E0,0E0],"parents":[2147483647,0,0,1,1,2,2,4,4,5,5],"right_children":[2,4,6,-1,8,10,-1,-1,-1,-1,-1],"split_conditions":[6.005927E-1,9.9497385E-2,9.0068483E-1,-2.7803416E0,4.005918E-1,6.9912046E-1,1.7132425E0,-8.1218064E-1,-2.0299454E-1,1.5926896E-1,6.3171136E-1],"split_indices":[0,0,0,0,0,0,0,0,0,0,0],"split_type":[0,0,0,0,0,0,0,0,0,0,0],"sum_hessian":[9E0,4E0,5E0,1E0,3E0,3E0,2E0,2E0,1E0,1E0,2E0],"tree_param":{"num_deleted":"0","num_feature":"2","num_nodes":"11","size_leaf_vector":"1"}},{"base_weights":[-1.0739628E0,-1.5884889E1,1.1447469E1,-2.6413245E0,-6.6494884E0,5.178505E0,1.5990266E0,-7.580353E-1,-1.9284478E-1,1.5130539E-1,5.895971E-1],"categories":[],"categories_nodes":[],"categories_segments":[],"categories_sizes":[],"default_left":[0,0,0,0,0,0,0,0,0,0,0],"id":17,"left_children":[1,3,5,-1,7,9,-1,-1,-1,-1,-1],"loss_changes":[2.0363818E3,3.1053333E2,8.806604E1,0E0,2.9602814E0,1.5984268E0,0E0,0E0,0E0,0E0,0E0],"parents":[2147483647,0,0,1,1,2,2,4,4,5,5],"right_children":[2,4,6,-1,8,10,-1,-1,-1,-1,-1],"split_conditions":[6.005927E-1,9.9497385E-2,9.0068483E-1,-2.6413245E0,4.005918E-1,6.9912046E-1,1.5990266E0,-7.580353E-1,-1.9284478E-1,1.5130539E-1,5.895971E-1],"split_indices":[0,0,0,0,0,0,0,0,0,0,0],"split_type":[0,0,0,0,0,0,0,0,0,0,0],"sum_hessian":[9E0,4E0,5E0,1E0,3E0,3E0,2E0,2E0,1E0,1E0,2E0],"tree_param":{"num_deleted":"0","num_feature":"2","num_nodes":"11","size_leaf_vector":"1"}},{"base_weights":[-1.0917953E0,-1.5014841E1,1.0692708E1,-2.5092583E0,-6.2222595E0,4.8458786E0,1.4924245E0,-7.074997E-1,-1.8320237E-1,1.4374009E-1,5.5029047E-1],"categories":[],"categories_nodes":[],"categories_segments":[],"categories_sizes":[],"default_left":[0,0,0,0,0,0,0,0,0,0,0],"id":18,"left_children":[1,3,5,-1,7,9,-1,-1,-1,-1,-1],"loss_changes":[1.8013113E3,2.8691418E2,7.612537E1,0E0,2.0133057E0,1.0479431E0,0E0,0E0,0E0,0E0,0E0],"parents":[2147483647,0,0,1,1,2,2,4,4,5,5],"right_children":[2,4,6,-1,8,10,-1,-1,-1,-1,-1],"split_conditions":[6.005927E-1,9.9497385E-2,9.0068483E-1,-2.5092583E0,4.005918E-1,6.9912046E-1,1.4924245E0,-7.074997E-1,-1.8320237E-1,1.4374009E-1,5.5029047E-1],"split_indices":[0,0,0,0,0,0,0,0,0,0,0],"split_type":[0,0,0,0,0,0,0,0,0,0,0],"sum_hessian":[9E0,4E0,5E0,1E0,3E0,3E0,2E0,2E0,1E0,1E0,2E0],"tree_param":{"num_deleted":"0","num_feature":"2","num_nodes":"11","size_leaf_vector":"1"}},{"base_weights":[-1.1039684E0,-1.419335E1,9.9878435E0,-2.3837955E0,-5.82271E0,4.5347977E0,1.3929291E0,-6.603333E-1,-1.7404214E-1,1.365532E-1,5.136042E-1],"categories":[],"categories_nodes":[],"categories_segments":[],"categories_sizes":[],"default_left":[0,0,0,0,0,0,0,0,0,0,0],"id":19,"left_children":[1,3,5,-1,7,9,-1,-1,-1,-1,-1],"loss_changes":[1.5936106E3,2.6485608E2,6.579083E1,0E0,1.2543182E0,6.0858154E-1,0E0,0E0,0E0,0E0,0E0],"parents":[2147483647,0,0,1,1,2,2,4,4,5,5],"right_children":[2,4,6,-1,8,10,-1,-1,-1,-1,-1],"split_conditions":[6.005927E-1,9.9497385E-2,9.0068483E-1,-2.3837955E0,4.005918E-1,6.9912046E-1,1.3929291E0,-6.603333E-1,-1.7404214E-1,1.365532E-1,5.136042E-1],"split_indices":[0,0,0,0,0,0,0,0,0,0,0],"split_type":[0,0,0,0,0,0,0,0,0,0,0],"sum_hessian":[9E0,4E0,5E0,1E0,3E0,3E0,2E0,2E0,1E0,1E0,2E0],"tree_param":{"num_deleted":"0","num_feature":"2","num_nodes":"11","size_leaf_vector":"1"}},{"base_weights":[-1.1110814E0,-1.3417649E1,9.329572E0,-2.2646055E0,-5.4490337E0,5.195285E0,1.5000504E0,-6.1631113E-1,-1.6534005E-1,1.2972565E-1,5.845478E-1],"categories":[],"categories_nodes":[],"categories_segments":[],"categories_sizes":[],"default_left":[0,0,0,0,0,0,0,0,0,0,0],"id":20,"left_children":[1,3,5,-1,7,9,-1,-1,-1,-1,-1],"loss_changes":[1.410067E3,2.4428894E2,6.2739624E1,0E0,6.5141296E-1,5.089279E0,0E0,0E0,0E0,0E0,0E0],"parents":[2147483647,0,0,1,1,2,2,4,4,5,5],"right_children":[2,4,6,-1,8,10,-1,-1,-1,-1,-1],"split_conditions":[6.005927E-1,9.9497385E-2,1E0,-2.2646055E0,4.005918E-1,6.9912046E-1,1.5000504E0,-6.1631113E-1,-1.6534005E-1,1.2972565E-1,5.845478E-1],"split_indices":[0,0,0,0,0,0,0,0,0,0,0],"split_type":[0,0,0,0,0,0,0,0,0,0,0],"sum_hessian":[9E0,4E0,5E0,1E0,3E0,4E0,1E0,2E0,1E0,1E0,3E0],"tree_param":{"num_deleted":"0","num_feature":"2","num_nodes":"11","size_leaf_vector":"1"}},{"base_weights":[-1.0831673E0,-1.2685137E1,8.765668E0,-2.1513753E0,-5.0995445E0,4.8186097E0,1.4250481E0,-5.752238E-1,-1.5707321E-1,1.2323914E-1,5.4070663E-1],"categories":[],"categories_nodes":[],"categories_segments":[],"categories_sizes":[],"default_left":[0,0,0,0,0,0,0,0,0,0,0],"id":21,"left_children":[1,3,5,-1,7,9,-1,-1,-1,-1,-1],"loss_changes":[1.2538525E3,2.2514105E2,6.122574E1,0E0,1.7769623E-1,3.8880463E0,0E0,0E0,0E0,0E0,0E0],"parents":[2147483647,0,0,1,1,2,2,4,4,5,5],"right_children":[2,4,6,-1,8,10,-1,-1,-1,-1,-1],"split_conditions":[6.005927E-1,9.9497385E-2,1E0,-2.1513753E0,4.005918E-1,6.9912046E-1,1.4250481E0,-5.752238E-1,-1.5707321E-1,1.2323914E-1,5.4070663E-1],"split_indices":[0,0,0,0,0,0,0,0,0,0,0],"split_type":[0,0,0,0,0,0,0,0,0,0,0],"sum_hessian":[9E0,4E0,5E0,1E0,3E0,4E0,1E0,2E0,1E0,1E0,3E0],"tree_param":{"num_deleted":"0","num_feature":"2","num_nodes":"11","size_leaf_vector":"1"}},{"base_weights":[-1.0543197E0,-1.1993357E1,8.237264E0,-2.0438066E0,-4.772663E-1,4.4695344E0,1.3537956E0,1.17076874E-1,5.0015336E-1],"categories":[],"categories_nodes":[],"categories_segments":[],"categories_sizes":[],"default_left":[0,0,0,0,0,0,0,0,0],"id":22,"left_children":[1,3,5,-1,-1,7,-1,-1,-1],"loss_changes":[1.1152023E3,2.0733923E2,5.9321106E1,0E0,0E0,2.9190674E0,0E0,0E0,0E0],"parents":[2147483647,0,0,1,1,2,2,5,5],"right_children":[2,4,6,-1,-1,8,-1,-1,-1],"split_conditions":[6.005927E-1,9.9497385E-2,1E0,-2.0438066E0,-4.772663E-1,6.9912046E-1,1.3537956E0,1.17076874E-1,5.0015336E-1],"split_indices":[0,0,0,0,0,0,0,0,0],"split_type":[0,0,0,0,0,0,0,0,0],"sum_hessian":[9E0,4E0,5E0,1E0,3E0,4E0,1E0,1E0,3E0],"tree_param":{"num_deleted":"0","num_feature":"2","num_nodes":"9","size_leaf_vector":"1"}},{"base_weights":[-1.0038925E0,-1.3496014E1,6.2778754E0,-1.941616E0,-5.0505775E-1,1.1610298E0,9.825253E0,-1.253563E-1,2.3837483E-1,4.5262963E-1,1.2861061E0],"categories":[],"categories_nodes":[],"categories_segments":[],"categories_sizes":[],"default_left":[0,0,0,0,0,0,0,0,0,0,0],"id":23,"left_children":[1,3,5,-1,-1,7,9,-1,-1,-1,-1],"loss_changes":[9.9437354E2,1.01930115E2,1.1565228E2,0E0,0E0,1.4797648E1,6.133484E0,0E0,0E0,0E0,0E0],"parents":[2147483647,0,0,1,1,2,2,5,5,6,6],"right_children":[2,4,6,-1,-1,8,10,-1,-1,-1,-1],"split_conditions":[4.005918E-1,9.9497385E-2,8.013129E-1,-1.941616E0,-5.0505775E-1,6.005927E-1,1E0,-1.253563E-1,2.3837483E-1,4.5262963E-1,1.2861061E0],"split_indices":[0,0,0,0,0,0,0,0,0,0,0],"split_type":[0,0,0,0,0,0,0,0,0,0,0],"sum_hessian":[9E0,3E0,6E0,1E0,2E0,3E0,3E0,1E0,2E0,2E0,1E0],"tree_param":{"num_deleted":"0","num_feature":"2","num_nodes":"11","size_leaf_vector":"1"}},{"base_weights":[-9.629955E-1,-1.27580805E1,5.9146237E0,-1.8445352E0,-4.7138724E-1,-1.3189442E-1,8.35961E0,-1.1908837E-1,9.93042E-2,4.3405077E-1,1.221801E0],"categories":[],"categories_nodes":[],"categories_segments":[],"categories_sizes":[],"default_left":[0,0,0,0,0,0,0,0,0,0,0],"id":24,"left_children":[1,3,5,-1,-1,7,9,-1,-1,-1,-1],"loss_changes":[8.8668024E2,9.604932E1,1.04588165E2,0E0,0E0,4.756484E0,2.450415E1,0E0,0E0,0E0,0E0],"parents":[2147483647,0,0,1,1,2,2,5,5,6,6],"right_children":[2,4,6,-1,-1,8,10,-1,-1,-1,-1],"split_conditions":[4.005918E-1,9.9497385E-2,6.9912046E-1,-1.8445352E0,-4.7138724E-1,6.005927E-1,1E0,-1.1908837E-1,9.93042E-2,4.3405077E-1,1.221801E0],"split_indices":[0,0,0,0,0,0,0,0,0,0,0],"split_type":[0,0,0,0,0,0,0,0,0,0,0],"sum_hessian":[9E0,3E0,6E0,1E0,2E0,2E0,4E0,1E0,1E0,3E0,1E0],"tree_param":{"num_deleted":"0","num_feature":"2","num_nodes":"11","size_leaf_vector":"1"}},{"base_weights":[-9.346817E-1,-1.2061253E1,5.556885E0,-1.7523085E0,-4.399614E-1,1.8390137E0,9.901042E-1,-1.13134004E-1,2.864437E-1],"categories":[],"categories_nodes":[],"categories_segments":[],"categories_sizes":[],"default_left":[0,0,0,0,0,0,0,0,0],"id":25,"left_children":[1,3,5,-1,-1,7,-1,-1,-1],"loss_changes":[7.893117E2,9.0291565E1,9.484895E1,0E0,0E0,1.8470003E1,0E0,0E0,0E0],"parents":[2147483647,0,0,1,1,2,2,5,5],"right_children":[2,4,6,-1,-1,8,-1,-1,-1],"split_conditions":[4.005918E-1,9.9497385E-2,9.0068483E-1,-1.7523085E0,-4.399614E-1,6.005927E-1,9.901042E-1,-1.13134004E-1,2.864437E-1],"split_indices":[0,0,0,0,0,0,0,0,0],"split_type":[0,0,0,0,0,0,0,0,0],"sum_hessian":[9E0,3E0,6E0,1E0,2E0,4E0,2E0,1E0,3E0],"tree_param":{"num_deleted":"0","num_feature":"2","num_nodes":"9","size_leaf_vector":"1"}},{"base_weights":[-9.440956E-1,-1.1403194E1,5.167403E0,-1.6646931E0,-4.1063055E-1,2.3246167E0,1.111206E0,-1.0747719E-1,3.2194488E0,8.001709E-2,3.6242256E-1],"categories":[],"categories_nodes":[],"categories_segments":[],"categories_sizes":[],"default_left":[0,0,0,0,0,0,0,0,0,0,0],"id":26,"left_children":[1,3,5,-1,-1,7,-1,-1,9,-1,-1],"loss_changes":[6.9813257E2,8.469446E1,9.246446E1,0E0,0E0,2.1711468E1,0E0,0E0,1.9963379E0,0E0,0E0],"parents":[2147483647,0,0,1,1,2,2,5,5,8,8],"right_children":[2,4,6,-1,-1,8,-1,-1,10,-1,-1],"split_conditions":[4.005918E-1,9.9497385E-2,1E0,-1.6646931E0,-4.1063055E-1,6.005927E-1,1.111206E0,-1.0747719E-1,6.9912046E-1,8.001709E-2,3.6242256E-1],"split_indices":[0,0,0,0,0,0,0,0,0,0,0],"split_type":[0,0,0,0,0,0,0,0,0,0,0],"sum_hessian":[9E0,3E0,6E0,1E0,2E0,5E0,1E0,1E0,4E0,1E0,3E0],"tree_param":{"num_deleted":"0","num_feature":"2","num_nodes":"11","size_leaf_vector":"1"}},{"base_weights":[-9.126032E-1,-1.0781706E1,4.8572564E0,-1.5814584E0,-3.8325527E-1,2.1479797E0,1.0556458E0,-1.0210343E-1,2.9859893E0,7.601624E-2,3.3524057E-1],"categories":[],"categories_nodes":[],"categories_segments":[],"categories_sizes":[],"default_left":[0,0,0,0,0,0,0,0,0,0,0],"id":27,"left_children":[1,3,5,-1,-1,7,-1,-1,9,-1,-1],"loss_changes":[6.218029E2,7.928674E1,8.540994E1,0E0,0E0,1.8982786E1,0E0,0E0,1.5295181E0,0E0,0E0],"parents":[2147483647,0,0,1,1,2,2,5,5,8,8],"right_children":[2,4,6,-1,-1,8,-1,-1,10,-1,-1],"split_conditions":[4.005918E-1,9.9497385E-2,1E0,-1.5814584E0,-3.8325527E-1,6.005927E-1,1.0556458E0,-1.0210343E-1,6.9912046E-1,7.601624E-2,3.3524057E-1],"split_indices":[0,0,0,0,0,0,0,0,0,0,0],"split_type":[0,0,0,0,0,0,0,0,0,0,0],"sum_hessian":[9E0,3E0,6E0,1E0,2E0,5E0,1E0,1E0,4E0,1E0,3E0],"tree_param":{"num_deleted":"0","num_feature":"2","num_nodes":"11","size_leaf_vector":"1"}},{"base_weights":[-8.8133335E-1,-1.0194714E1,4.566503E0,-1.5023855E0,-3.5770494E-1,1.9847094E0,1.0028633E0,-9.6998215E-2,2.7696443E0,7.2215274E-2,3.100979E-1],"categories":[],"categories_nodes":[],"categories_segments":[],"categories_sizes":[],"default_left":[0,0,0,0,0,0,0,0,0,0,0],"id":28,"left_children":[1,3,5,-1,-1,7,-1,-1,9,-1,-1],"loss_changes":[5.53932E2,7.408945E1,7.881073E1,0E0,0E0,1.6601944E1,0E0,0E0,1.1526451E0,0E0,0E0],"parents":[2147483647,0,0,1,1,2,2,5,5,8,8],"right_children":[2,4,6,-1,-1,8,-1,-1,10,-1,-1],"split_conditions":[4.005918E-1,9.9497385E-2,1E0,-1.5023855E0,-3.5770494E-1,6.005927E-1,1.0028633E0,-9.6998215E-2,6.9912046E-1,7.2215274E-2,3.100979E-1],"split_indices":[0,0,0,0,0,0,0,0,0,0,0],"split_type":[0,0,0,0,0,0,0,0,0,0,0],"sum_hessian":[9E0,3E0,6E0,1E0,2E0,5E0,1E0,1E0,4E0,1E0,3E0],"tree_param":{"num_deleted":"0","num_feature":"2","num_nodes":"11","size_leaf_vector":"1"}},{"base_weights":[-8.5039407E-1,-1.177201E1,3.351511E0,-1.4272661E0,-3.385353E-1,1.1082414E0,9.5271987E-1,-1.6959992E-1,2.5691376E0,6.860428E-2,2.8684005E-1],"categories":[],"categories_nodes":[],"categories_segments":[],"categories_sizes":[],"default_left":[0,0,0,0,0,0,0,0,0,0,0],"id":29,"left_children":[1,3,5,-1,-1,7,-1,-1,9,-1,-1],"loss_changes":[4.9836993E2,1.4598328E1,1.0027142E2,0E0,0E0,3.3034187E1,0E0,0E0,8.4985733E-1,0E0,0E0],"parents":[2147483647,0,0,1,1,2,2,5,5,8,8],"right_children":[2,4,6,-1,-1,8,-1,-1,10,-1,-1],"split_conditions":[2.0007466E-1,9.9497385E-2,1E0,-1.4272661E0,-3.385353E-1,6.005927E-1,9.5271987E-1,-1.6959992E-1,6.9912046E-1,6.860428E-2,2.8684005E-1],"split_indices":[0,0,0,0,0,0,0,0,0,0,0],"split_type":[0,0,0,0,0,0,0,0,0,0,0],"sum_hessian":[9E0,2E0,7E0,1E0,1E0,6E0,1E0,2E0,4E0,1E0,3E0],"tree_param":{"num_deleted":"0","num_feature":"2","num_nodes":"11","size_leaf_vector":"1"}},{"base_weights":[-8.2807577E-1,-1.118341E1,3.1586838E0,-1.3559029E0,-3.2160854E-1,1.0239694E0,9.0508425E-1,-1.5829316E-1,2.383316E0,6.51741E-2,2.6532745E-1],"categories":[],"categories_nodes":[],"categories_segments":[],"categories_sizes":[],"default_left":[0,0,0,0,0,0,0,0,0,0,0],"id":30,"left_children":[1,3,5,-1,-1,7,-1,-1,9,-1,-1],"loss_changes":[4.481671E2,1.3174988E1,9.135683E1,0E0,0E0,2.85784E1,0E0,0E0,6.080208E-1,0E0,0E0],"parents":[2147483647,0,0,1,1,2,2,5,5,8,8],"right_children":[2,4,6,-1,-1,8,-1,-1,10,-1,-1],"split_conditions":[2.0007466E-1,9.9497385E-2,1E0,-1.3559029E0,-3.2160854E-1,6.005927E-1,9.0508425E-1,-1.5829316E-1,6.9912046E-1,6.51741E-2,2.6532745E-1],"split_indices":[0,0,0,0,0,0,0,0,0,0,0],"split_type":[0,0,0,0,0,0,0,0,0,0,0],"sum_hessian":[9E0,2E0,7E0,1E0,1E0,6E0,1E0,2E0,4E0,1E0,3E0],"tree_param":{"num_deleted":"0","num_feature":"2","num_nodes":"11","size_leaf_vector":"1"}},{"base_weights":[-8.052906E-1,-1.0624238E1,2.9774761E0,-1.2881078E0,-3.0552807E-1,9.4617355E-1,8.598297E-1,-1.4774017E-1,2.211084E0,6.1915588E-2,2.4542771E-1],"categories":[],"categories_nodes":[],"categories_segments":[],"categories_sizes":[],"default_left":[0,0,0,0,0,0,0,0,0,0,0],"id":31,"left_children":[1,3,5,-1,-1,7,-1,-1,9,-1,-1],"loss_changes":[4.030613E2,1.1890411E1,8.3205215E1,0E0,0E0,2.4725899E1,0E0,0E0,4.1614914E-1,0E0,0E0],"parents":[2147483647,0,0,1,1,2,2,5,5,8,8],"right_children":[2,4,6,-1,-1,8,-1,-1,10,-1,-1],"split_conditions":[2.0007466E-1,9.9497385E-2,1E0,-1.2881078E0,-3.0552807E-1,6.005927E-1,8.598297E-1,-1.4774017E-1,6.9912046E-1,6.1915588E-2,2.4542771E-1],"split_indices":[0,0,0,0,0,0,0,0,0,0,0],"split_type":[0,0,0,0,0,0,0,0,0,0,0],"sum_hessian":[9E0,2E0,7E0,1E0,1E0,6E0,1E0,2E0,4E0,1E0,3E0],"tree_param":{"num_deleted":"0","num_feature":"2","num_nodes":"11","size_leaf_vector":"1"}},{"base_weights":[-7.821806E-1,-1.0093027E1,2.8071594E0,-1.2237023E0,-2.9025173E-1,8.7435913E-1,8.168381E-1,-1.3789062E-1,2.0514464E0,5.881958E-2,2.2702102E-1],"categories":[],"categories_nodes":[],"categories_segments":[],"categories_sizes":[],"default_left":[0,0,0,0,0,0,0,0,0,0,0],"id":32,"left_children":[1,3,5,-1,-1,7,-1,-1,9,-1,-1],"loss_changes":[3.6253067E2,1.073111E1,7.5755264E1,0E0,0E0,2.1394783E1,0E0,0E0,2.6520348E-1,0E0,0E0],"parents":[2147483647,0,0,1,1,2,2,5,5,8,8],"right_children":[2,4,6,-1,-1,8,-1,-1,10,-1,-1],"split_conditions":[2.0007466E-1,9.9497385E-2,1E0,-1.2237023E0,-2.9025173E-1,6.005927E-1,8.168381E-1,-1.3789062E-1,6.9912046E-1,5.881958E-2,2.2702102E-1],"split_indices":[0,0,0,0,0,0,0,0,0,0,0],"split_type":[0,0,0,0,0,0,0,0,0,0,0],"sum_hessian":[9E0,2E0,7E0,1E0,1E0,6E0,1E0,2E0,4E0,1E0,3E0],"tree_param":{"num_deleted":"0","num_feature":"2","num_nodes":"11","size_leaf_vector":"1"}},{"base_weights":[-7.588781E-1,-9.588376E0,2.6470432E0,-1.1625173E0,-2.757391E-1,8.080597E-1,7.759964E-1,-1.2869772E-1,1.9034698E0,5.587845E-2,2.0999451E-1],"categories":[],"categories_nodes":[],"categories_segments":[],"categories_sizes":[],"default_left":[0,0,0,0,0,0,0,0,0,0,0],"id":33,"left_children":[1,3,5,-1,-1,7,-1,-1,9,-1,-1],"loss_changes":[3.2610657E2,9.684845E0,6.89501E1,0E0,0E0,1.8514194E1,0E0,0E0,1.4756966E-1,0E0,0E0],"parents":[2147483647,0,0,1,1,2,2,5,5,8,8],"right_children":[2,4,6,-1,-1,8,-1,-1,10,-1,-1],"split_conditions":[2.0007466E-1,9.9497385E-2,1E0,-1.1625173E0,-2.757391E-1,6.005927E-1,7.759964E-1,-1.2869772E-1,6.9912046E-1,5.587845E-2,2.0999451E-1],"split_indices":[0,0,0,0,0,0,0,0,0,0,0],"split_type":[0,0,0,0,0,0,0,0,0,0,0],"sum_hessian":[9E0,2E0,7E0,1E0,1E0,6E0,1E0,2E0,4E0,1E0,3E0],"tree_param":{"num_deleted":"0","num_feature":"2","num_nodes":"11","size_leaf_vector":"1"}},{"base_weights":[-7.3549783E-1,-9.108957E0,2.4964867E0,-1.1043915E0,-2.6195222E-1,7.4685234E-1,7.371964E-1,-1.201177E-1,1.7662995E0,5.3084563E-2,1.9424514E-1],"categories":[],"categories_nodes":[],"categories_segments":[],"categories_sizes":[],"default_left":[0,0,0,0,0,0,0,0,0,0,0],"id":34,"left_children":[1,3,5,-1,-1,7,-1,-1,9,-1,-1],"loss_changes":[2.933693E2,8.74054E0,6.273664E1,0E0,0E0,1.602303E1,0E0,0E0,5.699539E-2,0E0,0E0],"parents":[2147483647,0,0,1,1,2,2,5,5,8,8],"right_children":[2,4,6,-1,-1,8,-1,-1,10,-1,-1],"split_conditions":[2.0007466E-1,9.9497385E-2,1E0,-1.1043915E0,-2.6195222E-1,6.005927E-1,7.371964E-1,-1.201177E-1,6.9912046E-1,5.3084563E-2,1.9424514E-1],"split_indices":[0,0,0,0,0,0,0,0,0,0,0],"split_type":[0,0,0,0,0,0,0,0,0,0,0],"sum_hessian":[9E0,2E0,7E0,1E0,1E0,6E0,1E0,2E0,4E0,1E0,3E0],"tree_param":{"num_deleted":"0","num_feature":"2","num_nodes":"11","size_leaf_vector":"1"}},{"base_weights":[-7.121418E-1,-8.65351E0,2.354889E0,-1.0491718E0,-2.4885464E-1,6.9034034E-1,7.0033646E-1,-1.1210989E-1,1.6391358E-1],"categories":[],"categories_nodes":[],"categories_segments":[],"categories_sizes":[],"default_left":[0,0,0,0,0,0,0,0,0],"id":35,"left_children":[1,3,5,-1,-1,7,-1,-1,-1],"loss_changes":[2.6394226E2,7.888321E0,5.7066208E1,0E0,0E0,1.386843E1,0E0,0E0,0E0],"parents":[2147483647,0,0,1,1,2,2,5,5],"right_children":[2,4,6,-1,-1,8,-1,-1,-1],"split_conditions":[2.0007466E-1,9.9497385E-2,1E0,-1.0491718E0,-2.4885464E-1,6.005927E-1,7.0033646E-1,-1.1210989E-1,1.6391358E-1],"split_indices":[0,0,0,0,0,0,0,0,0],"split_type":[0,0,0,0,0,0,0,0,0],"sum_hessian":[9E0,2E0,7E0,1E0,1E0,6E0,1E0,2E0,4E0],"tree_param":{"num_deleted":"0","num_feature":"2","num_nodes":"9","size_leaf_vector":"1"}},{"base_weights":[-6.9551504E-1,-8.220834E0,2.213419E0,-9.967133E-1,-2.3641185E-1,6.287079E-1,6.6531986E-1,-1.0463613E-1,1.5080078E0,4.2234804E-2,1.6738358E-1],"categories":[],"categories_nodes":[],"categories_segments":[],"categories_sizes":[],"default_left":[0,0,0,0,0,0,0,0,0,0,0],"id":36,"left_children":[1,3,5,-1,-1,7,-1,-1,9,-1,-1],"loss_changes":[2.371027E2,7.1192474E0,5.2103218E1,0E0,0E0,1.1888138E1,0E0,0E0,1.9322205E-1,0E0,0E0],"parents":[2147483647,0,0,1,1,2,2,5,5,8,8],"right_children":[2,4,6,-1,-1,8,-1,-1,10,-1,-1],"split_conditions":[2.0007466E-1,9.9497385E-2,1E0,-9.967133E-1,-2.3641185E-1,6.005927E-1,6.6531986E-1,-1.0463613E-1,6.9912046E-1,4.2234804E-2,1.6738358E-1],"split_indices":[0,0,0,0,0,0,0,0,0,0,0],"split_type":[0,0,0,0,0,0,0,0,0,0,0],"sum_hessian":[9E0,2E0,7E0,1E0,1E0,6E0,1E0,2E0,4E0,1E0,3E0],"tree_param":{"num_deleted":"0","num_feature":"2","num_nodes":"11","size_leaf_vector":"1"}},{"base_weights":[-6.7224675E-1,-7.809792E0,2.0883636E0,-9.468776E-1,-2.2459126E-1,5.8083236E-1,6.3205415E-1,-9.7660325E-2,1.3991272E0,4.0122986E-2,1.5482941E-1],"categories":[],"categories_nodes":[],"categories_segments":[],"categories_sizes":[],"default_left":[0,0,0,0,0,0,0,0,0,0,0],"id":37,"left_children":[1,3,5,-1,-1,7,-1,-1,9,-1,-1],"loss_changes":[2.1334952E2,6.42511E0,4.7369946E1,0E0,0E0,1.0287482E1,0E0,0E0,1.23044014E-1,0E0,0E0],"parents":[2147483647,0,0,1,1,2,2,5,5,8,8],"right_children":[2,4,6,-1,-1,8,-1,-1,10,-1,-1],"split_conditions":[2.0007466E-1,9.9497385E-2,1E0,-9.468776E-1,-2.2459126E-1,6.005927E-1,6.3205415E-1,-9.7660325E-2,6.9912046E-1,4.0122986E-2,1.5482941E-1],"split_indices":[0,0,0,0,0,0,0,0,0,0,0],"split_type":[0,0,0,0,0,0,0,0,0,0,0],"sum_hessian":[9E0,2E0,7E0,1E0,1E0,6E0,1E0,2E0,4E0,1E0,3E0],"tree_param":{"num_deleted":"0","num_feature":"2","num_nodes":"11","size_leaf_vector":"1"}},{"base_weights":[-6.492344E-1,-7.4193025E0,1.9706955E0,-8.995337E-1,-2.1336174E-1,5.3664726E-1,6.0045165E-1,-9.11494E-2,1.2982025E0,3.8116455E-2,1.4321709E-1],"categories":[],"categories_nodes":[],"categories_segments":[],"categories_sizes":[],"default_left":[0,0,0,0,0,0,0,0,0,0,0],"id":38,"left_children":[1,3,5,-1,-1,7,-1,-1,9,-1,-1],"loss_changes":[1.9199222E2,5.798645E0,4.305524E1,0E0,0E0,8.903181E0,0E0,0E0,6.8377495E-2,0E0,0E0],"parents":[2147483647,0,0,1,1,2,2,5,5,8,8],"right_children":[2,4,6,-1,-1,8,-1,-1,10,-1,-1],"split_conditions":[2.0007466E-1,9.9497385E-2,1E0,-8.995337E-1,-2.1336174E-1,6.005927E-1,6.0045165E-1,-9.11494E-2,6.9912046E-1,3.8116455E-2,1.4321709E-1],"split_indices":[0,0,0,0,0,0,0,0,0,0,0],"split_type":[0,0,0,0,0,0,0,0,0,0,0],"sum_hessian":[9E0,2E0,7E0,1E0,1E0,6E0,1E0,2E0,4E0,1E0,3E0],"tree_param":{"num_deleted":"0","num_feature":"2","num_nodes":"11","size_leaf_vector":"1"}},{"base_weights":[-6.2653714E-1,-7.0483365E0,1.8599548E0,-8.54557E-1,-2.0269357E-1,4.9586487E-1,5.7042927E-1,-8.507284E-2,1.2046478E0,5.420583E-2,1.4656882E-1],"categories":[],"categories_nodes":[],"categories_segments":[],"categories_sizes":[],"default_left":[0,0,0,0,0,0,0,0,0,0,0],"id":39,"left_children":[1,3,5,-1,-1,7,-1,-1,9,-1,-1],"loss_changes":[1.7278712E2,5.2332916E0,3.9123627E1,0E0,0E0,7.7059245E0,0E0,0E0,7.0323944E-2,0E0,0E0],"parents":[2147483647,0,0,1,1,2,2,5,5,8,8],"right_children":[2,4,6,-1,-1,8,-1,-1,10,-1,-1],"split_conditions":[2.0007466E-1,9.9497385E-2,1E0,-8.54557E-1,-2.0269357E-1,6.005927E-1,5.7042927E-1,-8.507284E-2,8.013129E-1,5.420583E-2,1.4656882E-1],"split_indices":[0,0,0,0,0,0,0,0,0,0,0],"split_type":[0,0,0,0,0,0,0,0,0,0,0],"sum_hessian":[9E0,2E0,7E0,1E0,1E0,6E0,1E0,2E0,4E0,2E0,2E0],"tree_param":{"num_deleted":"0","num_feature":"2","num_nodes":"11","size_leaf_vector":"1"}},{"base_weights":[-6.009954E-1,-6.6959195E0,1.7597256E0,-8.118291E-1,-1.9255887E-1,4.628078E-1,5.419075E-1,-7.940114E-1,1.1243378E0,-9.4602585E-2,-2.4499131E-2,5.059255E-2,1.3679709E-1],"categories":[],"categories_nodes":[],"categories_segments":[],"categories_sizes":[],"default_left":[0,0,0,0,0,0,0,0,0,0,0,0,0],"id":40,"left_children":[1,3,5,-1,-1,7,-1,9,11,-1,-1,-1,-1],"loss_changes":[1.5566714E2,4.723053E0,3.5459007E1,0E0,0E0,6.7127028E0,0E0,1.8608809E-2,6.123686E-2,0E0,0E0,0E0,0E0],"parents":[2147483647,0,0,1,1,2,2,5,5,7,7,8,8],"right_children":[2,4,6,-1,-1,8,-1,10,12,-1,-1,-1,-1],"split_conditions":[2.0007466E-1,9.9497385E-2,1E0,-8.118291E-1,-1.9255887E-1,6.005927E-1,5.419075E-1,4.005918E-1,8.013129E-1,-9.4602585E-2,-2.4499131E-2,5.059255E-2,1.3679709E-1],"split_indices":[0,0,0,0,0,0,0,0,0,0,0,0,0],"split_type":[0,0,0,0,0,0,0,0,0,0,0,0,0],"sum_hessian":[9E0,2E0,7E0,1E0,1E0,6E0,1E0,2E0,4E0,1E0,1E0,2E0,2E0],"tree_param":{"num_deleted":"0","num_feature":"2","num_nodes":"13","size_leaf_vector":"1"}},{"base_weights":[-5.8031523E-1,-6.361124E0,1.6600275E0,-7.712377E-1,-1.8293095E-1,4.262815E-1,5.1481247E-1,-7.543106E-1,1.0493805E0,-8.987236E-2,-2.3274232E-2,4.721934E-2,1.2767741E-1],"categories":[],"categories_nodes":[],"categories_segments":[],"categories_sizes":[],"default_left":[0,0,0,0,0,0,0,0,0,0,0,0,0],"id":41,"left_children":[1,3,5,-1,-1,7,-1,9,11,-1,-1,-1,-1],"loss_changes":[1.4006956E2,4.262558E0,3.2232857E1,0E0,0E0,5.940939E0,0E0,1.6792655E-2,5.335903E-2,0E0,0E0,0E0,0E0],"parents":[2147483647,0,0,1,1,2,2,5,5,7,7,8,8],"right_children":[2,4,6,-1,-1,8,-1,10,12,-1,-1,-1,-1],"split_conditions":[2.0007466E-1,9.9497385E-2,1E0,-7.712377E-1,-1.8293095E-1,6.005927E-1,5.1481247E-1,4.005918E-1,8.013129E-1,-8.987236E-2,-2.3274232E-2,4.721934E-2,1.2767741E-1],"split_indices":[0,0,0,0,0,0,0,0,0,0,0,0,0],"split_type":[0,0,0,0,0,0,0,0,0,0,0,0,0],"sum_hessian":[9E0,2E0,7E0,1E0,1E0,6E0,1E0,2E0,4E0,1E0,1E0,2E0,2E0],"tree_param":{"num_deleted":"0","num_feature":"2","num_nodes":"13","size_leaf_vector":"1"}},{"base_weights":[-5.6004417E-1,-6.0430684E0,1.5660954E0,-7.326758E-1,-1.7378445E-1,3.9247566E-1,4.8907167E-1,-7.1659344E-1,9.79422E-1,-8.537865E-2,-2.2110367E-2,4.4070944E-2,1.19166054E-1],"categories":[],"categories_nodes":[],"categories_segments":[],"categories_sizes":[],"default_left":[0,0,0,0,0,0,0,0,0,0,0,0,0],"id":42,"left_children":[1,3,5,-1,-1,7,-1,9,11,-1,-1,-1,-1],"loss_changes":[1.26040764E2,3.8469467E0,2.929524E1,0E0,0E0,5.2585955E0,0E0,1.5157938E-2,4.6502113E-2,0E0,0E0,0E0,0E0],"parents":[2147483647,0,0,1,1,2,2,5,5,7,7,8,8],"right_children":[2,4,6,-1,-1,8,-1,10,12,-1,-1,-1,-1],"split_conditions":[2.0007466E-1,9.9497385E-2,1E0,-7.326758E-1,-1.7378445E-1,6.005927E-1,4.8907167E-1,4.005918E-1,8.013129E-1,-8.537865E-2,-2.2110367E-2,4.4070944E-2,1.19166054E-1],"split_indices":[0,0,0,0,0,0,0,0,0,0,0,0,0],"split_type":[0,0,0,0,0,0,0,0,0,0,0,0,0],"sum_hessian":[9E0,2E0,7E0,1E0,1E0,6E0,1E0,2E0,4E0,1E0,1E0,2E0,2E0],"tree_param":{"num_deleted":"0","num_feature":"2","num_nodes":"13","size_leaf_vector":"1"}},{"base_weights":[-5.4020417E-1,-5.7409143E0,1.4775877E0,-6.96042E-1,-1.6509514E-1,3.611919E-1,4.6461794E-1,-6.8076324E-1,9.141266E-1,-8.110962E-2,-2.1004869E-2,2.6406098E-2,1.01062775E-1],"categories":[],"categories_nodes":[],"categories_segments":[],"categories_sizes":[],"default_left":[0,0,0,0,0,0,0,0,0,0,0,0,0],"id":43,"left_children":[1,3,5,-1,-1,7,-1,9,11,-1,-1,-1,-1],"loss_changes":[1.1342221E2,3.4718857E0,2.6621054E1,0E0,0E0,4.6552362E0,0E0,1.3679028E-2,4.6792507E-2,0E0,0E0,0E0,0E0],"parents":[2147483647,0,0,1,1,2,2,5,5,7,7,8,8],"right_children":[2,4,6,-1,-1,8,-1,10,12,-1,-1,-1,-1],"split_conditions":[2.0007466E-1,9.9497385E-2,1E0,-6.96042E-1,-1.6509514E-1,6.005927E-1,4.6461794E-1,4.005918E-1,6.9912046E-1,-8.110962E-2,-2.1004869E-2,2.6406098E-2,1.01062775E-1],"split_indices":[0,0,0,0,0,0,0,0,0,0,0,0,0],"split_type":[0,0,0,0,0,0,0,0,0,0,0,0,0],"sum_hessian":[9E0,2E0,7E0,1E0,1E0,6E0,1E0,2E0,4E0,1E0,1E0,1E0,3E0],"tree_param":{"num_deleted":"0","num_feature":"2","num_nodes":"13","size_leaf_vector":"1"}},{"base_weights":[-5.232996E-1,-5.4538684E0,1.3910761E0,-6.612399E-1,-1.5684032E-1,3.2869503E-1,4.4138718E-1,-6.4672595E-1,8.482086E-1,-7.705422E-2,-1.9954681E-2,3.6884055E-2,1.04484044E-1],"categories":[],"categories_nodes":[],"categories_segments":[],"categories_sizes":[],"default_left":[0,0,0,0,0,0,0,0,0,0,0,0,0],"id":44,"left_children":[1,3,5,-1,-1,7,-1,9,11,-1,-1,-1,-1],"loss_changes":[1.0197636E2,3.1333847E0,2.4240068E1,0E0,0E0,4.09577E0,0E0,1.2344837E-2,8.5915565E-2,0E0,0E0,0E0,0E0],"parents":[2147483647,0,0,1,1,2,2,5,5,7,7,8,8],"right_children":[2,4,6,-1,-1,8,-1,10,12,-1,-1,-1,-1],"split_conditions":[2.0007466E-1,9.9497385E-2,1E0,-6.612399E-1,-1.5684032E-1,6.005927E-1,4.4138718E-1,4.005918E-1,8.013129E-1,-7.705422E-2,-1.9954681E-2,3.6884055E-2,1.04484044E-1],"split_indices":[0,0,0,0,0,0,0,0,0,0,0,0,0],"split_type":[0,0,0,0,0,0,0,0,0,0,0,0,0],"sum_hessian":[9E0,2E0,7E0,1E0,1E0,6E0,1E0,2E0,4E0,1E0,1E0,2E0,2E0],"tree_param":{"num_deleted":"0","num_feature":"2","num_nodes":"13","size_leaf_vector":"1"}},{"base_weights":[-5.042013E-1,-5.1811748E0,1.3126888E0,-6.2817794E-1,-1.4899826E-1,3.0216545E-1,4.1931763E-1,-6.143901E-1,7.916657E-1,-7.320137E-2,-1.8957138E-2,3.4425355E-2,9.751892E-2],"categories":[],"categories_nodes":[],"categories_segments":[],"categories_sizes":[],"default_left":[0,0,0,0,0,0,0,0,0,0,0,0,0],"id":45,"left_children":[1,3,5,-1,-1,7,-1,9,11,-1,-1,-1,-1],"loss_changes":[9.177674E1,2.8278809E0,2.2019365E1,0E0,0E0,3.6269703E0,0E0,1.1137366E-2,7.4840784E-2,0E0,0E0,0E0,0E0],"parents":[2147483647,0,0,1,1,2,2,5,5,7,7,8,8],"right_children":[2,4,6,-1,-1,8,-1,10,12,-1,-1,-1,-1],"split_conditions":[2.0007466E-1,9.9497385E-2,1E0,-6.2817794E-1,-1.4899826E-1,6.005927E-1,4.1931763E-1,4.005918E-1,8.013129E-1,-7.320137E-2,-1.8957138E-2,3.4425355E-2,9.751892E-2],"split_indices":[0,0,0,0,0,0,0,0,0,0,0,0,0],"split_type":[0,0,0,0,0,0,0,0,0,0,0,0,0],"sum_hessian":[9E0,2E0,7E0,1E0,1E0,6E0,1E0,2E0,4E0,1E0,1E0,2E0,2E0],"tree_param":{"num_deleted":"0","num_feature":"2","num_nodes":"13","size_leaf_vector":"1"}},{"base_weights":[-4.8558712E-1,-4.922116E0,1.2388096E0,-5.9676903E-1,-1.4154835E-1,2.7763367E-1,3.9835206E-1,-5.83669E-1,7.3888856E-1,-6.954117E-2,-1.8009186E-2,3.213043E-2,9.1017656E-2],"categories":[],"categories_nodes":[],"categories_segments":[],"categories_sizes":[],"default_left":[0,0,0,0,0,0,0,0,0,0,0,0,0],"id":46,"left_children":[1,3,5,-1,-1,7,-1,9,11,-1,-1,-1,-1],"loss_changes":[8.260092E1,2.5521698E0,1.9999243E1,0E0,0E0,3.2122269E0,0E0,1.0052443E-2,6.5191984E-2,0E0,0E0,0E0,0E0],"parents":[2147483647,0,0,1,1,2,2,5,5,7,7,8,8],"right_children":[2,4,6,-1,-1,8,-1,10,12,-1,-1,-1,-1],"split_conditions":[2.0007466E-1,9.9497385E-2,1E0,-5.9676903E-1,-1.4154835E-1,6.005927E-1,3.9835206E-1,4.005918E-1,8.013129E-1,-6.954117E-2,-1.8009186E-2,3.213043E-2,9.1017656E-2],"split_indices":[0,0,0,0,0,0,0,0,0,0,0,0,0],"split_type":[0,0,0,0,0,0,0,0,0,0,0,0,0],"sum_hessian":[9E0,2E0,7E0,1E0,1E0,6E0,1E0,2E0,4E0,1E0,1E0,2E0,2E0],"tree_param":{"num_deleted":"0","num_feature":"2","num_nodes":"13","size_leaf_vector":"1"}},{"base_weights":[-4.6746522E-1,-4.67601E0,1.1691723E0,-5.669306E-1,-1.3447094E-1,2.5495476E-1,3.7843475E-1,-5.5448407E-1,6.8962705E-1,-6.6064075E-2,-1.7108535E-2,2.9988099E-2,8.4949754E-2],"categories":[],"categories_nodes":[],"categories_segments":[],"categories_sizes":[],"default_left":[0,0,0,0,0,0,0,0,0,0,0,0,0],"id":47,"left_children":[1,3,5,-1,-1,7,-1,9,11,-1,-1,-1,-1],"loss_changes":[7.434568E1,2.303337E0,1.8161875E1,0E0,0E0,2.8452718E0,0E0,9.074986E-3,5.6796074E-2,0E0,0E0,0E0,0E0],"parents":[2147483647,0,0,1,1,2,2,5,5,7,7,8,8],"right_children":[2,4,6,-1,-1,8,-1,10,12,-1,-1,-1,-1],"split_conditions":[2.0007466E-1,9.9497385E-2,1E0,-5.669306E-1,-1.3447094E-1,6.005927E-1,3.7843475E-1,4.005918E-1,8.013129E-1,-6.6064075E-2,-1.7108535E-2,2.9988099E-2,8.4949754E-2],"split_indices":[0,0,0,0,0,0,0,0,0,0,0,0,0],"split_type":[0,0,0,0,0,0,0,0,0,0,0,0,0],"sum_hessian":[9E0,2E0,7E0,1E0,1E0,6E0,1E0,2E0,4E0,1E0,1E0,2E0,2E0],"tree_param":{"num_deleted":"0","num_feature":"2","num_nodes":"13","size_leaf_vector":"1"}},{"base_weights":[-4.498373E-1,-4.4422092E0,1.1035318E0,-5.3858405E-1,-1.2774734E-1,2.3399898E-1,3.595131E-1,-5.2676135E-1,6.436554E-1,-6.276093E-2,-1.6253281E-2,2.7989198E-2,7.92867E-2],"categories":[],"categories_nodes":[],"categories_segments":[],"categories_sizes":[],"default_left":[0,0,0,0,0,0,0,0,0,0,0,0,0],"id":48,"left_children":[1,3,5,-1,-1,7,-1,9,11,-1,-1,-1,-1],"loss_changes":[6.6918396E1,2.0787582E0,1.6490961E1,0E0,0E0,2.5206053E0,0E0,8.18783E-3,4.9471617E-2,0E0,0E0,0E0,0E0],"parents":[2147483647,0,0,1,1,2,2,5,5,7,7,8,8],"right_children":[2,4,6,-1,-1,8,-1,10,12,-1,-1,-1,-1],"split_conditions":[2.0007466E-1,9.9497385E-2,1E0,-5.3858405E-1,-1.2774734E-1,6.005927E-1,3.595131E-1,4.005918E-1,8.013129E-1,-6.276093E-2,-1.6253281E-2,2.7989198E-2,7.92867E-2],"split_indices":[0,0,0,0,0,0,0,0,0,0,0,0,0],"split_type":[0,0,0,0,0,0,0,0,0,0,0,0,0],"sum_hessian":[9E0,2E0,7E0,1E0,1E0,6E0,1E0,2E0,4E0,1E0,1E0,2E0,2E0],"tree_param":{"num_deleted":"0","num_feature":"2","num_nodes":"13","size_leaf_vector":"1"}},{"base_weights":[-4.3270835E-1,-4.220099E0,1.0416517E0,-5.1165485E-1,-1.2136002E-1,2.1463776E-1,3.4153748E-1,-5.004247E-1,6.007477E-1,-5.9622955E-2,-1.544075E-2,2.6123557E-2,7.400106E-2],"categories":[],"categories_nodes":[],"categories_segments":[],"categories_sizes":[],"default_left":[0,0,0,0,0,0,0,0,0,0,0,0,0],"id":49,"left_children":[1,3,5,-1,-1,7,-1,9,11,-1,-1,-1,-1],"loss_changes":[6.023565E1,1.8760834E0,1.4971747E1,0E0,0E0,2.233278E0,0E0,7.3880553E-3,4.3090105E-2,0E0,0E0,0E0,0E0],"parents":[2147483647,0,0,1,1,2,2,5,5,7,7,8,8],"right_children":[2,4,6,-1,-1,8,-1,10,12,-1,-1,-1,-1],"split_conditions":[2.0007466E-1,9.9497385E-2,1E0,-5.1165485E-1,-1.2136002E-1,6.005927E-1,3.4153748E-1,4.005918E-1,8.013129E-1,-5.9622955E-2,-1.544075E-2,2.6123557E-2,7.400106E-2],"split_indices":[0,0,0,0,0,0,0,0,0,0,0,0,0],"split_type":[0,0,0,0,0,0,0,0,0,0,0,0,0],"sum_hessian":[9E0,2E0,7E0,1E0,1E0,6E0,1E0,2E0,4E0,1E0,1E0,2E0,2E0],"tree_param":{"num_deleted":"0","num_feature":"2","num_nodes":"13","size_leaf_vector":"1"}},{"base_weights":[-4.160796E-1,-4.0090938E0,9.833107E-1,-4.8607212E-1,-1.15291975E-1,1.9675337E-1,3.244606E-1,-4.7540283E-1,5.606964E-1,-5.664177E-2,-1.4668656E-2,2.438202E-2,6.906738E-2],"categories":[],"categories_nodes":[],"categories_segments":[],"categories_sizes":[],"default_left":[0,0,0,0,0,0,0,0,0,0,0,0,0],"id":50,"left_children":[1,3,5,-1,-1,7,-1,9,11,-1,-1,-1,-1],"loss_changes":[5.4222477E1,1.6931648E0,1.3590721E1,0E0,0E0,1.9789429E0,0E0,6.6683292E-3,3.7533402E-2,0E0,0E0,0E0,0E0],"parents":[2147483647,0,0,1,1,2,2,5,5,7,7,8,8],"right_children":[2,4,6,-1,-1,8,-1,10,12,-1,-1,-1,-1],"split_conditions":[2.0007466E-1,9.9497385E-2,1E0,-4.8607212E-1,-1.15291975E-1,6.005927E-1,3.244606E-1,4.005918E-1,8.013129E-1,-5.664177E-2,-1.4668656E-2,2.438202E-2,6.906738E-2],"split_indices":[0,0,0,0,0,0,0,0,0,0,0,0,0],"split_type":[0,0,0,0,0,0,0,0,0,0,0,0,0],"sum_hessian":[9E0,2E0,7E0,1E0,1E0,6E0,1E0,2E0,4E0,1E0,1E0,2E0,2E0],"tree_param":{"num_deleted":"0","num_feature":"2","num_nodes":"13","size_leaf_vector":"1"}},{"base_weights":[-3.9994726E-1,-3.8086393E0,9.283056E-1,-4.6176848E-1,-1.095274E-1,1.8024227E-1,3.0823746E-1,-4.5163217E-1,5.2331847E-1,-5.380974E-2,-1.3935089E-2,2.275645E-2,6.44633E-2],"categories":[],"categories_nodes":[],"categories_segments":[],"categories_sizes":[],"default_left":[0,0,0,0,0,0,0,0,0,0,0,0,0],"id":51,"left_children":[1,3,5,-1,-1,7,-1,9,11,-1,-1,-1,-1],"loss_changes":[4.881163E1,1.52808E0,1.2335466E1,0E0,0E0,1.753815E0,0E0,6.020069E-3,3.2700658E-2,0E0,0E0,0E0,0E0],"parents":[2147483647,0,0,1,1,2,2,5,5,7,7,8,8],"right_children":[2,4,6,-1,-1,8,-1,10,12,-1,-1,-1,-1],"split_conditions":[2.0007466E-1,9.9497385E-2,1E0,-4.6176848E-1,-1.095274E-1,6.005927E-1,3.0823746E-1,4.005918E-1,8.013129E-1,-5.380974E-2,-1.3935089E-2,2.275645E-2,6.44633E-2],"split_indices":[0,0,0,0,0,0,0,0,0,0,0,0,0],"split_type":[0,0,0,0,0,0,0,0,0,0,0,0,0],"sum_hessian":[9E0,2E0,7E0,1E0,1E0,6E0,1E0,2E0,4E0,1E0,1E0,2E0,2E0],"tree_param":{"num_deleted":"0","num_feature":"2","num_nodes":"13","size_leaf_vector":"1"}},{"base_weights":[-3.843109E-1,-3.6182072E0,8.764391E-1,-4.3868008E-1,-1.04051016E-1,1.6500092E-1,2.928253E-1,-4.2904916E-1,4.884308E-1,-5.1119234E-2,-1.3238144E-2,2.1239726E-2,6.0165405E-2],"categories":[],"categories_nodes":[],"categories_segments":[],"categories_sizes":[],"default_left":[0,0,0,0,0,0,0,0,0,0,0,0,0],"id":52,"left_children":[1,3,5,-1,-1,7,-1,9,11,-1,-1,-1,-1],"loss_changes":[4.394249E1,1.3790894E0,1.1194746E1,0E0,0E0,1.5544957E0,0E0,5.4352283E-3,2.847743E-2,0E0,0E0,0E0,0E0],"parents":[2147483647,0,0,1,1,2,2,5,5,7,7,8,8],"right_children":[2,4,6,-1,-1,8,-1,10,12,-1,-1,-1,-1],"split_conditions":[2.0007466E-1,9.9497385E-2,1E0,-4.3868008E-1,-1.04051016E-1,6.005927E-1,2.928253E-1,4.005918E-1,8.013129E-1,-5.1119234E-2,-1.3238144E-2,2.1239726E-2,6.0165405E-2],"split_indices":[0,0,0,0,0,0,0,0,0,0,0,0,0],"split_type":[0,0,0,0,0,0,0,0,0,0,0,0,0],"sum_hessian":[9E0,2E0,7E0,1E0,1E0,6E0,1E0,2E0,4E0,1E0,1E0,2E0,2E0],"tree_param":{"num_deleted":"0","num_feature":"2","num_nodes":"13","size_leaf_vector":"1"}},{"base_weights":[-3.6916685E-1,-3.4372976E0,8.27528E-1,-4.167461E-1,-9.884854E-2,1.5093558E-1,2.7818376E-1,-4.0759787E-1,4.5586854E-1,-4.8563387E-2,-1.2576294E-2,1.2290192E-2,5.083847E-2],"categories":[],"categories_nodes":[],"categories_segments":[],"categories_sizes":[],"default_left":[0,0,0,0,0,0,0,0,0,0,0,0,0],"id":53,"left_children":[1,3,5,-1,-1,7,-1,9,11,-1,-1,-1,-1],"loss_changes":[3.956062E1,1.2446251E0,1.0158289E1,0E0,0E0,1.3780179E0,0E0,4.905015E-3,2.4949193E-2,0E0,0E0,0E0,0E0],"parents":[2147483647,0,0,1,1,2,2,5,5,7,7,8,8],"right_children":[2,4,6,-1,-1,8,-1,10,12,-1,-1,-1,-1],"split_conditions":[2.0007466E-1,9.9497385E-2,1E0,-4.167461E-1,-9.884854E-2,6.005927E-1,2.7818376E-1,4.005918E-1,6.9912046E-1,-4.8563387E-2,-1.2576294E-2,1.2290192E-2,5.083847E-2],"split_indices":[0,0,0,0,0,0,0,0,0,0,0,0,0],"split_type":[0,0,0,0,0,0,0,0,0,0,0,0,0],"sum_hessian":[9E0,2E0,7E0,1E0,1E0,6E0,1E0,2E0,4E0,1E0,1E0,1E0,3E0],"tree_param":{"num_deleted":"0","num_feature":"2","num_nodes":"13","size_leaf_vector":"1"}},{"base_weights":[-3.557931E-1,-3.2654321E0,7.7979565E-1,-3.959088E-1,-9.390602E-2,1.3612475E-1,2.642746E-1,-3.8721976E-1,4.229065E-1,-4.6135332E-2,-1.1947632E-2,1.7719524E-2,5.2764893E-2],"categories":[],"categories_nodes":[],"categories_segments":[],"categories_sizes":[],"default_left":[0,0,0,0,0,0,0,0,0,0,0,0,0],"id":54,"left_children":[1,3,5,-1,-1,7,-1,9,11,-1,-1,-1,-1],"loss_changes":[3.55879E1,1.1232853E0,9.233272E0,0E0,0E0,1.2143574E0,0E0,4.4255555E-3,3.51851E-2,0E0,0E0,0E0,0E0],"parents":[2147483647,0,0,1,1,2,2,5,5,7,7,8,8],"right_children":[2,4,6,-1,-1,8,-1,10,12,-1,-1,-1,-1],"split_conditions":[2.0007466E-1,9.9497385E-2,1E0,-3.959088E-1,-9.390602E-2,6.005927E-1,2.642746E-1,4.005918E-1,8.013129E-1,-4.6135332E-2,-1.1947632E-2,1.7719524E-2,5.2764893E-2],"split_indices":[0,0,0,0,0,0,0,0,0,0,0,0,0],"split_type":[0,0,0,0,0,0,0,0,0,0,0,0,0],"sum_hessian":[9E0,2E0,7E0,1E0,1E0,6E0,1E0,2E0,4E0,1E0,1E0,2E0,2E0],"tree_param":{"num_deleted":"0","num_feature":"2","num_nodes":"13","size_leaf_vector":"1"}},{"base_weights":[-3.415276E-1,-3.1021602E0,7.364006E-1,-3.7611336E-1,-8.9210704E-2,1.2428502E-1,2.510605E-1,-3.678589E-1,3.9471436E-1,-4.3828584E-2,-1.1350251E-2,1.6538493E-2,4.924723E-2],"categories":[],"categories_nodes":[],"categories_segments":[],"categories_sizes":[],"default_left":[0,0,0,0,0,0,0,0,0,0,0,0,0],"id":55,"left_children":[1,3,5,-1,-1,7,-1,9,11,-1,-1,-1,-1],"loss_changes":[3.204207E1,1.0137634E0,8.376114E0,0E0,0E0,1.0768303E0,0E0,3.9940774E-3,3.0646384E-2,0E0,0E0,0E0,0E0],"parents":[2147483647,0,0,1,1,2,2,5,5,7,7,8,8],"right_children":[2,4,6,-1,-1,8,-1,10,12,-1,-1,-1,-1],"split_conditions":[2.0007466E-1,9.9497385E-2,1E0,-3.7611336E-1,-8.9210704E-2,6.005927E-1,2.510605E-1,4.005918E-1,8.013129E-1,-4.3828584E-2,-1.1350251E-2,1.6538493E-2,4.924723E-2],"split_indices":[0,0,0,0,0,0,0,0,0,0,0,0,0],"split_type":[0,0,0,0,0,0,0,0,0,0,0,0,0],"sum_hessian":[9E0,2E0,7E0,1E0,1E0,6E0,1E0,2E0,4E0,1E0,1E0,2E0,2E0],"tree_param":{"num_deleted":"0","num_feature":"2","num_nodes":"13","size_leaf_vector":"1"}},{"base_weights":[-3.277398E-1,-2.9470522E0,6.9546986E-1,-3.5730767E-1,-8.4750175E-2,1.1337389E-1,2.3850708E-1,-3.4946442E-1,3.684021E-1,-4.163704E-2,-1.0782624E-2,1.5435792E-2,4.596456E-2],"categories":[],"categories_nodes":[],"categories_segments":[],"categories_sizes":[],"default_left":[0,0,0,0,0,0,0,0,0,0,0,0,0],"id":56,"left_children":[1,3,5,-1,-1,7,-1,9,11,-1,-1,-1,-1],"loss_changes":[2.8850643E1,9.149208E-1,7.5976744E0,0E0,0E0,9.5500124E-1,0E0,3.6054552E-3,2.6700735E-2,0E0,0E0,0E0,0E0],"parents":[2147483647,0,0,1,1,2,2,5,5,7,7,8,8],"right_children":[2,4,6,-1,-1,8,-1,10,12,-1,-1,-1,-1],"split_conditions":[2.0007466E-1,9.9497385E-2,1E0,-3.5730767E-1,-8.4750175E-2,6.005927E-1,2.3850708E-1,4.005918E-1,8.013129E-1,-4.163704E-2,-1.0782624E-2,1.5435792E-2,4.596456E-2],"split_indices":[0,0,0,0,0,0,0,0,0,0,0,0,0],"split_type":[0,0,0,0,0,0,0,0,0,0,0,0,0],"sum_hessian":[9E0,2E0,7E0,1E0,1E0,6E0,1E0,2E0,4E0,1E0,1E0,2E0,2E0],"tree_param":{"num_deleted":"0","num_feature":"2","num_nodes":"13","size_leaf_vector":"1"}},{"base_weights":[-3.1442386E-1,-2.7996995E0,6.568575E-1,-3.394423E-1,-8.051262E-2,1.0331835E-1,2.2658157E-1,-3.319931E-1,3.4384155E-1,-3.955536E-2,-1.0243607E-2,1.4406331E-2,4.2900596E-2],"categories":[],"categories_nodes":[],"categories_segments":[],"categories_sizes":[],"default_left":[0,0,0,0,0,0,0,0,0,0,0,0,0],"id":57,"left_children":[1,3,5,-1,-1,7,-1,9,11,-1,-1,-1,-1],"loss_changes":[2.5978024E1,8.2571983E-1,6.8908715E0,0E0,0E0,8.470706E-1,0E0,3.253311E-3,2.3265898E-2,0E0,0E0,0E0,0E0],"parents":[2147483647,0,0,1,1,2,2,5,5,7,7,8,8],"right_children":[2,4,6,-1,-1,8,-1,10,12,-1,-1,-1,-1],"split_conditions":[2.0007466E-1,9.9497385E-2,1E0,-3.394423E-1,-8.051262E-2,6.005927E-1,2.2658157E-1,4.005918E-1,8.013129E-1,-3.955536E-2,-1.0243607E-2,1.4406331E-2,4.2900596E-2],"split_indices":[0,0,0,0,0,0,0,0,0,0,0,0,0],"split_type":[0,0,0,0,0,0,0,0,0,0,0,0,0],"sum_hessian":[9E0,2E0,7E0,1E0,1E0,6E0,1E0,2E0,4E0,1E0,1E0,2E0,2E0],"tree_param":{"num_deleted":"0","num_feature":"2","num_nodes":"13","size_leaf_vector":"1"}},{"base_weights":[-3.0156803E-1,-2.6597145E0,6.2043285E-1,-3.224702E-1,-7.648697E-2,9.405845E-2,2.1525268E-1,-3.1539154E-1,3.2091674E-1,-3.757744E-2,-9.731293E-3,1.3446045E-2,4.004008E-2],"categories":[],"categories_nodes":[],"categories_segments":[],"categories_sizes":[],"default_left":[0,0,0,0,0,0,0,0,0,0,0,0,0],"id":58,"left_children":[1,3,5,-1,-1,7,-1,9,11,-1,-1,-1,-1],"loss_changes":[2.3392305E1,7.4521446E-1,6.249177E0,0E0,0E0,7.5142425E-1,0E0,2.9369295E-3,2.0263493E-2,0E0,0E0,0E0,0E0],"parents":[2147483647,0,0,1,1,2,2,5,5,7,7,8,8],"right_children":[2,4,6,-1,-1,8,-1,10,12,-1,-1,-1,-1],"split_conditions":[2.0007466E-1,9.9497385E-2,1E0,-3.224702E-1,-7.648697E-2,6.005927E-1,2.1525268E-1,4.005918E-1,8.013129E-1,-3.757744E-2,-9.731293E-3,1.3446045E-2,4.004008E-2],"split_indices":[0,0,0,0,0,0,0,0,0,0,0,0,0],"split_type":[0,0,0,0,0,0,0,0,0,0,0,0,0],"sum_hessian":[9E0,2E0,7E0,1E0,1E0,6E0,1E0,2E0,4E0,1E0,1E0,2E0,2E0],"tree_param":{"num_deleted":"0","num_feature":"2","num_nodes":"13","size_leaf_vector":"1"}},{"base_weights":[-2.8916392E-1,-2.5267282E0,5.8606815E-1,-3.0634668E-1,-7.266255E-2,8.5535325E-2,2.044899E-1,-2.9962412E-1,2.9952392E-1,-3.56987E-2,-9.244919E-3,1.2549846E-2,3.7370812E-2],"categories":[],"categories_nodes":[],"categories_segments":[],"categories_sizes":[],"default_left":[0,0,0,0,0,0,0,0,0,0,0,0,0],"id":59,"left_children":[1,3,5,-1,-1,7,-1,9,11,-1,-1,-1,-1],"loss_changes":[2.1064716E1,6.7255974E-1,5.666631E0,0E0,0E0,6.666828E-1,0E0,2.6493073E-3,1.764986E-2,0E0,0E0,0E0,0E0],"parents":[2147483647,0,0,1,1,2,2,5,5,7,7,8,8],"right_children":[2,4,6,-1,-1,8,-1,10,12,-1,-1,-1,-1],"split_conditions":[2.0007466E-1,9.9497385E-2,1E0,-3.0634668E-1,-7.266255E-2,6.005927E-1,2.044899E-1,4.005918E-1,8.013129E-1,-3.56987E-2,-9.244919E-3,1.2549846E-2,3.7370812E-2],"split_indices":[0,0,0,0,0,0,0,0,0,0,0,0,0],"split_type":[0,0,0,0,0,0,0,0,0,0,0,0,0],"sum_hessian":[9E0,2E0,7E0,1E0,1E0,6E0,1E0,2E0,4E0,1E0,1E0,2E0,2E0],"tree_param":{"num_deleted":"0","num_feature":"2","num_nodes":"13","size_leaf_vector":"1"}},{"base_weights":[-2.7719912E-1,-2.4003918E0,5.53648E-1,-2.9102933E-1,-6.902943E-2,7.769557E-2,1.9426575E-1,-2.8464255E-1,2.795593E-1,-3.3913802E-2,-8.782578E-3,1.1713664E-2,3.4879558E-2],"categories":[],"categories_nodes":[],"categories_segments":[],"categories_sizes":[],"default_left":[0,0,0,0,0,0,0,0,0,0,0,0,0],"id":60,"left_children":[1,3,5,-1,-1,7,-1,9,11,-1,-1,-1,-1],"loss_changes":[1.8969458E1,6.069851E-1,5.137884E0,0E0,0E0,5.9157497E-1,0E0,2.39183E-3,1.5370965E-2,0E0,0E0,0E0,0E0],"parents":[2147483647,0,0,1,1,2,2,5,5,7,7,8,8],"right_children":[2,4,6,-1,-1,8,-1,10,12,-1,-1,-1,-1],"split_conditions":[2.0007466E-1,9.9497385E-2,1E0,-2.9102933E-1,-6.902943E-2,6.005927E-1,1.9426575E-1,4.005918E-1,8.013129E-1,-3.3913802E-2,-8.782578E-3,1.1713664E-2,3.4879558E-2],"split_indices":[0,0,0,0,0,0,0,0,0,0,0,0,0],"split_type":[0,0,0,0,0,0,0,0,0,0,0,0,0],"sum_hessian":[9E0,2E0,7E0,1E0,1E0,6E0,1E0,2E0,4E0,1E0,1E0,2E0,2E0],"tree_param":{"num_deleted":"0","num_feature":"2","num_nodes":"13","size_leaf_vector":"1"}},{"base_weights":[-2.6566973E-1,-2.2803717E0,5.230522E-1,-2.7647787E-1,-6.557789E-2,7.048035E-2,1.8455277E-1,-2.7041116E-1,2.6091918E-1,-3.221817E-2,-8.343506E-3,1.0932414E-2,3.2554116E-2],"categories":[],"categories_nodes":[],"categories_segments":[],"categories_sizes":[],"default_left":[0,0,0,0,0,0,0,0,0,0,0,0,0],"id":61,"left_children":[1,3,5,-1,-1,7,-1,9,11,-1,-1,-1,-1],"loss_changes":[1.7083149E1,5.478096E-1,4.6580477E0,0E0,0E0,5.2498835E-1,0E0,2.158314E-3,1.3392359E-2,0E0,0E0,0E0,0E0],"parents":[2147483647,0,0,1,1,2,2,5,5,7,7,8,8],"right_children":[2,4,6,-1,-1,8,-1,10,12,-1,-1,-1,-1],"split_conditions":[2.0007466E-1,9.9497385E-2,1E0,-2.7647787E-1,-6.557789E-2,6.005927E-1,1.8455277E-1,4.005918E-1,8.013129E-1,-3.221817E-2,-8.343506E-3,1.0932414E-2,3.2554116E-2],"split_indices":[0,0,0,0,0,0,0,0,0,0,0,0,0],"split_type":[0,0,0,0,0,0,0,0,0,0,0,0,0],"sum_hessian":[9E0,2E0,7E0,1E0,1E0,6E0,1E0,2E0,4E0,1E0,1E0,2E0,2E0],"tree_param":{"num_deleted":"0","num_feature":"2","num_nodes":"13","size_leaf_vector":"1"}},{"base_weights":[-2.5455752E-1,-2.166353E0,4.9418545E-1,-2.6265398E-1,-6.2298965E-2,6.385476E-2,1.7532502E-1,-2.5688934E-1,2.4353027E-1,-3.0607224E-2,-7.926178E-3,1.0204061E-2,3.0384317E-2],"categories":[],"categories_nodes":[],"categories_segments":[],"categories_sizes":[],"default_left":[0,0,0,0,0,0,0,0,0,0,0,0,0],"id":62,"left_children":[1,3,5,-1,-1,7,-1,9,11,-1,-1,-1,-1],"loss_changes":[1.5385014E1,4.9440002E-1,4.22256E0,0E0,0E0,4.6596935E-1,0E0,1.9488633E-3,1.16639435E-2,0E0,0E0,0E0,0E0],"parents":[2147483647,0,0,1,1,2,2,5,5,7,7,8,8],"right_children":[2,4,6,-1,-1,8,-1,10,12,-1,-1,-1,-1],"split_conditions":[2.0007466E-1,9.9497385E-2,1E0,-2.6265398E-1,-6.2298965E-2,6.005927E-1,1.7532502E-1,4.005918E-1,8.013129E-1,-3.0607224E-2,-7.926178E-3,1.0204061E-2,3.0384317E-2],"split_indices":[0,0,0,0,0,0,0,0,0,0,0,0,0],"split_type":[0,0,0,0,0,0,0,0,0,0,0,0,0],"sum_hessian":[9E0,2E0,7E0,1E0,1E0,6E0,1E0,2E0,4E0,1E0,1E0,2E0,2E0],"tree_param":{"num_deleted":"0","num_feature":"2","num_nodes":"13","size_leaf_vector":"1"}},{"base_weights":[-2.4385877E-1,-2.0580356E0,4.6693993E-1,-2.4952129E-1,-5.9184074E-2,5.7763238E-2,1.6655885E-1,-2.4404399E-1,2.2729492E-1,-2.9076768E-2,-7.529831E-3,1.1919403E-2,3.2984924E-2],"categories":[],"categories_nodes":[],"categories_segments":[],"categories_sizes":[],"default_left":[0,0,0,0,0,0,0,0,0,0,0,0,0],"id":63,"left_children":[1,3,5,-1,-1,7,-1,9,11,-1,-1,-1,-1],"loss_changes":[1.3856125E1,4.4619274E-1,3.8274622E0,0E0,0E0,4.1363114E-1,0E0,1.758948E-3,1.611501E-2,0E0,0E0,0E0,0E0],"parents":[2147483647,0,0,1,1,2,2,5,5,7,7,8,8],"right_children":[2,4,6,-1,-1,8,-1,10,12,-1,-1,-1,-1],"split_conditions":[2.0007466E-1,9.9497385E-2,1E0,-2.4952129E-1,-5.9184074E-2,6.005927E-1,1.6655885E-1,4.005918E-1,9.0068483E-1,-2.9076768E-2,-7.529831E-3,1.1919403E-2,3.2984924E-2],"split_indices":[0,0,0,0,0,0,0,0,0,0,0,0,0],"split_type":[0,0,0,0,0,0,0,0,0,0,0,0,0],"sum_hessian":[9E0,2E0,7E0,1E0,1E0,6E0,1E0,2E0,4E0,1E0,1E0,3E0,1E0],"tree_param":{"num_deleted":"0","num_feature":"2","num_nodes":"13","size_leaf_vector":"1"}},{"base_weights":[-2.3285814E-1,-1.9551336E0,4.4210243E-1,-2.3704521E-1,-5.6224823E-2,5.317252E-2,1.5823059E-1,-2.3184204E-1,2.1354675E-1,-2.7622987E-2,-7.1533206E-3,1.102562E-2,3.133545E-2],"categories":[],"categories_nodes":[],"categories_segments":[],"categories_sizes":[],"default_left":[0,0,0,0,0,0,0,0,0,0,0,0,0],"id":64,"left_children":[1,3,5,-1,-1,7,-1,9,11,-1,-1,-1,-1],"loss_changes":[1.2489051E1,4.0268993E-1,3.4635384E0,0E0,0E0,3.6947206E-1,0E0,1.587674E-3,1.6996697E-2,0E0,0E0,0E0,0E0],"parents":[2147483647,0,0,1,1,2,2,5,5,7,7,8,8],"right_children":[2,4,6,-1,-1,8,-1,10,12,-1,-1,-1,-1],"split_conditions":[2.0007466E-1,9.9497385E-2,1E0,-2.3704521E-1,-5.6224823E-2,6.005927E-1,1.5823059E-1,4.005918E-1,9.0068483E-1,-2.7622987E-2,-7.1533206E-3,1.102562E-2,3.133545E-2],"split_indices":[0,0,0,0,0,0,0,0,0,0,0,0,0],"split_type":[0,0,0,0,0,0,0,0,0,0,0,0,0],"sum_hessian":[9E0,2E0,7E0,1E0,1E0,6E0,1E0,2E0,4E0,1E0,1E0,3E0,1E0],"tree_param":{"num_deleted":"0","num_feature":"2","num_nodes":"13","size_leaf_vector":"1"}},{"base_weights":[-2.2232004E-1,-1.8573769E0,4.186163E-1,-2.2519295E-1,-5.341358E-2,4.8936028E-2,1.503189E-1,-2.2024791E-1,2.0065919E-1,-2.6241684E-2,-6.795502E-3,1.0198212E-2,2.9768372E-2],"categories":[],"categories_nodes":[],"categories_segments":[],"categories_sizes":[],"default_left":[0,0,0,0,0,0,0,0,0,0,0,0,0],"id":65,"left_children":[1,3,5,-1,-1,7,-1,9,11,-1,-1,-1,-1],"loss_changes":[1.1257202E1,3.6342812E-1,3.1340013E0,0E0,0E0,3.300848E-1,0E0,1.4335364E-3,1.7512068E-2,0E0,0E0,0E0,0E0],"parents":[2147483647,0,0,1,1,2,2,5,5,7,7,8,8],"right_children":[2,4,6,-1,-1,8,-1,10,12,-1,-1,-1,-1],"split_conditions":[2.0007466E-1,9.9497385E-2,1E0,-2.2519295E-1,-5.341358E-2,6.005927E-1,1.503189E-1,4.005918E-1,9.0068483E-1,-2.6241684E-2,-6.795502E-3,1.0198212E-2,2.9768372E-2],"split_indices":[0,0,0,0,0,0,0,0,0,0,0,0,0],"split_type":[0,0,0,0,0,0,0,0,0,0,0,0,0],"sum_hessian":[9E0,2E0,7E0,1E0,1E0,6E0,1E0,2E0,4E0,1E0,1E0,3E0,1E0],"tree_param":{"num_deleted":"0","num_feature":"2","num_nodes":"13","size_leaf_vector":"1"}},{"base_weights":[-2.1222138E-1,-1.7645081E0,3.964138E-1,-2.139333E-1,-5.0742913E-2,4.5035224E-2,1.4280319E-1,-2.092336E-1,1.8858948E-1,-2.4929428E-2,-6.4556124E-3,9.433746E-3,2.8279876E-2],"categories":[],"categories_nodes":[],"categories_segments":[],"categories_sizes":[],"default_left":[0,0,0,0,0,0,0,0,0,0,0,0,0],"id":66,"left_children":[1,3,5,-1,-1,7,-1,9,11,-1,-1,-1,-1],"loss_changes":[1.0147239E1,3.279934E-1,2.8355966E0,0E0,0E0,2.9496887E-1,0E0,1.294151E-3,1.7718568E-2,0E0,0E0,0E0,0E0],"parents":[2147483647,0,0,1,1,2,2,5,5,7,7,8,8],"right_children":[2,4,6,-1,-1,8,-1,10,12,-1,-1,-1,-1],"split_conditions":[2.0007466E-1,9.9497385E-2,1E0,-2.139333E-1,-5.0742913E-2,6.005927E-1,1.4280319E-1,4.005918E-1,9.0068483E-1,-2.4929428E-2,-6.4556124E-3,9.433746E-3,2.8279876E-2],"split_indices":[0,0,0,0,0,0,0,0,0,0,0,0,0],"split_type":[0,0,0,0,0,0,0,0,0,0,0,0,0],"sum_hessian":[9E0,2E0,7E0,1E0,1E0,6E0,1E0,2E0,4E0,1E0,1E0,3E0,1E0],"tree_param":{"num_deleted":"0","num_feature":"2","num_nodes":"13","size_leaf_vector":"1"}},{"base_weights":[-2.0255212E-1,-1.6762825E0,3.754158E-1,-2.0323662E-1,-4.820576E-2,4.1438513E-2,1.3566284E-1,-1.9877116E-1,1.7727661E-1,-2.3682786E-2,-6.132889E-3,8.726502E-3,2.6866151E-2],"categories":[],"categories_nodes":[],"categories_segments":[],"categories_sizes":[],"default_left":[0,0,0,0,0,0,0,0,0,0,0,0,0],"id":67,"left_children":[1,3,5,-1,-1,7,-1,9,11,-1,-1,-1,-1],"loss_changes":[9.146993E0,2.960148E-1,2.5654051E0,0E0,0E0,2.6364484E-1,0E0,1.1674091E-3,1.768376E-2,0E0,0E0,0E0,0E0],"parents":[2147483647,0,0,1,1,2,2,5,5,7,7,8,8],"right_children":[2,4,6,-1,-1,8,-1,10,12,-1,-1,-1,-1],"split_conditions":[2.0007466E-1,9.9497385E-2,1E0,-2.0323662E-1,-4.820576E-2,6.005927E-1,1.3566284E-1,4.005918E-1,9.0068483E-1,-2.3682786E-2,-6.132889E-3,8.726502E-3,2.6866151E-2],"split_indices":[0,0,0,0,0,0,0,0,0,0,0,0,0],"split_type":[0,0,0,0,0,0,0,0,0,0,0,0,0],"sum_hessian":[9E0,2E0,7E0,1E0,1E0,6E0,1E0,2E0,4E0,1E0,1E0,3E0,1E0],"tree_param":{"num_deleted":"0","num_feature":"2","num_nodes":"13","size_leaf_vector":"1"}},{"base_weights":[-1.9329834E-1,-1.5924683E0,3.5555267E-1,-1.9307481E-1,-4.579544E-2,3.8118634E-2,1.2887955E-1,-1.888326E-1,1.6666564E-1,-2.2498703E-2,-5.8261873E-3,8.071899E-3,2.5522614E-2],"categories":[],"categories_nodes":[],"categories_segments":[],"categories_sizes":[],"default_left":[0,0,0,0,0,0,0,0,0,0,0,0,0],"id":68,"left_children":[1,3,5,-1,-1,7,-1,9,11,-1,-1,-1,-1],"loss_changes":[8.245564E0,2.6715422E-1,2.3208172E0,0E0,0E0,2.3568925E-1,0E0,1.0539666E-3,1.7455786E-2,0E0,0E0,0E0,0E0],"parents":[2147483647,0,0,1,1,2,2,5,5,7,7,8,8],"right_children":[2,4,6,-1,-1,8,-1,10,12,-1,-1,-1,-1],"split_conditions":[2.0007466E-1,9.9497385E-2,1E0,-1.9307481E-1,-4.579544E-2,6.005927E-1,1.2887955E-1,4.005918E-1,9.0068483E-1,-2.2498703E-2,-5.8261873E-3,8.071899E-3,2.5522614E-2],"split_indices":[0,0,0,0,0,0,0,0,0,0,0,0,0],"split_type":[0,0,0,0,0,0,0,0,0,0,0,0,0],"sum_hessian":[9E0,2E0,7E0,1E0,1E0,6E0,1E0,2E0,4E0,1E0,1E0,3E0,1E0],"tree_param":{"num_deleted":"0","num_feature":"2","num_nodes":"13","size_leaf_vector":"1"}},{"base_weights":[-1.8444046E-1,-1.5128449E0,3.3676624E-1,-1.8342106E-1,-4.350567E-2,3.5059247E-2,1.2243576E-1,-1.7938995E-1,1.5671691E-1,-2.1373749E-2,-5.5347444E-3,7.466507E-3,2.4246216E-2],"categories":[],"categories_nodes":[],"categories_segments":[],"categories_sizes":[],"default_left":[0,0,0,0,0,0,0,0,0,0,0,0,0],"id":69,"left_children":[1,3,5,-1,-1,7,-1,9,11,-1,-1,-1,-1],"loss_changes":[7.433208E0,2.4110699E-1,2.0994153E0,0E0,0E0,2.1073918E-1,0E0,9.518415E-4,1.7074332E-2,0E0,0E0,0E0,0E0],"parents":[2147483647,0,0,1,1,2,2,5,5,7,7,8,8],"right_children":[2,4,6,-1,-1,8,-1,10,12,-1,-1,-1,-1],"split_conditions":[2.0007466E-1,9.9497385E-2,1E0,-1.8342106E-1,-4.350567E-2,6.005927E-1,1.2243576E-1,4.005918E-1,9.0068483E-1,-2.1373749E-2,-5.5347444E-3,7.466507E-3,2.4246216E-2],"split_indices":[0,0,0,0,0,0,0,0,0,0,0,0,0],"split_type":[0,0,0,0,0,0,0,0,0,0,0,0,0],"sum_hessian":[9E0,2E0,7E0,1E0,1E0,6E0,1E0,2E0,4E0,1E0,1E0,3E0,1E0],"tree_param":{"num_deleted":"0","num_feature":"2","num_nodes":"13","size_leaf_vector":"1"}},{"base_weights":[-1.7596431E-1,-1.4372023E0,3.1899548E-1,-1.7425E-1,-4.1330338E-2,3.224073E-2,1.16313934E-1,-1.7042287E-1,1.4739075E-1,-2.0305252E-2,-5.258179E-3,6.906891E-3,2.3033906E-2],"categories":[],"categories_nodes":[],"categories_segments":[],"categories_sizes":[],"default_left":[0,0,0,0,0,0,0,0,0,0,0,0,0],"id":70,"left_children":[1,3,5,-1,-1,7,-1,9,11,-1,-1,-1,-1],"loss_changes":[6.701082E0,2.1760082E-1,1.8989975E0,0E0,0E0,1.8847577E-1,0E0,8.584708E-4,1.6574055E-2,0E0,0E0,0E0,0E0],"parents":[2147483647,0,0,1,1,2,2,5,5,7,7,8,8],"right_children":[2,4,6,-1,-1,8,-1,10,12,-1,-1,-1,-1],"split_conditions":[2.0007466E-1,9.9497385E-2,1E0,-1.7425E-1,-4.1330338E-2,6.005927E-1,1.16313934E-1,4.005918E-1,9.0068483E-1,-2.0305252E-2,-5.258179E-3,6.906891E-3,2.3033906E-2],"split_indices":[0,0,0,0,0,0,0,0,0,0,0,0,0],"split_type":[0,0,0,0,0,0,0,0,0,0,0,0,0],"sum_hessian":[9E0,2E0,7E0,1E0,1E0,6E0,1E0,2E0,4E0,1E0,1E0,3E0,1E0],"tree_param":{"num_deleted":"0","num_feature":"2","num_nodes":"13","size_leaf_vector":"1"}},{"base_weights":[-1.6786012E-1,-1.3653427E0,3.0217838E-1,-1.655375E-1,-3.9263915E-2,2.9638018E-2,1.1049805E-1,-1.6190338E-1,1.3863525E-1,-1.9290162E-2,-4.995346E-3,6.3884735E-2,2.1881867E-2,1.8417359E-3,7.2901407E-3],"categories":[],"categories_nodes":[],"categories_segments":[],"categories_sizes":[],"default_left":[0,0,0,0,0,0,0,0,0,0,0,0,0,0,0],"id":71,"left_children":[1,3,5,-1,-1,7,-1,9,11,-1,-1,13,-1,-1,-1],"loss_changes":[6.041207E0,1.9638062E-1,1.7176182E0,0E0,0E0,1.685879E-1,0E0,7.746443E-4,1.598958E-2,0E0,0E0,2.9720552E-4,0E0,0E0,0E0],"parents":[2147483647,0,0,1,1,2,2,5,5,7,7,8,8,11,11],"right_children":[2,4,6,-1,-1,8,-1,10,12,-1,-1,14,-1,-1,-1],"split_conditions":[2.0007466E-1,9.9497385E-2,1E0,-1.655375E-1,-3.9263915E-2,6.005927E-1,1.1049805E-1,4.005918E-1,9.0068483E-1,-1.9290162E-2,-4.995346E-3,6.9912046E-1,2.1881867E-2,1.8417359E-3,7.2901407E-3],"split_indices":[0,0,0,0,0,0,0,0,0,0,0,0,0,0,0],"split_type":[0,0,0,0,0,0,0,0,0,0,0,0,0,0,0],"sum_hessian":[9E0,2E0,7E0,1E0,1E0,6E0,1E0,2E0,4E0,1E0,1E0,3E0,1E0,1E0,2E0],"tree_param":{"num_deleted":"0","num_feature":"2","num_nodes":"15","size_leaf_vector":"1"}},{"base_weights":[-1.5983336E-1,-1.2970754E0,2.8661156E-1,-1.5726063E-1,-3.7300684E-2,2.7633667E-2,1.0497284E-1,-1.538086E-1,1.309723E-1,-1.8325806E-2,-4.7454834E-3,5.9776306E-2,2.078781E-2,1.7494202E-3,6.803894E-3],"categories":[],"categories_nodes":[],"categories_segments":[],"categories_sizes":[],"default_left":[0,0,0,0,0,0,0,0,0,0,0,0,0,0,0],"id":72,"left_children":[1,3,5,-1,-1,7,-1,9,11,-1,-1,13,-1,-1,-1],"loss_changes":[5.448916E0,1.7723513E-1,1.5520352E0,0E0,0E0,1.513946E-1,0E0,6.996989E-4,1.4950745E-2,0E0,0E0,2.0715967E-4,0E0,0E0,0E0],"parents":[2147483647,0,0,1,1,2,2,5,5,7,7,8,8,11,11],"right_children":[2,4,6,-1,-1,8,-1,10,12,-1,-1,14,-1,-1,-1],"split_conditions":[2.0007466E-1,9.9497385E-2,1E0,-1.5726063E-1,-3.7300684E-2,6.005927E-1,1.0497284E-1,4.005918E-1,9.0068483E-1,-1.8325806E-2,-4.7454834E-3,6.9912046E-1,2.078781E-2,1.7494202E-3,6.803894E-3],"split_indices":[0,0,0,0,0,0,0,0,0,0,0,0,0,0,0],"split_type":[0,0,0,0,0,0,0,0,0,0,0,0,0,0,0],"sum_hessian":[9E0,2E0,7E0,1E0,1E0,6E0,1E0,2E0,4E0,1E0,1E0,3E0,1E0,1E0,2E0],"tree_param":{"num_deleted":"0","num_feature":"2","num_nodes":"15","size_leaf_vector":"1"}},{"base_weights":[-1.5218301E-1,-1.2322217E0,2.718544E-1,-1.493976E-1,-3.5435677E-2,2.5765555E-2,9.9723816E-2,-1.4611816E-1,1.2374268E-1,-1.7409516E-2,-4.5082094E-3,5.5934906E-2,1.9748688E-2,1.6616822E-3,6.350199E-3],"categories":[],"categories_nodes":[],"categories_segments":[],"categories_sizes":[],"default_left":[0,0,0,0,0,0,0,0,0,0,0,0,0,0,0],"id":73,"left_children":[1,3,5,-1,-1,7,-1,9,11,-1,-1,13,-1,-1,-1],"loss_changes":[4.9147534E0,1.599536E-1,1.4023764E0,0E0,0E0,1.3596576E-1,0E0,6.314814E-4,1.3955735E-2,0E0,0E0,1.348937E-4,0E0,0E0,0E0],"parents":[2147483647,0,0,1,1,2,2,5,5,7,7,8,8,11,11],"right_children":[2,4,6,-1,-1,8,-1,10,12,-1,-1,14,-1,-1,-1],"split_conditions":[2.0007466E-1,9.9497385E-2,1E0,-1.493976E-1,-3.5435677E-2,6.005927E-1,9.9723816E-2,4.005918E-1,9.0068483E-1,-1.7409516E-2,-4.5082094E-3,6.9912046E-1,1.9748688E-2,1.6616822E-3,6.350199E-3],"split_indices":[0,0,0,0,0,0,0,0,0,0,0,0,0,0,0],"split_type":[0,0,0,0,0,0,0,0,0,0,0,0,0,0,0],"sum_hessian":[9E0,2E0,7E0,1E0,1E0,6E0,1E0,2E0,4E0,1E0,1E0,3E0,1E0,1E0,2E0],"tree_param":{"num_deleted":"0","num_feature":"2","num_nodes":"15","size_leaf_vector":"1"}},{"base_weights":[-1.4489134E-1,-1.170611E0,2.5786495E-1,-1.419277E-1,-3.366394E-2,2.4024963E-2,9.473725E-2,-1.3881175E-1,1.16922E-1,-1.6539002E-2,-4.282761E-3,5.2345276E-2,1.8761445E-2,1.5785218E-3,5.927022E-3],"categories":[],"categories_nodes":[],"categories_segments":[],"categories_sizes":[],"default_left":[0,0,0,0,0,0,0,0,0,0,0,0,0,0,0],"id":74,"left_children":[1,3,5,-1,-1,7,-1,9,11,-1,-1,13,-1,-1,-1],"loss_changes":[4.4330096E0,1.4435673E-1,1.2671148E0,0E0,0E0,1.2211949E-1,0E0,5.7001784E-4,1.3004705E-2,0E0,0E0,7.711351E-5,0E0,0E0,0E0],"parents":[2147483647,0,0,1,1,2,2,5,5,7,7,8,8,11,11],"right_children":[2,4,6,-1,-1,8,-1,10,12,-1,-1,14,-1,-1,-1],"split_conditions":[2.0007466E-1,9.9497385E-2,1E0,-1.419277E-1,-3.366394E-2,6.005927E-1,9.473725E-2,4.005918E-1,9.0068483E-1,-1.6539002E-2,-4.282761E-3,6.9912046E-1,1.8761445E-2,1.5785218E-3,5.927022E-3],"split_indices":[0,0,0,0,0,0,0,0,0,0,0,0,0,0,0],"split_type":[0,0,0,0,0,0,0,0,0,0,0,0,0,0,0],"sum_hessian":[9E0,2E0,7E0,1E0,1E0,6E0,1E0,2E0,4E0,1E0,1E0,3E0,1E0,1E0,2E0],"tree_param":{"num_deleted":"0","num_feature":"2","num_nodes":"15","size_leaf_vector":"1"}},{"base_weights":[-1.3794228E-1,-1.1120802E0,2.446022E-1,-1.3483132E-1,-3.1980705E-2,2.2402082E-2,9.000015E-2,-1.3187154E-1,1.1048584E-1,-1.5711976E-2,-4.068756E-3,4.8992157E-2,1.782303E-2,1.499939E-3,5.5323285E-3],"categories":[],"categories_nodes":[],"categories_segments":[],"categories_sizes":[],"default_left":[0,0,0,0,0,0,0,0,0,0,0,0,0,0,0],"id":75,"left_children":[1,3,5,-1,-1,7,-1,9,11,-1,-1,13,-1,-1,-1],"loss_changes":[3.9985282E0,1.3028312E-1,1.1448766E0,0E0,0E0,1.0969294E-1,0E0,5.138777E-4,1.20973885E-2,0E0,0E0,3.103353E-5,0E0,0E0,0E0],"parents":[2147483647,0,0,1,1,2,2,5,5,7,7,8,8,11,11],"right_children":[2,4,6,-1,-1,8,-1,10,12,-1,-1,14,-1,-1,-1],"split_conditions":[2.0007466E-1,9.9497385E-2,1E0,-1.3483132E-1,-3.1980705E-2,6.005927E-1,9.000015E-2,4.005918E-1,9.0068483E-1,-1.5711976E-2,-4.068756E-3,6.9912046E-1,1.782303E-2,1.499939E-3,5.5323285E-3],"split_indices":[0,0,0,0,0,0,0,0,0,0,0,0,0,0,0],"split_type":[0,0,0,0,0,0,0,0,0,0,0,0,0,0,0],"sum_hessian":[9E0,2E0,7E0,1E0,1E0,6E0,1E0,2E0,4E0,1E0,1E0,3E0,1E0,1E0,2E0],"tree_param":{"num_deleted":"0","num_feature":"2","num_nodes":"15","size_leaf_vector":"1"}},{"base_weights":[-1.3132255E-1,-1.0564755E0,2.3202515E-1,-1.2808976E-1,-3.0381585E-2,2.0884922E-2,8.550034E-2,-1.2527974E-1,1.0440674E-1,-1.49265295E-2,-3.8654327E-3,4.5848847E-3,1.6931916E-2],"categories":[],"categories_nodes":[],"categories_segments":[],"categories_sizes":[],"default_left":[0,0,0,0,0,0,0,0,0,0,0,0,0],"id":76,"left_children":[1,3,5,-1,-1,7,-1,9,11,-1,-1,-1,-1],"loss_changes":[3.606651E0,1.17583275E-1,1.0344296E0,0E0,0E0,9.853561E-2,0E0,4.6352297E-4,1.1242583E-2,0E0,0E0,0E0,0E0],"parents":[2147483647,0,0,1,1,2,2,5,5,7,7,8,8],"right_children":[2,4,6,-1,-1,8,-1,10,12,-1,-1,-1,-1],"split_conditions":[2.0007466E-1,9.9497385E-2,1E0,-1.2808976E-1,-3.0381585E-2,6.005927E-1,8.550034E-2,4.005918E-1,9.0068483E-1,-1.49265295E-2,-3.8654327E-3,4.5848847E-3,1.6931916E-2],"split_indices":[0,0,0,0,0,0,0,0,0,0,0,0,0],"split_type":[0,0,0,0,0,0,0,0,0,0,0,0,0],"sum_hessian":[9E0,2E0,7E0,1E0,1E0,6E0,1E0,2E0,4E0,1E0,1E0,3E0,1E0],"tree_param":{"num_deleted":"0","num_feature":"2","num_nodes":"13","size_leaf_vector":"1"}},{"base_weights":[-1.2521295E-1,-1.0036522E0,2.198534E-1,-1.2168527E-1,-2.8862571E-2,1.9187927E-2,8.122559E-2,-1.19016014E-1,9.82727E-2,-1.4180374E-2,-3.6720277E-3,4.241562E-2,1.6085053E-2,1.1962891E-3,4.85789E-3],"categories":[],"categories_nodes":[],"categories_segments":[],"categories_sizes":[],"default_left":[0,0,0,0,0,0,0,0,0,0,0,0,0,0,0],"id":77,"left_children":[1,3,5,-1,-1,7,-1,9,11,-1,-1,13,-1,-1,-1],"loss_changes":[3.251855E0,1.0611677E-1,9.3541217E-1,0E0,0E0,8.8204816E-2,0E0,4.1892752E-4,1.0654502E-2,0E0,0E0,1.696106E-4,0E0,0E0,0E0],"parents":[2147483647,0,0,1,1,2,2,5,5,7,7,8,8,11,11],"right_children":[2,4,6,-1,-1,8,-1,10,12,-1,-1,14,-1,-1,-1],"split_conditions":[2.0007466E-1,9.9497385E-2,1E0,-1.2168527E-1,-2.8862571E-2,6.005927E-1,8.122559E-2,4.005918E-1,9.0068483E-1,-1.4180374E-2,-3.6720277E-3,6.9912046E-1,1.6085053E-2,1.1962891E-3,4.85789E-3],"split_indices":[0,0,0,0,0,0,0,0,0,0,0,0,0,0,0],"split_type":[0,0,0,0,0,0,0,0,0,0,0,0,0,0,0],"sum_hessian":[9E0,2E0,7E0,1E0,1E0,6E0,1E0,2E0,4E0,1E0,1E0,3E0,1E0,1E0,2E0],"tree_param":{"num_deleted":"0","num_feature":"2","num_nodes":"15","size_leaf_vector":"1"}},{"base_weights":[-1.1919296E-1,-9.534698E-1,2.0855999E-1,-1.15601E-1,-2.7419472E-2,1.788439E-2,7.716446E-2,-1.1306509E-1,9.2877194E-2,-1.34712225E-2,-3.4885406E-3,3.9691925E-2,1.52809145E-2,1.1367798E-3,4.534404E-3],"categories":[],"categories_nodes":[],"categories_segments":[],"categories_sizes":[],"default_left":[0,0,0,0,0,0,0,0,0,0,0,0,0,0,0],"id":78,"left_children":[1,3,5,-1,-1,7,-1,9,11,-1,-1,13,-1,-1,-1],"loss_changes":[2.9332228E0,9.5769644E-2,8.4513164E-1,0E0,0E0,7.924305E-2,0E0,3.7761033E-4,9.872194E-3,0E0,0E0,1.2490246E-4,0E0,0E0,0E0],"parents":[2147483647,0,0,1,1,2,2,5,5,7,7,8,8,11,11],"right_children":[2,4,6,-1,-1,8,-1,10,12,-1,-1,14,-1,-1,-1],"split_conditions":[2.0007466E-1,9.9497385E-2,1E0,-1.15601E-1,-2.7419472E-2,6.005927E-1,7.716446E-2,4.005918E-1,9.0068483E-1,-1.34712225E-2,-3.4885406E-3,6.9912046E-1,1.52809145E-2,1.1367798E-3,4.534404E-3],"split_indices":[0,0,0,0,0,0,0,0,0,0,0,0,0,0,0],"split_type":[0,0,0,0,0,0,0,0,0,0,0,0,0,0,0],"sum_hessian":[9E0,2E0,7E0,1E0,1E0,6E0,1E0,2E0,4E0,1E0,1E0,3E0,1E0,1E0,2E0],"tree_param":{"num_deleted":"0","num_feature":"2","num_nodes":"15","size_leaf_vector":"1"}},{"base_weights":[-1.13457896E-1,-9.057961E-1,1.9785118E-1,-1.09820955E-1,-2.604847E-2,1.6669137E-2,7.330628E-2,-1.07411705E-1,8.778381E-2,-1.2797547E-2,-3.314209E-3,3.7143707E-2,1.4517212E-2,1.0803223E-3,4.2322795E-3],"categories":[],"categories_nodes":[],"categories_segments":[],"categories_sizes":[],"default_left":[0,0,0,0,0,0,0,0,0,0,0,0,0,0,0],"id":79,"left_children":[1,3,5,-1,-1,7,-1,9,11,-1,-1,13,-1,-1,-1],"loss_changes":[2.6458335E0,8.6432934E-2,7.635463E-1,0E0,0E0,7.1196795E-2,0E0,3.404133E-4,9.138517E-3,0E0,0E0,8.845609E-5,0E0,0E0,0E0],"parents":[2147483647,0,0,1,1,2,2,5,5,7,7,8,8,11,11],"right_children":[2,4,6,-1,-1,8,-1,10,12,-1,-1,14,-1,-1,-1],"split_conditions":[2.0007466E-1,9.9497385E-2,1E0,-1.09820955E-1,-2.604847E-2,6.005927E-1,7.330628E-2,4.005918E-1,9.0068483E-1,-1.2797547E-2,-3.314209E-3,6.9912046E-1,1.4517212E-2,1.0803223E-3,4.2322795E-3],"split_indices":[0,0,0,0,0,0,0,0,0,0,0,0,0,0,0],"split_type":[0,0,0,0,0,0,0,0,0,0,0,0,0,0,0],"sum_hessian":[9E0,2E0,7E0,1E0,1E0,6E0,1E0,2E0,4E0,1E0,1E0,3E0,1E0,1E0,2E0],"tree_param":{"num_deleted":"0","num_feature":"2","num_nodes":"15","size_leaf_vector":"1"}},{"base_weights":[-1.07995674E-1,-8.6050695E-1,1.876955E-1,-1.0432991E-1,-2.4746133E-2,1.5534537E-2,6.964111E-2,-1.0204315E-1,8.297424E-2,-1.2157822E-2,-3.1486512E-3,3.475952E-2,1.3791657E-2,1.0261536E-3,3.9505004E-3],"categories":[],"categories_nodes":[],"categories_segments":[],"categories_sizes":[],"default_left":[0,0,0,0,0,0,0,0,0,0,0,0,0,0,0],"id":80,"left_children":[1,3,5,-1,-1,7,-1,9,11,-1,-1,13,-1,-1,-1],"loss_changes":[2.3866227E0,7.8003645E-2,6.8982935E-1,0E0,0E0,6.3972786E-2,0E0,3.0691177E-4,8.451227E-3,0E0,0E0,5.9636775E-5,0E0,0E0,0E0],"parents":[2147483647,0,0,1,1,2,2,5,5,7,7,8,8,11,11],"right_children":[2,4,6,-1,-1,8,-1,10,12,-1,-1,14,-1,-1,-1],"split_conditions":[2.0007466E-1,9.9497385E-2,1E0,-1.0432991E-1,-2.4746133E-2,6.005927E-1,6.964111E-2,4.005918E-1,9.0068483E-1,-1.2157822E-2,-3.1486512E-3,6.9912046E-1,1.3791657E-2,1.0261536E-3,3.9505004E-3],"split_indices":[0,0,0,0,0,0,0,0,0,0,0,0,0,0,0],"split_type":[0,0,0,0,0,0,0,0,0,0,0,0,0,0,0],"sum_hessian":[9E0,2E0,7E0,1E0,1E0,6E0,1E0,2E0,4E0,1E0,1E0,3E0,1E0,1E0,2E0],"tree_param":{"num_deleted":"0","num_feature":"2","num_nodes":"15","size_leaf_vector":"1"}},{"base_weights":[-1.02793016E-1,-8.1748164E-1,1.7806435E-1,-9.911341E-2,-2.3508836E-2,1.4476231E-2,6.615906E-2,-9.693909E-2,7.8430176E-2,-1.1549759E-2,-2.9911043E-3,3.2527924E-2,1.310196E-2,9.7503664E-4,3.687032E-3],"categories":[],"categories_nodes":[],"categories_segments":[],"categories_sizes":[],"default_left":[0,0,0,0,0,0,0,0,0,0,0,0,0,0,0],"id":81,"left_children":[1,3,5,-1,-1,7,-1,9,11,-1,-1,13,-1,-1,-1],"loss_changes":[2.1528199E0,7.039809E-2,6.232158E-1,0E0,0E0,5.748109E-2,0E0,2.771672E-4,7.8080706E-3,0E0,0E0,3.6137644E-5,0E0,0E0,0E0],"parents":[2147483647,0,0,1,1,2,2,5,5,7,7,8,8,11,11],"right_children":[2,4,6,-1,-1,8,-1,10,12,-1,-1,14,-1,-1,-1],"split_conditions":[2.0007466E-1,9.9497385E-2,1E0,-9.911341E-2,-2.3508836E-2,6.005927E-1,6.615906E-2,4.005918E-1,9.0068483E-1,-1.1549759E-2,-2.9911043E-3,6.9912046E-1,1.310196E-2,9.7503664E-4,3.687032E-3],"split_indices":[0,0,0,0,0,0,0,0,0,0,0,0,0,0,0],"split_type":[0,0,0,0,0,0,0,0,0,0,0,0,0,0,0],"sum_hessian":[9E0,2E0,7E0,1E0,1E0,6E0,1E0,2E0,4E0,1E0,1E0,3E0,1E0,1E0,2E0],"tree_param":{"num_deleted":"0","num_feature":"2","num_nodes":"15","size_leaf_vector":"1"}},{"base_weights":[-9.783963E-2,-7.7660716E-1,1.6892815E-1,-9.415774E-2,-2.2333337E-2,1.3486589E-2,6.285095E-2,-9.209188E-2,7.4136354E-2,-1.0972214E-2,-2.841568E-3,3.043747E-2,1.2446594E-2,9.262085E-4,3.440857E-3],"categories":[],"categories_nodes":[],"categories_segments":[],"categories_sizes":[],"default_left":[0,0,0,0,0,0,0,0,0,0,0,0,0,0,0],"id":82,"left_children":[1,3,5,-1,-1,7,-1,9,11,-1,-1,13,-1,-1,-1],"loss_changes":[1.941924E0,6.353533E-2,5.6302786E-1,0E0,0E0,5.1650517E-2,0E0,2.5005452E-4,7.2083063E-3,0E0,0E0,1.7663231E-5,0E0,0E0,0E0],"parents":[2147483647,0,0,1,1,2,2,5,5,7,7,8,8,11,11],"right_children":[2,4,6,-1,-1,8,-1,10,12,-1,-1,14,-1,-1,-1],"split_conditions":[2.0007466E-1,9.9497385E-2,1E0,-9.415774E-2,-2.2333337E-2,6.005927E-1,6.285095E-2,4.005918E-1,9.0068483E-1,-1.0972214E-2,-2.841568E-3,6.9912046E-1,1.2446594E-2,9.262085E-4,3.440857E-3],"split_indices":[0,0,0,0,0,0,0,0,0,0,0,0,0,0,0],"split_type":[0,0,0,0,0,0,0,0,0,0,0,0,0,0,0],"sum_hessian":[9E0,2E0,7E0,1E0,1E0,6E0,1E0,2E0,4E0,1E0,1E0,3E0,1E0,1E0,2E0],"tree_param":{"num_deleted":"0","num_feature":"2","num_nodes":"15","size_leaf_vector":"1"}},{"base_weights":[-9.3120895E-2,-7.377762E-1,1.6026497E-1,-8.944985E-2,-2.1216584E-2,1.2564523E-2,5.9708405E-2,-8.748881E-2,7.008362E-2,-1.042366E-2,-2.6996613E-3,2.8484344E-2,1.1824036E-2,8.796692E-4,3.2114666E-3],"categories":[],"categories_nodes":[],"categories_segments":[],"categories_sizes":[],"default_left":[0,0,0,0,0,0,0,0,0,0,0,0,0,0,0],"id":83,"left_children":[1,3,5,-1,-1,7,-1,9,11,-1,-1,13,-1,-1,-1],"loss_changes":[1.7517053E0,5.734253E-2,5.0864494E-1,0E0,0E0,4.6416372E-2,0E0,2.2529624E-4,6.648427E-3,0E0,0E0,3.3872202E-6,0E0,0E0,0E0],"parents":[2147483647,0,0,1,1,2,2,5,5,7,7,8,8,11,11],"right_children":[2,4,6,-1,-1,8,-1,10,12,-1,-1,14,-1,-1,-1],"split_conditions":[2.0007466E-1,9.9497385E-2,1E0,-8.944985E-2,-2.1216584E-2,6.005927E-1,5.9708405E-2,4.005918E-1,9.0068483E-1,-1.042366E-2,-2.6996613E-3,6.9912046E-1,1.1824036E-2,8.796692E-4,3.2114666E-3],"split_indices":[0,0,0,0,0,0,0,0,0,0,0,0,0,0,0],"split_type":[0,0,0,0,0,0,0,0,0,0,0,0,0,0,0],"sum_hessian":[9E0,2E0,7E0,1E0,1E0,6E0,1E0,2E0,4E0,1E0,1E0,3E0,1E0,1E0,2E0],"tree_param":{"num_deleted":"0","num_feature":"2","num_nodes":"15","size_leaf_vector":"1"}},{"base_weights":[-8.862461E-2,-7.0088714E-1,1.5205193E-1,-8.497736E-2,-2.0155717E-2,1.1707851E-2,5.6723025E-2,-8.3114624E-2,6.6259764E-2,-9.902573E-3,-2.564621E-3,2.666092E-3,1.1232758E-2],"categories":[],"categories_nodes":[],"categories_segments":[],"categories_sizes":[],"default_left":[0,0,0,0,0,0,0,0,0,0,0,0,0],"id":84,"left_children":[1,3,5,-1,-1,7,-1,9,11,-1,-1,-1,-1],"loss_changes":[1.5801437E0,5.175233E-2,4.5950148E-1,0E0,0E0,4.171639E-2,0E0,2.0352192E-4,6.126404E-3,0E0,0E0,0E0,0E0],"parents":[2147483647,0,0,1,1,2,2,5,5,7,7,8,8],"right_children":[2,4,6,-1,-1,8,-1,10,12,-1,-1,-1,-1],"split_conditions":[2.0007466E-1,9.9497385E-2,1E0,-8.497736E-2,-2.0155717E-2,6.005927E-1,5.6723025E-2,4.005918E-1,9.0068483E-1,-9.902573E-3,-2.564621E-3,2.666092E-3,1.1232758E-2],"split_indices":[0,0,0,0,0,0,0,0,0,0,0,0,0],"split_type":[0,0,0,0,0,0,0,0,0,0,0,0,0],"sum_hessian":[9E0,2E0,7E0,1E0,1E0,6E0,1E0,2E0,4E0,1E0,1E0,3E0,1E0],"tree_param":{"num_deleted":"0","num_feature":"2","num_nodes":"13","size_leaf_vector":"1"}},{"base_weights":[-8.446036E-2,-6.658424E-1,1.4411545E-1,-8.072849E-2,-1.9147873E-2,1.0740007E-2,5.3887177E-2,-7.8959145E-2,6.24115E-2,-9.407425E-3,-2.4364472E-3,2.4658203E-2,1.0671235E-2,7.019043E-4,2.8198243E-3],"categories":[],"categories_nodes":[],"categories_segments":[],"categories_sizes":[],"default_left":[0,0,0,0,0,0,0,0,0,0,0,0,0,0,0],"id":85,"left_children":[1,3,5,-1,-1,7,-1,9,11,-1,-1,13,-1,-1,-1],"loss_changes":[1.424857E0,4.670763E-2,4.1541892E-1,0E0,0E0,3.7372183E-2,0E0,1.8354319E-4,5.7311803E-3,0E0,0E0,5.184859E-5,0E0,0E0,0E0],"parents":[2147483647,0,0,1,1,2,2,5,5,7,7,8,8,11,11],"right_children":[2,4,6,-1,-1,8,-1,10,12,-1,-1,14,-1,-1,-1],"split_conditions":[2.0007466E-1,9.9497385E-2,1E0,-8.072849E-2,-1.9147873E-2,6.005927E-1,5.3887177E-2,4.005918E-1,9.0068483E-1,-9.407425E-3,-2.4364472E-3,6.9912046E-1,1.0671235E-2,7.019043E-4,2.8198243E-3],"split_indices":[0,0,0,0,0,0,0,0,0,0,0,0,0,0,0],"split_type":[0,0,0,0,0,0,0,0,0,0,0,0,0,0,0],"sum_hessian":[9E0,2E0,7E0,1E0,1E0,6E0,1E0,2E0,4E0,1E0,1E0,3E0,1E0,1E0,2E0],"tree_param":{"num_deleted":"0","num_feature":"2","num_nodes":"15","size_leaf_vector":"1"}},{"base_weights":[-8.037921E-2,-6.3254964E-1,1.367321E-1,-7.669207E-2,-1.8190384E-2,1.0001047E-2,5.1192474E-2,-7.501221E-2,5.900879E-2,-8.937073E-3,-2.3147583E-3,2.3071289E-2,1.013794E-2,6.668091E-4,2.6316324E-3],"categories":[],"categories_nodes":[],"categories_segments":[],"categories_sizes":[],"default_left":[0,0,0,0,0,0,0,0,0,0,0,0,0,0,0],"id":86,"left_children":[1,3,5,-1,-1,7,-1,9,11,-1,-1,13,-1,-1,-1],"loss_changes":[1.2853142E0,4.2155385E-2,3.752687E-1,0E0,0E0,3.3590533E-2,0E0,1.6538054E-4,5.2745156E-3,0E0,0E0,3.743614E-5,0E0,0E0,0E0],"parents":[2147483647,0,0,1,1,2,2,5,5,7,7,8,8,11,11],"right_children":[2,4,6,-1,-1,8,-1,10,12,-1,-1,14,-1,-1,-1],"split_conditions":[2.0007466E-1,9.9497385E-2,1E0,-7.669207E-2,-1.8190384E-2,6.005927E-1,5.1192474E-2,4.005918E-1,9.0068483E-1,-8.937073E-3,-2.3147583E-3,6.9912046E-1,1.013794E-2,6.668091E-4,2.6316324E-3],"split_indices":[0,0,0,0,0,0,0,0,0,0,0,0,0,0,0],"split_type":[0,0,0,0,0,0,0,0,0,0,0,0,0,0,0],"sum_hessian":[9E0,2E0,7E0,1E0,1E0,6E0,1E0,2E0,4E0,1E0,1E0,3E0,1E0,1E0,2E0],"tree_param":{"num_deleted":"0","num_feature":"2","num_nodes":"15","size_leaf_vector":"1"}},{"base_weights":[-7.649113E-2,-6.0092276E-1,1.2973213E-1,-7.285746E-2,-1.728096E-2,9.314401E-3,4.863281E-2,-7.126363E-2,5.579834E-2,-8.4903715E-3,-2.199173E-3,2.1591187E-2,9.631348E-3,6.3323975E-4,2.456665E-3],"categories":[],"categories_nodes":[],"categories_segments":[],"categories_sizes":[],"default_left":[0,0,0,0,0,0,0,0,0,0,0,0,0,0,0],"id":87,"left_children":[1,3,5,-1,-1,7,-1,9,11,-1,-1,13,-1,-1,-1],"loss_changes":[1.1594591E0,3.804362E-2,3.38994E-1,0E0,0E0,3.0195484E-2,0E0,1.4903862E-4,4.850015E-3,0E0,0E0,2.6042107E-5,0E0,0E0,0E0],"parents":[2147483647,0,0,1,1,2,2,5,5,7,7,8,8,11,11],"right_children":[2,4,6,-1,-1,8,-1,10,12,-1,-1,14,-1,-1,-1],"split_conditions":[2.0007466E-1,9.9497385E-2,1E0,-7.285746E-2,-1.728096E-2,6.005927E-1,4.863281E-2,4.005918E-1,9.0068483E-1,-8.4903715E-3,-2.199173E-3,6.9912046E-1,9.631348E-3,6.3323975E-4,2.456665E-3],"split_indices":[0,0,0,0,0,0,0,0,0,0,0,0,0,0,0],"split_type":[0,0,0,0,0,0,0,0,0,0,0,0,0,0,0],"sum_hessian":[9E0,2E0,7E0,1E0,1E0,6E0,1E0,2E0,4E0,1E0,1E0,3E0,1E0,1E0,2E0],"tree_param":{"num_deleted":"0","num_feature":"2","num_nodes":"15","size_leaf_vector":"1"}},{"base_weights":[-7.278967E-2,-5.708768E-1,1.230917E-1,-6.921458E-2,-1.6416932E-2,8.672441E-3,4.6201326E-2,-6.770071E-2,5.276184E-2,-8.065796E-3,-2.0893097E-3,2.0202637E-2,9.149933E-3,6.011963E-4,2.2928873E-3],"categories":[],"categories_nodes":[],"categories_segments":[],"categories_sizes":[],"default_left":[0,0,0,0,0,0,0,0,0,0,0,0,0,0,0],"id":88,"left_children":[1,3,5,-1,-1,7,-1,9,11,-1,-1,13,-1,-1,-1],"loss_changes":[1.0459299E0,3.4334004E-2,3.0622643E-1,0E0,0E0,2.7142737E-2,0E0,1.3430044E-4,4.45778E-3,0E0,0E0,1.690106E-5,0E0,0E0,0E0],"parents":[2147483647,0,0,1,1,2,2,5,5,7,7,8,8,11,11],"right_children":[2,4,6,-1,-1,8,-1,10,12,-1,-1,14,-1,-1,-1],"split_conditions":[2.0007466E-1,9.9497385E-2,1E0,-6.921458E-2,-1.6416932E-2,6.005927E-1,4.6201326E-2,4.005918E-1,9.0068483E-1,-8.065796E-3,-2.0893097E-3,6.9912046E-1,9.149933E-3,6.011963E-4,2.2928873E-3],"split_indices":[0,0,0,0,0,0,0,0,0,0,0,0,0,0,0],"split_type":[0,0,0,0,0,0,0,0,0,0,0,0,0,0,0],"sum_hessian":[9E0,2E0,7E0,1E0,1E0,6E0,1E0,2E0,4E0,1E0,1E0,3E0,1E0,1E0,2E0],"tree_param":{"num_deleted":"0","num_feature":"2","num_nodes":"15","size_leaf_vector":"1"}},{"base_weights":[-6.9264054E-2,-5.423324E-1,1.16794586E-1,-6.5753855E-2,-1.5596009E-2,8.076259E-3,4.3891143E-2,-6.4315796E-2,4.989624E-2,-7.6625827E-3,-1.984787E-3,1.8909454E-2,8.69217E-3,5.7144166E-4,2.1402994E-3],"categories":[],"categories_nodes":[],"categories_segments":[],"categories_sizes":[],"default_left":[0,0,0,0,0,0,0,0,0,0,0,0,0,0,0],"id":89,"left_children":[1,3,5,-1,-1,7,-1,9,11,-1,-1,13,-1,-1,-1],"loss_changes":[9.43526E-1,3.098762E-2,2.7661526E-1,0E0,0E0,2.4401158E-2,0E0,1.2134481E-4,4.0928563E-3,0E0,0E0,9.3039125E-6,0E0,0E0,0E0],"parents":[2147483647,0,0,1,1,2,2,5,5,7,7,8,8,11,11],"right_children":[2,4,6,-1,-1,8,-1,10,12,-1,-1,14,-1,-1,-1],"split_conditions":[2.0007466E-1,9.9497385E-2,1E0,-6.5753855E-2,-1.5596009E-2,6.005927E-1,4.3891143E-2,4.005918E-1,9.0068483E-1,-7.6625827E-3,-1.984787E-3,6.9912046E-1,8.69217E-3,5.7144166E-4,2.1402994E-3],"split_indices":[0,0,0,0,0,0,0,0,0,0,0,0,0,0,0],"split_type":[0,0,0,0,0,0,0,0,0,0,0,0,0,0,0],"sum_hessian":[9E0,2E0,7E0,1E0,1E0,6E0,1E0,2E0,4E0,1E0,1E0,3E0,1E0,1E0,2E0],"tree_param":{"num_deleted":"0","num_feature":"2","num_nodes":"15","size_leaf_vector":"1"}},{"base_weights":[-6.590675E-2,-5.152163E-1,1.1082268E-1,-6.2466163E-2,-1.4816284E-2,7.5204032E-3,4.1696932E-2,-6.1101276E-2,4.7189333E-2,-7.279587E-3,-1.8856049E-3,1.7700195E-2,8.257294E-3,5.432129E-4,1.9978841E-3],"categories":[],"categories_nodes":[],"categories_segments":[],"categories_sizes":[],"default_left":[0,0,0,0,0,0,0,0,0,0,0,0,0,0,0],"id":90,"left_children":[1,3,5,-1,-1,7,-1,9,11,-1,-1,13,-1,-1,-1],"loss_changes":[8.511599E-1,2.7965188E-2,2.4986936E-1,0E0,0E0,2.1938367E-2,0E0,1.0947883E-4,3.755603E-3,0E0,0E0,3.290712E-6,0E0,0E0,0E0],"parents":[2147483647,0,0,1,1,2,2,5,5,7,7,8,8,11,11],"right_children":[2,4,6,-1,-1,8,-1,10,12,-1,-1,14,-1,-1,-1],"split_conditions":[2.0007466E-1,9.9497385E-2,1E0,-6.2466163E-2,-1.4816284E-2,6.005927E-1,4.1696932E-2,4.005918E-1,9.0068483E-1,-7.279587E-3,-1.8856049E-3,6.9912046E-1,8.257294E-3,5.432129E-4,1.9978841E-3],"split_indices":[0,0,0,0,0,0,0,0,0,0,0,0,0,0,0],"split_type":[0,0,0,0,0,0,0,0,0,0,0,0,0,0,0],"sum_hessian":[9E0,2E0,7E0,1E0,1E0,6E0,1E0,2E0,4E0,1E0,1E0,3E0,1E0,1E0,2E0],"tree_param":{"num_deleted":"0","num_feature":"2","num_nodes":"15","size_leaf_vector":"1"}},{"base_weights":[-6.2712654E-2,-4.894555E-1,1.0515499E-1,-5.9342857E-2,-1.407547E-2,7.0005143E-3,3.9611816E-2,-5.8046978E-2,4.4628907E-2,-6.9156648E-3,-1.7913819E-3,1.6563416E-3,7.844544E-3],"categories":[],"categories_nodes":[],"categories_segments":[],"categories_sizes":[],"default_left":[0,0,0,0,0,0,0,0,0,0,0,0,0],"id":91,"left_children":[1,3,5,-1,-1,7,-1,9,11,-1,-1,-1,-1],"loss_changes":[7.678319E-1,2.5238574E-2,2.2570167E-1,0E0,0E0,1.9724E-2,0E0,9.873882E-5,3.446062E-3,0E0,0E0,0E0,0E0],"parents":[2147483647,0,0,1,1,2,2,5,5,7,7,8,8],"right_children":[2,4,6,-1,-1,8,-1,10,12,-1,-1,-1,-1],"split_conditions":[2.0007466E-1,9.9497385E-2,1E0,-5.9342857E-2,-1.407547E-2,6.005927E-1,3.9611816E-2,4.005918E-1,9.0068483E-1,-6.9156648E-3,-1.7913819E-3,1.6563416E-3,7.844544E-3],"split_indices":[0,0,0,0,0,0,0,0,0,0,0,0,0],"split_type":[0,0,0,0,0,0,0,0,0,0,0,0,0],"sum_hessian":[9E0,2E0,7E0,1E0,1E0,6E0,1E0,2E0,4E0,1E0,1E0,3E0,1E0],"tree_param":{"num_deleted":"0","num_feature":"2","num_nodes":"13","size_leaf_vector":"1"}},{"base_weights":[-5.974468E-2,-4.6498248E-1,9.968758E-2,-5.6375712E-2,-1.33716585E-2,6.410871E-3,3.7631225E-2,-5.5145264E-2,4.206238E-2,-6.5700533E-3,-1.7017365E-3,1.53160095E-2,7.4523925E-3,4.3258668E-4,1.7537436E-3],"categories":[],"categories_nodes":[],"categories_segments":[],"categories_sizes":[],"default_left":[0,0,0,0,0,0,0,0,0,0,0,0,0,0,0],"id":92,"left_children":[1,3,5,-1,-1,7,-1,9,11,-1,-1,13,-1,-1,-1],"loss_changes":[6.9243276E-1,2.2778332E-2,2.0400861E-1,0E0,0E0,1.7681522E-2,0E0,8.93008E-5,3.1997338E-3,0E0,0E0,2.1790504E-5,0E0,0E0,0E0],"parents":[2147483647,0,0,1,1,2,2,5,5,7,7,8,8,11,11],"right_children":[2,4,6,-1,-1,8,-1,10,12,-1,-1,14,-1,-1,-1],"split_conditions":[2.0007466E-1,9.9497385E-2,1E0,-5.6375712E-2,-1.33716585E-2,6.005927E-1,3.7631225E-2,4.005918E-1,9.0068483E-1,-6.5700533E-3,-1.7017365E-3,6.9912046E-1,7.4523925E-3,4.3258668E-4,1.7537436E-3],"split_indices":[0,0,0,0,0,0,0,0,0,0,0,0,0,0,0],"split_type":[0,0,0,0,0,0,0,0,0,0,0,0,0,0,0],"sum_hessian":[9E0,2E0,7E0,1E0,1E0,6E0,1E0,2E0,4E0,1E0,1E0,3E0,1E0,1E0,2E0],"tree_param":{"num_deleted":"0","num_feature":"2","num_nodes":"15","size_leaf_vector":"1"}},{"base_weights":[-5.6844153E-2,-4.4173372E-1,9.4594955E-2,-5.3556927E-2,-1.2703133E-2,5.9661865E-3,3.574982E-2,-5.2388508E-2,3.9785765E-2,-6.241608E-3,-1.6166688E-3,1.4331818E-2,7.080078E-3,4.1122438E-4,1.6367594E-3],"categories":[],"categories_nodes":[],"categories_segments":[],"categories_sizes":[],"default_left":[0,0,0,0,0,0,0,0,0,0,0,0,0,0,0],"id":93,"left_children":[1,3,5,-1,-1,7,-1,9,11,-1,-1,13,-1,-1,-1],"loss_changes":[6.246591E-1,2.0556688E-2,1.8427339E-1,0E0,0E0,1.5899036E-2,0E0,8.0589205E-5,2.932569E-3,0E0,0E0,1.591153E-5,0E0,0E0,0E0],"parents":[2147483647,0,0,1,1,2,2,5,5,7,7,8,8,11,11],"right_children":[2,4,6,-1,-1,8,-1,10,12,-1,-1,14,-1,-1,-1],"split_conditions":[2.0007466E-1,9.9497385E-2,1E0,-5.3556927E-2,-1.2703133E-2,6.005927E-1,3.574982E-2,4.005918E-1,9.0068483E-1,-6.241608E-3,-1.6166688E-3,6.9912046E-1,7.080078E-3,4.1122438E-4,1.6367594E-3],"split_indices":[0,0,0,0,0,0,0,0,0,0,0,0,0,0,0],"split_type":[0,0,0,0,0,0,0,0,0,0,0,0,0,0,0],"sum_hessian":[9E0,2E0,7E0,1E0,1E0,6E0,1E0,2E0,4E0,1E0,1E0,3E0,1E0,1E0,2E0],"tree_param":{"num_deleted":"0","num_feature":"2","num_nodes":"15","size_leaf_vector":"1"}},{"base_weights":[-5.4083217E-2,-4.196471E-1,8.976364E-2,-5.087908E-2,-1.2067986E-2,5.5520195E-3,3.396225E-2,-4.9769085E-2,3.7634276E-2,-5.9295655E-3,-1.5357971E-3,1.3412476E-2,6.7260745E-3,3.90625E-4,1.5279134E-3],"categories":[],"categories_nodes":[],"categories_segments":[],"categories_sizes":[],"default_left":[0,0,0,0,0,0,0,0,0,0,0,0,0,0,0],"id":94,"left_children":[1,3,5,-1,-1,7,-1,9,11,-1,-1,13,-1,-1,-1],"loss_changes":[5.635212E-1,1.8552303E-2,1.6644257E-1,0E0,0E0,1.4296805E-2,0E0,7.279869E-5,2.685899E-3,0E0,0E0,1.1295371E-5,0E0,0E0,0E0],"parents":[2147483647,0,0,1,1,2,2,5,5,7,7,8,8,11,11],"right_children":[2,4,6,-1,-1,8,-1,10,12,-1,-1,14,-1,-1,-1],"split_conditions":[2.0007466E-1,9.9497385E-2,1E0,-5.087908E-2,-1.2067986E-2,6.005927E-1,3.396225E-2,4.005918E-1,9.0068483E-1,-5.9295655E-3,-1.5357971E-3,6.9912046E-1,6.7260745E-3,3.90625E-4,1.5279134E-3],"split_indices":[0,0,0,0,0,0,0,0,0,0,0,0,0,0,0],"split_type":[0,0,0,0,0,0,0,0,0,0,0,0,0,0,0],"sum_hessian":[9E0,2E0,7E0,1E0,1E0,6E0,1E0,2E0,4E0,1E0,1E0,3E0,1E0,1E0,2E0],"tree_param":{"num_deleted":"0","num_feature":"2","num_nodes":"15","size_leaf_vector":"1"}},{"base_weights":[-5.1456552E-2,-3.9866418E-1,8.5178375E-2,-4.8335128E-2,-1.1464501E-2,5.16401E-3,3.2263946E-2,-4.7281902E-2,3.5598755E-2,-5.6331637E-3,-1.4591217E-3,1.2550354E-2,6.389618E-3,3.707886E-4,1.4261882E-3],"categories":[],"categories_nodes":[],"categories_segments":[],"categories_sizes":[],"default_left":[0,0,0,0,0,0,0,0,0,0,0,0,0,0,0],"id":95,"left_children":[1,3,5,-1,-1,7,-1,9,11,-1,-1,13,-1,-1,-1],"loss_changes":[5.0836444E-1,1.6744465E-2,1.5033627E-1,0E0,0E0,1.2856422E-2,0E0,6.557861E-5,2.459132E-3,0E0,0E0,7.655064E-6,0E0,0E0,0E0],"parents":[2147483647,0,0,1,1,2,2,5,5,7,7,8,8,11,11],"right_children":[2,4,6,-1,-1,8,-1,10,12,-1,-1,14,-1,-1,-1],"split_conditions":[2.0007466E-1,9.9497385E-2,1E0,-4.8335128E-2,-1.1464501E-2,6.005927E-1,3.2263946E-2,4.005918E-1,9.0068483E-1,-5.6331637E-3,-1.4591217E-3,6.9912046E-1,6.389618E-3,3.707886E-4,1.4261882E-3],"split_indices":[0,0,0,0,0,0,0,0,0,0,0,0,0,0,0],"split_type":[0,0,0,0,0,0,0,0,0,0,0,0,0,0,0],"sum_hessian":[9E0,2E0,7E0,1E0,1E0,6E0,1E0,2E0,4E0,1E0,1E0,3E0,1E0,1E0,2E0],"tree_param":{"num_deleted":"0","num_feature":"2","num_nodes":"15","size_leaf_vector":"1"}},{"base_weights":[-4.8953436E-2,-3.787314E-1,8.083248E-2,-4.591837E-2,-1.0891343E-2,4.8054284E-3,3.0651093E-2,-4.491933E-2,3.36792E-2,-5.351639E-3,-1.386261E-3,1.1749268E-2,6.0699466E-3,3.5247803E-4,1.3315837E-3],"categories":[],"categories_nodes":[],"categories_segments":[],"categories_sizes":[],"default_left":[0,0,0,0,0,0,0,0,0,0,0,0,0,0,0],"id":96,"left_children":[1,3,5,-1,-1,7,-1,9,11,-1,-1,13,-1,-1,-1],"loss_changes":[4.5861918E-1,1.5111148E-2,1.3578841E-1,0E0,0E0,1.1563037E-2,0E0,5.911244E-5,2.2495883E-3,0E0,0E0,4.60149E-6,0E0,0E0,0E0],"parents":[2147483647,0,0,1,1,2,2,5,5,7,7,8,8,11,11],"right_children":[2,4,6,-1,-1,8,-1,10,12,-1,-1,14,-1,-1,-1],"split_conditions":[2.0007466E-1,9.9497385E-2,1E0,-4.591837E-2,-1.0891343E-2,6.005927E-1,3.0651093E-2,4.005918E-1,9.0068483E-1,-5.351639E-3,-1.386261E-3,6.9912046E-1,6.0699466E-3,3.5247803E-4,1.3315837E-3],"split_indices":[0,0,0,0,0,0,0,0,0,0,0,0,0,0,0],"split_type":[0,0,0,0,0,0,0,0,0,0,0,0,0,0,0],"sum_hessian":[9E0,2E0,7E0,1E0,1E0,6E0,1E0,2E0,4E0,1E0,1E0,3E0,1E0,1E0,2E0],"tree_param":{"num_deleted":"0","num_feature":"2","num_nodes":"15","size_leaf_vector":"1"}},{"base_weights":[-4.657222E-2,-3.5979497E-1,7.670784E-2,-4.3622453E-2,-1.03467945E-2,4.470825E-3,2.9118348E-2,-4.2673748E-2,3.1863403E-2,-5.0842287E-3,-1.3168335E-3,1.0997772E-2,5.7662963E-3,3.3493043E-4,1.2430827E-3],"categories":[],"categories_nodes":[],"categories_segments":[],"categories_sizes":[],"default_left":[0,0,0,0,0,0,0,0,0,0,0,0,0,0,0],"id":97,"left_children":[1,3,5,-1,-1,7,-1,9,11,-1,-1,13,-1,-1,-1],"loss_changes":[4.137403E-1,1.3637632E-2,1.22642815E-1,0E0,0E0,1.039961E-2,0E0,5.3540338E-5,2.0574564E-3,0E0,0E0,2.2080785E-6,0E0,0E0,0E0],"parents":[2147483647,0,0,1,1,2,2,5,5,7,7,8,8,11,11],"right_children":[2,4,6,-1,-1,8,-1,10,12,-1,-1,14,-1,-1,-1],"split_conditions":[2.0007466E-1,9.9497385E-2,1E0,-4.3622453E-2,-1.03467945E-2,6.005927E-1,2.9118348E-2,4.005918E-1,9.0068483E-1,-5.0842287E-3,-1.3168335E-3,6.9912046E-1,5.7662963E-3,3.3493043E-4,1.2430827E-3],"split_indices":[0,0,0,0,0,0,0,0,0,0,0,0,0,0,0],"split_type":[0,0,0,0,0,0,0,0,0,0,0,0,0,0,0],"sum_hessian":[9E0,2E0,7E0,1E0,1E0,6E0,1E0,2E0,4E0,1E0,1E0,3E0,1E0,1E0,2E0],"tree_param":{"num_deleted":"0","num_feature":"2","num_nodes":"15","size_leaf_vector":"1"}},{"base_weights":[-4.4304244E-2,-3.4180567E-1,7.279682E-2,-4.1441333E-2,-9.829521E-3,4.1602E-3,2.7662659E-2,-4.054006E-2,3.0148316E-2,-4.83017E-3,-1.2508392E-3,1.0295868E-3,5.4779053E-3],"categories":[],"categories_nodes":[],"categories_segments":[],"categories_sizes":[],"default_left":[0,0,0,0,0,0,0,0,0,0,0,0,0],"id":98,"left_children":[1,3,5,-1,-1,7,-1,9,11,-1,-1,-1,-1],"loss_changes":[3.732597E-1,1.2307316E-2,1.10770665E-1,0E0,0E0,9.353942E-3,0E0,4.8538204E-5,1.8809042E-3,0E0,0E0,0E0,0E0],"parents":[2147483647,0,0,1,1,2,2,5,5,7,7,8,8],"right_children":[2,4,6,-1,-1,8,-1,10,12,-1,-1,-1,-1],"split_conditions":[2.0007466E-1,9.9497385E-2,1E0,-4.1441333E-2,-9.829521E-3,6.005927E-1,2.7662659E-2,4.005918E-1,9.0068483E-1,-4.83017E-3,-1.2508392E-3,1.0295868E-3,5.4779053E-3],"split_indices":[0,0,0,0,0,0,0,0,0,0,0,0,0],"split_type":[0,0,0,0,0,0,0,0,0,0,0,0,0],"sum_hessian":[9E0,2E0,7E0,1E0,1E0,6E0,1E0,2E0,4E0,1E0,1E0,3E0,1E0],"tree_param":{"num_deleted":"0","num_feature":"2","num_nodes":"13","size_leaf_vector":"1"}},{"base_weights":[-4.2189915E-2,-3.2471508E-1,6.903076E-2,-3.9369266E-2,-9.337998E-3,3.8081578E-3,2.627945E-2,-3.8513184E-2,2.8439332E-2,-4.5886994E-3,-1.1882782E-3,9.529114E-3,5.2040103E-3,2.670288E-4,1.0925293E-3],"categories":[],"categories_nodes":[],"categories_segments":[],"categories_sizes":[],"default_left":[0,0,0,0,0,0,0,0,0,0,0,0,0,0,0],"id":99,"left_children":[1,3,5,-1,-1,7,-1,9,11,-1,-1,13,-1,-1,-1],"loss_changes":[3.3664173E-1,1.1107773E-2,1.0010144E-1,0E0,0E0,8.3922595E-3,0E0,4.383782E-5,1.735582E-3,0E0,0E0,9.130919E-6,0E0,0E0,0E0],"parents":[2147483647,0,0,1,1,2,2,5,5,7,7,8,8,11,11],"right_children":[2,4,6,-1,-1,8,-1,10,12,-1,-1,14,-1,-1,-1],"split_conditions":[2.0007466E-1,9.9497385E-2,1E0,-3.9369266E-2,-9.337998E-3,6.005927E-1,2.627945E-2,4.005918E-1,9.0068483E-1,-4.5886994E-3,-1.1882782E-3,6.9912046E-1,5.2040103E-3,2.670288E-4,1.0925293E-3],"split_indices":[0,0,0,0,0,0,0,0,0,0,0,0,0,0,0],"split_type":[0,0,0,0,0,0,0,0,0,0,0,0,0,0,0],"sum_hessian":[9E0,2E0,7E0,1E0,1E0,6E0,1E0,2E0,4E0,1E0,1E0,3E0,1E0,1E0,2E0],"tree_param":{"num_deleted":"0","num_feature":"2","num_nodes":"15","size_leaf_vector":"1"}}]},"name":"gbtree"},"learner_model_param":{"base_score":"1.20200005E2","boost_from_average":"1","num_class":"0","num_feature":"2","num_target":"1"},"objective":{"name":"reg:squarederror","reg_loss_param":{"scale_pos_weight":"1"}}},"version":[2,0,1]}