{"package": {"All_Weights": {"Categorical_Variables": {}, "Numerical_Variables": {"cgroupfs_cpu_usage_us": {"scale": 1.0}, "cgroupfs_memory_usage_bytes": {"scale": 1.0}, "cgroupfs_system_cpu_usage_us": {"scale": 1.0}, "cgroupfs_user_cpu_usage_us": {"scale": 1.0}}, "CurveFit_Weights": [-12749.98537100325, 1.0, 13067.52218510113]}}, "core": {"All_Weights": {"Categorical_Variables": {}, "Numerical_Variables": {"cgroupfs_cpu_usage_us": {"scale": 1.0}, "cgroupfs_memory_usage_bytes": {"scale": 1.0}, "cgroupfs_system_cpu_usage_us": {"scale": 1.0}, "cgroupfs_user_cpu_usage_us": {"scale": 1.0}}, "CurveFit_Weights": [0.0, 1.0, 0.0]}}, "uncore": {"All_Weights": {"Categorical_Variables": {}, "Numerical_Variables": {"cgroupfs_cpu_usage_us": {"scale": 1.0}, "cgroupfs_memory_usage_bytes": {"scale": 1.0}, "cgroupfs_system_cpu_usage_us": {"scale": 1.0}, "cgroupfs_user_cpu_usage_us": {"scale": 1.0}}, "CurveFit_Weights": [0.0, 1.0, 0.0]}}, "dram": {"All_Weights": {"Categorical_Variables": {}, "Numerical_Variables": {"cgroupfs_cpu_usage_us": {"scale": 1.0}, "cgroupfs_memory_usage_bytes": {"scale": 1.0}, "cgroupfs_system_cpu_usage_us": {"scale": 1.0}, "cgroupfs_user_cpu_usage_us": {"scale": 1.0}}, "CurveFit_Weights": [2368.710008832708, 1.0, -2350.6855531872484]}}}