{"package": {"All_Weights": {"Bias_Weight": 140.75358912799965, "Categorical_Variables": {}, "Numerical_Variables": {"cgroupfs_cpu_usage_us": {"scale": 1.0, "weight": 0.0}, "cgroupfs_memory_usage_bytes": {"scale": 1.0, "weight": 0.0}, "cgroupfs_system_cpu_usage_us": {"scale": 1.0, "weight": 0.0}, "cgroupfs_user_cpu_usage_us": {"scale": 1.0, "weight": 0.0}}}}, "core": {"All_Weights": {"Bias_Weight": 0.0, "Categorical_Variables": {}, "Numerical_Variables": {"cgroupfs_cpu_usage_us": {"scale": 1.0, "weight": 0.0}, "cgroupfs_memory_usage_bytes": {"scale": 1.0, "weight": 0.0}, "cgroupfs_system_cpu_usage_us": {"scale": 1.0, "weight": 0.0}, "cgroupfs_user_cpu_usage_us": {"scale": 1.0, "weight": 0.0}}}}, "uncore": {"All_Weights": {"Bias_Weight": 0.0, "Categorical_Variables": {}, "Numerical_Variables": {"cgroupfs_cpu_usage_us": {"scale": 1.0, "weight": 0.0}, "cgroupfs_memory_usage_bytes": {"scale": 1.0, "weight": 0.0}, "cgroupfs_system_cpu_usage_us": {"scale": 1.0, "weight": 0.0}, "cgroupfs_user_cpu_usage_us": {"scale": 1.0, "weight": 0.0}}}}, "dram": {"All_Weights": {"Bias_Weight": 28.4661351288182, "Categorical_Variables": {}, "Numerical_Variables": {"cgroupfs_cpu_usage_us": {"scale": 1.0, "weight": 0.0}, "cgroupfs_memory_usage_bytes": {"scale": 1.0, "weight": 0.0}, "cgroupfs_system_cpu_usage_us": {"scale": 1.0, "weight": 0.0}, "cgroupfs_user_cpu_usage_us": {"scale": 1.0, "weight": 0.0}}}}}