{"package": {"All_Weights": {"Bias_Weight": 325.21347444281525, "Categorical_Variables": {}, "Numerical_Variables": {"cgroupfs_cpu_usage_us": {"scale": 1.0, "weight": 0.0}, "cgroupfs_memory_usage_bytes": {"scale": 1.0, "weight": 0.0}, "cgroupfs_system_cpu_usage_us": {"scale": 1.0, "weight": 0.0}, "cgroupfs_user_cpu_usage_us": {"scale": 1.0, "weight": 0.0}}}}, "core": {"All_Weights": {"Bias_Weight": 0.0, "Categorical_Variables": {}, "Numerical_Variables": {"cgroupfs_cpu_usage_us": {"scale": 1.0, "weight": 0.0}, "cgroupfs_memory_usage_bytes": {"scale": 1.0, "weight": 0.0}, "cgroupfs_system_cpu_usage_us": {"scale": 1.0, "weight": 0.0}, "cgroupfs_user_cpu_usage_us": {"scale": 1.0, "weight": 0.0}}}}, "uncore": {"All_Weights": {"Bias_Weight": 0.0, "Categorical_Variables": {}, "Numerical_Variables": {"cgroupfs_cpu_usage_us": {"scale": 1.0, "weight": 0.0}, "cgroupfs_memory_usage_bytes": {"scale": 1.0, "weight": 0.0}, "cgroupfs_system_cpu_usage_us": {"scale": 1.0, "weight": 0.0}, "cgroupfs_user_cpu_usage_us": {"scale": 1.0, "weight": 0.0}}}}, "dram": {"All_Weights": {"Bias_Weight": 17.842956452212924, "Categorical_Variables": {}, "Numerical_Variables": {"cgroupfs_cpu_usage_us": {"scale": 1.0, "weight": 0.0}, "cgroupfs_memory_usage_bytes": {"scale": 1.0, "weight": 0.0}, "cgroupfs_system_cpu_usage_us": {"scale": 1.0, "weight": 0.0}, "cgroupfs_user_cpu_usage_us": {"scale": 1.0, "weight": 0.0}}}}}