{"learner":{"attributes":{"scikit_learn":"{\"_estimator_type\": \"regressor\"}"},"feature_names":[],"feature_types":[],"gradient_booster":{"model":{"gbtree_model_param":{"num_parallel_tree":"1","num_trees":"100"},"iteration_indptr":[0,1,2,3,4,5,6,7,8,9,10,11,12,13,14,15,16,17,18,19,20,21,22,23,24,25,26,27,28,29,30,31,32,33,34,35,36,37,38,39,40,41,42,43,44,45,46,47,48,49,50,51,52,53,54,55,56,57,58,59,60,61,62,63,64,65,66,67,68,69,70,71,72,73,74,75,76,77,78,79,80,81,82,83,84,85,86,87,88,89,90,91,92,93,94,95,96,97,98,99,100],"tree_info":[0,0,0,0,0,0,0,0,0,0,0,0,0,0,0,0,0,0,0,0,0,0,0,0,0,0,0,0,0,0,0,0,0,0,0,0,0,0,0,0,0,0,0,0,0,0,0,0,0,0,0,0,0,0,0,0,0,0,0,0,0,0,0,0,0,0,0,0,0,0,0,0,0,0,0,0,0,0,0,0,0,0,0,0,0,0,0,0,0,0,0,0,0,0,0,0,0,0,0,0],"trees":[{"base_weights":[-4.7683716E-7,-1.0893334E1,9.077778E0,-1.2900001E0,-1.4333335E-1,2.655555E-1,1.1625E0],"categories":[],"categories_nodes":[],"categories_segments":[],"categories_sizes":[],"default_left":[0,0,0,0,0,0,0],"id":0,"left_children":[1,3,5,-1,-1,-1,-1],"loss_changes":[1.0877599E3,7.6425354E1,6.7282166E1,0E0,0E0,0E0,0E0],"parents":[2147483647,0,0,1,1,2,2],"right_children":[2,4,6,-1,-1,-1,-1],"split_conditions":[5.0702965E-1,3.9765164E-1,7.082051E-1,-1.2900001E0,-1.4333335E-1,2.655555E-1,1.1625E0],"split_indices":[0,0,0,0,0,0,0],"split_type":[0,0,0,0,0,0,0],"sum_hessian":[9E0,4E0,5E0,3E0,1E0,2E0,3E0],"tree_param":{"num_deleted":"0","num_feature":"2","num_nodes":"7","size_leaf_vector":"1"}},{"base_weights":[-5.282402E-4,-1.0090667E1,8.408009E0,-1.1932501E0,-1.3616668E-1,2.4785176E-1,1.0753125E0],"categories":[],"categories_nodes":[],"categories_segments":[],"categories_sizes":[],"default_left":[0,0,0,0,0,0,0],"id":1,"left_children":[1,3,5,-1,-1,-1,-1],"loss_changes":[9.332754E2,6.41387E1,5.6780273E1,0E0,0E0,0E0,0E0],"parents":[2147483647,0,0,1,1,2,2],"right_children":[2,4,6,-1,-1,-1,-1],"split_conditions":[5.0702965E-1,3.9765164E-1,7.082051E-1,-1.1932501E0,-1.3616668E-1,2.4785176E-1,1.0753125E0],"split_indices":[0,0,0,0,0,0,0],"split_type":[0,0,0,0,0,0,0],"sum_hessian":[9E0,4E0,5E0,3E0,1E0,2E0,3E0],"tree_param":{"num_deleted":"0","num_feature":"2","num_nodes":"7","size_leaf_vector":"1"}},{"base_weights":[-1.100254E-3,-9.347483E0,7.7877355E0,-1.1037563E0,-1.2935829E-1,2.3132828E-1,9.9466413E-1],"categories":[],"categories_nodes":[],"categories_segments":[],"categories_sizes":[],"default_left":[0,0,0,0,0,0,0],"id":2,"left_children":[1,3,5,-1,-1,-1,-1],"loss_changes":[8.0077014E2,5.378061E1,4.7903564E1,0E0,0E0,0E0,0E0],"parents":[2147483647,0,0,1,1,2,2],"right_children":[2,4,6,-1,-1,-1,-1],"split_conditions":[5.0702965E-1,3.9765164E-1,7.082051E-1,-1.1037563E0,-1.2935829E-1,2.3132828E-1,9.9466413E-1],"split_indices":[0,0,0,0,0,0,0],"split_type":[0,0,0,0,0,0,0],"sum_hessian":[9E0,4E0,5E0,3E0,1E0,2E0,3E0],"tree_param":{"num_deleted":"0","num_feature":"2","num_nodes":"7","size_leaf_vector":"1"}},{"base_weights":[-1.702404E-3,-8.659358E0,7.213294E0,-1.0209745E0,-1.22890376E-1,2.1590634E-1,9.200644E-1],"categories":[],"categories_nodes":[],"categories_segments":[],"categories_sizes":[],"default_left":[0,0,0,0,0,0,0],"id":3,"left_children":[1,3,5,-1,-1,-1,-1],"loss_changes":[6.8711206E2,4.505365E1,4.0402344E1,0E0,0E0,0E0,0E0],"parents":[2147483647,0,0,1,1,2,2],"right_children":[2,4,6,-1,-1,-1,-1],"split_conditions":[5.0702965E-1,3.9765164E-1,7.082051E-1,-1.0209745E0,-1.22890376E-1,2.1590634E-1,9.200644E-1],"split_indices":[0,0,0,0,0,0,0],"split_type":[0,0,0,0,0,0,0],"sum_hessian":[9E0,4E0,5E0,3E0,1E0,2E0,3E0],"tree_param":{"num_deleted":"0","num_feature":"2","num_nodes":"7","size_leaf_vector":"1"}},{"base_weights":[-2.3215294E-3,-8.022195E0,6.681293E0,-9.444014E-1,-1.1674585E-1,5.863447E-2,7.7830133E0,3.5178268E-1,9.4538623E-1],"categories":[],"categories_nodes":[],"categories_segments":[],"categories_sizes":[],"default_left":[0,0,0,0,0,0,0,0,0],"id":4,"left_children":[1,3,5,-1,-1,-1,7,-1,-1],"loss_changes":[5.89616E2,3.7705505E1,3.5726044E1,0E0,0E0,0E0,2.3753662E0,0E0,0E0],"parents":[2147483647,0,0,1,1,2,2,6,6],"right_children":[2,4,6,-1,-1,-1,8,-1,-1],"split_conditions":[5.0702965E-1,3.9765164E-1,6.1109036E-1,-9.444014E-1,-1.1674585E-1,5.863447E-2,9.1014665E-1,3.5178268E-1,9.4538623E-1],"split_indices":[0,0,0,0,0,0,0,0,0],"split_type":[0,0,0,0,0,0,0,0,0],"sum_hessian":[9E0,4E0,5E0,3E0,1E0,1E0,4E0,2E0,2E0],"tree_param":{"num_deleted":"0","num_feature":"2","num_nodes":"9","size_leaf_vector":"1"}},{"base_weights":[2.737608E-2,-7.432205E0,6.239131E0,-8.7357134E-1,-1.10908605E-1,5.5702783E-2,7.264146E0,3.2833055E-1,8.8236046E-1],"categories":[],"categories_nodes":[],"categories_segments":[],"categories_sizes":[],"default_left":[0,0,0,0,0,0,0,0,0],"id":5,"left_children":[1,3,5,-1,-1,-1,7,-1,-1],"loss_changes":[5.097414E2,3.1522522E1,3.0899124E1,0E0,0E0,0E0,2.0691833E0,0E0,0E0],"parents":[2147483647,0,0,1,1,2,2,6,6],"right_children":[2,4,6,-1,-1,-1,8,-1,-1],"split_conditions":[5.0702965E-1,3.9765164E-1,6.1109036E-1,-8.7357134E-1,-1.10908605E-1,5.5702783E-2,9.1014665E-1,3.2833055E-1,8.8236046E-1],"split_indices":[0,0,0,0,0,0,0,0,0],"split_type":[0,0,0,0,0,0,0,0,0],"sum_hessian":[9E0,4E0,5E0,3E0,1E0,1E0,4E0,2E0,2E0],"tree_param":{"num_deleted":"0","num_feature":"2","num_nodes":"9","size_leaf_vector":"1"}},{"base_weights":[5.282984E-2,-6.8858805E0,5.8262835E0,-8.080535E-1,-1.0536318E-1,5.291767E-2,6.7798696E0,3.064418E-1,8.235364E-1],"categories":[],"categories_nodes":[],"categories_segments":[],"categories_sizes":[],"default_left":[0,0,0,0,0,0,0,0,0],"id":6,"left_children":[1,3,5,-1,-1,-1,7,-1,-1],"loss_changes":[4.4072232E2,2.63237E1,2.6719742E1,0E0,0E0,0E0,1.8025055E0,0E0,0E0],"parents":[2147483647,0,0,1,1,2,2,6,6],"right_children":[2,4,6,-1,-1,-1,8,-1,-1],"split_conditions":[5.0702965E-1,3.9765164E-1,6.1109036E-1,-8.080535E-1,-1.0536318E-1,5.291767E-2,9.1014665E-1,3.064418E-1,8.235364E-1],"split_indices":[0,0,0,0,0,0,0,0,0],"split_type":[0,0,0,0,0,0,0,0,0],"sum_hessian":[9E0,4E0,5E0,3E0,1E0,1E0,4E0,2E0,2E0],"tree_param":{"num_deleted":"0","num_feature":"2","num_nodes":"9","size_leaf_vector":"1"}},{"base_weights":[7.449503E-2,-6.3799753E0,5.4408045E0,-8.4217733E-1,-2.2115195E-1,5.0271798E-2,6.327878E0,2.8601235E-1,7.68634E-1],"categories":[],"categories_nodes":[],"categories_segments":[],"categories_sizes":[],"default_left":[0,0,0,0,0,0,0,0,0],"id":7,"left_children":[1,3,5,-1,-1,-1,7,-1,-1],"loss_changes":[3.8107904E2,2.3930801E1,2.3101547E1,0E0,0E0,0E0,1.5701752E0,0E0,0E0],"parents":[2147483647,0,0,1,1,2,2,6,6],"right_children":[2,4,6,-1,-1,-1,8,-1,-1],"split_conditions":[5.0702965E-1,2.0249514E-1,6.1109036E-1,-8.4217733E-1,-2.2115195E-1,5.0271798E-2,9.1014665E-1,2.8601235E-1,7.68634E-1],"split_indices":[0,0,0,0,0,0,0,0,0],"split_type":[0,0,0,0,0,0,0,0,0],"sum_hessian":[9E0,4E0,5E0,2E0,2E0,1E0,4E0,2E0,2E0],"tree_param":{"num_deleted":"0","num_feature":"2","num_nodes":"9","size_leaf_vector":"1"}},{"base_weights":[7.120428E-2,-5.9546432E0,5.080877E0,-7.860321E-1,-2.064085E-1,1.5184282E0,6.482494E-1,4.77582E-2,1.8000603E-1],"categories":[],"categories_nodes":[],"categories_segments":[],"categories_sizes":[],"default_left":[0,0,0,0,0,0,0,0,0],"id":8,"left_children":[1,3,5,-1,-1,7,-1,-1,-1],"loss_changes":[3.3213004E2,2.0846375E1,2.0115936E1,0E0,0E0,1.9731045E-2,0E0,0E0,0E0],"parents":[2147483647,0,0,1,1,2,2,5,5],"right_children":[2,4,6,-1,-1,8,-1,-1,-1],"split_conditions":[5.0702965E-1,2.0249514E-1,7.082051E-1,-7.860321E-1,-2.064085E-1,6.1109036E-1,6.482494E-1,4.77582E-2,1.8000603E-1],"split_indices":[0,0,0,0,0,0,0,0,0],"split_type":[0,0,0,0,0,0,0,0,0],"sum_hessian":[9E0,4E0,5E0,2E0,2E0,2E0,3E0,1E0,1E0],"tree_param":{"num_deleted":"0","num_feature":"2","num_nodes":"9","size_leaf_vector":"1"}},{"base_weights":[5.2441217E-2,-5.5576677E0,4.7187915E0,-6.553499E-1,-7.8717045E-2,2.021874E0,6.7417514E-1,4.5370292E-2,2.3933633E-1],"categories":[],"categories_nodes":[],"categories_segments":[],"categories_sizes":[],"default_left":[0,0,0,0,0,0,0,0,0],"id":9,"left_children":[1,3,5,-1,-1,7,-1,-1,-1],"loss_changes":[2.8801282E2,1.8594345E1,1.9103561E1,0E0,0E0,1.2443619E0,0E0,0E0,0E0],"parents":[2147483647,0,0,1,1,2,2,5,5],"right_children":[2,4,6,-1,-1,8,-1,-1,-1],"split_conditions":[5.0702965E-1,3.9765164E-1,9.1014665E-1,-6.553499E-1,-7.8717045E-2,6.1109036E-1,6.7417514E-1,4.5370292E-2,2.3933633E-1],"split_indices":[0,0,0,0,0,0,0,0,0],"split_type":[0,0,0,0,0,0,0,0,0],"sum_hessian":[9E0,4E0,5E0,3E0,1E0,3E0,2E0,1E0,2E0],"tree_param":{"num_deleted":"0","num_feature":"2","num_nodes":"9","size_leaf_vector":"1"}},{"base_weights":[6.96785E-2,-5.1487145E0,4.4067264E0,-6.8994E-1,-1.681791E-1,1.8908634E0,6.2923014E-1,4.3101788E-2,2.233806E-1],"categories":[],"categories_nodes":[],"categories_segments":[],"categories_sizes":[],"default_left":[0,0,0,0,0,0,0,0,0],"id":10,"left_children":[1,3,5,-1,-1,7,-1,-1,-1],"loss_changes":[2.4901315E2,1.8744125E1,1.6565216E1,0E0,0E0,1.0397615E0,0E0,0E0,0E0],"parents":[2147483647,0,0,1,1,2,2,5,5],"right_children":[2,4,6,-1,-1,8,-1,-1,-1],"split_conditions":[5.0702965E-1,2.0249514E-1,9.1014665E-1,-6.8994E-1,-1.681791E-1,6.1109036E-1,6.2923014E-1,4.3101788E-2,2.233806E-1],"split_indices":[0,0,0,0,0,0,0,0,0],"split_type":[0,0,0,0,0,0,0,0,0],"sum_hessian":[9E0,4E0,5E0,2E0,2E0,3E0,2E0,1E0,2E0],"tree_param":{"num_deleted":"0","num_feature":"2","num_nodes":"9","size_leaf_vector":"1"}},{"base_weights":[6.646981E-2,-4.8054667E0,4.115339E0,-6.4394397E-1,-1.5696716E-1,1.7683973E0,5.872814E-1,4.0946674E-2,2.0848854E-1],"categories":[],"categories_nodes":[],"categories_segments":[],"categories_sizes":[],"default_left":[0,0,0,0,0,0,0,0,0],"id":11,"left_children":[1,3,5,-1,-1,7,-1,-1,-1],"loss_changes":[2.1703442E2,1.6328209E1,1.4362694E1,0E0,0E0,8.666496E-1,0E0,0E0,0E0],"parents":[2147483647,0,0,1,1,2,2,5,5],"right_children":[2,4,6,-1,-1,8,-1,-1,-1],"split_conditions":[5.0702965E-1,2.0249514E-1,9.1014665E-1,-6.4394397E-1,-1.5696716E-1,6.1109036E-1,5.872814E-1,4.0946674E-2,2.0848854E-1],"split_indices":[0,0,0,0,0,0,0,0,0],"split_type":[0,0,0,0,0,0,0,0,0],"sum_hessian":[9E0,4E0,5E0,2E0,2E0,3E0,2E0,1E0,2E0],"tree_param":{"num_deleted":"0","num_feature":"2","num_nodes":"9","size_leaf_vector":"1"}},{"base_weights":[6.3403174E-2,-4.485102E0,3.8432572E0,-6.010144E-1,-1.4650269E-1,1.6539164E0,5.4812926E-1,3.889933E-2,1.945893E-1],"categories":[],"categories_nodes":[],"categories_segments":[],"categories_sizes":[],"default_left":[0,0,0,0,0,0,0,0,0],"id":12,"left_children":[1,3,5,-1,-1,7,-1,-1,-1],"loss_changes":[1.8916426E2,1.4223679E1,1.2451706E1,0E0,0E0,7.203722E-1,0E0,0E0,0E0],"parents":[2147483647,0,0,1,1,2,2,5,5],"right_children":[2,4,6,-1,-1,8,-1,-1,-1],"split_conditions":[5.0702965E-1,2.0249514E-1,9.1014665E-1,-6.010144E-1,-1.4650269E-1,6.1109036E-1,5.4812926E-1,3.889933E-2,1.945893E-1],"split_indices":[0,0,0,0,0,0,0,0,0],"split_type":[0,0,0,0,0,0,0,0,0],"sum_hessian":[9E0,4E0,5E0,2E0,2E0,3E0,2E0,1E0,2E0],"tree_param":{"num_deleted":"0","num_feature":"2","num_nodes":"9","size_leaf_vector":"1"}},{"base_weights":[6.0472824E-2,-4.1860957E0,3.589201E0,-5.6094676E-1,-1.3673583E-1,1.5468969E0,5.115873E-1,3.6954403E-2,1.8161665E-1],"categories":[],"categories_nodes":[],"categories_segments":[],"categories_sizes":[],"default_left":[0,0,0,0,0,0,0,0,0],"id":13,"left_children":[1,3,5,-1,-1,7,-1,-1,-1],"loss_changes":[1.6487459E2,1.2390411E1,1.07938385E1,0E0,0E0,5.9694767E-1,0E0,0E0,0E0],"parents":[2147483647,0,0,1,1,2,2,5,5],"right_children":[2,4,6,-1,-1,8,-1,-1,-1],"split_conditions":[5.0702965E-1,2.0249514E-1,9.1014665E-1,-5.6094676E-1,-1.3673583E-1,6.1109036E-1,5.115873E-1,3.6954403E-2,1.8161665E-1],"split_indices":[0,0,0,0,0,0,0,0,0],"split_type":[0,0,0,0,0,0,0,0,0],"sum_hessian":[9E0,4E0,5E0,2E0,2E0,3E0,2E0,1E0,2E0],"tree_param":{"num_deleted":"0","num_feature":"2","num_nodes":"9","size_leaf_vector":"1"}},{"base_weights":[5.7672836E-2,-3.9070225E0,3.3519735E0,-4.6619684E-1,-4.4361975E-2,1.4468503E0,4.7748134E-1,3.510666E-2,1.6950893E-1],"categories":[],"categories_nodes":[],"categories_segments":[],"categories_sizes":[],"default_left":[0,0,0,0,0,0,0,0,0],"id":14,"left_children":[1,3,5,-1,-1,7,-1,-1,-1],"loss_changes":[1.4370523E2,1.1005272E1,9.355667E0,0E0,0E0,4.929762E-1,0E0,0E0,0E0],"parents":[2147483647,0,0,1,1,2,2,5,5],"right_children":[2,4,6,-1,-1,8,-1,-1,-1],"split_conditions":[5.0702965E-1,3.9765164E-1,9.1014665E-1,-4.6619684E-1,-4.4361975E-2,6.1109036E-1,4.7748134E-1,3.510666E-2,1.6950893E-1],"split_indices":[0,0,0,0,0,0,0,0,0],"split_type":[0,0,0,0,0,0,0,0,0],"sum_hessian":[9E0,4E0,5E0,3E0,1E0,3E0,2E0,1E0,2E0],"tree_param":{"num_deleted":"0","num_feature":"2","num_nodes":"9","size_leaf_vector":"1"}},{"base_weights":[6.905923E-2,-3.618432E0,3.1304588E0,-4.9247056E-1,-1.10601485E-1,1.3533192E0,4.456492E-1,3.335133E-2,1.5820834E-1],"categories":[],"categories_nodes":[],"categories_segments":[],"categories_sizes":[],"default_left":[0,0,0,0,0,0,0,0,0],"id":15,"left_children":[1,3,5,-1,-1,7,-1,-1,-1],"loss_changes":[1.24216194E2,1.0962723E1,8.108219E0,0E0,0E0,4.0553427E-1,0E0,0E0,0E0],"parents":[2147483647,0,0,1,1,2,2,5,5],"right_children":[2,4,6,-1,-1,8,-1,-1,-1],"split_conditions":[5.0702965E-1,2.0249514E-1,9.1014665E-1,-4.9247056E-1,-1.10601485E-1,6.1109036E-1,4.456492E-1,3.335133E-2,1.5820834E-1],"split_indices":[0,0,0,0,0,0,0,0,0],"split_type":[0,0,0,0,0,0,0,0,0],"sum_hessian":[9E0,4E0,5E0,2E0,2E0,3E0,2E0,1E0,2E0],"tree_param":{"num_deleted":"0","num_feature":"2","num_nodes":"9","size_leaf_vector":"1"}},{"base_weights":[6.556706E-2,-3.3772032E0,2.9236145E0,-4.5963916E-1,-1.03228055E-1,1.2658768E0,4.1593933E-1,3.168373E-2,1.4766107E-1],"categories":[],"categories_nodes":[],"categories_segments":[],"categories_sizes":[],"default_left":[0,0,0,0,0,0,0,0,0],"id":16,"left_children":[1,3,5,-1,-1,7,-1,-1,-1],"loss_changes":[1.08269646E2,9.549747E0,7.0263023E0,0E0,0E0,3.3213377E-1,0E0,0E0,0E0],"parents":[2147483647,0,0,1,1,2,2,5,5],"right_children":[2,4,6,-1,-1,8,-1,-1,-1],"split_conditions":[5.0702965E-1,2.0249514E-1,9.1014665E-1,-4.5963916E-1,-1.03228055E-1,6.1109036E-1,4.1593933E-1,3.168373E-2,1.4766107E-1],"split_indices":[0,0,0,0,0,0,0,0,0],"split_type":[0,0,0,0,0,0,0,0,0],"sum_hessian":[9E0,4E0,5E0,2E0,2E0,3E0,2E0,1E0,2E0],"tree_param":{"num_deleted":"0","num_feature":"2","num_nodes":"9","size_leaf_vector":"1"}},{"base_weights":[6.2252093E-2,-3.1520565E0,2.730467E0,-4.2899653E-1,-9.634622E-2,1.1841254E0,3.8821003E-1,3.0099584E-2,1.3781701E-1],"categories":[],"categories_nodes":[],"categories_segments":[],"categories_sizes":[],"default_left":[0,0,0,0,0,0,0,0,0],"id":17,"left_children":[1,3,5,-1,-1,7,-1,-1,-1],"loss_changes":[9.4371254E1,8.318886E0,6.0880165E0,0E0,0E0,2.7064276E-1,0E0,0E0,0E0],"parents":[2147483647,0,0,1,1,2,2,5,5],"right_children":[2,4,6,-1,-1,8,-1,-1,-1],"split_conditions":[5.0702965E-1,2.0249514E-1,9.1014665E-1,-4.2899653E-1,-9.634622E-2,6.1109036E-1,3.8821003E-1,3.0099584E-2,1.3781701E-1],"split_indices":[0,0,0,0,0,0,0,0,0],"split_type":[0,0,0,0,0,0,0,0,0],"sum_hessian":[9E0,4E0,5E0,2E0,2E0,3E0,2E0,1E0,2E0],"tree_param":{"num_deleted":"0","num_feature":"2","num_nodes":"9","size_leaf_vector":"1"}},{"base_weights":[5.9104968E-2,-2.9419196E0,2.550108E0,-4.003968E-1,-8.992316E-1,1.1076918E0,3.6232936E-1,-1.0824957E-1,-2.663517E-2,2.8594589E-2,1.2862918E-1],"categories":[],"categories_nodes":[],"categories_segments":[],"categories_sizes":[],"default_left":[0,0,0,0,0,0,0,0,0,0,0],"id":18,"left_children":[1,3,5,-1,7,9,-1,-1,-1,-1,-1],"loss_changes":[8.225782E1,7.2466774E0,5.274391E0,0E0,5.962801E-2,2.1924543E-1,0E0,0E0,0E0,0E0,0E0],"parents":[2147483647,0,0,1,1,2,2,4,4,5,5],"right_children":[2,4,6,-1,8,10,-1,-1,-1,-1,-1],"split_conditions":[5.0702965E-1,2.0249514E-1,9.1014665E-1,-4.003968E-1,3.9765164E-1,6.1109036E-1,3.6232936E-1,-1.0824957E-1,-2.663517E-2,2.8594589E-2,1.2862918E-1],"split_indices":[0,0,0,0,0,0,0,0,0,0,0],"split_type":[0,0,0,0,0,0,0,0,0,0,0],"sum_hessian":[9E0,4E0,5E0,2E0,2E0,3E0,2E0,1E0,1E0,1E0,2E0],"tree_param":{"num_deleted":"0","num_feature":"2","num_nodes":"11","size_leaf_vector":"1"}},{"base_weights":[5.1621772E-2,-2.754784E0,2.3816898E0,-3.3169627E0,-2.5303459E-2,1.0362282E0,3.381742E-1,-3.7370366E-1,-1.02837086E-1,2.7164841E-2,1.20053865E-1],"categories":[],"categories_nodes":[],"categories_segments":[],"categories_sizes":[],"default_left":[0,0,0,0,0,0,0,0,0,0,0],"id":19,"left_children":[1,3,5,7,-1,9,-1,-1,-1,-1,-1],"loss_changes":[7.19522E1,6.1928444E0,4.5689316E0,2.4528503E-3,0E0,1.7638922E-1,0E0,0E0,0E0,0E0,0E0],"parents":[2147483647,0,0,1,1,2,2,3,3,5,5],"right_children":[2,4,6,8,-1,10,-1,-1,-1,-1,-1],"split_conditions":[5.0702965E-1,3.9765164E-1,9.1014665E-1,2.0249514E-1,-2.5303459E-2,6.1109036E-1,3.381742E-1,-3.7370366E-1,-1.02837086E-1,2.7164841E-2,1.20053865E-1],"split_indices":[0,0,0,0,0,0,0,0,0,0,0],"split_type":[0,0,0,0,0,0,0,0,0,0,0],"sum_hessian":[9E0,4E0,5E0,3E0,1E0,3E0,2E0,2E0,1E0,1E0,2E0],"tree_param":{"num_deleted":"0","num_feature":"2","num_nodes":"11","size_leaf_vector":"1"}},{"base_weights":[4.4814635E-2,-2.5796747E0,2.2244198E0,-3.1044015E-1,-2.4038315E-2,9.6940994E-1,3.1562933E-1,2.5806619E-2,1.1205025E-1],"categories":[],"categories_nodes":[],"categories_segments":[],"categories_sizes":[],"default_left":[0,0,0,0,0,0,0,0,0],"id":20,"left_children":[1,3,5,-1,-1,7,-1,-1,-1],"loss_changes":[6.2941784E1,5.391201E0,3.9573212E0,0E0,0E0,1.4075136E-1,0E0,0E0,0E0],"parents":[2147483647,0,0,1,1,2,2,5,5],"right_children":[2,4,6,-1,-1,8,-1,-1,-1],"split_conditions":[5.0702965E-1,3.9765164E-1,9.1014665E-1,-3.1044015E-1,-2.4038315E-2,6.1109036E-1,3.1562933E-1,2.5806619E-2,1.1205025E-1],"split_indices":[0,0,0,0,0,0,0,0,0],"split_type":[0,0,0,0,0,0,0,0,0],"sum_hessian":[9E0,4E0,5E0,3E0,1E0,3E0,2E0,1E0,2E0],"tree_param":{"num_deleted":"0","num_feature":"2","num_nodes":"9","size_leaf_vector":"1"}},{"base_weights":[5.223403E-2,-2.388603E0,2.0775592E0,-3.280941E-1,-7.00064E-2,9.0693283E-1,2.9458746E-1,2.4516298E-2,1.0458018E-1],"categories":[],"categories_nodes":[],"categories_segments":[],"categories_sizes":[],"default_left":[0,0,0,0,0,0,0,0,0],"id":21,"left_children":[1,3,5,-1,-1,7,-1,-1,-1],"loss_changes":[5.439735E1,5.236868E0,3.427126E0,0E0,0E0,1.112051E-1,0E0,0E0,0E0],"parents":[2147483647,0,0,1,1,2,2,5,5],"right_children":[2,4,6,-1,-1,8,-1,-1,-1],"split_conditions":[5.0702965E-1,2.0249514E-1,9.1014665E-1,-3.280941E-1,-7.00064E-2,6.1109036E-1,2.9458746E-1,2.4516298E-2,1.0458018E-1],"split_indices":[0,0,0,0,0,0,0,0,0],"split_type":[0,0,0,0,0,0,0,0,0],"sum_hessian":[9E0,4E0,5E0,2E0,2E0,3E0,2E0,1E0,2E0],"tree_param":{"num_deleted":"0","num_feature":"2","num_nodes":"9","size_leaf_vector":"1"}},{"base_weights":[4.956927E-2,-2.2293625E0,1.9404176E0,-3.0622116E-1,-6.533928E-1,8.485136E-1,2.749484E-1,-7.8672886E-2,-1.9336034E-2,2.3290444E-2,9.760819E-2],"categories":[],"categories_nodes":[],"categories_segments":[],"categories_sizes":[],"default_left":[0,0,0,0,0,0,0,0,0,0,0],"id":22,"left_children":[1,3,5,-1,7,9,-1,-1,-1,-1,-1],"loss_changes":[4.741704E1,4.5618954E0,2.9675617E0,0E0,3.1894684E-2,8.679509E-2,0E0,0E0,0E0,0E0,0E0],"parents":[2147483647,0,0,1,1,2,2,4,4,5,5],"right_children":[2,4,6,-1,8,10,-1,-1,-1,-1,-1],"split_conditions":[5.0702965E-1,2.0249514E-1,9.1014665E-1,-3.0622116E-1,3.9765164E-1,6.1109036E-1,2.749484E-1,-7.8672886E-2,-1.9336034E-2,2.3290444E-2,9.760819E-2],"split_indices":[0,0,0,0,0,0,0,0,0,0,0],"split_type":[0,0,0,0,0,0,0,0,0,0,0],"sum_hessian":[9E0,4E0,5E0,2E0,2E0,3E0,2E0,1E0,1E0,1E0,2E0],"tree_param":{"num_deleted":"0","num_feature":"2","num_nodes":"11","size_leaf_vector":"1"}},{"base_weights":[4.377408E-2,-2.0872722E0,1.8123503E0,-2.8580642E-1,-6.207228E-1,7.9388666E-1,2.566185E-1,-7.473922E-2,-1.8369198E-2,2.2125913E-2,9.110095E-2],"categories":[],"categories_nodes":[],"categories_segments":[],"categories_sizes":[],"default_left":[0,0,0,0,0,0,0,0,0,0,0],"id":23,"left_children":[1,3,5,-1,7,9,-1,-1,-1,-1,-1],"loss_changes":[4.1472046E1,3.8779564E0,2.5692596E0,0E0,2.8785229E-2,6.670165E-2,0E0,0E0,0E0,0E0,0E0],"parents":[2147483647,0,0,1,1,2,2,4,4,5,5],"right_children":[2,4,6,-1,8,10,-1,-1,-1,-1,-1],"split_conditions":[5.0702965E-1,2.0249514E-1,9.1014665E-1,-2.8580642E-1,3.9765164E-1,6.1109036E-1,2.566185E-1,-7.473922E-2,-1.8369198E-2,2.2125913E-2,9.110095E-2],"split_indices":[0,0,0,0,0,0,0,0,0,0,0],"split_type":[0,0,0,0,0,0,0,0,0,0,0],"sum_hessian":[9E0,4E0,5E0,2E0,2E0,3E0,2E0,1E0,1E0,1E0,2E0],"tree_param":{"num_deleted":"0","num_feature":"2","num_nodes":"11","size_leaf_vector":"1"}},{"base_weights":[3.8489867E-2,-1.9543278E0,1.6927563E0,-3.1006452E-1,-8.925873E-1,7.42805E-1,2.3951061E-1,-1.0737783E-1,-1.7450714E-2,2.101965E-2,8.502757E-2],"categories":[],"categories_nodes":[],"categories_segments":[],"categories_sizes":[],"default_left":[0,0,0,0,0,0,0,0,0,0,0],"id":24,"left_children":[1,3,5,-1,7,9,-1,-1,-1,-1,-1],"loss_changes":[3.6274715E1,3.3178596E0,2.2240906E0,0E0,3.330567E-1,5.023408E-2,0E0,0E0,0E0,0E0,0E0],"parents":[2147483647,0,0,1,1,2,2,4,4,5,5],"right_children":[2,4,6,-1,8,10,-1,-1,-1,-1,-1],"split_conditions":[5.0702965E-1,9.805462E-2,9.1014665E-1,-3.1006452E-1,3.9765164E-1,6.1109036E-1,2.3951061E-1,-1.0737783E-1,-1.7450714E-2,2.101965E-2,8.502757E-2],"split_indices":[0,0,0,0,0,0,0,0,0,0,0],"split_type":[0,0,0,0,0,0,0,0,0,0,0],"sum_hessian":[9E0,4E0,5E0,1E0,3E0,3E0,2E0,2E0,1E0,1E0,2E0],"tree_param":{"num_deleted":"0","num_feature":"2","num_nodes":"11","size_leaf_vector":"1"}},{"base_weights":[2.5707578E-2,-1.8458737E0,1.5810741E0,-2.945613E-1,-8.345357E-1,4.732768E-2,2.0166536E-1,-1.002193E-1,-1.6578197E-2],"categories":[],"categories_nodes":[],"categories_segments":[],"categories_sizes":[],"default_left":[0,0,0,0,0,0,0,0,0],"id":25,"left_children":[1,3,5,-1,7,-1,-1,-1,-1],"loss_changes":[3.202841E1,3.1028214E0,1.9407673E0,0E0,2.8234005E-1,0E0,0E0,0E0,0E0],"parents":[2147483647,0,0,1,1,2,2,4,4],"right_children":[2,4,6,-1,8,-1,-1,-1,-1],"split_conditions":[5.0702965E-1,9.805462E-2,7.082051E-1,-2.945613E-1,3.9765164E-1,4.732768E-2,2.0166536E-1,-1.002193E-1,-1.6578197E-2],"split_indices":[0,0,0,0,0,0,0,0,0],"split_type":[0,0,0,0,0,0,0,0,0],"sum_hessian":[9E0,4E0,5E0,1E0,3E0,2E0,3E0,2E0,1E0],"tree_param":{"num_deleted":"0","num_feature":"2","num_nodes":"9","size_leaf_vector":"1"}},{"base_weights":[6.900692E-3,-1.7435579E0,1.4644661E0,-2.7983323E-1,-7.802813E-1,6.209564E-1,2.1009903E-1,-9.3538E-2,-1.5749265E-2,1.7602349E-2,7.1059294E-2],"categories":[],"categories_nodes":[],"categories_segments":[],"categories_sizes":[],"default_left":[0,0,0,0,0,0,0,0,0,0,0],"id":26,"left_children":[1,3,5,-1,7,9,-1,-1,-1,-1,-1],"loss_changes":[2.806746E1,2.8967104E0,1.9168634E0,0E0,2.3905921E-1,3.444779E-2,0E0,0E0,0E0,0E0,0E0],"parents":[2147483647,0,0,1,1,2,2,4,4,5,5],"right_children":[2,4,6,-1,8,10,-1,-1,-1,-1,-1],"split_conditions":[5.0702965E-1,9.805462E-2,9.1014665E-1,-2.7983323E-1,3.9765164E-1,6.1109036E-1,2.1009903E-1,-9.3538E-2,-1.5749265E-2,1.7602349E-2,7.1059294E-2],"split_indices":[0,0,0,0,0,0,0,0,0,0,0],"split_type":[0,0,0,0,0,0,0,0,0,0,0],"sum_hessian":[9E0,4E0,5E0,1E0,3E0,3E0,2E0,2E0,1E0,1E0,2E0],"tree_param":{"num_deleted":"0","num_feature":"2","num_nodes":"11","size_leaf_vector":"1"}},{"base_weights":[-2.8254509E-3,-1.6470263E0,1.3678128E0,-2.6584157E-1,-7.2957504E-1,5.810256E-1,1.9609247E-1,-8.730213E-2,-1.4961815E-2,1.6722202E-2,6.632195E-2],"categories":[],"categories_nodes":[],"categories_segments":[],"categories_sizes":[],"default_left":[0,0,0,0,0,0,0,0,0,0,0],"id":27,"left_children":[1,3,5,-1,7,9,-1,-1,-1,-1,-1],"loss_changes":[2.478887E1,2.6999874E0,1.6605692E0,0E0,2.0215082E-1,2.5143623E-2,0E0,0E0,0E0,0E0,0E0],"parents":[2147483647,0,0,1,1,2,2,4,4,5,5],"right_children":[2,4,6,-1,8,10,-1,-1,-1,-1,-1],"split_conditions":[5.0702965E-1,9.805462E-2,9.1014665E-1,-2.6584157E-1,3.9765164E-1,6.1109036E-1,1.9609247E-1,-8.730213E-2,-1.4961815E-2,1.6722202E-2,6.632195E-2],"split_indices":[0,0,0,0,0,0,0,0,0,0,0],"split_type":[0,0,0,0,0,0,0,0,0,0,0],"sum_hessian":[9E0,4E0,5E0,1E0,3E0,3E0,2E0,2E0,1E0,1E0,2E0],"tree_param":{"num_deleted":"0","num_feature":"2","num_nodes":"11","size_leaf_vector":"1"}},{"base_weights":[-1.1439514E-2,-1.5559448E0,1.2775549E0,-2.525495E-1,-6.821836E-1,6.840065E-1,2.1226482E-1,-8.1481986E-2,-1.4213753E-2,1.5886117E-2,7.755776E-2],"categories":[],"categories_nodes":[],"categories_segments":[],"categories_sizes":[],"default_left":[0,0,0,0,0,0,0,0,0,0,0],"id":28,"left_children":[1,3,5,-1,7,9,-1,-1,-1,-1,-1],"loss_changes":[2.1896393E1,2.5129242E0,1.5577173E0,0E0,1.707021E-1,1.1723137E-1,0E0,0E0,0E0,0E0,0E0],"parents":[2147483647,0,0,1,1,2,2,4,4,5,5],"right_children":[2,4,6,-1,8,10,-1,-1,-1,-1,-1],"split_conditions":[5.0702965E-1,9.805462E-2,1E0,-2.525495E-1,3.9765164E-1,6.1109036E-1,2.1226482E-1,-8.1481986E-2,-1.4213753E-2,1.5886117E-2,7.755776E-2],"split_indices":[0,0,0,0,0,0,0,0,0,0,0],"split_type":[0,0,0,0,0,0,0,0,0,0,0],"sum_hessian":[9E0,4E0,5E0,1E0,3E0,4E0,1E0,2E0,1E0,1E0,3E0],"tree_param":{"num_deleted":"0","num_feature":"2","num_nodes":"11","size_leaf_vector":"1"}},{"base_weights":[-1.4549303E-2,-1.4699994E0,1.2007507E0,-2.39922E-1,-6.3788927E-1,6.342945E-1,2.0165157E-1,-7.604986E-2,-1.3503075E-2,1.5091801E-2,7.174092E-2],"categories":[],"categories_nodes":[],"categories_segments":[],"categories_sizes":[],"default_left":[0,0,0,0,0,0,0,0,0,0,0],"id":29,"left_children":[1,3,5,-1,7,9,-1,-1,-1,-1,-1],"loss_changes":[1.9453186E1,2.3356333E0,1.4935064E0,0E0,1.4392972E-1,9.260821E-2,0E0,0E0,0E0,0E0,0E0],"parents":[2147483647,0,0,1,1,2,2,4,4,5,5],"right_children":[2,4,6,-1,8,10,-1,-1,-1,-1,-1],"split_conditions":[5.0702965E-1,9.805462E-2,1E0,-2.39922E-1,3.9765164E-1,6.1109036E-1,2.0165157E-1,-7.604986E-2,-1.3503075E-2,1.5091801E-2,7.174092E-2],"split_indices":[0,0,0,0,0,0,0,0,0,0,0],"split_type":[0,0,0,0,0,0,0,0,0,0,0],"sum_hessian":[9E0,4E0,5E0,1E0,3E0,4E0,1E0,2E0,1E0,1E0,3E0],"tree_param":{"num_deleted":"0","num_feature":"2","num_nodes":"11","size_leaf_vector":"1"}},{"base_weights":[-1.7193222E-2,-1.3888943E0,1.1287565E0,-2.279259E-1,-5.9648836E-1,5.8823204E-1,1.9156896E-1,-7.097986E-2,-1.2827873E-2,1.4337254E-2,6.636038E-2],"categories":[],"categories_nodes":[],"categories_segments":[],"categories_sizes":[],"default_left":[0,0,0,0,0,0,0,0,0,0,0],"id":30,"left_children":[1,3,5,-1,7,9,-1,-1,-1,-1,-1],"loss_changes":[1.7286728E1,2.1681004E0,1.4252687E0,0E0,1.2115967E-1,7.2506666E-2,0E0,0E0,0E0,0E0,0E0],"parents":[2147483647,0,0,1,1,2,2,4,4,5,5],"right_children":[2,4,6,-1,8,10,-1,-1,-1,-1,-1],"split_conditions":[5.0702965E-1,9.805462E-2,1E0,-2.279259E-1,3.9765164E-1,6.1109036E-1,1.9156896E-1,-7.097986E-2,-1.2827873E-2,1.4337254E-2,6.636038E-2],"split_indices":[0,0,0,0,0,0,0,0,0,0,0],"split_type":[0,0,0,0,0,0,0,0,0,0,0],"sum_hessian":[9E0,4E0,5E0,1E0,3E0,4E0,1E0,2E0,1E0,1E0,3E0],"tree_param":{"num_deleted":"0","num_feature":"2","num_nodes":"11","size_leaf_vector":"1"}},{"base_weights":[-1.9420672E-2,-1.3123513E0,1.0612583E0,-2.1652961E-1,-5.577911E-1,5.4554826E-1,1.8199043E-1,-6.6247866E-2,-1.2186432E-2,1.3620377E-2,6.1383344E-2],"categories":[],"categories_nodes":[],"categories_segments":[],"categories_sizes":[],"default_left":[0,0,0,0,0,0,0,0,0,0,0],"id":31,"left_children":[1,3,5,-1,7,9,-1,-1,-1,-1,-1],"loss_changes":[1.5365174E1,2.0102081E0,1.3546023E0,0E0,1.0181177E-1,5.615437E-2,0E0,0E0,0E0,0E0,0E0],"parents":[2147483647,0,0,1,1,2,2,4,4,5,5],"right_children":[2,4,6,-1,8,10,-1,-1,-1,-1,-1],"split_conditions":[5.0702965E-1,9.805462E-2,1E0,-2.1652961E-1,3.9765164E-1,6.1109036E-1,1.8199043E-1,-6.6247866E-2,-1.2186432E-2,1.3620377E-2,6.1383344E-2],"split_indices":[0,0,0,0,0,0,0,0,0,0,0],"split_type":[0,0,0,0,0,0,0,0,0,0,0],"sum_hessian":[9E0,4E0,5E0,1E0,3E0,4E0,1E0,2E0,1E0,1E0,3E0],"tree_param":{"num_deleted":"0","num_feature":"2","num_nodes":"11","size_leaf_vector":"1"}},{"base_weights":[-2.1275759E-2,-1.240109E0,9.9796456E-1,-2.0570312E-1,-5.2162063E-1,5.05994E-1,1.7289086E-1,-6.1831333E-2,-1.1577129E-2,1.2939358E-2,5.6779575E-2],"categories":[],"categories_nodes":[],"categories_segments":[],"categories_sizes":[],"default_left":[0,0,0,0,0,0,0,0,0,0,0],"id":32,"left_children":[1,3,5,-1,7,9,-1,-1,-1,-1,-1],"loss_changes":[1.3660424E1,1.8617554E0,1.2828002E0,0E0,8.538771E-2,4.290366E-2,0E0,0E0,0E0,0E0,0E0],"parents":[2147483647,0,0,1,1,2,2,4,4,5,5],"right_children":[2,4,6,-1,8,10,-1,-1,-1,-1,-1],"split_conditions":[5.0702965E-1,9.805462E-2,1E0,-2.0570312E-1,3.9765164E-1,6.1109036E-1,1.7289086E-1,-6.1831333E-2,-1.1577129E-2,1.2939358E-2,5.6779575E-2],"split_indices":[0,0,0,0,0,0,0,0,0,0,0],"split_type":[0,0,0,0,0,0,0,0,0,0,0],"sum_hessian":[9E0,4E0,5E0,1E0,3E0,4E0,1E0,2E0,1E0,1E0,3E0],"tree_param":{"num_deleted":"0","num_feature":"2","num_nodes":"11","size_leaf_vector":"1"}},{"base_weights":[-2.2798086E-2,-1.1719203E0,9.386034E-1,-1.9541797E-1,-4.878105E-1,4.693386E-1,1.6424637E-1,-5.7709236E-2,-1.0998249E-2,1.2292385E-2,5.2521136E-2],"categories":[],"categories_nodes":[],"categories_segments":[],"categories_sizes":[],"default_left":[0,0,0,0,0,0,0,0,0,0,0],"id":33,"left_children":[1,3,5,-1,7,9,-1,-1,-1,-1,-1],"loss_changes":[1.2147646E1,1.7224874E0,1.2109094E0,0E0,7.146269E-2,3.221476E-2,0E0,0E0,0E0,0E0,0E0],"parents":[2147483647,0,0,1,1,2,2,4,4,5,5],"right_children":[2,4,6,-1,8,10,-1,-1,-1,-1,-1],"split_conditions":[5.0702965E-1,9.805462E-2,1E0,-1.9541797E-1,3.9765164E-1,6.1109036E-1,1.6424637E-1,-5.7709236E-2,-1.0998249E-2,1.2292385E-2,5.2521136E-2],"split_indices":[0,0,0,0,0,0,0,0,0,0,0],"split_type":[0,0,0,0,0,0,0,0,0,0,0],"sum_hessian":[9E0,4E0,5E0,1E0,3E0,4E0,1E0,2E0,1E0,1E0,3E0],"tree_param":{"num_deleted":"0","num_feature":"2","num_nodes":"11","size_leaf_vector":"1"}},{"base_weights":[-2.40247E-2,-1.1075534E0,8.8291997E-1,-1.8564707E-1,-4.5620632E-1,4.3536758E-1,1.560341E-1,-5.3861935E-2,-1.0448361E-2,1.1677742E-2,4.8582077E-2],"categories":[],"categories_nodes":[],"categories_segments":[],"categories_sizes":[],"default_left":[0,0,0,0,0,0,0,0,0,0,0],"id":34,"left_children":[1,3,5,-1,7,9,-1,-1,-1,-1,-1],"loss_changes":[1.0804886E1,1.5920911E0,1.1397667E0,0E0,5.9669316E-2,2.363658E-2,0E0,0E0,0E0,0E0,0E0],"parents":[2147483647,0,0,1,1,2,2,4,4,5,5],"right_children":[2,4,6,-1,8,10,-1,-1,-1,-1,-1],"split_conditions":[5.0702965E-1,9.805462E-2,1E0,-1.8564707E-1,3.9765164E-1,6.1109036E-1,1.560341E-1,-5.3861935E-2,-1.0448361E-2,1.1677742E-2,4.8582077E-2],"split_indices":[0,0,0,0,0,0,0,0,0,0,0],"split_type":[0,0,0,0,0,0,0,0,0,0,0],"sum_hessian":[9E0,4E0,5E0,1E0,3E0,4E0,1E0,2E0,1E0,1E0,3E0],"tree_param":{"num_deleted":"0","num_feature":"2","num_nodes":"11","size_leaf_vector":"1"}},{"base_weights":[-2.498815E-2,-1.0467895E0,8.306777E-1,-1.7636472E-1,-4.2666328E-1,4.0388337E-1,1.4823246E-1,-5.027115E-2,-9.925938E-3,1.1093902E-2,4.493847E-2],"categories":[],"categories_nodes":[],"categories_segments":[],"categories_sizes":[],"default_left":[0,0,0,0,0,0,0,0,0,0,0],"id":35,"left_children":[1,3,5,-1,7,9,-1,-1,-1,-1,-1],"loss_changes":[9.61275E0,1.4702277E0,1.0700288E0,0E0,4.9695134E-2,1.6792476E-2,0E0,0E0,0E0,0E0,0E0],"parents":[2147483647,0,0,1,1,2,2,4,4,5,5],"right_children":[2,4,6,-1,8,10,-1,-1,-1,-1,-1],"split_conditions":[5.0702965E-1,9.805462E-2,1E0,-1.7636472E-1,3.9765164E-1,6.1109036E-1,1.4823246E-1,-5.027115E-2,-9.925938E-3,1.1093902E-2,4.493847E-2],"split_indices":[0,0,0,0,0,0,0,0,0,0,0],"split_type":[0,0,0,0,0,0,0,0,0,0,0],"sum_hessian":[9E0,4E0,5E0,1E0,3E0,4E0,1E0,2E0,1E0,1E0,3E0],"tree_param":{"num_deleted":"0","num_feature":"2","num_nodes":"11","size_leaf_vector":"1"}},{"base_weights":[-2.5718879E-2,-9.89423E-1,7.8165436E-1,-1.675465E-1,-3.990463E-1,3.7470168E-1,1.4082089E-1,-4.6919744E-2,-9.429646E-3,1.0539246E-2,4.156809E-2],"categories":[],"categories_nodes":[],"categories_segments":[],"categories_sizes":[],"default_left":[0,0,0,0,0,0,0,0,0,0,0],"id":36,"left_children":[1,3,5,-1,7,9,-1,-1,-1,-1,-1],"loss_changes":[8.554075E0,1.3565278E0,1.0022097E0,0E0,4.1270554E-2,1.1370778E-2,0E0,0E0,0E0,0E0,0E0],"parents":[2147483647,0,0,1,1,2,2,4,4,5,5],"right_children":[2,4,6,-1,8,10,-1,-1,-1,-1,-1],"split_conditions":[5.0702965E-1,9.805462E-2,1E0,-1.675465E-1,3.9765164E-1,6.1109036E-1,1.4082089E-1,-4.6919744E-2,-9.429646E-3,1.0539246E-2,4.156809E-2],"split_indices":[0,0,0,0,0,0,0,0,0,0,0],"split_type":[0,0,0,0,0,0,0,0,0,0,0],"sum_hessian":[9E0,4E0,5E0,1E0,3E0,4E0,1E0,2E0,1E0,1E0,3E0],"tree_param":{"num_deleted":"0","num_feature":"2","num_nodes":"11","size_leaf_vector":"1"}},{"base_weights":[-2.6243854E-2,-9.3525976E-1,7.356434E-1,-1.5916917E-1,-3.732289E-1,3.4765244E-1,1.3377991E-1,-4.3791756E-2,-8.958149E-3,1.0012246E-2,3.845043E-2],"categories":[],"categories_nodes":[],"categories_segments":[],"categories_sizes":[],"default_left":[0,0,0,0,0,0,0,0,0,0,0],"id":37,"left_children":[1,3,5,-1,7,9,-1,-1,-1,-1,-1],"loss_changes":[7.613694E0,1.2506094E0,9.3669677E-1,0E0,3.416574E-2,7.112205E-3,0E0,0E0,0E0,0E0,0E0],"parents":[2147483647,0,0,1,1,2,2,4,4,5,5],"right_children":[2,4,6,-1,8,10,-1,-1,-1,-1,-1],"split_conditions":[5.0702965E-1,9.805462E-2,1E0,-1.5916917E-1,3.9765164E-1,6.1109036E-1,1.3377991E-1,-4.3791756E-2,-8.958149E-3,1.0012246E-2,3.845043E-2],"split_indices":[0,0,0,0,0,0,0,0,0,0,0],"split_type":[0,0,0,0,0,0,0,0,0,0,0],"sum_hessian":[9E0,4E0,5E0,1E0,3E0,4E0,1E0,2E0,1E0,1E0,3E0],"tree_param":{"num_deleted":"0","num_feature":"2","num_nodes":"11","size_leaf_vector":"1"}},{"base_weights":[-2.6587272E-2,-8.841175E-1,6.9245243E-1,-1.5121071E-1,-3.4909332E-1,3.2257956E-1,1.2709084E-1,-4.0872302E-2,-8.510209E-3,9.511662E-3,3.5566617E-2],"categories":[],"categories_nodes":[],"categories_segments":[],"categories_sizes":[],"default_left":[0,0,0,0,0,0,0,0,0,0,0],"id":38,"left_children":[1,3,5,-1,7,9,-1,-1,-1,-1,-1],"loss_changes":[6.778192E0,1.1520813E0,8.737614E-1,0E0,2.8183669E-2,3.8001537E-3,0E0,0E0,0E0,0E0,0E0],"parents":[2147483647,0,0,1,1,2,2,4,4,5,5],"right_children":[2,4,6,-1,8,10,-1,-1,-1,-1,-1],"split_conditions":[5.0702965E-1,9.805462E-2,1E0,-1.5121071E-1,3.9765164E-1,6.1109036E-1,1.2709084E-1,-4.0872302E-2,-8.510209E-3,9.511662E-3,3.5566617E-2],"split_indices":[0,0,0,0,0,0,0,0,0,0,0],"split_type":[0,0,0,0,0,0,0,0,0,0,0],"sum_hessian":[9E0,4E0,5E0,1E0,3E0,4E0,1E0,2E0,1E0,1E0,3E0],"tree_param":{"num_deleted":"0","num_feature":"2","num_nodes":"11","size_leaf_vector":"1"}},{"base_weights":[-2.6770998E-2,-1.0043569E0,5.35674E-1,-1.4365016E-1,-3.8147483E-2,1.3702774E-1,1.0215264E-1,-8.084679E-3,2.1170808E-2],"categories":[],"categories_nodes":[],"categories_segments":[],"categories_sizes":[],"default_left":[0,0,0,0,0,0,0,0,0],"id":39,"left_children":[1,3,5,-1,-1,7,-1,-1,-1],"loss_changes":[6.0363903E0,5.287118E-1,1.215805E0,0E0,0E0,9.847061E-2,0E0,0E0,0E0],"parents":[2147483647,0,0,1,1,2,2,5,5],"right_children":[2,4,6,-1,-1,8,-1,-1,-1],"split_conditions":[3.9765164E-1,9.805462E-2,9.1014665E-1,-1.4365016E-1,-3.8147483E-2,5.0702965E-1,1.0215264E-1,-8.084679E-3,2.1170808E-2],"split_indices":[0,0,0,0,0,0,0,0,0],"split_type":[0,0,0,0,0,0,0,0,0],"sum_hessian":[9E0,3E0,6E0,1E0,2E0,4E0,2E0,1E0,3E0],"tree_param":{"num_deleted":"0","num_feature":"2","num_nodes":"9","size_leaf_vector":"1"}},{"base_weights":[-3.0750155E-2,-9.4937056E-1,4.9856868E-1,-1.3646767E-1,-3.56043E-2,1.962347E-1,1.1562862E-1,-7.680416E-3,2.662033E-1,7.977486E-3,2.9286671E-2],"categories":[],"categories_nodes":[],"categories_segments":[],"categories_sizes":[],"default_left":[0,0,0,0,0,0,0,0,0,0,0],"id":40,"left_children":[1,3,5,-1,-1,7,-1,-1,9,-1,-1],"loss_changes":[5.3357573E0,4.9976635E-1,1.1650491E0,0E0,0E0,1.3507041E-1,0E0,0E0,1.4906824E-3,0E0,0E0],"parents":[2147483647,0,0,1,1,2,2,5,5,8,8],"right_children":[2,4,6,-1,-1,8,-1,-1,10,-1,-1],"split_conditions":[3.9765164E-1,9.805462E-2,1E0,-1.3646767E-1,-3.56043E-2,5.0702965E-1,1.1562862E-1,-7.680416E-3,6.1109036E-1,7.977486E-3,2.9286671E-2],"split_indices":[0,0,0,0,0,0,0,0,0,0,0],"split_type":[0,0,0,0,0,0,0,0,0,0,0],"sum_hessian":[9E0,3E0,6E0,1E0,2E0,5E0,1E0,1E0,4E0,1E0,3E0],"tree_param":{"num_deleted":"0","num_feature":"2","num_nodes":"11","size_leaf_vector":"1"}},{"base_weights":[-3.0360794E-2,-8.974514E-1,4.6945682E-1,-1.2964427E-1,-3.3230674E-2,1.8154208E-1,1.0984726E-1,-7.2963717E-3,2.4703598E-2],"categories":[],"categories_nodes":[],"categories_segments":[],"categories_sizes":[],"default_left":[0,0,0,0,0,0,0,0,0],"id":41,"left_children":[1,3,5,-1,-1,7,-1,-1,-1],"loss_changes":[4.755186E0,4.711349E-1,1.0683013E0,0E0,0E0,1.18036136E-1,0E0,0E0,0E0],"parents":[2147483647,0,0,1,1,2,2,5,5],"right_children":[2,4,6,-1,-1,8,-1,-1,-1],"split_conditions":[3.9765164E-1,9.805462E-2,1E0,-1.2964427E-1,-3.3230674E-2,5.0702965E-1,1.0984726E-1,-7.2963717E-3,2.4703598E-2],"split_indices":[0,0,0,0,0,0,0,0,0],"split_type":[0,0,0,0,0,0,0,0,0],"sum_hessian":[9E0,3E0,6E0,1E0,2E0,5E0,1E0,1E0,4E0],"tree_param":{"num_deleted":"0","num_feature":"2","num_nodes":"9","size_leaf_vector":"1"}},{"base_weights":[-3.0887032E-2,-8.484249E-1,4.406899E-1,-1.2316205E-1,-3.1015286E-2,1.6628869E-1,1.0435486E-1,-6.9315913E-3,2.272728E-1,9.733391E-3,2.8145408E-2],"categories":[],"categories_nodes":[],"categories_segments":[],"categories_sizes":[],"default_left":[0,0,0,0,0,0,0,0,0,0,0],"id":42,"left_children":[1,3,5,-1,-1,7,-1,-1,9,-1,-1],"loss_changes":[4.2292123E0,4.430635E-1,9.844458E-1,0E0,0E0,1.0196243E-1,0E0,0E0,7.8062713E-3,0E0,0E0],"parents":[2147483647,0,0,1,1,2,2,5,5,8,8],"right_children":[2,4,6,-1,-1,8,-1,-1,10,-1,-1],"split_conditions":[3.9765164E-1,9.805462E-2,1E0,-1.2316205E-1,-3.1015286E-2,5.0702965E-1,1.0435486E-1,-6.9315913E-3,7.082051E-1,9.733391E-3,2.8145408E-2],"split_indices":[0,0,0,0,0,0,0,0,0,0,0],"split_type":[0,0,0,0,0,0,0,0,0,0,0],"sum_hessian":[9E0,3E0,6E0,1E0,2E0,5E0,1E0,1E0,4E0,2E0,2E0],"tree_param":{"num_deleted":"0","num_feature":"2","num_nodes":"11","size_leaf_vector":"1"}},{"base_weights":[-2.9685711E-2,-9.883055E-1,3.3350742E-1,-1.17003955E-1,-3.124187E-2,9.790243E-2,9.913712E-2,-1.2509696E-2,2.1212158E-1,9.084511E-3,2.6269088E-2],"categories":[],"categories_nodes":[],"categories_segments":[],"categories_sizes":[],"default_left":[0,0,0,0,0,0,0,0,0,0,0],"id":43,"left_children":[1,3,5,-1,-1,7,-1,-1,9,-1,-1],"loss_changes":[3.8112483E0,2.952814E-3,1.1429101E0,0E0,0E0,2.0483136E-1,0E0,0E0,6.800145E-3,0E0,0E0],"parents":[2147483647,0,0,1,1,2,2,5,5,8,8],"right_children":[2,4,6,-1,-1,8,-1,-1,10,-1,-1],"split_conditions":[2.0249514E-1,9.805462E-2,1E0,-1.17003955E-1,-3.124187E-2,5.0702965E-1,9.913712E-2,-1.2509696E-2,7.082051E-1,9.084511E-3,2.6269088E-2],"split_indices":[0,0,0,0,0,0,0,0,0,0,0],"split_type":[0,0,0,0,0,0,0,0,0,0,0],"sum_hessian":[9E0,2E0,7E0,1E0,1E0,6E0,1E0,2E0,4E0,2E0,2E0],"tree_param":{"num_deleted":"0","num_feature":"2","num_nodes":"11","size_leaf_vector":"1"}},{"base_weights":[-2.9343534E-2,-9.388902E-1,3.1540442E-1,-1.1115376E-1,-2.9679775E-2,9.137563E-2,9.41803E-2,-1.1675707E-2,1.9798012E-1,8.478864E-3,2.4517823E-2],"categories":[],"categories_nodes":[],"categories_segments":[],"categories_sizes":[],"default_left":[0,0,0,0,0,0,0,0,0,0,0],"id":44,"left_children":[1,3,5,-1,-1,7,-1,-1,9,-1,-1],"loss_changes":[3.4317737E0,2.6648045E-3,1.0365927E0,0E0,0E0,1.7843075E-1,0E0,0E0,5.9237927E-3,0E0,0E0],"parents":[2147483647,0,0,1,1,2,2,5,5,8,8],"right_children":[2,4,6,-1,-1,8,-1,-1,10,-1,-1],"split_conditions":[2.0249514E-1,9.805462E-2,1E0,-1.1115376E-1,-2.9679775E-2,5.0702965E-1,9.41803E-2,-1.1675707E-2,7.082051E-1,8.478864E-3,2.4517823E-2],"split_indices":[0,0,0,0,0,0,0,0,0,0,0],"split_type":[0,0,0,0,0,0,0,0,0,0,0],"sum_hessian":[9E0,2E0,7E0,1E0,1E0,6E0,1E0,2E0,4E0,2E0,2E0],"tree_param":{"num_deleted":"0","num_feature":"2","num_nodes":"11","size_leaf_vector":"1"}},{"base_weights":[-2.8942252E-2,-8.9194566E-1,2.9830182E-1,-1.05596066E-1,-2.8195787E-2,8.528423E-2,8.947124E-2,-1.08973505E-2,1.8478203E-1,7.913653E-3,2.2883352E-2],"categories":[],"categories_nodes":[],"categories_segments":[],"categories_sizes":[],"default_left":[0,0,0,0,0,0,0,0,0,0,0],"id":45,"left_children":[1,3,5,-1,-1,7,-1,-1,9,-1,-1],"loss_changes":[3.0901966E0,2.4049282E-3,9.400627E-1,0E0,0E0,1.5543383E-1,0E0,0E0,5.160138E-3,0E0,0E0],"parents":[2147483647,0,0,1,1,2,2,5,5,8,8],"right_children":[2,4,6,-1,-1,8,-1,-1,10,-1,-1],"split_conditions":[2.0249514E-1,9.805462E-2,1E0,-1.05596066E-1,-2.8195787E-2,5.0702965E-1,8.947124E-2,-1.08973505E-2,7.082051E-1,7.913653E-3,2.2883352E-2],"split_indices":[0,0,0,0,0,0,0,0,0,0,0],"split_type":[0,0,0,0,0,0,0,0,0,0,0],"sum_hessian":[9E0,2E0,7E0,1E0,1E0,6E0,1E0,2E0,4E0,2E0,2E0],"tree_param":{"num_deleted":"0","num_feature":"2","num_nodes":"11","size_leaf_vector":"1"}},{"base_weights":[-2.8490018E-2,-8.473484E-1,2.8214312E-1,-1.00316264E-1,-2.6785994E-2,7.959856E-2,8.499775E-2,-1.0170873E-2,1.7246322E-1,7.3860805E-3,2.1357791E-2],"categories":[],"categories_nodes":[],"categories_segments":[],"categories_sizes":[],"default_left":[0,0,0,0,0,0,0,0,0,0,0],"id":46,"left_children":[1,3,5,-1,-1,7,-1,-1,9,-1,-1],"loss_changes":[2.782719E0,2.1708012E-3,8.524371E-1,0E0,0E0,1.354003E-1,0E0,0E0,4.494995E-3,0E0,0E0],"parents":[2147483647,0,0,1,1,2,2,5,5,8,8],"right_children":[2,4,6,-1,-1,8,-1,-1,10,-1,-1],"split_conditions":[2.0249514E-1,9.805462E-2,1E0,-1.00316264E-1,-2.6785994E-2,5.0702965E-1,8.499775E-2,-1.0170873E-2,7.082051E-1,7.3860805E-3,2.1357791E-2],"split_indices":[0,0,0,0,0,0,0,0,0,0,0],"split_type":[0,0,0,0,0,0,0,0,0,0,0],"sum_hessian":[9E0,2E0,7E0,1E0,1E0,6E0,1E0,2E0,4E0,2E0,2E0],"tree_param":{"num_deleted":"0","num_feature":"2","num_nodes":"11","size_leaf_vector":"1"}},{"base_weights":[-2.799437E-2,-8.04981E-1,2.668749E-1,-9.530045E-2,-2.5446702E-2,7.429191E-2,8.07478E-2,-9.4928425E-3,1.6096573E-1,6.8937303E-3,1.9933892E-2],"categories":[],"categories_nodes":[],"categories_segments":[],"categories_sizes":[],"default_left":[0,0,0,0,0,0,0,0,0,0,0],"id":47,"left_children":[1,3,5,-1,-1,7,-1,-1,9,-1,-1],"loss_changes":[2.5059242E0,1.958847E-3,7.7289855E-1,0E0,0E0,1.1794904E-1,0E0,0E0,3.9152354E-3,0E0,0E0],"parents":[2147483647,0,0,1,1,2,2,5,5,8,8],"right_children":[2,4,6,-1,-1,8,-1,-1,10,-1,-1],"split_conditions":[2.0249514E-1,9.805462E-2,1E0,-9.530045E-2,-2.5446702E-2,5.0702965E-1,8.07478E-2,-9.4928425E-3,7.082051E-1,6.8937303E-3,1.9933892E-2],"split_indices":[0,0,0,0,0,0,0,0,0,0,0],"split_type":[0,0,0,0,0,0,0,0,0,0,0],"sum_hessian":[9E0,2E0,7E0,1E0,1E0,6E0,1E0,2E0,4E0,2E0,2E0],"tree_param":{"num_deleted":"0","num_feature":"2","num_nodes":"11","size_leaf_vector":"1"}},{"base_weights":[-2.7461577E-2,-7.647319E-1,2.524475E-1,-9.0535425E-2,-2.4174357E-2,6.9339074E-2,7.671032E-2,-8.859984E-3,1.5023461E-1,3.8690567E-3,1.6844798E-2],"categories":[],"categories_nodes":[],"categories_segments":[],"categories_sizes":[],"default_left":[0,0,0,0,0,0,0,0,0,0,0],"id":48,"left_children":[1,3,5,-1,-1,7,-1,-1,9,-1,-1],"loss_changes":[2.256741E0,1.767993E-3,7.007122E-1,0E0,0E0,1.02746636E-1,0E0,0E0,3.6406144E-3,0E0,0E0],"parents":[2147483647,0,0,1,1,2,2,5,5,8,8],"right_children":[2,4,6,-1,-1,8,-1,-1,10,-1,-1],"split_conditions":[2.0249514E-1,9.805462E-2,1E0,-9.0535425E-2,-2.4174357E-2,5.0702965E-1,7.671032E-2,-8.859984E-3,6.1109036E-1,3.8690567E-3,1.6844798E-2],"split_indices":[0,0,0,0,0,0,0,0,0,0,0],"split_type":[0,0,0,0,0,0,0,0,0,0,0],"sum_hessian":[9E0,2E0,7E0,1E0,1E0,6E0,1E0,2E0,4E0,1E0,3E0],"tree_param":{"num_deleted":"0","num_feature":"2","num_nodes":"11","size_leaf_vector":"1"}},{"base_weights":[-2.7330184E-2,-7.264953E-1,2.3827302E-1,-8.600866E-2,-2.2965645E-2,6.4098224E-2,7.287484E-2,-8.269343E-3,1.3935356E-1,5.743726E-3,1.748187E-2],"categories":[],"categories_nodes":[],"categories_segments":[],"categories_sizes":[],"default_left":[0,0,0,0,0,0,0,0,0,0,0],"id":49,"left_children":[1,3,5,-1,-1,7,-1,-1,9,-1,-1],"loss_changes":[2.0301092E0,1.5954971E-3,6.36716E-1,0E0,0E0,8.88516E-2,0E0,0E0,4.4847503E-3,0E0,0E0],"parents":[2147483647,0,0,1,1,2,2,5,5,8,8],"right_children":[2,4,6,-1,-1,8,-1,-1,10,-1,-1],"split_conditions":[2.0249514E-1,9.805462E-2,1E0,-8.600866E-2,-2.2965645E-2,5.0702965E-1,7.287484E-2,-8.269343E-3,7.082051E-1,5.743726E-3,1.748187E-2],"split_indices":[0,0,0,0,0,0,0,0,0,0,0],"split_type":[0,0,0,0,0,0,0,0,0,0,0],"sum_hessian":[9E0,2E0,7E0,1E0,1E0,6E0,1E0,2E0,4E0,2E0,2E0],"tree_param":{"num_deleted":"0","num_feature":"2","num_nodes":"11","size_leaf_vector":"1"}},{"base_weights":[-2.6711572E-2,-6.9017065E-1,2.2542453E-1,-8.170822E-2,-2.1817375E-2,5.982508E-2,6.923103E-2,-7.718023E-3,1.3006325E-1,5.360858E-3,1.631635E-2],"categories":[],"categories_nodes":[],"categories_segments":[],"categories_sizes":[],"default_left":[0,0,0,0,0,0,0,0,0,0,0],"id":50,"left_children":[1,3,5,-1,-1,7,-1,-1,9,-1,-1],"loss_changes":[1.8284013E0,1.4396906E-3,5.7711065E-1,0E0,0E0,7.739931E-2,0E0,0E0,3.906384E-3,0E0,0E0],"parents":[2147483647,0,0,1,1,2,2,5,5,8,8],"right_children":[2,4,6,-1,-1,8,-1,-1,10,-1,-1],"split_conditions":[2.0249514E-1,9.805462E-2,1E0,-8.170822E-2,-2.1817375E-2,5.0702965E-1,6.923103E-2,-7.718023E-3,7.082051E-1,5.360858E-3,1.631635E-2],"split_indices":[0,0,0,0,0,0,0,0,0,0,0],"split_type":[0,0,0,0,0,0,0,0,0,0,0],"sum_hessian":[9E0,2E0,7E0,1E0,1E0,6E0,1E0,2E0,4E0,2E0,2E0],"tree_param":{"num_deleted":"0","num_feature":"2","num_nodes":"11","size_leaf_vector":"1"}},{"base_weights":[-2.6073825E-2,-6.556622E-1,2.1328104E-1,-7.7622816E-2,-2.0726515E-2,5.5836678E-2,6.5769576E-2,-7.2035156E-3,1.21392444E-1,5.0034206E-3,1.5228653E-2],"categories":[],"categories_nodes":[],"categories_segments":[],"categories_sizes":[],"default_left":[0,0,0,0,0,0,0,0,0,0,0],"id":51,"left_children":[1,3,5,-1,-1,7,-1,-1,9,-1,-1],"loss_changes":[1.6467907E0,1.299262E-3,5.230411E-1,0E0,0E0,6.742367E-2,0E0,0E0,3.4032017E-3,0E0,0E0],"parents":[2147483647,0,0,1,1,2,2,5,5,8,8],"right_children":[2,4,6,-1,-1,8,-1,-1,10,-1,-1],"split_conditions":[2.0249514E-1,9.805462E-2,1E0,-7.7622816E-2,-2.0726515E-2,5.0702965E-1,6.5769576E-2,-7.2035156E-3,7.082051E-1,5.0034206E-3,1.5228653E-2],"split_indices":[0,0,0,0,0,0,0,0,0,0,0],"split_type":[0,0,0,0,0,0,0,0,0,0,0],"sum_hessian":[9E0,2E0,7E0,1E0,1E0,6E0,1E0,2E0,4E0,2E0,2E0],"tree_param":{"num_deleted":"0","num_feature":"2","num_nodes":"11","size_leaf_vector":"1"}},{"base_weights":[-2.5421333E-2,-6.22879E-1,2.0180297E-1,-7.3741674E-2,-1.969018E-2,5.2114487E-2,6.2481117E-2,-6.723277E-3,1.1329994E-1,4.669889E-3,1.4213435E-2],"categories":[],"categories_nodes":[],"categories_segments":[],"categories_sizes":[],"default_left":[0,0,0,0,0,0,0,0,0,0,0],"id":52,"left_children":[1,3,5,-1,-1,7,-1,-1,9,-1,-1],"loss_changes":[1.4832679E0,1.1726618E-3,4.7399393E-1,0E0,0E0,5.873368E-2,0E0,0E0,2.9644966E-3,0E0,0E0],"parents":[2147483647,0,0,1,1,2,2,5,5,8,8],"right_children":[2,4,6,-1,-1,8,-1,-1,10,-1,-1],"split_conditions":[2.0249514E-1,9.805462E-2,1E0,-7.3741674E-2,-1.969018E-2,5.0702965E-1,6.2481117E-2,-6.723277E-3,7.082051E-1,4.669889E-3,1.4213435E-2],"split_indices":[0,0,0,0,0,0,0,0,0,0,0],"split_type":[0,0,0,0,0,0,0,0,0,0,0],"sum_hessian":[9E0,2E0,7E0,1E0,1E0,6E0,1E0,2E0,4E0,2E0,2E0],"tree_param":{"num_deleted":"0","num_feature":"2","num_nodes":"11","size_leaf_vector":"1"}},{"base_weights":[-2.4758125E-2,-5.917351E-1,1.9095302E-1,-7.005459E-2,-1.870568E-2,4.864039E-2,5.9357073E-2,-6.2750496E-2,1.0574684E-1,-7.5035095E-3,-1.9090653E-3,4.3586097E-3,1.3265865E-2],"categories":[],"categories_nodes":[],"categories_segments":[],"categories_sizes":[],"default_left":[0,0,0,0,0,0,0,0,0,0,0,0,0],"id":53,"left_children":[1,3,5,-1,-1,7,-1,9,11,-1,-1,-1,-1],"loss_changes":[1.3360262E0,1.0582209E-3,4.2950913E-1,0E0,0E0,5.1163636E-2,0E0,1.7656107E-4,2.5822185E-3,0E0,0E0,0E0,0E0],"parents":[2147483647,0,0,1,1,2,2,5,5,7,7,8,8],"right_children":[2,4,6,-1,-1,8,-1,10,12,-1,-1,-1,-1],"split_conditions":[2.0249514E-1,9.805462E-2,1E0,-7.005459E-2,-1.870568E-2,5.0702965E-1,5.9357073E-2,3.9765164E-1,7.082051E-1,-7.5035095E-3,-1.9090653E-3,4.3586097E-3,1.3265865E-2],"split_indices":[0,0,0,0,0,0,0,0,0,0,0,0,0],"split_type":[0,0,0,0,0,0,0,0,0,0,0,0,0],"sum_hessian":[9E0,2E0,7E0,1E0,1E0,6E0,1E0,2E0,4E0,1E0,1E0,2E0,2E0],"tree_param":{"num_deleted":"0","num_feature":"2","num_nodes":"13","size_leaf_vector":"1"}},{"base_weights":[-2.440145E-2,-5.6214833E-1,1.8030381E-1,-6.6551864E-2,-1.7770385E-2,4.4949394E-2,5.638924E-2,-5.961291E-2,9.86969E-2,-7.128334E-3,-1.8136025E-3,4.068057E-3,1.2381426E-2],"categories":[],"categories_nodes":[],"categories_segments":[],"categories_sizes":[],"default_left":[0,0,0,0,0,0,0,0,0,0,0,0,0],"id":54,"left_children":[1,3,5,-1,-1,7,-1,9,11,-1,-1,-1,-1],"loss_changes":[1.2021537E0,9.5522404E-4,3.900166E-1,0E0,0E0,4.5223348E-2,0E0,1.5936326E-4,2.2492483E-3,0E0,0E0,0E0,0E0],"parents":[2147483647,0,0,1,1,2,2,5,5,7,7,8,8],"right_children":[2,4,6,-1,-1,8,-1,10,12,-1,-1,-1,-1],"split_conditions":[2.0249514E-1,9.805462E-2,1E0,-6.6551864E-2,-1.7770385E-2,5.0702965E-1,5.638924E-2,3.9765164E-1,7.082051E-1,-7.128334E-3,-1.8136025E-3,4.068057E-3,1.2381426E-2],"split_indices":[0,0,0,0,0,0,0,0,0,0,0,0,0],"split_type":[0,0,0,0,0,0,0,0,0,0,0,0,0],"sum_hessian":[9E0,2E0,7E0,1E0,1E0,6E0,1E0,2E0,4E0,1E0,1E0,2E0,2E0],"tree_param":{"num_deleted":"0","num_feature":"2","num_nodes":"13","size_leaf_vector":"1"}},{"base_weights":[-2.400384E-2,-5.340409E-1,1.7026055E-1,-6.322427E-2,-1.6881872E-2,4.1526932E-2,5.3569794E-2,-5.6632042E-2,9.211693E-2,-6.7718984E-3,-1.722908E-3,3.796832E-3,1.155599E-2],"categories":[],"categories_nodes":[],"categories_segments":[],"categories_sizes":[],"default_left":[0,0,0,0,0,0,0,0,0,0,0,0,0],"id":55,"left_children":[1,3,5,-1,-1,7,-1,9,11,-1,-1,-1,-1],"loss_changes":[1.0817466E0,8.6194277E-4,3.5410678E-1,0E0,0E0,3.9977804E-2,0E0,1.4383998E-4,1.9594058E-3,0E0,0E0,0E0,0E0],"parents":[2147483647,0,0,1,1,2,2,5,5,7,7,8,8],"right_children":[2,4,6,-1,-1,8,-1,10,12,-1,-1,-1,-1],"split_conditions":[2.0249514E-1,9.805462E-2,1E0,-6.322427E-2,-1.6881872E-2,5.0702965E-1,5.3569794E-2,3.9765164E-1,7.082051E-1,-6.7718984E-3,-1.722908E-3,3.796832E-3,1.155599E-2],"split_indices":[0,0,0,0,0,0,0,0,0,0,0,0,0],"split_type":[0,0,0,0,0,0,0,0,0,0,0,0,0],"sum_hessian":[9E0,2E0,7E0,1E0,1E0,6E0,1E0,2E0,4E0,1E0,1E0,2E0,2E0],"tree_param":{"num_deleted":"0","num_feature":"2","num_nodes":"13","size_leaf_vector":"1"}},{"base_weights":[-2.3571396E-2,-5.073388E-1,1.6078782E-1,-6.0063053E-2,-1.6037775E-2,3.8353782E-2,5.0891306E-2,-5.3800583E-2,8.597565E-2,-6.4332965E-3,-1.6367913E-3,2.0256042E-3,9.734154E-3],"categories":[],"categories_nodes":[],"categories_segments":[],"categories_sizes":[],"default_left":[0,0,0,0,0,0,0,0,0,0,0,0,0],"id":56,"left_children":[1,3,5,-1,-1,7,-1,9,11,-1,-1,-1,-1],"loss_changes":[9.734438E-1,7.779598E-4,3.2146025E-1,0E0,0E0,3.534548E-2,0E0,1.2976862E-4,1.7630532E-3,0E0,0E0,0E0,0E0],"parents":[2147483647,0,0,1,1,2,2,5,5,7,7,8,8],"right_children":[2,4,6,-1,-1,8,-1,10,12,-1,-1,-1,-1],"split_conditions":[2.0249514E-1,9.805462E-2,1E0,-6.0063053E-2,-1.6037775E-2,5.0702965E-1,5.0891306E-2,3.9765164E-1,6.1109036E-1,-6.4332965E-3,-1.6367913E-3,2.0256042E-3,9.734154E-3],"split_indices":[0,0,0,0,0,0,0,0,0,0,0,0,0],"split_type":[0,0,0,0,0,0,0,0,0,0,0,0,0],"sum_hessian":[9E0,2E0,7E0,1E0,1E0,6E0,1E0,2E0,4E0,1E0,1E0,1E0,3E0],"tree_param":{"num_deleted":"0","num_feature":"2","num_nodes":"13","size_leaf_vector":"1"}},{"base_weights":[-2.3366582E-2,-4.8197186E-1,1.5153122E-1,-5.7059903E-2,-1.5235878E-2,3.504508E-2,4.834671E-2,-5.1110584E-2,7.972946E-2,-6.111622E-3,-1.554966E-3,3.1516391E-3,1.0136604E-2],"categories":[],"categories_nodes":[],"categories_segments":[],"categories_sizes":[],"default_left":[0,0,0,0,0,0,0,0,0,0,0,0,0],"id":57,"left_children":[1,3,5,-1,-1,7,-1,9,11,-1,-1,-1,-1],"loss_changes":[8.751243E-1,7.0232153E-4,2.923843E-1,0E0,0E0,3.1023707E-2,0E0,1.1709239E-4,2.0211414E-3,0E0,0E0,0E0,0E0],"parents":[2147483647,0,0,1,1,2,2,5,5,7,7,8,8],"right_children":[2,4,6,-1,-1,8,-1,10,12,-1,-1,-1,-1],"split_conditions":[2.0249514E-1,9.805462E-2,1E0,-5.7059903E-2,-1.5235878E-2,5.0702965E-1,4.834671E-2,3.9765164E-1,7.082051E-1,-6.111622E-3,-1.554966E-3,3.1516391E-3,1.0136604E-2],"split_indices":[0,0,0,0,0,0,0,0,0,0,0,0,0],"split_type":[0,0,0,0,0,0,0,0,0,0,0,0,0],"sum_hessian":[9E0,2E0,7E0,1E0,1E0,6E0,1E0,2E0,4E0,1E0,1E0,2E0,2E0],"tree_param":{"num_deleted":"0","num_feature":"2","num_nodes":"13","size_leaf_vector":"1"}},{"base_weights":[-2.286241E-2,-4.5787326E-1,1.4312446E-1,-5.4206908E-2,-1.4474082E-2,3.2344136E-2,4.592934E-2,-4.8555057E-2,7.441483E-2,-5.806017E-3,-1.4772415E-3,2.9415765E-3,9.460894E-3],"categories":[],"categories_nodes":[],"categories_segments":[],"categories_sizes":[],"default_left":[0,0,0,0,0,0,0,0,0,0,0,0,0],"id":58,"left_children":[1,3,5,-1,-1,7,-1,9,11,-1,-1,-1,-1],"loss_changes":[7.875937E-1,6.338358E-4,2.6534688E-1,0E0,0E0,2.743761E-2,0E0,1.056348E-4,1.7605852E-3,0E0,0E0,0E0,0E0],"parents":[2147483647,0,0,1,1,2,2,5,5,7,7,8,8],"right_children":[2,4,6,-1,-1,8,-1,10,12,-1,-1,-1,-1],"split_conditions":[2.0249514E-1,9.805462E-2,1E0,-5.4206908E-2,-1.4474082E-2,5.0702965E-1,4.592934E-2,3.9765164E-1,7.082051E-1,-5.806017E-3,-1.4772415E-3,2.9415765E-3,9.460894E-3],"split_indices":[0,0,0,0,0,0,0,0,0,0,0,0,0],"split_type":[0,0,0,0,0,0,0,0,0,0,0,0,0],"sum_hessian":[9E0,2E0,7E0,1E0,1E0,6E0,1E0,2E0,4E0,1E0,1E0,2E0,2E0],"tree_param":{"num_deleted":"0","num_feature":"2","num_nodes":"13","size_leaf_vector":"1"}},{"base_weights":[-2.233932E-2,-4.3497968E-1,1.3519323E-1,-5.1496565E-2,-1.3750386E-2,2.9841151E-2,4.363289E-2,-4.6127636E-2,6.945419E-2,-5.5157184E-3,-1.4034271E-3,3.5822869E-3,1.0198975E-2],"categories":[],"categories_nodes":[],"categories_segments":[],"categories_sizes":[],"default_left":[0,0,0,0,0,0,0,0,0,0,0,0,0],"id":59,"left_children":[1,3,5,-1,-1,7,-1,9,11,-1,-1,-1,-1],"loss_changes":[7.088492E-1,5.7190657E-4,2.4078158E-1,0E0,0E0,2.4269244E-2,0E0,9.52743E-5,1.8175021E-3,0E0,0E0,0E0,0E0],"parents":[2147483647,0,0,1,1,2,2,5,5,7,7,8,8],"right_children":[2,4,6,-1,-1,8,-1,10,12,-1,-1,-1,-1],"split_conditions":[2.0249514E-1,9.805462E-2,1E0,-5.1496565E-2,-1.3750386E-2,5.0702965E-1,4.363289E-2,3.9765164E-1,9.1014665E-1,-5.5157184E-3,-1.4034271E-3,3.5822869E-3,1.0198975E-2],"split_indices":[0,0,0,0,0,0,0,0,0,0,0,0,0],"split_type":[0,0,0,0,0,0,0,0,0,0,0,0,0],"sum_hessian":[9E0,2E0,7E0,1E0,1E0,6E0,1E0,2E0,4E0,1E0,1E0,3E0,1E0],"tree_param":{"num_deleted":"0","num_feature":"2","num_nodes":"13","size_leaf_vector":"1"}},{"base_weights":[-2.1580523E-2,-4.1323063E-1,1.2798584E-1,-4.8921738E-2,-1.3062859E-2,2.7837345E-2,4.1451264E-2,-4.382102E-2,6.5264896E-2,-5.239916E-3,-1.3332367E-3,3.3136369E-3,9.68895E-3],"categories":[],"categories_nodes":[],"categories_segments":[],"categories_sizes":[],"default_left":[0,0,0,0,0,0,0,0,0,0,0,0,0],"id":60,"left_children":[1,3,5,-1,-1,7,-1,9,11,-1,-1,-1,-1],"loss_changes":[6.386644E-1,5.162358E-4,2.1802288E-1,0E0,0E0,2.1633951E-2,0E0,8.600298E-5,1.8696915E-3,0E0,0E0,0E0,0E0],"parents":[2147483647,0,0,1,1,2,2,5,5,7,7,8,8],"right_children":[2,4,6,-1,-1,8,-1,10,12,-1,-1,-1,-1],"split_conditions":[2.0249514E-1,9.805462E-2,1E0,-4.8921738E-2,-1.3062859E-2,5.0702965E-1,4.1451264E-2,3.9765164E-1,9.1014665E-1,-5.239916E-3,-1.3332367E-3,3.3136369E-3,9.68895E-3],"split_indices":[0,0,0,0,0,0,0,0,0,0,0,0,0],"split_type":[0,0,0,0,0,0,0,0,0,0,0,0,0],"sum_hessian":[9E0,2E0,7E0,1E0,1E0,6E0,1E0,2E0,4E0,1E0,1E0,3E0,1E0],"tree_param":{"num_deleted":"0","num_feature":"2","num_nodes":"13","size_leaf_vector":"1"}},{"base_weights":[-2.0832682E-2,-3.9256907E-1,1.2117255E-1,-4.647565E-2,-1.2409711E-2,2.597223E-2,3.937874E-2,-4.1630108E-2,6.133919E-2,-4.9779415E-3,-1.2665748E-3,3.065157E-3,9.204484E-3],"categories":[],"categories_nodes":[],"categories_segments":[],"categories_sizes":[],"default_left":[0,0,0,0,0,0,0,0,0,0,0,0,0],"id":61,"left_children":[1,3,5,-1,-1,7,-1,9,11,-1,-1,-1,-1],"loss_changes":[5.754537E-1,4.659593E-4,1.9739662E-1,0E0,0E0,1.928978E-2,0E0,7.7624805E-5,1.8900968E-3,0E0,0E0,0E0,0E0],"parents":[2147483647,0,0,1,1,2,2,5,5,7,7,8,8],"right_children":[2,4,6,-1,-1,8,-1,10,12,-1,-1,-1,-1],"split_conditions":[2.0249514E-1,9.805462E-2,1E0,-4.647565E-2,-1.2409711E-2,5.0702965E-1,3.937874E-2,3.9765164E-1,9.1014665E-1,-4.9779415E-3,-1.2665748E-3,3.065157E-3,9.204484E-3],"split_indices":[0,0,0,0,0,0,0,0,0,0,0,0,0],"split_type":[0,0,0,0,0,0,0,0,0,0,0,0,0],"sum_hessian":[9E0,2E0,7E0,1E0,1E0,6E0,1E0,2E0,4E0,1E0,1E0,3E0,1E0],"tree_param":{"num_deleted":"0","num_feature":"2","num_nodes":"13","size_leaf_vector":"1"}},{"base_weights":[-2.0097613E-2,-3.7294063E-1,1.14730716E-1,-4.415187E-2,-1.1789227E-2,-8.7245303E-4,3.0769348E-1,-3.9548557E-2,2.8352737E-3,8.74424E-3,3.7409782E-2,-4.7290325E-3,-1.203251E-3],"categories":[],"categories_nodes":[],"categories_segments":[],"categories_sizes":[],"default_left":[0,0,0,0,0,0,0,0,0,0,0,0,0],"id":62,"left_children":[1,3,5,-1,-1,7,9,11,-1,-1,-1,-1,-1],"loss_changes":[5.1852006E-1,4.2051077E-4,1.7872527E-1,0E0,0E0,7.903209E-3,1.1164904E-2,7.0047565E-5,0E0,0E0,0E0,0E0,0E0],"parents":[2147483647,0,0,1,1,2,2,5,5,6,6,7,7],"right_children":[2,4,6,-1,-1,8,10,12,-1,-1,-1,-1,-1],"split_conditions":[2.0249514E-1,9.805462E-2,9.1014665E-1,-4.415187E-2,-1.1789227E-2,5.0702965E-1,1E0,3.9765164E-1,2.8352737E-3,8.74424E-3,3.7409782E-2,-4.7290325E-3,-1.203251E-3],"split_indices":[0,0,0,0,0,0,0,0,0,0,0,0,0],"split_type":[0,0,0,0,0,0,0,0,0,0,0,0,0],"sum_hessian":[9E0,2E0,7E0,1E0,1E0,5E0,2E0,2E0,3E0,1E0,1E0,1E0,1E0],"tree_param":{"num_deleted":"0","num_feature":"2","num_nodes":"13","size_leaf_vector":"1"}},{"base_weights":[-1.9375915E-2,-3.5429356E-1,1.08640194E-1,-4.1944277E-2,-1.119976E-2,-1.3008118E-3,2.923088E-1,-3.7570953E-2,2.6226998E-3,8.307076E-3,3.5539247E-2,-4.4925692E-3,-1.143074E-3],"categories":[],"categories_nodes":[],"categories_segments":[],"categories_sizes":[],"default_left":[0,0,0,0,0,0,0,0,0,0,0,0,0],"id":63,"left_children":[1,3,5,-1,-1,7,9,11,-1,-1,-1,-1,-1],"loss_changes":[4.6723905E-1,3.7959218E-4,1.6192195E-1,0E0,0E0,6.9759986E-3,1.0075778E-2,6.322889E-5,0E0,0E0,0E0,0E0,0E0],"parents":[2147483647,0,0,1,1,2,2,5,5,6,6,7,7],"right_children":[2,4,6,-1,-1,8,10,12,-1,-1,-1,-1,-1],"split_conditions":[2.0249514E-1,9.805462E-2,9.1014665E-1,-4.1944277E-2,-1.119976E-2,5.0702965E-1,1E0,3.9765164E-1,2.6226998E-3,8.307076E-3,3.5539247E-2,-4.4925692E-3,-1.143074E-3],"split_indices":[0,0,0,0,0,0,0,0,0,0,0,0,0],"split_type":[0,0,0,0,0,0,0,0,0,0,0,0,0],"sum_hessian":[9E0,2E0,7E0,1E0,1E0,5E0,2E0,2E0,3E0,1E0,1E0,1E0,1E0],"tree_param":{"num_deleted":"0","num_feature":"2","num_nodes":"13","size_leaf_vector":"1"}},{"base_weights":[-1.8669361E-2,-3.3657882E-1,1.0288036E-1,-3.984706E-2,-1.0639763E-2,-1.6729037E-3,2.7769342E-1,-3.569253E-2,2.4260045E-3,7.891655E-3,3.376236E-2,-4.267931E-3,-1.085949E-3],"categories":[],"categories_nodes":[],"categories_segments":[],"categories_sizes":[],"default_left":[0,0,0,0,0,0,0,0,0,0,0,0,0],"id":64,"left_children":[1,3,5,-1,-1,7,9,11,-1,-1,-1,-1,-1],"loss_changes":[4.2104542E-1,3.426671E-4,1.4668277E-1,0E0,0E0,6.1592776E-3,9.094104E-3,5.7033496E-5,0E0,0E0,0E0,0E0,0E0],"parents":[2147483647,0,0,1,1,2,2,5,5,6,6,7,7],"right_children":[2,4,6,-1,-1,8,10,12,-1,-1,-1,-1,-1],"split_conditions":[2.0249514E-1,9.805462E-2,9.1014665E-1,-3.984706E-2,-1.0639763E-2,5.0702965E-1,1E0,3.9765164E-1,2.4260045E-3,7.891655E-3,3.376236E-2,-4.267931E-3,-1.085949E-3],"split_indices":[0,0,0,0,0,0,0,0,0,0,0,0,0],"split_type":[0,0,0,0,0,0,0,0,0,0,0,0,0],"sum_hessian":[9E0,2E0,7E0,1E0,1E0,5E0,2E0,2E0,3E0,1E0,1E0,1E0,1E0],"tree_param":{"num_deleted":"0","num_feature":"2","num_nodes":"13","size_leaf_vector":"1"}},{"base_weights":[-1.7978882E-2,-3.1974992E-1,9.743261E-2,-3.785471E-2,-1.010778E-2,-1.9938152E-3,2.6380792E-1,-3.3908207E-2,2.2440434E-3,7.4970247E-3,3.2074165E-2,-4.0545464E-3,-1.0316849E-3],"categories":[],"categories_nodes":[],"categories_segments":[],"categories_sizes":[],"default_left":[0,0,0,0,0,0,0,0,0,0,0,0,0],"id":65,"left_children":[1,3,5,-1,-1,7,9,11,-1,-1,-1,-1,-1],"loss_changes":[3.7943253E-1,3.091693E-4,1.3286282E-1,0E0,0E0,5.43974E-3,8.207619E-3,5.1444396E-5,0E0,0E0,0E0,0E0,0E0],"parents":[2147483647,0,0,1,1,2,2,5,5,6,6,7,7],"right_children":[2,4,6,-1,-1,8,10,12,-1,-1,-1,-1,-1],"split_conditions":[2.0249514E-1,9.805462E-2,9.1014665E-1,-3.785471E-2,-1.010778E-2,5.0702965E-1,1E0,3.9765164E-1,2.2440434E-3,7.4970247E-3,3.2074165E-2,-4.0545464E-3,-1.0316849E-3],"split_indices":[0,0,0,0,0,0,0,0,0,0,0,0,0],"split_type":[0,0,0,0,0,0,0,0,0,0,0,0,0],"sum_hessian":[9E0,2E0,7E0,1E0,1E0,5E0,2E0,2E0,3E0,1E0,1E0,1E0,1E0],"tree_param":{"num_deleted":"0","num_feature":"2","num_nodes":"13","size_leaf_vector":"1"}},{"base_weights":[-1.7304486E-2,-3.0376235E-1,9.228027E-2,-3.596197E-2,-9.60238E-3,-2.2686322E-3,2.5061798E-1,-3.2212894E-2,2.0756721E-2,7.1222307E-3,3.0470466E-2,-3.8518428E-3,-9.800912E-4,6.153107E-4,2.3573558E-3],"categories":[],"categories_nodes":[],"categories_segments":[],"categories_sizes":[],"default_left":[0,0,0,0,0,0,0,0,0,0,0,0,0,0,0],"id":66,"left_children":[1,3,5,-1,-1,7,9,11,13,-1,-1,-1,-1,-1,-1],"loss_changes":[3.419454E-1,2.7912855E-4,1.2033381E-1,0E0,0E0,4.8054974E-3,7.40698E-3,4.644296E-5,1.949328E-5,0E0,0E0,0E0,0E0,0E0,0E0],"parents":[2147483647,0,0,1,1,2,2,5,5,6,6,7,7,8,8],"right_children":[2,4,6,-1,-1,8,10,12,14,-1,-1,-1,-1,-1,-1],"split_conditions":[2.0249514E-1,9.805462E-2,9.1014665E-1,-3.596197E-2,-9.60238E-3,5.0702965E-1,1E0,3.9765164E-1,6.1109036E-1,7.1222307E-3,3.0470466E-2,-3.8518428E-3,-9.800912E-4,6.153107E-4,2.3573558E-3],"split_indices":[0,0,0,0,0,0,0,0,0,0,0,0,0,0,0],"split_type":[0,0,0,0,0,0,0,0,0,0,0,0,0,0,0],"sum_hessian":[9E0,2E0,7E0,1E0,1E0,5E0,2E0,2E0,3E0,1E0,1E0,1E0,1E0,1E0,2E0],"tree_param":{"num_deleted":"0","num_feature":"2","num_nodes":"15","size_leaf_vector":"1"}},{"base_weights":[-1.6557295E-2,-2.8857416E-1,8.751869E-2,-3.4163874E-2,-9.122252E-3,-2.3517609E-3,2.380867E-1,-3.0602137E-2,1.9423962E-2,6.766129E-3,2.8946877E-2,-3.6592484E-3,-9.310722E-4,5.84507E-4,2.2001902E-3],"categories":[],"categories_nodes":[],"categories_segments":[],"categories_sizes":[],"default_left":[0,0,0,0,0,0,0,0,0,0,0,0,0,0,0],"id":67,"left_children":[1,3,5,-1,-1,7,9,11,13,-1,-1,-1,-1,-1,-1],"loss_changes":[3.083599E-1,2.5199354E-4,1.0881284E-1,0E0,0E0,4.2854487E-3,6.6846013E-3,4.1926512E-5,1.1419645E-5,0E0,0E0,0E0,0E0,0E0,0E0],"parents":[2147483647,0,0,1,1,2,2,5,5,6,6,7,7,8,8],"right_children":[2,4,6,-1,-1,8,10,12,14,-1,-1,-1,-1,-1,-1],"split_conditions":[2.0249514E-1,9.805462E-2,9.1014665E-1,-3.4163874E-2,-9.122252E-3,5.0702965E-1,1E0,3.9765164E-1,6.1109036E-1,6.766129E-3,2.8946877E-2,-3.6592484E-3,-9.310722E-4,5.84507E-4,2.2001902E-3],"split_indices":[0,0,0,0,0,0,0,0,0,0,0,0,0,0,0],"split_type":[0,0,0,0,0,0,0,0,0,0,0,0,0,0,0],"sum_hessian":[9E0,2E0,7E0,1E0,1E0,5E0,2E0,2E0,3E0,1E0,1E0,1E0,1E0,1E0,2E0],"tree_param":{"num_deleted":"0","num_feature":"2","num_nodes":"15","size_leaf_vector":"1"}},{"base_weights":[-1.5839566E-2,-2.741454E-1,8.300507E-2,-3.245568E-2,-8.666134E-3,-2.4177234E-3,2.261823E-1,-2.9072126E-2,1.817751E-2,6.427765E-3,2.749958E-2,-3.476286E-3,-8.845329E-4,5.5532454E-4,2.0534515E-3],"categories":[],"categories_nodes":[],"categories_segments":[],"categories_sizes":[],"default_left":[0,0,0,0,0,0,0,0,0,0,0,0,0,0,0],"id":68,"left_children":[1,3,5,-1,-1,7,9,11,13,-1,-1,-1,-1,-1,-1],"loss_changes":[2.7807692E-1,2.2746623E-4,9.839164E-2,0E0,0E0,3.8221807E-3,6.0333163E-3,3.782683E-5,4.988746E-6,0E0,0E0,0E0,0E0,0E0,0E0],"parents":[2147483647,0,0,1,1,2,2,5,5,6,6,7,7,8,8],"right_children":[2,4,6,-1,-1,8,10,12,14,-1,-1,-1,-1,-1,-1],"split_conditions":[2.0249514E-1,9.805462E-2,9.1014665E-1,-3.245568E-2,-8.666134E-3,5.0702965E-1,1E0,3.9765164E-1,6.1109036E-1,6.427765E-3,2.749958E-2,-3.476286E-3,-8.845329E-4,5.5532454E-4,2.0534515E-3],"split_indices":[0,0,0,0,0,0,0,0,0,0,0,0,0,0,0],"split_type":[0,0,0,0,0,0,0,0,0,0,0,0,0,0,0],"sum_hessian":[9E0,2E0,7E0,1E0,1E0,5E0,2E0,2E0,3E0,1E0,1E0,1E0,1E0,1E0,2E0],"tree_param":{"num_deleted":"0","num_feature":"2","num_nodes":"15","size_leaf_vector":"1"}},{"base_weights":[-1.5150416E-2,-2.6043817E-1,7.872629E-2,-3.0832892E-2,-8.232832E-3,-2.4681091E-3,2.14873E-1,-2.7618408E-2,1.7011643E-3,6.1063766E-3,2.6124572E-2,-3.302479E-3,-8.402825E-4],"categories":[],"categories_nodes":[],"categories_segments":[],"categories_sizes":[],"default_left":[0,0,0,0,0,0,0,0,0,0,0,0,0],"id":69,"left_children":[1,3,5,-1,-1,7,9,11,-1,-1,-1,-1,-1],"loss_changes":[2.507714E-1,2.052337E-4,8.896513E-2,0E0,0E0,3.409364E-3,5.4450184E-3,3.4158584E-5,0E0,0E0,0E0,0E0,0E0],"parents":[2147483647,0,0,1,1,2,2,5,5,6,6,7,7],"right_children":[2,4,6,-1,-1,8,10,12,-1,-1,-1,-1,-1],"split_conditions":[2.0249514E-1,9.805462E-2,9.1014665E-1,-3.0832892E-2,-8.232832E-3,5.0702965E-1,1E0,3.9765164E-1,1.7011643E-3,6.1063766E-3,2.6124572E-2,-3.302479E-3,-8.402825E-4],"split_indices":[0,0,0,0,0,0,0,0,0,0,0,0,0],"split_type":[0,0,0,0,0,0,0,0,0,0,0,0,0],"sum_hessian":[9E0,2E0,7E0,1E0,1E0,5E0,2E0,2E0,3E0,1E0,1E0,1E0,1E0],"tree_param":{"num_deleted":"0","num_feature":"2","num_nodes":"13","size_leaf_vector":"1"}},{"base_weights":[-1.456294E-2,-2.4741633E-1,7.457745E-2,-2.9291248E-2,-7.821202E-3,-2.6281674E-3,2.0412953E-1,-2.623717E-2,1.5735626E-2,5.8010104E-3,2.481842E-2,-3.13735E-3,-7.982254E-4,4.4250488E-4,1.8030802E-3],"categories":[],"categories_nodes":[],"categories_segments":[],"categories_sizes":[],"default_left":[0,0,0,0,0,0,0,0,0,0,0,0,0,0,0],"id":70,"left_children":[1,3,5,-1,-1,7,9,11,13,-1,-1,-1,-1,-1,-1],"loss_changes":[2.260181E-1,1.8514693E-4,8.055367E-2,0E0,0E0,3.0141633E-3,4.914537E-3,3.0858442E-5,2.4051871E-5,0E0,0E0,0E0,0E0,0E0,0E0],"parents":[2147483647,0,0,1,1,2,2,5,5,6,6,7,7,8,8],"right_children":[2,4,6,-1,-1,8,10,12,14,-1,-1,-1,-1,-1,-1],"split_conditions":[2.0249514E-1,9.805462E-2,9.1014665E-1,-2.9291248E-2,-7.821202E-3,5.0702965E-1,1E0,3.9765164E-1,6.1109036E-1,5.8010104E-3,2.481842E-2,-3.13735E-3,-7.982254E-4,4.4250488E-4,1.8030802E-3],"split_indices":[0,0,0,0,0,0,0,0,0,0,0,0,0,0,0],"split_type":[0,0,0,0,0,0,0,0,0,0,0,0,0,0,0],"sum_hessian":[9E0,2E0,7E0,1E0,1E0,5E0,2E0,2E0,3E0,1E0,1E0,1E0,1E0,1E0,2E0],"tree_param":{"num_deleted":"0","num_feature":"2","num_nodes":"15","size_leaf_vector":"1"}},{"base_weights":[-1.3925016E-2,-2.3504555E-1,7.073581E-2,-2.7826685E-2,-7.4301483E-3,-2.646923E-3,1.9392268E-1,-2.492555E-2,1.4723778E-2,5.5109025E-3,2.35775E-2,-2.9804707E-3,-7.583618E-4,4.2037966E-4,1.6829172E-3],"categories":[],"categories_nodes":[],"categories_segments":[],"categories_sizes":[],"default_left":[0,0,0,0,0,0,0,0,0,0,0,0,0,0,0],"id":71,"left_children":[1,3,5,-1,-1,7,9,11,13,-1,-1,-1,-1,-1,-1],"loss_changes":[2.0382862E-1,1.6705692E-4,7.28316E-2,0E0,0E0,2.6889704E-3,4.4356957E-3,2.7814647E-5,1.7848506E-5,0E0,0E0,0E0,0E0,0E0,0E0],"parents":[2147483647,0,0,1,1,2,2,5,5,6,6,7,7,8,8],"right_children":[2,4,6,-1,-1,8,10,12,14,-1,-1,-1,-1,-1,-1],"split_conditions":[2.0249514E-1,9.805462E-2,9.1014665E-1,-2.7826685E-2,-7.4301483E-3,5.0702965E-1,1E0,3.9765164E-1,6.1109036E-1,5.5109025E-3,2.35775E-2,-2.9804707E-3,-7.583618E-4,4.2037966E-4,1.6829172E-3],"split_indices":[0,0,0,0,0,0,0,0,0,0,0,0,0,0,0],"split_type":[0,0,0,0,0,0,0,0,0,0,0,0,0,0,0],"sum_hessian":[9E0,2E0,7E0,1E0,1E0,5E0,2E0,2E0,3E0,1E0,1E0,1E0,1E0,1E0,2E0],"tree_param":{"num_deleted":"0","num_feature":"2","num_nodes":"15","size_leaf_vector":"1"}},{"base_weights":[-1.3312912E-2,-2.232933E-1,6.709385E-2,-2.6435351E-2,-7.058644E-3,-2.6543934E-3,1.8422572E-1,-2.3679098E-2,1.3777733E-2,5.2352906E-3,2.2398567E-2,-2.831459E-3,-7.204056E-4,3.9939882E-4,1.5707652E-3],"categories":[],"categories_nodes":[],"categories_segments":[],"categories_sizes":[],"default_left":[0,0,0,0,0,0,0,0,0,0,0,0,0,0,0],"id":72,"left_children":[1,3,5,-1,-1,7,9,11,13,-1,-1,-1,-1,-1,-1],"loss_changes":[1.8382005E-1,1.5075505E-4,6.584695E-2,0E0,0E0,2.3991277E-3,4.003465E-3,2.5129993E-5,1.27911335E-5,0E0,0E0,0E0,0E0,0E0,0E0],"parents":[2147483647,0,0,1,1,2,2,5,5,6,6,7,7,8,8],"right_children":[2,4,6,-1,-1,8,10,12,14,-1,-1,-1,-1,-1,-1],"split_conditions":[2.0249514E-1,9.805462E-2,9.1014665E-1,-2.6435351E-2,-7.058644E-3,5.0702965E-1,1E0,3.9765164E-1,6.1109036E-1,5.2352906E-3,2.2398567E-2,-2.831459E-3,-7.204056E-4,3.9939882E-4,1.5707652E-3],"split_indices":[0,0,0,0,0,0,0,0,0,0,0,0,0,0,0],"split_type":[0,0,0,0,0,0,0,0,0,0,0,0,0,0,0],"sum_hessian":[9E0,2E0,7E0,1E0,1E0,5E0,2E0,2E0,3E0,1E0,1E0,1E0,1E0,1E0,2E0],"tree_param":{"num_deleted":"0","num_feature":"2","num_nodes":"15","size_leaf_vector":"1"}},{"base_weights":[-1.272583E-2,-2.1212864E-1,6.364095E-2,-2.5113583E-2,-6.7057135E-3,-2.652645E-3,1.750145E-1,-2.2494951E-2,1.2892246E-2,4.9736025E-3,2.1278573E-2,-2.6898861E-3,-6.843567E-4,3.79467E-4,1.4659882E-3],"categories":[],"categories_nodes":[],"categories_segments":[],"categories_sizes":[],"default_left":[0,0,0,0,0,0,0,0,0,0,0,0,0,0,0],"id":73,"left_children":[1,3,5,-1,-1,7,9,11,13,-1,-1,-1,-1,-1,-1],"loss_changes":[1.6577758E-1,1.360327E-4,5.9531078E-2,0E0,0E0,2.1406894E-3,3.612645E-3,2.2697728E-5,8.69541E-6,0E0,0E0,0E0,0E0,0E0,0E0],"parents":[2147483647,0,0,1,1,2,2,5,5,6,6,7,7,8,8],"right_children":[2,4,6,-1,-1,8,10,12,14,-1,-1,-1,-1,-1,-1],"split_conditions":[2.0249514E-1,9.805462E-2,9.1014665E-1,-2.5113583E-2,-6.7057135E-3,5.0702965E-1,1E0,3.9765164E-1,6.1109036E-1,4.9736025E-3,2.1278573E-2,-2.6898861E-3,-6.843567E-4,3.79467E-4,1.4659882E-3],"split_indices":[0,0,0,0,0,0,0,0,0,0,0,0,0,0,0],"split_type":[0,0,0,0,0,0,0,0,0,0,0,0,0,0,0],"sum_hessian":[9E0,2E0,7E0,1E0,1E0,5E0,2E0,2E0,3E0,1E0,1E0,1E0,1E0,1E0,2E0],"tree_param":{"num_deleted":"0","num_feature":"2","num_nodes":"15","size_leaf_vector":"1"}},{"base_weights":[-1.2162971E-2,-2.0152219E-1,6.0367107E-2,-2.3857905E-2,-6.370425E-3,-2.6423137E-3,1.6626358E-1,-2.1369934E-2,1.206398E-2,4.724884E-3,2.0214653E-2,-2.5553703E-3,-6.501198E-4,3.604889E-4,1.3682048E-3],"categories":[],"categories_nodes":[],"categories_segments":[],"categories_sizes":[],"default_left":[0,0,0,0,0,0,0,0,0,0,0,0,0,0,0],"id":74,"left_children":[1,3,5,-1,-1,7,9,11,13,-1,-1,-1,-1,-1,-1],"loss_changes":[1.4950772E-1,1.2278557E-4,5.3819127E-2,0E0,0E0,1.9102897E-3,3.260605E-3,2.0492473E-5,5.4272823E-6,0E0,0E0,0E0,0E0,0E0,0E0],"parents":[2147483647,0,0,1,1,2,2,5,5,6,6,7,7,8,8],"right_children":[2,4,6,-1,-1,8,10,12,14,-1,-1,-1,-1,-1,-1],"split_conditions":[2.0249514E-1,9.805462E-2,9.1014665E-1,-2.3857905E-2,-6.370425E-3,5.0702965E-1,1E0,3.9765164E-1,6.1109036E-1,4.724884E-3,2.0214653E-2,-2.5553703E-3,-6.501198E-4,3.604889E-4,1.3682048E-3],"split_indices":[0,0,0,0,0,0,0,0,0,0,0,0,0,0,0],"split_type":[0,0,0,0,0,0,0,0,0,0,0,0,0,0,0],"sum_hessian":[9E0,2E0,7E0,1E0,1E0,5E0,2E0,2E0,3E0,1E0,1E0,1E0,1E0,1E0,2E0],"tree_param":{"num_deleted":"0","num_feature":"2","num_nodes":"15","size_leaf_vector":"1"}},{"base_weights":[-1.1623209E-2,-1.9144605E-1,5.7263255E-2,-2.2665009E-2,-6.051898E-3,-2.6240349E-3,1.5795009E-1,-2.03015E-2,1.1290073E-2,4.4885636E-3,1.920395E-2,-2.4276257E-3,-6.175995E-4,3.4246445E-4,1.2770336E-3],"categories":[],"categories_nodes":[],"categories_segments":[],"categories_sizes":[],"default_left":[0,0,0,0,0,0,0,0,0,0,0,0,0,0,0],"id":75,"left_children":[1,3,5,-1,-1,7,9,11,13,-1,-1,-1,-1,-1,-1],"loss_changes":[1.3483642E-1,1.1084974E-4,4.8653357E-2,0E0,0E0,1.7050025E-3,2.9430836E-3,1.8506194E-5,2.8377399E-6,0E0,0E0,0E0,0E0,0E0,0E0],"parents":[2147483647,0,0,1,1,2,2,5,5,6,6,7,7,8,8],"right_children":[2,4,6,-1,-1,8,10,12,14,-1,-1,-1,-1,-1,-1],"split_conditions":[2.0249514E-1,9.805462E-2,9.1014665E-1,-2.2665009E-2,-6.051898E-3,5.0702965E-1,1E0,3.9765164E-1,6.1109036E-1,4.4885636E-3,1.920395E-2,-2.4276257E-3,-6.175995E-4,3.4246445E-4,1.2770336E-3],"split_indices":[0,0,0,0,0,0,0,0,0,0,0,0,0,0,0],"split_type":[0,0,0,0,0,0,0,0,0,0,0,0,0,0,0],"sum_hessian":[9E0,2E0,7E0,1E0,1E0,5E0,2E0,2E0,3E0,1E0,1E0,1E0,1E0,1E0,2E0],"tree_param":{"num_deleted":"0","num_feature":"2","num_nodes":"15","size_leaf_vector":"1"}},{"base_weights":[-1.1106128E-2,-1.818737E-1,5.4319978E-2,-2.1531759E-2,-5.7492973E-3,-2.5995572E-3,1.5005238E-1,-1.9286156E-2,1.0565281E-3,4.264069E-3,1.824379E-2,-2.306223E-3,-5.8670045E-4],"categories":[],"categories_nodes":[],"categories_segments":[],"categories_sizes":[],"default_left":[0,0,0,0,0,0,0,0,0,0,0,0,0],"id":76,"left_children":[1,3,5,-1,-1,7,9,11,-1,-1,-1,-1,-1],"loss_changes":[1.2160595E-1,1.000762E-4,4.3982424E-2,0E0,0E0,1.5218218E-3,2.6564747E-3,1.6708858E-5,0E0,0E0,0E0,0E0,0E0],"parents":[2147483647,0,0,1,1,2,2,5,5,6,6,7,7],"right_children":[2,4,6,-1,-1,8,10,12,-1,-1,-1,-1,-1],"split_conditions":[2.0249514E-1,9.805462E-2,9.1014665E-1,-2.1531759E-2,-5.7492973E-3,5.0702965E-1,1E0,3.9765164E-1,1.0565281E-3,4.264069E-3,1.824379E-2,-2.306223E-3,-5.8670045E-4],"split_indices":[0,0,0,0,0,0,0,0,0,0,0,0,0],"split_type":[0,0,0,0,0,0,0,0,0,0,0,0,0],"sum_hessian":[9E0,2E0,7E0,1E0,1E0,5E0,2E0,2E0,3E0,1E0,1E0,1E0,1E0],"tree_param":{"num_deleted":"0","num_feature":"2","num_nodes":"13","size_leaf_vector":"1"}},{"base_weights":[-1.0656357E-2,-1.7278004E-1,5.1472068E-2,-2.045517E-2,-5.461836E-3,-2.6456516E-3,1.4255016E-1,-1.8321672E-2,9.772778E-3,4.050827E-3,1.7331695E-2,-2.1909238E-3,-5.573273E-4,2.7246476E-4,1.1213939E-3],"categories":[],"categories_nodes":[],"categories_segments":[],"categories_sizes":[],"default_left":[0,0,0,0,0,0,0,0,0,0,0,0,0,0,0],"id":77,"left_children":[1,3,5,-1,-1,7,9,11,13,-1,-1,-1,-1,-1,-1],"loss_changes":[1.09618224E-1,9.030104E-5,3.980864E-2,0E0,0E0,1.347083E-3,2.3977384E-3,1.510093E-5,1.0075921E-5,0E0,0E0,0E0,0E0,0E0,0E0],"parents":[2147483647,0,0,1,1,2,2,5,5,6,6,7,7,8,8],"right_children":[2,4,6,-1,-1,8,10,12,14,-1,-1,-1,-1,-1,-1],"split_conditions":[2.0249514E-1,9.805462E-2,9.1014665E-1,-2.045517E-2,-5.461836E-3,5.0702965E-1,1E0,3.9765164E-1,6.1109036E-1,4.050827E-3,1.7331695E-2,-2.1909238E-3,-5.573273E-4,2.7246476E-4,1.1213939E-3],"split_indices":[0,0,0,0,0,0,0,0,0,0,0,0,0,0,0],"split_type":[0,0,0,0,0,0,0,0,0,0,0,0,0,0,0],"sum_hessian":[9E0,2E0,7E0,1E0,1E0,5E0,2E0,2E0,3E0,1E0,1E0,1E0,1E0,1E0,2E0],"tree_param":{"num_deleted":"0","num_feature":"2","num_nodes":"15","size_leaf_vector":"1"}},{"base_weights":[-1.0179633E-2,-1.6414107E-1,4.8828363E-2,-1.943241E-2,-5.1887515E-3,-2.6070278E-3,1.3542302E-1,-1.7405828E-2,9.143829E-3,3.8482666E-3,1.6465187E-2,-2.0813942E-3,-5.2948E-4,2.588272E-4,1.0466258E-3],"categories":[],"categories_nodes":[],"categories_segments":[],"categories_sizes":[],"default_left":[0,0,0,0,0,0,0,0,0,0,0,0,0,0,0],"id":78,"left_children":[1,3,5,-1,-1,7,9,11,13,-1,-1,-1,-1,-1,-1],"loss_changes":[9.886431E-2,8.14572E-5,3.5985295E-2,0E0,0E0,1.2025475E-3,2.164118E-3,1.3621582E-5,7.587485E-6,0E0,0E0,0E0,0E0,0E0,0E0],"parents":[2147483647,0,0,1,1,2,2,5,5,6,6,7,7,8,8],"right_children":[2,4,6,-1,-1,8,10,12,14,-1,-1,-1,-1,-1,-1],"split_conditions":[2.0249514E-1,9.805462E-2,9.1014665E-1,-1.943241E-2,-5.1887515E-3,5.0702965E-1,1E0,3.9765164E-1,6.1109036E-1,3.8482666E-3,1.6465187E-2,-2.0813942E-3,-5.2948E-4,2.588272E-4,1.0466258E-3],"split_indices":[0,0,0,0,0,0,0,0,0,0,0,0,0,0,0],"split_type":[0,0,0,0,0,0,0,0,0,0,0,0,0,0,0],"sum_hessian":[9E0,2E0,7E0,1E0,1E0,5E0,2E0,2E0,3E0,1E0,1E0,1E0,1E0,1E0,2E0],"tree_param":{"num_deleted":"0","num_feature":"2","num_nodes":"15","size_leaf_vector":"1"}},{"base_weights":[-9.722978E-3,-1.5593396E-1,4.632151E-2,-1.846079E-2,-4.929304E-3,-2.5639534E-3,1.2865193E-1,-1.6535124E-2,8.555412E-3,3.6558153E-3,1.5641976E-2,-1.9773007E-3,-5.0296786E-4,2.4585726E-4,9.768169E-4],"categories":[],"categories_nodes":[],"categories_segments":[],"categories_sizes":[],"default_left":[0,0,0,0,0,0,0,0,0,0,0,0,0,0,0],"id":79,"left_children":[1,3,5,-1,-1,7,9,11,13,-1,-1,-1,-1,-1,-1],"loss_changes":[8.91663E-2,7.355958E-5,3.2527946E-2,0E0,0E0,1.0735681E-3,1.9533113E-3,1.2307952E-5,5.5601704E-6,0E0,0E0,0E0,0E0,0E0,0E0],"parents":[2147483647,0,0,1,1,2,2,5,5,6,6,7,7,8,8],"right_children":[2,4,6,-1,-1,8,10,12,14,-1,-1,-1,-1,-1,-1],"split_conditions":[2.0249514E-1,9.805462E-2,9.1014665E-1,-1.846079E-2,-4.929304E-3,5.0702965E-1,1E0,3.9765164E-1,6.1109036E-1,3.6558153E-3,1.5641976E-2,-1.9773007E-3,-5.0296786E-4,2.4585726E-4,9.768169E-4],"split_indices":[0,0,0,0,0,0,0,0,0,0,0,0,0,0,0],"split_type":[0,0,0,0,0,0,0,0,0,0,0,0,0,0,0],"sum_hessian":[9E0,2E0,7E0,1E0,1E0,5E0,2E0,2E0,3E0,1E0,1E0,1E0,1E0,1E0,2E0],"tree_param":{"num_deleted":"0","num_feature":"2","num_nodes":"15","size_leaf_vector":"1"}},{"base_weights":[-9.285334E-3,-1.4813735E-1,4.3944836E-2,-1.753775E-2,-4.682851E-3,-2.5170643E-3,1.2222036E-1,-1.5708288E-2,8.005619E-3,3.4730912E-3,1.4859962E-2,-1.8784524E-3,-4.7779083E-4,2.3355485E-4,9.1171265E-4],"categories":[],"categories_nodes":[],"categories_segments":[],"categories_sizes":[],"default_left":[0,0,0,0,0,0,0,0,0,0,0,0,0,0,0],"id":80,"left_children":[1,3,5,-1,-1,7,9,11,13,-1,-1,-1,-1,-1,-1],"loss_changes":[8.042103E-2,6.633997E-5,2.9402275E-2,0E0,0E0,9.5859694E-4,1.762718E-3,1.1122553E-5,3.915804E-6,0E0,0E0,0E0,0E0,0E0,0E0],"parents":[2147483647,0,0,1,1,2,2,5,5,6,6,7,7,8,8],"right_children":[2,4,6,-1,-1,8,10,12,14,-1,-1,-1,-1,-1,-1],"split_conditions":[2.0249514E-1,9.805462E-2,9.1014665E-1,-1.753775E-2,-4.682851E-3,5.0702965E-1,1E0,3.9765164E-1,6.1109036E-1,3.4730912E-3,1.4859962E-2,-1.8784524E-3,-4.7779083E-4,2.3355485E-4,9.1171265E-4],"split_indices":[0,0,0,0,0,0,0,0,0,0,0,0,0,0,0],"split_type":[0,0,0,0,0,0,0,0,0,0,0,0,0,0,0],"sum_hessian":[9E0,2E0,7E0,1E0,1E0,5E0,2E0,2E0,3E0,1E0,1E0,1E0,1E0,1E0,2E0],"tree_param":{"num_deleted":"0","num_feature":"2","num_nodes":"15","size_leaf_vector":"1"}},{"base_weights":[-8.866275E-3,-1.4073043E-1,4.1691065E-2,-1.6660864E-2,-4.4487E-3,-2.4671555E-3,1.1611048E-1,-1.4923096E-2,7.4915886E-3,3.2995224E-3,1.411705E-2,-1.7845155E-3,-4.5394897E-4,2.2192001E-4,8.5093186E-4],"categories":[],"categories_nodes":[],"categories_segments":[],"categories_sizes":[],"default_left":[0,0,0,0,0,0,0,0,0,0,0,0,0,0,0],"id":81,"left_children":[1,3,5,-1,-1,7,9,11,13,-1,-1,-1,-1,-1,-1],"loss_changes":[7.2534196E-2,5.9906393E-5,2.6576295E-2,0E0,0E0,8.5607084E-4,1.590658E-3,1.0016607E-5,2.5795744E-6,0E0,0E0,0E0,0E0,0E0,0E0],"parents":[2147483647,0,0,1,1,2,2,5,5,6,6,7,7,8,8],"right_children":[2,4,6,-1,-1,8,10,12,14,-1,-1,-1,-1,-1,-1],"split_conditions":[2.0249514E-1,9.805462E-2,9.1014665E-1,-1.6660864E-2,-4.4487E-3,5.0702965E-1,1E0,3.9765164E-1,6.1109036E-1,3.2995224E-3,1.411705E-2,-1.7845155E-3,-4.5394897E-4,2.2192001E-4,8.5093186E-4],"split_indices":[0,0,0,0,0,0,0,0,0,0,0,0,0,0,0],"split_type":[0,0,0,0,0,0,0,0,0,0,0,0,0,0,0],"sum_hessian":[9E0,2E0,7E0,1E0,1E0,5E0,2E0,2E0,3E0,1E0,1E0,1E0,1E0,1E0,2E0],"tree_param":{"num_deleted":"0","num_feature":"2","num_nodes":"15","size_leaf_vector":"1"}},{"base_weights":[-8.465523E-3,-1.3369383E-1,3.9553285E-2,-1.582782E-2,-4.2262557E-3,-2.4145443E-3,1.1030451E-1,-1.4177005E-2,7.0109367E-3,3.1345368E-3,1.3411141E-2,-1.6952992E-3,-4.3125154E-4,2.108574E-4,7.9421996E-4],"categories":[],"categories_nodes":[],"categories_segments":[],"categories_sizes":[],"default_left":[0,0,0,0,0,0,0,0,0,0,0,0,0,0,0],"id":82,"left_children":[1,3,5,-1,-1,7,9,11,13,-1,-1,-1,-1,-1,-1],"loss_changes":[6.542117E-2,5.4098666E-5,2.4020541E-2,0E0,0E0,7.645952E-4,1.4355443E-3,9.041047E-6,1.5148398E-6,0E0,0E0,0E0,0E0,0E0,0E0],"parents":[2147483647,0,0,1,1,2,2,5,5,6,6,7,7,8,8],"right_children":[2,4,6,-1,-1,8,10,12,14,-1,-1,-1,-1,-1,-1],"split_conditions":[2.0249514E-1,9.805462E-2,9.1014665E-1,-1.582782E-2,-4.2262557E-3,5.0702965E-1,1E0,3.9765164E-1,6.1109036E-1,3.1345368E-3,1.3411141E-2,-1.6952992E-3,-4.3125154E-4,2.108574E-4,7.9421996E-4],"split_indices":[0,0,0,0,0,0,0,0,0,0,0,0,0,0,0],"split_type":[0,0,0,0,0,0,0,0,0,0,0,0,0,0,0],"sum_hessian":[9E0,2E0,7E0,1E0,1E0,5E0,2E0,2E0,3E0,1E0,1E0,1E0,1E0,1E0,2E0],"tree_param":{"num_deleted":"0","num_feature":"2","num_nodes":"15","size_leaf_vector":"1"}},{"base_weights":[-8.082127E-3,-1.2700915E-1,3.7525773E-2,-1.5036428E-2,-4.014945E-3,-2.359867E-3,1.0478846E-1,-1.3468106E-2,6.5612793E-4,2.9777528E-3,1.2740517E-2,-1.6105175E-3,-4.096985E-4],"categories":[],"categories_nodes":[],"categories_segments":[],"categories_sizes":[],"default_left":[0,0,0,0,0,0,0,0,0,0,0,0,0],"id":83,"left_children":[1,3,5,-1,-1,7,9,11,-1,-1,-1,-1,-1],"loss_changes":[5.9006236E-2,4.881248E-5,2.1709811E-2,0E0,0E0,6.829574E-4,1.2956895E-3,8.154195E-6,0E0,0E0,0E0,0E0,0E0],"parents":[2147483647,0,0,1,1,2,2,5,5,6,6,7,7],"right_children":[2,4,6,-1,-1,8,10,12,-1,-1,-1,-1,-1],"split_conditions":[2.0249514E-1,9.805462E-2,9.1014665E-1,-1.5036428E-2,-4.014945E-3,5.0702965E-1,1E0,3.9765164E-1,6.5612793E-4,2.9777528E-3,1.2740517E-2,-1.6105175E-3,-4.096985E-4],"split_indices":[0,0,0,0,0,0,0,0,0,0,0,0,0],"split_type":[0,0,0,0,0,0,0,0,0,0,0,0,0],"sum_hessian":[9E0,2E0,7E0,1E0,1E0,5E0,2E0,2E0,3E0,1E0,1E0,1E0,1E0],"tree_param":{"num_deleted":"0","num_feature":"2","num_nodes":"13","size_leaf_vector":"1"}},{"base_weights":[-7.7437786E-3,-1.2065869E-1,3.5567284E-2,-1.4284606E-2,-3.8141967E-3,-2.351125E-3,9.954834E-2,-1.2794495E-2,6.0691833E-3,2.8287887E-3,1.2103463E-2,-1.5299798E-3,-3.891945E-4,1.6746522E-4,6.97581E-4],"categories":[],"categories_nodes":[],"categories_segments":[],"categories_sizes":[],"default_left":[0,0,0,0,0,0,0,0,0,0,0,0,0,0,0],"id":84,"left_children":[1,3,5,-1,-1,7,9,11,13,-1,-1,-1,-1,-1,-1],"loss_changes":[5.319615E-2,4.405901E-5,1.9642528E-2,0E0,0E0,6.052705E-4,1.1695549E-3,7.3647825E-6,4.2547326E-6,0E0,0E0,0E0,0E0,0E0,0E0],"parents":[2147483647,0,0,1,1,2,2,5,5,6,6,7,7,8,8],"right_children":[2,4,6,-1,-1,8,10,12,14,-1,-1,-1,-1,-1,-1],"split_conditions":[2.0249514E-1,9.805462E-2,9.1014665E-1,-1.4284606E-2,-3.8141967E-3,5.0702965E-1,1E0,3.9765164E-1,6.1109036E-1,2.8287887E-3,1.2103463E-2,-1.5299798E-3,-3.891945E-4,1.6746522E-4,6.97581E-4],"split_indices":[0,0,0,0,0,0,0,0,0,0,0,0,0,0,0],"split_type":[0,0,0,0,0,0,0,0,0,0,0,0,0,0,0],"sum_hessian":[9E0,2E0,7E0,1E0,1E0,5E0,2E0,2E0,3E0,1E0,1E0,1E0,1E0,1E0,2E0],"tree_param":{"num_deleted":"0","num_feature":"2","num_nodes":"15","size_leaf_vector":"1"}},{"base_weights":[-7.391873E-3,-1.14625745E-1,3.3744812E-2,-1.3570376E-2,-3.6234856E-3,-2.2919972E-3,9.457016E-2,-1.2154897E-2,5.678177E-3,2.6872635E-3,1.149826E-2,-1.453495E-3,-3.6973954E-4,2.489726E-4,7.621765E-4],"categories":[],"categories_nodes":[],"categories_segments":[],"categories_sizes":[],"default_left":[0,0,0,0,0,0,0,0,0,0,0,0,0,0,0],"id":85,"left_children":[1,3,5,-1,-1,7,9,11,13,-1,-1,-1,-1,-1,-1],"loss_changes":[4.798048E-2,3.97712E-5,1.7752368E-2,0E0,0E0,5.406718E-4,1.0557286E-3,6.646471E-6,5.812035E-6,0E0,0E0,0E0,0E0,0E0,0E0],"parents":[2147483647,0,0,1,1,2,2,5,5,6,6,7,7,8,8],"right_children":[2,4,6,-1,-1,8,10,12,14,-1,-1,-1,-1,-1,-1],"split_conditions":[2.0249514E-1,9.805462E-2,9.1014665E-1,-1.3570376E-2,-3.6234856E-3,5.0702965E-1,1E0,3.9765164E-1,7.082051E-1,2.6872635E-3,1.149826E-2,-1.453495E-3,-3.6973954E-4,2.489726E-4,7.621765E-4],"split_indices":[0,0,0,0,0,0,0,0,0,0,0,0,0,0,0],"split_type":[0,0,0,0,0,0,0,0,0,0,0,0,0,0,0],"sum_hessian":[9E0,2E0,7E0,1E0,1E0,5E0,2E0,2E0,3E0,1E0,1E0,1E0,1E0,2E0,1E0],"tree_param":{"num_deleted":"0","num_feature":"2","num_nodes":"15","size_leaf_vector":"1"}},{"base_weights":[-7.034716E-3,-1.0889446E-1,3.2042027E-2,-1.2891858E-2,-3.4423114E-3,-2.198537E-3,8.9842476E-2,-1.1547089E-2,5.3625107E-3,2.5529861E-3,1.0923386E-2,-1.3808251E-3,-3.5123827E-4,2.3231507E-4,7.2402955E-4],"categories":[],"categories_nodes":[],"categories_segments":[],"categories_sizes":[],"default_left":[0,0,0,0,0,0,0,0,0,0,0,0,0,0,0],"id":86,"left_children":[1,3,5,-1,-1,7,9,11,13,-1,-1,-1,-1,-1,-1],"loss_changes":[4.3292668E-2,3.5893172E-5,1.6030483E-2,0E0,0E0,4.8603048E-4,9.5260516E-4,6.00348E-6,6.0087623E-6,0E0,0E0,0E0,0E0,0E0,0E0],"parents":[2147483647,0,0,1,1,2,2,5,5,6,6,7,7,8,8],"right_children":[2,4,6,-1,-1,8,10,12,14,-1,-1,-1,-1,-1,-1],"split_conditions":[2.0249514E-1,9.805462E-2,9.1014665E-1,-1.2891858E-2,-3.4423114E-3,5.0702965E-1,1E0,3.9765164E-1,7.082051E-1,2.5529861E-3,1.0923386E-2,-1.3808251E-3,-3.5123827E-4,2.3231507E-4,7.2402955E-4],"split_indices":[0,0,0,0,0,0,0,0,0,0,0,0,0,0,0],"split_type":[0,0,0,0,0,0,0,0,0,0,0,0,0,0,0],"sum_hessian":[9E0,2E0,7E0,1E0,1E0,5E0,2E0,2E0,3E0,1E0,1E0,1E0,1E0,2E0,1E0],"tree_param":{"num_deleted":"0","num_feature":"2","num_nodes":"15","size_leaf_vector":"1"}},{"base_weights":[-6.6948654E-3,-1.0344974E-1,3.0425072E-2,-1.2247264E-2,-3.270197E-3,-2.108256E-3,8.535004E-2,-1.0969798E-2,5.0649643E-3,2.4253845E-3,1.0377121E-2,-1.311779E-3,-3.3369064E-4,2.1680196E-4,6.877899E-4],"categories":[],"categories_nodes":[],"categories_segments":[],"categories_sizes":[],"default_left":[0,0,0,0,0,0,0,0,0,0,0,0,0,0,0],"id":87,"left_children":[1,3,5,-1,-1,7,9,11,13,-1,-1,-1,-1,-1,-1],"loss_changes":[3.9062813E-2,3.2387674E-5,1.44750755E-2,0E0,0E0,4.3695638E-4,8.5953996E-4,5.4133707E-6,6.096474E-6,0E0,0E0,0E0,0E0,0E0,0E0],"parents":[2147483647,0,0,1,1,2,2,5,5,6,6,7,7,8,8],"right_children":[2,4,6,-1,-1,8,10,12,14,-1,-1,-1,-1,-1,-1],"split_conditions":[2.0249514E-1,9.805462E-2,9.1014665E-1,-1.2247264E-2,-3.270197E-3,5.0702965E-1,1E0,3.9765164E-1,7.082051E-1,2.4253845E-3,1.0377121E-2,-1.311779E-3,-3.3369064E-4,2.1680196E-4,6.877899E-4],"split_indices":[0,0,0,0,0,0,0,0,0,0,0,0,0,0,0],"split_type":[0,0,0,0,0,0,0,0,0,0,0,0,0,0,0],"sum_hessian":[9E0,2E0,7E0,1E0,1E0,5E0,2E0,2E0,3E0,1E0,1E0,1E0,1E0,2E0,1E0],"tree_param":{"num_deleted":"0","num_feature":"2","num_nodes":"15","size_leaf_vector":"1"}},{"base_weights":[-6.3711703E-3,-9.827727E-2,2.8890014E-2,-1.1634901E-2,-3.1066895E-3,-2.0213127E-3,8.1082664E-2,-1.0421435E-2,4.784107E-3,2.3040771E-3,9.858322E-3,-1.2462139E-3,-3.1700134E-4,2.0230611E-4,6.533623E-4],"categories":[],"categories_nodes":[],"categories_segments":[],"categories_sizes":[],"default_left":[0,0,0,0,0,0,0,0,0,0,0,0,0,0,0],"id":88,"left_children":[1,3,5,-1,-1,7,9,11,13,-1,-1,-1,-1,-1,-1],"loss_changes":[3.524641E-2,2.922304E-5,1.3070645E-2,0E0,0E0,3.928554E-4,7.7586435E-4,4.8888614E-6,6.1040555E-6,0E0,0E0,0E0,0E0,0E0,0E0],"parents":[2147483647,0,0,1,1,2,2,5,5,6,6,7,7,8,8],"right_children":[2,4,6,-1,-1,8,10,12,14,-1,-1,-1,-1,-1,-1],"split_conditions":[2.0249514E-1,9.805462E-2,9.1014665E-1,-1.1634901E-2,-3.1066895E-3,5.0702965E-1,1E0,3.9765164E-1,7.082051E-1,2.3040771E-3,9.858322E-3,-1.2462139E-3,-3.1700134E-4,2.0230611E-4,6.533623E-4],"split_indices":[0,0,0,0,0,0,0,0,0,0,0,0,0,0,0],"split_type":[0,0,0,0,0,0,0,0,0,0,0,0,0,0,0],"sum_hessian":[9E0,2E0,7E0,1E0,1E0,5E0,2E0,2E0,3E0,1E0,1E0,1E0,1E0,2E0,1E0],"tree_param":{"num_deleted":"0","num_feature":"2","num_nodes":"15","size_leaf_vector":"1"}},{"base_weights":[-6.0626967E-3,-9.336344E-2,2.7432919E-2,-1.1053156E-2,-2.9513598E-3,-1.9372305E-3,7.702891E-2,-9.900411E-3,4.5194626E-3,2.1888732E-3,9.365464E-3,-1.1838913E-3,-3.0117037E-4,1.8882751E-4,6.2065123E-4],"categories":[],"categories_nodes":[],"categories_segments":[],"categories_sizes":[],"default_left":[0,0,0,0,0,0,0,0,0,0,0,0,0,0,0],"id":89,"left_children":[1,3,5,-1,-1,7,9,11,13,-1,-1,-1,-1,-1,-1],"loss_changes":[3.1803153E-2,2.6362017E-5,1.1802357E-2,0E0,0E0,3.5323942E-4,7.0025586E-4,4.406E-6,6.036178E-6,0E0,0E0,0E0,0E0,0E0,0E0],"parents":[2147483647,0,0,1,1,2,2,5,5,6,6,7,7,8,8],"right_children":[2,4,6,-1,-1,8,10,12,14,-1,-1,-1,-1,-1,-1],"split_conditions":[2.0249514E-1,9.805462E-2,9.1014665E-1,-1.1053156E-2,-2.9513598E-3,5.0702965E-1,1E0,3.9765164E-1,7.082051E-1,2.1888732E-3,9.365464E-3,-1.1838913E-3,-3.0117037E-4,1.8882751E-4,6.2065123E-4],"split_indices":[0,0,0,0,0,0,0,0,0,0,0,0,0,0,0],"split_type":[0,0,0,0,0,0,0,0,0,0,0,0,0,0,0],"sum_hessian":[9E0,2E0,7E0,1E0,1E0,5E0,2E0,2E0,3E0,1E0,1E0,1E0,1E0,2E0,1E0],"tree_param":{"num_deleted":"0","num_feature":"2","num_nodes":"15","size_leaf_vector":"1"}},{"base_weights":[-5.7690055E-3,-8.869534E-2,2.6049495E-2,-1.0500498E-2,-2.8038025E-3,-1.8560091E-3,7.317734E-2,-9.405454E-3,4.2700768E-3,2.0793916E-3,8.89721E-3,-1.1247158E-3,-2.861023E-4,1.7623902E-4,5.896568E-4],"categories":[],"categories_nodes":[],"categories_segments":[],"categories_sizes":[],"default_left":[0,0,0,0,0,0,0,0,0,0,0,0,0,0,0],"id":90,"left_children":[1,3,5,-1,-1,7,9,11,13,-1,-1,-1,-1,-1,-1],"loss_changes":[2.8696384E-2,2.3767352E-5,1.0656827E-2,0E0,0E0,3.1765332E-4,6.3207187E-4,3.980327E-6,5.9228696E-6,0E0,0E0,0E0,0E0,0E0,0E0],"parents":[2147483647,0,0,1,1,2,2,5,5,6,6,7,7,8,8],"right_children":[2,4,6,-1,-1,8,10,12,14,-1,-1,-1,-1,-1,-1],"split_conditions":[2.0249514E-1,9.805462E-2,9.1014665E-1,-1.0500498E-2,-2.8038025E-3,5.0702965E-1,1E0,3.9765164E-1,7.082051E-1,2.0793916E-3,8.89721E-3,-1.1247158E-3,-2.861023E-4,1.7623902E-4,5.896568E-4],"split_indices":[0,0,0,0,0,0,0,0,0,0,0,0,0,0,0],"split_type":[0,0,0,0,0,0,0,0,0,0,0,0,0,0,0],"sum_hessian":[9E0,2E0,7E0,1E0,1E0,5E0,2E0,2E0,3E0,1E0,1E0,1E0,1E0,2E0,1E0],"tree_param":{"num_deleted":"0","num_feature":"2","num_nodes":"15","size_leaf_vector":"1"}},{"base_weights":[-5.4890485E-3,-8.4260575E-2,2.4736404E-2,-9.975473E-3,-2.6636124E-3,-1.7776489E-3,6.951904E-2,-8.935292E-3,4.034996E-3,1.9754411E-3,8.4524155E-3,-1.0684967E-3,-2.7179718E-4,1.6454062E-4,5.601883E-4],"categories":[],"categories_nodes":[],"categories_segments":[],"categories_sizes":[],"default_left":[0,0,0,0,0,0,0,0,0,0,0,0,0,0,0],"id":91,"left_children":[1,3,5,-1,-1,7,9,11,13,-1,-1,-1,-1,-1,-1],"loss_changes":[2.5893355E-2,2.1448359E-5,9.622535E-3,0E0,0E0,2.856829E-4,5.704472E-4,3.5934208E-6,5.7595025E-6,0E0,0E0,0E0,0E0,0E0,0E0],"parents":[2147483647,0,0,1,1,2,2,5,5,6,6,7,7,8,8],"right_children":[2,4,6,-1,-1,8,10,12,14,-1,-1,-1,-1,-1,-1],"split_conditions":[2.0249514E-1,9.805462E-2,9.1014665E-1,-9.975473E-3,-2.6636124E-3,5.0702965E-1,1E0,3.9765164E-1,7.082051E-1,1.9754411E-3,8.4524155E-3,-1.0684967E-3,-2.7179718E-4,1.6454062E-4,5.601883E-4],"split_indices":[0,0,0,0,0,0,0,0,0,0,0,0,0,0,0],"split_type":[0,0,0,0,0,0,0,0,0,0,0,0,0,0,0],"sum_hessian":[9E0,2E0,7E0,1E0,1E0,5E0,2E0,2E0,3E0,1E0,1E0,1E0,1E0,2E0,1E0],"tree_param":{"num_deleted":"0","num_feature":"2","num_nodes":"15","size_leaf_vector":"1"}},{"base_weights":[-5.223064E-3,-8.004754E-2,2.3488998E-2,-9.4767E-3,-2.5304318E-3,-1.7026266E-3,6.604258E-2,-8.488973E-3,3.81279E-3,1.8766404E-3,8.029747E-3,-1.015091E-3,-2.5825502E-4,1.5360514E-4,5.3215027E-4],"categories":[],"categories_nodes":[],"categories_segments":[],"categories_sizes":[],"default_left":[0,0,0,0,0,0,0,0,0,0,0,0,0,0,0],"id":92,"left_children":[1,3,5,-1,-1,7,9,11,13,-1,-1,-1,-1,-1,-1],"loss_changes":[2.3363886E-2,1.9356608E-5,8.688398E-3,0E0,0E0,2.5694384E-4,5.1485375E-4,3.2330718E-6,5.5656783E-6,0E0,0E0,0E0,0E0,0E0,0E0],"parents":[2147483647,0,0,1,1,2,2,5,5,6,6,7,7,8,8],"right_children":[2,4,6,-1,-1,8,10,12,14,-1,-1,-1,-1,-1,-1],"split_conditions":[2.0249514E-1,9.805462E-2,9.1014665E-1,-9.4767E-3,-2.5304318E-3,5.0702965E-1,1E0,3.9765164E-1,7.082051E-1,1.8766404E-3,8.029747E-3,-1.015091E-3,-2.5825502E-4,1.5360514E-4,5.3215027E-4],"split_indices":[0,0,0,0,0,0,0,0,0,0,0,0,0,0,0],"split_type":[0,0,0,0,0,0,0,0,0,0,0,0,0,0,0],"sum_hessian":[9E0,2E0,7E0,1E0,1E0,5E0,2E0,2E0,3E0,1E0,1E0,1E0,1E0,2E0,1E0],"tree_param":{"num_deleted":"0","num_feature":"2","num_nodes":"15","size_leaf_vector":"1"}},{"base_weights":[-4.969907E-3,-7.604512E-2,2.2304535E-2,-9.002864E-3,-2.403903E-3,-1.6307831E-3,6.2740326E-2,-8.064906E-3,3.6025047E-3,1.7827988E-3,7.6282504E-3,-9.643555E-4,-2.4538042E-4,1.4330546E-4,5.055428E-4],"categories":[],"categories_nodes":[],"categories_segments":[],"categories_sizes":[],"default_left":[0,0,0,0,0,0,0,0,0,0,0,0,0,0,0],"id":93,"left_children":[1,3,5,-1,-1,7,9,11,13,-1,-1,-1,-1,-1,-1],"loss_changes":[2.1081517E-2,1.748465E-5,7.845065E-3,0E0,0E0,2.3108357E-4,4.6466757E-4,2.9104704E-6,5.3634685E-6,0E0,0E0,0E0,0E0,0E0,0E0],"parents":[2147483647,0,0,1,1,2,2,5,5,6,6,7,7,8,8],"right_children":[2,4,6,-1,-1,8,10,12,14,-1,-1,-1,-1,-1,-1],"split_conditions":[2.0249514E-1,9.805462E-2,9.1014665E-1,-9.002864E-3,-2.403903E-3,5.0702965E-1,1E0,3.9765164E-1,7.082051E-1,1.7827988E-3,7.6282504E-3,-9.643555E-4,-2.4538042E-4,1.4330546E-4,5.055428E-4],"split_indices":[0,0,0,0,0,0,0,0,0,0,0,0,0,0,0],"split_type":[0,0,0,0,0,0,0,0,0,0,0,0,0,0,0],"sum_hessian":[9E0,2E0,7E0,1E0,1E0,5E0,2E0,2E0,3E0,1E0,1E0,1E0,1E0,2E0,1E0],"tree_param":{"num_deleted":"0","num_feature":"2","num_nodes":"15","size_leaf_vector":"1"}},{"base_weights":[-4.7284663E-3,-7.2242916E-2,2.118051E-2,-8.552722E-3,-2.2837163E-3,-1.561006E-3,5.9603374E-2,-7.6615014E-3,3.4046173E-3,1.6937256E-3,7.2467807E-3,-9.1614726E-4,-2.3307801E-4,1.3376871E-4,4.802704E-4],"categories":[],"categories_nodes":[],"categories_segments":[],"categories_sizes":[],"default_left":[0,0,0,0,0,0,0,0,0,0,0,0,0,0,0],"id":94,"left_children":[1,3,5,-1,-1,7,9,11,13,-1,-1,-1,-1,-1,-1],"loss_changes":[1.9022446E-2,1.5763566E-5,7.0833955E-3,0E0,0E0,2.0784105E-4,4.1921996E-4,2.634406E-6,5.1344723E-6,0E0,0E0,0E0,0E0,0E0,0E0],"parents":[2147483647,0,0,1,1,2,2,5,5,6,6,7,7,8,8],"right_children":[2,4,6,-1,-1,8,10,12,14,-1,-1,-1,-1,-1,-1],"split_conditions":[2.0249514E-1,9.805462E-2,9.1014665E-1,-8.552722E-3,-2.2837163E-3,5.0702965E-1,1E0,3.9765164E-1,7.082051E-1,1.6937256E-3,7.2467807E-3,-9.1614726E-4,-2.3307801E-4,1.3376871E-4,4.802704E-4],"split_indices":[0,0,0,0,0,0,0,0,0,0,0,0,0,0,0],"split_type":[0,0,0,0,0,0,0,0,0,0,0,0,0,0,0],"sum_hessian":[9E0,2E0,7E0,1E0,1E0,5E0,2E0,2E0,3E0,1E0,1E0,1E0,1E0,2E0,1E0],"tree_param":{"num_deleted":"0","num_feature":"2","num_nodes":"15","size_leaf_vector":"1"}},{"base_weights":[-4.498853E-3,-6.863082E-2,2.0112991E-2,-8.125085E-3,-2.1695376E-3,-1.4940897E-3,5.662282E-2,-7.2784424E-3,3.2176971E-3,1.6090394E-3,6.8843844E-3,-8.703232E-4,-2.2144317E-4,1.2486776E-4,4.562378E-4],"categories":[],"categories_nodes":[],"categories_segments":[],"categories_sizes":[],"default_left":[0,0,0,0,0,0,0,0,0,0,0,0,0,0,0],"id":95,"left_children":[1,3,5,-1,-1,7,9,11,13,-1,-1,-1,-1,-1,-1],"loss_changes":[1.7164432E-2,1.42119825E-5,6.395567E-3,0E0,0E0,1.8694764E-4,3.7831813E-4,2.3727189E-6,4.893871E-6,0E0,0E0,0E0,0E0,0E0,0E0],"parents":[2147483647,0,0,1,1,2,2,5,5,6,6,7,7,8,8],"right_children":[2,4,6,-1,-1,8,10,12,14,-1,-1,-1,-1,-1,-1],"split_conditions":[2.0249514E-1,9.805462E-2,9.1014665E-1,-8.125085E-3,-2.1695376E-3,5.0702965E-1,1E0,3.9765164E-1,7.082051E-1,1.6090394E-3,6.8843844E-3,-8.703232E-4,-2.2144317E-4,1.2486776E-4,4.562378E-4],"split_indices":[0,0,0,0,0,0,0,0,0,0,0,0,0,0,0],"split_type":[0,0,0,0,0,0,0,0,0,0,0,0,0,0,0],"sum_hessian":[9E0,2E0,7E0,1E0,1E0,5E0,2E0,2E0,3E0,1E0,1E0,1E0,1E0,2E0,1E0],"tree_param":{"num_deleted":"0","num_feature":"2","num_nodes":"15","size_leaf_vector":"1"}},{"base_weights":[-4.2801024E-3,-6.5199256E-2,1.9099593E-2,-7.7188313E-3,-2.0610571E-3,-1.4293989E-3,5.3791046E-2,-6.914457E-3,3.0417442E-3,1.5285492E-3,6.540108E-3,-8.2678796E-4,-2.1038056E-4,1.16602576E-4,4.3344498E-4],"categories":[],"categories_nodes":[],"categories_segments":[],"categories_sizes":[],"default_left":[0,0,0,0,0,0,0,0,0,0,0,0,0,0,0],"id":96,"left_children":[1,3,5,-1,-1,7,9,11,13,-1,-1,-1,-1,-1,-1],"loss_changes":[1.5487991E-2,1.2834556E-5,5.7743336E-3,0E0,0E0,1.6817887E-4,3.4146477E-4,2.138535E-6,4.644924E-6,0E0,0E0,0E0,0E0,0E0,0E0],"parents":[2147483647,0,0,1,1,2,2,5,5,6,6,7,7,8,8],"right_children":[2,4,6,-1,-1,8,10,12,14,-1,-1,-1,-1,-1,-1],"split_conditions":[2.0249514E-1,9.805462E-2,9.1014665E-1,-7.7188313E-3,-2.0610571E-3,5.0702965E-1,1E0,3.9765164E-1,7.082051E-1,1.5285492E-3,6.540108E-3,-8.2678796E-4,-2.1038056E-4,1.16602576E-4,4.3344498E-4],"split_indices":[0,0,0,0,0,0,0,0,0,0,0,0,0,0,0],"split_type":[0,0,0,0,0,0,0,0,0,0,0,0,0,0,0],"sum_hessian":[9E0,2E0,7E0,1E0,1E0,5E0,2E0,2E0,3E0,1E0,1E0,1E0,1E0,2E0,1E0],"tree_param":{"num_deleted":"0","num_feature":"2","num_nodes":"15","size_leaf_vector":"1"}},{"base_weights":[-4.0718406E-3,-6.1939348E-2,1.8137455E-2,-7.33289E-3,-1.9580126E-3,-1.367569E-3,5.1101685E-2,-6.5689087E-3,2.875328E-3,1.4520645E-3,6.213188E-3,-7.854462E-4,-1.9989014E-4,1.08846034E-4,4.117966E-4],"categories":[],"categories_nodes":[],"categories_segments":[],"categories_sizes":[],"default_left":[0,0,0,0,0,0,0,0,0,0,0,0,0,0,0],"id":97,"left_children":[1,3,5,-1,-1,7,9,11,13,-1,-1,-1,-1,-1,-1],"loss_changes":[1.3975387E-2,1.1568889E-5,5.2136304E-3,0E0,0E0,1.5130025E-4,3.0829292E-4,1.9246654E-6,4.3994733E-6,0E0,0E0,0E0,0E0,0E0,0E0],"parents":[2147483647,0,0,1,1,2,2,5,5,6,6,7,7,8,8],"right_children":[2,4,6,-1,-1,8,10,12,14,-1,-1,-1,-1,-1,-1],"split_conditions":[2.0249514E-1,9.805462E-2,9.1014665E-1,-7.33289E-3,-1.9580126E-3,5.0702965E-1,1E0,3.9765164E-1,7.082051E-1,1.4520645E-3,6.213188E-3,-7.854462E-4,-1.9989014E-4,1.08846034E-4,4.117966E-4],"split_indices":[0,0,0,0,0,0,0,0,0,0,0,0,0,0,0],"split_type":[0,0,0,0,0,0,0,0,0,0,0,0,0,0,0],"sum_hessian":[9E0,2E0,7E0,1E0,1E0,5E0,2E0,2E0,3E0,1E0,1E0,1E0,1E0,2E0,1E0],"tree_param":{"num_deleted":"0","num_feature":"2","num_nodes":"15","size_leaf_vector":"1"}},{"base_weights":[-3.8738488E-3,-5.884242E-2,1.7223597E-2,-6.9662454E-3,-1.8601179E-3,-1.3081232E-3,4.8545837E-2,-6.240209E-3,2.7179718E-3,1.3793946E-3,5.9024813E-3,-7.461548E-4,-1.8987656E-4,1.0159811E-4,3.9119722E-4],"categories":[],"categories_nodes":[],"categories_segments":[],"categories_sizes":[],"default_left":[0,0,0,0,0,0,0,0,0,0,0,0,0,0,0],"id":98,"left_children":[1,3,5,-1,-1,7,9,11,13,-1,-1,-1,-1,-1,-1],"loss_changes":[1.2610443E-2,1.0430813E-5,4.7071436E-3,0E0,0E0,1.3610299E-4,2.783076E-4,1.7393904E-6,4.154219E-6,0E0,0E0,0E0,0E0,0E0,0E0],"parents":[2147483647,0,0,1,1,2,2,5,5,6,6,7,7,8,8],"right_children":[2,4,6,-1,-1,8,10,12,14,-1,-1,-1,-1,-1,-1],"split_conditions":[2.0249514E-1,9.805462E-2,9.1014665E-1,-6.9662454E-3,-1.8601179E-3,5.0702965E-1,1E0,3.9765164E-1,7.082051E-1,1.3793946E-3,5.9024813E-3,-7.461548E-4,-1.8987656E-4,1.0159811E-4,3.9119722E-4],"split_indices":[0,0,0,0,0,0,0,0,0,0,0,0,0,0,0],"split_type":[0,0,0,0,0,0,0,0,0,0,0,0,0,0,0],"sum_hessian":[9E0,2E0,7E0,1E0,1E0,5E0,2E0,2E0,3E0,1E0,1E0,1E0,1E0,2E0,1E0],"tree_param":{"num_deleted":"0","num_feature":"2","num_nodes":"15","size_leaf_vector":"1"}},{"base_weights":[-3.6851033E-3,-5.590029E-2,1.635623E-2,-6.617933E-3,-1.7671109E-3,-1.2509028E-3,4.611842E-2,-5.9280396E-3,2.5696754E-3,1.3103485E-3,5.6074145E-3,-7.088661E-4,-1.8033982E-4,9.4858806E-5,3.716469E-4],"categories":[],"categories_nodes":[],"categories_segments":[],"categories_sizes":[],"default_left":[0,0,0,0,0,0,0,0,0,0,0,0,0,0,0],"id":99,"left_children":[1,3,5,-1,-1,7,9,11,13,-1,-1,-1,-1,-1,-1],"loss_changes":[1.1378937E-2,9.415671E-6,4.2499043E-3,0E0,0E0,1.2244933E-4,2.5129598E-4,1.5777623E-6,3.9108127E-6,0E0,0E0,0E0,0E0,0E0,0E0],"parents":[2147483647,0,0,1,1,2,2,5,5,6,6,7,7,8,8],"right_children":[2,4,6,-1,-1,8,10,12,14,-1,-1,-1,-1,-1,-1],"split_conditions":[2.0249514E-1,9.805462E-2,9.1014665E-1,-6.617933E-3,-1.7671109E-3,5.0702965E-1,1E0,3.9765164E-1,7.082051E-1,1.3103485E-3,5.6074145E-3,-7.088661E-4,-1.8033982E-4,9.4858806E-5,3.716469E-4],"split_indices":[0,0,0,0,0,0,0,0,0,0,0,0,0,0,0],"split_type":[0,0,0,0,0,0,0,0,0,0,0,0,0,0,0],"sum_hessian":[9E0,2E0,7E0,1E0,1E0,5E0,2E0,2E0,3E0,1E0,1E0,1E0,1E0,2E0,1E0],"tree_param":{"num_deleted":"0","num_feature":"2","num_nodes":"15","size_leaf_vector":"1"}}]},"name":"gbtree"},"learner_model_param":{"base_score":"2.2066668E1","boost_from_average":"1","num_class":"0","num_feature":"2","num_target":"1"},"objective":{"name":"reg:squarederror","reg_loss_param":{"scale_pos_weight":"1"}}},"version":[2,0,1]}