{"package": {"All_Weights": {"Bias_Weight": 22.67629144429784, "Categorical_Variables": {}, "Numerical_Variables": {"bpf_cpu_time_us": {"mean": 137650220.50684932, "variance": 64906989337960.34, "weight": -1.0837330697584526}}}}, "core": {"All_Weights": {"Bias_Weight": 0.0, "Categorical_Variables": {}, "Numerical_Variables": {"bpf_cpu_time_us": {"mean": 137650220.50684932, "variance": 64906989337960.34, "weight": 0.0}}}}, "uncore": {"All_Weights": {"Bias_Weight": 0.0, "Categorical_Variables": {}, "Numerical_Variables": {"bpf_cpu_time_us": {"mean": 137650220.50684932, "variance": 64906989337960.34, "weight": 0.0}}}}, "dram": {"All_Weights": {"Bias_Weight": 0.19062114584329615, "Categorical_Variables": {}, "Numerical_Variables": {"bpf_cpu_time_us": {"mean": 137650220.50684932, "variance": 64906989337960.34, "weight": -0.010676985928771218}}}}}