,Unnamed: 0,model_name,model_class,model_file,features,fe_files,output_type,mae,mape,package_mae,core_mae,uncore_mae,dram_mae,package_mape,core_mape,uncore_mape,dram_mape,trainer,node_type,feature_group
0,23,GradientBoostingRegressorTrainer_3,scikit,GradientBoostingRegressorTrainer_3.json,"['bpf_block_irq', 'bpf_cpu_time_ms', 'bpf_net_rx_irq', 'bpf_net_tx_irq', 'bpf_page_cache_hit']",[],AbsPower,7.26,2.07,7.26,0.0,0.0,0.58,2.78,-1,-1,2.07,GradientBoostingRegressorTrainer,3,BPFIRQ
1,8,LogarithmicRegressionTrainer_1,curvefit,LogarithmicRegressionTrainer_1.json,"['bpf_block_irq', 'bpf_cpu_time_ms', 'bpf_net_rx_irq', 'bpf_net_tx_irq', 'bpf_page_cache_hit']",[],AbsPower,8.56,14.99,8.56,0.0,0.0,3.13,8.93,-1,-1,14.99,LogarithmicRegressionTrainer,1,BPFIRQ
2,16,XgboostFitTrainer_3,xgboost,XgboostFitTrainer_3.json,"['bpf_block_irq', 'bpf_cpu_time_ms', 'bpf_net_rx_irq', 'bpf_net_tx_irq', 'bpf_page_cache_hit']",[],AbsPower,12.0,2.74,12.0,0.0,0.0,0.78,6.34,-1,-1,2.74,XgboostFitTrainer,3,BPFIRQ
3,15,XgboostFitTrainer_1,xgboost,XgboostFitTrainer_1.json,"['bpf_block_irq', 'bpf_cpu_time_ms', 'bpf_net_rx_irq', 'bpf_net_tx_irq', 'bpf_page_cache_hit']",[],AbsPower,12.48,3.98,12.48,0.0,0.0,0.85,11.77,-1,-1,3.98,XgboostFitTrainer,1,BPFIRQ
4,33,PolynomialRegressionTrainer_1,scikit,PolynomialRegressionTrainer_1.json,"['bpf_block_irq', 'bpf_cpu_time_ms', 'bpf_net_rx_irq', 'bpf_net_tx_irq', 'bpf_page_cache_hit']",['poly_scaler.pkl'],AbsPower,14.74,11.25,14.74,0.0,0.0,2.22,21.78,-1,-1,11.25,PolynomialRegressionTrainer,1,BPFIRQ
5,12,XgboostFitTrainer_0,xgboost,XgboostFitTrainer_0.json,"['bpf_block_irq', 'bpf_cpu_time_ms', 'bpf_net_rx_irq', 'bpf_net_tx_irq', 'bpf_page_cache_hit']",[],AbsPower,16.09,4.14,16.09,0.0,0.0,0.78,6.03,-1,-1,4.14,XgboostFitTrainer,0,BPFIRQ
6,18,KNeighborsRegressorTrainer_1,scikit,KNeighborsRegressorTrainer_1.json,"['bpf_block_irq', 'bpf_cpu_time_ms', 'bpf_net_rx_irq', 'bpf_net_tx_irq', 'bpf_page_cache_hit']",[],AbsPower,16.42,10.21,16.42,0.0,0.0,1.97,18.98,-1,-1,10.21,KNeighborsRegressorTrainer,1,BPFIRQ
7,13,KNeighborsRegressorTrainer_3,scikit,KNeighborsRegressorTrainer_3.json,"['bpf_block_irq', 'bpf_cpu_time_ms', 'bpf_net_rx_irq', 'bpf_net_tx_irq', 'bpf_page_cache_hit']",[],AbsPower,18.61,3.02,18.61,0.0,0.0,0.77,8.66,-1,-1,3.02,KNeighborsRegressorTrainer,3,BPFIRQ
8,2,SGDRegressorTrainer_1,scikit,SGDRegressorTrainer_1.json,"['bpf_block_irq', 'bpf_cpu_time_ms', 'bpf_net_rx_irq', 'bpf_net_tx_irq', 'bpf_page_cache_hit']",[],AbsPower,18.93,14.9,18.93,0.0,0.0,3.02,19.87,-1,-1,14.9,SGDRegressorTrainer,1,BPFIRQ
9,32,GradientBoostingRegressorTrainer_1,scikit,GradientBoostingRegressorTrainer_1.json,"['bpf_block_irq', 'bpf_cpu_time_ms', 'bpf_net_rx_irq', 'bpf_net_tx_irq', 'bpf_page_cache_hit']",[],AbsPower,22.32,3.29,22.32,0.0,0.0,0.7,12.79,-1,-1,3.29,GradientBoostingRegressorTrainer,1,BPFIRQ
10,19,XgboostFitTrainer_2,xgboost,XgboostFitTrainer_2.json,"['bpf_block_irq', 'bpf_cpu_time_ms', 'bpf_net_rx_irq', 'bpf_net_tx_irq', 'bpf_page_cache_hit']",[],AbsPower,24.32,2.75,24.32,0.0,0.0,0.44,10.56,-1,-1,2.75,XgboostFitTrainer,2,BPFIRQ
11,24,GradientBoostingRegressorTrainer_2,scikit,GradientBoostingRegressorTrainer_2.json,"['bpf_block_irq', 'bpf_cpu_time_ms', 'bpf_net_rx_irq', 'bpf_net_tx_irq', 'bpf_page_cache_hit']",[],AbsPower,25.0,1.26,25.0,0.0,0.0,0.21,9.38,-1,-1,1.26,GradientBoostingRegressorTrainer,2,BPFIRQ
12,11,LogarithmicRegressionTrainer_3,curvefit,LogarithmicRegressionTrainer_3.json,"['bpf_block_irq', 'bpf_cpu_time_ms', 'bpf_net_rx_irq', 'bpf_net_tx_irq', 'bpf_page_cache_hit']",[],AbsPower,26.38,14.55,26.38,0.0,0.0,3.98,15.33,-1,-1,14.55,LogarithmicRegressionTrainer,3,BPFIRQ
13,26,ExponentialRegressionTrainer_1,curvefit,ExponentialRegressionTrainer_1.json,"['bpf_block_irq', 'bpf_cpu_time_ms', 'bpf_net_rx_irq', 'bpf_net_tx_irq', 'bpf_page_cache_hit']",[],AbsPower,26.42,14.31,26.42,0.0,0.0,3.02,35.11,-1,-1,14.31,ExponentialRegressionTrainer,1,BPFIRQ
14,27,LinearRegressionTrainer_1,scikit,LinearRegressionTrainer_1.json,"['bpf_block_irq', 'bpf_cpu_time_ms', 'bpf_net_rx_irq', 'bpf_net_tx_irq', 'bpf_page_cache_hit']",[],AbsPower,33.64,10.49,33.64,0.0,0.0,1.95,33.2,-1,-1,10.49,LinearRegressionTrainer,1,BPFIRQ
15,3,SVRRegressorTrainer_1,scikit,SVRRegressorTrainer_1.json,"['bpf_block_irq', 'bpf_cpu_time_ms', 'bpf_net_rx_irq', 'bpf_net_tx_irq', 'bpf_page_cache_hit']",[],AbsPower,37.98,10.62,37.98,0.0,0.0,1.89,43.85,-1,-1,10.62,SVRRegressorTrainer,1,BPFIRQ
16,22,PolynomialRegressionTrainer_3,scikit,PolynomialRegressionTrainer_3.json,"['bpf_block_irq', 'bpf_cpu_time_ms', 'bpf_net_rx_irq', 'bpf_net_tx_irq', 'bpf_page_cache_hit']",['poly_scaler.pkl'],AbsPower,39.97,7.88,39.97,0.0,0.0,2.17,24.81,-1,-1,7.88,PolynomialRegressionTrainer,3,BPFIRQ
17,10,LogarithmicRegressionTrainer_2,curvefit,LogarithmicRegressionTrainer_2.json,"['bpf_block_irq', 'bpf_cpu_time_ms', 'bpf_net_rx_irq', 'bpf_net_tx_irq', 'bpf_page_cache_hit']",[],AbsPower,42.44,15.18,42.44,0.0,0.0,2.26,22.92,-1,-1,15.18,LogarithmicRegressionTrainer,2,BPFIRQ
18,31,GradientBoostingRegressorTrainer_0,scikit,GradientBoostingRegressorTrainer_0.json,"['bpf_block_irq', 'bpf_cpu_time_ms', 'bpf_net_rx_irq', 'bpf_net_tx_irq', 'bpf_page_cache_hit']",[],AbsPower,45.93,1.36,45.93,0.0,0.0,0.23,18.44,-1,-1,1.36,GradientBoostingRegressorTrainer,0,BPFIRQ
19,25,PolynomialRegressionTrainer_2,scikit,PolynomialRegressionTrainer_2.json,"['bpf_block_irq', 'bpf_cpu_time_ms', 'bpf_net_rx_irq', 'bpf_net_tx_irq', 'bpf_page_cache_hit']",['poly_scaler.pkl'],AbsPower,46.38,10.19,46.38,0.0,0.0,1.4,40.27,-1,-1,10.19,PolynomialRegressionTrainer,2,BPFIRQ
20,9,LogarithmicRegressionTrainer_0,curvefit,LogarithmicRegressionTrainer_0.json,"['bpf_block_irq', 'bpf_cpu_time_ms', 'bpf_net_rx_irq', 'bpf_net_tx_irq', 'bpf_page_cache_hit']",[],AbsPower,47.4,11.06,47.4,0.0,0.0,1.87,15.5,-1,-1,11.06,LogarithmicRegressionTrainer,0,BPFIRQ
21,28,LinearRegressionTrainer_3,scikit,LinearRegressionTrainer_3.json,"['bpf_block_irq', 'bpf_cpu_time_ms', 'bpf_net_rx_irq', 'bpf_net_tx_irq', 'bpf_page_cache_hit']",[],AbsPower,52.96,10.07,52.96,0.0,0.0,2.62,37.85,-1,-1,10.07,LinearRegressionTrainer,3,BPFIRQ
22,5,SGDRegressorTrainer_3,scikit,SGDRegressorTrainer_3.json,"['bpf_block_irq', 'bpf_cpu_time_ms', 'bpf_net_rx_irq', 'bpf_net_tx_irq', 'bpf_page_cache_hit']",[],AbsPower,55.68,7.79,55.68,0.0,0.0,2.2,46.9,-1,-1,7.79,SGDRegressorTrainer,3,BPFIRQ
23,17,KNeighborsRegressorTrainer_0,scikit,KNeighborsRegressorTrainer_0.json,"['bpf_block_irq', 'bpf_cpu_time_ms', 'bpf_net_rx_irq', 'bpf_net_tx_irq', 'bpf_page_cache_hit']",[],AbsPower,61.83,8.74,61.83,0.0,0.0,1.43,62.44,-1,-1,8.74,KNeighborsRegressorTrainer,0,BPFIRQ
24,20,LinearRegressionTrainer_0,scikit,LinearRegressionTrainer_0.json,"['bpf_block_irq', 'bpf_cpu_time_ms', 'bpf_net_rx_irq', 'bpf_net_tx_irq', 'bpf_page_cache_hit']",[],AbsPower,69.09,6.69,69.09,0.0,0.0,1.1,46.36,-1,-1,6.69,LinearRegressionTrainer,0,BPFIRQ
25,29,ExponentialRegressionTrainer_3,curvefit,ExponentialRegressionTrainer_3.json,"['bpf_block_irq', 'bpf_cpu_time_ms', 'bpf_net_rx_irq', 'bpf_net_tx_irq', 'bpf_page_cache_hit']",[],AbsPower,71.11,16.9,71.11,0.0,0.0,4.28,73.04,-1,-1,16.9,ExponentialRegressionTrainer,3,BPFIRQ
26,14,KNeighborsRegressorTrainer_2,scikit,KNeighborsRegressorTrainer_2.json,"['bpf_block_irq', 'bpf_cpu_time_ms', 'bpf_net_rx_irq', 'bpf_net_tx_irq', 'bpf_page_cache_hit']",[],AbsPower,72.73,8.23,72.73,0.0,0.0,1.26,42.73,-1,-1,8.23,KNeighborsRegressorTrainer,2,BPFIRQ
27,30,PolynomialRegressionTrainer_0,scikit,PolynomialRegressionTrainer_0.json,"['bpf_block_irq', 'bpf_cpu_time_ms', 'bpf_net_rx_irq', 'bpf_net_tx_irq', 'bpf_page_cache_hit']",['poly_scaler.pkl'],AbsPower,80.57,6.65,80.57,0.0,0.0,1.19,70.65,-1,-1,6.65,PolynomialRegressionTrainer,0,BPFIRQ
28,6,SGDRegressorTrainer_2,scikit,SGDRegressorTrainer_2.json,"['bpf_block_irq', 'bpf_cpu_time_ms', 'bpf_net_rx_irq', 'bpf_net_tx_irq', 'bpf_page_cache_hit']",[],AbsPower,89.73,9.2,89.73,0.0,0.0,1.46,52.72,-1,-1,9.2,SGDRegressorTrainer,2,BPFIRQ
29,34,ExponentialRegressionTrainer_2,curvefit,ExponentialRegressionTrainer_2.json,"['bpf_block_irq', 'bpf_cpu_time_ms', 'bpf_net_rx_irq', 'bpf_net_tx_irq', 'bpf_page_cache_hit']",[],AbsPower,94.09,17.7,94.09,0.0,0.0,2.58,51.41,-1,-1,17.7,ExponentialRegressionTrainer,2,BPFIRQ
36,15,XgboostFitTrainer_1,xgboost,XgboostFitTrainer_1.json,"['bpf_cpu_time_ms', 'bpf_page_cache_hit']",[],AbsPower,4.02,3.9,4.02,0.0,0.0,0.77,4.72,-1,-1,3.9,XgboostFitTrainer,1,BPFOnly
37,18,KNeighborsRegressorTrainer_1,scikit,KNeighborsRegressorTrainer_1.json,"['bpf_cpu_time_ms', 'bpf_page_cache_hit']",[],AbsPower,4.86,6.17,4.86,0.0,0.0,1.08,5.64,-1,-1,6.17,KNeighborsRegressorTrainer,1,BPFOnly
38,12,XgboostFitTrainer_0,xgboost,XgboostFitTrainer_0.json,"['bpf_cpu_time_ms', 'bpf_page_cache_hit']",[],AbsPower,6.82,2.31,6.82,0.0,0.0,0.34,3.02,-1,-1,2.31,XgboostFitTrainer,0,BPFOnly
39,17,KNeighborsRegressorTrainer_0,scikit,KNeighborsRegressorTrainer_0.json,"['bpf_cpu_time_ms', 'bpf_page_cache_hit']",[],AbsPower,6.92,4.32,6.92,0.0,0.0,0.69,2.1,-1,-1,4.32,KNeighborsRegressorTrainer,0,BPFOnly
40,8,LogarithmicRegressionTrainer_1,curvefit,LogarithmicRegressionTrainer_1.json,"['bpf_cpu_time_ms', 'bpf_page_cache_hit']",[],AbsPower,8.29,15.29,8.29,0.0,0.0,3.27,9.35,-1,-1,15.29,LogarithmicRegressionTrainer,1,BPFOnly
41,16,XgboostFitTrainer_3,xgboost,XgboostFitTrainer_3.json,"['bpf_cpu_time_ms', 'bpf_page_cache_hit']",[],AbsPower,10.15,0.9,10.15,0.0,0.0,0.27,5.5,-1,-1,0.9,XgboostFitTrainer,3,BPFOnly
42,32,GradientBoostingRegressorTrainer_1,scikit,GradientBoostingRegressorTrainer_1.json,"['bpf_cpu_time_ms', 'bpf_page_cache_hit']",[],AbsPower,12.8,2.87,12.8,0.0,0.0,0.58,12.32,-1,-1,2.87,GradientBoostingRegressorTrainer,1,BPFOnly
43,33,PolynomialRegressionTrainer_1,scikit,PolynomialRegressionTrainer_1.json,"['bpf_cpu_time_ms', 'bpf_page_cache_hit']",['poly_scaler.pkl'],AbsPower,14.4,10.85,14.4,0.0,0.0,2.29,19.78,-1,-1,10.85,PolynomialRegressionTrainer,1,BPFOnly
44,13,KNeighborsRegressorTrainer_3,scikit,KNeighborsRegressorTrainer_3.json,"['bpf_cpu_time_ms', 'bpf_page_cache_hit']",[],AbsPower,20.57,4.75,20.57,0.0,0.0,1.26,12.11,-1,-1,4.75,KNeighborsRegressorTrainer,3,BPFOnly
45,2,SGDRegressorTrainer_1,scikit,SGDRegressorTrainer_1.json,"['bpf_cpu_time_ms', 'bpf_page_cache_hit']",[],AbsPower,21.34,11.27,21.34,0.0,0.0,2.35,22.52,-1,-1,11.27,SGDRegressorTrainer,1,BPFOnly
47,31,GradientBoostingRegressorTrainer_0,scikit,GradientBoostingRegressorTrainer_0.json,"['bpf_cpu_time_ms', 'bpf_page_cache_hit']",[],AbsPower,25.39,1.48,25.39,0.0,0.0,0.26,7.3,-1,-1,1.48,GradientBoostingRegressorTrainer,0,BPFOnly
48,3,SVRRegressorTrainer_1,scikit,SVRRegressorTrainer_1.json,"['bpf_cpu_time_ms', 'bpf_page_cache_hit']",[],AbsPower,27.79,8.19,27.79,0.0,0.0,1.64,42.45,-1,-1,8.19,SVRRegressorTrainer,1,BPFOnly
49,11,LogarithmicRegressionTrainer_3,curvefit,LogarithmicRegressionTrainer_3.json,"['bpf_cpu_time_ms', 'bpf_page_cache_hit']",[],AbsPower,28.1,13.8,28.1,0.0,0.0,3.82,11.7,-1,-1,13.8,LogarithmicRegressionTrainer,3,BPFOnly
50,27,LinearRegressionTrainer_1,scikit,LinearRegressionTrainer_1.json,"['bpf_cpu_time_ms', 'bpf_page_cache_hit']",[],AbsPower,30.1,8.6,30.1,0.0,0.0,2.04,35.78,-1,-1,8.6,LinearRegressionTrainer,1,BPFOnly
51,23,GradientBoostingRegressorTrainer_3,scikit,GradientBoostingRegressorTrainer_3.json,"['bpf_cpu_time_ms', 'bpf_page_cache_hit']",[],AbsPower,30.29,1.14,30.29,0.0,0.0,0.34,21.91,-1,-1,1.14,GradientBoostingRegressorTrainer,3,BPFOnly
52,19,XgboostFitTrainer_2,xgboost,XgboostFitTrainer_2.json,"['bpf_cpu_time_ms', 'bpf_page_cache_hit']",[],AbsPower,32.39,2.54,32.39,0.0,0.0,0.38,15.38,-1,-1,2.54,XgboostFitTrainer,2,BPFOnly
53,14,KNeighborsRegressorTrainer_2,scikit,KNeighborsRegressorTrainer_2.json,"['bpf_cpu_time_ms', 'bpf_page_cache_hit']",[],AbsPower,35.11,3.09,35.11,0.0,0.0,0.47,13.1,-1,-1,3.09,KNeighborsRegressorTrainer,2,BPFOnly
54,22,PolynomialRegressionTrainer_3,scikit,PolynomialRegressionTrainer_3.json,"['bpf_cpu_time_ms', 'bpf_page_cache_hit']",['poly_scaler.pkl'],AbsPower,40.69,7.8,40.69,0.0,0.0,2.17,35.65,-1,-1,7.8,PolynomialRegressionTrainer,3,BPFOnly
55,9,LogarithmicRegressionTrainer_0,curvefit,LogarithmicRegressionTrainer_0.json,"['bpf_cpu_time_ms', 'bpf_page_cache_hit']",[],AbsPower,43.63,16.52,43.63,0.0,0.0,2.58,17.84,-1,-1,16.52,LogarithmicRegressionTrainer,0,BPFOnly
56,24,GradientBoostingRegressorTrainer_2,scikit,GradientBoostingRegressorTrainer_2.json,"['bpf_cpu_time_ms', 'bpf_page_cache_hit']",[],AbsPower,50.28,2.55,50.28,0.0,0.0,0.41,19.0,-1,-1,2.55,GradientBoostingRegressorTrainer,2,BPFOnly
57,5,SGDRegressorTrainer_3,scikit,SGDRegressorTrainer_3.json,"['bpf_cpu_time_ms', 'bpf_page_cache_hit']",[],AbsPower,59.32,7.68,59.32,0.0,0.0,2.24,34.11,-1,-1,7.68,SGDRegressorTrainer,3,BPFOnly
58,10,LogarithmicRegressionTrainer_2,curvefit,LogarithmicRegressionTrainer_2.json,"['bpf_cpu_time_ms', 'bpf_page_cache_hit']",[],AbsPower,60.32,17.16,60.32,0.0,0.0,2.52,21.49,-1,-1,17.16,LogarithmicRegressionTrainer,2,BPFOnly
59,4,SVRRegressorTrainer_3,scikit,SVRRegressorTrainer_3.json,"['bpf_cpu_time_ms', 'bpf_page_cache_hit']",[],AbsPower,63.4,4.93,63.4,0.0,0.0,1.51,52.75,-1,-1,4.93,SVRRegressorTrainer,3,BPFOnly
60,29,ExponentialRegressionTrainer_3,curvefit,ExponentialRegressionTrainer_3.json,"['bpf_cpu_time_ms', 'bpf_page_cache_hit']",[],AbsPower,65.96,13.9,65.96,0.0,0.0,3.83,60.95,-1,-1,13.9,ExponentialRegressionTrainer,3,BPFOnly
61,30,PolynomialRegressionTrainer_0,scikit,PolynomialRegressionTrainer_0.json,"['bpf_cpu_time_ms', 'bpf_page_cache_hit']",['poly_scaler.pkl'],AbsPower,68.51,9.33,68.51,0.0,0.0,1.49,47.55,-1,-1,9.33,PolynomialRegressionTrainer,0,BPFOnly
62,28,LinearRegressionTrainer_3,scikit,LinearRegressionTrainer_3.json,"['bpf_cpu_time_ms', 'bpf_page_cache_hit']",[],AbsPower,70.48,10.12,70.48,0.0,0.0,2.86,50.09,-1,-1,10.12,LinearRegressionTrainer,3,BPFOnly
63,25,PolynomialRegressionTrainer_2,scikit,PolynomialRegressionTrainer_2.json,"['bpf_cpu_time_ms', 'bpf_page_cache_hit']",['poly_scaler.pkl'],AbsPower,77.01,11.16,77.01,0.0,0.0,1.54,65.31,-1,-1,11.16,PolynomialRegressionTrainer,2,BPFOnly
64,6,SGDRegressorTrainer_2,scikit,SGDRegressorTrainer_2.json,"['bpf_cpu_time_ms', 'bpf_page_cache_hit']",[],AbsPower,78.6,9.76,78.6,0.0,0.0,1.34,52.05,-1,-1,9.76,SGDRegressorTrainer,2,BPFOnly
65,21,ExponentialRegressionTrainer_0,curvefit,ExponentialRegressionTrainer_0.json,"['bpf_cpu_time_ms', 'bpf_page_cache_hit']",[],AbsPower,83.68,15.18,83.68,0.0,0.0,2.39,77.36,-1,-1,15.18,ExponentialRegressionTrainer,0,BPFOnly
66,1,SGDRegressorTrainer_0,scikit,SGDRegressorTrainer_0.json,"['bpf_cpu_time_ms', 'bpf_page_cache_hit']",[],AbsPower,86.37,12.07,86.37,0.0,0.0,2.16,43.22,-1,-1,12.07,SGDRegressorTrainer,0,BPFOnly
67,35,LinearRegressionTrainer_2,scikit,LinearRegressionTrainer_2.json,"['bpf_cpu_time_ms', 'bpf_page_cache_hit']",[],AbsPower,86.43,13.61,86.43,0.0,0.0,1.96,62.09,-1,-1,13.61,LinearRegressionTrainer,2,BPFOnly
68,34,ExponentialRegressionTrainer_2,curvefit,ExponentialRegressionTrainer_2.json,"['bpf_cpu_time_ms', 'bpf_page_cache_hit']",[],AbsPower,89.23,15.12,89.23,0.0,0.0,2.3,92.35,-1,-1,15.12,ExponentialRegressionTrainer,2,BPFOnly
69,20,LinearRegressionTrainer_0,scikit,LinearRegressionTrainer_0.json,"['bpf_cpu_time_ms', 'bpf_page_cache_hit']",[],AbsPower,98.12,6.07,98.12,0.0,0.0,1.07,84.43,-1,-1,6.07,LinearRegressionTrainer,0,BPFOnly
72,15,XgboostFitTrainer_1,xgboost,XgboostFitTrainer_1.json,"['bpf_cpu_time_ms', 'bpf_page_cache_hit', 'cache_miss', 'cgroupfs_cpu_usage_us', 'cgroupfs_memory_usage_bytes', 'cgroupfs_system_cpu_usage_us', 'cgroupfs_user_cpu_usage_us', 'cpu_cycles', 'cpu_instructions']",[],AbsPower,1.42,4.08,1.42,0.0,0.0,0.83,1.43,-1,-1,4.08,XgboostFitTrainer,1,Basic
73,2,SGDRegressorTrainer_1,scikit,SGDRegressorTrainer_1.json,"['bpf_cpu_time_ms', 'bpf_page_cache_hit', 'cache_miss', 'cgroupfs_cpu_usage_us', 'cgroupfs_memory_usage_bytes', 'cgroupfs_system_cpu_usage_us', 'cgroupfs_user_cpu_usage_us', 'cpu_cycles', 'cpu_instructions']",[],AbsPower,2.58,13.65,2.32,0.0,0.0,2.58,3.53,-1,-1,13.65,SGDRegressorTrainer,1,Basic
74,8,LogarithmicRegressionTrainer_1,curvefit,LogarithmicRegressionTrainer_1.json,"['bpf_cpu_time_ms', 'bpf_page_cache_hit', 'cache_miss', 'cgroupfs_cpu_usage_us', 'cgroupfs_memory_usage_bytes', 'cgroupfs_system_cpu_usage_us', 'cgroupfs_user_cpu_usage_us', 'cpu_cycles', 'cpu_instructions']",[],AbsPower,3.15,11.14,3.15,0.0,0.0,2.45,2.68,-1,-1,11.14,LogarithmicRegressionTrainer,1,Basic
75,33,PolynomialRegressionTrainer_1,scikit,PolynomialRegressionTrainer_1.json,"['bpf_cpu_time_ms', 'bpf_page_cache_hit', 'cache_miss', 'cgroupfs_cpu_usage_us', 'cgroupfs_memory_usage_bytes', 'cgroupfs_system_cpu_usage_us', 'cgroupfs_user_cpu_usage_us', 'cpu_cycles', 'cpu_instructions']",['poly_scaler.pkl'],AbsPower,4.05,2.25,4.05,0.0,0.0,0.45,2.99,-1,-1,2.25,PolynomialRegressionTrainer,1,Basic
76,18,KNeighborsRegressorTrainer_1,scikit,KNeighborsRegressorTrainer_1.json,"['bpf_cpu_time_ms', 'bpf_page_cache_hit', 'cache_miss', 'cgroupfs_cpu_usage_us', 'cgroupfs_memory_usage_bytes', 'cgroupfs_system_cpu_usage_us', 'cgroupfs_user_cpu_usage_us', 'cpu_cycles', 'cpu_instructions']",[],AbsPower,4.94,3.17,4.94,0.0,0.0,0.64,3.56,-1,-1,3.17,KNeighborsRegressorTrainer,1,Basic
77,12,XgboostFitTrainer_0,xgboost,XgboostFitTrainer_0.json,"['bpf_cpu_time_ms', 'bpf_page_cache_hit', 'cache_miss', 'cgroupfs_cpu_usage_us', 'cgroupfs_memory_usage_bytes', 'cgroupfs_system_cpu_usage_us', 'cgroupfs_user_cpu_usage_us', 'cpu_cycles', 'cpu_instructions']",[],AbsPower,5.92,1.48,5.92,0.0,0.0,0.25,2.32,-1,-1,1.48,XgboostFitTrainer,0,Basic
78,16,XgboostFitTrainer_3,xgboost,XgboostFitTrainer_3.json,"['bpf_cpu_time_ms', 'bpf_page_cache_hit', 'cache_miss', 'cgroupfs_cpu_usage_us', 'cgroupfs_memory_usage_bytes', 'cgroupfs_system_cpu_usage_us', 'cgroupfs_user_cpu_usage_us', 'cpu_cycles', 'cpu_instructions']",[],AbsPower,6.36,1.25,6.36,0.0,0.0,0.34,3.32,-1,-1,1.25,XgboostFitTrainer,3,Basic
79,20,LinearRegressionTrainer_0,scikit,LinearRegressionTrainer_0.json,"['bpf_cpu_time_ms', 'bpf_page_cache_hit', 'cache_miss', 'cgroupfs_cpu_usage_us', 'cgroupfs_memory_usage_bytes', 'cgroupfs_system_cpu_usage_us', 'cgroupfs_user_cpu_usage_us', 'cpu_cycles', 'cpu_instructions']",[],AbsPower,6.55,2.29,6.55,0.0,0.0,0.43,2.29,-1,-1,2.29,LinearRegressionTrainer,0,Basic
80,19,XgboostFitTrainer_2,xgboost,XgboostFitTrainer_2.json,"['bpf_cpu_time_ms', 'bpf_page_cache_hit', 'cache_miss', 'cgroupfs_cpu_usage_us', 'cgroupfs_memory_usage_bytes', 'cgroupfs_system_cpu_usage_us', 'cgroupfs_user_cpu_usage_us', 'cpu_cycles', 'cpu_instructions']",[],AbsPower,7.22,2.09,7.22,0.0,0.0,0.32,3.62,-1,-1,2.09,XgboostFitTrainer,2,Basic
81,13,KNeighborsRegressorTrainer_3,scikit,KNeighborsRegressorTrainer_3.json,"['bpf_cpu_time_ms', 'bpf_page_cache_hit', 'cache_miss', 'cgroupfs_cpu_usage_us', 'cgroupfs_memory_usage_bytes', 'cgroupfs_system_cpu_usage_us', 'cgroupfs_user_cpu_usage_us', 'cpu_cycles', 'cpu_instructions']",[],AbsPower,8.39,0.56,8.39,0.0,0.0,0.17,3.94,-1,-1,0.56,KNeighborsRegressorTrainer,3,Basic
82,30,PolynomialRegressionTrainer_0,scikit,PolynomialRegressionTrainer_0.json,"['bpf_cpu_time_ms', 'bpf_page_cache_hit', 'cache_miss', 'cgroupfs_cpu_usage_us', 'cgroupfs_memory_usage_bytes', 'cgroupfs_system_cpu_usage_us', 'cgroupfs_user_cpu_usage_us', 'cpu_cycles', 'cpu_instructions']",['poly_scaler.pkl'],AbsPower,8.5,1.29,8.5,0.0,0.0,0.24,3.09,-1,-1,1.29,PolynomialRegressionTrainer,0,Basic
83,23,GradientBoostingRegressorTrainer_3,scikit,GradientBoostingRegressorTrainer_3.json,"['bpf_cpu_time_ms', 'bpf_page_cache_hit', 'cache_miss', 'cgroupfs_cpu_usage_us', 'cgroupfs_memory_usage_bytes', 'cgroupfs_system_cpu_usage_us', 'cgroupfs_user_cpu_usage_us', 'cpu_cycles', 'cpu_instructions']",[],AbsPower,8.83,0.97,8.83,0.0,0.0,0.26,3.2,-1,-1,0.97,GradientBoostingRegressorTrainer,3,Basic
84,24,GradientBoostingRegressorTrainer_2,scikit,GradientBoostingRegressorTrainer_2.json,"['bpf_cpu_time_ms', 'bpf_page_cache_hit', 'cache_miss', 'cgroupfs_cpu_usage_us', 'cgroupfs_memory_usage_bytes', 'cgroupfs_system_cpu_usage_us', 'cgroupfs_user_cpu_usage_us', 'cpu_cycles', 'cpu_instructions']",[],AbsPower,9.18,2.54,9.18,0.0,0.0,0.39,2.93,-1,-1,2.54,GradientBoostingRegressorTrainer,2,Basic
85,32,GradientBoostingRegressorTrainer_1,scikit,GradientBoostingRegressorTrainer_1.json,"['bpf_cpu_time_ms', 'bpf_page_cache_hit', 'cache_miss', 'cgroupfs_cpu_usage_us', 'cgroupfs_memory_usage_bytes', 'cgroupfs_system_cpu_usage_us', 'cgroupfs_user_cpu_usage_us', 'cpu_cycles', 'cpu_instructions']",[],AbsPower,9.36,2.15,9.36,0.0,0.0,0.5,5.61,-1,-1,2.15,GradientBoostingRegressorTrainer,1,Basic
86,27,LinearRegressionTrainer_1,scikit,LinearRegressionTrainer_1.json,"['bpf_cpu_time_ms', 'bpf_page_cache_hit', 'cache_miss', 'cgroupfs_cpu_usage_us', 'cgroupfs_memory_usage_bytes', 'cgroupfs_system_cpu_usage_us', 'cgroupfs_user_cpu_usage_us', 'cpu_cycles', 'cpu_instructions']",[],AbsPower,10.12,7.7,10.12,0.0,0.0,1.64,10.95,-1,-1,7.7,LinearRegressionTrainer,1,Basic
87,25,PolynomialRegressionTrainer_2,scikit,PolynomialRegressionTrainer_2.json,"['bpf_cpu_time_ms', 'bpf_page_cache_hit', 'cache_miss', 'cgroupfs_cpu_usage_us', 'cgroupfs_memory_usage_bytes', 'cgroupfs_system_cpu_usage_us', 'cgroupfs_user_cpu_usage_us', 'cpu_cycles', 'cpu_instructions']",['poly_scaler.pkl'],AbsPower,10.71,1.87,10.71,0.0,0.0,0.31,4.22,-1,-1,1.87,PolynomialRegressionTrainer,2,Basic
88,31,GradientBoostingRegressorTrainer_0,scikit,GradientBoostingRegressorTrainer_0.json,"['bpf_cpu_time_ms', 'bpf_page_cache_hit', 'cache_miss', 'cgroupfs_cpu_usage_us', 'cgroupfs_memory_usage_bytes', 'cgroupfs_system_cpu_usage_us', 'cgroupfs_user_cpu_usage_us', 'cpu_cycles', 'cpu_instructions']",[],AbsPower,10.82,1.07,10.82,0.0,0.0,0.17,6.4,-1,-1,1.07,GradientBoostingRegressorTrainer,0,Basic
89,1,SGDRegressorTrainer_0,scikit,SGDRegressorTrainer_0.json,"['bpf_cpu_time_ms', 'bpf_page_cache_hit', 'cache_miss', 'cgroupfs_cpu_usage_us', 'cgroupfs_memory_usage_bytes', 'cgroupfs_system_cpu_usage_us', 'cgroupfs_user_cpu_usage_us', 'cpu_cycles', 'cpu_instructions']",[],AbsPower,11.0,1.73,11.0,0.0,0.0,0.34,5.37,-1,-1,1.73,SGDRegressorTrainer,0,Basic
90,14,KNeighborsRegressorTrainer_2,scikit,KNeighborsRegressorTrainer_2.json,"['bpf_cpu_time_ms', 'bpf_page_cache_hit', 'cache_miss', 'cgroupfs_cpu_usage_us', 'cgroupfs_memory_usage_bytes', 'cgroupfs_system_cpu_usage_us', 'cgroupfs_user_cpu_usage_us', 'cpu_cycles', 'cpu_instructions']",[],AbsPower,12.16,1.78,12.16,0.0,0.0,0.27,4.33,-1,-1,1.78,KNeighborsRegressorTrainer,2,Basic
91,22,PolynomialRegressionTrainer_3,scikit,PolynomialRegressionTrainer_3.json,"['bpf_cpu_time_ms', 'bpf_page_cache_hit', 'cache_miss', 'cgroupfs_cpu_usage_us', 'cgroupfs_memory_usage_bytes', 'cgroupfs_system_cpu_usage_us', 'cgroupfs_user_cpu_usage_us', 'cpu_cycles', 'cpu_instructions']",['poly_scaler.pkl'],AbsPower,13.47,1.29,13.47,0.0,0.0,0.36,9.01,-1,-1,1.29,PolynomialRegressionTrainer,3,Basic
92,26,ExponentialRegressionTrainer_1,curvefit,ExponentialRegressionTrainer_1.json,"['bpf_cpu_time_ms', 'bpf_page_cache_hit', 'cache_miss', 'cgroupfs_cpu_usage_us', 'cgroupfs_memory_usage_bytes', 'cgroupfs_system_cpu_usage_us', 'cgroupfs_user_cpu_usage_us', 'cpu_cycles', 'cpu_instructions']",[],AbsPower,14.89,16.1,14.89,0.0,0.0,3.29,14.09,-1,-1,16.1,ExponentialRegressionTrainer,1,Basic
93,10,LogarithmicRegressionTrainer_2,curvefit,LogarithmicRegressionTrainer_2.json,"['bpf_cpu_time_ms', 'bpf_page_cache_hit', 'cache_miss', 'cgroupfs_cpu_usage_us', 'cgroupfs_memory_usage_bytes', 'cgroupfs_system_cpu_usage_us', 'cgroupfs_user_cpu_usage_us', 'cpu_cycles', 'cpu_instructions']",[],AbsPower,16.32,10.85,16.32,0.0,0.0,1.74,7.52,-1,-1,10.85,LogarithmicRegressionTrainer,2,Basic
94,11,LogarithmicRegressionTrainer_3,curvefit,LogarithmicRegressionTrainer_3.json,"['bpf_cpu_time_ms', 'bpf_page_cache_hit', 'cache_miss', 'cgroupfs_cpu_usage_us', 'cgroupfs_memory_usage_bytes', 'cgroupfs_system_cpu_usage_us', 'cgroupfs_user_cpu_usage_us', 'cpu_cycles', 'cpu_instructions']",[],AbsPower,16.62,9.25,16.62,0.0,0.0,2.41,9.57,-1,-1,9.25,LogarithmicRegressionTrainer,3,Basic
95,5,SGDRegressorTrainer_3,scikit,SGDRegressorTrainer_3.json,"['bpf_cpu_time_ms', 'bpf_page_cache_hit', 'cache_miss', 'cgroupfs_cpu_usage_us', 'cgroupfs_memory_usage_bytes', 'cgroupfs_system_cpu_usage_us', 'cgroupfs_user_cpu_usage_us', 'cpu_cycles', 'cpu_instructions']",[],AbsPower,17.94,3.49,17.94,0.0,0.0,0.98,12.66,-1,-1,3.49,SGDRegressorTrainer,3,Basic
96,6,SGDRegressorTrainer_2,scikit,SGDRegressorTrainer_2.json,"['bpf_cpu_time_ms', 'bpf_page_cache_hit', 'cache_miss', 'cgroupfs_cpu_usage_us', 'cgroupfs_memory_usage_bytes', 'cgroupfs_system_cpu_usage_us', 'cgroupfs_user_cpu_usage_us', 'cpu_cycles', 'cpu_instructions']",[],AbsPower,19.81,3.92,19.81,0.0,0.0,0.6,14.66,-1,-1,3.92,SGDRegressorTrainer,2,Basic
97,28,LinearRegressionTrainer_3,scikit,LinearRegressionTrainer_3.json,"['bpf_cpu_time_ms', 'bpf_page_cache_hit', 'cache_miss', 'cgroupfs_cpu_usage_us', 'cgroupfs_memory_usage_bytes', 'cgroupfs_system_cpu_usage_us', 'cgroupfs_user_cpu_usage_us', 'cpu_cycles', 'cpu_instructions']",[],AbsPower,20.41,3.9,20.41,0.0,0.0,1.15,13.74,-1,-1,3.9,LinearRegressionTrainer,3,Basic
98,17,KNeighborsRegressorTrainer_0,scikit,KNeighborsRegressorTrainer_0.json,"['bpf_cpu_time_ms', 'bpf_page_cache_hit', 'cache_miss', 'cgroupfs_cpu_usage_us', 'cgroupfs_memory_usage_bytes', 'cgroupfs_system_cpu_usage_us', 'cgroupfs_user_cpu_usage_us', 'cpu_cycles', 'cpu_instructions']",[],AbsPower,23.82,1.72,23.82,0.0,0.0,0.29,7.78,-1,-1,1.72,KNeighborsRegressorTrainer,0,Basic
99,35,LinearRegressionTrainer_2,scikit,LinearRegressionTrainer_2.json,"['bpf_cpu_time_ms', 'bpf_page_cache_hit', 'cache_miss', 'cgroupfs_cpu_usage_us', 'cgroupfs_memory_usage_bytes', 'cgroupfs_system_cpu_usage_us', 'cgroupfs_user_cpu_usage_us', 'cpu_cycles', 'cpu_instructions']",[],AbsPower,24.86,4.81,24.86,0.0,0.0,0.79,16.74,-1,-1,4.81,LinearRegressionTrainer,2,Basic
100,9,LogarithmicRegressionTrainer_0,curvefit,LogarithmicRegressionTrainer_0.json,"['bpf_cpu_time_ms', 'bpf_page_cache_hit', 'cache_miss', 'cgroupfs_cpu_usage_us', 'cgroupfs_memory_usage_bytes', 'cgroupfs_system_cpu_usage_us', 'cgroupfs_user_cpu_usage_us', 'cpu_cycles', 'cpu_instructions']",[],AbsPower,25.94,9.75,25.94,0.0,0.0,1.71,12.6,-1,-1,9.75,LogarithmicRegressionTrainer,0,Basic
101,3,SVRRegressorTrainer_1,scikit,SVRRegressorTrainer_1.json,"['bpf_cpu_time_ms', 'bpf_page_cache_hit', 'cache_miss', 'cgroupfs_cpu_usage_us', 'cgroupfs_memory_usage_bytes', 'cgroupfs_system_cpu_usage_us', 'cgroupfs_user_cpu_usage_us', 'cpu_cycles', 'cpu_instructions']",[],AbsPower,35.59,4.13,35.59,0.0,0.0,0.97,38.14,-1,-1,4.13,SVRRegressorTrainer,1,Basic
102,29,ExponentialRegressionTrainer_3,curvefit,ExponentialRegressionTrainer_3.json,"['bpf_cpu_time_ms', 'bpf_page_cache_hit', 'cache_miss', 'cgroupfs_cpu_usage_us', 'cgroupfs_memory_usage_bytes', 'cgroupfs_system_cpu_usage_us', 'cgroupfs_user_cpu_usage_us', 'cpu_cycles', 'cpu_instructions']",[],AbsPower,50.33,11.23,50.33,0.0,0.0,3.05,37.65,-1,-1,11.23,ExponentialRegressionTrainer,3,Basic
103,34,ExponentialRegressionTrainer_2,curvefit,ExponentialRegressionTrainer_2.json,"['bpf_cpu_time_ms', 'bpf_page_cache_hit', 'cache_miss', 'cgroupfs_cpu_usage_us', 'cgroupfs_memory_usage_bytes', 'cgroupfs_system_cpu_usage_us', 'cgroupfs_user_cpu_usage_us', 'cpu_cycles', 'cpu_instructions']",[],AbsPower,55.93,13.31,55.93,0.0,0.0,2.06,24.05,-1,-1,13.31,ExponentialRegressionTrainer,2,Basic
104,4,SVRRegressorTrainer_3,scikit,SVRRegressorTrainer_3.json,"['bpf_cpu_time_ms', 'bpf_page_cache_hit', 'cache_miss', 'cgroupfs_cpu_usage_us', 'cgroupfs_memory_usage_bytes', 'cgroupfs_system_cpu_usage_us', 'cgroupfs_user_cpu_usage_us', 'cpu_cycles', 'cpu_instructions']",[],AbsPower,59.57,1.66,59.57,0.0,0.0,0.46,55.1,-1,-1,1.66,SVRRegressorTrainer,3,Basic
105,21,ExponentialRegressionTrainer_0,curvefit,ExponentialRegressionTrainer_0.json,"['bpf_cpu_time_ms', 'bpf_page_cache_hit', 'cache_miss', 'cgroupfs_cpu_usage_us', 'cgroupfs_memory_usage_bytes', 'cgroupfs_system_cpu_usage_us', 'cgroupfs_user_cpu_usage_us', 'cpu_cycles', 'cpu_instructions']",[],AbsPower,68.39,9.74,68.39,0.0,0.0,1.7,48.86,-1,-1,9.74,ExponentialRegressionTrainer,0,Basic
106,0,SVRRegressorTrainer_0,scikit,SVRRegressorTrainer_0.json,"['bpf_cpu_time_ms', 'bpf_page_cache_hit', 'cache_miss', 'cgroupfs_cpu_usage_us', 'cgroupfs_memory_usage_bytes', 'cgroupfs_system_cpu_usage_us', 'cgroupfs_user_cpu_usage_us', 'cpu_cycles', 'cpu_instructions']",[],AbsPower,90.28,1.79,90.28,0.0,0.0,0.3,52.92,-1,-1,1.79,SVRRegressorTrainer,0,Basic
108,32,GradientBoostingRegressorTrainer_1,scikit,GradientBoostingRegressorTrainer_1.json,"['cgroupfs_cpu_usage_us', 'cgroupfs_memory_usage_bytes', 'cgroupfs_system_cpu_usage_us', 'cgroupfs_user_cpu_usage_us']",[],AbsPower,51.18,18.64,51.18,0.0,0.0,3.88,53.25,-1,-1,18.64,GradientBoostingRegressorTrainer,1,CgroupOnly
109,8,LogarithmicRegressionTrainer_1,curvefit,LogarithmicRegressionTrainer_1.json,"['cgroupfs_cpu_usage_us', 'cgroupfs_memory_usage_bytes', 'cgroupfs_system_cpu_usage_us', 'cgroupfs_user_cpu_usage_us']",[],AbsPower,56.58,16.55,56.58,0.0,0.0,3.33,63.13,-1,-1,16.55,LogarithmicRegressionTrainer,1,CgroupOnly
110,15,XgboostFitTrainer_1,xgboost,XgboostFitTrainer_1.json,"['cgroupfs_cpu_usage_us', 'cgroupfs_memory_usage_bytes', 'cgroupfs_system_cpu_usage_us', 'cgroupfs_user_cpu_usage_us']",[],AbsPower,59.08,15.61,59.08,0.0,0.0,3.39,77.05,-1,-1,15.61,XgboostFitTrainer,1,CgroupOnly
111,3,SVRRegressorTrainer_1,scikit,SVRRegressorTrainer_1.json,"['cgroupfs_cpu_usage_us', 'cgroupfs_memory_usage_bytes', 'cgroupfs_system_cpu_usage_us', 'cgroupfs_user_cpu_usage_us']",[],AbsPower,59.91,19.71,59.91,0.0,0.0,3.46,56.99,-1,-1,19.71,SVRRegressorTrainer,1,CgroupOnly
112,33,PolynomialRegressionTrainer_1,scikit,PolynomialRegressionTrainer_1.json,"['cgroupfs_cpu_usage_us', 'cgroupfs_memory_usage_bytes', 'cgroupfs_system_cpu_usage_us', 'cgroupfs_user_cpu_usage_us']",['poly_scaler.pkl'],AbsPower,60.7,17.39,60.7,0.0,0.0,3.54,91.17,-1,-1,17.39,PolynomialRegressionTrainer,1,CgroupOnly
113,26,ExponentialRegressionTrainer_1,curvefit,ExponentialRegressionTrainer_1.json,"['cgroupfs_cpu_usage_us', 'cgroupfs_memory_usage_bytes', 'cgroupfs_system_cpu_usage_us', 'cgroupfs_user_cpu_usage_us']",[],AbsPower,61.27,18.65,61.27,0.0,0.0,3.6,82.59,-1,-1,18.65,ExponentialRegressionTrainer,1,CgroupOnly
114,2,SGDRegressorTrainer_1,scikit,SGDRegressorTrainer_1.json,"['cgroupfs_cpu_usage_us', 'cgroupfs_memory_usage_bytes', 'cgroupfs_system_cpu_usage_us', 'cgroupfs_user_cpu_usage_us']",[],AbsPower,62.58,14.02,62.58,0.0,0.0,3.15,97.91,-1,-1,14.02,SGDRegressorTrainer,1,CgroupOnly
115,18,KNeighborsRegressorTrainer_1,scikit,KNeighborsRegressorTrainer_1.json,"['cgroupfs_cpu_usage_us', 'cgroupfs_memory_usage_bytes', 'cgroupfs_system_cpu_usage_us', 'cgroupfs_user_cpu_usage_us']",[],AbsPower,67.4,16.89,67.4,0.0,0.0,3.47,53.1,-1,-1,16.89,KNeighborsRegressorTrainer,1,CgroupOnly
116,27,LinearRegressionTrainer_1,scikit,LinearRegressionTrainer_1.json,"['cgroupfs_cpu_usage_us', 'cgroupfs_memory_usage_bytes', 'cgroupfs_system_cpu_usage_us', 'cgroupfs_user_cpu_usage_us']",[],AbsPower,68.0,10.59,68.0,0.0,0.0,2.43,75.77,-1,-1,10.59,LinearRegressionTrainer,1,CgroupOnly
117,4,SVRRegressorTrainer_3,scikit,SVRRegressorTrainer_3.json,"['cgroupfs_cpu_usage_us', 'cgroupfs_memory_usage_bytes', 'cgroupfs_system_cpu_usage_us', 'cgroupfs_user_cpu_usage_us']",[],AbsPower,97.67,16.5,97.67,0.0,0.0,3.86,95.32,-1,-1,16.5,SVRRegressorTrainer,3,CgroupOnly
118,5,SGDRegressorTrainer_3,scikit,SGDRegressorTrainer_3.json,"['cgroupfs_cpu_usage_us', 'cgroupfs_memory_usage_bytes', 'cgroupfs_system_cpu_usage_us', 'cgroupfs_user_cpu_usage_us']",[],AbsPower,99.3,13.27,99.3,0.0,0.0,3.76,71.31,-1,-1,13.27,SGDRegressorTrainer,3,CgroupOnly
144,27,LinearRegressionTrainer_1,scikit,LinearRegressionTrainer_1.json,"['bpf_block_irq', 'bpf_net_rx_irq', 'bpf_net_tx_irq', 'cache_miss', 'cpu_cycles', 'cpu_instructions']",[],AbsPower,3.07,8.12,3.07,0.0,0.0,1.66,3.43,-1,-1,8.12,LinearRegressionTrainer,1,CounterIRQCombined
145,33,PolynomialRegressionTrainer_1,scikit,PolynomialRegressionTrainer_1.json,"['bpf_block_irq', 'bpf_net_rx_irq', 'bpf_net_tx_irq', 'cache_miss', 'cpu_cycles', 'cpu_instructions']",['poly_scaler.pkl'],AbsPower,3.57,4.75,3.57,0.0,0.0,1.04,3.19,-1,-1,4.75,PolynomialRegressionTrainer,1,CounterIRQCombined
146,8,LogarithmicRegressionTrainer_1,curvefit,LogarithmicRegressionTrainer_1.json,"['bpf_block_irq', 'bpf_net_rx_irq', 'bpf_net_tx_irq', 'cache_miss', 'cpu_cycles', 'cpu_instructions']",[],AbsPower,4.62,10.96,4.62,0.0,0.0,2.23,6.39,-1,-1,10.96,LogarithmicRegressionTrainer,1,CounterIRQCombined
147,31,GradientBoostingRegressorTrainer_0,scikit,GradientBoostingRegressorTrainer_0.json,"['bpf_block_irq', 'bpf_net_rx_irq', 'bpf_net_tx_irq', 'cache_miss', 'cpu_cycles', 'cpu_instructions']",[],AbsPower,4.93,0.21,4.93,0.0,0.0,0.04,3.44,-1,-1,0.21,GradientBoostingRegressorTrainer,0,CounterIRQCombined
148,30,PolynomialRegressionTrainer_0,scikit,PolynomialRegressionTrainer_0.json,"['bpf_block_irq', 'bpf_net_rx_irq', 'bpf_net_tx_irq', 'cache_miss', 'cpu_cycles', 'cpu_instructions']",['poly_scaler.pkl'],AbsPower,5.15,1.61,5.15,0.0,0.0,0.27,1.7,-1,-1,1.61,PolynomialRegressionTrainer,0,CounterIRQCombined
149,22,PolynomialRegressionTrainer_3,scikit,PolynomialRegressionTrainer_3.json,"['bpf_block_irq', 'bpf_net_rx_irq', 'bpf_net_tx_irq', 'cache_miss', 'cpu_cycles', 'cpu_instructions']",['poly_scaler.pkl'],AbsPower,5.31,1.1,5.31,0.0,0.0,0.34,2.8,-1,-1,1.1,PolynomialRegressionTrainer,3,CounterIRQCombined
150,18,KNeighborsRegressorTrainer_1,scikit,KNeighborsRegressorTrainer_1.json,"['bpf_block_irq', 'bpf_net_rx_irq', 'bpf_net_tx_irq', 'cache_miss', 'cpu_cycles', 'cpu_instructions']",[],AbsPower,5.35,1.25,5.35,0.0,0.0,0.27,4.03,-1,-1,1.25,KNeighborsRegressorTrainer,1,CounterIRQCombined
151,16,XgboostFitTrainer_3,xgboost,XgboostFitTrainer_3.json,"['bpf_block_irq', 'bpf_net_rx_irq', 'bpf_net_tx_irq', 'cache_miss', 'cpu_cycles', 'cpu_instructions']",[],AbsPower,5.5,0.42,5.5,0.0,0.0,0.13,2.78,-1,-1,0.42,XgboostFitTrainer,3,CounterIRQCombined
152,15,XgboostFitTrainer_1,xgboost,XgboostFitTrainer_1.json,"['bpf_block_irq', 'bpf_net_rx_irq', 'bpf_net_tx_irq', 'cache_miss', 'cpu_cycles', 'cpu_instructions']",[],AbsPower,6.6,4.38,6.6,0.0,0.0,0.81,4.86,-1,-1,4.38,XgboostFitTrainer,1,CounterIRQCombined
153,23,GradientBoostingRegressorTrainer_3,scikit,GradientBoostingRegressorTrainer_3.json,"['bpf_block_irq', 'bpf_net_rx_irq', 'bpf_net_tx_irq', 'cache_miss', 'cpu_cycles', 'cpu_instructions']",[],AbsPower,7.38,0.62,7.38,0.0,0.0,0.18,4.09,-1,-1,0.62,GradientBoostingRegressorTrainer,3,CounterIRQCombined
154,24,GradientBoostingRegressorTrainer_2,scikit,GradientBoostingRegressorTrainer_2.json,"['bpf_block_irq', 'bpf_net_rx_irq', 'bpf_net_tx_irq', 'cache_miss', 'cpu_cycles', 'cpu_instructions']",[],AbsPower,7.48,0.99,7.48,0.0,0.0,0.17,4.47,-1,-1,0.99,GradientBoostingRegressorTrainer,2,CounterIRQCombined
155,13,KNeighborsRegressorTrainer_3,scikit,KNeighborsRegressorTrainer_3.json,"['bpf_block_irq', 'bpf_net_rx_irq', 'bpf_net_tx_irq', 'cache_miss', 'cpu_cycles', 'cpu_instructions']",[],AbsPower,7.86,1.88,7.86,0.0,0.0,0.51,3.57,-1,-1,1.88,KNeighborsRegressorTrainer,3,CounterIRQCombined
156,28,LinearRegressionTrainer_3,scikit,LinearRegressionTrainer_3.json,"['bpf_block_irq', 'bpf_net_rx_irq', 'bpf_net_tx_irq', 'cache_miss', 'cpu_cycles', 'cpu_instructions']",[],AbsPower,9.02,3.28,9.02,0.0,0.0,0.94,6.12,-1,-1,3.28,LinearRegressionTrainer,3,CounterIRQCombined
157,20,LinearRegressionTrainer_0,scikit,LinearRegressionTrainer_0.json,"['bpf_block_irq', 'bpf_net_rx_irq', 'bpf_net_tx_irq', 'cache_miss', 'cpu_cycles', 'cpu_instructions']",[],AbsPower,9.17,3.05,9.17,0.0,0.0,0.56,5.93,-1,-1,3.05,LinearRegressionTrainer,0,CounterIRQCombined
158,1,SGDRegressorTrainer_0,scikit,SGDRegressorTrainer_0.json,"['bpf_block_irq', 'bpf_net_rx_irq', 'bpf_net_tx_irq', 'cache_miss', 'cpu_cycles', 'cpu_instructions']",[],AbsPower,9.46,3.37,9.46,0.0,0.0,0.57,5.82,-1,-1,3.37,SGDRegressorTrainer,0,CounterIRQCombined
159,2,SGDRegressorTrainer_1,scikit,SGDRegressorTrainer_1.json,"['bpf_block_irq', 'bpf_net_rx_irq', 'bpf_net_tx_irq', 'cache_miss', 'cpu_cycles', 'cpu_instructions']",[],AbsPower,10.34,8.68,10.34,0.0,0.0,1.74,10.8,-1,-1,8.68,SGDRegressorTrainer,1,CounterIRQCombined
160,12,XgboostFitTrainer_0,xgboost,XgboostFitTrainer_0.json,"['bpf_block_irq', 'bpf_net_rx_irq', 'bpf_net_tx_irq', 'cache_miss', 'cpu_cycles', 'cpu_instructions']",[],AbsPower,10.42,0.4,10.42,0.0,0.0,0.07,5.3,-1,-1,0.4,XgboostFitTrainer,0,CounterIRQCombined
161,25,PolynomialRegressionTrainer_2,scikit,PolynomialRegressionTrainer_2.json,"['bpf_block_irq', 'bpf_net_rx_irq', 'bpf_net_tx_irq', 'cache_miss', 'cpu_cycles', 'cpu_instructions']",['poly_scaler.pkl'],AbsPower,10.96,1.58,10.96,0.0,0.0,0.26,6.66,-1,-1,1.58,PolynomialRegressionTrainer,2,CounterIRQCombined
162,14,KNeighborsRegressorTrainer_2,scikit,KNeighborsRegressorTrainer_2.json,"['bpf_block_irq', 'bpf_net_rx_irq', 'bpf_net_tx_irq', 'cache_miss', 'cpu_cycles', 'cpu_instructions']",[],AbsPower,11.73,1.8,11.73,0.0,0.0,0.27,6.4,-1,-1,1.8,KNeighborsRegressorTrainer,2,CounterIRQCombined
163,11,LogarithmicRegressionTrainer_3,curvefit,LogarithmicRegressionTrainer_3.json,"['bpf_block_irq', 'bpf_net_rx_irq', 'bpf_net_tx_irq', 'cache_miss', 'cpu_cycles', 'cpu_instructions']",[],AbsPower,14.04,10.99,14.04,0.0,0.0,3.04,6.7,-1,-1,10.99,LogarithmicRegressionTrainer,3,CounterIRQCombined
164,6,SGDRegressorTrainer_2,scikit,SGDRegressorTrainer_2.json,"['bpf_block_irq', 'bpf_net_rx_irq', 'bpf_net_tx_irq', 'cache_miss', 'cpu_cycles', 'cpu_instructions']",[],AbsPower,14.18,4.21,14.18,0.0,0.0,0.7,12.92,-1,-1,4.21,SGDRegressorTrainer,2,CounterIRQCombined
165,17,KNeighborsRegressorTrainer_0,scikit,KNeighborsRegressorTrainer_0.json,"['bpf_block_irq', 'bpf_net_rx_irq', 'bpf_net_tx_irq', 'cache_miss', 'cpu_cycles', 'cpu_instructions']",[],AbsPower,14.41,1.76,14.41,0.0,0.0,0.29,5.09,-1,-1,1.76,KNeighborsRegressorTrainer,0,CounterIRQCombined
166,5,SGDRegressorTrainer_3,scikit,SGDRegressorTrainer_3.json,"['bpf_block_irq', 'bpf_net_rx_irq', 'bpf_net_tx_irq', 'cache_miss', 'cpu_cycles', 'cpu_instructions']",[],AbsPower,14.45,3.62,14.45,0.0,0.0,1.11,6.84,-1,-1,3.62,SGDRegressorTrainer,3,CounterIRQCombined
167,19,XgboostFitTrainer_2,xgboost,XgboostFitTrainer_2.json,"['bpf_block_irq', 'bpf_net_rx_irq', 'bpf_net_tx_irq', 'cache_miss', 'cpu_cycles', 'cpu_instructions']",[],AbsPower,15.3,0.92,15.3,0.0,0.0,0.16,8.05,-1,-1,0.92,XgboostFitTrainer,2,CounterIRQCombined
168,32,GradientBoostingRegressorTrainer_1,scikit,GradientBoostingRegressorTrainer_1.json,"['bpf_block_irq', 'bpf_net_rx_irq', 'bpf_net_tx_irq', 'cache_miss', 'cpu_cycles', 'cpu_instructions']",[],AbsPower,15.98,1.39,15.98,0.0,0.0,0.33,8.23,-1,-1,1.39,GradientBoostingRegressorTrainer,1,CounterIRQCombined
169,10,LogarithmicRegressionTrainer_2,curvefit,LogarithmicRegressionTrainer_2.json,"['bpf_block_irq', 'bpf_net_rx_irq', 'bpf_net_tx_irq', 'cache_miss', 'cpu_cycles', 'cpu_instructions']",[],AbsPower,20.71,10.04,20.71,0.0,0.0,1.48,9.87,-1,-1,10.04,LogarithmicRegressionTrainer,2,CounterIRQCombined
170,26,ExponentialRegressionTrainer_1,curvefit,ExponentialRegressionTrainer_1.json,"['bpf_block_irq', 'bpf_net_rx_irq', 'bpf_net_tx_irq', 'cache_miss', 'cpu_cycles', 'cpu_instructions']",[],AbsPower,22.8,18.3,22.8,0.0,0.0,3.5,21.2,-1,-1,18.3,ExponentialRegressionTrainer,1,CounterIRQCombined
171,35,LinearRegressionTrainer_2,scikit,LinearRegressionTrainer_2.json,"['bpf_block_irq', 'bpf_net_rx_irq', 'bpf_net_tx_irq', 'cache_miss', 'cpu_cycles', 'cpu_instructions']",[],AbsPower,26.95,5.36,26.95,0.0,0.0,0.89,8.46,-1,-1,5.36,LinearRegressionTrainer,2,CounterIRQCombined
172,9,LogarithmicRegressionTrainer_0,curvefit,LogarithmicRegressionTrainer_0.json,"['bpf_block_irq', 'bpf_net_rx_irq', 'bpf_net_tx_irq', 'cache_miss', 'cpu_cycles', 'cpu_instructions']",[],AbsPower,36.28,12.88,36.28,0.0,0.0,2.05,11.04,-1,-1,12.88,LogarithmicRegressionTrainer,0,CounterIRQCombined
173,3,SVRRegressorTrainer_1,scikit,SVRRegressorTrainer_1.json,"['bpf_block_irq', 'bpf_net_rx_irq', 'bpf_net_tx_irq', 'cache_miss', 'cpu_cycles', 'cpu_instructions']",[],AbsPower,38.61,3.44,38.61,0.0,0.0,0.74,54.64,-1,-1,3.44,SVRRegressorTrainer,1,CounterIRQCombined
174,29,ExponentialRegressionTrainer_3,curvefit,ExponentialRegressionTrainer_3.json,"['bpf_block_irq', 'bpf_net_rx_irq', 'bpf_net_tx_irq', 'cache_miss', 'cpu_cycles', 'cpu_instructions']",[],AbsPower,39.47,10.11,39.47,0.0,0.0,2.95,31.51,-1,-1,10.11,ExponentialRegressionTrainer,3,CounterIRQCombined
175,4,SVRRegressorTrainer_3,scikit,SVRRegressorTrainer_3.json,"['bpf_block_irq', 'bpf_net_rx_irq', 'bpf_net_tx_irq', 'cache_miss', 'cpu_cycles', 'cpu_instructions']",[],AbsPower,56.35,1.73,56.35,0.0,0.0,0.53,63.94,-1,-1,1.73,SVRRegressorTrainer,3,CounterIRQCombined
176,34,ExponentialRegressionTrainer_2,curvefit,ExponentialRegressionTrainer_2.json,"['bpf_block_irq', 'bpf_net_rx_irq', 'bpf_net_tx_irq', 'cache_miss', 'cpu_cycles', 'cpu_instructions']",[],AbsPower,70.67,16.19,70.67,0.0,0.0,2.3,35.89,-1,-1,16.19,ExponentialRegressionTrainer,2,CounterIRQCombined
177,21,ExponentialRegressionTrainer_0,curvefit,ExponentialRegressionTrainer_0.json,"['bpf_block_irq', 'bpf_net_rx_irq', 'bpf_net_tx_irq', 'cache_miss', 'cpu_cycles', 'cpu_instructions']",[],AbsPower,74.54,13.1,74.54,0.0,0.0,2.05,64.6,-1,-1,13.1,ExponentialRegressionTrainer,0,CounterIRQCombined
178,0,SVRRegressorTrainer_0,scikit,SVRRegressorTrainer_0.json,"['bpf_block_irq', 'bpf_net_rx_irq', 'bpf_net_tx_irq', 'cache_miss', 'cpu_cycles', 'cpu_instructions']",[],AbsPower,89.38,1.51,89.38,0.0,0.0,0.27,66.7,-1,-1,1.51,SVRRegressorTrainer,0,CounterIRQCombined
180,2,SGDRegressorTrainer_1,scikit,SGDRegressorTrainer_1.json,"['cache_miss', 'cpu_cycles', 'cpu_instructions']",[],AbsPower,3.08,10.13,3.08,0.0,0.0,1.83,4.84,-1,-1,10.13,SGDRegressorTrainer,1,CounterOnly
181,16,XgboostFitTrainer_3,xgboost,XgboostFitTrainer_3.json,"['cache_miss', 'cpu_cycles', 'cpu_instructions']",[],AbsPower,3.16,0.36,3.16,0.0,0.0,0.12,1.84,-1,-1,0.36,XgboostFitTrainer,3,CounterOnly
182,18,KNeighborsRegressorTrainer_1,scikit,KNeighborsRegressorTrainer_1.json,"['cache_miss', 'cpu_cycles', 'cpu_instructions']",[],AbsPower,3.25,3.76,3.25,0.0,0.0,0.77,2.82,-1,-1,3.76,KNeighborsRegressorTrainer,1,CounterOnly
183,27,LinearRegressionTrainer_1,scikit,LinearRegressionTrainer_1.json,"['cache_miss', 'cpu_cycles', 'cpu_instructions']",[],AbsPower,3.31,8.5,3.31,0.0,0.0,1.64,3.65,-1,-1,8.5,LinearRegressionTrainer,1,CounterOnly
184,31,GradientBoostingRegressorTrainer_0,scikit,GradientBoostingRegressorTrainer_0.json,"['cache_miss', 'cpu_cycles', 'cpu_instructions']",[],AbsPower,3.8,1.95,3.8,0.0,0.0,0.34,1.2,-1,-1,1.95,GradientBoostingRegressorTrainer,0,CounterOnly
185,20,LinearRegressionTrainer_0,scikit,LinearRegressionTrainer_0.json,"['cache_miss', 'cpu_cycles', 'cpu_instructions']",[],AbsPower,5.33,2.52,5.33,0.0,0.0,0.46,1.87,-1,-1,2.52,LinearRegressionTrainer,0,CounterOnly
186,12,XgboostFitTrainer_0,xgboost,XgboostFitTrainer_0.json,"['cache_miss', 'cpu_cycles', 'cpu_instructions']",[],AbsPower,5.43,1.24,5.43,0.0,0.0,0.21,1.77,-1,-1,1.24,XgboostFitTrainer,0,CounterOnly
187,17,KNeighborsRegressorTrainer_0,scikit,KNeighborsRegressorTrainer_0.json,"['cache_miss', 'cpu_cycles', 'cpu_instructions']",[],AbsPower,6.28,1.31,6.28,0.0,0.0,0.22,3.02,-1,-1,1.31,KNeighborsRegressorTrainer,0,CounterOnly
188,23,GradientBoostingRegressorTrainer_3,scikit,GradientBoostingRegressorTrainer_3.json,"['cache_miss', 'cpu_cycles', 'cpu_instructions']",[],AbsPower,7.24,0.98,7.24,0.0,0.0,0.29,3.11,-1,-1,0.98,GradientBoostingRegressorTrainer,3,CounterOnly
189,32,GradientBoostingRegressorTrainer_1,scikit,GradientBoostingRegressorTrainer_1.json,"['cache_miss', 'cpu_cycles', 'cpu_instructions']",[],AbsPower,7.4,5.2,7.4,0.0,0.0,0.97,5.23,-1,-1,5.2,GradientBoostingRegressorTrainer,1,CounterOnly
190,15,XgboostFitTrainer_1,xgboost,XgboostFitTrainer_1.json,"['cache_miss', 'cpu_cycles', 'cpu_instructions']",[],AbsPower,7.78,1.11,7.78,0.0,0.0,0.25,5.93,-1,-1,1.11,XgboostFitTrainer,1,CounterOnly
191,24,GradientBoostingRegressorTrainer_2,scikit,GradientBoostingRegressorTrainer_2.json,"['cache_miss', 'cpu_cycles', 'cpu_instructions']",[],AbsPower,7.86,1.59,7.86,0.0,0.0,0.26,2.5,-1,-1,1.59,GradientBoostingRegressorTrainer,2,CounterOnly
192,13,KNeighborsRegressorTrainer_3,scikit,KNeighborsRegressorTrainer_3.json,"['cache_miss', 'cpu_cycles', 'cpu_instructions']",[],AbsPower,8.0,0.73,8.0,0.0,0.0,0.22,3.45,-1,-1,0.73,KNeighborsRegressorTrainer,3,CounterOnly
193,33,PolynomialRegressionTrainer_1,scikit,PolynomialRegressionTrainer_1.json,"['cache_miss', 'cpu_cycles', 'cpu_instructions']",['poly_scaler.pkl'],AbsPower,9.56,2.38,9.56,0.0,0.0,0.5,9.33,-1,-1,2.38,PolynomialRegressionTrainer,1,CounterOnly
194,19,XgboostFitTrainer_2,xgboost,XgboostFitTrainer_2.json,"['cache_miss', 'cpu_cycles', 'cpu_instructions']",[],AbsPower,9.63,1.39,9.63,0.0,0.0,0.22,4.75,-1,-1,1.39,XgboostFitTrainer,2,CounterOnly
195,30,PolynomialRegressionTrainer_0,scikit,PolynomialRegressionTrainer_0.json,"['cache_miss', 'cpu_cycles', 'cpu_instructions']",['poly_scaler.pkl'],AbsPower,10.08,0.91,10.08,0.0,0.0,0.15,5.82,-1,-1,0.91,PolynomialRegressionTrainer,0,CounterOnly
196,8,LogarithmicRegressionTrainer_1,curvefit,LogarithmicRegressionTrainer_1.json,"['cache_miss', 'cpu_cycles', 'cpu_instructions']",[],AbsPower,10.46,12.45,10.46,0.0,0.0,2.35,10.0,-1,-1,12.45,LogarithmicRegressionTrainer,1,CounterOnly
197,25,PolynomialRegressionTrainer_2,scikit,PolynomialRegressionTrainer_2.json,"['cache_miss', 'cpu_cycles', 'cpu_instructions']",['poly_scaler.pkl'],AbsPower,11.81,1.36,11.81,0.0,0.0,0.24,4.36,-1,-1,1.36,PolynomialRegressionTrainer,2,CounterOnly
198,26,ExponentialRegressionTrainer_1,curvefit,ExponentialRegressionTrainer_1.json,"['cache_miss', 'cpu_cycles', 'cpu_instructions']",[],AbsPower,13.76,10.91,13.76,0.0,0.0,2.34,13.64,-1,-1,10.91,ExponentialRegressionTrainer,1,CounterOnly
199,1,SGDRegressorTrainer_0,scikit,SGDRegressorTrainer_0.json,"['cache_miss', 'cpu_cycles', 'cpu_instructions']",[],AbsPower,13.79,3.03,13.79,0.0,0.0,0.54,10.91,-1,-1,3.03,SGDRegressorTrainer,0,CounterOnly
200,28,LinearRegressionTrainer_3,scikit,LinearRegressionTrainer_3.json,"['cache_miss', 'cpu_cycles', 'cpu_instructions']",[],AbsPower,15.11,3.39,15.11,0.0,0.0,0.99,6.48,-1,-1,3.39,LinearRegressionTrainer,3,CounterOnly
201,22,PolynomialRegressionTrainer_3,scikit,PolynomialRegressionTrainer_3.json,"['cache_miss', 'cpu_cycles', 'cpu_instructions']",['poly_scaler.pkl'],AbsPower,16.23,1.15,16.23,0.0,0.0,0.33,9.46,-1,-1,1.15,PolynomialRegressionTrainer,3,CounterOnly
202,11,LogarithmicRegressionTrainer_3,curvefit,LogarithmicRegressionTrainer_3.json,"['cache_miss', 'cpu_cycles', 'cpu_instructions']",[],AbsPower,16.61,12.97,16.61,0.0,0.0,3.23,11.33,-1,-1,12.97,LogarithmicRegressionTrainer,3,CounterOnly
203,5,SGDRegressorTrainer_3,scikit,SGDRegressorTrainer_3.json,"['cache_miss', 'cpu_cycles', 'cpu_instructions']",[],AbsPower,16.64,4.6,16.64,0.0,0.0,1.33,8.62,-1,-1,4.6,SGDRegressorTrainer,3,CounterOnly
204,14,KNeighborsRegressorTrainer_2,scikit,KNeighborsRegressorTrainer_2.json,"['cache_miss', 'cpu_cycles', 'cpu_instructions']",[],AbsPower,18.12,0.66,18.12,0.0,0.0,0.1,6.3,-1,-1,0.66,KNeighborsRegressorTrainer,2,CounterOnly
205,9,LogarithmicRegressionTrainer_0,curvefit,LogarithmicRegressionTrainer_0.json,"['cache_miss', 'cpu_cycles', 'cpu_instructions']",[],AbsPower,21.85,12.18,21.85,0.0,0.0,2.14,7.0,-1,-1,12.18,LogarithmicRegressionTrainer,0,CounterOnly
206,10,LogarithmicRegressionTrainer_2,curvefit,LogarithmicRegressionTrainer_2.json,"['cache_miss', 'cpu_cycles', 'cpu_instructions']",[],AbsPower,23.27,10.99,23.27,0.0,0.0,1.63,10.93,-1,-1,10.99,LogarithmicRegressionTrainer,2,CounterOnly
207,35,LinearRegressionTrainer_2,scikit,LinearRegressionTrainer_2.json,"['cache_miss', 'cpu_cycles', 'cpu_instructions']",[],AbsPower,29.81,5.19,29.81,0.0,0.0,0.81,18.85,-1,-1,5.19,LinearRegressionTrainer,2,CounterOnly
208,6,SGDRegressorTrainer_2,scikit,SGDRegressorTrainer_2.json,"['cache_miss', 'cpu_cycles', 'cpu_instructions']",[],AbsPower,33.33,5.84,33.33,0.0,0.0,0.91,17.01,-1,-1,5.84,SGDRegressorTrainer,2,CounterOnly
209,3,SVRRegressorTrainer_1,scikit,SVRRegressorTrainer_1.json,"['cache_miss', 'cpu_cycles', 'cpu_instructions']",[],AbsPower,35.71,4.77,35.71,0.0,0.0,1.06,50.8,-1,-1,4.77,SVRRegressorTrainer,1,CounterOnly
210,29,ExponentialRegressionTrainer_3,curvefit,ExponentialRegressionTrainer_3.json,"['cache_miss', 'cpu_cycles', 'cpu_instructions']",[],AbsPower,57.27,10.69,57.27,0.0,0.0,3.05,39.05,-1,-1,10.69,ExponentialRegressionTrainer,3,CounterOnly
211,21,ExponentialRegressionTrainer_0,curvefit,ExponentialRegressionTrainer_0.json,"['cache_miss', 'cpu_cycles', 'cpu_instructions']",[],AbsPower,64.38,10.43,64.38,0.0,0.0,1.81,58.86,-1,-1,10.43,ExponentialRegressionTrainer,0,CounterOnly
212,4,SVRRegressorTrainer_3,scikit,SVRRegressorTrainer_3.json,"['cache_miss', 'cpu_cycles', 'cpu_instructions']",[],AbsPower,64.5,2.01,64.5,0.0,0.0,0.55,57.05,-1,-1,2.01,SVRRegressorTrainer,3,CounterOnly
213,0,SVRRegressorTrainer_0,scikit,SVRRegressorTrainer_0.json,"['cache_miss', 'cpu_cycles', 'cpu_instructions']",[],AbsPower,65.75,0.96,65.75,0.0,0.0,0.17,19.28,-1,-1,0.96,SVRRegressorTrainer,0,CounterOnly
214,34,ExponentialRegressionTrainer_2,curvefit,ExponentialRegressionTrainer_2.json,"['cache_miss', 'cpu_cycles', 'cpu_instructions']",[],AbsPower,73.52,14.25,73.52,0.0,0.0,2.24,68.94,-1,-1,14.25,ExponentialRegressionTrainer,2,CounterOnly
