{"name": "ec2", "isolator": "min", "extractor": "default", "abs_trainers": ["PolynomialRegressionTrainer", "GradientBoostingRegressorTrainer", "KNeighborsRegressorTrainer", "LinearRegressionTrainer", "SVRRegressorTrainer", "XgboostFitTrainer", "SGDRegressorTrainer", "LogarithmicRegressionTrainer", "LogisticRegressionTrainer", "ExponentialRegressionTrainer", "PolynomialRegressionTrainer", "GradientBoostingRegressorTrainer", "KNeighborsRegressorTrainer", "LinearRegressionTrainer", "SVRRegressorTrainer", "XgboostFitTrainer", "SGDRegressorTrainer", "LogarithmicRegressionTrainer", "LogisticRegressionTrainer", "ExponentialRegressionTrainer", "PolynomialRegressionTrainer", "GradientBoostingRegressorTrainer", "KNeighborsRegressorTrainer", "LinearRegressionTrainer", "SVRRegressorTrainer", "XgboostFitTrainer", "SGDRegressorTrainer", "LogarithmicRegressionTrainer", "LogisticRegressionTrainer", "ExponentialRegressionTrainer", "PolynomialRegressionTrainer", "GradientBoostingRegressorTrainer", "KNeighborsRegressorTrainer", "LinearRegressionTrainer", "SVRRegressorTrainer", "XgboostFitTrainer", "SGDRegressorTrainer", "LogarithmicRegressionTrainer", "LogisticRegressionTrainer", "ExponentialRegressionTrainer", "PolynomialRegressionTrainer", "GradientBoostingRegressorTrainer", "KNeighborsRegressorTrainer", "LinearRegressionTrainer", "SVRRegressorTrainer", "XgboostFitTrainer", "SGDRegressorTrainer", "LogarithmicRegressionTrainer", "LogisticRegressionTrainer", "ExponentialRegressionTrainer", "PolynomialRegressionTrainer", "GradientBoostingRegressorTrainer", "KNeighborsRegressorTrainer", "LinearRegressionTrainer", "SVRRegressorTrainer", "XgboostFitTrainer", "SGDRegressorTrainer", "LogarithmicRegressionTrainer", "LogisticRegressionTrainer", "ExponentialRegressionTrainer", "PolynomialRegressionTrainer", "GradientBoostingRegressorTrainer", "KNeighborsRegressorTrainer", "LinearRegressionTrainer", "SVRRegressorTrainer", "XgboostFitTrainer", "SGDRegressorTrainer", "LogarithmicRegressionTrainer", "LogisticRegressionTrainer", "ExponentialRegressionTrainer", "PolynomialRegressionTrainer", "GradientBoostingRegressorTrainer", "KNeighborsRegressorTrainer", "LinearRegressionTrainer", "SVRRegressorTrainer", "XgboostFitTrainer", "SGDRegressorTrainer", "LogarithmicRegressionTrainer", "LogisticRegressionTrainer", "ExponentialRegressionTrainer", "PolynomialRegressionTrainer", "GradientBoostingRegressorTrainer", "KNeighborsRegressorTrainer", "LinearRegressionTrainer", "SVRRegressorTrainer", "XgboostFitTrainer", "SGDRegressorTrainer", "LogarithmicRegressionTrainer", "LogisticRegressionTrainer", "ExponentialRegressionTrainer"], "dyn_trainers": ["PolynomialRegressionTrainer", "GradientBoostingRegressorTrainer", "KNeighborsRegressorTrainer", "LinearRegressionTrainer", "SVRRegressorTrainer", "XgboostFitTrainer", "SGDRegressorTrainer", "LogarithmicRegressionTrainer", "LogisticRegressionTrainer", "ExponentialRegressionTrainer", "PolynomialRegressionTrainer", "GradientBoostingRegressorTrainer", "KNeighborsRegressorTrainer", "LinearRegressionTrainer", "SVRRegressorTrainer", "XgboostFitTrainer", "SGDRegressorTrainer", "LogarithmicRegressionTrainer", "LogisticRegressionTrainer", "ExponentialRegressionTrainer", "PolynomialRegressionTrainer", "GradientBoostingRegressorTrainer", "KNeighborsRegressorTrainer", "LinearRegressionTrainer", "SVRRegressorTrainer", "XgboostFitTrainer", "SGDRegressorTrainer", "LogarithmicRegressionTrainer", "LogisticRegressionTrainer", "ExponentialRegressionTrainer", "PolynomialRegressionTrainer", "GradientBoostingRegressorTrainer", "KNeighborsRegressorTrainer", "LinearRegressionTrainer", "SVRRegressorTrainer", "XgboostFitTrainer", "SGDRegressorTrainer", "LogarithmicRegressionTrainer", "LogisticRegressionTrainer", "ExponentialRegressionTrainer", "PolynomialRegressionTrainer", "GradientBoostingRegressorTrainer", "KNeighborsRegressorTrainer", "LinearRegressionTrainer", "SVRRegressorTrainer", "XgboostFitTrainer", "SGDRegressorTrainer", "LogarithmicRegressionTrainer", "LogisticRegressionTrainer", "ExponentialRegressionTrainer", "PolynomialRegressionTrainer", "GradientBoostingRegressorTrainer", "KNeighborsRegressorTrainer", "LinearRegressionTrainer", "SVRRegressorTrainer", "XgboostFitTrainer", "SGDRegressorTrainer", "LogarithmicRegressionTrainer", "LogisticRegressionTrainer", "ExponentialRegressionTrainer", "PolynomialRegressionTrainer", "GradientBoostingRegressorTrainer", "KNeighborsRegressorTrainer", "LinearRegressionTrainer", "SVRRegressorTrainer", "XgboostFitTrainer", "SGDRegressorTrainer", "LogarithmicRegressionTrainer", "LogisticRegressionTrainer", "ExponentialRegressionTrainer", "PolynomialRegressionTrainer", "GradientBoostingRegressorTrainer", "KNeighborsRegressorTrainer", "LinearRegressionTrainer", "SVRRegressorTrainer", "XgboostFitTrainer", "SGDRegressorTrainer", "LogarithmicRegressionTrainer", "LogisticRegressionTrainer", "ExponentialRegressionTrainer", "PolynomialRegressionTrainer", "GradientBoostingRegressorTrainer", "KNeighborsRegressorTrainer", "LinearRegressionTrainer", "SVRRegressorTrainer", "XgboostFitTrainer", "SGDRegressorTrainer", "LogarithmicRegressionTrainer", "LogisticRegressionTrainer", "ExponentialRegressionTrainer"], "init_time": "2024-03-28 04:45:47", "last_update_time": "2024-03-28 04:47:18", "publisher": "sunya-ch", "collect_time": "February 2024", "export_time": "2024-03-28 09:54:35"}