{"0": {"attrs": {"processor": "m5zn.metal", "cores": 48, "chips": 2, "memory": -1, "frequency": -1}, "members": ["m5zn.metal-ami-0e4d0bb9670ea8db0"]}, "1": {"attrs": {"processor": "c5d.metal", "cores": 96, "chips": 2, "memory": -1, "frequency": -1}, "members": ["c5d.metal-ami-0e4d0bb9670ea8db0"]}, "2": {"attrs": {"processor": "i3en.metal", "cores": 96, "chips": 2, "memory": -1, "frequency": -1}, "members": ["i3en.metal-ami-0e4d0bb9670ea8db0"]}, "3": {"attrs": {"processor": "m7i.metal-24xl", "cores": 96, "chips": 2, "memory": -1, "frequency": -1}, "members": ["m7i.metal-24xl-ami-0e4d0bb9670ea8db0"]}, "4": {"attrs": {"processor": "i3.metal", "cores": 72, "chips": 2, "memory": -1, "frequency": -1}, "members": ["i3.metal-ami-0e4d0bb9670ea8db0"]}}