{"package": {"All_Weights": {"Bias_Weight": 97.35415791575497, "Categorical_Variables": {}, "Numerical_Variables": {"bpf_cpu_time_us": {"scale": 91202.66666666666, "mean": 0, "variance": 0, "weight": 707.1932755201623}}}}, "core": {"All_Weights": {"Bias_Weight": 0.0, "Categorical_Variables": {}, "Numerical_Variables": {"bpf_cpu_time_us": {"scale": 91202.66666666666, "mean": 0, "variance": 0, "weight": 0.0}}}}, "uncore": {"All_Weights": {"Bias_Weight": 0.0, "Categorical_Variables": {}, "Numerical_Variables": {"bpf_cpu_time_us": {"scale": 91202.66666666666, "mean": 0, "variance": 0, "weight": 0.0}}}}, "dram": {"All_Weights": {"Bias_Weight": 5.872697154832876, "Categorical_Variables": {}, "Numerical_Variables": {"bpf_cpu_time_us": {"scale": 91202.66666666666, "mean": 0, "variance": 0, "weight": 46.616657970879864}}}}}