{"model_name": "XgboostFitTrainer_4", "model_class": "xgboost", "model_file": "XgboostFitTrainer_4.json", "features": ["bpf_cpu_time_ms", "bpf_page_cache_hit", "cache_miss", "cgroupfs_cpu_usage_us", "cgroupfs_memory_usage_bytes", "cgroupfs_system_cpu_usage_us", "cgroupfs_user_cpu_usage_us", "cpu_cycles", "cpu_instructions"], "fe_files": [], "output_type": "DynPower", "mae": 1.99, "mape": 4.14, "package_mae": 1.99, "core_mae": 0.0, "uncore_mae": 0.0, "dram_mae": 0.71, "package_mape": 1.6, "core_mape": -1, "uncore_mape": -1, "dram_mape": 4.14}