{"learner":{"attributes":{"scikit_learn":"{\"_estimator_type\": \"regressor\"}"},"feature_names":[],"feature_types":[],"gradient_booster":{"model":{"gbtree_model_param":{"num_parallel_tree":"1","num_trees":"100"},"iteration_indptr":[0,1,2,3,4,5,6,7,8,9,10,11,12,13,14,15,16,17,18,19,20,21,22,23,24,25,26,27,28,29,30,31,32,33,34,35,36,37,38,39,40,41,42,43,44,45,46,47,48,49,50,51,52,53,54,55,56,57,58,59,60,61,62,63,64,65,66,67,68,69,70,71,72,73,74,75,76,77,78,79,80,81,82,83,84,85,86,87,88,89,90,91,92,93,94,95,96,97,98,99,100],"tree_info":[0,0,0,0,0,0,0,0,0,0,0,0,0,0,0,0,0,0,0,0,0,0,0,0,0,0,0,0,0,0,0,0,0,0,0,0,0,0,0,0,0,0,0,0,0,0,0,0,0,0,0,0,0,0,0,0,0,0,0,0,0,0,0,0,0,0,0,0,0,0,0,0,0,0,0,0,0,0,0,0,0,0,0,0,0,0,0,0,0,0,0,0,0,0,0,0,0,0,0,0],"trees":[{"base_weights":[1.5258789E-6,-1.1203702E1,1.3444446E0,-1.2995554E0,-1.1222229E-1],"categories":[],"categories_nodes":[],"categories_segments":[],"categories_sizes":[],"default_left":[0,0,0,0,0],"id":0,"left_children":[1,3,-1,-1,-1],"loss_changes":[1.6569033E3,9.380316E1,0E0,0E0,0E0],"parents":[2147483647,0,0,1,1],"right_children":[2,4,-1,-1,-1],"split_conditions":[6.119546E-1,4.1014674E-1,1.3444446E0,-1.2995554E0,-1.1222229E-1],"split_indices":[0,0,0,0,0],"split_type":[0,0,0,0,0],"sum_hessian":[9E0,5E0,4E0,4E0,1E0],"tree_param":{"num_deleted":"0","num_feature":"2","num_nodes":"5","size_leaf_vector":"1"}},{"base_weights":[-6.7329407E-3,-1.031863E1,1.2368891E0,-1.3258667E0,-2.9590377E-1],"categories":[],"categories_nodes":[],"categories_segments":[],"categories_sizes":[],"default_left":[0,0,0,0,0],"id":1,"left_children":[1,3,-1,-1,-1],"loss_changes":[1.4037915E3,9.059192E1,0E0,0E0,0E0],"parents":[2147483647,0,0,1,1],"right_children":[2,4,-1,-1,-1],"split_conditions":[6.119546E-1,3.0738464E-1,1.2368891E0,-1.3258667E0,-2.9590377E-1],"split_indices":[0,0,0,0,0],"split_type":[0,0,0,0,0],"sum_hessian":[9E0,5E0,4E0,3E0,2E0],"tree_param":{"num_deleted":"0","num_feature":"2","num_nodes":"5","size_leaf_vector":"1"}},{"base_weights":[-4.45488E-2,-9.557061E0,1.1379377E0,-1.2264267E0,-2.7617672E-1],"categories":[],"categories_nodes":[],"categories_segments":[],"categories_sizes":[],"default_left":[0,0,0,0,0],"id":2,"left_children":[1,3,-1,-1,-1],"loss_changes":[1.1954557E3,7.650653E1,0E0,0E0,0E0],"parents":[2147483647,0,0,1,1],"right_children":[2,4,-1,-1,-1],"split_conditions":[6.119546E-1,3.0738464E-1,1.1379377E0,-1.2264267E0,-2.7617672E-1],"split_indices":[0,0,0,0,0],"split_type":[0,0,0,0,0],"sum_hessian":[9E0,5E0,4E0,3E0,2E0],"tree_param":{"num_deleted":"0","num_feature":"2","num_nodes":"5","size_leaf_vector":"1"}},{"base_weights":[-7.6561734E-2,-8.85179E0,1.0469025E1,-1.1344448E0,-2.5776494E0,3.1681404E-1,1.1502211E0,-3.086403E-1,-7.8007124E-2],"categories":[],"categories_nodes":[],"categories_segments":[],"categories_sizes":[],"default_left":[0,0,0,0,0,0,0,0,0],"id":3,"left_children":[1,3,5,-1,7,-1,-1,-1,-1],"loss_changes":[1.0180689E3,6.459369E1,1.2752075E0,0E0,3.3595848E-1,0E0,0E0,0E0,0E0],"parents":[2147483647,0,0,1,1,2,2,4,4],"right_children":[2,4,6,-1,8,-1,-1,-1,-1],"split_conditions":[6.119546E-1,3.0738464E-1,7.184446E-1,-1.1344448E0,4.1014674E-1,3.1681404E-1,1.1502211E0,-3.086403E-1,-7.8007124E-2],"split_indices":[0,0,0,0,0,0,0,0,0],"split_type":[0,0,0,0,0,0,0,0,0],"sum_hessian":[9E0,5E0,4E0,3E0,2E0,1E0,3E0,1E0,1E0],"tree_param":{"num_deleted":"0","num_feature":"2","num_nodes":"9","size_leaf_vector":"1"}},{"base_weights":[-7.431106E-2,-8.220126E0,9.7155285E-1,-9.5677245E-1,-7.41066E-2],"categories":[],"categories_nodes":[],"categories_segments":[],"categories_sizes":[],"default_left":[0,0,0,0,0],"id":4,"left_children":[1,3,-1,-1,-1],"loss_changes":[8.7732513E2,5.3382324E1,0E0,0E0,0E0],"parents":[2147483647,0,0,1,1],"right_children":[2,4,-1,-1,-1],"split_conditions":[6.119546E-1,4.1014674E-1,9.7155285E-1,-9.5677245E-1,-7.41066E-2],"split_indices":[0,0,0,0,0],"split_type":[0,0,0,0,0],"sum_hessian":[9E0,5E0,4E0,4E0,1E0],"tree_param":{"num_deleted":"0","num_feature":"2","num_nodes":"5","size_leaf_vector":"1"}},{"base_weights":[-7.281189E-2,-7.569927E0,8.938289E0,-9.7760355E-1,-2.1051407E-1,2.5239602E-1,9.910881E-1],"categories":[],"categories_nodes":[],"categories_segments":[],"categories_sizes":[],"default_left":[0,0,0,0,0,0,0],"id":5,"left_children":[1,3,5,-1,-1,-1,-1],"loss_changes":[7.432348E2,5.1755554E1,6.1779785E0,0E0,0E0,0E0,0E0],"parents":[2147483647,0,0,1,1,2,2],"right_children":[2,4,6,-1,-1,-1,-1],"split_conditions":[6.119546E-1,3.0738464E-1,7.184446E-1,-9.7760355E-1,-2.1051407E-1,2.5239602E-1,9.910881E-1],"split_indices":[0,0,0,0,0,0,0],"split_type":[0,0,0,0,0,0,0],"sum_hessian":[9E0,5E0,4E0,3E0,2E0,1E0,3E0],"tree_param":{"num_deleted":"0","num_feature":"2","num_nodes":"7","size_leaf_vector":"1"}},{"base_weights":[-5.9994508E-2,-7.0109544E0,8.293157E0,-9.042835E-1,-1.9647955E0,2.3977624E-1,9.1675645E-1,-2.3484384E-1,-5.987549E-2],"categories":[],"categories_nodes":[],"categories_segments":[],"categories_sizes":[],"default_left":[0,0,0,0,0,0,0,0,0],"id":6,"left_children":[1,3,5,-1,7,-1,-1,-1,-1],"loss_changes":[6.387671E2,4.375183E1,3.7932434E0,0E0,1.660757E-1,0E0,0E0,0E0,0E0],"parents":[2147483647,0,0,1,1,2,2,4,4],"right_children":[2,4,6,-1,8,-1,-1,-1,-1],"split_conditions":[6.119546E-1,3.0738464E-1,7.184446E-1,-9.042835E-1,4.1014674E-1,2.3977624E-1,9.1675645E-1,-2.3484384E-1,-5.987549E-2],"split_indices":[0,0,0,0,0,0,0,0,0],"split_type":[0,0,0,0,0,0,0,0,0],"sum_hessian":[9E0,5E0,4E0,3E0,2E0,1E0,3E0,1E0,1E0],"tree_param":{"num_deleted":"0","num_feature":"2","num_nodes":"9","size_leaf_vector":"1"}},{"base_weights":[-5.8242798E-2,-6.5096946E0,7.6951475E0,-9.346332E-1,-2.7547932E0,2.277874E-1,8.4799975E-1,-3.2938462E-1,-5.6881715E-2],"categories":[],"categories_nodes":[],"categories_segments":[],"categories_sizes":[],"default_left":[0,0,0,0,0,0,0,0,0],"id":7,"left_children":[1,3,5,-1,7,-1,-1,-1,-1],"loss_changes":[5.5029926E2,3.8160538E1,1.9423828E0,0E0,2.8398323E0,0E0,0E0,0E0,0E0],"parents":[2147483647,0,0,1,1,2,2,4,4],"right_children":[2,4,6,-1,8,-1,-1,-1,-1],"split_conditions":[6.119546E-1,2.0839667E-1,7.184446E-1,-9.346332E-1,4.1014674E-1,2.277874E-1,8.4799975E-1,-3.2938462E-1,-5.6881715E-2],"split_indices":[0,0,0,0,0,0,0,0,0],"split_type":[0,0,0,0,0,0,0,0,0],"sum_hessian":[9E0,5E0,4E0,2E0,3E0,1E0,3E0,2E0,1E0],"tree_param":{"num_deleted":"0","num_feature":"2","num_nodes":"9","size_leaf_vector":"1"}},{"base_weights":[-7.693024E-2,-6.078875E0,7.14079E0,-8.723244E-1,-2.57588E0,2.1639787E-1,7.843998E-1,-3.074257E-1,-5.4037478E-2],"categories":[],"categories_nodes":[],"categories_segments":[],"categories_sizes":[],"default_left":[0,0,0,0,0,0,0,0,0],"id":8,"left_children":[1,3,5,-1,7,-1,-1,-1,-1],"loss_changes":[4.7661157E2,3.3109238E1,5.244293E-1,0E0,2.3965435E0,0E0,0E0,0E0,0E0],"parents":[2147483647,0,0,1,1,2,2,4,4],"right_children":[2,4,6,-1,8,-1,-1,-1,-1],"split_conditions":[6.119546E-1,2.0839667E-1,7.184446E-1,-8.723244E-1,4.1014674E-1,2.1639787E-1,7.843998E-1,-3.074257E-1,-5.4037478E-2],"split_indices":[0,0,0,0,0,0,0,0,0],"split_type":[0,0,0,0,0,0,0,0,0],"sum_hessian":[9E0,5E0,4E0,2E0,3E0,1E0,3E0,2E0,1E0],"tree_param":{"num_deleted":"0","num_feature":"2","num_nodes":"9","size_leaf_vector":"1"}},{"base_weights":[-9.2536926E-2,-5.676619E0,6.6268694E-1,-8.141696E-1,-2.408657E0,-2.869306E-1,-5.1335525E-2],"categories":[],"categories_nodes":[],"categories_segments":[],"categories_sizes":[],"default_left":[0,0,0,0,0,0,0],"id":9,"left_children":[1,3,-1,-1,5,-1,-1],"loss_changes":[4.128354E2,2.8724106E1,0E0,0E0,2.0192986E0,0E0,0E0],"parents":[2147483647,0,0,1,1,4,4],"right_children":[2,4,-1,-1,6,-1,-1],"split_conditions":[6.119546E-1,2.0839667E-1,6.6268694E-1,-8.141696E-1,4.1014674E-1,-2.869306E-1,-5.1335525E-2],"split_indices":[0,0,0,0,0,0,0],"split_type":[0,0,0,0,0,0,0],"sum_hessian":[9E0,5E0,4E0,2E0,3E0,2E0,1E0],"tree_param":{"num_deleted":"0","num_feature":"2","num_nodes":"7","size_leaf_vector":"1"}},{"base_weights":[-1.3225785E-1,-5.301028E0,6.096718E0,-7.598915E-1,-2.2523556E0,1.7244339E-1,6.7586803E-1,-2.6780167E-1,-4.8768617E-2],"categories":[],"categories_nodes":[],"categories_segments":[],"categories_sizes":[],"default_left":[0,0,0,0,0,0,0,0,0],"id":10,"left_children":[1,3,5,-1,7,-1,-1,-1,-1],"loss_changes":[3.542803E2,2.4917557E1,2.8165436E0,0E0,1.6985722E0,0E0,0E0,0E0,0E0],"parents":[2147483647,0,0,1,1,2,2,4,4],"right_children":[2,4,6,-1,8,-1,-1,-1,-1],"split_conditions":[6.119546E-1,2.0839667E-1,7.184446E-1,-7.598915E-1,4.1014674E-1,1.7244339E-1,6.7586803E-1,-2.6780167E-1,-4.8768617E-2],"split_indices":[0,0,0,0,0,0,0,0,0],"split_type":[0,0,0,0,0,0,0,0,0],"sum_hessian":[9E0,5E0,4E0,2E0,3E0,1E0,3E0,2E0,1E0],"tree_param":{"num_deleted":"0","num_feature":"2","num_nodes":"9","size_leaf_vector":"1"}},{"base_weights":[-1.418457E-1,-4.950335E0,5.6567106E0,-7.092318E-1,-2.106264E0,2.537379E-1,6.890473E-1,-2.4994838E-1,-4.6330262E-2],"categories":[],"categories_nodes":[],"categories_segments":[],"categories_sizes":[],"default_left":[0,0,0,0,0,0,0,0,0],"id":11,"left_children":[1,3,5,-1,7,-1,-1,-1,-1],"loss_changes":[3.068256E2,2.1613419E1,1.7588348E0,0E0,1.4261627E0,0E0,0E0,0E0,0E0],"parents":[2147483647,0,0,1,1,2,2,4,4],"right_children":[2,4,6,-1,8,-1,-1,-1,-1],"split_conditions":[6.119546E-1,2.0839667E-1,8.200912E-1,-7.092318E-1,4.1014674E-1,2.537379E-1,6.890473E-1,-2.4994838E-1,-4.6330262E-2],"split_indices":[0,0,0,0,0,0,0,0,0],"split_type":[0,0,0,0,0,0,0,0,0],"sum_hessian":[9E0,5E0,4E0,2E0,3E0,2E0,2E0,2E0,1E0],"tree_param":{"num_deleted":"0","num_feature":"2","num_nodes":"9","size_leaf_vector":"1"}},{"base_weights":[-1.3393478E-1,-4.622888E0,5.279596E0,-5.9591275E-1,-1.3002726E-1,1.5113449E-1,5.8438224E-1],"categories":[],"categories_nodes":[],"categories_segments":[],"categories_sizes":[],"default_left":[0,0,0,0,0,0,0],"id":12,"left_children":[1,3,5,-1,-1,-1,-1],"loss_changes":[2.6741785E2,1.889038E1,1.798706E0,0E0,0E0,0E0,0E0],"parents":[2147483647,0,0,1,1,2,2],"right_children":[2,4,6,-1,-1,-1,-1],"split_conditions":[6.119546E-1,3.0738464E-1,7.184446E-1,-5.9591275E-1,-1.3002726E-1,1.5113449E-1,5.8438224E-1],"split_indices":[0,0,0,0,0,0,0],"split_type":[0,0,0,0,0,0,0],"sum_hessian":[9E0,5E0,4E0,3E0,2E0,1E0,3E0],"tree_param":{"num_deleted":"0","num_feature":"2","num_nodes":"7","size_leaf_vector":"1"}},{"base_weights":[-1.1958466E-1,-4.281591E0,4.89874E0,-6.2222266E-1,-1.7557163E0,2.123047E-1,6.041519E-1,-2.0908737E-1,-3.751221E-2],"categories":[],"categories_nodes":[],"categories_segments":[],"categories_sizes":[],"default_left":[0,0,0,0,0,0,0,0,0],"id":13,"left_children":[1,3,5,-1,7,-1,-1,-1,-1],"loss_changes":[2.2983736E2,1.8486351E1,3.0335922E0,0E0,1.0665321E0,0E0,0E0,0E0,0E0],"parents":[2147483647,0,0,1,1,2,2,4,4],"right_children":[2,4,6,-1,8,-1,-1,-1,-1],"split_conditions":[6.119546E-1,2.0839667E-1,8.200912E-1,-6.2222266E-1,4.1014674E-1,2.123047E-1,6.041519E-1,-2.0908737E-1,-3.751221E-2],"split_indices":[0,0,0,0,0,0,0,0,0],"split_type":[0,0,0,0,0,0,0,0,0],"sum_hessian":[9E0,5E0,4E0,2E0,3E0,2E0,2E0,2E0,1E0],"tree_param":{"num_deleted":"0","num_feature":"2","num_nodes":"9","size_leaf_vector":"1"}},{"base_weights":[-1.1286239E-1,-3.9982364E0,4.572159E0,-5.807411E-1,-1.6417961E0,1.9815116E-1,5.638754E-1,-1.9514847E-1,-3.5636522E-2],"categories":[],"categories_nodes":[],"categories_segments":[],"categories_sizes":[],"default_left":[0,0,0,0,0,0,0,0,0],"id":14,"left_children":[1,3,5,-1,7,-1,-1,-1,-1],"loss_changes":[2.0031116E2,1.6044678E1,2.642601E0,0E0,8.968916E-1,0E0,0E0,0E0,0E0],"parents":[2147483647,0,0,1,1,2,2,4,4],"right_children":[2,4,6,-1,8,-1,-1,-1,-1],"split_conditions":[6.119546E-1,2.0839667E-1,8.200912E-1,-5.807411E-1,4.1014674E-1,1.9815116E-1,5.638754E-1,-1.9514847E-1,-3.5636522E-2],"split_indices":[0,0,0,0,0,0,0,0,0],"split_type":[0,0,0,0,0,0,0,0,0],"sum_hessian":[9E0,5E0,4E0,2E0,3E0,2E0,2E0,2E0,1E0],"tree_param":{"num_deleted":"0","num_feature":"2","num_nodes":"9","size_leaf_vector":"1"}},{"base_weights":[-1.0652618E-1,-3.733668E0,4.2673492E0,-5.42025E-1,-1.5353146E0,1.849411E-1,5.262838E-1,-1.8213883E-1,-3.3854675E-2],"categories":[],"categories_nodes":[],"categories_segments":[],"categories_sizes":[],"default_left":[0,0,0,0,0,0,0,0,0],"id":15,"left_children":[1,3,5,-1,7,-1,-1,-1,-1],"loss_changes":[1.7457953E2,1.3924431E1,2.302002E0,0E0,7.5282955E-1,0E0,0E0,0E0,0E0],"parents":[2147483647,0,0,1,1,2,2,4,4],"right_children":[2,4,6,-1,8,-1,-1,-1,-1],"split_conditions":[6.119546E-1,2.0839667E-1,8.200912E-1,-5.42025E-1,4.1014674E-1,1.849411E-1,5.262838E-1,-1.8213883E-1,-3.3854675E-2],"split_indices":[0,0,0,0,0,0,0,0,0],"split_type":[0,0,0,0,0,0,0,0,0],"sum_hessian":[9E0,5E0,4E0,2E0,3E0,2E0,2E0,2E0,1E0],"tree_param":{"num_deleted":"0","num_feature":"2","num_nodes":"9","size_leaf_vector":"1"}},{"base_weights":[-1.0055466E-1,-3.4866397E0,3.9828582E0,-5.0589013E-1,-1.4357834E0,1.7261149E-1,4.911982E-1,-1.699964E-1,-3.2162096E-2],"categories":[],"categories_nodes":[],"categories_segments":[],"categories_sizes":[],"default_left":[0,0,0,0,0,0,0,0,0],"id":16,"left_children":[1,3,5,-1,7,-1,-1,-1,-1],"loss_changes":[1.5215462E2,1.2083412E1,2.0053177E0,0E0,6.306162E-1,0E0,0E0,0E0,0E0],"parents":[2147483647,0,0,1,1,2,2,4,4],"right_children":[2,4,6,-1,8,-1,-1,-1,-1],"split_conditions":[6.119546E-1,2.0839667E-1,8.200912E-1,-5.0589013E-1,4.1014674E-1,1.7261149E-1,4.911982E-1,-1.699964E-1,-3.2162096E-2],"split_indices":[0,0,0,0,0,0,0,0,0],"split_type":[0,0,0,0,0,0,0,0,0],"sum_hessian":[9E0,5E0,4E0,2E0,3E0,2E0,2E0,2E0,1E0],"tree_param":{"num_deleted":"0","num_feature":"2","num_nodes":"9","size_leaf_vector":"1"}},{"base_weights":[-9.492264E-2,-3.2559826E0,3.717334E0,-4.7216415E-1,-1.3427429E0,1.6110383E-1,4.5845184E-1,-1.5866318E-1,-3.0553818E-2],"categories":[],"categories_nodes":[],"categories_segments":[],"categories_sizes":[],"default_left":[0,0,0,0,0,0,0,0,0],"id":17,"left_children":[1,3,5,-1,7,-1,-1,-1,-1],"loss_changes":[1.326113E2,1.0484997E1,1.7469025E0,0E0,5.270734E-1,0E0,0E0,0E0,0E0],"parents":[2147483647,0,0,1,1,2,2,4,4],"right_children":[2,4,6,-1,8,-1,-1,-1,-1],"split_conditions":[6.119546E-1,2.0839667E-1,8.200912E-1,-4.7216415E-1,4.1014674E-1,1.6110383E-1,4.5845184E-1,-1.5866318E-1,-3.0553818E-2],"split_indices":[0,0,0,0,0,0,0,0,0],"split_type":[0,0,0,0,0,0,0,0,0],"sum_hessian":[9E0,5E0,4E0,2E0,3E0,2E0,2E0,2E0,1E0],"tree_param":{"num_deleted":"0","num_feature":"2","num_nodes":"9","size_leaf_vector":"1"}},{"base_weights":[-8.961181E-2,-3.040614E0,3.469513E0,-4.406863E-1,-1.2557735E0,1.5036367E-1,4.2788848E-1,-1.4808579E-1,-2.9026031E-2],"categories":[],"categories_nodes":[],"categories_segments":[],"categories_sizes":[],"default_left":[0,0,0,0,0,0,0,0,0],"id":18,"left_children":[1,3,5,-1,7,-1,-1,-1,-1],"loss_changes":[1.1557929E2,9.097195E0,1.52174E0,0E0,4.3945312E-1,0E0,0E0,0E0,0E0],"parents":[2147483647,0,0,1,1,2,2,4,4],"right_children":[2,4,6,-1,8,-1,-1,-1,-1],"split_conditions":[6.119546E-1,2.0839667E-1,8.200912E-1,-4.406863E-1,4.1014674E-1,1.5036367E-1,4.2788848E-1,-1.4808579E-1,-2.9026031E-2],"split_indices":[0,0,0,0,0,0,0,0,0],"split_type":[0,0,0,0,0,0,0,0,0],"sum_hessian":[9E0,5E0,4E0,2E0,3E0,2E0,2E0,2E0,1E0],"tree_param":{"num_deleted":"0","num_feature":"2","num_nodes":"9","size_leaf_vector":"1"}},{"base_weights":[-8.460388E-2,-2.8395183E0,3.238214E0,-4.11307E-1,-1.1744747E0,1.4033966E-1,3.9936268E-1,-1.3821335E-1,-2.7574921E-2],"categories":[],"categories_nodes":[],"categories_segments":[],"categories_sizes":[],"default_left":[0,0,0,0,0,0,0,0,0],"id":19,"left_children":[1,3,5,-1,7,-1,-1,-1,-1],"loss_changes":[1.00735756E2,7.8924217E0,1.3255806E0,0E0,3.6539078E-1,0E0,0E0,0E0,0E0],"parents":[2147483647,0,0,1,1,2,2,4,4],"right_children":[2,4,6,-1,8,-1,-1,-1,-1],"split_conditions":[6.119546E-1,2.0839667E-1,8.200912E-1,-4.11307E-1,4.1014674E-1,1.4033966E-1,3.9936268E-1,-1.3821335E-1,-2.7574921E-2],"split_indices":[0,0,0,0,0,0,0,0,0],"split_type":[0,0,0,0,0,0,0,0,0],"sum_hessian":[9E0,5E0,4E0,2E0,3E0,2E0,2E0,2E0,1E0],"tree_param":{"num_deleted":"0","num_feature":"2","num_nodes":"9","size_leaf_vector":"1"}},{"base_weights":[-7.9882815E-2,-2.6517487E0,3.0223327E0,-4.479149E-1,-1.3904388E0,1.3098349E-1,3.7273866E-1,-1.6070671E-1,-2.619629E-2],"categories":[],"categories_nodes":[],"categories_segments":[],"categories_sizes":[],"default_left":[0,0,0,0,0,0,0,0,0],"id":20,"left_children":[1,3,5,-1,7,-1,-1,-1,-1],"loss_changes":[8.7799286E1,7.601528E0,1.1547546E0,0E0,8.013067E-1,0E0,0E0,0E0,0E0],"parents":[2147483647,0,0,1,1,2,2,4,4],"right_children":[2,4,6,-1,8,-1,-1,-1,-1],"split_conditions":[6.119546E-1,1.0561724E-1,8.200912E-1,-4.479149E-1,4.1014674E-1,1.3098349E-1,3.7273866E-1,-1.6070671E-1,-2.619629E-2],"split_indices":[0,0,0,0,0,0,0,0,0],"split_type":[0,0,0,0,0,0,0,0,0],"sum_hessian":[9E0,5E0,4E0,1E0,4E0,2E0,2E0,3E0,1E0],"tree_param":{"num_deleted":"0","num_feature":"2","num_nodes":"9","size_leaf_vector":"1"}},{"base_weights":[-8.500443E-2,-2.492377E0,2.8208435E0,-4.255192E-1,-1.2887757E0,1.22251384E-1,3.478892E-1,-1.4865379E-1,-2.4886323E-2],"categories":[],"categories_nodes":[],"categories_segments":[],"categories_sizes":[],"default_left":[0,0,0,0,0,0,0,0,0],"id":21,"left_children":[1,3,5,-1,7,-1,-1,-1,-1],"loss_changes":[7.698519E1,7.246372E0,1.0059013E0,0E0,6.583328E-1,0E0,0E0,0E0,0E0],"parents":[2147483647,0,0,1,1,2,2,4,4],"right_children":[2,4,6,-1,8,-1,-1,-1,-1],"split_conditions":[6.119546E-1,1.0561724E-1,8.200912E-1,-4.255192E-1,4.1014674E-1,1.22251384E-1,3.478892E-1,-1.4865379E-1,-2.4886323E-2],"split_indices":[0,0,0,0,0,0,0,0,0],"split_type":[0,0,0,0,0,0,0,0,0],"sum_hessian":[9E0,5E0,4E0,1E0,4E0,2E0,2E0,3E0,1E0],"tree_param":{"num_deleted":"0","num_feature":"2","num_nodes":"9","size_leaf_vector":"1"}},{"base_weights":[-8.939743E-2,-2.3429832E0,2.632785E0,-4.0424308E-1,-1.1946075E0,6.992493E-2,2.9413566E-1,-1.3750497E-1,-2.3641968E-2],"categories":[],"categories_nodes":[],"categories_segments":[],"categories_sizes":[],"default_left":[0,0,0,0,0,0,0,0,0],"id":22,"left_children":[1,3,5,-1,7,-1,-1,-1,-1],"loss_changes":[6.751529E1,6.8805084E0,9.2642975E-1,0E0,5.393982E-1,0E0,0E0,0E0,0E0],"parents":[2147483647,0,0,1,1,2,2,4,4],"right_children":[2,4,6,-1,8,-1,-1,-1,-1],"split_conditions":[6.119546E-1,1.0561724E-1,7.184446E-1,-4.0424308E-1,4.1014674E-1,6.992493E-2,2.9413566E-1,-1.3750497E-1,-2.3641968E-2],"split_indices":[0,0,0,0,0,0,0,0,0],"split_type":[0,0,0,0,0,0,0,0,0],"sum_hessian":[9E0,5E0,4E0,1E0,4E0,1E0,3E0,3E0,1E0],"tree_param":{"num_deleted":"0","num_feature":"2","num_nodes":"9","size_leaf_vector":"1"}},{"base_weights":[-1.0059051E-1,-2.2029164E0,2.4423187E0,-3.840309E-1,-1.1073761E0,1.01965845E-1,3.050873E-1,-1.2719212E-1,-2.2459794E-2],"categories":[],"categories_nodes":[],"categories_segments":[],"categories_sizes":[],"default_left":[0,0,0,0,0,0,0,0,0],"id":23,"left_children":[1,3,5,-1,7,-1,-1,-1,-1],"loss_changes":[5.8840466E1,6.510313E0,1.2179813E0,0E0,4.406128E-1,0E0,0E0,0E0,0E0],"parents":[2147483647,0,0,1,1,2,2,4,4],"right_children":[2,4,6,-1,8,-1,-1,-1,-1],"split_conditions":[6.119546E-1,1.0561724E-1,8.200912E-1,-3.840309E-1,4.1014674E-1,1.01965845E-1,3.050873E-1,-1.2719212E-1,-2.2459794E-2],"split_indices":[0,0,0,0,0,0,0,0,0],"split_type":[0,0,0,0,0,0,0,0,0],"sum_hessian":[9E0,5E0,4E0,1E0,4E0,2E0,2E0,3E0,1E0],"tree_param":{"num_deleted":"0","num_feature":"2","num_nodes":"9","size_leaf_vector":"1"}},{"base_weights":[-1.0319443E-1,-2.0715725E0,2.2794983E0,-3.6482927E-1,-1.0265701E0,9.516805E-2,2.8474835E-1,-1.1765289E-1,-2.1336747E-2],"categories":[],"categories_nodes":[],"categories_segments":[],"categories_sizes":[],"default_left":[0,0,0,0,0,0,0,0,0],"id":24,"left_children":[1,3,5,-1,7,-1,-1,-1,-1],"loss_changes":[5.162255E1,6.140829E0,1.0610065E0,0E0,3.5870218E-1,0E0,0E0,0E0,0E0],"parents":[2147483647,0,0,1,1,2,2,4,4],"right_children":[2,4,6,-1,8,-1,-1,-1,-1],"split_conditions":[6.119546E-1,1.0561724E-1,8.200912E-1,-3.6482927E-1,4.1014674E-1,9.516805E-2,2.8474835E-1,-1.1765289E-1,-2.1336747E-2],"split_indices":[0,0,0,0,0,0,0,0,0],"split_type":[0,0,0,0,0,0,0,0,0],"sum_hessian":[9E0,5E0,4E0,1E0,4E0,2E0,2E0,3E0,1E0],"tree_param":{"num_deleted":"0","num_feature":"2","num_nodes":"9","size_leaf_vector":"1"}},{"base_weights":[-1.0526581E-1,-1.9483846E0,2.1275299E0,-3.4658775E-1,-9.517105E-1,8.8823445E-2,2.657649E-1,-1.08828925E-1,-2.0269776E-2],"categories":[],"categories_nodes":[],"categories_segments":[],"categories_sizes":[],"default_left":[0,0,0,0,0,0,0,0,0],"id":25,"left_children":[1,3,5,-1,7,-1,-1,-1,-1],"loss_changes":[4.5298325E1,5.776163E0,9.242554E-1,0E0,2.909026E-1,0E0,0E0,0E0,0E0],"parents":[2147483647,0,0,1,1,2,2,4,4],"right_children":[2,4,6,-1,8,-1,-1,-1,-1],"split_conditions":[6.119546E-1,1.0561724E-1,8.200912E-1,-3.4658775E-1,4.1014674E-1,8.8823445E-2,2.657649E-1,-1.08828925E-1,-2.0269776E-2],"split_indices":[0,0,0,0,0,0,0,0,0],"split_type":[0,0,0,0,0,0,0,0,0],"sum_hessian":[9E0,5E0,4E0,1E0,4E0,2E0,2E0,3E0,1E0],"tree_param":{"num_deleted":"0","num_feature":"2","num_nodes":"9","size_leaf_vector":"1"}},{"base_weights":[-1.0684891E-1,-1.8328285E0,1.9856964E0,-3.2925835E-1,-8.823608E-1,1.05194286E-1,2.8603554E-1,-1.00667E-1,-1.925621E-2],"categories":[],"categories_nodes":[],"categories_segments":[],"categories_sizes":[],"default_left":[0,0,0,0,0,0,0,0,0],"id":26,"left_children":[1,3,5,-1,7,-1,-1,-1,-1],"loss_changes":[3.9756348E1,5.4194527E0,1.0746498E0,0E0,2.3489475E-1,0E0,0E0,0E0,0E0],"parents":[2147483647,0,0,1,1,2,2,4,4],"right_children":[2,4,6,-1,8,-1,-1,-1,-1],"split_conditions":[6.119546E-1,1.0561724E-1,9.1194713E-1,-3.2925835E-1,4.1014674E-1,1.05194286E-1,2.8603554E-1,-1.00667E-1,-1.925621E-2],"split_indices":[0,0,0,0,0,0,0,0,0],"split_type":[0,0,0,0,0,0,0,0,0],"sum_hessian":[9E0,5E0,4E0,1E0,4E0,3E0,1E0,3E0,1E0],"tree_param":{"num_deleted":"0","num_feature":"2","num_nodes":"9","size_leaf_vector":"1"}},{"base_weights":[-1.019577E-1,-1.7244072E0,1.8653733E0,-3.1279525E-1,-8.181076E-1,9.7304724E-2,2.7173385E-1,-9.311676E-2,-1.829338E-2],"categories":[],"categories_nodes":[],"categories_segments":[],"categories_sizes":[],"default_left":[0,0,0,0,0,0,0,0,0],"id":27,"left_children":[1,3,5,-1,7,-1,-1,-1,-1],"loss_changes":[3.5135616E1,5.0731926E0,1.1570549E0,0E0,1.8872166E-1,0E0,0E0,0E0,0E0],"parents":[2147483647,0,0,1,1,2,2,4,4],"right_children":[2,4,6,-1,8,-1,-1,-1,-1],"split_conditions":[6.119546E-1,1.0561724E-1,9.1194713E-1,-3.1279525E-1,4.1014674E-1,9.7304724E-2,2.7173385E-1,-9.311676E-2,-1.829338E-2],"split_indices":[0,0,0,0,0,0,0,0,0],"split_type":[0,0,0,0,0,0,0,0,0],"sum_hessian":[9E0,5E0,4E0,1E0,4E0,3E0,1E0,3E0,1E0],"tree_param":{"num_deleted":"0","num_feature":"2","num_nodes":"9","size_leaf_vector":"1"}},{"base_weights":[-9.7278595E-2,-1.6226667E0,1.7526429E0,-2.9715538E-1,-7.585785E-1,9.000683E-2,2.5814706E-1,-8.6133E-2,-1.7378617E-2],"categories":[],"categories_nodes":[],"categories_segments":[],"categories_sizes":[],"default_left":[0,0,0,0,0,0,0,0,0],"id":28,"left_children":[1,3,5,-1,7,-1,-1,-1,-1],"loss_changes":[3.1062435E1,4.7391872E0,1.2096872E0,0E0,1.5075445E-1,0E0,0E0,0E0,0E0],"parents":[2147483647,0,0,1,1,2,2,4,4],"right_children":[2,4,6,-1,8,-1,-1,-1,-1],"split_conditions":[6.119546E-1,1.0561724E-1,9.1194713E-1,-2.9715538E-1,4.1014674E-1,9.000683E-2,2.5814706E-1,-8.6133E-2,-1.7378617E-2],"split_indices":[0,0,0,0,0,0,0,0,0],"split_type":[0,0,0,0,0,0,0,0,0],"sum_hessian":[9E0,5E0,4E0,1E0,4E0,3E0,1E0,3E0,1E0],"tree_param":{"num_deleted":"0","num_feature":"2","num_nodes":"9","size_leaf_vector":"1"}},{"base_weights":[-9.280014E-2,-1.5271759E0,1.6470108E0,-2.8229752E-1,-7.03421E-1,8.3256535E-2,2.4523965E-1,-7.967281E-2,-1.6509628E-2],"categories":[],"categories_nodes":[],"categories_segments":[],"categories_sizes":[],"default_left":[0,0,0,0,0,0,0,0,0],"id":29,"left_children":[1,3,5,-1,7,-1,-1,-1,-1],"loss_changes":[2.7470701E1,4.418786E0,1.2379332E0,0E0,1.1961055E-1,0E0,0E0,0E0,0E0],"parents":[2147483647,0,0,1,1,2,2,4,4],"right_children":[2,4,6,-1,8,-1,-1,-1,-1],"split_conditions":[6.119546E-1,1.0561724E-1,9.1194713E-1,-2.8229752E-1,4.1014674E-1,8.3256535E-2,2.4523965E-1,-7.967281E-2,-1.6509628E-2],"split_indices":[0,0,0,0,0,0,0,0,0],"split_type":[0,0,0,0,0,0,0,0,0],"sum_hessian":[9E0,5E0,4E0,1E0,4E0,3E0,1E0,3E0,1E0],"tree_param":{"num_deleted":"0","num_feature":"2","num_nodes":"9","size_leaf_vector":"1"}},{"base_weights":[-8.851929E-2,-1.4375381E0,1.5480072E0,-2.6818275E-1,-6.523148E-1,7.701206E-2,2.3297767E-1,-7.3697284E-2,-1.5684128E-2],"categories":[],"categories_nodes":[],"categories_segments":[],"categories_sizes":[],"default_left":[0,0,0,0,0,0,0,0,0],"id":30,"left_children":[1,3,5,-1,7,-1,-1,-1,-1],"loss_changes":[2.4302372E1,4.112874E0,1.2464314E0,0E0,9.414148E-2,0E0,0E0,0E0,0E0],"parents":[2147483647,0,0,1,1,2,2,4,4],"right_children":[2,4,6,-1,8,-1,-1,-1,-1],"split_conditions":[6.119546E-1,1.0561724E-1,9.1194713E-1,-2.6818275E-1,4.1014674E-1,7.701206E-2,2.3297767E-1,-7.3697284E-2,-1.5684128E-2],"split_indices":[0,0,0,0,0,0,0,0,0],"split_type":[0,0,0,0,0,0,0,0,0],"sum_hessian":[9E0,5E0,4E0,1E0,4E0,3E0,1E0,3E0,1E0],"tree_param":{"num_deleted":"0","num_feature":"2","num_nodes":"9","size_leaf_vector":"1"}},{"base_weights":[-8.4423825E-2,-1.353377E0,1.4552047E0,-2.547737E-1,-6.049576E-1,7.123623E-2,2.2132874E-1,-7.571411E-2,-2.5112152E-2],"categories":[],"categories_nodes":[],"categories_segments":[],"categories_sizes":[],"default_left":[0,0,0,0,0,0,0,0,0],"id":31,"left_children":[1,3,5,-1,7,-1,-1,-1,-1],"loss_changes":[2.1506607E1,3.8220205E0,1.2390175E0,0E0,7.9105854E-2,0E0,0E0,0E0,0E0],"parents":[2147483647,0,0,1,1,2,2,4,4],"right_children":[2,4,6,-1,8,-1,-1,-1,-1],"split_conditions":[6.119546E-1,1.0561724E-1,9.1194713E-1,-2.547737E-1,3.0738464E-1,7.123623E-2,2.2132874E-1,-7.571411E-2,-2.5112152E-2],"split_indices":[0,0,0,0,0,0,0,0,0],"split_type":[0,0,0,0,0,0,0,0,0],"sum_hessian":[9E0,5E0,4E0,1E0,4E0,3E0,1E0,2E0,2E0],"tree_param":{"num_deleted":"0","num_feature":"2","num_nodes":"9","size_leaf_vector":"1"}},{"base_weights":[-8.228531E-2,-1.2773069E0,1.3681977E0,-2.4203491E-1,-5.646286E-1,6.589355E-2,2.102623E-1,-6.375637E-2,-1.3644409E-2],"categories":[],"categories_nodes":[],"categories_segments":[],"categories_sizes":[],"default_left":[0,0,0,0,0,0,0,0,0],"id":32,"left_children":[1,3,5,-1,7,-1,-1,-1,-1],"loss_changes":[1.908119E1,3.5211306E0,1.2190075E0,0E0,6.915653E-2,0E0,0E0,0E0,0E0],"parents":[2147483647,0,0,1,1,2,2,4,4],"right_children":[2,4,6,-1,8,-1,-1,-1,-1],"split_conditions":[6.119546E-1,1.0561724E-1,9.1194713E-1,-2.4203491E-1,4.1014674E-1,6.589355E-2,2.102623E-1,-6.375637E-2,-1.3644409E-2],"split_indices":[0,0,0,0,0,0,0,0,0],"split_type":[0,0,0,0,0,0,0,0,0],"sum_hessian":[9E0,5E0,4E0,1E0,4E0,3E0,1E0,3E0,1E0],"tree_param":{"num_deleted":"0","num_feature":"2","num_nodes":"9","size_leaf_vector":"1"}},{"base_weights":[-7.838516E-2,-1.2028147E0,1.2866074E0,-2.2993317E-1,-5.2364504E-1,6.0951423E-2,1.99749E-1,-6.641591E-2,-2.0858256E-2],"categories":[],"categories_nodes":[],"categories_segments":[],"categories_sizes":[],"default_left":[0,0,0,0,0,0,0,0,0],"id":33,"left_children":[1,3,5,-1,7,-1,-1,-1,-1],"loss_changes":[1.689593E1,3.2642937E0,1.1891699E0,0E0,8.282161E-2,0E0,0E0,0E0,0E0],"parents":[2147483647,0,0,1,1,2,2,4,4],"right_children":[2,4,6,-1,8,-1,-1,-1,-1],"split_conditions":[6.119546E-1,1.0561724E-1,9.1194713E-1,-2.2993317E-1,3.0738464E-1,6.0951423E-2,1.99749E-1,-6.641591E-2,-2.0858256E-2],"split_indices":[0,0,0,0,0,0,0,0,0],"split_type":[0,0,0,0,0,0,0,0,0],"sum_hessian":[9E0,5E0,4E0,1E0,4E0,3E0,1E0,2E0,2E0],"tree_param":{"num_deleted":"0","num_feature":"2","num_nodes":"9","size_leaf_vector":"1"}},{"base_weights":[-7.619782E-2,-1.1354014E0,1.2100861E0,-2.1843643E-1,-4.8873597E-1,5.6380082E-2,1.8976136E-1,-6.1988324E-2,-1.9467672E-2],"categories":[],"categories_nodes":[],"categories_segments":[],"categories_sizes":[],"default_left":[0,0,0,0,0,0,0,0,0],"id":34,"left_children":[1,3,5,-1,7,-1,-1,-1,-1],"loss_changes":[1.49983E1,3.0023913E0,1.1518183E0,0E0,7.214844E-2,0E0,0E0,0E0,0E0],"parents":[2147483647,0,0,1,1,2,2,4,4],"right_children":[2,4,6,-1,8,-1,-1,-1,-1],"split_conditions":[6.119546E-1,1.0561724E-1,9.1194713E-1,-2.1843643E-1,3.0738464E-1,5.6380082E-2,1.8976136E-1,-6.1988324E-2,-1.9467672E-2],"split_indices":[0,0,0,0,0,0,0,0,0],"split_type":[0,0,0,0,0,0,0,0,0],"sum_hessian":[9E0,5E0,4E0,1E0,4E0,3E0,1E0,2E0,2E0],"tree_param":{"num_deleted":"0","num_feature":"2","num_nodes":"9","size_leaf_vector":"1"}},{"base_weights":[-7.395248E-2,-1.0718422E0,1.1383057E0,-2.0751457E-1,-4.5615235E-1,5.215149E-2,1.8027344E-1,-5.7855733E-2,-1.8169658E-2],"categories":[],"categories_nodes":[],"categories_segments":[],"categories_sizes":[],"default_left":[0,0,0,0,0,0,0,0,0],"id":35,"left_children":[1,3,5,-1,7,-1,-1,-1,-1],"loss_changes":[1.3317083E1,2.75976E0,1.1089149E0,0E0,6.2852025E-2,0E0,0E0,0E0,0E0],"parents":[2147483647,0,0,1,1,2,2,4,4],"right_children":[2,4,6,-1,8,-1,-1,-1,-1],"split_conditions":[6.119546E-1,1.0561724E-1,9.1194713E-1,-2.0751457E-1,3.0738464E-1,5.215149E-2,1.8027344E-1,-5.7855733E-2,-1.8169658E-2],"split_indices":[0,0,0,0,0,0,0,0,0],"split_type":[0,0,0,0,0,0,0,0,0],"sum_hessian":[9E0,5E0,4E0,1E0,4E0,3E0,1E0,2E0,2E0],"tree_param":{"num_deleted":"0","num_feature":"2","num_nodes":"9","size_leaf_vector":"1"}},{"base_weights":[-7.166977E-2,-1.0119146E0,1.0709579E0,-1.9713898E-1,-4.2574158E-1,4.82399E-1,1.7125969E-1,-5.3998824E-2,-1.695811E-2,1.4161301E-2,5.4879E-2],"categories":[],"categories_nodes":[],"categories_segments":[],"categories_sizes":[],"default_left":[0,0,0,0,0,0,0,0,0,0,0],"id":36,"left_children":[1,3,5,-1,7,9,-1,-1,-1,-1,-1],"loss_changes":[1.1827216E1,2.5352073E0,1.062057E0,0E0,5.475557E-2,1.278466E-2,0E0,0E0,0E0,0E0,0E0],"parents":[2147483647,0,0,1,1,2,2,4,4,5,5],"right_children":[2,4,6,-1,8,10,-1,-1,-1,-1,-1],"split_conditions":[6.119546E-1,1.0561724E-1,9.1194713E-1,-1.9713898E-1,3.0738464E-1,7.184446E-1,1.7125969E-1,-5.3998824E-2,-1.695811E-2,1.4161301E-2,5.4879E-2],"split_indices":[0,0,0,0,0,0,0,0,0,0,0],"split_type":[0,0,0,0,0,0,0,0,0,0,0],"sum_hessian":[9E0,5E0,4E0,1E0,4E0,3E0,1E0,2E0,2E0,1E0,2E0],"tree_param":{"num_deleted":"0","num_feature":"2","num_nodes":"11","size_leaf_vector":"1"}},{"base_weights":[-6.728134E-2,-9.5540494E-1,1.0119232E0,-1.8728219E-1,-3.9735717E-1,4.5141983E-1,1.6269684E-1,-5.0398763E-2,-1.5827434E-2,1.3453293E-2,5.1220447E-2],"categories":[],"categories_nodes":[],"categories_segments":[],"categories_sizes":[],"default_left":[0,0,0,0,0,0,0,0,0,0,0],"id":37,"left_children":[1,3,5,-1,7,9,-1,-1,-1,-1,-1],"loss_changes":[1.0551466E1,2.3275952E0,9.892287E-1,0E0,4.7699213E-2,8.139074E-3,0E0,0E0,0E0,0E0,0E0],"parents":[2147483647,0,0,1,1,2,2,4,4,5,5],"right_children":[2,4,6,-1,8,10,-1,-1,-1,-1,-1],"split_conditions":[6.119546E-1,1.0561724E-1,9.1194713E-1,-1.8728219E-1,3.0738464E-1,7.184446E-1,1.6269684E-1,-5.0398763E-2,-1.5827434E-2,1.3453293E-2,5.1220447E-2],"split_indices":[0,0,0,0,0,0,0,0,0,0,0],"split_type":[0,0,0,0,0,0,0,0,0,0,0],"sum_hessian":[9E0,5E0,4E0,1E0,4E0,3E0,1E0,2E0,2E0,1E0,2E0],"tree_param":{"num_deleted":"0","num_feature":"2","num_nodes":"11","size_leaf_vector":"1"}},{"base_weights":[-6.316681E-2,-9.0211487E-1,9.5620424E-1,-1.7791824E-1,-3.7086487E-1,4.224453E-1,1.54562E-1,-4.703878E-2,-1.4772034E-2,1.2780762E-2,4.7805533E-2],"categories":[],"categories_nodes":[],"categories_segments":[],"categories_sizes":[],"default_left":[0,0,0,0,0,0,0,0,0,0,0],"id":38,"left_children":[1,3,5,-1,7,9,-1,-1,-1,-1,-1],"loss_changes":[9.414599E0,2.1358166E0,9.2008924E-1,0E0,4.1554153E-2,4.4401884E-3,0E0,0E0,0E0,0E0,0E0],"parents":[2147483647,0,0,1,1,2,2,4,4,5,5],"right_children":[2,4,6,-1,8,10,-1,-1,-1,-1,-1],"split_conditions":[6.119546E-1,1.0561724E-1,9.1194713E-1,-1.7791824E-1,3.0738464E-1,7.184446E-1,1.54562E-1,-4.703878E-2,-1.4772034E-2,1.2780762E-2,4.7805533E-2],"split_indices":[0,0,0,0,0,0,0,0,0,0,0],"split_type":[0,0,0,0,0,0,0,0,0,0,0],"sum_hessian":[9E0,5E0,4E0,1E0,4E0,3E0,1E0,2E0,2E0,1E0,2E0],"tree_param":{"num_deleted":"0","num_feature":"2","num_nodes":"11","size_leaf_vector":"1"}},{"base_weights":[-5.9309386E-2,-8.5186005E-1,9.0361327E-1,-1.6902237E-1,-3.461426E-1,3.953476E-1,1.468338E-1,-4.3903098E-2,-1.3787334E-2,1.21418005E-2,4.461848E-2],"categories":[],"categories_nodes":[],"categories_segments":[],"categories_sizes":[],"default_left":[0,0,0,0,0,0,0,0,0,0,0],"id":39,"left_children":[1,3,5,-1,7,9,-1,-1,-1,-1,-1],"loss_changes":[8.4014015E0,1.9587927E0,8.5464716E-1,0E0,3.6198318E-2,1.5283823E-3,0E0,0E0,0E0,0E0,0E0],"parents":[2147483647,0,0,1,1,2,2,4,4,5,5],"right_children":[2,4,6,-1,8,10,-1,-1,-1,-1,-1],"split_conditions":[6.119546E-1,1.0561724E-1,9.1194713E-1,-1.6902237E-1,3.0738464E-1,7.184446E-1,1.468338E-1,-4.3903098E-2,-1.3787334E-2,1.21418005E-2,4.461848E-2],"split_indices":[0,0,0,0,0,0,0,0,0,0,0],"split_type":[0,0,0,0,0,0,0,0,0,0,0],"sum_hessian":[9E0,5E0,4E0,1E0,4E0,3E0,1E0,2E0,2E0,1E0,2E0],"tree_param":{"num_deleted":"0","num_feature":"2","num_nodes":"11","size_leaf_vector":"1"}},{"base_weights":[-5.5690765E-2,-8.044612E-1,8.5397184E-1,-1.6057129E-1,-3.2306823E-1,3.7000466E-2,1.3949203E-1,-3.6898613E-2,-6.9698333E-3],"categories":[],"categories_nodes":[],"categories_segments":[],"categories_sizes":[],"default_left":[0,0,0,0,0,0,0,0,0],"id":40,"left_children":[1,3,5,-1,7,-1,-1,-1,-1],"loss_changes":[7.498272E0,1.7955463E0,7.928796E-1,0E0,3.245336E-2,0E0,0E0,0E0,0E0],"parents":[2147483647,0,0,1,1,2,2,4,4],"right_children":[2,4,6,-1,8,-1,-1,-1,-1],"split_conditions":[6.119546E-1,1.0561724E-1,9.1194713E-1,-1.6057129E-1,4.1014674E-1,3.7000466E-2,1.3949203E-1,-3.6898613E-2,-6.9698333E-3],"split_indices":[0,0,0,0,0,0,0,0,0],"split_type":[0,0,0,0,0,0,0,0,0],"sum_hessian":[9E0,5E0,4E0,1E0,4E0,3E0,1E0,3E0,1E0],"tree_param":{"num_deleted":"0","num_feature":"2","num_nodes":"9","size_leaf_vector":"1"}},{"base_weights":[-5.2918244E-2,-7.580897E-1,8.0387115E-1,-1.5254287E-1,-2.9953614E-1,3.4225273E-1,1.3251725E-1,-3.8516745E-2,-1.1405945E-2,9.684754E-3,3.9177194E-2],"categories":[],"categories_nodes":[],"categories_segments":[],"categories_sizes":[],"default_left":[0,0,0,0,0,0,0,0,0,0,0],"id":41,"left_children":[1,3,5,-1,7,9,-1,-1,-1,-1,-1],"loss_changes":[6.651241E0,1.6542752E0,7.4966764E-1,0E0,3.5481066E-2,1.0666937E-2,0E0,0E0,0E0,0E0,0E0],"parents":[2147483647,0,0,1,1,2,2,4,4,5,5],"right_children":[2,4,6,-1,8,10,-1,-1,-1,-1,-1],"split_conditions":[6.119546E-1,1.0561724E-1,9.1194713E-1,-1.5254287E-1,3.0738464E-1,7.184446E-1,1.3251725E-1,-3.8516745E-2,-1.1405945E-2,9.684754E-3,3.9177194E-2],"split_indices":[0,0,0,0,0,0,0,0,0,0,0],"split_type":[0,0,0,0,0,0,0,0,0,0,0],"sum_hessian":[9E0,5E0,4E0,1E0,4E0,3E0,1E0,2E0,2E0,1E0,2E0],"tree_param":{"num_deleted":"0","num_feature":"2","num_nodes":"11","size_leaf_vector":"1"}},{"base_weights":[-4.973526E-2,-7.160263E-1,7.5976104E-1,-1.4491577E-1,-2.795685E-1,3.2024384E-1,1.2589149E-1,-3.5949197E-2,-1.0645549E-2,9.200669E-3,3.65654E-2],"categories":[],"categories_nodes":[],"categories_segments":[],"categories_sizes":[],"default_left":[0,0,0,0,0,0,0,0,0,0,0],"id":42,"left_children":[1,3,5,-1,7,9,-1,-1,-1,-1,-1],"loss_changes":[5.93761E0,1.5147469E0,6.93774E-1,0E0,3.0909091E-2,7.814527E-3,0E0,0E0,0E0,0E0,0E0],"parents":[2147483647,0,0,1,1,2,2,4,4,5,5],"right_children":[2,4,6,-1,8,10,-1,-1,-1,-1,-1],"split_conditions":[6.119546E-1,1.0561724E-1,9.1194713E-1,-1.4491577E-1,3.0738464E-1,7.184446E-1,1.2589149E-1,-3.5949197E-2,-1.0645549E-2,9.200669E-3,3.65654E-2],"split_indices":[0,0,0,0,0,0,0,0,0,0,0],"split_type":[0,0,0,0,0,0,0,0,0,0,0],"sum_hessian":[9E0,5E0,4E0,1E0,4E0,3E0,1E0,2E0,2E0,1E0,2E0],"tree_param":{"num_deleted":"0","num_feature":"2","num_nodes":"11","size_leaf_vector":"1"}},{"base_weights":[-4.674835E-2,-6.7634326E-1,7.181152E-1,-1.3767014E-1,-2.609314E-1,2.9965973E-1,1.1959686E-1,-3.3552554E-2,-9.936015E-3,8.740616E-3,3.4127556E-2],"categories":[],"categories_nodes":[],"categories_segments":[],"categories_sizes":[],"default_left":[0,0,0,0,0,0,0,0,0,0,0],"id":43,"left_children":[1,3,5,-1,7,9,-1,-1,-1,-1,-1],"loss_changes":[5.3012347E0,1.3863978E0,6.414182E-1,0E0,2.6923448E-2,5.50282E-3,0E0,0E0,0E0,0E0,0E0],"parents":[2147483647,0,0,1,1,2,2,4,4,5,5],"right_children":[2,4,6,-1,8,10,-1,-1,-1,-1,-1],"split_conditions":[6.119546E-1,1.0561724E-1,9.1194713E-1,-1.3767014E-1,3.0738464E-1,7.184446E-1,1.1959686E-1,-3.3552554E-2,-9.936015E-3,8.740616E-3,3.4127556E-2],"split_indices":[0,0,0,0,0,0,0,0,0,0,0],"split_type":[0,0,0,0,0,0,0,0,0,0,0],"sum_hessian":[9E0,5E0,4E0,1E0,4E0,3E0,1E0,2E0,2E0,1E0,2E0],"tree_param":{"num_deleted":"0","num_feature":"2","num_nodes":"11","size_leaf_vector":"1"}},{"base_weights":[-4.3943025E-2,-6.38902E-1,6.787964E-1,-1.3078652E-1,-2.4353638E-1,2.8041077E-1,1.1361694E-1,-3.1315614E-2,-9.273783E-3,8.303451E-3,3.185247E-2],"categories":[],"categories_nodes":[],"categories_segments":[],"categories_sizes":[],"default_left":[0,0,0,0,0,0,0,0,0,0,0],"id":44,"left_children":[1,3,5,-1,7,9,-1,-1,-1,-1,-1],"loss_changes":[4.7336874E0,1.2683973E0,5.9246016E-1,0E0,2.3451328E-2,3.6425889E-3,0E0,0E0,0E0,0E0,0E0],"parents":[2147483647,0,0,1,1,2,2,4,4,5,5],"right_children":[2,4,6,-1,8,10,-1,-1,-1,-1,-1],"split_conditions":[6.119546E-1,1.0561724E-1,9.1194713E-1,-1.3078652E-1,3.0738464E-1,7.184446E-1,1.1361694E-1,-3.1315614E-2,-9.273783E-3,8.303451E-3,3.185247E-2],"split_indices":[0,0,0,0,0,0,0,0,0,0,0],"split_type":[0,0,0,0,0,0,0,0,0,0,0],"sum_hessian":[9E0,5E0,4E0,1E0,4E0,3E0,1E0,2E0,2E0,1E0,2E0],"tree_param":{"num_deleted":"0","num_feature":"2","num_nodes":"11","size_leaf_vector":"1"}},{"base_weights":[-4.130783E-2,-6.0357285E-1,6.416718E-1,-1.24247365E-1,-2.2729798E-1,2.624092E-1,1.079361E-1,-2.9227702E-2,-8.655294E-3,7.888413E-3,2.9728953E-2],"categories":[],"categories_nodes":[],"categories_segments":[],"categories_sizes":[],"default_left":[0,0,0,0,0,0,0,0,0,0,0],"id":45,"left_children":[1,3,5,-1,7,9,-1,-1,-1,-1,-1],"loss_changes":[4.2274513E0,1.160002E0,5.467613E-1,0E0,2.0429969E-2,2.154231E-3,0E0,0E0,0E0,0E0,0E0],"parents":[2147483647,0,0,1,1,2,2,4,4,5,5],"right_children":[2,4,6,-1,8,10,-1,-1,-1,-1,-1],"split_conditions":[6.119546E-1,1.0561724E-1,9.1194713E-1,-1.24247365E-1,3.0738464E-1,7.184446E-1,1.079361E-1,-2.9227702E-2,-8.655294E-3,7.888413E-3,2.9728953E-2],"split_indices":[0,0,0,0,0,0,0,0,0,0,0],"split_type":[0,0,0,0,0,0,0,0,0,0,0],"sum_hessian":[9E0,5E0,4E0,1E0,4E0,3E0,1E0,2E0,2E0,1E0,2E0],"tree_param":{"num_deleted":"0","num_feature":"2","num_nodes":"11","size_leaf_vector":"1"}},{"base_weights":[-3.8835905E-2,-5.7023877E-1,6.066147E-1,-1.1803513E-1,-2.12146E-1,2.4557114E-1,1.0253944E-1,-2.7279153E-2,-8.078512E-3,7.493973E-3,2.7746836E-2],"categories":[],"categories_nodes":[],"categories_segments":[],"categories_sizes":[],"default_left":[0,0,0,0,0,0,0,0,0,0,0],"id":46,"left_children":[1,3,5,-1,7,9,-1,-1,-1,-1,-1],"loss_changes":[3.775858E0,1.0604545E0,5.041814E-1,0E0,1.7794773E-2,9.772778E-4,0E0,0E0,0E0,0E0,0E0],"parents":[2147483647,0,0,1,1,2,2,4,4,5,5],"right_children":[2,4,6,-1,8,10,-1,-1,-1,-1,-1],"split_conditions":[6.119546E-1,1.0561724E-1,9.1194713E-1,-1.1803513E-1,3.0738464E-1,7.184446E-1,1.0253944E-1,-2.7279153E-2,-8.078512E-3,7.493973E-3,2.7746836E-2],"split_indices":[0,0,0,0,0,0,0,0,0,0,0],"split_type":[0,0,0,0,0,0,0,0,0,0,0],"sum_hessian":[9E0,5E0,4E0,1E0,4E0,3E0,1E0,2E0,2E0,1E0,2E0],"tree_param":{"num_deleted":"0","num_feature":"2","num_nodes":"11","size_leaf_vector":"1"}},{"base_weights":[-3.6512755E-2,-9.377772E-1,3.060255E-1,-1.12133406E-1,-2.8533174E-2,-4.439036E-3,8.249461E-2,-1.0483551E-2,1.309026E-2],"categories":[],"categories_nodes":[],"categories_segments":[],"categories_sizes":[],"default_left":[0,0,0,0,0,0,0,0,0],"id":47,"left_children":[1,3,5,-1,-1,7,-1,-1,-1],"loss_changes":[3.3741593E0,3.9330482E-2,1.2925135E0,0E0,0E0,9.525018E-2,0E0,0E0,0E0],"parents":[2147483647,0,0,1,1,2,2,5,5],"right_children":[2,4,6,-1,-1,8,-1,-1,-1],"split_conditions":[2.0839667E-1,1.0561724E-1,8.200912E-1,-1.12133406E-1,-2.8533174E-2,6.119546E-1,8.249461E-2,-1.0483551E-2,1.309026E-2],"split_indices":[0,0,0,0,0,0,0,0,0],"split_type":[0,0,0,0,0,0,0,0,0],"sum_hessian":[9E0,2E0,7E0,1E0,1E0,5E0,2E0,3E0,2E0],"tree_param":{"num_deleted":"0","num_feature":"2","num_nodes":"9","size_leaf_vector":"1"}},{"base_weights":[-3.841858E-2,-8.9088696E-1,2.8605938E-1,-1.0652657E-1,-2.7106477E-2,-3.5616558E-3,7.699483E-1,-9.697342E-3,1.2217458E-2,2.2204591E-2,9.328766E-2],"categories":[],"categories_nodes":[],"categories_segments":[],"categories_sizes":[],"default_left":[0,0,0,0,0,0,0,0,0,0,0],"id":48,"left_children":[1,3,5,-1,-1,7,9,-1,-1,-1,-1],"loss_changes":[3.0209186E0,3.549528E-2,1.1238977E0,0E0,0E0,8.231915E-2,6.0664892E-2,0E0,0E0,0E0,0E0],"parents":[2147483647,0,0,1,1,2,2,5,5,6,6],"right_children":[2,4,6,-1,-1,8,10,-1,-1,-1,-1],"split_conditions":[2.0839667E-1,1.0561724E-1,8.200912E-1,-1.0652657E-1,-2.7106477E-2,6.119546E-1,9.1194713E-1,-9.697342E-3,1.2217458E-2,2.2204591E-2,9.328766E-2],"split_indices":[0,0,0,0,0,0,0,0,0,0,0],"split_type":[0,0,0,0,0,0,0,0,0,0,0],"sum_hessian":[9E0,2E0,7E0,1E0,1E0,5E0,2E0,3E0,2E0,1E0,1E0],"tree_param":{"num_deleted":"0","num_feature":"2","num_nodes":"11","size_leaf_vector":"1"}},{"base_weights":[-3.613739E-2,-8.4634143E-1,2.722063E-1,-1.01200104E-1,-2.5751114E-2,-2.784729E-3,7.3145294E-1,-8.97007E-2,1.1403147E-2,2.1094514E-2,8.862343E-2,-1.0151672E-2,-2.7126314E-3],"categories":[],"categories_nodes":[],"categories_segments":[],"categories_sizes":[],"default_left":[0,0,0,0,0,0,0,0,0,0,0,0,0],"id":49,"left_children":[1,3,5,-1,-1,7,9,11,-1,-1,-1,-1,-1],"loss_changes":[2.7285926E0,3.2034397E-2,1.0123465E0,0E0,0E0,7.114787E-2,5.474782E-2,2.037473E-4,0E0,0E0,0E0,0E0,0E0],"parents":[2147483647,0,0,1,1,2,2,5,5,6,6,7,7],"right_children":[2,4,6,-1,-1,8,10,12,-1,-1,-1,-1,-1],"split_conditions":[2.0839667E-1,1.0561724E-1,8.200912E-1,-1.01200104E-1,-2.5751114E-2,6.119546E-1,9.1194713E-1,4.1014674E-1,1.1403147E-2,2.1094514E-2,8.862343E-2,-1.0151672E-2,-2.7126314E-3],"split_indices":[0,0,0,0,0,0,0,0,0,0,0,0,0],"split_type":[0,0,0,0,0,0,0,0,0,0,0,0,0],"sum_hessian":[9E0,2E0,7E0,1E0,1E0,5E0,2E0,3E0,2E0,1E0,1E0,2E0,1E0],"tree_param":{"num_deleted":"0","num_feature":"2","num_nodes":"13","size_leaf_vector":"1"}},{"base_weights":[-3.4392547E-2,-8.0402374E-1,2.5851822E-1,-9.613991E-2,-2.4463654E-2,-2.7491252E-3,6.948802E-1,-8.394432E-2,1.0642751E-2,2.003975E-2,8.4192276E-2,-9.474691E-3,-2.576828E-3],"categories":[],"categories_nodes":[],"categories_segments":[],"categories_sizes":[],"default_left":[0,0,0,0,0,0,0,0,0,0,0,0,0],"id":50,"left_children":[1,3,5,-1,-1,7,9,11,-1,-1,-1,-1,-1],"loss_changes":[2.4621875E0,2.8908014E-2,9.139673E-1,0E0,0E0,6.2121693E-2,4.941082E-2,7.234141E-5,0E0,0E0,0E0,0E0,0E0],"parents":[2147483647,0,0,1,1,2,2,5,5,6,6,7,7],"right_children":[2,4,6,-1,-1,8,10,12,-1,-1,-1,-1,-1],"split_conditions":[2.0839667E-1,1.0561724E-1,8.200912E-1,-9.613991E-2,-2.4463654E-2,6.119546E-1,9.1194713E-1,4.1014674E-1,1.0642751E-2,2.003975E-2,8.4192276E-2,-9.474691E-3,-2.576828E-3],"split_indices":[0,0,0,0,0,0,0,0,0,0,0,0,0],"split_type":[0,0,0,0,0,0,0,0,0,0,0,0,0],"sum_hessian":[9E0,2E0,7E0,1E0,1E0,5E0,2E0,3E0,2E0,1E0,1E0,2E0,1E0],"tree_param":{"num_deleted":"0","num_feature":"2","num_nodes":"13","size_leaf_vector":"1"}},{"base_weights":[-3.273163E-2,-7.6382446E-1,2.4551964E-1,-9.133301E-2,-2.3240661E-2,-2.708435E-3,6.601359E-1,-7.856178E-3,9.933217E-3,1.9037629E-2,7.998276E-2],"categories":[],"categories_nodes":[],"categories_segments":[],"categories_sizes":[],"default_left":[0,0,0,0,0,0,0,0,0,0,0],"id":51,"left_children":[1,3,5,-1,-1,7,9,-1,-1,-1,-1],"loss_changes":[2.221809E0,2.6085973E-2,8.251431E-1,0E0,0E0,5.4244444E-2,4.4596314E-2,0E0,0E0,0E0,0E0],"parents":[2147483647,0,0,1,1,2,2,5,5,6,6],"right_children":[2,4,6,-1,-1,8,10,-1,-1,-1,-1],"split_conditions":[2.0839667E-1,1.0561724E-1,8.200912E-1,-9.133301E-2,-2.3240661E-2,6.119546E-1,9.1194713E-1,-7.856178E-3,9.933217E-3,1.9037629E-2,7.998276E-2],"split_indices":[0,0,0,0,0,0,0,0,0,0,0],"split_type":[0,0,0,0,0,0,0,0,0,0,0],"sum_hessian":[9E0,2E0,7E0,1E0,1E0,5E0,2E0,3E0,2E0,1E0,1E0],"tree_param":{"num_deleted":"0","num_feature":"2","num_nodes":"11","size_leaf_vector":"1"}},{"base_weights":[-3.080597E-2,-7.256343E-1,2.3360538E-1,-8.676644E-2,-2.2078706E-2,-2.090454E-3,6.271286E-1,-7.2668076E-2,9.270987E-3,1.8085862E-2,7.598343E-2,-8.319092E-3,-2.0549775E-3],"categories":[],"categories_nodes":[],"categories_segments":[],"categories_sizes":[],"default_left":[0,0,0,0,0,0,0,0,0,0,0,0,0],"id":52,"left_children":[1,3,5,-1,-1,7,9,11,-1,-1,-1,-1,-1],"loss_changes":[2.006717E0,2.354145E-2,7.4332523E-1,0E0,0E0,4.6881735E-2,4.0245175E-2,4.8417598E-4,0E0,0E0,0E0,0E0,0E0],"parents":[2147483647,0,0,1,1,2,2,5,5,6,6,7,7],"right_children":[2,4,6,-1,-1,8,10,12,-1,-1,-1,-1,-1],"split_conditions":[2.0839667E-1,1.0561724E-1,8.200912E-1,-8.676644E-2,-2.2078706E-2,6.119546E-1,9.1194713E-1,4.1014674E-1,9.270987E-3,1.8085862E-2,7.598343E-2,-8.319092E-3,-2.0549775E-3],"split_indices":[0,0,0,0,0,0,0,0,0,0,0,0,0],"split_type":[0,0,0,0,0,0,0,0,0,0,0,0,0],"sum_hessian":[9E0,2E0,7E0,1E0,1E0,5E0,2E0,3E0,2E0,1E0,1E0,2E0,1E0],"tree_param":{"num_deleted":"0","num_feature":"2","num_nodes":"13","size_leaf_vector":"1"}},{"base_weights":[-2.931366E-2,-6.893514E-1,2.218647E-1,-8.242798E-2,-2.0974731E-2,-2.0662944E-3,5.957718E-1,-6.799698E-2,8.653006E-3,1.7181396E-2,7.218438E-2,-7.764689E-3,-1.9523621E-3],"categories":[],"categories_nodes":[],"categories_segments":[],"categories_sizes":[],"default_left":[0,0,0,0,0,0,0,0,0,0,0,0,0],"id":53,"left_children":[1,3,5,-1,-1,7,9,11,-1,-1,-1,-1,-1],"loss_changes":[1.8108147E0,2.1246076E-2,6.7106616E-1,0E0,0E0,4.0931087E-2,3.632474E-2,3.5510585E-4,0E0,0E0,0E0,0E0,0E0],"parents":[2147483647,0,0,1,1,2,2,5,5,6,6,7,7],"right_children":[2,4,6,-1,-1,8,10,12,-1,-1,-1,-1,-1],"split_conditions":[2.0839667E-1,1.0561724E-1,8.200912E-1,-8.242798E-2,-2.0974731E-2,6.119546E-1,9.1194713E-1,4.1014674E-1,8.653006E-3,1.7181396E-2,7.218438E-2,-7.764689E-3,-1.9523621E-3],"split_indices":[0,0,0,0,0,0,0,0,0,0,0,0,0],"split_type":[0,0,0,0,0,0,0,0,0,0,0,0,0],"sum_hessian":[9E0,2E0,7E0,1E0,1E0,5E0,2E0,3E0,2E0,1E0,1E0,2E0,1E0],"tree_param":{"num_deleted":"0","num_feature":"2","num_nodes":"13","size_leaf_vector":"1"}},{"base_weights":[-2.789154E-2,-6.5488434E-1,2.107172E-1,-7.830658E-2,-1.9926071E-2,-2.0357769E-3,5.659841E-1,-6.3625336E-2,8.076224E-3,1.6322328E-2,6.8575285E-2,-7.246908E-3,-1.8547059E-3],"categories":[],"categories_nodes":[],"categories_segments":[],"categories_sizes":[],"default_left":[0,0,0,0,0,0,0,0,0,0,0,0,0],"id":54,"left_children":[1,3,5,-1,-1,7,9,11,-1,-1,-1,-1,-1],"loss_changes":[1.634055E0,1.9173265E-2,6.0582495E-1,0E0,0E0,3.573548E-2,3.2783687E-2,2.505537E-4,0E0,0E0,0E0,0E0,0E0],"parents":[2147483647,0,0,1,1,2,2,5,5,6,6,7,7],"right_children":[2,4,6,-1,-1,8,10,12,-1,-1,-1,-1,-1],"split_conditions":[2.0839667E-1,1.0561724E-1,8.200912E-1,-7.830658E-2,-1.9926071E-2,6.119546E-1,9.1194713E-1,4.1014674E-1,8.076224E-3,1.6322328E-2,6.8575285E-2,-7.246908E-3,-1.8547059E-3],"split_indices":[0,0,0,0,0,0,0,0,0,0,0,0,0],"split_type":[0,0,0,0,0,0,0,0,0,0,0,0,0],"sum_hessian":[9E0,2E0,7E0,1E0,1E0,5E0,2E0,3E0,2E0,1E0,1E0,2E0,1E0],"tree_param":{"num_deleted":"0","num_feature":"2","num_nodes":"13","size_leaf_vector":"1"}},{"base_weights":[-2.6538085E-2,-6.22139E-1,2.0012951E-1,-7.439118E-2,-1.8929673E-2,-2.0039876E-3,5.3768665E-1,-5.9537888E-2,7.537588E-3,1.55063635E-2,6.514664E-2,-6.7637125E-3,-1.7620086E-3],"categories":[],"categories_nodes":[],"categories_segments":[],"categories_sizes":[],"default_left":[0,0,0,0,0,0,0,0,0,0,0,0,0],"id":55,"left_children":[1,3,5,-1,-1,7,9,11,-1,-1,-1,-1,-1],"loss_changes":[1.4745426E0,1.7305136E-2,5.469303E-1,0E0,0E0,3.1199515E-2,2.958548E-2,1.6623642E-4,0E0,0E0,0E0,0E0,0E0],"parents":[2147483647,0,0,1,1,2,2,5,5,6,6,7,7],"right_children":[2,4,6,-1,-1,8,10,12,-1,-1,-1,-1,-1],"split_conditions":[2.0839667E-1,1.0561724E-1,8.200912E-1,-7.439118E-2,-1.8929673E-2,6.119546E-1,9.1194713E-1,4.1014674E-1,7.537588E-3,1.55063635E-2,6.514664E-2,-6.7637125E-3,-1.7620086E-3],"split_indices":[0,0,0,0,0,0,0,0,0,0,0,0,0],"split_type":[0,0,0,0,0,0,0,0,0,0,0,0,0],"sum_hessian":[9E0,2E0,7E0,1E0,1E0,5E0,2E0,3E0,2E0,1E0,1E0,2E0,1E0],"tree_param":{"num_deleted":"0","num_feature":"2","num_nodes":"13","size_leaf_vector":"1"}},{"base_weights":[-2.5248718E-2,-5.910314E-1,1.9007587E-1,-7.067146E-2,-1.7983247E-2,-1.9671123E-3,5.108032E-1,-5.5713654E-2,7.035065E-3,1.4731216E-2,6.188927E-2,-6.312561E-3,-1.6738892E-3],"categories":[],"categories_nodes":[],"categories_segments":[],"categories_sizes":[],"default_left":[0,0,0,0,0,0,0,0,0,0,0,0,0],"id":56,"left_children":[1,3,5,-1,-1,7,9,11,-1,-1,-1,-1,-1],"loss_changes":[1.33061E0,1.56161785E-2,4.937524E-1,0E0,0E0,2.7240468E-2,2.6698172E-2,9.886455E-5,0E0,0E0,0E0,0E0,0E0],"parents":[2147483647,0,0,1,1,2,2,5,5,6,6,7,7],"right_children":[2,4,6,-1,-1,8,10,12,-1,-1,-1,-1,-1],"split_conditions":[2.0839667E-1,1.0561724E-1,8.200912E-1,-7.067146E-2,-1.7983247E-2,6.119546E-1,9.1194713E-1,4.1014674E-1,7.035065E-3,1.4731216E-2,6.188927E-2,-6.312561E-3,-1.6738892E-3],"split_indices":[0,0,0,0,0,0,0,0,0,0,0,0,0],"split_type":[0,0,0,0,0,0,0,0,0,0,0,0,0],"sum_hessian":[9E0,2E0,7E0,1E0,1E0,5E0,2E0,3E0,2E0,1E0,1E0,2E0,1E0],"tree_param":{"num_deleted":"0","num_feature":"2","num_nodes":"13","size_leaf_vector":"1"}},{"base_weights":[-2.4023438E-2,-5.614802E-1,1.8052578E-1,-6.713791E-2,-1.7084122E-2,-1.9302368E-3,4.8526254E-1,-5.214119E-2,6.566111E-3,1.3994599E-2,5.8794785E-2,-5.891927E-3,-1.5903473E-3],"categories":[],"categories_nodes":[],"categories_segments":[],"categories_sizes":[],"default_left":[0,0,0,0,0,0,0,0,0,0,0,0,0],"id":57,"left_children":[1,3,5,-1,-1,7,9,11,-1,-1,-1,-1,-1],"loss_changes":[1.2007252E0,1.4093161E-2,4.4574514E-1,0E0,0E0,2.3786604E-2,2.4095893E-2,4.54681E-5,0E0,0E0,0E0,0E0,0E0],"parents":[2147483647,0,0,1,1,2,2,5,5,6,6,7,7],"right_children":[2,4,6,-1,-1,8,10,12,-1,-1,-1,-1,-1],"split_conditions":[2.0839667E-1,1.0561724E-1,8.200912E-1,-6.713791E-2,-1.7084122E-2,6.119546E-1,9.1194713E-1,4.1014674E-1,6.566111E-3,1.3994599E-2,5.8794785E-2,-5.891927E-3,-1.5903473E-3],"split_indices":[0,0,0,0,0,0,0,0,0,0,0,0,0],"split_type":[0,0,0,0,0,0,0,0,0,0,0,0,0],"sum_hessian":[9E0,2E0,7E0,1E0,1E0,5E0,2E0,3E0,2E0,1E0,1E0,2E0,1E0],"tree_param":{"num_deleted":"0","num_feature":"2","num_nodes":"13","size_leaf_vector":"1"}},{"base_weights":[-2.2856902E-2,-5.3340656E-1,1.7145634E-1,-6.378098E-2,-1.6230011E-2,-1.8920898E-3,4.6100107E-1,-4.8799515E-2,6.128184E-2,1.3294983E-2,5.585518E-2,-5.4992675E-3,-1.5110016E-3,1.8978119E-3,7.2944644E-3],"categories":[],"categories_nodes":[],"categories_segments":[],"categories_sizes":[],"default_left":[0,0,0,0,0,0,0,0,0,0,0,0,0,0,0],"id":58,"left_children":[1,3,5,-1,-1,7,9,11,13,-1,-1,-1,-1,-1,-1],"loss_changes":[1.0835216E0,1.2717426E-2,4.0240923E-1,0E0,0E0,2.0770483E-2,2.1745563E-2,3.637746E-6,9.578746E-5,0E0,0E0,0E0,0E0,0E0,0E0],"parents":[2147483647,0,0,1,1,2,2,5,5,6,6,7,7,8,8],"right_children":[2,4,6,-1,-1,8,10,12,14,-1,-1,-1,-1,-1,-1],"split_conditions":[2.0839667E-1,1.0561724E-1,8.200912E-1,-6.378098E-2,-1.6230011E-2,6.119546E-1,9.1194713E-1,4.1014674E-1,7.184446E-1,1.3294983E-2,5.585518E-2,-5.4992675E-3,-1.5110016E-3,1.8978119E-3,7.2944644E-3],"split_indices":[0,0,0,0,0,0,0,0,0,0,0,0,0,0,0],"split_type":[0,0,0,0,0,0,0,0,0,0,0,0,0,0,0],"sum_hessian":[9E0,2E0,7E0,1E0,1E0,5E0,2E0,3E0,2E0,1E0,1E0,2E0,1E0,1E0,1E0],"tree_param":{"num_deleted":"0","num_feature":"2","num_nodes":"15","size_leaf_vector":"1"}},{"base_weights":[-2.1439362E-2,-5.0673676E-1,1.6322708E-1,-6.0591888E-2,-1.5418625E-2,-1.3389587E-3,4.3795013E-1,-4.5671463E-3,5.8217365E-2,1.2630082E-2,5.306244E-2,1.802826E-3,6.929779E-3],"categories":[],"categories_nodes":[],"categories_segments":[],"categories_sizes":[],"default_left":[0,0,0,0,0,0,0,0,0,0,0,0,0],"id":59,"left_children":[1,3,5,-1,-1,7,9,-1,11,-1,-1,-1,-1],"loss_changes":[9.788946E-1,1.14758015E-2,3.6226702E-1,0E0,0E0,1.8500557E-2,1.9627333E-2,0E0,8.661859E-5,0E0,0E0,0E0,0E0],"parents":[2147483647,0,0,1,1,2,2,5,5,6,6,8,8],"right_children":[2,4,6,-1,-1,8,10,-1,12,-1,-1,-1,-1],"split_conditions":[2.0839667E-1,1.0561724E-1,8.200912E-1,-6.0591888E-2,-1.5418625E-2,6.119546E-1,9.1194713E-1,-4.5671463E-3,7.184446E-1,1.2630082E-2,5.306244E-2,1.802826E-3,6.929779E-3],"split_indices":[0,0,0,0,0,0,0,0,0,0,0,0,0],"split_type":[0,0,0,0,0,0,0,0,0,0,0,0,0],"sum_hessian":[9E0,2E0,7E0,1E0,1E0,5E0,2E0,3E0,2E0,1E0,1E0,1E0,1E0],"tree_param":{"num_deleted":"0","num_feature":"2","num_nodes":"13","size_leaf_vector":"1"}},{"base_weights":[-1.9908905E-2,-4.8139954E-1,1.556387E-1,-5.7562258E-2,-1.4647675E-2,-5.086263E-4,4.1605377E-1,-4.2243958E-2,5.5308025E-2,1.1998749E-2,5.0409317E-2,-4.8278808E-3,-1.2069702E-3,1.7127991E-3,6.5834047E-3],"categories":[],"categories_nodes":[],"categories_segments":[],"categories_sizes":[],"default_left":[0,0,0,0,0,0,0,0,0,0,0,0,0,0,0],"id":60,"left_children":[1,3,5,-1,-1,7,9,11,13,-1,-1,-1,-1,-1,-1],"loss_changes":[8.850601E-1,1.0357022E-2,3.2551652E-1,0E0,0E0,1.6313588E-2,1.771164E-2,1.4567794E-4,7.8046694E-5,0E0,0E0,0E0,0E0,0E0,0E0],"parents":[2147483647,0,0,1,1,2,2,5,5,6,6,7,7,8,8],"right_children":[2,4,6,-1,-1,8,10,12,14,-1,-1,-1,-1,-1,-1],"split_conditions":[2.0839667E-1,1.0561724E-1,8.200912E-1,-5.7562258E-2,-1.4647675E-2,6.119546E-1,9.1194713E-1,4.1014674E-1,7.184446E-1,1.1998749E-2,5.0409317E-2,-4.8278808E-3,-1.2069702E-3,1.7127991E-3,6.5834047E-3],"split_indices":[0,0,0,0,0,0,0,0,0,0,0,0,0,0,0],"split_type":[0,0,0,0,0,0,0,0,0,0,0,0,0,0,0],"sum_hessian":[9E0,2E0,7E0,1E0,1E0,5E0,2E0,3E0,2E0,1E0,1E0,2E0,1E0,1E0,1E0],"tree_param":{"num_deleted":"0","num_feature":"2","num_nodes":"15","size_leaf_vector":"1"}},{"base_weights":[-1.8671418E-2,-4.573288E-1,1.4815903E-1,-5.468407E-2,-1.3915253E-2,-8.010864E-5,3.9525095E-1,-3.9527893E-2,5.254364E-2,1.1398697E-2,4.7888946E-2,-4.5059207E-3,-1.146698E-3,1.6273499E-3,6.254196E-3],"categories":[],"categories_nodes":[],"categories_segments":[],"categories_sizes":[],"default_left":[0,0,0,0,0,0,0,0,0,0,0,0,0,0,0],"id":61,"left_children":[1,3,5,-1,-1,7,9,11,13,-1,-1,-1,-1,-1,-1],"loss_changes":[7.9957145E-1,9.347439E-3,2.9306123E-1,0E0,0E0,1.4532281E-2,1.5986294E-2,1.04161445E-4,7.0145354E-5,0E0,0E0,0E0,0E0,0E0,0E0],"parents":[2147483647,0,0,1,1,2,2,5,5,6,6,7,7,8,8],"right_children":[2,4,6,-1,-1,8,10,12,14,-1,-1,-1,-1,-1,-1],"split_conditions":[2.0839667E-1,1.0561724E-1,8.200912E-1,-5.468407E-2,-1.3915253E-2,6.119546E-1,9.1194713E-1,4.1014674E-1,7.184446E-1,1.1398697E-2,4.7888946E-2,-4.5059207E-3,-1.146698E-3,1.6273499E-3,6.254196E-3],"split_indices":[0,0,0,0,0,0,0,0,0,0,0,0,0,0,0],"split_type":[0,0,0,0,0,0,0,0,0,0,0,0,0,0,0],"sum_hessian":[9E0,2E0,7E0,1E0,1E0,5E0,2E0,3E0,2E0,1E0,1E0,2E0,1E0,1E0,1E0],"tree_param":{"num_deleted":"0","num_feature":"2","num_nodes":"15","size_leaf_vector":"1"}},{"base_weights":[-1.751175E-2,-4.3446097E-1,1.4103317E-1,-5.194969E-2,-1.3219452E-2,3.000895E-4,3.7548828E-1,-3.6987305E-2,4.9916584E-2,1.0828781E-2,4.5494463E-2,-4.2053224E-3,-1.0894776E-3,1.5460969E-3,5.941391E-3],"categories":[],"categories_nodes":[],"categories_segments":[],"categories_sizes":[],"default_left":[0,0,0,0,0,0,0,0,0,0,0,0,0,0,0],"id":62,"left_children":[1,3,5,-1,-1,7,9,11,13,-1,-1,-1,-1,-1,-1],"loss_changes":[7.223252E-1,8.435905E-3,2.6385206E-1,0E0,0E0,1.2946699E-2,1.4427334E-2,7.057004E-5,6.311247E-5,0E0,0E0,0E0,0E0,0E0,0E0],"parents":[2147483647,0,0,1,1,2,2,5,5,6,6,7,7,8,8],"right_children":[2,4,6,-1,-1,8,10,12,14,-1,-1,-1,-1,-1,-1],"split_conditions":[2.0839667E-1,1.0561724E-1,8.200912E-1,-5.194969E-2,-1.3219452E-2,6.119546E-1,9.1194713E-1,4.1014674E-1,7.184446E-1,1.0828781E-2,4.5494463E-2,-4.2053224E-3,-1.0894776E-3,1.5460969E-3,5.941391E-3],"split_indices":[0,0,0,0,0,0,0,0,0,0,0,0,0,0,0],"split_type":[0,0,0,0,0,0,0,0,0,0,0,0,0,0,0],"sum_hessian":[9E0,2E0,7E0,1E0,1E0,5E0,2E0,3E0,2E0,1E0,1E0,2E0,1E0,1E0,1E0],"tree_param":{"num_deleted":"0","num_feature":"2","num_nodes":"15","size_leaf_vector":"1"}},{"base_weights":[-1.6426086E-2,-4.1273752E-1,1.3424397E-1,-4.9352266E-2,-1.2558365E-2,6.345113E-4,3.5671487E-1,-3.4612656E-2,4.741923E-2,1.0287476E-2,4.3219756E-2,-3.9250692E-3,-1.0349274E-3,1.4686584E-3,5.644226E-3],"categories":[],"categories_nodes":[],"categories_segments":[],"categories_sizes":[],"default_left":[0,0,0,0,0,0,0,0,0,0,0,0,0,0,0],"id":63,"left_children":[1,3,5,-1,-1,7,9,11,13,-1,-1,-1,-1,-1,-1],"loss_changes":[6.525302E-1,7.614851E-3,2.375674E-1,0E0,0E0,1.1535478E-2,1.3019413E-2,4.392164E-5,5.709892E-5,0E0,0E0,0E0,0E0,0E0,0E0],"parents":[2147483647,0,0,1,1,2,2,5,5,6,6,7,7,8,8],"right_children":[2,4,6,-1,-1,8,10,12,14,-1,-1,-1,-1,-1,-1],"split_conditions":[2.0839667E-1,1.0561724E-1,8.200912E-1,-4.9352266E-2,-1.2558365E-2,6.119546E-1,9.1194713E-1,4.1014674E-1,7.184446E-1,1.0287476E-2,4.3219756E-2,-3.9250692E-3,-1.0349274E-3,1.4686584E-3,5.644226E-3],"split_indices":[0,0,0,0,0,0,0,0,0,0,0,0,0,0,0],"split_type":[0,0,0,0,0,0,0,0,0,0,0,0,0,0,0],"sum_hessian":[9E0,2E0,7E0,1E0,1E0,5E0,2E0,3E0,2E0,1E0,1E0,2E0,1E0,1E0,1E0],"tree_param":{"num_deleted":"0","num_feature":"2","num_nodes":"15","size_leaf_vector":"1"}},{"base_weights":[-1.5408325E-2,-3.921E-1,1.277771E-1,-4.6884537E-2,-1.1930466E-2,9.295146E-4,3.388799E-1,-3.23925E-2,4.504903E-2,9.773254E-3,4.105873E-2,-3.6636353E-3,-9.830475E-4,1.3954163E-3,5.3619384E-3],"categories":[],"categories_nodes":[],"categories_segments":[],"categories_sizes":[],"default_left":[0,0,0,0,0,0,0,0,0,0,0,0,0,0,0],"id":64,"left_children":[1,3,5,-1,-1,7,9,11,13,-1,-1,-1,-1,-1,-1],"loss_changes":[5.8946896E-1,6.871909E-3,2.1390808E-1,0E0,0E0,1.0280158E-2,1.17483735E-2,2.2846274E-5,5.1268376E-5,0E0,0E0,0E0,0E0,0E0,0E0],"parents":[2147483647,0,0,1,1,2,2,5,5,6,6,7,7,8,8],"right_children":[2,4,6,-1,-1,8,10,12,14,-1,-1,-1,-1,-1,-1],"split_conditions":[2.0839667E-1,1.0561724E-1,8.200912E-1,-4.6884537E-2,-1.1930466E-2,6.119546E-1,9.1194713E-1,4.1014674E-1,7.184446E-1,9.773254E-3,4.105873E-2,-3.6636353E-3,-9.830475E-4,1.3954163E-3,5.3619384E-3],"split_indices":[0,0,0,0,0,0,0,0,0,0,0,0,0,0,0],"split_type":[0,0,0,0,0,0,0,0,0,0,0,0,0,0,0],"sum_hessian":[9E0,2E0,7E0,1E0,1E0,5E0,2E0,3E0,2E0,1E0,1E0,2E0,1E0,1E0,1E0],"tree_param":{"num_deleted":"0","num_feature":"2","num_nodes":"15","size_leaf_vector":"1"}},{"base_weights":[-1.4455413E-2,-3.7249503E-1,1.2161636E-1,-4.4540405E-2,-1.1333847E-2,1.1876425E-3,3.2193503E-1,-3.03154E-2,4.279582E-2,9.284592E-3,3.9005663E-2,-3.4194947E-3,-9.338379E-4,1.3256073E-3,5.0937654E-3],"categories":[],"categories_nodes":[],"categories_segments":[],"categories_sizes":[],"default_left":[0,0,0,0,0,0,0,0,0,0,0,0,0,0,0],"id":65,"left_children":[1,3,5,-1,-1,7,9,11,13,-1,-1,-1,-1,-1,-1],"loss_changes":[5.324924E-1,6.203145E-3,1.9261062E-1,0E0,0E0,9.162077E-3,1.0602593E-2,6.200047E-6,4.6290457E-5,0E0,0E0,0E0,0E0,0E0,0E0],"parents":[2147483647,0,0,1,1,2,2,5,5,6,6,7,7,8,8],"right_children":[2,4,6,-1,-1,8,10,12,14,-1,-1,-1,-1,-1,-1],"split_conditions":[2.0839667E-1,1.0561724E-1,8.200912E-1,-4.4540405E-2,-1.1333847E-2,6.119546E-1,9.1194713E-1,4.1014674E-1,7.184446E-1,9.284592E-3,3.9005663E-2,-3.4194947E-3,-9.338379E-4,1.3256073E-3,5.0937654E-3],"split_indices":[0,0,0,0,0,0,0,0,0,0,0,0,0,0,0],"split_type":[0,0,0,0,0,0,0,0,0,0,0,0,0,0,0],"sum_hessian":[9E0,2E0,7E0,1E0,1E0,5E0,2E0,3E0,2E0,1E0,1E0,2E0,1E0,1E0,1E0],"tree_param":{"num_deleted":"0","num_feature":"2","num_nodes":"15","size_leaf_vector":"1"}},{"base_weights":[-1.3562774E-2,-3.538691E-1,1.1574745E-1,-4.2313386E-2,-1.0766983E-2,1.411438E-3,3.05837E-1,-2.8373718E-3,4.06545E-2,8.820343E-3,3.7055206E-2,1.2592316E-3,4.8389435E-3],"categories":[],"categories_nodes":[],"categories_segments":[],"categories_sizes":[],"default_left":[0,0,0,0,0,0,0,0,0,0,0,0,0],"id":66,"left_children":[1,3,5,-1,-1,7,9,-1,11,-1,-1,-1,-1],"loss_changes":[4.8101038E-1,5.6000054E-3,1.7344096E-1,0E0,0E0,8.166684E-3,9.568572E-3,0E0,4.1842926E-5,0E0,0E0,0E0,0E0],"parents":[2147483647,0,0,1,1,2,2,5,5,6,6,8,8],"right_children":[2,4,6,-1,-1,8,10,-1,12,-1,-1,-1,-1],"split_conditions":[2.0839667E-1,1.0561724E-1,8.200912E-1,-4.2313386E-2,-1.0766983E-2,6.119546E-1,9.1194713E-1,-2.8373718E-3,7.184446E-1,8.820343E-3,3.7055206E-2,1.2592316E-3,4.8389435E-3],"split_indices":[0,0,0,0,0,0,0,0,0,0,0,0,0],"split_type":[0,0,0,0,0,0,0,0,0,0,0,0,0],"sum_hessian":[9E0,2E0,7E0,1E0,1E0,5E0,2E0,3E0,2E0,1E0,1E0,1E0,1E0],"tree_param":{"num_deleted":"0","num_feature":"2","num_nodes":"13","size_leaf_vector":"1"}},{"base_weights":[-1.2600708E-2,-3.3617654E-1,1.1031532E-1,-4.0197756E-2,-1.022873E-2,1.8145243E-3,2.9054514E-1,-2.6245117E-2,3.862254E-2,8.379364E-3,3.520241E-2,-3.002421E-3,-7.453919E-4,1.1962891E-3,4.5970916E-3],"categories":[],"categories_nodes":[],"categories_segments":[],"categories_sizes":[],"default_left":[0,0,0,0,0,0,0,0,0,0,0,0,0,0,0],"id":67,"left_children":[1,3,5,-1,-1,7,9,11,13,-1,-1,-1,-1,-1,-1],"loss_changes":[4.3481198E-1,5.053252E-3,1.5591344E-1,0E0,0E0,7.210571E-3,8.635223E-3,6.025657E-5,3.777072E-5,0E0,0E0,0E0,0E0,0E0,0E0],"parents":[2147483647,0,0,1,1,2,2,5,5,6,6,7,7,8,8],"right_children":[2,4,6,-1,-1,8,10,12,14,-1,-1,-1,-1,-1,-1],"split_conditions":[2.0839667E-1,1.0561724E-1,8.200912E-1,-4.0197756E-2,-1.022873E-2,6.119546E-1,9.1194713E-1,4.1014674E-1,7.184446E-1,8.379364E-3,3.520241E-2,-3.002421E-3,-7.453919E-4,1.1962891E-3,4.5970916E-3],"split_indices":[0,0,0,0,0,0,0,0,0,0,0,0,0,0,0],"split_type":[0,0,0,0,0,0,0,0,0,0,0,0,0,0,0],"sum_hessian":[9E0,2E0,7E0,1E0,1E0,5E0,2E0,3E0,2E0,1E0,1E0,2E0,1E0,1E0,1E0],"tree_param":{"num_deleted":"0","num_feature":"2","num_nodes":"15","size_leaf_vector":"1"}},{"base_weights":[-1.1819458E-2,-3.1936646E-1,1.049881E-1,-3.818779E-2,-9.7171785E-3,1.9747417E-3,2.7601877E-1,-2.4555206E-2,3.668976E-2,7.96051E-3,3.3442307E-2,-2.8020225E-3,-7.0800784E-4,1.1363983E-3,4.3670656E-3],"categories":[],"categories_nodes":[],"categories_segments":[],"categories_sizes":[],"default_left":[0,0,0,0,0,0,0,0,0,0,0,0,0,0,0],"id":68,"left_children":[1,3,5,-1,-1,7,9,11,13,-1,-1,-1,-1,-1,-1],"loss_changes":[3.9276782E-1,4.5613945E-3,1.4040248E-1,0E0,0E0,6.4268503E-3,7.792428E-3,4.3821055E-5,3.411714E-5,0E0,0E0,0E0,0E0,0E0,0E0],"parents":[2147483647,0,0,1,1,2,2,5,5,6,6,7,7,8,8],"right_children":[2,4,6,-1,-1,8,10,12,14,-1,-1,-1,-1,-1,-1],"split_conditions":[2.0839667E-1,1.0561724E-1,8.200912E-1,-3.818779E-2,-9.7171785E-3,6.119546E-1,9.1194713E-1,4.1014674E-1,7.184446E-1,7.96051E-3,3.3442307E-2,-2.8020225E-3,-7.0800784E-4,1.1363983E-3,4.3670656E-3],"split_indices":[0,0,0,0,0,0,0,0,0,0,0,0,0,0,0],"split_type":[0,0,0,0,0,0,0,0,0,0,0,0,0,0,0],"sum_hessian":[9E0,2E0,7E0,1E0,1E0,5E0,2E0,3E0,2E0,1E0,1E0,2E0,1E0,1E0,1E0],"tree_param":{"num_deleted":"0","num_feature":"2","num_nodes":"15","size_leaf_vector":"1"}},{"base_weights":[-1.1087799E-2,-3.0339813E-1,9.991455E-2,-3.6278535E-2,-9.2311865E-3,2.1095276E-3,2.6221976E-1,-2.2977829E-2,3.485616E-2,7.5626373E-3,3.1770326E-2,-2.6153566E-3,-6.7253114E-4,1.0795593E-3,4.1488647E-3],"categories":[],"categories_nodes":[],"categories_segments":[],"categories_sizes":[],"default_left":[0,0,0,0,0,0,0,0,0,0,0,0,0,0,0],"id":69,"left_children":[1,3,5,-1,-1,7,9,11,13,-1,-1,-1,-1,-1,-1],"loss_changes":[3.547852E-1,4.1181147E-3,1.2644096E-1,0E0,0E0,5.7300776E-3,7.0318133E-3,3.056391E-5,3.0849595E-5,0E0,0E0,0E0,0E0,0E0,0E0],"parents":[2147483647,0,0,1,1,2,2,5,5,6,6,7,7,8,8],"right_children":[2,4,6,-1,-1,8,10,12,14,-1,-1,-1,-1,-1,-1],"split_conditions":[2.0839667E-1,1.0561724E-1,8.200912E-1,-3.6278535E-2,-9.2311865E-3,6.119546E-1,9.1194713E-1,4.1014674E-1,7.184446E-1,7.5626373E-3,3.1770326E-2,-2.6153566E-3,-6.7253114E-4,1.0795593E-3,4.1488647E-3],"split_indices":[0,0,0,0,0,0,0,0,0,0,0,0,0,0,0],"split_type":[0,0,0,0,0,0,0,0,0,0,0,0,0,0,0],"sum_hessian":[9E0,2E0,7E0,1E0,1E0,5E0,2E0,3E0,2E0,1E0,1E0,2E0,1E0,1E0,1E0],"tree_param":{"num_deleted":"0","num_feature":"2","num_nodes":"15","size_leaf_vector":"1"}},{"base_weights":[-1.0402679E-2,-2.8822836E-1,9.508228E-2,-3.4464646E-2,-8.769608E-3,2.2214253E-3,2.4910991E-1,-2.1501541E-2,3.3111572E-2,7.184601E-3,3.0181885E-2,-2.8652193E-3,-9.567261E-4,1.0253907E-3,3.9413455E-3],"categories":[],"categories_nodes":[],"categories_segments":[],"categories_sizes":[],"default_left":[0,0,0,0,0,0,0,0,0,0,0,0,0,0,0],"id":70,"left_children":[1,3,5,-1,-1,7,9,11,13,-1,-1,-1,-1,-1,-1],"loss_changes":[3.204697E-1,3.7168264E-3,1.1387172E-1,0E0,0E0,5.108785E-3,6.3456893E-3,6.722845E-5,2.7996954E-5,0E0,0E0,0E0,0E0,0E0,0E0],"parents":[2147483647,0,0,1,1,2,2,5,5,6,6,7,7,8,8],"right_children":[2,4,6,-1,-1,8,10,12,14,-1,-1,-1,-1,-1,-1],"split_conditions":[2.0839667E-1,1.0561724E-1,8.200912E-1,-3.4464646E-2,-8.769608E-3,6.119546E-1,9.1194713E-1,3.0738464E-1,7.184446E-1,7.184601E-3,3.0181885E-2,-2.8652193E-3,-9.567261E-4,1.0253907E-3,3.9413455E-3],"split_indices":[0,0,0,0,0,0,0,0,0,0,0,0,0,0,0],"split_type":[0,0,0,0,0,0,0,0,0,0,0,0,0,0,0],"sum_hessian":[9E0,2E0,7E0,1E0,1E0,5E0,2E0,3E0,2E0,1E0,1E0,1E0,2E0,1E0,1E0],"tree_param":{"num_deleted":"0","num_feature":"2","num_nodes":"15","size_leaf_vector":"1"}},{"base_weights":[-9.835815E-3,-2.7381897E-1,9.0387344E-2,-3.2741547E-2,-8.331299E-3,2.1896362E-3,2.3665364E-1,-2.030754E-2,3.1455994E-2,6.8252566E-3,2.867279E-2,-2.7217865E-3,-8.931478E-4,9.742737E-4,3.7441254E-3],"categories":[],"categories_nodes":[],"categories_segments":[],"categories_sizes":[],"default_left":[0,0,0,0,0,0,0,0,0,0,0,0,0,0,0],"id":71,"left_children":[1,3,5,-1,-1,7,9,11,13,-1,-1,-1,-1,-1,-1],"loss_changes":[2.8932202E-1,3.353402E-3,1.0268464E-1,0E0,0E0,4.5892564E-3,5.727783E-3,7.1353395E-5,2.509798E-5,0E0,0E0,0E0,0E0,0E0,0E0],"parents":[2147483647,0,0,1,1,2,2,5,5,6,6,7,7,8,8],"right_children":[2,4,6,-1,-1,8,10,12,14,-1,-1,-1,-1,-1,-1],"split_conditions":[2.0839667E-1,1.0561724E-1,8.200912E-1,-3.2741547E-2,-8.331299E-3,6.119546E-1,9.1194713E-1,3.0738464E-1,7.184446E-1,6.8252566E-3,2.867279E-2,-2.7217865E-3,-8.931478E-4,9.742737E-4,3.7441254E-3],"split_indices":[0,0,0,0,0,0,0,0,0,0,0,0,0,0,0],"split_type":[0,0,0,0,0,0,0,0,0,0,0,0,0,0,0],"sum_hessian":[9E0,2E0,7E0,1E0,1E0,5E0,2E0,3E0,2E0,1E0,1E0,1E0,2E0,1E0,1E0],"tree_param":{"num_deleted":"0","num_feature":"2","num_nodes":"15","size_leaf_vector":"1"}},{"base_weights":[-9.300232E-3,-2.601293E-1,8.5923195E-2,-3.110466E-2,-7.914734E-3,2.1540325E-3,2.2482045E-1,-1.9180298E-2,2.9881796E-2,6.483841E-3,2.7239228E-2,-2.5856018E-3,-8.336385E-4,9.254456E-4,3.5568238E-3],"categories":[],"categories_nodes":[],"categories_segments":[],"categories_sizes":[],"default_left":[0,0,0,0,0,0,0,0,0,0,0,0,0,0,0],"id":72,"left_children":[1,3,5,-1,-1,7,9,11,13,-1,-1,-1,-1,-1,-1],"loss_changes":[2.6119915E-1,3.026843E-3,9.2598185E-2,0E0,0E0,4.122461E-3,5.1704347E-3,7.4018026E-5,2.2723805E-5,0E0,0E0,0E0,0E0,0E0,0E0],"parents":[2147483647,0,0,1,1,2,2,5,5,6,6,7,7,8,8],"right_children":[2,4,6,-1,-1,8,10,12,14,-1,-1,-1,-1,-1,-1],"split_conditions":[2.0839667E-1,1.0561724E-1,8.200912E-1,-3.110466E-2,-7.914734E-3,6.119546E-1,9.1194713E-1,3.0738464E-1,7.184446E-1,6.483841E-3,2.7239228E-2,-2.5856018E-3,-8.336385E-4,9.254456E-4,3.5568238E-3],"split_indices":[0,0,0,0,0,0,0,0,0,0,0,0,0,0,0],"split_type":[0,0,0,0,0,0,0,0,0,0,0,0,0,0,0],"sum_hessian":[9E0,2E0,7E0,1E0,1E0,5E0,2E0,3E0,2E0,1E0,1E0,1E0,2E0,1E0,1E0],"tree_param":{"num_deleted":"0","num_feature":"2","num_nodes":"15","size_leaf_vector":"1"}},{"base_weights":[-8.79364E-3,-2.4712372E-1,8.1679344E-2,-2.9549409E-2,-7.5191497E-3,2.1158855E-3,2.1357982E-1,-1.8117905E-2,2.8388977E-2,6.159592E-3,2.587738E-2,-2.4562837E-3,-7.7819824E-4,8.792877E-4,3.3790588E-3],"categories":[],"categories_nodes":[],"categories_segments":[],"categories_sizes":[],"default_left":[0,0,0,0,0,0,0,0,0,0,0,0,0,0,0],"id":73,"left_children":[1,3,5,-1,-1,7,9,11,13,-1,-1,-1,-1,-1,-1],"loss_changes":[2.3580924E-1,2.7306378E-3,8.3503745E-2,0E0,0E0,3.703974E-3,4.66688E-3,7.5309654E-5,2.0434847E-5,0E0,0E0,0E0,0E0,0E0,0E0],"parents":[2147483647,0,0,1,1,2,2,5,5,6,6,7,7,8,8],"right_children":[2,4,6,-1,-1,8,10,12,14,-1,-1,-1,-1,-1,-1],"split_conditions":[2.0839667E-1,1.0561724E-1,8.200912E-1,-2.9549409E-2,-7.5191497E-3,6.119546E-1,9.1194713E-1,3.0738464E-1,7.184446E-1,6.159592E-3,2.587738E-2,-2.4562837E-3,-7.7819824E-4,8.792877E-4,3.3790588E-3],"split_indices":[0,0,0,0,0,0,0,0,0,0,0,0,0,0,0],"split_type":[0,0,0,0,0,0,0,0,0,0,0,0,0,0,0],"sum_hessian":[9E0,2E0,7E0,1E0,1E0,5E0,2E0,3E0,2E0,1E0,1E0,1E0,2E0,1E0,1E0],"tree_param":{"num_deleted":"0","num_feature":"2","num_nodes":"15","size_leaf_vector":"1"}},{"base_weights":[-8.3145145E-3,-2.3476665E-1,7.764435E-2,-2.8071975E-2,-7.1430206E-3,2.0751953E-3,2.029012E-1,-1.711464E-2,2.696991E-2,5.8517456E-3,2.4583435E-2,-2.3334504E-3,-7.263184E-4,8.354187E-4,3.2100677E-3],"categories":[],"categories_nodes":[],"categories_segments":[],"categories_sizes":[],"default_left":[0,0,0,0,0,0,0,0,0,0,0,0,0,0,0],"id":74,"left_children":[1,3,5,-1,-1,7,9,11,13,-1,-1,-1,-1,-1,-1],"loss_changes":[2.1288398E-1,2.4655908E-3,7.5303376E-2,0E0,0E0,3.3279331E-3,4.210949E-3,7.561606E-5,1.8363586E-5,0E0,0E0,0E0,0E0,0E0,0E0],"parents":[2147483647,0,0,1,1,2,2,5,5,6,6,7,7,8,8],"right_children":[2,4,6,-1,-1,8,10,12,14,-1,-1,-1,-1,-1,-1],"split_conditions":[2.0839667E-1,1.0561724E-1,8.200912E-1,-2.8071975E-2,-7.1430206E-3,6.119546E-1,9.1194713E-1,3.0738464E-1,7.184446E-1,5.8517456E-3,2.4583435E-2,-2.3334504E-3,-7.263184E-4,8.354187E-4,3.2100677E-3],"split_indices":[0,0,0,0,0,0,0,0,0,0,0,0,0,0,0],"split_type":[0,0,0,0,0,0,0,0,0,0,0,0,0,0,0],"sum_hessian":[9E0,2E0,7E0,1E0,1E0,5E0,2E0,3E0,2E0,1E0,1E0,1E0,2E0,1E0,1E0],"tree_param":{"num_deleted":"0","num_feature":"2","num_nodes":"15","size_leaf_vector":"1"}},{"base_weights":[-7.863617E-3,-2.2303009E-1,7.380676E-2,-2.6668549E-2,-6.785965E-3,2.0306904E-3,1.9275665E-1,-1.6168594E-2,2.5619507E-2,5.5591585E-3,2.335434E-2,-2.2167207E-3,-6.779989E-4,7.9345703E-4,3.049469E-3],"categories":[],"categories_nodes":[],"categories_segments":[],"categories_sizes":[],"default_left":[0,0,0,0,0,0,0,0,0,0,0,0,0,0,0],"id":75,"left_children":[1,3,5,-1,-1,7,9,11,13,-1,-1,-1,-1,-1,-1],"loss_changes":[1.921884E-1,2.2248924E-3,6.791063E-2,0E0,0E0,2.990029E-3,3.8004965E-3,7.498101E-5,1.6689533E-5,0E0,0E0,0E0,0E0,0E0,0E0],"parents":[2147483647,0,0,1,1,2,2,5,5,6,6,7,7,8,8],"right_children":[2,4,6,-1,-1,8,10,12,14,-1,-1,-1,-1,-1,-1],"split_conditions":[2.0839667E-1,1.0561724E-1,8.200912E-1,-2.6668549E-2,-6.785965E-3,6.119546E-1,9.1194713E-1,3.0738464E-1,7.184446E-1,5.5591585E-3,2.335434E-2,-2.2167207E-3,-6.779989E-4,7.9345703E-4,3.049469E-3],"split_indices":[0,0,0,0,0,0,0,0,0,0,0,0,0,0,0],"split_type":[0,0,0,0,0,0,0,0,0,0,0,0,0,0,0],"sum_hessian":[9E0,2E0,7E0,1E0,1E0,5E0,2E0,3E0,2E0,1E0,1E0,1E0,2E0,1E0,1E0],"tree_param":{"num_deleted":"0","num_feature":"2","num_nodes":"15","size_leaf_vector":"1"}},{"base_weights":[-7.4371337E-3,-2.11881E-1,7.015896E-2,-2.5335312E-2,-6.4468384E-3,1.9861858E-3,1.8311818E-1,-1.5274048E-2,2.4337769E-2,5.281067E-3,2.2186661E-2,-2.105713E-3,-6.327311E-4,7.537842E-4,2.8968812E-3],"categories":[],"categories_nodes":[],"categories_segments":[],"categories_sizes":[],"default_left":[0,0,0,0,0,0,0,0,0,0,0,0,0,0,0],"id":76,"left_children":[1,3,5,-1,-1,7,9,11,13,-1,-1,-1,-1,-1,-1],"loss_changes":[1.735058E-1,2.0072758E-3,6.124224E-2,0E0,0E0,2.6864973E-3,3.4307092E-3,7.3723844E-5,1.5041325E-5,0E0,0E0,0E0,0E0,0E0,0E0],"parents":[2147483647,0,0,1,1,2,2,5,5,6,6,7,7,8,8],"right_children":[2,4,6,-1,-1,8,10,12,14,-1,-1,-1,-1,-1,-1],"split_conditions":[2.0839667E-1,1.0561724E-1,8.200912E-1,-2.5335312E-2,-6.4468384E-3,6.119546E-1,9.1194713E-1,3.0738464E-1,7.184446E-1,5.281067E-3,2.2186661E-2,-2.105713E-3,-6.327311E-4,7.537842E-4,2.8968812E-3],"split_indices":[0,0,0,0,0,0,0,0,0,0,0,0,0,0,0],"split_type":[0,0,0,0,0,0,0,0,0,0,0,0,0,0,0],"sum_hessian":[9E0,2E0,7E0,1E0,1E0,5E0,2E0,3E0,2E0,1E0,1E0,1E0,2E0,1E0,1E0],"tree_param":{"num_deleted":"0","num_feature":"2","num_nodes":"15","size_leaf_vector":"1"}},{"base_weights":[-7.033539E-3,-2.0128632E-1,6.6690445E-2,-2.406845E-2,-6.1244965E-3,1.9391378E-3,1.739629E-1,-1.4431E-2,2.3119608E-2,5.01709E-3,2.1077348E-2,-2.0004273E-3,-5.9051515E-4,7.1601867E-4,2.7519227E-3],"categories":[],"categories_nodes":[],"categories_segments":[],"categories_sizes":[],"default_left":[0,0,0,0,0,0,0,0,0,0,0,0,0,0,0],"id":77,"left_children":[1,3,5,-1,-1,7,9,11,13,-1,-1,-1,-1,-1,-1],"loss_changes":[1.5663476E-1,1.811415E-3,5.523092E-2,0E0,0E0,2.4140023E-3,3.0958652E-3,7.1939256E-5,1.3603247E-5,0E0,0E0,0E0,0E0,0E0,0E0],"parents":[2147483647,0,0,1,1,2,2,5,5,6,6,7,7,8,8],"right_children":[2,4,6,-1,-1,8,10,12,14,-1,-1,-1,-1,-1,-1],"split_conditions":[2.0839667E-1,1.0561724E-1,8.200912E-1,-2.406845E-2,-6.1244965E-3,6.119546E-1,9.1194713E-1,3.0738464E-1,7.184446E-1,5.01709E-3,2.1077348E-2,-2.0004273E-3,-5.9051515E-4,7.1601867E-4,2.7519227E-3],"split_indices":[0,0,0,0,0,0,0,0,0,0,0,0,0,0,0],"split_type":[0,0,0,0,0,0,0,0,0,0,0,0,0,0,0],"sum_hessian":[9E0,2E0,7E0,1E0,1E0,5E0,2E0,3E0,2E0,1E0,1E0,1E0,2E0,1E0,1E0],"tree_param":{"num_deleted":"0","num_feature":"2","num_nodes":"15","size_leaf_vector":"1"}},{"base_weights":[-6.653595E-3,-1.912206E-1,6.339073E-2,-2.2864914E-2,-5.8181765E-3,1.8895468E-3,1.6526286E-1,-1.3637543E-2,2.1962484E-2,4.766083E-3,2.0023346E-2,-1.9004822E-3,-5.5135094E-4,6.8016053E-4,2.614212E-3],"categories":[],"categories_nodes":[],"categories_segments":[],"categories_sizes":[],"default_left":[0,0,0,0,0,0,0,0,0,0,0,0,0,0,0],"id":78,"left_children":[1,3,5,-1,-1,7,9,11,13,-1,-1,-1,-1,-1,-1],"loss_changes":[1.4140032E-1,1.6351491E-3,4.9809776E-2,0E0,0E0,2.1695602E-3,2.7945489E-3,6.9632544E-5,1.229241E-5,0E0,0E0,0E0,0E0,0E0,0E0],"parents":[2147483647,0,0,1,1,2,2,5,5,6,6,7,7,8,8],"right_children":[2,4,6,-1,-1,8,10,12,14,-1,-1,-1,-1,-1,-1],"split_conditions":[2.0839667E-1,1.0561724E-1,8.200912E-1,-2.2864914E-2,-5.8181765E-3,6.119546E-1,9.1194713E-1,3.0738464E-1,7.184446E-1,4.766083E-3,2.0023346E-2,-1.9004822E-3,-5.5135094E-4,6.8016053E-4,2.614212E-3],"split_indices":[0,0,0,0,0,0,0,0,0,0,0,0,0,0,0],"split_type":[0,0,0,0,0,0,0,0,0,0,0,0,0,0,0],"sum_hessian":[9E0,2E0,7E0,1E0,1E0,5E0,2E0,3E0,2E0,1E0,1E0,1E0,2E0,1E0,1E0],"tree_param":{"num_deleted":"0","num_feature":"2","num_nodes":"15","size_leaf_vector":"1"}},{"base_weights":[-6.2934877E-3,-1.8165843E-1,6.025505E-2,-2.172165E-2,-5.527115E-3,1.8399557E-3,1.5700023E-1,-1.2887955E-2,2.0863852E-2,4.5276643E-3,1.902237E-2,-1.8054963E-3,-5.147298E-4,6.4620975E-4,2.483368E-3],"categories":[],"categories_nodes":[],"categories_segments":[],"categories_sizes":[],"default_left":[0,0,0,0,0,0,0,0,0,0,0,0,0,0,0],"id":79,"left_children":[1,3,5,-1,-1,7,9,11,13,-1,-1,-1,-1,-1,-1],"loss_changes":[1.2764865E-1,1.4764518E-3,4.4922154E-2,0E0,0E0,1.9499857E-3,2.522841E-3,6.704981E-5,1.1039781E-5,0E0,0E0,0E0,0E0,0E0,0E0],"parents":[2147483647,0,0,1,1,2,2,5,5,6,6,7,7,8,8],"right_children":[2,4,6,-1,-1,8,10,12,14,-1,-1,-1,-1,-1,-1],"split_conditions":[2.0839667E-1,1.0561724E-1,8.200912E-1,-2.172165E-2,-5.527115E-3,6.119546E-1,9.1194713E-1,3.0738464E-1,7.184446E-1,4.5276643E-3,1.902237E-2,-1.8054963E-3,-5.147298E-4,6.4620975E-4,2.483368E-3],"split_indices":[0,0,0,0,0,0,0,0,0,0,0,0,0,0,0],"split_type":[0,0,0,0,0,0,0,0,0,0,0,0,0,0,0],"sum_hessian":[9E0,2E0,7E0,1E0,1E0,5E0,2E0,3E0,2E0,1E0,1E0,1E0,2E0,1E0,1E0],"tree_param":{"num_deleted":"0","num_feature":"2","num_nodes":"15","size_leaf_vector":"1"}},{"base_weights":[-5.9539797E-3,-1.725769E-1,5.7273865E-2,-2.0635605E-2,-5.250931E-3,1.789093E-3,1.4915211E-1,-1.2180328E-2,1.9818624E-2,4.3014525E-3,1.8071366E-2,-1.7150879E-3,-4.8065186E-4,6.137848E-4,2.3590089E-3],"categories":[],"categories_nodes":[],"categories_segments":[],"categories_sizes":[],"default_left":[0,0,0,0,0,0,0,0,0,0,0,0,0,0,0],"id":80,"left_children":[1,3,5,-1,-1,7,9,11,13,-1,-1,-1,-1,-1,-1],"loss_changes":[1.1523624E-1,1.3317242E-3,4.0515903E-2,0E0,0E0,1.7525699E-3,2.276294E-3,6.417156E-5,9.997282E-6,0E0,0E0,0E0,0E0,0E0,0E0],"parents":[2147483647,0,0,1,1,2,2,5,5,6,6,7,7,8,8],"right_children":[2,4,6,-1,-1,8,10,12,14,-1,-1,-1,-1,-1,-1],"split_conditions":[2.0839667E-1,1.0561724E-1,8.200912E-1,-2.0635605E-2,-5.250931E-3,6.119546E-1,9.1194713E-1,3.0738464E-1,7.184446E-1,4.3014525E-3,1.8071366E-2,-1.7150879E-3,-4.8065186E-4,6.137848E-4,2.3590089E-3],"split_indices":[0,0,0,0,0,0,0,0,0,0,0,0,0,0,0],"split_type":[0,0,0,0,0,0,0,0,0,0,0,0,0,0,0],"sum_hessian":[9E0,2E0,7E0,1E0,1E0,5E0,2E0,3E0,2E0,1E0,1E0,1E0,2E0,1E0,1E0],"tree_param":{"num_deleted":"0","num_feature":"2","num_nodes":"15","size_leaf_vector":"1"}},{"base_weights":[-5.632019E-3,-1.6394806E-1,5.44405E-2,-1.960373E-2,-4.98848E-3,1.7407736E-3,1.4169312E-1,-1.1510849E-2,1.8829346E-2,4.086304E-3,1.7167663E-2,-1.6292572E-3,-4.486084E-4,5.8326725E-4,2.2411346E-3],"categories":[],"categories_nodes":[],"categories_segments":[],"categories_sizes":[],"default_left":[0,0,0,0,0,0,0,0,0,0,0,0,0,0,0],"id":81,"left_children":[1,3,5,-1,-1,7,9,11,13,-1,-1,-1,-1,-1,-1],"loss_changes":[1.0402984E-1,1.2013316E-3,3.6538858E-2,0E0,0E0,1.5754496E-3,2.0544939E-3,6.127206E-5,8.944189E-6,0E0,0E0,0E0,0E0,0E0,0E0],"parents":[2147483647,0,0,1,1,2,2,5,5,6,6,7,7,8,8],"right_children":[2,4,6,-1,-1,8,10,12,14,-1,-1,-1,-1,-1,-1],"split_conditions":[2.0839667E-1,1.0561724E-1,8.200912E-1,-1.960373E-2,-4.98848E-3,6.119546E-1,9.1194713E-1,3.0738464E-1,7.184446E-1,4.086304E-3,1.7167663E-2,-1.6292572E-3,-4.486084E-4,5.8326725E-4,2.2411346E-3],"split_indices":[0,0,0,0,0,0,0,0,0,0,0,0,0,0,0],"split_type":[0,0,0,0,0,0,0,0,0,0,0,0,0,0,0],"sum_hessian":[9E0,2E0,7E0,1E0,1E0,5E0,2E0,3E0,2E0,1E0,1E0,1E0,2E0,1E0,1E0],"tree_param":{"num_deleted":"0","num_feature":"2","num_nodes":"15","size_leaf_vector":"1"}},{"base_weights":[-5.327606E-3,-1.5575154E-1,5.1747322E-2,-1.8623734E-2,-4.7389986E-3,1.692454E-3,1.3460796E-1,-1.0877609E-2,1.7888388E-2,3.881836E-3,1.6309356E-2,-1.5476227E-3,-4.1859946E-4,5.542755E-4,2.1289827E-3],"categories":[],"categories_nodes":[],"categories_segments":[],"categories_sizes":[],"default_left":[0,0,0,0,0,0,0,0,0,0,0,0,0,0,0],"id":82,"left_children":[1,3,5,-1,-1,7,9,11,13,-1,-1,-1,-1,-1,-1],"loss_changes":[9.391408E-2,1.0846779E-3,3.2952804E-2,0E0,0E0,1.4160862E-3,1.8548518E-3,5.8305333E-5,7.974391E-6,0E0,0E0,0E0,0E0,0E0,0E0],"parents":[2147483647,0,0,1,1,2,2,5,5,6,6,7,7,8,8],"right_children":[2,4,6,-1,-1,8,10,12,14,-1,-1,-1,-1,-1,-1],"split_conditions":[2.0839667E-1,1.0561724E-1,8.200912E-1,-1.8623734E-2,-4.7389986E-3,6.119546E-1,9.1194713E-1,3.0738464E-1,7.184446E-1,3.881836E-3,1.6309356E-2,-1.5476227E-3,-4.1859946E-4,5.542755E-4,2.1289827E-3],"split_indices":[0,0,0,0,0,0,0,0,0,0,0,0,0,0,0],"split_type":[0,0,0,0,0,0,0,0,0,0,0,0,0,0,0],"sum_hessian":[9E0,2E0,7E0,1E0,1E0,5E0,2E0,3E0,2E0,1E0,1E0,1E0,2E0,1E0,1E0],"tree_param":{"num_deleted":"0","num_feature":"2","num_nodes":"15","size_leaf_vector":"1"}},{"base_weights":[-5.040741E-3,-1.4796448E-1,4.9185753E-2,-1.7692566E-2,-4.502106E-3,1.6428629E-3,1.2787628E-1,-1.0280609E-2,1.6993204E-2,3.687668E-3,1.5493775E-2,-1.4701843E-3,-3.90625E-4,5.264282E-4,2.0225525E-3],"categories":[],"categories_nodes":[],"categories_segments":[],"categories_sizes":[],"default_left":[0,0,0,0,0,0,0,0,0,0,0,0,0,0,0],"id":83,"left_children":[1,3,5,-1,-1,7,9,11,13,-1,-1,-1,-1,-1,-1],"loss_changes":[8.4780276E-2,9.787157E-4,2.9719321E-2,0E0,0E0,1.2728767E-3,1.6741529E-3,5.530106E-5,7.262046E-6,0E0,0E0,0E0,0E0,0E0,0E0],"parents":[2147483647,0,0,1,1,2,2,5,5,6,6,7,7,8,8],"right_children":[2,4,6,-1,-1,8,10,12,14,-1,-1,-1,-1,-1,-1],"split_conditions":[2.0839667E-1,1.0561724E-1,8.200912E-1,-1.7692566E-2,-4.502106E-3,6.119546E-1,9.1194713E-1,3.0738464E-1,7.184446E-1,3.687668E-3,1.5493775E-2,-1.4701843E-3,-3.90625E-4,5.264282E-4,2.0225525E-3],"split_indices":[0,0,0,0,0,0,0,0,0,0,0,0,0,0,0],"split_type":[0,0,0,0,0,0,0,0,0,0,0,0,0,0,0],"sum_hessian":[9E0,2E0,7E0,1E0,1E0,5E0,2E0,3E0,2E0,1E0,1E0,1E0,2E0,1E0,1E0],"tree_param":{"num_deleted":"0","num_feature":"2","num_nodes":"15","size_leaf_vector":"1"}},{"base_weights":[-4.7691343E-3,-1.4056651E-1,4.6751022E-2,-1.6807938E-2,-4.277039E-3,1.5932719E-3,1.2148285E-1,-9.717941E-3,1.6143799E-2,3.503418E-3,1.4719009E-2,-1.3965607E-3,-3.6468505E-4,5.0010683E-4,1.9214631E-3],"categories":[],"categories_nodes":[],"categories_segments":[],"categories_sizes":[],"default_left":[0,0,0,0,0,0,0,0,0,0,0,0,0,0,0],"id":84,"left_children":[1,3,5,-1,-1,7,9,11,13,-1,-1,-1,-1,-1,-1],"loss_changes":[7.653465E-2,8.8313594E-4,2.6804212E-2,0E0,0E0,1.1443892E-3,1.5103891E-3,5.222138E-5,6.5586064E-6,0E0,0E0,0E0,0E0,0E0,0E0],"parents":[2147483647,0,0,1,1,2,2,5,5,6,6,7,7,8,8],"right_children":[2,4,6,-1,-1,8,10,12,14,-1,-1,-1,-1,-1,-1],"split_conditions":[2.0839667E-1,1.0561724E-1,8.200912E-1,-1.6807938E-2,-4.277039E-3,6.119546E-1,9.1194713E-1,3.0738464E-1,7.184446E-1,3.503418E-3,1.4719009E-2,-1.3965607E-3,-3.6468505E-4,5.0010683E-4,1.9214631E-3],"split_indices":[0,0,0,0,0,0,0,0,0,0,0,0,0,0,0],"split_type":[0,0,0,0,0,0,0,0,0,0,0,0,0,0,0],"sum_hessian":[9E0,2E0,7E0,1E0,1E0,5E0,2E0,3E0,2E0,1E0,1E0,1E0,2E0,1E0,1E0],"tree_param":{"num_deleted":"0","num_feature":"2","num_nodes":"15","size_leaf_vector":"1"}},{"base_weights":[-4.512024E-3,-1.3353729E-1,4.4436455E-2,-1.5967561E-2,-4.063034E-3,1.5436808E-3,1.1540985E-1,-9.185791E-3,1.5335083E-2,3.3283234E-3,1.3983155E-2,-1.3267518E-3,-3.40271E-4,4.749298E-4,1.8253326E-3],"categories":[],"categories_nodes":[],"categories_segments":[],"categories_sizes":[],"default_left":[0,0,0,0,0,0,0,0,0,0,0,0,0,0,0],"id":85,"left_children":[1,3,5,-1,-1,7,9,11,13,-1,-1,-1,-1,-1,-1],"loss_changes":[6.908982E-2,7.976182E-4,2.4175812E-2,0E0,0E0,1.0287117E-3,1.3629645E-3,4.92743E-5,5.9851445E-6,0E0,0E0,0E0,0E0,0E0,0E0],"parents":[2147483647,0,0,1,1,2,2,5,5,6,6,7,7,8,8],"right_children":[2,4,6,-1,-1,8,10,12,14,-1,-1,-1,-1,-1,-1],"split_conditions":[2.0839667E-1,1.0561724E-1,8.200912E-1,-1.5967561E-2,-4.063034E-3,6.119546E-1,9.1194713E-1,3.0738464E-1,7.184446E-1,3.3283234E-3,1.3983155E-2,-1.3267518E-3,-3.40271E-4,4.749298E-4,1.8253326E-3],"split_indices":[0,0,0,0,0,0,0,0,0,0,0,0,0,0,0],"split_type":[0,0,0,0,0,0,0,0,0,0,0,0,0,0,0],"sum_hessian":[9E0,2E0,7E0,1E0,1E0,5E0,2E0,3E0,2E0,1E0,1E0,1E0,2E0,1E0,1E0],"tree_param":{"num_deleted":"0","num_feature":"2","num_nodes":"15","size_leaf_vector":"1"}},{"base_weights":[-4.2678835E-3,-1.2685902E-1,4.223728E-2,-1.5169144E-2,-3.8597106E-3,1.4966329E-3,1.0963949E-1,-8.682251E-3,1.45696E-2,3.1620027E-3,1.32839205E-2,-1.260376E-3,-3.1738283E-4,4.512787E-4,1.7341614E-3],"categories":[],"categories_nodes":[],"categories_segments":[],"categories_sizes":[],"default_left":[0,0,0,0,0,0,0,0,0,0,0,0,0,0,0],"id":86,"left_children":[1,3,5,-1,-1,7,9,11,13,-1,-1,-1,-1,-1,-1],"loss_changes":[6.2369395E-2,7.2041526E-4,2.1803986E-2,0E0,0E0,9.249062E-4,1.2297109E-3,4.6403147E-5,5.3738477E-6,0E0,0E0,0E0,0E0,0E0,0E0],"parents":[2147483647,0,0,1,1,2,2,5,5,6,6,7,7,8,8],"right_children":[2,4,6,-1,-1,8,10,12,14,-1,-1,-1,-1,-1,-1],"split_conditions":[2.0839667E-1,1.0561724E-1,8.200912E-1,-1.5169144E-2,-3.8597106E-3,6.119546E-1,9.1194713E-1,3.0738464E-1,7.184446E-1,3.1620027E-3,1.32839205E-2,-1.260376E-3,-3.1738283E-4,4.512787E-4,1.7341614E-3],"split_indices":[0,0,0,0,0,0,0,0,0,0,0,0,0,0,0],"split_type":[0,0,0,0,0,0,0,0,0,0,0,0,0,0,0],"sum_hessian":[9E0,2E0,7E0,1E0,1E0,5E0,2E0,3E0,2E0,1E0,1E0,1E0,2E0,1E0,1E0],"tree_param":{"num_deleted":"0","num_feature":"2","num_nodes":"15","size_leaf_vector":"1"}},{"base_weights":[-4.0374757E-3,-1.2051646E-1,4.0146828E-2,-1.4410782E-2,-3.666687E-3,1.449585E-3,1.04159035E-1,-8.207321E-3,1.3842265E-2,3.004074E-3,1.2619781E-2,-1.1974334E-3,-2.960205E-4,4.2877198E-4,1.6475677E-3],"categories":[],"categories_nodes":[],"categories_segments":[],"categories_sizes":[],"default_left":[0,0,0,0,0,0,0,0,0,0,0,0,0,0,0],"id":87,"left_children":[1,3,5,-1,-1,7,9,11,13,-1,-1,-1,-1,-1,-1],"loss_changes":[5.630378E-2,6.503947E-4,1.9665778E-2,0E0,0E0,8.3165755E-4,1.1093542E-3,4.3617358E-5,4.8400834E-6,0E0,0E0,0E0,0E0,0E0,0E0],"parents":[2147483647,0,0,1,1,2,2,5,5,6,6,7,7,8,8],"right_children":[2,4,6,-1,-1,8,10,12,14,-1,-1,-1,-1,-1,-1],"split_conditions":[2.0839667E-1,1.0561724E-1,8.200912E-1,-1.4410782E-2,-3.666687E-3,6.119546E-1,9.1194713E-1,3.0738464E-1,7.184446E-1,3.004074E-3,1.2619781E-2,-1.1974334E-3,-2.960205E-4,4.2877198E-4,1.6475677E-3],"split_indices":[0,0,0,0,0,0,0,0,0,0,0,0,0,0,0],"split_type":[0,0,0,0,0,0,0,0,0,0,0,0,0,0,0],"sum_hessian":[9E0,2E0,7E0,1E0,1E0,5E0,2E0,3E0,2E0,1E0,1E0,1E0,2E0,1E0,1E0],"tree_param":{"num_deleted":"0","num_feature":"2","num_nodes":"15","size_leaf_vector":"1"}},{"base_weights":[-3.820038E-3,-1.14489235E-1,3.8158417E-2,-1.3690186E-2,-3.4832002E-3,1.402537E-3,9.895071E-2,-7.7590942E-3,1.3150533E-2,2.8537752E-3,1.1988831E-2,-1.1375428E-3,-2.761841E-4,4.0740968E-4,1.5651704E-3],"categories":[],"categories_nodes":[],"categories_segments":[],"categories_sizes":[],"default_left":[0,0,0,0,0,0,0,0,0,0,0,0,0,0,0],"id":88,"left_children":[1,3,5,-1,-1,7,9,11,13,-1,-1,-1,-1,-1,-1],"loss_changes":[5.0825946E-2,5.8741495E-4,1.7737012E-2,0E0,0E0,7.4782106E-4,1.0014921E-3,4.086981E-5,4.338566E-6,0E0,0E0,0E0,0E0,0E0,0E0],"parents":[2147483647,0,0,1,1,2,2,5,5,6,6,7,7,8,8],"right_children":[2,4,6,-1,-1,8,10,12,14,-1,-1,-1,-1,-1,-1],"split_conditions":[2.0839667E-1,1.0561724E-1,8.200912E-1,-1.3690186E-2,-3.4832002E-3,6.119546E-1,9.1194713E-1,3.0738464E-1,7.184446E-1,2.8537752E-3,1.1988831E-2,-1.1375428E-3,-2.761841E-4,4.0740968E-4,1.5651704E-3],"split_indices":[0,0,0,0,0,0,0,0,0,0,0,0,0,0,0],"split_type":[0,0,0,0,0,0,0,0,0,0,0,0,0,0,0],"sum_hessian":[9E0,2E0,7E0,1E0,1E0,5E0,2E0,3E0,2E0,1E0,1E0,1E0,2E0,1E0,1E0],"tree_param":{"num_deleted":"0","num_feature":"2","num_nodes":"15","size_leaf_vector":"1"}},{"base_weights":[-3.614807E-3,-1.0876465E-1,3.6268234E-2,-1.3005829E-2,-3.3088685E-3,1.3554891E-3,9.400431E-2,-7.33757E-3,1.2494405E-2,2.7111054E-3,1.1389541E-2,-1.0807038E-3,-2.5787353E-4,3.8719177E-4,1.4869691E-3],"categories":[],"categories_nodes":[],"categories_segments":[],"categories_sizes":[],"default_left":[0,0,0,0,0,0,0,0,0,0,0,0,0,0,0],"id":89,"left_children":[1,3,5,-1,-1,7,9,11,13,-1,-1,-1,-1,-1,-1],"loss_changes":[4.588166E-2,5.3079426E-4,1.5998378E-2,0E0,0E0,6.7266606E-4,9.039175E-4,3.8173996E-5,3.868394E-6,0E0,0E0,0E0,0E0,0E0,0E0],"parents":[2147483647,0,0,1,1,2,2,5,5,6,6,7,7,8,8],"right_children":[2,4,6,-1,-1,8,10,12,14,-1,-1,-1,-1,-1,-1],"split_conditions":[2.0839667E-1,1.0561724E-1,8.200912E-1,-1.3005829E-2,-3.3088685E-3,6.119546E-1,9.1194713E-1,3.0738464E-1,7.184446E-1,2.7111054E-3,1.1389541E-2,-1.0807038E-3,-2.5787353E-4,3.8719177E-4,1.4869691E-3],"split_indices":[0,0,0,0,0,0,0,0,0,0,0,0,0,0,0],"split_type":[0,0,0,0,0,0,0,0,0,0,0,0,0,0,0],"sum_hessian":[9E0,2E0,7E0,1E0,1E0,5E0,2E0,3E0,2E0,1E0,1E0,1E0,2E0,1E0,1E0],"tree_param":{"num_deleted":"0","num_feature":"2","num_nodes":"15","size_leaf_vector":"1"}},{"base_weights":[-3.4202575E-3,-1.0332489E-1,3.447151E-2,-1.23554235E-2,-3.1433105E-3,1.3097128E-3,8.93046E-2,-6.937027E-3,1.1868794E-2,2.5756836E-3,1.0820008E-2,-1.026535E-3,-2.4058025E-4,3.6773682E-4,1.4125825E-3],"categories":[],"categories_nodes":[],"categories_segments":[],"categories_sizes":[],"default_left":[0,0,0,0,0,0,0,0,0,0,0,0,0,0,0],"id":90,"left_children":[1,3,5,-1,-1,7,9,11,13,-1,-1,-1,-1,-1,-1],"loss_changes":[4.1417398E-2,4.7927722E-4,1.4429949E-2,0E0,0E0,6.048021E-4,8.154027E-4,3.5629113E-5,3.5190315E-6,0E0,0E0,0E0,0E0,0E0,0E0],"parents":[2147483647,0,0,1,1,2,2,5,5,6,6,7,7,8,8],"right_children":[2,4,6,-1,-1,8,10,12,14,-1,-1,-1,-1,-1,-1],"split_conditions":[2.0839667E-1,1.0561724E-1,8.200912E-1,-1.23554235E-2,-3.1433105E-3,6.119546E-1,9.1194713E-1,3.0738464E-1,7.184446E-1,2.5756836E-3,1.0820008E-2,-1.026535E-3,-2.4058025E-4,3.6773682E-4,1.4125825E-3],"split_indices":[0,0,0,0,0,0,0,0,0,0,0,0,0,0,0],"split_type":[0,0,0,0,0,0,0,0,0,0,0,0,0,0,0],"sum_hessian":[9E0,2E0,7E0,1E0,1E0,5E0,2E0,3E0,2E0,1E0,1E0,1E0,2E0,1E0,1E0],"tree_param":{"num_deleted":"0","num_feature":"2","num_nodes":"15","size_leaf_vector":"1"}},{"base_weights":[-3.2363893E-3,-9.815979E-2,3.2764435E-2,-1.17378235E-2,-2.986145E-3,1.2664795E-3,8.483887E-2,-6.5574646E-3,1.1276245E-2,2.446747E-3,1.0279084E-2,-9.7503664E-4,-2.243042E-4,3.4942626E-4,1.3420106E-3],"categories":[],"categories_nodes":[],"categories_segments":[],"categories_sizes":[],"default_left":[0,0,0,0,0,0,0,0,0,0,0,0,0,0,0],"id":91,"left_children":[1,3,5,-1,-1,7,9,11,13,-1,-1,-1,-1,-1,-1],"loss_changes":[3.7389353E-2,4.3267943E-4,1.3014459E-2,0E0,0E0,5.4383866E-4,7.363241E-4,3.3231627E-5,3.157067E-6,0E0,0E0,0E0,0E0,0E0,0E0],"parents":[2147483647,0,0,1,1,2,2,5,5,6,6,7,7,8,8],"right_children":[2,4,6,-1,-1,8,10,12,14,-1,-1,-1,-1,-1,-1],"split_conditions":[2.0839667E-1,1.0561724E-1,8.200912E-1,-1.17378235E-2,-2.986145E-3,6.119546E-1,9.1194713E-1,3.0738464E-1,7.184446E-1,2.446747E-3,1.0279084E-2,-9.7503664E-4,-2.243042E-4,3.4942626E-4,1.3420106E-3],"split_indices":[0,0,0,0,0,0,0,0,0,0,0,0,0,0,0],"split_type":[0,0,0,0,0,0,0,0,0,0,0,0,0,0,0],"sum_hessian":[9E0,2E0,7E0,1E0,1E0,5E0,2E0,3E0,2E0,1E0,1E0,1E0,2E0,1E0,1E0],"tree_param":{"num_deleted":"0","num_feature":"2","num_nodes":"15","size_leaf_vector":"1"}},{"base_weights":[-3.063965E-3,-9.325155E-2,3.1139374E-2,-1.1150742E-2,-2.8369904E-3,1.2207031E-3,8.0596924E-2,-6.2026978E-3,1.071167E-2,2.324295E-3,9.765244E-3,-9.262085E-4,-2.0955403E-4,3.3187866E-4,1.2748719E-3],"categories":[],"categories_nodes":[],"categories_segments":[],"categories_sizes":[],"default_left":[0,0,0,0,0,0,0,0,0,0,0,0,0,0,0],"id":92,"left_children":[1,3,5,-1,-1,7,9,11,13,-1,-1,-1,-1,-1,-1],"loss_changes":[3.375096E-2,3.8995966E-4,1.17392475E-2,0E0,0E0,4.8917276E-4,6.648749E-4,3.085246E-5,2.8687064E-6,0E0,0E0,0E0,0E0,0E0,0E0],"parents":[2147483647,0,0,1,1,2,2,5,5,6,6,7,7,8,8],"right_children":[2,4,6,-1,-1,8,10,12,14,-1,-1,-1,-1,-1,-1],"split_conditions":[2.0839667E-1,1.0561724E-1,8.200912E-1,-1.1150742E-2,-2.8369904E-3,6.119546E-1,9.1194713E-1,3.0738464E-1,7.184446E-1,2.324295E-3,9.765244E-3,-9.262085E-4,-2.0955403E-4,3.3187866E-4,1.2748719E-3],"split_indices":[0,0,0,0,0,0,0,0,0,0,0,0,0,0,0],"split_type":[0,0,0,0,0,0,0,0,0,0,0,0,0,0,0],"sum_hessian":[9E0,2E0,7E0,1E0,1E0,5E0,2E0,3E0,2E0,1E0,1E0,1E0,2E0,1E0,1E0],"tree_param":{"num_deleted":"0","num_feature":"2","num_nodes":"15","size_leaf_vector":"1"}},{"base_weights":[-2.9014586E-3,-8.858744E-2,2.9593468E-2,-1.0593033E-2,-2.6950836E-3,1.1749268E-3,7.656606E-2,-5.8689117E-3,1.0175069E-2,2.2079467E-3,9.276963E-3,-8.8005065E-4,-1.9582112E-4,3.15094E-4,1.2111664E-3],"categories":[],"categories_nodes":[],"categories_segments":[],"categories_sizes":[],"default_left":[0,0,0,0,0,0,0,0,0,0,0,0,0,0,0],"id":93,"left_children":[1,3,5,-1,-1,7,9,11,13,-1,-1,-1,-1,-1,-1],"loss_changes":[3.046521E-2,3.5195798E-4,1.05891805E-2,0E0,0E0,4.400899E-4,6.003268E-4,2.8625102E-5,2.6455382E-6,0E0,0E0,0E0,0E0,0E0,0E0],"parents":[2147483647,0,0,1,1,2,2,5,5,6,6,7,7,8,8],"right_children":[2,4,6,-1,-1,8,10,12,14,-1,-1,-1,-1,-1,-1],"split_conditions":[2.0839667E-1,1.0561724E-1,8.200912E-1,-1.0593033E-2,-2.6950836E-3,6.119546E-1,9.1194713E-1,3.0738464E-1,7.184446E-1,2.2079467E-3,9.276963E-3,-8.8005065E-4,-1.9582112E-4,3.15094E-4,1.2111664E-3],"split_indices":[0,0,0,0,0,0,0,0,0,0,0,0,0,0,0],"split_type":[0,0,0,0,0,0,0,0,0,0,0,0,0,0,0],"sum_hessian":[9E0,2E0,7E0,1E0,1E0,5E0,2E0,3E0,2E0,1E0,1E0,1E0,2E0,1E0,1E0],"tree_param":{"num_deleted":"0","num_feature":"2","num_nodes":"15","size_leaf_vector":"1"}},{"base_weights":[-2.746582E-3,-8.415985E-2,2.8126717E-2,-1.0063553E-2,-2.5604249E-3,1.1329651E-3,7.273865E-2,-5.5503845E-3,9.666443E-3,2.0977021E-3,8.813095E-3,-8.361816E-4,-1.8259684E-4,2.9945374E-4,1.1505127E-3],"categories":[],"categories_nodes":[],"categories_segments":[],"categories_sizes":[],"default_left":[0,0,0,0,0,0,0,0,0,0,0,0,0,0,0],"id":94,"left_children":[1,3,5,-1,-1,7,9,11,13,-1,-1,-1,-1,-1,-1],"loss_changes":[2.75021E-2,3.1753443E-4,9.551538E-3,0E0,0E0,3.9584577E-4,5.4146536E-4,2.6615351E-5,2.350047E-6,0E0,0E0,0E0,0E0,0E0,0E0],"parents":[2147483647,0,0,1,1,2,2,5,5,6,6,7,7,8,8],"right_children":[2,4,6,-1,-1,8,10,12,14,-1,-1,-1,-1,-1,-1],"split_conditions":[2.0839667E-1,1.0561724E-1,8.200912E-1,-1.0063553E-2,-2.5604249E-3,6.119546E-1,9.1194713E-1,3.0738464E-1,7.184446E-1,2.0977021E-3,8.813095E-3,-8.361816E-4,-1.8259684E-4,2.9945374E-4,1.1505127E-3],"split_indices":[0,0,0,0,0,0,0,0,0,0,0,0,0,0,0],"split_type":[0,0,0,0,0,0,0,0,0,0,0,0,0,0,0],"sum_hessian":[9E0,2E0,7E0,1E0,1E0,5E0,2E0,3E0,2E0,1E0,1E0,1E0,2E0,1E0,1E0],"tree_param":{"num_deleted":"0","num_feature":"2","num_nodes":"15","size_leaf_vector":"1"}},{"base_weights":[-2.5993348E-3,-7.9950966E-2,2.6732445E-2,-9.560394E-3,-2.432251E-3,1.092275E-3,6.910197E-2,-5.2490234E-3,9.183248E-3,1.992798E-3,8.372498E-3,-7.9421996E-4,-1.7038982E-4,2.845764E-4,1.0929108E-3],"categories":[],"categories_nodes":[],"categories_segments":[],"categories_sizes":[],"default_left":[0,0,0,0,0,0,0,0,0,0,0,0,0,0,0],"id":95,"left_children":[1,3,5,-1,-1,7,9,11,13,-1,-1,-1,-1,-1,-1],"loss_changes":[2.4825895E-2,2.8692558E-4,8.615416E-3,0E0,0E0,3.5604674E-4,4.8874505E-4,2.4657886E-5,2.0914013E-6,0E0,0E0,0E0,0E0,0E0,0E0],"parents":[2147483647,0,0,1,1,2,2,5,5,6,6,7,7,8,8],"right_children":[2,4,6,-1,-1,8,10,12,14,-1,-1,-1,-1,-1,-1],"split_conditions":[2.0839667E-1,1.0561724E-1,8.200912E-1,-9.560394E-3,-2.432251E-3,6.119546E-1,9.1194713E-1,3.0738464E-1,7.184446E-1,1.992798E-3,8.372498E-3,-7.9421996E-4,-1.7038982E-4,2.845764E-4,1.0929108E-3],"split_indices":[0,0,0,0,0,0,0,0,0,0,0,0,0,0,0],"split_type":[0,0,0,0,0,0,0,0,0,0,0,0,0,0,0],"sum_hessian":[9E0,2E0,7E0,1E0,1E0,5E0,2E0,3E0,2E0,1E0,1E0,1E0,2E0,1E0,1E0],"tree_param":{"num_deleted":"0","num_feature":"2","num_nodes":"15","size_leaf_vector":"1"}},{"base_weights":[-2.4604797E-3,-7.595316E-2,2.5406837E-2,-9.082413E-3,-2.3105622E-3,1.0515848E-3,6.56484E-2,-4.966736E-3,8.725484E-3,1.8932343E-3,7.954026E-3,-7.5454713E-4,-1.5920003E-4,2.7046204E-4,1.0383606E-3],"categories":[],"categories_nodes":[],"categories_segments":[],"categories_sizes":[],"default_left":[0,0,0,0,0,0,0,0,0,0,0,0,0,0,0],"id":96,"left_children":[1,3,5,-1,-1,7,9,11,13,-1,-1,-1,-1,-1,-1],"loss_changes":[2.241017E-2,2.5913306E-4,7.7717123E-3,0E0,0E0,3.204411E-4,4.410334E-4,2.2797809E-5,1.8662686E-6,0E0,0E0,0E0,0E0,0E0,0E0],"parents":[2147483647,0,0,1,1,2,2,5,5,6,6,7,7,8,8],"right_children":[2,4,6,-1,-1,8,10,12,14,-1,-1,-1,-1,-1,-1],"split_conditions":[2.0839667E-1,1.0561724E-1,8.200912E-1,-9.082413E-3,-2.3105622E-3,6.119546E-1,9.1194713E-1,3.0738464E-1,7.184446E-1,1.8932343E-3,7.954026E-3,-7.5454713E-4,-1.5920003E-4,2.7046204E-4,1.0383606E-3],"split_indices":[0,0,0,0,0,0,0,0,0,0,0,0,0,0,0],"split_type":[0,0,0,0,0,0,0,0,0,0,0,0,0,0,0],"sum_hessian":[9E0,2E0,7E0,1E0,1E0,5E0,2E0,3E0,2E0,1E0,1E0,1E0,2E0,1E0,1E0],"tree_param":{"num_deleted":"0","num_feature":"2","num_nodes":"15","size_leaf_vector":"1"}},{"base_weights":[-2.329254E-3,-7.215627E-2,2.4147034E-2,-8.628464E-3,-2.194977E-3,1.0134379E-3,6.2365215E-2,-4.6977997E-3,8.290608E-3,1.7986298E-3,7.5561525E-3,-6.0450233E-4,-3.2806398E-5,2.571106E-4,9.864807E-4],"categories":[],"categories_nodes":[],"categories_segments":[],"categories_sizes":[],"default_left":[0,0,0,0,0,0,0,0,0,0,0,0,0,0,0],"id":97,"left_children":[1,3,5,-1,-1,7,9,11,13,-1,-1,-1,-1,-1,-1],"loss_changes":[2.0229962E-2,2.3407955E-4,7.009789E-3,0E0,0E0,2.8831753E-4,3.9784145E-4,2.1564898E-5,1.6474369E-6,0E0,0E0,0E0,0E0,0E0,0E0],"parents":[2147483647,0,0,1,1,2,2,5,5,6,6,7,7,8,8],"right_children":[2,4,6,-1,-1,8,10,12,14,-1,-1,-1,-1,-1,-1],"split_conditions":[2.0839667E-1,1.0561724E-1,8.200912E-1,-8.628464E-3,-2.194977E-3,6.119546E-1,9.1194713E-1,4.1014674E-1,7.184446E-1,1.7986298E-3,7.5561525E-3,-6.0450233E-4,-3.2806398E-5,2.571106E-4,9.864807E-4],"split_indices":[0,0,0,0,0,0,0,0,0,0,0,0,0,0,0],"split_type":[0,0,0,0,0,0,0,0,0,0,0,0,0,0,0],"sum_hessian":[9E0,2E0,7E0,1E0,1E0,5E0,2E0,3E0,2E0,1E0,1E0,2E0,1E0,1E0,1E0],"tree_param":{"num_deleted":"0","num_feature":"2","num_nodes":"15","size_leaf_vector":"1"}},{"base_weights":[-2.1827698E-3,-6.854757E-2,2.2976875E-2,-8.197022E-3,-2.0851137E-3,5.7492936E-3,7.1784975E-3,-2.534485E-3,1.763916E-3,-5.643209E-3,1.4190674E-3,-6.866455E-4,-1.5983582E-4,-3.1280517E-5,2.4414062E-4],"categories":[],"categories_nodes":[],"categories_segments":[],"categories_sizes":[],"default_left":[0,0,0,0,0,0,0,0,0,0,0,0,0,0,0],"id":98,"left_children":[1,3,5,-1,-1,7,-1,9,-1,11,13,-1,-1,-1,-1],"loss_changes":[1.8272158E-2,2.1146424E-4,6.314051E-3,0E0,0E0,7.3415734E-4,0E0,6.946061E-5,0E0,3.8684884E-6,6.0753664E-6,0E0,0E0,0E0,0E0],"parents":[2147483647,0,0,1,1,2,2,5,5,7,7,9,9,10,10],"right_children":[2,4,6,-1,-1,8,-1,10,-1,12,14,-1,-1,-1,-1],"split_conditions":[2.0839667E-1,1.0561724E-1,9.1194713E-1,-8.197022E-3,-2.0851137E-3,7.184446E-1,7.1784975E-3,4.1014674E-1,1.763916E-3,3.0738464E-1,6.119546E-1,-6.866455E-4,-1.5983582E-4,-3.1280517E-5,2.4414062E-4],"split_indices":[0,0,0,0,0,0,0,0,0,0,0,0,0,0,0],"split_type":[0,0,0,0,0,0,0,0,0,0,0,0,0,0,0],"sum_hessian":[9E0,2E0,7E0,1E0,1E0,6E0,1E0,4E0,2E0,2E0,2E0,1E0,1E0,1E0,1E0],"tree_param":{"num_deleted":"0","num_feature":"2","num_nodes":"15","size_leaf_vector":"1"}},{"base_weights":[-2.1621704E-3,-6.512197E-2,2.1718025E-2,-7.787323E-3,-1.9809722E-3,8.239746E-4,5.6266785E-2,-4.169464E-3,7.207235E-4,1.6204835E-3,6.8195346E-3,-6.5231323E-4,-1.2105307E-4],"categories":[],"categories_nodes":[],"categories_segments":[],"categories_sizes":[],"default_left":[0,0,0,0,0,0,0,0,0,0,0,0,0],"id":99,"left_children":[1,3,5,-1,-1,7,9,11,-1,-1,-1,-1,-1],"loss_changes":[1.6449243E-2,1.9071717E-4,5.7285456E-3,0E0,0E0,2.2129681E-4,3.2855012E-4,1.9960942E-5,0E0,0E0,0E0,0E0,0E0],"parents":[2147483647,0,0,1,1,2,2,5,5,6,6,7,7],"right_children":[2,4,6,-1,-1,8,10,12,-1,-1,-1,-1,-1],"split_conditions":[2.0839667E-1,1.0561724E-1,8.200912E-1,-7.787323E-3,-1.9809722E-3,6.119546E-1,9.1194713E-1,3.0738464E-1,7.207235E-4,1.6204835E-3,6.8195346E-3,-6.5231323E-4,-1.2105307E-4],"split_indices":[0,0,0,0,0,0,0,0,0,0,0,0,0],"split_type":[0,0,0,0,0,0,0,0,0,0,0,0,0],"sum_hessian":[9E0,2E0,7E0,1E0,1E0,5E0,2E0,3E0,2E0,1E0,1E0,1E0,2E0],"tree_param":{"num_deleted":"0","num_feature":"2","num_nodes":"13","size_leaf_vector":"1"}}]},"name":"gbtree"},"learner_model_param":{"base_score":"9.394444E1","boost_from_average":"1","num_class":"0","num_feature":"2","num_target":"1"},"objective":{"name":"reg:squarederror","reg_loss_param":{"scale_pos_weight":"1"}}},"version":[2,1,1]}