{"model_name": "XgboostFitTrainer_3", "model_class": "xgboost", "model_file": "XgboostFitTrainer_3.json", "features": ["bpf_cpu_time_ms", "bpf_page_cache_hit", "cache_miss", "cgroupfs_cpu_usage_us", "cgroupfs_memory_usage_bytes", "cgroupfs_system_cpu_usage_us", "cgroupfs_user_cpu_usage_us", "cpu_cycles", "cpu_instructions"], "fe_files": [], "output_type": "DynPower", "mae": 4.33, "mape": 2.46, "package_mae": 4.33, "core_mae": 1.12, "uncore_mae": 0.0, "dram_mae": 0.25, "package_mape": 5.09, "core_mape": 2.4, "uncore_mape": -1, "dram_mape": 2.46}