{"learner":{"attributes":{"scikit_learn":"{\"_estimator_type\": \"regressor\"}"},"feature_names":[],"feature_types":[],"gradient_booster":{"model":{"gbtree_model_param":{"num_parallel_tree":"1","num_trees":"100"},"iteration_indptr":[0,1,2,3,4,5,6,7,8,9,10,11,12,13,14,15,16,17,18,19,20,21,22,23,24,25,26,27,28,29,30,31,32,33,34,35,36,37,38,39,40,41,42,43,44,45,46,47,48,49,50,51,52,53,54,55,56,57,58,59,60,61,62,63,64,65,66,67,68,69,70,71,72,73,74,75,76,77,78,79,80,81,82,83,84,85,86,87,88,89,90,91,92,93,94,95,96,97,98,99,100],"tree_info":[0,0,0,0,0,0,0,0,0,0,0,0,0,0,0,0,0,0,0,0,0,0,0,0,0,0,0,0,0,0,0,0,0,0,0,0,0,0,0,0,0,0,0,0,0,0,0,0,0,0,0,0,0,0,0,0,0,0,0,0,0,0,0,0,0,0,0,0,0,0,0,0,0,0,0,0,0,0,0,0,0,0,0,0,0,0,0,0,0,0,0,0,0,0,0,0,0,0,0,0],"trees":[{"base_weights":[-2.861023E-7,-1.0537778E1,8.781482E0,-1.2566668E0,-1.2111111E-1,2.9518518E-1,1.0958334E0],"categories":[],"categories_nodes":[],"categories_segments":[],"categories_sizes":[],"default_left":[0,0,0,0,0,0,0],"id":0,"left_children":[1,3,5,-1,-1,-1,-1],"loss_changes":[1.0179104E3,7.9394226E1,4.3794098E1,0E0,0E0,0E0,0E0],"parents":[2147483647,0,0,1,1,2,2],"right_children":[2,4,6,-1,-1,-1,-1],"split_conditions":[5.0702965E-1,3.9765164E-1,7.082051E-1,-1.2566668E0,-1.2111111E-1,2.9518518E-1,1.0958334E0],"split_indices":[0,0,0,0,0,0,0],"split_type":[0,0,0,0,0,0,0],"sum_hessian":[9E0,4E0,5E0,3E0,1E0,2E0,3E0],"tree_param":{"num_deleted":"0","num_feature":"2","num_nodes":"7","size_leaf_vector":"1"}},{"base_weights":[1.3237953E-3,-9.759557E0,8.13517E0,-1.1624168E0,-1.1505556E-1,1.1412964E-1,9.305685E-1],"categories":[],"categories_nodes":[],"categories_segments":[],"categories_sizes":[],"default_left":[0,0,0,0,0,0,0],"id":1,"left_children":[1,3,5,-1,-1,-1,-1],"loss_changes":[8.733307E2,6.688797E1,3.8498077E1,0E0,0E0,0E0,0E0],"parents":[2147483647,0,0,1,1,2,2],"right_children":[2,4,6,-1,-1,-1,-1],"split_conditions":[5.0702965E-1,3.9765164E-1,6.1109036E-1,-1.1624168E0,-1.1505556E-1,1.1412964E-1,9.305685E-1],"split_indices":[0,0,0,0,0,0,0],"split_type":[0,0,0,0,0,0,0],"sum_hessian":[9E0,4E0,5E0,3E0,1E0,1E0,4E0],"tree_param":{"num_deleted":"0","num_feature":"2","num_nodes":"7","size_leaf_vector":"1"}},{"base_weights":[-2.2086238E-2,-9.039096E0,7.495769E0,-1.0752356E0,-1.0930281E-1,2.4068287E-1,9.438532E-1],"categories":[],"categories_nodes":[],"categories_segments":[],"categories_sizes":[],"default_left":[0,0,0,0,0,0,0],"id":2,"left_children":[1,3,5,-1,-1,-1,-1],"loss_changes":[7.456407E2,5.6315765E1,3.6602722E1,0E0,0E0,0E0,0E0],"parents":[2147483647,0,0,1,1,2,2],"right_children":[2,4,6,-1,-1,-1,-1],"split_conditions":[5.0702965E-1,3.9765164E-1,7.082051E-1,-1.0752356E0,-1.0930281E-1,2.4068287E-1,9.438532E-1],"split_indices":[0,0,0,0,0,0,0],"split_type":[0,0,0,0,0,0,0],"sum_hessian":[9E0,4E0,5E0,3E0,1E0,2E0,3E0],"tree_param":{"num_deleted":"0","num_feature":"2","num_nodes":"7","size_leaf_vector":"1"}},{"base_weights":[-1.987791E-2,-8.372094E0,6.943615E0,-9.9459285E-1,-1.03837684E-1,2.2463734E-1,8.730642E-1],"categories":[],"categories_nodes":[],"categories_segments":[],"categories_sizes":[],"default_left":[0,0,0,0,0,0,0],"id":3,"left_children":[1,3,5,-1,-1,-1,-1],"loss_changes":[6.397386E2,4.738269E1,3.0752289E1,0E0,0E0,0E0,0E0],"parents":[2147483647,0,0,1,1,2,2],"right_children":[2,4,6,-1,-1,-1,-1],"split_conditions":[5.0702965E-1,3.9765164E-1,7.082051E-1,-9.9459285E-1,-1.03837684E-1,2.2463734E-1,8.730642E-1],"split_indices":[0,0,0,0,0,0,0],"split_type":[0,0,0,0,0,0,0],"sum_hessian":[9E0,4E0,5E0,3E0,1E0,2E0,3E0],"tree_param":{"num_deleted":"0","num_feature":"2","num_nodes":"7","size_leaf_vector":"1"}},{"base_weights":[-1.7963123E-2,-7.7545705E0,6.432204E0,-9.1999847E-1,-9.8645784E-2,2.0966148E-1,8.075844E-1],"categories":[],"categories_nodes":[],"categories_segments":[],"categories_sizes":[],"default_left":[0,0,0,0,0,0,0],"id":4,"left_children":[1,3,5,-1,-1,-1,-1],"loss_changes":[5.48903E2,3.9838226E1,2.5824966E1,0E0,0E0,0E0,0E0],"parents":[2147483647,0,0,1,1,2,2],"right_children":[2,4,6,-1,-1,-1,-1],"split_conditions":[5.0702965E-1,3.9765164E-1,7.082051E-1,-9.1999847E-1,-9.8645784E-2,2.0966148E-1,8.075844E-1],"split_indices":[0,0,0,0,0,0,0],"split_type":[0,0,0,0,0,0,0],"sum_hessian":[9E0,4E0,5E0,3E0,1E0,2E0,3E0],"tree_param":{"num_deleted":"0","num_feature":"2","num_nodes":"7","size_leaf_vector":"1"}},{"base_weights":[-1.6306782E-2,-7.1828423E0,5.958524E0,-8.509986E-1,-9.371348E-2,7.467403E-2,6.851533E-1],"categories":[],"categories_nodes":[],"categories_segments":[],"categories_sizes":[],"default_left":[0,0,0,0,0,0,0],"id":5,"left_children":[1,3,5,-1,-1,-1,-1],"loss_changes":[4.7098752E2,3.3469727E1,2.28087E1,0E0,0E0,0E0,0E0],"parents":[2147483647,0,0,1,1,2,2],"right_children":[2,4,6,-1,-1,-1,-1],"split_conditions":[5.0702965E-1,3.9765164E-1,6.1109036E-1,-8.509986E-1,-9.371348E-2,7.467403E-2,6.851533E-1],"split_indices":[0,0,0,0,0,0,0],"split_type":[0,0,0,0,0,0,0],"sum_hessian":[9E0,4E0,5E0,3E0,1E0,1E0,4E0],"tree_param":{"num_deleted":"0","num_feature":"2","num_nodes":"7","size_leaf_vector":"1"}},{"base_weights":[-3.316469E-2,-6.6535E0,5.489309E0,-7.871737E-1,-8.9027785E-2,1.7035644E-1,6.9562906E-1],"categories":[],"categories_nodes":[],"categories_segments":[],"categories_sizes":[],"default_left":[0,0,0,0,0,0,0],"id":6,"left_children":[1,3,5,-1,-1,-1,-1],"loss_changes":[4.021294E2,2.8096817E1,2.1471191E1,0E0,0E0,0E0,0E0],"parents":[2147483647,0,0,1,1,2,2],"right_children":[2,4,6,-1,-1,-1,-1],"split_conditions":[5.0702965E-1,3.9765164E-1,7.082051E-1,-7.871737E-1,-8.9027785E-2,1.7035644E-1,6.9562906E-1],"split_indices":[0,0,0,0,0,0,0],"split_type":[0,0,0,0,0,0,0],"sum_hessian":[9E0,4E0,5E0,3E0,1E0,2E0,3E0],"tree_param":{"num_deleted":"0","num_feature":"2","num_nodes":"7","size_leaf_vector":"1"}},{"base_weights":[-3.087015E-2,-6.163391E0,5.0847087E0,-8.2500947E-1,-2.0222235E-1,2.2540174E0,7.164061E-1,6.2422466E-2,2.5892067E-1],"categories":[],"categories_nodes":[],"categories_segments":[],"categories_sizes":[],"default_left":[0,0,0,0,0,0,0,0,0],"id":7,"left_children":[1,3,5,-1,-1,7,-1,-1,-1],"loss_changes":[3.4505298E2,2.6523407E1,1.9168121E1,0E0,0E0,5.689106E-1,0E0,0E0,0E0],"parents":[2147483647,0,0,1,1,2,2,5,5],"right_children":[2,4,6,-1,-1,8,-1,-1,-1],"split_conditions":[5.0702965E-1,2.0249514E-1,7.951295E-1,-8.2500947E-1,-2.0222235E-1,6.1109036E-1,7.164061E-1,6.2422466E-2,2.5892067E-1],"split_indices":[0,0,0,0,0,0,0,0,0],"split_type":[0,0,0,0,0,0,0,0,0],"sum_hessian":[9E0,4E0,5E0,2E0,2E0,3E0,2E0,1E0,2E0],"tree_param":{"num_deleted":"0","num_feature":"2","num_nodes":"9","size_leaf_vector":"1"}},{"base_weights":[-2.673111E-2,-5.7524977E0,4.7491965E0,-7.700088E-1,-1.8874083E-1,2.1089516E0,6.6864574E-1,5.9301376E-2,2.4165928E-1],"categories":[],"categories_nodes":[],"categories_segments":[],"categories_sizes":[],"default_left":[0,0,0,0,0,0,0,0,0],"id":8,"left_children":[1,3,5,-1,-1,7,-1,-1,-1],"loss_changes":[3.007782E2,2.3104858E1,1.6587662E1,0E0,0E0,4.323883E-1,0E0,0E0,0E0],"parents":[2147483647,0,0,1,1,2,2,5,5],"right_children":[2,4,6,-1,-1,8,-1,-1,-1],"split_conditions":[5.0702965E-1,2.0249514E-1,7.951295E-1,-7.700088E-1,-1.8874083E-1,6.1109036E-1,6.6864574E-1,5.9301376E-2,2.4165928E-1],"split_indices":[0,0,0,0,0,0,0,0,0],"split_type":[0,0,0,0,0,0,0,0,0],"sum_hessian":[9E0,4E0,5E0,2E0,2E0,3E0,2E0,1E0,2E0],"tree_param":{"num_deleted":"0","num_feature":"2","num_nodes":"9","size_leaf_vector":"1"}},{"base_weights":[-2.2972297E-2,-5.368998E0,4.435878E0,-7.186749E-1,-1.7615809E-1,1.9732966E0,6.240694E-1,5.633631E-2,2.2554867E-1],"categories":[],"categories_nodes":[],"categories_segments":[],"categories_sizes":[],"default_left":[0,0,0,0,0,0,0,0,0],"id":9,"left_children":[1,3,5,-1,-1,7,-1,-1,-1],"loss_changes":[2.621875E2,2.0126877E1,1.4352295E1,0E0,0E0,3.2081985E-1,0E0,0E0,0E0],"parents":[2147483647,0,0,1,1,2,2,5,5],"right_children":[2,4,6,-1,-1,8,-1,-1,-1],"split_conditions":[5.0702965E-1,2.0249514E-1,7.951295E-1,-7.186749E-1,-1.7615809E-1,6.1109036E-1,6.240694E-1,5.633631E-2,2.2554867E-1],"split_indices":[0,0,0,0,0,0,0,0,0],"split_type":[0,0,0,0,0,0,0,0,0],"sum_hessian":[9E0,4E0,5E0,2E0,2E0,3E0,2E0,1E0,2E0],"tree_param":{"num_deleted":"0","num_feature":"2","num_nodes":"9","size_leaf_vector":"1"}},{"base_weights":[-1.9562578E-2,-5.0110645E0,4.143283E0,-5.98273E-1,-5.6220245E-2,1.8464389E0,5.8246475E-1,5.3519536E-2,2.1051216E-1],"categories":[],"categories_nodes":[],"categories_segments":[],"categories_sizes":[],"default_left":[0,0,0,0,0,0,0,0,0],"id":10,"left_children":[1,3,5,-1,-1,7,-1,-1,-1],"loss_changes":[2.2855078E2,1.8250504E1,1.241613E1,0E0,0E0,2.3013401E-1,0E0,0E0,0E0],"parents":[2147483647,0,0,1,1,2,2,5,5],"right_children":[2,4,6,-1,-1,8,-1,-1,-1],"split_conditions":[5.0702965E-1,3.9765164E-1,7.951295E-1,-5.98273E-1,-5.6220245E-2,6.1109036E-1,5.8246475E-1,5.3519536E-2,2.1051216E-1],"split_indices":[0,0,0,0,0,0,0,0,0],"split_type":[0,0,0,0,0,0,0,0,0],"sum_hessian":[9E0,4E0,5E0,3E0,1E0,3E0,2E0,1E0,2E0],"tree_param":{"num_deleted":"0","num_feature":"2","num_nodes":"9","size_leaf_vector":"1"}},{"base_weights":[1.5942097E-3,-4.6408563E0,3.8700373E0,-6.308784E-1,-1.4259772E-1,1.7278028E0,5.436338E-1,5.0843526E-2,1.9647802E-1],"categories":[],"categories_nodes":[],"categories_segments":[],"categories_sizes":[],"default_left":[0,0,0,0,0,0,0,0,0],"id":11,"left_children":[1,3,5,-1,-1,7,-1,-1,-1],"loss_changes":[1.9755084E2,1.7814743E1,1.073938E1,0E0,0E0,1.5688705E-1,0E0,0E0,0E0],"parents":[2147483647,0,0,1,1,2,2,5,5],"right_children":[2,4,6,-1,-1,8,-1,-1,-1],"split_conditions":[5.0702965E-1,2.0249514E-1,7.951295E-1,-6.308784E-1,-1.4259772E-1,6.1109036E-1,5.436338E-1,5.0843526E-2,1.9647802E-1],"split_indices":[0,0,0,0,0,0,0,0,0],"split_type":[0,0,0,0,0,0,0,0,0],"sum_hessian":[9E0,4E0,5E0,2E0,2E0,3E0,2E0,1E0,2E0],"tree_param":{"num_deleted":"0","num_feature":"2","num_nodes":"9","size_leaf_vector":"1"}},{"base_weights":[3.1825542E-3,-4.331466E0,3.6148593E0,-5.888198E-1,-1.330912E-1,1.1181463E-1,4.583679E-1],"categories":[],"categories_nodes":[],"categories_segments":[],"categories_sizes":[],"default_left":[0,0,0,0,0,0,0],"id":12,"left_children":[1,3,5,-1,-1,-1,-1],"loss_changes":[1.7221114E2,1.5518616E1,9.38797E0,0E0,0E0,0E0,0E0],"parents":[2147483647,0,0,1,1,2,2],"right_children":[2,4,6,-1,-1,-1,-1],"split_conditions":[5.0702965E-1,2.0249514E-1,7.082051E-1,-5.888198E-1,-1.330912E-1,1.1181463E-1,4.583679E-1],"split_indices":[0,0,0,0,0,0,0],"split_type":[0,0,0,0,0,0,0],"sum_hessian":[9E0,4E0,5E0,2E0,2E0,2E0,3E0],"tree_param":{"num_deleted":"0","num_feature":"2","num_nodes":"7","size_leaf_vector":"1"}},{"base_weights":[-1.2308741E-2,-4.0427017E0,3.3484037E0,-5.495652E-1,-1.24218464E-1,1.4463534E0,4.7683358E-1,4.271059E-2,1.643734E-1],"categories":[],"categories_nodes":[],"categories_segments":[],"categories_sizes":[],"default_left":[0,0,0,0,0,0,0,0,0],"id":13,"left_children":[1,3,5,-1,-1,7,-1,-1,-1],"loss_changes":[1.4898651E2,1.3518448E1,9.307999E0,0E0,0E0,1.02669716E-1,0E0,0E0,0E0],"parents":[2147483647,0,0,1,1,2,2,5,5],"right_children":[2,4,6,-1,-1,8,-1,-1,-1],"split_conditions":[5.0702965E-1,2.0249514E-1,7.951295E-1,-5.495652E-1,-1.24218464E-1,6.1109036E-1,4.7683358E-1,4.271059E-2,1.643734E-1],"split_indices":[0,0,0,0,0,0,0,0,0],"split_type":[0,0,0,0,0,0,0,0,0],"sum_hessian":[9E0,4E0,5E0,2E0,2E0,3E0,2E0,1E0,2E0],"tree_param":{"num_deleted":"0","num_feature":"2","num_nodes":"9","size_leaf_vector":"1"}},{"base_weights":[-1.0064554E-2,-3.7731886E0,3.1275494E0,-4.549416E0,-3.3413887E-2,1.3534889E0,4.4504473E-1,-5.129275E-1,-1.40492E-1,4.0575027E-2,1.5341517E-1],"categories":[],"categories_nodes":[],"categories_segments":[],"categories_sizes":[],"default_left":[0,0,0,0,0,0,0,0,0,0,0],"id":14,"left_children":[1,3,5,7,-1,9,-1,-1,-1,-1,-1],"loss_changes":[1.2987315E2,1.1827286E1,8.057774E0,8.72345E-2,0E0,6.2401295E-2,0E0,0E0,0E0,0E0,0E0],"parents":[2147483647,0,0,1,1,2,2,3,3,5,5],"right_children":[2,4,6,8,-1,10,-1,-1,-1,-1,-1],"split_conditions":[5.0702965E-1,3.9765164E-1,7.951295E-1,2.0249514E-1,-3.3413887E-2,6.1109036E-1,4.4504473E-1,-5.129275E-1,-1.40492E-1,4.0575027E-2,1.5341517E-1],"split_indices":[0,0,0,0,0,0,0,0,0,0,0],"split_type":[0,0,0,0,0,0,0,0,0,0,0],"sum_hessian":[9E0,4E0,5E0,3E0,1E0,3E0,2E0,2E0,1E0,1E0,2E0],"tree_param":{"num_deleted":"0","num_feature":"2","num_nodes":"11","size_leaf_vector":"1"}},{"base_weights":[-1.3838339E-2,-3.5332365E0,2.9213E0,-4.2578298E-1,-3.174324E-2,1.5594349E0,4.8653126E-1,3.8546275E-2,1.7565623E-1],"categories":[],"categories_nodes":[],"categories_segments":[],"categories_sizes":[],"default_left":[0,0,0,0,0,0,0,0,0],"id":15,"left_children":[1,3,5,-1,-1,7,-1,-1,-1],"loss_changes":[1.1362085E2,1.0299175E1,8.297756E0,0E0,0E0,4.8002148E-1,0E0,0E0,0E0],"parents":[2147483647,0,0,1,1,2,2,5,5],"right_children":[2,4,6,-1,-1,8,-1,-1,-1],"split_conditions":[5.0702965E-1,3.9765164E-1,1E0,-4.2578298E-1,-3.174324E-2,6.1109036E-1,4.8653126E-1,3.8546275E-2,1.7565623E-1],"split_indices":[0,0,0,0,0,0,0,0,0],"split_type":[0,0,0,0,0,0,0,0,0],"sum_hessian":[9E0,4E0,5E0,3E0,1E0,4E0,1E0,1E0,3E0],"tree_param":{"num_deleted":"0","num_feature":"2","num_nodes":"9","size_leaf_vector":"1"}},{"base_weights":[1.1866808E-2,-3.2714179E0,2.7459595E0,-4.503468E-1,-9.4889514E-2,1.4463326E0,4.6220475E-1,3.6618996E-2,1.6248207E-1],"categories":[],"categories_nodes":[],"categories_segments":[],"categories_sizes":[],"default_left":[0,0,0,0,0,0,0,0,0],"id":16,"left_children":[1,3,5,-1,-1,7,-1,-1,-1],"loss_changes":[9.875123E1,1.0034004E1,7.944271E0,0E0,0E0,3.6896992E-1,0E0,0E0,0E0],"parents":[2147483647,0,0,1,1,2,2,5,5],"right_children":[2,4,6,-1,-1,8,-1,-1,-1],"split_conditions":[5.0702965E-1,2.0249514E-1,1E0,-4.503468E-1,-9.4889514E-2,6.1109036E-1,4.6220475E-1,3.6618996E-2,1.6248207E-1],"split_indices":[0,0,0,0,0,0,0,0,0],"split_type":[0,0,0,0,0,0,0,0,0],"sum_hessian":[9E0,4E0,5E0,2E0,2E0,4E0,1E0,1E0,3E0],"tree_param":{"num_deleted":"0","num_feature":"2","num_nodes":"9","size_leaf_vector":"1"}},{"base_weights":[2.228713E-2,-3.0533235E0,2.5815814E0,-4.2032367E-1,-8.856357E-1,1.3415196E0,4.3909454E-1,-1.0743375E-1,-2.5411606E-2,3.478804E-2,1.5029593E-1],"categories":[],"categories_nodes":[],"categories_segments":[],"categories_sizes":[],"default_left":[0,0,0,0,0,0,0,0,0,0,0],"id":17,"left_children":[1,3,5,-1,7,9,-1,-1,-1,-1,-1],"loss_changes":[8.659634E1,8.740726E0,7.5717964E0,0E0,8.4500074E-2,2.7921486E-1,0E0,0E0,0E0,0E0,0E0],"parents":[2147483647,0,0,1,1,2,2,4,4,5,5],"right_children":[2,4,6,-1,8,10,-1,-1,-1,-1,-1],"split_conditions":[5.0702965E-1,2.0249514E-1,1E0,-4.2032367E-1,3.9765164E-1,6.1109036E-1,4.3909454E-1,-1.0743375E-1,-2.5411606E-2,3.478804E-2,1.5029593E-1],"split_indices":[0,0,0,0,0,0,0,0,0,0,0],"split_type":[0,0,0,0,0,0,0,0,0,0,0],"sum_hessian":[9E0,4E0,5E0,2E0,2E0,4E0,1E0,1E0,1E0,1E0,3E0],"tree_param":{"num_deleted":"0","num_feature":"2","num_nodes":"11","size_leaf_vector":"1"}},{"base_weights":[2.7159452E-2,-2.8586252E0,2.4274533E0,-3.9230213E-1,-8.413541E-1,1.2443848E0,4.1713983E-1,-1.02062084E-1,-2.4141027E-2,3.304863E-2,1.3902378E-1],"categories":[],"categories_nodes":[],"categories_segments":[],"categories_sizes":[],"default_left":[0,0,0,0,0,0,0,0,0,0,0],"id":18,"left_children":[1,3,5,-1,7,9,-1,-1,-1,-1,-1],"loss_changes":[7.620649E1,7.4352264E0,7.1884117E0,0E0,7.626176E-2,2.070198E-1,0E0,0E0,0E0,0E0,0E0],"parents":[2147483647,0,0,1,1,2,2,4,4,5,5],"right_children":[2,4,6,-1,8,10,-1,-1,-1,-1,-1],"split_conditions":[5.0702965E-1,2.0249514E-1,1E0,-3.9230213E-1,3.9765164E-1,6.1109036E-1,4.1713983E-1,-1.02062084E-1,-2.4141027E-2,3.304863E-2,1.3902378E-1],"split_indices":[0,0,0,0,0,0,0,0,0,0,0],"split_type":[0,0,0,0,0,0,0,0,0,0,0],"sum_hessian":[9E0,4E0,5E0,2E0,2E0,4E0,1E0,1E0,1E0,1E0,3E0],"tree_param":{"num_deleted":"0","num_feature":"2","num_nodes":"11","size_leaf_vector":"1"}},{"base_weights":[3.1514406E-2,-2.6764636E0,2.2829103E0,-3.6614865E-1,-7.992862E-1,1.1543614E0,3.9628276E-1,-9.695897E-2,-2.293396E-2,3.13962E-2,1.2859707E-1],"categories":[],"categories_nodes":[],"categories_segments":[],"categories_sizes":[],"default_left":[0,0,0,0,0,0,0,0,0,0,0],"id":19,"left_children":[1,3,5,-1,7,9,-1,-1,-1,-1,-1],"loss_changes":[6.707743E1,6.318737E0,6.8006763E0,0E0,6.882632E-2,1.4927626E-1,0E0,0E0,0E0,0E0,0E0],"parents":[2147483647,0,0,1,1,2,2,4,4,5,5],"right_children":[2,4,6,-1,8,10,-1,-1,-1,-1,-1],"split_conditions":[5.0702965E-1,2.0249514E-1,1E0,-3.6614865E-1,3.9765164E-1,6.1109036E-1,3.9628276E-1,-9.695897E-2,-2.293396E-2,3.13962E-2,1.2859707E-1],"split_indices":[0,0,0,0,0,0,0,0,0,0,0],"split_type":[0,0,0,0,0,0,0,0,0,0,0],"sum_hessian":[9E0,4E0,5E0,2E0,2E0,4E0,1E0,1E0,1E0,1E0,3E0],"tree_param":{"num_deleted":"0","num_feature":"2","num_nodes":"11","size_leaf_vector":"1"}},{"base_weights":[3.5386324E-2,-2.5060256E0,2.147332E0,-3.4173876E-1,-7.5932187E-1,1.0709236E0,3.7646866E-1,-9.2111014E-2,-2.1787262E-2,2.9826356E-2,1.18952274E-1],"categories":[],"categories_nodes":[],"categories_segments":[],"categories_sizes":[],"default_left":[0,0,0,0,0,0,0,0,0,0,0],"id":20,"left_children":[1,3,5,-1,7,9,-1,-1,-1,-1,-1],"loss_changes":[5.90545E1,5.364498E0,6.413912E0,0E0,6.211579E-2,1.033926E-1,0E0,0E0,0E0,0E0,0E0],"parents":[2147483647,0,0,1,1,2,2,4,4,5,5],"right_children":[2,4,6,-1,8,10,-1,-1,-1,-1,-1],"split_conditions":[5.0702965E-1,2.0249514E-1,1E0,-3.4173876E-1,3.9765164E-1,6.1109036E-1,3.7646866E-1,-9.2111014E-2,-2.1787262E-2,2.9826356E-2,1.18952274E-1],"split_indices":[0,0,0,0,0,0,0,0,0,0,0],"split_type":[0,0,0,0,0,0,0,0,0,0,0],"sum_hessian":[9E0,4E0,5E0,2E0,2E0,4E0,1E0,1E0,1E0,1E0,3E0],"tree_param":{"num_deleted":"0","num_feature":"2","num_nodes":"11","size_leaf_vector":"1"}},{"base_weights":[3.8808584E-2,-2.3465505E0,2.0201397E0,-2.8296986E0,-2.069788E-2,9.935867E-1,3.5764524E-1,-3.1895617E-1,-8.750548E-2,2.8335E-2,1.10030845E-1],"categories":[],"categories_nodes":[],"categories_segments":[],"categories_sizes":[],"default_left":[0,0,0,0,0,0,0,0,0,0,0],"id":21,"left_children":[1,3,5,7,-1,9,-1,-1,-1,-1,-1],"loss_changes":[5.200222E1,4.582966E0,6.0323086E0,2.2575378E-2,0E0,6.721592E-2,0E0,0E0,0E0,0E0,0E0],"parents":[2147483647,0,0,1,1,2,2,3,3,5,5],"right_children":[2,4,6,8,-1,10,-1,-1,-1,-1,-1],"split_conditions":[5.0702965E-1,3.9765164E-1,1E0,2.0249514E-1,-2.069788E-2,6.1109036E-1,3.5764524E-1,-3.1895617E-1,-8.750548E-2,2.8335E-2,1.10030845E-1],"split_indices":[0,0,0,0,0,0,0,0,0,0,0],"split_type":[0,0,0,0,0,0,0,0,0,0,0],"sum_hessian":[9E0,4E0,5E0,3E0,1E0,4E0,1E0,2E0,1E0,1E0,3E0],"tree_param":{"num_deleted":"0","num_feature":"2","num_nodes":"11","size_leaf_vector":"1"}},{"base_weights":[4.181266E-2,-2.1973271E0,1.9007937E0,-2.648344E-1,-1.9662952E-2,9.219009E-1,3.397629E-1,2.6918221E-2,1.0177851E-1],"categories":[],"categories_nodes":[],"categories_segments":[],"categories_sizes":[],"default_left":[0,0,0,0,0,0,0,0,0],"id":22,"left_children":[1,3,5,-1,-1,7,-1,-1,-1],"loss_changes":[4.580185E1,3.9910011E0,5.6591682E0,0E0,0E0,3.8956642E-2,0E0,0E0,0E0],"parents":[2147483647,0,0,1,1,2,2,5,5],"right_children":[2,4,6,-1,-1,8,-1,-1,-1],"split_conditions":[5.0702965E-1,3.9765164E-1,1E0,-2.648344E-1,-1.9662952E-2,6.1109036E-1,3.397629E-1,2.6918221E-2,1.0177851E-1],"split_indices":[0,0,0,0,0,0,0,0,0],"split_type":[0,0,0,0,0,0,0,0,0],"sum_hessian":[9E0,4E0,5E0,3E0,1E0,4E0,1E0,1E0,3E0],"tree_param":{"num_deleted":"0","num_feature":"2","num_nodes":"9","size_leaf_vector":"1"}},{"base_weights":[5.602746E-2,-2.034494E0,1.7887907E0,-2.8003678E-1,-5.9045535E-1,8.5545003E-1,3.227747E-1,-6.9888495E-2,-1.867981E-2,2.55723E-2,9.414511E-2],"categories":[],"categories_nodes":[],"categories_segments":[],"categories_sizes":[],"default_left":[0,0,0,0,0,0,0,0,0,0,0],"id":23,"left_children":[1,3,5,-1,7,9,-1,-1,-1,-1,-1],"loss_changes":[3.986307E1,3.8762627E0,5.297041E0,0E0,7.548332E-4,1.7134905E-2,0E0,0E0,0E0,0E0,0E0],"parents":[2147483647,0,0,1,1,2,2,4,4,5,5],"right_children":[2,4,6,-1,8,10,-1,-1,-1,-1,-1],"split_conditions":[5.0702965E-1,2.0249514E-1,1E0,-2.8003678E-1,3.9765164E-1,6.1109036E-1,3.227747E-1,-6.9888495E-2,-1.867981E-2,2.55723E-2,9.414511E-2],"split_indices":[0,0,0,0,0,0,0,0,0,0,0],"split_type":[0,0,0,0,0,0,0,0,0,0,0],"sum_hessian":[9E0,4E0,5E0,2E0,2E0,4E0,1E0,1E0,1E0,1E0,3E0],"tree_param":{"num_deleted":"0","num_feature":"2","num_nodes":"11","size_leaf_vector":"1"}},{"base_weights":[5.7813596E-2,-1.9047654E0,1.6836605E0,-3.0602574E-1,-8.5082805E-1,7.938484E-1,3.0663607E-1,-1.0161322E-1,-1.7745782E-2,2.429371E-2,8.70842E-2],"categories":[],"categories_nodes":[],"categories_segments":[],"categories_sizes":[],"default_left":[0,0,0,0,0,0,0,0,0,0,0],"id":24,"left_children":[1,3,5,-1,7,9,-1,-1,-1,-1,-1],"loss_changes":[3.511551E1,3.4853268E0,4.947834E0,0E0,2.649231E-1,5.2309036E-4,0E0,0E0,0E0,0E0,0E0],"parents":[2147483647,0,0,1,1,2,2,4,4,5,5],"right_children":[2,4,6,-1,8,10,-1,-1,-1,-1,-1],"split_conditions":[5.0702965E-1,9.805462E-2,1E0,-3.0602574E-1,3.9765164E-1,6.1109036E-1,3.0663607E-1,-1.0161322E-1,-1.7745782E-2,2.429371E-2,8.70842E-2],"split_indices":[0,0,0,0,0,0,0,0,0,0,0],"split_type":[0,0,0,0,0,0,0,0,0,0,0],"sum_hessian":[9E0,4E0,5E0,1E0,3E0,4E0,1E0,2E0,1E0,1E0,3E0],"tree_param":{"num_deleted":"0","num_feature":"2","num_nodes":"11","size_leaf_vector":"1"}},{"base_weights":[5.1294945E-2,-1.7993659E0,1.5849632E0,-2.907245E-1,-7.9558504E-1,7.36739E-2,2.913042E-1,-9.483902E-2,-1.6858483E-2],"categories":[],"categories_nodes":[],"categories_segments":[],"categories_sizes":[],"default_left":[0,0,0,0,0,0,0,0,0],"id":25,"left_children":[1,3,5,-1,7,-1,-1,-1,-1],"loss_changes":[3.1234926E1,3.2473774E0,4.6129007E0,0E0,2.2335124E-1,0E0,0E0,0E0,0E0],"parents":[2147483647,0,0,1,1,2,2,4,4],"right_children":[2,4,6,-1,8,-1,-1,-1,-1],"split_conditions":[5.0702965E-1,9.805462E-2,1E0,-2.907245E-1,3.9765164E-1,7.36739E-2,2.913042E-1,-9.483902E-2,-1.6858483E-2],"split_indices":[0,0,0,0,0,0,0,0,0],"split_type":[0,0,0,0,0,0,0,0,0],"sum_hessian":[9E0,4E0,5E0,1E0,3E0,4E0,1E0,2E0,1E0],"tree_param":{"num_deleted":"0","num_feature":"2","num_nodes":"9","size_leaf_vector":"1"}},{"base_weights":[4.2421244E-2,-1.6999136E0,1.4872967E0,-2.7618825E-1,-7.439507E-1,6.7780036E-1,2.7673894E-1,-8.851641E-2,-1.601553E-2,1.9395351E-2,7.502737E-2],"categories":[],"categories_nodes":[],"categories_segments":[],"categories_sizes":[],"default_left":[0,0,0,0,0,0,0,0,0,0,0],"id":26,"left_children":[1,3,5,-1,7,9,-1,-1,-1,-1,-1],"loss_changes":[2.7702845E1,3.0213108E0,4.3416433E0,0E0,1.879952E-1,2.981162E-2,0E0,0E0,0E0,0E0,0E0],"parents":[2147483647,0,0,1,1,2,2,4,4,5,5],"right_children":[2,4,6,-1,8,10,-1,-1,-1,-1,-1],"split_conditions":[5.0702965E-1,9.805462E-2,1E0,-2.7618825E-1,3.9765164E-1,6.1109036E-1,2.7673894E-1,-8.851641E-2,-1.601553E-2,1.9395351E-2,7.502737E-2],"split_indices":[0,0,0,0,0,0,0,0,0,0,0],"split_type":[0,0,0,0,0,0,0,0,0,0,0],"sum_hessian":[9E0,4E0,5E0,1E0,3E0,4E0,1E0,2E0,1E0,1E0,3E0],"tree_param":{"num_deleted":"0","num_feature":"2","num_nodes":"11","size_leaf_vector":"1"}},{"base_weights":[3.7223388E-2,-1.6060662E0,1.4004275E0,-2.6237884E-1,-6.956886E-1,6.289047E-1,2.6290208E-1,-8.261533E-2,-1.5214729E-2,1.842556E-2,6.940031E-2],"categories":[],"categories_nodes":[],"categories_segments":[],"categories_sizes":[],"default_left":[0,0,0,0,0,0,0,0,0,0,0],"id":27,"left_children":[1,3,5,-1,7,9,-1,-1,-1,-1,-1],"loss_changes":[2.4650572E1,2.8072166E0,4.033923E0,0E0,1.579547E-1,1.6855717E-2,0E0,0E0,0E0,0E0,0E0],"parents":[2147483647,0,0,1,1,2,2,4,4,5,5],"right_children":[2,4,6,-1,8,10,-1,-1,-1,-1,-1],"split_conditions":[5.0702965E-1,9.805462E-2,1E0,-2.6237884E-1,3.9765164E-1,6.1109036E-1,2.6290208E-1,-8.261533E-2,-1.5214729E-2,1.842556E-2,6.940031E-2],"split_indices":[0,0,0,0,0,0,0,0,0,0,0],"split_type":[0,0,0,0,0,0,0,0,0,0,0],"sum_hessian":[9E0,4E0,5E0,1E0,3E0,4E0,1E0,2E0,1E0,1E0,3E0],"tree_param":{"num_deleted":"0","num_feature":"2","num_nodes":"11","size_leaf_vector":"1"}},{"base_weights":[3.255291E-2,-1.5175015E0,1.3188394E0,-2.492599E-1,-6.505773E-1,5.8357924E-1,2.49757E-1,-7.710765E-2,-1.4453984E-2,1.750431E-2,6.419525E-2],"categories":[],"categories_nodes":[],"categories_segments":[],"categories_sizes":[],"default_left":[0,0,0,0,0,0,0,0,0,0,0],"id":28,"left_children":[1,3,5,-1,7,9,-1,-1,-1,-1,-1],"loss_changes":[2.193948E1,2.60505E0,3.7425108E0,0E0,1.3245726E-1,6.868601E-3,0E0,0E0,0E0,0E0,0E0],"parents":[2147483647,0,0,1,1,2,2,4,4,5,5],"right_children":[2,4,6,-1,8,10,-1,-1,-1,-1,-1],"split_conditions":[5.0702965E-1,9.805462E-2,1E0,-2.492599E-1,3.9765164E-1,6.1109036E-1,2.49757E-1,-7.710765E-2,-1.4453984E-2,1.750431E-2,6.419525E-2],"split_indices":[0,0,0,0,0,0,0,0,0,0,0],"split_type":[0,0,0,0,0,0,0,0,0,0,0],"sum_hessian":[9E0,4E0,5E0,1E0,3E0,4E0,1E0,2E0,1E0,1E0,3E0],"tree_param":{"num_deleted":"0","num_feature":"2","num_nodes":"11","size_leaf_vector":"1"}},{"base_weights":[2.836132E-2,-1.4339157E0,1.2421986E0,-2.367969E-1,-6.084101E-1,5.415615E-1,2.3726921E-1,-7.1967155E-2,-1.3731289E-2,2.4701755E-2,6.55585E-2],"categories":[],"categories_nodes":[],"categories_segments":[],"categories_sizes":[],"default_left":[0,0,0,0,0,0,0,0,0,0,0],"id":29,"left_children":[1,3,5,-1,7,9,-1,-1,-1,-1,-1],"loss_changes":[1.9530872E1,2.4146357E0,3.467435E0,0E0,1.10839725E-1,5.9837103E-3,0E0,0E0,0E0,0E0,0E0],"parents":[2147483647,0,0,1,1,2,2,4,4,5,5],"right_children":[2,4,6,-1,8,10,-1,-1,-1,-1,-1],"split_conditions":[5.0702965E-1,9.805462E-2,1E0,-2.367969E-1,3.9765164E-1,7.082051E-1,2.3726921E-1,-7.1967155E-2,-1.3731289E-2,2.4701755E-2,6.55585E-2],"split_indices":[0,0,0,0,0,0,0,0,0,0,0],"split_type":[0,0,0,0,0,0,0,0,0,0,0],"sum_hessian":[9E0,4E0,5E0,1E0,3E0,4E0,1E0,2E0,1E0,2E0,2E0],"tree_param":{"num_deleted":"0","num_feature":"2","num_nodes":"11","size_leaf_vector":"1"}},{"base_weights":[2.6028205E-2,-1.3550233E0,1.1725664E0,-2.2495706E-1,-5.689938E-1,5.054569E-1,2.254057E-1,-6.716935E-2,-1.3044739E-2,2.305495E-2,6.118787E-2],"categories":[],"categories_nodes":[],"categories_segments":[],"categories_sizes":[],"default_left":[0,0,0,0,0,0,0,0,0,0,0],"id":30,"left_children":[1,3,5,-1,7,9,-1,-1,-1,-1,-1],"loss_changes":[1.7423138E1,2.2357101E0,3.1895075E0,0E0,9.253371E-2,5.212426E-3,0E0,0E0,0E0,0E0,0E0],"parents":[2147483647,0,0,1,1,2,2,4,4,5,5],"right_children":[2,4,6,-1,8,10,-1,-1,-1,-1,-1],"split_conditions":[5.0702965E-1,9.805462E-2,1E0,-2.2495706E-1,3.9765164E-1,7.082051E-1,2.254057E-1,-6.716935E-2,-1.3044739E-2,2.305495E-2,6.118787E-2],"split_indices":[0,0,0,0,0,0,0,0,0,0,0],"split_type":[0,0,0,0,0,0,0,0,0,0,0],"sum_hessian":[9E0,4E0,5E0,1E0,3E0,4E0,1E0,2E0,1E0,2E0,2E0],"tree_param":{"num_deleted":"0","num_feature":"2","num_nodes":"11","size_leaf_vector":"1"}},{"base_weights":[2.387314E-2,-1.2805554E0,1.106918E0,-2.1370922E-1,-5.321481E-1,4.7176018E-1,2.1413536E-1,-6.2691405E-2,-1.2392521E-2,2.1518009E-2,5.710869E-2],"categories":[],"categories_nodes":[],"categories_segments":[],"categories_sizes":[],"default_left":[0,0,0,0,0,0,0,0,0,0,0],"id":31,"left_children":[1,3,5,-1,7,9,-1,-1,-1,-1,-1],"loss_changes":[1.5545015E1,2.0679417E0,2.931974E0,0E0,7.705188E-2,4.539728E-3,0E0,0E0,0E0,0E0,0E0],"parents":[2147483647,0,0,1,1,2,2,4,4,5,5],"right_children":[2,4,6,-1,8,10,-1,-1,-1,-1,-1],"split_conditions":[5.0702965E-1,9.805462E-2,1E0,-2.1370922E-1,3.9765164E-1,7.082051E-1,2.1413536E-1,-6.2691405E-2,-1.2392521E-2,2.1518009E-2,5.710869E-2],"split_indices":[0,0,0,0,0,0,0,0,0,0,0],"split_type":[0,0,0,0,0,0,0,0,0,0,0],"sum_hessian":[9E0,4E0,5E0,1E0,3E0,4E0,1E0,2E0,1E0,2E0,2E0],"tree_param":{"num_deleted":"0","num_feature":"2","num_nodes":"11","size_leaf_vector":"1"}},{"base_weights":[2.1882629E-2,-1.2102585E0,1.0450197E0,-2.0302375E-1,-4.977044E-1,4.4030914E-1,2.0342866E-1,-5.8511972E-2,-1.17729185E-2,1.3165379E-2,4.8455954E-2],"categories":[],"categories_nodes":[],"categories_segments":[],"categories_sizes":[],"default_left":[0,0,0,0,0,0,0,0,0,0,0],"id":32,"left_children":[1,3,5,-1,7,9,-1,-1,-1,-1,-1],"loss_changes":[1.3871238E1,1.9109383E0,2.693605E0,0E0,6.3976884E-2,4.496515E-3,0E0,0E0,0E0,0E0,0E0],"parents":[2147483647,0,0,1,1,2,2,4,4,5,5],"right_children":[2,4,6,-1,8,10,-1,-1,-1,-1,-1],"split_conditions":[5.0702965E-1,9.805462E-2,1E0,-2.0302375E-1,3.9765164E-1,6.1109036E-1,2.0342866E-1,-5.8511972E-2,-1.17729185E-2,1.3165379E-2,4.8455954E-2],"split_indices":[0,0,0,0,0,0,0,0,0,0,0],"split_type":[0,0,0,0,0,0,0,0,0,0,0],"sum_hessian":[9E0,4E0,5E0,1E0,3E0,4E0,1E0,2E0,1E0,1E0,3E0],"tree_param":{"num_deleted":"0","num_feature":"2","num_nodes":"11","size_leaf_vector":"1"}},{"base_weights":[1.8868422E-2,-1.1438947E0,9.846929E-1,-1.9287257E-1,-4.6550548E-1,4.086029E-1,1.9325714E-1,-5.4611187E-2,-1.11843115E-2,1.8029405E-2,5.007108E-2],"categories":[],"categories_nodes":[],"categories_segments":[],"categories_sizes":[],"default_left":[0,0,0,0,0,0,0,0,0,0,0],"id":33,"left_children":[1,3,5,-1,7,9,-1,-1,-1,-1,-1],"loss_changes":[1.2356635E1,1.7642722E0,2.4867258E0,0E0,5.295092E-2,1.4870048E-2,0E0,0E0,0E0,0E0,0E0],"parents":[2147483647,0,0,1,1,2,2,4,4,5,5],"right_children":[2,4,6,-1,8,10,-1,-1,-1,-1,-1],"split_conditions":[5.0702965E-1,9.805462E-2,1E0,-1.9287257E-1,3.9765164E-1,7.082051E-1,1.9325714E-1,-5.4611187E-2,-1.11843115E-2,1.8029405E-2,5.007108E-2],"split_indices":[0,0,0,0,0,0,0,0,0,0,0],"split_type":[0,0,0,0,0,0,0,0,0,0,0],"sum_hessian":[9E0,4E0,5E0,1E0,3E0,4E0,1E0,2E0,1E0,2E0,2E0],"tree_param":{"num_deleted":"0","num_feature":"2","num_nodes":"11","size_leaf_vector":"1"}},{"base_weights":[1.725037E-2,-1.0812387E0,9.2978287E-1,-1.8322894E-1,-4.354037E-1,3.8136214E-1,1.8359433E-1,-5.0970443E-2,-1.06250765E-2,1.6827393E-2,4.6732966E-2],"categories":[],"categories_nodes":[],"categories_segments":[],"categories_sizes":[],"default_left":[0,0,0,0,0,0,0,0,0,0,0],"id":34,"left_children":[1,3,5,-1,7,9,-1,-1,-1,-1,-1],"loss_changes":[1.10293865E1,1.6274886E0,2.2815833E0,0E0,4.3668747E-2,1.2953937E-2,0E0,0E0,0E0,0E0,0E0],"parents":[2147483647,0,0,1,1,2,2,4,4,5,5],"right_children":[2,4,6,-1,8,10,-1,-1,-1,-1,-1],"split_conditions":[5.0702965E-1,9.805462E-2,1E0,-1.8322894E-1,3.9765164E-1,7.082051E-1,1.8359433E-1,-5.0970443E-2,-1.06250765E-2,1.6827393E-2,4.6732966E-2],"split_indices":[0,0,0,0,0,0,0,0,0,0,0],"split_type":[0,0,0,0,0,0,0,0,0,0,0],"sum_hessian":[9E0,4E0,5E0,1E0,3E0,4E0,1E0,2E0,1E0,2E0,2E0],"tree_param":{"num_deleted":"0","num_feature":"2","num_nodes":"11","size_leaf_vector":"1"}},{"base_weights":[1.5758444E-2,-1.0220796E0,8.779971E-1,-1.7406748E-1,-4.072621E-1,3.5593796E-1,1.7441463E-1,-4.7572423E-2,-1.0093785E-2,1.5705617E-2,4.361738E-2],"categories":[],"categories_nodes":[],"categories_segments":[],"categories_sizes":[],"default_left":[0,0,0,0,0,0,0,0,0,0,0],"id":35,"left_children":[1,3,5,-1,7,9,-1,-1,-1,-1,-1],"loss_changes":[9.846024E0,1.500114E0,2.092279E0,0E0,3.586787E-2,1.1283457E-2,0E0,0E0,0E0,0E0,0E0],"parents":[2147483647,0,0,1,1,2,2,4,4,5,5],"right_children":[2,4,6,-1,8,10,-1,-1,-1,-1,-1],"split_conditions":[5.0702965E-1,9.805462E-2,1E0,-1.7406748E-1,3.9765164E-1,7.082051E-1,1.7441463E-1,-4.7572423E-2,-1.0093785E-2,1.5705617E-2,4.361738E-2],"split_indices":[0,0,0,0,0,0,0,0,0,0,0],"split_type":[0,0,0,0,0,0,0,0,0,0,0],"sum_hessian":[9E0,4E0,5E0,1E0,3E0,4E0,1E0,2E0,1E0,2E0,2E0],"tree_param":{"num_deleted":"0","num_feature":"2","num_nodes":"11","size_leaf_vector":"1"}},{"base_weights":[1.4383006E-2,-9.662184E-1,8.291537E-1,-1.6536412E-1,-3.8095248E-1,3.3220902E-1,1.6569386E-1,-4.440093E-2,-9.5891E-3,1.465861E-2,4.070956E-2],"categories":[],"categories_nodes":[],"categories_segments":[],"categories_sizes":[],"default_left":[0,0,0,0,0,0,0,0,0,0,0],"id":36,"left_children":[1,3,5,-1,7,9,-1,-1,-1,-1,-1],"loss_changes":[8.790797E0,1.3816671E0,1.9177294E0,0E0,2.9323757E-2,9.828746E-3,0E0,0E0,0E0,0E0,0E0],"parents":[2147483647,0,0,1,1,2,2,4,4,5,5],"right_children":[2,4,6,-1,8,10,-1,-1,-1,-1,-1],"split_conditions":[5.0702965E-1,9.805462E-2,1E0,-1.6536412E-1,3.9765164E-1,7.082051E-1,1.6569386E-1,-4.440093E-2,-9.5891E-3,1.465861E-2,4.070956E-2],"split_indices":[0,0,0,0,0,0,0,0,0,0,0],"split_type":[0,0,0,0,0,0,0,0,0,0,0],"sum_hessian":[9E0,4E0,5E0,1E0,3E0,4E0,1E0,2E0,1E0,2E0,2E0],"tree_param":{"num_deleted":"0","num_feature":"2","num_nodes":"11","size_leaf_vector":"1"}},{"base_weights":[1.3115263E-2,-9.134675E-1,7.830817E-1,-1.5709591E-1,-3.5635483E-1,3.1006163E-1,1.574091E-1,-4.1440856E-2,-9.109688E-3,1.3681412E-2,3.799553E-2],"categories":[],"categories_nodes":[],"categories_segments":[],"categories_sizes":[],"default_left":[0,0,0,0,0,0,0,0,0,0,0],"id":37,"left_children":[1,3,5,-1,7,9,-1,-1,-1,-1,-1],"loss_changes":[7.8496957E0,1.2716656E0,1.7569144E0,0E0,2.3845494E-2,8.561283E-3,0E0,0E0,0E0,0E0,0E0],"parents":[2147483647,0,0,1,1,2,2,4,4,5,5],"right_children":[2,4,6,-1,8,10,-1,-1,-1,-1,-1],"split_conditions":[5.0702965E-1,9.805462E-2,1E0,-1.5709591E-1,3.9765164E-1,7.082051E-1,1.574091E-1,-4.1440856E-2,-9.109688E-3,1.3681412E-2,3.799553E-2],"split_indices":[0,0,0,0,0,0,0,0,0,0,0],"split_type":[0,0,0,0,0,0,0,0,0,0,0],"sum_hessian":[9E0,4E0,5E0,1E0,3E0,4E0,1E0,2E0,1E0,2E0,2E0],"tree_param":{"num_deleted":"0","num_feature":"2","num_nodes":"11","size_leaf_vector":"1"}},{"base_weights":[1.1947679E-2,-8.6365E-1,7.3962116E-1,-1.4924112E-1,-3.3335698E-1,2.8939095E-1,1.4953862E-1,-3.867812E-2,-8.6542135E-3,1.2769318E-2,3.546251E-2],"categories":[],"categories_nodes":[],"categories_segments":[],"categories_sizes":[],"default_left":[0,0,0,0,0,0,0,0,0,0,0],"id":38,"left_children":[1,3,5,-1,7,9,-1,-1,-1,-1,-1],"loss_changes":[7.0102663E0,1.1696327E0,1.6088579E0,0E0,1.9270718E-2,7.4578524E-3,0E0,0E0,0E0,0E0,0E0],"parents":[2147483647,0,0,1,1,2,2,4,4,5,5],"right_children":[2,4,6,-1,8,10,-1,-1,-1,-1,-1],"split_conditions":[5.0702965E-1,9.805462E-2,1E0,-1.4924112E-1,3.9765164E-1,7.082051E-1,1.4953862E-1,-3.867812E-2,-8.6542135E-3,1.2769318E-2,3.546251E-2],"split_indices":[0,0,0,0,0,0,0,0,0,0,0],"split_type":[0,0,0,0,0,0,0,0,0,0,0],"sum_hessian":[9E0,4E0,5E0,1E0,3E0,4E0,1E0,2E0,1E0,2E0,2E0],"tree_param":{"num_deleted":"0","num_feature":"2","num_nodes":"11","size_leaf_vector":"1"}},{"base_weights":[1.0872388E-2,-8.165998E-1,6.986205E-1,-1.4177905E-1,-3.1185448E-1,2.7009812E-1,1.4206162E-1,-3.609958E-2,-8.221531E-3,1.1918005E-2,3.309835E-2],"categories":[],"categories_nodes":[],"categories_segments":[],"categories_sizes":[],"default_left":[0,0,0,0,0,0,0,0,0,0,0],"id":39,"left_children":[1,3,5,-1,7,9,-1,-1,-1,-1,-1],"loss_changes":[6.261418E0,1.0750964E0,1.4726422E0,0E0,1.5459657E-2,6.4969063E-3,0E0,0E0,0E0,0E0,0E0],"parents":[2147483647,0,0,1,1,2,2,4,4,5,5],"right_children":[2,4,6,-1,8,10,-1,-1,-1,-1,-1],"split_conditions":[5.0702965E-1,9.805462E-2,1E0,-1.4177905E-1,3.9765164E-1,7.082051E-1,1.4206162E-1,-3.609958E-2,-8.221531E-3,1.1918005E-2,3.309835E-2],"split_indices":[0,0,0,0,0,0,0,0,0,0,0],"split_type":[0,0,0,0,0,0,0,0,0,0,0],"sum_hessian":[9E0,4E0,5E0,1E0,3E0,4E0,1E0,2E0,1E0,2E0,2E0],"tree_param":{"num_deleted":"0","num_feature":"2","num_nodes":"11","size_leaf_vector":"1"}},{"base_weights":[9.882664E-3,-7.721601E-1,6.5993786E-1,-1.346901E-1,-2.917496E-1,2.520916E-1,1.3495846E-1,-3.369295E-2,-7.810497E-3,1.112353E-2,3.0891737E-2],"categories":[],"categories_nodes":[],"categories_segments":[],"categories_sizes":[],"default_left":[0,0,0,0,0,0,0,0,0,0,0],"id":40,"left_children":[1,3,5,-1,7,9,-1,-1,-1,-1,-1],"loss_changes":[5.5932875E0,9.876001E-1,1.3474002E0,0E0,1.2293875E-2,5.6588054E-3,0E0,0E0,0E0,0E0,0E0],"parents":[2147483647,0,0,1,1,2,2,4,4,5,5],"right_children":[2,4,6,-1,8,10,-1,-1,-1,-1,-1],"split_conditions":[5.0702965E-1,9.805462E-2,1E0,-1.346901E-1,3.9765164E-1,7.082051E-1,1.3495846E-1,-3.369295E-2,-7.810497E-3,1.112353E-2,3.0891737E-2],"split_indices":[0,0,0,0,0,0,0,0,0,0,0],"split_type":[0,0,0,0,0,0,0,0,0,0,0],"sum_hessian":[9E0,4E0,5E0,1E0,3E0,4E0,1E0,2E0,1E0,2E0,2E0],"tree_param":{"num_deleted":"0","num_feature":"2","num_nodes":"11","size_leaf_vector":"1"}},{"base_weights":[8.972311E-3,-7.3018277E-1,6.234395E-1,-1.279556E-1,-2.729504E-1,2.3528557E-1,1.2821046E-1,-3.1446744E-2,-7.4199676E-3,1.0381953E-2,2.8832307E-2],"categories":[],"categories_nodes":[],"categories_segments":[],"categories_sizes":[],"default_left":[0,0,0,0,0,0,0,0,0,0,0],"id":41,"left_children":[1,3,5,-1,7,9,-1,-1,-1,-1,-1],"loss_changes":[4.99709E0,9.0670085E-1,1.2323198E0,0E0,9.672761E-3,4.929602E-3,0E0,0E0,0E0,0E0,0E0],"parents":[2147483647,0,0,1,1,2,2,4,4,5,5],"right_children":[2,4,6,-1,8,10,-1,-1,-1,-1,-1],"split_conditions":[5.0702965E-1,9.805462E-2,1E0,-1.279556E-1,3.9765164E-1,7.082051E-1,1.2821046E-1,-3.1446744E-2,-7.4199676E-3,1.0381953E-2,2.8832307E-2],"split_indices":[0,0,0,0,0,0,0,0,0,0,0],"split_type":[0,0,0,0,0,0,0,0,0,0,0],"sum_hessian":[9E0,4E0,5E0,1E0,3E0,4E0,1E0,2E0,1E0,2E0,2E0],"tree_param":{"num_deleted":"0","num_feature":"2","num_nodes":"11","size_leaf_vector":"1"}},{"base_weights":[8.135343E-3,-6.90529E-1,5.8899975E-1,-1.21557824E-1,-2.5537217E-1,2.1960029E-1,1.2179985E-1,-2.9350296E-2,-7.0489882E-3,9.6898405E-3,2.691021E-2],"categories":[],"categories_nodes":[],"categories_segments":[],"categories_sizes":[],"default_left":[0,0,0,0,0,0,0,0,0,0,0],"id":42,"left_children":[1,3,5,-1,7,9,-1,-1,-1,-1,-1],"loss_changes":[4.465014E0,8.319688E-1,1.1266382E0,0E0,7.5098276E-3,4.2942762E-3,0E0,0E0,0E0,0E0,0E0],"parents":[2147483647,0,0,1,1,2,2,4,4,5,5],"right_children":[2,4,6,-1,8,10,-1,-1,-1,-1,-1],"split_conditions":[5.0702965E-1,9.805462E-2,1E0,-1.21557824E-1,3.9765164E-1,7.082051E-1,1.2179985E-1,-2.9350296E-2,-7.0489882E-3,9.6898405E-3,2.691021E-2],"split_indices":[0,0,0,0,0,0,0,0,0,0,0],"split_type":[0,0,0,0,0,0,0,0,0,0,0],"sum_hessian":[9E0,4E0,5E0,1E0,3E0,4E0,1E0,2E0,1E0,2E0,2E0],"tree_param":{"num_deleted":"0","num_feature":"2","num_nodes":"11","size_leaf_vector":"1"}},{"base_weights":[7.366347E-3,-6.5306747E-1,5.5650014E-1,-1.1547994E-1,-2.3893464E-1,2.0496063E-1,1.1570988E-1,-2.7393613E-2,-6.6965106E-3,1.1278915E-2,2.8682327E-2],"categories":[],"categories_nodes":[],"categories_segments":[],"categories_sizes":[],"default_left":[0,0,0,0,0,0,0,0,0,0,0],"id":43,"left_children":[1,3,5,-1,7,9,-1,-1,-1,-1,-1],"loss_changes":[3.990097E0,7.629967E-1,1.0296452E0,0E0,5.732596E-3,5.3764433E-3,0E0,0E0,0E0,0E0,0E0],"parents":[2147483647,0,0,1,1,2,2,4,4,5,5],"right_children":[2,4,6,-1,8,10,-1,-1,-1,-1,-1],"split_conditions":[5.0702965E-1,9.805462E-2,1E0,-1.1547994E-1,3.9765164E-1,7.951295E-1,1.1570988E-1,-2.7393613E-2,-6.6965106E-3,1.1278915E-2,2.8682327E-2],"split_indices":[0,0,0,0,0,0,0,0,0,0,0],"split_type":[0,0,0,0,0,0,0,0,0,0,0],"sum_hessian":[9E0,4E0,5E0,1E0,3E0,4E0,1E0,2E0,1E0,3E0,1E0],"tree_param":{"num_deleted":"0","num_feature":"2","num_nodes":"11","size_leaf_vector":"1"}},{"base_weights":[7.2398903E-3,-9.2464834E-1,3.55793E-1,-1.0970594E-1,-2.8991317E-2,1.7148972E-2,9.1448337E-1,-1.0480944E-2,1.04330545E-2,2.7248193E-2,1.0992432E-1],"categories":[],"categories_nodes":[],"categories_segments":[],"categories_sizes":[],"default_left":[0,0,0,0,0,0,0,0,0,0,0],"id":44,"left_children":[1,3,5,-1,-1,7,9,-1,-1,-1,-1],"loss_changes":[3.5771089E0,1.0254145E-2,1.4978949E0,0E0,0E0,7.472998E-2,5.6324244E-2,0E0,0E0,0E0,0E0],"parents":[2147483647,0,0,1,1,2,2,5,5,6,6],"right_children":[2,4,6,-1,-1,8,10,-1,-1,-1,-1],"split_conditions":[2.0249514E-1,9.805462E-2,7.951295E-1,-1.0970594E-1,-2.8991317E-2,5.0702965E-1,1E0,-1.0480944E-2,1.04330545E-2,2.7248193E-2,1.0992432E-1],"split_indices":[0,0,0,0,0,0,0,0,0,0,0],"split_type":[0,0,0,0,0,0,0,0,0,0,0],"sum_hessian":[9E0,2E0,7E0,1E0,1E0,5E0,2E0,2E0,3E0,1E0,1E0],"tree_param":{"num_deleted":"0","num_feature":"2","num_nodes":"11","size_leaf_vector":"1"}},{"base_weights":[6.358552E-3,-8.78416E-1,3.3735418E-1,-1.0422064E-1,-2.7541757E-2,1.5426E-2,8.6875916E-1,-9.782219E-3,9.650565E-3,2.5885774E-2,1.04428105E-1],"categories":[],"categories_nodes":[],"categories_segments":[],"categories_sizes":[],"default_left":[0,0,0,0,0,0,0,0,0,0,0],"id":45,"left_children":[1,3,5,-1,-1,7,9,-1,-1,-1,-1],"loss_changes":[3.2249022E0,9.254217E-3,1.3551923E0,0E0,0E0,6.453313E-2,5.083275E-2,0E0,0E0,0E0,0E0],"parents":[2147483647,0,0,1,1,2,2,5,5,6,6],"right_children":[2,4,6,-1,-1,8,10,-1,-1,-1,-1],"split_conditions":[2.0249514E-1,9.805462E-2,7.951295E-1,-1.0422064E-1,-2.7541757E-2,5.0702965E-1,1E0,-9.782219E-3,9.650565E-3,2.5885774E-2,1.04428105E-1],"split_indices":[0,0,0,0,0,0,0,0,0,0,0],"split_type":[0,0,0,0,0,0,0,0,0,0,0],"sum_hessian":[9E0,2E0,7E0,1E0,1E0,5E0,2E0,2E0,3E0,1E0,1E0],"tree_param":{"num_deleted":"0","num_feature":"2","num_nodes":"11","size_leaf_vector":"1"}},{"base_weights":[5.5644987E-3,-8.3449525E-1,3.1989133E-1,-9.900961E-2,-2.6164675E-2,1.3861179E-2,8.253212E-1,-9.130064E-3,8.926726E-3,2.4591446E-2,9.920674E-2],"categories":[],"categories_nodes":[],"categories_segments":[],"categories_sizes":[],"default_left":[0,0,0,0,0,0,0,0,0,0,0],"id":46,"left_children":[1,3,5,-1,-1,7,9,-1,-1,-1,-1],"loss_changes":[2.907481E0,8.351803E-3,1.2259743E0,0E0,0E0,5.57292E-2,4.5877695E-2,0E0,0E0,0E0,0E0],"parents":[2147483647,0,0,1,1,2,2,5,5,6,6],"right_children":[2,4,6,-1,-1,8,10,-1,-1,-1,-1],"split_conditions":[2.0249514E-1,9.805462E-2,7.951295E-1,-9.900961E-2,-2.6164675E-2,5.0702965E-1,1E0,-9.130064E-3,8.926726E-3,2.4591446E-2,9.920674E-2],"split_indices":[0,0,0,0,0,0,0,0,0,0,0],"split_type":[0,0,0,0,0,0,0,0,0,0,0],"sum_hessian":[9E0,2E0,7E0,1E0,1E0,5E0,2E0,2E0,3E0,1E0,1E0],"tree_param":{"num_deleted":"0","num_feature":"2","num_nodes":"11","size_leaf_vector":"1"}},{"base_weights":[4.850638E-3,-7.927705E-1,3.0335224E-1,-9.405913E-2,-2.4856448E-2,1.2441476E-2,7.8405637E-1,-8.521366E-3,8.257247E-3,2.336197E-2,9.4246484E-2],"categories":[],"categories_nodes":[],"categories_segments":[],"categories_sizes":[],"default_left":[0,0,0,0,0,0,0,0,0,0,0],"id":47,"left_children":[1,3,5,-1,-1,7,9,-1,-1,-1,-1],"loss_changes":[2.6214006E0,7.5372458E-3,1.1089811E0,0E0,0E0,4.8128206E-2,4.1403294E-2,0E0,0E0,0E0,0E0],"parents":[2147483647,0,0,1,1,2,2,5,5,6,6],"right_children":[2,4,6,-1,-1,8,10,-1,-1,-1,-1],"split_conditions":[2.0249514E-1,9.805462E-2,7.951295E-1,-9.405913E-2,-2.4856448E-2,5.0702965E-1,1E0,-8.521366E-3,8.257247E-3,2.336197E-2,9.4246484E-2],"split_indices":[0,0,0,0,0,0,0,0,0,0,0],"split_type":[0,0,0,0,0,0,0,0,0,0,0],"sum_hessian":[9E0,2E0,7E0,1E0,1E0,5E0,2E0,2E0,3E0,1E0,1E0],"tree_param":{"num_deleted":"0","num_feature":"2","num_nodes":"11","size_leaf_vector":"1"}},{"base_weights":[4.2087315E-3,-7.531319E-1,2.876854E-1,-8.935618E-2,-2.361362E-2,1.1153539E-2,7.44854E-1,-7.953263E-3,7.6379776E-3,2.2193909E-2,8.9534186E-2],"categories":[],"categories_nodes":[],"categories_segments":[],"categories_sizes":[],"default_left":[0,0,0,0,0,0,0,0,0,0,0],"id":48,"left_children":[1,3,5,-1,-1,7,9,-1,-1,-1,-1],"loss_changes":[2.363549E0,6.802678E-3,1.0030656E0,0E0,0E0,4.1565385E-2,3.7365675E-2,0E0,0E0,0E0,0E0],"parents":[2147483647,0,0,1,1,2,2,5,5,6,6],"right_children":[2,4,6,-1,-1,8,10,-1,-1,-1,-1],"split_conditions":[2.0249514E-1,9.805462E-2,7.951295E-1,-8.935618E-2,-2.361362E-2,5.0702965E-1,1E0,-7.953263E-3,7.6379776E-3,2.2193909E-2,8.9534186E-2],"split_indices":[0,0,0,0,0,0,0,0,0,0,0],"split_type":[0,0,0,0,0,0,0,0,0,0,0],"sum_hessian":[9E0,2E0,7E0,1E0,1E0,5E0,2E0,2E0,3E0,1E0,1E0],"tree_param":{"num_deleted":"0","num_feature":"2","num_nodes":"11","size_leaf_vector":"1"}},{"base_weights":[3.6320686E-3,-7.154754E-1,2.7284336E-1,-8.488836E-2,-2.2432948E-2,9.985606E-3,7.076111E-1,-7.4230195E-3,7.0651057E-3,2.1084214E-2,8.505745E-2],"categories":[],"categories_nodes":[],"categories_segments":[],"categories_sizes":[],"default_left":[0,0,0,0,0,0,0,0,0,0,0],"id":49,"left_children":[1,3,5,-1,-1,7,9,-1,-1,-1,-1],"loss_changes":[2.1311312E0,6.139159E-3,9.0719074E-1,0E0,0E0,3.5898376E-2,3.372228E-2,0E0,0E0,0E0,0E0],"parents":[2147483647,0,0,1,1,2,2,5,5,6,6],"right_children":[2,4,6,-1,-1,8,10,-1,-1,-1,-1],"split_conditions":[2.0249514E-1,9.805462E-2,7.951295E-1,-8.488836E-2,-2.2432948E-2,5.0702965E-1,1E0,-7.4230195E-3,7.0651057E-3,2.1084214E-2,8.505745E-2],"split_indices":[0,0,0,0,0,0,0,0,0,0,0],"split_type":[0,0,0,0,0,0,0,0,0,0,0],"sum_hessian":[9E0,2E0,7E0,1E0,1E0,5E0,2E0,2E0,3E0,1E0,1E0],"tree_param":{"num_deleted":"0","num_feature":"2","num_nodes":"11","size_leaf_vector":"1"}},{"base_weights":[3.1154037E-3,-6.797017E-1,2.587824E-1,-8.0643944E-2,-2.1311307E-2,8.927663E-3,6.72231E-1,-6.928126E-3,6.535244E-3,2.0030022E-2,8.080464E-2],"categories":[],"categories_nodes":[],"categories_segments":[],"categories_sizes":[],"default_left":[0,0,0,0,0,0,0,0,0,0,0],"id":50,"left_children":[1,3,5,-1,-1,7,9,-1,-1,-1,-1],"loss_changes":[1.9216326E0,5.54049E-3,8.204154E-1,0E0,0E0,3.1005226E-2,3.043449E-2,0E0,0E0,0E0,0E0],"parents":[2147483647,0,0,1,1,2,2,5,5,6,6],"right_children":[2,4,6,-1,-1,8,10,-1,-1,-1,-1],"split_conditions":[2.0249514E-1,9.805462E-2,7.951295E-1,-8.0643944E-2,-2.1311307E-2,5.0702965E-1,1E0,-6.928126E-3,6.535244E-3,2.0030022E-2,8.080464E-2],"split_indices":[0,0,0,0,0,0,0,0,0,0,0],"split_type":[0,0,0,0,0,0,0,0,0,0,0],"sum_hessian":[9E0,2E0,7E0,1E0,1E0,5E0,2E0,2E0,3E0,1E0,1E0],"tree_param":{"num_deleted":"0","num_feature":"2","num_nodes":"11","size_leaf_vector":"1"}},{"base_weights":[2.6527524E-3,-6.457166E-1,2.4545968E-1,-7.661175E-2,-2.0245744E-2,7.969697E-3,6.386197E-1,-6.4662616E-3,6.045151E-3,1.9028474E-2,7.676449E-2],"categories":[],"categories_nodes":[],"categories_segments":[],"categories_sizes":[],"default_left":[0,0,0,0,0,0,0,0,0,0,0],"id":51,"left_children":[1,3,5,-1,-1,7,9,-1,-1,-1,-1],"loss_changes":[1.7327831E0,5.0002337E-3,7.41883E-1,0E0,0E0,2.6780203E-2,2.7468324E-2,0E0,0E0,0E0,0E0],"parents":[2147483647,0,0,1,1,2,2,5,5,6,6],"right_children":[2,4,6,-1,-1,8,10,-1,-1,-1,-1],"split_conditions":[2.0249514E-1,9.805462E-2,7.951295E-1,-7.661175E-2,-2.0245744E-2,5.0702965E-1,1E0,-6.4662616E-3,6.045151E-3,1.9028474E-2,7.676449E-2],"split_indices":[0,0,0,0,0,0,0,0,0,0,0],"split_type":[0,0,0,0,0,0,0,0,0,0,0],"sum_hessian":[9E0,2E0,7E0,1E0,1E0,5E0,2E0,2E0,3E0,1E0,1E0],"tree_param":{"num_deleted":"0","num_feature":"2","num_nodes":"11","size_leaf_vector":"1"}},{"base_weights":[2.2392632E-3,-6.1343086E-1,2.3283565E-1,-7.278117E-2,-1.9233465E-2,7.1028075E-3,6.0668945E-1,-6.035201E-3,5.591822E-3,1.8077089E-2,7.2926335E-2],"categories":[],"categories_nodes":[],"categories_segments":[],"categories_sizes":[],"default_left":[0,0,0,0,0,0,0,0,0,0,0],"id":52,"left_children":[1,3,5,-1,-1,7,9,-1,-1,-1,-1],"loss_changes":[1.5625416E0,4.5124292E-3,6.708194E-1,0E0,0E0,2.3131784E-2,2.478993E-2,0E0,0E0,0E0,0E0],"parents":[2147483647,0,0,1,1,2,2,5,5,6,6],"right_children":[2,4,6,-1,-1,8,10,-1,-1,-1,-1],"split_conditions":[2.0249514E-1,9.805462E-2,7.951295E-1,-7.278117E-2,-1.9233465E-2,5.0702965E-1,1E0,-6.035201E-3,5.591822E-3,1.8077089E-2,7.2926335E-2],"split_indices":[0,0,0,0,0,0,0,0,0,0,0],"split_type":[0,0,0,0,0,0,0,0,0,0,0],"sum_hessian":[9E0,2E0,7E0,1E0,1E0,5E0,2E0,2E0,3E0,1E0,1E0],"tree_param":{"num_deleted":"0","num_feature":"2","num_nodes":"11","size_leaf_vector":"1"}},{"base_weights":[1.8696308E-3,-5.827594E-1,2.208718E-1,-6.91421E-2,-1.8271804E-2,6.318251E-3,5.76355E-1,-5.6328773E-3,5.1723956E-3,1.7173195E-2,6.928005E-2],"categories":[],"categories_nodes":[],"categories_segments":[],"categories_sizes":[],"default_left":[0,0,0,0,0,0,0,0,0,0,0],"id":53,"left_children":[1,3,5,-1,-1,7,9,-1,-1,-1,-1],"loss_changes":[1.4090654E0,4.0724277E-3,6.065198E-1,0E0,0E0,1.9980742E-2,2.2373736E-2,0E0,0E0,0E0,0E0],"parents":[2147483647,0,0,1,1,2,2,5,5,6,6],"right_children":[2,4,6,-1,-1,8,10,-1,-1,-1,-1],"split_conditions":[2.0249514E-1,9.805462E-2,7.951295E-1,-6.91421E-2,-1.8271804E-2,5.0702965E-1,1E0,-5.6328773E-3,5.1723956E-3,1.7173195E-2,6.928005E-2],"split_indices":[0,0,0,0,0,0,0,0,0,0,0],"split_type":[0,0,0,0,0,0,0,0,0,0,0],"sum_hessian":[9E0,2E0,7E0,1E0,1E0,5E0,2E0,2E0,3E0,1E0,1E0],"tree_param":{"num_deleted":"0","num_feature":"2","num_nodes":"11","size_leaf_vector":"1"}},{"base_weights":[1.5404463E-3,-5.5362135E-1,2.0953357E-1,-6.5685E-2,-1.7358208E-2,5.6093535E-3,5.475375E-1,-5.2573844E-3,4.784441E-2,1.6314507E-2,6.581612E-2,1.438427E-3,5.4203034E-3],"categories":[],"categories_nodes":[],"categories_segments":[],"categories_sizes":[],"default_left":[0,0,0,0,0,0,0,0,0,0,0,0,0],"id":54,"left_children":[1,3,5,-1,-1,7,9,-1,11,-1,-1,-1,-1],"loss_changes":[1.2707007E0,3.6754012E-3,5.483461E-1,0E0,0E0,1.7259588E-2,2.019298E-2,0E0,7.1370974E-5,0E0,0E0,0E0,0E0],"parents":[2147483647,0,0,1,1,2,2,5,5,6,6,8,8],"right_children":[2,4,6,-1,-1,8,10,-1,12,-1,-1,-1,-1],"split_conditions":[2.0249514E-1,9.805462E-2,7.951295E-1,-6.5685E-2,-1.7358208E-2,5.0702965E-1,1E0,-5.2573844E-3,6.1109036E-1,1.6314507E-2,6.581612E-2,1.438427E-3,5.4203034E-3],"split_indices":[0,0,0,0,0,0,0,0,0,0,0,0,0],"split_type":[0,0,0,0,0,0,0,0,0,0,0,0,0],"sum_hessian":[9E0,2E0,7E0,1E0,1E0,5E0,2E0,2E0,3E0,1E0,1E0,1E0,2E0],"tree_param":{"num_deleted":"0","num_feature":"2","num_nodes":"13","size_leaf_vector":"1"}},{"base_weights":[1.4552117E-3,-5.2594024E-1,1.9904661E-1,-6.2400747E-2,-1.6490294E-2,5.315145E-3,5.201607E-1,-4.906909E-3,4.4774532E-2,1.5498734E-2,6.252537E-2,1.36652E-3,5.0589247E-3],"categories":[],"categories_nodes":[],"categories_segments":[],"categories_sizes":[],"default_left":[0,0,0,0,0,0,0,0,0,0,0,0,0],"id":55,"left_children":[1,3,5,-1,-1,7,9,-1,11,-1,-1,-1,-1],"loss_changes":[1.1467746E0,3.3171177E-3,4.9491444E-1,0E0,0E0,1.5072856E-2,1.8225133E-2,0E0,3.2255426E-5,0E0,0E0,0E0,0E0],"parents":[2147483647,0,0,1,1,2,2,5,5,6,6,8,8],"right_children":[2,4,6,-1,-1,8,10,-1,12,-1,-1,-1,-1],"split_conditions":[2.0249514E-1,9.805462E-2,7.951295E-1,-6.2400747E-2,-1.6490294E-2,5.0702965E-1,1E0,-4.906909E-3,6.1109036E-1,1.5498734E-2,6.252537E-2,1.36652E-3,5.0589247E-3],"split_indices":[0,0,0,0,0,0,0,0,0,0,0,0,0],"split_type":[0,0,0,0,0,0,0,0,0,0,0,0,0],"sum_hessian":[9E0,2E0,7E0,1E0,1E0,5E0,2E0,2E0,3E0,1E0,1E0,1E0,2E0],"tree_param":{"num_deleted":"0","num_feature":"2","num_nodes":"13","size_leaf_vector":"1"}},{"base_weights":[1.3749481E-3,-4.996432E-1,1.8908489E-1,-5.9280712E-2,-1.566577E-2,5.037149E-3,4.9415207E-1,-4.5797667E-3,4.1903973E-2,1.4723778E-2,5.9399035E-2,1.2982369E-3,4.7217053E-3],"categories":[],"categories_nodes":[],"categories_segments":[],"categories_sizes":[],"default_left":[0,0,0,0,0,0,0,0,0,0,0,0,0],"id":56,"left_children":[1,3,5,-1,-1,7,9,-1,11,-1,-1,-1,-1],"loss_changes":[1.0349358E0,2.9938817E-3,4.4668627E-1,0E0,0E0,1.3163813E-2,1.644814E-2,0E0,1.6614795E-6,0E0,0E0,0E0,0E0],"parents":[2147483647,0,0,1,1,2,2,5,5,6,6,8,8],"right_children":[2,4,6,-1,-1,8,10,-1,12,-1,-1,-1,-1],"split_conditions":[2.0249514E-1,9.805462E-2,7.951295E-1,-5.9280712E-2,-1.566577E-2,5.0702965E-1,1E0,-4.5797667E-3,6.1109036E-1,1.4723778E-2,5.9399035E-2,1.2982369E-3,4.7217053E-3],"split_indices":[0,0,0,0,0,0,0,0,0,0,0,0,0],"split_type":[0,0,0,0,0,0,0,0,0,0,0,0,0],"sum_hessian":[9E0,2E0,7E0,1E0,1E0,5E0,2E0,2E0,3E0,1E0,1E0,1E0,2E0],"tree_param":{"num_deleted":"0","num_feature":"2","num_nodes":"13","size_leaf_vector":"1"}},{"base_weights":[1.2987375E-3,-4.746611E-1,1.7962134E-1,-5.6316674E-2,-1.4882493E-2,4.772981E-3,4.6944427E-1,-4.2744637E-3,3.921795E-3,1.3987541E-2,5.64291E-2],"categories":[],"categories_nodes":[],"categories_segments":[],"categories_sizes":[],"default_left":[0,0,0,0,0,0,0,0,0,0,0],"id":57,"left_children":[1,3,5,-1,-1,7,9,-1,-1,-1,-1],"loss_changes":[9.340033E-1,2.7016997E-3,4.0315983E-1,0E0,0E0,1.1496814E-2,1.4845192E-2,0E0,0E0,0E0,0E0],"parents":[2147483647,0,0,1,1,2,2,5,5,6,6],"right_children":[2,4,6,-1,-1,8,10,-1,-1,-1,-1],"split_conditions":[2.0249514E-1,9.805462E-2,7.951295E-1,-5.6316674E-2,-1.4882493E-2,5.0702965E-1,1E0,-4.2744637E-3,3.921795E-3,1.3987541E-2,5.64291E-2],"split_indices":[0,0,0,0,0,0,0,0,0,0,0],"split_type":[0,0,0,0,0,0,0,0,0,0,0],"sum_hessian":[9E0,2E0,7E0,1E0,1E0,5E0,2E0,2E0,3E0,1E0,1E0],"tree_param":{"num_deleted":"0","num_feature":"2","num_nodes":"11","size_leaf_vector":"1"}},{"base_weights":[1.0551453E-3,-4.5092806E-1,1.7041695E-1,-5.3500842E-2,-1.4138365E-2,4.237016E-3,4.4597116E-1,-3.989506E-3,3.6276817E-2,1.3288117E-2,5.360756E-2,1.0372162E-3,4.145432E-3],"categories":[],"categories_nodes":[],"categories_segments":[],"categories_sizes":[],"default_left":[0,0,0,0,0,0,0,0,0,0,0,0,0],"id":58,"left_children":[1,3,5,-1,-1,7,9,-1,11,-1,-1,-1,-1],"loss_changes":[8.4233266E-1,2.438426E-3,3.6444306E-1,0E0,0E0,9.931163E-3,1.3397992E-2,0E0,1.0651443E-4,0E0,0E0,0E0,0E0],"parents":[2147483647,0,0,1,1,2,2,5,5,6,6,8,8],"right_children":[2,4,6,-1,-1,8,10,-1,12,-1,-1,-1,-1],"split_conditions":[2.0249514E-1,9.805462E-2,7.951295E-1,-5.3500842E-2,-1.4138365E-2,5.0702965E-1,1E0,-3.989506E-3,6.1109036E-1,1.3288117E-2,5.360756E-2,1.0372162E-3,4.145432E-3],"split_indices":[0,0,0,0,0,0,0,0,0,0,0,0,0],"split_type":[0,0,0,0,0,0,0,0,0,0,0,0,0],"sum_hessian":[9E0,2E0,7E0,1E0,1E0,5E0,2E0,2E0,3E0,1E0,1E0,1E0,2E0],"tree_param":{"num_deleted":"0","num_feature":"2","num_nodes":"13","size_leaf_vector":"1"}},{"base_weights":[9.948493E-4,-4.2838168E-1,1.6188669E-1,-5.08258E-2,-1.3431454E-2,4.012426E-3,4.23673E-1,-3.7235261E-3,3.3945084E-2,1.2623787E-2,5.0927162E-2,9.853364E-4,3.8691205E-3],"categories":[],"categories_nodes":[],"categories_segments":[],"categories_sizes":[],"default_left":[0,0,0,0,0,0,0,0,0,0,0,0,0],"id":59,"left_children":[1,3,5,-1,-1,7,9,-1,11,-1,-1,-1,-1],"loss_changes":[7.6018107E-1,2.2005439E-3,3.2893464E-1,0E0,0E0,8.671871E-3,1.2090683E-2,0E0,7.613003E-5,0E0,0E0,0E0,0E0],"parents":[2147483647,0,0,1,1,2,2,5,5,6,6,8,8],"right_children":[2,4,6,-1,-1,8,10,-1,12,-1,-1,-1,-1],"split_conditions":[2.0249514E-1,9.805462E-2,7.951295E-1,-5.08258E-2,-1.3431454E-2,5.0702965E-1,1E0,-3.7235261E-3,6.1109036E-1,1.2623787E-2,5.0927162E-2,9.853364E-4,3.8691205E-3],"split_indices":[0,0,0,0,0,0,0,0,0,0,0,0,0],"split_type":[0,0,0,0,0,0,0,0,0,0,0,0,0],"sum_hessian":[9E0,2E0,7E0,1E0,1E0,5E0,2E0,2E0,3E0,1E0,1E0,1E0,2E0],"tree_param":{"num_deleted":"0","num_feature":"2","num_nodes":"13","size_leaf_vector":"1"}},{"base_weights":[9.3769433E-4,-4.0696257E-1,1.5378308E-1,-4.8284512E-2,-1.2759876E-2,3.7991207E-3,4.0249E-1,-3.4753163E-3,3.1763554E-2,1.1992645E-2,4.838085E-2,9.3603134E-4,3.6111195E-3],"categories":[],"categories_nodes":[],"categories_segments":[],"categories_sizes":[],"default_left":[0,0,0,0,0,0,0,0,0,0,0,0,0],"id":60,"left_children":[1,3,5,-1,-1,7,9,-1,11,-1,-1,-1,-1],"loss_changes":[6.860407E-1,1.9860566E-3,2.9688728E-1,0E0,0E0,7.5724404E-3,1.0911524E-2,0E0,5.1593408E-5,0E0,0E0,0E0,0E0],"parents":[2147483647,0,0,1,1,2,2,5,5,6,6,8,8],"right_children":[2,4,6,-1,-1,8,10,-1,12,-1,-1,-1,-1],"split_conditions":[2.0249514E-1,9.805462E-2,7.951295E-1,-4.8284512E-2,-1.2759876E-2,5.0702965E-1,1E0,-3.4753163E-3,6.1109036E-1,1.1992645E-2,4.838085E-2,9.3603134E-4,3.6111195E-3],"split_indices":[0,0,0,0,0,0,0,0,0,0,0,0,0],"split_type":[0,0,0,0,0,0,0,0,0,0,0,0,0],"sum_hessian":[9E0,2E0,7E0,1E0,1E0,5E0,2E0,2E0,3E0,1E0,1E0,1E0,2E0],"tree_param":{"num_deleted":"0","num_feature":"2","num_nodes":"13","size_leaf_vector":"1"}},{"base_weights":[8.838594E-4,-3.866145E-1,1.4608526E-1,-4.5870285E-2,-1.21218925E-2,3.5978954E-3,3.823649E-1,-3.243637E-2,2.9724121E-2,1.1392975E-2,4.5961764E-2,-3.9318088E-3,-9.3364716E-4,8.8920596E-4,3.3704122E-3],"categories":[],"categories_nodes":[],"categories_segments":[],"categories_sizes":[],"default_left":[0,0,0,0,0,0,0,0,0,0,0,0,0,0,0],"id":61,"left_children":[1,3,5,-1,-1,7,9,11,13,-1,-1,-1,-1,-1,-1],"loss_changes":[6.1913174E-1,1.7923117E-3,2.6795918E-1,0E0,0E0,6.612779E-3,9.847909E-3,1.0980852E-4,3.1947624E-5,0E0,0E0,0E0,0E0,0E0,0E0],"parents":[2147483647,0,0,1,1,2,2,5,5,6,6,7,7,8,8],"right_children":[2,4,6,-1,-1,8,10,12,14,-1,-1,-1,-1,-1,-1],"split_conditions":[2.0249514E-1,9.805462E-2,7.951295E-1,-4.5870285E-2,-1.21218925E-2,5.0702965E-1,1E0,3.9765164E-1,6.1109036E-1,1.1392975E-2,4.5961764E-2,-3.9318088E-3,-9.3364716E-4,8.8920596E-4,3.3704122E-3],"split_indices":[0,0,0,0,0,0,0,0,0,0,0,0,0,0,0],"split_type":[0,0,0,0,0,0,0,0,0,0,0,0,0,0,0],"sum_hessian":[9E0,2E0,7E0,1E0,1E0,5E0,2E0,2E0,3E0,1E0,1E0,1E0,1E0,1E0,2E0],"tree_param":{"num_deleted":"0","num_feature":"2","num_nodes":"15","size_leaf_vector":"1"}},{"base_weights":[6.709993E-4,-3.6728385E-1,1.3857019E-1,-4.357677E-2,-1.1515808E-2,3.1374295E-3,3.6324564E-1,-3.081417E-2,2.7816772E-2,1.082325E-2,4.36636E-2,-3.7352087E-3,-8.869171E-4,8.447647E-4,3.1457264E-3],"categories":[],"categories_nodes":[],"categories_segments":[],"categories_sizes":[],"default_left":[0,0,0,0,0,0,0,0,0,0,0,0,0,0,0],"id":62,"left_children":[1,3,5,-1,-1,7,9,11,13,-1,-1,-1,-1,-1,-1],"loss_changes":[5.583013E-1,1.6174316E-3,2.4228768E-1,0E0,0E0,5.88457E-3,8.888304E-3,9.914138E-5,1.631258E-5,0E0,0E0,0E0,0E0,0E0,0E0],"parents":[2147483647,0,0,1,1,2,2,5,5,6,6,7,7,8,8],"right_children":[2,4,6,-1,-1,8,10,12,14,-1,-1,-1,-1,-1,-1],"split_conditions":[2.0249514E-1,9.805462E-2,7.951295E-1,-4.357677E-2,-1.1515808E-2,5.0702965E-1,1E0,3.9765164E-1,6.1109036E-1,1.082325E-2,4.36636E-2,-3.7352087E-3,-8.869171E-4,8.447647E-4,3.1457264E-3],"split_indices":[0,0,0,0,0,0,0,0,0,0,0,0,0,0,0],"split_type":[0,0,0,0,0,0,0,0,0,0,0,0,0,0,0],"sum_hessian":[9E0,2E0,7E0,1E0,1E0,5E0,2E0,2E0,3E0,1E0,1E0,1E0,1E0,1E0,2E0],"tree_param":{"num_deleted":"0","num_feature":"2","num_nodes":"15","size_leaf_vector":"1"}},{"base_weights":[4.8041344E-4,-3.4891972E-1,1.3144541E-1,-4.139793E-2,-1.0940027E-2,2.7186077E-3,3.4508386E-1,-2.9273352E-2,2.6032925E-2,1.0282136E-2,4.1480448E-2,-3.5484314E-3,-8.4257126E-4,8.0251694E-4,2.9360454E-3],"categories":[],"categories_nodes":[],"categories_segments":[],"categories_sizes":[],"default_left":[0,0,0,0,0,0,0,0,0,0,0,0,0,0,0],"id":63,"left_children":[1,3,5,-1,-1,7,9,11,13,-1,-1,-1,-1,-1,-1],"loss_changes":[5.034557E-1,1.4596581E-3,2.1906982E-1,0E0,0E0,5.2372953E-3,8.021295E-3,8.9470996E-5,4.062429E-6,0E0,0E0,0E0,0E0,0E0,0E0],"parents":[2147483647,0,0,1,1,2,2,5,5,6,6,7,7,8,8],"right_children":[2,4,6,-1,-1,8,10,12,14,-1,-1,-1,-1,-1,-1],"split_conditions":[2.0249514E-1,9.805462E-2,7.951295E-1,-4.139793E-2,-1.0940027E-2,5.0702965E-1,1E0,3.9765164E-1,6.1109036E-1,1.0282136E-2,4.1480448E-2,-3.5484314E-3,-8.4257126E-4,8.0251694E-4,2.9360454E-3],"split_indices":[0,0,0,0,0,0,0,0,0,0,0,0,0,0,0],"split_type":[0,0,0,0,0,0,0,0,0,0,0,0,0,0,0],"sum_hessian":[9E0,2E0,7E0,1E0,1E0,5E0,2E0,2E0,3E0,1E0,1E0,1E0,1E0,1E0,2E0],"tree_param":{"num_deleted":"0","num_feature":"2","num_nodes":"15","size_leaf_vector":"1"}},{"base_weights":[3.0983688E-4,-3.314737E-1,1.2468994E-1,-3.9328035E-2,-1.03930235E-2,2.3382504E-3,3.2783E-1,-2.7809462E-2,2.4364472E-3,9.768105E-3,3.9406396E-2,-3.3710003E-3,-8.0041884E-4],"categories":[],"categories_nodes":[],"categories_segments":[],"categories_sizes":[],"default_left":[0,0,0,0,0,0,0,0,0,0,0,0,0],"id":64,"left_children":[1,3,5,-1,-1,7,9,11,-1,-1,-1,-1,-1],"loss_changes":[4.5400414E-1,1.3173819E-3,1.9806969E-1,0E0,0E0,4.6618036E-3,7.2384477E-3,8.0764294E-5,0E0,0E0,0E0,0E0,0E0],"parents":[2147483647,0,0,1,1,2,2,5,5,6,6,7,7],"right_children":[2,4,6,-1,-1,8,10,12,-1,-1,-1,-1,-1],"split_conditions":[2.0249514E-1,9.805462E-2,7.951295E-1,-3.9328035E-2,-1.03930235E-2,5.0702965E-1,1E0,3.9765164E-1,2.4364472E-3,9.768105E-3,3.9406396E-2,-3.3710003E-3,-8.0041884E-4],"split_indices":[0,0,0,0,0,0,0,0,0,0,0,0,0],"split_type":[0,0,0,0,0,0,0,0,0,0,0,0,0],"sum_hessian":[9E0,2E0,7E0,1E0,1E0,5E0,2E0,2E0,3E0,1E0,1E0,1E0,1E0],"tree_param":{"num_deleted":"0","num_feature":"2","num_nodes":"13","size_leaf_vector":"1"}},{"base_weights":[5.0956012E-5,-3.1489998E-1,1.1815119E-1,-3.7361633E-2,-9.873367E-3,1.8157959E-3,3.1143823E-1,-2.6418686E-2,2.2537708E-2,9.279633E-3,3.7436105E-2,-3.2024384E-3,-7.603645E-4,6.4058305E-4,2.5779724E-3],"categories":[],"categories_nodes":[],"categories_segments":[],"categories_sizes":[],"default_left":[0,0,0,0,0,0,0,0,0,0,0,0,0,0,0],"id":65,"left_children":[1,3,5,-1,-1,7,9,11,13,-1,-1,-1,-1,-1,-1],"loss_changes":[4.0916356E-1,1.1889935E-3,1.793235E-1,0E0,0E0,4.1058515E-3,6.5333545E-3,7.291231E-5,4.4058776E-5,0E0,0E0,0E0,0E0,0E0,0E0],"parents":[2147483647,0,0,1,1,2,2,5,5,6,6,7,7,8,8],"right_children":[2,4,6,-1,-1,8,10,12,14,-1,-1,-1,-1,-1,-1],"split_conditions":[2.0249514E-1,9.805462E-2,7.951295E-1,-3.7361633E-2,-9.873367E-3,5.0702965E-1,1E0,3.9765164E-1,6.1109036E-1,9.279633E-3,3.7436105E-2,-3.2024384E-3,-7.603645E-4,6.4058305E-4,2.5779724E-3],"split_indices":[0,0,0,0,0,0,0,0,0,0,0,0,0,0,0],"split_type":[0,0,0,0,0,0,0,0,0,0,0,0,0,0,0],"sum_hessian":[9E0,2E0,7E0,1E0,1E0,5E0,2E0,2E0,3E0,1E0,1E0,1E0,1E0,1E0,2E0],"tree_param":{"num_deleted":"0","num_feature":"2","num_nodes":"15","size_leaf_vector":"1"}},{"base_weights":[-8.088946E-5,-2.9915497E-1,1.12082005E-1,-3.549355E-2,-9.379697E-3,1.5099844E-3,2.958654E-1,-2.5097528E-2,2.1088123E-2,8.815574E-3,3.5564233E-2,-3.0423165E-3,-7.2231295E-4,6.085396E-4,2.4060567E-3],"categories":[],"categories_nodes":[],"categories_segments":[],"categories_sizes":[],"default_left":[0,0,0,0,0,0,0,0,0,0,0,0,0,0,0],"id":66,"left_children":[1,3,5,-1,-1,7,9,11,13,-1,-1,-1,-1,-1,-1],"loss_changes":[3.6898005E-1,1.0730326E-3,1.6212365E-1,0E0,0E0,3.6548132E-3,5.8968067E-3,6.582716E-5,3.196101E-5,0E0,0E0,0E0,0E0,0E0,0E0],"parents":[2147483647,0,0,1,1,2,2,5,5,6,6,7,7,8,8],"right_children":[2,4,6,-1,-1,8,10,12,14,-1,-1,-1,-1,-1,-1],"split_conditions":[2.0249514E-1,9.805462E-2,7.951295E-1,-3.549355E-2,-9.379697E-3,5.0702965E-1,1E0,3.9765164E-1,6.1109036E-1,8.815574E-3,3.5564233E-2,-3.0423165E-3,-7.2231295E-4,6.085396E-4,2.4060567E-3],"split_indices":[0,0,0,0,0,0,0,0,0,0,0,0,0,0,0],"split_type":[0,0,0,0,0,0,0,0,0,0,0,0,0,0,0],"sum_hessian":[9E0,2E0,7E0,1E0,1E0,5E0,2E0,2E0,3E0,1E0,1E0,1E0,1E0,1E0,2E0],"tree_param":{"num_deleted":"0","num_feature":"2","num_nodes":"15","size_leaf_vector":"1"}},{"base_weights":[-1.9693375E-4,-2.8419718E-1,1.0632777E-1,-3.3718873E-2,-8.9107035E-3,1.2343725E-3,2.81072E-1,-2.3842493E-2,1.9733429E-2,8.374787E-3,3.378601E-2,-2.8902055E-3,-6.8616867E-4,5.781174E-4,2.2457123E-3],"categories":[],"categories_nodes":[],"categories_segments":[],"categories_sizes":[],"default_left":[0,0,0,0,0,0,0,0,0,0,0,0,0,0,0],"id":67,"left_children":[1,3,5,-1,-1,7,9,11,13,-1,-1,-1,-1,-1,-1],"loss_changes":[3.3274847E-1,9.6848607E-4,1.4656878E-1,0E0,0E0,3.2538844E-3,5.321935E-3,5.9429323E-5,2.2178167E-5,0E0,0E0,0E0,0E0,0E0,0E0],"parents":[2147483647,0,0,1,1,2,2,5,5,6,6,7,7,8,8],"right_children":[2,4,6,-1,-1,8,10,12,14,-1,-1,-1,-1,-1,-1],"split_conditions":[2.0249514E-1,9.805462E-2,7.951295E-1,-3.3718873E-2,-8.9107035E-3,5.0702965E-1,1E0,3.9765164E-1,6.1109036E-1,8.374787E-3,3.378601E-2,-2.8902055E-3,-6.8616867E-4,5.781174E-4,2.2457123E-3],"split_indices":[0,0,0,0,0,0,0,0,0,0,0,0,0,0,0],"split_type":[0,0,0,0,0,0,0,0,0,0,0,0,0,0,0],"sum_hessian":[9E0,2E0,7E0,1E0,1E0,5E0,2E0,2E0,3E0,1E0,1E0,1E0,1E0,1E0,2E0],"tree_param":{"num_deleted":"0","num_feature":"2","num_nodes":"15","size_leaf_vector":"1"}},{"base_weights":[-2.9904247E-4,-2.6998731E-1,1.00871444E-1,-3.203293E-2,-8.465171E-3,9.859403E-4,2.6701865E-1,-2.2650084E-2,1.8466473E-2,7.956124E-3,3.2096673E-2,-2.745676E-3,-6.518364E-4,5.4922106E-4,2.096049E-3],"categories":[],"categories_nodes":[],"categories_segments":[],"categories_sizes":[],"default_left":[0,0,0,0,0,0,0,0,0,0,0,0,0,0,0],"id":68,"left_children":[1,3,5,-1,-1,7,9,11,13,-1,-1,-1,-1,-1,-1],"loss_changes":[3.0007896E-1,8.740425E-4,1.3250229E-1,0E0,0E0,2.8972887E-3,4.802391E-3,5.3646858E-5,1.4312682E-5,0E0,0E0,0E0,0E0,0E0,0E0],"parents":[2147483647,0,0,1,1,2,2,5,5,6,6,7,7,8,8],"right_children":[2,4,6,-1,-1,8,10,12,14,-1,-1,-1,-1,-1,-1],"split_conditions":[2.0249514E-1,9.805462E-2,7.951295E-1,-3.203293E-2,-8.465171E-3,5.0702965E-1,1E0,3.9765164E-1,6.1109036E-1,7.956124E-3,3.2096673E-2,-2.745676E-3,-6.518364E-4,5.4922106E-4,2.096049E-3],"split_indices":[0,0,0,0,0,0,0,0,0,0,0,0,0,0,0],"split_type":[0,0,0,0,0,0,0,0,0,0,0,0,0,0,0],"sum_hessian":[9E0,2E0,7E0,1E0,1E0,5E0,2E0,2E0,3E0,1E0,1E0,1E0,1E0,1E0,2E0],"tree_param":{"num_deleted":"0","num_feature":"2","num_nodes":"15","size_leaf_vector":"1"}},{"base_weights":[-3.8902758E-4,-2.5648794E-1,9.569669E-2,-3.0431284E-2,-8.041906E-3,7.619858E-4,2.536672E-1,-2.1517435E-2,1.7281055E-2,7.5582503E-3,3.0491829E-2,-2.6083947E-3,-6.192207E-4,5.2175525E-4,1.956304E-3],"categories":[],"categories_nodes":[],"categories_segments":[],"categories_sizes":[],"default_left":[0,0,0,0,0,0,0,0,0,0,0,0,0,0,0],"id":69,"left_children":[1,3,5,-1,-1,7,9,11,13,-1,-1,-1,-1,-1,-1],"loss_changes":[2.706195E-1,7.888675E-4,1.19781785E-1,0E0,0E0,2.5800557E-3,4.3346137E-3,4.843122E-5,8.043717E-6,0E0,0E0,0E0,0E0,0E0,0E0],"parents":[2147483647,0,0,1,1,2,2,5,5,6,6,7,7,8,8],"right_children":[2,4,6,-1,-1,8,10,12,14,-1,-1,-1,-1,-1,-1],"split_conditions":[2.0249514E-1,9.805462E-2,7.951295E-1,-3.0431284E-2,-8.041906E-3,5.0702965E-1,1E0,3.9765164E-1,6.1109036E-1,7.5582503E-3,3.0491829E-2,-2.6083947E-3,-6.192207E-4,5.2175525E-4,1.956304E-3],"split_indices":[0,0,0,0,0,0,0,0,0,0,0,0,0,0,0],"split_type":[0,0,0,0,0,0,0,0,0,0,0,0,0,0,0],"sum_hessian":[9E0,2E0,7E0,1E0,1E0,5E0,2E0,2E0,3E0,1E0,1E0,1E0,1E0,1E0,2E0],"tree_param":{"num_deleted":"0","num_feature":"2","num_nodes":"15","size_leaf_vector":"1"}},{"base_weights":[-4.6732425E-4,-2.4366355E-1,9.0789676E-2,-2.8909719E-2,-7.6398137E-3,5.6060153E-4,2.409846E-1,-2.0441374E-2,1.6171932E-2,7.180405E-3,2.8967286E-2,-2.4779798E-3,-5.882263E-4,4.9562455E-4,1.8258414E-3],"categories":[],"categories_nodes":[],"categories_segments":[],"categories_sizes":[],"default_left":[0,0,0,0,0,0,0,0,0,0,0,0,0,0,0],"id":70,"left_children":[1,3,5,-1,-1,7,9,11,13,-1,-1,-1,-1,-1,-1],"loss_changes":[2.4405572E-1,7.119328E-4,1.08280495E-1,0E0,0E0,2.297789E-3,3.911644E-3,4.3729437E-5,3.1121308E-6,0E0,0E0,0E0,0E0,0E0,0E0],"parents":[2147483647,0,0,1,1,2,2,5,5,6,6,7,7,8,8],"right_children":[2,4,6,-1,-1,8,10,12,14,-1,-1,-1,-1,-1,-1],"split_conditions":[2.0249514E-1,9.805462E-2,7.951295E-1,-2.8909719E-2,-7.6398137E-3,5.0702965E-1,1E0,3.9765164E-1,6.1109036E-1,7.180405E-3,2.8967286E-2,-2.4779798E-3,-5.882263E-4,4.9562455E-4,1.8258414E-3],"split_indices":[0,0,0,0,0,0,0,0,0,0,0,0,0,0,0],"split_type":[0,0,0,0,0,0,0,0,0,0,0,0,0,0,0],"sum_hessian":[9E0,2E0,7E0,1E0,1E0,5E0,2E0,2E0,3E0,1E0,1E0,1E0,1E0,1E0,2E0],"tree_param":{"num_deleted":"0","num_feature":"2","num_nodes":"15","size_leaf_vector":"1"}},{"base_weights":[-5.3531525E-4,-2.3148035E-1,8.613598E-2,-2.7464231E-2,-7.257819E-3,3.8035712E-4,2.2893524E-1,-1.941967E-2,1.5135289E-3,6.821442E-3,2.7518844E-2,-2.3540973E-3,-5.5885315E-4],"categories":[],"categories_nodes":[],"categories_segments":[],"categories_sizes":[],"default_left":[0,0,0,0,0,0,0,0,0,0,0,0,0],"id":71,"left_children":[1,3,5,-1,-1,7,9,11,-1,-1,-1,-1,-1],"loss_changes":[2.2010185E-1,6.42553E-4,9.787963E-2,0E0,0E0,2.0468105E-3,3.5297424E-3,3.944745E-5,0E0,0E0,0E0,0E0,0E0],"parents":[2147483647,0,0,1,1,2,2,5,5,6,6,7,7],"right_children":[2,4,6,-1,-1,8,10,12,-1,-1,-1,-1,-1],"split_conditions":[2.0249514E-1,9.805462E-2,7.951295E-1,-2.7464231E-2,-7.257819E-3,5.0702965E-1,1E0,3.9765164E-1,1.5135289E-3,6.821442E-3,2.7518844E-2,-2.3540973E-3,-5.5885315E-4],"split_indices":[0,0,0,0,0,0,0,0,0,0,0,0,0],"split_type":[0,0,0,0,0,0,0,0,0,0,0,0,0],"sum_hessian":[9E0,2E0,7E0,1E0,1E0,5E0,2E0,2E0,3E0,1E0,1E0,1E0,1E0],"tree_param":{"num_deleted":"0","num_feature":"2","num_nodes":"13","size_leaf_vector":"1"}},{"base_weights":[-6.601691E-4,-2.1990629E-1,8.163965E-2,-2.6091022E-2,-6.8949223E-3,1.0855993E-4,2.174886E-1,-1.844883E-2,1.3999462E-2,6.480408E-3,2.6142884E-2,-2.236414E-3,-5.309105E-4,3.951073E-4,1.6031901E-3],"categories":[],"categories_nodes":[],"categories_segments":[],"categories_sizes":[],"default_left":[0,0,0,0,0,0,0,0,0,0,0,0,0,0,0],"id":72,"left_children":[1,3,5,-1,-1,7,9,11,13,-1,-1,-1,-1,-1,-1],"loss_changes":[1.9839224E-1,5.799234E-4,8.858369E-2,0E0,0E0,1.804947E-3,3.1853318E-3,3.5604695E-5,1.8347695E-5,0E0,0E0,0E0,0E0,0E0,0E0],"parents":[2147483647,0,0,1,1,2,2,5,5,6,6,7,7,8,8],"right_children":[2,4,6,-1,-1,8,10,12,14,-1,-1,-1,-1,-1,-1],"split_conditions":[2.0249514E-1,9.805462E-2,7.951295E-1,-2.6091022E-2,-6.8949223E-3,5.0702965E-1,1E0,3.9765164E-1,6.1109036E-1,6.480408E-3,2.6142884E-2,-2.236414E-3,-5.309105E-4,3.951073E-4,1.6031901E-3],"split_indices":[0,0,0,0,0,0,0,0,0,0,0,0,0,0,0],"split_type":[0,0,0,0,0,0,0,0,0,0,0,0,0,0,0],"sum_hessian":[9E0,2E0,7E0,1E0,1E0,5E0,2E0,2E0,3E0,1E0,1E0,1E0,1E0,1E0,2E0],"tree_param":{"num_deleted":"0","num_feature":"2","num_nodes":"15","size_leaf_vector":"1"}},{"base_weights":[-7.07528E-4,-2.0891093E-1,7.745719E-2,-2.478647E-2,-6.550169E-3,-3.083547E-5,2.0661418E-1,-1.7526627E-2,1.3098717E-2,6.156349E-3,2.4835778E-2,-2.1245957E-3,-5.0439837E-4,3.7536622E-4,1.4962514E-3],"categories":[],"categories_nodes":[],"categories_segments":[],"categories_sizes":[],"default_left":[0,0,0,0,0,0,0,0,0,0,0,0,0,0,0],"id":73,"left_children":[1,3,5,-1,-1,7,9,11,13,-1,-1,-1,-1,-1,-1],"loss_changes":[1.7892325E-1,5.234331E-4,8.007132E-2,0E0,0E0,1.6078477E-3,2.875045E-3,3.211695E-5,1.3504934E-5,0E0,0E0,0E0,0E0,0E0,0E0],"parents":[2147483647,0,0,1,1,2,2,5,5,6,6,7,7,8,8],"right_children":[2,4,6,-1,-1,8,10,12,14,-1,-1,-1,-1,-1,-1],"split_conditions":[2.0249514E-1,9.805462E-2,7.951295E-1,-2.478647E-2,-6.550169E-3,5.0702965E-1,1E0,3.9765164E-1,6.1109036E-1,6.156349E-3,2.4835778E-2,-2.1245957E-3,-5.0439837E-4,3.7536622E-4,1.4962514E-3],"split_indices":[0,0,0,0,0,0,0,0,0,0,0,0,0,0,0],"split_type":[0,0,0,0,0,0,0,0,0,0,0,0,0,0,0],"sum_hessian":[9E0,2E0,7E0,1E0,1E0,5E0,2E0,2E0,3E0,1E0,1E0,1E0,1E0,1E0,2E0],"tree_param":{"num_deleted":"0","num_feature":"2","num_nodes":"15","size_leaf_vector":"1"}},{"base_weights":[-7.4710546E-4,-1.9846533E-1,7.349062E-2,-2.3547148E-2,-6.2226537E-3,-1.5385945E-4,1.962827E-1,-1.6650518E-2,1.2257099E-2,5.848503E-3,2.3593903E-2,-2.0183565E-3,-4.7922134E-4,5.379359E-4,1.644516E-3],"categories":[],"categories_nodes":[],"categories_segments":[],"categories_sizes":[],"default_left":[0,0,0,0,0,0,0,0,0,0,0,0,0,0,0],"id":74,"left_children":[1,3,5,-1,-1,7,9,11,13,-1,-1,-1,-1,-1,-1],"loss_changes":[1.6136685E-1,4.7244132E-4,7.237387E-2,0E0,0E0,1.4325231E-3,2.5947466E-3,2.8963783E-5,2.6753172E-5,0E0,0E0,0E0,0E0,0E0,0E0],"parents":[2147483647,0,0,1,1,2,2,5,5,6,6,7,7,8,8],"right_children":[2,4,6,-1,-1,8,10,12,14,-1,-1,-1,-1,-1,-1],"split_conditions":[2.0249514E-1,9.805462E-2,7.951295E-1,-2.3547148E-2,-6.2226537E-3,5.0702965E-1,1E0,3.9765164E-1,7.082051E-1,5.848503E-3,2.3593903E-2,-2.0183565E-3,-4.7922134E-4,5.379359E-4,1.644516E-3],"split_indices":[0,0,0,0,0,0,0,0,0,0,0,0,0,0,0],"split_type":[0,0,0,0,0,0,0,0,0,0,0,0,0,0,0],"sum_hessian":[9E0,2E0,7E0,1E0,1E0,5E0,2E0,2E0,3E0,1E0,1E0,1E0,1E0,2E0,1E0],"tree_param":{"num_deleted":"0","num_feature":"2","num_nodes":"15","size_leaf_vector":"1"}},{"base_weights":[-7.3661807E-4,-1.8854205E-1,6.9782495E-2,-2.236979E-2,-5.9115174E-3,-1.9105275E-4,1.8646877E-1,-1.5818277E-2,1.1577129E-2,5.5561066E-3,2.2414207E-2,-1.9174576E-3,-4.552841E-4,5.0207775E-4,1.5623093E-3],"categories":[],"categories_nodes":[],"categories_segments":[],"categories_sizes":[],"default_left":[0,0,0,0,0,0,0,0,0,0,0,0,0,0,0],"id":75,"left_children":[1,3,5,-1,-1,7,9,11,13,-1,-1,-1,-1,-1,-1],"loss_changes":[1.4559565E-1,4.2640418E-4,6.535524E-2,0E0,0E0,1.2865545E-3,2.3416132E-3,2.6131689E-5,2.7666974E-5,0E0,0E0,0E0,0E0,0E0,0E0],"parents":[2147483647,0,0,1,1,2,2,5,5,6,6,7,7,8,8],"right_children":[2,4,6,-1,-1,8,10,12,14,-1,-1,-1,-1,-1,-1],"split_conditions":[2.0249514E-1,9.805462E-2,7.951295E-1,-2.236979E-2,-5.9115174E-3,5.0702965E-1,1E0,3.9765164E-1,7.082051E-1,5.5561066E-3,2.2414207E-2,-1.9174576E-3,-4.552841E-4,5.0207775E-4,1.5623093E-3],"split_indices":[0,0,0,0,0,0,0,0,0,0,0,0,0,0,0],"split_type":[0,0,0,0,0,0,0,0,0,0,0,0,0,0,0],"sum_hessian":[9E0,2E0,7E0,1E0,1E0,5E0,2E0,2E0,3E0,1E0,1E0,1E0,1E0,2E0,1E0],"tree_param":{"num_deleted":"0","num_feature":"2","num_nodes":"15","size_leaf_vector":"1"}},{"base_weights":[-7.2460773E-4,-1.79115E-1,6.6262364E-2,-2.12513E-2,-5.6159496E-3,-2.2300084E-4,1.7714565E-1,-1.5027046E-2,1.0935783E-2,5.278397E-3,2.129345E-2,-1.8215657E-3,-4.324913E-4,4.6863555E-4,1.4842034E-3],"categories":[],"categories_nodes":[],"categories_segments":[],"categories_sizes":[],"default_left":[0,0,0,0,0,0,0,0,0,0,0,0,0,0,0],"id":76,"left_children":[1,3,5,-1,-1,7,9,11,13,-1,-1,-1,-1,-1,-1],"loss_changes":[1.3136691E-1,3.8478523E-4,5.901642E-2,0E0,0E0,1.1555034E-3,2.1127686E-3,2.359366E-5,2.8092269E-5,0E0,0E0,0E0,0E0,0E0,0E0],"parents":[2147483647,0,0,1,1,2,2,5,5,6,6,7,7,8,8],"right_children":[2,4,6,-1,-1,8,10,12,14,-1,-1,-1,-1,-1,-1],"split_conditions":[2.0249514E-1,9.805462E-2,7.951295E-1,-2.12513E-2,-5.6159496E-3,5.0702965E-1,1E0,3.9765164E-1,7.082051E-1,5.278397E-3,2.129345E-2,-1.8215657E-3,-4.324913E-4,4.6863555E-4,1.4842034E-3],"split_indices":[0,0,0,0,0,0,0,0,0,0,0,0,0,0,0],"split_type":[0,0,0,0,0,0,0,0,0,0,0,0,0,0,0],"sum_hessian":[9E0,2E0,7E0,1E0,1E0,5E0,2E0,2E0,3E0,1E0,1E0,1E0,1E0,2E0,1E0],"tree_param":{"num_deleted":"0","num_feature":"2","num_nodes":"15","size_leaf_vector":"1"}},{"base_weights":[-7.1201025E-4,-1.7015933E-1,6.2919736E-2,-2.0188736E-2,-5.3351643E-3,-2.5097528E-4,1.6828792E-1,-1.4275551E-2,1.03302E-2,5.0144196E-3,2.0228768E-2,-1.7304898E-3,-4.108429E-4,4.3735505E-4,1.4100075E-3],"categories":[],"categories_nodes":[],"categories_segments":[],"categories_sizes":[],"default_left":[0,0,0,0,0,0,0,0,0,0,0,0,0,0,0],"id":77,"left_children":[1,3,5,-1,-1,7,9,11,13,-1,-1,-1,-1,-1,-1],"loss_changes":[1.1852867E-1,3.4721196E-4,5.32917E-2,0E0,0E0,1.0378483E-3,1.9070208E-3,2.1303305E-5,2.815589E-5,0E0,0E0,0E0,0E0,0E0,0E0],"parents":[2147483647,0,0,1,1,2,2,5,5,6,6,7,7,8,8],"right_children":[2,4,6,-1,-1,8,10,12,14,-1,-1,-1,-1,-1,-1],"split_conditions":[2.0249514E-1,9.805462E-2,7.951295E-1,-2.0188736E-2,-5.3351643E-3,5.0702965E-1,1E0,3.9765164E-1,7.082051E-1,5.0144196E-3,2.0228768E-2,-1.7304898E-3,-4.108429E-4,4.3735505E-4,1.4100075E-3],"split_indices":[0,0,0,0,0,0,0,0,0,0,0,0,0,0,0],"split_type":[0,0,0,0,0,0,0,0,0,0,0,0,0,0,0],"sum_hessian":[9E0,2E0,7E0,1E0,1E0,5E0,2E0,2E0,3E0,1E0,1E0,1E0,1E0,2E0,1E0],"tree_param":{"num_deleted":"0","num_feature":"2","num_nodes":"15","size_leaf_vector":"1"}},{"base_weights":[-6.979972E-4,-1.616513E-1,5.9746742E-2,-1.9179298E-2,-5.0683976E-3,-2.746582E-4,1.5987396E-1,-1.3561885E-2,9.759426E-3,4.763794E-3,1.9217301E-2,-1.6439438E-3,-3.9033892E-4,4.0823617E-4,1.3395309E-3],"categories":[],"categories_nodes":[],"categories_segments":[],"categories_sizes":[],"default_left":[0,0,0,0,0,0,0,0,0,0,0,0,0,0,0],"id":78,"left_children":[1,3,5,-1,-1,7,9,11,13,-1,-1,-1,-1,-1,-1],"loss_changes":[1.0694595E-1,3.1340122E-4,4.812212E-2,0E0,0E0,9.323071E-4,1.7206222E-3,1.9208994E-5,2.7880073E-5,0E0,0E0,0E0,0E0,0E0,0E0],"parents":[2147483647,0,0,1,1,2,2,5,5,6,6,7,7,8,8],"right_children":[2,4,6,-1,-1,8,10,12,14,-1,-1,-1,-1,-1,-1],"split_conditions":[2.0249514E-1,9.805462E-2,7.951295E-1,-1.9179298E-2,-5.0683976E-3,5.0702965E-1,1E0,3.9765164E-1,7.082051E-1,4.763794E-3,1.9217301E-2,-1.6439438E-3,-3.9033892E-4,4.0823617E-4,1.3395309E-3],"split_indices":[0,0,0,0,0,0,0,0,0,0,0,0,0,0,0],"split_type":[0,0,0,0,0,0,0,0,0,0,0,0,0,0,0],"sum_hessian":[9E0,2E0,7E0,1E0,1E0,5E0,2E0,2E0,3E0,1E0,1E0,1E0,1E0,2E0,1E0],"tree_param":{"num_deleted":"0","num_feature":"2","num_nodes":"15","size_leaf_vector":"1"}},{"base_weights":[-6.8355503E-4,-1.5356877E-1,5.6733847E-2,-1.8220333E-2,-4.8149824E-3,-2.9468536E-4,1.5187962E-1,-1.2883504E-2,9.2206E-3,4.525566E-3,1.825638E-2,-1.561737E-3,-3.707886E-4,3.8102467E-4,1.272583E-3],"categories":[],"categories_nodes":[],"categories_segments":[],"categories_sizes":[],"default_left":[0,0,0,0,0,0,0,0,0,0,0,0,0,0,0],"id":79,"left_children":[1,3,5,-1,-1,7,9,11,13,-1,-1,-1,-1,-1,-1],"loss_changes":[9.649527E-2,2.8280914E-4,4.3452956E-2,0E0,0E0,8.3751086E-4,1.5529543E-3,1.7347338E-5,2.7369562E-5,0E0,0E0,0E0,0E0,0E0,0E0],"parents":[2147483647,0,0,1,1,2,2,5,5,6,6,7,7,8,8],"right_children":[2,4,6,-1,-1,8,10,12,14,-1,-1,-1,-1,-1,-1],"split_conditions":[2.0249514E-1,9.805462E-2,7.951295E-1,-1.8220333E-2,-4.8149824E-3,5.0702965E-1,1E0,3.9765164E-1,7.082051E-1,4.525566E-3,1.825638E-2,-1.561737E-3,-3.707886E-4,3.8102467E-4,1.272583E-3],"split_indices":[0,0,0,0,0,0,0,0,0,0,0,0,0,0,0],"split_type":[0,0,0,0,0,0,0,0,0,0,0,0,0,0,0],"sum_hessian":[9E0,2E0,7E0,1E0,1E0,5E0,2E0,2E0,3E0,1E0,1E0,1E0,1E0,2E0,1E0],"tree_param":{"num_deleted":"0","num_feature":"2","num_nodes":"15","size_leaf_vector":"1"}},{"base_weights":[-6.684482E-4,-1.458903E-1,5.38733E-2,-1.7309317E-2,-4.5742276E-3,-3.118515E-4,1.4428584E-1,-1.2239456E-2,8.711815E-3,4.2993547E-3,1.7343521E-2,-1.4836312E-3,-3.522873E-4,3.5559337E-4,1.208973E-3],"categories":[],"categories_nodes":[],"categories_segments":[],"categories_sizes":[],"default_left":[0,0,0,0,0,0,0,0,0,0,0,0,0,0,0],"id":80,"left_children":[1,3,5,-1,-1,7,9,11,13,-1,-1,-1,-1,-1,-1],"loss_changes":[8.706612E-2,2.552718E-4,3.9237134E-2,0E0,0E0,7.524122E-4,1.4012307E-3,1.564069E-5,2.6674243E-5,0E0,0E0,0E0,0E0,0E0,0E0],"parents":[2147483647,0,0,1,1,2,2,5,5,6,6,7,7,8,8],"right_children":[2,4,6,-1,-1,8,10,12,14,-1,-1,-1,-1,-1,-1],"split_conditions":[2.0249514E-1,9.805462E-2,7.951295E-1,-1.7309317E-2,-4.5742276E-3,5.0702965E-1,1E0,3.9765164E-1,7.082051E-1,4.2993547E-3,1.7343521E-2,-1.4836312E-3,-3.522873E-4,3.5559337E-4,1.208973E-3],"split_indices":[0,0,0,0,0,0,0,0,0,0,0,0,0,0,0],"split_type":[0,0,0,0,0,0,0,0,0,0,0,0,0,0,0],"sum_hessian":[9E0,2E0,7E0,1E0,1E0,5E0,2E0,2E0,3E0,1E0,1E0,1E0,1E0,2E0,1E0],"tree_param":{"num_deleted":"0","num_feature":"2","num_nodes":"15","size_leaf_vector":"1"}},{"base_weights":[-6.523669E-4,-1.3859576E-1,5.115795E-2,-1.6443852E-2,-4.3455125E-3,-3.2552084E-4,1.3707225E-1,-1.1627197E-2,8.232117E-3,4.0843966E-3,1.6476441E-2,-1.4094353E-3,-3.346443E-4,3.3194225E-4,1.14851E-3],"categories":[],"categories_nodes":[],"categories_segments":[],"categories_sizes":[],"default_left":[0,0,0,0,0,0,0,0,0,0,0,0,0,0,0],"id":81,"left_children":[1,3,5,-1,-1,7,9,11,13,-1,-1,-1,-1,-1,-1],"loss_changes":[7.855918E-2,2.303943E-4,3.5429947E-2,0E0,0E0,6.760103E-4,1.2646765E-3,1.4123798E-5,2.579976E-5,0E0,0E0,0E0,0E0,0E0,0E0],"parents":[2147483647,0,0,1,1,2,2,5,5,6,6,7,7,8,8],"right_children":[2,4,6,-1,-1,8,10,12,14,-1,-1,-1,-1,-1,-1],"split_conditions":[2.0249514E-1,9.805462E-2,7.951295E-1,-1.6443852E-2,-4.3455125E-3,5.0702965E-1,1E0,3.9765164E-1,7.082051E-1,4.0843966E-3,1.6476441E-2,-1.4094353E-3,-3.346443E-4,3.3194225E-4,1.14851E-3],"split_indices":[0,0,0,0,0,0,0,0,0,0,0,0,0,0,0],"split_type":[0,0,0,0,0,0,0,0,0,0,0,0,0,0,0],"sum_hessian":[9E0,2E0,7E0,1E0,1E0,5E0,2E0,2E0,3E0,1E0,1E0,1E0,1E0,2E0,1E0],"tree_param":{"num_deleted":"0","num_feature":"2","num_nodes":"15","size_leaf_vector":"1"}},{"base_weights":[-6.364286E-4,-1.31666E-1,4.8579216E-2,-1.5621659E-2,-4.1282414E-3,-3.3696493E-4,1.302185E-1,-1.1046092E-2,7.7791214E-3,3.8801194E-3,1.5652657E-2,-1.3389587E-3,-3.17955E-4,3.09817E-4,1.0910988E-3],"categories":[],"categories_nodes":[],"categories_segments":[],"categories_sizes":[],"default_left":[0,0,0,0,0,0,0,0,0,0,0,0,0,0,0],"id":82,"left_children":[1,3,5,-1,-1,7,9,11,13,-1,-1,-1,-1,-1,-1],"loss_changes":[7.0883274E-2,2.079159E-4,3.199174E-2,0E0,0E0,6.0742605E-4,1.1416189E-3,1.2732751E-5,2.4836365E-5,0E0,0E0,0E0,0E0,0E0,0E0],"parents":[2147483647,0,0,1,1,2,2,5,5,6,6,7,7,8,8],"right_children":[2,4,6,-1,-1,8,10,12,14,-1,-1,-1,-1,-1,-1],"split_conditions":[2.0249514E-1,9.805462E-2,7.951295E-1,-1.5621659E-2,-4.1282414E-3,5.0702965E-1,1E0,3.9765164E-1,7.082051E-1,3.8801194E-3,1.5652657E-2,-1.3389587E-3,-3.17955E-4,3.09817E-4,1.0910988E-3],"split_indices":[0,0,0,0,0,0,0,0,0,0,0,0,0,0,0],"split_type":[0,0,0,0,0,0,0,0,0,0,0,0,0,0,0],"sum_hessian":[9E0,2E0,7E0,1E0,1E0,5E0,2E0,2E0,3E0,1E0,1E0,1E0,1E0,2E0,1E0],"tree_param":{"num_deleted":"0","num_feature":"2","num_nodes":"15","size_leaf_vector":"1"}},{"base_weights":[-6.196916E-4,-1.2508263E-1,4.6131372E-2,-1.4840576E-2,-3.921819E-3,-3.45548E-4,1.2370809E-1,-1.0493596E-2,7.3518753E-3,3.686142E-3,1.4870072E-2,-1.2720108E-3,-3.0202867E-4,2.8921766E-4,1.0365486E-3],"categories":[],"categories_nodes":[],"categories_segments":[],"categories_sizes":[],"default_left":[0,0,0,0,0,0,0,0,0,0,0,0,0,0,0],"id":83,"left_children":[1,3,5,-1,-1,7,9,11,13,-1,-1,-1,-1,-1,-1],"loss_changes":[6.395798E-2,1.8768013E-4,2.888696E-2,0E0,0E0,5.458306E-4,1.0302588E-3,1.1499826E-5,2.3780376E-5,0E0,0E0,0E0,0E0,0E0,0E0],"parents":[2147483647,0,0,1,1,2,2,5,5,6,6,7,7,8,8],"right_children":[2,4,6,-1,-1,8,10,12,14,-1,-1,-1,-1,-1,-1],"split_conditions":[2.0249514E-1,9.805462E-2,7.951295E-1,-1.4840576E-2,-3.921819E-3,5.0702965E-1,1E0,3.9765164E-1,7.082051E-1,3.686142E-3,1.4870072E-2,-1.2720108E-3,-3.0202867E-4,2.8921766E-4,1.0365486E-3],"split_indices":[0,0,0,0,0,0,0,0,0,0,0,0,0,0,0],"split_type":[0,0,0,0,0,0,0,0,0,0,0,0,0,0,0],"sum_hessian":[9E0,2E0,7E0,1E0,1E0,5E0,2E0,2E0,3E0,1E0,1E0,1E0,1E0,2E0,1E0],"tree_param":{"num_deleted":"0","num_feature":"2","num_nodes":"15","size_leaf_vector":"1"}},{"base_weights":[-6.0310063E-4,-1.18828446E-1,4.380679E-2,-1.4098547E-2,-3.7257194E-3,-3.525416E-4,1.1752319E-1,-9.969075E-3,6.947994E-3,3.501892E-3,1.4126587E-2,-1.2084007E-3,-2.869606E-4,2.6988983E-4,9.847641E-4],"categories":[],"categories_nodes":[],"categories_segments":[],"categories_sizes":[],"default_left":[0,0,0,0,0,0,0,0,0,0,0,0,0,0,0],"id":84,"left_children":[1,3,5,-1,-1,7,9,11,13,-1,-1,-1,-1,-1,-1],"loss_changes":[5.7709243E-2,1.6940758E-4,2.608357E-2,0E0,0E0,4.905002E-4,9.29635E-4,1.0368327E-5,2.2705717E-5,0E0,0E0,0E0,0E0,0E0,0E0],"parents":[2147483647,0,0,1,1,2,2,5,5,6,6,7,7,8,8],"right_children":[2,4,6,-1,-1,8,10,12,14,-1,-1,-1,-1,-1,-1],"split_conditions":[2.0249514E-1,9.805462E-2,7.951295E-1,-1.4098547E-2,-3.7257194E-3,5.0702965E-1,1E0,3.9765164E-1,7.082051E-1,3.501892E-3,1.4126587E-2,-1.2084007E-3,-2.869606E-4,2.6988983E-4,9.847641E-4],"split_indices":[0,0,0,0,0,0,0,0,0,0,0,0,0,0,0],"split_type":[0,0,0,0,0,0,0,0,0,0,0,0,0,0,0],"sum_hessian":[9E0,2E0,7E0,1E0,1E0,5E0,2E0,2E0,3E0,1E0,1E0,1E0,1E0,2E0,1E0],"tree_param":{"num_deleted":"0","num_feature":"2","num_nodes":"15","size_leaf_vector":"1"}},{"base_weights":[-5.8622955E-4,-1.12887084E-1,4.159987E-2,-1.339362E-2,-3.539443E-3,-3.5715103E-4,1.11647286E-1,-9.47094E-3,6.567478E-3,3.3267976E-3,1.3420296E-2,-1.1479855E-3,-2.7265548E-4,2.5196077E-4,9.355545E-4],"categories":[],"categories_nodes":[],"categories_segments":[],"categories_sizes":[],"default_left":[0,0,0,0,0,0,0,0,0,0,0,0,0,0,0],"id":85,"left_children":[1,3,5,-1,-1,7,9,11,13,-1,-1,-1,-1,-1,-1],"loss_changes":[5.2071437E-2,1.5285611E-4,2.3551721E-2,0E0,0E0,4.408578E-4,8.3903223E-4,9.346259E-6,2.1570624E-5,0E0,0E0,0E0,0E0,0E0,0E0],"parents":[2147483647,0,0,1,1,2,2,5,5,6,6,7,7,8,8],"right_children":[2,4,6,-1,-1,8,10,12,14,-1,-1,-1,-1,-1,-1],"split_conditions":[2.0249514E-1,9.805462E-2,7.951295E-1,-1.339362E-2,-3.539443E-3,5.0702965E-1,1E0,3.9765164E-1,7.082051E-1,3.3267976E-3,1.3420296E-2,-1.1479855E-3,-2.7265548E-4,2.5196077E-4,9.355545E-4],"split_indices":[0,0,0,0,0,0,0,0,0,0,0,0,0,0,0],"split_type":[0,0,0,0,0,0,0,0,0,0,0,0,0,0,0],"sum_hessian":[9E0,2E0,7E0,1E0,1E0,5E0,2E0,2E0,3E0,1E0,1E0,1E0,1E0,2E0,1E0],"tree_param":{"num_deleted":"0","num_feature":"2","num_nodes":"15","size_leaf_vector":"1"}},{"base_weights":[-5.6947174E-4,-1.07242696E-1,3.950417E-2,-1.27239395E-2,-3.362465E-3,-3.6032996E-4,1.0606512E-1,-8.997281E-3,6.207466E-3,3.1604767E-3,1.2749291E-2,-1.0905743E-3,-2.5901795E-4,2.3517609E-4,8.887291E-4],"categories":[],"categories_nodes":[],"categories_segments":[],"categories_sizes":[],"default_left":[0,0,0,0,0,0,0,0,0,0,0,0,0,0,0],"id":86,"left_children":[1,3,5,-1,-1,7,9,11,13,-1,-1,-1,-1,-1,-1],"loss_changes":[4.698438E-2,1.3796985E-4,2.126557E-2,0E0,0E0,3.9620473E-4,7.571764E-4,8.435294E-6,2.0429681E-5,0E0,0E0,0E0,0E0,0E0,0E0],"parents":[2147483647,0,0,1,1,2,2,5,5,6,6,7,7,8,8],"right_children":[2,4,6,-1,-1,8,10,12,14,-1,-1,-1,-1,-1,-1],"split_conditions":[2.0249514E-1,9.805462E-2,7.951295E-1,-1.27239395E-2,-3.362465E-3,5.0702965E-1,1E0,3.9765164E-1,7.082051E-1,3.1604767E-3,1.2749291E-2,-1.0905743E-3,-2.5901795E-4,2.3517609E-4,8.887291E-4],"split_indices":[0,0,0,0,0,0,0,0,0,0,0,0,0,0,0],"split_type":[0,0,0,0,0,0,0,0,0,0,0,0,0,0,0],"sum_hessian":[9E0,2E0,7E0,1E0,1E0,5E0,2E0,2E0,3E0,1E0,1E0,1E0,1E0,2E0,1E0],"tree_param":{"num_deleted":"0","num_feature":"2","num_nodes":"15","size_leaf_vector":"1"}},{"base_weights":[-5.523041E-4,-1.018805E-1,3.7514806E-2,-1.2087743E-2,-3.1943321E-3,-3.616015E-4,1.0076269E-1,-8.547147E-3,5.867958E-3,3.0025484E-3,1.2111855E-2,-1.0360241E-3,-2.4604797E-4,2.1953582E-4,8.4428786E-4],"categories":[],"categories_nodes":[],"categories_segments":[],"categories_sizes":[],"default_left":[0,0,0,0,0,0,0,0,0,0,0,0,0,0,0],"id":87,"left_children":[1,3,5,-1,-1,7,9,11,13,-1,-1,-1,-1,-1,-1],"loss_changes":[4.239474E-2,1.245495E-4,1.9201256E-2,0E0,0E0,3.5610836E-4,6.831065E-4,7.615934E-6,1.9291474E-5,0E0,0E0,0E0,0E0,0E0,0E0],"parents":[2147483647,0,0,1,1,2,2,5,5,6,6,7,7,8,8],"right_children":[2,4,6,-1,-1,8,10,12,14,-1,-1,-1,-1,-1,-1],"split_conditions":[2.0249514E-1,9.805462E-2,7.951295E-1,-1.2087743E-2,-3.1943321E-3,5.0702965E-1,1E0,3.9765164E-1,7.082051E-1,3.0025484E-3,1.2111855E-2,-1.0360241E-3,-2.4604797E-4,2.1953582E-4,8.4428786E-4],"split_indices":[0,0,0,0,0,0,0,0,0,0,0,0,0,0,0],"split_type":[0,0,0,0,0,0,0,0,0,0,0,0,0,0,0],"sum_hessian":[9E0,2E0,7E0,1E0,1E0,5E0,2E0,2E0,3E0,1E0,1E0,1E0,1E0,2E0,1E0],"tree_param":{"num_deleted":"0","num_feature":"2","num_nodes":"15","size_leaf_vector":"1"}},{"base_weights":[-5.356699E-4,-9.678647E-2,3.562534E-2,-1.1483355E-2,-3.0346157E-3,-3.619194E-4,9.572474E-2,-8.119901E-3,5.5470467E-3,2.8524399E-3,1.1506272E-2,-9.842396E-4,-2.3374558E-4,2.0491284E-4,8.020401E-4],"categories":[],"categories_nodes":[],"categories_segments":[],"categories_sizes":[],"default_left":[0,0,0,0,0,0,0,0,0,0,0,0,0,0,0],"id":88,"left_children":[1,3,5,-1,-1,7,9,11,13,-1,-1,-1,-1,-1,-1],"loss_changes":[3.825331E-2,1.12403184E-4,1.7337147E-2,0E0,0E0,3.2009138E-4,6.1646104E-4,6.8745285E-6,1.817153E-5,0E0,0E0,0E0,0E0,0E0,0E0],"parents":[2147483647,0,0,1,1,2,2,5,5,6,6,7,7,8,8],"right_children":[2,4,6,-1,-1,8,10,12,14,-1,-1,-1,-1,-1,-1],"split_conditions":[2.0249514E-1,9.805462E-2,7.951295E-1,-1.1483355E-2,-3.0346157E-3,5.0702965E-1,1E0,3.9765164E-1,7.082051E-1,2.8524399E-3,1.1506272E-2,-9.842396E-4,-2.3374558E-4,2.0491284E-4,8.020401E-4],"split_indices":[0,0,0,0,0,0,0,0,0,0,0,0,0,0,0],"split_type":[0,0,0,0,0,0,0,0,0,0,0,0,0,0,0],"sum_hessian":[9E0,2E0,7E0,1E0,1E0,5E0,2E0,2E0,3E0,1E0,1E0,1E0,1E0,2E0,1E0],"tree_param":{"num_deleted":"0","num_feature":"2","num_nodes":"15","size_leaf_vector":"1"}},{"base_weights":[-5.1896425E-4,-9.194715E-2,3.3831477E-2,-1.0909188E-2,-2.882886E-3,-3.6064783E-4,9.093857E-2,-7.713636E-3,5.244255E-3,2.7097703E-3,1.0931015E-2,-9.3503E-4,-2.2201538E-4,1.9130707E-4,7.6189043E-4],"categories":[],"categories_nodes":[],"categories_segments":[],"categories_sizes":[],"default_left":[0,0,0,0,0,0,0,0,0,0,0,0,0,0,0],"id":89,"left_children":[1,3,5,-1,-1,7,9,11,13,-1,-1,-1,-1,-1,-1],"loss_changes":[3.4516696E-2,1.0144152E-4,1.56537E-2,0E0,0E0,2.8772897E-4,5.5651926E-4,6.213857E-6,1.7066079E-5,0E0,0E0,0E0,0E0,0E0,0E0],"parents":[2147483647,0,0,1,1,2,2,5,5,6,6,7,7,8,8],"right_children":[2,4,6,-1,-1,8,10,12,14,-1,-1,-1,-1,-1,-1],"split_conditions":[2.0249514E-1,9.805462E-2,7.951295E-1,-1.0909188E-2,-2.882886E-3,5.0702965E-1,1E0,3.9765164E-1,7.082051E-1,2.7097703E-3,1.0931015E-2,-9.3503E-4,-2.2201538E-4,1.9130707E-4,7.6189043E-4],"split_indices":[0,0,0,0,0,0,0,0,0,0,0,0,0,0,0],"split_type":[0,0,0,0,0,0,0,0,0,0,0,0,0,0,0],"sum_hessian":[9E0,2E0,7E0,1E0,1E0,5E0,2E0,2E0,3E0,1E0,1E0,1E0,1E0,2E0,1E0],"tree_param":{"num_deleted":"0","num_feature":"2","num_nodes":"15","size_leaf_vector":"1"}},{"base_weights":[-5.025506E-4,-8.734977E-2,3.2127976E-2,-1.0363728E-2,-2.7387382E-3,-3.584226E-4,8.639145E-2,-7.3283515E-3,4.9586296E-3,2.5743486E-3,1.0384369E-2,-8.8829995E-4,-2.1095276E-4,1.785914E-4,7.238388E-4],"categories":[],"categories_nodes":[],"categories_segments":[],"categories_sizes":[],"default_left":[0,0,0,0,0,0,0,0,0,0,0,0,0,0,0],"id":90,"left_children":[1,3,5,-1,-1,7,9,11,13,-1,-1,-1,-1,-1,-1],"loss_changes":[3.1145077E-2,9.155832E-5,1.4133564E-2,0E0,0E0,2.5869542E-4,5.020313E-4,5.6013814E-6,1.600496E-5,0E0,0E0,0E0,0E0,0E0,0E0],"parents":[2147483647,0,0,1,1,2,2,5,5,6,6,7,7,8,8],"right_children":[2,4,6,-1,-1,8,10,12,14,-1,-1,-1,-1,-1,-1],"split_conditions":[2.0249514E-1,9.805462E-2,7.951295E-1,-1.0363728E-2,-2.7387382E-3,5.0702965E-1,1E0,3.9765164E-1,7.082051E-1,2.5743486E-3,1.0384369E-2,-8.8829995E-4,-2.1095276E-4,1.785914E-4,7.238388E-4],"split_indices":[0,0,0,0,0,0,0,0,0,0,0,0,0,0,0],"split_type":[0,0,0,0,0,0,0,0,0,0,0,0,0,0,0],"sum_hessian":[9E0,2E0,7E0,1E0,1E0,5E0,2E0,2E0,3E0,1E0,1E0,1E0,1E0,2E0,1E0],"tree_param":{"num_deleted":"0","num_feature":"2","num_nodes":"15","size_leaf_vector":"1"}},{"base_weights":[-4.8632323E-4,-8.298221E-2,3.0510426E-2,-9.845542E-3,-2.6017905E-3,-3.5540262E-4,8.207194E-2,-6.9618225E-3,4.688263E-3,2.4456026E-3,9.865189E-3,-8.439064E-4,-2.0036698E-4,1.666387E-4,6.876946E-4],"categories":[],"categories_nodes":[],"categories_segments":[],"categories_sizes":[],"default_left":[0,0,0,0,0,0,0,0,0,0,0,0,0,0,0],"id":91,"left_children":[1,3,5,-1,-1,7,9,11,13,-1,-1,-1,-1,-1,-1],"loss_changes":[2.8102865E-2,8.265674E-5,1.2761081E-2,0E0,0E0,2.3256229E-4,4.5317225E-4,5.0640665E-6,1.4996054E-5,0E0,0E0,0E0,0E0,0E0,0E0],"parents":[2147483647,0,0,1,1,2,2,5,5,6,6,7,7,8,8],"right_children":[2,4,6,-1,-1,8,10,12,14,-1,-1,-1,-1,-1,-1],"split_conditions":[2.0249514E-1,9.805462E-2,7.951295E-1,-9.845542E-3,-2.6017905E-3,5.0702965E-1,1E0,3.9765164E-1,7.082051E-1,2.4456026E-3,9.865189E-3,-8.439064E-4,-2.0036698E-4,1.666387E-4,6.876946E-4],"split_indices":[0,0,0,0,0,0,0,0,0,0,0,0,0,0,0],"split_type":[0,0,0,0,0,0,0,0,0,0,0,0,0,0,0],"sum_hessian":[9E0,2E0,7E0,1E0,1E0,5E0,2E0,2E0,3E0,1E0,1E0,1E0,1E0,2E0,1E0],"tree_param":{"num_deleted":"0","num_feature":"2","num_nodes":"15","size_leaf_vector":"1"}},{"base_weights":[-4.7022552E-4,-7.8833155E-2,2.8974652E-2,-9.353264E-3,-2.4717094E-3,-3.51429E-4,7.79686E-2,-6.6137314E-3,4.433155E-3,2.3233413E-3,9.371948E-3,-8.0170634E-4,-1.903534E-4,1.5557608E-4,6.532669E-4],"categories":[],"categories_nodes":[],"categories_segments":[],"categories_sizes":[],"default_left":[0,0,0,0,0,0,0,0,0,0,0,0,0,0,0],"id":92,"left_children":[1,3,5,-1,-1,7,9,11,13,-1,-1,-1,-1,-1,-1],"loss_changes":[2.5358032E-2,7.458031E-5,1.1521803E-2,0E0,0E0,2.0909477E-4,4.089605E-4,4.569156E-6,1.4001249E-5,0E0,0E0,0E0,0E0,0E0,0E0],"parents":[2147483647,0,0,1,1,2,2,5,5,6,6,7,7,8,8],"right_children":[2,4,6,-1,-1,8,10,12,14,-1,-1,-1,-1,-1,-1],"split_conditions":[2.0249514E-1,9.805462E-2,7.951295E-1,-9.353264E-3,-2.4717094E-3,5.0702965E-1,1E0,3.9765164E-1,7.082051E-1,2.3233413E-3,9.371948E-3,-8.0170634E-4,-1.903534E-4,1.5557608E-4,6.532669E-4],"split_indices":[0,0,0,0,0,0,0,0,0,0,0,0,0,0,0],"split_type":[0,0,0,0,0,0,0,0,0,0,0,0,0,0,0],"sum_hessian":[9E0,2E0,7E0,1E0,1E0,5E0,2E0,2E0,3E0,1E0,1E0,1E0,1E0,2E0,1E0],"tree_param":{"num_deleted":"0","num_feature":"2","num_nodes":"15","size_leaf_vector":"1"}},{"base_weights":[-4.5471787E-4,-2.8344639E-2,7.406998E-2,-7.4891426E-2,-3.4713745E-4,2.207184E-3,8.9033125E-3,-8.885602E-3,-2.348113E-3,-6.2828064E-3,4.1913986E-3,-7.6160434E-4,-1.8081666E-4,1.4514923E-4,6.205559E-4],"categories":[],"categories_nodes":[],"categories_segments":[],"categories_sizes":[],"default_left":[0,0,0,0,0,0,0,0,0,0,0,0,0,0,0],"id":93,"left_children":[1,3,5,7,9,-1,-1,-1,-1,11,13,-1,-1,-1,-1],"loss_changes":[2.2884363E-2,1.0399552E-2,3.6904588E-4,6.73309E-5,1.8796921E-4,0E0,0E0,0E0,0E0,4.1261883E-6,1.3067125E-5,0E0,0E0,0E0,0E0],"parents":[2147483647,0,0,1,1,2,2,3,3,4,4,9,9,10,10],"right_children":[2,4,6,8,10,-1,-1,-1,-1,12,14,-1,-1,-1,-1],"split_conditions":[7.951295E-1,2.0249514E-1,1E0,9.805462E-2,5.0702965E-1,2.207184E-3,8.9033125E-3,-8.885602E-3,-2.348113E-3,3.9765164E-1,7.082051E-1,-7.6160434E-4,-1.8081666E-4,1.4514923E-4,6.205559E-4],"split_indices":[0,0,0,0,0,0,0,0,0,0,0,0,0,0,0],"split_type":[0,0,0,0,0,0,0,0,0,0,0,0,0,0,0],"sum_hessian":[9E0,7E0,2E0,2E0,5E0,1E0,1E0,1E0,1E0,2E0,3E0,1E0,1E0,2E0,1E0],"tree_param":{"num_deleted":"0","num_feature":"2","num_nodes":"15","size_leaf_vector":"1"}},{"base_weights":[-4.39246E-4,-2.6936272E-2,7.0365906E-2,-7.114691E-2,-3.4157434E-4,2.0967484E-3,8.4581375E-3,-8.441321E-3,-2.2307157E-3,-5.968412E-3,3.9639473E-3,-7.2350504E-4,-1.7175675E-4,1.3548533E-4,5.895615E-4],"categories":[],"categories_nodes":[],"categories_segments":[],"categories_sizes":[],"default_left":[0,0,0,0,0,0,0,0,0,0,0,0,0,0,0],"id":94,"left_children":[1,3,5,7,9,-1,-1,-1,-1,11,13,-1,-1,-1,-1],"loss_changes":[2.0656655E-2,9.381846E-3,3.3320673E-4,6.075017E-5,1.690173E-4,0E0,0E0,0E0,0E0,3.7261561E-6,1.2171913E-5,0E0,0E0,0E0,0E0],"parents":[2147483647,0,0,1,1,2,2,3,3,4,4,9,9,10,10],"right_children":[2,4,6,8,10,-1,-1,-1,-1,12,14,-1,-1,-1,-1],"split_conditions":[7.951295E-1,2.0249514E-1,1E0,9.805462E-2,5.0702965E-1,2.0967484E-3,8.4581375E-3,-8.441321E-3,-2.2307157E-3,3.9765164E-1,7.082051E-1,-7.2350504E-4,-1.7175675E-4,1.3548533E-4,5.895615E-4],"split_indices":[0,0,0,0,0,0,0,0,0,0,0,0,0,0,0],"split_type":[0,0,0,0,0,0,0,0,0,0,0,0,0,0,0],"sum_hessian":[9E0,7E0,2E0,2E0,5E0,1E0,1E0,1E0,1E0,2E0,3E0,1E0,1E0,2E0,1E0],"tree_param":{"num_deleted":"0","num_feature":"2","num_nodes":"15","size_leaf_vector":"1"}},{"base_weights":[-4.240483E-4,-2.5597867E-2,6.684748E-2,-6.758959E-2,-3.3569336E-4,1.9918443E-3,8.035279E-3,-8.0192555E-3,-2.1191835E-3,-5.669912E-3,3.7488937E-3,-6.873131E-4,-1.6317368E-4,1.2645722E-4,5.600929E-4],"categories":[],"categories_nodes":[],"categories_segments":[],"categories_sizes":[],"default_left":[0,0,0,0,0,0,0,0,0,0,0,0,0,0,0],"id":95,"left_children":[1,3,5,7,9,-1,-1,-1,-1,11,13,-1,-1,-1,-1],"loss_changes":[1.8645966E-2,8.463729E-3,3.0087028E-4,5.481951E-5,1.5198436E-4,0E0,0E0,0E0,0E0,3.3612887E-6,1.132143E-5,0E0,0E0,0E0,0E0],"parents":[2147483647,0,0,1,1,2,2,3,3,4,4,9,9,10,10],"right_children":[2,4,6,8,10,-1,-1,-1,-1,12,14,-1,-1,-1,-1],"split_conditions":[7.951295E-1,2.0249514E-1,1E0,9.805462E-2,5.0702965E-1,1.9918443E-3,8.035279E-3,-8.0192555E-3,-2.1191835E-3,3.9765164E-1,7.082051E-1,-6.873131E-4,-1.6317368E-4,1.2645722E-4,5.600929E-4],"split_indices":[0,0,0,0,0,0,0,0,0,0,0,0,0,0,0],"split_type":[0,0,0,0,0,0,0,0,0,0,0,0,0,0,0],"sum_hessian":[9E0,7E0,2E0,2E0,5E0,1E0,1E0,1E0,1E0,2E0,3E0,1E0,1E0,2E0,1E0],"tree_param":{"num_deleted":"0","num_feature":"2","num_nodes":"15","size_leaf_vector":"1"}},{"base_weights":[-4.0880888E-4,-2.432569E-2,6.3505806E-2,-6.4210154E-2,-3.2917658E-4,1.8922806E-3,7.6335906E-3,-7.6182927E-3,-2.0132305E-3,-5.3860345E-3,3.545761E-3,-6.5293314E-4,-1.5497208E-4,1.1806488E-4,5.320549E-4],"categories":[],"categories_nodes":[],"categories_segments":[],"categories_sizes":[],"default_left":[0,0,0,0,0,0,0,0,0,0,0,0,0,0,0],"id":96,"left_children":[1,3,5,7,9,-1,-1,-1,-1,11,13,-1,-1,-1,-1],"loss_changes":[1.6831206E-2,7.635568E-3,2.7152337E-4,4.9464405E-5,1.3666764E-4,0E0,0E0,0E0,0E0,3.039495E-6,1.0508589E-5,0E0,0E0,0E0,0E0],"parents":[2147483647,0,0,1,1,2,2,3,3,4,4,9,9,10,10],"right_children":[2,4,6,8,10,-1,-1,-1,-1,12,14,-1,-1,-1,-1],"split_conditions":[7.951295E-1,2.0249514E-1,1E0,9.805462E-2,5.0702965E-1,1.8922806E-3,7.6335906E-3,-7.6182927E-3,-2.0132305E-3,3.9765164E-1,7.082051E-1,-6.5293314E-4,-1.5497208E-4,1.1806488E-4,5.320549E-4],"split_indices":[0,0,0,0,0,0,0,0,0,0,0,0,0,0,0],"split_type":[0,0,0,0,0,0,0,0,0,0,0,0,0,0,0],"sum_hessian":[9E0,7E0,2E0,2E0,5E0,1E0,1E0,1E0,1E0,2E0,3E0,1E0,1E0,2E0,1E0],"tree_param":{"num_deleted":"0","num_feature":"2","num_nodes":"15","size_leaf_vector":"1"}},{"base_weights":[-3.9427876E-4,-2.3116864E-2,6.0330708E-2,-6.099965E-2,-3.2265982E-4,1.7976761E-3,7.2519304E-3,-7.237378E-3,-1.91257E-3,-5.1167808E-3,3.3535957E-3,-6.202698E-4,-1.4724732E-4,1.1018118E-4,5.054474E-4],"categories":[],"categories_nodes":[],"categories_segments":[],"categories_sizes":[],"default_left":[0,0,0,0,0,0,0,0,0,0,0,0,0,0,0],"id":97,"left_children":[1,3,5,7,9,-1,-1,-1,-1,11,13,-1,-1,-1,-1],"loss_changes":[1.5192945E-2,6.888382E-3,2.4504215E-4,4.4639222E-5,1.2290609E-4,0E0,0E0,0E0,0E0,2.7389397E-6,9.750962E-6,0E0,0E0,0E0,0E0],"parents":[2147483647,0,0,1,1,2,2,3,3,4,4,9,9,10,10],"right_children":[2,4,6,8,10,-1,-1,-1,-1,12,14,-1,-1,-1,-1],"split_conditions":[7.951295E-1,2.0249514E-1,1E0,9.805462E-2,5.0702965E-1,1.7976761E-3,7.2519304E-3,-7.237378E-3,-1.91257E-3,3.9765164E-1,7.082051E-1,-6.202698E-4,-1.4724732E-4,1.1018118E-4,5.054474E-4],"split_indices":[0,0,0,0,0,0,0,0,0,0,0,0,0,0,0],"split_type":[0,0,0,0,0,0,0,0,0,0,0,0,0,0,0],"sum_hessian":[9E0,7E0,2E0,2E0,5E0,1E0,1E0,1E0,1E0,2E0,3E0,1E0,1E0,2E0,1E0],"tree_param":{"num_deleted":"0","num_feature":"2","num_nodes":"15","size_leaf_vector":"1"}},{"base_weights":[-3.8012266E-4,-2.1968111E-2,5.7314556E-2,-5.7949662E-2,-3.159841E-4,1.70784E-3,6.8893433E-3,-6.875509E-3,-1.8169404E-3,-4.861196E-3,3.1719208E-3,-5.892754E-4,-1.3990402E-4,1.02806094E-4,4.8017502E-4],"categories":[],"categories_nodes":[],"categories_segments":[],"categories_sizes":[],"default_left":[0,0,0,0,0,0,0,0,0,0,0,0,0,0,0],"id":98,"left_children":[1,3,5,7,9,-1,-1,-1,-1,11,13,-1,-1,-1,-1],"loss_changes":[1.3714214E-2,6.2143053E-3,2.2107828E-4,4.0289946E-5,1.1053893E-4,0E0,0E0,0E0,0E0,2.4700348E-6,9.04001E-6,0E0,0E0,0E0,0E0],"parents":[2147483647,0,0,1,1,2,2,3,3,4,4,9,9,10,10],"right_children":[2,4,6,8,10,-1,-1,-1,-1,12,14,-1,-1,-1,-1],"split_conditions":[7.951295E-1,2.0249514E-1,1E0,9.805462E-2,5.0702965E-1,1.70784E-3,6.8893433E-3,-6.875509E-3,-1.8169404E-3,3.9765164E-1,7.082051E-1,-5.892754E-4,-1.3990402E-4,1.02806094E-4,4.8017502E-4],"split_indices":[0,0,0,0,0,0,0,0,0,0,0,0,0,0,0],"split_type":[0,0,0,0,0,0,0,0,0,0,0,0,0,0,0],"sum_hessian":[9E0,7E0,2E0,2E0,5E0,1E0,1E0,1E0,1E0,2E0,3E0,1E0,1E0,2E0,1E0],"tree_param":{"num_deleted":"0","num_feature":"2","num_nodes":"15","size_leaf_vector":"1"}},{"base_weights":[-3.665328E-4,-2.0876333E-2,5.4448444E-2,-5.505224E-2,-3.0899048E-4,1.6223908E-3,6.5448764E-3,-6.5317336E-3,-1.7261029E-3,-4.6183267E-3,3.0002594E-3,-5.598068E-4,-1.3294221E-4,9.5939635E-5,4.5614244E-4],"categories":[],"categories_nodes":[],"categories_segments":[],"categories_sizes":[],"default_left":[0,0,0,0,0,0,0,0,0,0,0,0,0,0,0],"id":99,"left_children":[1,3,5,7,9,-1,-1,-1,-1,11,13,-1,-1,-1,-1],"loss_changes":[1.2379126E-2,5.606251E-3,1.996113E-4,3.6345795E-5,9.9420206E-5,0E0,0E0,0E0,0E0,2.2246313E-6,8.368279E-6,0E0,0E0,0E0,0E0],"parents":[2147483647,0,0,1,1,2,2,3,3,4,4,9,9,10,10],"right_children":[2,4,6,8,10,-1,-1,-1,-1,12,14,-1,-1,-1,-1],"split_conditions":[7.951295E-1,2.0249514E-1,1E0,9.805462E-2,5.0702965E-1,1.6223908E-3,6.5448764E-3,-6.5317336E-3,-1.7261029E-3,3.9765164E-1,7.082051E-1,-5.598068E-4,-1.3294221E-4,9.5939635E-5,4.5614244E-4],"split_indices":[0,0,0,0,0,0,0,0,0,0,0,0,0,0,0],"split_type":[0,0,0,0,0,0,0,0,0,0,0,0,0,0,0],"sum_hessian":[9E0,7E0,2E0,2E0,5E0,1E0,1E0,1E0,1E0,2E0,3E0,1E0,1E0,2E0,1E0],"tree_param":{"num_deleted":"0","num_feature":"2","num_nodes":"15","size_leaf_vector":"1"}}]},"name":"gbtree"},"learner_model_param":{"base_score":"2.1622223E1","boost_from_average":"1","num_class":"0","num_feature":"2","num_target":"1"},"objective":{"name":"reg:squarederror","reg_loss_param":{"scale_pos_weight":"1"}}},"version":[2,0,1]}