{"learner":{"attributes":{"scikit_learn":"{\"_estimator_type\": \"regressor\"}"},"feature_names":[],"feature_types":[],"gradient_booster":{"model":{"gbtree_model_param":{"num_parallel_tree":"1","num_trees":"100"},"iteration_indptr":[0,1,2,3,4,5,6,7,8,9,10,11,12,13,14,15,16,17,18,19,20,21,22,23,24,25,26,27,28,29,30,31,32,33,34,35,36,37,38,39,40,41,42,43,44,45,46,47,48,49,50,51,52,53,54,55,56,57,58,59,60,61,62,63,64,65,66,67,68,69,70,71,72,73,74,75,76,77,78,79,80,81,82,83,84,85,86,87,88,89,90,91,92,93,94,95,96,97,98,99,100],"tree_info":[0,0,0,0,0,0,0,0,0,0,0,0,0,0,0,0,0,0,0,0,0,0,0,0,0,0,0,0,0,0,0,0,0,0,0,0,0,0,0,0,0,0,0,0,0,0,0,0,0,0,0,0,0,0,0,0,0,0,0,0,0,0,0,0,0,0,0,0,0,0,0,0,0,0,0,0,0,0,0,0,0,0,0,0,0,0,0,0,0,0,0,0,0,0,0,0,0,0,0,0],"trees":[{"base_weights":[1.5258789E-6,-1.1037776E1,9.19815E0,-1.2191666E0,-3.2111093E-1,1.5388909E-1,1.0422224E0],"categories":[],"categories_nodes":[],"categories_segments":[],"categories_sizes":[],"default_left":[0,0,0,0,0,0,0],"id":0,"left_children":[1,3,5,-1,-1,-1,-1],"loss_changes":[1.1167982E3,6.006836E0,4.0214325E1,0E0,0E0,0E0,0E0],"parents":[2147483647,0,0,1,1,2,2],"right_children":[2,4,6,-1,-1,-1,-1],"split_conditions":[5.0702965E-1,3.0142525E-1,6.1109036E-1,-1.2191666E0,-3.2111093E-1,1.5388909E-1,1.0422224E0],"split_indices":[0,0,0,0,0,0,0],"split_type":[0,0,0,0,0,0,0],"sum_hessian":[9E0,4E0,5E0,3E0,1E0,1E0,4E0],"tree_param":{"num_deleted":"0","num_feature":"2","num_nodes":"7","size_leaf_vector":"1"}},{"base_weights":[-3.441391E-2,-1.0242052E1,8.477687E0,-1.1277288E0,-3.0505523E-1,2.8864822E-1,1.0551668E0],"categories":[],"categories_nodes":[],"categories_segments":[],"categories_sizes":[],"default_left":[0,0,0,0,0,0,0],"id":1,"left_children":[1,3,5,-1,-1,-1,-1],"loss_changes":[9.5571326E2,2.8225708E0,3.911911E1,0E0,0E0,0E0,0E0],"parents":[2147483647,0,0,1,1,2,2],"right_children":[2,4,6,-1,-1,-1,-1],"split_conditions":[5.0702965E-1,3.0142525E-1,7.082051E-1,-1.1277288E0,-3.0505523E-1,2.8864822E-1,1.0551668E0],"split_indices":[0,0,0,0,0,0,0],"split_type":[0,0,0,0,0,0,0],"sum_hessian":[9E0,4E0,5E0,3E0,1E0,2E0,3E0],"tree_param":{"num_deleted":"0","num_feature":"2","num_nodes":"7","size_leaf_vector":"1"}},{"base_weights":[-3.986969E-2,-9.504402E0,7.8538857E0,-1.043149E0,-2.8980255E-1,2.6940486E-1,9.760292E-1],"categories":[],"categories_nodes":[],"categories_segments":[],"categories_sizes":[],"default_left":[0,0,0,0,0,0,0],"id":2,"left_children":[1,3,5,-1,-1,-1,-1],"loss_changes":[8.2175354E2,3.927307E-1,3.272577E1,0E0,0E0,0E0,0E0],"parents":[2147483647,0,0,1,1,2,2],"right_children":[2,4,6,-1,-1,-1,-1],"split_conditions":[5.0702965E-1,3.0142525E-1,7.082051E-1,-1.043149E0,-2.8980255E-1,2.6940486E-1,9.760292E-1],"split_indices":[0,0,0,0,0,0,0],"split_type":[0,0,0,0,0,0,0],"sum_hessian":[9E0,4E0,5E0,3E0,1E0,2E0,3E0],"tree_param":{"num_deleted":"0","num_feature":"2","num_nodes":"7","size_leaf_vector":"1"}},{"base_weights":[-4.463272E-2,-8.820551E-1,7.276071E0,2.5144476E-1,9.028271E-1],"categories":[],"categories_nodes":[],"categories_segments":[],"categories_sizes":[],"default_left":[0,0,0,0,0],"id":3,"left_children":[1,-1,3,-1,-1],"loss_changes":[7.0663794E2,0E0,2.7358795E1,0E0,0E0],"parents":[2147483647,0,0,2,2],"right_children":[2,-1,4,-1,-1],"split_conditions":[5.0702965E-1,-8.820551E-1,7.082051E-1,2.5144476E-1,9.028271E-1],"split_indices":[0,0,0,0,0],"split_type":[0,0,0,0,0],"sum_hessian":[9E0,4E0,5E0,2E0,3E0],"tree_param":{"num_deleted":"0","num_feature":"2","num_nodes":"5","size_leaf_vector":"1"}},{"base_weights":[-1.2945557E-2,-8.114904E0,6.7408447E0,-8.9875835E-1,-2.3120956E-1,1.0571976E-1,7.666135E-1],"categories":[],"categories_nodes":[],"categories_segments":[],"categories_sizes":[],"default_left":[0,0,0,0,0,0,0],"id":4,"left_children":[1,3,5,-1,-1,-1,-1],"loss_changes":[6.018907E2,4.5397644E0,2.3449463E1,0E0,0E0,0E0,0E0],"parents":[2147483647,0,0,1,1,2,2],"right_children":[2,4,6,-1,-1,-1,-1],"split_conditions":[5.0702965E-1,3.0142525E-1,6.1109036E-1,-8.9875835E-1,-2.3120956E-1,1.0571976E-1,7.666135E-1],"split_indices":[0,0,0,0,0,0,0],"split_type":[0,0,0,0,0,0,0],"sum_hessian":[9E0,4E0,5E0,3E0,1E0,1E0,4E0],"tree_param":{"num_deleted":"0","num_feature":"2","num_nodes":"7","size_leaf_vector":"1"}},{"base_weights":[-3.741608E-2,-7.5294085E0,6.2121468E0,-9.167569E-1,-3.3814442E-1,2.0560406E-1,7.77619E-1],"categories":[],"categories_nodes":[],"categories_segments":[],"categories_sizes":[],"default_left":[0,0,0,0,0,0,0],"id":5,"left_children":[1,3,5,-1,-1,-1,-1],"loss_changes":[5.1499054E2,2.9755554E0,2.301381E1,0E0,0E0,0E0,0E0],"parents":[2147483647,0,0,1,1,2,2],"right_children":[2,4,6,-1,-1,-1,-1],"split_conditions":[5.0702965E-1,2.0249514E-1,7.082051E-1,-9.167569E-1,-3.3814442E-1,2.0560406E-1,7.77619E-1],"split_indices":[0,0,0,0,0,0,0],"split_type":[0,0,0,0,0,0,0],"sum_hessian":[9E0,4E0,5E0,2E0,2E0,2E0,3E0],"tree_param":{"num_deleted":"0","num_feature":"2","num_nodes":"7","size_leaf_vector":"1"}},{"base_weights":[-6.0842894E-2,-7.027449E0,5.7548027E0,-7.7706015E-1,-2.0274201E-1,1.9189708E-1,7.192976E-1],"categories":[],"categories_nodes":[],"categories_segments":[],"categories_sizes":[],"default_left":[0,0,0,0,0,0,0],"id":6,"left_children":[1,3,5,-1,-1,-1,-1],"loss_changes":[4.455947E2,2.824646E0,1.9296432E1,0E0,0E0,0E0,0E0],"parents":[2147483647,0,0,1,1,2,2],"right_children":[2,4,6,-1,-1,-1,-1],"split_conditions":[5.0702965E-1,3.0142525E-1,7.082051E-1,-7.7706015E-1,-2.0274201E-1,1.9189708E-1,7.192976E-1],"split_indices":[0,0,0,0,0,0,0],"split_type":[0,0,0,0,0,0,0],"sum_hessian":[9E0,4E0,5E0,3E0,1E0,2E0,3E0],"tree_param":{"num_deleted":"0","num_feature":"2","num_nodes":"7","size_leaf_vector":"1"}},{"base_weights":[-6.1618805E-2,-6.5206633E0,5.331188E0,-8.038358E-1,-2.8294143E-1,2.4777813E-1,7.358668E-1],"categories":[],"categories_nodes":[],"categories_segments":[],"categories_sizes":[],"default_left":[0,0,0,0,0,0,0],"id":7,"left_children":[1,3,5,-1,-1,-1,-1],"loss_changes":[3.830867E2,5.26709E0,1.647818E1,0E0,0E0,0E0,0E0],"parents":[2147483647,0,0,1,1,2,2],"right_children":[2,4,6,-1,-1,-1,-1],"split_conditions":[5.0702965E-1,2.0249514E-1,7.951295E-1,-8.038358E-1,-2.8294143E-1,2.4777813E-1,7.358668E-1],"split_indices":[0,0,0,0,0,0,0],"split_type":[0,0,0,0,0,0,0],"sum_hessian":[9E0,4E0,5E0,2E0,2E0,3E0,2E0],"tree_param":{"num_deleted":"0","num_feature":"2","num_nodes":"7","size_leaf_vector":"1"}},{"base_weights":[-6.577148E-2,-6.0859528E0,4.962008E0,-7.5024694E-1,-2.6407853E-1,1.6258545E-1,6.2236214E-1],"categories":[],"categories_nodes":[],"categories_segments":[],"categories_sizes":[],"default_left":[0,0,0,0,0,0,0],"id":8,"left_children":[1,3,5,-1,-1,-1,-1],"loss_changes":[3.3287997E2,4.588272E0,1.5134918E1,0E0,0E0,0E0,0E0],"parents":[2147483647,0,0,1,1,2,2],"right_children":[2,4,6,-1,-1,-1,-1],"split_conditions":[5.0702965E-1,2.0249514E-1,7.082051E-1,-7.5024694E-1,-2.6407853E-1,1.6258545E-1,6.2236214E-1],"split_indices":[0,0,0,0,0,0,0],"split_type":[0,0,0,0,0,0,0],"sum_hessian":[9E0,4E0,5E0,2E0,2E0,2E0,3E0],"tree_param":{"num_deleted":"0","num_feature":"2","num_nodes":"7","size_leaf_vector":"1"}},{"base_weights":[-8.213196E-2,-5.6802244E0,4.596634E0,-7.0023066E-1,-2.4647343E-1,2.0550652E0,6.453181E-1,6.0040664E-2,2.339816E-1],"categories":[],"categories_nodes":[],"categories_segments":[],"categories_sizes":[],"default_left":[0,0,0,0,0,0,0,0,0],"id":9,"left_children":[1,3,5,-1,-1,7,-1,-1,-1],"loss_changes":[2.8803156E2,3.9968872E0,1.5049545E1,0E0,0E0,2.5201797E-1,0E0,0E0,0E0],"parents":[2147483647,0,0,1,1,2,2,5,5],"right_children":[2,4,6,-1,-1,8,-1,-1,-1],"split_conditions":[5.0702965E-1,2.0249514E-1,7.951295E-1,-7.0023066E-1,-2.4647343E-1,6.1109036E-1,6.453181E-1,6.0040664E-2,2.339816E-1],"split_indices":[0,0,0,0,0,0,0,0,0],"split_type":[0,0,0,0,0,0,0,0,0],"sum_hessian":[9E0,4E0,5E0,2E0,2E0,3E0,2E0,1E0,2E0],"tree_param":{"num_deleted":"0","num_feature":"2","num_nodes":"9","size_leaf_vector":"1"}},{"base_weights":[-7.4653625E-2,-5.3015413E0,4.293528E0,-6.535484E-1,-2.3004177E-1,1.9230652E0,6.02297E-1,5.7038497E-2,2.1838303E-1],"categories":[],"categories_nodes":[],"categories_segments":[],"categories_sizes":[],"default_left":[0,0,0,0,0,0,0,0,0],"id":10,"left_children":[1,3,5,-1,-1,7,-1,-1,-1],"loss_changes":[2.5108228E2,3.4817352E0,1.3014893E1,0E0,0E0,1.6530228E-1,0E0,0E0,0E0],"parents":[2147483647,0,0,1,1,2,2,5,5],"right_children":[2,4,6,-1,-1,8,-1,-1,-1],"split_conditions":[5.0702965E-1,2.0249514E-1,7.951295E-1,-6.535484E-1,-2.3004177E-1,6.1109036E-1,6.02297E-1,5.7038497E-2,2.1838303E-1],"split_indices":[0,0,0,0,0,0,0,0,0],"split_type":[0,0,0,0,0,0,0,0,0],"sum_hessian":[9E0,4E0,5E0,2E0,2E0,3E0,2E0,1E0,2E0],"tree_param":{"num_deleted":"0","num_feature":"2","num_nodes":"9","size_leaf_vector":"1"}},{"base_weights":[-6.777497E-2,-4.948105E0,4.0104623E0,-6.099785E-1,-2.1470566E-1,1.799614E0,5.62144E-1,5.418663E-2,2.0382412E-1],"categories":[],"categories_nodes":[],"categories_segments":[],"categories_sizes":[],"default_left":[0,0,0,0,0,0,0,0,0],"id":11,"left_children":[1,3,5,-1,-1,7,-1,-1,-1],"loss_changes":[2.1887564E2,3.032959E0,1.1253334E1,0E0,0E0,9.6076965E-2,0E0,0E0,0E0],"parents":[2147483647,0,0,1,1,2,2,5,5],"right_children":[2,4,6,-1,-1,8,-1,-1,-1],"split_conditions":[5.0702965E-1,2.0249514E-1,7.951295E-1,-6.099785E-1,-2.1470566E-1,6.1109036E-1,5.62144E-1,5.418663E-2,2.0382412E-1],"split_indices":[0,0,0,0,0,0,0,0,0],"split_type":[0,0,0,0,0,0,0,0,0],"sum_hessian":[9E0,4E0,5E0,2E0,2E0,3E0,2E0,1E0,2E0],"tree_param":{"num_deleted":"0","num_feature":"2","num_nodes":"9","size_leaf_vector":"1"}},{"base_weights":[-6.1450195E-2,-4.6182313E0,3.746109E0,-5.693133E-1,-2.0039189E-1,1.6841545E0,5.246679E-1,5.1477432E-2,1.9023566E-1],"categories":[],"categories_nodes":[],"categories_segments":[],"categories_sizes":[],"default_left":[0,0,0,0,0,0,0,0,0],"id":12,"left_children":[1,3,5,-1,-1,7,-1,-1,-1],"loss_changes":[1.9080254E2,2.642067E0,9.728416E0,0E0,0E0,4.13599E-2,0E0,0E0,0E0],"parents":[2147483647,0,0,1,1,2,2,5,5],"right_children":[2,4,6,-1,-1,8,-1,-1,-1],"split_conditions":[5.0702965E-1,2.0249514E-1,7.951295E-1,-5.693133E-1,-2.0039189E-1,6.1109036E-1,5.246679E-1,5.1477432E-2,1.9023566E-1],"split_indices":[0,0,0,0,0,0,0,0,0],"split_type":[0,0,0,0,0,0,0,0,0],"sum_hessian":[9E0,4E0,5E0,2E0,2E0,3E0,2E0,1E0,2E0],"tree_param":{"num_deleted":"0","num_feature":"2","num_nodes":"9","size_leaf_vector":"1"}},{"base_weights":[-5.563736E-2,-4.3103485E0,3.4992282E0,-5.3135914E-1,-1.8703233E-1,1.5761662E-1,4.8969015E-1],"categories":[],"categories_nodes":[],"categories_segments":[],"categories_sizes":[],"default_left":[0,0,0,0,0,0,0],"id":13,"left_children":[1,3,5,-1,-1,-1,-1],"loss_changes":[1.6633214E2,2.3015518E0,8.408546E0,0E0,0E0,0E0,0E0],"parents":[2147483647,0,0,1,1,2,2],"right_children":[2,4,6,-1,-1,-1,-1],"split_conditions":[5.0702965E-1,2.0249514E-1,7.951295E-1,-5.3135914E-1,-1.8703233E-1,1.5761662E-1,4.8969015E-1],"split_indices":[0,0,0,0,0,0,0],"split_type":[0,0,0,0,0,0,0],"sum_hessian":[9E0,4E0,5E0,2E0,2E0,3E0,2E0],"tree_param":{"num_deleted":"0","num_feature":"2","num_nodes":"7","size_leaf_vector":"1"}},{"base_weights":[-5.7182312E-2,-4.022992E0,3.2571895E0,-4.959353E-1,-1.7456335E-1,1.4579544E0,4.5704398E-1,4.1022874E-2,1.6704534E-1],"categories":[],"categories_nodes":[],"categories_segments":[],"categories_sizes":[],"default_left":[0,0,0,0,0,0,0,0,0],"id":14,"left_children":[1,3,5,-1,-1,7,-1,-1,-1],"loss_changes":[1.4454532E2,2.0049362E0,7.513584E0,0E0,0E0,2.0529461E-1,0E0,0E0,0E0],"parents":[2147483647,0,0,1,1,2,2,5,5],"right_children":[2,4,6,-1,-1,8,-1,-1,-1],"split_conditions":[5.0702965E-1,2.0249514E-1,7.951295E-1,-4.959353E-1,-1.7456335E-1,6.1109036E-1,4.5704398E-1,4.1022874E-2,1.6704534E-1],"split_indices":[0,0,0,0,0,0,0,0,0],"split_type":[0,0,0,0,0,0,0,0,0],"sum_hessian":[9E0,4E0,5E0,2E0,2E0,3E0,2E0,1E0,2E0],"tree_param":{"num_deleted":"0","num_feature":"2","num_nodes":"9","size_leaf_vector":"1"}},{"base_weights":[-5.200424E-2,-3.7547944E0,3.0423214E0,-4.6287307E-1,-1.6292597E-1,1.6710632E0,4.9493065E-1,3.897171E-2,1.8939705E-1],"categories":[],"categories_nodes":[],"categories_segments":[],"categories_sizes":[],"default_left":[0,0,0,0,0,0,0,0,0],"id":15,"left_children":[1,3,5,-1,-1,7,-1,-1,-1],"loss_changes":[1.2599967E2,1.7465057E0,7.4192085E0,0E0,0E0,6.899929E-1,0E0,0E0,0E0],"parents":[2147483647,0,0,1,1,2,2,5,5],"right_children":[2,4,6,-1,-1,8,-1,-1,-1],"split_conditions":[5.0702965E-1,2.0249514E-1,1E0,-4.6287307E-1,-1.6292597E-1,6.1109036E-1,4.9493065E-1,3.897171E-2,1.8939705E-1],"split_indices":[0,0,0,0,0,0,0,0,0],"split_type":[0,0,0,0,0,0,0,0,0],"sum_hessian":[9E0,4E0,5E0,2E0,2E0,4E0,1E0,1E0,3E0],"tree_param":{"num_deleted":"0","num_feature":"2","num_nodes":"9","size_leaf_vector":"1"}},{"base_weights":[-3.7054442E-2,-3.504474E0,2.8586376E0,-4.320147E-1,-1.5206426E-1,1.5496292E0,4.7018394E-1,3.7023164E-2,1.7519207E-1],"categories":[],"categories_nodes":[],"categories_segments":[],"categories_sizes":[],"default_left":[0,0,0,0,0,0,0,0,0],"id":16,"left_children":[1,3,5,-1,-1,7,-1,-1,-1],"loss_changes":[1.104238E2,1.5213928E0,7.1904945E0,0E0,0E0,5.442934E-1,0E0,0E0,0E0],"parents":[2147483647,0,0,1,1,2,2,5,5],"right_children":[2,4,6,-1,-1,8,-1,-1,-1],"split_conditions":[5.0702965E-1,2.0249514E-1,1E0,-4.320147E-1,-1.5206426E-1,6.1109036E-1,4.7018394E-1,3.7023164E-2,1.7519207E-1],"split_indices":[0,0,0,0,0,0,0,0,0],"split_type":[0,0,0,0,0,0,0,0,0],"sum_hessian":[9E0,4E0,5E0,2E0,2E0,4E0,1E0,1E0,3E0],"tree_param":{"num_deleted":"0","num_feature":"2","num_nodes":"9","size_leaf_vector":"1"}},{"base_weights":[-2.3518372E-2,-3.2708435E0,2.6865056E0,-3.654335E-1,-8.684387E-2,1.4371078E0,4.4667473E-1,3.5171892E-2,1.6205254E-1],"categories":[],"categories_nodes":[],"categories_segments":[],"categories_sizes":[],"default_left":[0,0,0,0,0,0,0,0,0],"id":17,"left_children":[1,3,5,-1,-1,7,-1,-1,-1],"loss_changes":[9.679043E1,1.4329453E0,6.926182E0,0E0,0E0,4.2542744E-1,0E0,0E0,0E0],"parents":[2147483647,0,0,1,1,2,2,5,5],"right_children":[2,4,6,-1,-1,8,-1,-1,-1],"split_conditions":[5.0702965E-1,3.0142525E-1,1E0,-3.654335E-1,-8.684387E-2,6.1109036E-1,4.4667473E-1,3.5171892E-2,1.6205254E-1],"split_indices":[0,0,0,0,0,0,0,0,0],"split_type":[0,0,0,0,0,0,0,0,0],"sum_hessian":[9E0,4E0,5E0,3E0,1E0,4E0,1E0,1E0,3E0],"tree_param":{"num_deleted":"0","num_feature":"2","num_nodes":"9","size_leaf_vector":"1"}},{"base_weights":[-2.0057678E-3,-3.0342147E0,2.5251694E0,-3.788516E-1,-1.2685089E-1,1.33284E0,4.243408E-1,3.3413317E-2,1.4989834E-1],"categories":[],"categories_nodes":[],"categories_segments":[],"categories_sizes":[],"default_left":[0,0,0,0,0,0,0,0,0],"id":18,"left_children":[1,3,5,-1,-1,7,-1,-1,-1],"loss_changes":[8.4291145E1,1.8535995E0,6.6364555E0,0E0,0E0,3.2878208E-1,0E0,0E0,0E0],"parents":[2147483647,0,0,1,1,2,2,5,5],"right_children":[2,4,6,-1,-1,8,-1,-1,-1],"split_conditions":[5.0702965E-1,2.0249514E-1,1E0,-3.788516E-1,-1.2685089E-1,6.1109036E-1,4.243408E-1,3.3413317E-2,1.4989834E-1],"split_indices":[0,0,0,0,0,0,0,0,0],"split_type":[0,0,0,0,0,0,0,0,0],"sum_hessian":[9E0,4E0,5E0,2E0,2E0,4E0,1E0,1E0,3E0],"tree_param":{"num_deleted":"0","num_feature":"2","num_nodes":"9","size_leaf_vector":"1"}},{"base_weights":[8.391571E-3,-2.831932E0,2.3739293E0,-3.5359472E-1,-1.1839396E-1,1.2362198E0,4.0312386E-1,3.174248E-2,1.3865624E-1],"categories":[],"categories_nodes":[],"categories_segments":[],"categories_sizes":[],"default_left":[0,0,0,0,0,0,0,0,0],"id":19,"left_children":[1,3,5,-1,-1,7,-1,-1,-1],"loss_changes":[7.391174E1,1.614708E0,6.3297234E0,0E0,0E0,2.505412E-1,0E0,0E0,0E0],"parents":[2147483647,0,0,1,1,2,2,5,5],"right_children":[2,4,6,-1,-1,8,-1,-1,-1],"split_conditions":[5.0702965E-1,2.0249514E-1,1E0,-3.5359472E-1,-1.1839396E-1,6.1109036E-1,4.0312386E-1,3.174248E-2,1.3865624E-1],"split_indices":[0,0,0,0,0,0,0,0,0],"split_type":[0,0,0,0,0,0,0,0,0],"sum_hessian":[9E0,4E0,5E0,2E0,2E0,4E0,1E0,1E0,3E0],"tree_param":{"num_deleted":"0","num_feature":"2","num_nodes":"9","size_leaf_vector":"1"}},{"base_weights":[1.7704774E-2,-2.6431382E0,2.2321231E0,-3.3002195E-1,-1.105011E-1,1.1466767E0,3.8296777E-1,3.0155182E-2,1.2825699E-1],"categories":[],"categories_nodes":[],"categories_segments":[],"categories_sizes":[],"default_left":[0,0,0,0,0,0,0,0,0],"id":20,"left_children":[1,3,5,-1,-1,7,-1,-1,-1],"loss_changes":[6.4822E1,1.4065933E0,6.0129566E0,0E0,0E0,1.874733E-1,0E0,0E0,0E0],"parents":[2147483647,0,0,1,1,2,2,5,5],"right_children":[2,4,6,-1,-1,8,-1,-1,-1],"split_conditions":[5.0702965E-1,2.0249514E-1,1E0,-3.3002195E-1,-1.105011E-1,6.1109036E-1,3.8296777E-1,3.0155182E-2,1.2825699E-1],"split_indices":[0,0,0,0,0,0,0,0,0],"split_type":[0,0,0,0,0,0,0,0,0],"sum_hessian":[9E0,4E0,5E0,2E0,2E0,4E0,1E0,1E0,3E0],"tree_param":{"num_deleted":"0","num_feature":"2","num_nodes":"9","size_leaf_vector":"1"}},{"base_weights":[2.6021576E-2,-2.4669266E0,2.0991414E0,-3.080203E-1,-1.03134155E-1,1.0636917E0,3.638195E-1,2.8647615E-2,1.1863766E-1],"categories":[],"categories_nodes":[],"categories_segments":[],"categories_sizes":[],"default_left":[0,0,0,0,0,0,0,0,0],"id":21,"left_children":[1,3,5,-1,-1,7,-1,-1,-1],"loss_changes":[5.6860233E1,1.2253075E0,5.691757E0,0E0,0E0,1.368947E-1,0E0,0E0,0E0],"parents":[2147483647,0,0,1,1,2,2,5,5],"right_children":[2,4,6,-1,-1,8,-1,-1,-1],"split_conditions":[5.0702965E-1,2.0249514E-1,1E0,-3.080203E-1,-1.03134155E-1,6.1109036E-1,3.638195E-1,2.8647615E-2,1.1863766E-1],"split_indices":[0,0,0,0,0,0,0,0,0],"split_type":[0,0,0,0,0,0,0,0,0],"sum_hessian":[9E0,4E0,5E0,2E0,2E0,4E0,1E0,1E0,3E0],"tree_param":{"num_deleted":"0","num_feature":"2","num_nodes":"9","size_leaf_vector":"1"}},{"base_weights":[3.341446E-2,-2.3024642E0,1.974411E0,-2.874855E-1,-9.625854E-2,9.867798E-1,3.4562835E-1,2.7215196E-2,1.0973988E-1],"categories":[],"categories_nodes":[],"categories_segments":[],"categories_sizes":[],"default_left":[0,0,0,0,0,0,0,0,0],"id":22,"left_children":[1,3,5,-1,-1,7,-1,-1,-1],"loss_changes":[4.9885334E1,1.067379E0,5.3706703E0,0E0,0E0,9.659767E-2,0E0,0E0,0E0],"parents":[2147483647,0,0,1,1,2,2,5,5],"right_children":[2,4,6,-1,-1,8,-1,-1,-1],"split_conditions":[5.0702965E-1,2.0249514E-1,1E0,-2.874855E-1,-9.625854E-2,6.1109036E-1,3.4562835E-1,2.7215196E-2,1.0973988E-1],"split_indices":[0,0,0,0,0,0,0,0,0],"split_type":[0,0,0,0,0,0,0,0,0],"sum_hessian":[9E0,4E0,5E0,2E0,2E0,4E0,1E0,1E0,3E0],"tree_param":{"num_deleted":"0","num_feature":"2","num_nodes":"9","size_leaf_vector":"1"}},{"base_weights":[3.9956667E-2,-2.148967E0,1.8574003E0,-3.1124002E-1,-1.1300087E-1,9.1549224E-1,3.2834703E-1,2.5854493E-2,1.0150929E-1],"categories":[],"categories_nodes":[],"categories_segments":[],"categories_sizes":[],"default_left":[0,0,0,0,0,0,0,0,0],"id":23,"left_children":[1,3,5,-1,-1,7,-1,-1,-1],"loss_changes":[4.3773945E1,1.3914509E0,5.0533695E0,0E0,0E0,6.471443E-2,0E0,0E0,0E0],"parents":[2147483647,0,0,1,1,2,2,5,5],"right_children":[2,4,6,-1,-1,8,-1,-1,-1],"split_conditions":[5.0702965E-1,9.805462E-2,1E0,-3.1124002E-1,-1.1300087E-1,6.1109036E-1,3.2834703E-1,2.5854493E-2,1.0150929E-1],"split_indices":[0,0,0,0,0,0,0,0,0],"split_type":[0,0,0,0,0,0,0,0,0],"sum_hessian":[9E0,4E0,5E0,1E0,3E0,4E0,1E0,1E0,3E0],"tree_param":{"num_deleted":"0","num_feature":"2","num_nodes":"9","size_leaf_vector":"1"}},{"base_weights":[3.9107513E-2,-2.0189195E0,1.747612E0,-2.9567796E-1,-1.04525946E-1,8.494156E-1,3.119297E-1,2.4561692E-2,9.3896106E-2],"categories":[],"categories_nodes":[],"categories_segments":[],"categories_sizes":[],"default_left":[0,0,0,0,0,0,0,0,0],"id":24,"left_children":[1,3,5,-1,-1,7,-1,-1,-1],"loss_changes":[3.868977E1,1.4751835E0,4.742676E0,0E0,0E0,3.9712667E-2,0E0,0E0,0E0],"parents":[2147483647,0,0,1,1,2,2,5,5],"right_children":[2,4,6,-1,-1,8,-1,-1,-1],"split_conditions":[5.0702965E-1,9.805462E-2,1E0,-2.9567796E-1,-1.04525946E-1,6.1109036E-1,3.119297E-1,2.4561692E-2,9.3896106E-2],"split_indices":[0,0,0,0,0,0,0,0,0],"split_type":[0,0,0,0,0,0,0,0,0],"sum_hessian":[9E0,4E0,5E0,1E0,3E0,4E0,1E0,1E0,3E0],"tree_param":{"num_deleted":"0","num_feature":"2","num_nodes":"9","size_leaf_vector":"1"}},{"base_weights":[3.8214874E-2,-1.8970703E0,1.6445833E0,-2.808941E-1,-9.668674E-2,7.881668E-1,2.963333E-1,2.3333741E-2,8.685398E-2],"categories":[],"categories_nodes":[],"categories_segments":[],"categories_sizes":[],"default_left":[0,0,0,0,0,0,0,0,0],"id":25,"left_children":[1,3,5,-1,-1,7,-1,-1,-1],"loss_changes":[3.4207703E1,1.5252495E0,4.440796E0,0E0,0E0,2.0303488E-2,0E0,0E0,0E0],"parents":[2147483647,0,0,1,1,2,2,5,5],"right_children":[2,4,6,-1,-1,8,-1,-1,-1],"split_conditions":[5.0702965E-1,9.805462E-2,1E0,-2.808941E-1,-9.668674E-2,6.1109036E-1,2.963333E-1,2.3333741E-2,8.685398E-2],"split_indices":[0,0,0,0,0,0,0,0,0],"split_type":[0,0,0,0,0,0,0,0,0],"sum_hessian":[9E0,4E0,5E0,1E0,3E0,4E0,1E0,1E0,3E0],"tree_param":{"num_deleted":"0","num_feature":"2","num_nodes":"9","size_leaf_vector":"1"}},{"base_weights":[3.7287902E-2,-1.7828796E0,1.5478796E0,-2.6684952E-1,-8.94352E-2,7.3138887E-1,2.8151664E-1,2.2167206E-2,8.0340005E-2],"categories":[],"categories_nodes":[],"categories_segments":[],"categories_sizes":[],"default_left":[0,0,0,0,0,0,0,0,0],"id":26,"left_children":[1,3,5,-1,-1,7,-1,-1,-1],"loss_changes":[3.025498E1,1.5478964E0,4.1493864E0,0E0,0E0,5.4352283E-3,0E0,0E0,0E0],"parents":[2147483647,0,0,1,1,2,2,5,5],"right_children":[2,4,6,-1,-1,8,-1,-1,-1],"split_conditions":[5.0702965E-1,9.805462E-2,1E0,-2.6684952E-1,-8.94352E-2,6.1109036E-1,2.8151664E-1,2.2167206E-2,8.0340005E-2],"split_indices":[0,0,0,0,0,0,0,0,0],"split_type":[0,0,0,0,0,0,0,0,0],"sum_hessian":[9E0,4E0,5E0,1E0,3E0,4E0,1E0,1E0,3E0],"tree_param":{"num_deleted":"0","num_feature":"2","num_nodes":"9","size_leaf_vector":"1"}},{"base_weights":[3.6332704E-2,-1.6758499E0,1.4570961E0,-2.5350687E-1,-8.272781E-2,6.7875214E-2,2.674408E-1],"categories":[],"categories_nodes":[],"categories_segments":[],"categories_sizes":[],"default_left":[0,0,0,0,0,0,0],"id":27,"left_children":[1,3,5,-1,-1,-1,-1],"loss_changes":[2.6767939E1,1.548337E0,3.8696642E0,0E0,0E0,0E0,0E0],"parents":[2147483647,0,0,1,1,2,2],"right_children":[2,4,6,-1,-1,-1,-1],"split_conditions":[5.0702965E-1,9.805462E-2,1E0,-2.5350687E-1,-8.272781E-2,6.7875214E-2,2.674408E-1],"split_indices":[0,0,0,0,0,0,0],"split_type":[0,0,0,0,0,0,0],"sum_hessian":[9E0,4E0,5E0,1E0,3E0,4E0,1E0],"tree_param":{"num_deleted":"0","num_feature":"2","num_nodes":"7","size_leaf_vector":"1"}},{"base_weights":[3.2605745E-2,-1.5755126E0,1.3672701E0,-2.4083138E-1,-7.65234E-2,6.2444913E-1,2.5406876E-1,1.766472E-2,6.9223784E-2],"categories":[],"categories_nodes":[],"categories_segments":[],"categories_sizes":[],"default_left":[0,0,0,0,0,0,0,0,0],"id":28,"left_children":[1,3,5,-1,-1,7,-1,-1,-1],"loss_changes":[2.3617134E1,1.5310802E0,3.6433058E0,0E0,0E0,2.9497623E-2,0E0,0E0,0E0],"parents":[2147483647,0,0,1,1,2,2,5,5],"right_children":[2,4,6,-1,-1,8,-1,-1,-1],"split_conditions":[5.0702965E-1,9.805462E-2,1E0,-2.4083138E-1,-7.65234E-2,6.1109036E-1,2.5406876E-1,1.766472E-2,6.9223784E-2],"split_indices":[0,0,0,0,0,0,0,0,0],"split_type":[0,0,0,0,0,0,0,0,0],"sum_hessian":[9E0,4E0,5E0,1E0,3E0,4E0,1E0,1E0,3E0],"tree_param":{"num_deleted":"0","num_feature":"2","num_nodes":"9","size_leaf_vector":"1"}},{"base_weights":[3.1706236E-2,-1.4814332E0,1.2873713E0,-2.2878991E-1,-7.078419E-2,5.7938385E-1,2.4136543E-1,1.6781617E-2,6.4032175E-2],"categories":[],"categories_nodes":[],"categories_segments":[],"categories_sizes":[],"default_left":[0,0,0,0,0,0,0,0,0],"id":29,"left_children":[1,3,5,-1,-1,7,-1,-1,-1],"loss_changes":[2.0907116E1,1.4999037E0,3.385933E0,0E0,0E0,1.794386E-2,0E0,0E0,0E0],"parents":[2147483647,0,0,1,1,2,2,5,5],"right_children":[2,4,6,-1,-1,8,-1,-1,-1],"split_conditions":[5.0702965E-1,9.805462E-2,1E0,-2.2878991E-1,-7.078419E-2,6.1109036E-1,2.4136543E-1,1.6781617E-2,6.4032175E-2],"split_indices":[0,0,0,0,0,0,0,0,0],"split_type":[0,0,0,0,0,0,0,0,0],"sum_hessian":[9E0,4E0,5E0,1E0,3E0,4E0,1E0,1E0,3E0],"tree_param":{"num_deleted":"0","num_feature":"2","num_nodes":"9","size_leaf_vector":"1"}},{"base_weights":[3.0796051E-2,-1.3932037E0,1.2123299E0,-2.173504E-1,-6.547528E-2,5.3760684E-1,2.2929727E-1,1.5942384E-2,5.922966E-2],"categories":[],"categories_nodes":[],"categories_segments":[],"categories_sizes":[],"default_left":[0,0,0,0,0,0,0,0,0],"id":30,"left_children":[1,3,5,-1,-1,7,-1,-1,-1],"loss_changes":[1.8514063E1,1.4579592E0,3.1420898E0,0E0,0E0,8.987546E-3,0E0,0E0,0E0],"parents":[2147483647,0,0,1,1,2,2,5,5],"right_children":[2,4,6,-1,-1,8,-1,-1,-1],"split_conditions":[5.0702965E-1,9.805462E-2,1E0,-2.173504E-1,-6.547528E-2,6.1109036E-1,2.2929727E-1,1.5942384E-2,5.922966E-2],"split_indices":[0,0,0,0,0,0,0,0,0],"split_type":[0,0,0,0,0,0,0,0,0],"sum_hessian":[9E0,4E0,5E0,1E0,3E0,4E0,1E0,1E0,3E0],"tree_param":{"num_deleted":"0","num_feature":"2","num_nodes":"9","size_leaf_vector":"1"}},{"base_weights":[2.988205E-2,-1.3104477E0,1.1418432E0,-2.064827E-1,-6.0564615E-2,4.9888152E-1,2.1783257E-1,1.5145111E-2,5.4787636E-2],"categories":[],"categories_nodes":[],"categories_segments":[],"categories_sizes":[],"default_left":[0,0,0,0,0,0,0,0,0],"id":31,"left_children":[1,3,5,-1,-1,7,-1,-1,-1],"loss_changes":[1.640027E1,1.4078836E0,2.9117856E0,0E0,0E0,2.1349192E-3,0E0,0E0,0E0],"parents":[2147483647,0,0,1,1,2,2,5,5],"right_children":[2,4,6,-1,-1,8,-1,-1,-1],"split_conditions":[5.0702965E-1,9.805462E-2,1E0,-2.064827E-1,-6.0564615E-2,6.1109036E-1,2.1783257E-1,1.5145111E-2,5.4787636E-2],"split_indices":[0,0,0,0,0,0,0,0,0],"split_type":[0,0,0,0,0,0,0,0,0],"sum_hessian":[9E0,4E0,5E0,1E0,3E0,4E0,1E0,1E0,3E0],"tree_param":{"num_deleted":"0","num_feature":"2","num_nodes":"9","size_leaf_vector":"1"}},{"base_weights":[2.8964996E-2,-1.2328141E0,1.07562E0,-1.961586E-1,-5.6022453E-1,4.6298066E-1,2.0694084E-1,-6.352412E-2,-1.6758729E-2,2.0622509E-2,5.6540936E-2],"categories":[],"categories_nodes":[],"categories_segments":[],"categories_sizes":[],"default_left":[0,0,0,0,0,0,0,0,0,0,0],"id":32,"left_children":[1,3,5,-1,7,9,-1,-1,-1,-1,-1],"loss_changes":[1.4532514E1,1.3518925E0,2.6949077E0,0E0,1.1358857E-2,1.4894128E-2,0E0,0E0,0E0,0E0,0E0],"parents":[2147483647,0,0,1,1,2,2,4,4,5,5],"right_children":[2,4,6,-1,8,10,-1,-1,-1,-1,-1],"split_conditions":[5.0702965E-1,9.805462E-2,1E0,-1.961586E-1,3.0142525E-1,7.082051E-1,2.0694084E-1,-6.352412E-2,-1.6758729E-2,2.0622509E-2,5.6540936E-2],"split_indices":[0,0,0,0,0,0,0,0,0,0,0],"split_type":[0,0,0,0,0,0,0,0,0,0,0],"sum_hessian":[9E0,4E0,5E0,1E0,3E0,4E0,1E0,2E0,1E0,2E0,2E0],"tree_param":{"num_deleted":"0","num_feature":"2","num_nodes":"11","size_leaf_vector":"1"}},{"base_weights":[2.683487E-2,-1.1648209E0,1.0154089E0,-1.8635063E-1,-5.242729E-1,4.3211517E-1,1.9659387E-1,-5.9289295E-2,-1.5920639E-2,1.9247692E-2,5.2771505E-2],"categories":[],"categories_nodes":[],"categories_segments":[],"categories_sizes":[],"default_left":[0,0,0,0,0,0,0,0,0,0,0],"id":33,"left_children":[1,3,5,-1,7,9,-1,-1,-1,-1,-1],"loss_changes":[1.2963168E1,1.2607212E0,2.4771156E0,0E0,5.8113337E-3,1.2974024E-2,0E0,0E0,0E0,0E0,0E0],"parents":[2147483647,0,0,1,1,2,2,4,4,5,5],"right_children":[2,4,6,-1,8,10,-1,-1,-1,-1,-1],"split_conditions":[5.0702965E-1,9.805462E-2,1E0,-1.8635063E-1,3.0142525E-1,7.082051E-1,1.9659387E-1,-5.9289295E-2,-1.5920639E-2,1.9247692E-2,5.2771505E-2],"split_indices":[0,0,0,0,0,0,0,0,0,0,0],"split_type":[0,0,0,0,0,0,0,0,0,0,0],"sum_hessian":[9E0,4E0,5E0,1E0,3E0,4E0,1E0,2E0,1E0,2E0,2E0],"tree_param":{"num_deleted":"0","num_feature":"2","num_nodes":"11","size_leaf_vector":"1"}},{"base_weights":[2.4855804E-2,-1.1006515E0,9.58636E-1,-1.7703323E-1,-4.9064827E-1,4.0330657E-1,1.8676415E-1,-5.5336762E-2,-1.5124512E-2,1.7964428E-2,4.9253337E-2],"categories":[],"categories_nodes":[],"categories_segments":[],"categories_sizes":[],"default_left":[0,0,0,0,0,0,0,0,0,0,0],"id":34,"left_children":[1,3,5,-1,7,9,-1,-1,-1,-1,-1],"loss_changes":[1.1564889E1,1.1739268E0,2.2755527E0,0E0,1.4544129E-3,1.130265E-2,0E0,0E0,0E0,0E0,0E0],"parents":[2147483647,0,0,1,1,2,2,4,4,5,5],"right_children":[2,4,6,-1,8,10,-1,-1,-1,-1,-1],"split_conditions":[5.0702965E-1,9.805462E-2,1E0,-1.7703323E-1,3.0142525E-1,7.082051E-1,1.8676415E-1,-5.5336762E-2,-1.5124512E-2,1.7964428E-2,4.9253337E-2],"split_indices":[0,0,0,0,0,0,0,0,0,0,0],"split_type":[0,0,0,0,0,0,0,0,0,0,0],"sum_hessian":[9E0,4E0,5E0,1E0,3E0,4E0,1E0,2E0,1E0,2E0,2E0],"tree_param":{"num_deleted":"0","num_feature":"2","num_nodes":"11","size_leaf_vector":"1"}},{"base_weights":[2.301712E-2,-1.0400864E0,9.051005E-1,-1.6818161E-1,-4.5919992E-2,3.7641755E-1,1.7742577E-1,1.6766613E-2,4.5969646E-2],"categories":[],"categories_nodes":[],"categories_segments":[],"categories_sizes":[],"default_left":[0,0,0,0,0,0,0,0,0],"id":35,"left_children":[1,3,5,-1,-1,7,-1,-1,-1],"loss_changes":[1.0318843E1,1.0915709E0,2.0891895E0,0E0,0E0,9.847403E-3,0E0,0E0,0E0],"parents":[2147483647,0,0,1,1,2,2,5,5],"right_children":[2,4,6,-1,-1,8,-1,-1,-1],"split_conditions":[5.0702965E-1,9.805462E-2,1E0,-1.6818161E-1,-4.5919992E-2,7.082051E-1,1.7742577E-1,1.6766613E-2,4.5969646E-2],"split_indices":[0,0,0,0,0,0,0,0,0],"split_type":[0,0,0,0,0,0,0,0,0],"sum_hessian":[9E0,4E0,5E0,1E0,3E0,4E0,1E0,2E0,2E0],"tree_param":{"num_deleted":"0","num_feature":"2","num_nodes":"9","size_leaf_vector":"1"}},{"base_weights":[2.3321534E-2,-9.788971E-1,8.546168E-1,-1.597725E-1,-4.247589E-1,3.5132295E-1,1.685543E-1,-4.8586275E-2,-1.2072372E-2,1.5648652E-2,4.2905174E-2],"categories":[],"categories_nodes":[],"categories_segments":[],"categories_sizes":[],"default_left":[0,0,0,0,0,0,0,0,0,0,0],"id":36,"left_children":[1,3,5,-1,7,9,-1,-1,-1,-1,-1],"loss_changes":[9.167978E0,1.0359325E0,1.9170303E0,0E0,1.5655756E-2,8.581221E-3,0E0,0E0,0E0,0E0,0E0],"parents":[2147483647,0,0,1,1,2,2,4,4,5,5],"right_children":[2,4,6,-1,8,10,-1,-1,-1,-1,-1],"split_conditions":[5.0702965E-1,9.805462E-2,1E0,-1.597725E-1,3.0142525E-1,7.082051E-1,1.685543E-1,-4.8586275E-2,-1.2072372E-2,1.5648652E-2,4.2905174E-2],"split_indices":[0,0,0,0,0,0,0,0,0,0,0],"split_type":[0,0,0,0,0,0,0,0,0,0,0],"sum_hessian":[9E0,4E0,5E0,1E0,3E0,4E0,1E0,2E0,1E0,2E0,2E0],"tree_param":{"num_deleted":"0","num_feature":"2","num_nodes":"11","size_leaf_vector":"1"}},{"base_weights":[2.1656036E-2,-9.250946E-1,8.070056E-1,-1.5178375E-1,-3.974495E-1,3.279007E-1,1.6012649E-1,-4.5347344E-2,-1.1468887E-2,1.4605458E-2,4.0044658E-2],"categories":[],"categories_nodes":[],"categories_segments":[],"categories_sizes":[],"default_left":[0,0,0,0,0,0,0,0,0,0,0],"id":37,"left_children":[1,3,5,-1,7,9,-1,-1,-1,-1,-1],"loss_changes":[8.181858E0,9.60526E-1,1.7581453E0,0E0,1.1357069E-2,7.473886E-3,0E0,0E0,0E0,0E0,0E0],"parents":[2147483647,0,0,1,1,2,2,4,4,5,5],"right_children":[2,4,6,-1,8,10,-1,-1,-1,-1,-1],"split_conditions":[5.0702965E-1,9.805462E-2,1E0,-1.5178375E-1,3.0142525E-1,7.082051E-1,1.6012649E-1,-4.5347344E-2,-1.1468887E-2,1.4605458E-2,4.0044658E-2],"split_indices":[0,0,0,0,0,0,0,0,0,0,0],"split_type":[0,0,0,0,0,0,0,0,0,0,0],"sum_hessian":[9E0,4E0,5E0,1E0,3E0,4E0,1E0,2E0,1E0,2E0,2E0],"tree_param":{"num_deleted":"0","num_feature":"2","num_nodes":"11","size_leaf_vector":"1"}},{"base_weights":[2.0108795E-2,-8.743042E-1,7.621015E-1,-1.4419441E-1,-3.719082E-1,3.0604094E-1,1.5212022E-1,-4.2324066E-2,-1.0895538E-2,1.3631947E-2,3.737488E-2],"categories":[],"categories_nodes":[],"categories_segments":[],"categories_sizes":[],"default_left":[0,0,0,0,0,0,0,0,0,0,0],"id":38,"left_children":[1,3,5,-1,7,9,-1,-1,-1,-1,-1],"loss_changes":[7.302788E0,8.8962936E-1,1.6116245E0,0E0,7.8777075E-3,6.508082E-3,0E0,0E0,0E0,0E0,0E0],"parents":[2147483647,0,0,1,1,2,2,4,4,5,5],"right_children":[2,4,6,-1,8,10,-1,-1,-1,-1,-1],"split_conditions":[5.0702965E-1,9.805462E-2,1E0,-1.4419441E-1,3.0142525E-1,7.082051E-1,1.5212022E-1,-4.2324066E-2,-1.0895538E-2,1.3631947E-2,3.737488E-2],"split_indices":[0,0,0,0,0,0,0,0,0,0,0],"split_type":[0,0,0,0,0,0,0,0,0,0,0],"sum_hessian":[9E0,4E0,5E0,1E0,3E0,4E0,1E0,2E0,1E0,2E0,2E0],"tree_param":{"num_deleted":"0","num_feature":"2","num_nodes":"11","size_leaf_vector":"1"}},{"base_weights":[1.8668365E-2,-8.2635653E-1,7.197444E-1,-1.3698463E-1,-3.4802246E-1,2.856369E-1,1.4451408E-1,-3.9502464E-2,-1.03508E-2,1.2723033E-2,3.488312E-2],"categories":[],"categories_nodes":[],"categories_segments":[],"categories_sizes":[],"default_left":[0,0,0,0,0,0,0,0,0,0,0],"id":39,"left_children":[1,3,5,-1,7,9,-1,-1,-1,-1,-1],"loss_changes":[6.519032E0,8.2311153E-1,1.4766147E0,0E0,5.0826073E-3,5.670041E-3,0E0,0E0,0E0,0E0,0E0],"parents":[2147483647,0,0,1,1,2,2,4,4,5,5],"right_children":[2,4,6,-1,8,10,-1,-1,-1,-1,-1],"split_conditions":[5.0702965E-1,9.805462E-2,1E0,-1.3698463E-1,3.0142525E-1,7.082051E-1,1.4451408E-1,-3.9502464E-2,-1.03508E-2,1.2723033E-2,3.488312E-2],"split_indices":[0,0,0,0,0,0,0,0,0,0,0],"split_type":[0,0,0,0,0,0,0,0,0,0,0],"sum_hessian":[9E0,4E0,5E0,1E0,3E0,4E0,1E0,2E0,1E0,2E0,2E0],"tree_param":{"num_deleted":"0","num_feature":"2","num_nodes":"11","size_leaf_vector":"1"}},{"base_weights":[1.733017E-2,-7.8108674E-1,6.7978925E-1,-1.3013534E-1,-3.256817E-1,2.6659393E-1,1.3728829E-1,-3.6868796E-2,-9.833145E-3,1.1874644E-2,3.2557677E-2],"categories":[],"categories_nodes":[],"categories_segments":[],"categories_sizes":[],"default_left":[0,0,0,0,0,0,0,0,0,0,0],"id":40,"left_children":[1,3,5,-1,7,9,-1,-1,-1,-1,-1],"loss_changes":[5.8201594E0,7.608335E-1,1.3522959E0,0E0,2.856344E-3,4.941225E-3,0E0,0E0,0E0,0E0,0E0],"parents":[2147483647,0,0,1,1,2,2,4,4,5,5],"right_children":[2,4,6,-1,8,10,-1,-1,-1,-1,-1],"split_conditions":[5.0702965E-1,9.805462E-2,1E0,-1.3013534E-1,3.0142525E-1,7.082051E-1,1.3728829E-1,-3.6868796E-2,-9.833145E-3,1.1874644E-2,3.2557677E-2],"split_indices":[0,0,0,0,0,0,0,0,0,0,0],"split_type":[0,0,0,0,0,0,0,0,0,0,0],"sum_hessian":[9E0,4E0,5E0,1E0,3E0,4E0,1E0,2E0,1E0,2E0,2E0],"tree_param":{"num_deleted":"0","num_feature":"2","num_nodes":"11","size_leaf_vector":"1"}},{"base_weights":[1.6085815E-2,-7.383469E-1,6.420987E-1,-1.2362862E-1,-3.047905E-1,2.4882355E-1,1.3042374E-1,-3.4411114E-2,-9.341431E-3,1.1083222E-2,3.038737E-2],"categories":[],"categories_nodes":[],"categories_segments":[],"categories_sizes":[],"default_left":[0,0,0,0,0,0,0,0,0,0,0],"id":41,"left_children":[1,3,5,-1,7,9,-1,-1,-1,-1,-1],"loss_changes":[5.1969376E0,7.026155E-1,1.2378914E0,0E0,1.1008978E-3,4.3032467E-3,0E0,0E0,0E0,0E0,0E0],"parents":[2147483647,0,0,1,1,2,2,4,4,5,5],"right_children":[2,4,6,-1,8,10,-1,-1,-1,-1,-1],"split_conditions":[5.0702965E-1,9.805462E-2,1E0,-1.2362862E-1,3.0142525E-1,7.082051E-1,1.3042374E-1,-3.4411114E-2,-9.341431E-3,1.1083222E-2,3.038737E-2],"split_indices":[0,0,0,0,0,0,0,0,0,0,0],"split_type":[0,0,0,0,0,0,0,0,0,0,0],"sum_hessian":[9E0,4E0,5E0,1E0,3E0,4E0,1E0,2E0,1E0,2E0,2E0],"tree_param":{"num_deleted":"0","num_feature":"2","num_nodes":"11","size_leaf_vector":"1"}},{"base_weights":[1.492691E-2,-6.979904E-1,6.0653687E-1,-1.1744728E-1,-2.8525162E-2,2.322342E-1,1.23902515E-1,1.0344188E-2,2.8361512E-2],"categories":[],"categories_nodes":[],"categories_segments":[],"categories_sizes":[],"default_left":[0,0,0,0,0,0,0,0,0],"id":42,"left_children":[1,3,5,-1,-1,7,-1,-1,-1],"loss_changes":[4.641047E0,6.4829373E-1,1.1327081E0,0E0,0E0,3.7496686E-3,0E0,0E0,0E0],"parents":[2147483647,0,0,1,1,2,2,5,5],"right_children":[2,4,6,-1,-1,8,-1,-1,-1],"split_conditions":[5.0702965E-1,9.805462E-2,1E0,-1.1744728E-1,-2.8525162E-2,7.082051E-1,1.23902515E-1,1.0344188E-2,2.8361512E-2],"split_indices":[0,0,0,0,0,0,0,0,0],"split_type":[0,0,0,0,0,0,0,0,0],"sum_hessian":[9E0,4E0,5E0,1E0,3E0,4E0,1E0,2E0,2E0],"tree_param":{"num_deleted":"0","num_feature":"2","num_nodes":"9","size_leaf_vector":"1"}},{"base_weights":[1.5098572E-2,-6.5738523E-1,5.7298535E-1,-1.1157494E-1,-2.638569E-1,2.1675262E-1,1.17707446E-1,-3.0215455E-2,-7.4481964E-3,6.1618807E-3,2.4013137E-2],"categories":[],"categories_nodes":[],"categories_segments":[],"categories_sizes":[],"default_left":[0,0,0,0,0,0,0,0,0,0,0],"id":43,"left_children":[1,3,5,-1,7,9,-1,-1,-1,-1,-1],"loss_changes":[4.1283703E0,6.074984E-1,1.036044E0,0E0,6.5054E-3,3.337562E-3,0E0,0E0,0E0,0E0,0E0],"parents":[2147483647,0,0,1,1,2,2,4,4,5,5],"right_children":[2,4,6,-1,8,10,-1,-1,-1,-1,-1],"split_conditions":[5.0702965E-1,9.805462E-2,1E0,-1.1157494E-1,3.0142525E-1,6.1109036E-1,1.17707446E-1,-3.0215455E-2,-7.4481964E-3,6.1618807E-3,2.4013137E-2],"split_indices":[0,0,0,0,0,0,0,0,0,0,0],"split_type":[0,0,0,0,0,0,0,0,0,0,0],"sum_hessian":[9E0,4E0,5E0,1E0,3E0,4E0,1E0,2E0,1E0,1E0,3E0],"tree_param":{"num_deleted":"0","num_feature":"2","num_nodes":"11","size_leaf_vector":"1"}},{"base_weights":[1.3452912E-2,-6.2149656E-1,5.4033536E-1,-1.05996326E-1,-2.4688911E-1,2.011139E-1,1.1182213E-1,-2.8201295E-2,-7.075882E-3,1.0789871E-2,2.8698731E-2],"categories":[],"categories_nodes":[],"categories_segments":[],"categories_sizes":[],"default_left":[0,0,0,0,0,0,0,0,0,0,0],"id":44,"left_children":[1,3,5,-1,7,9,-1,-1,-1,-1,-1],"loss_changes":[3.681254E0,5.595709E-1,9.512979E-1,0E0,4.7905743E-3,9.057969E-3,0E0,0E0,0E0,0E0,0E0],"parents":[2147483647,0,0,1,1,2,2,4,4,5,5],"right_children":[2,4,6,-1,8,10,-1,-1,-1,-1,-1],"split_conditions":[5.0702965E-1,9.805462E-2,1E0,-1.05996326E-1,3.0142525E-1,7.951295E-1,1.1182213E-1,-2.8201295E-2,-7.075882E-3,1.0789871E-2,2.8698731E-2],"split_indices":[0,0,0,0,0,0,0,0,0,0,0],"split_type":[0,0,0,0,0,0,0,0,0,0,0],"sum_hessian":[9E0,4E0,5E0,1E0,3E0,4E0,1E0,2E0,1E0,3E0,1E0],"tree_param":{"num_deleted":"0","num_feature":"2","num_nodes":"11","size_leaf_vector":"1"}},{"base_weights":[1.3110352E-2,-5.8760375E-1,5.115204E-1,-1.0069656E-1,-2.3102188E-1,1.8890075E-1,1.0623093E-1,-2.6321411E-2,-6.72226E-3,9.9807745E-3,2.7263641E-2],"categories":[],"categories_nodes":[],"categories_segments":[],"categories_sizes":[],"default_left":[0,0,0,0,0,0,0,0,0,0,0],"id":45,"left_children":[1,3,5,-1,7,9,-1,-1,-1,-1,-1],"loss_changes":[3.2945907E0,5.150533E-1,8.655007E-1,0E0,3.398329E-3,1.0090083E-2,0E0,0E0,0E0,0E0,0E0],"parents":[2147483647,0,0,1,1,2,2,4,4,5,5],"right_children":[2,4,6,-1,8,10,-1,-1,-1,-1,-1],"split_conditions":[5.0702965E-1,9.805462E-2,1E0,-1.0069656E-1,3.0142525E-1,7.951295E-1,1.0623093E-1,-2.6321411E-2,-6.72226E-3,9.9807745E-3,2.7263641E-2],"split_indices":[0,0,0,0,0,0,0,0,0,0,0],"split_type":[0,0,0,0,0,0,0,0,0,0,0],"sum_hessian":[9E0,4E0,5E0,1E0,3E0,4E0,1E0,2E0,1E0,3E0,1E0],"tree_param":{"num_deleted":"0","num_feature":"2","num_nodes":"11","size_leaf_vector":"1"}},{"base_weights":[1.2773132E-2,-5.555908E-1,4.842809E-1,-9.566154E-2,-2.161808E-1,1.7745972E-1,1.0091934E-1,-2.456665E-2,-6.3861846E-3,9.23233E-3,2.5900269E-2],"categories":[],"categories_nodes":[],"categories_segments":[],"categories_sizes":[],"default_left":[0,0,0,0,0,0,0,0,0,0,0],"id":46,"left_children":[1,3,5,-1,7,9,-1,-1,-1,-1,-1],"loss_changes":[2.9489422E0,4.7375703E-1,7.8723454E-1,0E0,2.276212E-3,1.0799378E-2,0E0,0E0,0E0,0E0,0E0],"parents":[2147483647,0,0,1,1,2,2,4,4,5,5],"right_children":[2,4,6,-1,8,10,-1,-1,-1,-1,-1],"split_conditions":[5.0702965E-1,9.805462E-2,1E0,-9.566154E-2,3.0142525E-1,7.951295E-1,1.0091934E-1,-2.456665E-2,-6.3861846E-3,9.23233E-3,2.5900269E-2],"split_indices":[0,0,0,0,0,0,0,0,0,0,0],"split_type":[0,0,0,0,0,0,0,0,0,0,0],"sum_hessian":[9E0,4E0,5E0,1E0,3E0,4E0,1E0,2E0,1E0,3E0,1E0],"tree_param":{"num_deleted":"0","num_feature":"2","num_nodes":"11","size_leaf_vector":"1"}},{"base_weights":[1.2439728E-2,-5.25354E-1,4.585279E-1,-9.08783E-2,-2.0230103E-1,1.6674042E-1,9.587326E-2,-2.2928875E-2,-6.0668946E-3,8.539963E-3,2.460518E-2],"categories":[],"categories_nodes":[],"categories_segments":[],"categories_sizes":[],"default_left":[0,0,0,0,0,0,0,0,0,0,0],"id":47,"left_children":[1,3,5,-1,7,9,-1,-1,-1,-1,-1],"loss_changes":[2.6399233E0,4.3549168E-1,7.1586144E-1,0E0,1.3785958E-3,1.1243522E-2,0E0,0E0,0E0,0E0,0E0],"parents":[2147483647,0,0,1,1,2,2,4,4,5,5],"right_children":[2,4,6,-1,8,10,-1,-1,-1,-1,-1],"split_conditions":[5.0702965E-1,9.805462E-2,1E0,-9.08783E-2,3.0142525E-1,7.951295E-1,9.587326E-2,-2.2928875E-2,-6.0668946E-3,8.539963E-3,2.460518E-2],"split_indices":[0,0,0,0,0,0,0,0,0,0,0],"split_type":[0,0,0,0,0,0,0,0,0,0,0],"sum_hessian":[9E0,4E0,5E0,1E0,3E0,4E0,1E0,2E0,1E0,3E0,1E0],"tree_param":{"num_deleted":"0","num_feature":"2","num_nodes":"11","size_leaf_vector":"1"}},{"base_weights":[1.2110901E-2,-4.9679413E-1,4.3417993E-1,-8.633423E-2,-1.8932152E-1,1.5669708E-1,9.107971E-2,-2.1400452E-2,-5.763626E-3,7.899666E-3,2.337494E-2],"categories":[],"categories_nodes":[],"categories_segments":[],"categories_sizes":[],"default_left":[0,0,0,0,0,0,0,0,0,0,0],"id":48,"left_children":[1,3,5,-1,7,9,-1,-1,-1,-1,-1],"loss_changes":[2.3636286E0,4.0006828E-1,6.507993E-1,0E0,6.67125E-4,1.1469558E-2,0E0,0E0,0E0,0E0,0E0],"parents":[2147483647,0,0,1,1,2,2,4,4,5,5],"right_children":[2,4,6,-1,8,10,-1,-1,-1,-1,-1],"split_conditions":[5.0702965E-1,9.805462E-2,1E0,-8.633423E-2,3.0142525E-1,7.951295E-1,9.107971E-2,-2.1400452E-2,-5.763626E-3,7.899666E-3,2.337494E-2],"split_indices":[0,0,0,0,0,0,0,0,0,0,0],"split_type":[0,0,0,0,0,0,0,0,0,0,0],"sum_hessian":[9E0,4E0,5E0,1E0,3E0,4E0,1E0,2E0,1E0,3E0,1E0],"tree_param":{"num_deleted":"0","num_feature":"2","num_nodes":"11","size_leaf_vector":"1"}},{"base_weights":[1.1785889E-2,-4.6981508E-1,4.111557E-1,-8.201752E-2,-1.7718124E-1,1.4728394E-1,8.652573E-2,-1.9973755E-2,-5.4756165E-3,7.307434E-3,2.2206116E-2],"categories":[],"categories_nodes":[],"categories_segments":[],"categories_sizes":[],"default_left":[0,0,0,0,0,0,0,0,0,0,0],"id":49,"left_children":[1,3,5,-1,7,9,-1,-1,-1,-1,-1],"loss_changes":[2.116536E0,3.6731648E-1,5.915091E-1,0E0,1.0897219E-4,1.1518963E-2,0E0,0E0,0E0,0E0,0E0],"parents":[2147483647,0,0,1,1,2,2,4,4,5,5],"right_children":[2,4,6,-1,8,10,-1,-1,-1,-1,-1],"split_conditions":[5.0702965E-1,9.805462E-2,1E0,-8.201752E-2,3.0142525E-1,7.951295E-1,8.652573E-2,-1.9973755E-2,-5.4756165E-3,7.307434E-3,2.2206116E-2],"split_indices":[0,0,0,0,0,0,0,0,0,0,0],"split_type":[0,0,0,0,0,0,0,0,0,0,0],"sum_hessian":[9E0,4E0,5E0,1E0,3E0,4E0,1E0,2E0,1E0,3E0,1E0],"tree_param":{"num_deleted":"0","num_feature":"2","num_nodes":"11","size_leaf_vector":"1"}},{"base_weights":[1.1463928E-2,-2.4390793E-1,6.886342E-1,-6.5006256E-1,-1.7929077E-4,2.1095658E-2,8.219948E-2,-7.791672E-2,-1.9592667E-2,-9.048208E-3,6.759262E-3],"categories":[],"categories_nodes":[],"categories_segments":[],"categories_sizes":[],"default_left":[0,0,0,0,0,0,0,0,0,0,0],"id":50,"left_children":[1,3,5,7,9,-1,-1,-1,-1,-1,-1],"loss_changes":[1.8972658E0,7.918155E-1,1.7704844E-2,2.3233533E-2,4.2835876E-2,0E0,0E0,0E0,0E0,0E0,0E0],"parents":[2147483647,0,0,1,1,2,2,3,3,4,4],"right_children":[2,4,6,8,10,-1,-1,-1,-1,-1,-1],"split_conditions":[7.951295E-1,2.0249514E-1,1E0,9.805462E-2,5.0702965E-1,2.1095658E-2,8.219948E-2,-7.791672E-2,-1.9592667E-2,-9.048208E-3,6.759262E-3],"split_indices":[0,0,0,0,0,0,0,0,0,0,0],"split_type":[0,0,0,0,0,0,0,0,0,0,0],"sum_hessian":[9E0,7E0,2E0,2E0,5E0,1E0,1E0,1E0,1E0,2E0,3E0],"tree_param":{"num_deleted":"0","num_feature":"2","num_nodes":"11","size_leaf_vector":"1"}},{"base_weights":[1.0667419E-2,-2.3199177E-1,6.5420276E-1,-6.175588E-1,-5.4295856E-4,2.0040894E-2,7.808953E-2,-7.4020766E-2,-1.8613053E-2,-8.444977E-3,6.252289E-3],"categories":[],"categories_nodes":[],"categories_segments":[],"categories_sizes":[],"default_left":[0,0,0,0,0,0,0,0,0,0,0],"id":51,"left_children":[1,3,5,7,9,-1,-1,-1,-1,-1,-1],"loss_changes":[1.7133672E0,7.135769E-1,1.5978456E-2,2.0967364E-2,3.7029967E-2,0E0,0E0,0E0,0E0,0E0,0E0],"parents":[2147483647,0,0,1,1,2,2,3,3,4,4],"right_children":[2,4,6,8,10,-1,-1,-1,-1,-1,-1],"split_conditions":[7.951295E-1,2.0249514E-1,1E0,9.805462E-2,5.0702965E-1,2.0040894E-2,7.808953E-2,-7.4020766E-2,-1.8613053E-2,-8.444977E-3,6.252289E-3],"split_indices":[0,0,0,0,0,0,0,0,0,0,0],"split_type":[0,0,0,0,0,0,0,0,0,0,0],"sum_hessian":[9E0,7E0,2E0,2E0,5E0,1E0,1E0,1E0,1E0,2E0,3E0],"tree_param":{"num_deleted":"0","num_feature":"2","num_nodes":"11","size_leaf_vector":"1"}},{"base_weights":[9.931946E-3,-2.2064495E-1,6.2149304E-1,-5.866801E-1,-8.5322064E-4,1.9038772E-2,7.4185185E-2,-7.031975E-2,-1.7682267E-2,-7.881927E-3,5.7834624E-3],"categories":[],"categories_nodes":[],"categories_segments":[],"categories_sizes":[],"default_left":[0,0,0,0,0,0,0,0,0,0,0],"id":52,"left_children":[1,3,5,7,9,-1,-1,-1,-1,-1,-1],"loss_changes":[1.5472478E0,6.4311147E-1,1.4422536E-2,1.892531E-2,3.201244E-2,0E0,0E0,0E0,0E0,0E0,0E0],"parents":[2147483647,0,0,1,1,2,2,3,3,4,4],"right_children":[2,4,6,8,10,-1,-1,-1,-1,-1,-1],"split_conditions":[7.951295E-1,2.0249514E-1,1E0,9.805462E-2,5.0702965E-1,1.9038772E-2,7.4185185E-2,-7.031975E-2,-1.7682267E-2,-7.881927E-3,5.7834624E-3],"split_indices":[0,0,0,0,0,0,0,0,0,0,0],"split_type":[0,0,0,0,0,0,0,0,0,0,0],"sum_hessian":[9E0,7E0,2E0,2E0,5E0,1E0,1E0,1E0,1E0,2E0,3E0],"tree_param":{"num_deleted":"0","num_feature":"2","num_nodes":"11","size_leaf_vector":"1"}},{"base_weights":[9.251404E-3,-2.0984268E-1,5.904185E-1,-5.573451E-1,-1.1177063E-3,1.8087005E-2,7.047577E-2,-6.6803746E-2,-1.679802E-2,-7.3565166E-3,5.3497315E-3],"categories":[],"categories_nodes":[],"categories_segments":[],"categories_sizes":[],"default_left":[0,0,0,0,0,0,0,0,0,0,0],"id":53,"left_children":[1,3,5,7,9,-1,-1,-1,-1,-1,-1],"loss_changes":[1.3971977E0,5.7963645E-1,1.3012767E-2,1.7082095E-2,2.7675856E-2,0E0,0E0,0E0,0E0,0E0,0E0],"parents":[2147483647,0,0,1,1,2,2,3,3,4,4],"right_children":[2,4,6,8,10,-1,-1,-1,-1,-1,-1],"split_conditions":[7.951295E-1,2.0249514E-1,1E0,9.805462E-2,5.0702965E-1,1.8087005E-2,7.047577E-2,-6.6803746E-2,-1.679802E-2,-7.3565166E-3,5.3497315E-3],"split_indices":[0,0,0,0,0,0,0,0,0,0,0],"split_type":[0,0,0,0,0,0,0,0,0,0,0],"sum_hessian":[9E0,7E0,2E0,2E0,5E0,1E0,1E0,1E0,1E0,2E0,3E0],"tree_param":{"num_deleted":"0","num_feature":"2","num_nodes":"11","size_leaf_vector":"1"}},{"base_weights":[8.621979E-3,-1.9955921E-1,5.608978E-1,-5.294774E-1,-1.3402303E-3,1.7182542E-2,6.695213E-2,-6.346359E-2,-1.5958024E-2,-6.8662013E-3,4.948616E-3],"categories":[],"categories_nodes":[],"categories_segments":[],"categories_sizes":[],"default_left":[0,0,0,0,0,0,0,0,0,0,0],"id":54,"left_children":[1,3,5,7,9,-1,-1,-1,-1,-1,-1],"loss_changes":[1.2616668E0,5.224589E-1,1.1746466E-2,1.5418112E-2,2.3928158E-2,0E0,0E0,0E0,0E0,0E0,0E0],"parents":[2147483647,0,0,1,1,2,2,3,3,4,4],"right_children":[2,4,6,8,10,-1,-1,-1,-1,-1,-1],"split_conditions":[7.951295E-1,2.0249514E-1,1E0,9.805462E-2,5.0702965E-1,1.7182542E-2,6.695213E-2,-6.346359E-2,-1.5958024E-2,-6.8662013E-3,4.948616E-3],"split_indices":[0,0,0,0,0,0,0,0,0,0,0],"split_type":[0,0,0,0,0,0,0,0,0,0,0],"sum_hessian":[9E0,7E0,2E0,2E0,5E0,1E0,1E0,1E0,1E0,2E0,3E0],"tree_param":{"num_deleted":"0","num_feature":"2","num_nodes":"11","size_leaf_vector":"1"}},{"base_weights":[8.03833E-3,-1.8977165E-1,5.328522E-1,-5.030034E-1,-1.5271505E-3,1.6323471E-2,6.3604355E-2,-6.0290527E-2,-1.5159989E-2,-6.4084376E-3,4.5772553E-3],"categories":[],"categories_nodes":[],"categories_segments":[],"categories_sizes":[],"default_left":[0,0,0,0,0,0,0,0,0,0,0],"id":55,"left_children":[1,3,5,7,9,-1,-1,-1,-1,-1,-1],"loss_changes":[1.1392545E0,4.709452E-1,1.0599613E-2,1.3917148E-2,2.0686934E-2,0E0,0E0,0E0,0E0,0E0,0E0],"parents":[2147483647,0,0,1,1,2,2,3,3,4,4],"right_children":[2,4,6,8,10,-1,-1,-1,-1,-1,-1],"split_conditions":[7.951295E-1,2.0249514E-1,1E0,9.805462E-2,5.0702965E-1,1.6323471E-2,6.3604355E-2,-6.0290527E-2,-1.5159989E-2,-6.4084376E-3,4.5772553E-3],"split_indices":[0,0,0,0,0,0,0,0,0,0,0],"split_type":[0,0,0,0,0,0,0,0,0,0,0],"sum_hessian":[9E0,7E0,2E0,2E0,5E0,1E0,1E0,1E0,1E0,2E0,3E0],"tree_param":{"num_deleted":"0","num_feature":"2","num_nodes":"11","size_leaf_vector":"1"}},{"base_weights":[7.498169E-3,-1.8045521E-1,5.0620776E-1,-4.778544E-1,-1.6797384E-3,1.5507126E-2,6.042404E-2,-5.7276156E-2,-1.4402009E-2,-5.981191E-3,4.2339326E-3],"categories":[],"categories_nodes":[],"categories_segments":[],"categories_sizes":[],"default_left":[0,0,0,0,0,0,0,0,0,0,0],"id":56,"left_children":[1,3,5,7,9,-1,-1,-1,-1,-1,-1],"loss_changes":[1.0286894E0,4.245388E-1,9.568214E-3,1.2560606E-2,1.7885938E-2,0E0,0E0,0E0,0E0,0E0,0E0],"parents":[2147483647,0,0,1,1,2,2,3,3,4,4],"right_children":[2,4,6,8,10,-1,-1,-1,-1,-1,-1],"split_conditions":[7.951295E-1,2.0249514E-1,1E0,9.805462E-2,5.0702965E-1,1.5507126E-2,6.042404E-2,-5.7276156E-2,-1.4402009E-2,-5.981191E-3,4.2339326E-3],"split_indices":[0,0,0,0,0,0,0,0,0,0,0],"split_type":[0,0,0,0,0,0,0,0,0,0,0],"sum_hessian":[9E0,7E0,2E0,2E0,5E0,1E0,1E0,1E0,1E0,2E0,3E0],"tree_param":{"num_deleted":"0","num_feature":"2","num_nodes":"11","size_leaf_vector":"1"}},{"base_weights":[6.9984435E-3,-1.7158794E-1,4.80896E-1,-4.539617E-1,-1.8030802E-3,1.4731598E-2,5.74028E-2,-5.441246E-2,-1.3681794E-2,-5.582428E-3,3.916359E-3],"categories":[],"categories_nodes":[],"categories_segments":[],"categories_sizes":[],"default_left":[0,0,0,0,0,0,0,0,0,0,0],"id":57,"left_children":[1,3,5,7,9,-1,-1,-1,-1,-1,-1],"loss_changes":[9.288325E-1,3.8272375E-1,8.637428E-3,1.1337817E-2,1.5464691E-2,0E0,0E0,0E0,0E0,0E0,0E0],"parents":[2147483647,0,0,1,1,2,2,3,3,4,4],"right_children":[2,4,6,8,10,-1,-1,-1,-1,-1,-1],"split_conditions":[7.951295E-1,2.0249514E-1,1E0,9.805462E-2,5.0702965E-1,1.4731598E-2,5.74028E-2,-5.441246E-2,-1.3681794E-2,-5.582428E-3,3.916359E-3],"split_indices":[0,0,0,0,0,0,0,0,0,0,0],"split_type":[0,0,0,0,0,0,0,0,0,0,0],"sum_hessian":[9E0,7E0,2E0,2E0,5E0,1E0,1E0,1E0,1E0,2E0,3E0],"tree_param":{"num_deleted":"0","num_feature":"2","num_nodes":"11","size_leaf_vector":"1"}},{"base_weights":[6.536865E-3,-1.6314793E-1,4.5685068E-1,-4.3126425E-1,-1.8984476E-3,1.399498E-2,5.4532625E-2,-5.169182E-2,-1.2997818E-2,-5.2101137E-3,3.622818E-2,1.0757446E-3,4.113261E-3],"categories":[],"categories_nodes":[],"categories_segments":[],"categories_sizes":[],"default_left":[0,0,0,0,0,0,0,0,0,0,0,0,0],"id":58,"left_children":[1,3,5,7,9,-1,-1,-1,-1,-1,11,-1,-1],"loss_changes":[8.386483E-1,3.4505022E-1,7.7955723E-3,1.0230958E-2,1.3371885E-2,0E0,0E0,0E0,0E0,0E0,5.719578E-5,0E0,0E0],"parents":[2147483647,0,0,1,1,2,2,3,3,4,4,10,10],"right_children":[2,4,6,8,10,-1,-1,-1,-1,-1,12,-1,-1],"split_conditions":[7.951295E-1,2.0249514E-1,1E0,9.805462E-2,5.0702965E-1,1.399498E-2,5.4532625E-2,-5.169182E-2,-1.2997818E-2,-5.2101137E-3,6.1109036E-1,1.0757446E-3,4.113261E-3],"split_indices":[0,0,0,0,0,0,0,0,0,0,0,0,0],"split_type":[0,0,0,0,0,0,0,0,0,0,0,0,0],"sum_hessian":[9E0,7E0,2E0,2E0,5E0,1E0,1E0,1E0,1E0,2E0,3E0,1E0,2E0],"tree_param":{"num_deleted":"0","num_feature":"2","num_nodes":"13","size_leaf_vector":"1"}},{"base_weights":[6.265259E-3,-1.5492153E-1,4.3400827E-1,-4.0970102E-1,-1.7115275E-3,1.3295365E-2,5.180588E-2,-4.910736E-2,-1.2347794E-2,-4.8627215E-3,3.3903122E-2,1.0219574E-3,3.8391114E-3],"categories":[],"categories_nodes":[],"categories_segments":[],"categories_sizes":[],"default_left":[0,0,0,0,0,0,0,0,0,0,0,0,0],"id":59,"left_children":[1,3,5,7,9,-1,-1,-1,-1,-1,11,-1,-1],"loss_changes":[7.567024E-1,3.115769E-1,7.033646E-3,9.235382E-3,1.1673929E-2,0E0,0E0,0E0,0E0,0E0,3.2825395E-5,0E0,0E0],"parents":[2147483647,0,0,1,1,2,2,3,3,4,4,10,10],"right_children":[2,4,6,8,10,-1,-1,-1,-1,-1,12,-1,-1],"split_conditions":[7.951295E-1,2.0249514E-1,1E0,9.805462E-2,5.0702965E-1,1.3295365E-2,5.180588E-2,-4.910736E-2,-1.2347794E-2,-4.8627215E-3,6.1109036E-1,1.0219574E-3,3.8391114E-3],"split_indices":[0,0,0,0,0,0,0,0,0,0,0,0,0],"split_type":[0,0,0,0,0,0,0,0,0,0,0,0,0],"sum_hessian":[9E0,7E0,2E0,2E0,5E0,1E0,1E0,1E0,1E0,2E0,3E0,1E0,2E0],"tree_param":{"num_deleted":"0","num_feature":"2","num_nodes":"13","size_leaf_vector":"1"}},{"base_weights":[6.0028075E-3,-1.471119E-1,4.1230774E-1,-3.892161E-1,-1.5411377E-3,1.2630463E-2,4.92157E-2,-4.665184E-2,-1.1730576E-2,-4.538727E-3,3.1728745E-2,9.7084045E-4,3.5832722E-3],"categories":[],"categories_nodes":[],"categories_segments":[],"categories_sizes":[],"default_left":[0,0,0,0,0,0,0,0,0,0,0,0,0],"id":60,"left_children":[1,3,5,7,9,-1,-1,-1,-1,-1,11,-1,-1],"loss_changes":[6.82768E-1,2.813465E-1,6.349683E-3,8.33258E-3,1.0192614E-2,0E0,0E0,0E0,0E0,0E0,1.3605226E-5,0E0,0E0],"parents":[2147483647,0,0,1,1,2,2,3,3,4,4,10,10],"right_children":[2,4,6,8,10,-1,-1,-1,-1,-1,12,-1,-1],"split_conditions":[7.951295E-1,2.0249514E-1,1E0,9.805462E-2,5.0702965E-1,1.2630463E-2,4.92157E-2,-4.665184E-2,-1.1730576E-2,-4.538727E-3,6.1109036E-1,9.7084045E-4,3.5832722E-3],"split_indices":[0,0,0,0,0,0,0,0,0,0,0,0,0],"split_type":[0,0,0,0,0,0,0,0,0,0,0,0,0],"sum_hessian":[9E0,7E0,2E0,2E0,5E0,1E0,1E0,1E0,1E0,2E0,3E0,1E0,2E0],"tree_param":{"num_deleted":"0","num_feature":"2","num_nodes":"13","size_leaf_vector":"1"}},{"base_weights":[5.7502748E-3,-1.3969612E-1,3.9169058E-1,-3.697535E-1,-1.3847351E-3,1.1998749E-2,4.6754837E-2,-4.4319153E-2,-1.1143875E-2,-4.236094E-3,2.9693604E-3],"categories":[],"categories_nodes":[],"categories_segments":[],"categories_sizes":[],"default_left":[0,0,0,0,0,0,0,0,0,0,0],"id":61,"left_children":[1,3,5,7,9,-1,-1,-1,-1,-1,-1],"loss_changes":[6.1605394E-1,2.5404447E-1,5.732417E-3,7.521659E-3,8.898684E-3,0E0,0E0,0E0,0E0,0E0,0E0],"parents":[2147483647,0,0,1,1,2,2,3,3,4,4],"right_children":[2,4,6,8,10,-1,-1,-1,-1,-1,-1],"split_conditions":[7.951295E-1,2.0249514E-1,1E0,9.805462E-2,5.0702965E-1,1.1998749E-2,4.6754837E-2,-4.4319153E-2,-1.1143875E-2,-4.236094E-3,2.9693604E-3],"split_indices":[0,0,0,0,0,0,0,0,0,0,0],"split_type":[0,0,0,0,0,0,0,0,0,0,0],"sum_hessian":[9E0,7E0,2E0,2E0,5E0,1E0,1E0,1E0,1E0,2E0,3E0],"tree_param":{"num_deleted":"0","num_feature":"2","num_nodes":"11","size_leaf_vector":"1"}},{"base_weights":[5.3779604E-3,-1.3281727E-1,3.7210593E-1,-3.5126495E-1,-1.4572144E-3,1.1398697E-2,4.441719E-2,-4.2103197E-2,-1.0586548E-2,-3.9538066E-3,2.7467728E-2,7.740021E-4,3.1463623E-3],"categories":[],"categories_nodes":[],"categories_segments":[],"categories_sizes":[],"default_left":[0,0,0,0,0,0,0,0,0,0,0,0,0],"id":62,"left_children":[1,3,5,7,9,-1,-1,-1,-1,-1,11,-1,-1],"loss_changes":[5.562227E-1,2.2905055E-1,5.1749647E-3,6.7896247E-3,7.694939E-3,0E0,0E0,0E0,0E0,0E0,7.17903E-5,0E0,0E0],"parents":[2147483647,0,0,1,1,2,2,3,3,4,4,10,10],"right_children":[2,4,6,8,10,-1,-1,-1,-1,-1,12,-1,-1],"split_conditions":[7.951295E-1,2.0249514E-1,1E0,9.805462E-2,5.0702965E-1,1.1398697E-2,4.441719E-2,-4.2103197E-2,-1.0586548E-2,-3.9538066E-3,6.1109036E-1,7.740021E-4,3.1463623E-3],"split_indices":[0,0,0,0,0,0,0,0,0,0,0,0,0],"split_type":[0,0,0,0,0,0,0,0,0,0,0,0,0],"sum_hessian":[9E0,7E0,2E0,2E0,5E0,1E0,1E0,1E0,1E0,2E0,3E0,1E0,2E0],"tree_param":{"num_deleted":"0","num_feature":"2","num_nodes":"13","size_leaf_vector":"1"}},{"base_weights":[5.150604E-3,-1.2612438E-1,3.5350037E-1,-3.3369955E-1,-1.3160706E-3,1.0828781E-2,4.2196274E-2,-3.9997865E-2,-1.0057068E-2,-3.6903382E-3,2.570343E-2,7.3547364E-4,2.9368082E-3],"categories":[],"categories_nodes":[],"categories_segments":[],"categories_sizes":[],"default_left":[0,0,0,0,0,0,0,0,0,0,0,0,0],"id":63,"left_children":[1,3,5,7,9,-1,-1,-1,-1,-1,11,-1,-1],"loss_changes":[5.018811E-1,2.0681767E-1,4.6700537E-3,6.1285794E-3,6.717852E-3,0E0,0E0,0E0,0E0,0E0,5.2971765E-5,0E0,0E0],"parents":[2147483647,0,0,1,1,2,2,3,3,4,4,10,10],"right_children":[2,4,6,8,10,-1,-1,-1,-1,-1,12,-1,-1],"split_conditions":[7.951295E-1,2.0249514E-1,1E0,9.805462E-2,5.0702965E-1,1.0828781E-2,4.2196274E-2,-3.9997865E-2,-1.0057068E-2,-3.6903382E-3,6.1109036E-1,7.3547364E-4,2.9368082E-3],"split_indices":[0,0,0,0,0,0,0,0,0,0,0,0,0],"split_type":[0,0,0,0,0,0,0,0,0,0,0,0,0],"sum_hessian":[9E0,7E0,2E0,2E0,5E0,1E0,1E0,1E0,1E0,2E0,3E0,1E0,2E0],"tree_param":{"num_deleted":"0","num_feature":"2","num_nodes":"13","size_leaf_vector":"1"}},{"base_weights":[4.931641E-3,-1.1977005E-1,3.358256E-1,-3.1701407E-1,-1.1863708E-3,1.0287476E-2,4.0086366E-2,-3.799782E-2,-9.554291E-3,-3.444163E-2,2.4051666E-2,-4.1675568E-3,-9.986878E-4,6.988525E-4,2.7409873E-3],"categories":[],"categories_nodes":[],"categories_segments":[],"categories_sizes":[],"default_left":[0,0,0,0,0,0,0,0,0,0,0,0,0,0,0],"id":64,"left_children":[1,3,5,7,9,-1,-1,-1,-1,11,13,-1,-1,-1,-1],"loss_changes":[4.528522E-1,1.8674326E-1,4.2132735E-3,5.5299997E-3,5.8641634E-3,0E0,0E0,0E0,0E0,1.1450378E-4,3.765151E-5,0E0,0E0,0E0,0E0],"parents":[2147483647,0,0,1,1,2,2,3,3,4,4,9,9,10,10],"right_children":[2,4,6,8,10,-1,-1,-1,-1,12,14,-1,-1,-1,-1],"split_conditions":[7.951295E-1,2.0249514E-1,1E0,9.805462E-2,5.0702965E-1,1.0287476E-2,4.0086366E-2,-3.799782E-2,-9.554291E-3,3.0142525E-1,6.1109036E-1,-4.1675568E-3,-9.986878E-4,6.988525E-4,2.7409873E-3],"split_indices":[0,0,0,0,0,0,0,0,0,0,0,0,0,0,0],"split_type":[0,0,0,0,0,0,0,0,0,0,0,0,0,0,0],"sum_hessian":[9E0,7E0,2E0,2E0,5E0,1E0,1E0,1E0,1E0,2E0,3E0,1E0,1E0,1E0,2E0],"tree_param":{"num_deleted":"0","num_feature":"2","num_nodes":"15","size_leaf_vector":"1"}},{"base_weights":[4.547882E-3,-1.1395359E-1,3.1903586E-1,-3.0116525E-1,-1.3554891E-3,9.773254E-3,3.8082123E-2,-3.60981E-2,-9.076691E-3,-3.271993E-2,2.2506714E-2,-3.9592744E-3,-9.487152E-4,6.637573E-4,2.5583904E-3],"categories":[],"categories_nodes":[],"categories_segments":[],"categories_sizes":[],"default_left":[0,0,0,0,0,0,0,0,0,0,0,0,0,0,0],"id":65,"left_children":[1,3,5,7,9,-1,-1,-1,-1,11,13,-1,-1,-1,-1],"loss_changes":[4.0902814E-1,1.6822922E-1,3.8012862E-3,4.99025E-3,5.226966E-3,0E0,0E0,0E0,0E0,1.0340125E-4,2.551428E-5,0E0,0E0,0E0,0E0],"parents":[2147483647,0,0,1,1,2,2,3,3,4,4,9,9,10,10],"right_children":[2,4,6,8,10,-1,-1,-1,-1,12,14,-1,-1,-1,-1],"split_conditions":[7.951295E-1,2.0249514E-1,1E0,9.805462E-2,5.0702965E-1,9.773254E-3,3.8082123E-2,-3.60981E-2,-9.076691E-3,3.0142525E-1,6.1109036E-1,-3.9592744E-3,-9.487152E-4,6.637573E-4,2.5583904E-3],"split_indices":[0,0,0,0,0,0,0,0,0,0,0,0,0,0,0],"split_type":[0,0,0,0,0,0,0,0,0,0,0,0,0,0,0],"sum_hessian":[9E0,7E0,2E0,2E0,5E0,1E0,1E0,1E0,1E0,2E0,3E0,1E0,1E0,1E0,2E0],"tree_param":{"num_deleted":"0","num_feature":"2","num_nodes":"15","size_leaf_vector":"1"}},{"base_weights":[4.1923523E-3,-1.084156E-1,3.030828E-1,-2.861074E-1,-1.5004476E-3,9.284592E-3,3.6177825E-2,-3.4293365E-2,-8.622742E-3,-3.1084696E-2,2.1062851E-2,-3.7612915E-3,-9.01413E-4,6.3056947E-4,2.3880005E-3],"categories":[],"categories_nodes":[],"categories_segments":[],"categories_sizes":[],"default_left":[0,0,0,0,0,0,0,0,0,0,0,0,0,0,0],"id":66,"left_children":[1,3,5,7,9,-1,-1,-1,-1,11,13,-1,-1,-1,-1],"loss_changes":[3.694333E-1,1.5155429E-1,3.4302473E-3,4.5049936E-3,4.659842E-3,0E0,0E0,0E0,0E0,9.319675E-5,1.5712576E-5,0E0,0E0,0E0,0E0],"parents":[2147483647,0,0,1,1,2,2,3,3,4,4,9,9,10,10],"right_children":[2,4,6,8,10,-1,-1,-1,-1,12,14,-1,-1,-1,-1],"split_conditions":[7.951295E-1,2.0249514E-1,1E0,9.805462E-2,5.0702965E-1,9.284592E-3,3.6177825E-2,-3.4293365E-2,-8.622742E-3,3.0142525E-1,6.1109036E-1,-3.7612915E-3,-9.01413E-4,6.3056947E-4,2.3880005E-3],"split_indices":[0,0,0,0,0,0,0,0,0,0,0,0,0,0,0],"split_type":[0,0,0,0,0,0,0,0,0,0,0,0,0,0,0],"sum_hessian":[9E0,7E0,2E0,2E0,5E0,1E0,1E0,1E0,1E0,2E0,3E0,1E0,1E0,1E0,2E0],"tree_param":{"num_deleted":"0","num_feature":"2","num_nodes":"15","size_leaf_vector":"1"}},{"base_weights":[3.8627624E-3,-1.03144646E-1,2.8792825E-1,-2.7180228E-1,-1.625061E-3,8.820343E-3,3.43689E-2,-3.257866E-2,-8.1916815E-3,-2.9530844E-2,1.971054E-2,-3.573227E-3,-8.5639954E-4,5.9890747E-4,2.2288004E-3],"categories":[],"categories_nodes":[],"categories_segments":[],"categories_sizes":[],"default_left":[0,0,0,0,0,0,0,0,0,0,0,0,0,0,0],"id":67,"left_children":[1,3,5,7,9,-1,-1,-1,-1,11,13,-1,-1,-1,-1],"loss_changes":[3.336694E-1,1.3653472E-1,3.0958503E-3,4.0651113E-3,4.1543883E-3,0E0,0E0,0E0,0E0,8.406211E-5,7.9819E-6,0E0,0E0,0E0,0E0],"parents":[2147483647,0,0,1,1,2,2,3,3,4,4,9,9,10,10],"right_children":[2,4,6,8,10,-1,-1,-1,-1,12,14,-1,-1,-1,-1],"split_conditions":[7.951295E-1,2.0249514E-1,1E0,9.805462E-2,5.0702965E-1,8.820343E-3,3.43689E-2,-3.257866E-2,-8.1916815E-3,3.0142525E-1,6.1109036E-1,-3.573227E-3,-8.5639954E-4,5.9890747E-4,2.2288004E-3],"split_indices":[0,0,0,0,0,0,0,0,0,0,0,0,0,0,0],"split_type":[0,0,0,0,0,0,0,0,0,0,0,0,0,0,0],"sum_hessian":[9E0,7E0,2E0,2E0,5E0,1E0,1E0,1E0,1E0,2E0,3E0,1E0,1E0,1E0,2E0],"tree_param":{"num_deleted":"0","num_feature":"2","num_nodes":"15","size_leaf_vector":"1"}},{"base_weights":[3.5583496E-3,-9.812641E-2,2.735316E-1,-2.5821176E-1,-1.7293295E-3,8.379364E-3,3.2650378E-2,-3.0949784E-2,-7.7819824E-3,-2.8055826E-2,1.8447876E-2,-3.3946992E-3,-8.1367494E-4,5.691528E-4,2.0802817E-3],"categories":[],"categories_nodes":[],"categories_segments":[],"categories_sizes":[],"default_left":[0,0,0,0,0,0,0,0,0,0,0,0,0,0,0],"id":68,"left_children":[1,3,5,7,9,-1,-1,-1,-1,11,13,-1,-1,-1,-1],"loss_changes":[3.013623E-1,1.2300756E-1,2.7935654E-3,3.669709E-3,3.7047411E-3,0E0,0E0,0E0,0E0,7.582153E-5,1.7619459E-6,0E0,0E0,0E0,0E0],"parents":[2147483647,0,0,1,1,2,2,3,3,4,4,9,9,10,10],"right_children":[2,4,6,8,10,-1,-1,-1,-1,12,14,-1,-1,-1,-1],"split_conditions":[7.951295E-1,2.0249514E-1,1E0,9.805462E-2,5.0702965E-1,8.379364E-3,3.2650378E-2,-3.0949784E-2,-7.7819824E-3,3.0142525E-1,6.1109036E-1,-3.3946992E-3,-8.1367494E-4,5.691528E-4,2.0802817E-3],"split_indices":[0,0,0,0,0,0,0,0,0,0,0,0,0,0,0],"split_type":[0,0,0,0,0,0,0,0,0,0,0,0,0,0,0],"sum_hessian":[9E0,7E0,2E0,2E0,5E0,1E0,1E0,1E0,1E0,2E0,3E0,1E0,1E0,1E0,2E0],"tree_param":{"num_deleted":"0","num_feature":"2","num_nodes":"15","size_leaf_vector":"1"}},{"base_weights":[3.276062E-3,-9.335041E-2,2.5985464E-1,-2.453003E-1,-1.8170675E-3,7.96051E-3,3.1017685E-2,-2.9402161E-2,-7.3928833E-3,-2.6652018E-2,1.7263413E-3,-3.2249452E-3,-7.728577E-4],"categories":[],"categories_nodes":[],"categories_segments":[],"categories_sizes":[],"default_left":[0,0,0,0,0,0,0,0,0,0,0,0,0],"id":69,"left_children":[1,3,5,7,9,-1,-1,-1,-1,11,-1,-1,-1],"loss_changes":[2.7218038E-1,1.1082212E-1,2.519995E-3,3.311649E-3,3.3032813E-3,0E0,0E0,0E0,0E0,6.852555E-5,0E0,0E0,0E0],"parents":[2147483647,0,0,1,1,2,2,3,3,4,4,9,9],"right_children":[2,4,6,8,10,-1,-1,-1,-1,12,-1,-1,-1],"split_conditions":[7.951295E-1,2.0249514E-1,1E0,9.805462E-2,5.0702965E-1,7.96051E-3,3.1017685E-2,-2.9402161E-2,-7.3928833E-3,3.0142525E-1,1.7263413E-3,-3.2249452E-3,-7.728577E-4],"split_indices":[0,0,0,0,0,0,0,0,0,0,0,0,0],"split_type":[0,0,0,0,0,0,0,0,0,0,0,0,0],"sum_hessian":[9E0,7E0,2E0,2E0,5E0,1E0,1E0,1E0,1E0,2E0,3E0,1E0,1E0],"tree_param":{"num_deleted":"0","num_feature":"2","num_nodes":"13","size_leaf_vector":"1"}},{"base_weights":[2.9403686E-3,-8.8897705E-2,2.4686177E-1,-2.3303477E-1,-2.0128887E-3,7.5626373E-3,2.9466629E-2,-2.7931977E-2,-7.023239E-3,-2.5319418E-2,1.597023E-2,-3.0635835E-3,-7.343292E-4,7.2046916E-4,2.1133423E-3],"categories":[],"categories_nodes":[],"categories_segments":[],"categories_sizes":[],"default_left":[0,0,0,0,0,0,0,0,0,0,0,0,0,0,0],"id":70,"left_children":[1,3,5,7,9,-1,-1,-1,-1,11,13,-1,-1,-1,-1],"loss_changes":[2.4595818E-1,9.971749E-2,2.2729337E-3,2.9886365E-3,2.9191014E-3,0E0,0E0,0E0,0E0,6.173772E-5,2.8772862E-5,0E0,0E0,0E0,0E0],"parents":[2147483647,0,0,1,1,2,2,3,3,4,4,9,9,10,10],"right_children":[2,4,6,8,10,-1,-1,-1,-1,12,14,-1,-1,-1,-1],"split_conditions":[7.951295E-1,2.0249514E-1,1E0,9.805462E-2,5.0702965E-1,7.5626373E-3,2.9466629E-2,-2.7931977E-2,-7.023239E-3,3.0142525E-1,7.082051E-1,-3.0635835E-3,-7.343292E-4,7.2046916E-4,2.1133423E-3],"split_indices":[0,0,0,0,0,0,0,0,0,0,0,0,0,0,0],"split_type":[0,0,0,0,0,0,0,0,0,0,0,0,0,0,0],"sum_hessian":[9E0,7E0,2E0,2E0,5E0,1E0,1E0,1E0,1E0,2E0,3E0,1E0,1E0,2E0,1E0],"tree_param":{"num_deleted":"0","num_feature":"2","num_nodes":"15","size_leaf_vector":"1"}},{"base_weights":[2.758789E-3,-8.44965E-2,2.3451996E-1,-2.2138214E-1,-1.970927E-3,7.184601E-3,2.7993394E-2,-2.6535416E-2,-6.6719055E-3,-2.4052938E-2,1.5083313E-2,-2.9102326E-3,-6.9770816E-4,6.726583E-4,2.0076751E-3],"categories":[],"categories_nodes":[],"categories_segments":[],"categories_sizes":[],"default_left":[0,0,0,0,0,0,0,0,0,0,0,0,0,0,0],"id":71,"left_children":[1,3,5,7,9,-1,-1,-1,-1,11,13,-1,-1,-1,-1],"loss_changes":[2.2203998E-1,8.99362E-2,2.0508766E-3,2.6983619E-3,2.6223494E-3,0E0,0E0,0E0,0E0,5.5618584E-5,3.1867297E-5,0E0,0E0,0E0,0E0],"parents":[2147483647,0,0,1,1,2,2,3,3,4,4,9,9,10,10],"right_children":[2,4,6,8,10,-1,-1,-1,-1,12,14,-1,-1,-1,-1],"split_conditions":[7.951295E-1,2.0249514E-1,1E0,9.805462E-2,5.0702965E-1,7.184601E-3,2.7993394E-2,-2.6535416E-2,-6.6719055E-3,3.0142525E-1,7.082051E-1,-2.9102326E-3,-6.9770816E-4,6.726583E-4,2.0076751E-3],"split_indices":[0,0,0,0,0,0,0,0,0,0,0,0,0,0,0],"split_type":[0,0,0,0,0,0,0,0,0,0,0,0,0,0,0],"sum_hessian":[9E0,7E0,2E0,2E0,5E0,1E0,1E0,1E0,1E0,2E0,3E0,1E0,1E0,2E0,1E0],"tree_param":{"num_deleted":"0","num_feature":"2","num_nodes":"15","size_leaf_vector":"1"}},{"base_weights":[2.5863647E-3,-8.0314636E-2,2.2279358E-1,-2.1031444E-1,-1.9289652E-3,6.8252566E-3,2.659378E-2,-2.5208665E-2,-6.338501E-3,-2.285258E-2,1.4245987E-2,-2.7648925E-3,-6.629944E-4,6.278992E-4,1.9073486E-3],"categories":[],"categories_nodes":[],"categories_segments":[],"categories_sizes":[],"default_left":[0,0,0,0,0,0,0,0,0,0,0,0,0,0,0],"id":72,"left_children":[1,3,5,7,9,-1,-1,-1,-1,11,13,-1,-1,-1,-1],"loss_changes":[2.0044757E-1,8.1115276E-2,1.8517077E-3,2.4341792E-3,2.3561881E-3,0E0,0E0,0E0,0E0,5.0117378E-5,3.408041E-5,0E0,0E0,0E0,0E0],"parents":[2147483647,0,0,1,1,2,2,3,3,4,4,9,9,10,10],"right_children":[2,4,6,8,10,-1,-1,-1,-1,12,14,-1,-1,-1,-1],"split_conditions":[7.951295E-1,2.0249514E-1,1E0,9.805462E-2,5.0702965E-1,6.8252566E-3,2.659378E-2,-2.5208665E-2,-6.338501E-3,3.0142525E-1,7.082051E-1,-2.7648925E-3,-6.629944E-4,6.278992E-4,1.9073486E-3],"split_indices":[0,0,0,0,0,0,0,0,0,0,0,0,0,0,0],"split_type":[0,0,0,0,0,0,0,0,0,0,0,0,0,0,0],"sum_hessian":[9E0,7E0,2E0,2E0,5E0,1E0,1E0,1E0,1E0,2E0,3E0,1E0,1E0,2E0,1E0],"tree_param":{"num_deleted":"0","num_feature":"2","num_nodes":"15","size_leaf_vector":"1"}},{"base_weights":[2.4253845E-3,-7.6337814E-2,2.1165211E-1,-1.9979858E-1,-1.8844604E-3,6.483841E-3,2.5263978E-2,-2.3948288E-2,-6.0214996E-3,-2.1710714E-2,1.3456345E-2,-2.6268007E-3,-6.2980654E-4,5.8619183E-4,1.8119812E-3],"categories":[],"categories_nodes":[],"categories_segments":[],"categories_sizes":[],"default_left":[0,0,0,0,0,0,0,0,0,0,0,0,0,0,0],"id":73,"left_children":[1,3,5,7,9,-1,-1,-1,-1,11,13,-1,-1,-1,-1],"loss_changes":[1.8095073E-1,7.316004E-2,1.6718805E-3,2.19737E-3,2.1170508E-3,0E0,0E0,0E0,0E0,4.5282184E-5,3.5448582E-5,0E0,0E0,0E0,0E0],"parents":[2147483647,0,0,1,1,2,2,3,3,4,4,9,9,10,10],"right_children":[2,4,6,8,10,-1,-1,-1,-1,12,14,-1,-1,-1,-1],"split_conditions":[7.951295E-1,2.0249514E-1,1E0,9.805462E-2,5.0702965E-1,6.483841E-3,2.5263978E-2,-2.3948288E-2,-6.0214996E-3,3.0142525E-1,7.082051E-1,-2.6268007E-3,-6.2980654E-4,5.8619183E-4,1.8119812E-3],"split_indices":[0,0,0,0,0,0,0,0,0,0,0,0,0,0,0],"split_type":[0,0,0,0,0,0,0,0,0,0,0,0,0,0,0],"sum_hessian":[9E0,7E0,2E0,2E0,5E0,1E0,1E0,1E0,1E0,2E0,3E0,1E0,1E0,2E0,1E0],"tree_param":{"num_deleted":"0","num_feature":"2","num_nodes":"15","size_leaf_vector":"1"}},{"base_weights":[2.2743226E-3,-7.25584E-2,2.0107014E-1,-1.8980916E-1,-1.8399557E-3,6.159592E-3,2.4000932E-2,-2.2750854E-2,-5.72052E-3,-2.0624796E-2,1.2708664E-2,-2.495575E-3,-5.9814454E-4,5.470276E-4,1.7211915E-3],"categories":[],"categories_nodes":[],"categories_segments":[],"categories_sizes":[],"default_left":[0,0,0,0,0,0,0,0,0,0,0,0,0,0,0],"id":74,"left_children":[1,3,5,7,9,-1,-1,-1,-1,11,13,-1,-1,-1,-1],"loss_changes":[1.6335367E-1,6.598509E-2,1.5094355E-3,1.982592E-3,1.9018747E-3,0E0,0E0,0E0,0E0,4.0987507E-5,3.6231184E-5,0E0,0E0,0E0,0E0],"parents":[2147483647,0,0,1,1,2,2,3,3,4,4,9,9,10,10],"right_children":[2,4,6,8,10,-1,-1,-1,-1,12,14,-1,-1,-1,-1],"split_conditions":[7.951295E-1,2.0249514E-1,1E0,9.805462E-2,5.0702965E-1,6.159592E-3,2.4000932E-2,-2.2750854E-2,-5.72052E-3,3.0142525E-1,7.082051E-1,-2.495575E-3,-5.9814454E-4,5.470276E-4,1.7211915E-3],"split_indices":[0,0,0,0,0,0,0,0,0,0,0,0,0,0,0],"split_type":[0,0,0,0,0,0,0,0,0,0,0,0,0,0,0],"sum_hessian":[9E0,7E0,2E0,2E0,5E0,1E0,1E0,1E0,1E0,2E0,3E0,1E0,1E0,2E0,1E0],"tree_param":{"num_deleted":"0","num_feature":"2","num_nodes":"15","size_leaf_vector":"1"}},{"base_weights":[2.1324158E-3,-6.896591E-2,1.9101715E-1,-1.8031819E-1,-1.7954508E-3,5.8517456E-3,2.2800827E-2,-2.1613313E-2,-5.4344176E-3,-1.9594828E-2,1.2002945E-2,-2.3708344E-3,-5.683899E-4,5.104065E-4,1.6349793E-3],"categories":[],"categories_nodes":[],"categories_segments":[],"categories_sizes":[],"default_left":[0,0,0,0,0,0,0,0,0,0,0,0,0,0,0],"id":75,"left_children":[1,3,5,7,9,-1,-1,-1,-1,11,13,-1,-1,-1,-1],"loss_changes":[1.4746755E-1,5.951292E-2,1.3614744E-3,1.7896742E-3,1.7088128E-3,0E0,0E0,0E0,0E0,3.691262E-5,3.650313E-5,0E0,0E0,0E0,0E0],"parents":[2147483647,0,0,1,1,2,2,3,3,4,4,9,9,10,10],"right_children":[2,4,6,8,10,-1,-1,-1,-1,12,14,-1,-1,-1,-1],"split_conditions":[7.951295E-1,2.0249514E-1,1E0,9.805462E-2,5.0702965E-1,5.8517456E-3,2.2800827E-2,-2.1613313E-2,-5.4344176E-3,3.0142525E-1,7.082051E-1,-2.3708344E-3,-5.683899E-4,5.104065E-4,1.6349793E-3],"split_indices":[0,0,0,0,0,0,0,0,0,0,0,0,0,0,0],"split_type":[0,0,0,0,0,0,0,0,0,0,0,0,0,0,0],"sum_hessian":[9E0,7E0,2E0,2E0,5E0,1E0,1E0,1E0,1E0,2E0,3E0,1E0,1E0,2E0,1E0],"tree_param":{"num_deleted":"0","num_feature":"2","num_nodes":"15","size_leaf_vector":"1"}},{"base_weights":[1.9996644E-3,-6.554985E-2,1.8146515E-1,-1.713028E-1,-1.748403E-3,5.5591585E-3,2.1660615E-2,-2.0532608E-2,-5.1628114E-3,-1.8615723E-2,1.1339188E-2,-2.2521974E-3,-5.4016116E-4,4.763285E-4,1.5533448E-3],"categories":[],"categories_nodes":[],"categories_segments":[],"categories_sizes":[],"default_left":[0,0,0,0,0,0,0,0,0,0,0,0,0,0,0],"id":76,"left_children":[1,3,5,7,9,-1,-1,-1,-1,11,13,-1,-1,-1,-1],"loss_changes":[1.3312308E-1,5.3678025E-2,1.228489E-3,1.6145855E-3,1.5356026E-3,0E0,0E0,0E0,0E0,3.3197924E-5,3.633392E-5,0E0,0E0,0E0,0E0],"parents":[2147483647,0,0,1,1,2,2,3,3,4,4,9,9,10,10],"right_children":[2,4,6,8,10,-1,-1,-1,-1,12,14,-1,-1,-1,-1],"split_conditions":[7.951295E-1,2.0249514E-1,1E0,9.805462E-2,5.0702965E-1,5.5591585E-3,2.1660615E-2,-2.0532608E-2,-5.1628114E-3,3.0142525E-1,7.082051E-1,-2.2521974E-3,-5.4016116E-4,4.763285E-4,1.5533448E-3],"split_indices":[0,0,0,0,0,0,0,0,0,0,0,0,0,0,0],"split_type":[0,0,0,0,0,0,0,0,0,0,0,0,0,0,0],"sum_hessian":[9E0,7E0,2E0,2E0,5E0,1E0,1E0,1E0,1E0,2E0,3E0,1E0,1E0,2E0,1E0],"tree_param":{"num_deleted":"0","num_feature":"2","num_nodes":"15","size_leaf_vector":"1"}},{"base_weights":[1.8760681E-3,-6.2301636E-2,1.7239125E-1,-1.6273753E-1,-1.7000834E-3,5.281067E-3,2.0577623E-2,-1.9506073E-2,-4.9045566E-3,-1.7684937E-2,1.0713577E-2,-2.1396638E-3,-5.130768E-4,4.447937E-4,1.475525E-3],"categories":[],"categories_nodes":[],"categories_segments":[],"categories_sizes":[],"default_left":[0,0,0,0,0,0,0,0,0,0,0,0,0,0,0],"id":77,"left_children":[1,3,5,7,9,-1,-1,-1,-1,11,13,-1,-1,-1,-1],"loss_changes":[1.20172985E-1,4.8415907E-2,1.1094064E-3,1.457803E-3,1.3800522E-3,0E0,0E0,0E0,0E0,3.0010706E-5,3.566424E-5,0E0,0E0,0E0,0E0],"parents":[2147483647,0,0,1,1,2,2,3,3,4,4,9,9,10,10],"right_children":[2,4,6,8,10,-1,-1,-1,-1,12,14,-1,-1,-1,-1],"split_conditions":[7.951295E-1,2.0249514E-1,1E0,9.805462E-2,5.0702965E-1,5.281067E-3,2.0577623E-2,-1.9506073E-2,-4.9045566E-3,3.0142525E-1,7.082051E-1,-2.1396638E-3,-5.130768E-4,4.447937E-4,1.475525E-3],"split_indices":[0,0,0,0,0,0,0,0,0,0,0,0,0,0,0],"split_type":[0,0,0,0,0,0,0,0,0,0,0,0,0,0,0],"sum_hessian":[9E0,7E0,2E0,2E0,5E0,1E0,1E0,1E0,1E0,2E0,3E0,1E0,1E0,2E0,1E0],"tree_param":{"num_deleted":"0","num_feature":"2","num_nodes":"15","size_leaf_vector":"1"}},{"base_weights":[1.7608643E-3,-5.921364E-2,1.6377258E-1,-1.545995E-1,-1.6517639E-3,5.01709E-3,1.9548798E-2,-1.8530656E-2,-4.6592713E-3,-1.680247E-2,1.0124207E-2,-2.0328523E-3,-4.8751832E-4,4.1529335E-4,1.4019012E-3],"categories":[],"categories_nodes":[],"categories_segments":[],"categories_sizes":[],"default_left":[0,0,0,0,0,0,0,0,0,0,0,0,0,0,0],"id":78,"left_children":[1,3,5,7,9,-1,-1,-1,-1,11,13,-1,-1,-1,-1],"loss_changes":[1.08483404E-1,4.3669354E-2,1.0009557E-3,1.3157725E-3,1.2405972E-3,0E0,0E0,0E0,0E0,2.706342E-5,3.4807774E-5,0E0,0E0,0E0,0E0],"parents":[2147483647,0,0,1,1,2,2,3,3,4,4,9,9,10,10],"right_children":[2,4,6,8,10,-1,-1,-1,-1,12,14,-1,-1,-1,-1],"split_conditions":[7.951295E-1,2.0249514E-1,1E0,9.805462E-2,5.0702965E-1,5.01709E-3,1.9548798E-2,-1.8530656E-2,-4.6592713E-3,3.0142525E-1,7.082051E-1,-2.0328523E-3,-4.8751832E-4,4.1529335E-4,1.4019012E-3],"split_indices":[0,0,0,0,0,0,0,0,0,0,0,0,0,0,0],"split_type":[0,0,0,0,0,0,0,0,0,0,0,0,0,0,0],"sum_hessian":[9E0,7E0,2E0,2E0,5E0,1E0,1E0,1E0,1E0,2E0,3E0,1E0,1E0,2E0,1E0],"tree_param":{"num_deleted":"0","num_feature":"2","num_nodes":"15","size_leaf_vector":"1"}},{"base_weights":[1.6525269E-3,-5.627823E-2,1.555837E-1,-1.468684E-1,-1.6034445E-3,4.766083E-3,1.8571472E-2,-1.7604066E-2,-4.4261934E-3,-1.5963236E-2,9.567261E-3,-1.9313813E-3,-4.6310425E-4,3.8782757E-4,1.3317108E-3],"categories":[],"categories_nodes":[],"categories_segments":[],"categories_sizes":[],"default_left":[0,0,0,0,0,0,0,0,0,0,0,0,0,0,0],"id":79,"left_children":[1,3,5,7,9,-1,-1,-1,-1,11,13,-1,-1,-1,-1],"loss_changes":[9.792947E-2,3.9388478E-2,9.041652E-4,1.1878908E-3,1.1151785E-3,0E0,0E0,0E0,0E0,2.446503E-5,3.36839E-5,0E0,0E0,0E0,0E0],"parents":[2147483647,0,0,1,1,2,2,3,3,4,4,9,9,10,10],"right_children":[2,4,6,8,10,-1,-1,-1,-1,12,14,-1,-1,-1,-1],"split_conditions":[7.951295E-1,2.0249514E-1,1E0,9.805462E-2,5.0702965E-1,4.766083E-3,1.8571472E-2,-1.7604066E-2,-4.4261934E-3,3.0142525E-1,7.082051E-1,-1.9313813E-3,-4.6310425E-4,3.8782757E-4,1.3317108E-3],"split_indices":[0,0,0,0,0,0,0,0,0,0,0,0,0,0,0],"split_type":[0,0,0,0,0,0,0,0,0,0,0,0,0,0,0],"sum_hessian":[9E0,7E0,2E0,2E0,5E0,1E0,1E0,1E0,1E0,2E0,3E0,1E0,1E0,2E0,1E0],"tree_param":{"num_deleted":"0","num_feature":"2","num_nodes":"15","size_leaf_vector":"1"}},{"base_weights":[1.5495301E-3,-5.3489685E-2,1.4780426E-1,-1.3952637E-1,-1.5563965E-3,4.5276643E-3,1.7642975E-2,-1.6724015E-2,-4.204941E-3,-1.5164693E-2,9.038925E-3,-1.8348694E-3,-4.398346E-4,3.6188762E-4,1.2649536E-3],"categories":[],"categories_nodes":[],"categories_segments":[],"categories_sizes":[],"default_left":[0,0,0,0,0,0,0,0,0,0,0,0,0,0,0],"id":80,"left_children":[1,3,5,7,9,-1,-1,-1,-1,11,13,-1,-1,-1,-1],"loss_changes":[8.8403456E-2,3.5528187E-2,8.1656873E-4,1.0720156E-3,1.0021782E-3,0E0,0E0,0E0,0E0,2.2136257E-5,3.2501674E-5,0E0,0E0,0E0,0E0],"parents":[2147483647,0,0,1,1,2,2,3,3,4,4,9,9,10,10],"right_children":[2,4,6,8,10,-1,-1,-1,-1,12,14,-1,-1,-1,-1],"split_conditions":[7.951295E-1,2.0249514E-1,1E0,9.805462E-2,5.0702965E-1,4.5276643E-3,1.7642975E-2,-1.6724015E-2,-4.204941E-3,3.0142525E-1,7.082051E-1,-1.8348694E-3,-4.398346E-4,3.6188762E-4,1.2649536E-3],"split_indices":[0,0,0,0,0,0,0,0,0,0,0,0,0,0,0],"split_type":[0,0,0,0,0,0,0,0,0,0,0,0,0,0,0],"sum_hessian":[9E0,7E0,2E0,2E0,5E0,1E0,1E0,1E0,1E0,2E0,3E0,1E0,1E0,2E0,1E0],"tree_param":{"num_deleted":"0","num_feature":"2","num_nodes":"15","size_leaf_vector":"1"}},{"base_weights":[1.4549255E-3,-5.0837517E-2,1.4041646E-1,-1.3255055E-1,-1.508077E-3,4.3014525E-3,1.6761018E-2,-1.5887832E-2,-3.9947513E-3,-1.440684E-2,8.5430145E-3,-1.7433167E-3,-4.1770935E-4,3.3798217E-4,1.2016296E-3],"categories":[],"categories_nodes":[],"categories_segments":[],"categories_sizes":[],"default_left":[0,0,0,0,0,0,0,0,0,0,0,0,0,0,0],"id":81,"left_children":[1,3,5,7,9,-1,-1,-1,-1,11,13,-1,-1,-1,-1],"loss_changes":[7.980481E-2,3.204697E-2,7.3648617E-4,9.6730515E-4,9.009577E-4,0E0,0E0,0E0,0E0,2.0055682E-5,3.111997E-5,0E0,0E0,0E0,0E0],"parents":[2147483647,0,0,1,1,2,2,3,3,4,4,9,9,10,10],"right_children":[2,4,6,8,10,-1,-1,-1,-1,12,14,-1,-1,-1,-1],"split_conditions":[7.951295E-1,2.0249514E-1,1E0,9.805462E-2,5.0702965E-1,4.3014525E-3,1.6761018E-2,-1.5887832E-2,-3.9947513E-3,3.0142525E-1,7.082051E-1,-1.7433167E-3,-4.1770935E-4,3.3798217E-4,1.2016296E-3],"split_indices":[0,0,0,0,0,0,0,0,0,0,0,0,0,0,0],"split_type":[0,0,0,0,0,0,0,0,0,0,0,0,0,0,0],"sum_hessian":[9E0,7E0,2E0,2E0,5E0,1E0,1E0,1E0,1E0,2E0,3E0,1E0,1E0,2E0,1E0],"tree_param":{"num_deleted":"0","num_feature":"2","num_nodes":"15","size_leaf_vector":"1"}},{"base_weights":[1.3648986E-3,-4.8316956E-2,1.3339488E-1,-1.2592316E-1,-1.461029E-3,4.086304E-3,1.5922928E-2,-1.50936125E-2,-3.7948608E-3,-1.3687134E-2,8.073807E-3,-1.6563416E-3,-3.9672852E-4,3.156026E-4,1.1413575E-3],"categories":[],"categories_nodes":[],"categories_segments":[],"categories_sizes":[],"default_left":[0,0,0,0,0,0,0,0,0,0,0,0,0,0,0],"id":82,"left_children":[1,3,5,7,9,-1,-1,-1,-1,11,13,-1,-1,-1,-1],"loss_changes":[7.204018E-2,2.890651E-2,6.6492334E-4,8.7369606E-4,8.0995064E-4,0E0,0E0,0E0,0E0,1.8159277E-5,2.9675459E-5,0E0,0E0,0E0,0E0],"parents":[2147483647,0,0,1,1,2,2,3,3,4,4,9,9,10,10],"right_children":[2,4,6,8,10,-1,-1,-1,-1,12,14,-1,-1,-1,-1],"split_conditions":[7.951295E-1,2.0249514E-1,1E0,9.805462E-2,5.0702965E-1,4.086304E-3,1.5922928E-2,-1.50936125E-2,-3.7948608E-3,3.0142525E-1,7.082051E-1,-1.6563416E-3,-3.9672852E-4,3.156026E-4,1.1413575E-3],"split_indices":[0,0,0,0,0,0,0,0,0,0,0,0,0,0,0],"split_type":[0,0,0,0,0,0,0,0,0,0,0,0,0,0,0],"sum_hessian":[9E0,7E0,2E0,2E0,5E0,1E0,1E0,1E0,1E0,2E0,3E0,1E0,1E0,2E0,1E0],"tree_param":{"num_deleted":"0","num_feature":"2","num_nodes":"15","size_leaf_vector":"1"}},{"base_weights":[1.2802124E-3,-4.5921326E-2,1.2672424E-1,-1.19628906E-1,-1.4139811E-3,3.881836E-3,1.5126801E-2,-1.4339066E-2,-3.6052705E-3,-1.3003032E-2,7.631302E-3,-1.5735626E-3,-3.768921E-4,1.3504029E-4,9.2748005E-4],"categories":[],"categories_nodes":[],"categories_segments":[],"categories_sizes":[],"default_left":[0,0,0,0,0,0,0,0,0,0,0,0,0,0,0],"id":83,"left_children":[1,3,5,7,9,-1,-1,-1,-1,11,13,-1,-1,-1,-1],"loss_changes":[6.503086E-2,2.6075076E-2,6.0064346E-4,7.8812614E-4,7.2818744E-4,0E0,0E0,0E0,0E0,1.6392907E-5,2.8765891E-5,0E0,0E0,0E0,0E0],"parents":[2147483647,0,0,1,1,2,2,3,3,4,4,9,9,10,10],"right_children":[2,4,6,8,10,-1,-1,-1,-1,12,14,-1,-1,-1,-1],"split_conditions":[7.951295E-1,2.0249514E-1,1E0,9.805462E-2,5.0702965E-1,3.881836E-3,1.5126801E-2,-1.4339066E-2,-3.6052705E-3,3.0142525E-1,6.1109036E-1,-1.5735626E-3,-3.768921E-4,1.3504029E-4,9.2748005E-4],"split_indices":[0,0,0,0,0,0,0,0,0,0,0,0,0,0,0],"split_type":[0,0,0,0,0,0,0,0,0,0,0,0,0,0,0],"sum_hessian":[9E0,7E0,2E0,2E0,5E0,1E0,1E0,1E0,1E0,2E0,3E0,1E0,1E0,1E0,2E0],"tree_param":{"num_deleted":"0","num_feature":"2","num_nodes":"15","size_leaf_vector":"1"}},{"base_weights":[1.1680603E-3,-4.368496E-2,1.2038676E-1,-1.1364746E-1,-1.4228821E-3,3.687668E-3,1.4370346E-2,-1.3622284E-2,-3.4248352E-3,-1.2354533E-2,7.1315765E-3,-1.4949798E-3,-3.5820008E-4,2.591451E-4,1.0375977E-3],"categories":[],"categories_nodes":[],"categories_segments":[],"categories_sizes":[],"default_left":[0,0,0,0,0,0,0,0,0,0,0,0,0,0,0],"id":84,"left_children":[1,3,5,7,9,-1,-1,-1,-1,11,13,-1,-1,-1,-1],"loss_changes":[5.873228E-2,2.349238E-2,5.422309E-4,7.1198493E-4,6.491934E-4,0E0,0E0,0E0,0E0,1.4750956E-5,3.2031094E-5,0E0,0E0,0E0,0E0],"parents":[2147483647,0,0,1,1,2,2,3,3,4,4,9,9,10,10],"right_children":[2,4,6,8,10,-1,-1,-1,-1,12,14,-1,-1,-1,-1],"split_conditions":[7.951295E-1,2.0249514E-1,1E0,9.805462E-2,5.0702965E-1,3.687668E-3,1.4370346E-2,-1.3622284E-2,-3.4248352E-3,3.0142525E-1,7.082051E-1,-1.4949798E-3,-3.5820008E-4,2.591451E-4,1.0375977E-3],"split_indices":[0,0,0,0,0,0,0,0,0,0,0,0,0,0,0],"split_type":[0,0,0,0,0,0,0,0,0,0,0,0,0,0,0],"sum_hessian":[9E0,7E0,2E0,2E0,5E0,1E0,1E0,1E0,1E0,2E0,3E0,1E0,1E0,2E0,1E0],"tree_param":{"num_deleted":"0","num_feature":"2","num_nodes":"15","size_leaf_vector":"1"}},{"base_weights":[1.096344E-3,-4.1517258E-2,1.14367165E-1,-1.079661E-1,-1.373291E-3,3.503418E-3,1.3651657E-2,-1.29413605E-2,-3.2535554E-3,-1.1736552E-2,6.7424774E-3,-1.4202119E-3,-3.40271E-4,2.4185181E-4,9.857178E-4],"categories":[],"categories_nodes":[],"categories_segments":[],"categories_sizes":[],"default_left":[0,0,0,0,0,0,0,0,0,0,0,0,0,0,0],"id":85,"left_children":[1,3,5,7,9,-1,-1,-1,-1,11,13,-1,-1,-1,-1],"loss_changes":[5.3016987E-2,2.1191893E-2,4.887916E-4,6.4284354E-4,5.8376836E-4,0E0,0E0,0E0,0E0,1.3317243E-5,3.0031588E-5,0E0,0E0,0E0,0E0],"parents":[2147483647,0,0,1,1,2,2,3,3,4,4,9,9,10,10],"right_children":[2,4,6,8,10,-1,-1,-1,-1,12,14,-1,-1,-1,-1],"split_conditions":[7.951295E-1,2.0249514E-1,1E0,9.805462E-2,5.0702965E-1,3.503418E-3,1.3651657E-2,-1.29413605E-2,-3.2535554E-3,3.0142525E-1,7.082051E-1,-1.4202119E-3,-3.40271E-4,2.4185181E-4,9.857178E-4],"split_indices":[0,0,0,0,0,0,0,0,0,0,0,0,0,0,0],"split_type":[0,0,0,0,0,0,0,0,0,0,0,0,0,0,0],"sum_hessian":[9E0,7E0,2E0,2E0,5E0,1E0,1E0,1E0,1E0,2E0,3E0,1E0,1E0,2E0,1E0],"tree_param":{"num_deleted":"0","num_feature":"2","num_nodes":"15","size_leaf_vector":"1"}},{"base_weights":[1.0292053E-3,-3.945732E-2,1.0865021E-1,-1.0256958E-1,-1.3249716E-3,3.3283234E-3,1.2969208E-2,-1.2294388E-2,-3.0910491E-3,-1.1149089E-2,6.374359E-3,-1.3492585E-3,-3.2310488E-4,2.2557576E-4,9.365082E-4],"categories":[],"categories_nodes":[],"categories_segments":[],"categories_sizes":[],"default_left":[0,0,0,0,0,0,0,0,0,0,0,0,0,0,0],"id":86,"left_children":[1,3,5,7,9,-1,-1,-1,-1,11,13,-1,-1,-1,-1],"loss_changes":[4.7859054E-2,1.911705E-2,4.4101477E-4,5.79752E-4,5.24903E-4,0E0,0E0,0E0,0E0,1.2072473E-5,2.814502E-5,0E0,0E0,0E0,0E0],"parents":[2147483647,0,0,1,1,2,2,3,3,4,4,9,9,10,10],"right_children":[2,4,6,8,10,-1,-1,-1,-1,12,14,-1,-1,-1,-1],"split_conditions":[7.951295E-1,2.0249514E-1,1E0,9.805462E-2,5.0702965E-1,3.3283234E-3,1.2969208E-2,-1.2294388E-2,-3.0910491E-3,3.0142525E-1,7.082051E-1,-1.3492585E-3,-3.2310488E-4,2.2557576E-4,9.365082E-4],"split_indices":[0,0,0,0,0,0,0,0,0,0,0,0,0,0,0],"split_type":[0,0,0,0,0,0,0,0,0,0,0,0,0,0,0],"sum_hessian":[9E0,7E0,2E0,2E0,5E0,1E0,1E0,1E0,1E0,2E0,3E0,1E0,1E0,2E0,1E0],"tree_param":{"num_deleted":"0","num_feature":"2","num_nodes":"15","size_leaf_vector":"1"}},{"base_weights":[9.651184E-4,-3.750038E-2,1.0321808E-1,-9.744263E-2,-1.2791952E-3,3.1620027E-3,1.2320709E-2,-1.167984E-2,-2.936554E-3,-1.0592143E-2,6.0253143E-3,-1.2817383E-3,-3.0708313E-4,2.1031697E-4,8.895874E-4],"categories":[],"categories_nodes":[],"categories_segments":[],"categories_sizes":[],"default_left":[0,0,0,0,0,0,0,0,0,0,0,0,0,0,0],"id":87,"left_children":[1,3,5,7,9,-1,-1,-1,-1,11,13,-1,-1,-1,-1],"loss_changes":[4.320283E-2,1.7244786E-2,3.9771572E-4,5.232077E-4,4.7198005E-4,0E0,0E0,0E0,0E0,1.085017E-5,2.6325462E-5,0E0,0E0,0E0,0E0],"parents":[2147483647,0,0,1,1,2,2,3,3,4,4,9,9,10,10],"right_children":[2,4,6,8,10,-1,-1,-1,-1,12,14,-1,-1,-1,-1],"split_conditions":[7.951295E-1,2.0249514E-1,1E0,9.805462E-2,5.0702965E-1,3.1620027E-3,1.2320709E-2,-1.167984E-2,-2.936554E-3,3.0142525E-1,7.082051E-1,-1.2817383E-3,-3.0708313E-4,2.1031697E-4,8.895874E-4],"split_indices":[0,0,0,0,0,0,0,0,0,0,0,0,0,0,0],"split_type":[0,0,0,0,0,0,0,0,0,0,0,0,0,0,0],"sum_hessian":[9E0,7E0,2E0,2E0,5E0,1E0,1E0,1E0,1E0,2E0,3E0,1E0,1E0,2E0,1E0],"tree_param":{"num_deleted":"0","num_feature":"2","num_nodes":"15","size_leaf_vector":"1"}},{"base_weights":[9.056091E-4,-3.5639763E-2,9.805807E-2,-9.2569984E-2,-1.2346903E-3,3.004074E-3,1.1704636E-2,-1.109581E-2,-2.789688E-3,-1.0063171E-2,5.695343E-3,-1.2176514E-3,-2.9182434E-4,1.9607545E-4,8.4495544E-4],"categories":[],"categories_nodes":[],"categories_segments":[],"categories_sizes":[],"default_left":[0,0,0,0,0,0,0,0,0,0,0,0,0,0,0],"id":88,"left_children":[1,3,5,7,9,-1,-1,-1,-1,11,13,-1,-1,-1,-1],"loss_changes":[3.899949E-2,1.5555214E-2,3.5843812E-4,4.7226436E-4,4.2440323E-4,0E0,0E0,0E0,0E0,9.7650045E-6,2.4575886E-5,0E0,0E0,0E0,0E0],"parents":[2147483647,0,0,1,1,2,2,3,3,4,4,9,9,10,10],"right_children":[2,4,6,8,10,-1,-1,-1,-1,12,14,-1,-1,-1,-1],"split_conditions":[7.951295E-1,2.0249514E-1,1E0,9.805462E-2,5.0702965E-1,3.004074E-3,1.1704636E-2,-1.109581E-2,-2.789688E-3,3.0142525E-1,7.082051E-1,-1.2176514E-3,-2.9182434E-4,1.9607545E-4,8.4495544E-4],"split_indices":[0,0,0,0,0,0,0,0,0,0,0,0,0,0,0],"split_type":[0,0,0,0,0,0,0,0,0,0,0,0,0,0,0],"sum_hessian":[9E0,7E0,2E0,2E0,5E0,1E0,1E0,1E0,1E0,2E0,3E0,1E0,1E0,2E0,1E0],"tree_param":{"num_deleted":"0","num_feature":"2","num_nodes":"15","size_leaf_vector":"1"}},{"base_weights":[8.4991456E-4,-3.3870697E-2,9.315491E-2,-8.794149E-2,-1.1901855E-3,2.8537752E-3,1.1119462E-2,-1.0541153E-2,-2.6500702E-3,-9.559631E-3,5.384445E-3,-1.1566163E-3,-2.773285E-4,1.8285116E-4,8.0261234E-4],"categories":[],"categories_nodes":[],"categories_segments":[],"categories_sizes":[],"default_left":[0,0,0,0,0,0,0,0,0,0,0,0,0,0,0],"id":89,"left_children":[1,3,5,7,9,-1,-1,-1,-1,11,13,-1,-1,-1,-1],"loss_changes":[3.520408E-2,1.4031822E-2,3.2377802E-4,4.2664073E-4,3.816294E-4,0E0,0E0,0E0,0E0,8.774776E-6,2.2898661E-5,0E0,0E0,0E0,0E0],"parents":[2147483647,0,0,1,1,2,2,3,3,4,4,9,9,10,10],"right_children":[2,4,6,8,10,-1,-1,-1,-1,12,14,-1,-1,-1,-1],"split_conditions":[7.951295E-1,2.0249514E-1,1E0,9.805462E-2,5.0702965E-1,2.8537752E-3,1.1119462E-2,-1.0541153E-2,-2.6500702E-3,3.0142525E-1,7.082051E-1,-1.1566163E-3,-2.773285E-4,1.8285116E-4,8.0261234E-4],"split_indices":[0,0,0,0,0,0,0,0,0,0,0,0,0,0,0],"split_type":[0,0,0,0,0,0,0,0,0,0,0,0,0,0,0],"sum_hessian":[9E0,7E0,2E0,2E0,5E0,1E0,1E0,1E0,1E0,2E0,3E0,1E0,1E0,2E0,1E0],"tree_param":{"num_deleted":"0","num_feature":"2","num_nodes":"15","size_leaf_vector":"1"}},{"base_weights":[7.987976E-4,-3.2188416E-2,8.8498436E-2,-8.354441E-2,-1.1456808E-3,2.7111054E-3,1.05636595E-2,-1.0013962E-2,-2.5177002E-3,-9.081523E-3,5.092621E-3,-1.0986328E-3,-2.6359558E-4,1.7064413E-4,7.62558E-4],"categories":[],"categories_nodes":[],"categories_segments":[],"categories_sizes":[],"default_left":[0,0,0,0,0,0,0,0,0,0,0,0,0,0,0],"id":90,"left_children":[1,3,5,7,9,-1,-1,-1,-1,11,13,-1,-1,-1,-1],"loss_changes":[3.1778287E-2,1.265813E-2,2.922807E-4,3.846418E-4,3.4328582E-4,0E0,0E0,0E0,0E0,7.873168E-6,2.1295607E-5,0E0,0E0,0E0,0E0],"parents":[2147483647,0,0,1,1,2,2,3,3,4,4,9,9,10,10],"right_children":[2,4,6,8,10,-1,-1,-1,-1,12,14,-1,-1,-1,-1],"split_conditions":[7.951295E-1,2.0249514E-1,1E0,9.805462E-2,5.0702965E-1,2.7111054E-3,1.05636595E-2,-1.0013962E-2,-2.5177002E-3,3.0142525E-1,7.082051E-1,-1.0986328E-3,-2.6359558E-4,1.7064413E-4,7.62558E-4],"split_indices":[0,0,0,0,0,0,0,0,0,0,0,0,0,0,0],"split_type":[0,0,0,0,0,0,0,0,0,0,0,0,0,0,0],"sum_hessian":[9E0,7E0,2E0,2E0,5E0,1E0,1E0,1E0,1E0,2E0,3E0,1E0,1E0,2E0,1E0],"tree_param":{"num_deleted":"0","num_feature":"2","num_nodes":"15","size_leaf_vector":"1"}},{"base_weights":[7.5149536E-4,-3.058815E-2,8.407339E-2,-7.936605E-2,-1.1011759E-3,2.5756836E-3,1.0035324E-2,-9.513092E-3,-2.3918152E-3,-8.626302E-3,4.8179626E-3,-1.0437012E-3,-2.5024413E-4,1.5945434E-4,7.2441105E-4],"categories":[],"categories_nodes":[],"categories_segments":[],"categories_sizes":[],"default_left":[0,0,0,0,0,0,0,0,0,0,0,0,0,0,0],"id":91,"left_children":[1,3,5,7,9,-1,-1,-1,-1,11,13,-1,-1,-1,-1],"loss_changes":[2.8684434E-2,1.1419105E-2,2.6337244E-4,3.4703128E-4,3.0881478E-4,0E0,0E0,0E0,0E0,7.147595E-6,1.9730913E-5,0E0,0E0,0E0,0E0],"parents":[2147483647,0,0,1,1,2,2,3,3,4,4,9,9,10,10],"right_children":[2,4,6,8,10,-1,-1,-1,-1,12,14,-1,-1,-1,-1],"split_conditions":[7.951295E-1,2.0249514E-1,1E0,9.805462E-2,5.0702965E-1,2.5756836E-3,1.0035324E-2,-9.513092E-3,-2.3918152E-3,3.0142525E-1,7.082051E-1,-1.0437012E-3,-2.5024413E-4,1.5945434E-4,7.2441105E-4],"split_indices":[0,0,0,0,0,0,0,0,0,0,0,0,0,0,0],"split_type":[0,0,0,0,0,0,0,0,0,0,0,0,0,0,0],"sum_hessian":[9E0,7E0,2E0,2E0,5E0,1E0,1E0,1E0,1E0,2E0,3E0,1E0,1E0,2E0,1E0],"tree_param":{"num_deleted":"0","num_feature":"2","num_nodes":"15","size_leaf_vector":"1"}},{"base_weights":[7.064819E-4,-2.9067993E-2,7.986959E-2,-7.539622E-2,-1.0592142E-3,2.446747E-3,9.533691E-3,-9.0374E-3,-2.2720338E-3,-8.19397E-3,4.556656E-3,-9.914398E-4,-2.3765564E-4,1.487732E-4,6.881714E-4],"categories":[],"categories_nodes":[],"categories_segments":[],"categories_sizes":[],"default_left":[0,0,0,0,0,0,0,0,0,0,0,0,0,0,0],"id":92,"left_children":[1,3,5,7,9,-1,-1,-1,-1,11,13,-1,-1,-1,-1],"loss_changes":[2.5892047E-2,1.0300916E-2,2.3811497E-4,3.1357445E-4,2.7774426E-4,0E0,0E0,0E0,0E0,6.463204E-6,1.8303559E-5,0E0,0E0,0E0,0E0],"parents":[2147483647,0,0,1,1,2,2,3,3,4,4,9,9,10,10],"right_children":[2,4,6,8,10,-1,-1,-1,-1,12,14,-1,-1,-1,-1],"split_conditions":[7.951295E-1,2.0249514E-1,1E0,9.805462E-2,5.0702965E-1,2.446747E-3,9.533691E-3,-9.0374E-3,-2.2720338E-3,3.0142525E-1,7.082051E-1,-9.914398E-4,-2.3765564E-4,1.487732E-4,6.881714E-4],"split_indices":[0,0,0,0,0,0,0,0,0,0,0,0,0,0,0],"split_type":[0,0,0,0,0,0,0,0,0,0,0,0,0,0,0],"sum_hessian":[9E0,7E0,2E0,2E0,5E0,1E0,1E0,1E0,1E0,2E0,3E0,1E0,1E0,2E0,1E0],"tree_param":{"num_deleted":"0","num_feature":"2","num_nodes":"15","size_leaf_vector":"1"}},{"base_weights":[6.637573E-4,-2.7623177E-2,7.587433E-2,-7.1624756E-2,-1.0185242E-3,2.324295E-3,9.056854E-3,-8.585358E-3,-2.1583557E-3,-7.7845254E-3,4.310608E-3,-9.418488E-4,-2.2583008E-4,1.3885499E-4,6.5383915E-4],"categories":[],"categories_nodes":[],"categories_segments":[],"categories_sizes":[],"default_left":[0,0,0,0,0,0,0,0,0,0,0,0,0,0,0],"id":93,"left_children":[1,3,5,7,9,-1,-1,-1,-1,11,13,-1,-1,-1,-1],"loss_changes":[2.3370655E-2,9.292223E-3,2.1504983E-4,2.8305594E-4,2.498975E-4,0E0,0E0,0E0,0E0,5.819151E-6,1.6959966E-5,0E0,0E0,0E0,0E0],"parents":[2147483647,0,0,1,1,2,2,3,3,4,4,9,9,10,10],"right_children":[2,4,6,8,10,-1,-1,-1,-1,12,14,-1,-1,-1,-1],"split_conditions":[7.951295E-1,2.0249514E-1,1E0,9.805462E-2,5.0702965E-1,2.324295E-3,9.056854E-3,-8.585358E-3,-2.1583557E-3,3.0142525E-1,7.082051E-1,-9.418488E-4,-2.2583008E-4,1.3885499E-4,6.5383915E-4],"split_indices":[0,0,0,0,0,0,0,0,0,0,0,0,0,0,0],"split_type":[0,0,0,0,0,0,0,0,0,0,0,0,0,0,0],"sum_hessian":[9E0,7E0,2E0,2E0,5E0,1E0,1E0,1E0,1E0,2E0,3E0,1E0,1E0,2E0,1E0],"tree_param":{"num_deleted":"0","num_feature":"2","num_nodes":"15","size_leaf_vector":"1"}},{"base_weights":[6.233215E-4,-2.625084E-2,7.207998E-2,-6.804403E-2,-9.791056E-4,2.2079467E-3,8.60405E-3,-8.156205E-3,-2.0503998E-3,-7.3954263E-3,4.0779114E-3,-8.94928E-4,-2.1438599E-4,3.1280517E-5,5.2286783E-4],"categories":[],"categories_nodes":[],"categories_segments":[],"categories_sizes":[],"default_left":[0,0,0,0,0,0,0,0,0,0,0,0,0,0,0],"id":94,"left_children":[1,3,5,7,9,-1,-1,-1,-1,11,13,-1,-1,-1,-1],"loss_changes":[2.1095537E-2,8.382868E-3,1.9437168E-4,2.555931E-4,2.2484254E-4,0E0,0E0,0E0,0E0,5.294496E-6,1.5695485E-5,0E0,0E0,0E0,0E0],"parents":[2147483647,0,0,1,1,2,2,3,3,4,4,9,9,10,10],"right_children":[2,4,6,8,10,-1,-1,-1,-1,12,14,-1,-1,-1,-1],"split_conditions":[7.951295E-1,2.0249514E-1,1E0,9.805462E-2,5.0702965E-1,2.2079467E-3,8.60405E-3,-8.156205E-3,-2.0503998E-3,3.0142525E-1,6.1109036E-1,-8.94928E-4,-2.1438599E-4,3.1280517E-5,5.2286783E-4],"split_indices":[0,0,0,0,0,0,0,0,0,0,0,0,0,0,0],"split_type":[0,0,0,0,0,0,0,0,0,0,0,0,0,0,0],"sum_hessian":[9E0,7E0,2E0,2E0,5E0,1E0,1E0,1E0,1E0,2E0,3E0,1E0,1E0,1E0,2E0],"tree_param":{"num_deleted":"0","num_feature":"2","num_nodes":"15","size_leaf_vector":"1"}},{"base_weights":[5.653381E-4,-2.4971962E-2,6.847636E-2,-6.464132E-2,-9.7529095E-4,2.0977021E-3,8.173752E-3,-7.7484134E-3,-1.9477844E-3,-7.0266724E-3,3.8070679E-3,-8.5029606E-4,-2.0370484E-4,1.11134854E-4,5.9471134E-4],"categories":[],"categories_nodes":[],"categories_segments":[],"categories_sizes":[],"default_left":[0,0,0,0,0,0,0,0,0,0,0,0,0,0,0],"id":95,"left_children":[1,3,5,7,9,-1,-1,-1,-1,11,13,-1,-1,-1,-1],"loss_changes":[1.905263E-2,7.5524165E-3,1.7507933E-4,2.3085345E-4,2.0039028E-4,0E0,0E0,0E0,0E0,4.777423E-6,1.6466533E-5,0E0,0E0,0E0,0E0],"parents":[2147483647,0,0,1,1,2,2,3,3,4,4,9,9,10,10],"right_children":[2,4,6,8,10,-1,-1,-1,-1,12,14,-1,-1,-1,-1],"split_conditions":[7.951295E-1,2.0249514E-1,1E0,9.805462E-2,5.0702965E-1,2.0977021E-3,8.173752E-3,-7.7484134E-3,-1.9477844E-3,3.0142525E-1,7.082051E-1,-8.5029606E-4,-2.0370484E-4,1.11134854E-4,5.9471134E-4],"split_indices":[0,0,0,0,0,0,0,0,0,0,0,0,0,0,0],"split_type":[0,0,0,0,0,0,0,0,0,0,0,0,0,0,0],"sum_hessian":[9E0,7E0,2E0,2E0,5E0,1E0,1E0,1E0,1E0,2E0,3E0,1E0,1E0,2E0,1E0],"tree_param":{"num_deleted":"0","num_feature":"2","num_nodes":"15","size_leaf_vector":"1"}},{"base_weights":[5.3100585E-4,-2.3731232E-2,6.505331E-2,-6.1408997E-2,-9.37144E-4,1.992798E-3,7.7651977E-3,-7.3608398E-3,-1.8505097E-3,-6.67572E-3,3.6010742E-3,-8.079529E-4,-1.9340515E-4,1.0350546E-4,5.649567E-4],"categories":[],"categories_nodes":[],"categories_segments":[],"categories_sizes":[],"default_left":[0,0,0,0,0,0,0,0,0,0,0,0,0,0,0],"id":96,"left_children":[1,3,5,7,9,-1,-1,-1,-1,11,13,-1,-1,-1,-1],"loss_changes":[1.7198347E-2,6.813094E-3,1.5811063E-4,2.0807423E-4,1.8029723E-4,0E0,0E0,0E0,0E0,4.342961E-6,1.5178281E-5,0E0,0E0,0E0,0E0],"parents":[2147483647,0,0,1,1,2,2,3,3,4,4,9,9,10,10],"right_children":[2,4,6,8,10,-1,-1,-1,-1,12,14,-1,-1,-1,-1],"split_conditions":[7.951295E-1,2.0249514E-1,1E0,9.805462E-2,5.0702965E-1,1.992798E-3,7.7651977E-3,-7.3608398E-3,-1.8505097E-3,3.0142525E-1,7.082051E-1,-8.079529E-4,-1.9340515E-4,1.0350546E-4,5.649567E-4],"split_indices":[0,0,0,0,0,0,0,0,0,0,0,0,0,0,0],"split_type":[0,0,0,0,0,0,0,0,0,0,0,0,0,0,0],"sum_hessian":[9E0,7E0,2E0,2E0,5E0,1E0,1E0,1E0,1E0,2E0,3E0,1E0,1E0,2E0,1E0],"tree_param":{"num_deleted":"0","num_feature":"2","num_nodes":"15","size_leaf_vector":"1"}},{"base_weights":[4.989624E-4,-2.2551537E-2,6.180064E-2,-5.8336895E-2,-9.0026855E-4,1.8932343E-3,7.3768618E-3,-6.9927215E-3,-1.7578126E-3,-6.34257E-3,3.4065247E-3,-7.675171E-4,-1.8386841E-4,9.638469E-5,5.367279E-4],"categories":[],"categories_nodes":[],"categories_segments":[],"categories_sizes":[],"default_left":[0,0,0,0,0,0,0,0,0,0,0,0,0,0,0],"id":97,"left_children":[1,3,5,7,9,-1,-1,-1,-1,11,13,-1,-1,-1,-1],"loss_changes":[1.5524042E-2,6.145868E-3,1.4252681E-4,1.8803217E-4,1.6223933E-4,0E0,0E0,0E0,0E0,3.8934304E-6,1.3984729E-5,0E0,0E0,0E0,0E0],"parents":[2147483647,0,0,1,1,2,2,3,3,4,4,9,9,10,10],"right_children":[2,4,6,8,10,-1,-1,-1,-1,12,14,-1,-1,-1,-1],"split_conditions":[7.951295E-1,2.0249514E-1,1E0,9.805462E-2,5.0702965E-1,1.8932343E-3,7.3768618E-3,-6.9927215E-3,-1.7578126E-3,3.0142525E-1,7.082051E-1,-7.675171E-4,-1.8386841E-4,9.638469E-5,5.367279E-4],"split_indices":[0,0,0,0,0,0,0,0,0,0,0,0,0,0,0],"split_type":[0,0,0,0,0,0,0,0,0,0,0,0,0,0,0],"sum_hessian":[9E0,7E0,2E0,2E0,5E0,1E0,1E0,1E0,1E0,2E0,3E0,1E0,1E0,2E0,1E0],"tree_param":{"num_deleted":"0","num_feature":"2","num_nodes":"15","size_leaf_vector":"1"}},{"base_weights":[4.6920776E-4,-2.1430016E-2,5.8710735E-2,-5.5419922E-2,-8.633931E-4,1.7986298E-3,7.0079803E-3,-6.642914E-3,-1.6700745E-3,-6.0246787E-3,3.2234192E-3,-7.2898867E-4,-1.7471313E-4,8.977254E-5,5.10025E-4],"categories":[],"categories_nodes":[],"categories_segments":[],"categories_sizes":[],"default_left":[0,0,0,0,0,0,0,0,0,0,0,0,0,0,0],"id":98,"left_children":[1,3,5,7,9,-1,-1,-1,-1,11,13,-1,-1,-1,-1],"loss_changes":[1.4012614E-2,5.5446117E-3,1.2852065E-4,1.6938709E-4,1.459793E-4,0E0,0E0,0E0,0E0,3.4995683E-6,1.2881112E-5,0E0,0E0,0E0,0E0],"parents":[2147483647,0,0,1,1,2,2,3,3,4,4,9,9,10,10],"right_children":[2,4,6,8,10,-1,-1,-1,-1,12,14,-1,-1,-1,-1],"split_conditions":[7.951295E-1,2.0249514E-1,1E0,9.805462E-2,5.0702965E-1,1.7986298E-3,7.0079803E-3,-6.642914E-3,-1.6700745E-3,3.0142525E-1,7.082051E-1,-7.2898867E-4,-1.7471313E-4,8.977254E-5,5.10025E-4],"split_indices":[0,0,0,0,0,0,0,0,0,0,0,0,0,0,0],"split_type":[0,0,0,0,0,0,0,0,0,0,0,0,0,0,0],"sum_hessian":[9E0,7E0,2E0,2E0,5E0,1E0,1E0,1E0,1E0,2E0,3E0,1E0,1E0,2E0,1E0],"tree_param":{"num_deleted":"0","num_feature":"2","num_nodes":"15","size_leaf_vector":"1"}},{"base_weights":[4.40979E-4,-2.0363808E-2,5.577342E-2,-5.2647907E-2,-8.277893E-4,1.7086029E-3,6.65741E-3,-6.310654E-3,-1.5865326E-3,-5.722046E-3,3.0498505E-3,-6.9236755E-4,-1.6593933E-4,8.366902E-5,4.8446655E-4],"categories":[],"categories_nodes":[],"categories_segments":[],"categories_sizes":[],"default_left":[0,0,0,0,0,0,0,0,0,0,0,0,0,0,0],"id":99,"left_children":[1,3,5,7,9,-1,-1,-1,-1,11,13,-1,-1,-1,-1],"loss_changes":[1.2647555E-2,5.0020413E-3,1.1606235E-4,1.5288033E-4,1.3132037E-4,0E0,0E0,0E0,0E0,3.1563104E-6,1.1835367E-5,0E0,0E0,0E0,0E0],"parents":[2147483647,0,0,1,1,2,2,3,3,4,4,9,9,10,10],"right_children":[2,4,6,8,10,-1,-1,-1,-1,12,14,-1,-1,-1,-1],"split_conditions":[7.951295E-1,2.0249514E-1,1E0,9.805462E-2,5.0702965E-1,1.7086029E-3,6.65741E-3,-6.310654E-3,-1.5865326E-3,3.0142525E-1,7.082051E-1,-6.9236755E-4,-1.6593933E-4,8.366902E-5,4.8446655E-4],"split_indices":[0,0,0,0,0,0,0,0,0,0,0,0,0,0,0],"split_type":[0,0,0,0,0,0,0,0,0,0,0,0,0,0,0],"sum_hessian":[9E0,7E0,2E0,2E0,5E0,1E0,1E0,1E0,1E0,2E0,3E0,1E0,1E0,2E0,1E0],"tree_param":{"num_deleted":"0","num_feature":"2","num_nodes":"15","size_leaf_vector":"1"}}]},"name":"gbtree"},"learner_model_param":{"base_score":"9.622222E1","boost_from_average":"1","num_class":"0","num_feature":"2","num_target":"1"},"objective":{"name":"reg:squarederror","reg_loss_param":{"scale_pos_weight":"1"}}},"version":[2,0,1]}