{"model_name": "KNeighborsRegressorTrainer_0", "trainer": "KNeighborsRegressorTrainer", "model_class": "scikit", "model_file": "KNeighborsRegressorTrainer_0.json", "features": ["bpf_cpu_time_ms", "bpf_page_cache_hit"], "fe_files": [], "output_type": "AbsPower", "mae": 2.57, "mape": -1, "node_type": 0, "machine_spec": {"processor": "11th_gen_intel_core", "cores": 8, "chips": 1, "memory": 31, "frequency": 4800}, "package_mae": 2.57, "core_mae": 2.23, "uncore_mae": 0.15, "dram_mae": 0.0, "package_mape": 12.25, "core_mape": 16.19, "uncore_mape": 116.53, "dram_mape": -1}