{"learner":{"attributes":{"scikit_learn":"{\"_estimator_type\": \"regressor\"}"},"feature_names":[],"feature_types":[],"gradient_booster":{"model":{"gbtree_model_param":{"num_parallel_tree":"1","num_trees":"100"},"iteration_indptr":[0,1,2,3,4,5,6,7,8,9,10,11,12,13,14,15,16,17,18,19,20,21,22,23,24,25,26,27,28,29,30,31,32,33,34,35,36,37,38,39,40,41,42,43,44,45,46,47,48,49,50,51,52,53,54,55,56,57,58,59,60,61,62,63,64,65,66,67,68,69,70,71,72,73,74,75,76,77,78,79,80,81,82,83,84,85,86,87,88,89,90,91,92,93,94,95,96,97,98,99,100],"tree_info":[0,0,0,0,0,0,0,0,0,0,0,0,0,0,0,0,0,0,0,0,0,0,0,0,0,0,0,0,0,0,0,0,0,0,0,0,0,0,0,0,0,0,0,0,0,0,0,0,0,0,0,0,0,0,0,0,0,0,0,0,0,0,0,0,0,0,0,0,0,0,0,0,0,0,0,0,0,0,0,0,0,0,0,0,0,0,0,0,0,0,0,0,0,0,0,0,0,0,0,0],"trees":[{"base_weights":[-1.9073487E-7,-1.5181482E1,1.8217777E1,-1.8122224E0,-2.388897E-2,4.8111114E-1,2.0366666E0],"categories":[],"categories_nodes":[],"categories_segments":[],"categories_sizes":[],"default_left":[0,0,0,0,0,0,0],"id":0,"left_children":[1,3,5,-1,-1,-1,-1],"loss_changes":[3.0423015E3,2.593246E2,4.6060913E1,0E0,0E0,0E0,0E0],"parents":[2147483647,0,0,1,1,2,2],"right_children":[2,4,6,-1,-1,-1,-1],"split_conditions":[7.0520705E-1,6.0384345E-1,8.1369483E-1,-1.8122224E0,-2.388897E-2,4.8111114E-1,2.0366666E0],"split_indices":[0,0,0,0,0,0,0],"split_type":[0,0,0,0,0,0,0],"sum_hessian":[9E0,5E0,4E0,4E0,1E0,1E0,3E0],"tree_param":{"num_deleted":"0","num_feature":"2","num_nodes":"7","size_leaf_vector":"1"}},{"base_weights":[6.816616E-2,-1.3969353E1,1.6899555E1,-1.6672446E0,-2.2694588E-2,4.5705566E-1,1.8839167E0],"categories":[],"categories_nodes":[],"categories_segments":[],"categories_sizes":[],"default_left":[0,0,0,0,0,0,0],"id":1,"left_children":[1,3,5,-1,-1,-1,-1],"loss_changes":[2.5987856E3,2.1909827E2,3.3461792E1,0E0,0E0,0E0,0E0],"parents":[2147483647,0,0,1,1,2,2],"right_children":[2,4,6,-1,-1,-1,-1],"split_conditions":[7.0520705E-1,6.0384345E-1,8.1369483E-1,-1.6672446E0,-2.2694588E-2,4.5705566E-1,1.8839167E0],"split_indices":[0,0,0,0,0,0,0],"split_type":[0,0,0,0,0,0,0],"sum_hessian":[9E0,5E0,4E0,4E0,1E0,1E0,3E0],"tree_param":{"num_deleted":"0","num_feature":"2","num_nodes":"7","size_leaf_vector":"1"}},{"base_weights":[1.264532E-1,-1.28540745E1,1.5677796E1,-1.533865E0,-2.1559907E-2,4.3420297E-1,1.7426232E0],"categories":[],"categories_nodes":[],"categories_segments":[],"categories_sizes":[],"default_left":[0,0,0,0,0,0,0],"id":2,"left_children":[1,3,5,-1,-1,-1,-1],"loss_changes":[2.2201702E3,1.851004E2,2.3433838E1,0E0,0E0,0E0,0E0],"parents":[2147483647,0,0,1,1,2,2],"right_children":[2,4,6,-1,-1,-1,-1],"split_conditions":[7.0520705E-1,6.0384345E-1,8.1369483E-1,-1.533865E0,-2.1559907E-2,4.3420297E-1,1.7426232E0],"split_indices":[0,0,0,0,0,0,0],"split_type":[0,0,0,0,0,0,0],"sum_hessian":[9E0,5E0,4E0,4E0,1E0,1E0,3E0],"tree_param":{"num_deleted":"0","num_feature":"2","num_nodes":"7","size_leaf_vector":"1"}},{"base_weights":[1.7594814E-1,-1.1827905E1,1.4545382E1,-1.4111558E0,-2.0481873E-2,4.1249275E-1,1.6119263E0],"categories":[],"categories_nodes":[],"categories_segments":[],"categories_sizes":[],"default_left":[0,0,0,0,0,0,0],"id":3,"left_children":[1,3,5,-1,-1,-1,-1],"loss_changes":[1.8969271E3,1.5636829E2,1.5511963E1,0E0,0E0,0E0,0E0],"parents":[2147483647,0,0,1,1,2,2],"right_children":[2,4,6,-1,-1,-1,-1],"split_conditions":[7.0520705E-1,6.0384345E-1,8.1369483E-1,-1.4111558E0,-2.0481873E-2,4.1249275E-1,1.6119263E0],"split_indices":[0,0,0,0,0,0,0],"split_type":[0,0,0,0,0,0,0],"sum_hessian":[9E0,5E0,4E0,4E0,1E0,1E0,3E0],"tree_param":{"num_deleted":"0","num_feature":"2","num_nodes":"7","size_leaf_vector":"1"}},{"base_weights":[2.1763095E-1,-1.088372E1,1.3495727E1,-1.2982634E0,-1.9457817E-2,3.9186803E-1,1.4910319E0],"categories":[],"categories_nodes":[],"categories_segments":[],"categories_sizes":[],"default_left":[0,0,0,0,0,0,0],"id":4,"left_children":[1,3,5,-1,-1,-1,-1],"loss_changes":[1.6209319E3,1.3208734E2,9.309265E0,0E0,0E0,0E0,0E0],"parents":[2147483647,0,0,1,1,2,2],"right_children":[2,4,6,-1,-1,-1,-1],"split_conditions":[7.0520705E-1,6.0384345E-1,8.1369483E-1,-1.2982634E0,-1.9457817E-2,3.9186803E-1,1.4910319E0],"split_indices":[0,0,0,0,0,0,0],"split_type":[0,0,0,0,0,0,0],"sum_hessian":[9E0,5E0,4E0,4E0,1E0,1E0,3E0],"tree_param":{"num_deleted":"0","num_feature":"2","num_nodes":"7","size_leaf_vector":"1"}},{"base_weights":[2.523859E-1,-1.0014969E1,1.2522734E1,-1.1944023E0,-1.848488E-2,3.722746E-1,1.3792045E0],"categories":[],"categories_nodes":[],"categories_segments":[],"categories_sizes":[],"default_left":[0,0,0,0,0,0,0],"id":5,"left_children":[1,3,5,-1,-1,-1,-1],"loss_changes":[1.3852549E3,1.11569214E2,4.505249E0,0E0,0E0,0E0,0E0],"parents":[2147483647,0,0,1,1,2,2],"right_children":[2,4,6,-1,-1,-1,-1],"split_conditions":[7.0520705E-1,6.0384345E-1,8.1369483E-1,-1.1944023E0,-1.848488E-2,3.722746E-1,1.3792045E0],"split_indices":[0,0,0,0,0,0,0],"split_type":[0,0,0,0,0,0,0],"sum_hessian":[9E0,5E0,4E0,4E0,1E0,1E0,3E0],"tree_param":{"num_deleted":"0","num_feature":"2","num_nodes":"7","size_leaf_vector":"1"}},{"base_weights":[2.810068E-1,-9.215619E0,1.1620756E1,-1.217047E0,-2.2039459E0,3.536608E-1,1.2757642E0,-3.130313E-1,-1.7560577E-2],"categories":[],"categories_nodes":[],"categories_segments":[],"categories_sizes":[],"default_left":[0,0,0,0,0,0,0,0,0],"id":6,"left_children":[1,3,5,-1,7,-1,-1,-1,-1],"loss_changes":[1.183986E3,9.748761E1,8.35022E-1,0E0,5.0872602E0,0E0,0E0,0E0,0E0],"parents":[2147483647,0,0,1,1,2,2,4,4],"right_children":[2,4,6,-1,8,-1,-1,-1,-1],"split_conditions":[7.0520705E-1,4.0284726E-1,8.1369483E-1,-1.217047E0,6.0384345E-1,3.536608E-1,1.2757642E0,-3.130313E-1,-1.7560577E-2],"split_indices":[0,0,0,0,0,0,0,0,0],"split_type":[0,0,0,0,0,0,0,0,0],"sum_hessian":[9E0,5E0,4E0,3E0,2E0,1E0,3E0,1E0,1E0],"tree_param":{"num_deleted":"0","num_feature":"2","num_nodes":"9","size_leaf_vector":"1"}},{"base_weights":[2.6108456E-1,-8.551997E0,1.0784566E0,-1.1257685E0,-2.0937488E0,-2.973797E-1,-1.6682625E-2],"categories":[],"categories_nodes":[],"categories_segments":[],"categories_sizes":[],"default_left":[0,0,0,0,0,0,0],"id":7,"left_children":[1,3,-1,-1,5,-1,-1],"loss_changes":[1.0196726E3,8.127319E1,0E0,0E0,4.5912466E0,0E0,0E0],"parents":[2147483647,0,0,1,1,4,4],"right_children":[2,4,-1,-1,6,-1,-1],"split_conditions":[7.0520705E-1,4.0284726E-1,1.0784566E0,-1.1257685E0,6.0384345E-1,-2.973797E-1,-1.6682625E-2],"split_indices":[0,0,0,0,0,0,0],"split_type":[0,0,0,0,0,0,0],"sum_hessian":[9E0,5E0,4E0,3E0,2E0,1E0,1E0],"tree_param":{"num_deleted":"0","num_feature":"2","num_nodes":"7","size_leaf_vector":"1"}},{"base_weights":[1.9883862E-1,-7.936769E0,9.921801E0,-9.460729E0,-1.5848542E-2,2.820549E-1,1.0991976E0,-1.0413358E0,-2.8251067E-1],"categories":[],"categories_nodes":[],"categories_segments":[],"categories_sizes":[],"default_left":[0,0,0,0,0,0,0,0,0],"id":8,"left_children":[1,3,5,7,-1,-1,-1,-1,-1],"loss_changes":[8.6976904E2,6.962335E1,6.994507E0,2.1875916E0,0E0,0E0,0E0,0E0,0E0],"parents":[2147483647,0,0,1,1,2,2,3,3],"right_children":[2,4,6,8,-1,-1,-1,-1,-1],"split_conditions":[7.0520705E-1,6.0384345E-1,8.1369483E-1,4.0284726E-1,-1.5848542E-2,2.820549E-1,1.0991976E0,-1.0413358E0,-2.8251067E-1],"split_indices":[0,0,0,0,0,0,0,0,0],"split_type":[0,0,0,0,0,0,0,0,0],"sum_hessian":[9E0,5E0,4E0,4E0,1E0,1E0,3E0,3E0,1E0],"tree_param":{"num_deleted":"0","num_feature":"2","num_nodes":"9","size_leaf_vector":"1"}},{"base_weights":[1.831108E-1,-7.3663745E0,9.205871E0,-8.779425E0,-1.5056038E-2,2.6795217E-1,1.0167578E0,-9.6323556E-1,-2.6838514E-1],"categories":[],"categories_nodes":[],"categories_segments":[],"categories_sizes":[],"default_left":[0,0,0,0,0,0,0,0,0],"id":9,"left_children":[1,3,5,7,-1,-1,-1,-1,-1],"loss_changes":[7.489859E2,5.985605E1,4.1379395E0,1.4367676E-1,0E0,0E0,0E0,0E0,0E0],"parents":[2147483647,0,0,1,1,2,2,3,3],"right_children":[2,4,6,8,-1,-1,-1,-1,-1],"split_conditions":[7.0520705E-1,6.0384345E-1,8.1369483E-1,4.0284726E-1,-1.5056038E-2,2.6795217E-1,1.0167578E0,-9.6323556E-1,-2.6838514E-1],"split_indices":[0,0,0,0,0,0,0,0,0],"split_type":[0,0,0,0,0,0,0,0,0],"sum_hessian":[9E0,5E0,4E0,4E0,1E0,1E0,3E0,3E0,1E0],"tree_param":{"num_deleted":"0","num_feature":"2","num_nodes":"9","size_leaf_vector":"1"}},{"base_weights":[1.6860314E-1,-6.8375163E0,8.542226E0,-8.1478065E-1,-1.4303207E-2,3.8325894E-1,1.0404453E0],"categories":[],"categories_nodes":[],"categories_segments":[],"categories_sizes":[],"default_left":[0,0,0,0,0,0,0],"id":10,"left_children":[1,3,5,-1,-1,-1,-1],"loss_changes":[6.450736E2,5.1464935E1,3.9760742E0,0E0,0E0,0E0,0E0],"parents":[2147483647,0,0,1,1,2,2],"right_children":[2,4,6,-1,-1,-1,-1],"split_conditions":[7.0520705E-1,6.0384345E-1,9.00616E-1,-8.1478065E-1,-1.4303207E-2,3.8325894E-1,1.0404453E0],"split_indices":[0,0,0,0,0,0,0],"split_type":[0,0,0,0,0,0,0],"sum_hessian":[9E0,5E0,4E0,4E0,1E0,2E0,2E0],"tree_param":{"num_deleted":"0","num_feature":"2","num_nodes":"7","size_leaf_vector":"1"}},{"base_weights":[2.1120568E-1,-6.2919445E0,7.972745E0,-8.2988435E-1,-1.5187651E0,3.5770836E-1,9.710824E-1,-2.1422683E-1,-1.3587952E-2],"categories":[],"categories_nodes":[],"categories_segments":[],"categories_sizes":[],"default_left":[0,0,0,0,0,0,0,0,0],"id":11,"left_children":[1,3,5,-1,7,-1,-1,-1,-1],"loss_changes":[5.5490857E2,4.487175E1,3.463623E0,0E0,2.2956095E0,0E0,0E0,0E0,0E0],"parents":[2147483647,0,0,1,1,2,2,4,4],"right_children":[2,4,6,-1,8,-1,-1,-1,-1],"split_conditions":[7.0520705E-1,4.0284726E-1,9.00616E-1,-8.2988435E-1,6.0384345E-1,3.5770836E-1,9.710824E-1,-2.1422683E-1,-1.3587952E-2],"split_indices":[0,0,0,0,0,0,0,0,0],"split_type":[0,0,0,0,0,0,0,0,0],"sum_hessian":[9E0,5E0,4E0,3E0,2E0,2E0,2E0,1E0,1E0],"tree_param":{"num_deleted":"0","num_feature":"2","num_nodes":"9","size_leaf_vector":"1"}},{"base_weights":[2.1719456E-1,-5.8390336E0,7.4412293E0,-7.6764303E-1,-1.4428266E0,3.3386117E-1,9.0634376E-1,-2.0351544E-1,-1.2908555E-2],"categories":[],"categories_nodes":[],"categories_segments":[],"categories_sizes":[],"default_left":[0,0,0,0,0,0,0,0,0],"id":12,"left_children":[1,3,5,-1,7,-1,-1,-1,-1],"loss_changes":[4.809536E2,3.7389694E1,3.017212E0,0E0,2.0717874E0,0E0,0E0,0E0,0E0],"parents":[2147483647,0,0,1,1,2,2,4,4],"right_children":[2,4,6,-1,8,-1,-1,-1,-1],"split_conditions":[7.0520705E-1,4.0284726E-1,9.00616E-1,-7.6764303E-1,6.0384345E-1,3.3386117E-1,9.0634376E-1,-2.0351544E-1,-1.2908555E-2],"split_indices":[0,0,0,0,0,0,0,0,0],"split_type":[0,0,0,0,0,0,0,0,0],"sum_hessian":[9E0,5E0,4E0,3E0,2E0,2E0,2E0,1E0,1E0],"tree_param":{"num_deleted":"0","num_feature":"2","num_nodes":"9","size_leaf_vector":"1"}},{"base_weights":[2.2108841E-1,-5.4191413E0,6.945146E0,-6.453917E0,-1.2263107E-2,2.008131E-1,7.6773673E-1,-7.1006984E-1,-1.9333963E-1],"categories":[],"categories_nodes":[],"categories_segments":[],"categories_sizes":[],"default_left":[0,0,0,0,0,0,0,0,0],"id":13,"left_children":[1,3,5,7,-1,-1,-1,-1,-1],"loss_changes":[4.16889E2,3.209276E1,2.6577911E0,8.904724E-1,0E0,0E0,0E0,0E0,0E0],"parents":[2147483647,0,0,1,1,2,2,3,3],"right_children":[2,4,6,8,-1,-1,-1,-1,-1],"split_conditions":[7.0520705E-1,6.0384345E-1,8.1369483E-1,4.0284726E-1,-1.2263107E-2,2.008131E-1,7.6773673E-1,-7.1006984E-1,-1.9333963E-1],"split_indices":[0,0,0,0,0,0,0,0,0],"split_type":[0,0,0,0,0,0,0,0,0],"sum_hessian":[9E0,5E0,4E0,4E0,1E0,1E0,3E0,3E0,1E0],"tree_param":{"num_deleted":"0","num_feature":"2","num_nodes":"9","size_leaf_vector":"1"}},{"base_weights":[2.0426694E-1,-5.029839E0,6.4443407E0,-5.9892073E0,-1.16498945E-2,2.7931863E-1,7.947382E-1,-7.327241E-1,-2.6547712E-1],"categories":[],"categories_nodes":[],"categories_segments":[],"categories_sizes":[],"default_left":[0,0,0,0,0,0,0,0,0],"id":14,"left_children":[1,3,5,7,-1,-1,-1,-1,-1],"loss_changes":[3.5902606E2,2.7584473E1,5.2406464E0,2.8558044E0,0E0,0E0,0E0,0E0,0E0],"parents":[2147483647,0,0,1,1,2,2,3,3],"right_children":[2,4,6,8,-1,-1,-1,-1,-1],"split_conditions":[7.0520705E-1,6.0384345E-1,9.00616E-1,3.0379674E-1,-1.16498945E-2,2.7931863E-1,7.947382E-1,-7.327241E-1,-2.6547712E-1],"split_indices":[0,0,0,0,0,0,0,0,0],"split_type":[0,0,0,0,0,0,0,0,0],"sum_hessian":[9E0,5E0,4E0,4E0,1E0,2E0,2E0,2E0,2E0],"tree_param":{"num_deleted":"0","num_feature":"2","num_nodes":"9","size_leaf_vector":"1"}},{"base_weights":[1.9026013E-1,-4.695164E0,6.014717E0,-5.589927E0,-1.106739E-2,2.606973E-1,7.4175555E-1,-6.8387586E-1,-2.477787E-1],"categories":[],"categories_nodes":[],"categories_segments":[],"categories_sizes":[],"default_left":[0,0,0,0,0,0,0,0,0],"id":15,"left_children":[1,3,5,7,-1,-1,-1,-1,-1],"loss_changes":[3.127895E2,2.399353E1,4.565201E0,2.4877014E0,0E0,0E0,0E0,0E0,0E0],"parents":[2147483647,0,0,1,1,2,2,3,3],"right_children":[2,4,6,8,-1,-1,-1,-1,-1],"split_conditions":[7.0520705E-1,6.0384345E-1,9.00616E-1,3.0379674E-1,-1.106739E-2,2.606973E-1,7.4175555E-1,-6.8387586E-1,-2.477787E-1],"split_indices":[0,0,0,0,0,0,0,0,0],"split_type":[0,0,0,0,0,0,0,0,0],"sum_hessian":[9E0,5E0,4E0,4E0,1E0,2E0,2E0,2E0,2E0],"tree_param":{"num_deleted":"0","num_feature":"2","num_nodes":"9","size_leaf_vector":"1"}},{"base_weights":[1.77207E-1,-4.382768E0,5.613736E0,-5.2172656E0,-1.0514068E-2,2.4331753E-1,6.9230515E-1,-6.3828415E-1,-2.3126018E-1],"categories":[],"categories_nodes":[],"categories_segments":[],"categories_sizes":[],"default_left":[0,0,0,0,0,0,0,0,0],"id":16,"left_children":[1,3,5,7,-1,-1,-1,-1,-1],"loss_changes":[2.725081E2,2.0869461E1,3.9767761E0,2.1670532E0,0E0,0E0,0E0,0E0,0E0],"parents":[2147483647,0,0,1,1,2,2,3,3],"right_children":[2,4,6,8,-1,-1,-1,-1,-1],"split_conditions":[7.0520705E-1,6.0384345E-1,9.00616E-1,3.0379674E-1,-1.0514068E-2,2.4331753E-1,6.9230515E-1,-6.3828415E-1,-2.3126018E-1],"split_indices":[0,0,0,0,0,0,0,0,0],"split_type":[0,0,0,0,0,0,0,0,0],"sum_hessian":[9E0,5E0,4E0,4E0,1E0,2E0,2E0,2E0,2E0],"tree_param":{"num_deleted":"0","num_feature":"2","num_nodes":"9","size_leaf_vector":"1"}},{"base_weights":[1.6504268E-1,-4.091168E0,5.2394867E0,-4.8694477E0,-9.988404E-3,2.2709644E-1,6.4615136E-1,-5.957318E-1,-2.1584283E-1],"categories":[],"categories_nodes":[],"categories_segments":[],"categories_sizes":[],"default_left":[0,0,0,0,0,0,0,0,0],"id":17,"left_children":[1,3,5,7,-1,-1,-1,-1,-1],"loss_changes":[2.3741466E2,1.8151627E1,3.464203E0,1.8877411E0,0E0,0E0,0E0,0E0,0E0],"parents":[2147483647,0,0,1,1,2,2,3,3],"right_children":[2,4,6,8,-1,-1,-1,-1,-1],"split_conditions":[7.0520705E-1,6.0384345E-1,9.00616E-1,3.0379674E-1,-9.988404E-3,2.2709644E-1,6.4615136E-1,-5.957318E-1,-2.1584283E-1],"split_indices":[0,0,0,0,0,0,0,0,0],"split_type":[0,0,0,0,0,0,0,0,0],"sum_hessian":[9E0,5E0,4E0,4E0,1E0,2E0,2E0,2E0,2E0],"tree_param":{"num_deleted":"0","num_feature":"2","num_nodes":"9","size_leaf_vector":"1"}},{"base_weights":[1.5370655E-1,-3.8189783E0,4.8901873E0,-4.544818E0,-9.489059E-3,2.1195666E-1,6.030745E-1,-5.560164E-1,-2.0145328E-1],"categories":[],"categories_nodes":[],"categories_segments":[],"categories_sizes":[],"default_left":[0,0,0,0,0,0,0,0,0],"id":18,"left_children":[1,3,5,7,-1,-1,-1,-1,-1],"loss_changes":[2.0684097E2,1.5787277E1,3.017685E0,1.6444397E0,0E0,0E0,0E0,0E0,0E0],"parents":[2147483647,0,0,1,1,2,2,3,3],"right_children":[2,4,6,8,-1,-1,-1,-1,-1],"split_conditions":[7.0520705E-1,6.0384345E-1,9.00616E-1,3.0379674E-1,-9.489059E-3,2.1195666E-1,6.030745E-1,-5.560164E-1,-2.0145328E-1],"split_indices":[0,0,0,0,0,0,0,0,0],"split_type":[0,0,0,0,0,0,0,0,0],"sum_hessian":[9E0,5E0,4E0,4E0,1E0,2E0,2E0,2E0,2E0],"tree_param":{"num_deleted":"0","num_feature":"2","num_nodes":"9","size_leaf_vector":"1"}},{"base_weights":[1.4314404E-1,-3.5649061E0,4.5641756E0,-4.2418294E0,-9.0145115E-3,1.9782625E-1,5.6286967E-1,-5.1894855E-1,-1.88023E-1],"categories":[],"categories_nodes":[],"categories_segments":[],"categories_sizes":[],"default_left":[0,0,0,0,0,0,0,0,0],"id":19,"left_children":[1,3,5,7,-1,-1,-1,-1,-1],"loss_changes":[1.8020493E2,1.3730492E1,2.6287537E0,1.4325027E0,0E0,0E0,0E0,0E0,0E0],"parents":[2147483647,0,0,1,1,2,2,3,3],"right_children":[2,4,6,8,-1,-1,-1,-1,-1],"split_conditions":[7.0520705E-1,6.0384345E-1,9.00616E-1,3.0379674E-1,-9.0145115E-3,1.9782625E-1,5.6286967E-1,-5.1894855E-1,-1.88023E-1],"split_indices":[0,0,0,0,0,0,0,0,0],"split_type":[0,0,0,0,0,0,0,0,0],"sum_hessian":[9E0,5E0,4E0,4E0,1E0,2E0,2E0,2E0,2E0],"tree_param":{"num_deleted":"0","num_feature":"2","num_nodes":"9","size_leaf_vector":"1"}},{"base_weights":[1.3330059E-1,-3.3277464E0,4.2598968E0,-4.367896E-1,-8.3163136E-1,1.8463783E-1,5.25345E-1,-1.161809E-1,-8.563804E-3],"categories":[],"categories_nodes":[],"categories_segments":[],"categories_sizes":[],"default_left":[0,0,0,0,0,0,0,0,0],"id":20,"left_children":[1,3,5,-1,7,-1,-1,-1,-1],"loss_changes":[1.5699928E2,1.19455185E1,2.2899399E0,0E0,6.3943577E-1,0E0,0E0,0E0,0E0],"parents":[2147483647,0,0,1,1,2,2,4,4],"right_children":[2,4,6,-1,8,-1,-1,-1,-1],"split_conditions":[7.0520705E-1,4.0284726E-1,9.00616E-1,-4.367896E-1,6.0384345E-1,1.8463783E-1,5.25345E-1,-1.161809E-1,-8.563804E-3],"split_indices":[0,0,0,0,0,0,0,0,0],"split_type":[0,0,0,0,0,0,0,0,0],"sum_hessian":[9E0,5E0,4E0,3E0,2E0,2E0,2E0,1E0,1E0],"tree_param":{"num_deleted":"0","num_feature":"2","num_nodes":"9","size_leaf_vector":"1"}},{"base_weights":[1.3481541E-1,-3.0885603E0,3.9759033E0,-4.552326E-1,-1.2185965E0,1.7232858E-1,4.9032196E-1,-1.570558E-1,-8.135605E-3],"categories":[],"categories_nodes":[],"categories_segments":[],"categories_sizes":[],"default_left":[0,0,0,0,0,0,0,0,0],"id":21,"left_children":[1,3,5,-1,7,-1,-1,-1,-1],"loss_changes":[1.3609253E2,1.0875683E1,1.9947968E0,0E0,1.4732842E0,0E0,0E0,0E0,0E0],"parents":[2147483647,0,0,1,1,2,2,4,4],"right_children":[2,4,6,-1,8,-1,-1,-1,-1],"split_conditions":[7.0520705E-1,3.0379674E-1,9.00616E-1,-4.552326E-1,6.0384345E-1,1.7232858E-1,4.9032196E-1,-1.570558E-1,-8.135605E-3],"split_indices":[0,0,0,0,0,0,0,0,0],"split_type":[0,0,0,0,0,0,0,0,0],"sum_hessian":[9E0,5E0,4E0,2E0,3E0,2E0,2E0,2E0,1E0],"tree_param":{"num_deleted":"0","num_feature":"2","num_nodes":"9","size_leaf_vector":"1"}},{"base_weights":[1.2555638E-1,-2.8831084E0,3.7108428E0,-4.248837E-1,-1.1380348E0,2.0224266E-1,5.232254E-1,-1.4658546E-1,-7.7287676E-3],"categories":[],"categories_nodes":[],"categories_segments":[],"categories_sizes":[],"default_left":[0,0,0,0,0,0,0,0,0],"id":22,"left_children":[1,3,5,-1,7,-1,-1,-1,-1],"loss_changes":[1.18568016E2,9.464458E0,2.262024E0,0E0,1.2776432E0,0E0,0E0,0E0,0E0],"parents":[2147483647,0,0,1,1,2,2,4,4],"right_children":[2,4,6,-1,8,-1,-1,-1,-1],"split_conditions":[7.0520705E-1,3.0379674E-1,1E0,-4.248837E-1,6.0384345E-1,2.0224266E-1,5.232254E-1,-1.4658546E-1,-7.7287676E-3],"split_indices":[0,0,0,0,0,0,0,0,0],"split_type":[0,0,0,0,0,0,0,0,0],"sum_hessian":[9E0,5E0,4E0,2E0,3E0,3E0,1E0,2E0,1E0],"tree_param":{"num_deleted":"0","num_feature":"2","num_nodes":"9","size_leaf_vector":"1"}},{"base_weights":[1.2762757E-1,-2.6913307E0,3.4848518E0,-3.9655814E-1,-1.06281E0,1.8707438E-1,4.970642E-1,-1.368131E-1,-7.3423386E-3],"categories":[],"categories_nodes":[],"categories_segments":[],"categories_sizes":[],"default_left":[0,0,0,0,0,0,0,0,0],"id":23,"left_children":[1,3,5,-1,7,-1,-1,-1,-1],"loss_changes":[1.0401764E2,8.236202E0,2.692337E0,0E0,1.1078691E0,0E0,0E0,0E0,0E0],"parents":[2147483647,0,0,1,1,2,2,4,4],"right_children":[2,4,6,-1,8,-1,-1,-1,-1],"split_conditions":[7.0520705E-1,3.0379674E-1,1E0,-3.9655814E-1,6.0384345E-1,1.8707438E-1,4.970642E-1,-1.368131E-1,-7.3423386E-3],"split_indices":[0,0,0,0,0,0,0,0,0],"split_type":[0,0,0,0,0,0,0,0,0],"sum_hessian":[9E0,5E0,4E0,2E0,3E0,3E0,1E0,2E0,1E0],"tree_param":{"num_deleted":"0","num_feature":"2","num_nodes":"9","size_leaf_vector":"1"}},{"base_weights":[1.292078E-1,-2.5123167E0,3.2731957E0,-4.375907E-1,-1.2644173E0,1.7304392E-1,4.722111E-1,-1.5456457E-1,-6.975174E-3],"categories":[],"categories_nodes":[],"categories_segments":[],"categories_sizes":[],"default_left":[0,0,0,0,0,0,0,0,0],"id":24,"left_children":[1,3,5,-1,7,-1,-1,-1,-1],"loss_changes":[9.1272514E1,8.420467E0,3.005291E0,0E0,1.5720577E0,0E0,0E0,0E0,0E0],"parents":[2147483647,0,0,1,1,2,2,4,4],"right_children":[2,4,6,-1,8,-1,-1,-1,-1],"split_conditions":[7.0520705E-1,2.0179348E-1,1E0,-4.375907E-1,6.0384345E-1,1.7304392E-1,4.722111E-1,-1.5456457E-1,-6.975174E-3],"split_indices":[0,0,0,0,0,0,0,0,0],"split_type":[0,0,0,0,0,0,0,0,0],"sum_hessian":[9E0,5E0,4E0,1E0,4E0,3E0,1E0,3E0,1E0],"tree_param":{"num_deleted":"0","num_feature":"2","num_nodes":"9","size_leaf_vector":"1"}},{"base_weights":[1.20899774E-1,-2.3609407E0,3.0749283E0,-4.1571116E-1,-1.170284E0,1.6006576E-1,4.486006E-1,-1.4297226E-1,-6.6265105E-3],"categories":[],"categories_nodes":[],"categories_segments":[],"categories_sizes":[],"default_left":[0,0,0,0,0,0,0,0,0],"id":25,"left_children":[1,3,5,-1,7,-1,-1,-1,-1],"loss_changes":[8.0574E1,7.966736E0,3.2209969E0,0E0,1.3373842E0,0E0,0E0,0E0,0E0],"parents":[2147483647,0,0,1,1,2,2,4,4],"right_children":[2,4,6,-1,8,-1,-1,-1,-1],"split_conditions":[7.0520705E-1,2.0179348E-1,1E0,-4.1571116E-1,6.0384345E-1,1.6006576E-1,4.486006E-1,-1.4297226E-1,-6.6265105E-3],"split_indices":[0,0,0,0,0,0,0,0,0],"split_type":[0,0,0,0,0,0,0,0,0],"sum_hessian":[9E0,5E0,4E0,1E0,4E0,3E0,1E0,3E0,1E0],"tree_param":{"num_deleted":"0","num_feature":"2","num_nodes":"9","size_leaf_vector":"1"}},{"base_weights":[1.1314583E-1,-2.2190647E0,2.8891692E0,-3.949256E-1,-1.0831753E0,1.480609E-1,4.2617056E-1,-1.3224931E-1,-6.295204E-3],"categories":[],"categories_nodes":[],"categories_segments":[],"categories_sizes":[],"default_left":[0,0,0,0,0,0,0,0,0],"id":26,"left_children":[1,3,5,-1,7,-1,-1,-1,-1],"loss_changes":[7.115396E1,7.514101E0,3.3565788E0,0E0,1.1375341E0,0E0,0E0,0E0,0E0],"parents":[2147483647,0,0,1,1,2,2,4,4],"right_children":[2,4,6,-1,8,-1,-1,-1,-1],"split_conditions":[7.0520705E-1,2.0179348E-1,1E0,-3.949256E-1,6.0384345E-1,1.480609E-1,4.2617056E-1,-1.3224931E-1,-6.295204E-3],"split_indices":[0,0,0,0,0,0,0,0,0],"split_type":[0,0,0,0,0,0,0,0,0],"sum_hessian":[9E0,5E0,4E0,1E0,4E0,3E0,1E0,3E0,1E0],"tree_param":{"num_deleted":"0","num_feature":"2","num_nodes":"9","size_leaf_vector":"1"}},{"base_weights":[1.0590772E-1,-2.0860698E0,2.7150993E0,-3.751793E-1,-1.0025667E0,1.3695641E-1,4.0486202E-1,-1.223306E-1,-5.9804916E-3],"categories":[],"categories_nodes":[],"categories_segments":[],"categories_sizes":[],"default_left":[0,0,0,0,0,0,0,0,0],"id":27,"left_children":[1,3,5,-1,7,-1,-1,-1,-1],"loss_changes":[6.2856785E1,7.0674763E0,3.426651E0,0E0,9.673624E-1,0E0,0E0,0E0,0E0],"parents":[2147483647,0,0,1,1,2,2,4,4],"right_children":[2,4,6,-1,8,-1,-1,-1,-1],"split_conditions":[7.0520705E-1,2.0179348E-1,1E0,-3.751793E-1,6.0384345E-1,1.3695641E-1,4.0486202E-1,-1.223306E-1,-5.9804916E-3],"split_indices":[0,0,0,0,0,0,0,0,0],"split_type":[0,0,0,0,0,0,0,0,0],"sum_hessian":[9E0,5E0,4E0,1E0,4E0,3E0,1E0,3E0,1E0],"tree_param":{"num_deleted":"0","num_feature":"2","num_nodes":"9","size_leaf_vector":"1"}},{"base_weights":[9.9150084E-2,-1.9613781E0,2.5519538E0,-3.5642034E-1,-9.2797244E-1,1.2668477E-1,3.8461897E-1,-1.1315584E-1,-5.6814193E-3],"categories":[],"categories_nodes":[],"categories_segments":[],"categories_sizes":[],"default_left":[0,0,0,0,0,0,0,0,0],"id":28,"left_children":[1,3,5,-1,7,-1,-1,-1,-1],"loss_changes":[5.554606E1,6.6307297E0,3.443615E0,0E0,8.2248974E-1,0E0,0E0,0E0,0E0],"parents":[2147483647,0,0,1,1,2,2,4,4],"right_children":[2,4,6,-1,8,-1,-1,-1,-1],"split_conditions":[7.0520705E-1,2.0179348E-1,1E0,-3.5642034E-1,6.0384345E-1,1.2668477E-1,3.8461897E-1,-1.1315584E-1,-5.6814193E-3],"split_indices":[0,0,0,0,0,0,0,0,0],"split_type":[0,0,0,0,0,0,0,0,0],"sum_hessian":[9E0,5E0,4E0,1E0,4E0,3E0,1E0,3E0,1E0],"tree_param":{"num_deleted":"0","num_feature":"2","num_nodes":"9","size_leaf_vector":"1"}},{"base_weights":[9.283886E-2,-1.8444504E0,2.399018E0,-3.385993E-1,-8.5894316E-1,1.17183305E-1,3.6538792E-1,-1.0466919E-1,-5.3974153E-3],"categories":[],"categories_nodes":[],"categories_segments":[],"categories_sizes":[],"default_left":[0,0,0,0,0,0,0,0,0],"id":29,"left_children":[1,3,5,-1,7,-1,-1,-1,-1],"loss_changes":[4.9102234E1,6.206833E0,3.4179955E0,0E0,6.9916534E-1,0E0,0E0,0E0,0E0],"parents":[2147483647,0,0,1,1,2,2,4,4],"right_children":[2,4,6,-1,8,-1,-1,-1,-1],"split_conditions":[7.0520705E-1,2.0179348E-1,1E0,-3.385993E-1,6.0384345E-1,1.17183305E-1,3.6538792E-1,-1.0466919E-1,-5.3974153E-3],"split_indices":[0,0,0,0,0,0,0,0,0],"split_type":[0,0,0,0,0,0,0,0,0],"sum_hessian":[9E0,5E0,4E0,1E0,4E0,3E0,1E0,3E0,1E0],"tree_param":{"num_deleted":"0","num_feature":"2","num_nodes":"9","size_leaf_vector":"1"}},{"base_weights":[8.694563E-2,-1.7347827E0,2.2556305E0,-3.2166934E-1,-7.950619E-1,1.08394526E-1,3.471186E-1,-9.6818976E-2,-5.1275254E-3],"categories":[],"categories_nodes":[],"categories_segments":[],"categories_sizes":[],"default_left":[0,0,0,0,0,0,0,0,0],"id":30,"left_children":[1,3,5,-1,7,-1,-1,-1,-1],"loss_changes":[4.3420574E1,5.798025E0,3.3586655E0,0E0,5.942068E-1,0E0,0E0,0E0,0E0],"parents":[2147483647,0,0,1,1,2,2,4,4],"right_children":[2,4,6,-1,8,-1,-1,-1,-1],"split_conditions":[7.0520705E-1,2.0179348E-1,1E0,-3.2166934E-1,6.0384345E-1,1.08394526E-1,3.471186E-1,-9.6818976E-2,-5.1275254E-3],"split_indices":[0,0,0,0,0,0,0,0,0],"split_type":[0,0,0,0,0,0,0,0,0],"sum_hessian":[9E0,5E0,4E0,1E0,4E0,3E0,1E0,3E0,1E0],"tree_param":{"num_deleted":"0","num_feature":"2","num_nodes":"9","size_leaf_vector":"1"}},{"base_weights":[8.144073E-2,-1.6319071E0,2.12117E0,-3.0558586E-1,-7.359451E-1,1.0026493E-1,3.2976267E-1,-8.955755E-2,-4.871178E-3],"categories":[],"categories_nodes":[],"categories_segments":[],"categories_sizes":[],"default_left":[0,0,0,0,0,0,0,0,0],"id":31,"left_children":[1,3,5,-1,7,-1,-1,-1,-1],"loss_changes":[3.8409214E1,5.405895E0,3.2730904E0,0E0,5.048919E-1,0E0,0E0,0E0,0E0],"parents":[2147483647,0,0,1,1,2,2,4,4],"right_children":[2,4,6,-1,8,-1,-1,-1,-1],"split_conditions":[7.0520705E-1,2.0179348E-1,1E0,-3.0558586E-1,6.0384345E-1,1.0026493E-1,3.2976267E-1,-8.955755E-2,-4.871178E-3],"split_indices":[0,0,0,0,0,0,0,0,0],"split_type":[0,0,0,0,0,0,0,0,0],"sum_hessian":[9E0,5E0,4E0,1E0,4E0,3E0,1E0,3E0,1E0],"tree_param":{"num_deleted":"0","num_feature":"2","num_nodes":"9","size_leaf_vector":"1"}},{"base_weights":[7.629757E-2,-1.5353855E0,1.9950577E0,-2.9030657E-1,-6.8123627E-1,9.274502E-2,3.1327438E-1,-8.284073E-2,-4.627609E-3],"categories":[],"categories_nodes":[],"categories_segments":[],"categories_sizes":[],"default_left":[0,0,0,0,0,0,0,0,0],"id":32,"left_children":[1,3,5,-1,7,-1,-1,-1,-1],"loss_changes":[3.3987514E1,5.0315437E0,3.1675472E0,0E0,4.289031E-1,0E0,0E0,0E0,0E0],"parents":[2147483647,0,0,1,1,2,2,4,4],"right_children":[2,4,6,-1,8,-1,-1,-1,-1],"split_conditions":[7.0520705E-1,2.0179348E-1,1E0,-2.9030657E-1,6.0384345E-1,9.274502E-2,3.1327438E-1,-8.284073E-2,-4.627609E-3],"split_indices":[0,0,0,0,0,0,0,0,0],"split_type":[0,0,0,0,0,0,0,0,0],"sum_hessian":[9E0,5E0,4E0,1E0,4E0,3E0,1E0,3E0,1E0],"tree_param":{"num_deleted":"0","num_feature":"2","num_nodes":"9","size_leaf_vector":"1"}},{"base_weights":[7.149191E-2,-1.4448098E0,1.8767555E0,-2.7579126E-1,-6.3060665E-1,8.578901E-1,2.9761085E-1,-7.662771E-2,-4.396248E-3,2.4277687E-2,9.8200224E-2],"categories":[],"categories_nodes":[],"categories_segments":[],"categories_sizes":[],"default_left":[0,0,0,0,0,0,0,0,0,0,0],"id":33,"left_children":[1,3,5,-1,7,9,-1,-1,-1,-1,-1],"loss_changes":[3.0084799E1,4.6756353E0,3.047289E0,0E0,3.642639E-1,6.6964865E-2,0E0,0E0,0E0,0E0,0E0],"parents":[2147483647,0,0,1,1,2,2,4,4,5,5],"right_children":[2,4,6,-1,8,10,-1,-1,-1,-1,-1],"split_conditions":[7.0520705E-1,2.0179348E-1,1E0,-2.7579126E-1,6.0384345E-1,8.1369483E-1,2.9761085E-1,-7.662771E-2,-4.396248E-3,2.4277687E-2,9.8200224E-2],"split_indices":[0,0,0,0,0,0,0,0,0,0,0],"split_type":[0,0,0,0,0,0,0,0,0,0,0],"sum_hessian":[9E0,5E0,4E0,1E0,4E0,3E0,1E0,3E0,1E0,1E0,2E0],"tree_param":{"num_deleted":"0","num_feature":"2","num_nodes":"11","size_leaf_vector":"1"}},{"base_weights":[7.067003E-2,-1.3597983E0,1.773098E0,-2.6200172E-1,-5.837511E-1,8.0272007E-1,2.827305E-1,-7.088063E-2,-4.176521E-3,2.3063852E-2,9.1653444E-2],"categories":[],"categories_nodes":[],"categories_segments":[],"categories_sizes":[],"default_left":[0,0,0,0,0,0,0,0,0,0,0],"id":34,"left_children":[1,3,5,-1,7,9,-1,-1,-1,-1,-1],"loss_changes":[2.6763748E1,4.338498E0,2.8453617E0,0E0,3.0928755E-1,4.905629E-2,0E0,0E0,0E0,0E0,0E0],"parents":[2147483647,0,0,1,1,2,2,4,4,5,5],"right_children":[2,4,6,-1,8,10,-1,-1,-1,-1,-1],"split_conditions":[7.0520705E-1,2.0179348E-1,1E0,-2.6200172E-1,6.0384345E-1,8.1369483E-1,2.827305E-1,-7.088063E-2,-4.176521E-3,2.3063852E-2,9.1653444E-2],"split_indices":[0,0,0,0,0,0,0,0,0,0,0],"split_type":[0,0,0,0,0,0,0,0,0,0,0],"sum_hessian":[9E0,5E0,4E0,1E0,4E0,3E0,1E0,3E0,1E0,1E0,2E0],"tree_param":{"num_deleted":"0","num_feature":"2","num_nodes":"11","size_leaf_vector":"1"}},{"base_weights":[6.964245E-2,-1.2799946E0,1.6752784E0,-2.489016E-1,-5.4038715E-1,7.511282E-1,2.68594E-1,-6.5564565E-2,-3.9676665E-3,2.1910667E-2,8.554332E-2],"categories":[],"categories_nodes":[],"categories_segments":[],"categories_sizes":[],"default_left":[0,0,0,0,0,0,0,0,0,0,0],"id":35,"left_children":[1,3,5,-1,7,9,-1,-1,-1,-1,-1],"loss_changes":[2.3814606E1,4.020176E0,2.6525307E0,0E0,2.6254177E-1,3.4538746E-2,0E0,0E0,0E0,0E0,0E0],"parents":[2147483647,0,0,1,1,2,2,4,4,5,5],"right_children":[2,4,6,-1,8,10,-1,-1,-1,-1,-1],"split_conditions":[7.0520705E-1,2.0179348E-1,1E0,-2.489016E-1,6.0384345E-1,8.1369483E-1,2.68594E-1,-6.5564565E-2,-3.9676665E-3,2.1910667E-2,8.554332E-2],"split_indices":[0,0,0,0,0,0,0,0,0,0,0],"split_type":[0,0,0,0,0,0,0,0,0,0,0],"sum_hessian":[9E0,5E0,4E0,1E0,4E0,3E0,1E0,3E0,1E0,1E0,2E0],"tree_param":{"num_deleted":"0","num_feature":"2","num_nodes":"11","size_leaf_vector":"1"}},{"base_weights":[6.843939E-2,-1.2050675E0,1.5829598E0,-2.3645654E-1,-5.002548E-1,7.02878E-1,2.5516436E-1,-6.06472E-2,-3.7693025E-3,2.0815087E-2,7.984035E-2],"categories":[],"categories_nodes":[],"categories_segments":[],"categories_sizes":[],"default_left":[0,0,0,0,0,0,0,0,0,0,0],"id":36,"left_children":[1,3,5,-1,7,9,-1,-1,-1,-1,-1],"loss_changes":[2.1195095E1,3.7204866E0,2.4691095E0,0E0,2.2280037E-1,2.2847772E-2,0E0,0E0,0E0,0E0,0E0],"parents":[2147483647,0,0,1,1,2,2,4,4,5,5],"right_children":[2,4,6,-1,8,10,-1,-1,-1,-1,-1],"split_conditions":[7.0520705E-1,2.0179348E-1,1E0,-2.3645654E-1,6.0384345E-1,8.1369483E-1,2.5516436E-1,-6.06472E-2,-3.7693025E-3,2.0815087E-2,7.984035E-2],"split_indices":[0,0,0,0,0,0,0,0,0,0,0],"split_type":[0,0,0,0,0,0,0,0,0,0,0],"sum_hessian":[9E0,5E0,4E0,1E0,4E0,3E0,1E0,3E0,1E0,1E0,2E0],"tree_param":{"num_deleted":"0","num_feature":"2","num_nodes":"11","size_leaf_vector":"1"}},{"base_weights":[6.708975E-2,-1.134706E0,1.4958267E0,-2.246337E-1,-4.6311244E-1,6.57753E-1,2.4240609E-1,-5.609863E-2,-3.5808564E-3,1.9774247E-2,7.451757E-2],"categories":[],"categories_nodes":[],"categories_segments":[],"categories_sizes":[],"default_left":[0,0,0,0,0,0,0,0,0,0,0],"id":37,"left_children":[1,3,5,-1,7,9,-1,-1,-1,-1,-1],"loss_changes":[1.8867825E1,3.4390788E0,2.2952108E0,0E0,1.8902135E-1,1.3508439E-2,0E0,0E0,0E0,0E0,0E0],"parents":[2147483647,0,0,1,1,2,2,4,4,5,5],"right_children":[2,4,6,-1,8,10,-1,-1,-1,-1,-1],"split_conditions":[7.0520705E-1,2.0179348E-1,1E0,-2.246337E-1,6.0384345E-1,8.1369483E-1,2.4240609E-1,-5.609863E-2,-3.5808564E-3,1.9774247E-2,7.451757E-2],"split_indices":[0,0,0,0,0,0,0,0,0,0,0],"split_type":[0,0,0,0,0,0,0,0,0,0,0],"sum_hessian":[9E0,5E0,4E0,1E0,4E0,3E0,1E0,3E0,1E0,1E0,2E0],"tree_param":{"num_deleted":"0","num_feature":"2","num_nodes":"11","size_leaf_vector":"1"}},{"base_weights":[6.561937E-2,-1.0686206E0,1.4135834E0,-2.1340199E-1,-4.287367E-1,6.15551E-1,2.3028564E-1,-5.1891208E-2,-3.4017563E-3,1.8785477E-2,6.954982E-2],"categories":[],"categories_nodes":[],"categories_segments":[],"categories_sizes":[],"default_left":[0,0,0,0,0,0,0,0,0,0,0],"id":38,"left_children":[1,3,5,-1,7,9,-1,-1,-1,-1,-1],"loss_changes":[1.679973E1,3.1754584E0,2.1308184E0,0E0,1.603176E-1,6.119609E-3,0E0,0E0,0E0,0E0,0E0],"parents":[2147483647,0,0,1,1,2,2,4,4,5,5],"right_children":[2,4,6,-1,8,10,-1,-1,-1,-1,-1],"split_conditions":[7.0520705E-1,2.0179348E-1,1E0,-2.1340199E-1,6.0384345E-1,8.1369483E-1,2.3028564E-1,-5.1891208E-2,-3.4017563E-3,1.8785477E-2,6.954982E-2],"split_indices":[0,0,0,0,0,0,0,0,0,0,0],"split_type":[0,0,0,0,0,0,0,0,0,0,0],"sum_hessian":[9E0,5E0,4E0,1E0,4E0,3E0,1E0,3E0,1E0,1E0,2E0],"tree_param":{"num_deleted":"0","num_feature":"2","num_nodes":"11","size_leaf_vector":"1"}},{"base_weights":[6.4050004E-2,-1.0065408E0,1.335949E0,-2.0273189E-1,-3.9692134E-1,5.7607937E-1,2.1877137E-1,-4.799936E-2,-3.2316209E-3,1.7846107E-2,6.4913176E-2],"categories":[],"categories_nodes":[],"categories_segments":[],"categories_sizes":[],"default_left":[0,0,0,0,0,0,0,0,0,0,0],"id":39,"left_children":[1,3,5,-1,7,9,-1,-1,-1,-1,-1],"loss_changes":[1.496152E1,2.929031E0,1.9758539E0,0E0,1.3593125E-1,3.4320354E-4,0E0,0E0,0E0,0E0,0E0],"parents":[2147483647,0,0,1,1,2,2,4,4,5,5],"right_children":[2,4,6,-1,8,10,-1,-1,-1,-1,-1],"split_conditions":[7.0520705E-1,2.0179348E-1,1E0,-2.0273189E-1,6.0384345E-1,8.1369483E-1,2.1877137E-1,-4.799936E-2,-3.2316209E-3,1.7846107E-2,6.4913176E-2],"split_indices":[0,0,0,0,0,0,0,0,0,0,0],"split_type":[0,0,0,0,0,0,0,0,0,0,0],"sum_hessian":[9E0,5E0,4E0,1E0,4E0,3E0,1E0,3E0,1E0,1E0,2E0],"tree_param":{"num_deleted":"0","num_feature":"2","num_nodes":"11","size_leaf_vector":"1"}},{"base_weights":[6.2401198E-2,-9.4821423E-1,1.2626594E0,-1.9259529E-1,-3.674759E-1,5.3916074E-2,2.0783272E-1,-4.439945E-2,-3.0700683E-3],"categories":[],"categories_nodes":[],"categories_segments":[],"categories_sizes":[],"default_left":[0,0,0,0,0,0,0,0,0],"id":40,"left_children":[1,3,5,-1,7,-1,-1,-1,-1],"loss_changes":[1.3327266E1,2.6991205E0,1.8301196E0,0E0,1.1521697E-1,0E0,0E0,0E0,0E0],"parents":[2147483647,0,0,1,1,2,2,4,4],"right_children":[2,4,6,-1,8,-1,-1,-1,-1],"split_conditions":[7.0520705E-1,2.0179348E-1,1E0,-1.9259529E-1,6.0384345E-1,5.3916074E-2,2.0783272E-1,-4.439945E-2,-3.0700683E-3],"split_indices":[0,0,0,0,0,0,0,0,0],"split_type":[0,0,0,0,0,0,0,0,0],"sum_hessian":[9E0,5E0,4E0,1E0,4E0,3E0,1E0,3E0,1E0],"tree_param":{"num_deleted":"0","num_feature":"2","num_nodes":"9","size_leaf_vector":"1"}},{"base_weights":[5.8329295E-2,-8.9340353E-1,1.1887429E0,-1.8296552E-1,-3.4022218E-1,4.9872303E-1,1.974411E-1,-4.1069508E-1,-2.9165267E-3,1.4258004E-2,5.699107E-2,-4.6302095E-2,-1.2685872E-2],"categories":[],"categories_nodes":[],"categories_segments":[],"categories_sizes":[],"default_left":[0,0,0,0,0,0,0,0,0,0,0,0,0],"id":41,"left_children":[1,3,5,-1,7,9,-1,11,-1,-1,-1,-1,-1],"loss_changes":[1.1820543E1,2.4850125E0,1.7259493E0,0E0,9.76274E-2,2.0154059E-2,0E0,6.697178E-4,0E0,0E0,0E0,0E0,0E0],"parents":[2147483647,0,0,1,1,2,2,4,4,5,5,7,7],"right_children":[2,4,6,-1,8,10,-1,12,-1,-1,-1,-1,-1],"split_conditions":[7.0520705E-1,2.0179348E-1,1E0,-1.8296552E-1,6.0384345E-1,8.1369483E-1,1.974411E-1,4.0284726E-1,-2.9165267E-3,1.4258004E-2,5.699107E-2,-4.6302095E-2,-1.2685872E-2],"split_indices":[0,0,0,0,0,0,0,0,0,0,0,0,0],"split_type":[0,0,0,0,0,0,0,0,0,0,0,0,0],"sum_hessian":[9E0,5E0,4E0,1E0,4E0,3E0,1E0,3E0,1E0,1E0,2E0,2E0,1E0],"tree_param":{"num_deleted":"0","num_feature":"2","num_nodes":"13","size_leaf_vector":"1"}},{"base_weights":[5.487833E-2,-8.4487456E-1,1.1236061E0,-1.7381726E-1,-3.1858045E-1,4.666624E-1,1.8756905E-1,-3.8437247E-2,-2.7706146E-3,1.3545036E-2,5.3191632E-2],"categories":[],"categories_nodes":[],"categories_segments":[],"categories_sizes":[],"default_left":[0,0,0,0,0,0,0,0,0,0,0],"id":42,"left_children":[1,3,5,-1,7,9,-1,-1,-1,-1,-1],"loss_changes":[1.0565215E1,2.267077E0,1.5950713E0,0E0,8.5036576E-2,1.4403343E-2,0E0,0E0,0E0,0E0,0E0],"parents":[2147483647,0,0,1,1,2,2,4,4,5,5],"right_children":[2,4,6,-1,8,10,-1,-1,-1,-1,-1],"split_conditions":[7.0520705E-1,2.0179348E-1,1E0,-1.7381726E-1,6.0384345E-1,8.1369483E-1,1.8756905E-1,-3.8437247E-2,-2.7706146E-3,1.3545036E-2,5.3191632E-2],"split_indices":[0,0,0,0,0,0,0,0,0,0,0],"split_type":[0,0,0,0,0,0,0,0,0,0,0],"sum_hessian":[9E0,5E0,4E0,1E0,4E0,3E0,1E0,3E0,1E0,1E0,2E0],"tree_param":{"num_deleted":"0","num_feature":"2","num_nodes":"11","size_leaf_vector":"1"}},{"base_weights":[5.3318214E-2,-7.962249E-1,1.0621064E0,-1.6512637E-1,-2.949644E-1,4.3667984E-1,1.7819062E-1,-4.0652815E-2,-8.507919E-2,1.2867737E-2,4.9645487E-2,-1.0129738E-2,-2.632141E-3],"categories":[],"categories_nodes":[],"categories_segments":[],"categories_sizes":[],"default_left":[0,0,0,0,0,0,0,0,0,0,0,0,0],"id":43,"left_children":[1,3,5,-1,7,9,-1,-1,11,-1,-1,-1,-1],"loss_changes":[9.415766E0,2.0845191E0,1.4727869E0,0E0,8.24908E-2,9.760916E-3,0E0,0E0,1.9254163E-4,0E0,0E0,0E0,0E0],"parents":[2147483647,0,0,1,1,2,2,4,4,5,5,8,8],"right_children":[2,4,6,-1,8,10,-1,-1,12,-1,-1,-1,-1],"split_conditions":[7.0520705E-1,2.0179348E-1,1E0,-1.6512637E-1,4.0284726E-1,8.1369483E-1,1.7819062E-1,-4.0652815E-2,6.0384345E-1,1.2867737E-2,4.9645487E-2,-1.0129738E-2,-2.632141E-3],"split_indices":[0,0,0,0,0,0,0,0,0,0,0,0,0],"split_type":[0,0,0,0,0,0,0,0,0,0,0,0,0],"sum_hessian":[9E0,5E0,4E0,1E0,4E0,3E0,1E0,2E0,2E0,1E0,2E0,1E0,1E0],"tree_param":{"num_deleted":"0","num_feature":"2","num_nodes":"13","size_leaf_vector":"1"}},{"base_weights":[5.0202943E-2,-7.530257E-1,1.0040367E0,-1.5687004E-1,-2.761507E-1,4.0864086E-1,1.69281E-1,-3.79426E-2,-8.082517E-2,1.2224388E-2,4.6335857E-2,-9.623242E-3,-2.500534E-3],"categories":[],"categories_nodes":[],"categories_segments":[],"categories_sizes":[],"default_left":[0,0,0,0,0,0,0,0,0,0,0,0,0],"id":44,"left_children":[1,3,5,-1,7,9,-1,-1,11,-1,-1,-1,-1],"loss_changes":[8.417531E0,1.9006512E0,1.3587127E0,0E0,7.0194334E-2,6.041169E-3,0E0,0E0,1.737643E-4,0E0,0E0,0E0,0E0],"parents":[2147483647,0,0,1,1,2,2,4,4,5,5,8,8],"right_children":[2,4,6,-1,8,10,-1,-1,12,-1,-1,-1,-1],"split_conditions":[7.0520705E-1,2.0179348E-1,1E0,-1.5687004E-1,4.0284726E-1,8.1369483E-1,1.69281E-1,-3.79426E-2,6.0384345E-1,1.2224388E-2,4.6335857E-2,-9.623242E-3,-2.500534E-3],"split_indices":[0,0,0,0,0,0,0,0,0,0,0,0,0],"split_type":[0,0,0,0,0,0,0,0,0,0,0,0,0],"sum_hessian":[9E0,5E0,4E0,1E0,4E0,3E0,1E0,2E0,2E0,1E0,2E0,1E0,1E0],"tree_param":{"num_deleted":"0","num_feature":"2","num_nodes":"13","size_leaf_vector":"1"}},{"base_weights":[4.7272872E-2,-7.1221226E-1,9.4920045E-1,-1.4902654E-1,-2.5854856E-1,3.8241577E-1,1.6081695E-1,-3.5413075E-2,-7.67835E-2,1.1613083E-2,4.3246713E-2,-9.142113E-3,-2.375412E-3],"categories":[],"categories_nodes":[],"categories_segments":[],"categories_sizes":[],"default_left":[0,0,0,0,0,0,0,0,0,0,0,0,0],"id":45,"left_children":[1,3,5,-1,7,9,-1,-1,11,-1,-1,-1,-1],"loss_changes":[7.526037E0,1.7325404E0,1.2524786E0,0E0,5.967611E-2,3.0888915E-3,0E0,0E0,1.570452E-4,0E0,0E0,0E0,0E0],"parents":[2147483647,0,0,1,1,2,2,4,4,5,5,8,8],"right_children":[2,4,6,-1,8,10,-1,-1,12,-1,-1,-1,-1],"split_conditions":[7.0520705E-1,2.0179348E-1,1E0,-1.4902654E-1,4.0284726E-1,8.1369483E-1,1.6081695E-1,-3.5413075E-2,6.0384345E-1,1.1613083E-2,4.3246713E-2,-9.142113E-3,-2.375412E-3],"split_indices":[0,0,0,0,0,0,0,0,0,0,0,0,0],"split_type":[0,0,0,0,0,0,0,0,0,0,0,0,0],"sum_hessian":[9E0,5E0,4E0,1E0,4E0,3E0,1E0,2E0,2E0,1E0,2E0,1E0,1E0],"tree_param":{"num_deleted":"0","num_feature":"2","num_nodes":"13","size_leaf_vector":"1"}},{"base_weights":[4.451742E-2,-6.7365026E-1,8.9741516E-1,-1.415752E-1,-2.4207954E-1,1.9577153E-2,1.2999205E-1,-3.305219E-2,-7.294401E-2,-8.685017E-3,-2.2565841E-3],"categories":[],"categories_nodes":[],"categories_segments":[],"categories_sizes":[],"default_left":[0,0,0,0,0,0,0,0,0,0,0],"id":46,"left_children":[1,3,5,-1,7,-1,-1,-1,9,-1,-1],"loss_changes":[6.7297807E0,1.5788915E0,1.1575885E0,0E0,5.0684124E-2,0E0,0E0,0E0,1.4185347E-4,0E0,0E0],"parents":[2147483647,0,0,1,1,2,2,4,4,8,8],"right_children":[2,4,6,-1,8,-1,-1,-1,10,-1,-1],"split_conditions":[7.0520705E-1,2.0179348E-1,9.00616E-1,-1.415752E-1,4.0284726E-1,1.9577153E-2,1.2999205E-1,-3.305219E-2,6.0384345E-1,-8.685017E-3,-2.2565841E-3],"split_indices":[0,0,0,0,0,0,0,0,0,0,0],"split_type":[0,0,0,0,0,0,0,0,0,0,0],"sum_hessian":[9E0,5E0,4E0,1E0,4E0,2E0,2E0,2E0,2E0,1E0,1E0],"tree_param":{"num_deleted":"0","num_feature":"2","num_nodes":"11","size_leaf_vector":"1"}},{"base_weights":[3.646593E-2,-6.3721323E-1,8.375877E-1,-1.3449645E-1,-2.2667007E-1,3.156023E-2,1.4627647E-1,-3.0848695E-2,-6.929652E-2,-8.250809E-3,-2.1436692E-3],"categories":[],"categories_nodes":[],"categories_segments":[],"categories_sizes":[],"default_left":[0,0,0,0,0,0,0,0,0,0,0],"id":47,"left_children":[1,3,5,-1,7,-1,-1,-1,9,-1,-1],"loss_changes":[5.9307127E0,1.4385116E0,1.1700146E0,0E0,4.300198E-2,0E0,0E0,0E0,1.2820959E-4,0E0,0E0],"parents":[2147483647,0,0,1,1,2,2,4,4,8,8],"right_children":[2,4,6,-1,8,-1,-1,-1,10,-1,-1],"split_conditions":[7.0520705E-1,2.0179348E-1,1E0,-1.3449645E-1,4.0284726E-1,3.156023E-2,1.4627647E-1,-3.0848695E-2,6.0384345E-1,-8.250809E-3,-2.1436692E-3],"split_indices":[0,0,0,0,0,0,0,0,0,0,0],"split_type":[0,0,0,0,0,0,0,0,0,0,0],"sum_hessian":[9E0,5E0,4E0,1E0,4E0,3E0,1E0,2E0,2E0,1E0,1E0],"tree_param":{"num_deleted":"0","num_feature":"2","num_nodes":"11","size_leaf_vector":"1"}},{"base_weights":[3.3029366E-2,-6.027816E-1,7.8939664E-1,-1.2777162E-1,-2.1225147E-1,2.9193306E-1,1.3896255E-1,-2.8792096E-2,-6.5831505E-2,8.4756855E-3,3.327395E-2,-7.838249E-3,-2.0364763E-3],"categories":[],"categories_nodes":[],"categories_segments":[],"categories_sizes":[],"default_left":[0,0,0,0,0,0,0,0,0,0,0,0,0],"id":48,"left_children":[1,3,5,-1,7,9,-1,-1,11,-1,-1,-1,-1],"loss_changes":[5.2849E0,1.3102965E0,1.0872822E0,0E0,3.6443353E-2,5.614549E-3,0E0,0E0,1.1571683E-4,0E0,0E0,0E0,0E0],"parents":[2147483647,0,0,1,1,2,2,4,4,5,5,8,8],"right_children":[2,4,6,-1,8,10,-1,-1,12,-1,-1,-1,-1],"split_conditions":[7.0520705E-1,2.0179348E-1,1E0,-1.2777162E-1,4.0284726E-1,8.1369483E-1,1.3896255E-1,-2.8792096E-2,6.0384345E-1,8.4756855E-3,3.327395E-2,-7.838249E-3,-2.0364763E-3],"split_indices":[0,0,0,0,0,0,0,0,0,0,0,0,0],"split_type":[0,0,0,0,0,0,0,0,0,0,0,0,0],"sum_hessian":[9E0,5E0,4E0,1E0,4E0,3E0,1E0,2E0,2E0,1E0,2E0,1E0,1E0],"tree_param":{"num_deleted":"0","num_feature":"2","num_nodes":"13","size_leaf_vector":"1"}},{"base_weights":[3.1153392E-2,-5.7024336E-1,7.4659884E-1,-1.2138305E-1,-1.9875984E-1,2.731762E-1,1.3201447E-1,-2.387767E-2,-1.9346237E-3,8.051872E-3,3.1055579E-2],"categories":[],"categories_nodes":[],"categories_segments":[],"categories_sizes":[],"default_left":[0,0,0,0,0,0,0,0,0,0,0],"id":49,"left_children":[1,3,5,-1,7,9,-1,-1,-1,-1,-1],"loss_changes":[4.7284083E0,1.1932312E0,9.9701595E-1,0E0,3.12784E-2,3.8003027E-3,0E0,0E0,0E0,0E0,0E0],"parents":[2147483647,0,0,1,1,2,2,4,4,5,5],"right_children":[2,4,6,-1,8,10,-1,-1,-1,-1,-1],"split_conditions":[7.0520705E-1,2.0179348E-1,1E0,-1.2138305E-1,6.0384345E-1,8.1369483E-1,1.3201447E-1,-2.387767E-2,-1.9346237E-3,8.051872E-3,3.1055579E-2],"split_indices":[0,0,0,0,0,0,0,0,0,0,0],"split_type":[0,0,0,0,0,0,0,0,0,0,0],"sum_hessian":[9E0,5E0,4E0,1E0,4E0,3E0,1E0,3E0,1E0,1E0,2E0],"tree_param":{"num_deleted":"0","num_feature":"2","num_nodes":"11","size_leaf_vector":"1"}},{"base_weights":[3.0430984E-2,-3.5279083E-1,1.0422121E0,-1.1531391E-1,-7.372121E-2,3.0917931E-2,1.254139E-1,-2.2086811E-1,9.1856E-2,-2.5280762E-2,-6.2524797E-3,-1.8379212E-3,1.3472748E-2],"categories":[],"categories_nodes":[],"categories_segments":[],"categories_sizes":[],"default_left":[0,0,0,0,0,0,0,0,0,0,0,0,0],"id":50,"left_children":[1,3,5,-1,7,-1,-1,9,11,-1,-1,-1,-1],"loss_changes":[4.245049E0,1.7018123E0,7.829404E-2,0E0,1.9083728E-1,0E0,0E0,4.422888E-3,2.137997E-2,0E0,0E0,0E0,0E0],"parents":[2147483647,0,0,1,1,2,2,4,4,7,7,8,8],"right_children":[2,4,6,-1,8,-1,-1,10,12,-1,-1,-1,-1],"split_conditions":[9.00616E-1,2.0179348E-1,1E0,-1.1531391E-1,6.0384345E-1,3.0917931E-2,1.254139E-1,4.0284726E-1,7.0520705E-1,-2.5280762E-2,-6.2524797E-3,-1.8379212E-3,1.3472748E-2],"split_indices":[0,0,0,0,0,0,0,0,0,0,0,0,0],"split_type":[0,0,0,0,0,0,0,0,0,0,0,0,0],"sum_hessian":[9E0,7E0,2E0,1E0,6E0,1E0,1E0,3E0,3E0,2E0,1E0,1E0,2E0],"tree_param":{"num_deleted":"0","num_feature":"2","num_nodes":"13","size_leaf_vector":"1"}},{"base_weights":[2.9499818E-2,-3.3441353E-1,9.901021E-1,-1.0954823E-1,-6.919193E-2,2.9372025E-2,1.191433E-1,-2.066648E-1,8.557892E-2,-2.3595398E-2,-5.939865E-3,-1.745987E-3,1.2574513E-2],"categories":[],"categories_nodes":[],"categories_segments":[],"categories_sizes":[],"default_left":[0,0,0,0,0,0,0,0,0,0,0,0,0],"id":51,"left_children":[1,3,5,-1,7,-1,-1,9,11,-1,-1,-1,-1],"loss_changes":[3.8268638E0,1.5390165E0,7.066131E-2,0E0,1.666237E-1,0E0,0E0,3.2378584E-3,1.8750206E-2,0E0,0E0,0E0,0E0],"parents":[2147483647,0,0,1,1,2,2,4,4,7,7,8,8],"right_children":[2,4,6,-1,8,-1,-1,10,12,-1,-1,-1,-1],"split_conditions":[9.00616E-1,2.0179348E-1,1E0,-1.0954823E-1,6.0384345E-1,2.9372025E-2,1.191433E-1,4.0284726E-1,7.0520705E-1,-2.3595398E-2,-5.939865E-3,-1.745987E-3,1.2574513E-2],"split_indices":[0,0,0,0,0,0,0,0,0,0,0,0,0],"split_type":[0,0,0,0,0,0,0,0,0,0,0,0,0],"sum_hessian":[9E0,7E0,2E0,1E0,6E0,1E0,1E0,3E0,3E0,2E0,1E0,1E0,2E0],"tree_param":{"num_deleted":"0","num_feature":"2","num_nodes":"13","size_leaf_vector":"1"}},{"base_weights":[2.8576469E-2,-3.170035E-1,9.4059753E-1,-1.04070805E-1,-6.494454E-2,2.7903367E-2,1.1318626E-1,-1.9338202E-1,7.972908E-2,-2.2022342E-2,-5.642891E-3,-1.6586304E-3,1.1736298E-2],"categories":[],"categories_nodes":[],"categories_segments":[],"categories_sizes":[],"default_left":[0,0,0,0,0,0,0,0,0,0,0,0,0],"id":52,"left_children":[1,3,5,-1,7,-1,-1,9,11,-1,-1,-1,-1],"loss_changes":[3.4499347E0,1.3917414E0,6.377435E-2,0E0,1.4548878E-1,0E0,0E0,2.2770911E-3,1.644551E-2,0E0,0E0,0E0,0E0],"parents":[2147483647,0,0,1,1,2,2,4,4,7,7,8,8],"right_children":[2,4,6,-1,8,-1,-1,10,12,-1,-1,-1,-1],"split_conditions":[9.00616E-1,2.0179348E-1,1E0,-1.04070805E-1,6.0384345E-1,2.7903367E-2,1.1318626E-1,4.0284726E-1,7.0520705E-1,-2.2022342E-2,-5.642891E-3,-1.6586304E-3,1.1736298E-2],"split_indices":[0,0,0,0,0,0,0,0,0,0,0,0,0],"split_type":[0,0,0,0,0,0,0,0,0,0,0,0,0],"sum_hessian":[9E0,7E0,2E0,1E0,6E0,1E0,1E0,3E0,3E0,2E0,1E0,1E0,2E0],"tree_param":{"num_deleted":"0","num_feature":"2","num_nodes":"13","size_leaf_vector":"1"}},{"base_weights":[2.7661324E-2,-3.0051064E-1,8.9356613E-1,-9.8867275E-2,-6.0962815E-2,2.6508141E-2,1.0752678E-1,-1.8095994E-1,7.427502E-2,-2.0554192E-2,-5.360699E-3,-1.5756608E-3,1.0953776E-2],"categories":[],"categories_nodes":[],"categories_segments":[],"categories_sizes":[],"default_left":[0,0,0,0,0,0,0,0,0,0,0,0,0],"id":53,"left_children":[1,3,5,-1,7,-1,-1,9,11,-1,-1,-1,-1],"loss_changes":[3.1101828E0,1.2585096E0,5.755663E-2,0E0,1.2703787E-1,0E0,0E0,1.5038699E-3,1.4424989E-2,0E0,0E0,0E0,0E0],"parents":[2147483647,0,0,1,1,2,2,4,4,7,7,8,8],"right_children":[2,4,6,-1,8,-1,-1,10,12,-1,-1,-1,-1],"split_conditions":[9.00616E-1,2.0179348E-1,1E0,-9.8867275E-2,6.0384345E-1,2.6508141E-2,1.0752678E-1,4.0284726E-1,7.0520705E-1,-2.0554192E-2,-5.360699E-3,-1.5756608E-3,1.0953776E-2],"split_indices":[0,0,0,0,0,0,0,0,0,0,0,0,0],"split_type":[0,0,0,0,0,0,0,0,0,0,0,0,0],"sum_hessian":[9E0,7E0,2E0,1E0,6E0,1E0,1E0,3E0,3E0,2E0,1E0,1E0,2E0],"tree_param":{"num_deleted":"0","num_feature":"2","num_nodes":"13","size_leaf_vector":"1"}},{"base_weights":[2.675848E-2,-2.8488457E-1,8.4888715E-1,-9.3923904E-2,-5.722836E-2,2.5182724E-2,1.0215034E-1,-1.6934252E-1,6.919289E-2,-1.9183923E-2,-5.092621E-3,-1.4968872E-3,1.0223643E-2],"categories":[],"categories_nodes":[],"categories_segments":[],"categories_sizes":[],"default_left":[0,0,0,0,0,0,0,0,0,0,0,0,0],"id":54,"left_children":[1,3,5,-1,7,-1,-1,9,11,-1,-1,-1,-1],"loss_changes":[2.8039417E0,1.1379918E0,5.1944494E-2,0E0,1.1093257E-1,0E0,0E0,8.8626146E-4,1.2654375E-2,0E0,0E0,0E0,0E0],"parents":[2147483647,0,0,1,1,2,2,4,4,7,7,8,8],"right_children":[2,4,6,-1,8,-1,-1,10,12,-1,-1,-1,-1],"split_conditions":[9.00616E-1,2.0179348E-1,1E0,-9.3923904E-2,6.0384345E-1,2.5182724E-2,1.0215034E-1,4.0284726E-1,7.0520705E-1,-1.9183923E-2,-5.092621E-3,-1.4968872E-3,1.0223643E-2],"split_indices":[0,0,0,0,0,0,0,0,0,0,0,0,0],"split_type":[0,0,0,0,0,0,0,0,0,0,0,0,0],"sum_hessian":[9E0,7E0,2E0,1E0,6E0,1E0,1E0,3E0,3E0,2E0,1E0,1E0,2E0],"tree_param":{"num_deleted":"0","num_feature":"2","num_nodes":"13","size_leaf_vector":"1"}},{"base_weights":[2.586875E-2,-2.700804E-1,8.064435E-1,-8.92277E-2,-5.3727012E-2,2.3923684E-2,9.704285E-2,-1.584773E-1,6.445503E-2,-2.0629501E-2,-7.3773065E-3,-1.4221192E-3,9.542084E-3],"categories":[],"categories_nodes":[],"categories_segments":[],"categories_sizes":[],"default_left":[0,0,0,0,0,0,0,0,0,0,0,0,0],"id":55,"left_children":[1,3,5,-1,7,-1,-1,9,11,-1,-1,-1,-1],"loss_changes":[2.5279088E0,1.0289752E0,4.687786E-2,0E0,9.687188E-2,0E0,0E0,9.82441E-4,1.1102088E-2,0E0,0E0,0E0,0E0],"parents":[2147483647,0,0,1,1,2,2,4,4,7,7,8,8],"right_children":[2,4,6,-1,8,-1,-1,10,12,-1,-1,-1,-1],"split_conditions":[9.00616E-1,2.0179348E-1,1E0,-8.92277E-2,6.0384345E-1,2.3923684E-2,9.704285E-2,3.0379674E-1,7.0520705E-1,-2.0629501E-2,-7.3773065E-3,-1.4221192E-3,9.542084E-3],"split_indices":[0,0,0,0,0,0,0,0,0,0,0,0,0],"split_type":[0,0,0,0,0,0,0,0,0,0,0,0,0],"sum_hessian":[9E0,7E0,2E0,1E0,6E0,1E0,1E0,3E0,3E0,1E0,2E0,1E0,2E0],"tree_param":{"num_deleted":"0","num_feature":"2","num_nodes":"13","size_leaf_vector":"1"}},{"base_weights":[2.446742E-2,-2.5671107E-1,7.661209E-1,-8.476632E-2,-5.11946E-2,2.2727584E-2,9.2190556E-2,-1.4963102E-1,6.0040474E-2,-1.9598007E-2,-6.8854652E-3,-1.350975E-3,8.906047E-3],"categories":[],"categories_nodes":[],"categories_segments":[],"categories_sizes":[],"default_left":[0,0,0,0,0,0,0,0,0,0,0,0,0],"id":56,"left_children":[1,3,5,-1,7,-1,-1,9,11,-1,-1,-1,-1],"loss_changes":[2.2820418E0,9.2820734E-1,4.2304516E-2,0E0,8.5631E-2,0E0,0E0,1.4814958E-3,9.740892E-3,0E0,0E0,0E0,0E0],"parents":[2147483647,0,0,1,1,2,2,4,4,7,7,8,8],"right_children":[2,4,6,-1,8,-1,-1,10,12,-1,-1,-1,-1],"split_conditions":[9.00616E-1,2.0179348E-1,1E0,-8.476632E-2,6.0384345E-1,2.2727584E-2,9.2190556E-2,3.0379674E-1,7.0520705E-1,-1.9598007E-2,-6.8854652E-3,-1.350975E-3,8.906047E-3],"split_indices":[0,0,0,0,0,0,0,0,0,0,0,0,0],"split_type":[0,0,0,0,0,0,0,0,0,0,0,0,0],"sum_hessian":[9E0,7E0,2E0,1E0,6E0,1E0,1E0,3E0,3E0,1E0,2E0,1E0,2E0],"tree_param":{"num_deleted":"0","num_feature":"2","num_nodes":"13","size_leaf_vector":"1"}},{"base_weights":[2.3142386E-2,-2.4400216E-1,7.278137E-1,-8.0528E-2,-4.8779625E-2,2.1591187E-2,8.7580875E-2,-1.4128876E-1,5.5924416E-2,-1.8618107E-2,-6.42643E-3,-1.2834549E-3,8.312225E-3],"categories":[],"categories_nodes":[],"categories_segments":[],"categories_sizes":[],"default_left":[0,0,0,0,0,0,0,0,0,0,0,0,0],"id":57,"left_children":[1,3,5,-1,7,-1,-1,9,11,-1,-1,-1,-1],"loss_changes":[2.0600793E0,8.373114E-1,3.817916E-2,0E0,7.570405E-2,0E0,0E0,1.8664226E-3,8.547218E-3,0E0,0E0,0E0,0E0],"parents":[2147483647,0,0,1,1,2,2,4,4,7,7,8,8],"right_children":[2,4,6,-1,8,-1,-1,10,12,-1,-1,-1,-1],"split_conditions":[9.00616E-1,2.0179348E-1,1E0,-8.0528E-2,6.0384345E-1,2.1591187E-2,8.7580875E-2,3.0379674E-1,7.0520705E-1,-1.8618107E-2,-6.42643E-3,-1.2834549E-3,8.312225E-3],"split_indices":[0,0,0,0,0,0,0,0,0,0,0,0,0],"split_type":[0,0,0,0,0,0,0,0,0,0,0,0,0],"sum_hessian":[9E0,7E0,2E0,1E0,6E0,1E0,1E0,3E0,3E0,1E0,2E0,1E0,2E0],"tree_param":{"num_deleted":"0","num_feature":"2","num_nodes":"13","size_leaf_vector":"1"}},{"base_weights":[2.1890927E-2,-2.3192036E-1,6.914241E-1,-7.650161E-2,-4.647582E-2,2.0511627E-2,8.320198E-2,-1.3342142E-1,5.2088737E-2,-1.7687226E-2,-5.998039E-3,-1.219368E-3,7.7580772E-3],"categories":[],"categories_nodes":[],"categories_segments":[],"categories_sizes":[],"default_left":[0,0,0,0,0,0,0,0,0,0,0,0,0],"id":58,"left_children":[1,3,5,-1,7,-1,-1,9,11,-1,-1,-1,-1],"loss_changes":[1.859706E0,7.553228E-1,3.4457684E-2,0E0,6.6938035E-2,0E0,0E0,2.1554306E-3,7.500753E-3,0E0,0E0,0E0,0E0],"parents":[2147483647,0,0,1,1,2,2,4,4,7,7,8,8],"right_children":[2,4,6,-1,8,-1,-1,10,12,-1,-1,-1,-1],"split_conditions":[9.00616E-1,2.0179348E-1,1E0,-7.650161E-2,6.0384345E-1,2.0511627E-2,8.320198E-2,3.0379674E-1,7.0520705E-1,-1.7687226E-2,-5.998039E-3,-1.219368E-3,7.7580772E-3],"split_indices":[0,0,0,0,0,0,0,0,0,0,0,0,0],"split_type":[0,0,0,0,0,0,0,0,0,0,0,0,0],"sum_hessian":[9E0,7E0,2E0,1E0,6E0,1E0,1E0,3E0,3E0,1E0,2E0,1E0,2E0],"tree_param":{"num_deleted":"0","num_feature":"2","num_nodes":"13","size_leaf_vector":"1"}},{"base_weights":[2.0708656E-2,-2.2043443E-1,6.56854E-1,-7.267652E-2,-4.4277873E-2,1.9486045E-2,7.9042055E-2,-1.2600064E-1,4.8514366E-2,-1.6802883E-2,-5.5981637E-3,-1.1583328E-3,7.2408044E-3],"categories":[],"categories_nodes":[],"categories_segments":[],"categories_sizes":[],"default_left":[0,0,0,0,0,0,0,0,0,0,0,0,0],"id":59,"left_children":[1,3,5,-1,7,-1,-1,9,11,-1,-1,-1,-1],"loss_changes":[1.6788137E0,6.813682E-1,3.1098962E-2,0E0,5.919552E-2,0E0,0E0,2.3645535E-3,6.582546E-3,0E0,0E0,0E0,0E0],"parents":[2147483647,0,0,1,1,2,2,4,4,7,7,8,8],"right_children":[2,4,6,-1,8,-1,-1,10,12,-1,-1,-1,-1],"split_conditions":[9.00616E-1,2.0179348E-1,1E0,-7.267652E-2,6.0384345E-1,1.9486045E-2,7.9042055E-2,3.0379674E-1,7.0520705E-1,-1.6802883E-2,-5.5981637E-3,-1.1583328E-3,7.2408044E-3],"split_indices":[0,0,0,0,0,0,0,0,0,0,0,0,0],"split_type":[0,0,0,0,0,0,0,0,0,0,0,0,0],"sum_hessian":[9E0,7E0,2E0,1E0,6E0,1E0,1E0,3E0,3E0,1E0,2E0,1E0,2E0],"tree_param":{"num_deleted":"0","num_feature":"2","num_nodes":"13","size_leaf_vector":"1"}},{"base_weights":[1.9591521E-2,-2.095151E-1,6.24012E-1,-6.904268E-2,-4.2181015E-2,1.8511772E-2,7.509003E-2,-1.1900091E-1,4.5184135E-2,-1.5962744E-2,-5.2249595E-3,-1.1003495E-3,6.7581176E-3],"categories":[],"categories_nodes":[],"categories_segments":[],"categories_sizes":[],"default_left":[0,0,0,0,0,0,0,0,0,0,0,0,0],"id":60,"left_children":[1,3,5,-1,7,-1,-1,9,11,-1,-1,-1,-1],"loss_changes":[1.5155072E0,6.146605E-1,2.8066635E-2,0E0,5.2356623E-2,0E0,0E0,2.5070272E-3,5.7773767E-3,0E0,0E0,0E0,0E0],"parents":[2147483647,0,0,1,1,2,2,4,4,7,7,8,8],"right_children":[2,4,6,-1,8,-1,-1,10,12,-1,-1,-1,-1],"split_conditions":[9.00616E-1,2.0179348E-1,1E0,-6.904268E-2,6.0384345E-1,1.8511772E-2,7.509003E-2,3.0379674E-1,7.0520705E-1,-1.5962744E-2,-5.2249595E-3,-1.1003495E-3,6.7581176E-3],"split_indices":[0,0,0,0,0,0,0,0,0,0,0,0,0],"split_type":[0,0,0,0,0,0,0,0,0,0,0,0,0],"sum_hessian":[9E0,7E0,2E0,1E0,6E0,1E0,1E0,3E0,3E0,1E0,2E0,1E0,2E0],"tree_param":{"num_deleted":"0","num_feature":"2","num_nodes":"13","size_leaf_vector":"1"}},{"base_weights":[1.8534804E-2,-1.9913584E-1,5.928116E-1,-6.559055E-2,-4.018225E-2,1.7586136E-2,7.133561E-2,-1.1239791E-1,4.2078972E-2,-1.5164614E-2,-4.8766453E-3,-1.0454179E-3,6.307475E-3],"categories":[],"categories_nodes":[],"categories_segments":[],"categories_sizes":[],"default_left":[0,0,0,0,0,0,0,0,0,0,0,0,0],"id":61,"left_children":[1,3,5,-1,7,-1,-1,9,11,-1,-1,-1,-1],"loss_changes":[1.368082E0,5.544856E-1,2.5331378E-2,0E0,4.6313427E-2,0E0,0E0,2.5944412E-3,5.0712912E-3,0E0,0E0,0E0,0E0],"parents":[2147483647,0,0,1,1,2,2,4,4,7,7,8,8],"right_children":[2,4,6,-1,8,-1,-1,10,12,-1,-1,-1,-1],"split_conditions":[9.00616E-1,2.0179348E-1,1E0,-6.559055E-2,6.0384345E-1,1.7586136E-2,7.133561E-2,3.0379674E-1,7.0520705E-1,-1.5164614E-2,-4.8766453E-3,-1.0454179E-3,6.307475E-3],"split_indices":[0,0,0,0,0,0,0,0,0,0,0,0,0],"split_type":[0,0,0,0,0,0,0,0,0,0,0,0,0],"sum_hessian":[9E0,7E0,2E0,1E0,6E0,1E0,1E0,3E0,3E0,1E0,2E0,1E0,2E0],"tree_param":{"num_deleted":"0","num_feature":"2","num_nodes":"13","size_leaf_vector":"1"}},{"base_weights":[1.7537022E-2,-1.89268E-1,5.631714E-1,-6.231103E-2,-3.8274765E-2,1.6706849E-2,6.7768864E-2,-1.0616827E-1,3.918743E-2,-1.4406395E-2,-4.551506E-3,-9.931565E-4,5.8870954E-3],"categories":[],"categories_nodes":[],"categories_segments":[],"categories_sizes":[],"default_left":[0,0,0,0,0,0,0,0,0,0,0,0,0],"id":62,"left_children":[1,3,5,-1,7,-1,-1,9,11,-1,-1,-1,-1],"loss_changes":[1.2349895E0,5.002086E-1,2.2861362E-2,0E0,4.097472E-2,0E0,0E0,2.6368983E-3,4.452019E-3,0E0,0E0,0E0,0E0],"parents":[2147483647,0,0,1,1,2,2,4,4,7,7,8,8],"right_children":[2,4,6,-1,8,-1,-1,10,12,-1,-1,-1,-1],"split_conditions":[9.00616E-1,2.0179348E-1,1E0,-6.231103E-2,6.0384345E-1,1.6706849E-2,6.7768864E-2,3.0379674E-1,7.0520705E-1,-1.4406395E-2,-4.551506E-3,-9.931565E-4,5.8870954E-3],"split_indices":[0,0,0,0,0,0,0,0,0,0,0,0,0],"split_type":[0,0,0,0,0,0,0,0,0,0,0,0,0],"sum_hessian":[9E0,7E0,2E0,1E0,6E0,1E0,1E0,3E0,3E0,1E0,2E0,1E0,2E0],"tree_param":{"num_deleted":"0","num_feature":"2","num_nodes":"13","size_leaf_vector":"1"}},{"base_weights":[1.659298E-2,-1.7988801E-1,5.350113E-1,-5.919547E-2,-3.645638E-2,1.587143E-2,6.4380266E-2,-1.0029101E-1,3.6492348E-2,-1.3686085E-2,-4.2480784E-3,-9.435654E-4,5.49469E-2,1.6656875E-3,6.5763476E-3],"categories":[],"categories_nodes":[],"categories_segments":[],"categories_sizes":[],"default_left":[0,0,0,0,0,0,0,0,0,0,0,0,0,0,0],"id":63,"left_children":[1,3,5,-1,7,-1,-1,9,11,-1,-1,-1,13,-1,-1],"loss_changes":[1.1148355E0,4.5124662E-1,2.0632923E-2,0E0,3.6256444E-2,0E0,0E0,2.6424862E-3,3.908783E-3,0E0,0E0,0E0,1.4708657E-4,0E0,0E0],"parents":[2147483647,0,0,1,1,2,2,4,4,7,7,8,8,12,12],"right_children":[2,4,6,-1,8,-1,-1,10,12,-1,-1,-1,14,-1,-1],"split_conditions":[9.00616E-1,2.0179348E-1,1E0,-5.919547E-2,6.0384345E-1,1.587143E-2,6.4380266E-2,3.0379674E-1,7.0520705E-1,-1.3686085E-2,-4.2480784E-3,-9.435654E-4,8.1369483E-1,1.6656875E-3,6.5763476E-3],"split_indices":[0,0,0,0,0,0,0,0,0,0,0,0,0,0,0],"split_type":[0,0,0,0,0,0,0,0,0,0,0,0,0,0,0],"sum_hessian":[9E0,7E0,2E0,1E0,6E0,1E0,1E0,3E0,3E0,1E0,2E0,1E0,2E0,1E0,1E0],"tree_param":{"num_deleted":"0","num_feature":"2","num_nodes":"15","size_leaf_vector":"1"}},{"base_weights":[1.597557E-2,-1.7062855E-1,5.082614E-1,-5.6235697E-2,-3.433064E-2,1.5077782E-2,6.1161425E-2,-9.4745636E-2,3.4667015E-2,-1.3001776E-2,-3.964901E-3,-8.9645386E-4,5.2199047E-2,1.5823365E-3,6.2475204E-3],"categories":[],"categories_nodes":[],"categories_segments":[],"categories_sizes":[],"default_left":[0,0,0,0,0,0,0,0,0,0,0,0,0,0,0],"id":64,"left_children":[1,3,5,-1,7,-1,-1,9,11,-1,-1,-1,13,-1,-1],"loss_changes":[1.0053495E0,4.0782806E-1,1.8622994E-2,0E0,3.2463998E-2,0E0,0E0,2.6184246E-3,3.527739E-3,0E0,0E0,0E0,1.328392E-4,0E0,0E0],"parents":[2147483647,0,0,1,1,2,2,4,4,7,7,8,8,12,12],"right_children":[2,4,6,-1,8,-1,-1,10,12,-1,-1,-1,14,-1,-1],"split_conditions":[9.00616E-1,2.0179348E-1,1E0,-5.6235697E-2,6.0384345E-1,1.5077782E-2,6.1161425E-2,3.0379674E-1,7.0520705E-1,-1.3001776E-2,-3.964901E-3,-8.9645386E-4,8.1369483E-1,1.5823365E-3,6.2475204E-3],"split_indices":[0,0,0,0,0,0,0,0,0,0,0,0,0,0,0],"split_type":[0,0,0,0,0,0,0,0,0,0,0,0,0,0,0],"sum_hessian":[9E0,7E0,2E0,1E0,6E0,1E0,1E0,3E0,3E0,1E0,2E0,1E0,2E0,1E0,1E0],"tree_param":{"num_deleted":"0","num_feature":"2","num_nodes":"15","size_leaf_vector":"1"}},{"base_weights":[1.5374327E-2,-1.6184956E-1,4.828466E-1,-5.3423908E-2,-3.2331195E-2,1.4323807E-2,5.810318E-2,-8.9512825E-2,3.2933235E-2,-1.2351704E-2,-3.7005742E-3,-8.5163116E-4,4.958852E-2,1.5031815E-3,5.9350966E-3],"categories":[],"categories_nodes":[],"categories_segments":[],"categories_sizes":[],"default_left":[0,0,0,0,0,0,0,0,0,0,0,0,0,0,0],"id":65,"left_children":[1,3,5,-1,7,-1,-1,9,11,-1,-1,-1,13,-1,-1],"loss_changes":[9.06621E-1,3.685776E-1,1.6807795E-2,0E0,2.9071433E-2,0E0,0E0,2.5710054E-3,3.1837272E-3,0E0,0E0,0E0,1.19921286E-4,0E0,0E0],"parents":[2147483647,0,0,1,1,2,2,4,4,7,7,8,8,12,12],"right_children":[2,4,6,-1,8,-1,-1,10,12,-1,-1,-1,14,-1,-1],"split_conditions":[9.00616E-1,2.0179348E-1,1E0,-5.3423908E-2,6.0384345E-1,1.4323807E-2,5.810318E-2,3.0379674E-1,7.0520705E-1,-1.2351704E-2,-3.7005742E-3,-8.5163116E-4,8.1369483E-1,1.5031815E-3,5.9350966E-3],"split_indices":[0,0,0,0,0,0,0,0,0,0,0,0,0,0,0],"split_type":[0,0,0,0,0,0,0,0,0,0,0,0,0,0,0],"sum_hessian":[9E0,7E0,2E0,1E0,6E0,1E0,1E0,3E0,3E0,1E0,2E0,1E0,2E0,1E0,1E0],"tree_param":{"num_deleted":"0","num_feature":"2","num_nodes":"15","size_leaf_vector":"1"}},{"base_weights":[1.4790202E-2,-1.5352601E-1,4.5870337E-1,-5.075271E-2,-3.0450549E-2,1.3607598E-2,5.5197906E-2,-8.45747E-2,3.128624E-2,-1.1734105E-2,-3.4538906E-3,-8.090973E-4,4.7108967E-2,1.428032E-3,5.6383135E-3],"categories":[],"categories_nodes":[],"categories_segments":[],"categories_sizes":[],"default_left":[0,0,0,0,0,0,0,0,0,0,0,0,0,0,0],"id":66,"left_children":[1,3,5,-1,7,-1,-1,9,11,-1,-1,-1,13,-1,-1],"loss_changes":[8.176007E-1,3.330963E-1,1.5168786E-2,0E0,2.603618E-2,0E0,0E0,2.5051292E-3,2.873377E-3,0E0,0E0,0E0,1.0820618E-4,0E0,0E0],"parents":[2147483647,0,0,1,1,2,2,4,4,7,7,8,8,12,12],"right_children":[2,4,6,-1,8,-1,-1,10,12,-1,-1,-1,14,-1,-1],"split_conditions":[9.00616E-1,2.0179348E-1,1E0,-5.075271E-2,6.0384345E-1,1.3607598E-2,5.5197906E-2,3.0379674E-1,7.0520705E-1,-1.1734105E-2,-3.4538906E-3,-8.090973E-4,8.1369483E-1,1.428032E-3,5.6383135E-3],"split_indices":[0,0,0,0,0,0,0,0,0,0,0,0,0,0,0],"split_type":[0,0,0,0,0,0,0,0,0,0,0,0,0,0,0],"sum_hessian":[9E0,7E0,2E0,1E0,6E0,1E0,1E0,3E0,3E0,1E0,2E0,1E0,2E0,1E0,1E0],"tree_param":{"num_deleted":"0","num_feature":"2","num_nodes":"15","size_leaf_vector":"1"}},{"base_weights":[1.4223528E-2,-1.4563364E-1,4.3576813E-1,-4.821508E-2,-2.8681073E-2,1.2927246E-2,5.2437972E-2,-7.991409E-2,2.9722214E-2,-1.1147404E-2,-3.2236099E-3,-7.686615E-4,4.475403E-2,1.3566971E-3,5.3564073E-3],"categories":[],"categories_nodes":[],"categories_segments":[],"categories_sizes":[],"default_left":[0,0,0,0,0,0,0,0,0,0,0,0,0,0,0],"id":67,"left_children":[1,3,5,-1,7,-1,-1,9,11,-1,-1,-1,13,-1,-1],"loss_changes":[7.3733175E-1,3.0102372E-1,1.3689339E-2,0E0,2.332046E-2,0E0,0E0,2.4253707E-3,2.593297E-3,0E0,0E0,0E0,9.757606E-5,0E0,0E0],"parents":[2147483647,0,0,1,1,2,2,4,4,7,7,8,8,12,12],"right_children":[2,4,6,-1,8,-1,-1,10,12,-1,-1,-1,14,-1,-1],"split_conditions":[9.00616E-1,2.0179348E-1,1E0,-4.821508E-2,6.0384345E-1,1.2927246E-2,5.2437972E-2,3.0379674E-1,7.0520705E-1,-1.1147404E-2,-3.2236099E-3,-7.686615E-4,8.1369483E-1,1.3566971E-3,5.3564073E-3],"split_indices":[0,0,0,0,0,0,0,0,0,0,0,0,0,0,0],"split_type":[0,0,0,0,0,0,0,0,0,0,0,0,0,0,0],"sum_hessian":[9E0,7E0,2E0,1E0,6E0,1E0,1E0,3E0,3E0,1E0,2E0,1E0,2E0,1E0,1E0],"tree_param":{"num_deleted":"0","num_feature":"2","num_nodes":"15","size_leaf_vector":"1"}},{"base_weights":[1.3673639E-2,-1.381504E-1,4.1397986E-1,-4.5804333E-2,-2.701664E-2,1.2280846E-2,4.981613E-2,-7.551551E-2,2.823639E-2,-1.0590029E-2,-3.0087153E-3,-7.301331E-4,4.251607E-2,1.2887955E-3,5.0886157E-3],"categories":[],"categories_nodes":[],"categories_segments":[],"categories_sizes":[],"default_left":[0,0,0,0,0,0,0,0,0,0,0,0,0,0,0],"id":68,"left_children":[1,3,5,-1,7,-1,-1,9,11,-1,-1,-1,13,-1,-1],"loss_changes":[6.649525E-1,2.7203244E-1,1.2355328E-2,0E0,2.089025E-2,0E0,0E0,2.3350846E-3,2.3402933E-3,0E0,0E0,0E0,8.815061E-5,0E0,0E0],"parents":[2147483647,0,0,1,1,2,2,4,4,7,7,8,8,12,12],"right_children":[2,4,6,-1,8,-1,-1,10,12,-1,-1,-1,14,-1,-1],"split_conditions":[9.00616E-1,2.0179348E-1,1E0,-4.5804333E-2,6.0384345E-1,1.2280846E-2,4.981613E-2,3.0379674E-1,7.0520705E-1,-1.0590029E-2,-3.0087153E-3,-7.301331E-4,8.1369483E-1,1.2887955E-3,5.0886157E-3],"split_indices":[0,0,0,0,0,0,0,0,0,0,0,0,0,0,0],"split_type":[0,0,0,0,0,0,0,0,0,0,0,0,0,0,0],"sum_hessian":[9E0,7E0,2E0,1E0,6E0,1E0,1E0,3E0,3E0,1E0,2E0,1E0,2E0,1E0,1E0],"tree_param":{"num_deleted":"0","num_feature":"2","num_nodes":"15","size_leaf_vector":"1"}},{"base_weights":[1.3140583E-2,-1.3105524E-1,3.9328256E-1,-4.351411E-2,-2.5451388E-2,1.1666871E-2,4.7325518E-2,-8.574422E-3,1.5814591E-2,-1.4032364E-3,4.0390015E-2,1.2243271E-3,4.834175E-3],"categories":[],"categories_nodes":[],"categories_segments":[],"categories_sizes":[],"default_left":[0,0,0,0,0,0,0,0,0,0,0,0,0],"id":69,"left_children":[1,3,5,-1,7,-1,-1,-1,9,-1,11,-1,-1],"loss_changes":[5.996906E-1,2.4582614E-1,1.1150509E-2,0E0,1.8772308E-2,0E0,0E0,0E0,4.234275E-3,0E0,7.9585705E-5,0E0,0E0],"parents":[2147483647,0,0,1,1,2,2,4,4,8,8,10,10],"right_children":[2,4,6,-1,8,-1,-1,-1,10,-1,12,-1,-1],"split_conditions":[9.00616E-1,2.0179348E-1,1E0,-4.351411E-2,4.0284726E-1,1.1666871E-2,4.7325518E-2,-8.574422E-3,7.0520705E-1,-1.4032364E-3,8.1369483E-1,1.2243271E-3,4.834175E-3],"split_indices":[0,0,0,0,0,0,0,0,0,0,0,0,0],"split_type":[0,0,0,0,0,0,0,0,0,0,0,0,0],"sum_hessian":[9E0,7E0,2E0,1E0,6E0,1E0,1E0,2E0,4E0,2E0,2E0,1E0,1E0],"tree_param":{"num_deleted":"0","num_feature":"2","num_nodes":"13","size_leaf_vector":"1"}},{"base_weights":[1.2982845E-2,-1.238786E-1,3.7361908E-1,-3.3980146E-1,4.729271E-3,1.1083603E-2,4.495926E-2,-4.1338395E-2,-9.631825E-3,-2.168417E-2,3.837077E-2,-2.4755478E-3,-6.2351226E-4,1.1631012E-3,4.592514E-3],"categories":[],"categories_nodes":[],"categories_segments":[],"categories_sizes":[],"default_left":[0,0,0,0,0,0,0,0,0,0,0,0,0,0,0],"id":70,"left_children":[1,3,5,7,9,-1,-1,-1,-1,11,13,-1,-1,-1,-1],"loss_changes":[5.3985536E-1,2.2376208E-1,1.0062575E-2,1.393187E-2,6.1635645E-3,0E0,0E0,0E0,0E0,3.5441713E-5,7.185014E-5,0E0,0E0,0E0,0E0],"parents":[2147483647,0,0,1,1,2,2,3,3,4,4,9,9,10,10],"right_children":[2,4,6,8,10,-1,-1,-1,-1,12,14,-1,-1,-1,-1],"split_conditions":[9.00616E-1,3.0379674E-1,1E0,2.0179348E-1,7.0520705E-1,1.1083603E-2,4.495926E-2,-4.1338395E-2,-9.631825E-3,6.0384345E-1,8.1369483E-1,-2.4755478E-3,-6.2351226E-4,1.1631012E-3,4.592514E-3],"split_indices":[0,0,0,0,0,0,0,0,0,0,0,0,0,0,0],"split_type":[0,0,0,0,0,0,0,0,0,0,0,0,0,0,0],"sum_hessian":[9E0,7E0,2E0,2E0,5E0,1E0,1E0,1E0,1E0,3E0,2E0,2E0,1E0,1E0,1E0],"tree_param":{"num_deleted":"0","num_feature":"2","num_nodes":"15","size_leaf_vector":"1"}},{"base_weights":[1.2457418E-2,-1.1753017E-1,3.549385E-1,-3.2281128E-1,4.6987534E-3,1.0529518E-2,4.2711258E-2,-3.9271474E-2,-9.150219E-3,-2.0290852E-2,3.6451977E-2,-2.3104986E-3,-5.924225E-4,1.104927E-3,4.3628695E-3],"categories":[],"categories_nodes":[],"categories_segments":[],"categories_sizes":[],"default_left":[0,0,0,0,0,0,0,0,0,0,0,0,0,0,0],"id":71,"left_children":[1,3,5,7,9,-1,-1,-1,-1,11,13,-1,-1,-1,-1],"loss_changes":[4.8689887E-1,2.0224714E-1,9.08044E-3,1.2573659E-2,5.500644E-3,0E0,0E0,0E0,0E0,2.4839304E-5,6.485917E-5,0E0,0E0,0E0,0E0],"parents":[2147483647,0,0,1,1,2,2,3,3,4,4,9,9,10,10],"right_children":[2,4,6,8,10,-1,-1,-1,-1,12,14,-1,-1,-1,-1],"split_conditions":[9.00616E-1,3.0379674E-1,1E0,2.0179348E-1,7.0520705E-1,1.0529518E-2,4.2711258E-2,-3.9271474E-2,-9.150219E-3,6.0384345E-1,8.1369483E-1,-2.3104986E-3,-5.924225E-4,1.104927E-3,4.3628695E-3],"split_indices":[0,0,0,0,0,0,0,0,0,0,0,0,0,0,0],"split_type":[0,0,0,0,0,0,0,0,0,0,0,0,0,0,0],"sum_hessian":[9E0,7E0,2E0,2E0,5E0,1E0,1E0,1E0,1E0,3E0,2E0,2E0,1E0,1E0,1E0],"tree_param":{"num_deleted":"0","num_feature":"2","num_nodes":"15","size_leaf_vector":"1"}},{"base_weights":[1.19499685E-2,-1.1150974E-1,3.3719254E-1,-3.0667067E-1,4.655679E-3,1.000309E-2,4.057579E-2,-3.7307907E-2,-8.692694E-3,-1.8987894E-2,3.462855E-2,-2.1564802E-3,-5.628586E-4,1.0496139E-3,4.1446686E-3],"categories":[],"categories_nodes":[],"categories_segments":[],"categories_sizes":[],"default_left":[0,0,0,0,0,0,0,0,0,0,0,0,0,0,0],"id":72,"left_children":[1,3,5,7,9,-1,-1,-1,-1,11,13,-1,-1,-1,-1],"loss_changes":[4.3914378E-1,1.8279538E-1,8.194894E-3,1.134786E-2,4.9095177E-3,0E0,0E0,0E0,0E0,1.6323524E-5,5.8583915E-5,0E0,0E0,0E0,0E0],"parents":[2147483647,0,0,1,1,2,2,3,3,4,4,9,9,10,10],"right_children":[2,4,6,8,10,-1,-1,-1,-1,12,14,-1,-1,-1,-1],"split_conditions":[9.00616E-1,3.0379674E-1,1E0,2.0179348E-1,7.0520705E-1,1.000309E-2,4.057579E-2,-3.7307907E-2,-8.692694E-3,6.0384345E-1,8.1369483E-1,-2.1564802E-3,-5.628586E-4,1.0496139E-3,4.1446686E-3],"split_indices":[0,0,0,0,0,0,0,0,0,0,0,0,0,0,0],"split_type":[0,0,0,0,0,0,0,0,0,0,0,0,0,0,0],"sum_hessian":[9E0,7E0,2E0,2E0,5E0,1E0,1E0,1E0,1E0,3E0,2E0,2E0,1E0,1E0,1E0],"tree_param":{"num_deleted":"0","num_feature":"2","num_nodes":"15","size_leaf_vector":"1"}},{"base_weights":[1.14611145E-2,-1.057989E-1,3.203341E-1,-2.9133716E-1,4.603386E-3,9.502984E-3,3.8547136E-2,-3.544252E-2,-8.258057E-3,-1.7768383E-2,3.289795E-2,-2.0126977E-3,-5.3462986E-4,9.971618E-4,3.937531E-3],"categories":[],"categories_nodes":[],"categories_segments":[],"categories_sizes":[],"default_left":[0,0,0,0,0,0,0,0,0,0,0,0,0,0,0],"id":73,"left_children":[1,3,5,7,9,-1,-1,-1,-1,11,13,-1,-1,-1,-1],"loss_changes":[3.9607555E-1,1.652119E-1,7.395804E-3,1.02415085E-2,4.38254E-3,0E0,0E0,0E0,0E0,9.589829E-6,5.287025E-5,0E0,0E0,0E0,0E0],"parents":[2147483647,0,0,1,1,2,2,3,3,4,4,9,9,10,10],"right_children":[2,4,6,8,10,-1,-1,-1,-1,12,14,-1,-1,-1,-1],"split_conditions":[9.00616E-1,3.0379674E-1,1E0,2.0179348E-1,7.0520705E-1,9.502984E-3,3.8547136E-2,-3.544252E-2,-8.258057E-3,6.0384345E-1,8.1369483E-1,-2.0126977E-3,-5.3462986E-4,9.971618E-4,3.937531E-3],"split_indices":[0,0,0,0,0,0,0,0,0,0,0,0,0,0,0],"split_type":[0,0,0,0,0,0,0,0,0,0,0,0,0,0,0],"sum_hessian":[9E0,7E0,2E0,2E0,5E0,1E0,1E0,1E0,1E0,3E0,2E0,2E0,1E0,1E0,1E0],"tree_param":{"num_deleted":"0","num_feature":"2","num_nodes":"15","size_leaf_vector":"1"}},{"base_weights":[1.0989142E-2,-1.003831E-1,3.0431876E-1,-2.7677044E-1,4.541079E-3,9.027863E-3,3.661995E-2,-3.3670403E-2,-7.845163E-3,-1.6628742E-2,3.1253815E-2,-1.8785477E-3,-5.07927E-4,9.473801E-4,3.7406923E-3],"categories":[],"categories_nodes":[],"categories_segments":[],"categories_sizes":[],"default_left":[0,0,0,0,0,0,0,0,0,0,0,0,0,0,0],"id":74,"left_children":[1,3,5,7,9,-1,-1,-1,-1,11,13,-1,-1,-1,-1],"loss_changes":[3.5723624E-1,1.4931518E-1,6.6749156E-3,9.242892E-3,3.9127343E-3,0E0,0E0,0E0,0E0,4.220172E-6,4.765857E-5,0E0,0E0,0E0,0E0],"parents":[2147483647,0,0,1,1,2,2,3,3,4,4,9,9,10,10],"right_children":[2,4,6,8,10,-1,-1,-1,-1,12,14,-1,-1,-1,-1],"split_conditions":[9.00616E-1,3.0379674E-1,1E0,2.0179348E-1,7.0520705E-1,9.027863E-3,3.661995E-2,-3.3670403E-2,-7.845163E-3,6.0384345E-1,8.1369483E-1,-1.8785477E-3,-5.07927E-4,9.473801E-4,3.7406923E-3],"split_indices":[0,0,0,0,0,0,0,0,0,0,0,0,0,0,0],"split_type":[0,0,0,0,0,0,0,0,0,0,0,0,0,0,0],"sum_hessian":[9E0,7E0,2E0,2E0,5E0,1E0,1E0,1E0,1E0,3E0,2E0,2E0,1E0,1E0,1E0],"tree_param":{"num_deleted":"0","num_feature":"2","num_nodes":"15","size_leaf_vector":"1"}},{"base_weights":[1.0533285E-2,-9.524661E-2,2.8910193E-1,-2.6293197E-1,4.470507E-3,8.576393E-3,3.4788895E-2,-3.198688E-2,-7.4529173E-3,-1.5562534E-3,2.9691061E-2,9.000778E-4,3.5535812E-3],"categories":[],"categories_nodes":[],"categories_segments":[],"categories_sizes":[],"default_left":[0,0,0,0,0,0,0,0,0,0,0,0,0],"id":75,"left_children":[1,3,5,7,9,-1,-1,-1,-1,-1,11,-1,-1],"loss_changes":[3.2220557E-1,1.3494426E-1,6.024599E-3,8.34161E-3,3.4935346E-3,0E0,0E0,0E0,0E0,0E0,4.2938627E-5,0E0,0E0],"parents":[2147483647,0,0,1,1,2,2,3,3,4,4,10,10],"right_children":[2,4,6,8,10,-1,-1,-1,-1,-1,12,-1,-1],"split_conditions":[9.00616E-1,3.0379674E-1,1E0,2.0179348E-1,7.0520705E-1,8.576393E-3,3.4788895E-2,-3.198688E-2,-7.4529173E-3,-1.5562534E-3,8.1369483E-1,9.000778E-4,3.5535812E-3],"split_indices":[0,0,0,0,0,0,0,0,0,0,0,0,0],"split_type":[0,0,0,0,0,0,0,0,0,0,0,0,0],"sum_hessian":[9E0,7E0,2E0,2E0,5E0,1E0,1E0,1E0,1E0,3E0,2E0,1E0,1E0],"tree_param":{"num_deleted":"0","num_feature":"2","num_nodes":"13","size_leaf_vector":"1"}},{"base_weights":[1.0162068E-2,-9.028995E-2,2.7464676E-1,-2.4978542E-1,4.506111E-3,8.1476215E-3,3.3049393E-2,-3.0387545E-2,-7.080269E-3,-1.4395237E-2,2.8205872E-2,-1.6495386E-3,-4.0473937E-4,8.550644E-4,3.3758164E-3],"categories":[],"categories_nodes":[],"categories_segments":[],"categories_sizes":[],"default_left":[0,0,0,0,0,0,0,0,0,0,0,0,0,0,0],"id":76,"left_children":[1,3,5,7,9,-1,-1,-1,-1,11,13,-1,-1,-1,-1],"loss_changes":[2.9047805E-1,1.220819E-1,5.4366738E-3,7.5283498E-3,3.0937747E-3,0E0,0E0,0E0,0E0,2.0164764E-5,3.8740458E-5,0E0,0E0,0E0,0E0],"parents":[2147483647,0,0,1,1,2,2,3,3,4,4,9,9,10,10],"right_children":[2,4,6,8,10,-1,-1,-1,-1,12,14,-1,-1,-1,-1],"split_conditions":[9.00616E-1,3.0379674E-1,1E0,2.0179348E-1,7.0520705E-1,8.1476215E-3,3.3049393E-2,-3.0387545E-2,-7.080269E-3,6.0384345E-1,8.1369483E-1,-1.6495386E-3,-4.0473937E-4,8.550644E-4,3.3758164E-3],"split_indices":[0,0,0,0,0,0,0,0,0,0,0,0,0,0,0],"split_type":[0,0,0,0,0,0,0,0,0,0,0,0,0,0,0],"sum_hessian":[9E0,7E0,2E0,2E0,5E0,1E0,1E0,1E0,1E0,3E0,2E0,2E0,1E0,1E0,1E0],"tree_param":{"num_deleted":"0","num_feature":"2","num_nodes":"15","size_leaf_vector":"1"}},{"base_weights":[9.7362995E-3,-8.567232E-2,2.6091385E-1,-2.3729627E-1,4.418373E-3,7.7402117E-3,3.1396866E-2,-2.8868174E-2,-6.726265E-3,-1.3469219E-2,2.6795706E-2,-1.5395483E-3,-3.845215E-4,8.123398E-4,3.207016E-3],"categories":[],"categories_nodes":[],"categories_segments":[],"categories_sizes":[],"default_left":[0,0,0,0,0,0,0,0,0,0,0,0,0,0,0],"id":77,"left_children":[1,3,5,7,9,-1,-1,-1,-1,11,13,-1,-1,-1,-1],"loss_changes":[2.6199812E-1,1.1032772E-1,4.906714E-3,6.794274E-3,2.7625768E-3,0E0,0E0,0E0,0E0,1.4954538E-5,3.4939963E-5,0E0,0E0,0E0,0E0],"parents":[2147483647,0,0,1,1,2,2,3,3,4,4,9,9,10,10],"right_children":[2,4,6,8,10,-1,-1,-1,-1,12,14,-1,-1,-1,-1],"split_conditions":[9.00616E-1,3.0379674E-1,1E0,2.0179348E-1,7.0520705E-1,7.7402117E-3,3.1396866E-2,-2.8868174E-2,-6.726265E-3,6.0384345E-1,8.1369483E-1,-1.5395483E-3,-3.845215E-4,8.123398E-4,3.207016E-3],"split_indices":[0,0,0,0,0,0,0,0,0,0,0,0,0,0,0],"split_type":[0,0,0,0,0,0,0,0,0,0,0,0,0,0,0],"sum_hessian":[9E0,7E0,2E0,2E0,5E0,1E0,1E0,1E0,1E0,3E0,2E0,2E0,1E0,1E0,1E0],"tree_param":{"num_deleted":"0","num_feature":"2","num_nodes":"15","size_leaf_vector":"1"}},{"base_weights":[9.326553E-3,-8.129263E-2,2.4786885E-1,-2.2543144E-1,4.3255487E-3,7.3532104E-3,2.9827118E-2,-2.7424766E-2,-6.389952E-3,-1.2603283E-2,2.5455475E-2,-1.4369328E-3,-3.6525726E-4,7.7171327E-4,3.046608E-3],"categories":[],"categories_nodes":[],"categories_segments":[],"categories_sizes":[],"default_left":[0,0,0,0,0,0,0,0,0,0,0,0,0,0,0],"id":78,"left_children":[1,3,5,7,9,-1,-1,-1,-1,11,13,-1,-1,-1,-1],"loss_changes":[2.3631501E-1,9.970233E-2,4.4284165E-3,6.1318427E-3,2.4670523E-3,0E0,0E0,0E0,0E0,1.0744436E-5,3.152876E-5,0E0,0E0,0E0,0E0],"parents":[2147483647,0,0,1,1,2,2,3,3,4,4,9,9,10,10],"right_children":[2,4,6,8,10,-1,-1,-1,-1,12,14,-1,-1,-1,-1],"split_conditions":[9.00616E-1,3.0379674E-1,1E0,2.0179348E-1,7.0520705E-1,7.3532104E-3,2.9827118E-2,-2.7424766E-2,-6.389952E-3,6.0384345E-1,8.1369483E-1,-1.4369328E-3,-3.6525726E-4,7.7171327E-4,3.046608E-3],"split_indices":[0,0,0,0,0,0,0,0,0,0,0,0,0,0,0],"split_type":[0,0,0,0,0,0,0,0,0,0,0,0,0,0,0],"sum_hessian":[9E0,7E0,2E0,2E0,5E0,1E0,1E0,1E0,1E0,3E0,2E0,2E0,1E0,1E0,1E0],"tree_param":{"num_deleted":"0","num_feature":"2","num_nodes":"15","size_leaf_vector":"1"}},{"base_weights":[8.932305E-3,-7.7138186E-2,2.3547618E-1,-2.1415997E-1,4.2290688E-3,6.985474E-3,2.8335953E-2,-2.6053524E-2,-6.070471E-3,-1.1793375E-2,2.4182638E-2,-1.3411522E-3,-3.4694673E-4,7.331848E-4,2.8942109E-3],"categories":[],"categories_nodes":[],"categories_segments":[],"categories_sizes":[],"default_left":[0,0,0,0,0,0,0,0,0,0,0,0,0,0,0],"id":79,"left_children":[1,3,5,7,9,-1,-1,-1,-1,11,13,-1,-1,-1,-1],"loss_changes":[2.1315162E-1,9.0098366E-2,3.9975196E-3,5.533889E-3,2.2034245E-3,0E0,0E0,0E0,0E0,7.3463307E-6,2.840336E-5,0E0,0E0,0E0,0E0],"parents":[2147483647,0,0,1,1,2,2,3,3,4,4,9,9,10,10],"right_children":[2,4,6,8,10,-1,-1,-1,-1,12,14,-1,-1,-1,-1],"split_conditions":[9.00616E-1,3.0379674E-1,1E0,2.0179348E-1,7.0520705E-1,6.985474E-3,2.8335953E-2,-2.6053524E-2,-6.070471E-3,6.0384345E-1,8.1369483E-1,-1.3411522E-3,-3.4694673E-4,7.331848E-4,2.8942109E-3],"split_indices":[0,0,0,0,0,0,0,0,0,0,0,0,0,0,0],"split_type":[0,0,0,0,0,0,0,0,0,0,0,0,0,0,0],"sum_hessian":[9E0,7E0,2E0,2E0,5E0,1E0,1E0,1E0,1E0,3E0,2E0,2E0,1E0,1E0,1E0],"tree_param":{"num_deleted":"0","num_feature":"2","num_nodes":"15","size_leaf_vector":"1"}},{"base_weights":[8.552742E-3,-7.31976E-2,2.2370274E-1,-2.0345211E-1,4.129251E-3,6.636238E-3,2.6919175E-2,-2.4750853E-2,-5.766964E-3,-1.1036158E-2,2.297338E-2,-1.4544964E-3,-5.0182344E-4,6.9656374E-4,2.749443E-3],"categories":[],"categories_nodes":[],"categories_segments":[],"categories_sizes":[],"default_left":[0,0,0,0,0,0,0,0,0,0,0,0,0,0,0],"id":80,"left_children":[1,3,5,7,9,-1,-1,-1,-1,11,13,-1,-1,-1,-1],"loss_changes":[1.9226038E-1,8.141747E-2,3.6075413E-3,4.994236E-3,1.968211E-3,0E0,0E0,0E0,0E0,1.14728755E-5,2.5599264E-5,0E0,0E0,0E0,0E0],"parents":[2147483647,0,0,1,1,2,2,3,3,4,4,9,9,10,10],"right_children":[2,4,6,8,10,-1,-1,-1,-1,12,14,-1,-1,-1,-1],"split_conditions":[9.00616E-1,3.0379674E-1,1E0,2.0179348E-1,7.0520705E-1,6.636238E-3,2.6919175E-2,-2.4750853E-2,-5.766964E-3,4.0284726E-1,8.1369483E-1,-1.4544964E-3,-5.0182344E-4,6.9656374E-4,2.749443E-3],"split_indices":[0,0,0,0,0,0,0,0,0,0,0,0,0,0,0],"split_type":[0,0,0,0,0,0,0,0,0,0,0,0,0,0,0],"sum_hessian":[9E0,7E0,2E0,2E0,5E0,1E0,1E0,1E0,1E0,3E0,2E0,1E0,2E0,1E0,1E0],"tree_param":{"num_deleted":"0","num_feature":"2","num_nodes":"15","size_leaf_vector":"1"}},{"base_weights":[8.150196E-3,-6.9506526E-2,2.1251805E-1,-1.9327958E-1,3.964424E-3,6.3043595E-3,2.5573349E-2,-2.3513317E-2,-5.4786205E-3,-1.0421276E-2,2.1823883E-2,-1.3817787E-3,-4.6831765E-4,6.616592E-4,2.6119233E-3],"categories":[],"categories_nodes":[],"categories_segments":[],"categories_sizes":[],"default_left":[0,0,0,0,0,0,0,0,0,0,0,0,0,0,0],"id":81,"left_children":[1,3,5,7,9,-1,-1,-1,-1,11,13,-1,-1,-1,-1],"loss_changes":[1.7347677E-1,7.351604E-2,3.256455E-3,4.5072734E-3,1.7689578E-3,0E0,0E0,0E0,0E0,1.3246929E-5,2.3141503E-5,0E0,0E0,0E0,0E0],"parents":[2147483647,0,0,1,1,2,2,3,3,4,4,9,9,10,10],"right_children":[2,4,6,8,10,-1,-1,-1,-1,12,14,-1,-1,-1,-1],"split_conditions":[9.00616E-1,3.0379674E-1,1E0,2.0179348E-1,7.0520705E-1,6.3043595E-3,2.5573349E-2,-2.3513317E-2,-5.4786205E-3,4.0284726E-1,8.1369483E-1,-1.3817787E-3,-4.6831765E-4,6.616592E-4,2.6119233E-3],"split_indices":[0,0,0,0,0,0,0,0,0,0,0,0,0,0,0],"split_type":[0,0,0,0,0,0,0,0,0,0,0,0,0,0,0],"sum_hessian":[9E0,7E0,2E0,2E0,5E0,1E0,1E0,1E0,1E0,3E0,2E0,1E0,2E0,1E0,1E0],"tree_param":{"num_deleted":"0","num_feature":"2","num_nodes":"15","size_leaf_vector":"1"}},{"base_weights":[7.7661993E-3,-6.6001594E-2,2.0189159E-1,-1.8361552E-1,3.8056374E-3,5.9890747E-3,2.4294663E-2,-2.233765E-2,-5.2046776E-3,-9.841204E-3,2.073288E-2,-1.3126851E-3,-4.3703715E-4,6.286621E-4,2.4812699E-3],"categories":[],"categories_nodes":[],"categories_segments":[],"categories_sizes":[],"default_left":[0,0,0,0,0,0,0,0,0,0,0,0,0,0,0],"id":82,"left_children":[1,3,5,7,9,-1,-1,-1,-1,11,13,-1,-1,-1,-1],"loss_changes":[1.5652718E-1,6.63812E-2,2.9392987E-3,4.067883E-3,1.5900567E-3,0E0,0E0,0E0,0E0,1.4531659E-5,2.0826352E-5,0E0,0E0,0E0,0E0],"parents":[2147483647,0,0,1,1,2,2,3,3,4,4,9,9,10,10],"right_children":[2,4,6,8,10,-1,-1,-1,-1,12,14,-1,-1,-1,-1],"split_conditions":[9.00616E-1,3.0379674E-1,1E0,2.0179348E-1,7.0520705E-1,5.9890747E-3,2.4294663E-2,-2.233765E-2,-5.2046776E-3,4.0284726E-1,8.1369483E-1,-1.3126851E-3,-4.3703715E-4,6.286621E-4,2.4812699E-3],"split_indices":[0,0,0,0,0,0,0,0,0,0,0,0,0,0,0],"split_type":[0,0,0,0,0,0,0,0,0,0,0,0,0,0,0],"sum_hessian":[9E0,7E0,2E0,2E0,5E0,1E0,1E0,1E0,1E0,3E0,2E0,1E0,2E0,1E0,1E0],"tree_param":{"num_deleted":"0","num_feature":"2","num_nodes":"15","size_leaf_vector":"1"}},{"base_weights":[7.400227E-3,-6.267393E-2,1.917979E-1,-1.7443466E-1,3.6520958E-3,5.689621E-3,2.3080064E-2,-2.1220779E-2,-4.94442E-3,-9.2942715E-3,1.9696554E-2,-1.2470722E-3,-4.078547E-4,5.9719087E-4,2.3572922E-3],"categories":[],"categories_nodes":[],"categories_segments":[],"categories_sizes":[],"default_left":[0,0,0,0,0,0,0,0,0,0,0,0,0,0,0],"id":83,"left_children":[1,3,5,7,9,-1,-1,-1,-1,11,13,-1,-1,-1,-1],"loss_changes":[1.4123583E-1,5.993822E-2,2.6529357E-3,3.6713928E-3,1.4293698E-3,0E0,0E0,0E0,0E0,1.5407539E-5,1.8830062E-5,0E0,0E0,0E0,0E0],"parents":[2147483647,0,0,1,1,2,2,3,3,4,4,9,9,10,10],"right_children":[2,4,6,8,10,-1,-1,-1,-1,12,14,-1,-1,-1,-1],"split_conditions":[9.00616E-1,3.0379674E-1,1E0,2.0179348E-1,7.0520705E-1,5.689621E-3,2.3080064E-2,-2.1220779E-2,-4.94442E-3,4.0284726E-1,8.1369483E-1,-1.2470722E-3,-4.078547E-4,5.9719087E-4,2.3572922E-3],"split_indices":[0,0,0,0,0,0,0,0,0,0,0,0,0,0,0],"split_type":[0,0,0,0,0,0,0,0,0,0,0,0,0,0,0],"sum_hessian":[9E0,7E0,2E0,2E0,5E0,1E0,1E0,1E0,1E0,3E0,2E0,1E0,2E0,1E0,1E0],"tree_param":{"num_deleted":"0","num_feature":"2","num_nodes":"15","size_leaf_vector":"1"}},{"base_weights":[7.050848E-3,-5.951482E-2,1.8220901E-1,-1.6571283E-1,3.5033226E-3,5.4052356E-3,2.1926118E-2,-2.0159746E-2,-4.69718E-3,-8.778334E-3,1.871109E-2,-1.1847019E-3,-3.806432E-4,5.672455E-4,2.239418E-3],"categories":[],"categories_nodes":[],"categories_segments":[],"categories_sizes":[],"default_left":[0,0,0,0,0,0,0,0,0,0,0,0,0,0,0],"id":84,"left_children":[1,3,5,7,9,-1,-1,-1,-1,11,13,-1,-1,-1,-1],"loss_changes":[1.2743933E-1,5.4119755E-2,2.3938566E-3,3.313534E-3,1.2849118E-3,0E0,0E0,0E0,0E0,1.593394E-5,1.7037382E-5,0E0,0E0,0E0,0E0],"parents":[2147483647,0,0,1,1,2,2,3,3,4,4,9,9,10,10],"right_children":[2,4,6,8,10,-1,-1,-1,-1,12,14,-1,-1,-1,-1],"split_conditions":[9.00616E-1,3.0379674E-1,1E0,2.0179348E-1,7.0520705E-1,5.4052356E-3,2.1926118E-2,-2.0159746E-2,-4.69718E-3,4.0284726E-1,8.1369483E-1,-1.1847019E-3,-3.806432E-4,5.672455E-4,2.239418E-3],"split_indices":[0,0,0,0,0,0,0,0,0,0,0,0,0,0,0],"split_type":[0,0,0,0,0,0,0,0,0,0,0,0,0,0,0],"sum_hessian":[9E0,7E0,2E0,2E0,5E0,1E0,1E0,1E0,1E0,3E0,2E0,1E0,2E0,1E0,1E0],"tree_param":{"num_deleted":"0","num_feature":"2","num_nodes":"15","size_leaf_vector":"1"}},{"base_weights":[6.7172525E-3,-5.6515276E-2,1.7309825E-1,-1.5742731E-1,3.3599536E-3,5.134964E-3,2.0829773E-2,-1.915176E-2,-4.4623376E-3,-8.291483E-3,1.7775217E-2,-1.1254788E-3,-3.552119E-4,5.38826E-4,2.1274567E-3],"categories":[],"categories_nodes":[],"categories_segments":[],"categories_sizes":[],"default_left":[0,0,0,0,0,0,0,0,0,0,0,0,0,0,0],"id":85,"left_children":[1,3,5,7,9,-1,-1,-1,-1,11,13,-1,-1,-1,-1],"loss_changes":[1.1498961E-1,4.8865996E-2,2.1604523E-3,2.9903948E-3,1.1551342E-3,0E0,0E0,0E0,0E0,1.6198377E-5,1.540588E-5,0E0,0E0,0E0,0E0],"parents":[2147483647,0,0,1,1,2,2,3,3,4,4,9,9,10,10],"right_children":[2,4,6,8,10,-1,-1,-1,-1,12,14,-1,-1,-1,-1],"split_conditions":[9.00616E-1,3.0379674E-1,1E0,2.0179348E-1,7.0520705E-1,5.134964E-3,2.0829773E-2,-1.915176E-2,-4.4623376E-3,4.0284726E-1,8.1369483E-1,-1.1254788E-3,-3.552119E-4,5.38826E-4,2.1274567E-3],"split_indices":[0,0,0,0,0,0,0,0,0,0,0,0,0,0,0],"split_type":[0,0,0,0,0,0,0,0,0,0,0,0,0,0,0],"sum_hessian":[9E0,7E0,2E0,2E0,5E0,1E0,1E0,1E0,1E0,3E0,2E0,1E0,2E0,1E0,1E0],"tree_param":{"num_deleted":"0","num_feature":"2","num_nodes":"15","size_leaf_vector":"1"}},{"base_weights":[6.399202E-3,-5.3667486E-2,1.6444397E-1,-1.49556E-1,3.2213528E-3,4.878235E-3,1.978836E-2,-1.8194174E-2,-4.2392253E-3,-7.832766E-3,1.6886393E-2,-1.069212E-3,-3.315608E-4,5.1193236E-4,2.0210266E-3],"categories":[],"categories_nodes":[],"categories_segments":[],"categories_sizes":[],"default_left":[0,0,0,0,0,0,0,0,0,0,0,0,0,0,0],"id":86,"left_children":[1,3,5,7,9,-1,-1,-1,-1,11,13,-1,-1,-1,-1],"loss_changes":[1.0375755E-1,4.4121668E-2,1.9498244E-3,2.698809E-3,1.038597E-3,0E0,0E0,0E0,0E0,1.6213744E-5,1.3873854E-5,0E0,0E0,0E0,0E0],"parents":[2147483647,0,0,1,1,2,2,3,3,4,4,9,9,10,10],"right_children":[2,4,6,8,10,-1,-1,-1,-1,12,14,-1,-1,-1,-1],"split_conditions":[9.00616E-1,3.0379674E-1,1E0,2.0179348E-1,7.0520705E-1,4.878235E-3,1.978836E-2,-1.8194174E-2,-4.2392253E-3,4.0284726E-1,8.1369483E-1,-1.069212E-3,-3.315608E-4,5.1193236E-4,2.0210266E-3],"split_indices":[0,0,0,0,0,0,0,0,0,0,0,0,0,0,0],"split_type":[0,0,0,0,0,0,0,0,0,0,0,0,0,0,0],"sum_hessian":[9E0,7E0,2E0,2E0,5E0,1E0,1E0,1E0,1E0,3E0,2E0,1E0,2E0,1E0,1E0],"tree_param":{"num_deleted":"0","num_feature":"2","num_nodes":"15","size_leaf_vector":"1"}},{"base_weights":[6.0955524E-3,-5.0963342E-2,1.5622075E-1,-1.4207824E-1,3.0879974E-3,4.634285E-3,1.8798828E-2,-1.7284466E-2,-4.027271E-3,-7.399559E-3,1.6042074E-2,-1.0157585E-3,-3.0943553E-4,4.863739E-4,1.9199372E-3],"categories":[],"categories_nodes":[],"categories_segments":[],"categories_sizes":[],"default_left":[0,0,0,0,0,0,0,0,0,0,0,0,0,0,0],"id":87,"left_children":[1,3,5,7,9,-1,-1,-1,-1,11,13,-1,-1,-1,-1],"loss_changes":[9.362131E-2,3.9837796E-2,1.7597303E-3,2.4356507E-3,9.3384396E-4,0E0,0E0,0E0,0E0,1.6064281E-5,1.2499222E-5,0E0,0E0,0E0,0E0],"parents":[2147483647,0,0,1,1,2,2,3,3,4,4,9,9,10,10],"right_children":[2,4,6,8,10,-1,-1,-1,-1,12,14,-1,-1,-1,-1],"split_conditions":[9.00616E-1,3.0379674E-1,1E0,2.0179348E-1,7.0520705E-1,4.634285E-3,1.8798828E-2,-1.7284466E-2,-4.027271E-3,4.0284726E-1,8.1369483E-1,-1.0157585E-3,-3.0943553E-4,4.863739E-4,1.9199372E-3],"split_indices":[0,0,0,0,0,0,0,0,0,0,0,0,0,0,0],"split_type":[0,0,0,0,0,0,0,0,0,0,0,0,0,0,0],"sum_hessian":[9E0,7E0,2E0,2E0,5E0,1E0,1E0,1E0,1E0,3E0,2E0,1E0,2E0,1E0,1E0],"tree_param":{"num_deleted":"0","num_feature":"2","num_nodes":"15","size_leaf_vector":"1"}},{"base_weights":[5.8063986E-3,-4.8395574E-2,1.4840953E-1,-1.3497432E-1,2.9597282E-3,4.402542E-3,1.7858887E-2,-1.6420245E-2,-3.825903E-3,-6.991148E-3,1.5240987E-2,-9.649754E-4,-2.8883616E-4,4.6215058E-4,1.8239975E-3],"categories":[],"categories_nodes":[],"categories_segments":[],"categories_sizes":[],"default_left":[0,0,0,0,0,0,0,0,0,0,0,0,0,0,0],"id":88,"left_children":[1,3,5,7,9,-1,-1,-1,-1,11,13,-1,-1,-1,-1],"loss_changes":[8.447607E-2,3.5969704E-2,1.588285E-3,2.1982007E-3,8.3980773E-4,0E0,0E0,0E0,0E0,1.5758778E-5,1.1246942E-5,0E0,0E0,0E0,0E0],"parents":[2147483647,0,0,1,1,2,2,3,3,4,4,9,9,10,10],"right_children":[2,4,6,8,10,-1,-1,-1,-1,12,14,-1,-1,-1,-1],"split_conditions":[9.00616E-1,3.0379674E-1,1E0,2.0179348E-1,7.0520705E-1,4.402542E-3,1.7858887E-2,-1.6420245E-2,-3.825903E-3,4.0284726E-1,8.1369483E-1,-9.649754E-4,-2.8883616E-4,4.6215058E-4,1.8239975E-3],"split_indices":[0,0,0,0,0,0,0,0,0,0,0,0,0,0,0],"split_type":[0,0,0,0,0,0,0,0,0,0,0,0,0,0,0],"sum_hessian":[9E0,7E0,2E0,2E0,5E0,1E0,1E0,1E0,1E0,3E0,2E0,1E0,2E0,1E0,1E0],"tree_param":{"num_deleted":"0","num_feature":"2","num_nodes":"15","size_leaf_vector":"1"}},{"base_weights":[5.530596E-3,-4.5957506E-2,1.4098866E-1,-1.2822549E-1,2.8360684E-3,4.182434E-3,1.6965866E-2,-1.55992275E-2,-3.634596E-3,-6.6053867E-3,1.447932E-2,-9.1671944E-4,-2.6957196E-4,4.3907165E-4,1.7328262E-3],"categories":[],"categories_nodes":[],"categories_segments":[],"categories_sizes":[],"default_left":[0,0,0,0,0,0,0,0,0,0,0,0,0,0,0],"id":89,"left_children":[1,3,5,7,9,-1,-1,-1,-1,11,13,-1,-1,-1,-1],"loss_changes":[7.6224275E-2,3.247685E-2,1.433257E-3,1.983907E-3,7.552169E-4,0E0,0E0,0E0,0E0,1.5351077E-5,1.0142103E-5,0E0,0E0,0E0,0E0],"parents":[2147483647,0,0,1,1,2,2,3,3,4,4,9,9,10,10],"right_children":[2,4,6,8,10,-1,-1,-1,-1,12,14,-1,-1,-1,-1],"split_conditions":[9.00616E-1,3.0379674E-1,1E0,2.0179348E-1,7.0520705E-1,4.182434E-3,1.6965866E-2,-1.55992275E-2,-3.634596E-3,4.0284726E-1,8.1369483E-1,-9.1671944E-4,-2.6957196E-4,4.3907165E-4,1.7328262E-3],"split_indices":[0,0,0,0,0,0,0,0,0,0,0,0,0,0,0],"split_type":[0,0,0,0,0,0,0,0,0,0,0,0,0,0,0],"sum_hessian":[9E0,7E0,2E0,2E0,5E0,1E0,1E0,1E0,1E0,3E0,2E0,1E0,2E0,1E0,1E0],"tree_param":{"num_deleted":"0","num_feature":"2","num_nodes":"15","size_leaf_vector":"1"}},{"base_weights":[5.2676676E-3,-4.364258E-2,1.339391E-1,-1.2181425E-1,2.7170181E-3,3.9733886E-3,1.6117478E-2,-1.4819264E-2,-3.4528733E-3,-6.2413216E-3,1.3755798E-2,-8.708954E-4,-2.515793E-4,4.1713714E-4,1.6462327E-3],"categories":[],"categories_nodes":[],"categories_segments":[],"categories_sizes":[],"default_left":[0,0,0,0,0,0,0,0,0,0,0,0,0,0,0],"id":90,"left_children":[1,3,5,7,9,-1,-1,-1,-1,11,13,-1,-1,-1,-1],"loss_changes":[6.877897E-2,2.932303E-2,1.2931228E-3,1.790449E-3,6.791892E-4,0E0,0E0,0E0,0E0,1.4863021E-5,9.151059E-6,0E0,0E0,0E0,0E0],"parents":[2147483647,0,0,1,1,2,2,3,3,4,4,9,9,10,10],"right_children":[2,4,6,8,10,-1,-1,-1,-1,12,14,-1,-1,-1,-1],"split_conditions":[9.00616E-1,3.0379674E-1,1E0,2.0179348E-1,7.0520705E-1,3.9733886E-3,1.6117478E-2,-1.4819264E-2,-3.4528733E-3,4.0284726E-1,8.1369483E-1,-8.708954E-4,-2.515793E-4,4.1713714E-4,1.6462327E-3],"split_indices":[0,0,0,0,0,0,0,0,0,0,0,0,0,0,0],"split_type":[0,0,0,0,0,0,0,0,0,0,0,0,0,0,0],"sum_hessian":[9E0,7E0,2E0,2E0,5E0,1E0,1E0,1E0,1E0,3E0,2E0,1E0,2E0,1E0,1E0],"tree_param":{"num_deleted":"0","num_feature":"2","num_nodes":"15","size_leaf_vector":"1"}},{"base_weights":[5.0163744E-3,-4.144472E-2,1.272405E-1,-1.1572345E-1,2.6021004E-3,3.774643E-3,1.5311432E-2,-1.4078307E-2,-3.2802105E-3,-5.8977604E-3,1.3067882E-2,-8.2736014E-4,-2.3479461E-4,3.9634705E-4,1.5638352E-3],"categories":[],"categories_nodes":[],"categories_segments":[],"categories_sizes":[],"default_left":[0,0,0,0,0,0,0,0,0,0,0,0,0,0,0],"id":91,"left_children":[1,3,5,7,9,-1,-1,-1,-1,11,13,-1,-1,-1,-1],"loss_changes":[6.2060114E-2,2.6475057E-2,1.1671409E-3,1.615949E-3,6.108173E-4,0E0,0E0,0E0,0E0,1.4309218E-5,8.225674E-6,0E0,0E0,0E0,0E0],"parents":[2147483647,0,0,1,1,2,2,3,3,4,4,9,9,10,10],"right_children":[2,4,6,8,10,-1,-1,-1,-1,12,14,-1,-1,-1,-1],"split_conditions":[9.00616E-1,3.0379674E-1,1E0,2.0179348E-1,7.0520705E-1,3.774643E-3,1.5311432E-2,-1.4078307E-2,-3.2802105E-3,4.0284726E-1,8.1369483E-1,-8.2736014E-4,-2.3479461E-4,3.9634705E-4,1.5638352E-3],"split_indices":[0,0,0,0,0,0,0,0,0,0,0,0,0,0,0],"split_type":[0,0,0,0,0,0,0,0,0,0,0,0,0,0,0],"sum_hessian":[9E0,7E0,2E0,2E0,5E0,1E0,1E0,1E0,1E0,3E0,2E0,1E0,2E0,1E0,1E0],"tree_param":{"num_deleted":"0","num_feature":"2","num_nodes":"15","size_leaf_vector":"1"}},{"base_weights":[4.7775744E-3,-3.9357603E-2,1.2087885E-1,-1.0993719E-1,2.491792E-3,3.5860061E-3,1.45458225E-2,-1.33744E-2,-3.1161786E-3,-5.5730343E-3,1.2414296E-2,-7.859707E-4,-2.1909077E-4,3.7651064E-4,1.4856339E-3],"categories":[],"categories_nodes":[],"categories_segments":[],"categories_sizes":[],"default_left":[0,0,0,0,0,0,0,0,0,0,0,0,0,0,0],"id":92,"left_children":[1,3,5,7,9,-1,-1,-1,-1,11,13,-1,-1,-1,-1],"loss_changes":[5.5999007E-2,2.3903646E-2,1.0529831E-3,1.4584698E-3,5.493249E-4,0E0,0E0,0E0,0E0,1.3715355E-5,7.429364E-6,0E0,0E0,0E0,0E0],"parents":[2147483647,0,0,1,1,2,2,3,3,4,4,9,9,10,10],"right_children":[2,4,6,8,10,-1,-1,-1,-1,12,14,-1,-1,-1,-1],"split_conditions":[9.00616E-1,3.0379674E-1,1E0,2.0179348E-1,7.0520705E-1,3.5860061E-3,1.45458225E-2,-1.33744E-2,-3.1161786E-3,4.0284726E-1,8.1369483E-1,-7.859707E-4,-2.1909077E-4,3.7651064E-4,1.4856339E-3],"split_indices":[0,0,0,0,0,0,0,0,0,0,0,0,0,0,0],"split_type":[0,0,0,0,0,0,0,0,0,0,0,0,0,0,0],"sum_hessian":[9E0,7E0,2E0,2E0,5E0,1E0,1E0,1E0,1E0,3E0,2E0,1E0,2E0,1E0,1E0],"tree_param":{"num_deleted":"0","num_feature":"2","num_nodes":"15","size_leaf_vector":"1"}},{"base_weights":[4.549265E-3,-3.7376106E-2,1.1483383E-1,-1.0444021E-1,2.3852985E-3,3.4067153E-3,1.381836E-2,-1.2705684E-2,-2.9603483E-3,-5.2673817E-3,1.1793773E-2,-7.466793E-4,-2.0453136E-4,3.5762787E-4,1.411438E-3],"categories":[],"categories_nodes":[],"categories_segments":[],"categories_sizes":[],"default_left":[0,0,0,0,0,0,0,0,0,0,0,0,0,0,0],"id":93,"left_children":[1,3,5,7,9,-1,-1,-1,-1,11,13,-1,-1,-1,-1],"loss_changes":[5.0529253E-2,2.1581627E-2,9.5012784E-4,1.316335E-3,4.941225E-4,0E0,0E0,0E0,0E0,1.3074685E-5,6.731774E-6,0E0,0E0,0E0,0E0],"parents":[2147483647,0,0,1,1,2,2,3,3,4,4,9,9,10,10],"right_children":[2,4,6,8,10,-1,-1,-1,-1,12,14,-1,-1,-1,-1],"split_conditions":[9.00616E-1,3.0379674E-1,1E0,2.0179348E-1,7.0520705E-1,3.4067153E-3,1.381836E-2,-1.2705684E-2,-2.9603483E-3,4.0284726E-1,8.1369483E-1,-7.466793E-4,-2.0453136E-4,3.5762787E-4,1.411438E-3],"split_indices":[0,0,0,0,0,0,0,0,0,0,0,0,0,0,0],"split_type":[0,0,0,0,0,0,0,0,0,0,0,0,0,0,0],"sum_hessian":[9E0,7E0,2E0,2E0,5E0,1E0,1E0,1E0,1E0,3E0,2E0,1E0,2E0,1E0,1E0],"tree_param":{"num_deleted":"0","num_feature":"2","num_nodes":"15","size_leaf_vector":"1"}},{"base_weights":[4.3322085E-3,-3.5494506E-2,1.0909271E-1,-9.921821E-2,2.2830963E-3,3.2363893E-3,1.3127518E-2,-1.2070394E-2,-2.8123378E-3,-4.97818E-3,1.1203766E-2,-7.0934294E-4,-1.9086203E-4,3.396988E-4,1.3408661E-3],"categories":[],"categories_nodes":[],"categories_segments":[],"categories_sizes":[],"default_left":[0,0,0,0,0,0,0,0,0,0,0,0,0,0,0],"id":94,"left_children":[1,3,5,7,9,-1,-1,-1,-1,11,13,-1,-1,-1,-1],"loss_changes":[4.559486E-2,1.9485157E-2,8.575283E-4,1.187969E-3,4.4442702E-4,0E0,0E0,0E0,0E0,1.243288E-5,6.0903258E-6,0E0,0E0,0E0,0E0],"parents":[2147483647,0,0,1,1,2,2,3,3,4,4,9,9,10,10],"right_children":[2,4,6,8,10,-1,-1,-1,-1,12,14,-1,-1,-1,-1],"split_conditions":[9.00616E-1,3.0379674E-1,1E0,2.0179348E-1,7.0520705E-1,3.2363893E-3,1.3127518E-2,-1.2070394E-2,-2.8123378E-3,4.0284726E-1,8.1369483E-1,-7.0934294E-4,-1.9086203E-4,3.396988E-4,1.3408661E-3],"split_indices":[0,0,0,0,0,0,0,0,0,0,0,0,0,0,0],"split_type":[0,0,0,0,0,0,0,0,0,0,0,0,0,0,0],"sum_hessian":[9E0,7E0,2E0,2E0,5E0,1E0,1E0,1E0,1E0,3E0,2E0,1E0,2E0,1E0,1E0],"tree_param":{"num_deleted":"0","num_feature":"2","num_nodes":"15","size_leaf_vector":"1"}},{"base_weights":[4.1248323E-3,-3.3708096E-2,1.03637695E-1,-9.4257355E-2,2.18455E-3,3.074646E-3,1.2471008E-2,-1.1466885E-2,-2.6717186E-3,-4.705429E-3,1.0643005E-2,-6.738663E-4,-1.7814637E-4,3.2272338E-4,1.2737274E-3],"categories":[],"categories_nodes":[],"categories_segments":[],"categories_sizes":[],"default_left":[0,0,0,0,0,0,0,0,0,0,0,0,0,0,0],"id":95,"left_children":[1,3,5,7,9,-1,-1,-1,-1,11,13,-1,-1,-1,-1],"loss_changes":[4.114206E-2,1.7592097E-2,7.735826E-4,1.0721572E-3,3.9975138E-4,0E0,0E0,0E0,0E0,1.1775737E-5,5.485723E-6,0E0,0E0,0E0,0E0],"parents":[2147483647,0,0,1,1,2,2,3,3,4,4,9,9,10,10],"right_children":[2,4,6,8,10,-1,-1,-1,-1,12,14,-1,-1,-1,-1],"split_conditions":[9.00616E-1,3.0379674E-1,1E0,2.0179348E-1,7.0520705E-1,3.074646E-3,1.2471008E-2,-1.1466885E-2,-2.6717186E-3,4.0284726E-1,8.1369483E-1,-6.738663E-4,-1.7814637E-4,3.2272338E-4,1.2737274E-3],"split_indices":[0,0,0,0,0,0,0,0,0,0,0,0,0,0,0],"split_type":[0,0,0,0,0,0,0,0,0,0,0,0,0,0,0],"sum_hessian":[9E0,7E0,2E0,2E0,5E0,1E0,1E0,1E0,1E0,3E0,2E0,1E0,2E0,1E0,1E0],"tree_param":{"num_deleted":"0","num_feature":"2","num_nodes":"15","size_leaf_vector":"1"}},{"base_weights":[3.9271354E-3,-3.201163E-2,9.8454796E-2,-8.9544296E-2,2.0899773E-3,2.9209137E-3,1.1847305E-2,-1.0893536E-2,-2.538109E-3,-4.4476986E-3,1.0110219E-2,-6.401539E-4,-1.6625723E-4,3.0651092E-4,1.210022E-3],"categories":[],"categories_nodes":[],"categories_segments":[],"categories_sizes":[],"default_left":[0,0,0,0,0,0,0,0,0,0,0,0,0,0,0],"id":96,"left_children":[1,3,5,7,9,-1,-1,-1,-1,11,13,-1,-1,-1,-1],"loss_changes":[3.712377E-2,1.5882794E-2,6.9803745E-4,9.676814E-4,3.5956965E-4,0E0,0E0,0E0,0E0,1.1123746E-5,4.970818E-6,0E0,0E0,0E0,0E0],"parents":[2147483647,0,0,1,1,2,2,3,3,4,4,9,9,10,10],"right_children":[2,4,6,8,10,-1,-1,-1,-1,12,14,-1,-1,-1,-1],"split_conditions":[9.00616E-1,3.0379674E-1,1E0,2.0179348E-1,7.0520705E-1,2.9209137E-3,1.1847305E-2,-1.0893536E-2,-2.538109E-3,4.0284726E-1,8.1369483E-1,-6.401539E-4,-1.6625723E-4,3.0651092E-4,1.210022E-3],"split_indices":[0,0,0,0,0,0,0,0,0,0,0,0,0,0,0],"split_type":[0,0,0,0,0,0,0,0,0,0,0,0,0,0,0],"sum_hessian":[9E0,7E0,2E0,2E0,5E0,1E0,1E0,1E0,1E0,3E0,2E0,1E0,2E0,1E0,1E0],"tree_param":{"num_deleted":"0","num_feature":"2","num_nodes":"15","size_leaf_vector":"1"}},{"base_weights":[3.7391186E-3,-3.0400336E-2,9.353129E-2,-8.506727E-2,1.999855E-3,2.774811E-3,1.1254883E-2,-1.0348869E-2,-2.4112226E-3,-4.204273E-3,9.605408E-3,-6.081581E-4,-1.5513103E-4,2.9125213E-4,1.149559E-3],"categories":[],"categories_nodes":[],"categories_segments":[],"categories_sizes":[],"default_left":[0,0,0,0,0,0,0,0,0,0,0,0,0,0,0],"id":97,"left_children":[1,3,5,7,9,-1,-1,-1,-1,11,13,-1,-1,-1,-1],"loss_changes":[3.349794E-2,1.4339875E-2,6.300863E-4,8.7329186E-4,3.234987E-4,0E0,0E0,0E0,0E0,1.0487296E-5,4.4711633E-6,0E0,0E0,0E0,0E0],"parents":[2147483647,0,0,1,1,2,2,3,3,4,4,9,9,10,10],"right_children":[2,4,6,8,10,-1,-1,-1,-1,12,14,-1,-1,-1,-1],"split_conditions":[9.00616E-1,3.0379674E-1,1E0,2.0179348E-1,7.0520705E-1,2.774811E-3,1.1254883E-2,-1.0348869E-2,-2.4112226E-3,4.0284726E-1,8.1369483E-1,-6.081581E-4,-1.5513103E-4,2.9125213E-4,1.149559E-3],"split_indices":[0,0,0,0,0,0,0,0,0,0,0,0,0,0,0],"split_type":[0,0,0,0,0,0,0,0,0,0,0,0,0,0,0],"sum_hessian":[9E0,7E0,2E0,2E0,5E0,1E0,1E0,1E0,1E0,3E0,2E0,1E0,2E0,1E0,1E0],"tree_param":{"num_deleted":"0","num_feature":"2","num_nodes":"15","size_leaf_vector":"1"}},{"base_weights":[3.560543E-3,-2.8870225E-2,8.885574E-2,-8.081404E-2,1.9133886E-3,2.6361465E-3,1.06922155E-2,-9.8314285E-3,-2.290678E-3,-3.9744377E-3,9.126027E-3,-5.777359E-4,-1.4476776E-4,2.767563E-4,1.0921479E-3],"categories":[],"categories_nodes":[],"categories_segments":[],"categories_sizes":[],"default_left":[0,0,0,0,0,0,0,0,0,0,0,0,0,0,0],"id":98,"left_children":[1,3,5,7,9,-1,-1,-1,-1,11,13,-1,-1,-1,-1],"loss_changes":[3.0227173E-2,1.2946775E-2,5.6851655E-4,7.881094E-4,2.9107142E-4,0E0,0E0,0E0,0E0,9.858442E-6,4.0230516E-6,0E0,0E0,0E0,0E0],"parents":[2147483647,0,0,1,1,2,2,3,3,4,4,9,9,10,10],"right_children":[2,4,6,8,10,-1,-1,-1,-1,12,14,-1,-1,-1,-1],"split_conditions":[9.00616E-1,3.0379674E-1,1E0,2.0179348E-1,7.0520705E-1,2.6361465E-3,1.06922155E-2,-9.8314285E-3,-2.290678E-3,4.0284726E-1,8.1369483E-1,-5.777359E-4,-1.4476776E-4,2.767563E-4,1.0921479E-3],"split_indices":[0,0,0,0,0,0,0,0,0,0,0,0,0,0,0],"split_type":[0,0,0,0,0,0,0,0,0,0,0,0,0,0,0],"sum_hessian":[9E0,7E0,2E0,2E0,5E0,1E0,1E0,1E0,1E0,3E0,2E0,1E0,2E0,1E0,1E0],"tree_param":{"num_deleted":"0","num_feature":"2","num_nodes":"15","size_leaf_vector":"1"}},{"base_weights":[3.3901215E-3,-2.741766E-2,8.441416E-2,-7.677332E-2,1.8297831E-3,2.5043488E-3,1.0157776E-2,-9.339857E-3,-2.1761418E-3,-3.7574768E-3,8.669536E-3,-5.4883957E-4,-1.3510387E-4,2.6283265E-4,1.0375977E-3],"categories":[],"categories_nodes":[],"categories_segments":[],"categories_sizes":[],"default_left":[0,0,0,0,0,0,0,0,0,0,0,0,0,0,0],"id":99,"left_children":[1,3,5,7,9,-1,-1,-1,-1,11,13,-1,-1,-1,-1],"loss_changes":[2.7276147E-2,1.1688695E-2,5.131811E-4,7.112734E-4,2.618684E-4,0E0,0E0,0E0,0E0,9.24636E-6,3.6554557E-6,0E0,0E0,0E0,0E0],"parents":[2147483647,0,0,1,1,2,2,3,3,4,4,9,9,10,10],"right_children":[2,4,6,8,10,-1,-1,-1,-1,12,14,-1,-1,-1,-1],"split_conditions":[9.00616E-1,3.0379674E-1,1E0,2.0179348E-1,7.0520705E-1,2.5043488E-3,1.0157776E-2,-9.339857E-3,-2.1761418E-3,4.0284726E-1,8.1369483E-1,-5.4883957E-4,-1.3510387E-4,2.6283265E-4,1.0375977E-3],"split_indices":[0,0,0,0,0,0,0,0,0,0,0,0,0,0,0],"split_type":[0,0,0,0,0,0,0,0,0,0,0,0,0,0,0],"sum_hessian":[9E0,7E0,2E0,2E0,5E0,1E0,1E0,1E0,1E0,3E0,2E0,1E0,2E0,1E0,1E0],"tree_param":{"num_deleted":"0","num_feature":"2","num_nodes":"15","size_leaf_vector":"1"}}]},"name":"gbtree"},"learner_model_param":{"base_score":"3.6577778E1","boost_from_average":"1","num_class":"0","num_feature":"2","num_target":"1"},"objective":{"name":"reg:squarederror","reg_loss_param":{"scale_pos_weight":"1"}}},"version":[2,0,1]}