{"learner":{"attributes":{"scikit_learn":"{\"_estimator_type\": \"regressor\"}"},"feature_names":[],"feature_types":[],"gradient_booster":{"model":{"gbtree_model_param":{"num_parallel_tree":"1","num_trees":"100"},"iteration_indptr":[0,1,2,3,4,5,6,7,8,9,10,11,12,13,14,15,16,17,18,19,20,21,22,23,24,25,26,27,28,29,30,31,32,33,34,35,36,37,38,39,40,41,42,43,44,45,46,47,48,49,50,51,52,53,54,55,56,57,58,59,60,61,62,63,64,65,66,67,68,69,70,71,72,73,74,75,76,77,78,79,80,81,82,83,84,85,86,87,88,89,90,91,92,93,94,95,96,97,98,99,100],"tree_info":[0,0,0,0,0,0,0,0,0,0,0,0,0,0,0,0,0,0,0,0,0,0,0,0,0,0,0,0,0,0,0,0,0,0,0,0,0,0,0,0,0,0,0,0,0,0,0,0,0,0,0,0,0,0,0,0,0,0,0,0,0,0,0,0,0,0,0,0,0,0,0,0,0,0,0,0,0,0,0,0,0,0,0,0,0,0,0,0,0,0,0,0,0,0,0,0,0,0,0,0],"trees":[{"base_weights":[6.1035157E-6,-8.323809E1,1.4566667E2,-8.931481E0,-2.3388886E0,3.9611115E0,1.6781483E1],"categories":[],"categories_nodes":[],"categories_segments":[],"categories_sizes":[],"default_left":[0,0,0,0,0,0,0],"id":0,"left_children":[1,3,5,-1,-1,-1,-1],"loss_changes":[1.3337517E5,4.5683203E2,2.7484062E3,0E0,0E0,0E0,0E0],"parents":[2147483647,0,0,1,1,2,2],"right_children":[2,4,6,-1,-1,-1,-1],"split_conditions":[7.0104754E-1,4.9966386E-1,7.9871607E-1,-8.931481E0,-2.3388886E0,3.9611115E0,1.6781483E1],"split_indices":[0,0,0,0,0,0,0],"split_type":[0,0,0,0,0,0,0],"sum_hessian":[9E0,6E0,3E0,5E0,1E0,1E0,2E0],"tree_param":{"num_deleted":"0","num_feature":"2","num_nodes":"7","size_leaf_vector":"1"}},{"base_weights":[9.47229E-1,-7.652433E1,1.3628564E2,-8.18719E0,-2.2219436E0,3.7630556E0,1.5662715E1],"categories":[],"categories_nodes":[],"categories_segments":[],"categories_sizes":[],"default_left":[0,0,0,0,0,0,0],"id":1,"left_children":[1,3,5,-1,-1,-1,-1],"loss_changes":[1.1527795E5,2.1364844E2,2.1332031E3,0E0,0E0,0E0,0E0],"parents":[2147483647,0,0,1,1,2,2],"right_children":[2,4,6,-1,-1,-1,-1],"split_conditions":[7.0104754E-1,4.9966386E-1,7.9871607E-1,-8.18719E0,-2.2219436E0,3.7630556E0,1.5662715E1],"split_indices":[0,0,0,0,0,0,0],"split_type":[0,0,0,0,0,0,0],"sum_hessian":[9E0,6E0,3E0,5E0,1E0,1E0,2E0],"tree_param":{"num_deleted":"0","num_feature":"2","num_nodes":"7","size_leaf_vector":"1"}},{"base_weights":[1.7541717E0,-7.035891E1,1.2751352E2,-7.5049243E0,-2.110846E0,3.5749023E0,1.4618535E1],"categories":[],"categories_nodes":[],"categories_segments":[],"categories_sizes":[],"default_left":[0,0,0,0,0,0,0],"id":2,"left_children":[1,3,5,-1,-1,-1,-1],"loss_changes":[9.966065E4,3.283203E1,1.6276641E3,0E0,0E0,0E0,0E0],"parents":[2147483647,0,0,1,1,2,2],"right_children":[2,4,6,-1,-1,-1,-1],"split_conditions":[7.0104754E-1,4.9966386E-1,7.9871607E-1,-7.5049243E0,-2.110846E0,3.5749023E0,1.4618535E1],"split_indices":[0,0,0,0,0,0,0],"split_type":[0,0,0,0,0,0,0],"sum_hessian":[9E0,6E0,3E0,5E0,1E0,1E0,2E0],"tree_param":{"num_deleted":"0","num_feature":"2","num_nodes":"7","size_leaf_vector":"1"}},{"base_weights":[2.4365172E0,-6.469671E0,1.1931053E2,3.396158E0,1.3643966E1],"categories":[],"categories_nodes":[],"categories_segments":[],"categories_sizes":[],"default_left":[0,0,0,0,0],"id":3,"left_children":[1,-1,3,-1,-1],"loss_changes":[8.618029E4,0E0,1.2141055E3,0E0,0E0],"parents":[2147483647,0,0,2,2],"right_children":[2,-1,4,-1,-1],"split_conditions":[7.0104754E-1,-6.469671E0,7.9871607E-1,3.396158E0,1.3643966E1],"split_indices":[0,0,0,0,0],"split_type":[0,0,0,0,0],"sum_hessian":[9E0,6E0,3E0,1E0,2E0],"tree_param":{"num_deleted":"0","num_feature":"2","num_nodes":"5","size_leaf_vector":"1"}},{"base_weights":[3.2499115E0,-5.915128E1,1.1163952E2,-6.794761E0,-2.4773643E0,3.2263505E0,1.2734369E1],"categories":[],"categories_nodes":[],"categories_segments":[],"categories_sizes":[],"default_left":[0,0,0,0,0,0,0],"id":4,"left_children":[1,3,5,-1,-1,-1,-1],"loss_changes":[7.424003E4,4.334668E2,8.7758594E2,0E0,0E0,0E0,0E0],"parents":[2147483647,0,0,1,1,2,2],"right_children":[2,4,6,-1,-1,-1,-1],"split_conditions":[7.0104754E-1,4.0008754E-1,7.9871607E-1,-6.794761E0,-2.4773643E0,3.2263505E0,1.2734369E1],"split_indices":[0,0,0,0,0,0,0],"split_type":[0,0,0,0,0,0,0],"sum_hessian":[9E0,6E0,3E0,4E0,2E0,1E0,2E0],"tree_param":{"num_deleted":"0","num_feature":"2","num_nodes":"7","size_leaf_vector":"1"}},{"base_weights":[3.5937805E0,-5.4560738E1,1.04465744E2,-6.251179E0,-2.312207E0,3.065033E0,1.188541E1],"categories":[],"categories_nodes":[],"categories_segments":[],"categories_sizes":[],"default_left":[0,0,0,0,0,0,0],"id":5,"left_children":[1,3,5,-1,-1,-1,-1],"loss_changes":[6.4361336E4,3.0439062E2,6.0541406E2,0E0,0E0,0E0,0E0],"parents":[2147483647,0,0,1,1,2,2],"right_children":[2,4,6,-1,-1,-1,-1],"split_conditions":[7.0104754E-1,4.0008754E-1,7.9871607E-1,-6.251179E0,-2.312207E0,3.065033E0,1.188541E1],"split_indices":[0,0,0,0,0,0,0],"split_type":[0,0,0,0,0,0,0],"sum_hessian":[9E0,6E0,3E0,4E0,2E0,1E0,2E0],"tree_param":{"num_deleted":"0","num_feature":"2","num_nodes":"7","size_leaf_vector":"1"}},{"base_weights":[3.873111E0,-5.0328003E1,9.775678E1,-5.7510843E0,-2.1580608E0,2.9117813E0,1.1093051E1],"categories":[],"categories_nodes":[],"categories_segments":[],"categories_sizes":[],"default_left":[0,0,0,0,0,0,0],"id":6,"left_children":[1,3,5,-1,-1,-1,-1],"loss_changes":[5.58059E4,2.0429492E2,3.868711E2,0E0,0E0,0E0,0E0],"parents":[2147483647,0,0,1,1,2,2],"right_children":[2,4,6,-1,-1,-1,-1],"split_conditions":[7.0104754E-1,4.0008754E-1,7.9871607E-1,-5.7510843E0,-2.1580608E0,2.9117813E0,1.1093051E1],"split_indices":[0,0,0,0,0,0,0],"split_type":[0,0,0,0,0,0,0],"sum_hessian":[9E0,6E0,3E0,4E0,2E0,1E0,2E0],"tree_param":{"num_deleted":"0","num_feature":"2","num_nodes":"7","size_leaf_vector":"1"}},{"base_weights":[4.0953736E0,-4.6425076E1,9.1482315E1,-5.290996E0,-2.0141907E0,2.7661927E0,1.0353514E1],"categories":[],"categories_nodes":[],"categories_segments":[],"categories_sizes":[],"default_left":[0,0,0,0,0,0,0],"id":7,"left_children":[1,3,5,-1,-1,-1,-1],"loss_changes":[4.8395348E4,1.2739551E2,2.1288281E2,0E0,0E0,0E0,0E0],"parents":[2147483647,0,0,1,1,2,2],"right_children":[2,4,6,-1,-1,-1,-1],"split_conditions":[7.0104754E-1,4.0008754E-1,7.9871607E-1,-5.290996E0,-2.0141907E0,2.7661927E0,1.0353514E1],"split_indices":[0,0,0,0,0,0,0],"split_type":[0,0,0,0,0,0,0],"sum_hessian":[9E0,6E0,3E0,4E0,2E0,1E0,2E0],"tree_param":{"num_deleted":"0","num_feature":"2","num_nodes":"7","size_leaf_vector":"1"}},{"base_weights":[4.267282E0,-4.282617E1,8.5614006E1,-4.585143E0,-1.2337312E0,3.8668945E0,1.1322459E1],"categories":[],"categories_nodes":[],"categories_segments":[],"categories_sizes":[],"default_left":[0,0,0,0,0,0,0],"id":8,"left_children":[1,3,5,-1,-1,-1,-1],"loss_changes":[4.19755E4,7.997363E1,8.0644727E2,0E0,0E0,0E0,0E0],"parents":[2147483647,0,0,1,1,2,2],"right_children":[2,4,6,-1,-1,-1,-1],"split_conditions":[7.0104754E-1,4.9966386E-1,1E0,-4.585143E0,-1.2337312E0,3.8668945E0,1.1322459E1],"split_indices":[0,0,0,0,0,0,0],"split_type":[0,0,0,0,0,0,0],"sum_hessian":[9E0,6E0,3E0,5E0,1E0,2E0,1E0],"tree_param":{"num_deleted":"0","num_feature":"2","num_nodes":"7","size_leaf_vector":"1"}},{"base_weights":[4.777606E0,-3.937482E1,8.084995E1,-4.825849E0,-2.0647447E0,3.6091022E0,1.0756337E1],"categories":[],"categories_nodes":[],"categories_segments":[],"categories_sizes":[],"default_left":[0,0,0,0,0,0,0],"id":9,"left_children":[1,3,5,-1,-1,-1,-1],"loss_changes":[3.6771242E4,1.6816113E2,9.00584E2,0E0,0E0,0E0,0E0],"parents":[2147483647,0,0,1,1,2,2],"right_children":[2,4,6,-1,-1,-1,-1],"split_conditions":[7.0104754E-1,2.9967272E-1,1E0,-4.825849E0,-2.0647447E0,3.6091022E0,1.0756337E1],"split_indices":[0,0,0,0,0,0,0],"split_type":[0,0,0,0,0,0,0],"sum_hessian":[9E0,6E0,3E0,3E0,3E0,2E0,1E0],"tree_param":{"num_deleted":"0","num_feature":"2","num_nodes":"7","size_leaf_vector":"1"}},{"base_weights":[5.047333E0,-3.6421703E1,7.6356316E1,-4.4639106E0,-1.9098881E0,3.3684957E0,1.021852E1],"categories":[],"categories_nodes":[],"categories_segments":[],"categories_sizes":[],"default_left":[0,0,0,0,0,0,0],"id":10,"left_children":[1,3,5,-1,-1,-1,-1],"loss_changes":[3.2352178E4,1.4388281E2,9.6650977E2,0E0,0E0,0E0,0E0],"parents":[2147483647,0,0,1,1,2,2],"right_children":[2,4,6,-1,-1,-1,-1],"split_conditions":[7.0104754E-1,2.9967272E-1,1E0,-4.4639106E0,-1.9098881E0,3.3684957E0,1.021852E1],"split_indices":[0,0,0,0,0,0,0],"split_type":[0,0,0,0,0,0,0],"sum_hessian":[9E0,6E0,3E0,3E0,3E0,2E0,1E0],"tree_param":{"num_deleted":"0","num_feature":"2","num_nodes":"7","size_leaf_vector":"1"}},{"base_weights":[5.263921E0,-3.369008E1,7.211744E1,-3.8640275E0,-1.4209727E0,3.1439292E0,9.707595E0],"categories":[],"categories_nodes":[],"categories_segments":[],"categories_sizes":[],"default_left":[0,0,0,0,0,0,0],"id":11,"left_children":[1,3,5,-1,-1,-1,-1],"loss_changes":[2.8471762E4,1.25953125E2,1.00906445E3,0E0,0E0,0E0,0E0],"parents":[2147483647,0,0,1,1,2,2],"right_children":[2,4,6,-1,-1,-1,-1],"split_conditions":[7.0104754E-1,4.0008754E-1,1E0,-3.8640275E0,-1.4209727E0,3.1439292E0,9.707595E0],"split_indices":[0,0,0,0,0,0,0],"split_type":[0,0,0,0,0,0,0],"sum_hessian":[9E0,6E0,3E0,4E0,2E0,2E0,1E0],"tree_param":{"num_deleted":"0","num_feature":"2","num_nodes":"7","size_leaf_vector":"1"}},{"base_weights":[5.4941816E0,-3.1076075E1,6.811858E1,-3.8393147E0,-1.5989983E0,2.9343345E0,9.222216E0],"categories":[],"categories_nodes":[],"categories_segments":[],"categories_sizes":[],"default_left":[0,0,0,0,0,0,0],"id":12,"left_children":[1,3,5,-1,-1,-1,-1],"loss_changes":[2.5018764E4,1.5879688E2,1.0323809E3,0E0,0E0,0E0,0E0],"parents":[2147483647,0,0,1,1,2,2],"right_children":[2,4,6,-1,-1,-1,-1],"split_conditions":[7.0104754E-1,2.9967272E-1,1E0,-3.8393147E0,-1.5989983E0,2.9343345E0,9.222216E0],"split_indices":[0,0,0,0,0,0,0],"split_type":[0,0,0,0,0,0,0],"sum_hessian":[9E0,6E0,3E0,3E0,3E0,2E0,1E0],"tree_param":{"num_deleted":"0","num_feature":"2","num_nodes":"7","size_leaf_vector":"1"}},{"base_weights":[5.616586E0,-2.874537E1,6.434586E1,-3.5513666E0,-1.4790734E0,2.7387125E0,8.761104E0],"categories":[],"categories_nodes":[],"categories_segments":[],"categories_sizes":[],"default_left":[0,0,0,0,0,0,0],"id":13,"left_children":[1,3,5,-1,-1,-1,-1],"loss_changes":[2.2030174E4,1.3587012E2,1.0399902E3,0E0,0E0,0E0,0E0],"parents":[2147483647,0,0,1,1,2,2],"right_children":[2,4,6,-1,-1,-1,-1],"split_conditions":[7.0104754E-1,2.9967272E-1,1E0,-3.5513666E0,-1.4790734E0,2.7387125E0,8.761104E0],"split_indices":[0,0,0,0,0,0,0],"split_type":[0,0,0,0,0,0,0],"sum_hessian":[9E0,6E0,3E0,3E0,3E0,2E0,1E0],"tree_param":{"num_deleted":"0","num_feature":"2","num_nodes":"7","size_leaf_vector":"1"}},{"base_weights":[5.7018633E0,-2.6589472E1,6.0786232E1,-3.2850144E0,-1.3681431E0,2.556132E0,8.323049E0],"categories":[],"categories_nodes":[],"categories_segments":[],"categories_sizes":[],"default_left":[0,0,0,0,0,0,0],"id":14,"left_children":[1,3,5,-1,-1,-1,-1],"loss_changes":[1.940375E4,1.1625391E2,1.0349062E3,0E0,0E0,0E0,0E0],"parents":[2147483647,0,0,1,1,2,2],"right_children":[2,4,6,-1,-1,-1,-1],"split_conditions":[7.0104754E-1,2.9967272E-1,1E0,-3.2850144E0,-1.3681431E0,2.556132E0,8.323049E0],"split_indices":[0,0,0,0,0,0,0],"split_type":[0,0,0,0,0,0,0],"sum_hessian":[9E0,6E0,3E0,3E0,3E0,2E0,1E0],"tree_param":{"num_deleted":"0","num_feature":"2","num_nodes":"7","size_leaf_vector":"1"}},{"base_weights":[5.75428E0,-2.459526E1,5.7427406E1,-3.0386379E0,-1.2655327E0,2.3857238E0,7.9068956E0],"categories":[],"categories_nodes":[],"categories_segments":[],"categories_sizes":[],"default_left":[0,0,0,0,0,0,0],"id":15,"left_children":[1,3,5,-1,-1,-1,-1],"loss_changes":[1.7094998E4,9.946973E1,1.0196748E3,0E0,0E0,0E0,0E0],"parents":[2147483647,0,0,1,1,2,2],"right_children":[2,4,6,-1,-1,-1,-1],"split_conditions":[7.0104754E-1,2.9967272E-1,1E0,-3.0386379E0,-1.2655327E0,2.3857238E0,7.9068956E0],"split_indices":[0,0,0,0,0,0,0],"split_type":[0,0,0,0,0,0,0],"sum_hessian":[9E0,6E0,3E0,3E0,3E0,2E0,1E0],"tree_param":{"num_deleted":"0","num_feature":"2","num_nodes":"7","size_leaf_vector":"1"}},{"base_weights":[5.7776995E0,-2.2750616E1,5.4257828E1,-2.8107402E0,-1.1706177E0,2.2266765E0,7.511551E0],"categories":[],"categories_nodes":[],"categories_segments":[],"categories_sizes":[],"default_left":[0,0,0,0,0,0,0],"id":16,"left_children":[1,3,5,-1,-1,-1,-1],"loss_changes":[1.5064963E4,8.510864E1,9.96459E2,0E0,0E0,0E0,0E0],"parents":[2147483647,0,0,1,1,2,2],"right_children":[2,4,6,-1,-1,-1,-1],"split_conditions":[7.0104754E-1,2.9967272E-1,1E0,-2.8107402E0,-1.1706177E0,2.2266765E0,7.511551E0],"split_indices":[0,0,0,0,0,0,0],"split_type":[0,0,0,0,0,0,0],"sum_hessian":[9E0,6E0,3E0,3E0,3E0,2E0,1E0],"tree_param":{"num_deleted":"0","num_feature":"2","num_nodes":"7","size_leaf_vector":"1"}},{"base_weights":[5.7756195E0,-2.1044315E1,5.12666E1,-2.8554971E0,-1.2329059E0,2.0782309E0,7.1359744E0],"categories":[],"categories_nodes":[],"categories_segments":[],"categories_sizes":[],"default_left":[0,0,0,0,0,0,0],"id":17,"left_children":[1,3,5,-1,-1,-1,-1],"loss_changes":[1.3279522E4,1.0614526E2,9.6708105E2,0E0,0E0,0E0,0E0],"parents":[2147483647,0,0,1,1,2,2],"right_children":[2,4,6,-1,-1,-1,-1],"split_conditions":[7.0104754E-1,2.0006132E-1,1E0,-2.8554971E0,-1.2329059E0,2.0782309E0,7.1359744E0],"split_indices":[0,0,0,0,0,0,0],"split_type":[0,0,0,0,0,0,0],"sum_hessian":[9E0,6E0,3E0,2E0,4E0,2E0,1E0],"tree_param":{"num_deleted":"0","num_feature":"2","num_nodes":"7","size_leaf_vector":"1"}},{"base_weights":[5.7106414E0,-1.952394E1,4.8443497E1,-2.6651306E0,-1.134273E0,1.939683E0,6.779175E0],"categories":[],"categories_nodes":[],"categories_segments":[],"categories_sizes":[],"default_left":[0,0,0,0,0,0,0],"id":18,"left_children":[1,3,5,-1,-1,-1,-1],"loss_changes":[1.1729265E4,1.05874756E2,9.330635E2,0E0,0E0,0E0,0E0],"parents":[2147483647,0,0,1,1,2,2],"right_children":[2,4,6,-1,-1,-1,-1],"split_conditions":[7.0104754E-1,2.0006132E-1,1E0,-2.6651306E0,-1.134273E0,1.939683E0,6.779175E0],"split_indices":[0,0,0,0,0,0,0],"split_type":[0,0,0,0,0,0,0],"sum_hessian":[9E0,6E0,3E0,2E0,4E0,2E0,1E0],"tree_param":{"num_deleted":"0","num_feature":"2","num_nodes":"7","size_leaf_vector":"1"}},{"base_weights":[5.6315217E0,-1.8114315E1,4.5778854E1,-2.4874551E0,-1.0435308E0,1.8103698E0,6.440216E0],"categories":[],"categories_nodes":[],"categories_segments":[],"categories_sizes":[],"default_left":[0,0,0,0,0,0,0],"id":19,"left_children":[1,3,5,-1,-1,-1,-1],"loss_changes":[1.0362572E4,1.03809814E2,8.9569336E2,0E0,0E0,0E0,0E0],"parents":[2147483647,0,0,1,1,2,2],"right_children":[2,4,6,-1,-1,-1,-1],"split_conditions":[7.0104754E-1,2.0006132E-1,1E0,-2.4874551E0,-1.0435308E0,1.8103698E0,6.440216E0],"split_indices":[0,0,0,0,0,0,0],"split_type":[0,0,0,0,0,0,0],"sum_hessian":[9E0,6E0,3E0,2E0,4E0,2E0,1E0],"tree_param":{"num_deleted":"0","num_feature":"2","num_nodes":"7","size_leaf_vector":"1"}},{"base_weights":[5.540332E0,-1.6807312E1,4.3263626E1,-2.3216248E0,-9.6004885E-1,1.689679E0,6.118207E0],"categories":[],"categories_nodes":[],"categories_segments":[],"categories_sizes":[],"default_left":[0,0,0,0,0,0,0],"id":20,"left_children":[1,3,5,-1,-1,-1,-1],"loss_changes":[9.157412E3,1.004292E2,8.560298E2,0E0,0E0,0E0,0E0],"parents":[2147483647,0,0,1,1,2,2],"right_children":[2,4,6,-1,-1,-1,-1],"split_conditions":[7.0104754E-1,2.0006132E-1,1E0,-2.3216248E0,-9.6004885E-1,1.689679E0,6.118207E0],"split_indices":[0,0,0,0,0,0,0],"split_type":[0,0,0,0,0,0,0],"sum_hessian":[9E0,6E0,3E0,2E0,4E0,2E0,1E0],"tree_param":{"num_deleted":"0","num_feature":"2","num_nodes":"7","size_leaf_vector":"1"}},{"base_weights":[5.438922E0,-1.5595389E1,4.0889236E1,-2.1668499E0,-8.8324463E-1,1.5770345E0,5.8122954E0],"categories":[],"categories_nodes":[],"categories_segments":[],"categories_sizes":[],"default_left":[0,0,0,0,0,0,0],"id":21,"left_children":[1,3,5,-1,-1,-1,-1],"loss_changes":[8.0944126E3,9.61189E1,8.1494824E2,0E0,0E0,0E0,0E0],"parents":[2147483647,0,0,1,1,2,2],"right_children":[2,4,6,-1,-1,-1,-1],"split_conditions":[7.0104754E-1,2.0006132E-1,1E0,-2.1668499E0,-8.8324463E-1,1.5770345E0,5.8122954E0],"split_indices":[0,0,0,0,0,0,0],"split_type":[0,0,0,0,0,0,0],"sum_hessian":[9E0,6E0,3E0,2E0,4E0,2E0,1E0],"tree_param":{"num_deleted":"0","num_feature":"2","num_nodes":"7","size_leaf_vector":"1"}},{"base_weights":[5.328952E0,-1.447158E1,3.8647644E1,-2.022393E0,-8.125855E-1,1.4718994E0,5.52168E0],"categories":[],"categories_nodes":[],"categories_segments":[],"categories_sizes":[],"default_left":[0,0,0,0,0,0,0],"id":22,"left_children":[1,3,5,-1,-1,-1,-1],"loss_changes":[7.1565703E3,9.118298E1,7.731743E2,0E0,0E0,0E0,0E0],"parents":[2147483647,0,0,1,1,2,2],"right_children":[2,4,6,-1,-1,-1,-1],"split_conditions":[7.0104754E-1,2.0006132E-1,1E0,-2.022393E0,-8.125855E-1,1.4718994E0,5.52168E0],"split_indices":[0,0,0,0,0,0,0],"split_type":[0,0,0,0,0,0,0],"sum_hessian":[9E0,6E0,3E0,2E0,4E0,2E0,1E0],"tree_param":{"num_deleted":"0","num_feature":"2","num_nodes":"7","size_leaf_vector":"1"}},{"base_weights":[5.211923E0,-1.3429413E1,3.653128E1,-1.8875662E0,-7.4757814E-1,1.3737732E0,5.2455964E0],"categories":[],"categories_nodes":[],"categories_segments":[],"categories_sizes":[],"default_left":[0,0,0,0,0,0,0],"id":23,"left_children":[1,3,5,-1,-1,-1,-1],"loss_changes":[6.32894E3,8.586426E1,7.3129443E2,0E0,0E0,0E0,0E0],"parents":[2147483647,0,0,1,1,2,2],"right_children":[2,4,6,-1,-1,-1,-1],"split_conditions":[7.0104754E-1,2.0006132E-1,1E0,-1.8875662E0,-7.4757814E-1,1.3737732E0,5.2455964E0],"split_indices":[0,0,0,0,0,0,0],"split_type":[0,0,0,0,0,0,0],"sum_hessian":[9E0,6E0,3E0,2E0,4E0,2E0,1E0],"tree_param":{"num_deleted":"0","num_feature":"2","num_nodes":"7","size_leaf_vector":"1"}},{"base_weights":[5.0891523E0,-1.2462919E1,3.453299E1,-1.4969244E0,-4.1314036E-1,1.2821879E0,4.983316E0],"categories":[],"categories_nodes":[],"categories_segments":[],"categories_sizes":[],"default_left":[0,0,0,0,0,0,0],"id":24,"left_children":[1,3,5,-1,-1,-1,-1],"loss_changes":[5.5983853E3,8.4326416E1,6.897803E2,0E0,0E0,0E0,0E0],"parents":[2147483647,0,0,1,1,2,2],"right_children":[2,4,6,-1,-1,-1,-1],"split_conditions":[7.0104754E-1,4.0008754E-1,1E0,-1.4969244E0,-4.1314036E-1,1.2821879E0,4.983316E0],"split_indices":[0,0,0,0,0,0,0],"split_type":[0,0,0,0,0,0,0],"sum_hessian":[9E0,6E0,3E0,4E0,2E0,2E0,1E0],"tree_param":{"num_deleted":"0","num_feature":"2","num_nodes":"7","size_leaf_vector":"1"}},{"base_weights":[5.015776E0,-8.490202E0,3.935979E1,-1.1489495E1,6.2524265E-1,1.1698197E0,4.7341495E0,-1.6619333E0,-6.113693E-1],"categories":[],"categories_nodes":[],"categories_segments":[],"categories_sizes":[],"default_left":[0,0,0,0,0,0,0,0,0],"id":25,"left_children":[1,3,5,7,-1,-1,-1,-1,-1],"loss_changes":[4.972668E3,4.2557697E2,1.08549805E2,9.143347E1,0E0,0E0,0E0,0E0,0E0],"parents":[2147483647,0,0,1,1,2,2,3,3],"right_children":[2,4,6,8,-1,-1,-1,-1,-1],"split_conditions":[7.9871607E-1,7.0104754E-1,1E0,2.0006132E-1,6.2524265E-1,1.1698197E0,4.7341495E0,-1.6619333E0,-6.113693E-1],"split_indices":[0,0,0,0,0,0,0,0,0],"split_type":[0,0,0,0,0,0,0,0,0],"sum_hessian":[9E0,7E0,2E0,6E0,1E0,1E0,1E0,2E0,4E0],"tree_param":{"num_deleted":"0","num_feature":"2","num_nodes":"9","size_leaf_vector":"1"}},{"base_weights":[4.939789E0,-7.847191E0,3.7391804E1,-1.1888814E1,2.8517864E0,1.1113281E0,4.4974427E0,-1.5511383E0,-6.199684E-1,-1.6621247E-1,5.9398043E-1],"categories":[],"categories_nodes":[],"categories_segments":[],"categories_sizes":[],"default_left":[0,0,0,0,0,0,0,0,0,0,0],"id":26,"left_children":[1,3,5,7,9,-1,-1,-1,-1,-1,-1],"loss_changes":[4.4430537E3,3.7983426E2,9.79668E1,2.748993E1,5.1689804E1,0E0,0E0,0E0,0E0,0E0,0E0],"parents":[2147483647,0,0,1,1,2,2,3,3,4,4],"right_children":[2,4,6,8,10,-1,-1,-1,-1,-1,-1],"split_conditions":[7.9871607E-1,4.9966386E-1,1E0,2.0006132E-1,7.0104754E-1,1.1113281E0,4.4974427E0,-1.5511383E0,-6.199684E-1,-1.6621247E-1,5.9398043E-1],"split_indices":[0,0,0,0,0,0,0,0,0,0,0],"split_type":[0,0,0,0,0,0,0,0,0,0,0],"sum_hessian":[9E0,7E0,2E0,5E0,2E0,1E0,1E0,2E0,3E0,1E0,1E0],"tree_param":{"num_deleted":"0","num_feature":"2","num_nodes":"11","size_leaf_vector":"1"}},{"base_weights":[4.832349E0,-7.2803955E0,3.5522217E1,-1.1061788E1,2.7091877E0,1.0557617E0,4.272571E0,-1.4477295E0,-5.7347107E-1,-1.5790252E-1,5.642807E-1],"categories":[],"categories_nodes":[],"categories_segments":[],"categories_sizes":[],"default_left":[0,0,0,0,0,0,0,0,0,0,0],"id":27,"left_children":[1,3,5,7,9,-1,-1,-1,-1,-1,-1],"loss_changes":[3.9760012E3,3.3216473E2,8.841504E1,2.6144897E1,4.6650085E1,0E0,0E0,0E0,0E0,0E0,0E0],"parents":[2147483647,0,0,1,1,2,2,3,3,4,4],"right_children":[2,4,6,8,10,-1,-1,-1,-1,-1,-1],"split_conditions":[7.9871607E-1,4.9966386E-1,1E0,2.0006132E-1,7.0104754E-1,1.0557617E0,4.272571E0,-1.4477295E0,-5.7347107E-1,-1.5790252E-1,5.642807E-1],"split_indices":[0,0,0,0,0,0,0,0,0,0,0],"split_type":[0,0,0,0,0,0,0,0,0,0,0],"sum_hessian":[9E0,7E0,2E0,5E0,2E0,1E0,1E0,2E0,3E0,1E0,1E0],"tree_param":{"num_deleted":"0","num_feature":"2","num_nodes":"11","size_leaf_vector":"1"}},{"base_weights":[4.7204638E0,-6.7542095E0,3.3746105E1,-9.250717E0,5.360672E-1,1.0029739E0,4.058942E0,-1.3512146E0,-4.8437166E-1],"categories":[],"categories_nodes":[],"categories_segments":[],"categories_sizes":[],"default_left":[0,0,0,0,0,0,0,0,0],"id":28,"left_children":[1,3,5,7,-1,-1,-1,-1,-1],"loss_changes":[3.5585254E3,2.915492E2,7.979443E1,6.601184E1,0E0,0E0,0E0,0E0,0E0],"parents":[2147483647,0,0,1,1,2,2,3,3],"right_children":[2,4,6,8,-1,-1,-1,-1,-1],"split_conditions":[7.9871607E-1,7.0104754E-1,1E0,2.0006132E-1,5.360672E-1,1.0029739E0,4.058942E0,-1.3512146E0,-4.8437166E-1],"split_indices":[0,0,0,0,0,0,0,0,0],"split_type":[0,0,0,0,0,0,0,0,0],"sum_hessian":[9E0,7E0,2E0,6E0,1E0,1E0,1E0,2E0,4E0],"tree_param":{"num_deleted":"0","num_feature":"2","num_nodes":"9","size_leaf_vector":"1"}},{"base_weights":[4.6246567E0,-6.241228E0,3.2058796E1,-9.599887E0,2.5564983E0,9.5282596E-1,3.8559937E0,-1.2611339E0,-4.941326E-1,-1.2578888E-1,5.0926363E-1],"categories":[],"categories_nodes":[],"categories_segments":[],"categories_sizes":[],"default_left":[0,0,0,0,0,0,0,0,0,0,0],"id":29,"left_children":[1,3,5,7,9,-1,-1,-1,-1,-1,-1],"loss_changes":[3.1810483E3,2.609306E2,7.201318E1,2.1857422E1,3.5427406E1,0E0,0E0,0E0,0E0,0E0,0E0],"parents":[2147483647,0,0,1,1,2,2,3,3,4,4],"right_children":[2,4,6,8,10,-1,-1,-1,-1,-1,-1],"split_conditions":[7.9871607E-1,4.9966386E-1,1E0,2.0006132E-1,7.0104754E-1,9.5282596E-1,3.8559937E0,-1.2611339E0,-4.941326E-1,-1.2578888E-1,5.0926363E-1],"split_indices":[0,0,0,0,0,0,0,0,0,0,0],"split_type":[0,0,0,0,0,0,0,0,0,0,0],"sum_hessian":[9E0,7E0,2E0,5E0,2E0,1E0,1E0,2E0,3E0,1E0,1E0],"tree_param":{"num_deleted":"0","num_feature":"2","num_nodes":"11","size_leaf_vector":"1"}},{"base_weights":[4.50589E0,-5.788582E0,3.045585E1,-8.932445E0,2.4286702E0,9.051849E-1,3.6631927E0,-1.177058E0,-4.570732E-1,-1.1949921E-1,4.8379976E-1],"categories":[],"categories_nodes":[],"categories_segments":[],"categories_sizes":[],"default_left":[0,0,0,0,0,0,0,0,0,0,0],"id":30,"left_children":[1,3,5,7,9,-1,-1,-1,-1,-1,-1],"loss_changes":[2.8477078E3,2.2836523E2,6.499121E1,2.047464E1,3.1973131E1,0E0,0E0,0E0,0E0,0E0,0E0],"parents":[2147483647,0,0,1,1,2,2,3,3,4,4],"right_children":[2,4,6,8,10,-1,-1,-1,-1,-1,-1],"split_conditions":[7.9871607E-1,4.9966386E-1,1E0,2.0006132E-1,7.0104754E-1,9.051849E-1,3.6631927E0,-1.177058E0,-4.570732E-1,-1.1949921E-1,4.8379976E-1],"split_indices":[0,0,0,0,0,0,0,0,0,0,0],"split_type":[0,0,0,0,0,0,0,0,0,0,0],"sum_hessian":[9E0,7E0,2E0,5E0,2E0,1E0,1E0,2E0,3E0,1E0,1E0],"tree_param":{"num_deleted":"0","num_feature":"2","num_nodes":"11","size_leaf_vector":"1"}},{"base_weights":[4.3851576E0,-5.3684483E0,2.8933054E1,-7.4485407E0,4.5961E-1,8.5992587E-1,3.4800324E0,-1.098587E0,-3.8364348E0,-4.2279243E-1,-1.1352386E-1],"categories":[],"categories_nodes":[],"categories_segments":[],"categories_sizes":[],"default_left":[0,0,0,0,0,0,0,0,0,0,0],"id":31,"left_children":[1,3,5,7,-1,-1,-1,-1,9,-1,-1],"loss_changes":[2.5496306E3,2.000517E2,5.865454E1,4.7293854E1,0E0,0E0,0E0,0E0,4.877472E-1,0E0,0E0],"parents":[2147483647,0,0,1,1,2,2,3,3,8,8],"right_children":[2,4,6,8,-1,-1,-1,-1,10,-1,-1],"split_conditions":[7.9871607E-1,7.0104754E-1,1E0,2.0006132E-1,4.5961E-1,8.5992587E-1,3.4800324E0,-1.098587E0,4.9966386E-1,-4.2279243E-1,-1.1352386E-1],"split_indices":[0,0,0,0,0,0,0,0,0,0,0],"split_type":[0,0,0,0,0,0,0,0,0,0,0],"sum_hessian":[9E0,7E0,2E0,6E0,1E0,1E0,1E0,2E0,4E0,3E0,1E0],"tree_param":{"num_deleted":"0","num_feature":"2","num_nodes":"11","size_leaf_vector":"1"}},{"base_weights":[4.2631087E0,-4.9785137E0,2.7486399E1,-6.937245E0,4.3663025E-1,8.1692964E-1,3.3060303E0,-1.194011E0,-4.113416E0,-4.504709E-1,-1.0784759E-1],"categories":[],"categories_nodes":[],"categories_segments":[],"categories_sizes":[],"default_left":[0,0,0,0,0,0,0,0,0,0,0],"id":32,"left_children":[1,3,5,7,-1,-1,-1,-1,9,-1,-1],"loss_changes":[2.2830505E3,1.7672198E2,5.2935547E1,4.977597E1,0E0,0E0,0E0,0E0,2.2670822E0,0E0,0E0],"parents":[2147483647,0,0,1,1,2,2,3,3,8,8],"right_children":[2,4,6,8,-1,-1,-1,-1,10,-1,-1],"split_conditions":[7.9871607E-1,7.0104754E-1,1E0,9.965814E-2,4.3663025E-1,8.1692964E-1,3.3060303E0,-1.194011E0,4.9966386E-1,-4.504709E-1,-1.0784759E-1],"split_indices":[0,0,0,0,0,0,0,0,0,0,0],"split_type":[0,0,0,0,0,0,0,0,0,0,0],"sum_hessian":[9E0,7E0,2E0,6E0,1E0,1E0,1E0,1E0,5E0,4E0,1E0],"tree_param":{"num_deleted":"0","num_feature":"2","num_nodes":"11","size_leaf_vector":"1"}},{"base_weights":[4.117523E0,-4.6451263E0,2.6112082E1,-6.493853E0,4.14798E-1,7.760834E-1,3.1407287E0,-1.1343101E0,-3.7951279E0,-4.144333E-1,-1.0245514E-1],"categories":[],"categories_nodes":[],"categories_segments":[],"categories_sizes":[],"default_left":[0,0,0,0,0,0,0,0,0,0,0],"id":33,"left_children":[1,3,5,7,-1,-1,-1,-1,9,-1,-1],"loss_changes":[2.0485999E3,1.5698477E2,4.7774292E1,4.855899E1,0E0,0E0,0E0,0E0,1.5589218E0,0E0,0E0],"parents":[2147483647,0,0,1,1,2,2,3,3,8,8],"right_children":[2,4,6,8,-1,-1,-1,-1,10,-1,-1],"split_conditions":[7.9871607E-1,7.0104754E-1,1E0,9.965814E-2,4.14798E-1,7.760834E-1,3.1407287E0,-1.1343101E0,4.9966386E-1,-4.144333E-1,-1.0245514E-1],"split_indices":[0,0,0,0,0,0,0,0,0,0,0],"split_type":[0,0,0,0,0,0,0,0,0,0,0],"sum_hessian":[9E0,7E0,2E0,6E0,1E0,1E0,1E0,1E0,5E0,4E0,1E0],"tree_param":{"num_deleted":"0","num_feature":"2","num_nodes":"11","size_leaf_vector":"1"}},{"base_weights":[3.9738069E0,-4.335167E0,2.4806467E1,-6.080357E0,3.9405823E-1,7.3727876E-1,2.9836915E0,-1.0775948E0,-3.5017674E0,-3.81279E-1,-9.733277E-2],"categories":[],"categories_nodes":[],"categories_segments":[],"categories_sizes":[],"default_left":[0,0,0,0,0,0,0,0,0,0,0],"id":34,"left_children":[1,3,5,7,-1,-1,-1,-1,9,-1,-1],"loss_changes":[1.8385205E3,1.3950218E2,4.3116333E1,4.702115E1,0E0,0E0,0E0,0E0,1.0073166E0,0E0,0E0],"parents":[2147483647,0,0,1,1,2,2,3,3,8,8],"right_children":[2,4,6,8,-1,-1,-1,-1,10,-1,-1],"split_conditions":[7.9871607E-1,7.0104754E-1,1E0,9.965814E-2,3.9405823E-1,7.3727876E-1,2.9836915E0,-1.0775948E0,4.9966386E-1,-3.81279E-1,-9.733277E-2],"split_indices":[0,0,0,0,0,0,0,0,0,0,0],"split_type":[0,0,0,0,0,0,0,0,0,0,0],"sum_hessian":[9E0,7E0,2E0,6E0,1E0,1E0,1E0,1E0,5E0,4E0,1E0],"tree_param":{"num_deleted":"0","num_feature":"2","num_nodes":"11","size_leaf_vector":"1"}},{"base_weights":[3.832309E0,-4.046917E0,2.3566141E1,-5.694637E0,3.743561E-1,7.004151E-1,2.8345063E0,-1.0237153E0,-3.2313588E0,-3.5077637E-1,-9.2466734E-2],"categories":[],"categories_nodes":[],"categories_segments":[],"categories_sizes":[],"default_left":[0,0,0,0,0,0,0,0,0,0,0],"id":35,"left_children":[1,3,5,7,-1,-1,-1,-1,9,-1,-1],"loss_changes":[1.6502435E3,1.2401041E2,3.891211E1,4.5246445E1,0E0,0E0,0E0,0E0,5.819626E-1,0E0,0E0],"parents":[2147483647,0,0,1,1,2,2,3,3,8,8],"right_children":[2,4,6,8,-1,-1,-1,-1,10,-1,-1],"split_conditions":[7.9871607E-1,7.0104754E-1,1E0,9.965814E-2,3.743561E-1,7.004151E-1,2.8345063E0,-1.0237153E0,4.9966386E-1,-3.5077637E-1,-9.2466734E-2],"split_indices":[0,0,0,0,0,0,0,0,0,0,0],"split_type":[0,0,0,0,0,0,0,0,0,0,0],"sum_hessian":[9E0,7E0,2E0,6E0,1E0,1E0,1E0,1E0,5E0,4E0,1E0],"tree_param":{"num_deleted":"0","num_feature":"2","num_nodes":"11","size_leaf_vector":"1"}},{"base_weights":[3.6933045E0,-3.7788048E0,2.2387827E1,-5.334743E0,3.5563812E-1,6.653946E-1,2.6927795E0,-9.725296E-1,-2.9821014E0,-3.2271487E-1,-8.784332E-2],"categories":[],"categories_nodes":[],"categories_segments":[],"categories_sizes":[],"default_left":[0,0,0,0,0,0,0,0,0,0,0],"id":36,"left_children":[1,3,5,7,-1,-1,-1,-1,9,-1,-1],"loss_changes":[1.4814744E3,1.1027716E2,3.5117798E1,4.3303955E1,0E0,0E0,0E0,0E0,2.58152E-1,0E0,0E0],"parents":[2147483647,0,0,1,1,2,2,3,3,8,8],"right_children":[2,4,6,8,-1,-1,-1,-1,10,-1,-1],"split_conditions":[7.9871607E-1,7.0104754E-1,1E0,9.965814E-2,3.5563812E-1,6.653946E-1,2.6927795E0,-9.725296E-1,4.9966386E-1,-3.2271487E-1,-8.784332E-2],"split_indices":[0,0,0,0,0,0,0,0,0,0,0],"split_type":[0,0,0,0,0,0,0,0,0,0,0],"sum_hessian":[9E0,7E0,2E0,6E0,1E0,1E0,1E0,1E0,5E0,4E0,1E0],"tree_param":{"num_deleted":"0","num_feature":"2","num_nodes":"11","size_leaf_vector":"1"}},{"base_weights":[3.5570436E0,-3.5293617E0,2.1268442E1,-6.254697E0,7.5964737E-1,6.3212436E-1,2.5581422E0,-9.239029E-1,-3.1988564E-1,-1.2395071E-1,3.3785555E-1],"categories":[],"categories_nodes":[],"categories_segments":[],"categories_sizes":[],"default_left":[0,0,0,0,0,0,0,0,0,0,0],"id":37,"left_children":[1,3,5,7,9,-1,-1,-1,-1,-1,-1],"loss_changes":[1.3301654E3,9.826326E1,3.169458E1,1.6043884E1,2.5130148E1,0E0,0E0,0E0,0E0,0E0,0E0],"parents":[2147483647,0,0,1,1,2,2,3,3,4,4],"right_children":[2,4,6,8,10,-1,-1,-1,-1,-1,-1],"split_conditions":[7.9871607E-1,4.0008754E-1,1E0,9.965814E-2,7.0104754E-1,6.3212436E-1,2.5581422E0,-9.239029E-1,-3.1988564E-1,-1.2395071E-1,3.3785555E-1],"split_indices":[0,0,0,0,0,0,0,0,0,0,0],"split_type":[0,0,0,0,0,0,0,0,0,0,0],"sum_hessian":[9E0,7E0,2E0,4E0,3E0,1E0,1E0,1E0,3E0,2E0,1E0],"tree_param":{"num_deleted":"0","num_feature":"2","num_nodes":"11","size_leaf_vector":"1"}},{"base_weights":[3.4173768E0,-3.3051605E0,2.0205017E1,-5.8779845E0,7.371597E-1,6.005188E-1,2.4302337E0,-8.7770766E-1,-2.9589424E-1,-1.1568705E-1,3.2096252E-1],"categories":[],"categories_nodes":[],"categories_segments":[],"categories_sizes":[],"default_left":[0,0,0,0,0,0,0,0,0,0,0],"id":38,"left_children":[1,3,5,7,9,-1,-1,-1,-1,-1,-1],"loss_changes":[1.1953362E3,8.753444E1,2.8603638E1,1.634201E1,2.2444818E1,0E0,0E0,0E0,0E0,0E0,0E0],"parents":[2147483647,0,0,1,1,2,2,3,3,4,4],"right_children":[2,4,6,8,10,-1,-1,-1,-1,-1,-1],"split_conditions":[7.9871607E-1,4.0008754E-1,1E0,9.965814E-2,7.0104754E-1,6.005188E-1,2.4302337E0,-8.7770766E-1,-2.9589424E-1,-1.1568705E-1,3.2096252E-1],"split_indices":[0,0,0,0,0,0,0,0,0,0,0],"split_type":[0,0,0,0,0,0,0,0,0,0,0],"sum_hessian":[9E0,7E0,2E0,4E0,3E0,1E0,1E0,1E0,3E0,2E0,1E0],"tree_param":{"num_deleted":"0","num_feature":"2","num_nodes":"11","size_leaf_vector":"1"}},{"base_weights":[3.2818832E0,-3.0956821E0,1.9194763E1,-4.4091077E0,3.0491486E-1,5.7049257E-1,2.308722E0,-8.3382267E-1,-2.3645504E0,-2.551584E-1,-7.146912E-2],"categories":[],"categories_nodes":[],"categories_segments":[],"categories_sizes":[],"default_left":[0,0,0,0,0,0,0,0,0,0,0],"id":39,"left_children":[1,3,5,7,-1,-1,-1,-1,9,-1,-1],"loss_changes":[1.0742751E3,7.8010254E1,2.5815063E1,3.6517E1,0E0,0E0,0E0,0E0,2.7881622E-2,0E0,0E0],"parents":[2147483647,0,0,1,1,2,2,3,3,8,8],"right_children":[2,4,6,8,-1,-1,-1,-1,10,-1,-1],"split_conditions":[7.9871607E-1,7.0104754E-1,1E0,9.965814E-2,3.0491486E-1,5.7049257E-1,2.308722E0,-8.3382267E-1,4.9966386E-1,-2.551584E-1,-7.146912E-2],"split_indices":[0,0,0,0,0,0,0,0,0,0,0],"split_type":[0,0,0,0,0,0,0,0,0,0,0],"sum_hessian":[9E0,7E0,2E0,6E0,1E0,1E0,1E0,1E0,5E0,4E0,1E0],"tree_param":{"num_deleted":"0","num_feature":"2","num_nodes":"11","size_leaf_vector":"1"}},{"base_weights":[3.1560638E0,-2.893055E0,1.8235025E1,-5.874958E0,7.1078494E-2,5.419678E-1,2.1932862E0,-7.9213184E-1,-2.5523987E-1,-1.3595009E-1,2.896698E-1],"categories":[],"categories_nodes":[],"categories_segments":[],"categories_sizes":[],"default_left":[0,0,0,0,0,0,0,0,0,0,0],"id":40,"left_children":[1,3,5,7,9,-1,-1,-1,-1,-1,-1],"loss_changes":[9.648993E2,7.112765E1,2.3298096E1,6.978241E0,2.414943E1,0E0,0E0,0E0,0E0,0E0,0E0],"parents":[2147483647,0,0,1,1,2,2,3,3,4,4],"right_children":[2,4,6,8,10,-1,-1,-1,-1,-1,-1],"split_conditions":[7.9871607E-1,2.9967272E-1,1E0,9.965814E-2,7.0104754E-1,5.419678E-1,2.1932862E0,-7.9213184E-1,-2.5523987E-1,-1.3595009E-1,2.896698E-1],"split_indices":[0,0,0,0,0,0,0,0,0,0,0],"split_type":[0,0,0,0,0,0,0,0,0,0,0],"sum_hessian":[9E0,7E0,2E0,3E0,4E0,1E0,1E0,1E0,2E0,3E0,1E0],"tree_param":{"num_deleted":"0","num_feature":"2","num_nodes":"11","size_leaf_vector":"1"}},{"base_weights":[3.024617E0,-2.715456E0,1.7323273E1,-5.549309E0,9.4717406E-2,5.148697E-1,2.0836213E0,-7.525253E-1,-2.382243E-1,-1.257534E-1,2.7518615E-1],"categories":[],"categories_nodes":[],"categories_segments":[],"categories_sizes":[],"default_left":[0,0,0,0,0,0,0,0,0,0,0],"id":41,"left_children":[1,3,5,7,9,-1,-1,-1,-1,-1,-1],"loss_changes":[8.677939E2,6.423456E1,2.1026245E1,7.104805E0,2.1426193E1,0E0,0E0,0E0,0E0,0E0,0E0],"parents":[2147483647,0,0,1,1,2,2,3,3,4,4],"right_children":[2,4,6,8,10,-1,-1,-1,-1,-1,-1],"split_conditions":[7.9871607E-1,2.9967272E-1,1E0,9.965814E-2,7.0104754E-1,5.148697E-1,2.0836213E0,-7.525253E-1,-2.382243E-1,-1.257534E-1,2.7518615E-1],"split_indices":[0,0,0,0,0,0,0,0,0,0,0],"split_type":[0,0,0,0,0,0,0,0,0,0,0],"sum_hessian":[9E0,7E0,2E0,3E0,4E0,1E0,1E0,1E0,2E0,3E0,1E0],"tree_param":{"num_deleted":"0","num_feature":"2","num_nodes":"11","size_leaf_vector":"1"}},{"base_weights":[2.8978744E0,-2.5490742E0,1.6457113E1,-5.2420654E0,1.15133666E-1,4.891266E-1,1.9794403E0,-7.148987E-1,-2.2234295E-1,-1.1632194E-1,2.614273E-1],"categories":[],"categories_nodes":[],"categories_segments":[],"categories_sizes":[],"default_left":[0,0,0,0,0,0,0,0,0,0,0],"id":42,"left_children":[1,3,5,7,9,-1,-1,-1,-1,-1,-1],"loss_changes":[7.805152E2,5.800104E1,1.8976013E1,7.129944E0,1.9014887E1,0E0,0E0,0E0,0E0,0E0,0E0],"parents":[2147483647,0,0,1,1,2,2,3,3,4,4],"right_children":[2,4,6,8,10,-1,-1,-1,-1,-1,-1],"split_conditions":[7.9871607E-1,2.9967272E-1,1E0,9.965814E-2,7.0104754E-1,4.891266E-1,1.9794403E0,-7.148987E-1,-2.2234295E-1,-1.1632194E-1,2.614273E-1],"split_indices":[0,0,0,0,0,0,0,0,0,0,0],"split_type":[0,0,0,0,0,0,0,0,0,0,0],"sum_hessian":[9E0,7E0,2E0,3E0,4E0,1E0,1E0,1E0,2E0,3E0,1E0],"tree_param":{"num_deleted":"0","num_feature":"2","num_nodes":"11","size_leaf_vector":"1"}},{"base_weights":[2.7757308E0,-2.3931828E0,1.5634257E1,-4.391214E0,7.02652E-1,4.646698E-1,1.8804687E0,-6.7915344E-1,-2.0932503E-1,-7.1884155E-2,2.4835663E-1],"categories":[],"categories_nodes":[],"categories_segments":[],"categories_sizes":[],"default_left":[0,0,0,0,0,0,0,0,0,0,0],"id":43,"left_children":[1,3,5,7,9,-1,-1,-1,-1,-1,-1],"loss_changes":[7.0206177E2,5.257009E1,1.712616E1,1.3362862E1,1.1911523E1,0E0,0E0,0E0,0E0,0E0,0E0],"parents":[2147483647,0,0,1,1,2,2,3,3,4,4],"right_children":[2,4,6,8,10,-1,-1,-1,-1,-1,-1],"split_conditions":[7.9871607E-1,4.0008754E-1,1E0,9.965814E-2,7.0104754E-1,4.646698E-1,1.8804687E0,-6.7915344E-1,-2.0932503E-1,-7.1884155E-2,2.4835663E-1],"split_indices":[0,0,0,0,0,0,0,0,0,0,0],"split_type":[0,0,0,0,0,0,0,0,0,0,0],"sum_hessian":[9E0,7E0,2E0,4E0,3E0,1E0,1E0,1E0,3E0,2E0,1E0],"tree_param":{"num_deleted":"0","num_feature":"2","num_nodes":"11","size_leaf_vector":"1"}},{"base_weights":[2.66147E0,-2.2428646E0,1.4852539E1,-4.677723E0,1.5359497E-1,4.4143677E-1,1.7864441E0,-6.451958E-1,-1.9356589E-1,-9.877014E-2,2.3593903E-1],"categories":[],"categories_nodes":[],"categories_segments":[],"categories_sizes":[],"default_left":[0,0,0,0,0,0,0,0,0,0,0],"id":44,"left_children":[1,3,5,7,9,-1,-1,-1,-1,-1,-1],"loss_changes":[6.3120306E2,4.7398792E1,1.5455994E1,6.9714737E0,1.4917705E1,0E0,0E0,0E0,0E0,0E0,0E0],"parents":[2147483647,0,0,1,1,2,2,3,3,4,4],"right_children":[2,4,6,8,10,-1,-1,-1,-1,-1,-1],"split_conditions":[7.9871607E-1,2.9967272E-1,1E0,9.965814E-2,7.0104754E-1,4.4143677E-1,1.7864441E0,-6.451958E-1,-1.9356589E-1,-9.877014E-2,2.3593903E-1],"split_indices":[0,0,0,0,0,0,0,0,0,0,0],"split_type":[0,0,0,0,0,0,0,0,0,0,0],"sum_hessian":[9E0,7E0,2E0,3E0,4E0,1E0,1E0,1E0,2E0,3E0,1E0],"tree_param":{"num_deleted":"0","num_feature":"2","num_nodes":"11","size_leaf_vector":"1"}},{"base_weights":[2.5479538E0,-2.1062756E0,1.4109914E1,-4.419636E0,1.6566773E-1,4.1936493E-1,1.6971222E0,-6.1293566E-1,-1.8066101E-1,-9.136277E-2,2.2414246E-1],"categories":[],"categories_nodes":[],"categories_segments":[],"categories_sizes":[],"default_left":[0,0,0,0,0,0,0,0,0,0,0],"id":45,"left_children":[1,3,5,7,9,-1,-1,-1,-1,-1,-1],"loss_changes":[5.678395E2,4.2778778E1,1.3949097E1,6.796814E0,1.32496E1,0E0,0E0,0E0,0E0,0E0,0E0],"parents":[2147483647,0,0,1,1,2,2,3,3,4,4],"right_children":[2,4,6,8,10,-1,-1,-1,-1,-1,-1],"split_conditions":[7.9871607E-1,2.9967272E-1,1E0,9.965814E-2,7.0104754E-1,4.1936493E-1,1.6971222E0,-6.1293566E-1,-1.8066101E-1,-9.136277E-2,2.2414246E-1],"split_indices":[0,0,0,0,0,0,0,0,0,0,0],"split_type":[0,0,0,0,0,0,0,0,0,0,0],"sum_hessian":[9E0,7E0,2E0,3E0,4E0,1E0,1E0,1E0,2E0,3E0,1E0],"tree_param":{"num_deleted":"0","num_feature":"2","num_nodes":"11","size_leaf_vector":"1"}},{"base_weights":[2.4387238E0,-1.9782486E0,1.3404408E1,-5.8228916E-1,-5.971723E-1,3.983963E-1,1.612265E0,-1.406484E0,2.1293488E-1,-1.7016068E-1,-5.4415893E-2],"categories":[],"categories_nodes":[],"categories_segments":[],"categories_sizes":[],"default_left":[0,0,0,0,0,0,0,0,0,0,0],"id":46,"left_children":[1,3,5,-1,7,-1,-1,9,-1,-1,-1],"loss_changes":[5.108685E2,3.9000687E1,1.2589111E1,0E0,1.8441132E1,0E0,0E0,6.010065E-1,0E0,0E0,0E0],"parents":[2147483647,0,0,1,1,2,2,4,4,7,7],"right_children":[2,4,6,-1,8,-1,-1,10,-1,-1,-1],"split_conditions":[7.9871607E-1,9.965814E-2,1E0,-5.8228916E-1,7.0104754E-1,3.983963E-1,1.612265E0,4.0008754E-1,2.1293488E-1,-1.7016068E-1,-5.4415893E-2],"split_indices":[0,0,0,0,0,0,0,0,0,0,0],"split_type":[0,0,0,0,0,0,0,0,0,0,0],"sum_hessian":[9E0,7E0,2E0,1E0,6E0,1E0,1E0,5E0,1E0,3E0,2E0],"tree_param":{"num_deleted":"0","num_feature":"2","num_nodes":"11","size_leaf_vector":"1"}},{"base_weights":[2.336528E0,-1.854662E0,1.2734192E1,-5.531746E-1,-5.3911483E-1,3.7847596E-1,1.5316528E0,-1.3032633E0,2.0228882E-1,-1.5739822E-1,-5.0788373E-2],"categories":[],"categories_nodes":[],"categories_segments":[],"categories_sizes":[],"default_left":[0,0,0,0,0,0,0,0,0,0,0],"id":47,"left_children":[1,3,5,-1,7,-1,-1,9,-1,-1,-1],"loss_changes":[4.5940344E2,3.5716774E1,1.1361969E1,0E0,1.6340612E1,0E0,0E0,4.9254513E-1,0E0,0E0,0E0],"parents":[2147483647,0,0,1,1,2,2,4,4,7,7],"right_children":[2,4,6,-1,8,-1,-1,10,-1,-1,-1],"split_conditions":[7.9871607E-1,9.965814E-2,1E0,-5.531746E-1,7.0104754E-1,3.7847596E-1,1.5316528E0,4.0008754E-1,2.0228882E-1,-1.5739822E-1,-5.0788373E-2],"split_indices":[0,0,0,0,0,0,0,0,0,0,0],"split_type":[0,0,0,0,0,0,0,0,0,0,0],"sum_hessian":[9E0,7E0,2E0,1E0,6E0,1E0,1E0,5E0,1E0,3E0,2E0],"tree_param":{"num_deleted":"0","num_feature":"2","num_nodes":"11","size_leaf_vector":"1"}},{"base_weights":[2.2379746E0,-1.7390842E0,1.2097473E1,-5.2551574E-1,-4.860513E-1,3.59552E-1,1.455069E0,-1.2076391E0,1.9217376E-1,-1.4559364E-1,-4.7402956E-2],"categories":[],"categories_nodes":[],"categories_segments":[],"categories_sizes":[],"default_left":[0,0,0,0,0,0,0,0,0,0,0],"id":48,"left_children":[1,3,5,-1,7,-1,-1,9,-1,-1,-1],"loss_changes":[4.1315656E2,3.269177E1,1.025412E1,0E0,1.4482784E1,0E0,0E0,4.0276337E-1,0E0,0E0,0E0],"parents":[2147483647,0,0,1,1,2,2,4,4,7,7],"right_children":[2,4,6,-1,8,-1,-1,10,-1,-1,-1],"split_conditions":[7.9871607E-1,9.965814E-2,1E0,-5.2551574E-1,7.0104754E-1,3.59552E-1,1.455069E0,4.0008754E-1,1.9217376E-1,-1.4559364E-1,-4.7402956E-2],"split_indices":[0,0,0,0,0,0,0,0,0,0,0],"split_type":[0,0,0,0,0,0,0,0,0,0,0],"sum_hessian":[9E0,7E0,2E0,1E0,6E0,1E0,1E0,5E0,1E0,3E0,2E0],"tree_param":{"num_deleted":"0","num_feature":"2","num_nodes":"11","size_leaf_vector":"1"}},{"base_weights":[2.1430054E0,-1.6309662E0,1.1492595E1,-4.9924013E-1,-4.3756104E-1,3.415741E-1,1.382315E0,-1.1190389E0,1.8256532E-1,-1.346737E-1,-4.424286E-2],"categories":[],"categories_nodes":[],"categories_segments":[],"categories_sizes":[],"default_left":[0,0,0,0,0,0,0,0,0,0,0],"id":49,"left_children":[1,3,5,-1,7,-1,-1,9,-1,-1,-1],"loss_changes":[3.7159485E2,2.990795E1,9.254395E0,0E0,1.2839289E1,0E0,0E0,3.2854223E-1,0E0,0E0,0E0],"parents":[2147483647,0,0,1,1,2,2,4,4,7,7],"right_children":[2,4,6,-1,8,-1,-1,10,-1,-1,-1],"split_conditions":[7.9871607E-1,9.965814E-2,1E0,-4.9924013E-1,7.0104754E-1,3.415741E-1,1.382315E0,4.0008754E-1,1.8256532E-1,-1.346737E-1,-4.424286E-2],"split_indices":[0,0,0,0,0,0,0,0,0,0,0],"split_type":[0,0,0,0,0,0,0,0,0,0,0],"sum_hessian":[9E0,7E0,2E0,1E0,6E0,1E0,1E0,5E0,1E0,3E0,2E0],"tree_param":{"num_deleted":"0","num_feature":"2","num_nodes":"11","size_leaf_vector":"1"}},{"base_weights":[2.0515335E0,-1.5298176E0,1.0917958E1,-4.7427827E-1,-3.932822E-1,3.2449493E-1,1.3131989E0,-1.0369543E0,1.734375E-1,-1.24573134E-1,-4.1293334E-2],"categories":[],"categories_nodes":[],"categories_segments":[],"categories_sizes":[],"default_left":[0,0,0,0,0,0,0,0,0,0,0],"id":50,"left_children":[1,3,5,-1,7,-1,-1,9,-1,-1,-1],"loss_changes":[3.3424033E2,2.7347933E1,8.352173E0,0E0,1.1385062E1,0E0,0E0,2.6728344E-1,0E0,0E0,0E0],"parents":[2147483647,0,0,1,1,2,2,4,4,7,7],"right_children":[2,4,6,-1,8,-1,-1,10,-1,-1,-1],"split_conditions":[7.9871607E-1,9.965814E-2,1E0,-4.7427827E-1,7.0104754E-1,3.2449493E-1,1.3131989E0,4.0008754E-1,1.734375E-1,-1.24573134E-1,-4.1293334E-2],"split_indices":[0,0,0,0,0,0,0,0,0,0,0],"split_type":[0,0,0,0,0,0,0,0,0,0,0],"sum_hessian":[9E0,7E0,2E0,1E0,6E0,1E0,1E0,5E0,1E0,3E0,2E0],"tree_param":{"num_deleted":"0","num_feature":"2","num_nodes":"11","size_leaf_vector":"1"}},{"base_weights":[1.9634812E0,-1.435175E0,1.037207E1,-4.505646E-1,-3.5287258E-1,3.0827028E-1,1.2475404E0,-9.609044E-1,1.6476594E-1,-1.1523018E-1,-3.854065E-2],"categories":[],"categories_nodes":[],"categories_segments":[],"categories_sizes":[],"default_left":[0,0,0,0,0,0,0,0,0,0,0],"id":51,"left_children":[1,3,5,-1,7,-1,-1,9,-1,-1,-1],"loss_changes":[3.0066476E2,2.4995502E1,7.5379333E0,0E0,1.0097953E1,0E0,0E0,2.1678829E-1,0E0,0E0,0E0],"parents":[2147483647,0,0,1,1,2,2,4,4,7,7],"right_children":[2,4,6,-1,8,-1,-1,10,-1,-1,-1],"split_conditions":[7.9871607E-1,9.965814E-2,1E0,-4.505646E-1,7.0104754E-1,3.0827028E-1,1.2475404E0,4.0008754E-1,1.6476594E-1,-1.1523018E-1,-3.854065E-2],"split_indices":[0,0,0,0,0,0,0,0,0,0,0],"split_type":[0,0,0,0,0,0,0,0,0,0,0],"sum_hessian":[9E0,7E0,2E0,1E0,6E0,1E0,1E0,5E0,1E0,3E0,2E0],"tree_param":{"num_deleted":"0","num_feature":"2","num_nodes":"11","size_leaf_vector":"1"}},{"base_weights":[1.8787582E0,-1.3466015E0,9.853465E0,-4.280365E-1,-3.160117E-1,2.9285738E-1,1.1851624E0,-8.9043933E-1,1.5652771E-1,-1.065876E-1,-3.597107E-2],"categories":[],"categories_nodes":[],"categories_segments":[],"categories_sizes":[],"default_left":[0,0,0,0,0,0,0,0,0,0,0],"id":52,"left_children":[1,3,5,-1,7,-1,-1,9,-1,-1,-1],"loss_changes":[2.7048166E2,2.2835407E1,6.8027344E0,0E0,8.958435E0,0E0,0E0,1.752491E-1,0E0,0E0,0E0],"parents":[2147483647,0,0,1,1,2,2,4,4,7,7],"right_children":[2,4,6,-1,8,-1,-1,10,-1,-1,-1],"split_conditions":[7.9871607E-1,9.965814E-2,1E0,-4.280365E-1,7.0104754E-1,2.9285738E-1,1.1851624E0,4.0008754E-1,1.5652771E-1,-1.065876E-1,-3.597107E-2],"split_indices":[0,0,0,0,0,0,0,0,0,0,0],"split_type":[0,0,0,0,0,0,0,0,0,0,0],"sum_hessian":[9E0,7E0,2E0,1E0,6E0,1E0,1E0,5E0,1E0,3E0,2E0],"tree_param":{"num_deleted":"0","num_feature":"2","num_nodes":"11","size_leaf_vector":"1"}},{"base_weights":[1.7972763E0,-1.2637005E0,9.360789E0,-4.0663454E-1,-2.824162E-1,2.7821502E-1,1.1259034E0,-8.2515717E-1,1.4870147E-1,-9.8593906E-2,-3.3572897E-2],"categories":[],"categories_nodes":[],"categories_segments":[],"categories_sizes":[],"default_left":[0,0,0,0,0,0,0,0,0,0,0],"id":53,"left_children":[1,3,5,-1,7,-1,-1,9,-1,-1,-1],"loss_changes":[2.433466E2,2.0853127E1,6.139282E0,0E0,7.94942E0,0E0,0E0,1.4113855E-1,0E0,0E0,0E0],"parents":[2147483647,0,0,1,1,2,2,4,4,7,7],"right_children":[2,4,6,-1,8,-1,-1,10,-1,-1,-1],"split_conditions":[7.9871607E-1,9.965814E-2,1E0,-4.0663454E-1,7.0104754E-1,2.7821502E-1,1.1259034E0,4.0008754E-1,1.4870147E-1,-9.8593906E-2,-3.3572897E-2],"split_indices":[0,0,0,0,0,0,0,0,0,0,0],"split_type":[0,0,0,0,0,0,0,0,0,0,0],"sum_hessian":[9E0,7E0,2E0,1E0,6E0,1E0,1E0,5E0,1E0,3E0,2E0],"tree_param":{"num_deleted":"0","num_feature":"2","num_nodes":"11","size_leaf_vector":"1"}},{"base_weights":[1.7189438E0,-1.1860981E0,8.892741E0,-3.8630295E-1,-2.5181797E-1,2.643036E-1,1.0696076E0,-7.646739E-1,1.4126587E-1,-8.4328614E-2,-1.8580629E-2],"categories":[],"categories_nodes":[],"categories_segments":[],"categories_sizes":[],"default_left":[0,0,0,0,0,0,0,0,0,0,0],"id":54,"left_children":[1,3,5,-1,7,-1,-1,9,-1,-1,-1],"loss_changes":[2.1894945E2,1.903525E1,5.5408325E0,0E0,7.0556803E0,0E0,0E0,1.1634874E-1,0E0,0E0,0E0],"parents":[2147483647,0,0,1,1,2,2,4,4,7,7],"right_children":[2,4,6,-1,8,-1,-1,10,-1,-1,-1],"split_conditions":[7.9871607E-1,9.965814E-2,1E0,-3.8630295E-1,7.0104754E-1,2.643036E-1,1.0696076E0,4.9966386E-1,1.4126587E-1,-8.4328614E-2,-1.8580629E-2],"split_indices":[0,0,0,0,0,0,0,0,0,0,0],"split_type":[0,0,0,0,0,0,0,0,0,0,0],"sum_hessian":[9E0,7E0,2E0,1E0,6E0,1E0,1E0,5E0,1E0,4E0,1E0],"tree_param":{"num_deleted":"0","num_feature":"2","num_nodes":"11","size_leaf_vector":"1"}},{"base_weights":[1.6456512E0,-1.1109772E0,8.44811E0,-3.6698762E-1,-2.2115217E-1,2.5108796E-1,1.0161285E0,-7.053528E-1,1.3420258E-1,-8.487473E-2,-2.7904257E-2],"categories":[],"categories_nodes":[],"categories_segments":[],"categories_sizes":[],"default_left":[0,0,0,0,0,0,0,0,0,0,0],"id":55,"left_children":[1,3,5,-1,7,-1,-1,9,-1,-1,-1],"loss_changes":[1.9690417E2,1.7404177E1,5.0007935E0,0E0,6.2448435E0,0E0,0E0,1.2994647E-1,0E0,0E0,0E0],"parents":[2147483647,0,0,1,1,2,2,4,4,7,7],"right_children":[2,4,6,-1,8,-1,-1,10,-1,-1,-1],"split_conditions":[7.9871607E-1,9.965814E-2,1E0,-3.6698762E-1,7.0104754E-1,2.5108796E-1,1.0161285E0,4.0008754E-1,1.3420258E-1,-8.487473E-2,-2.7904257E-2],"split_indices":[0,0,0,0,0,0,0,0,0,0,0],"split_type":[0,0,0,0,0,0,0,0,0,0,0],"sum_hessian":[9E0,7E0,2E0,1E0,6E0,1E0,1E0,5E0,1E0,3E0,2E0],"tree_param":{"num_deleted":"0","num_feature":"2","num_nodes":"11","size_leaf_vector":"1"}},{"base_weights":[1.5732483E0,-1.0430794E0,8.025706E0,-3.4863815E-1,-1.9598171E-1,2.3853302E-1,9.653229E-1,-6.5361786E-1,1.2749176E-1,-8.714905E-2,-3.2680895E-2],"categories":[],"categories_nodes":[],"categories_segments":[],"categories_sizes":[],"default_left":[0,0,0,0,0,0,0,0,0,0,0],"id":56,"left_children":[1,3,5,-1,7,-1,-1,9,-1,-1,-1],"loss_changes":[1.7718887E2,1.5874456E1,4.513382E0,0E0,5.545266E0,0E0,0E0,1.4240527E-1,0E0,0E0,0E0],"parents":[2147483647,0,0,1,1,2,2,4,4,7,7],"right_children":[2,4,6,-1,8,-1,-1,10,-1,-1,-1],"split_conditions":[7.9871607E-1,9.965814E-2,1E0,-3.4863815E-1,7.0104754E-1,2.3853302E-1,9.653229E-1,2.9967272E-1,1.2749176E-1,-8.714905E-2,-3.2680895E-2],"split_indices":[0,0,0,0,0,0,0,0,0,0,0],"split_type":[0,0,0,0,0,0,0,0,0,0,0],"sum_hessian":[9E0,7E0,2E0,1E0,6E0,1E0,1E0,5E0,1E0,2E0,3E0],"tree_param":{"num_deleted":"0","num_feature":"2","num_nodes":"11","size_leaf_vector":"1"}},{"base_weights":[1.5022094E0,-9.813957E-1,7.62442E0,-3.3120653E-1,-1.752908E-1,2.2660676E-1,9.1705626E-1,-6.08228E-1,1.2111664E-1,-8.133952E-2,-3.0229568E-2],"categories":[],"categories_nodes":[],"categories_segments":[],"categories_sizes":[],"default_left":[0,0,0,0,0,0,0,0,0,0,0],"id":57,"left_children":[1,3,5,-1,7,-1,-1,9,-1,-1,-1],"loss_changes":[1.595341E2,1.4449537E1,4.073227E0,0E0,4.938408E0,0E0,0E0,1.3071775E-1,0E0,0E0,0E0],"parents":[2147483647,0,0,1,1,2,2,4,4,7,7],"right_children":[2,4,6,-1,8,-1,-1,10,-1,-1,-1],"split_conditions":[7.9871607E-1,9.965814E-2,1E0,-3.3120653E-1,7.0104754E-1,2.2660676E-1,9.1705626E-1,2.9967272E-1,1.2111664E-1,-8.133952E-2,-3.0229568E-2],"split_indices":[0,0,0,0,0,0,0,0,0,0,0],"split_type":[0,0,0,0,0,0,0,0,0,0,0],"sum_hessian":[9E0,7E0,2E0,1E0,6E0,1E0,1E0,5E0,1E0,2E0,3E0],"tree_param":{"num_deleted":"0","num_feature":"2","num_nodes":"11","size_leaf_vector":"1"}},{"base_weights":[1.434192E0,-9.234619E-1,7.2432046E0,-3.1464615E-1,-1.5639605E-1,2.152771E-1,8.712036E-1,-5.659968E-1,1.1506043E-1,-7.591655E-2,-2.7962113E-2],"categories":[],"categories_nodes":[],"categories_segments":[],"categories_sizes":[],"default_left":[0,0,0,0,0,0,0,0,0,0,0],"id":58,"left_children":[1,3,5,-1,7,-1,-1,9,-1,-1,-1],"loss_changes":[1.4364523E2,1.3149404E1,3.675949E0,0E0,4.398677E0,0E0,0E0,1.1963415E-1,0E0,0E0,0E0],"parents":[2147483647,0,0,1,1,2,2,4,4,7,7],"right_children":[2,4,6,-1,8,-1,-1,10,-1,-1,-1],"split_conditions":[7.9871607E-1,9.965814E-2,1E0,-3.1464615E-1,7.0104754E-1,2.152771E-1,8.712036E-1,2.9967272E-1,1.1506043E-1,-7.591655E-2,-2.7962113E-2],"split_indices":[0,0,0,0,0,0,0,0,0,0,0],"split_type":[0,0,0,0,0,0,0,0,0,0,0],"sum_hessian":[9E0,7E0,2E0,1E0,6E0,1E0,1E0,5E0,1E0,2E0,3E0],"tree_param":{"num_deleted":"0","num_feature":"2","num_nodes":"11","size_leaf_vector":"1"}},{"base_weights":[1.3690751E0,-8.6904716E-1,6.8810425E0,-2.9891357E-1,-1.3915798E-1,2.0451355E-1,8.2764286E-1,-5.267105E-1,1.0930786E-1,-7.0855714E-2,-2.5864793E-2],"categories":[],"categories_nodes":[],"categories_segments":[],"categories_sizes":[],"default_left":[0,0,0,0,0,0,0,0,0,0,0],"id":59,"left_children":[1,3,5,-1,7,-1,-1,9,-1,-1,-1],"loss_changes":[1.2934451E2,1.1963476E1,3.317459E0,0E0,3.9186308E0,0E0,0E0,1.0921085E-1,0E0,0E0,0E0],"parents":[2147483647,0,0,1,1,2,2,4,4,7,7],"right_children":[2,4,6,-1,8,-1,-1,10,-1,-1,-1],"split_conditions":[7.9871607E-1,9.965814E-2,1E0,-2.9891357E-1,7.0104754E-1,2.0451355E-1,8.2764286E-1,2.9967272E-1,1.0930786E-1,-7.0855714E-2,-2.5864793E-2],"split_indices":[0,0,0,0,0,0,0,0,0,0,0],"split_type":[0,0,0,0,0,0,0,0,0,0,0],"sum_hessian":[9E0,7E0,2E0,1E0,6E0,1E0,1E0,5E0,1E0,2E0,3E0],"tree_param":{"num_deleted":"0","num_feature":"2","num_nodes":"11","size_leaf_vector":"1"}},{"base_weights":[1.306752E0,-8.179302E-1,6.5369873E0,-2.8396758E-1,-1.2344142E-1,1.942871E-1,7.86261E-1,-4.9015555E-1,1.0384216E-1,-6.613159E-2,-2.3924638E-2],"categories":[],"categories_nodes":[],"categories_segments":[],"categories_sizes":[],"default_left":[0,0,0,0,0,0,0,0,0,0,0],"id":60,"left_children":[1,3,5,-1,7,-1,-1,9,-1,-1,-1],"loss_changes":[1.1647269E2,1.0882103E1,2.994156E0,0E0,3.4914892E0,0E0,0E0,9.945691E-2,0E0,0E0,0E0],"parents":[2147483647,0,0,1,1,2,2,4,4,7,7],"right_children":[2,4,6,-1,8,-1,-1,10,-1,-1,-1],"split_conditions":[7.9871607E-1,9.965814E-2,1E0,-2.8396758E-1,7.0104754E-1,1.942871E-1,7.86261E-1,2.9967272E-1,1.0384216E-1,-6.613159E-2,-2.3924638E-2],"split_indices":[0,0,0,0,0,0,0,0,0,0,0],"split_type":[0,0,0,0,0,0,0,0,0,0,0],"sum_hessian":[9E0,7E0,2E0,1E0,6E0,1E0,1E0,5E0,1E0,2E0,3E0],"tree_param":{"num_deleted":"0","num_feature":"2","num_nodes":"11","size_leaf_vector":"1"}},{"base_weights":[1.2471145E0,-7.699108E-1,6.210144E0,-2.6976928E-1,-1.0912868E-1,1.8457337E-1,7.4694824E-1,-4.5614877E-1,9.86496E-2,-6.1722822E-2,-2.2130204E-2],"categories":[],"categories_nodes":[],"categories_segments":[],"categories_sizes":[],"default_left":[0,0,0,0,0,0,0,0,0,0,0],"id":61,"left_children":[1,3,5,-1,7,-1,-1,9,-1,-1,-1],"loss_changes":[1.0488682E2,9.896357E0,2.7021408E0,0E0,3.1114154E0,0E0,0E0,9.037995E-2,0E0,0E0,0E0],"parents":[2147483647,0,0,1,1,2,2,4,4,7,7],"right_children":[2,4,6,-1,8,-1,-1,10,-1,-1,-1],"split_conditions":[7.9871607E-1,9.965814E-2,1E0,-2.6976928E-1,7.0104754E-1,1.8457337E-1,7.4694824E-1,2.9967272E-1,9.86496E-2,-6.1722822E-2,-2.2130204E-2],"split_indices":[0,0,0,0,0,0,0,0,0,0,0],"split_type":[0,0,0,0,0,0,0,0,0,0,0],"sum_hessian":[9E0,7E0,2E0,1E0,6E0,1E0,1E0,5E0,1E0,2E0,3E0],"tree_param":{"num_deleted":"0","num_feature":"2","num_nodes":"11","size_leaf_vector":"1"}},{"base_weights":[1.1900558E0,-7.247944E-1,5.8996377E0,-2.562805E-1,-9.6106395E-2,1.7534485E-1,7.0960087E-1,-4.2451224E-1,9.3716435E-2,-5.7608034E-2,-2.0470811E-2],"categories":[],"categories_nodes":[],"categories_segments":[],"categories_sizes":[],"default_left":[0,0,0,0,0,0,0,0,0,0,0],"id":62,"left_children":[1,3,5,-1,7,-1,-1,9,-1,-1,-1],"loss_changes":[9.4457466E1,8.99798E0,2.4386444E0,0E0,2.7731626E0,0E0,0E0,8.196354E-2,0E0,0E0,0E0],"parents":[2147483647,0,0,1,1,2,2,4,4,7,7],"right_children":[2,4,6,-1,8,-1,-1,10,-1,-1,-1],"split_conditions":[7.9871607E-1,9.965814E-2,1E0,-2.562805E-1,7.0104754E-1,1.7534485E-1,7.0960087E-1,2.9967272E-1,9.3716435E-2,-5.7608034E-2,-2.0470811E-2],"split_indices":[0,0,0,0,0,0,0,0,0,0,0],"split_type":[0,0,0,0,0,0,0,0,0,0,0],"sum_hessian":[9E0,7E0,2E0,1E0,6E0,1E0,1E0,5E0,1E0,2E0,3E0],"tree_param":{"num_deleted":"0","num_feature":"2","num_nodes":"11","size_leaf_vector":"1"}},{"base_weights":[1.1354812E0,-6.82394E-1,5.604655E0,-2.4346618E-1,-8.4261216E-2,1.6657715E-1,6.741211E-1,-3.9507294E-1,8.903046E-2,-4.889183E-2,-1.3825481E-2],"categories":[],"categories_nodes":[],"categories_segments":[],"categories_sizes":[],"default_left":[0,0,0,0,0,0,0,0,0,0,0],"id":63,"left_children":[1,3,5,-1,7,-1,-1,9,-1,-1,-1],"loss_changes":[8.5068596E1,8.1795635E0,2.200966E0,0E0,2.4720807E0,0E0,0E0,7.701182E-2,0E0,0E0,0E0],"parents":[2147483647,0,0,1,1,2,2,4,4,7,7],"right_children":[2,4,6,-1,8,-1,-1,10,-1,-1,-1],"split_conditions":[7.9871607E-1,9.965814E-2,1E0,-2.4346618E-1,7.0104754E-1,1.6657715E-1,6.741211E-1,4.0008754E-1,8.903046E-2,-4.889183E-2,-1.3825481E-2],"split_indices":[0,0,0,0,0,0,0,0,0,0,0],"split_type":[0,0,0,0,0,0,0,0,0,0,0],"sum_hessian":[9E0,7E0,2E0,1E0,6E0,1E0,1E0,5E0,1E0,3E0,2E0],"tree_param":{"num_deleted":"0","num_feature":"2","num_nodes":"11","size_leaf_vector":"1"}},{"base_weights":[1.084288E0,-6.412983E-1,5.3244224E0,-2.3129272E-1,-7.207598E-2,1.582489E-1,6.404144E-1,-3.660202E-1,8.457947E-2,-5.0508626E-2,-1.7021561E-2],"categories":[],"categories_nodes":[],"categories_segments":[],"categories_sizes":[],"default_left":[0,0,0,0,0,0,0,0,0,0,0],"id":64,"left_children":[1,3,5,-1,7,-1,-1,9,-1,-1,-1],"loss_changes":[7.658172E1,7.4455214E0,1.9862595E0,0E0,2.1981974E0,0E0,0E0,7.7405155E-2,0E0,0E0,0E0],"parents":[2147483647,0,0,1,1,2,2,4,4,7,7],"right_children":[2,4,6,-1,8,-1,-1,10,-1,-1,-1],"split_conditions":[7.9871607E-1,9.965814E-2,1E0,-2.3129272E-1,7.0104754E-1,1.582489E-1,6.404144E-1,2.9967272E-1,8.457947E-2,-5.0508626E-2,-1.7021561E-2],"split_indices":[0,0,0,0,0,0,0,0,0,0,0],"split_type":[0,0,0,0,0,0,0,0,0,0,0],"sum_hessian":[9E0,7E0,2E0,1E0,6E0,1E0,1E0,5E0,1E0,2E0,3E0],"tree_param":{"num_deleted":"0","num_feature":"2","num_nodes":"11","size_leaf_vector":"1"}},{"base_weights":[1.0342972E0,-6.039486E-1,5.058187E0,-2.197281E-1,-6.2432427E-2,1.503357E-1,6.0839236E-1,-3.4067026E-1,8.0349736E-2,-4.714152E-2,-1.5744401E-2],"categories":[],"categories_nodes":[],"categories_segments":[],"categories_sizes":[],"default_left":[0,0,0,0,0,0,0,0,0,0,0],"id":65,"left_children":[1,3,5,-1,7,-1,-1,9,-1,-1,-1],"loss_changes":[6.897608E1,6.7653403E0,1.7926483E0,0E0,1.9602687E0,0E0,0E0,6.951392E-2,0E0,0E0,0E0],"parents":[2147483647,0,0,1,1,2,2,4,4,7,7],"right_children":[2,4,6,-1,8,-1,-1,10,-1,-1,-1],"split_conditions":[7.9871607E-1,9.965814E-2,1E0,-2.197281E-1,7.0104754E-1,1.503357E-1,6.0839236E-1,2.9967272E-1,8.0349736E-2,-4.714152E-2,-1.5744401E-2],"split_indices":[0,0,0,0,0,0,0,0,0,0,0],"split_type":[0,0,0,0,0,0,0,0,0,0,0],"sum_hessian":[9E0,7E0,2E0,1E0,6E0,1E0,1E0,5E0,1E0,2E0,3E0],"tree_param":{"num_deleted":"0","num_feature":"2","num_nodes":"11","size_leaf_vector":"1"}},{"base_weights":[9.865128E-1,-5.688381E-1,4.8052773E0,-2.0874177E-1,-5.369568E-2,1.4281921E-1,5.779724E-1,-3.1708527E-1,7.633209E-2,-4.399923E-2,-1.456337E-2],"categories":[],"categories_nodes":[],"categories_segments":[],"categories_sizes":[],"default_left":[0,0,0,0,0,0,0,0,0,0,0],"id":66,"left_children":[1,3,5,-1,7,-1,-1,9,-1,-1,-1],"loss_changes":[6.2128613E1,6.1461926E0,1.6178207E0,0E0,1.7483935E0,0E0,0E0,6.2357903E-2,0E0,0E0,0E0],"parents":[2147483647,0,0,1,1,2,2,4,4,7,7],"right_children":[2,4,6,-1,8,-1,-1,10,-1,-1,-1],"split_conditions":[7.9871607E-1,9.965814E-2,1E0,-2.0874177E-1,7.0104754E-1,1.4281921E-1,5.779724E-1,2.9967272E-1,7.633209E-2,-4.399923E-2,-1.456337E-2],"split_indices":[0,0,0,0,0,0,0,0,0,0,0],"split_type":[0,0,0,0,0,0,0,0,0,0,0],"sum_hessian":[9E0,7E0,2E0,1E0,6E0,1E0,1E0,5E0,1E0,2E0,3E0],"tree_param":{"num_deleted":"0","num_feature":"2","num_nodes":"11","size_leaf_vector":"1"}},{"base_weights":[9.408401E-1,-5.358257E-1,4.5650024E0,-1.9830476E-1,-4.5787267E-2,1.356781E-1,5.4907227E-1,-2.9513803E-1,7.251587E-2,-4.106547E-2,-1.3471603E-1,-1.5272522E-2,-4.0344237E-3],"categories":[],"categories_nodes":[],"categories_segments":[],"categories_sizes":[],"default_left":[0,0,0,0,0,0,0,0,0,0,0,0,0],"id":67,"left_children":[1,3,5,-1,7,-1,-1,9,-1,-1,11,-1,-1],"loss_changes":[5.596281E1,5.582756E0,1.4600372E0,0E0,1.5596738E0,0E0,0E0,5.586672E-2,0E0,0E0,6.3665956E-4,0E0,0E0],"parents":[2147483647,0,0,1,1,2,2,4,4,7,7,10,10],"right_children":[2,4,6,-1,8,-1,-1,10,-1,-1,12,-1,-1],"split_conditions":[7.9871607E-1,9.965814E-2,1E0,-1.9830476E-1,7.0104754E-1,1.356781E-1,5.4907227E-1,2.9967272E-1,7.251587E-2,-4.106547E-2,4.9966386E-1,-1.5272522E-2,-4.0344237E-3],"split_indices":[0,0,0,0,0,0,0,0,0,0,0,0,0],"split_type":[0,0,0,0,0,0,0,0,0,0,0,0,0],"sum_hessian":[9E0,7E0,2E0,1E0,6E0,1E0,1E0,5E0,1E0,2E0,3E0,2E0,1E0],"tree_param":{"num_deleted":"0","num_feature":"2","num_nodes":"13","size_leaf_vector":"1"}},{"base_weights":[8.966141E-1,-5.0551414E-1,4.3367515E0,-1.5345764E0,9.326935E-2,1.2889405E-1,5.2161866E-1,-1.8838958E-1,-4.1796874E-2,-1.6363831E-1,6.8890385E-2,-1.8538285E-2,-3.8330078E-3],"categories":[],"categories_nodes":[],"categories_segments":[],"categories_sizes":[],"default_left":[0,0,0,0,0,0,0,0,0,0,0,0,0],"id":68,"left_children":[1,3,5,7,9,-1,-1,-1,-1,11,-1,-1,-1],"loss_changes":[5.042743E1,5.072613E0,1.3176994E0,3.8274908E-1,1.0308692E0,0E0,0E0,0E0,0E0,6.5181106E-3,0E0,0E0,0E0],"parents":[2147483647,0,0,1,1,2,2,3,3,4,4,9,9],"right_children":[2,4,6,8,10,-1,-1,-1,-1,12,-1,-1,-1],"split_conditions":[7.9871607E-1,2.0006132E-1,1E0,9.965814E-2,7.0104754E-1,1.2889405E-1,5.2161866E-1,-1.8838958E-1,-4.1796874E-2,4.9966386E-1,6.8890385E-2,-1.8538285E-2,-3.8330078E-3],"split_indices":[0,0,0,0,0,0,0,0,0,0,0,0,0],"split_type":[0,0,0,0,0,0,0,0,0,0,0,0,0],"sum_hessian":[9E0,7E0,2E0,2E0,5E0,1E0,1E0,1E0,1E0,4E0,1E0,3E0,1E0],"tree_param":{"num_deleted":"0","num_feature":"2","num_nodes":"13","size_leaf_vector":"1"}},{"base_weights":[8.5363925E-1,-4.7791862E-1,4.1199136E0,-1.4578501E0,9.170023E-2,1.22448735E-1,4.9553832E-1,-1.7897034E-1,-3.9707184E-2,-1.517456E-1,6.544647E-2,-1.7147828E-2,-3.6407472E-3],"categories":[],"categories_nodes":[],"categories_segments":[],"categories_sizes":[],"default_left":[0,0,0,0,0,0,0,0,0,0,0,0,0],"id":69,"left_children":[1,3,5,7,9,-1,-1,-1,-1,11,-1,-1,-1],"loss_changes":[4.546132E1,4.599185E0,1.1893196E0,3.454275E-1,9.213282E-1,0E0,0E0,0E0,0E0,5.1365495E-3,0E0,0E0,0E0],"parents":[2147483647,0,0,1,1,2,2,3,3,4,4,9,9],"right_children":[2,4,6,8,10,-1,-1,-1,-1,12,-1,-1,-1],"split_conditions":[7.9871607E-1,2.0006132E-1,1E0,9.965814E-2,7.0104754E-1,1.22448735E-1,4.9553832E-1,-1.7897034E-1,-3.9707184E-2,4.9966386E-1,6.544647E-2,-1.7147828E-2,-3.6407472E-3],"split_indices":[0,0,0,0,0,0,0,0,0,0,0,0,0],"split_type":[0,0,0,0,0,0,0,0,0,0,0,0,0],"sum_hessian":[9E0,7E0,2E0,2E0,5E0,1E0,1E0,1E0,1E0,4E0,1E0,3E0,1E0],"tree_param":{"num_deleted":"0","num_feature":"2","num_nodes":"13","size_leaf_vector":"1"}},{"base_weights":[8.126709E-1,-4.518814E-1,3.9139202E0,-1.3849589E0,8.997091E-2,1.16326906E-1,4.7076112E-1,-1.7002182E-1,-3.7722018E-2,-1.4072876E-1,6.2173463E-2,-1.5861511E-2,-3.4591674E-3],"categories":[],"categories_nodes":[],"categories_segments":[],"categories_sizes":[],"default_left":[0,0,0,0,0,0,0,0,0,0,0,0,0],"id":70,"left_children":[1,3,5,7,9,-1,-1,-1,-1,11,-1,-1,-1],"loss_changes":[4.0985546E1,4.1693277E0,1.0732841E0,3.117404E-1,8.235622E-1,0E0,0E0,0E0,0E0,4.005268E-3,0E0,0E0,0E0],"parents":[2147483647,0,0,1,1,2,2,3,3,4,4,9,9],"right_children":[2,4,6,8,10,-1,-1,-1,-1,12,-1,-1,-1],"split_conditions":[7.9871607E-1,2.0006132E-1,1E0,9.965814E-2,7.0104754E-1,1.16326906E-1,4.7076112E-1,-1.7002182E-1,-3.7722018E-2,4.9966386E-1,6.2173463E-2,-1.5861511E-2,-3.4591674E-3],"split_indices":[0,0,0,0,0,0,0,0,0,0,0,0,0],"split_type":[0,0,0,0,0,0,0,0,0,0,0,0,0],"sum_hessian":[9E0,7E0,2E0,2E0,5E0,1E0,1E0,1E0,1E0,4E0,1E0,3E0,1E0],"tree_param":{"num_deleted":"0","num_feature":"2","num_nodes":"13","size_leaf_vector":"1"}},{"base_weights":[7.7362216E-1,-4.2730522E-1,3.718221E0,-1.3157095E0,8.811442E-2,1.1051025E-1,4.4722292E-1,-1.6152039E-1,-3.583603E-2,-1.3052368E-1,5.906525E-2,-1.4672088E-2,-3.2867433E-3],"categories":[],"categories_nodes":[],"categories_segments":[],"categories_sizes":[],"default_left":[0,0,0,0,0,0,0,0,0,0,0,0,0],"id":71,"left_children":[1,3,5,7,9,-1,-1,-1,-1,11,-1,-1,-1],"loss_changes":[3.6951305E1,3.779141E0,9.686661E-1,2.8133726E-1,7.3633796E-1,0E0,0E0,0E0,0E0,3.0864477E-3,0E0,0E0,0E0],"parents":[2147483647,0,0,1,1,2,2,3,3,4,4,9,9],"right_children":[2,4,6,8,10,-1,-1,-1,-1,12,-1,-1,-1],"split_conditions":[7.9871607E-1,2.0006132E-1,1E0,9.965814E-2,7.0104754E-1,1.1051025E-1,4.4722292E-1,-1.6152039E-1,-3.583603E-2,4.9966386E-1,5.906525E-2,-1.4672088E-2,-3.2867433E-3],"split_indices":[0,0,0,0,0,0,0,0,0,0,0,0,0],"split_type":[0,0,0,0,0,0,0,0,0,0,0,0,0],"sum_hessian":[9E0,7E0,2E0,2E0,5E0,1E0,1E0,1E0,1E0,4E0,1E0,3E0,1E0],"tree_param":{"num_deleted":"0","num_feature":"2","num_nodes":"13","size_leaf_vector":"1"}},{"base_weights":[7.364151E-1,-4.0410042E-1,3.532318E0,-1.2499237E0,8.616129E-2,1.0498505E-1,4.2486268E-1,-1.5344468E-1,-3.4043886E-2,-1.2105713E-1,5.6112673E-2,-1.3571167E-2,-3.1219483E-3],"categories":[],"categories_nodes":[],"categories_segments":[],"categories_sizes":[],"default_left":[0,0,0,0,0,0,0,0,0,0,0,0,0],"id":72,"left_children":[1,3,5,7,9,-1,-1,-1,-1,11,-1,-1,-1],"loss_changes":[3.3315117E1,3.4250934E0,8.74218E-1,2.5392294E-1,6.584579E-1,0E0,0E0,0E0,0E0,2.345793E-3,0E0,0E0,0E0],"parents":[2147483647,0,0,1,1,2,2,3,3,4,4,9,9],"right_children":[2,4,6,8,10,-1,-1,-1,-1,12,-1,-1,-1],"split_conditions":[7.9871607E-1,2.0006132E-1,1E0,9.965814E-2,7.0104754E-1,1.0498505E-1,4.2486268E-1,-1.5344468E-1,-3.4043886E-2,4.9966386E-1,5.6112673E-2,-1.3571167E-2,-3.1219483E-3],"split_indices":[0,0,0,0,0,0,0,0,0,0,0,0,0],"split_type":[0,0,0,0,0,0,0,0,0,0,0,0,0],"sum_hessian":[9E0,7E0,2E0,2E0,5E0,1E0,1E0,1E0,1E0,4E0,1E0,3E0,1E0],"tree_param":{"num_deleted":"0","num_feature":"2","num_nodes":"13","size_leaf_vector":"1"}},{"base_weights":[7.009476E-1,-3.8220406E-1,3.3557026E0,-1.1874288E0,8.4108986E-2,9.973603E-2,4.0361938E-1,-1.4577256E-1,-3.2341767E-2,-1.1229553E-1,5.330658E-2,-1.2553788E-2,-2.9663087E-3],"categories":[],"categories_nodes":[],"categories_segments":[],"categories_sizes":[],"default_left":[0,0,0,0,0,0,0,0,0,0,0,0,0],"id":73,"left_children":[1,3,5,7,9,-1,-1,-1,-1,11,-1,-1,-1],"loss_changes":[3.0037588E1,3.1037679E0,7.889557E-1,2.2916412E-1,5.8892375E-1,0E0,0E0,0E0,0E0,1.7473921E-3,0E0,0E0,0E0],"parents":[2147483647,0,0,1,1,2,2,3,3,4,4,9,9],"right_children":[2,4,6,8,10,-1,-1,-1,-1,12,-1,-1,-1],"split_conditions":[7.9871607E-1,2.0006132E-1,1E0,9.965814E-2,7.0104754E-1,9.973603E-2,4.0361938E-1,-1.4577256E-1,-3.2341767E-2,4.9966386E-1,5.330658E-2,-1.2553788E-2,-2.9663087E-3],"split_indices":[0,0,0,0,0,0,0,0,0,0,0,0,0],"split_type":[0,0,0,0,0,0,0,0,0,0,0,0,0],"sum_hessian":[9E0,7E0,2E0,2E0,5E0,1E0,1E0,1E0,1E0,4E0,1E0,3E0,1E0],"tree_param":{"num_deleted":"0","num_feature":"2","num_nodes":"13","size_leaf_vector":"1"}},{"base_weights":[6.6715544E-1,-3.6152458E-1,3.187917E0,-1.1280569E0,8.199564E-2,9.474945E-2,3.834381E-1,-1.384842E-1,-3.0724335E-2,-1.041687E-1,5.064087E-2,-1.16119385E-2,-2.8182983E-3],"categories":[],"categories_nodes":[],"categories_segments":[],"categories_sizes":[],"default_left":[0,0,0,0,0,0,0,0,0,0,0,0,0],"id":74,"left_children":[1,3,5,7,9,-1,-1,-1,-1,11,-1,-1,-1],"loss_changes":[2.7083084E1,2.8122761E0,7.120018E-1,2.0683455E-1,5.268154E-1,0E0,0E0,0E0,0E0,1.2678131E-3,0E0,0E0,0E0],"parents":[2147483647,0,0,1,1,2,2,3,3,4,4,9,9],"right_children":[2,4,6,8,10,-1,-1,-1,-1,12,-1,-1,-1],"split_conditions":[7.9871607E-1,2.0006132E-1,1E0,9.965814E-2,7.0104754E-1,9.474945E-2,3.834381E-1,-1.384842E-1,-3.0724335E-2,4.9966386E-1,5.064087E-2,-1.16119385E-2,-2.8182983E-3],"split_indices":[0,0,0,0,0,0,0,0,0,0,0,0,0],"split_type":[0,0,0,0,0,0,0,0,0,0,0,0,0],"sum_hessian":[9E0,7E0,2E0,2E0,5E0,1E0,1E0,1E0,1E0,4E0,1E0,3E0,1E0],"tree_param":{"num_deleted":"0","num_feature":"2","num_nodes":"13","size_leaf_vector":"1"}},{"base_weights":[6.3496095E-1,-3.4199524E-1,3.0285237E0,-1.0716501E0,7.9831444E-2,9.00116E-2,3.6426696E-1,-1.3155976E-1,-2.9187774E-2,-9.664001E-2,4.810944E-2,-1.0741043E-2,-2.6779175E-3],"categories":[],"categories_nodes":[],"categories_segments":[],"categories_sizes":[],"default_left":[0,0,0,0,0,0,0,0,0,0,0,0,0],"id":75,"left_children":[1,3,5,7,9,-1,-1,-1,-1,11,-1,-1,-1],"loss_changes":[2.4419802E1,2.5478547E0,6.4263153E-1,1.8667674E-1,4.713617E-1,0E0,0E0,0E0,0E0,8.8578835E-4,0E0,0E0,0E0],"parents":[2147483647,0,0,1,1,2,2,3,3,4,4,9,9],"right_children":[2,4,6,8,10,-1,-1,-1,-1,12,-1,-1,-1],"split_conditions":[7.9871607E-1,2.0006132E-1,1E0,9.965814E-2,7.0104754E-1,9.00116E-2,3.6426696E-1,-1.3155976E-1,-2.9187774E-2,4.9966386E-1,4.810944E-2,-1.0741043E-2,-2.6779175E-3],"split_indices":[0,0,0,0,0,0,0,0,0,0,0,0,0],"split_type":[0,0,0,0,0,0,0,0,0,0,0,0,0],"sum_hessian":[9E0,7E0,2E0,2E0,5E0,1E0,1E0,1E0,1E0,4E0,1E0,3E0,1E0],"tree_param":{"num_deleted":"0","num_feature":"2","num_nodes":"13","size_leaf_vector":"1"}},{"base_weights":[6.0428923E-1,-3.2354927E-1,2.8770955E0,-1.0180664E0,7.763418E-2,8.5510254E-2,3.4605408E-1,-1.24981694E-1,-2.7728273E-2,-8.965759E-2,4.570465E-2,-9.935379E-3,-2.54364E-3],"categories":[],"categories_nodes":[],"categories_segments":[],"categories_sizes":[],"default_left":[0,0,0,0,0,0,0,0,0,0,0,0,0],"id":76,"left_children":[1,3,5,7,9,-1,-1,-1,-1,11,-1,-1,-1],"loss_changes":[2.2018854E1,2.3080668E0,5.800495E-1,1.6847825E-1,4.2181307E-1,0E0,0E0,0E0,0E0,5.863048E-4,0E0,0E0,0E0],"parents":[2147483647,0,0,1,1,2,2,3,3,4,4,9,9],"right_children":[2,4,6,8,10,-1,-1,-1,-1,12,-1,-1,-1],"split_conditions":[7.9871607E-1,2.0006132E-1,1E0,9.965814E-2,7.0104754E-1,8.5510254E-2,3.4605408E-1,-1.24981694E-1,-2.7728273E-2,4.9966386E-1,4.570465E-2,-9.935379E-3,-2.54364E-3],"split_indices":[0,0,0,0,0,0,0,0,0,0,0,0,0],"split_type":[0,0,0,0,0,0,0,0,0,0,0,0,0],"sum_hessian":[9E0,7E0,2E0,2E0,5E0,1E0,1E0,1E0,1E0,4E0,1E0,3E0,1E0],"tree_param":{"num_deleted":"0","num_feature":"2","num_nodes":"13","size_leaf_vector":"1"}},{"base_weights":[5.7506406E-1,-3.0613327E-1,2.7332356E0,-9.671631E-1,7.540385E-2,8.1234746E-2,3.287506E-1,-1.1873245E-1,-2.634201E-2,-8.319092E-2,4.3418884E-2,-9.1903685E-3,-2.4169923E-3],"categories":[],"categories_nodes":[],"categories_segments":[],"categories_sizes":[],"default_left":[0,0,0,0,0,0,0,0,0,0,0,0,0],"id":77,"left_children":[1,3,5,7,9,-1,-1,-1,-1,11,-1,-1,-1],"loss_changes":[1.9854486E1,2.0905871E0,5.2347565E-1,1.5204597E-1,3.775291E-1,0E0,0E0,0E0,0E0,3.4987554E-4,0E0,0E0,0E0],"parents":[2147483647,0,0,1,1,2,2,3,3,4,4,9,9],"right_children":[2,4,6,8,10,-1,-1,-1,-1,12,-1,-1,-1],"split_conditions":[7.9871607E-1,2.0006132E-1,1E0,9.965814E-2,7.0104754E-1,8.1234746E-2,3.287506E-1,-1.1873245E-1,-2.634201E-2,4.9966386E-1,4.3418884E-2,-9.1903685E-3,-2.4169923E-3],"split_indices":[0,0,0,0,0,0,0,0,0,0,0,0,0],"split_type":[0,0,0,0,0,0,0,0,0,0,0,0,0],"sum_hessian":[9E0,7E0,2E0,2E0,5E0,1E0,1E0,1E0,1E0,4E0,1E0,3E0,1E0],"tree_param":{"num_deleted":"0","num_feature":"2","num_nodes":"13","size_leaf_vector":"1"}},{"base_weights":[5.472275E-1,-2.896824E-1,2.596578E0,-9.18808E-1,7.3160805E-2,7.717285E-2,3.1231385E-1,-1.1279602E-1,-2.5025178E-2,-7.719727E-2,4.1247558E-2,-8.501435E-3,-2.2964478E-3],"categories":[],"categories_nodes":[],"categories_segments":[],"categories_sizes":[],"default_left":[0,0,0,0,0,0,0,0,0,0,0,0,0],"id":78,"left_children":[1,3,5,7,9,-1,-1,-1,-1,11,-1,-1,-1],"loss_changes":[1.79034E1,1.8934124E0,4.7246552E-1,1.3721609E-1,3.3795428E-1,0E0,0E0,0E0,0E0,1.6739964E-4,0E0,0E0,0E0],"parents":[2147483647,0,0,1,1,2,2,3,3,4,4,9,9],"right_children":[2,4,6,8,10,-1,-1,-1,-1,12,-1,-1,-1],"split_conditions":[7.9871607E-1,2.0006132E-1,1E0,9.965814E-2,7.0104754E-1,7.717285E-2,3.1231385E-1,-1.1279602E-1,-2.5025178E-2,4.9966386E-1,4.1247558E-2,-8.501435E-3,-2.2964478E-3],"split_indices":[0,0,0,0,0,0,0,0,0,0,0,0,0],"split_type":[0,0,0,0,0,0,0,0,0,0,0,0,0],"sum_hessian":[9E0,7E0,2E0,2E0,5E0,1E0,1E0,1E0,1E0,4E0,1E0,3E0,1E0],"tree_param":{"num_deleted":"0","num_feature":"2","num_nodes":"13","size_leaf_vector":"1"}},{"base_weights":[5.2071226E-1,-2.741394E-1,2.466746E0,-8.7286884E-1,7.091522E-2,7.331391E-2,2.96698E-1,-1.0715637E-1,-2.3773957E-2,-7.1640015E-2,3.918457E-2,-8.680216E-3,-3.259786E-3],"categories":[],"categories_nodes":[],"categories_segments":[],"categories_sizes":[],"default_left":[0,0,0,0,0,0,0,0,0,0,0,0,0],"id":79,"left_children":[1,3,5,7,9,-1,-1,-1,-1,11,-1,-1,-1],"loss_changes":[1.6144314E1,1.7146546E0,4.264183E-1,1.2383771E-1,3.0257377E-1,0E0,0E0,0E0,0E0,1.3024919E-4,0E0,0E0,0E0],"parents":[2147483647,0,0,1,1,2,2,3,3,4,4,9,9],"right_children":[2,4,6,8,10,-1,-1,-1,-1,12,-1,-1,-1],"split_conditions":[7.9871607E-1,2.0006132E-1,1E0,9.965814E-2,7.0104754E-1,7.331391E-2,2.96698E-1,-1.0715637E-1,-2.3773957E-2,4.0008754E-1,3.918457E-2,-8.680216E-3,-3.259786E-3],"split_indices":[0,0,0,0,0,0,0,0,0,0,0,0,0],"split_type":[0,0,0,0,0,0,0,0,0,0,0,0,0],"sum_hessian":[9E0,7E0,2E0,2E0,5E0,1E0,1E0,1E0,1E0,4E0,1E0,2E0,2E0],"tree_param":{"num_deleted":"0","num_feature":"2","num_nodes":"13","size_leaf_vector":"1"}},{"base_weights":[4.952774E-1,-2.596836E-1,2.3434143E0,-8.2922363E-1,6.8367004E-2,6.964874E-2,2.8186342E-1,-1.0179825E-1,-2.2585297E-2,-6.686096E-2,3.7225343E-2,-8.1014E-3,-3.042094E-3],"categories":[],"categories_nodes":[],"categories_segments":[],"categories_sizes":[],"default_left":[0,0,0,0,0,0,0,0,0,0,0,0,0],"id":80,"left_children":[1,3,5,7,9,-1,-1,-1,-1,11,-1,-1,-1],"loss_changes":[1.4561258E1,1.551395E0,3.848133E-1,1.1176038E-1,2.7145287E-1,0E0,0E0,0E0,0E0,1.14163384E-4,0E0,0E0,0E0],"parents":[2147483647,0,0,1,1,2,2,3,3,4,4,9,9],"right_children":[2,4,6,8,10,-1,-1,-1,-1,12,-1,-1,-1],"split_conditions":[7.9871607E-1,2.0006132E-1,1E0,9.965814E-2,7.0104754E-1,6.964874E-2,2.8186342E-1,-1.0179825E-1,-2.2585297E-2,4.0008754E-1,3.7225343E-2,-8.1014E-3,-3.042094E-3],"split_indices":[0,0,0,0,0,0,0,0,0,0,0,0,0],"split_type":[0,0,0,0,0,0,0,0,0,0,0,0,0],"sum_hessian":[9E0,7E0,2E0,2E0,5E0,1E0,1E0,1E0,1E0,4E0,1E0,2E0,2E0],"tree_param":{"num_deleted":"0","num_feature":"2","num_nodes":"13","size_leaf_vector":"1"}},{"base_weights":[4.7107086E-1,-2.460041E-1,2.226247E0,-7.877655E-1,6.587728E-2,6.616669E-2,2.6777038E-1,-9.670868E-2,-2.1456147E-2,-6.2402345E-2,3.536377E-2,-7.561239E-3,-2.839152E-3],"categories":[],"categories_nodes":[],"categories_segments":[],"categories_sizes":[],"default_left":[0,0,0,0,0,0,0,0,0,0,0,0,0],"id":81,"left_children":[1,3,5,7,9,-1,-1,-1,-1,11,-1,-1,-1],"loss_changes":[1.3133596E1,1.4036181E0,3.4727287E-1,1.0086346E-1,2.4355061E-1,0E0,0E0,0E0,0E0,9.967014E-5,0E0,0E0,0E0],"parents":[2147483647,0,0,1,1,2,2,3,3,4,4,9,9],"right_children":[2,4,6,8,10,-1,-1,-1,-1,12,-1,-1,-1],"split_conditions":[7.9871607E-1,2.0006132E-1,1E0,9.965814E-2,7.0104754E-1,6.616669E-2,2.6777038E-1,-9.670868E-2,-2.1456147E-2,4.0008754E-1,3.536377E-2,-7.561239E-3,-2.839152E-3],"split_indices":[0,0,0,0,0,0,0,0,0,0,0,0,0],"split_type":[0,0,0,0,0,0,0,0,0,0,0,0,0],"sum_hessian":[9E0,7E0,2E0,2E0,5E0,1E0,1E0,1E0,1E0,4E0,1E0,2E0,2E0],"tree_param":{"num_deleted":"0","num_feature":"2","num_nodes":"13","size_leaf_vector":"1"}},{"base_weights":[4.4803923E-1,-2.330532E-1,2.1149395E0,-7.483775E-1,6.345113E-2,6.285858E-2,2.5438234E-1,-9.187317E-2,-2.0383453E-2,-5.8239747E-2,3.3595275E-2,-6.417847E-3,-1.7242432E-3],"categories":[],"categories_nodes":[],"categories_segments":[],"categories_sizes":[],"default_left":[0,0,0,0,0,0,0,0,0,0,0,0,0],"id":82,"left_children":[1,3,5,7,9,-1,-1,-1,-1,11,-1,-1,-1],"loss_changes":[1.18460245E1,1.2698526E0,3.134079E-1,9.102619E-2,2.1853158E-1,0E0,0E0,0E0,0E0,1.1076592E-4,0E0,0E0,0E0],"parents":[2147483647,0,0,1,1,2,2,3,3,4,4,9,9],"right_children":[2,4,6,8,10,-1,-1,-1,-1,12,-1,-1,-1],"split_conditions":[7.9871607E-1,2.0006132E-1,1E0,9.965814E-2,7.0104754E-1,6.285858E-2,2.5438234E-1,-9.187317E-2,-2.0383453E-2,4.9966386E-1,3.3595275E-2,-6.417847E-3,-1.7242432E-3],"split_indices":[0,0,0,0,0,0,0,0,0,0,0,0,0],"split_type":[0,0,0,0,0,0,0,0,0,0,0,0,0],"sum_hessian":[9E0,7E0,2E0,2E0,5E0,1E0,1E0,1E0,1E0,4E0,1E0,3E0,1E0],"tree_param":{"num_deleted":"0","num_feature":"2","num_nodes":"13","size_leaf_vector":"1"}},{"base_weights":[4.2627716E-1,-2.2059822E-1,2.0091858E0,-7.109578E-1,6.134796E-2,5.971527E-2,2.416626E-1,-8.727951E-2,-1.9364167E-2,-5.404358E-2,3.1915285E-2,-6.628418E-3,-2.3788454E-3],"categories":[],"categories_nodes":[],"categories_segments":[],"categories_sizes":[],"default_left":[0,0,0,0,0,0,0,0,0,0,0,0,0],"id":83,"left_children":[1,3,5,7,9,-1,-1,-1,-1,11,-1,-1,-1],"loss_changes":[1.0682669E1,1.149656E0,2.8286266E-1,8.215368E-2,1.9573916E-1,0E0,0E0,0E0,0E0,2.7490687E-4,0E0,0E0,0E0],"parents":[2147483647,0,0,1,1,2,2,3,3,4,4,9,9],"right_children":[2,4,6,8,10,-1,-1,-1,-1,12,-1,-1,-1],"split_conditions":[7.9871607E-1,2.0006132E-1,1E0,9.965814E-2,7.0104754E-1,5.971527E-2,2.416626E-1,-8.727951E-2,-1.9364167E-2,4.0008754E-1,3.1915285E-2,-6.628418E-3,-2.3788454E-3],"split_indices":[0,0,0,0,0,0,0,0,0,0,0,0,0],"split_type":[0,0,0,0,0,0,0,0,0,0,0,0,0],"sum_hessian":[9E0,7E0,2E0,2E0,5E0,1E0,1E0,1E0,1E0,4E0,1E0,2E0,2E0],"tree_param":{"num_deleted":"0","num_feature":"2","num_nodes":"13","size_leaf_vector":"1"}},{"base_weights":[4.054138E-1,-2.0900726E-1,1.908732E0,-6.7541E-1,5.9028625E-2,5.6729127E-2,2.2958069E-1,-8.29155E-2,-1.8395996E-2,-5.0442506E-2,3.0319214E-2,-6.1869305E-3,-2.2201538E-3],"categories":[],"categories_nodes":[],"categories_segments":[],"categories_sizes":[],"default_left":[0,0,0,0,0,0,0,0,0,0,0,0,0],"id":84,"left_children":[1,3,5,7,9,-1,-1,-1,-1,11,-1,-1,-1],"loss_changes":[9.635644E0,1.0399699E0,2.553215E-1,7.4142575E-2,1.756669E-1,0E0,0E0,0E0,0E0,2.3992546E-4,0E0,0E0,0E0],"parents":[2147483647,0,0,1,1,2,2,3,3,4,4,9,9],"right_children":[2,4,6,8,10,-1,-1,-1,-1,12,-1,-1,-1],"split_conditions":[7.9871607E-1,2.0006132E-1,1E0,9.965814E-2,7.0104754E-1,5.6729127E-2,2.2958069E-1,-8.29155E-2,-1.8395996E-2,4.0008754E-1,3.0319214E-2,-6.1869305E-3,-2.2201538E-3],"split_indices":[0,0,0,0,0,0,0,0,0,0,0,0,0],"split_type":[0,0,0,0,0,0,0,0,0,0,0,0,0],"sum_hessian":[9E0,7E0,2E0,2E0,5E0,1E0,1E0,1E0,1E0,4E0,1E0,2E0,2E0],"tree_param":{"num_deleted":"0","num_feature":"2","num_nodes":"13","size_leaf_vector":"1"}},{"base_weights":[3.8556367E-1,-1.9803429E-1,1.8133036E0,-6.4163715E-1,5.677287E-2,5.389252E-2,2.1810304E-1,-7.8769684E-2,-1.7475892E-2,-4.708252E-2,2.880249E-2,-5.774943E-3,-2.0721436E-3],"categories":[],"categories_nodes":[],"categories_segments":[],"categories_sizes":[],"default_left":[0,0,0,0,0,0,0,0,0,0,0,0,0],"id":85,"left_children":[1,3,5,7,9,-1,-1,-1,-1,11,-1,-1,-1],"loss_changes":[8.691358E0,9.4069314E-1,2.304573E-1,6.691921E-2,1.5766154E-1,0E0,0E0,0E0,0E0,2.0930544E-4,0E0,0E0,0E0],"parents":[2147483647,0,0,1,1,2,2,3,3,4,4,9,9],"right_children":[2,4,6,8,10,-1,-1,-1,-1,12,-1,-1,-1],"split_conditions":[7.9871607E-1,2.0006132E-1,1E0,9.965814E-2,7.0104754E-1,5.389252E-2,2.1810304E-1,-7.8769684E-2,-1.7475892E-2,4.0008754E-1,2.880249E-2,-5.774943E-3,-2.0721436E-3],"split_indices":[0,0,0,0,0,0,0,0,0,0,0,0,0],"split_type":[0,0,0,0,0,0,0,0,0,0,0,0,0],"sum_hessian":[9E0,7E0,2E0,2E0,5E0,1E0,1E0,1E0,1E0,4E0,1E0,2E0,2E0],"tree_param":{"num_deleted":"0","num_feature":"2","num_nodes":"13","size_leaf_vector":"1"}},{"base_weights":[3.6667785E-1,-1.8764496E-1,1.7226461E0,-6.095581E-1,5.4585773E-2,5.1197816E-2,2.071991E-1,-7.483139E-2,-1.6602326E-2,-4.3945312E-2,2.7362062E-2,-6.1119082E-3,-2.4372102E-3],"categories":[],"categories_nodes":[],"categories_segments":[],"categories_sizes":[],"default_left":[0,0,0,0,0,0,0,0,0,0,0,0,0],"id":86,"left_children":[1,3,5,7,9,-1,-1,-1,-1,11,-1,-1,-1],"loss_changes":[7.8396873E0,8.508759E-1,2.0800781E-1,6.0391545E-2,1.4151478E-1,0E0,0E0,0E0,0E0,1.9112788E-4,0E0,0E0,0E0],"parents":[2147483647,0,0,1,1,2,2,3,3,4,4,9,9],"right_children":[2,4,6,8,10,-1,-1,-1,-1,12,-1,-1,-1],"split_conditions":[7.9871607E-1,2.0006132E-1,1E0,9.965814E-2,7.0104754E-1,5.1197816E-2,2.071991E-1,-7.483139E-2,-1.6602326E-2,2.9967272E-1,2.7362062E-2,-6.1119082E-3,-2.4372102E-3],"split_indices":[0,0,0,0,0,0,0,0,0,0,0,0,0],"split_type":[0,0,0,0,0,0,0,0,0,0,0,0,0],"sum_hessian":[9E0,7E0,2E0,2E0,5E0,1E0,1E0,1E0,1E0,4E0,1E0,1E0,3E0],"tree_param":{"num_deleted":"0","num_feature":"2","num_nodes":"13","size_leaf_vector":"1"}},{"base_weights":[3.4858552E-1,-1.7795753E-1,1.6365051E0,-5.7908124E-1,5.2263897E-2,4.863739E-2,1.9683838E-1,-7.108994E-2,-1.5772248E-2,-4.1256715E-2,2.5993347E-2,-5.8059692E-3,-2.2541047E-3],"categories":[],"categories_nodes":[],"categories_segments":[],"categories_sizes":[],"default_left":[0,0,0,0,0,0,0,0,0,0,0,0,0],"id":87,"left_children":[1,3,5,7,9,-1,-1,-1,-1,11,-1,-1,-1],"loss_changes":[7.0726805E0,7.690432E-1,1.8774128E-1,5.450332E-2,1.2725233E-1,0E0,0E0,0E0,0E0,2.636686E-4,0E0,0E0,0E0],"parents":[2147483647,0,0,1,1,2,2,3,3,4,4,9,9],"right_children":[2,4,6,8,10,-1,-1,-1,-1,12,-1,-1,-1],"split_conditions":[7.9871607E-1,2.0006132E-1,1E0,9.965814E-2,7.0104754E-1,4.863739E-2,1.9683838E-1,-7.108994E-2,-1.5772248E-2,2.9967272E-1,2.5993347E-2,-5.8059692E-3,-2.2541047E-3],"split_indices":[0,0,0,0,0,0,0,0,0,0,0,0,0],"split_type":[0,0,0,0,0,0,0,0,0,0,0,0,0],"sum_hessian":[9E0,7E0,2E0,2E0,5E0,1E0,1E0,1E0,1E0,4E0,1E0,1E0,3E0],"tree_param":{"num_deleted":"0","num_feature":"2","num_nodes":"13","size_leaf_vector":"1"}},{"base_weights":[3.3138123E-1,-1.6877747E-1,1.5546774E0,-5.501251E-1,5.002594E-2,4.620514E-2,1.8699646E-1,-6.75354E-2,-1.4983368E-2,-3.8742065E-2,2.46933E-2,-5.5160522E-3,-2.084732E-3],"categories":[],"categories_nodes":[],"categories_segments":[],"categories_sizes":[],"default_left":[0,0,0,0,0,0,0,0,0,0,0,0,0],"id":88,"left_children":[1,3,5,7,9,-1,-1,-1,-1,11,-1,-1,-1],"loss_changes":[6.3808165E0,6.9504184E-1,1.6945314E-1,4.9193323E-2,1.1444096E-1,0E0,0E0,0E0,0E0,3.1907205E-4,0E0,0E0,0E0],"parents":[2147483647,0,0,1,1,2,2,3,3,4,4,9,9],"right_children":[2,4,6,8,10,-1,-1,-1,-1,12,-1,-1,-1],"split_conditions":[7.9871607E-1,2.0006132E-1,1E0,9.965814E-2,7.0104754E-1,4.620514E-2,1.8699646E-1,-6.75354E-2,-1.4983368E-2,2.9967272E-1,2.46933E-2,-5.5160522E-3,-2.084732E-3],"split_indices":[0,0,0,0,0,0,0,0,0,0,0,0,0],"split_type":[0,0,0,0,0,0,0,0,0,0,0,0,0],"sum_hessian":[9E0,7E0,2E0,2E0,5E0,1E0,1E0,1E0,1E0,4E0,1E0,1E0,3E0],"tree_param":{"num_deleted":"0","num_feature":"2","num_nodes":"13","size_leaf_vector":"1"}},{"base_weights":[3.1502074E-1,-1.6007614E-1,1.4769388E0,-5.226186E-1,4.787445E-2,4.3894958E-2,1.7764588E-1,-6.415863E-2,-1.4234162E-2,-3.638611E-2,2.3458863E-2,-5.239868E-3,-1.9283295E-3],"categories":[],"categories_nodes":[],"categories_segments":[],"categories_sizes":[],"default_left":[0,0,0,0,0,0,0,0,0,0,0,0,0],"id":89,"left_children":[1,3,5,7,9,-1,-1,-1,-1,11,-1,-1,-1],"loss_changes":[5.7566595E0,6.281474E-1,1.5291977E-1,4.4397652E-2,1.02931604E-1,0E0,0E0,0E0,0E0,3.588805E-4,0E0,0E0,0E0],"parents":[2147483647,0,0,1,1,2,2,3,3,4,4,9,9],"right_children":[2,4,6,8,10,-1,-1,-1,-1,12,-1,-1,-1],"split_conditions":[7.9871607E-1,2.0006132E-1,1E0,9.965814E-2,7.0104754E-1,4.3894958E-2,1.7764588E-1,-6.415863E-2,-1.4234162E-2,2.9967272E-1,2.3458863E-2,-5.239868E-3,-1.9283295E-3],"split_indices":[0,0,0,0,0,0,0,0,0,0,0,0,0],"split_type":[0,0,0,0,0,0,0,0,0,0,0,0,0],"sum_hessian":[9E0,7E0,2E0,2E0,5E0,1E0,1E0,1E0,1E0,4E0,1E0,1E0,3E0],"tree_param":{"num_deleted":"0","num_feature":"2","num_nodes":"13","size_leaf_vector":"1"}},{"base_weights":[2.9945832E-1,-1.5183449E-1,1.4030863E0,-4.9648538E-1,4.579671E-2,4.1700747E-2,1.687622E-1,-6.095047E-2,-1.3522339E-2,-3.418579E-2,2.2285461E-2,-4.97818E-3,-1.784134E-3],"categories":[],"categories_nodes":[],"categories_segments":[],"categories_sizes":[],"default_left":[0,0,0,0,0,0,0,0,0,0,0,0,0],"id":90,"left_children":[1,3,5,7,9,-1,-1,-1,-1,11,-1,-1,-1],"loss_changes":[5.1936307E0,5.676475E-1,1.3797283E-1,4.006952E-2,9.258767E-2,0E0,0E0,0E0,0E0,3.863671E-4,0E0,0E0,0E0],"parents":[2147483647,0,0,1,1,2,2,3,3,4,4,9,9],"right_children":[2,4,6,8,10,-1,-1,-1,-1,12,-1,-1,-1],"split_conditions":[7.9871607E-1,2.0006132E-1,1E0,9.965814E-2,7.0104754E-1,4.1700747E-2,1.687622E-1,-6.095047E-2,-1.3522339E-2,2.9967272E-1,2.2285461E-2,-4.97818E-3,-1.784134E-3],"split_indices":[0,0,0,0,0,0,0,0,0,0,0,0,0],"split_type":[0,0,0,0,0,0,0,0,0,0,0,0,0],"sum_hessian":[9E0,7E0,2E0,2E0,5E0,1E0,1E0,1E0,1E0,4E0,1E0,1E0,3E0],"tree_param":{"num_deleted":"0","num_feature":"2","num_nodes":"13","size_leaf_vector":"1"}},{"base_weights":[2.8466338E-1,-1.4402199E-1,1.3329366E0,-4.7166443E-1,4.38029E-2,3.9616395E-2,1.603241E-1,-5.790329E-2,-1.2846375E-2,-3.2122802E-2,2.117157E-2,-4.729462E-3,-1.6506196E-3],"categories":[],"categories_nodes":[],"categories_segments":[],"categories_sizes":[],"default_left":[0,0,0,0,0,0,0,0,0,0,0,0,0],"id":91,"left_children":[1,3,5,7,9,-1,-1,-1,-1,11,-1,-1,-1],"loss_changes":[4.685766E0,5.129755E-1,1.2449551E-1,3.616208E-2,8.329429E-2,0E0,0E0,0E0,0E0,4.0400727E-4,0E0,0E0,0E0],"parents":[2147483647,0,0,1,1,2,2,3,3,4,4,9,9],"right_children":[2,4,6,8,10,-1,-1,-1,-1,12,-1,-1,-1],"split_conditions":[7.9871607E-1,2.0006132E-1,1E0,9.965814E-2,7.0104754E-1,3.9616395E-2,1.603241E-1,-5.790329E-2,-1.2846375E-2,2.9967272E-1,2.117157E-2,-4.729462E-3,-1.6506196E-3],"split_indices":[0,0,0,0,0,0,0,0,0,0,0,0,0],"split_type":[0,0,0,0,0,0,0,0,0,0,0,0,0],"sum_hessian":[9E0,7E0,2E0,2E0,5E0,1E0,1E0,1E0,1E0,4E0,1E0,1E0,3E0],"tree_param":{"num_deleted":"0","num_feature":"2","num_nodes":"13","size_leaf_vector":"1"}},{"base_weights":[2.7059326E-1,-1.3661575E-1,1.2662863E0,-4.4807944E-1,4.1885376E-2,3.7635803E-2,1.5230714E-1,-5.5007935E-2,-1.2203979E-2,-3.0187989E-2,2.011261E-2,-4.4929506E-3,-1.5270234E-3],"categories":[],"categories_nodes":[],"categories_segments":[],"categories_sizes":[],"default_left":[0,0,0,0,0,0,0,0,0,0,0,0,0],"id":92,"left_children":[1,3,5,7,9,-1,-1,-1,-1,11,-1,-1,-1],"loss_changes":[4.227546E0,4.6354088E-1,1.1234093E-1,3.2636523E-2,7.4933685E-2,0E0,0E0,0E0,0E0,4.1346764E-4,0E0,0E0,0E0],"parents":[2147483647,0,0,1,1,2,2,3,3,4,4,9,9],"right_children":[2,4,6,8,10,-1,-1,-1,-1,12,-1,-1,-1],"split_conditions":[7.9871607E-1,2.0006132E-1,1E0,9.965814E-2,7.0104754E-1,3.7635803E-2,1.5230714E-1,-5.5007935E-2,-1.2203979E-2,2.9967272E-1,2.011261E-2,-4.4929506E-3,-1.5270234E-3],"split_indices":[0,0,0,0,0,0,0,0,0,0,0,0,0],"split_type":[0,0,0,0,0,0,0,0,0,0,0,0,0],"sum_hessian":[9E0,7E0,2E0,2E0,5E0,1E0,1E0,1E0,1E0,4E0,1E0,1E0,3E0],"tree_param":{"num_deleted":"0","num_feature":"2","num_nodes":"13","size_leaf_vector":"1"}},{"base_weights":[2.5721893E-1,-1.295948E-1,1.2029825E0,-4.2567444E-1,4.0044148E-2,3.5754394E-2,1.44693E-1,-5.2257538E-2,-1.1593628E-2,-2.8375244E-2,1.9107057E-2,-4.2686462E-3,-1.4125825E-3],"categories":[],"categories_nodes":[],"categories_segments":[],"categories_sizes":[],"default_left":[0,0,0,0,0,0,0,0,0,0,0,0,0],"id":93,"left_children":[1,3,5,7,9,-1,-1,-1,-1,11,-1,-1,-1],"loss_changes":[3.8142438E0,4.188589E-1,1.0138655E-1,2.9456317E-2,6.742048E-2,0E0,0E0,0E0,0E0,4.1665137E-4,0E0,0E0,0E0],"parents":[2147483647,0,0,1,1,2,2,3,3,4,4,9,9],"right_children":[2,4,6,8,10,-1,-1,-1,-1,12,-1,-1,-1],"split_conditions":[7.9871607E-1,2.0006132E-1,1E0,9.965814E-2,7.0104754E-1,3.5754394E-2,1.44693E-1,-5.2257538E-2,-1.1593628E-2,2.9967272E-1,1.9107057E-2,-4.2686462E-3,-1.4125825E-3],"split_indices":[0,0,0,0,0,0,0,0,0,0,0,0,0],"split_type":[0,0,0,0,0,0,0,0,0,0,0,0,0],"sum_hessian":[9E0,7E0,2E0,2E0,5E0,1E0,1E0,1E0,1E0,4E0,1E0,1E0,3E0],"tree_param":{"num_deleted":"0","num_feature":"2","num_nodes":"13","size_leaf_vector":"1"}},{"base_weights":[2.4449769E-1,-1.2293625E-1,1.1428223E0,-4.0438843E-1,3.8279217E-2,3.3966064E-2,1.3745728E-1,-4.964447E-2,-1.1013794E-2,-2.6672363E-2,1.8151855E-2,-4.055023E-3,-1.3065338E-3],"categories":[],"categories_nodes":[],"categories_segments":[],"categories_sizes":[],"default_left":[0,0,0,0,0,0,0,0,0,0,0,0,0],"id":94,"left_children":[1,3,5,7,9,-1,-1,-1,-1,11,-1,-1,-1],"loss_changes":[3.4412436E0,3.7847525E-1,9.151101E-2,2.658543E-2,6.0663253E-2,0E0,0E0,0E0,0E0,4.1437987E-4,0E0,0E0,0E0],"parents":[2147483647,0,0,1,1,2,2,3,3,4,4,9,9],"right_children":[2,4,6,8,10,-1,-1,-1,-1,12,-1,-1,-1],"split_conditions":[7.9871607E-1,2.0006132E-1,1E0,9.965814E-2,7.0104754E-1,3.3966064E-2,1.3745728E-1,-4.964447E-2,-1.1013794E-2,2.9967272E-1,1.8151855E-2,-4.055023E-3,-1.3065338E-3],"split_indices":[0,0,0,0,0,0,0,0,0,0,0,0,0],"split_type":[0,0,0,0,0,0,0,0,0,0,0,0,0],"sum_hessian":[9E0,7E0,2E0,2E0,5E0,1E0,1E0,1E0,1E0,4E0,1E0,1E0,3E0],"tree_param":{"num_deleted":"0","num_feature":"2","num_nodes":"13","size_leaf_vector":"1"}},{"base_weights":[2.3240662E-1,-1.16622925E-1,1.0856832E0,-3.8416544E-1,3.658549E-2,3.226776E-2,1.3058472E-1,-4.7161866E-2,-1.0462952E-2,-2.5073241E-2,1.7243957E-2,-3.3370971E-3,-8.4177655E-4],"categories":[],"categories_nodes":[],"categories_segments":[],"categories_sizes":[],"default_left":[0,0,0,0,0,0,0,0,0,0,0,0,0],"id":95,"left_children":[1,3,5,7,9,-1,-1,-1,-1,11,-1,-1,-1],"loss_changes":[3.104803E0,3.41973E-1,8.2591295E-2,2.39937E-2,5.4583162E-2,0E0,0E0,0E0,0E0,4.1010417E-4,0E0,0E0,0E0],"parents":[2147483647,0,0,1,1,2,2,3,3,4,4,9,9],"right_children":[2,4,6,8,10,-1,-1,-1,-1,12,-1,-1,-1],"split_conditions":[7.9871607E-1,2.0006132E-1,1E0,9.965814E-2,7.0104754E-1,3.226776E-2,1.3058472E-1,-4.7161866E-2,-1.0462952E-2,4.0008754E-1,1.7243957E-2,-3.3370971E-3,-8.4177655E-4],"split_indices":[0,0,0,0,0,0,0,0,0,0,0,0,0],"split_type":[0,0,0,0,0,0,0,0,0,0,0,0,0],"sum_hessian":[9E0,7E0,2E0,2E0,5E0,1E0,1E0,1E0,1E0,4E0,1E0,2E0,2E0],"tree_param":{"num_deleted":"0","num_feature":"2","num_nodes":"13","size_leaf_vector":"1"}},{"base_weights":[2.209961E-1,-1.1052704E-1,1.0313925E0,-3.6495462E-1,3.510793E-2,3.0654907E-2,1.24053955E-1,-4.480362E-2,-9.939576E-3,-2.3397828E-2,1.6381836E-2,-3.6849976E-3,-1.0822297E-3],"categories":[],"categories_nodes":[],"categories_segments":[],"categories_sizes":[],"default_left":[0,0,0,0,0,0,0,0,0,0,0,0,0],"id":96,"left_children":[1,3,5,7,9,-1,-1,-1,-1,11,-1,-1,-1],"loss_changes":[2.800648E0,3.092412E-1,7.4510574E-2,2.1656275E-2,4.90148E-2,0E0,0E0,0E0,0E0,4.470381E-4,0E0,0E0,0E0],"parents":[2147483647,0,0,1,1,2,2,3,3,4,4,9,9],"right_children":[2,4,6,8,10,-1,-1,-1,-1,12,-1,-1,-1],"split_conditions":[7.9871607E-1,2.0006132E-1,1E0,9.965814E-2,7.0104754E-1,3.0654907E-2,1.24053955E-1,-4.480362E-2,-9.939576E-3,2.9967272E-1,1.6381836E-2,-3.6849976E-3,-1.0822297E-3],"split_indices":[0,0,0,0,0,0,0,0,0,0,0,0,0],"split_type":[0,0,0,0,0,0,0,0,0,0,0,0,0],"sum_hessian":[9E0,7E0,2E0,2E0,5E0,1E0,1E0,1E0,1E0,4E0,1E0,1E0,3E0],"tree_param":{"num_deleted":"0","num_feature":"2","num_nodes":"13","size_leaf_vector":"1"}},{"base_weights":[2.1005706E-1,-1.04867935E-1,9.798381E-1,-3.467102E-1,3.353119E-2,2.9122924E-2,1.17852785E-1,-4.256363E-2,-9.442902E-3,-2.2012329E-2,1.5562439E-2,-3.5003664E-3,-1.001358E-3],"categories":[],"categories_nodes":[],"categories_segments":[],"categories_sizes":[],"default_left":[0,0,0,0,0,0,0,0,0,0,0,0,0],"id":97,"left_children":[1,3,5,7,9,-1,-1,-1,-1,11,-1,-1,-1],"loss_changes":[2.5269864E0,2.793917E-1,6.723666E-2,1.9542247E-2,4.411457E-2,0E0,0E0,0E0,0E0,4.2888662E-4,0E0,0E0,0E0],"parents":[2147483647,0,0,1,1,2,2,3,3,4,4,9,9],"right_children":[2,4,6,8,10,-1,-1,-1,-1,12,-1,-1,-1],"split_conditions":[7.9871607E-1,2.0006132E-1,1E0,9.965814E-2,7.0104754E-1,2.9122924E-2,1.17852785E-1,-4.256363E-2,-9.442902E-3,2.9967272E-1,1.5562439E-2,-3.5003664E-3,-1.001358E-3],"split_indices":[0,0,0,0,0,0,0,0,0,0,0,0,0],"split_type":[0,0,0,0,0,0,0,0,0,0,0,0,0],"sum_hessian":[9E0,7E0,2E0,2E0,5E0,1E0,1E0,1E0,1E0,4E0,1E0,1E0,3E0],"tree_param":{"num_deleted":"0","num_feature":"2","num_nodes":"13","size_leaf_vector":"1"}},{"base_weights":[1.9965515E-1,-9.949875E-2,9.3084717E-1,-3.2937622E-1,3.2023113E-2,2.7667237E-2,1.1195984E-1,-4.043579E-2,-8.970642E-3,-2.0709228E-2,1.4784241E-2,-3.325653E-3,-9.25827E-4],"categories":[],"categories_nodes":[],"categories_segments":[],"categories_sizes":[],"default_left":[0,0,0,0,0,0,0,0,0,0,0,0,0],"id":98,"left_children":[1,3,5,7,9,-1,-1,-1,-1,11,-1,-1,-1],"loss_changes":[2.2800076E0,2.5241894E-1,6.0667038E-2,1.7639041E-2,3.9706234E-2,0E0,0E0,0E0,0E0,4.104951E-4,0E0,0E0,0E0],"parents":[2147483647,0,0,1,1,2,2,3,3,4,4,9,9],"right_children":[2,4,6,8,10,-1,-1,-1,-1,12,-1,-1,-1],"split_conditions":[7.9871607E-1,2.0006132E-1,1E0,9.965814E-2,7.0104754E-1,2.7667237E-2,1.1195984E-1,-4.043579E-2,-8.970642E-3,2.9967272E-1,1.4784241E-2,-3.325653E-3,-9.25827E-4],"split_indices":[0,0,0,0,0,0,0,0,0,0,0,0,0],"split_type":[0,0,0,0,0,0,0,0,0,0,0,0,0],"sum_hessian":[9E0,7E0,2E0,2E0,5E0,1E0,1E0,1E0,1E0,4E0,1E0,1E0,3E0],"tree_param":{"num_deleted":"0","num_feature":"2","num_nodes":"13","size_leaf_vector":"1"}},{"base_weights":[1.8976745E-1,-9.440613E-2,8.8430786E-1,-3.129069E-1,3.0578613E-2,2.6283264E-2,1.0636292E-1,-3.8414E-2,-8.522034E-3,-1.9488525E-2,1.4045715E-2,-3.1593323E-3,-8.5639954E-4],"categories":[],"categories_nodes":[],"categories_segments":[],"categories_sizes":[],"default_left":[0,0,0,0,0,0,0,0,0,0,0,0,0],"id":99,"left_children":[1,3,5,7,9,-1,-1,-1,-1,11,-1,-1,-1],"loss_changes":[2.0571842E0,2.2804238E-1,5.477476E-2,1.5919894E-2,3.5745125E-2,0E0,0E0,0E0,0E0,3.906309E-4,0E0,0E0,0E0],"parents":[2147483647,0,0,1,1,2,2,3,3,4,4,9,9],"right_children":[2,4,6,8,10,-1,-1,-1,-1,12,-1,-1,-1],"split_conditions":[7.9871607E-1,2.0006132E-1,1E0,9.965814E-2,7.0104754E-1,2.6283264E-2,1.0636292E-1,-3.8414E-2,-8.522034E-3,2.9967272E-1,1.4045715E-2,-3.1593323E-3,-8.5639954E-4],"split_indices":[0,0,0,0,0,0,0,0,0,0,0,0,0],"split_type":[0,0,0,0,0,0,0,0,0,0,0,0,0],"sum_hessian":[9E0,7E0,2E0,2E0,5E0,1E0,1E0,1E0,1E0,4E0,1E0,1E0,3E0],"tree_param":{"num_deleted":"0","num_feature":"2","num_nodes":"13","size_leaf_vector":"1"}}]},"name":"gbtree"},"learner_model_param":{"base_score":"3.1677777E2","boost_from_average":"1","num_class":"0","num_feature":"2","num_target":"1"},"objective":{"name":"reg:squarederror","reg_loss_param":{"scale_pos_weight":"1"}}},"version":[2,0,1]}