{"model_name": "ExponentialRegressionTrainer_1", "model_class": "curvefit", "model_file": "ExponentialRegressionTrainer_1.json", "features": ["bpf_cpu_time_ms", "bpf_page_cache_hit", "cache_miss", "cgroupfs_cpu_usage_us", "cgroupfs_memory_usage_bytes", "cgroupfs_system_cpu_usage_us", "cgroupfs_user_cpu_usage_us", "cpu_cycles", "cpu_instructions"], "fe_files": [], "output_type": "AbsPower", "mae": 9.01, "mape": 176.32, "package_mae": 9.01, "core_mae": 8.94, "uncore_mae": 0.0, "dram_mae": 6.69, "package_mape": 62.88, "core_mape": 46.77, "uncore_mape": -1, "dram_mape": 176.32}