{"learner":{"attributes":{"scikit_learn":"{\"_estimator_type\": \"regressor\"}"},"feature_names":[],"feature_types":[],"gradient_booster":{"model":{"gbtree_model_param":{"num_parallel_tree":"1","num_trees":"100"},"iteration_indptr":[0,1,2,3,4,5,6,7,8,9,10,11,12,13,14,15,16,17,18,19,20,21,22,23,24,25,26,27,28,29,30,31,32,33,34,35,36,37,38,39,40,41,42,43,44,45,46,47,48,49,50,51,52,53,54,55,56,57,58,59,60,61,62,63,64,65,66,67,68,69,70,71,72,73,74,75,76,77,78,79,80,81,82,83,84,85,86,87,88,89,90,91,92,93,94,95,96,97,98,99,100],"tree_info":[0,0,0,0,0,0,0,0,0,0,0,0,0,0,0,0,0,0,0,0,0,0,0,0,0,0,0,0,0,0,0,0,0,0,0,0,0,0,0,0,0,0,0,0,0,0,0,0,0,0,0,0,0,0,0,0,0,0,0,0,0,0,0,0,0,0,0,0,0,0,0,0,0,0,0,0,0,0,0,0,0,0,0,0,0,0,0,0,0,0,0,0,0,0,0,0,0,0,0,0],"trees":[{"base_weights":[-0E0,-6.028889E1,7.2346664E1,-6.613333E0,-1.5533333E0,1.6966667E0,8.195E0],"categories":[],"categories_nodes":[],"categories_segments":[],"categories_sizes":[],"default_left":[0,0,0,0,0,0,0],"id":0,"left_children":[1,3,5,-1,-1,-1,-1],"loss_changes":[4.7978703E4,5.4215625E2,1.2687461E3,0E0,0E0,0E0,0E0],"parents":[2147483647,0,0,1,1,2,2],"right_children":[2,4,6,-1,-1,-1,-1],"split_conditions":[7.3571527E-1,5.2514654E-1,8.397732E-1,-6.613333E0,-1.5533333E0,1.6966667E0,8.195E0],"split_indices":[0,0,0,0,0,0,0],"split_type":[0,0,0,0,0,0,0],"sum_hessian":[9E0,5E0,4E0,4E0,1E0,1E0,3E0],"tree_param":{"num_deleted":"0","num_feature":"2","num_nodes":"7","size_leaf_vector":"1"}},{"base_weights":[1.7250061E-1,-5.5621113E1,6.709034E1,-6.6190004E0,-2.2988892E0,1.6118332E0,7.5803757E0],"categories":[],"categories_nodes":[],"categories_segments":[],"categories_sizes":[],"default_left":[0,0,0,0,0,0,0],"id":1,"left_children":[1,3,5,-1,-1,-1,-1],"loss_changes":[4.106752E4,5.4768164E2,9.9887305E2,0E0,0E0,0E0,0E0],"parents":[2147483647,0,0,1,1,2,2],"right_children":[2,4,6,-1,-1,-1,-1],"split_conditions":[7.3571527E-1,4.1946658E-1,8.397732E-1,-6.6190004E0,-2.2988892E0,1.6118332E0,7.5803757E0],"split_indices":[0,0,0,0,0,0,0],"split_type":[0,0,0,0,0,0,0],"sum_hessian":[9E0,5E0,4E0,3E0,2E0,1E0,3E0],"tree_param":{"num_deleted":"0","num_feature":"2","num_nodes":"7","size_leaf_vector":"1"}},{"base_weights":[1.8268052E-1,-5.154532E1,6.221974E1,-6.1225753E0,-2.14563E0,1.5312417E0,7.011847E0],"categories":[],"categories_nodes":[],"categories_segments":[],"categories_sizes":[],"default_left":[0,0,0,0,0,0,0],"id":2,"left_children":[1,3,5,-1,-1,-1,-1],"loss_changes":[3.5297668E4,4.339707E2,7.788574E2,0E0,0E0,0E0,0E0],"parents":[2147483647,0,0,1,1,2,2],"right_children":[2,4,6,-1,-1,-1,-1],"split_conditions":[7.3571527E-1,4.1946658E-1,8.397732E-1,-6.1225753E0,-2.14563E0,1.5312417E0,7.011847E0],"split_indices":[0,0,0,0,0,0,0],"split_type":[0,0,0,0,0,0,0],"sum_hessian":[9E0,5E0,4E0,3E0,2E0,1E0,3E0],"tree_param":{"num_deleted":"0","num_feature":"2","num_nodes":"7","size_leaf_vector":"1"}},{"base_weights":[1.9190292E-1,-4.776882E1,5.770639E1,-6.1941175E0,-2.519735E0,1.4546798E0,6.485959E0],"categories":[],"categories_nodes":[],"categories_segments":[],"categories_sizes":[],"default_left":[0,0,0,0,0,0,0],"id":3,"left_children":[1,3,5,-1,-1,-1,-1],"loss_changes":[3.0340928E4,3.5859277E2,6.001465E2,0E0,0E0,0E0,0E0],"parents":[2147483647,0,0,1,1,2,2],"right_children":[2,4,6,-1,-1,-1,-1],"split_conditions":[7.3571527E-1,3.1522763E-1,8.397732E-1,-6.1941175E0,-2.519735E0,1.4546798E0,6.485959E0],"split_indices":[0,0,0,0,0,0,0],"split_type":[0,0,0,0,0,0,0],"sum_hessian":[9E0,5E0,4E0,2E0,3E0,1E0,3E0],"tree_param":{"num_deleted":"0","num_feature":"2","num_nodes":"7","size_leaf_vector":"1"}},{"base_weights":[9.538956E-2,-4.444425E1,5.3523876E1,-5.2906833E0,-1.834606E0,1.3819458E0,5.9995117E0],"categories":[],"categories_nodes":[],"categories_segments":[],"categories_sizes":[],"default_left":[0,0,0,0,0,0,0],"id":4,"left_children":[1,3,5,-1,-1,-1,-1],"loss_changes":[2.6175682E4,3.5451562E2,4.5558496E2,0E0,0E0,0E0,0E0],"parents":[2147483647,0,0,1,1,2,2],"right_children":[2,4,6,-1,-1,-1,-1],"split_conditions":[7.3571527E-1,4.1946658E-1,8.397732E-1,-5.2906833E0,-1.834606E0,1.3819458E0,5.9995117E0],"split_indices":[0,0,0,0,0,0,0],"split_type":[0,0,0,0,0,0,0],"sum_hessian":[9E0,5E0,4E0,3E0,2E0,1E0,3E0],"tree_param":{"num_deleted":"0","num_feature":"2","num_nodes":"7","size_leaf_vector":"1"}},{"base_weights":[1.1146774E-1,-4.118737E1,4.964778E1,-5.4284644E0,-2.1067579E0,1.3128487E0,5.5495486E0],"categories":[],"categories_nodes":[],"categories_segments":[],"categories_sizes":[],"default_left":[0,0,0,0,0,0,0],"id":5,"left_children":[1,3,5,-1,-1,-1,-1],"loss_changes":[2.2502783E4,4.3743945E2,3.3919824E2,0E0,0E0,0E0,0E0],"parents":[2147483647,0,0,1,1,2,2],"right_children":[2,4,6,-1,-1,-1,-1],"split_conditions":[7.3571527E-1,3.1522763E-1,8.397732E-1,-5.4284644E0,-2.1067579E0,1.3128487E0,5.5495486E0],"split_indices":[0,0,0,0,0,0,0],"split_type":[0,0,0,0,0,0,0],"sum_hessian":[9E0,5E0,4E0,2E0,3E0,1E0,3E0],"tree_param":{"num_deleted":"0","num_feature":"2","num_nodes":"7","size_leaf_vector":"1"}},{"base_weights":[3.303299E-2,-3.832451E1,4.6055473E1,-5.066566E0,-1.9487514E0,1.2472061E0,5.1333313E0],"categories":[],"categories_nodes":[],"categories_segments":[],"categories_sizes":[],"default_left":[0,0,0,0,0,0,0],"id":6,"left_children":[1,3,5,-1,-1,-1,-1],"loss_changes":[1.9418129E4,4.0747363E2,2.4600781E2,0E0,0E0,0E0,0E0],"parents":[2147483647,0,0,1,1,2,2],"right_children":[2,4,6,-1,-1,-1,-1],"split_conditions":[7.3571527E-1,3.1522763E-1,8.397732E-1,-5.066566E0,-1.9487514E0,1.2472061E0,5.1333313E0],"split_indices":[0,0,0,0,0,0,0],"split_type":[0,0,0,0,0,0,0],"sum_hessian":[9E0,5E0,4E0,2E0,3E0,1E0,3E0],"tree_param":{"num_deleted":"0","num_feature":"2","num_nodes":"7","size_leaf_vector":"1"}},{"base_weights":[-3.3751678E-2,-3.566128E1,4.2726036E1,-4.7287955E0,-1.8025955E0,1.1848458E0,4.7483315E0],"categories":[],"categories_nodes":[],"categories_segments":[],"categories_sizes":[],"default_left":[0,0,0,0,0,0,0],"id":7,"left_children":[1,3,5,-1,-1,-1,-1],"loss_changes":[1.675792E4,3.7783105E2,1.7186133E2,0E0,0E0,0E0,0E0],"parents":[2147483647,0,0,1,1,2,2],"right_children":[2,4,6,-1,-1,-1,-1],"split_conditions":[7.3571527E-1,3.1522763E-1,8.397732E-1,-4.7287955E0,-1.8025955E0,1.1848458E0,4.7483315E0],"split_indices":[0,0,0,0,0,0,0],"split_type":[0,0,0,0,0,0,0],"sum_hessian":[9E0,5E0,4E0,2E0,3E0,1E0,3E0],"tree_param":{"num_deleted":"0","num_feature":"2","num_nodes":"7","size_leaf_vector":"1"}},{"base_weights":[-9.019546E-2,-3.318372E1,3.964007E1,-4.413543E0,-1.6674007E0,1.1256036E0,4.3922076E0],"categories":[],"categories_nodes":[],"categories_segments":[],"categories_sizes":[],"default_left":[0,0,0,0,0,0,0],"id":8,"left_children":[1,3,5,-1,-1,-1,-1],"loss_changes":[1.4463552E4,3.4894287E2,1.13313965E2,0E0,0E0,0E0,0E0],"parents":[2147483647,0,0,1,1,2,2],"right_children":[2,4,6,-1,-1,-1,-1],"split_conditions":[7.3571527E-1,3.1522763E-1,8.397732E-1,-4.413543E0,-1.6674007E0,1.1256036E0,4.3922076E0],"split_indices":[0,0,0,0,0,0,0],"split_type":[0,0,0,0,0,0,0],"sum_hessian":[9E0,5E0,4E0,2E0,3E0,1E0,3E0],"tree_param":{"num_deleted":"0","num_feature":"2","num_nodes":"7","size_leaf_vector":"1"}},{"base_weights":[-1.3749008E-1,-3.0878836E1,3.6779625E1,-4.1193066E0,-1.5423454E0,1.069323E0,4.0627913E0],"categories":[],"categories_nodes":[],"categories_segments":[],"categories_sizes":[],"default_left":[0,0,0,0,0,0,0],"id":9,"left_children":[1,3,5,-1,-1,-1,-1],"loss_changes":[1.2484529E4,3.2112305E2,6.749707E1,0E0,0E0,0E0,0E0],"parents":[2147483647,0,0,1,1,2,2],"right_children":[2,4,6,-1,-1,-1,-1],"split_conditions":[7.3571527E-1,3.1522763E-1,8.397732E-1,-4.1193066E0,-1.5423454E0,1.069323E0,4.0627913E0],"split_indices":[0,0,0,0,0,0,0],"split_type":[0,0,0,0,0,0,0],"sum_hessian":[9E0,5E0,4E0,2E0,3E0,1E0,3E0],"tree_param":{"num_deleted":"0","num_feature":"2","num_nodes":"7","size_leaf_vector":"1"}},{"base_weights":[-1.7669907E-1,-2.8734562E1,3.4128075E1,-3.8446863E0,-1.4266697E0,1.015857E0,3.7580812E0],"categories":[],"categories_nodes":[],"categories_segments":[],"categories_sizes":[],"default_left":[0,0,0,0,0,0,0],"id":10,"left_children":[1,3,5,-1,-1,-1,-1],"loss_changes":[1.0777365E4,2.945874E2,3.203418E1,0E0,0E0,0E0,0E0],"parents":[2147483647,0,0,1,1,2,2],"right_children":[2,4,6,-1,-1,-1,-1],"split_conditions":[7.3571527E-1,3.1522763E-1,8.397732E-1,-3.8446863E0,-1.4266697E0,1.015857E0,3.7580812E0],"split_indices":[0,0,0,0,0,0,0],"split_type":[0,0,0,0,0,0,0],"sum_hessian":[9E0,5E0,4E0,2E0,3E0,1E0,3E0],"tree_param":{"num_deleted":"0","num_feature":"2","num_nodes":"7","size_leaf_vector":"1"}},{"base_weights":[-2.0877457E-1,-2.6739668E1,3.1670053E1,-3.004361E0,-5.1099855E-1,9.650642E-1,3.4762247E0],"categories":[],"categories_nodes":[],"categories_segments":[],"categories_sizes":[],"default_left":[0,0,0,0,0,0,0],"id":11,"left_children":[1,3,5,-1,-1,-1,-1],"loss_changes":[9.304585E3,2.7525684E2,4.963379E0,0E0,0E0,0E0,0E0],"parents":[2147483647,0,0,1,1,2,2],"right_children":[2,4,6,-1,-1,-1,-1],"split_conditions":[7.3571527E-1,5.2514654E-1,8.397732E-1,-3.004361E0,-5.1099855E-1,9.650642E-1,3.4762247E0],"split_indices":[0,0,0,0,0,0,0],"split_type":[0,0,0,0,0,0,0],"sum_hessian":[9E0,5E0,4E0,4E0,1E0,1E0,3E0],"tree_param":{"num_deleted":"0","num_feature":"2","num_nodes":"7","size_leaf_vector":"1"}},{"base_weights":[-9.530258E-2,-2.4651592E1,2.9391305E0,-3.9010625E0,-1.3977661E0],"categories":[],"categories_nodes":[],"categories_segments":[],"categories_sizes":[],"default_left":[0,0,0,0,0],"id":12,"left_children":[1,3,-1,-1,-1],"loss_changes":[7.9653594E3,3.7432666E2,0E0,0E0,0E0],"parents":[2147483647,0,0,1,1],"right_children":[2,4,-1,-1,-1],"split_conditions":[7.3571527E-1,1.0537205E-1,2.9391305E0,-3.9010625E0,-1.3977661E0],"split_indices":[0,0,0,0,0],"split_type":[0,0,0,0,0],"sum_hessian":[9E0,5E0,4E0,1E0,4E0],"tree_param":{"num_deleted":"0","num_feature":"2","num_nodes":"5","size_leaf_vector":"1"}},{"base_weights":[-3.2173842E-1,-2.306957E1,2.7040009E1,-3.7060094E0,-1.2859448E0,1.1999359E0,3.3067322E0],"categories":[],"categories_nodes":[],"categories_segments":[],"categories_sizes":[],"default_left":[0,0,0,0,0,0,0],"id":13,"left_children":[1,3,5,-1,-1,-1,-1],"loss_changes":[6.848006E3,3.804973E2,5.6487305E1,0E0,0E0,0E0,0E0],"parents":[2147483647,0,0,1,1,2,2],"right_children":[2,4,6,-1,-1,-1,-1],"split_conditions":[7.3571527E-1,1.0537205E-1,9.467875E-1,-3.7060094E0,-1.2859448E0,1.1999359E0,3.3067322E0],"split_indices":[0,0,0,0,0,0,0],"split_type":[0,0,0,0,0,0,0],"sum_hessian":[9E0,5E0,4E0,1E0,4E0,2E0,2E0],"tree_param":{"num_deleted":"0","num_feature":"2","num_nodes":"7","size_leaf_vector":"1"}},{"base_weights":[-3.3808976E-1,-2.1594603E1,2.5237345E1,-3.5207088E0,-1.1830688E1,7.0985794E-1,2.7997391E0,-1.3032048E0,-3.5126266E-1],"categories":[],"categories_nodes":[],"categories_segments":[],"categories_sizes":[],"default_left":[0,0,0,0,0,0,0,0,0],"id":14,"left_children":[1,3,5,-1,7,-1,-1,-1,-1],"loss_changes":[5.981436E3,3.8094287E2,5.1577393E1,0E0,4.1881714E0,0E0,0E0,0E0,0E0],"parents":[2147483647,0,0,1,1,2,2,4,4],"right_children":[2,4,6,-1,8,-1,-1,-1,-1],"split_conditions":[7.3571527E-1,1.0537205E-1,8.397732E-1,-3.5207088E0,5.2514654E-1,7.0985794E-1,2.7997391E0,-1.3032048E0,-3.5126266E-1],"split_indices":[0,0,0,0,0,0,0,0,0],"split_type":[0,0,0,0,0,0,0,0,0],"sum_hessian":[9E0,5E0,4E0,1E0,4E0,1E0,3E0,3E0,1E0],"tree_param":{"num_deleted":"0","num_feature":"2","num_nodes":"9","size_leaf_vector":"1"}},{"base_weights":[-4.7083968E-1,-2.0297672E1,2.3415527E1,-3.3446736E0,-1.0978513E1,1.0029541E0,2.899634E0,-1.2054642E0,-3.336998E-1],"categories":[],"categories_nodes":[],"categories_segments":[],"categories_sizes":[],"default_left":[0,0,0,0,0,0,0,0,0],"id":15,"left_children":[1,3,5,-1,7,-1,-1,-1,-1],"loss_changes":[5.2111904E3,3.6803394E2,8.270337E1,0E0,8.9001465E-1,0E0,0E0,0E0,0E0],"parents":[2147483647,0,0,1,1,2,2,4,4],"right_children":[2,4,6,-1,8,-1,-1,-1,-1],"split_conditions":[7.3571527E-1,1.0537205E-1,9.467875E-1,-3.3446736E0,5.2514654E-1,1.0029541E0,2.899634E0,-1.2054642E0,-3.336998E-1],"split_indices":[0,0,0,0,0,0,0,0,0],"split_type":[0,0,0,0,0,0,0,0,0],"sum_hessian":[9E0,5E0,4E0,1E0,4E0,2E0,2E0,3E0,1E0],"tree_param":{"num_deleted":"0","num_feature":"2","num_nodes":"9","size_leaf_vector":"1"}},{"base_weights":[-5.218819E-1,-1.908188E1,2.1854492E1,-3.1774395E0,-1.0188497E0,9.360901E-1,2.7063253E0],"categories":[],"categories_nodes":[],"categories_segments":[],"categories_sizes":[],"default_left":[0,0,0,0,0,0,0],"id":16,"left_children":[1,3,5,-1,-1,-1,-1],"loss_changes":[4.570079E3,3.535432E2,7.204419E1,0E0,0E0,0E0,0E0],"parents":[2147483647,0,0,1,1,2,2],"right_children":[2,4,6,-1,-1,-1,-1],"split_conditions":[7.3571527E-1,1.0537205E-1,9.467875E-1,-3.1774395E0,-1.0188497E0,9.360901E-1,2.7063253E0],"split_indices":[0,0,0,0,0,0,0],"split_type":[0,0,0,0,0,0,0],"sum_hessian":[9E0,5E0,4E0,1E0,4E0,2E0,2E0],"tree_param":{"num_deleted":"0","num_feature":"2","num_nodes":"7","size_leaf_vector":"1"}},{"base_weights":[-5.250847E-1,-1.7873075E1,2.0397522E1,-3.0185673E0,-9.373423E0,8.7368363E-1,2.5259035E0,-1.0386413E0,-2.6607284E-1],"categories":[],"categories_nodes":[],"categories_segments":[],"categories_sizes":[],"default_left":[0,0,0,0,0,0,0,0,0],"id":17,"left_children":[1,3,5,-1,7,-1,-1,-1,-1],"loss_changes":[3.9942185E3,3.4497388E2,6.275879E1,0E0,6.3640747E0,0E0,0E0,0E0,0E0],"parents":[2147483647,0,0,1,1,2,2,4,4],"right_children":[2,4,6,-1,8,-1,-1,-1,-1],"split_conditions":[7.3571527E-1,1.0537205E-1,9.467875E-1,-3.0185673E0,5.2514654E-1,8.7368363E-1,2.5259035E0,-1.0386413E0,-2.6607284E-1],"split_indices":[0,0,0,0,0,0,0,0,0],"split_type":[0,0,0,0,0,0,0,0,0],"sum_hessian":[9E0,5E0,4E0,1E0,4E0,2E0,2E0,3E0,1E0],"tree_param":{"num_deleted":"0","num_feature":"2","num_nodes":"9","size_leaf_vector":"1"}},{"base_weights":[-5.649498E-1,-1.6806318E1,1.9037683E1,-2.8676388E0,-8.697027E0,8.154378E-1,2.3575094E0,-9.607437E-1,-2.5276947E-1],"categories":[],"categories_nodes":[],"categories_segments":[],"categories_sizes":[],"default_left":[0,0,0,0,0,0,0,0,0],"id":18,"left_children":[1,3,5,-1,7,-1,-1,-1,-1],"loss_changes":[3.5036892E3,3.2814758E2,5.4670044E1,0E0,3.7984009E0,0E0,0E0,0E0,0E0],"parents":[2147483647,0,0,1,1,2,2,4,4],"right_children":[2,4,6,-1,8,-1,-1,-1,-1],"split_conditions":[7.3571527E-1,1.0537205E-1,9.467875E-1,-2.8676388E0,5.2514654E-1,8.154378E-1,2.3575094E0,-9.607437E-1,-2.5276947E-1],"split_indices":[0,0,0,0,0,0,0,0,0],"split_type":[0,0,0,0,0,0,0,0,0],"sum_hessian":[9E0,5E0,4E0,1E0,4E0,2E0,2E0,3E0,1E0],"tree_param":{"num_deleted":"0","num_feature":"2","num_nodes":"9","size_leaf_vector":"1"}},{"base_weights":[-5.9927595E-1,-1.5805879E1,1.7768503E1,-2.7242565E0,-8.070028E0,7.610754E-1,2.200342E0,-8.8868827E-1,-2.4013062E-1],"categories":[],"categories_nodes":[],"categories_segments":[],"categories_sizes":[],"default_left":[0,0,0,0,0,0,0,0,0],"id":19,"left_children":[1,3,5,-1,7,-1,-1,-1,-1],"loss_changes":[3.073962E3,3.1098657E2,4.7623535E1,0E0,1.8124695E0,0E0,0E0,0E0,0E0],"parents":[2147483647,0,0,1,1,2,2,4,4],"right_children":[2,4,6,-1,8,-1,-1,-1,-1],"split_conditions":[7.3571527E-1,1.0537205E-1,9.467875E-1,-2.7242565E0,5.2514654E-1,7.610754E-1,2.200342E0,-8.8868827E-1,-2.4013062E-1],"split_indices":[0,0,0,0,0,0,0,0,0],"split_type":[0,0,0,0,0,0,0,0,0],"sum_hessian":[9E0,5E0,4E0,1E0,4E0,2E0,2E0,3E0,1E0],"tree_param":{"num_deleted":"0","num_feature":"2","num_nodes":"9","size_leaf_vector":"1"}},{"base_weights":[-6.285164E-1,-1.4867471E1,1.6583933E1,-2.5880437E0,-7.488791E0,7.1033686E-1,2.053652E0,-8.2203674E-1,-2.2812425E-1],"categories":[],"categories_nodes":[],"categories_segments":[],"categories_sizes":[],"default_left":[0,0,0,0,0,0,0,0,0],"id":20,"left_children":[1,3,5,-1,7,-1,-1,-1,-1],"loss_changes":[2.6974338E3,2.9375366E2,4.148535E1,0E0,2.9595947E-1,0E0,0E0,0E0,0E0],"parents":[2147483647,0,0,1,1,2,2,4,4],"right_children":[2,4,6,-1,8,-1,-1,-1,-1],"split_conditions":[7.3571527E-1,1.0537205E-1,9.467875E-1,-2.5880437E0,5.2514654E-1,7.1033686E-1,2.053652E0,-8.2203674E-1,-2.2812425E-1],"split_indices":[0,0,0,0,0,0,0,0,0],"split_type":[0,0,0,0,0,0,0,0,0],"sum_hessian":[9E0,5E0,4E0,1E0,4E0,2E0,2E0,3E0,1E0],"tree_param":{"num_deleted":"0","num_feature":"2","num_nodes":"9","size_leaf_vector":"1"}},{"base_weights":[-6.5308607E-1,-1.3987092E1,1.5478338E1,-2.4586415E0,-6.949945E-1,6.629812E-1,1.916742E0],"categories":[],"categories_nodes":[],"categories_segments":[],"categories_sizes":[],"default_left":[0,0,0,0,0,0,0],"id":21,"left_children":[1,3,5,-1,-1,-1,-1],"loss_changes":[2.3674622E3,2.7665967E2,3.6138306E1,0E0,0E0,0E0,0E0],"parents":[2147483647,0,0,1,1,2,2],"right_children":[2,4,6,-1,-1,-1,-1],"split_conditions":[7.3571527E-1,1.0537205E-1,9.467875E-1,-2.4586415E0,-6.949945E-1,6.629812E-1,1.916742E0],"split_indices":[0,0,0,0,0,0,0],"split_type":[0,0,0,0,0,0,0],"sum_hessian":[9E0,5E0,4E0,1E0,4E0,2E0,2E0],"tree_param":{"num_deleted":"0","num_feature":"2","num_nodes":"7","size_leaf_vector":"1"}},{"base_weights":[-6.4517134E-1,-1.311399E1,1.44464445E1,-2.335709E0,-6.3939514E0,6.1878204E-1,1.7889588E0,-7.082596E-1,-1.8196869E-1],"categories":[],"categories_nodes":[],"categories_segments":[],"categories_sizes":[],"default_left":[0,0,0,0,0,0,0,0,0],"id":22,"left_children":[1,3,5,-1,7,-1,-1,-1,-1],"loss_changes":[2.0711968E3,2.6366003E2,3.148059E1,0E0,2.8621063E0,0E0,0E0,0E0,0E0],"parents":[2147483647,0,0,1,1,2,2,4,4],"right_children":[2,4,6,-1,8,-1,-1,-1,-1],"split_conditions":[7.3571527E-1,1.0537205E-1,9.467875E-1,-2.335709E0,5.2514654E-1,6.1878204E-1,1.7889588E0,-7.082596E-1,-1.8196869E-1],"split_indices":[0,0,0,0,0,0,0,0,0],"split_type":[0,0,0,0,0,0,0,0,0],"sum_hessian":[9E0,5E0,4E0,1E0,4E0,2E0,2E0,3E0,1E0],"tree_param":{"num_deleted":"0","num_feature":"2","num_nodes":"9","size_leaf_vector":"1"}},{"base_weights":[-6.624748E-1,-1.2340244E1,1.3483343E1,-2.2189236E0,-5.932599E0,5.775299E-1,1.669694E0,-6.551399E-1,-1.7286988E-1],"categories":[],"categories_nodes":[],"categories_segments":[],"categories_sizes":[],"default_left":[0,0,0,0,0,0,0,0,0],"id":23,"left_children":[1,3,5,-1,7,-1,-1,-1,-1],"loss_changes":[1.8183038E3,2.4701324E2,2.7422974E1,0E0,1.6814728E0,0E0,0E0,0E0,0E0],"parents":[2147483647,0,0,1,1,2,2,4,4],"right_children":[2,4,6,-1,8,-1,-1,-1,-1],"split_conditions":[7.3571527E-1,1.0537205E-1,9.467875E-1,-2.2189236E0,5.2514654E-1,5.775299E-1,1.669694E0,-6.551399E-1,-1.7286988E-1],"split_indices":[0,0,0,0,0,0,0,0,0],"split_type":[0,0,0,0,0,0,0,0,0],"sum_hessian":[9E0,5E0,4E0,1E0,4E0,2E0,2E0,3E0,1E0],"tree_param":{"num_deleted":"0","num_feature":"2","num_nodes":"9","size_leaf_vector":"1"}},{"base_weights":[-6.7620164E-1,-1.1614045E1,1.2584452E1,-2.1079776E0,-5.504944E0,3.2641983E-1,1.4098465E0,-6.060047E-1,-1.6422653E-1],"categories":[],"categories_nodes":[],"categories_segments":[],"categories_sizes":[],"default_left":[0,0,0,0,0,0,0,0,0],"id":24,"left_children":[1,3,5,-1,7,-1,-1,-1,-1],"loss_changes":[1.5965859E3,2.3091974E2,2.4534729E1,0E0,7.6872253E-1,0E0,0E0,0E0,0E0],"parents":[2147483647,0,0,1,1,2,2,4,4],"right_children":[2,4,6,-1,8,-1,-1,-1,-1],"split_conditions":[7.3571527E-1,1.0537205E-1,8.397732E-1,-2.1079776E0,5.2514654E-1,3.2641983E-1,1.4098465E0,-6.060047E-1,-1.6422653E-1],"split_indices":[0,0,0,0,0,0,0,0,0],"split_type":[0,0,0,0,0,0,0,0,0],"sum_hessian":[9E0,5E0,4E0,1E0,4E0,1E0,3E0,3E0,1E0],"tree_param":{"num_deleted":"0","num_feature":"2","num_nodes":"9","size_leaf_vector":"1"}},{"base_weights":[-7.227768E-1,-1.0932343E1,1.1673258E1,-2.0025787E0,-5.108496E0,4.8115286E-1,1.4643902E0,-5.605545E-1,-1.5601502E-1],"categories":[],"categories_nodes":[],"categories_segments":[],"categories_sizes":[],"default_left":[0,0,0,0,0,0,0,0,0],"id":25,"left_children":[1,3,5,-1,7,-1,-1,-1,-1],"loss_changes":[1.3931973E3,2.154513E2,3.1459167E1,0E0,7.299805E-2,0E0,0E0,0E0,0E0],"parents":[2147483647,0,0,1,1,2,2,4,4],"right_children":[2,4,6,-1,8,-1,-1,-1,-1],"split_conditions":[7.3571527E-1,1.0537205E-1,9.467875E-1,-2.0025787E0,5.2514654E-1,4.8115286E-1,1.4643902E0,-5.605545E-1,-1.5601502E-1],"split_indices":[0,0,0,0,0,0,0,0,0],"split_type":[0,0,0,0,0,0,0,0,0],"sum_hessian":[9E0,5E0,4E0,1E0,4E0,2E0,2E0,3E0,1E0],"tree_param":{"num_deleted":"0","num_feature":"2","num_nodes":"9","size_leaf_vector":"1"}},{"base_weights":[-7.278595E-1,-1.0292302E1,1.0895044E1,-1.9024498E0,-4.740964E-1,4.4907632E-1,1.3667644E0],"categories":[],"categories_nodes":[],"categories_segments":[],"categories_sizes":[],"default_left":[0,0,0,0,0,0,0],"id":26,"left_children":[1,3,5,-1,-1,-1,-1],"loss_changes":[1.223801E3,2.0065778E2,2.7404358E1,0E0,0E0,0E0,0E0],"parents":[2147483647,0,0,1,1,2,2],"right_children":[2,4,6,-1,-1,-1,-1],"split_conditions":[7.3571527E-1,1.0537205E-1,9.467875E-1,-1.9024498E0,-4.740964E-1,4.4907632E-1,1.3667644E0],"split_indices":[0,0,0,0,0,0,0],"split_type":[0,0,0,0,0,0,0],"sum_hessian":[9E0,5E0,4E0,1E0,4E0,2E0,2E0],"tree_param":{"num_deleted":"0","num_feature":"2","num_nodes":"7","size_leaf_vector":"1"}},{"base_weights":[-7.1114504E-1,-9.659167E0,1.0168711E1,-1.8073273E0,-4.3616915E0,4.191381E-1,1.275647E0,-4.829567E-1,-1.2450943E-1],"categories":[],"categories_nodes":[],"categories_segments":[],"categories_sizes":[],"default_left":[0,0,0,0,0,0,0,0,0],"id":27,"left_children":[1,3,5,-1,7,-1,-1,-1,-1],"loss_changes":[1.071753E3,1.8861108E2,2.3872314E1,0E0,1.2776337E0,0E0,0E0,0E0,0E0],"parents":[2147483647,0,0,1,1,2,2,4,4],"right_children":[2,4,6,-1,8,-1,-1,-1,-1],"split_conditions":[7.3571527E-1,1.0537205E-1,9.467875E-1,-1.8073273E0,5.2514654E-1,4.191381E-1,1.275647E0,-4.829567E-1,-1.2450943E-1],"split_indices":[0,0,0,0,0,0,0,0,0],"split_type":[0,0,0,0,0,0,0,0,0],"sum_hessian":[9E0,5E0,4E0,1E0,4E0,2E0,2E0,3E0,1E0],"tree_param":{"num_deleted":"0","num_feature":"2","num_nodes":"9","size_leaf_vector":"1"}},{"base_weights":[-7.120285E-1,-9.0957155E0,9.490802E0,-1.7169609E0,-4.047015E0,3.9119568E-1,1.1906047E0,-4.939036E-1,-1.8059896E-1],"categories":[],"categories_nodes":[],"categories_segments":[],"categories_sizes":[],"default_left":[0,0,0,0,0,0,0,0,0],"id":28,"left_children":[1,3,5,-1,7,-1,-1,-1,-1],"loss_changes":[9.416991E2,1.750903E2,2.079544E1,0E0,1.0753555E0,0E0,0E0,0E0,0E0],"parents":[2147483647,0,0,1,1,2,2,4,4],"right_children":[2,4,6,-1,8,-1,-1,-1,-1],"split_conditions":[7.3571527E-1,1.0537205E-1,9.467875E-1,-1.7169609E0,4.1946658E-1,3.9119568E-1,1.1906047E0,-4.939036E-1,-1.8059896E-1],"split_indices":[0,0,0,0,0,0,0,0,0],"split_type":[0,0,0,0,0,0,0,0,0],"sum_hessian":[9E0,5E0,4E0,1E0,4E0,2E0,2E0,2E0,2E0],"tree_param":{"num_deleted":"0","num_feature":"2","num_nodes":"9","size_leaf_vector":"1"}},{"base_weights":[-7.217964E-1,-8.584723E0,8.858075E0,-1.631113E0,-3.7772155E0,3.6511537E-1,1.1112305E0,-4.6097717E-1,-1.6855876E-1],"categories":[],"categories_nodes":[],"categories_segments":[],"categories_sizes":[],"default_left":[0,0,0,0,0,0,0,0,0],"id":29,"left_children":[1,3,5,-1,7,-1,-1,-1,-1],"loss_changes":[8.2930237E2,1.6125793E2,1.8115265E1,0E0,9.3681335E-1,0E0,0E0,0E0,0E0],"parents":[2147483647,0,0,1,1,2,2,4,4],"right_children":[2,4,6,-1,8,-1,-1,-1,-1],"split_conditions":[7.3571527E-1,1.0537205E-1,9.467875E-1,-1.631113E0,4.1946658E-1,3.6511537E-1,1.1112305E0,-4.6097717E-1,-1.6855876E-1],"split_indices":[0,0,0,0,0,0,0,0,0],"split_type":[0,0,0,0,0,0,0,0,0],"sum_hessian":[9E0,5E0,4E0,1E0,4E0,2E0,2E0,2E0,2E0],"tree_param":{"num_deleted":"0","num_feature":"2","num_nodes":"9","size_leaf_vector":"1"}},{"base_weights":[-7.2804564E-1,-8.103023E0,8.267535E0,-1.5495576E0,-3.5253968E0,3.4077454E-1,1.037148E0,-4.3024498E-1,-1.5732117E-1],"categories":[],"categories_nodes":[],"categories_segments":[],"categories_sizes":[],"default_left":[0,0,0,0,0,0,0,0,0],"id":30,"left_children":[1,3,5,-1,7,-1,-1,-1,-1],"loss_changes":[7.3041406E2,1.4841397E2,1.5780304E1,0E0,8.1609344E-1,0E0,0E0,0E0,0E0],"parents":[2147483647,0,0,1,1,2,2,4,4],"right_children":[2,4,6,-1,8,-1,-1,-1,-1],"split_conditions":[7.3571527E-1,1.0537205E-1,9.467875E-1,-1.5495576E0,4.1946658E-1,3.4077454E-1,1.037148E0,-4.3024498E-1,-1.5732117E-1],"split_indices":[0,0,0,0,0,0,0,0,0],"split_type":[0,0,0,0,0,0,0,0,0],"sum_hessian":[9E0,5E0,4E0,1E0,4E0,2E0,2E0,2E0,2E0],"tree_param":{"num_deleted":"0","num_feature":"2","num_nodes":"9","size_leaf_vector":"1"}},{"base_weights":[-7.3115844E-1,-7.6489053E0,7.7163696E0,-1.2524796E0,-2.0797615E-1,3.1805623E-1,9.6800536E-1],"categories":[],"categories_nodes":[],"categories_segments":[],"categories_sizes":[],"default_left":[0,0,0,0,0,0,0],"id":31,"left_children":[1,3,5,-1,-1,-1,-1],"loss_changes":[6.434004E2,1.3687857E2,1.374646E1,0E0,0E0,0E0,0E0],"parents":[2147483647,0,0,1,1,2,2],"right_children":[2,4,6,-1,-1,-1,-1],"split_conditions":[7.3571527E-1,3.1522763E-1,9.467875E-1,-1.2524796E0,-2.0797615E-1,3.1805623E-1,9.6800536E-1],"split_indices":[0,0,0,0,0,0,0],"split_type":[0,0,0,0,0,0,0],"sum_hessian":[9E0,5E0,4E0,2E0,3E0,2E0,2E0],"tree_param":{"num_deleted":"0","num_feature":"2","num_nodes":"7","size_leaf_vector":"1"}},{"base_weights":[-6.754829E-1,-7.1274223E0,7.201941E0,-1.4094555E0,-2.9150848E0,2.9685262E-1,9.0347093E-1,-3.2310525E-1,-8.256073E-2],"categories":[],"categories_nodes":[],"categories_segments":[],"categories_sizes":[],"default_left":[0,0,0,0,0,0,0,0,0],"id":32,"left_children":[1,3,5,-1,7,-1,-1,-1,-1],"loss_changes":[5.5957794E2,1.3500064E2,1.1974548E1,0E0,6.3345337E-1,0E0,0E0,0E0,0E0],"parents":[2147483647,0,0,1,1,2,2,4,4],"right_children":[2,4,6,-1,8,-1,-1,-1,-1],"split_conditions":[7.3571527E-1,1.0537205E-1,9.467875E-1,-1.4094555E0,5.2514654E-1,2.9685262E-1,9.0347093E-1,-3.2310525E-1,-8.256073E-2],"split_indices":[0,0,0,0,0,0,0,0,0],"split_type":[0,0,0,0,0,0,0,0,0],"sum_hessian":[9E0,5E0,4E0,1E0,4E0,2E0,2E0,3E0,1E0],"tree_param":{"num_deleted":"0","num_feature":"2","num_nodes":"9","size_leaf_vector":"1"}},{"base_weights":[-6.69413E-1,-6.7172E0,6.721814E0,-1.3389828E0,-2.7047088E0,1.5702973E-1,7.617119E-1,-3.31339E-1,-1.194458E-1],"categories":[],"categories_nodes":[],"categories_segments":[],"categories_sizes":[],"default_left":[0,0,0,0,0,0,0,0,0],"id":33,"left_children":[1,3,5,-1,7,-1,-1,-1,-1],"loss_changes":[4.921574E2,1.2442758E2,1.1099762E1,0E0,6.386032E-1,0E0,0E0,0E0,0E0],"parents":[2147483647,0,0,1,1,2,2,4,4],"right_children":[2,4,6,-1,8,-1,-1,-1,-1],"split_conditions":[7.3571527E-1,1.0537205E-1,8.397732E-1,-1.3389828E0,4.1946658E-1,1.5702973E-1,7.617119E-1,-3.31339E-1,-1.194458E-1],"split_indices":[0,0,0,0,0,0,0,0,0],"split_type":[0,0,0,0,0,0,0,0,0],"sum_hessian":[9E0,5E0,4E0,1E0,4E0,1E0,3E0,2E0,2E0],"tree_param":{"num_deleted":"0","num_feature":"2","num_nodes":"9","size_leaf_vector":"1"}},{"base_weights":[-6.8957675E-1,-6.343773E0,6.233374E0,-1.2720337E0,-2.5243926E0,2.4643758E-1,7.924581E-1,-3.0924937E-1,-1.11482754E-1],"categories":[],"categories_nodes":[],"categories_segments":[],"categories_sizes":[],"default_left":[0,0,0,0,0,0,0,0,0],"id":34,"left_children":[1,3,5,-1,7,-1,-1,-1,-1],"loss_changes":[4.3098032E2,1.1401601E2,1.2341644E1,0E0,5.562782E-1,0E0,0E0,0E0,0E0],"parents":[2147483647,0,0,1,1,2,2,4,4],"right_children":[2,4,6,-1,8,-1,-1,-1,-1],"split_conditions":[7.3571527E-1,1.0537205E-1,9.467875E-1,-1.2720337E0,4.1946658E-1,2.4643758E-1,7.924581E-1,-3.0924937E-1,-1.11482754E-1],"split_indices":[0,0,0,0,0,0,0,0,0],"split_type":[0,0,0,0,0,0,0,0,0],"sum_hessian":[9E0,5E0,4E0,1E0,4E0,2E0,2E0,2E0,2E0],"tree_param":{"num_deleted":"0","num_feature":"2","num_nodes":"9","size_leaf_vector":"1"}},{"base_weights":[-6.860031E-1,-5.9915237E0,5.8178225E0,-1.2084321E0,-2.3561006E0,2.3000896E-1,7.396281E-1,-2.8863272E-1,-1.04050696E-1],"categories":[],"categories_nodes":[],"categories_segments":[],"categories_sizes":[],"default_left":[0,0,0,0,0,0,0,0,0],"id":35,"left_children":[1,3,5,-1,7,-1,-1,-1,-1],"loss_changes":[3.7991943E2,1.0442749E2,1.075087E1,0E0,4.8457146E-1,0E0,0E0,0E0,0E0],"parents":[2147483647,0,0,1,1,2,2,4,4],"right_children":[2,4,6,-1,8,-1,-1,-1,-1],"split_conditions":[7.3571527E-1,1.0537205E-1,9.467875E-1,-1.2084321E0,4.1946658E-1,2.3000896E-1,7.396281E-1,-2.8863272E-1,-1.04050696E-1],"split_indices":[0,0,0,0,0,0,0,0,0],"split_type":[0,0,0,0,0,0,0,0,0],"sum_hessian":[9E0,5E0,4E0,1E0,4E0,2E0,2E0,2E0,2E0],"tree_param":{"num_deleted":"0","num_feature":"2","num_nodes":"9","size_leaf_vector":"1"}},{"base_weights":[-6.805496E-1,-5.659223E0,5.4299684E0,-1.1480103E0,-2.1990266E0,2.1467488E-1,6.9031984E-1,-2.6939037E-1,-9.711406E-2],"categories":[],"categories_nodes":[],"categories_segments":[],"categories_sizes":[],"default_left":[0,0,0,0,0,0,0,0,0],"id":36,"left_children":[1,3,5,-1,7,-1,-1,-1,-1],"loss_changes":[3.3495215E2,9.560327E1,9.36525E0,0E0,4.2210388E-1,0E0,0E0,0E0,0E0],"parents":[2147483647,0,0,1,1,2,2,4,4],"right_children":[2,4,6,-1,8,-1,-1,-1,-1],"split_conditions":[7.3571527E-1,1.0537205E-1,9.467875E-1,-1.1480103E0,4.1946658E-1,2.1467488E-1,6.9031984E-1,-2.6939037E-1,-9.711406E-2],"split_indices":[0,0,0,0,0,0,0,0,0],"split_type":[0,0,0,0,0,0,0,0,0],"sum_hessian":[9E0,5E0,4E0,1E0,4E0,2E0,2E0,2E0,2E0],"tree_param":{"num_deleted":"0","num_feature":"2","num_nodes":"9","size_leaf_vector":"1"}},{"base_weights":[-6.7344207E-1,-5.345721E0,5.067981E0,-1.0906098E0,-2.052426E0,2.0036419E-1,6.442993E-1,-2.2813912E-1,-5.682831E-2],"categories":[],"categories_nodes":[],"categories_segments":[],"categories_sizes":[],"default_left":[0,0,0,0,0,0,0,0,0],"id":37,"left_children":[1,3,5,-1,7,-1,-1,-1,-1],"loss_changes":[2.953473E2,8.748779E1,8.158066E0,0E0,4.0260887E-1,0E0,0E0,0E0,0E0],"parents":[2147483647,0,0,1,1,2,2,4,4],"right_children":[2,4,6,-1,8,-1,-1,-1,-1],"split_conditions":[7.3571527E-1,1.0537205E-1,9.467875E-1,-1.0906098E0,5.2514654E-1,2.0036419E-1,6.442993E-1,-2.2813912E-1,-5.682831E-2],"split_indices":[0,0,0,0,0,0,0,0,0],"split_type":[0,0,0,0,0,0,0,0,0],"sum_hessian":[9E0,5E0,4E0,1E0,4E0,2E0,2E0,3E0,1E0],"tree_param":{"num_deleted":"0","num_feature":"2","num_nodes":"9","size_leaf_vector":"1"}},{"base_weights":[-6.591919E-1,-8.617345E0,2.4075146E0,-1.0360794E0,-2.565224E-1,-4.5967713E-1,5.3896254E-1,-1.0976143E-1,1.0460358E-1],"categories":[],"categories_nodes":[],"categories_segments":[],"categories_sizes":[],"default_left":[0,0,0,0,0,0,0,0,0],"id":38,"left_children":[1,3,5,-1,-1,7,-1,-1,-1],"loss_changes":[2.647996E2,5.076935E0,7.087976E1,0E0,0E0,5.950895E0,0E0,0E0,0E0],"parents":[2147483647,0,0,1,1,2,2,5,5],"right_children":[2,4,6,-1,-1,8,-1,-1,-1],"split_conditions":[3.1522763E-1,1.0537205E-1,8.397732E-1,-1.0360794E0,-2.565224E-1,7.3571527E-1,5.3896254E-1,-1.0976143E-1,1.0460358E-1],"split_indices":[0,0,0,0,0,0,0,0,0],"split_type":[0,0,0,0,0,0,0,0,0],"sum_hessian":[9E0,2E0,7E0,1E0,1E0,4E0,3E0,3E0,1E0],"tree_param":{"num_deleted":"0","num_feature":"2","num_nodes":"9","size_leaf_vector":"1"}},{"base_weights":[-6.6915816E-1,-8.1864805E0,2.2334824E0,-9.8427546E-1,-2.436966E-1,-1.01529695E-1,4.3858094E0,1.6555278E-1,5.6541544E-1],"categories":[],"categories_nodes":[],"categories_segments":[],"categories_sizes":[],"default_left":[0,0,0,0,0,0,0,0,0],"id":39,"left_children":[1,3,5,-1,-1,-1,7,-1,-1],"loss_changes":[2.364852E2,4.5818634E0,6.0392387E1,0E0,0E0,0E0,7.9540787E0,0E0,0E0],"parents":[2147483647,0,0,1,1,2,2,6,6],"right_children":[2,4,6,-1,-1,-1,8,-1,-1],"split_conditions":[3.1522763E-1,1.0537205E-1,7.3571527E-1,-9.8427546E-1,-2.436966E-1,-1.01529695E-1,9.467875E-1,1.6555278E-1,5.6541544E-1],"split_indices":[0,0,0,0,0,0,0,0,0],"split_type":[0,0,0,0,0,0,0,0,0],"sum_hessian":[9E0,2E0,7E0,1E0,1E0,3E0,4E0,2E0,2E0],"tree_param":{"num_deleted":"0","num_feature":"2","num_nodes":"9","size_leaf_vector":"1"}},{"base_weights":[-6.620987E-1,-7.7771554E0,2.08881E0,-9.3506163E-1,-2.315117E-1,-3.8693848E-1,4.661293E0,-9.39148E-2,9.109497E-2,1.406784E-1,5.2772015E-1],"categories":[],"categories_nodes":[],"categories_segments":[],"categories_sizes":[],"default_left":[0,0,0,0,0,0,0,0,0,0,0],"id":40,"left_children":[1,3,5,-1,-1,7,9,-1,-1,-1,-1],"loss_changes":[2.1197372E2,4.135132E0,5.27542E1,0E0,0E0,4.439048E0,5.940323E-1,0E0,0E0,0E0,0E0],"parents":[2147483647,0,0,1,1,2,2,5,5,6,6],"right_children":[2,4,6,-1,-1,8,10,-1,-1,-1,-1],"split_conditions":[3.1522763E-1,1.0537205E-1,8.397732E-1,-9.3506163E-1,-2.315117E-1,7.3571527E-1,9.467875E-1,-9.39148E-2,9.109497E-2,1.406784E-1,5.2772015E-1],"split_indices":[0,0,0,0,0,0,0,0,0,0,0],"split_type":[0,0,0,0,0,0,0,0,0,0,0],"sum_hessian":[9E0,2E0,7E0,1E0,1E0,4E0,3E0,3E0,1E0,1E0,2E0],"tree_param":{"num_deleted":"0","num_feature":"2","num_nodes":"11","size_leaf_vector":"1"}},{"base_weights":[-6.459869E-1,-7.3883004E0,1.963129E0,-8.883087E-1,-2.1993637E-1,-3.4880677E-1,4.3622665E0,-8.687096E-2,8.654022E-2,1.336441E-1,4.9253947E-1],"categories":[],"categories_nodes":[],"categories_segments":[],"categories_sizes":[],"default_left":[0,0,0,0,0,0,0,0,0,0,0],"id":41,"left_children":[1,3,5,-1,-1,7,9,-1,-1,-1,-1],"loss_changes":[1.9041898E2,3.7319336E0,4.5894802E1,0E0,0E0,3.9081364E0,2.3321533E-1,0E0,0E0,0E0,0E0],"parents":[2147483647,0,0,1,1,2,2,5,5,6,6],"right_children":[2,4,6,-1,-1,8,10,-1,-1,-1,-1],"split_conditions":[3.1522763E-1,1.0537205E-1,8.397732E-1,-8.883087E-1,-2.1993637E-1,7.3571527E-1,9.467875E-1,-8.687096E-2,8.654022E-2,1.336441E-1,4.9253947E-1],"split_indices":[0,0,0,0,0,0,0,0,0,0,0],"split_type":[0,0,0,0,0,0,0,0,0,0,0],"sum_hessian":[9E0,2E0,7E0,1E0,1E0,4E0,3E0,3E0,1E0,1E0,2E0],"tree_param":{"num_deleted":"0","num_feature":"2","num_nodes":"11","size_leaf_vector":"1"}},{"base_weights":[-6.2963104E-1,-7.018885E0,1.8450432E0,-8.4389347E-1,-2.0893936E-1,-8.035584E-2,3.5949159E0,1.3945007E-1,4.5970255E-1],"categories":[],"categories_nodes":[],"categories_segments":[],"categories_sizes":[],"default_left":[0,0,0,0,0,0,0,0,0],"id":42,"left_children":[1,3,5,-1,-1,-1,7,-1,-1],"loss_changes":[1.7106337E2,3.368103E0,3.9966446E1,0E0,0E0,0E0,4.614731E0,0E0,0E0],"parents":[2147483647,0,0,1,1,2,2,6,6],"right_children":[2,4,6,-1,-1,-1,8,-1,-1],"split_conditions":[3.1522763E-1,1.0537205E-1,7.3571527E-1,-8.4389347E-1,-2.0893936E-1,-8.035584E-2,9.467875E-1,1.3945007E-1,4.5970255E-1],"split_indices":[0,0,0,0,0,0,0,0,0],"split_type":[0,0,0,0,0,0,0,0,0],"sum_hessian":[9E0,2E0,7E0,1E0,1E0,3E0,4E0,2E0,2E0],"tree_param":{"num_deleted":"0","num_feature":"2","num_nodes":"9","size_leaf_vector":"1"}},{"base_weights":[-6.200752E-1,-6.6679406E0,1.7253838E0,-8.016987E-1,-1.9849244E-1,-2.9367065E-1,3.817856E-1,-7.4329376E-2,7.524109E-2],"categories":[],"categories_nodes":[],"categories_segments":[],"categories_sizes":[],"default_left":[0,0,0,0,0,0,0,0,0],"id":43,"left_children":[1,3,5,-1,-1,7,-1,-1,-1],"loss_changes":[1.5335495E2,3.0397186E0,3.4919712E1,0E0,0E0,2.9109747E0,0E0,0E0,0E0],"parents":[2147483647,0,0,1,1,2,2,5,5],"right_children":[2,4,6,-1,-1,8,-1,-1,-1],"split_conditions":[3.1522763E-1,1.0537205E-1,8.397732E-1,-8.016987E-1,-1.9849244E-1,7.3571527E-1,3.817856E-1,-7.4329376E-2,7.524109E-2],"split_indices":[0,0,0,0,0,0,0,0,0],"split_type":[0,0,0,0,0,0,0,0,0],"sum_hessian":[9E0,2E0,7E0,1E0,1E0,4E0,3E0,3E0,1E0],"tree_param":{"num_deleted":"0","num_feature":"2","num_nodes":"9","size_leaf_vector":"1"}},{"base_weights":[-6.198174E-1,-6.3345466E0,1.6006832E0,-7.6161385E-1,-1.8856812E-1,-6.875496E-2,3.1111329E0,1.1491903E-1,4.0360314E-1],"categories":[],"categories_nodes":[],"categories_segments":[],"categories_sizes":[],"default_left":[0,0,0,0,0,0,0,0,0],"id":44,"left_children":[1,3,5,-1,-1,-1,7,-1,-1],"loss_changes":[1.3703519E2,2.7432861E0,2.9789143E1,0E0,0E0,0E0,4.4348183E0,0E0,0E0],"parents":[2147483647,0,0,1,1,2,2,6,6],"right_children":[2,4,6,-1,-1,-1,8,-1,-1],"split_conditions":[3.1522763E-1,1.0537205E-1,7.3571527E-1,-7.6161385E-1,-1.8856812E-1,-6.875496E-2,9.467875E-1,1.1491903E-1,4.0360314E-1],"split_indices":[0,0,0,0,0,0,0,0,0],"split_type":[0,0,0,0,0,0,0,0,0],"sum_hessian":[9E0,2E0,7E0,1E0,1E0,3E0,4E0,2E0,2E0],"tree_param":{"num_deleted":"0","num_feature":"2","num_nodes":"9","size_leaf_vector":"1"}},{"base_weights":[-6.078774E-1,-6.01782E0,1.4968357E0,-7.235333E-1,-1.7913972E-1,-2.4585876E-1,3.3009949E0,-6.359825E-2,6.5731816E-2,9.515381E-2,3.766968E-1],"categories":[],"categories_nodes":[],"categories_segments":[],"categories_sizes":[],"default_left":[0,0,0,0,0,0,0,0,0,0,0],"id":45,"left_children":[1,3,5,-1,-1,7,9,-1,-1,-1,-1],"loss_changes":[1.2287145E2,2.4758148E0,2.5964363E1,0E0,0E0,2.1797965E0,7.947197E-1,0E0,0E0,0E0,0E0],"parents":[2147483647,0,0,1,1,2,2,5,5,6,6],"right_children":[2,4,6,-1,-1,8,10,-1,-1,-1,-1],"split_conditions":[3.1522763E-1,1.0537205E-1,8.397732E-1,-7.235333E-1,-1.7913972E-1,7.3571527E-1,9.467875E-1,-6.359825E-2,6.5731816E-2,9.515381E-2,3.766968E-1],"split_indices":[0,0,0,0,0,0,0,0,0,0,0],"split_type":[0,0,0,0,0,0,0,0,0,0,0],"sum_hessian":[9E0,2E0,7E0,1E0,1E0,4E0,3E0,3E0,1E0,1E0,2E0],"tree_param":{"num_deleted":"0","num_feature":"2","num_nodes":"11","size_leaf_vector":"1"}},{"base_weights":[-5.8996123E-1,-5.716929E0,1.4063969E0,-6.873566E-1,-1.7018281E-1,-2.2084656E-1,3.088852E0,-5.8828354E-2,6.244507E-2,9.039612E-2,3.5158285E-1],"categories":[],"categories_nodes":[],"categories_segments":[],"categories_sizes":[],"default_left":[0,0,0,0,0,0,0,0,0,0,0],"id":46,"left_children":[1,3,5,-1,-1,7,9,-1,-1,-1,-1],"loss_changes":[1.1039291E2,2.2344131E0,2.2584274E1,0E0,0E0,1.9203215E0,5.534172E-1,0E0,0E0,0E0,0E0],"parents":[2147483647,0,0,1,1,2,2,5,5,6,6],"right_children":[2,4,6,-1,-1,8,10,-1,-1,-1,-1],"split_conditions":[3.1522763E-1,1.0537205E-1,8.397732E-1,-6.873566E-1,-1.7018281E-1,7.3571527E-1,9.467875E-1,-5.8828354E-2,6.244507E-2,9.039612E-2,3.5158285E-1],"split_indices":[0,0,0,0,0,0,0,0,0,0,0],"split_type":[0,0,0,0,0,0,0,0,0,0,0],"sum_hessian":[9E0,2E0,7E0,1E0,1E0,4E0,3E0,3E0,1E0,1E0,2E0],"tree_param":{"num_deleted":"0","num_feature":"2","num_nodes":"11","size_leaf_vector":"1"}},{"base_weights":[-5.721626E-1,-5.4310837E0,1.3214531E0,-6.5298885E-1,-1.6167374E-1,-5.4416656E-2,2.5496583E0,9.6799724E-2,3.2814333E-1],"categories":[],"categories_nodes":[],"categories_segments":[],"categories_sizes":[],"default_left":[0,0,0,0,0,0,0,0,0],"id":47,"left_children":[1,3,5,-1,-1,-1,7,-1,-1],"loss_changes":[9.918622E1,2.0165405E0,1.9718346E1,0E0,0E0,0E0,2.6106796E0,0E0,0E0],"parents":[2147483647,0,0,1,1,2,2,6,6],"right_children":[2,4,6,-1,-1,-1,8,-1,-1],"split_conditions":[3.1522763E-1,1.0537205E-1,7.3571527E-1,-6.5298885E-1,-1.6167374E-1,-5.4416656E-2,9.467875E-1,9.6799724E-2,3.2814333E-1],"split_indices":[0,0,0,0,0,0,0,0,0],"split_type":[0,0,0,0,0,0,0,0,0],"sum_hessian":[9E0,2E0,7E0,1E0,1E0,3E0,4E0,2E0,2E0],"tree_param":{"num_deleted":"0","num_feature":"2","num_nodes":"9","size_leaf_vector":"1"}},{"base_weights":[-5.593643E-1,-5.1595306E0,1.2356186E0,-6.203392E-1,-1.535904E-1,-1.8475342E-1,2.702179E0,-5.0335693E-1,5.4483034E-2,8.103638E-2,3.0626628E-1,-5.7534285E-2,-1.4369965E-2],"categories":[],"categories_nodes":[],"categories_segments":[],"categories_sizes":[],"default_left":[0,0,0,0,0,0,0,0,0,0,0,0,0],"id":48,"left_children":[1,3,5,-1,-1,7,9,11,-1,-1,-1,-1,-1],"loss_changes":[8.894741E1,1.8198776E0,1.7163727E1,0E0,0E0,1.4364839E0,2.460041E-1,2.0884395E-2,0E0,0E0,0E0,0E0,0E0],"parents":[2147483647,0,0,1,1,2,2,5,5,6,6,7,7],"right_children":[2,4,6,-1,-1,8,10,12,-1,-1,-1,-1,-1],"split_conditions":[3.1522763E-1,1.0537205E-1,8.397732E-1,-6.203392E-1,-1.535904E-1,7.3571527E-1,9.467875E-1,5.2514654E-1,5.4483034E-2,8.103638E-2,3.0626628E-1,-5.7534285E-2,-1.4369965E-2],"split_indices":[0,0,0,0,0,0,0,0,0,0,0,0,0],"split_type":[0,0,0,0,0,0,0,0,0,0,0,0,0],"sum_hessian":[9E0,2E0,7E0,1E0,1E0,4E0,3E0,3E0,1E0,1E0,2E0,2E0,1E0],"tree_param":{"num_deleted":"0","num_feature":"2","num_nodes":"13","size_leaf_vector":"1"}},{"base_weights":[-5.438301E-1,-4.9015527E0,1.1582947E0,-5.8932227E-1,-1.4591065E-1,-4.7099304E-1,2.2300658E0,-5.3698223E-2,-1.3651276E-2,8.582967E-2,2.85848E-1],"categories":[],"categories_nodes":[],"categories_segments":[],"categories_sizes":[],"default_left":[0,0,0,0,0,0,0,0,0,0,0],"id":49,"left_children":[1,3,5,-1,-1,7,9,-1,-1,-1,-1],"loss_changes":[7.985132E1,1.6424713E0,1.5020137E1,0E0,0E0,1.4983296E-2,1.8567696E0,0E0,0E0,0E0,0E0],"parents":[2147483647,0,0,1,1,2,2,5,5,6,6],"right_children":[2,4,6,-1,-1,8,10,-1,-1,-1,-1],"split_conditions":[3.1522763E-1,1.0537205E-1,7.3571527E-1,-5.8932227E-1,-1.4591065E-1,5.2514654E-1,9.467875E-1,-5.3698223E-2,-1.3651276E-2,8.582967E-2,2.85848E-1],"split_indices":[0,0,0,0,0,0,0,0,0,0,0],"split_type":[0,0,0,0,0,0,0,0,0,0,0],"sum_hessian":[9E0,2E0,7E0,1E0,1E0,3E0,4E0,2E0,1E0,2E0,2E0],"tree_param":{"num_deleted":"0","num_feature":"2","num_nodes":"11","size_leaf_vector":"1"}},{"base_weights":[-5.325371E-1,-4.6564765E0,1.0805073E0,-5.5985606E-1,-1.3861541E-1,-1.6271058E-1,2.3644028E0,-4.4073105E-1,4.746857E-2,7.26944E-2,2.6679078E-1,-5.0118513E-2,-1.2968445E-2],"categories":[],"categories_nodes":[],"categories_segments":[],"categories_sizes":[],"default_left":[0,0,0,0,0,0,0,0,0,0,0,0,0],"id":50,"left_children":[1,3,5,-1,-1,7,9,11,-1,-1,-1,-1,-1],"loss_changes":[7.155232E1,1.4822845E0,1.3154009E1,0E0,0E0,1.0952548E0,4.848671E-2,1.022017E-2,0E0,0E0,0E0,0E0,0E0],"parents":[2147483647,0,0,1,1,2,2,5,5,6,6,7,7],"right_children":[2,4,6,-1,-1,8,10,12,-1,-1,-1,-1,-1],"split_conditions":[3.1522763E-1,1.0537205E-1,8.397732E-1,-5.5985606E-1,-1.3861541E-1,7.3571527E-1,9.467875E-1,5.2514654E-1,4.746857E-2,7.26944E-2,2.6679078E-1,-5.0118513E-2,-1.2968445E-2],"split_indices":[0,0,0,0,0,0,0,0,0,0,0,0,0],"split_type":[0,0,0,0,0,0,0,0,0,0,0,0,0],"sum_hessian":[9E0,2E0,7E0,1E0,1E0,4E0,3E0,3E0,1E0,1E0,2E0,2E0,1E0],"tree_param":{"num_deleted":"0","num_feature":"2","num_nodes":"13","size_leaf_vector":"1"}},{"base_weights":[-5.1674044E-1,-4.423655E0,1.0129452E0,-5.318634E-1,-1.3168488E-1,-4.12426E-1,1.9506531E0,-4.6776835E-2,-1.2319947E-2,7.610372E-2,2.4900512E-1],"categories":[],"categories_nodes":[],"categories_segments":[],"categories_sizes":[],"default_left":[0,0,0,0,0,0,0,0,0,0,0],"id":51,"left_children":[1,3,5,-1,-1,7,9,-1,-1,-1,-1],"loss_changes":[6.424444E1,1.3377419E0,1.1497152E1,0E0,0E0,6.397128E-3,1.313364E0,0E0,0E0,0E0,0E0],"parents":[2147483647,0,0,1,1,2,2,5,5,6,6],"right_children":[2,4,6,-1,-1,8,10,-1,-1,-1,-1],"split_conditions":[3.1522763E-1,1.0537205E-1,7.3571527E-1,-5.318634E-1,-1.3168488E-1,5.2514654E-1,9.467875E-1,-4.6776835E-2,-1.2319947E-2,7.610372E-2,2.4900512E-1],"split_indices":[0,0,0,0,0,0,0,0,0,0,0],"split_type":[0,0,0,0,0,0,0,0,0,0,0],"sum_hessian":[9E0,2E0,7E0,1E0,1E0,3E0,4E0,2E0,1E0,2E0,2E0],"tree_param":{"num_deleted":"0","num_feature":"2","num_nodes":"11","size_leaf_vector":"1"}},{"base_weights":[-5.0481874E-1,-4.202474E0,9.449043E-1,-5.052704E-1,-1.2510072E-1,-1.4360352E-1,2.0693131E-1,-3.859558E-1,4.1290283E-2,-4.365794E-2,-1.1704254E-2],"categories":[],"categories_nodes":[],"categories_segments":[],"categories_sizes":[],"default_left":[0,0,0,0,0,0,0,0,0,0,0],"id":52,"left_children":[1,3,5,-1,-1,7,-1,9,-1,-1,-1],"loss_changes":[5.7576694E1,1.2073097E0,1.0088581E1,0E0,0E0,8.337152E-1,0E0,3.3550858E-3,0E0,0E0,0E0],"parents":[2147483647,0,0,1,1,2,2,5,5,7,7],"right_children":[2,4,6,-1,-1,8,-1,10,-1,-1,-1],"split_conditions":[3.1522763E-1,1.0537205E-1,8.397732E-1,-5.052704E-1,-1.2510072E-1,7.3571527E-1,2.0693131E-1,5.2514654E-1,4.1290283E-2,-4.365794E-2,-1.1704254E-2],"split_indices":[0,0,0,0,0,0,0,0,0,0,0],"split_type":[0,0,0,0,0,0,0,0,0,0,0],"sum_hessian":[9E0,2E0,7E0,1E0,1E0,4E0,3E0,3E0,1E0,2E0,1E0],"tree_param":{"num_deleted":"0","num_feature":"2","num_nodes":"11","size_leaf_vector":"1"}},{"base_weights":[-4.9809036E-1,-3.9923477E0,8.7451744E-1,-4.8000678E-1,-1.18845366E-1,-3.6120224E-1,1.6881897E0,-4.074758E-2,-1.111908E-2,6.275533E-2,2.1860962E-1],"categories":[],"categories_nodes":[],"categories_segments":[],"categories_sizes":[],"default_left":[0,0,0,0,0,0,0,0,0,0,0],"id":53,"left_children":[1,3,5,-1,-1,7,9,-1,-1,-1,-1],"loss_changes":[5.1453827E1,1.0896225E0,8.653543E0,0E0,0E0,9.6809864E-4,1.2685986E0,0E0,0E0,0E0,0E0],"parents":[2147483647,0,0,1,1,2,2,5,5,6,6],"right_children":[2,4,6,-1,-1,8,10,-1,-1,-1,-1],"split_conditions":[3.1522763E-1,1.0537205E-1,7.3571527E-1,-4.8000678E-1,-1.18845366E-1,5.2514654E-1,9.467875E-1,-4.074758E-2,-1.111908E-2,6.275533E-2,2.1860962E-1],"split_indices":[0,0,0,0,0,0,0,0,0,0,0],"split_type":[0,0,0,0,0,0,0,0,0,0,0],"sum_hessian":[9E0,2E0,7E0,1E0,1E0,3E0,4E0,2E0,1E0,2E0,2E0],"tree_param":{"num_deleted":"0","num_feature":"2","num_nodes":"11","size_leaf_vector":"1"}},{"base_weights":[-4.852127E-1,-3.7927296E0,8.1575775E-1,-4.5600662E-1,-1.12902835E-1,-1.2608643E-1,1.7891235E0,-3.3805083E-2,3.6088564E-2,5.177002E-2,2.0403646E-1],"categories":[],"categories_nodes":[],"categories_segments":[],"categories_sizes":[],"default_left":[0,0,0,0,0,0,0,0,0,0,0],"id":54,"left_children":[1,3,5,-1,-1,7,9,-1,-1,-1,-1],"loss_changes":[4.6123764E1,9.8342514E-1,7.559655E0,0E0,0E0,6.381014E-1,2.2143745E-1,0E0,0E0,0E0,0E0],"parents":[2147483647,0,0,1,1,2,2,5,5,6,6],"right_children":[2,4,6,-1,-1,8,10,-1,-1,-1,-1],"split_conditions":[3.1522763E-1,1.0537205E-1,8.397732E-1,-4.5600662E-1,-1.12902835E-1,7.3571527E-1,9.467875E-1,-3.3805083E-2,3.6088564E-2,5.177002E-2,2.0403646E-1],"split_indices":[0,0,0,0,0,0,0,0,0,0,0],"split_type":[0,0,0,0,0,0,0,0,0,0,0],"sum_hessian":[9E0,2E0,7E0,1E0,1E0,4E0,3E0,3E0,1E0,1E0,2E0],"tree_param":{"num_deleted":"0","num_feature":"2","num_nodes":"11","size_leaf_vector":"1"}},{"base_weights":[-4.6777648E-1,-3.6030934E0,7.6643944E-1,-4.3320617E-1,-1.0725784E-1,-3.1270218E-1,1.4764649E0,-4.1876223E-2,-1.3776143E-2,5.564372E-2,1.9043376E-1],"categories":[],"categories_nodes":[],"categories_segments":[],"categories_sizes":[],"default_left":[0,0,0,0,0,0,0,0,0,0,0],"id":55,"left_children":[1,3,5,-1,-1,7,9,-1,-1,-1,-1],"loss_changes":[4.1458138E1,8.8751984E-1,6.5914373E0,0E0,0E0,1.6527623E-2,9.086304E-1,0E0,0E0,0E0,0E0],"parents":[2147483647,0,0,1,1,2,2,5,5,6,6],"right_children":[2,4,6,-1,-1,8,10,-1,-1,-1,-1],"split_conditions":[3.1522763E-1,1.0537205E-1,7.3571527E-1,-4.3320617E-1,-1.0725784E-1,4.1946658E-1,9.467875E-1,-4.1876223E-2,-1.3776143E-2,5.564372E-2,1.9043376E-1],"split_indices":[0,0,0,0,0,0,0,0,0,0,0],"split_type":[0,0,0,0,0,0,0,0,0,0,0],"sum_hessian":[9E0,2E0,7E0,1E0,1E0,3E0,4E0,1E0,2E0,2E0,2E0],"tree_param":{"num_deleted":"0","num_feature":"2","num_nodes":"11","size_leaf_vector":"1"}},{"base_weights":[-4.560005E-1,-3.4229405E0,7.1360207E-1,-4.1154596E-1,-1.01895146E-1,-1.1026917E-1,1.5650406E0,-2.953453E-1,3.150177E-2,4.6400454E-2,1.7773844E-1,-3.9782714E-2,-1.2857564E-2],"categories":[],"categories_nodes":[],"categories_segments":[],"categories_sizes":[],"default_left":[0,0,0,0,0,0,0,0,0,0,0,0,0],"id":56,"left_children":[1,3,5,-1,-1,7,9,11,-1,-1,-1,-1,-1],"loss_changes":[3.7144024E1,8.0096817E-1,5.7843814E0,0E0,0E0,4.8659128E-1,1.104784E-1,1.721257E-2,0E0,0E0,0E0,0E0,0E0],"parents":[2147483647,0,0,1,1,2,2,5,5,6,6,7,7],"right_children":[2,4,6,-1,-1,8,10,12,-1,-1,-1,-1,-1],"split_conditions":[3.1522763E-1,1.0537205E-1,8.397732E-1,-4.1154596E-1,-1.01895146E-1,7.3571527E-1,9.467875E-1,4.1946658E-1,3.150177E-2,4.6400454E-2,1.7773844E-1,-3.9782714E-2,-1.2857564E-2],"split_indices":[0,0,0,0,0,0,0,0,0,0,0,0,0],"split_type":[0,0,0,0,0,0,0,0,0,0,0,0,0],"sum_hessian":[9E0,2E0,7E0,1E0,1E0,4E0,3E0,3E0,1E0,1E0,2E0,1E0,2E0],"tree_param":{"num_deleted":"0","num_feature":"2","num_nodes":"13","size_leaf_vector":"1"}},{"base_weights":[-4.4144058E-1,-3.251793E0,6.676216E-1,-3.909687E-1,-9.680023E-2,-2.789688E-1,1.2913697E0,-3.7793733E-2,-1.2000021E-2,4.9338784E-2,1.6588949E-1],"categories":[],"categories_nodes":[],"categories_segments":[],"categories_sizes":[],"default_left":[0,0,0,0,0,0,0,0,0,0,0],"id":57,"left_children":[1,3,5,-1,-1,7,9,-1,-1,-1,-1],"loss_changes":[3.3339523E1,7.2289085E-1,5.083723E0,0E0,0E0,1.757899E-2,6.4791393E-1,0E0,0E0,0E0,0E0],"parents":[2147483647,0,0,1,1,2,2,5,5,6,6],"right_children":[2,4,6,-1,-1,8,10,-1,-1,-1,-1],"split_conditions":[3.1522763E-1,1.0537205E-1,7.3571527E-1,-3.909687E-1,-9.680023E-2,4.1946658E-1,9.467875E-1,-3.7793733E-2,-1.2000021E-2,4.9338784E-2,1.6588949E-1],"split_indices":[0,0,0,0,0,0,0,0,0,0,0],"split_type":[0,0,0,0,0,0,0,0,0,0,0],"sum_hessian":[9E0,2E0,7E0,1E0,1E0,3E0,4E0,1E0,2E0,2E0,2E0],"tree_param":{"num_deleted":"0","num_feature":"2","num_nodes":"11","size_leaf_vector":"1"}},{"base_weights":[-4.295334E-1,-3.089203E0,6.2153435E-1,-3.714203E-1,-9.196015E-2,-1.0097961E-1,1.3692932E0,-2.635231E-1,2.7459716E-2,4.161377E-2,1.5482992E-1,-3.590393E-2,-1.1200461E-2],"categories":[],"categories_nodes":[],"categories_segments":[],"categories_sizes":[],"default_left":[0,0,0,0,0,0,0,0,0,0,0,0,0],"id":58,"left_children":[1,3,5,-1,-1,7,9,11,-1,-1,-1,-1,-1],"loss_changes":[2.9874973E1,6.524162E-1,4.4604006E0,0E0,0E0,3.776005E-1,3.8176537E-2,1.7675847E-2,0E0,0E0,0E0,0E0,0E0],"parents":[2147483647,0,0,1,1,2,2,5,5,6,6,7,7],"right_children":[2,4,6,-1,-1,8,10,12,-1,-1,-1,-1,-1],"split_conditions":[3.1522763E-1,1.0537205E-1,8.397732E-1,-3.714203E-1,-9.196015E-2,7.3571527E-1,9.467875E-1,4.1946658E-1,2.7459716E-2,4.161377E-2,1.5482992E-1,-3.590393E-2,-1.1200461E-2],"split_indices":[0,0,0,0,0,0,0,0,0,0,0,0,0],"split_type":[0,0,0,0,0,0,0,0,0,0,0,0,0],"sum_hessian":[9E0,2E0,7E0,1E0,1E0,4E0,3E0,3E0,1E0,1E0,2E0,1E0,2E0],"tree_param":{"num_deleted":"0","num_feature":"2","num_nodes":"13","size_leaf_vector":"1"}},{"base_weights":[-4.1523665E-1,-2.9347408E0,5.8148193E-1,-3.5284922E-1,-8.736191E-2,-2.4894714E-1,1.1295288E0,-3.4108736E-2,-1.0453797E-2,4.374593E-2,1.4450888E-1],"categories":[],"categories_nodes":[],"categories_segments":[],"categories_sizes":[],"default_left":[0,0,0,0,0,0,0,0,0,0,0],"id":59,"left_children":[1,3,5,-1,-1,7,9,-1,-1,-1,-1],"loss_changes":[2.6818865E1,5.888214E-1,3.9221053E0,0E0,0E0,1.7566979E-2,4.5977974E-1,0E0,0E0,0E0,0E0],"parents":[2147483647,0,0,1,1,2,2,5,5,6,6],"right_children":[2,4,6,-1,-1,8,10,-1,-1,-1,-1],"split_conditions":[3.1522763E-1,1.0537205E-1,7.3571527E-1,-3.5284922E-1,-8.736191E-2,4.1946658E-1,9.467875E-1,-3.4108736E-2,-1.0453797E-2,4.374593E-2,1.4450888E-1],"split_indices":[0,0,0,0,0,0,0,0,0,0,0],"split_type":[0,0,0,0,0,0,0,0,0,0,0],"sum_hessian":[9E0,2E0,7E0,1E0,1E0,3E0,4E0,1E0,2E0,2E0,2E0],"tree_param":{"num_deleted":"0","num_feature":"2","num_nodes":"11","size_leaf_vector":"1"}},{"base_weights":[-4.033615E-1,-2.7880046E0,5.412998E-1,-3.352066E-1,-8.299408E-2,-9.255676E-2,1.1982956E-1,-2.3519516E-1,2.3899842E-2,-3.2403566E-2,-9.756979E-3],"categories":[],"categories_nodes":[],"categories_segments":[],"categories_sizes":[],"default_left":[0,0,0,0,0,0,0,0,0,0,0],"id":60,"left_children":[1,3,5,-1,-1,7,-1,9,-1,-1,-1],"loss_changes":[2.4035948E1,5.3138924E-1,3.4424393E0,0E0,0E0,2.9267377E-1,0E0,1.7290726E-2,0E0,0E0,0E0],"parents":[2147483647,0,0,1,1,2,2,5,5,7,7],"right_children":[2,4,6,-1,-1,8,-1,10,-1,-1,-1],"split_conditions":[3.1522763E-1,1.0537205E-1,8.397732E-1,-3.352066E-1,-8.299408E-2,7.3571527E-1,1.1982956E-1,4.1946658E-1,2.3899842E-2,-3.2403566E-2,-9.756979E-3],"split_indices":[0,0,0,0,0,0,0,0,0,0,0],"split_type":[0,0,0,0,0,0,0,0,0,0,0],"sum_hessian":[9E0,2E0,7E0,1E0,1E0,4E0,3E0,3E0,1E0,1E0,2E0],"tree_param":{"num_deleted":"0","num_feature":"2","num_nodes":"11","size_leaf_vector":"1"}},{"base_weights":[-3.94693E-1,-2.6486053E0,4.9986076E-1,-3.1844637E-1,-7.884445E-2,-2.2221756E-1,9.775513E-1,-3.0783081E-2,-9.106955E-3,3.6039226E-2,1.26886E-1],"categories":[],"categories_nodes":[],"categories_segments":[],"categories_sizes":[],"default_left":[0,0,0,0,0,0,0,0,0,0,0],"id":61,"left_children":[1,3,5,-1,-1,7,9,-1,-1,-1,-1],"loss_changes":[2.1486393E1,4.795742E-1,2.9766688E0,0E0,0E0,1.6878009E-2,4.4163132E-1,0E0,0E0,0E0,0E0],"parents":[2147483647,0,0,1,1,2,2,5,5,6,6],"right_children":[2,4,6,-1,-1,8,10,-1,-1,-1,-1],"split_conditions":[3.1522763E-1,1.0537205E-1,7.3571527E-1,-3.1844637E-1,-7.884445E-2,4.1946658E-1,9.467875E-1,-3.0783081E-2,-9.106955E-3,3.6039226E-2,1.26886E-1],"split_indices":[0,0,0,0,0,0,0,0,0,0,0],"split_type":[0,0,0,0,0,0,0,0,0,0,0],"sum_hessian":[9E0,2E0,7E0,1E0,1E0,3E0,4E0,1E0,2E0,2E0,2E0],"tree_param":{"num_deleted":"0","num_feature":"2","num_nodes":"11","size_leaf_vector":"1"}},{"base_weights":[-3.826515E-1,-2.516177E0,4.6525192E-1,-3.0252418E-1,-7.490235E-2,-2.0996857E-1,9.1237795E-1,-2.9244233E-2,-8.499655E-3,4.46373E-2,1.3881989E-1],"categories":[],"categories_nodes":[],"categories_segments":[],"categories_sizes":[],"default_left":[0,0,0,0,0,0,0,0,0,0,0],"id":62,"left_children":[1,3,5,-1,-1,7,9,-1,-1,-1,-1],"loss_changes":[1.926089E1,4.3281174E-1,2.6068401E0,0E0,0E0,1.6371056E-2,4.8901987E-1,0E0,0E0,0E0,0E0],"parents":[2147483647,0,0,1,1,2,2,5,5,6,6],"right_children":[2,4,6,-1,-1,8,10,-1,-1,-1,-1],"split_conditions":[3.1522763E-1,1.0537205E-1,7.3571527E-1,-3.0252418E-1,-7.490235E-2,4.1946658E-1,1E0,-2.9244233E-2,-8.499655E-3,4.46373E-2,1.3881989E-1],"split_indices":[0,0,0,0,0,0,0,0,0,0,0],"split_type":[0,0,0,0,0,0,0,0,0,0,0],"sum_hessian":[9E0,2E0,7E0,1E0,1E0,3E0,4E0,1E0,2E0,3E0,1E0],"tree_param":{"num_deleted":"0","num_feature":"2","num_nodes":"11","size_leaf_vector":"1"}},{"base_weights":[-3.6756057E-1,-2.3903682E0,4.3693733E-1,-2.8739816E-1,-7.1157075E-2,-8.4042355E-2,9.789276E-1,-1.9840622E-1,1.8670654E-2,4.2604577E-2,1.3187866E-1,-2.7781678E-2,-7.933045E-3],"categories":[],"categories_nodes":[],"categories_segments":[],"categories_sizes":[],"default_left":[0,0,0,0,0,0,0,0,0,0,0,0,0],"id":63,"left_children":[1,3,5,-1,-1,7,9,11,-1,-1,-1,-1,-1],"loss_changes":[1.7317886E1,3.90625E-1,2.341199E0,0E0,0E0,1.918632E-1,1.89744E-1,1.5784174E-2,0E0,0E0,0E0,0E0,0E0],"parents":[2147483647,0,0,1,1,2,2,5,5,6,6,7,7],"right_children":[2,4,6,-1,-1,8,10,12,-1,-1,-1,-1,-1],"split_conditions":[3.1522763E-1,1.0537205E-1,8.397732E-1,-2.8739816E-1,-7.1157075E-2,7.3571527E-1,1E0,4.1946658E-1,1.8670654E-2,4.2604577E-2,1.3187866E-1,-2.7781678E-2,-7.933045E-3],"split_indices":[0,0,0,0,0,0,0,0,0,0,0,0,0],"split_type":[0,0,0,0,0,0,0,0,0,0,0,0,0],"sum_hessian":[9E0,2E0,7E0,1E0,1E0,4E0,3E0,3E0,1E0,2E0,1E0,1E0,2E0],"tree_param":{"num_deleted":"0","num_feature":"2","num_nodes":"13","size_leaf_vector":"1"}},{"base_weights":[-3.5091478E-1,-2.2708511E0,4.1292572E-1,-2.730282E-1,-6.759949E-2,-7.904663E-2,9.246597E-1,-1.8749237E-1,1.7736817E-2,3.9764404E-2,1.2528534E-1,-2.6392365E-2,-7.4040736E-3],"categories":[],"categories_nodes":[],"categories_segments":[],"categories_sizes":[],"default_left":[0,0,0,0,0,0,0,0,0,0,0,0,0],"id":64,"left_children":[1,3,5,-1,-1,7,9,11,-1,-1,-1,-1,-1],"loss_changes":[1.5602944E1,3.5252094E-1,2.087163E0,0E0,0E0,1.7229064E-1,1.9366312E-1,1.5143916E-2,0E0,0E0,0E0,0E0,0E0],"parents":[2147483647,0,0,1,1,2,2,5,5,6,6,7,7],"right_children":[2,4,6,-1,-1,8,10,12,-1,-1,-1,-1,-1],"split_conditions":[3.1522763E-1,1.0537205E-1,8.397732E-1,-2.730282E-1,-6.759949E-2,7.3571527E-1,1E0,4.1946658E-1,1.7736817E-2,3.9764404E-2,1.2528534E-1,-2.6392365E-2,-7.4040736E-3],"split_indices":[0,0,0,0,0,0,0,0,0,0,0,0,0],"split_type":[0,0,0,0,0,0,0,0,0,0,0,0,0],"sum_hessian":[9E0,2E0,7E0,1E0,1E0,4E0,3E0,3E0,1E0,2E0,1E0,1E0,2E0],"tree_param":{"num_deleted":"0","num_feature":"2","num_nodes":"13","size_leaf_vector":"1"}},{"base_weights":[-3.3498612E-1,-2.1573105E0,3.902588E-1,-2.593769E-1,-6.421967E-2,-7.4353024E-2,8.7345886E-1,-1.7719269E-1,1.6850282E-2,3.7113443E-2,1.1902161E-1,-2.507248E-2,-6.9107055E-3],"categories":[],"categories_nodes":[],"categories_segments":[],"categories_sizes":[],"default_left":[0,0,0,0,0,0,0,0,0,0,0,0,0],"id":65,"left_children":[1,3,5,-1,-1,7,9,11,-1,-1,-1,-1,-1],"loss_changes":[1.4058225E1,3.181429E-1,1.860948E0,0E0,0E0,1.5473352E-1,1.9472933E-1,1.4464214E-2,0E0,0E0,0E0,0E0,0E0],"parents":[2147483647,0,0,1,1,2,2,5,5,6,6,7,7],"right_children":[2,4,6,-1,-1,8,10,12,-1,-1,-1,-1,-1],"split_conditions":[3.1522763E-1,1.0537205E-1,8.397732E-1,-2.593769E-1,-6.421967E-2,7.3571527E-1,1E0,4.1946658E-1,1.6850282E-2,3.7113443E-2,1.1902161E-1,-2.507248E-2,-6.9107055E-3],"split_indices":[0,0,0,0,0,0,0,0,0,0,0,0,0],"split_type":[0,0,0,0,0,0,0,0,0,0,0,0,0],"sum_hessian":[9E0,2E0,7E0,1E0,1E0,4E0,3E0,3E0,1E0,2E0,1E0,1E0,2E0],"tree_param":{"num_deleted":"0","num_feature":"2","num_nodes":"13","size_leaf_vector":"1"}},{"base_weights":[-3.1974488E-1,-2.0494435E0,3.6886024E-1,-2.4640809E-1,-6.1008453E-2,1.2865703E-2,9.57896E-2,-1.6746902E-1,2.4902344E-2,-2.381897E-2,-6.4498903E-3],"categories":[],"categories_nodes":[],"categories_segments":[],"categories_sizes":[],"default_left":[0,0,0,0,0,0,0,0,0,0,0],"id":66,"left_children":[1,3,5,-1,-1,7,-1,9,-1,-1,-1],"loss_changes":[1.2666753E1,2.87138E-1,1.6652241E0,0E0,0E0,2.9722837E-1,0E0,1.3765484E-2,0E0,0E0,0E0],"parents":[2147483647,0,0,1,1,2,2,5,5,7,7],"right_children":[2,4,6,-1,-1,8,-1,10,-1,-1,-1],"split_conditions":[3.1522763E-1,1.0537205E-1,9.467875E-1,-2.4640809E-1,-6.1008453E-2,7.3571527E-1,9.57896E-2,4.1946658E-1,2.4902344E-2,-2.381897E-2,-6.4498903E-3],"split_indices":[0,0,0,0,0,0,0,0,0,0,0],"split_type":[0,0,0,0,0,0,0,0,0,0,0],"sum_hessian":[9E0,2E0,7E0,1E0,1E0,5E0,2E0,3E0,2E0,1E0,2E0],"tree_param":{"num_deleted":"0","num_feature":"2","num_nodes":"11","size_leaf_vector":"1"}},{"base_weights":[-3.0947036E-1,-1.9469732E0,3.4327698E-1,-2.3408775E-1,-5.7958223E-2,-6.757812E-2,7.710266E-1,-1.5828705E-1,1.4762878E-2,3.0616252E-2,1.0828095E-1,-2.2628022E-2,-6.0195923E-3],"categories":[],"categories_nodes":[],"categories_segments":[],"categories_sizes":[],"default_left":[0,0,0,0,0,0,0,0,0,0,0,0,0],"id":67,"left_children":[1,3,5,-1,-1,7,9,11,-1,-1,-1,-1,-1],"loss_changes":[1.1357107E1,2.5913334E-1,1.4580497E0,0E0,0E0,1.2097366E-1,2.482307E-1,1.3056956E-2,0E0,0E0,0E0,0E0,0E0],"parents":[2147483647,0,0,1,1,2,2,5,5,6,6,7,7],"right_children":[2,4,6,-1,-1,8,10,12,-1,-1,-1,-1,-1],"split_conditions":[3.1522763E-1,1.0537205E-1,8.397732E-1,-2.3408775E-1,-5.7958223E-2,7.3571527E-1,1E0,4.1946658E-1,1.4762878E-2,3.0616252E-2,1.0828095E-1,-2.2628022E-2,-6.0195923E-3],"split_indices":[0,0,0,0,0,0,0,0,0,0,0,0,0],"split_type":[0,0,0,0,0,0,0,0,0,0,0,0,0],"sum_hessian":[9E0,2E0,7E0,1E0,1E0,4E0,3E0,3E0,1E0,2E0,1E0,1E0,2E0],"tree_param":{"num_deleted":"0","num_feature":"2","num_nodes":"13","size_leaf_vector":"1"}},{"base_weights":[-2.9522628E-1,-1.8496271E0,3.2457733E-1,-2.223835E-1,-5.5060577E-2,7.703944E-2,1.0286713E-1,-1.4962006E-1,2.8443908E-2,-2.1496583E-2,-5.6182863E-3],"categories":[],"categories_nodes":[],"categories_segments":[],"categories_sizes":[],"default_left":[0,0,0,0,0,0,0,0,0,0,0],"id":68,"left_children":[1,3,5,-1,-1,7,-1,9,-1,-1,-1],"loss_changes":[1.023458E1,2.338562E-1,1.3150713E0,0E0,0E0,3.716215E-1,0E0,1.23455E-2,0E0,0E0,0E0],"parents":[2147483647,0,0,1,1,2,2,5,5,7,7],"right_children":[2,4,6,-1,-1,8,-1,10,-1,-1,-1],"split_conditions":[3.1522763E-1,1.0537205E-1,1E0,-2.223835E-1,-5.5060577E-2,7.3571527E-1,1.0286713E-1,4.1946658E-1,2.8443908E-2,-2.1496583E-2,-5.6182863E-3],"split_indices":[0,0,0,0,0,0,0,0,0,0,0],"split_type":[0,0,0,0,0,0,0,0,0,0,0],"sum_hessian":[9E0,2E0,7E0,1E0,1E0,6E0,1E0,3E0,3E0,1E0,2E0],"tree_param":{"num_deleted":"0","num_feature":"2","num_nodes":"11","size_leaf_vector":"1"}},{"base_weights":[-2.8302994E-1,-1.7571487E0,3.0514336E-1,-2.1126442E-1,-5.2307893E-2,6.9525585E-2,9.772339E-2,-1.4143753E-1,2.631073E-2,-2.04216E-2,-5.2439375E-3],"categories":[],"categories_nodes":[],"categories_segments":[],"categories_sizes":[],"default_left":[0,0,0,0,0,0,0,0,0,0,0],"id":69,"left_children":[1,3,5,-1,-1,7,-1,9,-1,-1,-1],"loss_changes":[9.206555E0,2.1103859E-1,1.198909E0,0E0,0E0,3.230835E-1,0E0,1.1639722E-2,0E0,0E0,0E0],"parents":[2147483647,0,0,1,1,2,2,5,5,7,7],"right_children":[2,4,6,-1,-1,8,-1,10,-1,-1,-1],"split_conditions":[3.1522763E-1,1.0537205E-1,1E0,-2.1126442E-1,-5.2307893E-2,7.3571527E-1,9.772339E-2,4.1946658E-1,2.631073E-2,-2.04216E-2,-5.2439375E-3],"split_indices":[0,0,0,0,0,0,0,0,0,0,0],"split_type":[0,0,0,0,0,0,0,0,0,0,0],"sum_hessian":[9E0,2E0,7E0,1E0,1E0,6E0,1E0,3E0,3E0,1E0,2E0],"tree_param":{"num_deleted":"0","num_feature":"2","num_nodes":"11","size_leaf_vector":"1"}},{"base_weights":[-2.7124482E-1,-1.6692911E0,2.8692818E-1,-2.0070115E-1,-4.9692538E-2,6.266785E-2,9.283753E-2,-1.3370895E-1,2.4337769E-2,-1.9400788E-2,-4.8940023E-3],"categories":[],"categories_nodes":[],"categories_segments":[],"categories_sizes":[],"default_left":[0,0,0,0,0,0,0,0,0,0,0],"id":70,"left_children":[1,3,5,-1,-1,7,-1,9,-1,-1,-1],"loss_changes":[8.282483E0,1.904602E-1,1.0926299E0,0E0,0E0,2.809523E-1,0E0,1.0951154E-2,0E0,0E0,0E0],"parents":[2147483647,0,0,1,1,2,2,5,5,7,7],"right_children":[2,4,6,-1,-1,8,-1,10,-1,-1,-1],"split_conditions":[3.1522763E-1,1.0537205E-1,1E0,-2.0070115E-1,-4.9692538E-2,7.3571527E-1,9.283753E-2,4.1946658E-1,2.4337769E-2,-1.9400788E-2,-4.8940023E-3],"split_indices":[0,0,0,0,0,0,0,0,0,0,0],"split_type":[0,0,0,0,0,0,0,0,0,0,0],"sum_hessian":[9E0,2E0,7E0,1E0,1E0,6E0,1E0,3E0,3E0,1E0,2E0],"tree_param":{"num_deleted":"0","num_feature":"2","num_nodes":"11","size_leaf_vector":"1"}},{"base_weights":[-2.598694E-1,-1.5858256E0,2.6984787E-1,-1.906662E-1,-4.7207642E-2,5.6409564E-2,8.81958E-2,-1.2641144E-1,2.2512818E-2,-1.8431092E-2,-4.5674643E-3],"categories":[],"categories_nodes":[],"categories_segments":[],"categories_sizes":[],"default_left":[0,0,0,0,0,0,0,0,0,0,0],"id":71,"left_children":[1,3,5,-1,-1,7,-1,9,-1,-1,-1],"loss_changes":[7.4517503E0,1.7190361E-1,9.954311E-1,0E0,0E0,2.4437593E-1,0E0,1.0280132E-2,0E0,0E0,0E0],"parents":[2147483647,0,0,1,1,2,2,5,5,7,7],"right_children":[2,4,6,-1,-1,8,-1,10,-1,-1,-1],"split_conditions":[3.1522763E-1,1.0537205E-1,1E0,-1.906662E-1,-4.7207642E-2,7.3571527E-1,8.81958E-2,4.1946658E-1,2.2512818E-2,-1.8431092E-2,-4.5674643E-3],"split_indices":[0,0,0,0,0,0,0,0,0,0,0],"split_type":[0,0,0,0,0,0,0,0,0,0,0],"sum_hessian":[9E0,2E0,7E0,1E0,1E0,6E0,1E0,3E0,3E0,1E0,2E0],"tree_param":{"num_deleted":"0","num_feature":"2","num_nodes":"11","size_leaf_vector":"1"}},{"base_weights":[-2.4890213E-1,-1.5065333E0,2.5382233E-1,-1.811329E-1,-4.484711E-2,5.0694056E-2,8.378601E-2,-1.19522095E-1,2.082367E-2,-1.750946E-2,-4.2633056E-3],"categories":[],"categories_nodes":[],"categories_segments":[],"categories_sizes":[],"default_left":[0,0,0,0,0,0,0,0,0,0,0],"id":72,"left_children":[1,3,5,-1,-1,7,-1,9,-1,-1,-1],"loss_changes":[6.704811E0,1.5514994E-1,9.066021E-1,0E0,0E0,2.1260299E-1,0E0,9.6268505E-3,0E0,0E0,0E0],"parents":[2147483647,0,0,1,1,2,2,5,5,7,7],"right_children":[2,4,6,-1,-1,8,-1,10,-1,-1,-1],"split_conditions":[3.1522763E-1,1.0537205E-1,1E0,-1.811329E-1,-4.484711E-2,7.3571527E-1,8.378601E-2,4.1946658E-1,2.082367E-2,-1.750946E-2,-4.2633056E-3],"split_indices":[0,0,0,0,0,0,0,0,0,0,0],"split_type":[0,0,0,0,0,0,0,0,0,0,0],"sum_hessian":[9E0,2E0,7E0,1E0,1E0,6E0,1E0,3E0,3E0,1E0,2E0],"tree_param":{"num_deleted":"0","num_feature":"2","num_nodes":"11","size_leaf_vector":"1"}},{"base_weights":[-2.383255E-1,-1.4312083E0,2.3879623E-1,-1.7207642E-1,-4.260483E-2,4.5492988E-2,7.9595946E-2,-1.1301422E-1,1.9262696E-2,-1.6633606E-2,-3.9794925E-3],"categories":[],"categories_nodes":[],"categories_segments":[],"categories_sizes":[],"default_left":[0,0,0,0,0,0,0,0,0,0,0],"id":73,"left_children":[1,3,5,-1,-1,7,-1,9,-1,-1,-1],"loss_changes":[6.0332704E0,1.4002132E-1,8.2540107E-1,0E0,0E0,1.8502215E-1,0E0,8.997418E-3,0E0,0E0,0E0],"parents":[2147483647,0,0,1,1,2,2,5,5,7,7],"right_children":[2,4,6,-1,-1,8,-1,10,-1,-1,-1],"split_conditions":[3.1522763E-1,1.0537205E-1,1E0,-1.7207642E-1,-4.260483E-2,7.3571527E-1,7.9595946E-2,4.1946658E-1,1.9262696E-2,-1.6633606E-2,-3.9794925E-3],"split_indices":[0,0,0,0,0,0,0,0,0,0,0],"split_type":[0,0,0,0,0,0,0,0,0,0,0],"sum_hessian":[9E0,2E0,7E0,1E0,1E0,6E0,1E0,3E0,3E0,1E0,2E0],"tree_param":{"num_deleted":"0","num_feature":"2","num_nodes":"11","size_leaf_vector":"1"}},{"base_weights":[-2.2813416E-1,-1.3596497E0,2.2470093E-1,-1.6347276E-1,-4.04747E-2,4.0754046E-2,7.561646E-2,-1.0686493E-1,1.781845E-2,-1.5802002E-2,-3.7139894E-3],"categories":[],"categories_nodes":[],"categories_segments":[],"categories_sizes":[],"default_left":[0,0,0,0,0,0,0,0,0,0,0],"id":74,"left_children":[1,3,5,-1,-1,7,-1,9,-1,-1,-1],"loss_changes":[5.429414E0,1.2636614E-1,7.512719E-1,0E0,0E0,1.6105308E-1,0E0,8.398317E-3,0E0,0E0,0E0],"parents":[2147483647,0,0,1,1,2,2,5,5,7,7],"right_children":[2,4,6,-1,-1,8,-1,10,-1,-1,-1],"split_conditions":[3.1522763E-1,1.0537205E-1,1E0,-1.6347276E-1,-4.04747E-2,7.3571527E-1,7.561646E-2,4.1946658E-1,1.781845E-2,-1.5802002E-2,-3.7139894E-3],"split_indices":[0,0,0,0,0,0,0,0,0,0,0],"split_type":[0,0,0,0,0,0,0,0,0,0,0],"sum_hessian":[9E0,2E0,7E0,1E0,1E0,6E0,1E0,3E0,3E0,1E0,2E0],"tree_param":{"num_deleted":"0","num_feature":"2","num_nodes":"11","size_leaf_vector":"1"}},{"base_weights":[-2.1832505E-1,-1.2916641E0,2.1146774E-1,-1.55299E-1,-3.8450625E-2,3.643363E-2,7.183533E-2,-1.0105896E-1,1.6481781E-2,-1.2714132E-2,-1.1405945E-3],"categories":[],"categories_nodes":[],"categories_segments":[],"categories_sizes":[],"default_left":[0,0,0,0,0,0,0,0,0,0,0],"id":75,"left_children":[1,3,5,-1,-1,7,-1,9,-1,-1,-1],"loss_changes":[4.886279E0,1.14057064E-1,6.836059E-1,0E0,0E0,1.4021942E-1,0E0,7.903282E-3,0E0,0E0,0E0],"parents":[2147483647,0,0,1,1,2,2,5,5,7,7],"right_children":[2,4,6,-1,-1,8,-1,10,-1,-1,-1],"split_conditions":[3.1522763E-1,1.0537205E-1,1E0,-1.55299E-1,-3.8450625E-2,7.3571527E-1,7.183533E-2,5.2514654E-1,1.6481781E-2,-1.2714132E-2,-1.1405945E-3],"split_indices":[0,0,0,0,0,0,0,0,0,0,0],"split_type":[0,0,0,0,0,0,0,0,0,0,0],"sum_hessian":[9E0,2E0,7E0,1E0,1E0,6E0,1E0,3E0,3E0,2E0,1E0],"tree_param":{"num_deleted":"0","num_feature":"2","num_nodes":"11","size_leaf_vector":"1"}},{"base_weights":[-2.0842132E-1,-1.2270813E0,1.9962883E-1,-1.4753418E-1,-3.6528017E-2,3.316607E-2,6.824341E-2,-9.441757E-2,1.5245819E-2,-1.43760685E-2,-3.0049642E-3],"categories":[],"categories_nodes":[],"categories_segments":[],"categories_sizes":[],"default_left":[0,0,0,0,0,0,0,0,0,0,0],"id":76,"left_children":[1,3,5,-1,-1,7,-1,9,-1,-1,-1],"loss_changes":[4.4016047E0,1.0294008E-1,6.203191E-1,0E0,0E0,1.20932795E-1,0E0,8.384496E-3,0E0,0E0,0E0],"parents":[2147483647,0,0,1,1,2,2,5,5,7,7],"right_children":[2,4,6,-1,-1,8,-1,10,-1,-1,-1],"split_conditions":[3.1522763E-1,1.0537205E-1,1E0,-1.4753418E-1,-3.6528017E-2,7.3571527E-1,6.824341E-2,4.1946658E-1,1.5245819E-2,-1.43760685E-2,-3.0049642E-3],"split_indices":[0,0,0,0,0,0,0,0,0,0,0],"split_type":[0,0,0,0,0,0,0,0,0,0,0],"sum_hessian":[9E0,2E0,7E0,1E0,1E0,6E0,1E0,3E0,3E0,1E0,2E0],"tree_param":{"num_deleted":"0","num_feature":"2","num_nodes":"11","size_leaf_vector":"1"}},{"base_weights":[-1.9937745E-1,-1.1657257E0,1.8792534E-1,-1.4015733E-1,-3.4701537E-2,2.9538836E-2,6.483155E-2,-8.932114E-2,1.410141E-2,-1.3657379E-2,-2.8045655E-3],"categories":[],"categories_nodes":[],"categories_segments":[],"categories_sizes":[],"default_left":[0,0,0,0,0,0,0,0,0,0,0],"id":77,"left_children":[1,3,5,-1,-1,7,-1,9,-1,-1,-1],"loss_changes":[3.9617631E0,9.290457E-2,5.642061E-1,0E0,0E0,1.0534517E-1,0E0,7.7514164E-3,0E0,0E0,0E0],"parents":[2147483647,0,0,1,1,2,2,5,5,7,7],"right_children":[2,4,6,-1,-1,8,-1,10,-1,-1,-1],"split_conditions":[3.1522763E-1,1.0537205E-1,1E0,-1.4015733E-1,-3.4701537E-2,7.3571527E-1,6.483155E-2,4.1946658E-1,1.410141E-2,-1.3657379E-2,-2.8045655E-3],"split_indices":[0,0,0,0,0,0,0,0,0,0,0],"split_type":[0,0,0,0,0,0,0,0,0,0,0],"sum_hessian":[9E0,2E0,7E0,1E0,1E0,6E0,1E0,3E0,3E0,1E0,2E0],"tree_param":{"num_deleted":"0","num_feature":"2","num_nodes":"11","size_leaf_vector":"1"}},{"base_weights":[-1.9067612E-1,-1.1074396E0,1.7694473E-1,-1.3314934E-1,-3.2966614E-2,-1.6133627E-2,5.041199E-1,-8.4503174E-2,8.040365E-3,1.4027405E-2,6.159058E-2,-1.2974548E-2,-2.617391E-2,-3.1333924E-3,-7.926941E-4],"categories":[],"categories_nodes":[],"categories_segments":[],"categories_sizes":[],"default_left":[0,0,0,0,0,0,0,0,0,0,0,0,0,0,0],"id":78,"left_children":[1,3,5,-1,-1,7,9,11,-1,-1,-1,-1,13,-1,-1],"loss_changes":[3.5661695E0,8.384085E-2,5.134969E-1,0E0,0E0,4.639562E-2,3.5622835E-2,7.159855E-3,0E0,0E0,0E0,0E0,3.4081517E-5,0E0,0E0],"parents":[2147483647,0,0,1,1,2,2,5,5,6,6,7,7,12,12],"right_children":[2,4,6,-1,-1,8,10,12,-1,-1,-1,-1,14,-1,-1],"split_conditions":[3.1522763E-1,1.0537205E-1,9.467875E-1,-1.3314934E-1,-3.2966614E-2,7.3571527E-1,1E0,4.1946658E-1,8.040365E-3,1.4027405E-2,6.159058E-2,-1.2974548E-2,5.2514654E-1,-3.1333924E-3,-7.926941E-4],"split_indices":[0,0,0,0,0,0,0,0,0,0,0,0,0,0,0],"split_type":[0,0,0,0,0,0,0,0,0,0,0,0,0,0,0],"sum_hessian":[9E0,2E0,7E0,1E0,1E0,5E0,2E0,3E0,2E0,1E0,1E0,1E0,2E0,1E0,1E0],"tree_param":{"num_deleted":"0","num_feature":"2","num_nodes":"15","size_leaf_vector":"1"}},{"base_weights":[-1.8154374E-1,-1.0520706E0,1.6759682E-1,-1.2649193E-1,-3.1318665E-2,-1.5993753E-2,4.7891235E-1,-8.0280304E-2,7.5052897E-3,1.33255E-2,5.8511354E-2,-1.232605E-2,-2.486674E-2,-2.9769898E-3,-7.530213E-4],"categories":[],"categories_nodes":[],"categories_segments":[],"categories_sizes":[],"default_left":[0,0,0,0,0,0,0,0,0,0,0,0,0,0,0],"id":79,"left_children":[1,3,5,-1,-1,7,9,11,-1,-1,-1,-1,13,-1,-1],"loss_changes":[3.215686E0,7.565546E-2,4.6489635E-1,0E0,0E0,4.114372E-2,3.2158434E-2,6.4616576E-3,0E0,0E0,0E0,0E0,3.0837604E-5,0E0,0E0],"parents":[2147483647,0,0,1,1,2,2,5,5,6,6,7,7,12,12],"right_children":[2,4,6,-1,-1,8,10,12,-1,-1,-1,-1,14,-1,-1],"split_conditions":[3.1522763E-1,1.0537205E-1,9.467875E-1,-1.2649193E-1,-3.1318665E-2,7.3571527E-1,1E0,4.1946658E-1,7.5052897E-3,1.33255E-2,5.8511354E-2,-1.232605E-2,5.2514654E-1,-2.9769898E-3,-7.530213E-4],"split_indices":[0,0,0,0,0,0,0,0,0,0,0,0,0,0,0],"split_type":[0,0,0,0,0,0,0,0,0,0,0,0,0,0,0],"sum_hessian":[9E0,2E0,7E0,1E0,1E0,5E0,2E0,3E0,2E0,1E0,1E0,1E0,2E0,1E0,1E0],"tree_param":{"num_deleted":"0","num_feature":"2","num_nodes":"15","size_leaf_vector":"1"}},{"base_weights":[-1.7284317E-1,-9.994685E-1,1.5874672E-1,-1.2016716E-1,-2.9753113E-2,-1.5820822E-2,4.5496622E-1,-7.626724E-2,7.004801E-3,1.2658692E-2,5.5586245E-2,-1.1709595E-2,-2.3625692E-2,-2.8282166E-3,-7.1563723E-4],"categories":[],"categories_nodes":[],"categories_segments":[],"categories_sizes":[],"default_left":[0,0,0,0,0,0,0,0,0,0,0,0,0,0,0],"id":80,"left_children":[1,3,5,-1,-1,7,9,11,-1,-1,-1,-1,13,-1,-1],"loss_changes":[2.8996685E0,6.826711E-2,4.2088044E-1,0E0,0E0,3.648515E-2,2.9031694E-2,5.8306716E-3,0E0,0E0,0E0,0E0,2.7669244E-5,0E0,0E0],"parents":[2147483647,0,0,1,1,2,2,5,5,6,6,7,7,12,12],"right_children":[2,4,6,-1,-1,8,10,12,-1,-1,-1,-1,14,-1,-1],"split_conditions":[3.1522763E-1,1.0537205E-1,9.467875E-1,-1.2016716E-1,-2.9753113E-2,7.3571527E-1,1E0,4.1946658E-1,7.004801E-3,1.2658692E-2,5.5586245E-2,-1.1709595E-2,5.2514654E-1,-2.8282166E-3,-7.1563723E-4],"split_indices":[0,0,0,0,0,0,0,0,0,0,0,0,0,0,0],"split_type":[0,0,0,0,0,0,0,0,0,0,0,0,0,0,0],"sum_hessian":[9E0,2E0,7E0,1E0,1E0,5E0,2E0,3E0,2E0,1E0,1E0,1E0,2E0,1E0,1E0],"tree_param":{"num_deleted":"0","num_feature":"2","num_nodes":"15","size_leaf_vector":"1"}},{"base_weights":[-1.6455384E-1,-9.494934E-1,1.5036774E-1,-1.1415863E-1,-2.8265381E-2,-1.5619914E-2,4.3222046E-1,-7.245636E-2,6.536865E-3,1.2025452E-2,5.2807618E-2,-1.112442E-2,-2.2445679E-2,-2.6870728E-3,-6.7977904E-4],"categories":[],"categories_nodes":[],"categories_segments":[],"categories_sizes":[],"default_left":[0,0,0,0,0,0,0,0,0,0,0,0,0,0,0],"id":81,"left_children":[1,3,5,-1,-1,7,9,11,-1,-1,-1,-1,13,-1,-1],"loss_changes":[2.614717E0,6.161189E-2,3.8102382E-1,0E0,0E0,3.235499E-2,2.6207626E-2,5.2622743E-3,0E0,0E0,0E0,0E0,2.5066547E-5,0E0,0E0],"parents":[2147483647,0,0,1,1,2,2,5,5,6,6,7,7,12,12],"right_children":[2,4,6,-1,-1,8,10,12,-1,-1,-1,-1,14,-1,-1],"split_conditions":[3.1522763E-1,1.0537205E-1,9.467875E-1,-1.1415863E-1,-2.8265381E-2,7.3571527E-1,1E0,4.1946658E-1,6.536865E-3,1.2025452E-2,5.2807618E-2,-1.112442E-2,5.2514654E-1,-2.6870728E-3,-6.7977904E-4],"split_indices":[0,0,0,0,0,0,0,0,0,0,0,0,0,0,0],"split_type":[0,0,0,0,0,0,0,0,0,0,0,0,0,0,0],"sum_hessian":[9E0,2E0,7E0,1E0,1E0,5E0,2E0,3E0,2E0,1E0,1E0,1E0,2E0,1E0,1E0],"tree_param":{"num_deleted":"0","num_feature":"2","num_nodes":"15","size_leaf_vector":"1"}},{"base_weights":[-1.5665054E-1,-9.0202075E-1,1.4244461E-1,-1.084507E-1,-2.6852418E-2,-1.5380859E-2,4.10614E-1,-8.747355E-2,4.2533875E-2,1.1424256E-2,5.0167847E-2,-1.0568238E-2,-2.5527955E-3,-6.4544677E-4,6.101481E-3],"categories":[],"categories_nodes":[],"categories_segments":[],"categories_sizes":[],"default_left":[0,0,0,0,0,0,0,0,0,0,0,0,0,0,0],"id":82,"left_children":[1,3,5,-1,-1,7,9,11,13,-1,-1,-1,-1,-1,-1],"loss_changes":[2.3578541E0,5.5597067E-2,3.449073E-1,0E0,0E0,2.8771963E-2,2.3653686E-2,6.860141E-4,4.0152203E-3,0E0,0E0,0E0,0E0,0E0,0E0],"parents":[2147483647,0,0,1,1,2,2,5,5,6,6,7,7,8,8],"right_children":[2,4,6,-1,-1,8,10,12,14,-1,-1,-1,-1,-1,-1],"split_conditions":[3.1522763E-1,1.0537205E-1,9.467875E-1,-1.084507E-1,-2.6852418E-2,5.2514654E-1,1E0,4.1946658E-1,7.3571527E-1,1.1424256E-2,5.0167847E-2,-1.0568238E-2,-2.5527955E-3,-6.4544677E-4,6.101481E-3],"split_indices":[0,0,0,0,0,0,0,0,0,0,0,0,0,0,0],"split_type":[0,0,0,0,0,0,0,0,0,0,0,0,0,0,0],"sum_hessian":[9E0,2E0,7E0,1E0,1E0,5E0,2E0,2E0,3E0,1E0,1E0,1E0,1E0,1E0,2E0],"tree_param":{"num_deleted":"0","num_feature":"2","num_nodes":"15","size_leaf_vector":"1"}},{"base_weights":[-1.4912263E-1,-8.5691833E-1,1.349411E-1,-1.0302811E-1,-2.5509644E-2,-1.512146E-2,3.9008585E-1,-8.3099365E-2,3.9642334E-2,1.08535765E-2,4.7659304E-2,-1.003952E-2,-2.4253845E-3,-6.1340333E-4,5.6945803E-3],"categories":[],"categories_nodes":[],"categories_segments":[],"categories_sizes":[],"default_left":[0,0,0,0,0,0,0,0,0,0,0,0,0,0,0],"id":83,"left_children":[1,3,5,-1,-1,7,9,11,13,-1,-1,-1,-1,-1,-1],"loss_changes":[2.1262243E0,5.017948E-2,3.1220007E-1,0E0,0E0,2.563062E-2,2.1340907E-2,6.1837956E-4,3.5176668E-3,0E0,0E0,0E0,0E0,0E0,0E0],"parents":[2147483647,0,0,1,1,2,2,5,5,6,6,7,7,8,8],"right_children":[2,4,6,-1,-1,8,10,12,14,-1,-1,-1,-1,-1,-1],"split_conditions":[3.1522763E-1,1.0537205E-1,9.467875E-1,-1.0302811E-1,-2.5509644E-2,5.2514654E-1,1E0,4.1946658E-1,7.3571527E-1,1.08535765E-2,4.7659304E-2,-1.003952E-2,-2.4253845E-3,-6.1340333E-4,5.6945803E-3],"split_indices":[0,0,0,0,0,0,0,0,0,0,0,0,0,0,0],"split_type":[0,0,0,0,0,0,0,0,0,0,0,0,0,0,0],"sum_hessian":[9E0,2E0,7E0,1E0,1E0,5E0,2E0,2E0,3E0,1E0,1E0,1E0,1E0,1E0,2E0],"tree_param":{"num_deleted":"0","num_feature":"2","num_nodes":"15","size_leaf_vector":"1"}},{"base_weights":[-1.4195557E-1,-8.1407166E-1,1.2783241E-1,-9.787674E-2,-2.423401E-2,-1.4844258E-2,3.7057495E-1,-7.8943886E-2,3.694153E-2,1.0310364E-2,4.527588E-2,-9.537506E-3,-2.3040771E-3,-5.8288575E-4,5.314128E-3],"categories":[],"categories_nodes":[],"categories_segments":[],"categories_sizes":[],"default_left":[0,0,0,0,0,0,0,0,0,0,0,0,0,0,0],"id":84,"left_children":[1,3,5,-1,-1,7,9,11,13,-1,-1,-1,-1,-1,-1],"loss_changes":[1.9173533E0,4.529059E-2,2.8257048E-1,0E0,0E0,2.2833005E-2,1.926437E-2,5.581472E-4,3.0812304E-3,0E0,0E0,0E0,0E0,0E0,0E0],"parents":[2147483647,0,0,1,1,2,2,5,5,6,6,7,7,8,8],"right_children":[2,4,6,-1,-1,8,10,12,14,-1,-1,-1,-1,-1,-1],"split_conditions":[3.1522763E-1,1.0537205E-1,9.467875E-1,-9.787674E-2,-2.423401E-2,5.2514654E-1,1E0,4.1946658E-1,7.3571527E-1,1.0310364E-2,4.527588E-2,-9.537506E-3,-2.3040771E-3,-5.8288575E-4,5.314128E-3],"split_indices":[0,0,0,0,0,0,0,0,0,0,0,0,0,0,0],"split_type":[0,0,0,0,0,0,0,0,0,0,0,0,0,0,0],"sum_hessian":[9E0,2E0,7E0,1E0,1E0,5E0,2E0,2E0,3E0,1E0,1E0,1E0,1E0,1E0,2E0],"tree_param":{"num_deleted":"0","num_feature":"2","num_nodes":"15","size_leaf_vector":"1"}},{"base_weights":[-1.3512497E-1,-7.7336884E-1,1.211071E-1,-9.2982866E-2,-2.3022462E-2,-1.4544169E-2,3.5204062E-1,-7.499695E-2,3.4431458E-2,9.794617E-3,4.3011475E-2,-9.060669E-3,-2.1888732E-3,-5.5389403E-4,4.960124E-2,1.4480591E-3,5.9921267E-3],"categories":[],"categories_nodes":[],"categories_segments":[],"categories_sizes":[],"default_left":[0,0,0,0,0,0,0,0,0,0,0,0,0,0,0,0,0],"id":85,"left_children":[1,3,5,-1,-1,7,9,11,13,-1,-1,-1,-1,-1,15,-1,-1],"loss_changes":[1.7290459E0,4.0871263E-2,2.5573152E-1,0E0,0E0,2.034653E-2,1.7386526E-2,5.037524E-4,2.7001072E-3,0E0,0E0,0E0,0E0,0E0,2.1964265E-4,0E0,0E0],"parents":[2147483647,0,0,1,1,2,2,5,5,6,6,7,7,8,8,14,14],"right_children":[2,4,6,-1,-1,8,10,12,14,-1,-1,-1,-1,-1,16,-1,-1],"split_conditions":[3.1522763E-1,1.0537205E-1,9.467875E-1,-9.2982866E-2,-2.3022462E-2,5.2514654E-1,1E0,4.1946658E-1,7.3571527E-1,9.794617E-3,4.3011475E-2,-9.060669E-3,-2.1888732E-3,-5.5389403E-4,8.397732E-1,1.4480591E-3,5.9921267E-3],"split_indices":[0,0,0,0,0,0,0,0,0,0,0,0,0,0,0,0,0],"split_type":[0,0,0,0,0,0,0,0,0,0,0,0,0,0,0,0,0],"sum_hessian":[9E0,2E0,7E0,1E0,1E0,5E0,2E0,2E0,3E0,1E0,1E0,1E0,1E0,1E0,2E0,1E0,1E0],"tree_param":{"num_deleted":"0","num_feature":"2","num_nodes":"17","size_leaf_vector":"1"}},{"base_weights":[-1.2836608E-1,-7.347005E-1,1.15055084E-1,-8.83339E-2,-2.1871185E-2,-1.381429E-2,3.3444214E-1,-7.1248375E-2,3.2714844E-2,9.304809E-3,4.0861513E-2,-8.6074835E-3,-2.079773E-3,-5.264282E-4,4.7129314E-2,1.3763428E-3,5.6930543E-3],"categories":[],"categories_nodes":[],"categories_segments":[],"categories_sizes":[],"default_left":[0,0,0,0,0,0,0,0,0,0,0,0,0,0,0,0,0],"id":86,"left_children":[1,3,5,-1,-1,7,9,11,13,-1,-1,-1,-1,-1,15,-1,-1],"loss_changes":[1.5604775E0,3.6890507E-2,2.3079824E-1,0E0,0E0,1.8365027E-2,1.5693873E-2,4.538512E-4,2.4378975E-3,0E0,0E0,0E0,0E0,0E0,1.9752095E-4,0E0,0E0],"parents":[2147483647,0,0,1,1,2,2,5,5,6,6,7,7,8,8,14,14],"right_children":[2,4,6,-1,-1,8,10,12,14,-1,-1,-1,-1,-1,16,-1,-1],"split_conditions":[3.1522763E-1,1.0537205E-1,9.467875E-1,-8.83339E-2,-2.1871185E-2,5.2514654E-1,1E0,4.1946658E-1,7.3571527E-1,9.304809E-3,4.0861513E-2,-8.6074835E-3,-2.079773E-3,-5.264282E-4,8.397732E-1,1.3763428E-3,5.6930543E-3],"split_indices":[0,0,0,0,0,0,0,0,0,0,0,0,0,0,0,0,0],"split_type":[0,0,0,0,0,0,0,0,0,0,0,0,0,0,0,0,0],"sum_hessian":[9E0,2E0,7E0,1E0,1E0,5E0,2E0,2E0,3E0,1E0,1E0,1E0,1E0,1E0,2E0,1E0,1E0],"tree_param":{"num_deleted":"0","num_feature":"2","num_nodes":"17","size_leaf_vector":"1"}},{"base_weights":[-1.219513E-1,-6.979675E-1,1.09298706E-1,-8.391724E-2,-2.0777894E-2,-1.3127645E-2,3.177185E-1,-6.768799E-2,3.1074524E-2,8.839416E-3,3.881836E-2,-8.177185E-3,-1.9760132E-3,-5.0048827E-4,4.4769287E-2,1.3076783E-3,5.4077148E-3],"categories":[],"categories_nodes":[],"categories_segments":[],"categories_sizes":[],"default_left":[0,0,0,0,0,0,0,0,0,0,0,0,0,0,0,0,0],"id":87,"left_children":[1,3,5,-1,-1,7,9,11,13,-1,-1,-1,-1,-1,15,-1,-1],"loss_changes":[1.4083244E0,3.3288717E-2,2.082995E-1,0E0,0E0,1.6573485E-2,1.4164925E-2,4.092045E-4,2.2004603E-3,0E0,0E0,0E0,0E0,0E0,1.778137E-4,0E0,0E0],"parents":[2147483647,0,0,1,1,2,2,5,5,6,6,7,7,8,8,14,14],"right_children":[2,4,6,-1,-1,8,10,12,14,-1,-1,-1,-1,-1,16,-1,-1],"split_conditions":[3.1522763E-1,1.0537205E-1,9.467875E-1,-8.391724E-2,-2.0777894E-2,5.2514654E-1,1E0,4.1946658E-1,7.3571527E-1,8.839416E-3,3.881836E-2,-8.177185E-3,-1.9760132E-3,-5.0048827E-4,8.397732E-1,1.3076783E-3,5.4077148E-3],"split_indices":[0,0,0,0,0,0,0,0,0,0,0,0,0,0,0,0,0],"split_type":[0,0,0,0,0,0,0,0,0,0,0,0,0,0,0,0,0],"sum_hessian":[9E0,2E0,7E0,1E0,1E0,5E0,2E0,2E0,3E0,1E0,1E0,1E0,1E0,1E0,2E0,1E0,1E0],"tree_param":{"num_deleted":"0","num_feature":"2","num_nodes":"17","size_leaf_vector":"1"}},{"base_weights":[-1.15853116E-1,-6.630681E-1,1.0383415E-1,-7.972145E-2,-1.973877E-2,-1.2468974E-2,3.01829E-1,-6.430054E-2,2.9521942E-2,8.396911E-3,3.6877442E-2,-7.7682496E-3,-1.876831E-3,-4.7531127E-4,4.253133E-2,1.2420655E-3,5.1376345E-3],"categories":[],"categories_nodes":[],"categories_segments":[],"categories_sizes":[],"default_left":[0,0,0,0,0,0,0,0,0,0,0,0,0,0,0,0,0],"id":88,"left_children":[1,3,5,-1,-1,7,9,11,13,-1,-1,-1,-1,-1,15,-1,-1],"loss_changes":[1.2710109E0,3.0047655E-2,1.8798289E-1,0E0,0E0,1.4957005E-2,1.2788475E-2,3.6996137E-4,1.985746E-3,0E0,0E0,0E0,0E0,0E0,1.6086036E-4,0E0,0E0],"parents":[2147483647,0,0,1,1,2,2,5,5,6,6,7,7,8,8,14,14],"right_children":[2,4,6,-1,-1,8,10,12,14,-1,-1,-1,-1,-1,16,-1,-1],"split_conditions":[3.1522763E-1,1.0537205E-1,9.467875E-1,-7.972145E-2,-1.973877E-2,5.2514654E-1,1E0,4.1946658E-1,7.3571527E-1,8.396911E-3,3.6877442E-2,-7.7682496E-3,-1.876831E-3,-4.7531127E-4,8.397732E-1,1.2420655E-3,5.1376345E-3],"split_indices":[0,0,0,0,0,0,0,0,0,0,0,0,0,0,0,0,0],"split_type":[0,0,0,0,0,0,0,0,0,0,0,0,0,0,0,0,0],"sum_hessian":[9E0,2E0,7E0,1E0,1E0,5E0,2E0,2E0,3E0,1E0,1E0,1E0,1E0,1E0,2E0,1E0,1E0],"tree_param":{"num_deleted":"0","num_feature":"2","num_nodes":"17","size_leaf_vector":"1"}},{"base_weights":[-1.1005859E-1,-6.2991333E-1,9.864426E-2,-7.573547E-2,-1.8751526E-2,-1.1845906E-2,2.8674316E-1,-6.1086018E-2,2.8045654E-2,7.977295E-3,3.503418E-2,-7.3799132E-3,-1.7829895E-3,-4.5166016E-4,4.0405273E-2,1.1795044E-3,4.8812865E-3],"categories":[],"categories_nodes":[],"categories_segments":[],"categories_sizes":[],"default_left":[0,0,0,0,0,0,0,0,0,0,0,0,0,0,0,0,0],"id":89,"left_children":[1,3,5,-1,-1,7,9,11,13,-1,-1,-1,-1,-1,15,-1,-1],"loss_changes":[1.1470889E0,2.7124047E-2,1.6966137E-1,0E0,0E0,1.3498787E-2,1.1541262E-2,3.3392943E-4,1.7923228E-3,0E0,0E0,0E0,0E0,0E0,1.4587957E-4,0E0,0E0],"parents":[2147483647,0,0,1,1,2,2,5,5,6,6,7,7,8,8,14,14],"right_children":[2,4,6,-1,-1,8,10,12,14,-1,-1,-1,-1,-1,16,-1,-1],"split_conditions":[3.1522763E-1,1.0537205E-1,9.467875E-1,-7.573547E-2,-1.8751526E-2,5.2514654E-1,1E0,4.1946658E-1,7.3571527E-1,7.977295E-3,3.503418E-2,-7.3799132E-3,-1.7829895E-3,-4.5166016E-4,8.397732E-1,1.1795044E-3,4.8812865E-3],"split_indices":[0,0,0,0,0,0,0,0,0,0,0,0,0,0,0,0,0],"split_type":[0,0,0,0,0,0,0,0,0,0,0,0,0,0,0,0,0],"sum_hessian":[9E0,2E0,7E0,1E0,1E0,5E0,2E0,2E0,3E0,1E0,1E0,1E0,1E0,1E0,2E0,1E0,1E0],"tree_param":{"num_deleted":"0","num_feature":"2","num_nodes":"17","size_leaf_vector":"1"}},{"base_weights":[-1.0455398E-1,-5.984166E-1,9.371376E-2,-7.1948625E-2,-1.7813874E-2,-1.1253357E-2,2.7241006E-1,-5.8029175E-2,2.6641846E-2,7.5790407E-3,3.328247E-2,-7.010651E-3,-1.6937256E-3,-4.2877198E-4,3.838094E-2,1.1199951E-3,4.637146E-3],"categories":[],"categories_nodes":[],"categories_segments":[],"categories_sizes":[],"default_left":[0,0,0,0,0,0,0,0,0,0,0,0,0,0,0,0,0],"id":90,"left_children":[1,3,5,-1,-1,7,9,11,13,-1,-1,-1,-1,-1,15,-1,-1],"loss_changes":[1.0352502E0,2.4480224E-2,1.5312341E-1,0E0,0E0,1.21814795E-2,1.0411203E-2,3.0143E-4,1.6169073E-3,0E0,0E0,0E0,0E0,0E0,1.3221242E-4,0E0,0E0],"parents":[2147483647,0,0,1,1,2,2,5,5,6,6,7,7,8,8,14,14],"right_children":[2,4,6,-1,-1,8,10,12,14,-1,-1,-1,-1,-1,16,-1,-1],"split_conditions":[3.1522763E-1,1.0537205E-1,9.467875E-1,-7.1948625E-2,-1.7813874E-2,5.2514654E-1,1E0,4.1946658E-1,7.3571527E-1,7.5790407E-3,3.328247E-2,-7.010651E-3,-1.6937256E-3,-4.2877198E-4,8.397732E-1,1.1199951E-3,4.637146E-3],"split_indices":[0,0,0,0,0,0,0,0,0,0,0,0,0,0,0,0,0],"split_type":[0,0,0,0,0,0,0,0,0,0,0,0,0,0,0,0,0],"sum_hessian":[9E0,2E0,7E0,1E0,1E0,5E0,2E0,2E0,3E0,1E0,1E0,1E0,1E0,1E0,2E0,1E0,1E0],"tree_param":{"num_deleted":"0","num_feature":"2","num_nodes":"17","size_leaf_vector":"1"}},{"base_weights":[-9.9329375E-2,-5.6849927E-1,8.90255E-2,-6.8351366E-2,-1.6923523E-2,-1.0693868E-2,2.5878906E-1,-5.5130005E-2,2.5306702E-2,7.2006225E-3,3.161774E-2,-6.6604614E-3,-1.6090394E-3,-4.0740968E-4,3.6458332E-2,1.0635377E-3,4.4052126E-3],"categories":[],"categories_nodes":[],"categories_segments":[],"categories_sizes":[],"default_left":[0,0,0,0,0,0,0,0,0,0,0,0,0,0,0,0,0],"id":91,"left_children":[1,3,5,-1,-1,7,9,11,13,-1,-1,-1,-1,-1,15,-1,-1],"loss_changes":[9.3431526E-1,2.2088706E-2,1.3819718E-1,0E0,0E0,1.0993516E-2,9.390712E-3,2.7219765E-4,1.4591103E-3,0E0,0E0,0E0,0E0,0E0,1.1977134E-4,0E0,0E0],"parents":[2147483647,0,0,1,1,2,2,5,5,6,6,7,7,8,8,14,14],"right_children":[2,4,6,-1,-1,8,10,12,14,-1,-1,-1,-1,-1,16,-1,-1],"split_conditions":[3.1522763E-1,1.0537205E-1,9.467875E-1,-6.8351366E-2,-1.6923523E-2,5.2514654E-1,1E0,4.1946658E-1,7.3571527E-1,7.2006225E-3,3.161774E-2,-6.6604614E-3,-1.6090394E-3,-4.0740968E-4,8.397732E-1,1.0635377E-3,4.4052126E-3],"split_indices":[0,0,0,0,0,0,0,0,0,0,0,0,0,0,0,0,0],"split_type":[0,0,0,0,0,0,0,0,0,0,0,0,0,0,0,0,0],"sum_hessian":[9E0,2E0,7E0,1E0,1E0,5E0,2E0,2E0,3E0,1E0,1E0,1E0,1E0,1E0,2E0,1E0,1E0],"tree_param":{"num_deleted":"0","num_feature":"2","num_nodes":"17","size_leaf_vector":"1"}},{"base_weights":[-9.436341E-2,-5.4007465E-1,8.4573746E-2,-6.493378E-2,-1.6077423E-2,-1.015981E-2,2.4584961E-1,-5.2378338E-2,2.4044037E-2,6.8405154E-3,3.0036926E-2,-6.32782E-3,-1.5289307E-3,-3.868103E-4,3.463745E-2,1.0101319E-3,4.185486E-3],"categories":[],"categories_nodes":[],"categories_segments":[],"categories_sizes":[],"default_left":[0,0,0,0,0,0,0,0,0,0,0,0,0,0,0,0,0],"id":92,"left_children":[1,3,5,-1,-1,7,9,11,13,-1,-1,-1,-1,-1,15,-1,-1],"loss_changes":[8.432192E-1,1.993382E-2,1.2472368E-1,0E0,0E0,9.923602E-3,8.475825E-3,2.4531595E-4,1.3167206E-3,0E0,0E0,0E0,0E0,0E0,1.0847254E-4,0E0,0E0],"parents":[2147483647,0,0,1,1,2,2,5,5,6,6,7,7,8,8,14,14],"right_children":[2,4,6,-1,-1,8,10,12,14,-1,-1,-1,-1,-1,16,-1,-1],"split_conditions":[3.1522763E-1,1.0537205E-1,9.467875E-1,-6.493378E-2,-1.6077423E-2,5.2514654E-1,1E0,4.1946658E-1,7.3571527E-1,6.8405154E-3,3.0036926E-2,-6.32782E-3,-1.5289307E-3,-3.868103E-4,8.397732E-1,1.0101319E-3,4.185486E-3],"split_indices":[0,0,0,0,0,0,0,0,0,0,0,0,0,0,0,0,0],"split_type":[0,0,0,0,0,0,0,0,0,0,0,0,0,0,0,0,0],"sum_hessian":[9E0,2E0,7E0,1E0,1E0,5E0,2E0,2E0,3E0,1E0,1E0,1E0,1E0,1E0,2E0,1E0,1E0],"tree_param":{"num_deleted":"0","num_feature":"2","num_nodes":"17","size_leaf_vector":"1"}},{"base_weights":[-8.96431E-2,-5.1306915E-1,8.034706E-2,-6.168709E-2,-1.5273285E-2,-9.651184E-3,2.335612E-1,-4.975891E-2,2.2842407E-2,6.498718E-3,2.8535461E-2,-6.0112E-3,-1.4526368E-3,-3.6773682E-4,3.2908123E-2,9.5977786E-4,3.9764405E-3],"categories":[],"categories_nodes":[],"categories_segments":[],"categories_sizes":[],"default_left":[0,0,0,0,0,0,0,0,0,0,0,0,0,0,0,0,0],"id":93,"left_children":[1,3,5,-1,-1,7,9,11,13,-1,-1,-1,-1,-1,15,-1,-1],"loss_changes":[7.6100624E-1,1.7994106E-2,1.1256616E-1,0E0,0E0,8.956078E-3,7.6486766E-3,2.2108806E-4,1.1887772E-3,0E0,0E0,0E0,0E0,0E0,9.781704E-5,0E0,0E0],"parents":[2147483647,0,0,1,1,2,2,5,5,6,6,7,7,8,8,14,14],"right_children":[2,4,6,-1,-1,8,10,12,14,-1,-1,-1,-1,-1,16,-1,-1],"split_conditions":[3.1522763E-1,1.0537205E-1,9.467875E-1,-6.168709E-2,-1.5273285E-2,5.2514654E-1,1E0,4.1946658E-1,7.3571527E-1,6.498718E-3,2.8535461E-2,-6.0112E-3,-1.4526368E-3,-3.6773682E-4,8.397732E-1,9.5977786E-4,3.9764405E-3],"split_indices":[0,0,0,0,0,0,0,0,0,0,0,0,0,0,0,0,0],"split_type":[0,0,0,0,0,0,0,0,0,0,0,0,0,0,0,0,0],"sum_hessian":[9E0,2E0,7E0,1E0,1E0,5E0,2E0,2E0,3E0,1E0,1E0,1E0,1E0,1E0,2E0,1E0,1E0],"tree_param":{"num_deleted":"0","num_feature":"2","num_nodes":"17","size_leaf_vector":"1"}},{"base_weights":[-8.51593E-2,-4.874166E-1,7.633209E-2,-5.8602907E-2,-1.4509583E-2,-9.165446E-3,2.2188313E-1,-4.727173E-2,2.1705627E-2,6.173706E-3,2.7108764E-2,-5.710602E-3,-1.3801575E-3,-3.4942626E-4,3.1270344E-2,9.124756E-4,3.7780763E-3],"categories":[],"categories_nodes":[],"categories_segments":[],"categories_sizes":[],"default_left":[0,0,0,0,0,0,0,0,0,0,0,0,0,0,0,0,0],"id":94,"left_children":[1,3,5,-1,-1,7,9,11,13,-1,-1,-1,-1,-1,15,-1,-1],"loss_changes":[6.8681633E-1,1.6240954E-2,1.015877E-1,0E0,0E0,8.084353E-3,6.903574E-3,1.9931281E-4,1.073386E-3,0E0,0E0,0E0,0E0,0E0,8.779089E-5,0E0,0E0],"parents":[2147483647,0,0,1,1,2,2,5,5,6,6,7,7,8,8,14,14],"right_children":[2,4,6,-1,-1,8,10,12,14,-1,-1,-1,-1,-1,16,-1,-1],"split_conditions":[3.1522763E-1,1.0537205E-1,9.467875E-1,-5.8602907E-2,-1.4509583E-2,5.2514654E-1,1E0,4.1946658E-1,7.3571527E-1,6.173706E-3,2.7108764E-2,-5.710602E-3,-1.3801575E-3,-3.4942626E-4,8.397732E-1,9.124756E-4,3.7780763E-3],"split_indices":[0,0,0,0,0,0,0,0,0,0,0,0,0,0,0,0,0],"split_type":[0,0,0,0,0,0,0,0,0,0,0,0,0,0,0,0,0],"sum_hessian":[9E0,2E0,7E0,1E0,1E0,5E0,2E0,2E0,3E0,1E0,1E0,1E0,1E0,1E0,2E0,1E0,1E0],"tree_param":{"num_deleted":"0","num_feature":"2","num_nodes":"17","size_leaf_vector":"1"}},{"base_weights":[-8.090134E-2,-4.6304575E-1,7.251549E-2,-5.5672836E-2,-1.3784028E-2,-8.710225E-3,2.1079509E-1,-4.49117E-2,2.0618439E-2,5.8654784E-3,2.5753785E-2,-5.4252627E-3,-1.311493E-3,-3.3187866E-4,2.9703775E-2,8.666992E-4,3.5888671E-3],"categories":[],"categories_nodes":[],"categories_segments":[],"categories_sizes":[],"default_left":[0,0,0,0,0,0,0,0,0,0,0,0,0,0,0,0,0],"id":95,"left_children":[1,3,5,-1,-1,7,9,11,13,-1,-1,-1,-1,-1,15,-1,-1],"loss_changes":[6.198518E-1,1.46586895E-2,9.169095E-2,0E0,0E0,7.2964546E-3,6.2285364E-3,1.7951429E-4,9.6849166E-4,0E0,0E0,0E0,0E0,0E0,7.928419E-5,0E0,0E0],"parents":[2147483647,0,0,1,1,2,2,5,5,6,6,7,7,8,8,14,14],"right_children":[2,4,6,-1,-1,8,10,12,14,-1,-1,-1,-1,-1,16,-1,-1],"split_conditions":[3.1522763E-1,1.0537205E-1,9.467875E-1,-5.5672836E-2,-1.3784028E-2,5.2514654E-1,1E0,4.1946658E-1,7.3571527E-1,5.8654784E-3,2.5753785E-2,-5.4252627E-3,-1.311493E-3,-3.3187866E-4,8.397732E-1,8.666992E-4,3.5888671E-3],"split_indices":[0,0,0,0,0,0,0,0,0,0,0,0,0,0,0,0,0],"split_type":[0,0,0,0,0,0,0,0,0,0,0,0,0,0,0,0,0],"sum_hessian":[9E0,2E0,7E0,1E0,1E0,5E0,2E0,2E0,3E0,1E0,1E0,1E0,1E0,1E0,2E0,1E0,1E0],"tree_param":{"num_deleted":"0","num_feature":"2","num_nodes":"17","size_leaf_vector":"1"}},{"base_weights":[-7.6855466E-2,-4.3989563E-1,6.8891525E-2,-5.2889254E-2,-1.3095093E-2,-8.272807E-3,2.0025635E-1,-4.2663574E-2,1.958847E-2,5.57251E-3,2.4465943E-2,-5.153656E-3,-1.2458802E-3,-3.15094E-4,2.8218588E-2,8.239746E-4,3.4088136E-3],"categories":[],"categories_nodes":[],"categories_segments":[],"categories_sizes":[],"default_left":[0,0,0,0,0,0,0,0,0,0,0,0,0,0,0,0,0],"id":96,"left_children":[1,3,5,-1,-1,7,9,11,13,-1,-1,-1,-1,-1,15,-1,-1],"loss_changes":[5.5942523E-1,1.322633E-2,8.275011E-2,0E0,0E0,6.5847384E-3,5.6192204E-3,1.6193558E-4,8.7389024E-4,0E0,0E0,0E0,0E0,0E0,7.0922775E-5,0E0,0E0],"parents":[2147483647,0,0,1,1,2,2,5,5,6,6,7,7,8,8,14,14],"right_children":[2,4,6,-1,-1,8,10,12,14,-1,-1,-1,-1,-1,16,-1,-1],"split_conditions":[3.1522763E-1,1.0537205E-1,9.467875E-1,-5.2889254E-2,-1.3095093E-2,5.2514654E-1,1E0,4.1946658E-1,7.3571527E-1,5.57251E-3,2.4465943E-2,-5.153656E-3,-1.2458802E-3,-3.15094E-4,8.397732E-1,8.239746E-4,3.4088136E-3],"split_indices":[0,0,0,0,0,0,0,0,0,0,0,0,0,0,0,0,0],"split_type":[0,0,0,0,0,0,0,0,0,0,0,0,0,0,0,0,0],"sum_hessian":[9E0,2E0,7E0,1E0,1E0,5E0,2E0,2E0,3E0,1E0,1E0,1E0,1E0,1E0,2E0,1E0,1E0],"tree_param":{"num_deleted":"0","num_feature":"2","num_nodes":"17","size_leaf_vector":"1"}},{"base_weights":[-7.301483E-2,-4.1790262E-1,6.544495E-2,-5.0244905E-2,-1.2440491E-2,-7.858276E-3,1.902364E-1,-4.0527344E-2,1.8608093E-2,5.293274E-3,2.3242189E-2,-4.8957826E-3,-1.1833191E-3,-2.9907227E-4,2.6804605E-2,7.8277587E-4,3.237915E-3],"categories":[],"categories_nodes":[],"categories_segments":[],"categories_sizes":[],"default_left":[0,0,0,0,0,0,0,0,0,0,0,0,0,0,0,0,0],"id":97,"left_children":[1,3,5,-1,-1,7,9,11,13,-1,-1,-1,-1,-1,15,-1,-1],"loss_changes":[5.048805E-1,1.1935413E-2,7.4675865E-2,0E0,0E0,5.941926E-3,5.073935E-3,1.4638901E-4,7.8830495E-4,0E0,0E0,0E0,0E0,0E0,6.3905725E-5,0E0,0E0],"parents":[2147483647,0,0,1,1,2,2,5,5,6,6,7,7,8,8,14,14],"right_children":[2,4,6,-1,-1,8,10,12,14,-1,-1,-1,-1,-1,16,-1,-1],"split_conditions":[3.1522763E-1,1.0537205E-1,9.467875E-1,-5.0244905E-2,-1.2440491E-2,5.2514654E-1,1E0,4.1946658E-1,7.3571527E-1,5.293274E-3,2.3242189E-2,-4.8957826E-3,-1.1833191E-3,-2.9907227E-4,8.397732E-1,7.8277587E-4,3.237915E-3],"split_indices":[0,0,0,0,0,0,0,0,0,0,0,0,0,0,0,0,0],"split_type":[0,0,0,0,0,0,0,0,0,0,0,0,0,0,0,0,0],"sum_hessian":[9E0,2E0,7E0,1E0,1E0,5E0,2E0,2E0,3E0,1E0,1E0,1E0,1E0,1E0,2E0,1E0,1E0],"tree_param":{"num_deleted":"0","num_feature":"2","num_nodes":"17","size_leaf_vector":"1"}},{"base_weights":[-6.93634E-2,-3.9700827E-1,6.2173843E-2,-4.7732543E-2,-1.1818695E-2,-7.464091E-3,1.807251E-1,-3.8497925E-2,1.7677307E-2,5.029297E-3,2.2079468E-2,-4.650879E-3,-1.1238098E-3,-2.8381348E-4,2.5461832E-2,7.4310304E-4,3.076172E-3],"categories":[],"categories_nodes":[],"categories_segments":[],"categories_sizes":[],"default_left":[0,0,0,0,0,0,0,0,0,0,0,0,0,0,0,0,0],"id":98,"left_children":[1,3,5,-1,-1,7,9,11,13,-1,-1,-1,-1,-1,15,-1,-1],"loss_changes":[4.5565856E-1,1.0768801E-2,6.7394264E-2,0E0,0E0,5.3619435E-3,4.574664E-3,1.324541E-4,7.110762E-4,0E0,0E0,0E0,0E0,0E0,5.8092293E-5,0E0,0E0],"parents":[2147483647,0,0,1,1,2,2,5,5,6,6,7,7,8,8,14,14],"right_children":[2,4,6,-1,-1,8,10,12,14,-1,-1,-1,-1,-1,16,-1,-1],"split_conditions":[3.1522763E-1,1.0537205E-1,9.467875E-1,-4.7732543E-2,-1.1818695E-2,5.2514654E-1,1E0,4.1946658E-1,7.3571527E-1,5.029297E-3,2.2079468E-2,-4.650879E-3,-1.1238098E-3,-2.8381348E-4,8.397732E-1,7.4310304E-4,3.076172E-3],"split_indices":[0,0,0,0,0,0,0,0,0,0,0,0,0,0,0,0,0],"split_type":[0,0,0,0,0,0,0,0,0,0,0,0,0,0,0,0,0],"sum_hessian":[9E0,2E0,7E0,1E0,1E0,5E0,2E0,2E0,3E0,1E0,1E0,1E0,1E0,1E0,2E0,1E0,1E0],"tree_param":{"num_deleted":"0","num_feature":"2","num_nodes":"17","size_leaf_vector":"1"}},{"base_weights":[-6.589508E-2,-3.771566E-1,5.9064865E-2,-4.534607E-2,-1.1227417E-2,-7.0877075E-3,1.7168172E-1,-3.6570232E-2,1.6796112E-2,4.777527E-3,2.0974731E-2,-4.4181827E-3,-1.0673524E-3,-2.6931762E-4,2.4190268E-2,7.064819E-4,2.922058E-3],"categories":[],"categories_nodes":[],"categories_segments":[],"categories_sizes":[],"default_left":[0,0,0,0,0,0,0,0,0,0,0,0,0,0,0,0,0],"id":99,"left_children":[1,3,5,-1,-1,7,9,11,13,-1,-1,-1,-1,-1,15,-1,-1],"loss_changes":[4.112289E-1,9.722948E-3,6.081599E-2,0E0,0E0,4.8391693E-3,4.128985E-3,1.1976948E-4,6.41576E-4,0E0,0E0,0E0,0E0,0E0,5.2000978E-5,0E0,0E0],"parents":[2147483647,0,0,1,1,2,2,5,5,6,6,7,7,8,8,14,14],"right_children":[2,4,6,-1,-1,8,10,12,14,-1,-1,-1,-1,-1,16,-1,-1],"split_conditions":[3.1522763E-1,1.0537205E-1,9.467875E-1,-4.534607E-2,-1.1227417E-2,5.2514654E-1,1E0,4.1946658E-1,7.3571527E-1,4.777527E-3,2.0974731E-2,-4.4181827E-3,-1.0673524E-3,-2.6931762E-4,8.397732E-1,7.064819E-4,2.922058E-3],"split_indices":[0,0,0,0,0,0,0,0,0,0,0,0,0,0,0,0,0],"split_type":[0,0,0,0,0,0,0,0,0,0,0,0,0,0,0,0,0],"sum_hessian":[9E0,2E0,7E0,1E0,1E0,5E0,2E0,2E0,3E0,1E0,1E0,1E0,1E0,1E0,2E0,1E0,1E0],"tree_param":{"num_deleted":"0","num_feature":"2","num_nodes":"17","size_leaf_vector":"1"}}]},"name":"gbtree"},"learner_model_param":{"base_score":"2.2706667E2","boost_from_average":"1","num_class":"0","num_feature":"2","num_target":"1"},"objective":{"name":"reg:squarederror","reg_loss_param":{"scale_pos_weight":"1"}}},"version":[2,0,1]}