{"model_name": "LogarithmicRegressionTrainer_0", "model_class": "curvefit", "model_file": "LogarithmicRegressionTrainer_0.json", "features": ["bpf_cpu_time_ms", "bpf_page_cache_hit", "cache_miss", "cgroupfs_cpu_usage_us", "cgroupfs_memory_usage_bytes", "cgroupfs_system_cpu_usage_us", "cgroupfs_user_cpu_usage_us", "cpu_cycles", "cpu_instructions"], "fe_files": [], "output_type": "AbsPower", "mae": 25.94, "mape": 9.75, "package_mae": 25.94, "core_mae": 0.0, "uncore_mae": 0.0, "dram_mae": 1.71, "package_mape": 12.6, "core_mape": -1, "uncore_mape": -1, "dram_mape": 9.75}