{"learner":{"attributes":{"scikit_learn":"{\"_estimator_type\": \"regressor\"}"},"feature_names":[],"feature_types":[],"gradient_booster":{"model":{"gbtree_model_param":{"num_parallel_tree":"1","num_trees":"100"},"iteration_indptr":[0,1,2,3,4,5,6,7,8,9,10,11,12,13,14,15,16,17,18,19,20,21,22,23,24,25,26,27,28,29,30,31,32,33,34,35,36,37,38,39,40,41,42,43,44,45,46,47,48,49,50,51,52,53,54,55,56,57,58,59,60,61,62,63,64,65,66,67,68,69,70,71,72,73,74,75,76,77,78,79,80,81,82,83,84,85,86,87,88,89,90,91,92,93,94,95,96,97,98,99,100],"tree_info":[0,0,0,0,0,0,0,0,0,0,0,0,0,0,0,0,0,0,0,0,0,0,0,0,0,0,0,0,0,0,0,0,0,0,0,0,0,0,0,0,0,0,0,0,0,0,0,0,0,0,0,0,0,0,0,0,0,0,0,0,0,0,0,0,0,0,0,0,0,0,0,0,0,0,0,0,0,0,0,0,0,0,0,0,0,0,0,0,0,0,0,0,0,0,0,0,0,0,0,0],"trees":[{"base_weights":[3.0517579E-6,-1.3531112E1,1.1275926E2,2.5055559E0,1.252889E1],"categories":[],"categories_nodes":[],"categories_segments":[],"categories_sizes":[],"default_left":[0,0,0,0,0],"id":0,"left_children":[1,-1,3,-1,-1],"loss_changes":[1.6783339E5,0E0,3.4541875E3,0E0,0E0],"parents":[2147483647,0,0,2,2],"right_children":[2,-1,4,-1,-1],"split_conditions":[5.024596E-1,-1.3531112E1,6.017341E-1,2.5055559E0,1.252889E1],"split_indices":[0,0,0,0,0],"split_type":[0,0,0,0,0],"sum_hessian":[9E0,4E0,5E0,1E0,4E0],"tree_param":{"num_deleted":"0","num_feature":"2","num_nodes":"5","size_leaf_vector":"1"}},{"base_weights":[1.5032654E-1,-1.2448623E1,1.0398907E2,2.380278E0,1.1526577E1],"categories":[],"categories_nodes":[],"categories_segments":[],"categories_sizes":[],"default_left":[0,0,0,0,0],"id":1,"left_children":[1,-1,3,-1,-1],"loss_changes":[1.4236625E5,0E0,2.6817734E3,0E0,0E0],"parents":[2147483647,0,0,2,2],"right_children":[2,-1,4,-1,-1],"split_conditions":[5.024596E-1,-1.2448623E1,6.017341E-1,2.380278E0,1.1526577E1],"split_indices":[0,0,0,0,0],"split_type":[0,0,0,0,0],"sum_hessian":[9E0,4E0,5E0,1E0,4E0],"tree_param":{"num_deleted":"0","num_feature":"2","num_nodes":"5","size_leaf_vector":"1"}},{"base_weights":[2.8110963E-1,-1.1452735E1,9.590797E1,2.261264E0,1.0604451E1],"categories":[],"categories_nodes":[],"categories_segments":[],"categories_sizes":[],"default_left":[0,0,0,0,0],"id":2,"left_children":[1,-1,3,-1,-1],"loss_changes":[1.20771805E5,0E0,2.0598203E3,0E0,0E0],"parents":[2147483647,0,0,2,2],"right_children":[2,-1,4,-1,-1],"split_conditions":[5.024596E-1,-1.1452735E1,6.017341E-1,2.261264E0,1.0604451E1],"split_indices":[0,0,0,0,0],"split_type":[0,0,0,0,0],"sum_hessian":[9E0,4E0,5E0,1E0,4E0],"tree_param":{"num_deleted":"0","num_feature":"2","num_nodes":"5","size_leaf_vector":"1"}},{"base_weights":[3.9429015E-1,-1.0536516E2,8.846145E1,-1.1584234E1,-3.1728227E0,2.148201E0,9.756094E0],"categories":[],"categories_nodes":[],"categories_segments":[],"categories_sizes":[],"default_left":[0,0,0,0,0,0,0],"id":3,"left_children":[1,3,5,-1,-1,-1,-1],"loss_changes":[1.024601E5,1.820625E2,1.5610664E3,0E0,0E0,0E0,0E0],"parents":[2147483647,0,0,1,1,2,2],"right_children":[2,4,6,-1,-1,-1,-1],"split_conditions":[5.024596E-1,4.011937E-1,6.017341E-1,-1.1584234E1,-3.1728227E0,2.148201E0,9.756094E0],"split_indices":[0,0,0,0,0,0,0],"split_type":[0,0,0,0,0,0,0],"sum_hessian":[9E0,4E0,5E0,3E0,1E0,1E0,4E0],"tree_param":{"num_deleted":"0","num_feature":"2","num_nodes":"7","size_leaf_vector":"1"}},{"base_weights":[6.958008E-2,-9.778007E0,8.159935E1,2.0407913E0,8.975606E0],"categories":[],"categories_nodes":[],"categories_segments":[],"categories_sizes":[],"default_left":[0,0,0,0,0],"id":4,"left_children":[1,-1,3,-1,-1],"loss_changes":[8.7755375E4,0E0,1.1629883E3,0E0,0E0],"parents":[2147483647,0,0,2,2],"right_children":[2,-1,4,-1,-1],"split_conditions":[5.024596E-1,-9.778007E0,6.017341E-1,2.0407913E0,8.975606E0],"split_indices":[0,0,0,0,0],"split_type":[0,0,0,0,0],"sum_hessian":[9E0,4E0,5E0,1E0,4E0],"tree_param":{"num_deleted":"0","num_feature":"2","num_nodes":"5","size_leaf_vector":"1"}},{"base_weights":[1.8645935E-1,-8.995765E1,7.5275475E1,-9.982066E0,-2.5252807E0,1.9387512E0,8.257556E0],"categories":[],"categories_nodes":[],"categories_segments":[],"categories_sizes":[],"default_left":[0,0,0,0,0,0,0],"id":5,"left_children":[1,3,5,-1,-1,-1,-1],"loss_changes":[7.4459914E4,6.701719E2,8.469883E2,0E0,0E0,0E0,0E0],"parents":[2147483647,0,0,1,1,2,2],"right_children":[2,4,6,-1,-1,-1,-1],"split_conditions":[5.024596E-1,4.011937E-1,6.017341E-1,-9.982066E0,-2.5252807E0,1.9387512E0,8.257556E0],"split_indices":[0,0,0,0,0,0,0],"split_type":[0,0,0,0,0,0,0],"sum_hessian":[9E0,4E0,5E0,3E0,1E0,1E0,4E0],"tree_param":{"num_deleted":"0","num_feature":"2","num_nodes":"7","size_leaf_vector":"1"}},{"base_weights":[-6.329956E-2,-8.346336E1,6.94473E1,-9.233412E0,-2.3990173E0,1.8418137E0,7.5969505E0],"categories":[],"categories_nodes":[],"categories_segments":[],"categories_sizes":[],"default_left":[0,0,0,0,0,0,0],"id":6,"left_children":[1,3,5,-1,-1,-1,-1],"loss_changes":[6.3768188E4,4.2275E2,5.9772266E2,0E0,0E0,0E0,0E0],"parents":[2147483647,0,0,1,1,2,2],"right_children":[2,4,6,-1,-1,-1,-1],"split_conditions":[5.024596E-1,4.011937E-1,6.017341E-1,-9.233412E0,-2.3990173E0,1.8418137E0,7.5969505E0],"split_indices":[0,0,0,0,0,0,0],"split_type":[0,0,0,0,0,0,0],"sum_hessian":[9E0,4E0,5E0,3E0,1E0,1E0,4E0],"tree_param":{"num_deleted":"0","num_feature":"2","num_nodes":"7","size_leaf_vector":"1"}},{"base_weights":[-2.7634278E-1,-7.744352E1,6.407569E1,-8.540907E0,-2.2790666E0,1.7497224E0,6.9891944E0],"categories":[],"categories_nodes":[],"categories_segments":[],"categories_sizes":[],"default_left":[0,0,0,0,0,0,0],"id":7,"left_children":[1,3,5,-1,-1,-1,-1],"loss_changes":[5.46209E4,2.3016797E2,4.0255664E2,0E0,0E0,0E0,0E0],"parents":[2147483647,0,0,1,1,2,2],"right_children":[2,4,6,-1,-1,-1,-1],"split_conditions":[5.024596E-1,4.011937E-1,6.017341E-1,-8.540907E0,-2.2790666E0,1.7497224E0,6.9891944E0],"split_indices":[0,0,0,0,0,0,0],"split_type":[0,0,0,0,0,0,0],"sum_hessian":[9E0,4E0,5E0,3E0,1E0,1E0,4E0],"tree_param":{"num_deleted":"0","num_feature":"2","num_nodes":"7","size_leaf_vector":"1"}},{"base_weights":[-4.5682067E-1,-7.1863174E1,5.9124607E1,-7.9003396E0,-2.165114E0,1.6622361E0,6.4300585E0],"categories":[],"categories_nodes":[],"categories_segments":[],"categories_sizes":[],"default_left":[0,0,0,0,0,0,0],"id":8,"left_children":[1,3,5,-1,-1,-1,-1],"loss_changes":[4.6793805E4,8.211328E1,2.5111523E2,0E0,0E0,0E0,0E0],"parents":[2147483647,0,0,1,1,2,2],"right_children":[2,4,6,-1,-1,-1,-1],"split_conditions":[5.024596E-1,4.011937E-1,6.017341E-1,-7.9003396E0,-2.165114E0,1.6622361E0,6.4300585E0],"split_indices":[0,0,0,0,0,0,0],"split_type":[0,0,0,0,0,0,0],"sum_hessian":[9E0,4E0,5E0,3E0,1E0,1E0,4E0],"tree_param":{"num_deleted":"0","num_feature":"2","num_nodes":"7","size_leaf_vector":"1"}},{"base_weights":[-6.0845643E-1,-6.668996E0,5.4560867E1,1.5791245E0,5.9156547E0],"categories":[],"categories_nodes":[],"categories_segments":[],"categories_sizes":[],"default_left":[0,0,0,0,0],"id":9,"left_children":[1,-1,3,-1,-1],"loss_changes":[4.0095375E4,0E0,1.348789E2,0E0,0E0],"parents":[2147483647,0,0,2,2],"right_children":[2,-1,4,-1,-1],"split_conditions":[5.024596E-1,-6.668996E0,6.017341E-1,1.5791245E0,5.9156547E0],"split_indices":[0,0,0,0,0],"split_type":[0,0,0,0,0],"sum_hessian":[9E0,4E0,5E0,1E0,4E0],"tree_param":{"num_deleted":"0","num_feature":"2","num_nodes":"5","size_leaf_vector":"1"}},{"base_weights":[-4.6503145E-1,-6.135476E1,5.0353912E1,-6.80764E0,-1.7234086E0,1.5001678E0,5.4424024E0],"categories":[],"categories_nodes":[],"categories_segments":[],"categories_sizes":[],"default_left":[0,0,0,0,0,0,0],"id":10,"left_children":[1,3,5,-1,-1,-1,-1],"loss_changes":[3.4032965E4,3.0958398E2,4.6874023E1,0E0,0E0,0E0,0E0],"parents":[2147483647,0,0,1,1,2,2],"right_children":[2,4,6,-1,-1,-1,-1],"split_conditions":[5.024596E-1,4.011937E-1,6.017341E-1,-6.80764E0,-1.7234086E0,1.5001678E0,5.4424024E0],"split_indices":[0,0,0,0,0,0,0],"split_type":[0,0,0,0,0,0,0],"sum_hessian":[9E0,4E0,5E0,3E0,1E0,1E0,4E0],"tree_param":{"num_deleted":"0","num_feature":"2","num_nodes":"7","size_leaf_vector":"1"}},{"base_weights":[-5.773834E-1,-5.6925495E1,4.6475606E0,-6.297068E0,-1.6372375E0],"categories":[],"categories_nodes":[],"categories_segments":[],"categories_sizes":[],"default_left":[0,0,0,0,0],"id":11,"left_children":[1,3,-1,-1,-1],"loss_changes":[2.9159117E4,1.9477637E2,0E0,0E0,0E0],"parents":[2147483647,0,0,1,1],"right_children":[2,4,-1,-1,-1],"split_conditions":[5.024596E-1,4.011937E-1,4.6475606E0,-6.297068E0,-1.6372375E0],"split_indices":[0,0,0,0,0],"split_type":[0,0,0,0,0],"sum_hessian":[9E0,4E0,5E0,3E0,1E0],"tree_param":{"num_deleted":"0","num_feature":"2","num_nodes":"5","size_leaf_vector":"1"}},{"base_weights":[-8.483139E-1,-5.28198E1,4.2602646E1,-5.8247876E0,-1.5553757E0,1.1927811E0,4.6352053E0],"categories":[],"categories_nodes":[],"categories_segments":[],"categories_sizes":[],"default_left":[0,0,0,0,0,0,0],"id":12,"left_children":[1,3,5,-1,-1,-1,-1],"loss_changes":[2.4832373E4,1.0544043E2,1.3719531E2,0E0,0E0,0E0,0E0],"parents":[2147483647,0,0,1,1,2,2],"right_children":[2,4,6,-1,-1,-1,-1],"split_conditions":[5.024596E-1,4.011937E-1,6.017341E-1,-5.8247876E0,-1.5553757E0,1.1927811E0,4.6352053E0],"split_indices":[0,0,0,0,0,0,0],"split_type":[0,0,0,0,0,0,0],"sum_hessian":[9E0,4E0,5E0,3E0,1E0,1E0,4E0],"tree_param":{"num_deleted":"0","num_feature":"2","num_nodes":"7","size_leaf_vector":"1"}},{"base_weights":[-9.186951E-1,-4.9013855E1,3.931372E1,-6.0226035E0,-2.1463726E0,1.1331421E0,4.26439E0],"categories":[],"categories_nodes":[],"categories_segments":[],"categories_sizes":[],"default_left":[0,0,0,0,0,0,0],"id":13,"left_children":[1,3,5,-1,-1,-1,-1],"loss_changes":[2.1276764E4,2.5180957E2,7.5899414E1,0E0,0E0,0E0,0E0],"parents":[2147483647,0,0,1,1,2,2],"right_children":[2,4,6,-1,-1,-1,-1],"split_conditions":[5.024596E-1,2.0097321E-1,6.017341E-1,-6.0226035E0,-2.1463726E0,1.1331421E0,4.26439E0],"split_indices":[0,0,0,0,0,0,0],"split_type":[0,0,0,0,0,0,0],"sum_hessian":[9E0,4E0,5E0,2E0,2E0,1E0,4E0],"tree_param":{"num_deleted":"0","num_feature":"2","num_nodes":"7","size_leaf_vector":"1"}},{"base_weights":[-1.1039779E0,-4.574627E1,3.6281925E1,-5.621097E0,-2.0032814E0,1.0764847E0,3.9232373E0],"categories":[],"categories_nodes":[],"categories_segments":[],"categories_sizes":[],"default_left":[0,0,0,0,0,0,0],"id":14,"left_children":[1,3,5,-1,-1,-1,-1],"loss_changes":[1.8349686E4,2.1935449E2,2.9390137E1,0E0,0E0,0E0,0E0],"parents":[2147483647,0,0,1,1,2,2],"right_children":[2,4,6,-1,-1,-1,-1],"split_conditions":[5.024596E-1,2.0097321E-1,6.017341E-1,-5.621097E0,-2.0032814E0,1.0764847E0,3.9232373E0],"split_indices":[0,0,0,0,0,0,0],"split_type":[0,0,0,0,0,0,0],"sum_hessian":[9E0,4E0,5E0,2E0,2E0,1E0,4E0],"tree_param":{"num_deleted":"0","num_feature":"2","num_nodes":"7","size_leaf_vector":"1"}},{"base_weights":[-1.2560486E0,-4.2696514E1,3.3487015E0,-5.2463574E0,-1.8697287E0],"categories":[],"categories_nodes":[],"categories_segments":[],"categories_sizes":[],"default_left":[0,0,0,0,0],"id":15,"left_children":[1,3,-1,-1,-1],"loss_changes":[1.5827467E4,1.9108301E2,0E0,0E0,0E0],"parents":[2147483647,0,0,1,1],"right_children":[2,4,-1,-1,-1],"split_conditions":[5.024596E-1,2.0097321E-1,3.3487015E0,-5.2463574E0,-1.8697287E0],"split_indices":[0,0,0,0,0],"split_type":[0,0,0,0,0],"sum_hessian":[9E0,4E0,5E0,2E0,2E0],"tree_param":{"num_deleted":"0","num_feature":"2","num_nodes":"5","size_leaf_vector":"1"}},{"base_weights":[-1.5071793E0,-3.9850082E1,3.0696436E1,-4.8966002E0,-1.74508E0,8.5522616E-1,3.341482E0],"categories":[],"categories_nodes":[],"categories_segments":[],"categories_sizes":[],"default_left":[0,0,0,0,0,0,0],"id":16,"left_children":[1,3,5,-1,-1,-1,-1],"loss_changes":[1.3571058E4,1.664541E2,7.540576E1,0E0,0E0,0E0,0E0],"parents":[2147483647,0,0,1,1,2,2],"right_children":[2,4,6,-1,-1,-1,-1],"split_conditions":[5.024596E-1,2.0097321E-1,6.017341E-1,-4.8966002E0,-1.74508E0,8.5522616E-1,3.341482E0],"split_indices":[0,0,0,0,0,0,0],"split_type":[0,0,0,0,0,0,0],"sum_hessian":[9E0,4E0,5E0,2E0,2E0,1E0,4E0],"tree_param":{"num_deleted":"0","num_feature":"2","num_nodes":"7","size_leaf_vector":"1"}},{"base_weights":[-1.6009598E0,-3.7193405E1,2.8326239E1,-4.57016E0,-1.6287409E0,8.124649E-1,3.0741627E0],"categories":[],"categories_nodes":[],"categories_segments":[],"categories_sizes":[],"default_left":[0,0,0,0,0,0,0],"id":17,"left_children":[1,3,5,-1,-1,-1,-1],"loss_changes":[1.1705371E4,1.45E2,4.3003418E1,0E0,0E0,0E0,0E0],"parents":[2147483647,0,0,1,1,2,2],"right_children":[2,4,6,-1,-1,-1,-1],"split_conditions":[5.024596E-1,2.0097321E-1,6.017341E-1,-4.57016E0,-1.6287409E0,8.124649E-1,3.0741627E0],"split_indices":[0,0,0,0,0,0,0],"split_type":[0,0,0,0,0,0,0],"sum_hessian":[9E0,4E0,5E0,2E0,2E0,1E0,4E0],"tree_param":{"num_deleted":"0","num_feature":"2","num_nodes":"7","size_leaf_vector":"1"}},{"base_weights":[-1.6720886E0,-3.4713844E1,2.6141388E1,-4.265483E0,-1.5201579E0,7.7184147E-1,2.82823E0],"categories":[],"categories_nodes":[],"categories_segments":[],"categories_sizes":[],"default_left":[0,0,0,0,0,0,0],"id":18,"left_children":[1,3,5,-1,-1,-1,-1],"loss_changes":[1.0097528E4,1.2631201E2,1.8357422E1,0E0,0E0,0E0,0E0],"parents":[2147483647,0,0,1,1,2,2],"right_children":[2,4,6,-1,-1,-1,-1],"split_conditions":[5.024596E-1,2.0097321E-1,6.017341E-1,-4.265483E0,-1.5201579E0,7.7184147E-1,2.82823E0],"split_indices":[0,0,0,0,0,0,0],"split_type":[0,0,0,0,0,0,0],"sum_hessian":[9E0,4E0,5E0,2E0,2E0,1E0,4E0],"tree_param":{"num_deleted":"0","num_feature":"2","num_nodes":"7","size_leaf_vector":"1"}},{"base_weights":[-1.7234299E0,-3.2399582E1,2.4127269E0,-3.981117E0,-1.4188136E0],"categories":[],"categories_nodes":[],"categories_segments":[],"categories_sizes":[],"default_left":[0,0,0,0,0],"id":19,"left_children":[1,3,-1,-1,-1],"loss_changes":[8.711713E3,1.1003223E2,0E0,0E0,0E0],"parents":[2147483647,0,0,1,1],"right_children":[2,4,-1,-1,-1],"split_conditions":[5.024596E-1,2.0097321E-1,2.4127269E0,-3.981117E0,-1.4188136E0],"split_indices":[0,0,0,0,0],"split_type":[0,0,0,0,0],"sum_hessian":[9E0,4E0,5E0,2E0,2E0],"tree_param":{"num_deleted":"0","num_feature":"2","num_nodes":"5","size_leaf_vector":"1"}},{"base_weights":[-1.8498046E0,-3.0239613E1,2.2116669E1,-4.261782E0,-1.6490605E0,6.126129E-1,2.408955E0],"categories":[],"categories_nodes":[],"categories_segments":[],"categories_sizes":[],"default_left":[0,0,0,0,0,0,0],"id":20,"left_children":[1,3,5,-1,-1,-1,-1],"loss_changes":[7.472835E3,1.4814648E2,4.1708984E1,0E0,0E0,0E0,0E0],"parents":[2147483647,0,0,1,1,2,2],"right_children":[2,4,6,-1,-1,-1,-1],"split_conditions":[5.024596E-1,1.00676894E-1,6.017341E-1,-4.261782E0,-1.6490605E0,6.126129E-1,2.408955E0],"split_indices":[0,0,0,0,0,0,0],"split_type":[0,0,0,0,0,0,0],"sum_hessian":[9E0,4E0,5E0,1E0,3E0,1E0,4E0],"tree_param":{"num_deleted":"0","num_feature":"2","num_nodes":"7","size_leaf_vector":"1"}},{"base_weights":[-1.9537567E0,-2.8397821E1,2.040859E1,-4.048693E0,-1.5253811E0,5.8198243E-1,2.2162378E0],"categories":[],"categories_nodes":[],"categories_segments":[],"categories_sizes":[],"default_left":[0,0,0,0,0,0,0],"id":21,"left_children":[1,3,5,-1,-1,-1,-1],"loss_changes":[6.4930723E3,1.7691699E2,2.453247E1,0E0,0E0,0E0,0E0],"parents":[2147483647,0,0,1,1,2,2],"right_children":[2,4,6,-1,-1,-1,-1],"split_conditions":[5.024596E-1,1.00676894E-1,6.017341E-1,-4.048693E0,-1.5253811E0,5.8198243E-1,2.2162378E0],"split_indices":[0,0,0,0,0,0,0],"split_type":[0,0,0,0,0,0,0],"sum_hessian":[9E0,4E0,5E0,1E0,3E0,1E0,4E0],"tree_param":{"num_deleted":"0","num_feature":"2","num_nodes":"7","size_leaf_vector":"1"}},{"base_weights":[-2.0359695E0,-2.6672855E1,1.8834097E1,-3.8462586E0,-1.4109776E0,5.528839E-1,2.038938E0],"categories":[],"categories_nodes":[],"categories_segments":[],"categories_sizes":[],"default_left":[0,0,0,0,0,0,0],"id":22,"left_children":[1,3,5,-1,-1,-1,-1],"loss_changes":[5.6440933E3,1.9787817E2,1.1431152E1,0E0,0E0,0E0,0E0],"parents":[2147483647,0,0,1,1,2,2],"right_children":[2,4,6,-1,-1,-1,-1],"split_conditions":[5.024596E-1,1.00676894E-1,6.017341E-1,-3.8462586E0,-1.4109776E0,5.528839E-1,2.038938E0],"split_indices":[0,0,0,0,0,0,0],"split_type":[0,0,0,0,0,0,0],"sum_hessian":[9E0,4E0,5E0,1E0,3E0,1E0,4E0],"tree_param":{"num_deleted":"0","num_feature":"2","num_nodes":"7","size_leaf_vector":"1"}},{"base_weights":[-2.098915E0,-2.5057016E1,1.7382654E1,-3.653946E0,-1.3051541E0,7.817525E-1,2.0210838E0],"categories":[],"categories_nodes":[],"categories_segments":[],"categories_sizes":[],"default_left":[0,0,0,0,0,0,0],"id":23,"left_children":[1,3,5,-1,-1,-1,-1],"loss_changes":[4.908156E3,2.1236475E2,4.3129883E0,0E0,0E0,0E0,0E0],"parents":[2147483647,0,0,1,1,2,2],"right_children":[2,4,6,-1,-1,-1,-1],"split_conditions":[5.024596E-1,1.00676894E-1,8.031905E-1,-3.653946E0,-1.3051541E0,7.817525E-1,2.0210838E0],"split_indices":[0,0,0,0,0,0,0],"split_type":[0,0,0,0,0,0,0],"sum_hessian":[9E0,4E0,5E0,1E0,3E0,2E0,3E0],"tree_param":{"num_deleted":"0","num_feature":"2","num_nodes":"7","size_leaf_vector":"1"}},{"base_weights":[-2.1046479E0,-2.3543133E1,1.6111532E1,-3.4712486E0,-1.2072674E0,4.8615265E-1,1.7389227E0],"categories":[],"categories_nodes":[],"categories_segments":[],"categories_sizes":[],"default_left":[0,0,0,0,0,0,0],"id":24,"left_children":[1,3,5,-1,-1,-1,-1],"loss_changes":[4.2845894E3,2.2151538E2,1.7062988E0,0E0,0E0,0E0,0E0],"parents":[2147483647,0,0,1,1,2,2],"right_children":[2,4,6,-1,-1,-1,-1],"split_conditions":[5.024596E-1,1.00676894E-1,6.017341E-1,-3.4712486E0,-1.2072674E0,4.8615265E-1,1.7389227E0],"split_indices":[0,0,0,0,0,0,0],"split_type":[0,0,0,0,0,0,0],"sum_hessian":[9E0,4E0,5E0,1E0,3E0,1E0,4E0],"tree_param":{"num_deleted":"0","num_feature":"2","num_nodes":"7","size_leaf_vector":"1"}},{"base_weights":[-2.1395264E0,-2.2124523E1,1.4871226E1,-3.297686E0,-1.1167225E0,6.5546775E-1,1.7390832E0],"categories":[],"categories_nodes":[],"categories_segments":[],"categories_sizes":[],"default_left":[0,0,0,0,0,0,0],"id":25,"left_children":[1,3,5,-1,-1,-1,-1],"loss_changes":[3.7286174E3,2.2630127E2,1.17352295E1,0E0,0E0,0E0,0E0],"parents":[2147483647,0,0,1,1,2,2],"right_children":[2,4,6,-1,-1,-1,-1],"split_conditions":[5.024596E-1,1.00676894E-1,8.031905E-1,-3.297686E0,-1.1167225E0,6.5546775E-1,1.7390832E0],"split_indices":[0,0,0,0,0,0,0],"split_type":[0,0,0,0,0,0,0],"sum_hessian":[9E0,4E0,5E0,1E0,3E0,2E0,3E0],"tree_param":{"num_deleted":"0","num_feature":"2","num_nodes":"7","size_leaf_vector":"1"}},{"base_weights":[-2.1275527E0,-2.0794949E1,1.3783203E1,-3.1328018E0,-1.0329678E0,6.1177063E-1,1.6086525E0],"categories":[],"categories_nodes":[],"categories_segments":[],"categories_sizes":[],"default_left":[0,0,0,0,0,0,0],"id":26,"left_children":[1,3,5,-1,-1,-1,-1],"loss_changes":[3.2567449E3,2.2754858E2,7.523926E0,0E0,0E0,0E0,0E0],"parents":[2147483647,0,0,1,1,2,2],"right_children":[2,4,6,-1,-1,-1,-1],"split_conditions":[5.024596E-1,1.00676894E-1,8.031905E-1,-3.1328018E0,-1.0329678E0,6.1177063E-1,1.6086525E0],"split_indices":[0,0,0,0,0,0,0],"split_type":[0,0,0,0,0,0,0],"sum_hessian":[9E0,4E0,5E0,1E0,3E0,2E0,3E0],"tree_param":{"num_deleted":"0","num_feature":"2","num_nodes":"7","size_leaf_vector":"1"}},{"base_weights":[-2.1093292E0,-1.9548609E1,1.2774959E1,-2.976162E0,-9.5549506E-1,5.70986E-1,1.4880043E0],"categories":[],"categories_nodes":[],"categories_segments":[],"categories_sizes":[],"default_left":[0,0,0,0,0,0,0],"id":27,"left_children":[1,3,5,-1,-1,-1,-1],"loss_changes":[2.845445E3,2.2595581E2,4.272888E0,0E0,0E0,0E0,0E0],"parents":[2147483647,0,0,1,1,2,2],"right_children":[2,4,6,-1,-1,-1,-1],"split_conditions":[5.024596E-1,1.00676894E-1,8.031905E-1,-2.976162E0,-9.5549506E-1,5.70986E-1,1.4880043E0],"split_indices":[0,0,0,0,0,0,0],"split_type":[0,0,0,0,0,0,0],"sum_hessian":[9E0,4E0,5E0,1E0,3E0,2E0,3E0],"tree_param":{"num_deleted":"0","num_feature":"2","num_nodes":"7","size_leaf_vector":"1"}},{"base_weights":[-2.0856628E0,-1.8380077E1,1.1840627E1,-2.8273537E0,-8.8383293E-1,5.329203E-1,1.3764038E0],"categories":[],"categories_nodes":[],"categories_segments":[],"categories_sizes":[],"default_left":[0,0,0,0,0,0,0],"id":28,"left_children":[1,3,5,-1,-1,-1,-1],"loss_changes":[2.486839E3,2.2211365E2,1.7935181E0,0E0,0E0,0E0,0E0],"parents":[2147483647,0,0,1,1,2,2],"right_children":[2,4,6,-1,-1,-1,-1],"split_conditions":[5.024596E-1,1.00676894E-1,8.031905E-1,-2.8273537E0,-8.8383293E-1,5.329203E-1,1.3764038E0],"split_indices":[0,0,0,0,0,0,0],"split_type":[0,0,0,0,0,0,0],"sum_hessian":[9E0,4E0,5E0,1E0,3E0,2E0,3E0],"tree_param":{"num_deleted":"0","num_feature":"2","num_nodes":"7","size_leaf_vector":"1"}},{"base_weights":[-2.057286E0,-1.7284311E1,1.0974783E0,-2.6859863E0,-8.175457E-1],"categories":[],"categories_nodes":[],"categories_segments":[],"categories_sizes":[],"default_left":[0,0,0,0,0],"id":29,"left_children":[1,3,-1,-1,-1],"loss_changes":[2.174088E3,2.165199E2,0E0,0E0,0E0],"parents":[2147483647,0,0,1,1],"right_children":[2,4,-1,-1,-1],"split_conditions":[5.024596E-1,1.00676894E-1,1.0974783E0,-2.6859863E0,-8.175457E-1],"split_indices":[0,0,0,0,0],"split_type":[0,0,0,0,0],"sum_hessian":[9E0,4E0,5E0,1E0,3E0],"tree_param":{"num_deleted":"0","num_feature":"2","num_nodes":"5","size_leaf_vector":"1"}},{"base_weights":[-2.09216E0,-1.6256586E1,1.0060222E1,-2.551687E0,-7.562298E-1,4.242269E-1,1.190863E0],"categories":[],"categories_nodes":[],"categories_segments":[],"categories_sizes":[],"default_left":[0,0,0,0,0,0,0],"id":30,"left_children":[1,3,5,-1,-1,-1,-1],"loss_changes":[1.88486E3,2.0959167E2,1.4004089E1,0E0,0E0,0E0,0E0],"parents":[2147483647,0,0,1,1,2,2],"right_children":[2,4,6,-1,-1,-1,-1],"split_conditions":[5.024596E-1,1.00676894E-1,8.031905E-1,-2.551687E0,-7.562298E-1,4.242269E-1,1.190863E0],"split_indices":[0,0,0,0,0,0,0],"split_type":[0,0,0,0,0,0,0],"sum_hessian":[9E0,4E0,5E0,1E0,3E0,2E0,3E0],"tree_param":{"num_deleted":"0","num_feature":"2","num_nodes":"7","size_leaf_vector":"1"}},{"base_weights":[-2.0522263E0,-1.5292514E1,9.323384E0,-2.4241028E0,-6.995129E-1,3.9594525E-1,1.1015488E0],"categories":[],"categories_nodes":[],"categories_segments":[],"categories_sizes":[],"default_left":[0,0,0,0,0,0,0],"id":31,"left_children":[1,3,5,-1,-1,-1,-1],"loss_changes":[1.6487416E3,2.0167725E2,1.084259E1,0E0,0E0,0E0,0E0],"parents":[2147483647,0,0,1,1,2,2],"right_children":[2,4,6,-1,-1,-1,-1],"split_conditions":[5.024596E-1,1.00676894E-1,8.031905E-1,-2.4241028E0,-6.995129E-1,3.9594525E-1,1.1015488E0],"split_indices":[0,0,0,0,0,0,0],"split_type":[0,0,0,0,0,0,0],"sum_hessian":[9E0,4E0,5E0,1E0,3E0,2E0,3E0],"tree_param":{"num_deleted":"0","num_feature":"2","num_nodes":"7","size_leaf_vector":"1"}},{"base_weights":[-2.0096176E0,-1.7020039E1,6.854854E0,-2.3028977E0,-7.340734E-1,-1.9298859E-1,8.640625E0,3.6954957E-1,1.0189316E0],"categories":[],"categories_nodes":[],"categories_segments":[],"categories_sizes":[],"default_left":[0,0,0,0,0,0,0,0,0],"id":32,"left_children":[1,3,5,-1,-1,-1,7,-1,-1],"loss_changes":[1.4472643E3,6.3599854E1,1.2648816E2,0E0,0E0,0E0,8.296295E0,0E0,0E0],"parents":[2147483647,0,0,1,1,2,2,6,6],"right_children":[2,4,6,-1,-1,-1,8,-1,-1],"split_conditions":[4.011937E-1,1.00676894E-1,5.024596E-1,-2.3028977E0,-7.340734E-1,-1.9298859E-1,8.031905E-1,3.6954957E-1,1.0189316E0],"split_indices":[0,0,0,0,0,0,0,0,0],"split_type":[0,0,0,0,0,0,0,0,0],"sum_hessian":[9E0,3E0,6E0,1E0,2E0,1E0,5E0,2E0,3E0],"tree_param":{"num_deleted":"0","num_feature":"2","num_nodes":"9","size_leaf_vector":"1"}},{"base_weights":[-1.9927979E0,-1.6077278E1,6.340162E0,-2.1877525E0,-6.851354E-1,-1.8333893E-1,8.007985E0,3.4491375E-1,9.425125E-1],"categories":[],"categories_nodes":[],"categories_segments":[],"categories_sizes":[],"default_left":[0,0,0,0,0,0,0,0,0],"id":33,"left_children":[1,3,5,-1,-1,-1,7,-1,-1],"loss_changes":[1.2755867E3,6.415991E1,1.1010602E2,0E0,0E0,0E0,6.254608E0,0E0,0E0],"parents":[2147483647,0,0,1,1,2,2,6,6],"right_children":[2,4,6,-1,-1,-1,8,-1,-1],"split_conditions":[4.011937E-1,1.00676894E-1,5.024596E-1,-2.1877525E0,-6.851354E-1,-1.8333893E-1,8.031905E-1,3.4491375E-1,9.425125E-1],"split_indices":[0,0,0,0,0,0,0,0,0],"split_type":[0,0,0,0,0,0,0,0,0],"sum_hessian":[9E0,3E0,6E0,1E0,2E0,1E0,5E0,2E0,3E0],"tree_param":{"num_deleted":"0","num_feature":"2","num_nodes":"9","size_leaf_vector":"1"}},{"base_weights":[-1.9703934E0,-1.5187771E1,5.8638787E0,-2.0783646E0,-6.394598E-1,-1.7417145E-1,7.421763E0,3.2191977E-1,8.718247E-1],"categories":[],"categories_nodes":[],"categories_segments":[],"categories_sizes":[],"default_left":[0,0,0,0,0,0,0,0,0],"id":34,"left_children":[1,3,5,-1,-1,-1,7,-1,-1],"loss_changes":[1.1245446E3,6.3918945E1,9.586702E1,0E0,0E0,0E0,4.62558E0,0E0,0E0],"parents":[2147483647,0,0,1,1,2,2,6,6],"right_children":[2,4,6,-1,-1,-1,8,-1,-1],"split_conditions":[4.011937E-1,1.00676894E-1,5.024596E-1,-2.0783646E0,-6.394598E-1,-1.7417145E-1,8.031905E-1,3.2191977E-1,8.718247E-1],"split_indices":[0,0,0,0,0,0,0,0,0],"split_type":[0,0,0,0,0,0,0,0,0],"sum_hessian":[9E0,3E0,6E0,1E0,2E0,1E0,5E0,2E0,3E0],"tree_param":{"num_deleted":"0","num_feature":"2","num_nodes":"9","size_leaf_vector":"1"}},{"base_weights":[-1.9431808E0,-1.4348446E1,5.423139E0,-1.9744462E0,-5.968287E-1,-1.6546325E-1,6.87854E0,3.0045778E-1,8.064377E-1],"categories":[],"categories_nodes":[],"categories_segments":[],"categories_sizes":[],"default_left":[0,0,0,0,0,0,0,0,0],"id":35,"left_children":[1,3,5,-1,-1,-1,7,-1,-1],"loss_changes":[9.916251E2,6.303723E1,8.3488434E1,0E0,0E0,0E0,3.333252E0,0E0,0E0],"parents":[2147483647,0,0,1,1,2,2,6,6],"right_children":[2,4,6,-1,-1,-1,8,-1,-1],"split_conditions":[4.011937E-1,1.00676894E-1,5.024596E-1,-1.9744462E0,-5.968287E-1,-1.6546325E-1,8.031905E-1,3.0045778E-1,8.064377E-1],"split_indices":[0,0,0,0,0,0,0,0,0],"split_type":[0,0,0,0,0,0,0,0,0],"sum_hessian":[9E0,3E0,6E0,1E0,2E0,1E0,5E0,2E0,3E0],"tree_param":{"num_deleted":"0","num_feature":"2","num_nodes":"9","size_leaf_vector":"1"}},{"base_weights":[-1.9118408E0,-1.3556419E1,5.015324E0,-1.8757241E0,-5.570399E-1,-1.5718995E-1,6.375178E0,1.8056488E-1,6.9279546E-1],"categories":[],"categories_nodes":[],"categories_segments":[],"categories_sizes":[],"default_left":[0,0,0,0,0,0,0,0,0],"id":36,"left_children":[1,3,5,-1,-1,-1,7,-1,-1],"loss_changes":[8.74629E2,6.1650146E1,7.272476E1,0E0,0E0,0E0,2.6461182E0,0E0,0E0],"parents":[2147483647,0,0,1,1,2,2,6,6],"right_children":[2,4,6,-1,-1,-1,8,-1,-1],"split_conditions":[4.011937E-1,1.00676894E-1,5.024596E-1,-1.8757241E0,-5.570399E-1,-1.5718995E-1,6.017341E-1,1.8056488E-1,6.9279546E-1],"split_indices":[0,0,0,0,0,0,0,0,0],"split_type":[0,0,0,0,0,0,0,0,0],"sum_hessian":[9E0,3E0,6E0,1E0,2E0,1E0,5E0,1E0,4E0],"tree_param":{"num_deleted":"0","num_feature":"2","num_nodes":"9","size_leaf_vector":"1"}},{"base_weights":[-1.8923233E0,-1.2808971E1,4.616093E0,-1.7819382E0,-5.199041E-1,-1.4933014E-1,5.883209E0,2.5131533E-1,6.9399494E-1],"categories":[],"categories_nodes":[],"categories_segments":[],"categories_sizes":[],"default_left":[0,0,0,0,0,0,0,0,0],"id":37,"left_children":[1,3,5,-1,-1,-1,7,-1,-1],"loss_changes":[7.696283E2,5.9871826E1,6.2974594E1,0E0,0E0,0E0,3.926468E0,0E0,0E0],"parents":[2147483647,0,0,1,1,2,2,6,6],"right_children":[2,4,6,-1,-1,-1,8,-1,-1],"split_conditions":[4.011937E-1,1.00676894E-1,5.024596E-1,-1.7819382E0,-5.199041E-1,-1.4933014E-1,8.031905E-1,2.5131533E-1,6.9399494E-1],"split_indices":[0,0,0,0,0,0,0,0,0],"split_type":[0,0,0,0,0,0,0,0,0],"sum_hessian":[9E0,3E0,6E0,1E0,2E0,1E0,5E0,2E0,3E0],"tree_param":{"num_deleted":"0","num_feature":"2","num_nodes":"9","size_leaf_vector":"1"}},{"base_weights":[-1.8536804E0,-1.21035385E1,4.268193E0,-1.6928414E0,-4.8524424E-1,-1.4186402E-1,5.4524384E0,2.3456116E-1,6.419449E-1],"categories":[],"categories_nodes":[],"categories_segments":[],"categories_sizes":[],"default_left":[0,0,0,0,0,0,0,0,0],"id":38,"left_children":[1,3,5,-1,-1,-1,7,-1,-1],"loss_changes":[6.7914355E2,5.779834E1,5.487731E1,0E0,0E0,0E0,2.96846E0,0E0,0E0],"parents":[2147483647,0,0,1,1,2,2,6,6],"right_children":[2,4,6,-1,-1,-1,8,-1,-1],"split_conditions":[4.011937E-1,1.00676894E-1,5.024596E-1,-1.6928414E0,-4.8524424E-1,-1.4186402E-1,8.031905E-1,2.3456116E-1,6.419449E-1],"split_indices":[0,0,0,0,0,0,0,0,0],"split_type":[0,0,0,0,0,0,0,0,0],"sum_hessian":[9E0,3E0,6E0,1E0,2E0,1E0,5E0,2E0,3E0],"tree_param":{"num_deleted":"0","num_feature":"2","num_nodes":"9","size_leaf_vector":"1"}},{"base_weights":[-1.8126526E0,-1.1437706E1,3.9463284E0,-1.6081994E0,-4.528946E-1,-1.347702E-1,5.0532837E0,2.1892396E-1,5.937996E-1],"categories":[],"categories_nodes":[],"categories_segments":[],"categories_sizes":[],"default_left":[0,0,0,0,0,0,0,0,0],"id":39,"left_children":[1,3,5,-1,-1,-1,7,-1,-1],"loss_changes":[5.994419E2,5.551056E1,4.7832115E1,0E0,0E0,0E0,2.2034302E0,0E0,0E0],"parents":[2147483647,0,0,1,1,2,2,6,6],"right_children":[2,4,6,-1,-1,-1,8,-1,-1],"split_conditions":[4.011937E-1,1.00676894E-1,5.024596E-1,-1.6081994E0,-4.528946E-1,-1.347702E-1,8.031905E-1,2.1892396E-1,5.937996E-1],"split_indices":[0,0,0,0,0,0,0,0,0],"split_type":[0,0,0,0,0,0,0,0,0],"sum_hessian":[9E0,3E0,6E0,1E0,2E0,1E0,5E0,2E0,3E0],"tree_param":{"num_deleted":"0","num_feature":"2","num_nodes":"9","size_leaf_vector":"1"}},{"base_weights":[-1.7697067E0,-1.0809208E1,3.6485379E0,-1.5277894E0,-4.227015E-1,-1.2803192E-1,4.6834006E0,2.0432842E-1,5.492638E-1],"categories":[],"categories_nodes":[],"categories_segments":[],"categories_sizes":[],"default_left":[0,0,0,0,0,0,0,0,0],"id":40,"left_children":[1,3,5,-1,-1,-1,7,-1,-1],"loss_changes":[5.292201E2,5.3075134E1,4.1701073E1,0E0,0E0,0E0,1.5958557E0,0E0,0E0],"parents":[2147483647,0,0,1,1,2,2,6,6],"right_children":[2,4,6,-1,-1,-1,8,-1,-1],"split_conditions":[4.011937E-1,1.00676894E-1,5.024596E-1,-1.5277894E0,-4.227015E-1,-1.2803192E-1,8.031905E-1,2.0432842E-1,5.492638E-1],"split_indices":[0,0,0,0,0,0,0,0,0],"split_type":[0,0,0,0,0,0,0,0,0],"sum_hessian":[9E0,3E0,6E0,1E0,2E0,1E0,5E0,2E0,3E0],"tree_param":{"num_deleted":"0","num_feature":"2","num_nodes":"9","size_leaf_vector":"1"}},{"base_weights":[-1.7252258E0,-1.227007E0,2.444744E0,-2.1620178E-1,4.3406677E0,1.907074E-1,5.0806963E-1],"categories":[],"categories_nodes":[],"categories_segments":[],"categories_sizes":[],"default_left":[0,0,0,0,0,0,0],"id":41,"left_children":[1,-1,3,-1,5,-1,-1],"loss_changes":[4.6971405E2,0E0,7.925716E1,0E0,1.1163101E0,0E0,0E0],"parents":[2147483647,0,0,2,2,4,4],"right_children":[2,-1,4,-1,6,-1,-1],"split_conditions":[2.0097321E-1,-1.227007E0,5.024596E-1,-2.1620178E-1,8.031905E-1,1.907074E-1,5.0806963E-1],"split_indices":[0,0,0,0,0,0,0],"split_type":[0,0,0,0,0,0,0],"sum_hessian":[9E0,2E0,7E0,2E0,5E0,2E0,3E0],"tree_param":{"num_deleted":"0","num_feature":"2","num_nodes":"7","size_leaf_vector":"1"}},{"base_weights":[-1.6271439E0,-1.1452067E1,2.2605953E0,-1.3900498E0,-3.277603E-1,-2.0178883E-1,4.0230713E0,2.1515046E-1,5.17747E-1],"categories":[],"categories_nodes":[],"categories_segments":[],"categories_sizes":[],"default_left":[0,0,0,0,0,0,0,0,0],"id":42,"left_children":[1,3,5,-1,-1,-1,7,-1,-1],"loss_changes":[4.0785583E2,1.44835205E1,6.844391E1,0E0,0E0,0E0,1.8238525E0,0E0,0E0],"parents":[2147483647,0,0,1,1,2,2,6,6],"right_children":[2,4,6,-1,-1,-1,8,-1,-1],"split_conditions":[2.0097321E-1,1.00676894E-1,5.024596E-1,-1.3900498E0,-3.277603E-1,-2.0178883E-1,9.026515E-1,2.1515046E-1,5.17747E-1],"split_indices":[0,0,0,0,0,0,0,0,0],"split_type":[0,0,0,0,0,0,0,0,0],"sum_hessian":[9E0,2E0,7E0,1E0,1E0,2E0,5E0,3E0,2E0],"tree_param":{"num_deleted":"0","num_feature":"2","num_nodes":"9","size_leaf_vector":"1"}},{"base_weights":[-1.5831039E0,-1.0879466E1,2.1009197E0,-1.3205475E0,-3.1137237E-1,-1.883367E-1,3.7429097E0,1.9901429E-1,4.832296E-1],"categories":[],"categories_nodes":[],"categories_segments":[],"categories_sizes":[],"default_left":[0,0,0,0,0,0,0,0,0],"id":43,"left_children":[1,3,5,-1,-1,-1,7,-1,-1],"loss_changes":[3.6533707E2,1.307135E1,5.938654E1,0E0,0E0,0E0,1.8396835E0,0E0,0E0],"parents":[2147483647,0,0,1,1,2,2,6,6],"right_children":[2,4,6,-1,-1,-1,8,-1,-1],"split_conditions":[2.0097321E-1,1.00676894E-1,5.024596E-1,-1.3205475E0,-3.1137237E-1,-1.883367E-1,9.026515E-1,1.9901429E-1,4.832296E-1],"split_indices":[0,0,0,0,0,0,0,0,0],"split_type":[0,0,0,0,0,0,0,0,0],"sum_hessian":[9E0,2E0,7E0,1E0,1E0,2E0,5E0,3E0,2E0],"tree_param":{"num_deleted":"0","num_feature":"2","num_nodes":"9","size_leaf_vector":"1"}},{"base_weights":[-1.538591E0,-1.0335495E1,1.9525719E0,-1.2545204E0,-2.9580384E-1,-1.7578125E-1,3.4823353E0,1.840889E-1,4.5101523E-1],"categories":[],"categories_nodes":[],"categories_segments":[],"categories_sizes":[],"default_left":[0,0,0,0,0,0,0,0,0],"id":44,"left_children":[1,3,5,-1,-1,-1,7,-1,-1],"loss_changes":[3.2729504E2,1.1796875E1,5.1529373E1,0E0,0E0,0E0,1.8199539E0,0E0,0E0],"parents":[2147483647,0,0,1,1,2,2,6,6],"right_children":[2,4,6,-1,-1,-1,8,-1,-1],"split_conditions":[2.0097321E-1,1.00676894E-1,5.024596E-1,-1.2545204E0,-2.9580384E-1,-1.7578125E-1,9.026515E-1,1.840889E-1,4.5101523E-1],"split_indices":[0,0,0,0,0,0,0,0,0],"split_type":[0,0,0,0,0,0,0,0,0],"sum_hessian":[9E0,2E0,7E0,1E0,1E0,2E0,5E0,3E0,2E0],"tree_param":{"num_deleted":"0","num_feature":"2","num_nodes":"9","size_leaf_vector":"1"}},{"base_weights":[-1.4938309E0,-9.818721E0,1.8147316E0,-1.1917946E0,-2.810135E-1,-1.640625E-1,3.2399547E0,1.7028275E-1,4.2094728E-1],"categories":[],"categories_nodes":[],"categories_segments":[],"categories_sizes":[],"default_left":[0,0,0,0,0,0,0,0,0],"id":45,"left_children":[1,3,5,-1,-1,-1,7,-1,-1],"loss_changes":[2.9325253E2,1.0646759E1,4.4712784E1,0E0,0E0,0E0,1.773632E0,0E0,0E0],"parents":[2147483647,0,0,1,1,2,2,6,6],"right_children":[2,4,6,-1,-1,-1,8,-1,-1],"split_conditions":[2.0097321E-1,1.00676894E-1,5.024596E-1,-1.1917946E0,-2.810135E-1,-1.640625E-1,9.026515E-1,1.7028275E-1,4.2094728E-1],"split_indices":[0,0,0,0,0,0,0,0,0],"split_type":[0,0,0,0,0,0,0,0,0],"sum_hessian":[9E0,2E0,7E0,1E0,1E0,2E0,5E0,3E0,2E0],"tree_param":{"num_deleted":"0","num_feature":"2","num_nodes":"9","size_leaf_vector":"1"}},{"base_weights":[-1.4490173E0,-9.327789E0,1.6866493E0,-1.1322052E0,-2.669632E-1,-1.53125E-1,3.0144908E0,1.5751114E-1,3.928833E-1],"categories":[],"categories_nodes":[],"categories_segments":[],"categories_sizes":[],"default_left":[0,0,0,0,0,0,0,0,0],"id":46,"left_children":[1,3,5,-1,-1,-1,7,-1,-1],"loss_changes":[2.6278476E2,9.608612E0,3.879882E1,0E0,0E0,0E0,1.7081604E0,0E0,0E0],"parents":[2147483647,0,0,1,1,2,2,6,6],"right_children":[2,4,6,-1,-1,-1,8,-1,-1],"split_conditions":[2.0097321E-1,1.00676894E-1,5.024596E-1,-1.1322052E0,-2.669632E-1,-1.53125E-1,9.026515E-1,1.5751114E-1,3.928833E-1],"split_indices":[0,0,0,0,0,0,0,0,0],"split_type":[0,0,0,0,0,0,0,0,0],"sum_hessian":[9E0,2E0,7E0,1E0,1E0,2E0,5E0,3E0,2E0],"tree_param":{"num_deleted":"0","num_feature":"2","num_nodes":"9","size_leaf_vector":"1"}},{"base_weights":[-1.4043014E0,-8.8614E0,1.5676479E0,-1.0755951E0,-2.536148E-1,-1.4291637E-1,2.804779E0,1.4569855E-1,3.6669108E-1],"categories":[],"categories_nodes":[],"categories_segments":[],"categories_sizes":[],"default_left":[0,0,0,0,0,0,0,0,0],"id":47,"left_children":[1,3,5,-1,-1,-1,7,-1,-1],"loss_changes":[2.3551273E2,8.67186E0,3.366808E1,0E0,0E0,0E0,1.6292152E0,0E0,0E0],"parents":[2147483647,0,0,1,1,2,2,6,6],"right_children":[2,4,6,-1,-1,-1,8,-1,-1],"split_conditions":[2.0097321E-1,1.00676894E-1,5.024596E-1,-1.0755951E0,-2.536148E-1,-1.4291637E-1,9.026515E-1,1.4569855E-1,3.6669108E-1],"split_indices":[0,0,0,0,0,0,0,0,0],"split_type":[0,0,0,0,0,0,0,0,0],"sum_hessian":[9E0,2E0,7E0,1E0,1E0,2E0,5E0,3E0,2E0],"tree_param":{"num_deleted":"0","num_feature":"2","num_nodes":"9","size_leaf_vector":"1"}},{"base_weights":[-1.3598449E0,-8.41833E0,1.4570675E0,-1.0218155E0,-2.40934E-1,-1.3338877E-1,2.6097004E0,1.3477173E-1,3.4224448E-1],"categories":[],"categories_nodes":[],"categories_segments":[],"categories_sizes":[],"default_left":[0,0,0,0,0,0,0,0,0],"id":48,"left_children":[1,3,5,-1,-1,-1,7,-1,-1],"loss_changes":[2.1109741E2,7.8263702E0,2.9216623E1,0E0,0E0,0E0,1.5415268E0,0E0,0E0],"parents":[2147483647,0,0,1,1,2,2,6,6],"right_children":[2,4,6,-1,-1,-1,8,-1,-1],"split_conditions":[2.0097321E-1,1.00676894E-1,5.024596E-1,-1.0218155E0,-2.40934E-1,-1.3338877E-1,9.026515E-1,1.3477173E-1,3.4224448E-1],"split_indices":[0,0,0,0,0,0,0,0,0],"split_type":[0,0,0,0,0,0,0,0,0],"sum_hessian":[9E0,2E0,7E0,1E0,1E0,2E0,5E0,3E0,2E0],"tree_param":{"num_deleted":"0","num_feature":"2","num_nodes":"9","size_leaf_vector":"1"}},{"base_weights":[-1.3157654E0,-7.9974113E0,1.3543224E0,-9.707245E-1,-2.2888719E-1,-1.24495946E-1,2.428243E0,1.2466431E-1,3.1942952E-1],"categories":[],"categories_nodes":[],"categories_segments":[],"categories_sizes":[],"default_left":[0,0,0,0,0,0,0,0,0],"id":49,"left_children":[1,3,5,-1,-1,-1,7,-1,-1],"loss_changes":[1.8923688E2,7.063339E0,2.5354443E1,0E0,0E0,0E0,1.4488564E0,0E0,0E0],"parents":[2147483647,0,0,1,1,2,2,6,6],"right_children":[2,4,6,-1,-1,-1,8,-1,-1],"split_conditions":[2.0097321E-1,1.00676894E-1,5.024596E-1,-9.707245E-1,-2.2888719E-1,-1.24495946E-1,9.026515E-1,1.2466431E-1,3.1942952E-1],"split_indices":[0,0,0,0,0,0,0,0,0],"split_type":[0,0,0,0,0,0,0,0,0],"sum_hessian":[9E0,2E0,7E0,1E0,1E0,2E0,5E0,3E0,2E0],"tree_param":{"num_deleted":"0","num_feature":"2","num_nodes":"9","size_leaf_vector":"1"}},{"base_weights":[-1.272197E0,-7.597544E0,1.2588329E0,-9.221886E-1,-2.174431E-1,-1.1619619E-1,2.259425E0,4.9987793E-2,2.511359E-1],"categories":[],"categories_nodes":[],"categories_segments":[],"categories_sizes":[],"default_left":[0,0,0,0,0,0,0,0,0],"id":50,"left_children":[1,3,5,-1,-1,-1,7,-1,-1],"loss_changes":[1.6966048E2,6.3746033E0,2.2003187E1,0E0,0E0,0E0,1.4043617E0,0E0,0E0],"parents":[2147483647,0,0,1,1,2,2,6,6],"right_children":[2,4,6,-1,-1,-1,8,-1,-1],"split_conditions":[2.0097321E-1,1.00676894E-1,5.024596E-1,-9.221886E-1,-2.174431E-1,-1.1619619E-1,6.017341E-1,4.9987793E-2,2.511359E-1],"split_indices":[0,0,0,0,0,0,0,0,0],"split_type":[0,0,0,0,0,0,0,0,0],"sum_hessian":[9E0,2E0,7E0,1E0,1E0,2E0,5E0,1E0,4E0],"tree_param":{"num_deleted":"0","num_feature":"2","num_nodes":"9","size_leaf_vector":"1"}},{"base_weights":[-1.2404511E0,-7.2176666E0,1.1560612E0,-8.760788E-1,-2.065712E-1,-1.0844981E-1,2.083664E0,1.01508334E-1,2.8138837E-1],"categories":[],"categories_nodes":[],"categories_segments":[],"categories_sizes":[],"default_left":[0,0,0,0,0,0,0,0,0],"id":51,"left_children":[1,3,5,-1,-1,-1,7,-1,-1],"loss_changes":[1.5158876E2,5.753006E0,1.888652E1,0E0,0E0,0E0,1.8254642E0,0E0,0E0],"parents":[2147483647,0,0,1,1,2,2,6,6],"right_children":[2,4,6,-1,-1,-1,8,-1,-1],"split_conditions":[2.0097321E-1,1.00676894E-1,5.024596E-1,-8.760788E-1,-2.065712E-1,-1.0844981E-1,9.026515E-1,1.01508334E-1,2.8138837E-1],"split_indices":[0,0,0,0,0,0,0,0,0],"split_type":[0,0,0,0,0,0,0,0,0],"sum_hessian":[9E0,2E0,7E0,1E0,1E0,2E0,5E0,3E0,2E0],"tree_param":{"num_deleted":"0","num_feature":"2","num_nodes":"9","size_leaf_vector":"1"}},{"base_weights":[-1.1972214E0,-6.856781E0,1.0747662E0,-8.322746E-1,-1.9624253E-1,-1.0122019E-1,1.9391226E0,9.3895726E-2,2.626302E-1],"categories":[],"categories_nodes":[],"categories_segments":[],"categories_sizes":[],"default_left":[0,0,0,0,0,0,0,0,0],"id":52,"left_children":[1,3,5,-1,-1,-1,7,-1,-1],"loss_changes":[1.3595393E2,5.192093E0,1.6393858E1,0E0,0E0,0E0,1.657774E0,0E0,0E0],"parents":[2147483647,0,0,1,1,2,2,6,6],"right_children":[2,4,6,-1,-1,-1,8,-1,-1],"split_conditions":[2.0097321E-1,1.00676894E-1,5.024596E-1,-8.322746E-1,-1.9624253E-1,-1.0122019E-1,9.026515E-1,9.3895726E-2,2.626302E-1],"split_indices":[0,0,0,0,0,0,0,0,0],"split_type":[0,0,0,0,0,0,0,0,0],"sum_hessian":[9E0,2E0,7E0,1E0,1E0,2E0,5E0,3E0,2E0],"tree_param":{"num_deleted":"0","num_feature":"2","num_nodes":"9","size_leaf_vector":"1"}},{"base_weights":[-1.1548218E0,-6.5139413E0,9.992008E-1,-7.9066086E-1,-1.8643036E-1,-9.4471745E-2,1.8046265E0,8.685303E-2,2.4512127E-1],"categories":[],"categories_nodes":[],"categories_segments":[],"categories_sizes":[],"default_left":[0,0,0,0,0,0,0,0,0],"id":53,"left_children":[1,3,5,-1,-1,-1,7,-1,-1],"loss_changes":[1.2194539E2,4.6858597E0,1.4230314E1,0E0,0E0,0E0,1.5026493E0,0E0,0E0],"parents":[2147483647,0,0,1,1,2,2,6,6],"right_children":[2,4,6,-1,-1,-1,8,-1,-1],"split_conditions":[2.0097321E-1,1.00676894E-1,5.024596E-1,-7.9066086E-1,-1.8643036E-1,-9.4471745E-2,9.026515E-1,8.685303E-2,2.4512127E-1],"split_indices":[0,0,0,0,0,0,0,0,0],"split_type":[0,0,0,0,0,0,0,0,0],"sum_hessian":[9E0,2E0,7E0,1E0,1E0,2E0,5E0,3E0,2E0],"tree_param":{"num_deleted":"0","num_feature":"2","num_nodes":"9","size_leaf_vector":"1"}},{"base_weights":[-1.113298E0,-6.1882424E0,9.289684E-1,-7.5112766E-1,-1.7710876E-1,-8.817393E-1,1.6794943E0,-1.06650546E-1,-2.5610352E-2,8.033905E-2,2.287801E-1],"categories":[],"categories_nodes":[],"categories_segments":[],"categories_sizes":[],"default_left":[0,0,0,0,0,0,0,0,0,0,0],"id":54,"left_children":[1,3,5,-1,-1,7,9,-1,-1,-1,-1],"loss_changes":[1.0939257E2,4.2290115E0,1.2352737E1,0E0,0E0,7.365346E-2,1.3596439E0,0E0,0E0,0E0,0E0],"parents":[2147483647,0,0,1,1,2,2,5,5,6,6],"right_children":[2,4,6,-1,-1,8,10,-1,-1,-1,-1],"split_conditions":[2.0097321E-1,1.00676894E-1,5.024596E-1,-7.5112766E-1,-1.7710876E-1,4.011937E-1,9.026515E-1,-1.06650546E-1,-2.5610352E-2,8.033905E-2,2.287801E-1],"split_indices":[0,0,0,0,0,0,0,0,0,0,0],"split_type":[0,0,0,0,0,0,0,0,0,0,0],"sum_hessian":[9E0,2E0,7E0,1E0,1E0,2E0,5E0,1E0,1E0,3E0,2E0],"tree_param":{"num_deleted":"0","num_feature":"2","num_nodes":"11","size_leaf_vector":"1"}},{"base_weights":[-1.0771072E0,-5.87883E0,8.581772E-1,-7.135712E-1,-1.6825333E-1,-8.376567E-1,1.5630646E0,-1.0131836E-1,-2.433014E-2,7.431259E-2,2.1352947E-1],"categories":[],"categories_nodes":[],"categories_segments":[],"categories_sizes":[],"default_left":[0,0,0,0,0,0,0,0,0,0,0],"id":55,"left_children":[1,3,5,-1,-1,7,9,-1,-1,-1,-1],"loss_changes":[9.797207E1,3.8166733E0,1.0872288E1,0E0,0E0,6.646705E-2,1.2283669E0,0E0,0E0,0E0,0E0],"parents":[2147483647,0,0,1,1,2,2,5,5,6,6],"right_children":[2,4,6,-1,-1,8,10,-1,-1,-1,-1],"split_conditions":[2.0097321E-1,1.00676894E-1,5.024596E-1,-7.135712E-1,-1.6825333E-1,4.011937E-1,9.026515E-1,-1.0131836E-1,-2.433014E-2,7.431259E-2,2.1352947E-1],"split_indices":[0,0,0,0,0,0,0,0,0,0,0],"split_type":[0,0,0,0,0,0,0,0,0,0,0],"sum_hessian":[9E0,2E0,7E0,1E0,1E0,2E0,5E0,1E0,1E0,3E0,2E0],"tree_param":{"num_deleted":"0","num_feature":"2","num_nodes":"11","size_leaf_vector":"1"}},{"base_weights":[-1.0413529E0,-5.5848846E0,7.926407E-1,-6.778923E-1,-1.5984039E-1,-7.9577637E-1,1.4547424E0,-9.625244E-2,-2.3114014E-2,5.008545E-2,1.8064728E-1],"categories":[],"categories_nodes":[],"categories_segments":[],"categories_sizes":[],"default_left":[0,0,0,0,0,0,0,0,0,0,0],"id":56,"left_children":[1,3,5,-1,-1,7,9,-1,-1,-1,-1],"loss_changes":[8.775489E1,3.4445724E0,9.571199E0,0E0,0E0,5.997789E-2,1.1082869E0,0E0,0E0,0E0,0E0],"parents":[2147483647,0,0,1,1,2,2,5,5,6,6],"right_children":[2,4,6,-1,-1,8,10,-1,-1,-1,-1],"split_conditions":[2.0097321E-1,1.00676894E-1,5.024596E-1,-6.778923E-1,-1.5984039E-1,4.011937E-1,8.031905E-1,-9.625244E-2,-2.3114014E-2,5.008545E-2,1.8064728E-1],"split_indices":[0,0,0,0,0,0,0,0,0,0,0],"split_type":[0,0,0,0,0,0,0,0,0,0,0],"sum_hessian":[9E0,2E0,7E0,1E0,1E0,2E0,5E0,1E0,1E0,2E0,3E0],"tree_param":{"num_deleted":"0","num_feature":"2","num_nodes":"11","size_leaf_vector":"1"}},{"base_weights":[-1.0098556E0,-5.3056436E0,7.272968E-1,-6.4399797E-1,-1.518486E-1,-7.559865E-1,1.3477224E0,-9.143982E-2,-2.1958161E-2,6.1719514E-2,1.8725179E-1],"categories":[],"categories_nodes":[],"categories_segments":[],"categories_sizes":[],"default_left":[0,0,0,0,0,0,0,0,0,0,0],"id":57,"left_children":[1,3,5,-1,-1,7,9,-1,-1,-1,-1],"loss_changes":[7.848316E1,3.1087112E0,8.380995E0,0E0,0E0,5.4133534E-2,1.1445551E0,0E0,0E0,0E0,0E0],"parents":[2147483647,0,0,1,1,2,2,5,5,6,6],"right_children":[2,4,6,-1,-1,8,10,-1,-1,-1,-1],"split_conditions":[2.0097321E-1,1.00676894E-1,5.024596E-1,-6.4399797E-1,-1.518486E-1,4.011937E-1,9.026515E-1,-9.143982E-2,-2.1958161E-2,6.1719514E-2,1.8725179E-1],"split_indices":[0,0,0,0,0,0,0,0,0,0,0],"split_type":[0,0,0,0,0,0,0,0,0,0,0],"sum_hessian":[9E0,2E0,7E0,1E0,1E0,2E0,5E0,1E0,1E0,3E0,2E0],"tree_param":{"num_deleted":"0","num_feature":"2","num_nodes":"11","size_leaf_vector":"1"}},{"base_weights":[-9.748932E-1,-5.0403595E0,6.715183E-1,-6.117981E-1,-1.4425583E-1,-7.181854E-1,1.2544504E0,-8.6867526E-2,-2.086029E-2,5.7091523E-2,1.7476808E-1],"categories":[],"categories_nodes":[],"categories_segments":[],"categories_sizes":[],"default_left":[0,0,0,0,0,0,0,0,0,0,0],"id":58,"left_children":[1,3,5,-1,-1,7,9,-1,-1,-1,-1],"loss_changes":[7.031901E1,2.8056564E0,7.3817525E0,0E0,0E0,4.8852682E-2,1.0250635E0,0E0,0E0,0E0,0E0],"parents":[2147483647,0,0,1,1,2,2,5,5,6,6],"right_children":[2,4,6,-1,-1,8,10,-1,-1,-1,-1],"split_conditions":[2.0097321E-1,1.00676894E-1,5.024596E-1,-6.117981E-1,-1.4425583E-1,4.011937E-1,9.026515E-1,-8.6867526E-2,-2.086029E-2,5.7091523E-2,1.7476808E-1],"split_indices":[0,0,0,0,0,0,0,0,0,0,0],"split_type":[0,0,0,0,0,0,0,0,0,0,0],"sum_hessian":[9E0,2E0,7E0,1E0,1E0,2E0,5E0,1E0,1E0,3E0,2E0],"tree_param":{"num_deleted":"0","num_feature":"2","num_nodes":"11","size_leaf_vector":"1"}},{"base_weights":[-9.4059294E-1,-4.78834E0,6.198864E-1,-5.8120805E-1,-1.37043E-1,-4.257164E-1,1.3323914E0,-6.822764E-1,1.719818E-2,5.8946736E-2,1.631185E-1,-8.252411E-2,-1.9817352E-2],"categories":[],"categories_nodes":[],"categories_segments":[],"categories_sizes":[],"default_left":[0,0,0,0,0,0,0,0,0,0,0,0,0],"id":59,"left_children":[1,3,5,-1,-1,7,9,11,-1,-1,-1,-1,-1],"loss_changes":[6.3011528E1,2.5321045E0,6.527198E0,0E0,0E0,7.30721E-1,1.4837456E-1,4.4087887E-2,0E0,0E0,0E0,0E0,0E0],"parents":[2147483647,0,0,1,1,2,2,5,5,6,6,7,7],"right_children":[2,4,6,-1,-1,8,10,12,-1,-1,-1,-1,-1],"split_conditions":[2.0097321E-1,1.00676894E-1,6.017341E-1,-5.8120805E-1,-1.37043E-1,5.024596E-1,9.026515E-1,4.011937E-1,1.719818E-2,5.8946736E-2,1.631185E-1,-8.252411E-2,-1.9817352E-2],"split_indices":[0,0,0,0,0,0,0,0,0,0,0,0,0],"split_type":[0,0,0,0,0,0,0,0,0,0,0,0,0],"sum_hessian":[9E0,2E0,7E0,1E0,1E0,3E0,4E0,2E0,1E0,2E0,2E0,1E0,1E0],"tree_param":{"num_deleted":"0","num_feature":"2","num_nodes":"13","size_leaf_vector":"1"}},{"base_weights":[-9.046768E-1,-4.548925E0,5.7500076E-1,-5.521477E-1,-1.3019104E-1,-6.4816284E-1,1.0907491E0,-7.839813E-2,-1.8826295E-2,4.9430847E-2,1.5224203E-1],"categories":[],"categories_nodes":[],"categories_segments":[],"categories_sizes":[],"default_left":[0,0,0,0,0,0,0,0,0,0,0],"id":60,"left_children":[1,3,5,-1,-1,7,9,-1,-1,-1,-1],"loss_changes":[5.6538757E1,2.2851982E0,5.7537394E0,0E0,0E0,3.9794087E-2,7.9225254E-1,0E0,0E0,0E0,0E0],"parents":[2147483647,0,0,1,1,2,2,5,5,6,6],"right_children":[2,4,6,-1,-1,8,10,-1,-1,-1,-1],"split_conditions":[2.0097321E-1,1.00676894E-1,5.024596E-1,-5.521477E-1,-1.3019104E-1,4.011937E-1,9.026515E-1,-7.839813E-2,-1.8826295E-2,4.9430847E-2,1.5224203E-1],"split_indices":[0,0,0,0,0,0,0,0,0,0,0],"split_type":[0,0,0,0,0,0,0,0,0,0,0],"sum_hessian":[9E0,2E0,7E0,1E0,1E0,2E0,5E0,1E0,1E0,3E0,2E0],"tree_param":{"num_deleted":"0","num_feature":"2","num_nodes":"11","size_leaf_vector":"1"}},{"base_weights":[-8.719963E-1,-4.32148E0,5.3055954E-1,-5.2454036E-1,-1.2368164E-1,-3.9248657E-1,1.1628845E0,-6.157532E-1,1.3865662E-2,5.1720172E-2,1.4209391E-1,-7.447815E-2,-1.7884826E-2],"categories":[],"categories_nodes":[],"categories_segments":[],"categories_sizes":[],"default_left":[0,0,0,0,0,0,0,0,0,0,0,0,0],"id":61,"left_children":[1,3,5,-1,-1,7,9,11,-1,-1,-1,-1,-1],"loss_changes":[5.0673737E1,2.062378E0,5.1257377E0,0E0,0E0,5.597244E-1,9.81946E-2,3.5916448E-2,0E0,0E0,0E0,0E0,0E0],"parents":[2147483647,0,0,1,1,2,2,5,5,6,6,7,7],"right_children":[2,4,6,-1,-1,8,10,12,-1,-1,-1,-1,-1],"split_conditions":[2.0097321E-1,1.00676894E-1,6.017341E-1,-5.2454036E-1,-1.2368164E-1,5.024596E-1,9.026515E-1,4.011937E-1,1.3865662E-2,5.1720172E-2,1.4209391E-1,-7.447815E-2,-1.7884826E-2],"split_indices":[0,0,0,0,0,0,0,0,0,0,0,0,0],"split_type":[0,0,0,0,0,0,0,0,0,0,0,0,0],"sum_hessian":[9E0,2E0,7E0,1E0,1E0,3E0,4E0,2E0,1E0,2E0,2E0,1E0,1E0],"tree_param":{"num_deleted":"0","num_feature":"2","num_nodes":"13","size_leaf_vector":"1"}},{"base_weights":[-8.380829E-1,-4.1054025E0,4.9192238E-1,-4.9831316E-1,-1.1749726E-1,-3.7285995E-1,1.0853637E0,-5.84966E-1,1.3172912E-2,4.8272707E-2,1.3262126E-1,-7.0754245E-2,-1.6990662E-2],"categories":[],"categories_nodes":[],"categories_segments":[],"categories_sizes":[],"default_left":[0,0,0,0,0,0,0,0,0,0,0,0,0],"id":62,"left_children":[1,3,5,-1,-1,7,9,11,-1,-1,-1,-1,-1],"loss_changes":[4.5475063E1,1.8613243E0,4.5102696E0,0E0,0E0,5.051628E-1,8.552265E-2,3.2413244E-2,0E0,0E0,0E0,0E0,0E0],"parents":[2147483647,0,0,1,1,2,2,5,5,6,6,7,7],"right_children":[2,4,6,-1,-1,8,10,12,-1,-1,-1,-1,-1],"split_conditions":[2.0097321E-1,1.00676894E-1,6.017341E-1,-4.9831316E-1,-1.1749726E-1,5.024596E-1,9.026515E-1,4.011937E-1,1.3172912E-2,4.8272707E-2,1.3262126E-1,-7.0754245E-2,-1.6990662E-2],"split_indices":[0,0,0,0,0,0,0,0,0,0,0,0,0],"split_type":[0,0,0,0,0,0,0,0,0,0,0,0,0],"sum_hessian":[9E0,2E0,7E0,1E0,1E0,3E0,4E0,2E0,1E0,2E0,2E0,1E0,1E0],"tree_param":{"num_deleted":"0","num_feature":"2","num_nodes":"13","size_leaf_vector":"1"}},{"base_weights":[-8.052269E-1,-3.9001338E0,4.5601654E-1,-4.7339746E-1,-1.11622624E-1,-5.557149E-1,8.858795E-1,-6.721649E-2,-1.6140748E-2,4.0047456E-2,1.237793E-1],"categories":[],"categories_nodes":[],"categories_segments":[],"categories_sizes":[],"default_left":[0,0,0,0,0,0,0,0,0,0,0],"id":63,"left_children":[1,3,5,-1,-1,7,9,-1,-1,-1,-1],"loss_changes":[4.0812836E1,1.679821E0,3.9715438E0,0E0,0E0,2.9258907E-2,5.292187E-1,0E0,0E0,0E0,0E0],"parents":[2147483647,0,0,1,1,2,2,5,5,6,6],"right_children":[2,4,6,-1,-1,8,10,-1,-1,-1,-1],"split_conditions":[2.0097321E-1,1.00676894E-1,5.024596E-1,-4.7339746E-1,-1.11622624E-1,4.011937E-1,9.026515E-1,-6.721649E-2,-1.6140748E-2,4.0047456E-2,1.237793E-1],"split_indices":[0,0,0,0,0,0,0,0,0,0,0],"split_type":[0,0,0,0,0,0,0,0,0,0,0],"sum_hessian":[9E0,2E0,7E0,1E0,1E0,2E0,5E0,1E0,1E0,3E0,2E0],"tree_param":{"num_deleted":"0","num_feature":"2","num_nodes":"11","size_leaf_vector":"1"}},{"base_weights":[-7.7515715E-1,-3.705129E0,4.204769E-1,-4.4972762E-1,-1.0604172E-1,-3.433876E-1,9.4747317E-1,-5.2792865E-1,1.051178E-2,4.2384848E-2,1.1552735E-1,-6.3855745E-2,-1.53335575E-2],"categories":[],"categories_nodes":[],"categories_segments":[],"categories_sizes":[],"default_left":[0,0,0,0,0,0,0,0,0,0,0,0,0],"id":64,"left_children":[1,3,5,-1,-1,7,9,11,-1,-1,-1,-1,-1],"loss_changes":[3.658966E1,1.5160179E0,3.5457802E0,0E0,0E0,3.8656533E-1,5.4385662E-2,2.6408732E-2,0E0,0E0,0E0,0E0,0E0],"parents":[2147483647,0,0,1,1,2,2,5,5,6,6,7,7],"right_children":[2,4,6,-1,-1,8,10,12,-1,-1,-1,-1,-1],"split_conditions":[2.0097321E-1,1.00676894E-1,6.017341E-1,-4.4972762E-1,-1.0604172E-1,5.024596E-1,9.026515E-1,4.011937E-1,1.051178E-2,4.2384848E-2,1.1552735E-1,-6.3855745E-2,-1.53335575E-2],"split_indices":[0,0,0,0,0,0,0,0,0,0,0,0,0],"split_type":[0,0,0,0,0,0,0,0,0,0,0,0,0],"sum_hessian":[9E0,2E0,7E0,1E0,1E0,3E0,4E0,2E0,1E0,2E0,2E0,1E0,1E0],"tree_param":{"num_deleted":"0","num_feature":"2","num_nodes":"13","size_leaf_vector":"1"}},{"base_weights":[-7.4429244E-1,-3.5198696E0,3.895855E-1,-4.2724115E-1,-1.0073929E-1,-3.2621384E-1,8.8430786E-1,-5.0153095E-1,9.986877E-3,3.9559938E-2,1.07824706E-1,-6.0662843E-2,-1.4566803E-2],"categories":[],"categories_nodes":[],"categories_segments":[],"categories_sizes":[],"default_left":[0,0,0,0,0,0,0,0,0,0,0,0,0],"id":65,"left_children":[1,3,5,-1,-1,7,9,11,-1,-1,-1,-1,-1],"loss_changes":[3.284295E1,1.3682327E0,3.1214495E0,0E0,0E0,3.4888554E-1,4.7344446E-2,2.3834527E-2,0E0,0E0,0E0,0E0,0E0],"parents":[2147483647,0,0,1,1,2,2,5,5,6,6,7,7],"right_children":[2,4,6,-1,-1,8,10,12,-1,-1,-1,-1,-1],"split_conditions":[2.0097321E-1,1.00676894E-1,6.017341E-1,-4.2724115E-1,-1.0073929E-1,5.024596E-1,9.026515E-1,4.011937E-1,9.986877E-3,3.9559938E-2,1.07824706E-1,-6.0662843E-2,-1.4566803E-2],"split_indices":[0,0,0,0,0,0,0,0,0,0,0,0,0],"split_type":[0,0,0,0,0,0,0,0,0,0,0,0,0],"sum_hessian":[9E0,2E0,7E0,1E0,1E0,3E0,4E0,2E0,1E0,2E0,2E0,1E0,1E0],"tree_param":{"num_deleted":"0","num_feature":"2","num_nodes":"13","size_leaf_vector":"1"}},{"base_weights":[-7.144486E-1,-3.343877E0,3.6089325E-1,-4.0587923E-1,-9.5702365E-2,-3.0989838E-1,8.253479E-1,-4.764506E-1,9.487915E-3,3.692322E-2,1.0063477E-1,-5.7629395E-2,-1.3838196E-2],"categories":[],"categories_nodes":[],"categories_segments":[],"categories_sizes":[],"default_left":[0,0,0,0,0,0,0,0,0,0,0,0,0],"id":66,"left_children":[1,3,5,-1,-1,7,9,11,-1,-1,-1,-1,-1],"loss_changes":[2.9482128E1,1.234829E0,2.7481923E0,0E0,0E0,3.148716E-1,4.1208267E-2,2.1513045E-2,0E0,0E0,0E0,0E0,0E0],"parents":[2147483647,0,0,1,1,2,2,5,5,6,6,7,7],"right_children":[2,4,6,-1,-1,8,10,12,-1,-1,-1,-1,-1],"split_conditions":[2.0097321E-1,1.00676894E-1,6.017341E-1,-4.0587923E-1,-9.5702365E-2,5.024596E-1,9.026515E-1,4.011937E-1,9.487915E-3,3.692322E-2,1.0063477E-1,-5.7629395E-2,-1.3838196E-2],"split_indices":[0,0,0,0,0,0,0,0,0,0,0,0,0],"split_type":[0,0,0,0,0,0,0,0,0,0,0,0,0],"sum_hessian":[9E0,2E0,7E0,1E0,1E0,3E0,4E0,2E0,1E0,2E0,2E0,1E0,1E0],"tree_param":{"num_deleted":"0","num_feature":"2","num_nodes":"13","size_leaf_vector":"1"}},{"base_weights":[-6.8560714E-1,-3.1766841E0,3.342476E-1,-3.855854E-1,-9.091721E-2,-4.5262656E-1,6.7197675E-1,-5.474777E-2,-1.31462095E-2,2.1126302E-2,8.495178E-2],"categories":[],"categories_nodes":[],"categories_segments":[],"categories_sizes":[],"default_left":[0,0,0,0,0,0,0,0,0,0,0],"id":67,"left_children":[1,3,5,-1,-1,7,9,-1,-1,-1,-1],"loss_changes":[2.6467165E1,1.1144428E0,2.430157E0,0E0,0E0,1.9415855E-2,3.1130195E-1,0E0,0E0,0E0,0E0],"parents":[2147483647,0,0,1,1,2,2,5,5,6,6],"right_children":[2,4,6,-1,-1,8,10,-1,-1,-1,-1],"split_conditions":[2.0097321E-1,1.00676894E-1,5.024596E-1,-3.855854E-1,-9.091721E-2,4.011937E-1,8.031905E-1,-5.474777E-2,-1.31462095E-2,2.1126302E-2,8.495178E-2],"split_indices":[0,0,0,0,0,0,0,0,0,0,0],"split_type":[0,0,0,0,0,0,0,0,0,0,0],"sum_hessian":[9E0,2E0,7E0,1E0,1E0,2E0,5E0,1E0,1E0,2E0,3E0],"tree_param":{"num_deleted":"0","num_feature":"2","num_nodes":"11","size_leaf_vector":"1"}},{"base_weights":[-6.608795E-1,-3.0178528E0,3.055954E-1,-3.663063E-1,-8.6371616E-2,-4.2999268E-1,6.2245685E-1,-5.2010346E-2,-1.2488556E-2,2.7172852E-1,8.826091E-2,7.9574585E-3,3.0925497E-2],"categories":[],"categories_nodes":[],"categories_segments":[],"categories_sizes":[],"default_left":[0,0,0,0,0,0,0,0,0,0,0,0,0],"id":68,"left_children":[1,3,5,-1,-1,7,9,-1,-1,11,-1,-1,-1],"loss_changes":[2.3701797E1,1.0057659E0,2.132288E0,0E0,0E0,1.7526865E-2,3.076265E-1,0E0,0E0,4.234582E-3,0E0,0E0,0E0],"parents":[2147483647,0,0,1,1,2,2,5,5,6,6,9,9],"right_children":[2,4,6,-1,-1,8,10,-1,-1,12,-1,-1,-1],"split_conditions":[2.0097321E-1,1.00676894E-1,5.024596E-1,-3.663063E-1,-8.6371616E-2,4.011937E-1,9.026515E-1,-5.2010346E-2,-1.2488556E-2,6.017341E-1,8.826091E-2,7.9574585E-3,3.0925497E-2],"split_indices":[0,0,0,0,0,0,0,0,0,0,0,0,0],"split_type":[0,0,0,0,0,0,0,0,0,0,0,0,0],"sum_hessian":[9E0,2E0,7E0,1E0,1E0,2E0,5E0,1E0,1E0,3E0,2E0,1E0,2E0],"tree_param":{"num_deleted":"0","num_feature":"2","num_nodes":"13","size_leaf_vector":"1"}},{"base_weights":[-6.337967E-1,-2.8669636E0,2.8286552E-1,-3.479912E-1,-8.205338E-2,-4.0849304E-1,5.814006E-1,-4.9409486E-2,-1.1864471E-2,2.5427246E-1,8.237712E-2,7.559204E-3,2.8863525E-2],"categories":[],"categories_nodes":[],"categories_segments":[],"categories_sizes":[],"default_left":[0,0,0,0,0,0,0,0,0,0,0,0,0],"id":69,"left_children":[1,3,5,-1,-1,7,9,-1,-1,11,-1,-1,-1],"loss_changes":[2.128156E1,9.076824E-1,1.888656E0,0E0,0E0,1.5812874E-2,2.6625514E-1,0E0,0E0,2.741307E-3,0E0,0E0,0E0],"parents":[2147483647,0,0,1,1,2,2,5,5,6,6,9,9],"right_children":[2,4,6,-1,-1,8,10,-1,-1,12,-1,-1,-1],"split_conditions":[2.0097321E-1,1.00676894E-1,5.024596E-1,-3.479912E-1,-8.205338E-2,4.011937E-1,9.026515E-1,-4.9409486E-2,-1.1864471E-2,6.017341E-1,8.237712E-2,7.559204E-3,2.8863525E-2],"split_indices":[0,0,0,0,0,0,0,0,0,0,0,0,0],"split_type":[0,0,0,0,0,0,0,0,0,0,0,0,0],"sum_hessian":[9E0,2E0,7E0,1E0,1E0,2E0,5E0,1E0,1E0,3E0,2E0,1E0,2E0],"tree_param":{"num_deleted":"0","num_feature":"2","num_nodes":"13","size_leaf_vector":"1"}},{"base_weights":[-6.076752E-1,-2.7236176E0,2.6176262E-1,-3.305916E-1,-7.795105E-2,-3.8806662E-1,5.430501E-1,-4.6939086E-2,-1.1270905E-2,2.3794556E-1,7.688396E-2,7.180786E-3,2.6938884E-2],"categories":[],"categories_nodes":[],"categories_segments":[],"categories_sizes":[],"default_left":[0,0,0,0,0,0,0,0,0,0,0,0,0],"id":70,"left_children":[1,3,5,-1,-1,7,9,-1,-1,11,-1,-1,-1],"loss_changes":[1.9109743E1,8.1915283E-1,1.6730503E0,0E0,0E0,1.4275163E-2,2.3039436E-1,0E0,0E0,1.5514195E-3,0E0,0E0,0E0],"parents":[2147483647,0,0,1,1,2,2,5,5,6,6,9,9],"right_children":[2,4,6,-1,-1,8,10,-1,-1,12,-1,-1,-1],"split_conditions":[2.0097321E-1,1.00676894E-1,5.024596E-1,-3.305916E-1,-7.795105E-2,4.011937E-1,9.026515E-1,-4.6939086E-2,-1.1270905E-2,6.017341E-1,7.688396E-2,7.180786E-3,2.6938884E-2],"split_indices":[0,0,0,0,0,0,0,0,0,0,0,0,0],"split_type":[0,0,0,0,0,0,0,0,0,0,0,0,0],"sum_hessian":[9E0,2E0,7E0,1E0,1E0,2E0,5E0,1E0,1E0,3E0,2E0,1E0,2E0],"tree_param":{"num_deleted":"0","num_feature":"2","num_nodes":"13","size_leaf_vector":"1"}},{"base_weights":[-5.8248365E-1,-2.5874355E0,2.4218369E-1,-3.1406212E-1,-7.405319E-2,-3.686625E-1,5.0724286E-1,-4.4592287E-2,-1.07070925E-2,2.2268677E-1,7.1757E-2,6.8222047E-3,2.5143433E-2],"categories":[],"categories_nodes":[],"categories_segments":[],"categories_sizes":[],"default_left":[0,0,0,0,0,0,0,0,0,0,0,0,0],"id":71,"left_children":[1,3,5,-1,-1,7,9,-1,-1,11,-1,-1,-1],"loss_changes":[1.7160818E1,7.393112E-1,1.4822844E0,0E0,0E0,1.2886584E-2,1.9930589E-1,0E0,0E0,6.085932E-4,0E0,0E0,0E0],"parents":[2147483647,0,0,1,1,2,2,5,5,6,6,9,9],"right_children":[2,4,6,-1,-1,8,10,-1,-1,12,-1,-1,-1],"split_conditions":[2.0097321E-1,1.00676894E-1,5.024596E-1,-3.1406212E-1,-7.405319E-2,4.011937E-1,9.026515E-1,-4.4592287E-2,-1.07070925E-2,6.017341E-1,7.1757E-2,6.8222047E-3,2.5143433E-2],"split_indices":[0,0,0,0,0,0,0,0,0,0,0,0,0],"split_type":[0,0,0,0,0,0,0,0,0,0,0,0,0],"sum_hessian":[9E0,2E0,7E0,1E0,1E0,2E0,5E0,1E0,1E0,3E0,2E0,1E0,2E0],"tree_param":{"num_deleted":"0","num_feature":"2","num_nodes":"13","size_leaf_vector":"1"}},{"base_weights":[-5.5821073E-1,-2.4580638E0,2.2401047E-1,-2.9835892E-1,-7.035065E-2,-3.502299E-1,4.7379556E-1,-4.2362977E-2,-1.0171509E-2,2.0840455E-2,6.6971846E-2],"categories":[],"categories_nodes":[],"categories_segments":[],"categories_sizes":[],"default_left":[0,0,0,0,0,0,0,0,0,0,0],"id":72,"left_children":[1,3,5,-1,-1,7,9,-1,-1,-1,-1],"loss_changes":[1.5411685E1,6.6721916E-1,1.3134309E0,0E0,0E0,1.1633337E-2,1.7240465E-1,0E0,0E0,0E0,0E0],"parents":[2147483647,0,0,1,1,2,2,5,5,6,6],"right_children":[2,4,6,-1,-1,8,10,-1,-1,-1,-1],"split_conditions":[2.0097321E-1,1.00676894E-1,5.024596E-1,-2.9835892E-1,-7.035065E-2,4.011937E-1,9.026515E-1,-4.2362977E-2,-1.0171509E-2,2.0840455E-2,6.6971846E-2],"split_indices":[0,0,0,0,0,0,0,0,0,0,0],"split_type":[0,0,0,0,0,0,0,0,0,0,0],"sum_hessian":[9E0,2E0,7E0,1E0,1E0,2E0,5E0,1E0,1E0,3E0,2E0],"tree_param":{"num_deleted":"0","num_feature":"2","num_nodes":"11","size_leaf_vector":"1"}},{"base_weights":[-5.3572845E-1,-2.3351643E0,2.0602608E-1,-2.8344116E-1,-6.6833496E-2,-3.327179E-1,4.410604E-1,-4.0245056E-2,-9.662628E-3,2.4174805E-1,7.188111E-2,5.4382323E-3,2.749939E-2],"categories":[],"categories_nodes":[],"categories_segments":[],"categories_sizes":[],"default_left":[0,0,0,0,0,0,0,0,0,0,0,0,0],"id":73,"left_children":[1,3,5,-1,-1,7,9,-1,-1,11,-1,-1,-1],"loss_changes":[1.3828503E1,6.0214233E-1,1.1597352E0,0E0,0E0,1.0502607E-2,1.5838361E-1,0E0,0E0,1.6190857E-2,0E0,0E0,0E0],"parents":[2147483647,0,0,1,1,2,2,5,5,6,6,9,9],"right_children":[2,4,6,-1,-1,8,10,-1,-1,12,-1,-1,-1],"split_conditions":[2.0097321E-1,1.00676894E-1,5.024596E-1,-2.8344116E-1,-6.6833496E-2,4.011937E-1,1E0,-4.0245056E-2,-9.662628E-3,6.017341E-1,7.188111E-2,5.4382323E-3,2.749939E-2],"split_indices":[0,0,0,0,0,0,0,0,0,0,0,0,0],"split_type":[0,0,0,0,0,0,0,0,0,0,0,0,0],"sum_hessian":[9E0,2E0,7E0,1E0,1E0,2E0,5E0,1E0,1E0,4E0,1E0,1E0,3E0],"tree_param":{"num_deleted":"0","num_feature":"2","num_nodes":"13","size_leaf_vector":"1"}},{"base_weights":[-5.116981E-1,-2.2184067E0,1.9227982E-1,-2.692692E-1,-6.349182E-2,-3.1608072E-1,4.1441345E-1,-3.8232423E-2,-9.179688E-3,2.2415161E-1,6.8286136E-2,5.166626E-3,2.543564E-2],"categories":[],"categories_nodes":[],"categories_segments":[],"categories_sizes":[],"default_left":[0,0,0,0,0,0,0,0,0,0,0,0,0],"id":74,"left_children":[1,3,5,-1,-1,7,9,-1,-1,11,-1,-1,-1],"loss_changes":[1.2441407E1,5.4343605E-1,1.03438E0,0E0,0E0,9.475857E-3,1.533879E-1,0E0,0E0,1.2907773E-2,0E0,0E0,0E0],"parents":[2147483647,0,0,1,1,2,2,5,5,6,6,9,9],"right_children":[2,4,6,-1,-1,8,10,-1,-1,12,-1,-1,-1],"split_conditions":[2.0097321E-1,1.00676894E-1,5.024596E-1,-2.692692E-1,-6.349182E-2,4.011937E-1,1E0,-3.8232423E-2,-9.179688E-3,6.017341E-1,6.8286136E-2,5.166626E-3,2.543564E-2],"split_indices":[0,0,0,0,0,0,0,0,0,0,0,0,0],"split_type":[0,0,0,0,0,0,0,0,0,0,0,0,0],"sum_hessian":[9E0,2E0,7E0,1E0,1E0,2E0,5E0,1E0,1E0,4E0,1E0,1E0,3E0],"tree_param":{"num_deleted":"0","num_feature":"2","num_nodes":"13","size_leaf_vector":"1"}},{"base_weights":[-4.886574E-1,-2.1074855E0,1.7948532E-1,-2.5580558E-1,-6.031723E-2,-3.002726E-1,3.8945007E-1,-3.6320496E-2,-8.720398E-3,2.0785522E-1,6.4871214E-2,4.9087526E-3,2.3527527E-2],"categories":[],"categories_nodes":[],"categories_segments":[],"categories_sizes":[],"default_left":[0,0,0,0,0,0,0,0,0,0,0,0,0],"id":75,"left_children":[1,3,5,-1,-1,7,9,-1,-1,11,-1,-1,-1],"loss_changes":[1.11943445E1,4.90448E-1,9.227992E-1,0E0,0E0,8.553803E-3,1.4764577E-1,0E0,0E0,1.0218024E-2,0E0,0E0,0E0],"parents":[2147483647,0,0,1,1,2,2,5,5,6,6,9,9],"right_children":[2,4,6,-1,-1,8,10,-1,-1,12,-1,-1,-1],"split_conditions":[2.0097321E-1,1.00676894E-1,5.024596E-1,-2.5580558E-1,-6.031723E-2,4.011937E-1,1E0,-3.6320496E-2,-8.720398E-3,6.017341E-1,6.4871214E-2,4.9087526E-3,2.3527527E-2],"split_indices":[0,0,0,0,0,0,0,0,0,0,0,0,0],"split_type":[0,0,0,0,0,0,0,0,0,0,0,0,0],"sum_hessian":[9E0,2E0,7E0,1E0,1E0,2E0,5E0,1E0,1E0,4E0,1E0,1E0,3E0],"tree_param":{"num_deleted":"0","num_feature":"2","num_nodes":"13","size_leaf_vector":"1"}},{"base_weights":[-4.6657258E-1,-2.0021107E0,1.6757584E-1,-2.4301529E-1,-5.730133E-2,-2.8525797E-1,3.6606345E-1,-3.45047E-2,-8.283997E-3,1.9276734E-1,6.1627198E-2,4.663086E-3,2.1764373E-2],"categories":[],"categories_nodes":[],"categories_segments":[],"categories_sizes":[],"default_left":[0,0,0,0,0,0,0,0,0,0,0,0,0],"id":76,"left_children":[1,3,5,-1,-1,7,9,-1,-1,11,-1,-1,-1],"loss_changes":[1.0073097E1,4.4263077E-1,8.234777E-1,0E0,0E0,7.7234358E-3,1.4136392E-1,0E0,0E0,8.027837E-3,0E0,0E0,0E0],"parents":[2147483647,0,0,1,1,2,2,5,5,6,6,9,9],"right_children":[2,4,6,-1,-1,8,10,-1,-1,12,-1,-1,-1],"split_conditions":[2.0097321E-1,1.00676894E-1,5.024596E-1,-2.4301529E-1,-5.730133E-2,4.011937E-1,1E0,-3.45047E-2,-8.283997E-3,6.017341E-1,6.1627198E-2,4.663086E-3,2.1764373E-2],"split_indices":[0,0,0,0,0,0,0,0,0,0,0,0,0],"split_type":[0,0,0,0,0,0,0,0,0,0,0,0,0],"sum_hessian":[9E0,2E0,7E0,1E0,1E0,2E0,5E0,1E0,1E0,4E0,1E0,1E0,3E0],"tree_param":{"num_deleted":"0","num_feature":"2","num_nodes":"13","size_leaf_vector":"1"}},{"base_weights":[-4.4542846E-1,-1.902008E0,1.5646744E-1,-2.3086472E-1,-5.4436494E-2,-2.709961E-1,3.441213E-1,-3.2779694E-2,-7.86972E-3,1.7876586E-1,5.8544923E-2,4.4296267E-3,2.0130921E-2],"categories":[],"categories_nodes":[],"categories_segments":[],"categories_sizes":[],"default_left":[0,0,0,0,0,0,0,0,0,0,0,0,0],"id":77,"left_children":[1,3,5,-1,-1,7,9,-1,-1,11,-1,-1,-1],"loss_changes":[9.064695E0,3.9946556E-1,7.3497695E-1,0E0,0E0,6.9715083E-3,1.3477099E-1,0E0,0E0,6.239727E-3,0E0,0E0,0E0],"parents":[2147483647,0,0,1,1,2,2,5,5,6,6,9,9],"right_children":[2,4,6,-1,-1,8,10,-1,-1,12,-1,-1,-1],"split_conditions":[2.0097321E-1,1.00676894E-1,5.024596E-1,-2.3086472E-1,-5.4436494E-2,4.011937E-1,1E0,-3.2779694E-2,-7.86972E-3,6.017341E-1,5.8544923E-2,4.4296267E-3,2.0130921E-2],"split_indices":[0,0,0,0,0,0,0,0,0,0,0,0,0],"split_type":[0,0,0,0,0,0,0,0,0,0,0,0,0],"sum_hessian":[9E0,2E0,7E0,1E0,1E0,2E0,5E0,1E0,1E0,4E0,1E0,1E0,3E0],"tree_param":{"num_deleted":"0","num_feature":"2","num_nodes":"13","size_leaf_vector":"1"}},{"base_weights":[-4.251709E-1,-1.8069052E0,1.461258E-1,-2.1932144E-1,-5.1714327E-2,-2.574463E-1,3.2355753E-1,-3.11409E-2,-7.476044E-3,1.6579589E-1,5.5618286E-2,4.2083743E-3,1.8620301E-2],"categories":[],"categories_nodes":[],"categories_segments":[],"categories_sizes":[],"default_left":[0,0,0,0,0,0,0,0,0,0,0,0,0],"id":78,"left_children":[1,3,5,-1,-1,7,9,-1,-1,11,-1,-1,-1],"loss_changes":[8.157838E0,3.605337E-1,6.561507E-1,0E0,0E0,6.293595E-3,1.2798327E-1,0E0,0E0,4.7869235E-3,0E0,0E0,0E0],"parents":[2147483647,0,0,1,1,2,2,5,5,6,6,9,9],"right_children":[2,4,6,-1,-1,8,10,-1,-1,12,-1,-1,-1],"split_conditions":[2.0097321E-1,1.00676894E-1,5.024596E-1,-2.1932144E-1,-5.1714327E-2,4.011937E-1,1E0,-3.11409E-2,-7.476044E-3,6.017341E-1,5.5618286E-2,4.2083743E-3,1.8620301E-2],"split_indices":[0,0,0,0,0,0,0,0,0,0,0,0,0],"split_type":[0,0,0,0,0,0,0,0,0,0,0,0,0],"sum_hessian":[9E0,2E0,7E0,1E0,1E0,2E0,5E0,1E0,1E0,4E0,1E0,1E0,3E0],"tree_param":{"num_deleted":"0","num_feature":"2","num_nodes":"13","size_leaf_vector":"1"}},{"base_weights":[-4.0577164E-1,-1.7165604E0,1.3649559E-1,-2.0835534E-1,-4.9128722E-2,-2.4457295E-1,3.042806E-1,-2.9583741E-2,-7.1022036E-3,1.5378419E-1,5.2838136E-2,3.9978027E-3,1.7224122E-2],"categories":[],"categories_nodes":[],"categories_segments":[],"categories_sizes":[],"default_left":[0,0,0,0,0,0,0,0,0,0,0,0,0],"id":79,"left_children":[1,3,5,-1,-1,7,9,-1,-1,11,-1,-1,-1],"loss_changes":[7.3422804E0,3.2537746E-1,5.859195E-1,0E0,0E0,5.6800097E-3,1.2110144E-1,0E0,0E0,3.6167577E-3,0E0,0E0,0E0],"parents":[2147483647,0,0,1,1,2,2,5,5,6,6,9,9],"right_children":[2,4,6,-1,-1,8,10,-1,-1,12,-1,-1,-1],"split_conditions":[2.0097321E-1,1.00676894E-1,5.024596E-1,-2.0835534E-1,-4.9128722E-2,4.011937E-1,1E0,-2.9583741E-2,-7.1022036E-3,6.017341E-1,5.2838136E-2,3.9978027E-3,1.7224122E-2],"split_indices":[0,0,0,0,0,0,0,0,0,0,0,0,0],"split_type":[0,0,0,0,0,0,0,0,0,0,0,0,0],"sum_hessian":[9E0,2E0,7E0,1E0,1E0,2E0,5E0,1E0,1E0,4E0,1E0,1E0,3E0],"tree_param":{"num_deleted":"0","num_feature":"2","num_nodes":"13","size_leaf_vector":"1"}},{"base_weights":[-3.8720322E-1,-1.6307297E0,1.2751961E-1,-1.979374E-1,-4.6672057E-2,-2.3234558E-1,2.8619894E-1,-2.81044E-2,-6.7474367E-3,1.4265747E-1,5.0195314E-2,3.7979127E-3,1.5933229E-2],"categories":[],"categories_nodes":[],"categories_segments":[],"categories_sizes":[],"default_left":[0,0,0,0,0,0,0,0,0,0,0,0,0],"id":80,"left_children":[1,3,5,-1,-1,7,9,-1,-1,11,-1,-1,-1],"loss_changes":[6.608665E0,2.9366064E-1,5.233224E-1,0E0,0E0,5.123645E-3,1.14210695E-1,0E0,0E0,2.6761442E-3,0E0,0E0,0E0],"parents":[2147483647,0,0,1,1,2,2,5,5,6,6,9,9],"right_children":[2,4,6,-1,-1,8,10,-1,-1,12,-1,-1,-1],"split_conditions":[2.0097321E-1,1.00676894E-1,5.024596E-1,-1.979374E-1,-4.6672057E-2,4.011937E-1,1E0,-2.81044E-2,-6.7474367E-3,6.017341E-1,5.0195314E-2,3.7979127E-3,1.5933229E-2],"split_indices":[0,0,0,0,0,0,0,0,0,0,0,0,0],"split_type":[0,0,0,0,0,0,0,0,0,0,0,0,0],"sum_hessian":[9E0,2E0,7E0,1E0,1E0,2E0,5E0,1E0,1E0,4E0,1E0,1E0,3E0],"tree_param":{"num_deleted":"0","num_feature":"2","num_nodes":"13","size_leaf_vector":"1"}},{"base_weights":[-3.6943132E-1,-1.5491918E0,1.1915779E-1,-1.8804054E-1,-4.4338226E-2,-2.2072856E-1,2.6924133E-1,-2.6699066E-2,-6.4102174E-3,1.3234253E-1,4.7686767E-2,3.6087036E-3,1.4738465E-2],"categories":[],"categories_nodes":[],"categories_segments":[],"categories_sizes":[],"default_left":[0,0,0,0,0,0,0,0,0,0,0,0,0],"id":81,"left_children":[1,3,5,-1,-1,7,9,-1,-1,11,-1,-1,-1],"loss_changes":[5.948779E0,2.6503944E-1,4.6752006E-1,0E0,0E0,4.6229064E-3,1.0743293E-1,0E0,0E0,1.9207597E-3,0E0,0E0,0E0],"parents":[2147483647,0,0,1,1,2,2,5,5,6,6,9,9],"right_children":[2,4,6,-1,-1,8,10,-1,-1,12,-1,-1,-1],"split_conditions":[2.0097321E-1,1.00676894E-1,5.024596E-1,-1.8804054E-1,-4.4338226E-2,4.011937E-1,1E0,-2.6699066E-2,-6.4102174E-3,6.017341E-1,4.7686767E-2,3.6087036E-3,1.4738465E-2],"split_indices":[0,0,0,0,0,0,0,0,0,0,0,0,0],"split_type":[0,0,0,0,0,0,0,0,0,0,0,0,0],"sum_hessian":[9E0,2E0,7E0,1E0,1E0,2E0,5E0,1E0,1E0,4E0,1E0,1E0,3E0],"tree_param":{"num_deleted":"0","num_feature":"2","num_nodes":"13","size_leaf_vector":"1"}},{"base_weights":[-3.5242462E-1,-1.4717306E0,1.1136818E-1,-1.7863846E-1,-4.2121124E-2,-2.0969136E-1,2.5333658E-1,-2.5363922E-2,-6.089783E-3,1.2279053E-1,4.5303345E-2,3.4286499E-3,1.3634491E-2],"categories":[],"categories_nodes":[],"categories_segments":[],"categories_sizes":[],"default_left":[0,0,0,0,0,0,0,0,0,0,0,0,0],"id":82,"left_children":[1,3,5,-1,-1,7,9,-1,-1,11,-1,-1,-1],"loss_changes":[5.3551645E0,2.3920536E-1,4.1776502E-1,0E0,0E0,4.1714013E-3,1.0078964E-1,0E0,0E0,1.3232976E-3,0E0,0E0,0E0],"parents":[2147483647,0,0,1,1,2,2,5,5,6,6,9,9],"right_children":[2,4,6,-1,-1,8,10,-1,-1,12,-1,-1,-1],"split_conditions":[2.0097321E-1,1.00676894E-1,5.024596E-1,-1.7863846E-1,-4.2121124E-2,4.011937E-1,1E0,-2.5363922E-2,-6.089783E-3,6.017341E-1,4.5303345E-2,3.4286499E-3,1.3634491E-2],"split_indices":[0,0,0,0,0,0,0,0,0,0,0,0,0],"split_type":[0,0,0,0,0,0,0,0,0,0,0,0,0],"sum_hessian":[9E0,2E0,7E0,1E0,1E0,2E0,5E0,1E0,1E0,4E0,1E0,1E0,3E0],"tree_param":{"num_deleted":"0","num_feature":"2","num_nodes":"13","size_leaf_vector":"1"}},{"base_weights":[-3.361618E-1,-1.3981476E0,1.0410309E-1,-1.6970673E-1,-4.001541E-2,-1.9920857E-1,2.384084E-1,-2.4095917E-2,-5.78537E-3,1.1393432E-1,4.3038942E-2,3.2577515E-3,1.2612916E-2],"categories":[],"categories_nodes":[],"categories_segments":[],"categories_sizes":[],"default_left":[0,0,0,0,0,0,0,0,0,0,0,0,0],"id":83,"left_children":[1,3,5,-1,-1,7,9,-1,-1,11,-1,-1,-1],"loss_changes":[4.821102E0,2.1587133E-1,3.7338394E-1,0E0,0E0,3.7645698E-3,9.434381E-2,0E0,0E0,8.516833E-4,0E0,0E0,0E0],"parents":[2147483647,0,0,1,1,2,2,5,5,6,6,9,9],"right_children":[2,4,6,-1,-1,8,10,-1,-1,12,-1,-1,-1],"split_conditions":[2.0097321E-1,1.00676894E-1,5.024596E-1,-1.6970673E-1,-4.001541E-2,4.011937E-1,1E0,-2.4095917E-2,-5.78537E-3,6.017341E-1,4.3038942E-2,3.2577515E-3,1.2612916E-2],"split_indices":[0,0,0,0,0,0,0,0,0,0,0,0,0],"split_type":[0,0,0,0,0,0,0,0,0,0,0,0,0],"sum_hessian":[9E0,2E0,7E0,1E0,1E0,2E0,5E0,1E0,1E0,4E0,1E0,1E0,3E0],"tree_param":{"num_deleted":"0","num_feature":"2","num_nodes":"13","size_leaf_vector":"1"}},{"base_weights":[-3.206192E-1,-1.328242E0,9.731674E-2,-1.6122131E-1,-3.8014986E-2,-1.8924968E-1,2.243805E-1,-2.2891236E-2,-5.496216E-3,1.0570679E-1,4.0887453E-2,3.0944825E-3,1.1666107E-2],"categories":[],"categories_nodes":[],"categories_segments":[],"categories_sizes":[],"default_left":[0,0,0,0,0,0,0,0,0,0,0,0,0],"id":84,"left_children":[1,3,5,-1,-1,7,9,-1,-1,11,-1,-1,-1],"loss_changes":[4.340478E0,1.9480991E-1,3.3376157E-1,0E0,0E0,3.3970922E-3,8.814672E-2,0E0,0E0,4.8476085E-4,0E0,0E0,0E0],"parents":[2147483647,0,0,1,1,2,2,5,5,6,6,9,9],"right_children":[2,4,6,-1,-1,8,10,-1,-1,12,-1,-1,-1],"split_conditions":[2.0097321E-1,1.00676894E-1,5.024596E-1,-1.6122131E-1,-3.8014986E-2,4.011937E-1,1E0,-2.2891236E-2,-5.496216E-3,6.017341E-1,4.0887453E-2,3.0944825E-3,1.1666107E-2],"split_indices":[0,0,0,0,0,0,0,0,0,0,0,0,0],"split_type":[0,0,0,0,0,0,0,0,0,0,0,0,0],"sum_hessian":[9E0,2E0,7E0,1E0,1E0,2E0,5E0,1E0,1E0,4E0,1E0,1E0,3E0],"tree_param":{"num_deleted":"0","num_feature":"2","num_nodes":"13","size_leaf_vector":"1"}},{"base_weights":[-3.0575258E-1,-1.2618307E0,9.099579E-2,-1.531601E-1,-3.6114503E-2,-1.7978923E-1,2.1122234E-1,-2.1746827E-2,-5.221558E-3,9.80957E-2,3.8842775E-2,2.9403686E-3,1.0791779E-2],"categories":[],"categories_nodes":[],"categories_segments":[],"categories_sizes":[],"default_left":[0,0,0,0,0,0,0,0,0,0,0,0,0],"id":85,"left_children":[1,3,5,-1,-1,7,9,-1,-1,11,-1,-1,-1],"loss_changes":[3.9080453E0,1.7580462E-1,2.9841986E-1,0E0,0E0,3.0653253E-3,8.2176805E-2,0E0,0E0,2.0031258E-4,0E0,0E0,0E0],"parents":[2147483647,0,0,1,1,2,2,5,5,6,6,9,9],"right_children":[2,4,6,-1,-1,8,10,-1,-1,12,-1,-1,-1],"split_conditions":[2.0097321E-1,1.00676894E-1,5.024596E-1,-1.531601E-1,-3.6114503E-2,4.011937E-1,1E0,-2.1746827E-2,-5.221558E-3,6.017341E-1,3.8842775E-2,2.9403686E-3,1.0791779E-2],"split_indices":[0,0,0,0,0,0,0,0,0,0,0,0,0],"split_type":[0,0,0,0,0,0,0,0,0,0,0,0,0],"sum_hessian":[9E0,2E0,7E0,1E0,1E0,2E0,5E0,1E0,1E0,4E0,1E0,1E0,3E0],"tree_param":{"num_deleted":"0","num_feature":"2","num_nodes":"13","size_leaf_vector":"1"}},{"base_weights":[-2.9154435E-1,-1.1987381E0,8.509636E-2,-1.4550209E-1,-3.4308624E-2,-1.708018E-1,1.9886272E-1,-2.0659639E-2,-4.9606324E-3,9.102783E-2,3.6901858E-2,4.066976E-3,1.11043295E-2],"categories":[],"categories_nodes":[],"categories_segments":[],"categories_sizes":[],"default_left":[0,0,0,0,0,0,0,0,0,0,0,0,0],"id":86,"left_children":[1,3,5,-1,-1,7,9,-1,-1,11,-1,-1,-1],"loss_changes":[3.5188692E0,1.58669E-1,2.6686692E-1,0E0,0E0,2.7659386E-3,7.6501444E-2,0E0,0E0,5.235933E-4,0E0,0E0,0E0],"parents":[2147483647,0,0,1,1,2,2,5,5,6,6,9,9],"right_children":[2,4,6,-1,-1,8,10,-1,-1,12,-1,-1,-1],"split_conditions":[2.0097321E-1,1.00676894E-1,5.024596E-1,-1.4550209E-1,-3.4308624E-2,4.011937E-1,1E0,-2.0659639E-2,-4.9606324E-3,8.031905E-1,3.6901858E-2,4.066976E-3,1.11043295E-2],"split_indices":[0,0,0,0,0,0,0,0,0,0,0,0,0],"split_type":[0,0,0,0,0,0,0,0,0,0,0,0,0],"sum_hessian":[9E0,2E0,7E0,1E0,1E0,2E0,5E0,1E0,1E0,4E0,1E0,2E0,2E0],"tree_param":{"num_deleted":"0","num_feature":"2","num_nodes":"13","size_leaf_vector":"1"}},{"base_weights":[-2.7772826E-1,-1.1388041E0,7.9891205E-2,-1.3822709E-1,-3.2593537E-2,-1.6226196E-1,1.8765259E-1,-1.9626617E-2,-4.712677E-3,8.496094E-2,3.5055544E-2,3.7963868E-3,1.036377E-2],"categories":[],"categories_nodes":[],"categories_segments":[],"categories_sizes":[],"default_left":[0,0,0,0,0,0,0,0,0,0,0,0,0],"id":87,"left_children":[1,3,5,-1,-1,7,9,-1,-1,11,-1,-1,-1],"loss_changes":[3.1703553E0,1.4318871E-1,2.3920695E-1,0E0,0E0,2.495855E-3,7.058905E-2,0E0,0E0,4.542768E-4,0E0,0E0,0E0],"parents":[2147483647,0,0,1,1,2,2,5,5,6,6,9,9],"right_children":[2,4,6,-1,-1,8,10,-1,-1,12,-1,-1,-1],"split_conditions":[2.0097321E-1,1.00676894E-1,5.024596E-1,-1.3822709E-1,-3.2593537E-2,4.011937E-1,1E0,-1.9626617E-2,-4.712677E-3,8.031905E-1,3.5055544E-2,3.7963868E-3,1.036377E-2],"split_indices":[0,0,0,0,0,0,0,0,0,0,0,0,0],"split_type":[0,0,0,0,0,0,0,0,0,0,0,0,0],"sum_hessian":[9E0,2E0,7E0,1E0,1E0,2E0,5E0,1E0,1E0,4E0,1E0,2E0,2E0],"tree_param":{"num_deleted":"0","num_feature":"2","num_nodes":"13","size_leaf_vector":"1"}},{"base_weights":[-2.6454774E-1,-1.0818634E0,7.5014114E-2,-1.3131562E-1,-3.0963898E-2,-1.5414937E-1,1.770935E-1,-1.8645478E-2,-4.4769286E-3,7.929687E-2,3.3303834E-2,3.5441082E-3,9.672037E-3],"categories":[],"categories_nodes":[],"categories_segments":[],"categories_sizes":[],"default_left":[0,0,0,0,0,0,0,0,0,0,0,0,0],"id":88,"left_children":[1,3,5,-1,-1,7,9,-1,-1,11,-1,-1,-1],"loss_changes":[2.8564472E0,1.2922573E-1,2.144418E-1,0E0,0E0,2.2532493E-3,6.509636E-2,0E0,0E0,3.92735E-4,0E0,0E0,0E0],"parents":[2147483647,0,0,1,1,2,2,5,5,6,6,9,9],"right_children":[2,4,6,-1,-1,8,10,-1,-1,12,-1,-1,-1],"split_conditions":[2.0097321E-1,1.00676894E-1,5.024596E-1,-1.3131562E-1,-3.0963898E-2,4.011937E-1,1E0,-1.8645478E-2,-4.4769286E-3,8.031905E-1,3.3303834E-2,3.5441082E-3,9.672037E-3],"split_indices":[0,0,0,0,0,0,0,0,0,0,0,0,0],"split_type":[0,0,0,0,0,0,0,0,0,0,0,0,0],"sum_hessian":[9E0,2E0,7E0,1E0,1E0,2E0,5E0,1E0,1E0,4E0,1E0,2E0,2E0],"tree_param":{"num_deleted":"0","num_feature":"2","num_nodes":"13","size_leaf_vector":"1"}},{"base_weights":[-2.5197753E-1,-1.027771E0,7.04422E-2,-1.2474976E-1,-2.9415894E-2,-1.4644368E-1,1.6714478E-1,-1.7713165E-2,-4.2533875E-3,7.402344E-2,3.1637575E-2,3.3081055E-3,9.029134E-3],"categories":[],"categories_nodes":[],"categories_segments":[],"categories_sizes":[],"default_left":[0,0,0,0,0,0,0,0,0,0,0,0,0],"id":89,"left_children":[1,3,5,-1,-1,7,9,-1,-1,11,-1,-1,-1],"loss_changes":[2.5737097E0,1.16619825E-1,1.9226469E-1,0E0,0E0,2.0322502E-3,5.9960306E-2,0E0,0E0,3.4330226E-4,0E0,0E0,0E0],"parents":[2147483647,0,0,1,1,2,2,5,5,6,6,9,9],"right_children":[2,4,6,-1,-1,8,10,-1,-1,12,-1,-1,-1],"split_conditions":[2.0097321E-1,1.00676894E-1,5.024596E-1,-1.2474976E-1,-2.9415894E-2,4.011937E-1,1E0,-1.7713165E-2,-4.2533875E-3,8.031905E-1,3.1637575E-2,3.3081055E-3,9.029134E-3],"split_indices":[0,0,0,0,0,0,0,0,0,0,0,0,0],"split_type":[0,0,0,0,0,0,0,0,0,0,0,0,0],"sum_hessian":[9E0,2E0,7E0,1E0,1E0,2E0,5E0,1E0,1E0,4E0,1E0,2E0,2E0],"tree_param":{"num_deleted":"0","num_feature":"2","num_nodes":"13","size_leaf_vector":"1"}},{"base_weights":[-2.39991E-1,-9.7638196E-1,6.615448E-2,-1.1851235E-1,-2.7944947E-2,-1.3911946E-1,1.577657E-1,-1.6827393E-2,-4.0405276E-3,6.90918E-2,3.0056763E-2,3.088379E-3,8.4269205E-3],"categories":[],"categories_nodes":[],"categories_segments":[],"categories_sizes":[],"default_left":[0,0,0,0,0,0,0,0,0,0,0,0,0],"id":90,"left_children":[1,3,5,-1,-1,7,9,-1,-1,11,-1,-1,-1],"loss_changes":[2.3190196E0,1.05253935E-1,1.7239146E-1,0E0,0E0,1.8347241E-3,5.521007E-2,0E0,0E0,2.9694103E-4,0E0,0E0,0E0],"parents":[2147483647,0,0,1,1,2,2,5,5,6,6,9,9],"right_children":[2,4,6,-1,-1,8,10,-1,-1,12,-1,-1,-1],"split_conditions":[2.0097321E-1,1.00676894E-1,5.024596E-1,-1.1851235E-1,-2.7944947E-2,4.011937E-1,1E0,-1.6827393E-2,-4.0405276E-3,8.031905E-1,3.0056763E-2,3.088379E-3,8.4269205E-3],"split_indices":[0,0,0,0,0,0,0,0,0,0,0,0,0],"split_type":[0,0,0,0,0,0,0,0,0,0,0,0,0],"sum_hessian":[9E0,2E0,7E0,1E0,1E0,2E0,5E0,1E0,1E0,4E0,1E0,2E0,2E0],"tree_param":{"num_deleted":"0","num_feature":"2","num_nodes":"13","size_leaf_vector":"1"}},{"base_weights":[-2.2856216E-1,-9.2756397E-1,6.213379E-2,-1.12586595E-1,-2.6548004E-2,-1.3216145E-1,1.4892578E-1,-1.598587E-2,-3.8383484E-3,6.4489745E-2,2.8555298E-2,2.882894E-3,7.865397E-3],"categories":[],"categories_nodes":[],"categories_segments":[],"categories_sizes":[],"default_left":[0,0,0,0,0,0,0,0,0,0,0,0,0],"id":91,"left_children":[1,3,5,-1,-1,7,9,-1,-1,11,-1,-1,-1],"loss_changes":[2.089603E0,9.4982624E-2,1.5458842E-1,0E0,0E0,1.6562454E-3,5.0802305E-2,0E0,0E0,2.5803037E-4,0E0,0E0,0E0],"parents":[2147483647,0,0,1,1,2,2,5,5,6,6,9,9],"right_children":[2,4,6,-1,-1,8,10,-1,-1,12,-1,-1,-1],"split_conditions":[2.0097321E-1,1.00676894E-1,5.024596E-1,-1.12586595E-1,-2.6548004E-2,4.011937E-1,1E0,-1.598587E-2,-3.8383484E-3,8.031905E-1,2.8555298E-2,2.882894E-3,7.865397E-3],"split_indices":[0,0,0,0,0,0,0,0,0,0,0,0,0],"split_type":[0,0,0,0,0,0,0,0,0,0,0,0,0],"sum_hessian":[9E0,2E0,7E0,1E0,1E0,2E0,5E0,1E0,1E0,4E0,1E0,2E0,2E0],"tree_param":{"num_deleted":"0","num_feature":"2","num_nodes":"13","size_leaf_vector":"1"}},{"base_weights":[-2.1766968E-1,-8.811849E-1,5.835724E-2,-1.0695725E-1,-2.522049E-2,-3.72111E-2,2.300415E-2,-1.2554932E-1,3.8345337E-3,-1.518631E-2,-3.6460876E-3],"categories":[],"categories_nodes":[],"categories_segments":[],"categories_sizes":[],"default_left":[0,0,0,0,0,0,0,0,0,0,0],"id":92,"left_children":[1,3,5,-1,-1,7,-1,9,-1,-1,-1],"loss_changes":[1.882904E0,8.572483E-2,1.3982074E-1,0E0,0E0,4.4861354E-2,0E0,1.4957003E-3,0E0,0E0,0E0],"parents":[2147483647,0,0,1,1,2,2,5,5,7,7],"right_children":[2,4,6,-1,-1,8,-1,10,-1,-1,-1],"split_conditions":[2.0097321E-1,1.00676894E-1,9.026515E-1,-1.0695725E-1,-2.522049E-2,5.024596E-1,2.300415E-2,4.011937E-1,3.8345337E-3,-1.518631E-2,-3.6460876E-3],"split_indices":[0,0,0,0,0,0,0,0,0,0,0],"split_type":[0,0,0,0,0,0,0,0,0,0,0],"sum_hessian":[9E0,2E0,7E0,1E0,1E0,5E0,2E0,2E0,3E0,1E0,1E0],"tree_param":{"num_deleted":"0","num_feature":"2","num_nodes":"11","size_leaf_vector":"1"}},{"base_weights":[-2.0832443E-1,-8.371251E-1,5.3516388E-2,-1.01609424E-1,-2.3959352E-2,-3.5995483E-2,2.1470134E-1,-1.19272865E-1,3.5461427E-3,6.228638E-3,2.5976563E-2,-1.4427185E-2,-3.4637451E-3],"categories":[],"categories_nodes":[],"categories_segments":[],"categories_sizes":[],"default_left":[0,0,0,0,0,0,0,0,0,0,0,0,0],"id":93,"left_children":[1,3,5,-1,-1,7,9,11,-1,-1,-1,-1,-1],"loss_changes":[1.6912568E0,7.736945E-2,1.2315201E-1,0E0,0E0,3.9934058E-2,4.4255555E-3,1.350183E-3,0E0,0E0,0E0,0E0,0E0],"parents":[2147483647,0,0,1,1,2,2,5,5,6,6,7,7],"right_children":[2,4,6,-1,-1,8,10,12,-1,-1,-1,-1,-1],"split_conditions":[2.0097321E-1,1.00676894E-1,9.026515E-1,-1.01609424E-1,-2.3959352E-2,5.024596E-1,1E0,4.011937E-1,3.5461427E-3,6.228638E-3,2.5976563E-2,-1.4427185E-2,-3.4637451E-3],"split_indices":[0,0,0,0,0,0,0,0,0,0,0,0,0],"split_type":[0,0,0,0,0,0,0,0,0,0,0,0,0],"sum_hessian":[9E0,2E0,7E0,1E0,1E0,5E0,2E0,2E0,3E0,1E0,1E0,1E0,1E0],"tree_param":{"num_deleted":"0","num_feature":"2","num_nodes":"13","size_leaf_vector":"1"}},{"base_weights":[-1.9826278E-1,-7.9527026E-1,5.0397873E-2,-9.652901E-2,-2.2761537E-2,-3.478241E-2,2.0395915E-1,-1.1330668E-1,3.2806396E-3,5.9173587E-3,2.4676515E-2,-1.37054445E-2,-3.290558E-3],"categories":[],"categories_nodes":[],"categories_segments":[],"categories_sizes":[],"default_left":[0,0,0,0,0,0,0,0,0,0,0,0,0],"id":94,"left_children":[1,3,5,-1,-1,7,9,11,-1,-1,-1,-1,-1],"loss_changes":[1.5246028E0,6.982291E-2,1.11737326E-1,0E0,0E0,3.5561357E-2,3.991097E-3,1.2181811E-3,0E0,0E0,0E0,0E0,0E0],"parents":[2147483647,0,0,1,1,2,2,5,5,6,6,7,7],"right_children":[2,4,6,-1,-1,8,10,12,-1,-1,-1,-1,-1],"split_conditions":[2.0097321E-1,1.00676894E-1,9.026515E-1,-9.652901E-2,-2.2761537E-2,5.024596E-1,1E0,4.011937E-1,3.2806396E-3,5.9173587E-3,2.4676515E-2,-1.37054445E-2,-3.290558E-3],"split_indices":[0,0,0,0,0,0,0,0,0,0,0,0,0],"split_type":[0,0,0,0,0,0,0,0,0,0,0,0,0],"sum_hessian":[9E0,2E0,7E0,1E0,1E0,5E0,2E0,2E0,3E0,1E0,1E0,1E0,1E0],"tree_param":{"num_deleted":"0","num_feature":"2","num_nodes":"13","size_leaf_vector":"1"}},{"base_weights":[-1.8867417E-1,-7.5550586E-1,4.7472E-2,-9.1702655E-2,-2.162323E-2,-3.358714E-2,1.9376628E-1,-1.0764059E-1,3.0349733E-3,5.621338E-3,2.3443604E-2,-1.30203245E-2,-3.125763E-3],"categories":[],"categories_nodes":[],"categories_segments":[],"categories_sizes":[],"default_left":[0,0,0,0,0,0,0,0,0,0,0,0,0],"id":95,"left_children":[1,3,5,-1,-1,7,9,11,-1,-1,-1,-1,-1],"loss_changes":[1.3744168E0,6.302059E-2,1.0137596E-1,0E0,0E0,3.167534E-2,3.6042854E-3,1.1003613E-3,0E0,0E0,0E0,0E0,0E0],"parents":[2147483647,0,0,1,1,2,2,5,5,6,6,7,7],"right_children":[2,4,6,-1,-1,8,10,12,-1,-1,-1,-1,-1],"split_conditions":[2.0097321E-1,1.00676894E-1,9.026515E-1,-9.1702655E-2,-2.162323E-2,5.024596E-1,1E0,4.011937E-1,3.0349733E-3,5.621338E-3,2.3443604E-2,-1.30203245E-2,-3.125763E-3],"split_indices":[0,0,0,0,0,0,0,0,0,0,0,0,0],"split_type":[0,0,0,0,0,0,0,0,0,0,0,0,0],"sum_hessian":[9E0,2E0,7E0,1E0,1E0,5E0,2E0,2E0,3E0,1E0,1E0,1E0,1E0],"tree_param":{"num_deleted":"0","num_feature":"2","num_nodes":"13","size_leaf_vector":"1"}},{"base_weights":[-1.7954178E-1,-7.177302E-1,4.4721603E-2,-8.711739E-2,-2.0542145E-2,-3.2412212E-2,1.8408203E-1,-1.02259316E-1,2.8076172E-3,5.340576E-3,2.2271728E-2,-1.2369538E-2,-2.9693604E-3],"categories":[],"categories_nodes":[],"categories_segments":[],"categories_sizes":[],"default_left":[0,0,0,0,0,0,0,0,0,0,0,0,0],"id":96,"left_children":[1,3,5,-1,-1,7,9,11,-1,-1,-1,-1,-1],"loss_changes":[1.2390577E0,5.687368E-2,9.196172E-2,0E0,0E0,2.8220681E-2,3.2517463E-3,9.936057E-4,0E0,0E0,0E0,0E0,0E0],"parents":[2147483647,0,0,1,1,2,2,5,5,6,6,7,7],"right_children":[2,4,6,-1,-1,8,10,12,-1,-1,-1,-1,-1],"split_conditions":[2.0097321E-1,1.00676894E-1,9.026515E-1,-8.711739E-2,-2.0542145E-2,5.024596E-1,1E0,4.011937E-1,2.8076172E-3,5.340576E-3,2.2271728E-2,-1.2369538E-2,-2.9693604E-3],"split_indices":[0,0,0,0,0,0,0,0,0,0,0,0,0],"split_type":[0,0,0,0,0,0,0,0,0,0,0,0,0],"sum_hessian":[9E0,2E0,7E0,1E0,1E0,5E0,2E0,2E0,3E0,1E0,1E0,1E0,1E0],"tree_param":{"num_deleted":"0","num_feature":"2","num_nodes":"13","size_leaf_vector":"1"}},{"base_weights":[-1.7084809E-1,-6.8184406E-1,4.2131424E-2,-8.2761385E-2,-1.951523E-2,-3.125763E-2,1.7486572E-1,-9.714254E-2,2.5970459E-3,5.0720214E-3,2.1157837E-2,-1.1750794E-2,-2.8205873E-3],"categories":[],"categories_nodes":[],"categories_segments":[],"categories_sizes":[],"default_left":[0,0,0,0,0,0,0,0,0,0,0,0,0],"id":97,"left_children":[1,3,5,-1,-1,7,9,11,-1,-1,-1,-1,-1],"loss_changes":[1.1170437E0,5.132401E-2,8.339584E-2,0E0,0E0,2.514564E-2,2.941832E-3,8.973535E-4,0E0,0E0,0E0,0E0,0E0],"parents":[2147483647,0,0,1,1,2,2,5,5,6,6,7,7],"right_children":[2,4,6,-1,-1,8,10,12,-1,-1,-1,-1,-1],"split_conditions":[2.0097321E-1,1.00676894E-1,9.026515E-1,-8.2761385E-2,-1.951523E-2,5.024596E-1,1E0,4.011937E-1,2.5970459E-3,5.0720214E-3,2.1157837E-2,-1.1750794E-2,-2.8205873E-3],"split_indices":[0,0,0,0,0,0,0,0,0,0,0,0,0],"split_type":[0,0,0,0,0,0,0,0,0,0,0,0,0],"sum_hessian":[9E0,2E0,7E0,1E0,1E0,5E0,2E0,2E0,3E0,1E0,1E0,1E0,1E0],"tree_param":{"num_deleted":"0","num_feature":"2","num_nodes":"13","size_leaf_vector":"1"}},{"base_weights":[-1.6256866E-1,-6.4775085E-1,3.969574E-2,-7.86232E-2,-1.8539429E-2,-3.0131022E-2,1.6611736E-1,-9.2285156E-2,2.4017335E-3,4.818726E-3,2.0098878E-2,-1.1163331E-2,-2.6794435E-3],"categories":[],"categories_nodes":[],"categories_segments":[],"categories_sizes":[],"default_left":[0,0,0,0,0,0,0,0,0,0,0,0,0],"id":98,"left_children":[1,3,5,-1,-1,7,9,11,-1,-1,-1,-1,-1],"loss_changes":[1.0070639E0,4.631996E-2,7.562618E-2,0E0,0E0,2.240971E-2,2.6520714E-3,8.1022084E-4,0E0,0E0,0E0,0E0,0E0],"parents":[2147483647,0,0,1,1,2,2,5,5,6,6,7,7],"right_children":[2,4,6,-1,-1,8,10,12,-1,-1,-1,-1,-1],"split_conditions":[2.0097321E-1,1.00676894E-1,9.026515E-1,-7.86232E-2,-1.8539429E-2,5.024596E-1,1E0,4.011937E-1,2.4017335E-3,4.818726E-3,2.0098878E-2,-1.1163331E-2,-2.6794435E-3],"split_indices":[0,0,0,0,0,0,0,0,0,0,0,0,0],"split_type":[0,0,0,0,0,0,0,0,0,0,0,0,0],"sum_hessian":[9E0,2E0,7E0,1E0,1E0,5E0,2E0,2E0,3E0,1E0,1E0,1E0,1E0],"tree_param":{"num_deleted":"0","num_feature":"2","num_nodes":"13","size_leaf_vector":"1"}},{"base_weights":[-1.5467758E-1,-6.153641E-1,3.741455E-2,-7.469215E-2,-1.7612457E-2,-2.9022217E-2,1.5781657E-1,-8.766683E-2,2.2216798E-3,4.5776367E-3,1.9094849E-2,-1.0604858E-2,-2.545166E-3],"categories":[],"categories_nodes":[],"categories_segments":[],"categories_sizes":[],"default_left":[0,0,0,0,0,0,0,0,0,0,0,0,0],"id":99,"left_children":[1,3,5,-1,-1,7,9,11,-1,-1,-1,-1,-1],"loss_changes":[9.079661E-1,4.1804433E-2,6.8573155E-2,0E0,0E0,1.9977028E-2,2.3953915E-3,7.3176064E-4,0E0,0E0,0E0,0E0,0E0],"parents":[2147483647,0,0,1,1,2,2,5,5,6,6,7,7],"right_children":[2,4,6,-1,-1,8,10,12,-1,-1,-1,-1,-1],"split_conditions":[2.0097321E-1,1.00676894E-1,9.026515E-1,-7.469215E-2,-1.7612457E-2,5.024596E-1,1E0,4.011937E-1,2.2216798E-3,4.5776367E-3,1.9094849E-2,-1.0604858E-2,-2.545166E-3],"split_indices":[0,0,0,0,0,0,0,0,0,0,0,0,0],"split_type":[0,0,0,0,0,0,0,0,0,0,0,0,0],"sum_hessian":[9E0,2E0,7E0,1E0,1E0,5E0,2E0,2E0,3E0,1E0,1E0,1E0,1E0],"tree_param":{"num_deleted":"0","num_feature":"2","num_nodes":"13","size_leaf_vector":"1"}}]},"name":"gbtree"},"learner_model_param":{"base_score":"3.558889E2","boost_from_average":"1","num_class":"0","num_feature":"2","num_target":"1"},"objective":{"name":"reg:squarederror","reg_loss_param":{"scale_pos_weight":"1"}}},"version":[2,1,1]}