{"model_name": "GradientBoostingRegressorTrainer_1", "model_class": "scikit", "model_file": "GradientBoostingRegressorTrainer_1.json", "features": ["bpf_cpu_time_us", "cache_miss", "cgroupfs_cpu_usage_us", "cgroupfs_memory_usage_bytes", "cgroupfs_system_cpu_usage_us", "cgroupfs_user_cpu_usage_us", "cpu_cycles", "cpu_instructions", "kubelet_cpu_usage", "kubelet_memory_bytes"], "fe_files": [], "output_type": "AbsPower", "mae": 6.873331918182786, "package_mae": 6.873331918182786, "core_mae": 0.0, "uncore_mae": 0.0, "dram_mae": 2.2249525382346165}