{"model_name": "XgboostFitTrainer_1", "model_class": "xgboost", "model_file": "XgboostFitTrainer_1.json", "features": ["bpf_cpu_time_ms", "bpf_page_cache_hit", "cache_miss", "cgroupfs_cpu_usage_us", "cgroupfs_memory_usage_bytes", "cgroupfs_system_cpu_usage_us", "cgroupfs_user_cpu_usage_us", "cpu_cycles", "cpu_instructions"], "fe_files": [], "output_type": "DynPower", "mae": 2.58, "mape": 8.5, "package_mae": 0.79, "core_mae": 2.58, "uncore_mae": 0.0, "dram_mae": 0.19, "package_mape": 7.86, "core_mape": 2.94, "uncore_mape": -1, "dram_mape": 8.5}