{"package": {"model_file": "package.pkl", "features": ["bpf_block_irq", "bpf_cpu_time_ms", "bpf_net_rx_irq", "bpf_net_tx_irq", "bpf_page_cache_hit"], "fe_files": ["scaler.pkl", "poly_scaler.pkl"]}, "core": {"model_file": "core.pkl", "features": ["bpf_block_irq", "bpf_cpu_time_ms", "bpf_net_rx_irq", "bpf_net_tx_irq", "bpf_page_cache_hit"], "fe_files": ["scaler.pkl", "poly_scaler.pkl"]}, "uncore": {"model_file": "uncore.pkl", "features": ["bpf_block_irq", "bpf_cpu_time_ms", "bpf_net_rx_irq", "bpf_net_tx_irq", "bpf_page_cache_hit"], "fe_files": ["scaler.pkl", "poly_scaler.pkl"]}, "dram": {"model_file": "dram.pkl", "features": ["bpf_block_irq", "bpf_cpu_time_ms", "bpf_net_rx_irq", "bpf_net_tx_irq", "bpf_page_cache_hit"], "fe_files": ["scaler.pkl", "poly_scaler.pkl"]}}