{"package": {"All_Weights": {"Bias_Weight": 235.35396305341698, "Categorical_Variables": {}, "Numerical_Variables": {"kubelet_cpu_usage": {"scale": 624.6666666666666, "mean": 0, "variance": 0, "weight": 911.753749570376}, "kubelet_memory_bytes": {"scale": 13031665664.0, "mean": 0, "variance": 0, "weight": 376.18881397755655}}}}, "core": {"All_Weights": {"Bias_Weight": 0.0, "Categorical_Variables": {}, "Numerical_Variables": {"kubelet_cpu_usage": {"scale": 624.6666666666666, "mean": 0, "variance": 0, "weight": 0.0}, "kubelet_memory_bytes": {"scale": 13031665664.0, "mean": 0, "variance": 0, "weight": 0.0}}}}, "uncore": {"All_Weights": {"Bias_Weight": 0.0, "Categorical_Variables": {}, "Numerical_Variables": {"kubelet_cpu_usage": {"scale": 624.6666666666666, "mean": 0, "variance": 0, "weight": 0.0}, "kubelet_memory_bytes": {"scale": 13031665664.0, "mean": 0, "variance": 0, "weight": 0.0}}}}, "dram": {"All_Weights": {"Bias_Weight": 14.075394867921178, "Categorical_Variables": {}, "Numerical_Variables": {"kubelet_cpu_usage": {"scale": 624.6666666666666, "mean": 0, "variance": 0, "weight": 44.13552171013193}, "kubelet_memory_bytes": {"scale": 13031665664.0, "mean": 0, "variance": 0, "weight": 109.10314344573781}}}}}