{"learner":{"attributes":{"scikit_learn":"{\"_estimator_type\": \"regressor\"}"},"feature_names":[],"feature_types":[],"gradient_booster":{"model":{"gbtree_model_param":{"num_parallel_tree":"1","num_trees":"100"},"iteration_indptr":[0,1,2,3,4,5,6,7,8,9,10,11,12,13,14,15,16,17,18,19,20,21,22,23,24,25,26,27,28,29,30,31,32,33,34,35,36,37,38,39,40,41,42,43,44,45,46,47,48,49,50,51,52,53,54,55,56,57,58,59,60,61,62,63,64,65,66,67,68,69,70,71,72,73,74,75,76,77,78,79,80,81,82,83,84,85,86,87,88,89,90,91,92,93,94,95,96,97,98,99,100],"tree_info":[0,0,0,0,0,0,0,0,0,0,0,0,0,0,0,0,0,0,0,0,0,0,0,0,0,0,0,0,0,0,0,0,0,0,0,0,0,0,0,0,0,0,0,0,0,0,0,0,0,0,0,0,0,0,0,0,0,0,0,0,0,0,0,0,0,0,0,0,0,0,0,0,0,0,0,0,0,0,0,0,0,0,0,0,0,0,0,0,0,0,0,0,0,0,0,0,0,0,0,0],"trees":[{"base_weights":[7.6293946E-7,-2.6333334E1,2.1944447E1,-3.025E0,-5.333334E-1,4.666668E-1,2.446667E0],"categories":[],"categories_nodes":[],"categories_segments":[],"categories_sizes":[],"default_left":[0,0,0,0,0,0,0],"id":0,"left_children":[1,3,5,-1,-1,-1,-1],"loss_changes":[6.356575E3,2.499165E2,1.4729248E2,0E0,0E0,0E0,0E0],"parents":[2147483647,0,0,1,1,2,2],"right_children":[2,4,6,-1,-1,-1,-1],"split_conditions":[5.016166E-1,3.0063155E-1,6.032973E-1,-3.025E0,-5.333334E-1,4.666668E-1,2.446667E0],"split_indices":[0,0,0,0,0,0,0],"split_type":[0,0,0,0,0,0,0],"sum_hessian":[9E0,4E0,5E0,3E0,1E0,1E0,4E0],"tree_param":{"num_deleted":"0","num_feature":"2","num_nodes":"7","size_leaf_vector":"1"}},{"base_weights":[-6.4500235E-2,-2.4411667E1,2.0235556E1,-2.798125E0,-5.066668E-1,4.4333345E-1,2.2509334E0],"categories":[],"categories_nodes":[],"categories_segments":[],"categories_sizes":[],"default_left":[0,0,0,0,0,0,0],"id":1,"left_children":[1,3,5,-1,-1,-1,-1],"loss_changes":[5.4364717E3,2.0349634E2,1.1579297E2,0E0,0E0,0E0,0E0],"parents":[2147483647,0,0,1,1,2,2],"right_children":[2,4,6,-1,-1,-1,-1],"split_conditions":[5.016166E-1,3.0063155E-1,6.032973E-1,-2.798125E0,-5.066668E-1,4.4333345E-1,2.2509334E0],"split_indices":[0,0,0,0,0,0,0],"split_type":[0,0,0,0,0,0,0],"sum_hessian":[9E0,4E0,5E0,3E0,1E0,1E0,4E0],"tree_param":{"num_deleted":"0","num_feature":"2","num_nodes":"7","size_leaf_vector":"1"}},{"base_weights":[-1.19101524E-1,-2.2631456E1,1.8661045E1,-2.9229028E0,-8.4900695E-1,7.353022E-1,2.2476802E0],"categories":[],"categories_nodes":[],"categories_segments":[],"categories_sizes":[],"default_left":[0,0,0,0,0,0,0],"id":2,"left_children":[1,3,5,-1,-1,-1,-1],"loss_changes":[4.6501797E3,2.1833765E2,9.361963E1,0E0,0E0,0E0,0E0],"parents":[2147483647,0,0,1,1,2,2],"right_children":[2,4,6,-1,-1,-1,-1],"split_conditions":[5.016166E-1,2.002366E-1,7.024046E-1,-2.9229028E0,-8.4900695E-1,7.353022E-1,2.2476802E0],"split_indices":[0,0,0,0,0,0,0],"split_type":[0,0,0,0,0,0,0],"sum_hessian":[9E0,4E0,5E0,2E0,2E0,2E0,3E0],"tree_param":{"num_deleted":"0","num_feature":"2","num_nodes":"7","size_leaf_vector":"1"}},{"base_weights":[-1.8608531E-1,-2.1122694E1,1.7292103E1,-2.7280426E0,-7.924065E-1,3.8440132E-1,1.9212917E0],"categories":[],"categories_nodes":[],"categories_segments":[],"categories_sizes":[],"default_left":[0,0,0,0,0,0,0],"id":3,"left_children":[1,3,5,-1,-1,-1,-1],"loss_changes":[4.0245957E3,1.9019604E2,8.1132935E1,0E0,0E0,0E0,0E0],"parents":[2147483647,0,0,1,1,2,2],"right_children":[2,4,6,-1,-1,-1,-1],"split_conditions":[5.016166E-1,2.002366E-1,6.032973E-1,-2.7280426E0,-7.924065E-1,3.8440132E-1,1.9212917E0],"split_indices":[0,0,0,0,0,0,0],"split_type":[0,0,0,0,0,0,0],"sum_hessian":[9E0,4E0,5E0,2E0,2E0,1E0,4E0],"tree_param":{"num_deleted":"0","num_feature":"2","num_nodes":"7","size_leaf_vector":"1"}},{"base_weights":[-2.889532E-1,-1.9714514E1,1.5947173E1,-2.546173E0,-7.3957926E-1,6.0942537E-1,1.935007E0],"categories":[],"categories_nodes":[],"categories_segments":[],"categories_sizes":[],"default_left":[0,0,0,0,0,0,0],"id":4,"left_children":[1,3,5,-1,-1,-1,-1],"loss_changes":[3.468349E3,1.6568188E2,8.324658E1,0E0,0E0,0E0,0E0],"parents":[2147483647,0,0,1,1,2,2],"right_children":[2,4,6,-1,-1,-1,-1],"split_conditions":[5.016166E-1,2.002366E-1,7.024046E-1,-2.546173E0,-7.3957926E-1,6.0942537E-1,1.935007E0],"split_indices":[0,0,0,0,0,0,0],"split_type":[0,0,0,0,0,0,0],"sum_hessian":[9E0,4E0,5E0,2E0,2E0,2E0,3E0],"tree_param":{"num_deleted":"0","num_feature":"2","num_nodes":"7","size_leaf_vector":"1"}},{"base_weights":[-3.341902E-1,-1.8400213E1,1.4776527E1,-2.3764284E0,-6.9027406E-1,5.687968E-1,1.7898816E0],"categories":[],"categories_nodes":[],"categories_segments":[],"categories_sizes":[],"default_left":[0,0,0,0,0,0,0],"id":5,"left_children":[1,3,5,-1,-1,-1,-1],"loss_changes":[3.0017969E3,1.4432751E2,6.845471E1,0E0,0E0,0E0,0E0],"parents":[2147483647,0,0,1,1,2,2],"right_children":[2,4,6,-1,-1,-1,-1],"split_conditions":[5.016166E-1,2.002366E-1,7.024046E-1,-2.3764284E0,-6.9027406E-1,5.687968E-1,1.7898816E0],"split_indices":[0,0,0,0,0,0,0],"split_type":[0,0,0,0,0,0,0],"sum_hessian":[9E0,4E0,5E0,2E0,2E0,2E0,3E0],"tree_param":{"num_deleted":"0","num_feature":"2","num_nodes":"7","size_leaf_vector":"1"}},{"base_weights":[-3.7157267E-1,-1.7173532E1,1.369199E1,-2.2179997E0,-6.442558E-1,5.308772E-1,1.6556406E0],"categories":[],"categories_nodes":[],"categories_segments":[],"categories_sizes":[],"default_left":[0,0,0,0,0,0,0],"id":6,"left_children":[1,3,5,-1,-1,-1,-1],"loss_changes":[2.598094E3,1.2572522E2,5.6184082E1,0E0,0E0,0E0,0E0],"parents":[2147483647,0,0,1,1,2,2],"right_children":[2,4,6,-1,-1,-1,-1],"split_conditions":[5.016166E-1,2.002366E-1,7.024046E-1,-2.2179997E0,-6.442558E-1,5.308772E-1,1.6556406E0],"split_indices":[0,0,0,0,0,0,0],"split_type":[0,0,0,0,0,0,0],"sum_hessian":[9E0,4E0,5E0,2E0,2E0,2E0,3E0],"tree_param":{"num_deleted":"0","num_feature":"2","num_nodes":"7","size_leaf_vector":"1"}},{"base_weights":[-4.019888E-1,-1.6028631E1,1.2687211E1,-1.8558003E0,-2.9555723E-1,4.9548545E-1,1.5314677E0],"categories":[],"categories_nodes":[],"categories_segments":[],"categories_sizes":[],"default_left":[0,0,0,0,0,0,0],"id":7,"left_children":[1,3,5,-1,-1,-1,-1],"loss_changes":[2.248761E3,1.1048364E2,4.6016968E1,0E0,0E0,0E0,0E0],"parents":[2147483647,0,0,1,1,2,2],"right_children":[2,4,6,-1,-1,-1,-1],"split_conditions":[5.016166E-1,3.0063155E-1,7.024046E-1,-1.8558003E0,-2.9555723E-1,4.9548545E-1,1.5314677E0],"split_indices":[0,0,0,0,0,0,0],"split_type":[0,0,0,0,0,0,0],"sum_hessian":[9E0,4E0,5E0,3E0,1E0,2E0,3E0],"tree_param":{"num_deleted":"0","num_feature":"2","num_nodes":"7","size_leaf_vector":"1"}},{"base_weights":[-3.7423077E-1,-1.4856039E1,1.1756314E1,-1.946413E0,-5.295934E-1,2.5495225E-1,1.3087769E0],"categories":[],"categories_nodes":[],"categories_segments":[],"categories_sizes":[],"default_left":[0,0,0,0,0,0,0],"id":8,"left_children":[1,3,5,-1,-1,-1,-1],"loss_changes":[1.9313746E3,1.1718848E2,4.0182922E1,0E0,0E0,0E0,0E0],"parents":[2147483647,0,0,1,1,2,2],"right_children":[2,4,6,-1,-1,-1,-1],"split_conditions":[5.016166E-1,2.002366E-1,6.032973E-1,-1.946413E0,-5.295934E-1,2.5495225E-1,1.3087769E0],"split_indices":[0,0,0,0,0,0,0],"split_type":[0,0,0,0,0,0,0],"sum_hessian":[9E0,4E0,5E0,2E0,2E0,1E0,4E0],"tree_param":{"num_deleted":"0","num_feature":"2","num_nodes":"7","size_leaf_vector":"1"}},{"base_weights":[-4.2803478E-1,-1.3865635E1,1.0841305E1,-2.127489E0,-6.694599E-1,5.388964E-1,1.4497325E0],"categories":[],"categories_nodes":[],"categories_segments":[],"categories_sizes":[],"default_left":[0,0,0,0,0,0,0],"id":9,"left_children":[1,3,5,-1,-1,-1,-1],"loss_changes":[1.6646504E3,1.232334E2,4.14776E1,0E0,0E0,0E0,0E0],"parents":[2147483647,0,0,1,1,2,2],"right_children":[2,4,6,-1,-1,-1,-1],"split_conditions":[5.016166E-1,1.0048121E-1,8.027939E-1,-2.127489E0,-6.694599E-1,5.388964E-1,1.4497325E0],"split_indices":[0,0,0,0,0,0,0],"split_type":[0,0,0,0,0,0,0],"sum_hessian":[9E0,4E0,5E0,1E0,3E0,3E0,2E0],"tree_param":{"num_deleted":"0","num_feature":"2","num_nodes":"7","size_leaf_vector":"1"}},{"base_weights":[-4.6606237E-1,-1.3038462E1,1.0088614E1,-2.0211148E0,-6.1925036E-1,3.744026E-1,1.2324902E0],"categories":[],"categories_nodes":[],"categories_segments":[],"categories_sizes":[],"default_left":[0,0,0,0,0,0,0],"id":10,"left_children":[1,3,5,-1,-1,-1,-1],"loss_changes":[1.4585161E3,1.2036194E2,3.898517E1,0E0,0E0,0E0,0E0],"parents":[2147483647,0,0,1,1,2,2],"right_children":[2,4,6,-1,-1,-1,-1],"split_conditions":[5.016166E-1,1.0048121E-1,7.024046E-1,-2.0211148E0,-6.1925036E-1,3.744026E-1,1.2324902E0],"split_indices":[0,0,0,0,0,0,0],"split_type":[0,0,0,0,0,0,0],"sum_hessian":[9E0,4E0,5E0,1E0,3E0,2E0,3E0],"tree_param":{"num_deleted":"0","num_feature":"2","num_nodes":"7","size_leaf_vector":"1"}},{"base_weights":[-5.2280366E-1,-1.2262688E1,9.347568E0,-1.9200591E0,-5.7280654E-1,4.4894677E-1,1.2709178E0],"categories":[],"categories_nodes":[],"categories_segments":[],"categories_sizes":[],"default_left":[0,0,0,0,0,0,0],"id":11,"left_children":[1,3,5,-1,-1,-1,-1],"loss_changes":[1.2733964E3,1.1670068E2,4.0928772E1,0E0,0E0,0E0,0E0],"parents":[2147483647,0,0,1,1,2,2],"right_children":[2,4,6,-1,-1,-1,-1],"split_conditions":[5.016166E-1,1.0048121E-1,8.027939E-1,-1.9200591E0,-5.7280654E-1,4.4894677E-1,1.2709178E0],"split_indices":[0,0,0,0,0,0,0],"split_type":[0,0,0,0,0,0,0],"sum_hessian":[9E0,4E0,5E0,1E0,3E0,3E0,2E0],"tree_param":{"num_deleted":"0","num_feature":"2","num_nodes":"7","size_leaf_vector":"1"}},{"base_weights":[-5.478228E-1,-1.1534992E1,8.699455E0,-1.824056E0,-5.2984595E0,4.1527596E-1,1.1861898E0,-5.989789E-1,-1.612236E-1],"categories":[],"categories_nodes":[],"categories_segments":[],"categories_sizes":[],"default_left":[0,0,0,0,0,0,0,0,0],"id":12,"left_children":[1,3,5,-1,7,-1,-1,-1,-1],"loss_changes":[1.1163622E3,1.1245062E2,3.701239E1,0E0,5.366287E-1,0E0,0E0,0E0,0E0],"parents":[2147483647,0,0,1,1,2,2,4,4],"right_children":[2,4,6,-1,8,-1,-1,-1,-1],"split_conditions":[5.016166E-1,1.0048121E-1,8.027939E-1,-1.824056E0,3.0063155E-1,4.1527596E-1,1.1861898E0,-5.989789E-1,-1.612236E-1],"split_indices":[0,0,0,0,0,0,0,0,0],"split_type":[0,0,0,0,0,0,0,0,0],"sum_hessian":[9E0,4E0,5E0,1E0,3E0,3E0,2E0,2E0,1E0],"tree_param":{"num_deleted":"0","num_feature":"2","num_nodes":"9","size_leaf_vector":"1"}},{"base_weights":[-5.913191E-1,-1.0898344E1,8.096421E0,-1.7328533E0,-4.9586635E0,3.841303E-1,1.1071106E0,-5.590469E-1,-1.5316239E-1],"categories":[],"categories_nodes":[],"categories_segments":[],"categories_sizes":[],"default_left":[0,0,0,0,0,0,0,0,0],"id":13,"left_children":[1,3,5,-1,7,-1,-1,-1,-1],"loss_changes":[9.836852E2,1.0504004E2,3.3418335E1,0E0,9.838867E-2,0E0,0E0,0E0,0E0],"parents":[2147483647,0,0,1,1,2,2,4,4],"right_children":[2,4,6,-1,8,-1,-1,-1,-1],"split_conditions":[5.016166E-1,1.0048121E-1,8.027939E-1,-1.7328533E0,3.0063155E-1,3.841303E-1,1.1071106E0,-5.590469E-1,-1.5316239E-1],"split_indices":[0,0,0,0,0,0,0,0,0],"split_type":[0,0,0,0,0,0,0,0,0],"sum_hessian":[9E0,4E0,5E0,1E0,3E0,3E0,2E0,2E0,1E0],"tree_param":{"num_deleted":"0","num_feature":"2","num_nodes":"9","size_leaf_vector":"1"}},{"base_weights":[-6.275694E-1,-1.0297522E1,7.535319E0,-1.6462107E0,-4.6408486E-1,3.5532036E-1,1.0333034E0],"categories":[],"categories_nodes":[],"categories_segments":[],"categories_sizes":[],"default_left":[0,0,0,0,0,0,0],"id":14,"left_children":[1,3,5,-1,-1,-1,-1],"loss_changes":[8.6694257E2,9.795703E1,3.0129547E1,0E0,0E0,0E0,0E0],"parents":[2147483647,0,0,1,1,2,2],"right_children":[2,4,6,-1,-1,-1,-1],"split_conditions":[5.016166E-1,1.0048121E-1,8.027939E-1,-1.6462107E0,-4.6408486E-1,3.5532036E-1,1.0333034E0],"split_indices":[0,0,0,0,0,0,0],"split_type":[0,0,0,0,0,0,0],"sum_hessian":[9E0,4E0,5E0,1E0,3E0,3E0,2E0],"tree_param":{"num_deleted":"0","num_feature":"2","num_nodes":"7","size_leaf_vector":"1"}},{"base_weights":[-6.3698065E-1,-9.689829E0,7.013223E0,-1.5639002E0,-4.292785E0,3.2867107E-1,9.644165E-1,-4.9083805E-1,-1.2229996E-1],"categories":[],"categories_nodes":[],"categories_segments":[],"categories_sizes":[],"default_left":[0,0,0,0,0,0,0,0,0],"id":15,"left_children":[1,3,5,-1,7,-1,-1,-1,-1],"loss_changes":[7.6051825E2,9.340485E1,2.7127838E1,0E0,1.5560303E0,0E0,0E0,0E0,0E0],"parents":[2147483647,0,0,1,1,2,2,4,4],"right_children":[2,4,6,-1,8,-1,-1,-1,-1],"split_conditions":[5.016166E-1,1.0048121E-1,8.027939E-1,-1.5639002E0,3.0063155E-1,3.2867107E-1,9.644165E-1,-4.9083805E-1,-1.2229996E-1],"split_indices":[0,0,0,0,0,0,0,0,0],"split_type":[0,0,0,0,0,0,0,0,0],"sum_hessian":[9E0,4E0,5E0,1E0,3E0,3E0,2E0,2E0,1E0],"tree_param":{"num_deleted":"0","num_feature":"2","num_nodes":"9","size_leaf_vector":"1"}},{"base_weights":[-6.616789E-1,-9.156254E0,6.527414E0,-1.4857053E0,-4.016792E0,3.040205E-1,9.001221E-1,-4.5811558E-1,-1.16185E-1],"categories":[],"categories_nodes":[],"categories_segments":[],"categories_sizes":[],"default_left":[0,0,0,0,0,0,0,0,0],"id":16,"left_children":[1,3,5,-1,7,-1,-1,-1,-1],"loss_changes":[6.704496E2,8.6817474E1,2.4394516E1,0E0,1.1222839E0,0E0,0E0,0E0,0E0],"parents":[2147483647,0,0,1,1,2,2,4,4],"right_children":[2,4,6,-1,8,-1,-1,-1,-1],"split_conditions":[5.016166E-1,1.0048121E-1,8.027939E-1,-1.4857053E0,3.0063155E-1,3.040205E-1,9.001221E-1,-4.5811558E-1,-1.16185E-1],"split_indices":[0,0,0,0,0,0,0,0,0],"split_type":[0,0,0,0,0,0,0,0,0],"sum_hessian":[9E0,4E0,5E0,1E0,3E0,3E0,2E0,2E0,1E0],"tree_param":{"num_deleted":"0","num_feature":"2","num_nodes":"9","size_leaf_vector":"1"}},{"base_weights":[-6.8109894E-1,-8.652631E0,6.075361E0,-1.41142E0,-3.7586884E0,2.0035069E-1,7.610411E-1,-4.275746E-1,-1.10375784E-1],"categories":[],"categories_nodes":[],"categories_segments":[],"categories_sizes":[],"default_left":[0,0,0,0,0,0,0,0,0],"id":17,"left_children":[1,3,5,-1,7,-1,-1,-1,-1],"loss_changes":[5.9116113E2,8.059213E1,2.2255478E1,0E0,7.716179E-1,0E0,0E0,0E0,0E0],"parents":[2147483647,0,0,1,1,2,2,4,4],"right_children":[2,4,6,-1,8,-1,-1,-1,-1],"split_conditions":[5.016166E-1,1.0048121E-1,7.024046E-1,-1.41142E0,3.0063155E-1,2.0035069E-1,7.610411E-1,-4.275746E-1,-1.10375784E-1],"split_indices":[0,0,0,0,0,0,0,0,0],"split_type":[0,0,0,0,0,0,0,0,0],"sum_hessian":[9E0,4E0,5E0,1E0,3E0,2E0,3E0,2E0,1E0],"tree_param":{"num_deleted":"0","num_feature":"2","num_nodes":"9","size_leaf_vector":"1"}},{"base_weights":[-7.117861E-1,-8.177242E0,5.628058E0,-1.3408489E0,-3.5173078E0,2.5217533E0,7.8937787E-1,-3.9906967E-1,-1.04857065E-1,7.47036E-2,2.864314E-1],"categories":[],"categories_nodes":[],"categories_segments":[],"categories_sizes":[],"default_left":[0,0,0,0,0,0,0,0,0,0,0],"id":18,"left_children":[1,3,5,-1,7,9,-1,-1,-1,-1,-1],"loss_changes":[5.1932025E2,7.472455E1,2.232196E1,0E0,4.901619E-1,2.920456E-1,0E0,0E0,0E0,0E0,0E0],"parents":[2147483647,0,0,1,1,2,2,4,4,5,5],"right_children":[2,4,6,-1,8,10,-1,-1,-1,-1,-1],"split_conditions":[5.016166E-1,1.0048121E-1,8.027939E-1,-1.3408489E0,3.0063155E-1,6.032973E-1,7.8937787E-1,-3.9906967E-1,-1.04857065E-1,7.47036E-2,2.864314E-1],"split_indices":[0,0,0,0,0,0,0,0,0,0,0],"split_type":[0,0,0,0,0,0,0,0,0,0,0],"sum_hessian":[9E0,4E0,5E0,1E0,3E0,3E0,2E0,2E0,1E0,1E0,2E0],"tree_param":{"num_deleted":"0","num_feature":"2","num_nodes":"11","size_leaf_vector":"1"}},{"base_weights":[-7.1003306E-1,-7.728472E0,5.257005E0,-1.2738065E0,-3.2915578E0,2.3598614E0,7.3675287E-1,-3.7246495E-1,-9.961414E-2,7.096825E-2,2.67336E-1],"categories":[],"categories_nodes":[],"categories_segments":[],"categories_sizes":[],"default_left":[0,0,0,0,0,0,0,0,0,0,0],"id":19,"left_children":[1,3,5,-1,7,9,-1,-1,-1,-1,-1],"loss_changes":[4.5942154E2,6.920758E1,1.9300598E1,0E0,2.662239E-1,1.7207909E-1,0E0,0E0,0E0,0E0,0E0],"parents":[2147483647,0,0,1,1,2,2,4,4,5,5],"right_children":[2,4,6,-1,8,10,-1,-1,-1,-1,-1],"split_conditions":[5.016166E-1,1.0048121E-1,8.027939E-1,-1.2738065E0,3.0063155E-1,6.032973E-1,7.3675287E-1,-3.7246495E-1,-9.961414E-2,7.096825E-2,2.67336E-1],"split_indices":[0,0,0,0,0,0,0,0,0,0,0],"split_type":[0,0,0,0,0,0,0,0,0,0,0],"sum_hessian":[9E0,4E0,5E0,1E0,3E0,3E0,2E0,2E0,1E0,1E0,2E0],"tree_param":{"num_deleted":"0","num_feature":"2","num_nodes":"11","size_leaf_vector":"1"}},{"base_weights":[-7.061132E-1,-7.304803E0,4.9104805E0,-1.2101163E0,-3.0804229E0,2.2084522E0,6.8763584E-1,-3.4763405E-1,-9.463348E-2,6.741982E-2,2.4951375E-1],"categories":[],"categories_nodes":[],"categories_segments":[],"categories_sizes":[],"default_left":[0,0,0,0,0,0,0,0,0,0,0],"id":20,"left_children":[1,3,5,-1,7,9,-1,-1,-1,-1,-1],"loss_changes":[4.0649167E2,6.4031555E1,1.6685028E1,0E0,8.9912415E-2,7.717514E-2,0E0,0E0,0E0,0E0,0E0],"parents":[2147483647,0,0,1,1,2,2,4,4,5,5],"right_children":[2,4,6,-1,8,10,-1,-1,-1,-1,-1],"split_conditions":[5.016166E-1,1.0048121E-1,8.027939E-1,-1.2101163E0,3.0063155E-1,6.032973E-1,6.8763584E-1,-3.4763405E-1,-9.463348E-2,6.741982E-2,2.4951375E-1],"split_indices":[0,0,0,0,0,0,0,0,0,0,0],"split_type":[0,0,0,0,0,0,0,0,0,0,0],"sum_hessian":[9E0,4E0,5E0,1E0,3E0,3E0,2E0,2E0,1E0,1E0,2E0],"tree_param":{"num_deleted":"0","num_feature":"2","num_nodes":"11","size_leaf_vector":"1"}},{"base_weights":[-7.002834E-1,-6.9047995E0,4.5868607E0,-1.1496104E0,-2.8829476E-1,2.0668411E0,6.417933E-1,6.404877E-2,2.3287964E-1],"categories":[],"categories_nodes":[],"categories_segments":[],"categories_sizes":[],"default_left":[0,0,0,0,0,0,0,0,0],"id":21,"left_children":[1,3,5,-1,-1,7,-1,-1,-1],"loss_changes":[3.597131E2,5.9185074E1,1.4421188E1,0E0,0E0,2.998352E-3,0E0,0E0,0E0],"parents":[2147483647,0,0,1,1,2,2,5,5],"right_children":[2,4,6,-1,-1,8,-1,-1,-1],"split_conditions":[5.016166E-1,1.0048121E-1,8.027939E-1,-1.1496104E0,-2.8829476E-1,6.032973E-1,6.417933E-1,6.404877E-2,2.3287964E-1],"split_indices":[0,0,0,0,0,0,0,0,0],"split_type":[0,0,0,0,0,0,0,0,0],"sum_hessian":[9E0,4E0,5E0,1E0,3E0,3E0,2E0,1E0,2E0],"tree_param":{"num_deleted":"0","num_feature":"2","num_nodes":"9","size_leaf_vector":"1"}},{"base_weights":[-6.801729E-1,-7.7499404E0,3.4568617E0,-1.09213E0,-3.052388E-1,-9.760412E-2,4.898169E0,-7.548695E-2,6.084633E-2,2.1735433E-1,5.990072E-1],"categories":[],"categories_nodes":[],"categories_segments":[],"categories_sizes":[],"default_left":[0,0,0,0,0,0,0,0,0,0,0],"id":22,"left_children":[1,3,5,-1,-1,7,9,-1,-1,-1,-1],"loss_changes":[3.1926923E2,2.6254456E1,3.6339615E1,0E0,0E0,1.8515313E0,1.8554611E0,0E0,0E0,0E0,0E0],"parents":[2147483647,0,0,1,1,2,2,5,5,6,6],"right_children":[2,4,6,-1,-1,8,10,-1,-1,-1,-1],"split_conditions":[3.0063155E-1,1.0048121E-1,6.032973E-1,-1.09213E0,-3.052388E-1,5.016166E-1,8.027939E-1,-7.548695E-2,6.084633E-2,2.1735433E-1,5.990072E-1],"split_indices":[0,0,0,0,0,0,0,0,0,0,0],"split_type":[0,0,0,0,0,0,0,0,0,0,0],"sum_hessian":[9E0,3E0,6E0,1E0,2E0,2E0,4E0,1E0,1E0,2E0,2E0],"tree_param":{"num_deleted":"0","num_feature":"2","num_nodes":"11","size_leaf_vector":"1"}},{"base_weights":[-6.7171973E-1,-7.3242874E0,3.2257075E0,-1.0375234E0,-2.8488943E-1,-9.272385E-2,4.5716248E0,-7.171269E-2,5.7804108E-2,2.4930058E-1,6.4430505E-1],"categories":[],"categories_nodes":[],"categories_segments":[],"categories_sizes":[],"default_left":[0,0,0,0,0,0,0,0,0,0,0],"id":23,"left_children":[1,3,5,-1,-1,7,9,-1,-1,-1,-1],"loss_changes":[2.8290497E2,2.5058777E1,3.168824E1,0E0,0E0,1.6710117E0,3.3873444E0,0E0,0E0,0E0,0E0],"parents":[2147483647,0,0,1,1,2,2,5,5,6,6],"right_children":[2,4,6,-1,-1,8,10,-1,-1,-1,-1],"split_conditions":[3.0063155E-1,1.0048121E-1,6.032973E-1,-1.0375234E0,-2.8488943E-1,5.016166E-1,9.045453E-1,-7.171269E-2,5.7804108E-2,2.4930058E-1,6.4430505E-1],"split_indices":[0,0,0,0,0,0,0,0,0,0,0],"split_type":[0,0,0,0,0,0,0,0,0,0,0],"sum_hessian":[9E0,3E0,6E0,1E0,2E0,2E0,4E0,1E0,1E0,3E0,1E0],"tree_param":{"num_deleted":"0","num_feature":"2","num_nodes":"11","size_leaf_vector":"1"}},{"base_weights":[-6.48818E-1,-6.922462E0,3.0288098E0,-9.856472E-1,-2.658968E-1,-8.808645E-2,4.293185E0,-6.812706E-2,5.4914095E-2,2.3060322E-1,6.1208993E-1],"categories":[],"categories_nodes":[],"categories_segments":[],"categories_sizes":[],"default_left":[0,0,0,0,0,0,0,0,0,0,0],"id":24,"left_children":[1,3,5,-1,-1,7,9,-1,-1,-1,-1],"loss_changes":[2.5168808E2,2.3828491E1,2.7964676E1,0E0,0E0,1.5080931E0,4.044739E0,0E0,0E0,0E0,0E0],"parents":[2147483647,0,0,1,1,2,2,5,5,6,6],"right_children":[2,4,6,-1,-1,8,10,-1,-1,-1,-1],"split_conditions":[3.0063155E-1,1.0048121E-1,6.032973E-1,-9.856472E-1,-2.658968E-1,5.016166E-1,9.045453E-1,-6.812706E-2,5.4914095E-2,2.3060322E-1,6.1208993E-1],"split_indices":[0,0,0,0,0,0,0,0,0,0,0],"split_type":[0,0,0,0,0,0,0,0,0,0,0],"sum_hessian":[9E0,3E0,6E0,1E0,2E0,2E0,4E0,1E0,1E0,3E0,1E0],"tree_param":{"num_deleted":"0","num_feature":"2","num_nodes":"11","size_leaf_vector":"1"}},{"base_weights":[-6.2614405E-1,-6.5431023E0,2.844424E0,-9.363648E-1,-2.481704E-1,-8.3683014E-2,4.0324035E0,-6.472073E-2,5.2168276E-2,2.1330777E-1,5.814854E-1],"categories":[],"categories_nodes":[],"categories_segments":[],"categories_sizes":[],"default_left":[0,0,0,0,0,0,0,0,0,0,0],"id":25,"left_children":[1,3,5,-1,-1,7,9,-1,-1,-1,-1],"loss_changes":[2.2396342E2,2.2583633E1,2.468716E1,0E0,0E0,1.3610518E0,4.523735E0,0E0,0E0,0E0,0E0],"parents":[2147483647,0,0,1,1,2,2,5,5,6,6],"right_children":[2,4,6,-1,-1,8,10,-1,-1,-1,-1],"split_conditions":[3.0063155E-1,1.0048121E-1,6.032973E-1,-9.363648E-1,-2.481704E-1,5.016166E-1,9.045453E-1,-6.472073E-2,5.2168276E-2,2.1330777E-1,5.814854E-1],"split_indices":[0,0,0,0,0,0,0,0,0,0,0],"split_type":[0,0,0,0,0,0,0,0,0,0,0],"sum_hessian":[9E0,3E0,6E0,1E0,2E0,2E0,4E0,1E0,1E0,3E0,1E0],"tree_param":{"num_deleted":"0","num_feature":"2","num_nodes":"11","size_leaf_vector":"1"}},{"base_weights":[-6.0375994E-1,-6.1849265E0,2.6717296E0,-8.895466E-1,-2.3162583E-1,-7.9499565E-2,3.788121E0,-6.148472E-2,4.9559783E-2,1.973095E-1,5.5241126E-1],"categories":[],"categories_nodes":[],"categories_segments":[],"categories_sizes":[],"default_left":[0,0,0,0,0,0,0,0,0,0,0],"id":26,"left_children":[1,3,5,-1,-1,7,9,-1,-1,-1,-1],"loss_changes":[1.9933496E2,2.1340515E1,2.1801292E1,0E0,0E0,1.228348E0,4.8547516E0,0E0,0E0,0E0,0E0],"parents":[2147483647,0,0,1,1,2,2,5,5,6,6],"right_children":[2,4,6,-1,-1,8,10,-1,-1,-1,-1],"split_conditions":[3.0063155E-1,1.0048121E-1,6.032973E-1,-8.895466E-1,-2.3162583E-1,5.016166E-1,9.045453E-1,-6.148472E-2,4.9559783E-2,1.973095E-1,5.5241126E-1],"split_indices":[0,0,0,0,0,0,0,0,0,0,0],"split_type":[0,0,0,0,0,0,0,0,0,0,0],"sum_hessian":[9E0,3E0,6E0,1E0,2E0,2E0,4E0,1E0,1E0,3E0,1E0],"tree_param":{"num_deleted":"0","num_feature":"2","num_nodes":"11","size_leaf_vector":"1"}},{"base_weights":[-5.817226E-1,-5.8467274E0,2.5099547E0,-8.450692E-1,-2.1618417E-1,8.1565934E-1,4.497129E-1,-5.8410455E-2,1.3116264E-1],"categories":[],"categories_nodes":[],"categories_segments":[],"categories_sizes":[],"default_left":[0,0,0,0,0,0,0,0,0],"id":27,"left_children":[1,3,5,-1,-1,7,-1,-1,-1],"loss_changes":[1.7745197E2,2.0112198E1,1.989989E1,0E0,0E0,4.2373114E0,0E0,0E0,0E0],"parents":[2147483647,0,0,1,1,2,2,5,5],"right_children":[2,4,6,-1,-1,8,-1,-1,-1],"split_conditions":[3.0063155E-1,1.0048121E-1,8.027939E-1,-8.450692E-1,-2.1618417E-1,5.016166E-1,4.497129E-1,-5.8410455E-2,1.3116264E-1],"split_indices":[0,0,0,0,0,0,0,0,0],"split_type":[0,0,0,0,0,0,0,0,0],"sum_hessian":[9E0,3E0,6E0,1E0,2E0,4E0,2E0,1E0,3E0],"tree_param":{"num_deleted":"0","num_feature":"2","num_nodes":"9","size_leaf_vector":"1"}},{"base_weights":[-5.7743037E-1,-6.7288246E0,1.8015213E0,-8.0281574E-1,-2.0650797E-1,-5.5558205E-1,3.3268998E0,-1.0109329E-1,4.052353E-2,1.6471004E-1,5.0230485E-1],"categories":[],"categories_nodes":[],"categories_segments":[],"categories_sizes":[],"default_left":[0,0,0,0,0,0,0,0,0,0,0],"id":28,"left_children":[1,3,5,-1,-1,7,9,-1,-1,-1,-1],"loss_changes":[1.5846082E2,1.6004944E0,3.061216E1,0E0,0E0,2.1597018E0,5.9724846E0,0E0,0E0,0E0,0E0],"parents":[2147483647,0,0,1,1,2,2,5,5,6,6],"right_children":[2,4,6,-1,-1,8,10,-1,-1,-1,-1],"split_conditions":[2.002366E-1,1.0048121E-1,6.032973E-1,-8.0281574E-1,-2.0650797E-1,5.016166E-1,9.045453E-1,-1.0109329E-1,4.052353E-2,1.6471004E-1,5.0230485E-1],"split_indices":[0,0,0,0,0,0,0,0,0,0,0],"split_type":[0,0,0,0,0,0,0,0,0,0,0],"sum_hessian":[9E0,2E0,7E0,1E0,1E0,3E0,4E0,2E0,1E0,3E0,1E0],"tree_param":{"num_deleted":"0","num_feature":"2","num_nodes":"11","size_leaf_vector":"1"}},{"base_weights":[-5.5997574E-1,-6.392383E0,1.6971741E0,-7.62675E-1,-1.9618253E-1,-5.1516724E-1,3.1276124E0,-9.435374E-2,3.849716E-2,1.5235673E-1,4.7718963E-1],"categories":[],"categories_nodes":[],"categories_segments":[],"categories_sizes":[],"default_left":[0,0,0,0,0,0,0,0,0,0,0],"id":29,"left_children":[1,3,5,-1,-1,7,9,-1,-1,-1,-1],"loss_changes":[1.4249516E2,1.4444504E0,2.6928183E1,0E0,0E0,1.9056057E0,5.917225E0,0E0,0E0,0E0,0E0],"parents":[2147483647,0,0,1,1,2,2,5,5,6,6],"right_children":[2,4,6,-1,-1,8,10,-1,-1,-1,-1],"split_conditions":[2.002366E-1,1.0048121E-1,6.032973E-1,-7.62675E-1,-1.9618253E-1,5.016166E-1,9.045453E-1,-9.435374E-2,3.849716E-2,1.5235673E-1,4.7718963E-1],"split_indices":[0,0,0,0,0,0,0,0,0,0,0],"split_type":[0,0,0,0,0,0,0,0,0,0,0],"sum_hessian":[9E0,2E0,7E0,1E0,1E0,3E0,4E0,2E0,1E0,3E0,1E0],"tree_param":{"num_deleted":"0","num_feature":"2","num_nodes":"11","size_leaf_vector":"1"}},{"base_weights":[-5.424957E-1,-6.072764E0,1.5991669E0,-7.245412E-1,-1.8637343E-1,-4.7761536E-1,2.9407592E0,-8.806356E-2,3.6572266E-2,1.409298E-1,4.5333025E-1],"categories":[],"categories_nodes":[],"categories_segments":[],"categories_sizes":[],"default_left":[0,0,0,0,0,0,0,0,0,0,0],"id":30,"left_children":[1,3,5,-1,-1,7,9,-1,-1,-1,-1],"loss_changes":[1.2815103E2,1.3036194E0,2.3694113E1,0E0,0E0,1.6815974E0,5.8058167E0,0E0,0E0,0E0,0E0],"parents":[2147483647,0,0,1,1,2,2,5,5,6,6],"right_children":[2,4,6,-1,-1,8,10,-1,-1,-1,-1],"split_conditions":[2.002366E-1,1.0048121E-1,6.032973E-1,-7.245412E-1,-1.8637343E-1,5.016166E-1,9.045453E-1,-8.806356E-2,3.6572266E-2,1.409298E-1,4.5333025E-1],"split_indices":[0,0,0,0,0,0,0,0,0,0,0],"split_type":[0,0,0,0,0,0,0,0,0,0,0],"sum_hessian":[9E0,2E0,7E0,1E0,1E0,3E0,4E0,2E0,1E0,3E0,1E0],"tree_param":{"num_deleted":"0","num_feature":"2","num_nodes":"11","size_leaf_vector":"1"}},{"base_weights":[-5.250614E-1,-5.7691255E0,1.5070953E0,-6.8831414E-1,-1.7705469E-1,-4.4272804E-1,2.7655349E0,-8.219274E-2,3.47435E-2,1.3036004E-1,4.3066368E-1],"categories":[],"categories_nodes":[],"categories_segments":[],"categories_sizes":[],"default_left":[0,0,0,0,0,0,0,0,0,0,0],"id":31,"left_children":[1,3,5,-1,-1,7,9,-1,-1,-1,-1],"loss_changes":[1.1526222E2,1.1765213E0,2.0854258E1,0E0,0E0,1.4840835E0,5.6508217E0,0E0,0E0,0E0,0E0],"parents":[2147483647,0,0,1,1,2,2,5,5,6,6],"right_children":[2,4,6,-1,-1,8,10,-1,-1,-1,-1],"split_conditions":[2.002366E-1,1.0048121E-1,6.032973E-1,-6.8831414E-1,-1.7705469E-1,5.016166E-1,9.045453E-1,-8.219274E-2,3.47435E-2,1.3036004E-1,4.3066368E-1],"split_indices":[0,0,0,0,0,0,0,0,0,0,0],"split_type":[0,0,0,0,0,0,0,0,0,0,0],"sum_hessian":[9E0,2E0,7E0,1E0,1E0,3E0,4E0,2E0,1E0,3E0,1E0],"tree_param":{"num_deleted":"0","num_feature":"2","num_nodes":"11","size_leaf_vector":"1"}},{"base_weights":[-5.07736E-1,-5.480669E0,1.4205809E0,-6.538984E-1,-1.6820192E-1,4.5457676E-1,4.0913048E-1,-7.671331E-2,1.0966873E0,3.3006288E-2,1.20582774E-1],"categories":[],"categories_nodes":[],"categories_segments":[],"categories_sizes":[],"default_left":[0,0,0,0,0,0,0,0,0,0,0],"id":32,"left_children":[1,3,5,-1,-1,7,-1,-1,9,-1,-1],"loss_changes":[1.0367964E2,1.0618134E0,1.877963E1,0E0,0E0,6.332615E0,0E0,0E0,2.0349503E-2,0E0,0E0],"parents":[2147483647,0,0,1,1,2,2,5,5,8,8],"right_children":[2,4,6,-1,-1,8,-1,-1,10,-1,-1],"split_conditions":[2.002366E-1,1.0048121E-1,9.045453E-1,-6.538984E-1,-1.6820192E-1,5.016166E-1,4.0913048E-1,-7.671331E-2,6.032973E-1,3.3006288E-2,1.20582774E-1],"split_indices":[0,0,0,0,0,0,0,0,0,0,0],"split_type":[0,0,0,0,0,0,0,0,0,0,0],"sum_hessian":[9E0,2E0,7E0,1E0,1E0,6E0,1E0,2E0,4E0,1E0,3E0],"tree_param":{"num_deleted":"0","num_feature":"2","num_nodes":"11","size_leaf_vector":"1"}},{"base_weights":[-4.9057198E-1,-5.206636E0,1.3392735E0,-6.2120354E-1,-1.5979186E-1,4.201017E-1,3.8867378E-1,-7.159907E-2,1.0177368E-1],"categories":[],"categories_nodes":[],"categories_segments":[],"categories_sizes":[],"default_left":[0,0,0,0,0,0,0,0,0],"id":33,"left_children":[1,3,5,-1,-1,7,-1,-1,-1],"loss_changes":[9.326979E1,9.582825E-1,1.7099632E1,0E0,0E0,5.4814706E0,0E0,0E0,0E0],"parents":[2147483647,0,0,1,1,2,2,5,5],"right_children":[2,4,6,-1,-1,8,-1,-1,-1],"split_conditions":[2.002366E-1,1.0048121E-1,9.045453E-1,-6.2120354E-1,-1.5979186E-1,5.016166E-1,3.8867378E-1,-7.159907E-2,1.0177368E-1],"split_indices":[0,0,0,0,0,0,0,0,0],"split_type":[0,0,0,0,0,0,0,0,0],"sum_hessian":[9E0,2E0,7E0,1E0,1E0,6E0,1E0,2E0,4E0],"tree_param":{"num_deleted":"0","num_feature":"2","num_nodes":"9","size_leaf_vector":"1"}},{"base_weights":[-4.7773066E-1,-4.946305E0,1.2577009E0,-5.901434E-1,-1.5180235E-1,3.824005E-1,3.692402E-1,-6.682587E-2,9.363159E-1,2.6267244E-2,1.0390587E-1],"categories":[],"categories_nodes":[],"categories_segments":[],"categories_sizes":[],"default_left":[0,0,0,0,0,0,0,0,0,0,0],"id":34,"left_children":[1,3,5,-1,-1,7,-1,-1,9,-1,-1],"loss_changes":[8.377002E1,8.6483E-1,1.5636783E1,0E0,0E0,4.699535E0,0E0,0E0,7.31287E-2,0E0,0E0],"parents":[2147483647,0,0,1,1,2,2,5,5,8,8],"right_children":[2,4,6,-1,-1,8,-1,-1,10,-1,-1],"split_conditions":[2.002366E-1,1.0048121E-1,9.045453E-1,-5.901434E-1,-1.5180235E-1,5.016166E-1,3.692402E-1,-6.682587E-2,6.032973E-1,2.6267244E-2,1.0390587E-1],"split_indices":[0,0,0,0,0,0,0,0,0,0,0],"split_type":[0,0,0,0,0,0,0,0,0,0,0],"sum_hessian":[9E0,2E0,7E0,1E0,1E0,6E0,1E0,2E0,4E0,1E0,3E0],"tree_param":{"num_deleted":"0","num_feature":"2","num_nodes":"11","size_leaf_vector":"1"}},{"base_weights":[-4.6089315E-1,-4.6989894E0,1.1860046E0,-5.606362E-1,-1.4421225E-1,3.5321045E-1,3.507782E-1,-6.2370807E-2,8.6871946E-1,2.4953842E-2,9.611302E-2],"categories":[],"categories_nodes":[],"categories_segments":[],"categories_sizes":[],"default_left":[0,0,0,0,0,0,0,0,0,0,0],"id":35,"left_children":[1,3,5,-1,-1,7,-1,-1,9,-1,-1],"loss_changes":[7.537014E1,7.8050995E-1,1.4229516E1,0E0,0E0,4.0670996E0,0E0,0E0,4.6255827E-2,0E0,0E0],"parents":[2147483647,0,0,1,1,2,2,5,5,8,8],"right_children":[2,4,6,-1,-1,8,-1,-1,10,-1,-1],"split_conditions":[2.002366E-1,1.0048121E-1,9.045453E-1,-5.606362E-1,-1.4421225E-1,5.016166E-1,3.507782E-1,-6.2370807E-2,6.032973E-1,2.4953842E-2,9.611302E-2],"split_indices":[0,0,0,0,0,0,0,0,0,0,0],"split_type":[0,0,0,0,0,0,0,0,0,0,0],"sum_hessian":[9E0,2E0,7E0,1E0,1E0,6E0,1E0,2E0,4E0,1E0,3E0],"tree_param":{"num_deleted":"0","num_feature":"2","num_nodes":"11","size_leaf_vector":"1"}},{"base_weights":[-4.4434214E-1,-4.4640403E0,1.1185875E0,-5.326044E-1,-1.3700171E-1,3.2627323E-1,3.3323938E-1,-5.8212787E-2,8.0605924E-1,2.3706054E-2,8.890438E-2],"categories":[],"categories_nodes":[],"categories_segments":[],"categories_sizes":[],"default_left":[0,0,0,0,0,0,0,0,0,0,0],"id":36,"left_children":[1,3,5,-1,-1,7,-1,-1,9,-1,-1],"loss_changes":[6.781848E1,7.0440674E-1,1.294497E1,0E0,0E0,3.5200968E0,0E0,0E0,2.5333405E-2,0E0,0E0],"parents":[2147483647,0,0,1,1,2,2,5,5,8,8],"right_children":[2,4,6,-1,-1,8,-1,-1,10,-1,-1],"split_conditions":[2.002366E-1,1.0048121E-1,9.045453E-1,-5.326044E-1,-1.3700171E-1,5.016166E-1,3.3323938E-1,-5.8212787E-2,6.032973E-1,2.3706054E-2,8.890438E-2],"split_indices":[0,0,0,0,0,0,0,0,0,0,0],"split_type":[0,0,0,0,0,0,0,0,0,0,0],"sum_hessian":[9E0,2E0,7E0,1E0,1E0,6E0,1E0,2E0,4E0,1E0,3E0],"tree_param":{"num_deleted":"0","num_feature":"2","num_nodes":"11","size_leaf_vector":"1"}},{"base_weights":[-4.2810488E-1,-4.2408385E0,1.0551834E0,-5.059742E-1,-1.3015166E-1,3.0141667E-1,3.1657752E-1,-5.433197E-2,7.479752E-1,2.2520829E-2,8.223648E-2],"categories":[],"categories_nodes":[],"categories_segments":[],"categories_sizes":[],"default_left":[0,0,0,0,0,0,0,0,0,0,0],"id":37,"left_children":[1,3,5,-1,-1,7,-1,-1,9,-1,-1],"loss_changes":[6.1028694E1,6.357231E-1,1.1772933E1,0E0,0E0,3.046959E0,0E0,0E0,9.238958E-3,0E0,0E0],"parents":[2147483647,0,0,1,1,2,2,5,5,8,8],"right_children":[2,4,6,-1,-1,8,-1,-1,10,-1,-1],"split_conditions":[2.002366E-1,1.0048121E-1,9.045453E-1,-5.059742E-1,-1.3015166E-1,5.016166E-1,3.1657752E-1,-5.433197E-2,6.032973E-1,2.2520829E-2,8.223648E-2],"split_indices":[0,0,0,0,0,0,0,0,0,0,0],"split_type":[0,0,0,0,0,0,0,0,0,0,0],"sum_hessian":[9E0,2E0,7E0,1E0,1E0,6E0,1E0,2E0,4E0,1E0,3E0],"tree_param":{"num_deleted":"0","num_feature":"2","num_nodes":"11","size_leaf_vector":"1"}},{"base_weights":[-4.1220674E-1,-4.0287976E0,9.955406E-1,-4.8067546E-1,-1.23644166E-1,2.7847835E-1,3.0074883E-1,-5.070979E-2,6.941284E-2],"categories":[],"categories_nodes":[],"categories_segments":[],"categories_sizes":[],"default_left":[0,0,0,0,0,0,0,0,0],"id":38,"left_children":[1,3,5,-1,-1,7,-1,-1,-1],"loss_changes":[5.4923298E1,5.7372284E-1,1.0704013E1,0E0,0E0,2.6376648E0,0E0,0E0,0E0],"parents":[2147483647,0,0,1,1,2,2,5,5],"right_children":[2,4,6,-1,-1,8,-1,-1,-1],"split_conditions":[2.002366E-1,1.0048121E-1,9.045453E-1,-4.8067546E-1,-1.23644166E-1,5.016166E-1,3.0074883E-1,-5.070979E-2,6.941284E-2],"split_indices":[0,0,0,0,0,0,0,0,0],"split_type":[0,0,0,0,0,0,0,0,0],"sum_hessian":[9E0,2E0,7E0,1E0,1E0,6E0,1E0,2E0,4E0],"tree_param":{"num_deleted":"0","num_feature":"2","num_nodes":"9","size_leaf_vector":"1"}},{"base_weights":[-3.994728E-1,-3.827357E0,9.3591785E-1,-4.5664167E-1,-1.17461875E-1,2.5330243E-1,2.857113E-1,-4.7329202E-2,6.385986E-1,1.7924119E-2,7.086277E-2],"categories":[],"categories_nodes":[],"categories_segments":[],"categories_sizes":[],"default_left":[0,0,0,0,0,0,0,0,0,0,0],"id":39,"left_children":[1,3,5,-1,-1,7,-1,-1,9,-1,-1],"loss_changes":[4.9357735E1,5.1779556E-1,9.767784E0,0E0,0E0,2.2619224E0,0E0,0E0,3.382659E-2,0E0,0E0],"parents":[2147483647,0,0,1,1,2,2,5,5,8,8],"right_children":[2,4,6,-1,-1,8,-1,-1,10,-1,-1],"split_conditions":[2.002366E-1,1.0048121E-1,9.045453E-1,-4.5664167E-1,-1.17461875E-1,5.016166E-1,2.857113E-1,-4.7329202E-2,6.032973E-1,1.7924119E-2,7.086277E-2],"split_indices":[0,0,0,0,0,0,0,0,0,0,0],"split_type":[0,0,0,0,0,0,0,0,0,0,0],"sum_hessian":[9E0,2E0,7E0,1E0,1E0,6E0,1E0,2E0,4E0,1E0,3E0],"tree_param":{"num_deleted":"0","num_feature":"2","num_nodes":"11","size_leaf_vector":"1"}},{"base_weights":[-3.842186E-1,-3.635989E0,8.832226E-1,-4.3380958E-1,-1.1158877E-1,2.3389544E-1,2.7142563E-1,-4.417394E-1,5.924972E-1,-5.3460505E-2,-1.2800408E-2,1.7028047E-2,6.554814E-2],"categories":[],"categories_nodes":[],"categories_segments":[],"categories_sizes":[],"default_left":[0,0,0,0,0,0,0,0,0,0,0,0,0],"id":40,"left_children":[1,3,5,-1,-1,7,-1,9,11,-1,-1,-1,-1],"loss_changes":[4.4425663E1,4.6731567E-1,8.876667E0,0E0,0E0,1.9577165E0,0E0,1.8974066E-2,2.1349072E-2,0E0,0E0,0E0,0E0],"parents":[2147483647,0,0,1,1,2,2,5,5,7,7,8,8],"right_children":[2,4,6,-1,-1,8,-1,10,12,-1,-1,-1,-1],"split_conditions":[2.002366E-1,1.0048121E-1,9.045453E-1,-4.3380958E-1,-1.1158877E-1,5.016166E-1,2.7142563E-1,3.0063155E-1,6.032973E-1,-5.3460505E-2,-1.2800408E-2,1.7028047E-2,6.554814E-2],"split_indices":[0,0,0,0,0,0,0,0,0,0,0,0,0],"split_type":[0,0,0,0,0,0,0,0,0,0,0,0,0],"sum_hessian":[9E0,2E0,7E0,1E0,1E0,6E0,1E0,2E0,4E0,1E0,1E0,1E0,3E0],"tree_param":{"num_deleted":"0","num_feature":"2","num_nodes":"13","size_leaf_vector":"1"}},{"base_weights":[-3.7156352E-1,-3.45419E0,8.308668E-1,-4.1211912E-1,-1.0600939E-1,2.1283504E-1,2.5785446E-1,-4.196523E-1,5.4976046E-1,-5.0787546E-2,-1.2160301E-2,1.6176606E-2,6.0631752E-2],"categories":[],"categories_nodes":[],"categories_segments":[],"categories_sizes":[],"default_left":[0,0,0,0,0,0,0,0,0,0,0,0,0],"id":41,"left_children":[1,3,5,-1,-1,7,-1,9,11,-1,-1,-1,-1],"loss_changes":[3.9936405E1,4.217415E-1,8.092158E0,0E0,0E0,1.7224157E0,0E0,1.7125309E-2,1.16375685E-2,0E0,0E0,0E0,0E0],"parents":[2147483647,0,0,1,1,2,2,5,5,7,7,8,8],"right_children":[2,4,6,-1,-1,8,-1,10,12,-1,-1,-1,-1],"split_conditions":[2.002366E-1,1.0048121E-1,9.045453E-1,-4.1211912E-1,-1.0600939E-1,5.016166E-1,2.5785446E-1,3.0063155E-1,6.032973E-1,-5.0787546E-2,-1.2160301E-2,1.6176606E-2,6.0631752E-2],"split_indices":[0,0,0,0,0,0,0,0,0,0,0,0,0],"split_type":[0,0,0,0,0,0,0,0,0,0,0,0,0],"sum_hessian":[9E0,2E0,7E0,1E0,1E0,6E0,1E0,2E0,4E0,1E0,1E0,1E0,3E0],"tree_param":{"num_deleted":"0","num_feature":"2","num_nodes":"13","size_leaf_vector":"1"}},{"base_weights":[-3.5904807E-1,-3.28148E0,7.8174496E-1,-3.9151317E-1,-1.00708865E-1,1.9353268E-1,2.4496154E-1,-3.9866892E-1,5.101471E-1,-4.82481E-2,-1.1552239E-2,1.536789E-2,5.6084443E-2],"categories":[],"categories_nodes":[],"categories_segments":[],"categories_sizes":[],"default_left":[0,0,0,0,0,0,0,0,0,0,0,0,0],"id":42,"left_children":[1,3,5,-1,-1,7,-1,9,11,-1,-1,-1,-1],"loss_changes":[3.5904182E1,3.806305E-1,7.374415E0,0E0,0E0,1.5158767E0,0E0,1.5455961E-2,4.17006E-3,0E0,0E0,0E0,0E0],"parents":[2147483647,0,0,1,1,2,2,5,5,7,7,8,8],"right_children":[2,4,6,-1,-1,8,-1,10,12,-1,-1,-1,-1],"split_conditions":[2.002366E-1,1.0048121E-1,9.045453E-1,-3.9151317E-1,-1.00708865E-1,5.016166E-1,2.4496154E-1,3.0063155E-1,6.032973E-1,-4.82481E-2,-1.1552239E-2,1.536789E-2,5.6084443E-2],"split_indices":[0,0,0,0,0,0,0,0,0,0,0,0,0],"split_type":[0,0,0,0,0,0,0,0,0,0,0,0,0],"sum_hessian":[9E0,2E0,7E0,1E0,1E0,6E0,1E0,2E0,4E0,1E0,1E0,1E0,3E0],"tree_param":{"num_deleted":"0","num_feature":"2","num_nodes":"13","size_leaf_vector":"1"}},{"base_weights":[-3.4670416E-1,-3.1174064E0,7.356472E-1,-3.7193748E-1,-9.5673464E-2,1.7584446E-1,2.3271333E-1,-3.7873587E-1,4.7342378E-1,-4.5835685E-2,-1.0974693E-2,2.0937348E-2,5.7966616E-2],"categories":[],"categories_nodes":[],"categories_segments":[],"categories_sizes":[],"default_left":[0,0,0,0,0,0,0,0,0,0,0,0,0],"id":43,"left_children":[1,3,5,-1,-1,7,-1,9,11,-1,-1,-1,-1],"loss_changes":[3.2282047E1,3.435135E-1,6.718132E0,0E0,0E0,1.3345239E0,0E0,1.3948232E-2,1.8900037E-2,0E0,0E0,0E0,0E0],"parents":[2147483647,0,0,1,1,2,2,5,5,7,7,8,8],"right_children":[2,4,6,-1,-1,8,-1,10,12,-1,-1,-1,-1],"split_conditions":[2.002366E-1,1.0048121E-1,9.045453E-1,-3.7193748E-1,-9.5673464E-2,5.016166E-1,2.3271333E-1,3.0063155E-1,7.024046E-1,-4.5835685E-2,-1.0974693E-2,2.0937348E-2,5.7966616E-2],"split_indices":[0,0,0,0,0,0,0,0,0,0,0,0,0],"split_type":[0,0,0,0,0,0,0,0,0,0,0,0,0],"sum_hessian":[9E0,2E0,7E0,1E0,1E0,6E0,1E0,2E0,4E0,1E0,1E0,2E0,2E0],"tree_param":{"num_deleted":"0","num_feature":"2","num_nodes":"13","size_leaf_vector":"1"}},{"base_weights":[-3.3331376E-1,-2.9615364E0,6.9393396E-1,-3.5334063E-1,-9.0889834E-2,1.6141674E-1,2.2107773E-1,-3.5979843E-1,4.418625E-1,-4.3543816E-2,-1.04259495E-2,1.9541677E-2,5.410207E-2],"categories":[],"categories_nodes":[],"categories_segments":[],"categories_sizes":[],"default_left":[0,0,0,0,0,0,0,0,0,0,0,0,0],"id":44,"left_children":[1,3,5,-1,-1,7,-1,9,11,-1,-1,-1,-1],"loss_changes":[2.9053467E1,3.1001854E-1,6.1051044E0,0E0,0E0,1.1821895E0,0E0,1.2588084E-2,1.6461074E-2,0E0,0E0,0E0,0E0],"parents":[2147483647,0,0,1,1,2,2,5,5,7,7,8,8],"right_children":[2,4,6,-1,-1,8,-1,10,12,-1,-1,-1,-1],"split_conditions":[2.002366E-1,1.0048121E-1,9.045453E-1,-3.5334063E-1,-9.0889834E-2,5.016166E-1,2.2107773E-1,3.0063155E-1,7.024046E-1,-4.3543816E-2,-1.04259495E-2,1.9541677E-2,5.410207E-2],"split_indices":[0,0,0,0,0,0,0,0,0,0,0,0,0],"split_type":[0,0,0,0,0,0,0,0,0,0,0,0,0],"sum_hessian":[9E0,2E0,7E0,1E0,1E0,6E0,1E0,2E0,4E0,1E0,1E0,2E0,2E0],"tree_param":{"num_deleted":"0","num_feature":"2","num_nodes":"13","size_leaf_vector":"1"}},{"base_weights":[-3.2032925E-1,-2.8134599E0,6.546359E-1,-3.356736E-1,-8.634539E-2,1.480871E-1,2.1002388E-1,-3.4180832E-1,4.1240692E-1,-4.1366577E-2,-9.9046705E-3,1.8239086E-2,5.0495405E-2],"categories":[],"categories_nodes":[],"categories_segments":[],"categories_sizes":[],"default_left":[0,0,0,0,0,0,0,0,0,0,0,0,0],"id":45,"left_children":[1,3,5,-1,-1,7,-1,9,11,-1,-1,-1,-1],"loss_changes":[2.6148945E1,2.7979088E-1,5.547129E0,0E0,0E0,1.0473875E0,0E0,1.13604665E-2,1.4337659E-2,0E0,0E0,0E0,0E0],"parents":[2147483647,0,0,1,1,2,2,5,5,7,7,8,8],"right_children":[2,4,6,-1,-1,8,-1,10,12,-1,-1,-1,-1],"split_conditions":[2.002366E-1,1.0048121E-1,9.045453E-1,-3.356736E-1,-8.634539E-2,5.016166E-1,2.1002388E-1,3.0063155E-1,7.024046E-1,-4.1366577E-2,-9.9046705E-3,1.8239086E-2,5.0495405E-2],"split_indices":[0,0,0,0,0,0,0,0,0,0,0,0,0],"split_type":[0,0,0,0,0,0,0,0,0,0,0,0,0],"sum_hessian":[9E0,2E0,7E0,1E0,1E0,6E0,1E0,2E0,4E0,1E0,1E0,2E0,2E0],"tree_param":{"num_deleted":"0","num_feature":"2","num_nodes":"13","size_leaf_vector":"1"}},{"base_weights":[-3.077507E-1,-2.6727867E0,6.1760664E-1,-3.1888992E-1,-8.2028106E-2,1.3577107E-1,1.9952278E-1,-3.2471848E-1,3.8491058E-1,-3.9298248E-2,-9.409524E-3,1.702296E-2,4.7128808E-2],"categories":[],"categories_nodes":[],"categories_segments":[],"categories_sizes":[],"default_left":[0,0,0,0,0,0,0,0,0,0,0,0,0],"id":46,"left_children":[1,3,5,-1,-1,7,-1,9,11,-1,-1,-1,-1],"loss_changes":[2.3535765E1,2.5251007E-1,5.0394015E0,0E0,0E0,9.280705E-1,0E0,1.0252029E-2,1.2490809E-2,0E0,0E0,0E0,0E0],"parents":[2147483647,0,0,1,1,2,2,5,5,7,7,8,8],"right_children":[2,4,6,-1,-1,8,-1,10,12,-1,-1,-1,-1],"split_conditions":[2.002366E-1,1.0048121E-1,9.045453E-1,-3.1888992E-1,-8.2028106E-2,5.016166E-1,1.9952278E-1,3.0063155E-1,7.024046E-1,-3.9298248E-2,-9.409524E-3,1.702296E-2,4.7128808E-2],"split_indices":[0,0,0,0,0,0,0,0,0,0,0,0,0],"split_type":[0,0,0,0,0,0,0,0,0,0,0,0,0],"sum_hessian":[9E0,2E0,7E0,1E0,1E0,6E0,1E0,2E0,4E0,1E0,1E0,2E0,2E0],"tree_param":{"num_deleted":"0","num_feature":"2","num_nodes":"13","size_leaf_vector":"1"}},{"base_weights":[-2.9556996E-1,-2.5391476E0,5.827179E-1,-3.029454E-1,-7.792673E-2,1.2440164E-1,1.8954659E-1,-3.0848184E-1,3.592514E-1,-3.73333E-2,-8.93898E-3,1.5888214E-2,4.398702E-2],"categories":[],"categories_nodes":[],"categories_segments":[],"categories_sizes":[],"default_left":[0,0,0,0,0,0,0,0,0,0,0,0,0],"id":47,"left_children":[1,3,5,-1,-1,7,-1,9,11,-1,-1,-1,-1],"loss_changes":[2.1184677E1,2.278881E-1,4.5774307E0,0E0,0E0,8.2246065E-1,0E0,9.252936E-3,1.0880113E-2,0E0,0E0,0E0,0E0],"parents":[2147483647,0,0,1,1,2,2,5,5,7,7,8,8],"right_children":[2,4,6,-1,-1,8,-1,10,12,-1,-1,-1,-1],"split_conditions":[2.002366E-1,1.0048121E-1,9.045453E-1,-3.029454E-1,-7.792673E-2,5.016166E-1,1.8954659E-1,3.0063155E-1,7.024046E-1,-3.73333E-2,-8.93898E-3,1.5888214E-2,4.398702E-2],"split_indices":[0,0,0,0,0,0,0,0,0,0,0,0,0],"split_type":[0,0,0,0,0,0,0,0,0,0,0,0,0],"sum_hessian":[9E0,2E0,7E0,1E0,1E0,6E0,1E0,2E0,4E0,1E0,1E0,2E0,2E0],"tree_param":{"num_deleted":"0","num_feature":"2","num_nodes":"13","size_leaf_vector":"1"}},{"base_weights":[-2.837843E-1,-2.4121902E0,5.498409E-1,-2.8779814E-1,-7.40304E-2,1.1390577E-1,1.8006936E-1,-2.9305777E-1,3.3530274E-1,-3.5466578E-2,-8.492089E-3,1.48289995E-2,4.105479E-2],"categories":[],"categories_nodes":[],"categories_segments":[],"categories_sizes":[],"default_left":[0,0,0,0,0,0,0,0,0,0,0,0,0],"id":48,"left_children":[1,3,5,-1,-1,7,-1,9,11,-1,-1,-1,-1],"loss_changes":[1.9069248E1,2.056675E-1,4.157216E0,0E0,0E0,7.2896653E-1,0E0,8.350134E-3,9.478867E-3,0E0,0E0,0E0,0E0],"parents":[2147483647,0,0,1,1,2,2,5,5,7,7,8,8],"right_children":[2,4,6,-1,-1,8,-1,10,12,-1,-1,-1,-1],"split_conditions":[2.002366E-1,1.0048121E-1,9.045453E-1,-2.8779814E-1,-7.40304E-2,5.016166E-1,1.8006936E-1,3.0063155E-1,7.024046E-1,-3.5466578E-2,-8.492089E-3,1.48289995E-2,4.105479E-2],"split_indices":[0,0,0,0,0,0,0,0,0,0,0,0,0],"split_type":[0,0,0,0,0,0,0,0,0,0,0,0,0],"sum_hessian":[9E0,2E0,7E0,1E0,1E0,6E0,1E0,2E0,4E0,1E0,1E0,2E0,2E0],"tree_param":{"num_deleted":"0","num_feature":"2","num_nodes":"13","size_leaf_vector":"1"}},{"base_weights":[-2.723896E-1,-2.2915802E0,5.188556E-1,-2.7340823E-1,-7.032881E-2,1.0421807E-1,1.7106591E-1,-2.7840552E-1,3.129486E-1,-3.3693314E-2,-8.067513E-3,1.384023E-2,3.831787E-2],"categories":[],"categories_nodes":[],"categories_segments":[],"categories_sizes":[],"default_left":[0,0,0,0,0,0,0,0,0,0,0,0,0],"id":49,"left_children":[1,3,5,-1,-1,7,-1,9,11,-1,-1,-1,-1],"loss_changes":[1.7165749E1,1.8561935E-1,3.7750497E0,0E0,0E0,6.461832E-1,0E0,7.5359493E-3,8.259177E-3,0E0,0E0,0E0,0E0],"parents":[2147483647,0,0,1,1,2,2,5,5,7,7,8,8],"right_children":[2,4,6,-1,-1,8,-1,10,12,-1,-1,-1,-1],"split_conditions":[2.002366E-1,1.0048121E-1,9.045453E-1,-2.7340823E-1,-7.032881E-2,5.016166E-1,1.7106591E-1,3.0063155E-1,7.024046E-1,-3.3693314E-2,-8.067513E-3,1.384023E-2,3.831787E-2],"split_indices":[0,0,0,0,0,0,0,0,0,0,0,0,0],"split_type":[0,0,0,0,0,0,0,0,0,0,0,0,0],"sum_hessian":[9E0,2E0,7E0,1E0,1E0,6E0,1E0,2E0,4E0,1E0,1E0,2E0,2E0],"tree_param":{"num_deleted":"0","num_feature":"2","num_nodes":"13","size_leaf_vector":"1"}},{"base_weights":[-2.61377E-1,-2.1770008E0,4.8965406E-1,-2.5973782E-1,-6.681233E-2,9.5282964E-2,1.6251259E-1,-2.644844E-1,2.9208678E-1,-3.2008555E-2,-7.664108E-3,1.2917583E-2,3.576355E-2],"categories":[],"categories_nodes":[],"categories_segments":[],"categories_sizes":[],"default_left":[0,0,0,0,0,0,0,0,0,0,0,0,0],"id":50,"left_children":[1,3,5,-1,-1,7,-1,9,11,-1,-1,-1,-1],"loss_changes":[1.5452908E1,1.6752434E-1,3.4275312E0,0E0,0E0,5.728775E-1,0E0,6.801218E-3,7.195145E-3,0E0,0E0,0E0,0E0],"parents":[2147483647,0,0,1,1,2,2,5,5,7,7,8,8],"right_children":[2,4,6,-1,-1,8,-1,10,12,-1,-1,-1,-1],"split_conditions":[2.002366E-1,1.0048121E-1,9.045453E-1,-2.5973782E-1,-6.681233E-2,5.016166E-1,1.6251259E-1,3.0063155E-1,7.024046E-1,-3.2008555E-2,-7.664108E-3,1.2917583E-2,3.576355E-2],"split_indices":[0,0,0,0,0,0,0,0,0,0,0,0,0],"split_type":[0,0,0,0,0,0,0,0,0,0,0,0,0],"sum_hessian":[9E0,2E0,7E0,1E0,1E0,6E0,1E0,2E0,4E0,1E0,1E0,2E0,2E0],"tree_param":{"num_deleted":"0","num_feature":"2","num_nodes":"13","size_leaf_vector":"1"}},{"base_weights":[-2.5074267E-1,-2.0681508E0,4.6212816E-1,-2.467509E-1,-6.34717E-2,8.7041035E-2,1.5438691E-1,-2.5126013E-1,2.7261353E-1,-3.0408097E-2,-7.280922E-3,1.2056478E-2,3.337911E-2],"categories":[],"categories_nodes":[],"categories_segments":[],"categories_sizes":[],"default_left":[0,0,0,0,0,0,0,0,0,0,0,0,0],"id":51,"left_children":[1,3,5,-1,-1,7,-1,9,11,-1,-1,-1,-1],"loss_changes":[1.3911522E1,1.5119171E-1,3.1115966E0,0E0,0E0,5.0795263E-1,0E0,6.1378777E-3,6.266415E-3,0E0,0E0,0E0,0E0],"parents":[2147483647,0,0,1,1,2,2,5,5,7,7,8,8],"right_children":[2,4,6,-1,-1,8,-1,10,12,-1,-1,-1,-1],"split_conditions":[2.002366E-1,1.0048121E-1,9.045453E-1,-2.467509E-1,-6.34717E-2,5.016166E-1,1.5438691E-1,3.0063155E-1,7.024046E-1,-3.0408097E-2,-7.280922E-3,1.2056478E-2,3.337911E-2],"split_indices":[0,0,0,0,0,0,0,0,0,0,0,0,0],"split_type":[0,0,0,0,0,0,0,0,0,0,0,0,0],"sum_hessian":[9E0,2E0,7E0,1E0,1E0,6E0,1E0,2E0,4E0,1E0,1E0,2E0,2E0],"tree_param":{"num_deleted":"0","num_feature":"2","num_nodes":"13","size_leaf_vector":"1"}},{"base_weights":[-2.4047704E-1,-1.9647435E0,4.361825E-1,-2.3441337E-1,-6.0298156E-2,7.944434E-2,1.4666748E-1,-2.3869705E-1,2.544403E-1,-2.8887749E-2,-6.9168094E-3,1.1252848E-2,3.115387E-2],"categories":[],"categories_nodes":[],"categories_segments":[],"categories_sizes":[],"default_left":[0,0,0,0,0,0,0,0,0,0,0,0,0],"id":52,"left_children":[1,3,5,-1,-1,7,-1,9,11,-1,-1,-1,-1],"loss_changes":[1.25244E1,1.364479E-1,2.8244085E0,0E0,0E0,4.5044836E-1,0E0,5.5400133E-3,5.4576993E-3,0E0,0E0,0E0,0E0],"parents":[2147483647,0,0,1,1,2,2,5,5,7,7,8,8],"right_children":[2,4,6,-1,-1,8,-1,10,12,-1,-1,-1,-1],"split_conditions":[2.002366E-1,1.0048121E-1,9.045453E-1,-2.3441337E-1,-6.0298156E-2,5.016166E-1,1.4666748E-1,3.0063155E-1,7.024046E-1,-2.8887749E-2,-6.9168094E-3,1.1252848E-2,3.115387E-2],"split_indices":[0,0,0,0,0,0,0,0,0,0,0,0,0],"split_type":[0,0,0,0,0,0,0,0,0,0,0,0,0],"sum_hessian":[9E0,2E0,7E0,1E0,1E0,6E0,1E0,2E0,4E0,1E0,1E0,2E0,2E0],"tree_param":{"num_deleted":"0","num_feature":"2","num_nodes":"13","size_leaf_vector":"1"}},{"base_weights":[-2.3057294E-1,-1.8665061E0,4.117236E-1,-2.2269271E-1,-5.728321E-2,7.244383E-2,1.3933411E-1,-2.2676213E-1,2.3747864E-1,-2.7443314E-2,-6.571007E-3,1.0502624E-2,2.9077148E-2],"categories":[],"categories_nodes":[],"categories_segments":[],"categories_sizes":[],"default_left":[0,0,0,0,0,0,0,0,0,0,0,0,0],"id":53,"left_children":[1,3,5,-1,-1,7,-1,9,11,-1,-1,-1,-1],"loss_changes":[1.1276027E1,1.2314606E-1,2.5634046E0,0E0,0E0,3.9950696E-1,0E0,4.9995184E-3,4.755199E-3,0E0,0E0,0E0,0E0],"parents":[2147483647,0,0,1,1,2,2,5,5,7,7,8,8],"right_children":[2,4,6,-1,-1,8,-1,10,12,-1,-1,-1,-1],"split_conditions":[2.002366E-1,1.0048121E-1,9.045453E-1,-2.2269271E-1,-5.728321E-2,5.016166E-1,1.3933411E-1,3.0063155E-1,7.024046E-1,-2.7443314E-2,-6.571007E-3,1.0502624E-2,2.9077148E-2],"split_indices":[0,0,0,0,0,0,0,0,0,0,0,0,0],"split_type":[0,0,0,0,0,0,0,0,0,0,0,0,0],"sum_hessian":[9E0,2E0,7E0,1E0,1E0,6E0,1E0,2E0,4E0,1E0,1E0,2E0,2E0],"tree_param":{"num_deleted":"0","num_feature":"2","num_nodes":"13","size_leaf_vector":"1"}},{"base_weights":[-2.210236E-1,-1.7731808E0,3.886633E-1,-2.1155809E-1,-5.441904E-2,6.599426E-2,1.3236733E-1,-2.1542358E-1,2.2164612E-1,-2.6071167E-2,-6.2423707E-3,9.8022465E-3,2.7138773E-2],"categories":[],"categories_nodes":[],"categories_segments":[],"categories_sizes":[],"default_left":[0,0,0,0,0,0,0,0,0,0,0,0,0],"id":54,"left_children":[1,3,5,-1,-1,7,-1,9,11,-1,-1,-1,-1],"loss_changes":[1.015247E1,1.1114025E-1,2.326235E0,0E0,0E0,3.5437027E-1,0E0,4.512623E-3,4.1441023E-3,0E0,0E0,0E0,0E0],"parents":[2147483647,0,0,1,1,2,2,5,5,7,7,8,8],"right_children":[2,4,6,-1,-1,8,-1,10,12,-1,-1,-1,-1],"split_conditions":[2.002366E-1,1.0048121E-1,9.045453E-1,-2.1155809E-1,-5.441904E-2,5.016166E-1,1.3236733E-1,3.0063155E-1,7.024046E-1,-2.6071167E-2,-6.2423707E-3,9.8022465E-3,2.7138773E-2],"split_indices":[0,0,0,0,0,0,0,0,0,0,0,0,0],"split_type":[0,0,0,0,0,0,0,0,0,0,0,0,0],"sum_hessian":[9E0,2E0,7E0,1E0,1E0,6E0,1E0,2E0,4E0,1E0,1E0,2E0,2E0],"tree_param":{"num_deleted":"0","num_feature":"2","num_nodes":"13","size_leaf_vector":"1"}},{"base_weights":[-2.1182021E-1,-1.684522E0,3.6692047E-1,-2.0098019E-1,-5.1698115E-2,6.0055323E-2,1.2574883E-1,-2.0465343E-1,2.0686951E-1,-2.4767686E-2,-5.9303283E-3,5.757904E-3,2.2979736E-2],"categories":[],"categories_nodes":[],"categories_segments":[],"categories_sizes":[],"default_left":[0,0,0,0,0,0,0,0,0,0,0,0,0],"id":55,"left_children":[1,3,5,-1,-1,7,-1,9,11,-1,-1,-1,-1],"loss_changes":[9.141211E0,1.00302696E-1,2.1107545E0,0E0,0E0,3.1437752E-1,0E0,4.0723383E-3,3.883049E-3,0E0,0E0,0E0,0E0],"parents":[2147483647,0,0,1,1,2,2,5,5,7,7,8,8],"right_children":[2,4,6,-1,-1,8,-1,10,12,-1,-1,-1,-1],"split_conditions":[2.002366E-1,1.0048121E-1,9.045453E-1,-2.0098019E-1,-5.1698115E-2,5.016166E-1,1.2574883E-1,3.0063155E-1,6.032973E-1,-2.4767686E-2,-5.9303283E-3,5.757904E-3,2.2979736E-2],"split_indices":[0,0,0,0,0,0,0,0,0,0,0,0,0],"split_type":[0,0,0,0,0,0,0,0,0,0,0,0,0],"sum_hessian":[9E0,2E0,7E0,1E0,1E0,6E0,1E0,2E0,4E0,1E0,1E0,1E0,3E0],"tree_param":{"num_deleted":"0","num_feature":"2","num_nodes":"13","size_leaf_vector":"1"}},{"base_weights":[-2.0352697E-1,-1.6002957E0,3.4570217E-1,-1.9093119E-1,-4.911318E-2,5.3769793E-2,1.1946144E-1,-1.9441986E-1,1.9192962E-1,-2.3529245E-2,-5.6337356E-3,8.190664E-3,2.3797607E-2],"categories":[],"categories_nodes":[],"categories_segments":[],"categories_sizes":[],"default_left":[0,0,0,0,0,0,0,0,0,0,0,0,0],"id":56,"left_children":[1,3,5,-1,-1,7,-1,9,11,-1,-1,-1,-1],"loss_changes":[8.224687E0,9.052467E-2,1.9183657E0,0E0,0E0,2.773438E-1,0E0,3.6756098E-3,5.83902E-3,0E0,0E0,0E0,0E0],"parents":[2147483647,0,0,1,1,2,2,5,5,7,7,8,8],"right_children":[2,4,6,-1,-1,8,-1,10,12,-1,-1,-1,-1],"split_conditions":[2.002366E-1,1.0048121E-1,9.045453E-1,-1.9093119E-1,-4.911318E-2,5.016166E-1,1.1946144E-1,3.0063155E-1,7.024046E-1,-2.3529245E-2,-5.6337356E-3,8.190664E-3,2.3797607E-2],"split_indices":[0,0,0,0,0,0,0,0,0,0,0,0,0],"split_type":[0,0,0,0,0,0,0,0,0,0,0,0,0],"sum_hessian":[9E0,2E0,7E0,1E0,1E0,6E0,1E0,2E0,4E0,1E0,1E0,2E0,2E0],"tree_param":{"num_deleted":"0","num_feature":"2","num_nodes":"13","size_leaf_vector":"1"}},{"base_weights":[-1.9495042E-1,-1.5202812E0,3.2641745E-1,-1.8138462E-1,-4.6657562E-2,4.8795972E-2,1.1348839E-1,-1.8469875E-1,1.7913361E-1,-2.235279E-2,-5.3520203E-3,9.7640995E-3,2.5255203E-2],"categories":[],"categories_nodes":[],"categories_segments":[],"categories_sizes":[],"default_left":[0,0,0,0,0,0,0,0,0,0,0,0,0],"id":57,"left_children":[1,3,5,-1,-1,7,-1,9,11,-1,-1,-1,-1],"loss_changes":[7.4060955E0,8.169651E-2,1.7402034E0,0E0,0E0,2.461178E-1,0E0,3.3174008E-3,5.255863E-3,0E0,0E0,0E0,0E0],"parents":[2147483647,0,0,1,1,2,2,5,5,7,7,8,8],"right_children":[2,4,6,-1,-1,8,-1,10,12,-1,-1,-1,-1],"split_conditions":[2.002366E-1,1.0048121E-1,9.045453E-1,-1.8138462E-1,-4.6657562E-2,5.016166E-1,1.1348839E-1,3.0063155E-1,8.027939E-1,-2.235279E-2,-5.3520203E-3,9.7640995E-3,2.5255203E-2],"split_indices":[0,0,0,0,0,0,0,0,0,0,0,0,0],"split_type":[0,0,0,0,0,0,0,0,0,0,0,0,0],"sum_hessian":[9E0,2E0,7E0,1E0,1E0,6E0,1E0,2E0,4E0,1E0,1E0,3E0,1E0],"tree_param":{"num_deleted":"0","num_feature":"2","num_nodes":"13","size_leaf_vector":"1"}},{"base_weights":[-1.8617932E-1,-1.4442672E0,3.0887604E-1,-1.723154E-1,-4.4324685E-2,4.4961113E-2,1.0781403E-1,-1.7546336E-1,1.6822357E-1,-2.1235084E-2,-5.084419E-3,9.031678E-3,2.3992538E-2],"categories":[],"categories_nodes":[],"categories_segments":[],"categories_sizes":[],"default_left":[0,0,0,0,0,0,0,0,0,0,0,0,0],"id":58,"left_children":[1,3,5,-1,-1,7,-1,9,11,-1,-1,-1,-1],"loss_changes":[6.674331E0,7.3730946E-2,1.5756881E0,0E0,0E0,2.197075E-1,0E0,2.993852E-3,6.261006E-3,0E0,0E0,0E0,0E0],"parents":[2147483647,0,0,1,1,2,2,5,5,7,7,8,8],"right_children":[2,4,6,-1,-1,8,-1,10,12,-1,-1,-1,-1],"split_conditions":[2.002366E-1,1.0048121E-1,9.045453E-1,-1.723154E-1,-4.4324685E-2,5.016166E-1,1.0781403E-1,3.0063155E-1,8.027939E-1,-2.1235084E-2,-5.084419E-3,9.031678E-3,2.3992538E-2],"split_indices":[0,0,0,0,0,0,0,0,0,0,0,0,0],"split_type":[0,0,0,0,0,0,0,0,0,0,0,0,0],"sum_hessian":[9E0,2E0,7E0,1E0,1E0,6E0,1E0,2E0,4E0,1E0,1E0,3E0,1E0],"tree_param":{"num_deleted":"0","num_feature":"2","num_nodes":"13","size_leaf_vector":"1"}},{"base_weights":[-1.7777367E-1,-1.3720537E0,2.923031E-1,-1.6369963E-1,-4.2108443E-2,4.1422162E-2,1.0242348E-1,-1.6668956E-1,1.5800476E-1,-2.0173265E-2,-4.83017E-3,8.354187E-3,2.2792816E-2],"categories":[],"categories_nodes":[],"categories_segments":[],"categories_sizes":[],"default_left":[0,0,0,0,0,0,0,0,0,0,0,0,0],"id":59,"left_children":[1,3,5,-1,-1,7,-1,9,11,-1,-1,-1,-1],"loss_changes":[6.0150886E0,6.654358E-2,1.4265957E0,0E0,0E0,1.9617318E-1,0E0,2.7019903E-3,6.991945E-3,0E0,0E0,0E0,0E0],"parents":[2147483647,0,0,1,1,2,2,5,5,7,7,8,8],"right_children":[2,4,6,-1,-1,8,-1,10,12,-1,-1,-1,-1],"split_conditions":[2.002366E-1,1.0048121E-1,9.045453E-1,-1.6369963E-1,-4.2108443E-2,5.016166E-1,1.0242348E-1,3.0063155E-1,8.027939E-1,-2.0173265E-2,-4.83017E-3,8.354187E-3,2.2792816E-2],"split_indices":[0,0,0,0,0,0,0,0,0,0,0,0,0],"split_type":[0,0,0,0,0,0,0,0,0,0,0,0,0],"sum_hessian":[9E0,2E0,7E0,1E0,1E0,6E0,1E0,2E0,4E0,1E0,1E0,3E0,1E0],"tree_param":{"num_deleted":"0","num_feature":"2","num_nodes":"13","size_leaf_vector":"1"}},{"base_weights":[-1.6972108E-1,-1.3034511E0,2.766428E-1,-1.5551464E-1,-4.0003013E-2,3.815678E-2,9.730225E-2,-1.5835571E-1,1.4843293E-1,-1.9164657E-2,-4.5886994E-3,7.727623E-3,2.1652985E-2],"categories":[],"categories_nodes":[],"categories_segments":[],"categories_sizes":[],"default_left":[0,0,0,0,0,0,0,0,0,0,0,0,0],"id":60,"left_children":[1,3,5,-1,-1,7,-1,9,11,-1,-1,-1,-1],"loss_changes":[5.421151E0,6.0055256E-2,1.291487E0,0E0,0E0,1.7519967E-1,0E0,2.4384633E-3,7.49515E-3,0E0,0E0,0E0,0E0],"parents":[2147483647,0,0,1,1,2,2,5,5,7,7,8,8],"right_children":[2,4,6,-1,-1,8,-1,10,12,-1,-1,-1,-1],"split_conditions":[2.002366E-1,1.0048121E-1,9.045453E-1,-1.5551464E-1,-4.0003013E-2,5.016166E-1,9.730225E-2,3.0063155E-1,8.027939E-1,-1.9164657E-2,-4.5886994E-3,7.727623E-3,2.1652985E-2],"split_indices":[0,0,0,0,0,0,0,0,0,0,0,0,0],"split_type":[0,0,0,0,0,0,0,0,0,0,0,0,0],"sum_hessian":[9E0,2E0,7E0,1E0,1E0,6E0,1E0,2E0,4E0,1E0,1E0,3E0,1E0],"tree_param":{"num_deleted":"0","num_feature":"2","num_nodes":"13","size_leaf_vector":"1"}},{"base_weights":[-1.6200824E-1,-1.2382785E0,2.6184416E-1,-1.4773892E-1,-3.8002875E-2,3.5144806E-2,9.2436984E-2,-1.5043767E-1,1.3946533E-1,-1.8206406E-2,-4.3592453E-3,7.14798E-3,2.0570373E-2],"categories":[],"categories_nodes":[],"categories_segments":[],"categories_sizes":[],"default_left":[0,0,0,0,0,0,0,0,0,0,0,0,0],"id":61,"left_children":[1,3,5,-1,-1,7,-1,9,11,-1,-1,-1,-1],"loss_changes":[4.8860335E0,5.419922E-2,1.1690662E0,0E0,0E0,1.5650126E-1,0E0,2.20076E-3,7.812604E-3,0E0,0E0,0E0,0E0],"parents":[2147483647,0,0,1,1,2,2,5,5,7,7,8,8],"right_children":[2,4,6,-1,-1,8,-1,10,12,-1,-1,-1,-1],"split_conditions":[2.002366E-1,1.0048121E-1,9.045453E-1,-1.4773892E-1,-3.8002875E-2,5.016166E-1,9.2436984E-2,3.0063155E-1,8.027939E-1,-1.8206406E-2,-4.3592453E-3,7.14798E-3,2.0570373E-2],"split_indices":[0,0,0,0,0,0,0,0,0,0,0,0,0],"split_type":[0,0,0,0,0,0,0,0,0,0,0,0,0],"sum_hessian":[9E0,2E0,7E0,1E0,1E0,6E0,1E0,2E0,4E0,1E0,1E0,3E0,1E0],"tree_param":{"num_deleted":"0","num_feature":"2","num_nodes":"13","size_leaf_vector":"1"}},{"base_weights":[-1.5462264E-1,-1.1763649E0,2.4785852E-1,-1.4035197E-1,-3.610277E-2,3.2366615E-2,8.78151E-2,-1.4291508E-1,1.3106231E-1,-1.729603E-2,-4.1412353E-3,6.611824E-3,1.9541932E-2],"categories":[],"categories_nodes":[],"categories_segments":[],"categories_sizes":[],"default_left":[0,0,0,0,0,0,0,0,0,0,0,0,0],"id":62,"left_children":[1,3,5,-1,-1,7,-1,9,11,-1,-1,-1,-1],"loss_changes":[4.403892E0,4.891348E-2,1.0581605E0,0E0,0E0,1.3982764E-1,0E0,1.98631E-3,7.977247E-3,0E0,0E0,0E0,0E0],"parents":[2147483647,0,0,1,1,2,2,5,5,7,7,8,8],"right_children":[2,4,6,-1,-1,8,-1,10,12,-1,-1,-1,-1],"split_conditions":[2.002366E-1,1.0048121E-1,9.045453E-1,-1.4035197E-1,-3.610277E-2,5.016166E-1,8.78151E-2,3.0063155E-1,8.027939E-1,-1.729603E-2,-4.1412353E-3,6.611824E-3,1.9541932E-2],"split_indices":[0,0,0,0,0,0,0,0,0,0,0,0,0],"split_type":[0,0,0,0,0,0,0,0,0,0,0,0,0],"sum_hessian":[9E0,2E0,7E0,1E0,1E0,6E0,1E0,2E0,4E0,1E0,1E0,3E0,1E0],"tree_param":{"num_deleted":"0","num_feature":"2","num_nodes":"13","size_leaf_vector":"1"}},{"base_weights":[-1.4755309E-1,-1.1175468E0,2.3463869E-1,-1.3333437E-1,-3.4297656E-2,2.980314E-2,8.342438E-2,-1.3576889E-1,1.2318573E-1,-1.6431237E-2,-3.9340975E-3,6.115723E-3,1.8564988E-2],"categories":[],"categories_nodes":[],"categories_segments":[],"categories_sizes":[],"default_left":[0,0,0,0,0,0,0,0,0,0,0,0,0],"id":63,"left_children":[1,3,5,-1,-1,7,-1,9,11,-1,-1,-1,-1],"loss_changes":[3.9694557E0,4.4143915E-2,9.577004E-1,0E0,0E0,1.249556E-1,0E0,1.7929561E-3,8.018956E-3,0E0,0E0,0E0,0E0],"parents":[2147483647,0,0,1,1,2,2,5,5,7,7,8,8],"right_children":[2,4,6,-1,-1,8,-1,10,12,-1,-1,-1,-1],"split_conditions":[2.002366E-1,1.0048121E-1,9.045453E-1,-1.3333437E-1,-3.4297656E-2,5.016166E-1,8.342438E-2,3.0063155E-1,8.027939E-1,-1.6431237E-2,-3.9340975E-3,6.115723E-3,1.8564988E-2],"split_indices":[0,0,0,0,0,0,0,0,0,0,0,0,0],"split_type":[0,0,0,0,0,0,0,0,0,0,0,0,0],"sum_hessian":[9E0,2E0,7E0,1E0,1E0,6E0,1E0,2E0,4E0,1E0,1E0,3E0,1E0],"tree_param":{"num_deleted":"0","num_feature":"2","num_nodes":"13","size_leaf_vector":"1"}},{"base_weights":[-1.4078817E-1,-1.0616693E0,2.2214079E-1,-1.2666765E-1,-3.258276E-2,2.7438028E-2,7.925301E-2,-1.2898128E-1,1.15802005E-1,-1.5609741E-2,-3.7374496E-3,3.9934795E-3,1.5306855E-2],"categories":[],"categories_nodes":[],"categories_segments":[],"categories_sizes":[],"default_left":[0,0,0,0,0,0,0,0,0,0,0,0,0],"id":64,"left_children":[1,3,5,-1,-1,7,-1,9,11,-1,-1,-1,-1],"loss_changes":[3.5779848E0,3.9839983E-2,8.667055E-1,0E0,0E0,1.11689106E-1,0E0,1.6180053E-3,8.023776E-3,0E0,0E0,0E0,0E0],"parents":[2147483647,0,0,1,1,2,2,5,5,7,7,8,8],"right_children":[2,4,6,-1,-1,8,-1,10,12,-1,-1,-1,-1],"split_conditions":[2.002366E-1,1.0048121E-1,9.045453E-1,-1.2666765E-1,-3.258276E-2,5.016166E-1,7.925301E-2,3.0063155E-1,7.024046E-1,-1.5609741E-2,-3.7374496E-3,3.9934795E-3,1.5306855E-2],"split_indices":[0,0,0,0,0,0,0,0,0,0,0,0,0],"split_type":[0,0,0,0,0,0,0,0,0,0,0,0,0],"sum_hessian":[9E0,2E0,7E0,1E0,1E0,6E0,1E0,2E0,4E0,1E0,1E0,2E0,2E0],"tree_param":{"num_deleted":"0","num_feature":"2","num_nodes":"13","size_leaf_vector":"1"}},{"base_weights":[-1.3471262E-1,-1.0085857E0,2.0982885E-1,-1.2033426E-1,-3.09536E-2,2.4689266E-2,7.52903E-2,-1.2253189E-1,1.08084105E-1,-1.4829255E-2,-3.5505295E-3,5.074692E-3,1.6871644E-2],"categories":[],"categories_nodes":[],"categories_segments":[],"categories_sizes":[],"default_left":[0,0,0,0,0,0,0,0,0,0,0,0,0],"id":65,"left_children":[1,3,5,-1,-1,7,-1,9,11,-1,-1,-1,-1],"loss_changes":[3.2224853E0,3.595662E-2,7.8576756E-1,0E0,0E0,9.9186145E-2,0E0,1.4604144E-3,8.820597E-3,0E0,0E0,0E0,0E0],"parents":[2147483647,0,0,1,1,2,2,5,5,7,7,8,8],"right_children":[2,4,6,-1,-1,8,-1,10,12,-1,-1,-1,-1],"split_conditions":[2.002366E-1,1.0048121E-1,9.045453E-1,-1.2033426E-1,-3.09536E-2,5.016166E-1,7.52903E-2,3.0063155E-1,8.027939E-1,-1.4829255E-2,-3.5505295E-3,5.074692E-3,1.6871644E-2],"split_indices":[0,0,0,0,0,0,0,0,0,0,0,0,0],"split_type":[0,0,0,0,0,0,0,0,0,0,0,0,0],"sum_hessian":[9E0,2E0,7E0,1E0,1E0,6E0,1E0,2E0,4E0,1E0,1E0,3E0,1E0],"tree_param":{"num_deleted":"0","num_feature":"2","num_nodes":"13","size_leaf_vector":"1"}},{"base_weights":[-1.2848346E-1,-9.5815617E-1,1.9870424E-1,-1.1431755E-1,-2.940588E-2,2.2730691E-2,7.152595E-2,-1.1640549E-1,1.0166626E-1,-1.4087868E-2,-3.3729554E-3,4.694176E-3,1.6028214E-2],"categories":[],"categories_nodes":[],"categories_segments":[],"categories_sizes":[],"default_left":[0,0,0,0,0,0,0,0,0,0,0,0,0],"id":66,"left_children":[1,3,5,-1,-1,7,-1,9,11,-1,-1,-1,-1],"loss_changes":[2.9049766E0,3.2451868E-2,7.109422E-1,0E0,0E0,8.871407E-2,0E0,1.3182573E-3,8.514702E-3,0E0,0E0,0E0,0E0],"parents":[2147483647,0,0,1,1,2,2,5,5,7,7,8,8],"right_children":[2,4,6,-1,-1,8,-1,10,12,-1,-1,-1,-1],"split_conditions":[2.002366E-1,1.0048121E-1,9.045453E-1,-1.1431755E-1,-2.940588E-2,5.016166E-1,7.152595E-2,3.0063155E-1,8.027939E-1,-1.4087868E-2,-3.3729554E-3,4.694176E-3,1.6028214E-2],"split_indices":[0,0,0,0,0,0,0,0,0,0,0,0,0],"split_type":[0,0,0,0,0,0,0,0,0,0,0,0,0],"sum_hessian":[9E0,2E0,7E0,1E0,1E0,6E0,1E0,2E0,4E0,1E0,1E0,3E0,1E0],"tree_param":{"num_deleted":"0","num_feature":"2","num_nodes":"13","size_leaf_vector":"1"}},{"base_weights":[-1.2252827E-1,-9.1024846E-1,1.8818283E-1,-1.0860167E-1,-2.79356E-2,-2.63443E-2,5.5450946E-1,-1.1058553E-1,4.34227E-3,1.5226746E-2,6.7949675E-2,-1.3383484E-2,-3.2043457E-3],"categories":[],"categories_nodes":[],"categories_segments":[],"categories_sizes":[],"default_left":[0,0,0,0,0,0,0,0,0,0,0,0,0],"id":67,"left_children":[1,3,5,-1,-1,7,9,11,-1,-1,-1,-1,-1],"loss_changes":[2.6188273E0,2.92871E-2,6.433042E-1,0E0,0E0,4.0065467E-2,4.736018E-2,1.1896156E-3,0E0,0E0,0E0,0E0,0E0],"parents":[2147483647,0,0,1,1,2,2,5,5,6,6,7,7],"right_children":[2,4,6,-1,-1,8,10,12,-1,-1,-1,-1,-1],"split_conditions":[2.002366E-1,1.0048121E-1,8.027939E-1,-1.0860167E-1,-2.79356E-2,5.016166E-1,9.045453E-1,3.0063155E-1,4.34227E-3,1.5226746E-2,6.7949675E-2,-1.3383484E-2,-3.2043457E-3],"split_indices":[0,0,0,0,0,0,0,0,0,0,0,0,0],"split_type":[0,0,0,0,0,0,0,0,0,0,0,0,0],"sum_hessian":[9E0,2E0,7E0,1E0,1E0,5E0,2E0,2E0,3E0,1E0,1E0,1E0,1E0],"tree_param":{"num_deleted":"0","num_feature":"2","num_nodes":"13","size_leaf_vector":"1"}},{"base_weights":[-1.1683588E-1,-8.6473626E-1,1.7823124E-1,-1.0317159E-1,-2.6538849E-2,-2.5750479E-2,5.2678424E-1,-1.0505676E-1,4.0166858E-3,1.4465332E-2,6.455231E-2,-1.2714386E-2,-3.0441284E-3],"categories":[],"categories_nodes":[],"categories_segments":[],"categories_sizes":[],"default_left":[0,0,0,0,0,0,0,0,0,0,0,0,0],"id":68,"left_children":[1,3,5,-1,-1,7,9,11,-1,-1,-1,-1,-1],"loss_changes":[2.3609312E0,2.6430845E-2,5.823525E-1,0E0,0E0,3.558575E-2,4.274428E-2,1.0736957E-3,0E0,0E0,0E0,0E0,0E0],"parents":[2147483647,0,0,1,1,2,2,5,5,6,6,7,7],"right_children":[2,4,6,-1,-1,8,10,12,-1,-1,-1,-1,-1],"split_conditions":[2.002366E-1,1.0048121E-1,8.027939E-1,-1.0317159E-1,-2.6538849E-2,5.016166E-1,9.045453E-1,3.0063155E-1,4.0166858E-3,1.4465332E-2,6.455231E-2,-1.2714386E-2,-3.0441284E-3],"split_indices":[0,0,0,0,0,0,0,0,0,0,0,0,0],"split_type":[0,0,0,0,0,0,0,0,0,0,0,0,0],"sum_hessian":[9E0,2E0,7E0,1E0,1E0,5E0,2E0,2E0,3E0,1E0,1E0,1E0,1E0],"tree_param":{"num_deleted":"0","num_feature":"2","num_nodes":"13","size_leaf_vector":"1"}},{"base_weights":[-1.11394666E-1,-8.214994E-1,1.6881895E-1,-9.8013006E-2,-2.5211906E-2,-2.513059E-2,5.0044507E-1,-9.9803925E-2,3.7157058E-3,1.3742066E-2,6.1324693E-2,-1.2078667E-2,-2.8919221E-3],"categories":[],"categories_nodes":[],"categories_segments":[],"categories_sizes":[],"default_left":[0,0,0,0,0,0,0,0,0,0,0,0,0],"id":69,"left_children":[1,3,5,-1,-1,7,9,11,-1,-1,-1,-1,-1],"loss_changes":[2.128495E0,2.3854017E-2,5.271263E-1,0E0,0E0,3.161578E-2,3.857678E-2,9.690095E-4,0E0,0E0,0E0,0E0,0E0],"parents":[2147483647,0,0,1,1,2,2,5,5,6,6,7,7],"right_children":[2,4,6,-1,-1,8,10,12,-1,-1,-1,-1,-1],"split_conditions":[2.002366E-1,1.0048121E-1,8.027939E-1,-9.8013006E-2,-2.5211906E-2,5.016166E-1,9.045453E-1,3.0063155E-1,3.7157058E-3,1.3742066E-2,6.1324693E-2,-1.2078667E-2,-2.8919221E-3],"split_indices":[0,0,0,0,0,0,0,0,0,0,0,0,0],"split_type":[0,0,0,0,0,0,0,0,0,0,0,0,0],"sum_hessian":[9E0,2E0,7E0,1E0,1E0,5E0,2E0,2E0,3E0,1E0,1E0,1E0,1E0],"tree_param":{"num_deleted":"0","num_feature":"2","num_nodes":"13","size_leaf_vector":"1"}},{"base_weights":[-1.0619656E-1,-7.8042465E-1,1.5991354E-1,-9.311236E-2,-2.395134E-2,-2.4493536E-2,4.754232E-1,-9.48143E-2,3.4370422E-2,1.3055039E-2,5.825844E-2,-1.14748E-2,-2.747345E-3,1.0307312E-3,3.895569E-3],"categories":[],"categories_nodes":[],"categories_segments":[],"categories_sizes":[],"default_left":[0,0,0,0,0,0,0,0,0,0,0,0,0,0,0],"id":70,"left_children":[1,3,5,-1,-1,7,9,11,13,-1,-1,-1,-1,-1,-1],"loss_changes":[1.9189895E0,2.1527648E-2,4.7710243E-1,0E0,0E0,2.8094959E-2,3.4814358E-2,8.7453425E-4,3.9814506E-5,0E0,0E0,0E0,0E0,0E0,0E0],"parents":[2147483647,0,0,1,1,2,2,5,5,6,6,7,7,8,8],"right_children":[2,4,6,-1,-1,8,10,12,14,-1,-1,-1,-1,-1,-1],"split_conditions":[2.002366E-1,1.0048121E-1,8.027939E-1,-9.311236E-2,-2.395134E-2,5.016166E-1,9.045453E-1,3.0063155E-1,6.032973E-1,1.3055039E-2,5.825844E-2,-1.14748E-2,-2.747345E-3,1.0307312E-3,3.895569E-3],"split_indices":[0,0,0,0,0,0,0,0,0,0,0,0,0,0,0],"split_type":[0,0,0,0,0,0,0,0,0,0,0,0,0,0,0],"sum_hessian":[9E0,2E0,7E0,1E0,1E0,5E0,2E0,2E0,3E0,1E0,1E0,1E0,1E0,1E0,2E0],"tree_param":{"num_deleted":"0","num_feature":"2","num_nodes":"15","size_leaf_vector":"1"}},{"base_weights":[-1.01082064E-1,-7.4140364E-1,1.516738E-1,-8.845674E-2,-2.275381E-2,-2.3594538E-2,4.5165253E-1,-9.0073906E-2,3.216362E-2,1.2402344E-2,5.5345535E-2,-1.090107E-2,-2.610016E-3,9.792328E-4,3.635661E-3],"categories":[],"categories_nodes":[],"categories_segments":[],"categories_sizes":[],"default_left":[0,0,0,0,0,0,0,0,0,0,0,0,0,0,0],"id":71,"left_children":[1,3,5,-1,-1,7,9,11,13,-1,-1,-1,-1,-1,-1],"loss_changes":[1.7309018E0,1.9427896E-2,4.3127066E-1,0E0,0E0,2.5137704E-2,3.1419277E-2,7.8917854E-4,1.9194558E-5,0E0,0E0,0E0,0E0,0E0,0E0],"parents":[2147483647,0,0,1,1,2,2,5,5,6,6,7,7,8,8],"right_children":[2,4,6,-1,-1,8,10,12,14,-1,-1,-1,-1,-1,-1],"split_conditions":[2.002366E-1,1.0048121E-1,8.027939E-1,-8.845674E-2,-2.275381E-2,5.016166E-1,9.045453E-1,3.0063155E-1,6.032973E-1,1.2402344E-2,5.5345535E-2,-1.090107E-2,-2.610016E-3,9.792328E-4,3.635661E-3],"split_indices":[0,0,0,0,0,0,0,0,0,0,0,0,0,0,0],"split_type":[0,0,0,0,0,0,0,0,0,0,0,0,0,0,0],"sum_hessian":[9E0,2E0,7E0,1E0,1E0,5E0,2E0,2E0,3E0,1E0,1E0,1E0,1E0,1E0,2E0],"tree_param":{"num_deleted":"0","num_feature":"2","num_nodes":"15","size_leaf_vector":"1"}},{"base_weights":[-9.621016E-2,-7.043332E-1,1.4386225E-1,-8.40339E-2,-2.1616077E-2,-2.271843E-2,4.2906952E-1,-8.5570015E-2,3.0099869E-2,1.1782074E-2,5.2578356E-2,-1.0355949E-2,-2.4795532E-3,9.304047E-4,3.3930463E-3],"categories":[],"categories_nodes":[],"categories_segments":[],"categories_sizes":[],"default_left":[0,0,0,0,0,0,0,0,0,0,0,0,0,0,0],"id":72,"left_children":[1,3,5,-1,-1,7,9,11,13,-1,-1,-1,-1,-1,-1],"loss_changes":[1.5612624E0,1.7534614E-2,3.8982794E-1,0E0,0E0,2.2493929E-2,2.8358161E-2,7.120911E-4,2.95043E-6,0E0,0E0,0E0,0E0,0E0,0E0],"parents":[2147483647,0,0,1,1,2,2,5,5,6,6,7,7,8,8],"right_children":[2,4,6,-1,-1,8,10,12,14,-1,-1,-1,-1,-1,-1],"split_conditions":[2.002366E-1,1.0048121E-1,8.027939E-1,-8.40339E-2,-2.1616077E-2,5.016166E-1,9.045453E-1,3.0063155E-1,6.032973E-1,1.1782074E-2,5.2578356E-2,-1.0355949E-2,-2.4795532E-3,9.304047E-4,3.3930463E-3],"split_indices":[0,0,0,0,0,0,0,0,0,0,0,0,0,0,0],"split_type":[0,0,0,0,0,0,0,0,0,0,0,0,0,0,0],"sum_hessian":[9E0,2E0,7E0,1E0,1E0,5E0,2E0,2E0,3E0,1E0,1E0,1E0,1E0,1E0,2E0],"tree_param":{"num_deleted":"0","num_feature":"2","num_nodes":"15","size_leaf_vector":"1"}},{"base_weights":[-9.156978E-2,-6.6911656E-1,1.3645649E-1,-7.983221E-2,-2.0535279E-2,-2.1865845E-2,4.0761566E-1,-8.12912E-2,2.8169632E-3,1.11930845E-2,4.9949266E-2,-9.838104E-3,-2.3555756E-3],"categories":[],"categories_nodes":[],"categories_segments":[],"categories_sizes":[],"default_left":[0,0,0,0,0,0,0,0,0,0,0,0,0],"id":73,"left_children":[1,3,5,-1,-1,7,9,11,-1,-1,-1,-1,-1],"loss_changes":[1.4082637E0,1.5824795E-2,3.5235733E-1,0E0,0E0,2.0130198E-2,2.5591254E-2,6.4262934E-4,0E0,0E0,0E0,0E0,0E0],"parents":[2147483647,0,0,1,1,2,2,5,5,6,6,7,7],"right_children":[2,4,6,-1,-1,8,10,12,-1,-1,-1,-1,-1],"split_conditions":[2.002366E-1,1.0048121E-1,8.027939E-1,-7.983221E-2,-2.0535279E-2,5.016166E-1,9.045453E-1,3.0063155E-1,2.8169632E-3,1.11930845E-2,4.9949266E-2,-9.838104E-3,-2.3555756E-3],"split_indices":[0,0,0,0,0,0,0,0,0,0,0,0,0],"split_type":[0,0,0,0,0,0,0,0,0,0,0,0,0],"sum_hessian":[9E0,2E0,7E0,1E0,1E0,5E0,2E0,2E0,3E0,1E0,1E0,1E0,1E0],"tree_param":{"num_deleted":"0","num_feature":"2","num_nodes":"13","size_leaf_vector":"1"}},{"base_weights":[-8.72727E-2,-6.35661E-1,1.29282E-1,-7.58406E-2,-1.9508554E-2,-2.1241507E-2,3.8723502E-1,-7.722727E-2,2.6058197E-2,1.0633469E-2,4.7451783E-2,-9.346199E-3,-2.2378922E-3,7.4310304E-4,2.9790243E-3],"categories":[],"categories_nodes":[],"categories_segments":[],"categories_sizes":[],"default_left":[0,0,0,0,0,0,0,0,0,0,0,0,0,0,0],"id":74,"left_children":[1,3,5,-1,-1,7,9,11,13,-1,-1,-1,-1,-1,-1],"loss_changes":[1.2697403E0,1.4281154E-2,3.1884938E-1,0E0,0E0,1.7901065E-2,2.3095608E-2,5.797632E-4,5.669752E-5,0E0,0E0,0E0,0E0,0E0,0E0],"parents":[2147483647,0,0,1,1,2,2,5,5,6,6,7,7,8,8],"right_children":[2,4,6,-1,-1,8,10,12,14,-1,-1,-1,-1,-1,-1],"split_conditions":[2.002366E-1,1.0048121E-1,8.027939E-1,-7.58406E-2,-1.9508554E-2,5.016166E-1,9.045453E-1,3.0063155E-1,6.032973E-1,1.0633469E-2,4.7451783E-2,-9.346199E-3,-2.2378922E-3,7.4310304E-4,2.9790243E-3],"split_indices":[0,0,0,0,0,0,0,0,0,0,0,0,0,0,0],"split_type":[0,0,0,0,0,0,0,0,0,0,0,0,0,0,0],"sum_hessian":[9E0,2E0,7E0,1E0,1E0,5E0,2E0,2E0,3E0,1E0,1E0,1E0,1E0,1E0,2E0],"tree_param":{"num_deleted":"0","num_feature":"2","num_nodes":"15","size_leaf_vector":"1"}},{"base_weights":[-8.30574E-2,-6.03878E-1,1.226325E-1,-7.204857E-2,-1.8533135E-2,-2.0425797E-2,3.678716E-1,-7.336553E-2,2.4385452E-2,1.01017E-2,4.507904E-2,-8.878899E-3,-2.1259307E-3,7.061005E-4,2.78066E-3],"categories":[],"categories_nodes":[],"categories_segments":[],"categories_sizes":[],"default_left":[0,0,0,0,0,0,0,0,0,0,0,0,0,0,0],"id":75,"left_children":[1,3,5,-1,-1,7,9,11,13,-1,-1,-1,-1,-1,-1],"loss_changes":[1.1453304E0,1.2888789E-2,2.8818196E-1,0E0,0E0,1.6022826E-2,2.084431E-2,5.2338094E-4,4.073535E-5,0E0,0E0,0E0,0E0,0E0,0E0],"parents":[2147483647,0,0,1,1,2,2,5,5,6,6,7,7,8,8],"right_children":[2,4,6,-1,-1,8,10,12,14,-1,-1,-1,-1,-1,-1],"split_conditions":[2.002366E-1,1.0048121E-1,8.027939E-1,-7.204857E-2,-1.8533135E-2,5.016166E-1,9.045453E-1,3.0063155E-1,6.032973E-1,1.01017E-2,4.507904E-2,-8.878899E-3,-2.1259307E-3,7.061005E-4,2.78066E-3],"split_indices":[0,0,0,0,0,0,0,0,0,0,0,0,0,0,0],"split_type":[0,0,0,0,0,0,0,0,0,0,0,0,0,0,0],"sum_hessian":[9E0,2E0,7E0,1E0,1E0,5E0,2E0,2E0,3E0,1E0,1E0,1E0,1E0,1E0,2E0],"tree_param":{"num_deleted":"0","num_feature":"2","num_nodes":"15","size_leaf_vector":"1"}},{"base_weights":[-7.904335E-2,-5.736839E-1,1.16327286E-1,-6.8446144E-2,-1.760645E-2,-1.9635519E-2,3.4947714E-1,-6.969706E-2,2.2819519E-2,9.596634E-3,4.2824935E-2,-8.434868E-3,-2.0196915E-3,6.706238E-4,2.59552E-3],"categories":[],"categories_nodes":[],"categories_segments":[],"categories_sizes":[],"default_left":[0,0,0,0,0,0,0,0,0,0,0,0,0,0,0],"id":76,"left_children":[1,3,5,-1,-1,7,9,11,13,-1,-1,-1,-1,-1,-1],"loss_changes":[1.0331175E0,1.1632502E-2,2.6045978E-1,0E0,0E0,1.4342641E-2,1.8811345E-2,4.7218893E-4,2.8042821E-5,0E0,0E0,0E0,0E0,0E0,0E0],"parents":[2147483647,0,0,1,1,2,2,5,5,6,6,7,7,8,8],"right_children":[2,4,6,-1,-1,8,10,12,14,-1,-1,-1,-1,-1,-1],"split_conditions":[2.002366E-1,1.0048121E-1,8.027939E-1,-6.8446144E-2,-1.760645E-2,5.016166E-1,9.045453E-1,3.0063155E-1,6.032973E-1,9.596634E-3,4.2824935E-2,-8.434868E-3,-2.0196915E-3,6.706238E-4,2.59552E-3],"split_indices":[0,0,0,0,0,0,0,0,0,0,0,0,0,0,0],"split_type":[0,0,0,0,0,0,0,0,0,0,0,0,0,0,0],"sum_hessian":[9E0,2E0,7E0,1E0,1E0,5E0,2E0,2E0,3E0,1E0,1E0,1E0,1E0,1E0,2E0],"tree_param":{"num_deleted":"0","num_feature":"2","num_nodes":"15","size_leaf_vector":"1"}},{"base_weights":[-7.522093E-2,-5.4499966E-1,1.103487E-1,-6.502383E-2,-1.6726112E-2,-1.8870035E-2,3.3200327E-1,-6.6212974E-2,2.1354675E-2,9.116746E-3,4.0683746E-2,-8.013153E-3,-1.9187927E-3,6.3705444E-4,2.422587E-3],"categories":[],"categories_nodes":[],"categories_segments":[],"categories_sizes":[],"default_left":[0,0,0,0,0,0,0,0,0,0,0,0,0,0,0],"id":77,"left_children":[1,3,5,-1,-1,7,9,11,13,-1,-1,-1,-1,-1,-1],"loss_changes":[9.319066E-1,1.0498583E-2,2.354003E-1,0E0,0E0,1.2840091E-2,1.6977936E-2,4.2600464E-4,1.7757411E-5,0E0,0E0,0E0,0E0,0E0,0E0],"parents":[2147483647,0,0,1,1,2,2,5,5,6,6,7,7,8,8],"right_children":[2,4,6,-1,-1,8,10,12,14,-1,-1,-1,-1,-1,-1],"split_conditions":[2.002366E-1,1.0048121E-1,8.027939E-1,-6.502383E-2,-1.6726112E-2,5.016166E-1,9.045453E-1,3.0063155E-1,6.032973E-1,9.116746E-3,4.0683746E-2,-8.013153E-3,-1.9187927E-3,6.3705444E-4,2.422587E-3],"split_indices":[0,0,0,0,0,0,0,0,0,0,0,0,0,0,0],"split_type":[0,0,0,0,0,0,0,0,0,0,0,0,0,0,0],"sum_hessian":[9E0,2E0,7E0,1E0,1E0,5E0,2E0,2E0,3E0,1E0,1E0,1E0,1E0,1E0,2E0],"tree_param":{"num_deleted":"0","num_feature":"2","num_nodes":"15","size_leaf_vector":"1"}},{"base_weights":[-7.158168E-2,-5.1774985E-1,1.0467911E-1,-6.1772645E-2,-1.5889836E-2,-1.8129984E-2,3.1540427E-1,-6.290182E-2,1.9981384E-2,8.660889E-3,3.864975E-2,-7.6124193E-3,-1.8228531E-3,6.05011E-4,2.260844E-3],"categories":[],"categories_nodes":[],"categories_segments":[],"categories_sizes":[],"default_left":[0,0,0,0,0,0,0,0,0,0,0,0,0,0,0],"id":78,"left_children":[1,3,5,-1,-1,7,9,11,13,-1,-1,-1,-1,-1,-1],"loss_changes":[8.406171E-1,9.474516E-3,2.1274997E-1,0E0,0E0,1.14947595E-2,1.5323281E-2,3.8442854E-4,9.60927E-6,0E0,0E0,0E0,0E0,0E0,0E0],"parents":[2147483647,0,0,1,1,2,2,5,5,6,6,7,7,8,8],"right_children":[2,4,6,-1,-1,8,10,12,14,-1,-1,-1,-1,-1,-1],"split_conditions":[2.002366E-1,1.0048121E-1,8.027939E-1,-6.1772645E-2,-1.5889836E-2,5.016166E-1,9.045453E-1,3.0063155E-1,6.032973E-1,8.660889E-3,3.864975E-2,-7.6124193E-3,-1.8228531E-3,6.05011E-4,2.260844E-3],"split_indices":[0,0,0,0,0,0,0,0,0,0,0,0,0,0,0],"split_type":[0,0,0,0,0,0,0,0,0,0,0,0,0,0,0],"sum_hessian":[9E0,2E0,7E0,1E0,1E0,5E0,2E0,2E0,3E0,1E0,1E0,1E0,1E0,1E0,2E0],"tree_param":{"num_deleted":"0","num_feature":"2","num_nodes":"15","size_leaf_vector":"1"}},{"base_weights":[-6.8114564E-2,-4.918623E-1,9.930515E-2,-5.8684018E-2,-1.509533E-2,-1.7410278E-2,2.996343E-1,-5.9755962E-2,1.8701553E-2,8.227921E-3,3.6717225E-2,-7.2317123E-3,-1.7316819E-3,5.7487487E-4,2.1102906E-3],"categories":[],"categories_nodes":[],"categories_segments":[],"categories_sizes":[],"default_left":[0,0,0,0,0,0,0,0,0,0,0,0,0,0,0],"id":79,"left_children":[1,3,5,-1,-1,7,9,11,13,-1,-1,-1,-1,-1,-1],"loss_changes":[7.582817E-1,8.550942E-3,1.9226876E-1,0E0,0E0,1.029261E-2,1.3828486E-2,3.4695305E-4,3.101537E-6,0E0,0E0,0E0,0E0,0E0,0E0],"parents":[2147483647,0,0,1,1,2,2,5,5,6,6,7,7,8,8],"right_children":[2,4,6,-1,-1,8,10,12,14,-1,-1,-1,-1,-1,-1],"split_conditions":[2.002366E-1,1.0048121E-1,8.027939E-1,-5.8684018E-2,-1.509533E-2,5.016166E-1,9.045453E-1,3.0063155E-1,6.032973E-1,8.227921E-3,3.6717225E-2,-7.2317123E-3,-1.7316819E-3,5.7487487E-4,2.1102906E-3],"split_indices":[0,0,0,0,0,0,0,0,0,0,0,0,0,0,0],"split_type":[0,0,0,0,0,0,0,0,0,0,0,0,0,0,0],"sum_hessian":[9E0,2E0,7E0,1E0,1E0,5E0,2E0,2E0,3E0,1E0,1E0,1E0,1E0,1E0,2E0],"tree_param":{"num_deleted":"0","num_feature":"2","num_nodes":"15","size_leaf_vector":"1"}},{"base_weights":[-6.4814605E-2,-4.672694E-1,9.420776E-2,-5.5749815E-2,-1.4340592E-2,-1.6716003E-2,2.846527E-1,-5.676778E-2,1.7501832E-3,7.816697E-3,3.488121E-2,-6.8700793E-3,-1.6450882E-3],"categories":[],"categories_nodes":[],"categories_segments":[],"categories_sizes":[],"default_left":[0,0,0,0,0,0,0,0,0,0,0,0,0],"id":80,"left_children":[1,3,5,-1,-1,7,9,11,-1,-1,-1,-1,-1],"loss_changes":[6.840135E-1,7.716894E-3,1.7375723E-1,0E0,0E0,9.216451E-3,1.2478426E-2,3.1311717E-4,0E0,0E0,0E0,0E0,0E0],"parents":[2147483647,0,0,1,1,2,2,5,5,6,6,7,7],"right_children":[2,4,6,-1,-1,8,10,12,-1,-1,-1,-1,-1],"split_conditions":[2.002366E-1,1.0048121E-1,8.027939E-1,-5.5749815E-2,-1.4340592E-2,5.016166E-1,9.045453E-1,3.0063155E-1,1.7501832E-3,7.816697E-3,3.488121E-2,-6.8700793E-3,-1.6450882E-3],"split_indices":[0,0,0,0,0,0,0,0,0,0,0,0,0],"split_type":[0,0,0,0,0,0,0,0,0,0,0,0,0],"sum_hessian":[9E0,2E0,7E0,1E0,1E0,5E0,2E0,2E0,3E0,1E0,1E0,1E0,1E0],"tree_param":{"num_deleted":"0","num_feature":"2","num_nodes":"13","size_leaf_vector":"1"}},{"base_weights":[-6.1748363E-2,-4.4390568E-1,8.9279175E-2,-5.296233E-2,-1.36235235E-2,-1.6170502E-2,2.704188E-1,-5.3929646E-2,1.6191483E-2,7.4256896E-3,3.313713E-2,-6.5265656E-3,-1.5628815E-3,4.589081E-4,1.8529258E-3],"categories":[],"categories_nodes":[],"categories_segments":[],"categories_sizes":[],"default_left":[0,0,0,0,0,0,0,0,0,0,0,0,0,0,0],"id":81,"left_children":[1,3,5,-1,-1,7,9,11,13,-1,-1,-1,-1,-1,-1],"loss_changes":[6.167943E-1,6.9649816E-3,1.5718174E-1,0E0,0E0,8.204966E-3,1.1263058E-2,2.8251112E-4,2.3462926E-5,0E0,0E0,0E0,0E0,0E0,0E0],"parents":[2147483647,0,0,1,1,2,2,5,5,6,6,7,7,8,8],"right_children":[2,4,6,-1,-1,8,10,12,14,-1,-1,-1,-1,-1,-1],"split_conditions":[2.002366E-1,1.0048121E-1,8.027939E-1,-5.296233E-2,-1.36235235E-2,5.016166E-1,9.045453E-1,3.0063155E-1,6.032973E-1,7.4256896E-3,3.313713E-2,-6.5265656E-3,-1.5628815E-3,4.589081E-4,1.8529258E-3],"split_indices":[0,0,0,0,0,0,0,0,0,0,0,0,0,0,0],"split_type":[0,0,0,0,0,0,0,0,0,0,0,0,0,0,0],"sum_hessian":[9E0,2E0,7E0,1E0,1E0,5E0,2E0,2E0,3E0,1E0,1E0,1E0,1E0,1E0,2E0],"tree_param":{"num_deleted":"0","num_feature":"2","num_nodes":"15","size_leaf_vector":"1"}},{"base_weights":[-5.8752965E-2,-4.2171016E-1,8.470011E-2,-5.0314214E-2,-1.2942314E-2,-1.5516281E-2,2.568995E-1,-5.1232655E-2,1.515007E-2,7.05452E-3,3.148041E-2,-6.200218E-3,-1.4846802E-3,4.360199E-4,1.7293295E-3],"categories":[],"categories_nodes":[],"categories_segments":[],"categories_sizes":[],"default_left":[0,0,0,0,0,0,0,0,0,0,0,0,0,0,0],"id":82,"left_children":[1,3,5,-1,-1,7,9,11,13,-1,-1,-1,-1,-1,-1],"loss_changes":[5.5639213E-1,6.2862635E-3,1.4204375E-1,0E0,0E0,7.3479246E-3,1.016438E-2,2.550399E-4,1.7098268E-5,0E0,0E0,0E0,0E0,0E0,0E0],"parents":[2147483647,0,0,1,1,2,2,5,5,6,6,7,7,8,8],"right_children":[2,4,6,-1,-1,8,10,12,14,-1,-1,-1,-1,-1,-1],"split_conditions":[2.002366E-1,1.0048121E-1,8.027939E-1,-5.0314214E-2,-1.2942314E-2,5.016166E-1,9.045453E-1,3.0063155E-1,6.032973E-1,7.05452E-3,3.148041E-2,-6.200218E-3,-1.4846802E-3,4.360199E-4,1.7293295E-3],"split_indices":[0,0,0,0,0,0,0,0,0,0,0,0,0,0,0],"split_type":[0,0,0,0,0,0,0,0,0,0,0,0,0,0,0],"sum_hessian":[9E0,2E0,7E0,1E0,1E0,5E0,2E0,2E0,3E0,1E0,1E0,1E0,1E0,1E0,2E0],"tree_param":{"num_deleted":"0","num_feature":"2","num_nodes":"15","size_leaf_vector":"1"}},{"base_weights":[-5.59026E-2,-4.00625E-1,8.035612E-2,-4.7798503E-2,-1.2295246E-2,-1.4885585E-2,2.4405415E-1,-4.8671722E-2,1.4175415E-2,6.7016603E-3,2.9906465E-2,-5.890274E-3,-1.4104843E-3,4.1427612E-4,1.6138712E-3],"categories":[],"categories_nodes":[],"categories_segments":[],"categories_sizes":[],"default_left":[0,0,0,0,0,0,0,0,0,0,0,0,0,0,0],"id":83,"left_children":[1,3,5,-1,-1,7,9,11,13,-1,-1,-1,-1,-1,-1],"loss_changes":[5.01907E-1,5.6728423E-3,1.2835991E-1,0E0,0E0,6.5810955E-3,9.174481E-3,2.3014937E-4,1.19294855E-5,0E0,0E0,0E0,0E0,0E0,0E0],"parents":[2147483647,0,0,1,1,2,2,5,5,6,6,7,7,8,8],"right_children":[2,4,6,-1,-1,8,10,12,14,-1,-1,-1,-1,-1,-1],"split_conditions":[2.002366E-1,1.0048121E-1,8.027939E-1,-4.7798503E-2,-1.2295246E-2,5.016166E-1,9.045453E-1,3.0063155E-1,6.032973E-1,6.7016603E-3,2.9906465E-2,-5.890274E-3,-1.4104843E-3,4.1427612E-4,1.6138712E-3],"split_indices":[0,0,0,0,0,0,0,0,0,0,0,0,0,0,0],"split_type":[0,0,0,0,0,0,0,0,0,0,0,0,0,0,0],"sum_hessian":[9E0,2E0,7E0,1E0,1E0,5E0,2E0,2E0,3E0,1E0,1E0,1E0,1E0,1E0,2E0],"tree_param":{"num_deleted":"0","num_feature":"2","num_nodes":"15","size_leaf_vector":"1"}},{"base_weights":[-5.3188406E-2,-3.805939E-1,7.62372E-2,-4.5408577E-2,-1.1680508E-2,-1.42765045E-2,2.3185222E-1,-4.6237946E-2,1.3263702E-2,6.3667297E-3,2.8411103E-2,-5.5957795E-3,-1.3399124E-3,3.9367678E-4,1.5060426E-3],"categories":[],"categories_nodes":[],"categories_segments":[],"categories_sizes":[],"default_left":[0,0,0,0,0,0,0,0,0,0,0,0,0,0,0],"id":84,"left_children":[1,3,5,-1,-1,7,9,11,13,-1,-1,-1,-1,-1,-1],"loss_changes":[4.5276198E-1,5.1194727E-3,1.1599237E-1,0E0,0E0,5.894635E-3,8.278862E-3,2.0777946E-4,7.742259E-6,0E0,0E0,0E0,0E0,0E0,0E0],"parents":[2147483647,0,0,1,1,2,2,5,5,6,6,7,7,8,8],"right_children":[2,4,6,-1,-1,8,10,12,14,-1,-1,-1,-1,-1,-1],"split_conditions":[2.002366E-1,1.0048121E-1,8.027939E-1,-4.5408577E-2,-1.1680508E-2,5.016166E-1,9.045453E-1,3.0063155E-1,6.032973E-1,6.3667297E-3,2.8411103E-2,-5.5957795E-3,-1.3399124E-3,3.9367678E-4,1.5060426E-3],"split_indices":[0,0,0,0,0,0,0,0,0,0,0,0,0,0,0],"split_type":[0,0,0,0,0,0,0,0,0,0,0,0,0,0,0],"sum_hessian":[9E0,2E0,7E0,1E0,1E0,5E0,2E0,2E0,3E0,1E0,1E0,1E0,1E0,1E0,2E0],"tree_param":{"num_deleted":"0","num_feature":"2","num_nodes":"15","size_leaf_vector":"1"}},{"base_weights":[-5.0603725E-2,-3.6156416E-1,7.2331905E-2,-4.3138146E-2,-1.10964775E-2,-1.368777E-2,2.2026062E-1,-4.392624E-2,1.2413025E-2,6.048584E-3,2.6990509E-2,-5.3159716E-3,-1.2729645E-3,3.7384033E-4,1.4058431E-3],"categories":[],"categories_nodes":[],"categories_segments":[],"categories_sizes":[],"default_left":[0,0,0,0,0,0,0,0,0,0,0,0,0,0,0],"id":85,"left_children":[1,3,5,-1,-1,7,9,11,13,-1,-1,-1,-1,-1,-1],"loss_changes":[4.084338E-1,4.6203732E-3,1.04813114E-1,0E0,0E0,5.2807466E-3,7.4703842E-3,1.8745428E-4,4.536996E-6,0E0,0E0,0E0,0E0,0E0,0E0],"parents":[2147483647,0,0,1,1,2,2,5,5,6,6,7,7,8,8],"right_children":[2,4,6,-1,-1,8,10,12,14,-1,-1,-1,-1,-1,-1],"split_conditions":[2.002366E-1,1.0048121E-1,8.027939E-1,-4.3138146E-2,-1.10964775E-2,5.016166E-1,9.045453E-1,3.0063155E-1,6.032973E-1,6.048584E-3,2.6990509E-2,-5.3159716E-3,-1.2729645E-3,3.7384033E-4,1.4058431E-3],"split_indices":[0,0,0,0,0,0,0,0,0,0,0,0,0,0,0],"split_type":[0,0,0,0,0,0,0,0,0,0,0,0,0,0,0],"sum_hessian":[9E0,2E0,7E0,1E0,1E0,5E0,2E0,2E0,3E0,1E0,1E0,1E0,1E0,1E0,2E0],"tree_param":{"num_deleted":"0","num_feature":"2","num_nodes":"15","size_leaf_vector":"1"}},{"base_weights":[-4.814347E-2,-3.434858E-1,6.8627834E-2,-4.098124E-2,-1.054163E-2,-1.311938E-2,2.0924632E-1,-4.1728973E-2,1.16176605E-2,5.7460787E-3,2.564087E-2,-5.050087E-3,-1.209259E-3,5.297343E-4,1.5289307E-3],"categories":[],"categories_nodes":[],"categories_segments":[],"categories_sizes":[],"default_left":[0,0,0,0,0,0,0,0,0,0,0,0,0,0,0],"id":86,"left_children":[1,3,5,-1,-1,7,9,11,13,-1,-1,-1,-1,-1,-1],"loss_changes":[3.6844778E-1,4.17009E-3,9.4706535E-2,0E0,0E0,4.7310935E-3,6.742239E-3,1.6921526E-4,1.1831173E-5,0E0,0E0,0E0,0E0,0E0,0E0],"parents":[2147483647,0,0,1,1,2,2,5,5,6,6,7,7,8,8],"right_children":[2,4,6,-1,-1,8,10,12,14,-1,-1,-1,-1,-1,-1],"split_conditions":[2.002366E-1,1.0048121E-1,8.027939E-1,-4.098124E-2,-1.054163E-2,5.016166E-1,9.045453E-1,3.0063155E-1,7.024046E-1,5.7460787E-3,2.564087E-2,-5.050087E-3,-1.209259E-3,5.297343E-4,1.5289307E-3],"split_indices":[0,0,0,0,0,0,0,0,0,0,0,0,0,0,0],"split_type":[0,0,0,0,0,0,0,0,0,0,0,0,0,0,0],"sum_hessian":[9E0,2E0,7E0,1E0,1E0,5E0,2E0,2E0,3E0,1E0,1E0,1E0,1E0,2E0,1E0],"tree_param":{"num_deleted":"0","num_feature":"2","num_nodes":"15","size_leaf_vector":"1"}},{"base_weights":[-4.576177E-2,-3.263114E-1,6.5164566E-2,-3.893218E-2,-1.0014534E-2,-1.2505849E-2,1.9878387E-1,-3.9642334E-2,1.0972977E-2,5.458832E-3,2.435875E-2,-4.797554E-3,-1.1487961E-3,4.946391E-4,1.4526368E-3],"categories":[],"categories_nodes":[],"categories_segments":[],"categories_sizes":[],"default_left":[0,0,0,0,0,0,0,0,0,0,0,0,0,0,0],"id":87,"left_children":[1,3,5,-1,-1,7,9,11,13,-1,-1,-1,-1,-1,-1],"loss_changes":[3.3246738E-1,3.763646E-3,8.55121E-2,0E0,0E0,4.2577917E-3,6.08442E-3,1.5270757E-4,1.3806159E-5,0E0,0E0,0E0,0E0,0E0,0E0],"parents":[2147483647,0,0,1,1,2,2,5,5,6,6,7,7,8,8],"right_children":[2,4,6,-1,-1,8,10,12,14,-1,-1,-1,-1,-1,-1],"split_conditions":[2.002366E-1,1.0048121E-1,8.027939E-1,-3.893218E-2,-1.0014534E-2,5.016166E-1,9.045453E-1,3.0063155E-1,7.024046E-1,5.458832E-3,2.435875E-2,-4.797554E-3,-1.1487961E-3,4.946391E-4,1.4526368E-3],"split_indices":[0,0,0,0,0,0,0,0,0,0,0,0,0,0,0],"split_type":[0,0,0,0,0,0,0,0,0,0,0,0,0,0,0],"sum_hessian":[9E0,2E0,7E0,1E0,1E0,5E0,2E0,2E0,3E0,1E0,1E0,1E0,1E0,2E0,1E0],"tree_param":{"num_deleted":"0","num_feature":"2","num_nodes":"15","size_leaf_vector":"1"}},{"base_weights":[-4.3498762E-2,-3.099955E-1,6.1874866E-2,-3.698557E-2,-9.51376E-3,-1.1921565E-2,1.8884277E-1,-3.765996E-2,1.0362625E-2,5.1856996E-3,2.3140717E-2,-4.5576096E-3,-1.0913849E-3,4.6157837E-4,1.3801575E-3],"categories":[],"categories_nodes":[],"categories_segments":[],"categories_sizes":[],"default_left":[0,0,0,0,0,0,0,0,0,0,0,0,0,0,0],"id":88,"left_children":[1,3,5,-1,-1,7,9,11,13,-1,-1,-1,-1,-1,-1],"loss_changes":[2.9999822E-1,3.3970773E-3,7.720952E-2,0E0,0E0,3.831612E-3,5.4920763E-3,1.3776682E-4,1.5347323E-5,0E0,0E0,0E0,0E0,0E0,0E0],"parents":[2147483647,0,0,1,1,2,2,5,5,6,6,7,7,8,8],"right_children":[2,4,6,-1,-1,8,10,12,14,-1,-1,-1,-1,-1,-1],"split_conditions":[2.002366E-1,1.0048121E-1,8.027939E-1,-3.698557E-2,-9.51376E-3,5.016166E-1,9.045453E-1,3.0063155E-1,7.024046E-1,5.1856996E-3,2.3140717E-2,-4.5576096E-3,-1.0913849E-3,4.6157837E-4,1.3801575E-3],"split_indices":[0,0,0,0,0,0,0,0,0,0,0,0,0,0,0],"split_type":[0,0,0,0,0,0,0,0,0,0,0,0,0,0,0],"sum_hessian":[9E0,2E0,7E0,1E0,1E0,5E0,2E0,2E0,3E0,1E0,1E0,1E0,1E0,2E0,1E0],"tree_param":{"num_deleted":"0","num_feature":"2","num_nodes":"15","size_leaf_vector":"1"}},{"base_weights":[-4.1347064E-2,-2.944957E-1,5.875206E-2,-3.513629E-2,-9.038067E-3,-1.1363983E-2,1.7940013E-1,-3.5776775E-2,9.786606E-3,4.9263E-3,2.1983718E-2,-4.3296814E-3,-1.0368348E-3,4.308065E-4,1.3111115E-3],"categories":[],"categories_nodes":[],"categories_segments":[],"categories_sizes":[],"default_left":[0,0,0,0,0,0,0,0,0,0,0,0,0,0,0],"id":89,"left_children":[1,3,5,-1,-1,7,9,11,13,-1,-1,-1,-1,-1,-1],"loss_changes":[2.707018E-1,3.065914E-3,6.9713615E-2,0E0,0E0,3.4482025E-3,4.9572513E-3,1.243006E-4,1.6370323E-5,0E0,0E0,0E0,0E0,0E0,0E0],"parents":[2147483647,0,0,1,1,2,2,5,5,6,6,7,7,8,8],"right_children":[2,4,6,-1,-1,8,10,12,14,-1,-1,-1,-1,-1,-1],"split_conditions":[2.002366E-1,1.0048121E-1,8.027939E-1,-3.513629E-2,-9.038067E-3,5.016166E-1,9.045453E-1,3.0063155E-1,7.024046E-1,4.9263E-3,2.1983718E-2,-4.3296814E-3,-1.0368348E-3,4.308065E-4,1.3111115E-3],"split_indices":[0,0,0,0,0,0,0,0,0,0,0,0,0,0,0],"split_type":[0,0,0,0,0,0,0,0,0,0,0,0,0,0,0],"sum_hessian":[9E0,2E0,7E0,1E0,1E0,5E0,2E0,2E0,3E0,1E0,1E0,1E0,1E0,2E0,1E0],"tree_param":{"num_deleted":"0","num_feature":"2","num_nodes":"15","size_leaf_vector":"1"}},{"base_weights":[-3.9300375E-2,-2.7977064E-1,5.5788517E-2,-3.3379477E-2,-8.586121E-3,-1.0830562E-2,1.704305E-1,-3.3987682E-2,9.244919E-3,4.679871E-3,2.0884706E-2,-4.1131973E-3,-9.849549E-4,4.023234E-4,1.2454987E-3],"categories":[],"categories_nodes":[],"categories_segments":[],"categories_sizes":[],"default_left":[0,0,0,0,0,0,0,0,0,0,0,0,0,0,0],"id":90,"left_children":[1,3,5,-1,-1,7,9,11,13,-1,-1,-1,-1,-1,-1],"loss_changes":[2.4426848E-1,2.7673393E-3,6.29446E-2,0E0,0E0,3.1035552E-3,4.4747517E-3,1.12218084E-4,1.6938546E-5,0E0,0E0,0E0,0E0,0E0,0E0],"parents":[2147483647,0,0,1,1,2,2,5,5,6,6,7,7,8,8],"right_children":[2,4,6,-1,-1,8,10,12,14,-1,-1,-1,-1,-1,-1],"split_conditions":[2.002366E-1,1.0048121E-1,8.027939E-1,-3.3379477E-2,-8.586121E-3,5.016166E-1,9.045453E-1,3.0063155E-1,7.024046E-1,4.679871E-3,2.0884706E-2,-4.1131973E-3,-9.849549E-4,4.023234E-4,1.2454987E-3],"split_indices":[0,0,0,0,0,0,0,0,0,0,0,0,0,0,0],"split_type":[0,0,0,0,0,0,0,0,0,0,0,0,0,0,0],"sum_hessian":[9E0,2E0,7E0,1E0,1E0,5E0,2E0,2E0,3E0,1E0,1E0,1E0,1E0,2E0,1E0],"tree_param":{"num_deleted":"0","num_feature":"2","num_nodes":"15","size_leaf_vector":"1"}},{"base_weights":[-3.7355173E-2,-2.6578185E-1,5.2974224E-2,-3.17105E-2,-8.156776E-3,-1.0323207E-2,1.6191101E-1,-3.2288868E-2,8.731842E-3,4.4460297E-3,1.9840622E-2,-3.907585E-3,-9.3574525E-4,3.7536622E-4,1.1833191E-3],"categories":[],"categories_nodes":[],"categories_segments":[],"categories_sizes":[],"default_left":[0,0,0,0,0,0,0,0,0,0,0,0,0,0,0],"id":91,"left_children":[1,3,5,-1,-1,7,9,11,13,-1,-1,-1,-1,-1,-1],"loss_changes":[2.2041602E-1,2.4977922E-3,5.6834787E-2,0E0,0E0,2.793282E-3,4.0379614E-3,1.0125479E-4,1.733849E-5,0E0,0E0,0E0,0E0,0E0,0E0],"parents":[2147483647,0,0,1,1,2,2,5,5,6,6,7,7,8,8],"right_children":[2,4,6,-1,-1,8,10,12,14,-1,-1,-1,-1,-1,-1],"split_conditions":[2.002366E-1,1.0048121E-1,8.027939E-1,-3.17105E-2,-8.156776E-3,5.016166E-1,9.045453E-1,3.0063155E-1,7.024046E-1,4.4460297E-3,1.9840622E-2,-3.907585E-3,-9.3574525E-4,3.7536622E-4,1.1833191E-3],"split_indices":[0,0,0,0,0,0,0,0,0,0,0,0,0,0,0],"split_type":[0,0,0,0,0,0,0,0,0,0,0,0,0,0,0],"sum_hessian":[9E0,2E0,7E0,1E0,1E0,5E0,2E0,2E0,3E0,1E0,1E0,1E0,1E0,2E0,1E0],"tree_param":{"num_deleted":"0","num_feature":"2","num_nodes":"15","size_leaf_vector":"1"}},{"base_weights":[-3.5506487E-2,-2.5249243E-1,5.030155E-2,-3.0124975E-2,-7.74889E-3,-9.838104E-3,1.5381368E-1,-3.0675253E-2,8.249283E-3,4.223633E-3,1.884842E-2,-3.7122727E-3,-8.890152E-4,3.5044353E-4,1.1241913E-3],"categories":[],"categories_nodes":[],"categories_segments":[],"categories_sizes":[],"default_left":[0,0,0,0,0,0,0,0,0,0,0,0,0,0,0],"id":92,"left_children":[1,3,5,-1,-1,7,9,11,13,-1,-1,-1,-1,-1,-1],"loss_changes":[1.9889213E-1,2.2545904E-3,5.1314704E-2,0E0,0E0,2.5143863E-3,3.6444515E-3,9.135017E-5,1.7401762E-5,0E0,0E0,0E0,0E0,0E0,0E0],"parents":[2147483647,0,0,1,1,2,2,5,5,6,6,7,7,8,8],"right_children":[2,4,6,-1,-1,8,10,12,14,-1,-1,-1,-1,-1,-1],"split_conditions":[2.002366E-1,1.0048121E-1,8.027939E-1,-3.0124975E-2,-7.74889E-3,5.016166E-1,9.045453E-1,3.0063155E-1,7.024046E-1,4.223633E-3,1.884842E-2,-3.7122727E-3,-8.890152E-4,3.5044353E-4,1.1241913E-3],"split_indices":[0,0,0,0,0,0,0,0,0,0,0,0,0,0,0],"split_type":[0,0,0,0,0,0,0,0,0,0,0,0,0,0,0],"sum_hessian":[9E0,2E0,7E0,1E0,1E0,5E0,2E0,2E0,3E0,1E0,1E0,1E0,1E0,2E0,1E0],"tree_param":{"num_deleted":"0","num_feature":"2","num_nodes":"15","size_leaf_vector":"1"}},{"base_weights":[-3.3748455E-2,-2.3986758E-1,4.7764778E-2,-2.8618727E-2,-7.361412E-3,-9.375255E-3,1.4612325E-1,-2.9141745E-2,7.7934265E-3,4.012299E-3,1.7906189E-2,-3.5266876E-3,-8.44574E-4,3.270467E-4,1.0681152E-3],"categories":[],"categories_nodes":[],"categories_segments":[],"categories_sizes":[],"default_left":[0,0,0,0,0,0,0,0,0,0,0,0,0,0,0],"id":93,"left_children":[1,3,5,-1,-1,7,9,11,13,-1,-1,-1,-1,-1,-1],"loss_changes":[1.794716E-1,2.034992E-3,4.63316E-2,0E0,0E0,2.2633013E-3,3.2900125E-3,8.244254E-5,1.7311919E-5,0E0,0E0,0E0,0E0,0E0,0E0],"parents":[2147483647,0,0,1,1,2,2,5,5,6,6,7,7,8,8],"right_children":[2,4,6,-1,-1,8,10,12,14,-1,-1,-1,-1,-1,-1],"split_conditions":[2.002366E-1,1.0048121E-1,8.027939E-1,-2.8618727E-2,-7.361412E-3,5.016166E-1,9.045453E-1,3.0063155E-1,7.024046E-1,4.012299E-3,1.7906189E-2,-3.5266876E-3,-8.44574E-4,3.270467E-4,1.0681152E-3],"split_indices":[0,0,0,0,0,0,0,0,0,0,0,0,0,0,0],"split_type":[0,0,0,0,0,0,0,0,0,0,0,0,0,0,0],"sum_hessian":[9E0,2E0,7E0,1E0,1E0,5E0,2E0,2E0,3E0,1E0,1E0,1E0,1E0,2E0,1E0],"tree_param":{"num_deleted":"0","num_feature":"2","num_nodes":"15","size_leaf_vector":"1"}},{"base_weights":[-3.207772E-2,-2.2787452E-1,4.5355797E-2,-2.7187789E-2,-6.993389E-3,-8.934021E-3,1.3881683E-1,-2.768453E-2,7.3623657E-3,3.8116456E-3,1.701088E-2,-3.3502579E-3,-8.024216E-4,3.0517578E-4,1.0147095E-3],"categories":[],"categories_nodes":[],"categories_segments":[],"categories_sizes":[],"default_left":[0,0,0,0,0,0,0,0,0,0,0,0,0,0,0],"id":94,"left_children":[1,3,5,-1,-1,7,9,11,13,-1,-1,-1,-1,-1,-1],"loss_changes":[1.6194777E-1,1.8362701E-3,4.1832052E-2,0E0,0E0,2.037217E-3,2.9693954E-3,7.43221E-5,1.7049024E-5,0E0,0E0,0E0,0E0,0E0,0E0],"parents":[2147483647,0,0,1,1,2,2,5,5,6,6,7,7,8,8],"right_children":[2,4,6,-1,-1,8,10,12,14,-1,-1,-1,-1,-1,-1],"split_conditions":[2.002366E-1,1.0048121E-1,8.027939E-1,-2.7187789E-2,-6.993389E-3,5.016166E-1,9.045453E-1,3.0063155E-1,7.024046E-1,3.8116456E-3,1.701088E-2,-3.3502579E-3,-8.024216E-4,3.0517578E-4,1.0147095E-3],"split_indices":[0,0,0,0,0,0,0,0,0,0,0,0,0,0,0],"split_type":[0,0,0,0,0,0,0,0,0,0,0,0,0,0,0],"sum_hessian":[9E0,2E0,7E0,1E0,1E0,5E0,2E0,2E0,3E0,1E0,1E0,1E0,1E0,2E0,1E0],"tree_param":{"num_deleted":"0","num_feature":"2","num_nodes":"15","size_leaf_vector":"1"}},{"base_weights":[-3.0489808E-2,-2.1648051E-1,4.3067932E-2,-2.58284E-2,-6.6436767E-3,-8.513133E-3,1.3187408E-1,-2.6301065E-2,6.9561005E-3,3.6209107E-3,1.6160203E-2,-3.1827928E-3,-7.623673E-4,2.8483075E-4,9.63974E-4],"categories":[],"categories_nodes":[],"categories_segments":[],"categories_sizes":[],"default_left":[0,0,0,0,0,0,0,0,0,0,0,0,0,0,0],"id":95,"left_children":[1,3,5,-1,-1,7,9,11,13,-1,-1,-1,-1,-1,-1],"loss_changes":[1.4613393E-1,1.6575009E-3,3.776839E-2,0E0,0E0,1.8339469E-3,2.6803017E-3,6.7036366E-5,1.6638398E-5,0E0,0E0,0E0,0E0,0E0,0E0],"parents":[2147483647,0,0,1,1,2,2,5,5,6,6,7,7,8,8],"right_children":[2,4,6,-1,-1,8,10,12,14,-1,-1,-1,-1,-1,-1],"split_conditions":[2.002366E-1,1.0048121E-1,8.027939E-1,-2.58284E-2,-6.6436767E-3,5.016166E-1,9.045453E-1,3.0063155E-1,7.024046E-1,3.6209107E-3,1.6160203E-2,-3.1827928E-3,-7.623673E-4,2.8483075E-4,9.63974E-4],"split_indices":[0,0,0,0,0,0,0,0,0,0,0,0,0,0,0],"split_type":[0,0,0,0,0,0,0,0,0,0,0,0,0,0,0],"sum_hessian":[9E0,2E0,7E0,1E0,1E0,5E0,2E0,2E0,3E0,1E0,1E0,1E0,1E0,2E0,1E0],"tree_param":{"num_deleted":"0","num_feature":"2","num_nodes":"15","size_leaf_vector":"1"}},{"base_weights":[-2.897909E-2,-2.0565662E-1,4.089737E-2,-2.453698E-2,-6.311512E-3,-8.110046E-3,1.2527974E-1,-2.4986267E-2,6.5746307E-3,3.4397126E-3,1.5352249E-2,-3.0237199E-3,-7.242203E-4,2.6601154E-4,9.1590884E-4],"categories":[],"categories_nodes":[],"categories_segments":[],"categories_sizes":[],"default_left":[0,0,0,0,0,0,0,0,0,0,0,0,0,0,0],"id":96,"left_children":[1,3,5,-1,-1,7,9,11,13,-1,-1,-1,-1,-1,-1],"loss_changes":[1.3186681E-1,1.4957786E-3,3.4098923E-2,0E0,0E0,1.6512066E-3,2.419591E-3,6.0534803E-5,1.6103353E-5,0E0,0E0,0E0,0E0,0E0,0E0],"parents":[2147483647,0,0,1,1,2,2,5,5,6,6,7,7,8,8],"right_children":[2,4,6,-1,-1,8,10,12,14,-1,-1,-1,-1,-1,-1],"split_conditions":[2.002366E-1,1.0048121E-1,8.027939E-1,-2.453698E-2,-6.311512E-3,5.016166E-1,9.045453E-1,3.0063155E-1,7.024046E-1,3.4397126E-3,1.5352249E-2,-3.0237199E-3,-7.242203E-4,2.6601154E-4,9.1590884E-4],"split_indices":[0,0,0,0,0,0,0,0,0,0,0,0,0,0,0],"split_type":[0,0,0,0,0,0,0,0,0,0,0,0,0,0,0],"sum_hessian":[9E0,2E0,7E0,1E0,1E0,5E0,2E0,2E0,3E0,1E0,1E0,1E0,1E0,2E0,1E0],"tree_param":{"num_deleted":"0","num_feature":"2","num_nodes":"15","size_leaf_vector":"1"}},{"base_weights":[-2.7543345E-2,-1.9537382E-1,3.8836002E-2,-2.3310132E-2,-5.9959413E-3,-7.7266693E-3,1.19016014E-1,-2.3736319E-2,6.2122345E-3,3.2676698E-3,1.4584732E-2,-2.872467E-3,-6.879807E-4,2.4820966E-4,8.7013247E-4],"categories":[],"categories_nodes":[],"categories_segments":[],"categories_sizes":[],"default_left":[0,0,0,0,0,0,0,0,0,0,0,0,0,0,0],"id":97,"left_children":[1,3,5,-1,-1,7,9,11,13,-1,-1,-1,-1,-1,-1],"loss_changes":[1.18992314E-1,1.349926E-3,3.078676E-2,0E0,0E0,1.4863972E-3,2.183985E-3,5.4638484E-5,1.5541067E-5,0E0,0E0,0E0,0E0,0E0,0E0],"parents":[2147483647,0,0,1,1,2,2,5,5,6,6,7,7,8,8],"right_children":[2,4,6,-1,-1,8,10,12,14,-1,-1,-1,-1,-1,-1],"split_conditions":[2.002366E-1,1.0048121E-1,8.027939E-1,-2.3310132E-2,-5.9959413E-3,5.016166E-1,9.045453E-1,3.0063155E-1,7.024046E-1,3.2676698E-3,1.4584732E-2,-2.872467E-3,-6.879807E-4,2.4820966E-4,8.7013247E-4],"split_indices":[0,0,0,0,0,0,0,0,0,0,0,0,0,0,0],"split_type":[0,0,0,0,0,0,0,0,0,0,0,0,0,0,0],"sum_hessian":[9E0,2E0,7E0,1E0,1E0,5E0,2E0,2E0,3E0,1E0,1E0,1E0,1E0,2E0,1E0],"tree_param":{"num_deleted":"0","num_feature":"2","num_nodes":"15","size_leaf_vector":"1"}},{"base_weights":[-2.6179358E-2,-1.8560489E-1,3.6877632E-2,-2.2144627E-2,-5.6961062E-3,-7.3623657E-3,1.1306509E-1,-2.2549948E-2,5.8689117E-3,3.1044006E-3,1.3855362E-2,-2.7288438E-3,-6.536484E-4,2.3142497E-4,8.266449E-4],"categories":[],"categories_nodes":[],"categories_segments":[],"categories_sizes":[],"default_left":[0,0,0,0,0,0,0,0,0,0,0,0,0,0,0],"id":98,"left_children":[1,3,5,-1,-1,7,9,11,13,-1,-1,-1,-1,-1,-1],"loss_changes":[1.073736E-1,1.2185127E-3,2.7796686E-2,0E0,0E0,1.3380502E-3,1.970537E-3,4.9268594E-5,1.4959107E-5,0E0,0E0,0E0,0E0,0E0,0E0],"parents":[2147483647,0,0,1,1,2,2,5,5,6,6,7,7,8,8],"right_children":[2,4,6,-1,-1,8,10,12,14,-1,-1,-1,-1,-1,-1],"split_conditions":[2.002366E-1,1.0048121E-1,8.027939E-1,-2.2144627E-2,-5.6961062E-3,5.016166E-1,9.045453E-1,3.0063155E-1,7.024046E-1,3.1044006E-3,1.3855362E-2,-2.7288438E-3,-6.536484E-4,2.3142497E-4,8.266449E-4],"split_indices":[0,0,0,0,0,0,0,0,0,0,0,0,0,0,0],"split_type":[0,0,0,0,0,0,0,0,0,0,0,0,0,0,0],"sum_hessian":[9E0,2E0,7E0,1E0,1E0,5E0,2E0,2E0,3E0,1E0,1E0,1E0,1E0,2E0,1E0],"tree_param":{"num_deleted":"0","num_feature":"2","num_nodes":"15","size_leaf_vector":"1"}},{"base_weights":[-2.4881568E-2,-1.7632489E-1,3.5019875E-2,-2.1037396E-2,-5.411339E-3,-7.0126853E-3,1.07411705E-1,-2.142334E-2,5.548477E-3,2.9491426E-3,1.3162613E-2,-2.5924684E-3,-6.210327E-4,2.1616618E-4,7.854462E-4],"categories":[],"categories_nodes":[],"categories_segments":[],"categories_sizes":[],"default_left":[0,0,0,0,0,0,0,0,0,0,0,0,0,0,0],"id":99,"left_children":[1,3,5,-1,-1,7,9,11,13,-1,-1,-1,-1,-1,-1],"loss_changes":[9.689161E-2,1.099512E-3,2.5095753E-2,0E0,0E0,1.2049543E-3,1.778543E-3,4.4436194E-5,1.4261081E-5,0E0,0E0,0E0,0E0,0E0,0E0],"parents":[2147483647,0,0,1,1,2,2,5,5,6,6,7,7,8,8],"right_children":[2,4,6,-1,-1,8,10,12,14,-1,-1,-1,-1,-1,-1],"split_conditions":[2.002366E-1,1.0048121E-1,8.027939E-1,-2.1037396E-2,-5.411339E-3,5.016166E-1,9.045453E-1,3.0063155E-1,7.024046E-1,2.9491426E-3,1.3162613E-2,-2.5924684E-3,-6.210327E-4,2.1616618E-4,7.854462E-4],"split_indices":[0,0,0,0,0,0,0,0,0,0,0,0,0,0,0],"split_type":[0,0,0,0,0,0,0,0,0,0,0,0,0,0,0],"sum_hessian":[9E0,2E0,7E0,1E0,1E0,5E0,2E0,2E0,3E0,1E0,1E0,1E0,1E0,2E0,1E0],"tree_param":{"num_deleted":"0","num_feature":"2","num_nodes":"15","size_leaf_vector":"1"}}]},"name":"gbtree"},"learner_model_param":{"base_score":"6.496667E1","boost_from_average":"1","num_class":"0","num_feature":"2","num_target":"1"},"objective":{"name":"reg:squarederror","reg_loss_param":{"scale_pos_weight":"1"}}},"version":[2,0,1]}