{"model_name": "XgboostFitTrainer_0", "trainer": "XgboostFitTrainer", "model_class": "xgboost", "model_file": "XgboostFitTrainer_0.json", "features": ["cache_miss", "cpu_cycles", "cpu_instructions"], "fe_files": [], "output_type": "AbsPower", "mae": 7.2, "mape": -1, "node_type": 0, "machine_spec": {"processor": "11th_gen_intel_core", "cores": 8, "chips": 1, "memory": 31, "frequency": 4800}, "package_mae": 7.2, "core_mae": 3.43, "uncore_mae": 1.24, "dram_mae": 0.0, "package_mape": 46.52, "core_mape": 29.34, "uncore_mape": 2167.73, "dram_mape": -1}