{"learner":{"attributes":{"scikit_learn":"{\"_estimator_type\": \"regressor\"}"},"feature_names":[],"feature_types":[],"gradient_booster":{"model":{"gbtree_model_param":{"num_parallel_tree":"1","num_trees":"100"},"iteration_indptr":[0,1,2,3,4,5,6,7,8,9,10,11,12,13,14,15,16,17,18,19,20,21,22,23,24,25,26,27,28,29,30,31,32,33,34,35,36,37,38,39,40,41,42,43,44,45,46,47,48,49,50,51,52,53,54,55,56,57,58,59,60,61,62,63,64,65,66,67,68,69,70,71,72,73,74,75,76,77,78,79,80,81,82,83,84,85,86,87,88,89,90,91,92,93,94,95,96,97,98,99,100],"tree_info":[0,0,0,0,0,0,0,0,0,0,0,0,0,0,0,0,0,0,0,0,0,0,0,0,0,0,0,0,0,0,0,0,0,0,0,0,0,0,0,0,0,0,0,0,0,0,0,0,0,0,0,0,0,0,0,0,0,0,0,0,0,0,0,0,0,0,0,0,0,0,0,0,0,0,0,0,0,0,0,0,0,0,0,0,0,0,0,0,0,0,0,0,0,0,0,0,0,0,0,0],"trees":[{"base_weights":[1.5258789E-6,-4.1355553E1,3.4462963E1,-4.9083333E0,-5.2222216E-1,5.7777786E-1,3.9044445E0],"categories":[],"categories_nodes":[],"categories_segments":[],"categories_sizes":[],"default_left":[0,0,0,0,0,0,0],"id":0,"left_children":[1,3,5,-1,-1,-1,-1],"loss_changes":[1.5677585E4,1.1398281E3,5.629336E2,0E0,0E0,0E0,0E0],"parents":[2147483647,0,0,1,1,2,2],"right_children":[2,4,6,-1,-1,-1,-1],"split_conditions":[6.0948116E-1,5.041348E-1,7.051339E-1,-4.9083333E0,-5.2222216E-1,5.7777786E-1,3.9044445E0],"split_indices":[0,0,0,0,0,0,0],"split_type":[0,0,0,0,0,0,0],"sum_hessian":[9E0,4E0,5E0,3E0,1E0,1E0,4E0],"tree_param":{"num_deleted":"0","num_feature":"2","num_nodes":"7","size_leaf_vector":"1"}},{"base_weights":[-9.483223E-2,-3.8306107E1,3.1763702E1,-4.5402083E0,-4.9611092E-1,1.120963E0,3.9238331E0],"categories":[],"categories_nodes":[],"categories_segments":[],"categories_sizes":[],"default_left":[0,0,0,0,0,0,0],"id":1,"left_children":[1,3,5,-1,-1,-1,-1],"loss_changes":[1.3390297E4,9.5783203E2,4.8195654E2,0E0,0E0,0E0,0E0],"parents":[2147483647,0,0,1,1,2,2],"right_children":[2,4,6,-1,-1,-1,-1],"split_conditions":[6.0948116E-1,5.041348E-1,8.073162E-1,-4.5402083E0,-4.9611092E-1,1.120963E0,3.9238331E0],"split_indices":[0,0,0,0,0,0,0],"split_type":[0,0,0,0,0,0,0],"sum_hessian":[9E0,4E0,5E0,3E0,1E0,2E0,3E0],"tree_param":{"num_deleted":"0","num_feature":"2","num_nodes":"7","size_leaf_vector":"1"}},{"base_weights":[-8.449898E-2,-3.548276E1,2.9428137E1,-4.1996927E0,-4.7130546E-1,4.9284133E-1,3.33424E0],"categories":[],"categories_nodes":[],"categories_segments":[],"categories_sizes":[],"default_left":[0,0,0,0,0,0,0],"id":2,"left_children":[1,3,5,-1,-1,-1,-1],"loss_changes":[1.1491151E4,8.0426074E2,4.1106494E2,0E0,0E0,0E0,0E0],"parents":[2147483647,0,0,1,1,2,2],"right_children":[2,4,6,-1,-1,-1,-1],"split_conditions":[6.0948116E-1,5.041348E-1,7.051339E-1,-4.1996927E0,-4.7130546E-1,4.9284133E-1,3.33424E0],"split_indices":[0,0,0,0,0,0,0],"split_type":[0,0,0,0,0,0,0],"sum_hessian":[9E0,4E0,5E0,3E0,1E0,1E0,4E0],"tree_param":{"num_deleted":"0","num_feature":"2","num_nodes":"7","size_leaf_vector":"1"}},{"base_weights":[-1.6044274E-1,-3.2868687E1,2.7123167E1,-3.8847158E0,-4.4774017E-1,9.18663E-1,3.3794777E0],"categories":[],"categories_nodes":[],"categories_segments":[],"categories_sizes":[],"default_left":[0,0,0,0,0,0,0],"id":3,"left_children":[1,3,5,-1,-1,-1,-1],"loss_changes":[9.815492E3,6.7474756E2,4.075332E2,0E0,0E0,0E0,0E0],"parents":[2147483647,0,0,1,1,2,2],"right_children":[2,4,6,-1,-1,-1,-1],"split_conditions":[6.0948116E-1,5.041348E-1,8.073162E-1,-3.8847158E0,-4.4774017E-1,9.18663E-1,3.3794777E0],"split_indices":[0,0,0,0,0,0,0],"split_type":[0,0,0,0,0,0,0],"sum_hessian":[9E0,4E0,5E0,3E0,1E0,2E0,3E0],"tree_param":{"num_deleted":"0","num_feature":"2","num_nodes":"7","size_leaf_vector":"1"}},{"base_weights":[-1.4782944E-1,-3.044831E1,2.512721E1,-3.5933626E0,-4.2535326E-1,8.5741884E-1,3.1260173E0],"categories":[],"categories_nodes":[],"categories_segments":[],"categories_sizes":[],"default_left":[0,0,0,0,0,0,0],"id":4,"left_children":[1,3,5,-1,-1,-1,-1],"loss_changes":[8.423539E3,5.655879E2,3.4108423E2,0E0,0E0,0E0,0E0],"parents":[2147483647,0,0,1,1,2,2],"right_children":[2,4,6,-1,-1,-1,-1],"split_conditions":[6.0948116E-1,5.041348E-1,8.073162E-1,-3.5933626E0,-4.2535326E-1,8.5741884E-1,3.1260173E0],"split_indices":[0,0,0,0,0,0,0],"split_type":[0,0,0,0,0,0,0],"sum_hessian":[9E0,4E0,5E0,3E0,1E0,2E0,3E0],"tree_param":{"num_deleted":"0","num_feature":"2","num_nodes":"7","size_leaf_vector":"1"}},{"base_weights":[-1.3657685E-1,-2.8207224E1,2.327839E1,-3.3238602E0,-4.0408555E-1,8.002574E-1,2.8915658E0],"categories":[],"categories_nodes":[],"categories_segments":[],"categories_sizes":[],"default_left":[0,0,0,0,0,0,0],"id":5,"left_children":[1,3,5,-1,-1,-1,-1],"loss_changes":[7.2293516E3,4.7363892E2,2.8528345E2,0E0,0E0,0E0,0E0],"parents":[2147483647,0,0,1,1,2,2],"right_children":[2,4,6,-1,-1,-1,-1],"split_conditions":[6.0948116E-1,5.041348E-1,8.073162E-1,-3.3238602E0,-4.0408555E-1,8.002574E-1,2.8915658E0],"split_indices":[0,0,0,0,0,0,0],"split_type":[0,0,0,0,0,0,0],"sum_hessian":[9E0,4E0,5E0,3E0,1E0,2E0,3E0],"tree_param":{"num_deleted":"0","num_feature":"2","num_nodes":"7","size_leaf_vector":"1"}},{"base_weights":[-1.2653427E-1,-2.6132092E1,2.1565851E1,-3.0745707E0,-3.838814E-1,3.3938217E-1,2.4521494E0],"categories":[],"categories_nodes":[],"categories_segments":[],"categories_sizes":[],"default_left":[0,0,0,0,0,0,0],"id":6,"left_children":[1,3,5,-1,-1,-1,-1],"loss_changes":[6.2047866E3,3.9623584E2,2.3903833E2,0E0,0E0,0E0,0E0],"parents":[2147483647,0,0,1,1,2,2],"right_children":[2,4,6,-1,-1,-1,-1],"split_conditions":[6.0948116E-1,5.041348E-1,7.051339E-1,-3.0745707E0,-3.838814E-1,3.3938217E-1,2.4521494E0],"split_indices":[0,0,0,0,0,0,0],"split_type":[0,0,0,0,0,0,0],"sum_hessian":[9E0,4E0,5E0,3E0,1E0,1E0,4E0],"tree_param":{"num_deleted":"0","num_feature":"2","num_nodes":"7","size_leaf_vector":"1"}},{"base_weights":[-1.8057327E-1,-2.4210573E1,1.9874521E1,-2.843978E0,-3.6468735E-1,6.538554E-1,2.4907868E0],"categories":[],"categories_nodes":[],"categories_segments":[],"categories_sizes":[],"default_left":[0,0,0,0,0,0,0],"id":7,"left_children":[1,3,5,-1,-1,-1,-1],"loss_changes":[5.300413E3,3.3112427E2,2.3988574E2,0E0,0E0,0E0,0E0],"parents":[2147483647,0,0,1,1,2,2],"right_children":[2,4,6,-1,-1,-1,-1],"split_conditions":[6.0948116E-1,5.041348E-1,8.073162E-1,-2.843978E0,-3.6468735E-1,6.538554E-1,2.4907868E0],"split_indices":[0,0,0,0,0,0,0],"split_type":[0,0,0,0,0,0,0],"sum_hessian":[9E0,4E0,5E0,3E0,1E0,2E0,3E0],"tree_param":{"num_deleted":"0","num_feature":"2","num_nodes":"7","size_leaf_vector":"1"}},{"base_weights":[-1.6891709E-1,-2.2431248E1,1.8411179E1,-2.6306796E0,-3.464531E-1,6.1026514E-1,2.303978E0],"categories":[],"categories_nodes":[],"categories_segments":[],"categories_sizes":[],"default_left":[0,0,0,0,0,0,0],"id":8,"left_children":[1,3,5,-1,-1,-1,-1],"loss_changes":[4.549348E3,2.7639136E2,2.0122375E2,0E0,0E0,0E0,0E0],"parents":[2147483647,0,0,1,1,2,2],"right_children":[2,4,6,-1,-1,-1,-1],"split_conditions":[6.0948116E-1,5.041348E-1,8.073162E-1,-2.6306796E0,-3.464531E-1,6.1026514E-1,2.303978E0],"split_indices":[0,0,0,0,0,0,0],"split_type":[0,0,0,0,0,0,0],"sum_hessian":[9E0,4E0,5E0,3E0,1E0,2E0,3E0],"tree_param":{"num_deleted":"0","num_feature":"2","num_nodes":"7","size_leaf_vector":"1"}},{"base_weights":[-1.5831223E-1,-2.0783552E1,1.7055773E1,-2.433379E0,-3.2913056E-1,5.695811E-1,2.1311803E0],"categories":[],"categories_nodes":[],"categories_segments":[],"categories_sizes":[],"default_left":[0,0,0,0,0,0,0],"id":9,"left_children":[1,3,5,-1,-1,-1,-1],"loss_changes":[3.904926E3,2.3041797E2,1.687019E2,0E0,0E0,0E0,0E0],"parents":[2147483647,0,0,1,1,2,2],"right_children":[2,4,6,-1,-1,-1,-1],"split_conditions":[6.0948116E-1,5.041348E-1,8.073162E-1,-2.433379E0,-3.2913056E-1,5.695811E-1,2.1311803E0],"split_indices":[0,0,0,0,0,0,0],"split_type":[0,0,0,0,0,0,0],"sum_hessian":[9E0,4E0,5E0,3E0,1E0,2E0,3E0],"tree_param":{"num_deleted":"0","num_feature":"2","num_nodes":"7","size_leaf_vector":"1"}},{"base_weights":[-1.4865494E-1,-1.9257698E1,1.58003235E1,-2.2508752E0,-3.1267396E-1,7.1415406E-1,2.2078593E0],"categories":[],"categories_nodes":[],"categories_segments":[],"categories_sizes":[],"default_left":[0,0,0,0,0,0,0],"id":10,"left_children":[1,3,5,-1,-1,-1,-1],"loss_changes":[3.351975E3,1.918341E2,1.684978E2,0E0,0E0,0E0,0E0],"parents":[2147483647,0,0,1,1,2,2],"right_children":[2,4,6,-1,-1,-1,-1],"split_conditions":[6.0948116E-1,5.041348E-1,9.034371E-1,-2.2508752E0,-3.1267396E-1,7.1415406E-1,2.2078593E0],"split_indices":[0,0,0,0,0,0,0],"split_type":[0,0,0,0,0,0,0],"sum_hessian":[9E0,4E0,5E0,3E0,1E0,3E0,2E0],"tree_param":{"num_deleted":"0","num_feature":"2","num_nodes":"7","size_leaf_vector":"1"}},{"base_weights":[-9.794235E-2,-1.7844637E1,1.47072935E1,-2.3507195E0,-6.233866E-1,6.6059227E0,2.060669E0,1.950203E-1,7.507762E-1],"categories":[],"categories_nodes":[],"categories_segments":[],"categories_sizes":[],"default_left":[0,0,0,0,0,0,0,0,0],"id":11,"left_children":[1,3,5,-1,-1,7,-1,-1,-1],"loss_changes":[2.889886E3,1.8219263E2,1.5063306E2,0E0,0E0,2.153183E0,0E0,0E0,0E0],"parents":[2147483647,0,0,1,1,2,2,5,5],"right_children":[2,4,6,-1,-1,8,-1,-1,-1],"split_conditions":[6.0948116E-1,3.0387473E-1,9.034371E-1,-2.3507195E0,-6.233866E-1,7.051339E-1,2.060669E0,1.950203E-1,7.507762E-1],"split_indices":[0,0,0,0,0,0,0,0,0],"split_type":[0,0,0,0,0,0,0,0,0],"sum_hessian":[9E0,4E0,5E0,2E0,2E0,3E0,2E0,1E0,2E0],"tree_param":{"num_deleted":"0","num_feature":"2","num_nodes":"9","size_leaf_vector":"1"}},{"base_weights":[-8.4912874E-2,-1.6654995E1,1.373764E1,-2.194005E0,-5.8182734E-1,6.181778E0,1.9232911E0,1.8526916E-1,7.007243E-1],"categories":[],"categories_nodes":[],"categories_segments":[],"categories_sizes":[],"default_left":[0,0,0,0,0,0,0,0,0],"id":12,"left_children":[1,3,5,-1,-1,7,-1,-1,-1],"loss_changes":[2.5192087E3,1.5871033E2,1.3023547E2,0E0,0E0,1.3117676E0,0E0,0E0,0E0],"parents":[2147483647,0,0,1,1,2,2,5,5],"right_children":[2,4,6,-1,-1,8,-1,-1,-1],"split_conditions":[6.0948116E-1,3.0387473E-1,9.034371E-1,-2.194005E0,-5.8182734E-1,7.051339E-1,1.9232911E0,1.8526916E-1,7.007243E-1],"split_indices":[0,0,0,0,0,0,0,0,0],"split_type":[0,0,0,0,0,0,0,0,0],"sum_hessian":[9E0,4E0,5E0,2E0,2E0,3E0,2E0,1E0,2E0],"tree_param":{"num_deleted":"0","num_feature":"2","num_nodes":"9","size_leaf_vector":"1"}},{"base_weights":[-7.3078156E-2,-1.5544661E1,1.28320875E1,-2.0477378E0,-5.4303896E-1,5.785095E0,1.7950715E0,1.7600556E-1,6.5400904E-1],"categories":[],"categories_nodes":[],"categories_segments":[],"categories_sizes":[],"default_left":[0,0,0,0,0,0,0,0,0],"id":13,"left_children":[1,3,5,-1,-1,7,-1,-1,-1],"loss_changes":[2.1961038E3,1.3825415E2,1.1257892E2,0E0,0E0,6.4460754E-1,0E0,0E0,0E0],"parents":[2147483647,0,0,1,1,2,2,5,5],"right_children":[2,4,6,-1,-1,8,-1,-1,-1],"split_conditions":[6.0948116E-1,3.0387473E-1,9.034371E-1,-2.0477378E0,-5.4303896E-1,7.051339E-1,1.7950715E0,1.7600556E-1,6.5400904E-1],"split_indices":[0,0,0,0,0,0,0,0,0],"split_type":[0,0,0,0,0,0,0,0,0],"sum_hessian":[9E0,4E0,5E0,2E0,2E0,3E0,2E0,1E0,2E0],"tree_param":{"num_deleted":"0","num_feature":"2","num_nodes":"9","size_leaf_vector":"1"}},{"base_weights":[-6.2340546E-2,-1.4508351E1,1.1986392E1,-1.7087301E0,-2.0962754E-1,5.414089E0,1.6753998E0,1.6720505E-1,6.1040854E-1],"categories":[],"categories_nodes":[],"categories_segments":[],"categories_sizes":[],"default_left":[0,0,0,0,0,0,0,0,0],"id":14,"left_children":[1,3,5,-1,-1,7,-1,-1,-1],"loss_changes":[1.9144639E3,1.2423096E2,9.72973E1,0E0,0E0,1.2162781E-1,0E0,0E0,0E0],"parents":[2147483647,0,0,1,1,2,2,5,5],"right_children":[2,4,6,-1,-1,8,-1,-1,-1],"split_conditions":[6.0948116E-1,5.041348E-1,9.034371E-1,-1.7087301E0,-2.0962754E-1,7.051339E-1,1.6753998E0,1.6720505E-1,6.1040854E-1],"split_indices":[0,0,0,0,0,0,0,0,0],"split_type":[0,0,0,0,0,0,0,0,0],"sum_hessian":[9E0,4E0,5E0,3E0,1E0,3E0,2E0,1E0,2E0],"tree_param":{"num_deleted":"0","num_feature":"2","num_nodes":"9","size_leaf_vector":"1"}},{"base_weights":[-2.6412965E-3,-1.3441187E1,1.1196587E1,-1.7973067E0,-4.4289118E-1,5.0670815E-1,1.5637065E0],"categories":[],"categories_nodes":[],"categories_segments":[],"categories_sizes":[],"default_left":[0,0,0,0,0,0,0],"id":15,"left_children":[1,3,5,-1,-1,-1,-1],"loss_changes":[1.6555087E3,1.2461163E2,8.40733E1,0E0,0E0,0E0,0E0],"parents":[2147483647,0,0,1,1,2,2],"right_children":[2,4,6,-1,-1,-1,-1],"split_conditions":[6.0948116E-1,3.0387473E-1,9.034371E-1,-1.7973067E0,-4.4289118E-1,5.0670815E-1,1.5637065E0],"split_indices":[0,0,0,0,0,0,0],"split_type":[0,0,0,0,0,0,0],"sum_hessian":[9E0,4E0,5E0,2E0,2E0,3E0,2E0],"tree_param":{"num_deleted":"0","num_feature":"2","num_nodes":"7","size_leaf_vector":"1"}},{"base_weights":[-1.9355774E-2,-1.2545105E1,1.0421994E1,-1.6774858E0,-4.1336495E-1,4.687046E0,1.4594594E0,1.3350907E-1,5.3593343E-1],"categories":[],"categories_nodes":[],"categories_segments":[],"categories_sizes":[],"default_left":[0,0,0,0,0,0,0,0,0],"id":16,"left_children":[1,3,5,-1,-1,7,-1,-1,-1],"loss_changes":[1.4386024E3,1.0855054E2,7.51723E1,0E0,0E0,1.8587189E0,0E0,0E0,0E0],"parents":[2147483647,0,0,1,1,2,2,5,5],"right_children":[2,4,6,-1,-1,8,-1,-1,-1],"split_conditions":[6.0948116E-1,3.0387473E-1,9.034371E-1,-1.6774858E0,-4.1336495E-1,7.051339E-1,1.4594594E0,1.3350907E-1,5.3593343E-1],"split_indices":[0,0,0,0,0,0,0,0,0],"split_type":[0,0,0,0,0,0,0,0,0],"sum_hessian":[9E0,4E0,5E0,2E0,2E0,3E0,2E0,1E0,2E0],"tree_param":{"num_deleted":"0","num_feature":"2","num_nodes":"9","size_leaf_vector":"1"}},{"base_weights":[-1.3615417E-2,-1.1708765E1,9.7346115E0,-1.5656537E0,-3.8580704E-1,4.3857E0,1.3621624E0,1.2683335E-1,5.002045E-1],"categories":[],"categories_nodes":[],"categories_segments":[],"categories_sizes":[],"default_left":[0,0,0,0,0,0,0,0,0],"id":17,"left_children":[1,3,5,-1,-1,7,-1,-1,-1],"loss_changes":[1.2540499E3,9.4559814E1,6.500726E1,0E0,0E0,1.341217E0,0E0,0E0,0E0],"parents":[2147483647,0,0,1,1,2,2,5,5],"right_children":[2,4,6,-1,-1,8,-1,-1,-1],"split_conditions":[6.0948116E-1,3.0387473E-1,9.034371E-1,-1.5656537E0,-3.8580704E-1,7.051339E-1,1.3621624E0,1.2683335E-1,5.002045E-1],"split_indices":[0,0,0,0,0,0,0,0,0],"split_type":[0,0,0,0,0,0,0,0,0],"sum_hessian":[9E0,4E0,5E0,2E0,2E0,3E0,2E0,1E0,2E0],"tree_param":{"num_deleted":"0","num_feature":"2","num_nodes":"9","size_leaf_vector":"1"}},{"base_weights":[-8.480072E-3,-1.0928182E1,9.092685E0,-1.461277E0,-3.6008656E-1,4.1038933E0,1.2713512E0,1.20491795E-1,4.668579E-1],"categories":[],"categories_nodes":[],"categories_segments":[],"categories_sizes":[],"default_left":[0,0,0,0,0,0,0,0,0],"id":18,"left_children":[1,3,5,-1,-1,7,-1,-1,-1],"loss_changes":[1.0931864E3,8.237213E1,5.620645E1,0E0,0E0,9.227905E-1,0E0,0E0,0E0],"parents":[2147483647,0,0,1,1,2,2,5,5],"right_children":[2,4,6,-1,-1,8,-1,-1,-1],"split_conditions":[6.0948116E-1,3.0387473E-1,9.034371E-1,-1.461277E0,-3.6008656E-1,7.051339E-1,1.2713512E0,1.20491795E-1,4.668579E-1],"split_indices":[0,0,0,0,0,0,0,0,0],"split_type":[0,0,0,0,0,0,0,0,0],"sum_hessian":[9E0,4E0,5E0,2E0,2E0,3E0,2E0,1E0,2E0],"tree_param":{"num_deleted":"0","num_feature":"2","num_nodes":"9","size_leaf_vector":"1"}},{"base_weights":[-3.8993836E-3,-1.0199638E1,8.493199E0,-1.2154354E0,-1.19038776E-1,3.8403397E0,1.1865947E0,1.1446686E-1,4.3573403E-1],"categories":[],"categories_nodes":[],"categories_segments":[],"categories_sizes":[],"default_left":[0,0,0,0,0,0,0,0,0],"id":19,"left_children":[1,3,5,-1,-1,7,-1,-1,-1],"loss_changes":[9.5296967E2,7.358417E1,4.8588257E1,0E0,0E0,5.869446E-1,0E0,0E0,0E0],"parents":[2147483647,0,0,1,1,2,2,5,5],"right_children":[2,4,6,-1,-1,8,-1,-1,-1],"split_conditions":[6.0948116E-1,5.041348E-1,9.034371E-1,-1.2154354E0,-1.19038776E-1,7.051339E-1,1.1865947E0,1.1446686E-1,4.3573403E-1],"split_indices":[0,0,0,0,0,0,0,0,0],"split_type":[0,0,0,0,0,0,0,0,0],"sum_hessian":[9E0,4E0,5E0,3E0,1E0,3E0,2E0,1E0,2E0],"tree_param":{"num_deleted":"0","num_feature":"2","num_nodes":"9","size_leaf_vector":"1"}},{"base_weights":[3.6723327E-2,-9.446567E0,7.9333444E0,-1.2828296E0,-2.9159826E-1,3.5938568E0,1.107488E0,1.0874329E-1,4.066854E-1],"categories":[],"categories_nodes":[],"categories_segments":[],"categories_sizes":[],"default_left":[0,0,0,0,0,0,0,0,0],"id":20,"left_children":[1,3,5,-1,-1,7,-1,-1,-1],"loss_changes":[8.2380237E2,7.3016205E1,4.1994415E1,0E0,0E0,3.1969452E-1,0E0,0E0,0E0],"parents":[2147483647,0,0,1,1,2,2,5,5],"right_children":[2,4,6,-1,-1,8,-1,-1,-1],"split_conditions":[6.0948116E-1,3.0387473E-1,9.034371E-1,-1.2828296E0,-2.9159826E-1,7.051339E-1,1.107488E0,1.0874329E-1,4.066854E-1],"split_indices":[0,0,0,0,0,0,0,0,0],"split_type":[0,0,0,0,0,0,0,0,0],"sum_hessian":[9E0,4E0,5E0,2E0,2E0,3E0,2E0,1E0,2E0],"tree_param":{"num_deleted":"0","num_feature":"2","num_nodes":"9","size_leaf_vector":"1"}},{"base_weights":[3.7898254E-2,-8.816797E0,7.4104943E0,-1.1973076E0,-2.7215856E-1,3.3633232E0,1.0336559E0,1.0330582E-1,3.7957257E-1],"categories":[],"categories_nodes":[],"categories_segments":[],"categories_sizes":[],"default_left":[0,0,0,0,0,0,0,0,0],"id":21,"left_children":[1,3,5,-1,-1,7,-1,-1,-1],"loss_changes":[7.181578E2,6.3605194E1,3.6288483E1,0E0,0E0,1.09241486E-1,0E0,0E0,0E0],"parents":[2147483647,0,0,1,1,2,2,5,5],"right_children":[2,4,6,-1,-1,8,-1,-1,-1],"split_conditions":[6.0948116E-1,3.0387473E-1,9.034371E-1,-1.1973076E0,-2.7215856E-1,7.051339E-1,1.0336559E0,1.0330582E-1,3.7957257E-1],"split_indices":[0,0,0,0,0,0,0,0,0],"split_type":[0,0,0,0,0,0,0,0,0],"sum_hessian":[9E0,4E0,5E0,2E0,2E0,3E0,2E0,1E0,2E0],"tree_param":{"num_deleted":"0","num_feature":"2","num_nodes":"9","size_leaf_vector":"1"}},{"base_weights":[3.8812257E-2,-8.229013E0,6.922198E0,-1.1174873E0,-2.5401485E-1,2.2115783E-1,8.724613E-1],"categories":[],"categories_nodes":[],"categories_segments":[],"categories_sizes":[],"default_left":[0,0,0,0,0,0,0],"id":22,"left_children":[1,3,5,-1,-1,-1,-1],"loss_changes":[6.2606915E2,5.5407166E1,3.1647797E1,0E0,0E0,0E0,0E0],"parents":[2147483647,0,0,1,1,2,2],"right_children":[2,4,6,-1,-1,-1,-1],"split_conditions":[6.0948116E-1,3.0387473E-1,8.073162E-1,-1.1174873E0,-2.5401485E-1,2.2115783E-1,8.724613E-1],"split_indices":[0,0,0,0,0,0,0],"split_type":[0,0,0,0,0,0,0],"sum_hessian":[9E0,4E0,5E0,2E0,2E0,2E0,3E0],"tree_param":{"num_deleted":"0","num_feature":"2","num_nodes":"7","size_leaf_vector":"1"}},{"base_weights":[7.1395873E-3,-7.6804137E0,6.4122443E0,-1.0429883E0,-2.3708065E0,2.8190117E0,9.065806E-1,-2.8342247E-1,-7.219849E-2,8.708268E-2,3.1781313E-1],"categories":[],"categories_nodes":[],"categories_segments":[],"categories_sizes":[],"default_left":[0,0,0,0,0,0,0,0,0,0,0],"id":23,"left_children":[1,3,5,-1,7,9,-1,-1,-1,-1,-1],"loss_changes":[5.4164453E2,4.8265778E1,3.1652573E1,0E0,2.4601364E-1,3.0921936E-2,0E0,0E0,0E0,0E0,0E0],"parents":[2147483647,0,0,1,1,2,2,4,4,5,5],"right_children":[2,4,6,-1,8,10,-1,-1,-1,-1,-1],"split_conditions":[6.0948116E-1,3.0387473E-1,9.034371E-1,-1.0429883E0,5.041348E-1,7.051339E-1,9.065806E-1,-2.8342247E-1,-7.219849E-2,8.708268E-2,3.1781313E-1],"split_indices":[0,0,0,0,0,0,0,0,0,0,0],"split_type":[0,0,0,0,0,0,0,0,0,0,0],"sum_hessian":[9E0,4E0,5E0,2E0,2E0,3E0,2E0,1E0,1E0,1E0,2E0],"tree_param":{"num_deleted":"0","num_feature":"2","num_nodes":"11","size_leaf_vector":"1"}},{"base_weights":[-2.2872924E-3,-7.192093E0,5.9895988E0,-1.1550916E0,-3.2146578E0,2.638336E-1,8.461415E-1,-3.828953E-1,-6.858864E-2],"categories":[],"categories_nodes":[],"categories_segments":[],"categories_sizes":[],"default_left":[0,0,0,0,0,0,0,0,0],"id":24,"left_children":[1,3,5,-1,7,-1,-1,-1,-1],"loss_changes":[4.738827E2,4.955243E1,2.737819E1,0E0,3.5874214E0,0E0,0E0,0E0,0E0],"parents":[2147483647,0,0,1,1,2,2,4,4],"right_children":[2,4,6,-1,8,-1,-1,-1,-1],"split_conditions":[6.0948116E-1,2.0260158E-1,9.034371E-1,-1.1550916E0,5.041348E-1,2.638336E-1,8.461415E-1,-3.828953E-1,-6.858864E-2],"split_indices":[0,0,0,0,0,0,0,0,0],"split_type":[0,0,0,0,0,0,0,0,0],"sum_hessian":[9E0,4E0,5E0,1E0,3E0,3E0,2E0,2E0,1E0],"tree_param":{"num_deleted":"0","num_feature":"2","num_nodes":"9","size_leaf_vector":"1"}},{"base_weights":[-5.1721193E-2,-6.7941985E0,5.57563E0,-1.0973371E0,-3.0060625E0,3.0215607E0,9.172989E-1,-3.5736886E-1,-6.5159224E-2,6.953659E-2,3.429268E-1],"categories":[],"categories_nodes":[],"categories_segments":[],"categories_sizes":[],"default_left":[0,0,0,0,0,0,0,0,0,0,0],"id":25,"left_children":[1,3,5,-1,7,9,-1,-1,-1,-1,-1],"loss_changes":[4.1730484E2,4.616974E1,2.741066E1,0E0,3.0172424E0,2.3574333E0,0E0,0E0,0E0,0E0,0E0],"parents":[2147483647,0,0,1,1,2,2,4,4,5,5],"right_children":[2,4,6,-1,8,10,-1,-1,-1,-1,-1],"split_conditions":[6.0948116E-1,2.0260158E-1,1E0,-1.0973371E0,5.041348E-1,7.051339E-1,9.172989E-1,-3.5736886E-1,-6.5159224E-2,6.953659E-2,3.429268E-1],"split_indices":[0,0,0,0,0,0,0,0,0,0,0],"split_type":[0,0,0,0,0,0,0,0,0,0,0],"sum_hessian":[9E0,4E0,5E0,1E0,3E0,4E0,1E0,2E0,1E0,1E0,3E0],"tree_param":{"num_deleted":"0","num_feature":"2","num_nodes":"11","size_leaf_vector":"1"}},{"base_weights":[-6.555863E-2,-6.4187517E0,5.239695E0,-1.0424703E0,-2.8110876E0,2.8018982E0,8.7143403E-1,-3.3354428E-1,-6.1901093E-2,6.605988E-2,3.1720734E-1],"categories":[],"categories_nodes":[],"categories_segments":[],"categories_sizes":[],"default_left":[0,0,0,0,0,0,0,0,0,0,0],"id":26,"left_children":[1,3,5,-1,7,9,-1,-1,-1,-1,-1],"loss_changes":[3.7068533E2,4.2955887E1,2.6406189E1,0E0,2.5330334E0,1.8678131E0,0E0,0E0,0E0,0E0,0E0],"parents":[2147483647,0,0,1,1,2,2,4,4,5,5],"right_children":[2,4,6,-1,8,10,-1,-1,-1,-1,-1],"split_conditions":[6.0948116E-1,2.0260158E-1,1E0,-1.0424703E0,5.041348E-1,7.051339E-1,8.7143403E-1,-3.3354428E-1,-6.1901093E-2,6.605988E-2,3.1720734E-1],"split_indices":[0,0,0,0,0,0,0,0,0,0,0],"split_type":[0,0,0,0,0,0,0,0,0,0,0],"sum_hessian":[9E0,4E0,5E0,1E0,3E0,4E0,1E0,2E0,1E0,1E0,3E0],"tree_param":{"num_deleted":"0","num_feature":"2","num_nodes":"11","size_leaf_vector":"1"}},{"base_weights":[-7.732544E-2,-6.0644593E0,4.9248405E0,-9.903467E-1,-2.6288404E0,2.5983582E0,8.2786256E-1,-3.1130818E-1,-5.880585E-2,6.275711E-2,2.9341623E-1],"categories":[],"categories_nodes":[],"categories_segments":[],"categories_sizes":[],"default_left":[0,0,0,0,0,0,0,0,0,0,0],"id":27,"left_children":[1,3,5,-1,7,9,-1,-1,-1,-1,-1],"loss_changes":[3.2935287E2,3.9912186E1,2.530429E1,0E0,2.1222496E0,1.4675941E0,0E0,0E0,0E0,0E0,0E0],"parents":[2147483647,0,0,1,1,2,2,4,4,5,5],"right_children":[2,4,6,-1,8,10,-1,-1,-1,-1,-1],"split_conditions":[6.0948116E-1,2.0260158E-1,1E0,-9.903467E-1,5.041348E-1,7.051339E-1,8.2786256E-1,-3.1130818E-1,-5.880585E-2,6.275711E-2,2.9341623E-1],"split_indices":[0,0,0,0,0,0,0,0,0,0,0],"split_type":[0,0,0,0,0,0,0,0,0,0,0],"sum_hessian":[9E0,4E0,5E0,1E0,3E0,4E0,1E0,2E0,1E0,1E0,3E0],"tree_param":{"num_deleted":"0","num_feature":"2","num_nodes":"11","size_leaf_vector":"1"}},{"base_weights":[-8.723374E-2,-5.730104E0,4.6296973E0,-9.408293E-1,-2.4584837E0,2.4097595E0,7.864693E-1,-2.9055417E-1,-5.5865478E-2,5.961914E-2,2.7141038E-1],"categories":[],"categories_nodes":[],"categories_segments":[],"categories_sizes":[],"default_left":[0,0,0,0,0,0,0,0,0,0,0],"id":28,"left_children":[1,3,5,-1,7,9,-1,-1,-1,-1,-1],"loss_changes":[2.926989E2,3.703807E1,2.4136917E1,0E0,1.7741375E0,1.1416187E0,0E0,0E0,0E0,0E0,0E0],"parents":[2147483647,0,0,1,1,2,2,4,4,5,5],"right_children":[2,4,6,-1,8,10,-1,-1,-1,-1,-1],"split_conditions":[6.0948116E-1,2.0260158E-1,1E0,-9.408293E-1,5.041348E-1,7.051339E-1,7.864693E-1,-2.9055417E-1,-5.5865478E-2,5.961914E-2,2.7141038E-1],"split_indices":[0,0,0,0,0,0,0,0,0,0,0],"split_type":[0,0,0,0,0,0,0,0,0,0,0],"sum_hessian":[9E0,4E0,5E0,1E0,3E0,4E0,1E0,2E0,1E0,1E0,3E0],"tree_param":{"num_deleted":"0","num_feature":"2","num_nodes":"11","size_leaf_vector":"1"}},{"base_weights":[-9.548416E-2,-5.414543E0,4.352979E0,-8.93788E-1,-2.2992392E0,2.2349916E0,7.4714583E-1,-2.7118367E-1,-5.307236E-2,5.6638338E-2,2.5105476E-1],"categories":[],"categories_nodes":[],"categories_segments":[],"categories_sizes":[],"default_left":[0,0,0,0,0,0,0,0,0,0,0],"id":29,"left_children":[1,3,5,-1,7,9,-1,-1,-1,-1,-1],"loss_changes":[2.6018576E2,3.4330994E1,2.2930763E1,0E0,1.4795036E0,8.770447E-1,0E0,0E0,0E0,0E0,0E0],"parents":[2147483647,0,0,1,1,2,2,4,4,5,5],"right_children":[2,4,6,-1,8,10,-1,-1,-1,-1,-1],"split_conditions":[6.0948116E-1,2.0260158E-1,1E0,-8.93788E-1,5.041348E-1,7.051339E-1,7.4714583E-1,-2.7118367E-1,-5.307236E-2,5.6638338E-2,2.5105476E-1],"split_indices":[0,0,0,0,0,0,0,0,0,0,0],"split_type":[0,0,0,0,0,0,0,0,0,0,0],"sum_hessian":[9E0,4E0,5E0,1E0,3E0,4E0,1E0,2E0,1E0,1E0,3E0],"tree_param":{"num_deleted":"0","num_feature":"2","num_nodes":"11","size_leaf_vector":"1"}},{"base_weights":[-1.0225563E-1,-5.116697E0,4.093488E0,-8.490986E-1,-2.1503782E0,2.0730317E0,7.097885E-1,-2.5310454E-1,-5.0418854E-2,5.3806305E-2,2.322258E-1],"categories":[],"categories_nodes":[],"categories_segments":[],"categories_sizes":[],"default_left":[0,0,0,0,0,0,0,0,0,0,0],"id":30,"left_children":[1,3,5,-1,7,9,-1,-1,-1,-1,-1],"loss_changes":[2.3133824E2,3.1787247E1,2.170739E1,0E0,1.2304764E0,6.632519E-1,0E0,0E0,0E0,0E0,0E0],"parents":[2147483647,0,0,1,1,2,2,4,4,5,5],"right_children":[2,4,6,-1,8,10,-1,-1,-1,-1,-1],"split_conditions":[6.0948116E-1,2.0260158E-1,1E0,-8.490986E-1,5.041348E-1,7.051339E-1,7.097885E-1,-2.5310454E-1,-5.0418854E-2,5.3806305E-2,2.322258E-1],"split_indices":[0,0,0,0,0,0,0,0,0,0,0],"split_type":[0,0,0,0,0,0,0,0,0,0,0],"sum_hessian":[9E0,4E0,5E0,1E0,3E0,4E0,1E0,2E0,1E0,1E0,3E0],"tree_param":{"num_deleted":"0","num_feature":"2","num_nodes":"11","size_leaf_vector":"1"}},{"base_weights":[-1.07709885E-1,-4.835552E0,3.8501103E0,-8.0664366E-1,-2.011222E0,1.922937E0,6.742989E-1,-2.3623085E-1,-4.7898103E-2,5.111618E-2,2.1480905E-1],"categories":[],"categories_nodes":[],"categories_segments":[],"categories_sizes":[],"default_left":[0,0,0,0,0,0,0,0,0,0,0],"id":31,"left_children":[1,3,5,-1,7,9,-1,-1,-1,-1,-1],"loss_changes":[2.0573692E2,2.9402039E1,2.0484123E1,0E0,1.0202961E0,4.913082E-1,0E0,0E0,0E0,0E0,0E0],"parents":[2147483647,0,0,1,1,2,2,4,4,5,5],"right_children":[2,4,6,-1,8,10,-1,-1,-1,-1,-1],"split_conditions":[6.0948116E-1,2.0260158E-1,1E0,-8.0664366E-1,5.041348E-1,7.051339E-1,6.742989E-1,-2.3623085E-1,-4.7898103E-2,5.111618E-2,2.1480905E-1],"split_indices":[0,0,0,0,0,0,0,0,0,0,0],"split_type":[0,0,0,0,0,0,0,0,0,0,0],"sum_hessian":[9E0,4E0,5E0,1E0,3E0,4E0,1E0,2E0,1E0,1E0,3E0],"tree_param":{"num_deleted":"0","num_feature":"2","num_nodes":"11","size_leaf_vector":"1"}},{"base_weights":[-1.119957E-1,-4.5701523E0,3.6218007E0,-7.6631147E-1,-1.8811331E0,1.7838256E0,6.405838E-1,-2.2048226E-1,-4.5503236E-2,4.8560333E-2,1.9869804E-1],"categories":[],"categories_nodes":[],"categories_segments":[],"categories_sizes":[],"default_left":[0,0,0,0,0,0,0,0,0,0,0],"id":32,"left_children":[1,3,5,-1,7,9,-1,-1,-1,-1,-1],"loss_changes":[1.8301068E2,2.716983E1,1.9275047E1,0E0,8.431902E-1,3.53817E-1,0E0,0E0,0E0,0E0,0E0],"parents":[2147483647,0,0,1,1,2,2,4,4,5,5],"right_children":[2,4,6,-1,8,10,-1,-1,-1,-1,-1],"split_conditions":[6.0948116E-1,2.0260158E-1,1E0,-7.6631147E-1,5.041348E-1,7.051339E-1,6.405838E-1,-2.2048226E-1,-4.5503236E-2,4.8560333E-2,1.9869804E-1],"split_indices":[0,0,0,0,0,0,0,0,0,0,0],"split_type":[0,0,0,0,0,0,0,0,0,0,0],"sum_hessian":[9E0,4E0,5E0,1E0,3E0,4E0,1E0,2E0,1E0,1E0,3E0],"tree_param":{"num_deleted":"0","num_feature":"2","num_nodes":"11","size_leaf_vector":"1"}},{"base_weights":[-1.15241244E-1,-4.319597E0,3.4075954E0,-7.279959E-1,-1.7595167E0,1.6548951E0,6.0855484E-1,-2.0578347E-1,-4.322815E-2,4.613266E-2,1.8379556E-1],"categories":[],"categories_nodes":[],"categories_segments":[],"categories_sizes":[],"default_left":[0,0,0,0,0,0,0,0,0,0,0],"id":33,"left_children":[1,3,5,-1,7,9,-1,-1,-1,-1,-1],"loss_changes":[1.62832E2,2.508461E1,1.8090958E1,0E0,6.9418716E-1,2.4457836E-1,0E0,0E0,0E0,0E0,0E0],"parents":[2147483647,0,0,1,1,2,2,4,4,5,5],"right_children":[2,4,6,-1,8,10,-1,-1,-1,-1,-1],"split_conditions":[6.0948116E-1,2.0260158E-1,1E0,-7.279959E-1,5.041348E-1,7.051339E-1,6.0855484E-1,-2.0578347E-1,-4.322815E-2,4.613266E-2,1.8379556E-1],"split_indices":[0,0,0,0,0,0,0,0,0,0,0],"split_type":[0,0,0,0,0,0,0,0,0,0,0],"sum_hessian":[9E0,4E0,5E0,1E0,3E0,4E0,1E0,2E0,1E0,1E0,3E0],"tree_param":{"num_deleted":"0","num_feature":"2","num_nodes":"11","size_leaf_vector":"1"}},{"base_weights":[-1.1756821E-1,-4.0830398E0,3.2065861E0,-6.9159603E-1,-1.6458197E0,1.5353943E0,5.781273E-1,-1.920648E-1,-4.1066743E-2,4.3826293E-2,1.7001115E-1],"categories":[],"categories_nodes":[],"categories_segments":[],"categories_sizes":[],"default_left":[0,0,0,0,0,0,0,0,0,0,0],"id":34,"left_children":[1,3,5,-1,7,9,-1,-1,-1,-1,-1],"loss_changes":[1.4491101E2,2.3139832E1,1.6940235E1,0E0,5.6907177E-1,1.5848541E-1,0E0,0E0,0E0,0E0,0E0],"parents":[2147483647,0,0,1,1,2,2,4,4,5,5],"right_children":[2,4,6,-1,8,10,-1,-1,-1,-1,-1],"split_conditions":[6.0948116E-1,2.0260158E-1,1E0,-6.9159603E-1,5.041348E-1,7.051339E-1,5.781273E-1,-1.920648E-1,-4.1066743E-2,4.3826293E-2,1.7001115E-1],"split_indices":[0,0,0,0,0,0,0,0,0,0,0],"split_type":[0,0,0,0,0,0,0,0,0,0,0],"sum_hessian":[9E0,4E0,5E0,1E0,3E0,4E0,1E0,2E0,1E0,1E0,3E0],"tree_param":{"num_deleted":"0","num_feature":"2","num_nodes":"11","size_leaf_vector":"1"}},{"base_weights":[-1.1908798E-1,-3.8596816E0,3.0179214E0,-6.570162E-1,-1.5395212E0,1.4246216E0,5.4922104E-1,-1.7926064E-1,-3.9013293E-2,4.1635133E-2,1.5726013E-1],"categories":[],"categories_nodes":[],"categories_segments":[],"categories_sizes":[],"default_left":[0,0,0,0,0,0,0,0,0,0,0],"id":35,"left_children":[1,3,5,-1,7,9,-1,-1,-1,-1,-1],"loss_changes":[1.28991E2,2.1328842E1,1.5829388E1,0E0,4.6421814E-1,9.126282E-2,0E0,0E0,0E0,0E0,0E0],"parents":[2147483647,0,0,1,1,2,2,4,4,5,5],"right_children":[2,4,6,-1,8,10,-1,-1,-1,-1,-1],"split_conditions":[6.0948116E-1,2.0260158E-1,1E0,-6.570162E-1,5.041348E-1,7.051339E-1,5.4922104E-1,-1.7926064E-1,-3.9013293E-2,4.1635133E-2,1.5726013E-1],"split_indices":[0,0,0,0,0,0,0,0,0,0,0],"split_type":[0,0,0,0,0,0,0,0,0,0,0],"sum_hessian":[9E0,4E0,5E0,1E0,3E0,4E0,1E0,2E0,1E0,1E0,3E0],"tree_param":{"num_deleted":"0","num_feature":"2","num_nodes":"11","size_leaf_vector":"1"}},{"base_weights":[-1.19896315E-1,-3.6487708E0,2.8408153E0,-6.2416536E-1,-1.4401369E0,1.3219391E0,5.217598E-1,-1.6730995E-1,-3.7062455E-2,3.9553072E-2,1.4546585E-1],"categories":[],"categories_nodes":[],"categories_segments":[],"categories_sizes":[],"default_left":[0,0,0,0,0,0,0,0,0,0,0],"id":36,"left_children":[1,3,5,-1,7,9,-1,-1,-1,-1,-1],"loss_changes":[1.14845276E2,1.9644806E1,1.4762882E1,0E0,3.765335E-1,3.94001E-2,0E0,0E0,0E0,0E0,0E0],"parents":[2147483647,0,0,1,1,2,2,4,4,5,5],"right_children":[2,4,6,-1,8,10,-1,-1,-1,-1,-1],"split_conditions":[6.0948116E-1,2.0260158E-1,1E0,-6.2416536E-1,5.041348E-1,7.051339E-1,5.217598E-1,-1.6730995E-1,-3.7062455E-2,3.9553072E-2,1.4546585E-1],"split_indices":[0,0,0,0,0,0,0,0,0,0,0],"split_type":[0,0,0,0,0,0,0,0,0,0,0],"sum_hessian":[9E0,4E0,5E0,1E0,3E0,4E0,1E0,2E0,1E0,1E0,3E0],"tree_param":{"num_deleted":"0","num_feature":"2","num_nodes":"11","size_leaf_vector":"1"}},{"base_weights":[-1.2008057E-1,-3.4496002E0,2.6745327E0,-5.9295714E-1,-1.3472147E0,1.2267517E-1,4.9567184E-1,-1.5615578E-1,-3.5209276E-2],"categories":[],"categories_nodes":[],"categories_segments":[],"categories_sizes":[],"default_left":[0,0,0,0,0,0,0,0,0],"id":37,"left_children":[1,3,5,-1,7,-1,-1,-1,-1],"loss_changes":[1.02273254E2,1.8080868E1,1.3743965E1,0E0,3.0337667E-1,0E0,0E0,0E0,0E0],"parents":[2147483647,0,0,1,1,2,2,4,4],"right_children":[2,4,6,-1,8,-1,-1,-1,-1],"split_conditions":[6.0948116E-1,2.0260158E-1,1E0,-5.9295714E-1,5.041348E-1,1.2267517E-1,4.9567184E-1,-1.5615578E-1,-3.5209276E-2],"split_indices":[0,0,0,0,0,0,0,0,0],"split_type":[0,0,0,0,0,0,0,0,0],"sum_hessian":[9E0,4E0,5E0,1E0,3E0,4E0,1E0,2E0,1E0],"tree_param":{"num_deleted":"0","num_feature":"2","num_nodes":"9","size_leaf_vector":"1"}},{"base_weights":[-1.24671176E-1,-3.2615037E0,2.5101345E0,-5.633093E-1,-1.2603331E0,1.1286072E0,4.7088853E-1,-1.4574522E-1,-3.3448793E-2,3.14415E-2,1.2535515E-1],"categories":[],"categories_nodes":[],"categories_segments":[],"categories_sizes":[],"default_left":[0,0,0,0,0,0,0,0,0,0,0],"id":38,"left_children":[1,3,5,-1,7,9,-1,-1,-1,-1,-1],"loss_changes":[9.083625E1,1.66302E1,1.2911324E1,0E0,2.425065E-1,1.14507675E-1,0E0,0E0,0E0,0E0,0E0],"parents":[2147483647,0,0,1,1,2,2,4,4,5,5],"right_children":[2,4,6,-1,8,10,-1,-1,-1,-1,-1],"split_conditions":[6.0948116E-1,2.0260158E-1,1E0,-5.633093E-1,5.041348E-1,7.051339E-1,4.7088853E-1,-1.4574522E-1,-3.3448793E-2,3.14415E-2,1.2535515E-1],"split_indices":[0,0,0,0,0,0,0,0,0,0,0],"split_type":[0,0,0,0,0,0,0,0,0,0,0],"sum_hessian":[9E0,4E0,5E0,1E0,3E0,4E0,1E0,2E0,1E0,1E0,3E0],"tree_param":{"num_deleted":"0","num_feature":"2","num_nodes":"11","size_leaf_vector":"1"}},{"base_weights":[-1.2368546E-1,-3.0838547E0,2.3637364E0,-5.3514385E-1,-1.1790991E0,1.047107E0,4.473442E-1,-1.3602893E-1,-3.177643E-2,2.986908E-2,1.15953825E-1],"categories":[],"categories_nodes":[],"categories_segments":[],"categories_sizes":[],"default_left":[0,0,0,0,0,0,0,0,0,0,0],"id":39,"left_children":[1,3,5,-1,7,9,-1,-1,-1,-1,-1],"loss_changes":[8.092132E1,1.5286087E1,1.1982033E1,0E0,1.920104E-1,7.4383736E-2,0E0,0E0,0E0,0E0,0E0],"parents":[2147483647,0,0,1,1,2,2,4,4,5,5],"right_children":[2,4,6,-1,8,10,-1,-1,-1,-1,-1],"split_conditions":[6.0948116E-1,2.0260158E-1,1E0,-5.3514385E-1,5.041348E-1,7.051339E-1,4.473442E-1,-1.3602893E-1,-3.177643E-2,2.986908E-2,1.15953825E-1],"split_indices":[0,0,0,0,0,0,0,0,0,0,0],"split_type":[0,0,0,0,0,0,0,0,0,0,0],"sum_hessian":[9E0,4E0,5E0,1E0,3E0,4E0,1E0,2E0,1E0,1E0,3E0],"tree_param":{"num_deleted":"0","num_feature":"2","num_nodes":"11","size_leaf_vector":"1"}},{"base_weights":[-1.2229271E-1,-2.9160576E0,2.2262268E0,-5.083866E-1,-1.1031389E0,9.715637E-1,4.2497712E-1,-1.2696013E-1,-3.0187607E-2,4.3145753E-2,1.1878153E-1],"categories":[],"categories_nodes":[],"categories_segments":[],"categories_sizes":[],"default_left":[0,0,0,0,0,0,0,0,0,0,0],"id":40,"left_children":[1,3,5,-1,7,9,-1,-1,-1,-1,-1],"loss_changes":[7.210392E1,1.4042091E1,1.1104277E1,0E0,1.5025759E-1,7.1502686E-2,0E0,0E0,0E0,0E0,0E0],"parents":[2147483647,0,0,1,1,2,2,4,4,5,5],"right_children":[2,4,6,-1,8,10,-1,-1,-1,-1,-1],"split_conditions":[6.0948116E-1,2.0260158E-1,1E0,-5.083866E-1,5.041348E-1,8.073162E-1,4.2497712E-1,-1.2696013E-1,-3.0187607E-2,4.3145753E-2,1.1878153E-1],"split_indices":[0,0,0,0,0,0,0,0,0,0,0],"split_type":[0,0,0,0,0,0,0,0,0,0,0],"sum_hessian":[9E0,4E0,5E0,1E0,3E0,4E0,1E0,2E0,1E0,2E0,2E0],"tree_param":{"num_deleted":"0","num_feature":"2","num_nodes":"11","size_leaf_vector":"1"}},{"base_weights":[-1.17925264E-1,-2.7575576E0,2.1014225E0,-4.829672E-1,-1.0321112E0,9.0679324E-1,4.037285E-1,-1.18496075E-1,-2.8678132E-2,4.026896E-2,1.10863246E-1],"categories":[],"categories_nodes":[],"categories_segments":[],"categories_sizes":[],"default_left":[0,0,0,0,0,0,0,0,0,0,0],"id":41,"left_children":[1,3,5,-1,7,9,-1,-1,-1,-1,-1],"loss_changes":[6.4377426E1,1.28918495E1,1.0214846E1,0E0,1.1586809E-1,6.2304497E-2,0E0,0E0,0E0,0E0,0E0],"parents":[2147483647,0,0,1,1,2,2,4,4,5,5],"right_children":[2,4,6,-1,8,10,-1,-1,-1,-1,-1],"split_conditions":[6.0948116E-1,2.0260158E-1,1E0,-4.829672E-1,5.041348E-1,8.073162E-1,4.037285E-1,-1.18496075E-1,-2.8678132E-2,4.026896E-2,1.10863246E-1],"split_indices":[0,0,0,0,0,0,0,0,0,0,0],"split_type":[0,0,0,0,0,0,0,0,0,0,0],"sum_hessian":[9E0,4E0,5E0,1E0,3E0,4E0,1E0,2E0,1E0,2E0,2E0],"tree_param":{"num_deleted":"0","num_feature":"2","num_nodes":"11","size_leaf_vector":"1"}},{"base_weights":[-1.1366157E-1,-2.6078286E0,1.9837545E0,-4.5881882E-1,-9.6569157E-1,8.463379E-1,3.8354188E-1,-1.1059608E-1,-2.7244186E-2,3.7584435E-2,1.0347189E-1],"categories":[],"categories_nodes":[],"categories_segments":[],"categories_sizes":[],"default_left":[0,0,0,0,0,0,0,0,0,0,0],"id":42,"left_children":[1,3,5,-1,7,9,-1,-1,-1,-1,-1],"loss_changes":[5.748635E1,1.182933E1,9.390619E0,0E0,8.76565E-2,5.426693E-2,0E0,0E0,0E0,0E0,0E0],"parents":[2147483647,0,0,1,1,2,2,4,4,5,5],"right_children":[2,4,6,-1,8,10,-1,-1,-1,-1,-1],"split_conditions":[6.0948116E-1,2.0260158E-1,1E0,-4.5881882E-1,5.041348E-1,8.073162E-1,3.8354188E-1,-1.1059608E-1,-2.7244186E-2,3.7584435E-2,1.0347189E-1],"split_indices":[0,0,0,0,0,0,0,0,0,0,0],"split_type":[0,0,0,0,0,0,0,0,0,0,0],"sum_hessian":[9E0,4E0,5E0,1E0,3E0,4E0,1E0,2E0,1E0,2E0,2E0],"tree_param":{"num_deleted":"0","num_feature":"2","num_nodes":"11","size_leaf_vector":"1"}},{"base_weights":[-1.09500885E-1,-2.4663773E0,1.8728129E0,-4.358778E-1,-9.035826E-1,7.89917E-1,3.6436462E-1,-1.0322304E-1,-2.588196E-2,2.2325898E-2,8.757668E-2],"categories":[],"categories_nodes":[],"categories_segments":[],"categories_sizes":[],"default_left":[0,0,0,0,0,0,0,0,0,0,0],"id":43,"left_children":[1,3,5,-1,7,9,-1,-1,-1,-1,-1],"loss_changes":[5.1339752E1,1.0848652E1,8.627592E0,0E0,6.4628124E-2,4.771471E-2,0E0,0E0,0E0,0E0,0E0],"parents":[2147483647,0,0,1,1,2,2,4,4,5,5],"right_children":[2,4,6,-1,8,10,-1,-1,-1,-1,-1],"split_conditions":[6.0948116E-1,2.0260158E-1,1E0,-4.358778E-1,5.041348E-1,7.051339E-1,3.6436462E-1,-1.0322304E-1,-2.588196E-2,2.2325898E-2,8.757668E-2],"split_indices":[0,0,0,0,0,0,0,0,0,0,0],"split_type":[0,0,0,0,0,0,0,0,0,0,0],"sum_hessian":[9E0,4E0,5E0,1E0,3E0,4E0,1E0,2E0,1E0,1E0,3E0],"tree_param":{"num_deleted":"0","num_feature":"2","num_nodes":"11","size_leaf_vector":"1"}},{"base_weights":[-1.0761986E-1,-2.3327355E0,1.7645798E0,-4.1408387E-1,-8.455E-1,7.3291016E-1,3.461464E-1,-9.634133E-2,-2.4588013E-2,3.1415813E-2,9.073588E-2],"categories":[],"categories_nodes":[],"categories_segments":[],"categories_sizes":[],"default_left":[0,0,0,0,0,0,0,0,0,0,0],"id":44,"left_children":[1,3,5,-1,7,9,-1,-1,-1,-1,-1],"loss_changes":[4.5774902E1,9.9443E0,7.9668007E0,0E0,4.592848E-2,8.019948E-2,0E0,0E0,0E0,0E0,0E0],"parents":[2147483647,0,0,1,1,2,2,4,4,5,5],"right_children":[2,4,6,-1,8,10,-1,-1,-1,-1,-1],"split_conditions":[6.0948116E-1,2.0260158E-1,1E0,-4.1408387E-1,5.041348E-1,8.073162E-1,3.461464E-1,-9.634133E-2,-2.4588013E-2,3.1415813E-2,9.073588E-2],"split_indices":[0,0,0,0,0,0,0,0,0,0,0],"split_type":[0,0,0,0,0,0,0,0,0,0,0],"sum_hessian":[9E0,4E0,5E0,1E0,3E0,4E0,1E0,2E0,1E0,2E0,2E0],"tree_param":{"num_deleted":"0","num_feature":"2","num_nodes":"11","size_leaf_vector":"1"}},{"base_weights":[-1.0352745E-1,-2.2064629E0,1.6661733E0,-3.933796E-1,-7.911806E-1,6.840515E-1,3.2883912E-1,-8.99184E-2,-2.3358537E-2,2.9321289E-2,8.46873E-2],"categories":[],"categories_nodes":[],"categories_segments":[],"categories_sizes":[],"default_left":[0,0,0,0,0,0,0,0,0,0,0],"id":45,"left_children":[1,3,5,-1,7,9,-1,-1,-1,-1,-1],"loss_changes":[4.0892014E1,9.110977E0,7.309862E0,0E0,3.085208E-2,6.987047E-2,0E0,0E0,0E0,0E0,0E0],"parents":[2147483647,0,0,1,1,2,2,4,4,5,5],"right_children":[2,4,6,-1,8,10,-1,-1,-1,-1,-1],"split_conditions":[6.0948116E-1,2.0260158E-1,1E0,-3.933796E-1,5.041348E-1,8.073162E-1,3.2883912E-1,-8.99184E-2,-2.3358537E-2,2.9321289E-2,8.46873E-2],"split_indices":[0,0,0,0,0,0,0,0,0,0,0],"split_type":[0,0,0,0,0,0,0,0,0,0,0],"sum_hessian":[9E0,4E0,5E0,1E0,3E0,4E0,1E0,2E0,1E0,2E0,2E0],"tree_param":{"num_deleted":"0","num_feature":"2","num_nodes":"11","size_leaf_vector":"1"}},{"base_weights":[-9.955635E-2,-2.0871468E0,1.5733618E0,-3.7371063E-1,-7.403803E-1,6.3844603E-1,3.12397E-1,-8.392372E-2,-2.2190476E-2,2.736613E-2,7.904155E-2],"categories":[],"categories_nodes":[],"categories_segments":[],"categories_sizes":[],"default_left":[0,0,0,0,0,0,0,0,0,0,0],"id":46,"left_children":[1,3,5,-1,7,9,-1,-1,-1,-1,-1],"loss_changes":[3.65346E1,8.34367E0,6.703642E0,0E0,1.8788576E-2,6.08747E-2,0E0,0E0,0E0,0E0,0E0],"parents":[2147483647,0,0,1,1,2,2,4,4,5,5],"right_children":[2,4,6,-1,8,10,-1,-1,-1,-1,-1],"split_conditions":[6.0948116E-1,2.0260158E-1,1E0,-3.7371063E-1,5.041348E-1,8.073162E-1,3.12397E-1,-8.392372E-2,-2.2190476E-2,2.736613E-2,7.904155E-2],"split_indices":[0,0,0,0,0,0,0,0,0,0,0],"split_type":[0,0,0,0,0,0,0,0,0,0,0],"sum_hessian":[9E0,4E0,5E0,1E0,3E0,4E0,1E0,2E0,1E0,2E0,2E0],"tree_param":{"num_deleted":"0","num_feature":"2","num_nodes":"11","size_leaf_vector":"1"}},{"base_weights":[-9.570046E-2,-1.9743965E0,1.4858297E0,-3.550251E-1,-6.9287014E-1,5.9588623E-1,2.9677734E-1,-7.832883E-2,-2.108078E-2,2.5542198E-2,7.377218E-2],"categories":[],"categories_nodes":[],"categories_segments":[],"categories_sizes":[],"default_left":[0,0,0,0,0,0,0,0,0,0,0],"id":47,"left_children":[1,3,5,-1,7,9,-1,-1,-1,-1,-1],"loss_changes":[3.264576E1,7.6376343E0,6.144622E0,0E0,9.225488E-3,5.3019166E-2,0E0,0E0,0E0,0E0,0E0],"parents":[2147483647,0,0,1,1,2,2,4,4,5,5],"right_children":[2,4,6,-1,8,10,-1,-1,-1,-1,-1],"split_conditions":[6.0948116E-1,2.0260158E-1,1E0,-3.550251E-1,5.041348E-1,8.073162E-1,2.9677734E-1,-7.832883E-2,-2.108078E-2,2.5542198E-2,7.377218E-2],"split_indices":[0,0,0,0,0,0,0,0,0,0,0],"split_type":[0,0,0,0,0,0,0,0,0,0,0],"sum_hessian":[9E0,4E0,5E0,1E0,3E0,4E0,1E0,2E0,1E0,2E0,2E0],"tree_param":{"num_deleted":"0","num_feature":"2","num_nodes":"11","size_leaf_vector":"1"}},{"base_weights":[-9.196587E-2,-1.8678429E0,1.4032593E0,-3.372738E-1,-6.4843464E-1,5.561584E-1,2.8193817E-1,-7.3106766E-2,-2.0026779E-2,2.3839315E-2,6.885376E-2],"categories":[],"categories_nodes":[],"categories_segments":[],"categories_sizes":[],"default_left":[0,0,0,0,0,0,0,0,0,0,0],"id":48,"left_children":[1,3,5,-1,7,9,-1,-1,-1,-1,-1],"loss_changes":[2.9174427E1,6.988405E0,5.629568E0,0E0,1.724124E-3,4.6184897E-2,0E0,0E0,0E0,0E0,0E0],"parents":[2147483647,0,0,1,1,2,2,4,4,5,5],"right_children":[2,4,6,-1,8,10,-1,-1,-1,-1,-1],"split_conditions":[6.0948116E-1,2.0260158E-1,1E0,-3.372738E-1,5.041348E-1,8.073162E-1,2.8193817E-1,-7.3106766E-2,-2.0026779E-2,2.3839315E-2,6.885376E-2],"split_indices":[0,0,0,0,0,0,0,0,0,0,0],"split_type":[0,0,0,0,0,0,0,0,0,0,0],"sum_hessian":[9E0,4E0,5E0,1E0,3E0,4E0,1E0,2E0,1E0,2E0,2E0],"tree_param":{"num_deleted":"0","num_feature":"2","num_nodes":"11","size_leaf_vector":"1"}},{"base_weights":[-8.8344954E-2,-2.5967014E0,8.633318E-1,-3.2041016E-1,-6.909504E-2,2.731196E-2,2.247594E0,-3.4853365E-2,3.0236816E-2,6.929779E-2,2.6784134E-1],"categories":[],"categories_nodes":[],"categories_segments":[],"categories_sizes":[],"default_left":[0,0,0,0,0,0,0,0,0,0,0],"id":49,"left_children":[1,3,5,-1,-1,7,9,-1,-1,-1,-1],"loss_changes":[2.6113258E1,1.2587852E0,9.196781E0,0E0,0E0,7.2565746E-1,1.5319347E-1,0E0,0E0,0E0,0E0],"parents":[2147483647,0,0,1,1,2,2,5,5,6,6],"right_children":[2,4,6,-1,-1,8,10,-1,-1,-1,-1],"split_conditions":[3.0387473E-1,2.0260158E-1,9.034371E-1,-3.2041016E-1,-6.909504E-2,6.0948116E-1,1E0,-3.4853365E-2,3.0236816E-2,6.929779E-2,2.6784134E-1],"split_indices":[0,0,0,0,0,0,0,0,0,0,0],"split_type":[0,0,0,0,0,0,0,0,0,0,0],"sum_hessian":[9E0,2E0,7E0,1E0,1E0,5E0,2E0,2E0,3E0,1E0,1E0],"tree_param":{"num_deleted":"0","num_feature":"2","num_nodes":"11","size_leaf_vector":"1"}},{"base_weights":[-8.521004E-2,-2.4668667E0,8.185625E-1,-3.0438957E-1,-6.564045E-2,2.3807526E-2,2.1352184E0,-3.252996E-2,2.7968599E-2,6.5833285E-2,2.5444946E-1],"categories":[],"categories_nodes":[],"categories_segments":[],"categories_sizes":[],"default_left":[0,0,0,0,0,0,0,0,0,0,0],"id":50,"left_children":[1,3,5,-1,-1,7,9,-1,-1,-1,-1],"loss_changes":[2.3544046E1,1.1360397E0,8.320515E0,0E0,0E0,6.269556E-1,1.382389E-1,0E0,0E0,0E0,0E0],"parents":[2147483647,0,0,1,1,2,2,5,5,6,6],"right_children":[2,4,6,-1,-1,8,10,-1,-1,-1,-1],"split_conditions":[3.0387473E-1,2.0260158E-1,9.034371E-1,-3.0438957E-1,-6.564045E-2,6.0948116E-1,1E0,-3.252996E-2,2.7968599E-2,6.5833285E-2,2.5444946E-1],"split_indices":[0,0,0,0,0,0,0,0,0,0,0],"split_type":[0,0,0,0,0,0,0,0,0,0,0],"sum_hessian":[9E0,2E0,7E0,1E0,1E0,5E0,2E0,2E0,3E0,1E0,1E0],"tree_param":{"num_deleted":"0","num_feature":"2","num_nodes":"11","size_leaf_vector":"1"}},{"base_weights":[-8.211937E-2,-2.3435223E0,7.761717E-1,-2.891701E-1,-6.2358286E-2,2.0666758E-2,2.0284576E0,-3.0361176E-2,2.5870895E-2,6.254196E-2,2.4172668E-1],"categories":[],"categories_nodes":[],"categories_segments":[],"categories_sizes":[],"default_left":[0,0,0,0,0,0,0,0,0,0,0],"id":51,"left_children":[1,3,5,-1,-1,7,9,-1,-1,-1,-1],"loss_changes":[2.1228395E1,1.0252857E0,7.526944E0,0E0,0E0,5.416989E-1,1.2473583E-1,0E0,0E0,0E0,0E0],"parents":[2147483647,0,0,1,1,2,2,5,5,6,6],"right_children":[2,4,6,-1,-1,8,10,-1,-1,-1,-1],"split_conditions":[3.0387473E-1,2.0260158E-1,9.034371E-1,-2.891701E-1,-6.2358286E-2,6.0948116E-1,1E0,-3.0361176E-2,2.5870895E-2,6.254196E-2,2.4172668E-1],"split_indices":[0,0,0,0,0,0,0,0,0,0,0],"split_type":[0,0,0,0,0,0,0,0,0,0,0],"sum_hessian":[9E0,2E0,7E0,1E0,1E0,5E0,2E0,2E0,3E0,1E0,1E0],"tree_param":{"num_deleted":"0","num_feature":"2","num_nodes":"11","size_leaf_vector":"1"}},{"base_weights":[-7.908134E-2,-2.2263477E0,7.360287E-1,-2.747116E-1,-5.924053E-2,1.7855326E-2,1.9270325E0,-2.8337097E-2,2.3931121E-2,5.9414674E-2,2.296402E-1],"categories":[],"categories_nodes":[],"categories_segments":[],"categories_sizes":[],"default_left":[0,0,0,0,0,0,0,0,0,0,0],"id":52,"left_children":[1,3,5,-1,-1,7,9,-1,-1,-1,-1],"loss_changes":[1.9141237E1,9.253111E-1,6.80837E0,0E0,0E0,4.680639E-1,1.1258125E-1,0E0,0E0,0E0,0E0],"parents":[2147483647,0,0,1,1,2,2,5,5,6,6],"right_children":[2,4,6,-1,-1,8,10,-1,-1,-1,-1],"split_conditions":[3.0387473E-1,2.0260158E-1,9.034371E-1,-2.747116E-1,-5.924053E-2,6.0948116E-1,1E0,-2.8337097E-2,2.3931121E-2,5.9414674E-2,2.296402E-1],"split_indices":[0,0,0,0,0,0,0,0,0,0,0],"split_type":[0,0,0,0,0,0,0,0,0,0,0],"sum_hessian":[9E0,2E0,7E0,1E0,1E0,5E0,2E0,2E0,3E0,1E0,1E0],"tree_param":{"num_deleted":"0","num_feature":"2","num_nodes":"11","size_leaf_vector":"1"}},{"base_weights":[-7.610283E-2,-2.1150296E0,6.980076E-1,-2.6097605E-1,-5.627842E-2,1.5337626E-2,1.8306783E0,-2.644806E-2,2.2136688E-2,5.6443788E-2,2.1815796E-1],"categories":[],"categories_nodes":[],"categories_segments":[],"categories_sizes":[],"default_left":[0,0,0,0,0,0,0,0,0,0,0],"id":53,"left_children":[1,3,5,-1,-1,7,9,-1,-1,-1,-1],"loss_changes":[1.7259851E1,8.3509827E-1,6.1578436E0,0E0,0E0,4.0445167E-1,1.0161114E-1,0E0,0E0,0E0,0E0],"parents":[2147483647,0,0,1,1,2,2,5,5,6,6],"right_children":[2,4,6,-1,-1,8,10,-1,-1,-1,-1],"split_conditions":[3.0387473E-1,2.0260158E-1,9.034371E-1,-2.6097605E-1,-5.627842E-2,6.0948116E-1,1E0,-2.644806E-2,2.2136688E-2,5.6443788E-2,2.1815796E-1],"split_indices":[0,0,0,0,0,0,0,0,0,0,0],"split_type":[0,0,0,0,0,0,0,0,0,0,0],"sum_hessian":[9E0,2E0,7E0,1E0,1E0,5E0,2E0,2E0,3E0,1E0,1E0],"tree_param":{"num_deleted":"0","num_feature":"2","num_nodes":"11","size_leaf_vector":"1"}},{"base_weights":[-7.318878E-2,-2.0092773E0,6.61993E-1,-2.479273E-1,-5.346432E-2,1.3084412E-2,1.7391459E0,-2.468465E-2,2.0476151E-2,5.3621676E-2,2.0725022E-1],"categories":[],"categories_nodes":[],"categories_segments":[],"categories_sizes":[],"default_left":[0,0,0,0,0,0,0,0,0,0,0],"id":54,"left_children":[1,3,5,-1,-1,7,9,-1,-1,-1,-1],"loss_changes":[1.5563899E1,7.5368786E-1,5.5690346E0,0E0,0E0,3.4948152E-1,9.170151E-2,0E0,0E0,0E0,0E0],"parents":[2147483647,0,0,1,1,2,2,5,5,6,6],"right_children":[2,4,6,-1,-1,8,10,-1,-1,-1,-1],"split_conditions":[3.0387473E-1,2.0260158E-1,9.034371E-1,-2.479273E-1,-5.346432E-2,6.0948116E-1,1E0,-2.468465E-2,2.0476151E-2,5.3621676E-2,2.0725022E-1],"split_indices":[0,0,0,0,0,0,0,0,0,0,0],"split_type":[0,0,0,0,0,0,0,0,0,0,0],"sum_hessian":[9E0,2E0,7E0,1E0,1E0,5E0,2E0,2E0,3E0,1E0,1E0],"tree_param":{"num_deleted":"0","num_feature":"2","num_nodes":"11","size_leaf_vector":"1"}},{"base_weights":[-7.034264E-2,-1.9088122E0,6.278763E-1,-2.3553085E-1,-5.0790977E-2,1.1072795E-2,1.6521912E0,-2.3039246E-2,1.8940354E-2,5.0940704E-2,1.9688797E-1],"categories":[],"categories_nodes":[],"categories_segments":[],"categories_sizes":[],"default_left":[0,0,0,0,0,0,0,0,0,0,0],"id":55,"left_children":[1,3,5,-1,-1,7,9,-1,-1,-1,-1],"loss_changes":[1.403504E1,6.8020916E-1,5.0361133E0,0E0,0E0,3.020012E-1,8.27589E-2,0E0,0E0,0E0,0E0],"parents":[2147483647,0,0,1,1,2,2,5,5,6,6],"right_children":[2,4,6,-1,-1,8,10,-1,-1,-1,-1],"split_conditions":[3.0387473E-1,2.0260158E-1,9.034371E-1,-2.3553085E-1,-5.0790977E-2,6.0948116E-1,1E0,-2.3039246E-2,1.8940354E-2,5.0940704E-2,1.9688797E-1],"split_indices":[0,0,0,0,0,0,0,0,0,0,0],"split_type":[0,0,0,0,0,0,0,0,0,0,0],"sum_hessian":[9E0,2E0,7E0,1E0,1E0,5E0,2E0,2E0,3E0,1E0,1E0],"tree_param":{"num_deleted":"0","num_feature":"2","num_nodes":"11","size_leaf_vector":"1"}},{"base_weights":[-6.756516E-2,-1.8133723E0,5.9555817E-1,-2.2375432E-1,-4.8251536E-2,9.284973E-3,1.5695852E0,-2.1503193E-2,1.7520143E-2,4.8394013E-2,1.8704377E-1],"categories":[],"categories_nodes":[],"categories_segments":[],"categories_sizes":[],"default_left":[0,0,0,0,0,0,0,0,0,0,0],"id":56,"left_children":[1,3,5,-1,-1,7,9,-1,-1,-1,-1],"loss_changes":[1.2656822E1,6.13883E-1,4.553794E0,0E0,0E0,2.6098105E-1,7.467699E-2,0E0,0E0,0E0,0E0],"parents":[2147483647,0,0,1,1,2,2,5,5,6,6],"right_children":[2,4,6,-1,-1,8,10,-1,-1,-1,-1],"split_conditions":[3.0387473E-1,2.0260158E-1,9.034371E-1,-2.2375432E-1,-4.8251536E-2,6.0948116E-1,1E0,-2.1503193E-2,1.7520143E-2,4.8394013E-2,1.8704377E-1],"split_indices":[0,0,0,0,0,0,0,0,0,0,0],"split_type":[0,0,0,0,0,0,0,0,0,0,0],"sum_hessian":[9E0,2E0,7E0,1E0,1E0,5E0,2E0,2E0,3E0,1E0,1E0],"tree_param":{"num_deleted":"0","num_feature":"2","num_nodes":"11","size_leaf_vector":"1"}},{"base_weights":[-6.486435E-2,-1.7227045E0,5.649338E-1,-2.1256657E-1,-4.583912E-2,7.6929727E-3,1.4911041E0,-2.0069886E-2,1.620636E-1,4.5973968E-2,1.7769165E-1,4.9819946E-3,1.828715E-2],"categories":[],"categories_nodes":[],"categories_segments":[],"categories_sizes":[],"default_left":[0,0,0,0,0,0,0,0,0,0,0,0,0],"id":57,"left_children":[1,3,5,-1,-1,7,9,-1,11,-1,-1,-1,-1],"loss_changes":[1.1414261E1,5.540209E-1,4.1173277E0,0E0,0E0,2.2554344E-1,6.74119E-2,0E0,2.3157895E-4,0E0,0E0,0E0,0E0],"parents":[2147483647,0,0,1,1,2,2,5,5,6,6,8,8],"right_children":[2,4,6,-1,-1,8,10,-1,12,-1,-1,-1,-1],"split_conditions":[3.0387473E-1,2.0260158E-1,9.034371E-1,-2.1256657E-1,-4.583912E-2,6.0948116E-1,1E0,-2.0069886E-2,7.051339E-1,4.5973968E-2,1.7769165E-1,4.9819946E-3,1.828715E-2],"split_indices":[0,0,0,0,0,0,0,0,0,0,0,0,0],"split_type":[0,0,0,0,0,0,0,0,0,0,0,0,0],"sum_hessian":[9E0,2E0,7E0,1E0,1E0,5E0,2E0,2E0,3E0,1E0,1E0,1E0,2E0],"tree_param":{"num_deleted":"0","num_feature":"2","num_nodes":"13","size_leaf_vector":"1"}},{"base_weights":[-6.1530687E-2,-1.63657E0,5.368004E-1,-2.0193826E-1,-4.354725E-2,7.459005E-3,1.4165497E0,-1.873169E-2,1.5167618E-2,4.3675233E-2,1.6880722E-1],"categories":[],"categories_nodes":[],"categories_segments":[],"categories_sizes":[],"default_left":[0,0,0,0,0,0,0,0,0,0,0],"id":58,"left_children":[1,3,5,-1,-1,7,9,-1,-1,-1,-1],"loss_changes":[1.0302461E1,5E-1,3.7149353E0,0E0,0E0,1.9695169E-1,6.084156E-2,0E0,0E0,0E0,0E0],"parents":[2147483647,0,0,1,1,2,2,5,5,6,6],"right_children":[2,4,6,-1,-1,8,10,-1,-1,-1,-1],"split_conditions":[3.0387473E-1,2.0260158E-1,9.034371E-1,-2.0193826E-1,-4.354725E-2,6.0948116E-1,1E0,-1.873169E-2,1.5167618E-2,4.3675233E-2,1.6880722E-1],"split_indices":[0,0,0,0,0,0,0,0,0,0,0],"split_type":[0,0,0,0,0,0,0,0,0,0,0],"sum_hessian":[9E0,2E0,7E0,1E0,1E0,5E0,2E0,2E0,3E0,1E0,1E0],"tree_param":{"num_deleted":"0","num_feature":"2","num_nodes":"11","size_leaf_vector":"1"}},{"base_weights":[-5.9033968E-2,-1.5547409E0,5.092354E-1,-1.9184132E-1,-4.1369822E-2,6.1187744E-3,1.3457235E0,-1.7483013E-2,1.4030075E-1,4.14917E-2,1.6036682E-1,3.974152E-3,1.6057333E-2],"categories":[],"categories_nodes":[],"categories_segments":[],"categories_sizes":[],"default_left":[0,0,0,0,0,0,0,0,0,0,0,0,0],"id":59,"left_children":[1,3,5,-1,-1,7,9,-1,11,-1,-1,-1,-1],"loss_changes":[9.291373E0,4.5125246E-1,3.358574E0,0E0,0E0,1.7020927E-1,5.4901123E-2,0E0,1.7729551E-3,0E0,0E0,0E0,0E0],"parents":[2147483647,0,0,1,1,2,2,5,5,6,6,8,8],"right_children":[2,4,6,-1,-1,8,10,-1,12,-1,-1,-1,-1],"split_conditions":[3.0387473E-1,2.0260158E-1,9.034371E-1,-1.9184132E-1,-4.1369822E-2,6.0948116E-1,1E0,-1.7483013E-2,7.051339E-1,4.14917E-2,1.6036682E-1,3.974152E-3,1.6057333E-2],"split_indices":[0,0,0,0,0,0,0,0,0,0,0,0,0],"split_type":[0,0,0,0,0,0,0,0,0,0,0,0,0],"sum_hessian":[9E0,2E0,7E0,1E0,1E0,5E0,2E0,2E0,3E0,1E0,1E0,1E0,2E0],"tree_param":{"num_deleted":"0","num_feature":"2","num_nodes":"13","size_leaf_vector":"1"}},{"base_weights":[-5.6008913E-2,-1.477005E0,4.8386574E-1,-1.8224926E-1,-3.9301492E-2,5.935669E-3,1.2784373E0,-1.6317241E-1,1.312828E-1,3.9417267E-2,1.5234832E-1,-1.9352723E-2,-5.1231384E-3,3.7757873E-3,1.4987183E-2],"categories":[],"categories_nodes":[],"categories_segments":[],"categories_sizes":[],"default_left":[0,0,0,0,0,0,0,0,0,0,0,0,0,0,0],"id":60,"left_children":[1,3,5,-1,-1,7,9,11,13,-1,-1,-1,-1,-1,-1],"loss_changes":[8.38627E0,4.072485E-1,3.0304089E0,0E0,0E0,1.4860502E-1,4.9540997E-2,2.791807E-4,1.2953132E-3,0E0,0E0,0E0,0E0,0E0,0E0],"parents":[2147483647,0,0,1,1,2,2,5,5,6,6,7,7,8,8],"right_children":[2,4,6,-1,-1,8,10,12,14,-1,-1,-1,-1,-1,-1],"split_conditions":[3.0387473E-1,2.0260158E-1,9.034371E-1,-1.8224926E-1,-3.9301492E-2,6.0948116E-1,1E0,5.041348E-1,7.051339E-1,3.9417267E-2,1.5234832E-1,-1.9352723E-2,-5.1231384E-3,3.7757873E-3,1.4987183E-2],"split_indices":[0,0,0,0,0,0,0,0,0,0,0,0,0,0,0],"split_type":[0,0,0,0,0,0,0,0,0,0,0,0,0,0,0],"sum_hessian":[9E0,2E0,7E0,1E0,1E0,5E0,2E0,2E0,3E0,1E0,1E0,1E0,1E0,1E0,2E0],"tree_param":{"num_deleted":"0","num_feature":"2","num_nodes":"15","size_leaf_vector":"1"}},{"base_weights":[-5.3955078E-2,-1.403155E0,4.5873928E-1,-1.7313671E-1,-3.733654E-2,4.3932595E-3,1.2145182E0,-1.5501149E-1,1.2284851E-1,3.7446596E-2,1.4473115E-1,-1.8384933E-2,-4.866791E-3,3.5873414E-3,1.3988241E-2],"categories":[],"categories_nodes":[],"categories_segments":[],"categories_sizes":[],"default_left":[0,0,0,0,0,0,0,0,0,0,0,0,0,0,0],"id":61,"left_children":[1,3,5,-1,-1,7,9,11,13,-1,-1,-1,-1,-1,-1],"loss_changes":[7.560954E0,3.675356E-1,2.741746E0,0E0,0E0,1.323369E-1,4.4706345E-2,2.5260448E-4,9.080395E-4,0E0,0E0,0E0,0E0,0E0,0E0],"parents":[2147483647,0,0,1,1,2,2,5,5,6,6,7,7,8,8],"right_children":[2,4,6,-1,-1,8,10,12,14,-1,-1,-1,-1,-1,-1],"split_conditions":[3.0387473E-1,2.0260158E-1,9.034371E-1,-1.7313671E-1,-3.733654E-2,6.0948116E-1,1E0,5.041348E-1,7.051339E-1,3.7446596E-2,1.4473115E-1,-1.8384933E-2,-4.866791E-3,3.5873414E-3,1.3988241E-2],"split_indices":[0,0,0,0,0,0,0,0,0,0,0,0,0,0,0],"split_type":[0,0,0,0,0,0,0,0,0,0,0,0,0,0,0],"sum_hessian":[9E0,2E0,7E0,1E0,1E0,5E0,2E0,2E0,3E0,1E0,1E0,1E0,1E0,1E0,2E0],"tree_param":{"num_deleted":"0","num_feature":"2","num_nodes":"15","size_leaf_vector":"1"}},{"base_weights":[-5.1956557E-2,-1.3329964E0,4.3492794E-1,-1.6447984E-1,-3.546963E-2,3.007253E-3,1.1537933E0,-1.4726003E-1,1.149559E-1,3.5574343E-2,1.3749467E-1,-1.7465591E-2,-4.623413E-3,3.4080506E-3,1.30554205E-2],"categories":[],"categories_nodes":[],"categories_segments":[],"categories_sizes":[],"default_left":[0,0,0,0,0,0,0,0,0,0,0,0,0,0,0],"id":62,"left_children":[1,3,5,-1,-1,7,9,11,13,-1,-1,-1,-1,-1,-1],"loss_changes":[6.8169417E0,3.3170366E-1,2.480473E0,0E0,0E0,1.17861725E-1,4.034567E-2,2.2801757E-4,5.967207E-4,0E0,0E0,0E0,0E0,0E0,0E0],"parents":[2147483647,0,0,1,1,2,2,5,5,6,6,7,7,8,8],"right_children":[2,4,6,-1,-1,8,10,12,14,-1,-1,-1,-1,-1,-1],"split_conditions":[3.0387473E-1,2.0260158E-1,9.034371E-1,-1.6447984E-1,-3.546963E-2,6.0948116E-1,1E0,5.041348E-1,7.051339E-1,3.5574343E-2,1.3749467E-1,-1.7465591E-2,-4.623413E-3,3.4080506E-3,1.30554205E-2],"split_indices":[0,0,0,0,0,0,0,0,0,0,0,0,0,0,0],"split_type":[0,0,0,0,0,0,0,0,0,0,0,0,0,0,0],"sum_hessian":[9E0,2E0,7E0,1E0,1E0,5E0,2E0,2E0,3E0,1E0,1E0,1E0,1E0,1E0,2E0],"tree_param":{"num_deleted":"0","num_feature":"2","num_nodes":"15","size_leaf_vector":"1"}},{"base_weights":[-5.001221E-2,-1.2663473E0,4.1236496E-1,-1.5625592E-1,-3.3696175E-2,1.7674764E-3,1.096105E0,-1.3989766E-1,1.0757446E-1,3.379593E-2,1.3061981E-1,-1.6592408E-2,-4.3922425E-3,3.237915E-3,1.21846525E-2],"categories":[],"categories_nodes":[],"categories_segments":[],"categories_sizes":[],"default_left":[0,0,0,0,0,0,0,0,0,0,0,0,0,0,0],"id":63,"left_children":[1,3,5,-1,-1,7,9,11,13,-1,-1,-1,-1,-1,-1],"loss_changes":[6.1462526E0,2.9936266E-1,2.243998E0,0E0,0E0,1.0498439E-1,3.6401987E-2,2.0587817E-4,3.4747645E-4,0E0,0E0,0E0,0E0,0E0,0E0],"parents":[2147483647,0,0,1,1,2,2,5,5,6,6,7,7,8,8],"right_children":[2,4,6,-1,-1,8,10,12,14,-1,-1,-1,-1,-1,-1],"split_conditions":[3.0387473E-1,2.0260158E-1,9.034371E-1,-1.5625592E-1,-3.3696175E-2,6.0948116E-1,1E0,5.041348E-1,7.051339E-1,3.379593E-2,1.3061981E-1,-1.6592408E-2,-4.3922425E-3,3.237915E-3,1.21846525E-2],"split_indices":[0,0,0,0,0,0,0,0,0,0,0,0,0,0,0],"split_type":[0,0,0,0,0,0,0,0,0,0,0,0,0,0,0],"sum_hessian":[9E0,2E0,7E0,1E0,1E0,5E0,2E0,2E0,3E0,1E0,1E0,1E0,1E0,1E0,2E0],"tree_param":{"num_deleted":"0","num_feature":"2","num_nodes":"15","size_leaf_vector":"1"}},{"base_weights":[-4.812088E-2,-1.2030283E0,3.9098454E-1,-1.4844303E-1,-3.2011222E-2,6.624858E-4,1.0413004E0,-1.329015E-1,1.0066986E-1,3.210602E-2,1.24089055E-1,-1.5762711E-2,-4.172516E-3,3.076172E-3,1.1371867E-2],"categories":[],"categories_nodes":[],"categories_segments":[],"categories_sizes":[],"default_left":[0,0,0,0,0,0,0,0,0,0,0,0,0,0,0],"id":64,"left_children":[1,3,5,-1,-1,7,9,11,13,-1,-1,-1,-1,-1,-1],"loss_changes":[5.541627E0,2.701788E-1,2.0299711E0,0E0,0E0,9.3523495E-2,3.2857895E-2,1.8614903E-4,1.5068799E-4,0E0,0E0,0E0,0E0,0E0,0E0],"parents":[2147483647,0,0,1,1,2,2,5,5,6,6,7,7,8,8],"right_children":[2,4,6,-1,-1,8,10,12,14,-1,-1,-1,-1,-1,-1],"split_conditions":[3.0387473E-1,2.0260158E-1,9.034371E-1,-1.4844303E-1,-3.2011222E-2,6.0948116E-1,1E0,5.041348E-1,7.051339E-1,3.210602E-2,1.24089055E-1,-1.5762711E-2,-4.172516E-3,3.076172E-3,1.1371867E-2],"split_indices":[0,0,0,0,0,0,0,0,0,0,0,0,0,0,0],"split_type":[0,0,0,0,0,0,0,0,0,0,0,0,0,0,0],"sum_hessian":[9E0,2E0,7E0,1E0,1E0,5E0,2E0,2E0,3E0,1E0,1E0,1E0,1E0,1E0,2E0],"tree_param":{"num_deleted":"0","num_feature":"2","num_nodes":"15","size_leaf_vector":"1"}},{"base_weights":[-4.628258E-2,-1.142877E0,3.7072563E-1,-1.4102097E-1,-3.0410577E-2,-3.1789145E-4,9.892375E-1,-1.262563E-1,9.4215395E-3,3.0500794E-2,1.1788483E-1,-1.4974594E-2,-3.963852E-3],"categories":[],"categories_nodes":[],"categories_segments":[],"categories_sizes":[],"default_left":[0,0,0,0,0,0,0,0,0,0,0,0,0],"id":65,"left_children":[1,3,5,-1,-1,7,9,11,-1,-1,-1,-1,-1],"loss_changes":[4.996582E0,2.4384046E-1,1.836273E0,0E0,0E0,8.3327524E-2,2.9654026E-2,1.6815215E-4,0E0,0E0,0E0,0E0,0E0],"parents":[2147483647,0,0,1,1,2,2,5,5,6,6,7,7],"right_children":[2,4,6,-1,-1,8,10,12,-1,-1,-1,-1,-1],"split_conditions":[3.0387473E-1,2.0260158E-1,9.034371E-1,-1.4102097E-1,-3.0410577E-2,6.0948116E-1,1E0,5.041348E-1,9.4215395E-3,3.0500794E-2,1.1788483E-1,-1.4974594E-2,-3.963852E-3],"split_indices":[0,0,0,0,0,0,0,0,0,0,0,0,0],"split_type":[0,0,0,0,0,0,0,0,0,0,0,0,0],"sum_hessian":[9E0,2E0,7E0,1E0,1E0,5E0,2E0,2E0,3E0,1E0,1E0,1E0,1E0],"tree_param":{"num_deleted":"0","num_feature":"2","num_nodes":"13","size_leaf_vector":"1"}},{"base_weights":[-4.4908524E-2,-1.0857328E0,3.5101414E-1,-1.3396989E-1,-2.8890038E-2,-1.86793E-3,9.3977356E-1,-1.1994171E-1,8.715439E-2,2.8975679E-2,1.11990355E-1,-1.4225769E-2,-3.7654878E-3,3.9413455E-3,1.151886E-2],"categories":[],"categories_nodes":[],"categories_segments":[],"categories_sizes":[],"default_left":[0,0,0,0,0,0,0,0,0,0,0,0,0,0,0],"id":66,"left_children":[1,3,5,-1,-1,7,9,11,13,-1,-1,-1,-1,-1,-1],"loss_changes":[4.5019665E0,2.2006583E-1,1.6638566E0,0E0,0E0,7.352066E-2,2.6762962E-2,1.5223771E-4,8.1353635E-4,0E0,0E0,0E0,0E0,0E0,0E0],"parents":[2147483647,0,0,1,1,2,2,5,5,6,6,7,7,8,8],"right_children":[2,4,6,-1,-1,8,10,12,14,-1,-1,-1,-1,-1,-1],"split_conditions":[3.0387473E-1,2.0260158E-1,9.034371E-1,-1.3396989E-1,-2.8890038E-2,6.0948116E-1,1E0,5.041348E-1,8.073162E-1,2.8975679E-2,1.11990355E-1,-1.4225769E-2,-3.7654878E-3,3.9413455E-3,1.151886E-2],"split_indices":[0,0,0,0,0,0,0,0,0,0,0,0,0,0,0],"split_type":[0,0,0,0,0,0,0,0,0,0,0,0,0,0,0],"sum_hessian":[9E0,2E0,7E0,1E0,1E0,5E0,2E0,2E0,3E0,1E0,1E0,1E0,1E0,2E0,1E0],"tree_param":{"num_deleted":"0","num_feature":"2","num_nodes":"15","size_leaf_vector":"1"}},{"base_weights":[-4.2858124E-2,-1.0314459E0,3.3321953E-1,-1.2727146E-1,-2.7445411E-2,-2.1006267E-3,8.927867E-1,-1.1394247E-1,8.230591E-2,2.7526855E-2,1.0639115E-1,-1.3514328E-2,-3.5770417E-3,3.6788941E-3,1.0942841E-2],"categories":[],"categories_nodes":[],"categories_segments":[],"categories_sizes":[],"default_left":[0,0,0,0,0,0,0,0,0,0,0,0,0,0,0],"id":67,"left_children":[1,3,5,-1,-1,7,9,11,13,-1,-1,-1,-1,-1,-1],"loss_changes":[4.0615554E0,1.986134E-1,1.5029485E0,0E0,0E0,6.601922E-2,2.415657E-2,1.3780594E-4,9.123795E-4,0E0,0E0,0E0,0E0,0E0,0E0],"parents":[2147483647,0,0,1,1,2,2,5,5,6,6,7,7,8,8],"right_children":[2,4,6,-1,-1,8,10,12,14,-1,-1,-1,-1,-1,-1],"split_conditions":[3.0387473E-1,2.0260158E-1,9.034371E-1,-1.2727146E-1,-2.7445411E-2,6.0948116E-1,1E0,5.041348E-1,8.073162E-1,2.7526855E-2,1.0639115E-1,-1.3514328E-2,-3.5770417E-3,3.6788941E-3,1.0942841E-2],"split_indices":[0,0,0,0,0,0,0,0,0,0,0,0,0,0,0],"split_type":[0,0,0,0,0,0,0,0,0,0,0,0,0,0,0],"sum_hessian":[9E0,2E0,7E0,1E0,1E0,5E0,2E0,2E0,3E0,1E0,1E0,1E0,1E0,2E0,1E0],"tree_param":{"num_deleted":"0","num_feature":"2","num_nodes":"15","size_leaf_vector":"1"}},{"base_weights":[-4.0898513E-2,-9.798749E-1,3.1632996E-1,-1.2090798E-1,-2.6073266E-2,-2.301534E-3,8.481496E-1,-1.0824585E-1,7.7732086E-2,2.6150513E-2,1.0107193E-1,-1.28387455E-2,-3.3981323E-3,3.433736E-3,1.0395813E-2],"categories":[],"categories_nodes":[],"categories_segments":[],"categories_sizes":[],"default_left":[0,0,0,0,0,0,0,0,0,0,0,0,0,0,0],"id":68,"left_children":[1,3,5,-1,-1,7,9,11,13,-1,-1,-1,-1,-1,-1],"loss_changes":[3.6642547E0,1.7924595E-1,1.3575878E0,0E0,0E0,5.928882E-2,2.1803617E-2,1.2464076E-4,9.826384E-4,0E0,0E0,0E0,0E0,0E0,0E0],"parents":[2147483647,0,0,1,1,2,2,5,5,6,6,7,7,8,8],"right_children":[2,4,6,-1,-1,8,10,12,14,-1,-1,-1,-1,-1,-1],"split_conditions":[3.0387473E-1,2.0260158E-1,9.034371E-1,-1.2090798E-1,-2.6073266E-2,6.0948116E-1,1E0,5.041348E-1,8.073162E-1,2.6150513E-2,1.0107193E-1,-1.28387455E-2,-3.3981323E-3,3.433736E-3,1.0395813E-2],"split_indices":[0,0,0,0,0,0,0,0,0,0,0,0,0,0,0],"split_type":[0,0,0,0,0,0,0,0,0,0,0,0,0,0,0],"sum_hessian":[9E0,2E0,7E0,1E0,1E0,5E0,2E0,2E0,3E0,1E0,1E0,1E0,1E0,2E0,1E0],"tree_param":{"num_deleted":"0","num_feature":"2","num_nodes":"15","size_leaf_vector":"1"}},{"base_weights":[-3.902588E-2,-9.3088275E-1,3.002987E-1,-1.14862636E-1,-2.4769783E-2,-2.4719238E-3,8.0574036E-1,-1.0283407E-1,7.341766E-2,2.4842834E-2,9.601822E-2,-1.2196732E-2,-3.2283782E-3,3.2048542E-3,9.876251E-3],"categories":[],"categories_nodes":[],"categories_segments":[],"categories_sizes":[],"default_left":[0,0,0,0,0,0,0,0,0,0,0,0,0,0,0],"id":69,"left_children":[1,3,5,-1,-1,7,9,11,13,-1,-1,-1,-1,-1,-1],"loss_changes":[3.3058324E0,1.617651E-1,1.2262547E0,0E0,0E0,5.3248487E-2,1.96805E-2,1.1200085E-4,1.0287818E-3,0E0,0E0,0E0,0E0,0E0,0E0],"parents":[2147483647,0,0,1,1,2,2,5,5,6,6,7,7,8,8],"right_children":[2,4,6,-1,-1,8,10,12,14,-1,-1,-1,-1,-1,-1],"split_conditions":[3.0387473E-1,2.0260158E-1,9.034371E-1,-1.14862636E-1,-2.4769783E-2,6.0948116E-1,1E0,5.041348E-1,8.073162E-1,2.4842834E-2,9.601822E-2,-1.2196732E-2,-3.2283782E-3,3.2048542E-3,9.876251E-3],"split_indices":[0,0,0,0,0,0,0,0,0,0,0,0,0,0,0],"split_type":[0,0,0,0,0,0,0,0,0,0,0,0,0,0,0],"sum_hessian":[9E0,2E0,7E0,1E0,1E0,5E0,2E0,2E0,3E0,1E0,1E0,1E0,1E0,2E0,1E0],"tree_param":{"num_deleted":"0","num_feature":"2","num_nodes":"15","size_leaf_vector":"1"}},{"base_weights":[-3.7234116E-2,-8.843371E-1,2.8508377E-1,-1.09119415E-1,-2.3531152E-2,-2.614339E-3,7.654521E-1,-9.769186E-2,6.934738E-2,2.360077E-2,9.121704E-2,-1.1586762E-2,-3.0670166E-3,2.9912314E-3,9.38263E-3],"categories":[],"categories_nodes":[],"categories_segments":[],"categories_sizes":[],"default_left":[0,0,0,0,0,0,0,0,0,0,0,0,0,0,0],"id":70,"left_children":[1,3,5,-1,-1,7,9,11,13,-1,-1,-1,-1,-1,-1],"loss_changes":[2.9824746E0,1.459961E-1,1.1076095E0,0E0,0E0,4.7826327E-2,1.775837E-2,1.0083057E-4,1.0547489E-3,0E0,0E0,0E0,0E0,0E0,0E0],"parents":[2147483647,0,0,1,1,2,2,5,5,6,6,7,7,8,8],"right_children":[2,4,6,-1,-1,8,10,12,14,-1,-1,-1,-1,-1,-1],"split_conditions":[3.0387473E-1,2.0260158E-1,9.034371E-1,-1.09119415E-1,-2.3531152E-2,6.0948116E-1,1E0,5.041348E-1,8.073162E-1,2.360077E-2,9.121704E-2,-1.1586762E-2,-3.0670166E-3,2.9912314E-3,9.38263E-3],"split_indices":[0,0,0,0,0,0,0,0,0,0,0,0,0,0,0],"split_type":[0,0,0,0,0,0,0,0,0,0,0,0,0,0,0],"sum_hessian":[9E0,2E0,7E0,1E0,1E0,5E0,2E0,2E0,3E0,1E0,1E0,1E0,1E0,2E0,1E0],"tree_param":{"num_deleted":"0","num_feature":"2","num_nodes":"15","size_leaf_vector":"1"}},{"base_weights":[-3.552246E-2,-8.40121E-1,2.7064228E-1,-1.03663445E-1,-2.2354698E-2,-2.7325947E-3,7.271779E-1,-9.2806496E-2,6.550598E-2,2.2420501E-2,8.665619E-2,-1.1007309E-2,-2.9136657E-3,2.7918497E-3,8.913422E-3],"categories":[],"categories_nodes":[],"categories_segments":[],"categories_sizes":[],"default_left":[0,0,0,0,0,0,0,0,0,0,0,0,0,0,0],"id":71,"left_children":[1,3,5,-1,-1,7,9,11,13,-1,-1,-1,-1,-1,-1],"loss_changes":[2.6907692E0,1.3175869E-1,1.0004301E0,0E0,0E0,4.2958464E-2,1.6031504E-2,9.092316E-5,1.0640118E-3,0E0,0E0,0E0,0E0,0E0,0E0],"parents":[2147483647,0,0,1,1,2,2,5,5,6,6,7,7,8,8],"right_children":[2,4,6,-1,-1,8,10,12,14,-1,-1,-1,-1,-1,-1],"split_conditions":[3.0387473E-1,2.0260158E-1,9.034371E-1,-1.03663445E-1,-2.2354698E-2,6.0948116E-1,1E0,5.041348E-1,8.073162E-1,2.2420501E-2,8.665619E-2,-1.1007309E-2,-2.9136657E-3,2.7918497E-3,8.913422E-3],"split_indices":[0,0,0,0,0,0,0,0,0,0,0,0,0,0,0],"split_type":[0,0,0,0,0,0,0,0,0,0,0,0,0,0,0],"sum_hessian":[9E0,2E0,7E0,1E0,1E0,5E0,2E0,2E0,3E0,1E0,1E0,1E0,1E0,2E0,1E0],"tree_param":{"num_deleted":"0","num_feature":"2","num_nodes":"15","size_leaf_vector":"1"}},{"base_weights":[-3.3884812E-2,-7.981148E-1,2.5693703E-1,-9.8480225E-2,-2.1236992E-2,-2.8279622E-3,6.9082135E-1,-8.816528E-2,6.188202E-2,2.1299744E-2,8.2323454E-2,-1.0456848E-2,-2.7679445E-3,2.6056925E-3,8.467865E-3],"categories":[],"categories_nodes":[],"categories_segments":[],"categories_sizes":[],"default_left":[0,0,0,0,0,0,0,0,0,0,0,0,0,0,0],"id":72,"left_children":[1,3,5,-1,-1,7,9,11,13,-1,-1,-1,-1,-1,-1],"loss_changes":[2.427613E0,1.1891127E-1,9.036172E-1,0E0,0E0,3.85889E-2,1.4463782E-2,8.208677E-5,1.0602996E-3,0E0,0E0,0E0,0E0,0E0,0E0],"parents":[2147483647,0,0,1,1,2,2,5,5,6,6,7,7,8,8],"right_children":[2,4,6,-1,-1,8,10,12,14,-1,-1,-1,-1,-1,-1],"split_conditions":[3.0387473E-1,2.0260158E-1,9.034371E-1,-9.8480225E-2,-2.1236992E-2,6.0948116E-1,1E0,5.041348E-1,8.073162E-1,2.1299744E-2,8.2323454E-2,-1.0456848E-2,-2.7679445E-3,2.6056925E-3,8.467865E-3],"split_indices":[0,0,0,0,0,0,0,0,0,0,0,0,0,0,0],"split_type":[0,0,0,0,0,0,0,0,0,0,0,0,0,0,0],"sum_hessian":[9E0,2E0,7E0,1E0,1E0,5E0,2E0,2E0,3E0,1E0,1E0,1E0,1E0,2E0,1E0],"tree_param":{"num_deleted":"0","num_feature":"2","num_nodes":"15","size_leaf_vector":"1"}},{"base_weights":[-3.2320786E-2,-7.58208E-1,2.43927E-1,-9.355622E-2,-2.017498E-2,-2.904256E-3,6.562805E-1,-8.375549E-2,5.8460236E-2,2.023468E-2,7.8207396E-2,-9.9338535E-3,-2.6294708E-3,2.4317424E-3,8.044434E-3],"categories":[],"categories_nodes":[],"categories_segments":[],"categories_sizes":[],"default_left":[0,0,0,0,0,0,0,0,0,0,0,0,0,0,0],"id":73,"left_children":[1,3,5,-1,-1,7,9,11,13,-1,-1,-1,-1,-1,-1],"loss_changes":[2.1901948E0,1.07321024E-1,8.1615996E-1,0E0,0E0,3.4664735E-2,1.3055444E-2,7.416494E-5,1.0461966E-3,0E0,0E0,0E0,0E0,0E0,0E0],"parents":[2147483647,0,0,1,1,2,2,5,5,6,6,7,7,8,8],"right_children":[2,4,6,-1,-1,8,10,12,14,-1,-1,-1,-1,-1,-1],"split_conditions":[3.0387473E-1,2.0260158E-1,9.034371E-1,-9.355622E-2,-2.017498E-2,6.0948116E-1,1E0,5.041348E-1,8.073162E-1,2.023468E-2,7.8207396E-2,-9.9338535E-3,-2.6294708E-3,2.4317424E-3,8.044434E-3],"split_indices":[0,0,0,0,0,0,0,0,0,0,0,0,0,0,0],"split_type":[0,0,0,0,0,0,0,0,0,0,0,0,0,0,0],"sum_hessian":[9E0,2E0,7E0,1E0,1E0,5E0,2E0,2E0,3E0,1E0,1E0,1E0,1E0,2E0,1E0],"tree_param":{"num_deleted":"0","num_feature":"2","num_nodes":"15","size_leaf_vector":"1"}},{"base_weights":[-3.082428E-2,-7.2029877E-1,2.3158169E-1,-8.8878445E-2,-1.9166375E-2,-2.9589336E-3,6.2346905E-1,-7.9566956E-2,5.5236816E-2,1.9223023E-2,7.429733E-2,-9.43718E-3,-2.4978637E-3,2.2699991E-3,7.6423646E-3],"categories":[],"categories_nodes":[],"categories_segments":[],"categories_sizes":[],"default_left":[0,0,0,0,0,0,0,0,0,0,0,0,0,0,0],"id":74,"left_children":[1,3,5,-1,-1,7,9,11,13,-1,-1,-1,-1,-1,-1],"loss_changes":[1.9760302E0,9.685457E-2,7.371529E-1,0E0,0E0,3.1144593E-2,1.1782646E-2,6.723404E-5,1.0225922E-3,0E0,0E0,0E0,0E0,0E0,0E0],"parents":[2147483647,0,0,1,1,2,2,5,5,6,6,7,7,8,8],"right_children":[2,4,6,-1,-1,8,10,12,14,-1,-1,-1,-1,-1,-1],"split_conditions":[3.0387473E-1,2.0260158E-1,9.034371E-1,-8.8878445E-2,-1.9166375E-2,6.0948116E-1,1E0,5.041348E-1,8.073162E-1,1.9223023E-2,7.429733E-2,-9.43718E-3,-2.4978637E-3,2.2699991E-3,7.6423646E-3],"split_indices":[0,0,0,0,0,0,0,0,0,0,0,0,0,0,0],"split_type":[0,0,0,0,0,0,0,0,0,0,0,0,0,0,0],"sum_hessian":[9E0,2E0,7E0,1E0,1E0,5E0,2E0,2E0,3E0,1E0,1E0,1E0,1E0,2E0,1E0],"tree_param":{"num_deleted":"0","num_feature":"2","num_nodes":"15","size_leaf_vector":"1"}},{"base_weights":[-2.9397964E-2,-6.842842E-1,2.1985912E-1,-8.443451E-2,-1.8208122E-2,-3.0021667E-3,5.9229535E-1,-7.55895E-2,5.2188873E-2,1.826172E-2,7.058258E-2,-8.965301E-3,-2.3731233E-3,1.084137E-3,6.235759E-3],"categories":[],"categories_nodes":[],"categories_segments":[],"categories_sizes":[],"default_left":[0,0,0,0,0,0,0,0,0,0,0,0,0,0,0],"id":75,"left_children":[1,3,5,-1,-1,7,9,11,13,-1,-1,-1,-1,-1,-1],"loss_changes":[1.7827964E0,8.7409854E-2,6.657911E-1,0E0,0E0,2.7981952E-2,1.0636926E-2,6.0353428E-5,1.0057613E-3,0E0,0E0,0E0,0E0,0E0,0E0],"parents":[2147483647,0,0,1,1,2,2,5,5,6,6,7,7,8,8],"right_children":[2,4,6,-1,-1,8,10,12,14,-1,-1,-1,-1,-1,-1],"split_conditions":[3.0387473E-1,2.0260158E-1,9.034371E-1,-8.443451E-2,-1.8208122E-2,6.0948116E-1,1E0,5.041348E-1,7.051339E-1,1.826172E-2,7.058258E-2,-8.965301E-3,-2.3731233E-3,1.084137E-3,6.235759E-3],"split_indices":[0,0,0,0,0,0,0,0,0,0,0,0,0,0,0],"split_type":[0,0,0,0,0,0,0,0,0,0,0,0,0,0,0],"sum_hessian":[9E0,2E0,7E0,1E0,1E0,5E0,2E0,2E0,3E0,1E0,1E0,1E0,1E0,1E0,2E0],"tree_param":{"num_deleted":"0","num_feature":"2","num_nodes":"15","size_leaf_vector":"1"}},{"base_weights":[-2.8241348E-2,-6.5006894E-1,2.0847416E-1,-8.021279E-2,-1.7297555E-2,-3.3734639E-3,5.6267804E-1,-7.18104E-2,4.8797607E-2,1.7348481E-2,6.705322E-2,-8.517074E-3,-2.254486E-3,1.874288E-3,6.9480897E-3],"categories":[],"categories_nodes":[],"categories_segments":[],"categories_sizes":[],"default_left":[0,0,0,0,0,0,0,0,0,0,0,0,0,0,0],"id":76,"left_children":[1,3,5,-1,-1,7,9,11,13,-1,-1,-1,-1,-1,-1],"loss_changes":[1.6074848E0,7.889044E-2,6.021961E-1,0E0,0E0,2.4926748E-2,9.601235E-3,5.4450706E-5,1.1842502E-3,0E0,0E0,0E0,0E0,0E0,0E0],"parents":[2147483647,0,0,1,1,2,2,5,5,6,6,7,7,8,8],"right_children":[2,4,6,-1,-1,8,10,12,14,-1,-1,-1,-1,-1,-1],"split_conditions":[3.0387473E-1,2.0260158E-1,9.034371E-1,-8.021279E-2,-1.7297555E-2,6.0948116E-1,1E0,5.041348E-1,8.073162E-1,1.7348481E-2,6.705322E-2,-8.517074E-3,-2.254486E-3,1.874288E-3,6.9480897E-3],"split_indices":[0,0,0,0,0,0,0,0,0,0,0,0,0,0,0],"split_type":[0,0,0,0,0,0,0,0,0,0,0,0,0,0,0],"sum_hessian":[9E0,2E0,7E0,1E0,1E0,5E0,2E0,2E0,3E0,1E0,1E0,1E0,1E0,2E0,1E0],"tree_param":{"num_deleted":"0","num_feature":"2","num_nodes":"15","size_leaf_vector":"1"}},{"base_weights":[-2.6922608E-2,-6.175664E-1,1.9793415E-1,-7.620221E-2,-1.6432762E-2,-3.3607483E-3,5.345459E-1,-6.8219505E-2,4.6123505E-2,1.6481018E-2,6.370087E-2,-8.091355E-3,-2.1415711E-3,1.7491659E-3,6.6009522E-3],"categories":[],"categories_nodes":[],"categories_segments":[],"categories_sizes":[],"default_left":[0,0,0,0,0,0,0,0,0,0,0,0,0,0,0],"id":77,"left_children":[1,3,5,-1,-1,7,9,11,13,-1,-1,-1,-1,-1,-1],"loss_changes":[1.45034E0,7.119739E-2,5.4386234E-1,0E0,0E0,2.2403443E-2,8.666933E-3,4.956685E-5,1.122877E-3,0E0,0E0,0E0,0E0,0E0,0E0],"parents":[2147483647,0,0,1,1,2,2,5,5,6,6,7,7,8,8],"right_children":[2,4,6,-1,-1,8,10,12,14,-1,-1,-1,-1,-1,-1],"split_conditions":[3.0387473E-1,2.0260158E-1,9.034371E-1,-7.620221E-2,-1.6432762E-2,6.0948116E-1,1E0,5.041348E-1,8.073162E-1,1.6481018E-2,6.370087E-2,-8.091355E-3,-2.1415711E-3,1.7491659E-3,6.6009522E-3],"split_indices":[0,0,0,0,0,0,0,0,0,0,0,0,0,0,0],"split_type":[0,0,0,0,0,0,0,0,0,0,0,0,0,0,0],"sum_hessian":[9E0,2E0,7E0,1E0,1E0,5E0,2E0,2E0,3E0,1E0,1E0,1E0,1E0,2E0,1E0],"tree_param":{"num_deleted":"0","num_feature":"2","num_nodes":"15","size_leaf_vector":"1"}},{"base_weights":[-2.5665283E-2,-5.8668774E-1,1.8792629E-1,-7.239208E-2,-1.5611077E-2,-3.3404033E-3,5.0781757E-1,-6.480662E-2,4.359436E-2,1.5657043E-2,6.0515594E-2,-7.686615E-3,-2.034378E-3,1.6321818E-3,6.2705996E-3],"categories":[],"categories_nodes":[],"categories_segments":[],"categories_sizes":[],"default_left":[0,0,0,0,0,0,0,0,0,0,0,0,0,0,0],"id":78,"left_children":[1,3,5,-1,-1,7,9,11,13,-1,-1,-1,-1,-1,-1],"loss_changes":[1.3085507E0,6.425643E-2,4.911727E-1,0E0,0E0,2.0134619E-2,7.819891E-3,4.4854358E-5,1.0614153E-3,0E0,0E0,0E0,0E0,0E0,0E0],"parents":[2147483647,0,0,1,1,2,2,5,5,6,6,7,7,8,8],"right_children":[2,4,6,-1,-1,8,10,12,14,-1,-1,-1,-1,-1,-1],"split_conditions":[3.0387473E-1,2.0260158E-1,9.034371E-1,-7.239208E-2,-1.5611077E-2,6.0948116E-1,1E0,5.041348E-1,8.073162E-1,1.5657043E-2,6.0515594E-2,-7.686615E-3,-2.034378E-3,1.6321818E-3,6.2705996E-3],"split_indices":[0,0,0,0,0,0,0,0,0,0,0,0,0,0,0],"split_type":[0,0,0,0,0,0,0,0,0,0,0,0,0,0,0],"sum_hessian":[9E0,2E0,7E0,1E0,1E0,5E0,2E0,2E0,3E0,1E0,1E0,1E0,1E0,2E0,1E0],"tree_param":{"num_deleted":"0","num_feature":"2","num_nodes":"15","size_leaf_vector":"1"}},{"base_weights":[-2.4463272E-2,-5.57354E-1,1.7842865E-1,-6.877251E-2,-1.4830589E-2,-3.308614E-3,4.8242697E-1,-6.156413E-2,4.1210175E-2,1.4874267E-2,5.748978E-2,-7.302094E-3,-1.9325257E-3,1.5233358E-3,5.957031E-3],"categories":[],"categories_nodes":[],"categories_segments":[],"categories_sizes":[],"default_left":[0,0,0,0,0,0,0,0,0,0,0,0,0,0,0],"id":79,"left_children":[1,3,5,-1,-1,7,9,11,13,-1,-1,-1,-1,-1,-1],"loss_changes":[1.1806401E0,5.799049E-2,4.4357875E-1,0E0,0E0,1.8097857E-2,7.056296E-3,4.0619634E-5,1.0002959E-3,0E0,0E0,0E0,0E0,0E0,0E0],"parents":[2147483647,0,0,1,1,2,2,5,5,6,6,7,7,8,8],"right_children":[2,4,6,-1,-1,8,10,12,14,-1,-1,-1,-1,-1,-1],"split_conditions":[3.0387473E-1,2.0260158E-1,9.034371E-1,-6.877251E-2,-1.4830589E-2,6.0948116E-1,1E0,5.041348E-1,8.073162E-1,1.4874267E-2,5.748978E-2,-7.302094E-3,-1.9325257E-3,1.5233358E-3,5.957031E-3],"split_indices":[0,0,0,0,0,0,0,0,0,0,0,0,0,0,0],"split_type":[0,0,0,0,0,0,0,0,0,0,0,0,0,0,0],"sum_hessian":[9E0,2E0,7E0,1E0,1E0,5E0,2E0,2E0,3E0,1E0,1E0,1E0,1E0,2E0,1E0],"tree_param":{"num_deleted":"0","num_feature":"2","num_nodes":"15","size_leaf_vector":"1"}},{"base_weights":[-2.3317337E-2,-5.2948636E-1,1.694107E-1,-6.533394E-2,-1.40890125E-2,-3.270467E-3,4.5830283E-1,-5.848694E-2,3.8959503E-2,1.4130401E-2,5.461502E-2,-6.937027E-3,-1.8360139E-3,1.4216106E-3,5.659485E-3],"categories":[],"categories_nodes":[],"categories_segments":[],"categories_sizes":[],"default_left":[0,0,0,0,0,0,0,0,0,0,0,0,0,0,0],"id":80,"left_children":[1,3,5,-1,-1,7,9,11,13,-1,-1,-1,-1,-1,-1],"loss_changes":[1.0652303E0,5.2337408E-2,4.005887E-1,0E0,0E0,1.6269362E-2,6.369412E-3,3.6492012E-5,9.4087515E-4,0E0,0E0,0E0,0E0,0E0,0E0],"parents":[2147483647,0,0,1,1,2,2,5,5,6,6,7,7,8,8],"right_children":[2,4,6,-1,-1,8,10,12,14,-1,-1,-1,-1,-1,-1],"split_conditions":[3.0387473E-1,2.0260158E-1,9.034371E-1,-6.533394E-2,-1.40890125E-2,6.0948116E-1,1E0,5.041348E-1,8.073162E-1,1.4130401E-2,5.461502E-2,-6.937027E-3,-1.8360139E-3,1.4216106E-3,5.659485E-3],"split_indices":[0,0,0,0,0,0,0,0,0,0,0,0,0,0,0],"split_type":[0,0,0,0,0,0,0,0,0,0,0,0,0,0,0],"sum_hessian":[9E0,2E0,7E0,1E0,1E0,5E0,2E0,2E0,3E0,1E0,1E0,1E0,1E0,2E0,1E0],"tree_param":{"num_deleted":"0","num_feature":"2","num_nodes":"15","size_leaf_vector":"1"}},{"base_weights":[-2.2221755E-2,-5.0301236E-1,1.6085243E-1,-6.206722E-2,-1.3384628E-2,-3.2246907E-3,4.353892E-1,-5.5562336E-2,3.6834717E-2,1.342392E-2,5.188446E-2,-6.590271E-3,-1.7440796E-3,1.327006E-3,5.3764344E-3],"categories":[],"categories_nodes":[],"categories_segments":[],"categories_sizes":[],"default_left":[0,0,0,0,0,0,0,0,0,0,0,0,0,0,0],"id":81,"left_children":[1,3,5,-1,-1,7,9,11,13,-1,-1,-1,-1,-1,-1],"loss_changes":[9.611142E-1,4.7233403E-2,3.6176562E-1,0E0,0E0,1.4626313E-2,5.7485104E-3,3.3176504E-5,8.8230707E-4,0E0,0E0,0E0,0E0,0E0,0E0],"parents":[2147483647,0,0,1,1,2,2,5,5,6,6,7,7,8,8],"right_children":[2,4,6,-1,-1,8,10,12,14,-1,-1,-1,-1,-1,-1],"split_conditions":[3.0387473E-1,2.0260158E-1,9.034371E-1,-6.206722E-2,-1.3384628E-2,6.0948116E-1,1E0,5.041348E-1,8.073162E-1,1.342392E-2,5.188446E-2,-6.590271E-3,-1.7440796E-3,1.327006E-3,5.3764344E-3],"split_indices":[0,0,0,0,0,0,0,0,0,0,0,0,0,0,0],"split_type":[0,0,0,0,0,0,0,0,0,0,0,0,0,0,0],"sum_hessian":[9E0,2E0,7E0,1E0,1E0,5E0,2E0,2E0,3E0,1E0,1E0,1E0,1E0,2E0,1E0],"tree_param":{"num_deleted":"0","num_feature":"2","num_nodes":"15","size_leaf_vector":"1"}},{"base_weights":[-2.1175766E-2,-4.7786078E-1,1.5272808E-1,-5.8963776E-2,-1.271534E-2,-3.1725566E-3,4.1362E-1,-5.2782696E-2,3.4828186E-2,1.2752533E-2,4.9290467E-2,-6.2606814E-3,-1.6567231E-3,1.2385051E-3,5.1078796E-3],"categories":[],"categories_nodes":[],"categories_segments":[],"categories_sizes":[],"default_left":[0,0,0,0,0,0,0,0,0,0,0,0,0,0,0],"id":82,"left_children":[1,3,5,-1,-1,7,9,11,13,-1,-1,-1,-1,-1,-1],"loss_changes":[8.671755E-1,4.2628646E-2,3.2669795E-1,0E0,0E0,1.3149657E-2,5.1909685E-3,3.0132942E-5,8.262452E-4,0E0,0E0,0E0,0E0,0E0,0E0],"parents":[2147483647,0,0,1,1,2,2,5,5,6,6,7,7,8,8],"right_children":[2,4,6,-1,-1,8,10,12,14,-1,-1,-1,-1,-1,-1],"split_conditions":[3.0387473E-1,2.0260158E-1,9.034371E-1,-5.8963776E-2,-1.271534E-2,6.0948116E-1,1E0,5.041348E-1,8.073162E-1,1.2752533E-2,4.9290467E-2,-6.2606814E-3,-1.6567231E-3,1.2385051E-3,5.1078796E-3],"split_indices":[0,0,0,0,0,0,0,0,0,0,0,0,0,0,0],"split_type":[0,0,0,0,0,0,0,0,0,0,0,0,0,0,0],"sum_hessian":[9E0,2E0,7E0,1E0,1E0,5E0,2E0,2E0,3E0,1E0,1E0,1E0,1E0,2E0,1E0],"tree_param":{"num_deleted":"0","num_feature":"2","num_nodes":"15","size_leaf_vector":"1"}},{"base_weights":[-2.0178605E-2,-4.5396805E-1,1.4501476E-1,-5.601559E-2,-1.2079621E-2,-3.1166077E-3,3.9293924E-1,-5.0142925E-2,3.293228E-2,1.2114716E-2,4.6826173E-2,-5.9474944E-3,-1.5739441E-3,1.1561076E-3,4.852295E-3],"categories":[],"categories_nodes":[],"categories_segments":[],"categories_sizes":[],"default_left":[0,0,0,0,0,0,0,0,0,0,0,0,0,0,0],"id":83,"left_children":[1,3,5,-1,-1,7,9,11,13,-1,-1,-1,-1,-1,-1],"loss_changes":[7.8242344E-1,3.847164E-2,2.950278E-1,0E0,0E0,1.18228E-2,4.6875775E-3,2.7059577E-5,7.7178795E-4,0E0,0E0,0E0,0E0,0E0,0E0],"parents":[2147483647,0,0,1,1,2,2,5,5,6,6,7,7,8,8],"right_children":[2,4,6,-1,-1,8,10,12,14,-1,-1,-1,-1,-1,-1],"split_conditions":[3.0387473E-1,2.0260158E-1,9.034371E-1,-5.601559E-2,-1.2079621E-2,6.0948116E-1,1E0,5.041348E-1,8.073162E-1,1.2114716E-2,4.6826173E-2,-5.9474944E-3,-1.5739441E-3,1.1561076E-3,4.852295E-3],"split_indices":[0,0,0,0,0,0,0,0,0,0,0,0,0,0,0],"split_type":[0,0,0,0,0,0,0,0,0,0,0,0,0,0,0],"sum_hessian":[9E0,2E0,7E0,1E0,1E0,5E0,2E0,2E0,3E0,1E0,1E0,1E0,1E0,2E0,1E0],"tree_param":{"num_deleted":"0","num_feature":"2","num_nodes":"15","size_leaf_vector":"1"}},{"base_weights":[-1.9228363E-2,-4.3126932E-1,1.3769054E-1,-5.3214837E-2,-1.1475563E-2,-3.0581157E-3,3.7329102E-1,-4.7635395E-2,3.1139374E-2,1.1508942E-2,4.4484712E-2,-5.649948E-3,-1.4953613E-3,1.0787965E-3,4.6096803E-3],"categories":[],"categories_nodes":[],"categories_segments":[],"categories_sizes":[],"default_left":[0,0,0,0,0,0,0,0,0,0,0,0,0,0,0],"id":84,"left_children":[1,3,5,-1,-1,7,9,11,13,-1,-1,-1,-1,-1,-1],"loss_changes":[7.059519E-1,3.4721732E-2,2.6642513E-1,0E0,0E0,1.0629923E-2,4.230529E-3,2.4211127E-5,7.203282E-4,0E0,0E0,0E0,0E0,0E0,0E0],"parents":[2147483647,0,0,1,1,2,2,5,5,6,6,7,7,8,8],"right_children":[2,4,6,-1,-1,8,10,12,14,-1,-1,-1,-1,-1,-1],"split_conditions":[3.0387473E-1,2.0260158E-1,9.034371E-1,-5.3214837E-2,-1.1475563E-2,6.0948116E-1,1E0,5.041348E-1,8.073162E-1,1.1508942E-2,4.4484712E-2,-5.649948E-3,-1.4953613E-3,1.0787965E-3,4.6096803E-3],"split_indices":[0,0,0,0,0,0,0,0,0,0,0,0,0,0,0],"split_type":[0,0,0,0,0,0,0,0,0,0,0,0,0,0,0],"sum_hessian":[9E0,2E0,7E0,1E0,1E0,5E0,2E0,2E0,3E0,1E0,1E0,1E0,1E0,2E0,1E0],"tree_param":{"num_deleted":"0","num_feature":"2","num_nodes":"15","size_leaf_vector":"1"}},{"base_weights":[-1.8320465E-2,-4.0970612E-1,1.3073921E-1,-5.0554086E-2,-1.0901833E-2,-2.9958088E-3,3.5462952E-1,-4.5252483E-2,2.9445648E-2,1.0933685E-2,4.2260744E-2,-5.367279E-3,-1.4205932E-3,1.0065715E-3,4.3792725E-3],"categories":[],"categories_nodes":[],"categories_segments":[],"categories_sizes":[],"default_left":[0,0,0,0,0,0,0,0,0,0,0,0,0,0,0],"id":85,"left_children":[1,3,5,-1,-1,7,9,11,13,-1,-1,-1,-1,-1,-1],"loss_changes":[6.3696283E-1,3.133577E-2,2.405982E-1,0E0,0E0,9.557697E-3,3.8168728E-3,2.1792483E-5,6.713765E-4,0E0,0E0,0E0,0E0,0E0,0E0],"parents":[2147483647,0,0,1,1,2,2,5,5,6,6,7,7,8,8],"right_children":[2,4,6,-1,-1,8,10,12,14,-1,-1,-1,-1,-1,-1],"split_conditions":[3.0387473E-1,2.0260158E-1,9.034371E-1,-5.0554086E-2,-1.0901833E-2,6.0948116E-1,1E0,5.041348E-1,8.073162E-1,1.0933685E-2,4.2260744E-2,-5.367279E-3,-1.4205932E-3,1.0065715E-3,4.3792725E-3],"split_indices":[0,0,0,0,0,0,0,0,0,0,0,0,0,0,0],"split_type":[0,0,0,0,0,0,0,0,0,0,0,0,0,0,0],"sum_hessian":[9E0,2E0,7E0,1E0,1E0,5E0,2E0,2E0,3E0,1E0,1E0,1E0,1E0,2E0,1E0],"tree_param":{"num_deleted":"0","num_feature":"2","num_nodes":"15","size_leaf_vector":"1"}},{"base_weights":[-1.7456055E-2,-3.892212E-1,1.2413788E-1,-4.802647E-2,-1.0356712E-2,-2.9296875E-3,3.368937E-1,-4.2989094E-2,2.784729E-2,1.0386658E-2,4.01474E-2,-5.0987243E-3,-1.34964E-3,9.394328E-4,4.1603087E-3],"categories":[],"categories_nodes":[],"categories_segments":[],"categories_sizes":[],"default_left":[0,0,0,0,0,0,0,0,0,0,0,0,0,0,0],"id":86,"left_children":[1,3,5,-1,-1,7,9,11,13,-1,-1,-1,-1,-1,-1],"loss_changes":[5.7471395E-1,2.8281182E-2,2.1726193E-1,0E0,0E0,8.594574E-3,3.4471452E-3,1.951633E-5,6.2450767E-4,0E0,0E0,0E0,0E0,0E0,0E0],"parents":[2147483647,0,0,1,1,2,2,5,5,6,6,7,7,8,8],"right_children":[2,4,6,-1,-1,8,10,12,14,-1,-1,-1,-1,-1,-1],"split_conditions":[3.0387473E-1,2.0260158E-1,9.034371E-1,-4.802647E-2,-1.0356712E-2,6.0948116E-1,1E0,5.041348E-1,8.073162E-1,1.0386658E-2,4.01474E-2,-5.0987243E-3,-1.34964E-3,9.394328E-4,4.1603087E-3],"split_indices":[0,0,0,0,0,0,0,0,0,0,0,0,0,0,0],"split_type":[0,0,0,0,0,0,0,0,0,0,0,0,0,0,0],"sum_hessian":[9E0,2E0,7E0,1E0,1E0,5E0,2E0,2E0,3E0,1E0,1E0,1E0,1E0,2E0,1E0],"tree_param":{"num_deleted":"0","num_feature":"2","num_nodes":"15","size_leaf_vector":"1"}},{"base_weights":[-1.6632462E-2,-3.697599E-1,1.1786938E-1,-4.5625117E-2,-9.838867E-3,-2.8648376E-3,3.20048E-1,-4.084015E-2,2.6332855E-2,9.867096E-3,3.8140107E-2,-4.843903E-3,-1.2821198E-3,8.763631E-4,3.9520264E-3],"categories":[],"categories_nodes":[],"categories_segments":[],"categories_sizes":[],"default_left":[0,0,0,0,0,0,0,0,0,0,0,0,0,0,0],"id":87,"left_children":[1,3,5,-1,-1,7,9,11,13,-1,-1,-1,-1,-1,-1],"loss_changes":[5.185462E-1,2.5523782E-2,1.961959E-1,0E0,0E0,7.728187E-3,3.1132698E-3,1.7690938E-5,5.804291E-4,0E0,0E0,0E0,0E0,0E0,0E0],"parents":[2147483647,0,0,1,1,2,2,5,5,6,6,7,7,8,8],"right_children":[2,4,6,-1,-1,8,10,12,14,-1,-1,-1,-1,-1,-1],"split_conditions":[3.0387473E-1,2.0260158E-1,9.034371E-1,-4.5625117E-2,-9.838867E-3,6.0948116E-1,1E0,5.041348E-1,8.073162E-1,9.867096E-3,3.8140107E-2,-4.843903E-3,-1.2821198E-3,8.763631E-4,3.9520264E-3],"split_indices":[0,0,0,0,0,0,0,0,0,0,0,0,0,0,0],"split_type":[0,0,0,0,0,0,0,0,0,0,0,0,0,0,0],"sum_hessian":[9E0,2E0,7E0,1E0,1E0,5E0,2E0,2E0,3E0,1E0,1E0,1E0,1E0,2E0,1E0],"tree_param":{"num_deleted":"0","num_feature":"2","num_nodes":"15","size_leaf_vector":"1"}},{"base_weights":[-1.5844727E-2,-3.5127258E-1,1.1192131E-1,-4.3343928E-2,-9.346962E-3,-2.7923584E-3,3.0404153E-1,-3.8798016E-2,2.4909973E-2,9.373474E-3,3.623276E-2,-4.6016695E-3,-1.2180329E-3,8.183797E-3,3.754425E-3,2.3803712E-4,9.895324E-4],"categories":[],"categories_nodes":[],"categories_segments":[],"categories_sizes":[],"default_left":[0,0,0,0,0,0,0,0,0,0,0,0,0,0,0,0,0],"id":88,"left_children":[1,3,5,-1,-1,7,9,11,13,-1,-1,-1,-1,15,-1,-1,-1],"loss_changes":[4.6787775E-1,2.303505E-2,1.7715953E-1,0E0,0E0,6.9511016E-3,2.8111637E-3,1.593493E-5,5.3803786E-4,0E0,0E0,0E0,0E0,6.24363E-6,0E0,0E0,0E0],"parents":[2147483647,0,0,1,1,2,2,5,5,6,6,7,7,8,8,13,13],"right_children":[2,4,6,-1,-1,8,10,12,14,-1,-1,-1,-1,16,-1,-1,-1],"split_conditions":[3.0387473E-1,2.0260158E-1,9.034371E-1,-4.3343928E-2,-9.346962E-3,6.0948116E-1,1E0,5.041348E-1,8.073162E-1,9.373474E-3,3.623276E-2,-4.6016695E-3,-1.2180329E-3,7.051339E-1,3.754425E-3,2.3803712E-4,9.895324E-4],"split_indices":[0,0,0,0,0,0,0,0,0,0,0,0,0,0,0,0,0],"split_type":[0,0,0,0,0,0,0,0,0,0,0,0,0,0,0,0,0],"sum_hessian":[9E0,2E0,7E0,1E0,1E0,5E0,2E0,2E0,3E0,1E0,1E0,1E0,1E0,2E0,1E0,1E0,1E0],"tree_param":{"num_deleted":"0","num_feature":"2","num_nodes":"17","size_leaf_vector":"1"}},{"base_weights":[-1.5053558E-2,-3.3370972E-1,1.06324196E-1,-4.1176796E-2,-8.879662E-3,-2.6537578E-3,2.888387E-1,-3.6857605E-2,2.3662567E-2,8.90503E-3,3.4420777E-2,-4.371643E-3,-1.1569978E-3,7.77181E-3,3.566742E-3,2.2583008E-4,9.3994144E-4],"categories":[],"categories_nodes":[],"categories_segments":[],"categories_sizes":[],"default_left":[0,0,0,0,0,0,0,0,0,0,0,0,0,0,0,0,0],"id":89,"left_children":[1,3,5,-1,-1,7,9,11,13,-1,-1,-1,-1,15,-1,-1,-1],"loss_changes":[4.222591E-1,2.0788848E-2,1.5988697E-1,0E0,0E0,6.272863E-3,2.534479E-3,1.4531892E-5,4.8586424E-4,0E0,0E0,0E0,0E0,5.694732E-6,0E0,0E0,0E0],"parents":[2147483647,0,0,1,1,2,2,5,5,6,6,7,7,8,8,13,13],"right_children":[2,4,6,-1,-1,8,10,12,14,-1,-1,-1,-1,16,-1,-1,-1],"split_conditions":[3.0387473E-1,2.0260158E-1,9.034371E-1,-4.1176796E-2,-8.879662E-3,6.0948116E-1,1E0,5.041348E-1,8.073162E-1,8.90503E-3,3.4420777E-2,-4.371643E-3,-1.1569978E-3,7.051339E-1,3.566742E-3,2.2583008E-4,9.3994144E-4],"split_indices":[0,0,0,0,0,0,0,0,0,0,0,0,0,0,0,0,0],"split_type":[0,0,0,0,0,0,0,0,0,0,0,0,0,0,0,0,0],"sum_hessian":[9E0,2E0,7E0,1E0,1E0,5E0,2E0,2E0,3E0,1E0,1E0,1E0,1E0,2E0,1E0,1E0,1E0],"tree_param":{"num_deleted":"0","num_feature":"2","num_nodes":"17","size_leaf_vector":"1"}},{"base_weights":[-1.4302826E-2,-3.1702423E-1,1.01005554E-1,-3.9118003E-2,-8.435631E-3,-2.5227864E-3,2.743937E-1,-3.5013836E-2,2.2476196E-2,8.459473E-3,3.2699585E-2,-4.153061E-3,-1.0990143E-3,7.3801675E-3,3.3882142E-3,2.1438599E-4,8.9263916E-4],"categories":[],"categories_nodes":[],"categories_segments":[],"categories_sizes":[],"default_left":[0,0,0,0,0,0,0,0,0,0,0,0,0,0,0,0,0],"id":90,"left_children":[1,3,5,-1,-1,7,9,11,13,-1,-1,-1,-1,15,-1,-1,-1],"loss_changes":[3.8108435E-1,1.8762529E-2,1.4429694E-1,0E0,0E0,5.6604366E-3,2.2893697E-3,1.324364E-5,4.386818E-4,0E0,0E0,0E0,0E0,5.152586E-6,0E0,0E0,0E0],"parents":[2147483647,0,0,1,1,2,2,5,5,6,6,7,7,8,8,13,13],"right_children":[2,4,6,-1,-1,8,10,12,14,-1,-1,-1,-1,16,-1,-1,-1],"split_conditions":[3.0387473E-1,2.0260158E-1,9.034371E-1,-3.9118003E-2,-8.435631E-3,6.0948116E-1,1E0,5.041348E-1,8.073162E-1,8.459473E-3,3.2699585E-2,-4.153061E-3,-1.0990143E-3,7.051339E-1,3.3882142E-3,2.1438599E-4,8.9263916E-4],"split_indices":[0,0,0,0,0,0,0,0,0,0,0,0,0,0,0,0,0],"split_type":[0,0,0,0,0,0,0,0,0,0,0,0,0,0,0,0,0],"sum_hessian":[9E0,2E0,7E0,1E0,1E0,5E0,2E0,2E0,3E0,1E0,1E0,1E0,1E0,2E0,1E0,1E0,1E0],"tree_param":{"num_deleted":"0","num_feature":"2","num_nodes":"17","size_leaf_vector":"1"}},{"base_weights":[-1.3587952E-2,-3.0117288E-1,9.5954895E-2,-3.7162017E-2,-8.013916E-3,-2.398173E-3,2.6067606E-1,-3.326416E-2,2.135086E-2,8.036804E-3,3.1064605E-2,-3.9455416E-3,-1.0440827E-3,7.0088706E-3,3.2188415E-3,2.0370484E-4,8.476257E-4],"categories":[],"categories_nodes":[],"categories_segments":[],"categories_sizes":[],"default_left":[0,0,0,0,0,0,0,0,0,0,0,0,0,0,0,0,0],"id":91,"left_children":[1,3,5,-1,-1,7,9,11,13,-1,-1,-1,-1,15,-1,-1,-1],"loss_changes":[3.4392774E-1,1.6932368E-2,1.3023181E-1,0E0,0E0,5.1084426E-3,2.063945E-3,1.1967961E-5,3.9612385E-4,0E0,0E0,0E0,0E0,4.6202185E-6,0E0,0E0,0E0],"parents":[2147483647,0,0,1,1,2,2,5,5,6,6,7,7,8,8,13,13],"right_children":[2,4,6,-1,-1,8,10,12,14,-1,-1,-1,-1,16,-1,-1,-1],"split_conditions":[3.0387473E-1,2.0260158E-1,9.034371E-1,-3.7162017E-2,-8.013916E-3,6.0948116E-1,1E0,5.041348E-1,8.073162E-1,8.036804E-3,3.1064605E-2,-3.9455416E-3,-1.0440827E-3,7.051339E-1,3.2188415E-3,2.0370484E-4,8.476257E-4],"split_indices":[0,0,0,0,0,0,0,0,0,0,0,0,0,0,0,0,0],"split_type":[0,0,0,0,0,0,0,0,0,0,0,0,0,0,0,0,0],"sum_hessian":[9E0,2E0,7E0,1E0,1E0,5E0,2E0,2E0,3E0,1E0,1E0,1E0,1E0,2E0,1E0,1E0,1E0],"tree_param":{"num_deleted":"0","num_feature":"2","num_nodes":"17","size_leaf_vector":"1"}},{"base_weights":[-1.2909317E-2,-2.8611374E-1,9.1156006E-2,-3.530388E-2,-7.613182E-3,-2.2786458E-3,2.4763997E-1,-3.1600952E-2,2.0282745E-2,7.634735E-3,2.9511262E-2,-3.7483217E-3,-9.918213E-4,6.6579184E-3,3.0578615E-3,1.9378662E-4,8.049011E-4],"categories":[],"categories_nodes":[],"categories_segments":[],"categories_sizes":[],"default_left":[0,0,0,0,0,0,0,0,0,0,0,0,0,0,0,0,0],"id":92,"left_children":[1,3,5,-1,-1,7,9,11,13,-1,-1,-1,-1,15,-1,-1,-1],"loss_changes":[3.1039205E-1,1.5281662E-2,1.17532484E-1,0E0,0E0,4.610266E-3,1.8640757E-3,1.0864111E-5,3.5752775E-4,0E0,0E0,0E0,0E0,4.1001913E-6,0E0,0E0,0E0],"parents":[2147483647,0,0,1,1,2,2,5,5,6,6,7,7,8,8,13,13],"right_children":[2,4,6,-1,-1,8,10,12,14,-1,-1,-1,-1,16,-1,-1,-1],"split_conditions":[3.0387473E-1,2.0260158E-1,9.034371E-1,-3.530388E-2,-7.613182E-3,6.0948116E-1,1E0,5.041348E-1,8.073162E-1,7.634735E-3,2.9511262E-2,-3.7483217E-3,-9.918213E-4,7.051339E-1,3.0578615E-3,1.9378662E-4,8.049011E-4],"split_indices":[0,0,0,0,0,0,0,0,0,0,0,0,0,0,0,0,0],"split_type":[0,0,0,0,0,0,0,0,0,0,0,0,0,0,0,0,0],"sum_hessian":[9E0,2E0,7E0,1E0,1E0,5E0,2E0,2E0,3E0,1E0,1E0,1E0,1E0,2E0,1E0,1E0,1E0],"tree_param":{"num_deleted":"0","num_feature":"2","num_nodes":"17","size_leaf_vector":"1"}},{"base_weights":[-1.2263489E-2,-2.7180734E-1,8.65984E-2,-3.353863E-2,-7.2324756E-3,-2.1654766E-3,2.3526001E-1,-3.0021667E-2,1.9268036E-2,7.2532655E-3,2.8035736E-2,-3.56102E-3,-9.422302E-4,6.322225E-3,2.9052736E-3,1.8386841E-4,7.6446537E-4],"categories":[],"categories_nodes":[],"categories_segments":[],"categories_sizes":[],"default_left":[0,0,0,0,0,0,0,0,0,0,0,0,0,0,0,0,0],"id":93,"left_children":[1,3,5,-1,-1,7,9,11,13,-1,-1,-1,-1,15,-1,-1,-1],"loss_changes":[2.8012803E-1,1.3791934E-2,1.060757E-1,0E0,0E0,4.160795E-3,1.6806573E-3,9.830343E-6,3.230056E-4,0E0,0E0,0E0,0E0,3.7313803E-6,0E0,0E0,0E0],"parents":[2147483647,0,0,1,1,2,2,5,5,6,6,7,7,8,8,13,13],"right_children":[2,4,6,-1,-1,8,10,12,14,-1,-1,-1,-1,16,-1,-1,-1],"split_conditions":[3.0387473E-1,2.0260158E-1,9.034371E-1,-3.353863E-2,-7.2324756E-3,6.0948116E-1,1E0,5.041348E-1,8.073162E-1,7.2532655E-3,2.8035736E-2,-3.56102E-3,-9.422302E-4,7.051339E-1,2.9052736E-3,1.8386841E-4,7.6446537E-4],"split_indices":[0,0,0,0,0,0,0,0,0,0,0,0,0,0,0,0,0],"split_type":[0,0,0,0,0,0,0,0,0,0,0,0,0,0,0,0,0],"sum_hessian":[9E0,2E0,7E0,1E0,1E0,5E0,2E0,2E0,3E0,1E0,1E0,1E0,1E0,2E0,1E0,1E0,1E0],"tree_param":{"num_deleted":"0","num_feature":"2","num_nodes":"17","size_leaf_vector":"1"}},{"base_weights":[-1.1647796E-2,-2.5821686E-1,8.2271576E-2,-3.186169E-2,-6.870842E-3,-2.0548503E-3,2.2350056E-1,-2.8518677E-2,1.8306732E-2,6.8908692E-3,2.6634216E-2,-3.3828735E-3,-8.94928E-4,6.0068765E-3,2.760315E-3,1.7471313E-4,7.263184E-4],"categories":[],"categories_nodes":[],"categories_segments":[],"categories_sizes":[],"default_left":[0,0,0,0,0,0,0,0,0,0,0,0,0,0,0,0,0],"id":94,"left_children":[1,3,5,-1,-1,7,9,11,13,-1,-1,-1,-1,15,-1,-1,-1],"loss_changes":[2.5282001E-1,1.2447268E-2,9.573394E-2,0E0,0E0,3.755156E-3,1.515612E-3,9.001E-6,2.9156974E-4,0E0,0E0,0E0,0E0,3.3649048E-6,0E0,0E0,0E0],"parents":[2147483647,0,0,1,1,2,2,5,5,6,6,7,7,8,8,13,13],"right_children":[2,4,6,-1,-1,8,10,12,14,-1,-1,-1,-1,16,-1,-1,-1],"split_conditions":[3.0387473E-1,2.0260158E-1,9.034371E-1,-3.186169E-2,-6.870842E-3,6.0948116E-1,1E0,5.041348E-1,8.073162E-1,6.8908692E-3,2.6634216E-2,-3.3828735E-3,-8.94928E-4,7.051339E-1,2.760315E-3,1.7471313E-4,7.263184E-4],"split_indices":[0,0,0,0,0,0,0,0,0,0,0,0,0,0,0,0,0],"split_type":[0,0,0,0,0,0,0,0,0,0,0,0,0,0,0,0,0],"sum_hessian":[9E0,2E0,7E0,1E0,1E0,5E0,2E0,2E0,3E0,1E0,1E0,1E0,1E0,2E0,1E0,1E0,1E0],"tree_param":{"num_deleted":"0","num_feature":"2","num_nodes":"17","size_leaf_vector":"1"}},{"base_weights":[-1.1066055E-2,-2.4530666E-1,7.8157425E-2,-3.026867E-2,-6.5273284E-3,-1.953125E-3,2.1232605E-1,-2.7094522E-2,1.7391205E-2,6.5460205E-3,2.5302887E-2,-3.2138824E-3,-8.5029606E-4,5.706787E-3,2.622223E-3,1.6632081E-4,6.896973E-4],"categories":[],"categories_nodes":[],"categories_segments":[],"categories_sizes":[],"default_left":[0,0,0,0,0,0,0,0,0,0,0,0,0,0,0,0,0],"id":95,"left_children":[1,3,5,-1,-1,7,9,11,13,-1,-1,-1,-1,15,-1,-1,-1],"loss_changes":[2.2817016E-1,1.1233598E-2,8.640128E-2,0E0,0E0,3.3892673E-3,1.3702363E-3,8.069212E-6,2.6309688E-4,0E0,0E0,0E0,0E0,2.966728E-6,0E0,0E0,0E0],"parents":[2147483647,0,0,1,1,2,2,5,5,6,6,7,7,8,8,13,13],"right_children":[2,4,6,-1,-1,8,10,12,14,-1,-1,-1,-1,16,-1,-1,-1],"split_conditions":[3.0387473E-1,2.0260158E-1,9.034371E-1,-3.026867E-2,-6.5273284E-3,6.0948116E-1,1E0,5.041348E-1,8.073162E-1,6.5460205E-3,2.5302887E-2,-3.2138824E-3,-8.5029606E-4,7.051339E-1,2.622223E-3,1.6632081E-4,6.896973E-4],"split_indices":[0,0,0,0,0,0,0,0,0,0,0,0,0,0,0,0,0],"split_type":[0,0,0,0,0,0,0,0,0,0,0,0,0,0,0,0,0],"sum_hessian":[9E0,2E0,7E0,1E0,1E0,5E0,2E0,2E0,3E0,1E0,1E0,1E0,1E0,2E0,1E0,1E0,1E0],"tree_param":{"num_deleted":"0","num_feature":"2","num_nodes":"17","size_leaf_vector":"1"}},{"base_weights":[-1.0512924E-2,-2.3304112E-1,7.424927E-2,-2.8755188E-2,-6.2009813E-3,-1.856486E-3,2.0171101E-1,-2.5741577E-2,1.6521454E-2,6.2187198E-3,2.4037933E-2,-3.0532838E-3,-8.079529E-4,5.4219565E-3,2.4909973E-3,1.5792847E-4,6.55365E-4],"categories":[],"categories_nodes":[],"categories_segments":[],"categories_sizes":[],"default_left":[0,0,0,0,0,0,0,0,0,0,0,0,0,0,0,0,0],"id":96,"left_children":[1,3,5,-1,-1,7,9,11,13,-1,-1,-1,-1,15,-1,-1,-1],"loss_changes":[2.059229E-1,1.0138094E-2,7.797906E-2,0E0,0E0,3.0590408E-3,1.2369379E-3,7.179333E-6,2.373727E-4,0E0,0E0,0E0,0E0,2.6960988E-6,0E0,0E0,0E0],"parents":[2147483647,0,0,1,1,2,2,5,5,6,6,7,7,8,8,13,13],"right_children":[2,4,6,-1,-1,8,10,12,14,-1,-1,-1,-1,16,-1,-1,-1],"split_conditions":[3.0387473E-1,2.0260158E-1,9.034371E-1,-2.8755188E-2,-6.2009813E-3,6.0948116E-1,1E0,5.041348E-1,8.073162E-1,6.2187198E-3,2.4037933E-2,-3.0532838E-3,-8.079529E-4,7.051339E-1,2.4909973E-3,1.5792847E-4,6.55365E-4],"split_indices":[0,0,0,0,0,0,0,0,0,0,0,0,0,0,0,0,0],"split_type":[0,0,0,0,0,0,0,0,0,0,0,0,0,0,0,0,0],"sum_hessian":[9E0,2E0,7E0,1E0,1E0,5E0,2E0,2E0,3E0,1E0,1E0,1E0,1E0,2E0,1E0,1E0,1E0],"tree_param":{"num_deleted":"0","num_feature":"2","num_nodes":"17","size_leaf_vector":"1"}},{"base_weights":[-9.986496E-3,-2.213885E-1,7.053757E-2,-2.7317429E-2,-5.8908463E-3,-1.7623901E-3,1.9162495E-1,-2.4454752E-2,1.569748E-2,5.90744E-3,2.2836303E-2,-2.900696E-3,-7.675171E-4,5.1523843E-3,2.3666383E-3,1.5029908E-4,6.225586E-4],"categories":[],"categories_nodes":[],"categories_segments":[],"categories_sizes":[],"default_left":[0,0,0,0,0,0,0,0,0,0,0,0,0,0,0,0,0],"id":97,"left_children":[1,3,5,-1,-1,7,9,11,13,-1,-1,-1,-1,15,-1,-1,-1],"loss_changes":[1.8584567E-1,9.150192E-3,7.037462E-2,0E0,0E0,2.761112E-3,1.1185482E-3,6.518909E-6,2.1419313E-4,0E0,0E0,0E0,0E0,2.392604E-6,0E0,0E0,0E0],"parents":[2147483647,0,0,1,1,2,2,5,5,6,6,7,7,8,8,13,13],"right_children":[2,4,6,-1,-1,8,10,12,14,-1,-1,-1,-1,16,-1,-1,-1],"split_conditions":[3.0387473E-1,2.0260158E-1,9.034371E-1,-2.7317429E-2,-5.8908463E-3,6.0948116E-1,1E0,5.041348E-1,8.073162E-1,5.90744E-3,2.2836303E-2,-2.900696E-3,-7.675171E-4,7.051339E-1,2.3666383E-3,1.5029908E-4,6.225586E-4],"split_indices":[0,0,0,0,0,0,0,0,0,0,0,0,0,0,0,0,0],"split_type":[0,0,0,0,0,0,0,0,0,0,0,0,0,0,0,0,0],"sum_hessian":[9E0,2E0,7E0,1E0,1E0,5E0,2E0,2E0,3E0,1E0,1E0,1E0,1E0,2E0,1E0,1E0,1E0],"tree_param":{"num_deleted":"0","num_feature":"2","num_nodes":"17","size_leaf_vector":"1"}},{"base_weights":[-9.487915E-3,-2.1031952E-1,6.7009926E-2,-2.5951577E-2,-5.596352E-3,-1.6746521E-3,1.8204243E-1,-2.3231506E-2,1.4911652E-2,5.612183E-3,2.1694183E-2,-2.7557374E-3,-7.2898867E-4,4.892985E-3,2.2483827E-3,1.4266968E-4,5.912781E-4],"categories":[],"categories_nodes":[],"categories_segments":[],"categories_sizes":[],"default_left":[0,0,0,0,0,0,0,0,0,0,0,0,0,0,0,0,0],"id":98,"left_children":[1,3,5,-1,-1,7,9,11,13,-1,-1,-1,-1,15,-1,-1,-1],"loss_changes":[1.6772534E-1,8.257791E-3,6.3512534E-2,0E0,0E0,2.4917114E-3,1.0084882E-3,5.9938757E-6,1.9343937E-4,0E0,0E0,0E0,0E0,2.1689702E-6,0E0,0E0,0E0],"parents":[2147483647,0,0,1,1,2,2,5,5,6,6,7,7,8,8,13,13],"right_children":[2,4,6,-1,-1,8,10,12,14,-1,-1,-1,-1,16,-1,-1,-1],"split_conditions":[3.0387473E-1,2.0260158E-1,9.034371E-1,-2.5951577E-2,-5.596352E-3,6.0948116E-1,1E0,5.041348E-1,8.073162E-1,5.612183E-3,2.1694183E-2,-2.7557374E-3,-7.2898867E-4,7.051339E-1,2.2483827E-3,1.4266968E-4,5.912781E-4],"split_indices":[0,0,0,0,0,0,0,0,0,0,0,0,0,0,0,0,0],"split_type":[0,0,0,0,0,0,0,0,0,0,0,0,0,0,0,0,0],"sum_hessian":[9E0,2E0,7E0,1E0,1E0,5E0,2E0,2E0,3E0,1E0,1E0,1E0,1E0,2E0,1E0,1E0,1E0],"tree_param":{"num_deleted":"0","num_feature":"2","num_nodes":"17","size_leaf_vector":"1"}},{"base_weights":[-9.013367E-3,-1.9980367E-1,6.365967E-2,-2.4654007E-2,-5.316544E-3,-1.5894572E-3,1.7293803E-1,-2.2069296E-2,1.4167786E-2,5.331421E-3,2.0609284E-2,-2.6180267E-3,-6.9236755E-4,4.6488442E-3,2.1362305E-3,1.3580323E-4,5.615234E-4],"categories":[],"categories_nodes":[],"categories_segments":[],"categories_sizes":[],"default_left":[0,0,0,0,0,0,0,0,0,0,0,0,0,0,0,0,0],"id":99,"left_children":[1,3,5,-1,-1,7,9,11,13,-1,-1,-1,-1,15,-1,-1,-1],"loss_changes":[1.5137252E-1,7.4526146E-3,5.731742E-2,0E0,0E0,2.2489077E-3,9.106323E-4,5.5260025E-6,1.7462682E-4,0E0,0E0,0E0,0E0,1.914952E-6,0E0,0E0,0E0],"parents":[2147483647,0,0,1,1,2,2,5,5,6,6,7,7,8,8,13,13],"right_children":[2,4,6,-1,-1,8,10,12,14,-1,-1,-1,-1,16,-1,-1,-1],"split_conditions":[3.0387473E-1,2.0260158E-1,9.034371E-1,-2.4654007E-2,-5.316544E-3,6.0948116E-1,1E0,5.041348E-1,8.073162E-1,5.331421E-3,2.0609284E-2,-2.6180267E-3,-6.9236755E-4,7.051339E-1,2.1362305E-3,1.3580323E-4,5.615234E-4],"split_indices":[0,0,0,0,0,0,0,0,0,0,0,0,0,0,0,0,0],"split_type":[0,0,0,0,0,0,0,0,0,0,0,0,0,0,0,0,0],"sum_hessian":[9E0,2E0,7E0,1E0,1E0,5E0,2E0,2E0,3E0,1E0,1E0,1E0,1E0,2E0,1E0,1E0,1E0],"tree_param":{"num_deleted":"0","num_feature":"2","num_nodes":"17","size_leaf_vector":"1"}}]},"name":"gbtree"},"learner_model_param":{"base_score":"1.2814444E2","boost_from_average":"1","num_class":"0","num_feature":"2","num_target":"1"},"objective":{"name":"reg:squarederror","reg_loss_param":{"scale_pos_weight":"1"}}},"version":[2,0,1]}