{"learner":{"attributes":{"scikit_learn":"{\"_estimator_type\": \"regressor\"}"},"feature_names":[],"feature_types":[],"gradient_booster":{"model":{"gbtree_model_param":{"num_parallel_tree":"1","num_trees":"100"},"iteration_indptr":[0,1,2,3,4,5,6,7,8,9,10,11,12,13,14,15,16,17,18,19,20,21,22,23,24,25,26,27,28,29,30,31,32,33,34,35,36,37,38,39,40,41,42,43,44,45,46,47,48,49,50,51,52,53,54,55,56,57,58,59,60,61,62,63,64,65,66,67,68,69,70,71,72,73,74,75,76,77,78,79,80,81,82,83,84,85,86,87,88,89,90,91,92,93,94,95,96,97,98,99,100],"tree_info":[0,0,0,0,0,0,0,0,0,0,0,0,0,0,0,0,0,0,0,0,0,0,0,0,0,0,0,0,0,0,0,0,0,0,0,0,0,0,0,0,0,0,0,0,0,0,0,0,0,0,0,0,0,0,0,0,0,0,0,0,0,0,0,0,0,0,0,0,0,0,0,0,0,0,0,0,0,0,0,0,0,0,0,0,0,0,0,0,0,0,0,0,0,0,0,0,0,0,0,0],"trees":[{"base_weights":[-1.5258789E-6,-1.1983335E1,1.4379999E1,-1.3420001E0,-2.4000016E-1,2.0499992E-1,1.6949999E0],"categories":[],"categories_nodes":[],"categories_segments":[],"categories_sizes":[],"default_left":[0,0,0,0,0,0,0],"id":0,"left_children":[1,3,5,-1,-1,-1,-1],"loss_changes":[1.8955237E3,5.040027E1,1.23693115E2,0E0,0E0,0E0,0E0],"parents":[2147483647,0,0,1,1,2,2],"right_children":[2,4,6,-1,-1,-1,-1],"split_conditions":[6.0090137E-1,5.0525403E-1,8.050041E-1,-1.3420001E0,-2.4000016E-1,2.0499992E-1,1.6949999E0],"split_indices":[0,0,0,0,0,0,0],"split_type":[0,0,0,0,0,0,0],"sum_hessian":[9E0,5E0,4E0,4E0,1E0,1E0,3E0],"tree_param":{"num_deleted":"0","num_feature":"2","num_nodes":"7","size_leaf_vector":"1"}},{"base_weights":[3.1798173E-2,-1.1048669E1,1.3321999E1,-1.2346402E0,-2.2800007E-1,1.9474983E-1,1.5678749E0],"categories":[],"categories_nodes":[],"categories_segments":[],"categories_sizes":[],"default_left":[0,0,0,0,0,0,0],"id":1,"left_children":[1,3,5,-1,-1,-1,-1],"loss_changes":[1.6198065E3,4.0126526E1,1.0349994E2,0E0,0E0,0E0,0E0],"parents":[2147483647,0,0,1,1,2,2],"right_children":[2,4,6,-1,-1,-1,-1],"split_conditions":[6.0090137E-1,5.0525403E-1,8.050041E-1,-1.2346402E0,-2.2800007E-1,1.9474983E-1,1.5678749E0],"split_indices":[0,0,0,0,0,0,0],"split_type":[0,0,0,0,0,0,0],"sum_hessian":[9E0,5E0,4E0,4E0,1E0,1E0,3E0],"tree_param":{"num_deleted":"0","num_feature":"2","num_nodes":"7","size_leaf_vector":"1"}},{"base_weights":[5.861778E-2,-1.0187573E1,1.2342324E1,-1.1358689E0,-2.1660005E-1,1.8501244E-1,1.4502844E0],"categories":[],"categories_nodes":[],"categories_segments":[],"categories_sizes":[],"default_left":[0,0,0,0,0,0,0],"id":2,"left_children":[1,3,5,-1,-1,-1,-1],"loss_changes":[1.3843505E3,3.1762146E1,8.651099E1,0E0,0E0,0E0,0E0],"parents":[2147483647,0,0,1,1,2,2],"right_children":[2,4,6,-1,-1,-1,-1],"split_conditions":[6.0090137E-1,5.0525403E-1,8.050041E-1,-1.1358689E0,-2.1660005E-1,1.8501244E-1,1.4502844E0],"split_indices":[0,0,0,0,0,0,0],"split_type":[0,0,0,0,0,0,0],"sum_hessian":[9E0,5E0,4E0,4E0,1E0,1E0,3E0],"tree_param":{"num_deleted":"0","num_feature":"2","num_nodes":"7","size_leaf_vector":"1"}},{"base_weights":[8.103867E-2,-9.394229E0,1.1435152E1,-1.1340619E0,-3.667632E-1,1.757618E-1,1.341513E0],"categories":[],"categories_nodes":[],"categories_segments":[],"categories_sizes":[],"default_left":[0,0,0,0,0,0,0],"id":3,"left_children":[1,3,5,-1,-1,-1,-1],"loss_changes":[1.1832571E3,2.5283875E1,7.2227905E1,0E0,0E0,0E0,0E0],"parents":[2147483647,0,0,1,1,2,2],"right_children":[2,4,6,-1,-1,-1,-1],"split_conditions":[6.0090137E-1,4.027821E-1,8.050041E-1,-1.1340619E0,-3.667632E-1,1.757618E-1,1.341513E0],"split_indices":[0,0,0,0,0,0,0],"split_type":[0,0,0,0,0,0,0],"sum_hessian":[9E0,5E0,4E0,3E0,2E0,1E0,3E0],"tree_param":{"num_deleted":"0","num_feature":"2","num_nodes":"7","size_leaf_vector":"1"}},{"base_weights":[7.458E-2,-8.704942E0,1.0595091E1,-9.6962035E-1,-1.8743192E-1,1.669737E-1,1.2408994E0],"categories":[],"categories_nodes":[],"categories_segments":[],"categories_sizes":[],"default_left":[0,0,0,0,0,0,0],"id":4,"left_children":[1,3,5,-1,-1,-1,-1],"loss_changes":[1.0158802E3,2.2451782E1,6.0229004E1,0E0,0E0,0E0,0E0],"parents":[2147483647,0,0,1,1,2,2],"right_children":[2,4,6,-1,-1,-1,-1],"split_conditions":[6.0090137E-1,5.0525403E-1,8.050041E-1,-9.6962035E-1,-1.8743192E-1,1.669737E-1,1.2408994E0],"split_indices":[0,0,0,0,0,0,0],"split_type":[0,0,0,0,0,0,0],"sum_hessian":[9E0,5E0,4E0,4E0,1E0,1E0,3E0],"tree_param":{"num_deleted":"0","num_feature":"2","num_nodes":"7","size_leaf_vector":"1"}},{"base_weights":[9.220429E-2,-8.02729E0,9.817157E0,-9.7628564E-1,-3.0374387E-1,1.5862504E-1,1.1478322E0],"categories":[],"categories_nodes":[],"categories_segments":[],"categories_sizes":[],"default_left":[0,0,0,0,0,0,0],"id":5,"left_children":[1,3,5,-1,-1,-1,-1],"loss_changes":[8.684222E2,2.230722E1,5.0156982E1,0E0,0E0,0E0,0E0],"parents":[2147483647,0,0,1,1,2,2],"right_children":[2,4,6,-1,-1,-1,-1],"split_conditions":[6.0090137E-1,4.027821E-1,8.050041E-1,-9.7628564E-1,-3.0374387E-1,1.5862504E-1,1.1478322E0],"split_indices":[0,0,0,0,0,0,0],"split_type":[0,0,0,0,0,0,0],"sum_hessian":[9E0,5E0,4E0,3E0,2E0,1E0,3E0],"tree_param":{"num_deleted":"0","num_feature":"2","num_nodes":"7","size_leaf_vector":"1"}},{"base_weights":[8.56266E-2,-7.4379E0,9.096733E0,-9.0306437E-1,-2.834942E-1,1.506937E-1,1.0617448E0],"categories":[],"categories_nodes":[],"categories_segments":[],"categories_sizes":[],"default_left":[0,0,0,0,0,0,0],"id":6,"left_children":[1,3,5,-1,-1,-1,-1],"loss_changes":[7.456136E2,1.8386658E1,4.1709747E1,0E0,0E0,0E0,0E0],"parents":[2147483647,0,0,1,1,2,2],"right_children":[2,4,6,-1,-1,-1,-1],"split_conditions":[6.0090137E-1,4.027821E-1,8.050041E-1,-9.0306437E-1,-2.834942E-1,1.506937E-1,1.0617448E0],"split_indices":[0,0,0,0,0,0,0],"split_type":[0,0,0,0,0,0,0],"sum_hessian":[9E0,5E0,4E0,3E0,2E0,1E0,3E0],"tree_param":{"num_deleted":"0","num_feature":"2","num_nodes":"7","size_leaf_vector":"1"}},{"base_weights":[7.965203E-2,-6.89187E0,8.429548E0,-8.353345E-1,-2.6459464E-1,1.431591E-1,9.8211396E-1],"categories":[],"categories_nodes":[],"categories_segments":[],"categories_sizes":[],"default_left":[0,0,0,0,0,0,0],"id":7,"left_children":[1,3,5,-1,-1,-1,-1],"loss_changes":[6.4021014E2,1.5129395E1,3.4631653E1,0E0,0E0,0E0,0E0],"parents":[2147483647,0,0,1,1,2,2],"right_children":[2,4,6,-1,-1,-1,-1],"split_conditions":[6.0090137E-1,4.027821E-1,8.050041E-1,-8.353345E-1,-2.6459464E-1,1.431591E-1,9.8211396E-1],"split_indices":[0,0,0,0,0,0,0],"split_type":[0,0,0,0,0,0,0],"sum_hessian":[9E0,5E0,4E0,3E0,2E0,1E0,3E0],"tree_param":{"num_deleted":"0","num_feature":"2","num_nodes":"7","size_leaf_vector":"1"}},{"base_weights":[7.4221805E-2,-6.386004E0,7.8116484E0,-7.1213305E-1,-1.3546868E-1,1.3600121E-1,9.084555E-1],"categories":[],"categories_nodes":[],"categories_segments":[],"categories_sizes":[],"default_left":[0,0,0,0,0,0,0],"id":8,"left_children":[1,3,5,-1,-1,-1,-1],"loss_changes":[5.497405E2,1.25507965E1,2.8706543E1,0E0,0E0,0E0,0E0],"parents":[2147483647,0,0,1,1,2,2],"right_children":[2,4,6,-1,-1,-1,-1],"split_conditions":[6.0090137E-1,5.0525403E-1,8.050041E-1,-7.1213305E-1,-1.3546868E-1,1.3600121E-1,9.084555E-1],"split_indices":[0,0,0,0,0,0,0],"split_type":[0,0,0,0,0,0,0],"sum_hessian":[9E0,5E0,4E0,4E0,1E0,1E0,3E0],"tree_param":{"num_deleted":"0","num_feature":"2","num_nodes":"7","size_leaf_vector":"1"}},{"base_weights":[8.648453E-2,-5.888672E0,7.239375E0,-7.192745E-1,-2.1870168E-1,1.2920113E-1,8.4032136E-1],"categories":[],"categories_nodes":[],"categories_segments":[],"categories_sizes":[],"default_left":[0,0,0,0,0,0,0],"id":9,"left_children":[1,3,5,-1,-1,-1,-1],"loss_changes":[4.700267E2,1.3232727E1,2.37518E1,0E0,0E0,0E0,0E0],"parents":[2147483647,0,0,1,1,2,2],"right_children":[2,4,6,-1,-1,-1,-1],"split_conditions":[6.0090137E-1,4.027821E-1,8.050041E-1,-7.192745E-1,-2.1870168E-1,1.2920113E-1,8.4032136E-1],"split_indices":[0,0,0,0,0,0,0],"split_type":[0,0,0,0,0,0,0],"sum_hessian":[9E0,5E0,4E0,3E0,2E0,1E0,3E0],"tree_param":{"num_deleted":"0","num_feature":"2","num_nodes":"7","size_leaf_vector":"1"}},{"base_weights":[8.099079E-2,-5.4561343E0,6.709343E0,-6.653289E-1,-2.0412166E-1,1.22741126E-1,7.772973E-1],"categories":[],"categories_nodes":[],"categories_segments":[],"categories_sizes":[],"default_left":[0,0,0,0,0,0,0],"id":10,"left_children":[1,3,5,-1,-1,-1,-1],"loss_changes":[4.0362723E2,1.09483185E1,1.9613098E1,0E0,0E0,0E0,0E0],"parents":[2147483647,0,0,1,1,2,2],"right_children":[2,4,6,-1,-1,-1,-1],"split_conditions":[6.0090137E-1,4.027821E-1,8.050041E-1,-6.653289E-1,-2.0412166E-1,1.22741126E-1,7.772973E-1],"split_indices":[0,0,0,0,0,0,0],"split_type":[0,0,0,0,0,0,0],"sum_hessian":[9E0,5E0,4E0,3E0,2E0,1E0,3E0],"tree_param":{"num_deleted":"0","num_feature":"2","num_nodes":"7","size_leaf_vector":"1"}},{"base_weights":[7.595005E-2,-5.05543E0,6.2184157E0,-6.154293E-1,-1.9051361E-1,1.16604045E-1,7.19E-1],"categories":[],"categories_nodes":[],"categories_segments":[],"categories_sizes":[],"default_left":[0,0,0,0,0,0,0],"id":11,"left_children":[1,3,5,-1,-1,-1,-1],"loss_changes":[3.4663E2,9.04567E0,1.6160202E1,0E0,0E0,0E0,0E0],"parents":[2147483647,0,0,1,1,2,2],"right_children":[2,4,6,-1,-1,-1,-1],"split_conditions":[6.0090137E-1,4.027821E-1,8.050041E-1,-6.154293E-1,-1.9051361E-1,1.16604045E-1,7.19E-1],"split_indices":[0,0,0,0,0,0,0],"split_type":[0,0,0,0,0,0,0],"sum_hessian":[9E0,5E0,4E0,3E0,2E0,1E0,3E0],"tree_param":{"num_deleted":"0","num_feature":"2","num_nodes":"7","size_leaf_vector":"1"}},{"base_weights":[7.1320534E-2,-4.684211E0,5.763694E0,-5.692721E-1,-1.7781271E-1,1.10773854E-1,6.650748E-1],"categories":[],"categories_nodes":[],"categories_segments":[],"categories_sizes":[],"default_left":[0,0,0,0,0,0,0],"id":12,"left_children":[1,3,5,-1,-1,-1,-1],"loss_changes":[2.9770096E2,7.462509E0,1.3283127E1,0E0,0E0,0E0,0E0],"parents":[2147483647,0,0,1,1,2,2],"right_children":[2,4,6,-1,-1,-1,-1],"split_conditions":[6.0090137E-1,4.027821E-1,8.050041E-1,-5.692721E-1,-1.7781271E-1,1.10773854E-1,6.650748E-1],"split_indices":[0,0,0,0,0,0,0],"split_type":[0,0,0,0,0,0,0],"sum_hessian":[9E0,5E0,4E0,3E0,2E0,1E0,3E0],"tree_param":{"num_deleted":"0","num_feature":"2","num_nodes":"7","size_leaf_vector":"1"}},{"base_weights":[6.706581E-2,-4.340303E0,5.342495E0,-5.8251256E-1,-2.1416102E-1,1.052351E-1,6.151943E-1],"categories":[],"categories_nodes":[],"categories_segments":[],"categories_sizes":[],"default_left":[0,0,0,0,0,0,0],"id":13,"left_children":[1,3,5,-1,-1,-1,-1],"loss_changes":[2.5569565E2,7.1128693E0,1.0889236E1,0E0,0E0,0E0,0E0],"parents":[2147483647,0,0,1,1,2,2],"right_children":[2,4,6,-1,-1,-1,-1],"split_conditions":[6.0090137E-1,2.9803112E-1,8.050041E-1,-5.8251256E-1,-2.1416102E-1,1.052351E-1,6.151943E-1],"split_indices":[0,0,0,0,0,0,0],"split_type":[0,0,0,0,0,0,0],"sum_hessian":[9E0,5E0,4E0,2E0,3E0,1E0,3E0],"tree_param":{"num_deleted":"0","num_feature":"2","num_nodes":"7","size_leaf_vector":"1"}},{"base_weights":[5.2733995E-2,-4.0390515E0,4.95233E0,-5.4367846E-1,-1.9809894E-1,9.99733E-2,5.690546E-1],"categories":[],"categories_nodes":[],"categories_segments":[],"categories_sizes":[],"default_left":[0,0,0,0,0,0,0],"id":14,"left_children":[1,3,5,-1,-1,-1,-1],"loss_changes":[2.204837E2,6.489502E0,8.900314E0,0E0,0E0,0E0,0E0],"parents":[2147483647,0,0,1,1,2,2],"right_children":[2,4,6,-1,-1,-1,-1],"split_conditions":[6.0090137E-1,2.9803112E-1,8.050041E-1,-5.4367846E-1,-1.9809894E-1,9.99733E-2,5.690546E-1],"split_indices":[0,0,0,0,0,0,0],"split_type":[0,0,0,0,0,0,0],"sum_hessian":[9E0,5E0,4E0,2E0,3E0,1E0,3E0],"tree_param":{"num_deleted":"0","num_feature":"2","num_nodes":"7","size_leaf_vector":"1"}},{"base_weights":[4.018574E-2,-3.7587767E0,4.5909033E0,-5.074332E-1,-1.832416E-1,9.497471E-2,5.263756E-1],"categories":[],"categories_nodes":[],"categories_segments":[],"categories_sizes":[],"default_left":[0,0,0,0,0,0,0],"id":15,"left_children":[1,3,5,-1,-1,-1,-1],"loss_changes":[1.9013623E2,5.907112E0,7.2505646E0,0E0,0E0,0E0,0E0],"parents":[2147483647,0,0,1,1,2,2],"right_children":[2,4,6,-1,-1,-1,-1],"split_conditions":[6.0090137E-1,2.9803112E-1,8.050041E-1,-5.074332E-1,-1.832416E-1,9.497471E-2,5.263756E-1],"split_indices":[0,0,0,0,0,0,0],"split_type":[0,0,0,0,0,0,0],"sum_hessian":[9E0,5E0,4E0,2E0,3E0,1E0,3E0],"tree_param":{"num_deleted":"0","num_feature":"2","num_nodes":"7","size_leaf_vector":"1"}},{"base_weights":[2.9235076E-2,-3.4980114E0,4.2560835E0,-3.9601624E-1,-5.9362795E-2,9.022599E-2,4.8689747E-1],"categories":[],"categories_nodes":[],"categories_segments":[],"categories_sizes":[],"default_left":[0,0,0,0,0,0,0],"id":16,"left_children":[1,3,5,-1,-1,-1,-1],"loss_changes":[1.6397919E2,5.7027206E0,5.8845596E0,0E0,0E0,0E0,0E0],"parents":[2147483647,0,0,1,1,2,2],"right_children":[2,4,6,-1,-1,-1,-1],"split_conditions":[6.0090137E-1,5.0525403E-1,8.050041E-1,-3.9601624E-1,-5.9362795E-2,9.022599E-2,4.8689747E-1],"split_indices":[0,0,0,0,0,0,0],"split_type":[0,0,0,0,0,0,0],"sum_hessian":[9E0,5E0,4E0,4E0,1E0,1E0,3E0],"tree_param":{"num_deleted":"0","num_feature":"2","num_nodes":"7","size_leaf_vector":"1"}},{"base_weights":[3.848667E-2,-3.224106E0,3.9459007E0,-4.4720322E-1,-1.4821354E-1,8.571472E-2,4.5038024E-1],"categories":[],"categories_nodes":[],"categories_segments":[],"categories_sizes":[],"default_left":[0,0,0,0,0,0,0],"id":17,"left_children":[1,3,5,-1,-1,-1,-1],"loss_changes":[1.40205E2,6.4149513E0,4.755684E0,0E0,0E0,0E0,0E0],"parents":[2147483647,0,0,1,1,2,2],"right_children":[2,4,6,-1,-1,-1,-1],"split_conditions":[6.0090137E-1,2.9803112E-1,8.050041E-1,-4.4720322E-1,-1.4821354E-1,8.571472E-2,4.5038024E-1],"split_indices":[0,0,0,0,0,0,0],"split_type":[0,0,0,0,0,0,0],"sum_hessian":[9E0,5E0,4E0,2E0,3E0,1E0,3E0],"tree_param":{"num_deleted":"0","num_feature":"2","num_nodes":"7","size_leaf_vector":"1"}},{"base_weights":[2.8705979E-2,-3.000932E0,3.6585305E0,-4.173897E-1,-1.3709755E-1,8.142891E-2,4.1660187E-1],"categories":[],"categories_nodes":[],"categories_segments":[],"categories_sizes":[],"default_left":[0,0,0,0,0,0,0],"id":18,"left_children":[1,3,5,-1,-1,-1,-1],"loss_changes":[1.2094954E2,5.7489777E0,3.8247452E0,0E0,0E0,0E0,0E0],"parents":[2147483647,0,0,1,1,2,2],"right_children":[2,4,6,-1,-1,-1,-1],"split_conditions":[6.0090137E-1,2.9803112E-1,8.050041E-1,-4.173897E-1,-1.3709755E-1,8.142891E-2,4.1660187E-1],"split_indices":[0,0,0,0,0,0,0],"split_type":[0,0,0,0,0,0,0],"sum_hessian":[9E0,5E0,4E0,2E0,3E0,1E0,3E0],"tree_param":{"num_deleted":"0","num_feature":"2","num_nodes":"7","size_leaf_vector":"1"}},{"base_weights":[2.0189095E-2,-2.793254E0,3.392283E0,-3.8956377E-1,-1.2681527E-1,7.7357486E-2,3.8535663E-1],"categories":[],"categories_nodes":[],"categories_segments":[],"categories_sizes":[],"default_left":[0,0,0,0,0,0,0],"id":19,"left_children":[1,3,5,-1,-1,-1,-1],"loss_changes":[1.0434744E2,5.147217E0,3.0588074E0,0E0,0E0,0E0,0E0],"parents":[2147483647,0,0,1,1,2,2],"right_children":[2,4,6,-1,-1,-1,-1],"split_conditions":[6.0090137E-1,2.9803112E-1,8.050041E-1,-3.8956377E-1,-1.2681527E-1,7.7357486E-2,3.8535663E-1],"split_indices":[0,0,0,0,0,0,0],"split_type":[0,0,0,0,0,0,0],"sum_hessian":[9E0,5E0,4E0,2E0,3E0,1E0,3E0],"tree_param":{"num_deleted":"0","num_feature":"2","num_nodes":"7","size_leaf_vector":"1"}},{"base_weights":[1.280384E-2,-2.599991E0,3.145597E0,-3.635928E-1,-1.1730409E0,1.2408409E-1,4.001821E-1,-1.3254656E-1,-3.5788346E-2],"categories":[],"categories_nodes":[],"categories_segments":[],"categories_sizes":[],"default_left":[0,0,0,0,0,0,0,0,0],"id":20,"left_children":[1,3,5,-1,7,-1,-1,-1,-1],"loss_changes":[9.003199E1,4.60429E0,3.1888695E0,0E0,2.263832E-2,0E0,0E0,0E0,0E0],"parents":[2147483647,0,0,1,1,2,2,4,4],"right_children":[2,4,6,-1,8,-1,-1,-1,-1],"split_conditions":[6.0090137E-1,2.9803112E-1,8.980016E-1,-3.635928E-1,5.0525403E-1,1.2408409E-1,4.001821E-1,-1.3254656E-1,-3.5788346E-2],"split_indices":[0,0,0,0,0,0,0,0,0],"split_type":[0,0,0,0,0,0,0,0,0],"sum_hessian":[9E0,5E0,4E0,2E0,3E0,2E0,2E0,2E0,1E0],"tree_param":{"num_deleted":"0","num_feature":"2","num_nodes":"9","size_leaf_vector":"1"}},{"base_weights":[1.0757446E-2,-2.4286468E0,2.935891E0,-3.393533E-1,-1.0978203E0,1.1581179E-1,3.735034E-1,-1.2371012E-1,-3.3998873E-2],"categories":[],"categories_nodes":[],"categories_segments":[],"categories_sizes":[],"default_left":[0,0,0,0,0,0,0,0,0],"id":21,"left_children":[1,3,5,-1,7,-1,-1,-1,-1],"loss_changes":[7.848607E1,3.9790878E0,2.7778625E0,0E0,1.6055107E-3,0E0,0E0,0E0,0E0],"parents":[2147483647,0,0,1,1,2,2,4,4],"right_children":[2,4,6,-1,8,-1,-1,-1,-1],"split_conditions":[6.0090137E-1,2.9803112E-1,8.980016E-1,-3.393533E-1,5.0525403E-1,1.1581179E-1,3.735034E-1,-1.2371012E-1,-3.3998873E-2],"split_indices":[0,0,0,0,0,0,0,0,0],"split_type":[0,0,0,0,0,0,0,0,0],"sum_hessian":[9E0,5E0,4E0,2E0,3E0,2E0,2E0,2E0,1E0],"tree_param":{"num_deleted":"0","num_feature":"2","num_nodes":"9","size_leaf_vector":"1"}},{"base_weights":[8.907318E-3,-2.2686253E0,2.740165E0,-3.1672975E-1,-1.0274649E-1,1.0809111E-1,3.4860307E-1],"categories":[],"categories_nodes":[],"categories_segments":[],"categories_sizes":[],"default_left":[0,0,0,0,0,0,0],"id":22,"left_children":[1,3,5,-1,-1,-1,-1],"loss_changes":[6.842169E1,3.4380894E0,2.4198112E0,0E0,0E0,0E0,0E0],"parents":[2147483647,0,0,1,1,2,2],"right_children":[2,4,6,-1,-1,-1,-1],"split_conditions":[6.0090137E-1,2.9803112E-1,8.980016E-1,-3.1672975E-1,-1.0274649E-1,1.0809111E-1,3.4860307E-1],"split_indices":[0,0,0,0,0,0,0],"split_type":[0,0,0,0,0,0,0],"sum_hessian":[9E0,5E0,4E0,2E0,3E0,2E0,2E0],"tree_param":{"num_deleted":"0","num_feature":"2","num_nodes":"7","size_leaf_vector":"1"}},{"base_weights":[1.1738777E-2,-2.1116755E0,2.5574882E0,-2.673367E-1,-6.5886185E-2,1.00885145E-1,3.253629E-1],"categories":[],"categories_nodes":[],"categories_segments":[],"categories_sizes":[],"default_left":[0,0,0,0,0,0,0],"id":23,"left_children":[1,3,5,-1,-1,-1,-1],"loss_changes":[5.9457394E1,3.134819E0,2.1079216E0,0E0,0E0,0E0,0E0],"parents":[2147483647,0,0,1,1,2,2],"right_children":[2,4,6,-1,-1,-1,-1],"split_conditions":[6.0090137E-1,4.027821E-1,8.980016E-1,-2.673367E-1,-6.5886185E-2,1.00885145E-1,3.253629E-1],"split_indices":[0,0,0,0,0,0,0],"split_type":[0,0,0,0,0,0,0],"sum_hessian":[9E0,5E0,4E0,3E0,2E0,2E0,2E0],"tree_param":{"num_deleted":"0","num_feature":"2","num_nodes":"7","size_leaf_vector":"1"}},{"base_weights":[1.9867707E-2,-1.9560452E0,2.3869896E0,-2.7779198E-1,-8.506279E-1,9.415957E-2,3.0367205E-1,-9.750557E-2,-2.3867225E-2],"categories":[],"categories_nodes":[],"categories_segments":[],"categories_sizes":[],"default_left":[0,0,0,0,0,0,0,0,0],"id":24,"left_children":[1,3,5,-1,7,-1,-1,-1,-1],"loss_changes":[5.1441322E1,3.0881119E0,1.8362217E0,0E0,7.185817E-2,0E0,0E0,0E0,0E0],"parents":[2147483647,0,0,1,1,2,2,4,4],"right_children":[2,4,6,-1,8,-1,-1,-1,-1],"split_conditions":[6.0090137E-1,2.9803112E-1,8.980016E-1,-2.7779198E-1,5.0525403E-1,9.415957E-2,3.0367205E-1,-9.750557E-2,-2.3867225E-2],"split_indices":[0,0,0,0,0,0,0,0,0],"split_type":[0,0,0,0,0,0,0,0,0],"sum_hessian":[9E0,5E0,4E0,2E0,3E0,2E0,2E0,2E0,1E0],"tree_param":{"num_deleted":"0","num_feature":"2","num_nodes":"9","size_leaf_vector":"1"}},{"base_weights":[1.7747689E-2,-1.8269682E0,2.227857E0,-2.5927252E-1,-7.9590845E-1,4.633827E-2,2.55313E-1,-9.100526E-2,-2.2673799E-2],"categories":[],"categories_nodes":[],"categories_segments":[],"categories_sizes":[],"default_left":[0,0,0,0,0,0,0,0,0],"id":25,"left_children":[1,3,5,-1,7,-1,-1,-1,-1],"loss_changes":[4.484046E1,2.6736736E0,1.6866035E0,0E0,5.352664E-2,0E0,0E0,0E0,0E0],"parents":[2147483647,0,0,1,1,2,2,4,4],"right_children":[2,4,6,-1,8,-1,-1,-1,-1],"split_conditions":[6.0090137E-1,2.9803112E-1,8.050041E-1,-2.5927252E-1,5.0525403E-1,4.633827E-2,2.55313E-1,-9.100526E-2,-2.2673799E-2],"split_indices":[0,0,0,0,0,0,0,0,0],"split_type":[0,0,0,0,0,0,0,0,0],"sum_hessian":[9E0,5E0,4E0,2E0,3E0,1E0,3E0,2E0,1E0],"tree_param":{"num_deleted":"0","num_feature":"2","num_nodes":"9","size_leaf_vector":"1"}},{"base_weights":[8.842468E-3,-1.7064304E0,2.0654016E0,-2.4198774E-1,-7.447376E-1,7.782733E-2,2.6640627E-1,-8.493831E-2,-2.154007E-2],"categories":[],"categories_nodes":[],"categories_segments":[],"categories_sizes":[],"default_left":[0,0,0,0,0,0,0,0,0],"id":26,"left_children":[1,3,5,-1,7,-1,-1,-1,-1],"loss_changes":[3.8800064E1,2.3145256E0,1.779398E0,0E0,3.8612843E-2,0E0,0E0,0E0,0E0],"parents":[2147483647,0,0,1,1,2,2,4,4],"right_children":[2,4,6,-1,8,-1,-1,-1,-1],"split_conditions":[6.0090137E-1,2.9803112E-1,8.980016E-1,-2.4198774E-1,5.0525403E-1,7.782733E-2,2.6640627E-1,-8.493831E-2,-2.154007E-2],"split_indices":[0,0,0,0,0,0,0,0,0],"split_type":[0,0,0,0,0,0,0,0,0],"sum_hessian":[9E0,5E0,4E0,2E0,3E0,2E0,2E0,2E0,1E0],"tree_param":{"num_deleted":"0","num_feature":"2","num_nodes":"9","size_leaf_vector":"1"}},{"base_weights":[7.53479E-3,-1.593865E0,1.9277077E0,-2.2585526E-1,-6.968832E-1,7.263883E-2,2.4864578E-1,-7.927577E-2,-2.046299E-2],"categories":[],"categories_nodes":[],"categories_segments":[],"categories_sizes":[],"default_left":[0,0,0,0,0,0,0,0,0],"id":27,"left_children":[1,3,5,-1,7,-1,-1,-1,-1],"loss_changes":[3.382215E1,2.0033283E0,1.5500546E0,0E0,2.6556134E-2,0E0,0E0,0E0,0E0],"parents":[2147483647,0,0,1,1,2,2,4,4],"right_children":[2,4,6,-1,8,-1,-1,-1,-1],"split_conditions":[6.0090137E-1,2.9803112E-1,8.980016E-1,-2.2585526E-1,5.0525403E-1,7.263883E-2,2.4864578E-1,-7.927577E-2,-2.046299E-2],"split_indices":[0,0,0,0,0,0,0,0,0],"split_type":[0,0,0,0,0,0,0,0,0],"sum_hessian":[9E0,5E0,4E0,2E0,3E0,2E0,2E0,2E0,1E0],"tree_param":{"num_deleted":"0","num_feature":"2","num_nodes":"9","size_leaf_vector":"1"}},{"base_weights":[6.350136E-3,-1.4887444E0,1.7991936E0,-2.1079826E-1,-6.5212965E-1,6.77962E-2,2.320694E-1,-7.3990695E-2,-1.943989E-2],"categories":[],"categories_nodes":[],"categories_segments":[],"categories_sizes":[],"default_left":[0,0,0,0,0,0,0,0,0],"id":28,"left_children":[1,3,5,-1,7,-1,-1,-1,-1],"loss_changes":[2.9483244E1,1.7337055E0,1.3502712E0,0E0,1.687634E-2,0E0,0E0,0E0,0E0],"parents":[2147483647,0,0,1,1,2,2,4,4],"right_children":[2,4,6,-1,8,-1,-1,-1,-1],"split_conditions":[6.0090137E-1,2.9803112E-1,8.980016E-1,-2.1079826E-1,5.0525403E-1,6.77962E-2,2.320694E-1,-7.3990695E-2,-1.943989E-2],"split_indices":[0,0,0,0,0,0,0,0,0],"split_type":[0,0,0,0,0,0,0,0,0],"sum_hessian":[9E0,5E0,4E0,2E0,3E0,2E0,2E0,2E0,1E0],"tree_param":{"num_deleted":"0","num_feature":"2","num_nodes":"9","size_leaf_vector":"1"}},{"base_weights":[5.2785873E-3,-1.390575E0,1.6792473E0,-2.3005877E-1,-7.4845505E-1,6.327655E-2,2.1659802E-1,-8.432293E-2,-1.8467903E-2],"categories":[],"categories_nodes":[],"categories_segments":[],"categories_sizes":[],"default_left":[0,0,0,0,0,0,0,0,0],"id":29,"left_children":[1,3,5,-1,7,-1,-1,-1,-1],"loss_changes":[2.5701275E1,1.7841368E0,1.1762276E0,0E0,1.11430645E-1,0E0,0E0,0E0,0E0],"parents":[2147483647,0,0,1,1,2,2,4,4],"right_children":[2,4,6,-1,8,-1,-1,-1,-1],"split_conditions":[6.0090137E-1,2.0029885E-1,8.980016E-1,-2.3005877E-1,5.0525403E-1,6.327655E-2,2.1659802E-1,-8.432293E-2,-1.8467903E-2],"split_indices":[0,0,0,0,0,0,0,0,0],"split_type":[0,0,0,0,0,0,0,0,0],"sum_hessian":[9E0,5E0,4E0,1E0,4E0,2E0,2E0,3E0,1E0],"tree_param":{"num_deleted":"0","num_feature":"2","num_nodes":"9","size_leaf_vector":"1"}},{"base_weights":[-5.4740906E-4,-1.3069929E0,1.5672966E0,-2.1855584E-1,-6.941681E-1,5.9058E-2,2.021581E-1,-7.7998735E-2,-1.7544556E-2],"categories":[],"categories_nodes":[],"categories_segments":[],"categories_sizes":[],"default_left":[0,0,0,0,0,0,0,0,0],"id":30,"left_children":[1,3,5,-1,7,-1,-1,-1,-1],"loss_changes":[2.2531471E1,1.713295E0,1.0246305E0,0E0,8.573651E-2,0E0,0E0,0E0,0E0],"parents":[2147483647,0,0,1,1,2,2,4,4],"right_children":[2,4,6,-1,8,-1,-1,-1,-1],"split_conditions":[6.0090137E-1,2.0029885E-1,8.980016E-1,-2.1855584E-1,5.0525403E-1,5.9058E-2,2.021581E-1,-7.7998735E-2,-1.7544556E-2],"split_indices":[0,0,0,0,0,0,0,0,0],"split_type":[0,0,0,0,0,0,0,0,0],"sum_hessian":[9E0,5E0,4E0,1E0,4E0,2E0,2E0,3E0,1E0],"tree_param":{"num_deleted":"0","num_feature":"2","num_nodes":"9","size_leaf_vector":"1"}},{"base_weights":[-5.781555E-3,-1.2286434E0,1.462809E0,-2.0762806E-1,-6.4385986E-1,2.6991462E-2,1.6935539E-1,-7.21488E-2,-1.6667366E-2],"categories":[],"categories_nodes":[],"categories_segments":[],"categories_sizes":[],"default_left":[0,0,0,0,0,0,0,0,0],"id":31,"left_children":[1,3,5,-1,7,-1,-1,-1,-1],"loss_changes":[1.9756105E1,1.6372728E0,9.19157E-1,0E0,6.496239E-2,0E0,0E0,0E0,0E0],"parents":[2147483647,0,0,1,1,2,2,4,4],"right_children":[2,4,6,-1,8,-1,-1,-1,-1],"split_conditions":[6.0090137E-1,2.0029885E-1,8.050041E-1,-2.0762806E-1,5.0525403E-1,2.6991462E-2,1.6935539E-1,-7.21488E-2,-1.6667366E-2],"split_indices":[0,0,0,0,0,0,0,0,0],"split_type":[0,0,0,0,0,0,0,0,0],"sum_hessian":[9E0,5E0,4E0,1E0,4E0,1E0,3E0,3E0,1E0],"tree_param":{"num_deleted":"0","num_feature":"2","num_nodes":"9","size_leaf_vector":"1"}},{"base_weights":[-1.5213204E-2,-1.1551867E0,1.3557975E0,-1.9724666E-1,-5.972374E-1,4.857572E-2,1.7739055E-1,-6.673765E-2,-1.5834047E-2],"categories":[],"categories_nodes":[],"categories_segments":[],"categories_sizes":[],"default_left":[0,0,0,0,0,0,0,0,0],"id":32,"left_children":[1,3,5,-1,7,-1,-1,-1,-1],"loss_changes":[1.719536E1,1.5579729E0,9.571667E-1,0E0,4.8246503E-2,0E0,0E0,0E0,0E0],"parents":[2147483647,0,0,1,1,2,2,4,4],"right_children":[2,4,6,-1,8,-1,-1,-1,-1],"split_conditions":[6.0090137E-1,2.0029885E-1,8.980016E-1,-1.9724666E-1,5.0525403E-1,4.857572E-2,1.7739055E-1,-6.673765E-2,-1.5834047E-2],"split_indices":[0,0,0,0,0,0,0,0,0],"split_type":[0,0,0,0,0,0,0,0,0],"sum_hessian":[9E0,5E0,4E0,1E0,4E0,2E0,2E0,3E0,1E0],"tree_param":{"num_deleted":"0","num_feature":"2","num_nodes":"9","size_leaf_vector":"1"}},{"base_weights":[-1.9077111E-2,-1.0863041E0,1.2654107E0,-1.8738432E-1,-5.5402756E-1,4.5337297E-2,1.6556448E-1,-6.1732292E-2,-1.5042305E-2],"categories":[],"categories_nodes":[],"categories_segments":[],"categories_sizes":[],"default_left":[0,0,0,0,0,0,0,0,0],"id":33,"left_children":[1,3,5,-1,7,-1,-1,-1,-1],"loss_changes":[1.5083019E1,1.4769702E0,8.3379936E-1,0E0,3.4872055E-2,0E0,0E0,0E0,0E0],"parents":[2147483647,0,0,1,1,2,2,4,4],"right_children":[2,4,6,-1,8,-1,-1,-1,-1],"split_conditions":[6.0090137E-1,2.0029885E-1,8.980016E-1,-1.8738432E-1,5.0525403E-1,4.5337297E-2,1.6556448E-1,-6.1732292E-2,-1.5042305E-2],"split_indices":[0,0,0,0,0,0,0,0,0],"split_type":[0,0,0,0,0,0,0,0,0],"sum_hessian":[9E0,5E0,4E0,1E0,4E0,2E0,2E0,3E0,1E0],"tree_param":{"num_deleted":"0","num_feature":"2","num_nodes":"9","size_leaf_vector":"1"}},{"base_weights":[-2.2495652E-2,-1.0217005E0,1.1810493E0,-1.7801514E-1,-5.139801E-1,4.2314783E-2,1.5452677E-1,-5.7102393E-2,-1.4290238E-2],"categories":[],"categories_nodes":[],"categories_segments":[],"categories_sizes":[],"default_left":[0,0,0,0,0,0,0,0,0],"id":34,"left_children":[1,3,5,-1,7,-1,-1,-1,-1],"loss_changes":[1.3232559E1,1.3955235E0,7.2633123E-1,0E0,2.4237752E-2,0E0,0E0,0E0,0E0],"parents":[2147483647,0,0,1,1,2,2,4,4],"right_children":[2,4,6,-1,8,-1,-1,-1,-1],"split_conditions":[6.0090137E-1,2.0029885E-1,8.980016E-1,-1.7801514E-1,5.0525403E-1,4.2314783E-2,1.5452677E-1,-5.7102393E-2,-1.4290238E-2],"split_indices":[0,0,0,0,0,0,0,0,0],"split_type":[0,0,0,0,0,0,0,0,0],"sum_hessian":[9E0,5E0,4E0,1E0,4E0,2E0,2E0,3E0,1E0],"tree_param":{"num_deleted":"0","num_feature":"2","num_nodes":"9","size_leaf_vector":"1"}},{"base_weights":[-2.5502969E-2,-9.610987E-1,1.1023124E0,-1.691144E-1,-4.7686082E-1,3.949369E-2,1.4422506E-1,-5.281973E-2,-1.3575745E-2],"categories":[],"categories_nodes":[],"categories_segments":[],"categories_sizes":[],"default_left":[0,0,0,0,0,0,0,0,0],"id":35,"left_children":[1,3,5,-1,7,-1,-1,-1,-1],"loss_changes":[1.1611223E1,1.3146539E0,6.327214E-1,0E0,1.5848398E-2,0E0,0E0,0E0,0E0],"parents":[2147483647,0,0,1,1,2,2,4,4],"right_children":[2,4,6,-1,8,-1,-1,-1,-1],"split_conditions":[6.0090137E-1,2.0029885E-1,8.980016E-1,-1.691144E-1,5.0525403E-1,3.949369E-2,1.4422506E-1,-5.281973E-2,-1.3575745E-2],"split_indices":[0,0,0,0,0,0,0,0,0],"split_type":[0,0,0,0,0,0,0,0,0],"sum_hessian":[9E0,5E0,4E0,1E0,4E0,2E0,2E0,3E0,1E0],"tree_param":{"num_deleted":"0","num_feature":"2","num_nodes":"9","size_leaf_vector":"1"}},{"base_weights":[-2.8131675E-2,-9.0423995E-1,1.0288246E0,-1.6065864E-1,-4.4245338E-1,3.6860786E-2,1.3460998E-1,-4.8858214E-2,-1.289692E-2],"categories":[],"categories_nodes":[],"categories_segments":[],"categories_sizes":[],"default_left":[0,0,0,0,0,0,0,0,0],"id":36,"left_children":[1,3,5,-1,7,-1,-1,-1,-1],"loss_changes":[1.0190386E1,1.2351656E0,5.511694E-1,0E0,9.291172E-3,0E0,0E0,0E0,0E0],"parents":[2147483647,0,0,1,1,2,2,4,4],"right_children":[2,4,6,-1,8,-1,-1,-1,-1],"split_conditions":[6.0090137E-1,2.0029885E-1,8.980016E-1,-1.6065864E-1,5.0525403E-1,3.6860786E-2,1.3460998E-1,-4.8858214E-2,-1.289692E-2],"split_indices":[0,0,0,0,0,0,0,0,0],"split_type":[0,0,0,0,0,0,0,0,0],"sum_hessian":[9E0,5E0,4E0,1E0,4E0,2E0,2E0,3E0,1E0],"tree_param":{"num_deleted":"0","num_feature":"2","num_nodes":"9","size_leaf_vector":"1"}},{"base_weights":[-3.0412674E-2,-8.5088474E-1,9.602364E-1,-1.5262575E-1,-4.105587E-1,1.501255E-2,1.1252327E-1,-4.5193817E-2,-1.2252045E-2],"categories":[],"categories_nodes":[],"categories_segments":[],"categories_sizes":[],"default_left":[0,0,0,0,0,0,0,0,0],"id":37,"left_children":[1,3,5,-1,7,-1,-1,-1,-1],"loss_changes":[8.945048E0,1.1576872E0,4.9940062E-1,0E0,4.222691E-3,0E0,0E0,0E0,0E0],"parents":[2147483647,0,0,1,1,2,2,4,4],"right_children":[2,4,6,-1,8,-1,-1,-1,-1],"split_conditions":[6.0090137E-1,2.0029885E-1,8.050041E-1,-1.5262575E-1,5.0525403E-1,1.501255E-2,1.1252327E-1,-4.5193817E-2,-1.2252045E-2],"split_indices":[0,0,0,0,0,0,0,0,0],"split_type":[0,0,0,0,0,0,0,0,0],"sum_hessian":[9E0,5E0,4E0,1E0,4E0,1E0,3E0,3E0,1E0],"tree_param":{"num_deleted":"0","num_feature":"2","num_nodes":"9","size_leaf_vector":"1"}},{"base_weights":[-3.5624124E-2,-8.0080765E-1,8.897209E-1,-1.4499445E-1,-3.8099137E-1,3.015226E-2,1.1813456E-1,-4.180422E-2,-1.1639404E-2],"categories":[],"categories_nodes":[],"categories_segments":[],"categories_sizes":[],"default_left":[0,0,0,0,0,0,0,0,0],"id":38,"left_children":[1,3,5,-1,7,-1,-1,-1,-1],"loss_changes":[7.793083E0,1.0826926E0,5.014632E-1,0E0,3.6013126E-4,0E0,0E0,0E0,0E0],"parents":[2147483647,0,0,1,1,2,2,4,4],"right_children":[2,4,6,-1,8,-1,-1,-1,-1],"split_conditions":[6.0090137E-1,2.0029885E-1,8.980016E-1,-1.4499445E-1,5.0525403E-1,3.015226E-2,1.1813456E-1,-4.180422E-2,-1.1639404E-2],"split_indices":[0,0,0,0,0,0,0,0,0],"split_type":[0,0,0,0,0,0,0,0,0],"sum_hessian":[9E0,5E0,4E0,1E0,4E0,2E0,2E0,3E0,1E0],"tree_param":{"num_deleted":"0","num_feature":"2","num_nodes":"9","size_leaf_vector":"1"}},{"base_weights":[-3.707676E-2,-7.538004E-1,8.3040696E-1,-1.3774471E-1,-3.535816E-2,2.8142167E-2,1.10259E-1],"categories":[],"categories_nodes":[],"categories_segments":[],"categories_sizes":[],"default_left":[0,0,0,0,0,0,0],"id":39,"left_children":[1,3,5,-1,-1,-1,-1],"loss_changes":[6.8434224E0,1.0105305E0,4.3682933E-1,0E0,0E0,0E0,0E0],"parents":[2147483647,0,0,1,1,2,2],"right_children":[2,4,6,-1,-1,-1,-1],"split_conditions":[6.0090137E-1,2.0029885E-1,8.980016E-1,-1.3774471E-1,-3.535816E-2,2.8142167E-2,1.10259E-1],"split_indices":[0,0,0,0,0,0,0],"split_type":[0,0,0,0,0,0,0],"sum_hessian":[9E0,5E0,4E0,1E0,4E0,2E0,2E0],"tree_param":{"num_deleted":"0","num_feature":"2","num_nodes":"7","size_leaf_vector":"1"}},{"base_weights":[-3.6839105E-2,-7.072706E-1,7.750465E-1,-1.3085747E-1,-3.2529488E-1,2.6266098E-2,1.0290833E-1,-3.6017086E-2,-9.289551E-3],"categories":[],"categories_nodes":[],"categories_segments":[],"categories_sizes":[],"default_left":[0,0,0,0,0,0,0,0,0],"id":40,"left_children":[1,3,5,-1,7,-1,-1,-1,-1],"loss_changes":[5.991305E0,9.524286E-1,3.8052368E-1,0E0,7.0675015E-3,0E0,0E0,0E0,0E0],"parents":[2147483647,0,0,1,1,2,2,4,4],"right_children":[2,4,6,-1,8,-1,-1,-1,-1],"split_conditions":[6.0090137E-1,2.0029885E-1,8.980016E-1,-1.3085747E-1,5.0525403E-1,2.6266098E-2,1.0290833E-1,-3.6017086E-2,-9.289551E-3],"split_indices":[0,0,0,0,0,0,0,0,0],"split_type":[0,0,0,0,0,0,0,0,0],"sum_hessian":[9E0,5E0,4E0,1E0,4E0,2E0,2E0,3E0,1E0],"tree_param":{"num_deleted":"0","num_feature":"2","num_nodes":"9","size_leaf_vector":"1"}},{"base_weights":[-3.7853815E-2,-6.659047E-1,7.23378E-1,-1.243146E-1,-3.0182725E-1,2.4515025E-2,9.6047975E-2,-3.331585E-2,-8.825111E-3],"categories":[],"categories_nodes":[],"categories_segments":[],"categories_sizes":[],"default_left":[0,0,0,0,0,0,0,0,0],"id":41,"left_children":[1,3,5,-1,7,-1,-1,-1,-1],"loss_changes":[5.262624E0,8.857479E-1,3.3148122E-1,0E0,4.0564537E-3,0E0,0E0,0E0,0E0],"parents":[2147483647,0,0,1,1,2,2,4,4],"right_children":[2,4,6,-1,8,-1,-1,-1,-1],"split_conditions":[6.0090137E-1,2.0029885E-1,8.980016E-1,-1.243146E-1,5.0525403E-1,2.4515025E-2,9.6047975E-2,-3.331585E-2,-8.825111E-3],"split_indices":[0,0,0,0,0,0,0,0,0],"split_type":[0,0,0,0,0,0,0,0,0],"sum_hessian":[9E0,5E0,4E0,1E0,4E0,2E0,2E0,3E0,1E0],"tree_param":{"num_deleted":"0","num_feature":"2","num_nodes":"9","size_leaf_vector":"1"}},{"base_weights":[-3.865719E-2,-6.270571E-1,6.751541E-1,-1.1809883E-1,-2.8007317E-1,8.808518E-3,7.999001E-2,-3.0817175E-2,-8.383942E-3],"categories":[],"categories_nodes":[],"categories_segments":[],"categories_sizes":[],"default_left":[0,0,0,0,0,0,0,0,0],"id":42,"left_children":[1,3,5,-1,7,-1,-1,-1,-1],"loss_changes":[4.6234255E0,8.2246804E-1,2.9571295E-1,0E0,1.7324984E-3,0E0,0E0,0E0,0E0],"parents":[2147483647,0,0,1,1,2,2,4,4],"right_children":[2,4,6,-1,8,-1,-1,-1,-1],"split_conditions":[6.0090137E-1,2.0029885E-1,8.050041E-1,-1.1809883E-1,5.0525403E-1,8.808518E-3,7.999001E-2,-3.0817175E-2,-8.383942E-3],"split_indices":[0,0,0,0,0,0,0,0,0],"split_type":[0,0,0,0,0,0,0,0,0],"sum_hessian":[9E0,5E0,4E0,1E0,4E0,1E0,3E0,3E0,1E0],"tree_param":{"num_deleted":"0","num_feature":"2","num_nodes":"9","size_leaf_vector":"1"}},{"base_weights":[-4.1640855E-2,-5.905679E-1,6.2539977E-1,-1.12193875E-1,-2.59906E-1,1.9920858E-2,8.431244E-2,-3.145701E-2,-1.1860657E-2],"categories":[],"categories_nodes":[],"categories_segments":[],"categories_sizes":[],"default_left":[0,0,0,0,0,0,0,0,0],"id":43,"left_children":[1,3,5,-1,7,-1,-1,-1,-1],"loss_changes":[4.0309076E0,7.6262593E-1,2.9600406E-1,0E0,1.3099611E-3,0E0,0E0,0E0,0E0],"parents":[2147483647,0,0,1,1,2,2,4,4],"right_children":[2,4,6,-1,8,-1,-1,-1,-1],"split_conditions":[6.0090137E-1,2.0029885E-1,8.980016E-1,-1.12193875E-1,4.027821E-1,1.9920858E-2,8.431244E-2,-3.145701E-2,-1.1860657E-2],"split_indices":[0,0,0,0,0,0,0,0,0],"split_type":[0,0,0,0,0,0,0,0,0],"sum_hessian":[9E0,5E0,4E0,1E0,4E0,2E0,2E0,2E0,2E0],"tree_param":{"num_deleted":"0","num_feature":"2","num_nodes":"9","size_leaf_vector":"1"}},{"base_weights":[-4.2604446E-2,-5.574296E-1,5.837067E-1,-1.0658417E-1,-2.425789E-1,1.8592834E-2,7.869161E-2,-2.9359818E-2,-1.1069997E-2],"categories":[],"categories_nodes":[],"categories_segments":[],"categories_sizes":[],"default_left":[0,0,0,0,0,0,0,0,0],"id":44,"left_children":[1,3,5,-1,7,-1,-1,-1,-1],"loss_changes":[3.5497828E0,7.01893E-1,2.578516E-1,0E0,1.1405349E-3,0E0,0E0,0E0,0E0],"parents":[2147483647,0,0,1,1,2,2,4,4],"right_children":[2,4,6,-1,8,-1,-1,-1,-1],"split_conditions":[6.0090137E-1,2.0029885E-1,8.980016E-1,-1.0658417E-1,4.027821E-1,1.8592834E-2,7.869161E-2,-2.9359818E-2,-1.1069997E-2],"split_indices":[0,0,0,0,0,0,0,0,0],"split_type":[0,0,0,0,0,0,0,0,0],"sum_hessian":[9E0,5E0,4E0,1E0,4E0,2E0,2E0,2E0,2E0],"tree_param":{"num_deleted":"0","num_feature":"2","num_nodes":"9","size_leaf_vector":"1"}},{"base_weights":[-4.331646E-2,-5.2618885E-1,5.447937E-1,-1.0125494E-1,-2.2640686E-1,1.7353313E-2,7.344564E-2,-2.7402496E-2,-1.033198E-2],"categories":[],"categories_nodes":[],"categories_segments":[],"categories_sizes":[],"default_left":[0,0,0,0,0,0,0,0,0],"id":45,"left_children":[1,3,5,-1,7,-1,-1,-1,-1],"loss_changes":[3.126486E0,6.4556456E-1,2.2461879E-1,0E0,9.936392E-4,0E0,0E0,0E0,0E0],"parents":[2147483647,0,0,1,1,2,2,4,4],"right_children":[2,4,6,-1,8,-1,-1,-1,-1],"split_conditions":[6.0090137E-1,2.0029885E-1,8.980016E-1,-1.0125494E-1,4.027821E-1,1.7353313E-2,7.344564E-2,-2.7402496E-2,-1.033198E-2],"split_indices":[0,0,0,0,0,0,0,0,0],"split_type":[0,0,0,0,0,0,0,0,0],"sum_hessian":[9E0,5E0,4E0,1E0,4E0,2E0,2E0,2E0,2E0],"tree_param":{"num_deleted":"0","num_feature":"2","num_nodes":"9","size_leaf_vector":"1"}},{"base_weights":[-4.380436E-2,-4.9673495E-1,5.084732E-1,-9.619217E-2,-2.1131325E-1,1.6196443E-2,6.854909E-2,-2.3263311E-2,-6.3016894E-3],"categories":[],"categories_nodes":[],"categories_segments":[],"categories_sizes":[],"default_left":[0,0,0,0,0,0,0,0,0],"id":46,"left_children":[1,3,5,-1,7,-1,-1,-1,-1],"loss_changes":[2.7540104E0,5.933795E-1,1.9566584E-1,0E0,1.1484772E-3,0E0,0E0,0E0,0E0],"parents":[2147483647,0,0,1,1,2,2,4,4],"right_children":[2,4,6,-1,8,-1,-1,-1,-1],"split_conditions":[6.0090137E-1,2.0029885E-1,8.980016E-1,-9.619217E-2,5.0525403E-1,1.6196443E-2,6.854909E-2,-2.3263311E-2,-6.3016894E-3],"split_indices":[0,0,0,0,0,0,0,0,0],"split_type":[0,0,0,0,0,0,0,0,0],"sum_hessian":[9E0,5E0,4E0,1E0,4E0,2E0,2E0,3E0,1E0],"tree_param":{"num_deleted":"0","num_feature":"2","num_nodes":"9","size_leaf_vector":"1"}},{"base_weights":[-4.3525316E-2,-4.6802077E-1,4.7457427E-1,-9.13826E-2,-1.9609451E-1,4.7649383E-3,5.6939315E-2,-2.4024708E-2,-8.65771E-3],"categories":[],"categories_nodes":[],"categories_segments":[],"categories_sizes":[],"default_left":[0,0,0,0,0,0,0,0,0],"id":47,"left_children":[1,3,5,-1,7,-1,-1,-1,-1],"loss_changes":[2.4214199E0,5.4816055E-1,1.7527139E-1,0E0,3.3774823E-3,0E0,0E0,0E0,0E0],"parents":[2147483647,0,0,1,1,2,2,4,4],"right_children":[2,4,6,-1,8,-1,-1,-1,-1],"split_conditions":[6.0090137E-1,2.0029885E-1,8.050041E-1,-9.13826E-2,4.027821E-1,4.7649383E-3,5.6939315E-2,-2.4024708E-2,-8.65771E-3],"split_indices":[0,0,0,0,0,0,0,0,0],"split_type":[0,0,0,0,0,0,0,0,0],"sum_hessian":[9E0,5E0,4E0,1E0,4E0,1E0,3E0,2E0,2E0],"tree_param":{"num_deleted":"0","num_feature":"2","num_nodes":"9","size_leaf_vector":"1"}},{"base_weights":[-4.540825E-2,-4.418958E-1,4.3945846E-1,-8.681345E-2,-1.8302116E-1,1.3059871E-2,6.018321E-2,-2.2423046E-2,-8.0804825E-3],"categories":[],"categories_nodes":[],"categories_segments":[],"categories_sizes":[],"default_left":[0,0,0,0,0,0,0,0,0],"id":48,"left_children":[1,3,5,-1,7,-1,-1,-1,-1],"loss_changes":[2.116631E0,5.031673E-1,1.721549E-1,0E0,2.942413E-3,0E0,0E0,0E0,0E0],"parents":[2147483647,0,0,1,1,2,2,4,4],"right_children":[2,4,6,-1,8,-1,-1,-1,-1],"split_conditions":[6.0090137E-1,2.0029885E-1,8.980016E-1,-8.681345E-2,4.027821E-1,1.3059871E-2,6.018321E-2,-2.2423046E-2,-8.0804825E-3],"split_indices":[0,0,0,0,0,0,0,0,0],"split_type":[0,0,0,0,0,0,0,0,0],"sum_hessian":[9E0,5E0,4E0,1E0,4E0,2E0,2E0,2E0,2E0],"tree_param":{"num_deleted":"0","num_feature":"2","num_nodes":"9","size_leaf_vector":"1"}},{"base_weights":[-4.5274734E-2,-4.1725922E-1,4.1016158E-1,-8.24728E-2,-1.7081985E-1,1.2189102E-2,5.617116E-2,-2.0928193E-2,-7.541784E-3],"categories":[],"categories_nodes":[],"categories_segments":[],"categories_sizes":[],"default_left":[0,0,0,0,0,0,0,0,0],"id":49,"left_children":[1,3,5,-1,7,-1,-1,-1,-1],"loss_changes":[1.8652962E0,4.6161819E-1,1.4996946E-1,0E0,2.5632083E-3,0E0,0E0,0E0,0E0],"parents":[2147483647,0,0,1,1,2,2,4,4],"right_children":[2,4,6,-1,8,-1,-1,-1,-1],"split_conditions":[6.0090137E-1,2.0029885E-1,8.980016E-1,-8.24728E-2,4.027821E-1,1.2189102E-2,5.617116E-2,-2.0928193E-2,-7.541784E-3],"split_indices":[0,0,0,0,0,0,0,0,0],"split_type":[0,0,0,0,0,0,0,0,0],"sum_hessian":[9E0,5E0,4E0,1E0,4E0,2E0,2E0,2E0,2E0],"tree_param":{"num_deleted":"0","num_feature":"2","num_nodes":"9","size_leaf_vector":"1"}},{"base_weights":[-4.5004655E-2,-3.940239E-1,3.8281935E-1,-7.834911E-2,-1.5943222E-1,1.1376572E-1,5.2426655E-2,-1.953303E-2,-7.039007E-3,3.2642365E-3,1.3800621E-2],"categories":[],"categories_nodes":[],"categories_segments":[],"categories_sizes":[],"default_left":[0,0,0,0,0,0,0,0,0,0,0],"id":50,"left_children":[1,3,5,-1,7,9,-1,-1,-1,-1,-1],"loss_changes":[1.6440282E0,4.232809E-1,1.3064086E-1,0E0,2.2328943E-3,1.3945624E-3,0E0,0E0,0E0,0E0,0E0],"parents":[2147483647,0,0,1,1,2,2,4,4,5,5],"right_children":[2,4,6,-1,8,10,-1,-1,-1,-1,-1],"split_conditions":[6.0090137E-1,2.0029885E-1,8.980016E-1,-7.834911E-2,4.027821E-1,8.050041E-1,5.2426655E-2,-1.953303E-2,-7.039007E-3,3.2642365E-3,1.3800621E-2],"split_indices":[0,0,0,0,0,0,0,0,0,0,0],"split_type":[0,0,0,0,0,0,0,0,0,0,0],"sum_hessian":[9E0,5E0,4E0,1E0,4E0,2E0,2E0,2E0,2E0,1E0,1E0],"tree_param":{"num_deleted":"0","num_feature":"2","num_nodes":"11","size_leaf_vector":"1"}},{"base_weights":[-4.404793E-2,-3.7210846E-1,3.584343E-1,-7.443161E-2,-1.4880371E-1,1.0807673E-1,4.8931375E-2,-1.823082E-2,-6.569799E-3,3.1009675E-3,1.3110543E-2],"categories":[],"categories_nodes":[],"categories_segments":[],"categories_sizes":[],"default_left":[0,0,0,0,0,0,0,0,0,0,0],"id":51,"left_children":[1,3,5,-1,7,9,-1,-1,-1,-1,-1],"loss_changes":[1.4537617E0,3.879375E-1,1.1094993E-1,0E0,1.9447878E-3,1.2587272E-3,0E0,0E0,0E0,0E0,0E0],"parents":[2147483647,0,0,1,1,2,2,4,4,5,5],"right_children":[2,4,6,-1,8,10,-1,-1,-1,-1,-1],"split_conditions":[6.0090137E-1,2.0029885E-1,8.980016E-1,-7.443161E-2,4.027821E-1,8.050041E-1,4.8931375E-2,-1.823082E-2,-6.569799E-3,3.1009675E-3,1.3110543E-2],"split_indices":[0,0,0,0,0,0,0,0,0,0,0],"split_type":[0,0,0,0,0,0,0,0,0,0,0],"sum_hessian":[9E0,5E0,4E0,1E0,4E0,2E0,2E0,2E0,2E0,1E0,1E0],"tree_param":{"num_deleted":"0","num_feature":"2","num_nodes":"11","size_leaf_vector":"1"}},{"base_weights":[-4.3053053E-2,-3.5143661E-1,3.3561784E-1,-7.0709996E-2,-1.3888398E-1,1.0267258E-1,4.5669045E-2,-1.7015457E-2,-6.1318716E-3,2.9459E-3,1.2454987E-2],"categories":[],"categories_nodes":[],"categories_segments":[],"categories_sizes":[],"default_left":[0,0,0,0,0,0,0,0,0,0,0],"id":52,"left_children":[1,3,5,-1,7,9,-1,-1,-1,-1,-1],"loss_changes":[1.2857072E0,3.5537815E-1,9.412694E-2,0E0,1.6939044E-3,1.1360273E-3,0E0,0E0,0E0,0E0,0E0],"parents":[2147483647,0,0,1,1,2,2,4,4,5,5],"right_children":[2,4,6,-1,8,10,-1,-1,-1,-1,-1],"split_conditions":[6.0090137E-1,2.0029885E-1,8.980016E-1,-7.0709996E-2,4.027821E-1,8.050041E-1,4.5669045E-2,-1.7015457E-2,-6.1318716E-3,2.9459E-3,1.2454987E-2],"split_indices":[0,0,0,0,0,0,0,0,0,0,0],"split_type":[0,0,0,0,0,0,0,0,0,0,0],"sum_hessian":[9E0,5E0,4E0,1E0,4E0,2E0,2E0,2E0,2E0,1E0,1E0],"tree_param":{"num_deleted":"0","num_feature":"2","num_nodes":"11","size_leaf_vector":"1"}},{"base_weights":[-4.202671E-2,-3.319362E-1,3.1427002E-1,-6.717453E-2,-1.2962532E-1,2.7986527E-3,3.7884425E-2,-1.5881093E-2,-5.7231267E-3],"categories":[],"categories_nodes":[],"categories_segments":[],"categories_sizes":[],"default_left":[0,0,0,0,0,0,0,0,0],"id":53,"left_children":[1,3,5,-1,7,-1,-1,-1,-1],"loss_changes":[1.1372557E0,3.2540733E-1,8.1830144E-2,0E0,1.4753714E-3,0E0,0E0,0E0,0E0],"parents":[2147483647,0,0,1,1,2,2,4,4],"right_children":[2,4,6,-1,8,-1,-1,-1,-1],"split_conditions":[6.0090137E-1,2.0029885E-1,8.050041E-1,-6.717453E-2,4.027821E-1,2.7986527E-3,3.7884425E-2,-1.5881093E-2,-5.7231267E-3],"split_indices":[0,0,0,0,0,0,0,0,0],"split_type":[0,0,0,0,0,0,0,0,0],"sum_hessian":[9E0,5E0,4E0,1E0,4E0,1E0,3E0,2E0,2E0],"tree_param":{"num_deleted":"0","num_feature":"2","num_nodes":"9","size_leaf_vector":"1"}},{"base_weights":[-4.263439E-2,-3.1353918E-1,2.9097825E-1,-6.381579E-2,-1.20983884E-1,8.397802E-2,4.0098574E-2,-1.4822388E-2,-5.3415936E-3,2.6586533E-3,9.938049E-3],"categories":[],"categories_nodes":[],"categories_segments":[],"categories_sizes":[],"default_left":[0,0,0,0,0,0,0,0,0,0,0],"id":54,"left_children":[1,3,5,-1,7,9,-1,-1,-1,-1,-1],"loss_changes":[9.950057E-1,2.978354E-1,8.018386E-2,0E0,1.28524E-3,9.730458E-6,0E0,0E0,0E0,0E0,0E0],"parents":[2147483647,0,0,1,1,2,2,4,4,5,5],"right_children":[2,4,6,-1,8,10,-1,-1,-1,-1,-1],"split_conditions":[6.0090137E-1,2.0029885E-1,8.980016E-1,-6.381579E-2,4.027821E-1,8.050041E-1,4.0098574E-2,-1.4822388E-2,-5.3415936E-3,2.6586533E-3,9.938049E-3],"split_indices":[0,0,0,0,0,0,0,0,0,0,0],"split_type":[0,0,0,0,0,0,0,0,0,0,0],"sum_hessian":[9E0,5E0,4E0,1E0,4E0,2E0,2E0,2E0,2E0,1E0,1E0],"tree_param":{"num_deleted":"0","num_feature":"2","num_nodes":"11","size_leaf_vector":"1"}},{"base_weights":[-4.149971E-2,-5.017026E-1,1.3626385E-1,-6.0624983E-2,-1.4630414E-2,-4.4293977E-2,3.2789516E-1,-6.7996024E-3,2.5257112E-3,9.441185E-3,3.742523E-2],"categories":[],"categories_nodes":[],"categories_segments":[],"categories_sizes":[],"default_left":[0,0,0,0,0,0,0,0,0,0,0],"id":55,"left_children":[1,3,5,-1,-1,7,9,-1,-1,-1,-1],"loss_changes":[8.8643694E-1,2.2770941E-2,2.9132807E-1,0E0,0E0,9.9599E-3,7.960618E-3,0E0,0E0,0E0,0E0],"parents":[2147483647,0,0,1,1,2,2,5,5,6,6],"right_children":[2,4,6,-1,-1,8,10,-1,-1,-1,-1],"split_conditions":[2.9803112E-1,2.0029885E-1,8.050041E-1,-6.0624983E-2,-1.4630414E-2,6.0090137E-1,8.980016E-1,-6.7996024E-3,2.5257112E-3,9.441185E-3,3.742523E-2],"split_indices":[0,0,0,0,0,0,0,0,0,0,0],"split_type":[0,0,0,0,0,0,0,0,0,0,0],"sum_hessian":[9E0,2E0,7E0,1E0,1E0,4E0,3E0,3E0,1E0,1E0,2E0],"tree_param":{"num_deleted":"0","num_feature":"2","num_nodes":"11","size_leaf_vector":"1"}},{"base_weights":[-4.061546E-2,-4.766172E-1,1.2796211E-1,-5.759373E-2,-1.38988495E-2,-4.0719606E-2,3.0682373E-1,-6.289673E-3,2.3994446E-3,8.969116E-3,3.493042E-2],"categories":[],"categories_nodes":[],"categories_segments":[],"categories_sizes":[],"default_left":[0,0,0,0,0,0,0,0,0,0,0],"id":56,"left_children":[1,3,5,-1,-1,7,9,-1,-1,-1,-1],"loss_changes":[7.9599005E-1,2.0551324E-2,2.5385922E-1,0E0,0E0,8.68503E-3,5.5660903E-3,0E0,0E0,0E0,0E0],"parents":[2147483647,0,0,1,1,2,2,5,5,6,6],"right_children":[2,4,6,-1,-1,8,10,-1,-1,-1,-1],"split_conditions":[2.9803112E-1,2.0029885E-1,8.050041E-1,-5.759373E-2,-1.38988495E-2,6.0090137E-1,8.980016E-1,-6.289673E-3,2.3994446E-3,8.969116E-3,3.493042E-2],"split_indices":[0,0,0,0,0,0,0,0,0,0,0],"split_type":[0,0,0,0,0,0,0,0,0,0,0],"sum_hessian":[9E0,2E0,7E0,1E0,1E0,4E0,3E0,3E0,1E0,1E0,2E0],"tree_param":{"num_deleted":"0","num_feature":"2","num_nodes":"11","size_leaf_vector":"1"}},{"base_weights":[-3.970127E-2,-4.5278612E-1,1.2016821E-1,-5.4714013E-2,-1.3203907E-2,-3.742523E-2,2.8711796E-1,-5.81789E-3,2.2794723E-3,8.520699E-3,3.260193E-2],"categories":[],"categories_nodes":[],"categories_segments":[],"categories_sizes":[],"default_left":[0,0,0,0,0,0,0,0,0,0,0],"id":57,"left_children":[1,3,5,-1,-1,7,9,-1,-1,-1,-1],"loss_changes":[7.148071E-1,1.8547416E-2,2.2122696E-1,0E0,0E0,7.5750966E-3,3.6393106E-3,0E0,0E0,0E0,0E0],"parents":[2147483647,0,0,1,1,2,2,5,5,6,6],"right_children":[2,4,6,-1,-1,8,10,-1,-1,-1,-1],"split_conditions":[2.9803112E-1,2.0029885E-1,8.050041E-1,-5.4714013E-2,-1.3203907E-2,6.0090137E-1,8.980016E-1,-5.81789E-3,2.2794723E-3,8.520699E-3,3.260193E-2],"split_indices":[0,0,0,0,0,0,0,0,0,0,0],"split_type":[0,0,0,0,0,0,0,0,0,0,0],"sum_hessian":[9E0,2E0,7E0,1E0,1E0,4E0,3E0,3E0,1E0,1E0,2E0],"tree_param":{"num_deleted":"0","num_feature":"2","num_nodes":"11","size_leaf_vector":"1"}},{"base_weights":[-3.8764574E-2,-4.3014655E-1,1.12849236E-1,-5.19783E-2,-1.2543678E-2,-3.4391023E-2,2.6868725E-1,-5.381584E-3,2.165413E-3,1.2277349E-2,3.5321426E-2],"categories":[],"categories_nodes":[],"categories_segments":[],"categories_sizes":[],"default_left":[0,0,0,0,0,0,0,0,0,0,0],"id":58,"left_children":[1,3,5,-1,-1,7,9,-1,-1,-1,-1],"loss_changes":[6.4193076E-1,1.6739428E-2,1.9280547E-1,0E0,0E0,6.60867E-3,5.969256E-3,0E0,0E0,0E0,0E0],"parents":[2147483647,0,0,1,1,2,2,5,5,6,6],"right_children":[2,4,6,-1,-1,8,10,-1,-1,-1,-1],"split_conditions":[2.9803112E-1,2.0029885E-1,8.050041E-1,-5.19783E-2,-1.2543678E-2,6.0090137E-1,1E0,-5.381584E-3,2.165413E-3,1.2277349E-2,3.5321426E-2],"split_indices":[0,0,0,0,0,0,0,0,0,0,0],"split_type":[0,0,0,0,0,0,0,0,0,0,0],"sum_hessian":[9E0,2E0,7E0,1E0,1E0,4E0,3E0,3E0,1E0,2E0,1E0],"tree_param":{"num_deleted":"0","num_feature":"2","num_nodes":"11","size_leaf_vector":"1"}},{"base_weights":[-3.6901854E-2,-4.0863928E-1,1.0711241E-1,-4.937935E-2,-1.1916542E-2,-3.159485E-2,2.5371838E-1,-4.977894E-3,2.0570755E-3,1.145897E-2,3.355522E-2],"categories":[],"categories_nodes":[],"categories_segments":[],"categories_sizes":[],"default_left":[0,0,0,0,0,0,0,0,0,0,0],"id":59,"left_children":[1,3,5,-1,-1,7,9,-1,-1,-1,-1],"loss_changes":[5.791252E-1,1.5106678E-2,1.706987E-1,0E0,0E0,5.766911E-3,7.0908964E-3,0E0,0E0,0E0,0E0],"parents":[2147483647,0,0,1,1,2,2,5,5,6,6],"right_children":[2,4,6,-1,-1,8,10,-1,-1,-1,-1],"split_conditions":[2.9803112E-1,2.0029885E-1,8.050041E-1,-4.937935E-2,-1.1916542E-2,6.0090137E-1,1E0,-4.977894E-3,2.0570755E-3,1.145897E-2,3.355522E-2],"split_indices":[0,0,0,0,0,0,0,0,0,0,0],"split_type":[0,0,0,0,0,0,0,0,0,0,0],"sum_hessian":[9E0,2E0,7E0,1E0,1E0,4E0,3E0,3E0,1E0,2E0,1E0],"tree_param":{"num_deleted":"0","num_feature":"2","num_nodes":"11","size_leaf_vector":"1"}},{"base_weights":[-3.5131644E-2,-3.882071E-1,1.0166311E-1,-4.6910383E-2,-1.1320687E-2,-2.9019166E-2,2.3960018E-1,-4.6045305E-3,1.9542694E-3,1.0695013E-2,3.1877518E-2],"categories":[],"categories_nodes":[],"categories_segments":[],"categories_sizes":[],"default_left":[0,0,0,0,0,0,0,0,0,0,0],"id":60,"left_children":[1,3,5,-1,-1,7,9,-1,-1,-1,-1],"loss_changes":[5.224551E-1,1.3634026E-2,1.5116045E-1,0E0,0E0,5.033954E-3,7.917225E-3,0E0,0E0,0E0,0E0],"parents":[2147483647,0,0,1,1,2,2,5,5,6,6],"right_children":[2,4,6,-1,-1,8,10,-1,-1,-1,-1],"split_conditions":[2.9803112E-1,2.0029885E-1,8.050041E-1,-4.6910383E-2,-1.1320687E-2,6.0090137E-1,1E0,-4.6045305E-3,1.9542694E-3,1.0695013E-2,3.1877518E-2],"split_indices":[0,0,0,0,0,0,0,0,0,0,0],"split_type":[0,0,0,0,0,0,0,0,0,0,0],"sum_hessian":[9E0,2E0,7E0,1E0,1E0,4E0,3E0,3E0,1E0,2E0,1E0],"tree_param":{"num_deleted":"0","num_feature":"2","num_nodes":"11","size_leaf_vector":"1"}},{"base_weights":[-3.3449363E-2,-3.6879668E-1,9.6487045E-2,-4.456482E-2,-1.0754681E-2,-2.6647186E-2,2.2628307E-1,-4.259205E-3,1.8566132E-3,9.981918E-3,3.0283738E-2],"categories":[],"categories_nodes":[],"categories_segments":[],"categories_sizes":[],"default_left":[0,0,0,0,0,0,0,0,0,0,0],"id":61,"left_children":[1,3,5,-1,-1,7,9,-1,-1,-1,-1],"loss_changes":[4.7132233E-1,1.2304336E-2,1.3388848E-1,0E0,0E0,4.3953704E-3,8.4964335E-3,0E0,0E0,0E0,0E0],"parents":[2147483647,0,0,1,1,2,2,5,5,6,6],"right_children":[2,4,6,-1,-1,8,10,-1,-1,-1,-1],"split_conditions":[2.9803112E-1,2.0029885E-1,8.050041E-1,-4.456482E-2,-1.0754681E-2,6.0090137E-1,1E0,-4.259205E-3,1.8566132E-3,9.981918E-3,3.0283738E-2],"split_indices":[0,0,0,0,0,0,0,0,0,0,0],"split_type":[0,0,0,0,0,0,0,0,0,0,0],"sum_hessian":[9E0,2E0,7E0,1E0,1E0,4E0,3E0,3E0,1E0,2E0,1E0],"tree_param":{"num_deleted":"0","num_feature":"2","num_nodes":"11","size_leaf_vector":"1"}},{"base_weights":[-3.184948E-2,-3.5035643E-1,9.157181E-2,-4.233656E-2,-1.0216904E-2,-2.446289E-2,2.1372223E-1,-3.939724E-3,1.7637253E-3,9.316508E-3,2.8769685E-2],"categories":[],"categories_nodes":[],"categories_segments":[],"categories_sizes":[],"default_left":[0,0,0,0,0,0,0,0,0,0,0],"id":62,"left_children":[1,3,5,-1,-1,7,9,-1,-1,-1,-1],"loss_changes":[4.251881E-1,1.1105031E-2,1.1861777E-1,0E0,0E0,3.8385505E-3,8.869365E-3,0E0,0E0,0E0,0E0],"parents":[2147483647,0,0,1,1,2,2,5,5,6,6],"right_children":[2,4,6,-1,-1,8,10,-1,-1,-1,-1],"split_conditions":[2.9803112E-1,2.0029885E-1,8.050041E-1,-4.233656E-2,-1.0216904E-2,6.0090137E-1,1E0,-3.939724E-3,1.7637253E-3,9.316508E-3,2.8769685E-2],"split_indices":[0,0,0,0,0,0,0,0,0,0,0],"split_type":[0,0,0,0,0,0,0,0,0,0,0],"sum_hessian":[9E0,2E0,7E0,1E0,1E0,4E0,3E0,3E0,1E0,2E0,1E0],"tree_param":{"num_deleted":"0","num_feature":"2","num_nodes":"11","size_leaf_vector":"1"}},{"base_weights":[-3.0328179E-2,-3.3283806E-1,8.690405E-2,-4.021969E-2,-9.70602E-3,-2.2451019E-2,2.0187187E-1,-3.6441803E-2,1.6756058E-3,8.695475E-3,2.7331162E-2,-4.1062674E-3,-1.1289597E-3],"categories":[],"categories_nodes":[],"categories_segments":[],"categories_sizes":[],"default_left":[0,0,0,0,0,0,0,0,0,0,0,0,0],"id":63,"left_children":[1,3,5,-1,-1,7,9,11,-1,-1,-1,-1,-1],"loss_changes":[3.8356405E-1,1.0022491E-2,1.0511076E-1,0E0,0E0,3.3533094E-3,9.07284E-3,1.3192184E-6,0E0,0E0,0E0,0E0,0E0],"parents":[2147483647,0,0,1,1,2,2,5,5,6,6,7,7],"right_children":[2,4,6,-1,-1,8,10,12,-1,-1,-1,-1,-1],"split_conditions":[2.9803112E-1,2.0029885E-1,8.050041E-1,-4.021969E-2,-9.70602E-3,6.0090137E-1,1E0,5.0525403E-1,1.6756058E-3,8.695475E-3,2.7331162E-2,-4.1062674E-3,-1.1289597E-3],"split_indices":[0,0,0,0,0,0,0,0,0,0,0,0,0],"split_type":[0,0,0,0,0,0,0,0,0,0,0,0,0],"sum_hessian":[9E0,2E0,7E0,1E0,1E0,4E0,3E0,3E0,1E0,2E0,1E0,2E0,1E0],"tree_param":{"num_deleted":"0","num_feature":"2","num_nodes":"13","size_leaf_vector":"1"}},{"base_weights":[-2.9040718E-2,-3.1619582E-1,8.227253E-2,-3.8208675E-2,-9.220696E-3,-2.091751E-2,1.9069195E-1,-3.4106255E-3,1.5918732E-3,8.115768E-3,2.5964737E-2],"categories":[],"categories_nodes":[],"categories_segments":[],"categories_sizes":[],"default_left":[0,0,0,0,0,0,0,0,0,0,0],"id":64,"left_children":[1,3,5,-1,-1,7,9,-1,-1,-1,-1],"loss_changes":[3.456559E-1,9.045452E-3,9.349124E-2,0E0,0E0,2.9720466E-3,9.139553E-3,0E0,0E0,0E0,0E0],"parents":[2147483647,0,0,1,1,2,2,5,5,6,6],"right_children":[2,4,6,-1,-1,8,10,-1,-1,-1,-1],"split_conditions":[2.9803112E-1,2.0029885E-1,8.050041E-1,-3.8208675E-2,-9.220696E-3,6.0090137E-1,1E0,-3.4106255E-3,1.5918732E-3,8.115768E-3,2.5964737E-2],"split_indices":[0,0,0,0,0,0,0,0,0,0,0],"split_type":[0,0,0,0,0,0,0,0,0,0,0],"sum_hessian":[9E0,2E0,7E0,1E0,1E0,4E0,3E0,3E0,1E0,2E0,1E0],"tree_param":{"num_deleted":"0","num_feature":"2","num_nodes":"11","size_leaf_vector":"1"}},{"base_weights":[-2.7653312E-2,-3.0038643E-1,7.807827E-2,-3.6298275E-2,-8.7596895E-3,-7.654826E-4,2.097397E-2,-3.15485E-2,4.0533706E-3,-3.6051434E-3,-9.0198516E-4],"categories":[],"categories_nodes":[],"categories_segments":[],"categories_sizes":[],"default_left":[0,0,0,0,0,0,0,0,0,0,0],"id":65,"left_children":[1,3,5,-1,-1,7,-1,9,-1,-1,-1],"loss_changes":[3.118187E-1,8.163363E-3,8.3206E-2,0E0,0E0,8.906658E-3,0E0,8.060131E-5,0E0,0E0,0E0],"parents":[2147483647,0,0,1,1,2,2,5,5,7,7],"right_children":[2,4,6,-1,-1,8,-1,10,-1,-1,-1],"split_conditions":[2.9803112E-1,2.0029885E-1,8.980016E-1,-3.6298275E-2,-8.7596895E-3,6.0090137E-1,2.097397E-2,5.0525403E-1,4.0533706E-3,-3.6051434E-3,-9.0198516E-4],"split_indices":[0,0,0,0,0,0,0,0,0,0,0],"split_type":[0,0,0,0,0,0,0,0,0,0,0],"sum_hessian":[9E0,2E0,7E0,1E0,1E0,5E0,2E0,3E0,2E0,2E0,1E0],"tree_param":{"num_deleted":"0","num_feature":"2","num_nodes":"11","size_leaf_vector":"1"}},{"base_weights":[-2.7342033E-2,-2.8536668E-1,7.283497E-2,-3.448334E-2,-8.321667E-3,-1.8378448E-2,1.68643E-1,-2.9520988E-2,1.3095856E-3,6.740443E-3,2.3617936E-2,-3.3648175E-3,-8.569718E-4],"categories":[],"categories_nodes":[],"categories_segments":[],"categories_sizes":[],"default_left":[0,0,0,0,0,0,0,0,0,0,0,0,0],"id":66,"left_children":[1,3,5,-1,-1,7,9,11,-1,-1,-1,-1,-1],"loss_changes":[2.7926606E-1,7.3677003E-3,7.301122E-2,0E0,0E0,2.140121E-3,1.1429608E-2,5.7523604E-5,0E0,0E0,0E0,0E0,0E0],"parents":[2147483647,0,0,1,1,2,2,5,5,6,6,7,7],"right_children":[2,4,6,-1,-1,8,10,12,-1,-1,-1,-1,-1],"split_conditions":[2.9803112E-1,2.0029885E-1,8.050041E-1,-3.448334E-2,-8.321667E-3,6.0090137E-1,1E0,5.0525403E-1,1.3095856E-3,6.740443E-3,2.3617936E-2,-3.3648175E-3,-8.569718E-4],"split_indices":[0,0,0,0,0,0,0,0,0,0,0,0,0],"split_type":[0,0,0,0,0,0,0,0,0,0,0,0,0],"sum_hessian":[9E0,2E0,7E0,1E0,1E0,4E0,3E0,3E0,1E0,2E0,1E0,2E0,1E0],"tree_param":{"num_deleted":"0","num_feature":"2","num_nodes":"13","size_leaf_vector":"1"}},{"base_weights":[-2.6143456E-2,-2.7109846E-1,6.89826E-2,-3.275919E-2,-7.905579E-3,-8.424123E-4,1.8563843E-1,-2.762413E-2,3.514735E-3,5.4088593E-3,2.2436906E-2,-3.1405133E-3,-8.1405643E-4],"categories":[],"categories_nodes":[],"categories_segments":[],"categories_sizes":[],"default_left":[0,0,0,0,0,0,0,0,0,0,0,0,0],"id":67,"left_children":[1,3,5,-1,-1,7,9,11,-1,-1,-1,-1,-1],"loss_changes":[2.5171712E-1,6.6494048E-3,6.532034E-2,0E0,0E0,6.754121E-3,3.1492114E-3,3.9014267E-5,0E0,0E0,0E0,0E0,0E0],"parents":[2147483647,0,0,1,1,2,2,5,5,6,6,7,7],"right_children":[2,4,6,-1,-1,8,10,12,-1,-1,-1,-1,-1],"split_conditions":[2.9803112E-1,2.0029885E-1,8.980016E-1,-3.275919E-2,-7.905579E-3,6.0090137E-1,1E0,5.0525403E-1,3.514735E-3,5.4088593E-3,2.2436906E-2,-3.1405133E-3,-8.1405643E-4],"split_indices":[0,0,0,0,0,0,0,0,0,0,0,0,0],"split_type":[0,0,0,0,0,0,0,0,0,0,0,0,0],"sum_hessian":[9E0,2E0,7E0,1E0,1E0,5E0,2E0,3E0,2E0,1E0,1E0,2E0,1E0],"tree_param":{"num_deleted":"0","num_feature":"2","num_nodes":"13","size_leaf_vector":"1"}},{"base_weights":[-2.485485E-2,-2.5754356E-1,6.551027E-2,-3.1121254E-2,-7.5102807E-3,-8.309682E-4,1.76356E-1,-2.5850296E-2,3.2805128E-3,5.138397E-3,2.1315003E-2,-2.931086E-3,-7.7342987E-4],"categories":[],"categories_nodes":[],"categories_segments":[],"categories_sizes":[],"default_left":[0,0,0,0,0,0,0,0,0,0,0,0,0],"id":68,"left_children":[1,3,5,-1,-1,7,9,11,-1,-1,-1,-1,-1],"loss_changes":[2.2714119E-1,6.0012937E-3,5.897569E-2,0E0,0E0,5.897337E-3,2.8421804E-3,2.4067704E-5,0E0,0E0,0E0,0E0,0E0],"parents":[2147483647,0,0,1,1,2,2,5,5,6,6,7,7],"right_children":[2,4,6,-1,-1,8,10,12,-1,-1,-1,-1,-1],"split_conditions":[2.9803112E-1,2.0029885E-1,8.980016E-1,-3.1121254E-2,-7.5102807E-3,6.0090137E-1,1E0,5.0525403E-1,3.2805128E-3,5.138397E-3,2.1315003E-2,-2.931086E-3,-7.7342987E-4],"split_indices":[0,0,0,0,0,0,0,0,0,0,0,0,0],"split_type":[0,0,0,0,0,0,0,0,0,0,0,0,0],"sum_hessian":[9E0,2E0,7E0,1E0,1E0,5E0,2E0,3E0,2E0,1E0,1E0,2E0,1E0],"tree_param":{"num_deleted":"0","num_feature":"2","num_nodes":"13","size_leaf_vector":"1"}},{"base_weights":[-2.3629952E-2,-2.4466641E-1,6.2212467E-2,-2.956524E-2,-7.134724E-3,-1.5734863E-2,1.4409351E-1,-2.4190903E-2,9.0446474E-4,5.7130177E-3,2.0249177E-2,-2.7356467E-3,-7.347107E-4],"categories":[],"categories_nodes":[],"categories_segments":[],"categories_sizes":[],"default_left":[0,0,0,0,0,0,0,0,0,0,0,0,0],"id":69,"left_children":[1,3,5,-1,-1,7,9,11,-1,-1,-1,-1,-1],"loss_changes":[2.0496434E-1,5.416572E-3,5.3326562E-2,0E0,0E0,1.2664809E-3,8.745633E-3,1.2289267E-5,0E0,0E0,0E0,0E0,0E0],"parents":[2147483647,0,0,1,1,2,2,5,5,6,6,7,7],"right_children":[2,4,6,-1,-1,8,10,12,-1,-1,-1,-1,-1],"split_conditions":[2.9803112E-1,2.0029885E-1,8.050041E-1,-2.956524E-2,-7.134724E-3,6.0090137E-1,1E0,5.0525403E-1,9.0446474E-4,5.7130177E-3,2.0249177E-2,-2.7356467E-3,-7.347107E-4],"split_indices":[0,0,0,0,0,0,0,0,0,0,0,0,0],"split_type":[0,0,0,0,0,0,0,0,0,0,0,0,0],"sum_hessian":[9E0,2E0,7E0,1E0,1E0,4E0,3E0,3E0,1E0,2E0,1E0,2E0,1E0],"tree_param":{"num_deleted":"0","num_feature":"2","num_nodes":"13","size_leaf_vector":"1"}},{"base_weights":[-2.2597313E-2,-2.3243268E-1,5.8915615E-2,-2.808695E-2,-6.7779543E-3,-8.869171E-4,1.5888214E-1,-2.2639275E-2,2.8411865E-2,4.595566E-3,1.9236756E-2,-2.5533042E-3,-6.9789885E-4,8.5926056E-4,3.4025193E-3],"categories":[],"categories_nodes":[],"categories_segments":[],"categories_sizes":[],"default_left":[0,0,0,0,0,0,0,0,0,0,0,0,0,0,0],"id":70,"left_children":[1,3,5,-1,-1,7,9,11,13,-1,-1,-1,-1,-1,-1],"loss_changes":[1.8473686E-1,4.888609E-3,4.796692E-2,0E0,0E0,4.4671292E-3,2.5037974E-3,3.074063E-6,4.139077E-5,0E0,0E0,0E0,0E0,0E0,0E0],"parents":[2147483647,0,0,1,1,2,2,5,5,6,6,7,7,8,8],"right_children":[2,4,6,-1,-1,8,10,12,14,-1,-1,-1,-1,-1,-1],"split_conditions":[2.9803112E-1,2.0029885E-1,8.980016E-1,-2.808695E-2,-6.7779543E-3,6.0090137E-1,1E0,5.0525403E-1,8.050041E-1,4.595566E-3,1.9236756E-2,-2.5533042E-3,-6.9789885E-4,8.5926056E-4,3.4025193E-3],"split_indices":[0,0,0,0,0,0,0,0,0,0,0,0,0,0,0],"split_type":[0,0,0,0,0,0,0,0,0,0,0,0,0,0,0],"sum_hessian":[9E0,2E0,7E0,1E0,1E0,5E0,2E0,3E0,2E0,1E0,1E0,2E0,1E0,1E0,1E0],"tree_param":{"num_deleted":"0","num_feature":"2","num_nodes":"15","size_leaf_vector":"1"}},{"base_weights":[-2.1338845E-2,-2.2081058E-1,5.613041E-2,-2.6682569E-2,-6.4390185E-3,-6.2942505E-4,1.5093994E-1,-2.1187782E-3,2.6991526E-2,4.365921E-3,1.8275071E-2,8.163452E-4,3.2323839E-3],"categories":[],"categories_nodes":[],"categories_segments":[],"categories_sizes":[],"default_left":[0,0,0,0,0,0,0,0,0,0,0,0,0],"id":71,"left_children":[1,3,5,-1,-1,7,9,-1,11,-1,-1,-1,-1],"loss_changes":[1.6692345E-1,4.4121444E-3,4.3145988E-2,0E0,0E0,3.978939E-3,2.2592992E-3,0E0,3.7317164E-5,0E0,0E0,0E0,0E0],"parents":[2147483647,0,0,1,1,2,2,5,5,6,6,8,8],"right_children":[2,4,6,-1,-1,8,10,-1,12,-1,-1,-1,-1],"split_conditions":[2.9803112E-1,2.0029885E-1,8.980016E-1,-2.6682569E-2,-6.4390185E-3,6.0090137E-1,1E0,-2.1187782E-3,8.050041E-1,4.365921E-3,1.8275071E-2,8.163452E-4,3.2323839E-3],"split_indices":[0,0,0,0,0,0,0,0,0,0,0,0,0],"split_type":[0,0,0,0,0,0,0,0,0,0,0,0,0],"sum_hessian":[9E0,2E0,7E0,1E0,1E0,5E0,2E0,3E0,2E0,1E0,1E0,1E0,1E0],"tree_param":{"num_deleted":"0","num_feature":"2","num_nodes":"13","size_leaf_vector":"1"}},{"base_weights":[-2.0059586E-2,-2.097702E-1,5.3589344E-2,-2.5348473E-2,-6.117058E-3,-2.447764E-4,1.4339447E-1,-1.959896E-2,2.5642395E-2,4.1477205E-3,1.7361451E-2,-2.6189804E-3,-8.672078E-4,7.7552797E-4,3.0708313E-3],"categories":[],"categories_nodes":[],"categories_segments":[],"categories_sizes":[],"default_left":[0,0,0,0,0,0,0,0,0,0,0,0,0,0,0],"id":72,"left_children":[1,3,5,-1,-1,7,9,11,13,-1,-1,-1,-1,-1,-1],"loss_changes":[1.509613E-1,3.982082E-3,3.871174E-2,0E0,0E0,3.508715E-3,2.0387806E-3,6.0949475E-5,3.3692457E-5,0E0,0E0,0E0,0E0,0E0,0E0],"parents":[2147483647,0,0,1,1,2,2,5,5,6,6,7,7,8,8],"right_children":[2,4,6,-1,-1,8,10,12,14,-1,-1,-1,-1,-1,-1],"split_conditions":[2.9803112E-1,2.0029885E-1,8.980016E-1,-2.5348473E-2,-6.117058E-3,6.0090137E-1,1E0,4.027821E-1,8.050041E-1,4.1477205E-3,1.7361451E-2,-2.6189804E-3,-8.672078E-4,7.7552797E-4,3.0708313E-3],"split_indices":[0,0,0,0,0,0,0,0,0,0,0,0,0,0,0],"split_type":[0,0,0,0,0,0,0,0,0,0,0,0,0,0,0],"sum_hessian":[9E0,2E0,7E0,1E0,1E0,5E0,2E0,3E0,2E0,1E0,1E0,1E0,2E0,1E0,1E0],"tree_param":{"num_deleted":"0","num_feature":"2","num_nodes":"15","size_leaf_vector":"1"}},{"base_weights":[-1.9013787E-2,-1.9928169E-1,5.09634E-2,-2.408104E-2,-5.8112144E-3,-1.6021729E-4,1.3622284E-1,-1.8510818E-2,2.4360657E-2,3.940201E-3,1.6493225E-2,-2.488041E-3,-8.094152E-4,7.368088E-4,2.9172897E-3],"categories":[],"categories_nodes":[],"categories_segments":[],"categories_sizes":[],"default_left":[0,0,0,0,0,0,0,0,0,0,0,0,0,0,0],"id":73,"left_children":[1,3,5,-1,-1,7,9,11,13,-1,-1,-1,-1,-1,-1],"loss_changes":[1.3630249E-1,3.5937503E-3,3.4891993E-2,0E0,0E0,3.1507723E-3,1.8403418E-3,6.401376E-5,3.0368567E-5,0E0,0E0,0E0,0E0,0E0,0E0],"parents":[2147483647,0,0,1,1,2,2,5,5,6,6,7,7,8,8],"right_children":[2,4,6,-1,-1,8,10,12,14,-1,-1,-1,-1,-1,-1],"split_conditions":[2.9803112E-1,2.0029885E-1,8.980016E-1,-2.408104E-2,-5.8112144E-3,6.0090137E-1,1E0,4.027821E-1,8.050041E-1,3.940201E-3,1.6493225E-2,-2.488041E-3,-8.094152E-4,7.368088E-4,2.9172897E-3],"split_indices":[0,0,0,0,0,0,0,0,0,0,0,0,0,0,0],"split_type":[0,0,0,0,0,0,0,0,0,0,0,0,0,0,0],"sum_hessian":[9E0,2E0,7E0,1E0,1E0,5E0,2E0,3E0,2E0,1E0,1E0,1E0,2E0,1E0,1E0],"tree_param":{"num_deleted":"0","num_feature":"2","num_nodes":"15","size_leaf_vector":"1"}},{"base_weights":[-1.8022727E-2,-1.893177E-1,4.846573E-2,-2.2877026E-2,-5.52063E-3,-8.519491E-5,1.2941234E-1,-1.7484665E-2,2.3142496E-2,3.7433624E-3,1.5668487E-2,-2.3636818E-3,-7.555008E-4,6.9999695E-4,2.7713776E-3],"categories":[],"categories_nodes":[],"categories_segments":[],"categories_sizes":[],"default_left":[0,0,0,0,0,0,0,0,0,0,0,0,0,0,0],"id":74,"left_children":[1,3,5,-1,-1,7,9,11,13,-1,-1,-1,-1,-1,-1],"loss_changes":[1.2306681E-1,3.2435432E-3,3.145129E-2,0E0,0E0,2.829536E-3,1.6601942E-3,6.577885E-5,2.7380302E-5,0E0,0E0,0E0,0E0,0E0,0E0],"parents":[2147483647,0,0,1,1,2,2,5,5,6,6,7,7,8,8],"right_children":[2,4,6,-1,-1,8,10,12,14,-1,-1,-1,-1,-1,-1],"split_conditions":[2.9803112E-1,2.0029885E-1,8.980016E-1,-2.2877026E-2,-5.52063E-3,6.0090137E-1,1E0,4.027821E-1,8.050041E-1,3.7433624E-3,1.5668487E-2,-2.3636818E-3,-7.555008E-4,6.9999695E-4,2.7713776E-3],"split_indices":[0,0,0,0,0,0,0,0,0,0,0,0,0,0,0],"split_type":[0,0,0,0,0,0,0,0,0,0,0,0,0,0,0],"sum_hessian":[9E0,2E0,7E0,1E0,1E0,5E0,2E0,3E0,2E0,1E0,1E0,1E0,2E0,1E0,1E0],"tree_param":{"num_deleted":"0","num_feature":"2","num_nodes":"15","size_leaf_vector":"1"}},{"base_weights":[-1.7084504E-2,-1.7985217E-1,4.6088934E-2,-2.1733189E-2,-5.2446364E-3,-1.8119812E-5,1.2294006E-1,-1.6516209E-2,2.1985373E-2,3.5560608E-3,1.4884949E-2,-2.2455216E-3,-7.051468E-4,6.6490175E-4,2.632904E-3],"categories":[],"categories_nodes":[],"categories_segments":[],"categories_sizes":[],"default_left":[0,0,0,0,0,0,0,0,0,0,0,0,0,0,0],"id":75,"left_children":[1,3,5,-1,-1,7,9,11,13,-1,-1,-1,-1,-1,-1],"loss_changes":[1.1111512E-1,2.927132E-3,2.8349262E-2,0E0,0E0,2.5412084E-3,1.4986768E-3,6.6502485E-5,2.478587E-5,0E0,0E0,0E0,0E0,0E0,0E0],"parents":[2147483647,0,0,1,1,2,2,5,5,6,6,7,7,8,8],"right_children":[2,4,6,-1,-1,8,10,12,14,-1,-1,-1,-1,-1,-1],"split_conditions":[2.9803112E-1,2.0029885E-1,8.980016E-1,-2.1733189E-2,-5.2446364E-3,6.0090137E-1,1E0,4.027821E-1,8.050041E-1,3.5560608E-3,1.4884949E-2,-2.2455216E-3,-7.051468E-4,6.6490175E-4,2.632904E-3],"split_indices":[0,0,0,0,0,0,0,0,0,0,0,0,0,0,0],"split_type":[0,0,0,0,0,0,0,0,0,0,0,0,0,0,0],"sum_hessian":[9E0,2E0,7E0,1E0,1E0,5E0,2E0,3E0,2E0,1E0,1E0,1E0,2E0,1E0,1E0],"tree_param":{"num_deleted":"0","num_feature":"2","num_nodes":"15","size_leaf_vector":"1"}},{"base_weights":[-1.6194725E-2,-1.7085965E-1,4.3828964E-2,-2.0646572E-2,-4.982376E-3,4.196167E-5,1.1679331E-1,-1.5602112E-2,2.088674E-2,3.378296E-3,1.4140702E-2,-2.1332742E-3,-6.5809884E-4,6.317139E-4,2.501297E-3],"categories":[],"categories_nodes":[],"categories_segments":[],"categories_sizes":[],"default_left":[0,0,0,0,0,0,0,0,0,0,0,0,0,0,0],"id":76,"left_children":[1,3,5,-1,-1,7,9,11,13,-1,-1,-1,-1,-1,-1],"loss_changes":[1.003242E-1,2.6419386E-3,2.5554221E-2,0E0,0E0,2.2824607E-3,1.3524257E-3,6.6396315E-5,2.2342196E-5,0E0,0E0,0E0,0E0,0E0,0E0],"parents":[2147483647,0,0,1,1,2,2,5,5,6,6,7,7,8,8],"right_children":[2,4,6,-1,-1,8,10,12,14,-1,-1,-1,-1,-1,-1],"split_conditions":[2.9803112E-1,2.0029885E-1,8.980016E-1,-2.0646572E-2,-4.982376E-3,6.0090137E-1,1E0,4.027821E-1,8.050041E-1,3.378296E-3,1.4140702E-2,-2.1332742E-3,-6.5809884E-4,6.317139E-4,2.501297E-3],"split_indices":[0,0,0,0,0,0,0,0,0,0,0,0,0,0,0],"split_type":[0,0,0,0,0,0,0,0,0,0,0,0,0,0,0],"sum_hessian":[9E0,2E0,7E0,1E0,1E0,5E0,2E0,3E0,2E0,1E0,1E0,1E0,2E0,1E0,1E0],"tree_param":{"num_deleted":"0","num_feature":"2","num_nodes":"15","size_leaf_vector":"1"}},{"base_weights":[-1.5352058E-2,-1.6231664E-1,4.1678667E-2,-1.961422E-2,-4.7332766E-3,9.441376E-5,1.10954285E-1,-1.4739513E-2,1.9841513E-2,3.2093048E-3,1.3433838E-2,-2.0266534E-3,-6.1416626E-4,6.000519E-4,2.376175E-3],"categories":[],"categories_nodes":[],"categories_segments":[],"categories_sizes":[],"default_left":[0,0,0,0,0,0,0,0,0,0,0,0,0,0,0],"id":77,"left_children":[1,3,5,-1,-1,7,9,11,13,-1,-1,-1,-1,-1,-1],"loss_changes":[9.0580106E-2,2.3842305E-3,2.3035724E-2,0E0,0E0,2.0500163E-3,1.2209676E-3,6.561173E-5,2.019701E-5,0E0,0E0,0E0,0E0,0E0,0E0],"parents":[2147483647,0,0,1,1,2,2,5,5,6,6,7,7,8,8],"right_children":[2,4,6,-1,-1,8,10,12,14,-1,-1,-1,-1,-1,-1],"split_conditions":[2.9803112E-1,2.0029885E-1,8.980016E-1,-1.961422E-2,-4.7332766E-3,6.0090137E-1,1E0,4.027821E-1,8.050041E-1,3.2093048E-3,1.3433838E-2,-2.0266534E-3,-6.1416626E-4,6.000519E-4,2.376175E-3],"split_indices":[0,0,0,0,0,0,0,0,0,0,0,0,0,0,0],"split_type":[0,0,0,0,0,0,0,0,0,0,0,0,0,0,0],"sum_hessian":[9E0,2E0,7E0,1E0,1E0,5E0,2E0,3E0,2E0,1E0,1E0,1E0,2E0,1E0,1E0],"tree_param":{"num_deleted":"0","num_feature":"2","num_nodes":"15","size_leaf_vector":"1"}},{"base_weights":[-1.4553833E-2,-1.5420024E-1,3.9632797E-2,-1.863346E-2,-4.4965744E-3,1.411438E-4,1.05405174E-1,-1.3925552E-2,1.8849691E-2,3.048706E-3,1.276207E-2,-1.9252778E-3,-5.732218E-4,5.701065E-4,2.257347E-3],"categories":[],"categories_nodes":[],"categories_segments":[],"categories_sizes":[],"default_left":[0,0,0,0,0,0,0,0,0,0,0,0,0,0,0],"id":78,"left_children":[1,3,5,-1,-1,7,9,11,13,-1,-1,-1,-1,-1,-1],"loss_changes":[8.178107E-2,2.1518767E-3,2.07648E-2,0E0,0E0,1.841497E-3,1.1022575E-3,6.422977E-5,1.8195016E-5,0E0,0E0,0E0,0E0,0E0,0E0],"parents":[2147483647,0,0,1,1,2,2,5,5,6,6,7,7,8,8],"right_children":[2,4,6,-1,-1,8,10,12,14,-1,-1,-1,-1,-1,-1],"split_conditions":[2.9803112E-1,2.0029885E-1,8.980016E-1,-1.863346E-2,-4.4965744E-3,6.0090137E-1,1E0,4.027821E-1,8.050041E-1,3.048706E-3,1.276207E-2,-1.9252778E-3,-5.732218E-4,5.701065E-4,2.257347E-3],"split_indices":[0,0,0,0,0,0,0,0,0,0,0,0,0,0,0],"split_type":[0,0,0,0,0,0,0,0,0,0,0,0,0,0,0],"sum_hessian":[9E0,2E0,7E0,1E0,1E0,5E0,2E0,3E0,2E0,1E0,1E0,1E0,2E0,1E0,1E0],"tree_param":{"num_deleted":"0","num_feature":"2","num_nodes":"15","size_leaf_vector":"1"}},{"base_weights":[-1.3797951E-2,-1.464901E-1,3.7686348E-2,-1.7701818E-2,-4.271698E-3,1.8183391E-4,1.0013326E-1,-1.3157845E-2,1.7907461E-2,2.8961182E-3,1.2123871E-2,-1.829052E-3,-5.350113E-4,5.41687E-4,2.1444322E-3],"categories":[],"categories_nodes":[],"categories_segments":[],"categories_sizes":[],"default_left":[0,0,0,0,0,0,0,0,0,0,0,0,0,0,0],"id":79,"left_children":[1,3,5,-1,-1,7,9,11,13,-1,-1,-1,-1,-1,-1],"loss_changes":[7.38363E-2,1.9422993E-3,1.8718123E-2,0E0,0E0,1.6543486E-3,9.951387E-4,6.244186E-5,1.6371312E-5,0E0,0E0,0E0,0E0,0E0,0E0],"parents":[2147483647,0,0,1,1,2,2,5,5,6,6,7,7,8,8],"right_children":[2,4,6,-1,-1,8,10,12,14,-1,-1,-1,-1,-1,-1],"split_conditions":[2.9803112E-1,2.0029885E-1,8.980016E-1,-1.7701818E-2,-4.271698E-3,6.0090137E-1,1E0,4.027821E-1,8.050041E-1,2.8961182E-3,1.2123871E-2,-1.829052E-3,-5.350113E-4,5.41687E-4,2.1444322E-3],"split_indices":[0,0,0,0,0,0,0,0,0,0,0,0,0,0,0],"split_type":[0,0,0,0,0,0,0,0,0,0,0,0,0,0,0],"sum_hessian":[9E0,2E0,7E0,1E0,1E0,5E0,2E0,3E0,2E0,1E0,1E0,1E0,2E0,1E0,1E0],"tree_param":{"num_deleted":"0","num_feature":"2","num_nodes":"15","size_leaf_vector":"1"}},{"base_weights":[-1.308136E-2,-1.3916524E-1,3.5835266E-2,-1.6816711E-2,-4.058075E-3,2.1743774E-4,9.512583E-2,-1.2433052E-2,1.7012278E-2,2.7511597E-3,1.1517716E-2,-1.7375946E-3,-4.993439E-4,5.146027E-4,2.037239E-3],"categories":[],"categories_nodes":[],"categories_segments":[],"categories_sizes":[],"default_left":[0,0,0,0,0,0,0,0,0,0,0,0,0,0,0],"id":80,"left_children":[1,3,5,-1,-1,7,9,11,13,-1,-1,-1,-1,-1,-1],"loss_changes":[6.6663004E-2,1.7530546E-3,1.6873727E-2,0E0,0E0,1.4862923E-3,8.985568E-4,6.032712E-5,1.4778867E-5,0E0,0E0,0E0,0E0,0E0,0E0],"parents":[2147483647,0,0,1,1,2,2,5,5,6,6,7,7,8,8],"right_children":[2,4,6,-1,-1,8,10,12,14,-1,-1,-1,-1,-1,-1],"split_conditions":[2.9803112E-1,2.0029885E-1,8.980016E-1,-1.6816711E-2,-4.058075E-3,6.0090137E-1,1E0,4.027821E-1,8.050041E-1,2.7511597E-3,1.1517716E-2,-1.7375946E-3,-4.993439E-4,5.146027E-4,2.037239E-3],"split_indices":[0,0,0,0,0,0,0,0,0,0,0,0,0,0,0],"split_type":[0,0,0,0,0,0,0,0,0,0,0,0,0,0,0],"sum_hessian":[9E0,2E0,7E0,1E0,1E0,5E0,2E0,3E0,2E0,1E0,1E0,1E0,2E0,1E0,1E0],"tree_param":{"num_deleted":"0","num_feature":"2","num_nodes":"15","size_leaf_vector":"1"}},{"base_weights":[-1.2402725E-2,-1.322066E-1,3.4074068E-2,-1.5975857E-2,-3.8551332E-3,2.4827322E-4,9.036764E-2,-1.1748791E-2,1.61616E-2,2.6134492E-3,1.0941696E-2,-1.6507149E-3,-4.6602884E-4,4.888535E-4,1.9353867E-3],"categories":[],"categories_nodes":[],"categories_segments":[],"categories_sizes":[],"default_left":[0,0,0,0,0,0,0,0,0,0,0,0,0,0,0],"id":81,"left_children":[1,3,5,-1,-1,7,9,11,13,-1,-1,-1,-1,-1,-1],"loss_changes":[6.0185816E-2,1.5822537E-3,1.5210964E-2,0E0,0E0,1.3353585E-3,8.11236E-4,5.799043E-5,1.3347832E-5,0E0,0E0,0E0,0E0,0E0,0E0],"parents":[2147483647,0,0,1,1,2,2,5,5,6,6,7,7,8,8],"right_children":[2,4,6,-1,-1,8,10,12,14,-1,-1,-1,-1,-1,-1],"split_conditions":[2.9803112E-1,2.0029885E-1,8.980016E-1,-1.5975857E-2,-3.8551332E-3,6.0090137E-1,1E0,4.027821E-1,8.050041E-1,2.6134492E-3,1.0941696E-2,-1.6507149E-3,-4.6602884E-4,4.888535E-4,1.9353867E-3],"split_indices":[0,0,0,0,0,0,0,0,0,0,0,0,0,0,0],"split_type":[0,0,0,0,0,0,0,0,0,0,0,0,0,0,0],"sum_hessian":[9E0,2E0,7E0,1E0,1E0,5E0,2E0,3E0,2E0,1E0,1E0,1E0,2E0,1E0,1E0],"tree_param":{"num_deleted":"0","num_feature":"2","num_nodes":"15","size_leaf_vector":"1"}},{"base_weights":[-1.1759567E-2,-1.2559636E-1,3.2399178E-2,-1.5177059E-2,-3.6623955E-3,2.746582E-4,8.584849E-2,-1.110363E-2,1.53541565E-2,2.482605E-3,1.0394669E-2,-1.5682221E-3,-4.3500267E-4,4.644394E-4,1.8386841E-3],"categories":[],"categories_nodes":[],"categories_segments":[],"categories_sizes":[],"default_left":[0,0,0,0,0,0,0,0,0,0,0,0,0,0,0],"id":82,"left_children":[1,3,5,-1,-1,7,9,11,13,-1,-1,-1,-1,-1,-1],"loss_changes":[5.4338124E-2,1.4279075E-3,1.3712689E-2,0E0,0E0,1.1999602E-3,7.3260255E-4,5.5469805E-5,1.2042234E-5,0E0,0E0,0E0,0E0,0E0,0E0],"parents":[2147483647,0,0,1,1,2,2,5,5,6,6,7,7,8,8],"right_children":[2,4,6,-1,-1,8,10,12,14,-1,-1,-1,-1,-1,-1],"split_conditions":[2.9803112E-1,2.0029885E-1,8.980016E-1,-1.5177059E-2,-3.6623955E-3,6.0090137E-1,1E0,4.027821E-1,8.050041E-1,2.482605E-3,1.0394669E-2,-1.5682221E-3,-4.3500267E-4,4.644394E-4,1.8386841E-3],"split_indices":[0,0,0,0,0,0,0,0,0,0,0,0,0,0,0],"split_type":[0,0,0,0,0,0,0,0,0,0,0,0,0,0,0],"sum_hessian":[9E0,2E0,7E0,1E0,1E0,5E0,2E0,3E0,2E0,1E0,1E0,1E0,2E0,1E0,1E0],"tree_param":{"num_deleted":"0","num_feature":"2","num_nodes":"15","size_leaf_vector":"1"}},{"base_weights":[-1.1149406E-2,-1.19316734E-1,3.0807018E-2,-1.4418221E-2,-3.47929E-3,2.969106E-4,8.155823E-2,-1.0494232E-2,1.4586131E-2,2.3586273E-3,9.875107E-3,-1.4898301E-3,-4.0601098E-4,4.4116974E-4,1.7467499E-3],"categories":[],"categories_nodes":[],"categories_segments":[],"categories_sizes":[],"default_left":[0,0,0,0,0,0,0,0,0,0,0,0,0,0,0],"id":83,"left_children":[1,3,5,-1,-1,7,9,11,13,-1,-1,-1,-1,-1,-1],"loss_changes":[4.9058937E-2,1.2886561E-3,1.2363184E-2,0E0,0E0,1.0782522E-3,6.609373E-4,5.2856514E-5,1.088751E-5,0E0,0E0,0E0,0E0,0E0,0E0],"parents":[2147483647,0,0,1,1,2,2,5,5,6,6,7,7,8,8],"right_children":[2,4,6,-1,-1,8,10,12,14,-1,-1,-1,-1,-1,-1],"split_conditions":[2.9803112E-1,2.0029885E-1,8.980016E-1,-1.4418221E-2,-3.47929E-3,6.0090137E-1,1E0,4.027821E-1,8.050041E-1,2.3586273E-3,9.875107E-3,-1.4898301E-3,-4.0601098E-4,4.4116974E-4,1.7467499E-3],"split_indices":[0,0,0,0,0,0,0,0,0,0,0,0,0,0,0],"split_type":[0,0,0,0,0,0,0,0,0,0,0,0,0,0,0],"sum_hessian":[9E0,2E0,7E0,1E0,1E0,5E0,2E0,3E0,2E0,1E0,1E0,1E0,2E0,1E0,1E0],"tree_param":{"num_deleted":"0","num_feature":"2","num_nodes":"15","size_leaf_vector":"1"}},{"base_weights":[-1.0571671E-2,-1.1335119E-1,2.9292107E-2,-1.3697338E-2,-3.30534E-3,3.153483E-4,7.748159E-2,-9.919167E-3,1.3856252E-2,2.2407533E-3,9.381485E-3,-1.415348E-3,-3.7899017E-4,4.190445E-4,1.6593933E-3],"categories":[],"categories_nodes":[],"categories_segments":[],"categories_sizes":[],"default_left":[0,0,0,0,0,0,0,0,0,0,0,0,0,0,0],"id":84,"left_children":[1,3,5,-1,-1,7,9,11,13,-1,-1,-1,-1,-1,-1],"loss_changes":[4.4292092E-2,1.1629947E-3,1.1146566E-2,0E0,0E0,9.689499E-4,5.964581E-4,5.0172617E-5,9.849726E-6,0E0,0E0,0E0,0E0,0E0,0E0],"parents":[2147483647,0,0,1,1,2,2,5,5,6,6,7,7,8,8],"right_children":[2,4,6,-1,-1,8,10,12,14,-1,-1,-1,-1,-1,-1],"split_conditions":[2.9803112E-1,2.0029885E-1,8.980016E-1,-1.3697338E-2,-3.30534E-3,6.0090137E-1,1E0,4.027821E-1,8.050041E-1,2.2407533E-3,9.381485E-3,-1.415348E-3,-3.7899017E-4,4.190445E-4,1.6593933E-3],"split_indices":[0,0,0,0,0,0,0,0,0,0,0,0,0,0,0],"split_type":[0,0,0,0,0,0,0,0,0,0,0,0,0,0,0],"sum_hessian":[9E0,2E0,7E0,1E0,1E0,5E0,2E0,3E0,2E0,1E0,1E0,1E0,2E0,1E0,1E0],"tree_param":{"num_deleted":"0","num_feature":"2","num_nodes":"15","size_leaf_vector":"1"}},{"base_weights":[-1.00248335E-2,-1.07683815E-1,2.785039E-2,-1.3012505E-2,-3.1400681E-3,3.30925E-4,7.360586E-2,-9.376049E-3,1.3163249E-2,2.128601E-3,8.912277E-3,-1.3445854E-3,-3.5374958E-4,3.9806365E-4,1.5764236E-3],"categories":[],"categories_nodes":[],"categories_segments":[],"categories_sizes":[],"default_left":[0,0,0,0,0,0,0,0,0,0,0,0,0,0,0],"id":85,"left_children":[1,3,5,-1,-1,7,9,11,13,-1,-1,-1,-1,-1,-1],"loss_changes":[3.9987594E-2,1.049649E-3,1.004897E-2,0E0,0E0,8.7079743E-4,5.3845905E-4,4.7482463E-5,8.899893E-6,0E0,0E0,0E0,0E0,0E0,0E0],"parents":[2147483647,0,0,1,1,2,2,5,5,6,6,7,7,8,8],"right_children":[2,4,6,-1,-1,8,10,12,14,-1,-1,-1,-1,-1,-1],"split_conditions":[2.9803112E-1,2.0029885E-1,8.980016E-1,-1.3012505E-2,-3.1400681E-3,6.0090137E-1,1E0,4.027821E-1,8.050041E-1,2.128601E-3,8.912277E-3,-1.3445854E-3,-3.5374958E-4,3.9806365E-4,1.5764236E-3],"split_indices":[0,0,0,0,0,0,0,0,0,0,0,0,0,0,0],"split_type":[0,0,0,0,0,0,0,0,0,0,0,0,0,0,0],"sum_hessian":[9E0,2E0,7E0,1E0,1E0,5E0,2E0,3E0,2E0,1E0,1E0,1E0,2E0,1E0,1E0],"tree_param":{"num_deleted":"0","num_feature":"2","num_nodes":"15","size_leaf_vector":"1"}},{"base_weights":[-9.505654E-3,-1.0230001E-1,2.6480436E-2,-1.2361908E-2,-2.9830933E-3,3.4427643E-4,6.992594E-2,-8.862972E-3,1.2505849E-2,2.0221712E-3,8.466721E-3,-1.2773514E-3,-3.3016206E-4,3.7822724E-4,1.4976502E-3],"categories":[],"categories_nodes":[],"categories_segments":[],"categories_sizes":[],"default_left":[0,0,0,0,0,0,0,0,0,0,0,0,0,0,0],"id":86,"left_children":[1,3,5,-1,-1,7,9,11,13,-1,-1,-1,-1,-1,-1],"loss_changes":[3.6102008E-2,9.472482E-4,9.059916E-3,0E0,0E0,7.8268675E-4,4.8599392E-4,4.481827E-5,8.013565E-6,0E0,0E0,0E0,0E0,0E0,0E0],"parents":[2147483647,0,0,1,1,2,2,5,5,6,6,7,7,8,8],"right_children":[2,4,6,-1,-1,8,10,12,14,-1,-1,-1,-1,-1,-1],"split_conditions":[2.9803112E-1,2.0029885E-1,8.980016E-1,-1.2361908E-2,-2.9830933E-3,6.0090137E-1,1E0,4.027821E-1,8.050041E-1,2.0221712E-3,8.466721E-3,-1.2773514E-3,-3.3016206E-4,3.7822724E-4,1.4976502E-3],"split_indices":[0,0,0,0,0,0,0,0,0,0,0,0,0,0,0],"split_type":[0,0,0,0,0,0,0,0,0,0,0,0,0,0,0],"sum_hessian":[9E0,2E0,7E0,1E0,1E0,5E0,2E0,3E0,2E0,1E0,1E0,1E0,2E0,1E0,1E0],"tree_param":{"num_deleted":"0","num_feature":"2","num_nodes":"15","size_leaf_vector":"1"}},{"base_weights":[-9.013939E-3,-9.7185135E-2,2.5177002E-2,-1.1743831E-2,-2.8339387E-3,3.5476685E-4,6.642914E-2,-8.378029E-3,1.1880239E-2,1.9210816E-3,8.043289E-3,-1.2134552E-3,-3.081004E-4,3.593445E-4,1.4226914E-3],"categories":[],"categories_nodes":[],"categories_segments":[],"categories_sizes":[],"default_left":[0,0,0,0,0,0,0,0,0,0,0,0,0,0,0],"id":87,"left_children":[1,3,5,-1,-1,7,9,11,13,-1,-1,-1,-1,-1,-1],"loss_changes":[3.2593388E-2,8.5490756E-4,8.168194E-3,0E0,0E0,7.034305E-4,4.3851975E-4,4.2206986E-5,7.2155963E-6,0E0,0E0,0E0,0E0,0E0,0E0],"parents":[2147483647,0,0,1,1,2,2,5,5,6,6,7,7,8,8],"right_children":[2,4,6,-1,-1,8,10,12,14,-1,-1,-1,-1,-1,-1],"split_conditions":[2.9803112E-1,2.0029885E-1,8.980016E-1,-1.1743831E-2,-2.8339387E-3,6.0090137E-1,1E0,4.027821E-1,8.050041E-1,1.9210816E-3,8.043289E-3,-1.2134552E-3,-3.081004E-4,3.593445E-4,1.4226914E-3],"split_indices":[0,0,0,0,0,0,0,0,0,0,0,0,0,0,0],"split_type":[0,0,0,0,0,0,0,0,0,0,0,0,0,0,0],"sum_hessian":[9E0,2E0,7E0,1E0,1E0,5E0,2E0,3E0,2E0,1E0,1E0,1E0,2E0,1E0,1E0],"tree_param":{"num_deleted":"0","num_feature":"2","num_nodes":"15","size_leaf_vector":"1"}},{"base_weights":[-8.547592E-3,-9.2325844E-2,2.3937702E-2,-1.1156655E-2,-2.6922226E-3,3.63032E-4,6.310781E-2,-7.920265E-3,1.1286418E-2,1.8249511E-3,7.64122E-3,-1.1528016E-3,-2.8750103E-4,3.414154E-4,1.3515473E-3],"categories":[],"categories_nodes":[],"categories_segments":[],"categories_sizes":[],"default_left":[0,0,0,0,0,0,0,0,0,0,0,0,0,0,0],"id":88,"left_children":[1,3,5,-1,-1,7,9,11,13,-1,-1,-1,-1,-1,-1],"loss_changes":[2.9425683E-2,7.716138E-4,7.3644696E-3,0E0,0E0,6.3228136E-4,3.9595086E-4,3.9664912E-5,6.4992055E-6,0E0,0E0,0E0,0E0,0E0,0E0],"parents":[2147483647,0,0,1,1,2,2,5,5,6,6,7,7,8,8],"right_children":[2,4,6,-1,-1,8,10,12,14,-1,-1,-1,-1,-1,-1],"split_conditions":[2.9803112E-1,2.0029885E-1,8.980016E-1,-1.1156655E-2,-2.6922226E-3,6.0090137E-1,1E0,4.027821E-1,8.050041E-1,1.8249511E-3,7.64122E-3,-1.1528016E-3,-2.8750103E-4,3.414154E-4,1.3515473E-3],"split_indices":[0,0,0,0,0,0,0,0,0,0,0,0,0,0,0],"split_type":[0,0,0,0,0,0,0,0,0,0,0,0,0,0,0],"sum_hessian":[9E0,2E0,7E0,1E0,1E0,5E0,2E0,3E0,2E0,1E0,1E0,1E0,2E0,1E0,1E0],"tree_param":{"num_deleted":"0","num_feature":"2","num_nodes":"15","size_leaf_vector":"1"}},{"base_weights":[-8.106232E-3,-8.770943E-2,2.2758245E-2,-1.059885E-2,-2.5575638E-3,3.684362E-4,5.9951782E-2,-7.4887276E-3,1.0721843E-2,1.7337799E-3,7.2589875E-3,-1.0951996E-3,-2.6836395E-4,3.2424927E-4,1.2840271E-3],"categories":[],"categories_nodes":[],"categories_segments":[],"categories_sizes":[],"default_left":[0,0,0,0,0,0,0,0,0,0,0,0,0,0,0],"id":89,"left_children":[1,3,5,-1,-1,7,9,11,13,-1,-1,-1,-1,-1,-1],"loss_changes":[2.6565224E-2,6.9652125E-4,6.6399616E-3,0E0,0E0,5.683834E-4,3.571296E-4,3.7174017E-5,5.89891E-6,0E0,0E0,0E0,0E0,0E0,0E0],"parents":[2147483647,0,0,1,1,2,2,5,5,6,6,7,7,8,8],"right_children":[2,4,6,-1,-1,8,10,12,14,-1,-1,-1,-1,-1,-1],"split_conditions":[2.9803112E-1,2.0029885E-1,8.980016E-1,-1.059885E-2,-2.5575638E-3,6.0090137E-1,1E0,4.027821E-1,8.050041E-1,1.7337799E-3,7.2589875E-3,-1.0951996E-3,-2.6836395E-4,3.2424927E-4,1.2840271E-3],"split_indices":[0,0,0,0,0,0,0,0,0,0,0,0,0,0,0],"split_type":[0,0,0,0,0,0,0,0,0,0,0,0,0,0,0],"sum_hessian":[9E0,2E0,7E0,1E0,1E0,5E0,2E0,3E0,2E0,1E0,1E0,1E0,2E0,1E0,1E0],"tree_param":{"num_deleted":"0","num_feature":"2","num_nodes":"15","size_leaf_vector":"1"}},{"base_weights":[-7.6871873E-3,-8.33238E-2,2.163744E-2,-1.0068893E-2,-2.429676E-3,3.7193298E-4,5.6955975E-2,-7.081032E-3,1.0185242E-2,1.6471863E-3,6.89621E-3,-1.0404587E-3,-2.5049847E-4,3.080368E-4,1.2197495E-3],"categories":[],"categories_nodes":[],"categories_segments":[],"categories_sizes":[],"default_left":[0,0,0,0,0,0,0,0,0,0,0,0,0,0,0],"id":90,"left_children":[1,3,5,-1,-1,7,9,11,13,-1,-1,-1,-1,-1,-1],"loss_changes":[2.3983069E-2,6.2862225E-4,5.987348E-3,0E0,0E0,5.109515E-4,3.222376E-4,3.477164E-5,5.317619E-6,0E0,0E0,0E0,0E0,0E0,0E0],"parents":[2147483647,0,0,1,1,2,2,5,5,6,6,7,7,8,8],"right_children":[2,4,6,-1,-1,8,10,12,14,-1,-1,-1,-1,-1,-1],"split_conditions":[2.9803112E-1,2.0029885E-1,8.980016E-1,-1.0068893E-2,-2.429676E-3,6.0090137E-1,1E0,4.027821E-1,8.050041E-1,1.6471863E-3,6.89621E-3,-1.0404587E-3,-2.5049847E-4,3.080368E-4,1.2197495E-3],"split_indices":[0,0,0,0,0,0,0,0,0,0,0,0,0,0,0],"split_type":[0,0,0,0,0,0,0,0,0,0,0,0,0,0,0],"sum_hessian":[9E0,2E0,7E0,1E0,1E0,5E0,2E0,3E0,2E0,1E0,1E0,1E0,2E0,1E0,1E0],"tree_param":{"num_deleted":"0","num_feature":"2","num_nodes":"15","size_leaf_vector":"1"}},{"base_weights":[-7.290459E-3,-7.915751E-2,2.0570993E-2,-9.565449E-3,-2.308178E-3,3.7415823E-4,5.4107666E-2,-6.6952705E-3,9.6753435E-3,1.5647889E-3,6.551361E-3,-8.378983E-4,-8.220673E-5,2.925873E-4,1.1587143E-3],"categories":[],"categories_nodes":[],"categories_segments":[],"categories_sizes":[],"default_left":[0,0,0,0,0,0,0,0,0,0,0,0,0,0,0],"id":91,"left_children":[1,3,5,-1,-1,7,9,11,13,-1,-1,-1,-1,-1,-1],"loss_changes":[2.1651553E-2,5.6736544E-4,5.3984327E-3,0E0,0E0,4.5930347E-4,2.9086042E-4,3.2667056E-5,4.8083893E-6,0E0,0E0,0E0,0E0,0E0,0E0],"parents":[2147483647,0,0,1,1,2,2,5,5,6,6,7,7,8,8],"right_children":[2,4,6,-1,-1,8,10,12,14,-1,-1,-1,-1,-1,-1],"split_conditions":[2.9803112E-1,2.0029885E-1,8.980016E-1,-9.565449E-3,-2.308178E-3,6.0090137E-1,1E0,5.0525403E-1,8.050041E-1,1.5647889E-3,6.551361E-3,-8.378983E-4,-8.220673E-5,2.925873E-4,1.1587143E-3],"split_indices":[0,0,0,0,0,0,0,0,0,0,0,0,0,0,0],"split_type":[0,0,0,0,0,0,0,0,0,0,0,0,0,0,0],"sum_hessian":[9E0,2E0,7E0,1E0,1E0,5E0,2E0,3E0,2E0,1E0,1E0,2E0,1E0,1E0,1E0],"tree_param":{"num_deleted":"0","num_feature":"2","num_nodes":"15","size_leaf_vector":"1"}},{"base_weights":[-6.884384E-3,-7.519976E-2,1.959443E-2,-9.087182E-3,-2.1927834E-3,4.2502084E-4,5.1401775E-2,-6.2556267E-3,9.190877E-3,1.4865876E-3,6.2236786E-3,-9.4652176E-4,-2.0306905E-4,2.779007E-4,1.100731E-3],"categories":[],"categories_nodes":[],"categories_segments":[],"categories_sizes":[],"default_left":[0,0,0,0,0,0,0,0,0,0,0,0,0,0,0],"id":92,"left_children":[1,3,5,-1,-1,7,9,11,13,-1,-1,-1,-1,-1,-1],"loss_changes":[1.9562598E-2,5.120188E-4,4.8559774E-3,0E0,0E0,4.088643E-4,2.6239734E-4,3.5020334E-5,4.3507607E-6,0E0,0E0,0E0,0E0,0E0,0E0],"parents":[2147483647,0,0,1,1,2,2,5,5,6,6,7,7,8,8],"right_children":[2,4,6,-1,-1,8,10,12,14,-1,-1,-1,-1,-1,-1],"split_conditions":[2.9803112E-1,2.0029885E-1,8.980016E-1,-9.087182E-3,-2.1927834E-3,6.0090137E-1,1E0,4.027821E-1,8.050041E-1,1.4865876E-3,6.2236786E-3,-9.4652176E-4,-2.0306905E-4,2.779007E-4,1.100731E-3],"split_indices":[0,0,0,0,0,0,0,0,0,0,0,0,0,0,0],"split_type":[0,0,0,0,0,0,0,0,0,0,0,0,0,0,0],"sum_hessian":[9E0,2E0,7E0,1E0,1E0,5E0,2E0,3E0,2E0,1E0,1E0,1E0,2E0,1E0,1E0],"tree_param":{"num_deleted":"0","num_feature":"2","num_nodes":"15","size_leaf_vector":"1"}},{"base_weights":[-6.5307617E-3,-7.143974E-2,1.8626451E-2,-8.632851E-3,-2.0831109E-3,4.199346E-4,4.883067E-2,-5.918026E-3,8.730571E-3,1.412201E-3,5.9123994E-3,-8.9921954E-4,-1.8959046E-4,2.6397707E-4,1.0456085E-3],"categories":[],"categories_nodes":[],"categories_segments":[],"categories_sizes":[],"default_left":[0,0,0,0,0,0,0,0,0,0,0,0,0,0,0],"id":93,"left_children":[1,3,5,-1,-1,7,9,11,13,-1,-1,-1,-1,-1,-1],"loss_changes":[1.765996E-2,4.6218093E-4,4.378803E-3,0E0,0E0,3.6770265E-4,2.3685303E-4,3.2410375E-5,3.9276347E-6,0E0,0E0,0E0,0E0,0E0,0E0],"parents":[2147483647,0,0,1,1,2,2,5,5,6,6,7,7,8,8],"right_children":[2,4,6,-1,-1,8,10,12,14,-1,-1,-1,-1,-1,-1],"split_conditions":[2.9803112E-1,2.0029885E-1,8.980016E-1,-8.632851E-3,-2.0831109E-3,6.0090137E-1,1E0,4.027821E-1,8.050041E-1,1.412201E-3,5.9123994E-3,-8.9921954E-4,-1.8959046E-4,2.6397707E-4,1.0456085E-3],"split_indices":[0,0,0,0,0,0,0,0,0,0,0,0,0,0,0],"split_type":[0,0,0,0,0,0,0,0,0,0,0,0,0,0,0],"sum_hessian":[9E0,2E0,7E0,1E0,1E0,5E0,2E0,3E0,2E0,1E0,1E0,1E0,2E0,1E0,1E0],"tree_param":{"num_deleted":"0","num_feature":"2","num_nodes":"15","size_leaf_vector":"1"}},{"base_weights":[-6.194687E-3,-6.786791E-2,1.770711E-2,-8.201218E-3,-1.9789697E-3,4.1484833E-4,4.6389263E-2,-5.598545E-3,8.294423E-3,1.3416291E-3,5.6167603E-3,-8.5430144E-4,-1.7693838E-4,2.5081635E-4,9.933471E-4],"categories":[],"categories_nodes":[],"categories_segments":[],"categories_sizes":[],"default_left":[0,0,0,0,0,0,0,0,0,0,0,0,0,0,0],"id":94,"left_children":[1,3,5,-1,-1,7,9,11,13,-1,-1,-1,-1,-1,-1],"loss_changes":[1.5942754E-2,4.170956E-4,3.9485893E-3,0E0,0E0,3.307346E-4,2.1370221E-4,2.9983508E-5,3.537105E-6,0E0,0E0,0E0,0E0,0E0,0E0],"parents":[2147483647,0,0,1,1,2,2,5,5,6,6,7,7,8,8],"right_children":[2,4,6,-1,-1,8,10,12,14,-1,-1,-1,-1,-1,-1],"split_conditions":[2.9803112E-1,2.0029885E-1,8.980016E-1,-8.201218E-3,-1.9789697E-3,6.0090137E-1,1E0,4.027821E-1,8.050041E-1,1.3416291E-3,5.6167603E-3,-8.5430144E-4,-1.7693838E-4,2.5081635E-4,9.933471E-4],"split_indices":[0,0,0,0,0,0,0,0,0,0,0,0,0,0,0],"split_type":[0,0,0,0,0,0,0,0,0,0,0,0,0,0,0],"sum_hessian":[9E0,2E0,7E0,1E0,1E0,5E0,2E0,3E0,2E0,1E0,1E0,1E0,2E0,1E0,1E0],"tree_param":{"num_deleted":"0","num_feature":"2","num_nodes":"15","size_leaf_vector":"1"}},{"base_weights":[-5.875969E-3,-6.4474106E-2,1.6832829E-2,-7.791138E-3,-1.8799782E-3,4.0880838E-4,4.4069927E-2,-5.296707E-3,7.879893E-3,1.2744904E-3,5.3359987E-3,-8.1157684E-4,-1.6517639E-4,2.3822785E-4,9.4375614E-4],"categories":[],"categories_nodes":[],"categories_segments":[],"categories_sizes":[],"default_left":[0,0,0,0,0,0,0,0,0,0,0,0,0,0,0],"id":95,"left_children":[1,3,5,-1,-1,7,9,11,13,-1,-1,-1,-1,-1,-1],"loss_changes":[1.4392213E-2,3.7649833E-4,3.5607247E-3,0E0,0E0,2.974958E-4,1.9296631E-4,2.7695933E-5,3.207475E-6,0E0,0E0,0E0,0E0,0E0,0E0],"parents":[2147483647,0,0,1,1,2,2,5,5,6,6,7,7,8,8],"right_children":[2,4,6,-1,-1,8,10,12,14,-1,-1,-1,-1,-1,-1],"split_conditions":[2.9803112E-1,2.0029885E-1,8.980016E-1,-7.791138E-3,-1.8799782E-3,6.0090137E-1,1E0,4.027821E-1,8.050041E-1,1.2744904E-3,5.3359987E-3,-8.1157684E-4,-1.6517639E-4,2.3822785E-4,9.4375614E-4],"split_indices":[0,0,0,0,0,0,0,0,0,0,0,0,0,0,0],"split_type":[0,0,0,0,0,0,0,0,0,0,0,0,0,0,0],"sum_hessian":[9E0,2E0,7E0,1E0,1E0,5E0,2E0,3E0,2E0,1E0,1E0,1E0,2E0,1E0,1E0],"tree_param":{"num_deleted":"0","num_feature":"2","num_nodes":"15","size_leaf_vector":"1"}},{"base_weights":[-5.573082E-3,-6.125005E-2,1.6002417E-2,-7.401562E-3,-1.785946E-3,4.0276846E-4,4.1867573E-2,-5.0110817E-3,7.486979E-3,1.2107849E-3,5.0693513E-3,-7.7095034E-4,-1.5417735E-4,2.2640229E-4,8.966446E-4],"categories":[],"categories_nodes":[],"categories_segments":[],"categories_sizes":[],"default_left":[0,0,0,0,0,0,0,0,0,0,0,0,0,0,0],"id":96,"left_children":[1,3,5,-1,-1,7,9,11,13,-1,-1,-1,-1,-1,-1],"loss_changes":[1.2992732E-2,3.3983774E-4,3.2110359E-3,0E0,0E0,2.6763498E-4,1.7418293E-4,2.5560315E-5,2.8813229E-6,0E0,0E0,0E0,0E0,0E0,0E0],"parents":[2147483647,0,0,1,1,2,2,5,5,6,6,7,7,8,8],"right_children":[2,4,6,-1,-1,8,10,12,14,-1,-1,-1,-1,-1,-1],"split_conditions":[2.9803112E-1,2.0029885E-1,8.980016E-1,-7.401562E-3,-1.785946E-3,6.0090137E-1,1E0,4.027821E-1,8.050041E-1,1.2107849E-3,5.0693513E-3,-7.7095034E-4,-1.5417735E-4,2.2640229E-4,8.966446E-4],"split_indices":[0,0,0,0,0,0,0,0,0,0,0,0,0,0,0],"split_type":[0,0,0,0,0,0,0,0,0,0,0,0,0,0,0],"sum_hessian":[9E0,2E0,7E0,1E0,1E0,5E0,2E0,3E0,2E0,1E0,1E0,1E0,2E0,1E0,1E0],"tree_param":{"num_deleted":"0","num_feature":"2","num_nodes":"15","size_leaf_vector":"1"}},{"base_weights":[-5.286598E-3,-5.8187485E-2,1.5212059E-2,-7.0314407E-3,-1.696682E-3,3.9545694E-4,3.9774578E-2,-4.7416687E-3,7.1131387E-3,1.1501312E-3,4.8160553E-3,-7.324219E-4,-1.4394124E-4,2.1514893E-4,8.518219E-4],"categories":[],"categories_nodes":[],"categories_segments":[],"categories_sizes":[],"default_left":[0,0,0,0,0,0,0,0,0,0,0,0,0,0,0],"id":97,"left_children":[1,3,5,-1,-1,7,9,11,13,-1,-1,-1,-1,-1,-1],"loss_changes":[1.1729123E-2,3.0662678E-4,2.8957354E-3,0E0,0E0,2.407856E-4,1.57387E-4,2.35704E-5,2.5876943E-6,0E0,0E0,0E0,0E0,0E0,0E0],"parents":[2147483647,0,0,1,1,2,2,5,5,6,6,7,7,8,8],"right_children":[2,4,6,-1,-1,8,10,12,14,-1,-1,-1,-1,-1,-1],"split_conditions":[2.9803112E-1,2.0029885E-1,8.980016E-1,-7.0314407E-3,-1.696682E-3,6.0090137E-1,1E0,4.027821E-1,8.050041E-1,1.1501312E-3,4.8160553E-3,-7.324219E-4,-1.4394124E-4,2.1514893E-4,8.518219E-4],"split_indices":[0,0,0,0,0,0,0,0,0,0,0,0,0,0,0],"split_type":[0,0,0,0,0,0,0,0,0,0,0,0,0,0,0],"sum_hessian":[9E0,2E0,7E0,1E0,1E0,5E0,2E0,3E0,2E0,1E0,1E0,1E0,2E0,1E0,1E0],"tree_param":{"num_deleted":"0","num_feature":"2","num_nodes":"15","size_leaf_vector":"1"}},{"base_weights":[-5.014801E-3,-5.527814E-2,1.4460802E-2,-6.6799163E-3,-1.6118049E-3,3.8814545E-4,3.7785847E-2,-4.486561E-3,6.758372E-3,1.0925293E-3,4.575348E-3,-6.958008E-4,-1.3434092E-4,2.0446778E-4,8.0928806E-4],"categories":[],"categories_nodes":[],"categories_segments":[],"categories_sizes":[],"default_left":[0,0,0,0,0,0,0,0,0,0,0,0,0,0,0],"id":98,"left_children":[1,3,5,-1,-1,7,9,11,13,-1,-1,-1,-1,-1,-1],"loss_changes":[1.0588455E-2,2.7682073E-4,2.6112963E-3,0E0,0E0,2.1663975E-4,1.4217477E-4,2.1725078E-5,2.3240573E-6,0E0,0E0,0E0,0E0,0E0,0E0],"parents":[2147483647,0,0,1,1,2,2,5,5,6,6,7,7,8,8],"right_children":[2,4,6,-1,-1,8,10,12,14,-1,-1,-1,-1,-1,-1],"split_conditions":[2.9803112E-1,2.0029885E-1,8.980016E-1,-6.6799163E-3,-1.6118049E-3,6.0090137E-1,1E0,4.027821E-1,8.050041E-1,1.0925293E-3,4.575348E-3,-6.958008E-4,-1.3434092E-4,2.0446778E-4,8.0928806E-4],"split_indices":[0,0,0,0,0,0,0,0,0,0,0,0,0,0,0],"split_type":[0,0,0,0,0,0,0,0,0,0,0,0,0,0,0],"sum_hessian":[9E0,2E0,7E0,1E0,1E0,5E0,2E0,3E0,2E0,1E0,1E0,1E0,2E0,1E0,1E0],"tree_param":{"num_deleted":"0","num_feature":"2","num_nodes":"15","size_leaf_vector":"1"}},{"base_weights":[-4.7576902E-3,-5.2514393E-2,1.3745785E-2,-6.34594E-3,-1.5312195E-3,3.7956238E-4,3.58963E-2,-4.245758E-3,6.4201355E-3,1.0379791E-3,4.346466E-3,-6.609917E-4,-1.2543997E-3,1.941681E-4,7.6885225E-4,-1.6832352E-4,-1.9836427E-5],"categories":[],"categories_nodes":[],"categories_segments":[],"categories_sizes":[],"default_left":[0,0,0,0,0,0,0,0,0,0,0,0,0,0,0,0,0],"id":99,"left_children":[1,3,5,-1,-1,7,9,11,13,-1,-1,-1,15,-1,-1,-1,-1],"loss_changes":[9.558502E-3,2.4983194E-4,2.354925E-3,0E0,0E0,1.9489587E-4,1.2820004E-4,1.9996703E-5,2.1125743E-6,0E0,0E0,0E0,1.0247027E-6,0E0,0E0,0E0,0E0],"parents":[2147483647,0,0,1,1,2,2,5,5,6,6,7,7,8,8,12,12],"right_children":[2,4,6,-1,-1,8,10,12,14,-1,-1,-1,16,-1,-1,-1,-1],"split_conditions":[2.9803112E-1,2.0029885E-1,8.980016E-1,-6.34594E-3,-1.5312195E-3,6.0090137E-1,1E0,4.027821E-1,8.050041E-1,1.0379791E-3,4.346466E-3,-6.609917E-4,5.0525403E-1,1.941681E-4,7.6885225E-4,-1.6832352E-4,-1.9836427E-5],"split_indices":[0,0,0,0,0,0,0,0,0,0,0,0,0,0,0,0,0],"split_type":[0,0,0,0,0,0,0,0,0,0,0,0,0,0,0,0,0],"sum_hessian":[9E0,2E0,7E0,1E0,1E0,5E0,2E0,3E0,2E0,1E0,1E0,1E0,2E0,1E0,1E0,1E0,1E0],"tree_param":{"num_deleted":"0","num_feature":"2","num_nodes":"17","size_leaf_vector":"1"}}]},"name":"gbtree"},"learner_model_param":{"base_score":"4.19E1","boost_from_average":"1","num_class":"0","num_feature":"2","num_target":"1"},"objective":{"name":"reg:squarederror","reg_loss_param":{"scale_pos_weight":"1"}}},"version":[2,0,1]}