{"learner":{"attributes":{"scikit_learn":"{\"_estimator_type\": \"regressor\"}"},"feature_names":[],"feature_types":[],"gradient_booster":{"model":{"gbtree_model_param":{"num_parallel_tree":"1","num_trees":"100"},"iteration_indptr":[0,1,2,3,4,5,6,7,8,9,10,11,12,13,14,15,16,17,18,19,20,21,22,23,24,25,26,27,28,29,30,31,32,33,34,35,36,37,38,39,40,41,42,43,44,45,46,47,48,49,50,51,52,53,54,55,56,57,58,59,60,61,62,63,64,65,66,67,68,69,70,71,72,73,74,75,76,77,78,79,80,81,82,83,84,85,86,87,88,89,90,91,92,93,94,95,96,97,98,99,100],"tree_info":[0,0,0,0,0,0,0,0,0,0,0,0,0,0,0,0,0,0,0,0,0,0,0,0,0,0,0,0,0,0,0,0,0,0,0,0,0,0,0,0,0,0,0,0,0,0,0,0,0,0,0,0,0,0,0,0,0,0,0,0,0,0,0,0,0,0,0,0,0,0,0,0,0,0,0,0,0,0,0,0,0,0,0,0,0,0,0,0,0,0,0,0,0,0,0,0,0,0,0,0],"trees":[{"base_weights":[-7.6293946E-7,-3.5211113E1,2.9342592E1,-4.1966667E0,-4.0944442E-1,8.874074E-1,3.7358334E0],"categories":[],"categories_nodes":[],"categories_segments":[],"categories_sizes":[],"default_left":[0,0,0,0,0,0,0],"id":0,"left_children":[1,3,5,-1,-1,-1,-1],"loss_changes":[1.1365039E4,8.792217E2,6.5290186E2,0E0,0E0,0E0,0E0],"parents":[2147483647,0,0,1,1,2,2],"right_children":[2,4,6,-1,-1,-1,-1],"split_conditions":[5.0203824E-1,4.0204233E-1,7.007641E-1,-4.1966667E0,-4.0944442E-1,8.874074E-1,3.7358334E0],"split_indices":[0,0,0,0,0,0,0],"split_type":[0,0,0,0,0,0,0],"sum_hessian":[9E0,4E0,5E0,3E0,1E0,2E0,3E0],"tree_param":{"num_deleted":"0","num_feature":"2","num_nodes":"7","size_leaf_vector":"1"}},{"base_weights":[1.7143249E-3,-3.261122E1,2.7178875E1,-3.8819168E0,-3.889721E-1,8.282471E-1,3.4556458E0],"categories":[],"categories_nodes":[],"categories_segments":[],"categories_sizes":[],"default_left":[0,0,0,0,0,0,0],"id":1,"left_children":[1,3,5,-1,-1,-1,-1],"loss_changes":[9.749605E3,7.405117E2,5.502461E2,0E0,0E0,0E0,0E0],"parents":[2147483647,0,0,1,1,2,2],"right_children":[2,4,6,-1,-1,-1,-1],"split_conditions":[5.0203824E-1,4.0204233E-1,7.007641E-1,-3.8819168E0,-3.889721E-1,8.282471E-1,3.4556458E0],"split_indices":[0,0,0,0,0,0,0],"split_type":[0,0,0,0,0,0,0],"sum_hessian":[9E0,4E0,5E0,3E0,1E0,2E0,3E0],"tree_param":{"num_deleted":"0","num_feature":"2","num_nodes":"7","size_leaf_vector":"1"}},{"base_weights":[2.8450012E-3,-3.0204275E1,2.517497E1,-3.5907726E0,-3.695236E-1,2.5477296E-1,2.9190874E0],"categories":[],"categories_nodes":[],"categories_segments":[],"categories_sizes":[],"default_left":[0,0,0,0,0,0,0],"id":2,"left_children":[1,3,5,-1,-1,-1,-1],"loss_changes":[8.364166E3,6.2327783E2,4.7084253E2,0E0,0E0,0E0,0E0],"parents":[2147483647,0,0,1,1,2,2],"right_children":[2,4,6,-1,-1,-1,-1],"split_conditions":[5.0203824E-1,4.0204233E-1,6.007961E-1,-3.5907726E0,-3.695236E-1,2.5477296E-1,2.9190874E0],"split_indices":[0,0,0,0,0,0,0],"split_type":[0,0,0,0,0,0,0],"sum_hessian":[9E0,4E0,5E0,3E0,1E0,1E0,4E0],"tree_param":{"num_deleted":"0","num_feature":"2","num_nodes":"7","size_leaf_vector":"1"}},{"base_weights":[-7.608414E-2,-2.7975906E1,2.318645E1,-3.3214645E0,-3.5104752E-1,6.672351E-1,2.977541E0],"categories":[],"categories_nodes":[],"categories_segments":[],"categories_sizes":[],"default_left":[0,0,0,0,0,0,0],"id":3,"left_children":[1,3,5,-1,-1,-1,-1],"loss_changes":[7.1388667E3,5.2424097E2,4.5419263E2,0E0,0E0,0E0,0E0],"parents":[2147483647,0,0,1,1,2,2],"right_children":[2,4,6,-1,-1,-1,-1],"split_conditions":[5.0203824E-1,4.0204233E-1,7.007641E-1,-3.3214645E0,-3.5104752E-1,6.672351E-1,2.977541E0],"split_indices":[0,0,0,0,0,0,0],"split_type":[0,0,0,0,0,0,0],"sum_hessian":[9E0,4E0,5E0,3E0,1E0,2E0,3E0],"tree_param":{"num_deleted":"0","num_feature":"2","num_nodes":"7","size_leaf_vector":"1"}},{"base_weights":[-7.124939E-2,-2.5912819E1,2.1475267E1,-3.0723548E0,-3.3349535E-1,6.227526E-1,2.7542255E0],"categories":[],"categories_nodes":[],"categories_segments":[],"categories_sizes":[],"default_left":[0,0,0,0,0,0,0],"id":4,"left_children":[1,3,5,-1,-1,-1,-1],"loss_changes":[6.1244424E3,4.4061816E2,3.835271E2,0E0,0E0,0E0,0E0],"parents":[2147483647,0,0,1,1,2,2],"right_children":[2,4,6,-1,-1,-1,-1],"split_conditions":[5.0203824E-1,4.0204233E-1,7.007641E-1,-3.0723548E0,-3.3349535E-1,6.227526E-1,2.7542255E0],"split_indices":[0,0,0,0,0,0,0],"split_type":[0,0,0,0,0,0,0],"sum_hessian":[9E0,4E0,5E0,3E0,1E0,2E0,3E0],"tree_param":{"num_deleted":"0","num_feature":"2","num_nodes":"7","size_leaf_vector":"1"}},{"base_weights":[-6.701164E-2,-2.4002708E1,1.989057E1,-2.8419282E0,-3.1682053E-1,8.351465E0,2.8645854E0,1.7753486E-1,9.9517214E-1],"categories":[],"categories_nodes":[],"categories_segments":[],"categories_sizes":[],"default_left":[0,0,0,0,0,0,0,0,0],"id":5,"left_children":[1,3,5,-1,-1,7,-1,-1,-1],"loss_changes":[5.254414E3,3.7004736E2,3.669336E2,0E0,0E0,2.4426086E1,0E0,0E0,0E0],"parents":[2147483647,0,0,1,1,2,2,5,5],"right_children":[2,4,6,-1,-1,8,-1,-1,-1],"split_conditions":[5.0203824E-1,4.0204233E-1,9.019587E-1,-2.8419282E0,-3.1682053E-1,6.007961E-1,2.8645854E0,1.7753486E-1,9.9517214E-1],"split_indices":[0,0,0,0,0,0,0,0,0],"split_type":[0,0,0,0,0,0,0,0,0],"sum_hessian":[9E0,4E0,5E0,3E0,1E0,3E0,2E0,1E0,2E0],"tree_param":{"num_deleted":"0","num_feature":"2","num_nodes":"9","size_leaf_vector":"1"}},{"base_weights":[2.7543258E-2,-2.2234188E1,1.8574396E1,-2.9622524E0,-7.434458E-1,7.809496E0,2.673613E0,1.6865806E-1,9.288274E-1],"categories":[],"categories_nodes":[],"categories_segments":[],"categories_sizes":[],"default_left":[0,0,0,0,0,0,0,0,0],"id":6,"left_children":[1,3,5,-1,-1,7,-1,-1,-1],"loss_changes":[4.541837E3,3.264995E2,3.1836572E2,0E0,0E0,2.0552307E1,0E0,0E0,0E0],"parents":[2147483647,0,0,1,1,2,2,5,5],"right_children":[2,4,6,-1,-1,8,-1,-1,-1],"split_conditions":[5.0203824E-1,2.0040584E-1,9.019587E-1,-2.9622524E0,-7.434458E-1,6.007961E-1,2.673613E0,1.6865806E-1,9.288274E-1],"split_indices":[0,0,0,0,0,0,0,0,0],"split_type":[0,0,0,0,0,0,0,0,0],"sum_hessian":[9E0,4E0,5E0,2E0,2E0,3E0,2E0,1E0,2E0],"tree_param":{"num_deleted":"0","num_feature":"2","num_nodes":"9","size_leaf_vector":"1"}},{"base_weights":[3.132973E-2,-2.0751907E1,1.7345472E1,-2.462085E0,-2.638073E-1,7.3029194E0,2.495372E0,1.602253E-1,8.669057E-1],"categories":[],"categories_nodes":[],"categories_segments":[],"categories_sizes":[],"default_left":[0,0,0,0,0,0,0,0,0],"id":7,"left_children":[1,3,5,-1,-1,7,-1,-1,-1],"loss_changes":[3.958391E3,2.8545532E2,2.762025E2,0E0,0E0,1.7261566E1,0E0,0E0,0E0],"parents":[2147483647,0,0,1,1,2,2,5,5],"right_children":[2,4,6,-1,-1,8,-1,-1,-1],"split_conditions":[5.0203824E-1,4.0204233E-1,9.019587E-1,-2.462085E0,-2.638073E-1,6.007961E-1,2.495372E0,1.602253E-1,8.669057E-1],"split_indices":[0,0,0,0,0,0,0,0,0],"split_type":[0,0,0,0,0,0,0,0,0],"sum_hessian":[9E0,4E0,5E0,3E0,1E0,3E0,2E0,1E0,2E0],"tree_param":{"num_deleted":"0","num_feature":"2","num_nodes":"9","size_leaf_vector":"1"}},{"base_weights":[1.0785904E-1,-1.9221895E1,1.6198011E1,-2.6006296E0,-6.030196E-1,6.8294106E0,2.329014E0,1.5221405E-1,8.091121E-1],"categories":[],"categories_nodes":[],"categories_segments":[],"categories_sizes":[],"default_left":[0,0,0,0,0,0,0,0,0],"id":8,"left_children":[1,3,5,-1,-1,7,-1,-1,-1],"loss_changes":[3.4215432E3,2.9066577E2,2.3960205E2,0E0,0E0,1.4469101E1,0E0,0E0,0E0],"parents":[2147483647,0,0,1,1,2,2,5,5],"right_children":[2,4,6,-1,-1,8,-1,-1,-1],"split_conditions":[5.0203824E-1,2.0040584E-1,9.019587E-1,-2.6006296E0,-6.030196E-1,6.007961E-1,2.329014E0,1.5221405E-1,8.091121E-1],"split_indices":[0,0,0,0,0,0,0,0,0],"split_type":[0,0,0,0,0,0,0,0,0],"sum_hessian":[9E0,4E0,5E0,2E0,2E0,3E0,2E0,1E0,2E0],"tree_param":{"num_deleted":"0","num_feature":"2","num_nodes":"9","size_leaf_vector":"1"}},{"base_weights":[1.0574112E-1,-1.7940435E1,1.5126598E1,-2.4272544E0,-5.628183E-1,6.386801E0,2.1737463E0,1.4460336E-1,7.5517124E-1],"categories":[],"categories_nodes":[],"categories_segments":[],"categories_sizes":[],"default_left":[0,0,0,0,0,0,0,0,0],"id":9,"left_children":[1,3,5,-1,-1,7,-1,-1,-1],"loss_changes":[2.982068E3,2.5320227E2,2.0783289E2,0E0,0E0,1.2102188E1,0E0,0E0,0E0],"parents":[2147483647,0,0,1,1,2,2,5,5],"right_children":[2,4,6,-1,-1,8,-1,-1,-1],"split_conditions":[5.0203824E-1,2.0040584E-1,9.019587E-1,-2.4272544E0,-5.628183E-1,6.007961E-1,2.1737463E0,1.4460336E-1,7.5517124E-1],"split_indices":[0,0,0,0,0,0,0,0,0],"split_type":[0,0,0,0,0,0,0,0,0],"sum_hessian":[9E0,4E0,5E0,2E0,2E0,3E0,2E0,1E0,2E0],"tree_param":{"num_deleted":"0","num_feature":"2","num_nodes":"9","size_leaf_vector":"1"}},{"base_weights":[1.0351219E-1,-1.6744408E1,1.4126193E1,-2.2654376E0,-5.2529705E-1,5.9730644E0,2.02883E0,1.3737336E-1,7.0482635E-1],"categories":[],"categories_nodes":[],"categories_segments":[],"categories_sizes":[],"default_left":[0,0,0,0,0,0,0,0,0],"id":10,"left_children":[1,3,5,-1,-1,7,-1,-1,-1],"loss_changes":[2.5990645E3,2.205675E2,1.802594E2,0E0,0E0,1.0098358E1,0E0,0E0,0E0],"parents":[2147483647,0,0,1,1,2,2,5,5],"right_children":[2,4,6,-1,-1,8,-1,-1,-1],"split_conditions":[5.0203824E-1,2.0040584E-1,9.019587E-1,-2.2654376E0,-5.2529705E-1,6.007961E-1,2.02883E0,1.3737336E-1,7.0482635E-1],"split_indices":[0,0,0,0,0,0,0,0,0],"split_type":[0,0,0,0,0,0,0,0,0],"sum_hessian":[9E0,4E0,5E0,2E0,2E0,3E0,2E0,1E0,2E0],"tree_param":{"num_deleted":"0","num_feature":"2","num_nodes":"9","size_leaf_vector":"1"}},{"base_weights":[1.0119019E-1,-1.5628113E1,1.3192078E1,-2.1144083E0,-4.9027726E-1,5.5863075E0,1.8935746E0,1.3050461E-1,6.578379E-1],"categories":[],"categories_nodes":[],"categories_segments":[],"categories_sizes":[],"default_left":[0,0,0,0,0,0,0,0,0],"id":11,"left_children":[1,3,5,-1,-1,7,-1,-1,-1],"loss_changes":[2.2652727E3,1.9213867E2,1.5632922E2,0E0,0E0,8.404198E0,0E0,0E0,0E0],"parents":[2147483647,0,0,1,1,2,2,5,5],"right_children":[2,4,6,-1,-1,8,-1,-1,-1],"split_conditions":[5.0203824E-1,2.0040584E-1,9.019587E-1,-2.1144083E0,-4.9027726E-1,6.007961E-1,1.8935746E0,1.3050461E-1,6.578379E-1],"split_indices":[0,0,0,0,0,0,0,0,0],"split_type":[0,0,0,0,0,0,0,0,0],"sum_hessian":[9E0,4E0,5E0,2E0,2E0,3E0,2E0,1E0,2E0],"tree_param":{"num_deleted":"0","num_feature":"2","num_nodes":"9","size_leaf_vector":"1"}},{"base_weights":[9.879341E-2,-1.4586239E1,1.2319855E1,-1.7525071E0,-1.4154588E-1,5.224762E0,1.7673361E0,1.2397919E-1,6.1398214E-1],"categories":[],"categories_nodes":[],"categories_segments":[],"categories_sizes":[],"default_left":[0,0,0,0,0,0,0,0,0],"id":12,"left_children":[1,3,5,-1,-1,7,-1,-1,-1],"loss_changes":[1.974367E3,1.6872754E2,1.3556256E2,0E0,0E0,6.973839E0,0E0,0E0,0E0],"parents":[2147483647,0,0,1,1,2,2,5,5],"right_children":[2,4,6,-1,-1,8,-1,-1,-1],"split_conditions":[5.0203824E-1,4.0204233E-1,9.019587E-1,-1.7525071E0,-1.4154588E-1,6.007961E-1,1.7673361E0,1.2397919E-1,6.1398214E-1],"split_indices":[0,0,0,0,0,0,0,0,0],"split_type":[0,0,0,0,0,0,0,0,0],"sum_hessian":[9E0,4E0,5E0,3E0,1E0,3E0,2E0,1E0,2E0],"tree_param":{"num_deleted":"0","num_feature":"2","num_nodes":"9","size_leaf_vector":"1"}},{"base_weights":[1.5003891E-1,-1.3506426E1,1.150542E1,-1.8566141E0,-3.9445686E-1,4.886776E0,1.6495138E0,1.17780305E-1,5.7304996E-1],"categories":[],"categories_nodes":[],"categories_segments":[],"categories_sizes":[],"default_left":[0,0,0,0,0,0,0,0,0],"id":13,"left_children":[1,3,5,-1,-1,7,-1,-1,-1],"loss_changes":[1.7061406E3,1.686659E2,1.1754303E2,0E0,0E0,5.76799E0,0E0,0E0,0E0],"parents":[2147483647,0,0,1,1,2,2,5,5],"right_children":[2,4,6,-1,-1,8,-1,-1,-1],"split_conditions":[5.0203824E-1,2.0040584E-1,9.019587E-1,-1.8566141E0,-3.9445686E-1,6.007961E-1,1.6495138E0,1.17780305E-1,5.7304996E-1],"split_indices":[0,0,0,0,0,0,0,0,0],"split_type":[0,0,0,0,0,0,0,0,0],"sum_hessian":[9E0,4E0,5E0,2E0,2E0,3E0,2E0,1E0,2E0],"tree_param":{"num_deleted":"0","num_feature":"2","num_nodes":"9","size_leaf_vector":"1"}},{"base_weights":[1.4396134E-1,-1.2605998E1,1.0744934E1,-1.7328398E0,-3.6815987E0,4.5708046E0,1.5395463E0,-4.374941E-1,-1.14745714E-1,1.1189117E-1,5.348465E-1],"categories":[],"categories_nodes":[],"categories_segments":[],"categories_sizes":[],"default_left":[0,0,0,0,0,0,0,0,0,0,0],"id":14,"left_children":[1,3,5,-1,7,9,-1,-1,-1,-1,-1],"loss_changes":[1.4870703E3,1.469267E2,1.0190814E2,0E0,2.5102615E-1,4.753151E0,0E0,0E0,0E0,0E0,0E0],"parents":[2147483647,0,0,1,1,2,2,4,4,5,5],"right_children":[2,4,6,-1,8,10,-1,-1,-1,-1,-1],"split_conditions":[5.0203824E-1,2.0040584E-1,9.019587E-1,-1.7328398E0,4.0204233E-1,6.007961E-1,1.5395463E0,-4.374941E-1,-1.14745714E-1,1.1189117E-1,5.348465E-1],"split_indices":[0,0,0,0,0,0,0,0,0,0,0],"split_type":[0,0,0,0,0,0,0,0,0,0,0],"sum_hessian":[9E0,4E0,5E0,2E0,2E0,3E0,2E0,1E0,1E0,1E0,2E0],"tree_param":{"num_deleted":"0","num_feature":"2","num_nodes":"11","size_leaf_vector":"1"}},{"base_weights":[1.1968689E-1,-1.1802414E1,1.0034823E1,-1.9204878E0,-5.1505785E0,4.2754097E0,1.43691E0,-6.1407155E-1,-1.0900841E-1,1.0629654E-1,4.991903E-1],"categories":[],"categories_nodes":[],"categories_segments":[],"categories_sizes":[],"default_left":[0,0,0,0,0,0,0,0,0,0,0],"id":15,"left_children":[1,3,5,-1,7,9,-1,-1,-1,-1,-1],"loss_changes":[1.3005276E3,1.4728363E2,8.834357E1,0E0,9.387878E0,3.9005508E0,0E0,0E0,0E0,0E0,0E0],"parents":[2147483647,0,0,1,1,2,2,4,4,5,5],"right_children":[2,4,6,-1,8,10,-1,-1,-1,-1,-1],"split_conditions":[5.0203824E-1,9.979093E-2,9.019587E-1,-1.9204878E0,4.0204233E-1,6.007961E-1,1.43691E0,-6.1407155E-1,-1.0900841E-1,1.0629654E-1,4.991903E-1],"split_indices":[0,0,0,0,0,0,0,0,0,0,0],"split_type":[0,0,0,0,0,0,0,0,0,0,0],"sum_hessian":[9E0,4E0,5E0,1E0,3E0,3E0,2E0,2E0,1E0,1E0,2E0],"tree_param":{"num_deleted":"0","num_feature":"2","num_nodes":"11","size_leaf_vector":"1"}},{"base_weights":[4.7600556E-2,-1.1150887E1,9.371739E0,-1.8244635E0,-4.816291E0,3.9992409E0,1.3411158E0,-5.7313347E-1,-1.0355797E-1,1.00981906E-1,4.6591088E-1],"categories":[],"categories_nodes":[],"categories_segments":[],"categories_sizes":[],"default_left":[0,0,0,0,0,0,0,0,0,0,0],"id":16,"left_children":[1,3,5,-1,7,9,-1,-1,-1,-1,-1],"loss_changes":[1.1486658E3,1.3680865E2,7.657617E1,0E0,7.902817E0,3.1856346E0,0E0,0E0,0E0,0E0,0E0],"parents":[2147483647,0,0,1,1,2,2,4,4,5,5],"right_children":[2,4,6,-1,8,10,-1,-1,-1,-1,-1],"split_conditions":[5.0203824E-1,9.979093E-2,9.019587E-1,-1.8244635E0,4.0204233E-1,6.007961E-1,1.3411158E0,-5.7313347E-1,-1.0355797E-1,1.00981906E-1,4.6591088E-1],"split_indices":[0,0,0,0,0,0,0,0,0,0,0],"split_type":[0,0,0,0,0,0,0,0,0,0,0],"sum_hessian":[9E0,4E0,5E0,1E0,3E0,3E0,2E0,2E0,1E0,1E0,2E0],"tree_param":{"num_deleted":"0","num_feature":"2","num_nodes":"11","size_leaf_vector":"1"}},{"base_weights":[-1.6474534E-2,-1.0536028E1,8.752566E0,-1.7332404E0,-4.503834E0,2.4667358E-1,1.1278797E0,-5.3492457E-1,-9.83799E-2],"categories":[],"categories_nodes":[],"categories_segments":[],"categories_sizes":[],"default_left":[0,0,0,0,0,0,0,0,0],"id":17,"left_children":[1,3,5,-1,7,-1,-1,-1,-1],"loss_changes":[1.0146813E3,1.26923035E2,6.7454926E1,0E0,6.640938E0,0E0,0E0,0E0,0E0],"parents":[2147483647,0,0,1,1,2,2,4,4],"right_children":[2,4,6,-1,8,-1,-1,-1,-1],"split_conditions":[5.0203824E-1,9.979093E-2,7.007641E-1,-1.7332404E0,4.0204233E-1,2.4667358E-1,1.1278797E0,-5.3492457E-1,-9.83799E-2],"split_indices":[0,0,0,0,0,0,0,0,0],"split_type":[0,0,0,0,0,0,0,0,0],"sum_hessian":[9E0,4E0,5E0,1E0,3E0,2E0,3E0,2E0,1E0],"tree_param":{"num_deleted":"0","num_feature":"2","num_nodes":"9","size_leaf_vector":"1"}},{"base_weights":[-1.14025116E-1,-9.955734E0,8.106403E0,-1.6465782E0,-4.2117767E0,3.3357334E0,1.1765163E0,-4.9926302E-1,-9.346085E-2,8.359909E-2,3.8903174E-1],"categories":[],"categories_nodes":[],"categories_segments":[],"categories_sizes":[],"default_left":[0,0,0,0,0,0,0,0,0,0,0],"id":18,"left_children":[1,3,5,-1,7,9,-1,-1,-1,-1,-1],"loss_changes":[8.8973584E2,1.17617004E2,6.548294E1,0E0,5.5697937E0,2.2929993E0,0E0,0E0,0E0,0E0,0E0],"parents":[2147483647,0,0,1,1,2,2,4,4,5,5],"right_children":[2,4,6,-1,8,10,-1,-1,-1,-1,-1],"split_conditions":[5.0203824E-1,9.979093E-2,9.019587E-1,-1.6465782E0,4.0204233E-1,6.007961E-1,1.1765163E0,-4.9926302E-1,-9.346085E-2,8.359909E-2,3.8903174E-1],"split_indices":[0,0,0,0,0,0,0,0,0,0,0],"split_type":[0,0,0,0,0,0,0,0,0,0,0],"sum_hessian":[9E0,4E0,5E0,1E0,3E0,3E0,2E0,2E0,1E0,1E0,2E0],"tree_param":{"num_deleted":"0","num_feature":"2","num_nodes":"11","size_leaf_vector":"1"}},{"base_weights":[-1.616377E-1,-9.408021E0,7.5706215E0,-1.5642494E0,-3.9387798E0,3.1203175E0,1.098082E0,-4.6597877E-1,-8.8787846E-2,7.941895E-2,3.6309636E-1],"categories":[],"categories_nodes":[],"categories_segments":[],"categories_sizes":[],"default_left":[0,0,0,0,0,0,0,0,0,0,0],"id":19,"left_children":[1,3,5,-1,7,9,-1,-1,-1,-1,-1],"loss_changes":[7.861789E2,1.0887686E2,5.679486E1,0E0,4.6615677E0,1.8676453E0,0E0,0E0,0E0,0E0,0E0],"parents":[2147483647,0,0,1,1,2,2,4,4,5,5],"right_children":[2,4,6,-1,8,10,-1,-1,-1,-1,-1],"split_conditions":[5.0203824E-1,9.979093E-2,9.019587E-1,-1.5642494E0,4.0204233E-1,6.007961E-1,1.098082E0,-4.6597877E-1,-8.8787846E-2,7.941895E-2,3.6309636E-1],"split_indices":[0,0,0,0,0,0,0,0,0,0,0],"split_type":[0,0,0,0,0,0,0,0,0,0,0],"sum_hessian":[9E0,4E0,5E0,1E0,3E0,3E0,2E0,2E0,1E0,1E0,2E0],"tree_param":{"num_deleted":"0","num_feature":"2","num_nodes":"11","size_leaf_vector":"1"}},{"base_weights":[-2.0331612E-1,-8.891021E0,7.070324E0,-1.4860369E0,-3.6835918E0,2.918913E0,1.0248765E0,-4.349134E-1,-8.43483E-2,7.544785E-2,3.388898E-1],"categories":[],"categories_nodes":[],"categories_segments":[],"categories_sizes":[],"default_left":[0,0,0,0,0,0,0,0,0,0,0],"id":20,"left_children":[1,3,5,-1,7,9,-1,-1,-1,-1,-1],"loss_changes":[6.947748E2,1.0068521E2,4.925479E1,0E0,3.8924255E0,1.5121574E0,0E0,0E0,0E0,0E0,0E0],"parents":[2147483647,0,0,1,1,2,2,4,4,5,5],"right_children":[2,4,6,-1,8,10,-1,-1,-1,-1,-1],"split_conditions":[5.0203824E-1,9.979093E-2,9.019587E-1,-1.4860369E0,4.0204233E-1,6.007961E-1,1.0248765E0,-4.349134E-1,-8.43483E-2,7.544785E-2,3.388898E-1],"split_indices":[0,0,0,0,0,0,0,0,0,0,0],"split_type":[0,0,0,0,0,0,0,0,0,0,0],"sum_hessian":[9E0,4E0,5E0,1E0,3E0,3E0,2E0,2E0,1E0,1E0,2E0],"tree_param":{"num_deleted":"0","num_feature":"2","num_nodes":"11","size_leaf_vector":"1"}},{"base_weights":[-2.3959331E-1,-1.0103069E1,5.430906E0,-1.411735E0,-4.0591913E-1,9.936886E-1,8.510397E-1,-8.013077E-2,1.8591233E-1],"categories":[],"categories_nodes":[],"categories_segments":[],"categories_sizes":[],"default_left":[0,0,0,0,0,0,0,0,0],"id":21,"left_children":[1,3,5,-1,-1,7,-1,-1,-1],"loss_changes":[6.141771E2,3.974228E1,8.7193924E1,0E0,0E0,7.703538E0,0E0,0E0,0E0],"parents":[2147483647,0,0,1,1,2,2,5,5],"right_children":[2,4,6,-1,-1,8,-1,-1,-1],"split_conditions":[4.0204233E-1,9.979093E-2,7.007641E-1,-1.411735E0,-4.0591913E-1,5.0203824E-1,8.510397E-1,-8.013077E-2,1.8591233E-1],"split_indices":[0,0,0,0,0,0,0,0,0],"split_type":[0,0,0,0,0,0,0,0,0],"sum_hessian":[9E0,3E0,6E0,1E0,2E0,3E0,3E0,1E0,2E0],"tree_param":{"num_deleted":"0","num_feature":"2","num_nodes":"9","size_leaf_vector":"1"}},{"base_weights":[-3.0171642E-1,-9.547176E0,5.0245056E0,-1.3411483E0,-3.7885794E-1,1.6354157E0,8.998154E-1,-7.612419E-2,2.4248905E0,6.2379837E-2,2.8173217E-1],"categories":[],"categories_nodes":[],"categories_segments":[],"categories_sizes":[],"default_left":[0,0,0,0,0,0,0,0,0,0,0],"id":22,"left_children":[1,3,5,-1,-1,7,-1,-1,9,-1,-1],"loss_changes":[5.404035E2,3.8201477E1,7.955362E1,0E0,0E0,1.1306434E1,0E0,0E0,1.0697765E0,0E0,0E0],"parents":[2147483647,0,0,1,1,2,2,5,5,8,8],"right_children":[2,4,6,-1,-1,8,-1,-1,10,-1,-1],"split_conditions":[4.0204233E-1,9.979093E-2,9.019587E-1,-1.3411483E0,-3.7885794E-1,5.0203824E-1,8.998154E-1,-7.612419E-2,6.007961E-1,6.2379837E-2,2.8173217E-1],"split_indices":[0,0,0,0,0,0,0,0,0,0,0],"split_type":[0,0,0,0,0,0,0,0,0,0,0],"sum_hessian":[9E0,3E0,6E0,1E0,2E0,4E0,2E0,1E0,3E0,1E0,2E0],"tree_param":{"num_deleted":"0","num_feature":"2","num_nodes":"11","size_leaf_vector":"1"}},{"base_weights":[-3.2676524E-1,-9.022461E0,4.6888843E0,-1.2740909E0,-3.5360083E-1,1.525473E0,8.398275E-1,-7.231789E-2,2.2684307E0,5.9260942E-2,2.6295015E-1],"categories":[],"categories_nodes":[],"categories_segments":[],"categories_sizes":[],"default_left":[0,0,0,0,0,0,0,0,0,0,0],"id":23,"left_children":[1,3,5,-1,-1,7,-1,-1,9,-1,-1],"loss_changes":[4.7845087E2,3.65524E1,6.9328964E1,0E0,0E0,9.993746E0,0E0,0E0,8.62093E-1,0E0,0E0],"parents":[2147483647,0,0,1,1,2,2,5,5,8,8],"right_children":[2,4,6,-1,-1,8,-1,-1,10,-1,-1],"split_conditions":[4.0204233E-1,9.979093E-2,9.019587E-1,-1.2740909E0,-3.5360083E-1,5.0203824E-1,8.398275E-1,-7.231789E-2,6.007961E-1,5.9260942E-2,2.6295015E-1],"split_indices":[0,0,0,0,0,0,0,0,0,0,0],"split_type":[0,0,0,0,0,0,0,0,0,0,0],"sum_hessian":[9E0,3E0,6E0,1E0,2E0,4E0,2E0,1E0,3E0,1E0,2E0],"tree_param":{"num_deleted":"0","num_feature":"2","num_nodes":"11","size_leaf_vector":"1"}},{"base_weights":[-3.4788513E-1,-8.527138E0,4.3756714E0,-1.2103863E0,-3.3002752E-1,1.4229065E0,7.838389E-1,-6.870194E-2,2.1221428E0,5.6298066E-2,2.4542034E-1],"categories":[],"categories_nodes":[],"categories_segments":[],"categories_sizes":[],"default_left":[0,0,0,0,0,0,0,0,0,0,0],"id":24,"left_children":[1,3,5,-1,-1,7,-1,-1,9,-1,-1],"loss_changes":[4.236636E2,3.4834106E1,6.0418854E1,0E0,0E0,8.834636E0,0E0,0E0,6.8927574E-1,0E0,0E0],"parents":[2147483647,0,0,1,1,2,2,5,5,8,8],"right_children":[2,4,6,-1,-1,8,-1,-1,10,-1,-1],"split_conditions":[4.0204233E-1,9.979093E-2,9.019587E-1,-1.2103863E0,-3.3002752E-1,5.0203824E-1,7.838389E-1,-6.870194E-2,6.007961E-1,5.6298066E-2,2.4542034E-1],"split_indices":[0,0,0,0,0,0,0,0,0,0,0],"split_type":[0,0,0,0,0,0,0,0,0,0,0],"sum_hessian":[9E0,3E0,6E0,1E0,2E0,4E0,2E0,1E0,3E0,1E0,2E0],"tree_param":{"num_deleted":"0","num_feature":"2","num_nodes":"11","size_leaf_vector":"1"}},{"base_weights":[-3.65452E-1,-8.059526E0,4.0833697E0,-1.1498669E0,-3.0802563E-1,1.3272187E0,7.315832E-1,-6.52668E-2,1.9853573E0,5.34832E-2,2.2905885E-1],"categories":[],"categories_nodes":[],"categories_segments":[],"categories_sizes":[],"default_left":[0,0,0,0,0,0,0,0,0,0,0],"id":25,"left_children":[1,3,5,-1,-1,7,-1,-1,9,-1,-1],"loss_changes":[3.752057E2,3.3078857E1,5.265435E1,0E0,0E0,7.810978E0,0E0,0E0,5.459032E-1,0E0,0E0],"parents":[2147483647,0,0,1,1,2,2,5,5,8,8],"right_children":[2,4,6,-1,-1,8,-1,-1,10,-1,-1],"split_conditions":[4.0204233E-1,9.979093E-2,9.019587E-1,-1.1498669E0,-3.0802563E-1,5.0203824E-1,7.315832E-1,-6.52668E-2,6.007961E-1,5.34832E-2,2.2905885E-1],"split_indices":[0,0,0,0,0,0,0,0,0,0,0],"split_type":[0,0,0,0,0,0,0,0,0,0,0],"sum_hessian":[9E0,3E0,6E0,1E0,2E0,4E0,2E0,1E0,3E0,1E0,2E0],"tree_param":{"num_deleted":"0","num_feature":"2","num_nodes":"11","size_leaf_vector":"1"}},{"base_weights":[-3.798111E-1,-7.6180477E0,3.8105829E0,-1.0923737E0,-2.8749058E-1,1.2379532E0,6.828105E-1,-6.2003326E-2,1.8574581E0,5.0809097E-2,2.1378835E-1],"categories":[],"categories_nodes":[],"categories_segments":[],"categories_sizes":[],"default_left":[0,0,0,0,0,0,0,0,0,0,0],"id":26,"left_children":[1,3,5,-1,-1,7,-1,-1,9,-1,-1],"loss_changes":[3.3233984E2,3.1312683E1,4.5887886E1,0E0,0E0,6.906845E0,0E0,0E0,4.2734814E-1,0E0,0E0],"parents":[2147483647,0,0,1,1,2,2,5,5,8,8],"right_children":[2,4,6,-1,-1,8,-1,-1,10,-1,-1],"split_conditions":[4.0204233E-1,9.979093E-2,9.019587E-1,-1.0923737E0,-2.8749058E-1,5.0203824E-1,6.828105E-1,-6.2003326E-2,6.007961E-1,5.0809097E-2,2.1378835E-1],"split_indices":[0,0,0,0,0,0,0,0,0,0,0],"split_type":[0,0,0,0,0,0,0,0,0,0,0],"sum_hessian":[9E0,3E0,6E0,1E0,2E0,4E0,2E0,1E0,3E0,1E0,2E0],"tree_param":{"num_deleted":"0","num_feature":"2","num_nodes":"11","size_leaf_vector":"1"}},{"base_weights":[-3.912777E-1,-7.201209E0,3.5560086E0,-1.037755E0,-2.6832455E-1,1.1546752E0,6.3728946E-1,-5.8903124E-2,1.7378597E0,4.826851E-2,1.9953562E-1],"categories":[],"categories_nodes":[],"categories_segments":[],"categories_sizes":[],"default_left":[0,0,0,0,0,0,0,0,0,0,0],"id":27,"left_children":[1,3,5,-1,-1,7,-1,-1,9,-1,-1],"loss_changes":[2.9441504E2,2.955687E1,3.999135E1,0E0,0E0,6.1081657E0,0E0,0E0,3.2968426E-1,0E0,0E0],"parents":[2147483647,0,0,1,1,2,2,5,5,8,8],"right_children":[2,4,6,-1,-1,8,-1,-1,10,-1,-1],"split_conditions":[4.0204233E-1,9.979093E-2,9.019587E-1,-1.037755E0,-2.6832455E-1,5.0203824E-1,6.3728946E-1,-5.8903124E-2,6.007961E-1,4.826851E-2,1.9953562E-1],"split_indices":[0,0,0,0,0,0,0,0,0,0,0],"split_type":[0,0,0,0,0,0,0,0,0,0,0],"sum_hessian":[9E0,3E0,6E0,1E0,2E0,4E0,2E0,1E0,3E0,1E0,2E0],"tree_param":{"num_deleted":"0","num_feature":"2","num_nodes":"11","size_leaf_vector":"1"}},{"base_weights":[-4.0013808E-1,-6.8076077E0,3.3184357E0,-9.858673E-1,-2.5043616E-1,1.0769867E0,5.9480387E-1,-5.5957794E-2,1.6260223E0,4.5854952E-2,1.8623301E-1],"categories":[],"categories_nodes":[],"categories_segments":[],"categories_sizes":[],"default_left":[0,0,0,0,0,0,0,0,0,0,0],"id":28,"left_children":[1,3,5,-1,-1,7,-1,-1,9,-1,-1],"loss_changes":[2.608571E2,2.7828262E1,3.4852882E1,0E0,0E0,5.4025474E0,0E0,0E0,2.4956131E-1,0E0,0E0],"parents":[2147483647,0,0,1,1,2,2,5,5,8,8],"right_children":[2,4,6,-1,-1,8,-1,-1,10,-1,-1],"split_conditions":[4.0204233E-1,9.979093E-2,9.019587E-1,-9.858673E-1,-2.5043616E-1,5.0203824E-1,5.9480387E-1,-5.5957794E-2,6.007961E-1,4.5854952E-2,1.8623301E-1],"split_indices":[0,0,0,0,0,0,0,0,0,0,0],"split_type":[0,0,0,0,0,0,0,0,0,0,0],"sum_hessian":[9E0,3E0,6E0,1E0,2E0,4E0,2E0,1E0,3E0,1E0,2E0],"tree_param":{"num_deleted":"0","num_feature":"2","num_nodes":"11","size_leaf_vector":"1"}},{"base_weights":[-4.066616E-1,-6.4359236E0,3.0967255E0,-9.36574E-1,-2.337405E-1,1.3916372E0,6.6636276E-1,-5.3160097E-2,1.882605E0,4.356232E-2,2.1354447E-1],"categories":[],"categories_nodes":[],"categories_segments":[],"categories_sizes":[],"default_left":[0,0,0,0,0,0,0,0,0,0,0],"id":29,"left_children":[1,3,5,-1,-1,7,-1,-1,9,-1,-1],"loss_changes":[2.3115868E2,2.614009E1,3.3299835E1,0E0,0E0,6.6662836E0,0E0,0E0,8.9902306E-1,0E0,0E0],"parents":[2147483647,0,0,1,1,2,2,5,5,8,8],"right_children":[2,4,6,-1,-1,8,-1,-1,10,-1,-1],"split_conditions":[4.0204233E-1,9.979093E-2,1E0,-9.36574E-1,-2.337405E-1,5.0203824E-1,6.6636276E-1,-5.3160097E-2,6.007961E-1,4.356232E-2,2.1354447E-1],"split_indices":[0,0,0,0,0,0,0,0,0,0,0],"split_type":[0,0,0,0,0,0,0,0,0,0,0],"sum_hessian":[9E0,3E0,6E0,1E0,2E0,5E0,1E0,1E0,4E0,1E0,3E0],"tree_param":{"num_deleted":"0","num_feature":"2","num_nodes":"11","size_leaf_vector":"1"}},{"base_weights":[-3.9599687E-1,-6.0849094E0,2.9113812E0,-8.8974535E-1,-2.181577E-1,1.2864634E0,6.330444E-1,-5.0502013E-2,1.7457641E0,4.1384127E-2,1.9752847E-1],"categories":[],"categories_nodes":[],"categories_segments":[],"categories_sizes":[],"default_left":[0,0,0,0,0,0,0,0,0,0,0],"id":30,"left_children":[1,3,5,-1,-1,7,-1,-1,9,-1,-1],"loss_changes":[2.0586934E2,2.4502686E1,3.0745995E1,0E0,0E0,5.8186245E0,0E0,0E0,7.110634E-1,0E0,0E0],"parents":[2147483647,0,0,1,1,2,2,5,5,8,8],"right_children":[2,4,6,-1,-1,8,-1,-1,10,-1,-1],"split_conditions":[4.0204233E-1,9.979093E-2,1E0,-8.8974535E-1,-2.181577E-1,5.0203824E-1,6.330444E-1,-5.0502013E-2,6.007961E-1,4.1384127E-2,1.9752847E-1],"split_indices":[0,0,0,0,0,0,0,0,0,0,0],"split_type":[0,0,0,0,0,0,0,0,0,0,0],"sum_hessian":[9E0,3E0,6E0,1E0,2E0,5E0,1E0,1E0,4E0,1E0,3E0],"tree_param":{"num_deleted":"0","num_feature":"2","num_nodes":"11","size_leaf_vector":"1"}},{"base_weights":[-3.8504046E-1,-5.7533937E0,2.7375958E0,-8.4525806E-1,-2.0361379E-1,1.1892204E0,6.013924E-1,-4.7977068E-2,1.6189728E0,3.9315034E-2,1.8271409E-1],"categories":[],"categories_nodes":[],"categories_segments":[],"categories_sizes":[],"default_left":[0,0,0,0,0,0,0,0,0,0,0],"id":31,"left_children":[1,3,5,-1,-1,7,-1,-1,9,-1,-1],"loss_changes":[1.8338461E2,2.2923645E1,2.835902E1,0E0,0E0,5.0802536E0,0E0,0E0,5.5754375E-1,0E0,0E0],"parents":[2147483647,0,0,1,1,2,2,5,5,8,8],"right_children":[2,4,6,-1,-1,8,-1,-1,10,-1,-1],"split_conditions":[4.0204233E-1,9.979093E-2,1E0,-8.4525806E-1,-2.0361379E-1,5.0203824E-1,6.013924E-1,-4.7977068E-2,6.007961E-1,3.9315034E-2,1.8271409E-1],"split_indices":[0,0,0,0,0,0,0,0,0,0,0],"split_type":[0,0,0,0,0,0,0,0,0,0,0],"sum_hessian":[9E0,3E0,6E0,1E0,2E0,5E0,1E0,1E0,4E0,1E0,3E0],"tree_param":{"num_deleted":"0","num_feature":"2","num_nodes":"11","size_leaf_vector":"1"}},{"base_weights":[-3.738796E-1,-5.4402723E0,2.5746133E0,-8.0299515E-1,-1.9003958E-1,1.0993067E0,5.713226E-1,-4.5578387E-2,1.5014817E0,3.734932E-2,1.6901055E-1],"categories":[],"categories_nodes":[],"categories_segments":[],"categories_sizes":[],"default_left":[0,0,0,0,0,0,0,0,0,0,0],"id":32,"left_children":[1,3,5,-1,-1,7,-1,-1,9,-1,-1],"loss_changes":[1.6338882E2,2.14085E1,2.6132328E1,0E0,0E0,4.4368606E0,0E0,0E0,4.3258476E-1,0E0,0E0],"parents":[2147483647,0,0,1,1,2,2,5,5,8,8],"right_children":[2,4,6,-1,-1,8,-1,-1,10,-1,-1],"split_conditions":[4.0204233E-1,9.979093E-2,1E0,-8.0299515E-1,-1.9003958E-1,5.0203824E-1,5.713226E-1,-4.5578387E-2,6.007961E-1,3.734932E-2,1.6901055E-1],"split_indices":[0,0,0,0,0,0,0,0,0,0,0],"split_type":[0,0,0,0,0,0,0,0,0,0,0],"sum_hessian":[9E0,3E0,6E0,1E0,2E0,5E0,1E0,1E0,4E0,1E0,3E0],"tree_param":{"num_deleted":"0","num_feature":"2","num_nodes":"11","size_leaf_vector":"1"}},{"base_weights":[-3.625844E-1,-5.1445036E0,2.4217389E0,-7.628454E-1,-1.7737027E-1,1.016173E0,5.427567E-1,-4.3299485E-2,1.3926055E0,3.5482027E-2,1.5633468E-1],"categories":[],"categories_nodes":[],"categories_segments":[],"categories_sizes":[],"default_left":[0,0,0,0,0,0,0,0,0,0,0],"id":33,"left_children":[1,3,5,-1,-1,7,-1,-1,9,-1,-1],"loss_changes":[1.4560272E2,1.9960999E1,2.4058872E1,0E0,0E0,3.8760753E0,0E0,0E0,3.3125687E-1,0E0,0E0],"parents":[2147483647,0,0,1,1,2,2,5,5,8,8],"right_children":[2,4,6,-1,-1,8,-1,-1,10,-1,-1],"split_conditions":[4.0204233E-1,9.979093E-2,1E0,-7.628454E-1,-1.7737027E-1,5.0203824E-1,5.427567E-1,-4.3299485E-2,6.007961E-1,3.5482027E-2,1.5633468E-1],"split_indices":[0,0,0,0,0,0,0,0,0,0,0],"split_type":[0,0,0,0,0,0,0,0,0,0,0],"sum_hessian":[9E0,3E0,6E0,1E0,2E0,5E0,1E0,1E0,4E0,1E0,3E0],"tree_param":{"num_deleted":"0","num_feature":"2","num_nodes":"11","size_leaf_vector":"1"}},{"base_weights":[-3.512209E-1,-5.958643E0,1.795465E0,-7.2470313E-1,-1.6909333E-1,5.787631E-1,5.156189E-1,-8.023974E-2,1.2917068E0,3.370781E-2,1.4460945E-1],"categories":[],"categories_nodes":[],"categories_segments":[],"categories_sizes":[],"default_left":[0,0,0,0,0,0,0,0,0,0,0],"id":34,"left_children":[1,3,5,-1,-1,7,-1,-1,9,-1,-1],"loss_changes":[1.3107227E2,4.241165E0,2.9727781E1,0E0,0E0,7.92929E0,0E0,0E0,2.4946785E-1,0E0,0E0],"parents":[2147483647,0,0,1,1,2,2,5,5,8,8],"right_children":[2,4,6,-1,-1,8,-1,-1,10,-1,-1],"split_conditions":[2.0040584E-1,9.979093E-2,1E0,-7.2470313E-1,-1.6909333E-1,5.0203824E-1,5.156189E-1,-8.023974E-2,6.007961E-1,3.370781E-2,1.4460945E-1],"split_indices":[0,0,0,0,0,0,0,0,0,0,0],"split_type":[0,0,0,0,0,0,0,0,0,0,0],"sum_hessian":[9E0,2E0,7E0,1E0,1E0,6E0,1E0,2E0,4E0,1E0,3E0],"tree_param":{"num_deleted":"0","num_feature":"2","num_nodes":"11","size_leaf_vector":"1"}},{"base_weights":[-3.4410897E-1,-5.660711E0,1.6926303E0,-6.88468E-1,-1.6063862E-1,5.3489846E-1,4.8983765E-1,-7.489052E-2,1.198201E0,3.2022476E-2,1.337639E-1],"categories":[],"categories_nodes":[],"categories_segments":[],"categories_sizes":[],"default_left":[0,0,0,0,0,0,0,0,0,0,0],"id":35,"left_children":[1,3,5,-1,-1,7,-1,-1,9,-1,-1],"loss_changes":[1.1786679E2,3.827652E0,2.7071022E1,0E0,0E0,6.85819E0,0E0,0E0,1.8377066E-1,0E0,0E0],"parents":[2147483647,0,0,1,1,2,2,5,5,8,8],"right_children":[2,4,6,-1,-1,8,-1,-1,10,-1,-1],"split_conditions":[2.0040584E-1,9.979093E-2,1E0,-6.88468E-1,-1.6063862E-1,5.0203824E-1,4.8983765E-1,-7.489052E-2,6.007961E-1,3.2022476E-2,1.337639E-1],"split_indices":[0,0,0,0,0,0,0,0,0,0,0],"split_type":[0,0,0,0,0,0,0,0,0,0,0],"sum_hessian":[9E0,2E0,7E0,1E0,1E0,6E0,1E0,2E0,4E0,1E0,3E0],"tree_param":{"num_deleted":"0","num_feature":"2","num_nodes":"11","size_leaf_vector":"1"}},{"base_weights":[-3.3653516E-1,-5.377675E0,1.5959592E0,-6.5404457E-1,-1.5260668E-1,4.9439403E-1,4.6534577E-1,-6.9897845E-2,1.1115386E0,3.0421449E-2,1.2373161E-1],"categories":[],"categories_nodes":[],"categories_segments":[],"categories_sizes":[],"default_left":[0,0,0,0,0,0,0,0,0,0,0],"id":36,"left_children":[1,3,5,-1,-1,7,-1,-1,9,-1,-1],"loss_changes":[1.060023E2,3.4544525E0,2.4643631E1,0E0,0E0,5.9323254E0,0E0,0E0,1.3130665E-1,0E0,0E0],"parents":[2147483647,0,0,1,1,2,2,5,5,8,8],"right_children":[2,4,6,-1,-1,8,-1,-1,10,-1,-1],"split_conditions":[2.0040584E-1,9.979093E-2,1E0,-6.5404457E-1,-1.5260668E-1,5.0203824E-1,4.6534577E-1,-6.9897845E-2,6.007961E-1,3.0421449E-2,1.2373161E-1],"split_indices":[0,0,0,0,0,0,0,0,0,0,0],"split_type":[0,0,0,0,0,0,0,0,0,0,0],"sum_hessian":[9E0,2E0,7E0,1E0,1E0,6E0,1E0,2E0,4E0,1E0,3E0],"tree_param":{"num_deleted":"0","num_feature":"2","num_nodes":"11","size_leaf_vector":"1"}},{"base_weights":[-3.2858697E-1,-5.1087914E0,1.505063E0,-6.2134236E-1,-1.4497633E-1,4.5699093E-1,4.420784E-1,-6.523793E-2,1.031215E0,2.8900528E-2,1.144516E-1],"categories":[],"categories_nodes":[],"categories_segments":[],"categories_sizes":[],"default_left":[0,0,0,0,0,0,0,0,0,0,0],"id":37,"left_children":[1,3,5,-1,-1,7,-1,-1,9,-1,-1],"loss_changes":[9.534127E1,3.117653E0,2.2426826E1,0E0,0E0,5.1319323E0,0E0,0E0,8.96945E-2,0E0,0E0],"parents":[2147483647,0,0,1,1,2,2,5,5,8,8],"right_children":[2,4,6,-1,-1,8,-1,-1,10,-1,-1],"split_conditions":[2.0040584E-1,9.979093E-2,1E0,-6.2134236E-1,-1.4497633E-1,5.0203824E-1,4.420784E-1,-6.523793E-2,6.007961E-1,2.8900528E-2,1.144516E-1],"split_indices":[0,0,0,0,0,0,0,0,0,0,0],"split_type":[0,0,0,0,0,0,0,0,0,0,0],"sum_hessian":[9E0,2E0,7E0,1E0,1E0,6E0,1E0,2E0,4E0,1E0,3E0],"tree_param":{"num_deleted":"0","num_feature":"2","num_nodes":"11","size_leaf_vector":"1"}},{"base_weights":[-3.2034045E-1,-4.853352E0,1.4195814E0,-5.902752E-1,-1.3772754E-1,4.2245156E-1,4.1997454E-1,-6.0888674E-2,9.567642E-1,2.7455522E-2,1.05867766E-1],"categories":[],"categories_nodes":[],"categories_segments":[],"categories_sizes":[],"default_left":[0,0,0,0,0,0,0,0,0,0,0],"id":38,"left_children":[1,3,5,-1,-1,7,-1,-1,9,-1,-1],"loss_changes":[8.576059E1,2.813675E0,2.0403284E1,0E0,0E0,4.4399614E0,0E0,0E0,5.6965828E-2,0E0,0E0],"parents":[2147483647,0,0,1,1,2,2,5,5,8,8],"right_children":[2,4,6,-1,-1,8,-1,-1,10,-1,-1],"split_conditions":[2.0040584E-1,9.979093E-2,1E0,-5.902752E-1,-1.3772754E-1,5.0203824E-1,4.1997454E-1,-6.0888674E-2,6.007961E-1,2.7455522E-2,1.05867766E-1],"split_indices":[0,0,0,0,0,0,0,0,0,0,0],"split_type":[0,0,0,0,0,0,0,0,0,0,0],"sum_hessian":[9E0,2E0,7E0,1E0,1E0,6E0,1E0,2E0,4E0,1E0,3E0],"tree_param":{"num_deleted":"0","num_feature":"2","num_nodes":"11","size_leaf_vector":"1"}},{"base_weights":[-3.1186438E-1,-4.6106844E0,1.3391762E0,-5.607615E-1,-1.3084117E-1,3.9055523E-1,3.9897615E-1,-5.682933E-2,8.877533E-1,2.608261E-2,9.792786E-2],"categories":[],"categories_nodes":[],"categories_segments":[],"categories_sizes":[],"default_left":[0,0,0,0,0,0,0,0,0,0,0],"id":39,"left_children":[1,3,5,-1,-1,7,-1,-1,9,-1,-1],"loss_changes":[7.714978E1,2.539341E0,1.8556984E1,0E0,0E0,3.8416677E0,0E0,0E0,3.1476974E-2,0E0,0E0],"parents":[2147483647,0,0,1,1,2,2,5,5,8,8],"right_children":[2,4,6,-1,-1,8,-1,-1,10,-1,-1],"split_conditions":[2.0040584E-1,9.979093E-2,1E0,-5.607615E-1,-1.3084117E-1,5.0203824E-1,3.9897615E-1,-5.682933E-2,6.007961E-1,2.608261E-2,9.792786E-2],"split_indices":[0,0,0,0,0,0,0,0,0,0,0],"split_type":[0,0,0,0,0,0,0,0,0,0,0],"sum_hessian":[9E0,2E0,7E0,1E0,1E0,6E0,1E0,2E0,4E0,1E0,3E0],"tree_param":{"num_deleted":"0","num_feature":"2","num_nodes":"11","size_leaf_vector":"1"}},{"base_weights":[-3.0322322E-1,-4.3801503E0,1.2635274E0,-5.327234E-1,-1.24299146E-1,3.6109543E-1,3.7902758E-1,-5.3040694E-2,8.237778E-1,2.4778366E-2,9.058304E-2],"categories":[],"categories_nodes":[],"categories_segments":[],"categories_sizes":[],"default_left":[0,0,0,0,0,0,0,0,0,0,0],"id":40,"left_children":[1,3,5,-1,-1,7,-1,-1,9,-1,-1],"loss_changes":[6.940973E1,2.2917519E0,1.6873096E1,0E0,0E0,3.3243146E0,0E0,0E0,1.185894E-2,0E0,0E0],"parents":[2147483647,0,0,1,1,2,2,5,5,8,8],"right_children":[2,4,6,-1,-1,8,-1,-1,10,-1,-1],"split_conditions":[2.0040584E-1,9.979093E-2,1E0,-5.327234E-1,-1.24299146E-1,5.0203824E-1,3.7902758E-1,-5.3040694E-2,6.007961E-1,2.4778366E-2,9.058304E-2],"split_indices":[0,0,0,0,0,0,0,0,0,0,0],"split_type":[0,0,0,0,0,0,0,0,0,0,0],"sum_hessian":[9E0,2E0,7E0,1E0,1E0,6E0,1E0,2E0,4E0,1E0,3E0],"tree_param":{"num_deleted":"0","num_feature":"2","num_nodes":"11","size_leaf_vector":"1"}},{"base_weights":[-2.9446822E-1,-4.161143E0,1.1923432E0,-5.0608724E-1,-1.1808415E-1,3.33889E-1,3.6007616E-1,-4.9504723E-2,7.64473E-2],"categories":[],"categories_nodes":[],"categories_segments":[],"categories_sizes":[],"default_left":[0,0,0,0,0,0,0,0,0],"id":41,"left_children":[1,3,5,-1,-1,7,-1,-1,-1],"loss_changes":[6.2451668E1,2.0683098E0,1.5337879E1,0E0,0E0,2.876937E0,0E0,0E0,0E0],"parents":[2147483647,0,0,1,1,2,2,5,5],"right_children":[2,4,6,-1,-1,8,-1,-1,-1],"split_conditions":[2.0040584E-1,9.979093E-2,1E0,-5.0608724E-1,-1.1808415E-1,5.0203824E-1,3.6007616E-1,-4.9504723E-2,7.64473E-2],"split_indices":[0,0,0,0,0,0,0,0,0],"split_type":[0,0,0,0,0,0,0,0,0],"sum_hessian":[9E0,2E0,7E0,1E0,1E0,6E0,1E0,2E0,4E0],"tree_param":{"num_deleted":"0","num_feature":"2","num_nodes":"9","size_leaf_vector":"1"}},{"base_weights":[-2.8873634E-1,-3.9530857E0,1.1214867E0,-4.807829E-1,-1.1217995E-1,3.0434963E-1,3.420723E-1,-4.6204377E-2,7.0331573E-1,3.090159E-2,8.63177E-2],"categories":[],"categories_nodes":[],"categories_segments":[],"categories_sizes":[],"default_left":[0,0,0,0,0,0,0,0,0,0,0],"id":42,"left_children":[1,3,5,-1,-1,7,-1,-1,9,-1,-1],"loss_changes":[5.610883E1,1.8666496E0,1.3989233E1,0E0,0E0,2.4653177E0,0E0,0E0,4.843092E-2,0E0,0E0],"parents":[2147483647,0,0,1,1,2,2,5,5,8,8],"right_children":[2,4,6,-1,-1,8,-1,-1,10,-1,-1],"split_conditions":[2.0040584E-1,9.979093E-2,1E0,-4.807829E-1,-1.1217995E-1,5.0203824E-1,3.420723E-1,-4.6204377E-2,7.007641E-1,3.090159E-2,8.63177E-2],"split_indices":[0,0,0,0,0,0,0,0,0,0,0],"split_type":[0,0,0,0,0,0,0,0,0,0,0],"sum_hessian":[9E0,2E0,7E0,1E0,1E0,6E0,1E0,2E0,4E0,2E0,2E0],"tree_param":{"num_deleted":"0","num_feature":"2","num_nodes":"11","size_leaf_vector":"1"}},{"base_weights":[-2.7785006E-1,-3.7554312E0,1.0609741E0,-4.5674378E-1,-1.06570914E-1,2.840598E-1,3.2496873E-1,-4.3124136E-1,6.564285E-1,-5.138855E-2,-1.3297654E-2,2.8841654E-2,8.05631E-2],"categories":[],"categories_nodes":[],"categories_segments":[],"categories_sizes":[],"default_left":[0,0,0,0,0,0,0,0,0,0,0,0,0],"id":43,"left_children":[1,3,5,-1,-1,7,-1,9,11,-1,-1,-1,-1],"loss_changes":[5.054311E1,1.684658E0,1.2680433E1,0E0,0E0,2.1475694E0,0E0,5.6148767E-3,4.2184353E-2,0E0,0E0,0E0,0E0],"parents":[2147483647,0,0,1,1,2,2,5,5,7,7,8,8],"right_children":[2,4,6,-1,-1,8,-1,10,12,-1,-1,-1,-1],"split_conditions":[2.0040584E-1,9.979093E-2,1E0,-4.5674378E-1,-1.06570914E-1,5.0203824E-1,3.2496873E-1,4.0204233E-1,7.007641E-1,-5.138855E-2,-1.3297654E-2,2.8841654E-2,8.05631E-2],"split_indices":[0,0,0,0,0,0,0,0,0,0,0,0,0],"split_type":[0,0,0,0,0,0,0,0,0,0,0,0,0],"sum_hessian":[9E0,2E0,7E0,1E0,1E0,6E0,1E0,2E0,4E0,1E0,1E0,2E0,2E0],"tree_param":{"num_deleted":"0","num_feature":"2","num_nodes":"13","size_leaf_vector":"1"}},{"base_weights":[-2.694277E-1,-3.5676594E0,1.0010877E0,-4.3390656E-1,-1.01242356E-1,2.620419E-1,3.087204E-1,-4.096794E-1,6.126663E-1,-4.8819162E-2,-1.2632752E-2,1.6730119E-2,6.821823E-2],"categories":[],"categories_nodes":[],"categories_segments":[],"categories_sizes":[],"default_left":[0,0,0,0,0,0,0,0,0,0,0,0,0],"id":44,"left_children":[1,3,5,-1,-1,7,-1,9,11,-1,-1,-1,-1],"loss_changes":[4.547608E1,1.520401E0,1.1524906E1,0E0,0E0,1.8996502E0,0E0,5.067706E-3,4.0670037E-2,0E0,0E0,0E0,0E0],"parents":[2147483647,0,0,1,1,2,2,5,5,7,7,8,8],"right_children":[2,4,6,-1,-1,8,-1,10,12,-1,-1,-1,-1],"split_conditions":[2.0040584E-1,9.979093E-2,1E0,-4.3390656E-1,-1.01242356E-1,5.0203824E-1,3.087204E-1,4.0204233E-1,6.007961E-1,-4.8819162E-2,-1.2632752E-2,1.6730119E-2,6.821823E-2],"split_indices":[0,0,0,0,0,0,0,0,0,0,0,0,0],"split_type":[0,0,0,0,0,0,0,0,0,0,0,0,0],"sum_hessian":[9E0,2E0,7E0,1E0,1E0,6E0,1E0,2E0,4E0,1E0,1E0,1E0,3E0],"tree_param":{"num_deleted":"0","num_feature":"2","num_nodes":"13","size_leaf_vector":"1"}},{"base_weights":[-2.6277715E-1,-3.3892765E0,9.4250727E-1,-4.1221124E-1,-9.618025E-2,2.3919514E-1,2.9328462E-1,-3.891945E-1,5.683899E-1,-4.6378136E-2,-1.2001038E-2,2.4087524E-2,7.0644125E-2],"categories":[],"categories_nodes":[],"categories_segments":[],"categories_sizes":[],"default_left":[0,0,0,0,0,0,0,0,0,0,0,0,0],"id":45,"left_children":[1,3,5,-1,-1,7,-1,9,11,-1,-1,-1,-1],"loss_changes":[4.087763E1,1.3721619E0,1.0497112E1,0E0,0E0,1.6692519E0,0E0,4.574269E-3,5.5905104E-2,0E0,0E0,0E0,0E0],"parents":[2147483647,0,0,1,1,2,2,5,5,7,7,8,8],"right_children":[2,4,6,-1,-1,8,-1,10,12,-1,-1,-1,-1],"split_conditions":[2.0040584E-1,9.979093E-2,1E0,-4.1221124E-1,-9.618025E-2,5.0203824E-1,2.9328462E-1,4.0204233E-1,7.007641E-1,-4.6378136E-2,-1.2001038E-2,2.4087524E-2,7.0644125E-2],"split_indices":[0,0,0,0,0,0,0,0,0,0,0,0,0],"split_type":[0,0,0,0,0,0,0,0,0,0,0,0,0],"sum_hessian":[9E0,2E0,7E0,1E0,1E0,6E0,1E0,2E0,4E0,1E0,1E0,2E0,2E0],"tree_param":{"num_deleted":"0","num_feature":"2","num_nodes":"13","size_leaf_vector":"1"}},{"base_weights":[-2.5437498E-1,-3.2198126E0,8.8946104E-1,-3.9160067E-1,-9.137125E-2,2.2046934E-1,2.7862015E-1,-3.6973444E-1,5.304977E-1,-4.4059183E-2,-1.14009855E-2,2.2481792E-2,6.59345E-2],"categories":[],"categories_nodes":[],"categories_segments":[],"categories_sizes":[],"default_left":[0,0,0,0,0,0,0,0,0,0,0,0,0],"id":46,"left_children":[1,3,5,-1,-1,7,-1,9,11,-1,-1,-1,-1],"loss_changes":[3.678364E1,1.2383747E0,9.536957E0,0E0,0E0,1.4770029E0,0E0,4.1281283E-3,4.869747E-2,0E0,0E0,0E0,0E0],"parents":[2147483647,0,0,1,1,2,2,5,5,7,7,8,8],"right_children":[2,4,6,-1,-1,8,-1,10,12,-1,-1,-1,-1],"split_conditions":[2.0040584E-1,9.979093E-2,1E0,-3.9160067E-1,-9.137125E-2,5.0203824E-1,2.7862015E-1,4.0204233E-1,7.007641E-1,-4.4059183E-2,-1.14009855E-2,2.2481792E-2,6.59345E-2],"split_indices":[0,0,0,0,0,0,0,0,0,0,0,0,0],"split_type":[0,0,0,0,0,0,0,0,0,0,0,0,0],"sum_hessian":[9E0,2E0,7E0,1E0,1E0,6E0,1E0,2E0,4E0,1E0,1E0,2E0,2E0],"tree_param":{"num_deleted":"0","num_feature":"2","num_nodes":"13","size_leaf_vector":"1"}},{"base_weights":[-2.4607792E-1,-3.058822E0,8.3946085E-1,-3.7202063E-1,-8.680268E-2,2.031299E-1,2.6468888E-1,-3.512484E-1,4.9513093E-1,-4.1856196E-2,-1.083107E-2,2.0982869E-2,6.1538953E-2],"categories":[],"categories_nodes":[],"categories_segments":[],"categories_sizes":[],"default_left":[0,0,0,0,0,0,0,0,0,0,0,0,0],"id":47,"left_children":[1,3,5,-1,-1,7,-1,9,11,-1,-1,-1,-1],"loss_changes":[3.310119E1,1.1176338E0,8.663317E0,0E0,0E0,1.3070672E0,0E0,3.7242472E-3,4.2423964E-2,0E0,0E0,0E0,0E0],"parents":[2147483647,0,0,1,1,2,2,5,5,7,7,8,8],"right_children":[2,4,6,-1,-1,8,-1,10,12,-1,-1,-1,-1],"split_conditions":[2.0040584E-1,9.979093E-2,1E0,-3.7202063E-1,-8.680268E-2,5.0203824E-1,2.6468888E-1,4.0204233E-1,7.007641E-1,-4.1856196E-2,-1.083107E-2,2.0982869E-2,6.1538953E-2],"split_indices":[0,0,0,0,0,0,0,0,0,0,0,0,0],"split_type":[0,0,0,0,0,0,0,0,0,0,0,0,0],"sum_hessian":[9E0,2E0,7E0,1E0,1E0,6E0,1E0,2E0,4E0,1E0,1E0,2E0,2E0],"tree_param":{"num_deleted":"0","num_feature":"2","num_nodes":"13","size_leaf_vector":"1"}},{"base_weights":[-2.3789997E-1,-2.9058807E0,7.9233027E-1,-3.534196E-1,-8.2462505E-2,1.8707983E-1,2.5145417E-1,-3.3368555E-1,4.621231E-1,-3.976345E-2,-1.0289383E-2,1.9584147E-2,5.7436373E-2],"categories":[],"categories_nodes":[],"categories_segments":[],"categories_sizes":[],"default_left":[0,0,0,0,0,0,0,0,0,0,0,0,0],"id":48,"left_children":[1,3,5,-1,-1,7,-1,9,11,-1,-1,-1,-1],"loss_changes":[2.9788761E1,1.008667E0,7.868533E0,0E0,0E0,1.156835E0,0E0,3.3625364E-3,3.6953807E-2,0E0,0E0,0E0,0E0],"parents":[2147483647,0,0,1,1,2,2,5,5,7,7,8,8],"right_children":[2,4,6,-1,-1,8,-1,10,12,-1,-1,-1,-1],"split_conditions":[2.0040584E-1,9.979093E-2,1E0,-3.534196E-1,-8.2462505E-2,5.0203824E-1,2.5145417E-1,4.0204233E-1,7.007641E-1,-3.976345E-2,-1.0289383E-2,1.9584147E-2,5.7436373E-2],"split_indices":[0,0,0,0,0,0,0,0,0,0,0,0,0],"split_type":[0,0,0,0,0,0,0,0,0,0,0,0,0],"sum_hessian":[9E0,2E0,7E0,1E0,1E0,6E0,1E0,2E0,4E0,1E0,1E0,2E0,2E0],"tree_param":{"num_deleted":"0","num_feature":"2","num_nodes":"13","size_leaf_vector":"1"}},{"base_weights":[-2.2985482E-1,-2.7605865E0,7.4790144E-1,-3.357486E-1,-7.833939E-2,1.722254E-1,2.3888169E-1,-3.1700006E-1,4.313156E-1,-3.777523E-2,-9.774781E-3,1.8278504E-2,5.3607434E-2],"categories":[],"categories_nodes":[],"categories_segments":[],"categories_sizes":[],"default_left":[0,0,0,0,0,0,0,0,0,0,0,0,0],"id":49,"left_children":[1,3,5,-1,-1,7,-1,9,11,-1,-1,-1,-1],"loss_changes":[2.6809036E1,9.103203E-1,7.14567E0,0E0,0E0,1.0240018E0,0E0,3.0357242E-3,3.219241E-2,0E0,0E0,0E0,0E0],"parents":[2147483647,0,0,1,1,2,2,5,5,7,7,8,8],"right_children":[2,4,6,-1,-1,8,-1,10,12,-1,-1,-1,-1],"split_conditions":[2.0040584E-1,9.979093E-2,1E0,-3.357486E-1,-7.833939E-2,5.0203824E-1,2.3888169E-1,4.0204233E-1,7.007641E-1,-3.777523E-2,-9.774781E-3,1.8278504E-2,5.3607434E-2],"split_indices":[0,0,0,0,0,0,0,0,0,0,0,0,0],"split_type":[0,0,0,0,0,0,0,0,0,0,0,0,0],"sum_hessian":[9E0,2E0,7E0,1E0,1E0,6E0,1E0,2E0,4E0,1E0,1E0,2E0,2E0],"tree_param":{"num_deleted":"0","num_feature":"2","num_nodes":"13","size_leaf_vector":"1"}},{"base_weights":[-2.2195554E-1,-2.6225574E0,7.0601463E-1,-3.1896117E-1,-7.442246E-2,1.5847996E-1,2.2693788E-1,-3.0115E-1,4.0256196E-1,-3.5886385E-2,-9.286118E-3,1.7059835E-2,5.0033826E-2],"categories":[],"categories_nodes":[],"categories_segments":[],"categories_sizes":[],"default_left":[0,0,0,0,0,0,0,0,0,0,0,0,0],"id":50,"left_children":[1,3,5,-1,-1,7,-1,9,11,-1,-1,-1,-1],"loss_changes":[2.4128433E1,8.215637E-1,6.488318E0,0E0,0E0,9.0654325E-1,0E0,2.7389228E-3,2.8045774E-2,0E0,0E0,0E0,0E0],"parents":[2147483647,0,0,1,1,2,2,5,5,7,7,8,8],"right_children":[2,4,6,-1,-1,8,-1,10,12,-1,-1,-1,-1],"split_conditions":[2.0040584E-1,9.979093E-2,1E0,-3.1896117E-1,-7.442246E-2,5.0203824E-1,2.2693788E-1,4.0204233E-1,7.007641E-1,-3.5886385E-2,-9.286118E-3,1.7059835E-2,5.0033826E-2],"split_indices":[0,0,0,0,0,0,0,0,0,0,0,0,0],"split_type":[0,0,0,0,0,0,0,0,0,0,0,0,0],"sum_hessian":[9E0,2E0,7E0,1E0,1E0,6E0,1E0,2E0,4E0,1E0,1E0,2E0,2E0],"tree_param":{"num_deleted":"0","num_feature":"2","num_nodes":"13","size_leaf_vector":"1"}},{"base_weights":[-2.1421313E-1,-2.4914296E0,6.6651964E-1,-3.0301312E-1,-7.0701316E-2,1.457634E-1,2.1559067E-1,-2.8609338E-1,3.757248E-1,-3.409214E-2,-8.821869E-3,1.5922546E-2,4.6698254E-2],"categories":[],"categories_nodes":[],"categories_segments":[],"categories_sizes":[],"default_left":[0,0,0,0,0,0,0,0,0,0,0,0,0],"id":51,"left_children":[1,3,5,-1,-1,7,-1,9,11,-1,-1,-1,-1],"loss_changes":[2.1716778E1,7.414608E-1,5.890608E0,0E0,0E0,8.026651E-1,0E0,2.471581E-3,2.4430692E-2,0E0,0E0,0E0,0E0],"parents":[2147483647,0,0,1,1,2,2,5,5,7,7,8,8],"right_children":[2,4,6,-1,-1,8,-1,10,12,-1,-1,-1,-1],"split_conditions":[2.0040584E-1,9.979093E-2,1E0,-3.0301312E-1,-7.0701316E-2,5.0203824E-1,2.1559067E-1,4.0204233E-1,7.007641E-1,-3.409214E-2,-8.821869E-3,1.5922546E-2,4.6698254E-2],"split_indices":[0,0,0,0,0,0,0,0,0,0,0,0,0],"split_type":[0,0,0,0,0,0,0,0,0,0,0,0,0],"sum_hessian":[9E0,2E0,7E0,1E0,1E0,6E0,1E0,2E0,4E0,1E0,1E0,2E0,2E0],"tree_param":{"num_deleted":"0","num_feature":"2","num_nodes":"13","size_leaf_vector":"1"}},{"base_weights":[-2.0663328E-1,-2.3668578E0,6.292801E-1,-2.8786245E-1,-6.716623E-2,1.3400269E-1,2.048111E-1,-2.7178955E-1,3.506775E-1,-3.2387543E-2,-8.38089E-3,1.4861043E-2,4.3585207E-2],"categories":[],"categories_nodes":[],"categories_segments":[],"categories_sizes":[],"default_left":[0,0,0,0,0,0,0,0,0,0,0,0,0],"id":52,"left_children":[1,3,5,-1,-1,7,-1,9,11,-1,-1,-1,-1],"loss_changes":[1.9547022E1,6.691704E-1,5.347266E0,0E0,0E0,7.1078515E-1,0E0,2.229765E-3,2.1282673E-2,0E0,0E0,0E0,0E0],"parents":[2147483647,0,0,1,1,2,2,5,5,7,7,8,8],"right_children":[2,4,6,-1,-1,8,-1,10,12,-1,-1,-1,-1],"split_conditions":[2.0040584E-1,9.979093E-2,1E0,-2.8786245E-1,-6.716623E-2,5.0203824E-1,2.048111E-1,4.0204233E-1,7.007641E-1,-3.2387543E-2,-8.38089E-3,1.4861043E-2,4.3585207E-2],"split_indices":[0,0,0,0,0,0,0,0,0,0,0,0,0],"split_type":[0,0,0,0,0,0,0,0,0,0,0,0,0],"sum_hessian":[9E0,2E0,7E0,1E0,1E0,6E0,1E0,2E0,4E0,1E0,1E0,2E0,2E0],"tree_param":{"num_deleted":"0","num_feature":"2","num_nodes":"13","size_leaf_vector":"1"}},{"base_weights":[-1.99225E-1,-2.2485154E0,5.94162E-1,-2.7346933E-1,-6.3807964E-2,1.2312753E-1,1.9457017E-1,-2.582016E-1,3.272995E-1,-3.0768204E-2,-7.962036E-3,8.230591E-3,3.6797144E-2],"categories":[],"categories_nodes":[],"categories_segments":[],"categories_sizes":[],"default_left":[0,0,0,0,0,0,0,0,0,0,0,0,0],"id":53,"left_children":[1,3,5,-1,-1,7,-1,9,11,-1,-1,-1,-1],"loss_changes":[1.7594784E1,6.039238E-1,4.853404E0,0E0,0E0,6.295063E-1,0E0,2.0110756E-3,1.9535601E-2,0E0,0E0,0E0,0E0],"parents":[2147483647,0,0,1,1,2,2,5,5,7,7,8,8],"right_children":[2,4,6,-1,-1,8,-1,10,12,-1,-1,-1,-1],"split_conditions":[2.0040584E-1,9.979093E-2,1E0,-2.7346933E-1,-6.3807964E-2,5.0203824E-1,1.9457017E-1,4.0204233E-1,6.007961E-1,-3.0768204E-2,-7.962036E-3,8.230591E-3,3.6797144E-2],"split_indices":[0,0,0,0,0,0,0,0,0,0,0,0,0],"split_type":[0,0,0,0,0,0,0,0,0,0,0,0,0],"sum_hessian":[9E0,2E0,7E0,1E0,1E0,6E0,1E0,2E0,4E0,1E0,1E0,1E0,3E0],"tree_param":{"num_deleted":"0","num_feature":"2","num_nodes":"13","size_leaf_vector":"1"}},{"base_weights":[-1.9294319E-1,-2.1360893E0,5.598545E-1,-2.5979587E-1,-6.0617544E-2,1.1171395E-1,1.8484192E-1,-2.4529012E-1,3.035736E-1,-2.9229736E-2,-7.563782E-3,1.23692835E-2,3.8226318E-2],"categories":[],"categories_nodes":[],"categories_segments":[],"categories_sizes":[],"default_left":[0,0,0,0,0,0,0,0,0,0,0,0,0],"id":54,"left_children":[1,3,5,-1,-1,7,-1,9,11,-1,-1,-1,-1],"loss_changes":[1.5823858E1,5.4504204E-1,4.41317E0,0E0,0E0,5.539264E-1,0E0,1.8159002E-3,2.3490518E-2,0E0,0E0,0E0,0E0],"parents":[2147483647,0,0,1,1,2,2,5,5,7,7,8,8],"right_children":[2,4,6,-1,-1,8,-1,10,12,-1,-1,-1,-1],"split_conditions":[2.0040584E-1,9.979093E-2,1E0,-2.5979587E-1,-6.0617544E-2,5.0203824E-1,1.8484192E-1,4.0204233E-1,7.007641E-1,-2.9229736E-2,-7.563782E-3,1.23692835E-2,3.8226318E-2],"split_indices":[0,0,0,0,0,0,0,0,0,0,0,0,0],"split_type":[0,0,0,0,0,0,0,0,0,0,0,0,0],"sum_hessian":[9E0,2E0,7E0,1E0,1E0,6E0,1E0,2E0,4E0,1E0,1E0,2E0,2E0],"tree_param":{"num_deleted":"0","num_feature":"2","num_nodes":"13","size_leaf_vector":"1"}},{"base_weights":[-1.8582559E-1,-2.029285E0,5.286999E-1,-2.4680607E-1,-5.758667E-2,1.0251509E-1,1.7559968E-1,-2.3302715E-1,2.833374E-1,-2.7768327E-2,-7.1857455E-3,1.15448E-2,3.56781E-2],"categories":[],"categories_nodes":[],"categories_segments":[],"categories_sizes":[],"default_left":[0,0,0,0,0,0,0,0,0,0,0,0,0],"id":55,"left_children":[1,3,5,-1,-1,7,-1,9,11,-1,-1,-1,-1],"loss_changes":[1.424487E1,4.9190044E-1,4.004426E0,0E0,0E0,4.9073997E-1,0E0,1.6380101E-3,2.0462364E-2,0E0,0E0,0E0,0E0],"parents":[2147483647,0,0,1,1,2,2,5,5,7,7,8,8],"right_children":[2,4,6,-1,-1,8,-1,10,12,-1,-1,-1,-1],"split_conditions":[2.0040584E-1,9.979093E-2,1E0,-2.4680607E-1,-5.758667E-2,5.0203824E-1,1.7559968E-1,4.0204233E-1,7.007641E-1,-2.7768327E-2,-7.1857455E-3,1.15448E-2,3.56781E-2],"split_indices":[0,0,0,0,0,0,0,0,0,0,0,0,0],"split_type":[0,0,0,0,0,0,0,0,0,0,0,0,0],"sum_hessian":[9E0,2E0,7E0,1E0,1E0,6E0,1E0,2E0,4E0,1E0,1E0,2E0,2E0],"tree_param":{"num_deleted":"0","num_feature":"2","num_nodes":"13","size_leaf_vector":"1"}},{"base_weights":[-1.7889437E-1,-1.9278207E0,4.9931479E-1,-2.3446576E-1,-5.4707337E-2,9.401757E-2,1.6681977E-1,-2.2137578E-1,2.6445007E-1,-2.6379967E-2,-6.8264008E-3,1.07752485E-2,3.3299766E-2],"categories":[],"categories_nodes":[],"categories_segments":[],"categories_sizes":[],"default_left":[0,0,0,0,0,0,0,0,0,0,0,0,0],"id":56,"left_children":[1,3,5,-1,-1,7,-1,9,11,-1,-1,-1,-1],"loss_changes":[1.2823968E1,4.439392E-1,3.63312E0,0E0,0E0,4.348158E-1,0E0,1.4787614E-3,1.7824858E-2,0E0,0E0,0E0,0E0],"parents":[2147483647,0,0,1,1,2,2,5,5,7,7,8,8],"right_children":[2,4,6,-1,-1,8,-1,10,12,-1,-1,-1,-1],"split_conditions":[2.0040584E-1,9.979093E-2,1E0,-2.3446576E-1,-5.4707337E-2,5.0203824E-1,1.6681977E-1,4.0204233E-1,7.007641E-1,-2.6379967E-2,-6.8264008E-3,1.07752485E-2,3.3299766E-2],"split_indices":[0,0,0,0,0,0,0,0,0,0,0,0,0],"split_type":[0,0,0,0,0,0,0,0,0,0,0,0,0],"sum_hessian":[9E0,2E0,7E0,1E0,1E0,6E0,1E0,2E0,4E0,1E0,1E0,2E0,2E0],"tree_param":{"num_deleted":"0","num_feature":"2","num_nodes":"13","size_leaf_vector":"1"}},{"base_weights":[-1.7215315E-1,-1.83143E0,4.715948E-1,-2.2274248E-1,-5.197201E-2,8.616965E-2,1.5847854E-1,-2.1030681E-1,2.468216E-1,-2.5061036E-2,-6.4849854E-3,1.0057068E-2,3.1079864E-2],"categories":[],"categories_nodes":[],"categories_segments":[],"categories_sizes":[],"default_left":[0,0,0,0,0,0,0,0,0,0,0,0,0],"id":57,"left_children":[1,3,5,-1,-1,7,-1,9,11,-1,-1,-1,-1],"loss_changes":[1.1545254E1,4.0065384E-1,3.2958531E0,0E0,0E0,3.8531488E-1,0E0,1.3352484E-3,1.5526265E-2,0E0,0E0,0E0,0E0],"parents":[2147483647,0,0,1,1,2,2,5,5,7,7,8,8],"right_children":[2,4,6,-1,-1,8,-1,10,12,-1,-1,-1,-1],"split_conditions":[2.0040584E-1,9.979093E-2,1E0,-2.2274248E-1,-5.197201E-2,5.0203824E-1,1.5847854E-1,4.0204233E-1,7.007641E-1,-2.5061036E-2,-6.4849854E-3,1.0057068E-2,3.1079864E-2],"split_indices":[0,0,0,0,0,0,0,0,0,0,0,0,0],"split_type":[0,0,0,0,0,0,0,0,0,0,0,0,0],"sum_hessian":[9E0,2E0,7E0,1E0,1E0,6E0,1E0,2E0,4E0,1E0,1E0,2E0,2E0],"tree_param":{"num_deleted":"0","num_feature":"2","num_nodes":"13","size_leaf_vector":"1"}},{"base_weights":[-1.656023E-1,-1.7398586E0,4.454441E-1,-2.1160536E-1,-4.9373437E-2,7.8922816E-2,1.5055466E-1,-1.9979095E-1,2.3036651E-1,-2.3807907E-2,-6.160736E-3,9.386699E-3,2.9007722E-2],"categories":[],"categories_nodes":[],"categories_segments":[],"categories_sizes":[],"default_left":[0,0,0,0,0,0,0,0,0,0,0,0,0],"id":58,"left_children":[1,3,5,-1,-1,7,-1,9,11,-1,-1,-1,-1],"loss_changes":[1.0394446E1,3.6158752E-1,2.9895787E0,0E0,0E0,3.4149125E-1,0E0,1.2049451E-3,1.3523698E-2,0E0,0E0,0E0,0E0],"parents":[2147483647,0,0,1,1,2,2,5,5,7,7,8,8],"right_children":[2,4,6,-1,-1,8,-1,10,12,-1,-1,-1,-1],"split_conditions":[2.0040584E-1,9.979093E-2,1E0,-2.1160536E-1,-4.9373437E-2,5.0203824E-1,1.5055466E-1,4.0204233E-1,7.007641E-1,-2.3807907E-2,-6.160736E-3,9.386699E-3,2.9007722E-2],"split_indices":[0,0,0,0,0,0,0,0,0,0,0,0,0],"split_type":[0,0,0,0,0,0,0,0,0,0,0,0,0],"sum_hessian":[9E0,2E0,7E0,1E0,1E0,6E0,1E0,2E0,4E0,1E0,1E0,2E0,2E0],"tree_param":{"num_deleted":"0","num_feature":"2","num_nodes":"13","size_leaf_vector":"1"}},{"base_weights":[-1.5924124E-1,-1.6528655E0,4.2077303E-1,-2.0102508E-1,-4.6904754E-2,7.223565E-2,1.4302674E-1,-1.8980026E-1,2.1501008E-1,-2.2617532E-2,-5.852509E-3,1.1073875E-2,3.1604767E-2],"categories":[],"categories_nodes":[],"categories_segments":[],"categories_sizes":[],"default_left":[0,0,0,0,0,0,0,0,0,0,0,0,0],"id":59,"left_children":[1,3,5,-1,-1,7,-1,9,11,-1,-1,-1,-1],"loss_changes":[9.358715E0,3.26334E-1,2.7114553E0,0E0,0E0,3.0269313E-1,0E0,1.0884851E-3,1.7677888E-2,0E0,0E0,0E0,0E0],"parents":[2147483647,0,0,1,1,2,2,5,5,7,7,8,8],"right_children":[2,4,6,-1,-1,8,-1,10,12,-1,-1,-1,-1],"split_conditions":[2.0040584E-1,9.979093E-2,1E0,-2.0102508E-1,-4.6904754E-2,5.0203824E-1,1.4302674E-1,4.0204233E-1,9.019587E-1,-2.2617532E-2,-5.852509E-3,1.1073875E-2,3.1604767E-2],"split_indices":[0,0,0,0,0,0,0,0,0,0,0,0,0],"split_type":[0,0,0,0,0,0,0,0,0,0,0,0,0],"sum_hessian":[9E0,2E0,7E0,1E0,1E0,6E0,1E0,2E0,4E0,1E0,1E0,3E0,1E0],"tree_param":{"num_deleted":"0","num_feature":"2","num_nodes":"13","size_leaf_vector":"1"}},{"base_weights":[-1.5238452E-1,-1.570222E0,3.9835262E-1,-1.9097383E-1,-4.455948E-2,6.704385E-2,1.358757E-1,-1.8031056E-1,2.0204774E-1,-2.1486664E-2,-5.5599213E-3,1.0243607E-2,3.002472E-2],"categories":[],"categories_nodes":[],"categories_segments":[],"categories_sizes":[],"default_left":[0,0,0,0,0,0,0,0,0,0,0,0,0],"id":60,"left_children":[1,3,5,-1,-1,7,-1,9,11,-1,-1,-1,-1],"loss_changes":[8.43406E0,2.9451847E-1,2.4544268E0,0E0,0E0,2.7018797E-1,0E0,9.821877E-4,1.8152922E-2,0E0,0E0,0E0,0E0],"parents":[2147483647,0,0,1,1,2,2,5,5,7,7,8,8],"right_children":[2,4,6,-1,-1,8,-1,10,12,-1,-1,-1,-1],"split_conditions":[2.0040584E-1,9.979093E-2,1E0,-1.9097383E-1,-4.455948E-2,5.0203824E-1,1.358757E-1,4.0204233E-1,9.019587E-1,-2.1486664E-2,-5.5599213E-3,1.0243607E-2,3.002472E-2],"split_indices":[0,0,0,0,0,0,0,0,0,0,0,0,0],"split_type":[0,0,0,0,0,0,0,0,0,0,0,0,0],"sum_hessian":[9E0,2E0,7E0,1E0,1E0,6E0,1E0,2E0,4E0,1E0,1E0,3E0,1E0],"tree_param":{"num_deleted":"0","num_feature":"2","num_nodes":"13","size_leaf_vector":"1"}},{"base_weights":[-1.4579096E-1,-1.491711E0,3.7715292E-1,-1.8142514E-1,-4.2331506E-2,6.2226977E-2,1.2908173E-1,-1.712939E-1,1.8989411E-1,-2.0412255E-2,-5.2818297E-3,9.475136E-3,2.8523255E-2],"categories":[],"categories_nodes":[],"categories_segments":[],"categories_sizes":[],"default_left":[0,0,0,0,0,0,0,0,0,0,0,0,0],"id":61,"left_children":[1,3,5,-1,-1,7,-1,9,11,-1,-1,-1,-1],"loss_changes":[7.60101E0,2.6580238E-1,2.221569E0,0E0,0E0,2.4121828E-1,0E0,8.8677555E-4,1.8327639E-2,0E0,0E0,0E0,0E0],"parents":[2147483647,0,0,1,1,2,2,5,5,7,7,8,8],"right_children":[2,4,6,-1,-1,8,-1,10,12,-1,-1,-1,-1],"split_conditions":[2.0040584E-1,9.979093E-2,1E0,-1.8142514E-1,-4.2331506E-2,5.0203824E-1,1.2908173E-1,4.0204233E-1,9.019587E-1,-2.0412255E-2,-5.2818297E-3,9.475136E-3,2.8523255E-2],"split_indices":[0,0,0,0,0,0,0,0,0,0,0,0,0],"split_type":[0,0,0,0,0,0,0,0,0,0,0,0,0],"sum_hessian":[9E0,2E0,7E0,1E0,1E0,6E0,1E0,2E0,4E0,1E0,1E0,3E0,1E0],"tree_param":{"num_deleted":"0","num_feature":"2","num_nodes":"13","size_leaf_vector":"1"}},{"base_weights":[-1.3944808E-1,-1.4171253E0,3.5711193E-1,-1.723539E-1,-4.0214922E-2,5.7762146E-2,1.22628026E-1,-1.627299E-1,1.7850494E-1,-1.9391632E-2,-5.017853E-3,8.764458E-3,2.709732E-2],"categories":[],"categories_nodes":[],"categories_segments":[],"categories_sizes":[],"default_left":[0,0,0,0,0,0,0,0,0,0,0,0,0],"id":62,"left_children":[1,3,5,-1,-1,7,-1,9,11,-1,-1,-1,-1],"loss_changes":[6.8505073E0,2.3988771E-1,2.0106502E0,0E0,0E0,2.154079E-1,0E0,7.997826E-4,1.8259153E-2,0E0,0E0,0E0,0E0],"parents":[2147483647,0,0,1,1,2,2,5,5,7,7,8,8],"right_children":[2,4,6,-1,-1,8,-1,10,12,-1,-1,-1,-1],"split_conditions":[2.0040584E-1,9.979093E-2,1E0,-1.723539E-1,-4.0214922E-2,5.0203824E-1,1.22628026E-1,4.0204233E-1,9.019587E-1,-1.9391632E-2,-5.017853E-3,8.764458E-3,2.709732E-2],"split_indices":[0,0,0,0,0,0,0,0,0,0,0,0,0],"split_type":[0,0,0,0,0,0,0,0,0,0,0,0,0],"sum_hessian":[9E0,2E0,7E0,1E0,1E0,6E0,1E0,2E0,4E0,1E0,1E0,3E0,1E0],"tree_param":{"num_deleted":"0","num_feature":"2","num_nodes":"13","size_leaf_vector":"1"}},{"base_weights":[-1.333535E-1,-1.3462692E0,3.3815908E-1,-1.637362E-1,-3.8204193E-2,5.362102E-2,1.1649628E-1,-1.5459315E-1,1.6782531E-1,-1.8422127E-2,-4.7668456E-3,8.106994E-3,2.574234E-2],"categories":[],"categories_nodes":[],"categories_segments":[],"categories_sizes":[],"default_left":[0,0,0,0,0,0,0,0,0,0,0,0,0],"id":63,"left_children":[1,3,5,-1,-1,7,-1,9,11,-1,-1,-1,-1],"loss_changes":[6.1743035E0,2.1649742E-1,1.8195906E0,0E0,0E0,1.9239733E-1,0E0,7.223934E-4,1.7996266E-2,0E0,0E0,0E0,0E0],"parents":[2147483647,0,0,1,1,2,2,5,5,7,7,8,8],"right_children":[2,4,6,-1,-1,8,-1,10,12,-1,-1,-1,-1],"split_conditions":[2.0040584E-1,9.979093E-2,1E0,-1.637362E-1,-3.8204193E-2,5.0203824E-1,1.1649628E-1,4.0204233E-1,9.019587E-1,-1.8422127E-2,-4.7668456E-3,8.106994E-3,2.574234E-2],"split_indices":[0,0,0,0,0,0,0,0,0,0,0,0,0],"split_type":[0,0,0,0,0,0,0,0,0,0,0,0,0],"sum_hessian":[9E0,2E0,7E0,1E0,1E0,6E0,1E0,2E0,4E0,1E0,1E0,3E0,1E0],"tree_param":{"num_deleted":"0","num_feature":"2","num_nodes":"13","size_leaf_vector":"1"}},{"base_weights":[-1.2749776E-1,-1.2789558E0,3.202362E-1,-1.5554939E-1,-3.6293983E-2,4.9780708E-2,1.1067124E-1,-1.468633E-1,1.5781097E-1,-1.750107E-2,-4.528427E-3,7.498741E-3,2.4455262E-2],"categories":[],"categories_nodes":[],"categories_segments":[],"categories_sizes":[],"default_left":[0,0,0,0,0,0,0,0,0,0,0,0,0],"id":64,"left_children":[1,3,5,-1,-1,7,-1,9,11,-1,-1,-1,-1],"loss_changes":[5.565037E0,1.9538927E-1,1.6465614E0,0E0,0E0,1.7188117E-1,0E0,6.523207E-4,1.75829E-2,0E0,0E0,0E0,0E0],"parents":[2147483647,0,0,1,1,2,2,5,5,7,7,8,8],"right_children":[2,4,6,-1,-1,8,-1,10,12,-1,-1,-1,-1],"split_conditions":[2.0040584E-1,9.979093E-2,1E0,-1.5554939E-1,-3.6293983E-2,5.0203824E-1,1.1067124E-1,4.0204233E-1,9.019587E-1,-1.750107E-2,-4.528427E-3,7.498741E-3,2.4455262E-2],"split_indices":[0,0,0,0,0,0,0,0,0,0,0,0,0],"split_type":[0,0,0,0,0,0,0,0,0,0,0,0,0],"sum_hessian":[9E0,2E0,7E0,1E0,1E0,6E0,1E0,2E0,4E0,1E0,1E0,3E0,1E0],"tree_param":{"num_deleted":"0","num_feature":"2","num_nodes":"13","size_leaf_vector":"1"}},{"base_weights":[-1.2187326E-1,-1.2150084E0,3.0328655E-1,-1.4777192E-1,-3.447933E-2,4.6219964E-2,1.0513764E-1,-1.3951874E-1,1.4841919E-1,-1.6625976E-2,-4.3018344E-3,6.936264E-3,2.323227E-2],"categories":[],"categories_nodes":[],"categories_segments":[],"categories_sizes":[],"default_left":[0,0,0,0,0,0,0,0,0,0,0,0,0],"id":65,"left_children":[1,3,5,-1,-1,7,-1,9,11,-1,-1,-1,-1],"loss_changes":[5.0160666E0,1.7633724E-1,1.4898767E0,0E0,0E0,1.535837E-1,0E0,5.893409E-4,1.70511E-2,0E0,0E0,0E0,0E0],"parents":[2147483647,0,0,1,1,2,2,5,5,7,7,8,8],"right_children":[2,4,6,-1,-1,8,-1,10,12,-1,-1,-1,-1],"split_conditions":[2.0040584E-1,9.979093E-2,1E0,-1.4777192E-1,-3.447933E-2,5.0203824E-1,1.0513764E-1,4.0204233E-1,9.019587E-1,-1.6625976E-2,-4.3018344E-3,6.936264E-3,2.323227E-2],"split_indices":[0,0,0,0,0,0,0,0,0,0,0,0,0],"split_type":[0,0,0,0,0,0,0,0,0,0,0,0,0],"sum_hessian":[9E0,2E0,7E0,1E0,1E0,6E0,1E0,2E0,4E0,1E0,1E0,3E0,1E0],"tree_param":{"num_deleted":"0","num_feature":"2","num_nodes":"13","size_leaf_vector":"1"}},{"base_weights":[-1.16473176E-1,-1.154258E0,2.872553E-1,-1.4038333E-1,-3.2755375E-2,4.2917524E-2,9.9880986E-2,-1.3254292E-1,1.3961029E-1,-1.5794754E-2,-4.0866854E-3,6.4161303E-3,2.2070313E-2],"categories":[],"categories_nodes":[],"categories_segments":[],"categories_sizes":[],"default_left":[0,0,0,0,0,0,0,0,0,0,0,0,0],"id":66,"left_children":[1,3,5,-1,-1,7,-1,9,11,-1,-1,-1,-1],"loss_changes":[4.5213995E0,1.5914369E-1,1.3480108E0,0E0,0E0,1.3726465E-1,0E0,5.3216517E-4,1.6431265E-2,0E0,0E0,0E0,0E0],"parents":[2147483647,0,0,1,1,2,2,5,5,7,7,8,8],"right_children":[2,4,6,-1,-1,8,-1,10,12,-1,-1,-1,-1],"split_conditions":[2.0040584E-1,9.979093E-2,1E0,-1.4038333E-1,-3.2755375E-2,5.0203824E-1,9.9880986E-2,4.0204233E-1,9.019587E-1,-1.5794754E-2,-4.0866854E-3,6.4161303E-3,2.2070313E-2],"split_indices":[0,0,0,0,0,0,0,0,0,0,0,0,0],"split_type":[0,0,0,0,0,0,0,0,0,0,0,0,0],"sum_hessian":[9E0,2E0,7E0,1E0,1E0,6E0,1E0,2E0,4E0,1E0,1E0,3E0,1E0],"tree_param":{"num_deleted":"0","num_feature":"2","num_nodes":"13","size_leaf_vector":"1"}},{"base_weights":[-1.1129048E-1,-1.0965453E0,2.720914E-1,-1.3336417E-1,-3.1117631E-2,3.98565E-2,9.488678E-2,-1.2591426E-1,1.3134766E-1,-1.5004921E-2,-3.8822175E-3,5.934906E-2,2.0967102E-2,1.6868592E-3,6.788635E-3],"categories":[],"categories_nodes":[],"categories_segments":[],"categories_sizes":[],"default_left":[0,0,0,0,0,0,0,0,0,0,0,0,0,0,0],"id":67,"left_children":[1,3,5,-1,-1,7,-1,9,11,-1,-1,13,-1,-1,-1],"loss_changes":[4.075649E0,1.4362693E-1,1.2195503E0,0E0,0E0,1.2270445E-1,0E0,4.8065558E-4,1.5752085E-2,0E0,0E0,3.0552596E-4,0E0,0E0,0E0],"parents":[2147483647,0,0,1,1,2,2,5,5,7,7,8,8,11,11],"right_children":[2,4,6,-1,-1,8,-1,10,12,-1,-1,14,-1,-1,-1],"split_conditions":[2.0040584E-1,9.979093E-2,1E0,-1.3336417E-1,-3.1117631E-2,5.0203824E-1,9.488678E-2,4.0204233E-1,9.019587E-1,-1.5004921E-2,-3.8822175E-3,6.007961E-1,2.0967102E-2,1.6868592E-3,6.788635E-3],"split_indices":[0,0,0,0,0,0,0,0,0,0,0,0,0,0,0],"split_type":[0,0,0,0,0,0,0,0,0,0,0,0,0,0,0],"sum_hessian":[9E0,2E0,7E0,1E0,1E0,6E0,1E0,2E0,4E0,1E0,1E0,3E0,1E0,1E0,2E0],"tree_param":{"num_deleted":"0","num_feature":"2","num_nodes":"15","size_leaf_vector":"1"}},{"base_weights":[-1.06066205E-1,-1.0417178E0,2.580614E-1,-1.2669596E-1,-2.9561711E-2,3.7378583E-2,9.0142064E-2,-1.19618736E-1,1.2410126E-1,-1.4254761E-2,-3.6880493E-3,5.5532455E-2,1.9918824E-2,1.6025543E-3,6.3359584E-3],"categories":[],"categories_nodes":[],"categories_segments":[],"categories_sizes":[],"default_left":[0,0,0,0,0,0,0,0,0,0,0,0,0,0,0],"id":68,"left_children":[1,3,5,-1,-1,7,-1,9,11,-1,-1,13,-1,-1,-1],"loss_changes":[3.675793E0,1.2962413E-1,1.1021328E0,0E0,0E0,1.10151425E-1,0E0,4.3405592E-4,1.4681704E-2,0E0,0E0,2.2152998E-4,0E0,0E0,0E0],"parents":[2147483647,0,0,1,1,2,2,5,5,7,7,8,8,11,11],"right_children":[2,4,6,-1,-1,8,-1,10,12,-1,-1,14,-1,-1,-1],"split_conditions":[2.0040584E-1,9.979093E-2,1E0,-1.2669596E-1,-2.9561711E-2,5.0203824E-1,9.0142064E-2,4.0204233E-1,9.019587E-1,-1.4254761E-2,-3.6880493E-3,6.007961E-1,1.9918824E-2,1.6025543E-3,6.3359584E-3],"split_indices":[0,0,0,0,0,0,0,0,0,0,0,0,0,0,0],"split_type":[0,0,0,0,0,0,0,0,0,0,0,0,0,0,0],"sum_hessian":[9E0,2E0,7E0,1E0,1E0,6E0,1E0,2E0,4E0,1E0,1E0,3E0,1E0,1E0,2E0],"tree_param":{"num_deleted":"0","num_feature":"2","num_nodes":"15","size_leaf_vector":"1"}},{"base_weights":[-1.01079226E-1,-9.8963183E-1,2.447629E-1,-1.20361164E-1,-2.8083611E-2,3.5058703E-2,8.563461E-2,-1.1363856E-1,1.1726532E-1,-1.3541984E-2,-3.5037994E-3,5.1965714E-2,1.8923188E-2,1.5224457E-3,5.913798E-3],"categories":[],"categories_nodes":[],"categories_segments":[],"categories_sizes":[],"default_left":[0,0,0,0,0,0,0,0,0,0,0,0,0,0,0],"id":69,"left_children":[1,3,5,-1,-1,7,-1,9,11,-1,-1,13,-1,-1,-1],"loss_changes":[3.3152142E0,1.16986275E-1,9.959902E-1,0E0,0E0,9.889316E-2,0E0,3.9122626E-4,1.3663366E-2,0E0,0E0,1.5372969E-4,0E0,0E0,0E0],"parents":[2147483647,0,0,1,1,2,2,5,5,7,7,8,8,11,11],"right_children":[2,4,6,-1,-1,8,-1,10,12,-1,-1,14,-1,-1,-1],"split_conditions":[2.0040584E-1,9.979093E-2,1E0,-1.20361164E-1,-2.8083611E-2,5.0203824E-1,8.563461E-2,4.0204233E-1,9.019587E-1,-1.3541984E-2,-3.5037994E-3,6.007961E-1,1.8923188E-2,1.5224457E-3,5.913798E-3],"split_indices":[0,0,0,0,0,0,0,0,0,0,0,0,0,0,0],"split_type":[0,0,0,0,0,0,0,0,0,0,0,0,0,0,0],"sum_hessian":[9E0,2E0,7E0,1E0,1E0,6E0,1E0,2E0,4E0,1E0,1E0,3E0,1E0,1E0,2E0],"tree_param":{"num_deleted":"0","num_feature":"2","num_nodes":"15","size_leaf_vector":"1"}},{"base_weights":[-9.632079E-2,-9.401502E-1,2.3215532E-1,-1.1434311E-1,-2.667942E-2,3.2883234E-2,8.1353E-2,-1.0795721E-1,1.1081085E-1,-1.2864876E-2,-3.328705E-3,4.8627853E-2,1.7977143E-2,1.4461518E-3,5.5196127E-3],"categories":[],"categories_nodes":[],"categories_segments":[],"categories_sizes":[],"default_left":[0,0,0,0,0,0,0,0,0,0,0,0,0,0,0],"id":70,"left_children":[1,3,5,-1,-1,7,-1,9,11,-1,-1,13,-1,-1,-1],"loss_changes":[2.9900389E0,1.0558033E-1,9.0006244E-1,0E0,0E0,8.879034E-2,0E0,3.5278872E-4,1.2698986E-2,0E0,0E0,9.943545E-5,0E0,0E0,0E0],"parents":[2147483647,0,0,1,1,2,2,5,5,7,7,8,8,11,11],"right_children":[2,4,6,-1,-1,8,-1,10,12,-1,-1,14,-1,-1,-1],"split_conditions":[2.0040584E-1,9.979093E-2,1E0,-1.1434311E-1,-2.667942E-2,5.0203824E-1,8.1353E-2,4.0204233E-1,9.019587E-1,-1.2864876E-2,-3.328705E-3,6.007961E-1,1.7977143E-2,1.4461518E-3,5.5196127E-3],"split_indices":[0,0,0,0,0,0,0,0,0,0,0,0,0,0,0],"split_type":[0,0,0,0,0,0,0,0,0,0,0,0,0,0,0],"sum_hessian":[9E0,2E0,7E0,1E0,1E0,6E0,1E0,2E0,4E0,1E0,1E0,3E0,1E0,1E0,2E0],"tree_param":{"num_deleted":"0","num_feature":"2","num_nodes":"15","size_leaf_vector":"1"}},{"base_weights":[-9.178116E-2,-8.9314246E-1,2.2020197E-1,-1.0862595E-1,-2.534542E-2,3.0845096E-2,7.728501E-2,-1.0256068E-1,1.0471954E-1,-1.2221718E-2,-3.162384E-3,4.550743E-2,1.70784E-2,1.3736725E-3,5.151876E-3],"categories":[],"categories_nodes":[],"categories_segments":[],"categories_sizes":[],"default_left":[0,0,0,0,0,0,0,0,0,0,0,0,0,0,0],"id":71,"left_children":[1,3,5,-1,-1,7,-1,9,11,-1,-1,13,-1,-1,-1],"loss_changes":[2.696784E0,9.5286846E-2,8.133431E-1,0E0,0E0,7.972705E-2,0E0,3.1812862E-4,1.1787139E-2,0E0,0E0,5.6236982E-5,0E0,0E0,0E0],"parents":[2147483647,0,0,1,1,2,2,5,5,7,7,8,8,11,11],"right_children":[2,4,6,-1,-1,8,-1,10,12,-1,-1,14,-1,-1,-1],"split_conditions":[2.0040584E-1,9.979093E-2,1E0,-1.0862595E-1,-2.534542E-2,5.0203824E-1,7.728501E-2,4.0204233E-1,9.019587E-1,-1.2221718E-2,-3.162384E-3,6.007961E-1,1.70784E-2,1.3736725E-3,5.151876E-3],"split_indices":[0,0,0,0,0,0,0,0,0,0,0,0,0,0,0],"split_type":[0,0,0,0,0,0,0,0,0,0,0,0,0,0,0],"sum_hessian":[9E0,2E0,7E0,1E0,1E0,6E0,1E0,2E0,4E0,1E0,1E0,3E0,1E0,1E0,2E0],"tree_param":{"num_deleted":"0","num_feature":"2","num_nodes":"15","size_leaf_vector":"1"}},{"base_weights":[-8.7449335E-2,-8.484855E-1,2.0887041E-1,-1.03194654E-1,-2.407818E-2,2.8935568E-2,7.342072E-2,-9.743372E-2,9.897003E-2,-1.1610604E-2,-3.0044557E-3,4.2589188E-2,1.6224671E-2,1.305008E-3,4.808553E-3],"categories":[],"categories_nodes":[],"categories_segments":[],"categories_sizes":[],"default_left":[0,0,0,0,0,0,0,0,0,0,0,0,0,0,0],"id":72,"left_children":[1,3,5,-1,-1,7,-1,9,11,-1,-1,13,-1,-1,-1],"loss_changes":[2.432324E0,8.599591E-2,7.349664E-1,0E0,0E0,7.1594454E-2,0E0,2.8657913E-4,1.0928005E-2,0E0,0E0,2.1907967E-5,0E0,0E0,0E0],"parents":[2147483647,0,0,1,1,2,2,5,5,7,7,8,8,11,11],"right_children":[2,4,6,-1,-1,8,-1,10,12,-1,-1,14,-1,-1,-1],"split_conditions":[2.0040584E-1,9.979093E-2,1E0,-1.03194654E-1,-2.407818E-2,5.0203824E-1,7.342072E-2,4.0204233E-1,9.019587E-1,-1.1610604E-2,-3.0044557E-3,6.007961E-1,1.6224671E-2,1.305008E-3,4.808553E-3],"split_indices":[0,0,0,0,0,0,0,0,0,0,0,0,0,0,0],"split_type":[0,0,0,0,0,0,0,0,0,0,0,0,0,0,0],"sum_hessian":[9E0,2E0,7E0,1E0,1E0,6E0,1E0,2E0,4E0,1E0,1E0,3E0,1E0,1E0,2E0],"tree_param":{"num_deleted":"0","num_feature":"2","num_nodes":"15","size_leaf_vector":"1"}},{"base_weights":[-8.331654E-2,-8.060612E-1,1.9812727E-1,-9.803492E-2,-2.287426E-2,2.7147021E-2,6.974945E-2,-9.256109E-2,9.354248E-2,-1.1030006E-2,-2.8541565E-3,3.9859773E-3,1.5413666E-2],"categories":[],"categories_nodes":[],"categories_segments":[],"categories_sizes":[],"default_left":[0,0,0,0,0,0,0,0,0,0,0,0,0],"id":73,"left_children":[1,3,5,-1,-1,7,-1,9,11,-1,-1,-1,-1],"loss_changes":[2.1938229E0,7.761145E-2,6.6412055E-1,0E0,0E0,6.429492E-2,0E0,2.5878847E-4,1.0120444E-2,0E0,0E0,0E0,0E0],"parents":[2147483647,0,0,1,1,2,2,5,5,7,7,8,8],"right_children":[2,4,6,-1,-1,8,-1,10,12,-1,-1,-1,-1],"split_conditions":[2.0040584E-1,9.979093E-2,1E0,-9.803492E-2,-2.287426E-2,5.0203824E-1,6.974945E-2,4.0204233E-1,9.019587E-1,-1.1030006E-2,-2.8541565E-3,3.9859773E-3,1.5413666E-2],"split_indices":[0,0,0,0,0,0,0,0,0,0,0,0,0],"split_type":[0,0,0,0,0,0,0,0,0,0,0,0,0],"sum_hessian":[9E0,2E0,7E0,1E0,1E0,6E0,1E0,2E0,4E0,1E0,1E0,3E0,1E0],"tree_param":{"num_deleted":"0","num_feature":"2","num_nodes":"13","size_leaf_vector":"1"}},{"base_weights":[-7.95481E-2,-7.65758E-1,1.8772411E-1,-9.3133174E-2,-2.1730518E-2,2.5221689E-2,6.626206E-2,-8.793386E-2,8.8070676E-2,-1.04785925E-2,-2.7114868E-3,3.6872864E-2,1.4643097E-2,1.0406495E-3,4.2226156E-3],"categories":[],"categories_nodes":[],"categories_segments":[],"categories_sizes":[],"default_left":[0,0,0,0,0,0,0,0,0,0,0,0,0,0,0],"id":74,"left_children":[1,3,5,-1,-1,7,-1,9,11,-1,-1,13,-1,-1,-1],"loss_changes":[1.9777995E0,7.0044994E-2,6.0066223E-1,0E0,0E0,5.7526372E-2,0E0,2.3351982E-4,9.540271E-3,0E0,0E0,1.2730248E-4,0E0,0E0,0E0],"parents":[2147483647,0,0,1,1,2,2,5,5,7,7,8,8,11,11],"right_children":[2,4,6,-1,-1,8,-1,10,12,-1,-1,14,-1,-1,-1],"split_conditions":[2.0040584E-1,9.979093E-2,1E0,-9.3133174E-2,-2.1730518E-2,5.0203824E-1,6.626206E-2,4.0204233E-1,9.019587E-1,-1.04785925E-2,-2.7114868E-3,6.007961E-1,1.4643097E-2,1.0406495E-3,4.2226156E-3],"split_indices":[0,0,0,0,0,0,0,0,0,0,0,0,0,0,0],"split_type":[0,0,0,0,0,0,0,0,0,0,0,0,0,0,0],"sum_hessian":[9E0,2E0,7E0,1E0,1E0,6E0,1E0,2E0,4E0,1E0,1E0,3E0,1E0,1E0,2E0],"tree_param":{"num_deleted":"0","num_feature":"2","num_nodes":"15","size_leaf_vector":"1"}},{"base_weights":[-7.57823E-2,-7.274701E-1,1.780734E-1,-8.847652E-2,-2.0643998E-2,2.3659298E-2,6.294861E-2,-8.3538055E-2,8.324585E-2,-9.954643E-3,-2.576065E-3,3.4503937E-2,1.3910675E-2,9.887696E-4,3.9413455E-3],"categories":[],"categories_nodes":[],"categories_segments":[],"categories_sizes":[],"default_left":[0,0,0,0,0,0,0,0,0,0,0,0,0,0,0],"id":75,"left_children":[1,3,5,-1,-1,7,-1,9,11,-1,-1,13,-1,-1,-1],"loss_changes":[1.7838898E0,6.3215375E-2,5.427427E-1,0E0,0E0,5.166684E-2,0E0,2.1038577E-4,8.814108E-3,0E0,0E0,9.370688E-5,0E0,0E0,0E0],"parents":[2147483647,0,0,1,1,2,2,5,5,7,7,8,8,11,11],"right_children":[2,4,6,-1,-1,8,-1,10,12,-1,-1,14,-1,-1,-1],"split_conditions":[2.0040584E-1,9.979093E-2,1E0,-8.847652E-2,-2.0643998E-2,5.0203824E-1,6.294861E-2,4.0204233E-1,9.019587E-1,-9.954643E-3,-2.576065E-3,6.007961E-1,1.3910675E-2,9.887696E-4,3.9413455E-3],"split_indices":[0,0,0,0,0,0,0,0,0,0,0,0,0,0,0],"split_type":[0,0,0,0,0,0,0,0,0,0,0,0,0,0,0],"sum_hessian":[9E0,2E0,7E0,1E0,1E0,6E0,1E0,2E0,4E0,1E0,1E0,3E0,1E0,1E0,2E0],"tree_param":{"num_deleted":"0","num_feature":"2","num_nodes":"15","size_leaf_vector":"1"}},{"base_weights":[-7.2190724E-2,-6.9109684E-1,1.689229E-1,-8.405269E-2,-1.9611835E-2,2.2193363E-2,5.9801485E-2,-7.935969E-2,7.868652E-2,-9.456825E-3,-2.4471283E-3,3.2283783E-2,1.3214874E-2,9.3917846E-4,3.6783856E-3],"categories":[],"categories_nodes":[],"categories_segments":[],"categories_sizes":[],"default_left":[0,0,0,0,0,0,0,0,0,0,0,0,0,0,0],"id":76,"left_children":[1,3,5,-1,-1,7,-1,9,11,-1,-1,13,-1,-1,-1],"loss_changes":[1.6090091E0,5.705118E-2,4.904117E-1,0E0,0E0,4.6403907E-2,0E0,1.901146E-4,8.137707E-3,0E0,0E0,6.659655E-5,0E0,0E0,0E0],"parents":[2147483647,0,0,1,1,2,2,5,5,7,7,8,8,11,11],"right_children":[2,4,6,-1,-1,8,-1,10,12,-1,-1,14,-1,-1,-1],"split_conditions":[2.0040584E-1,9.979093E-2,1E0,-8.405269E-2,-1.9611835E-2,5.0203824E-1,5.9801485E-2,4.0204233E-1,9.019587E-1,-9.456825E-3,-2.4471283E-3,6.007961E-1,1.3214874E-2,9.3917846E-4,3.6783856E-3],"split_indices":[0,0,0,0,0,0,0,0,0,0,0,0,0,0,0],"split_type":[0,0,0,0,0,0,0,0,0,0,0,0,0,0,0],"sum_hessian":[9E0,2E0,7E0,1E0,1E0,6E0,1E0,2E0,4E0,1E0,1E0,3E0,1E0,1E0,2E0],"tree_param":{"num_deleted":"0","num_feature":"2","num_nodes":"15","size_leaf_vector":"1"}},{"base_weights":[-6.87644E-2,-6.565421E-1,1.602478E-1,-7.9850055E-2,-1.8631268E-2,2.0821707E-2,5.6811523E-2,-7.5391136E-2,7.438507E-2,-8.983994E-3,-2.3246766E-3,3.0210495E-2,1.2554169E-2,8.922577E-4,3.4332275E-3],"categories":[],"categories_nodes":[],"categories_segments":[],"categories_sizes":[],"default_left":[0,0,0,0,0,0,0,0,0,0,0,0,0,0,0],"id":77,"left_children":[1,3,5,-1,-1,7,-1,9,11,-1,-1,13,-1,-1,-1],"loss_changes":[1.4512922E0,5.14884E-2,4.431098E-1,0E0,0E0,4.168236E-2,0E0,1.7178245E-4,7.506434E-3,0E0,0E0,4.464411E-5,0E0,0E0,0E0],"parents":[2147483647,0,0,1,1,2,2,5,5,7,7,8,8,11,11],"right_children":[2,4,6,-1,-1,8,-1,10,12,-1,-1,14,-1,-1,-1],"split_conditions":[2.0040584E-1,9.979093E-2,1E0,-7.9850055E-2,-1.8631268E-2,5.0203824E-1,5.6811523E-2,4.0204233E-1,9.019587E-1,-8.983994E-3,-2.3246766E-3,6.007961E-1,1.2554169E-2,8.922577E-4,3.4332275E-3],"split_indices":[0,0,0,0,0,0,0,0,0,0,0,0,0,0,0],"split_type":[0,0,0,0,0,0,0,0,0,0,0,0,0,0,0],"sum_hessian":[9E0,2E0,7E0,1E0,1E0,6E0,1E0,2E0,4E0,1E0,1E0,3E0,1E0,1E0,2E0],"tree_param":{"num_deleted":"0","num_feature":"2","num_nodes":"15","size_leaf_vector":"1"}},{"base_weights":[-6.549779E-2,-6.237151E-1,1.5202093E-1,-7.585755E-2,-1.7699718E-2,1.9535065E-2,5.39711E-2,-7.162094E-2,7.032166E-2,-8.534813E-3,-2.2083283E-3,2.8270721E-2,1.192627E-2,8.476257E-4,3.2043457E-3],"categories":[],"categories_nodes":[],"categories_segments":[],"categories_sizes":[],"default_left":[0,0,0,0,0,0,0,0,0,0,0,0,0,0,0],"id":78,"left_children":[1,3,5,-1,-1,7,-1,9,11,-1,-1,13,-1,-1,-1],"loss_changes":[1.309045E0,4.64679E-2,4.0036437E-1,0E0,0E0,3.7443023E-2,0E0,1.5527103E-4,6.9184415E-3,0E0,0E0,2.7108472E-5,0E0,0E0,0E0],"parents":[2147483647,0,0,1,1,2,2,5,5,7,7,8,8,11,11],"right_children":[2,4,6,-1,-1,8,-1,10,12,-1,-1,14,-1,-1,-1],"split_conditions":[2.0040584E-1,9.979093E-2,1E0,-7.585755E-2,-1.7699718E-2,5.0203824E-1,5.39711E-2,4.0204233E-1,9.019587E-1,-8.534813E-3,-2.2083283E-3,6.007961E-1,1.192627E-2,8.476257E-4,3.2043457E-3],"split_indices":[0,0,0,0,0,0,0,0,0,0,0,0,0,0,0],"split_type":[0,0,0,0,0,0,0,0,0,0,0,0,0,0,0],"sum_hessian":[9E0,2E0,7E0,1E0,1E0,6E0,1E0,2E0,4E0,1E0,1E0,3E0,1E0,1E0,2E0],"tree_param":{"num_deleted":"0","num_feature":"2","num_nodes":"15","size_leaf_vector":"1"}},{"base_weights":[-6.238401E-2,-5.9252924E-1,1.4421844E-1,-7.2064675E-2,-1.6814709E-2,1.8327985E-2,5.1272582E-2,-6.804148E-2,6.648407E-2,-8.108139E-3,-2.0980835E-3,2.6456833E-2,1.1329651E-2,8.052826E-4,2.9907227E-3],"categories":[],"categories_nodes":[],"categories_segments":[],"categories_sizes":[],"default_left":[0,0,0,0,0,0,0,0,0,0,0,0,0,0,0],"id":79,"left_children":[1,3,5,-1,-1,7,-1,9,11,-1,-1,13,-1,-1,-1],"loss_changes":[1.1807467E0,4.193771E-2,3.6173528E-1,0E0,0E0,3.363818E-2,0E0,1.398446E-4,6.3713957E-3,0E0,0E0,1.3166573E-5,0E0,0E0,0E0],"parents":[2147483647,0,0,1,1,2,2,5,5,7,7,8,8,11,11],"right_children":[2,4,6,-1,-1,8,-1,10,12,-1,-1,14,-1,-1,-1],"split_conditions":[2.0040584E-1,9.979093E-2,1E0,-7.2064675E-2,-1.6814709E-2,5.0203824E-1,5.1272582E-2,4.0204233E-1,9.019587E-1,-8.108139E-3,-2.0980835E-3,6.007961E-1,1.1329651E-2,8.052826E-4,2.9907227E-3],"split_indices":[0,0,0,0,0,0,0,0,0,0,0,0,0,0,0],"split_type":[0,0,0,0,0,0,0,0,0,0,0,0,0,0,0],"sum_hessian":[9E0,2E0,7E0,1E0,1E0,6E0,1E0,2E0,4E0,1E0,1E0,3E0,1E0,1E0,2E0],"tree_param":{"num_deleted":"0","num_feature":"2","num_nodes":"15","size_leaf_vector":"1"}},{"base_weights":[-5.9415292E-2,-5.629026E-1,1.3681936E-1,-6.846144E-2,-1.597395E-2,1.719611E-2,4.8709106E-2,-6.4640045E-2,6.285858E-2,-7.7028275E-3,-1.9931793E-3,2.4759293E-2,1.0762787E-2,7.648468E-4,2.7913412E-3],"categories":[],"categories_nodes":[],"categories_segments":[],"categories_sizes":[],"default_left":[0,0,0,0,0,0,0,0,0,0,0,0,0,0,0],"id":80,"left_children":[1,3,5,-1,-1,7,-1,9,11,-1,-1,13,-1,-1,-1],"loss_changes":[1.0650325E0,3.7849188E-2,3.2682908E-1,0E0,0E0,3.0221067E-2,0E0,1.2625754E-4,5.8636013E-3,0E0,0E0,2.3832545E-6,0E0,0E0,0E0],"parents":[2147483647,0,0,1,1,2,2,5,5,7,7,8,8,11,11],"right_children":[2,4,6,-1,-1,8,-1,10,12,-1,-1,14,-1,-1,-1],"split_conditions":[2.0040584E-1,9.979093E-2,1E0,-6.846144E-2,-1.597395E-2,5.0203824E-1,4.8709106E-2,4.0204233E-1,9.019587E-1,-7.7028275E-3,-1.9931793E-3,6.007961E-1,1.0762787E-2,7.648468E-4,2.7913412E-3],"split_indices":[0,0,0,0,0,0,0,0,0,0,0,0,0,0,0],"split_type":[0,0,0,0,0,0,0,0,0,0,0,0,0,0,0],"sum_hessian":[9E0,2E0,7E0,1E0,1E0,6E0,1E0,2E0,4E0,1E0,1E0,3E0,1E0,1E0,2E0],"tree_param":{"num_deleted":"0","num_feature":"2","num_nodes":"15","size_leaf_vector":"1"}},{"base_weights":[-5.6583546E-2,-5.3475744E-1,1.2980461E-1,-6.5038376E-2,-1.5175248E-2,1.613726E-2,4.6273805E-2,-6.1408997E-2,5.943756E-2,-7.317734E-3,-1.8936157E-3,2.317238E-3,1.0224915E-2],"categories":[],"categories_nodes":[],"categories_segments":[],"categories_sizes":[],"default_left":[0,0,0,0,0,0,0,0,0,0,0,0,0],"id":81,"left_children":[1,3,5,-1,-1,7,-1,9,11,-1,-1,-1,-1],"loss_changes":[9.606735E-1,3.4158945E-2,2.95282E-1,0E0,0E0,2.7154434E-2,0E0,1.1380669E-4,5.393494E-3,0E0,0E0,0E0,0E0],"parents":[2147483647,0,0,1,1,2,2,5,5,7,7,8,8],"right_children":[2,4,6,-1,-1,8,-1,10,12,-1,-1,-1,-1],"split_conditions":[2.0040584E-1,9.979093E-2,1E0,-6.5038376E-2,-1.5175248E-2,5.0203824E-1,4.6273805E-2,4.0204233E-1,9.019587E-1,-7.317734E-3,-1.8936157E-3,2.317238E-3,1.0224915E-2],"split_indices":[0,0,0,0,0,0,0,0,0,0,0,0,0],"split_type":[0,0,0,0,0,0,0,0,0,0,0,0,0],"sum_hessian":[9E0,2E0,7E0,1E0,1E0,6E0,1E0,2E0,4E0,1E0,1E0,3E0,1E0],"tree_param":{"num_deleted":"0","num_feature":"2","num_nodes":"13","size_leaf_vector":"1"}},{"base_weights":[-5.3987492E-2,-5.0801975E-1,1.2302303E-1,-6.1786454E-2,-1.4416504E-2,1.49983E-2,4.3959808E-2,-5.8339436E-2,5.6001283E-2,-6.9519044E-3,-1.7990113E-3,2.1432877E-2,9.713746E-3,6.1073306E-4,2.4505616E-3],"categories":[],"categories_nodes":[],"categories_segments":[],"categories_sizes":[],"default_left":[0,0,0,0,0,0,0,0,0,0,0,0,0,0,0],"id":82,"left_children":[1,3,5,-1,-1,7,-1,9,11,-1,-1,13,-1,-1,-1],"loss_changes":[8.66183E-1,3.0828178E-2,2.6699024E-1,0E0,0E0,2.4316546E-2,0E0,1.0261312E-4,5.028123E-3,0E0,0E0,3.870169E-5,0E0,0E0,0E0],"parents":[2147483647,0,0,1,1,2,2,5,5,7,7,8,8,11,11],"right_children":[2,4,6,-1,-1,8,-1,10,12,-1,-1,14,-1,-1,-1],"split_conditions":[2.0040584E-1,9.979093E-2,1E0,-6.1786454E-2,-1.4416504E-2,5.0203824E-1,4.3959808E-2,4.0204233E-1,9.019587E-1,-6.9519044E-3,-1.7990113E-3,6.007961E-1,9.713746E-3,6.1073306E-4,2.4505616E-3],"split_indices":[0,0,0,0,0,0,0,0,0,0,0,0,0,0,0],"split_type":[0,0,0,0,0,0,0,0,0,0,0,0,0,0,0],"sum_hessian":[9E0,2E0,7E0,1E0,1E0,6E0,1E0,2E0,4E0,1E0,1E0,3E0,1E0,1E0,2E0],"tree_param":{"num_deleted":"0","num_feature":"2","num_nodes":"15","size_leaf_vector":"1"}},{"base_weights":[-5.141107E-2,-4.8261902E-1,1.1671829E-1,-5.8697134E-2,-1.3695717E-2,1.4072963E-2,4.1761782E-2,-5.5422466E-2,5.2955627E-2,-6.6043856E-3,-1.7089844E-3,2.005577E-2,9.227753E-3,5.802155E-4,2.2872926E-3],"categories":[],"categories_nodes":[],"categories_segments":[],"categories_sizes":[],"default_left":[0,0,0,0,0,0,0,0,0,0,0,0,0,0,0],"id":83,"left_children":[1,3,5,-1,-1,7,-1,9,11,-1,-1,13,-1,-1,-1],"loss_changes":[7.813176E-1,2.7821898E-2,2.4121031E-1,0E0,0E0,2.1850102E-2,0E0,9.2757866E-5,4.6177283E-3,0E0,0E0,2.790615E-5,0E0,0E0,0E0],"parents":[2147483647,0,0,1,1,2,2,5,5,7,7,8,8,11,11],"right_children":[2,4,6,-1,-1,8,-1,10,12,-1,-1,14,-1,-1,-1],"split_conditions":[2.0040584E-1,9.979093E-2,1E0,-5.8697134E-2,-1.3695717E-2,5.0203824E-1,4.1761782E-2,4.0204233E-1,9.019587E-1,-6.6043856E-3,-1.7089844E-3,6.007961E-1,9.227753E-3,5.802155E-4,2.2872926E-3],"split_indices":[0,0,0,0,0,0,0,0,0,0,0,0,0,0,0],"split_type":[0,0,0,0,0,0,0,0,0,0,0,0,0,0,0],"sum_hessian":[9E0,2E0,7E0,1E0,1E0,6E0,1E0,2E0,4E0,1E0,1E0,3E0,1E0,1E0,2E0],"tree_param":{"num_deleted":"0","num_feature":"2","num_nodes":"15","size_leaf_vector":"1"}},{"base_weights":[-4.8955895E-2,-4.5848837E-1,1.1073828E-1,-5.576228E-2,-1.3010979E-2,1.3204847E-2,3.9673615E-2,-5.2651722E-2,5.007782E-2,-6.2742233E-3,-1.6235352E-3,1.8766403E-2,8.766174E-3,5.5122375E-4,2.1347047E-3],"categories":[],"categories_nodes":[],"categories_segments":[],"categories_sizes":[],"default_left":[0,0,0,0,0,0,0,0,0,0,0,0,0,0,0],"id":84,"left_children":[1,3,5,-1,-1,7,-1,9,11,-1,-1,13,-1,-1,-1],"loss_changes":[7.0477176E-1,2.5108695E-2,2.1791598E-1,0E0,0E0,1.9634975E-2,0E0,8.3737075E-5,4.2389333E-3,0E0,0E0,1.9146944E-5,0E0,0E0,0E0],"parents":[2147483647,0,0,1,1,2,2,5,5,7,7,8,8,11,11],"right_children":[2,4,6,-1,-1,8,-1,10,12,-1,-1,14,-1,-1,-1],"split_conditions":[2.0040584E-1,9.979093E-2,1E0,-5.576228E-2,-1.3010979E-2,5.0203824E-1,3.9673615E-2,4.0204233E-1,9.019587E-1,-6.2742233E-3,-1.6235352E-3,6.007961E-1,8.766174E-3,5.5122375E-4,2.1347047E-3],"split_indices":[0,0,0,0,0,0,0,0,0,0,0,0,0,0,0],"split_type":[0,0,0,0,0,0,0,0,0,0,0,0,0,0,0],"sum_hessian":[9E0,2E0,7E0,1E0,1E0,6E0,1E0,2E0,4E0,1E0,1E0,3E0,1E0,1E0,2E0],"tree_param":{"num_deleted":"0","num_feature":"2","num_nodes":"15","size_leaf_vector":"1"}},{"base_weights":[-4.661529E-2,-4.3556365E-1,1.0506725E-1,-5.2974164E-2,-1.2360382E-2,1.2391226E-2,3.7689973E-2,-5.001831E-2,4.7358703E-2,-5.9604645E-3,-1.5422822E-3,1.7560959E-2,8.327484E-3,5.2375795E-4,1.9922892E-3],"categories":[],"categories_nodes":[],"categories_segments":[],"categories_sizes":[],"default_left":[0,0,0,0,0,0,0,0,0,0,0,0,0,0,0],"id":85,"left_children":[1,3,5,-1,-1,7,-1,9,11,-1,-1,13,-1,-1,-1],"loss_changes":[6.3573027E-1,2.266115E-2,1.9686857E-1,0E0,0E0,1.764493E-2,0E0,7.5660646E-5,3.8887132E-3,0E0,0E0,1.20803015E-5,0E0,0E0,0E0],"parents":[2147483647,0,0,1,1,2,2,5,5,7,7,8,8,11,11],"right_children":[2,4,6,-1,-1,8,-1,10,12,-1,-1,14,-1,-1,-1],"split_conditions":[2.0040584E-1,9.979093E-2,1E0,-5.2974164E-2,-1.2360382E-2,5.0203824E-1,3.7689973E-2,4.0204233E-1,9.019587E-1,-5.9604645E-3,-1.5422822E-3,6.007961E-1,8.327484E-3,5.2375795E-4,1.9922892E-3],"split_indices":[0,0,0,0,0,0,0,0,0,0,0,0,0,0,0],"split_type":[0,0,0,0,0,0,0,0,0,0,0,0,0,0,0],"sum_hessian":[9E0,2E0,7E0,1E0,1E0,6E0,1E0,2E0,4E0,1E0,1E0,3E0,1E0,1E0,2E0],"tree_param":{"num_deleted":"0","num_feature":"2","num_nodes":"15","size_leaf_vector":"1"}},{"base_weights":[-4.4384502E-2,-4.137857E-1,9.968901E-2,-5.0325453E-2,-1.1742401E-2,1.1628832E-2,3.5805512E-2,-4.751714E-2,4.4790648E-2,-5.662346E-3,-1.4652252E-3,1.6433716E-2,7.910919E-3,4.9743656E-4,1.8595377E-3],"categories":[],"categories_nodes":[],"categories_segments":[],"categories_sizes":[],"default_left":[0,0,0,0,0,0,0,0,0,0,0,0,0,0,0],"id":86,"left_children":[1,3,5,-1,-1,7,-1,9,11,-1,-1,13,-1,-1,-1],"loss_changes":[5.7345915E-1,2.0451188E-2,1.7785037E-1,0E0,0E0,1.585804E-2,0E0,6.817328E-5,3.5657845E-3,0E0,0E0,6.5848E-6,0E0,0E0,0E0],"parents":[2147483647,0,0,1,1,2,2,5,5,7,7,8,8,11,11],"right_children":[2,4,6,-1,-1,8,-1,10,12,-1,-1,14,-1,-1,-1],"split_conditions":[2.0040584E-1,9.979093E-2,1E0,-5.0325453E-2,-1.1742401E-2,5.0203824E-1,3.5805512E-2,4.0204233E-1,9.019587E-1,-5.662346E-3,-1.4652252E-3,6.007961E-1,7.910919E-3,4.9743656E-4,1.8595377E-3],"split_indices":[0,0,0,0,0,0,0,0,0,0,0,0,0,0,0],"split_type":[0,0,0,0,0,0,0,0,0,0,0,0,0,0,0],"sum_hessian":[9E0,2E0,7E0,1E0,1E0,6E0,1E0,2E0,4E0,1E0,1E0,3E0,1E0,1E0,2E0],"tree_param":{"num_deleted":"0","num_feature":"2","num_nodes":"15","size_leaf_vector":"1"}},{"base_weights":[-4.2258758E-2,-3.9309666E-1,9.45878E-2,-4.780918E-2,-1.1155319E-2,1.09149385E-2,3.401489E-2,-4.5141857E-2,4.2366028E-2,-5.3792954E-3,-1.391983E-3,1.5378952E-2,7.515717E-3,4.72641E-4,1.735433E-3],"categories":[],"categories_nodes":[],"categories_segments":[],"categories_sizes":[],"default_left":[0,0,0,0,0,0,0,0,0,0,0,0,0,0,0],"id":87,"left_children":[1,3,5,-1,-1,7,-1,9,11,-1,-1,13,-1,-1,-1],"loss_changes":[5.172918E-1,1.8456787E-2,1.6066171E-1,0E0,0E0,1.4253812E-2,0E0,6.15255E-5,3.2688463E-3,0E0,0E0,2.1475134E-6,0E0,0E0,0E0],"parents":[2147483647,0,0,1,1,2,2,5,5,7,7,8,8,11,11],"right_children":[2,4,6,-1,-1,8,-1,10,12,-1,-1,14,-1,-1,-1],"split_conditions":[2.0040584E-1,9.979093E-2,1E0,-4.780918E-2,-1.1155319E-2,5.0203824E-1,3.401489E-2,4.0204233E-1,9.019587E-1,-5.3792954E-3,-1.391983E-3,6.007961E-1,7.515717E-3,4.72641E-4,1.735433E-3],"split_indices":[0,0,0,0,0,0,0,0,0,0,0,0,0,0,0],"split_type":[0,0,0,0,0,0,0,0,0,0,0,0,0,0,0],"sum_hessian":[9E0,2E0,7E0,1E0,1E0,6E0,1E0,2E0,4E0,1E0,1E0,3E0,1E0,1E0,2E0],"tree_param":{"num_deleted":"0","num_feature":"2","num_nodes":"15","size_leaf_vector":"1"}},{"base_weights":[-4.023262E-2,-3.7344158E-1,8.974981E-2,-4.541872E-2,-1.0597515E-2,1.0244642E-2,3.23143E-2,-4.2886097E-2,4.007416E-2,-5.1103593E-3,-1.3225556E-3,1.439476E-3,7.1395873E-3],"categories":[],"categories_nodes":[],"categories_segments":[],"categories_sizes":[],"default_left":[0,0,0,0,0,0,0,0,0,0,0,0,0],"id":88,"left_children":[1,3,5,-1,-1,7,-1,9,11,-1,-1,-1,-1],"loss_changes":[4.6662945E-1,1.665768E-2,1.4513725E-1,0E0,0E0,1.2812673E-2,0E0,5.5332668E-5,2.9938873E-3,0E0,0E0,0E0,0E0],"parents":[2147483647,0,0,1,1,2,2,5,5,7,7,8,8],"right_children":[2,4,6,-1,-1,8,-1,10,12,-1,-1,-1,-1],"split_conditions":[2.0040584E-1,9.979093E-2,1E0,-4.541872E-2,-1.0597515E-2,5.0203824E-1,3.23143E-2,4.0204233E-1,9.019587E-1,-5.1103593E-3,-1.3225556E-3,1.439476E-3,7.1395873E-3],"split_indices":[0,0,0,0,0,0,0,0,0,0,0,0,0],"split_type":[0,0,0,0,0,0,0,0,0,0,0,0,0],"sum_hessian":[9E0,2E0,7E0,1E0,1E0,6E0,1E0,2E0,4E0,1E0,1E0,3E0,1E0],"tree_param":{"num_deleted":"0","num_feature":"2","num_nodes":"13","size_leaf_vector":"1"}},{"base_weights":[-3.8366377E-2,-3.547696E-1,8.508062E-2,-4.3147784E-2,-1.0067654E-2,9.525299E-3,3.0698394E-2,-4.0742237E-2,3.778076E-2,-4.8547746E-3,-1.2565613E-3,1.3313293E-2,6.7825317E-3,3.768921E-4,1.5238444E-3],"categories":[],"categories_nodes":[],"categories_segments":[],"categories_sizes":[],"default_left":[0,0,0,0,0,0,0,0,0,0,0,0,0,0,0],"id":89,"left_children":[1,3,5,-1,-1,7,-1,9,11,-1,-1,13,-1,-1,-1],"loss_changes":[4.2077428E-1,1.5033424E-2,1.3120371E-1,0E0,0E0,1.14816E-2,0E0,4.976662E-5,2.772592E-3,0E0,0E0,1.6064907E-5,0E0,0E0,0E0],"parents":[2147483647,0,0,1,1,2,2,5,5,7,7,8,8,11,11],"right_children":[2,4,6,-1,-1,8,-1,10,12,-1,-1,14,-1,-1,-1],"split_conditions":[2.0040584E-1,9.979093E-2,1E0,-4.3147784E-2,-1.0067654E-2,5.0203824E-1,3.0698394E-2,4.0204233E-1,9.019587E-1,-4.8547746E-3,-1.2565613E-3,6.007961E-1,6.7825317E-3,3.768921E-4,1.5238444E-3],"split_indices":[0,0,0,0,0,0,0,0,0,0,0,0,0,0,0],"split_type":[0,0,0,0,0,0,0,0,0,0,0,0,0,0,0],"sum_hessian":[9E0,2E0,7E0,1E0,1E0,6E0,1E0,2E0,4E0,1E0,1E0,3E0,1E0,1E0,2E0],"tree_param":{"num_deleted":"0","num_feature":"2","num_nodes":"15","size_leaf_vector":"1"}},{"base_weights":[-3.652505E-2,-3.3703133E-1,8.073044E-2,-4.0990394E-2,-9.564305E-3,8.93947E-3,2.916336E-2,-3.870392E-2,3.573761E-2,-4.611969E-3,-1.1936188E-3,1.2456894E-2,6.4430237E-3,3.5820008E-4,1.4221192E-3],"categories":[],"categories_nodes":[],"categories_segments":[],"categories_sizes":[],"default_left":[0,0,0,0,0,0,0,0,0,0,0,0,0,0,0],"id":90,"left_children":[1,3,5,-1,-1,7,-1,9,11,-1,-1,13,-1,-1,-1],"loss_changes":[3.7956876E-1,1.3567358E-2,1.1852049E-1,0E0,0E0,1.0320465E-2,0E0,4.5016408E-5,2.5373236E-3,0E0,0E0,1.1691474E-5,0E0,0E0,0E0],"parents":[2147483647,0,0,1,1,2,2,5,5,7,7,8,8,11,11],"right_children":[2,4,6,-1,-1,8,-1,10,12,-1,-1,14,-1,-1,-1],"split_conditions":[2.0040584E-1,9.979093E-2,1E0,-4.0990394E-2,-9.564305E-3,5.0203824E-1,2.916336E-2,4.0204233E-1,9.019587E-1,-4.611969E-3,-1.1936188E-3,6.007961E-1,6.4430237E-3,3.5820008E-4,1.4221192E-3],"split_indices":[0,0,0,0,0,0,0,0,0,0,0,0,0,0,0],"split_type":[0,0,0,0,0,0,0,0,0,0,0,0,0,0,0],"sum_hessian":[9E0,2E0,7E0,1E0,1E0,6E0,1E0,2E0,4E0,1E0,1E0,3E0,1E0,1E0,2E0],"tree_param":{"num_deleted":"0","num_feature":"2","num_nodes":"15","size_leaf_vector":"1"}},{"base_weights":[-3.476899E-2,-3.2018003E-1,7.660627E-2,-3.8940873E-2,-9.086132E-3,8.391789E-3,2.7705384E-2,-3.6769867E-2,3.3810426E-2,-4.3813707E-3,-1.1341096E-3,1.1657715E-2,6.121063E-3,3.40271E-4,1.3275146E-3],"categories":[],"categories_nodes":[],"categories_segments":[],"categories_sizes":[],"default_left":[0,0,0,0,0,0,0,0,0,0,0,0,0,0,0],"id":91,"left_children":[1,3,5,-1,-1,7,-1,9,11,-1,-1,13,-1,-1,-1],"loss_changes":[3.424051E-1,1.2244105E-2,1.07062444E-1,0E0,0E0,9.278839E-3,0E0,4.0452927E-5,2.321368E-3,0E0,0E0,8.236151E-6,0E0,0E0,0E0],"parents":[2147483647,0,0,1,1,2,2,5,5,7,7,8,8,11,11],"right_children":[2,4,6,-1,-1,8,-1,10,12,-1,-1,14,-1,-1,-1],"split_conditions":[2.0040584E-1,9.979093E-2,1E0,-3.8940873E-2,-9.086132E-3,5.0203824E-1,2.7705384E-2,4.0204233E-1,9.019587E-1,-4.3813707E-3,-1.1341096E-3,6.007961E-1,6.121063E-3,3.40271E-4,1.3275146E-3],"split_indices":[0,0,0,0,0,0,0,0,0,0,0,0,0,0,0],"split_type":[0,0,0,0,0,0,0,0,0,0,0,0,0,0,0],"sum_hessian":[9E0,2E0,7E0,1E0,1E0,6E0,1E0,2E0,4E0,1E0,1E0,3E0,1E0,1E0,2E0],"tree_param":{"num_deleted":"0","num_feature":"2","num_nodes":"15","size_leaf_vector":"1"}},{"base_weights":[-3.309697E-2,-3.0417088E-1,7.269287E-2,-3.699383E-2,-8.631802E-3,7.877895E-3,2.6319886E-2,-3.4929913E-2,3.1987E-2,-4.162216E-3,-1.0772705E-3,1.0908127E-2,5.8151246E-3,3.2310488E-4,1.2390137E-3],"categories":[],"categories_nodes":[],"categories_segments":[],"categories_sizes":[],"default_left":[0,0,0,0,0,0,0,0,0,0,0,0,0,0,0],"id":92,"left_children":[1,3,5,-1,-1,7,-1,9,11,-1,-1,13,-1,-1,-1],"loss_changes":[3.0887973E-1,1.1050522E-2,9.670767E-2,0E0,0E0,8.341708E-3,0E0,3.6614947E-5,2.1232432E-3,0E0,0E0,5.4769043E-6,0E0,0E0,0E0],"parents":[2147483647,0,0,1,1,2,2,5,5,7,7,8,8,11,11],"right_children":[2,4,6,-1,-1,8,-1,10,12,-1,-1,14,-1,-1,-1],"split_conditions":[2.0040584E-1,9.979093E-2,1E0,-3.699383E-2,-8.631802E-3,5.0203824E-1,2.6319886E-2,4.0204233E-1,9.019587E-1,-4.162216E-3,-1.0772705E-3,6.007961E-1,5.8151246E-3,3.2310488E-4,1.2390137E-3],"split_indices":[0,0,0,0,0,0,0,0,0,0,0,0,0,0,0],"split_type":[0,0,0,0,0,0,0,0,0,0,0,0,0,0,0],"sum_hessian":[9E0,2E0,7E0,1E0,1E0,6E0,1E0,2E0,4E0,1E0,1E0,3E0,1E0,1E0,2E0],"tree_param":{"num_deleted":"0","num_feature":"2","num_nodes":"15","size_leaf_vector":"1"}},{"base_weights":[-3.1503297E-2,-2.8896204E-1,6.898165E-2,-3.514414E-2,-8.200169E-3,7.396698E-3,2.5003815E-2,-3.318405E-2,3.0265808E-2,-3.9541246E-3,-1.0234833E-3,1.0210037E-2,5.524445E-3,4.5725502E-4,1.3561249E-3],"categories":[],"categories_nodes":[],"categories_segments":[],"categories_sizes":[],"default_left":[0,0,0,0,0,0,0,0,0,0,0,0,0,0,0],"id":93,"left_children":[1,3,5,-1,-1,7,-1,9,11,-1,-1,13,-1,-1,-1],"loss_changes":[2.7864033E-1,9.973466E-3,8.735338E-2,0E0,0E0,7.500662E-3,0E0,3.2979762E-5,1.9407808E-3,0E0,0E0,1.3560173E-5,0E0,0E0,0E0],"parents":[2147483647,0,0,1,1,2,2,5,5,7,7,8,8,11,11],"right_children":[2,4,6,-1,-1,8,-1,10,12,-1,-1,14,-1,-1,-1],"split_conditions":[2.0040584E-1,9.979093E-2,1E0,-3.514414E-2,-8.200169E-3,5.0203824E-1,2.5003815E-2,4.0204233E-1,9.019587E-1,-3.9541246E-3,-1.0234833E-3,7.007641E-1,5.524445E-3,4.5725502E-4,1.3561249E-3],"split_indices":[0,0,0,0,0,0,0,0,0,0,0,0,0,0,0],"split_type":[0,0,0,0,0,0,0,0,0,0,0,0,0,0,0],"sum_hessian":[9E0,2E0,7E0,1E0,1E0,6E0,1E0,2E0,4E0,1E0,1E0,3E0,1E0,2E0,1E0],"tree_param":{"num_deleted":"0","num_feature":"2","num_nodes":"15","size_leaf_vector":"1"}},{"base_weights":[-2.9951733E-2,-2.745141E-1,6.550312E-2,-3.338693E-2,-7.790184E-3,6.993975E-3,2.3753358E-2,-3.152466E-2,2.870636E-2,-3.7563324E-3,-9.7236637E-4,9.641647E-3,5.2482607E-3,4.2673745E-4,1.2882233E-3],"categories":[],"categories_nodes":[],"categories_segments":[],"categories_sizes":[],"default_left":[0,0,0,0,0,0,0,0,0,0,0,0,0,0,0],"id":94,"left_children":[1,3,5,-1,-1,7,-1,9,11,-1,-1,13,-1,-1,-1],"loss_changes":[2.514282E-1,9.000853E-3,7.886153E-2,0E0,0E0,6.759278E-3,0E0,2.969359E-5,1.7604176E-3,0E0,0E0,1.4689867E-5,0E0,0E0,0E0],"parents":[2147483647,0,0,1,1,2,2,5,5,7,7,8,8,11,11],"right_children":[2,4,6,-1,-1,8,-1,10,12,-1,-1,14,-1,-1,-1],"split_conditions":[2.0040584E-1,9.979093E-2,1E0,-3.338693E-2,-7.790184E-3,5.0203824E-1,2.3753358E-2,4.0204233E-1,9.019587E-1,-3.7563324E-3,-9.7236637E-4,7.007641E-1,5.2482607E-3,4.2673745E-4,1.2882233E-3],"split_indices":[0,0,0,0,0,0,0,0,0,0,0,0,0,0,0],"split_type":[0,0,0,0,0,0,0,0,0,0,0,0,0,0,0],"sum_hessian":[9E0,2E0,7E0,1E0,1E0,6E0,1E0,2E0,4E0,1E0,1E0,3E0,1E0,2E0,1E0],"tree_param":{"num_deleted":"0","num_feature":"2","num_nodes":"15","size_leaf_vector":"1"}},{"base_weights":[-2.8476518E-2,-2.607886E-1,6.220007E-2,-3.1717584E-2,-7.4007036E-3,6.61305E-3,2.256546E-2,-2.9949188E-2,2.7227784E-2,-3.5684586E-3,-9.2391967E-4,9.105682E-3,4.9858093E-3,3.982544E-4,1.223755E-3],"categories":[],"categories_nodes":[],"categories_segments":[],"categories_sizes":[],"default_left":[0,0,0,0,0,0,0,0,0,0,0,0,0,0,0],"id":95,"left_children":[1,3,5,-1,-1,7,-1,9,11,-1,-1,13,-1,-1,-1],"loss_changes":[2.2687371E-1,8.123055E-3,7.1195334E-2,0E0,0E0,6.0914955E-3,0E0,2.6643043E-5,1.5965519E-3,0E0,0E0,1.5443366E-5,0E0,0E0,0E0],"parents":[2147483647,0,0,1,1,2,2,5,5,7,7,8,8,11,11],"right_children":[2,4,6,-1,-1,8,-1,10,12,-1,-1,14,-1,-1,-1],"split_conditions":[2.0040584E-1,9.979093E-2,1E0,-3.1717584E-2,-7.4007036E-3,5.0203824E-1,2.256546E-2,4.0204233E-1,9.019587E-1,-3.5684586E-3,-9.2391967E-4,7.007641E-1,4.9858093E-3,3.982544E-4,1.223755E-3],"split_indices":[0,0,0,0,0,0,0,0,0,0,0,0,0,0,0],"split_type":[0,0,0,0,0,0,0,0,0,0,0,0,0,0,0],"sum_hessian":[9E0,2E0,7E0,1E0,1E0,6E0,1E0,2E0,4E0,1E0,1E0,3E0,1E0,2E0,1E0],"tree_param":{"num_deleted":"0","num_feature":"2","num_nodes":"15","size_leaf_vector":"1"}},{"base_weights":[-2.7072871E-2,-2.4774921E-1,5.9064865E-2,-3.0131703E-2,-7.030678E-3,6.2539238E-3,2.1437073E-2,-2.8452555E-2,2.5827026E-2,-3.3901215E-3,-8.7776186E-4,8.602142E-3,4.736328E-3,3.7180583E-4,1.1627198E-3],"categories":[],"categories_nodes":[],"categories_segments":[],"categories_sizes":[],"default_left":[0,0,0,0,0,0,0,0,0,0,0,0,0,0,0],"id":96,"left_children":[1,3,5,-1,-1,7,-1,9,11,-1,-1,13,-1,-1,-1],"loss_changes":[2.0471887E-1,7.330984E-3,6.427413E-2,0E0,0E0,5.4900395E-3,0E0,2.4034176E-5,1.4473717E-3,0E0,0E0,1.5867903E-5,0E0,0E0,0E0],"parents":[2147483647,0,0,1,1,2,2,5,5,7,7,8,8,11,11],"right_children":[2,4,6,-1,-1,8,-1,10,12,-1,-1,14,-1,-1,-1],"split_conditions":[2.0040584E-1,9.979093E-2,1E0,-3.0131703E-2,-7.030678E-3,5.0203824E-1,2.1437073E-2,4.0204233E-1,9.019587E-1,-3.3901215E-3,-8.7776186E-4,7.007641E-1,4.736328E-3,3.7180583E-4,1.1627198E-3],"split_indices":[0,0,0,0,0,0,0,0,0,0,0,0,0,0,0],"split_type":[0,0,0,0,0,0,0,0,0,0,0,0,0,0,0],"sum_hessian":[9E0,2E0,7E0,1E0,1E0,6E0,1E0,2E0,4E0,1E0,1E0,3E0,1E0,2E0,1E0],"tree_param":{"num_deleted":"0","num_feature":"2","num_nodes":"15","size_leaf_vector":"1"}},{"base_weights":[-2.5737405E-2,-2.3536181E-1,5.6088924E-2,-2.862512E-2,-6.6791535E-3,5.9155053E-3,2.0365143E-2,-2.7029673E-2,2.4499511E-2,-3.2205582E-3,-8.3389285E-4,8.125305E-3,4.499817E-3,3.4688314E-4,1.1047364E-3],"categories":[],"categories_nodes":[],"categories_segments":[],"categories_sizes":[],"default_left":[0,0,0,0,0,0,0,0,0,0,0,0,0,0,0],"id":97,"left_children":[1,3,5,-1,-1,7,-1,9,11,-1,-1,13,-1,-1,-1],"loss_changes":[1.8472913E-1,6.6161603E-3,5.8025017E-2,0E0,0E0,4.947988E-3,0E0,2.1664659E-5,1.3126226E-3,0E0,0E0,1.6104517E-5,0E0,0E0,0E0],"parents":[2147483647,0,0,1,1,2,2,5,5,7,7,8,8,11,11],"right_children":[2,4,6,-1,-1,8,-1,10,12,-1,-1,14,-1,-1,-1],"split_conditions":[2.0040584E-1,9.979093E-2,1E0,-2.862512E-2,-6.6791535E-3,5.0203824E-1,2.0365143E-2,4.0204233E-1,9.019587E-1,-3.2205582E-3,-8.3389285E-4,7.007641E-1,4.499817E-3,3.4688314E-4,1.1047364E-3],"split_indices":[0,0,0,0,0,0,0,0,0,0,0,0,0,0,0],"split_type":[0,0,0,0,0,0,0,0,0,0,0,0,0,0,0],"sum_hessian":[9E0,2E0,7E0,1E0,1E0,6E0,1E0,2E0,4E0,1E0,1E0,3E0,1E0,2E0,1E0],"tree_param":{"num_deleted":"0","num_feature":"2","num_nodes":"15","size_leaf_vector":"1"}},{"base_weights":[-2.4468292E-2,-2.235936E-1,5.3262234E-2,-2.7193863E-2,-6.3451766E-3,5.595071E-3,1.9346619E-2,-1.3463592E-2,3.5494488E-2,-2.567927E-2,3.2399496E-4,1.0494232E-3,4.2747497E-3,-3.059578E-3,-7.923126E-4],"categories":[],"categories_nodes":[],"categories_segments":[],"categories_sizes":[],"default_left":[0,0,0,0,0,0,0,0,0,0,0,0,0,0,0],"id":98,"left_children":[1,3,5,-1,-1,7,-1,9,11,13,-1,-1,-1,-1,-1],"loss_changes":[1.6669025E-1,5.9711933E-3,5.2382544E-2,0E0,0E0,4.4667837E-3,0E0,1.1034248E-3,9.537884E-5,1.9480707E-5,0E0,0E0,0E0,0E0,0E0],"parents":[2147483647,0,0,1,1,2,2,5,5,7,7,8,8,9,9],"right_children":[2,4,6,-1,-1,8,-1,10,12,14,-1,-1,-1,-1,-1],"split_conditions":[2.0040584E-1,9.979093E-2,1E0,-2.7193863E-2,-6.3451766E-3,7.007641E-1,1.9346619E-2,5.0203824E-1,9.019587E-1,4.0204233E-1,3.2399496E-4,1.0494232E-3,4.2747497E-3,-3.059578E-3,-7.923126E-4],"split_indices":[0,0,0,0,0,0,0,0,0,0,0,0,0,0,0],"split_type":[0,0,0,0,0,0,0,0,0,0,0,0,0,0,0],"sum_hessian":[9E0,2E0,7E0,1E0,1E0,6E0,1E0,4E0,2E0,2E0,2E0,1E0,1E0,1E0,1E0],"tree_param":{"num_deleted":"0","num_feature":"2","num_nodes":"15","size_leaf_vector":"1"}},{"base_weights":[-2.326048E-2,-2.1241373E-1,5.0579548E-2,-2.5834171E-2,-6.0278894E-3,5.293165E-3,1.8379211E-2,-1.28211975E-2,3.371938E-2,-2.4394989E-2,3.0263266E-4,9.967805E-4,4.0611266E-3,-2.9066086E-3,-7.526398E-4],"categories":[],"categories_nodes":[],"categories_segments":[],"categories_sizes":[],"default_left":[0,0,0,0,0,0,0,0,0,0,0,0,0,0,0],"id":99,"left_children":[1,3,5,-1,-1,7,-1,9,11,13,-1,-1,-1,-1,-1],"loss_changes":[1.5041462E-1,5.389169E-3,4.728888E-2,0E0,0E0,4.036783E-3,0E0,9.909068E-4,8.6274E-5,1.7621554E-5,0E0,0E0,0E0,0E0,0E0],"parents":[2147483647,0,0,1,1,2,2,5,5,7,7,8,8,9,9],"right_children":[2,4,6,-1,-1,8,-1,10,12,14,-1,-1,-1,-1,-1],"split_conditions":[2.0040584E-1,9.979093E-2,1E0,-2.5834171E-2,-6.0278894E-3,7.007641E-1,1.8379211E-2,5.0203824E-1,9.019587E-1,4.0204233E-1,3.0263266E-4,9.967805E-4,4.0611266E-3,-2.9066086E-3,-7.526398E-4],"split_indices":[0,0,0,0,0,0,0,0,0,0,0,0,0,0,0],"split_type":[0,0,0,0,0,0,0,0,0,0,0,0,0,0,0],"sum_hessian":[9E0,2E0,7E0,1E0,1E0,6E0,1E0,4E0,2E0,2E0,2E0,1E0,1E0,1E0,1E0],"tree_param":{"num_deleted":"0","num_feature":"2","num_nodes":"15","size_leaf_vector":"1"}}]},"name":"gbtree"},"learner_model_param":{"base_score":"7.948889E1","boost_from_average":"1","num_class":"0","num_feature":"2","num_target":"1"},"objective":{"name":"reg:squarederror","reg_loss_param":{"scale_pos_weight":"1"}}},"version":[2,1,1]}