{"model_name": "LinearRegressionTrainer_1", "model_class": "scikit", "model_file": "LinearRegressionTrainer_1.json", "features": ["bpf_cpu_time_ms", "bpf_page_cache_hit", "cache_miss", "cgroupfs_cpu_usage_us", "cgroupfs_memory_usage_bytes", "cgroupfs_system_cpu_usage_us", "cgroupfs_user_cpu_usage_us", "cpu_cycles", "cpu_instructions"], "fe_files": [], "output_type": "DynPower", "mae": 2.28, "mape": 79.87, "package_mae": 1.85, "core_mae": 0.0, "uncore_mae": 0.0, "dram_mae": 2.28, "package_mape": 117.43, "core_mape": -1, "uncore_mape": -1, "dram_mape": 79.87}