{"model_name": "PolynomialRegressionTrainer_0", "trainer": "PolynomialRegressionTrainer", "model_class": "scikit", "model_file": "PolynomialRegressionTrainer_0.json", "features": ["bpf_block_irq", "bpf_net_rx_irq", "bpf_net_tx_irq", "cache_miss", "cpu_cycles", "cpu_instructions"], "fe_files": ["poly_scaler.pkl"], "output_type": "AbsPower", "mae": 6.35, "mape": -1, "node_type": 0, "machine_spec": {"processor": "11th_gen_intel_core", "cores": 8, "chips": 1, "memory": 31, "frequency": 4800}, "package_mae": 6.35, "core_mae": 4.02, "uncore_mae": 1.14, "dram_mae": 0.0, "package_mape": 29.32, "core_mape": 28.06, "uncore_mape": 7072.37, "dram_mape": -1}