{"model_name": "LogarithmicRegressionTrainer_0", "trainer": "LogarithmicRegressionTrainer", "model_class": "curvefit", "model_file": "LogarithmicRegressionTrainer_0.json", "features": ["bpf_block_irq", "bpf_net_rx_irq", "bpf_net_tx_irq", "cache_miss", "cpu_cycles", "cpu_instructions"], "fe_files": [], "output_type": "AbsPower", "mae": 6.56, "mape": -1, "node_type": 0, "machine_spec": {"processor": "11th_gen_intel_core", "cores": 8, "chips": 1, "memory": 31, "frequency": 4800}, "package_mae": 6.56, "core_mae": 5.05, "uncore_mae": 1.31, "dram_mae": 0.0, "package_mape": 34.52, "core_mape": 39.32, "uncore_mape": 22347.49, "dram_mape": -1}