{"learner":{"attributes":{"scikit_learn":"{\"_estimator_type\": \"regressor\"}"},"feature_names":[],"feature_types":[],"gradient_booster":{"model":{"gbtree_model_param":{"num_parallel_tree":"1","num_trees":"100"},"iteration_indptr":[0,1,2,3,4,5,6,7,8,9,10,11,12,13,14,15,16,17,18,19,20,21,22,23,24,25,26,27,28,29,30,31,32,33,34,35,36,37,38,39,40,41,42,43,44,45,46,47,48,49,50,51,52,53,54,55,56,57,58,59,60,61,62,63,64,65,66,67,68,69,70,71,72,73,74,75,76,77,78,79,80,81,82,83,84,85,86,87,88,89,90,91,92,93,94,95,96,97,98,99,100],"tree_info":[0,0,0,0,0,0,0,0,0,0,0,0,0,0,0,0,0,0,0,0,0,0,0,0,0,0,0,0,0,0,0,0,0,0,0,0,0,0,0,0,0,0,0,0,0,0,0,0,0,0,0,0,0,0,0,0,0,0,0,0,0,0,0,0,0,0,0,0,0,0,0,0,0,0,0,0,0,0,0,0,0,0,0,0,0,0,0,0,0,0,0,0,0,0,0,0,0,0,0,0],"trees":[{"base_weights":[6.1035157E-6,-1.2464814E2,1.4957779E2,-1.3802222E1,-2.8888886E0,1.8111115E0,1.7791668E1],"categories":[],"categories_nodes":[],"categories_segments":[],"categories_sizes":[],"default_left":[0,0,0,0,0,0,0],"id":0,"left_children":[1,3,5,-1,-1,-1,-1],"loss_changes":[2.0509053E5,3.696836E3,1.5405828E4,0E0,0E0,0E0,0E0],"parents":[2147483647,0,0,1,1,2,2],"right_children":[2,4,6,-1,-1,-1,-1],"split_conditions":[6.0176843E-1,4.0155637E-1,8.0217874E-1,-1.3802222E1,-2.8888886E0,1.8111115E0,1.7791668E1],"split_indices":[0,0,0,0,0,0,0],"split_type":[0,0,0,0,0,0,0],"sum_hessian":[9E0,5E0,4E0,4E0,1E0,1E0,3E0],"tree_param":{"num_deleted":"0","num_feature":"2","num_nodes":"7","size_leaf_vector":"1"}},{"base_weights":[2.9117432E-1,-1.1496519E2,1.3854057E2,-1.3848166E1,-4.528815E0,1.7205566E0,1.6457294E1],"categories":[],"categories_nodes":[],"categories_segments":[],"categories_sizes":[],"default_left":[0,0,0,0,0,0,0],"id":1,"left_children":[1,3,5,-1,-1,-1,-1],"loss_changes":[1.7526856E5,3.5597734E3,1.2961609E4,0E0,0E0,0E0,0E0],"parents":[2147483647,0,0,1,1,2,2],"right_children":[2,4,6,-1,-1,-1,-1],"split_conditions":[6.0176843E-1,3.007485E-1,8.0217874E-1,-1.3848166E1,-4.528815E0,1.7205566E0,1.6457294E1],"split_indices":[0,0,0,0,0,0,0],"split_type":[0,0,0,0,0,0,0],"sum_hessian":[9E0,5E0,4E0,3E0,2E0,1E0,3E0],"tree_param":{"num_deleted":"0","num_feature":"2","num_nodes":"7","size_leaf_vector":"1"}},{"base_weights":[2.4214172E-1,-1.06531494E2,1.2832208E2,-1.2809554E1,-4.226894E0,1.6345291E0,1.5222995E1],"categories":[],"categories_nodes":[],"categories_segments":[],"categories_sizes":[],"default_left":[0,0,0,0,0,0,0],"id":2,"left_children":[1,3,5,-1,-1,-1,-1],"loss_changes":[1.5042594E5,2.9001016E3,1.0897391E4,0E0,0E0,0E0,0E0],"parents":[2147483647,0,0,1,1,2,2],"right_children":[2,4,6,-1,-1,-1,-1],"split_conditions":[6.0176843E-1,3.007485E-1,8.0217874E-1,-1.2809554E1,-4.226894E0,1.6345291E0,1.5222995E1],"split_indices":[0,0,0,0,0,0,0],"split_type":[0,0,0,0,0,0,0],"sum_hessian":[9E0,5E0,4E0,3E0,2E0,1E0,3E0],"tree_param":{"num_deleted":"0","num_feature":"2","num_nodes":"7","size_leaf_vector":"1"}},{"base_weights":[2.0003815E-1,-9.871775E1,1.18861374E2,-1.1848838E1,-3.9451008E0,1.552803E0,1.4081271E1],"categories":[],"categories_nodes":[],"categories_segments":[],"categories_sizes":[],"default_left":[0,0,0,0,0,0,0],"id":3,"left_children":[1,3,5,-1,-1,-1,-1],"loss_changes":[1.29110914E5,2.3559492E3,9.154977E3,0E0,0E0,0E0,0E0],"parents":[2147483647,0,0,1,1,2,2],"right_children":[2,4,6,-1,-1,-1,-1],"split_conditions":[6.0176843E-1,3.007485E-1,8.0217874E-1,-1.1848838E1,-3.9451008E0,1.552803E0,1.4081271E1],"split_indices":[0,0,0,0,0,0,0],"split_type":[0,0,0,0,0,0,0],"sum_hessian":[9E0,5E0,4E0,3E0,2E0,1E0,3E0],"tree_param":{"num_deleted":"0","num_feature":"2","num_nodes":"7","size_leaf_vector":"1"}},{"base_weights":[1.6404724E-1,-9.14783E1,1.1010206E2,-1.01336355E1,-2.109404E0,1.4751633E0,1.3025176E1],"categories":[],"categories_nodes":[],"categories_segments":[],"categories_sizes":[],"default_left":[0,0,0,0,0,0,0],"id":4,"left_children":[1,3,5,-1,-1,-1,-1],"loss_changes":[1.1082172E5,2.0255156E3,7.6849844E3,0E0,0E0,0E0,0E0],"parents":[2147483647,0,0,1,1,2,2],"right_children":[2,4,6,-1,-1,-1,-1],"split_conditions":[6.0176843E-1,4.0155637E-1,8.0217874E-1,-1.01336355E1,-2.109404E0,1.4751633E0,1.3025176E1],"split_indices":[0,0,0,0,0,0,0],"split_type":[0,0,0,0,0,0,0],"sum_hessian":[9E0,5E0,4E0,4E0,1E0,1E0,3E0],"tree_param":{"num_deleted":"0","num_feature":"2","num_nodes":"7","size_leaf_vector":"1"}},{"base_weights":[3.7337342E-1,-8.437098E1,1.0199192E2,-1.1289023E1,-4.1888785E0,1.4014053E0,1.2048287E1],"categories":[],"categories_nodes":[],"categories_segments":[],"categories_sizes":[],"default_left":[0,0,0,0,0,0,0],"id":5,"left_children":[1,3,5,-1,-1,-1,-1],"loss_changes":[9.472114E4,2.5405273E3,6.4455195E3,0E0,0E0,0E0,0E0],"parents":[2147483647,0,0,1,1,2,2],"right_children":[2,4,6,-1,-1,-1,-1],"split_conditions":[6.0176843E-1,2.002237E-1,8.0217874E-1,-1.1289023E1,-4.1888785E0,1.4014053E0,1.2048287E1],"split_indices":[0,0,0,0,0,0,0],"split_type":[0,0,0,0,0,0,0],"sum_hessian":[9E0,5E0,4E0,2E0,3E0,1E0,3E0],"tree_param":{"num_deleted":"0","num_feature":"2","num_nodes":"7","size_leaf_vector":"1"}},{"base_weights":[1.3321534E-1,-7.8513535E1,9.448267E1,-1.0536423E1,-3.8747132E0,1.3313354E0,1.1144667E1],"categories":[],"categories_nodes":[],"categories_segments":[],"categories_sizes":[],"default_left":[0,0,0,0,0,0,0],"id":6,"left_children":[1,3,5,-1,-1,-1,-1],"loss_changes":[8.1620945E4,2.3239727E3,5.401047E3,0E0,0E0,0E0,0E0],"parents":[2147483647,0,0,1,1,2,2],"right_children":[2,4,6,-1,-1,-1,-1],"split_conditions":[6.0176843E-1,2.002237E-1,8.0217874E-1,-1.0536423E1,-3.8747132E0,1.3313354E0,1.1144667E1],"split_indices":[0,0,0,0,0,0,0],"split_type":[0,0,0,0,0,0,0],"sum_hessian":[9E0,5E0,4E0,2E0,3E0,1E0,3E0],"tree_param":{"num_deleted":"0","num_feature":"2","num_nodes":"7","size_leaf_vector":"1"}},{"base_weights":[-7.36145E-2,-7.306403E1,8.752962E1,-9.833995E0,-3.5841095E0,1.264769E0,1.0308818E1],"categories":[],"categories_nodes":[],"categories_segments":[],"categories_sizes":[],"default_left":[0,0,0,0,0,0,0],"id":7,"left_children":[1,3,5,-1,-1,-1,-1],"loss_changes":[7.033723E4,2.1204512E3,4.521453E3,0E0,0E0,0E0,0E0],"parents":[2147483647,0,0,1,1,2,2],"right_children":[2,4,6,-1,-1,-1,-1],"split_conditions":[6.0176843E-1,2.002237E-1,8.0217874E-1,-9.833995E0,-3.5841095E0,1.264769E0,1.0308818E1],"split_indices":[0,0,0,0,0,0,0],"split_type":[0,0,0,0,0,0,0],"sum_hessian":[9E0,5E0,4E0,2E0,3E0,1E0,3E0],"tree_param":{"num_deleted":"0","num_feature":"2","num_nodes":"7","size_leaf_vector":"1"}},{"base_weights":[-2.507019E-1,-6.799398E1,8.109138E1,-9.178394E0,-3.3153017E0,2.6724234E0,1.0842807E1],"categories":[],"categories_nodes":[],"categories_segments":[],"categories_sizes":[],"default_left":[0,0,0,0,0,0,0],"id":8,"left_children":[1,3,5,-1,-1,-1,-1],"loss_changes":[6.061752E4,1.9302754E3,4.5334336E3,0E0,0E0,0E0,0E0],"parents":[2147483647,0,0,1,1,2,2],"right_children":[2,4,6,-1,-1,-1,-1],"split_conditions":[6.0176843E-1,2.002237E-1,9.024925E-1,-9.178394E0,-3.3153017E0,2.6724234E0,1.0842807E1],"split_indices":[0,0,0,0,0,0,0],"split_type":[0,0,0,0,0,0,0],"sum_hessian":[9E0,5E0,4E0,2E0,3E0,2E0,2E0],"tree_param":{"num_deleted":"0","num_feature":"2","num_nodes":"7","size_leaf_vector":"1"}},{"base_weights":[-1.23477176E-1,-6.3276867E1,7.568529E1,-7.784186E0,-2.2764595E0,2.4942617E0,1.0119952E1],"categories":[],"categories_nodes":[],"categories_segments":[],"categories_sizes":[],"default_left":[0,0,0,0,0,0,0],"id":9,"left_children":[1,3,5,-1,-1,-1,-1],"loss_changes":[5.2664934E4,1.7683262E3,3.949121E3,0E0,0E0,0E0,0E0],"parents":[2147483647,0,0,1,1,2,2],"right_children":[2,4,6,-1,-1,-1,-1],"split_conditions":[6.0176843E-1,3.007485E-1,9.024925E-1,-7.784186E0,-2.2764595E0,2.4942617E0,1.0119952E1],"split_indices":[0,0,0,0,0,0,0],"split_type":[0,0,0,0,0,0,0],"sum_hessian":[9E0,5E0,4E0,3E0,2E0,2E0,2E0],"tree_param":{"num_deleted":"0","num_feature":"2","num_nodes":"7","size_leaf_vector":"1"}},{"base_weights":[1.4422302E-1,-5.8625957E1,7.0639595E1,-8.047557E0,-2.7582262E0,2.3279777E0,9.445289E0],"categories":[],"categories_nodes":[],"categories_segments":[],"categories_sizes":[],"default_left":[0,0,0,0,0,0,0],"id":10,"left_children":[1,3,5,-1,-1,-1,-1],"loss_changes":[4.5571574E4,1.8500586E3,3.440121E3,0E0,0E0,0E0,0E0],"parents":[2147483647,0,0,1,1,2,2],"right_children":[2,4,6,-1,-1,-1,-1],"split_conditions":[6.0176843E-1,2.002237E-1,9.024925E-1,-8.047557E0,-2.7582262E0,2.3279777E0,9.445289E0],"split_indices":[0,0,0,0,0,0,0],"split_type":[0,0,0,0,0,0,0],"sum_hessian":[9E0,5E0,4E0,2E0,3E0,2E0,2E0],"tree_param":{"num_deleted":"0","num_feature":"2","num_nodes":"7","size_leaf_vector":"1"}},{"base_weights":[2.2655182E-1,-5.4564323E1,6.593029E1,-8.68329E0,-3.074403E0,2.1727793E0,8.815603E0],"categories":[],"categories_nodes":[],"categories_segments":[],"categories_sizes":[],"default_left":[0,0,0,0,0,0,0],"id":11,"left_children":[1,3,5,-1,-1,-1,-1],"loss_changes":[3.9597098E4,1.9422871E3,2.9967285E3,0E0,0E0,0E0,0E0],"parents":[2147483647,0,0,1,1,2,2],"right_children":[2,4,6,-1,-1,-1,-1],"split_conditions":[6.0176843E-1,9.9713534E-2,9.024925E-1,-8.68329E0,-3.074403E0,2.1727793E0,8.815603E0],"split_indices":[0,0,0,0,0,0,0],"split_type":[0,0,0,0,0,0,0],"sum_hessian":[9E0,5E0,4E0,1E0,4E0,2E0,2E0],"tree_param":{"num_deleted":"0","num_feature":"2","num_nodes":"7","size_leaf_vector":"1"}},{"base_weights":[1.2696075E-1,-5.106751E1,6.153493E1,-8.2491255E0,-2.828451E1,7.1815795E-1,7.3327875E0,-3.1103992E0,-8.5032886E-1],"categories":[],"categories_nodes":[],"categories_segments":[],"categories_sizes":[],"default_left":[0,0,0,0,0,0,0,0,0],"id":12,"left_children":[1,3,5,-1,7,-1,-1,-1,-1],"loss_changes":[3.457992E4,1.9623369E3,2.6783203E3,0E0,1.4378174E1,0E0,0E0,0E0,0E0],"parents":[2147483647,0,0,1,1,2,2,4,4],"right_children":[2,4,6,-1,8,-1,-1,-1,-1],"split_conditions":[6.0176843E-1,9.9713534E-2,8.0217874E-1,-8.2491255E0,4.0155637E-1,7.1815795E-1,7.3327875E0,-3.1103992E0,-8.5032886E-1],"split_indices":[0,0,0,0,0,0,0,0,0],"split_type":[0,0,0,0,0,0,0,0,0],"sum_hessian":[9E0,5E0,4E0,1E0,4E0,1E0,3E0,3E0,1E0],"tree_param":{"num_deleted":"0","num_feature":"2","num_nodes":"9","size_leaf_vector":"1"}},{"base_weights":[-3.0162963E-1,-4.799573E1,5.699162E1,-7.8366685E0,-2.6248205E0,1.7595612E0,7.739042E0],"categories":[],"categories_nodes":[],"categories_segments":[],"categories_sizes":[],"default_left":[0,0,0,0,0,0,0],"id":13,"left_children":[1,3,5,-1,-1,-1,-1],"loss_changes":[3.0060855E4,1.9059736E3,2.6564248E3,0E0,0E0,0E0,0E0],"parents":[2147483647,0,0,1,1,2,2],"right_children":[2,4,6,-1,-1,-1,-1],"split_conditions":[6.0176843E-1,9.9713534E-2,9.024925E-1,-7.8366685E0,-2.6248205E0,1.7595612E0,7.739042E0],"split_indices":[0,0,0,0,0,0,0],"split_type":[0,0,0,0,0,0,0],"sum_hessian":[9E0,5E0,4E0,1E0,4E0,2E0,2E0],"tree_param":{"num_deleted":"0","num_feature":"2","num_nodes":"7","size_leaf_vector":"1"}},{"base_weights":[-3.6775512E-1,-4.4939743E1,5.319218E1,-7.444835E0,-2.4148352E1,1.6422577E0,7.223106E0,-2.6802583E0,-6.7657167E-1],"categories":[],"categories_nodes":[],"categories_segments":[],"categories_sizes":[],"default_left":[0,0,0,0,0,0,0,0,0],"id":14,"left_children":[1,3,5,-1,7,-1,-1,-1,-1],"loss_changes":[2.6263172E4,1.8833447E3,2.314039E3,0E0,4.934912E1,0E0,0E0,0E0,0E0],"parents":[2147483647,0,0,1,1,2,2,4,4],"right_children":[2,4,6,-1,8,-1,-1,-1,-1],"split_conditions":[6.0176843E-1,9.9713534E-2,9.024925E-1,-7.444835E0,4.0155637E-1,1.6422577E0,7.223106E0,-2.6802583E0,-6.7657167E-1],"split_indices":[0,0,0,0,0,0,0,0,0],"split_type":[0,0,0,0,0,0,0,0,0],"sum_hessian":[9E0,5E0,4E0,1E0,4E0,2E0,2E0,3E0,1E0],"tree_param":{"num_deleted":"0","num_feature":"2","num_nodes":"9","size_leaf_vector":"1"}},{"base_weights":[-5.246124E-1,-4.2246048E1,4.9646034E1,-7.072593E0,-2.2404886E1,1.5327739E0,6.741565E0,-2.4792392E0,-6.4274293E-1],"categories":[],"categories_nodes":[],"categories_segments":[],"categories_sizes":[],"default_left":[0,0,0,0,0,0,0,0,0],"id":15,"left_children":[1,3,5,-1,7,-1,-1,-1,-1],"loss_changes":[2.3029262E4,1.8058379E3,2.0157852E3,0E0,3.1380127E1,0E0,0E0,0E0,0E0],"parents":[2147483647,0,0,1,1,2,2,4,4],"right_children":[2,4,6,-1,8,-1,-1,-1,-1],"split_conditions":[6.0176843E-1,9.9713534E-2,9.024925E-1,-7.072593E0,4.0155637E-1,1.5327739E0,6.741565E0,-2.4792392E0,-6.4274293E-1],"split_indices":[0,0,0,0,0,0,0,0,0],"split_type":[0,0,0,0,0,0,0,0,0],"sum_hessian":[9E0,5E0,4E0,1E0,4E0,2E0,2E0,3E0,1E0],"tree_param":{"num_deleted":"0","num_feature":"2","num_nodes":"9","size_leaf_vector":"1"}},{"base_weights":[-6.6418E-1,-3.9720543E1,4.6336292E1,-6.7189636E0,-2.0788797E1,1.4305888E1,6.2921267E0,-2.2932968E0,-6.1060566E-1,4.3551943E-1,1.7103637E0],"categories":[],"categories_nodes":[],"categories_segments":[],"categories_sizes":[],"default_left":[0,0,0,0,0,0,0,0,0,0,0],"id":16,"left_children":[1,3,5,-1,7,9,-1,-1,-1,-1,-1],"loss_changes":[2.0197178E4,1.7234355E3,1.7559727E3,0E0,1.7381592E1,9.028992E0,0E0,0E0,0E0,0E0,0E0],"parents":[2147483647,0,0,1,1,2,2,4,4,5,5],"right_children":[2,4,6,-1,8,10,-1,-1,-1,-1,-1],"split_conditions":[6.0176843E-1,9.9713534E-2,9.024925E-1,-6.7189636E0,4.0155637E-1,8.0217874E-1,6.2921267E0,-2.2932968E0,-6.1060566E-1,4.3551943E-1,1.7103637E0],"split_indices":[0,0,0,0,0,0,0,0,0,0,0],"split_type":[0,0,0,0,0,0,0,0,0,0,0],"sum_hessian":[9E0,5E0,4E0,1E0,4E0,2E0,2E0,3E0,1E0,1E0,1E0],"tree_param":{"num_deleted":"0","num_feature":"2","num_nodes":"11","size_leaf_vector":"1"}},{"base_weights":[-7.162445E-1,-3.73523E1,4.339027E1,-6.3830156E0,-1.9290699E1,4.137436E-1,5.2169123E0,-2.1212997E0,-5.800751E-1],"categories":[],"categories_nodes":[],"categories_segments":[],"categories_sizes":[],"default_left":[0,0,0,0,0,0,0,0,0],"id":17,"left_children":[1,3,5,-1,7,-1,-1,-1,-1],"loss_changes":[1.7779613E4,1.6380664E3,1.507127E3,0E0,6.6071777E0,0E0,0E0,0E0,0E0],"parents":[2147483647,0,0,1,1,2,2,4,4],"right_children":[2,4,6,-1,8,-1,-1,-1,-1],"split_conditions":[6.0176843E-1,9.9713534E-2,8.0217874E-1,-6.3830156E0,4.0155637E-1,4.137436E-1,5.2169123E0,-2.1212997E0,-5.800751E-1],"split_indices":[0,0,0,0,0,0,0,0,0],"split_type":[0,0,0,0,0,0,0,0,0],"sum_hessian":[9E0,5E0,4E0,1E0,4E0,1E0,3E0,3E0,1E0],"tree_param":{"num_deleted":"0","num_feature":"2","num_nodes":"9","size_leaf_vector":"1"}},{"base_weights":[-9.8999405E-1,-3.513113E1,4.017737E1,-6.0638647E0,-1.7901897E0,1.1713704E0,5.524858E0],"categories":[],"categories_nodes":[],"categories_segments":[],"categories_sizes":[],"default_left":[0,0,0,0,0,0,0],"id":18,"left_children":[1,3,5,-1,-1,-1,-1],"loss_changes":[1.5466481E4,1.5513027E3,1.4977441E3,0E0,0E0,0E0,0E0],"parents":[2147483647,0,0,1,1,2,2],"right_children":[2,4,6,-1,-1,-1,-1],"split_conditions":[6.0176843E-1,9.9713534E-2,9.024925E-1,-6.0638647E0,-1.7901897E0,1.1713704E0,5.524858E0],"split_indices":[0,0,0,0,0,0,0],"split_type":[0,0,0,0,0,0,0],"sum_hessian":[9E0,5E0,4E0,1E0,4E0,2E0,2E0],"tree_param":{"num_deleted":"0","num_feature":"2","num_nodes":"7","size_leaf_vector":"1"}},{"base_weights":[-1.0067765E0,-3.2927025E1,3.749888E1,-5.760671E0,-1.6469746E1,1.09328E1,5.156533E0,-1.8279374E0,-4.615616E-1,3.3448792E-1,1.3054322E0],"categories":[],"categories_nodes":[],"categories_segments":[],"categories_sizes":[],"default_left":[0,0,0,0,0,0,0,0,0,0,0],"id":19,"left_children":[1,3,5,-1,7,9,-1,-1,-1,-1,-1],"loss_changes":[1.3525827E4,1.4881948E3,1.3046982E3,0E0,2.288733E1,4.628662E0,0E0,0E0,0E0,0E0,0E0],"parents":[2147483647,0,0,1,1,2,2,4,4,5,5],"right_children":[2,4,6,-1,8,10,-1,-1,-1,-1,-1],"split_conditions":[6.0176843E-1,9.9713534E-2,9.024925E-1,-5.760671E0,4.0155637E-1,8.0217874E-1,5.156533E0,-1.8279374E0,-4.615616E-1,3.3448792E-1,1.3054322E0],"split_indices":[0,0,0,0,0,0,0,0,0,0,0],"split_type":[0,0,0,0,0,0,0,0,0,0,0],"sum_hessian":[9E0,5E0,4E0,1E0,4E0,2E0,2E0,3E0,1E0,1E0,1E0],"tree_param":{"num_deleted":"0","num_feature":"2","num_nodes":"11","size_leaf_vector":"1"}},{"base_weights":[-1.0314643E0,-3.0976015E1,3.5108288E1,-5.4726377E0,-1.5280667E1,1.0386169E1,4.8127646E0,-1.6908417E0,-4.3848345E-1,3.1776428E-1,1.2401612E0],"categories":[],"categories_nodes":[],"categories_segments":[],"categories_sizes":[],"default_left":[0,0,0,0,0,0,0,0,0,0,0],"id":20,"left_children":[1,3,5,-1,7,9,-1,-1,-1,-1,-1],"loss_changes":[1.1909401E4,1.4003657E3,1.1094683E3,0E0,1.4537842E1,4.177185E0,0E0,0E0,0E0,0E0,0E0],"parents":[2147483647,0,0,1,1,2,2,4,4,5,5],"right_children":[2,4,6,-1,8,10,-1,-1,-1,-1,-1],"split_conditions":[6.0176843E-1,9.9713534E-2,9.024925E-1,-5.4726377E0,4.0155637E-1,8.0217874E-1,4.8127646E0,-1.6908417E0,-4.3848345E-1,3.1776428E-1,1.2401612E0],"split_indices":[0,0,0,0,0,0,0,0,0,0,0],"split_type":[0,0,0,0,0,0,0,0,0,0,0],"sum_hessian":[9E0,5E0,4E0,1E0,4E0,2E0,2E0,3E0,1E0,1E0,1E0],"tree_param":{"num_deleted":"0","num_feature":"2","num_nodes":"11","size_leaf_vector":"1"}},{"base_weights":[-1.0514473E0,-2.9145407E1,3.2871593E1,-5.1990056E0,-1.4178467E1,9.866862E0,4.491913E0,-1.5640286E0,-4.165596E-1,3.0187684E-1,1.1781524E0],"categories":[],"categories_nodes":[],"categories_segments":[],"categories_sizes":[],"default_left":[0,0,0,0,0,0,0,0,0,0,0],"id":21,"left_children":[1,3,5,-1,7,9,-1,-1,-1,-1,-1],"loss_changes":[1.0488382E4,1.3143477E3,9.425405E2,0E0,8.0338745E0,3.7696533E0,0E0,0E0,0E0,0E0,0E0],"parents":[2147483647,0,0,1,1,2,2,4,4,5,5],"right_children":[2,4,6,-1,8,10,-1,-1,-1,-1,-1],"split_conditions":[6.0176843E-1,9.9713534E-2,9.024925E-1,-5.1990056E0,4.0155637E-1,8.0217874E-1,4.491913E0,-1.5640286E0,-4.165596E-1,3.0187684E-1,1.1781524E0],"split_indices":[0,0,0,0,0,0,0,0,0,0,0],"split_type":[0,0,0,0,0,0,0,0,0,0,0],"sum_hessian":[9E0,5E0,4E0,1E0,4E0,2E0,2E0,3E0,1E0,1E0,1E0],"tree_param":{"num_deleted":"0","num_feature":"2","num_nodes":"11","size_leaf_vector":"1"}},{"base_weights":[-1.0670693E0,-2.7427465E1,3.077882E1,-4.9390554E0,-1.3156738E1,9.373515E0,4.192452E0,-1.4467267E0,-3.9573136E-1,2.8678283E-1,1.1192445E0],"categories":[],"categories_nodes":[],"categories_segments":[],"categories_sizes":[],"default_left":[0,0,0,0,0,0,0,0,0,0,0],"id":22,"left_children":[1,3,5,-1,7,9,-1,-1,-1,-1,-1],"loss_changes":[9.238887E3,1.2307573E3,7.9990576E2,0E0,3.0289917E0,3.4021301E0,0E0,0E0,0E0,0E0,0E0],"parents":[2147483647,0,0,1,1,2,2,4,4,5,5],"right_children":[2,4,6,-1,8,10,-1,-1,-1,-1,-1],"split_conditions":[6.0176843E-1,9.9713534E-2,9.024925E-1,-4.9390554E0,4.0155637E-1,8.0217874E-1,4.192452E0,-1.4467267E0,-3.9573136E-1,2.8678283E-1,1.1192445E0],"split_indices":[0,0,0,0,0,0,0,0,0,0,0],"split_type":[0,0,0,0,0,0,0,0,0,0,0],"sum_hessian":[9E0,5E0,4E0,1E0,4E0,2E0,2E0,3E0,1E0,1E0,1E0],"tree_param":{"num_deleted":"0","num_feature":"2","num_nodes":"11","size_leaf_vector":"1"}},{"base_weights":[-1.0786598E0,-2.5814968E1,2.8820642E1,-4.6921024E0,-1.2209553E0,8.904846E0,3.912956E0,2.7244416E-1,1.0632828E0],"categories":[],"categories_nodes":[],"categories_segments":[],"categories_sizes":[],"default_left":[0,0,0,0,0,0,0,0,0],"id":23,"left_children":[1,3,5,-1,-1,7,-1,-1,-1],"loss_changes":[8.1399873E3,1.1500552E3,6.781084E2,0E0,0E0,3.0703735E0,0E0,0E0,0E0],"parents":[2147483647,0,0,1,1,2,2,5,5],"right_children":[2,4,6,-1,-1,8,-1,-1,-1],"split_conditions":[6.0176843E-1,9.9713534E-2,9.024925E-1,-4.6921024E0,-1.2209553E0,8.0217874E-1,3.912956E0,2.7244416E-1,1.0632828E0],"split_indices":[0,0,0,0,0,0,0,0,0],"split_type":[0,0,0,0,0,0,0,0,0],"sum_hessian":[9E0,5E0,4E0,1E0,4E0,2E0,2E0,1E0,1E0],"tree_param":{"num_deleted":"0","num_feature":"2","num_nodes":"9","size_leaf_vector":"1"}},{"base_weights":[-1.0372299E0,-2.4218977E1,2.6988312E1,-4.4574976E0,-1.1232782E1,1.2165047E1,4.314069E0,-1.2466496E0,-3.148964E-1,2.5882265E-1,1.4494579E0],"categories":[],"categories_nodes":[],"categories_segments":[],"categories_sizes":[],"default_left":[0,0,0,0,0,0,0,0,0,0,0],"id":24,"left_children":[1,3,5,-1,7,9,-1,-1,-1,-1,-1],"loss_changes":[7.1504395E3,1.0853806E3,6.7234595E2,0E0,1.060907E1,5.172278E1,0E0,0E0,0E0,0E0,0E0],"parents":[2147483647,0,0,1,1,2,2,4,4,5,5],"right_children":[2,4,6,-1,8,10,-1,-1,-1,-1,-1],"split_conditions":[6.0176843E-1,9.9713534E-2,1E0,-4.4574976E0,4.0155637E-1,8.0217874E-1,4.314069E0,-1.2466496E0,-3.148964E-1,2.5882265E-1,1.4494579E0],"split_indices":[0,0,0,0,0,0,0,0,0,0,0],"split_type":[0,0,0,0,0,0,0,0,0,0,0],"sum_hessian":[9E0,5E0,4E0,1E0,4E0,3E0,1E0,3E0,1E0,1E0,2E0],"tree_param":{"num_deleted":"0","num_feature":"2","num_nodes":"11","size_leaf_vector":"1"}},{"base_weights":[-9.33181E-1,-2.2800257E1,2.5493946E1,-4.2346225E0,-1.0421817E1,1.137561E1,4.0983644E0,-1.1531514E0,-2.9915163E-1,2.4588166E-1,1.352827E0],"categories":[],"categories_nodes":[],"categories_segments":[],"categories_sizes":[],"default_left":[0,0,0,0,0,0,0,0,0,0,0],"id":25,"left_children":[1,3,5,-1,7,9,-1,-1,-1,-1,-1],"loss_changes":[6.360108E3,1.01036694E3,6.2722974E2,0E0,6.7301636E0,4.3515747E1,0E0,0E0,0E0,0E0,0E0],"parents":[2147483647,0,0,1,1,2,2,4,4,5,5],"right_children":[2,4,6,-1,8,10,-1,-1,-1,-1,-1],"split_conditions":[6.0176843E-1,9.9713534E-2,1E0,-4.2346225E0,4.0155637E-1,8.0217874E-1,4.0983644E0,-1.1531514E0,-2.9915163E-1,2.4588166E-1,1.352827E0],"split_indices":[0,0,0,0,0,0,0,0,0,0,0],"split_type":[0,0,0,0,0,0,0,0,0,0,0],"sum_hessian":[9E0,5E0,4E0,1E0,4E0,3E0,1E0,3E0,1E0,1E0,2E0],"tree_param":{"num_deleted":"0","num_feature":"2","num_nodes":"11","size_leaf_vector":"1"}},{"base_weights":[-8.3885115E-1,-2.1468052E1,2.408396E1,-4.0228915E0,-9.670095E0,1.0637726E1,3.8934448E0,-1.0666649E0,-2.841942E-1,2.3358765E-1,1.2626384E0],"categories":[],"categories_nodes":[],"categories_segments":[],"categories_sizes":[],"default_left":[0,0,0,0,0,0,0,0,0,0,0],"id":26,"left_children":[1,3,5,-1,7,9,-1,-1,-1,-1,-1],"loss_changes":[5.6584126E3,9.390215E2,5.842417E2,0E0,3.709076E0,3.6544495E1,0E0,0E0,0E0,0E0,0E0],"parents":[2147483647,0,0,1,1,2,2,4,4,5,5],"right_children":[2,4,6,-1,8,10,-1,-1,-1,-1,-1],"split_conditions":[6.0176843E-1,9.9713534E-2,1E0,-4.0228915E0,4.0155637E-1,8.0217874E-1,3.8934448E0,-1.0666649E0,-2.841942E-1,2.3358765E-1,1.2626384E0],"split_indices":[0,0,0,0,0,0,0,0,0,0,0],"split_type":[0,0,0,0,0,0,0,0,0,0,0],"sum_hessian":[9E0,5E0,4E0,1E0,4E0,3E0,1E0,3E0,1E0,1E0,2E0],"tree_param":{"num_deleted":"0","num_feature":"2","num_nodes":"11","size_leaf_vector":"1"}},{"base_weights":[-7.533714E-1,-2.0216871E1,2.2753504E1,-3.8217473E0,-8.973257E0,9.948013E0,3.6987731E0,-1.0904673E0,-4.050756E-1,2.2190857E-1,1.1784627E0],"categories":[],"categories_nodes":[],"categories_segments":[],"categories_sizes":[],"default_left":[0,0,0,0,0,0,0,0,0,0,0],"id":27,"left_children":[1,3,5,-1,7,9,-1,-1,-1,-1,-1],"loss_changes":[5.035265E3,8.714158E2,5.4342676E2,0E0,3.3648071E0,3.062915E1,0E0,0E0,0E0,0E0,0E0],"parents":[2147483647,0,0,1,1,2,2,4,4,5,5],"right_children":[2,4,6,-1,8,10,-1,-1,-1,-1,-1],"split_conditions":[6.0176843E-1,9.9713534E-2,1E0,-3.8217473E0,3.007485E-1,8.0217874E-1,3.6987731E0,-1.0904673E0,-4.050756E-1,2.2190857E-1,1.1784627E0],"split_indices":[0,0,0,0,0,0,0,0,0,0,0],"split_type":[0,0,0,0,0,0,0,0,0,0,0],"sum_hessian":[9E0,5E0,4E0,1E0,4E0,3E0,1E0,2E0,2E0,1E0,2E0],"tree_param":{"num_deleted":"0","num_feature":"2","num_nodes":"11","size_leaf_vector":"1"}},{"base_weights":[-6.9985276E-1,-1.90814E1,2.1497974E1,-3.6306598E0,-8.37504E0,9.303299E0,3.5138338E0,-1.0177693E0,-3.7807056E-1,2.1081237E-1,1.0998982E0],"categories":[],"categories_nodes":[],"categories_segments":[],"categories_sizes":[],"default_left":[0,0,0,0,0,0,0,0,0,0,0],"id":28,"left_children":[1,3,5,-1,7,9,-1,-1,-1,-1,-1],"loss_changes":[4.490515E3,8.024458E2,5.0479663E2,0E0,2.9311218E0,2.5615753E1,0E0,0E0,0E0,0E0,0E0],"parents":[2147483647,0,0,1,1,2,2,4,4,5,5],"right_children":[2,4,6,-1,8,10,-1,-1,-1,-1,-1],"split_conditions":[6.0176843E-1,9.9713534E-2,1E0,-3.6306598E0,3.007485E-1,8.0217874E-1,3.5138338E0,-1.0177693E0,-3.7807056E-1,2.1081237E-1,1.0998982E0],"split_indices":[0,0,0,0,0,0,0,0,0,0,0],"split_type":[0,0,0,0,0,0,0,0,0,0,0],"sum_hessian":[9E0,5E0,4E0,1E0,4E0,3E0,1E0,2E0,2E0,1E0,2E0],"tree_param":{"num_deleted":"0","num_feature":"2","num_nodes":"11","size_leaf_vector":"1"}},{"base_weights":[-6.500648E-1,-1.8011007E1,2.031308E1,-3.449127E0,-7.8167024E0,8.700645E0,3.338141E0,-9.499176E-1,-3.528661E-1,2.002716E-1,1.0265716E0],"categories":[],"categories_nodes":[],"categories_segments":[],"categories_sizes":[],"default_left":[0,0,0,0,0,0,0,0,0,0,0],"id":29,"left_children":[1,3,5,-1,7,9,-1,-1,-1,-1,-1],"loss_changes":[4.0052585E3,7.384209E2,4.6833594E2,0E0,2.5531921E0,2.1371613E1,0E0,0E0,0E0,0E0,0E0],"parents":[2147483647,0,0,1,1,2,2,4,4,5,5],"right_children":[2,4,6,-1,8,10,-1,-1,-1,-1,-1],"split_conditions":[6.0176843E-1,9.9713534E-2,1E0,-3.449127E0,3.007485E-1,8.0217874E-1,3.338141E0,-9.499176E-1,-3.528661E-1,2.002716E-1,1.0265716E0],"split_indices":[0,0,0,0,0,0,0,0,0,0,0],"split_type":[0,0,0,0,0,0,0,0,0,0,0],"sum_hessian":[9E0,5E0,4E0,1E0,4E0,3E0,1E0,2E0,2E0,1E0,2E0],"tree_param":{"num_deleted":"0","num_feature":"2","num_nodes":"11","size_leaf_vector":"1"}},{"base_weights":[-6.037483E-1,-1.7001894E1,1.9194775E1,-3.2766705E0,-7.2955904E0,8.137299E0,3.1712341E0,-8.053566E-1,-2.1318436E-1,1.9025879E-1,9.58134E-1],"categories":[],"categories_nodes":[],"categories_segments":[],"categories_sizes":[],"default_left":[0,0,0,0,0,0,0,0,0,0,0],"id":30,"left_children":[1,3,5,-1,7,9,-1,-1,-1,-1,-1],"loss_changes":[3.5729382E3,6.790559E2,4.3401074E2,0E0,2.4010315E0,1.7783386E1,0E0,0E0,0E0,0E0,0E0],"parents":[2147483647,0,0,1,1,2,2,4,4,5,5],"right_children":[2,4,6,-1,8,10,-1,-1,-1,-1,-1],"split_conditions":[6.0176843E-1,9.9713534E-2,1E0,-3.2766705E0,4.0155637E-1,8.0217874E-1,3.1712341E0,-8.053566E-1,-2.1318436E-1,1.9025879E-1,9.58134E-1],"split_indices":[0,0,0,0,0,0,0,0,0,0,0],"split_type":[0,0,0,0,0,0,0,0,0,0,0],"sum_hessian":[9E0,5E0,4E0,1E0,4E0,3E0,1E0,3E0,1E0,1E0,2E0],"tree_param":{"num_deleted":"0","num_feature":"2","num_nodes":"11","size_leaf_vector":"1"}},{"base_weights":[-5.409325E-1,-1.6017572E1,1.8139221E1,-3.1128368E0,-6.7697387E0,7.610672E0,3.012671E0,-8.3289903E-1,-2.953908E-1,1.8074647E-1,8.942586E-1],"categories":[],"categories_nodes":[],"categories_segments":[],"categories_sizes":[],"default_left":[0,0,0,0,0,0,0,0,0,0,0],"id":31,"left_children":[1,3,5,-1,7,9,-1,-1,-1,-1,-1],"loss_changes":[3.1816062E3,6.277218E2,4.017699E2,0E0,5.146118E0,1.4754089E1,0E0,0E0,0E0,0E0,0E0],"parents":[2147483647,0,0,1,1,2,2,4,4,5,5],"right_children":[2,4,6,-1,8,10,-1,-1,-1,-1,-1],"split_conditions":[6.0176843E-1,9.9713534E-2,1E0,-3.1128368E0,3.007485E-1,8.0217874E-1,3.012671E0,-8.3289903E-1,-2.953908E-1,1.8074647E-1,8.942586E-1],"split_indices":[0,0,0,0,0,0,0,0,0,0,0],"split_type":[0,0,0,0,0,0,0,0,0,0,0],"sum_hessian":[9E0,5E0,4E0,1E0,4E0,3E0,1E0,2E0,2E0,1E0,2E0],"tree_param":{"num_deleted":"0","num_feature":"2","num_nodes":"11","size_leaf_vector":"1"}},{"base_weights":[-5.0218886E-1,-1.5122666E1,1.7142822E1,-2.957195E0,-6.3184204E0,7.118347E0,2.8620362E0,-7.7737224E-1,-2.7569783E-1,1.7170869E-1,8.346405E-1],"categories":[],"categories_nodes":[],"categories_segments":[],"categories_sizes":[],"default_left":[0,0,0,0,0,0,0,0,0,0,0],"id":32,"left_children":[1,3,5,-1,7,9,-1,-1,-1,-1,-1],"loss_changes":[2.83903E3,5.7644226E2,3.7155188E2,0E0,4.4828796E0,1.2200729E1,0E0,0E0,0E0,0E0,0E0],"parents":[2147483647,0,0,1,1,2,2,4,4,5,5],"right_children":[2,4,6,-1,8,10,-1,-1,-1,-1,-1],"split_conditions":[6.0176843E-1,9.9713534E-2,1E0,-2.957195E0,3.007485E-1,8.0217874E-1,2.8620362E0,-7.7737224E-1,-2.7569783E-1,1.7170869E-1,8.346405E-1],"split_indices":[0,0,0,0,0,0,0,0,0,0,0],"split_type":[0,0,0,0,0,0,0,0,0,0,0],"sum_hessian":[9E0,5E0,4E0,1E0,4E0,3E0,1E0,2E0,2E0,1E0,2E0],"tree_param":{"num_deleted":"0","num_feature":"2","num_nodes":"11","size_leaf_vector":"1"}},{"base_weights":[-4.6616173E-1,-1.4278777E1,1.620221E1,-2.8093352E0,-5.8971925E0,6.6580963E0,2.718933E0,-7.2554725E-1,-2.573181E-1,1.6312256E-1,7.7899784E-1],"categories":[],"categories_nodes":[],"categories_segments":[],"categories_sizes":[],"default_left":[0,0,0,0,0,0,0,0,0,0,0],"id":33,"left_children":[1,3,5,-1,7,9,-1,-1,-1,-1,-1],"loss_changes":[2.5336858E3,5.290563E2,3.4328247E2,0E0,3.9050598E0,1.0052078E1,0E0,0E0,0E0,0E0,0E0],"parents":[2147483647,0,0,1,1,2,2,4,4,5,5],"right_children":[2,4,6,-1,8,10,-1,-1,-1,-1,-1],"split_conditions":[6.0176843E-1,9.9713534E-2,1E0,-2.8093352E0,3.007485E-1,8.0217874E-1,2.718933E0,-7.2554725E-1,-2.573181E-1,1.6312256E-1,7.7899784E-1],"split_indices":[0,0,0,0,0,0,0,0,0,0,0],"split_type":[0,0,0,0,0,0,0,0,0,0,0],"sum_hessian":[9E0,5E0,4E0,1E0,4E0,3E0,1E0,2E0,2E0,1E0,2E0],"tree_param":{"num_deleted":"0","num_feature":"2","num_nodes":"11","size_leaf_vector":"1"}},{"base_weights":[-4.3265876E-1,-1.3482934E1,1.5314203E1,-2.6688685E0,-5.5040464E0,6.2278214E0,2.5829866E0,-6.7717797E-1,-2.4016316E-1,1.5496674E-1,7.27065E-1],"categories":[],"categories_nodes":[],"categories_segments":[],"categories_sizes":[],"default_left":[0,0,0,0,0,0,0,0,0,0,0],"id":34,"left_children":[1,3,5,-1,7,9,-1,-1,-1,-1,-1],"loss_changes":[2.261489E3,4.853075E2,3.168828E2,0E0,3.4018402E0,8.2469635E0,0E0,0E0,0E0,0E0,0E0],"parents":[2147483647,0,0,1,1,2,2,4,4,5,5],"right_children":[2,4,6,-1,8,10,-1,-1,-1,-1,-1],"split_conditions":[6.0176843E-1,9.9713534E-2,1E0,-2.6688685E0,3.007485E-1,8.0217874E-1,2.5829866E0,-6.7717797E-1,-2.4016316E-1,1.5496674E-1,7.27065E-1],"split_indices":[0,0,0,0,0,0,0,0,0,0,0],"split_type":[0,0,0,0,0,0,0,0,0,0,0],"sum_hessian":[9E0,5E0,4E0,1E0,4E0,3E0,1E0,2E0,2E0,1E0,2E0],"tree_param":{"num_deleted":"0","num_feature":"2","num_nodes":"11","size_leaf_vector":"1"}},{"base_weights":[-4.01511E-1,-1.2732341E1,1.4475787E1,-2.535425E0,-5.1371093E0,5.825554E0,2.4538362E0,-6.320323E-1,-2.2415264E-1,1.4721833E-1,6.78595E-1],"categories":[],"categories_nodes":[],"categories_segments":[],"categories_sizes":[],"default_left":[0,0,0,0,0,0,0,0,0,0,0],"id":35,"left_children":[1,3,5,-1,7,9,-1,-1,-1,-1,-1],"loss_changes":[2.018805E3,4.4495044E2,2.9226855E2,0E0,2.9633026E0,6.733673E0,0E0,0E0,0E0,0E0,0E0],"parents":[2147483647,0,0,1,1,2,2,4,4,5,5],"right_children":[2,4,6,-1,8,10,-1,-1,-1,-1,-1],"split_conditions":[6.0176843E-1,9.9713534E-2,1E0,-2.535425E0,3.007485E-1,8.0217874E-1,2.4538362E0,-6.320323E-1,-2.2415264E-1,1.4721833E-1,6.78595E-1],"split_indices":[0,0,0,0,0,0,0,0,0,0,0],"split_type":[0,0,0,0,0,0,0,0,0,0,0],"sum_hessian":[9E0,5E0,4E0,1E0,4E0,3E0,1E0,2E0,2E0,1E0,2E0],"tree_param":{"num_deleted":"0","num_feature":"2","num_nodes":"11","size_leaf_vector":"1"}},{"base_weights":[-3.725567E-1,-1.2024375E1,1.3684137E1,-2.408654E0,-4.794635E0,5.4494553E0,2.3311431E0,-5.898966E-1,-2.0920919E-1,1.3985749E-1,6.3335574E-1],"categories":[],"categories_nodes":[],"categories_segments":[],"categories_sizes":[],"default_left":[0,0,0,0,0,0,0,0,0,0,0],"id":36,"left_children":[1,3,5,-1,7,9,-1,-1,-1,-1,-1],"loss_changes":[1.8024037E3,4.0775165E2,2.6935394E2,0E0,2.5813293E0,5.467613E0,0E0,0E0,0E0,0E0,0E0],"parents":[2147483647,0,0,1,1,2,2,4,4,5,5],"right_children":[2,4,6,-1,8,10,-1,-1,-1,-1,-1],"split_conditions":[6.0176843E-1,9.9713534E-2,1E0,-2.408654E0,3.007485E-1,8.0217874E-1,2.3311431E0,-5.898966E-1,-2.0920919E-1,1.3985749E-1,6.3335574E-1],"split_indices":[0,0,0,0,0,0,0,0,0,0,0],"split_type":[0,0,0,0,0,0,0,0,0,0,0],"sum_hessian":[9E0,5E0,4E0,1E0,4E0,3E0,1E0,2E0,2E0,1E0,2E0],"tree_param":{"num_deleted":"0","num_feature":"2","num_nodes":"11","size_leaf_vector":"1"}},{"base_weights":[-3.4564096E-1,-1.1356565E1,1.2936597E1,-2.2882211E0,-4.4749937E0,5.097809E0,2.2145875E0,-5.5057067E-1,-1.9526164E-1,1.3286439E-1,5.911316E-1],"categories":[],"categories_nodes":[],"categories_segments":[],"categories_sizes":[],"default_left":[0,0,0,0,0,0,0,0,0,0,0],"id":37,"left_children":[1,3,5,-1,7,9,-1,-1,-1,-1,-1],"loss_changes":[1.6094125E3,3.7348956E2,2.4805243E2,0E0,2.248703E0,4.410927E0,0E0,0E0,0E0,0E0,0E0],"parents":[2147483647,0,0,1,1,2,2,4,4,5,5],"right_children":[2,4,6,-1,8,10,-1,-1,-1,-1,-1],"split_conditions":[6.0176843E-1,9.9713534E-2,1E0,-2.2882211E0,3.007485E-1,8.0217874E-1,2.2145875E0,-5.5057067E-1,-1.9526164E-1,1.3286439E-1,5.911316E-1],"split_indices":[0,0,0,0,0,0,0,0,0,0,0],"split_type":[0,0,0,0,0,0,0,0,0,0,0],"sum_hessian":[9E0,5E0,4E0,1E0,4E0,3E0,1E0,2E0,2E0,1E0,2E0],"tree_param":{"num_deleted":"0","num_feature":"2","num_nodes":"11","size_leaf_vector":"1"}},{"base_weights":[-3.2062453E-1,-1.0726584E1,1.2230652E1,-1.8367369E1,-2.3143502E-1,4.7690277E0,2.1038575E0,-2.1738102E0,-5.81295E-1,1.262207E-1,5.5172324E-1],"categories":[],"categories_nodes":[],"categories_segments":[],"categories_sizes":[],"default_left":[0,0,0,0,0,0,0,0,0,0,0],"id":38,"left_children":[1,3,5,7,-1,9,-1,-1,-1,-1,-1],"loss_changes":[1.4372739E3,3.4314783E2,2.282735E2,5.90271E-1,0E0,3.5313873E0,0E0,0E0,0E0,0E0,0E0],"parents":[2147483647,0,0,1,1,2,2,3,3,5,5],"right_children":[2,4,6,8,-1,10,-1,-1,-1,-1,-1],"split_conditions":[6.0176843E-1,2.002237E-1,1E0,9.9713534E-2,-2.3143502E-1,8.0217874E-1,2.1038575E0,-2.1738102E0,-5.81295E-1,1.262207E-1,5.5172324E-1],"split_indices":[0,0,0,0,0,0,0,0,0,0,0],"split_type":[0,0,0,0,0,0,0,0,0,0,0],"sum_hessian":[9E0,5E0,4E0,2E0,3E0,3E0,1E0,1E0,1E0,1E0,2E0],"tree_param":{"num_deleted":"0","num_feature":"2","num_nodes":"11","size_leaf_vector":"1"}},{"base_weights":[-3.090374E-1,-1.0151685E1,1.1563947E1,-1.7449E1,-2.1407776E-1,4.4616165E0,1.9986633E0,-2.0651197E0,-5.5223006E-1,1.1990967E-1,5.149424E-1],"categories":[],"categories_nodes":[],"categories_segments":[],"categories_sizes":[],"default_left":[0,0,0,0,0,0,0,0,0,0,0],"id":39,"left_children":[1,3,5,7,-1,9,-1,-1,-1,-1,-1],"loss_changes":[1.2860094E3,3.1339423E2,2.0993079E2,5.3289795E-1,0E0,2.8012848E0,0E0,0E0,0E0,0E0,0E0],"parents":[2147483647,0,0,1,1,2,2,3,3,5,5],"right_children":[2,4,6,8,-1,10,-1,-1,-1,-1,-1],"split_conditions":[6.0176843E-1,2.002237E-1,1E0,9.9713534E-2,-2.1407776E-1,8.0217874E-1,1.9986633E0,-2.0651197E0,-5.5223006E-1,1.1990967E-1,5.149424E-1],"split_indices":[0,0,0,0,0,0,0,0,0,0,0],"split_type":[0,0,0,0,0,0,0,0,0,0,0],"sum_hessian":[9E0,5E0,4E0,2E0,3E0,3E0,1E0,1E0,1E0,1E0,2E0],"tree_param":{"num_deleted":"0","num_feature":"2","num_nodes":"11","size_leaf_vector":"1"}},{"base_weights":[-2.9792482E-1,-9.608418E0,1.0934253E1,-1.6576548E1,-1.980217E-1,4.174164E0,1.8987305E0,-1.9618638E0,-5.2461857E-1,1.1391449E-1,4.806122E-1],"categories":[],"categories_nodes":[],"categories_segments":[],"categories_sizes":[],"default_left":[0,0,0,0,0,0,0,0,0,0,0],"id":40,"left_children":[1,3,5,7,-1,9,-1,-1,-1,-1,-1],"loss_changes":[1.1508322E3,2.861007E2,1.9294061E2,4.80896E-1,0E0,2.1971512E0,0E0,0E0,0E0,0E0,0E0],"parents":[2147483647,0,0,1,1,2,2,3,3,5,5],"right_children":[2,4,6,8,-1,10,-1,-1,-1,-1,-1],"split_conditions":[6.0176843E-1,2.002237E-1,1E0,9.9713534E-2,-1.980217E-1,8.0217874E-1,1.8987305E0,-1.9618638E0,-5.2461857E-1,1.1391449E-1,4.806122E-1],"split_indices":[0,0,0,0,0,0,0,0,0,0,0],"split_type":[0,0,0,0,0,0,0,0,0,0,0],"sum_hessian":[9E0,5E0,4E0,2E0,3E0,3E0,1E0,1E0,1E0,1E0,2E0],"tree_param":{"num_deleted":"0","num_feature":"2","num_nodes":"11","size_leaf_vector":"1"}},{"base_weights":[-2.8725624E-1,-9.094992E0,1.0339478E1,-1.5747723E1,-1.8316956E-1,3.9053802E0,1.8037933E0,-1.8637705E0,-4.983879E-1,1.0821839E-1,4.4857177E-1],"categories":[],"categories_nodes":[],"categories_segments":[],"categories_sizes":[],"default_left":[0,0,0,0,0,0,0,0,0,0,0],"id":41,"left_children":[1,3,5,7,-1,9,-1,-1,-1,-1,-1],"loss_changes":[1.030012E3,2.6107953E2,1.7721808E2,4.338379E-1,0E0,1.6992531E0,0E0,0E0,0E0,0E0,0E0],"parents":[2147483647,0,0,1,1,2,2,3,3,5,5],"right_children":[2,4,6,8,-1,10,-1,-1,-1,-1,-1],"split_conditions":[6.0176843E-1,2.002237E-1,1E0,9.9713534E-2,-1.8316956E-1,8.0217874E-1,1.8037933E0,-1.8637705E0,-4.983879E-1,1.0821839E-1,4.4857177E-1],"split_indices":[0,0,0,0,0,0,0,0,0,0,0],"split_type":[0,0,0,0,0,0,0,0,0,0,0],"sum_hessian":[9E0,5E0,4E0,2E0,3E0,3E0,1E0,1E0,1E0,1E0,2E0],"tree_param":{"num_deleted":"0","num_feature":"2","num_nodes":"11","size_leaf_vector":"1"}},{"base_weights":[-2.7700233E-1,-8.609716E0,9.777655E0,-1.4960339E1,-1.6943207E-1,3.654045E0,1.7136048E0,-1.7705821E0,-4.7346878E-1,1.0280762E-1,4.186676E-1],"categories":[],"categories_nodes":[],"categories_segments":[],"categories_sizes":[],"default_left":[0,0,0,0,0,0,0,0,0,0,0],"id":42,"left_children":[1,3,5,7,-1,9,-1,-1,-1,-1,-1],"loss_changes":[9.220087E2,2.3815479E2,1.6268372E2,3.914795E-1,0E0,1.2904625E0,0E0,0E0,0E0,0E0,0E0],"parents":[2147483647,0,0,1,1,2,2,3,3,5,5],"right_children":[2,4,6,8,-1,10,-1,-1,-1,-1,-1],"split_conditions":[6.0176843E-1,2.002237E-1,1E0,9.9713534E-2,-1.6943207E-1,8.0217874E-1,1.7136048E0,-1.7705821E0,-4.7346878E-1,1.0280762E-1,4.186676E-1],"split_indices":[0,0,0,0,0,0,0,0,0,0,0],"split_type":[0,0,0,0,0,0,0,0,0,0,0],"sum_hessian":[9E0,5E0,4E0,2E0,3E0,3E0,1E0,1E0,1E0,1E0,2E0],"tree_param":{"num_deleted":"0","num_feature":"2","num_nodes":"11","size_leaf_vector":"1"}},{"base_weights":[-2.6714247E-1,-8.150992E0,9.246905E0,-1.4212323E1,-1.5672456E-1,3.419014E0,1.6279236E0,-1.682053E0,-4.4979554E-1,9.7666934E-2,3.9075726E-1],"categories":[],"categories_nodes":[],"categories_segments":[],"categories_sizes":[],"default_left":[0,0,0,0,0,0,0,0,0,0,0],"id":43,"left_children":[1,3,5,7,-1,9,-1,-1,-1,-1,-1],"loss_changes":[8.254447E2,2.1716336E2,1.4925934E2,3.5327148E-1,0E0,9.5650864E-1,0E0,0E0,0E0,0E0,0E0],"parents":[2147483647,0,0,1,1,2,2,3,3,5,5],"right_children":[2,4,6,8,-1,10,-1,-1,-1,-1,-1],"split_conditions":[6.0176843E-1,2.002237E-1,1E0,9.9713534E-2,-1.5672456E-1,8.0217874E-1,1.6279236E0,-1.682053E0,-4.4979554E-1,9.7666934E-2,3.9075726E-1],"split_indices":[0,0,0,0,0,0,0,0,0,0,0],"split_type":[0,0,0,0,0,0,0,0,0,0,0],"sum_hessian":[9E0,5E0,4E0,2E0,3E0,3E0,1E0,1E0,1E0,1E0,2E0],"tree_param":{"num_deleted":"0","num_feature":"2","num_nodes":"11","size_leaf_vector":"1"}},{"base_weights":[-2.5764847E-1,-7.717322E0,8.745489E0,-1.3501706E1,-1.4497033E-1,3.1992264E0,1.5465271E0,-1.5979503E0,-4.273056E-1,9.278412E-2,3.6470744E-1],"categories":[],"categories_nodes":[],"categories_segments":[],"categories_sizes":[],"default_left":[0,0,0,0,0,0,0,0,0,0,0],"id":44,"left_children":[1,3,5,7,-1,9,-1,-1,-1,-1,-1],"loss_changes":[7.390965E2,1.9795242E2,1.3687149E2,3.1884766E-1,0E0,6.850357E-1,0E0,0E0,0E0,0E0,0E0],"parents":[2147483647,0,0,1,1,2,2,3,3,5,5],"right_children":[2,4,6,8,-1,10,-1,-1,-1,-1,-1],"split_conditions":[6.0176843E-1,2.002237E-1,1E0,9.9713534E-2,-1.4497033E-1,8.0217874E-1,1.5465271E0,-1.5979503E0,-4.273056E-1,9.278412E-2,3.6470744E-1],"split_indices":[0,0,0,0,0,0,0,0,0,0,0],"split_type":[0,0,0,0,0,0,0,0,0,0,0],"sum_hessian":[9E0,5E0,4E0,2E0,3E0,3E0,1E0,1E0,1E0,1E0,2E0],"tree_param":{"num_deleted":"0","num_feature":"2","num_nodes":"11","size_leaf_vector":"1"}},{"base_weights":[-2.4849892E-1,-7.3072925E0,8.271753E0,-1.2826621E1,-1.340973E-1,2.9936829E0,1.4692017E0,-1.5180529E0,-4.0594026E-1,8.814545E-2,3.403941E-1],"categories":[],"categories_nodes":[],"categories_segments":[],"categories_sizes":[],"default_left":[0,0,0,0,0,0,0,0,0,0,0],"id":45,"left_children":[1,3,5,7,-1,9,-1,-1,-1,-1,-1],"loss_changes":[6.618711E2,1.8038034E2,1.2544977E2,2.8778076E-1,0E0,4.658165E-1,0E0,0E0,0E0,0E0,0E0],"parents":[2147483647,0,0,1,1,2,2,3,3,5,5],"right_children":[2,4,6,8,-1,10,-1,-1,-1,-1,-1],"split_conditions":[6.0176843E-1,2.002237E-1,1E0,9.9713534E-2,-1.340973E-1,8.0217874E-1,1.4692017E0,-1.5180529E0,-4.0594026E-1,8.814545E-2,3.403941E-1],"split_indices":[0,0,0,0,0,0,0,0,0,0,0],"split_type":[0,0,0,0,0,0,0,0,0,0,0],"sum_hessian":[9E0,5E0,4E0,2E0,3E0,3E0,1E0,1E0,1E0,1E0,2E0],"tree_param":{"num_deleted":"0","num_feature":"2","num_nodes":"11","size_leaf_vector":"1"}},{"base_weights":[-2.3968068E-1,-6.919579E0,7.8241334E0,-1.2185288E1,-1.2404022E-1,2.8014526E0,1.3957428E0,-1.4421502E0,-3.85643E-1,8.373871E-2,3.1770122E-1],"categories":[],"categories_nodes":[],"categories_segments":[],"categories_sizes":[],"default_left":[0,0,0,0,0,0,0,0,0,0,0],"id":46,"left_children":[1,3,5,7,-1,9,-1,-1,-1,-1,-1],"loss_changes":[5.9279425E2,1.643147E2,1.1492685E2,2.5982666E-1,0E0,2.901039E-1,0E0,0E0,0E0,0E0,0E0],"parents":[2147483647,0,0,1,1,2,2,3,3,5,5],"right_children":[2,4,6,8,-1,10,-1,-1,-1,-1,-1],"split_conditions":[6.0176843E-1,2.002237E-1,1E0,9.9713534E-2,-1.2404022E-1,8.0217874E-1,1.3957428E0,-1.4421502E0,-3.85643E-1,8.373871E-2,3.1770122E-1],"split_indices":[0,0,0,0,0,0,0,0,0,0,0],"split_type":[0,0,0,0,0,0,0,0,0,0,0],"sum_hessian":[9E0,5E0,4E0,2E0,3E0,3E0,1E0,1E0,1E0,1E0,2E0],"tree_param":{"num_deleted":"0","num_feature":"2","num_nodes":"11","size_leaf_vector":"1"}},{"base_weights":[-2.3117581E-1,-1.1576021E1,4.052038E0,-1.3700427E0,-3.663605E-1,8.4245735E-1,1.3259553E0,-1.14737324E-1,2.6216736E0,7.95517E-2,2.9652202E-1],"categories":[],"categories_nodes":[],"categories_segments":[],"categories_sizes":[],"default_left":[0,0,0,0,0,0,0,0,0,0,0],"id":47,"left_children":[1,3,5,-1,-1,7,-1,-1,9,-1,-1],"loss_changes":[5.328305E2,2.3458862E-1,2.2524747E2,0E0,0E0,2.779041E1,0E0,0E0,1.5059662E-1,0E0,0E0],"parents":[2147483647,0,0,1,1,2,2,5,5,8,8],"right_children":[2,4,6,-1,-1,8,-1,-1,10,-1,-1],"split_conditions":[2.002237E-1,9.9713534E-2,1E0,-1.3700427E0,-3.663605E-1,6.0176843E-1,1.3259553E0,-1.14737324E-1,8.0217874E-1,7.95517E-2,2.9652202E-1],"split_indices":[0,0,0,0,0,0,0,0,0,0,0],"split_type":[0,0,0,0,0,0,0,0,0,0,0],"sum_hessian":[9E0,2E0,7E0,1E0,1E0,6E0,1E0,3E0,3E0,1E0,2E0],"tree_param":{"num_deleted":"0","num_feature":"2","num_nodes":"11","size_leaf_vector":"1"}},{"base_weights":[-2.2296639E-1,-1.0997219E1,3.8452492E0,-1.3015406E0,-3.480423E-1,7.955453E-1,1.2596588E0,-1.0613251E-1,2.4535294E0,7.5573735E-2,2.7675477E-1],"categories":[],"categories_nodes":[],"categories_segments":[],"categories_sizes":[],"default_left":[0,0,0,0,0,0,0,0,0,0,0],"id":48,"left_children":[1,3,5,-1,-1,7,-1,-1,9,-1,-1],"loss_changes":[4.806069E2,2.1176147E-1,2.0349075E2,0E0,0E0,2.4154623E1,0E0,0E0,4.1009903E-2,0E0,0E0],"parents":[2147483647,0,0,1,1,2,2,5,5,8,8],"right_children":[2,4,6,-1,-1,8,-1,-1,10,-1,-1],"split_conditions":[2.002237E-1,9.9713534E-2,1E0,-1.3015406E0,-3.480423E-1,6.0176843E-1,1.2596588E0,-1.0613251E-1,8.0217874E-1,7.5573735E-2,2.7675477E-1],"split_indices":[0,0,0,0,0,0,0,0,0,0,0],"split_type":[0,0,0,0,0,0,0,0,0,0,0],"sum_hessian":[9E0,2E0,7E0,1E0,1E0,6E0,1E0,3E0,3E0,1E0,2E0],"tree_param":{"num_deleted":"0","num_feature":"2","num_nodes":"11","size_leaf_vector":"1"}},{"base_weights":[-2.1503982E-1,-1.044736E1,3.64896E0,-1.2364635E0,-3.306404E-1,7.51164E-1,1.1966766E0,-9.817276E-1,2.2962646E-1,-1.1168112E-1,-2.8823853E-2],"categories":[],"categories_nodes":[],"categories_segments":[],"categories_sizes":[],"default_left":[0,0,0,0,0,0,0,0,0,0,0],"id":49,"left_children":[1,3,5,-1,-1,7,-1,9,-1,-1,-1],"loss_changes":[4.3349884E2,1.9107056E-1,1.8383743E2,0E0,0E0,2.099675E1,0E0,5.2807808E-2,0E0,0E0,0E0],"parents":[2147483647,0,0,1,1,2,2,5,5,7,7],"right_children":[2,4,6,-1,-1,8,-1,10,-1,-1,-1],"split_conditions":[2.002237E-1,9.9713534E-2,1E0,-1.2364635E0,-3.306404E-1,6.0176843E-1,1.1966766E0,4.0155637E-1,2.2962646E-1,-1.1168112E-1,-2.8823853E-2],"split_indices":[0,0,0,0,0,0,0,0,0,0,0],"split_type":[0,0,0,0,0,0,0,0,0,0,0],"sum_hessian":[9E0,2E0,7E0,1E0,1E0,6E0,1E0,3E0,3E0,2E0,1E0],"tree_param":{"num_deleted":"0","num_feature":"2","num_nodes":"11","size_leaf_vector":"1"}},{"base_weights":[-2.2166081E-1,-9.924991E0,3.4447956E0,-1.1746404E0,-3.1410828E-1,6.8878394E-1,1.1368439E0,-9.186821E-1,2.124054E0,-1.0423584E-1,-2.738266E-2,6.0314942E-2,2.4299724E-1],"categories":[],"categories_nodes":[],"categories_segments":[],"categories_sizes":[],"default_left":[0,0,0,0,0,0,0,0,0,0,0,0,0],"id":50,"left_children":[1,3,5,-1,-1,7,-1,9,11,-1,-1,-1,-1],"loss_changes":[3.8995795E2,1.7245483E-1,1.668708E2,0E0,0E0,1.8101366E1,0E0,3.3587933E-2,3.954544E-1,0E0,0E0,0E0,0E0],"parents":[2147483647,0,0,1,1,2,2,5,5,7,7,8,8],"right_children":[2,4,6,-1,-1,8,-1,10,12,-1,-1,-1,-1],"split_conditions":[2.002237E-1,9.9713534E-2,1E0,-1.1746404E0,-3.1410828E-1,6.0176843E-1,1.1368439E0,4.0155637E-1,8.0217874E-1,-1.0423584E-1,-2.738266E-2,6.0314942E-2,2.4299724E-1],"split_indices":[0,0,0,0,0,0,0,0,0,0,0,0,0],"split_type":[0,0,0,0,0,0,0,0,0,0,0,0,0],"sum_hessian":[9E0,2E0,7E0,1E0,1E0,6E0,1E0,3E0,3E0,2E0,1E0,1E0,2E0],"tree_param":{"num_deleted":"0","num_feature":"2","num_nodes":"13","size_leaf_vector":"1"}},{"base_weights":[-2.1751384E-1,-9.4287405E0,3.2638855E0,-1.1159084E0,-2.984028E-1,6.4443535E-1,1.0800018E0,-8.597183E-1,1.9874802E0,-9.728699E-2,-2.6013184E-2,5.7299804E-2,2.2679749E-1],"categories":[],"categories_nodes":[],"categories_segments":[],"categories_sizes":[],"default_left":[0,0,0,0,0,0,0,0,0,0,0,0,0],"id":51,"left_children":[1,3,5,-1,-1,7,-1,9,11,-1,-1,-1,-1],"loss_changes":[3.5145395E2,1.5567017E-1,1.5096428E2,0E0,0E0,1.5849693E1,0E0,1.8301964E-2,2.8747463E-1,0E0,0E0,0E0,0E0],"parents":[2147483647,0,0,1,1,2,2,5,5,7,7,8,8],"right_children":[2,4,6,-1,-1,8,-1,10,12,-1,-1,-1,-1],"split_conditions":[2.002237E-1,9.9713534E-2,1E0,-1.1159084E0,-2.984028E-1,6.0176843E-1,1.0800018E0,4.0155637E-1,8.0217874E-1,-9.728699E-2,-2.6013184E-2,5.7299804E-2,2.2679749E-1],"split_indices":[0,0,0,0,0,0,0,0,0,0,0,0,0],"split_type":[0,0,0,0,0,0,0,0,0,0,0,0,0],"sum_hessian":[9E0,2E0,7E0,1E0,1E0,6E0,1E0,3E0,3E0,2E0,1E0,1E0,2E0],"tree_param":{"num_deleted":"0","num_feature":"2","num_nodes":"13","size_leaf_vector":"1"}},{"base_weights":[-2.131176E-1,-8.957305E0,3.0925922E0,-1.060113E0,-2.8348276E-1,6.0295975E-1,1.026001E0,-8.0456924E-1,1.8597488E0,-9.0800986E-2,-2.4712373E-2,5.4434206E-2,2.1167706E-1],"categories":[],"categories_nodes":[],"categories_segments":[],"categories_sizes":[],"default_left":[0,0,0,0,0,0,0,0,0,0,0,0,0],"id":52,"left_children":[1,3,5,-1,-1,7,-1,9,11,-1,-1,-1,-1],"loss_changes":[3.1675873E2,1.4048767E-1,1.365675E2,0E0,0E0,1.3879066E1,0E0,6.259203E-3,2.0010376E-1,0E0,0E0,0E0,0E0],"parents":[2147483647,0,0,1,1,2,2,5,5,7,7,8,8],"right_children":[2,4,6,-1,-1,8,-1,10,12,-1,-1,-1,-1],"split_conditions":[2.002237E-1,9.9713534E-2,1E0,-1.060113E0,-2.8348276E-1,6.0176843E-1,1.026001E0,4.0155637E-1,8.0217874E-1,-9.0800986E-2,-2.4712373E-2,5.4434206E-2,2.1167706E-1],"split_indices":[0,0,0,0,0,0,0,0,0,0,0,0,0],"split_type":[0,0,0,0,0,0,0,0,0,0,0,0,0],"sum_hessian":[9E0,2E0,7E0,1E0,1E0,6E0,1E0,3E0,3E0,2E0,1E0,1E0,2E0],"tree_param":{"num_deleted":"0","num_feature":"2","num_nodes":"13","size_leaf_vector":"1"}},{"base_weights":[-2.0850334E-1,-8.5094385E0,2.9304104E0,-1.0071074E0,-2.6930848E-1,5.641807E-1,9.747009E-1,-7.529869E-2,1.740303E0,5.1712036E-2,1.9756572E-1],"categories":[],"categories_nodes":[],"categories_segments":[],"categories_sizes":[],"default_left":[0,0,0,0,0,0,0,0,0,0,0],"id":53,"left_children":[1,3,5,-1,-1,7,-1,-1,9,-1,-1],"loss_changes":[2.8549536E2,1.268158E-1,1.2353804E2,0E0,0E0,1.2154477E1,0E0,0E0,1.2987232E-1,0E0,0E0],"parents":[2147483647,0,0,1,1,2,2,5,5,8,8],"right_children":[2,4,6,-1,-1,8,-1,-1,10,-1,-1],"split_conditions":[2.002237E-1,9.9713534E-2,1E0,-1.0071074E0,-2.6930848E-1,6.0176843E-1,9.747009E-1,-7.529869E-2,8.0217874E-1,5.1712036E-2,1.9756572E-1],"split_indices":[0,0,0,0,0,0,0,0,0,0,0],"split_type":[0,0,0,0,0,0,0,0,0,0,0],"sum_hessian":[9E0,2E0,7E0,1E0,1E0,6E0,1E0,3E0,3E0,1E0,2E0],"tree_param":{"num_deleted":"0","num_feature":"2","num_nodes":"11","size_leaf_vector":"1"}},{"base_weights":[-2.0042801E-1,-8.083966E0,2.7809525E0,-9.56752E-1,-2.5584298E-1,-9.6191406E-2,7.608256E0,-6.965103E-1,7.362976E-2,2.1527405E-1,9.2596436E-1,-7.972717E-2,-1.9711304E-2],"categories":[],"categories_nodes":[],"categories_segments":[],"categories_sizes":[],"default_left":[0,0,0,0,0,0,0,0,0,0,0,0,0],"id":54,"left_children":[1,3,5,-1,-1,7,9,11,-1,-1,-1,-1,-1],"loss_changes":[2.5751944E2,1.1445618E-1,1.1184262E2,0E0,0E0,3.511392E0,7.0939026E0,4.4127226E-2,0E0,0E0,0E0,0E0,0E0],"parents":[2147483647,0,0,1,1,2,2,5,5,6,6,7,7],"right_children":[2,4,6,-1,-1,8,10,12,-1,-1,-1,-1,-1],"split_conditions":[2.002237E-1,9.9713534E-2,9.024925E-1,-9.56752E-1,-2.5584298E-1,6.0176843E-1,1E0,4.0155637E-1,7.362976E-2,2.1527405E-1,9.2596436E-1,-7.972717E-2,-1.9711304E-2],"split_indices":[0,0,0,0,0,0,0,0,0,0,0,0,0],"split_type":[0,0,0,0,0,0,0,0,0,0,0,0,0],"sum_hessian":[9E0,2E0,7E0,1E0,1E0,5E0,2E0,3E0,2E0,1E0,1E0,2E0,1E0],"tree_param":{"num_deleted":"0","num_feature":"2","num_nodes":"13","size_leaf_vector":"1"}},{"base_weights":[-1.9010277E-1,-7.6797676E0,2.6422844E0,-9.089144E-1,-2.4305077E-1,-9.087626E-2,7.227844E0,-6.5171814E-1,6.8720505E-2,2.045105E-1,8.7966615E-1,-7.441203E-2,-1.8725587E-2],"categories":[],"categories_nodes":[],"categories_segments":[],"categories_sizes":[],"default_left":[0,0,0,0,0,0,0,0,0,0,0,0,0],"id":55,"left_children":[1,3,5,-1,-1,7,9,11,-1,-1,-1,-1,-1],"loss_changes":[2.3242842E2,1.0331726E-1,1.0092142E2,0E0,0E0,3.0661473E0,6.4022064E0,3.2328486E-2,0E0,0E0,0E0,0E0,0E0],"parents":[2147483647,0,0,1,1,2,2,5,5,6,6,7,7],"right_children":[2,4,6,-1,-1,8,10,12,-1,-1,-1,-1,-1],"split_conditions":[2.002237E-1,9.9713534E-2,9.024925E-1,-9.089144E-1,-2.4305077E-1,6.0176843E-1,1E0,4.0155637E-1,6.8720505E-2,2.045105E-1,8.7966615E-1,-7.441203E-2,-1.8725587E-2],"split_indices":[0,0,0,0,0,0,0,0,0,0,0,0,0],"split_type":[0,0,0,0,0,0,0,0,0,0,0,0,0],"sum_hessian":[9E0,2E0,7E0,1E0,1E0,5E0,2E0,3E0,2E0,1E0,1E0,2E0,1E0],"tree_param":{"num_deleted":"0","num_feature":"2","num_nodes":"13","size_leaf_vector":"1"}},{"base_weights":[-1.8031254E-1,-7.2957797E0,2.5105267E0,-8.6346865E-1,-2.3089829E-1,-8.5858665E-2,6.866455E0,-6.0982895E-1,6.413879E-2,1.9428407E-1,8.3568424E-1,-6.9450885E-2,-1.7789459E-2],"categories":[],"categories_nodes":[],"categories_segments":[],"categories_sizes":[],"default_left":[0,0,0,0,0,0,0,0,0,0,0,0,0],"id":56,"left_children":[1,3,5,-1,-1,7,9,11,-1,-1,-1,-1,-1],"loss_changes":[2.0978203E2,9.321594E-2,9.106691E1,0E0,0E0,2.6774707E0,5.778244E0,2.2755265E-2,0E0,0E0,0E0,0E0,0E0],"parents":[2147483647,0,0,1,1,2,2,5,5,6,6,7,7],"right_children":[2,4,6,-1,-1,8,10,12,-1,-1,-1,-1,-1],"split_conditions":[2.002237E-1,9.9713534E-2,9.024925E-1,-8.6346865E-1,-2.3089829E-1,6.0176843E-1,1E0,4.0155637E-1,6.413879E-2,1.9428407E-1,8.3568424E-1,-6.9450885E-2,-1.7789459E-2],"split_indices":[0,0,0,0,0,0,0,0,0,0,0,0,0],"split_type":[0,0,0,0,0,0,0,0,0,0,0,0,0],"sum_hessian":[9E0,2E0,7E0,1E0,1E0,5E0,2E0,3E0,2E0,1E0,1E0,2E0,1E0],"tree_param":{"num_deleted":"0","num_feature":"2","num_nodes":"13","size_leaf_vector":"1"}},{"base_weights":[-1.7103176E-1,-6.9309916E0,2.385332E0,-8.202953E-1,-2.1935348E-1,-8.112335E-2,6.5231323E0,-5.70652E-1,5.9862264E-2,1.8457031E-1,7.9389954E-1,-6.482036E-2,-1.6899873E-2],"categories":[],"categories_nodes":[],"categories_segments":[],"categories_sizes":[],"default_left":[0,0,0,0,0,0,0,0,0,0,0,0,0],"id":57,"left_children":[1,3,5,-1,-1,7,9,11,-1,-1,-1,-1,-1],"loss_changes":[1.8934187E2,8.4121704E-2,8.217479E1,0E0,0E0,2.3381362E0,5.21476E0,1.5049696E-2,0E0,0E0,0E0,0E0,0E0],"parents":[2147483647,0,0,1,1,2,2,5,5,6,6,7,7],"right_children":[2,4,6,-1,-1,8,10,12,-1,-1,-1,-1,-1],"split_conditions":[2.002237E-1,9.9713534E-2,9.024925E-1,-8.202953E-1,-2.1935348E-1,6.0176843E-1,1E0,4.0155637E-1,5.9862264E-2,1.8457031E-1,7.9389954E-1,-6.482036E-2,-1.6899873E-2],"split_indices":[0,0,0,0,0,0,0,0,0,0,0,0,0],"split_type":[0,0,0,0,0,0,0,0,0,0,0,0,0],"sum_hessian":[9E0,2E0,7E0,1E0,1E0,5E0,2E0,3E0,2E0,1E0,1E0,2E0,1E0],"tree_param":{"num_deleted":"0","num_feature":"2","num_nodes":"13","size_leaf_vector":"1"}},{"base_weights":[-1.6223297E-1,-6.584442E0,2.2663746E0,-7.792805E-1,-2.0838585E-1,-7.6657616E-2,6.196981E0,-5.3401566E-1,5.5870563E-2,1.753418E-1,7.5420535E-1,-6.049907E-2,-1.6054535E-2],"categories":[],"categories_nodes":[],"categories_segments":[],"categories_sizes":[],"default_left":[0,0,0,0,0,0,0,0,0,0,0,0,0],"id":58,"left_children":[1,3,5,-1,-1,7,9,11,-1,-1,-1,-1,-1],"loss_changes":[1.7089307E2,7.5912476E-2,7.415134E1,0E0,0E0,2.0418887E0,4.706375E0,8.899808E-3,0E0,0E0,0E0,0E0,0E0],"parents":[2147483647,0,0,1,1,2,2,5,5,6,6,7,7],"right_children":[2,4,6,-1,-1,8,10,12,-1,-1,-1,-1,-1],"split_conditions":[2.002237E-1,9.9713534E-2,9.024925E-1,-7.792805E-1,-2.0838585E-1,6.0176843E-1,1E0,4.0155637E-1,5.5870563E-2,1.753418E-1,7.5420535E-1,-6.049907E-2,-1.6054535E-2],"split_indices":[0,0,0,0,0,0,0,0,0,0,0,0,0],"split_type":[0,0,0,0,0,0,0,0,0,0,0,0,0],"sum_hessian":[9E0,2E0,7E0,1E0,1E0,5E0,2E0,3E0,2E0,1E0,1E0,2E0,1E0],"tree_param":{"num_deleted":"0","num_feature":"2","num_nodes":"13","size_leaf_vector":"1"}},{"base_weights":[-1.538926E-1,-6.255219E0,2.1533413E0,-7.4031645E-1,-1.9796638E-1,-7.24411E-2,5.8871255E0,-4.9975204E-1,5.2145388E-2,1.665741E-1,7.1649474E-1,-5.6465656E-2,-1.5251922E-2],"categories":[],"categories_nodes":[],"categories_segments":[],"categories_sizes":[],"default_left":[0,0,0,0,0,0,0,0,0,0,0,0,0],"id":59,"left_children":[1,3,5,-1,-1,7,9,11,-1,-1,-1,-1,-1],"loss_changes":[1.5424149E2,6.852722E-2,6.6911194E1,0E0,0E0,1.7832646E0,4.247589E0,4.027009E-3,0E0,0E0,0E0,0E0,0E0],"parents":[2147483647,0,0,1,1,2,2,5,5,6,6,7,7],"right_children":[2,4,6,-1,-1,8,10,12,-1,-1,-1,-1,-1],"split_conditions":[2.002237E-1,9.9713534E-2,9.024925E-1,-7.4031645E-1,-1.9796638E-1,6.0176843E-1,1E0,4.0155637E-1,5.2145388E-2,1.665741E-1,7.1649474E-1,-5.6465656E-2,-1.5251922E-2],"split_indices":[0,0,0,0,0,0,0,0,0,0,0,0,0],"split_type":[0,0,0,0,0,0,0,0,0,0,0,0,0],"sum_hessian":[9E0,2E0,7E0,1E0,1E0,5E0,2E0,3E0,2E0,1E0,1E0,2E0,1E0],"tree_param":{"num_deleted":"0","num_feature":"2","num_nodes":"13","size_leaf_vector":"1"}},{"base_weights":[-1.4598036E-1,-5.9424577E0,2.0459461E0,-7.0330065E-1,-1.8806802E-1,-6.845856E-2,5.5927734E0,-4.6770096E-1,4.8668418E-2,1.5824585E-1,6.806702E-1,-5.2700806E-2,-1.4488983E-2],"categories":[],"categories_nodes":[],"categories_segments":[],"categories_sizes":[],"default_left":[0,0,0,0,0,0,0,0,0,0,0,0,0],"id":60,"left_children":[1,3,5,-1,-1,7,9,11,-1,-1,-1,-1,-1],"loss_changes":[1.3921246E2,6.185913E-2,6.03783E1,0E0,0E0,1.5574417E0,3.8333817E0,2.2178888E-4,0E0,0E0,0E0,0E0,0E0],"parents":[2147483647,0,0,1,1,2,2,5,5,6,6,7,7],"right_children":[2,4,6,-1,-1,8,10,12,-1,-1,-1,-1,-1],"split_conditions":[2.002237E-1,9.9713534E-2,9.024925E-1,-7.0330065E-1,-1.8806802E-1,6.0176843E-1,1E0,4.0155637E-1,4.8668418E-2,1.5824585E-1,6.806702E-1,-5.2700806E-2,-1.4488983E-2],"split_indices":[0,0,0,0,0,0,0,0,0,0,0,0,0],"split_type":[0,0,0,0,0,0,0,0,0,0,0,0,0],"sum_hessian":[9E0,2E0,7E0,1E0,1E0,5E0,2E0,3E0,2E0,1E0,1E0,2E0,1E0],"tree_param":{"num_deleted":"0","num_feature":"2","num_nodes":"13","size_leaf_vector":"1"}},{"base_weights":[-1.3848142E-1,-5.6453357E0,1.9438992E0,-6.681356E-1,-1.7866479E-1,-6.4699806E-2,5.313131E0,-4.3772507E-2,4.542338E-2,1.5033264E-1,6.4663696E-1],"categories":[],"categories_nodes":[],"categories_segments":[],"categories_sizes":[],"default_left":[0,0,0,0,0,0,0,0,0,0,0],"id":61,"left_children":[1,3,5,-1,-1,7,9,-1,-1,-1,-1],"loss_changes":[1.2564762E2,5.581665E-2,5.448324E1,0E0,0E0,1.3602815E0,3.4597778E0,0E0,0E0,0E0,0E0],"parents":[2147483647,0,0,1,1,2,2,5,5,6,6],"right_children":[2,4,6,-1,-1,8,10,-1,-1,-1,-1],"split_conditions":[2.002237E-1,9.9713534E-2,9.024925E-1,-6.681356E-1,-1.7866479E-1,6.0176843E-1,1E0,-4.3772507E-2,4.542338E-2,1.5033264E-1,6.4663696E-1],"split_indices":[0,0,0,0,0,0,0,0,0,0,0],"split_type":[0,0,0,0,0,0,0,0,0,0,0],"sum_hessian":[9E0,2E0,7E0,1E0,1E0,5E0,2E0,3E0,2E0,1E0,1E0],"tree_param":{"num_deleted":"0","num_feature":"2","num_nodes":"11","size_leaf_vector":"1"}},{"base_weights":[-1.2944373E-1,-5.363069E0,1.8493462E0,-6.3472885E-1,-1.6973153E-1,-5.7947796E-2,5.0474854E0,-4.0489197E-1,4.2396035E-2,1.4281617E-1,6.143066E-1,-4.6268716E-2,-1.1575318E-2],"categories":[],"categories_nodes":[],"categories_segments":[],"categories_sizes":[],"default_left":[0,0,0,0,0,0,0,0,0,0,0,0,0],"id":62,"left_children":[1,3,5,-1,-1,7,9,11,-1,-1,-1,-1,-1],"loss_changes":[1.1348062E2,5.0361633E-2,4.9090828E1,0E0,0E0,1.1748296E0,3.1224976E0,1.3285816E-2,0E0,0E0,0E0,0E0,0E0],"parents":[2147483647,0,0,1,1,2,2,5,5,6,6,7,7],"right_children":[2,4,6,-1,-1,8,10,12,-1,-1,-1,-1,-1],"split_conditions":[2.002237E-1,9.9713534E-2,9.024925E-1,-6.3472885E-1,-1.6973153E-1,6.0176843E-1,1E0,4.0155637E-1,4.2396035E-2,1.4281617E-1,6.143066E-1,-4.6268716E-2,-1.1575318E-2],"split_indices":[0,0,0,0,0,0,0,0,0,0,0,0,0],"split_type":[0,0,0,0,0,0,0,0,0,0,0,0,0],"sum_hessian":[9E0,2E0,7E0,1E0,1E0,5E0,2E0,3E0,2E0,1E0,1E0,2E0,1E0],"tree_param":{"num_deleted":"0","num_feature":"2","num_nodes":"13","size_leaf_vector":"1"}},{"base_weights":[-1.2277861E-1,-5.094916E0,1.7571201E0,-6.029924E-1,-1.6124497E-1,-5.4725647E-2,4.795105E0,-3.788643E-1,3.9570108E-2,1.3567506E-1,5.835907E-1,-4.318441E-2,-1.0996247E-2],"categories":[],"categories_nodes":[],"categories_segments":[],"categories_sizes":[],"default_left":[0,0,0,0,0,0,0,0,0,0,0,0,0],"id":63,"left_children":[1,3,5,-1,-1,7,9,11,-1,-1,-1,-1,-1],"loss_changes":[1.02423515E2,4.5455933E-2,4.4297295E1,0E0,0E0,1.0259212E0,2.8180695E0,9.498835E-3,0E0,0E0,0E0,0E0,0E0],"parents":[2147483647,0,0,1,1,2,2,5,5,6,6,7,7],"right_children":[2,4,6,-1,-1,8,10,12,-1,-1,-1,-1,-1],"split_conditions":[2.002237E-1,9.9713534E-2,9.024925E-1,-6.029924E-1,-1.6124497E-1,6.0176843E-1,1E0,4.0155637E-1,3.9570108E-2,1.3567506E-1,5.835907E-1,-4.318441E-2,-1.0996247E-2],"split_indices":[0,0,0,0,0,0,0,0,0,0,0,0,0],"split_type":[0,0,0,0,0,0,0,0,0,0,0,0,0],"sum_hessian":[9E0,2E0,7E0,1E0,1E0,5E0,2E0,3E0,2E0,1E0,1E0,2E0,1E0],"tree_param":{"num_deleted":"0","num_feature":"2","num_nodes":"13","size_leaf_vector":"1"}},{"base_weights":[-1.16464235E-1,-4.8401694E0,1.6694832E0,-5.728428E-1,-1.5318261E-1,-5.1691692E-2,4.5553384E0,-3.545227E-1,3.693136E-2,1.2889099E-1,5.544098E-1,-4.7130585E-2,-1.5849305E-2],"categories":[],"categories_nodes":[],"categories_segments":[],"categories_sizes":[],"default_left":[0,0,0,0,0,0,0,0,0,0,0,0,0],"id":64,"left_children":[1,3,5,-1,-1,7,9,11,-1,-1,-1,-1,-1],"loss_changes":[9.2443474E1,4.1038513E-2,3.997197E1,0E0,0E0,8.958908E-1,2.5432968E0,1.6873121E-2,0E0,0E0,0E0,0E0,0E0],"parents":[2147483647,0,0,1,1,2,2,5,5,6,6,7,7],"right_children":[2,4,6,-1,-1,8,10,12,-1,-1,-1,-1,-1],"split_conditions":[2.002237E-1,9.9713534E-2,9.024925E-1,-5.728428E-1,-1.5318261E-1,6.0176843E-1,1E0,3.007485E-1,3.693136E-2,1.2889099E-1,5.544098E-1,-4.7130585E-2,-1.5849305E-2],"split_indices":[0,0,0,0,0,0,0,0,0,0,0,0,0],"split_type":[0,0,0,0,0,0,0,0,0,0,0,0,0],"sum_hessian":[9E0,2E0,7E0,1E0,1E0,5E0,2E0,3E0,2E0,1E0,1E0,1E0,2E0],"tree_param":{"num_deleted":"0","num_feature":"2","num_nodes":"13","size_leaf_vector":"1"}},{"base_weights":[-1.1169157E-1,-4.5981607E0,1.5846958E0,-5.4420066E-1,-1.4552346E-1,-5.086009E-2,4.3275757E0,-3.3481216E-1,3.4469604E-2,1.2244568E-1,5.2669066E-1,-4.4773865E-2,-1.4792378E-2],"categories":[],"categories_nodes":[],"categories_segments":[],"categories_sizes":[],"default_left":[0,0,0,0,0,0,0,0,0,0,0,0,0],"id":65,"left_children":[1,3,5,-1,-1,7,9,11,-1,-1,-1,-1,-1],"loss_changes":[8.3394585E1,3.7044525E-2,3.610917E1,0E0,0E0,7.893223E-1,2.2954674E0,1.8187404E-2,0E0,0E0,0E0,0E0,0E0],"parents":[2147483647,0,0,1,1,2,2,5,5,6,6,7,7],"right_children":[2,4,6,-1,-1,8,10,12,-1,-1,-1,-1,-1],"split_conditions":[2.002237E-1,9.9713534E-2,9.024925E-1,-5.4420066E-1,-1.4552346E-1,6.0176843E-1,1E0,3.007485E-1,3.4469604E-2,1.2244568E-1,5.2669066E-1,-4.4773865E-2,-1.4792378E-2],"split_indices":[0,0,0,0,0,0,0,0,0,0,0,0,0],"split_type":[0,0,0,0,0,0,0,0,0,0,0,0,0],"sum_hessian":[9E0,2E0,7E0,1E0,1E0,5E0,2E0,3E0,2E0,1E0,1E0,1E0,2E0],"tree_param":{"num_deleted":"0","num_feature":"2","num_nodes":"13","size_leaf_vector":"1"}},{"base_weights":[-1.070899E-1,-4.3682528E0,1.5042324E0,-5.169906E-1,-1.382473E-1,-4.995982E-2,4.111206E0,-3.1622696E-1,3.2171633E-2,1.1632385E-1,5.003571E-1,-4.2535402E-2,-1.3806661E-2],"categories":[],"categories_nodes":[],"categories_segments":[],"categories_sizes":[],"default_left":[0,0,0,0,0,0,0,0,0,0,0,0,0],"id":66,"left_children":[1,3,5,-1,-1,7,9,11,-1,-1,-1,-1,-1],"loss_changes":[7.523193E1,3.3424377E-2,3.26193E1,0E0,0E0,6.9552624E-1,2.0716438E0,1.904127E-2,0E0,0E0,0E0,0E0,0E0],"parents":[2147483647,0,0,1,1,2,2,5,5,6,6,7,7],"right_children":[2,4,6,-1,-1,8,10,12,-1,-1,-1,-1,-1],"split_conditions":[2.002237E-1,9.9713534E-2,9.024925E-1,-5.169906E-1,-1.382473E-1,6.0176843E-1,1E0,3.007485E-1,3.2171633E-2,1.1632385E-1,5.003571E-1,-4.2535402E-2,-1.3806661E-2],"split_indices":[0,0,0,0,0,0,0,0,0,0,0,0,0],"split_type":[0,0,0,0,0,0,0,0,0,0,0,0,0],"sum_hessian":[9E0,2E0,7E0,1E0,1E0,5E0,2E0,3E0,2E0,1E0,1E0,1E0,2E0],"tree_param":{"num_deleted":"0","num_feature":"2","num_nodes":"13","size_leaf_vector":"1"}},{"base_weights":[-1.0265341E-1,-4.149841E0,1.4278736E0,-4.9114108E-1,-1.3133506E-1,-4.8988342E-2,3.9056396E0,-2.9868698E-1,3.0027261E-2,1.10507205E-1,4.7533876E-1,-4.0408324E-2,-1.2886047E-2],"categories":[],"categories_nodes":[],"categories_segments":[],"categories_sizes":[],"default_left":[0,0,0,0,0,0,0,0,0,0,0,0,0],"id":67,"left_children":[1,3,5,-1,-1,7,9,11,-1,-1,-1,-1,-1],"loss_changes":[6.7868744E1,3.0151367E-2,2.9465881E1,0E0,0E0,6.1294746E-1,1.8696861E0,1.9525945E-2,0E0,0E0,0E0,0E0,0E0],"parents":[2147483647,0,0,1,1,2,2,5,5,6,6,7,7],"right_children":[2,4,6,-1,-1,8,10,12,-1,-1,-1,-1,-1],"split_conditions":[2.002237E-1,9.9713534E-2,9.024925E-1,-4.9114108E-1,-1.3133506E-1,6.0176843E-1,1E0,3.007485E-1,3.0027261E-2,1.10507205E-1,4.7533876E-1,-4.0408324E-2,-1.2886047E-2],"split_indices":[0,0,0,0,0,0,0,0,0,0,0,0,0],"split_type":[0,0,0,0,0,0,0,0,0,0,0,0,0],"sum_hessian":[9E0,2E0,7E0,1E0,1E0,5E0,2E0,3E0,2E0,1E0,1E0,1E0,2E0],"tree_param":{"num_deleted":"0","num_feature":"2","num_nodes":"13","size_leaf_vector":"1"}},{"base_weights":[-9.83818E-2,-3.9423497E0,1.3554039E0,-4.6658403E-1,-1.2476845E-1,-4.7968548E-2,3.7103474E0,-2.8214264E-1,2.8025309E-2,1.0498047E-1,4.5157167E-1,-3.8388062E-2,-1.2026978E-2],"categories":[],"categories_nodes":[],"categories_segments":[],"categories_sizes":[],"default_left":[0,0,0,0,0,0,0,0,0,0,0,0,0],"id":68,"left_children":[1,3,5,-1,-1,7,9,11,-1,-1,-1,-1,-1],"loss_changes":[6.122653E1,2.7198792E-2,2.6616886E1,0E0,0E0,5.402374E-1,1.6875343E0,1.9705236E-2,0E0,0E0,0E0,0E0,0E0],"parents":[2147483647,0,0,1,1,2,2,5,5,6,6,7,7],"right_children":[2,4,6,-1,-1,8,10,12,-1,-1,-1,-1,-1],"split_conditions":[2.002237E-1,9.9713534E-2,9.024925E-1,-4.6658403E-1,-1.2476845E-1,6.0176843E-1,1E0,3.007485E-1,2.8025309E-2,1.0498047E-1,4.5157167E-1,-3.8388062E-2,-1.2026978E-2],"split_indices":[0,0,0,0,0,0,0,0,0,0,0,0,0],"split_type":[0,0,0,0,0,0,0,0,0,0,0,0,0],"sum_hessian":[9E0,2E0,7E0,1E0,1E0,5E0,2E0,3E0,2E0,1E0,1E0,1E0,2E0],"tree_param":{"num_deleted":"0","num_feature":"2","num_nodes":"13","size_leaf_vector":"1"}},{"base_weights":[-9.426336E-2,-3.7452314E0,1.2866325E0,-4.432548E-1,-1.1852989E-1,-4.6900433E-2,3.524821E0,-2.665329E-1,2.6157632E-2,9.9731445E-2,4.289917E-1,-3.6468506E-2,-1.1225383E-2],"categories":[],"categories_nodes":[],"categories_segments":[],"categories_sizes":[],"default_left":[0,0,0,0,0,0,0,0,0,0,0,0,0],"id":69,"left_children":[1,3,5,-1,-1,7,9,11,-1,-1,-1,-1,-1],"loss_changes":[5.5234802E1,2.4559021E-2,2.4042904E1,0E0,0E0,4.762278E-1,1.5229568E0,1.9633979E-2,0E0,0E0,0E0,0E0,0E0],"parents":[2147483647,0,0,1,1,2,2,5,5,6,6,7,7],"right_children":[2,4,6,-1,-1,8,10,12,-1,-1,-1,-1,-1],"split_conditions":[2.002237E-1,9.9713534E-2,9.024925E-1,-4.432548E-1,-1.1852989E-1,6.0176843E-1,1E0,3.007485E-1,2.6157632E-2,9.9731445E-2,4.289917E-1,-3.6468506E-2,-1.1225383E-2],"split_indices":[0,0,0,0,0,0,0,0,0,0,0,0,0],"split_type":[0,0,0,0,0,0,0,0,0,0,0,0,0],"sum_hessian":[9E0,2E0,7E0,1E0,1E0,5E0,2E0,3E0,2E0,1E0,1E0,1E0,2E0],"tree_param":{"num_deleted":"0","num_feature":"2","num_nodes":"13","size_leaf_vector":"1"}},{"base_weights":[-9.0297416E-2,-3.5579698E0,1.2213669E0,-4.210921E-1,-1.1260338E-1,-4.579671E-2,3.3485718E0,-2.5180054E-1,2.4414062E-2,9.4744876E-2,4.075409E-1,-3.464508E-2,-1.0476685E-2],"categories":[],"categories_nodes":[],"categories_segments":[],"categories_sizes":[],"default_left":[0,0,0,0,0,0,0,0,0,0,0,0,0],"id":70,"left_children":[1,3,5,-1,-1,7,9,11,-1,-1,-1,-1,-1],"loss_changes":[4.9829803E1,2.2167206E-2,2.1717487E1,0E0,0E0,4.1984394E-1,1.3744354E0,1.9370556E-2,0E0,0E0,0E0,0E0,0E0],"parents":[2147483647,0,0,1,1,2,2,5,5,6,6,7,7],"right_children":[2,4,6,-1,-1,8,10,12,-1,-1,-1,-1,-1],"split_conditions":[2.002237E-1,9.9713534E-2,9.024925E-1,-4.210921E-1,-1.1260338E-1,6.0176843E-1,1E0,3.007485E-1,2.4414062E-2,9.4744876E-2,4.075409E-1,-3.464508E-2,-1.0476685E-2],"split_indices":[0,0,0,0,0,0,0,0,0,0,0,0,0],"split_type":[0,0,0,0,0,0,0,0,0,0,0,0,0],"sum_hessian":[9E0,2E0,7E0,1E0,1E0,5E0,2E0,3E0,2E0,1E0,1E0,1E0,2E0],"tree_param":{"num_deleted":"0","num_feature":"2","num_nodes":"13","size_leaf_vector":"1"}},{"base_weights":[-8.6476326E-2,-3.3800716E0,1.1594315E0,-4.000375E-1,-1.0697327E-1,-4.466756E-2,3.1811523E0,-2.3789978E-1,2.2786459E-2,9.000855E-2,3.8716432E-1,-3.2913208E-2,-9.777832E-3],"categories":[],"categories_nodes":[],"categories_segments":[],"categories_sizes":[],"default_left":[0,0,0,0,0,0,0,0,0,0,0,0,0],"id":71,"left_children":[1,3,5,-1,-1,7,9,11,-1,-1,-1,-1,-1],"loss_changes":[4.495412E1,1.9996643E-2,1.9616913E1,0E0,0E0,3.7018088E-1,1.2403564E0,1.895243E-2,0E0,0E0,0E0,0E0,0E0],"parents":[2147483647,0,0,1,1,2,2,5,5,6,6,7,7],"right_children":[2,4,6,-1,-1,8,10,12,-1,-1,-1,-1,-1],"split_conditions":[2.002237E-1,9.9713534E-2,9.024925E-1,-4.000375E-1,-1.0697327E-1,6.0176843E-1,1E0,3.007485E-1,2.2786459E-2,9.000855E-2,3.8716432E-1,-3.2913208E-2,-9.777832E-3],"split_indices":[0,0,0,0,0,0,0,0,0,0,0,0,0],"split_type":[0,0,0,0,0,0,0,0,0,0,0,0,0],"sum_hessian":[9E0,2E0,7E0,1E0,1E0,5E0,2E0,3E0,2E0,1E0,1E0,1E0,2E0],"tree_param":{"num_deleted":"0","num_feature":"2","num_nodes":"13","size_leaf_vector":"1"}},{"base_weights":[-8.280454E-2,-3.2110686E0,1.1006451E0,-3.800356E-1,-1.0162468E-1,-4.352061E-2,3.0220947E0,-2.2478104E-1,2.1266682E-2,8.550721E-2,3.67807E-1,-3.126755E-2,-9.125773E-3],"categories":[],"categories_nodes":[],"categories_segments":[],"categories_sizes":[],"default_left":[0,0,0,0,0,0,0,0,0,0,0,0,0],"id":72,"left_children":[1,3,5,-1,-1,7,9,11,-1,-1,-1,-1,-1],"loss_changes":[4.0555676E1,1.8045425E-2,1.7719177E1,0E0,0E0,3.2642335E-1,1.119524E0,1.8409759E-2,0E0,0E0,0E0,0E0,0E0],"parents":[2147483647,0,0,1,1,2,2,5,5,6,6,7,7],"right_children":[2,4,6,-1,-1,8,10,12,-1,-1,-1,-1,-1],"split_conditions":[2.002237E-1,9.9713534E-2,9.024925E-1,-3.800356E-1,-1.0162468E-1,6.0176843E-1,1E0,3.007485E-1,2.1266682E-2,8.550721E-2,3.67807E-1,-3.126755E-2,-9.125773E-3],"split_indices":[0,0,0,0,0,0,0,0,0,0,0,0,0],"split_type":[0,0,0,0,0,0,0,0,0,0,0,0,0],"sum_hessian":[9E0,2E0,7E0,1E0,1E0,5E0,2E0,3E0,2E0,1E0,1E0,1E0,2E0],"tree_param":{"num_deleted":"0","num_feature":"2","num_nodes":"13","size_leaf_vector":"1"}},{"base_weights":[-7.927213E-2,-3.0505157E0,1.0448532E0,-3.6103386E-1,-9.6543506E-2,-4.23584E-2,2.870992E0,-2.1240234E-1,1.9848634E-2,8.123169E-2,3.4941712E-1,-2.9704286E-2,-8.517456E-3],"categories":[],"categories_nodes":[],"categories_segments":[],"categories_sizes":[],"default_left":[0,0,0,0,0,0,0,0,0,0,0,0,0],"id":73,"left_children":[1,3,5,-1,-1,7,9,11,-1,-1,-1,-1,-1],"loss_changes":[3.658784E1,1.6281128E-2,1.6004805E1,0E0,0E0,2.878841E-1,1.010397E0,1.7774E-2,0E0,0E0,0E0,0E0,0E0],"parents":[2147483647,0,0,1,1,2,2,5,5,6,6,7,7],"right_children":[2,4,6,-1,-1,8,10,12,-1,-1,-1,-1,-1],"split_conditions":[2.002237E-1,9.9713534E-2,9.024925E-1,-3.6103386E-1,-9.6543506E-2,6.0176843E-1,1E0,3.007485E-1,1.9848634E-2,8.123169E-2,3.4941712E-1,-2.9704286E-2,-8.517456E-3],"split_indices":[0,0,0,0,0,0,0,0,0,0,0,0,0],"split_type":[0,0,0,0,0,0,0,0,0,0,0,0,0],"sum_hessian":[9E0,2E0,7E0,1E0,1E0,5E0,2E0,3E0,2E0,1E0,1E0,1E0,2E0],"tree_param":{"num_deleted":"0","num_feature":"2","num_nodes":"13","size_leaf_vector":"1"}},{"base_weights":[-7.5874425E-2,-2.8979902E0,9.919033E-1,-3.4298214E-1,-9.171639E-2,-4.1180927E-2,2.7274373E0,-2.0071793E-1,1.8526204E-2,7.71698E-2,3.319458E-1,-2.8218841E-2,-7.949829E-3],"categories":[],"categories_nodes":[],"categories_segments":[],"categories_sizes":[],"default_left":[0,0,0,0,0,0,0,0,0,0,0,0,0],"id":74,"left_children":[1,3,5,-1,-1,7,9,11,-1,-1,-1,-1,-1],"loss_changes":[3.3008453E1,1.46865845E-2,1.4455942E1,0E0,0E0,2.539416E-1,9.1189575E-1,1.7069802E-2,0E0,0E0,0E0,0E0,0E0],"parents":[2147483647,0,0,1,1,2,2,5,5,6,6,7,7],"right_children":[2,4,6,-1,-1,8,10,12,-1,-1,-1,-1,-1],"split_conditions":[2.002237E-1,9.9713534E-2,9.024925E-1,-3.4298214E-1,-9.171639E-2,6.0176843E-1,1E0,3.007485E-1,1.8526204E-2,7.71698E-2,3.319458E-1,-2.8218841E-2,-7.949829E-3],"split_indices":[0,0,0,0,0,0,0,0,0,0,0,0,0],"split_type":[0,0,0,0,0,0,0,0,0,0,0,0,0],"sum_hessian":[9E0,2E0,7E0,1E0,1E0,5E0,2E0,3E0,2E0,1E0,1E0,1E0,2E0],"tree_param":{"num_deleted":"0","num_feature":"2","num_nodes":"13","size_leaf_vector":"1"}},{"base_weights":[-7.261028E-2,-2.7530918E0,9.416466E-1,-3.2583305E-1,-8.713074E-2,-4.000346E-2,2.5910645E0,-1.8968964E-1,1.729126E-2,7.331238E-2,3.1534728E-1,-2.6808167E-2,-7.4198404E-3],"categories":[],"categories_nodes":[],"categories_segments":[],"categories_sizes":[],"default_left":[0,0,0,0,0,0,0,0,0,0,0,0,0],"id":75,"left_children":[1,3,5,-1,-1,7,9,11,-1,-1,-1,-1,-1],"loss_changes":[2.9779406E1,1.3242722E-2,1.305686E1,0E0,0E0,2.2402328E-1,8.228798E-1,1.6323134E-2,0E0,0E0,0E0,0E0,0E0],"parents":[2147483647,0,0,1,1,2,2,5,5,6,6,7,7],"right_children":[2,4,6,-1,-1,8,10,12,-1,-1,-1,-1,-1],"split_conditions":[2.002237E-1,9.9713534E-2,9.024925E-1,-3.2583305E-1,-8.713074E-2,6.0176843E-1,1E0,3.007485E-1,1.729126E-2,7.331238E-2,3.1534728E-1,-2.6808167E-2,-7.4198404E-3],"split_indices":[0,0,0,0,0,0,0,0,0,0,0,0,0],"split_type":[0,0,0,0,0,0,0,0,0,0,0,0,0],"sum_hessian":[9E0,2E0,7E0,1E0,1E0,5E0,2E0,3E0,2E0,1E0,1E0,1E0,2E0],"tree_param":{"num_deleted":"0","num_feature":"2","num_nodes":"13","size_leaf_vector":"1"}},{"base_weights":[-6.947799E-2,-2.6154382E0,8.939419E-1,-3.095414E-1,-8.2774356E-2,-3.8831074E-2,2.461507E0,-1.7927933E-1,1.6137695E-2,6.9647215E-2,2.9957888E-1,-2.5467683E-2,-6.9254558E-3],"categories":[],"categories_nodes":[],"categories_segments":[],"categories_sizes":[],"default_left":[0,0,0,0,0,0,0,0,0,0,0,0,0],"id":76,"left_children":[1,3,5,-1,-1,7,9,11,-1,-1,-1,-1,-1],"loss_changes":[2.6866339E1,1.194191E-2,1.1793043E1,0E0,0E0,1.9764476E-1,7.4259186E-1,1.5544832E-2,0E0,0E0,0E0,0E0,0E0],"parents":[2147483647,0,0,1,1,2,2,5,5,6,6,7,7],"right_children":[2,4,6,-1,-1,8,10,12,-1,-1,-1,-1,-1],"split_conditions":[2.002237E-1,9.9713534E-2,9.024925E-1,-3.095414E-1,-8.2774356E-2,6.0176843E-1,1E0,3.007485E-1,1.6137695E-2,6.9647215E-2,2.9957888E-1,-2.5467683E-2,-6.9254558E-3],"split_indices":[0,0,0,0,0,0,0,0,0,0,0,0,0],"split_type":[0,0,0,0,0,0,0,0,0,0,0,0,0],"sum_hessian":[9E0,2E0,7E0,1E0,1E0,5E0,2E0,3E0,2E0,1E0,1E0,1E0,2E0],"tree_param":{"num_deleted":"0","num_feature":"2","num_nodes":"13","size_leaf_vector":"1"}},{"base_weights":[-6.646347E-2,-2.4846675E0,8.4867096E-1,-2.9406434E-1,-7.863579E-2,-3.765869E-2,2.33844E0,-1.6944885E-1,1.5061443E-2,6.6165164E-2,2.8460082E-1,-2.4194336E-2,-6.463623E-3],"categories":[],"categories_nodes":[],"categories_segments":[],"categories_sizes":[],"default_left":[0,0,0,0,0,0,0,0,0,0,0,0,0],"id":77,"left_children":[1,3,5,-1,-1,7,9,11,-1,-1,-1,-1,-1],"loss_changes":[2.4238483E1,1.0765076E-2,1.0651475E1,0E0,0E0,1.743967E-1,6.70187E-1,1.4755055E-2,0E0,0E0,0E0,0E0,0E0],"parents":[2147483647,0,0,1,1,2,2,5,5,6,6,7,7],"right_children":[2,4,6,-1,-1,8,10,12,-1,-1,-1,-1,-1],"split_conditions":[2.002237E-1,9.9713534E-2,9.024925E-1,-2.9406434E-1,-7.863579E-2,6.0176843E-1,1E0,3.007485E-1,1.5061443E-2,6.6165164E-2,2.8460082E-1,-2.4194336E-2,-6.463623E-3],"split_indices":[0,0,0,0,0,0,0,0,0,0,0,0,0],"split_type":[0,0,0,0,0,0,0,0,0,0,0,0,0],"sum_hessian":[9E0,2E0,7E0,1E0,1E0,5E0,2E0,3E0,2E0,1E0,1E0,1E0,2E0],"tree_param":{"num_deleted":"0","num_feature":"2","num_nodes":"13","size_leaf_vector":"1"}},{"base_weights":[-6.357145E-2,-2.3604338E0,8.056984E-1,-2.793611E-1,-7.4703984E-2,-3.649394E-2,2.2215168E0,-1.6016388E-1,1.4056396E-1,6.2857054E-2,2.7037048E-1,-2.2984315E-2,-6.032308E-3,4.446411E-3,1.6638184E-2],"categories":[],"categories_nodes":[],"categories_segments":[],"categories_sizes":[],"default_left":[0,0,0,0,0,0,0,0,0,0,0,0,0,0,0],"id":78,"left_children":[1,3,5,-1,-1,7,9,11,13,-1,-1,-1,-1,-1,-1],"loss_changes":[2.1867731E1,9.717941E-3,9.620204E0,0E0,0E0,1.5389371E-1,6.048298E-1,1.3962485E-2,4.5258552E-5,0E0,0E0,0E0,0E0,0E0,0E0],"parents":[2147483647,0,0,1,1,2,2,5,5,6,6,7,7,8,8],"right_children":[2,4,6,-1,-1,8,10,12,14,-1,-1,-1,-1,-1,-1],"split_conditions":[2.002237E-1,9.9713534E-2,9.024925E-1,-2.793611E-1,-7.4703984E-2,6.0176843E-1,1E0,3.007485E-1,8.0217874E-1,6.2857054E-2,2.7037048E-1,-2.2984315E-2,-6.032308E-3,4.446411E-3,1.6638184E-2],"split_indices":[0,0,0,0,0,0,0,0,0,0,0,0,0,0,0],"split_type":[0,0,0,0,0,0,0,0,0,0,0,0,0,0,0],"sum_hessian":[9E0,2E0,7E0,1E0,1E0,5E0,2E0,3E0,2E0,1E0,1E0,1E0,2E0,1E0,1E0],"tree_param":{"num_deleted":"0","num_feature":"2","num_nodes":"15","size_leaf_vector":"1"}},{"base_weights":[-6.009517E-2,-2.2424111E0,7.657852E-1,-2.6539305E-1,-7.096863E-2,-3.4169514E-2,2.1104329E0,-1.5140533E-1,1.3353474E-1,5.9713747E-2,2.568512E-1,-2.1835327E-2,-5.630493E-3,4.223633E-3,1.580658E-2],"categories":[],"categories_nodes":[],"categories_segments":[],"categories_sizes":[],"default_left":[0,0,0,0,0,0,0,0,0,0,0,0,0,0,0],"id":79,"left_children":[1,3,5,-1,-1,7,9,11,13,-1,-1,-1,-1,-1,-1],"loss_changes":[1.9740524E1,8.779526E-3,8.677372E0,0E0,0E0,1.3818356E-1,5.4587173E-1,1.3172731E-2,4.2818487E-5,0E0,0E0,0E0,0E0,0E0,0E0],"parents":[2147483647,0,0,1,1,2,2,5,5,6,6,7,7,8,8],"right_children":[2,4,6,-1,-1,8,10,12,14,-1,-1,-1,-1,-1,-1],"split_conditions":[2.002237E-1,9.9713534E-2,9.024925E-1,-2.6539305E-1,-7.096863E-2,6.0176843E-1,1E0,3.007485E-1,8.0217874E-1,5.9713747E-2,2.568512E-1,-2.1835327E-2,-5.630493E-3,4.223633E-3,1.580658E-2],"split_indices":[0,0,0,0,0,0,0,0,0,0,0,0,0,0,0],"split_type":[0,0,0,0,0,0,0,0,0,0,0,0,0,0,0],"sum_hessian":[9E0,2E0,7E0,1E0,1E0,5E0,2E0,3E0,2E0,1E0,1E0,1E0,2E0,1E0,1E0],"tree_param":{"num_deleted":"0","num_feature":"2","num_nodes":"15","size_leaf_vector":"1"}},{"base_weights":[-5.680413E-2,-2.1302905E0,7.278538E-1,-2.521234E-1,-6.74202E-2,-3.199005E-2,2.0049236E0,-1.4313126E-1,1.2686157E-1,5.6729127E-2,2.440094E-1,-2.0743562E-2,-5.255127E-3,4.0130615E-3,1.5016175E-2],"categories":[],"categories_nodes":[],"categories_segments":[],"categories_sizes":[],"default_left":[0,0,0,0,0,0,0,0,0,0,0,0,0,0,0],"id":80,"left_children":[1,3,5,-1,-1,7,9,11,13,-1,-1,-1,-1,-1,-1],"loss_changes":[1.7820314E1,7.923126E-3,7.8271255E0,0E0,0E0,1.24087624E-1,4.926014E-1,1.2397751E-2,3.6451966E-5,0E0,0E0,0E0,0E0,0E0,0E0],"parents":[2147483647,0,0,1,1,2,2,5,5,6,6,7,7,8,8],"right_children":[2,4,6,-1,-1,8,10,12,14,-1,-1,-1,-1,-1,-1],"split_conditions":[2.002237E-1,9.9713534E-2,9.024925E-1,-2.521234E-1,-6.74202E-2,6.0176843E-1,1E0,3.007485E-1,8.0217874E-1,5.6729127E-2,2.440094E-1,-2.0743562E-2,-5.255127E-3,4.0130615E-3,1.5016175E-2],"split_indices":[0,0,0,0,0,0,0,0,0,0,0,0,0,0,0],"split_type":[0,0,0,0,0,0,0,0,0,0,0,0,0,0,0],"sum_hessian":[9E0,2E0,7E0,1E0,1E0,5E0,2E0,3E0,2E0,1E0,1E0,1E0,2E0,1E0,1E0],"tree_param":{"num_deleted":"0","num_feature":"2","num_nodes":"15","size_leaf_vector":"1"}},{"base_weights":[-5.3702544E-2,-2.0237758E0,6.917877E-1,-2.3951721E-1,-6.404915E-2,-2.995809E-2,1.9046835E0,-1.3532257E-1,1.20513916E-1,5.3894043E-2,2.3180847E-1,-1.9706726E-2,-4.905192E-3,3.8116456E-3,1.4265442E-2],"categories":[],"categories_nodes":[],"categories_segments":[],"categories_sizes":[],"default_left":[0,0,0,0,0,0,0,0,0,0,0,0,0,0,0],"id":81,"left_children":[1,3,5,-1,-1,7,9,11,13,-1,-1,-1,-1,-1,-1],"loss_changes":[1.608673E1,7.1516037E-3,7.060281E0,0E0,0E0,1.1143468E-1,4.4448948E-1,1.1640489E-2,3.548339E-5,0E0,0E0,0E0,0E0,0E0,0E0],"parents":[2147483647,0,0,1,1,2,2,5,5,6,6,7,7,8,8],"right_children":[2,4,6,-1,-1,8,10,12,14,-1,-1,-1,-1,-1,-1],"split_conditions":[2.002237E-1,9.9713534E-2,9.024925E-1,-2.3951721E-1,-6.404915E-2,6.0176843E-1,1E0,3.007485E-1,8.0217874E-1,5.3894043E-2,2.3180847E-1,-1.9706726E-2,-4.905192E-3,3.8116456E-3,1.4265442E-2],"split_indices":[0,0,0,0,0,0,0,0,0,0,0,0,0,0,0],"split_type":[0,0,0,0,0,0,0,0,0,0,0,0,0,0,0],"sum_hessian":[9E0,2E0,7E0,1E0,1E0,5E0,2E0,3E0,2E0,1E0,1E0,1E0,2E0,1E0,1E0],"tree_param":{"num_deleted":"0","num_feature":"2","num_nodes":"15","size_leaf_vector":"1"}},{"base_weights":[-5.0772093E-2,-1.922587E0,6.5750504E-1,-2.2754136E-1,-6.0846712E-2,-2.8050741E-2,1.8094482E0,-1.2794495E-1,1.1449178E-1,5.1199343E-2,2.202179E-1,-1.8721009E-2,-4.578654E-3,3.6209107E-3,1.3552857E-2],"categories":[],"categories_nodes":[],"categories_segments":[],"categories_sizes":[],"default_left":[0,0,0,0,0,0,0,0,0,0,0,0,0,0,0],"id":82,"left_children":[1,3,5,-1,-1,7,9,11,13,-1,-1,-1,-1,-1,-1],"loss_changes":[1.4521749E1,6.453514E-3,6.3685265E0,0E0,0E0,1.0008368E-1,4.011507E-1,1.0904819E-2,3.3076853E-5,0E0,0E0,0E0,0E0,0E0,0E0],"parents":[2147483647,0,0,1,1,2,2,5,5,6,6,7,7,8,8],"right_children":[2,4,6,-1,-1,8,10,12,14,-1,-1,-1,-1,-1,-1],"split_conditions":[2.002237E-1,9.9713534E-2,9.024925E-1,-2.2754136E-1,-6.0846712E-2,6.0176843E-1,1E0,3.007485E-1,8.0217874E-1,5.1199343E-2,2.202179E-1,-1.8721009E-2,-4.578654E-3,3.6209107E-3,1.3552857E-2],"split_indices":[0,0,0,0,0,0,0,0,0,0,0,0,0,0,0],"split_type":[0,0,0,0,0,0,0,0,0,0,0,0,0,0,0],"sum_hessian":[9E0,2E0,7E0,1E0,1E0,5E0,2E0,3E0,2E0,1E0,1E0,1E0,2E0,1E0,1E0],"tree_param":{"num_deleted":"0","num_feature":"2","num_nodes":"15","size_leaf_vector":"1"}},{"base_weights":[-4.80062E-2,-1.8264585E0,6.2491417E-1,-2.1616428E-1,-5.780449E-2,-2.6268005E-2,1.7189738E0,-1.20975494E-1,1.0876465E-1,4.8638918E-2,2.0920716E-1,-1.7784882E-2,-4.2734784E-3,3.4393312E-3,1.2875366E-2],"categories":[],"categories_nodes":[],"categories_segments":[],"categories_sizes":[],"default_left":[0,0,0,0,0,0,0,0,0,0,0,0,0,0,0],"id":83,"left_children":[1,3,5,-1,-1,7,9,11,13,-1,-1,-1,-1,-1,-1],"loss_changes":[1.3108948E1,5.8193207E-3,5.744611E0,0E0,0E0,8.988948E-2,3.6206245E-1,1.019891E-2,3.156066E-5,0E0,0E0,0E0,0E0,0E0,0E0],"parents":[2147483647,0,0,1,1,2,2,5,5,6,6,7,7,8,8],"right_children":[2,4,6,-1,-1,8,10,12,14,-1,-1,-1,-1,-1,-1],"split_conditions":[2.002237E-1,9.9713534E-2,9.024925E-1,-2.1616428E-1,-5.780449E-2,6.0176843E-1,1E0,3.007485E-1,8.0217874E-1,4.8638918E-2,2.0920716E-1,-1.7784882E-2,-4.2734784E-3,3.4393312E-3,1.2875366E-2],"split_indices":[0,0,0,0,0,0,0,0,0,0,0,0,0,0,0],"split_type":[0,0,0,0,0,0,0,0,0,0,0,0,0,0,0],"sum_hessian":[9E0,2E0,7E0,1E0,1E0,5E0,2E0,3E0,2E0,1E0,1E0,1E0,2E0,1E0,1E0],"tree_param":{"num_deleted":"0","num_feature":"2","num_nodes":"15","size_leaf_vector":"1"}},{"base_weights":[-4.5395374E-2,-1.7351345E0,5.939312E-1,-2.0535608E-1,-5.4914095E-2,-2.459971E-2,1.633016E0,-1.1439133E-1,1.0332235E-1,4.6206664E-2,1.9874573E-1,-1.6895294E-2,-3.9886474E-3,3.2669068E-3,1.2231446E-2],"categories":[],"categories_nodes":[],"categories_segments":[],"categories_sizes":[],"default_left":[0,0,0,0,0,0,0,0,0,0,0,0,0,0,0],"id":84,"left_children":[1,3,5,-1,-1,7,9,11,13,-1,-1,-1,-1,-1,-1],"loss_changes":[1.1833502E1,5.259514E-3,5.18182E0,0E0,0E0,8.0737144E-2,3.2676125E-1,9.521484E-3,2.9664487E-5,0E0,0E0,0E0,0E0,0E0,0E0],"parents":[2147483647,0,0,1,1,2,2,5,5,6,6,7,7,8,8],"right_children":[2,4,6,-1,-1,8,10,12,14,-1,-1,-1,-1,-1,-1],"split_conditions":[2.002237E-1,9.9713534E-2,9.024925E-1,-2.0535608E-1,-5.4914095E-2,6.0176843E-1,1E0,3.007485E-1,8.0217874E-1,4.6206664E-2,1.9874573E-1,-1.6895294E-2,-3.9886474E-3,3.2669068E-3,1.2231446E-2],"split_indices":[0,0,0,0,0,0,0,0,0,0,0,0,0,0,0],"split_type":[0,0,0,0,0,0,0,0,0,0,0,0,0,0,0],"sum_hessian":[9E0,2E0,7E0,1E0,1E0,5E0,2E0,3E0,2E0,1E0,1E0,1E0,2E0,1E0,1E0],"tree_param":{"num_deleted":"0","num_feature":"2","num_nodes":"15","size_leaf_vector":"1"}},{"base_weights":[-4.292617E-2,-1.648377E0,5.6448364E-1,-1.9508827E-1,-5.2168276E-2,-2.3040771E-2,1.5513712E0,-1.08177185E-1,9.81547E-2,4.3896485E-2,1.888092E-1,-1.605072E-2,-3.7231445E-3,3.1036378E-3,1.1619568E-2],"categories":[],"categories_nodes":[],"categories_segments":[],"categories_sizes":[],"default_left":[0,0,0,0,0,0,0,0,0,0,0,0,0,0,0],"id":85,"left_children":[1,3,5,-1,-1,7,9,11,13,-1,-1,-1,-1,-1,-1],"loss_changes":[1.0682147E1,4.752159E-3,4.6743093E0,0E0,0E0,7.2526984E-2,2.949052E-1,8.87445E-3,2.6347116E-5,0E0,0E0,0E0,0E0,0E0,0E0],"parents":[2147483647,0,0,1,1,2,2,5,5,6,6,7,7,8,8],"right_children":[2,4,6,-1,-1,8,10,12,14,-1,-1,-1,-1,-1,-1],"split_conditions":[2.002237E-1,9.9713534E-2,9.024925E-1,-1.9508827E-1,-5.2168276E-2,6.0176843E-1,1E0,3.007485E-1,8.0217874E-1,4.3896485E-2,1.888092E-1,-1.605072E-2,-3.7231445E-3,3.1036378E-3,1.1619568E-2],"split_indices":[0,0,0,0,0,0,0,0,0,0,0,0,0,0,0],"split_type":[0,0,0,0,0,0,0,0,0,0,0,0,0,0,0],"sum_hessian":[9E0,2E0,7E0,1E0,1E0,5E0,2E0,3E0,2E0,1E0,1E0,1E0,2E0,1E0,1E0],"tree_param":{"num_deleted":"0","num_feature":"2","num_nodes":"15","size_leaf_vector":"1"}},{"base_weights":[-4.05911E-2,-1.5659575E0,5.364952E-1,-1.8533385E-1,-4.9559783E-2,-2.1581015E-2,1.4738159E0,-1.0230255E-1,9.324137E-2,4.170227E-2,1.7937012E-1,-1.5248108E-2,-3.4749347E-3,2.947998E-3,1.1038208E-2],"categories":[],"categories_nodes":[],"categories_segments":[],"categories_sizes":[],"default_left":[0,0,0,0,0,0,0,0,0,0,0,0,0,0,0],"id":86,"left_children":[1,3,5,-1,-1,7,9,11,13,-1,-1,-1,-1,-1,-1],"loss_changes":[9.642809E0,4.292488E-3,4.2165775E0,0E0,0E0,6.515066E-2,2.661438E-1,8.260261E-3,2.4685636E-5,0E0,0E0,0E0,0E0,0E0,0E0],"parents":[2147483647,0,0,1,1,2,2,5,5,6,6,7,7,8,8],"right_children":[2,4,6,-1,-1,8,10,12,14,-1,-1,-1,-1,-1,-1],"split_conditions":[2.002237E-1,9.9713534E-2,9.024925E-1,-1.8533385E-1,-4.9559783E-2,6.0176843E-1,1E0,3.007485E-1,8.0217874E-1,4.170227E-2,1.7937012E-1,-1.5248108E-2,-3.4749347E-3,2.947998E-3,1.1038208E-2],"split_indices":[0,0,0,0,0,0,0,0,0,0,0,0,0,0,0],"split_type":[0,0,0,0,0,0,0,0,0,0,0,0,0,0,0],"sum_hessian":[9E0,2E0,7E0,1E0,1E0,5E0,2E0,3E0,2E0,1E0,1E0,1E0,2E0,1E0,1E0],"tree_param":{"num_deleted":"0","num_feature":"2","num_nodes":"15","size_leaf_vector":"1"}},{"base_weights":[-3.8389206E-2,-1.4876595E0,5.098858E-1,-1.7606716E-1,-4.7081757E-2,-2.0215353E-2,1.4001261E0,-9.675217E-2,8.857218E-2,3.9617922E-2,1.70401E-1,-1.22395836E-1,-9.910584E-4,2.7999878E-3,1.048584E-2,-1.4485932E-2,-3.8734437E-3],"categories":[],"categories_nodes":[],"categories_segments":[],"categories_sizes":[],"default_left":[0,0,0,0,0,0,0,0,0,0,0,0,0,0,0,0,0],"id":87,"left_children":[1,3,5,-1,-1,7,9,11,13,-1,-1,15,-1,-1,-1,-1,-1],"loss_changes":[8.704523E0,3.8752556E-3,3.8036435E0,0E0,0E0,5.852706E-2,2.4015617E-1,7.6947287E-3,2.3458153E-5,0E0,0E0,2.6937574E-5,0E0,0E0,0E0,0E0,0E0],"parents":[2147483647,0,0,1,1,2,2,5,5,6,6,7,7,8,8,11,11],"right_children":[2,4,6,-1,-1,8,10,12,14,-1,-1,16,-1,-1,-1,-1,-1],"split_conditions":[2.002237E-1,9.9713534E-2,9.024925E-1,-1.7606716E-1,-4.7081757E-2,6.0176843E-1,1E0,4.0155637E-1,8.0217874E-1,3.9617922E-2,1.70401E-1,3.007485E-1,-9.910584E-4,2.7999878E-3,1.048584E-2,-1.4485932E-2,-3.8734437E-3],"split_indices":[0,0,0,0,0,0,0,0,0,0,0,0,0,0,0,0,0],"split_type":[0,0,0,0,0,0,0,0,0,0,0,0,0,0,0,0,0],"sum_hessian":[9E0,2E0,7E0,1E0,1E0,5E0,2E0,3E0,2E0,1E0,1E0,2E0,1E0,1E0,1E0,1E0,1E0],"tree_param":{"num_deleted":"0","num_feature":"2","num_nodes":"17","size_leaf_vector":"1"}},{"base_weights":[-3.6472343E-2,-1.4132768E0,4.8438835E-1,-1.672638E-1,-4.472771E-2,-1.9208273E-2,1.3301188E0,-9.191513E-2,8.413696E-2,3.763733E-2,1.618805E-1,-1.1627706E-1,-9.414673E-4,2.659607E-3,9.960937E-3,-1.3761902E-2,-3.6796571E-3],"categories":[],"categories_nodes":[],"categories_segments":[],"categories_sizes":[],"default_left":[0,0,0,0,0,0,0,0,0,0,0,0,0,0,0,0,0],"id":88,"left_children":[1,3,5,-1,-1,7,9,11,13,-1,-1,15,-1,-1,-1,-1,-1],"loss_changes":[7.855808E0,3.49617E-3,3.4328055E0,0E0,0E0,5.2816905E-2,2.167244E-1,6.944768E-3,2.1671876E-5,0E0,0E0,2.4903566E-5,0E0,0E0,0E0,0E0,0E0],"parents":[2147483647,0,0,1,1,2,2,5,5,6,6,7,7,8,8,11,11],"right_children":[2,4,6,-1,-1,8,10,12,14,-1,-1,16,-1,-1,-1,-1,-1],"split_conditions":[2.002237E-1,9.9713534E-2,9.024925E-1,-1.672638E-1,-4.472771E-2,6.0176843E-1,1E0,4.0155637E-1,8.0217874E-1,3.763733E-2,1.618805E-1,3.007485E-1,-9.414673E-4,2.659607E-3,9.960937E-3,-1.3761902E-2,-3.6796571E-3],"split_indices":[0,0,0,0,0,0,0,0,0,0,0,0,0,0,0,0,0],"split_type":[0,0,0,0,0,0,0,0,0,0,0,0,0,0,0,0,0],"sum_hessian":[9E0,2E0,7E0,1E0,1E0,5E0,2E0,3E0,2E0,1E0,1E0,2E0,1E0,1E0,1E0,1E0,1E0],"tree_param":{"num_deleted":"0","num_feature":"2","num_nodes":"17","size_leaf_vector":"1"}},{"base_weights":[-3.464694E-2,-1.3426118E0,4.6017075E-1,-1.5890062E-1,-4.249115E-2,-1.8244425E-2,1.2636108E0,-8.731842E-2,7.993571E-2,3.5754394E-2,1.5378724E-1,-1.1046346E-1,-8.941651E-4,2.5268556E-3,9.463501E-3,-1.307373E-2,-3.4957887E-3],"categories":[],"categories_nodes":[],"categories_segments":[],"categories_sizes":[],"default_left":[0,0,0,0,0,0,0,0,0,0,0,0,0,0,0,0,0],"id":89,"left_children":[1,3,5,-1,-1,7,9,11,13,-1,-1,15,-1,-1,-1,-1,-1],"loss_changes":[7.0898724E0,3.1619072E-3,3.0980768E0,0E0,0E0,4.7670025E-2,1.9564104E-1,6.2684063E-3,1.9416213E-5,0E0,0E0,2.2064894E-5,0E0,0E0,0E0,0E0,0E0],"parents":[2147483647,0,0,1,1,2,2,5,5,6,6,7,7,8,8,11,11],"right_children":[2,4,6,-1,-1,8,10,12,14,-1,-1,16,-1,-1,-1,-1,-1],"split_conditions":[2.002237E-1,9.9713534E-2,9.024925E-1,-1.5890062E-1,-4.249115E-2,6.0176843E-1,1E0,4.0155637E-1,8.0217874E-1,3.5754394E-2,1.5378724E-1,3.007485E-1,-8.941651E-4,2.5268556E-3,9.463501E-3,-1.307373E-2,-3.4957887E-3],"split_indices":[0,0,0,0,0,0,0,0,0,0,0,0,0,0,0,0,0],"split_type":[0,0,0,0,0,0,0,0,0,0,0,0,0,0,0,0,0],"sum_hessian":[9E0,2E0,7E0,1E0,1E0,5E0,2E0,3E0,2E0,1E0,1E0,2E0,1E0,1E0,1E0,1E0,1E0],"tree_param":{"num_deleted":"0","num_feature":"2","num_nodes":"17","size_leaf_vector":"1"}},{"base_weights":[-3.2917786E-2,-1.2754822E0,4.3715858E-1,-1.5095559E-1,-4.0366746E-2,-1.7331442E-2,1.2004191E0,-8.295059E-2,7.5937904E-2,3.3966064E-2,1.4609681E-1,-1.0493978E-1,-8.4915163E-4,2.4002076E-3,8.990479E-3,-1.2419892E-2,-3.3210756E-3],"categories":[],"categories_nodes":[],"categories_segments":[],"categories_sizes":[],"default_left":[0,0,0,0,0,0,0,0,0,0,0,0,0,0,0,0,0],"id":90,"left_children":[1,3,5,-1,-1,7,9,11,13,-1,-1,15,-1,-1,-1,-1,-1],"loss_changes":[6.3985896E0,2.8481483E-3,2.7959595E0,0E0,0E0,4.302063E-2,1.7657566E-1,5.658081E-3,1.8242747E-5,0E0,0E0,1.95764E-5,0E0,0E0,0E0,0E0,0E0],"parents":[2147483647,0,0,1,1,2,2,5,5,6,6,7,7,8,8,11,11],"right_children":[2,4,6,-1,-1,8,10,12,14,-1,-1,16,-1,-1,-1,-1,-1],"split_conditions":[2.002237E-1,9.9713534E-2,9.024925E-1,-1.5095559E-1,-4.0366746E-2,6.0176843E-1,1E0,4.0155637E-1,8.0217874E-1,3.3966064E-2,1.4609681E-1,3.007485E-1,-8.4915163E-4,2.4002076E-3,8.990479E-3,-1.2419892E-2,-3.3210756E-3],"split_indices":[0,0,0,0,0,0,0,0,0,0,0,0,0,0,0,0,0],"split_type":[0,0,0,0,0,0,0,0,0,0,0,0,0,0,0,0,0],"sum_hessian":[9E0,2E0,7E0,1E0,1E0,5E0,2E0,3E0,2E0,1E0,1E0,2E0,1E0,1E0,1E0,1E0,1E0],"tree_param":{"num_deleted":"0","num_feature":"2","num_nodes":"17","size_leaf_vector":"1"}},{"base_weights":[-3.1272076E-2,-1.211708E0,4.1530037E-1,-1.434078E-1,-3.8348388E-2,-1.6466776E-2,1.1404012E0,-7.88002E-2,7.2133385E-2,3.2269288E-2,1.3879089E-1,-9.969076E-2,-8.0642704E-4,2.2796632E-3,8.540344E-3,-1.1798859E-2,-3.1547546E-3],"categories":[],"categories_nodes":[],"categories_segments":[],"categories_sizes":[],"default_left":[0,0,0,0,0,0,0,0,0,0,0,0,0,0,0,0,0],"id":91,"left_children":[1,3,5,-1,-1,7,9,11,13,-1,-1,15,-1,-1,-1,-1,-1],"loss_changes":[5.774724E0,2.5706291E-3,2.5233765E0,0E0,0E0,3.8820636E-2,1.5929937E-1,5.1069185E-3,1.7194077E-5,0E0,0E0,1.8367544E-5,0E0,0E0,0E0,0E0,0E0],"parents":[2147483647,0,0,1,1,2,2,5,5,6,6,7,7,8,8,11,11],"right_children":[2,4,6,-1,-1,8,10,12,14,-1,-1,16,-1,-1,-1,-1,-1],"split_conditions":[2.002237E-1,9.9713534E-2,9.024925E-1,-1.434078E-1,-3.8348388E-2,6.0176843E-1,1E0,4.0155637E-1,8.0217874E-1,3.2269288E-2,1.3879089E-1,3.007485E-1,-8.0642704E-4,2.2796632E-3,8.540344E-3,-1.1798859E-2,-3.1547546E-3],"split_indices":[0,0,0,0,0,0,0,0,0,0,0,0,0,0,0,0,0],"split_type":[0,0,0,0,0,0,0,0,0,0,0,0,0,0,0,0,0],"sum_hessian":[9E0,2E0,7E0,1E0,1E0,5E0,2E0,3E0,2E0,1E0,1E0,2E0,1E0,1E0,1E0,1E0,1E0],"tree_param":{"num_deleted":"0","num_feature":"2","num_nodes":"17","size_leaf_vector":"1"}},{"base_weights":[-2.9712057E-2,-1.1511235E0,3.9453125E-1,-1.3623741E-1,-3.6431123E-2,-1.5645346E-2,1.083374E0,-7.485962E-2,6.852213E-2,3.0654907E-2,1.318512E-1,-9.4706215E-2,-7.659912E-4,2.1652223E-3,8.113098E-3,-1.1209107E-2,-2.9968263E-3],"categories":[],"categories_nodes":[],"categories_segments":[],"categories_sizes":[],"default_left":[0,0,0,0,0,0,0,0,0,0,0,0,0,0,0,0,0],"id":92,"left_children":[1,3,5,-1,-1,7,9,11,13,-1,-1,15,-1,-1,-1,-1,-1],"loss_changes":[5.211667E0,2.3155212E-3,2.2773273E0,0E0,0E0,3.5033036E-2,1.437943E-1,4.6093E-3,1.625996E-5,0E0,0E0,1.7205253E-5,0E0,0E0,0E0,0E0,0E0],"parents":[2147483647,0,0,1,1,2,2,5,5,6,6,7,7,8,8,11,11],"right_children":[2,4,6,-1,-1,8,10,12,14,-1,-1,16,-1,-1,-1,-1,-1],"split_conditions":[2.002237E-1,9.9713534E-2,9.024925E-1,-1.3623741E-1,-3.6431123E-2,6.0176843E-1,1E0,4.0155637E-1,8.0217874E-1,3.0654907E-2,1.318512E-1,3.007485E-1,-7.659912E-4,2.1652223E-3,8.113098E-3,-1.1209107E-2,-2.9968263E-3],"split_indices":[0,0,0,0,0,0,0,0,0,0,0,0,0,0,0,0,0],"split_type":[0,0,0,0,0,0,0,0,0,0,0,0,0,0,0,0,0],"sum_hessian":[9E0,2E0,7E0,1E0,1E0,5E0,2E0,3E0,2E0,1E0,1E0,2E0,1E0,1E0,1E0,1E0,1E0],"tree_param":{"num_deleted":"0","num_feature":"2","num_nodes":"17","size_leaf_vector":"1"}},{"base_weights":[-2.8224397E-2,-1.0935676E0,3.7480736E-1,-1.2942554E-1,-3.4609605E-2,-1.4864604E-2,1.0292155E0,-7.11174E-2,6.5093994E-2,2.9122924E-2,1.252594E-1,-8.997091E-2,-7.2784425E-4,2.0568848E-3,7.7072144E-3,-1.06483465E-2,-2.8472901E-3],"categories":[],"categories_nodes":[],"categories_segments":[],"categories_sizes":[],"default_left":[0,0,0,0,0,0,0,0,0,0,0,0,0,0,0,0,0],"id":93,"left_children":[1,3,5,-1,-1,7,9,11,13,-1,-1,15,-1,-1,-1,-1,-1],"loss_changes":[4.7035484E0,2.0885468E-3,2.055335E0,0E0,0E0,3.1616684E-2,1.297586E-1,4.1595064E-3,1.4700927E-5,0E0,0E0,1.4573336E-5,0E0,0E0,0E0,0E0,0E0],"parents":[2147483647,0,0,1,1,2,2,5,5,6,6,7,7,8,8,11,11],"right_children":[2,4,6,-1,-1,8,10,12,14,-1,-1,16,-1,-1,-1,-1,-1],"split_conditions":[2.002237E-1,9.9713534E-2,9.024925E-1,-1.2942554E-1,-3.4609605E-2,6.0176843E-1,1E0,4.0155637E-1,8.0217874E-1,2.9122924E-2,1.252594E-1,3.007485E-1,-7.2784425E-4,2.0568848E-3,7.7072144E-3,-1.06483465E-2,-2.8472901E-3],"split_indices":[0,0,0,0,0,0,0,0,0,0,0,0,0,0,0,0,0],"split_type":[0,0,0,0,0,0,0,0,0,0,0,0,0,0,0,0,0],"sum_hessian":[9E0,2E0,7E0,1E0,1E0,5E0,2E0,3E0,2E0,1E0,1E0,2E0,1E0,1E0,1E0,1E0,1E0],"tree_param":{"num_deleted":"0","num_feature":"2","num_nodes":"17","size_leaf_vector":"1"}},{"base_weights":[-2.680986E-2,-1.0388901E0,3.5607147E-1,-1.22954264E-1,-3.287926E-2,-1.4119466E-2,9.777629E-1,-6.755829E-2,6.1838787E-2,2.7667237E-2,1.18997194E-1,-8.546957E-2,-6.9122313E-4,1.954651E-3,7.3211673E-3,-1.0115814E-2,-2.7046204E-3],"categories":[],"categories_nodes":[],"categories_segments":[],"categories_sizes":[],"default_left":[0,0,0,0,0,0,0,0,0,0,0,0,0,0,0,0,0],"id":94,"left_children":[1,3,5,-1,-1,7,9,11,13,-1,-1,15,-1,-1,-1,-1,-1],"loss_changes":[4.2449856E0,1.8811226E-3,1.8549619E0,0E0,0E0,2.853244E-2,1.17100716E-1,3.754206E-3,1.1922792E-5,0E0,0E0,1.3796613E-5,0E0,0E0,0E0,0E0,0E0],"parents":[2147483647,0,0,1,1,2,2,5,5,6,6,7,7,8,8,11,11],"right_children":[2,4,6,-1,-1,8,10,12,14,-1,-1,16,-1,-1,-1,-1,-1],"split_conditions":[2.002237E-1,9.9713534E-2,9.024925E-1,-1.22954264E-1,-3.287926E-2,6.0176843E-1,1E0,4.0155637E-1,8.0217874E-1,2.7667237E-2,1.18997194E-1,3.007485E-1,-6.9122313E-4,1.954651E-3,7.3211673E-3,-1.0115814E-2,-2.7046204E-3],"split_indices":[0,0,0,0,0,0,0,0,0,0,0,0,0,0,0,0,0],"split_type":[0,0,0,0,0,0,0,0,0,0,0,0,0,0,0,0,0],"sum_hessian":[9E0,2E0,7E0,1E0,1E0,5E0,2E0,3E0,2E0,1E0,1E0,2E0,1E0,1E0,1E0,1E0,1E0],"tree_param":{"num_deleted":"0","num_feature":"2","num_nodes":"17","size_leaf_vector":"1"}},{"base_weights":[-2.5470233E-2,-9.8694444E-1,3.3826637E-1,-1.16806544E-1,-3.1235123E-2,-1.3415019E-2,9.288737E-1,-6.418228E-2,5.8746338E-2,2.628479E-2,1.13046266E-1,-8.1197105E-2,-6.5689086E-4,1.8569947E-3,6.9549563E-3,-9.609985E-3,-2.5695802E-3],"categories":[],"categories_nodes":[],"categories_segments":[],"categories_sizes":[],"default_left":[0,0,0,0,0,0,0,0,0,0,0,0,0,0,0,0,0],"id":95,"left_children":[1,3,5,-1,-1,7,9,11,13,-1,-1,15,-1,-1,-1,-1,-1],"loss_changes":[3.8310838E0,1.7023087E-3,1.6741056E0,0E0,0E0,2.5751084E-2,1.0565066E-1,3.3877492E-3,1.05714425E-5,0E0,0E0,1.2002885E-5,0E0,0E0,0E0,0E0,0E0],"parents":[2147483647,0,0,1,1,2,2,5,5,6,6,7,7,8,8,11,11],"right_children":[2,4,6,-1,-1,8,10,12,14,-1,-1,16,-1,-1,-1,-1,-1],"split_conditions":[2.002237E-1,9.9713534E-2,9.024925E-1,-1.16806544E-1,-3.1235123E-2,6.0176843E-1,1E0,4.0155637E-1,8.0217874E-1,2.628479E-2,1.13046266E-1,3.007485E-1,-6.5689086E-4,1.8569947E-3,6.9549563E-3,-9.609985E-3,-2.5695802E-3],"split_indices":[0,0,0,0,0,0,0,0,0,0,0,0,0,0,0,0,0],"split_type":[0,0,0,0,0,0,0,0,0,0,0,0,0,0,0,0,0],"sum_hessian":[9E0,2E0,7E0,1E0,1E0,5E0,2E0,3E0,2E0,1E0,1E0,2E0,1E0,1E0,1E0,1E0,1E0],"tree_param":{"num_deleted":"0","num_feature":"2","num_nodes":"17","size_leaf_vector":"1"}},{"base_weights":[-2.4199128E-2,-9.3759733E-1,3.213501E-1,-1.1096622E-1,-2.9673386E-2,-1.2746175E-2,8.8242596E-1,-6.097412E-2,5.5806477E-2,2.4969483E-2,1.0739441E-1,-7.713827E-2,-6.240845E-4,1.763916E-3,6.6070557E-3,-9.129333E-3,-2.4414062E-3],"categories":[],"categories_nodes":[],"categories_segments":[],"categories_sizes":[],"default_left":[0,0,0,0,0,0,0,0,0,0,0,0,0,0,0,0,0],"id":96,"left_children":[1,3,5,-1,-1,7,9,11,13,-1,-1,15,-1,-1,-1,-1,-1],"loss_changes":[3.4575374E0,1.5358925E-3,1.5108745E0,0E0,0E0,2.3239672E-2,9.5380306E-2,3.0574575E-3,9.828247E-6,0E0,0E0,1.0102987E-5,0E0,0E0,0E0,0E0,0E0],"parents":[2147483647,0,0,1,1,2,2,5,5,6,6,7,7,8,8,11,11],"right_children":[2,4,6,-1,-1,8,10,12,14,-1,-1,16,-1,-1,-1,-1,-1],"split_conditions":[2.002237E-1,9.9713534E-2,9.024925E-1,-1.1096622E-1,-2.9673386E-2,6.0176843E-1,1E0,4.0155637E-1,8.0217874E-1,2.4969483E-2,1.0739441E-1,3.007485E-1,-6.240845E-4,1.763916E-3,6.6070557E-3,-9.129333E-3,-2.4414062E-3],"split_indices":[0,0,0,0,0,0,0,0,0,0,0,0,0,0,0,0,0],"split_type":[0,0,0,0,0,0,0,0,0,0,0,0,0,0,0,0,0],"sum_hessian":[9E0,2E0,7E0,1E0,1E0,5E0,2E0,3E0,2E0,1E0,1E0,2E0,1E0,1E0,1E0,1E0,1E0],"tree_param":{"num_deleted":"0","num_feature":"2","num_nodes":"17","size_leaf_vector":"1"}},{"base_weights":[-2.2990966E-2,-8.907184E-1,3.052807E-1,-1.0541791E-1,-2.8189851E-2,-1.2107849E-2,8.3829755E-1,-5.7926178E-2,5.3019207E-2,2.3721313E-2,1.0202332E-1,-7.3282875E-2,-5.92804E-4,1.6754151E-3,6.2774657E-3,-8.673096E-3,-2.319336E-3],"categories":[],"categories_nodes":[],"categories_segments":[],"categories_sizes":[],"default_left":[0,0,0,0,0,0,0,0,0,0,0,0,0,0,0,0,0],"id":97,"left_children":[1,3,5,-1,-1,7,9,11,13,-1,-1,15,-1,-1,-1,-1,-1],"loss_changes":[3.1204224E0,1.3830662E-3,1.3635373E0,0E0,0E0,2.0975277E-2,8.6063385E-2,2.759656E-3,9.610318E-6,0E0,0E0,9.240583E-6,0E0,0E0,0E0,0E0,0E0],"parents":[2147483647,0,0,1,1,2,2,5,5,6,6,7,7,8,8,11,11],"right_children":[2,4,6,-1,-1,8,10,12,14,-1,-1,16,-1,-1,-1,-1,-1],"split_conditions":[2.002237E-1,9.9713534E-2,9.024925E-1,-1.0541791E-1,-2.8189851E-2,6.0176843E-1,1E0,4.0155637E-1,8.0217874E-1,2.3721313E-2,1.0202332E-1,3.007485E-1,-5.92804E-4,1.6754151E-3,6.2774657E-3,-8.673096E-3,-2.319336E-3],"split_indices":[0,0,0,0,0,0,0,0,0,0,0,0,0,0,0,0,0],"split_type":[0,0,0,0,0,0,0,0,0,0,0,0,0,0,0,0,0],"sum_hessian":[9E0,2E0,7E0,1E0,1E0,5E0,2E0,3E0,2E0,1E0,1E0,2E0,1E0,1E0,1E0,1E0,1E0],"tree_param":{"num_deleted":"0","num_feature":"2","num_nodes":"17","size_leaf_vector":"1"}},{"base_weights":[-2.184782E-2,-8.4618217E-1,2.9000854E-1,-1.0014701E-1,-2.678032E-2,-1.1505127E-2,7.963664E-1,-5.5030823E-2,5.0364178E-2,2.253418E-2,9.692078E-2,-6.9620766E-2,-5.6304934E-4,1.5914917E-3,5.963135E-3,-8.239746E-3,-2.2033693E-3],"categories":[],"categories_nodes":[],"categories_segments":[],"categories_sizes":[],"default_left":[0,0,0,0,0,0,0,0,0,0,0,0,0,0,0,0,0],"id":98,"left_children":[1,3,5,-1,-1,7,9,11,13,-1,-1,15,-1,-1,-1,-1,-1],"loss_changes":[2.8161392E0,1.2488365E-3,1.2305528E0,0E0,0E0,1.8929008E-2,7.7687025E-2,2.4909936E-3,8.71392E-6,0E0,0E0,8.496456E-6,0E0,0E0,0E0,0E0,0E0],"parents":[2147483647,0,0,1,1,2,2,5,5,6,6,7,7,8,8,11,11],"right_children":[2,4,6,-1,-1,8,10,12,14,-1,-1,16,-1,-1,-1,-1,-1],"split_conditions":[2.002237E-1,9.9713534E-2,9.024925E-1,-1.0014701E-1,-2.678032E-2,6.0176843E-1,1E0,4.0155637E-1,8.0217874E-1,2.253418E-2,9.692078E-2,3.007485E-1,-5.6304934E-4,1.5914917E-3,5.963135E-3,-8.239746E-3,-2.2033693E-3],"split_indices":[0,0,0,0,0,0,0,0,0,0,0,0,0,0,0,0,0],"split_type":[0,0,0,0,0,0,0,0,0,0,0,0,0,0,0,0,0],"sum_hessian":[9E0,2E0,7E0,1E0,1E0,5E0,2E0,3E0,2E0,1E0,1E0,2E0,1E0,1E0,1E0,1E0,1E0],"tree_param":{"num_deleted":"0","num_feature":"2","num_nodes":"17","size_leaf_vector":"1"}},{"base_weights":[-2.0753408E-2,-8.038735E-1,2.755108E-1,-9.513966E-2,-2.5441362E-2,-1.0927836E-2,7.565511E-1,-5.2280426E-2,4.7851562E-2,2.1408081E-2,9.207459E-2,-6.614176E-2,-5.3482054E-4,1.512146E-3,5.6655887E-3,-7.827759E-3,-2.0935058E-3],"categories":[],"categories_nodes":[],"categories_segments":[],"categories_sizes":[],"default_left":[0,0,0,0,0,0,0,0,0,0,0,0,0,0,0,0,0],"id":99,"left_children":[1,3,5,-1,-1,7,9,11,13,-1,-1,15,-1,-1,-1,-1,-1],"loss_changes":[2.5415802E0,1.1259317E-3,1.1105757E0,0E0,0E0,1.7085781E-2,7.009828E-2,2.2484334E-3,7.7793375E-6,0E0,0E0,7.116236E-6,0E0,0E0,0E0,0E0,0E0],"parents":[2147483647,0,0,1,1,2,2,5,5,6,6,7,7,8,8,11,11],"right_children":[2,4,6,-1,-1,8,10,12,14,-1,-1,16,-1,-1,-1,-1,-1],"split_conditions":[2.002237E-1,9.9713534E-2,9.024925E-1,-9.513966E-2,-2.5441362E-2,6.0176843E-1,1E0,4.0155637E-1,8.0217874E-1,2.1408081E-2,9.207459E-2,3.007485E-1,-5.3482054E-4,1.512146E-3,5.6655887E-3,-7.827759E-3,-2.0935058E-3],"split_indices":[0,0,0,0,0,0,0,0,0,0,0,0,0,0,0,0,0],"split_type":[0,0,0,0,0,0,0,0,0,0,0,0,0,0,0,0,0],"sum_hessian":[9E0,2E0,7E0,1E0,1E0,5E0,2E0,3E0,2E0,1E0,1E0,2E0,1E0,1E0,1E0,1E0,1E0],"tree_param":{"num_deleted":"0","num_feature":"2","num_nodes":"17","size_leaf_vector":"1"}}]},"name":"gbtree"},"learner_model_param":{"base_score":"2.9277777E2","boost_from_average":"1","num_class":"0","num_feature":"2","num_target":"1"},"objective":{"name":"reg:squarederror","reg_loss_param":{"scale_pos_weight":"1"}}},"version":[2,0,1]}