{"model_name": "KNeighborsRegressorTrainer_0", "trainer": "KNeighborsRegressorTrainer", "model_class": "scikit", "model_file": "KNeighborsRegressorTrainer_0.json", "features": ["bpf_cpu_time_ms", "bpf_page_cache_hit", "cache_miss", "cpu_cycles", "cpu_instructions"], "fe_files": [], "output_type": "AbsPower", "mae": 7.21, "mape": -1, "node_type": 0, "machine_spec": {"processor": "11th_gen_intel_core", "cores": 8, "chips": 1, "memory": 31, "frequency": 4800}, "package_mae": 7.21, "core_mae": 3.87, "uncore_mae": 1.22, "dram_mae": 0.0, "package_mape": 33.72, "core_mape": 27.69, "uncore_mape": 16176.8, "dram_mape": -1}