{"model_name": "GradientBoostingRegressorTrainer_0", "trainer": "GradientBoostingRegressorTrainer", "model_class": "scikit", "model_file": "GradientBoostingRegressorTrainer_0.json", "features": ["bpf_block_irq", "bpf_cpu_time_ms", "bpf_net_rx_irq", "bpf_net_tx_irq", "bpf_page_cache_hit"], "fe_files": [], "output_type": "AbsPower", "mae": 6.83, "mape": -1, "node_type": 0, "machine_spec": {"processor": "11th_gen_intel_core", "cores": 8, "chips": 1, "memory": 31, "frequency": 4800}, "package_mae": 6.83, "core_mae": 4.35, "uncore_mae": 1.13, "dram_mae": 0.0, "package_mape": 38.94, "core_mape": 26.76, "uncore_mape": 20781.88, "dram_mape": -1}