{"learner":{"attributes":{"scikit_learn":"{\"_estimator_type\": \"regressor\"}"},"feature_names":[],"feature_types":[],"gradient_booster":{"model":{"gbtree_model_param":{"num_parallel_tree":"1","num_trees":"100"},"iteration_indptr":[0,1,2,3,4,5,6,7,8,9,10,11,12,13,14,15,16,17,18,19,20,21,22,23,24,25,26,27,28,29,30,31,32,33,34,35,36,37,38,39,40,41,42,43,44,45,46,47,48,49,50,51,52,53,54,55,56,57,58,59,60,61,62,63,64,65,66,67,68,69,70,71,72,73,74,75,76,77,78,79,80,81,82,83,84,85,86,87,88,89,90,91,92,93,94,95,96,97,98,99,100],"tree_info":[0,0,0,0,0,0,0,0,0,0,0,0,0,0,0,0,0,0,0,0,0,0,0,0,0,0,0,0,0,0,0,0,0,0,0,0,0,0,0,0,0,0,0,0,0,0,0,0,0,0,0,0,0,0,0,0,0,0,0,0,0,0,0,0,0,0,0,0,0,0,0,0,0,0,0,0,0,0,0,0,0,0,0,0,0,0,0,0,0,0,0,0,0,0,0,0,0,0,0,0],"trees":[{"base_weights":[-3.0517579E-6,-1.228889E1,1.024074E2,1.8944443E0,1.1531112E1],"categories":[],"categories_nodes":[],"categories_segments":[],"categories_sizes":[],"default_left":[0,0,0,0,0],"id":0,"left_children":[1,-1,3,-1,-1],"loss_changes":[1.3843206E5,0E0,4.277379E3,0E0,0E0],"parents":[2147483647,0,0,2,2],"right_children":[2,-1,4,-1,-1],"split_conditions":[5.024596E-1,-1.228889E1,6.017341E-1,1.8944443E0,1.1531112E1],"split_indices":[0,0,0,0,0],"split_type":[0,0,0,0,0],"sum_hessian":[9E0,4E0,5E0,1E0,4E0],"tree_param":{"num_deleted":"0","num_feature":"2","num_nodes":"5","size_leaf_vector":"1"}},{"base_weights":[1.1367188E-1,-1.1305778E1,9.440427E1,1.7997223E0,1.0608623E1],"categories":[],"categories_nodes":[],"categories_segments":[],"categories_sizes":[],"default_left":[0,0,0,0,0],"id":1,"left_children":[1,-1,3,-1,-1],"loss_changes":[1.17383164E5,0E0,3.44625E3,0E0,0E0],"parents":[2147483647,0,0,2,2],"right_children":[2,-1,4,-1,-1],"split_conditions":[5.024596E-1,-1.1305778E1,6.017341E-1,1.7997223E0,1.0608623E1],"split_indices":[0,0,0,0,0],"split_type":[0,0,0,0,0],"sum_hessian":[9E0,4E0,5E0,1E0,4E0],"tree_param":{"num_deleted":"0","num_feature":"2","num_nodes":"5","size_leaf_vector":"1"}},{"base_weights":[2.1256256E-1,-1.0401317E1,8.7031906E1,1.7097359E0,9.759934E0],"categories":[],"categories_nodes":[],"categories_segments":[],"categories_sizes":[],"default_left":[0,0,0,0,0],"id":2,"left_children":[1,-1,3,-1,-1],"loss_changes":[9.954055E4,0E0,2.7654844E3,0E0,0E0],"parents":[2147483647,0,0,2,2],"right_children":[2,-1,4,-1,-1],"split_conditions":[5.024596E-1,-1.0401317E1,6.017341E-1,1.7097359E0,9.759934E0],"split_indices":[0,0,0,0,0],"split_type":[0,0,0,0,0],"sum_hessian":[9E0,4E0,5E0,1E0,4E0],"tree_param":{"num_deleted":"0","num_feature":"2","num_nodes":"5","size_leaf_vector":"1"}},{"base_weights":[2.9813844E-1,-9.56921E0,8.024032E1,1.6242493E0,8.979138E0],"categories":[],"categories_nodes":[],"categories_segments":[],"categories_sizes":[],"default_left":[0,0,0,0,0],"id":3,"left_children":[1,-1,3,-1,-1],"loss_changes":[8.441505E4,0E0,2.2090469E3,0E0,0E0],"parents":[2147483647,0,0,2,2],"right_children":[2,-1,4,-1,-1],"split_conditions":[5.024596E-1,-9.56921E0,6.017341E-1,1.6242493E0,8.979138E0],"split_indices":[0,0,0,0,0],"split_type":[0,0,0,0,0],"sum_hessian":[9E0,4E0,5E0,1E0,4E0],"tree_param":{"num_deleted":"0","num_feature":"2","num_nodes":"5","size_leaf_vector":"1"}},{"base_weights":[3.7174988E-1,-8.803673E0,7.398353E1,1.5430374E0,8.260808E0],"categories":[],"categories_nodes":[],"categories_segments":[],"categories_sizes":[],"default_left":[0,0,0,0,0],"id":4,"left_children":[1,-1,3,-1,-1],"loss_changes":[7.159232E4,0E0,1.7552969E3,0E0,0E0],"parents":[2147483647,0,0,2,2],"right_children":[2,-1,4,-1,-1],"split_conditions":[5.024596E-1,-8.803673E0,6.017341E-1,1.5430374E0,8.260808E0],"split_indices":[0,0,0,0,0],"split_type":[0,0,0,0,0],"sum_hessian":[9E0,4E0,5E0,1E0,4E0],"tree_param":{"num_deleted":"0","num_feature":"2","num_nodes":"5","size_leaf_vector":"1"}},{"base_weights":[4.3459168E-1,-8.09938E0,6.8219154E1,1.465886E0,7.5999436E0],"categories":[],"categories_nodes":[],"categories_segments":[],"categories_sizes":[],"default_left":[0,0,0,0,0],"id":5,"left_children":[1,-1,3,-1,-1],"loss_changes":[6.0721203E4,0E0,1.3862188E3,0E0,0E0],"parents":[2147483647,0,0,2,2],"right_children":[2,-1,4,-1,-1],"split_conditions":[5.024596E-1,-8.09938E0,6.017341E-1,1.465886E0,7.5999436E0],"split_indices":[0,0,0,0,0],"split_type":[0,0,0,0,0],"sum_hessian":[9E0,4E0,5E0,1E0,4E0],"tree_param":{"num_deleted":"0","num_feature":"2","num_nodes":"5","size_leaf_vector":"1"}},{"base_weights":[4.877777E-1,-7.45143E0,6.2908207E1,1.3925918E0,6.991948E0],"categories":[],"categories_nodes":[],"categories_segments":[],"categories_sizes":[],"default_left":[0,0,0,0,0],"id":6,"left_children":[1,-1,3,-1,-1],"loss_changes":[5.1504176E4,0E0,1.086877E3,0E0,0E0],"parents":[2147483647,0,0,2,2],"right_children":[2,-1,4,-1,-1],"split_conditions":[5.024596E-1,-7.45143E0,6.017341E-1,1.3925918E0,6.991948E0],"split_indices":[0,0,0,0,0],"split_type":[0,0,0,0,0],"sum_hessian":[9E0,4E0,5E0,1E0,4E0],"tree_param":{"num_deleted":"0","num_feature":"2","num_nodes":"5","size_leaf_vector":"1"}},{"base_weights":[5.323151E-1,-6.8553147E0,5.8014816E1,1.322963E0,6.432593E0],"categories":[],"categories_nodes":[],"categories_segments":[],"categories_sizes":[],"default_left":[0,0,0,0,0],"id":7,"left_children":[1,-1,3,-1,-1],"loss_changes":[4.3689152E4,0E0,8.448574E2,0E0,0E0],"parents":[2147483647,0,0,2,2],"right_children":[2,-1,4,-1,-1],"split_conditions":[5.024596E-1,-6.8553147E0,6.017341E-1,1.322963E0,6.432593E0],"split_indices":[0,0,0,0,0],"split_type":[0,0,0,0,0],"sum_hessian":[9E0,4E0,5E0,1E0,4E0],"tree_param":{"num_deleted":"0","num_feature":"2","num_nodes":"5","size_leaf_vector":"1"}},{"base_weights":[5.691101E-1,-6.3068897E1,5.350593E1,-6.925209E0,-1.9168061E0,1.2568146E0,5.917986E0],"categories":[],"categories_nodes":[],"categories_segments":[],"categories_sizes":[],"default_left":[0,0,0,0,0,0,0],"id":8,"left_children":[1,3,5,-1,-1,-1,-1],"loss_changes":[3.7062496E4,2.9810547E1,6.498867E2,0E0,0E0,0E0,0E0],"parents":[2147483647,0,0,1,1,2,2],"right_children":[2,4,6,-1,-1,-1,-1],"split_conditions":[5.024596E-1,4.011937E-1,6.017341E-1,-6.925209E0,-1.9168061E0,1.2568146E0,5.917986E0],"split_indices":[0,0,0,0,0,0,0],"split_type":[0,0,0,0,0,0,0],"sum_hessian":[9E0,4E0,5E0,3E0,1E0,1E0,4E0],"tree_param":{"num_deleted":"0","num_feature":"2","num_nodes":"7","size_leaf_vector":"1"}},{"base_weights":[3.454712E-1,-5.8530416E0,4.935113E1,1.1939744E0,5.4445457E0],"categories":[],"categories_nodes":[],"categories_segments":[],"categories_sizes":[],"default_left":[0,0,0,0,0],"id":9,"left_children":[1,-1,3,-1,-1],"loss_changes":[3.1741057E4,0E0,4.9345215E2,0E0,0E0],"parents":[2147483647,0,0,2,2],"right_children":[2,-1,4,-1,-1],"split_conditions":[5.024596E-1,-5.8530416E0,6.017341E-1,1.1939744E0,5.4445457E0],"split_indices":[0,0,0,0,0],"split_type":[0,0,0,0,0],"sum_hessian":[9E0,4E0,5E0,1E0,4E0],"tree_param":{"num_deleted":"0","num_feature":"2","num_nodes":"5","size_leaf_vector":"1"}},{"base_weights":[3.8947144E-1,-5.384798E1,4.5522434E1,-5.9668407E0,-1.5283135E0,1.1342758E0,5.008982E0],"categories":[],"categories_nodes":[],"categories_segments":[],"categories_sizes":[],"default_left":[0,0,0,0,0,0,0],"id":10,"left_children":[1,3,5,-1,-1,-1,-1],"loss_changes":[2.693026E4,2.1039844E2,3.6851367E2,0E0,0E0,0E0,0E0],"parents":[2147483647,0,0,1,1,2,2],"right_children":[2,4,6,-1,-1,-1,-1],"split_conditions":[5.024596E-1,4.011937E-1,6.017341E-1,-5.9668407E0,-1.5283135E0,1.1342758E0,5.008982E0],"split_indices":[0,0,0,0,0,0,0],"split_type":[0,0,0,0,0,0,0],"sum_hessian":[9E0,4E0,5E0,3E0,1E0,1E0,4E0],"tree_param":{"num_deleted":"0","num_feature":"2","num_nodes":"7","size_leaf_vector":"1"}},{"base_weights":[2.1533966E-1,-4.996221E1,4.1994076E1,-5.5193276E0,-1.4518975E0,1.077562E0,4.6082644E0],"categories":[],"categories_nodes":[],"categories_segments":[],"categories_sizes":[],"default_left":[0,0,0,0,0,0,0],"id":11,"left_children":[1,3,5,-1,-1,-1,-1],"loss_changes":[2.3061662E4,1.2567969E2,2.692627E2,0E0,0E0,0E0,0E0],"parents":[2147483647,0,0,1,1,2,2],"right_children":[2,4,6,-1,-1,-1,-1],"split_conditions":[5.024596E-1,4.011937E-1,6.017341E-1,-5.5193276E0,-1.4518975E0,1.077562E0,4.6082644E0],"split_indices":[0,0,0,0,0,0,0],"split_type":[0,0,0,0,0,0,0],"sum_hessian":[9E0,4E0,5E0,3E0,1E0,1E0,4E0],"tree_param":{"num_deleted":"0","num_feature":"2","num_nodes":"7","size_leaf_vector":"1"}},{"base_weights":[6.526184E-2,-4.636023E1,3.8742294E1,-5.1053777E0,-1.3793023E0,1.0236832E0,4.239602E0],"categories":[],"categories_nodes":[],"categories_segments":[],"categories_sizes":[],"default_left":[0,0,0,0,0,0,0],"id":12,"left_children":[1,3,5,-1,-1,-1,-1],"loss_changes":[1.9752104E4,6.0092773E1,1.9090527E2,0E0,0E0,0E0,0E0],"parents":[2147483647,0,0,1,1,2,2],"right_children":[2,4,6,-1,-1,-1,-1],"split_conditions":[5.024596E-1,4.011937E-1,6.017341E-1,-5.1053777E0,-1.3793023E0,1.0236832E0,4.239602E0],"split_indices":[0,0,0,0,0,0,0],"split_type":[0,0,0,0,0,0,0],"sum_hessian":[9E0,4E0,5E0,3E0,1E0,1E0,4E0],"tree_param":{"num_deleted":"0","num_feature":"2","num_nodes":"7","size_leaf_vector":"1"}},{"base_weights":[-6.340027E-2,-4.302114E1,3.5745285E1,-4.7224746E0,-1.3103371E0,9.724991E-1,3.9004345E0],"categories":[],"categories_nodes":[],"categories_segments":[],"categories_sizes":[],"default_left":[0,0,0,0,0,0,0],"id":13,"left_children":[1,3,5,-1,-1,-1,-1],"loss_changes":[1.6920404E4,1.00078125E1,1.2949316E2,0E0,0E0,0E0,0E0],"parents":[2147483647,0,0,1,1,2,2],"right_children":[2,4,6,-1,-1,-1,-1],"split_conditions":[5.024596E-1,4.011937E-1,6.017341E-1,-4.7224746E0,-1.3103371E0,9.724991E-1,3.9004345E0],"split_indices":[0,0,0,0,0,0,0],"split_type":[0,0,0,0,0,0,0],"sum_hessian":[9E0,4E0,5E0,3E0,1E0,1E0,4E0],"tree_param":{"num_deleted":"0","num_feature":"2","num_nodes":"7","size_leaf_vector":"1"}},{"base_weights":[-1.7304382E-1,-3.9925592E0,3.298292E1,9.238739E-1,3.588401E0],"categories":[],"categories_nodes":[],"categories_segments":[],"categories_sizes":[],"default_left":[0,0,0,0,0],"id":14,"left_children":[1,-1,3,-1,-1],"loss_changes":[1.4497203E4,0E0,8.178076E1,0E0,0E0],"parents":[2147483647,0,0,2,2],"right_children":[2,-1,4,-1,-1],"split_conditions":[5.024596E-1,-3.9925592E0,6.017341E-1,9.238739E-1,3.588401E0],"split_indices":[0,0,0,0,0],"split_type":[0,0,0,0,0],"sum_hessian":[9E0,4E0,5E0,1E0,4E0],"tree_param":{"num_deleted":"0","num_feature":"2","num_nodes":"5","size_leaf_vector":"1"}},{"base_weights":[-1.03775024E-1,-3.673155E1,3.0436666E1,-4.068847E0,-1.0451927E0,8.7767947E-1,3.3013284E0],"categories":[],"categories_nodes":[],"categories_segments":[],"categories_sizes":[],"default_left":[0,0,0,0,0,0,0],"id":15,"left_children":[1,3,5,-1,-1,-1,-1],"loss_changes":[1.230427E4,9.465869E1,4.5104492E1,0E0,0E0,0E0,0E0],"parents":[2147483647,0,0,1,1,2,2],"right_children":[2,4,6,-1,-1,-1,-1],"split_conditions":[5.024596E-1,4.011937E-1,6.017341E-1,-4.068847E0,-1.0451927E0,8.7767947E-1,3.3013284E0],"split_indices":[0,0,0,0,0,0,0],"split_type":[0,0,0,0,0,0,0],"sum_hessian":[9E0,4E0,5E0,3E0,1E0,1E0,4E0],"tree_param":{"num_deleted":"0","num_feature":"2","num_nodes":"7","size_leaf_vector":"1"}},{"base_weights":[-1.8690185E-1,-3.40812E1,2.8089499E1,-4.2121634E0,-1.468037E0,8.337952E-1,3.0372217E0],"categories":[],"categories_nodes":[],"categories_segments":[],"categories_sizes":[],"default_left":[0,0,0,0,0,0,0],"id":16,"left_children":[1,3,5,-1,-1,-1,-1],"loss_changes":[1.0541412E4,1.6159375E2,1.728125E1,0E0,0E0,0E0,0E0],"parents":[2147483647,0,0,1,1,2,2],"right_children":[2,4,6,-1,-1,-1,-1],"split_conditions":[5.024596E-1,3.0138972E-1,6.017341E-1,-4.2121634E0,-1.468037E0,8.337952E-1,3.0372217E0],"split_indices":[0,0,0,0,0,0,0],"split_type":[0,0,0,0,0,0,0],"sum_hessian":[9E0,4E0,5E0,2E0,2E0,1E0,4E0],"tree_param":{"num_deleted":"0","num_feature":"2","num_nodes":"7","size_leaf_vector":"1"}},{"base_weights":[-3.4913635E-1,-3.1809124E1,2.592571E0,-3.9313526E0,-1.3701681E0],"categories":[],"categories_nodes":[],"categories_segments":[],"categories_sizes":[],"default_left":[0,0,0,0,0],"id":17,"left_children":[1,3,-1,-1,-1],"loss_changes":[9.090738E3,1.4076611E2,0E0,0E0,0E0],"parents":[2147483647,0,0,1,1],"right_children":[2,4,-1,-1,-1],"split_conditions":[5.024596E-1,3.0138972E-1,2.592571E0,-3.9313526E0,-1.3701681E0],"split_indices":[0,0,0,0,0],"split_type":[0,0,0,0,0],"sum_hessian":[9E0,4E0,5E0,2E0,2E0],"tree_param":{"num_deleted":"0","num_feature":"2","num_nodes":"5","size_leaf_vector":"1"}},{"base_weights":[-5.851135E-1,-2.9688519E1,2.3765244E1,-3.6692626E0,-1.2788239E0,6.6247714E-1,2.5868385E0],"categories":[],"categories_nodes":[],"categories_segments":[],"categories_sizes":[],"default_left":[0,0,0,0,0,0,0],"id":18,"left_children":[1,3,5,-1,-1,-1,-1],"loss_changes":[7.7923384E3,1.2262256E2,4.49209E1,0E0,0E0,0E0,0E0],"parents":[2147483647,0,0,1,1,2,2],"right_children":[2,4,6,-1,-1,-1,-1],"split_conditions":[5.024596E-1,3.0138972E-1,6.017341E-1,-3.6692626E0,-1.2788239E0,6.6247714E-1,2.5868385E0],"split_indices":[0,0,0,0,0,0,0],"split_type":[0,0,0,0,0,0,0],"sum_hessian":[9E0,4E0,5E0,2E0,2E0,1E0,4E0],"tree_param":{"num_deleted":"0","num_feature":"2","num_nodes":"7","size_leaf_vector":"1"}},{"base_weights":[-6.964844E-1,-2.7709284E1,2.1930262E1,-3.424645E0,-1.193569E0,6.2935334E-1,2.3798902E0],"categories":[],"categories_nodes":[],"categories_segments":[],"categories_sizes":[],"default_left":[0,0,0,0,0,0,0],"id":19,"left_children":[1,3,5,-1,-1,-1,-1],"loss_changes":[6.7197896E3,1.06818115E2,2.553711E1,0E0,0E0,0E0,0E0],"parents":[2147483647,0,0,1,1,2,2],"right_children":[2,4,6,-1,-1,-1,-1],"split_conditions":[5.024596E-1,3.0138972E-1,6.017341E-1,-3.424645E0,-1.193569E0,6.2935334E-1,2.3798902E0],"split_indices":[0,0,0,0,0,0,0],"split_type":[0,0,0,0,0,0,0],"sum_hessian":[9E0,4E0,5E0,2E0,2E0,1E0,4E0],"tree_param":{"num_deleted":"0","num_feature":"2","num_nodes":"7","size_leaf_vector":"1"}},{"base_weights":[-7.877304E-1,-2.5861996E1,2.023878E1,-3.1963356E0,-1.1139973E0,5.9788513E-1,2.1894996E0],"categories":[],"categories_nodes":[],"categories_segments":[],"categories_sizes":[],"default_left":[0,0,0,0,0,0,0],"id":20,"left_children":[1,3,5,-1,-1,-1,-1],"loss_changes":[5.795658E3,9.305054E1,1.079834E1,0E0,0E0,0E0,0E0],"parents":[2147483647,0,0,1,1,2,2],"right_children":[2,4,6,-1,-1,-1,-1],"split_conditions":[5.024596E-1,3.0138972E-1,6.017341E-1,-3.1963356E0,-1.1139973E0,5.9788513E-1,2.1894996E0],"split_indices":[0,0,0,0,0,0,0],"split_type":[0,0,0,0,0,0,0],"sum_hessian":[9E0,4E0,5E0,2E0,2E0,1E0,4E0],"tree_param":{"num_deleted":"0","num_feature":"2","num_nodes":"7","size_leaf_vector":"1"}},{"base_weights":[-8.6125946E-1,-2.4137863E1,1.8679453E0,-2.9832466E0,-1.0397309E0],"categories":[],"categories_nodes":[],"categories_segments":[],"categories_sizes":[],"default_left":[0,0,0,0,0],"id":21,"left_children":[1,3,-1,-1,-1],"loss_changes":[4.9992964E3,8.105737E1,0E0,0E0,0E0],"parents":[2147483647,0,0,1,1],"right_children":[2,4,-1,-1,-1],"split_conditions":[5.024596E-1,3.0138972E-1,1.8679453E0,-2.9832466E0,-1.0397309E0],"split_indices":[0,0,0,0,0],"split_type":[0,0,0,0,0],"sum_hessian":[9E0,4E0,5E0,2E0,2E0],"tree_param":{"num_deleted":"0","num_feature":"2","num_nodes":"5","size_leaf_vector":"1"}},{"base_weights":[-9.9063873E-1,-2.2528671E1,1.7122828E1,-2.7843635E0,-9.7041523E-1,4.745926E-1,1.8649024E0],"categories":[],"categories_nodes":[],"categories_segments":[],"categories_sizes":[],"default_left":[0,0,0,0,0,0,0],"id":22,"left_children":[1,3,5,-1,-1,-1,-1],"loss_changes":[4.287039E3,7.061035E1,2.4830566E1,0E0,0E0,0E0,0E0],"parents":[2147483647,0,0,1,1,2,2],"right_children":[2,4,6,-1,-1,-1,-1],"split_conditions":[5.024596E-1,3.0138972E-1,6.017341E-1,-2.7843635E0,-9.7041523E-1,4.745926E-1,1.8649024E0],"split_indices":[0,0,0,0,0,0,0],"split_type":[0,0,0,0,0,0,0],"sum_hessian":[9E0,4E0,5E0,2E0,2E0,1E0,4E0],"tree_param":{"num_deleted":"0","num_feature":"2","num_nodes":"7","size_leaf_vector":"1"}},{"base_weights":[-1.0331008E0,-2.102676E1,1.5800466E1,-2.5987391E0,-9.05721E-1,6.737885E-1,1.8647286E0],"categories":[],"categories_nodes":[],"categories_segments":[],"categories_sizes":[],"default_left":[0,0,0,0,0,0,0],"id":23,"left_children":[1,3,5,-1,-1,-1,-1],"loss_changes":[3.6978787E3,6.1509277E1,2.915393E1,0E0,0E0,0E0,0E0],"parents":[2147483647,0,0,1,1,2,2],"right_children":[2,4,6,-1,-1,-1,-1],"split_conditions":[5.024596E-1,3.0138972E-1,7.0394593E-1,-2.5987391E0,-9.05721E-1,6.737885E-1,1.8647286E0],"split_indices":[0,0,0,0,0,0,0],"split_type":[0,0,0,0,0,0,0],"sum_hessian":[9E0,4E0,5E0,2E0,2E0,2E0,3E0],"tree_param":{"num_deleted":"0","num_feature":"2","num_nodes":"7","size_leaf_vector":"1"}},{"base_weights":[-1.0263832E0,-1.9624977E1,1.4643509E1,-2.42549E0,-8.453397E-1,6.2886864E-1,1.7248749E0],"categories":[],"categories_nodes":[],"categories_segments":[],"categories_sizes":[],"default_left":[0,0,0,0,0,0,0],"id":24,"left_children":[1,3,5,-1,-1,-1,-1],"loss_changes":[3.201758E3,5.358142E1,2.2125977E1,0E0,0E0,0E0,0E0],"parents":[2147483647,0,0,1,1,2,2],"right_children":[2,4,6,-1,-1,-1,-1],"split_conditions":[5.024596E-1,3.0138972E-1,7.0394593E-1,-2.42549E0,-8.453397E-1,6.2886864E-1,1.7248749E0],"split_indices":[0,0,0,0,0,0,0],"split_type":[0,0,0,0,0,0,0],"sum_hessian":[9E0,4E0,5E0,2E0,2E0,2E0,3E0],"tree_param":{"num_deleted":"0","num_feature":"2","num_nodes":"7","size_leaf_vector":"1"}},{"base_weights":[-1.0154579E0,-1.8316647E1,1.3571442E1,-2.2637904E0,-7.8898394E-1,5.8694357E-1,1.5955086E0],"categories":[],"categories_nodes":[],"categories_segments":[],"categories_sizes":[],"default_left":[0,0,0,0,0,0,0],"id":25,"left_children":[1,3,5,-1,-1,-1,-1],"loss_changes":[2.7722903E3,4.6674927E1,1.6505737E1,0E0,0E0,0E0,0E0],"parents":[2147483647,0,0,1,1,2,2],"right_children":[2,4,6,-1,-1,-1,-1],"split_conditions":[5.024596E-1,3.0138972E-1,7.0394593E-1,-2.2637904E0,-7.8898394E-1,5.8694357E-1,1.5955086E0],"split_indices":[0,0,0,0,0,0,0],"split_type":[0,0,0,0,0,0,0],"sum_hessian":[9E0,4E0,5E0,2E0,2E0,2E0,3E0],"tree_param":{"num_deleted":"0","num_feature":"2","num_nodes":"7","size_leaf_vector":"1"}},{"base_weights":[-1.0009468E0,-1.7095533E1,1.2578033E1,-1.9148448E0,-4.4419405E-1,5.4781395E-1,1.4758446E0],"categories":[],"categories_nodes":[],"categories_segments":[],"categories_sizes":[],"default_left":[0,0,0,0,0,0,0],"id":26,"left_children":[1,3,5,-1,-1,-1,-1],"loss_changes":[2.4005088E3,4.4827393E1,1.20354E1,0E0,0E0,0E0,0E0],"parents":[2147483647,0,0,1,1,2,2],"right_children":[2,4,6,-1,-1,-1,-1],"split_conditions":[5.024596E-1,4.011937E-1,7.0394593E-1,-1.9148448E0,-4.4419405E-1,5.4781395E-1,1.4758446E0],"split_indices":[0,0,0,0,0,0,0],"split_type":[0,0,0,0,0,0,0],"sum_hessian":[9E0,4E0,5E0,3E0,1E0,2E0,3E0],"tree_param":{"num_deleted":"0","num_feature":"2","num_nodes":"7","size_leaf_vector":"1"}},{"base_weights":[-9.3438566E-1,-1.5857785E1,1.1657512E1,-1.9852142E0,-6.5774995E-1,3.289917E-1,1.2673048E0],"categories":[],"categories_nodes":[],"categories_segments":[],"categories_sizes":[],"default_left":[0,0,0,0,0,0,0],"id":27,"left_children":[1,3,5,-1,-1,-1,-1],"loss_changes":[2.0640015E3,5.4766357E1,9.292236E0,0E0,0E0,0E0,0E0],"parents":[2147483647,0,0,1,1,2,2],"right_children":[2,4,6,-1,-1,-1,-1],"split_conditions":[5.024596E-1,3.0138972E-1,6.017341E-1,-1.9852142E0,-6.5774995E-1,3.289917E-1,1.2673048E0],"split_indices":[0,0,0,0,0,0,0],"split_type":[0,0,0,0,0,0,0],"sum_hessian":[9E0,4E0,5E0,2E0,2E0,1E0,4E0],"tree_param":{"num_deleted":"0","num_feature":"2","num_nodes":"7","size_leaf_vector":"1"}},{"base_weights":[-9.456123E-1,-1.48006E1,1.07578125E1,-1.8528665E0,-6.139E-1,4.5808312E-1,1.2701095E0],"categories":[],"categories_nodes":[],"categories_segments":[],"categories_sizes":[],"default_left":[0,0,0,0,0,0,0],"id":28,"left_children":[1,3,5,-1,-1,-1,-1],"loss_changes":[1.7807301E3,4.770764E1,1.384021E1,0E0,0E0,0E0,0E0],"parents":[2147483647,0,0,1,1,2,2],"right_children":[2,4,6,-1,-1,-1,-1],"split_conditions":[5.024596E-1,3.0138972E-1,7.0394593E-1,-1.8528665E0,-6.139E-1,4.5808312E-1,1.2701095E0],"split_indices":[0,0,0,0,0,0,0],"split_type":[0,0,0,0,0,0,0],"sum_hessian":[9E0,4E0,5E0,2E0,2E0,2E0,3E0],"tree_param":{"num_deleted":"0","num_feature":"2","num_nodes":"7","size_leaf_vector":"1"}},{"base_weights":[-9.249054E-1,-1.3813891E1,9.970067E0,-1.7293421E0,-5.7297313E-1,4.2754516E-1,1.1748513E0],"categories":[],"categories_nodes":[],"categories_segments":[],"categories_sizes":[],"default_left":[0,0,0,0,0,0,0],"id":29,"left_children":[1,3,5,-1,-1,-1,-1],"loss_changes":[1.541977E3,4.1558716E1,1.0535156E1,0E0,0E0,0E0,0E0],"parents":[2147483647,0,0,1,1,2,2],"right_children":[2,4,6,-1,-1,-1,-1],"split_conditions":[5.024596E-1,3.0138972E-1,7.0394593E-1,-1.7293421E0,-5.7297313E-1,4.2754516E-1,1.1748513E0],"split_indices":[0,0,0,0,0,0,0],"split_type":[0,0,0,0,0,0,0],"sum_hessian":[9E0,4E0,5E0,2E0,2E0,2E0,3E0],"tree_param":{"num_deleted":"0","num_feature":"2","num_nodes":"7","size_leaf_vector":"1"}},{"base_weights":[-9.024132E-1,-1.2892967E1,9.240117E0,-1.8605397E0,-6.813511E-1,3.9904174E-1,1.0867363E0],"categories":[],"categories_nodes":[],"categories_segments":[],"categories_sizes":[],"default_left":[0,0,0,0,0,0,0],"id":30,"left_children":[1,3,5,-1,-1,-1,-1],"loss_changes":[1.3352781E3,4.6874207E1,7.8899536E0,0E0,0E0,0E0,0E0],"parents":[2147483647,0,0,1,1,2,2],"right_children":[2,4,6,-1,-1,-1,-1],"split_conditions":[5.024596E-1,2.0097321E-1,7.0394593E-1,-1.8605397E0,-6.813511E-1,3.9904174E-1,1.0867363E0],"split_indices":[0,0,0,0,0,0,0],"split_type":[0,0,0,0,0,0,0],"sum_hessian":[9E0,4E0,5E0,1E0,3E0,2E0,3E0],"tree_param":{"num_deleted":"0","num_feature":"2","num_nodes":"7","size_leaf_vector":"1"}},{"base_weights":[-9.177826E-1,-1.2112048E1,8.563736E0,-1.7675126E0,-6.302498E-1,3.7243855E-1,1.0052315E0],"categories":[],"categories_nodes":[],"categories_segments":[],"categories_sizes":[],"default_left":[0,0,0,0,0,0,0],"id":31,"left_children":[1,3,5,-1,-1,-1,-1],"loss_changes":[1.1651108E3,5.0197388E1,5.783844E0,0E0,0E0,0E0,0E0],"parents":[2147483647,0,0,1,1,2,2],"right_children":[2,4,6,-1,-1,-1,-1],"split_conditions":[5.024596E-1,2.0097321E-1,7.0394593E-1,-1.7675126E0,-6.302498E-1,3.7243855E-1,1.0052315E0],"split_indices":[0,0,0,0,0,0,0],"split_type":[0,0,0,0,0,0,0],"sum_hessian":[9E0,4E0,5E0,1E0,3E0,2E0,3E0],"tree_param":{"num_deleted":"0","num_feature":"2","num_nodes":"7","size_leaf_vector":"1"}},{"base_weights":[-9.280098E-1,-1.1380397E1,7.936981E0,-1.6791371E0,-5.829811E-1,3.4760946E-1,9.298401E-1],"categories":[],"categories_nodes":[],"categories_segments":[],"categories_sizes":[],"default_left":[0,0,0,0,0,0,0],"id":32,"left_children":[1,3,5,-1,-1,-1,-1],"loss_changes":[1.01692926E3,5.2279846E1,4.116699E0,0E0,0E0,0E0,0E0],"parents":[2147483647,0,0,1,1,2,2],"right_children":[2,4,6,-1,-1,-1,-1],"split_conditions":[5.024596E-1,2.0097321E-1,7.0394593E-1,-1.6791371E0,-5.829811E-1,3.4760946E-1,9.298401E-1],"split_indices":[0,0,0,0,0,0,0],"split_type":[0,0,0,0,0,0,0],"sum_hessian":[9E0,4E0,5E0,1E0,3E0,2E0,3E0],"tree_param":{"num_deleted":"0","num_feature":"2","num_nodes":"7","size_leaf_vector":"1"}},{"base_weights":[-9.336723E-1,-1.069478E1,7.356196E0,-1.5951802E0,-5.3925747E-1,3.2443646E-1,8.601021E-1],"categories":[],"categories_nodes":[],"categories_segments":[],"categories_sizes":[],"default_left":[0,0,0,0,0,0,0],"id":33,"left_children":[1,3,5,-1,-1,-1,-1],"loss_changes":[8.878559E2,5.334778E1,2.8062134E0,0E0,0E0,0E0,0E0],"parents":[2147483647,0,0,1,1,2,2],"right_children":[2,4,6,-1,-1,-1,-1],"split_conditions":[5.024596E-1,2.0097321E-1,7.0394593E-1,-1.5951802E0,-5.3925747E-1,3.2443646E-1,8.601021E-1],"split_indices":[0,0,0,0,0,0,0],"split_type":[0,0,0,0,0,0,0],"sum_hessian":[9E0,4E0,5E0,1E0,3E0,2E0,3E0],"tree_param":{"num_deleted":"0","num_feature":"2","num_nodes":"7","size_leaf_vector":"1"}},{"base_weights":[-9.352951E-1,-1.0052188E1,6.8179984E0,-1.5154213E0,-4.9881288E-1,1.9608612E-1,7.3972535E-1],"categories":[],"categories_nodes":[],"categories_segments":[],"categories_sizes":[],"default_left":[0,0,0,0,0,0,0],"id":34,"left_children":[1,3,5,-1,-1,-1,-1],"loss_changes":[7.753953E2,5.3593628E1,2.3761292E0,0E0,0E0,0E0,0E0],"parents":[2147483647,0,0,1,1,2,2],"right_children":[2,4,6,-1,-1,-1,-1],"split_conditions":[5.024596E-1,2.0097321E-1,6.017341E-1,-1.5154213E0,-4.9881288E-1,1.9608612E-1,7.3972535E-1],"split_indices":[0,0,0,0,0,0,0],"split_type":[0,0,0,0,0,0,0],"sum_hessian":[9E0,4E0,5E0,1E0,3E0,1E0,4E0],"tree_param":{"num_deleted":"0","num_feature":"2","num_nodes":"7","size_leaf_vector":"1"}},{"base_weights":[-9.4960403E-1,-9.449819E0,6.2921753E0,-1.4396504E0,-4.6140215E-1,2.7161458E-1,7.4011534E-1],"categories":[],"categories_nodes":[],"categories_segments":[],"categories_sizes":[],"default_left":[0,0,0,0,0,0,0],"id":35,"left_children":[1,3,5,-1,-1,-1,-1],"loss_changes":[6.7502673E2,5.3180023E1,3.691803E0,0E0,0E0,0E0,0E0],"parents":[2147483647,0,0,1,1,2,2],"right_children":[2,4,6,-1,-1,-1,-1],"split_conditions":[5.024596E-1,2.0097321E-1,7.0394593E-1,-1.4396504E0,-4.6140215E-1,2.7161458E-1,7.4011534E-1],"split_indices":[0,0,0,0,0,0,0],"split_type":[0,0,0,0,0,0,0],"sum_hessian":[9E0,4E0,5E0,1E0,3E0,2E0,3E0],"tree_param":{"num_deleted":"0","num_feature":"2","num_nodes":"7","size_leaf_vector":"1"}},{"base_weights":[-9.435738E-1,-8.885048E0,5.8315835E0,-1.3676678E0,-4.2679712E-1,2.535075E-1,6.8460697E-1],"categories":[],"categories_nodes":[],"categories_segments":[],"categories_sizes":[],"default_left":[0,0,0,0,0,0,0],"id":36,"left_children":[1,3,5,-1,-1,-1,-1],"loss_changes":[5.8986127E2,5.2244934E1,2.710266E0,0E0,0E0,0E0,0E0],"parents":[2147483647,0,0,1,1,2,2],"right_children":[2,4,6,-1,-1,-1,-1],"split_conditions":[5.024596E-1,2.0097321E-1,7.0394593E-1,-1.3676678E0,-4.2679712E-1,2.535075E-1,6.8460697E-1],"split_indices":[0,0,0,0,0,0,0],"split_type":[0,0,0,0,0,0,0],"sum_hessian":[9E0,4E0,5E0,1E0,3E0,2E0,3E0],"tree_param":{"num_deleted":"0","num_feature":"2","num_nodes":"7","size_leaf_vector":"1"}},{"base_weights":[-9.3484956E-1,-8.355435E0,5.40478E0,-1.2992843E0,-3.9478722E-1,2.3660687E-1,6.3326186E-1],"categories":[],"categories_nodes":[],"categories_segments":[],"categories_sizes":[],"default_left":[0,0,0,0,0,0,0],"id":37,"left_children":[1,3,5,-1,-1,-1,-1],"loss_changes":[5.155969E2,5.0904266E1,1.933197E0,0E0,0E0,0E0,0E0],"parents":[2147483647,0,0,1,1,2,2],"right_children":[2,4,6,-1,-1,-1,-1],"split_conditions":[5.024596E-1,2.0097321E-1,7.0394593E-1,-1.2992843E0,-3.9478722E-1,2.3660687E-1,6.3326186E-1],"split_indices":[0,0,0,0,0,0,0],"split_type":[0,0,0,0,0,0,0],"sum_hessian":[9E0,4E0,5E0,1E0,3E0,2E0,3E0],"tree_param":{"num_deleted":"0","num_feature":"2","num_nodes":"7","size_leaf_vector":"1"}},{"base_weights":[-9.237854E-1,-7.8587036E0,5.0092773E0,-1.23432E0,-3.6517793E-1,2.6921389E-1,6.429037E-1],"categories":[],"categories_nodes":[],"categories_segments":[],"categories_sizes":[],"default_left":[0,0,0,0,0,0,0],"id":38,"left_children":[1,3,5,-1,-1,-1,-1],"loss_changes":[4.508195E2,4.9255035E1,2.4308167E0,0E0,0E0,0E0,0E0],"parents":[2147483647,0,0,1,1,2,2],"right_children":[2,4,6,-1,-1,-1,-1],"split_conditions":[5.024596E-1,2.0097321E-1,9.026515E-1,-1.23432E0,-3.6517793E-1,2.6921389E-1,6.429037E-1],"split_indices":[0,0,0,0,0,0,0],"split_type":[0,0,0,0,0,0,0],"sum_hessian":[9E0,4E0,5E0,1E0,3E0,3E0,2E0],"tree_param":{"num_deleted":"0","num_feature":"2","num_nodes":"7","size_leaf_vector":"1"}},{"base_weights":[-9.001503E-1,-7.392732E0,4.66036E0,-1.172604E0,-3.3778954E0,2.4902192E-1,6.0004276E-1,-3.8324434E-1,-1.0071259E-1],"categories":[],"categories_nodes":[],"categories_segments":[],"categories_sizes":[],"default_left":[0,0,0,0,0,0,0,0,0],"id":39,"left_children":[1,3,5,-1,7,-1,-1,-1,-1],"loss_changes":[3.9547348E2,4.7378296E1,2.5064392E0,0E0,4.507599E-1,0E0,0E0,0E0,0E0],"parents":[2147483647,0,0,1,1,2,2,4,4],"right_children":[2,4,6,-1,8,-1,-1,-1,-1],"split_conditions":[5.024596E-1,2.0097321E-1,9.026515E-1,-1.172604E0,4.011937E-1,2.4902192E-1,6.0004276E-1,-3.8324434E-1,-1.0071259E-1],"split_indices":[0,0,0,0,0,0,0,0,0],"split_type":[0,0,0,0,0,0,0,0,0],"sum_hessian":[9E0,4E0,5E0,1E0,3E0,3E0,2E0,2E0,1E0],"tree_param":{"num_deleted":"0","num_feature":"2","num_nodes":"9","size_leaf_vector":"1"}},{"base_weights":[-8.908836E-1,-6.9847703E0,4.335836E0,-1.1139736E0,-3.1610947E0,2.3034516E-1,5.600403E-1,-3.576945E-1,-9.567719E-2],"categories":[],"categories_nodes":[],"categories_segments":[],"categories_sizes":[],"default_left":[0,0,0,0,0,0,0,0,0],"id":40,"left_children":[1,3,5,-1,7,-1,-1,-1,-1],"loss_changes":[3.487952E2,4.4222443E1,2.520256E0,0E0,2.4435425E-1,0E0,0E0,0E0,0E0],"parents":[2147483647,0,0,1,1,2,2,4,4],"right_children":[2,4,6,-1,8,-1,-1,-1,-1],"split_conditions":[5.024596E-1,2.0097321E-1,9.026515E-1,-1.1139736E0,4.011937E-1,2.3034516E-1,5.600403E-1,-3.576945E-1,-9.567719E-2],"split_indices":[0,0,0,0,0,0,0,0,0],"split_type":[0,0,0,0,0,0,0,0,0],"sum_hessian":[9E0,4E0,5E0,1E0,3E0,3E0,2E0,2E0,1E0],"tree_param":{"num_deleted":"0","num_feature":"2","num_nodes":"9","size_leaf_vector":"1"}},{"base_weights":[-8.794891E-1,-6.599762E0,4.0339866E0,-1.0582749E0,-2.9583282E0,2.1306916E-1,5.227051E-1,-3.338481E-1,-9.089356E-2],"categories":[],"categories_nodes":[],"categories_segments":[],"categories_sizes":[],"default_left":[0,0,0,0,0,0,0,0,0],"id":41,"left_children":[1,3,5,-1,7,-1,-1,-1,-1],"loss_changes":[3.0768756E2,4.121164E1,2.4872894E0,0E0,8.18634E-2,0E0,0E0,0E0,0E0],"parents":[2147483647,0,0,1,1,2,2,4,4],"right_children":[2,4,6,-1,8,-1,-1,-1,-1],"split_conditions":[5.024596E-1,2.0097321E-1,9.026515E-1,-1.0582749E0,4.011937E-1,2.1306916E-1,5.227051E-1,-3.338481E-1,-9.089356E-2],"split_indices":[0,0,0,0,0,0,0,0,0],"split_type":[0,0,0,0,0,0,0,0,0],"sum_hessian":[9E0,4E0,5E0,1E0,3E0,3E0,2E0,2E0,1E0],"tree_param":{"num_deleted":"0","num_feature":"2","num_nodes":"9","size_leaf_vector":"1"}},{"base_weights":[-8.662659E-1,-6.236389E0,3.7532146E0,-1.0053612E0,-2.7686808E-1,1.9708863E-1,4.8785806E-1],"categories":[],"categories_nodes":[],"categories_segments":[],"categories_sizes":[],"default_left":[0,0,0,0,0,0,0],"id":42,"left_children":[1,3,5,-1,-1,-1,-1],"loss_changes":[2.7147827E2,3.8349854E1,2.4195023E0,0E0,0E0,0E0,0E0],"parents":[2147483647,0,0,1,1,2,2],"right_children":[2,4,6,-1,-1,-1,-1],"split_conditions":[5.024596E-1,2.0097321E-1,9.026515E-1,-1.0053612E0,-2.7686808E-1,1.9708863E-1,4.8785806E-1],"split_indices":[0,0,0,0,0,0,0],"split_type":[0,0,0,0,0,0,0],"sum_hessian":[9E0,4E0,5E0,1E0,3E0,3E0,2E0],"tree_param":{"num_deleted":"0","num_feature":"2","num_nodes":"7","size_leaf_vector":"1"}},{"base_weights":[-8.393639E-1,-6.9739666E0,2.7860324E0,-9.55093E-1,-2.9313356E-1,-7.250519E-2,3.4920552E0,1.8230744E-1,4.5533448E-1],"categories":[],"categories_nodes":[],"categories_segments":[],"categories_sizes":[],"default_left":[0,0,0,0,0,0,0,0,0],"id":43,"left_children":[1,3,5,-1,-1,-1,7,-1,-1],"loss_changes":[2.4183337E2,1.3673859E1,1.9884254E1,0E0,0E0,0E0,2.3265457E0,0E0,0E0],"parents":[2147483647,0,0,1,1,2,2,6,6],"right_children":[2,4,6,-1,-1,-1,8,-1,-1],"split_conditions":[4.011937E-1,2.0097321E-1,5.024596E-1,-9.55093E-1,-2.9313356E-1,-7.250519E-2,9.026515E-1,1.8230744E-1,4.5533448E-1],"split_indices":[0,0,0,0,0,0,0,0,0],"split_type":[0,0,0,0,0,0,0,0,0],"sum_hessian":[9E0,3E0,6E0,1E0,2E0,1E0,5E0,3E0,2E0],"tree_param":{"num_deleted":"0","num_feature":"2","num_nodes":"9","size_leaf_vector":"1"}},{"base_weights":[-8.237343E-1,-6.588625E0,2.5881653E0,-9.073383E-1,-2.7359113E-1,-6.88797E-2,3.2491252E0,1.3142905E-1,3.8879701E-1],"categories":[],"categories_nodes":[],"categories_segments":[],"categories_sizes":[],"default_left":[0,0,0,0,0,0,0,0,0],"id":44,"left_children":[1,3,5,-1,-1,-1,7,-1,-1],"loss_changes":[2.1374472E2,1.3468292E1,1.7399567E1,0E0,0E0,0E0,2.3064308E0,0E0,0E0],"parents":[2147483647,0,0,1,1,2,2,6,6],"right_children":[2,4,6,-1,-1,-1,8,-1,-1],"split_conditions":[4.011937E-1,2.0097321E-1,5.024596E-1,-9.073383E-1,-2.7359113E-1,-6.88797E-2,7.0394593E-1,1.3142905E-1,3.8879701E-1],"split_indices":[0,0,0,0,0,0,0,0,0],"split_type":[0,0,0,0,0,0,0,0,0],"sum_hessian":[9E0,3E0,6E0,1E0,2E0,1E0,5E0,2E0,3E0],"tree_param":{"num_deleted":"0","num_feature":"2","num_nodes":"9","size_leaf_vector":"1"}},{"base_weights":[-8.143204E-1,-6.2249947E0,2.393825E0,-8.619713E-1,-2.5535175E-1,-6.543579E-2,3.010915E0,1.5234223E-1,3.9906007E-1],"categories":[],"categories_nodes":[],"categories_segments":[],"categories_sizes":[],"default_left":[0,0,0,0,0,0,0,0,0],"id":45,"left_children":[1,3,5,-1,-1,-1,7,-1,-1],"loss_changes":[1.8848384E2,1.315802E1,1.5137241E1,0E0,0E0,0E0,2.6642761E0,0E0,0E0],"parents":[2147483647,0,0,1,1,2,2,6,6],"right_children":[2,4,6,-1,-1,-1,8,-1,-1],"split_conditions":[4.011937E-1,2.0097321E-1,5.024596E-1,-8.619713E-1,-2.5535175E-1,-6.543579E-2,9.026515E-1,1.5234223E-1,3.9906007E-1],"split_indices":[0,0,0,0,0,0,0,0,0],"split_type":[0,0,0,0,0,0,0,0,0],"sum_hessian":[9E0,3E0,6E0,1E0,2E0,1E0,5E0,3E0,2E0],"tree_param":{"num_deleted":"0","num_feature":"2","num_nodes":"9","size_leaf_vector":"1"}},{"base_weights":[-7.9602355E-1,-5.8818283E0,2.2238681E0,-8.1887287E-1,-2.3832856E-1,3.193156E-2,3.0942568E-1,-6.2164307E-2,6.695404E-2],"categories":[],"categories_nodes":[],"categories_segments":[],"categories_sizes":[],"default_left":[0,0,0,0,0,0,0,0,0],"id":46,"left_children":[1,3,5,-1,-1,7,-1,-1,-1],"loss_changes":[1.6666621E2,1.2767075E1,1.325605E1,0E0,0E0,1.66639E0,0E0,0E0,0E0],"parents":[2147483647,0,0,1,1,2,2,5,5],"right_children":[2,4,6,-1,-1,8,-1,-1,-1],"split_conditions":[4.011937E-1,2.0097321E-1,6.017341E-1,-8.1887287E-1,-2.3832856E-1,5.024596E-1,3.0942568E-1,-6.2164307E-2,6.695404E-2],"split_indices":[0,0,0,0,0,0,0,0,0],"split_type":[0,0,0,0,0,0,0,0,0],"sum_hessian":[9E0,3E0,6E0,1E0,2E0,2E0,4E0,1E0,1E0],"tree_param":{"num_deleted":"0","num_feature":"2","num_nodes":"9","size_leaf_vector":"1"}},{"base_weights":[-7.907173E-1,-5.557947E0,2.0463736E0,-7.779293E-1,-2.2244008E-1,-5.9056092E-2,2.5842896E0,1.2377167E-1,3.5182902E-1],"categories":[],"categories_nodes":[],"categories_segments":[],"categories_sizes":[],"default_left":[0,0,0,0,0,0,0,0,0],"id":47,"left_children":[1,3,5,-1,-1,-1,7,-1,-1],"loss_changes":[1.4662428E2,1.2315575E1,1.1455324E1,0E0,0E0,0E0,3.1915512E0,0E0,0E0],"parents":[2147483647,0,0,1,1,2,2,6,6],"right_children":[2,4,6,-1,-1,-1,8,-1,-1],"split_conditions":[4.011937E-1,2.0097321E-1,5.024596E-1,-7.779293E-1,-2.2244008E-1,-5.9056092E-2,9.026515E-1,1.2377167E-1,3.5182902E-1],"split_indices":[0,0,0,0,0,0,0,0,0],"split_type":[0,0,0,0,0,0,0,0,0],"sum_hessian":[9E0,3E0,6E0,1E0,2E0,1E0,5E0,3E0,2E0],"tree_param":{"num_deleted":"0","num_feature":"2","num_nodes":"9","size_leaf_vector":"1"}},{"base_weights":[-7.7003175E-1,-5.252243E0,1.9012364E0,-7.3903275E-1,-2.0761059E-1,-5.6103516E-2,2.4051208E0,1.1448822E-1,3.2837322E-1],"categories":[],"categories_nodes":[],"categories_segments":[],"categories_sizes":[],"default_left":[0,0,0,0,0,0,0,0,0],"id":48,"left_children":[1,3,5,-1,-1,-1,7,-1,-1],"loss_changes":[1.2971764E2,1.182029E1,1.003426E1,0E0,0E0,0E0,2.8840752E0,0E0,0E0],"parents":[2147483647,0,0,1,1,2,2,6,6],"right_children":[2,4,6,-1,-1,-1,8,-1,-1],"split_conditions":[4.011937E-1,2.0097321E-1,5.024596E-1,-7.3903275E-1,-2.0761059E-1,-5.6103516E-2,9.026515E-1,1.1448822E-1,3.2837322E-1],"split_indices":[0,0,0,0,0,0,0,0,0],"split_type":[0,0,0,0,0,0,0,0,0],"sum_hessian":[9E0,3E0,6E0,1E0,2E0,1E0,5E0,3E0,2E0],"tree_param":{"num_deleted":"0","num_feature":"2","num_nodes":"9","size_leaf_vector":"1"}},{"base_weights":[-7.490204E-1,-4.9636803E0,1.7663596E0,-7.020813E-1,-1.9376984E-1,-1.0706584E-2,2.4793274E0,-5.3298187E-2,5.16922E-2,1.067393E-1,3.0648193E-1],"categories":[],"categories_nodes":[],"categories_segments":[],"categories_sizes":[],"default_left":[0,0,0,0,0,0,0,0,0,0,0],"id":49,"left_children":[1,3,5,-1,-1,7,9,-1,-1,-1,-1],"loss_changes":[1.1478236E2,1.1295166E1,8.895481E0,0E0,0E0,1.1022121E0,8.620148E-1,0E0,0E0,0E0,0E0],"parents":[2147483647,0,0,1,1,2,2,5,5,6,6],"right_children":[2,4,6,-1,-1,8,10,-1,-1,-1,-1],"split_conditions":[4.011937E-1,2.0097321E-1,6.017341E-1,-7.020813E-1,-1.9376984E-1,5.024596E-1,9.026515E-1,-5.3298187E-2,5.16922E-2,1.067393E-1,3.0648193E-1],"split_indices":[0,0,0,0,0,0,0,0,0,0,0],"split_type":[0,0,0,0,0,0,0,0,0,0,0],"sum_hessian":[9E0,3E0,6E0,1E0,2E0,2E0,4E0,1E0,1E0,2E0,2E0],"tree_param":{"num_deleted":"0","num_feature":"2","num_nodes":"11","size_leaf_vector":"1"}},{"base_weights":[-7.225456E-1,-5.6445414E-1,1.213521E0,-9.480464E-2,2.0920513E0,9.9270634E-2,2.860494E-1],"categories":[],"categories_nodes":[],"categories_segments":[],"categories_sizes":[],"default_left":[0,0,0,0,0,0,0],"id":50,"left_children":[1,-1,3,-1,5,-1,-1],"loss_changes":[1.0214289E2,0E0,1.7175377E1,0E0,2.2290726E0,0E0,0E0],"parents":[2147483647,0,0,2,2,4,4],"right_children":[2,-1,4,-1,6,-1,-1],"split_conditions":[3.0138972E-1,-5.6445414E-1,5.024596E-1,-9.480464E-2,9.026515E-1,9.9270634E-2,2.860494E-1],"split_indices":[0,0,0,0,0,0,0],"split_type":[0,0,0,0,0,0,0],"sum_hessian":[9E0,2E0,7E0,2E0,5E0,3E0,2E0],"tree_param":{"num_deleted":"0","num_feature":"2","num_nodes":"7","size_leaf_vector":"1"}},{"base_weights":[-6.776848E-1,-4.3853474E0,1.5377916E0,-6.3875467E-1,-1.5887655E-1,-1.1662801E-2,2.159906E0,-4.58931E-2,4.4143677E-2,9.300435E-2,2.6698E-1],"categories":[],"categories_nodes":[],"categories_segments":[],"categories_sizes":[],"default_left":[0,0,0,0,0,0,0,0,0,0,0],"id":51,"left_children":[1,3,5,-1,-1,7,9,-1,-1,-1,-1],"loss_changes":[8.888615E1,1.22489395E1,6.7727547E0,0E0,0E0,8.1056005E-1,6.524658E-1,0E0,0E0,0E0,0E0],"parents":[2147483647,0,0,1,1,2,2,5,5,6,6],"right_children":[2,4,6,-1,-1,8,10,-1,-1,-1,-1],"split_conditions":[4.011937E-1,2.0097321E-1,6.017341E-1,-6.3875467E-1,-1.5887655E-1,5.024596E-1,9.026515E-1,-4.58931E-2,4.4143677E-2,9.300435E-2,2.6698E-1],"split_indices":[0,0,0,0,0,0,0,0,0,0,0],"split_type":[0,0,0,0,0,0,0,0,0,0,0],"sum_hessian":[9E0,3E0,6E0,1E0,2E0,2E0,4E0,1E0,1E0,2E0,2E0],"tree_param":{"num_deleted":"0","num_feature":"2","num_nodes":"11","size_leaf_vector":"1"}},{"base_weights":[-6.5385437E-1,-5.0023627E0,1.058568E0,-6.068169E-1,-1.4353752E-1,-8.165868E-2,1.8197174E0,8.6071014E-2,2.4918213E-1],"categories":[],"categories_nodes":[],"categories_segments":[],"categories_sizes":[],"default_left":[0,0,0,0,0,0,0,0,0],"id":52,"left_children":[1,3,5,-1,-1,-1,7,-1,-1],"loss_changes":[7.976017E1,2.695053E0,1.2904141E1,0E0,0E0,0E0,1.722578E0,0E0,0E0],"parents":[2147483647,0,0,1,1,2,2,6,6],"right_children":[2,4,6,-1,-1,-1,8,-1,-1],"split_conditions":[3.0138972E-1,2.0097321E-1,5.024596E-1,-6.068169E-1,-1.4353752E-1,-8.165868E-2,9.026515E-1,8.6071014E-2,2.4918213E-1],"split_indices":[0,0,0,0,0,0,0,0,0],"split_type":[0,0,0,0,0,0,0,0,0],"sum_hessian":[9E0,2E0,7E0,1E0,1E0,2E0,5E0,3E0,2E0],"tree_param":{"num_deleted":"0","num_feature":"2","num_nodes":"9","size_leaf_vector":"1"}},{"base_weights":[-6.3813937E-1,-4.752243E0,9.8441696E-1,-5.764759E-1,-1.3636056E-1,-7.6214604E-2,1.6936289E0,7.961655E-2,2.325704E-1],"categories":[],"categories_nodes":[],"categories_segments":[],"categories_sizes":[],"default_left":[0,0,0,0,0,0,0,0,0],"id":53,"left_children":[1,3,5,-1,-1,-1,7,-1,-1],"loss_changes":[7.143184E1,2.4322968E0,1.1200259E1,0E0,0E0,0E0,1.5519409E0,0E0,0E0],"parents":[2147483647,0,0,1,1,2,2,6,6],"right_children":[2,4,6,-1,-1,-1,8,-1,-1],"split_conditions":[3.0138972E-1,2.0097321E-1,5.024596E-1,-5.764759E-1,-1.3636056E-1,-7.6214604E-2,9.026515E-1,7.961655E-2,2.325704E-1],"split_indices":[0,0,0,0,0,0,0,0,0],"split_type":[0,0,0,0,0,0,0,0,0],"sum_hessian":[9E0,2E0,7E0,1E0,1E0,2E0,5E0,3E0,2E0],"tree_param":{"num_deleted":"0","num_feature":"2","num_nodes":"9","size_leaf_vector":"1"}},{"base_weights":[-6.220131E-1,-4.514631E0,9.154701E-1,-5.4765207E-1,-1.2954254E-1,-7.113343E-2,1.576294E0,7.364502E-2,2.1706544E-1],"categories":[],"categories_nodes":[],"categories_segments":[],"categories_sizes":[],"default_left":[0,0,0,0,0,0,0,0,0],"id":54,"left_children":[1,3,5,-1,-1,-1,7,-1,-1],"loss_changes":[6.3981354E1,2.195137E0,9.72152E0,0E0,0E0,0E0,1.3964415E0,0E0,0E0],"parents":[2147483647,0,0,1,1,2,2,6,6],"right_children":[2,4,6,-1,-1,-1,8,-1,-1],"split_conditions":[3.0138972E-1,2.0097321E-1,5.024596E-1,-5.4765207E-1,-1.2954254E-1,-7.113343E-2,9.026515E-1,7.364502E-2,2.1706544E-1],"split_indices":[0,0,0,0,0,0,0,0,0],"split_type":[0,0,0,0,0,0,0,0,0],"sum_hessian":[9E0,2E0,7E0,1E0,1E0,2E0,5E0,3E0,2E0],"tree_param":{"num_deleted":"0","num_feature":"2","num_nodes":"9","size_leaf_vector":"1"}},{"base_weights":[-6.055725E-1,-4.2889E0,8.5137177E-1,-5.202694E-1,-1.2306557E-1,-6.639099E-2,1.4671173E0,6.8122104E-2,2.02594E-1],"categories":[],"categories_nodes":[],"categories_segments":[],"categories_sizes":[],"default_left":[0,0,0,0,0,0,0,0,0],"id":55,"left_children":[1,3,5,-1,-1,-1,7,-1,-1],"loss_changes":[5.731548E1,1.9810867E0,8.438257E0,0E0,0E0,0E0,1.2549467E0,0E0,0E0],"parents":[2147483647,0,0,1,1,2,2,6,6],"right_children":[2,4,6,-1,-1,-1,8,-1,-1],"split_conditions":[3.0138972E-1,2.0097321E-1,5.024596E-1,-5.202694E-1,-1.2306557E-1,-6.639099E-2,9.026515E-1,6.8122104E-2,2.02594E-1],"split_indices":[0,0,0,0,0,0,0,0,0],"split_type":[0,0,0,0,0,0,0,0,0],"sum_hessian":[9E0,2E0,7E0,1E0,1E0,2E0,5E0,3E0,2E0],"tree_param":{"num_deleted":"0","num_feature":"2","num_nodes":"9","size_leaf_vector":"1"}},{"base_weights":[-5.889168E-1,-4.0744553E0,7.9177475E-1,-4.9425584E-1,-1.1691246E-1,-6.1964925E-2,1.3655243E0,6.301346E-2,1.8908691E-1],"categories":[],"categories_nodes":[],"categories_segments":[],"categories_sizes":[],"default_left":[0,0,0,0,0,0,0,0,0],"id":56,"left_children":[1,3,5,-1,-1,-1,7,-1,-1],"loss_changes":[5.1350586E1,1.7879105E0,7.3245773E0,0E0,0E0,0E0,1.1264973E0,0E0,0E0],"parents":[2147483647,0,0,1,1,2,2,6,6],"right_children":[2,4,6,-1,-1,-1,8,-1,-1],"split_conditions":[3.0138972E-1,2.0097321E-1,5.024596E-1,-4.9425584E-1,-1.1691246E-1,-6.1964925E-2,9.026515E-1,6.301346E-2,1.8908691E-1],"split_indices":[0,0,0,0,0,0,0,0,0],"split_type":[0,0,0,0,0,0,0,0,0],"sum_hessian":[9E0,2E0,7E0,1E0,1E0,2E0,5E0,3E0,2E0],"tree_param":{"num_deleted":"0","num_feature":"2","num_nodes":"9","size_leaf_vector":"1"}},{"base_weights":[-5.7212985E-1,-3.8707325E0,7.3636246E-1,-4.6954307E-1,-1.1106682E-1,-5.783386E-2,1.270986E0,5.828705E-2,1.7648111E-1],"categories":[],"categories_nodes":[],"categories_segments":[],"categories_sizes":[],"default_left":[0,0,0,0,0,0,0,0,0],"id":57,"left_children":[1,3,5,-1,-1,-1,7,-1,-1],"loss_changes":[4.6012222E1,1.613594E0,6.358021E0,0E0,0E0,0E0,1.0101957E0,0E0,0E0],"parents":[2147483647,0,0,1,1,2,2,6,6],"right_children":[2,4,6,-1,-1,-1,8,-1,-1],"split_conditions":[3.0138972E-1,2.0097321E-1,5.024596E-1,-4.6954307E-1,-1.1106682E-1,-5.783386E-2,9.026515E-1,5.828705E-2,1.7648111E-1],"split_indices":[0,0,0,0,0,0,0,0,0],"split_type":[0,0,0,0,0,0,0,0,0],"sum_hessian":[9E0,2E0,7E0,1E0,1E0,2E0,5E0,3E0,2E0],"tree_param":{"num_deleted":"0","num_feature":"2","num_nodes":"9","size_leaf_vector":"1"}},{"base_weights":[-5.5528563E-1,-3.6771953E0,6.8484116E-1,-4.460659E-1,-1.0551339E-1,-3.0233765E-1,1.337616E0,-5.3978473E-2,2.0500183E-2,5.8220416E-2,1.6471557E-1],"categories":[],"categories_nodes":[],"categories_segments":[],"categories_sizes":[],"default_left":[0,0,0,0,0,0,0,0,0,0,0],"id":58,"left_children":[1,3,5,-1,-1,7,9,-1,-1,-1,-1],"loss_changes":[4.1233936E1,1.4562759E0,5.559655E0,0E0,0E0,5.92522E-1,2.1016884E-1,0E0,0E0,0E0,0E0],"parents":[2147483647,0,0,1,1,2,2,5,5,6,6],"right_children":[2,4,6,-1,-1,8,10,-1,-1,-1,-1],"split_conditions":[3.0138972E-1,2.0097321E-1,6.017341E-1,-4.460659E-1,-1.0551339E-1,5.024596E-1,9.026515E-1,-5.3978473E-2,2.0500183E-2,5.8220416E-2,1.6471557E-1],"split_indices":[0,0,0,0,0,0,0,0,0,0,0],"split_type":[0,0,0,0,0,0,0,0,0,0,0],"sum_hessian":[9E0,2E0,7E0,1E0,1E0,3E0,4E0,2E0,1E0,2E0,2E0],"tree_param":{"num_deleted":"0","num_feature":"2","num_nodes":"11","size_leaf_vector":"1"}},{"base_weights":[-5.35968E-1,-3.4933345E0,6.400404E-1,-4.2376253E-1,-1.0023766E-1,-2.804737E-1,1.2484436E0,-5.037969E-2,1.9474793E-2,5.433858E-2,1.5373535E-1],"categories":[],"categories_nodes":[],"categories_segments":[],"categories_sizes":[],"default_left":[0,0,0,0,0,0,0,0,0,0,0],"id":59,"left_children":[1,3,5,-1,-1,7,9,-1,-1,-1,-1],"loss_changes":[3.7014755E1,1.3142929E0,4.830506E0,0E0,0E0,5.2262545E-1,1.83115E-1,0E0,0E0,0E0,0E0],"parents":[2147483647,0,0,1,1,2,2,5,5,6,6],"right_children":[2,4,6,-1,-1,8,10,-1,-1,-1,-1],"split_conditions":[3.0138972E-1,2.0097321E-1,6.017341E-1,-4.2376253E-1,-1.0023766E-1,5.024596E-1,9.026515E-1,-5.037969E-2,1.9474793E-2,5.433858E-2,1.5373535E-1],"split_indices":[0,0,0,0,0,0,0,0,0,0,0],"split_type":[0,0,0,0,0,0,0,0,0,0,0],"sum_hessian":[9E0,2E0,7E0,1E0,1E0,3E0,4E0,2E0,1E0,2E0,2E0],"tree_param":{"num_deleted":"0","num_feature":"2","num_nodes":"11","size_leaf_vector":"1"}},{"base_weights":[-5.170593E-1,-3.3186696E0,5.9817696E-1,-4.0257454E-1,-9.522591E-2,-4.7020976E-2,1.0326742E0,4.7286987E-2,1.4348552E-1],"categories":[],"categories_nodes":[],"categories_segments":[],"categories_sizes":[],"default_left":[0,0,0,0,0,0,0,0,0],"id":60,"left_children":[1,3,5,-1,-1,-1,7,-1,-1],"loss_changes":[3.322973E1,1.186142E0,4.199261E0,0E0,0E0,0E0,6.723561E-1,0E0,0E0],"parents":[2147483647,0,0,1,1,2,2,6,6],"right_children":[2,4,6,-1,-1,-1,8,-1,-1],"split_conditions":[3.0138972E-1,2.0097321E-1,5.024596E-1,-4.0257454E-1,-9.522591E-2,-4.7020976E-2,9.026515E-1,4.7286987E-2,1.4348552E-1],"split_indices":[0,0,0,0,0,0,0,0,0],"split_type":[0,0,0,0,0,0,0,0,0],"sum_hessian":[9E0,2E0,7E0,1E0,1E0,2E0,5E0,3E0,2E0],"tree_param":{"num_deleted":"0","num_feature":"2","num_nodes":"9","size_leaf_vector":"1"}},{"base_weights":[-5.0075835E-1,-3.1527379E0,5.563288E-1,-3.824459E-1,-9.0464786E-2,-2.4845695E-1,1.0888916E0,-4.3886058E-2,1.6137695E-2,4.7562663E-2,1.3391928E-1],"categories":[],"categories_nodes":[],"categories_segments":[],"categories_sizes":[],"default_left":[0,0,0,0,0,0,0,0,0,0,0],"id":61,"left_children":[1,3,5,-1,-1,7,9,-1,-1,-1,-1],"loss_changes":[2.9787695E1,1.0704803E0,3.6993341E0,0E0,0E0,3.829574E-1,1.3054895E-1,0E0,0E0,0E0,0E0],"parents":[2147483647,0,0,1,1,2,2,5,5,6,6],"right_children":[2,4,6,-1,-1,8,10,-1,-1,-1,-1],"split_conditions":[3.0138972E-1,2.0097321E-1,6.017341E-1,-3.824459E-1,-9.0464786E-2,5.024596E-1,9.026515E-1,-4.3886058E-2,1.6137695E-2,4.7562663E-2,1.3391928E-1],"split_indices":[0,0,0,0,0,0,0,0,0,0,0],"split_type":[0,0,0,0,0,0,0,0,0,0,0],"sum_hessian":[9E0,2E0,7E0,1E0,1E0,3E0,4E0,2E0,1E0,2E0,2E0],"tree_param":{"num_deleted":"0","num_feature":"2","num_nodes":"11","size_leaf_vector":"1"}},{"base_weights":[-4.826027E-1,-2.995102E0,5.1990986E-1,-3.633236E-1,-8.5941695E-2,-2.3055077E-1,1.0162964E0,-4.0960442E-2,1.5330506E-2,2.766571E-2,1.13204196E-1],"categories":[],"categories_nodes":[],"categories_segments":[],"categories_sizes":[],"default_left":[0,0,0,0,0,0,0,0,0,0,0],"id":62,"left_children":[1,3,5,-1,-1,7,9,-1,-1,-1,-1],"loss_changes":[2.6745302E1,9.660969E-1,3.2144563E0,0E0,0E0,3.377175E-1,1.14861965E-1,0E0,0E0,0E0,0E0],"parents":[2147483647,0,0,1,1,2,2,5,5,6,6],"right_children":[2,4,6,-1,-1,8,10,-1,-1,-1,-1],"split_conditions":[3.0138972E-1,2.0097321E-1,6.017341E-1,-3.633236E-1,-8.5941695E-2,5.024596E-1,7.0394593E-1,-4.0960442E-2,1.5330506E-2,2.766571E-2,1.13204196E-1],"split_indices":[0,0,0,0,0,0,0,0,0,0,0],"split_type":[0,0,0,0,0,0,0,0,0,0,0],"sum_hessian":[9E0,2E0,7E0,1E0,1E0,3E0,4E0,2E0,1E0,1E0,3E0],"tree_param":{"num_deleted":"0","num_feature":"2","num_nodes":"11","size_leaf_vector":"1"}},{"base_weights":[-4.6774063E-1,-2.8453445E0,4.8232841E-1,-3.4515724E-1,-8.164444E-2,-2.1390152E-1,9.4284666E-1,-3.822988E-1,1.4564514E-2,3.969523E-2,1.17445886E-1,-4.6318818E-2,-1.1026002E-2],"categories":[],"categories_nodes":[],"categories_segments":[],"categories_sizes":[],"default_left":[0,0,0,0,0,0,0,0,0,0,0,0,0],"id":63,"left_children":[1,3,5,-1,-1,7,9,11,-1,-1,-1,-1,-1],"loss_changes":[2.396127E1,8.719101E-1,2.7666893E0,0E0,0E0,2.9786667E-1,1.6597462E-1,1.4944017E-2,0E0,0E0,0E0,0E0,0E0],"parents":[2147483647,0,0,1,1,2,2,5,5,6,6,7,7],"right_children":[2,4,6,-1,-1,8,10,12,-1,-1,-1,-1,-1],"split_conditions":[3.0138972E-1,2.0097321E-1,6.017341E-1,-3.4515724E-1,-8.164444E-2,5.024596E-1,9.026515E-1,4.011937E-1,1.4564514E-2,3.969523E-2,1.17445886E-1,-4.6318818E-2,-1.1026002E-2],"split_indices":[0,0,0,0,0,0,0,0,0,0,0,0,0],"split_type":[0,0,0,0,0,0,0,0,0,0,0,0,0],"sum_hessian":[9E0,2E0,7E0,1E0,1E0,3E0,4E0,2E0,1E0,2E0,2E0,1E0,1E0],"tree_param":{"num_deleted":"0","num_feature":"2","num_nodes":"13","size_leaf_vector":"1"}},{"base_weights":[-4.522087E-1,-2.7030792E0,4.4839382E-1,-3.2789955E-1,-7.756233E-2,-3.6318207E-1,7.7944946E-1,-4.4002917E-2,-1.0474396E-2,3.4704592E-2,1.0961711E-1],"categories":[],"categories_nodes":[],"categories_segments":[],"categories_sizes":[],"default_left":[0,0,0,0,0,0,0,0,0,0,0],"id":64,"left_children":[1,3,5,-1,-1,7,9,-1,-1,-1,-1],"loss_changes":[2.148344E1,7.8689384E-1,2.432496E0,0E0,0E0,1.349023E-2,4.4128776E-1,0E0,0E0,0E0,0E0],"parents":[2147483647,0,0,1,1,2,2,5,5,6,6],"right_children":[2,4,6,-1,-1,8,10,-1,-1,-1,-1],"split_conditions":[3.0138972E-1,2.0097321E-1,5.024596E-1,-3.2789955E-1,-7.756233E-2,4.011937E-1,9.026515E-1,-4.4002917E-2,-1.0474396E-2,3.4704592E-2,1.0961711E-1],"split_indices":[0,0,0,0,0,0,0,0,0,0,0],"split_type":[0,0,0,0,0,0,0,0,0,0,0],"sum_hessian":[9E0,2E0,7E0,1E0,1E0,2E0,5E0,1E0,1E0,3E0,2E0],"tree_param":{"num_deleted":"0","num_feature":"2","num_nodes":"11","size_leaf_vector":"1"}},{"base_weights":[-4.3854904E-1,-2.5679271E0,4.1478634E-1,-3.1150475E-1,-7.368431E-2,-1.9825935E-1,8.222656E-1,-3.450241E-1,1.2101746E-2,3.473511E-2,1.0230917E-1,-4.1802596E-2,-9.95102E-3],"categories":[],"categories_nodes":[],"categories_segments":[],"categories_sizes":[],"default_left":[0,0,0,0,0,0,0,0,0,0,0,0,0],"id":65,"left_children":[1,3,5,-1,-1,7,9,11,-1,-1,-1,-1,-1],"loss_changes":[1.9235876E1,7.1016884E-1,2.1614492E0,0E0,0E0,2.2918828E-1,1.2150383E-1,1.217106E-2,0E0,0E0,0E0,0E0,0E0],"parents":[2147483647,0,0,1,1,2,2,5,5,6,6,7,7],"right_children":[2,4,6,-1,-1,8,10,12,-1,-1,-1,-1,-1],"split_conditions":[3.0138972E-1,2.0097321E-1,6.017341E-1,-3.1150475E-1,-7.368431E-2,5.024596E-1,9.026515E-1,4.011937E-1,1.2101746E-2,3.473511E-2,1.0230917E-1,-4.1802596E-2,-9.95102E-3],"split_indices":[0,0,0,0,0,0,0,0,0,0,0,0,0],"split_type":[0,0,0,0,0,0,0,0,0,0,0,0,0],"sum_hessian":[9E0,2E0,7E0,1E0,1E0,3E0,4E0,2E0,1E0,2E0,2E0,1E0,1E0],"tree_param":{"num_deleted":"0","num_feature":"2","num_nodes":"13","size_leaf_vector":"1"}},{"base_weights":[-4.2347106E-1,-2.4395294E0,3.854847E-1,-2.9592934E-1,-7.0000075E-2,-1.8835068E-1,7.6745605E-1,-3.2777405E-1,1.1495972E-2,3.241984E-2,9.54895E-2,-3.9712526E-2,-9.453583E-3],"categories":[],"categories_nodes":[],"categories_segments":[],"categories_sizes":[],"default_left":[0,0,0,0,0,0,0,0,0,0,0,0,0],"id":66,"left_children":[1,3,5,-1,-1,7,9,11,-1,-1,-1,-1,-1],"loss_changes":[1.724942E1,6.4092636E-1,1.8980602E0,0E0,0E0,2.0683506E-1,1.05843544E-1,1.0983467E-2,0E0,0E0,0E0,0E0,0E0],"parents":[2147483647,0,0,1,1,2,2,5,5,6,6,7,7],"right_children":[2,4,6,-1,-1,8,10,12,-1,-1,-1,-1,-1],"split_conditions":[3.0138972E-1,2.0097321E-1,6.017341E-1,-2.9592934E-1,-7.0000075E-2,5.024596E-1,9.026515E-1,4.011937E-1,1.1495972E-2,3.241984E-2,9.54895E-2,-3.9712526E-2,-9.453583E-3],"split_indices":[0,0,0,0,0,0,0,0,0,0,0,0,0],"split_type":[0,0,0,0,0,0,0,0,0,0,0,0,0],"sum_hessian":[9E0,2E0,7E0,1E0,1E0,3E0,4E0,2E0,1E0,2E0,2E0,1E0,1E0],"tree_param":{"num_deleted":"0","num_feature":"2","num_nodes":"13","size_leaf_vector":"1"}},{"base_weights":[-4.086914E-1,-2.3175533E0,3.582182E-1,-2.811329E-1,-6.650009E-2,-3.1138358E-1,6.3331604E-1,-3.7726976E-2,-8.98056E-3,2.8154755E-2,8.912354E-2],"categories":[],"categories_nodes":[],"categories_segments":[],"categories_sizes":[],"default_left":[0,0,0,0,0,0,0,0,0,0,0],"id":67,"left_children":[1,3,5,-1,-1,7,9,-1,-1,-1,-1],"loss_changes":[1.5469433E1,5.784359E-1,1.6708524E0,0E0,0E0,9.9158585E-3,2.93442E-1,0E0,0E0,0E0,0E0],"parents":[2147483647,0,0,1,1,2,2,5,5,6,6],"right_children":[2,4,6,-1,-1,8,10,-1,-1,-1,-1],"split_conditions":[3.0138972E-1,2.0097321E-1,5.024596E-1,-2.811329E-1,-6.650009E-2,4.011937E-1,9.026515E-1,-3.7726976E-2,-8.98056E-3,2.8154755E-2,8.912354E-2],"split_indices":[0,0,0,0,0,0,0,0,0,0,0],"split_type":[0,0,0,0,0,0,0,0,0,0,0],"sum_hessian":[9E0,2E0,7E0,1E0,1E0,2E0,5E0,1E0,1E0,3E0,2E0],"tree_param":{"num_deleted":"0","num_feature":"2","num_nodes":"11","size_leaf_vector":"1"}},{"base_weights":[-3.9552918E-1,-2.2016754E0,3.312168E-1,-2.670761E-1,-6.31752E-2,-1.7429733E-1,6.693848E-1,-2.9581198E-1,9.5123295E-3,2.8381348E-2,8.318278E-2,-3.584061E-2,-8.5311895E-3],"categories":[],"categories_nodes":[],"categories_segments":[],"categories_sizes":[],"default_left":[0,0,0,0,0,0,0,0,0,0,0,0,0],"id":68,"left_children":[1,3,5,-1,-1,7,9,11,-1,-1,-1,-1,-1],"loss_changes":[1.3855329E1,5.22027E-1,1.4842613E0,0E0,0E0,1.5909283E-1,7.708311E-2,8.951873E-3,0E0,0E0,0E0,0E0,0E0],"parents":[2147483647,0,0,1,1,2,2,5,5,6,6,7,7],"right_children":[2,4,6,-1,-1,8,10,12,-1,-1,-1,-1,-1],"split_conditions":[3.0138972E-1,2.0097321E-1,6.017341E-1,-2.670761E-1,-6.31752E-2,5.024596E-1,9.026515E-1,4.011937E-1,9.5123295E-3,2.8381348E-2,8.318278E-2,-3.584061E-2,-8.5311895E-3],"split_indices":[0,0,0,0,0,0,0,0,0,0,0,0,0],"split_type":[0,0,0,0,0,0,0,0,0,0,0,0,0],"sum_hessian":[9E0,2E0,7E0,1E0,1E0,3E0,4E0,2E0,1E0,2E0,2E0,1E0,1E0],"tree_param":{"num_deleted":"0","num_feature":"2","num_nodes":"13","size_leaf_vector":"1"}},{"base_weights":[-3.8133392E-1,-2.0915935E0,3.0768013E-1,-2.537224E-1,-6.0016632E-2,-1.6558456E-1,6.2475586E-1,-2.8102112E-1,9.036255E-3,2.6489258E-2,7.763672E-2,-3.4048464E-2,-8.104706E-3],"categories":[],"categories_nodes":[],"categories_segments":[],"categories_sizes":[],"default_left":[0,0,0,0,0,0,0,0,0,0,0,0,0],"id":69,"left_children":[1,3,5,-1,-1,7,9,11,-1,-1,-1,-1,-1],"loss_changes":[1.242747E1,4.7111893E-1,1.3039359E0,0E0,0E0,1.4357641E-1,6.7142844E-2,8.078188E-3,0E0,0E0,0E0,0E0,0E0],"parents":[2147483647,0,0,1,1,2,2,5,5,6,6,7,7],"right_children":[2,4,6,-1,-1,8,10,12,-1,-1,-1,-1,-1],"split_conditions":[3.0138972E-1,2.0097321E-1,6.017341E-1,-2.537224E-1,-6.0016632E-2,5.024596E-1,9.026515E-1,4.011937E-1,9.036255E-3,2.6489258E-2,7.763672E-2,-3.4048464E-2,-8.104706E-3],"split_indices":[0,0,0,0,0,0,0,0,0,0,0,0,0],"split_type":[0,0,0,0,0,0,0,0,0,0,0,0,0],"sum_hessian":[9E0,2E0,7E0,1E0,1E0,3E0,4E0,2E0,1E0,2E0,2E0,1E0,1E0],"tree_param":{"num_deleted":"0","num_feature":"2","num_nodes":"13","size_leaf_vector":"1"}},{"base_weights":[-3.674736E-1,-1.9870148E0,2.8578854E-1,-2.4103622E-1,-5.7015993E-2,-2.669703E-1,5.1453656E-1,-3.234596E-2,-7.699585E-3,2.2834778E-2,7.246094E-2],"categories":[],"categories_nodes":[],"categories_segments":[],"categories_sizes":[],"default_left":[0,0,0,0,0,0,0,0,0,0,0],"id":70,"left_children":[1,3,5,-1,-1,7,9,-1,-1,-1,-1],"loss_changes":[1.1147716E1,4.251728E-1,1.148906E0,0E0,0E0,7.289529E-3,1.9525993E-1,0E0,0E0,0E0,0E0],"parents":[2147483647,0,0,1,1,2,2,5,5,6,6],"right_children":[2,4,6,-1,-1,8,10,-1,-1,-1,-1],"split_conditions":[3.0138972E-1,2.0097321E-1,5.024596E-1,-2.4103622E-1,-5.7015993E-2,4.011937E-1,9.026515E-1,-3.234596E-2,-7.699585E-3,2.2834778E-2,7.246094E-2],"split_indices":[0,0,0,0,0,0,0,0,0,0,0],"split_type":[0,0,0,0,0,0,0,0,0,0,0],"sum_hessian":[9E0,2E0,7E0,1E0,1E0,2E0,5E0,1E0,1E0,3E0,2E0],"tree_param":{"num_deleted":"0","num_feature":"2","num_nodes":"11","size_leaf_vector":"1"}},{"base_weights":[-3.5500106E-1,-1.8876648E0,2.6412296E-1,-2.2898446E-1,-5.416527E-2,-1.5299797E-1,5.449951E-1,-2.5361887E-1,7.4432376E-3,1.3911438E-2,6.116867E-2,-3.0728532E-2,-7.3143006E-3],"categories":[],"categories_nodes":[],"categories_segments":[],"categories_sizes":[],"default_left":[0,0,0,0,0,0,0,0,0,0,0,0,0],"id":71,"left_children":[1,3,5,-1,-1,7,9,11,-1,-1,-1,-1,-1],"loss_changes":[9.987664E0,3.8371563E-1,1.0206444E0,0E0,0E0,1.1041443E-1,5.0249696E-2,6.5807253E-3,0E0,0E0,0E0,0E0,0E0],"parents":[2147483647,0,0,1,1,2,2,5,5,6,6,7,7],"right_children":[2,4,6,-1,-1,8,10,12,-1,-1,-1,-1,-1],"split_conditions":[3.0138972E-1,2.0097321E-1,6.017341E-1,-2.2898446E-1,-5.416527E-2,5.024596E-1,7.0394593E-1,4.011937E-1,7.4432376E-3,1.3911438E-2,6.116867E-2,-3.0728532E-2,-7.3143006E-3],"split_indices":[0,0,0,0,0,0,0,0,0,0,0,0,0],"split_type":[0,0,0,0,0,0,0,0,0,0,0,0,0],"sum_hessian":[9E0,2E0,7E0,1E0,1E0,3E0,4E0,2E0,1E0,1E0,3E0,1E0,1E0],"tree_param":{"num_deleted":"0","num_feature":"2","num_nodes":"13","size_leaf_vector":"1"}},{"base_weights":[-3.433651E-1,-1.7932802E0,2.4327374E-1,-2.1753521E-1,-5.1456835E-2,-1.453495E-1,5.055176E-1,-2.4093883E-1,7.0709228E-3,2.6856994E-2,7.266541E-2,-2.919197E-2,-6.9488524E-3],"categories":[],"categories_nodes":[],"categories_segments":[],"categories_sizes":[],"default_left":[0,0,0,0,0,0,0,0,0,0,0,0,0],"id":72,"left_children":[1,3,5,-1,-1,7,9,11,-1,-1,-1,-1,-1],"loss_changes":[8.942024E0,3.4631157E-1,8.887892E-1,0E0,0E0,9.9648215E-2,6.683135E-2,5.93701E-3,0E0,0E0,0E0,0E0,0E0],"parents":[2147483647,0,0,1,1,2,2,5,5,6,6,7,7],"right_children":[2,4,6,-1,-1,8,10,12,-1,-1,-1,-1,-1],"split_conditions":[3.0138972E-1,2.0097321E-1,6.017341E-1,-2.1753521E-1,-5.1456835E-2,5.024596E-1,1E0,4.011937E-1,7.0709228E-3,2.6856994E-2,7.266541E-2,-2.919197E-2,-6.9488524E-3],"split_indices":[0,0,0,0,0,0,0,0,0,0,0,0,0],"split_type":[0,0,0,0,0,0,0,0,0,0,0,0,0],"sum_hessian":[9E0,2E0,7E0,1E0,1E0,3E0,4E0,2E0,1E0,3E0,1E0,1E0,1E0],"tree_param":{"num_deleted":"0","num_feature":"2","num_nodes":"13","size_leaf_vector":"1"}},{"base_weights":[-3.28883E-1,-1.7036146E0,2.2775173E-1,-2.0665836E-1,-4.888382E-2,-2.2889455E-1,4.1811624E-1,-2.7732467E-2,-6.601715E-3,1.7539978E-2,6.0236614E-2],"categories":[],"categories_nodes":[],"categories_segments":[],"categories_sizes":[],"default_left":[0,0,0,0,0,0,0,0,0,0,0],"id":73,"left_children":[1,3,5,-1,-1,7,9,-1,-1,-1,-1],"loss_changes":[8.040235E0,3.1255245E-1,7.911385E-1,0E0,0E0,5.3563267E-3,1.6266799E-1,0E0,0E0,0E0,0E0],"parents":[2147483647,0,0,1,1,2,2,5,5,6,6],"right_children":[2,4,6,-1,-1,8,10,-1,-1,-1,-1],"split_conditions":[3.0138972E-1,2.0097321E-1,5.024596E-1,-2.0665836E-1,-4.888382E-2,4.011937E-1,9.026515E-1,-2.7732467E-2,-6.601715E-3,1.7539978E-2,6.0236614E-2],"split_indices":[0,0,0,0,0,0,0,0,0,0,0],"split_type":[0,0,0,0,0,0,0,0,0,0,0],"sum_hessian":[9E0,2E0,7E0,1E0,1E0,2E0,5E0,1E0,1E0,3E0,2E0],"tree_param":{"num_deleted":"0","num_feature":"2","num_nodes":"11","size_leaf_vector":"1"}},{"base_weights":[-3.1720772E-1,-1.6184349E0,2.1040344E-1,-1.963255E-1,-4.6439745E-2,-1.3388824E-1,4.437561E-1,-2.1744792E-1,5.8395388E-3,2.2459412E-2,6.6020206E-2,-2.6345825E-2,-6.2713623E-3],"categories":[],"categories_nodes":[],"categories_segments":[],"categories_sizes":[],"default_left":[0,0,0,0,0,0,0,0,0,0,0,0,0],"id":74,"left_children":[1,3,5,-1,-1,7,9,11,-1,-1,-1,-1,-1],"loss_changes":[7.205944E0,2.820754E-1,7.0214474E-1,0E0,0E0,7.696658E-2,8.890611E-2,4.83571E-3,0E0,0E0,0E0,0E0,0E0],"parents":[2147483647,0,0,1,1,2,2,5,5,6,6,7,7],"right_children":[2,4,6,-1,-1,8,10,12,-1,-1,-1,-1,-1],"split_conditions":[3.0138972E-1,2.0097321E-1,6.017341E-1,-1.963255E-1,-4.6439745E-2,5.024596E-1,1E0,4.011937E-1,5.8395388E-3,2.2459412E-2,6.6020206E-2,-2.6345825E-2,-6.2713623E-3],"split_indices":[0,0,0,0,0,0,0,0,0,0,0,0,0],"split_type":[0,0,0,0,0,0,0,0,0,0,0,0,0],"sum_hessian":[9E0,2E0,7E0,1E0,1E0,3E0,4E0,2E0,1E0,3E0,1E0,1E0,1E0],"tree_param":{"num_deleted":"0","num_feature":"2","num_nodes":"13","size_leaf_vector":"1"}},{"base_weights":[-3.0359155E-1,-1.5375124E0,1.9707775E-1,-1.8650913E-1,-4.4117738E-2,-1.2719154E-1,4.1707763E-1,-2.0657603E-1,5.548096E-3,2.0774841E-2,6.2719725E-2,-2.502861E-2,-5.9577944E-3],"categories":[],"categories_nodes":[],"categories_segments":[],"categories_sizes":[],"default_left":[0,0,0,0,0,0,0,0,0,0,0,0,0],"id":75,"left_children":[1,3,5,-1,-1,7,9,11,-1,-1,-1,-1,-1],"loss_changes":[6.4808726E0,2.5457287E-1,6.237624E-1,0E0,0E0,6.946648E-2,8.96216E-2,4.3643564E-3,0E0,0E0,0E0,0E0,0E0],"parents":[2147483647,0,0,1,1,2,2,5,5,6,6,7,7],"right_children":[2,4,6,-1,-1,8,10,12,-1,-1,-1,-1,-1],"split_conditions":[3.0138972E-1,2.0097321E-1,6.017341E-1,-1.8650913E-1,-4.4117738E-2,5.024596E-1,1E0,4.011937E-1,5.548096E-3,2.0774841E-2,6.2719725E-2,-2.502861E-2,-5.9577944E-3],"split_indices":[0,0,0,0,0,0,0,0,0,0,0,0,0],"split_type":[0,0,0,0,0,0,0,0,0,0,0,0,0],"sum_hessian":[9E0,2E0,7E0,1E0,1E0,3E0,4E0,2E0,1E0,3E0,1E0,1E0,1E0],"tree_param":{"num_deleted":"0","num_feature":"2","num_nodes":"13","size_leaf_vector":"1"}},{"base_weights":[-2.9049188E-1,-1.4606361E0,1.8462372E-1,-1.7718373E-1,-4.19117E-2,-1.2083435E-1,3.9206544E-1,-1.9624837E-1,5.2703856E-3,1.9216156E-2,5.9584048E-2,-2.3777008E-2,-5.660248E-3],"categories":[],"categories_nodes":[],"categories_segments":[],"categories_sizes":[],"default_left":[0,0,0,0,0,0,0,0,0,0,0,0,0],"id":76,"left_children":[1,3,5,-1,-1,7,9,11,-1,-1,-1,-1,-1],"loss_changes":[5.829206E0,2.2975826E-1,5.542929E-1,0E0,0E0,6.26919E-2,8.9179456E-2,3.9366335E-3,0E0,0E0,0E0,0E0,0E0],"parents":[2147483647,0,0,1,1,2,2,5,5,6,6,7,7],"right_children":[2,4,6,-1,-1,8,10,12,-1,-1,-1,-1,-1],"split_conditions":[3.0138972E-1,2.0097321E-1,6.017341E-1,-1.7718373E-1,-4.19117E-2,5.024596E-1,1E0,4.011937E-1,5.2703856E-3,1.9216156E-2,5.9584048E-2,-2.3777008E-2,-5.660248E-3],"split_indices":[0,0,0,0,0,0,0,0,0,0,0,0,0],"split_type":[0,0,0,0,0,0,0,0,0,0,0,0,0],"sum_hessian":[9E0,2E0,7E0,1E0,1E0,3E0,4E0,2E0,1E0,3E0,1E0,1E0,1E0],"tree_param":{"num_deleted":"0","num_feature":"2","num_nodes":"13","size_leaf_vector":"1"}},{"base_weights":[-2.7789193E-1,-1.3876051E0,1.7298698E-1,-1.6832447E-1,-3.9816286E-2,-1.8643697E-1,3.238678E-1,-2.2588348E-2,-5.377197E-3,1.6221924E-2,5.660553E-2],"categories":[],"categories_nodes":[],"categories_segments":[],"categories_sizes":[],"default_left":[0,0,0,0,0,0,0,0,0,0,0],"id":77,"left_children":[1,3,5,-1,-1,7,9,-1,-1,-1,-1],"loss_changes":[5.2434998E0,2.0734978E-1,4.942224E-1,0E0,0E0,3.553316E-3,1.4307046E-1,0E0,0E0,0E0,0E0],"parents":[2147483647,0,0,1,1,2,2,5,5,6,6],"right_children":[2,4,6,-1,-1,8,10,-1,-1,-1,-1],"split_conditions":[3.0138972E-1,2.0097321E-1,5.024596E-1,-1.6832447E-1,-3.9816286E-2,4.011937E-1,1E0,-2.2588348E-2,-5.377197E-3,1.6221924E-2,5.660553E-2],"split_indices":[0,0,0,0,0,0,0,0,0,0,0],"split_type":[0,0,0,0,0,0,0,0,0,0,0],"sum_hessian":[9E0,2E0,7E0,1E0,1E0,2E0,5E0,1E0,1E0,4E0,1E0],"tree_param":{"num_deleted":"0","num_feature":"2","num_nodes":"11","size_leaf_vector":"1"}},{"base_weights":[-2.6643676E-1,-1.3182245E0,1.6128826E-1,-1.599083E-1,-3.7825394E-2,-6.1250307E-2,3.991394E-1,-1.771164E-1,7.5032557E-3,1.7368572E-2,5.3775024E-2,-2.1458818E-2,-5.108643E-3],"categories":[],"categories_nodes":[],"categories_segments":[],"categories_sizes":[],"default_left":[0,0,0,0,0,0,0,0,0,0,0,0,0],"id":78,"left_children":[1,3,5,-1,-1,7,9,11,-1,-1,-1,-1,-1],"loss_changes":[4.711374E0,1.8713617E-1,4.4789582E-1,0E0,0E0,9.22423E-2,3.1601787E-2,3.2051653E-3,0E0,0E0,0E0,0E0,0E0],"parents":[2147483647,0,0,1,1,2,2,5,5,6,6,7,7],"right_children":[2,4,6,-1,-1,8,10,12,-1,-1,-1,-1,-1],"split_conditions":[3.0138972E-1,2.0097321E-1,7.0394593E-1,-1.599083E-1,-3.7825394E-2,5.024596E-1,1E0,4.011937E-1,7.5032557E-3,1.7368572E-2,5.3775024E-2,-2.1458818E-2,-5.108643E-3],"split_indices":[0,0,0,0,0,0,0,0,0,0,0,0,0],"split_type":[0,0,0,0,0,0,0,0,0,0,0,0,0],"sum_hessian":[9E0,2E0,7E0,1E0,1E0,4E0,3E0,2E0,2E0,2E0,1E0,1E0,1E0],"tree_param":{"num_deleted":"0","num_feature":"2","num_nodes":"13","size_leaf_vector":"1"}},{"base_weights":[-2.5435752E-1,-1.252313E0,1.5167046E-1,-1.5191288E-1,-3.593407E-2,-5.89386E-2,3.7701416E-1,-1.6825867E-1,7.002767E-3,1.6210938E-2,5.1086426E-2,-2.0385742E-2,-4.853058E-3],"categories":[],"categories_nodes":[],"categories_segments":[],"categories_sizes":[],"default_left":[0,0,0,0,0,0,0,0,0,0,0,0,0],"id":79,"left_children":[1,3,5,-1,-1,7,9,11,-1,-1,-1,-1,-1],"loss_changes":[4.241917E0,1.6889334E-1,4.0189606E-1,0E0,0E0,8.227576E-2,3.2244205E-2,2.893202E-3,0E0,0E0,0E0,0E0,0E0],"parents":[2147483647,0,0,1,1,2,2,5,5,6,6,7,7],"right_children":[2,4,6,-1,-1,8,10,12,-1,-1,-1,-1,-1],"split_conditions":[3.0138972E-1,2.0097321E-1,7.0394593E-1,-1.5191288E-1,-3.593407E-2,5.024596E-1,1E0,4.011937E-1,7.002767E-3,1.6210938E-2,5.1086426E-2,-2.0385742E-2,-4.853058E-3],"split_indices":[0,0,0,0,0,0,0,0,0,0,0,0,0],"split_type":[0,0,0,0,0,0,0,0,0,0,0,0,0],"sum_hessian":[9E0,2E0,7E0,1E0,1E0,4E0,3E0,2E0,2E0,2E0,1E0,1E0,1E0],"tree_param":{"num_deleted":"0","num_feature":"2","num_nodes":"13","size_leaf_vector":"1"}},{"base_weights":[-2.4279633E-1,-1.1896973E0,1.4264107E-1,-1.4431725E-1,-3.4137346E-2,-5.66864E-2,3.5614014E-1,-1.59846E-1,6.536865E-3,1.5130616E-2,4.8532106E-2,-1.9366456E-2,-4.610443E-3],"categories":[],"categories_nodes":[],"categories_segments":[],"categories_sizes":[],"default_left":[0,0,0,0,0,0,0,0,0,0,0,0,0],"id":80,"left_children":[1,3,5,-1,-1,7,9,11,-1,-1,-1,-1,-1],"loss_changes":[3.8194103E0,1.5242624E-1,3.606381E-1,0E0,0E0,7.3404655E-2,3.2410502E-2,2.6109293E-3,0E0,0E0,0E0,0E0,0E0],"parents":[2147483647,0,0,1,1,2,2,5,5,6,6,7,7],"right_children":[2,4,6,-1,-1,8,10,12,-1,-1,-1,-1,-1],"split_conditions":[3.0138972E-1,2.0097321E-1,7.0394593E-1,-1.4431725E-1,-3.4137346E-2,5.024596E-1,1E0,4.011937E-1,6.536865E-3,1.5130616E-2,4.8532106E-2,-1.9366456E-2,-4.610443E-3],"split_indices":[0,0,0,0,0,0,0,0,0,0,0,0,0],"split_type":[0,0,0,0,0,0,0,0,0,0,0,0,0],"sum_hessian":[9E0,2E0,7E0,1E0,1E0,4E0,3E0,2E0,2E0,2E0,1E0,1E0,1E0],"tree_param":{"num_deleted":"0","num_feature":"2","num_nodes":"13","size_leaf_vector":"1"}},{"base_weights":[-2.317398E-1,-1.1302134E0,1.3415527E-1,-1.3710137E-1,-3.243065E-2,-9.817505E-2,2.9318848E-1,-1.5185547E-1,3.1433105E-3,1.3595581E-2,4.610596E-2,-1.8398285E-2,-4.3800357E-3],"categories":[],"categories_nodes":[],"categories_segments":[],"categories_sizes":[],"default_left":[0,0,0,0,0,0,0,0,0,0,0,0,0],"id":81,"left_children":[1,3,5,-1,-1,7,9,11,-1,-1,-1,-1,-1],"loss_changes":[3.4390953E0,1.375587E-1,3.2436967E-1,0E0,0E0,3.260297E-2,6.929037E-2,2.3560748E-3,0E0,0E0,0E0,0E0,0E0],"parents":[2147483647,0,0,1,1,2,2,5,5,6,6,7,7],"right_children":[2,4,6,-1,-1,8,10,12,-1,-1,-1,-1,-1],"split_conditions":[3.0138972E-1,2.0097321E-1,6.017341E-1,-1.3710137E-1,-3.243065E-2,5.024596E-1,1E0,4.011937E-1,3.1433105E-3,1.3595581E-2,4.610596E-2,-1.8398285E-2,-4.3800357E-3],"split_indices":[0,0,0,0,0,0,0,0,0,0,0,0,0],"split_type":[0,0,0,0,0,0,0,0,0,0,0,0,0],"sum_hessian":[9E0,2E0,7E0,1E0,1E0,3E0,4E0,2E0,1E0,3E0,1E0,1E0,1E0],"tree_param":{"num_deleted":"0","num_feature":"2","num_nodes":"13","size_leaf_vector":"1"}},{"base_weights":[-2.2151108E-1,-1.0737025E0,1.2574959E-1,-1.3024636E-1,-3.080902E-2,-5.329895E-2,3.1812286E-1,-1.4426167E-1,5.54301E-3,1.3216145E-2,4.3800354E-2,-1.7478181E-2,-4.161072E-3],"categories":[],"categories_nodes":[],"categories_segments":[],"categories_sizes":[],"default_left":[0,0,0,0,0,0,0,0,0,0,0,0,0],"id":82,"left_children":[1,3,5,-1,-1,7,9,11,-1,-1,-1,-1,-1],"loss_changes":[3.0943432E0,1.24150515E-1,2.9250887E-1,0E0,0E0,5.7447895E-2,3.1285524E-2,2.1259598E-3,0E0,0E0,0E0,0E0,0E0],"parents":[2147483647,0,0,1,1,2,2,5,5,6,6,7,7],"right_children":[2,4,6,-1,-1,8,10,12,-1,-1,-1,-1,-1],"split_conditions":[3.0138972E-1,2.0097321E-1,7.0394593E-1,-1.3024636E-1,-3.080902E-2,5.024596E-1,1E0,4.011937E-1,5.54301E-3,1.3216145E-2,4.3800354E-2,-1.7478181E-2,-4.161072E-3],"split_indices":[0,0,0,0,0,0,0,0,0,0,0,0,0],"split_type":[0,0,0,0,0,0,0,0,0,0,0,0,0],"sum_hessian":[9E0,2E0,7E0,1E0,1E0,4E0,3E0,2E0,2E0,2E0,1E0,1E0,1E0],"tree_param":{"num_deleted":"0","num_feature":"2","num_nodes":"13","size_leaf_vector":"1"}},{"base_weights":[-2.1137428E-1,-1.0200182E0,1.18288994E-1,-1.23734094E-1,-2.9268647E-2,-5.119171E-2,3.0056763E-1,-1.3704681E-1,5.1727295E-3,1.2335205E-2,4.1610718E-2,-1.6604234E-2,-3.9527896E-3],"categories":[],"categories_nodes":[],"categories_segments":[],"categories_sizes":[],"default_left":[0,0,0,0,0,0,0,0,0,0,0,0,0],"id":83,"left_children":[1,3,5,-1,-1,7,9,11,-1,-1,-1,-1,-1],"loss_changes":[2.7864592E0,1.1204386E-1,2.6252824E-1,0E0,0E0,5.1269673E-2,3.0573964E-2,1.9195266E-3,0E0,0E0,0E0,0E0,0E0],"parents":[2147483647,0,0,1,1,2,2,5,5,6,6,7,7],"right_children":[2,4,6,-1,-1,8,10,12,-1,-1,-1,-1,-1],"split_conditions":[3.0138972E-1,2.0097321E-1,7.0394593E-1,-1.23734094E-1,-2.9268647E-2,5.024596E-1,1E0,4.011937E-1,5.1727295E-3,1.2335205E-2,4.1610718E-2,-1.6604234E-2,-3.9527896E-3],"split_indices":[0,0,0,0,0,0,0,0,0,0,0,0,0],"split_type":[0,0,0,0,0,0,0,0,0,0,0,0,0],"sum_hessian":[9E0,2E0,7E0,1E0,1E0,4E0,3E0,2E0,2E0,2E0,1E0,1E0,1E0],"tree_param":{"num_deleted":"0","num_feature":"2","num_nodes":"13","size_leaf_vector":"1"}},{"base_weights":[-2.016819E-1,-9.690183E-1,1.1127949E-1,-1.17547415E-1,-2.7805328E-2,-4.9150087E-2,2.8399658E-1,-1.3019562E-1,4.8278808E-3,1.1513266E-2,3.952942E-2,-1.5774155E-2,-3.755188E-3],"categories":[],"categories_nodes":[],"categories_segments":[],"categories_sizes":[],"default_left":[0,0,0,0,0,0,0,0,0,0,0,0,0],"id":84,"left_children":[1,3,5,-1,-1,7,9,11,-1,-1,-1,-1,-1],"loss_changes":[2.5092983E0,1.01117134E-1,2.3562986E-1,0E0,0E0,4.5766573E-2,2.966535E-2,1.7323792E-3,0E0,0E0,0E0,0E0,0E0],"parents":[2147483647,0,0,1,1,2,2,5,5,6,6,7,7],"right_children":[2,4,6,-1,-1,8,10,12,-1,-1,-1,-1,-1],"split_conditions":[3.0138972E-1,2.0097321E-1,7.0394593E-1,-1.17547415E-1,-2.7805328E-2,5.024596E-1,1E0,4.011937E-1,4.8278808E-3,1.1513266E-2,3.952942E-2,-1.5774155E-2,-3.755188E-3],"split_indices":[0,0,0,0,0,0,0,0,0,0,0,0,0],"split_type":[0,0,0,0,0,0,0,0,0,0,0,0,0],"sum_hessian":[9E0,2E0,7E0,1E0,1E0,4E0,3E0,2E0,2E0,2E0,1E0,1E0,1E0],"tree_param":{"num_deleted":"0","num_feature":"2","num_nodes":"13","size_leaf_vector":"1"}},{"base_weights":[-1.9241142E-1,-9.205691E-1,1.04699135E-1,-1.11670114E-1,-2.6415253E-2,-4.7172546E-2,2.6836395E-1,-1.236852E-1,4.506429E-3,1.0746256E-2,3.7553407E-2,-1.4985275E-2,-3.567505E-3],"categories":[],"categories_nodes":[],"categories_segments":[],"categories_sizes":[],"default_left":[0,0,0,0,0,0,0,0,0,0,0,0,0],"id":85,"left_children":[1,3,5,-1,-1,7,9,11,-1,-1,-1,-1,-1],"loss_changes":[2.2598162E0,9.125352E-2,2.1150783E-1,0E0,0E0,4.086021E-2,2.8619409E-2,1.5630275E-3,0E0,0E0,0E0,0E0,0E0],"parents":[2147483647,0,0,1,1,2,2,5,5,6,6,7,7],"right_children":[2,4,6,-1,-1,8,10,12,-1,-1,-1,-1,-1],"split_conditions":[3.0138972E-1,2.0097321E-1,7.0394593E-1,-1.11670114E-1,-2.6415253E-2,5.024596E-1,1E0,4.011937E-1,4.506429E-3,1.0746256E-2,3.7553407E-2,-1.4985275E-2,-3.567505E-3],"split_indices":[0,0,0,0,0,0,0,0,0,0,0,0,0],"split_type":[0,0,0,0,0,0,0,0,0,0,0,0,0],"sum_hessian":[9E0,2E0,7E0,1E0,1E0,4E0,3E0,2E0,2E0,2E0,1E0,1E0,1E0],"tree_param":{"num_deleted":"0","num_feature":"2","num_nodes":"13","size_leaf_vector":"1"}},{"base_weights":[-1.8355599E-1,-8.74541E-1,9.850788E-2,-1.06086545E-1,-2.5094604E-2,-4.526825E-2,2.5360107E-1,-1.17500305E-1,4.2053224E-3,1.0030111E-2,3.567505E-2,-1.4236069E-2,-3.3889771E-3],"categories":[],"categories_nodes":[],"categories_segments":[],"categories_sizes":[],"default_left":[0,0,0,0,0,0,0,0,0,0,0,0,0],"id":86,"left_children":[1,3,5,-1,-1,7,9,11,-1,-1,-1,-1,-1],"loss_changes":[2.0351684E0,8.235288E-2,1.8986964E-1,0E0,0E0,3.6478315E-2,2.7468741E-2,1.4111958E-3,0E0,0E0,0E0,0E0,0E0],"parents":[2147483647,0,0,1,1,2,2,5,5,6,6,7,7],"right_children":[2,4,6,-1,-1,8,10,12,-1,-1,-1,-1,-1],"split_conditions":[3.0138972E-1,2.0097321E-1,7.0394593E-1,-1.06086545E-1,-2.5094604E-2,5.024596E-1,1E0,4.011937E-1,4.2053224E-3,1.0030111E-2,3.567505E-2,-1.4236069E-2,-3.3889771E-3],"split_indices":[0,0,0,0,0,0,0,0,0,0,0,0,0],"split_type":[0,0,0,0,0,0,0,0,0,0,0,0,0],"sum_hessian":[9E0,2E0,7E0,1E0,1E0,4E0,3E0,2E0,2E0,2E0,1E0,1E0,1E0],"tree_param":{"num_deleted":"0","num_feature":"2","num_nodes":"13","size_leaf_vector":"1"}},{"base_weights":[-1.7509346E-1,-8.3081436E-1,9.268856E-2,-1.0078221E-1,-2.383995E-2,-1.7284393E-2,2.8173828E-1,-1.1162567E-1,5.7792664E-2,8.369446E-3,3.3891298E-2,-1.3524246E-2,-3.2196045E-3,1.7730714E-3,6.5236413E-3],"categories":[],"categories_nodes":[],"categories_segments":[],"categories_sizes":[],"default_left":[0,0,0,0,0,0,0,0,0,0,0,0,0,0,0],"id":87,"left_children":[1,3,5,-1,-1,7,9,11,13,-1,-1,-1,-1,-1,-1],"loss_changes":[1.8329098E0,7.432151E-2,1.7119253E-1,0E0,0E0,4.8948336E-2,5.604133E-3,1.2733452E-3,3.6155805E-5,0E0,0E0,0E0,0E0,0E0,0E0],"parents":[2147483647,0,0,1,1,2,2,5,5,6,6,7,7,8,8],"right_children":[2,4,6,-1,-1,8,10,12,14,-1,-1,-1,-1,-1,-1],"split_conditions":[3.0138972E-1,2.0097321E-1,9.026515E-1,-1.0078221E-1,-2.383995E-2,5.024596E-1,1E0,4.011937E-1,6.017341E-1,8.369446E-3,3.3891298E-2,-1.3524246E-2,-3.2196045E-3,1.7730714E-3,6.5236413E-3],"split_indices":[0,0,0,0,0,0,0,0,0,0,0,0,0,0,0],"split_type":[0,0,0,0,0,0,0,0,0,0,0,0,0,0,0],"sum_hessian":[9E0,2E0,7E0,1E0,1E0,5E0,2E0,2E0,3E0,1E0,1E0,1E0,1E0,1E0,2E0],"tree_param":{"num_deleted":"0","num_feature":"2","num_nodes":"15","size_leaf_vector":"1"}},{"base_weights":[-1.6666642E-1,-7.8927356E-1,8.764458E-2,-9.574318E-2,-2.2647858E-2,-1.696523E-2,2.6764932E-1,-1.06043495E-1,5.408478E-3,7.951356E-3,3.2196045E-2,-1.28479E-2,-3.0586242E-3],"categories":[],"categories_nodes":[],"categories_segments":[],"categories_sizes":[],"default_left":[0,0,0,0,0,0,0,0,0,0,0,0,0],"id":88,"left_children":[1,3,5,-1,-1,7,9,11,-1,-1,-1,-1,-1],"loss_changes":[1.652534E0,6.7077994E-2,1.5518284E-1,0E0,0E0,4.370941E-2,5.053371E-3,1.149077E-3,0E0,0E0,0E0,0E0,0E0],"parents":[2147483647,0,0,1,1,2,2,5,5,6,6,7,7],"right_children":[2,4,6,-1,-1,8,10,12,-1,-1,-1,-1,-1],"split_conditions":[3.0138972E-1,2.0097321E-1,9.026515E-1,-9.574318E-2,-2.2647858E-2,5.024596E-1,1E0,4.011937E-1,5.408478E-3,7.951356E-3,3.2196045E-2,-1.28479E-2,-3.0586242E-3],"split_indices":[0,0,0,0,0,0,0,0,0,0,0,0,0],"split_type":[0,0,0,0,0,0,0,0,0,0,0,0,0],"sum_hessian":[9E0,2E0,7E0,1E0,1E0,5E0,2E0,2E0,3E0,1E0,1E0,1E0,1E0],"tree_param":{"num_deleted":"0","num_feature":"2","num_nodes":"13","size_leaf_vector":"1"}},{"base_weights":[-1.5887451E-1,-7.498118E-1,8.258629E-2,-9.0956114E-2,-2.1515656E-2,-1.7016092E-2,2.542623E-1,-1.00743614E-1,5.003357E-2,7.5531006E-3,3.0586243E-2,-1.2205506E-2,-2.9060363E-3,1.4144898E-3,5.7281493E-3],"categories":[],"categories_nodes":[],"categories_segments":[],"categories_sizes":[],"default_left":[0,0,0,0,0,0,0,0,0,0,0,0,0,0,0],"id":89,"left_children":[1,3,5,-1,-1,7,9,11,13,-1,-1,-1,-1,-1,-1],"loss_changes":[1.4888061E0,6.0534477E-2,1.4112124E-1,0E0,0E0,3.872397E-2,4.5655817E-3,1.0360554E-3,2.3023318E-4,0E0,0E0,0E0,0E0,0E0,0E0],"parents":[2147483647,0,0,1,1,2,2,5,5,6,6,7,7,8,8],"right_children":[2,4,6,-1,-1,8,10,12,14,-1,-1,-1,-1,-1,-1],"split_conditions":[3.0138972E-1,2.0097321E-1,9.026515E-1,-9.0956114E-2,-2.1515656E-2,5.024596E-1,1E0,4.011937E-1,6.017341E-1,7.5531006E-3,3.0586243E-2,-1.2205506E-2,-2.9060363E-3,1.4144898E-3,5.7281493E-3],"split_indices":[0,0,0,0,0,0,0,0,0,0,0,0,0,0,0],"split_type":[0,0,0,0,0,0,0,0,0,0,0,0,0,0,0],"sum_hessian":[9E0,2E0,7E0,1E0,1E0,5E0,2E0,2E0,3E0,1E0,1E0,1E0,1E0,1E0,2E0],"tree_param":{"num_deleted":"0","num_feature":"2","num_nodes":"15","size_leaf_vector":"1"}},{"base_weights":[-1.5121917E-1,-7.12321E-1,7.809639E-2,-8.6408235E-2,-2.0439912E-2,-1.6644796E-2,2.4154663E-1,-9.5708214E-2,4.6813965E-2,7.174683E-3,2.9057313E-2,-1.1595154E-2,-2.7610778E-3,1.3442993E-3,5.3456626E-3],"categories":[],"categories_nodes":[],"categories_segments":[],"categories_sizes":[],"default_left":[0,0,0,0,0,0,0,0,0,0,0,0,0,0,0],"id":90,"left_children":[1,3,5,-1,-1,7,9,11,13,-1,-1,-1,-1,-1,-1],"loss_changes":[1.3423234E0,5.4631114E-2,1.2790427E-1,0E0,0E0,3.458408E-2,4.126355E-3,9.340439E-4,1.680702E-4,0E0,0E0,0E0,0E0,0E0,0E0],"parents":[2147483647,0,0,1,1,2,2,5,5,6,6,7,7,8,8],"right_children":[2,4,6,-1,-1,8,10,12,14,-1,-1,-1,-1,-1,-1],"split_conditions":[3.0138972E-1,2.0097321E-1,9.026515E-1,-8.6408235E-2,-2.0439912E-2,5.024596E-1,1E0,4.011937E-1,6.017341E-1,7.174683E-3,2.9057313E-2,-1.1595154E-2,-2.7610778E-3,1.3442993E-3,5.3456626E-3],"split_indices":[0,0,0,0,0,0,0,0,0,0,0,0,0,0,0],"split_type":[0,0,0,0,0,0,0,0,0,0,0,0,0,0,0],"sum_hessian":[9E0,2E0,7E0,1E0,1E0,5E0,2E0,2E0,3E0,1E0,1E0,1E0,1E0,1E0,2E0],"tree_param":{"num_deleted":"0","num_feature":"2","num_nodes":"15","size_leaf_vector":"1"}},{"base_weights":[-1.4392357E-1,-6.7670566E-1,7.386017E-2,-8.20879E-2,-1.9417955E-2,-1.6255697E-2,2.2947185E-1,-9.0922035E-2,4.3807983E-2,6.8161013E-3,2.7604675E-2,-1.101532E-2,-2.622986E-3,1.2771607E-3,4.989624E-3],"categories":[],"categories_nodes":[],"categories_segments":[],"categories_sizes":[],"default_left":[0,0,0,0,0,0,0,0,0,0,0,0,0,0,0],"id":91,"left_children":[1,3,5,-1,-1,7,9,11,13,-1,-1,-1,-1,-1,-1],"loss_changes":[1.2102944E0,4.9304366E-2,1.1591487E-1,0E0,0E0,3.089152E-2,3.7234873E-3,8.4301457E-4,1.1857413E-4,0E0,0E0,0E0,0E0,0E0,0E0],"parents":[2147483647,0,0,1,1,2,2,5,5,6,6,7,7,8,8],"right_children":[2,4,6,-1,-1,8,10,12,14,-1,-1,-1,-1,-1,-1],"split_conditions":[3.0138972E-1,2.0097321E-1,9.026515E-1,-8.20879E-2,-1.9417955E-2,5.024596E-1,1E0,4.011937E-1,6.017341E-1,6.8161013E-3,2.7604675E-2,-1.101532E-2,-2.622986E-3,1.2771607E-3,4.989624E-3],"split_indices":[0,0,0,0,0,0,0,0,0,0,0,0,0,0,0],"split_type":[0,0,0,0,0,0,0,0,0,0,0,0,0,0,0],"sum_hessian":[9E0,2E0,7E0,1E0,1E0,5E0,2E0,2E0,3E0,1E0,1E0,1E0,1E0,1E0,2E0],"tree_param":{"num_deleted":"0","num_feature":"2","num_nodes":"15","size_leaf_vector":"1"}},{"base_weights":[-1.3697739E-1,-6.428706E-1,6.985474E-2,-7.7983476E-2,-1.8447114E-2,-1.5858969E-2,2.1799724E-1,-8.6374916E-2,4.0992737E-2,6.47583E-3,2.6223755E-2,-1.0464477E-2,-2.4917603E-3,1.2130737E-3,4.6569826E-3],"categories":[],"categories_nodes":[],"categories_segments":[],"categories_sizes":[],"default_left":[0,0,0,0,0,0,0,0,0,0,0,0,0,0,0],"id":92,"left_children":[1,3,5,-1,-1,7,9,11,13,-1,-1,-1,-1,-1,-1],"loss_changes":[1.0912572E0,4.449594E-2,1.0503995E-1,0E0,0E0,2.7594456E-2,3.3559501E-3,7.60952E-4,7.8937504E-5,0E0,0E0,0E0,0E0,0E0,0E0],"parents":[2147483647,0,0,1,1,2,2,5,5,6,6,7,7,8,8],"right_children":[2,4,6,-1,-1,8,10,12,14,-1,-1,-1,-1,-1,-1],"split_conditions":[3.0138972E-1,2.0097321E-1,9.026515E-1,-7.7983476E-2,-1.8447114E-2,5.024596E-1,1E0,4.011937E-1,6.017341E-1,6.47583E-3,2.6223755E-2,-1.0464477E-2,-2.4917603E-3,1.2130737E-3,4.6569826E-3],"split_indices":[0,0,0,0,0,0,0,0,0,0,0,0,0,0,0],"split_type":[0,0,0,0,0,0,0,0,0,0,0,0,0,0,0],"sum_hessian":[9E0,2E0,7E0,1E0,1E0,5E0,2E0,2E0,3E0,1E0,1E0,1E0,1E0,1E0,2E0],"tree_param":{"num_deleted":"0","num_feature":"2","num_nodes":"15","size_leaf_vector":"1"}},{"base_weights":[-1.3036308E-1,-6.1072665E-1,6.606865E-2,-7.408428E-2,-1.752472E-2,-1.5459697E-2,2.0710246E-1,-8.205668E-2,3.8352966E-2,6.152344E-3,2.4913026E-2,-9.941101E-3,-2.3674013E-3,1.1520386E-3,4.3457034E-3],"categories":[],"categories_nodes":[],"categories_segments":[],"categories_sizes":[],"default_left":[0,0,0,0,0,0,0,0,0,0,0,0,0,0,0],"id":93,"left_children":[1,3,5,-1,-1,7,9,11,13,-1,-1,-1,-1,-1,-1],"loss_changes":[9.839364E-1,4.0158153E-2,9.518777E-2,0E0,0E0,2.4649683E-2,3.027752E-3,6.861184E-4,4.7179405E-5,0E0,0E0,0E0,0E0,0E0,0E0],"parents":[2147483647,0,0,1,1,2,2,5,5,6,6,7,7,8,8],"right_children":[2,4,6,-1,-1,8,10,12,14,-1,-1,-1,-1,-1,-1],"split_conditions":[3.0138972E-1,2.0097321E-1,9.026515E-1,-7.408428E-2,-1.752472E-2,5.024596E-1,1E0,4.011937E-1,6.017341E-1,6.152344E-3,2.4913026E-2,-9.941101E-3,-2.3674013E-3,1.1520386E-3,4.3457034E-3],"split_indices":[0,0,0,0,0,0,0,0,0,0,0,0,0,0,0],"split_type":[0,0,0,0,0,0,0,0,0,0,0,0,0,0,0],"sum_hessian":[9E0,2E0,7E0,1E0,1E0,5E0,2E0,2E0,3E0,1E0,1E0,1E0,1E0,1E0,2E0],"tree_param":{"num_deleted":"0","num_feature":"2","num_nodes":"15","size_leaf_vector":"1"}},{"base_weights":[-1.24060825E-1,-5.8019E-1,6.249523E-2,-7.0380025E-2,-1.6648484E-2,-1.5046437E-2,1.9674683E-1,-7.795461E-2,3.58963E-2,5.844116E-3,2.3667907E-2,-9.444046E-3,-2.2491456E-3,1.0940552E-3,4.0568034E-3],"categories":[],"categories_nodes":[],"categories_segments":[],"categories_sizes":[],"default_left":[0,0,0,0,0,0,0,0,0,0,0,0,0,0,0],"id":94,"left_children":[1,3,5,-1,-1,7,9,11,13,-1,-1,-1,-1,-1,-1],"loss_changes":[8.871957E-1,3.6242485E-2,8.624108E-2,0E0,0E0,2.202657E-2,2.7367696E-3,6.1896816E-4,2.2510067E-5,0E0,0E0,0E0,0E0,0E0,0E0],"parents":[2147483647,0,0,1,1,2,2,5,5,6,6,7,7,8,8],"right_children":[2,4,6,-1,-1,8,10,12,14,-1,-1,-1,-1,-1,-1],"split_conditions":[3.0138972E-1,2.0097321E-1,9.026515E-1,-7.0380025E-2,-1.6648484E-2,5.024596E-1,1E0,4.011937E-1,6.017341E-1,5.844116E-3,2.3667907E-2,-9.444046E-3,-2.2491456E-3,1.0940552E-3,4.0568034E-3],"split_indices":[0,0,0,0,0,0,0,0,0,0,0,0,0,0,0],"split_type":[0,0,0,0,0,0,0,0,0,0,0,0,0,0,0],"sum_hessian":[9E0,2E0,7E0,1E0,1E0,5E0,2E0,2E0,3E0,1E0,1E0,1E0,1E0,1E0,2E0],"tree_param":{"num_deleted":"0","num_feature":"2","num_nodes":"15","size_leaf_vector":"1"}},{"base_weights":[-1.1806488E-1,-5.5118054E-1,5.9111595E-2,-6.686097E-2,-1.5816117E-2,-1.463445E-2,1.8689983E-1,-7.405853E-2,3.3592224E-2,5.5511477E-3,2.2483826E-2,-8.971787E-3,-2.1369935E-3,1.0391235E-3,3.7862142E-3],"categories":[],"categories_nodes":[],"categories_segments":[],"categories_sizes":[],"default_left":[0,0,0,0,0,0,0,0,0,0,0,0,0,0,0],"id":95,"left_children":[1,3,5,-1,-1,7,9,11,13,-1,-1,-1,-1,-1,-1],"loss_changes":[7.999602E-1,3.270769E-2,7.8126185E-2,0E0,0E0,1.9682745E-2,2.4728999E-3,5.5794045E-4,2.8312206E-6,0E0,0E0,0E0,0E0,0E0,0E0],"parents":[2147483647,0,0,1,1,2,2,5,5,6,6,7,7,8,8],"right_children":[2,4,6,-1,-1,8,10,12,14,-1,-1,-1,-1,-1,-1],"split_conditions":[3.0138972E-1,2.0097321E-1,9.026515E-1,-6.686097E-2,-1.5816117E-2,5.024596E-1,1E0,4.011937E-1,6.017341E-1,5.5511477E-3,2.2483826E-2,-8.971787E-3,-2.1369935E-3,1.0391235E-3,3.7862142E-3],"split_indices":[0,0,0,0,0,0,0,0,0,0,0,0,0,0,0],"split_type":[0,0,0,0,0,0,0,0,0,0,0,0,0,0,0],"sum_hessian":[9E0,2E0,7E0,1E0,1E0,5E0,2E0,2E0,3E0,1E0,1E0,1E0,1E0,1E0,2E0],"tree_param":{"num_deleted":"0","num_feature":"2","num_nodes":"15","size_leaf_vector":"1"}},{"base_weights":[-1.1235161E-1,-5.2362186E-1,5.5918694E-2,-6.351795E-2,-1.502533E-2,-1.4217377E-2,1.7755127E-1,-7.0355736E-2,3.1440735E-3,5.2734376E-3,2.1359254E-2,-8.523178E-3,-2.030182E-3],"categories":[],"categories_nodes":[],"categories_segments":[],"categories_sizes":[],"default_left":[0,0,0,0,0,0,0,0,0,0,0,0,0],"id":96,"left_children":[1,3,5,-1,-1,7,9,11,-1,-1,-1,-1,-1],"loss_changes":[7.21326E-1,2.9518545E-2,7.0770964E-2,0E0,0E0,1.7591065E-2,2.2320077E-3,5.034525E-4,0E0,0E0,0E0,0E0,0E0],"parents":[2147483647,0,0,1,1,2,2,5,5,6,6,7,7],"right_children":[2,4,6,-1,-1,8,10,12,-1,-1,-1,-1,-1],"split_conditions":[3.0138972E-1,2.0097321E-1,9.026515E-1,-6.351795E-2,-1.502533E-2,5.024596E-1,1E0,4.011937E-1,3.1440735E-3,5.2734376E-3,2.1359254E-2,-8.523178E-3,-2.030182E-3],"split_indices":[0,0,0,0,0,0,0,0,0,0,0,0,0],"split_type":[0,0,0,0,0,0,0,0,0,0,0,0,0],"sum_hessian":[9E0,2E0,7E0,1E0,1E0,5E0,2E0,2E0,3E0,1E0,1E0,1E0,1E0],"tree_param":{"num_deleted":"0","num_feature":"2","num_nodes":"13","size_leaf_vector":"1"}},{"base_weights":[-1.0704956E-1,-4.9744162E-1,5.2728653E-2,-6.0342025E-2,-1.4274216E-2,-1.4030457E-2,1.6867065E-1,-6.6838585E-2,2.9083252E-2,5.0094607E-3,2.0291138E-2,-8.097077E-3,-1.928711E-3,8.3007815E-4,3.3243818E-3],"categories":[],"categories_nodes":[],"categories_segments":[],"categories_sizes":[],"default_left":[0,0,0,0,0,0,0,0,0,0,0,0,0,0,0],"id":97,"left_children":[1,3,5,-1,-1,7,9,11,13,-1,-1,-1,-1,-1,-1],"loss_changes":[6.4999086E-1,2.663821E-2,6.428801E-2,0E0,0E0,1.560441E-2,2.0156205E-3,4.5432523E-4,6.991741E-5,0E0,0E0,0E0,0E0,0E0,0E0],"parents":[2147483647,0,0,1,1,2,2,5,5,6,6,7,7,8,8],"right_children":[2,4,6,-1,-1,8,10,12,14,-1,-1,-1,-1,-1,-1],"split_conditions":[3.0138972E-1,2.0097321E-1,9.026515E-1,-6.0342025E-2,-1.4274216E-2,5.024596E-1,1E0,4.011937E-1,6.017341E-1,5.0094607E-3,2.0291138E-2,-8.097077E-3,-1.928711E-3,8.3007815E-4,3.3243818E-3],"split_indices":[0,0,0,0,0,0,0,0,0,0,0,0,0,0,0],"split_type":[0,0,0,0,0,0,0,0,0,0,0,0,0,0,0],"sum_hessian":[9E0,2E0,7E0,1E0,1E0,5E0,2E0,2E0,3E0,1E0,1E0,1E0,1E0,1E0,2E0],"tree_param":{"num_deleted":"0","num_feature":"2","num_nodes":"15","size_leaf_vector":"1"}},{"base_weights":[-1.0186386E-1,-4.725698E-1,4.9883842E-2,-5.7324983E-2,-1.3560486E-2,-1.3607025E-2,1.6023763E-1,-6.349945E-2,2.721405E-2,4.759216E-3,1.9276429E-2,-7.692337E-3,-1.8325805E-3,7.888794E-4,3.1026206E-3],"categories":[],"categories_nodes":[],"categories_segments":[],"categories_sizes":[],"default_left":[0,0,0,0,0,0,0,0,0,0,0,0,0,0,0],"id":98,"left_children":[1,3,5,-1,-1,7,9,11,13,-1,-1,-1,-1,-1,-1],"loss_changes":[5.8611137E-1,2.4041474E-2,5.8232017E-2,0E0,0E0,1.3948051E-2,1.8178672E-3,4.0954072E-4,4.9924012E-5,0E0,0E0,0E0,0E0,0E0,0E0],"parents":[2147483647,0,0,1,1,2,2,5,5,6,6,7,7,8,8],"right_children":[2,4,6,-1,-1,8,10,12,14,-1,-1,-1,-1,-1,-1],"split_conditions":[3.0138972E-1,2.0097321E-1,9.026515E-1,-5.7324983E-2,-1.3560486E-2,5.024596E-1,1E0,4.011937E-1,6.017341E-1,4.759216E-3,1.9276429E-2,-7.692337E-3,-1.8325805E-3,7.888794E-4,3.1026206E-3],"split_indices":[0,0,0,0,0,0,0,0,0,0,0,0,0,0,0],"split_type":[0,0,0,0,0,0,0,0,0,0,0,0,0,0,0],"sum_hessian":[9E0,2E0,7E0,1E0,1E0,5E0,2E0,2E0,3E0,1E0,1E0,1E0,1E0,1E0,2E0],"tree_param":{"num_deleted":"0","num_feature":"2","num_nodes":"15","size_leaf_vector":"1"}},{"base_weights":[-9.693031E-2,-4.489428E-1,4.7190666E-2,-5.445881E-2,-1.28826145E-2,-1.3189952E-2,1.5222168E-1,-6.0325623E-2,2.545929E-2,4.5211795E-3,1.8312072E-2,-7.307816E-3,-1.7410278E-3,7.492066E-4,2.895101E-3],"categories":[],"categories_nodes":[],"categories_segments":[],"categories_sizes":[],"default_left":[0,0,0,0,0,0,0,0,0,0,0,0,0,0,0],"id":99,"left_children":[1,3,5,-1,-1,7,9,11,13,-1,-1,-1,-1,-1,-1],"loss_changes":[5.2850974E-1,2.1695733E-2,5.2742496E-2,0E0,0E0,1.2466394E-2,1.6402975E-3,3.6952738E-4,3.40431E-5,0E0,0E0,0E0,0E0,0E0,0E0],"parents":[2147483647,0,0,1,1,2,2,5,5,6,6,7,7,8,8],"right_children":[2,4,6,-1,-1,8,10,12,14,-1,-1,-1,-1,-1,-1],"split_conditions":[3.0138972E-1,2.0097321E-1,9.026515E-1,-5.445881E-2,-1.28826145E-2,5.024596E-1,1E0,4.011937E-1,6.017341E-1,4.5211795E-3,1.8312072E-2,-7.307816E-3,-1.7410278E-3,7.492066E-4,2.895101E-3],"split_indices":[0,0,0,0,0,0,0,0,0,0,0,0,0,0,0],"split_type":[0,0,0,0,0,0,0,0,0,0,0,0,0,0,0],"sum_hessian":[9E0,2E0,7E0,1E0,1E0,5E0,2E0,2E0,3E0,1E0,1E0,1E0,1E0,1E0,2E0],"tree_param":{"num_deleted":"0","num_feature":"2","num_nodes":"15","size_leaf_vector":"1"}}]},"name":"gbtree"},"learner_model_param":{"base_score":"2.5211111E2","boost_from_average":"1","num_class":"0","num_feature":"2","num_target":"1"},"objective":{"name":"reg:squarederror","reg_loss_param":{"scale_pos_weight":"1"}}},"version":[2,0,1]}