{"model_name": "XgboostFitTrainer_2", "model_class": "xgboost", "model_file": "XgboostFitTrainer_2.json", "features": ["bpf_cpu_time_ms", "bpf_page_cache_hit", "cache_miss", "cgroupfs_cpu_usage_us", "cgroupfs_memory_usage_bytes", "cgroupfs_system_cpu_usage_us", "cgroupfs_user_cpu_usage_us", "cpu_cycles", "cpu_instructions"], "fe_files": [], "output_type": "AbsPower", "mae": 7.22, "mape": 2.09, "package_mae": 7.22, "core_mae": 0.0, "uncore_mae": 0.0, "dram_mae": 0.32, "package_mape": 3.62, "core_mape": -1, "uncore_mape": -1, "dram_mape": 2.09}