{"learner":{"attributes":{"scikit_learn":"{\"_estimator_type\": \"regressor\"}"},"feature_names":[],"feature_types":[],"gradient_booster":{"model":{"gbtree_model_param":{"num_parallel_tree":"1","num_trees":"100"},"iteration_indptr":[0,1,2,3,4,5,6,7,8,9,10,11,12,13,14,15,16,17,18,19,20,21,22,23,24,25,26,27,28,29,30,31,32,33,34,35,36,37,38,39,40,41,42,43,44,45,46,47,48,49,50,51,52,53,54,55,56,57,58,59,60,61,62,63,64,65,66,67,68,69,70,71,72,73,74,75,76,77,78,79,80,81,82,83,84,85,86,87,88,89,90,91,92,93,94,95,96,97,98,99,100],"tree_info":[0,0,0,0,0,0,0,0,0,0,0,0,0,0,0,0,0,0,0,0,0,0,0,0,0,0,0,0,0,0,0,0,0,0,0,0,0,0,0,0,0,0,0,0,0,0,0,0,0,0,0,0,0,0,0,0,0,0,0,0,0,0,0,0,0,0,0,0,0,0,0,0,0,0,0,0,0,0,0,0,0,0,0,0,0,0,0,0,0,0,0,0,0,0,0,0,0,0,0,0],"trees":[{"base_weights":[1.5258789E-6,-8.537037E1,1.0244444E2,-1.0075556E1,-4.2222214E-1,2.027778E0,1.1791667E1],"categories":[],"categories_nodes":[],"categories_segments":[],"categories_sizes":[],"default_left":[0,0,0,0,0,0,0],"id":0,"left_children":[1,3,5,-1,-1,-1,-1],"loss_changes":[9.620292E4,7.0654688E3,3.965414E3,0E0,0E0,0E0,0E0],"parents":[2147483647,0,0,1,1,2,2],"right_children":[2,4,6,-1,-1,-1,-1],"split_conditions":[6.020842E-1,5.0091225E-1,6.997196E-1,-1.0075556E1,-4.2222214E-1,2.027778E0,1.1791667E1],"split_indices":[0,0,0,0,0,0,0],"split_type":[0,0,0,0,0,0,0],"sum_hessian":[9E0,5E0,4E0,4E0,1E0,1E0,3E0],"tree_param":{"num_deleted":"0","num_feature":"2","num_nodes":"7","size_leaf_vector":"1"}},{"base_weights":[3.321701E-1,-7.8582954E1,9.496389E1,-9.269511E0,-4.0111086E-1,1.9263893E0,1.0907291E1],"categories":[],"categories_nodes":[],"categories_segments":[],"categories_sizes":[],"default_left":[0,0,0,0,0,0,0],"id":1,"left_children":[1,3,5,-1,-1,-1,-1],"loss_changes":[8.214129E4,5.9424062E3,3.2390977E3,0E0,0E0,0E0,0E0],"parents":[2147483647,0,0,1,1,2,2],"right_children":[2,4,6,-1,-1,-1,-1],"split_conditions":[6.020842E-1,5.0091225E-1,6.997196E-1,-9.269511E0,-4.0111086E-1,1.9263893E0,1.0907291E1],"split_indices":[0,0,0,0,0,0,0],"split_type":[0,0,0,0,0,0,0],"sum_hessian":[9E0,5E0,4E0,4E0,1E0,1E0,3E0],"tree_param":{"num_deleted":"0","num_feature":"2","num_nodes":"7","size_leaf_vector":"1"}},{"base_weights":[6.1526185E-1,-7.2336426E1,8.803424E1,-8.527949E0,-3.8105544E-1,1.8300698E0,1.0089245E1],"categories":[],"categories_nodes":[],"categories_segments":[],"categories_sizes":[],"default_left":[0,0,0,0,0,0,0],"id":2,"left_children":[1,3,5,-1,-1,-1,-1],"loss_changes":[7.0141695E4,4.9966465E3,2.6368438E3,0E0,0E0,0E0,0E0],"parents":[2147483647,0,0,1,1,2,2],"right_children":[2,4,6,-1,-1,-1,-1],"split_conditions":[6.020842E-1,5.0091225E-1,6.997196E-1,-8.527949E0,-3.8105544E-1,1.8300698E0,1.0089245E1],"split_indices":[0,0,0,0,0,0,0],"split_type":[0,0,0,0,0,0,0],"sum_hessian":[9E0,5E0,4E0,4E0,1E0,1E0,3E0],"tree_param":{"num_deleted":"0","num_feature":"2","num_nodes":"7","size_leaf_vector":"1"}},{"base_weights":[8.547684E-1,-6.6587616E1,8.161468E1,-7.845713E0,-3.6200258E-1,3.1846228E0,1.0417823E1],"categories":[],"categories_nodes":[],"categories_segments":[],"categories_sizes":[],"default_left":[0,0,0,0,0,0,0],"id":3,"left_children":[1,3,5,-1,-1,-1,-1],"loss_changes":[5.9900938E4,4.2003516E3,2.297082E3,0E0,0E0,0E0,0E0],"parents":[2147483647,0,0,1,1,2,2],"right_children":[2,4,6,-1,-1,-1,-1],"split_conditions":[6.020842E-1,5.0091225E-1,7.98411E-1,-7.845713E0,-3.6200258E-1,3.1846228E0,1.0417823E1],"split_indices":[0,0,0,0,0,0,0],"split_type":[0,0,0,0,0,0,0],"sum_hessian":[9E0,5E0,4E0,4E0,1E0,2E0,2E0],"tree_param":{"num_deleted":"0","num_feature":"2","num_nodes":"7","size_leaf_vector":"1"}},{"base_weights":[1.3087692E0,-6.1296803E1,7.6173706E1,-7.218056E1,-3.439026E-1,2.972315E0,9.723303E0,-7.9294267E0,-2.1862848E0],"categories":[],"categories_nodes":[],"categories_segments":[],"categories_sizes":[],"default_left":[0,0,0,0,0,0,0,0,0],"id":4,"left_children":[1,3,5,7,-1,-1,-1,-1,-1],"loss_changes":[5.1538824E4,3.5300273E3,2.0010117E3,5.613086E1,0E0,0E0,0E0,0E0,0E0],"parents":[2147483647,0,0,1,1,2,2,3,3],"right_children":[2,4,6,8,-1,-1,-1,-1,-1],"split_conditions":[6.020842E-1,5.0091225E-1,7.98411E-1,3.0144295E-1,-3.439026E-1,2.972315E0,9.723303E0,-7.9294267E0,-2.1862848E0],"split_indices":[0,0,0,0,0,0,0,0,0],"split_type":[0,0,0,0,0,0,0,0,0],"sum_hessian":[9E0,5E0,4E0,4E0,1E0,2E0,2E0,3E0,1E0],"tree_param":{"num_deleted":"0","num_feature":"2","num_nodes":"9","size_leaf_vector":"1"}},{"base_weights":[1.4014924E0,-5.6910393E1,7.109546E1,-6.698564E0,-3.2670745E-1,1.4307197E0,8.171573E0],"categories":[],"categories_nodes":[],"categories_segments":[],"categories_sizes":[],"default_left":[0,0,0,0,0,0,0],"id":5,"left_children":[1,3,5,-1,-1,-1,-1],"loss_changes":[4.4685934E4,3.0239727E3,1.8464102E3,0E0,0E0,0E0,0E0],"parents":[2147483647,0,0,1,1,2,2],"right_children":[2,4,6,-1,-1,-1,-1],"split_conditions":[6.020842E-1,5.0091225E-1,6.997196E-1,-6.698564E0,-3.2670745E-1,1.4307197E0,8.171573E0],"split_indices":[0,0,0,0,0,0,0],"split_type":[0,0,0,0,0,0,0],"sum_hessian":[9E0,5E0,4E0,4E0,1E0,1E0,3E0],"tree_param":{"num_deleted":"0","num_feature":"2","num_nodes":"7","size_leaf_vector":"1"}},{"base_weights":[1.5190445E0,-5.2390232E1,6.590637E1,-6.8323274E0,-1.3682765E1,2.454084E0,8.530311E0,-1.7420425E0,-3.1037217E-1],"categories":[],"categories_nodes":[],"categories_segments":[],"categories_sizes":[],"default_left":[0,0,0,0,0,0,0,0,0],"id":6,"left_children":[1,3,5,-1,7,-1,-1,-1,-1],"loss_changes":[3.816359E4,2.7655156E3,1.918373E3,0E0,6.4554504E1,0E0,0E0,0E0,0E0],"parents":[2147483647,0,0,1,1,2,2,4,4],"right_children":[2,4,6,-1,8,-1,-1,-1,-1],"split_conditions":[6.020842E-1,3.0144295E-1,7.98411E-1,-6.8323274E0,5.0091225E-1,2.454084E0,8.530311E0,-1.7420425E0,-3.1037217E-1],"split_indices":[0,0,0,0,0,0,0,0,0],"split_type":[0,0,0,0,0,0,0,0,0],"sum_hessian":[9E0,5E0,4E0,3E0,2E0,2E0,2E0,1E0,1E0],"tree_param":{"num_deleted":"0","num_feature":"2","num_nodes":"9","size_leaf_vector":"1"}},{"base_weights":[1.5771065E0,-4.8632E1,6.151261E1,-6.319903E0,-1.2998627E1,2.290478E0,7.961624E0,-1.6549408E0,-2.948532E-1],"categories":[],"categories_nodes":[],"categories_segments":[],"categories_sizes":[],"default_left":[0,0,0,0,0,0,0,0,0],"id":7,"left_children":[1,3,5,-1,7,-1,-1,-1,-1],"loss_changes":[3.3084566E4,2.2929346E3,1.6711172E3,0E0,5.826059E1,0E0,0E0,0E0,0E0],"parents":[2147483647,0,0,1,1,2,2,4,4],"right_children":[2,4,6,-1,8,-1,-1,-1,-1],"split_conditions":[6.020842E-1,3.0144295E-1,7.98411E-1,-6.319903E0,5.0091225E-1,2.290478E0,7.961624E0,-1.6549408E0,-2.948532E-1],"split_indices":[0,0,0,0,0,0,0,0,0],"split_type":[0,0,0,0,0,0,0,0,0],"sum_hessian":[9E0,5E0,4E0,3E0,2E0,2E0,2E0,1E0,1E0],"tree_param":{"num_deleted":"0","num_feature":"2","num_nodes":"9","size_leaf_vector":"1"}},{"base_weights":[1.6176354E0,-4.5147083E1,5.741177E1,-5.8459105E0,-1.2348694E1,2.1377792E0,7.4308496E0,-1.572194E0,-2.8011018E-1],"categories":[],"categories_nodes":[],"categories_segments":[],"categories_sizes":[],"default_left":[0,0,0,0,0,0,0,0,0],"id":8,"left_children":[1,3,5,-1,7,-1,-1,-1,-1],"loss_changes":[2.8683945E4,1.8977832E3,1.4557266E3,0E0,5.2580383E1,0E0,0E0,0E0,0E0],"parents":[2147483647,0,0,1,1,2,2,4,4],"right_children":[2,4,6,-1,8,-1,-1,-1,-1],"split_conditions":[6.020842E-1,3.0144295E-1,7.98411E-1,-5.8459105E0,5.0091225E-1,2.1377792E0,7.4308496E0,-1.572194E0,-2.8011018E-1],"split_indices":[0,0,0,0,0,0,0,0,0],"split_type":[0,0,0,0,0,0,0,0,0],"sum_hessian":[9E0,5E0,4E0,3E0,2E0,2E0,2E0,1E0,1E0],"tree_param":{"num_deleted":"0","num_feature":"2","num_nodes":"9","size_leaf_vector":"1"}},{"base_weights":[1.6429131E0,-4.1915413E1,5.358432E1,-4.9234074E1,-2.661049E-1,1.9952606E0,6.935459E0,-5.4074674E0,-1.493584E0],"categories":[],"categories_nodes":[],"categories_segments":[],"categories_sizes":[],"default_left":[0,0,0,0,0,0,0,0,0],"id":9,"left_children":[1,3,5,7,-1,-1,-1,-1,-1],"loss_changes":[2.4870814E4,1.5927227E3,1.2681025E3,2.246875E1,0E0,0E0,0E0,0E0,0E0],"parents":[2147483647,0,0,1,1,2,2,3,3],"right_children":[2,4,6,8,-1,-1,-1,-1,-1],"split_conditions":[6.020842E-1,5.0091225E-1,7.98411E-1,3.0144295E-1,-2.661049E-1,1.9952606E0,6.935459E0,-5.4074674E0,-1.493584E0],"split_indices":[0,0,0,0,0,0,0,0,0],"split_type":[0,0,0,0,0,0,0,0,0],"sum_hessian":[9E0,5E0,4E0,4E0,1E0,2E0,2E0,3E0,1E0],"tree_param":{"num_deleted":"0","num_feature":"2","num_nodes":"9","size_leaf_vector":"1"}},{"base_weights":[1.6549804E0,-3.8918396E1,5.0012035E1,-4.5690876E1,-2.528E-1,1.8622437E0,6.473096E0,-5.5128064E0,-2.1023397E0],"categories":[],"categories_nodes":[],"categories_segments":[],"categories_sizes":[],"default_left":[0,0,0,0,0,0,0,0,0],"id":10,"left_children":[1,3,5,7,-1,-1,-1,-1,-1],"loss_changes":[2.1566479E4,1.3632129E3,1.1046572E3,4.9785156E0,0E0,0E0,0E0,0E0,0E0],"parents":[2147483647,0,0,1,1,2,2,3,3],"right_children":[2,4,6,8,-1,-1,-1,-1,-1],"split_conditions":[6.020842E-1,5.0091225E-1,7.98411E-1,1.9997978E-1,-2.528E-1,1.8622437E0,6.473096E0,-5.5128064E0,-2.1023397E0],"split_indices":[0,0,0,0,0,0,0,0,0],"split_type":[0,0,0,0,0,0,0,0,0],"sum_hessian":[9E0,5E0,4E0,4E0,1E0,2E0,2E0,2E0,2E0],"tree_param":{"num_deleted":"0","num_feature":"2","num_nodes":"9","size_leaf_vector":"1"}},{"base_weights":[1.5362259E0,-3.633788E1,4.6677906E1,-4.2644814E1,-2.4015962E-1,8.2219166E-1,5.4236426E0,-5.1452856E0,-1.9621836E0],"categories":[],"categories_nodes":[],"categories_segments":[],"categories_sizes":[],"default_left":[0,0,0,0,0,0,0,0,0],"id":11,"left_children":[1,3,5,7,-1,-1,-1,-1,-1],"loss_changes":[1.8793184E4,1.1817881E3,1.0074238E3,4.336914E0,0E0,0E0,0E0,0E0,0E0],"parents":[2147483647,0,0,1,1,2,2,3,3],"right_children":[2,4,6,8,-1,-1,-1,-1,-1],"split_conditions":[6.020842E-1,5.0091225E-1,6.997196E-1,1.9997978E-1,-2.4015962E-1,8.2219166E-1,5.4236426E0,-5.1452856E0,-1.9621836E0],"split_indices":[0,0,0,0,0,0,0,0,0],"split_type":[0,0,0,0,0,0,0,0,0],"sum_hessian":[9E0,5E0,4E0,4E0,1E0,1E0,3E0,2E0,2E0],"tree_param":{"num_deleted":"0","num_feature":"2","num_nodes":"9","size_leaf_vector":"1"}},{"base_weights":[1.2724228E0,-3.3928696E1,4.325928E1,-3.9801826E1,-2.2815171E-1,2.0899174E0,6.6349854E0,-4.367389E0,-1.2156788E0],"categories":[],"categories_nodes":[],"categories_segments":[],"categories_sizes":[],"default_left":[0,0,0,0,0,0,0,0,0],"id":12,"left_children":[1,3,5,7,-1,-1,-1,-1,-1],"loss_changes":[1.6247573E4,1.0243999E3,1.1948818E3,4.283203E0,0E0,0E0,0E0,0E0,0E0],"parents":[2147483647,0,0,1,1,2,2,3,3],"right_children":[2,4,6,8,-1,-1,-1,-1,-1],"split_conditions":[6.020842E-1,5.0091225E-1,1E0,3.0144295E-1,-2.2815171E-1,2.0899174E0,6.6349854E0,-4.367389E0,-1.2156788E0],"split_indices":[0,0,0,0,0,0,0,0,0],"split_type":[0,0,0,0,0,0,0,0,0],"sum_hessian":[9E0,5E0,4E0,4E0,1E0,3E0,1E0,3E0,1E0],"tree_param":{"num_deleted":"0","num_feature":"2","num_nodes":"9","size_leaf_vector":"1"}},{"base_weights":[1.4365486E0,-3.1504366E1,4.0678337E1,-3.6938263E1,-2.1674423E-1,1.9331738E0,6.3032365E0,-4.5111074E0,-1.6452696E0],"categories":[],"categories_nodes":[],"categories_segments":[],"categories_sizes":[],"default_left":[0,0,0,0,0,0,0,0,0],"id":13,"left_children":[1,3,5,7,-1,-1,-1,-1,-1],"loss_changes":[1.4208148E4,8.764209E2,1.1673867E3,9.4924805E1,0E0,0E0,0E0,0E0,0E0],"parents":[2147483647,0,0,1,1,2,2,3,3],"right_children":[2,4,6,8,-1,-1,-1,-1,-1],"split_conditions":[6.020842E-1,5.0091225E-1,1E0,1.9997978E-1,-2.1674423E-1,1.9331738E0,6.3032365E0,-4.5111074E0,-1.6452696E0],"split_indices":[0,0,0,0,0,0,0,0,0],"split_type":[0,0,0,0,0,0,0,0,0],"sum_hessian":[9E0,5E0,4E0,4E0,1E0,3E0,1E0,2E0,2E0],"tree_param":{"num_deleted":"0","num_feature":"2","num_nodes":"9","size_leaf_vector":"1"}},{"base_weights":[1.4792274E0,-2.9416113E1,3.825779E1,-3.4475708E1,-2.0590667E-1,1.7881863E0,5.9880753E0,-4.2103667E0,-1.5355848E0],"categories":[],"categories_nodes":[],"categories_segments":[],"categories_sizes":[],"default_left":[0,0,0,0,0,0,0,0,0],"id":14,"left_children":[1,3,5,7,-1,-1,-1,-1,-1],"loss_changes":[1.2488258E4,7.5950586E2,1.1321602E3,8.269043E1,0E0,0E0,0E0,0E0,0E0],"parents":[2147483647,0,0,1,1,2,2,3,3],"right_children":[2,4,6,8,-1,-1,-1,-1,-1],"split_conditions":[6.020842E-1,5.0091225E-1,1E0,1.9997978E-1,-2.0590667E-1,1.7881863E0,5.9880753E0,-4.2103667E0,-1.5355848E0],"split_indices":[0,0,0,0,0,0,0,0,0],"split_type":[0,0,0,0,0,0,0,0,0],"sum_hessian":[9E0,5E0,4E0,4E0,1E0,3E0,1E0,2E0,2E0],"tree_param":{"num_deleted":"0","num_feature":"2","num_nodes":"9","size_leaf_vector":"1"}},{"base_weights":[1.5137444E0,-2.746648E1,3.5987267E1,-3.217733E1,-1.9561158E-1,1.6540722E1,5.688672E0,-3.9296758E0,-1.4332126E0,4.9051818E-1,1.8784174E0],"categories":[],"categories_nodes":[],"categories_segments":[],"categories_sizes":[],"default_left":[0,0,0,0,0,0,0,0,0,0,0],"id":15,"left_children":[1,3,5,7,-1,9,-1,-1,-1,-1,-1],"loss_changes":[1.0978947E4,6.5811035E2,1.0911631E3,7.203223E1,0E0,1.2275269E1,0E0,0E0,0E0,0E0,0E0],"parents":[2147483647,0,0,1,1,2,2,3,3,5,5],"right_children":[2,4,6,8,-1,10,-1,-1,-1,-1,-1],"split_conditions":[6.020842E-1,5.0091225E-1,1E0,1.9997978E-1,-1.9561158E-1,6.997196E-1,5.688672E0,-3.9296758E0,-1.4332126E0,4.9051818E-1,1.8784174E0],"split_indices":[0,0,0,0,0,0,0,0,0,0,0],"split_type":[0,0,0,0,0,0,0,0,0,0,0],"sum_hessian":[9E0,5E0,4E0,4E0,1E0,3E0,1E0,2E0,2E0,1E0,2E0],"tree_param":{"num_deleted":"0","num_feature":"2","num_nodes":"11","size_leaf_vector":"1"}},{"base_weights":[1.6122811E0,-2.564625E1,3.400006E1,-3.0032177E1,-1.858307E-1,1.5478882E1,5.404239E0,-3.6676977E0,-1.3376651E0,4.6599197E-1,1.7531897E0],"categories":[],"categories_nodes":[],"categories_segments":[],"categories_sizes":[],"default_left":[0,0,0,0,0,0,0,0,0,0,0],"id":16,"left_children":[1,3,5,7,-1,9,-1,-1,-1,-1,-1],"loss_changes":[9.700407E3,5.701843E2,1.01952246E3,6.2748047E1,0E0,7.1486816E0,0E0,0E0,0E0,0E0,0E0],"parents":[2147483647,0,0,1,1,2,2,3,3,5,5],"right_children":[2,4,6,8,-1,10,-1,-1,-1,-1,-1],"split_conditions":[6.020842E-1,5.0091225E-1,1E0,1.9997978E-1,-1.858307E-1,6.997196E-1,5.404239E0,-3.6676977E0,-1.3376651E0,4.6599197E-1,1.7531897E0],"split_indices":[0,0,0,0,0,0,0,0,0,0,0],"split_type":[0,0,0,0,0,0,0,0,0,0,0],"sum_hessian":[9E0,5E0,4E0,4E0,1E0,3E0,1E0,2E0,2E0,1E0,2E0],"tree_param":{"num_deleted":"0","num_feature":"2","num_nodes":"11","size_leaf_vector":"1"}},{"base_weights":[1.6942742E0,-2.3946825E1,3.2124737E1,-3.4231846E0,-1.0246351E1,1.4485786E1,5.134027E0,-1.2484876E0,-1.7653885E-1,4.4269258E-1,1.6363099E0],"categories":[],"categories_nodes":[],"categories_segments":[],"categories_sizes":[],"default_left":[0,0,0,0,0,0,0,0,0,0,0],"id":17,"left_children":[1,3,5,-1,7,9,-1,-1,-1,-1,-1],"loss_changes":[8.57199E3,4.9470654E2,9.510054E2,0E0,5.389868E1,3.0961914E0,0E0,0E0,0E0,0E0,0E0],"parents":[2147483647,0,0,1,1,2,2,4,4,5,5],"right_children":[2,4,6,-1,8,10,-1,-1,-1,-1,-1],"split_conditions":[6.020842E-1,1.9997978E-1,1E0,-3.4231846E0,5.0091225E-1,6.997196E-1,5.134027E0,-1.2484876E0,-1.7653885E-1,4.4269258E-1,1.6363099E0],"split_indices":[0,0,0,0,0,0,0,0,0,0,0],"split_type":[0,0,0,0,0,0,0,0,0,0,0],"sum_hessian":[9E0,5E0,4E0,2E0,3E0,3E0,1E0,2E0,1E0,1E0,2E0],"tree_param":{"num_deleted":"0","num_feature":"2","num_nodes":"11","size_leaf_vector":"1"}},{"base_weights":[1.7613289E0,-2.2360174E1,3.0354868E1,-3.1949723E0,-9.5779705E0,1.3556957E0,4.8773255E0,-1.165255E0,-1.6771165E-1],"categories":[],"categories_nodes":[],"categories_segments":[],"categories_sizes":[],"default_left":[0,0,0,0,0,0,0,0,0],"id":18,"left_children":[1,3,5,-1,7,-1,-1,-1,-1],"loss_changes":[7.575931E3,4.294397E2,8.8573535E2,0E0,4.6021088E1,0E0,0E0,0E0,0E0],"parents":[2147483647,0,0,1,1,2,2,4,4],"right_children":[2,4,6,-1,8,-1,-1,-1,-1],"split_conditions":[6.020842E-1,1.9997978E-1,1E0,-3.1949723E0,5.0091225E-1,1.3556957E0,4.8773255E0,-1.165255E0,-1.6771165E-1],"split_indices":[0,0,0,0,0,0,0,0,0],"split_type":[0,0,0,0,0,0,0,0,0],"sum_hessian":[9E0,5E0,4E0,2E0,3E0,3E0,1E0,2E0,1E0],"tree_param":{"num_deleted":"0","num_feature":"2","num_nodes":"9","size_leaf_vector":"1"}},{"base_weights":[1.7557045E0,-2.0878817E1,2.8565989E1,-2.9819744E0,-8.953417E0,1.2540188E1,4.6334596E0,-1.0875715E0,-1.5932618E-1,3.5277328E-1,1.4368428E0],"categories":[],"categories_nodes":[],"categories_segments":[],"categories_sizes":[],"default_left":[0,0,0,0,0,0,0,0,0,0,0],"id":19,"left_children":[1,3,5,-1,7,9,-1,-1,-1,-1,-1],"loss_changes":[6.664803E3,3.727561E2,8.427363E2,0E0,3.9265778E1,1.5219727E1,0E0,0E0,0E0,0E0,0E0],"parents":[2147483647,0,0,1,1,2,2,4,4,5,5],"right_children":[2,4,6,-1,8,10,-1,-1,-1,-1,-1],"split_conditions":[6.020842E-1,1.9997978E-1,1E0,-2.9819744E0,5.0091225E-1,6.997196E-1,4.6334596E0,-1.0875715E0,-1.5932618E-1,3.5277328E-1,1.4368428E0],"split_indices":[0,0,0,0,0,0,0,0,0,0,0],"split_type":[0,0,0,0,0,0,0,0,0,0,0],"sum_hessian":[9E0,5E0,4E0,2E0,3E0,3E0,1E0,2E0,1E0,1E0,2E0],"tree_param":{"num_deleted":"0","num_feature":"2","num_nodes":"11","size_leaf_vector":"1"}},{"base_weights":[1.7995574E0,-1.9495745E1,2.6994009E1,-2.5075605E0,-5.55735E0,1.1733578E1,4.401787E0,-6.82243E-1,-1.5135956E-1,3.351349E-1,1.3410538E0],"categories":[],"categories_nodes":[],"categories_segments":[],"categories_sizes":[],"default_left":[0,0,0,0,0,0,0,0,0,0,0],"id":20,"left_children":[1,3,5,-1,7,9,-1,-1,-1,-1,-1],"loss_changes":[5.8915034E3,3.2729175E2,7.824702E2,0E0,5.020607E0,1.1283203E1,0E0,0E0,0E0,0E0,0E0],"parents":[2147483647,0,0,1,1,2,2,4,4,5,5],"right_children":[2,4,6,-1,8,10,-1,-1,-1,-1,-1],"split_conditions":[6.020842E-1,3.0144295E-1,1E0,-2.5075605E0,5.0091225E-1,6.997196E-1,4.401787E0,-6.82243E-1,-1.5135956E-1,3.351349E-1,1.3410538E0],"split_indices":[0,0,0,0,0,0,0,0,0,0,0],"split_type":[0,0,0,0,0,0,0,0,0,0,0],"sum_hessian":[9E0,5E0,4E0,3E0,2E0,3E0,1E0,1E0,1E0,1E0,2E0],"tree_param":{"num_deleted":"0","num_feature":"2","num_nodes":"11","size_leaf_vector":"1"}},{"base_weights":[1.8932831E0,-1.810303E1,2.5510202E1,-2.6160052E0,-7.534506E0,1.0979267E1,4.1816974E0,-9.0874E-1,-1.437912E-1,3.1837845E-1,1.25165E0],"categories":[],"categories_nodes":[],"categories_segments":[],"categories_sizes":[],"default_left":[0,0,0,0,0,0,0,0,0,0,0],"id":21,"left_children":[1,3,5,-1,7,9,-1,-1,-1,-1,-1],"loss_changes":[5.184325E3,3.1380188E2,7.256433E2,0E0,2.4802567E1,8.084076E0,0E0,0E0,0E0,0E0,0E0],"parents":[2147483647,0,0,1,1,2,2,4,4,5,5],"right_children":[2,4,6,-1,8,10,-1,-1,-1,-1,-1],"split_conditions":[6.020842E-1,1.9997978E-1,1E0,-2.6160052E0,5.0091225E-1,6.997196E-1,4.1816974E0,-9.0874E-1,-1.437912E-1,3.1837845E-1,1.25165E0],"split_indices":[0,0,0,0,0,0,0,0,0,0,0],"split_type":[0,0,0,0,0,0,0,0,0,0,0],"sum_hessian":[9E0,5E0,4E0,2E0,3E0,3E0,1E0,2E0,1E0,1E0,2E0],"tree_param":{"num_deleted":"0","num_feature":"2","num_nodes":"11","size_leaf_vector":"1"}},{"base_weights":[1.9122741E0,-1.690415E1,2.4109528E1,-2.8312037E0,-8.960165E0,1.02738495E1,3.9726121E0,-1.05172E0,-1.3660125E-1,3.0245972E-1,1.1682068E0],"categories":[],"categories_nodes":[],"categories_segments":[],"categories_sizes":[],"default_left":[0,0,0,0,0,0,0,0,0,0,0],"id":22,"left_children":[1,3,5,-1,7,9,-1,-1,-1,-1,-1],"loss_changes":[4.5842803E3,2.9006396E2,6.721904E2,0E0,4.4755188E1,5.5005493E0,0E0,0E0,0E0,0E0,0E0],"parents":[2147483647,0,0,1,1,2,2,4,4,5,5],"right_children":[2,4,6,-1,8,10,-1,-1,-1,-1,-1],"split_conditions":[6.020842E-1,9.88159E-2,1E0,-2.8312037E0,5.0091225E-1,6.997196E-1,3.9726121E0,-1.05172E0,-1.3660125E-1,3.0245972E-1,1.1682068E0],"split_indices":[0,0,0,0,0,0,0,0,0,0,0],"split_type":[0,0,0,0,0,0,0,0,0,0,0],"sum_hessian":[9E0,5E0,4E0,1E0,4E0,3E0,1E0,3E0,1E0,1E0,2E0],"tree_param":{"num_deleted":"0","num_feature":"2","num_nodes":"11","size_leaf_vector":"1"}},{"base_weights":[1.8634189E0,-1.58836565E1,2.2787226E1,-2.6896436E0,-8.301813E0,9.614128E0,3.7739809E0,-9.7284096E-1,-1.2977143E-1,2.8733674E-1,1.090326E0],"categories":[],"categories_nodes":[],"categories_segments":[],"categories_sizes":[],"default_left":[0,0,0,0,0,0,0,0,0,0,0],"id":23,"left_children":[1,3,5,-1,7,9,-1,-1,-1,-1,-1],"loss_changes":[4.0753079E3,2.7769385E2,6.220237E2,0E0,3.733545E1,3.42984E0,0E0,0E0,0E0,0E0,0E0],"parents":[2147483647,0,0,1,1,2,2,4,4,5,5],"right_children":[2,4,6,-1,8,10,-1,-1,-1,-1,-1],"split_conditions":[6.020842E-1,9.88159E-2,1E0,-2.6896436E0,5.0091225E-1,6.997196E-1,3.7739809E0,-9.7284096E-1,-1.2977143E-1,2.8733674E-1,1.090326E0],"split_indices":[0,0,0,0,0,0,0,0,0,0,0],"split_type":[0,0,0,0,0,0,0,0,0,0,0],"sum_hessian":[9E0,5E0,4E0,1E0,4E0,3E0,1E0,3E0,1E0,1E0,2E0],"tree_param":{"num_deleted":"0","num_feature":"2","num_nodes":"11","size_leaf_vector":"1"}},{"base_weights":[1.8130138E0,-1.4927333E1,2.1538828E1,-2.5551612E0,-7.692155E0,8.997128E0,3.5852814E0,-8.99878E-1,-1.23282626E-1,2.729698E-1,1.0176371E0],"categories":[],"categories_nodes":[],"categories_segments":[],"categories_sizes":[],"default_left":[0,0,0,0,0,0,0,0,0,0,0],"id":24,"left_children":[1,3,5,-1,7,9,-1,-1,-1,-1,-1],"loss_changes":[3.623687E3,2.6466443E2,5.7503613E2,0E0,3.1105682E1,1.7848816E0,0E0,0E0,0E0,0E0,0E0],"parents":[2147483647,0,0,1,1,2,2,4,4,5,5],"right_children":[2,4,6,-1,8,10,-1,-1,-1,-1,-1],"split_conditions":[6.020842E-1,9.88159E-2,1E0,-2.5551612E0,5.0091225E-1,6.997196E-1,3.5852814E0,-8.99878E-1,-1.23282626E-1,2.729698E-1,1.0176371E0],"split_indices":[0,0,0,0,0,0,0,0,0,0,0],"split_type":[0,0,0,0,0,0,0,0,0,0,0],"sum_hessian":[9E0,5E0,4E0,1E0,4E0,3E0,1E0,3E0,1E0,1E0,2E0],"tree_param":{"num_deleted":"0","num_feature":"2","num_nodes":"11","size_leaf_vector":"1"}},{"base_weights":[1.7614704E0,-1.4030988E1,2.0360126E1,-2.4274032E0,-7.127572E0,8.420067E0,3.406018E0,-8.323871E-1,-1.17118835E-1,2.593216E-1,9.497945E-1],"categories":[],"categories_nodes":[],"categories_segments":[],"categories_sizes":[],"default_left":[0,0,0,0,0,0,0,0,0,0,0],"id":25,"left_children":[1,3,5,-1,7,9,-1,-1,-1,-1,-1],"loss_changes":[3.2228574E3,2.5125696E2,5.311084E2,0E0,2.5879257E1,4.923401E-1,0E0,0E0,0E0,0E0,0E0],"parents":[2147483647,0,0,1,1,2,2,4,4,5,5],"right_children":[2,4,6,-1,8,10,-1,-1,-1,-1,-1],"split_conditions":[6.020842E-1,9.88159E-2,1E0,-2.4274032E0,5.0091225E-1,6.997196E-1,3.406018E0,-8.323871E-1,-1.17118835E-1,2.593216E-1,9.497945E-1],"split_indices":[0,0,0,0,0,0,0,0,0,0,0],"split_type":[0,0,0,0,0,0,0,0,0,0,0],"sum_hessian":[9E0,5E0,4E0,1E0,4E0,3E0,1E0,3E0,1E0,1E0,2E0],"tree_param":{"num_deleted":"0","num_feature":"2","num_nodes":"11","size_leaf_vector":"1"}},{"base_weights":[1.7091472E0,-1.3190705E1,1.924714E1,-2.3060331E0,-6.6047134E0,7.8803366E-1,3.2357178E0,-7.6995796E-1,-1.11262515E-1],"categories":[],"categories_nodes":[],"categories_segments":[],"categories_sizes":[],"default_left":[0,0,0,0,0,0,0,0,0],"id":26,"left_children":[1,3,5,-1,7,-1,-1,-1,-1],"loss_changes":[2.8670183E3,2.377008E2,4.9011072E2,0E0,2.1498749E1,0E0,0E0,0E0,0E0],"parents":[2147483647,0,0,1,1,2,2,4,4],"right_children":[2,4,6,-1,8,-1,-1,-1,-1],"split_conditions":[6.020842E-1,9.88159E-2,1E0,-2.3060331E0,5.0091225E-1,7.8803366E-1,3.2357178E0,-7.6995796E-1,-1.11262515E-1],"split_indices":[0,0,0,0,0,0,0,0,0],"split_type":[0,0,0,0,0,0,0,0,0],"sum_hessian":[9E0,5E0,4E0,1E0,4E0,3E0,1E0,3E0,1E0],"tree_param":{"num_deleted":"0","num_feature":"2","num_nodes":"9","size_leaf_vector":"1"}},{"base_weights":[1.6218841E0,-1.0039712E1,2.1624207E1,-1.8637307E0,-2.8732133E0,8.339397E-1,3.073932E0,-4.6262836E0,2.0695344E-1,-5.463717E-1,-1.0569916E-1],"categories":[],"categories_nodes":[],"categories_segments":[],"categories_sizes":[],"default_left":[0,0,0,0,0,0,0,0,0,0,0],"id":27,"left_children":[1,3,5,-1,7,-1,-1,9,-1,-1,-1],"loss_changes":[2.549691E3,3.7775348E2,2.280227E2,0E0,5.2899178E1,0E0,0E0,6.1810684E0,0E0,0E0,0E0],"parents":[2147483647,0,0,1,1,2,2,4,4,7,7],"right_children":[2,4,6,-1,8,-1,-1,10,-1,-1,-1],"split_conditions":[6.997196E-1,1.9997978E-1,1E0,-1.8637307E0,6.020842E-1,8.339397E-1,3.073932E0,5.0091225E-1,2.0695344E-1,-5.463717E-1,-1.0569916E-1],"split_indices":[0,0,0,0,0,0,0,0,0,0,0],"split_type":[0,0,0,0,0,0,0,0,0,0,0],"sum_hessian":[9E0,6E0,3E0,2E0,4E0,2E0,1E0,3E0,1E0,2E0,1E0],"tree_param":{"num_deleted":"0","num_feature":"2","num_nodes":"11","size_leaf_vector":"1"}},{"base_weights":[1.6195939E0,-9.365577E0,2.0438744E1,-2.097545E0,-3.9346898E0,7.7834266E-1,2.9202347E0,-6.3829917E-1,6.4127606E-1,-1.00414276E-1,1.9660568E-1],"categories":[],"categories_nodes":[],"categories_segments":[],"categories_sizes":[],"default_left":[0,0,0,0,0,0,0,0,0,0,0],"id":28,"left_children":[1,3,5,-1,7,-1,-1,-1,9,-1,-1],"loss_changes":[2.2587363E3,3.5883142E2,2.1633032E2,0E0,7.131333E1,0E0,0E0,0E0,8.5136595E0,0E0,0E0],"parents":[2147483647,0,0,1,1,2,2,4,4,8,8],"right_children":[2,4,6,-1,8,-1,-1,-1,10,-1,-1],"split_conditions":[6.997196E-1,9.88159E-2,1E0,-2.097545E0,5.0091225E-1,7.7834266E-1,2.9202347E0,-6.3829917E-1,6.020842E-1,-1.00414276E-1,1.9660568E-1],"split_indices":[0,0,0,0,0,0,0,0,0,0,0],"split_type":[0,0,0,0,0,0,0,0,0,0,0],"sum_hessian":[9E0,6E0,3E0,1E0,5E0,2E0,1E0,3E0,2E0,1E0,1E0],"tree_param":{"num_deleted":"0","num_feature":"2","num_nodes":"11","size_leaf_vector":"1"}},{"base_weights":[1.5635258E0,-8.806112E0,1.9319511E1,-1.9926676E0,-3.6315727E0,7.2645265E-1,2.7742233E0,-5.9042686E-1,6.092122E-1,-9.5393375E-2,1.8677521E-1],"categories":[],"categories_nodes":[],"categories_segments":[],"categories_sizes":[],"default_left":[0,0,0,0,0,0,0,0,0,0,0],"id":29,"left_children":[1,3,5,-1,7,-1,-1,-1,9,-1,-1],"loss_changes":[2.0113612E3,3.3044147E2,2.0460901E2,0E0,6.1425026E1,0E0,0E0,0E0,7.6835556E0,0E0,0E0],"parents":[2147483647,0,0,1,1,2,2,4,4,8,8],"right_children":[2,4,6,-1,8,-1,-1,-1,10,-1,-1],"split_conditions":[6.997196E-1,9.88159E-2,1E0,-1.9926676E0,5.0091225E-1,7.2645265E-1,2.7742233E0,-5.9042686E-1,6.020842E-1,-9.5393375E-2,1.8677521E-1],"split_indices":[0,0,0,0,0,0,0,0,0,0,0],"split_type":[0,0,0,0,0,0,0,0,0,0,0],"sum_hessian":[9E0,6E0,3E0,1E0,5E0,2E0,1E0,3E0,2E0,1E0,1E0],"tree_param":{"num_deleted":"0","num_feature":"2","num_nodes":"11","size_leaf_vector":"1"}},{"base_weights":[1.5080719E0,-8.281459E0,1.8262733E1,-1.8930342E0,-3.3515885E0,6.780233E-1,2.6355119E0,-5.4614496E-1,5.787557E-1,-9.0623476E-2,1.7743683E-1],"categories":[],"categories_nodes":[],"categories_segments":[],"categories_sizes":[],"default_left":[0,0,0,0,0,0,0,0,0,0,0],"id":30,"left_children":[1,3,5,-1,7,-1,-1,-1,9,-1,-1],"loss_changes":[1.791445E3,3.040366E2,1.9298938E2,0E0,5.2915733E1,0E0,0E0,0E0,6.934414E0,0E0,0E0],"parents":[2147483647,0,0,1,1,2,2,4,4,8,8],"right_children":[2,4,6,-1,8,-1,-1,-1,10,-1,-1],"split_conditions":[6.997196E-1,9.88159E-2,1E0,-1.8930342E0,5.0091225E-1,6.780233E-1,2.6355119E0,-5.4614496E-1,6.020842E-1,-9.0623476E-2,1.7743683E-1],"split_indices":[0,0,0,0,0,0,0,0,0,0,0],"split_type":[0,0,0,0,0,0,0,0,0,0,0],"sum_hessian":[9E0,6E0,3E0,1E0,5E0,2E0,1E0,3E0,2E0,1E0,1E0],"tree_param":{"num_deleted":"0","num_feature":"2","num_nodes":"11","size_leaf_vector":"1"}},{"base_weights":[1.4533863E0,-6.0931754E0,2.1093088E1,-1.7983824E0,-1.8253937E0,6.6022646E-1,2.503737E0,-4.385843E0,3.0504864E-1,-5.051842E-1,-8.6092375E-2],"categories":[],"categories_nodes":[],"categories_segments":[],"categories_sizes":[],"default_left":[0,0,0,0,0,0,0,0,0,0,0],"id":31,"left_children":[1,3,5,-1,7,-1,-1,9,-1,-1,-1],"loss_changes":[1.6106462E3,3.73146E2,6.1641846E0,0E0,1.0077005E2,0E0,0E0,7.38871E0,0E0,0E0,0E0],"parents":[2147483647,0,0,1,1,2,2,4,4,7,7],"right_children":[2,4,6,-1,8,-1,-1,10,-1,-1,-1],"split_conditions":[7.98411E-1,9.88159E-2,1E0,-1.7983824E0,6.020842E-1,6.6022646E-1,2.503737E0,5.0091225E-1,3.0504864E-1,-5.051842E-1,-8.6092375E-2],"split_indices":[0,0,0,0,0,0,0,0,0,0,0],"split_type":[0,0,0,0,0,0,0,0,0,0,0],"sum_hessian":[9E0,7E0,2E0,1E0,6E0,1E0,1E0,4E0,2E0,3E0,1E0],"tree_param":{"num_deleted":"0","num_feature":"2","num_nodes":"11","size_leaf_vector":"1"}},{"base_weights":[1.4159839E0,-5.744436E0,2.0038443E1,-1.7084633E0,-1.6837457E0,6.2721556E-1,2.3785508E0,-4.0655146E0,2.8471172E-1,-4.6729538E-1,-8.178788E-2],"categories":[],"categories_nodes":[],"categories_segments":[],"categories_sizes":[],"default_left":[0,0,0,0,0,0,0,0,0,0,0],"id":32,"left_children":[1,3,5,-1,7,-1,-1,9,-1,-1,-1],"loss_changes":[1.4485557E3,3.3962598E2,5.5632324E0,0E0,8.7115265E1,0E0,0E0,6.0418015E0,0E0,0E0,0E0],"parents":[2147483647,0,0,1,1,2,2,4,4,7,7],"right_children":[2,4,6,-1,8,-1,-1,10,-1,-1,-1],"split_conditions":[7.98411E-1,9.88159E-2,1E0,-1.7084633E0,6.020842E-1,6.2721556E-1,2.3785508E0,5.0091225E-1,2.8471172E-1,-4.6729538E-1,-8.178788E-2],"split_indices":[0,0,0,0,0,0,0,0,0,0,0],"split_type":[0,0,0,0,0,0,0,0,0,0,0],"sum_hessian":[9E0,7E0,2E0,1E0,6E0,1E0,1E0,4E0,2E0,3E0,1E0],"tree_param":{"num_deleted":"0","num_feature":"2","num_nodes":"11","size_leaf_vector":"1"}},{"base_weights":[1.3776791E0,-5.416596E0,1.903652E1,-1.6230402E0,-1.5531377E0,5.958542E-1,2.2596238E0,-3.7687805E0,2.657313E-1,-4.3224832E-1,-7.769852E-2],"categories":[],"categories_nodes":[],"categories_segments":[],"categories_sizes":[],"default_left":[0,0,0,0,0,0,0,0,0,0,0],"id":33,"left_children":[1,3,5,-1,7,-1,-1,9,-1,-1,-1],"loss_changes":[1.3029033E3,3.0902145E2,5.021118E0,0E0,7.531681E1,0E0,0E0,4.924324E0,0E0,0E0,0E0],"parents":[2147483647,0,0,1,1,2,2,4,4,7,7],"right_children":[2,4,6,-1,8,-1,-1,10,-1,-1,-1],"split_conditions":[7.98411E-1,9.88159E-2,1E0,-1.6230402E0,6.020842E-1,5.958542E-1,2.2596238E0,5.0091225E-1,2.657313E-1,-4.3224832E-1,-7.769852E-2],"split_indices":[0,0,0,0,0,0,0,0,0,0,0],"split_type":[0,0,0,0,0,0,0,0,0,0,0],"sum_hessian":[9E0,7E0,2E0,1E0,6E0,1E0,1E0,4E0,2E0,3E0,1E0],"tree_param":{"num_deleted":"0","num_feature":"2","num_nodes":"11","size_leaf_vector":"1"}},{"base_weights":[1.3387359E0,-5.108341E0,1.8084696E1,-1.5418882E0,-1.4327093E0,5.6606144E-1,2.1466432E0,-3.4938912E0,2.4801636E-1,-3.998296E-1,-7.381363E-2],"categories":[],"categories_nodes":[],"categories_segments":[],"categories_sizes":[],"default_left":[0,0,0,0,0,0,0,0,0,0,0],"id":34,"left_children":[1,3,5,-1,7,-1,-1,9,-1,-1,-1],"loss_changes":[1.1720078E3,2.8109125E2,4.5316772E0,0E0,6.512142E1,0E0,0E0,3.998787E0,0E0,0E0,0E0],"parents":[2147483647,0,0,1,1,2,2,4,4,7,7],"right_children":[2,4,6,-1,8,-1,-1,10,-1,-1,-1],"split_conditions":[7.98411E-1,9.88159E-2,1E0,-1.5418882E0,6.020842E-1,5.6606144E-1,2.1466432E0,5.0091225E-1,2.4801636E-1,-3.998296E-1,-7.381363E-2],"split_indices":[0,0,0,0,0,0,0,0,0,0,0],"split_type":[0,0,0,0,0,0,0,0,0,0,0],"sum_hessian":[9E0,7E0,2E0,1E0,6E0,1E0,1E0,4E0,2E0,3E0,1E0],"tree_param":{"num_deleted":"0","num_feature":"2","num_nodes":"11","size_leaf_vector":"1"}},{"base_weights":[1.2993797E0,-4.818448E0,1.718046E1,-1.4647938E0,-1.3216727E0,5.377579E-1,2.0393112E0,-3.2392335E0,2.3148194E-1,-3.6984253E-1,-7.012329E-2],"categories":[],"categories_nodes":[],"categories_segments":[],"categories_sizes":[],"default_left":[0,0,0,0,0,0,0,0,0,0,0],"id":35,"left_children":[1,3,5,-1,7,-1,-1,9,-1,-1,-1],"loss_changes":[1.0543604E3,2.5561237E2,4.090088E0,0E0,5.63106E1,0E0,0E0,3.2336884E0,0E0,0E0,0E0],"parents":[2147483647,0,0,1,1,2,2,4,4,7,7],"right_children":[2,4,6,-1,8,-1,-1,10,-1,-1,-1],"split_conditions":[7.98411E-1,9.88159E-2,1E0,-1.4647938E0,6.020842E-1,5.377579E-1,2.0393112E0,5.0091225E-1,2.3148194E-1,-3.6984253E-1,-7.012329E-2],"split_indices":[0,0,0,0,0,0,0,0,0,0,0],"split_type":[0,0,0,0,0,0,0,0,0,0,0],"sum_hessian":[9E0,7E0,2E0,1E0,6E0,1E0,1E0,4E0,2E0,3E0,1E0],"tree_param":{"num_deleted":"0","num_feature":"2","num_nodes":"11","size_leaf_vector":"1"}},{"base_weights":[1.259824E0,-4.5457606E0,1.6321442E1,-1.3915541E0,-1.2192862E0,5.108704E-1,1.9373459E0,-3.003302E0,2.1605022E-1,-3.4210435E-1,-6.6616826E-2],"categories":[],"categories_nodes":[],"categories_segments":[],"categories_sizes":[],"default_left":[0,0,0,0,0,0,0,0,0,0,0],"id":36,"left_children":[1,3,5,-1,7,-1,-1,9,-1,-1,-1],"loss_changes":[9.4860834E2,2.3237964E2,3.691101E0,0E0,4.869581E1,0E0,0E0,2.6026E0,0E0,0E0,0E0],"parents":[2147483647,0,0,1,1,2,2,4,4,7,7],"right_children":[2,4,6,-1,8,-1,-1,10,-1,-1,-1],"split_conditions":[7.98411E-1,9.88159E-2,1E0,-1.3915541E0,6.020842E-1,5.108704E-1,1.9373459E0,5.0091225E-1,2.1605022E-1,-3.4210435E-1,-6.6616826E-2],"split_indices":[0,0,0,0,0,0,0,0,0,0,0],"split_type":[0,0,0,0,0,0,0,0,0,0,0],"sum_hessian":[9E0,7E0,2E0,1E0,6E0,1E0,1E0,4E0,2E0,3E0,1E0],"tree_param":{"num_deleted":"0","num_feature":"2","num_nodes":"11","size_leaf_vector":"1"}},{"base_weights":[1.2202399E0,-4.289214E0,1.5505371E1,-1.3219764E0,-1.1248839E0,4.8532715E-1,1.8404785E0,-2.7847161E0,2.0164643E-1,-3.164466E-1,-6.328583E-2],"categories":[],"categories_nodes":[],"categories_segments":[],"categories_sizes":[],"default_left":[0,0,0,0,0,0,0,0,0,0,0],"id":37,"left_children":[1,3,5,-1,7,-1,-1,9,-1,-1,-1],"loss_changes":[8.5353864E2,2.1120299E2,3.3311157E0,0E0,4.211405E1,0E0,0E0,2.0831795E0,0E0,0E0,0E0],"parents":[2147483647,0,0,1,1,2,2,4,4,7,7],"right_children":[2,4,6,-1,8,-1,-1,10,-1,-1,-1],"split_conditions":[7.98411E-1,9.88159E-2,1E0,-1.3219764E0,6.020842E-1,4.8532715E-1,1.8404785E0,5.0091225E-1,2.0164643E-1,-3.164466E-1,-6.328583E-2],"split_indices":[0,0,0,0,0,0,0,0,0,0,0],"split_type":[0,0,0,0,0,0,0,0,0,0,0],"sum_hessian":[9E0,7E0,2E0,1E0,6E0,1E0,1E0,4E0,2E0,3E0,1E0],"tree_param":{"num_deleted":"0","num_feature":"2","num_nodes":"11","size_leaf_vector":"1"}},{"base_weights":[1.1807894E0,-4.047802E0,1.4730103E1,-1.2558776E0,-1.0378374E0,4.610611E-1,1.7484543E0,-2.58219E0,1.8820292E-1,-2.9271317E-1,-6.0121156E-2],"categories":[],"categories_nodes":[],"categories_segments":[],"categories_sizes":[],"default_left":[0,0,0,0,0,0,0,0,0,0,0],"id":38,"left_children":[1,3,5,-1,7,-1,-1,9,-1,-1,-1],"loss_changes":[7.6806274E2,1.9190785E2,3.0061035E0,0E0,3.642488E1,0E0,0E0,1.6567879E0,0E0,0E0,0E0],"parents":[2147483647,0,0,1,1,2,2,4,4,7,7],"right_children":[2,4,6,-1,8,-1,-1,10,-1,-1,-1],"split_conditions":[7.98411E-1,9.88159E-2,1E0,-1.2558776E0,6.020842E-1,4.610611E-1,1.7484543E0,5.0091225E-1,1.8820292E-1,-2.9271317E-1,-6.0121156E-2],"split_indices":[0,0,0,0,0,0,0,0,0,0,0],"split_type":[0,0,0,0,0,0,0,0,0,0,0],"sum_hessian":[9E0,7E0,2E0,1E0,6E0,1E0,1E0,4E0,2E0,3E0,1E0],"tree_param":{"num_deleted":"0","num_feature":"2","num_nodes":"11","size_leaf_vector":"1"}},{"base_weights":[1.1416117E0,-3.820586E0,1.3993602E1,-1.1930836E0,-9.575735E-1,4.3800813E-1,1.6610321E0,-2.3945396E0,1.7565612E-1,-2.7075988E-1,-5.7115175E-2],"categories":[],"categories_nodes":[],"categories_segments":[],"categories_sizes":[],"default_left":[0,0,0,0,0,0,0,0,0,0,0],"id":39,"left_children":[1,3,5,-1,7,-1,-1,9,-1,-1,-1],"loss_changes":[6.912049E2,1.7433334E2,2.7131348E0,0E0,3.1506996E1,0E0,0E0,1.3076897E0,0E0,0E0,0E0],"parents":[2147483647,0,0,1,1,2,2,4,4,7,7],"right_children":[2,4,6,-1,8,-1,-1,10,-1,-1,-1],"split_conditions":[7.98411E-1,9.88159E-2,1E0,-1.1930836E0,6.020842E-1,4.3800813E-1,1.6610321E0,5.0091225E-1,1.7565612E-1,-2.7075988E-1,-5.7115175E-2],"split_indices":[0,0,0,0,0,0,0,0,0,0,0],"split_type":[0,0,0,0,0,0,0,0,0,0,0],"sum_hessian":[9E0,7E0,2E0,1E0,6E0,1E0,1E0,4E0,2E0,3E0,1E0],"tree_param":{"num_deleted":"0","num_feature":"2","num_nodes":"11","size_leaf_vector":"1"}},{"base_weights":[1.1028214E0,-3.6066914E0,1.3293915E1,-1.1334295E0,-8.835629E-1,4.1610718E-1,1.57798E0,-2.2206612E0,1.6394553E-1,-2.504529E-1,-5.425949E-2],"categories":[],"categories_nodes":[],"categories_segments":[],"categories_sizes":[],"default_left":[0,0,0,0,0,0,0,0,0,0,0],"id":40,"left_children":[1,3,5,-1,7,-1,-1,9,-1,-1,-1],"loss_changes":[6.2208813E2,1.583315E2,2.4487305E0,0E0,2.7255337E1,0E0,0E0,1.0227985E0,0E0,0E0,0E0],"parents":[2147483647,0,0,1,1,2,2,4,4,7,7],"right_children":[2,4,6,-1,8,-1,-1,10,-1,-1,-1],"split_conditions":[7.98411E-1,9.88159E-2,1E0,-1.1334295E0,6.020842E-1,4.1610718E-1,1.57798E0,5.0091225E-1,1.6394553E-1,-2.504529E-1,-5.425949E-2],"split_indices":[0,0,0,0,0,0,0,0,0,0,0],"split_type":[0,0,0,0,0,0,0,0,0,0,0],"sum_hessian":[9E0,7E0,2E0,1E0,6E0,1E0,1E0,4E0,2E0,3E0,1E0],"tree_param":{"num_deleted":"0","num_feature":"2","num_nodes":"11","size_leaf_vector":"1"}},{"base_weights":[1.0645298E0,-3.4052958E0,1.2629222E1,-1.076758E0,-8.1531525E-1,3.9530182E-1,1.4990815E0,-2.0595384E0,1.5301615E-1,-2.569257E-1,-8.6330675E-2],"categories":[],"categories_nodes":[],"categories_segments":[],"categories_sizes":[],"default_left":[0,0,0,0,0,0,0,0,0,0,0],"id":41,"left_children":[1,3,5,-1,7,-1,-1,9,-1,-1,-1],"loss_changes":[5.599278E2,1.4376642E2,2.2100525E0,0E0,2.3579502E1,0E0,0E0,8.306503E-1,0E0,0E0,0E0],"parents":[2147483647,0,0,1,1,2,2,4,4,7,7],"right_children":[2,4,6,-1,8,-1,-1,10,-1,-1,-1],"split_conditions":[7.98411E-1,9.88159E-2,1E0,-1.076758E0,6.020842E-1,3.9530182E-1,1.4990815E0,3.0144295E-1,1.5301615E-1,-2.569257E-1,-8.6330675E-2],"split_indices":[0,0,0,0,0,0,0,0,0,0,0],"split_type":[0,0,0,0,0,0,0,0,0,0,0],"sum_hessian":[9E0,7E0,2E0,1E0,6E0,1E0,1E0,4E0,2E0,2E0,2E0],"tree_param":{"num_deleted":"0","num_feature":"2","num_nodes":"11","size_leaf_vector":"1"}},{"base_weights":[1.020817E0,-3.2231395E0,1.1997762E1,-1.0229201E0,-7.609591E-1,3.7553713E-1,1.4241272E0,-1.9222336E0,1.4281516E-1,-2.1666431E-1,-4.7229767E-2],"categories":[],"categories_nodes":[],"categories_segments":[],"categories_sizes":[],"default_left":[0,0,0,0,0,0,0,0,0,0,0],"id":42,"left_children":[1,3,5,-1,7,-1,-1,9,-1,-1,-1],"loss_changes":[5.045272E2,1.302175E2,1.9944153E0,0E0,2.0540348E1,0E0,0E0,7.4859047E-1,0E0,0E0,0E0],"parents":[2147483647,0,0,1,1,2,2,4,4,7,7],"right_children":[2,4,6,-1,8,-1,-1,10,-1,-1,-1],"split_conditions":[7.98411E-1,9.88159E-2,1E0,-1.0229201E0,6.020842E-1,3.7553713E-1,1.4241272E0,5.0091225E-1,1.4281516E-1,-2.1666431E-1,-4.7229767E-2],"split_indices":[0,0,0,0,0,0,0,0,0,0,0],"split_type":[0,0,0,0,0,0,0,0,0,0,0],"sum_hessian":[9E0,7E0,2E0,1E0,6E0,1E0,1E0,4E0,2E0,3E0,1E0],"tree_param":{"num_deleted":"0","num_feature":"2","num_nodes":"11","size_leaf_vector":"1"}},{"base_weights":[9.842987E-1,-3.043827E0,1.1397868E1,-9.717741E-1,-7.021621E-1,3.5675964E-1,1.3529205E0,-1.7827889E0,1.3329366E0,-2.2535287E-1,-7.177862E-2,3.9749146E-2,1.6019134E-1],"categories":[],"categories_nodes":[],"categories_segments":[],"categories_sizes":[],"default_left":[0,0,0,0,0,0,0,0,0,0,0,0,0],"id":43,"left_children":[1,3,5,-1,7,-1,-1,9,11,-1,-1,-1,-1],"loss_changes":[4.5416476E2,1.1820114E2,1.8001099E0,0E0,1.7770618E1,0E0,0E0,8.8914394E-1,1.18093014E-1,0E0,0E0,0E0,0E0],"parents":[2147483647,0,0,1,1,2,2,4,4,7,7,8,8],"right_children":[2,4,6,-1,8,-1,-1,10,12,-1,-1,-1,-1],"split_conditions":[7.98411E-1,9.88159E-2,1E0,-9.717741E-1,6.020842E-1,3.5675964E-1,1.3529205E0,3.0144295E-1,6.997196E-1,-2.2535287E-1,-7.177862E-2,3.9749146E-2,1.6019134E-1],"split_indices":[0,0,0,0,0,0,0,0,0,0,0,0,0],"split_type":[0,0,0,0,0,0,0,0,0,0,0,0,0],"sum_hessian":[9E0,7E0,2E0,1E0,6E0,1E0,1E0,4E0,2E0,2E0,2E0,1E0,1E0],"tree_param":{"num_deleted":"0","num_feature":"2","num_nodes":"13","size_leaf_vector":"1"}},{"base_weights":[9.4994277E-1,-2.873065E0,1.0827983E1,-9.2318535E-1,-6.4583045E-1,3.389221E-1,1.2852753E0,-1.6639373E0,1.2662913E0,-2.1032944E-1,-6.699346E-2,3.776169E-2,1.5218201E-1],"categories":[],"categories_nodes":[],"categories_segments":[],"categories_sizes":[],"default_left":[0,0,0,0,0,0,0,0,0,0,0,0,0],"id":44,"left_children":[1,3,5,-1,7,-1,-1,9,11,-1,-1,-1,-1],"loss_changes":[4.087477E2,1.073379E2,1.6245117E0,0E0,1.5734241E1,0E0,0E0,7.7453995E-1,1.06580734E-1,0E0,0E0,0E0,0E0],"parents":[2147483647,0,0,1,1,2,2,4,4,7,7,8,8],"right_children":[2,4,6,-1,8,-1,-1,10,12,-1,-1,-1,-1],"split_conditions":[7.98411E-1,9.88159E-2,1E0,-9.2318535E-1,6.020842E-1,3.389221E-1,1.2852753E0,3.0144295E-1,6.997196E-1,-2.1032944E-1,-6.699346E-2,3.776169E-2,1.5218201E-1],"split_indices":[0,0,0,0,0,0,0,0,0,0,0,0,0],"split_type":[0,0,0,0,0,0,0,0,0,0,0,0,0],"sum_hessian":[9E0,7E0,2E0,1E0,6E0,1E0,1E0,4E0,2E0,2E0,2E0,1E0,1E0],"tree_param":{"num_deleted":"0","num_feature":"2","num_nodes":"13","size_leaf_vector":"1"}},{"base_weights":[9.1630876E-1,-2.7120817E0,1.028658E1,-8.770261E-1,-5.9373313E-1,3.219757E-1,1.2210114E0,-1.5530097E0,1.2029724E0,-1.9630751E-1,-6.252747E-2,3.5873413E-2,1.4457245E-1],"categories":[],"categories_nodes":[],"categories_segments":[],"categories_sizes":[],"default_left":[0,0,0,0,0,0,0,0,0,0,0,0,0],"id":45,"left_children":[1,3,5,-1,7,-1,-1,9,11,-1,-1,-1,-1],"loss_changes":[3.678881E2,9.745949E1,1.466217E0,0E0,1.3932992E1,0E0,0E0,6.746979E-1,9.6191406E-2,0E0,0E0,0E0,0E0],"parents":[2147483647,0,0,1,1,2,2,4,4,7,7,8,8],"right_children":[2,4,6,-1,8,-1,-1,10,12,-1,-1,-1,-1],"split_conditions":[7.98411E-1,9.88159E-2,1E0,-8.770261E-1,6.020842E-1,3.219757E-1,1.2210114E0,3.0144295E-1,6.997196E-1,-1.9630751E-1,-6.252747E-2,3.5873413E-2,1.4457245E-1],"split_indices":[0,0,0,0,0,0,0,0,0,0,0,0,0],"split_type":[0,0,0,0,0,0,0,0,0,0,0,0,0],"sum_hessian":[9E0,7E0,2E0,1E0,6E0,1E0,1E0,4E0,2E0,2E0,2E0,1E0,1E0],"tree_param":{"num_deleted":"0","num_feature":"2","num_nodes":"13","size_leaf_vector":"1"}},{"base_weights":[8.834383E-1,-2.5602987E0,9.772258E0,-8.331748E-1,-5.455562E-1,3.058777E-1,1.159961E0,-1.449475E0,1.1428274E0,-1.8322043E-1,-5.8358766E-2,3.407974E-2,1.3734436E-1],"categories":[],"categories_nodes":[],"categories_segments":[],"categories_sizes":[],"default_left":[0,0,0,0,0,0,0,0,0,0,0,0,0],"id":46,"left_children":[1,3,5,-1,7,-1,-1,9,11,-1,-1,-1,-1],"loss_changes":[3.3112747E2,8.8478424E1,1.3230286E0,0E0,1.2339633E1,0E0,0E0,5.877495E-1,8.68175E-2,0E0,0E0,0E0,0E0],"parents":[2147483647,0,0,1,1,2,2,4,4,7,7,8,8],"right_children":[2,4,6,-1,8,-1,-1,10,12,-1,-1,-1,-1],"split_conditions":[7.98411E-1,9.88159E-2,1E0,-8.331748E-1,6.020842E-1,3.058777E-1,1.159961E0,3.0144295E-1,6.997196E-1,-1.8322043E-1,-5.8358766E-2,3.407974E-2,1.3734436E-1],"split_indices":[0,0,0,0,0,0,0,0,0,0,0,0,0],"split_type":[0,0,0,0,0,0,0,0,0,0,0,0,0],"sum_hessian":[9E0,7E0,2E0,1E0,6E0,1E0,1E0,4E0,2E0,2E0,2E0,1E0,1E0],"tree_param":{"num_deleted":"0","num_feature":"2","num_nodes":"13","size_leaf_vector":"1"}},{"base_weights":[8.513467E-1,-2.417182E0,9.283641E0,-7.9151607E-1,-5.0101906E-1,2.9058382E-1,1.1019623E0,-1.3528427E0,1.0856934E0,-1.7100577E-1,-5.4468032E-2,3.23761E-2,1.304779E-1],"categories":[],"categories_nodes":[],"categories_segments":[],"categories_sizes":[],"default_left":[0,0,0,0,0,0,0,0,0,0,0,0,0],"id":47,"left_children":[1,3,5,-1,7,-1,-1,9,11,-1,-1,-1,-1],"loss_changes":[2.980522E2,8.031453E1,1.1940002E0,0E0,1.0929966E1,0E0,0E0,5.120039E-1,7.8348875E-2,0E0,0E0,0E0,0E0],"parents":[2147483647,0,0,1,1,2,2,4,4,7,7,8,8],"right_children":[2,4,6,-1,8,-1,-1,10,12,-1,-1,-1,-1],"split_conditions":[7.98411E-1,9.88159E-2,1E0,-7.9151607E-1,6.020842E-1,2.9058382E-1,1.1019623E0,3.0144295E-1,6.997196E-1,-1.7100577E-1,-5.4468032E-2,3.23761E-2,1.304779E-1],"split_indices":[0,0,0,0,0,0,0,0,0,0,0,0,0],"split_type":[0,0,0,0,0,0,0,0,0,0,0,0,0],"sum_hessian":[9E0,7E0,2E0,1E0,6E0,1E0,1E0,4E0,2E0,2E0,2E0,1E0,1E0],"tree_param":{"num_deleted":"0","num_feature":"2","num_nodes":"13","size_leaf_vector":"1"}},{"base_weights":[8.200514E-1,-2.2822325E0,8.819458E0,-7.5194025E-1,-4.5986503E-1,2.7605438E-1,1.0468644E0,-1.2626526E0,1.0314026E0,-1.5960541E-1,-5.083669E-2,3.0757142E-2,1.23953246E-1],"categories":[],"categories_nodes":[],"categories_segments":[],"categories_sizes":[],"default_left":[0,0,0,0,0,0,0,0,0,0,0,0,0],"id":48,"left_children":[1,3,5,-1,7,-1,-1,9,11,-1,-1,-1,-1],"loss_changes":[2.6829233E2,7.289447E1,1.0776825E0,0E0,9.682501E0,0E0,0E0,4.4601917E-1,7.070804E-2,0E0,0E0,0E0,0E0],"parents":[2147483647,0,0,1,1,2,2,4,4,7,7,8,8],"right_children":[2,4,6,-1,8,-1,-1,10,12,-1,-1,-1,-1],"split_conditions":[7.98411E-1,9.88159E-2,1E0,-7.5194025E-1,6.020842E-1,2.7605438E-1,1.0468644E0,3.0144295E-1,6.997196E-1,-1.5960541E-1,-5.083669E-2,3.0757142E-2,1.23953246E-1],"split_indices":[0,0,0,0,0,0,0,0,0,0,0,0,0],"split_type":[0,0,0,0,0,0,0,0,0,0,0,0,0],"sum_hessian":[9E0,7E0,2E0,1E0,6E0,1E0,1E0,4E0,2E0,2E0,2E0,1E0,1E0],"tree_param":{"num_deleted":"0","num_feature":"2","num_nodes":"13","size_leaf_vector":"1"}},{"base_weights":[7.895683E-1,-2.1549692E0,8.378479E0,-7.1434325E-1,-4.218412E-1,2.622513E-1,9.945206E-1,-1.1784744E0,9.798279E-1,-1.4896494E-1,-4.7447458E-2,2.9219056E-2,1.1775513E-1],"categories":[],"categories_nodes":[],"categories_segments":[],"categories_sizes":[],"default_left":[0,0,0,0,0,0,0,0,0,0,0,0,0],"id":49,"left_children":[1,3,5,-1,7,-1,-1,9,11,-1,-1,-1,-1],"loss_changes":[2.415137E2,6.615177E1,9.72641E-1,0E0,8.5785475E0,0E0,0E0,3.8853502E-1,6.381655E-2,0E0,0E0,0E0,0E0],"parents":[2147483647,0,0,1,1,2,2,4,4,7,7,8,8],"right_children":[2,4,6,-1,8,-1,-1,10,12,-1,-1,-1,-1],"split_conditions":[7.98411E-1,9.88159E-2,1E0,-7.1434325E-1,6.020842E-1,2.622513E-1,9.945206E-1,3.0144295E-1,6.997196E-1,-1.4896494E-1,-4.7447458E-2,2.9219056E-2,1.1775513E-1],"split_indices":[0,0,0,0,0,0,0,0,0,0,0,0,0],"split_type":[0,0,0,0,0,0,0,0,0,0,0,0,0],"sum_hessian":[9E0,7E0,2E0,1E0,6E0,1E0,1E0,4E0,2E0,2E0,2E0,1E0,1E0],"tree_param":{"num_deleted":"0","num_feature":"2","num_nodes":"13","size_leaf_vector":"1"}},{"base_weights":[7.599124E-1,-2.034946E0,7.959564E0,-6.786261E-1,-3.8672093E-1,2.4913941E-1,9.4479525E-1,-1.0999085E0,9.308319E-1,-1.2536506E-1,-2.424698E-2,2.7758026E-2,1.11866765E-1],"categories":[],"categories_nodes":[],"categories_segments":[],"categories_sizes":[],"default_left":[0,0,0,0,0,0,0,0,0,0,0,0,0],"id":50,"left_children":[1,3,5,-1,7,-1,-1,9,11,-1,-1,-1,-1],"loss_changes":[2.1741734E2,6.0025513E1,8.7771606E-1,0E0,7.6014657E0,0E0,0E0,3.5515022E-1,5.7591915E-2,0E0,0E0,0E0,0E0],"parents":[2147483647,0,0,1,1,2,2,4,4,7,7,8,8],"right_children":[2,4,6,-1,8,-1,-1,10,12,-1,-1,-1,-1],"split_conditions":[7.98411E-1,9.88159E-2,1E0,-6.786261E-1,6.020842E-1,2.4913941E-1,9.4479525E-1,5.0091225E-1,6.997196E-1,-1.2536506E-1,-2.424698E-2,2.7758026E-2,1.11866765E-1],"split_indices":[0,0,0,0,0,0,0,0,0,0,0,0,0],"split_type":[0,0,0,0,0,0,0,0,0,0,0,0,0],"sum_hessian":[9E0,7E0,2E0,1E0,6E0,1E0,1E0,4E0,2E0,3E0,1E0,1E0,1E0],"tree_param":{"num_deleted":"0","num_feature":"2","num_nodes":"13","size_leaf_vector":"1"}},{"base_weights":[7.3445225E-1,-1.9175289E0,7.5615845E0,-6.446948E-1,-3.494764E-1,2.3668213E-1,8.9755553E-1,-1.0198395E0,8.8428754E-1,-1.3067627E-1,-3.9296977E-2,2.637024E-2,1.0627289E-1],"categories":[],"categories_nodes":[],"categories_segments":[],"categories_sizes":[],"default_left":[0,0,0,0,0,0,0,0,0,0,0,0,0],"id":51,"left_children":[1,3,5,-1,7,-1,-1,9,11,-1,-1,-1,-1],"loss_changes":[1.955538E2,5.456588E1,7.922058E-1,0E0,6.69132E0,0E0,0E0,3.857994E-1,5.1970005E-2,0E0,0E0,0E0,0E0],"parents":[2147483647,0,0,1,1,2,2,4,4,7,7,8,8],"right_children":[2,4,6,-1,8,-1,-1,10,12,-1,-1,-1,-1],"split_conditions":[7.98411E-1,9.88159E-2,1E0,-6.446948E-1,6.020842E-1,2.3668213E-1,8.9755553E-1,3.0144295E-1,6.997196E-1,-1.3067627E-1,-3.9296977E-2,2.637024E-2,1.0627289E-1],"split_indices":[0,0,0,0,0,0,0,0,0,0,0,0,0],"split_type":[0,0,0,0,0,0,0,0,0,0,0,0,0],"sum_hessian":[9E0,7E0,2E0,1E0,6E0,1E0,1E0,4E0,2E0,2E0,2E0,1E0,1E0],"tree_param":{"num_deleted":"0","num_feature":"2","num_nodes":"13","size_leaf_vector":"1"}},{"base_weights":[7.0622844E-1,-1.8110278E0,7.183502E0,-6.124601E-1,-3.198602E-1,2.2484742E-1,8.5267794E-1,-9.518509E-1,8.400777E-1,-1.21964514E-1,-3.6677297E-2,2.505188E-2,1.0095978E-1],"categories":[],"categories_nodes":[],"categories_segments":[],"categories_sizes":[],"default_left":[0,0,0,0,0,0,0,0,0,0,0,0,0],"id":52,"left_children":[1,3,5,-1,7,-1,-1,9,11,-1,-1,-1,-1],"loss_changes":[1.7605911E2,4.949906E1,7.1507263E-1,0E0,5.931119E0,0E0,0E0,3.3606958E-1,4.6902895E-2,0E0,0E0,0E0,0E0],"parents":[2147483647,0,0,1,1,2,2,4,4,7,7,8,8],"right_children":[2,4,6,-1,8,-1,-1,10,12,-1,-1,-1,-1],"split_conditions":[7.98411E-1,9.88159E-2,1E0,-6.124601E-1,6.020842E-1,2.2484742E-1,8.5267794E-1,3.0144295E-1,6.997196E-1,-1.21964514E-1,-3.6677297E-2,2.505188E-2,1.0095978E-1],"split_indices":[0,0,0,0,0,0,0,0,0,0,0,0,0],"split_type":[0,0,0,0,0,0,0,0,0,0,0,0,0],"sum_hessian":[9E0,7E0,2E0,1E0,6E0,1E0,1E0,4E0,2E0,2E0,2E0,1E0,1E0],"tree_param":{"num_deleted":"0","num_feature":"2","num_nodes":"13","size_leaf_vector":"1"}},{"base_weights":[6.788476E-1,-1.7105607E0,6.8243203E0,-5.8183706E-1,-2.9253498E-1,2.1360473E-1,8.1004333E-1,-8.883942E-1,7.980754E-1,-1.3327102E-1,-4.4413757E-2,2.3799134E-2,9.591217E-2],"categories":[],"categories_nodes":[],"categories_segments":[],"categories_sizes":[],"default_left":[0,0,0,0,0,0,0,0,0,0,0,0,0],"id":53,"left_children":[1,3,5,-1,7,-1,-1,9,11,-1,-1,-1,-1],"loss_changes":[1.5851385E2,4.489776E1,6.4538574E-1,0E0,5.2579565E0,0E0,0E0,3.9504528E-1,4.233575E-2,0E0,0E0,0E0,0E0],"parents":[2147483647,0,0,1,1,2,2,4,4,7,7,8,8],"right_children":[2,4,6,-1,8,-1,-1,10,12,-1,-1,-1,-1],"split_conditions":[7.98411E-1,9.88159E-2,1E0,-5.8183706E-1,6.020842E-1,2.1360473E-1,8.1004333E-1,1.9997978E-1,6.997196E-1,-1.3327102E-1,-4.4413757E-2,2.3799134E-2,9.591217E-2],"split_indices":[0,0,0,0,0,0,0,0,0,0,0,0,0],"split_type":[0,0,0,0,0,0,0,0,0,0,0,0,0],"sum_hessian":[9E0,7E0,2E0,1E0,6E0,1E0,1E0,4E0,2E0,1E0,3E0,1E0,1E0],"tree_param":{"num_deleted":"0","num_feature":"2","num_nodes":"13","size_leaf_vector":"1"}},{"base_weights":[6.493451E-1,-1.6194824E0,6.4831033E0,-5.527452E-1,-2.7156502E-1,2.0292512E-1,7.695404E-1,-8.350922E-1,7.581685E-1,-1.2660752E-1,-4.1082766E-2,2.2608949E-2,9.111633E-2],"categories":[],"categories_nodes":[],"categories_segments":[],"categories_sizes":[],"default_left":[0,0,0,0,0,0,0,0,0,0,0,0,0],"id":54,"left_children":[1,3,5,-1,7,-1,-1,9,11,-1,-1,-1,-1],"loss_changes":[1.4285718E2,4.0639893E1,5.8231354E-1,0E0,4.6951203E0,0E0,0E0,3.9411545E-1,3.8211584E-2,0E0,0E0,0E0,0E0],"parents":[2147483647,0,0,1,1,2,2,4,4,7,7,8,8],"right_children":[2,4,6,-1,8,-1,-1,10,12,-1,-1,-1,-1],"split_conditions":[7.98411E-1,9.88159E-2,1E0,-5.527452E-1,6.020842E-1,2.0292512E-1,7.695404E-1,1.9997978E-1,6.997196E-1,-1.2660752E-1,-4.1082766E-2,2.2608949E-2,9.111633E-2],"split_indices":[0,0,0,0,0,0,0,0,0,0,0,0,0],"split_type":[0,0,0,0,0,0,0,0,0,0,0,0,0],"sum_hessian":[9E0,7E0,2E0,1E0,6E0,1E0,1E0,4E0,2E0,1E0,3E0,1E0,1E0],"tree_param":{"num_deleted":"0","num_feature":"2","num_nodes":"13","size_leaf_vector":"1"}},{"base_weights":[6.209866E-1,-1.5333753E0,6.158956E0,-4.302568E0,1.0678355E-1,1.9277954E-1,7.3106384E-1,-5.25108E-1,-1.2027722E-1,-3.8001634E-2,7.2025555E-1,2.1478271E-2,8.656006E-2],"categories":[],"categories_nodes":[],"categories_segments":[],"categories_sizes":[],"default_left":[0,0,0,0,0,0,0,0,0,0,0,0,0],"id":55,"left_children":[1,3,5,7,9,-1,-1,-1,-1,-1,11,-1,-1],"loss_changes":[1.2875189E2,3.679477E1,5.2544403E-1,2.5047264E0,2.0655375E0,0E0,0E0,0E0,0E0,0E0,3.4487844E-2,0E0,0E0],"parents":[2147483647,0,0,1,1,2,2,3,3,4,4,10,10],"right_children":[2,4,6,8,10,-1,-1,-1,-1,-1,12,-1,-1],"split_conditions":[7.98411E-1,1.9997978E-1,1E0,9.88159E-2,6.020842E-1,1.9277954E-1,7.3106384E-1,-5.25108E-1,-1.2027722E-1,-3.8001634E-2,6.997196E-1,2.1478271E-2,8.656006E-2],"split_indices":[0,0,0,0,0,0,0,0,0,0,0,0,0],"split_type":[0,0,0,0,0,0,0,0,0,0,0,0,0],"sum_hessian":[9E0,7E0,2E0,2E0,5E0,1E0,1E0,1E0,1E0,3E0,2E0,1E0,1E0],"tree_param":{"num_deleted":"0","num_feature":"2","num_nodes":"13","size_leaf_vector":"1"}},{"base_weights":[5.937359E-1,-1.4519563E0,5.851003E0,-4.087439E0,1.07777916E-1,1.8314056E-1,6.945099E-1,-4.9885255E-1,-1.1426335E-1,-3.515167E-2,6.842448E-1,2.0404054E-2,8.223267E-2],"categories":[],"categories_nodes":[],"categories_segments":[],"categories_sizes":[],"default_left":[0,0,0,0,0,0,0,0,0,0,0,0,0],"id":56,"left_children":[1,3,5,7,9,-1,-1,-1,-1,-1,11,-1,-1],"loss_changes":[1.160429E2,3.332576E1,4.7418213E-1,2.2605133E0,1.8291324E0,0E0,0E0,0E0,0E0,0E0,3.1134486E-2,0E0,0E0],"parents":[2147483647,0,0,1,1,2,2,3,3,4,4,10,10],"right_children":[2,4,6,8,10,-1,-1,-1,-1,-1,12,-1,-1],"split_conditions":[7.98411E-1,1.9997978E-1,1E0,9.88159E-2,6.020842E-1,1.8314056E-1,6.945099E-1,-4.9885255E-1,-1.1426335E-1,-3.515167E-2,6.997196E-1,2.0404054E-2,8.223267E-2],"split_indices":[0,0,0,0,0,0,0,0,0,0,0,0,0],"split_type":[0,0,0,0,0,0,0,0,0,0,0,0,0],"sum_hessian":[9E0,7E0,2E0,2E0,5E0,1E0,1E0,1E0,1E0,3E0,2E0,1E0,1E0],"tree_param":{"num_deleted":"0","num_feature":"2","num_nodes":"13","size_leaf_vector":"1"}},{"base_weights":[5.675626E-1,-1.374966E0,5.558451E0,-3.8830678E0,1.0824585E-1,1.7398377E-1,6.5978396E-1,-4.739099E-1,-1.08550265E-1,-3.2515336E-2,6.500295E-1,1.9384002E-2,7.8120425E-2],"categories":[],"categories_nodes":[],"categories_segments":[],"categories_sizes":[],"default_left":[0,0,0,0,0,0,0,0,0,0,0,0,0],"id":57,"left_children":[1,3,5,7,9,-1,-1,-1,-1,-1,11,-1,-1],"loss_changes":[1.04592125E2,3.0180698E1,4.2788696E-1,2.040104E0,1.6202109E0,0E0,0E0,0E0,0E0,0E0,2.8092861E-2,0E0,0E0],"parents":[2147483647,0,0,1,1,2,2,3,3,4,4,10,10],"right_children":[2,4,6,8,10,-1,-1,-1,-1,-1,12,-1,-1],"split_conditions":[7.98411E-1,1.9997978E-1,1E0,9.88159E-2,6.020842E-1,1.7398377E-1,6.5978396E-1,-4.739099E-1,-1.08550265E-1,-3.2515336E-2,6.997196E-1,1.9384002E-2,7.8120425E-2],"split_indices":[0,0,0,0,0,0,0,0,0,0,0,0,0],"split_type":[0,0,0,0,0,0,0,0,0,0,0,0,0],"sum_hessian":[9E0,7E0,2E0,2E0,5E0,1E0,1E0,1E0,1E0,3E0,2E0,1E0,1E0],"tree_param":{"num_deleted":"0","num_feature":"2","num_nodes":"13","size_leaf_vector":"1"}},{"base_weights":[5.4243624E-1,-1.3021526E0,5.2805276E0,-3.688914E0,1.0825348E-1,1.6528474E-1,6.2679446E-1,-4.502144E-1,-1.0312271E-1,-3.0076599E-2,6.1752826E-1,1.841507E-2,7.4214175E-2],"categories":[],"categories_nodes":[],"categories_segments":[],"categories_sizes":[],"default_left":[0,0,0,0,0,0,0,0,0,0,0,0,0],"id":58,"left_children":[1,3,5,7,9,-1,-1,-1,-1,-1,11,-1,-1],"loss_changes":[9.427437E1,2.7329762E1,3.861313E-1,1.8411942E0,1.4355514E0,0E0,0E0,0E0,0E0,0E0,2.5348067E-2,0E0,0E0],"parents":[2147483647,0,0,1,1,2,2,3,3,4,4,10,10],"right_children":[2,4,6,8,10,-1,-1,-1,-1,-1,12,-1,-1],"split_conditions":[7.98411E-1,1.9997978E-1,1E0,9.88159E-2,6.020842E-1,1.6528474E-1,6.2679446E-1,-4.502144E-1,-1.0312271E-1,-3.0076599E-2,6.997196E-1,1.841507E-2,7.4214175E-2],"split_indices":[0,0,0,0,0,0,0,0,0,0,0,0,0],"split_type":[0,0,0,0,0,0,0,0,0,0,0,0,0],"sum_hessian":[9E0,7E0,2E0,2E0,5E0,1E0,1E0,1E0,1E0,3E0,2E0,1E0,1E0],"tree_param":{"num_deleted":"0","num_feature":"2","num_nodes":"13","size_leaf_vector":"1"}},{"base_weights":[5.1832044E-1,-1.2332869E0,5.0165E0,-3.5044682E0,1.0785166E-1,1.5702057E-1,5.954544E-1,-4.2770368E-1,-9.7966574E-2,-2.782097E-1,5.866496E-1,-3.1645205E-2,-8.1741335E-3,1.7494202E-2,7.0503235E-2],"categories":[],"categories_nodes":[],"categories_segments":[],"categories_sizes":[],"default_left":[0,0,0,0,0,0,0,0,0,0,0,0,0,0,0],"id":59,"left_children":[1,3,5,7,9,-1,-1,-1,-1,11,13,-1,-1,-1,-1],"loss_changes":[8.497722E1,2.4745716E1,3.484726E-1,1.6616821E0,1.2722838E0,0E0,0E0,0E0,0E0,4.1864216E-3,2.2877455E-2,0E0,0E0,0E0,0E0],"parents":[2147483647,0,0,1,1,2,2,3,3,4,4,9,9,10,10],"right_children":[2,4,6,8,10,-1,-1,-1,-1,12,14,-1,-1,-1,-1],"split_conditions":[7.98411E-1,1.9997978E-1,1E0,9.88159E-2,6.020842E-1,1.5702057E-1,5.954544E-1,-4.2770368E-1,-9.7966574E-2,5.0091225E-1,6.997196E-1,-3.1645205E-2,-8.1741335E-3,1.7494202E-2,7.0503235E-2],"split_indices":[0,0,0,0,0,0,0,0,0,0,0,0,0,0,0],"split_type":[0,0,0,0,0,0,0,0,0,0,0,0,0,0,0],"sum_hessian":[9E0,7E0,2E0,2E0,5E0,1E0,1E0,1E0,1E0,3E0,2E0,2E0,1E0,1E0,1E0],"tree_param":{"num_deleted":"0","num_feature":"2","num_nodes":"15","size_leaf_vector":"1"}},{"base_weights":[4.9398917E-1,-1.169642E0,4.765676E0,-3.3292453E0,1.051E-1,1.4916992E-1,5.6568146E-1,-4.063185E-1,-9.306832E-2,-2.6034164E-1,5.573222E-1,-2.9535422E-2,-7.7651977E-3,1.6619874E-2,6.6978455E-2],"categories":[],"categories_nodes":[],"categories_segments":[],"categories_sizes":[],"default_left":[0,0,0,0,0,0,0,0,0,0,0,0,0,0,0],"id":60,"left_children":[1,3,5,7,9,-1,-1,-1,-1,11,13,-1,-1,-1,-1],"loss_changes":[7.6639244E1,2.2373398E1,3.1443787E-1,1.4996605E0,1.136659E0,0E0,0E0,0E0,0E0,2.6508868E-3,2.0642698E-2,0E0,0E0,0E0,0E0],"parents":[2147483647,0,0,1,1,2,2,3,3,4,4,9,9,10,10],"right_children":[2,4,6,8,10,-1,-1,-1,-1,12,14,-1,-1,-1,-1],"split_conditions":[7.98411E-1,1.9997978E-1,1E0,9.88159E-2,6.020842E-1,1.4916992E-1,5.6568146E-1,-4.063185E-1,-9.306832E-2,5.0091225E-1,6.997196E-1,-2.9535422E-2,-7.7651977E-3,1.6619874E-2,6.6978455E-2],"split_indices":[0,0,0,0,0,0,0,0,0,0,0,0,0,0,0],"split_type":[0,0,0,0,0,0,0,0,0,0,0,0,0,0,0],"sum_hessian":[9E0,7E0,2E0,2E0,5E0,1E0,1E0,1E0,1E0,3E0,2E0,2E0,1E0,1E0,1E0],"tree_param":{"num_deleted":"0","num_feature":"2","num_nodes":"15","size_leaf_vector":"1"}},{"base_weights":[4.7076645E-1,-1.1093149E0,4.527395E0,-3.1627834E0,1.0230509E-1,1.4171143E-1,5.373978E-1,-3.8600254E-1,-8.841496E-2,-2.4363327E-1,5.294545E-1,-2.7566528E-2,-7.3768618E-3,1.5789032E-2,6.362915E-2],"categories":[],"categories_nodes":[],"categories_segments":[],"categories_sizes":[],"default_left":[0,0,0,0,0,0,0,0,0,0,0,0,0,0,0],"id":61,"left_children":[1,3,5,7,9,-1,-1,-1,-1,11,13,-1,-1,-1,-1],"loss_changes":[6.912034E1,2.0227757E1,2.837906E-1,1.3534374E0,1.0155971E0,0E0,0E0,0E0,0E0,1.4289767E-3,1.8626034E-2,0E0,0E0,0E0,0E0],"parents":[2147483647,0,0,1,1,2,2,3,3,4,4,9,9,10,10],"right_children":[2,4,6,8,10,-1,-1,-1,-1,12,14,-1,-1,-1,-1],"split_conditions":[7.98411E-1,1.9997978E-1,1E0,9.88159E-2,6.020842E-1,1.4171143E-1,5.373978E-1,-3.8600254E-1,-8.841496E-2,5.0091225E-1,6.997196E-1,-2.7566528E-2,-7.3768618E-3,1.5789032E-2,6.362915E-2],"split_indices":[0,0,0,0,0,0,0,0,0,0,0,0,0,0,0],"split_type":[0,0,0,0,0,0,0,0,0,0,0,0,0,0,0],"sum_hessian":[9E0,7E0,2E0,2E0,5E0,1E0,1E0,1E0,1E0,3E0,2E0,2E0,1E0,1E0,1E0],"tree_param":{"num_deleted":"0","num_feature":"2","num_nodes":"15","size_leaf_vector":"1"}},{"base_weights":[4.4860506E-1,-1.0521282E0,4.3010254E0,-3.0046446E0,9.9484764E-2,1.3462524E-1,5.1052856E-1,-3.667024E-1,-8.399429E-2,-2.2800827E-1,5.0298053E-1,-2.572886E-2,-7.008362E-3,1.499939E-2,6.0447693E-2],"categories":[],"categories_nodes":[],"categories_segments":[],"categories_sizes":[],"default_left":[0,0,0,0,0,0,0,0,0,0,0,0,0,0,0],"id":62,"left_children":[1,3,5,7,9,-1,-1,-1,-1,11,13,-1,-1,-1,-1],"loss_changes":[6.2339783E1,1.8287262E1,2.5621414E-1,1.2214718E0,9.0753603E-1,0E0,0E0,0E0,0E0,4.646331E-4,1.6812742E-2,0E0,0E0,0E0,0E0],"parents":[2147483647,0,0,1,1,2,2,3,3,4,4,9,9,10,10],"right_children":[2,4,6,8,10,-1,-1,-1,-1,12,14,-1,-1,-1,-1],"split_conditions":[7.98411E-1,1.9997978E-1,1E0,9.88159E-2,6.020842E-1,1.3462524E-1,5.1052856E-1,-3.667024E-1,-8.399429E-2,5.0091225E-1,6.997196E-1,-2.572886E-2,-7.008362E-3,1.499939E-2,6.0447693E-2],"split_indices":[0,0,0,0,0,0,0,0,0,0,0,0,0,0,0],"split_type":[0,0,0,0,0,0,0,0,0,0,0,0,0,0,0],"sum_hessian":[9E0,7E0,2E0,2E0,5E0,1E0,1E0,1E0,1E0,3E0,2E0,2E0,1E0,1E0,1E0],"tree_param":{"num_deleted":"0","num_feature":"2","num_nodes":"15","size_leaf_vector":"1"}},{"base_weights":[4.274609E-1,-9.979157E-1,4.085978E0,-2.8544118E0,9.665171E-2,1.278946E-1,4.8500213E-1,-3.483673E-1,-7.9794504E-2,-2.1339417E-2,4.7782898E-1,1.4249421E-2,5.742493E-2],"categories":[],"categories_nodes":[],"categories_segments":[],"categories_sizes":[],"default_left":[0,0,0,0,0,0,0,0,0,0,0,0,0],"id":63,"left_children":[1,3,5,7,9,-1,-1,-1,-1,-1,11,-1,-1],"loss_changes":[5.622511E1,1.6532366E1,2.3116684E-1,1.1023827E0,8.1106055E-1,0E0,0E0,0E0,0E0,0E0,1.5172005E-2,0E0,0E0],"parents":[2147483647,0,0,1,1,2,2,3,3,4,4,10,10],"right_children":[2,4,6,8,10,-1,-1,-1,-1,-1,12,-1,-1],"split_conditions":[7.98411E-1,1.9997978E-1,1E0,9.88159E-2,6.020842E-1,1.278946E-1,4.8500213E-1,-3.483673E-1,-7.9794504E-2,-2.1339417E-2,6.997196E-1,1.4249421E-2,5.742493E-2],"split_indices":[0,0,0,0,0,0,0,0,0,0,0,0,0],"split_type":[0,0,0,0,0,0,0,0,0,0,0,0,0],"sum_hessian":[9E0,7E0,2E0,2E0,5E0,1E0,1E0,1E0,1E0,3E0,2E0,1E0,1E0],"tree_param":{"num_deleted":"0","num_feature":"2","num_nodes":"13","size_leaf_vector":"1"}},{"base_weights":[4.0821972E-1,-9.453528E-1,3.881673E0,-2.711691E0,9.537506E-2,1.21499635E-1,4.6075135E-1,-3.3094892E-1,-7.580471E-2,-1.973877E-1,4.5393372E-1,-2.2591146E-2,-5.59082E-3,1.3536835E-2,5.4553222E-2],"categories":[],"categories_nodes":[],"categories_segments":[],"categories_sizes":[],"default_left":[0,0,0,0,0,0,0,0,0,0,0,0,0,0,0],"id":64,"left_children":[1,3,5,7,9,-1,-1,-1,-1,11,13,-1,-1,-1,-1],"loss_changes":[5.0685265E1,1.4964845E1,2.0862961E-1,9.949074E-1,7.1943665E-1,0E0,0E0,0E0,0E0,3.5118014E-3,1.3692498E-2,0E0,0E0,0E0,0E0],"parents":[2147483647,0,0,1,1,2,2,3,3,4,4,9,9,10,10],"right_children":[2,4,6,8,10,-1,-1,-1,-1,12,14,-1,-1,-1,-1],"split_conditions":[7.98411E-1,1.9997978E-1,1E0,9.88159E-2,6.020842E-1,1.21499635E-1,4.6075135E-1,-3.3094892E-1,-7.580471E-2,5.0091225E-1,6.997196E-1,-2.2591146E-2,-5.59082E-3,1.3536835E-2,5.4553222E-2],"split_indices":[0,0,0,0,0,0,0,0,0,0,0,0,0,0,0],"split_type":[0,0,0,0,0,0,0,0,0,0,0,0,0,0,0],"sum_hessian":[9E0,7E0,2E0,2E0,5E0,1E0,1E0,1E0,1E0,3E0,2E0,2E0,1E0,1E0,1E0],"tree_param":{"num_deleted":"0","num_feature":"2","num_nodes":"15","size_leaf_vector":"1"}},{"base_weights":[3.889373E-1,-8.966752E-1,3.6875916E0,-2.576106E0,9.248606E-2,1.1542511E-1,4.3771362E-1,-3.1440148E-1,-7.201443E-2,-1.846962E-1,4.3123373E-1,-2.1085104E-2,-5.3115846E-3,1.2860107E-2,5.1824953E-2],"categories":[],"categories_nodes":[],"categories_segments":[],"categories_sizes":[],"default_left":[0,0,0,0,0,0,0,0,0,0,0,0,0,0,0],"id":65,"left_children":[1,3,5,7,9,-1,-1,-1,-1,11,13,-1,-1,-1,-1],"loss_changes":[4.5714485E1,1.3528079E1,1.8824005E-1,8.9790726E-1,6.430163E-1,0E0,0E0,0E0,0E0,2.5663227E-3,1.2354016E-2,0E0,0E0,0E0,0E0],"parents":[2147483647,0,0,1,1,2,2,3,3,4,4,9,9,10,10],"right_children":[2,4,6,8,10,-1,-1,-1,-1,12,14,-1,-1,-1,-1],"split_conditions":[7.98411E-1,1.9997978E-1,1E0,9.88159E-2,6.020842E-1,1.1542511E-1,4.3771362E-1,-3.1440148E-1,-7.201443E-2,5.0091225E-1,6.997196E-1,-2.1085104E-2,-5.3115846E-3,1.2860107E-2,5.1824953E-2],"split_indices":[0,0,0,0,0,0,0,0,0,0,0,0,0,0,0],"split_type":[0,0,0,0,0,0,0,0,0,0,0,0,0,0,0],"sum_hessian":[9E0,7E0,2E0,2E0,5E0,1E0,1E0,1E0,1E0,3E0,2E0,2E0,1E0,1E0,1E0],"tree_param":{"num_deleted":"0","num_feature":"2","num_nodes":"15","size_leaf_vector":"1"}},{"base_weights":[3.7054604E-1,-8.505229E-1,3.5032146E0,-2.447301E0,8.961996E-2,1.0965424E-1,4.1582796E-1,-2.986814E-1,-6.8413734E-2,-1.7282486E-1,4.0967306E-1,-1.9679261E-2,-5.0460817E-3,1.221695E-2,4.923401E-2],"categories":[],"categories_nodes":[],"categories_segments":[],"categories_sizes":[],"default_left":[0,0,0,0,0,0,0,0,0,0,0,0,0,0,0],"id":66,"left_children":[1,3,5,7,9,-1,-1,-1,-1,11,13,-1,-1,-1,-1],"loss_changes":[4.1231606E1,1.2228922E1,1.6985321E-1,8.1035995E-1,5.7477933E-1,0E0,0E0,0E0,0E0,1.8008575E-3,1.1152267E-2,0E0,0E0,0E0,0E0],"parents":[2147483647,0,0,1,1,2,2,3,3,4,4,9,9,10,10],"right_children":[2,4,6,8,10,-1,-1,-1,-1,12,14,-1,-1,-1,-1],"split_conditions":[7.98411E-1,1.9997978E-1,1E0,9.88159E-2,6.020842E-1,1.0965424E-1,4.1582796E-1,-2.986814E-1,-6.8413734E-2,5.0091225E-1,6.997196E-1,-1.9679261E-2,-5.0460817E-3,1.221695E-2,4.923401E-2],"split_indices":[0,0,0,0,0,0,0,0,0,0,0,0,0,0,0],"split_type":[0,0,0,0,0,0,0,0,0,0,0,0,0,0,0],"sum_hessian":[9E0,7E0,2E0,2E0,5E0,1E0,1E0,1E0,1E0,3E0,2E0,2E0,1E0,1E0,1E0],"tree_param":{"num_deleted":"0","num_feature":"2","num_nodes":"15","size_leaf_vector":"1"}},{"base_weights":[3.5300285E-1,-8.067666E-1,3.3280537E0,-2.3249362E0,8.6779274E-2,1.0417175E-1,3.950363E-1,-2.8374735E-1,-6.49931E-2,-1.6172409E-1,3.8919067E-1,-1.8367512E-2,-4.7935485E-3,1.16058355E-2,4.6772767E-2],"categories":[],"categories_nodes":[],"categories_segments":[],"categories_sizes":[],"default_left":[0,0,0,0,0,0,0,0,0,0,0,0,0,0,0],"id":67,"left_children":[1,3,5,7,9,-1,-1,-1,-1,11,13,-1,-1,-1,-1],"loss_changes":[3.7188694E1,1.105419E1,1.5326309E-1,7.313442E-1,5.13843E-1,0E0,0E0,0E0,0E0,1.1865571E-3,1.0069281E-2,0E0,0E0,0E0,0E0],"parents":[2147483647,0,0,1,1,2,2,3,3,4,4,9,9,10,10],"right_children":[2,4,6,8,10,-1,-1,-1,-1,12,14,-1,-1,-1,-1],"split_conditions":[7.98411E-1,1.9997978E-1,1E0,9.88159E-2,6.020842E-1,1.0417175E-1,3.950363E-1,-2.8374735E-1,-6.49931E-2,5.0091225E-1,6.997196E-1,-1.8367512E-2,-4.7935485E-3,1.16058355E-2,4.6772767E-2],"split_indices":[0,0,0,0,0,0,0,0,0,0,0,0,0,0,0],"split_type":[0,0,0,0,0,0,0,0,0,0,0,0,0,0,0],"sum_hessian":[9E0,7E0,2E0,2E0,5E0,1E0,1E0,1E0,1E0,3E0,2E0,2E0,1E0,1E0,1E0],"tree_param":{"num_deleted":"0","num_feature":"2","num_nodes":"15","size_leaf_vector":"1"}},{"base_weights":[3.362657E-1,-7.652834E-1,3.1616414E0,-2.208689E0,8.3966576E-2,9.8962404E-2,3.752838E-1,-2.6955998E-1,-6.1743356E-2,-1.513443E-1,3.6972556E-1,-1.714325E-2,-4.553986E-3,1.1025238E-2,4.4433594E-2],"categories":[],"categories_nodes":[],"categories_segments":[],"categories_sizes":[],"default_left":[0,0,0,0,0,0,0,0,0,0,0,0,0,0,0],"id":68,"left_children":[1,3,5,7,9,-1,-1,-1,-1,11,13,-1,-1,-1,-1],"loss_changes":[3.3542454E1,9.991952E0,1.383686E-1,6.600456E-1,4.59409E-1,0E0,0E0,0E0,0E0,6.9467723E-4,9.089112E-3,0E0,0E0,0E0,0E0],"parents":[2147483647,0,0,1,1,2,2,3,3,4,4,9,9,10,10],"right_children":[2,4,6,8,10,-1,-1,-1,-1,12,14,-1,-1,-1,-1],"split_conditions":[7.98411E-1,1.9997978E-1,1E0,9.88159E-2,6.020842E-1,9.8962404E-2,3.752838E-1,-2.6955998E-1,-6.1743356E-2,5.0091225E-1,6.997196E-1,-1.714325E-2,-4.553986E-3,1.1025238E-2,4.4433594E-2],"split_indices":[0,0,0,0,0,0,0,0,0,0,0,0,0,0,0],"split_type":[0,0,0,0,0,0,0,0,0,0,0,0,0,0,0],"sum_hessian":[9E0,7E0,2E0,2E0,5E0,1E0,1E0,1E0,1E0,3E0,2E0,2E0,1E0,1E0,1E0],"tree_param":{"num_deleted":"0","num_feature":"2","num_nodes":"15","size_leaf_vector":"1"}},{"base_weights":[3.2030863E-1,-7.2594935E-1,3.0035603E0,-2.098254E0,8.119456E-2,9.401398E-2,3.565201E-1,-2.56082E-1,-5.8656123E-2,-1.416359E-1,3.5123697E-1,-1.6000366E-2,-4.32663E-3,1.0473633E-2,4.2211916E-2],"categories":[],"categories_nodes":[],"categories_segments":[],"categories_sizes":[],"default_left":[0,0,0,0,0,0,0,0,0,0,0,0,0,0,0],"id":69,"left_children":[1,3,5,7,9,-1,-1,-1,-1,11,13,-1,-1,-1,-1],"loss_changes":[3.0254168E1,9.031547E0,1.2491417E-1,5.9569454E-1,4.1078982E-1,0E0,0E0,0E0,0E0,3.0454993E-4,8.206278E-3,0E0,0E0,0E0,0E0],"parents":[2147483647,0,0,1,1,2,2,3,3,4,4,9,9,10,10],"right_children":[2,4,6,8,10,-1,-1,-1,-1,12,14,-1,-1,-1,-1],"split_conditions":[7.98411E-1,1.9997978E-1,1E0,9.88159E-2,6.020842E-1,9.401398E-2,3.565201E-1,-2.56082E-1,-5.8656123E-2,5.0091225E-1,6.997196E-1,-1.6000366E-2,-4.32663E-3,1.0473633E-2,4.2211916E-2],"split_indices":[0,0,0,0,0,0,0,0,0,0,0,0,0,0,0],"split_type":[0,0,0,0,0,0,0,0,0,0,0,0,0,0,0],"sum_hessian":[9E0,7E0,2E0,2E0,5E0,1E0,1E0,1E0,1E0,3E0,2E0,2E0,1E0,1E0,1E0],"tree_param":{"num_deleted":"0","num_feature":"2","num_nodes":"15","size_leaf_vector":"1"}},{"base_weights":[3.0509502E-1,-6.8865E-1,2.8533833E0,-1.9933418E0,7.847086E-2,8.931275E-2,3.3869478E-1,-2.4327789E-1,-5.572338E-2,-1.325531E-1,3.336792E-1,-1.4933777E-2,-4.109955E-3,9.950257E-3,4.0101625E-2],"categories":[],"categories_nodes":[],"categories_segments":[],"categories_sizes":[],"default_left":[0,0,0,0,0,0,0,0,0,0,0,0,0,0,0],"id":70,"left_children":[1,3,5,7,9,-1,-1,-1,-1,11,13,-1,-1,-1,-1],"loss_changes":[2.7288471E1,8.16327E0,1.1279297E-1,5.3761005E-1,3.6736065E-1,0E0,0E0,0E0,0E0,2.361834E-6,7.4041486E-3,0E0,0E0,0E0,0E0],"parents":[2147483647,0,0,1,1,2,2,3,3,4,4,9,9,10,10],"right_children":[2,4,6,8,10,-1,-1,-1,-1,12,14,-1,-1,-1,-1],"split_conditions":[7.98411E-1,1.9997978E-1,1E0,9.88159E-2,6.020842E-1,8.931275E-2,3.3869478E-1,-2.4327789E-1,-5.572338E-2,5.0091225E-1,6.997196E-1,-1.4933777E-2,-4.109955E-3,9.950257E-3,4.0101625E-2],"split_indices":[0,0,0,0,0,0,0,0,0,0,0,0,0,0,0],"split_type":[0,0,0,0,0,0,0,0,0,0,0,0,0,0,0],"sum_hessian":[9E0,7E0,2E0,2E0,5E0,1E0,1E0,1E0,1E0,3E0,2E0,2E0,1E0,1E0,1E0],"tree_param":{"num_deleted":"0","num_feature":"2","num_nodes":"15","size_leaf_vector":"1"}},{"base_weights":[2.9058614E-1,-6.5328497E-1,2.7107136E0,-1.893674E0,7.5790405E-2,8.48465E-2,3.2176057E-1,-2.3111399E-1,-5.2937128E-2,-1.2406158E-2,3.1699625E-1,9.45282E-3,3.8096618E-2],"categories":[],"categories_nodes":[],"categories_segments":[],"categories_sizes":[],"default_left":[0,0,0,0,0,0,0,0,0,0,0,0,0],"id":71,"left_children":[1,3,5,7,9,-1,-1,-1,-1,-1,11,-1,-1],"loss_changes":[2.4613754E1,7.378219E0,1.018486E-1,4.8519802E-1,3.2855988E-1,0E0,0E0,0E0,0E0,0E0,6.68177E-3,0E0,0E0],"parents":[2147483647,0,0,1,1,2,2,3,3,4,4,10,10],"right_children":[2,4,6,8,10,-1,-1,-1,-1,-1,12,-1,-1],"split_conditions":[7.98411E-1,1.9997978E-1,1E0,9.88159E-2,6.020842E-1,8.48465E-2,3.2176057E-1,-2.3111399E-1,-5.2937128E-2,-1.2406158E-2,6.997196E-1,9.45282E-3,3.8096618E-2],"split_indices":[0,0,0,0,0,0,0,0,0,0,0,0,0],"split_type":[0,0,0,0,0,0,0,0,0,0,0,0,0],"sum_hessian":[9E0,7E0,2E0,2E0,5E0,1E0,1E0,1E0,1E0,3E0,2E0,1E0,1E0],"tree_param":{"num_deleted":"0","num_feature":"2","num_nodes":"13","size_leaf_vector":"1"}},{"base_weights":[2.7729958E-1,-6.1906993E-1,2.575185E0,-1.7989906E0,7.40687E-2,8.060455E-2,3.056732E-1,-2.1955828E-1,-5.0290298E-2,-1.1475754E-1,3.0114746E-1,-1.311137E-2,-3.2844543E-3,8.979797E-3,3.6192324E-2],"categories":[],"categories_nodes":[],"categories_segments":[],"categories_sizes":[],"default_left":[0,0,0,0,0,0,0,0,0,0,0,0,0,0,0],"id":72,"left_children":[1,3,5,7,9,-1,-1,-1,-1,11,13,-1,-1,-1,-1],"loss_changes":[2.2191765E1,6.676038E0,9.19075E-2,4.3789005E-1,2.9182953E-1,0E0,0E0,0E0,0E0,1.0527559E-3,6.0348213E-3,0E0,0E0,0E0,0E0],"parents":[2147483647,0,0,1,1,2,2,3,3,4,4,9,9,10,10],"right_children":[2,4,6,8,10,-1,-1,-1,-1,12,14,-1,-1,-1,-1],"split_conditions":[7.98411E-1,1.9997978E-1,1E0,9.88159E-2,6.020842E-1,8.060455E-2,3.056732E-1,-2.1955828E-1,-5.0290298E-2,5.0091225E-1,6.997196E-1,-1.311137E-2,-3.2844543E-3,8.979797E-3,3.6192324E-2],"split_indices":[0,0,0,0,0,0,0,0,0,0,0,0,0,0,0],"split_type":[0,0,0,0,0,0,0,0,0,0,0,0,0,0,0],"sum_hessian":[9E0,7E0,2E0,2E0,5E0,1E0,1E0,1E0,1E0,3E0,2E0,2E0,1E0,1E0,1E0],"tree_param":{"num_deleted":"0","num_feature":"2","num_nodes":"15","size_leaf_vector":"1"}},{"base_weights":[2.6409268E-1,-5.8729595E-1,2.4464314E0,-1.7090415E0,7.145945E-2,7.6574706E-2,2.9039E-1,-2.0858037E-1,-4.7775842E-2,-1.0737991E-1,2.8609213E-1,-1.223704E-2,-3.1204224E-3,8.5311895E-3,3.438263E-2],"categories":[],"categories_nodes":[],"categories_segments":[],"categories_sizes":[],"default_left":[0,0,0,0,0,0,0,0,0,0,0,0,0,0,0],"id":73,"left_children":[1,3,5,7,9,-1,-1,-1,-1,11,13,-1,-1,-1,-1],"loss_changes":[2.0016964E1,6.033774E0,8.292961E-2,3.951931E-1,2.6102915E-1,0E0,0E0,0E0,0E0,7.4916705E-4,5.4431856E-3,0E0,0E0,0E0,0E0],"parents":[2147483647,0,0,1,1,2,2,3,3,4,4,9,9,10,10],"right_children":[2,4,6,8,10,-1,-1,-1,-1,12,14,-1,-1,-1,-1],"split_conditions":[7.98411E-1,1.9997978E-1,1E0,9.88159E-2,6.020842E-1,7.6574706E-2,2.9039E-1,-2.0858037E-1,-4.7775842E-2,5.0091225E-1,6.997196E-1,-1.223704E-2,-3.1204224E-3,8.5311895E-3,3.438263E-2],"split_indices":[0,0,0,0,0,0,0,0,0,0,0,0,0,0,0],"split_type":[0,0,0,0,0,0,0,0,0,0,0,0,0,0,0],"sum_hessian":[9E0,7E0,2E0,2E0,5E0,1E0,1E0,1E0,1E0,3E0,2E0,2E0,1E0,1E0,1E0],"tree_param":{"num_deleted":"0","num_feature":"2","num_nodes":"15","size_leaf_vector":"1"}},{"base_weights":[2.5149736E-1,-5.5716836E-1,2.324107E0,-1.6235895E0,6.89036E-2,7.274628E-2,2.7586976E-1,-1.9815135E-1,-4.5387078E-2,-1.0048294E-1,2.7178445E-1,-1.1421204E-2,-2.9647828E-3,8.104706E-3,3.2662965E-2],"categories":[],"categories_nodes":[],"categories_segments":[],"categories_sizes":[],"default_left":[0,0,0,0,0,0,0,0,0,0,0,0,0,0,0],"id":74,"left_children":[1,3,5,7,9,-1,-1,-1,-1,11,13,-1,-1,-1,-1],"loss_changes":[1.80554E1,5.453122E0,7.481003E-2,3.566599E-1,2.3350145E-1,0E0,0E0,0E0,0E0,5.038716E-4,4.9106926E-3,0E0,0E0,0E0,0E0],"parents":[2147483647,0,0,1,1,2,2,3,3,4,4,9,9,10,10],"right_children":[2,4,6,8,10,-1,-1,-1,-1,12,14,-1,-1,-1,-1],"split_conditions":[7.98411E-1,1.9997978E-1,1E0,9.88159E-2,6.020842E-1,7.274628E-2,2.7586976E-1,-1.9815135E-1,-4.5387078E-2,5.0091225E-1,6.997196E-1,-1.1421204E-2,-2.9647828E-3,8.104706E-3,3.2662965E-2],"split_indices":[0,0,0,0,0,0,0,0,0,0,0,0,0,0,0],"split_type":[0,0,0,0,0,0,0,0,0,0,0,0,0,0,0],"sum_hessian":[9E0,7E0,2E0,2E0,5E0,1E0,1E0,1E0,1E0,3E0,2E0,2E0,1E0,1E0,1E0],"tree_param":{"num_deleted":"0","num_feature":"2","num_nodes":"15","size_leaf_vector":"1"}},{"base_weights":[2.3949258E-1,-5.285952E-1,2.207896E0,-1.54241E0,6.641134E-2,6.910858E-2,2.620758E-1,-1.8824379E-1,-4.3117713E-2,-9.403229E-2,2.5819907E-1,-1.0659791E-2,-2.8167726E-3,7.699585E-3,3.1030273E-2],"categories":[],"categories_nodes":[],"categories_segments":[],"categories_sizes":[],"default_left":[0,0,0,0,0,0,0,0,0,0,0,0,0,0,0],"id":75,"left_children":[1,3,5,7,9,-1,-1,-1,-1,11,13,-1,-1,-1,-1],"loss_changes":[1.628615E1,4.928245E0,6.753254E-2,3.2188654E-1,2.0890576E-1,0E0,0E0,0E0,0E0,3.0789524E-4,4.4320226E-3,0E0,0E0,0E0,0E0],"parents":[2147483647,0,0,1,1,2,2,3,3,4,4,9,9,10,10],"right_children":[2,4,6,8,10,-1,-1,-1,-1,12,14,-1,-1,-1,-1],"split_conditions":[7.98411E-1,1.9997978E-1,1E0,9.88159E-2,6.020842E-1,6.910858E-2,2.620758E-1,-1.8824379E-1,-4.3117713E-2,5.0091225E-1,6.997196E-1,-1.0659791E-2,-2.8167726E-3,7.699585E-3,3.1030273E-2],"split_indices":[0,0,0,0,0,0,0,0,0,0,0,0,0,0,0],"split_type":[0,0,0,0,0,0,0,0,0,0,0,0,0,0,0],"sum_hessian":[9E0,7E0,2E0,2E0,5E0,1E0,1E0,1E0,1E0,3E0,2E0,2E0,1E0,1E0,1E0],"tree_param":{"num_deleted":"0","num_feature":"2","num_nodes":"15","size_leaf_vector":"1"}},{"base_weights":[2.2804773E-1,-5.0150037E-1,2.0974934E0,-1.4652895E0,6.397756E-2,6.565247E-2,2.4897157E-1,-1.7883159E-1,-4.096184E-2,-8.799744E-2,2.4528503E-1,-9.94924E-3,-2.6756288E-3,7.3143006E-3,2.9478455E-2],"categories":[],"categories_nodes":[],"categories_segments":[],"categories_sizes":[],"default_left":[0,0,0,0,0,0,0,0,0,0,0,0,0,0,0],"id":76,"left_children":[1,3,5,7,9,-1,-1,-1,-1,11,13,-1,-1,-1,-1],"loss_changes":[1.46904E1,4.4537573E0,6.0979843E-2,2.9050207E-1,1.8690968E-1,0E0,0E0,0E0,0E0,1.5381351E-4,4.001409E-3,0E0,0E0,0E0,0E0],"parents":[2147483647,0,0,1,1,2,2,3,3,4,4,9,9,10,10],"right_children":[2,4,6,8,10,-1,-1,-1,-1,12,14,-1,-1,-1,-1],"split_conditions":[7.98411E-1,1.9997978E-1,1E0,9.88159E-2,6.020842E-1,6.565247E-2,2.4897157E-1,-1.7883159E-1,-4.096184E-2,5.0091225E-1,6.997196E-1,-9.94924E-3,-2.6756288E-3,7.3143006E-3,2.9478455E-2],"split_indices":[0,0,0,0,0,0,0,0,0,0,0,0,0,0,0],"split_type":[0,0,0,0,0,0,0,0,0,0,0,0,0,0,0],"sum_hessian":[9E0,7E0,2E0,2E0,5E0,1E0,1E0,1E0,1E0,3E0,2E0,2E0,1E0,1E0,1E0],"tree_param":{"num_deleted":"0","num_feature":"2","num_nodes":"15","size_leaf_vector":"1"}},{"base_weights":[2.1714441E-1,-4.7580382E-1,1.9926249E0,-1.3920249E0,6.160736E-2,6.23703E-2,2.3652343E-1,-1.6989002E-1,-3.8913727E-2,-8.23555E-2,2.3302205E-1,-9.28599E-3,-2.5421144E-3,6.9488524E-3,2.8004456E-2],"categories":[],"categories_nodes":[],"categories_segments":[],"categories_sizes":[],"default_left":[0,0,0,0,0,0,0,0,0,0,0,0,0,0,0],"id":77,"left_children":[1,3,5,7,9,-1,-1,-1,-1,11,13,-1,-1,-1,-1],"loss_changes":[1.325126E1,4.0248585E0,5.5016518E-2,2.6217842E-1,1.6725475E-1,0E0,0E0,0E0,0E0,3.1640753E-5,3.6093742E-3,0E0,0E0,0E0,0E0],"parents":[2147483647,0,0,1,1,2,2,3,3,4,4,9,9,10,10],"right_children":[2,4,6,8,10,-1,-1,-1,-1,12,14,-1,-1,-1,-1],"split_conditions":[7.98411E-1,1.9997978E-1,1E0,9.88159E-2,6.020842E-1,6.23703E-2,2.3652343E-1,-1.6989002E-1,-3.8913727E-2,5.0091225E-1,6.997196E-1,-9.28599E-3,-2.5421144E-3,6.9488524E-3,2.8004456E-2],"split_indices":[0,0,0,0,0,0,0,0,0,0,0,0,0,0,0],"split_type":[0,0,0,0,0,0,0,0,0,0,0,0,0,0,0],"sum_hessian":[9E0,7E0,2E0,2E0,5E0,1E0,1E0,1E0,1E0,3E0,2E0,2E0,1E0,1E0,1E0],"tree_param":{"num_deleted":"0","num_feature":"2","num_nodes":"15","size_leaf_vector":"1"}},{"base_weights":[2.067519E-1,-4.5143333E-1,1.8929952E0,-1.3224237E0,5.930074E-2,5.9251405E-2,2.2469787E-1,-1.6139552E-1,-3.696804E-2,-7.707596E-3,2.2136943E-1,6.601715E-3,2.6603699E-2],"categories":[],"categories_nodes":[],"categories_segments":[],"categories_sizes":[],"default_left":[0,0,0,0,0,0,0,0,0,0,0,0,0],"id":78,"left_children":[1,3,5,7,9,-1,-1,-1,-1,-1,11,-1,-1],"loss_changes":[1.1953166E1,3.6371765E0,4.9679756E-2,2.3661661E-1,1.496766E-1,0E0,0E0,0E0,0E0,0E0,3.2546222E-3,0E0,0E0],"parents":[2147483647,0,0,1,1,2,2,3,3,4,4,10,10],"right_children":[2,4,6,8,10,-1,-1,-1,-1,-1,12,-1,-1],"split_conditions":[7.98411E-1,1.9997978E-1,1E0,9.88159E-2,6.020842E-1,5.9251405E-2,2.2469787E-1,-1.6139552E-1,-3.696804E-2,-7.707596E-3,6.997196E-1,6.601715E-3,2.6603699E-2],"split_indices":[0,0,0,0,0,0,0,0,0,0,0,0,0],"split_type":[0,0,0,0,0,0,0,0,0,0,0,0,0],"sum_hessian":[9E0,7E0,2E0,2E0,5E0,1E0,1E0,1E0,1E0,3E0,2E0,1E0,1E0],"tree_param":{"num_deleted":"0","num_feature":"2","num_nodes":"13","size_leaf_vector":"1"}},{"base_weights":[1.9718154E-1,-4.2790052E-1,1.7983398E0,-1.2563025E0,5.7617188E-2,5.628815E-2,2.1346283E-1,-1.5332574E-1,-3.511963E-2,-7.129669E-2,2.1029663E-1,-8.15328E-3,-2.029419E-3,6.2713623E-3,2.5273133E-2],"categories":[],"categories_nodes":[],"categories_segments":[],"categories_sizes":[],"default_left":[0,0,0,0,0,0,0,0,0,0,0,0,0,0,0],"id":79,"left_children":[1,3,5,7,9,-1,-1,-1,-1,11,13,-1,-1,-1,-1],"loss_changes":[1.0778065E1,3.2900152E0,4.4867516E-2,2.1354675E-1,1.3308845E-1,0E0,0E0,0E0,0E0,4.3362565E-4,2.938211E-3,0E0,0E0,0E0,0E0],"parents":[2147483647,0,0,1,1,2,2,3,3,4,4,9,9,10,10],"right_children":[2,4,6,8,10,-1,-1,-1,-1,12,14,-1,-1,-1,-1],"split_conditions":[7.98411E-1,1.9997978E-1,1E0,9.88159E-2,6.020842E-1,5.628815E-2,2.1346283E-1,-1.5332574E-1,-3.511963E-2,5.0091225E-1,6.997196E-1,-8.15328E-3,-2.029419E-3,6.2713623E-3,2.5273133E-2],"split_indices":[0,0,0,0,0,0,0,0,0,0,0,0,0,0,0],"split_type":[0,0,0,0,0,0,0,0,0,0,0,0,0,0,0],"sum_hessian":[9E0,7E0,2E0,2E0,5E0,1E0,1E0,1E0,1E0,3E0,2E0,2E0,1E0,1E0,1E0],"tree_param":{"num_deleted":"0","num_feature":"2","num_nodes":"15","size_leaf_vector":"1"}},{"base_weights":[1.8773155E-1,-4.059949E-1,1.7084249E0,-1.1934878E0,5.5417378E-2,5.3474426E-2,2.027893E-1,-1.4565945E-1,-3.3363726E-2,-6.6711426E-2,1.9978333E-1,-7.6095583E-3,-1.927948E-3,5.9577944E-3,2.4009705E-2],"categories":[],"categories_nodes":[],"categories_segments":[],"categories_sizes":[],"default_left":[0,0,0,0,0,0,0,0,0,0,0,0,0,0,0],"id":80,"left_children":[1,3,5,7,9,-1,-1,-1,-1,11,13,-1,-1,-1,-1],"loss_changes":[9.72237E0,2.9730113E0,4.0457726E-2,1.927228E-1,1.1911527E-1,0E0,0E0,0E0,0E0,3.1335093E-4,2.6521161E-3,0E0,0E0,0E0,0E0],"parents":[2147483647,0,0,1,1,2,2,3,3,4,4,9,9,10,10],"right_children":[2,4,6,8,10,-1,-1,-1,-1,12,14,-1,-1,-1,-1],"split_conditions":[7.98411E-1,1.9997978E-1,1E0,9.88159E-2,6.020842E-1,5.3474426E-2,2.027893E-1,-1.4565945E-1,-3.3363726E-2,5.0091225E-1,6.997196E-1,-7.6095583E-3,-1.927948E-3,5.9577944E-3,2.4009705E-2],"split_indices":[0,0,0,0,0,0,0,0,0,0,0,0,0,0,0],"split_type":[0,0,0,0,0,0,0,0,0,0,0,0,0,0,0],"sum_hessian":[9E0,7E0,2E0,2E0,5E0,1E0,1E0,1E0,1E0,3E0,2E0,2E0,1E0,1E0,1E0],"tree_param":{"num_deleted":"0","num_feature":"2","num_nodes":"15","size_leaf_vector":"1"}},{"base_weights":[1.7872496E-1,-3.8522112E-1,1.6230062E0,-1.1338135E0,5.3278606E-2,5.0801087E-2,1.9264984E-1,-1.3837647E-1,-3.1695556E-2,-6.242752E-2,1.897939E-1,-7.1024573E-3,-1.8318177E-3,5.660248E-3,2.2808839E-2],"categories":[],"categories_nodes":[],"categories_segments":[],"categories_sizes":[],"default_left":[0,0,0,0,0,0,0,0,0,0,0,0,0,0,0],"id":81,"left_children":[1,3,5,7,9,-1,-1,-1,-1,11,13,-1,-1,-1,-1],"loss_changes":[8.770184E0,2.6864686E0,3.649521E-2,1.7393184E-1,1.0662231E-1,0E0,0E0,0E0,0E0,2.1580141E-4,2.3911148E-3,0E0,0E0,0E0,0E0],"parents":[2147483647,0,0,1,1,2,2,3,3,4,4,9,9,10,10],"right_children":[2,4,6,8,10,-1,-1,-1,-1,12,14,-1,-1,-1,-1],"split_conditions":[7.98411E-1,1.9997978E-1,1E0,9.88159E-2,6.020842E-1,5.0801087E-2,1.9264984E-1,-1.3837647E-1,-3.1695556E-2,5.0091225E-1,6.997196E-1,-7.1024573E-3,-1.8318177E-3,5.660248E-3,2.2808839E-2],"split_indices":[0,0,0,0,0,0,0,0,0,0,0,0,0,0,0],"split_type":[0,0,0,0,0,0,0,0,0,0,0,0,0,0,0],"sum_hessian":[9E0,7E0,2E0,2E0,5E0,1E0,1E0,1E0,1E0,3E0,2E0,2E0,1E0,1E0,1E0],"tree_param":{"num_deleted":"0","num_feature":"2","num_nodes":"15","size_leaf_vector":"1"}},{"base_weights":[1.7014325E-1,-3.655146E-1,1.5418497E0,-1.0771226E0,5.1208496E-2,4.82605E-2,1.8301697E-1,-1.3145766E-1,-3.0110741E-2,-5.8418274E-2,1.8030803E-1,-7.6553347E-3,-2.6855469E-3,5.377197E-3,2.1669006E-2],"categories":[],"categories_nodes":[],"categories_segments":[],"categories_sizes":[],"default_left":[0,0,0,0,0,0,0,0,0,0,0,0,0,0,0],"id":82,"left_children":[1,3,5,7,9,-1,-1,-1,-1,11,13,-1,-1,-1,-1],"loss_changes":[7.911222E0,2.427506E0,3.295517E-2,1.5697479E-1,9.544987E-2,0E0,0E0,0E0,0E0,2.3369864E-4,2.1590665E-3,0E0,0E0,0E0,0E0],"parents":[2147483647,0,0,1,1,2,2,3,3,4,4,9,9,10,10],"right_children":[2,4,6,8,10,-1,-1,-1,-1,12,14,-1,-1,-1,-1],"split_conditions":[7.98411E-1,1.9997978E-1,1E0,9.88159E-2,6.020842E-1,4.82605E-2,1.8301697E-1,-1.3145766E-1,-3.0110741E-2,3.0144295E-1,6.997196E-1,-7.6553347E-3,-2.6855469E-3,5.377197E-3,2.1669006E-2],"split_indices":[0,0,0,0,0,0,0,0,0,0,0,0,0,0,0],"split_type":[0,0,0,0,0,0,0,0,0,0,0,0,0,0,0],"sum_hessian":[9E0,7E0,2E0,2E0,5E0,1E0,1E0,1E0,1E0,3E0,2E0,1E0,2E0,1E0,1E0],"tree_param":{"num_deleted":"0","num_feature":"2","num_nodes":"15","size_leaf_vector":"1"}},{"base_weights":[1.617722E-1,-3.4707063E-1,1.4647623E0,-1.0232669E0,4.887263E-2,4.5848083E-2,1.7386627E-1,-1.2488478E-1,-2.8605271E-2,-5.516243E-2,1.7129517E-1,-7.2727203E-3,-2.5065104E-3,5.108643E-3,2.0585632E-2],"categories":[],"categories_nodes":[],"categories_segments":[],"categories_sizes":[],"default_left":[0,0,0,0,0,0,0,0,0,0,0,0,0,0,0],"id":83,"left_children":[1,3,5,7,9,-1,-1,-1,-1,11,13,-1,-1,-1,-1],"loss_changes":[7.138548E0,2.1918926E0,2.9718876E-2,1.4166784E-1,8.586647E-2,0E0,0E0,0E0,0E0,2.9169582E-4,1.9471943E-3,0E0,0E0,0E0,0E0],"parents":[2147483647,0,0,1,1,2,2,3,3,4,4,9,9,10,10],"right_children":[2,4,6,8,10,-1,-1,-1,-1,12,14,-1,-1,-1,-1],"split_conditions":[7.98411E-1,1.9997978E-1,1E0,9.88159E-2,6.020842E-1,4.5848083E-2,1.7386627E-1,-1.2488478E-1,-2.8605271E-2,3.0144295E-1,6.997196E-1,-7.2727203E-3,-2.5065104E-3,5.108643E-3,2.0585632E-2],"split_indices":[0,0,0,0,0,0,0,0,0,0,0,0,0,0,0],"split_type":[0,0,0,0,0,0,0,0,0,0,0,0,0,0,0],"sum_hessian":[9E0,7E0,2E0,2E0,5E0,1E0,1E0,1E0,1E0,3E0,2E0,1E0,2E0,1E0,1E0],"tree_param":{"num_deleted":"0","num_feature":"2","num_nodes":"15","size_leaf_vector":"1"}},{"base_weights":[1.5380895E-1,-3.295627E-1,1.3915304E0,-9.721032E-1,4.6634674E-2,4.3556213E-2,1.6517334E-1,-1.18640535E-1,-2.717495E-2,-5.20916E-2,1.6272481E-1,-6.90918E-3,-2.3394267E-3,4.853058E-3,1.9555664E-2],"categories":[],"categories_nodes":[],"categories_segments":[],"categories_sizes":[],"default_left":[0,0,0,0,0,0,0,0,0,0,0,0,0,0,0],"id":84,"left_children":[1,3,5,7,9,-1,-1,-1,-1,11,13,-1,-1,-1,-1],"loss_changes":[6.441391E0,1.9791101E0,2.68054E-2,1.278565E-1,7.724348E-2,0E0,0E0,0E0,0E0,3.3508893E-4,1.7571375E-3,0E0,0E0,0E0,0E0],"parents":[2147483647,0,0,1,1,2,2,3,3,4,4,9,9,10,10],"right_children":[2,4,6,8,10,-1,-1,-1,-1,12,14,-1,-1,-1,-1],"split_conditions":[7.98411E-1,1.9997978E-1,1E0,9.88159E-2,6.020842E-1,4.3556213E-2,1.6517334E-1,-1.18640535E-1,-2.717495E-2,3.0144295E-1,6.997196E-1,-6.90918E-3,-2.3394267E-3,4.853058E-3,1.9555664E-2],"split_indices":[0,0,0,0,0,0,0,0,0,0,0,0,0,0,0],"split_type":[0,0,0,0,0,0,0,0,0,0,0,0,0,0,0],"sum_hessian":[9E0,7E0,2E0,2E0,5E0,1E0,1E0,1E0,1E0,3E0,2E0,1E0,2E0,1E0,1E0],"tree_param":{"num_deleted":"0","num_feature":"2","num_nodes":"15","size_leaf_vector":"1"}},{"base_weights":[1.462371E-1,-3.1293878E-1,1.3219604E0,-9.2349774E-1,4.4497173E-2,4.1378785E-2,1.5691529E-1,-1.1270851E-1,-2.5816156E-2,-4.9194336E-2,1.5458679E-1,-6.563568E-3,-2.1835328E-3,4.610443E-3,1.8577576E-2],"categories":[],"categories_nodes":[],"categories_segments":[],"categories_sizes":[],"default_left":[0,0,0,0,0,0,0,0,0,0,0,0,0,0,0],"id":85,"left_children":[1,3,5,7,9,-1,-1,-1,-1,11,13,-1,-1,-1,-1],"loss_changes":[5.8123307E0,1.786979E0,2.418375E-2,1.1539197E-1,6.949157E-2,0E0,0E0,0E0,0E0,3.6609918E-4,1.5852675E-3,0E0,0E0,0E0,0E0],"parents":[2147483647,0,0,1,1,2,2,3,3,4,4,9,9,10,10],"right_children":[2,4,6,8,10,-1,-1,-1,-1,12,14,-1,-1,-1,-1],"split_conditions":[7.98411E-1,1.9997978E-1,1E0,9.88159E-2,6.020842E-1,4.1378785E-2,1.5691529E-1,-1.1270851E-1,-2.5816156E-2,3.0144295E-1,6.997196E-1,-6.563568E-3,-2.1835328E-3,4.610443E-3,1.8577576E-2],"split_indices":[0,0,0,0,0,0,0,0,0,0,0,0,0,0,0],"split_type":[0,0,0,0,0,0,0,0,0,0,0,0,0,0,0],"sum_hessian":[9E0,7E0,2E0,2E0,5E0,1E0,1E0,1E0,1E0,3E0,2E0,1E0,2E0,1E0,1E0],"tree_param":{"num_deleted":"0","num_feature":"2","num_nodes":"15","size_leaf_vector":"1"}},{"base_weights":[1.3903263E-1,-2.9715648E-1,1.2558594E0,-8.7732226E-1,4.2452496E-2,3.930969E-2,1.4906922E-1,-1.0707308E-1,-2.452526E-2,-4.6463013E-2,1.4685567E-1,-6.235504E-3,-2.0380656E-3,4.3800357E-3,1.7648315E-2],"categories":[],"categories_nodes":[],"categories_segments":[],"categories_sizes":[],"default_left":[0,0,0,0,0,0,0,0,0,0,0,0,0,0,0],"id":86,"left_children":[1,3,5,7,9,-1,-1,-1,-1,11,13,-1,-1,-1,-1],"loss_changes":[5.2446632E0,1.6134806E0,2.1828175E-2,1.0414338E-1,6.252172E-2,0E0,0E0,0E0,0E0,3.8716942E-4,1.4297888E-3,0E0,0E0,0E0,0E0],"parents":[2147483647,0,0,1,1,2,2,3,3,4,4,9,9,10,10],"right_children":[2,4,6,8,10,-1,-1,-1,-1,12,14,-1,-1,-1,-1],"split_conditions":[7.98411E-1,1.9997978E-1,1E0,9.88159E-2,6.020842E-1,3.930969E-2,1.4906922E-1,-1.0707308E-1,-2.452526E-2,3.0144295E-1,6.997196E-1,-6.235504E-3,-2.0380656E-3,4.3800357E-3,1.7648315E-2],"split_indices":[0,0,0,0,0,0,0,0,0,0,0,0,0,0,0],"split_type":[0,0,0,0,0,0,0,0,0,0,0,0,0,0,0],"sum_hessian":[9E0,7E0,2E0,2E0,5E0,1E0,1E0,1E0,1E0,3E0,2E0,1E0,2E0,1E0,1E0],"tree_param":{"num_deleted":"0","num_feature":"2","num_nodes":"15","size_leaf_vector":"1"}},{"base_weights":[1.3218355E-1,-2.821697E-1,1.1930643E0,-8.3345634E-1,4.050191E-2,3.7344363E-2,1.416153E-1,-1.0171943E-1,-2.3299027E-2,-4.3884277E-2,1.3951619E-1,-5.9238435E-3,-1.9020081E-3,4.161072E-3,1.6766358E-2],"categories":[],"categories_nodes":[],"categories_segments":[],"categories_sizes":[],"default_left":[0,0,0,0,0,0,0,0,0,0,0,0,0,0,0],"id":87,"left_children":[1,3,5,7,9,-1,-1,-1,-1,11,13,-1,-1,-1,-1],"loss_changes":[4.732441E0,1.4568329E0,1.9690514E-2,9.3988895E-2,5.6255203E-2,0E0,0E0,0E0,0E0,4.003551E-4,1.2907423E-3,0E0,0E0,0E0,0E0],"parents":[2147483647,0,0,1,1,2,2,3,3,4,4,9,9,10,10],"right_children":[2,4,6,8,10,-1,-1,-1,-1,12,14,-1,-1,-1,-1],"split_conditions":[7.98411E-1,1.9997978E-1,1E0,9.88159E-2,6.020842E-1,3.7344363E-2,1.416153E-1,-1.0171943E-1,-2.3299027E-2,3.0144295E-1,6.997196E-1,-5.9238435E-3,-1.9020081E-3,4.161072E-3,1.6766358E-2],"split_indices":[0,0,0,0,0,0,0,0,0,0,0,0,0,0,0],"split_type":[0,0,0,0,0,0,0,0,0,0,0,0,0,0,0],"sum_hessian":[9E0,7E0,2E0,2E0,5E0,1E0,1E0,1E0,1E0,3E0,2E0,1E0,2E0,1E0,1E0],"tree_param":{"num_deleted":"0","num_feature":"2","num_nodes":"15","size_leaf_vector":"1"}},{"base_weights":[1.2567076E-1,-2.679413E-1,1.1334127E0,-7.9178315E-1,3.8636524E-2,3.5476685E-2,1.3453522E-1,-9.663346E-2,-2.2134019E-2,-4.1452408E-2,1.3254292E-1,-5.627823E-3,-1.7751058E-3,3.9527896E-3,1.592865E-2],"categories":[],"categories_nodes":[],"categories_segments":[],"categories_sizes":[],"default_left":[0,0,0,0,0,0,0,0,0,0,0,0,0,0,0],"id":88,"left_children":[1,3,5,7,9,-1,-1,-1,-1,11,13,-1,-1,-1,-1],"loss_changes":[4.270282E0,1.3153782E0,1.7791033E-2,8.482635E-2,5.061941E-2,0E0,0E0,0E0,0E0,4.065698E-4,1.1663996E-3,0E0,0E0,0E0,0E0],"parents":[2147483647,0,0,1,1,2,2,3,3,4,4,9,9,10,10],"right_children":[2,4,6,8,10,-1,-1,-1,-1,12,14,-1,-1,-1,-1],"split_conditions":[7.98411E-1,1.9997978E-1,1E0,9.88159E-2,6.020842E-1,3.5476685E-2,1.3453522E-1,-9.663346E-2,-2.2134019E-2,3.0144295E-1,6.997196E-1,-5.627823E-3,-1.7751058E-3,3.9527896E-3,1.592865E-2],"split_indices":[0,0,0,0,0,0,0,0,0,0,0,0,0,0,0],"split_type":[0,0,0,0,0,0,0,0,0,0,0,0,0,0,0],"sum_hessian":[9E0,7E0,2E0,2E0,5E0,1E0,1E0,1E0,1E0,3E0,2E0,1E0,2E0,1E0,1E0],"tree_param":{"num_deleted":"0","num_feature":"2","num_nodes":"15","size_leaf_vector":"1"}},{"base_weights":[1.194787E-1,-2.544335E-1,1.0767517E0,-7.521944E-1,3.685252E-2,3.3703614E-2,1.2780915E-1,-9.1801785E-2,-2.1027375E-2,-3.9157867E-2,1.2591553E-1,-5.346298E-3,-1.6568502E-3,3.755188E-3,1.5132141E-2],"categories":[],"categories_nodes":[],"categories_segments":[],"categories_sizes":[],"default_left":[0,0,0,0,0,0,0,0,0,0,0,0,0,0,0],"id":89,"left_children":[1,3,5,7,9,-1,-1,-1,-1,11,13,-1,-1,-1,-1],"loss_changes":[3.8533225E0,1.1876466E0,1.6039371E-2,7.655442E-2,4.5548867E-2,0E0,0E0,0E0,0E0,4.0677236E-4,1.0524653E-3,0E0,0E0,0E0,0E0],"parents":[2147483647,0,0,1,1,2,2,3,3,4,4,9,9,10,10],"right_children":[2,4,6,8,10,-1,-1,-1,-1,12,14,-1,-1,-1,-1],"split_conditions":[7.98411E-1,1.9997978E-1,1E0,9.88159E-2,6.020842E-1,3.3703614E-2,1.2780915E-1,-9.1801785E-2,-2.1027375E-2,3.0144295E-1,6.997196E-1,-5.346298E-3,-1.6568502E-3,3.755188E-3,1.5132141E-2],"split_indices":[0,0,0,0,0,0,0,0,0,0,0,0,0,0,0],"split_type":[0,0,0,0,0,0,0,0,0,0,0,0,0,0,0],"sum_hessian":[9E0,7E0,2E0,2E0,5E0,1E0,1E0,1E0,1E0,3E0,2E0,1E0,2E0,1E0,1E0],"tree_param":{"num_deleted":"0","num_feature":"2","num_nodes":"15","size_leaf_vector":"1"}},{"base_weights":[1.135893E-1,-2.4160789E-1,1.0229187E0,-7.1458495E-1,3.514862E-2,3.2019045E-2,1.2141877E-1,-8.72117E-2,-1.9976044E-2,-3.699112E-2,1.19618736E-1,-5.078888E-3,-1.546224E-3,3.567505E-3,1.4375306E-2],"categories":[],"categories_nodes":[],"categories_segments":[],"categories_sizes":[],"default_left":[0,0,0,0,0,0,0,0,0,0,0,0,0,0,0],"id":90,"left_children":[1,3,5,7,9,-1,-1,-1,-1,11,13,-1,-1,-1,-1],"loss_changes":[3.4770577E0,1.0723126E0,1.4459133E-2,6.908953E-2,4.0986743E-2,0E0,0E0,0E0,0E0,4.0289154E-4,9.4937533E-4,0E0,0E0,0E0,0E0],"parents":[2147483647,0,0,1,1,2,2,3,3,4,4,9,9,10,10],"right_children":[2,4,6,8,10,-1,-1,-1,-1,12,14,-1,-1,-1,-1],"split_conditions":[7.98411E-1,1.9997978E-1,1E0,9.88159E-2,6.020842E-1,3.2019045E-2,1.2141877E-1,-8.72117E-2,-1.9976044E-2,3.0144295E-1,6.997196E-1,-5.078888E-3,-1.546224E-3,3.567505E-3,1.4375306E-2],"split_indices":[0,0,0,0,0,0,0,0,0,0,0,0,0,0,0],"split_type":[0,0,0,0,0,0,0,0,0,0,0,0,0,0,0],"sum_hessian":[9E0,7E0,2E0,2E0,5E0,1E0,1E0,1E0,1E0,3E0,2E0,1E0,2E0,1E0,1E0],"tree_param":{"num_deleted":"0","num_feature":"2","num_nodes":"15","size_leaf_vector":"1"}},{"base_weights":[1.07986666E-1,-2.2943088E-1,9.7177124E-1,-6.788552E-1,3.3519745E-2,3.0418396E-2,1.1534729E-1,-8.285111E-2,-1.8977165E-2,-3.494835E-2,1.1363729E-1,-4.8248293E-3,-1.4432272E-3,3.3889771E-3,1.3656616E-2],"categories":[],"categories_nodes":[],"categories_segments":[],"categories_sizes":[],"default_left":[0,0,0,0,0,0,0,0,0,0,0,0,0,0,0],"id":91,"left_children":[1,3,5,7,9,-1,-1,-1,-1,11,13,-1,-1,-1,-1],"loss_changes":[3.137515E0,9.6816623E-1,1.3037205E-2,6.2354922E-2,3.6884405E-2,0E0,0E0,0E0,0E0,3.9511826E-4,8.573644E-4,0E0,0E0,0E0,0E0],"parents":[2147483647,0,0,1,1,2,2,3,3,4,4,9,9,10,10],"right_children":[2,4,6,8,10,-1,-1,-1,-1,12,14,-1,-1,-1,-1],"split_conditions":[7.98411E-1,1.9997978E-1,1E0,9.88159E-2,6.020842E-1,3.0418396E-2,1.1534729E-1,-8.285111E-2,-1.8977165E-2,3.0144295E-1,6.997196E-1,-4.8248293E-3,-1.4432272E-3,3.3889771E-3,1.3656616E-2],"split_indices":[0,0,0,0,0,0,0,0,0,0,0,0,0,0,0],"split_type":[0,0,0,0,0,0,0,0,0,0,0,0,0,0,0],"sum_hessian":[9E0,7E0,2E0,2E0,5E0,1E0,1E0,1E0,1E0,3E0,2E0,1E0,2E0,1E0,1E0],"tree_param":{"num_deleted":"0","num_feature":"2","num_nodes":"15","size_leaf_vector":"1"}},{"base_weights":[1.02656744E-1,-2.1787047E-1,9.2317706E-1,-6.4491206E-1,3.1962078E-2,2.8897095E-2,1.0957947E-1,-7.870855E-2,-1.802826E-2,-3.302002E-2,1.07950844E-1,-4.58374E-3,-1.3468425E-3,3.2196045E-3,1.2973023E-2],"categories":[],"categories_nodes":[],"categories_segments":[],"categories_sizes":[],"default_left":[0,0,0,0,0,0,0,0,0,0,0,0,0,0,0],"id":92,"left_children":[1,3,5,7,9,-1,-1,-1,-1,11,13,-1,-1,-1,-1],"loss_changes":[2.831124E0,8.7412393E-1,1.1772633E-2,5.6276083E-2,3.3191994E-2,0E0,0E0,0E0,0E0,3.8504368E-4,7.728748E-4,0E0,0E0,0E0,0E0],"parents":[2147483647,0,0,1,1,2,2,3,3,4,4,9,9,10,10],"right_children":[2,4,6,8,10,-1,-1,-1,-1,12,14,-1,-1,-1,-1],"split_conditions":[7.98411E-1,1.9997978E-1,1E0,9.88159E-2,6.020842E-1,2.8897095E-2,1.0957947E-1,-7.870855E-2,-1.802826E-2,3.0144295E-1,6.997196E-1,-4.58374E-3,-1.3468425E-3,3.2196045E-3,1.2973023E-2],"split_indices":[0,0,0,0,0,0,0,0,0,0,0,0,0,0,0],"split_type":[0,0,0,0,0,0,0,0,0,0,0,0,0,0,0],"sum_hessian":[9E0,7E0,2E0,2E0,5E0,1E0,1E0,1E0,1E0,3E0,2E0,1E0,2E0,1E0,1E0],"tree_param":{"num_deleted":"0","num_feature":"2","num_nodes":"15","size_leaf_vector":"1"}},{"base_weights":[9.759043E-2,-2.0689227E-1,8.7701416E-1,-6.126665E-1,3.0476889E-2,2.7452087E-2,1.0410004E-1,-7.4773125E-2,-1.7126847E-2,-3.1200409E-2,1.0255432E-1,-4.354477E-3,-1.2570699E-3,3.0586242E-3,1.2324524E-2],"categories":[],"categories_nodes":[],"categories_segments":[],"categories_sizes":[],"default_left":[0,0,0,0,0,0,0,0,0,0,0,0,0,0,0],"id":93,"left_children":[1,3,5,7,9,-1,-1,-1,-1,11,13,-1,-1,-1,-1],"loss_changes":[2.554658E0,7.892184E-1,1.0625601E-2,5.0789237E-2,2.9872986E-2,0E0,0E0,0E0,0E0,3.7249923E-4,6.9765E-4,0E0,0E0,0E0,0E0],"parents":[2147483647,0,0,1,1,2,2,3,3,4,4,9,9,10,10],"right_children":[2,4,6,8,10,-1,-1,-1,-1,12,14,-1,-1,-1,-1],"split_conditions":[7.98411E-1,1.9997978E-1,1E0,9.88159E-2,6.020842E-1,2.7452087E-2,1.0410004E-1,-7.4773125E-2,-1.7126847E-2,3.0144295E-1,6.997196E-1,-4.354477E-3,-1.2570699E-3,3.0586242E-3,1.2324524E-2],"split_indices":[0,0,0,0,0,0,0,0,0,0,0,0,0,0,0],"split_type":[0,0,0,0,0,0,0,0,0,0,0,0,0,0,0],"sum_hessian":[9E0,7E0,2E0,2E0,5E0,1E0,1E0,1E0,1E0,3E0,2E0,1E0,2E0,1E0,1E0],"tree_param":{"num_deleted":"0","num_feature":"2","num_nodes":"15","size_leaf_vector":"1"}},{"base_weights":[9.2772976E-2,-1.9646893E-1,8.331604E-1,-5.820328E-1,2.9057821E-2,2.6078796E-2,9.889527E-2,-7.1034476E-2,-1.6270448E-2,-2.9483795E-2,9.742737E-2,-4.136658E-3,-1.1734009E-3,2.9060363E-3,1.1708069E-2],"categories":[],"categories_nodes":[],"categories_segments":[],"categories_sizes":[],"default_left":[0,0,0,0,0,0,0,0,0,0,0,0,0,0,0],"id":94,"left_children":[1,3,5,7,9,-1,-1,-1,-1,11,13,-1,-1,-1,-1],"loss_changes":[2.305201E0,7.125523E-1,9.6066E-3,4.5838237E-2,2.6887313E-2,0E0,0E0,0E0,0E0,3.5827165E-4,6.285086E-4,0E0,0E0,0E0,0E0],"parents":[2147483647,0,0,1,1,2,2,3,3,4,4,9,9,10,10],"right_children":[2,4,6,8,10,-1,-1,-1,-1,12,14,-1,-1,-1,-1],"split_conditions":[7.98411E-1,1.9997978E-1,1E0,9.88159E-2,6.020842E-1,2.6078796E-2,9.889527E-2,-7.1034476E-2,-1.6270448E-2,3.0144295E-1,6.997196E-1,-4.136658E-3,-1.1734009E-3,2.9060363E-3,1.1708069E-2],"split_indices":[0,0,0,0,0,0,0,0,0,0,0,0,0,0,0],"split_type":[0,0,0,0,0,0,0,0,0,0,0,0,0,0,0],"sum_hessian":[9E0,7E0,2E0,2E0,5E0,1E0,1E0,1E0,1E0,3E0,2E0,1E0,2E0,1E0,1E0],"tree_param":{"num_deleted":"0","num_feature":"2","num_nodes":"15","size_leaf_vector":"1"}},{"base_weights":[8.819009E-2,-1.8657254E-1,7.914937E-1,-5.529314E-1,2.7702332E-2,2.477417E-2,9.394989E-2,-6.7482755E-2,-1.5456962E-2,-2.7862549E-2,9.2554726E-2,-3.9299014E-3,-1.0950725E-3,2.7610778E-3,1.1122132E-2],"categories":[],"categories_nodes":[],"categories_segments":[],"categories_sizes":[],"default_left":[0,0,0,0,0,0,0,0,0,0,0,0,0,0,0],"id":95,"left_children":[1,3,5,7,9,-1,-1,-1,-1,11,13,-1,-1,-1,-1],"loss_changes":[2.0800865E0,6.433295E-1,8.681297E-3,4.1368484E-2,2.4199905E-2,0E0,0E0,0E0,0E0,3.4329295E-4,5.6593865E-4,0E0,0E0,0E0,0E0],"parents":[2147483647,0,0,1,1,2,2,3,3,4,4,9,9,10,10],"right_children":[2,4,6,8,10,-1,-1,-1,-1,12,14,-1,-1,-1,-1],"split_conditions":[7.98411E-1,1.9997978E-1,1E0,9.88159E-2,6.020842E-1,2.477417E-2,9.394989E-2,-6.7482755E-2,-1.5456962E-2,3.0144295E-1,6.997196E-1,-3.9299014E-3,-1.0950725E-3,2.7610778E-3,1.1122132E-2],"split_indices":[0,0,0,0,0,0,0,0,0,0,0,0,0,0,0],"split_type":[0,0,0,0,0,0,0,0,0,0,0,0,0,0,0],"sum_hessian":[9E0,7E0,2E0,2E0,5E0,1E0,1E0,1E0,1E0,3E0,2E0,1E0,2E0,1E0,1E0],"tree_param":{"num_deleted":"0","num_feature":"2","num_nodes":"15","size_leaf_vector":"1"}},{"base_weights":[8.3835304E-2,-1.7717303E-1,7.519124E-1,-5.252848E-1,2.6411692E-2,2.3535157E-2,8.925171E-2,-6.410862E-2,-1.4684105E-2,-2.6330948E-2,8.793131E-2,-3.7334443E-3,-1.0218302E-3,2.622986E-3,1.0566711E-2],"categories":[],"categories_nodes":[],"categories_segments":[],"categories_sizes":[],"default_left":[0,0,0,0,0,0,0,0,0,0,0,0,0,0,0],"id":96,"left_children":[1,3,5,7,9,-1,-1,-1,-1,11,13,-1,-1,-1,-1],"loss_changes":[1.8769556E0,5.808356E-1,7.8372955E-3,3.7335157E-2,2.178356E-2,0E0,0E0,0E0,0E0,3.2768678E-4,5.1133893E-4,0E0,0E0,0E0,0E0],"parents":[2147483647,0,0,1,1,2,2,3,3,4,4,9,9,10,10],"right_children":[2,4,6,8,10,-1,-1,-1,-1,12,14,-1,-1,-1,-1],"split_conditions":[7.98411E-1,1.9997978E-1,1E0,9.88159E-2,6.020842E-1,2.3535157E-2,8.925171E-2,-6.410862E-2,-1.4684105E-2,3.0144295E-1,6.997196E-1,-3.7334443E-3,-1.0218302E-3,2.622986E-3,1.0566711E-2],"split_indices":[0,0,0,0,0,0,0,0,0,0,0,0,0,0,0],"split_type":[0,0,0,0,0,0,0,0,0,0,0,0,0,0,0],"sum_hessian":[9E0,7E0,2E0,2E0,5E0,1E0,1E0,1E0,1E0,3E0,2E0,1E0,2E0,1E0,1E0],"tree_param":{"num_deleted":"0","num_feature":"2","num_nodes":"15","size_leaf_vector":"1"}},{"base_weights":[7.969433E-2,-1.6825013E-1,7.1431476E-1,-4.9902102E-1,2.5177002E-2,2.2358704E-2,8.4788516E-2,-6.0903188E-2,-1.3949967E-2,-2.4887085E-2,8.353678E-2,-3.5469055E-3,-9.536743E-4,2.4917603E-3,1.0038758E-2],"categories":[],"categories_nodes":[],"categories_segments":[],"categories_sizes":[],"default_left":[0,0,0,0,0,0,0,0,0,0,0,0,0,0,0],"id":97,"left_children":[1,3,5,7,9,-1,-1,-1,-1,11,13,-1,-1,-1,-1],"loss_changes":[1.6936898E0,5.244044E-1,7.063985E-3,3.369397E-2,1.9609364E-2,0E0,0E0,0E0,0E0,3.1148805E-4,4.6191923E-4,0E0,0E0,0E0,0E0],"parents":[2147483647,0,0,1,1,2,2,3,3,4,4,9,9,10,10],"right_children":[2,4,6,8,10,-1,-1,-1,-1,12,14,-1,-1,-1,-1],"split_conditions":[7.98411E-1,1.9997978E-1,1E0,9.88159E-2,6.020842E-1,2.2358704E-2,8.4788516E-2,-6.0903188E-2,-1.3949967E-2,3.0144295E-1,6.997196E-1,-3.5469055E-3,-9.536743E-4,2.4917603E-3,1.0038758E-2],"split_indices":[0,0,0,0,0,0,0,0,0,0,0,0,0,0,0],"split_type":[0,0,0,0,0,0,0,0,0,0,0,0,0,0,0],"sum_hessian":[9E0,7E0,2E0,2E0,5E0,1E0,1E0,1E0,1E0,3E0,2E0,1E0,2E0,1E0,1E0],"tree_param":{"num_deleted":"0","num_feature":"2","num_nodes":"15","size_leaf_vector":"1"}},{"base_weights":[7.575848E-2,-1.5977654E-1,6.7859906E-1,-4.7406983E-1,2.3999533E-2,2.1240234E-2,8.054962E-2,-5.7858028E-2,-1.3252449E-2,-2.3521423E-2,7.936096E-2,-2.8737388E-3,-3.9367678E-4,2.3674013E-3,9.536743E-3],"categories":[],"categories_nodes":[],"categories_segments":[],"categories_sizes":[],"default_left":[0,0,0,0,0,0,0,0,0,0,0,0,0,0,0],"id":98,"left_children":[1,3,5,7,9,-1,-1,-1,-1,11,13,-1,-1,-1,-1],"loss_changes":[1.5283247E0,4.7345412E-1,6.387949E-3,3.0409157E-2,1.7651651E-2,0E0,0E0,0E0,0E0,2.9547885E-4,4.1632354E-4,0E0,0E0,0E0,0E0],"parents":[2147483647,0,0,1,1,2,2,3,3,4,4,9,9,10,10],"right_children":[2,4,6,8,10,-1,-1,-1,-1,12,14,-1,-1,-1,-1],"split_conditions":[7.98411E-1,1.9997978E-1,1E0,9.88159E-2,6.020842E-1,2.1240234E-2,8.054962E-2,-5.7858028E-2,-1.3252449E-2,5.0091225E-1,6.997196E-1,-2.8737388E-3,-3.9367678E-4,2.3674013E-3,9.536743E-3],"split_indices":[0,0,0,0,0,0,0,0,0,0,0,0,0,0,0],"split_type":[0,0,0,0,0,0,0,0,0,0,0,0,0,0,0],"sum_hessian":[9E0,7E0,2E0,2E0,5E0,1E0,1E0,1E0,1E0,3E0,2E0,2E0,1E0,1E0,1E0],"tree_param":{"num_deleted":"0","num_feature":"2","num_nodes":"15","size_leaf_vector":"1"}},{"base_weights":[7.211816E-2,-1.5160492E-1,6.4467365E-1,-4.503664E-1,2.3043314E-2,2.0178223E-2,7.652283E-2,-5.4965127E-2,-1.25898365E-2,-2.19841E-2,7.5398766E-2,-3.2257081E-3,-7.807414E-4,2.2491456E-3,9.060669E-3],"categories":[],"categories_nodes":[],"categories_segments":[],"categories_sizes":[],"default_left":[0,0,0,0,0,0,0,0,0,0,0,0,0,0,0],"id":99,"left_children":[1,3,5,7,9,-1,-1,-1,-1,11,13,-1,-1,-1,-1],"loss_changes":[1.3786746E0,4.2780328E-1,5.768299E-3,2.7444124E-2,1.5802156E-2,0E0,0E0,0E0,0E0,3.3070287E-4,3.7595443E-4,0E0,0E0,0E0,0E0],"parents":[2147483647,0,0,1,1,2,2,3,3,4,4,9,9,10,10],"right_children":[2,4,6,8,10,-1,-1,-1,-1,12,14,-1,-1,-1,-1],"split_conditions":[7.98411E-1,1.9997978E-1,1E0,9.88159E-2,6.020842E-1,2.0178223E-2,7.652283E-2,-5.4965127E-2,-1.25898365E-2,3.0144295E-1,6.997196E-1,-3.2257081E-3,-7.807414E-4,2.2491456E-3,9.060669E-3],"split_indices":[0,0,0,0,0,0,0,0,0,0,0,0,0,0,0],"split_type":[0,0,0,0,0,0,0,0,0,0,0,0,0,0,0],"sum_hessian":[9E0,7E0,2E0,2E0,5E0,1E0,1E0,1E0,1E0,3E0,2E0,1E0,2E0,1E0,1E0],"tree_param":{"num_deleted":"0","num_feature":"2","num_nodes":"15","size_leaf_vector":"1"}}]},"name":"gbtree"},"learner_model_param":{"base_score":"1.7744444E2","boost_from_average":"1","num_class":"0","num_feature":"2","num_target":"1"},"objective":{"name":"reg:squarederror","reg_loss_param":{"scale_pos_weight":"1"}}},"version":[2,1,1]}