{"package": {"All_Weights": {"Categorical_Variables": {}, "Numerical_Variables": {"bpf_block_irq": {"scale": 4.0}, "bpf_cpu_time_ms": {"scale": 66594.33333333334}, "bpf_net_rx_irq": {"scale": 379.0}, "bpf_net_tx_irq": {"scale": 1.0}, "bpf_page_cache_hit": {"scale": 1.0}}, "CurveFit_Weights": [1177277.4468962622, 0.00015785227112454064, -1177206.2644379078]}}, "core": {"All_Weights": {"Categorical_Variables": {}, "Numerical_Variables": {"bpf_block_irq": {"scale": 4.0}, "bpf_cpu_time_ms": {"scale": 66594.33333333334}, "bpf_net_rx_irq": {"scale": 379.0}, "bpf_net_tx_irq": {"scale": 1.0}, "bpf_page_cache_hit": {"scale": 1.0}}, "CurveFit_Weights": [0.0, 1.0, 0.0]}}, "uncore": {"All_Weights": {"Categorical_Variables": {}, "Numerical_Variables": {"bpf_block_irq": {"scale": 4.0}, "bpf_cpu_time_ms": {"scale": 66594.33333333334}, "bpf_net_rx_irq": {"scale": 379.0}, "bpf_net_tx_irq": {"scale": 1.0}, "bpf_page_cache_hit": {"scale": 1.0}}, "CurveFit_Weights": [0.0, 1.0, 0.0]}}, "dram": {"All_Weights": {"Categorical_Variables": {}, "Numerical_Variables": {"bpf_block_irq": {"scale": 4.0}, "bpf_cpu_time_ms": {"scale": 66594.33333333334}, "bpf_net_rx_irq": {"scale": 379.0}, "bpf_net_tx_irq": {"scale": 1.0}, "bpf_page_cache_hit": {"scale": 1.0}}, "CurveFit_Weights": [-825.1452297448839, 1.0, 848.0026662642352]}}}