{"package": {"All_Weights": {"Categorical_Variables": {}, "Numerical_Variables": {"bpf_block_irq": {"scale": 2.3333333333333335}, "bpf_cpu_time_ms": {"scale": 45123.33333333333}, "bpf_net_rx_irq": {"scale": 350.3333333333333}, "bpf_net_tx_irq": {"scale": 1.0}, "bpf_page_cache_hit": {"scale": 1.0}}, "CurveFit_Weights": [1154942.2198217392, 0.0002767468485831776, -1154735.8909296547]}}, "core": {"All_Weights": {"Categorical_Variables": {}, "Numerical_Variables": {"bpf_block_irq": {"scale": 2.3333333333333335}, "bpf_cpu_time_ms": {"scale": 45123.33333333333}, "bpf_net_rx_irq": {"scale": 350.3333333333333}, "bpf_net_tx_irq": {"scale": 1.0}, "bpf_page_cache_hit": {"scale": 1.0}}, "CurveFit_Weights": [0.0, 1.0, 0.0]}}, "uncore": {"All_Weights": {"Categorical_Variables": {}, "Numerical_Variables": {"bpf_block_irq": {"scale": 2.3333333333333335}, "bpf_cpu_time_ms": {"scale": 45123.33333333333}, "bpf_net_rx_irq": {"scale": 350.3333333333333}, "bpf_net_tx_irq": {"scale": 1.0}, "bpf_page_cache_hit": {"scale": 1.0}}, "CurveFit_Weights": [0.0, 1.0, 0.0]}}, "dram": {"All_Weights": {"Categorical_Variables": {}, "Numerical_Variables": {"bpf_block_irq": {"scale": 2.3333333333333335}, "bpf_cpu_time_ms": {"scale": 45123.33333333333}, "bpf_net_rx_irq": {"scale": 350.3333333333333}, "bpf_net_tx_irq": {"scale": 1.0}, "bpf_page_cache_hit": {"scale": 1.0}}, "CurveFit_Weights": [865.2806686012832, 1.0, -847.2865362092163]}}}