{"package": {"All_Weights": {"Categorical_Variables": {}, "Numerical_Variables": {"bpf_block_irq": {"scale": 1.3333333333333333}, "bpf_cpu_time_ms": {"scale": 45613.333333333336}, "bpf_net_rx_irq": {"scale": 360.0}, "bpf_net_tx_irq": {"scale": 1.0}, "bpf_page_cache_hit": {"scale": 1.0}}, "CurveFit_Weights": [1232878.5732819627, 0.00026169354821617646, -1232668.061216231]}}, "core": {"All_Weights": {"Categorical_Variables": {}, "Numerical_Variables": {"bpf_block_irq": {"scale": 1.3333333333333333}, "bpf_cpu_time_ms": {"scale": 45613.333333333336}, "bpf_net_rx_irq": {"scale": 360.0}, "bpf_net_tx_irq": {"scale": 1.0}, "bpf_page_cache_hit": {"scale": 1.0}}, "CurveFit_Weights": [0.0, 1.0, 0.0]}}, "uncore": {"All_Weights": {"Categorical_Variables": {}, "Numerical_Variables": {"bpf_block_irq": {"scale": 1.3333333333333333}, "bpf_cpu_time_ms": {"scale": 45613.333333333336}, "bpf_net_rx_irq": {"scale": 360.0}, "bpf_net_tx_irq": {"scale": 1.0}, "bpf_page_cache_hit": {"scale": 1.0}}, "CurveFit_Weights": [0.0, 1.0, 0.0]}}, "dram": {"All_Weights": {"Categorical_Variables": {}, "Numerical_Variables": {"bpf_block_irq": {"scale": 1.3333333333333333}, "bpf_cpu_time_ms": {"scale": 45613.333333333336}, "bpf_net_rx_irq": {"scale": 360.0}, "bpf_net_tx_irq": {"scale": 1.0}, "bpf_page_cache_hit": {"scale": 1.0}}, "CurveFit_Weights": [-813.0231362596747, 1.0, 830.9070439704986]}}}