{"package": {"All_Weights": {"Categorical_Variables": {}, "Numerical_Variables": {"bpf_block_irq": {"scale": 0.6666666666666666}, "bpf_cpu_time_ms": {"scale": 91452.66666666667}, "bpf_net_rx_irq": {"scale": 390.0}, "bpf_net_tx_irq": {"scale": 1.0}, "bpf_page_cache_hit": {"scale": 1.0}}, "CurveFit_Weights": [1507243.5409117576, 0.0001910865054307155, -1507093.7660283388]}}, "core": {"All_Weights": {"Categorical_Variables": {}, "Numerical_Variables": {"bpf_block_irq": {"scale": 0.6666666666666666}, "bpf_cpu_time_ms": {"scale": 91452.66666666667}, "bpf_net_rx_irq": {"scale": 390.0}, "bpf_net_tx_irq": {"scale": 1.0}, "bpf_page_cache_hit": {"scale": 1.0}}, "CurveFit_Weights": [0.0, 1.0, 0.0]}}, "uncore": {"All_Weights": {"Categorical_Variables": {}, "Numerical_Variables": {"bpf_block_irq": {"scale": 0.6666666666666666}, "bpf_cpu_time_ms": {"scale": 91452.66666666667}, "bpf_net_rx_irq": {"scale": 390.0}, "bpf_net_tx_irq": {"scale": 1.0}, "bpf_page_cache_hit": {"scale": 1.0}}, "CurveFit_Weights": [0.0, 1.0, 0.0]}}, "dram": {"All_Weights": {"Categorical_Variables": {}, "Numerical_Variables": {"bpf_block_irq": {"scale": 0.6666666666666666}, "bpf_cpu_time_ms": {"scale": 91452.66666666667}, "bpf_net_rx_irq": {"scale": 390.0}, "bpf_net_tx_irq": {"scale": 1.0}, "bpf_page_cache_hit": {"scale": 1.0}}, "CurveFit_Weights": [1441.1419273117715, 1.0, -1412.1334019985275]}}}