{"package": {"All_Weights": {"Categorical_Variables": {}, "Numerical_Variables": {"bpf_block_irq": {"scale": 1.6666666666666667}, "bpf_cpu_time_ms": {"scale": 66538.33333333333}, "bpf_net_rx_irq": {"scale": 340.3333333333333}, "bpf_net_tx_irq": {"scale": 1.0}, "bpf_page_cache_hit": {"scale": 1.0}}, "CurveFit_Weights": [1059666.8820357625, 0.0001528531273434838, -1059580.5606575767]}}, "core": {"All_Weights": {"Categorical_Variables": {}, "Numerical_Variables": {"bpf_block_irq": {"scale": 1.6666666666666667}, "bpf_cpu_time_ms": {"scale": 66538.33333333333}, "bpf_net_rx_irq": {"scale": 340.3333333333333}, "bpf_net_tx_irq": {"scale": 1.0}, "bpf_page_cache_hit": {"scale": 1.0}}, "CurveFit_Weights": [0.0, 1.0, 0.0]}}, "uncore": {"All_Weights": {"Categorical_Variables": {}, "Numerical_Variables": {"bpf_block_irq": {"scale": 1.6666666666666667}, "bpf_cpu_time_ms": {"scale": 66538.33333333333}, "bpf_net_rx_irq": {"scale": 340.3333333333333}, "bpf_net_tx_irq": {"scale": 1.0}, "bpf_page_cache_hit": {"scale": 1.0}}, "CurveFit_Weights": [0.0, 1.0, 0.0]}}, "dram": {"All_Weights": {"Categorical_Variables": {}, "Numerical_Variables": {"bpf_block_irq": {"scale": 1.6666666666666667}, "bpf_cpu_time_ms": {"scale": 66538.33333333333}, "bpf_net_rx_irq": {"scale": 340.3333333333333}, "bpf_net_tx_irq": {"scale": 1.0}, "bpf_page_cache_hit": {"scale": 1.0}}, "CurveFit_Weights": [3692.5401849896325, 1.0, -3663.7811294749513]}}}