{"package": {"All_Weights": {"Categorical_Variables": {}, "Numerical_Variables": {"bpf_block_irq": {"scale": 2.0}, "bpf_cpu_time_ms": {"scale": 91496.0}, "bpf_net_rx_irq": {"scale": 387.0}, "bpf_net_tx_irq": {"scale": 1.0}, "bpf_page_cache_hit": {"scale": 1.0}}, "CurveFit_Weights": [2525780.7159524006, 0.00015415004188430462, -2525601.335502275]}}, "core": {"All_Weights": {"Categorical_Variables": {}, "Numerical_Variables": {"bpf_block_irq": {"scale": 2.0}, "bpf_cpu_time_ms": {"scale": 91496.0}, "bpf_net_rx_irq": {"scale": 387.0}, "bpf_net_tx_irq": {"scale": 1.0}, "bpf_page_cache_hit": {"scale": 1.0}}, "CurveFit_Weights": [0.0, 1.0, 0.0]}}, "uncore": {"All_Weights": {"Categorical_Variables": {}, "Numerical_Variables": {"bpf_block_irq": {"scale": 2.0}, "bpf_cpu_time_ms": {"scale": 91496.0}, "bpf_net_rx_irq": {"scale": 387.0}, "bpf_net_tx_irq": {"scale": 1.0}, "bpf_page_cache_hit": {"scale": 1.0}}, "CurveFit_Weights": [0.0, 1.0, 0.0]}}, "dram": {"All_Weights": {"Categorical_Variables": {}, "Numerical_Variables": {"bpf_block_irq": {"scale": 2.0}, "bpf_cpu_time_ms": {"scale": 91496.0}, "bpf_net_rx_irq": {"scale": 387.0}, "bpf_net_tx_irq": {"scale": 1.0}, "bpf_page_cache_hit": {"scale": 1.0}}, "CurveFit_Weights": [-2218.798847343387, 1.0, 2234.7787736219243]}}}