{"package": {"All_Weights": {"Categorical_Variables": {}, "Numerical_Variables": {"bpf_block_irq": {"scale": 2.0}, "bpf_cpu_time_ms": {"scale": 91496.0}, "bpf_net_rx_irq": {"scale": 387.0}, "bpf_net_tx_irq": {"scale": 1.0}, "bpf_page_cache_hit": {"scale": 1.0}}, "CurveFit_Weights": [71.20191945206344, 28205084.490271624, -730.1070875204113]}}, "core": {"All_Weights": {"Categorical_Variables": {}, "Numerical_Variables": {"bpf_block_irq": {"scale": 2.0}, "bpf_cpu_time_ms": {"scale": 91496.0}, "bpf_net_rx_irq": {"scale": 387.0}, "bpf_net_tx_irq": {"scale": 1.0}, "bpf_page_cache_hit": {"scale": 1.0}}, "CurveFit_Weights": [0.0, 1.0, 0.0]}}, "uncore": {"All_Weights": {"Categorical_Variables": {}, "Numerical_Variables": {"bpf_block_irq": {"scale": 2.0}, "bpf_cpu_time_ms": {"scale": 91496.0}, "bpf_net_rx_irq": {"scale": 387.0}, "bpf_net_tx_irq": {"scale": 1.0}, "bpf_page_cache_hit": {"scale": 1.0}}, "CurveFit_Weights": [0.0, 1.0, 0.0]}}, "dram": {"All_Weights": {"Categorical_Variables": {}, "Numerical_Variables": {"bpf_block_irq": {"scale": 2.0}, "bpf_cpu_time_ms": {"scale": 91496.0}, "bpf_net_rx_irq": {"scale": 387.0}, "bpf_net_tx_irq": {"scale": 1.0}, "bpf_page_cache_hit": {"scale": 1.0}}, "CurveFit_Weights": [6.330333333333936, 1.0, 15.94496103896104]}}}