{"package": {"All_Weights": {"Categorical_Variables": {}, "Numerical_Variables": {"bpf_block_irq": {"scale": 2.3333333333333335}, "bpf_cpu_time_ms": {"scale": 45123.33333333333}, "bpf_net_rx_irq": {"scale": 350.3333333333333}, "bpf_net_tx_irq": {"scale": 1.0}, "bpf_page_cache_hit": {"scale": 1.0}}, "CurveFit_Weights": [79.08449965779523, 8953393.068851855, -783.8639514749177]}}, "core": {"All_Weights": {"Categorical_Variables": {}, "Numerical_Variables": {"bpf_block_irq": {"scale": 2.3333333333333335}, "bpf_cpu_time_ms": {"scale": 45123.33333333333}, "bpf_net_rx_irq": {"scale": 350.3333333333333}, "bpf_net_tx_irq": {"scale": 1.0}, "bpf_page_cache_hit": {"scale": 1.0}}, "CurveFit_Weights": [0.0, 1.0, 0.0]}}, "uncore": {"All_Weights": {"Categorical_Variables": {}, "Numerical_Variables": {"bpf_block_irq": {"scale": 2.3333333333333335}, "bpf_cpu_time_ms": {"scale": 45123.33333333333}, "bpf_net_rx_irq": {"scale": 350.3333333333333}, "bpf_net_tx_irq": {"scale": 1.0}, "bpf_page_cache_hit": {"scale": 1.0}}, "CurveFit_Weights": [0.0, 1.0, 0.0]}}, "dram": {"All_Weights": {"Categorical_Variables": {}, "Numerical_Variables": {"bpf_block_irq": {"scale": 2.3333333333333335}, "bpf_cpu_time_ms": {"scale": 45123.33333333333}, "bpf_net_rx_irq": {"scale": 350.3333333333333}, "bpf_net_tx_irq": {"scale": 1.0}, "bpf_page_cache_hit": {"scale": 1.0}}, "CurveFit_Weights": [6.154333333333247, 1.0, 18.060004112390608]}}}