{"package": {"All_Weights": {"Bias_Weight": 106.23023474054047, "Categorical_Variables": {}, "Numerical_Variables": {"bpf_block_irq": {"scale": 4.0, "weight": -10.633408030151848}, "bpf_cpu_time_ms": {"scale": 66594.33333333334, "weight": 184.1187943529353}, "bpf_net_rx_irq": {"scale": 379.0, "weight": -57.248565460348004}, "bpf_net_tx_irq": {"scale": 1.0, "weight": 0.0}, "bpf_page_cache_hit": {"scale": 1.0, "weight": 0.0}}}}, "core": {"All_Weights": {"Bias_Weight": 0.0, "Categorical_Variables": {}, "Numerical_Variables": {"bpf_block_irq": {"scale": 4.0, "weight": 0.0}, "bpf_cpu_time_ms": {"scale": 66594.33333333334, "weight": 0.0}, "bpf_net_rx_irq": {"scale": 379.0, "weight": 0.0}, "bpf_net_tx_irq": {"scale": 1.0, "weight": 0.0}, "bpf_page_cache_hit": {"scale": 1.0, "weight": 0.0}}}}, "uncore": {"All_Weights": {"Bias_Weight": 0.0, "Categorical_Variables": {}, "Numerical_Variables": {"bpf_block_irq": {"scale": 4.0, "weight": 0.0}, "bpf_cpu_time_ms": {"scale": 66594.33333333334, "weight": 0.0}, "bpf_net_rx_irq": {"scale": 379.0, "weight": 0.0}, "bpf_net_tx_irq": {"scale": 1.0, "weight": 0.0}, "bpf_page_cache_hit": {"scale": 1.0, "weight": 0.0}}}}, "dram": {"All_Weights": {"Bias_Weight": 21.48964326009106, "Categorical_Variables": {}, "Numerical_Variables": {"bpf_block_irq": {"scale": 4.0, "weight": 0.4014504864108132}, "bpf_cpu_time_ms": {"scale": 66594.33333333334, "weight": 6.944822179730952}, "bpf_net_rx_irq": {"scale": 379.0, "weight": -1.4555239359895322}, "bpf_net_tx_irq": {"scale": 1.0, "weight": 0.0}, "bpf_page_cache_hit": {"scale": 1.0, "weight": 0.0}}}}}