{"package": {"All_Weights": {"Bias_Weight": 258.4074695319527, "Categorical_Variables": {}, "Numerical_Variables": {"bpf_block_irq": {"scale": 2.3333333333333335, "weight": -61.61774003423516}, "bpf_cpu_time_ms": {"scale": 45123.33333333333, "weight": 320.2633078955941}, "bpf_net_rx_irq": {"scale": 350.3333333333333, "weight": -65.75819090208067}, "bpf_net_tx_irq": {"scale": 1.0, "weight": 0.0}, "bpf_page_cache_hit": {"scale": 1.0, "weight": 0.0}}}}, "core": {"All_Weights": {"Bias_Weight": 0.0, "Categorical_Variables": {}, "Numerical_Variables": {"bpf_block_irq": {"scale": 2.3333333333333335, "weight": 0.0}, "bpf_cpu_time_ms": {"scale": 45123.33333333333, "weight": 0.0}, "bpf_net_rx_irq": {"scale": 350.3333333333333, "weight": 0.0}, "bpf_net_tx_irq": {"scale": 1.0, "weight": 0.0}, "bpf_page_cache_hit": {"scale": 1.0, "weight": 0.0}}}}, "uncore": {"All_Weights": {"Bias_Weight": 0.0, "Categorical_Variables": {}, "Numerical_Variables": {"bpf_block_irq": {"scale": 2.3333333333333335, "weight": 0.0}, "bpf_cpu_time_ms": {"scale": 45123.33333333333, "weight": 0.0}, "bpf_net_rx_irq": {"scale": 350.3333333333333, "weight": 0.0}, "bpf_net_tx_irq": {"scale": 1.0, "weight": 0.0}, "bpf_page_cache_hit": {"scale": 1.0, "weight": 0.0}}}}, "dram": {"All_Weights": {"Bias_Weight": 13.13107053235709, "Categorical_Variables": {}, "Numerical_Variables": {"bpf_block_irq": {"scale": 2.3333333333333335, "weight": -0.22747705217366385}, "bpf_cpu_time_ms": {"scale": 45123.33333333333, "weight": 4.066877109160632}, "bpf_net_rx_irq": {"scale": 350.3333333333333, "weight": 5.417557878094185}, "bpf_net_tx_irq": {"scale": 1.0, "weight": 0.0}, "bpf_page_cache_hit": {"scale": 1.0, "weight": 0.0}}}}}