{"package": {"All_Weights": {"Bias_Weight": 154.17594091423086, "Categorical_Variables": {}, "Numerical_Variables": {"bpf_block_irq": {"scale": 1.6666666666666667, "weight": 13.801258735372498}, "bpf_cpu_time_ms": {"scale": 66538.33333333333, "weight": 162.1811781083477}, "bpf_net_rx_irq": {"scale": 340.3333333333333, "weight": -113.74591496246201}, "bpf_net_tx_irq": {"scale": 1.0, "weight": 0.0}, "bpf_page_cache_hit": {"scale": 1.0, "weight": 0.0}}}}, "core": {"All_Weights": {"Bias_Weight": 0.0, "Categorical_Variables": {}, "Numerical_Variables": {"bpf_block_irq": {"scale": 1.6666666666666667, "weight": 0.0}, "bpf_cpu_time_ms": {"scale": 66538.33333333333, "weight": 0.0}, "bpf_net_rx_irq": {"scale": 340.3333333333333, "weight": 0.0}, "bpf_net_tx_irq": {"scale": 1.0, "weight": 0.0}, "bpf_page_cache_hit": {"scale": 1.0, "weight": 0.0}}}}, "uncore": {"All_Weights": {"Bias_Weight": 0.0, "Categorical_Variables": {}, "Numerical_Variables": {"bpf_block_irq": {"scale": 1.6666666666666667, "weight": 0.0}, "bpf_cpu_time_ms": {"scale": 66538.33333333333, "weight": 0.0}, "bpf_net_rx_irq": {"scale": 340.3333333333333, "weight": 0.0}, "bpf_net_tx_irq": {"scale": 1.0, "weight": 0.0}, "bpf_page_cache_hit": {"scale": 1.0, "weight": 0.0}}}}, "dram": {"All_Weights": {"Bias_Weight": 21.27665765241517, "Categorical_Variables": {}, "Numerical_Variables": {"bpf_block_irq": {"scale": 1.6666666666666667, "weight": 1.4152464136552092}, "bpf_cpu_time_ms": {"scale": 66538.33333333333, "weight": 10.371747763515938}, "bpf_net_rx_irq": {"scale": 340.3333333333333, "weight": 6.293945393475867}, "bpf_net_tx_irq": {"scale": 1.0, "weight": 0.0}, "bpf_page_cache_hit": {"scale": 1.0, "weight": 0.0}}}}}