{"package": {"All_Weights": {"Bias_Weight": 257.4860912491998, "Categorical_Variables": {}, "Numerical_Variables": {"bpf_block_irq": {"scale": 0.6666666666666666, "weight": -4.667587406921541}, "bpf_cpu_time_ms": {"scale": 91452.66666666667, "weight": 292.68563778716}, "bpf_net_rx_irq": {"scale": 390.0, "weight": -178.4575898133707}, "bpf_net_tx_irq": {"scale": 1.0, "weight": 0.0}, "bpf_page_cache_hit": {"scale": 1.0, "weight": 0.0}}}}, "core": {"All_Weights": {"Bias_Weight": 0.0, "Categorical_Variables": {}, "Numerical_Variables": {"bpf_block_irq": {"scale": 0.6666666666666666, "weight": 0.0}, "bpf_cpu_time_ms": {"scale": 91452.66666666667, "weight": 0.0}, "bpf_net_rx_irq": {"scale": 390.0, "weight": 0.0}, "bpf_net_tx_irq": {"scale": 1.0, "weight": 0.0}, "bpf_page_cache_hit": {"scale": 1.0, "weight": 0.0}}}}, "uncore": {"All_Weights": {"Bias_Weight": 0.0, "Categorical_Variables": {}, "Numerical_Variables": {"bpf_block_irq": {"scale": 0.6666666666666666, "weight": 0.0}, "bpf_cpu_time_ms": {"scale": 91452.66666666667, "weight": 0.0}, "bpf_net_rx_irq": {"scale": 390.0, "weight": 0.0}, "bpf_net_tx_irq": {"scale": 1.0, "weight": 0.0}, "bpf_page_cache_hit": {"scale": 1.0, "weight": 0.0}}}}, "dram": {"All_Weights": {"Bias_Weight": 26.947647229623673, "Categorical_Variables": {}, "Numerical_Variables": {"bpf_block_irq": {"scale": 0.6666666666666666, "weight": -0.2699745435037371}, "bpf_cpu_time_ms": {"scale": 91452.66666666667, "weight": 8.746613010854533}, "bpf_net_rx_irq": {"scale": 390.0, "weight": -1.318384092422972}, "bpf_net_tx_irq": {"scale": 1.0, "weight": 0.0}, "bpf_page_cache_hit": {"scale": 1.0, "weight": 0.0}}}}}