{"package": {"All_Weights": {"Bias_Weight": 342.12376943586656, "Categorical_Variables": {}, "Numerical_Variables": {"bpf_block_irq": {"scale": 2.0, "weight": 5.512662440182975}, "bpf_cpu_time_ms": {"scale": 91496.0, "weight": 390.3508562273841}, "bpf_net_rx_irq": {"scale": 387.0, "weight": -266.83700236973544}, "bpf_net_tx_irq": {"scale": 1.0, "weight": 0.0}, "bpf_page_cache_hit": {"scale": 1.0, "weight": 0.0}}}}, "core": {"All_Weights": {"Bias_Weight": 0.0, "Categorical_Variables": {}, "Numerical_Variables": {"bpf_block_irq": {"scale": 2.0, "weight": 0.0}, "bpf_cpu_time_ms": {"scale": 91496.0, "weight": 0.0}, "bpf_net_rx_irq": {"scale": 387.0, "weight": 0.0}, "bpf_net_tx_irq": {"scale": 1.0, "weight": 0.0}, "bpf_page_cache_hit": {"scale": 1.0, "weight": 0.0}}}}, "uncore": {"All_Weights": {"Bias_Weight": 0.0, "Categorical_Variables": {}, "Numerical_Variables": {"bpf_block_irq": {"scale": 2.0, "weight": 0.0}, "bpf_cpu_time_ms": {"scale": 91496.0, "weight": 0.0}, "bpf_net_rx_irq": {"scale": 387.0, "weight": 0.0}, "bpf_net_tx_irq": {"scale": 1.0, "weight": 0.0}, "bpf_page_cache_hit": {"scale": 1.0, "weight": 0.0}}}}, "dram": {"All_Weights": {"Bias_Weight": 13.84262377839331, "Categorical_Variables": {}, "Numerical_Variables": {"bpf_block_irq": {"scale": 2.0, "weight": 0.6812396530227701}, "bpf_cpu_time_ms": {"scale": 91496.0, "weight": 5.294816044487748}, "bpf_net_rx_irq": {"scale": 387.0, "weight": 0.5742367729681751}, "bpf_net_tx_irq": {"scale": 1.0, "weight": 0.0}, "bpf_page_cache_hit": {"scale": 1.0, "weight": 0.0}}}}}