{"model_name": "SGDRegressorTrainer_1", "model_class": "scikit", "model_file": "SGDRegressorTrainer_1.json", "features": ["bpf_cpu_time_ms", "bpf_page_cache_hit", "cache_miss", "cgroupfs_cpu_usage_us", "cgroupfs_memory_usage_bytes", "cgroupfs_system_cpu_usage_us", "cgroupfs_user_cpu_usage_us", "cpu_cycles", "cpu_instructions"], "fe_files": [], "output_type": "DynPower", "mae": 4.94, "mape": 273.74, "package_mae": 4.94, "core_mae": 4.75, "uncore_mae": 0.0, "dram_mae": 1.13, "package_mape": 148.86, "core_mape": 164.66, "uncore_mape": -1, "dram_mape": 273.74}