{"package": {"All_Weights": {"Categorical_Variables": {}, "Numerical_Variables": {"bpf_cpu_time_ms": {"scale": 48649.66666666667}, "bpf_page_cache_hit": {"scale": 1.0}}, "CurveFit_Weights": [1389864.4837533967, 0.000221070433159991, -1389634.4001240004]}}, "core": {"All_Weights": {"Categorical_Variables": {}, "Numerical_Variables": {"bpf_cpu_time_ms": {"scale": 48649.66666666667}, "bpf_page_cache_hit": {"scale": 1.0}}, "CurveFit_Weights": [0.0, 1.0, 0.0]}}, "uncore": {"All_Weights": {"Categorical_Variables": {}, "Numerical_Variables": {"bpf_cpu_time_ms": {"scale": 48649.66666666667}, "bpf_page_cache_hit": {"scale": 1.0}}, "CurveFit_Weights": [0.0, 1.0, 0.0]}}, "dram": {"All_Weights": {"Categorical_Variables": {}, "Numerical_Variables": {"bpf_cpu_time_ms": {"scale": 48649.66666666667}, "bpf_page_cache_hit": {"scale": 1.0}}, "CurveFit_Weights": [678.4267970826396, 1.0, -661.390933755099]}}}