{"package": {"All_Weights": {"Categorical_Variables": {}, "Numerical_Variables": {"bpf_cpu_time_ms": {"scale": 48649.66666666667}, "bpf_page_cache_hit": {"scale": 1.0}}, "CurveFit_Weights": [97.63708976885515, 3382661.4869606737, -963.43931593675]}}, "core": {"All_Weights": {"Categorical_Variables": {}, "Numerical_Variables": {"bpf_cpu_time_ms": {"scale": 48649.66666666667}, "bpf_page_cache_hit": {"scale": 1.0}}, "CurveFit_Weights": [0.0, 1.0, 0.0]}}, "uncore": {"All_Weights": {"Categorical_Variables": {}, "Numerical_Variables": {"bpf_cpu_time_ms": {"scale": 48649.66666666667}, "bpf_page_cache_hit": {"scale": 1.0}}, "CurveFit_Weights": [0.0, 1.0, 0.0]}}, "dram": {"All_Weights": {"Categorical_Variables": {}, "Numerical_Variables": {"bpf_cpu_time_ms": {"scale": 48649.66666666667}, "bpf_page_cache_hit": {"scale": 1.0}}, "CurveFit_Weights": [8.27166666666623, 1.0, 17.267333316799288]}}}