{"package": {"All_Weights": {"Categorical_Variables": {}, "Numerical_Variables": {"bpf_cpu_time_ms": {"scale": 95918.0}, "bpf_page_cache_hit": {"scale": 1.0}}, "CurveFit_Weights": [65.31451449041191, 5348541.612005935, -621.2710664953485]}}, "core": {"All_Weights": {"Categorical_Variables": {}, "Numerical_Variables": {"bpf_cpu_time_ms": {"scale": 95918.0}, "bpf_page_cache_hit": {"scale": 1.0}}, "CurveFit_Weights": [0.0, 1.0, 0.0]}}, "uncore": {"All_Weights": {"Categorical_Variables": {}, "Numerical_Variables": {"bpf_cpu_time_ms": {"scale": 95918.0}, "bpf_page_cache_hit": {"scale": 1.0}}, "CurveFit_Weights": [0.0, 1.0, 0.0]}}, "dram": {"All_Weights": {"Categorical_Variables": {}, "Numerical_Variables": {"bpf_cpu_time_ms": {"scale": 95918.0}, "bpf_page_cache_hit": {"scale": 1.0}}, "CurveFit_Weights": [1.097666666667159, 1.0, 31.377971676754093]}}}