{"package": {"All_Weights": {"Categorical_Variables": {}, "Numerical_Variables": {"bpf_cpu_time_ms": {"scale": 48649.66666666667}, "bpf_page_cache_hit": {"scale": 1.0}}, "CurveFit_Weights": [100.24002985309241, 3180211.9093504855, -993.9512231277737]}}, "core": {"All_Weights": {"Categorical_Variables": {}, "Numerical_Variables": {"bpf_cpu_time_ms": {"scale": 48649.66666666667}, "bpf_page_cache_hit": {"scale": 1.0}}, "CurveFit_Weights": [0.0, 1.0, 0.0]}}, "uncore": {"All_Weights": {"Categorical_Variables": {}, "Numerical_Variables": {"bpf_cpu_time_ms": {"scale": 48649.66666666667}, "bpf_page_cache_hit": {"scale": 1.0}}, "CurveFit_Weights": [0.0, 1.0, 0.0]}}, "dram": {"All_Weights": {"Categorical_Variables": {}, "Numerical_Variables": {"bpf_cpu_time_ms": {"scale": 48649.66666666667}, "bpf_page_cache_hit": {"scale": 1.0}}, "CurveFit_Weights": [8.153666666666748, 1.0, 17.162600823045267]}}}