{"package": {"All_Weights": {"Categorical_Variables": {}, "Numerical_Variables": {"bpf_cpu_time_ms": {"scale": 95877.00000000001}, "bpf_page_cache_hit": {"scale": 1.0}}, "CurveFit_Weights": [70.64089296454337, 4157417.528323868, -683.4342435027602]}}, "core": {"All_Weights": {"Categorical_Variables": {}, "Numerical_Variables": {"bpf_cpu_time_ms": {"scale": 95877.00000000001}, "bpf_page_cache_hit": {"scale": 1.0}}, "CurveFit_Weights": [0.0, 1.0, 0.0]}}, "uncore": {"All_Weights": {"Categorical_Variables": {}, "Numerical_Variables": {"bpf_cpu_time_ms": {"scale": 95877.00000000001}, "bpf_page_cache_hit": {"scale": 1.0}}, "CurveFit_Weights": [0.0, 1.0, 0.0]}}, "dram": {"All_Weights": {"Categorical_Variables": {}, "Numerical_Variables": {"bpf_cpu_time_ms": {"scale": 95877.00000000001}, "bpf_page_cache_hit": {"scale": 1.0}}, "CurveFit_Weights": [11.673666666666273, 1.0, 21.01685283257353]}}}