{"package": {"All_Weights": {"Categorical_Variables": {}, "Numerical_Variables": {"bpf_cpu_time_ms": {"scale": 95886.33333333334}, "bpf_page_cache_hit": {"scale": 1.0}}, "CurveFit_Weights": [90.29568599586482, 7880171.783150017, -925.7046607370231]}}, "core": {"All_Weights": {"Categorical_Variables": {}, "Numerical_Variables": {"bpf_cpu_time_ms": {"scale": 95886.33333333334}, "bpf_page_cache_hit": {"scale": 1.0}}, "CurveFit_Weights": [0.0, 1.0, 0.0]}}, "uncore": {"All_Weights": {"Categorical_Variables": {}, "Numerical_Variables": {"bpf_cpu_time_ms": {"scale": 95886.33333333334}, "bpf_page_cache_hit": {"scale": 1.0}}, "CurveFit_Weights": [0.0, 1.0, 0.0]}}, "dram": {"All_Weights": {"Categorical_Variables": {}, "Numerical_Variables": {"bpf_cpu_time_ms": {"scale": 95886.33333333334}, "bpf_page_cache_hit": {"scale": 1.0}}, "CurveFit_Weights": [7.868333333332734, 1.0, 16.241621228815706]}}}