{"package": {"All_Weights": {"Bias_Weight": 143.81206324506658, "Categorical_Variables": {}, "Numerical_Variables": {"bpf_cpu_time_ms": {"scale": 95877.00000000001, "weight": 305.148172889668}, "bpf_page_cache_hit": {"scale": 1.0, "weight": 0.0}}}}, "core": {"All_Weights": {"Bias_Weight": 0.0, "Categorical_Variables": {}, "Numerical_Variables": {"bpf_cpu_time_ms": {"scale": 95877.00000000001, "weight": 0.0}, "bpf_page_cache_hit": {"scale": 1.0, "weight": 0.0}}}}, "uncore": {"All_Weights": {"Bias_Weight": 0.0, "Categorical_Variables": {}, "Numerical_Variables": {"bpf_cpu_time_ms": {"scale": 95877.00000000001, "weight": 0.0}, "bpf_page_cache_hit": {"scale": 1.0, "weight": 0.0}}}}, "dram": {"All_Weights": {"Bias_Weight": 18.616285480502686, "Categorical_Variables": {}, "Numerical_Variables": {"bpf_cpu_time_ms": {"scale": 95877.00000000001, "weight": 8.434209551249596}, "bpf_page_cache_hit": {"scale": 1.0, "weight": 0.0}}}}}