{"package": {"All_Weights": {"Bias_Weight": 158.04163544761215, "Categorical_Variables": {}, "Numerical_Variables": {"bpf_cpu_time_ms": {"scale": 95918.0, "weight": 282.4408721504879}, "bpf_page_cache_hit": {"scale": 1.0, "weight": 0.0}}}}, "core": {"All_Weights": {"Bias_Weight": 0.0, "Categorical_Variables": {}, "Numerical_Variables": {"bpf_cpu_time_ms": {"scale": 95918.0, "weight": 0.0}, "bpf_page_cache_hit": {"scale": 1.0, "weight": 0.0}}}}, "uncore": {"All_Weights": {"Bias_Weight": 0.0, "Categorical_Variables": {}, "Numerical_Variables": {"bpf_cpu_time_ms": {"scale": 95918.0, "weight": 0.0}, "bpf_page_cache_hit": {"scale": 1.0, "weight": 0.0}}}}, "dram": {"All_Weights": {"Bias_Weight": 31.198278777698583, "Categorical_Variables": {}, "Numerical_Variables": {"bpf_cpu_time_ms": {"scale": 95918.0, "weight": 0.479440303010988}, "bpf_page_cache_hit": {"scale": 1.0, "weight": 0.0}}}}}