{"package": {"model_file": "package.json", "features": ["cgroupfs_cpu_usage_us", "cgroupfs_memory_usage_bytes", "cgroupfs_system_cpu_usage_us", "cgroupfs_user_cpu_usage_us"], "fe_files": ["scaler.pkl"]}, "core": {"model_file": "core.json", "features": ["cgroupfs_cpu_usage_us", "cgroupfs_memory_usage_bytes", "cgroupfs_system_cpu_usage_us", "cgroupfs_user_cpu_usage_us"], "fe_files": ["scaler.pkl"]}, "uncore": {"model_file": "uncore.json", "features": ["cgroupfs_cpu_usage_us", "cgroupfs_memory_usage_bytes", "cgroupfs_system_cpu_usage_us", "cgroupfs_user_cpu_usage_us"], "fe_files": ["scaler.pkl"]}, "dram": {"model_file": "dram.json", "features": ["cgroupfs_cpu_usage_us", "cgroupfs_memory_usage_bytes", "cgroupfs_system_cpu_usage_us", "cgroupfs_user_cpu_usage_us"], "fe_files": ["scaler.pkl"]}}