{"model_name": "KNeighborsRegressorTrainer_0", "trainer": "KNeighborsRegressorTrainer", "model_class": "scikit", "model_file": "KNeighborsRegressorTrainer_0.json", "features": ["cache_miss", "cpu_cycles", "cpu_instructions"], "fe_files": [], "output_type": "AbsPower", "mae": 6.73, "mape": -1, "node_type": 0, "machine_spec": {"processor": "11th_gen_intel_core", "cores": 8, "chips": 1, "memory": 31, "frequency": 4800}, "package_mae": 6.73, "core_mae": 5.13, "uncore_mae": 1.04, "dram_mae": 0.0, "package_mape": 48.92, "core_mape": 61.89, "uncore_mape": 9442.07, "dram_mape": -1}