{"package": {"model_file": "package.pkl", "features": ["bpf_cpu_time_ms", "bpf_page_cache_hit", "cache_miss", "cgroupfs_cpu_usage_us", "cgroupfs_memory_usage_bytes", "cgroupfs_system_cpu_usage_us", "cgroupfs_user_cpu_usage_us", "cpu_cycles", "cpu_instructions"], "fe_files": ["scaler.pkl"]}, "core": {"model_file": "core.pkl", "features": ["bpf_cpu_time_ms", "bpf_page_cache_hit", "cache_miss", "cgroupfs_cpu_usage_us", "cgroupfs_memory_usage_bytes", "cgroupfs_system_cpu_usage_us", "cgroupfs_user_cpu_usage_us", "cpu_cycles", "cpu_instructions"], "fe_files": ["scaler.pkl"]}, "uncore": {"model_file": "uncore.pkl", "features": ["bpf_cpu_time_ms", "bpf_page_cache_hit", "cache_miss", "cgroupfs_cpu_usage_us", "cgroupfs_memory_usage_bytes", "cgroupfs_system_cpu_usage_us", "cgroupfs_user_cpu_usage_us", "cpu_cycles", "cpu_instructions"], "fe_files": ["scaler.pkl"]}, "dram": {"model_file": "dram.pkl", "features": ["bpf_cpu_time_ms", "bpf_page_cache_hit", "cache_miss", "cgroupfs_cpu_usage_us", "cgroupfs_memory_usage_bytes", "cgroupfs_system_cpu_usage_us", "cgroupfs_user_cpu_usage_us", "cpu_cycles", "cpu_instructions"], "fe_files": ["scaler.pkl"]}}