{"model_name": "PolynomialRegressionTrainer_0", "trainer": "PolynomialRegressionTrainer", "model_class": "scikit", "model_file": "PolynomialRegressionTrainer_0.json", "features": ["bpf_block_irq", "bpf_cpu_time_ms", "bpf_net_rx_irq", "bpf_net_tx_irq", "bpf_page_cache_hit"], "fe_files": ["poly_scaler.pkl"], "output_type": "AbsPower", "mae": 7.16, "mape": -1, "node_type": 0, "machine_spec": {"processor": "11th_gen_intel_core", "cores": 8, "chips": 1, "memory": 31, "frequency": 4800}, "package_mae": 7.16, "core_mae": 4.42, "uncore_mae": 1.4, "dram_mae": 0.0, "package_mape": 44.84, "core_mape": 44.51, "uncore_mape": 18502.12, "dram_mape": -1}