{"package": {"All_Weights": {"Bias_Weight": 1.978200303460473, "Categorical_Variables": {}, "Numerical_Variables": {"bpf_block_irq": {"scale": 1.6666666666666667, "weight": -0.11821610268910905}, "bpf_cpu_time_ms": {"scale": 91929.33333333334, "weight": 343.7087107608238}, "bpf_net_rx_irq": {"scale": 382.0, "weight": -4.454785635718716}, "bpf_net_tx_irq": {"scale": 1.0, "weight": 0.0}, "bpf_page_cache_hit": {"scale": 1.0, "weight": 0.0}}}}, "core": {"All_Weights": {"Bias_Weight": 3.0297377913807284, "Categorical_Variables": {}, "Numerical_Variables": {"bpf_block_irq": {"scale": 1.6666666666666667, "weight": -1.0501407120082409}, "bpf_cpu_time_ms": {"scale": 91929.33333333334, "weight": 343.71612423032377}, "bpf_net_rx_irq": {"scale": 382.0, "weight": -6.132819420838603}, "bpf_net_tx_irq": {"scale": 1.0, "weight": 0.0}, "bpf_page_cache_hit": {"scale": 1.0, "weight": 0.0}}}}, "uncore": {"All_Weights": {"Bias_Weight": 0.0, "Categorical_Variables": {}, "Numerical_Variables": {"bpf_block_irq": {"scale": 1.6666666666666667, "weight": 0.0}, "bpf_cpu_time_ms": {"scale": 91929.33333333334, "weight": 0.0}, "bpf_net_rx_irq": {"scale": 382.0, "weight": 0.0}, "bpf_net_tx_irq": {"scale": 1.0, "weight": 0.0}, "bpf_page_cache_hit": {"scale": 1.0, "weight": 0.0}}}}, "dram": {"All_Weights": {"Bias_Weight": 0.7840212756337565, "Categorical_Variables": {}, "Numerical_Variables": {"bpf_block_irq": {"scale": 1.6666666666666667, "weight": -0.6027146346048664}, "bpf_cpu_time_ms": {"scale": 91929.33333333334, "weight": 54.76580864336538}, "bpf_net_rx_irq": {"scale": 382.0, "weight": -1.004917952816115}, "bpf_net_tx_irq": {"scale": 1.0, "weight": 0.0}, "bpf_page_cache_hit": {"scale": 1.0, "weight": 0.0}}}}}