{"model_name": "GradientBoostingRegressorTrainer_0", "trainer": "GradientBoostingRegressorTrainer", "model_class": "scikit", "model_file": "GradientBoostingRegressorTrainer_0.json", "features": ["bpf_block_irq", "bpf_net_rx_irq", "bpf_net_tx_irq", "cache_miss", "cpu_cycles", "cpu_instructions"], "fe_files": [], "output_type": "AbsPower", "mae": 5.54, "mape": -1, "node_type": 0, "machine_spec": {"processor": "11th_gen_intel_core", "cores": 8, "chips": 1, "memory": 31, "frequency": 4800}, "package_mae": 5.54, "core_mae": 4.81, "uncore_mae": 1.01, "dram_mae": 0.0, "package_mape": 31.55, "core_mape": 46.14, "uncore_mape": 23710.13, "dram_mape": -1}