{"model_name": "KNeighborsRegressorTrainer_1", "model_class": "scikit", "model_file": "KNeighborsRegressorTrainer_1.json", "features": ["bpf_cpu_time_ms", "bpf_page_cache_hit", "cache_miss", "cgroupfs_cpu_usage_us", "cgroupfs_memory_usage_bytes", "cgroupfs_system_cpu_usage_us", "cgroupfs_user_cpu_usage_us", "cpu_cycles", "cpu_instructions"], "fe_files": [], "output_type": "DynPower", "mae": 2.0, "mape": 35.64, "package_mae": 2.0, "core_mae": 0.0, "uncore_mae": 0.0, "dram_mae": 0.88, "package_mape": 19.31, "core_mape": -1, "uncore_mape": -1, "dram_mape": 35.64}