{"model_name": "SGDRegressorTrainer_1", "model_class": "scikit", "model_file": "SGDRegressorTrainer_1.json", "features": ["bpf_cpu_time_ms", "bpf_page_cache_hit", "cache_miss", "cgroupfs_cpu_usage_us", "cgroupfs_memory_usage_bytes", "cgroupfs_system_cpu_usage_us", "cgroupfs_user_cpu_usage_us", "cpu_cycles", "cpu_instructions"], "fe_files": [], "output_type": "AbsPower", "mae": 4.66, "mape": 145.5, "package_mae": 4.66, "core_mae": 4.15, "uncore_mae": 0.0, "dram_mae": 1.05, "package_mape": 114.13, "core_mape": 75.77, "uncore_mape": -1, "dram_mape": 145.5}