{"learner":{"attributes":{"scikit_learn":"{\"_estimator_type\": \"regressor\"}"},"feature_names":[],"feature_types":[],"gradient_booster":{"model":{"gbtree_model_param":{"num_parallel_tree":"1","num_trees":"100"},"iteration_indptr":[0,1,2,3,4,5,6,7,8,9,10,11,12,13,14,15,16,17,18,19,20,21,22,23,24,25,26,27,28,29,30,31,32,33,34,35,36,37,38,39,40,41,42,43,44,45,46,47,48,49,50,51,52,53,54,55,56,57,58,59,60,61,62,63,64,65,66,67,68,69,70,71,72,73,74,75,76,77,78,79,80,81,82,83,84,85,86,87,88,89,90,91,92,93,94,95,96,97,98,99,100],"tree_info":[0,0,0,0,0,0,0,0,0,0,0,0,0,0,0,0,0,0,0,0,0,0,0,0,0,0,0,0,0,0,0,0,0,0,0,0,0,0,0,0,0,0,0,0,0,0,0,0,0,0,0,0,0,0,0,0,0,0,0,0,0,0,0,0,0,0,0,0,0,0,0,0,0,0,0,0,0,0,0,0,0,0,0,0,0,0,0,0,0,0,0,0,0,0,0,0,0,0,0,0],"trees":[{"base_weights":[-0E0,-5.518571E1,9.6575E0,-7.096667E0,-1.0488889E1,-1.7616665E0,1.8833314E-1],"categories":[],"categories_nodes":[],"categories_segments":[],"categories_sizes":[],"default_left":[0,0,0,0,0,0,0],"id":0,"left_children":[1,3,-1,-1,5,-1,-1],"loss_changes":[5.8625164E4,4.1931484E3,0E0,0E0,2.9773727E2,0E0,0E0],"parents":[2147483647,0,0,1,1,4,4],"right_children":[2,4,-1,-1,6,-1,-1],"split_conditions":[8.1123596E-1,4.0450403E-1,9.6575E0,-7.096667E0,6.0678875E-1,-1.7616665E0,1.8833314E-1],"split_indices":[0,0,0,0,0,0,0],"split_type":[0,0,0,0,0,0,0],"sum_hessian":[9E0,6E0,3E0,4E0,2E0,1E0,1E0],"tree_param":{"num_deleted":"0","num_feature":"2","num_nodes":"7","size_leaf_vector":"1"}},{"base_weights":[9.874878E-2,-5.0905712E1,8.9331875E0,-6.528933E0,-9.964444E0,-1.6735829E0,1.7891617E-1],"categories":[],"categories_nodes":[],"categories_segments":[],"categories_sizes":[],"default_left":[0,0,0,0,0,0,0],"id":1,"left_children":[1,3,-1,-1,5,-1,-1],"loss_changes":[5.006038E4,3.4716133E3,0E0,0E0,2.6870767E2,0E0,0E0],"parents":[2147483647,0,0,1,1,4,4],"right_children":[2,4,-1,-1,6,-1,-1],"split_conditions":[8.1123596E-1,4.0450403E-1,8.9331875E0,-6.528933E0,6.0678875E-1,-1.6735829E0,1.7891617E-1],"split_indices":[0,0,0,0,0,0,0],"split_type":[0,0,0,0,0,0,0],"sum_hessian":[9E0,6E0,3E0,4E0,2E0,1E0,1E0],"tree_param":{"num_deleted":"0","num_feature":"2","num_nodes":"7","size_leaf_vector":"1"}},{"base_weights":[1.7983398E-1,-4.6961372E1,8.263199E0,-5.5354836E1,1.699707E-1,-6.5430803E0,-2.3468604E0],"categories":[],"categories_nodes":[],"categories_segments":[],"categories_sizes":[],"default_left":[0,0,0,0,0,0,0],"id":2,"left_children":[1,3,-1,5,-1,-1,-1],"loss_changes":[4.274945E4,2.9531318E3,0E0,3.9213867E2,0E0,0E0,0E0],"parents":[2147483647,0,0,1,1,3,3],"right_children":[2,4,-1,6,-1,-1,-1],"split_conditions":[8.1123596E-1,6.0678875E-1,8.263199E0,3.0325106E-1,1.699707E-1,-6.5430803E0,-2.3468604E0],"split_indices":[0,0,0,0,0,0,0],"split_type":[0,0,0,0,0,0,0],"sum_hessian":[9E0,6E0,3E0,5E0,1E0,3E0,2E0],"tree_param":{"num_deleted":"0","num_feature":"2","num_nodes":"7","size_leaf_vector":"1"}},{"base_weights":[1.1617279E-1,-4.3510944E1,7.643459E0,-5.130101E1,1.6147232E-1,-6.0523496E0,-2.1904027E0],"categories":[],"categories_nodes":[],"categories_segments":[],"categories_sizes":[],"default_left":[0,0,0,0,0,0,0],"id":3,"left_children":[1,3,-1,5,-1,-1,-1],"loss_changes":[3.662126E4,2.5435605E3,0E0,3.0097168E2,0E0,0E0,0E0],"parents":[2147483647,0,0,1,1,3,3],"right_children":[2,4,-1,6,-1,-1,-1],"split_conditions":[8.1123596E-1,6.0678875E-1,7.643459E0,3.0325106E-1,1.6147232E-1,-6.0523496E0,-2.1904027E0],"split_indices":[0,0,0,0,0,0,0],"split_type":[0,0,0,0,0,0,0],"sum_hessian":[9E0,6E0,3E0,5E0,1E0,3E0,2E0],"tree_param":{"num_deleted":"0","num_feature":"2","num_nodes":"7","size_leaf_vector":"1"}},{"base_weights":[6.0772706E-2,-4.031432E1,7.070199E0,-4.75447E1,1.533989E-1,-5.598423E0,-2.0443761E0],"categories":[],"categories_nodes":[],"categories_segments":[],"categories_sizes":[],"default_left":[0,0,0,0,0,0,0],"id":4,"left_children":[1,3,-1,5,-1,-1,-1],"loss_changes":[3.1371756E4,2.1909873E3,0E0,2.2778711E2,0E0,0E0,0E0],"parents":[2147483647,0,0,1,1,3,3],"right_children":[2,4,-1,6,-1,-1,-1],"split_conditions":[8.1123596E-1,6.0678875E-1,7.070199E0,3.0325106E-1,1.533989E-1,-5.598423E0,-2.0443761E0],"split_indices":[0,0,0,0,0,0,0],"split_type":[0,0,0,0,0,0,0],"sum_hessian":[9E0,6E0,3E0,5E0,1E0,3E0,2E0],"tree_param":{"num_deleted":"0","num_feature":"2","num_nodes":"7","size_leaf_vector":"1"}},{"base_weights":[1.2771606E-2,-3.7352802E1,6.5399337E0,-4.4064034E1,1.4572906E-1,-5.690926E0,-2.3414106E0],"categories":[],"categories_nodes":[],"categories_segments":[],"categories_sizes":[],"default_left":[0,0,0,0,0,0,0],"id":5,"left_children":[1,3,-1,5,-1,-1,-1],"loss_changes":[2.6874912E4,1.887459E3,0E0,2.590381E2,0E0,0E0,0E0],"parents":[2147483647,0,0,1,1,3,3],"right_children":[2,4,-1,6,-1,-1,-1],"split_conditions":[8.1123596E-1,6.0678875E-1,6.5399337E0,2.0133673E-1,1.4572906E-1,-5.690926E0,-2.3414106E0],"split_indices":[0,0,0,0,0,0,0],"split_type":[0,0,0,0,0,0,0],"sum_hessian":[9E0,6E0,3E0,5E0,1E0,2E0,3E0],"tree_param":{"num_deleted":"0","num_feature":"2","num_nodes":"7","size_leaf_vector":"1"}},{"base_weights":[-1.23172E-1,-3.474418E1,6.0494385E0,-4.4620624E0,-6.7020545E0,-1.1437511E0,1.38443E-1],"categories":[],"categories_nodes":[],"categories_segments":[],"categories_sizes":[],"default_left":[0,0,0,0,0,0,0],"id":6,"left_children":[1,3,-1,-1,5,-1,-1],"loss_changes":[2.3088236E4,1.6396445E3,0E0,0E0,1.3071402E2,0E0,0E0],"parents":[2147483647,0,0,1,1,4,4],"right_children":[2,4,-1,-1,6,-1,-1],"split_conditions":[8.1123596E-1,4.0450403E-1,6.0494385E0,-4.4620624E0,6.0678875E-1,-1.1437511E0,1.38443E-1],"split_indices":[0,0,0,0,0,0,0],"split_type":[0,0,0,0,0,0,0],"sum_hessian":[9E0,6E0,3E0,4E0,2E0,1E0,1E0],"tree_param":{"num_deleted":"0","num_feature":"2","num_nodes":"7","size_leaf_vector":"1"}},{"base_weights":[-5.2648924E-2,-3.2050816E1,5.595731E0,-5.0140605E0,-1.4786781E1,-1.9141082E0,1.3152085E-1],"categories":[],"categories_nodes":[],"categories_segments":[],"categories_sizes":[],"default_left":[0,0,0,0,0,0,0],"id":7,"left_children":[1,3,-1,-1,5,-1,-1],"loss_changes":[1.9715637E4,1.4447007E3,0E0,0E0,3.75739E2,0E0,0E0],"parents":[2147483647,0,0,1,1,4,4],"right_children":[2,4,-1,-1,6,-1,-1],"split_conditions":[8.1123596E-1,2.0133673E-1,5.595731E0,-5.0140605E0,6.0678875E-1,-1.9141082E0,1.3152085E-1],"split_indices":[0,0,0,0,0,0,0],"split_type":[0,0,0,0,0,0,0],"sum_hessian":[9E0,6E0,3E0,2E0,4E0,3E0,1E0],"tree_param":{"num_deleted":"0","num_feature":"2","num_nodes":"7","size_leaf_vector":"1"}},{"base_weights":[-1.674759E-1,-2.9816683E1,5.1760507E0,-4.6797895E0,-1.3664619E1,-1.77055E0,1.2494507E-1],"categories":[],"categories_nodes":[],"categories_segments":[],"categories_sizes":[],"default_left":[0,0,0,0,0,0,0],"id":8,"left_children":[1,3,-1,-1,5,-1,-1],"loss_changes":[1.693956E4,1.2804956E3,0E0,0E0,3.234521E2,0E0,0E0],"parents":[2147483647,0,0,1,1,4,4],"right_children":[2,4,-1,-1,6,-1,-1],"split_conditions":[8.1123596E-1,2.0133673E-1,5.1760507E0,-4.6797895E0,6.0678875E-1,-1.77055E0,1.2494507E-1],"split_indices":[0,0,0,0,0,0,0],"split_type":[0,0,0,0,0,0,0],"sum_hessian":[9E0,6E0,3E0,2E0,4E0,3E0,1E0],"tree_param":{"num_deleted":"0","num_feature":"2","num_nodes":"7","size_leaf_vector":"1"}},{"base_weights":[-2.6566315E-1,-2.7738642E1,4.7878464E1,-4.3678036E0,-1.2627275E1,1.3918976E0,5.4558635E0,-1.6377585E0,1.1869812E-1],"categories":[],"categories_nodes":[],"categories_segments":[],"categories_sizes":[],"default_left":[0,0,0,0,0,0,0,0,0],"id":9,"left_children":[1,3,5,-1,7,-1,-1,-1,-1],"loss_changes":[1.455471E4,1.1345269E3,1.4801953E2,0E0,2.7847864E2,0E0,0E0,0E0,0E0],"parents":[2147483647,0,0,1,1,2,2,4,4],"right_children":[2,4,6,-1,8,-1,-1,-1,-1],"split_conditions":[8.1123596E-1,2.0133673E-1,9.113675E-1,-4.3678036E0,6.0678875E-1,1.3918976E0,5.4558635E0,-1.6377585E0,1.1869812E-1],"split_indices":[0,0,0,0,0,0,0,0,0],"split_type":[0,0,0,0,0,0,0,0,0],"sum_hessian":[9E0,6E0,3E0,2E0,4E0,1E0,2E0,3E0,1E0],"tree_param":{"num_deleted":"0","num_feature":"2","num_nodes":"9","size_leaf_vector":"1"}},{"base_weights":[-1.4300537E-1,-2.5805758E1,4.4802563E1,-4.076617E0,-1.1668361E1,1.322303E0,5.0921397E0,-1.5149268E0,1.1276322E-1],"categories":[],"categories_nodes":[],"categories_segments":[],"categories_sizes":[],"default_left":[0,0,0,0,0,0,0,0,0],"id":10,"left_children":[1,3,5,-1,7,-1,-1,-1,-1],"loss_changes":[1.2690435E4,1.0048345E3,9.958496E1,0E0,2.3979102E2,0E0,0E0,0E0,0E0],"parents":[2147483647,0,0,1,1,2,2,4,4],"right_children":[2,4,6,-1,8,-1,-1,-1,-1],"split_conditions":[8.1123596E-1,2.0133673E-1,9.113675E-1,-4.076617E0,6.0678875E-1,1.322303E0,5.0921397E0,-1.5149268E0,1.1276322E-1],"split_indices":[0,0,0,0,0,0,0,0,0],"split_type":[0,0,0,0,0,0,0,0,0],"sum_hessian":[9E0,6E0,3E0,2E0,4E0,1E0,2E0,3E0,1E0],"tree_param":{"num_deleted":"0","num_feature":"2","num_nodes":"9","size_leaf_vector":"1"}},{"base_weights":[-3.513794E-2,-2.4007868E1,4.1925922E1,-4.451132E0,-1.3172072E1,1.2561883E0,4.752664E0,-1.6234988E0,1.07125096E-1],"categories":[],"categories_nodes":[],"categories_segments":[],"categories_sizes":[],"default_left":[0,0,0,0,0,0,0,0,0],"id":11,"left_children":[1,3,5,-1,7,-1,-1,-1,-1],"loss_changes":[1.1065763E4,9.6889185E2,6.081494E1,0E0,2.7914832E2,0E0,0E0,0E0,0E0],"parents":[2147483647,0,0,1,1,2,2,4,4],"right_children":[2,4,6,-1,8,-1,-1,-1,-1],"split_conditions":[8.1123596E-1,1.0113707E-1,9.113675E-1,-4.451132E0,6.0678875E-1,1.2561883E0,4.752664E0,-1.6234988E0,1.07125096E-1],"split_indices":[0,0,0,0,0,0,0,0,0],"split_type":[0,0,0,0,0,0,0,0,0],"sum_hessian":[9E0,6E0,3E0,1E0,5E0,1E0,2E0,4E0,1E0],"tree_param":{"num_deleted":"0","num_feature":"2","num_nodes":"9","size_leaf_vector":"1"}},{"base_weights":[-2.7492523E-2,-2.2459583E1,3.923554E1,-4.228575E0,-1.2107596E1,1.1933784E0,4.4358196E0,-1.493619E0,1.0176849E-1],"categories":[],"categories_nodes":[],"categories_segments":[],"categories_sizes":[],"default_left":[0,0,0,0,0,0,0,0,0],"id":12,"left_children":[1,3,5,-1,7,-1,-1,-1,-1],"loss_changes":[9.688732E3,9.247029E2,3.0069336E1,0E0,2.3795685E2,0E0,0E0,0E0,0E0],"parents":[2147483647,0,0,1,1,2,2,4,4],"right_children":[2,4,6,-1,8,-1,-1,-1,-1],"split_conditions":[8.1123596E-1,1.0113707E-1,9.113675E-1,-4.228575E0,6.0678875E-1,1.1933784E0,4.4358196E0,-1.493619E0,1.0176849E-1],"split_indices":[0,0,0,0,0,0,0,0,0],"split_type":[0,0,0,0,0,0,0,0,0],"sum_hessian":[9E0,6E0,3E0,1E0,5E0,1E0,2E0,4E0,1E0],"tree_param":{"num_deleted":"0","num_feature":"2","num_nodes":"9","size_leaf_vector":"1"}},{"base_weights":[-2.386551E-2,-2.1016542E1,3.6719284E1,-4.0171466E0,-1.1128811E1,1.1337098E0,4.140098E0,-1.3741292E0,9.667969E-2],"categories":[],"categories_nodes":[],"categories_segments":[],"categories_sizes":[],"default_left":[0,0,0,0,0,0,0,0,0],"id":13,"left_children":[1,3,5,-1,7,-1,-1,-1,-1],"loss_changes":[8.485082E3,8.787302E2,5.959961E0,0E0,2.0288232E2,0E0,0E0,0E0,0E0],"parents":[2147483647,0,0,1,1,2,2,4,4],"right_children":[2,4,6,-1,8,-1,-1,-1,-1],"split_conditions":[8.1123596E-1,1.0113707E-1,9.113675E-1,-4.0171466E0,6.0678875E-1,1.1337098E0,4.140098E0,-1.3741292E0,9.667969E-2],"split_indices":[0,0,0,0,0,0,0,0,0],"split_type":[0,0,0,0,0,0,0,0,0],"sum_hessian":[9E0,6E0,3E0,1E0,5E0,1E0,2E0,4E0,1E0],"tree_param":{"num_deleted":"0","num_feature":"2","num_nodes":"9","size_leaf_vector":"1"}},{"base_weights":[-2.355652E-2,-1.9671259E1,3.4365811E0,-3.8162892E0,-1.0228837E1,-1.2641988E0,9.1845706E-2],"categories":[],"categories_nodes":[],"categories_segments":[],"categories_sizes":[],"default_left":[0,0,0,0,0,0,0],"id":14,"left_children":[1,3,-1,-1,5,-1,-1],"loss_changes":[7.432739E3,8.318784E2,0E0,0E0,1.7301166E2,0E0,0E0],"parents":[2147483647,0,0,1,1,4,4],"right_children":[2,4,-1,-1,6,-1,-1],"split_conditions":[8.1123596E-1,1.0113707E-1,3.4365811E0,-3.8162892E0,6.0678875E-1,-1.2641988E0,9.1845706E-2],"split_indices":[0,0,0,0,0,0,0],"split_type":[0,0,0,0,0,0,0],"sum_hessian":[9E0,6E0,3E0,1E0,5E0,4E0,1E0],"tree_param":{"num_deleted":"0","num_feature":"2","num_nodes":"7","size_leaf_vector":"1"}},{"base_weights":[-1.7640762E-1,-1.8416796E1,3.1788372E1,-3.6254747E0,-9.401345E0,9.051949E-1,3.6349866E0,-1.1630629E0,8.725357E-2],"categories":[],"categories_nodes":[],"categories_segments":[],"categories_sizes":[],"default_left":[0,0,0,0,0,0,0,0,0],"id":15,"left_children":[1,3,5,-1,7,-1,-1,-1,-1],"loss_changes":[6.41594E3,7.848767E2,8.5811035E1,0E0,1.4756848E2,0E0,0E0,0E0,0E0],"parents":[2147483647,0,0,1,1,2,2,4,4],"right_children":[2,4,6,-1,8,-1,-1,-1,-1],"split_conditions":[8.1123596E-1,1.0113707E-1,9.113675E-1,-3.6254747E0,6.0678875E-1,9.051949E-1,3.6349866E0,-1.1630629E0,8.725357E-2],"split_indices":[0,0,0,0,0,0,0,0,0],"split_type":[0,0,0,0,0,0,0,0,0],"sum_hessian":[9E0,6E0,3E0,1E0,5E0,1E0,2E0,4E0,1E0],"tree_param":{"num_deleted":"0","num_feature":"2","num_nodes":"9","size_leaf_vector":"1"}},{"base_weights":[-1.7487565E-1,-1.7246727E1,2.9744583E1,-3.444201E0,-8.6405115E0,8.59935E-1,3.3926544E0,-1.0700178E0,8.2891084E-2],"categories":[],"categories_nodes":[],"categories_segments":[],"categories_sizes":[],"default_left":[0,0,0,0,0,0,0,0,0],"id":16,"left_children":[1,3,5,-1,7,-1,-1,-1,-1],"loss_changes":[5.6208027E3,7.383074E2,6.1968018E1,0E0,1.2589264E2,0E0,0E0,0E0,0E0],"parents":[2147483647,0,0,1,1,2,2,4,4],"right_children":[2,4,6,-1,8,-1,-1,-1,-1],"split_conditions":[8.1123596E-1,1.0113707E-1,9.113675E-1,-3.444201E0,6.0678875E-1,8.59935E-1,3.3926544E0,-1.0700178E0,8.2891084E-2],"split_indices":[0,0,0,0,0,0,0,0,0],"split_type":[0,0,0,0,0,0,0,0,0],"sum_hessian":[9E0,6E0,3E0,1E0,5E0,1E0,2E0,4E0,1E0],"tree_param":{"num_deleted":"0","num_feature":"2","num_nodes":"9","size_leaf_vector":"1"}},{"base_weights":[-1.7526321E-1,-1.6155102E1,2.7833271E1,-3.271991E0,-7.940983E0,8.1693804E-1,3.1664774E0,-9.8441666E-1,7.8746796E-2],"categories":[],"categories_nodes":[],"categories_segments":[],"categories_sizes":[],"default_left":[0,0,0,0,0,0,0,0,0],"id":17,"left_children":[1,3,5,-1,7,-1,-1,-1,-1],"loss_changes":[4.925368E3,6.92629E2,4.26875E1,0E0,1.07423035E2,0E0,0E0,0E0,0E0],"parents":[2147483647,0,0,1,1,2,2,4,4],"right_children":[2,4,6,-1,8,-1,-1,-1,-1],"split_conditions":[8.1123596E-1,1.0113707E-1,9.113675E-1,-3.271991E0,6.0678875E-1,8.1693804E-1,3.1664774E0,-9.8441666E-1,7.8746796E-2],"split_indices":[0,0,0,0,0,0,0,0,0],"split_type":[0,0,0,0,0,0,0,0,0],"sum_hessian":[9E0,6E0,3E0,1E0,5E0,1E0,2E0,4E0,1E0],"tree_param":{"num_deleted":"0","num_feature":"2","num_nodes":"9","size_leaf_vector":"1"}},{"base_weights":[-1.7716256E-1,-1.5136403E1,2.60458E1,-3.1083915E0,-7.2978325E0,7.7609104E-1,2.9553792E0,-9.056636E-1,7.480927E-2],"categories":[],"categories_nodes":[],"categories_segments":[],"categories_sizes":[],"default_left":[0,0,0,0,0,0,0,0,0],"id":18,"left_children":[1,3,5,-1,7,-1,-1,-1,-1],"loss_changes":[4.3169956E3,6.4819446E2,2.720874E1,0E0,9.1682434E1,0E0,0E0,0E0,0E0],"parents":[2147483647,0,0,1,1,2,2,4,4],"right_children":[2,4,6,-1,8,-1,-1,-1,-1],"split_conditions":[8.1123596E-1,1.0113707E-1,9.113675E-1,-3.1083915E0,6.0678875E-1,7.7609104E-1,2.9553792E0,-9.056636E-1,7.480927E-2],"split_indices":[0,0,0,0,0,0,0,0,0],"split_type":[0,0,0,0,0,0,0,0,0],"sum_hessian":[9E0,6E0,3E0,1E0,5E0,1E0,2E0,4E0,1E0],"tree_param":{"num_deleted":"0","num_feature":"2","num_nodes":"9","size_leaf_vector":"1"}},{"base_weights":[-1.8022576E-1,-1.41855135E1,2.4374084E1,-2.952972E0,-6.7065263E0,7.372864E-1,2.7583537E0,-8.332106E0,7.106858E-2,-9.1613007E-1,-2.5076637E-1],"categories":[],"categories_nodes":[],"categories_segments":[],"categories_sizes":[],"default_left":[0,0,0,0,0,0,0,0,0,0,0],"id":19,"left_children":[1,3,5,-1,7,-1,-1,9,-1,-1,-1],"loss_changes":[3.784661E3,6.05272E2,1.4888672E1,0E0,7.826511E1,0E0,0E0,1.17453E0,0E0,0E0,0E0],"parents":[2147483647,0,0,1,1,2,2,4,4,7,7],"right_children":[2,4,6,-1,8,-1,-1,10,-1,-1,-1],"split_conditions":[8.1123596E-1,1.0113707E-1,9.113675E-1,-2.952972E0,6.0678875E-1,7.372864E-1,2.7583537E0,4.0450403E-1,7.106858E-2,-9.1613007E-1,-2.5076637E-1],"split_indices":[0,0,0,0,0,0,0,0,0,0,0],"split_type":[0,0,0,0,0,0,0,0,0,0,0],"sum_hessian":[9E0,6E0,3E0,1E0,5E0,1E0,2E0,4E0,1E0,3E0,1E0],"tree_param":{"num_deleted":"0","num_feature":"2","num_nodes":"11","size_leaf_vector":"1"}},{"base_weights":[-2.1752205E-1,-1.3345364E1,2.2810581E1,-2.8053234E0,-6.2185135E0,7.004219E-1,2.574463E0,-7.732276E-1,6.75148E-2],"categories":[],"categories_nodes":[],"categories_segments":[],"categories_sizes":[],"default_left":[0,0,0,0,0,0,0,0,0],"id":20,"left_children":[1,3,5,-1,7,-1,-1,-1,-1],"loss_changes":[3.3275085E3,5.592959E2,5.185547E0,0E0,6.783258E1,0E0,0E0,0E0,0E0],"parents":[2147483647,0,0,1,1,2,2,4,4],"right_children":[2,4,6,-1,8,-1,-1,-1,-1],"split_conditions":[8.1123596E-1,1.0113707E-1,9.113675E-1,-2.8053234E0,6.0678875E-1,7.004219E-1,2.574463E0,-7.732276E-1,6.75148E-2],"split_indices":[0,0,0,0,0,0,0,0,0],"split_type":[0,0,0,0,0,0,0,0,0],"sum_hessian":[9E0,6E0,3E0,1E0,5E0,1E0,2E0,4E0,1E0],"tree_param":{"num_deleted":"0","num_feature":"2","num_nodes":"9","size_leaf_vector":"1"}},{"base_weights":[-2.1938705E-1,-1.2512406E1,2.1348245E0,-2.665057E0,-5.7142844E0,-7.113696E0,6.413879E-2,-7.8942853E-1,-1.9956703E-1],"categories":[],"categories_nodes":[],"categories_segments":[],"categories_sizes":[],"default_left":[0,0,0,0,0,0,0,0,0],"id":21,"left_children":[1,3,-1,-1,5,7,-1,-1,-1],"loss_changes":[2.918431E3,5.2050183E2,0E0,0E0,5.792784E1,4.220993E0,0E0,0E0,0E0],"parents":[2147483647,0,0,1,1,4,4,5,5],"right_children":[2,4,-1,-1,6,8,-1,-1,-1],"split_conditions":[8.1123596E-1,1.0113707E-1,2.1348245E0,-2.665057E0,6.0678875E-1,4.0450403E-1,6.413879E-2,-7.8942853E-1,-1.9956703E-1],"split_indices":[0,0,0,0,0,0,0,0,0],"split_type":[0,0,0,0,0,0,0,0,0],"sum_hessian":[9E0,6E0,3E0,1E0,5E0,4E0,1E0,3E0,1E0],"tree_param":{"num_deleted":"0","num_feature":"2","num_nodes":"9","size_leaf_vector":"1"}},{"base_weights":[-3.4295693E-1,-1.1774009E1,1.9747124E1,-2.531804E0,-5.296997E0,5.586594E-1,2.2605102E0,-6.6001253E0,6.093216E-2,-7.302214E-1,-1.8958855E-1],"categories":[],"categories_nodes":[],"categories_segments":[],"categories_sizes":[],"default_left":[0,0,0,0,0,0,0,0,0,0,0],"id":22,"left_children":[1,3,5,-1,7,-1,-1,9,-1,-1,-1],"loss_changes":[2.5290103E3,4.7996442E2,3.5596558E1,0E0,5.020172E1,0E0,0E0,2.6697998E0,0E0,0E0,0E0],"parents":[2147483647,0,0,1,1,2,2,4,4,7,7],"right_children":[2,4,6,-1,8,-1,-1,10,-1,-1,-1],"split_conditions":[8.1123596E-1,1.0113707E-1,9.113675E-1,-2.531804E0,6.0678875E-1,5.586594E-1,2.2605102E0,4.0450403E-1,6.093216E-2,-7.302214E-1,-1.8958855E-1],"split_indices":[0,0,0,0,0,0,0,0,0,0,0],"split_type":[0,0,0,0,0,0,0,0,0,0,0],"sum_hessian":[9E0,6E0,3E0,1E0,5E0,1E0,2E0,4E0,1E0,3E0,1E0],"tree_param":{"num_deleted":"0","num_feature":"2","num_nodes":"11","size_leaf_vector":"1"}},{"base_weights":[-3.658081E-1,-1.1080989E1,1.8477211E1,-2.405214E0,-4.910441E0,5.307266E-1,2.1098106E0,-6.124072E0,5.7885744E-2,-6.7545456E-1,-1.8010902E-1],"categories":[],"categories_nodes":[],"categories_segments":[],"categories_sizes":[],"default_left":[0,0,0,0,0,0,0,0,0,0,0],"id":23,"left_children":[1,3,5,-1,7,-1,-1,9,-1,-1,-1],"loss_changes":[2.2238093E3,4.4216718E2,2.6094849E1,0E0,4.351686E1,0E0,0E0,1.4620819E0,0E0,0E0,0E0],"parents":[2147483647,0,0,1,1,2,2,4,4,7,7],"right_children":[2,4,6,-1,8,-1,-1,10,-1,-1,-1],"split_conditions":[8.1123596E-1,1.0113707E-1,9.113675E-1,-2.405214E0,6.0678875E-1,5.307266E-1,2.1098106E0,4.0450403E-1,5.7885744E-2,-6.7545456E-1,-1.8010902E-1],"split_indices":[0,0,0,0,0,0,0,0,0,0,0],"split_type":[0,0,0,0,0,0,0,0,0,0,0],"sum_hessian":[9E0,6E0,3E0,1E0,5E0,1E0,2E0,4E0,1E0,3E0,1E0],"tree_param":{"num_deleted":"0","num_feature":"2","num_nodes":"11","size_leaf_vector":"1"}},{"base_weights":[-3.8546294E-1,-1.0430449E1,1.7289627E1,-2.2849534E0,-4.5523453E0,5.041901E-1,1.9691569E0,-5.682779E0,5.4991152E-2,-6.2479556E-1,-1.7110367E-1],"categories":[],"categories_nodes":[],"categories_segments":[],"categories_sizes":[],"default_left":[0,0,0,0,0,0,0,0,0,0,0],"id":24,"left_children":[1,3,5,-1,7,-1,-1,9,-1,-1,-1],"loss_changes":[1.9557988E3,4.0698566E2,1.839038E1,0E0,3.7731606E1,0E0,0E0,5.332031E-1,0E0,0E0,0E0],"parents":[2147483647,0,0,1,1,2,2,4,4,7,7],"right_children":[2,4,6,-1,8,-1,-1,10,-1,-1,-1],"split_conditions":[8.1123596E-1,1.0113707E-1,9.113675E-1,-2.2849534E0,6.0678875E-1,5.041901E-1,1.9691569E0,4.0450403E-1,5.4991152E-2,-6.2479556E-1,-1.7110367E-1],"split_indices":[0,0,0,0,0,0,0,0,0,0,0],"split_type":[0,0,0,0,0,0,0,0,0,0,0],"sum_hessian":[9E0,6E0,3E0,1E0,5E0,1E0,2E0,4E0,1E0,3E0,1E0],"tree_param":{"num_deleted":"0","num_feature":"2","num_nodes":"11","size_leaf_vector":"1"}},{"base_weights":[-4.0216714E-1,-9.81967E0,1.6179005E1,-2.1707056E0,-4.2205963E0,7.3826045E-1,2.1284103E0,-5.2736816E0,5.2241515E-2,-6.3733345E-1,-2.416135E-1],"categories":[],"categories_nodes":[],"categories_segments":[],"categories_sizes":[],"default_left":[0,0,0,0,0,0,0,0,0,0,0],"id":25,"left_children":[1,3,5,-1,7,-1,-1,9,-1,-1,-1],"loss_changes":[1.7204048E3,3.7429175E2,2.2493896E1,0E0,3.272384E1,0E0,0E0,3.1269836E-1,0E0,0E0,0E0],"parents":[2147483647,0,0,1,1,2,2,4,4,7,7],"right_children":[2,4,6,-1,8,-1,-1,10,-1,-1,-1],"split_conditions":[8.1123596E-1,1.0113707E-1,1E0,-2.1707056E0,6.0678875E-1,7.3826045E-1,2.1284103E0,3.0325106E-1,5.2241515E-2,-6.3733345E-1,-2.416135E-1],"split_indices":[0,0,0,0,0,0,0,0,0,0,0],"split_type":[0,0,0,0,0,0,0,0,0,0,0],"sum_hessian":[9E0,6E0,3E0,1E0,5E0,2E0,1E0,4E0,1E0,2E0,2E0],"tree_param":{"num_deleted":"0","num_feature":"2","num_nodes":"11","size_leaf_vector":"1"}},{"base_weights":[-3.750244E-1,-9.265904E0,1.5277771E1,-2.0621705E0,-3.93632E0,6.890432E-1,2.0219896E0,-4.922101E0,4.962921E-2,-5.948443E-1,-2.2550583E-1],"categories":[],"categories_nodes":[],"categories_segments":[],"categories_sizes":[],"default_left":[0,0,0,0,0,0,0,0,0,0,0],"id":26,"left_children":[1,3,5,-1,7,-1,-1,9,-1,-1,-1],"loss_changes":[1.5332336E3,3.424782E2,2.6481201E1,0E0,2.8660316E1,0E0,0E0,2.723999E-1,0E0,0E0,0E0],"parents":[2147483647,0,0,1,1,2,2,4,4,7,7],"right_children":[2,4,6,-1,8,-1,-1,10,-1,-1,-1],"split_conditions":[8.1123596E-1,1.0113707E-1,1E0,-2.0621705E0,6.0678875E-1,6.890432E-1,2.0219896E0,3.0325106E-1,4.962921E-2,-5.948443E-1,-2.2550583E-1],"split_indices":[0,0,0,0,0,0,0,0,0,0,0],"split_type":[0,0,0,0,0,0,0,0,0,0,0],"sum_hessian":[9E0,6E0,3E0,1E0,5E0,2E0,1E0,4E0,1E0,2E0,2E0],"tree_param":{"num_deleted":"0","num_feature":"2","num_nodes":"11","size_leaf_vector":"1"}},{"base_weights":[-3.4971008E-1,-8.744012E0,1.4427746E1,-1.9590619E0,-3.6711414E0,6.4310664E-1,1.9208893E0,-4.593962E0,4.7148135E-2,-5.5518824E-1,-2.104721E-1],"categories":[],"categories_nodes":[],"categories_segments":[],"categories_sizes":[],"default_left":[0,0,0,0,0,0,0,0,0,0,0],"id":27,"left_children":[1,3,5,-1,7,-1,-1,9,-1,-1,-1],"loss_changes":[1.3666206E3,3.1324408E2,2.9399536E1,0E0,2.5103355E1,0E0,0E0,2.3730469E-1,0E0,0E0,0E0],"parents":[2147483647,0,0,1,1,2,2,4,4,7,7],"right_children":[2,4,6,-1,8,-1,-1,10,-1,-1,-1],"split_conditions":[8.1123596E-1,1.0113707E-1,1E0,-1.9590619E0,6.0678875E-1,6.4310664E-1,1.9208893E0,3.0325106E-1,4.7148135E-2,-5.5518824E-1,-2.104721E-1],"split_indices":[0,0,0,0,0,0,0,0,0,0,0],"split_type":[0,0,0,0,0,0,0,0,0,0,0],"sum_hessian":[9E0,6E0,3E0,1E0,5E0,2E0,1E0,4E0,1E0,2E0,2E0],"tree_param":{"num_deleted":"0","num_feature":"2","num_nodes":"11","size_leaf_vector":"1"}},{"base_weights":[-3.260971E-1,-8.252121E0,1.3625969E1,-1.8611088E0,-3.4237785E0,6.0023296E-1,1.8248444E0,-4.287697E0,4.479065E-2,-4.7162762E-1,-1.2866898E-1],"categories":[],"categories_nodes":[],"categories_segments":[],"categories_sizes":[],"default_left":[0,0,0,0,0,0,0,0,0,0,0],"id":28,"left_children":[1,3,5,-1,7,-1,-1,9,-1,-1,-1],"loss_changes":[1.2182872E3,2.863962E2,3.1427185E1,0E0,2.1989403E1,0E0,0E0,3.624649E-1,0E0,0E0,0E0],"parents":[2147483647,0,0,1,1,2,2,4,4,7,7],"right_children":[2,4,6,-1,8,-1,-1,10,-1,-1,-1],"split_conditions":[8.1123596E-1,1.0113707E-1,1E0,-1.8611088E0,6.0678875E-1,6.0023296E-1,1.8248444E0,4.0450403E-1,4.479065E-2,-4.7162762E-1,-1.2866898E-1],"split_indices":[0,0,0,0,0,0,0,0,0,0,0],"split_type":[0,0,0,0,0,0,0,0,0,0,0],"sum_hessian":[9E0,6E0,3E0,1E0,5E0,2E0,1E0,4E0,1E0,3E0,1E0],"tree_param":{"num_deleted":"0","num_feature":"2","num_nodes":"11","size_leaf_vector":"1"}},{"base_weights":[-2.9264146E-1,-7.7721395E0,1.286964E1,-1.7680534E0,-3.1739845E0,5.602178E-1,1.7336015E0,-3.9789872E0,4.2551424E-2,-4.8673376E-1,-1.7643076E-1],"categories":[],"categories_nodes":[],"categories_segments":[],"categories_sizes":[],"default_left":[0,0,0,0,0,0,0,0,0,0,0],"id":29,"left_children":[1,3,5,-1,7,-1,-1,9,-1,-1,-1],"loss_changes":[1.0844972E3,2.628046E2,3.2717407E1,0E0,1.907875E1,0E0,0E0,1.2495728E0,0E0,0E0,0E0],"parents":[2147483647,0,0,1,1,2,2,4,4,7,7],"right_children":[2,4,6,-1,8,-1,-1,10,-1,-1,-1],"split_conditions":[8.1123596E-1,1.0113707E-1,1E0,-1.7680534E0,6.0678875E-1,5.602178E-1,1.7336015E0,3.0325106E-1,4.2551424E-2,-4.8673376E-1,-1.7643076E-1],"split_indices":[0,0,0,0,0,0,0,0,0,0,0],"split_type":[0,0,0,0,0,0,0,0,0,0,0],"sum_hessian":[9E0,6E0,3E0,1E0,5E0,2E0,1E0,4E0,1E0,2E0,2E0],"tree_param":{"num_deleted":"0","num_feature":"2","num_nodes":"11","size_leaf_vector":"1"}},{"base_weights":[-2.728626E-1,-7.336165E0,1.2156132E1,-1.6796507E0,-2.9600232E0,5.228704E-1,1.6469208E0,-3.7137222E0,4.0423583E-2,-4.542849E-1,-1.6466878E-1],"categories":[],"categories_nodes":[],"categories_segments":[],"categories_sizes":[],"default_left":[0,0,0,0,0,0,0,0,0,0,0],"id":30,"left_children":[1,3,5,-1,7,-1,-1,9,-1,-1,-1],"loss_changes":[9.670768E2,2.4008057E2,3.340143E1,0E0,1.6715054E1,0E0,0E0,1.0885086E0,0E0,0E0,0E0],"parents":[2147483647,0,0,1,1,2,2,4,4,7,7],"right_children":[2,4,6,-1,8,-1,-1,10,-1,-1,-1],"split_conditions":[8.1123596E-1,1.0113707E-1,1E0,-1.6796507E0,6.0678875E-1,5.228704E-1,1.6469208E0,3.0325106E-1,4.0423583E-2,-4.542849E-1,-1.6466878E-1],"split_indices":[0,0,0,0,0,0,0,0,0,0,0],"split_type":[0,0,0,0,0,0,0,0,0,0,0],"sum_hessian":[9E0,6E0,3E0,1E0,5E0,2E0,1E0,4E0,1E0,2E0,2E0],"tree_param":{"num_deleted":"0","num_feature":"2","num_nodes":"11","size_leaf_vector":"1"}},{"base_weights":[-2.5441378E-1,-6.925146E0,1.1482971E1,-1.5956682E0,-2.7604434E0,4.880127E-1,1.5645752E0,-3.4661422E0,3.8402557E-2,-4.2399928E-1,-1.536911E-1],"categories":[],"categories_nodes":[],"categories_segments":[],"categories_sizes":[],"default_left":[0,0,0,0,0,0,0,0,0,0,0],"id":31,"left_children":[1,3,5,-1,7,-1,-1,9,-1,-1,-1],"loss_changes":[8.624908E2,2.1924811E2,3.359149E1,0E0,1.4645374E1,0E0,0E0,9.481964E-1,0E0,0E0,0E0],"parents":[2147483647,0,0,1,1,2,2,4,4,7,7],"right_children":[2,4,6,-1,8,-1,-1,10,-1,-1,-1],"split_conditions":[8.1123596E-1,1.0113707E-1,1E0,-1.5956682E0,6.0678875E-1,4.880127E-1,1.5645752E0,3.0325106E-1,3.8402557E-2,-4.2399928E-1,-1.536911E-1],"split_indices":[0,0,0,0,0,0,0,0,0,0,0],"split_type":[0,0,0,0,0,0,0,0,0,0,0],"sum_hessian":[9E0,6E0,3E0,1E0,5E0,2E0,1E0,4E0,1E0,2E0,2E0],"tree_param":{"num_deleted":"0","num_feature":"2","num_nodes":"11","size_leaf_vector":"1"}},{"base_weights":[-2.3720837E-1,-6.537626E0,1.0847824E1,-1.5158848E0,-2.574281E0,4.554789E-1,1.4863465E0,-3.2350662E0,3.648224E-2,-3.9573288E-1,-1.4344482E-1],"categories":[],"categories_nodes":[],"categories_segments":[],"categories_sizes":[],"default_left":[0,0,0,0,0,0,0,0,0,0,0],"id":32,"left_children":[1,3,5,-1,7,-1,-1,9,-1,-1,-1],"loss_changes":[7.693223E2,2.0015897E2,3.3382324E1,0E0,1.2832916E1,0E0,0E0,8.2601166E-1,0E0,0E0,0E0],"parents":[2147483647,0,0,1,1,2,2,4,4,7,7],"right_children":[2,4,6,-1,8,-1,-1,10,-1,-1,-1],"split_conditions":[8.1123596E-1,1.0113707E-1,1E0,-1.5158848E0,6.0678875E-1,4.554789E-1,1.4863465E0,3.0325106E-1,3.648224E-2,-3.9573288E-1,-1.4344482E-1],"split_indices":[0,0,0,0,0,0,0,0,0,0,0],"split_type":[0,0,0,0,0,0,0,0,0,0,0],"sum_hessian":[9E0,6E0,3E0,1E0,5E0,2E0,1E0,4E0,1E0,2E0,2E0],"tree_param":{"num_deleted":"0","num_feature":"2","num_nodes":"11","size_leaf_vector":"1"}},{"base_weights":[-2.2116299E-1,-6.172231E0,1.0248497E1,-1.4400905E0,-2.4006348E0,4.2511392E-1,1.4120286E0,-3.019394E0,3.4658052E-2,-3.693507E-1,-1.3388163E-1],"categories":[],"categories_nodes":[],"categories_segments":[],"categories_sizes":[],"default_left":[0,0,0,0,0,0,0,0,0,0,0],"id":33,"left_children":[1,3,5,-1,7,-1,-1,9,-1,-1,-1],"loss_changes":[6.8631274E2,1.826753E2,3.2854675E1,0E0,1.1245651E1,0E0,0E0,7.1957016E-1,0E0,0E0,0E0],"parents":[2147483647,0,0,1,1,2,2,4,4,7,7],"right_children":[2,4,6,-1,8,-1,-1,10,-1,-1,-1],"split_conditions":[8.1123596E-1,1.0113707E-1,1E0,-1.4400905E0,6.0678875E-1,4.2511392E-1,1.4120286E0,3.0325106E-1,3.4658052E-2,-3.693507E-1,-1.3388163E-1],"split_indices":[0,0,0,0,0,0,0,0,0,0,0],"split_type":[0,0,0,0,0,0,0,0,0,0,0],"sum_hessian":[9E0,6E0,3E0,1E0,5E0,2E0,1E0,4E0,1E0,2E0,2E0],"tree_param":{"num_deleted":"0","num_feature":"2","num_nodes":"11","size_leaf_vector":"1"}},{"base_weights":[-2.0619603E-1,-5.827673E0,9.682938E0,-1.368086E0,-2.2386653E0,3.9677328E-1,1.3414277E0,-2.8181E0,3.2925416E-2,-3.4472707E-1,-1.24956265E-1],"categories":[],"categories_nodes":[],"categories_segments":[],"categories_sizes":[],"default_left":[0,0,0,0,0,0,0,0,0,0,0],"id":34,"left_children":[1,3,5,-1,7,-1,-1,9,-1,-1,-1],"loss_changes":[6.1234436E2,1.6666917E2,3.207721E1,0E0,9.855522E0,0E0,0E0,6.2680817E-1,0E0,0E0,0E0],"parents":[2147483647,0,0,1,1,2,2,4,4,7,7],"right_children":[2,4,6,-1,8,-1,-1,10,-1,-1,-1],"split_conditions":[8.1123596E-1,1.0113707E-1,1E0,-1.368086E0,6.0678875E-1,3.9677328E-1,1.3414277E0,3.0325106E-1,3.2925416E-2,-3.4472707E-1,-1.24956265E-1],"split_indices":[0,0,0,0,0,0,0,0,0,0,0],"split_type":[0,0,0,0,0,0,0,0,0,0,0],"sum_hessian":[9E0,6E0,3E0,1E0,5E0,2E0,1E0,4E0,1E0,2E0,2E0],"tree_param":{"num_deleted":"0","num_feature":"2","num_nodes":"11","size_leaf_vector":"1"}},{"base_weights":[-1.9224052E-1,-5.502742E0,9.149197E0,-1.2996817E0,-2.087593E0,3.7032217E-1,1.2743561E0,-2.6302276E0,3.1278994E-2,-3.217453E-1,-1.1662598E-1],"categories":[],"categories_nodes":[],"categories_segments":[],"categories_sizes":[],"default_left":[0,0,0,0,0,0,0,0,0,0,0],"id":35,"left_children":[1,3,5,-1,7,-1,-1,9,-1,-1,-1],"loss_changes":[5.464228E2,1.5202156E2,3.1107025E1,0E0,8.637894E0,0E0,0E0,5.4600906E-1,0E0,0E0,0E0],"parents":[2147483647,0,0,1,1,2,2,4,4,7,7],"right_children":[2,4,6,-1,8,-1,-1,10,-1,-1,-1],"split_conditions":[8.1123596E-1,1.0113707E-1,1E0,-1.2996817E0,6.0678875E-1,3.7032217E-1,1.2743561E0,3.0325106E-1,3.1278994E-2,-3.217453E-1,-1.1662598E-1],"split_indices":[0,0,0,0,0,0,0,0,0,0,0],"split_type":[0,0,0,0,0,0,0,0,0,0,0],"sum_hessian":[9E0,6E0,3E0,1E0,5E0,2E0,1E0,4E0,1E0,2E0,2E0],"tree_param":{"num_deleted":"0","num_feature":"2","num_nodes":"11","size_leaf_vector":"1"}},{"base_weights":[-1.7922631E-1,-5.196293E0,8.645447E0,-1.2346976E0,-1.9466833E0,3.4563395E-1,1.2106384E0,-2.4548798E0,2.9714966E-2,-3.0029553E-1,-1.0885111E-1],"categories":[],"categories_nodes":[],"categories_segments":[],"categories_sizes":[],"default_left":[0,0,0,0,0,0,0,0,0,0,0],"id":36,"left_children":[1,3,5,-1,7,-1,-1,9,-1,-1,-1],"loss_changes":[4.87664E2,1.3862283E2,2.999292E1,0E0,7.571316E0,0E0,0E0,4.7561073E-1,0E0,0E0,0E0],"parents":[2147483647,0,0,1,1,2,2,4,4,7,7],"right_children":[2,4,6,-1,8,-1,-1,10,-1,-1,-1],"split_conditions":[8.1123596E-1,1.0113707E-1,1E0,-1.2346976E0,6.0678875E-1,3.4563395E-1,1.2106384E0,3.0325106E-1,2.9714966E-2,-3.0029553E-1,-1.0885111E-1],"split_indices":[0,0,0,0,0,0,0,0,0,0,0],"split_type":[0,0,0,0,0,0,0,0,0,0,0],"sum_hessian":[9E0,6E0,3E0,1E0,5E0,2E0,1E0,4E0,1E0,2E0,2E0],"tree_param":{"num_deleted":"0","num_feature":"2","num_nodes":"11","size_leaf_vector":"1"}},{"base_weights":[-1.6708927E-1,-4.907254E0,8.169971E0,-1.1729627E0,-1.8152542E0,3.2259166E-1,1.1501068E0,-2.291223E0,2.8229523E-2,-2.80276E-1,-1.01594545E-1],"categories":[],"categories_nodes":[],"categories_segments":[],"categories_sizes":[],"default_left":[0,0,0,0,0,0,0,0,0,0,0],"id":37,"left_children":[1,3,5,-1,7,-1,-1,9,-1,-1,-1],"loss_changes":[4.3528256E2,1.26371155E2,2.8774994E1,0E0,6.6370106E0,0E0,0E0,4.1430855E-1,0E0,0E0,0E0],"parents":[2147483647,0,0,1,1,2,2,4,4,7,7],"right_children":[2,4,6,-1,8,-1,-1,10,-1,-1,-1],"split_conditions":[8.1123596E-1,1.0113707E-1,1E0,-1.1729627E0,6.0678875E-1,3.2259166E-1,1.1501068E0,3.0325106E-1,2.8229523E-2,-2.80276E-1,-1.01594545E-1],"split_indices":[0,0,0,0,0,0,0,0,0,0,0],"split_type":[0,0,0,0,0,0,0,0,0,0,0],"sum_hessian":[9E0,6E0,3E0,1E0,5E0,2E0,1E0,4E0,1E0,2E0,2E0],"tree_param":{"num_deleted":"0","num_feature":"2","num_nodes":"11","size_leaf_vector":"1"}},{"base_weights":[-1.5577297E-1,-4.634616E0,7.7211456E0,-1.1143146E0,-1.6926702E0,3.010854E-1,1.0926011E0,-2.1384766E0,2.6818085E-2,-2.6159108E-1,-9.482168E-2],"categories":[],"categories_nodes":[],"categories_segments":[],"categories_sizes":[],"default_left":[0,0,0,0,0,0,0,0,0,0,0],"id":38,"left_children":[1,3,5,-1,7,-1,-1,9,-1,-1,-1],"loss_changes":[3.8857938E2,1.15172516E2,2.7486786E1,0E0,5.8184586E0,0E0,0E0,3.609047E-1,0E0,0E0,0E0],"parents":[2147483647,0,0,1,1,2,2,4,4,7,7],"right_children":[2,4,6,-1,8,-1,-1,10,-1,-1,-1],"split_conditions":[8.1123596E-1,1.0113707E-1,1E0,-1.1143146E0,6.0678875E-1,3.010854E-1,1.0926011E0,3.0325106E-1,2.6818085E-2,-2.6159108E-1,-9.482168E-2],"split_indices":[0,0,0,0,0,0,0,0,0,0,0],"split_type":[0,0,0,0,0,0,0,0,0,0,0],"sum_hessian":[9E0,6E0,3E0,1E0,5E0,2E0,1E0,4E0,1E0,2E0,2E0],"tree_param":{"num_deleted":"0","num_feature":"2","num_nodes":"11","size_leaf_vector":"1"}},{"base_weights":[-1.4521885E-1,-4.3774295E0,7.297455E0,-1.0585989E0,-1.5783386E0,2.8101298E-1,1.0379715E0,-1.9959137E0,2.5476838E-2,-2.4415182E-1,-8.850047E-2],"categories":[],"categories_nodes":[],"categories_segments":[],"categories_sizes":[],"default_left":[0,0,0,0,0,0,0,0,0,0,0],"id":39,"left_children":[1,3,5,-1,7,-1,-1,9,-1,-1,-1],"loss_changes":[3.4693372E2,1.0493997E2,2.6156067E1,0E0,5.1012545E0,0E0,0E0,3.1437302E-1,0E0,0E0,0E0],"parents":[2147483647,0,0,1,1,2,2,4,4,7,7],"right_children":[2,4,6,-1,8,-1,-1,10,-1,-1,-1],"split_conditions":[8.1123596E-1,1.0113707E-1,1E0,-1.0585989E0,6.0678875E-1,2.8101298E-1,1.0379715E0,3.0325106E-1,2.5476838E-2,-2.4415182E-1,-8.850047E-2],"split_indices":[0,0,0,0,0,0,0,0,0,0,0],"split_type":[0,0,0,0,0,0,0,0,0,0,0],"sum_hessian":[9E0,6E0,3E0,1E0,5E0,2E0,1E0,4E0,1E0,2E0,2E0],"tree_param":{"num_deleted":"0","num_feature":"2","num_nodes":"11","size_leaf_vector":"1"}},{"base_weights":[-1.3537483E-1,-4.134799E0,6.897461E0,-1.0056689E0,-1.4717026E0,2.6227924E-1,9.860733E-1,-1.862854E0,2.4202729E-2,-2.0692539E-1,-5.1862717E-2],"categories":[],"categories_nodes":[],"categories_segments":[],"categories_sizes":[],"default_left":[0,0,0,0,0,0,0,0,0,0,0],"id":40,"left_children":[1,3,5,-1,7,-1,-1,9,-1,-1,-1],"loss_changes":[3.0979254E2,9.559348E1,2.4805359E1,0E0,4.472829E0,0E0,0E0,3.1407166E-1,0E0,0E0,0E0],"parents":[2147483647,0,0,1,1,2,2,4,4,7,7],"right_children":[2,4,6,-1,8,-1,-1,10,-1,-1,-1],"split_conditions":[8.1123596E-1,1.0113707E-1,1E0,-1.0056689E0,6.0678875E-1,2.6227924E-1,9.860733E-1,4.0450403E-1,2.4202729E-2,-2.0692539E-1,-5.1862717E-2],"split_indices":[0,0,0,0,0,0,0,0,0,0,0],"split_type":[0,0,0,0,0,0,0,0,0,0,0],"sum_hessian":[9E0,6E0,3E0,1E0,5E0,2E0,1E0,4E0,1E0,3E0,1E0],"tree_param":{"num_deleted":"0","num_feature":"2","num_nodes":"11","size_leaf_vector":"1"}},{"base_weights":[-1.2102775E-1,-3.898498E0,6.519802E0,-9.553854E-1,-1.3636297E0,2.447942E-1,9.367691E-1,-1.7283264E0,2.2992706E-2,-2.1408032E-1,-7.39741E-2],"categories":[],"categories_nodes":[],"categories_segments":[],"categories_sizes":[],"default_left":[0,0,0,0,0,0,0,0,0,0,0],"id":41,"left_children":[1,3,5,-1,7,-1,-1,9,-1,-1,-1],"loss_changes":[2.762728E2,8.732116E1,2.3453262E1,0E0,3.8843784E0,0E0,0E0,4.552021E-1,0E0,0E0,0E0],"parents":[2147483647,0,0,1,1,2,2,4,4,7,7],"right_children":[2,4,6,-1,8,-1,-1,10,-1,-1,-1],"split_conditions":[8.1123596E-1,1.0113707E-1,1E0,-9.553854E-1,6.0678875E-1,2.447942E-1,9.367691E-1,3.0325106E-1,2.2992706E-2,-2.1408032E-1,-7.39741E-2],"split_indices":[0,0,0,0,0,0,0,0,0,0,0],"split_type":[0,0,0,0,0,0,0,0,0,0,0],"sum_hessian":[9E0,6E0,3E0,1E0,5E0,2E0,1E0,4E0,1E0,2E0,2E0],"tree_param":{"num_deleted":"0","num_feature":"2","num_nodes":"11","size_leaf_vector":"1"}},{"base_weights":[-1.12812236E-1,-3.682998E0,6.1632156E0,-9.0761614E-1,-1.2714437E0,2.2847493E-1,8.899307E-1,-1.6131042E0,2.1842957E-2,-1.9980825E-1,-6.904247E-2],"categories":[],"categories_nodes":[],"categories_segments":[],"categories_sizes":[],"default_left":[0,0,0,0,0,0,0,0,0,0,0],"id":42,"left_children":[1,3,5,-1,7,-1,-1,9,-1,-1,-1],"loss_changes":[2.4676494E2,7.9501526E1,2.211467E1,0E0,3.4065351E0,0E0,0E0,3.96533E-1,0E0,0E0,0E0],"parents":[2147483647,0,0,1,1,2,2,4,4,7,7],"right_children":[2,4,6,-1,8,-1,-1,10,-1,-1,-1],"split_conditions":[8.1123596E-1,1.0113707E-1,1E0,-9.0761614E-1,6.0678875E-1,2.2847493E-1,8.899307E-1,3.0325106E-1,2.1842957E-2,-1.9980825E-1,-6.904247E-2],"split_indices":[0,0,0,0,0,0,0,0,0,0,0],"split_type":[0,0,0,0,0,0,0,0,0,0,0],"sum_hessian":[9E0,6E0,3E0,1E0,5E0,2E0,1E0,4E0,1E0,2E0,2E0],"tree_param":{"num_deleted":"0","num_feature":"2","num_nodes":"11","size_leaf_vector":"1"}},{"base_weights":[-1.05153084E-1,-3.479645E0,5.826496E0,-8.6223537E-1,-1.1854681E0,8.521652E-2,7.2005516E-1,-1.5055634E0,2.0750428E-2,-1.8648784E-1,-6.443939E-2],"categories":[],"categories_nodes":[],"categories_segments":[],"categories_sizes":[],"default_left":[0,0,0,0,0,0,0,0,0,0,0],"id":43,"left_children":[1,3,5,-1,7,-1,-1,9,-1,-1,-1],"loss_changes":[2.2043716E2,7.2366455E1,2.120398E1,0E0,2.9877138E0,0E0,0E0,3.4543896E-1,0E0,0E0,0E0],"parents":[2147483647,0,0,1,1,2,2,4,4,7,7],"right_children":[2,4,6,-1,8,-1,-1,10,-1,-1,-1],"split_conditions":[8.1123596E-1,1.0113707E-1,9.113675E-1,-8.6223537E-1,6.0678875E-1,8.521652E-2,7.2005516E-1,3.0325106E-1,2.0750428E-2,-1.8648784E-1,-6.443939E-2],"split_indices":[0,0,0,0,0,0,0,0,0,0,0],"split_type":[0,0,0,0,0,0,0,0,0,0,0],"sum_hessian":[9E0,6E0,3E0,1E0,5E0,1E0,2E0,4E0,1E0,2E0,2E0],"tree_param":{"num_deleted":"0","num_feature":"2","num_nodes":"11","size_leaf_vector":"1"}},{"base_weights":[-1.2335453E-1,-3.2877407E0,5.44516E0,-8.1912357E-1,-1.1052856E0,1.8640035E-1,8.094315E-1,-1.405194E0,1.971283E-2,-1.7405549E-1,-6.0143538E-2],"categories":[],"categories_nodes":[],"categories_segments":[],"categories_sizes":[],"default_left":[0,0,0,0,0,0,0,0,0,0,0],"id":44,"left_children":[1,3,5,-1,7,-1,-1,9,-1,-1,-1],"loss_changes":[1.9411157E2,6.585794E1,2.2860313E1,0E0,2.6206326E0,0E0,0E0,3.0091476E-1,0E0,0E0,0E0],"parents":[2147483647,0,0,1,1,2,2,4,4,7,7],"right_children":[2,4,6,-1,8,-1,-1,10,-1,-1,-1],"split_conditions":[8.1123596E-1,1.0113707E-1,1E0,-8.1912357E-1,6.0678875E-1,1.8640035E-1,8.094315E-1,3.0325106E-1,1.971283E-2,-1.7405549E-1,-6.0143538E-2],"split_indices":[0,0,0,0,0,0,0,0,0,0,0],"split_type":[0,0,0,0,0,0,0,0,0,0,0],"sum_hessian":[9E0,6E0,3E0,1E0,5E0,2E0,1E0,4E0,1E0,2E0,2E0],"tree_param":{"num_deleted":"0","num_feature":"2","num_nodes":"11","size_leaf_vector":"1"}},{"base_weights":[-1.1479578E-1,-2.5392084E0,6.3885703E0,-7.781674E-1,-6.786172E-1,1.8932496E-1,7.689606E-1,-1.3115143E0,6.02417E-1,-1.6245168E-1,-5.6134034E-2,1.8727113E-2,7.163544E-2],"categories":[],"categories_nodes":[],"categories_segments":[],"categories_sizes":[],"default_left":[0,0,0,0,0,0,0,0,0,0,0,0,0],"id":45,"left_children":[1,3,5,-1,7,-1,-1,9,11,-1,-1,-1,-1],"loss_changes":[1.7389035E2,7.275191E1,2.9873657E0,0E0,6.465418E0,0E0,0E0,2.6212502E-1,7.749319E-3,0E0,0E0,0E0,0E0],"parents":[2147483647,0,0,1,1,2,2,4,4,7,7,8,8],"right_children":[2,4,6,-1,8,-1,-1,10,12,-1,-1,-1,-1],"split_conditions":[9.113675E-1,1.0113707E-1,1E0,-7.781674E-1,6.0678875E-1,1.8932496E-1,7.689606E-1,3.0325106E-1,8.1123596E-1,-1.6245168E-1,-5.6134034E-2,1.8727113E-2,7.163544E-2],"split_indices":[0,0,0,0,0,0,0,0,0,0,0,0,0],"split_type":[0,0,0,0,0,0,0,0,0,0,0,0,0],"sum_hessian":[9E0,7E0,2E0,1E0,6E0,1E0,1E0,4E0,2E0,2E0,2E0,1E0,1E0],"tree_param":{"num_deleted":"0","num_feature":"2","num_nodes":"13","size_leaf_vector":"1"}},{"base_weights":[-9.8125555E-2,-2.3985853E0,6.069143E0,-7.39259E-1,-6.290719E-1,1.798584E-1,7.3051304E-1,-1.2240784E0,5.7229614E-1,-1.7245483E-1,-6.678238E-2,1.7790986E-2,6.805344E-2],"categories":[],"categories_nodes":[],"categories_segments":[],"categories_sizes":[],"default_left":[0,0,0,0,0,0,0,0,0,0,0,0,0],"id":46,"left_children":[1,3,5,-1,7,-1,-1,9,11,-1,-1,-1,-1],"loss_changes":[1.5643289E2,6.60452E1,2.6961823E0,0E0,5.7042875E0,0E0,0E0,2.4024916E-1,6.989181E-3,0E0,0E0,0E0,0E0],"parents":[2147483647,0,0,1,1,2,2,4,4,7,7,8,8],"right_children":[2,4,6,-1,8,-1,-1,10,12,-1,-1,-1,-1],"split_conditions":[9.113675E-1,1.0113707E-1,1E0,-7.39259E-1,6.0678875E-1,1.798584E-1,7.3051304E-1,2.0133673E-1,8.1123596E-1,-1.7245483E-1,-6.678238E-2,1.7790986E-2,6.805344E-2],"split_indices":[0,0,0,0,0,0,0,0,0,0,0,0,0],"split_type":[0,0,0,0,0,0,0,0,0,0,0,0,0],"sum_hessian":[9E0,7E0,2E0,1E0,6E0,1E0,1E0,4E0,2E0,1E0,3E0,1E0,1E0],"tree_param":{"num_deleted":"0","num_feature":"2","num_nodes":"13","size_leaf_vector":"1"}},{"base_weights":[-8.654175E-2,-2.2703094E0,5.765686E0,-7.022961E-1,-5.8807915E-1,1.7086487E-1,6.93988E-1,-1.1495193E0,5.4368085E-1,-1.638321E-1,-6.1773874E-2,1.6901398E-2,6.465073E-2],"categories":[],"categories_nodes":[],"categories_segments":[],"categories_sizes":[],"default_left":[0,0,0,0,0,0,0,0,0,0,0,0,0],"id":47,"left_children":[1,3,5,-1,7,-1,-1,9,11,-1,-1,-1,-1],"loss_changes":[1.4088896E2,5.983037E1,2.433426E0,0E0,5.0728807E0,0E0,0E0,2.8762102E-1,6.3082576E-3,0E0,0E0,0E0,0E0],"parents":[2147483647,0,0,1,1,2,2,4,4,7,7,8,8],"right_children":[2,4,6,-1,8,-1,-1,10,12,-1,-1,-1,-1],"split_conditions":[9.113675E-1,1.0113707E-1,1E0,-7.022961E-1,6.0678875E-1,1.7086487E-1,6.93988E-1,2.0133673E-1,8.1123596E-1,-1.638321E-1,-6.1773874E-2,1.6901398E-2,6.465073E-2],"split_indices":[0,0,0,0,0,0,0,0,0,0,0,0,0],"split_type":[0,0,0,0,0,0,0,0,0,0,0,0,0],"sum_hessian":[9E0,7E0,2E0,1E0,6E0,1E0,1E0,4E0,2E0,1E0,3E0,1E0,1E0],"tree_param":{"num_deleted":"0","num_feature":"2","num_nodes":"13","size_leaf_vector":"1"}},{"base_weights":[-7.603884E-2,-2.1490722E0,5.4773965E0,-6.6718125E-1,-5.4985046E-1,1.6232148E-1,6.5928805E-1,-1.0796875E0,5.1649475E-1,-1.5564041E-1,-5.7140734E-2,1.605606E-2,6.1418153E-2],"categories":[],"categories_nodes":[],"categories_segments":[],"categories_sizes":[],"default_left":[0,0,0,0,0,0,0,0,0,0,0,0,0],"id":48,"left_children":[1,3,5,-1,7,-1,-1,9,11,-1,-1,-1,-1],"loss_changes":[1.26895905E2,5.4194416E1,2.196167E0,0E0,4.5125775E0,0E0,0E0,3.2218742E-1,5.696714E-3,0E0,0E0,0E0,0E0],"parents":[2147483647,0,0,1,1,2,2,4,4,7,7,8,8],"right_children":[2,4,6,-1,8,-1,-1,10,12,-1,-1,-1,-1],"split_conditions":[9.113675E-1,1.0113707E-1,1E0,-6.6718125E-1,6.0678875E-1,1.6232148E-1,6.5928805E-1,2.0133673E-1,8.1123596E-1,-1.5564041E-1,-5.7140734E-2,1.605606E-2,6.1418153E-2],"split_indices":[0,0,0,0,0,0,0,0,0,0,0,0,0],"split_type":[0,0,0,0,0,0,0,0,0,0,0,0,0],"sum_hessian":[9E0,7E0,2E0,1E0,6E0,1E0,1E0,4E0,2E0,1E0,3E0,1E0,1E0],"tree_param":{"num_deleted":"0","num_feature":"2","num_nodes":"13","size_leaf_vector":"1"}},{"base_weights":[-6.652288E-2,-2.0344744E0,5.2035217E0,-6.338222E-1,-5.141929E-1,1.5420532E-1,6.263229E-1,-1.014273E0,4.9067178E-1,-1.4785843E-1,-5.285492E-2,1.5253449E-2,5.8347322E-2],"categories":[],"categories_nodes":[],"categories_segments":[],"categories_sizes":[],"default_left":[0,0,0,0,0,0,0,0,0,0,0,0,0],"id":49,"left_children":[1,3,5,-1,7,-1,-1,9,11,-1,-1,-1,-1],"loss_changes":[1.1429834E2,4.9084194E1,1.9820328E0,0E0,4.015266E0,0E0,0E0,3.4613085E-1,5.139053E-3,0E0,0E0,0E0,0E0],"parents":[2147483647,0,0,1,1,2,2,4,4,7,7,8,8],"right_children":[2,4,6,-1,8,-1,-1,10,12,-1,-1,-1,-1],"split_conditions":[9.113675E-1,1.0113707E-1,1E0,-6.338222E-1,6.0678875E-1,1.5420532E-1,6.263229E-1,2.0133673E-1,8.1123596E-1,-1.4785843E-1,-5.285492E-2,1.5253449E-2,5.8347322E-2],"split_indices":[0,0,0,0,0,0,0,0,0,0,0,0,0],"split_type":[0,0,0,0,0,0,0,0,0,0,0,0,0],"sum_hessian":[9E0,7E0,2E0,1E0,6E0,1E0,1E0,4E0,2E0,1E0,3E0,1E0,1E0],"tree_param":{"num_deleted":"0","num_feature":"2","num_nodes":"13","size_leaf_vector":"1"}},{"base_weights":[-5.791054E-2,-1.9261441E0,4.9433494E0,-6.0213107E-1,-4.8093304E-1,1.4649506E-1,5.9500736E-1,-9.529877E-1,4.6613565E-1,-1.4046554E-1,-4.8890688E-2,1.4490509E-2,5.5429842E-2],"categories":[],"categories_nodes":[],"categories_segments":[],"categories_sizes":[],"default_left":[0,0,0,0,0,0,0,0,0,0,0,0,0],"id":50,"left_children":[1,3,5,-1,7,-1,-1,9,11,-1,-1,-1,-1],"loss_changes":[1.0295682E2,4.4451195E1,1.7887955E0,0E0,3.5736985E0,0E0,0E0,3.613062E-1,4.641056E-3,0E0,0E0,0E0,0E0],"parents":[2147483647,0,0,1,1,2,2,4,4,7,7,8,8],"right_children":[2,4,6,-1,8,-1,-1,10,12,-1,-1,-1,-1],"split_conditions":[9.113675E-1,1.0113707E-1,1E0,-6.0213107E-1,6.0678875E-1,1.4649506E-1,5.9500736E-1,2.0133673E-1,8.1123596E-1,-1.4046554E-1,-4.8890688E-2,1.4490509E-2,5.5429842E-2],"split_indices":[0,0,0,0,0,0,0,0,0,0,0,0,0],"split_type":[0,0,0,0,0,0,0,0,0,0,0,0,0],"sum_hessian":[9E0,7E0,2E0,1E0,6E0,1E0,1E0,4E0,2E0,1E0,3E0,1E0,1E0],"tree_param":{"num_deleted":"0","num_feature":"2","num_nodes":"13","size_leaf_vector":"1"}},{"base_weights":[-5.0125886E-2,-1.8237276E0,4.6961875E0,-5.720245E-1,-4.499043E-1,1.3917084E-1,5.6525725E-1,-8.955612E-1,4.4282532E-1,-1.3344231E-1,-4.5224E-2,1.3765717E-2,5.265808E-2],"categories":[],"categories_nodes":[],"categories_segments":[],"categories_sizes":[],"default_left":[0,0,0,0,0,0,0,0,0,0,0,0,0],"id":51,"left_children":[1,3,5,-1,7,-1,-1,9,11,-1,-1,-1,-1],"loss_changes":[9.274526E1,4.0251457E1,1.6143341E0,0E0,3.1815348E0,0E0,0E0,3.6930466E-1,4.1909814E-3,0E0,0E0,0E0,0E0],"parents":[2147483647,0,0,1,1,2,2,4,4,7,7,8,8],"right_children":[2,4,6,-1,8,-1,-1,10,12,-1,-1,-1,-1],"split_conditions":[9.113675E-1,1.0113707E-1,1E0,-5.720245E-1,6.0678875E-1,1.3917084E-1,5.6525725E-1,2.0133673E-1,8.1123596E-1,-1.3344231E-1,-4.5224E-2,1.3765717E-2,5.265808E-2],"split_indices":[0,0,0,0,0,0,0,0,0,0,0,0,0],"split_type":[0,0,0,0,0,0,0,0,0,0,0,0,0],"sum_hessian":[9E0,7E0,2E0,1E0,6E0,1E0,1E0,4E0,2E0,1E0,3E0,1E0,1E0],"tree_param":{"num_deleted":"0","num_feature":"2","num_nodes":"13","size_leaf_vector":"1"}},{"base_weights":[-4.3093584E-2,-1.7268864E0,4.4613853E0,-5.4342335E-1,-4.209464E-1,1.3221283E-1,5.3699493E-1,-8.4173584E-1,4.206848E-1,-1.2677002E-1,-4.183197E-2,1.3077545E-2,5.0025176E-2],"categories":[],"categories_nodes":[],"categories_segments":[],"categories_sizes":[],"default_left":[0,0,0,0,0,0,0,0,0,0,0,0,0],"id":52,"left_children":[1,3,5,-1,7,-1,-1,9,11,-1,-1,-1,-1],"loss_changes":[8.355039E1,3.6445057E1,1.4568901E0,0E0,2.833152E0,0E0,0E0,3.7149692E-1,3.780961E-3,0E0,0E0,0E0,0E0],"parents":[2147483647,0,0,1,1,2,2,4,4,7,7,8,8],"right_children":[2,4,6,-1,8,-1,-1,10,12,-1,-1,-1,-1],"split_conditions":[9.113675E-1,1.0113707E-1,1E0,-5.4342335E-1,6.0678875E-1,1.3221283E-1,5.3699493E-1,2.0133673E-1,8.1123596E-1,-1.2677002E-1,-4.183197E-2,1.3077545E-2,5.0025176E-2],"split_indices":[0,0,0,0,0,0,0,0,0,0,0,0,0],"split_type":[0,0,0,0,0,0,0,0,0,0,0,0,0],"sum_hessian":[9E0,7E0,2E0,1E0,6E0,1E0,1E0,4E0,2E0,1E0,3E0,1E0,1E0],"tree_param":{"num_deleted":"0","num_feature":"2","num_nodes":"13","size_leaf_vector":"1"}},{"base_weights":[-3.675308E-2,-1.6353121E0,4.238322E0,-5.1625216E-1,-3.93922E-1,1.2560272E-1,5.101456E-1,-7.9128265E-1,3.996531E-1,-1.2043152E-1,-3.869457E-2,1.2423706E-2,4.7524262E-2],"categories":[],"categories_nodes":[],"categories_segments":[],"categories_sizes":[],"default_left":[0,0,0,0,0,0,0,0,0,0,0,0,0],"id":53,"left_children":[1,3,5,-1,7,-1,-1,9,11,-1,-1,-1,-1],"loss_changes":[7.527057E1,3.2995514E1,1.3147926E0,0E0,2.5235872E0,0E0,0E0,3.690169E-1,3.4129322E-3,0E0,0E0,0E0,0E0],"parents":[2147483647,0,0,1,1,2,2,4,4,7,7,8,8],"right_children":[2,4,6,-1,8,-1,-1,10,12,-1,-1,-1,-1],"split_conditions":[9.113675E-1,1.0113707E-1,1E0,-5.1625216E-1,6.0678875E-1,1.2560272E-1,5.101456E-1,2.0133673E-1,8.1123596E-1,-1.2043152E-1,-3.869457E-2,1.2423706E-2,4.7524262E-2],"split_indices":[0,0,0,0,0,0,0,0,0,0,0,0,0],"split_type":[0,0,0,0,0,0,0,0,0,0,0,0,0],"sum_hessian":[9E0,7E0,2E0,1E0,6E0,1E0,1E0,4E0,2E0,1E0,3E0,1E0,1E0],"tree_param":{"num_deleted":"0","num_feature":"2","num_nodes":"13","size_leaf_vector":"1"}},{"base_weights":[-3.1045342E-2,-1.5487096E0,4.0264077E0,-4.904395E-1,-3.6869812E-1,1.193222E-1,4.84639E-1,-8.678608E-1,2.2263908E-1,-1.1441002E-1,-3.944143E-2,-1.2422562E-2,3.796692E-1,1.1802673E-2,4.5147706E-2],"categories":[],"categories_nodes":[],"categories_segments":[],"categories_sizes":[],"default_left":[0,0,0,0,0,0,0,0,0,0,0,0,0,0,0],"id":54,"left_children":[1,3,5,-1,7,-1,-1,9,11,-1,-1,-1,13,-1,-1],"loss_changes":[6.7814255E1,2.9869738E1,1.1866646E0,0E0,2.259434E0,0E0,0E0,7.188892E-2,2.6503745E-1,0E0,0E0,0E0,3.0775666E-3,0E0,0E0],"parents":[2147483647,0,0,1,1,2,2,4,4,7,7,8,8,12,12],"right_children":[2,4,6,-1,8,-1,-1,10,12,-1,-1,-1,14,-1,-1],"split_conditions":[9.113675E-1,1.0113707E-1,1E0,-4.904395E-1,4.0450403E-1,1.193222E-1,4.84639E-1,2.0133673E-1,6.0678875E-1,-1.1441002E-1,-3.944143E-2,-1.2422562E-2,8.1123596E-1,1.1802673E-2,4.5147706E-2],"split_indices":[0,0,0,0,0,0,0,0,0,0,0,0,0,0,0],"split_type":[0,0,0,0,0,0,0,0,0,0,0,0,0,0,0],"sum_hessian":[9E0,7E0,2E0,1E0,6E0,1E0,1E0,3E0,3E0,1E0,2E0,1E0,2E0,1E0,1E0],"tree_param":{"num_deleted":"0","num_feature":"2","num_nodes":"15","size_leaf_vector":"1"}},{"base_weights":[-2.7522946E-2,-1.46881E0,3.8250835E0,-4.6591756E-1,-3.4744698E-1,1.1335602E-1,4.604065E-1,-8.195362E-1,2.1150398E-1,-1.086895E-1,-3.681183E-2,-1.1801529E-2,3.6068216E-1,1.1212158E-2,4.289017E-2],"categories":[],"categories_nodes":[],"categories_segments":[],"categories_sizes":[],"default_left":[0,0,0,0,0,0,0,0,0,0,0,0,0,0,0],"id":55,"left_children":[1,3,5,-1,7,-1,-1,9,11,-1,-1,-1,13,-1,-1],"loss_changes":[6.114543E1,2.7001646E1,1.0709572E0,0E0,2.0204585E0,0E0,0E0,8.2656145E-2,2.3919436E-1,0E0,0E0,0E0,2.7808845E-3,0E0,0E0],"parents":[2147483647,0,0,1,1,2,2,4,4,7,7,8,8,12,12],"right_children":[2,4,6,-1,8,-1,-1,10,12,-1,-1,-1,14,-1,-1],"split_conditions":[9.113675E-1,1.0113707E-1,1E0,-4.6591756E-1,4.0450403E-1,1.1335602E-1,4.604065E-1,2.0133673E-1,6.0678875E-1,-1.086895E-1,-3.681183E-2,-1.1801529E-2,8.1123596E-1,1.1212158E-2,4.289017E-2],"split_indices":[0,0,0,0,0,0,0,0,0,0,0,0,0,0,0],"split_type":[0,0,0,0,0,0,0,0,0,0,0,0,0,0,0],"sum_hessian":[9E0,7E0,2E0,1E0,6E0,1E0,1E0,3E0,3E0,1E0,2E0,1E0,2E0,1E0,1E0],"tree_param":{"num_deleted":"0","num_feature":"2","num_nodes":"15","size_leaf_vector":"1"}},{"base_weights":[-2.4306584E-2,-1.3930694E0,3.6338298E0,-4.4262168E-1,-3.2744598E-1,1.07688904E-1,4.3738556E-1,-7.739582E-1,2.0092773E-1,-1.03255086E-1,-3.4357708E-2,-1.1211395E-2,3.4264627E-1,1.06513975E-2,4.0745545E-2],"categories":[],"categories_nodes":[],"categories_segments":[],"categories_sizes":[],"default_left":[0,0,0,0,0,0,0,0,0,0,0,0,0,0,0],"id":56,"left_children":[1,3,5,-1,7,-1,-1,9,11,-1,-1,-1,13,-1,-1],"loss_changes":[5.5133385E1,2.4408192E1,9.6645355E-1,0E0,1.8069869E0,0E0,0E0,9.041262E-2,2.1587068E-1,0E0,0E0,0E0,2.5109053E-3,0E0,0E0],"parents":[2147483647,0,0,1,1,2,2,4,4,7,7,8,8,12,12],"right_children":[2,4,6,-1,8,-1,-1,10,12,-1,-1,-1,14,-1,-1],"split_conditions":[9.113675E-1,1.0113707E-1,1E0,-4.4262168E-1,4.0450403E-1,1.07688904E-1,4.3738556E-1,2.0133673E-1,6.0678875E-1,-1.03255086E-1,-3.4357708E-2,-1.1211395E-2,8.1123596E-1,1.06513975E-2,4.0745545E-2],"split_indices":[0,0,0,0,0,0,0,0,0,0,0,0,0,0,0],"split_type":[0,0,0,0,0,0,0,0,0,0,0,0,0,0,0],"sum_hessian":[9E0,7E0,2E0,1E0,6E0,1E0,1E0,3E0,3E0,1E0,2E0,1E0,2E0,1E0,1E0],"tree_param":{"num_deleted":"0","num_feature":"2","num_nodes":"15","size_leaf_vector":"1"}},{"base_weights":[-2.1373654E-2,-1.3212689E0,3.4521382E0,-4.204906E-1,-3.0861992E-1,1.0230408E-1,4.1551667E-1,-6.2737733E-1,3.2551575E-1,-9.809227E-2,-2.937603E-2,1.0118866E-2,3.8708497E-2],"categories":[],"categories_nodes":[],"categories_segments":[],"categories_sizes":[],"default_left":[0,0,0,0,0,0,0,0,0,0,0,0,0],"id":57,"left_children":[1,3,5,-1,7,-1,-1,9,11,-1,-1,-1,-1],"loss_changes":[4.9713215E1,2.2063183E1,8.722687E-1,0E0,1.6191692E0,0E0,0E0,3.015877E-1,2.2663176E-3,0E0,0E0,0E0,0E0],"parents":[2147483647,0,0,1,1,2,2,4,4,7,7,8,8],"right_children":[2,4,6,-1,8,-1,-1,10,12,-1,-1,-1,-1],"split_conditions":[9.113675E-1,1.0113707E-1,1E0,-4.204906E-1,6.0678875E-1,1.0230408E-1,4.1551667E-1,2.0133673E-1,8.1123596E-1,-9.809227E-2,-2.937603E-2,1.0118866E-2,3.8708497E-2],"split_indices":[0,0,0,0,0,0,0,0,0,0,0,0,0],"split_type":[0,0,0,0,0,0,0,0,0,0,0,0,0],"sum_hessian":[9E0,7E0,2E0,1E0,6E0,1E0,1E0,4E0,2E0,1E0,3E0,1E0,1E0],"tree_param":{"num_deleted":"0","num_feature":"2","num_nodes":"13","size_leaf_vector":"1"}},{"base_weights":[-1.7368555E-2,-1.2515347E0,3.2795308E0,-3.9946607E-1,-2.8899384E-1,9.718933E-2,3.947403E-1,-6.917572E-1,1.8601799E-1,-9.318771E-2,-3.0109152E-2,-9.182358E-3,3.0923972E-1,9.613037E-3,3.6772918E-2],"categories":[],"categories_nodes":[],"categories_segments":[],"categories_sizes":[],"default_left":[0,0,0,0,0,0,0,0,0,0,0,0,0,0,0],"id":58,"left_children":[1,3,5,-1,7,-1,-1,9,11,-1,-1,-1,13,-1,-1],"loss_changes":[4.4793667E1,1.9968534E1,7.871666E-1,0E0,1.4679009E0,0E0,0E0,9.4646215E-2,1.6533995E-1,0E0,0E0,0E0,2.044022E-3,0E0,0E0],"parents":[2147483647,0,0,1,1,2,2,4,4,7,7,8,8,12,12],"right_children":[2,4,6,-1,8,-1,-1,10,12,-1,-1,-1,14,-1,-1],"split_conditions":[9.113675E-1,1.0113707E-1,1E0,-3.9946607E-1,4.0450403E-1,9.718933E-2,3.947403E-1,2.0133673E-1,6.0678875E-1,-9.318771E-2,-3.0109152E-2,-9.182358E-3,8.1123596E-1,9.613037E-3,3.6772918E-2],"split_indices":[0,0,0,0,0,0,0,0,0,0,0,0,0,0,0],"split_type":[0,0,0,0,0,0,0,0,0,0,0,0,0,0,0],"sum_hessian":[9E0,7E0,2E0,1E0,6E0,1E0,1E0,3E0,3E0,1E0,2E0,1E0,2E0,1E0,1E0],"tree_param":{"num_deleted":"0","num_feature":"2","num_nodes":"15","size_leaf_vector":"1"}},{"base_weights":[-1.499672E-2,-1.187077E0,3.1155498E0,-3.7949276E-1,-2.7239445E-1,9.2329405E-2,3.7500307E-1,-6.5340805E-1,1.7671776E-1,-8.852845E-2,-2.8102113E-2,-8.723068E-3,2.9377747E-1,9.132385E-3,3.4934234E-2],"categories":[],"categories_nodes":[],"categories_segments":[],"categories_sizes":[],"default_left":[0,0,0,0,0,0,0,0,0,0,0,0,0,0,0],"id":59,"left_children":[1,3,5,-1,7,-1,-1,9,11,-1,-1,-1,13,-1,-1],"loss_changes":[4.0390915E1,1.804913E1,7.1045303E-1,0E0,1.3132938E0,0E0,0E0,9.660733E-2,1.4921731E-1,0E0,0E0,0E0,1.8446445E-3,0E0,0E0],"parents":[2147483647,0,0,1,1,2,2,4,4,7,7,8,8,12,12],"right_children":[2,4,6,-1,8,-1,-1,10,12,-1,-1,-1,14,-1,-1],"split_conditions":[9.113675E-1,1.0113707E-1,1E0,-3.7949276E-1,4.0450403E-1,9.2329405E-2,3.7500307E-1,2.0133673E-1,6.0678875E-1,-8.852845E-2,-2.8102113E-2,-8.723068E-3,8.1123596E-1,9.132385E-3,3.4934234E-2],"split_indices":[0,0,0,0,0,0,0,0,0,0,0,0,0,0,0],"split_type":[0,0,0,0,0,0,0,0,0,0,0,0,0,0,0],"sum_hessian":[9E0,7E0,2E0,1E0,6E0,1E0,1E0,3E0,3E0,1E0,2E0,1E0,2E0,1E0,1E0],"tree_param":{"num_deleted":"0","num_feature":"2","num_nodes":"15","size_leaf_vector":"1"}},{"base_weights":[-1.2839222E-2,-1.1259657E0,2.9597778E0,-3.6051813E-1,-2.5676617E-1,8.771362E-2,3.5625306E-1,-6.1722565E-1,1.6788483E-1,-8.410187E-2,-2.6228843E-2,-8.287049E-3,2.790934E-1,8.676148E-3,3.3187866E-2],"categories":[],"categories_nodes":[],"categories_segments":[],"categories_sizes":[],"default_left":[0,0,0,0,0,0,0,0,0,0,0,0,0,0,0],"id":60,"left_children":[1,3,5,-1,7,-1,-1,9,11,-1,-1,-1,13,-1,-1],"loss_changes":[3.6421597E1,1.6313774E1,6.4113045E-1,0E0,1.1751091E0,0E0,0E0,9.714043E-2,1.3467318E-1,0E0,0E0,0E0,1.6625822E-3,0E0,0E0],"parents":[2147483647,0,0,1,1,2,2,4,4,7,7,8,8,12,12],"right_children":[2,4,6,-1,8,-1,-1,10,12,-1,-1,-1,14,-1,-1],"split_conditions":[9.113675E-1,1.0113707E-1,1E0,-3.6051813E-1,4.0450403E-1,8.771362E-2,3.5625306E-1,2.0133673E-1,6.0678875E-1,-8.410187E-2,-2.6228843E-2,-8.287049E-3,8.1123596E-1,8.676148E-3,3.3187866E-2],"split_indices":[0,0,0,0,0,0,0,0,0,0,0,0,0,0,0],"split_type":[0,0,0,0,0,0,0,0,0,0,0,0,0,0,0],"sum_hessian":[9E0,7E0,2E0,1E0,6E0,1E0,1E0,3E0,3E0,1E0,2E0,1E0,2E0,1E0,1E0],"tree_param":{"num_deleted":"0","num_feature":"2","num_nodes":"15","size_leaf_vector":"1"}},{"base_weights":[-1.0887003E-2,-1.0680292E0,2.8117878E0,-3.4249222E-1,-2.4205562E-1,8.332825E-2,3.3843994E-1,-5.83086E-1,1.5948868E-1,-7.989693E-2,-2.4480185E-2,-7.872772E-3,2.6513672E-1,8.242035E-3,3.1528473E-2],"categories":[],"categories_nodes":[],"categories_segments":[],"categories_sizes":[],"default_left":[0,0,0,0,0,0,0,0,0,0,0,0,0,0,0],"id":61,"left_children":[1,3,5,-1,7,-1,-1,9,11,-1,-1,-1,13,-1,-1],"loss_changes":[3.284276E1,1.474483E1,5.785847E-1,0E0,1.0515673E0,0E0,0E0,9.653044E-2,1.21542E-1,0E0,0E0,0E0,1.5027076E-3,0E0,0E0],"parents":[2147483647,0,0,1,1,2,2,4,4,7,7,8,8,12,12],"right_children":[2,4,6,-1,8,-1,-1,10,12,-1,-1,-1,14,-1,-1],"split_conditions":[9.113675E-1,1.0113707E-1,1E0,-3.4249222E-1,4.0450403E-1,8.332825E-2,3.3843994E-1,2.0133673E-1,6.0678875E-1,-7.989693E-2,-2.4480185E-2,-7.872772E-3,8.1123596E-1,8.242035E-3,3.1528473E-2],"split_indices":[0,0,0,0,0,0,0,0,0,0,0,0,0,0,0],"split_type":[0,0,0,0,0,0,0,0,0,0,0,0,0,0,0],"sum_hessian":[9E0,7E0,2E0,1E0,6E0,1E0,1E0,3E0,3E0,1E0,2E0,1E0,2E0,1E0,1E0],"tree_param":{"num_deleted":"0","num_feature":"2","num_nodes":"15","size_leaf_vector":"1"}},{"base_weights":[-9.119177E-3,-1.0130966E0,2.6711934E0,-3.2536763E-1,-2.2820282E-1,7.916107E-2,3.2151794E-1,-5.508709E-1,1.5151596E-1,-7.590218E-2,-2.2848003E-2,-7.4790954E-3,2.5188193E-1,7.830048E-3,2.9952241E-2],"categories":[],"categories_nodes":[],"categories_segments":[],"categories_sizes":[],"default_left":[0,0,0,0,0,0,0,0,0,0,0,0,0,0,0],"id":62,"left_children":[1,3,5,-1,7,-1,-1,9,11,-1,-1,-1,13,-1,-1],"loss_changes":[2.9615908E1,1.3326437E1,5.2223015E-1,0E0,9.4112766E-1,0E0,0E0,9.500241E-2,1.0969253E-1,0E0,0E0,0E0,1.3557673E-3,0E0,0E0],"parents":[2147483647,0,0,1,1,2,2,4,4,7,7,8,8,12,12],"right_children":[2,4,6,-1,8,-1,-1,10,12,-1,-1,-1,14,-1,-1],"split_conditions":[9.113675E-1,1.0113707E-1,1E0,-3.2536763E-1,4.0450403E-1,7.916107E-2,3.2151794E-1,2.0133673E-1,6.0678875E-1,-7.590218E-2,-2.2848003E-2,-7.4790954E-3,8.1123596E-1,7.830048E-3,2.9952241E-2],"split_indices":[0,0,0,0,0,0,0,0,0,0,0,0,0,0,0],"split_type":[0,0,0,0,0,0,0,0,0,0,0,0,0,0,0],"sum_hessian":[9E0,7E0,2E0,1E0,6E0,1E0,1E0,3E0,3E0,1E0,2E0,1E0,2E0,1E0,1E0],"tree_param":{"num_deleted":"0","num_feature":"2","num_nodes":"15","size_leaf_vector":"1"}},{"base_weights":[-7.518864E-3,-9.6101296E-1,2.5376384E0,-3.0909926E-1,-2.1515982E-1,7.520294E-2,3.054428E-1,-6.1891176E-2,7.012329E-2,-1.2241618E-2,2.3928833E-1,7.4386597E-3,2.845459E-2],"categories":[],"categories_nodes":[],"categories_segments":[],"categories_sizes":[],"default_left":[0,0,0,0,0,0,0,0,0,0,0,0,0],"id":63,"left_children":[1,3,5,-1,7,-1,-1,-1,9,-1,11,-1,-1],"loss_changes":[2.6706627E1,1.2044159E1,4.7133255E-1,0E0,8.496853E-1,0E0,0E0,0E0,1.921475E-1,0E0,1.2227595E-3,0E0,0E0],"parents":[2147483647,0,0,1,1,2,2,4,4,8,8,10,10],"right_children":[2,4,6,-1,8,-1,-1,-1,10,-1,12,-1,-1],"split_conditions":[9.113675E-1,1.0113707E-1,1E0,-3.0909926E-1,3.0325106E-1,7.520294E-2,3.054428E-1,-6.1891176E-2,6.0678875E-1,-1.2241618E-2,8.1123596E-1,7.4386597E-3,2.845459E-2],"split_indices":[0,0,0,0,0,0,0,0,0,0,0,0,0],"split_type":[0,0,0,0,0,0,0,0,0,0,0,0,0],"sum_hessian":[9E0,7E0,2E0,1E0,6E0,1E0,1E0,2E0,4E0,2E0,2E0,1E0,1E0],"tree_param":{"num_deleted":"0","num_feature":"2","num_nodes":"13","size_leaf_vector":"1"}},{"base_weights":[-3.4369468E-3,-2.4177115E0,9.0234566E-1,-2.9364428E-1,-6.9012456E-2,-2.2506714E-3,2.4107563E0,-1.7386628E-2,2.2732036E-1,7.144318E-2,2.9017028E-1,7.0663453E-3,2.7031709E-2],"categories":[],"categories_nodes":[],"categories_segments":[],"categories_sizes":[],"default_left":[0,0,0,0,0,0,0,0,0,0,0,0,0],"id":64,"left_children":[1,3,5,-1,-1,7,9,-1,11,-1,-1,-1,-1],"loss_changes":[2.404969E1,6.6194916E-1,1.0921449E1,0E0,0E0,2.7591115E-1,4.2534637E-1,0E0,1.1056811E-3,0E0,0E0,0E0,0E0],"parents":[2147483647,0,0,1,1,2,2,5,5,6,6,8,8],"right_children":[2,4,6,-1,-1,8,10,-1,12,-1,-1,-1,-1],"split_conditions":[2.0133673E-1,1.0113707E-1,9.113675E-1,-2.9364428E-1,-6.9012456E-2,6.0678875E-1,1E0,-1.7386628E-2,8.1123596E-1,7.144318E-2,2.9017028E-1,7.0663453E-3,2.7031709E-2],"split_indices":[0,0,0,0,0,0,0,0,0,0,0,0,0],"split_type":[0,0,0,0,0,0,0,0,0,0,0,0,0],"sum_hessian":[9E0,2E0,7E0,1E0,1E0,5E0,2E0,3E0,2E0,1E0,1E0,1E0,1E0],"tree_param":{"num_deleted":"0","num_feature":"2","num_nodes":"13","size_leaf_vector":"1"}},{"base_weights":[-1.5253543E-3,-2.296825E0,8.5940266E-1,-2.7896208E-1,-6.5561675E-2,7.5912476E-4,2.2902222E0,-1.6082574E-2,2.1595256E-1,6.7871094E-2,2.7566224E-1,6.7131044E-3,2.567978E-2],"categories":[],"categories_nodes":[],"categories_segments":[],"categories_sizes":[],"default_left":[0,0,0,0,0,0,0,0,0,0,0,0,0],"id":65,"left_children":[1,3,5,-1,-1,7,9,-1,11,-1,-1,-1,-1],"loss_changes":[2.1734776E1,5.9741974E-1,9.826773E0,0E0,0E0,2.4336272E-1,3.8387775E-1,0E0,9.96843E-4,0E0,0E0,0E0,0E0],"parents":[2147483647,0,0,1,1,2,2,5,5,6,6,8,8],"right_children":[2,4,6,-1,-1,8,10,-1,12,-1,-1,-1,-1],"split_conditions":[2.0133673E-1,1.0113707E-1,9.113675E-1,-2.7896208E-1,-6.5561675E-2,6.0678875E-1,1E0,-1.6082574E-2,8.1123596E-1,6.7871094E-2,2.7566224E-1,6.7131044E-3,2.567978E-2],"split_indices":[0,0,0,0,0,0,0,0,0,0,0,0,0],"split_type":[0,0,0,0,0,0,0,0,0,0,0,0,0],"sum_hessian":[9E0,2E0,7E0,1E0,1E0,5E0,2E0,3E0,2E0,1E0,1E0,1E0,1E0],"tree_param":{"num_deleted":"0","num_feature":"2","num_nodes":"13","size_leaf_vector":"1"}},{"base_weights":[1.5854836E-4,-2.1819844E0,8.1844234E-1,-2.6501396E-1,-6.2283706E-2,3.4014385E-3,2.17571E0,-1.4876366E-2,2.0515442E-1,6.447754E-2,2.6187897E-1,6.377411E-3,2.4395753E-2],"categories":[],"categories_nodes":[],"categories_segments":[],"categories_sizes":[],"default_left":[0,0,0,0,0,0,0,0,0,0,0,0,0],"id":66,"left_children":[1,3,5,-1,-1,7,9,-1,11,-1,-1,-1,-1],"loss_changes":[1.964195E1,5.391636E-1,8.842429E0,0E0,0E0,2.1471809E-1,3.46447E-1,0E0,8.998066E-4,0E0,0E0,0E0,0E0],"parents":[2147483647,0,0,1,1,2,2,5,5,6,6,8,8],"right_children":[2,4,6,-1,-1,8,10,-1,12,-1,-1,-1,-1],"split_conditions":[2.0133673E-1,1.0113707E-1,9.113675E-1,-2.6501396E-1,-6.2283706E-2,6.0678875E-1,1E0,-1.4876366E-2,8.1123596E-1,6.447754E-2,2.6187897E-1,6.377411E-3,2.4395753E-2],"split_indices":[0,0,0,0,0,0,0,0,0,0,0,0,0],"split_type":[0,0,0,0,0,0,0,0,0,0,0,0,0],"sum_hessian":[9E0,2E0,7E0,1E0,1E0,5E0,2E0,3E0,2E0,1E0,1E0,1E0,1E0],"tree_param":{"num_deleted":"0","num_feature":"2","num_nodes":"13","size_leaf_vector":"1"}},{"base_weights":[1.6386032E-3,-2.0728843E0,7.7937984E-1,-2.5176325E-1,-5.916939E-2,5.710602E-3,2.066925E0,-1.3760567E-1,1.9489543E-1,6.1253358E-2,2.487854E-1,-1.563034E-2,-4.0756227E-3,6.0585025E-3,2.3175811E-2],"categories":[],"categories_nodes":[],"categories_segments":[],"categories_sizes":[],"default_left":[0,0,0,0,0,0,0,0,0,0,0,0,0,0,0],"id":67,"left_children":[1,3,5,-1,-1,7,9,11,13,-1,-1,-1,-1,-1,-1],"loss_changes":[1.7749985E1,4.8660183E-1,7.9572687E0,0E0,0E0,1.8949829E-1,3.1269264E-1,8.731261E-4,8.1204623E-4,0E0,0E0,0E0,0E0,0E0,0E0],"parents":[2147483647,0,0,1,1,2,2,5,5,6,6,7,7,8,8],"right_children":[2,4,6,-1,-1,8,10,12,14,-1,-1,-1,-1,-1,-1],"split_conditions":[2.0133673E-1,1.0113707E-1,9.113675E-1,-2.5176325E-1,-5.916939E-2,6.0678875E-1,1E0,4.0450403E-1,8.1123596E-1,6.1253358E-2,2.487854E-1,-1.563034E-2,-4.0756227E-3,6.0585025E-3,2.3175811E-2],"split_indices":[0,0,0,0,0,0,0,0,0,0,0,0,0,0,0],"split_type":[0,0,0,0,0,0,0,0,0,0,0,0,0,0,0],"sum_hessian":[9E0,2E0,7E0,1E0,1E0,5E0,2E0,3E0,2E0,1E0,1E0,2E0,1E0,1E0,1E0],"tree_param":{"num_deleted":"0","num_feature":"2","num_nodes":"15","size_leaf_vector":"1"}},{"base_weights":[2.339077E-3,-1.9692411E0,7.413893E-1,-2.3917508E-1,-5.621109E-2,6.7278543E-3,1.9635824E0,-1.2877083E-1,1.8515015E-1,5.819092E-2,2.3634644E-1,-1.4588165E-2,-3.8719177E-3,5.7556154E-3,2.2016907E-2],"categories":[],"categories_nodes":[],"categories_segments":[],"categories_sizes":[],"default_left":[0,0,0,0,0,0,0,0,0,0,0,0,0,0,0],"id":68,"left_children":[1,3,5,-1,-1,7,9,11,13,-1,-1,-1,-1,-1,-1],"loss_changes":[1.6030941E1,4.391489E-1,7.1699743E0,0E0,0E0,1.6889785E-1,2.82197E-1,5.1501393E-4,7.325262E-4,0E0,0E0,0E0,0E0,0E0,0E0],"parents":[2147483647,0,0,1,1,2,2,5,5,6,6,7,7,8,8],"right_children":[2,4,6,-1,-1,8,10,12,14,-1,-1,-1,-1,-1,-1],"split_conditions":[2.0133673E-1,1.0113707E-1,9.113675E-1,-2.3917508E-1,-5.621109E-2,6.0678875E-1,1E0,4.0450403E-1,8.1123596E-1,5.819092E-2,2.3634644E-1,-1.4588165E-2,-3.8719177E-3,5.7556154E-3,2.2016907E-2],"split_indices":[0,0,0,0,0,0,0,0,0,0,0,0,0,0,0],"split_type":[0,0,0,0,0,0,0,0,0,0,0,0,0,0,0],"sum_hessian":[9E0,2E0,7E0,1E0,1E0,5E0,2E0,3E0,2E0,1E0,1E0,2E0,1E0,1E0,1E0],"tree_param":{"num_deleted":"0","num_feature":"2","num_nodes":"15","size_leaf_vector":"1"}},{"base_weights":[2.949524E-3,-1.8707784E0,7.052288E-1,-2.2721635E-1,-5.3400423E-2,7.6065063E-3,1.8653971E0,-1.205101E-1,1.7589314E-1,5.528107E-2,2.245285E-1,-1.36156725E-2,-3.6785125E-3,5.467987E-3,2.0915985E-2],"categories":[],"categories_nodes":[],"categories_segments":[],"categories_sizes":[],"default_left":[0,0,0,0,0,0,0,0,0,0,0,0,0,0,0],"id":69,"left_children":[1,3,5,-1,-1,7,9,11,13,-1,-1,-1,-1,-1,-1],"loss_changes":[1.447813E1,3.9633846E-1,6.460685E0,0E0,0E0,1.5055878E-1,2.5469017E-1,2.3150817E-4,6.60263E-4,0E0,0E0,0E0,0E0,0E0,0E0],"parents":[2147483647,0,0,1,1,2,2,5,5,6,6,7,7,8,8],"right_children":[2,4,6,-1,-1,8,10,12,14,-1,-1,-1,-1,-1,-1],"split_conditions":[2.0133673E-1,1.0113707E-1,9.113675E-1,-2.2721635E-1,-5.3400423E-2,6.0678875E-1,1E0,4.0450403E-1,8.1123596E-1,5.528107E-2,2.245285E-1,-1.36156725E-2,-3.6785125E-3,5.467987E-3,2.0915985E-2],"split_indices":[0,0,0,0,0,0,0,0,0,0,0,0,0,0,0],"split_type":[0,0,0,0,0,0,0,0,0,0,0,0,0,0,0],"sum_hessian":[9E0,2E0,7E0,1E0,1E0,5E0,2E0,3E0,2E0,1E0,1E0,2E0,1E0,1E0,1E0],"tree_param":{"num_deleted":"0","num_feature":"2","num_nodes":"15","size_leaf_vector":"1"}},{"base_weights":[3.485632E-3,-1.7772403E0,6.7082214E-1,-2.1585552E-1,-5.0730515E-2,8.361816E-3,1.7721354E0,-1.12781525E-1,1.67099E-1,5.25177E-2,2.1330261E-1,-1.27077745E-2,-3.4946443E-3,5.194855E-3,1.9869996E-2],"categories":[],"categories_nodes":[],"categories_segments":[],"categories_sizes":[],"default_left":[0,0,0,0,0,0,0,0,0,0,0,0,0,0,0],"id":70,"left_children":[1,3,5,-1,-1,7,9,11,13,-1,-1,-1,-1,-1,-1],"loss_changes":[1.3075646E1,3.5768986E-1,5.8217926E0,0E0,0E0,1.342254E-1,2.2983074E-1,1.0073185E-5,5.944222E-4,0E0,0E0,0E0,0E0,0E0,0E0],"parents":[2147483647,0,0,1,1,2,2,5,5,6,6,7,7,8,8],"right_children":[2,4,6,-1,-1,8,10,12,14,-1,-1,-1,-1,-1,-1],"split_conditions":[2.0133673E-1,1.0113707E-1,9.113675E-1,-2.1585552E-1,-5.0730515E-2,6.0678875E-1,1E0,4.0450403E-1,8.1123596E-1,5.25177E-2,2.1330261E-1,-1.27077745E-2,-3.4946443E-3,5.194855E-3,1.9869996E-2],"split_indices":[0,0,0,0,0,0,0,0,0,0,0,0,0,0,0],"split_type":[0,0,0,0,0,0,0,0,0,0,0,0,0,0,0],"sum_hessian":[9E0,2E0,7E0,1E0,1E0,5E0,2E0,3E0,2E0,1E0,1E0,2E0,1E0,1E0,1E0],"tree_param":{"num_deleted":"0","num_feature":"2","num_nodes":"15","size_leaf_vector":"1"}},{"base_weights":[3.949213E-3,-1.6883792E0,6.380787E-1,-2.0506275E-1,-4.819412E-2,9.005229E-3,1.6835327E0,-1.0555267E-2,1.5874736E-1,4.989166E-2,2.0263825E-1,4.9354555E-3,1.8876648E-2],"categories":[],"categories_nodes":[],"categories_segments":[],"categories_sizes":[],"default_left":[0,0,0,0,0,0,0,0,0,0,0,0,0],"id":71,"left_children":[1,3,5,-1,-1,7,9,-1,11,-1,-1,-1,-1],"loss_changes":[1.1808871E1,3.2280827E-1,5.2461777E0,0E0,0E0,1.1968107E-1,2.0744038E-1,0E0,5.351454E-4,0E0,0E0,0E0,0E0],"parents":[2147483647,0,0,1,1,2,2,5,5,6,6,8,8],"right_children":[2,4,6,-1,-1,8,10,-1,12,-1,-1,-1,-1],"split_conditions":[2.0133673E-1,1.0113707E-1,9.113675E-1,-2.0506275E-1,-4.819412E-2,6.0678875E-1,1E0,-1.0555267E-2,8.1123596E-1,4.989166E-2,2.0263825E-1,4.9354555E-3,1.8876648E-2],"split_indices":[0,0,0,0,0,0,0,0,0,0,0,0,0],"split_type":[0,0,0,0,0,0,0,0,0,0,0,0,0],"sum_hessian":[9E0,2E0,7E0,1E0,1E0,5E0,2E0,3E0,2E0,1E0,1E0,1E0,1E0],"tree_param":{"num_deleted":"0","num_feature":"2","num_nodes":"13","size_leaf_vector":"1"}},{"base_weights":[4.808283E-3,-1.6039599E0,6.074953E-1,-1.948096E-1,-4.578438E-2,1.0316213E-2,1.5993551E0,-9.763527E-2,1.5081279E-1,4.739685E-2,1.9250642E-1,-1.1156718E-2,-2.791977E-3,4.689026E-3,1.7932892E-2],"categories":[],"categories_nodes":[],"categories_segments":[],"categories_sizes":[],"default_left":[0,0,0,0,0,0,0,0,0,0,0,0,0,0,0],"id":72,"left_children":[1,3,5,-1,-1,7,9,11,13,-1,-1,-1,-1,-1,-1],"loss_changes":[1.0670236E1,2.9133654E-1,4.7220435E0,0E0,0E0,1.0572553E-1,1.872263E-1,7.701516E-4,4.8162788E-4,0E0,0E0,0E0,0E0,0E0,0E0],"parents":[2147483647,0,0,1,1,2,2,5,5,6,6,7,7,8,8],"right_children":[2,4,6,-1,-1,8,10,12,14,-1,-1,-1,-1,-1,-1],"split_conditions":[2.0133673E-1,1.0113707E-1,9.113675E-1,-1.948096E-1,-4.578438E-2,6.0678875E-1,1E0,4.0450403E-1,8.1123596E-1,4.739685E-2,1.9250642E-1,-1.1156718E-2,-2.791977E-3,4.689026E-3,1.7932892E-2],"split_indices":[0,0,0,0,0,0,0,0,0,0,0,0,0,0,0],"split_type":[0,0,0,0,0,0,0,0,0,0,0,0,0,0,0],"sum_hessian":[9E0,2E0,7E0,1E0,1E0,5E0,2E0,3E0,2E0,1E0,1E0,2E0,1E0,1E0,1E0],"tree_param":{"num_deleted":"0","num_feature":"2","num_nodes":"15","size_leaf_vector":"1"}},{"base_weights":[5.1265E-3,-1.523762E0,5.778189E-1,-1.8506913E-1,-4.349518E-2,1.0730743E-2,1.5193888E0,-9.136009E-2,1.4327495E-1,4.5027163E-2,1.8288116E-1,-1.04131065E-2,-2.652359E-3,4.4548037E-3,1.7036438E-2],"categories":[],"categories_nodes":[],"categories_segments":[],"categories_sizes":[],"default_left":[0,0,0,0,0,0,0,0,0,0,0,0,0,0,0],"id":73,"left_children":[1,3,5,-1,-1,7,9,11,13,-1,-1,-1,-1,-1,-1],"loss_changes":[9.636286E0,2.6292992E-1,4.255321E0,0E0,0E0,9.42789E-2,1.6896582E-1,5.501695E-4,4.3397024E-4,0E0,0E0,0E0,0E0,0E0,0E0],"parents":[2147483647,0,0,1,1,2,2,5,5,6,6,7,7,8,8],"right_children":[2,4,6,-1,-1,8,10,12,14,-1,-1,-1,-1,-1,-1],"split_conditions":[2.0133673E-1,1.0113707E-1,9.113675E-1,-1.8506913E-1,-4.349518E-2,6.0678875E-1,1E0,4.0450403E-1,8.1123596E-1,4.5027163E-2,1.8288116E-1,-1.04131065E-2,-2.652359E-3,4.4548037E-3,1.7036438E-2],"split_indices":[0,0,0,0,0,0,0,0,0,0,0,0,0,0,0],"split_type":[0,0,0,0,0,0,0,0,0,0,0,0,0,0,0],"sum_hessian":[9E0,2E0,7E0,1E0,1E0,5E0,2E0,3E0,2E0,1E0,1E0,2E0,1E0,1E0,1E0],"tree_param":{"num_deleted":"0","num_feature":"2","num_nodes":"15","size_leaf_vector":"1"}},{"base_weights":[5.3922893E-3,-1.4475739E0,5.495806E-1,-1.7581567E-1,-4.132042E-2,1.1063893E-2,1.4434204E0,-8.548927E-2,1.3611348E-1,4.277649E-2,1.7373657E-1,-9.718832E-3,-2.5196075E-3,4.2320252E-3,1.6184999E-2],"categories":[],"categories_nodes":[],"categories_segments":[],"categories_sizes":[],"default_left":[0,0,0,0,0,0,0,0,0,0,0,0,0,0,0],"id":74,"left_children":[1,3,5,-1,-1,7,9,11,13,-1,-1,-1,-1,-1,-1],"loss_changes":[8.702431E0,2.372942E-1,3.834811E0,0E0,0E0,8.407985E-2,1.5245819E-1,3.7272647E-4,3.9219484E-4,0E0,0E0,0E0,0E0,0E0,0E0],"parents":[2147483647,0,0,1,1,2,2,5,5,6,6,7,7,8,8],"right_children":[2,4,6,-1,-1,8,10,12,14,-1,-1,-1,-1,-1,-1],"split_conditions":[2.0133673E-1,1.0113707E-1,9.113675E-1,-1.7581567E-1,-4.132042E-2,6.0678875E-1,1E0,4.0450403E-1,8.1123596E-1,4.277649E-2,1.7373657E-1,-9.718832E-3,-2.5196075E-3,4.2320252E-3,1.6184999E-2],"split_indices":[0,0,0,0,0,0,0,0,0,0,0,0,0,0,0],"split_type":[0,0,0,0,0,0,0,0,0,0,0,0,0,0,0],"sum_hessian":[9E0,2E0,7E0,1E0,1E0,5E0,2E0,3E0,2E0,1E0,1E0,2E0,1E0,1E0,1E0],"tree_param":{"num_deleted":"0","num_feature":"2","num_nodes":"15","size_leaf_vector":"1"}},{"base_weights":[5.6078197E-3,-1.3751951E0,5.2270794E-1,-1.670249E-1,-3.925438E-2,1.132075E-2,1.3712463E0,-7.999992E-2,1.2930806E-1,4.0637206E-2,1.6504975E-1,-9.070842E-3,-2.3937225E-3,4.020691E-3,1.5375519E-2],"categories":[],"categories_nodes":[],"categories_segments":[],"categories_sizes":[],"default_left":[0,0,0,0,0,0,0,0,0,0,0,0,0,0,0],"id":75,"left_children":[1,3,5,-1,-1,7,9,11,13,-1,-1,-1,-1,-1,-1],"loss_changes":[7.8589587E0,2.1415901E-1,3.4559298E0,0E0,0E0,7.4992724E-2,1.3761091E-1,2.3007952E-4,3.5277754E-4,0E0,0E0,0E0,0E0,0E0,0E0],"parents":[2147483647,0,0,1,1,2,2,5,5,6,6,7,7,8,8],"right_children":[2,4,6,-1,-1,8,10,12,14,-1,-1,-1,-1,-1,-1],"split_conditions":[2.0133673E-1,1.0113707E-1,9.113675E-1,-1.670249E-1,-3.925438E-2,6.0678875E-1,1E0,4.0450403E-1,8.1123596E-1,4.0637206E-2,1.6504975E-1,-9.070842E-3,-2.3937225E-3,4.020691E-3,1.5375519E-2],"split_indices":[0,0,0,0,0,0,0,0,0,0,0,0,0,0,0],"split_type":[0,0,0,0,0,0,0,0,0,0,0,0,0,0,0],"sum_hessian":[9E0,2E0,7E0,1E0,1E0,5E0,2E0,3E0,2E0,1E0,1E0,2E0,1E0,1E0,1E0],"tree_param":{"num_deleted":"0","num_feature":"2","num_nodes":"15","size_leaf_vector":"1"}},{"base_weights":[5.7796957E-3,-1.3064357E0,4.9713802E-1,-1.5867364E-1,-3.7291717E-2,1.1508942E-2,1.3026835E0,-7.486534E-2,1.2283834E-1,3.8604736E-2,1.567978E-1,-9.844589E-3,-3.4189862E-3,3.819275E-3,1.4606476E-2],"categories":[],"categories_nodes":[],"categories_segments":[],"categories_sizes":[],"default_left":[0,0,0,0,0,0,0,0,0,0,0,0,0,0,0],"id":76,"left_children":[1,3,5,-1,-1,7,9,11,13,-1,-1,-1,-1,-1,-1],"loss_changes":[7.097159E0,1.932764E-1,3.114578E0,0E0,0E0,6.689232E-2,1.242218E-1,4.7075003E-4,3.1942874E-4,0E0,0E0,0E0,0E0,0E0,0E0],"parents":[2147483647,0,0,1,1,2,2,5,5,6,6,7,7,8,8],"right_children":[2,4,6,-1,-1,8,10,12,14,-1,-1,-1,-1,-1,-1],"split_conditions":[2.0133673E-1,1.0113707E-1,9.113675E-1,-1.5867364E-1,-3.7291717E-2,6.0678875E-1,1E0,3.0325106E-1,8.1123596E-1,3.8604736E-2,1.567978E-1,-9.844589E-3,-3.4189862E-3,3.819275E-3,1.4606476E-2],"split_indices":[0,0,0,0,0,0,0,0,0,0,0,0,0,0,0],"split_type":[0,0,0,0,0,0,0,0,0,0,0,0,0,0,0],"sum_hessian":[9E0,2E0,7E0,1E0,1E0,5E0,2E0,3E0,2E0,1E0,1E0,1E0,2E0,1E0,1E0],"tree_param":{"num_deleted":"0","num_feature":"2","num_nodes":"15","size_leaf_vector":"1"}},{"base_weights":[5.6619644E-3,-1.2411137E0,4.7249508E-1,-1.5073995E-1,-3.5427094E-2,1.1219025E-2,1.2375488E0,-7.069588E-2,1.1669922E-1,3.66745E-2,1.4895783E-1,-9.352493E-3,-3.1911214E-3,3.62854E-3,1.3876343E-2],"categories":[],"categories_nodes":[],"categories_segments":[],"categories_sizes":[],"default_left":[0,0,0,0,0,0,0,0,0,0,0,0,0,0,0],"id":77,"left_children":[1,3,5,-1,-1,7,9,11,13,-1,-1,-1,-1,-1,-1],"loss_changes":[6.4067817E0,1.7443323E-1,2.8093238E0,0E0,0E0,6.0092553E-2,1.1210966E-1,5.5717304E-4,2.8771162E-4,0E0,0E0,0E0,0E0,0E0,0E0],"parents":[2147483647,0,0,1,1,2,2,5,5,6,6,7,7,8,8],"right_children":[2,4,6,-1,-1,8,10,12,14,-1,-1,-1,-1,-1,-1],"split_conditions":[2.0133673E-1,1.0113707E-1,9.113675E-1,-1.5073995E-1,-3.5427094E-2,6.0678875E-1,1E0,3.0325106E-1,8.1123596E-1,3.66745E-2,1.4895783E-1,-9.352493E-3,-3.1911214E-3,3.62854E-3,1.3876343E-2],"split_indices":[0,0,0,0,0,0,0,0,0,0,0,0,0,0,0],"split_type":[0,0,0,0,0,0,0,0,0,0,0,0,0,0,0],"sum_hessian":[9E0,2E0,7E0,1E0,1E0,5E0,2E0,3E0,2E0,1E0,1E0,1E0,2E0,1E0,1E0],"tree_param":{"num_deleted":"0","num_feature":"2","num_nodes":"15","size_leaf_vector":"1"}},{"base_weights":[5.537438E-3,-1.1790593E0,4.4906902E-1,-1.4320296E-1,-3.365593E-2,1.0924022E-2,1.1756693E0,-6.6762924E-2,1.1086527E-1,3.4840394E-2,1.4151001E-1,-8.884812E-3,-2.9785156E-3,3.4469606E-3,1.3182831E-2],"categories":[],"categories_nodes":[],"categories_segments":[],"categories_sizes":[],"default_left":[0,0,0,0,0,0,0,0,0,0,0,0,0,0,0],"id":78,"left_children":[1,3,5,-1,-1,7,9,11,13,-1,-1,-1,-1,-1,-1],"loss_changes":[5.7835393E0,1.5741968E-1,2.5340078E0,0E0,0E0,5.398648E-2,1.01192E-1,6.202888E-4,2.603829E-4,0E0,0E0,0E0,0E0,0E0,0E0],"parents":[2147483647,0,0,1,1,2,2,5,5,6,6,7,7,8,8],"right_children":[2,4,6,-1,-1,8,10,12,14,-1,-1,-1,-1,-1,-1],"split_conditions":[2.0133673E-1,1.0113707E-1,9.113675E-1,-1.4320296E-1,-3.365593E-2,6.0678875E-1,1E0,3.0325106E-1,8.1123596E-1,3.4840394E-2,1.4151001E-1,-8.884812E-3,-2.9785156E-3,3.4469606E-3,1.3182831E-2],"split_indices":[0,0,0,0,0,0,0,0,0,0,0,0,0,0,0],"split_type":[0,0,0,0,0,0,0,0,0,0,0,0,0,0,0],"sum_hessian":[9E0,2E0,7E0,1E0,1E0,5E0,2E0,3E0,2E0,1E0,1E0,1E0,2E0,1E0,1E0],"tree_param":{"num_deleted":"0","num_feature":"2","num_nodes":"15","size_leaf_vector":"1"}},{"base_weights":[5.4076673E-3,-1.1201072E0,4.2679977E-1,-1.3604282E-1,-3.197327E-2,1.0625203E-2,1.1168823E0,-6.305313E-2,1.0532125E-1,3.309784E-2,1.344345E-1,-8.4404E-3,-2.7801513E-3,3.2745362E-3,1.2523651E-2],"categories":[],"categories_nodes":[],"categories_segments":[],"categories_sizes":[],"default_left":[0,0,0,0,0,0,0,0,0,0,0,0,0,0,0],"id":79,"left_children":[1,3,5,-1,-1,7,9,11,13,-1,-1,-1,-1,-1,-1],"loss_changes":[5.2208924E0,1.420672E-1,2.2856913E0,0E0,0E0,4.8503116E-2,9.134245E-2,6.6404976E-4,2.3518875E-4,0E0,0E0,0E0,0E0,0E0,0E0],"parents":[2147483647,0,0,1,1,2,2,5,5,6,6,7,7,8,8],"right_children":[2,4,6,-1,-1,8,10,12,14,-1,-1,-1,-1,-1,-1],"split_conditions":[2.0133673E-1,1.0113707E-1,9.113675E-1,-1.3604282E-1,-3.197327E-2,6.0678875E-1,1E0,3.0325106E-1,8.1123596E-1,3.309784E-2,1.344345E-1,-8.4404E-3,-2.7801513E-3,3.2745362E-3,1.2523651E-2],"split_indices":[0,0,0,0,0,0,0,0,0,0,0,0,0,0,0],"split_type":[0,0,0,0,0,0,0,0,0,0,0,0,0,0,0],"sum_hessian":[9E0,2E0,7E0,1E0,1E0,5E0,2E0,3E0,2E0,1E0,1E0,1E0,2E0,1E0,1E0],"tree_param":{"num_deleted":"0","num_feature":"2","num_nodes":"15","size_leaf_vector":"1"}},{"base_weights":[5.2736998E-3,-1.0641013E0,4.056301E-1,-1.2924068E-1,-3.0374527E-2,1.0322571E-2,1.0610352E0,-5.9555054E-2,1.0005188E-1,3.1442262E-2,1.2771301E-1,-8.018494E-3,-2.5950114E-3,3.1105042E-3,1.1897278E-2],"categories":[],"categories_nodes":[],"categories_segments":[],"categories_sizes":[],"default_left":[0,0,0,0,0,0,0,0,0,0,0,0,0,0,0],"id":80,"left_children":[1,3,5,-1,-1,7,9,11,13,-1,-1,-1,-1,-1,-1],"loss_changes":[4.712943E0,1.282177E-1,2.06174E0,0E0,0E0,4.357902E-2,8.245897E-2,6.9225486E-4,2.1295436E-4,0E0,0E0,0E0,0E0,0E0,0E0],"parents":[2147483647,0,0,1,1,2,2,5,5,6,6,7,7,8,8],"right_children":[2,4,6,-1,-1,8,10,12,14,-1,-1,-1,-1,-1,-1],"split_conditions":[2.0133673E-1,1.0113707E-1,9.113675E-1,-1.2924068E-1,-3.0374527E-2,6.0678875E-1,1E0,3.0325106E-1,8.1123596E-1,3.1442262E-2,1.2771301E-1,-8.018494E-3,-2.5950114E-3,3.1105042E-3,1.1897278E-2],"split_indices":[0,0,0,0,0,0,0,0,0,0,0,0,0,0,0],"split_type":[0,0,0,0,0,0,0,0,0,0,0,0,0,0,0],"sum_hessian":[9E0,2E0,7E0,1E0,1E0,5E0,2E0,3E0,2E0,1E0,1E0,1E0,2E0,1E0,1E0],"tree_param":{"num_deleted":"0","num_feature":"2","num_nodes":"15","size_leaf_vector":"1"}},{"base_weights":[5.1393034E-3,-1.0108968E0,3.8551044E-1,-1.2277863E-1,-2.8855896E-2,1.002121E-2,1.0079855E0,-5.6253433E-2,9.5047E-2,2.9870605E-2,1.21327214E-1,-7.617569E-3,-2.4220785E-3,2.9548646E-3,1.1302185E-2],"categories":[],"categories_nodes":[],"categories_segments":[],"categories_sizes":[],"default_left":[0,0,0,0,0,0,0,0,0,0,0,0,0,0,0],"id":81,"left_children":[1,3,5,-1,-1,7,9,11,13,-1,-1,-1,-1,-1,-1],"loss_changes":[4.25442E0,1.1571336E-1,1.8597602E0,0E0,0E0,3.9157044E-2,7.4404955E-2,7.0761517E-4,1.9232742E-4,0E0,0E0,0E0,0E0,0E0,0E0],"parents":[2147483647,0,0,1,1,2,2,5,5,6,6,7,7,8,8],"right_children":[2,4,6,-1,-1,8,10,12,14,-1,-1,-1,-1,-1,-1],"split_conditions":[2.0133673E-1,1.0113707E-1,9.113675E-1,-1.2277863E-1,-2.8855896E-2,6.0678875E-1,1E0,3.0325106E-1,8.1123596E-1,2.9870605E-2,1.21327214E-1,-7.617569E-3,-2.4220785E-3,2.9548646E-3,1.1302185E-2],"split_indices":[0,0,0,0,0,0,0,0,0,0,0,0,0,0,0],"split_type":[0,0,0,0,0,0,0,0,0,0,0,0,0,0,0],"sum_hessian":[9E0,2E0,7E0,1E0,1E0,5E0,2E0,3E0,2E0,1E0,1E0,1E0,2E0,1E0,1E0],"tree_param":{"num_deleted":"0","num_feature":"2","num_nodes":"15","size_leaf_vector":"1"}},{"base_weights":[4.999566E-3,-9.603525E-1,3.6638165E-1,-1.16639696E-1,-2.7413178E-2,9.718577E-3,9.5758057E-1,-5.314064E-2,9.029134E-2,2.8376771E-2,1.1526032E-1,-7.236862E-3,-2.260844E-3,2.8068542E-3,1.0736847E-2],"categories":[],"categories_nodes":[],"categories_segments":[],"categories_sizes":[],"default_left":[0,0,0,0,0,0,0,0,0,0,0,0,0,0,0],"id":82,"left_children":[1,3,5,-1,-1,7,9,11,13,-1,-1,-1,-1,-1,-1],"loss_changes":[3.840465E0,1.0442948E-1,1.677564E0,0E0,0E0,3.5186585E-2,6.7154884E-2,7.1214885E-4,1.7408282E-4,0E0,0E0,0E0,0E0,0E0,0E0],"parents":[2147483647,0,0,1,1,2,2,5,5,6,6,7,7,8,8],"right_children":[2,4,6,-1,-1,8,10,12,14,-1,-1,-1,-1,-1,-1],"split_conditions":[2.0133673E-1,1.0113707E-1,9.113675E-1,-1.16639696E-1,-2.7413178E-2,6.0678875E-1,1E0,3.0325106E-1,8.1123596E-1,2.8376771E-2,1.1526032E-1,-7.236862E-3,-2.260844E-3,2.8068542E-3,1.0736847E-2],"split_indices":[0,0,0,0,0,0,0,0,0,0,0,0,0,0,0],"split_type":[0,0,0,0,0,0,0,0,0,0,0,0,0,0,0],"sum_hessian":[9E0,2E0,7E0,1E0,1E0,5E0,2E0,3E0,2E0,1E0,1E0,1E0,2E0,1E0,1E0],"tree_param":{"num_deleted":"0","num_feature":"2","num_nodes":"15","size_leaf_vector":"1"}},{"base_weights":[4.8608542E-3,-9.1233516E-1,3.4820175E-1,-1.1080772E-1,-2.6042556E-2,9.419759E-3,9.096985E-1,-5.0201416E-2,8.577474E-2,2.6957704E-2,1.0949707E-1,-6.8748477E-3,-2.1102906E-3,2.6664734E-3,1.0199738E-2],"categories":[],"categories_nodes":[],"categories_segments":[],"categories_sizes":[],"default_left":[0,0,0,0,0,0,0,0,0,0,0,0,0,0,0],"id":83,"left_children":[1,3,5,-1,-1,7,9,11,13,-1,-1,-1,-1,-1,-1],"loss_changes":[3.4667857E0,9.4246864E-2,1.5132306E0,0E0,0E0,3.1620253E-2,6.0611248E-2,7.0797466E-4,1.5702657E-4,0E0,0E0,0E0,0E0,0E0,0E0],"parents":[2147483647,0,0,1,1,2,2,5,5,6,6,7,7,8,8],"right_children":[2,4,6,-1,-1,8,10,12,14,-1,-1,-1,-1,-1,-1],"split_conditions":[2.0133673E-1,1.0113707E-1,9.113675E-1,-1.1080772E-1,-2.6042556E-2,6.0678875E-1,1E0,3.0325106E-1,8.1123596E-1,2.6957704E-2,1.0949707E-1,-6.8748477E-3,-2.1102906E-3,2.6664734E-3,1.0199738E-2],"split_indices":[0,0,0,0,0,0,0,0,0,0,0,0,0,0,0],"split_type":[0,0,0,0,0,0,0,0,0,0,0,0,0,0,0],"sum_hessian":[9E0,2E0,7E0,1E0,1E0,5E0,2E0,3E0,2E0,1E0,1E0,1E0,2E0,1E0,1E0],"tree_param":{"num_deleted":"0","num_feature":"2","num_nodes":"15","size_leaf_vector":"1"}},{"base_weights":[4.724884E-3,-8.6671954E-1,3.3092594E-1,-1.0526734E-1,-2.4740601E-2,9.126027E-3,8.642171E-1,-4.7426224E-2,8.148702E-2,2.5610352E-2,1.0402222E-1,-6.531143E-3,-1.969401E-3,2.532959E-3,9.690094E-3],"categories":[],"categories_nodes":[],"categories_segments":[],"categories_sizes":[],"default_left":[0,0,0,0,0,0,0,0,0,0,0,0,0,0,0],"id":84,"left_children":[1,3,5,-1,-1,7,9,11,13,-1,-1,-1,-1,-1,-1],"loss_changes":[3.129481E0,8.5053205E-2,1.3650177E0,0E0,0E0,2.8417684E-2,5.4688692E-2,6.977413E-4,1.4235824E-4,0E0,0E0,0E0,0E0,0E0,0E0],"parents":[2147483647,0,0,1,1,2,2,5,5,6,6,7,7,8,8],"right_children":[2,4,6,-1,-1,8,10,12,14,-1,-1,-1,-1,-1,-1],"split_conditions":[2.0133673E-1,1.0113707E-1,9.113675E-1,-1.0526734E-1,-2.4740601E-2,6.0678875E-1,1E0,3.0325106E-1,8.1123596E-1,2.5610352E-2,1.0402222E-1,-6.531143E-3,-1.969401E-3,2.532959E-3,9.690094E-3],"split_indices":[0,0,0,0,0,0,0,0,0,0,0,0,0,0,0],"split_type":[0,0,0,0,0,0,0,0,0,0,0,0,0,0,0],"sum_hessian":[9E0,2E0,7E0,1E0,1E0,5E0,2E0,3E0,2E0,1E0,1E0,1E0,2E0,1E0,1E0],"tree_param":{"num_deleted":"0","num_feature":"2","num_nodes":"15","size_leaf_vector":"1"}},{"base_weights":[4.586482E-3,-8.233831E-1,3.1450176E-1,-1.0000397E-1,-2.3503495E-2,8.833568E-3,8.210042E-1,-4.480934E-2,7.7412926E-2,2.433014E-2,9.88205E-2,-6.204605E-3,-1.8381755E-3,2.406311E-3,9.205627E-3],"categories":[],"categories_nodes":[],"categories_segments":[],"categories_sizes":[],"default_left":[0,0,0,0,0,0,0,0,0,0,0,0,0,0,0],"id":85,"left_children":[1,3,5,-1,-1,7,9,11,13,-1,-1,-1,-1,-1,-1],"loss_changes":[2.8249598E0,7.6762676E-2,1.2313212E0,0E0,0E0,2.55416E-2,4.9345255E-2,6.8158377E-4,1.284983E-4,0E0,0E0,0E0,0E0,0E0,0E0],"parents":[2147483647,0,0,1,1,2,2,5,5,6,6,7,7,8,8],"right_children":[2,4,6,-1,-1,8,10,12,14,-1,-1,-1,-1,-1,-1],"split_conditions":[2.0133673E-1,1.0113707E-1,9.113675E-1,-1.0000397E-1,-2.3503495E-2,6.0678875E-1,1E0,3.0325106E-1,8.1123596E-1,2.433014E-2,9.88205E-2,-6.204605E-3,-1.8381755E-3,2.406311E-3,9.205627E-3],"split_indices":[0,0,0,0,0,0,0,0,0,0,0,0,0,0,0],"split_type":[0,0,0,0,0,0,0,0,0,0,0,0,0,0,0],"sum_hessian":[9E0,2E0,7E0,1E0,1E0,5E0,2E0,3E0,2E0,1E0,1E0,1E0,2E0,1E0,1E0],"tree_param":{"num_deleted":"0","num_feature":"2","num_nodes":"15","size_leaf_vector":"1"}},{"base_weights":[4.450464E-3,-7.8221303E-1,2.9889297E-1,-9.5003776E-2,-2.2328187E-2,8.544922E-3,7.7995807E-1,-4.2339325E-2,7.3542275E-2,2.3114014E-2,9.38797E-2,-5.8944705E-3,-1.7155966E-3,2.2857666E-3,8.745575E-3],"categories":[],"categories_nodes":[],"categories_segments":[],"categories_sizes":[],"default_left":[0,0,0,0,0,0,0,0,0,0,0,0,0,0,0],"id":86,"left_children":[1,3,5,-1,-1,7,9,11,13,-1,-1,-1,-1,-1,-1],"loss_changes":[2.5500698E0,6.928122E-2,1.1107459E0,0E0,0E0,2.295778E-2,4.4527173E-2,6.6146394E-4,1.1656247E-4,0E0,0E0,0E0,0E0,0E0,0E0],"parents":[2147483647,0,0,1,1,2,2,5,5,6,6,7,7,8,8],"right_children":[2,4,6,-1,-1,8,10,12,14,-1,-1,-1,-1,-1,-1],"split_conditions":[2.0133673E-1,1.0113707E-1,9.113675E-1,-9.5003776E-2,-2.2328187E-2,6.0678875E-1,1E0,3.0325106E-1,8.1123596E-1,2.3114014E-2,9.38797E-2,-5.8944705E-3,-1.7155966E-3,2.2857666E-3,8.745575E-3],"split_indices":[0,0,0,0,0,0,0,0,0,0,0,0,0,0,0],"split_type":[0,0,0,0,0,0,0,0,0,0,0,0,0,0,0],"sum_hessian":[9E0,2E0,7E0,1E0,1E0,5E0,2E0,3E0,2E0,1E0,1E0,1E0,2E0,1E0,1E0],"tree_param":{"num_deleted":"0","num_feature":"2","num_nodes":"15","size_leaf_vector":"1"}},{"base_weights":[4.316437E-3,-7.431014E-1,2.8405857E-1,-9.0253584E-2,-2.1211624E-2,8.261363E-3,7.409668E-1,-4.0006638E-2,6.986491E-2,2.1958923E-2,8.9186095E-2,-5.599594E-3,-1.6011557E-3,2.1713257E-3,8.308411E-3],"categories":[],"categories_nodes":[],"categories_segments":[],"categories_sizes":[],"default_left":[0,0,0,0,0,0,0,0,0,0,0,0,0,0,0],"id":87,"left_children":[1,3,5,-1,-1,7,9,11,13,-1,-1,-1,-1,-1,-1],"loss_changes":[2.301927E0,6.2529445E-2,1.0019906E0,0E0,0E0,2.063594E-2,4.0175557E-2,6.3807657E-4,1.05551444E-4,0E0,0E0,0E0,0E0,0E0,0E0],"parents":[2147483647,0,0,1,1,2,2,5,5,6,6,7,7,8,8],"right_children":[2,4,6,-1,-1,8,10,12,14,-1,-1,-1,-1,-1,-1],"split_conditions":[2.0133673E-1,1.0113707E-1,9.113675E-1,-9.0253584E-2,-2.1211624E-2,6.0678875E-1,1E0,3.0325106E-1,8.1123596E-1,2.1958923E-2,8.9186095E-2,-5.599594E-3,-1.6011557E-3,2.1713257E-3,8.308411E-3],"split_indices":[0,0,0,0,0,0,0,0,0,0,0,0,0,0,0],"split_type":[0,0,0,0,0,0,0,0,0,0,0,0,0,0,0],"sum_hessian":[9E0,2E0,7E0,1E0,1E0,5E0,2E0,3E0,2E0,1E0,1E0,1E0,2E0,1E0,1E0],"tree_param":{"num_deleted":"0","num_feature":"2","num_nodes":"15","size_leaf_vector":"1"}},{"base_weights":[4.181945E-3,-7.05947E-1,2.6995754E-1,-8.574091E-2,-2.0151138E-2,7.984161E-3,7.0391846E-1,-3.7805557E-2,6.637573E-2,2.086029E-2,8.472748E-2,-5.3195953E-3,-1.4943441E-3,2.0629882E-3,7.893371E-3],"categories":[],"categories_nodes":[],"categories_segments":[],"categories_sizes":[],"default_left":[0,0,0,0,0,0,0,0,0,0,0,0,0,0,0],"id":88,"left_children":[1,3,5,-1,-1,7,9,11,13,-1,-1,-1,-1,-1,-1],"loss_changes":[2.077925E0,5.6430936E-2,9.0386945E-1,0E0,0E0,1.8551772E-2,3.6275744E-2,6.124978E-4,9.503309E-5,0E0,0E0,0E0,0E0,0E0,0E0],"parents":[2147483647,0,0,1,1,2,2,5,5,6,6,7,7,8,8],"right_children":[2,4,6,-1,-1,8,10,12,14,-1,-1,-1,-1,-1,-1],"split_conditions":[2.0133673E-1,1.0113707E-1,9.113675E-1,-8.574091E-2,-2.0151138E-2,6.0678875E-1,1E0,3.0325106E-1,8.1123596E-1,2.086029E-2,8.472748E-2,-5.3195953E-3,-1.4943441E-3,2.0629882E-3,7.893371E-3],"split_indices":[0,0,0,0,0,0,0,0,0,0,0,0,0,0,0],"split_type":[0,0,0,0,0,0,0,0,0,0,0,0,0,0,0],"sum_hessian":[9E0,2E0,7E0,1E0,1E0,5E0,2E0,3E0,2E0,1E0,1E0,1E0,2E0,1E0,1E0],"tree_param":{"num_deleted":"0","num_feature":"2","num_nodes":"15","size_leaf_vector":"1"}},{"base_weights":[4.047847E-3,-6.7065024E-1,2.5655365E-1,-8.145386E-2,-1.9143676E-2,7.710775E-3,6.687215E-1,-3.5728455E-2,6.305949E-2,1.981659E-2,8.049164E-2,-5.053711E-3,-1.3946533E-3,1.9599914E-3,7.498932E-3],"categories":[],"categories_nodes":[],"categories_segments":[],"categories_sizes":[],"default_left":[0,0,0,0,0,0,0,0,0,0,0,0,0,0,0],"id":89,"left_children":[1,3,5,-1,-1,7,9,11,13,-1,-1,-1,-1,-1,-1],"loss_changes":[1.8757098E0,5.0927043E-2,8.1536406E-1,0E0,0E0,1.6678851E-2,3.275478E-2,5.854266E-4,8.561183E-5,0E0,0E0,0E0,0E0,0E0,0E0],"parents":[2147483647,0,0,1,1,2,2,5,5,6,6,7,7,8,8],"right_children":[2,4,6,-1,-1,8,10,12,14,-1,-1,-1,-1,-1,-1],"split_conditions":[2.0133673E-1,1.0113707E-1,9.113675E-1,-8.145386E-2,-1.9143676E-2,6.0678875E-1,1E0,3.0325106E-1,8.1123596E-1,1.981659E-2,8.049164E-2,-5.053711E-3,-1.3946533E-3,1.9599914E-3,7.498932E-3],"split_indices":[0,0,0,0,0,0,0,0,0,0,0,0,0,0,0],"split_type":[0,0,0,0,0,0,0,0,0,0,0,0,0,0,0],"sum_hessian":[9E0,2E0,7E0,1E0,1E0,5E0,2E0,3E0,2E0,1E0,1E0,1E0,2E0,1E0,1E0],"tree_param":{"num_deleted":"0","num_feature":"2","num_nodes":"15","size_leaf_vector":"1"}},{"base_weights":[3.916097E-3,-6.371183E-1,2.4381447E-1,-7.738117E-2,-1.818657E-2,7.443746E-3,6.352844E-1,-3.37677E-2,5.991109E-2,1.8826295E-2,7.6466374E-2,-4.801178E-3,-1.3015748E-3,1.8623353E-3,7.1243285E-3],"categories":[],"categories_nodes":[],"categories_segments":[],"categories_sizes":[],"default_left":[0,0,0,0,0,0,0,0,0,0,0,0,0,0,0],"id":90,"left_children":[1,3,5,-1,-1,7,9,11,13,-1,-1,-1,-1,-1,-1],"loss_changes":[1.6931697E0,4.5960426E-2,7.355274E-1,0E0,0E0,1.4996592E-2,2.9548168E-2,5.574608E-4,7.685181E-5,0E0,0E0,0E0,0E0,0E0,0E0],"parents":[2147483647,0,0,1,1,2,2,5,5,6,6,7,7,8,8],"right_children":[2,4,6,-1,-1,8,10,12,14,-1,-1,-1,-1,-1,-1],"split_conditions":[2.0133673E-1,1.0113707E-1,9.113675E-1,-7.738117E-2,-1.818657E-2,6.0678875E-1,1E0,3.0325106E-1,8.1123596E-1,1.8826295E-2,7.6466374E-2,-4.801178E-3,-1.3015748E-3,1.8623353E-3,7.1243285E-3],"split_indices":[0,0,0,0,0,0,0,0,0,0,0,0,0,0,0],"split_type":[0,0,0,0,0,0,0,0,0,0,0,0,0,0,0],"sum_hessian":[9E0,2E0,7E0,1E0,1E0,5E0,2E0,3E0,2E0,1E0,1E0,1E0,2E0,1E0,1E0],"tree_param":{"num_deleted":"0","num_feature":"2","num_nodes":"15","size_leaf_vector":"1"}},{"base_weights":[3.7844896E-3,-6.0526174E-1,2.3170376E-1,-7.3512115E-2,-1.7277146E-2,7.180532E-3,6.035156E-1,-3.1915665E-2,5.6915283E-2,1.7884826E-2,7.264252E-2,-4.561234E-3,-1.2145996E-3,1.7692567E-3,6.768036E-3],"categories":[],"categories_nodes":[],"categories_segments":[],"categories_sizes":[],"default_left":[0,0,0,0,0,0,0,0,0,0,0,0,0,0,0],"id":91,"left_children":[1,3,5,-1,-1,7,9,11,13,-1,-1,-1,-1,-1,-1],"loss_changes":[1.5283751E0,4.148078E-2,6.635096E-1,0E0,0E0,1.3483127E-2,2.6667118E-2,5.2910764E-4,6.926712E-5,0E0,0E0,0E0,0E0,0E0,0E0],"parents":[2147483647,0,0,1,1,2,2,5,5,6,6,7,7,8,8],"right_children":[2,4,6,-1,-1,8,10,12,14,-1,-1,-1,-1,-1,-1],"split_conditions":[2.0133673E-1,1.0113707E-1,9.113675E-1,-7.3512115E-2,-1.7277146E-2,6.0678875E-1,1E0,3.0325106E-1,8.1123596E-1,1.7884826E-2,7.264252E-2,-4.561234E-3,-1.2145996E-3,1.7692567E-3,6.768036E-3],"split_indices":[0,0,0,0,0,0,0,0,0,0,0,0,0,0,0],"split_type":[0,0,0,0,0,0,0,0,0,0,0,0,0,0,0],"sum_hessian":[9E0,2E0,7E0,1E0,1E0,5E0,2E0,3E0,2E0,1E0,1E0,1E0,2E0,1E0,1E0],"tree_param":{"num_deleted":"0","num_feature":"2","num_nodes":"15","size_leaf_vector":"1"}},{"base_weights":[3.656602E-3,-5.749975E-1,2.2019482E-1,-6.983651E-2,-1.6413117E-2,6.9211326E-3,5.7334393E-1,-3.0168533E-2,5.4066975E-2,1.6990662E-2,6.901093E-2,-4.3331147E-3,-1.1337281E-3,1.6807556E-3,6.429291E-3],"categories":[],"categories_nodes":[],"categories_segments":[],"categories_sizes":[],"default_left":[0,0,0,0,0,0,0,0,0,0,0,0,0,0,0],"id":92,"left_children":[1,3,5,-1,-1,7,9,11,13,-1,-1,-1,-1,-1,-1],"loss_changes":[1.3796186E0,3.7439287E-2,5.985711E-1,0E0,0E0,1.2122862E-2,2.4068296E-2,5.0021685E-4,6.243028E-5,0E0,0E0,0E0,0E0,0E0,0E0],"parents":[2147483647,0,0,1,1,2,2,5,5,6,6,7,7,8,8],"right_children":[2,4,6,-1,-1,8,10,12,14,-1,-1,-1,-1,-1,-1],"split_conditions":[2.0133673E-1,1.0113707E-1,9.113675E-1,-6.983651E-2,-1.6413117E-2,6.0678875E-1,1E0,3.0325106E-1,8.1123596E-1,1.6990662E-2,6.901093E-2,-4.3331147E-3,-1.1337281E-3,1.6807556E-3,6.429291E-3],"split_indices":[0,0,0,0,0,0,0,0,0,0,0,0,0,0,0],"split_type":[0,0,0,0,0,0,0,0,0,0,0,0,0,0,0],"sum_hessian":[9E0,2E0,7E0,1E0,1E0,5E0,2E0,3E0,2E0,1E0,1E0,1E0,2E0,1E0,1E0],"tree_param":{"num_deleted":"0","num_feature":"2","num_nodes":"15","size_leaf_vector":"1"}},{"base_weights":[3.5319447E-3,-5.462484E-1,2.0925808E-1,-6.6344686E-2,-1.5592575E-2,6.6719055E-3,5.4467773E-1,-2.851677E-2,5.136617E-2,1.6140748E-2,6.5560915E-2,-4.1164397E-3,-1.0579427E-3,1.5968323E-3,6.1080935E-3],"categories":[],"categories_nodes":[],"categories_segments":[],"categories_sizes":[],"default_left":[0,0,0,0,0,0,0,0,0,0,0,0,0,0,0],"id":93,"left_children":[1,3,5,-1,-1,7,9,11,13,-1,-1,-1,-1,-1,-1],"loss_changes":[1.2453488E0,3.378719E-2,5.399771E-1,0E0,0E0,1.0901189E-2,2.1729887E-2,4.7196355E-4,5.628541E-5,0E0,0E0,0E0,0E0,0E0,0E0],"parents":[2147483647,0,0,1,1,2,2,5,5,6,6,7,7,8,8],"right_children":[2,4,6,-1,-1,8,10,12,14,-1,-1,-1,-1,-1,-1],"split_conditions":[2.0133673E-1,1.0113707E-1,9.113675E-1,-6.6344686E-2,-1.5592575E-2,6.0678875E-1,1E0,3.0325106E-1,8.1123596E-1,1.6140748E-2,6.5560915E-2,-4.1164397E-3,-1.0579427E-3,1.5968323E-3,6.1080935E-3],"split_indices":[0,0,0,0,0,0,0,0,0,0,0,0,0,0,0],"split_type":[0,0,0,0,0,0,0,0,0,0,0,0,0,0,0],"sum_hessian":[9E0,2E0,7E0,1E0,1E0,5E0,2E0,3E0,2E0,1E0,1E0,1E0,2E0,1E0,1E0],"tree_param":{"num_deleted":"0","num_feature":"2","num_nodes":"15","size_leaf_vector":"1"}},{"base_weights":[3.4098267E-3,-5.189353E-1,1.9886303E-1,-6.302745E-2,-1.4812851E-2,6.427765E-3,5.1744586E-1,-2.6956558E-2,4.8797607E-2,1.53335575E-2,6.2283326E-2,-3.910446E-3,-9.872437E-4,1.5167237E-3,5.8029178E-3],"categories":[],"categories_nodes":[],"categories_segments":[],"categories_sizes":[],"default_left":[0,0,0,0,0,0,0,0,0,0,0,0,0,0,0],"id":94,"left_children":[1,3,5,-1,-1,7,9,11,13,-1,-1,-1,-1,-1,-1],"loss_changes":[1.1241374E0,3.0494332E-2,4.871266E-1,0E0,0E0,9.802346E-3,1.9615412E-2,4.440886E-4,5.1241368E-5,0E0,0E0,0E0,0E0,0E0,0E0],"parents":[2147483647,0,0,1,1,2,2,5,5,6,6,7,7,8,8],"right_children":[2,4,6,-1,-1,8,10,12,14,-1,-1,-1,-1,-1,-1],"split_conditions":[2.0133673E-1,1.0113707E-1,9.113675E-1,-6.302745E-2,-1.4812851E-2,6.0678875E-1,1E0,3.0325106E-1,8.1123596E-1,1.53335575E-2,6.2283326E-2,-3.910446E-3,-9.872437E-4,1.5167237E-3,5.8029178E-3],"split_indices":[0,0,0,0,0,0,0,0,0,0,0,0,0,0,0],"split_type":[0,0,0,0,0,0,0,0,0,0,0,0,0,0,0],"sum_hessian":[9E0,2E0,7E0,1E0,1E0,5E0,2E0,3E0,2E0,1E0,1E0,1E0,2E0,1E0,1E0],"tree_param":{"num_deleted":"0","num_feature":"2","num_nodes":"15","size_leaf_vector":"1"}},{"base_weights":[3.2909154E-3,-4.929874E-1,1.8898392E-1,-5.9876073E-2,-1.4072037E-2,6.189982E-3,4.9157715E-1,-2.5485992E-2,4.6361286E-2,1.4567566E-2,5.9169006E-2,-3.7147522E-3,-9.216309E-4,1.4411927E-3,5.513001E-3],"categories":[],"categories_nodes":[],"categories_segments":[],"categories_sizes":[],"default_left":[0,0,0,0,0,0,0,0,0,0,0,0,0,0,0],"id":95,"left_children":[1,3,5,-1,-1,7,9,11,13,-1,-1,-1,-1,-1,-1],"loss_changes":[1.0147208E0,2.7523518E-2,4.3945482E-1,0E0,0E0,8.816355E-3,1.7692745E-2,4.165545E-4,4.5935158E-5,0E0,0E0,0E0,0E0,0E0,0E0],"parents":[2147483647,0,0,1,1,2,2,5,5,6,6,7,7,8,8],"right_children":[2,4,6,-1,-1,8,10,12,14,-1,-1,-1,-1,-1,-1],"split_conditions":[2.0133673E-1,1.0113707E-1,9.113675E-1,-5.9876073E-2,-1.4072037E-2,6.0678875E-1,1E0,3.0325106E-1,8.1123596E-1,1.4567566E-2,5.9169006E-2,-3.7147522E-3,-9.216309E-4,1.4411927E-3,5.513001E-3],"split_indices":[0,0,0,0,0,0,0,0,0,0,0,0,0,0,0],"split_type":[0,0,0,0,0,0,0,0,0,0,0,0,0,0,0],"sum_hessian":[9E0,2E0,7E0,1E0,1E0,5E0,2E0,3E0,2E0,1E0,1E0,1E0,2E0,1E0,1E0],"tree_param":{"num_deleted":"0","num_feature":"2","num_nodes":"15","size_leaf_vector":"1"}},{"base_weights":[3.1742454E-3,-4.6833917E-1,1.79595E-1,-5.688227E-2,-1.3368607E-2,5.959829E-3,4.6700034E-1,-2.4095535E-2,4.404704E-2,1.3839722E-2,5.6210328E-2,-3.5289766E-3,-8.600871E-4,1.3694763E-3,5.2375793E-3],"categories":[],"categories_nodes":[],"categories_segments":[],"categories_sizes":[],"default_left":[0,0,0,0,0,0,0,0,0,0,0,0,0,0,0],"id":96,"left_children":[1,3,5,-1,-1,7,9,11,13,-1,-1,-1,-1,-1,-1],"loss_changes":[9.159589E-1,2.4837732E-2,3.9644617E-1,0E0,0E0,7.929686E-3,1.5959859E-2,3.902805E-4,4.1115563E-5,0E0,0E0,0E0,0E0,0E0,0E0],"parents":[2147483647,0,0,1,1,2,2,5,5,6,6,7,7,8,8],"right_children":[2,4,6,-1,-1,8,10,12,14,-1,-1,-1,-1,-1,-1],"split_conditions":[2.0133673E-1,1.0113707E-1,9.113675E-1,-5.688227E-2,-1.3368607E-2,6.0678875E-1,1E0,3.0325106E-1,8.1123596E-1,1.3839722E-2,5.6210328E-2,-3.5289766E-3,-8.600871E-4,1.3694763E-3,5.2375793E-3],"split_indices":[0,0,0,0,0,0,0,0,0,0,0,0,0,0,0],"split_type":[0,0,0,0,0,0,0,0,0,0,0,0,0,0,0],"sum_hessian":[9E0,2E0,7E0,1E0,1E0,5E0,2E0,3E0,2E0,1E0,1E0,1E0,2E0,1E0,1E0],"tree_param":{"num_deleted":"0","num_feature":"2","num_nodes":"15","size_leaf_vector":"1"}},{"base_weights":[3.0603171E-3,-4.4492283E-1,1.7067146E-1,-5.4038156E-2,-1.2700272E-2,5.7347617E-3,4.436544E-1,-2.2781372E-2,4.1844685E-2,1.3148499E-2,5.339966E-2,-3.352356E-3,-8.0261234E-4,1.3008118E-3,4.975891E-3],"categories":[],"categories_nodes":[],"categories_segments":[],"categories_sizes":[],"default_left":[0,0,0,0,0,0,0,0,0,0,0,0,0,0,0],"id":97,"left_children":[1,3,5,-1,-1,7,9,11,13,-1,-1,-1,-1,-1,-1],"loss_changes":[8.268054E-1,2.2414804E-2,3.5765502E-1,0E0,0E0,7.131572E-3,1.4393628E-2,3.649504E-4,3.738748E-5,0E0,0E0,0E0,0E0,0E0,0E0],"parents":[2147483647,0,0,1,1,2,2,5,5,6,6,7,7,8,8],"right_children":[2,4,6,-1,-1,8,10,12,14,-1,-1,-1,-1,-1,-1],"split_conditions":[2.0133673E-1,1.0113707E-1,9.113675E-1,-5.4038156E-2,-1.2700272E-2,6.0678875E-1,1E0,3.0325106E-1,8.1123596E-1,1.3148499E-2,5.339966E-2,-3.352356E-3,-8.0261234E-4,1.3008118E-3,4.975891E-3],"split_indices":[0,0,0,0,0,0,0,0,0,0,0,0,0,0,0],"split_type":[0,0,0,0,0,0,0,0,0,0,0,0,0,0,0],"sum_hessian":[9E0,2E0,7E0,1E0,1E0,5E0,2E0,3E0,2E0,1E0,1E0,1E0,2E0,1E0,1E0],"tree_param":{"num_deleted":"0","num_feature":"2","num_nodes":"15","size_leaf_vector":"1"}},{"base_weights":[2.9465556E-3,-4.2267582E-1,1.6218662E-1,-5.1336247E-2,-1.2065125E-2,5.5147805E-3,4.214681E-1,-2.1543503E-2,3.975423E-2,1.2490845E-2,5.072937E-2,-3.1848908E-3,-7.492066E-4,1.2359619E-3,4.727173E-3],"categories":[],"categories_nodes":[],"categories_segments":[],"categories_sizes":[],"default_left":[0,0,0,0,0,0,0,0,0,0,0,0,0,0,0],"id":98,"left_children":[1,3,5,-1,-1,7,9,11,13,-1,-1,-1,-1,-1,-1],"loss_changes":[7.463137E-1,2.0230949E-2,3.2265252E-1,0E0,0E0,6.41521E-3,1.2991965E-2,3.4060888E-4,3.3556018E-5,0E0,0E0,0E0,0E0,0E0,0E0],"parents":[2147483647,0,0,1,1,2,2,5,5,6,6,7,7,8,8],"right_children":[2,4,6,-1,-1,8,10,12,14,-1,-1,-1,-1,-1,-1],"split_conditions":[2.0133673E-1,1.0113707E-1,9.113675E-1,-5.1336247E-2,-1.2065125E-2,6.0678875E-1,1E0,3.0325106E-1,8.1123596E-1,1.2490845E-2,5.072937E-2,-3.1848908E-3,-7.492066E-4,1.2359619E-3,4.727173E-3],"split_indices":[0,0,0,0,0,0,0,0,0,0,0,0,0,0,0],"split_type":[0,0,0,0,0,0,0,0,0,0,0,0,0,0,0],"sum_hessian":[9E0,2E0,7E0,1E0,1E0,5E0,2E0,3E0,2E0,1E0,1E0,1E0,2E0,1E0,1E0],"tree_param":{"num_deleted":"0","num_feature":"2","num_nodes":"15","size_leaf_vector":"1"}},{"base_weights":[2.8372586E-3,-4.0154305E-1,1.5412521E-1,-4.8769437E-2,-1.1462021E-2,5.299886E-3,4.004008E-1,-2.0374298E-2,3.7765503E-2,1.186676E-2,4.819336E-2,-3.025818E-3,-6.993612E-4,1.1741639E-3,4.490662E-3],"categories":[],"categories_nodes":[],"categories_segments":[],"categories_sizes":[],"default_left":[0,0,0,0,0,0,0,0,0,0,0,0,0,0,0],"id":99,"left_children":[1,3,5,-1,-1,7,9,11,13,-1,-1,-1,-1,-1,-1],"loss_changes":[6.7366654E-1,1.8256694E-2,2.9109427E-1,0E0,0E0,5.770615E-3,1.1721581E-2,3.1739846E-4,3.0240975E-5,0E0,0E0,0E0,0E0,0E0,0E0],"parents":[2147483647,0,0,1,1,2,2,5,5,6,6,7,7,8,8],"right_children":[2,4,6,-1,-1,8,10,12,14,-1,-1,-1,-1,-1,-1],"split_conditions":[2.0133673E-1,1.0113707E-1,9.113675E-1,-4.8769437E-2,-1.1462021E-2,6.0678875E-1,1E0,3.0325106E-1,8.1123596E-1,1.186676E-2,4.819336E-2,-3.025818E-3,-6.993612E-4,1.1741639E-3,4.490662E-3],"split_indices":[0,0,0,0,0,0,0,0,0,0,0,0,0,0,0],"split_type":[0,0,0,0,0,0,0,0,0,0,0,0,0,0,0],"sum_hessian":[9E0,2E0,7E0,1E0,1E0,5E0,2E0,3E0,2E0,1E0,1E0,1E0,2E0,1E0,1E0],"tree_param":{"num_deleted":"0","num_feature":"2","num_nodes":"15","size_leaf_vector":"1"}}]},"name":"gbtree"},"learner_model_param":{"base_score":"1.4913333E2","boost_from_average":"1","num_class":"0","num_feature":"2","num_target":"1"},"objective":{"name":"reg:squarederror","reg_loss_param":{"scale_pos_weight":"1"}}},"version":[2,0,1]}