{"model_name": "LinearRegressionTrainer_3", "model_class": "scikit", "model_file": "LinearRegressionTrainer_3.json", "features": ["bpf_cpu_time_ms", "bpf_page_cache_hit", "cache_miss", "cgroupfs_cpu_usage_us", "cgroupfs_memory_usage_bytes", "cgroupfs_system_cpu_usage_us", "cgroupfs_user_cpu_usage_us", "cpu_cycles", "cpu_instructions"], "fe_files": [], "output_type": "AbsPower", "mae": 20.41, "mape": 3.9, "package_mae": 20.41, "core_mae": 0.0, "uncore_mae": 0.0, "dram_mae": 1.15, "package_mape": 13.74, "core_mape": -1, "uncore_mape": -1, "dram_mape": 3.9}