{"model_name": "KNeighborsRegressorTrainer_3", "model_class": "scikit", "model_file": "KNeighborsRegressorTrainer_3.json", "features": ["bpf_cpu_time_ms", "bpf_page_cache_hit", "cache_miss", "cgroupfs_cpu_usage_us", "cgroupfs_memory_usage_bytes", "cgroupfs_system_cpu_usage_us", "cgroupfs_user_cpu_usage_us", "cpu_cycles", "cpu_instructions"], "fe_files": [], "output_type": "DynPower", "mae": 8.25, "mape": 17.5, "package_mae": 8.01, "core_mae": 8.25, "uncore_mae": 0.0, "dram_mae": 1.12, "package_mape": 33.35, "core_mape": 9.07, "uncore_mape": -1, "dram_mape": 17.5}