{"learner":{"attributes":{"scikit_learn":"{\"_estimator_type\": \"regressor\"}"},"feature_names":[],"feature_types":[],"gradient_booster":{"model":{"gbtree_model_param":{"num_parallel_tree":"1","num_trees":"100"},"iteration_indptr":[0,1,2,3,4,5,6,7,8,9,10,11,12,13,14,15,16,17,18,19,20,21,22,23,24,25,26,27,28,29,30,31,32,33,34,35,36,37,38,39,40,41,42,43,44,45,46,47,48,49,50,51,52,53,54,55,56,57,58,59,60,61,62,63,64,65,66,67,68,69,70,71,72,73,74,75,76,77,78,79,80,81,82,83,84,85,86,87,88,89,90,91,92,93,94,95,96,97,98,99,100],"tree_info":[0,0,0,0,0,0,0,0,0,0,0,0,0,0,0,0,0,0,0,0,0,0,0,0,0,0,0,0,0,0,0,0,0,0,0,0,0,0,0,0,0,0,0,0,0,0,0,0,0,0,0,0,0,0,0,0,0,0,0,0,0,0,0,0,0,0,0,0,0,0,0,0,0,0,0,0,0,0,0,0,0,0,0,0,0,0,0,0,0,0,0,0,0,0,0,0,0,0,0,0],"trees":[{"base_weights":[-0E0,-3.95E1,4.7400002E0,-5.175E0,-1E1,-1.35E0,-1.5E-1],"categories":[],"categories_nodes":[],"categories_segments":[],"categories_sizes":[],"default_left":[0,0,0,0,0,0,0],"id":0,"left_children":[1,3,-1,-1,5,-1,-1],"loss_changes":[2.05953E4,1.65075E3,0E0,0E0,6.9E1,0E0,0E0],"parents":[2147483647,0,0,1,1,4,4],"right_children":[2,4,-1,-1,6,-1,-1],"split_conditions":[7.029443E-1,4.0168795E-1,4.7400002E0,-5.175E0,5.011985E-1,-1.35E0,-1.5E-1],"split_indices":[0,0,0,0,0,0,0],"split_type":[0,0,0,0,0,0,0],"sum_hessian":[9E0,5E0,4E0,3E0,2E0,1E0,1E0],"tree_param":{"num_deleted":"0","num_feature":"2","num_nodes":"7","size_leaf_vector":"1"}},{"base_weights":[-1.9349822E-1,-3.66625E1,4.3608003E0,-4.786875E0,-9.5E0,-1.2825001E0,-1.4249992E-1],"categories":[],"categories_nodes":[],"categories_segments":[],"categories_sizes":[],"default_left":[0,0,0,0,0,0,0],"id":1,"left_children":[1,3,-1,-1,5,-1,-1],"loss_changes":[1.7572746E4,1.3715854E3,0E0,0E0,6.2272552E1,0E0,0E0],"parents":[2147483647,0,0,1,1,4,4],"right_children":[2,4,-1,-1,6,-1,-1],"split_conditions":[7.029443E-1,4.0168795E-1,4.3608003E0,-4.786875E0,5.011985E-1,-1.2825001E0,-1.4249992E-1],"split_indices":[0,0,0,0,0,0,0],"split_type":[0,0,0,0,0,0,0],"sum_hessian":[9E0,5E0,4E0,3E0,2E0,1E0,1E0],"tree_param":{"num_deleted":"0","num_feature":"2","num_nodes":"7","size_leaf_vector":"1"}},{"base_weights":[-3.592556E-1,-3.403156E1,4.011936E0,-4.029637E1,-1.3537483E-1,-4.4278593E0,-1.2183751E0],"categories":[],"categories_nodes":[],"categories_segments":[],"categories_sizes":[],"default_left":[0,0,0,0,0,0,0],"id":2,"left_children":[1,3,-1,5,-1,-1,-1],"loss_changes":[1.4995406E4,1.173771E3,0E0,2.0273438E1,0E0,0E0,0E0],"parents":[2147483647,0,0,1,1,3,3],"right_children":[2,4,-1,6,-1,-1,-1],"split_conditions":[7.029443E-1,5.011985E-1,4.011936E0,4.0168795E-1,-1.3537483E-1,-4.4278593E0,-1.2183751E0],"split_indices":[0,0,0,0,0,0,0],"split_type":[0,0,0,0,0,0,0],"sum_hessian":[9E0,5E0,4E0,4E0,1E0,3E0,1E0],"tree_param":{"num_deleted":"0","num_feature":"2","num_nodes":"7","size_leaf_vector":"1"}},{"base_weights":[-5.002964E-1,-3.1592007E1,3.6909813E1,-3.7395985E0,-1.2860604E-1,1.0943635E0,4.066545E0],"categories":[],"categories_nodes":[],"categories_segments":[],"categories_sizes":[],"default_left":[0,0,0,0,0,0,0],"id":3,"left_children":[1,3,5,-1,-1,-1,-1],"loss_changes":[1.2797497E4,1.00727734E3,4.2570312E1,0E0,0E0,0E0,0E0],"parents":[2147483647,0,0,1,1,2,2],"right_children":[2,4,6,-1,-1,-1,-1],"split_conditions":[7.029443E-1,5.011985E-1,8.0455005E-1,-3.7395985E0,-1.2860604E-1,1.0943635E0,4.066545E0],"split_indices":[0,0,0,0,0,0,0],"split_type":[0,0,0,0,0,0,0],"sum_hessian":[9E0,5E0,4E0,4E0,1E0,1E0,3E0],"tree_param":{"num_deleted":"0","num_feature":"2","num_nodes":"7","size_leaf_vector":"1"}},{"base_weights":[-3.2099494E-1,-2.9077505E1,3.4251015E1,-3.8153E0,-7.284345E0,1.0396454E0,3.7615545E0,-9.7047615E-1,-1.221756E-1],"categories":[],"categories_nodes":[],"categories_segments":[],"categories_sizes":[],"default_left":[0,0,0,0,0,0,0,0,0],"id":4,"left_children":[1,3,5,-1,7,-1,-1,-1,-1],"loss_changes":[1.0937638E4,9.087827E2,1.0228027E1,0E0,3.216513E1,0E0,0E0,0E0,0E0],"parents":[2147483647,0,0,1,1,2,2,4,4],"right_children":[2,4,6,-1,8,-1,-1,-1,-1],"split_conditions":[7.029443E-1,4.0168795E-1,8.0455005E-1,-3.8153E0,5.011985E-1,1.0396454E0,3.7615545E0,-9.7047615E-1,-1.221756E-1],"split_indices":[0,0,0,0,0,0,0,0,0],"split_type":[0,0,0,0,0,0,0,0,0],"sum_hessian":[9E0,5E0,4E0,3E0,2E0,1E0,3E0,1E0,1E0],"tree_param":{"num_deleted":"0","num_feature":"2","num_nodes":"9","size_leaf_vector":"1"}},{"base_weights":[-2.9956856E-1,-2.6987745E1,3.1786158E0,-3.5291524E0,-6.920128E0,-9.219524E-1,-1.1606675E-1],"categories":[],"categories_nodes":[],"categories_segments":[],"categories_sizes":[],"default_left":[0,0,0,0,0,0,0],"id":5,"left_children":[1,3,-1,-1,5,-1,-1],"loss_changes":[9.420932E3,7.556006E2,0E0,0E0,2.9029037E1,0E0,0E0],"parents":[2147483647,0,0,1,1,4,4],"right_children":[2,4,-1,-1,6,-1,-1],"split_conditions":[7.029443E-1,4.0168795E-1,3.1786158E0,-3.5291524E0,5.011985E-1,-9.219524E-1,-1.1606675E-1],"split_indices":[0,0,0,0,0,0,0],"split_type":[0,0,0,0,0,0,0],"sum_hessian":[9E0,5E0,4E0,3E0,2E0,1E0,1E0],"tree_param":{"num_deleted":"0","num_feature":"2","num_nodes":"7","size_leaf_vector":"1"}},{"base_weights":[-4.0846938E-1,-2.5050167E1,2.9243261E1,-3.264466E0,-6.574122E0,8.287323E-1,3.2410417E0,-8.758549E-1,-1.10263444E-1],"categories":[],"categories_nodes":[],"categories_segments":[],"categories_sizes":[],"default_left":[0,0,0,0,0,0,0,0,0],"id":6,"left_children":[1,3,5,-1,7,-1,-1,-1,-1],"loss_changes":[8.039239E3,6.2728687E2,6.3257812E1,0E0,2.6198715E1,0E0,0E0,0E0,0E0],"parents":[2147483647,0,0,1,1,2,2,4,4],"right_children":[2,4,6,-1,8,-1,-1,-1,-1],"split_conditions":[7.029443E-1,4.0168795E-1,8.0455005E-1,-3.264466E0,5.011985E-1,8.287323E-1,3.2410417E0,-8.758549E-1,-1.10263444E-1],"split_indices":[0,0,0,0,0,0,0,0,0],"split_type":[0,0,0,0,0,0,0,0,0],"sum_hessian":[9E0,5E0,4E0,3E0,2E0,1E0,3E0,1E0,1E0],"tree_param":{"num_deleted":"0","num_feature":"2","num_nodes":"9","size_leaf_vector":"1"}},{"base_weights":[-3.8570482E-1,-2.3253582E1,2.7132889E1,-2.7485296E1,-1.0475045E-1,7.872955E-1,2.9979634E0,-3.0196311E0,-8.320622E-1],"categories":[],"categories_nodes":[],"categories_segments":[],"categories_sizes":[],"default_left":[0,0,0,0,0,0,0,0,0],"id":7,"left_children":[1,3,5,7,-1,-1,-1,-1,-1],"loss_changes":[6.923855E3,5.350281E2,3.8112305E1,8.526367E0,0E0,0E0,0E0,0E0,0E0],"parents":[2147483647,0,0,1,1,2,2,3,3],"right_children":[2,4,6,8,-1,-1,-1,-1,-1],"split_conditions":[7.029443E-1,5.011985E-1,8.0455005E-1,4.0168795E-1,-1.0475045E-1,7.872955E-1,2.9979634E0,-3.0196311E0,-8.320622E-1],"split_indices":[0,0,0,0,0,0,0,0,0],"split_type":[0,0,0,0,0,0,0,0,0],"sum_hessian":[9E0,5E0,4E0,4E0,1E0,1E0,3E0,3E0,1E0],"tree_param":{"num_deleted":"0","num_feature":"2","num_nodes":"9","size_leaf_vector":"1"}},{"base_weights":[-3.6425477E-1,-2.1587631E1,2.5176647E1,-2.5507107E1,-9.951287E-2,7.4793094E-1,2.7731156E0,-3.116141E0,-1.1350434E0],"categories":[],"categories_nodes":[],"categories_segments":[],"categories_sizes":[],"default_left":[0,0,0,0,0,0,0,0,0],"id":8,"left_children":[1,3,5,7,-1,-1,-1,-1,-1],"loss_changes":[5.964146E3,4.588877E2,1.8630127E1,4.6535156E1,0E0,0E0,0E0,0E0,0E0],"parents":[2147483647,0,0,1,1,2,2,3,3],"right_children":[2,4,6,8,-1,-1,-1,-1,-1],"split_conditions":[7.029443E-1,5.011985E-1,8.0455005E-1,3.0206713E-1,-9.951287E-2,7.4793094E-1,2.7731156E0,-3.116141E0,-1.1350434E0],"split_indices":[0,0,0,0,0,0,0,0,0],"split_type":[0,0,0,0,0,0,0,0,0],"sum_hessian":[9E0,5E0,4E0,4E0,1E0,1E0,3E0,2E0,2E0],"tree_param":{"num_deleted":"0","num_feature":"2","num_nodes":"9","size_leaf_vector":"1"}},{"base_weights":[-4.1079482E-1,-2.0153986E1,2.3363194E1,-2.3806633E1,-9.4537355E-2,7.105347E-1,2.565132E0,-2.9083984E0,-1.059374E0],"categories":[],"categories_nodes":[],"categories_segments":[],"categories_sizes":[],"default_left":[0,0,0,0,0,0,0,0,0],"id":9,"left_children":[1,3,5,7,-1,-1,-1,-1,-1],"loss_changes":[5.1646055E3,3.984673E2,3.7385254E0,4.053711E1,0E0,0E0,0E0,0E0,0E0],"parents":[2147483647,0,0,1,1,2,2,3,3],"right_children":[2,4,6,8,-1,-1,-1,-1,-1],"split_conditions":[7.029443E-1,5.011985E-1,8.0455005E-1,3.0206713E-1,-9.4537355E-2,7.105347E-1,2.565132E0,-2.9083984E0,-1.059374E0],"split_indices":[0,0,0,0,0,0,0,0,0],"split_type":[0,0,0,0,0,0,0,0,0],"sum_hessian":[9E0,5E0,4E0,4E0,1E0,1E0,3E0,2E0,2E0],"tree_param":{"num_deleted":"0","num_feature":"2","num_nodes":"9","size_leaf_vector":"1"}},{"base_weights":[-4.48378E-1,-1.8815638E1,2.168201E1,-2.2219524E1,-8.9810565E-2,9.934484E-1,2.62022E0,-2.714505E0,-9.887492E-1],"categories":[],"categories_nodes":[],"categories_segments":[],"categories_sizes":[],"default_left":[0,0,0,0,0,0,0,0,0],"id":10,"left_children":[1,3,5,7,-1,-1,-1,-1,-1],"loss_changes":[4.472707E3,3.4597998E2,5.199707E0,3.5312256E1,0E0,0E0,0E0,0E0,0E0],"parents":[2147483647,0,0,1,1,2,2,3,3],"right_children":[2,4,6,8,-1,-1,-1,-1,-1],"split_conditions":[7.029443E-1,5.011985E-1,9.038267E-1,3.0206713E-1,-8.9810565E-2,9.934484E-1,2.62022E0,-2.714505E0,-9.887492E-1],"split_indices":[0,0,0,0,0,0,0,0,0],"split_type":[0,0,0,0,0,0,0,0,0],"sum_hessian":[9E0,5E0,4E0,4E0,1E0,2E0,2E0,2E0,2E0],"tree_param":{"num_deleted":"0","num_feature":"2","num_nodes":"9","size_leaf_vector":"1"}},{"base_weights":[-4.214813E-1,-1.7566252E1,2.0236538E1,-2.0738222E1,-8.53199E-2,9.2721814E-1,2.4455383E0,-2.5335376E0,-9.228328E-1],"categories":[],"categories_nodes":[],"categories_segments":[],"categories_sizes":[],"default_left":[0,0,0,0,0,0,0,0,0],"id":11,"left_children":[1,3,5,7,-1,-1,-1,-1,-1],"loss_changes":[3.8972502E3,3.0038586E2,4.529663E0,3.0760742E1,0E0,0E0,0E0,0E0,0E0],"parents":[2147483647,0,0,1,1,2,2,3,3],"right_children":[2,4,6,8,-1,-1,-1,-1,-1],"split_conditions":[7.029443E-1,5.011985E-1,9.038267E-1,3.0206713E-1,-8.53199E-2,9.2721814E-1,2.4455383E0,-2.5335376E0,-9.228328E-1],"split_indices":[0,0,0,0,0,0,0,0,0],"split_type":[0,0,0,0,0,0,0,0,0],"sum_hessian":[9E0,5E0,4E0,4E0,1E0,2E0,2E0,2E0,2E0],"tree_param":{"num_deleted":"0","num_feature":"2","num_nodes":"9","size_leaf_vector":"1"}},{"base_weights":[-3.9622575E-1,-1.6399906E1,1.8887436E1,-1.935567E1,-8.105393E-2,8.654038E-1,2.2825022E0,-2.364635E0,-8.613103E-1],"categories":[],"categories_nodes":[],"categories_segments":[],"categories_sizes":[],"default_left":[0,0,0,0,0,0,0,0,0],"id":12,"left_children":[1,3,5,7,-1,-1,-1,-1,-1],"loss_changes":[3.3958477E3,2.607826E2,3.9459229E0,2.679602E1,0E0,0E0,0E0,0E0,0E0],"parents":[2147483647,0,0,1,1,2,2,3,3],"right_children":[2,4,6,8,-1,-1,-1,-1,-1],"split_conditions":[7.029443E-1,5.011985E-1,9.038267E-1,3.0206713E-1,-8.105393E-2,8.654038E-1,2.2825022E0,-2.364635E0,-8.613103E-1],"split_indices":[0,0,0,0,0,0,0,0,0],"split_type":[0,0,0,0,0,0,0,0,0],"sum_hessian":[9E0,5E0,4E0,4E0,1E0,2E0,2E0,2E0,2E0],"tree_param":{"num_deleted":"0","num_feature":"2","num_nodes":"9","size_leaf_vector":"1"}},{"base_weights":[-3.7251204E-1,-1.5311082E1,1.7628275E1,-1.8065294E1,-7.700119E-2,8.077103E-1,2.1303356E0,-2.2069929E0,-8.0388945E-1],"categories":[],"categories_nodes":[],"categories_segments":[],"categories_sizes":[],"default_left":[0,0,0,0,0,0,0,0,0],"id":13,"left_children":[1,3,5,7,-1,-1,-1,-1,-1],"loss_changes":[2.9589678E3,2.2638464E2,3.4372559E0,2.334253E1,0E0,0E0,0E0,0E0,0E0],"parents":[2147483647,0,0,1,1,2,2,3,3],"right_children":[2,4,6,8,-1,-1,-1,-1,-1],"split_conditions":[7.029443E-1,5.011985E-1,9.038267E-1,3.0206713E-1,-7.700119E-2,8.077103E-1,2.1303356E0,-2.2069929E0,-8.0388945E-1],"split_indices":[0,0,0,0,0,0,0,0,0],"split_type":[0,0,0,0,0,0,0,0,0],"sum_hessian":[9E0,5E0,4E0,4E0,1E0,2E0,2E0,2E0,2E0],"tree_param":{"num_deleted":"0","num_feature":"2","num_nodes":"9","size_leaf_vector":"1"}},{"base_weights":[-3.5024565E-1,-1.4294621E1,1.6453054E1,-1.8566681E0,-3.833669E0,4.9531862E-1,1.8089726E0,-5.0189936E-1,-7.3151015E-2],"categories":[],"categories_nodes":[],"categories_segments":[],"categories_sizes":[],"default_left":[0,0,0,0,0,0,0,0,0],"id":14,"left_children":[1,3,5,-1,7,-1,-1,-1,-1],"loss_changes":[2.5783054E3,1.9696045E2,4.5057373E0,0E0,7.359749E0,0E0,0E0,0E0,0E0],"parents":[2147483647,0,0,1,1,2,2,4,4],"right_children":[2,4,6,-1,8,-1,-1,-1,-1],"split_conditions":[7.029443E-1,4.0168795E-1,8.0455005E-1,-1.8566681E0,5.011985E-1,4.9531862E-1,1.8089726E0,-5.0189936E-1,-7.3151015E-2],"split_indices":[0,0,0,0,0,0,0,0,0],"split_type":[0,0,0,0,0,0,0,0,0],"sum_hessian":[9E0,5E0,4E0,3E0,2E0,1E0,3E0,1E0,1E0],"tree_param":{"num_deleted":"0","num_feature":"2","num_nodes":"9","size_leaf_vector":"1"}},{"base_weights":[-3.2796478E-1,-1.3270447E1,1.5268606E1,-1.9360822E0,-5.3850536E0,6.7705333E-1,1.8677145E0,-6.716782E-1,-6.949349E-2],"categories":[],"categories_nodes":[],"categories_segments":[],"categories_sizes":[],"default_left":[0,0,0,0,0,0,0,0,0],"id":15,"left_children":[1,3,5,-1,7,-1,-1,-1,-1],"loss_changes":[2.2212046E3,1.8389099E2,1.8375854E1,0E0,2.0316132E1,0E0,0E0,0E0,0E0],"parents":[2147483647,0,0,1,1,2,2,4,4],"right_children":[2,4,6,-1,8,-1,-1,-1,-1],"split_conditions":[7.029443E-1,3.0206713E-1,9.038267E-1,-1.9360822E0,5.011985E-1,6.7705333E-1,1.8677145E0,-6.716782E-1,-6.949349E-2],"split_indices":[0,0,0,0,0,0,0,0,0],"split_type":[0,0,0,0,0,0,0,0,0],"sum_hessian":[9E0,5E0,4E0,2E0,3E0,2E0,2E0,2E0,1E0],"tree_param":{"num_deleted":"0","num_feature":"2","num_nodes":"9","size_leaf_vector":"1"}},{"base_weights":[-3.084175E-1,-1.2389611E1,1.4250699E1,-1.80701E0,-5.0318413E0,6.319168E-1,1.7431997E0,-6.268997E-1,-6.601868E-2],"categories":[],"categories_nodes":[],"categories_segments":[],"categories_sizes":[],"default_left":[0,0,0,0,0,0,0,0,0],"id":16,"left_children":[1,3,5,-1,7,-1,-1,-1,-1],"loss_changes":[1.9354758E3,1.5984857E2,1.600708E1,0E0,1.7494965E1,0E0,0E0,0E0,0E0],"parents":[2147483647,0,0,1,1,2,2,4,4],"right_children":[2,4,6,-1,8,-1,-1,-1,-1],"split_conditions":[7.029443E-1,3.0206713E-1,9.038267E-1,-1.80701E0,5.011985E-1,6.319168E-1,1.7431997E0,-6.268997E-1,-6.601868E-2],"split_indices":[0,0,0,0,0,0,0,0,0],"split_type":[0,0,0,0,0,0,0,0,0],"sum_hessian":[9E0,5E0,4E0,2E0,3E0,2E0,2E0,2E0,1E0],"tree_param":{"num_deleted":"0","num_feature":"2","num_nodes":"9","size_leaf_vector":"1"}},{"base_weights":[-2.900551E-1,-1.1567306E1,1.3300656E1,-1.6865427E0,-4.701887E0,5.8978933E-1,1.6269867E0,-5.8510643E-1,-6.271782E-2],"categories":[],"categories_nodes":[],"categories_segments":[],"categories_sizes":[],"default_left":[0,0,0,0,0,0,0,0,0],"id":17,"left_children":[1,3,5,-1,7,-1,-1,-1,-1],"loss_changes":[1.6865112E3,1.3894366E2,1.3943909E1,0E0,1.5060593E1,0E0,0E0,0E0,0E0],"parents":[2147483647,0,0,1,1,2,2,4,4],"right_children":[2,4,6,-1,8,-1,-1,-1,-1],"split_conditions":[7.029443E-1,3.0206713E-1,9.038267E-1,-1.6865427E0,5.011985E-1,5.8978933E-1,1.6269867E0,-5.8510643E-1,-6.271782E-2],"split_indices":[0,0,0,0,0,0,0,0,0],"split_type":[0,0,0,0,0,0,0,0,0],"sum_hessian":[9E0,5E0,4E0,2E0,3E0,2E0,2E0,2E0,1E0],"tree_param":{"num_deleted":"0","num_feature":"2","num_nodes":"9","size_leaf_vector":"1"}},{"base_weights":[-2.7280656E-1,-1.0799636E1,1.241395E1,-1.5741066E0,-4.393654E0,5.5047053E-1,1.5185212E0,-5.4609936E-1,-5.9581757E-2],"categories":[],"categories_nodes":[],"categories_segments":[],"categories_sizes":[],"default_left":[0,0,0,0,0,0,0,0,0],"id":18,"left_children":[1,3,5,-1,7,-1,-1,-1,-1],"loss_changes":[1.4695792E3,1.2076752E2,1.2146545E1,0E0,1.2960571E1,0E0,0E0,0E0,0E0],"parents":[2147483647,0,0,1,1,2,2,4,4],"right_children":[2,4,6,-1,8,-1,-1,-1,-1],"split_conditions":[7.029443E-1,3.0206713E-1,9.038267E-1,-1.5741066E0,5.011985E-1,5.5047053E-1,1.5185212E0,-5.4609936E-1,-5.9581757E-2],"split_indices":[0,0,0,0,0,0,0,0,0],"split_type":[0,0,0,0,0,0,0,0,0],"sum_hessian":[9E0,5E0,4E0,2E0,3E0,2E0,2E0,2E0,1E0],"tree_param":{"num_deleted":"0","num_feature":"2","num_nodes":"9","size_leaf_vector":"1"}},{"base_weights":[-2.5660706E-1,-1.008297E1,1.15863495E1,-1.4691662E0,-4.105709E0,5.137721E-1,1.4172863E0,-5.096929E-1,-5.6602478E-2],"categories":[],"categories_nodes":[],"categories_segments":[],"categories_sizes":[],"default_left":[0,0,0,0,0,0,0,0,0],"id":19,"left_children":[1,3,5,-1,7,-1,-1,-1,-1],"loss_changes":[1.2805566E3,1.04964355E2,1.0581116E1,0E0,1.1149437E1,0E0,0E0,0E0,0E0],"parents":[2147483647,0,0,1,1,2,2,4,4],"right_children":[2,4,6,-1,8,-1,-1,-1,-1],"split_conditions":[7.029443E-1,3.0206713E-1,9.038267E-1,-1.4691662E0,5.011985E-1,5.137721E-1,1.4172863E0,-5.096929E-1,-5.6602478E-2],"split_indices":[0,0,0,0,0,0,0,0,0],"split_type":[0,0,0,0,0,0,0,0,0],"sum_hessian":[9E0,5E0,4E0,2E0,3E0,2E0,2E0,2E0,1E0],"tree_param":{"num_deleted":"0","num_feature":"2","num_nodes":"9","size_leaf_vector":"1"}},{"base_weights":[-2.4138793E-1,-9.413918E0,1.0813925E1,-1.3712217E0,-3.8367138E0,4.7952017E-1,1.3228008E0,-4.7571358E-1,-5.3772356E-2],"categories":[],"categories_nodes":[],"categories_segments":[],"categories_sizes":[],"default_left":[0,0,0,0,0,0,0,0,0],"id":20,"left_children":[1,3,5,-1,7,-1,-1,-1,-1],"loss_changes":[1.1158534E3,9.122504E1,9.217468E0,0E0,9.58783E0,0E0,0E0,0E0,0E0],"parents":[2147483647,0,0,1,1,2,2,4,4],"right_children":[2,4,6,-1,8,-1,-1,-1,-1],"split_conditions":[7.029443E-1,3.0206713E-1,9.038267E-1,-1.3712217E0,5.011985E-1,4.7952017E-1,1.3228008E0,-4.7571358E-1,-5.3772356E-2],"split_indices":[0,0,0,0,0,0,0,0,0],"split_type":[0,0,0,0,0,0,0,0,0],"sum_hessian":[9E0,5E0,4E0,2E0,3E0,2E0,2E0,2E0,1E0],"tree_param":{"num_deleted":"0","num_feature":"2","num_nodes":"9","size_leaf_vector":"1"}},{"base_weights":[-2.2708741E-1,-8.7893095E0,1.0092997E1,-1.2798069E0,-3.585413E0,4.4755197E-1,1.2346141E0,-4.4399926E-1,-5.1083755E-2],"categories":[],"categories_nodes":[],"categories_segments":[],"categories_sizes":[],"default_left":[0,0,0,0,0,0,0,0,0],"id":21,"left_children":[1,3,5,-1,7,-1,-1,-1,-1],"loss_changes":[9.723389E2,7.928064E1,8.029572E0,0E0,8.24176E0,0E0,0E0,0E0,0E0],"parents":[2147483647,0,0,1,1,2,2,4,4],"right_children":[2,4,6,-1,8,-1,-1,-1,-1],"split_conditions":[7.029443E-1,3.0206713E-1,9.038267E-1,-1.2798069E0,5.011985E-1,4.4755197E-1,1.2346141E0,-4.4399926E-1,-5.1083755E-2],"split_indices":[0,0,0,0,0,0,0,0,0],"split_type":[0,0,0,0,0,0,0,0,0],"sum_hessian":[9E0,5E0,4E0,2E0,3E0,2E0,2E0,2E0,1E0],"tree_param":{"num_deleted":"0","num_feature":"2","num_nodes":"9","size_leaf_vector":"1"}},{"base_weights":[-2.1365204E-1,-8.206192E0,9.420126E0,-1.1944863E0,-3.3506413E0,4.1771492E-1,1.1523061E0,-4.143992E-1,-4.8529435E-2],"categories":[],"categories_nodes":[],"categories_segments":[],"categories_sizes":[],"default_left":[0,0,0,0,0,0,0,0,0],"id":22,"left_children":[1,3,5,-1,7,-1,-1,-1,-1],"loss_changes":[8.472869E2,6.889688E1,6.994629E0,0E0,7.0818405E0,0E0,0E0,0E0,0E0],"parents":[2147483647,0,0,1,1,2,2,4,4],"right_children":[2,4,6,-1,8,-1,-1,-1,-1],"split_conditions":[7.029443E-1,3.0206713E-1,9.038267E-1,-1.1944863E0,5.011985E-1,4.1771492E-1,1.1523061E0,-4.143992E-1,-4.8529435E-2],"split_indices":[0,0,0,0,0,0,0,0,0],"split_type":[0,0,0,0,0,0,0,0,0],"sum_hessian":[9E0,5E0,4E0,2E0,3E0,2E0,2E0,2E0,1E0],"tree_param":{"num_deleted":"0","num_feature":"2","num_nodes":"9","size_leaf_vector":"1"}},{"base_weights":[-2.0102692E-1,-7.6618094E0,8.792117E0,-1.114854E0,-3.1313095E0,3.8986766E-1,1.0754852E0,-3.8677266E-1,-4.6102908E-2],"categories":[],"categories_nodes":[],"categories_segments":[],"categories_sizes":[],"default_left":[0,0,0,0,0,0,0,0,0],"id":23,"left_children":[1,3,5,-1,7,-1,-1,-1,-1],"loss_changes":[7.3832245E2,5.987024E1,6.0928955E0,0E0,6.0826263E0,0E0,0E0,0E0,0E0],"parents":[2147483647,0,0,1,1,2,2,4,4],"right_children":[2,4,6,-1,8,-1,-1,-1,-1],"split_conditions":[7.029443E-1,3.0206713E-1,9.038267E-1,-1.114854E0,5.011985E-1,3.8986766E-1,1.0754852E0,-3.8677266E-1,-4.6102908E-2],"split_indices":[0,0,0,0,0,0,0,0,0],"split_type":[0,0,0,0,0,0,0,0,0],"sum_hessian":[9E0,5E0,4E0,2E0,3E0,2E0,2E0,2E0,1E0],"tree_param":{"num_deleted":"0","num_feature":"2","num_nodes":"9","size_leaf_vector":"1"}},{"base_weights":[-1.8916091E-1,-7.1535835E0,8.205978E0,-1.2053978E0,-3.7627091E0,4.4932747E-1,1.1528397E0,-4.484398E-1,-4.3797683E-2],"categories":[],"categories_nodes":[],"categories_segments":[],"categories_sizes":[],"default_left":[0,0,0,0,0,0,0,0,0],"id":24,"left_children":[1,3,5,-1,7,-1,-1,-1,-1],"loss_changes":[6.433751E2,5.4344116E1,9.875519E0,0E0,1.0033043E1,0E0,0E0,0E0,0E0],"parents":[2147483647,0,0,1,1,2,2,4,4],"right_children":[2,4,6,-1,8,-1,-1,-1,-1],"split_conditions":[7.029443E-1,1.9860093E-1,1E0,-1.2053978E0,5.011985E-1,4.4932747E-1,1.1528397E0,-4.484398E-1,-4.3797683E-2],"split_indices":[0,0,0,0,0,0,0,0,0],"split_type":[0,0,0,0,0,0,0,0,0],"sum_hessian":[9E0,5E0,4E0,1E0,4E0,3E0,1E0,3E0,1E0],"tree_param":{"num_deleted":"0","num_feature":"2","num_nodes":"9","size_leaf_vector":"1"}},{"base_weights":[-1.7979126E-1,-6.7211633E0,7.7058134E0,-1.1451279E0,-3.4848847E0,4.1562805E-1,1.0951973E0,-4.1480675E-1,-4.1607667E-2],"categories":[],"categories_nodes":[],"categories_segments":[],"categories_sizes":[],"default_left":[0,0,0,0,0,0,0,0,0],"id":25,"left_children":[1,3,5,-1,7,-1,-1,-1,-1],"loss_changes":[5.676188E2,5.1941467E1,1.2092255E1,0E0,8.449982E0,0E0,0E0,0E0,0E0],"parents":[2147483647,0,0,1,1,2,2,4,4],"right_children":[2,4,6,-1,8,-1,-1,-1,-1],"split_conditions":[7.029443E-1,1.9860093E-1,1E0,-1.1451279E0,5.011985E-1,4.1562805E-1,1.0951973E0,-4.1480675E-1,-4.1607667E-2],"split_indices":[0,0,0,0,0,0,0,0,0],"split_type":[0,0,0,0,0,0,0,0,0],"sum_hessian":[9E0,5E0,4E0,1E0,4E0,3E0,1E0,3E0,1E0],"tree_param":{"num_deleted":"0","num_feature":"2","num_nodes":"9","size_leaf_vector":"1"}},{"base_weights":[-1.7088509E-1,-6.3159695E0,7.2373934E0,-1.0878716E0,-3.227677E0,3.844555E-1,1.0404373E0,-3.8369608E-1,-3.952713E-2],"categories":[],"categories_nodes":[],"categories_segments":[],"categories_sizes":[],"default_left":[0,0,0,0,0,0,0,0,0],"id":26,"left_children":[1,3,5,-1,7,-1,-1,-1,-1],"loss_changes":[5.009561E2,4.9433594E1,1.3725098E1,0E0,7.112049E0,0E0,0E0,0E0,0E0],"parents":[2147483647,0,0,1,1,2,2,4,4],"right_children":[2,4,6,-1,8,-1,-1,-1,-1],"split_conditions":[7.029443E-1,1.9860093E-1,1E0,-1.0878716E0,5.011985E-1,3.844555E-1,1.0404373E0,-3.8369608E-1,-3.952713E-2],"split_indices":[0,0,0,0,0,0,0,0,0],"split_type":[0,0,0,0,0,0,0,0,0],"sum_hessian":[9E0,5E0,4E0,1E0,4E0,3E0,1E0,3E0,1E0],"tree_param":{"num_deleted":"0","num_feature":"2","num_nodes":"9","size_leaf_vector":"1"}},{"base_weights":[-1.624176E-1,-5.9362206E0,6.7986298E0,-1.033478E0,-2.989553E0,3.5562095E-1,9.8841554E-1,-3.5491878E-1,-3.7550736E-2],"categories":[],"categories_nodes":[],"categories_segments":[],"categories_sizes":[],"default_left":[0,0,0,0,0,0,0,0,0],"id":27,"left_children":[1,3,5,-1,7,-1,-1,-1,-1],"loss_changes":[4.4227536E2,4.687018E1,1.4872711E1,0E0,5.9818077E0,0E0,0E0,0E0,0E0],"parents":[2147483647,0,0,1,1,2,2,4,4],"right_children":[2,4,6,-1,8,-1,-1,-1,-1],"split_conditions":[7.029443E-1,1.9860093E-1,1E0,-1.033478E0,5.011985E-1,3.5562095E-1,9.8841554E-1,-3.5491878E-1,-3.7550736E-2],"split_indices":[0,0,0,0,0,0,0,0,0],"split_type":[0,0,0,0,0,0,0,0,0],"sum_hessian":[9E0,5E0,4E0,1E0,4E0,3E0,1E0,3E0,1E0],"tree_param":{"num_deleted":"0","num_feature":"2","num_nodes":"9","size_leaf_vector":"1"}},{"base_weights":[-1.5436706E-1,-5.580256E0,6.3875732E0,-9.818041E-1,-2.7690911E0,3.2894936E-1,9.389946E-1,-3.2829982E-1,-3.567314E-2],"categories":[],"categories_nodes":[],"categories_segments":[],"categories_sizes":[],"default_left":[0,0,0,0,0,0,0,0,0],"id":28,"left_children":[1,3,5,-1,7,-1,-1,-1,-1],"loss_changes":[3.9060272E2,4.4291626E1,1.56197815E1,0E0,5.0274925E0,0E0,0E0,0E0,0E0],"parents":[2147483647,0,0,1,1,2,2,4,4],"right_children":[2,4,6,-1,8,-1,-1,-1,-1],"split_conditions":[7.029443E-1,1.9860093E-1,1E0,-9.818041E-1,5.011985E-1,3.2894936E-1,9.389946E-1,-3.2829982E-1,-3.567314E-2],"split_indices":[0,0,0,0,0,0,0,0,0],"split_type":[0,0,0,0,0,0,0,0,0],"sum_hessian":[9E0,5E0,4E0,1E0,4E0,3E0,1E0,3E0,1E0],"tree_param":{"num_deleted":"0","num_feature":"2","num_nodes":"9","size_leaf_vector":"1"}},{"base_weights":[-1.4671326E-1,-5.2465262E0,6.0024047E0,-9.327139E-1,-2.5649757E0,3.042782E-1,8.9204484E-1,-3.036773E-1,-3.388939E-2],"categories":[],"categories_nodes":[],"categories_segments":[],"categories_sizes":[],"default_left":[0,0,0,0,0,0,0,0,0],"id":29,"left_children":[1,3,5,-1,7,-1,-1,-1,-1],"loss_changes":[3.450853E2,4.1730316E1,1.6038559E1,0E0,4.2221527E0,0E0,0E0,0E0,0E0],"parents":[2147483647,0,0,1,1,2,2,4,4],"right_children":[2,4,6,-1,8,-1,-1,-1,-1],"split_conditions":[7.029443E-1,1.9860093E-1,1E0,-9.327139E-1,5.011985E-1,3.042782E-1,8.9204484E-1,-3.036773E-1,-3.388939E-2],"split_indices":[0,0,0,0,0,0,0,0,0],"split_type":[0,0,0,0,0,0,0,0,0],"sum_hessian":[9E0,5E0,4E0,1E0,4E0,3E0,1E0,3E0,1E0],"tree_param":{"num_deleted":"0","num_feature":"2","num_nodes":"9","size_leaf_vector":"1"}},{"base_weights":[-1.3943633E-1,-4.933586E0,5.641431E0,-8.860783E-1,-2.3759904E0,2.814575E-1,8.474426E-1,-2.8090134E-1,-3.21949E-2],"categories":[],"categories_nodes":[],"categories_segments":[],"categories_sizes":[],"default_left":[0,0,0,0,0,0,0,0,0],"id":30,"left_children":[1,3,5,-1,7,-1,-1,-1,-1],"loss_changes":[3.0497592E2,3.9211945E1,1.6190445E1,0E0,3.5428772E0,0E0,0E0,0E0,0E0],"parents":[2147483647,0,0,1,1,2,2,4,4],"right_children":[2,4,6,-1,8,-1,-1,-1,-1],"split_conditions":[7.029443E-1,1.9860093E-1,1E0,-8.860783E-1,5.011985E-1,2.814575E-1,8.474426E-1,-2.8090134E-1,-3.21949E-2],"split_indices":[0,0,0,0,0,0,0,0,0],"split_type":[0,0,0,0,0,0,0,0,0],"sum_hessian":[9E0,5E0,4E0,1E0,4E0,3E0,1E0,3E0,1E0],"tree_param":{"num_deleted":"0","num_feature":"2","num_nodes":"9","size_leaf_vector":"1"}},{"base_weights":[-1.325222E-1,-4.6400905E0,5.303064E0,-8.417744E-1,-2.201011E0,2.6034775E-1,8.050705E-1,-2.598338E-1,-3.0585099E-2],"categories":[],"categories_nodes":[],"categories_segments":[],"categories_sizes":[],"default_left":[0,0,0,0,0,0,0,0,0],"id":31,"left_children":[1,3,5,-1,7,-1,-1,-1,-1],"loss_changes":[2.6961945E2,3.6756424E1,1.612764E1,0E0,2.9702892E0,0E0,0E0,0E0,0E0],"parents":[2147483647,0,0,1,1,2,2,4,4],"right_children":[2,4,6,-1,8,-1,-1,-1,-1],"split_conditions":[7.029443E-1,1.9860093E-1,1E0,-8.417744E-1,5.011985E-1,2.6034775E-1,8.050705E-1,-2.598338E-1,-3.0585099E-2],"split_indices":[0,0,0,0,0,0,0,0,0],"split_type":[0,0,0,0,0,0,0,0,0],"sum_hessian":[9E0,5E0,4E0,1E0,4E0,3E0,1E0,3E0,1E0],"tree_param":{"num_deleted":"0","num_feature":"2","num_nodes":"9","size_leaf_vector":"1"}},{"base_weights":[-1.2594643E-1,-4.36478E0,4.9858427E0,-7.9968566E-1,-2.0389931E0,2.4082184E-1,7.6481706E-1,-2.4034624E-1,-2.9055787E-2],"categories":[],"categories_nodes":[],"categories_segments":[],"categories_sizes":[],"default_left":[0,0,0,0,0,0,0,0,0],"id":32,"left_children":[1,3,5,-1,7,-1,-1,-1,-1],"loss_changes":[2.3844235E2,3.437908E1,1.5893936E1,0E0,2.4879093E0,0E0,0E0,0E0,0E0],"parents":[2147483647,0,0,1,1,2,2,4,4],"right_children":[2,4,6,-1,8,-1,-1,-1,-1],"split_conditions":[7.029443E-1,1.9860093E-1,1E0,-7.9968566E-1,5.011985E-1,2.4082184E-1,7.6481706E-1,-2.4034624E-1,-2.9055787E-2],"split_indices":[0,0,0,0,0,0,0,0,0],"split_type":[0,0,0,0,0,0,0,0,0],"sum_hessian":[9E0,5E0,4E0,1E0,4E0,3E0,1E0,3E0,1E0],"tree_param":{"num_deleted":"0","num_feature":"2","num_nodes":"9","size_leaf_vector":"1"}},{"base_weights":[-1.1969566E-1,-4.106483E0,4.688388E0,-7.597014E-1,-1.888974E0,2.227604E-1,7.2657627E-1,-2.2232018E-1,-2.760315E-2],"categories":[],"categories_nodes":[],"categories_segments":[],"categories_sizes":[],"default_left":[0,0,0,0,0,0,0,0,0],"id":33,"left_children":[1,3,5,-1,7,-1,-1,-1,-1],"loss_changes":[2.1094084E2,3.2091133E1,1.5526573E1,0E0,2.0817776E0,0E0,0E0,0E0,0E0],"parents":[2147483647,0,0,1,1,2,2,4,4],"right_children":[2,4,6,-1,8,-1,-1,-1,-1],"split_conditions":[7.029443E-1,1.9860093E-1,1E0,-7.597014E-1,5.011985E-1,2.227604E-1,7.2657627E-1,-2.2232018E-1,-2.760315E-2],"split_indices":[0,0,0,0,0,0,0,0,0],"split_type":[0,0,0,0,0,0,0,0,0],"sum_hessian":[9E0,5E0,4E0,1E0,4E0,3E0,1E0,3E0,1E0],"tree_param":{"num_deleted":"0","num_feature":"2","num_nodes":"9","size_leaf_vector":"1"}},{"base_weights":[-1.137558E-1,-3.8641052E0,4.409415E0,-7.2171634E-1,-1.750061E0,2.0605317E-1,6.9024736E-1,-2.0564614E-1,-2.6222993E-2],"categories":[],"categories_nodes":[],"categories_segments":[],"categories_sizes":[],"default_left":[0,0,0,0,0,0,0,0,0],"id":34,"left_children":[1,3,5,-1,7,-1,-1,-1,-1],"loss_changes":[1.8667314E2,2.9900597E1,1.5056747E1,0E0,1.7400932E0,0E0,0E0,0E0,0E0],"parents":[2147483647,0,0,1,1,2,2,4,4],"right_children":[2,4,6,-1,8,-1,-1,-1,-1],"split_conditions":[7.029443E-1,1.9860093E-1,1E0,-7.2171634E-1,5.011985E-1,2.0605317E-1,6.9024736E-1,-2.0564614E-1,-2.6222993E-2],"split_indices":[0,0,0,0,0,0,0,0,0],"split_type":[0,0,0,0,0,0,0,0,0],"sum_hessian":[9E0,5E0,4E0,1E0,4E0,3E0,1E0,3E0,1E0],"tree_param":{"num_deleted":"0","num_feature":"2","num_nodes":"9","size_leaf_vector":"1"}},{"base_weights":[-1.0810967E-1,-3.6366265E0,4.1477327E0,-6.8563044E-1,-1.6214302E0,1.9059907E-1,6.55735E-1,-1.9022284E-1,-2.491188E-2],"categories":[],"categories_nodes":[],"categories_segments":[],"categories_sizes":[],"default_left":[0,0,0,0,0,0,0,0,0],"id":35,"left_children":[1,3,5,-1,7,-1,-1,-1,-1],"loss_changes":[1.6525186E2,2.7812675E1,1.451046E1,0E0,1.4528322E0,0E0,0E0,0E0,0E0],"parents":[2147483647,0,0,1,1,2,2,4,4],"right_children":[2,4,6,-1,8,-1,-1,-1,-1],"split_conditions":[7.029443E-1,1.9860093E-1,1E0,-6.8563044E-1,5.011985E-1,1.9059907E-1,6.55735E-1,-1.9022284E-1,-2.491188E-2],"split_indices":[0,0,0,0,0,0,0,0,0],"split_type":[0,0,0,0,0,0,0,0,0],"sum_hessian":[9E0,5E0,4E0,1E0,4E0,3E0,1E0,3E0,1E0],"tree_param":{"num_deleted":"0","num_feature":"2","num_nodes":"9","size_leaf_vector":"1"}},{"base_weights":[-1.0274086E-1,-3.4230912E0,3.9022279E0,-6.513489E-1,-1.502314E0,1.7630424E0,6.2294847E-1,-1.7595606E-1,-2.3666382E-2,5.3655244E-2,1.9930217E-1],"categories":[],"categories_nodes":[],"categories_segments":[],"categories_sizes":[],"default_left":[0,0,0,0,0,0,0,0,0,0,0],"id":36,"left_children":[1,3,5,-1,7,9,-1,-1,-1,-1,-1],"loss_changes":[1.4633667E2,2.583049E1,1.3909317E1,0E0,1.2114964E0,5.8908463E-2,0E0,0E0,0E0,0E0,0E0],"parents":[2147483647,0,0,1,1,2,2,4,4,5,5],"right_children":[2,4,6,-1,8,10,-1,-1,-1,-1,-1],"split_conditions":[7.029443E-1,1.9860093E-1,1E0,-6.513489E-1,5.011985E-1,8.0455005E-1,6.2294847E-1,-1.7595606E-1,-2.3666382E-2,5.3655244E-2,1.9930217E-1],"split_indices":[0,0,0,0,0,0,0,0,0,0,0],"split_type":[0,0,0,0,0,0,0,0,0,0,0],"sum_hessian":[9E0,5E0,4E0,1E0,4E0,3E0,1E0,3E0,1E0,1E0,2E0],"tree_param":{"num_deleted":"0","num_feature":"2","num_nodes":"11","size_leaf_vector":"1"}},{"base_weights":[-8.997192E-2,-3.2226105E0,3.6871886E0,-6.187815E-1,-1.3920066E0,1.6499825E0,5.918007E-1,-1.627593E-1,-2.2483064E-2,5.097275E-2,1.8601583E-1],"categories":[],"categories_nodes":[],"categories_segments":[],"categories_sizes":[],"default_left":[0,0,0,0,0,0,0,0,0,0,0],"id":37,"left_children":[1,3,5,-1,7,9,-1,-1,-1,-1,-1],"loss_changes":[1.3020717E2,2.3955208E1,1.295858E1,0E0,1.0089207E0,1.044178E-2,0E0,0E0,0E0,0E0,0E0],"parents":[2147483647,0,0,1,1,2,2,4,4,5,5],"right_children":[2,4,6,-1,8,10,-1,-1,-1,-1,-1],"split_conditions":[7.029443E-1,1.9860093E-1,1E0,-6.187815E-1,5.011985E-1,8.0455005E-1,5.918007E-1,-1.627593E-1,-2.2483064E-2,5.097275E-2,1.8601583E-1],"split_indices":[0,0,0,0,0,0,0,0,0,0,0],"split_type":[0,0,0,0,0,0,0,0,0,0,0],"sum_hessian":[9E0,5E0,4E0,1E0,4E0,3E0,1E0,3E0,1E0,1E0,2E0],"tree_param":{"num_deleted":"0","num_feature":"2","num_nodes":"11","size_leaf_vector":"1"}},{"base_weights":[-7.84996E-2,-3.034354E0,3.4842255E0,-5.878424E-1,-1.2898552E0,1.5442276E-1,5.6221086E-1,-1.7060661E-1,-4.4369254E-2],"categories":[],"categories_nodes":[],"categories_segments":[],"categories_sizes":[],"default_left":[0,0,0,0,0,0,0,0,0],"id":38,"left_children":[1,3,5,-1,7,-1,-1,-1,-1],"loss_changes":[1.1588133E2,2.2186546E1,1.2055626E1,0E0,1.0039425E0,0E0,0E0,0E0,0E0],"parents":[2147483647,0,0,1,1,2,2,4,4],"right_children":[2,4,6,-1,8,-1,-1,-1,-1],"split_conditions":[7.029443E-1,1.9860093E-1,1E0,-5.878424E-1,4.0168795E-1,1.5442276E-1,5.6221086E-1,-1.7060661E-1,-4.4369254E-2],"split_indices":[0,0,0,0,0,0,0,0,0],"split_type":[0,0,0,0,0,0,0,0,0],"sum_hessian":[9E0,5E0,4E0,1E0,4E0,3E0,1E0,2E0,2E0],"tree_param":{"num_deleted":"0","num_feature":"2","num_nodes":"9","size_leaf_vector":"1"}},{"base_weights":[-7.9265974E-2,-2.86472E0,3.2791321E0,-5.5845034E-1,-1.2038628E0,1.4284134E0,5.3410035E-1,-1.5923272E-1,-4.1411083E-2,4.070282E-2,1.6331992E-1],"categories":[],"categories_nodes":[],"categories_segments":[],"categories_sizes":[],"default_left":[0,0,0,0,0,0,0,0,0,0,0],"id":39,"left_children":[1,3,5,-1,7,9,-1,-1,-1,-1,-1],"loss_changes":[1.0294044E2,2.0380054E1,1.1450558E1,0E0,8.7455225E-1,1.719017E-1,0E0,0E0,0E0,0E0,0E0],"parents":[2147483647,0,0,1,1,2,2,4,4,5,5],"right_children":[2,4,6,-1,8,10,-1,-1,-1,-1,-1],"split_conditions":[7.029443E-1,1.9860093E-1,1E0,-5.5845034E-1,4.0168795E-1,8.0455005E-1,5.3410035E-1,-1.5923272E-1,-4.1411083E-2,4.070282E-2,1.6331992E-1],"split_indices":[0,0,0,0,0,0,0,0,0,0,0],"split_type":[0,0,0,0,0,0,0,0,0,0,0],"sum_hessian":[9E0,5E0,4E0,1E0,4E0,3E0,1E0,2E0,2E0,1E0,2E0],"tree_param":{"num_deleted":"0","num_feature":"2","num_nodes":"11","size_leaf_vector":"1"}},{"base_weights":[-7.343483E-2,-2.7047634E0,3.0988464E0,-5.305279E-1,-1.1236045E0,1.3365822E0,5.073952E-1,-1.4861718E-1,-3.865026E-2,3.8668063E-2,1.5243225E-1],"categories":[],"categories_nodes":[],"categories_segments":[],"categories_sizes":[],"default_left":[0,0,0,0,0,0,0,0,0,0,0],"id":40,"left_children":[1,3,5,-1,7,9,-1,-1,-1,-1,-1],"loss_changes":[9.185479E1,1.870993E1,1.0621536E1,0E0,7.618356E-1,1.2391281E-1,0E0,0E0,0E0,0E0,0E0],"parents":[2147483647,0,0,1,1,2,2,4,4,5,5],"right_children":[2,4,6,-1,8,10,-1,-1,-1,-1,-1],"split_conditions":[7.029443E-1,1.9860093E-1,1E0,-5.305279E-1,4.0168795E-1,8.0455005E-1,5.073952E-1,-1.4861718E-1,-3.865026E-2,3.8668063E-2,1.5243225E-1],"split_indices":[0,0,0,0,0,0,0,0,0,0,0],"split_type":[0,0,0,0,0,0,0,0,0,0,0],"sum_hessian":[9E0,5E0,4E0,1E0,4E0,3E0,1E0,2E0,2E0,1E0,2E0],"tree_param":{"num_deleted":"0","num_feature":"2","num_nodes":"11","size_leaf_vector":"1"}},{"base_weights":[-6.8021774E-2,-2.5539188E0,2.928659E0,-5.0400144E-1,-1.0486969E0,1.2506981E0,4.8202515E-1,-1.3870926E-1,-3.6073558E-2,3.673477E-2,1.422699E-1],"categories":[],"categories_nodes":[],"categories_segments":[],"categories_sizes":[],"default_left":[0,0,0,0,0,0,0,0,0,0,0],"id":41,"left_children":[1,3,5,-1,7,9,-1,-1,-1,-1,-1],"loss_changes":[8.197396E1,1.7167301E1,9.841412E0,0E0,6.636419E-1,8.512354E-2,0E0,0E0,0E0,0E0,0E0],"parents":[2147483647,0,0,1,1,2,2,4,4,5,5],"right_children":[2,4,6,-1,8,10,-1,-1,-1,-1,-1],"split_conditions":[7.029443E-1,1.9860093E-1,1E0,-5.0400144E-1,4.0168795E-1,8.0455005E-1,4.8202515E-1,-1.3870926E-1,-3.6073558E-2,3.673477E-2,1.422699E-1],"split_indices":[0,0,0,0,0,0,0,0,0,0,0],"split_type":[0,0,0,0,0,0,0,0,0,0,0],"sum_hessian":[9E0,5E0,4E0,1E0,4E0,3E0,1E0,2E0,2E0,1E0,2E0],"tree_param":{"num_deleted":"0","num_feature":"2","num_nodes":"11","size_leaf_vector":"1"}},{"base_weights":[-6.299515E-2,-2.411658E0,2.7679992E0,-4.7880134E-1,-9.787842E-1,1.1703796E0,4.579239E-1,-1.1568127E-1,-1.3333512E-2,3.4898378E-2,1.3278504E-1],"categories":[],"categories_nodes":[],"categories_segments":[],"categories_sizes":[],"default_left":[0,0,0,0,0,0,0,0,0,0,0],"id":42,"left_children":[1,3,5,-1,7,9,-1,-1,-1,-1,-1],"loss_changes":[7.3165985E1,1.5743675E1,9.10891E0,0E0,5.983262E-1,5.398512E-2,0E0,0E0,0E0,0E0,0E0],"parents":[2147483647,0,0,1,1,2,2,4,4,5,5],"right_children":[2,4,6,-1,8,10,-1,-1,-1,-1,-1],"split_conditions":[7.029443E-1,1.9860093E-1,1E0,-4.7880134E-1,5.011985E-1,8.0455005E-1,4.579239E-1,-1.1568127E-1,-1.3333512E-2,3.4898378E-2,1.3278504E-1],"split_indices":[0,0,0,0,0,0,0,0,0,0,0],"split_type":[0,0,0,0,0,0,0,0,0,0,0],"sum_hessian":[9E0,5E0,4E0,1E0,4E0,3E0,1E0,3E0,1E0,1E0,2E0],"tree_param":{"num_deleted":"0","num_feature":"2","num_nodes":"11","size_leaf_vector":"1"}},{"base_weights":[-5.491562E-2,-2.2717934E0,2.6163208E0,-4.5486125E-1,-9.06707E-1,1.0952644E0,4.3502733E-1,-1.2174975E-1,-2.9368082E-2,3.3153534E-2,1.239329E-1],"categories":[],"categories_nodes":[],"categories_segments":[],"categories_sizes":[],"default_left":[0,0,0,0,0,0,0,0,0,0,0],"id":43,"left_children":[1,3,5,-1,7,9,-1,-1,-1,-1,-1],"loss_changes":[6.516178E1,1.4524071E1,8.422501E0,0E0,5.9505796E-1,2.9224396E-2,0E0,0E0,0E0,0E0,0E0],"parents":[2147483647,0,0,1,1,2,2,4,4,5,5],"right_children":[2,4,6,-1,8,10,-1,-1,-1,-1,-1],"split_conditions":[7.029443E-1,1.9860093E-1,1E0,-4.5486125E-1,4.0168795E-1,8.0455005E-1,4.3502733E-1,-1.2174975E-1,-2.9368082E-2,3.3153534E-2,1.239329E-1],"split_indices":[0,0,0,0,0,0,0,0,0,0,0],"split_type":[0,0,0,0,0,0,0,0,0,0,0],"sum_hessian":[9E0,5E0,4E0,1E0,4E0,3E0,1E0,2E0,2E0,1E0,2E0],"tree_param":{"num_deleted":"0","num_feature":"2","num_nodes":"11","size_leaf_vector":"1"}},{"base_weights":[-5.0811388E-2,-2.1456115E0,2.473111E0,-4.3211824E-1,-8.4626085E-1,1.0250092E0,4.1327593E-1,-1.13633096E-1,-2.7410379E-2,3.1495668E-2,1.1567078E-1],"categories":[],"categories_nodes":[],"categories_segments":[],"categories_sizes":[],"default_left":[0,0,0,0,0,0,0,0,0,0,0],"id":44,"left_children":[1,3,5,-1,7,9,-1,-1,-1,-1,-1],"loss_changes":[5.817746E1,1.3304132E1,7.7805824E0,0E0,5.183556E-1,9.738445E-3,0E0,0E0,0E0,0E0,0E0],"parents":[2147483647,0,0,1,1,2,2,4,4,5,5],"right_children":[2,4,6,-1,8,10,-1,-1,-1,-1,-1],"split_conditions":[7.029443E-1,1.9860093E-1,1E0,-4.3211824E-1,4.0168795E-1,8.0455005E-1,4.1327593E-1,-1.13633096E-1,-2.7410379E-2,3.1495668E-2,1.1567078E-1],"split_indices":[0,0,0,0,0,0,0,0,0,0,0],"split_type":[0,0,0,0,0,0,0,0,0,0,0],"sum_hessian":[9E0,5E0,4E0,1E0,4E0,3E0,1E0,2E0,2E0,1E0,2E0],"tree_param":{"num_deleted":"0","num_feature":"2","num_nodes":"11","size_leaf_vector":"1"}},{"base_weights":[-4.7002412E-2,-2.026577E0,2.3378875E0,-4.1051236E-1,-7.8984296E-1,9.592972E-2,3.9261246E-1,-1.0605761E-1,-2.5582885E-2],"categories":[],"categories_nodes":[],"categories_segments":[],"categories_sizes":[],"default_left":[0,0,0,0,0,0,0,0,0],"id":45,"left_children":[1,3,5,-1,7,-1,-1,-1,-1],"loss_changes":[5.1948586E1,1.2181253E1,7.181322E0,0E0,4.5155072E-1,0E0,0E0,0E0,0E0],"parents":[2147483647,0,0,1,1,2,2,4,4],"right_children":[2,4,6,-1,8,-1,-1,-1,-1],"split_conditions":[7.029443E-1,1.9860093E-1,1E0,-4.1051236E-1,4.0168795E-1,9.592972E-2,3.9261246E-1,-1.0605761E-1,-2.5582885E-2],"split_indices":[0,0,0,0,0,0,0,0,0],"split_type":[0,0,0,0,0,0,0,0,0],"sum_hessian":[9E0,5E0,4E0,1E0,4E0,3E0,1E0,2E0,2E0],"tree_param":{"num_deleted":"0","num_feature":"2","num_nodes":"9","size_leaf_vector":"1"}},{"base_weights":[-4.7664262E-2,-1.9142793E0,2.2018065E0,-3.899868E-1,-7.37188E-1,8.873482E-1,3.7298203E-1,-9.89872E-2,-2.3877462E-2,2.512436E-2,1.0156351E-1],"categories":[],"categories_nodes":[],"categories_segments":[],"categories_sizes":[],"default_left":[0,0,0,0,0,0,0,0,0,0,0],"id":46,"left_children":[1,3,5,-1,7,9,-1,-1,-1,-1,-1],"loss_changes":[4.6203835E1,1.1148378E1,6.7329025E0,0E0,3.933494E-1,7.1244E-2,0E0,0E0,0E0,0E0,0E0],"parents":[2147483647,0,0,1,1,2,2,4,4,5,5],"right_children":[2,4,6,-1,8,10,-1,-1,-1,-1,-1],"split_conditions":[7.029443E-1,1.9860093E-1,1E0,-3.899868E-1,4.0168795E-1,8.0455005E-1,3.7298203E-1,-9.89872E-2,-2.3877462E-2,2.512436E-2,1.0156351E-1],"split_indices":[0,0,0,0,0,0,0,0,0,0,0],"split_type":[0,0,0,0,0,0,0,0,0,0,0],"sum_hessian":[9E0,5E0,4E0,1E0,4E0,3E0,1E0,2E0,2E0,1E0,2E0],"tree_param":{"num_deleted":"0","num_feature":"2","num_nodes":"11","size_leaf_vector":"1"}},{"base_weights":[-4.4216536E-2,-1.8083261E0,2.0815582E0,-3.1242E0,-3.69339E-1,8.302841E-1,3.5433275E-1,-3.7048742E-1,-9.8142624E-2,-4.434204E-2,-7.3547363E-3,2.3867799E-2,9.479269E-2],"categories":[],"categories_nodes":[],"categories_segments":[],"categories_sizes":[],"default_left":[0,0,0,0,0,0,0,0,0,0,0,0,0],"id":47,"left_children":[1,3,5,7,9,11,-1,-1,-1,-1,-1,-1,-1],"loss_changes":[4.1265133E1,1.0207266E1,6.2033997E0,9.669685E-2,5.5038214E-2,5.2143335E-2,0E0,0E0,0E0,0E0,0E0,0E0,0E0],"parents":[2147483647,0,0,1,1,2,2,3,3,4,4,5,5],"right_children":[2,4,6,8,10,12,-1,-1,-1,-1,-1,-1,-1],"split_conditions":[7.029443E-1,3.0206713E-1,1E0,1.9860093E-1,5.011985E-1,8.0455005E-1,3.5433275E-1,-3.7048742E-1,-9.8142624E-2,-4.434204E-2,-7.3547363E-3,2.3867799E-2,9.479269E-2],"split_indices":[0,0,0,0,0,0,0,0,0,0,0,0,0],"split_type":[0,0,0,0,0,0,0,0,0,0,0,0,0],"sum_hessian":[9E0,5E0,4E0,2E0,3E0,3E0,1E0,1E0,1E0,2E0,1E0,1E0,2E0],"tree_param":{"num_deleted":"0","num_feature":"2","num_nodes":"13","size_leaf_vector":"1"}},{"base_weights":[-4.4527818E-2,-1.7142149E0,1.9680023E0,-2.9679909E0,-3.4532928E-1,7.7692413E-1,3.3661577E-1,-3.5196304E-1,-9.323559E-2,-4.1385904E-2,-6.9869994E-3,2.267456E-2,8.847351E-2],"categories":[],"categories_nodes":[],"categories_segments":[],"categories_sizes":[],"default_left":[0,0,0,0,0,0,0,0,0,0,0,0,0],"id":48,"left_children":[1,3,5,7,9,11,-1,-1,-1,-1,-1,-1,-1],"loss_changes":[3.6976532E1,9.272722E0,5.7113113E0,8.72612E-2,4.6592325E-2,3.6651373E-2,0E0,0E0,0E0,0E0,0E0,0E0,0E0],"parents":[2147483647,0,0,1,1,2,2,3,3,4,4,5,5],"right_children":[2,4,6,8,10,12,-1,-1,-1,-1,-1,-1,-1],"split_conditions":[7.029443E-1,3.0206713E-1,1E0,1.9860093E-1,5.011985E-1,8.0455005E-1,3.3661577E-1,-3.5196304E-1,-9.323559E-2,-4.1385904E-2,-6.9869994E-3,2.267456E-2,8.847351E-2],"split_indices":[0,0,0,0,0,0,0,0,0,0,0,0,0],"split_type":[0,0,0,0,0,0,0,0,0,0,0,0,0],"sum_hessian":[9E0,5E0,4E0,2E0,3E0,3E0,1E0,1E0,1E0,2E0,1E0,1E0,2E0],"tree_param":{"num_deleted":"0","num_feature":"2","num_nodes":"13","size_leaf_vector":"1"}},{"base_weights":[-4.4653703E-2,-1.625054E0,1.8607575E0,-2.8195915E0,-3.2288742E-1,7.2702026E-1,3.1978533E-1,-3.343649E-1,-8.8573836E-2,-3.8626608E-2,-6.6375732E-3,2.1540834E-2,8.2575485E-2],"categories":[],"categories_nodes":[],"categories_segments":[],"categories_sizes":[],"default_left":[0,0,0,0,0,0,0,0,0,0,0,0,0],"id":49,"left_children":[1,3,5,7,9,11,-1,-1,-1,-1,-1,-1,-1],"loss_changes":[3.3136955E1,8.422509E0,5.254669E0,7.875252E-2,3.9390743E-2,2.418065E-2,0E0,0E0,0E0,0E0,0E0,0E0,0E0],"parents":[2147483647,0,0,1,1,2,2,3,3,4,4,5,5],"right_children":[2,4,6,8,10,12,-1,-1,-1,-1,-1,-1,-1],"split_conditions":[7.029443E-1,3.0206713E-1,1E0,1.9860093E-1,5.011985E-1,8.0455005E-1,3.1978533E-1,-3.343649E-1,-8.8573836E-2,-3.8626608E-2,-6.6375732E-3,2.1540834E-2,8.2575485E-2],"split_indices":[0,0,0,0,0,0,0,0,0,0,0,0,0],"split_type":[0,0,0,0,0,0,0,0,0,0,0,0,0],"sum_hessian":[9E0,5E0,4E0,2E0,3E0,3E0,1E0,1E0,1E0,2E0,1E0,1E0,2E0],"tree_param":{"num_deleted":"0","num_feature":"2","num_nodes":"13","size_leaf_vector":"1"}},{"base_weights":[-4.4618987E-2,-1.5405821E0,1.7594604E0,-2.6786118E0,-3.0191422E-1,6.803436E-1,3.0379638E-1,-3.176466E-1,-8.4145166E-2,-3.6051434E-2,-6.3056946E-3,2.0463562E-2,7.707011E-2],"categories":[],"categories_nodes":[],"categories_segments":[],"categories_sizes":[],"default_left":[0,0,0,0,0,0,0,0,0,0,0,0,0],"id":50,"left_children":[1,3,5,7,9,11,-1,-1,-1,-1,-1,-1,-1],"loss_changes":[2.9698954E1,7.6491327E0,4.8314123E0,7.107353E-2,3.325534E-2,1.4222145E-2,0E0,0E0,0E0,0E0,0E0,0E0,0E0],"parents":[2147483647,0,0,1,1,2,2,3,3,4,4,5,5],"right_children":[2,4,6,8,10,12,-1,-1,-1,-1,-1,-1,-1],"split_conditions":[7.029443E-1,3.0206713E-1,1E0,1.9860093E-1,5.011985E-1,8.0455005E-1,3.0379638E-1,-3.176466E-1,-8.4145166E-2,-3.6051434E-2,-6.3056946E-3,2.0463562E-2,7.707011E-2],"split_indices":[0,0,0,0,0,0,0,0,0,0,0,0,0],"split_type":[0,0,0,0,0,0,0,0,0,0,0,0,0],"sum_hessian":[9E0,5E0,4E0,2E0,3E0,3E0,1E0,1E0,1E0,2E0,1E0,1E0,2E0],"tree_param":{"num_deleted":"0","num_feature":"2","num_nodes":"13","size_leaf_vector":"1"}},{"base_weights":[-4.4440843E-2,-1.4605503E0,1.6637787E0,-2.5446815E0,-2.823143E-1,6.3669205E-1,2.8860626E-1,-3.017643E-1,-7.9937935E-2,-3.3648174E-2,-5.9906007E-3,1.9440461E-2,7.1931966E-2],"categories":[],"categories_nodes":[],"categories_segments":[],"categories_sizes":[],"default_left":[0,0,0,0,0,0,0,0,0,0,0,0,0],"id":51,"left_children":[1,3,5,7,9,11,-1,-1,-1,-1,-1,-1,-1],"loss_changes":[2.662029E1,6.945775E0,4.4394245E0,6.414032E-2,2.8031856E-2,6.3415766E-3,0E0,0E0,0E0,0E0,0E0,0E0,0E0],"parents":[2147483647,0,0,1,1,2,2,3,3,4,4,5,5],"right_children":[2,4,6,8,10,12,-1,-1,-1,-1,-1,-1,-1],"split_conditions":[7.029443E-1,3.0206713E-1,1E0,1.9860093E-1,5.011985E-1,8.0455005E-1,2.8860626E-1,-3.017643E-1,-7.9937935E-2,-3.3648174E-2,-5.9906007E-3,1.9440461E-2,7.1931966E-2],"split_indices":[0,0,0,0,0,0,0,0,0,0,0,0,0],"split_type":[0,0,0,0,0,0,0,0,0,0,0,0,0],"sum_hessian":[9E0,5E0,4E0,2E0,3E0,3E0,1E0,1E0,1E0,2E0,1E0,1E0,2E0],"tree_param":{"num_deleted":"0","num_feature":"2","num_nodes":"13","size_leaf_vector":"1"}},{"base_weights":[-4.4132996E-2,-1.3847198E0,1.5733979E0,-2.4174473E0,-2.6399422E-1,5.9586716E-1,2.7417603E-1,-2.8667602E-1,-7.5941086E-2,-3.1405132E-2,-5.691147E-3,1.8468475E-2,6.713664E-2],"categories":[],"categories_nodes":[],"categories_segments":[],"categories_sizes":[],"default_left":[0,0,0,0,0,0,0,0,0,0,0,0,0],"id":52,"left_children":[1,3,5,7,9,11,-1,-1,-1,-1,-1,-1,-1],"loss_changes":[2.3863121E1,6.3062334E0,4.076825E0,5.788231E-2,2.3590714E-2,1.847744E-4,0E0,0E0,0E0,0E0,0E0,0E0,0E0],"parents":[2147483647,0,0,1,1,2,2,3,3,4,4,5,5],"right_children":[2,4,6,8,10,12,-1,-1,-1,-1,-1,-1,-1],"split_conditions":[7.029443E-1,3.0206713E-1,1E0,1.9860093E-1,5.011985E-1,8.0455005E-1,2.7417603E-1,-2.8667602E-1,-7.5941086E-2,-3.1405132E-2,-5.691147E-3,1.8468475E-2,6.713664E-2],"split_indices":[0,0,0,0,0,0,0,0,0,0,0,0,0],"split_type":[0,0,0,0,0,0,0,0,0,0,0,0,0],"sum_hessian":[9E0,5E0,4E0,2E0,3E0,3E0,1E0,1E0,1E0,2E0,1E0,1E0,2E0],"tree_param":{"num_deleted":"0","num_feature":"2","num_nodes":"13","size_leaf_vector":"1"}},{"base_weights":[-4.3712996E-2,-1.3128681E0,1.4880158E0,-2.2965763E0,-2.4687004E-1,5.5768203E-2,2.6046753E-1,-2.723423E-1,-7.214413E-2,-2.9311625E-2,-5.4065706E-3],"categories":[],"categories_nodes":[],"categories_segments":[],"categories_sizes":[],"default_left":[0,0,0,0,0,0,0,0,0,0,0],"id":53,"left_children":[1,3,5,7,9,-1,-1,-1,-1,-1,-1],"loss_changes":[2.1393583E1,5.7248297E0,3.7417488E0,5.2233696E-2,1.9818336E-2,0E0,0E0,0E0,0E0,0E0,0E0],"parents":[2147483647,0,0,1,1,2,2,3,3,4,4],"right_children":[2,4,6,8,10,-1,-1,-1,-1,-1,-1],"split_conditions":[7.029443E-1,3.0206713E-1,1E0,1.9860093E-1,5.011985E-1,5.5768203E-2,2.6046753E-1,-2.723423E-1,-7.214413E-2,-2.9311625E-2,-5.4065706E-3],"split_indices":[0,0,0,0,0,0,0,0,0,0,0],"split_type":[0,0,0,0,0,0,0,0,0,0,0],"sum_hessian":[9E0,5E0,4E0,2E0,3E0,3E0,1E0,1E0,1E0,2E0,1E0],"tree_param":{"num_deleted":"0","num_feature":"2","num_nodes":"11","size_leaf_vector":"1"}},{"base_weights":[-4.5639038E-2,-1.2447815E0,1.4024597E0,-2.1817474E0,-2.3086166E-1,5.158539E-1,2.4744415E-1,-2.5872517E-1,-6.853695E-2,-2.7357483E-2,-5.1361085E-3,1.4756775E-2,5.8942672E-2],"categories":[],"categories_nodes":[],"categories_segments":[],"categories_sizes":[],"default_left":[0,0,0,0,0,0,0,0,0,0,0,0,0],"id":54,"left_children":[1,3,5,7,9,11,-1,-1,-1,-1,-1,-1,-1],"loss_changes":[1.9110521E1,5.196369E0,3.4756756E0,4.7138214E-2,1.661706E-2,2.1403074E-2,0E0,0E0,0E0,0E0,0E0,0E0,0E0],"parents":[2147483647,0,0,1,1,2,2,3,3,4,4,5,5],"right_children":[2,4,6,8,10,12,-1,-1,-1,-1,-1,-1,-1],"split_conditions":[7.029443E-1,3.0206713E-1,1E0,1.9860093E-1,5.011985E-1,8.0455005E-1,2.4744415E-1,-2.5872517E-1,-6.853695E-2,-2.7357483E-2,-5.1361085E-3,1.4756775E-2,5.8942672E-2],"split_indices":[0,0,0,0,0,0,0,0,0,0,0,0,0],"split_type":[0,0,0,0,0,0,0,0,0,0,0,0,0],"sum_hessian":[9E0,5E0,4E0,2E0,3E0,3E0,1E0,1E0,1E0,2E0,1E0,1E0,2E0],"tree_param":{"num_deleted":"0","num_feature":"2","num_nodes":"13","size_leaf_vector":"1"}},{"base_weights":[-4.4937134E-2,-1.1802622E0,1.3264405E0,-2.0726597E0,-2.1589851E-1,4.8269272E-1,2.3507157E-1,-2.4578896E-1,-6.511002E-2,-2.5533548E-2,-4.879379E-3,1.4019012E-2,5.501302E-2],"categories":[],"categories_nodes":[],"categories_segments":[],"categories_sizes":[],"default_left":[0,0,0,0,0,0,0,0,0,0,0,0,0],"id":55,"left_children":[1,3,5,7,9,11,-1,-1,-1,-1,-1,-1,-1],"loss_changes":[1.7135141E1,4.716092E0,3.1864758E0,4.2549133E-2,1.3901621E-2,1.5267193E-2,0E0,0E0,0E0,0E0,0E0,0E0,0E0],"parents":[2147483647,0,0,1,1,2,2,3,3,4,4,5,5],"right_children":[2,4,6,8,10,12,-1,-1,-1,-1,-1,-1,-1],"split_conditions":[7.029443E-1,3.0206713E-1,1E0,1.9860093E-1,5.011985E-1,8.0455005E-1,2.3507157E-1,-2.4578896E-1,-6.511002E-2,-2.5533548E-2,-4.879379E-3,1.4019012E-2,5.501302E-2],"split_indices":[0,0,0,0,0,0,0,0,0,0,0,0,0],"split_type":[0,0,0,0,0,0,0,0,0,0,0,0,0],"sum_hessian":[9E0,5E0,4E0,2E0,3E0,3E0,1E0,1E0,1E0,2E0,1E0,1E0,2E0],"tree_param":{"num_deleted":"0","num_feature":"2","num_nodes":"13","size_leaf_vector":"1"}},{"base_weights":[-4.4163514E-2,-1.1191202E0,1.2546173E0,-1.9690272E0,-2.0191002E-1,2.0319622E-2,1.8878327E-1,-2.3349953E-1,-6.1854552E-2,-2.3831178E-2,-4.6352386E-3],"categories":[],"categories_nodes":[],"categories_segments":[],"categories_sizes":[],"default_left":[0,0,0,0,0,0,0,0,0,0,0],"id":56,"left_children":[1,3,5,7,9,-1,-1,-1,-1,-1,-1],"loss_changes":[1.53654E1,4.279693E0,2.94528E0,3.8398743E-2,1.1603966E-2,0E0,0E0,0E0,0E0,0E0,0E0],"parents":[2147483647,0,0,1,1,2,2,3,3,4,4],"right_children":[2,4,6,8,10,-1,-1,-1,-1,-1,-1],"split_conditions":[7.029443E-1,3.0206713E-1,9.038267E-1,1.9860093E-1,5.011985E-1,2.0319622E-2,1.8878327E-1,-2.3349953E-1,-6.1854552E-2,-2.3831178E-2,-4.6352386E-3],"split_indices":[0,0,0,0,0,0,0,0,0,0,0],"split_type":[0,0,0,0,0,0,0,0,0,0,0],"sum_hessian":[9E0,5E0,4E0,2E0,3E0,2E0,2E0,1E0,1E0,2E0,1E0],"tree_param":{"num_deleted":"0","num_feature":"2","num_nodes":"11","size_leaf_vector":"1"}},{"base_weights":[-5.1218413E-2,-1.870575E0,6.374426E-1,-2.2182445E-1,-5.8761787E-2,-3.1065622E-2,1.7619781E0,-1.8883324E-1,1.896464E-2,5.041809E-2,2.1387863E-1,-2.224223E-2,-4.4033052E-3],"categories":[],"categories_nodes":[],"categories_segments":[],"categories_sizes":[],"default_left":[0,0,0,0,0,0,0,0,0,0,0,0,0],"id":57,"left_children":[1,3,5,-1,-1,7,9,11,-1,-1,-1,-1,-1],"loss_changes":[1.3721582E1,3.4656525E-2,6.0688267E0,0E0,0E0,2.4473879E-1,3.4351063E-1,9.66087E-3,0E0,0E0,0E0,0E0,0E0],"parents":[2147483647,0,0,1,1,2,2,5,5,6,6,7,7],"right_children":[2,4,6,-1,-1,8,10,12,-1,-1,-1,-1,-1],"split_conditions":[3.0206713E-1,1.9860093E-1,9.038267E-1,-2.2182445E-1,-5.8761787E-2,7.029443E-1,1E0,5.011985E-1,1.896464E-2,5.041809E-2,2.1387863E-1,-2.224223E-2,-4.4033052E-3],"split_indices":[0,0,0,0,0,0,0,0,0,0,0,0,0],"split_type":[0,0,0,0,0,0,0,0,0,0,0,0,0],"sum_hessian":[9E0,2E0,7E0,1E0,1E0,5E0,2E0,3E0,2E0,1E0,1E0,2E0,1E0],"tree_param":{"num_deleted":"0","num_feature":"2","num_nodes":"13","size_leaf_vector":"1"}},{"base_weights":[-4.849472E-2,-1.7770462E0,6.057739E-1,-2.1073322E-1,-5.582371E-2,-2.9240927E-2,1.673879E0,-1.7661285E-1,1.7700195E-2,4.789734E-2,2.0318452E-1,-2.0759583E-2,-4.183197E-3],"categories":[],"categories_nodes":[],"categories_segments":[],"categories_sizes":[],"default_left":[0,0,0,0,0,0,0,0,0,0,0,0,0],"id":58,"left_children":[1,3,5,-1,-1,7,9,11,-1,-1,-1,-1,-1],"loss_changes":[1.2385859E1,3.1276703E-2,5.475045E0,0E0,0E0,2.136273E-1,3.1000805E-1,8.0194995E-3,0E0,0E0,0E0,0E0,0E0],"parents":[2147483647,0,0,1,1,2,2,5,5,6,6,7,7],"right_children":[2,4,6,-1,-1,8,10,12,-1,-1,-1,-1,-1],"split_conditions":[3.0206713E-1,1.9860093E-1,9.038267E-1,-2.1073322E-1,-5.582371E-2,7.029443E-1,1E0,5.011985E-1,1.7700195E-2,4.789734E-2,2.0318452E-1,-2.0759583E-2,-4.183197E-3],"split_indices":[0,0,0,0,0,0,0,0,0,0,0,0,0],"split_type":[0,0,0,0,0,0,0,0,0,0,0,0,0],"sum_hessian":[9E0,2E0,7E0,1E0,1E0,5E0,2E0,3E0,2E0,1E0,1E0,2E0,1E0],"tree_param":{"num_deleted":"0","num_feature":"2","num_nodes":"13","size_leaf_vector":"1"}},{"base_weights":[-4.591751E-2,-1.6881943E0,5.7567596E-1,-2.0019665E-1,-5.3032495E-2,-2.7524313E-2,1.5901846E0,-1.6518784E-1,1.6520184E-2,4.5502473E-2,1.9302522E-1,-1.9375611E-2,-3.974152E-3],"categories":[],"categories_nodes":[],"categories_segments":[],"categories_sizes":[],"default_left":[0,0,0,0,0,0,0,0,0,0,0,0,0],"id":59,"left_children":[1,3,5,-1,-1,7,9,11,-1,-1,-1,-1,-1],"loss_changes":[1.1180139E1,2.822876E-2,4.9393835E0,0E0,0E0,1.864775E-1,2.7978086E-1,6.6349804E-3,0E0,0E0,0E0,0E0,0E0],"parents":[2147483647,0,0,1,1,2,2,5,5,6,6,7,7],"right_children":[2,4,6,-1,-1,8,10,12,-1,-1,-1,-1,-1],"split_conditions":[3.0206713E-1,1.9860093E-1,9.038267E-1,-2.0019665E-1,-5.3032495E-2,7.029443E-1,1E0,5.011985E-1,1.6520184E-2,4.5502473E-2,1.9302522E-1,-1.9375611E-2,-3.974152E-3],"split_indices":[0,0,0,0,0,0,0,0,0,0,0,0,0],"split_type":[0,0,0,0,0,0,0,0,0,0,0,0,0],"sum_hessian":[9E0,2E0,7E0,1E0,1E0,5E0,2E0,3E0,2E0,1E0,1E0,2E0,1E0],"tree_param":{"num_deleted":"0","num_feature":"2","num_nodes":"13","size_leaf_vector":"1"}},{"base_weights":[-4.3479156E-2,-1.6037852E0,5.470705E-1,-1.9018689E-1,-5.0380897E-2,-2.5910696E-2,1.510676E0,-1.5450478E-1,1.5418499E-2,4.3227386E-2,1.8337403E-1,-1.8083699E-2,-3.775406E-3],"categories":[],"categories_nodes":[],"categories_segments":[],"categories_sizes":[],"default_left":[0,0,0,0,0,0,0,0,0,0,0,0,0],"id":60,"left_children":[1,3,5,-1,-1,7,9,11,-1,-1,-1,-1,-1],"loss_changes":[1.0091765E1,2.5475979E-2,4.456166E0,0E0,0E0,1.6277774E-1,2.525015E-1,5.469896E-3,0E0,0E0,0E0,0E0,0E0],"parents":[2147483647,0,0,1,1,2,2,5,5,6,6,7,7],"right_children":[2,4,6,-1,-1,8,10,12,-1,-1,-1,-1,-1],"split_conditions":[3.0206713E-1,1.9860093E-1,9.038267E-1,-1.9018689E-1,-5.0380897E-2,7.029443E-1,1E0,5.011985E-1,1.5418499E-2,4.3227386E-2,1.8337403E-1,-1.8083699E-2,-3.775406E-3],"split_indices":[0,0,0,0,0,0,0,0,0,0,0,0,0],"split_type":[0,0,0,0,0,0,0,0,0,0,0,0,0],"sum_hessian":[9E0,2E0,7E0,1E0,1E0,5E0,2E0,3E0,2E0,1E0,1E0,2E0,1E0],"tree_param":{"num_deleted":"0","num_feature":"2","num_nodes":"13","size_leaf_vector":"1"}},{"base_weights":[-4.1171648E-2,-1.2419062E0,6.5084404E-1,-1.8067761E-1,-4.513575E-2,1.7863464E-1,1.7420502E-1,-6.041463E-3,3.1326294E-1,8.87146E-3,3.5854086E-2],"categories":[],"categories_nodes":[],"categories_segments":[],"categories_sizes":[],"default_left":[0,0,0,0,0,0,0,0,0,0,0],"id":61,"left_children":[1,3,5,-1,-1,7,-1,-1,9,-1,-1],"loss_changes":[9.117559E0,9.70726E-1,3.295754E0,0E0,0E0,2.1202244E-1,0E0,0E0,8.860558E-3,0E0,0E0],"parents":[2147483647,0,0,1,1,2,2,5,5,8,8],"right_children":[2,4,6,-1,-1,8,-1,-1,10,-1,-1],"split_conditions":[4.0168795E-1,1.9860093E-1,1E0,-1.8067761E-1,-4.513575E-2,7.029443E-1,1.7420502E-1,-6.041463E-3,8.0455005E-1,8.87146E-3,3.5854086E-2],"split_indices":[0,0,0,0,0,0,0,0,0,0,0],"split_type":[0,0,0,0,0,0,0,0,0,0,0],"sum_hessian":[9E0,3E0,6E0,1E0,2E0,5E0,1E0,2E0,3E0,1E0,2E0],"tree_param":{"num_deleted":"0","num_feature":"2","num_nodes":"11","size_leaf_vector":"1"}},{"base_weights":[-3.8347244E-2,-1.4483248E0,4.9518776E-1,-1.7164364E-1,-4.560509E-2,-2.230835E-2,1.3651174E0,-1.3021469E-1,1.2900288E-2,3.9273072E-2,1.6549455E-1,-1.7584993E-2,-5.638631E-3],"categories":[],"categories_nodes":[],"categories_segments":[],"categories_sizes":[],"default_left":[0,0,0,0,0,0,0,0,0,0,0,0,0],"id":62,"left_children":[1,3,5,-1,-1,7,9,11,-1,-1,-1,-1,-1],"loss_changes":[8.239917E0,1.5337944E-2,3.6319354E0,0E0,0E0,1.1476272E-1,1.955266E-1,3.5611764E-3,0E0,0E0,0E0,0E0,0E0],"parents":[2147483647,0,0,1,1,2,2,5,5,6,6,7,7],"right_children":[2,4,6,-1,-1,8,10,12,-1,-1,-1,-1,-1],"split_conditions":[3.0206713E-1,1.9860093E-1,9.038267E-1,-1.7164364E-1,-4.560509E-2,7.029443E-1,1E0,4.0168795E-1,1.2900288E-2,3.9273072E-2,1.6549455E-1,-1.7584993E-2,-5.638631E-3],"split_indices":[0,0,0,0,0,0,0,0,0,0,0,0,0],"split_type":[0,0,0,0,0,0,0,0,0,0,0,0,0],"sum_hessian":[9E0,2E0,7E0,1E0,1E0,5E0,2E0,3E0,2E0,1E0,1E0,1E0,2E0],"tree_param":{"num_deleted":"0","num_feature":"2","num_nodes":"13","size_leaf_vector":"1"}},{"base_weights":[-3.6792375E-2,-1.3759092E0,4.6997547E-1,-1.6306153E-1,-4.3324854E-2,-2.1795908E-2,1.2968597E0,-1.2299919E-1,1.2040711E-2,3.7309267E-2,1.572197E-1,-1.6705705E-2,-5.2627563E-3],"categories":[],"categories_nodes":[],"categories_segments":[],"categories_sizes":[],"default_left":[0,0,0,0,0,0,0,0,0,0,0,0,0],"id":63,"left_children":[1,3,5,-1,-1,7,9,11,-1,-1,-1,-1,-1],"loss_changes":[7.4328566E0,1.3842583E-2,3.2813706E0,0E0,0E0,1.0115845E-1,1.7646694E-1,3.6098883E-3,0E0,0E0,0E0,0E0,0E0],"parents":[2147483647,0,0,1,1,2,2,5,5,6,6,7,7],"right_children":[2,4,6,-1,-1,8,10,12,-1,-1,-1,-1,-1],"split_conditions":[3.0206713E-1,1.9860093E-1,9.038267E-1,-1.6306153E-1,-4.3324854E-2,7.029443E-1,1E0,4.0168795E-1,1.2040711E-2,3.7309267E-2,1.572197E-1,-1.6705705E-2,-5.2627563E-3],"split_indices":[0,0,0,0,0,0,0,0,0,0,0,0,0],"split_type":[0,0,0,0,0,0,0,0,0,0,0,0,0],"sum_hessian":[9E0,2E0,7E0,1E0,1E0,5E0,2E0,3E0,2E0,1E0,1E0,1E0,2E0],"tree_param":{"num_deleted":"0","num_feature":"2","num_nodes":"13","size_leaf_vector":"1"}},{"base_weights":[-3.529129E-2,-1.3071136E0,4.460535E-1,-1.5490837E-1,-4.1158676E-2,-2.126948E-2,1.232015E0,-1.1618996E-1,1.1238098E-2,3.544388E-2,1.4935838E-1,-1.5870286E-2,-4.911804E-3],"categories":[],"categories_nodes":[],"categories_segments":[],"categories_sizes":[],"default_left":[0,0,0,0,0,0,0,0,0,0,0,0,0],"id":64,"left_children":[1,3,5,-1,-1,7,9,11,-1,-1,-1,-1,-1],"loss_changes":[6.704893E0,1.2489319E-2,2.964587E0,0E0,0E0,8.917453E-2,1.592555E-1,3.610514E-3,0E0,0E0,0E0,0E0,0E0],"parents":[2147483647,0,0,1,1,2,2,5,5,6,6,7,7],"right_children":[2,4,6,-1,-1,8,10,12,-1,-1,-1,-1,-1],"split_conditions":[3.0206713E-1,1.9860093E-1,9.038267E-1,-1.5490837E-1,-4.1158676E-2,7.029443E-1,1E0,4.0168795E-1,1.1238098E-2,3.544388E-2,1.4935838E-1,-1.5870286E-2,-4.911804E-3],"split_indices":[0,0,0,0,0,0,0,0,0,0,0,0,0],"split_type":[0,0,0,0,0,0,0,0,0,0,0,0,0],"sum_hessian":[9E0,2E0,7E0,1E0,1E0,5E0,2E0,3E0,2E0,1E0,1E0,1E0,2E0],"tree_param":{"num_deleted":"0","num_feature":"2","num_nodes":"13","size_leaf_vector":"1"}},{"base_weights":[-3.384285E-2,-1.241759E0,4.2335606E-1,-1.4716302E-1,-3.9100837E-2,-2.073288E-2,1.1704153E0,-1.0976601E-1,1.0488892E-2,3.367157E-2,1.4189072E-1,-1.5076828E-2,-4.5842486E-3],"categories":[],"categories_nodes":[],"categories_segments":[],"categories_sizes":[],"default_left":[0,0,0,0,0,0,0,0,0,0,0,0,0],"id":65,"left_children":[1,3,5,-1,-1,7,9,11,-1,-1,-1,-1,-1],"loss_changes":[6.0482855E0,1.1269569E-2,2.6783524E0,0E0,0E0,7.862025E-2,1.4373446E-1,3.572449E-3,0E0,0E0,0E0,0E0,0E0],"parents":[2147483647,0,0,1,1,2,2,5,5,6,6,7,7],"right_children":[2,4,6,-1,-1,8,10,12,-1,-1,-1,-1,-1],"split_conditions":[3.0206713E-1,1.9860093E-1,9.038267E-1,-1.4716302E-1,-3.9100837E-2,7.029443E-1,1E0,4.0168795E-1,1.0488892E-2,3.367157E-2,1.4189072E-1,-1.5076828E-2,-4.5842486E-3],"split_indices":[0,0,0,0,0,0,0,0,0,0,0,0,0],"split_type":[0,0,0,0,0,0,0,0,0,0,0,0,0],"sum_hessian":[9E0,2E0,7E0,1E0,1E0,5E0,2E0,3E0,2E0,1E0,1E0,1E0,2E0],"tree_param":{"num_deleted":"0","num_feature":"2","num_nodes":"13","size_leaf_vector":"1"}},{"base_weights":[-3.2445144E-2,-1.1796709E0,4.0182018E-1,-1.3980484E-1,-3.7145805E-2,-2.0186106E-2,1.1118927E0,-1.0370445E-1,9.79004E-3,3.1987764E-2,1.3479614E-1,-1.23176575E-2,-2.2644044E-3],"categories":[],"categories_nodes":[],"categories_segments":[],"categories_sizes":[],"default_left":[0,0,0,0,0,0,0,0,0,0,0,0,0],"id":66,"left_children":[1,3,5,-1,-1,7,9,11,-1,-1,-1,-1,-1],"loss_changes":[5.45602E0,1.0169983E-2,2.4196854E0,0E0,0E0,6.932704E-2,1.297276E-1,3.5244562E-3,0E0,0E0,0E0,0E0,0E0],"parents":[2147483647,0,0,1,1,2,2,5,5,6,6,7,7],"right_children":[2,4,6,-1,-1,8,10,12,-1,-1,-1,-1,-1],"split_conditions":[3.0206713E-1,1.9860093E-1,9.038267E-1,-1.3980484E-1,-3.7145805E-2,7.029443E-1,1E0,5.011985E-1,9.79004E-3,3.1987764E-2,1.3479614E-1,-1.23176575E-2,-2.2644044E-3],"split_indices":[0,0,0,0,0,0,0,0,0,0,0,0,0],"split_type":[0,0,0,0,0,0,0,0,0,0,0,0,0],"sum_hessian":[9E0,2E0,7E0,1E0,1E0,5E0,2E0,3E0,2E0,1E0,1E0,2E0,1E0],"tree_param":{"num_deleted":"0","num_feature":"2","num_nodes":"13","size_leaf_vector":"1"}},{"base_weights":[-3.0696869E-2,-1.1206869E0,3.8188648E-1,-1.328146E-1,-3.528843E-2,-1.8967947E-2,1.0562998E0,-9.697914E-2,9.136963E-3,3.0388642E-2,1.2805633E-1,-1.370697E-2,-3.792572E-3],"categories":[],"categories_nodes":[],"categories_segments":[],"categories_sizes":[],"default_left":[0,0,0,0,0,0,0,0,0,0,0,0,0],"id":67,"left_children":[1,3,5,-1,-1,7,9,11,-1,-1,-1,-1,-1],"loss_changes":[4.9250927E0,9.181023E-3,2.1827683E0,0E0,0E0,6.050634E-2,1.17070675E-1,4.2714737E-3,0E0,0E0,0E0,0E0,0E0],"parents":[2147483647,0,0,1,1,2,2,5,5,6,6,7,7],"right_children":[2,4,6,-1,-1,8,10,12,-1,-1,-1,-1,-1],"split_conditions":[3.0206713E-1,1.9860093E-1,9.038267E-1,-1.328146E-1,-3.528843E-2,7.029443E-1,1E0,4.0168795E-1,9.136963E-3,3.0388642E-2,1.2805633E-1,-1.370697E-2,-3.792572E-3],"split_indices":[0,0,0,0,0,0,0,0,0,0,0,0,0],"split_type":[0,0,0,0,0,0,0,0,0,0,0,0,0],"sum_hessian":[9E0,2E0,7E0,1E0,1E0,5E0,2E0,3E0,2E0,1E0,1E0,1E0,2E0],"tree_param":{"num_deleted":"0","num_feature":"2","num_nodes":"13","size_leaf_vector":"1"}},{"base_weights":[-2.9429626E-2,-1.0646515E0,3.6245728E-1,-1.2617378E-1,-3.3523943E-2,-1.8465677E-2,1.0034841E0,-9.165573E-2,8.527628E-3,2.8868867E-2,1.2165375E-1,-1.3021469E-2,-3.5397846E-3],"categories":[],"categories_nodes":[],"categories_segments":[],"categories_sizes":[],"default_left":[0,0,0,0,0,0,0,0,0,0,0,0,0],"id":68,"left_children":[1,3,5,-1,-1,7,9,11,-1,-1,-1,-1,-1],"loss_changes":[4.44279E0,8.287191E-3,1.9719846E0,0E0,0E0,5.3373337E-2,1.0566807E-1,4.067663E-3,0E0,0E0,0E0,0E0,0E0],"parents":[2147483647,0,0,1,1,2,2,5,5,6,6,7,7],"right_children":[2,4,6,-1,-1,8,10,12,-1,-1,-1,-1,-1],"split_conditions":[3.0206713E-1,1.9860093E-1,9.038267E-1,-1.2617378E-1,-3.3523943E-2,7.029443E-1,1E0,4.0168795E-1,8.527628E-3,2.8868867E-2,1.2165375E-1,-1.3021469E-2,-3.5397846E-3],"split_indices":[0,0,0,0,0,0,0,0,0,0,0,0,0],"split_type":[0,0,0,0,0,0,0,0,0,0,0,0,0],"sum_hessian":[9E0,2E0,7E0,1E0,1E0,5E0,2E0,3E0,2E0,1E0,1E0,1E0,2E0],"tree_param":{"num_deleted":"0","num_feature":"2","num_nodes":"13","size_leaf_vector":"1"}},{"base_weights":[-2.820816E-2,-1.0114187E0,3.440218E-1,-1.1986504E-1,-3.1847764E-2,-1.7958323E-2,9.533081E-1,-8.662987E-2,7.958985E-3,2.7425384E-2,1.15570836E-1,-1.23703005E-2,-3.3037823E-3],"categories":[],"categories_nodes":[],"categories_segments":[],"categories_sizes":[],"default_left":[0,0,0,0,0,0,0,0,0,0,0,0,0],"id":69,"left_children":[1,3,5,-1,-1,7,9,11,-1,-1,-1,-1,-1],"loss_changes":[4.007754E0,7.4784756E-3,1.781516E0,0E0,0E0,4.7087554E-2,9.536481E-2,3.8604233E-3,0E0,0E0,0E0,0E0,0E0],"parents":[2147483647,0,0,1,1,2,2,5,5,6,6,7,7],"right_children":[2,4,6,-1,-1,8,10,12,-1,-1,-1,-1,-1],"split_conditions":[3.0206713E-1,1.9860093E-1,9.038267E-1,-1.1986504E-1,-3.1847764E-2,7.029443E-1,1E0,4.0168795E-1,7.958985E-3,2.7425384E-2,1.15570836E-1,-1.23703005E-2,-3.3037823E-3],"split_indices":[0,0,0,0,0,0,0,0,0,0,0,0,0],"split_type":[0,0,0,0,0,0,0,0,0,0,0,0,0],"sum_hessian":[9E0,2E0,7E0,1E0,1E0,5E0,2E0,3E0,2E0,1E0,1E0,1E0,2E0],"tree_param":{"num_deleted":"0","num_feature":"2","num_nodes":"13","size_leaf_vector":"1"}},{"base_weights":[-2.7031327E-2,-9.608472E-1,3.2652855E-1,-1.1387177E-1,-3.0255318E-2,-1.7450968E-2,9.056447E-1,-8.188629E-2,7.427979E-3,2.6054382E-2,1.0979233E-1,-1.1751938E-2,-3.083547E-3],"categories":[],"categories_nodes":[],"categories_segments":[],"categories_sizes":[],"default_left":[0,0,0,0,0,0,0,0,0,0,0,0,0],"id":70,"left_children":[1,3,5,-1,-1,7,9,11,-1,-1,-1,-1,-1],"loss_changes":[3.6153424E0,6.7505836E-3,1.6094373E0,0E0,0E0,4.1546702E-2,8.606005E-2,3.6526285E-3,0E0,0E0,0E0,0E0,0E0],"parents":[2147483647,0,0,1,1,2,2,5,5,6,6,7,7],"right_children":[2,4,6,-1,-1,8,10,12,-1,-1,-1,-1,-1],"split_conditions":[3.0206713E-1,1.9860093E-1,9.038267E-1,-1.1387177E-1,-3.0255318E-2,7.029443E-1,1E0,4.0168795E-1,7.427979E-3,2.6054382E-2,1.0979233E-1,-1.1751938E-2,-3.083547E-3],"split_indices":[0,0,0,0,0,0,0,0,0,0,0,0,0],"split_type":[0,0,0,0,0,0,0,0,0,0,0,0,0],"sum_hessian":[9E0,2E0,7E0,1E0,1E0,5E0,2E0,3E0,2E0,1E0,1E0,1E0,2E0],"tree_param":{"num_deleted":"0","num_feature":"2","num_nodes":"13","size_leaf_vector":"1"}},{"base_weights":[-2.5896836E-2,-9.128049E-1,3.099308E-1,-1.0817814E-1,-2.87426E-2,-1.6942343E-2,8.603668E-1,-7.740784E-2,6.9325767E-3,2.4752045E-2,1.0430298E-1,-1.1164474E-2,-2.878062E-3],"categories":[],"categories_nodes":[],"categories_segments":[],"categories_sizes":[],"default_left":[0,0,0,0,0,0,0,0,0,0,0,0,0],"id":71,"left_children":[1,3,5,-1,-1,7,9,11,-1,-1,-1,-1,-1],"loss_changes":[3.2613885E0,6.091118E-3,1.4539589E0,0E0,0E0,3.666382E-2,7.766175E-2,3.4461785E-3,0E0,0E0,0E0,0E0,0E0],"parents":[2147483647,0,0,1,1,2,2,5,5,6,6,7,7],"right_children":[2,4,6,-1,-1,8,10,12,-1,-1,-1,-1,-1],"split_conditions":[3.0206713E-1,1.9860093E-1,9.038267E-1,-1.0817814E-1,-2.87426E-2,7.029443E-1,1E0,4.0168795E-1,6.9325767E-3,2.4752045E-2,1.0430298E-1,-1.1164474E-2,-2.878062E-3],"split_indices":[0,0,0,0,0,0,0,0,0,0,0,0,0],"split_type":[0,0,0,0,0,0,0,0,0,0,0,0,0],"sum_hessian":[9E0,2E0,7E0,1E0,1E0,5E0,2E0,3E0,2E0,1E0,1E0,1E0,2E0],"tree_param":{"num_deleted":"0","num_feature":"2","num_nodes":"13","size_leaf_vector":"1"}},{"base_weights":[-2.4804687E-2,-8.671646E-1,2.9418087E-1,-1.0276928E-1,-2.7305413E-2,-1.6432444E-2,8.173472E-1,-7.3179245E-2,6.4707436E-3,2.3514558E-2,9.908753E-2,-1.0606385E-2,-2.6863099E-3],"categories":[],"categories_nodes":[],"categories_segments":[],"categories_sizes":[],"default_left":[0,0,0,0,0,0,0,0,0,0,0,0,0],"id":72,"left_children":[1,3,5,-1,-1,7,9,11,-1,-1,-1,-1,-1],"loss_changes":[2.94211E0,5.4986477E-3,1.3134502E0,0E0,0E0,3.2361813E-2,7.008505E-2,3.2431465E-3,0E0,0E0,0E0,0E0,0E0],"parents":[2147483647,0,0,1,1,2,2,5,5,6,6,7,7],"right_children":[2,4,6,-1,-1,8,10,12,-1,-1,-1,-1,-1],"split_conditions":[3.0206713E-1,1.9860093E-1,9.038267E-1,-1.0276928E-1,-2.7305413E-2,7.029443E-1,1E0,4.0168795E-1,6.4707436E-3,2.3514558E-2,9.908753E-2,-1.0606385E-2,-2.6863099E-3],"split_indices":[0,0,0,0,0,0,0,0,0,0,0,0,0],"split_type":[0,0,0,0,0,0,0,0,0,0,0,0,0],"sum_hessian":[9E0,2E0,7E0,1E0,1E0,5E0,2E0,3E0,2E0,1E0,1E0,1E0,2E0],"tree_param":{"num_deleted":"0","num_feature":"2","num_nodes":"13","size_leaf_vector":"1"}},{"base_weights":[-2.375412E-2,-8.2380676E-1,2.792349E-1,-9.763088E-2,-2.5940133E-2,-1.5926361E-2,7.7647907E-1,-6.918526E-2,6.039429E-3,2.2338867E-2,9.4133E-2,-1.0076142E-2,-2.5072733E-3],"categories":[],"categories_nodes":[],"categories_segments":[],"categories_sizes":[],"default_left":[0,0,0,0,0,0,0,0,0,0,0,0,0],"id":73,"left_children":[1,3,5,-1,-1,7,9,11,-1,-1,-1,-1,-1],"loss_changes":[2.654107E0,4.9631596E-3,1.1865044E0,0E0,0E0,2.8566914E-2,6.324983E-2,3.0452516E-3,0E0,0E0,0E0,0E0,0E0],"parents":[2147483647,0,0,1,1,2,2,5,5,6,6,7,7],"right_children":[2,4,6,-1,-1,8,10,12,-1,-1,-1,-1,-1],"split_conditions":[3.0206713E-1,1.9860093E-1,9.038267E-1,-9.763088E-2,-2.5940133E-2,7.029443E-1,1E0,4.0168795E-1,6.039429E-3,2.2338867E-2,9.4133E-2,-1.0076142E-2,-2.5072733E-3],"split_indices":[0,0,0,0,0,0,0,0,0,0,0,0,0],"split_type":[0,0,0,0,0,0,0,0,0,0,0,0,0],"sum_hessian":[9E0,2E0,7E0,1E0,1E0,5E0,2E0,3E0,2E0,1E0,1E0,1E0,2E0],"tree_param":{"num_deleted":"0","num_feature":"2","num_nodes":"13","size_leaf_vector":"1"}},{"base_weights":[-2.2742843E-2,-7.826169E-1,2.650528E-1,-9.274941E-2,-2.4643136E-2,-1.5424092E-2,7.3765564E-1,-6.5410614E-2,5.6365966E-3,2.1221925E-2,8.942642E-2,-9.57222E-3,-2.3399354E-3],"categories":[],"categories_nodes":[],"categories_segments":[],"categories_sizes":[],"default_left":[0,0,0,0,0,0,0,0,0,0,0,0,0],"id":74,"left_children":[1,3,5,-1,-1,7,9,11,-1,-1,-1,-1,-1],"loss_changes":[2.3943195E0,4.4795275E-3,1.0718111E0,0E0,0E0,2.5218144E-2,5.7083488E-2,2.8538723E-3,0E0,0E0,0E0,0E0,0E0],"parents":[2147483647,0,0,1,1,2,2,5,5,6,6,7,7],"right_children":[2,4,6,-1,-1,8,10,12,-1,-1,-1,-1,-1],"split_conditions":[3.0206713E-1,1.9860093E-1,9.038267E-1,-9.274941E-2,-2.4643136E-2,7.029443E-1,1E0,4.0168795E-1,5.6365966E-3,2.1221925E-2,8.942642E-2,-9.57222E-3,-2.3399354E-3],"split_indices":[0,0,0,0,0,0,0,0,0,0,0,0,0],"split_type":[0,0,0,0,0,0,0,0,0,0,0,0,0],"sum_hessian":[9E0,2E0,7E0,1E0,1E0,5E0,2E0,3E0,2E0,1E0,1E0,1E0,2E0],"tree_param":{"num_deleted":"0","num_feature":"2","num_nodes":"13","size_leaf_vector":"1"}},{"base_weights":[-2.1769524E-2,-7.434864E-1,2.515955E-1,-8.8111974E-2,-2.3410989E-2,-1.4924367E-2,7.007701E-1,-6.184578E-2,5.2612307E-3,2.0160675E-2,8.4954835E-2,-9.0934755E-3,-2.183787E-3],"categories":[],"categories_nodes":[],"categories_segments":[],"categories_sizes":[],"default_left":[0,0,0,0,0,0,0,0,0,0,0,0,0],"id":75,"left_children":[1,3,5,-1,-1,7,9,11,-1,-1,-1,-1,-1],"loss_changes":[2.1599796E0,4.0426254E-3,9.6817017E-1,0E0,0E0,2.2267345E-2,5.1519275E-2,2.6693344E-3,0E0,0E0,0E0,0E0,0E0],"parents":[2147483647,0,0,1,1,2,2,5,5,6,6,7,7],"right_children":[2,4,6,-1,-1,8,10,12,-1,-1,-1,-1,-1],"split_conditions":[3.0206713E-1,1.9860093E-1,9.038267E-1,-8.8111974E-2,-2.3410989E-2,7.029443E-1,1E0,4.0168795E-1,5.2612307E-3,2.0160675E-2,8.4954835E-2,-9.0934755E-3,-2.183787E-3],"split_indices":[0,0,0,0,0,0,0,0,0,0,0,0,0],"split_type":[0,0,0,0,0,0,0,0,0,0,0,0,0],"sum_hessian":[9E0,2E0,7E0,1E0,1E0,5E0,2E0,3E0,2E0,1E0,1E0,1E0,2E0],"tree_param":{"num_deleted":"0","num_feature":"2","num_nodes":"13","size_leaf_vector":"1"}},{"base_weights":[-2.0836066E-2,-7.063122E-1,2.3882198E-1,-8.370638E-2,-2.2240449E-2,-1.4436086E-2,6.657308E-1,-5.8481216E-2,4.9102786E-3,1.9152833E-2,8.070679E-2,-8.638764E-3,-2.03832E-3],"categories":[],"categories_nodes":[],"categories_segments":[],"categories_sizes":[],"default_left":[0,0,0,0,0,0,0,0,0,0,0,0,0],"id":76,"left_children":[1,3,5,-1,-1,7,9,11,-1,-1,-1,-1,-1],"loss_changes":[1.9485768E0,3.6484003E-3,8.7455535E-1,0E0,0E0,1.9663056E-2,4.649079E-2,2.4918597E-3,0E0,0E0,0E0,0E0,0E0],"parents":[2147483647,0,0,1,1,2,2,5,5,6,6,7,7],"right_children":[2,4,6,-1,-1,8,10,12,-1,-1,-1,-1,-1],"split_conditions":[3.0206713E-1,1.9860093E-1,9.038267E-1,-8.370638E-2,-2.2240449E-2,7.029443E-1,1E0,4.0168795E-1,4.9102786E-3,1.9152833E-2,8.070679E-2,-8.638764E-3,-2.03832E-3],"split_indices":[0,0,0,0,0,0,0,0,0,0,0,0,0],"split_type":[0,0,0,0,0,0,0,0,0,0,0,0,0],"sum_hessian":[9E0,2E0,7E0,1E0,1E0,5E0,2E0,3E0,2E0,1E0,1E0,1E0,2E0],"tree_param":{"num_deleted":"0","num_feature":"2","num_nodes":"13","size_leaf_vector":"1"}},{"base_weights":[-1.9938469E-2,-6.7099696E-1,2.2670078E-1,-7.952108E-2,-2.1128464E-2,-1.3955434E-2,6.324463E-1,-5.5303574E-2,4.582723E-3,1.8195344E-2,7.66716E-2,-8.20694E-3,-1.9025168E-3],"categories":[],"categories_nodes":[],"categories_segments":[],"categories_sizes":[],"default_left":[0,0,0,0,0,0,0,0,0,0,0,0,0],"id":77,"left_children":[1,3,5,-1,-1,7,9,11,-1,-1,-1,-1,-1],"loss_changes":[1.7578814E0,3.2920837E-3,7.8998744E-1,0E0,0E0,1.736582E-2,4.1956067E-2,2.3227017E-3,0E0,0E0,0E0,0E0,0E0],"parents":[2147483647,0,0,1,1,2,2,5,5,6,6,7,7],"right_children":[2,4,6,-1,-1,8,10,12,-1,-1,-1,-1,-1],"split_conditions":[3.0206713E-1,1.9860093E-1,9.038267E-1,-7.952108E-2,-2.1128464E-2,7.029443E-1,1E0,4.0168795E-1,4.582723E-3,1.8195344E-2,7.66716E-2,-8.20694E-3,-1.9025168E-3],"split_indices":[0,0,0,0,0,0,0,0,0,0,0,0,0],"split_type":[0,0,0,0,0,0,0,0,0,0,0,0,0],"sum_hessian":[9E0,2E0,7E0,1E0,1E0,5E0,2E0,3E0,2E0,1E0,1E0,1E0,2E0],"tree_param":{"num_deleted":"0","num_feature":"2","num_nodes":"13","size_leaf_vector":"1"}},{"base_weights":[-1.907444E-2,-6.374467E-1,2.1519947E-1,-7.554503E-2,-2.0071983E-2,-1.3479869E-2,6.00825E-1,-5.2301407E-2,4.2775474E-3,1.7285919E-2,7.283783E-2,-7.7964785E-3,-1.7758688E-3],"categories":[],"categories_nodes":[],"categories_segments":[],"categories_sizes":[],"default_left":[0,0,0,0,0,0,0,0,0,0,0,0,0],"id":78,"left_children":[1,3,5,-1,-1,7,9,11,-1,-1,-1,-1,-1],"loss_changes":[1.5858631E0,2.9720068E-3,7.1357584E-1,0E0,0E0,1.5340729E-2,3.7858367E-2,2.161379E-3,0E0,0E0,0E0,0E0,0E0],"parents":[2147483647,0,0,1,1,2,2,5,5,6,6,7,7],"right_children":[2,4,6,-1,-1,8,10,12,-1,-1,-1,-1,-1],"split_conditions":[3.0206713E-1,1.9860093E-1,9.038267E-1,-7.554503E-2,-2.0071983E-2,7.029443E-1,1E0,4.0168795E-1,4.2775474E-3,1.7285919E-2,7.283783E-2,-7.7964785E-3,-1.7758688E-3],"split_indices":[0,0,0,0,0,0,0,0,0,0,0,0,0],"split_type":[0,0,0,0,0,0,0,0,0,0,0,0,0],"sum_hessian":[9E0,2E0,7E0,1E0,1E0,5E0,2E0,3E0,2E0,1E0,1E0,1E0,2E0],"tree_param":{"num_deleted":"0","num_feature":"2","num_nodes":"13","size_leaf_vector":"1"}},{"base_weights":[-1.824379E-2,-6.055743E-1,2.0428562E-1,-7.176781E-2,-1.9068336E-2,-1.3011932E-2,5.707855E-1,-6.2286377E-2,2.7196884E-2,1.642151E-2,6.919632E-2,-7.406616E-3,-1.9363404E-3,-5.496979E-4,3.992717E-3],"categories":[],"categories_nodes":[],"categories_segments":[],"categories_sizes":[],"default_left":[0,0,0,0,0,0,0,0,0,0,0,0,0,0,0],"id":79,"left_children":[1,3,5,-1,-1,7,9,11,13,-1,-1,-1,-1,-1,-1],"loss_changes":[1.4306934E0,2.6831627E-3,6.4454323E-1,0E0,0E0,1.3581598E-2,3.4170926E-2,8.269679E-5,1.884287E-3,0E0,0E0,0E0,0E0,0E0,0E0],"parents":[2147483647,0,0,1,1,2,2,5,5,6,6,7,7,8,8],"right_children":[2,4,6,-1,-1,8,10,12,14,-1,-1,-1,-1,-1,-1],"split_conditions":[3.0206713E-1,1.9860093E-1,9.038267E-1,-7.176781E-2,-1.9068336E-2,5.011985E-1,1E0,4.0168795E-1,7.029443E-1,1.642151E-2,6.919632E-2,-7.406616E-3,-1.9363404E-3,-5.496979E-4,3.992717E-3],"split_indices":[0,0,0,0,0,0,0,0,0,0,0,0,0,0,0],"split_type":[0,0,0,0,0,0,0,0,0,0,0,0,0,0,0],"sum_hessian":[9E0,2E0,7E0,1E0,1E0,5E0,2E0,2E0,3E0,1E0,1E0,1E0,1E0,1E0,2E0],"tree_param":{"num_deleted":"0","num_feature":"2","num_nodes":"15","size_leaf_vector":"1"}},{"base_weights":[-1.7531777E-2,-5.7529515E-1,1.9382095E-1,-6.817942E-2,-1.8114854E-2,-1.26953125E-2,5.422465E-1,-5.917104E-2,2.5335312E-2,1.5600586E-2,6.573639E-2,-7.036209E-3,-1.8394471E-3,-5.222321E-4,3.7261962E-3],"categories":[],"categories_nodes":[],"categories_segments":[],"categories_sizes":[],"default_left":[0,0,0,0,0,0,0,0,0,0,0,0,0,0,0],"id":80,"left_children":[1,3,5,-1,-1,7,9,11,13,-1,-1,-1,-1,-1,-1],"loss_changes":[1.2903523E0,2.4226904E-3,5.8252835E-1,0E0,0E0,1.2104122E-2,3.0836403E-2,7.472467E-5,1.6523947E-3,0E0,0E0,0E0,0E0,0E0,0E0],"parents":[2147483647,0,0,1,1,2,2,5,5,6,6,7,7,8,8],"right_children":[2,4,6,-1,-1,8,10,12,14,-1,-1,-1,-1,-1,-1],"split_conditions":[3.0206713E-1,1.9860093E-1,9.038267E-1,-6.817942E-2,-1.8114854E-2,5.011985E-1,1E0,4.0168795E-1,7.029443E-1,1.5600586E-2,6.573639E-2,-7.036209E-3,-1.8394471E-3,-5.222321E-4,3.7261962E-3],"split_indices":[0,0,0,0,0,0,0,0,0,0,0,0,0,0,0],"split_type":[0,0,0,0,0,0,0,0,0,0,0,0,0,0,0],"sum_hessian":[9E0,2E0,7E0,1E0,1E0,5E0,2E0,2E0,3E0,1E0,1E0,1E0,1E0,1E0,2E0],"tree_param":{"num_deleted":"0","num_feature":"2","num_nodes":"15","size_leaf_vector":"1"}},{"base_weights":[-1.6840553E-2,-5.4652977E-1,1.8389797E-1,-6.4770415E-2,-1.7209053E-2,-1.2371063E-2,5.151367E-1,-5.621338E-2,2.360344E-2,1.4820862E-2,6.2449645E-2,-6.684494E-3,-1.7475128E-3,-4.9629214E-4,3.4779867E-3],"categories":[],"categories_nodes":[],"categories_segments":[],"categories_sizes":[],"default_left":[0,0,0,0,0,0,0,0,0,0,0,0,0,0,0],"id":81,"left_children":[1,3,5,-1,-1,7,9,11,13,-1,-1,-1,-1,-1,-1],"loss_changes":[1.1637961E0,2.187252E-3,5.2646804E-1,0E0,0E0,1.0790062E-2,2.7825773E-2,6.7420304E-5,1.449689E-3,0E0,0E0,0E0,0E0,0E0,0E0],"parents":[2147483647,0,0,1,1,2,2,5,5,6,6,7,7,8,8],"right_children":[2,4,6,-1,-1,8,10,12,14,-1,-1,-1,-1,-1,-1],"split_conditions":[3.0206713E-1,1.9860093E-1,9.038267E-1,-6.4770415E-2,-1.7209053E-2,5.011985E-1,1E0,4.0168795E-1,7.029443E-1,1.4820862E-2,6.2449645E-2,-6.684494E-3,-1.7475128E-3,-4.9629214E-4,3.4779867E-3],"split_indices":[0,0,0,0,0,0,0,0,0,0,0,0,0,0,0],"split_type":[0,0,0,0,0,0,0,0,0,0,0,0,0,0,0],"sum_hessian":[9E0,2E0,7E0,1E0,1E0,5E0,2E0,2E0,3E0,1E0,1E0,1E0,1E0,1E0,2E0],"tree_param":{"num_deleted":"0","num_feature":"2","num_nodes":"15","size_leaf_vector":"1"}},{"base_weights":[-1.617298E-2,-5.1920384E-1,1.744852E-1,-6.1531927E-2,-1.6348649E-2,-1.2042999E-2,4.8937988E-1,-5.3403217E-2,2.1987915E-2,1.4080048E-2,5.9326936E-2,-6.350327E-3,-1.6601563E-3,-4.7149658E-4,3.246053E-3],"categories":[],"categories_nodes":[],"categories_segments":[],"categories_sizes":[],"default_left":[0,0,0,0,0,0,0,0,0,0,0,0,0,0,0],"id":82,"left_children":[1,3,5,-1,-1,7,9,11,13,-1,-1,-1,-1,-1,-1],"loss_changes":[1.0496628E0,1.9734502E-3,4.7578755E-1,0E0,0E0,9.619382E-3,2.5108576E-2,6.0842372E-5,1.2716462E-3,0E0,0E0,0E0,0E0,0E0,0E0],"parents":[2147483647,0,0,1,1,2,2,5,5,6,6,7,7,8,8],"right_children":[2,4,6,-1,-1,8,10,12,14,-1,-1,-1,-1,-1,-1],"split_conditions":[3.0206713E-1,1.9860093E-1,9.038267E-1,-6.1531927E-2,-1.6348649E-2,5.011985E-1,1E0,4.0168795E-1,7.029443E-1,1.4080048E-2,5.9326936E-2,-6.350327E-3,-1.6601563E-3,-4.7149658E-4,3.246053E-3],"split_indices":[0,0,0,0,0,0,0,0,0,0,0,0,0,0,0],"split_type":[0,0,0,0,0,0,0,0,0,0,0,0,0,0,0],"sum_hessian":[9E0,2E0,7E0,1E0,1E0,5E0,2E0,2E0,3E0,1E0,1E0,1E0,1E0,1E0,2E0],"tree_param":{"num_deleted":"0","num_feature":"2","num_nodes":"15","size_leaf_vector":"1"}},{"base_weights":[-1.5527534E-2,-4.9324355E-1,1.6555691E-1,-5.8455374E-2,-1.5531159E-2,-1.1712392E-2,4.6490988E-1,-5.073293E-2,2.048111E-2,1.3375855E-2,5.636063E-2,-6.0329437E-3,-1.5769958E-3,-4.4784546E-4,3.0293784E-3],"categories":[],"categories_nodes":[],"categories_segments":[],"categories_sizes":[],"default_left":[0,0,0,0,0,0,0,0,0,0,0,0,0,0,0],"id":83,"left_children":[1,3,5,-1,-1,7,9,11,13,-1,-1,-1,-1,-1,-1],"loss_changes":[9.467292E-1,1.7820001E-3,4.299739E-1,0E0,0E0,8.576313E-3,2.2663176E-2,5.5174343E-5,1.1153496E-3,0E0,0E0,0E0,0E0,0E0,0E0],"parents":[2147483647,0,0,1,1,2,2,5,5,6,6,7,7,8,8],"right_children":[2,4,6,-1,-1,8,10,12,14,-1,-1,-1,-1,-1,-1],"split_conditions":[3.0206713E-1,1.9860093E-1,9.038267E-1,-5.8455374E-2,-1.5531159E-2,5.011985E-1,1E0,4.0168795E-1,7.029443E-1,1.3375855E-2,5.636063E-2,-6.0329437E-3,-1.5769958E-3,-4.4784546E-4,3.0293784E-3],"split_indices":[0,0,0,0,0,0,0,0,0,0,0,0,0,0,0],"split_type":[0,0,0,0,0,0,0,0,0,0,0,0,0,0,0],"sum_hessian":[9E0,2E0,7E0,1E0,1E0,5E0,2E0,2E0,3E0,1E0,1E0,1E0,1E0,1E0,2E0],"tree_param":{"num_deleted":"0","num_feature":"2","num_nodes":"15","size_leaf_vector":"1"}},{"base_weights":[-1.4904785E-2,-1.842537E-1,4.4166055E-1,-4.6858215E-1,-1.1380513E-2,1.2706757E-2,5.3542327E-2,-5.5532645E-2,-1.4754677E-2,-4.8194885E-2,1.9075394E-2,-5.7312013E-3,-1.4980317E-3,-4.2533875E-4,2.826945E-2,8.735657E-4,3.366852E-3],"categories":[],"categories_nodes":[],"categories_segments":[],"categories_sizes":[],"default_left":[0,0,0,0,0,0,0,0,0,0,0,0,0,0,0,0,0],"id":84,"left_children":[1,3,5,7,9,-1,-1,-1,-1,11,13,-1,-1,-1,15,-1,-1],"loss_changes":[8.5456604E-1,3.8788942E-1,2.0456314E-2,1.6074181E-3,7.646627E-3,0E0,0E0,0E0,0E0,4.9911905E-5,9.781853E-4,0E0,0E0,0E0,2.2276072E-5,0E0,0E0],"parents":[2147483647,0,0,1,1,2,2,3,3,4,4,9,9,10,10,14,14],"right_children":[2,4,6,8,10,-1,-1,-1,-1,12,14,-1,-1,-1,16,-1,-1],"split_conditions":[9.038267E-1,3.0206713E-1,1E0,1.9860093E-1,5.011985E-1,1.2706757E-2,5.3542327E-2,-5.5532645E-2,-1.4754677E-2,4.0168795E-1,7.029443E-1,-5.7312013E-3,-1.4980317E-3,-4.2533875E-4,8.0455005E-1,8.735657E-4,3.366852E-3],"split_indices":[0,0,0,0,0,0,0,0,0,0,0,0,0,0,0,0,0],"split_type":[0,0,0,0,0,0,0,0,0,0,0,0,0,0,0,0,0],"sum_hessian":[9E0,7E0,2E0,2E0,5E0,1E0,1E0,1E0,1E0,2E0,3E0,1E0,1E0,1E0,2E0,1E0,1E0],"tree_param":{"num_deleted":"0","num_feature":"2","num_nodes":"17","size_leaf_vector":"1"}},{"base_weights":[-1.4160347E-2,-1.7504144E-1,4.1957602E-1,-4.451529E-1,-1.0812123E-2,1.2071229E-2,5.0865173E-2,-5.2756023E-2,-1.4016914E-2,-4.578654E-2,1.812172E-2,-5.4447176E-3,-1.4232636E-3,-4.0397645E-4,2.6855469E-2,8.3007815E-4,3.1982423E-3],"categories":[],"categories_nodes":[],"categories_segments":[],"categories_sizes":[],"default_left":[0,0,0,0,0,0,0,0,0,0,0,0,0,0,0,0,0],"id":85,"left_children":[1,3,5,7,9,-1,-1,-1,-1,11,13,-1,-1,-1,15,-1,-1],"loss_changes":[7.71243E-1,3.5006875E-1,1.8464029E-2,1.4510155E-3,6.901396E-3,0E0,0E0,0E0,0E0,4.4904184E-5,8.8270113E-4,0E0,0E0,0E0,1.9907951E-5,0E0,0E0],"parents":[2147483647,0,0,1,1,2,2,3,3,4,4,9,9,10,10,14,14],"right_children":[2,4,6,8,10,-1,-1,-1,-1,12,14,-1,-1,-1,16,-1,-1],"split_conditions":[9.038267E-1,3.0206713E-1,1E0,1.9860093E-1,5.011985E-1,1.2071229E-2,5.0865173E-2,-5.2756023E-2,-1.4016914E-2,4.0168795E-1,7.029443E-1,-5.4447176E-3,-1.4232636E-3,-4.0397645E-4,8.0455005E-1,8.3007815E-4,3.1982423E-3],"split_indices":[0,0,0,0,0,0,0,0,0,0,0,0,0,0,0,0,0],"split_type":[0,0,0,0,0,0,0,0,0,0,0,0,0,0,0,0,0],"sum_hessian":[9E0,7E0,2E0,2E0,5E0,1E0,1E0,1E0,1E0,2E0,3E0,1E0,1E0,1E0,2E0,1E0,1E0],"tree_param":{"num_deleted":"0","num_feature":"2","num_nodes":"17","size_leaf_vector":"1"}},{"base_weights":[-1.3451004E-2,-1.6628885E-1,3.9860025E-1,-4.2289606E-1,-1.0270436E-2,1.1467743E-2,4.8322298E-2,-5.0118256E-2,-1.33161545E-2,-4.349518E-2,1.7215729E-2,-5.172348E-3,-1.3519287E-3,-3.8375854E-4,2.5512695E-2,7.888794E-4,3.038025E-3],"categories":[],"categories_nodes":[],"categories_segments":[],"categories_sizes":[],"default_left":[0,0,0,0,0,0,0,0,0,0,0,0,0,0,0,0,0],"id":86,"left_children":[1,3,5,7,9,-1,-1,-1,-1,11,13,-1,-1,-1,15,-1,-1],"loss_changes":[6.960531E-1,3.1594032E-1,1.6664177E-2,1.30862E-3,6.2281257E-3,0E0,0E0,0E0,0E0,4.068762E-5,7.9662167E-4,0E0,0E0,0E0,1.7692335E-5,0E0,0E0],"parents":[2147483647,0,0,1,1,2,2,3,3,4,4,9,9,10,10,14,14],"right_children":[2,4,6,8,10,-1,-1,-1,-1,12,14,-1,-1,-1,16,-1,-1],"split_conditions":[9.038267E-1,3.0206713E-1,1E0,1.9860093E-1,5.011985E-1,1.1467743E-2,4.8322298E-2,-5.0118256E-2,-1.33161545E-2,4.0168795E-1,7.029443E-1,-5.172348E-3,-1.3519287E-3,-3.8375854E-4,8.0455005E-1,7.888794E-4,3.038025E-3],"split_indices":[0,0,0,0,0,0,0,0,0,0,0,0,0,0,0,0,0],"split_type":[0,0,0,0,0,0,0,0,0,0,0,0,0,0,0,0,0],"sum_hessian":[9E0,7E0,2E0,2E0,5E0,1E0,1E0,1E0,1E0,2E0,3E0,1E0,1E0,1E0,2E0,1E0,1E0],"tree_param":{"num_deleted":"0","num_feature":"2","num_nodes":"17","size_leaf_vector":"1"}},{"base_weights":[-1.2779999E-2,-1.579752E-1,3.786672E-1,-4.017512E-1,-9.757996E-3,1.0894013E-2,4.5906067E-2,-4.761238E-2,-1.2650299E-2,-4.13208E-2,1.6353607E-2,-4.9137115E-3,-1.2844086E-3,-3.6468505E-4,2.4236044E-2,7.492066E-4,2.8862E-3],"categories":[],"categories_nodes":[],"categories_segments":[],"categories_sizes":[],"default_left":[0,0,0,0,0,0,0,0,0,0,0,0,0,0,0,0,0],"id":87,"left_children":[1,3,5,7,9,-1,-1,-1,-1,11,13,-1,-1,-1,15,-1,-1],"loss_changes":[6.2818253E-1,2.8513408E-1,1.5042782E-2,1.1817217E-3,5.6206766E-3,0E0,0E0,0E0,0E0,3.662752E-5,7.1899453E-4,0E0,0E0,0E0,1.6134814E-5,0E0,0E0],"parents":[2147483647,0,0,1,1,2,2,3,3,4,4,9,9,10,10,14,14],"right_children":[2,4,6,8,10,-1,-1,-1,-1,12,14,-1,-1,-1,16,-1,-1],"split_conditions":[9.038267E-1,3.0206713E-1,1E0,1.9860093E-1,5.011985E-1,1.0894013E-2,4.5906067E-2,-4.761238E-2,-1.2650299E-2,4.0168795E-1,7.029443E-1,-4.9137115E-3,-1.2844086E-3,-3.6468505E-4,8.0455005E-1,7.492066E-4,2.8862E-3],"split_indices":[0,0,0,0,0,0,0,0,0,0,0,0,0,0,0,0,0],"split_type":[0,0,0,0,0,0,0,0,0,0,0,0,0,0,0,0,0],"sum_hessian":[9E0,7E0,2E0,2E0,5E0,1E0,1E0,1E0,1E0,2E0,3E0,1E0,1E0,1E0,2E0,1E0,1E0],"tree_param":{"num_deleted":"0","num_feature":"2","num_nodes":"17","size_leaf_vector":"1"}},{"base_weights":[-1.214161E-2,-1.5007615E-1,3.5973105E-1,-3.8166365E-1,-9.269714E-3,1.0349274E-2,4.3610383E-2,-4.5231726E-2,-1.2017823E-2,-3.925578E-2,1.5537262E-2,-4.6680453E-3,-1.2203216E-3,-3.4637452E-4,2.3025513E-2,7.1182253E-4,2.7420043E-3],"categories":[],"categories_nodes":[],"categories_segments":[],"categories_sizes":[],"default_left":[0,0,0,0,0,0,0,0,0,0,0,0,0,0,0,0,0],"id":88,"left_children":[1,3,5,7,9,-1,-1,-1,-1,11,13,-1,-1,-1,15,-1,-1],"loss_changes":[5.6692785E-1,2.5733414E-1,1.35753155E-2,1.0659993E-3,5.0731087E-3,0E0,0E0,0E0,0E0,3.2917596E-5,6.488916E-4,0E0,0E0,0E0,1.4533289E-5,0E0,0E0],"parents":[2147483647,0,0,1,1,2,2,3,3,4,4,9,9,10,10,14,14],"right_children":[2,4,6,8,10,-1,-1,-1,-1,12,14,-1,-1,-1,16,-1,-1],"split_conditions":[9.038267E-1,3.0206713E-1,1E0,1.9860093E-1,5.011985E-1,1.0349274E-2,4.3610383E-2,-4.5231726E-2,-1.2017823E-2,4.0168795E-1,7.029443E-1,-4.6680453E-3,-1.2203216E-3,-3.4637452E-4,8.0455005E-1,7.1182253E-4,2.7420043E-3],"split_indices":[0,0,0,0,0,0,0,0,0,0,0,0,0,0,0,0,0],"split_type":[0,0,0,0,0,0,0,0,0,0,0,0,0,0,0,0,0],"sum_hessian":[9E0,7E0,2E0,2E0,5E0,1E0,1E0,1E0,1E0,2E0,3E0,1E0,1E0,1E0,2E0,1E0,1E0],"tree_param":{"num_deleted":"0","num_feature":"2","num_nodes":"17","size_leaf_vector":"1"}},{"base_weights":[-1.1535454E-2,-1.4257407E-1,3.41746E-1,-3.6258125E-1,-8.808136E-3,9.832001E-3,4.1429903E-2,-4.297018E-2,-1.1417008E-2,-3.729248E-2,1.4757156E-2,-4.4345856E-3,-1.1592865E-3,-3.292084E-4,2.1870932E-2,6.7596434E-4,2.6046752E-3],"categories":[],"categories_nodes":[],"categories_segments":[],"categories_sizes":[],"default_left":[0,0,0,0,0,0,0,0,0,0,0,0,0,0,0,0,0],"id":89,"left_children":[1,3,5,7,9,-1,-1,-1,-1,11,13,-1,-1,-1,15,-1,-1],"loss_changes":[5.1165926E-1,2.3224208E-1,1.2250006E-2,9.613931E-4,4.5777825E-3,0E0,0E0,0E0,0E0,2.9711518E-5,5.8559387E-4,0E0,0E0,0E0,1.32393325E-5,0E0,0E0],"parents":[2147483647,0,0,1,1,2,2,3,3,4,4,9,9,10,10,14,14],"right_children":[2,4,6,8,10,-1,-1,-1,-1,12,14,-1,-1,-1,16,-1,-1],"split_conditions":[9.038267E-1,3.0206713E-1,1E0,1.9860093E-1,5.011985E-1,9.832001E-3,4.1429903E-2,-4.297018E-2,-1.1417008E-2,4.0168795E-1,7.029443E-1,-4.4345856E-3,-1.1592865E-3,-3.292084E-4,8.0455005E-1,6.7596434E-4,2.6046752E-3],"split_indices":[0,0,0,0,0,0,0,0,0,0,0,0,0,0,0,0,0],"split_type":[0,0,0,0,0,0,0,0,0,0,0,0,0,0,0,0,0],"sum_hessian":[9E0,7E0,2E0,2E0,5E0,1E0,1E0,1E0,1E0,2E0,3E0,1E0,1E0,1E0,2E0,1E0,1E0],"tree_param":{"num_deleted":"0","num_feature":"2","num_nodes":"17","size_leaf_vector":"1"}},{"base_weights":[-1.09581E-2,-1.354456E-1,3.2466125E-1,-3.444519E-1,-8.368175E-3,9.340668E-3,3.9358523E-2,-4.082165E-2,-1.0846138E-2,-3.5428364E-2,1.4019012E-2,-4.2129518E-3,-1.1013031E-3,-3.1280518E-4,2.0777384E-2,6.4239505E-4,2.4742128E-3],"categories":[],"categories_nodes":[],"categories_segments":[],"categories_sizes":[],"default_left":[0,0,0,0,0,0,0,0,0,0,0,0,0,0,0,0,0],"id":90,"left_children":[1,3,5,7,9,-1,-1,-1,-1,11,13,-1,-1,-1,15,-1,-1],"loss_changes":[4.6177807E-1,2.0959741E-1,1.1053443E-2,8.678138E-4,4.13148E-3,0E0,0E0,0E0,0E0,2.6858645E-5,5.285377E-4,0E0,0E0,0E0,1.1780765E-5,0E0,0E0],"parents":[2147483647,0,0,1,1,2,2,3,3,4,4,9,9,10,10,14,14],"right_children":[2,4,6,8,10,-1,-1,-1,-1,12,14,-1,-1,-1,16,-1,-1],"split_conditions":[9.038267E-1,3.0206713E-1,1E0,1.9860093E-1,5.011985E-1,9.340668E-3,3.9358523E-2,-4.082165E-2,-1.0846138E-2,4.0168795E-1,7.029443E-1,-4.2129518E-3,-1.1013031E-3,-3.1280518E-4,8.0455005E-1,6.4239505E-4,2.4742128E-3],"split_indices":[0,0,0,0,0,0,0,0,0,0,0,0,0,0,0,0,0],"split_type":[0,0,0,0,0,0,0,0,0,0,0,0,0,0,0,0,0],"sum_hessian":[9E0,7E0,2E0,2E0,5E0,1E0,1E0,1E0,1E0,2E0,3E0,1E0,1E0,1E0,2E0,1E0,1E0],"tree_param":{"num_deleted":"0","num_feature":"2","num_nodes":"17","size_leaf_vector":"1"}},{"base_weights":[-1.0409546E-2,-1.2867355E-1,3.08431E-1,-3.2722983E-1,-7.949829E-3,8.873749E-3,3.73909E-2,-3.8780596E-2,-1.0303879E-2,-3.3658344E-2,1.33190155E-2,-4.0023807E-3,-1.0463715E-3,-2.9716492E-4,1.9739786E-2,6.1035156E-4,2.3506165E-3],"categories":[],"categories_nodes":[],"categories_segments":[],"categories_sizes":[],"default_left":[0,0,0,0,0,0,0,0,0,0,0,0,0,0,0,0,0],"id":91,"left_children":[1,3,5,7,9,-1,-1,-1,-1,11,13,-1,-1,-1,15,-1,-1],"loss_changes":[4.1676053E-1,1.8916221E-1,9.975523E-3,7.827878E-4,3.7290389E-3,0E0,0E0,0E0,0E0,2.4135457E-5,4.7705427E-4,0E0,0E0,0E0,1.0607764E-5,0E0,0E0],"parents":[2147483647,0,0,1,1,2,2,3,3,4,4,9,9,10,10,14,14],"right_children":[2,4,6,8,10,-1,-1,-1,-1,12,14,-1,-1,-1,16,-1,-1],"split_conditions":[9.038267E-1,3.0206713E-1,1E0,1.9860093E-1,5.011985E-1,8.873749E-3,3.73909E-2,-3.8780596E-2,-1.0303879E-2,4.0168795E-1,7.029443E-1,-4.0023807E-3,-1.0463715E-3,-2.9716492E-4,8.0455005E-1,6.1035156E-4,2.3506165E-3],"split_indices":[0,0,0,0,0,0,0,0,0,0,0,0,0,0,0,0,0],"split_type":[0,0,0,0,0,0,0,0,0,0,0,0,0,0,0,0,0],"sum_hessian":[9E0,7E0,2E0,2E0,5E0,1E0,1E0,1E0,1E0,2E0,3E0,1E0,1E0,1E0,2E0,1E0,1E0],"tree_param":{"num_deleted":"0","num_feature":"2","num_nodes":"17","size_leaf_vector":"1"}},{"base_weights":[-9.88884E-3,-1.2223959E-1,2.9300943E-1,-3.108686E-1,-7.551829E-3,8.429718E-3,3.5521697E-2,-3.6841583E-2,-9.788704E-3,-3.1974792E-2,1.2653351E-2,-3.8021088E-3,-9.941101E-4,-2.822876E-4,1.8753052E-2,5.79834E-4,2.2331239E-3],"categories":[],"categories_nodes":[],"categories_segments":[],"categories_sizes":[],"default_left":[0,0,0,0,0,0,0,0,0,0,0,0,0,0,0,0,0],"id":92,"left_children":[1,3,5,7,9,-1,-1,-1,-1,11,13,-1,-1,-1,15,-1,-1],"loss_changes":[3.7612584E-1,1.7071988E-1,9.006649E-3,7.0637465E-4,3.3654105E-3,0E0,0E0,0E0,0E0,2.1694927E-5,4.3053896E-4,0E0,0E0,0E0,9.579002E-6,0E0,0E0],"parents":[2147483647,0,0,1,1,2,2,3,3,4,4,9,9,10,10,14,14],"right_children":[2,4,6,8,10,-1,-1,-1,-1,12,14,-1,-1,-1,16,-1,-1],"split_conditions":[9.038267E-1,3.0206713E-1,1E0,1.9860093E-1,5.011985E-1,8.429718E-3,3.5521697E-2,-3.6841583E-2,-9.788704E-3,4.0168795E-1,7.029443E-1,-3.8021088E-3,-9.941101E-4,-2.822876E-4,8.0455005E-1,5.79834E-4,2.2331239E-3],"split_indices":[0,0,0,0,0,0,0,0,0,0,0,0,0,0,0,0,0],"split_type":[0,0,0,0,0,0,0,0,0,0,0,0,0,0,0,0,0],"sum_hessian":[9E0,7E0,2E0,2E0,5E0,1E0,1E0,1E0,1E0,2E0,3E0,1E0,1E0,1E0,2E0,1E0,1E0],"tree_param":{"num_deleted":"0","num_feature":"2","num_nodes":"17","size_leaf_vector":"1"}},{"base_weights":[-9.393692E-3,-1.1612749E-1,2.78361E-1,-2.9532495E-1,-7.174174E-3,8.008576E-3,3.3745576E-2,-3.4999467E-2,-9.299278E-3,-3.0377707E-2,1.2022018E-2,-3.612137E-3,-9.4451907E-4,-2.6817323E-4,1.7817179E-2,5.508423E-4,2.1217347E-3],"categories":[],"categories_nodes":[],"categories_segments":[],"categories_sizes":[],"default_left":[0,0,0,0,0,0,0,0,0,0,0,0,0,0,0,0,0],"id":93,"left_children":[1,3,5,7,9,-1,-1,-1,-1,11,13,-1,-1,-1,15,-1,-1],"loss_changes":[3.394569E-1,1.5407456E-1,8.125678E-3,6.3735247E-4,3.0377181E-3,0E0,0E0,0E0,0E0,1.95147E-5,3.8862333E-4,0E0,0E0,0E0,8.681382E-6,0E0,0E0],"parents":[2147483647,0,0,1,1,2,2,3,3,4,4,9,9,10,10,14,14],"right_children":[2,4,6,8,10,-1,-1,-1,-1,12,14,-1,-1,-1,16,-1,-1],"split_conditions":[9.038267E-1,3.0206713E-1,1E0,1.9860093E-1,5.011985E-1,8.008576E-3,3.3745576E-2,-3.4999467E-2,-9.299278E-3,4.0168795E-1,7.029443E-1,-3.612137E-3,-9.4451907E-4,-2.6817323E-4,8.0455005E-1,5.508423E-4,2.1217347E-3],"split_indices":[0,0,0,0,0,0,0,0,0,0,0,0,0,0,0,0,0],"split_type":[0,0,0,0,0,0,0,0,0,0,0,0,0,0,0,0,0],"sum_hessian":[9E0,7E0,2E0,2E0,5E0,1E0,1E0,1E0,1E0,2E0,3E0,1E0,1E0,1E0,2E0,1E0,1E0],"tree_param":{"num_deleted":"0","num_feature":"2","num_nodes":"17","size_leaf_vector":"1"}},{"base_weights":[-8.924866E-3,-1.10321045E-1,2.644399E-1,-2.8055826E-1,-6.8155923E-3,7.6080323E-3,3.2057952E-2,-3.3249475E-2,-8.834267E-3,-2.8859457E-2,1.1421204E-2,-3.4317018E-3,-8.972168E-4,-2.548218E-4,1.6927084E-2,5.2337645E-4,2.0156861E-3],"categories":[],"categories_nodes":[],"categories_segments":[],"categories_sizes":[],"default_left":[0,0,0,0,0,0,0,0,0,0,0,0,0,0,0,0,0],"id":94,"left_children":[1,3,5,7,9,-1,-1,-1,-1,11,13,-1,-1,-1,15,-1,-1],"loss_changes":[3.0635473E-1,1.3905168E-1,7.333517E-3,5.7552755E-4,2.7416663E-3,0E0,0E0,0E0,0E0,1.7710263E-5,3.507897E-4,0E0,0E0,0E0,7.804192E-6,0E0,0E0],"parents":[2147483647,0,0,1,1,2,2,3,3,4,4,9,9,10,10,14,14],"right_children":[2,4,6,8,10,-1,-1,-1,-1,12,14,-1,-1,-1,16,-1,-1],"split_conditions":[9.038267E-1,3.0206713E-1,1E0,1.9860093E-1,5.011985E-1,7.6080323E-3,3.2057952E-2,-3.3249475E-2,-8.834267E-3,4.0168795E-1,7.029443E-1,-3.4317018E-3,-8.972168E-4,-2.548218E-4,8.0455005E-1,5.2337645E-4,2.0156861E-3],"split_indices":[0,0,0,0,0,0,0,0,0,0,0,0,0,0,0,0,0],"split_type":[0,0,0,0,0,0,0,0,0,0,0,0,0,0,0,0,0],"sum_hessian":[9E0,7E0,2E0,2E0,5E0,1E0,1E0,1E0,1E0,2E0,3E0,1E0,1E0,1E0,2E0,1E0,1E0],"tree_param":{"num_deleted":"0","num_feature":"2","num_nodes":"17","size_leaf_vector":"1"}},{"base_weights":[-8.4785465E-3,-1.0480404E-1,2.512156E-1,-2.6653036E-1,-6.4735413E-3,7.2273253E-3,3.0455017E-2,-3.158703E-2,-8.392525E-3,-2.7414957E-2,1.0850906E-2,-3.2600404E-3,-8.522034E-4,-2.4223328E-4,1.6082764E-2,4.9743656E-4,1.914978E-3],"categories":[],"categories_nodes":[],"categories_segments":[],"categories_sizes":[],"default_left":[0,0,0,0,0,0,0,0,0,0,0,0,0,0,0,0,0],"id":95,"left_children":[1,3,5,7,9,-1,-1,-1,-1,11,13,-1,-1,-1,15,-1,-1],"loss_changes":[2.7648008E-1,1.2549564E-1,6.6206157E-3,5.19678E-4,2.474268E-3,0E0,0E0,0E0,0E0,1.6082777E-5,3.1673256E-4,0E0,0E0,0E0,6.950926E-6,0E0,0E0],"parents":[2147483647,0,0,1,1,2,2,3,3,4,4,9,9,10,10,14,14],"right_children":[2,4,6,8,10,-1,-1,-1,-1,12,14,-1,-1,-1,16,-1,-1],"split_conditions":[9.038267E-1,3.0206713E-1,1E0,1.9860093E-1,5.011985E-1,7.2273253E-3,3.0455017E-2,-3.158703E-2,-8.392525E-3,4.0168795E-1,7.029443E-1,-3.2600404E-3,-8.522034E-4,-2.4223328E-4,8.0455005E-1,4.9743656E-4,1.914978E-3],"split_indices":[0,0,0,0,0,0,0,0,0,0,0,0,0,0,0,0,0],"split_type":[0,0,0,0,0,0,0,0,0,0,0,0,0,0,0,0,0],"sum_hessian":[9E0,7E0,2E0,2E0,5E0,1E0,1E0,1E0,1E0,2E0,3E0,1E0,1E0,1E0,2E0,1E0,1E0],"tree_param":{"num_deleted":"0","num_feature":"2","num_nodes":"17","size_leaf_vector":"1"}},{"base_weights":[-8.054924E-3,-9.956336E-2,2.3865254E-1,-2.5320372E-1,-6.149292E-3,6.8656923E-3,2.893219E-2,-3.000765E-2,-7.972908E-3,-2.604421E-2,1.0309219E-2,-3.0971528E-3,-8.0947875E-4,-2.3002624E-4,1.5279134E-2,4.7225953E-4,1.8196106E-3],"categories":[],"categories_nodes":[],"categories_segments":[],"categories_sizes":[],"default_left":[0,0,0,0,0,0,0,0,0,0,0,0,0,0,0,0,0],"id":96,"left_children":[1,3,5,7,9,-1,-1,-1,-1,11,13,-1,-1,-1,15,-1,-1],"loss_changes":[2.4951921E-1,1.1326035E-1,5.9767514E-3,4.6887994E-4,2.2331397E-3,0E0,0E0,0E0,0E0,1.4619436E-5,2.8581824E-4,0E0,0E0,0E0,6.4465567E-6,0E0,0E0],"parents":[2147483647,0,0,1,1,2,2,3,3,4,4,9,9,10,10,14,14],"right_children":[2,4,6,8,10,-1,-1,-1,-1,12,14,-1,-1,-1,16,-1,-1],"split_conditions":[9.038267E-1,3.0206713E-1,1E0,1.9860093E-1,5.011985E-1,6.8656923E-3,2.893219E-2,-3.000765E-2,-7.972908E-3,4.0168795E-1,7.029443E-1,-3.0971528E-3,-8.0947875E-4,-2.3002624E-4,8.0455005E-1,4.7225953E-4,1.8196106E-3],"split_indices":[0,0,0,0,0,0,0,0,0,0,0,0,0,0,0,0,0],"split_type":[0,0,0,0,0,0,0,0,0,0,0,0,0,0,0,0,0],"sum_hessian":[9E0,7E0,2E0,2E0,5E0,1E0,1E0,1E0,1E0,2E0,3E0,1E0,1E0,1E0,2E0,1E0,1E0],"tree_param":{"num_deleted":"0","num_feature":"2","num_nodes":"17","size_leaf_vector":"1"}},{"base_weights":[-7.6519013E-3,-9.458494E-2,2.2672017E-1,-2.4054337E-1,-5.8415732E-3,6.5223696E-3,2.7485657E-2,-2.8507233E-2,-7.5742723E-3,-2.4742126E-2,9.794235E-3,-2.942276E-3,-7.69043E-4,-2.1858215E-4,1.4516194E-2,4.486084E-4,1.7288208E-3],"categories":[],"categories_nodes":[],"categories_segments":[],"categories_sizes":[],"default_left":[0,0,0,0,0,0,0,0,0,0,0,0,0,0,0,0,0],"id":97,"left_children":[1,3,5,7,9,-1,-1,-1,-1,11,13,-1,-1,-1,15,-1,-1],"loss_changes":[2.251911E-1,1.0221758E-1,5.394414E-3,4.2305887E-4,2.0154826E-3,0E0,0E0,0E0,0E0,1.3164594E-5,2.580072E-4,0E0,0E0,0E0,5.8544683E-6,0E0,0E0],"parents":[2147483647,0,0,1,1,2,2,3,3,4,4,9,9,10,10,14,14],"right_children":[2,4,6,8,10,-1,-1,-1,-1,12,14,-1,-1,-1,16,-1,-1],"split_conditions":[9.038267E-1,3.0206713E-1,1E0,1.9860093E-1,5.011985E-1,6.5223696E-3,2.7485657E-2,-2.8507233E-2,-7.5742723E-3,4.0168795E-1,7.029443E-1,-2.942276E-3,-7.69043E-4,-2.1858215E-4,8.0455005E-1,4.486084E-4,1.7288208E-3],"split_indices":[0,0,0,0,0,0,0,0,0,0,0,0,0,0,0,0,0],"split_type":[0,0,0,0,0,0,0,0,0,0,0,0,0,0,0,0,0],"sum_hessian":[9E0,7E0,2E0,2E0,5E0,1E0,1E0,1E0,1E0,2E0,3E0,1E0,1E0,1E0,2E0,1E0,1E0],"tree_param":{"num_deleted":"0","num_feature":"2","num_nodes":"17","size_leaf_vector":"1"}},{"base_weights":[-7.2662355E-3,-8.985329E-2,2.1538799E-1,-2.2851562E-1,-5.54657E-3,6.1965943E-3,2.6111603E-2,-2.7081871E-2,-7.1954727E-3,-2.3503622E-2,9.307861E-3,-2.7950287E-3,-7.305145E-4,-2.0751954E-4,1.3793945E-2,4.2648317E-4,1.6426087E-3],"categories":[],"categories_nodes":[],"categories_segments":[],"categories_sizes":[],"default_left":[0,0,0,0,0,0,0,0,0,0,0,0,0,0,0,0,0],"id":98,"left_children":[1,3,5,7,9,-1,-1,-1,-1,11,13,-1,-1,-1,15,-1,-1],"loss_changes":[2.0323686E-1,9.225385E-2,4.866779E-3,3.82334E-4,1.8192191E-3,0E0,0E0,0E0,0E0,1.1906726E-5,2.3288652E-4,0E0,0E0,0E0,5.191425E-6,0E0,0E0],"parents":[2147483647,0,0,1,1,2,2,3,3,4,4,9,9,10,10,14,14],"right_children":[2,4,6,8,10,-1,-1,-1,-1,12,14,-1,-1,-1,16,-1,-1],"split_conditions":[9.038267E-1,3.0206713E-1,1E0,1.9860093E-1,5.011985E-1,6.1965943E-3,2.6111603E-2,-2.7081871E-2,-7.1954727E-3,4.0168795E-1,7.029443E-1,-2.7950287E-3,-7.305145E-4,-2.0751954E-4,8.0455005E-1,4.2648317E-4,1.6426087E-3],"split_indices":[0,0,0,0,0,0,0,0,0,0,0,0,0,0,0,0,0],"split_type":[0,0,0,0,0,0,0,0,0,0,0,0,0,0,0,0,0],"sum_hessian":[9E0,7E0,2E0,2E0,5E0,1E0,1E0,1E0,1E0,2E0,3E0,1E0,1E0,1E0,2E0,1E0,1E0],"tree_param":{"num_deleted":"0","num_feature":"2","num_nodes":"17","size_leaf_vector":"1"}},{"base_weights":[-6.903267E-3,-8.536172E-2,2.0462036E-1,-2.1708997E-1,-5.27064E-3,5.886841E-3,2.4806214E-2,-2.5727749E-2,-6.835747E-3,-2.2328695E-2,8.840561E-3,-2.655411E-3,-6.9389347E-4,-1.9721985E-4,1.3102214E-2,4.0512087E-4,1.5602112E-3],"categories":[],"categories_nodes":[],"categories_segments":[],"categories_sizes":[],"default_left":[0,0,0,0,0,0,0,0,0,0,0,0,0,0,0,0,0],"id":99,"left_children":[1,3,5,7,9,-1,-1,-1,-1,11,13,-1,-1,-1,15,-1,-1],"loss_changes":[1.834249E-1,8.325787E-2,4.392147E-3,3.4472346E-4,1.641656E-3,0E0,0E0,0E0,0E0,1.0826974E-5,2.1016109E-4,0E0,0E0,0E0,4.672387E-6,0E0,0E0],"parents":[2147483647,0,0,1,1,2,2,3,3,4,4,9,9,10,10,14,14],"right_children":[2,4,6,8,10,-1,-1,-1,-1,12,14,-1,-1,-1,16,-1,-1],"split_conditions":[9.038267E-1,3.0206713E-1,1E0,1.9860093E-1,5.011985E-1,5.886841E-3,2.4806214E-2,-2.5727749E-2,-6.835747E-3,4.0168795E-1,7.029443E-1,-2.655411E-3,-6.9389347E-4,-1.9721985E-4,8.0455005E-1,4.0512087E-4,1.5602112E-3],"split_indices":[0,0,0,0,0,0,0,0,0,0,0,0,0,0,0,0,0],"split_type":[0,0,0,0,0,0,0,0,0,0,0,0,0,0,0,0,0],"sum_hessian":[9E0,7E0,2E0,2E0,5E0,1E0,1E0,1E0,1E0,2E0,3E0,1E0,1E0,1E0,2E0,1E0,1E0],"tree_param":{"num_deleted":"0","num_feature":"2","num_nodes":"17","size_leaf_vector":"1"}}]},"name":"gbtree"},"learner_model_param":{"base_score":"1.172E2","boost_from_average":"1","num_class":"0","num_feature":"2","num_target":"1"},"objective":{"name":"reg:squarederror","reg_loss_param":{"scale_pos_weight":"1"}}},"version":[2,1,1]}