{"model_name": "GradientBoostingRegressorTrainer_1", "model_class": "scikit", "model_file": "GradientBoostingRegressorTrainer_1.json", "features": ["bpf_cpu_time_ms", "bpf_page_cache_hit", "cache_miss", "cgroupfs_cpu_usage_us", "cgroupfs_memory_usage_bytes", "cgroupfs_system_cpu_usage_us", "cgroupfs_user_cpu_usage_us", "cpu_cycles", "cpu_instructions"], "fe_files": [], "output_type": "AbsPower", "mae": 2.16, "mape": 2.32, "package_mae": 0.04, "core_mae": 2.16, "uncore_mae": 0.0, "dram_mae": 0.13, "package_mape": 0.19, "core_mape": 2.57, "uncore_mape": -1, "dram_mape": 2.32}