{"model_name": "ExponentialRegressionTrainer_0", "trainer": "ExponentialRegressionTrainer", "model_class": "curvefit", "model_file": "ExponentialRegressionTrainer_0.json", "features": ["bpf_block_irq", "bpf_cpu_time_ms", "bpf_net_rx_irq", "bpf_net_tx_irq", "bpf_page_cache_hit"], "fe_files": [], "output_type": "AbsPower", "mae": 7.56, "mape": -1, "node_type": 0, "machine_spec": {"processor": "11th_gen_intel_core", "cores": 8, "chips": 1, "memory": 31, "frequency": 4800}, "package_mae": 7.56, "core_mae": 5.89, "uncore_mae": 1.19, "dram_mae": 0.0, "package_mape": 46.9, "core_mape": 58.2, "uncore_mape": 6798.2, "dram_mape": -1}