{"package": {"All_Weights": {"Categorical_Variables": {}, "Numerical_Variables": {"bpf_block_irq": {"scale": 1.0}, "bpf_cpu_time_ms": {"scale": 2185.9999999999995}, "bpf_net_rx_irq": {"scale": 26.666666666666668}, "bpf_net_tx_irq": {"scale": 1.0}, "bpf_page_cache_hit": {"scale": 1.0}}, "CurveFit_Weights": [1904.6604217924607, -0.0023258360205892165, -1893.7737175176655]}}, "core": {"All_Weights": {"Categorical_Variables": {}, "Numerical_Variables": {"bpf_block_irq": {"scale": 1.0}, "bpf_cpu_time_ms": {"scale": 2185.9999999999995}, "bpf_net_rx_irq": {"scale": 26.666666666666668}, "bpf_net_tx_irq": {"scale": 1.0}, "bpf_page_cache_hit": {"scale": 1.0}}, "CurveFit_Weights": [851.5789808390933, -0.0060112945025561386, -843.9805709424772]}}, "uncore": {"All_Weights": {"Categorical_Variables": {}, "Numerical_Variables": {"bpf_block_irq": {"scale": 1.0}, "bpf_cpu_time_ms": {"scale": 2185.9999999999995}, "bpf_net_rx_irq": {"scale": 26.666666666666668}, "bpf_net_tx_irq": {"scale": 1.0}, "bpf_page_cache_hit": {"scale": 1.0}}, "CurveFit_Weights": [-0.02062501989370664, 2.1764831658994304, 0.5786394657316065]}}, "dram": {"All_Weights": {"Categorical_Variables": {}, "Numerical_Variables": {"bpf_block_irq": {"scale": 1.0}, "bpf_cpu_time_ms": {"scale": 2185.9999999999995}, "bpf_net_rx_irq": {"scale": 26.666666666666668}, "bpf_net_tx_irq": {"scale": 1.0}, "bpf_page_cache_hit": {"scale": 1.0}}, "CurveFit_Weights": [0.0, 1.0, 0.0]}}}