{"package": {"All_Weights": {"Bias_Weight": -0.6047620393858918, "Categorical_Variables": {}, "Numerical_Variables": {"bpf_cpu_time_ms": {"scale": 91929.33333333334, "weight": 343.6723094846899}, "bpf_page_cache_hit": {"scale": 1.0, "weight": 0.0}}}}, "core": {"All_Weights": {"Bias_Weight": -0.6037804125323726, "Categorical_Variables": {}, "Numerical_Variables": {"bpf_cpu_time_ms": {"scale": 91929.33333333334, "weight": 343.71262866989395}, "bpf_page_cache_hit": {"scale": 1.0, "weight": 0.0}}}}, "uncore": {"All_Weights": {"Bias_Weight": 0.0, "Categorical_Variables": {}, "Numerical_Variables": {"bpf_cpu_time_ms": {"scale": 91929.33333333334, "weight": 0.0}, "bpf_page_cache_hit": {"scale": 1.0, "weight": 0.0}}}}, "dram": {"All_Weights": {"Bias_Weight": 0.13064368233987597, "Categorical_Variables": {}, "Numerical_Variables": {"bpf_cpu_time_ms": {"scale": 91929.33333333334, "weight": 54.74282656625173}, "bpf_page_cache_hit": {"scale": 1.0, "weight": 0.0}}}}}