{"model_name": "GradientBoostingRegressorTrainer_2", "model_class": "scikit", "model_file": "GradientBoostingRegressorTrainer_2.json", "features": ["bpf_cpu_time_ms", "bpf_page_cache_hit", "cache_miss", "cgroupfs_cpu_usage_us", "cgroupfs_memory_usage_bytes", "cgroupfs_system_cpu_usage_us", "cgroupfs_user_cpu_usage_us", "cpu_cycles", "cpu_instructions"], "fe_files": [], "output_type": "DynPower", "mae": 0.66, "mape": 0.9, "package_mae": 0.62, "core_mae": 0.66, "uncore_mae": 0.0, "dram_mae": 0.02, "package_mape": 1.85, "core_mape": 0.71, "uncore_mape": -1, "dram_mape": 0.9}