{"learner":{"attributes":{"scikit_learn":"{\"_estimator_type\": \"regressor\"}"},"feature_names":[],"feature_types":[],"gradient_booster":{"model":{"gbtree_model_param":{"num_parallel_tree":"1","num_trees":"100"},"iteration_indptr":[0,1,2,3,4,5,6,7,8,9,10,11,12,13,14,15,16,17,18,19,20,21,22,23,24,25,26,27,28,29,30,31,32,33,34,35,36,37,38,39,40,41,42,43,44,45,46,47,48,49,50,51,52,53,54,55,56,57,58,59,60,61,62,63,64,65,66,67,68,69,70,71,72,73,74,75,76,77,78,79,80,81,82,83,84,85,86,87,88,89,90,91,92,93,94,95,96,97,98,99,100],"tree_info":[0,0,0,0,0,0,0,0,0,0,0,0,0,0,0,0,0,0,0,0,0,0,0,0,0,0,0,0,0,0,0,0,0,0,0,0,0,0,0,0,0,0,0,0,0,0,0,0,0,0,0,0,0,0,0,0,0,0,0,0,0,0,0,0,0,0,0,0,0,0,0,0,0,0,0,0,0,0,0,0,0,0,0,0,0,0,0,0,0,0,0,0,0,0,0,0,0,0,0,0],"trees":[{"base_weights":[-3.0517579E-6,-6.3833337E0,3.647619E1,9.2592365E-1,5.051111E1,-4.0555573E-1,5.4444426E-1,1.5444443E0,5.5416665E0],"categories":[],"categories_nodes":[],"categories_segments":[],"categories_sizes":[],"default_left":[0,0,0,0,0,0,0,0,0],"id":0,"left_children":[1,-1,3,5,7,-1,-1,-1,-1],"loss_changes":[2.5612365E4,0E0,3.4458467E3,8.9606995E1,4.227539E0,0E0,0E0,0E0,0E0],"parents":[2147483647,0,0,2,2,3,3,4,4],"right_children":[2,-1,4,6,8,-1,-1,-1,-1],"split_conditions":[4.069017E-1,-6.3833337E0,6.090305E-1,5.085392E-1,7.1515995E-1,-4.0555573E-1,5.4444426E-1,1.5444443E0,5.5416665E0],"split_indices":[0,0,0,0,0,0,0,0,0],"split_type":[0,0,0,0,0,0,0,0,0],"sum_hessian":[9E0,3E0,6E0,2E0,4E0,1E0,1E0,1E0,3E0],"tree_param":{"num_deleted":"0","num_feature":"2","num_nodes":"9","size_leaf_vector":"1"}},{"base_weights":[8.416748E-2,-5.904584E0,3.3860718E1,8.796285E-1,4.6877227E0,-3.852783E-1,5.172226E-1],"categories":[],"categories_nodes":[],"categories_segments":[],"categories_sizes":[],"default_left":[0,0,0,0,0,0,0],"id":1,"left_children":[1,-1,3,5,-1,-1,-1],"loss_changes":[2.197141E4,0E0,2.963857E3,8.087048E1,0E0,0E0,0E0],"parents":[2147483647,0,0,2,2,3,3],"right_children":[2,-1,4,6,-1,-1,-1],"split_conditions":[4.069017E-1,-5.904584E0,6.090305E-1,5.085392E-1,4.6877227E0,-3.852783E-1,5.172226E-1],"split_indices":[0,0,0,0,0,0,0],"split_type":[0,0,0,0,0,0,0],"sum_hessian":[9E0,3E0,6E0,2E0,4E0,1E0,1E0],"tree_param":{"num_deleted":"0","num_feature":"2","num_nodes":"7","size_leaf_vector":"1"}},{"base_weights":[-3.273926E-2,-5.461741E0,3.1163177E1,6.790924E0,4.7744637E0,-3.660141E-1,1.1494659E0],"categories":[],"categories_nodes":[],"categories_segments":[],"categories_sizes":[],"default_left":[0,0,0,0,0,0,0],"id":2,"left_children":[1,-1,3,5,-1,-1,-1],"loss_changes":[1.873024E4,0E0,2.5046626E3,2.3870827E2,0E0,0E0,0E0],"parents":[2147483647,0,0,2,2,3,3],"right_children":[2,-1,4,6,-1,-1,-1],"split_conditions":[4.069017E-1,-5.461741E0,7.1515995E-1,5.085392E-1,4.7744637E0,-3.660141E-1,1.1494659E0],"split_indices":[0,0,0,0,0,0,0],"split_type":[0,0,0,0,0,0,0],"sum_hessian":[9E0,3E0,6E0,3E0,3E0,1E0,2E0],"tree_param":{"num_deleted":"0","num_feature":"2","num_nodes":"7","size_leaf_vector":"1"}},{"base_weights":[-1.9854736E-2,-5.052111E0,2.8840841E1,5.745036E-1,4.003248E1,-3.4771273E-1,4.3388826E-1,1.1753632E0,4.416378E0],"categories":[],"categories_nodes":[],"categories_segments":[],"categories_sizes":[],"default_left":[0,0,0,0,0,0,0,0,0],"id":3,"left_children":[1,-1,3,5,7,-1,-1,-1,-1],"loss_changes":[1.6032086E4,0E0,2.1914272E3,6.0842464E1,6.505762E1,0E0,0E0,0E0,0E0],"parents":[2147483647,0,0,2,2,3,3,4,4],"right_children":[2,-1,4,6,8,-1,-1,-1,-1],"split_conditions":[4.069017E-1,-5.052111E0,6.090305E-1,5.085392E-1,7.1515995E-1,-3.4771273E-1,4.3388826E-1,1.1753632E0,4.416378E0],"split_indices":[0,0,0,0,0,0,0,0,0],"split_type":[0,0,0,0,0,0,0,0,0],"sum_hessian":[9E0,3E0,6E0,2E0,4E0,1E0,1E0,1E0,3E0],"tree_param":{"num_deleted":"0","num_feature":"2","num_nodes":"9","size_leaf_vector":"1"}},{"base_weights":[4.4714354E-2,-3.870692E1,3.233029E1,-4.673202E0,-3.3032686E-1,1.0191926E0,4.0851493E0],"categories":[],"categories_nodes":[],"categories_segments":[],"categories_sizes":[],"default_left":[0,0,0,0,0,0,0],"id":4,"left_children":[1,3,5,-1,-1,-1,-1],"loss_changes":[1.3762596E4,1.2662197E3,7.1551807E2,0E0,0E0,0E0,0E0],"parents":[2147483647,0,0,1,1,2,2],"right_children":[2,4,6,-1,-1,-1,-1],"split_conditions":[5.085392E-1,4.069017E-1,7.1515995E-1,-4.673202E0,-3.3032686E-1,1.0191926E0,4.0851493E0],"split_indices":[0,0,0,0,0,0,0],"split_type":[0,0,0,0,0,0,0],"sum_hessian":[9E0,4E0,5E0,3E0,1E0,2E0,3E0],"tree_param":{"num_deleted":"0","num_feature":"2","num_nodes":"7","size_leaf_vector":"1"}},{"base_weights":[5.0320435E-2,-3.5836945E1,2.9947989E1,-4.322713E0,-3.1381074E-1,9.512462E-1,3.7787635E0],"categories":[],"categories_nodes":[],"categories_segments":[],"categories_sizes":[],"default_left":[0,0,0,0,0,0,0],"id":5,"left_children":[1,3,5,-1,-1,-1,-1],"loss_changes":[1.1802699E4,1.0726006E3,6.017905E2,0E0,0E0,0E0,0E0],"parents":[2147483647,0,0,1,1,2,2],"right_children":[2,4,6,-1,-1,-1,-1],"split_conditions":[5.085392E-1,4.069017E-1,7.1515995E-1,-4.322713E0,-3.1381074E-1,9.512462E-1,3.7787635E0],"split_indices":[0,0,0,0,0,0,0],"split_type":[0,0,0,0,0,0,0],"sum_hessian":[9E0,4E0,5E0,3E0,1E0,2E0,3E0],"tree_param":{"num_deleted":"0","num_feature":"2","num_nodes":"7","size_leaf_vector":"1"}},{"base_weights":[5.4638673E-2,-3.318055E1,2.7741522E1,-4.5542297E0,-9.758616E0,3.136719E-1,3.2035139E0,-1.1656723E0,-2.981201E-1],"categories":[],"categories_nodes":[],"categories_segments":[],"categories_sizes":[],"default_left":[0,0,0,0,0,0,0,0,0],"id":6,"left_children":[1,3,5,-1,7,-1,-1,-1,-1],"loss_changes":[1.0122266E4,1.003251E3,5.3337646E2,0E0,3.8417358E0,0E0,0E0,0E0,0E0],"parents":[2147483647,0,0,1,1,2,2,4,4],"right_children":[2,4,6,-1,8,-1,-1,-1,-1],"split_conditions":[5.085392E-1,2.0116714E-1,6.090305E-1,-4.5542297E0,4.069017E-1,3.136719E-1,3.2035139E0,-1.1656723E0,-2.981201E-1],"split_indices":[0,0,0,0,0,0,0,0,0],"split_type":[0,0,0,0,0,0,0,0,0],"sum_hessian":[9E0,4E0,5E0,2E0,2E0,1E0,4E0,1E0,1E0],"tree_param":{"num_deleted":"0","num_feature":"2","num_nodes":"9","size_leaf_vector":"1"}},{"base_weights":[-2.0090942E-1,-3.1066095E1,2.5553564E1,-4.2506146E0,-9.27068E0,7.705912E-1,3.2550912E0,-1.1073884E0,-2.8321382E-1],"categories":[],"categories_nodes":[],"categories_segments":[],"categories_sizes":[],"default_left":[0,0,0,0,0,0,0,0,0],"id":7,"left_children":[1,3,5,-1,7,-1,-1,-1,-1],"loss_changes":[8.743016E3,8.526421E2,4.9848267E2,0E0,3.4671936E0,0E0,0E0,0E0,0E0],"parents":[2147483647,0,0,1,1,2,2,4,4],"right_children":[2,4,6,-1,8,-1,-1,-1,-1],"split_conditions":[5.085392E-1,2.0116714E-1,7.1515995E-1,-4.2506146E0,4.069017E-1,7.705912E-1,3.2550912E0,-1.1073884E0,-2.8321382E-1],"split_indices":[0,0,0,0,0,0,0,0,0],"split_type":[0,0,0,0,0,0,0,0,0],"sum_hessian":[9E0,4E0,5E0,2E0,2E0,2E0,3E0,1E0,1E0],"tree_param":{"num_deleted":"0","num_feature":"2","num_nodes":"9","size_leaf_vector":"1"}},{"base_weights":[-3.423767E-1,-2.9087732E1,2.366915E1,-3.9672406E0,-8.807149E0,1.0180664E1,3.376408E0,-1.0520188E0,-2.6905367E-1,2.5945893E-1,1.1844493E0],"categories":[],"categories_nodes":[],"categories_segments":[],"categories_sizes":[],"default_left":[0,0,0,0,0,0,0,0,0,0,0],"id":8,"left_children":[1,3,5,-1,7,9,-1,-1,-1,-1,-1],"loss_changes":[7.59068E3,7.239155E2,4.7325098E2,0E0,3.129013E0,1.9756104E1,0E0,0E0,0E0,0E0,0E0],"parents":[2147483647,0,0,1,1,2,2,4,4,5,5],"right_children":[2,4,6,-1,8,10,-1,-1,-1,-1,-1],"split_conditions":[5.085392E-1,2.0116714E-1,8.159707E-1,-3.9672406E0,4.069017E-1,6.090305E-1,3.376408E0,-1.0520188E0,-2.6905367E-1,2.5945893E-1,1.1844493E0],"split_indices":[0,0,0,0,0,0,0,0,0,0,0],"split_type":[0,0,0,0,0,0,0,0,0,0,0],"sum_hessian":[9E0,4E0,5E0,2E0,2E0,3E0,2E0,1E0,1E0,1E0,2E0],"tree_param":{"num_deleted":"0","num_feature":"2","num_nodes":"11","size_leaf_vector":"1"}},{"base_weights":[-3.549347E-1,-2.7236614E1,2.2105621E1,-3.702757E0,-8.366791E0,9.523575E0,3.1513145E0,-9.994171E-1,-2.556015E-1,2.464859E-1,1.105486E0],"categories":[],"categories_nodes":[],"categories_segments":[],"categories_sizes":[],"default_left":[0,0,0,0,0,0,0,0,0,0,0],"id":9,"left_children":[1,3,5,-1,7,9,-1,-1,-1,-1,-1],"loss_changes":[6.6398574E3,6.139663E2,4.100774E2,0E0,2.823761E0,1.5986938E1,0E0,0E0,0E0,0E0,0E0],"parents":[2147483647,0,0,1,1,2,2,4,4,5,5],"right_children":[2,4,6,-1,8,10,-1,-1,-1,-1,-1],"split_conditions":[5.085392E-1,2.0116714E-1,8.159707E-1,-3.702757E0,4.069017E-1,6.090305E-1,3.1513145E0,-9.994171E-1,-2.556015E-1,2.464859E-1,1.105486E0],"split_indices":[0,0,0,0,0,0,0,0,0,0,0],"split_type":[0,0,0,0,0,0,0,0,0,0,0],"sum_hessian":[9E0,4E0,5E0,2E0,2E0,3E0,2E0,1E0,1E0,1E0,2E0],"tree_param":{"num_deleted":"0","num_feature":"2","num_nodes":"11","size_leaf_vector":"1"}},{"base_weights":[-3.6488953E-1,-2.5504505E1,2.0645605E1,-3.0666527E1,-2.4282074E-1,8.909203E0,2.9412272E0,-3.4559064E0,-9.4944614E-1,2.3416138E-1,1.0317861E0],"categories":[],"categories_nodes":[],"categories_segments":[],"categories_sizes":[],"default_left":[0,0,0,0,0,0,0,0,0,0,0],"id":10,"left_children":[1,3,5,7,-1,9,-1,-1,-1,-1,-1],"loss_changes":[5.808513E3,5.211372E2,3.5529492E2,1.5324707E0,0E0,1.28454895E1,0E0,0E0,0E0,0E0,0E0],"parents":[2147483647,0,0,1,1,2,2,3,3,5,5],"right_children":[2,4,6,8,-1,10,-1,-1,-1,-1,-1],"split_conditions":[5.085392E-1,4.069017E-1,8.159707E-1,2.0116714E-1,-2.4282074E-1,6.090305E-1,2.9412272E0,-3.4559064E0,-9.4944614E-1,2.3416138E-1,1.0317861E0],"split_indices":[0,0,0,0,0,0,0,0,0,0,0],"split_type":[0,0,0,0,0,0,0,0,0,0,0],"sum_hessian":[9E0,4E0,5E0,3E0,1E0,3E0,2E0,2E0,1E0,1E0,2E0],"tree_param":{"num_deleted":"0","num_feature":"2","num_nodes":"11","size_leaf_vector":"1"}},{"base_weights":[-3.7250367E-1,-2.3883692E1,1.9282236E1,-2.8701217E0,-2.3067932E-1,8.334763E0,2.7451456E0,2.2245331E-1,9.6299946E-1],"categories":[],"categories_nodes":[],"categories_segments":[],"categories_sizes":[],"default_left":[0,0,0,0,0,0,0,0,0],"id":11,"left_children":[1,3,5,-1,-1,7,-1,-1,-1],"loss_changes":[5.0815938E3,4.5352856E2,3.0779248E2,0E0,0E0,1.02344055E1,0E0,0E0,0E0],"parents":[2147483647,0,0,1,1,2,2,5,5],"right_children":[2,4,6,-1,-1,8,-1,-1,-1],"split_conditions":[5.085392E-1,4.069017E-1,8.159707E-1,-2.8701217E0,-2.3067932E-1,6.090305E-1,2.7451456E0,2.2245331E-1,9.6299946E-1],"split_indices":[0,0,0,0,0,0,0,0,0],"split_type":[0,0,0,0,0,0,0,0,0],"sum_hessian":[9E0,4E0,5E0,3E0,1E0,3E0,2E0,1E0,2E0],"tree_param":{"num_deleted":"0","num_feature":"2","num_nodes":"9","size_leaf_vector":"1"}},{"base_weights":[-2.522766E-1,-2.2115484E1,1.800911E1,-3.0341716E0,-6.517426E-1,7.7976456E0,2.562136E0,2.1133117E-1,8.9879864E-1],"categories":[],"categories_nodes":[],"categories_segments":[],"categories_sizes":[],"default_left":[0,0,0,0,0,0,0,0,0],"id":12,"left_children":[1,3,5,-1,-1,7,-1,-1,-1],"loss_changes":[4.390805E3,4.438164E2,2.666068E2,0E0,0E0,8.070755E0,0E0,0E0,0E0],"parents":[2147483647,0,0,1,1,2,2,5,5],"right_children":[2,4,6,-1,-1,8,-1,-1,-1],"split_conditions":[5.085392E-1,2.0116714E-1,8.159707E-1,-3.0341716E0,-6.517426E-1,6.090305E-1,2.562136E0,2.1133117E-1,8.9879864E-1],"split_indices":[0,0,0,0,0,0,0,0,0],"split_type":[0,0,0,0,0,0,0,0,0],"sum_hessian":[9E0,4E0,5E0,2E0,2E0,3E0,2E0,1E0,2E0],"tree_param":{"num_deleted":"0","num_feature":"2","num_nodes":"9","size_leaf_vector":"1"}},{"base_weights":[-2.2841492E-1,-2.0641119E1,1.6820242E1,-2.831893E0,-6.082937E0,7.29541E0,2.391327E0,-7.25882E-1,-1.8655853E-1,2.0076446E-1,8.3887833E-1],"categories":[],"categories_nodes":[],"categories_segments":[],"categories_sizes":[],"default_left":[0,0,0,0,0,0,0,0,0,0,0],"id":13,"left_children":[1,3,5,-1,7,9,-1,-1,-1,-1,-1],"loss_changes":[3.8272805E3,3.8661255E2,2.3090234E2,0E0,1.3353806E0,6.2843018E0,0E0,0E0,0E0,0E0,0E0],"parents":[2147483647,0,0,1,1,2,2,4,4,5,5],"right_children":[2,4,6,-1,8,10,-1,-1,-1,-1,-1],"split_conditions":[5.085392E-1,2.0116714E-1,8.159707E-1,-2.831893E0,4.069017E-1,6.090305E-1,2.391327E0,-7.25882E-1,-1.8655853E-1,2.0076446E-1,8.3887833E-1],"split_indices":[0,0,0,0,0,0,0,0,0,0,0],"split_type":[0,0,0,0,0,0,0,0,0,0,0],"sum_hessian":[9E0,4E0,5E0,2E0,2E0,3E0,2E0,1E0,1E0,1E0,2E0],"tree_param":{"num_deleted":"0","num_feature":"2","num_nodes":"11","size_leaf_vector":"1"}},{"base_weights":[-2.3691101E-1,-1.9325878E1,1.5710048E1,-2.643101E0,-5.778788E0,6.825783E0,2.2319052E0,-6.895874E-1,-1.7723083E-1,1.9072571E-1,7.829539E-1],"categories":[],"categories_nodes":[],"categories_segments":[],"categories_sizes":[],"default_left":[0,0,0,0,0,0,0,0,0,0,0],"id":14,"left_children":[1,3,5,-1,7,9,-1,-1,-1,-1,-1],"loss_changes":[3.3477202E3,3.2853003E2,1.9995178E2,0E0,1.2051315E0,4.815048E0,0E0,0E0,0E0,0E0,0E0],"parents":[2147483647,0,0,1,1,2,2,4,4,5,5],"right_children":[2,4,6,-1,8,10,-1,-1,-1,-1,-1],"split_conditions":[5.085392E-1,2.0116714E-1,8.159707E-1,-2.643101E0,4.069017E-1,6.090305E-1,2.2319052E0,-6.895874E-1,-1.7723083E-1,1.9072571E-1,7.829539E-1],"split_indices":[0,0,0,0,0,0,0,0,0,0,0],"split_type":[0,0,0,0,0,0,0,0,0,0,0],"sum_hessian":[9E0,4E0,5E0,2E0,2E0,3E0,2E0,1E0,1E0,1E0,2E0],"tree_param":{"num_deleted":"0","num_feature":"2","num_nodes":"11","size_leaf_vector":"1"}},{"base_weights":[-2.436554E-1,-1.8095276E1,1.4673305E1,-2.4668946E0,-5.4898477E0,6.3866196E0,2.0831115E0,-6.5510863E-1,-1.6836853E-1,1.8118897E-1,7.3075664E-1],"categories":[],"categories_nodes":[],"categories_segments":[],"categories_sizes":[],"default_left":[0,0,0,0,0,0,0,0,0,0,0],"id":15,"left_children":[1,3,5,-1,7,9,-1,-1,-1,-1,-1],"loss_changes":[2.9284365E3,2.7889075E2,1.7312671E2,0E0,1.0877762E0,3.6118317E0,0E0,0E0,0E0,0E0,0E0],"parents":[2147483647,0,0,1,1,2,2,4,4,5,5],"right_children":[2,4,6,-1,8,10,-1,-1,-1,-1,-1],"split_conditions":[5.085392E-1,2.0116714E-1,8.159707E-1,-2.4668946E0,4.069017E-1,6.090305E-1,2.0831115E0,-6.5510863E-1,-1.6836853E-1,1.8118897E-1,7.3075664E-1],"split_indices":[0,0,0,0,0,0,0,0,0,0,0],"split_type":[0,0,0,0,0,0,0,0,0,0,0],"sum_hessian":[9E0,4E0,5E0,2E0,2E0,3E0,2E0,1E0,1E0,1E0,2E0],"tree_param":{"num_deleted":"0","num_feature":"2","num_nodes":"11","size_leaf_vector":"1"}},{"base_weights":[-2.4881592E-1,-1.6943823E1,1.3705159E1,-2.3024354E0,-5.2153525E0,5.975952E0,1.9442383E0,-6.223526E-1,-1.5995026E-1,1.7212982E-1,6.820404E-1],"categories":[],"categories_nodes":[],"categories_segments":[],"categories_sizes":[],"default_left":[0,0,0,0,0,0,0,0,0,0,0],"id":16,"left_children":[1,3,5,-1,7,9,-1,-1,-1,-1,-1],"loss_changes":[2.561835E3,2.3649646E2,1.498783E2,0E0,9.8166656E-1,2.6314392E0,0E0,0E0,0E0,0E0,0E0],"parents":[2147483647,0,0,1,1,2,2,4,4,5,5],"right_children":[2,4,6,-1,8,10,-1,-1,-1,-1,-1],"split_conditions":[5.085392E-1,2.0116714E-1,8.159707E-1,-2.3024354E0,4.069017E-1,6.090305E-1,1.9442383E0,-6.223526E-1,-1.5995026E-1,1.7212982E-1,6.820404E-1],"split_indices":[0,0,0,0,0,0,0,0,0,0,0],"split_type":[0,0,0,0,0,0,0,0,0,0,0],"sum_hessian":[9E0,4E0,5E0,2E0,2E0,3E0,2E0,1E0,1E0,1E0,2E0],"tree_param":{"num_deleted":"0","num_feature":"2","num_nodes":"11","size_leaf_vector":"1"}},{"base_weights":[-2.525696E-1,-1.5866394E1,1.2801045E1,-1.9073227E1,-1.5195313E-1,5.5919037E0,1.8146219E0,-2.14894E0,-5.9123534E-1,1.6352387E-1,6.365713E-1],"categories":[],"categories_nodes":[],"categories_segments":[],"categories_sizes":[],"default_left":[0,0,0,0,0,0,0,0,0,0,0],"id":17,"left_children":[1,3,5,7,-1,9,-1,-1,-1,-1,-1],"loss_changes":[2.241275E3,2.0105762E2,1.2973285E2,1.4282227E-1,0E0,1.8373566E0,0E0,0E0,0E0,0E0,0E0],"parents":[2147483647,0,0,1,1,2,2,3,3,5,5],"right_children":[2,4,6,8,-1,10,-1,-1,-1,-1,-1],"split_conditions":[5.085392E-1,4.069017E-1,8.159707E-1,2.0116714E-1,-1.5195313E-1,6.090305E-1,1.8146219E0,-2.14894E0,-5.9123534E-1,1.6352387E-1,6.365713E-1],"split_indices":[0,0,0,0,0,0,0,0,0,0,0],"split_type":[0,0,0,0,0,0,0,0,0,0,0],"sum_hessian":[9E0,4E0,5E0,3E0,1E0,3E0,2E0,2E0,1E0,1E0,2E0],"tree_param":{"num_deleted":"0","num_feature":"2","num_nodes":"11","size_leaf_vector":"1"}},{"base_weights":[-2.5505677E-1,-1.4858185E1,1.1956726E1,-1.7850952E0,-1.4435577E-1,3.546529E-1,1.5275192E0],"categories":[],"categories_nodes":[],"categories_segments":[],"categories_sizes":[],"default_left":[0,0,0,0,0,0,0],"id":18,"left_children":[1,3,5,-1,-1,-1,-1],"loss_changes":[1.9609576E3,1.7496533E2,1.13279785E2,0E0,0E0,0E0,0E0],"parents":[2147483647,0,0,1,1,2,2],"right_children":[2,4,6,-1,-1,-1,-1],"split_conditions":[5.085392E-1,4.069017E-1,7.1515995E-1,-1.7850952E0,-1.4435577E-1,3.546529E-1,1.5275192E0],"split_indices":[0,0,0,0,0,0,0],"split_type":[0,0,0,0,0,0,0],"sum_hessian":[9E0,4E0,5E0,3E0,1E0,2E0,3E0],"tree_param":{"num_deleted":"0","num_feature":"2","num_nodes":"7","size_leaf_vector":"1"}},{"base_weights":[-2.3428039E-1,-1.3758258E1,1.1074748E1,-1.886672E0,-4.063711E-1,4.673538E0,1.5918111E0,1.3761596E-1,5.313944E-1],"categories":[],"categories_nodes":[],"categories_segments":[],"categories_sizes":[],"default_left":[0,0,0,0,0,0,0,0,0],"id":19,"left_children":[1,3,5,-1,-1,7,-1,-1,-1],"loss_changes":[1.6817998E3,1.7095215E2,1.116264E2,0E0,0E0,1.133812E0,0E0,0E0,0E0],"parents":[2147483647,0,0,1,1,2,2,5,5],"right_children":[2,4,6,-1,-1,8,-1,-1,-1],"split_conditions":[5.085392E-1,2.0116714E-1,8.159707E-1,-1.886672E0,-4.063711E-1,6.090305E-1,1.5918111E0,1.3761596E-1,5.313944E-1],"split_indices":[0,0,0,0,0,0,0,0,0],"split_type":[0,0,0,0,0,0,0,0,0],"sum_hessian":[9E0,4E0,5E0,2E0,2E0,3E0,2E0,1E0,2E0],"tree_param":{"num_deleted":"0","num_feature":"2","num_nodes":"9","size_leaf_vector":"1"}},{"base_weights":[-2.140747E-1,-1.5467209E1,8.532584E0,-1.7608948E0,-4.5209962E-1,1.7312241E0,1.3200798E0,-1.1681976E-1,3.087097E-1],"categories":[],"categories_nodes":[],"categories_segments":[],"categories_sizes":[],"default_left":[0,0,0,0,0,0,0,0,0],"id":20,"left_children":[1,3,5,-1,-1,7,-1,-1,-1],"loss_changes":[1.4661149E3,1.416571E1,1.9939783E2,0E0,0E0,1.9331333E1,0E0,0E0,0E0],"parents":[2147483647,0,0,1,1,2,2,5,5],"right_children":[2,4,6,-1,-1,8,-1,-1,-1],"split_conditions":[4.069017E-1,2.0116714E-1,7.1515995E-1,-1.7608948E0,-4.5209962E-1,5.085392E-1,1.3200798E0,-1.1681976E-1,3.087097E-1],"split_indices":[0,0,0,0,0,0,0,0,0],"split_type":[0,0,0,0,0,0,0,0,0],"sum_hessian":[9E0,3E0,6E0,2E0,1E0,3E0,3E0,1E0,2E0],"tree_param":{"num_deleted":"0","num_feature":"2","num_nodes":"9","size_leaf_vector":"1"}},{"base_weights":[-2.6276857E-1,-1.447374E1,7.8953247E0,-1.6435019E0,-4.2949525E-1,2.667334E0,1.3976868E0,-1.109787E-1,3.889061E0,1.1529999E-1,4.416748E-1],"categories":[],"categories_nodes":[],"categories_segments":[],"categories_sizes":[],"default_left":[0,0,0,0,0,0,0,0,0,0,0],"id":21,"left_children":[1,3,5,-1,-1,7,-1,-1,9,-1,-1],"loss_changes":[1.2736191E3,9.266113E0,1.8527878E2,0E0,0E0,2.738908E1,0E0,0E0,6.8262863E-1,0E0,0E0],"parents":[2147483647,0,0,1,1,2,2,5,5,8,8],"right_children":[2,4,6,-1,-1,8,-1,-1,10,-1,-1],"split_conditions":[4.069017E-1,2.0116714E-1,8.159707E-1,-1.6435019E0,-4.2949525E-1,5.085392E-1,1.3976868E0,-1.109787E-1,6.090305E-1,1.1529999E-1,4.416748E-1],"split_indices":[0,0,0,0,0,0,0,0,0,0,0],"split_type":[0,0,0,0,0,0,0,0,0,0,0],"sum_hessian":[9E0,3E0,6E0,2E0,1E0,4E0,2E0,1E0,3E0,1E0,2E0],"tree_param":{"num_deleted":"0","num_feature":"2","num_nodes":"11","size_leaf_vector":"1"}},{"base_weights":[-2.5942078E-1,-1.125741E1,8.948807E0,-1.5339355E0,-3.422994E0,4.725043E0,1.5033814E0,-4.0802002E-1,-1.05429076E-1,1.0953522E-1,5.3586274E-1],"categories":[],"categories_nodes":[],"categories_segments":[],"categories_sizes":[],"default_left":[0,0,0,0,0,0,0,0,0,0,0],"id":22,"left_children":[1,3,5,-1,7,9,-1,-1,-1,-1,-1],"loss_changes":[1.1134602E3,1.0739172E2,8.317441E1,0E0,3.684616E-1,5.628998E0,0E0,0E0,0E0,0E0,0E0],"parents":[2147483647,0,0,1,1,2,2,4,4,5,5],"right_children":[2,4,6,-1,8,10,-1,-1,-1,-1,-1],"split_conditions":[5.085392E-1,2.0116714E-1,9.188107E-1,-1.5339355E0,4.069017E-1,6.090305E-1,1.5033814E0,-4.0802002E-1,-1.05429076E-1,1.0953522E-1,5.3586274E-1],"split_indices":[0,0,0,0,0,0,0,0,0,0,0],"split_type":[0,0,0,0,0,0,0,0,0,0,0],"sum_hessian":[9E0,4E0,5E0,2E0,2E0,4E0,1E0,1E0,1E0,1E0,3E0],"tree_param":{"num_deleted":"0","num_feature":"2","num_nodes":"11","size_leaf_vector":"1"}},{"base_weights":[-2.2333679E-1,-1.0541143E1,8.412059E0,-1.4316732E0,-3.2518413E0,4.3816223E0,1.428212E0,-3.8761902E-1,-1.00157164E-1,1.0405884E-1,4.956734E-1],"categories":[],"categories_nodes":[],"categories_segments":[],"categories_sizes":[],"default_left":[0,0,0,0,0,0,0,0,0,0,0],"id":23,"left_children":[1,3,5,-1,7,9,-1,-1,-1,-1,-1],"loss_changes":[9.796561E2,9.105127E1,7.937457E1,0E0,3.3257866E-1,4.4494095E0,0E0,0E0,0E0,0E0,0E0],"parents":[2147483647,0,0,1,1,2,2,4,4,5,5],"right_children":[2,4,6,-1,8,10,-1,-1,-1,-1,-1],"split_conditions":[5.085392E-1,2.0116714E-1,9.188107E-1,-1.4316732E0,4.069017E-1,6.090305E-1,1.428212E0,-3.8761902E-1,-1.00157164E-1,1.0405884E-1,4.956734E-1],"split_indices":[0,0,0,0,0,0,0,0,0,0,0],"split_type":[0,0,0,0,0,0,0,0,0,0,0],"sum_hessian":[9E0,4E0,5E0,2E0,2E0,4E0,1E0,1E0,1E0,1E0,3E0],"tree_param":{"num_deleted":"0","num_feature":"2","num_nodes":"11","size_leaf_vector":"1"}},{"base_weights":[-1.9015197E-1,-9.870916E0,7.908844E0,-1.18629E0,-9.5149234E-2,4.0634093E0,1.3568009E0,9.885559E-2,4.584984E-1],"categories":[],"categories_nodes":[],"categories_segments":[],"categories_sizes":[],"default_left":[0,0,0,0,0,0,0,0,0],"id":24,"left_children":[1,3,5,-1,-1,7,-1,-1,-1],"loss_changes":[8.621123E2,7.7549255E1,7.543933E1,0E0,0E0,3.4863129E0,0E0,0E0,0E0],"parents":[2147483647,0,0,1,1,2,2,5,5],"right_children":[2,4,6,-1,-1,8,-1,-1,-1],"split_conditions":[5.085392E-1,4.069017E-1,9.188107E-1,-1.18629E0,-9.5149234E-2,6.090305E-1,1.3568009E0,9.885559E-2,4.584984E-1],"split_indices":[0,0,0,0,0,0,0,0,0],"split_type":[0,0,0,0,0,0,0,0,0],"sum_hessian":[9E0,4E0,5E0,3E0,1E0,4E0,1E0,1E0,3E0],"tree_param":{"num_deleted":"0","num_feature":"2","num_nodes":"9","size_leaf_vector":"1"}},{"base_weights":[-1.07867435E-1,-9.140119E0,7.4369864E0,-1.2571431E0,-2.6620993E-1,3.7685425E0,1.2889603E0,9.391327E-2,4.241112E-1],"categories":[],"categories_nodes":[],"categories_segments":[],"categories_sizes":[],"default_left":[0,0,0,0,0,0,0,0,0],"id":25,"left_children":[1,3,5,-1,-1,7,-1,-1,-1],"loss_changes":[7.4944507E2,7.7674164E1,7.1440674E1,0E0,0E0,2.7024841E0,0E0,0E0,0E0],"parents":[2147483647,0,0,1,1,2,2,5,5],"right_children":[2,4,6,-1,-1,8,-1,-1,-1],"split_conditions":[5.085392E-1,2.0116714E-1,9.188107E-1,-1.2571431E0,-2.6620993E-1,6.090305E-1,1.2889603E0,9.391327E-2,4.241112E-1],"split_indices":[0,0,0,0,0,0,0,0,0],"split_type":[0,0,0,0,0,0,0,0,0],"sum_hessian":[9E0,4E0,5E0,2E0,2E0,4E0,1E0,1E0,3E0],"tree_param":{"num_deleted":"0","num_feature":"2","num_nodes":"9","size_leaf_vector":"1"}},{"base_weights":[-6.871643E-2,-8.53078E0,6.994456E0,-1.1733338E0,-2.4846294E0,3.4953003E0,1.2245117E0,-2.956131E-1,-7.70813E-2,8.921814E-2,3.9230347E-1],"categories":[],"categories_nodes":[],"categories_segments":[],"categories_sizes":[],"default_left":[0,0,0,0,0,0,0,0,0,0,0],"id":26,"left_children":[1,3,5,-1,7,9,-1,-1,-1,-1,-1],"loss_changes":[6.573583E2,6.766275E1,6.743695E1,0E0,1.4557838E-1,2.0671577E0,0E0,0E0,0E0,0E0,0E0],"parents":[2147483647,0,0,1,1,2,2,4,4,5,5],"right_children":[2,4,6,-1,8,10,-1,-1,-1,-1,-1],"split_conditions":[5.085392E-1,2.0116714E-1,9.188107E-1,-1.1733338E0,4.069017E-1,6.090305E-1,1.2245117E0,-2.956131E-1,-7.70813E-2,8.921814E-2,3.9230347E-1],"split_indices":[0,0,0,0,0,0,0,0,0,0,0],"split_type":[0,0,0,0,0,0,0,0,0,0,0],"sum_hessian":[9E0,4E0,5E0,2E0,2E0,4E0,1E0,1E0,1E0,1E0,3E0],"tree_param":{"num_deleted":"0","num_feature":"2","num_nodes":"11","size_leaf_vector":"1"}},{"base_weights":[-4.5843504E-2,-7.9869018E0,6.5793457E0,-1.0951111E0,-2.3603923E0,3.2420716E0,1.1632859E0,-2.808319E-1,-7.322693E-2,8.475647E-2,3.628807E-1],"categories":[],"categories_nodes":[],"categories_segments":[],"categories_sizes":[],"default_left":[0,0,0,0,0,0,0,0,0,0,0],"id":27,"left_children":[1,3,5,-1,7,9,-1,-1,-1,-1,-1],"loss_changes":[5.7865875E2,5.754184E1,6.347519E1,0E0,1.3139534E-1,1.5545578E0,0E0,0E0,0E0,0E0,0E0],"parents":[2147483647,0,0,1,1,2,2,4,4,5,5],"right_children":[2,4,6,-1,8,10,-1,-1,-1,-1,-1],"split_conditions":[5.085392E-1,2.0116714E-1,9.188107E-1,-1.0951111E0,4.069017E-1,6.090305E-1,1.1632859E0,-2.808319E-1,-7.322693E-2,8.475647E-2,3.628807E-1],"split_indices":[0,0,0,0,0,0,0,0,0,0,0],"split_type":[0,0,0,0,0,0,0,0,0,0,0],"sum_hessian":[9E0,4E0,5E0,2E0,2E0,4E0,1E0,1E0,1E0,1E0,3E0],"tree_param":{"num_deleted":"0","num_feature":"2","num_nodes":"11","size_leaf_vector":"1"}},{"base_weights":[-2.5082398E-2,-7.4780397E0,6.1898956E0,-1.0221028E0,-2.2423706E0,3.0073915E0,1.1051209E0,-2.6679078E-1,-6.956482E-2,8.05191E-2,3.3566436E-1],"categories":[],"categories_nodes":[],"categories_segments":[],"categories_sizes":[],"default_left":[0,0,0,0,0,0,0,0,0,0,0],"id":28,"left_children":[1,3,5,-1,7,9,-1,-1,-1,-1,-1],"loss_changes":[5.0948795E2,4.8887604E1,5.9591583E1,0E0,1.1863804E-1,1.1428757E0,0E0,0E0,0E0,0E0,0E0],"parents":[2147483647,0,0,1,1,2,2,4,4,5,5],"right_children":[2,4,6,-1,8,10,-1,-1,-1,-1,-1],"split_conditions":[5.085392E-1,2.0116714E-1,9.188107E-1,-1.0221028E0,4.069017E-1,6.090305E-1,1.1051209E0,-2.6679078E-1,-6.956482E-2,8.05191E-2,3.3566436E-1],"split_indices":[0,0,0,0,0,0,0,0,0,0,0],"split_type":[0,0,0,0,0,0,0,0,0,0,0],"sum_hessian":[9E0,4E0,5E0,2E0,2E0,4E0,1E0,1E0,1E0,1E0,3E0],"tree_param":{"num_deleted":"0","num_feature":"2","num_nodes":"11","size_leaf_vector":"1"}},{"base_weights":[-6.289673E-3,-7.001929E0,5.8244576E0,-9.539632E-1,-2.130249E0,1.9717026E-1,9.0199786E-1,-2.5345156E-1,-6.6085815E-2],"categories":[],"categories_nodes":[],"categories_segments":[],"categories_sizes":[],"default_left":[0,0,0,0,0,0,0,0,0],"id":29,"left_children":[1,3,5,-1,7,-1,-1,-1,-1],"loss_changes":[4.486805E2,4.1492615E1,5.608464E1,0E0,1.07120514E-1,0E0,0E0,0E0,0E0],"parents":[2147483647,0,0,1,1,2,2,4,4],"right_children":[2,4,6,-1,8,-1,-1,-1,-1],"split_conditions":[5.085392E-1,2.0116714E-1,8.159707E-1,-9.539632E-1,4.069017E-1,1.9717026E-1,9.0199786E-1,-2.5345156E-1,-6.6085815E-2],"split_indices":[0,0,0,0,0,0,0,0,0],"split_type":[0,0,0,0,0,0,0,0,0],"sum_hessian":[9E0,4E0,5E0,2E0,2E0,3E0,2E0,1E0,1E0],"tree_param":{"num_deleted":"0","num_feature":"2","num_nodes":"9","size_leaf_vector":"1"}},{"base_weights":[-2.3098756E-2,-6.5564394E0,5.4252014E0,-8.903667E-1,-2.0237324E0,2.4911866E0,1.0047638E0,-2.4077912E-1,-6.278076E-2,6.663513E-2,2.7808076E-1],"categories":[],"categories_nodes":[],"categories_segments":[],"categories_sizes":[],"default_left":[0,0,0,0,0,0,0,0,0,0,0],"id":30,"left_children":[1,3,5,-1,7,9,-1,-1,-1,-1,-1],"loss_changes":[3.91526E2,3.517781E1,5.634323E1,0E0,9.672165E-2,7.895584E-1,0E0,0E0,0E0,0E0,0E0],"parents":[2147483647,0,0,1,1,2,2,4,4,5,5],"right_children":[2,4,6,-1,8,10,-1,-1,-1,-1,-1],"split_conditions":[5.085392E-1,2.0116714E-1,9.188107E-1,-8.903667E-1,4.069017E-1,6.090305E-1,1.0047638E0,-2.4077912E-1,-6.278076E-2,6.663513E-2,2.7808076E-1],"split_indices":[0,0,0,0,0,0,0,0,0,0,0],"split_type":[0,0,0,0,0,0,0,0,0,0,0],"sum_hessian":[9E0,4E0,5E0,2E0,2E0,4E0,1E0,1E0,1E0,1E0,3E0],"tree_param":{"num_deleted":"0","num_feature":"2","num_nodes":"11","size_leaf_vector":"1"}},{"base_weights":[-5.2307127E-3,-6.139575E0,5.107595E0,-9.7325593E-1,-2.8081894E0,2.3110108E0,9.5452577E-1,-3.346639E-1,-5.9642028E-2,6.3302614E-2,2.5722504E-1],"categories":[],"categories_nodes":[],"categories_segments":[],"categories_sizes":[],"default_left":[0,0,0,0,0,0,0,0,0,0,0],"id":31,"left_children":[1,3,5,-1,7,9,-1,-1,-1,-1,-1],"loss_changes":[3.449968E2,3.2517212E1,5.2402588E1,0E0,2.767702E0,5.6347847E-1,0E0,0E0,0E0,0E0,0E0],"parents":[2147483647,0,0,1,1,2,2,4,4,5,5],"right_children":[2,4,6,-1,8,10,-1,-1,-1,-1,-1],"split_conditions":[5.085392E-1,1.0166964E-1,9.188107E-1,-9.7325593E-1,4.069017E-1,6.090305E-1,9.5452577E-1,-3.346639E-1,-5.9642028E-2,6.3302614E-2,2.5722504E-1],"split_indices":[0,0,0,0,0,0,0,0,0,0,0],"split_type":[0,0,0,0,0,0,0,0,0,0,0],"sum_hessian":[9E0,4E0,5E0,1E0,3E0,4E0,1E0,2E0,1E0,1E0,3E0],"tree_param":{"num_deleted":"0","num_feature":"2","num_nodes":"11","size_leaf_vector":"1"}},{"base_weights":[-1.3961792E-2,-5.7991333E0,4.8093414E0,-9.245926E-1,-2.6259537E0,2.1440125E0,9.067993E-1,-3.1235352E-1,-5.6660462E-2,6.013794E-2,2.379326E-1],"categories":[],"categories_nodes":[],"categories_segments":[],"categories_sizes":[],"default_left":[0,0,0,0,0,0,0,0,0,0,0],"id":32,"left_children":[1,3,5,-1,7,9,-1,-1,-1,-1,-1],"loss_changes":[3.069264E2,3.040709E1,4.8662354E1,0E0,2.328968E0,3.841343E-1,0E0,0E0,0E0,0E0,0E0],"parents":[2147483647,0,0,1,1,2,2,4,4,5,5],"right_children":[2,4,6,-1,8,10,-1,-1,-1,-1,-1],"split_conditions":[5.085392E-1,1.0166964E-1,9.188107E-1,-9.245926E-1,4.069017E-1,6.090305E-1,9.067993E-1,-3.1235352E-1,-5.6660462E-2,6.013794E-2,2.379326E-1],"split_indices":[0,0,0,0,0,0,0,0,0,0,0],"split_type":[0,0,0,0,0,0,0,0,0,0,0],"sum_hessian":[9E0,4E0,5E0,1E0,3E0,4E0,1E0,2E0,1E0,1E0,3E0],"tree_param":{"num_deleted":"0","num_feature":"2","num_nodes":"11","size_leaf_vector":"1"}},{"base_weights":[-2.1444703E-2,-5.477942E0,4.5292106E0,-8.783631E-1,-2.4556122E0,1.9892151E0,8.614594E-1,-2.9153034E-1,-5.3826906E-2,5.7130434E-2,2.2008668E-1],"categories":[],"categories_nodes":[],"categories_segments":[],"categories_sizes":[],"default_left":[0,0,0,0,0,0,0,0,0,0,0],"id":33,"left_children":[1,3,5,-1,7,9,-1,-1,-1,-1,-1],"loss_changes":[2.731171E2,2.8385208E1,4.512484E1,0E0,1.9563274E0,2.4315071E-1,0E0,0E0,0E0,0E0,0E0],"parents":[2147483647,0,0,1,1,2,2,4,4,5,5],"right_children":[2,4,6,-1,8,10,-1,-1,-1,-1,-1],"split_conditions":[5.085392E-1,1.0166964E-1,9.188107E-1,-8.783631E-1,4.069017E-1,6.090305E-1,8.614594E-1,-2.9153034E-1,-5.3826906E-2,5.7130434E-2,2.2008668E-1],"split_indices":[0,0,0,0,0,0,0,0,0,0,0],"split_type":[0,0,0,0,0,0,0,0,0,0,0],"sum_hessian":[9E0,4E0,5E0,1E0,3E0,4E0,1E0,2E0,1E0,1E0,3E0],"tree_param":{"num_deleted":"0","num_feature":"2","num_nodes":"11","size_leaf_vector":"1"}},{"base_weights":[-2.7804565E-2,-5.17489E0,4.2660675E0,-8.344452E-1,-2.2963867E0,1.8457336E0,8.1838685E-1,-2.7209473E-1,-5.1135253E-2,5.427399E-2,2.0357971E-1],"categories":[],"categories_nodes":[],"categories_segments":[],"categories_sizes":[],"default_left":[0,0,0,0,0,0,0,0,0,0,0],"id":34,"left_children":[1,3,5,-1,7,9,-1,-1,-1,-1,-1],"loss_changes":[2.4308568E2,2.6455887E1,4.178907E1,0E0,1.6400585E0,1.3334656E-1,0E0,0E0,0E0,0E0,0E0],"parents":[2147483647,0,0,1,1,2,2,4,4,5,5],"right_children":[2,4,6,-1,8,10,-1,-1,-1,-1,-1],"split_conditions":[5.085392E-1,1.0166964E-1,9.188107E-1,-8.344452E-1,4.069017E-1,6.090305E-1,8.1838685E-1,-2.7209473E-1,-5.1135253E-2,5.427399E-2,2.0357971E-1],"split_indices":[0,0,0,0,0,0,0,0,0,0,0],"split_type":[0,0,0,0,0,0,0,0,0,0,0],"sum_hessian":[9E0,4E0,5E0,1E0,3E0,4E0,1E0,2E0,1E0,1E0,3E0],"tree_param":{"num_deleted":"0","num_feature":"2","num_nodes":"11","size_leaf_vector":"1"}},{"base_weights":[-3.3166505E-2,-4.888934E0,4.0188346E0,-7.927231E-1,-2.1475525E0,1.712732E0,7.7746737E-1,-2.539551E-1,-4.8577882E-2,5.1560976E-2,1.8831101E-1],"categories":[],"categories_nodes":[],"categories_segments":[],"categories_sizes":[],"default_left":[0,0,0,0,0,0,0,0,0,0,0],"id":35,"left_children":[1,3,5,-1,7,9,-1,-1,-1,-1,-1],"loss_changes":[2.1640358E2,2.4621498E1,3.865217E1,0E0,1.3719902E0,4.8867226E-2,0E0,0E0,0E0,0E0,0E0],"parents":[2147483647,0,0,1,1,2,2,4,4,5,5],"right_children":[2,4,6,-1,8,10,-1,-1,-1,-1,-1],"split_conditions":[5.085392E-1,1.0166964E-1,9.188107E-1,-7.927231E-1,4.069017E-1,6.090305E-1,7.7746737E-1,-2.539551E-1,-4.8577882E-2,5.1560976E-2,1.8831101E-1],"split_indices":[0,0,0,0,0,0,0,0,0,0,0],"split_type":[0,0,0,0,0,0,0,0,0,0,0],"sum_hessian":[9E0,4E0,5E0,1E0,3E0,4E0,1E0,2E0,1E0,1E0,3E0],"tree_param":{"num_deleted":"0","num_feature":"2","num_nodes":"11","size_leaf_vector":"1"}},{"base_weights":[-3.7643433E-2,-4.619086E0,3.786499E0,-7.5308686E-1,-2.0084229E0,1.5894227E-1,7.3859406E-1,-2.3702393E-1,-4.6148684E-2],"categories":[],"categories_nodes":[],"categories_segments":[],"categories_sizes":[],"default_left":[0,0,0,0,0,0,0,0,0],"id":36,"left_children":[1,3,5,-1,7,-1,-1,-1,-1],"loss_changes":[1.9269104E2,2.2883255E1,3.57101E1,0E0,1.1449909E0,0E0,0E0,0E0,0E0],"parents":[2147483647,0,0,1,1,2,2,4,4],"right_children":[2,4,6,-1,8,-1,-1,-1,-1],"split_conditions":[5.085392E-1,1.0166964E-1,9.188107E-1,-7.5308686E-1,4.069017E-1,1.5894227E-1,7.3859406E-1,-2.3702393E-1,-4.6148684E-2],"split_indices":[0,0,0,0,0,0,0,0,0],"split_type":[0,0,0,0,0,0,0,0,0],"sum_hessian":[9E0,4E0,5E0,1E0,3E0,4E0,1E0,2E0,1E0],"tree_param":{"num_deleted":"0","num_feature":"2","num_nodes":"9","size_leaf_vector":"1"}},{"base_weights":[-4.7747802E-2,-4.3644285E0,3.5574443E0,-7.1543276E-1,-1.8783722E0,1.4622742E0,7.0166475E-1,-2.2122192E-1,-4.3841552E-2,4.1035462E-2,1.6226654E-1],"categories":[],"categories_nodes":[],"categories_segments":[],"categories_sizes":[],"default_left":[0,0,0,0,0,0,0,0,0,0,0],"id":37,"left_children":[1,3,5,-1,7,9,-1,-1,-1,-1,-1],"loss_changes":[1.7115085E2,2.124073E1,3.3225456E1,0E0,9.530306E-1,1.7772484E-1,0E0,0E0,0E0,0E0,0E0],"parents":[2147483647,0,0,1,1,2,2,4,4,5,5],"right_children":[2,4,6,-1,8,10,-1,-1,-1,-1,-1],"split_conditions":[5.085392E-1,1.0166964E-1,9.188107E-1,-7.1543276E-1,4.069017E-1,6.090305E-1,7.0166475E-1,-2.2122192E-1,-4.3841552E-2,4.1035462E-2,1.6226654E-1],"split_indices":[0,0,0,0,0,0,0,0,0,0,0],"split_type":[0,0,0,0,0,0,0,0,0,0,0],"sum_hessian":[9E0,4E0,5E0,1E0,3E0,4E0,1E0,2E0,1E0,1E0,3E0],"tree_param":{"num_deleted":"0","num_feature":"2","num_nodes":"11","size_leaf_vector":"1"}},{"base_weights":[-5.05249E-2,-4.1240845E0,3.3525288E0,-6.796616E-1,-1.7567978E0,1.3567078E0,6.6658175E-1,-2.0647381E-1,-4.1648865E-2,5.8908083E-2,1.6720988E-1],"categories":[],"categories_nodes":[],"categories_segments":[],"categories_sizes":[],"default_left":[0,0,0,0,0,0,0,0,0,0,0],"id":38,"left_children":[1,3,5,-1,7,9,-1,-1,-1,-1,-1],"loss_changes":[1.5245152E2,1.9692963E1,3.063282E1,0E0,7.9100037E-1,2.255125E-1,0E0,0E0,0E0,0E0,0E0],"parents":[2147483647,0,0,1,1,2,2,4,4,5,5],"right_children":[2,4,6,-1,8,10,-1,-1,-1,-1,-1],"split_conditions":[5.085392E-1,1.0166964E-1,9.188107E-1,-6.796616E-1,4.069017E-1,7.1515995E-1,6.6658175E-1,-2.0647381E-1,-4.1648865E-2,5.8908083E-2,1.6720988E-1],"split_indices":[0,0,0,0,0,0,0,0,0,0,0],"split_type":[0,0,0,0,0,0,0,0,0,0,0],"sum_hessian":[9E0,4E0,5E0,1E0,3E0,4E0,1E0,2E0,1E0,2E0,2E0],"tree_param":{"num_deleted":"0","num_feature":"2","num_nodes":"11","size_leaf_vector":"1"}},{"base_weights":[-4.8977662E-2,-3.897229E0,3.1660614E0,-6.456787E-1,-1.6431427E0,1.2662659E0,6.3325197E-1,-1.9270834E-1,-3.956604E-2,5.498149E-2,1.5606283E-1],"categories":[],"categories_nodes":[],"categories_segments":[],"categories_sizes":[],"default_left":[0,0,0,0,0,0,0,0,0,0,0],"id":39,"left_children":[1,3,5,-1,7,9,-1,-1,-1,-1,-1],"loss_changes":[1.3606165E2,1.8237907E1,2.8075085E1,0E0,6.543722E-1,1.9642544E-1,0E0,0E0,0E0,0E0,0E0],"parents":[2147483647,0,0,1,1,2,2,4,4,5,5],"right_children":[2,4,6,-1,8,10,-1,-1,-1,-1,-1],"split_conditions":[5.085392E-1,1.0166964E-1,9.188107E-1,-6.456787E-1,4.069017E-1,7.1515995E-1,6.3325197E-1,-1.9270834E-1,-3.956604E-2,5.498149E-2,1.5606283E-1],"split_indices":[0,0,0,0,0,0,0,0,0,0,0],"split_type":[0,0,0,0,0,0,0,0,0,0,0],"sum_hessian":[9E0,4E0,5E0,1E0,3E0,4E0,1E0,2E0,1E0,2E0,2E0],"tree_param":{"num_deleted":"0","num_feature":"2","num_nodes":"11","size_leaf_vector":"1"}},{"base_weights":[-4.7445677E-2,-3.6830933E0,2.9901683E0,-6.133942E-1,-1.5368958E0,1.1818421E0,6.0159E-1,-1.7986044E-1,-3.7588503E-2,5.1315308E-2,1.4565836E-1],"categories":[],"categories_nodes":[],"categories_segments":[],"categories_sizes":[],"default_left":[0,0,0,0,0,0,0,0,0,0,0],"id":40,"left_children":[1,3,5,-1,7,9,-1,-1,-1,-1,-1],"loss_changes":[1.21450005E2,1.6872795E1,2.5719208E1,0E0,5.3931713E-1,1.7113304E-1,0E0,0E0,0E0,0E0,0E0],"parents":[2147483647,0,0,1,1,2,2,4,4,5,5],"right_children":[2,4,6,-1,8,10,-1,-1,-1,-1,-1],"split_conditions":[5.085392E-1,1.0166964E-1,9.188107E-1,-6.133942E-1,4.069017E-1,7.1515995E-1,6.0159E-1,-1.7986044E-1,-3.7588503E-2,5.1315308E-2,1.4565836E-1],"split_indices":[0,0,0,0,0,0,0,0,0,0,0],"split_type":[0,0,0,0,0,0,0,0,0,0,0],"sum_hessian":[9E0,4E0,5E0,1E0,3E0,4E0,1E0,2E0,1E0,2E0,2E0],"tree_param":{"num_deleted":"0","num_feature":"2","num_nodes":"11","size_leaf_vector":"1"}},{"base_weights":[-4.5925904E-2,-3.4809449E0,2.8242443E0,-5.8272403E-1,-1.437561E0,1.1030518E0,5.715103E-1,-1.6786906E-1,-3.5708617E-2,4.7894288E-2,1.3594767E-1],"categories":[],"categories_nodes":[],"categories_segments":[],"categories_sizes":[],"default_left":[0,0,0,0,0,0,0,0,0,0,0],"id":41,"left_children":[1,3,5,-1,7,9,-1,-1,-1,-1,-1],"loss_changes":[1.0842191E2,1.5594898E1,2.3550297E1,0E0,4.427004E-1,1.4907408E-1,0E0,0E0,0E0,0E0,0E0],"parents":[2147483647,0,0,1,1,2,2,4,4,5,5],"right_children":[2,4,6,-1,8,10,-1,-1,-1,-1,-1],"split_conditions":[5.085392E-1,1.0166964E-1,9.188107E-1,-5.8272403E-1,4.069017E-1,7.1515995E-1,5.715103E-1,-1.6786906E-1,-3.5708617E-2,4.7894288E-2,1.3594767E-1],"split_indices":[0,0,0,0,0,0,0,0,0,0,0],"split_type":[0,0,0,0,0,0,0,0,0,0,0],"sum_hessian":[9E0,4E0,5E0,1E0,3E0,4E0,1E0,2E0,1E0,2E0,2E0],"tree_param":{"num_deleted":"0","num_feature":"2","num_nodes":"11","size_leaf_vector":"1"}},{"base_weights":[-4.4424437E-2,-3.2901063E0,2.6677144E0,-5.535874E-1,-1.344696E0,1.0295166E0,5.429352E-1,-1.5667725E-1,-3.392334E-2,4.470215E-2,1.2688395E-1],"categories":[],"categories_nodes":[],"categories_segments":[],"categories_sizes":[],"default_left":[0,0,0,0,0,0,0,0,0,0,0],"id":42,"left_children":[1,3,5,-1,7,9,-1,-1,-1,-1,-1],"loss_changes":[9.680445E1,1.4400627E1,2.1555042E1,0E0,3.6165667E-1,1.2982368E-1,0E0,0E0,0E0,0E0,0E0],"parents":[2147483647,0,0,1,1,2,2,4,4,5,5],"right_children":[2,4,6,-1,8,10,-1,-1,-1,-1,-1],"split_conditions":[5.085392E-1,1.0166964E-1,9.188107E-1,-5.535874E-1,4.069017E-1,7.1515995E-1,5.429352E-1,-1.5667725E-1,-3.392334E-2,4.470215E-2,1.2688395E-1],"split_indices":[0,0,0,0,0,0,0,0,0,0,0],"split_type":[0,0,0,0,0,0,0,0,0,0,0],"sum_hessian":[9E0,4E0,5E0,1E0,3E0,4E0,1E0,2E0,1E0,2E0,2E0],"tree_param":{"num_deleted":"0","num_feature":"2","num_nodes":"11","size_leaf_vector":"1"}},{"base_weights":[-4.295044E-2,-3.1099305E0,2.5200245E0,-5.2590793E-1,-1.2578735E0,9.6087646E-1,5.1578826E-1,-1.462321E-1,-3.2226562E-2,5.2049257E-2,1.361206E-1],"categories":[],"categories_nodes":[],"categories_segments":[],"categories_sizes":[],"default_left":[0,0,0,0,0,0,0,0,0,0,0],"id":43,"left_children":[1,3,5,-1,7,9,-1,-1,-1,-1,-1],"loss_changes":[8.644304E1,1.32864685E1,1.972078E1,0E0,2.9387474E-1,1.7299604E-1,0E0,0E0,0E0,0E0,0E0],"parents":[2147483647,0,0,1,1,2,2,4,4,5,5],"right_children":[2,4,6,-1,8,10,-1,-1,-1,-1,-1],"split_conditions":[5.085392E-1,1.0166964E-1,9.188107E-1,-5.2590793E-1,4.069017E-1,8.159707E-1,5.1578826E-1,-1.462321E-1,-3.2226562E-2,5.2049257E-2,1.361206E-1],"split_indices":[0,0,0,0,0,0,0,0,0,0,0],"split_type":[0,0,0,0,0,0,0,0,0,0,0],"sum_hessian":[9E0,4E0,5E0,1E0,3E0,4E0,1E0,2E0,1E0,3E0,1E0],"tree_param":{"num_deleted":"0","num_feature":"2","num_nodes":"11","size_leaf_vector":"1"}},{"base_weights":[-3.869629E-2,-2.9398072E0,2.3853455E0,-4.9961242E-1,-1.1766968E0,9.02417E-1,4.8999938E-1,-1.3648276E-1,-3.0615235E-2,4.814453E-2,1.2931518E-1],"categories":[],"categories_nodes":[],"categories_segments":[],"categories_sizes":[],"default_left":[0,0,0,0,0,0,0,0,0,0,0],"id":44,"left_children":[1,3,5,-1,7,9,-1,-1,-1,-1,-1],"loss_changes":[7.733659E1,1.2248646E1,1.7952423E1,0E0,2.3725939E-1,1.9985962E-1,0E0,0E0,0E0,0E0,0E0],"parents":[2147483647,0,0,1,1,2,2,4,4,5,5],"right_children":[2,4,6,-1,8,10,-1,-1,-1,-1,-1],"split_conditions":[5.085392E-1,1.0166964E-1,9.188107E-1,-4.9961242E-1,4.069017E-1,8.159707E-1,4.8999938E-1,-1.3648276E-1,-3.0615235E-2,4.814453E-2,1.2931518E-1],"split_indices":[0,0,0,0,0,0,0,0,0,0,0],"split_type":[0,0,0,0,0,0,0,0,0,0,0],"sum_hessian":[9E0,4E0,5E0,1E0,3E0,4E0,1E0,2E0,1E0,3E0,1E0],"tree_param":{"num_deleted":"0","num_feature":"2","num_nodes":"11","size_leaf_vector":"1"}},{"base_weights":[-3.475647E-2,-2.7791748E0,2.2580516E0,-4.7463226E-1,-1.1008072E0,4.4532776E-2,3.9223328E0,-1.2738444E-1,-2.9084777E-2,1.2285004E-1,4.6549988E-1],"categories":[],"categories_nodes":[],"categories_segments":[],"categories_sizes":[],"default_left":[0,0,0,0,0,0,0,0,0,0,0],"id":45,"left_children":[1,3,5,-1,7,-1,9,-1,-1,-1,-1],"loss_changes":[6.919977E1,1.1283199E1,1.6354568E1,0E0,1.9011736E-1,0E0,2.0236969E-1,0E0,0E0,0E0,0E0],"parents":[2147483647,0,0,1,1,2,2,4,4,6,6],"right_children":[2,4,6,-1,8,-1,10,-1,-1,-1,-1],"split_conditions":[5.085392E-1,1.0166964E-1,8.159707E-1,-4.7463226E-1,4.069017E-1,4.4532776E-2,9.188107E-1,-1.2738444E-1,-2.9084777E-2,1.2285004E-1,4.6549988E-1],"split_indices":[0,0,0,0,0,0,0,0,0,0,0],"split_type":[0,0,0,0,0,0,0,0,0,0,0],"sum_hessian":[9E0,4E0,5E0,1E0,3E0,3E0,2E0,2E0,1E0,1E0,1E0],"tree_param":{"num_deleted":"0","num_feature":"2","num_nodes":"11","size_leaf_vector":"1"}},{"base_weights":[-3.1103516E-2,-2.6274781E0,2.1377258E0,-4.509003E-1,-1.0298462E0,4.1193392E-2,3.7262065E0,-1.18892424E-1,-2.7630616E-2,1.1670685E-1,4.4222412E-1],"categories":[],"categories_nodes":[],"categories_segments":[],"categories_sizes":[],"default_left":[0,0,0,0,0,0,0,0,0,0,0],"id":46,"left_children":[1,3,5,-1,7,-1,9,-1,-1,-1,-1],"loss_changes":[6.1927757E1,1.0386337E1,1.491337E1,0E0,1.5097952E-1,0E0,1.8268967E-1,0E0,0E0,0E0,0E0],"parents":[2147483647,0,0,1,1,2,2,4,4,6,6],"right_children":[2,4,6,-1,8,-1,10,-1,-1,-1,-1],"split_conditions":[5.085392E-1,1.0166964E-1,8.159707E-1,-4.509003E-1,4.069017E-1,4.1193392E-2,9.188107E-1,-1.18892424E-1,-2.7630616E-2,1.1670685E-1,4.4222412E-1],"split_indices":[0,0,0,0,0,0,0,0,0,0,0],"split_type":[0,0,0,0,0,0,0,0,0,0,0],"sum_hessian":[9E0,4E0,5E0,1E0,3E0,3E0,2E0,2E0,1E0,1E0,1E0],"tree_param":{"num_deleted":"0","num_feature":"2","num_nodes":"11","size_leaf_vector":"1"}},{"base_weights":[-2.772522E-2,-2.4842162E0,2.0239716E0,-4.2835543E-1,-9.6349335E-1,3.8103487E-2,3.5398967E0,-1.1096598E-1,-2.6249696E-2,1.1087189E-1,4.201126E-1],"categories":[],"categories_nodes":[],"categories_segments":[],"categories_sizes":[],"default_left":[0,0,0,0,0,0,0,0,0,0,0],"id":47,"left_children":[1,3,5,-1,7,-1,9,-1,-1,-1,-1],"loss_changes":[5.542773E1,9.5542965E0,1.3594589E1,0E0,1.18566275E-1,0E0,1.6482925E-1,0E0,0E0,0E0,0E0],"parents":[2147483647,0,0,1,1,2,2,4,4,6,6],"right_children":[2,4,6,-1,8,-1,10,-1,-1,-1,-1],"split_conditions":[5.085392E-1,1.0166964E-1,8.159707E-1,-4.2835543E-1,4.069017E-1,3.8103487E-2,9.188107E-1,-1.1096598E-1,-2.6249696E-2,1.1087189E-1,4.201126E-1],"split_indices":[0,0,0,0,0,0,0,0,0,0,0],"split_type":[0,0,0,0,0,0,0,0,0,0,0],"sum_hessian":[9E0,4E0,5E0,1E0,3E0,3E0,2E0,2E0,1E0,1E0,1E0],"tree_param":{"num_deleted":"0","num_feature":"2","num_nodes":"11","size_leaf_vector":"1"}},{"base_weights":[-2.4606323E-2,-2.3489137E0,1.9164175E0,-4.0693817E-1,-9.014511E-1,3.524475E-2,3.3629048E0,-1.0356852E-1,-2.493744E-2,1.0532837E-1,3.9910737E-1],"categories":[],"categories_nodes":[],"categories_segments":[],"categories_sizes":[],"default_left":[0,0,0,0,0,0,0,0,0,0,0],"id":48,"left_children":[1,3,5,-1,7,-1,9,-1,-1,-1,-1],"loss_changes":[4.9616856E1,8.783218E0,1.2388329E1,0E0,9.185052E-2,0E0,1.4876556E-1,0E0,0E0,0E0,0E0],"parents":[2147483647,0,0,1,1,2,2,4,4,6,6],"right_children":[2,4,6,-1,8,-1,10,-1,-1,-1,-1],"split_conditions":[5.085392E-1,1.0166964E-1,8.159707E-1,-4.0693817E-1,4.069017E-1,3.524475E-2,9.188107E-1,-1.0356852E-1,-2.493744E-2,1.0532837E-1,3.9910737E-1],"split_indices":[0,0,0,0,0,0,0,0,0,0,0],"split_type":[0,0,0,0,0,0,0,0,0,0,0],"sum_hessian":[9E0,4E0,5E0,1E0,3E0,3E0,2E0,2E0,1E0,1E0,1E0],"tree_param":{"num_deleted":"0","num_feature":"2","num_nodes":"11","size_leaf_vector":"1"}},{"base_weights":[-2.171936E-2,-2.221106E0,1.8147227E0,-3.8659057E-1,-8.4342957E-1,3.2601167E-2,3.1947632E0,-9.666341E-2,-2.3690796E-2,1.00062564E-1,3.791519E-1],"categories":[],"categories_nodes":[],"categories_segments":[],"categories_sizes":[],"default_left":[0,0,0,0,0,0,0,0,0,0,0],"id":49,"left_children":[1,3,5,-1,7,-1,9,-1,-1,-1,-1],"loss_changes":[4.442115E1,8.069391E0,1.128536E1,0E0,6.990147E-2,0E0,1.3420296E-1,0E0,0E0,0E0,0E0],"parents":[2147483647,0,0,1,1,2,2,4,4,6,6],"right_children":[2,4,6,-1,8,-1,10,-1,-1,-1,-1],"split_conditions":[5.085392E-1,1.0166964E-1,8.159707E-1,-3.8659057E-1,4.069017E-1,3.2601167E-2,9.188107E-1,-9.666341E-2,-2.3690796E-2,1.00062564E-1,3.791519E-1],"split_indices":[0,0,0,0,0,0,0,0,0,0,0],"split_type":[0,0,0,0,0,0,0,0,0,0,0],"sum_hessian":[9E0,4E0,5E0,1E0,3E0,3E0,2E0,2E0,1E0,1E0,1E0],"tree_param":{"num_deleted":"0","num_feature":"2","num_nodes":"11","size_leaf_vector":"1"}},{"base_weights":[-1.9061279E-2,-2.1003907E0,1.7185568E0,-3.6726075E-1,-7.891846E-1,3.0156707E-2,3.035024E0,-9.022014E-2,-2.2506714E-2,9.505921E-2,3.601944E-1],"categories":[],"categories_nodes":[],"categories_segments":[],"categories_sizes":[],"default_left":[0,0,0,0,0,0,0,0,0,0,0],"id":50,"left_children":[1,3,5,-1,7,-1,9,-1,-1,-1,-1],"loss_changes":[3.9775192E1,7.4091377E0,1.027726E1,0E0,5.196309E-2,0E0,1.2113953E-1,0E0,0E0,0E0,0E0],"parents":[2147483647,0,0,1,1,2,2,4,4,6,6],"right_children":[2,4,6,-1,8,-1,10,-1,-1,-1,-1],"split_conditions":[5.085392E-1,1.0166964E-1,8.159707E-1,-3.6726075E-1,4.069017E-1,3.0156707E-2,9.188107E-1,-9.022014E-2,-2.2506714E-2,9.505921E-2,3.601944E-1],"split_indices":[0,0,0,0,0,0,0,0,0,0,0],"split_type":[0,0,0,0,0,0,0,0,0,0,0],"sum_hessian":[9E0,4E0,5E0,1E0,3E0,3E0,2E0,2E0,1E0,1E0,1E0],"tree_param":{"num_deleted":"0","num_feature":"2","num_nodes":"11","size_leaf_vector":"1"}},{"base_weights":[-1.661377E-2,-1.9863526E0,1.6276041E0,-3.4889832E-1,-7.384491E-1,2.7895356E-2,2.8832703E0,-8.4206134E-2,-2.1380616E-2,9.0306096E-2,3.4218445E-1],"categories":[],"categories_nodes":[],"categories_segments":[],"categories_sizes":[],"default_left":[0,0,0,0,0,0,0,0,0,0,0],"id":51,"left_children":[1,3,5,-1,7,-1,9,-1,-1,-1,-1],"loss_changes":[3.5619793E1,6.7992535E0,9.356431E0,0E0,3.7400007E-2,0E0,1.09334946E-1,0E0,0E0,0E0,0E0],"parents":[2147483647,0,0,1,1,2,2,4,4,6,6],"right_children":[2,4,6,-1,8,-1,10,-1,-1,-1,-1],"split_conditions":[5.085392E-1,1.0166964E-1,8.159707E-1,-3.4889832E-1,4.069017E-1,2.7895356E-2,9.188107E-1,-8.4206134E-2,-2.1380616E-2,9.0306096E-2,3.4218445E-1],"split_indices":[0,0,0,0,0,0,0,0,0,0,0],"split_type":[0,0,0,0,0,0,0,0,0,0,0],"sum_hessian":[9E0,4E0,5E0,1E0,3E0,3E0,2E0,2E0,1E0,1E0,1E0],"tree_param":{"num_deleted":"0","num_feature":"2","num_nodes":"11","size_leaf_vector":"1"}},{"base_weights":[-1.4361572E-2,-1.8786132E0,1.5415751E0,-3.3145294E-1,-6.910019E-1,2.5803376E-2,2.7391052E0,-7.859294E-2,-2.0310974E-2,8.5791014E-2,3.2507476E-1],"categories":[],"categories_nodes":[],"categories_segments":[],"categories_sizes":[],"default_left":[0,0,0,0,0,0,0,0,0,0,0],"id":52,"left_children":[1,3,5,-1,7,-1,9,-1,-1,-1,-1],"loss_changes":[3.1902601E1,6.236206E0,8.515695E0,0E0,2.5627613E-2,0E0,9.864807E-2,0E0,0E0,0E0,0E0],"parents":[2147483647,0,0,1,1,2,2,4,4,6,6],"right_children":[2,4,6,-1,8,-1,10,-1,-1,-1,-1],"split_conditions":[5.085392E-1,1.0166964E-1,8.159707E-1,-3.3145294E-1,4.069017E-1,2.5803376E-2,9.188107E-1,-7.859294E-2,-2.0310974E-2,8.5791014E-2,3.2507476E-1],"split_indices":[0,0,0,0,0,0,0,0,0,0,0],"split_type":[0,0,0,0,0,0,0,0,0,0,0],"sum_hessian":[9E0,4E0,5E0,1E0,3E0,3E0,2E0,2E0,1E0,1E0,1E0],"tree_param":{"num_deleted":"0","num_feature":"2","num_nodes":"11","size_leaf_vector":"1"}},{"base_weights":[-1.2298584E-2,-1.776825E0,1.4601898E0,-3.1488037E-1,-6.4662933E-1,2.3867035E-1,2.6021526E0,-7.335409E-2,-1.9294739E-2,7.3043825E-3,2.6953125E-2,8.1501774E-2,3.088211E-1],"categories":[],"categories_nodes":[],"categories_segments":[],"categories_sizes":[],"default_left":[0,0,0,0,0,0,0,0,0,0,0,0,0],"id":53,"left_children":[1,3,5,-1,7,9,11,-1,-1,-1,-1,-1,-1],"loss_changes":[2.8576948E1,5.7169123E0,7.748521E0,0E0,1.618588E-2,7.5793266E-4,8.901024E-2,0E0,0E0,0E0,0E0,0E0,0E0],"parents":[2147483647,0,0,1,1,2,2,4,4,5,5,6,6],"right_children":[2,4,6,-1,8,10,12,-1,-1,-1,-1,-1,-1],"split_conditions":[5.085392E-1,1.0166964E-1,8.159707E-1,-3.1488037E-1,4.069017E-1,6.090305E-1,9.188107E-1,-7.335409E-2,-1.9294739E-2,7.3043825E-3,2.6953125E-2,8.1501774E-2,3.088211E-1],"split_indices":[0,0,0,0,0,0,0,0,0,0,0,0,0],"split_type":[0,0,0,0,0,0,0,0,0,0,0,0,0],"sum_hessian":[9E0,4E0,5E0,1E0,3E0,3E0,2E0,2E0,1E0,1E0,2E0,1E0,1E0],"tree_param":{"num_deleted":"0","num_feature":"2","num_nodes":"13","size_leaf_vector":"1"}},{"base_weights":[-9.359742E-3,-1.6806457E0,1.3849386E0,-2.9913637E-1,-6.051254E-1,2.2337342E-2,2.472046E0,-6.846314E-2,-1.8330384E-2,7.742615E-2,2.9338074E-1],"categories":[],"categories_nodes":[],"categories_segments":[],"categories_sizes":[],"default_left":[0,0,0,0,0,0,0,0,0,0,0],"id":54,"left_children":[1,3,5,-1,7,-1,9,-1,-1,-1,-1],"loss_changes":[2.5630304E1,5.238367E0,7.024287E0,0E0,8.653641E-3,0E0,8.0379486E-2,0E0,0E0,0E0,0E0],"parents":[2147483647,0,0,1,1,2,2,4,4,6,6],"right_children":[2,4,6,-1,8,-1,10,-1,-1,-1,-1],"split_conditions":[5.085392E-1,1.0166964E-1,8.159707E-1,-2.9913637E-1,4.069017E-1,2.2337342E-2,9.188107E-1,-6.846314E-2,-1.8330384E-2,7.742615E-2,2.9338074E-1],"split_indices":[0,0,0,0,0,0,0,0,0,0,0],"split_type":[0,0,0,0,0,0,0,0,0,0,0],"sum_hessian":[9E0,4E0,5E0,1E0,3E0,3E0,2E0,2E0,1E0,1E0,1E0],"tree_param":{"num_deleted":"0","num_feature":"2","num_nodes":"11","size_leaf_vector":"1"}},{"base_weights":[-7.7056885E-3,-1.5897706E0,1.311966E0,-2.841797E-1,-5.663147E-1,2.0661926E-1,2.3484395E0,-6.389974E-2,-1.7413331E-2,5.822754E-3,2.36674E-2,7.355499E-2,2.7871093E-1],"categories":[],"categories_nodes":[],"categories_segments":[],"categories_sizes":[],"default_left":[0,0,0,0,0,0,0,0,0,0,0,0,0],"id":55,"left_children":[1,3,5,-1,7,9,11,-1,-1,-1,-1,-1,-1],"loss_changes":[2.2963785E1,4.797616E0,6.3887424E0,0E0,2.7486086E-3,4.05854E-3,7.252121E-2,0E0,0E0,0E0,0E0,0E0,0E0],"parents":[2147483647,0,0,1,1,2,2,4,4,5,5,6,6],"right_children":[2,4,6,-1,8,10,12,-1,-1,-1,-1,-1,-1],"split_conditions":[5.085392E-1,1.0166964E-1,8.159707E-1,-2.841797E-1,4.069017E-1,6.090305E-1,9.188107E-1,-6.389974E-2,-1.7413331E-2,5.822754E-3,2.36674E-2,7.355499E-2,2.7871093E-1],"split_indices":[0,0,0,0,0,0,0,0,0,0,0,0,0],"split_type":[0,0,0,0,0,0,0,0,0,0,0,0,0],"sum_hessian":[9E0,4E0,5E0,1E0,3E0,3E0,2E0,2E0,1E0,1E0,2E0,1E0,1E0],"tree_param":{"num_deleted":"0","num_feature":"2","num_nodes":"13","size_leaf_vector":"1"}},{"base_weights":[-5.3100586E-3,-2.2463887E0,8.357582E-1,-2.6997072E-1,-6.698761E-2,-1.1647543E-3,2.231018E0,-2.6009116E-2,1.9332123E-1,6.9877625E-2,2.647751E-1,5.531311E-3,2.2088623E-2],"categories":[],"categories_nodes":[],"categories_segments":[],"categories_sizes":[],"default_left":[0,0,0,0,0,0,0,0,0,0,0,0,0],"id":56,"left_children":[1,3,5,-1,-1,7,9,-1,11,-1,-1,-1,-1],"loss_changes":[2.072644E1,3.3551598E-1,9.3443985E0,0E0,0E0,3.5242644E-1,6.5421104E-2,0E0,2.9988885E-3,0E0,0E0,0E0,0E0],"parents":[2147483647,0,0,1,1,2,2,5,5,6,6,8,8],"right_children":[2,4,6,-1,-1,8,10,-1,12,-1,-1,-1,-1],"split_conditions":[2.0116714E-1,1.0166964E-1,8.159707E-1,-2.6997072E-1,-6.698761E-2,5.085392E-1,9.188107E-1,-2.6009116E-2,6.090305E-1,6.9877625E-2,2.647751E-1,5.531311E-3,2.2088623E-2],"split_indices":[0,0,0,0,0,0,0,0,0,0,0,0,0],"split_type":[0,0,0,0,0,0,0,0,0,0,0,0,0],"sum_hessian":[9E0,2E0,7E0,1E0,1E0,5E0,2E0,2E0,3E0,1E0,1E0,1E0,2E0],"tree_param":{"num_deleted":"0","num_feature":"2","num_nodes":"13","size_leaf_vector":"1"}},{"base_weights":[-4.852295E-3,-2.134074E0,7.9421234E-1,-2.564728E-1,-6.363831E-2,-7.832845E-4,2.119466E0,-2.4275716E-2,1.8089294E-1,6.638336E-2,2.5153658E-1,5.255127E-3,2.0615643E-2],"categories":[],"categories_nodes":[],"categories_segments":[],"categories_sizes":[],"default_left":[0,0,0,0,0,0,0,0,0,0,0,0,0],"id":57,"left_children":[1,3,5,-1,-1,7,9,-1,11,-1,-1,-1,-1],"loss_changes":[1.8708765E1,3.0280972E-1,8.430227E0,0E0,0E0,3.0767846E-1,5.906868E-2,0E0,2.1356344E-3,0E0,0E0,0E0,0E0],"parents":[2147483647,0,0,1,1,2,2,5,5,6,6,8,8],"right_children":[2,4,6,-1,-1,8,10,-1,12,-1,-1,-1,-1],"split_conditions":[2.0116714E-1,1.0166964E-1,8.159707E-1,-2.564728E-1,-6.363831E-2,5.085392E-1,9.188107E-1,-2.4275716E-2,6.090305E-1,6.638336E-2,2.5153658E-1,5.255127E-3,2.0615643E-2],"split_indices":[0,0,0,0,0,0,0,0,0,0,0,0,0],"split_type":[0,0,0,0,0,0,0,0,0,0,0,0,0],"sum_hessian":[9E0,2E0,7E0,1E0,1E0,5E0,2E0,2E0,3E0,1E0,1E0,1E0,2E0],"tree_param":{"num_deleted":"0","num_feature":"2","num_nodes":"13","size_leaf_vector":"1"}},{"base_weights":[-4.4311523E-3,-2.0273743E0,7.547264E-1,-2.4364929E-1,-6.045685E-2,-4.4759116E-4,2.013499E0,-2.2658285E-2,1.6926575E-1,6.3064575E-2,2.3896027E-1,4.992676E-3,1.9240316E-2],"categories":[],"categories_nodes":[],"categories_segments":[],"categories_sizes":[],"default_left":[0,0,0,0,0,0,0,0,0,0,0,0,0],"id":58,"left_children":[1,3,5,-1,-1,7,9,-1,11,-1,-1,-1,-1],"loss_changes":[1.6887438E1,2.7326202E-1,7.605639E0,0E0,0E0,2.6862174E-1,5.329609E-2,0E0,1.4387146E-3,0E0,0E0,0E0,0E0],"parents":[2147483647,0,0,1,1,2,2,5,5,6,6,8,8],"right_children":[2,4,6,-1,-1,8,10,-1,12,-1,-1,-1,-1],"split_conditions":[2.0116714E-1,1.0166964E-1,8.159707E-1,-2.4364929E-1,-6.045685E-2,5.085392E-1,9.188107E-1,-2.2658285E-2,6.090305E-1,6.3064575E-2,2.3896027E-1,4.992676E-3,1.9240316E-2],"split_indices":[0,0,0,0,0,0,0,0,0,0,0,0,0],"split_type":[0,0,0,0,0,0,0,0,0,0,0,0,0],"sum_hessian":[9E0,2E0,7E0,1E0,1E0,5E0,2E0,2E0,3E0,1E0,1E0,1E0,2E0],"tree_param":{"num_deleted":"0","num_feature":"2","num_nodes":"13","size_leaf_vector":"1"}},{"base_weights":[-4.0374757E-3,-1.926005E0,7.1720505E-1,-2.3146668E-1,-5.7434082E-2,-1.4241536E-4,1.9128317E0,-2.1148682E-2,1.5840149E-1,5.991211E-2,2.2701263E-1,4.742432E-3,1.7958578E-2],"categories":[],"categories_nodes":[],"categories_segments":[],"categories_sizes":[],"default_left":[0,0,0,0,0,0,0,0,0,0,0,0,0],"id":59,"left_children":[1,3,5,-1,-1,7,9,-1,11,-1,-1,-1,-1],"loss_changes":[1.5243388E1,2.4661255E-1,6.8617105E0,0E0,0E0,2.3454404E-1,4.8064232E-2,0E0,8.8715553E-4,0E0,0E0,0E0,0E0],"parents":[2147483647,0,0,1,1,2,2,5,5,6,6,8,8],"right_children":[2,4,6,-1,-1,8,10,-1,12,-1,-1,-1,-1],"split_conditions":[2.0116714E-1,1.0166964E-1,8.159707E-1,-2.3146668E-1,-5.7434082E-2,5.085392E-1,9.188107E-1,-2.1148682E-2,6.090305E-1,5.991211E-2,2.2701263E-1,4.742432E-3,1.7958578E-2],"split_indices":[0,0,0,0,0,0,0,0,0,0,0,0,0],"split_type":[0,0,0,0,0,0,0,0,0,0,0,0,0],"sum_hessian":[9E0,2E0,7E0,1E0,1E0,5E0,2E0,2E0,3E0,1E0,1E0,1E0,2E0],"tree_param":{"num_deleted":"0","num_feature":"2","num_nodes":"13","size_leaf_vector":"1"}},{"base_weights":[-3.6712647E-3,-1.8297018E0,6.815491E-1,-2.1989289E-1,-5.456238E-2,1.373291E-4,1.8171896E0,-1.973877E-2,1.4824677E-1,5.691681E-2,2.1566163E-1,4.5059207E-3,1.6762288E-2],"categories":[],"categories_nodes":[],"categories_segments":[],"categories_sizes":[],"default_left":[0,0,0,0,0,0,0,0,0,0,0,0,0],"id":60,"left_children":[1,3,5,-1,-1,7,9,-1,11,-1,-1,-1,-1],"loss_changes":[1.3759364E1,2.2256088E-1,6.19046E0,0E0,0E0,2.0479399E-1,4.335785E-2,0E0,4.445389E-4,0E0,0E0,0E0,0E0],"parents":[2147483647,0,0,1,1,2,2,5,5,6,6,8,8],"right_children":[2,4,6,-1,-1,8,10,-1,12,-1,-1,-1,-1],"split_conditions":[2.0116714E-1,1.0166964E-1,8.159707E-1,-2.1989289E-1,-5.456238E-2,5.085392E-1,9.188107E-1,-1.973877E-2,6.090305E-1,5.691681E-2,2.1566163E-1,4.5059207E-3,1.6762288E-2],"split_indices":[0,0,0,0,0,0,0,0,0,0,0,0,0],"split_type":[0,0,0,0,0,0,0,0,0,0,0,0,0],"sum_hessian":[9E0,2E0,7E0,1E0,1E0,5E0,2E0,2E0,3E0,1E0,1E0,1E0,2E0],"tree_param":{"num_deleted":"0","num_feature":"2","num_nodes":"13","size_leaf_vector":"1"}},{"base_weights":[-3.338623E-3,-1.7382202E0,6.476593E-1,-2.0889893E-1,-5.1834106E-2,3.8146973E-4,1.7263285E0,-1.8422445E-2,1.3874054E-1,5.4071046E-2,2.0487824E-1,4.2800903E-3,1.5645346E-2],"categories":[],"categories_nodes":[],"categories_segments":[],"categories_sizes":[],"default_left":[0,0,0,0,0,0,0,0,0,0,0,0,0],"id":61,"left_children":[1,3,5,-1,-1,7,9,-1,11,-1,-1,-1,-1],"loss_changes":[1.2419818E1,2.008791E-1,5.5849314E0,0E0,0E0,1.7881082E-1,3.9123535E-2,0E0,1.0113418E-4,0E0,0E0,0E0,0E0],"parents":[2147483647,0,0,1,1,2,2,5,5,6,6,8,8],"right_children":[2,4,6,-1,-1,8,10,-1,12,-1,-1,-1,-1],"split_conditions":[2.0116714E-1,1.0166964E-1,8.159707E-1,-2.0889893E-1,-5.1834106E-2,5.085392E-1,9.188107E-1,-1.8422445E-2,6.090305E-1,5.4071046E-2,2.0487824E-1,4.2800903E-3,1.5645346E-2],"split_indices":[0,0,0,0,0,0,0,0,0,0,0,0,0],"split_type":[0,0,0,0,0,0,0,0,0,0,0,0,0],"sum_hessian":[9E0,2E0,7E0,1E0,1E0,5E0,2E0,2E0,3E0,1E0,1E0,1E0,2E0],"tree_param":{"num_deleted":"0","num_feature":"2","num_nodes":"13","size_leaf_vector":"1"}},{"base_weights":[-3.0334473E-3,-1.6513163E0,6.154518E-1,-1.9845429E-1,-4.9243163E-2,5.950928E-4,1.6400146E0,-1.7193604E-2,1.2984467E-2,5.136719E-2,1.9463502E-1],"categories":[],"categories_nodes":[],"categories_segments":[],"categories_sizes":[],"default_left":[0,0,0,0,0,0,0,0,0,0,0],"id":62,"left_children":[1,3,5,-1,-1,7,9,-1,-1,-1,-1],"loss_changes":[1.1210693E1,1.8126106E-1,5.038698E0,0E0,0E0,1.5612242E-1,3.5330772E-2,0E0,0E0,0E0,0E0],"parents":[2147483647,0,0,1,1,2,2,5,5,6,6],"right_children":[2,4,6,-1,-1,8,10,-1,-1,-1,-1],"split_conditions":[2.0116714E-1,1.0166964E-1,8.159707E-1,-1.9845429E-1,-4.9243163E-2,5.085392E-1,9.188107E-1,-1.7193604E-2,1.2984467E-2,5.136719E-2,1.9463502E-1],"split_indices":[0,0,0,0,0,0,0,0,0,0,0],"split_type":[0,0,0,0,0,0,0,0,0,0,0],"sum_hessian":[9E0,2E0,7E0,1E0,1E0,5E0,2E0,2E0,3E0,1E0,1E0],"tree_param":{"num_deleted":"0","num_feature":"2","num_nodes":"11","size_leaf_vector":"1"}},{"base_weights":[-3.3172606E-3,-1.568746E0,5.8413315E-1,-1.885315E-1,-4.6780396E-2,-1.6276042E-4,1.5580139E0,-1.6048176E-2,1.2011719E-1,4.8799135E-2,1.8490295E-1,3.4179688E-3,1.373698E-2],"categories":[],"categories_nodes":[],"categories_segments":[],"categories_sizes":[],"default_left":[0,0,0,0,0,0,0,0,0,0,0,0,0],"id":63,"left_children":[1,3,5,-1,-1,7,9,-1,11,-1,-1,-1,-1],"loss_changes":[1.01124735E1,1.6361475E-1,4.5525303E0,0E0,0E0,1.349756E-1,3.186941E-2,0E0,1.2353249E-3,0E0,0E0,0E0,0E0],"parents":[2147483647,0,0,1,1,2,2,5,5,6,6,8,8],"right_children":[2,4,6,-1,-1,8,10,-1,12,-1,-1,-1,-1],"split_conditions":[2.0116714E-1,1.0166964E-1,8.159707E-1,-1.885315E-1,-4.6780396E-2,5.085392E-1,9.188107E-1,-1.6048176E-2,6.090305E-1,4.8799135E-2,1.8490295E-1,3.4179688E-3,1.373698E-2],"split_indices":[0,0,0,0,0,0,0,0,0,0,0,0,0],"split_type":[0,0,0,0,0,0,0,0,0,0,0,0,0],"sum_hessian":[9E0,2E0,7E0,1E0,1E0,5E0,2E0,2E0,3E0,1E0,1E0,1E0,2E0],"tree_param":{"num_deleted":"0","num_feature":"2","num_nodes":"13","size_leaf_vector":"1"}},{"base_weights":[-3.0334473E-3,-1.4903055E0,5.550728E-1,-1.7910461E-1,-4.4441223E-2,4.0690105E-5,1.4801127E0,-1.4978028E-2,1.1239624E-1,4.6359252E-2,1.7565766E-1,3.2470704E-3,1.2821453E-2],"categories":[],"categories_nodes":[],"categories_segments":[],"categories_sizes":[],"default_left":[0,0,0,0,0,0,0,0,0,0,0,0,0],"id":64,"left_children":[1,3,5,-1,-1,7,9,-1,11,-1,-1,-1,-1],"loss_changes":[9.127787E0,1.4766502E-1,4.107354E0,0E0,0E0,1.1783404E-1,2.8757572E-2,0E0,8.9392066E-4,0E0,0E0,0E0,0E0],"parents":[2147483647,0,0,1,1,2,2,5,5,6,6,8,8],"right_children":[2,4,6,-1,-1,8,10,-1,12,-1,-1,-1,-1],"split_conditions":[2.0116714E-1,1.0166964E-1,8.159707E-1,-1.7910461E-1,-4.4441223E-2,5.085392E-1,9.188107E-1,-1.4978028E-2,6.090305E-1,4.6359252E-2,1.7565766E-1,3.2470704E-3,1.2821453E-2],"split_indices":[0,0,0,0,0,0,0,0,0,0,0,0,0],"split_type":[0,0,0,0,0,0,0,0,0,0,0,0,0],"sum_hessian":[9E0,2E0,7E0,1E0,1E0,5E0,2E0,2E0,3E0,1E0,1E0,1E0,2E0],"tree_param":{"num_deleted":"0","num_feature":"2","num_nodes":"13","size_leaf_vector":"1"}},{"base_weights":[-2.7709962E-3,-1.4157919E0,5.274582E-1,-1.7014924E-1,-4.2219546E-2,2.2379558E-4,1.4061075E0,-1.3979085E-2,1.0517883E-1,4.4041444E-2,1.6687469E-1,3.085327E-3,1.196696E-2],"categories":[],"categories_nodes":[],"categories_segments":[],"categories_sizes":[],"default_left":[0,0,0,0,0,0,0,0,0,0,0,0,0],"id":65,"left_children":[1,3,5,-1,-1,7,9,-1,11,-1,-1,-1,-1],"loss_changes":[8.239019E0,1.3325024E-1,3.705719E0,0E0,0E0,1.02874495E-1,2.5947094E-2,0E0,6.159395E-4,0E0,0E0,0E0,0E0],"parents":[2147483647,0,0,1,1,2,2,5,5,6,6,8,8],"right_children":[2,4,6,-1,-1,8,10,-1,12,-1,-1,-1,-1],"split_conditions":[2.0116714E-1,1.0166964E-1,8.159707E-1,-1.7014924E-1,-4.2219546E-2,5.085392E-1,9.188107E-1,-1.3979085E-2,6.090305E-1,4.4041444E-2,1.6687469E-1,3.085327E-3,1.196696E-2],"split_indices":[0,0,0,0,0,0,0,0,0,0,0,0,0],"split_type":[0,0,0,0,0,0,0,0,0,0,0,0,0],"sum_hessian":[9E0,2E0,7E0,1E0,1E0,5E0,2E0,2E0,3E0,1E0,1E0,1E0,2E0],"tree_param":{"num_deleted":"0","num_feature":"2","num_nodes":"13","size_leaf_vector":"1"}},{"base_weights":[-2.532959E-3,-1.3450114E0,5.012131E-1,-1.6164246E-1,-4.0109254E-2,3.8146973E-4,1.3358053E0,-1.3047283E-2,9.842682E-2,4.18396E-2,1.5853119E-1,2.9312135E-3,1.1169434E-2],"categories":[],"categories_nodes":[],"categories_segments":[],"categories_sizes":[],"default_left":[0,0,0,0,0,0,0,0,0,0,0,0,0],"id":66,"left_children":[1,3,5,-1,-1,7,9,-1,11,-1,-1,-1,-1],"loss_changes":[7.4368196E0,1.20239735E-1,3.3434117E0,0E0,0E0,8.981995E-2,2.3411274E-2,0E0,3.9391965E-4,0E0,0E0,0E0,0E0],"parents":[2147483647,0,0,1,1,2,2,5,5,6,6,8,8],"right_children":[2,4,6,-1,-1,8,10,-1,12,-1,-1,-1,-1],"split_conditions":[2.0116714E-1,1.0166964E-1,8.159707E-1,-1.6164246E-1,-4.0109254E-2,5.085392E-1,9.188107E-1,-1.3047283E-2,6.090305E-1,4.18396E-2,1.5853119E-1,2.9312135E-3,1.1169434E-2],"split_indices":[0,0,0,0,0,0,0,0,0,0,0,0,0],"split_type":[0,0,0,0,0,0,0,0,0,0,0,0,0],"sum_hessian":[9E0,2E0,7E0,1E0,1E0,5E0,2E0,2E0,3E0,1E0,1E0,1E0,2E0],"tree_param":{"num_deleted":"0","num_feature":"2","num_nodes":"13","size_leaf_vector":"1"}},{"base_weights":[-2.3101806E-3,-1.2777609E0,4.7627258E-1,-1.5355988E-1,-3.8104247E-2,5.238851E-4,1.2690125E0,-1.2176514E-2,9.210968E-2,3.9747622E-2,1.5060425E-1,2.784729E-3,1.0424805E-2],"categories":[],"categories_nodes":[],"categories_segments":[],"categories_sizes":[],"default_left":[0,0,0,0,0,0,0,0,0,0,0,0,0],"id":67,"left_children":[1,3,5,-1,-1,7,9,-1,11,-1,-1,-1,-1],"loss_changes":[6.7126493E0,1.08495235E-1,3.0164945E0,0E0,0E0,7.841537E-2,2.112484E-2,0E0,2.17136E-4,0E0,0E0,0E0,0E0],"parents":[2147483647,0,0,1,1,2,2,5,5,6,6,8,8],"right_children":[2,4,6,-1,-1,8,10,-1,12,-1,-1,-1,-1],"split_conditions":[2.0116714E-1,1.0166964E-1,8.159707E-1,-1.5355988E-1,-3.8104247E-2,5.085392E-1,9.188107E-1,-1.2176514E-2,6.090305E-1,3.9747622E-2,1.5060425E-1,2.784729E-3,1.0424805E-2],"split_indices":[0,0,0,0,0,0,0,0,0,0,0,0,0],"split_type":[0,0,0,0,0,0,0,0,0,0,0,0,0],"sum_hessian":[9E0,2E0,7E0,1E0,1E0,5E0,2E0,2E0,3E0,1E0,1E0,1E0,2E0],"tree_param":{"num_deleted":"0","num_feature":"2","num_nodes":"13","size_leaf_vector":"1"}},{"base_weights":[-2.105713E-3,-1.2138672E0,4.5256805E-1,-1.4588165E-1,-3.6198426E-2,6.4086914E-4,1.2055664E0,-1.1364746E-2,8.61969E-2,3.7760925E-2,1.4307404E-1,2.6458742E-3,9.729004E-3],"categories":[],"categories_nodes":[],"categories_segments":[],"categories_sizes":[],"default_left":[0,0,0,0,0,0,0,0,0,0,0,0,0],"id":68,"left_children":[1,3,5,-1,-1,7,9,-1,11,-1,-1,-1,-1],"loss_changes":[6.058919E0,9.793615E-2,2.7216306E0,0E0,0E0,6.846439E-2,1.9042969E-2,0E0,7.656403E-5,0E0,0E0,0E0,0E0],"parents":[2147483647,0,0,1,1,2,2,5,5,6,6,8,8],"right_children":[2,4,6,-1,-1,8,10,-1,12,-1,-1,-1,-1],"split_conditions":[2.0116714E-1,1.0166964E-1,8.159707E-1,-1.4588165E-1,-3.6198426E-2,5.085392E-1,9.188107E-1,-1.1364746E-2,6.090305E-1,3.7760925E-2,1.4307404E-1,2.6458742E-3,9.729004E-3],"split_indices":[0,0,0,0,0,0,0,0,0,0,0,0,0],"split_type":[0,0,0,0,0,0,0,0,0,0,0,0,0],"sum_hessian":[9E0,2E0,7E0,1E0,1E0,5E0,2E0,2E0,3E0,1E0,1E0,1E0,2E0],"tree_param":{"num_deleted":"0","num_feature":"2","num_nodes":"13","size_leaf_vector":"1"}},{"base_weights":[-1.9226074E-3,-1.1531779E0,4.3003845E-1,-1.3858795E-1,-3.4388732E-2,7.375081E-4,1.1452942E0,-1.060791E-2,8.066559E-3,3.5873413E-2,1.3592072E-1],"categories":[],"categories_nodes":[],"categories_segments":[],"categories_sizes":[],"default_left":[0,0,0,0,0,0,0,0,0,0,0],"id":69,"left_children":[1,3,5,-1,-1,7,9,-1,-1,-1,-1],"loss_changes":[5.4688854E0,8.8383436E-2,2.4556353E0,0E0,0E0,5.978281E-2,1.7172098E-2,0E0,0E0,0E0,0E0],"parents":[2147483647,0,0,1,1,2,2,5,5,6,6],"right_children":[2,4,6,-1,-1,8,10,-1,-1,-1,-1],"split_conditions":[2.0116714E-1,1.0166964E-1,8.159707E-1,-1.3858795E-1,-3.4388732E-2,5.085392E-1,9.188107E-1,-1.060791E-2,8.066559E-3,3.5873413E-2,1.3592072E-1],"split_indices":[0,0,0,0,0,0,0,0,0,0,0],"split_type":[0,0,0,0,0,0,0,0,0,0,0],"sum_hessian":[9E0,2E0,7E0,1E0,1E0,5E0,2E0,2E0,3E0,1E0,1E0],"tree_param":{"num_deleted":"0","num_feature":"2","num_nodes":"11","size_leaf_vector":"1"}},{"base_weights":[-2.0996095E-3,-1.09552E0,4.081955E-1,-1.3165894E-1,-3.2669067E-2,2.492269E-4,1.0880228E0,-9.899902E-3,7.462311E-2,3.407898E-2,1.2912445E-1,2.1102906E-3,8.542887E-3],"categories":[],"categories_nodes":[],"categories_segments":[],"categories_sizes":[],"default_left":[0,0,0,0,0,0,0,0,0,0,0,0,0],"id":70,"left_children":[1,3,5,-1,-1,7,9,-1,11,-1,-1,-1,-1],"loss_changes":[4.9334373E0,7.977605E-2,2.2183933E0,0E0,0E0,5.1676482E-2,1.5518904E-2,0E0,5.105082E-4,0E0,0E0,0E0,0E0],"parents":[2147483647,0,0,1,1,2,2,5,5,6,6,8,8],"right_children":[2,4,6,-1,-1,8,10,-1,12,-1,-1,-1,-1],"split_conditions":[2.0116714E-1,1.0166964E-1,8.159707E-1,-1.3165894E-1,-3.2669067E-2,5.085392E-1,9.188107E-1,-9.899902E-3,6.090305E-1,3.407898E-2,1.2912445E-1,2.1102906E-3,8.542887E-3],"split_indices":[0,0,0,0,0,0,0,0,0,0,0,0,0],"split_type":[0,0,0,0,0,0,0,0,0,0,0,0,0],"sum_hessian":[9E0,2E0,7E0,1E0,1E0,5E0,2E0,2E0,3E0,1E0,1E0,1E0,2E0],"tree_param":{"num_deleted":"0","num_feature":"2","num_nodes":"13","size_leaf_vector":"1"}},{"base_weights":[-1.9317627E-3,-1.0407511E0,3.8786697E-1,-1.250763E-1,-3.1036377E-2,3.4586588E-4,1.0336202E0,-9.240723E-3,6.982422E-2,3.2374572E-2,1.2266846E-1,2.005005E-3,7.973227E-3],"categories":[],"categories_nodes":[],"categories_segments":[],"categories_sizes":[],"default_left":[0,0,0,0,0,0,0,0,0,0,0,0,0],"id":71,"left_children":[1,3,5,-1,-1,7,9,-1,11,-1,-1,-1,-1],"loss_changes":[4.452978E0,7.197833E-2,2.0015867E0,0E0,0E0,4.5118254E-2,1.4020443E-2,0E0,3.7402287E-4,0E0,0E0,0E0,0E0],"parents":[2147483647,0,0,1,1,2,2,5,5,6,6,8,8],"right_children":[2,4,6,-1,-1,8,10,-1,12,-1,-1,-1,-1],"split_conditions":[2.0116714E-1,1.0166964E-1,8.159707E-1,-1.250763E-1,-3.1036377E-2,5.085392E-1,9.188107E-1,-9.240723E-3,6.090305E-1,3.2374572E-2,1.2266846E-1,2.005005E-3,7.973227E-3],"split_indices":[0,0,0,0,0,0,0,0,0,0,0,0,0],"split_type":[0,0,0,0,0,0,0,0,0,0,0,0,0],"sum_hessian":[9E0,2E0,7E0,1E0,1E0,5E0,2E0,2E0,3E0,1E0,1E0,1E0,2E0],"tree_param":{"num_deleted":"0","num_feature":"2","num_nodes":"13","size_leaf_vector":"1"}},{"base_weights":[-1.7730712E-3,-9.887187E-1,3.6855316E-1,-1.18823245E-1,-2.9484559E-2,4.374186E-4,9.819336E-1,-8.624268E-3,6.5338135E-2,3.0755615E-2,1.1653443E-1,1.9042969E-3,7.4422206E-3],"categories":[],"categories_nodes":[],"categories_segments":[],"categories_sizes":[],"default_left":[0,0,0,0,0,0,0,0,0,0,0,0,0],"id":72,"left_children":[1,3,5,-1,-1,7,9,-1,11,-1,-1,-1,-1],"loss_changes":[4.019314E0,6.496668E-2,1.8059305E0,0E0,0E0,3.9388537E-2,1.2655258E-2,0E0,2.649743E-4,0E0,0E0,0E0,0E0],"parents":[2147483647,0,0,1,1,2,2,5,5,6,6,8,8],"right_children":[2,4,6,-1,-1,8,10,-1,12,-1,-1,-1,-1],"split_conditions":[2.0116714E-1,1.0166964E-1,8.159707E-1,-1.18823245E-1,-2.9484559E-2,5.085392E-1,9.188107E-1,-8.624268E-3,6.090305E-1,3.0755615E-2,1.1653443E-1,1.9042969E-3,7.4422206E-3],"split_indices":[0,0,0,0,0,0,0,0,0,0,0,0,0],"split_type":[0,0,0,0,0,0,0,0,0,0,0,0,0],"sum_hessian":[9E0,2E0,7E0,1E0,1E0,5E0,2E0,2E0,3E0,1E0,1E0,1E0,2E0],"tree_param":{"num_deleted":"0","num_feature":"2","num_nodes":"13","size_leaf_vector":"1"}},{"base_weights":[-1.6235352E-3,-9.392802E-1,3.5020065E-1,-1.12881474E-1,-2.801056E-2,5.187988E-4,9.328308E-1,-8.048503E-3,6.1141968E-2,2.921753E-2,1.107071E-1,1.8096924E-3,6.945801E-3],"categories":[],"categories_nodes":[],"categories_segments":[],"categories_sizes":[],"default_left":[0,0,0,0,0,0,0,0,0,0,0,0,0],"id":73,"left_children":[1,3,5,-1,-1,7,9,-1,11,-1,-1,-1,-1],"loss_changes":[3.6278393E0,5.8621645E-2,1.6293976E0,0E0,0E0,3.4385264E-2,1.1425018E-2,0E0,1.7488096E-4,0E0,0E0,0E0,0E0],"parents":[2147483647,0,0,1,1,2,2,5,5,6,6,8,8],"right_children":[2,4,6,-1,-1,8,10,-1,12,-1,-1,-1,-1],"split_conditions":[2.0116714E-1,1.0166964E-1,8.159707E-1,-1.12881474E-1,-2.801056E-2,5.085392E-1,9.188107E-1,-8.048503E-3,6.090305E-1,2.921753E-2,1.107071E-1,1.8096924E-3,6.945801E-3],"split_indices":[0,0,0,0,0,0,0,0,0,0,0,0,0],"split_type":[0,0,0,0,0,0,0,0,0,0,0,0,0],"sum_hessian":[9E0,2E0,7E0,1E0,1E0,5E0,2E0,2E0,3E0,1E0,1E0,1E0,2E0],"tree_param":{"num_deleted":"0","num_feature":"2","num_nodes":"13","size_leaf_vector":"1"}},{"base_weights":[-1.4862061E-3,-8.9231366E-1,3.3275986E-1,-1.0723724E-1,-2.6609803E-2,5.849202E-4,8.8618976E-1,-7.511393E-3,5.721283E-2,2.7757263E-2,1.051712E-1,1.7196656E-3,6.481934E-3],"categories":[],"categories_nodes":[],"categories_segments":[],"categories_sizes":[],"default_left":[0,0,0,0,0,0,0,0,0,0,0,0,0],"id":74,"left_children":[1,3,5,-1,-1,7,9,-1,11,-1,-1,-1,-1],"loss_changes":[3.2744818E0,5.2910805E-2,1.470166E0,0E0,0E0,3.0017488E-2,1.029253E-2,0E0,1.0285713E-4,0E0,0E0,0E0,0E0],"parents":[2147483647,0,0,1,1,2,2,5,5,6,6,8,8],"right_children":[2,4,6,-1,-1,8,10,-1,12,-1,-1,-1,-1],"split_conditions":[2.0116714E-1,1.0166964E-1,8.159707E-1,-1.0723724E-1,-2.6609803E-2,5.085392E-1,9.188107E-1,-7.511393E-3,6.090305E-1,2.7757263E-2,1.051712E-1,1.7196656E-3,6.481934E-3],"split_indices":[0,0,0,0,0,0,0,0,0,0,0,0,0],"split_type":[0,0,0,0,0,0,0,0,0,0,0,0,0],"sum_hessian":[9E0,2E0,7E0,1E0,1E0,5E0,2E0,2E0,3E0,1E0,1E0,1E0,2E0],"tree_param":{"num_deleted":"0","num_feature":"2","num_nodes":"13","size_leaf_vector":"1"}},{"base_weights":[-1.3580322E-3,-8.4769696E-1,3.161888E-1,-1.01875305E-1,-2.5279237E-2,6.459554E-4,8.4187824E-1,-7.0109046E-3,5.355072E-2,2.6368713E-2,9.991302E-2,2.4393718E-3,7.0510865E-3],"categories":[],"categories_nodes":[],"categories_segments":[],"categories_sizes":[],"default_left":[0,0,0,0,0,0,0,0,0,0,0,0,0],"id":75,"left_children":[1,3,5,-1,-1,7,9,-1,11,-1,-1,-1,-1],"loss_changes":[2.9555547E0,4.7753096E-2,1.3264767E0,0E0,0E0,2.6214052E-2,9.3073845E-3,0E0,2.5800522E-4,0E0,0E0,0E0,0E0],"parents":[2147483647,0,0,1,1,2,2,5,5,6,6,8,8],"right_children":[2,4,6,-1,-1,8,10,-1,12,-1,-1,-1,-1],"split_conditions":[2.0116714E-1,1.0166964E-1,8.159707E-1,-1.01875305E-1,-2.5279237E-2,5.085392E-1,9.188107E-1,-7.0109046E-3,7.1515995E-1,2.6368713E-2,9.991302E-2,2.4393718E-3,7.0510865E-3],"split_indices":[0,0,0,0,0,0,0,0,0,0,0,0,0],"split_type":[0,0,0,0,0,0,0,0,0,0,0,0,0],"sum_hessian":[9E0,2E0,7E0,1E0,1E0,5E0,2E0,2E0,3E0,1E0,1E0,2E0,1E0],"tree_param":{"num_deleted":"0","num_feature":"2","num_nodes":"13","size_leaf_vector":"1"}},{"base_weights":[-1.0620117E-3,-8.053182E-1,3.006668E-1,-9.6781924E-2,-2.4015808E-2,9.969076E-4,7.9978436E-1,-6.542969E-2,5.0567627E-2,2.5050355E-2,9.49173E-2,-7.87201E-3,-1.9424439E-3,2.2766113E-3,6.6986084E-3],"categories":[],"categories_nodes":[],"categories_segments":[],"categories_sizes":[],"default_left":[0,0,0,0,0,0,0,0,0,0,0,0,0,0,0],"id":76,"left_children":[1,3,5,-1,-1,7,9,11,13,-1,-1,-1,-1,-1,-1],"loss_changes":[2.6688054E0,4.30876E-2,1.1957667E0,0E0,0E0,2.306551E-2,8.397698E-3,3.0519068E-4,3.0081905E-4,0E0,0E0,0E0,0E0,0E0,0E0],"parents":[2147483647,0,0,1,1,2,2,5,5,6,6,7,7,8,8],"right_children":[2,4,6,-1,-1,8,10,12,14,-1,-1,-1,-1,-1,-1],"split_conditions":[2.0116714E-1,1.0166964E-1,8.159707E-1,-9.6781924E-2,-2.4015808E-2,5.085392E-1,9.188107E-1,4.069017E-1,7.1515995E-1,2.5050355E-2,9.49173E-2,-7.87201E-3,-1.9424439E-3,2.2766113E-3,6.6986084E-3],"split_indices":[0,0,0,0,0,0,0,0,0,0,0,0,0,0,0],"split_type":[0,0,0,0,0,0,0,0,0,0,0,0,0,0,0],"sum_hessian":[9E0,2E0,7E0,1E0,1E0,5E0,2E0,2E0,3E0,1E0,1E0,1E0,1E0,2E0,1E0],"tree_param":{"num_deleted":"0","num_feature":"2","num_nodes":"15","size_leaf_vector":"1"}},{"base_weights":[-1.1260987E-3,-7.6505536E-1,2.8548813E-1,-9.194336E-2,-2.2814943E-2,7.527669E-4,7.5979614E-1,-6.2154133E-2,4.774475E-2,2.3797607E-2,9.0171814E-2,-7.4783326E-3,-1.8447876E-3,2.1240234E-3,6.362915E-3],"categories":[],"categories_nodes":[],"categories_segments":[],"categories_sizes":[],"default_left":[0,0,0,0,0,0,0,0,0,0,0,0,0,0,0],"id":77,"left_children":[1,3,5,-1,-1,7,9,11,13,-1,-1,-1,-1,-1,-1],"loss_changes":[2.4079442E0,3.8891554E-2,1.0798461E0,0E0,0E0,2.0704255E-2,7.5860023E-3,2.7632993E-4,3.3253524E-4,0E0,0E0,0E0,0E0,0E0,0E0],"parents":[2147483647,0,0,1,1,2,2,5,5,6,6,7,7,8,8],"right_children":[2,4,6,-1,-1,8,10,12,14,-1,-1,-1,-1,-1,-1],"split_conditions":[2.0116714E-1,1.0166964E-1,8.159707E-1,-9.194336E-2,-2.2814943E-2,5.085392E-1,9.188107E-1,4.069017E-1,7.1515995E-1,2.3797607E-2,9.0171814E-2,-7.4783326E-3,-1.8447876E-3,2.1240234E-3,6.362915E-3],"split_indices":[0,0,0,0,0,0,0,0,0,0,0,0,0,0,0],"split_type":[0,0,0,0,0,0,0,0,0,0,0,0,0,0,0],"sum_hessian":[9E0,2E0,7E0,1E0,1E0,5E0,2E0,2E0,3E0,1E0,1E0,1E0,1E0,2E0,1E0],"tree_param":{"num_deleted":"0","num_feature":"2","num_nodes":"15","size_leaf_vector":"1"}},{"base_weights":[-1.1779785E-3,-7.2679645E-1,2.710762E-1,-8.734589E-2,-2.1673584E-2,5.340576E-4,7.2180176E-1,-5.9051514E-2,4.508972E-2,2.2607422E-2,8.566284E-2,-7.1044923E-3,-1.7532349E-3,1.981608E-3,6.0455324E-3],"categories":[],"categories_nodes":[],"categories_segments":[],"categories_sizes":[],"default_left":[0,0,0,0,0,0,0,0,0,0,0,0,0,0,0],"id":78,"left_children":[1,3,5,-1,-1,7,9,11,13,-1,-1,-1,-1,-1,-1],"loss_changes":[2.172544E0,3.5110354E-2,9.7513664E-1,0E0,0E0,1.8591864E-2,6.8502426E-3,2.4828408E-4,3.5539083E-4,0E0,0E0,0E0,0E0,0E0,0E0],"parents":[2147483647,0,0,1,1,2,2,5,5,6,6,7,7,8,8],"right_children":[2,4,6,-1,-1,8,10,12,14,-1,-1,-1,-1,-1,-1],"split_conditions":[2.0116714E-1,1.0166964E-1,8.159707E-1,-8.734589E-2,-2.1673584E-2,5.085392E-1,9.188107E-1,4.069017E-1,7.1515995E-1,2.2607422E-2,8.566284E-2,-7.1044923E-3,-1.7532349E-3,1.981608E-3,6.0455324E-3],"split_indices":[0,0,0,0,0,0,0,0,0,0,0,0,0,0,0],"split_type":[0,0,0,0,0,0,0,0,0,0,0,0,0,0,0],"sum_hessian":[9E0,2E0,7E0,1E0,1E0,5E0,2E0,2E0,3E0,1E0,1E0,1E0,1E0,2E0,1E0],"tree_param":{"num_deleted":"0","num_feature":"2","num_nodes":"15","size_leaf_vector":"1"}},{"base_weights":[-1.2207031E-3,-6.904602E-1,2.573967E-1,-8.297882E-2,-2.059021E-2,3.4077963E-4,6.8570966E-1,-5.6101482E-2,4.258728E-2,2.1476746E-2,8.1379704E-2,-6.7489627E-3,-1.6662598E-3,1.8493653E-3,5.743408E-3],"categories":[],"categories_nodes":[],"categories_segments":[],"categories_sizes":[],"default_left":[0,0,0,0,0,0,0,0,0,0,0,0,0,0,0],"id":79,"left_children":[1,3,5,-1,-1,7,9,11,13,-1,-1,-1,-1,-1,-1],"loss_changes":[1.9602154E0,3.1682372E-2,8.805693E-1,0E0,0E0,1.6696136E-2,6.188154E-3,2.2285432E-4,3.6868732E-4,0E0,0E0,0E0,0E0,0E0,0E0],"parents":[2147483647,0,0,1,1,2,2,5,5,6,6,7,7,8,8],"right_children":[2,4,6,-1,-1,8,10,12,14,-1,-1,-1,-1,-1,-1],"split_conditions":[2.0116714E-1,1.0166964E-1,8.159707E-1,-8.297882E-2,-2.059021E-2,5.085392E-1,9.188107E-1,4.069017E-1,7.1515995E-1,2.1476746E-2,8.1379704E-2,-6.7489627E-3,-1.6662598E-3,1.8493653E-3,5.743408E-3],"split_indices":[0,0,0,0,0,0,0,0,0,0,0,0,0,0,0],"split_type":[0,0,0,0,0,0,0,0,0,0,0,0,0,0,0],"sum_hessian":[9E0,2E0,7E0,1E0,1E0,5E0,2E0,2E0,3E0,1E0,1E0,1E0,1E0,2E0,1E0],"tree_param":{"num_deleted":"0","num_feature":"2","num_nodes":"15","size_leaf_vector":"1"}},{"base_weights":[-1.2542724E-3,-6.5593463E-1,2.4440765E-1,-7.882996E-2,-1.9560242E-2,1.6784668E-4,6.5141803E-1,-5.3293865E-2,4.0222168E-2,2.0402526E-2,7.731018E-2,-6.4117434E-3,-1.5823365E-3,1.7252604E-3,5.456543E-3],"categories":[],"categories_nodes":[],"categories_segments":[],"categories_sizes":[],"default_left":[0,0,0,0,0,0,0,0,0,0,0,0,0,0,0],"id":80,"left_children":[1,3,5,-1,-1,7,9,11,13,-1,-1,-1,-1,-1,-1],"loss_changes":[1.768616E0,2.8602123E-2,7.9515564E-1,0E0,0E0,1.4991829E-2,5.5891275E-3,2.0213984E-4,3.7643826E-4,0E0,0E0,0E0,0E0,0E0,0E0],"parents":[2147483647,0,0,1,1,2,2,5,5,6,6,7,7,8,8],"right_children":[2,4,6,-1,-1,8,10,12,14,-1,-1,-1,-1,-1,-1],"split_conditions":[2.0116714E-1,1.0166964E-1,8.159707E-1,-7.882996E-2,-1.9560242E-2,5.085392E-1,9.188107E-1,4.069017E-1,7.1515995E-1,2.0402526E-2,7.731018E-2,-6.4117434E-3,-1.5823365E-3,1.7252604E-3,5.456543E-3],"split_indices":[0,0,0,0,0,0,0,0,0,0,0,0,0,0,0],"split_type":[0,0,0,0,0,0,0,0,0,0,0,0,0,0,0],"sum_hessian":[9E0,2E0,7E0,1E0,1E0,5E0,2E0,2E0,3E0,1E0,1E0,1E0,1E0,2E0,1E0],"tree_param":{"num_deleted":"0","num_feature":"2","num_nodes":"15","size_leaf_vector":"1"}},{"base_weights":[-1.2817383E-3,-6.231384E-1,2.3207474E-1,-7.488861E-2,-1.8582154E-2,1.0172526E-5,6.1884564E-1,-5.0628662E-2,3.7986755E-2,1.9381715E-2,7.3445134E-2,-6.091309E-3,-1.5029907E-3,1.6092936E-3,5.183411E-3],"categories":[],"categories_nodes":[],"categories_segments":[],"categories_sizes":[],"default_left":[0,0,0,0,0,0,0,0,0,0,0,0,0,0,0],"id":81,"left_children":[1,3,5,-1,-1,7,9,11,13,-1,-1,-1,-1,-1,-1],"loss_changes":[1.5957575E0,2.5815606E-2,7.180402E-1,0E0,0E0,1.34617565E-2,5.057931E-3,1.8282002E-4,3.7852302E-4,0E0,0E0,0E0,0E0,0E0,0E0],"parents":[2147483647,0,0,1,1,2,2,5,5,6,6,7,7,8,8],"right_children":[2,4,6,-1,-1,8,10,12,14,-1,-1,-1,-1,-1,-1],"split_conditions":[2.0116714E-1,1.0166964E-1,8.159707E-1,-7.488861E-2,-1.8582154E-2,5.085392E-1,9.188107E-1,4.069017E-1,7.1515995E-1,1.9381715E-2,7.3445134E-2,-6.091309E-3,-1.5029907E-3,1.6092936E-3,5.183411E-3],"split_indices":[0,0,0,0,0,0,0,0,0,0,0,0,0,0,0],"split_type":[0,0,0,0,0,0,0,0,0,0,0,0,0,0,0],"sum_hessian":[9E0,2E0,7E0,1E0,1E0,5E0,2E0,2E0,3E0,1E0,1E0,1E0,1E0,2E0,1E0],"tree_param":{"num_deleted":"0","num_feature":"2","num_nodes":"15","size_leaf_vector":"1"}},{"base_weights":[-1.3000488E-3,-5.9198E-1,2.2036743E-1,-7.1144104E-2,-1.7652893E-2,-1.2715657E-4,5.879008E-1,-4.8095703E-2,3.5881042E-2,1.8412782E-2,6.977234E-2,-5.786133E-3,-1.4282226E-3,1.5014649E-3,4.9240114E-3],"categories":[],"categories_nodes":[],"categories_segments":[],"categories_sizes":[],"default_left":[0,0,0,0,0,0,0,0,0,0,0,0,0,0,0],"id":82,"left_children":[1,3,5,-1,-1,7,9,11,13,-1,-1,-1,-1,-1,-1],"loss_changes":[1.4397984E0,2.3300648E-2,6.4838773E-1,0E0,0E0,1.208929E-2,4.5598745E-3,1.642406E-4,3.7569972E-4,0E0,0E0,0E0,0E0,0E0,0E0],"parents":[2147483647,0,0,1,1,2,2,5,5,6,6,7,7,8,8],"right_children":[2,4,6,-1,-1,8,10,12,14,-1,-1,-1,-1,-1,-1],"split_conditions":[2.0116714E-1,1.0166964E-1,8.159707E-1,-7.1144104E-2,-1.7652893E-2,5.085392E-1,9.188107E-1,4.069017E-1,7.1515995E-1,1.8412782E-2,6.977234E-2,-5.786133E-3,-1.4282226E-3,1.5014649E-3,4.9240114E-3],"split_indices":[0,0,0,0,0,0,0,0,0,0,0,0,0,0,0],"split_type":[0,0,0,0,0,0,0,0,0,0,0,0,0,0,0],"sum_hessian":[9E0,2E0,7E0,1E0,1E0,5E0,2E0,2E0,3E0,1E0,1E0,1E0,1E0,2E0,1E0],"tree_param":{"num_deleted":"0","num_feature":"2","num_nodes":"15","size_leaf_vector":"1"}},{"base_weights":[-1.3061523E-3,-5.623881E-1,2.0926285E-1,-6.758728E-2,-1.6770935E-2,-2.3905437E-4,5.585124E-1,-4.5684814E-2,3.390503E-2,1.7492676E-2,6.628418E-2,-5.496216E-3,-1.3565064E-3,1.4017741E-3,4.678345E-3],"categories":[],"categories_nodes":[],"categories_segments":[],"categories_sizes":[],"default_left":[0,0,0,0,0,0,0,0,0,0,0,0,0,0,0],"id":83,"left_children":[1,3,5,-1,-1,7,9,11,13,-1,-1,-1,-1,-1,-1],"loss_changes":[1.2991515E0,2.1019816E-2,5.8548105E-1,0E0,0E0,1.0859167E-2,4.109025E-3,1.4839321E-4,3.6866916E-4,0E0,0E0,0E0,0E0,0E0,0E0],"parents":[2147483647,0,0,1,1,2,2,5,5,6,6,7,7,8,8],"right_children":[2,4,6,-1,-1,8,10,12,14,-1,-1,-1,-1,-1,-1],"split_conditions":[2.0116714E-1,1.0166964E-1,8.159707E-1,-6.758728E-2,-1.6770935E-2,5.085392E-1,9.188107E-1,4.069017E-1,7.1515995E-1,1.7492676E-2,6.628418E-2,-5.496216E-3,-1.3565064E-3,1.4017741E-3,4.678345E-3],"split_indices":[0,0,0,0,0,0,0,0,0,0,0,0,0,0,0],"split_type":[0,0,0,0,0,0,0,0,0,0,0,0,0,0,0],"sum_hessian":[9E0,2E0,7E0,1E0,1E0,5E0,2E0,2E0,3E0,1E0,1E0,1E0,1E0,2E0,1E0],"tree_param":{"num_deleted":"0","num_feature":"2","num_nodes":"15","size_leaf_vector":"1"}},{"base_weights":[-1.3092041E-3,-5.3426105E-1,1.987114E-1,-6.420746E-2,-1.5931701E-2,-3.4586588E-4,5.305888E-1,-4.340617E-2,3.2035828E-2,1.6618347E-2,6.2969975E-2,-5.221558E-3,-1.2893677E-3,1.3081868E-3,4.4448855E-3],"categories":[],"categories_nodes":[],"categories_segments":[],"categories_sizes":[],"default_left":[0,0,0,0,0,0,0,0,0,0,0,0,0,0,0],"id":84,"left_children":[1,3,5,-1,-1,7,9,11,13,-1,-1,-1,-1,-1,-1],"loss_changes":[1.1721772E0,1.8978775E-2,5.286844E-1,0E0,0E0,9.756745E-3,3.7038922E-3,1.3314048E-4,3.596302E-4,0E0,0E0,0E0,0E0,0E0,0E0],"parents":[2147483647,0,0,1,1,2,2,5,5,6,6,7,7,8,8],"right_children":[2,4,6,-1,-1,8,10,12,14,-1,-1,-1,-1,-1,-1],"split_conditions":[2.0116714E-1,1.0166964E-1,8.159707E-1,-6.420746E-2,-1.5931701E-2,5.085392E-1,9.188107E-1,4.069017E-1,7.1515995E-1,1.6618347E-2,6.2969975E-2,-5.221558E-3,-1.2893677E-3,1.3081868E-3,4.4448855E-3],"split_indices":[0,0,0,0,0,0,0,0,0,0,0,0,0,0,0],"split_type":[0,0,0,0,0,0,0,0,0,0,0,0,0,0,0],"sum_hessian":[9E0,2E0,7E0,1E0,1E0,5E0,2E0,2E0,3E0,1E0,1E0,1E0,1E0,2E0,1E0],"tree_param":{"num_deleted":"0","num_feature":"2","num_nodes":"15","size_leaf_vector":"1"}},{"base_weights":[-1.3122559E-3,-5.0754803E-1,1.8869019E-1,-6.099701E-2,-1.5135193E-2,-4.4250488E-4,5.0405884E-1,-4.123942E-2,3.0265808E-2,1.5786743E-2,5.9822083E-2,-4.9606324E-3,-1.2252808E-3,1.2207031E-3,4.222107E-3],"categories":[],"categories_nodes":[],"categories_segments":[],"categories_sizes":[],"default_left":[0,0,0,0,0,0,0,0,0,0,0,0,0,0,0],"id":85,"left_children":[1,3,5,-1,-1,7,9,11,13,-1,-1,-1,-1,-1,-1],"loss_changes":[1.0576297E0,1.7126858E-2,4.7739524E-1,0E0,0E0,8.764971E-3,3.3546686E-3,1.1976762E-4,3.4819567E-4,0E0,0E0,0E0,0E0,0E0,0E0],"parents":[2147483647,0,0,1,1,2,2,5,5,6,6,7,7,8,8],"right_children":[2,4,6,-1,-1,8,10,12,14,-1,-1,-1,-1,-1,-1],"split_conditions":[2.0116714E-1,1.0166964E-1,8.159707E-1,-6.099701E-2,-1.5135193E-2,5.085392E-1,9.188107E-1,4.069017E-1,7.1515995E-1,1.5786743E-2,5.9822083E-2,-4.9606324E-3,-1.2252808E-3,1.2207031E-3,4.222107E-3],"split_indices":[0,0,0,0,0,0,0,0,0,0,0,0,0,0,0],"split_type":[0,0,0,0,0,0,0,0,0,0,0,0,0,0,0],"sum_hessian":[9E0,2E0,7E0,1E0,1E0,5E0,2E0,2E0,3E0,1E0,1E0,1E0,1E0,2E0,1E0],"tree_param":{"num_deleted":"0","num_feature":"2","num_nodes":"15","size_leaf_vector":"1"}},{"base_weights":[-1.3031006E-3,-4.8216757E-1,1.7918396E-1,-5.794678E-2,-1.4378357E-2,-5.187988E-4,4.7886148E-1,-3.9174397E-2,2.86026E-2,1.4997864E-2,5.683136E-2,-4.7119143E-3,-1.1642457E-3,1.139323E-3,4.0115356E-3],"categories":[],"categories_nodes":[],"categories_segments":[],"categories_sizes":[],"default_left":[0,0,0,0,0,0,0,0,0,0,0,0,0,0,0],"id":86,"left_children":[1,3,5,-1,-1,7,9,11,13,-1,-1,-1,-1,-1,-1],"loss_changes":[9.542948E-1,1.5456557E-2,4.3107152E-1,0E0,0E0,7.874721E-3,3.0228496E-3,1.0761991E-4,3.3546565E-4,0E0,0E0,0E0,0E0,0E0,0E0],"parents":[2147483647,0,0,1,1,2,2,5,5,6,6,7,7,8,8],"right_children":[2,4,6,-1,-1,8,10,12,14,-1,-1,-1,-1,-1,-1],"split_conditions":[2.0116714E-1,1.0166964E-1,8.159707E-1,-5.794678E-2,-1.4378357E-2,5.085392E-1,9.188107E-1,4.069017E-1,7.1515995E-1,1.4997864E-2,5.683136E-2,-4.7119143E-3,-1.1642457E-3,1.139323E-3,4.0115356E-3],"split_indices":[0,0,0,0,0,0,0,0,0,0,0,0,0,0,0],"split_type":[0,0,0,0,0,0,0,0,0,0,0,0,0,0,0],"sum_hessian":[9E0,2E0,7E0,1E0,1E0,5E0,2E0,2E0,3E0,1E0,1E0,1E0,1E0,2E0,1E0],"tree_param":{"num_deleted":"0","num_feature":"2","num_nodes":"15","size_leaf_vector":"1"}},{"base_weights":[-1.2908935E-3,-4.5805869E-1,1.7015839E-1,-5.5049133E-2,-1.3659668E-2,-5.849202E-4,4.5492554E-1,-3.722127E-2,2.7038574E-2,1.4248657E-2,5.3990174E-2,-4.4769286E-3,-1.1062622E-3,1.0640462E-3,3.8116456E-3],"categories":[],"categories_nodes":[],"categories_segments":[],"categories_sizes":[],"default_left":[0,0,0,0,0,0,0,0,0,0,0,0,0,0,0],"id":87,"left_children":[1,3,5,-1,-1,7,9,11,13,-1,-1,-1,-1,-1,-1],"loss_changes":[8.6106753E-1,1.394552E-2,3.8924274E-1,0E0,0E0,7.078555E-3,2.7208924E-3,9.707175E-5,3.2104854E-4,0E0,0E0,0E0,0E0,0E0,0E0],"parents":[2147483647,0,0,1,1,2,2,5,5,6,6,7,7,8,8],"right_children":[2,4,6,-1,-1,8,10,12,14,-1,-1,-1,-1,-1,-1],"split_conditions":[2.0116714E-1,1.0166964E-1,8.159707E-1,-5.5049133E-2,-1.3659668E-2,5.085392E-1,9.188107E-1,4.069017E-1,7.1515995E-1,1.4248657E-2,5.3990174E-2,-4.4769286E-3,-1.1062622E-3,1.0640462E-3,3.8116456E-3],"split_indices":[0,0,0,0,0,0,0,0,0,0,0,0,0,0,0],"split_type":[0,0,0,0,0,0,0,0,0,0,0,0,0,0,0],"sum_hessian":[9E0,2E0,7E0,1E0,1E0,5E0,2E0,2E0,3E0,1E0,1E0,1E0,1E0,2E0,1E0],"tree_param":{"num_deleted":"0","num_feature":"2","num_nodes":"15","size_leaf_vector":"1"}},{"base_weights":[-1.2786866E-3,-4.3515015E-1,1.6158295E-1,-5.229645E-2,-1.2976075E-2,-6.459554E-4,4.3217978E-1,-3.53597E-2,2.5550842E-2,1.3536072E-2,5.1290896E-2,-4.2526247E-3,-1.0513306E-3,9.928386E-4,3.6209107E-3],"categories":[],"categories_nodes":[],"categories_segments":[],"categories_sizes":[],"default_left":[0,0,0,0,0,0,0,0,0,0,0,0,0,0,0],"id":88,"left_children":[1,3,5,-1,-1,7,9,11,13,-1,-1,-1,-1,-1,-1],"loss_changes":[7.76923E-1,1.2592435E-2,3.514682E-1,0E0,0E0,6.359804E-3,2.4581552E-3,8.7097054E-5,3.0653505E-4,0E0,0E0,0E0,0E0,0E0,0E0],"parents":[2147483647,0,0,1,1,2,2,5,5,6,6,7,7,8,8],"right_children":[2,4,6,-1,-1,8,10,12,14,-1,-1,-1,-1,-1,-1],"split_conditions":[2.0116714E-1,1.0166964E-1,8.159707E-1,-5.229645E-2,-1.2976075E-2,5.085392E-1,9.188107E-1,4.069017E-1,7.1515995E-1,1.3536072E-2,5.1290896E-2,-4.2526247E-3,-1.0513306E-3,9.928386E-4,3.6209107E-3],"split_indices":[0,0,0,0,0,0,0,0,0,0,0,0,0,0,0],"split_type":[0,0,0,0,0,0,0,0,0,0,0,0,0,0,0],"sum_hessian":[9E0,2E0,7E0,1E0,1E0,5E0,2E0,2E0,3E0,1E0,1E0,1E0,1E0,2E0,1E0],"tree_param":{"num_deleted":"0","num_feature":"2","num_nodes":"15","size_leaf_vector":"1"}},{"base_weights":[-1.272583E-3,-4.133911E-1,1.5343094E-1,-4.9681094E-2,-1.2327576E-2,-7.0699054E-4,4.1056314E-1,-3.3599854E-2,2.4139404E-2,1.2858582E-2,4.872589E-2,-4.0405276E-3,-9.994507E-4,9.256999E-4,3.4393312E-3],"categories":[],"categories_nodes":[],"categories_segments":[],"categories_sizes":[],"default_left":[0,0,0,0,0,0,0,0,0,0,0,0,0,0,0],"id":89,"left_children":[1,3,5,-1,-1,7,9,11,13,-1,-1,-1,-1,-1,-1],"loss_changes":[7.009889E-1,1.1359334E-2,3.1736082E-1,0E0,0E0,5.714695E-3,2.224803E-3,7.810211E-5,2.9203226E-4,0E0,0E0,0E0,0E0,0E0,0E0],"parents":[2147483647,0,0,1,1,2,2,5,5,6,6,7,7,8,8],"right_children":[2,4,6,-1,-1,8,10,12,14,-1,-1,-1,-1,-1,-1],"split_conditions":[2.0116714E-1,1.0166964E-1,8.159707E-1,-4.9681094E-2,-1.2327576E-2,5.085392E-1,9.188107E-1,4.069017E-1,7.1515995E-1,1.2858582E-2,4.872589E-2,-4.0405276E-3,-9.994507E-4,9.256999E-4,3.4393312E-3],"split_indices":[0,0,0,0,0,0,0,0,0,0,0,0,0,0,0],"split_type":[0,0,0,0,0,0,0,0,0,0,0,0,0,0,0],"sum_hessian":[9E0,2E0,7E0,1E0,1E0,5E0,2E0,2E0,3E0,1E0,1E0,1E0,1E0,2E0,1E0],"tree_param":{"num_deleted":"0","num_feature":"2","num_nodes":"15","size_leaf_vector":"1"}},{"base_weights":[-1.2542724E-3,-3.9272055E-1,1.4570236E-1,-4.7196962E-2,-1.1711121E-2,-7.4768066E-4,3.90035E-1,-3.1921387E-2,2.2819519E-2,1.2216187E-2,4.6289064E-2,-3.8391114E-3,-9.490967E-4,8.6466473E-4,3.2669068E-3],"categories":[],"categories_nodes":[],"categories_segments":[],"categories_sizes":[],"default_left":[0,0,0,0,0,0,0,0,0,0,0,0,0,0,0],"id":90,"left_children":[1,3,5,-1,-1,7,9,11,13,-1,-1,-1,-1,-1,-1],"loss_changes":[6.32506E-1,1.0252386E-2,2.8655183E-1,0E0,0E0,5.136492E-3,2.00063E-3,7.098727E-5,2.7590757E-4,0E0,0E0,0E0,0E0,0E0,0E0],"parents":[2147483647,0,0,1,1,2,2,5,5,6,6,7,7,8,8],"right_children":[2,4,6,-1,-1,8,10,12,14,-1,-1,-1,-1,-1,-1],"split_conditions":[2.0116714E-1,1.0166964E-1,8.159707E-1,-4.7196962E-2,-1.1711121E-2,5.085392E-1,9.188107E-1,4.069017E-1,7.1515995E-1,1.2216187E-2,4.6289064E-2,-3.8391114E-3,-9.490967E-4,8.6466473E-4,3.2669068E-3],"split_indices":[0,0,0,0,0,0,0,0,0,0,0,0,0,0,0],"split_type":[0,0,0,0,0,0,0,0,0,0,0,0,0,0,0],"sum_hessian":[9E0,2E0,7E0,1E0,1E0,5E0,2E0,2E0,3E0,1E0,1E0,1E0,1E0,2E0,1E0],"tree_param":{"num_deleted":"0","num_feature":"2","num_nodes":"15","size_leaf_vector":"1"}},{"base_weights":[-1.2298584E-3,-3.730774E-1,1.383667E-1,-4.4836428E-2,-1.1125184E-2,-7.7819824E-4,3.7053427E-1,-3.03243E-2,2.1575928E-2,1.16058355E-2,4.3974306E-2,-3.6468506E-3,-9.0179447E-4,8.076985E-4,3.1036378E-3],"categories":[],"categories_nodes":[],"categories_segments":[],"categories_sizes":[],"default_left":[0,0,0,0,0,0,0,0,0,0,0,0,0,0,0],"id":91,"left_children":[1,3,5,-1,-1,7,9,11,13,-1,-1,-1,-1,-1,-1],"loss_changes":[5.707078E-1,9.254724E-3,2.5872782E-1,0E0,0E0,4.6171383E-3,1.8000603E-3,6.386102E-5,2.6014377E-4,0E0,0E0,0E0,0E0,0E0,0E0],"parents":[2147483647,0,0,1,1,2,2,5,5,6,6,7,7,8,8],"right_children":[2,4,6,-1,-1,8,10,12,14,-1,-1,-1,-1,-1,-1],"split_conditions":[2.0116714E-1,1.0166964E-1,8.159707E-1,-4.4836428E-2,-1.1125184E-2,5.085392E-1,9.188107E-1,4.069017E-1,7.1515995E-1,1.16058355E-2,4.3974306E-2,-3.6468506E-3,-9.0179447E-4,8.076985E-4,3.1036378E-3],"split_indices":[0,0,0,0,0,0,0,0,0,0,0,0,0,0,0],"split_type":[0,0,0,0,0,0,0,0,0,0,0,0,0,0,0],"sum_hessian":[9E0,2E0,7E0,1E0,1E0,5E0,2E0,2E0,3E0,1E0,1E0,1E0,1E0,2E0,1E0],"tree_param":{"num_deleted":"0","num_feature":"2","num_nodes":"15","size_leaf_vector":"1"}},{"base_weights":[-1.2023926E-3,-3.54421E-1,1.3140488E-1,-4.259491E-2,-1.0568238E-2,-7.985433E-4,3.520101E-1,-2.8798422E-2,2.0401001E-2,1.1026002E-2,4.1775513E-2,-3.4637451E-3,-8.560181E-4,7.5480144E-4,2.947998E-3],"categories":[],"categories_nodes":[],"categories_segments":[],"categories_sizes":[],"default_left":[0,0,0,0,0,0,0,0,0,0,0,0,0,0,0],"id":92,"left_children":[1,3,5,-1,-1,7,9,11,13,-1,-1,-1,-1,-1,-1],"loss_changes":[5.149662E-1,8.360088E-3,2.3359919E-1,0E0,0E0,4.1490244E-3,1.619935E-3,5.8012316E-5,2.4425273E-4,0E0,0E0,0E0,0E0,0E0,0E0],"parents":[2147483647,0,0,1,1,2,2,5,5,6,6,7,7,8,8],"right_children":[2,4,6,-1,-1,8,10,12,14,-1,-1,-1,-1,-1,-1],"split_conditions":[2.0116714E-1,1.0166964E-1,8.159707E-1,-4.259491E-2,-1.0568238E-2,5.085392E-1,9.188107E-1,4.069017E-1,7.1515995E-1,1.1026002E-2,4.1775513E-2,-3.4637451E-3,-8.560181E-4,7.5480144E-4,2.947998E-3],"split_indices":[0,0,0,0,0,0,0,0,0,0,0,0,0,0,0],"split_type":[0,0,0,0,0,0,0,0,0,0,0,0,0,0,0],"sum_hessian":[9E0,2E0,7E0,1E0,1E0,5E0,2E0,2E0,3E0,1E0,1E0,1E0,1E0,2E0,1E0],"tree_param":{"num_deleted":"0","num_feature":"2","num_nodes":"15","size_leaf_vector":"1"}},{"base_weights":[-1.1810303E-3,-3.3670044E-1,1.2478638E-1,-4.0464785E-2,-1.0040283E-2,-8.239746E-4,3.3441162E-1,-2.7353922E-2,1.927948E-2,1.0475159E-2,3.9686587E-2,-3.289795E-3,-8.1329345E-4,7.0393883E-4,2.7999878E-3],"categories":[],"categories_nodes":[],"categories_segments":[],"categories_sizes":[],"default_left":[0,0,0,0,0,0,0,0,0,0,0,0,0,0,0],"id":93,"left_children":[1,3,5,-1,-1,7,9,11,13,-1,-1,-1,-1,-1,-1],"loss_changes":[4.6466073E-1,7.5396E-3,2.1092439E-1,0E0,0E0,3.727431E-3,1.4573634E-3,5.212822E-5,2.2985192E-4,0E0,0E0,0E0,0E0,0E0,0E0],"parents":[2147483647,0,0,1,1,2,2,5,5,6,6,7,7,8,8],"right_children":[2,4,6,-1,-1,8,10,12,14,-1,-1,-1,-1,-1,-1],"split_conditions":[2.0116714E-1,1.0166964E-1,8.159707E-1,-4.0464785E-2,-1.0040283E-2,5.085392E-1,9.188107E-1,4.069017E-1,7.1515995E-1,1.0475159E-2,3.9686587E-2,-3.289795E-3,-8.1329345E-4,7.0393883E-4,2.7999878E-3],"split_indices":[0,0,0,0,0,0,0,0,0,0,0,0,0,0,0],"split_type":[0,0,0,0,0,0,0,0,0,0,0,0,0,0,0],"sum_hessian":[9E0,2E0,7E0,1E0,1E0,5E0,2E0,2E0,3E0,1E0,1E0,1E0,1E0,2E0,1E0],"tree_param":{"num_deleted":"0","num_feature":"2","num_nodes":"15","size_leaf_vector":"1"}},{"base_weights":[-1.1535644E-3,-3.198649E-1,1.18507385E-1,-3.8441468E-2,-9.53827E-3,-8.392334E-4,3.1769815E-1,-2.598063E-2,1.8226624E-2,9.951782E-3,3.7702944E-2,-3.125E-3,-7.7209476E-4,6.5714517E-4,2.659607E-3],"categories":[],"categories_nodes":[],"categories_segments":[],"categories_sizes":[],"default_left":[0,0,0,0,0,0,0,0,0,0,0,0,0,0,0],"id":94,"left_children":[1,3,5,-1,-1,7,9,11,13,-1,-1,-1,-1,-1,-1],"loss_changes":[4.1927937E-1,6.8043172E-3,1.9044858E-1,0E0,0E0,3.349593E-3,1.313597E-3,4.737149E-5,2.1541456E-4,0E0,0E0,0E0,0E0,0E0,0E0],"parents":[2147483647,0,0,1,1,2,2,5,5,6,6,7,7,8,8],"right_children":[2,4,6,-1,-1,8,10,12,14,-1,-1,-1,-1,-1,-1],"split_conditions":[2.0116714E-1,1.0166964E-1,8.159707E-1,-3.8441468E-2,-9.53827E-3,5.085392E-1,9.188107E-1,4.069017E-1,7.1515995E-1,9.951782E-3,3.7702944E-2,-3.125E-3,-7.7209476E-4,6.5714517E-4,2.659607E-3],"split_indices":[0,0,0,0,0,0,0,0,0,0,0,0,0,0,0],"split_type":[0,0,0,0,0,0,0,0,0,0,0,0,0,0,0],"sum_hessian":[9E0,2E0,7E0,1E0,1E0,5E0,2E0,2E0,3E0,1E0,1E0,1E0,1E0,2E0,1E0],"tree_param":{"num_deleted":"0","num_feature":"2","num_nodes":"15","size_leaf_vector":"1"}},{"base_weights":[-1.1291504E-3,-1.14593506E-1,3.0181885E-1,-3.0386353E-1,-8.5957843E-4,9.454346E-3,3.5818484E-2,-3.651886E-2,-9.060669E-3,-2.468872E-2,1.7227173E-2,-2.9693604E-3,-7.339478E-4,6.123861E-4,2.5268556E-3],"categories":[],"categories_nodes":[],"categories_segments":[],"categories_sizes":[],"default_left":[0,0,0,0,0,0,0,0,0,0,0,0,0,0,0],"id":95,"left_children":[1,3,5,7,9,-1,-1,-1,-1,11,13,-1,-1,-1,-1],"loss_changes":[3.7832448E-1,1.7195022E-1,1.1857748E-3,6.1454177E-3,3.0112674E-3,0E0,0E0,0E0,0E0,4.255725E-5,2.0240282E-4,0E0,0E0,0E0,0E0],"parents":[2147483647,0,0,1,1,2,2,3,3,4,4,9,9,10,10],"right_children":[2,4,6,8,10,-1,-1,-1,-1,12,14,-1,-1,-1,-1],"split_conditions":[8.159707E-1,2.0116714E-1,9.188107E-1,1.0166964E-1,5.085392E-1,9.454346E-3,3.5818484E-2,-3.651886E-2,-9.060669E-3,4.069017E-1,7.1515995E-1,-2.9693604E-3,-7.339478E-4,6.123861E-4,2.5268556E-3],"split_indices":[0,0,0,0,0,0,0,0,0,0,0,0,0,0,0],"split_type":[0,0,0,0,0,0,0,0,0,0,0,0,0,0,0],"sum_hessian":[9E0,7E0,2E0,2E0,5E0,1E0,1E0,1E0,1E0,2E0,3E0,1E0,1E0,2E0,1E0],"tree_param":{"num_deleted":"0","num_feature":"2","num_nodes":"15","size_leaf_vector":"1"}},{"base_weights":[-1.1047364E-3,-1.0890198E-1,2.867228E-1,-2.8866577E-1,-8.69751E-4,8.981324E-3,3.40271E-2,-3.4692384E-2,-8.6074835E-3,-2.3457846E-2,1.6288757E-2,-2.8213502E-3,-6.973267E-4,5.71696E-4,2.4002076E-3],"categories":[],"categories_nodes":[],"categories_segments":[],"categories_sizes":[],"default_left":[0,0,0,0,0,0,0,0,0,0,0,0,0,0,0],"id":96,"left_children":[1,3,5,7,9,-1,-1,-1,-1,11,13,-1,-1,-1,-1],"loss_changes":[3.4149486E-1,1.5511121E-1,1.0715872E-3,5.546242E-3,2.707567E-3,0E0,0E0,0E0,0E0,3.8444647E-5,1.8895569E-4,0E0,0E0,0E0,0E0],"parents":[2147483647,0,0,1,1,2,2,3,3,4,4,9,9,10,10],"right_children":[2,4,6,8,10,-1,-1,-1,-1,12,14,-1,-1,-1,-1],"split_conditions":[8.159707E-1,2.0116714E-1,9.188107E-1,1.0166964E-1,5.085392E-1,8.981324E-3,3.40271E-2,-3.4692384E-2,-8.6074835E-3,4.069017E-1,7.1515995E-1,-2.8213502E-3,-6.973267E-4,5.71696E-4,2.4002076E-3],"split_indices":[0,0,0,0,0,0,0,0,0,0,0,0,0,0,0],"split_type":[0,0,0,0,0,0,0,0,0,0,0,0,0,0,0],"sum_hessian":[9E0,7E0,2E0,2E0,5E0,1E0,1E0,1E0,1E0,2E0,3E0,1E0,1E0,2E0,1E0],"tree_param":{"num_deleted":"0","num_feature":"2","num_nodes":"15","size_leaf_vector":"1"}},{"base_weights":[-1.0803223E-3,-1.0349655E-1,2.7238974E-1,-2.7423096E-1,-8.799235E-4,8.532715E-3,3.2325745E-2,-3.295746E-2,-8.177185E-3,-2.2288004E-2,1.5396118E-2,-2.6809692E-3,-6.6223147E-4,5.330404E-4,2.2796632E-3],"categories":[],"categories_nodes":[],"categories_segments":[],"categories_sizes":[],"default_left":[0,0,0,0,0,0,0,0,0,0,0,0,0,0,0],"id":97,"left_children":[1,3,5,7,9,-1,-1,-1,-1,11,13,-1,-1,-1,-1],"loss_changes":[3.0826908E-1,1.3992022E-1,9.637028E-4,5.004227E-3,2.4337817E-3,0E0,0E0,0E0,0E0,3.496383E-5,1.7645059E-4,0E0,0E0,0E0,0E0],"parents":[2147483647,0,0,1,1,2,2,3,3,4,4,9,9,10,10],"right_children":[2,4,6,8,10,-1,-1,-1,-1,12,14,-1,-1,-1,-1],"split_conditions":[8.159707E-1,2.0116714E-1,9.188107E-1,1.0166964E-1,5.085392E-1,8.532715E-3,3.2325745E-2,-3.295746E-2,-8.177185E-3,4.069017E-1,7.1515995E-1,-2.6809692E-3,-6.6223147E-4,5.330404E-4,2.2796632E-3],"split_indices":[0,0,0,0,0,0,0,0,0,0,0,0,0,0,0],"split_type":[0,0,0,0,0,0,0,0,0,0,0,0,0,0,0],"sum_hessian":[9E0,7E0,2E0,2E0,5E0,1E0,1E0,1E0,1E0,2E0,3E0,1E0,1E0,2E0,1E0],"tree_param":{"num_deleted":"0","num_feature":"2","num_nodes":"15","size_leaf_vector":"1"}},{"base_weights":[-1.0498047E-3,-9.8350525E-2,2.587687E-1,-2.605184E-1,-8.748372E-4,8.105469E-3,3.0709838E-2,-3.130951E-2,-7.7682496E-3,-2.1169027E-2,1.4564514E-2,-2.546692E-3,-6.286621E-4,4.984538E-4,2.1652223E-3],"categories":[],"categories_nodes":[],"categories_segments":[],"categories_sizes":[],"default_left":[0,0,0,0,0,0,0,0,0,0,0,0,0,0,0],"id":98,"left_children":[1,3,5,7,9,-1,-1,-1,-1,11,13,-1,-1,-1,-1],"loss_changes":[2.7825534E-1,1.2623149E-1,8.748174E-4,4.516706E-3,2.1882912E-3,0E0,0E0,0E0,0E0,3.178802E-5,1.63674E-4,0E0,0E0,0E0,0E0],"parents":[2147483647,0,0,1,1,2,2,3,3,4,4,9,9,10,10],"right_children":[2,4,6,8,10,-1,-1,-1,-1,12,14,-1,-1,-1,-1],"split_conditions":[8.159707E-1,2.0116714E-1,9.188107E-1,1.0166964E-1,5.085392E-1,8.105469E-3,3.0709838E-2,-3.130951E-2,-7.7682496E-3,4.069017E-1,7.1515995E-1,-2.546692E-3,-6.286621E-4,4.984538E-4,2.1652223E-3],"split_indices":[0,0,0,0,0,0,0,0,0,0,0,0,0,0,0],"split_type":[0,0,0,0,0,0,0,0,0,0,0,0,0,0,0],"sum_hessian":[9E0,7E0,2E0,2E0,5E0,1E0,1E0,1E0,1E0,2E0,3E0,1E0,1E0,2E0,1E0],"tree_param":{"num_deleted":"0","num_feature":"2","num_nodes":"15","size_leaf_vector":"1"}},{"base_weights":[-1.0192872E-3,-9.346008E-2,2.4582927E-1,-2.4748738E-1,-8.69751E-4,7.699585E-3,2.9174805E-2,-2.9743958E-2,-7.3791505E-3,-2.0111084E-2,1.37786865E-2,-2.420044E-3,-5.966187E-4,4.659017E-4,2.0568848E-3],"categories":[],"categories_nodes":[],"categories_segments":[],"categories_sizes":[],"default_left":[0,0,0,0,0,0,0,0,0,0,0,0,0,0,0],"id":99,"left_children":[1,3,5,7,9,-1,-1,-1,-1,11,13,-1,-1,-1,-1],"loss_changes":[2.51164E-1,1.1387627E-1,7.944703E-4,4.080966E-3,1.968237E-3,0E0,0E0,0E0,0E0,2.9146206E-5,1.5186548E-4,0E0,0E0,0E0,0E0],"parents":[2147483647,0,0,1,1,2,2,3,3,4,4,9,9,10,10],"right_children":[2,4,6,8,10,-1,-1,-1,-1,12,14,-1,-1,-1,-1],"split_conditions":[8.159707E-1,2.0116714E-1,9.188107E-1,1.0166964E-1,5.085392E-1,7.699585E-3,2.9174805E-2,-2.9743958E-2,-7.3791505E-3,4.069017E-1,7.1515995E-1,-2.420044E-3,-5.966187E-4,4.659017E-4,2.0568848E-3],"split_indices":[0,0,0,0,0,0,0,0,0,0,0,0,0,0,0],"split_type":[0,0,0,0,0,0,0,0,0,0,0,0,0,0,0],"sum_hessian":[9E0,7E0,2E0,2E0,5E0,1E0,1E0,1E0,1E0,2E0,3E0,1E0,1E0,2E0,1E0],"tree_param":{"num_deleted":"0","num_feature":"2","num_nodes":"15","size_leaf_vector":"1"}}]},"name":"gbtree"},"learner_model_param":{"base_score":"4.061111E2","boost_from_average":"1","num_class":"0","num_feature":"2","num_target":"1"},"objective":{"name":"reg:squarederror","reg_loss_param":{"scale_pos_weight":"1"}}},"version":[2,0,1]}