{"learner":{"attributes":{"scikit_learn":"{\"_estimator_type\": \"regressor\"}"},"feature_names":[],"feature_types":[],"gradient_booster":{"model":{"gbtree_model_param":{"num_parallel_tree":"1","num_trees":"100"},"iteration_indptr":[0,1,2,3,4,5,6,7,8,9,10,11,12,13,14,15,16,17,18,19,20,21,22,23,24,25,26,27,28,29,30,31,32,33,34,35,36,37,38,39,40,41,42,43,44,45,46,47,48,49,50,51,52,53,54,55,56,57,58,59,60,61,62,63,64,65,66,67,68,69,70,71,72,73,74,75,76,77,78,79,80,81,82,83,84,85,86,87,88,89,90,91,92,93,94,95,96,97,98,99,100],"tree_info":[0,0,0,0,0,0,0,0,0,0,0,0,0,0,0,0,0,0,0,0,0,0,0,0,0,0,0,0,0,0,0,0,0,0,0,0,0,0,0,0,0,0,0,0,0,0,0,0,0,0,0,0,0,0,0,0,0,0,0,0,0,0,0,0,0,0,0,0,0,0,0,0,0,0,0,0,0,0,0,0,0,0,0,0,0,0,0,0,0,0,0,0,0,0,0,0,0,0,0,0],"trees":[{"base_weights":[2.4414063E-5,-6.222592E2,7.467111E2,-6.892889E1,-1.4355555E1,1.1844446E1,8.741667E1],"categories":[],"categories_nodes":[],"categories_segments":[],"categories_sizes":[],"default_left":[0,0,0,0,0,0,0],"id":0,"left_children":[1,3,5,-1,-1,-1,-1],"loss_changes":[5.111127E6,9.3573E4,2.9684025E5,0E0,0E0,0E0,0E0],"parents":[2147483647,0,0,1,1,2,2],"right_children":[2,4,6,-1,-1,-1,-1],"split_conditions":[7.0013463E-1,4.9979103E-1,7.9990894E-1,-6.892889E1,-1.4355555E1,1.1844446E1,8.741667E1],"split_indices":[0,0,0,0,0,0,0],"split_type":[0,0,0,0,0,0,0],"sum_hessian":[9E0,5E0,4E0,4E0,1E0,1E0,3E0],"tree_param":{"num_deleted":"0","num_feature":"2","num_nodes":"7","size_leaf_vector":"1"}},{"base_weights":[1.5976807E0,-5.73914E2,6.918922E2,-6.341457E1,-1.3637781E1,1.1252222E1,8.086041E1],"categories":[],"categories_nodes":[],"categories_segments":[],"categories_sizes":[],"default_left":[0,0,0,0,0,0,0],"id":1,"left_children":[1,3,5,-1,-1,-1,-1],"loss_changes":[4.3698125E6,7.1637625E4,2.47111E5,0E0,0E0,0E0,0E0],"parents":[2147483647,0,0,1,1,2,2],"right_children":[2,4,6,-1,-1,-1,-1],"split_conditions":[7.0013463E-1,4.9979103E-1,7.9990894E-1,-6.341457E1,-1.3637781E1,1.1252222E1,8.086041E1],"split_indices":[0,0,0,0,0,0,0],"split_type":[0,0,0,0,0,0,0],"sum_hessian":[9E0,5E0,4E0,4E0,1E0,1E0,3E0],"tree_param":{"num_deleted":"0","num_feature":"2","num_nodes":"7","size_leaf_vector":"1"}},{"base_weights":[2.9439454E0,-5.293647E2,6.4112555E2,-6.3432568E1,-2.1296185E1,1.0689612E1,7.479589E1],"categories":[],"categories_nodes":[],"categories_segments":[],"categories_sizes":[],"default_left":[0,0,0,0,0,0,0],"id":2,"left_children":[1,3,5,-1,-1,-1,-1],"loss_changes":[3.736485E6,6.41725E4,2.054135E5,0E0,0E0,0E0,0E0],"parents":[2147483647,0,0,1,1,2,2],"right_children":[2,4,6,-1,-1,-1,-1],"split_conditions":[7.0013463E-1,4.000256E-1,7.9990894E-1,-6.3432568E1,-2.1296185E1,1.0689612E1,7.479589E1],"split_indices":[0,0,0,0,0,0,0],"split_type":[0,0,0,0,0,0,0],"sum_hessian":[9E0,5E0,4E0,3E0,2E0,1E0,3E0],"tree_param":{"num_deleted":"0","num_feature":"2","num_nodes":"7","size_leaf_vector":"1"}},{"base_weights":[2.7252197E0,-4.9054968E2,5.9411005E2,-5.867512E1,-1.987644E1,2.1330616E1,7.768773E1],"categories":[],"categories_nodes":[],"categories_segments":[],"categories_sizes":[],"default_left":[0,0,0,0,0,0,0],"id":3,"left_children":[1,3,5,-1,-1,-1,-1],"loss_changes":[3.2085935E6,5.1795875E4,1.8227975E5,0E0,0E0,0E0,0E0],"parents":[2147483647,0,0,1,1,2,2],"right_children":[2,4,6,-1,-1,-1,-1],"split_conditions":[7.0013463E-1,4.000256E-1,9.019828E-1,-5.867512E1,-1.987644E1,2.1330616E1,7.768773E1],"split_indices":[0,0,0,0,0,0,0],"split_type":[0,0,0,0,0,0,0],"sum_hessian":[9E0,5E0,4E0,3E0,2E0,2E0,2E0],"tree_param":{"num_deleted":"0","num_feature":"2","num_nodes":"7","size_leaf_vector":"1"}},{"base_weights":[4.4993653E0,-4.5458667E2,5.5450275E2,-5.0191494E1,-1.0897265E1,1.9908577E1,7.2508545E1],"categories":[],"categories_nodes":[],"categories_segments":[],"categories_sizes":[],"default_left":[0,0,0,0,0,0,0],"id":4,"left_children":[1,3,5,-1,-1,-1,-1],"loss_changes":[2.777058E6,4.3448875E4,1.5878562E5,0E0,0E0,0E0,0E0],"parents":[2147483647,0,0,1,1,2,2],"right_children":[2,4,6,-1,-1,-1,-1],"split_conditions":[7.0013463E-1,4.9979103E-1,9.019828E-1,-5.0191494E1,-1.0897265E1,1.9908577E1,7.2508545E1],"split_indices":[0,0,0,0,0,0,0],"split_type":[0,0,0,0,0,0,0],"sum_hessian":[9E0,5E0,4E0,4E0,1E0,2E0,2E0],"tree_param":{"num_deleted":"0","num_feature":"2","num_nodes":"7","size_leaf_vector":"1"}},{"base_weights":[7.1822023E0,-4.1930954E2,5.175358E2,-5.051014E1,-1.6515057E1,8.093164E0,6.0645397E1],"categories":[],"categories_nodes":[],"categories_segments":[],"categories_sizes":[],"default_left":[0,0,0,0,0,0,0],"id":5,"left_children":[1,3,5,-1,-1,-1,-1],"loss_changes":[2.3936238E6,4.7410875E4,1.4502888E5,0E0,0E0,0E0,0E0],"parents":[2147483647,0,0,1,1,2,2],"right_children":[2,4,6,-1,-1,-1,-1],"split_conditions":[7.0013463E-1,4.000256E-1,7.9990894E-1,-5.051014E1,-1.6515057E1,8.093164E0,6.0645397E1],"split_indices":[0,0,0,0,0,0,0],"split_type":[0,0,0,0,0,0,0],"sum_hessian":[9E0,5E0,4E0,3E0,2E0,1E0,3E0],"tree_param":{"num_deleted":"0","num_feature":"2","num_nodes":"7","size_leaf_vector":"1"}},{"base_weights":[6.6353273E0,-3.8854935E2,4.7952988E2,-4.672187E1,-1.5414046E1,1.629004E1,6.363161E1],"categories":[],"categories_nodes":[],"categories_segments":[],"categories_sizes":[],"default_left":[0,0,0,0,0,0,0],"id":6,"left_children":[1,3,5,-1,-1,-1,-1],"loss_changes":[2.0551278E6,3.8627438E4,1.4455962E5,0E0,0E0,0E0,0E0],"parents":[2147483647,0,0,1,1,2,2],"right_children":[2,4,6,-1,-1,-1,-1],"split_conditions":[7.0013463E-1,4.000256E-1,9.019828E-1,-4.672187E1,-1.5414046E1,1.629004E1,6.363161E1],"split_indices":[0,0,0,0,0,0,0],"split_type":[0,0,0,0,0,0,0],"sum_hessian":[9E0,5E0,4E0,3E0,2E0,2E0,2E0],"tree_param":{"num_deleted":"0","num_feature":"2","num_nodes":"7","size_leaf_vector":"1"}},{"base_weights":[7.7503905E0,-3.6005038E2,4.4756122E2,-4.3217724E1,-1.4386443E1,1.5204036E1,5.9389503E1],"categories":[],"categories_nodes":[],"categories_segments":[],"categories_sizes":[],"default_left":[0,0,0,0,0,0,0],"id":7,"left_children":[1,3,5,-1,-1,-1,-1],"loss_changes":[1.7787724E6,3.1381938E4,1.2592744E5,0E0,0E0,0E0,0E0],"parents":[2147483647,0,0,1,1,2,2],"right_children":[2,4,6,-1,-1,-1,-1],"split_conditions":[7.0013463E-1,4.000256E-1,9.019828E-1,-4.3217724E1,-1.4386443E1,1.5204036E1,5.9389503E1],"split_indices":[0,0,0,0,0,0,0],"split_type":[0,0,0,0,0,0,0],"sum_hessian":[9E0,5E0,4E0,3E0,2E0,2E0,2E0],"tree_param":{"num_deleted":"0","num_feature":"2","num_nodes":"7","size_leaf_vector":"1"}},{"base_weights":[8.674316E0,-3.33646E2,4.1772382E2,-3.997639E1,-1.3427344E1,1.419043E1,5.5430206E1],"categories":[],"categories_nodes":[],"categories_segments":[],"categories_sizes":[],"default_left":[0,0,0,0,0,0,0],"id":8,"left_children":[1,3,5,-1,-1,-1,-1],"loss_changes":[1.5396315E6,2.5414875E4,1.0969694E5,0E0,0E0,0E0,0E0],"parents":[2147483647,0,0,1,1,2,2],"right_children":[2,4,6,-1,-1,-1,-1],"split_conditions":[7.0013463E-1,4.000256E-1,9.019828E-1,-3.997639E1,-1.3427344E1,1.419043E1,5.5430206E1],"split_indices":[0,0,0,0,0,0,0],"split_type":[0,0,0,0,0,0,0],"sum_hessian":[9E0,5E0,4E0,3E0,2E0,2E0,2E0],"tree_param":{"num_deleted":"0","num_feature":"2","num_nodes":"7","size_leaf_vector":"1"}},{"base_weights":[9.428576E0,-3.0918204E2,3.8987558E2,-3.4155743E1,-7.3652587E0,1.3244402E1,5.1734863E1],"categories":[],"categories_nodes":[],"categories_segments":[],"categories_sizes":[],"default_left":[0,0,0,0,0,0,0],"id":9,"left_children":[1,3,5,-1,-1,-1,-1],"loss_changes":[1.332687E6,2.0595562E4,9.555819E4,0E0,0E0,0E0,0E0],"parents":[2147483647,0,0,1,1,2,2],"right_children":[2,4,6,-1,-1,-1,-1],"split_conditions":[7.0013463E-1,4.9979103E-1,9.019828E-1,-3.4155743E1,-7.3652587E0,1.3244402E1,5.1734863E1],"split_indices":[0,0,0,0,0,0,0],"split_type":[0,0,0,0,0,0,0],"sum_hessian":[9E0,5E0,4E0,4E0,1E0,2E0,2E0],"tree_param":{"num_deleted":"0","num_feature":"2","num_nodes":"7","size_leaf_vector":"1"}},{"base_weights":[1.0831555E1,-2.85184E2,3.6388388E2,-3.4416477E1,-1.1148161E1,4.7420535E0,4.311446E1],"categories":[],"categories_nodes":[],"categories_segments":[],"categories_sizes":[],"default_left":[0,0,0,0,0,0,0],"id":10,"left_children":[1,3,5,-1,-1,-1,-1],"loss_changes":[1.1488635E6,2.3102562E4,8.598269E4,0E0,0E0,0E0,0E0],"parents":[2147483647,0,0,1,1,2,2],"right_children":[2,4,6,-1,-1,-1,-1],"split_conditions":[7.0013463E-1,4.000256E-1,7.9990894E-1,-3.4416477E1,-1.1148161E1,4.7420535E0,4.311446E1],"split_indices":[0,0,0,0,0,0,0],"split_type":[0,0,0,0,0,0,0],"sum_hessian":[9E0,5E0,4E0,3E0,2E0,1E0,3E0],"tree_param":{"num_deleted":"0","num_feature":"2","num_nodes":"7","size_leaf_vector":"1"}},{"base_weights":[9.9776E0,-2.6425967E2,3.370668E2,-3.183524E1,-1.0404948E1,1.0766227E1,4.541157E1],"categories":[],"categories_nodes":[],"categories_segments":[],"categories_sizes":[],"default_left":[0,0,0,0,0,0,0],"id":11,"left_children":[1,3,5,-1,-1,-1,-1],"loss_changes":[9.860736E5,1.8872844E4,8.5366625E4,0E0,0E0,0E0,0E0],"parents":[2147483647,0,0,1,1,2,2],"right_children":[2,4,6,-1,-1,-1,-1],"split_conditions":[7.0013463E-1,4.000256E-1,9.019828E-1,-3.183524E1,-1.0404948E1,1.0766227E1,4.541157E1],"split_indices":[0,0,0,0,0,0,0],"split_type":[0,0,0,0,0,0,0],"sum_hessian":[9E0,5E0,4E0,3E0,2E0,2E0,2E0],"tree_param":{"num_deleted":"0","num_feature":"2","num_nodes":"7","size_leaf_vector":"1"}},{"base_weights":[1.0373621E1,-2.4487372E2,3.145957E2,-2.94476E1,-9.71128E0,1.0048487E1,4.2384132E1],"categories":[],"categories_nodes":[],"categories_segments":[],"categories_sizes":[],"default_left":[0,0,0,0,0,0,0],"id":12,"left_children":[1,3,5,-1,-1,-1,-1],"loss_changes":[8.53555E5,1.537825E4,7.436369E4,0E0,0E0,0E0,0E0],"parents":[2147483647,0,0,1,1,2,2],"right_children":[2,4,6,-1,-1,-1,-1],"split_conditions":[7.0013463E-1,4.000256E-1,9.019828E-1,-2.94476E1,-9.71128E0,1.0048487E1,4.2384132E1],"split_indices":[0,0,0,0,0,0,0],"split_type":[0,0,0,0,0,0,0],"sum_hessian":[9E0,5E0,4E0,3E0,2E0,2E0,2E0],"tree_param":{"num_deleted":"0","num_feature":"2","num_nodes":"7","size_leaf_vector":"1"}},{"base_weights":[1.0663623E1,-2.2691284E2,2.9362265E2,-2.7239027E1,-9.063868E0,9.378581E0,3.955853E1],"categories":[],"categories_nodes":[],"categories_segments":[],"categories_sizes":[],"default_left":[0,0,0,0,0,0,0],"id":13,"left_children":[1,3,5,-1,-1,-1,-1],"loss_changes":[7.388708E5,1.2495281E4,6.4779188E4,0E0,0E0,0E0,0E0],"parents":[2147483647,0,0,1,1,2,2],"right_children":[2,4,6,-1,-1,-1,-1],"split_conditions":[7.0013463E-1,4.000256E-1,9.019828E-1,-2.7239027E1,-9.063868E0,9.378581E0,3.955853E1],"split_indices":[0,0,0,0,0,0,0],"split_type":[0,0,0,0,0,0,0],"sum_hessian":[9E0,5E0,4E0,3E0,2E0,2E0,2E0],"tree_param":{"num_deleted":"0","num_feature":"2","num_nodes":"7","size_leaf_vector":"1"}},{"base_weights":[1.0860669E1,-2.1027202E2,2.7404776E2,-2.51961E1,-8.459603E0,8.753337E0,3.692129E1],"categories":[],"categories_nodes":[],"categories_segments":[],"categories_sizes":[],"default_left":[0,0,0,0,0,0,0],"id":14,"left_children":[1,3,5,-1,-1,-1,-1],"loss_changes":[6.396172E5,1.01209375E4,5.6429906E4,0E0,0E0,0E0,0E0],"parents":[2147483647,0,0,1,1,2,2],"right_children":[2,4,6,-1,-1,-1,-1],"split_conditions":[7.0013463E-1,4.000256E-1,9.019828E-1,-2.51961E1,-8.459603E0,8.753337E0,3.692129E1],"split_indices":[0,0,0,0,0,0,0],"split_type":[0,0,0,0,0,0,0],"sum_hessian":[9E0,5E0,4E0,3E0,2E0,2E0,2E0],"tree_param":{"num_deleted":"0","num_feature":"2","num_nodes":"7","size_leaf_vector":"1"}},{"base_weights":[1.0976465E1,-1.5971031E2,3.069342E1,-2.1559454E1,-1.3333171E1,-4.557593E0,2.5576172E0],"categories":[],"categories_nodes":[],"categories_segments":[],"categories_sizes":[],"default_left":[0,0,0,0,0,0,0],"id":15,"left_children":[1,3,-1,-1,5,-1,-1],"loss_changes":[5.541813E5,5.438664E4,0E0,0E0,4.9292915E3,0E0,0E0],"parents":[2147483647,0,0,1,1,4,4],"right_children":[2,4,-1,-1,6,-1,-1],"split_conditions":[7.9990894E-1,4.9979103E-1,3.069342E1,-2.1559454E1,7.0013463E-1,-4.557593E0,2.5576172E0],"split_indices":[0,0,0,0,0,0,0],"split_type":[0,0,0,0,0,0,0],"sum_hessian":[9E0,6E0,3E0,4E0,2E0,1E0,1E0],"tree_param":{"num_deleted":"0","num_feature":"2","num_nodes":"7","size_leaf_vector":"1"}},{"base_weights":[1.05922365E1,-1.7972151E2,2.368503E2,-2.4112835E1,-8.873603E0,7.06141E0,3.241364E1],"categories":[],"categories_nodes":[],"categories_segments":[],"categories_sizes":[],"default_left":[0,0,0,0,0,0,0],"id":16,"left_children":[1,3,5,-1,-1,-1,-1],"loss_changes":[4.7316728E5,1.2126016E4,4.966197E4,0E0,0E0,0E0,0E0],"parents":[2147483647,0,0,1,1,2,2],"right_children":[2,4,6,-1,-1,-1,-1],"split_conditions":[7.0013463E-1,2.0000213E-1,9.019828E-1,-2.4112835E1,-8.873603E0,7.06141E0,3.241364E1],"split_indices":[0,0,0,0,0,0,0],"split_type":[0,0,0,0,0,0,0],"sum_hessian":[9E0,5E0,4E0,2E0,3E0,2E0,2E0],"tree_param":{"num_deleted":"0","num_feature":"2","num_nodes":"7","size_leaf_vector":"1"}},{"base_weights":[1.018186E1,-1.3742136E2,2.6594202E2,-1.8515239E2,-1.20625E1,7.809302E0,3.0252735E1,-2.2505316E1,-8.353418E0,-3.8860352E0,2.0766602E0],"categories":[],"categories_nodes":[],"categories_segments":[],"categories_sizes":[],"default_left":[0,0,0,0,0,0,0,0,0,0,0],"id":17,"left_children":[1,3,5,7,9,-1,-1,-1,-1,-1,-1],"loss_changes":[4.140563E5,3.9651156E4,3.8647812E3,1.4735938E3,3.4462456E3,0E0,0E0,0E0,0E0,0E0,0E0],"parents":[2147483647,0,0,1,1,2,2,3,3,4,4],"right_children":[2,4,6,8,10,-1,-1,-1,-1,-1,-1],"split_conditions":[7.9990894E-1,4.9979103E-1,9.019828E-1,2.0000213E-1,7.0013463E-1,7.809302E0,3.0252735E1,-2.2505316E1,-8.353418E0,-3.8860352E0,2.0766602E0],"split_indices":[0,0,0,0,0,0,0,0,0,0,0],"split_type":[0,0,0,0,0,0,0,0,0,0,0],"sum_hessian":[9E0,6E0,3E0,4E0,2E0,1E0,2E0,2E0,2E0,1E0,1E0],"tree_param":{"num_deleted":"0","num_feature":"2","num_nodes":"11","size_leaf_vector":"1"}},{"base_weights":[9.703076E0,-1.2834608E2,2.4886334E2,-1.7280888E2,-1.1459392E1,7.4188356E0,2.823589E1,-2.1004957E1,-7.796525E0,-3.691736E0,1.9728272E0],"categories":[],"categories_nodes":[],"categories_segments":[],"categories_sizes":[],"default_left":[0,0,0,0,0,0,0,0,0,0,0],"id":18,"left_children":[1,3,5,7,9,-1,-1,-1,-1,-1,-1],"loss_changes":[3.6209938E5,3.4399492E4,2.4555938E3,1.283625E3,3.1102393E3,0E0,0E0,0E0,0E0,0E0,0E0],"parents":[2147483647,0,0,1,1,2,2,3,3,4,4],"right_children":[2,4,6,8,10,-1,-1,-1,-1,-1,-1],"split_conditions":[7.9990894E-1,4.9979103E-1,9.019828E-1,2.0000213E-1,7.0013463E-1,7.4188356E0,2.823589E1,-2.1004957E1,-7.796525E0,-3.691736E0,1.9728272E0],"split_indices":[0,0,0,0,0,0,0,0,0,0,0],"split_type":[0,0,0,0,0,0,0,0,0,0,0],"sum_hessian":[9E0,6E0,3E0,4E0,2E0,1E0,2E0,2E0,2E0,1E0,1E0],"tree_param":{"num_deleted":"0","num_feature":"2","num_nodes":"11","size_leaf_vector":"1"}},{"base_weights":[9.246191E0,-1.19871544E2,2.3289069E2,-1.6128828E2,-1.0886475E1,7.0478883E0,2.63535E1,-1.9604622E1,-7.2767577E0,-3.5071533E0,1.8741821E0],"categories":[],"categories_nodes":[],"categories_segments":[],"categories_sizes":[],"default_left":[0,0,0,0,0,0,0,0,0,0,0],"id":19,"left_children":[1,3,5,7,9,-1,-1,-1,-1,-1,-1],"loss_changes":[3.166817E5,2.9840781E4,1.3343438E3,1.1181875E3,2.8069907E3,0E0,0E0,0E0,0E0,0E0,0E0],"parents":[2147483647,0,0,1,1,2,2,3,3,4,4],"right_children":[2,4,6,8,10,-1,-1,-1,-1,-1,-1],"split_conditions":[7.9990894E-1,4.9979103E-1,9.019828E-1,2.0000213E-1,7.0013463E-1,7.0478883E0,2.63535E1,-1.9604622E1,-7.2767577E0,-3.5071533E0,1.8741821E0],"split_indices":[0,0,0,0,0,0,0,0,0,0,0],"split_type":[0,0,0,0,0,0,0,0,0,0,0],"sum_hessian":[9E0,6E0,3E0,4E0,2E0,1E0,2E0,2E0,2E0,1E0,1E0],"tree_param":{"num_deleted":"0","num_feature":"2","num_nodes":"11","size_leaf_vector":"1"}},{"base_weights":[8.810254E0,-1.119579E2,2.1795197E2,-1.5053574E2,-1.0342204E1,6.6954956E0,2.45966E1,-1.829765E1,-6.791642E0,-3.3317993E0,1.7804688E0],"categories":[],"categories_nodes":[],"categories_segments":[],"categories_sizes":[],"default_left":[0,0,0,0,0,0,0,0,0,0,0],"id":20,"left_children":[1,3,5,7,9,-1,-1,-1,-1,-1,-1],"loss_changes":[2.7697803E5,2.5883922E4,4.515E2,9.740547E2,2.5333074E3,0E0,0E0,0E0,0E0,0E0,0E0],"parents":[2147483647,0,0,1,1,2,2,3,3,4,4],"right_children":[2,4,6,8,10,-1,-1,-1,-1,-1,-1],"split_conditions":[7.9990894E-1,4.9979103E-1,9.019828E-1,2.0000213E-1,7.0013463E-1,6.6954956E0,2.45966E1,-1.829765E1,-6.791642E0,-3.3317993E0,1.7804688E0],"split_indices":[0,0,0,0,0,0,0,0,0,0,0],"split_type":[0,0,0,0,0,0,0,0,0,0,0],"sum_hessian":[9E0,6E0,3E0,4E0,2E0,1E0,2E0,2E0,2E0,1E0,1E0],"tree_param":{"num_deleted":"0","num_feature":"2","num_nodes":"11","size_leaf_vector":"1"}},{"base_weights":[8.394336E0,-1.0456794E2,2.0397974E1,-1.4050005E2,-9.825114E0,-1.7077808E1,-6.338867E0,-3.16521E0,1.6914428E0],"categories":[],"categories_nodes":[],"categories_segments":[],"categories_sizes":[],"default_left":[0,0,0,0,0,0,0,0,0],"id":21,"left_children":[1,3,-1,5,7,-1,-1,-1,-1],"loss_changes":[2.4226747E5,2.2449742E4,0E0,8.485078E2,2.286308E3,0E0,0E0,0E0,0E0],"parents":[2147483647,0,0,1,1,3,3,4,4],"right_children":[2,4,-1,6,8,-1,-1,-1,-1],"split_conditions":[7.9990894E-1,4.9979103E-1,2.0397974E1,2.0000213E-1,7.0013463E-1,-1.7077808E1,-6.338867E0,-3.16521E0,1.6914428E0],"split_indices":[0,0,0,0,0,0,0,0,0],"split_type":[0,0,0,0,0,0,0,0,0],"sum_hessian":[9E0,6E0,3E0,4E0,2E0,2E0,2E0,1E0,1E0],"tree_param":{"num_deleted":"0","num_feature":"2","num_nodes":"9","size_leaf_vector":"1"}},{"base_weights":[7.1056643E0,-1.1930099E2,1.5737251E2,-1.593929E1,-5.94068E0,4.6317954E0,2.1596956E1],"categories":[],"categories_nodes":[],"categories_segments":[],"categories_sizes":[],"default_left":[0,0,0,0,0,0,0],"id":22,"left_children":[1,3,5,-1,-1,-1,-1],"loss_changes":[2.0872198E5,4.9386094E3,2.2534086E4,0E0,0E0,0E0,0E0],"parents":[2147483647,0,0,1,1,2,2],"right_children":[2,4,6,-1,-1,-1,-1],"split_conditions":[7.0013463E-1,2.0000213E-1,9.019828E-1,-1.593929E1,-5.94068E0,4.6317954E0,2.1596956E1],"split_indices":[0,0,0,0,0,0,0],"split_type":[0,0,0,0,0,0,0],"sum_hessian":[9E0,5E0,4E0,2E0,3E0,2E0,2E0],"tree_param":{"num_deleted":"0","num_feature":"2","num_nodes":"7","size_leaf_vector":"1"}},{"base_weights":[6.8299804E0,-9.1228516E1,1.7672485E2,-1.3478027E1,-2.4869629E1,5.1092286E0,2.0157162E1,-4.232805E0,1.3752807E0],"categories":[],"categories_nodes":[],"categories_segments":[],"categories_sizes":[],"default_left":[0,0,0,0,0,0,0,0,0],"id":23,"left_children":[1,3,5,-1,7,-1,-1,-1,-1],"loss_changes":[1.827187E5,1.6878387E4,2.1874922E3,0E0,3.2792754E3,0E0,0E0,0E0,0E0],"parents":[2147483647,0,0,1,1,2,2,4,4],"right_children":[2,4,6,-1,8,-1,-1,-1,-1],"split_conditions":[7.9990894E-1,4.000256E-1,9.019828E-1,-1.3478027E1,7.0013463E-1,5.1092286E0,2.0157162E1,-4.232805E0,1.3752807E0],"split_indices":[0,0,0,0,0,0,0,0,0],"split_type":[0,0,0,0,0,0,0,0,0],"sum_hessian":[9E0,6E0,3E0,3E0,3E0,1E0,2E0,2E0,1E0],"tree_param":{"num_deleted":"0","num_feature":"2","num_nodes":"9","size_leaf_vector":"1"}},{"base_weights":[7.040076E0,-8.443929E1,1.6536896E2,-1.1344802E2,-7.944987E0,7.392521E0,2.198501E1,-1.3978133E1,-4.9298706E0,-2.4982667E0,1.3065186E0],"categories":[],"categories_nodes":[],"categories_segments":[],"categories_sizes":[],"default_left":[0,0,0,0,0,0,0,0,0,0,0],"id":24,"left_children":[1,3,5,7,9,-1,-1,-1,-1,-1,-1],"loss_changes":[1.588019E5,1.4631672E4,3.675375E3,1.5552852E3,1.4002969E3,0E0,0E0,0E0,0E0,0E0,0E0],"parents":[2147483647,0,0,1,1,2,2,3,3,4,4],"right_children":[2,4,6,8,10,-1,-1,-1,-1,-1,-1],"split_conditions":[7.9990894E-1,4.9979103E-1,1E0,2.0000213E-1,7.0013463E-1,7.392521E0,2.198501E1,-1.3978133E1,-4.9298706E0,-2.4982667E0,1.3065186E0],"split_indices":[0,0,0,0,0,0,0,0,0,0,0],"split_type":[0,0,0,0,0,0,0,0,0,0,0],"sum_hessian":[9E0,6E0,3E0,4E0,2E0,2E0,1E0,2E0,2E0,1E0,1E0],"tree_param":{"num_deleted":"0","num_feature":"2","num_nodes":"11","size_leaf_vector":"1"}},{"base_weights":[7.2638183E0,-7.886677E1,1.5617639E2,-1.0588481E2,-7.54777E0,6.8996825E0,2.0885756E1,-1.3046257E1,-4.601213E0,-2.373352E0,1.2411865E0],"categories":[],"categories_nodes":[],"categories_segments":[],"categories_sizes":[],"default_left":[0,0,0,0,0,0,0,0,0,0,0],"id":25,"left_children":[1,3,5,7,9,-1,-1,-1,-1,-1,-1],"loss_changes":[1.405764E5,1.2689102E4,3.960375E3,1.3548203E3,1.2637622E3,0E0,0E0,0E0,0E0,0E0,0E0],"parents":[2147483647,0,0,1,1,2,2,3,3,4,4],"right_children":[2,4,6,8,10,-1,-1,-1,-1,-1,-1],"split_conditions":[7.9990894E-1,4.9979103E-1,1E0,2.0000213E-1,7.0013463E-1,6.8996825E0,2.0885756E1,-1.3046257E1,-4.601213E0,-2.373352E0,1.2411865E0],"split_indices":[0,0,0,0,0,0,0,0,0,0,0],"split_type":[0,0,0,0,0,0,0,0,0,0,0],"sum_hessian":[9E0,6E0,3E0,4E0,2E0,2E0,1E0,2E0,2E0,1E0,1E0],"tree_param":{"num_deleted":"0","num_feature":"2","num_nodes":"11","size_leaf_vector":"1"}},{"base_weights":[7.4380126E0,-7.366291E1,1.4750513E2,-1.2176505E1,-3.0069042E1,6.439706E0,1.9841467E1,-4.3481936E0,1.179126E0],"categories":[],"categories_nodes":[],"categories_segments":[],"categories_sizes":[],"default_left":[0,0,0,0,0,0,0,0,0],"id":26,"left_children":[1,3,5,-1,7,-1,-1,-1,-1],"loss_changes":[1.24461375E5,1.1017355E4,4.1466562E3,0E0,3.3200454E3,0E0,0E0,0E0,0E0],"parents":[2147483647,0,0,1,1,2,2,4,4],"right_children":[2,4,6,-1,8,-1,-1,-1,-1],"split_conditions":[7.9990894E-1,2.0000213E-1,1E0,-1.2176505E1,7.0013463E-1,6.439706E0,1.9841467E1,-4.3481936E0,1.179126E0],"split_indices":[0,0,0,0,0,0,0,0,0],"split_type":[0,0,0,0,0,0,0,0,0],"sum_hessian":[9E0,6E0,3E0,2E0,4E0,2E0,1E0,3E0,1E0],"tree_param":{"num_deleted":"0","num_feature":"2","num_nodes":"9","size_leaf_vector":"1"}},{"base_weights":[7.787744E0,-6.848888E1,1.3932489E2,-9.2215965E1,-6.114095E0,6.0103927E0,1.884939E1,-1.13647375E1,-4.00459E0,-2.0372803E0,1.1201661E0],"categories":[],"categories_nodes":[],"categories_segments":[],"categories_sizes":[],"default_left":[0,0,0,0,0,0,0,0,0,0,0],"id":27,"left_children":[1,3,5,7,9,-1,-1,-1,-1,-1,-1],"loss_changes":[1.0987429E5,9.795984E3,4.2516406E3,1.0392812E3,9.6891003E2,0E0,0E0,0E0,0E0,0E0,0E0],"parents":[2147483647,0,0,1,1,2,2,3,3,4,4],"right_children":[2,4,6,8,10,-1,-1,-1,-1,-1,-1],"split_conditions":[7.9990894E-1,4.9979103E-1,1E0,2.0000213E-1,7.0013463E-1,6.0103927E0,1.884939E1,-1.13647375E1,-4.00459E0,-2.0372803E0,1.1201661E0],"split_indices":[0,0,0,0,0,0,0,0,0,0,0],"split_type":[0,0,0,0,0,0,0,0,0,0,0],"sum_hessian":[9E0,6E0,3E0,4E0,2E0,2E0,1E0,2E0,2E0,1E0,1E0],"tree_param":{"num_deleted":"0","num_feature":"2","num_nodes":"11","size_leaf_vector":"1"}},{"base_weights":[7.8663087E0,-6.3966587E1,1.316073E2,-9.491794E0,-1.702359E1,5.6096926E0,1.7906921E1,-2.979252E0,1.0641602E0],"categories":[],"categories_nodes":[],"categories_segments":[],"categories_sizes":[],"default_left":[0,0,0,0,0,0,0,0,0],"id":28,"left_children":[1,3,5,-1,7,-1,-1,-1,-1],"loss_changes":[9.73052E4,8.554799E3,4.290242E3,0E0,1.7300598E3,0E0,0E0,0E0,0E0],"parents":[2147483647,0,0,1,1,2,2,4,4],"right_children":[2,4,6,-1,8,-1,-1,-1,-1],"split_conditions":[7.9990894E-1,4.000256E-1,1E0,-9.491794E0,7.0013463E-1,5.6096926E0,1.7906921E1,-2.979252E0,1.0641602E0],"split_indices":[0,0,0,0,0,0,0,0,0],"split_type":[0,0,0,0,0,0,0,0,0],"sum_hessian":[9E0,6E0,3E0,3E0,3E0,2E0,1E0,2E0,1E0],"tree_param":{"num_deleted":"0","num_feature":"2","num_nodes":"9","size_leaf_vector":"1"}},{"base_weights":[8.290662E0,-5.9199482E1,1.24325745E2,-9.9743E0,-2.3033472E1,5.235718E0,1.7011572E1,-3.3846588E0,1.0109497E0],"categories":[],"categories_nodes":[],"categories_segments":[],"categories_sizes":[],"default_left":[0,0,0,0,0,0,0,0,0],"id":29,"left_children":[1,3,5,-1,7,-1,-1,-1,-1],"loss_changes":[8.567226E4,7.9666543E3,4.2749766E3,0E0,2.134066E3,0E0,0E0,0E0,0E0],"parents":[2147483647,0,0,1,1,2,2,4,4],"right_children":[2,4,6,-1,8,-1,-1,-1,-1],"split_conditions":[7.9990894E-1,2.0000213E-1,1E0,-9.9743E0,7.0013463E-1,5.235718E0,1.7011572E1,-3.3846588E0,1.0109497E0],"split_indices":[0,0,0,0,0,0,0,0,0],"split_type":[0,0,0,0,0,0,0,0,0],"sum_hessian":[9E0,6E0,3E0,2E0,4E0,2E0,1E0,3E0,1E0],"tree_param":{"num_deleted":"0","num_feature":"2","num_nodes":"9","size_leaf_vector":"1"}},{"base_weights":[8.451526E0,-5.5043545E1,1.1745502E2,-9.309351E0,-2.1204859E1,4.88667E0,1.6161E1,-3.1308076E0,9.604004E-1],"categories":[],"categories_nodes":[],"categories_segments":[],"categories_sizes":[],"default_left":[0,0,0,0,0,0,0,0,0],"id":30,"left_children":[1,3,5,-1,7,-1,-1,-1,-1],"loss_changes":[7.5676984E4,7.0388906E3,4.216715E3,0E0,1.8570259E3,0E0,0E0,0E0,0E0],"parents":[2147483647,0,0,1,1,2,2,4,4],"right_children":[2,4,6,-1,8,-1,-1,-1,-1],"split_conditions":[7.9990894E-1,2.0000213E-1,1E0,-9.309351E0,7.0013463E-1,4.88667E0,1.6161E1,-3.1308076E0,9.604004E-1],"split_indices":[0,0,0,0,0,0,0,0,0],"split_type":[0,0,0,0,0,0,0,0,0],"sum_hessian":[9E0,6E0,3E0,2E0,4E0,2E0,1E0,3E0,1E0],"tree_param":{"num_deleted":"0","num_feature":"2","num_nodes":"9","size_leaf_vector":"1"}},{"base_weights":[8.563171E0,-5.1179146E1,1.10971436E2,-8.688729E0,-1.9518433E1,4.560889E0,1.5352954E1,-2.895993E0,9.1237795E-1],"categories":[],"categories_nodes":[],"categories_segments":[],"categories_sizes":[],"default_left":[0,0,0,0,0,0,0,0,0],"id":31,"left_children":[1,3,5,-1,7,-1,-1,-1,-1],"loss_changes":[6.686049E4,6.217914E3,4.1245156E3,0E0,1.6163507E3,0E0,0E0,0E0,0E0],"parents":[2147483647,0,0,1,1,2,2,4,4],"right_children":[2,4,6,-1,8,-1,-1,-1,-1],"split_conditions":[7.9990894E-1,2.0000213E-1,1E0,-8.688729E0,7.0013463E-1,4.560889E0,1.5352954E1,-2.895993E0,9.1237795E-1],"split_indices":[0,0,0,0,0,0,0,0,0],"split_type":[0,0,0,0,0,0,0,0,0],"sum_hessian":[9E0,6E0,3E0,2E0,4E0,2E0,1E0,3E0,1E0],"tree_param":{"num_deleted":"0","num_feature":"2","num_nodes":"9","size_leaf_vector":"1"}},{"base_weights":[8.631018E0,-4.758585E1,1.0485278E2,-9.607111E0,-2.3493124E1,4.256836E0,1.4585303E1,-3.165879E0,8.6676025E-1],"categories":[],"categories_nodes":[],"categories_segments":[],"categories_sizes":[],"default_left":[0,0,0,0,0,0,0,0,0],"id":32,"left_children":[1,3,5,-1,7,-1,-1,-1,-1],"loss_changes":[5.908237E4,5.9199834E3,4.0059805E3,0E0,1.8500881E3,0E0,0E0,0E0,0E0],"parents":[2147483647,0,0,1,1,2,2,4,4],"right_children":[2,4,6,-1,8,-1,-1,-1,-1],"split_conditions":[7.9990894E-1,1.000674E-1,1E0,-9.607111E0,7.0013463E-1,4.256836E0,1.4585303E1,-3.165879E0,8.6676025E-1],"split_indices":[0,0,0,0,0,0,0,0,0],"split_type":[0,0,0,0,0,0,0,0,0],"sum_hessian":[9E0,6E0,3E0,1E0,5E0,2E0,1E0,4E0,1E0],"tree_param":{"num_deleted":"0","num_feature":"2","num_nodes":"9","size_leaf_vector":"1"}},{"base_weights":[8.461512E0,-4.4528164E1,9.9078064E1,-9.126758E0,-2.1526999E1,3.973047E0,1.3856043E1,-2.9126098E0,8.234253E-1],"categories":[],"categories_nodes":[],"categories_segments":[],"categories_sizes":[],"default_left":[0,0,0,0,0,0,0,0,0],"id":33,"left_children":[1,3,5,-1,7,-1,-1,-1,-1],"loss_changes":[5.242918E4,5.56071E3,3.867664E3,0E0,1.5967842E3,0E0,0E0,0E0,0E0],"parents":[2147483647,0,0,1,1,2,2,4,4],"right_children":[2,4,6,-1,8,-1,-1,-1,-1],"split_conditions":[7.9990894E-1,1.000674E-1,1E0,-9.126758E0,7.0013463E-1,3.973047E0,1.3856043E1,-2.9126098E0,8.234253E-1],"split_indices":[0,0,0,0,0,0,0,0,0],"split_type":[0,0,0,0,0,0,0,0,0],"sum_hessian":[9E0,6E0,3E0,1E0,5E0,2E0,1E0,4E0,1E0],"tree_param":{"num_deleted":"0","num_feature":"2","num_nodes":"9","size_leaf_vector":"1"}},{"base_weights":[8.276648E0,-4.1677647E1,9.36275E1,-8.670423E0,-1.9722513E1,3.7081707E0,1.3163245E1,-2.6796021E0,7.82251E-1],"categories":[],"categories_nodes":[],"categories_segments":[],"categories_sizes":[],"default_left":[0,0,0,0,0,0,0,0,0],"id":34,"left_children":[1,3,5,-1,7,-1,-1,-1,-1],"loss_changes":[4.6538594E4,5.209925E3,3.7149258E3,0E0,1.3786516E3,0E0,0E0,0E0,0E0],"parents":[2147483647,0,0,1,1,2,2,4,4],"right_children":[2,4,6,-1,8,-1,-1,-1,-1],"split_conditions":[7.9990894E-1,1.000674E-1,1E0,-8.670423E0,7.0013463E-1,3.7081707E0,1.3163245E1,-2.6796021E0,7.82251E-1],"split_indices":[0,0,0,0,0,0,0,0,0],"split_type":[0,0,0,0,0,0,0,0,0],"sum_hessian":[9E0,6E0,3E0,1E0,5E0,2E0,1E0,4E0,1E0],"tree_param":{"num_deleted":"0","num_feature":"2","num_nodes":"9","size_leaf_vector":"1"}},{"base_weights":[8.079321E0,-3.9019566E1,8.8482544E1,-8.236902E0,-1.8066488E1,3.460954E0,1.2505078E1,-2.4652345E0,7.431397E-1],"categories":[],"categories_nodes":[],"categories_segments":[],"categories_sizes":[],"default_left":[0,0,0,0,0,0,0,0,0],"id":35,"left_children":[1,3,5,-1,7,-1,-1,-1,-1],"loss_changes":[4.1321574E4,4.8700127E3,3.552213E3,0E0,1.1907538E3,0E0,0E0,0E0,0E0],"parents":[2147483647,0,0,1,1,2,2,4,4],"right_children":[2,4,6,-1,8,-1,-1,-1,-1],"split_conditions":[7.9990894E-1,1.000674E-1,1E0,-8.236902E0,7.0013463E-1,3.460954E0,1.2505078E1,-2.4652345E0,7.431397E-1],"split_indices":[0,0,0,0,0,0,0,0,0],"split_type":[0,0,0,0,0,0,0,0,0],"sum_hessian":[9E0,6E0,3E0,1E0,5E0,2E0,1E0,4E0,1E0],"tree_param":{"num_deleted":"0","num_feature":"2","num_nodes":"9","size_leaf_vector":"1"}},{"base_weights":[7.8720946E0,-3.6540318E1,8.362579E1,-7.825055E0,-1.6546854E1,3.2302246E0,1.1879822E1,-2.2680151E0,7.0598143E-1],"categories":[],"categories_nodes":[],"categories_segments":[],"categories_sizes":[],"default_left":[0,0,0,0,0,0,0,0,0],"id":36,"left_children":[1,3,5,-1,7,-1,-1,-1,-1],"loss_changes":[3.6699758E4,4.5427227E3,3.3832441E3,0E0,1.0288378E3,0E0,0E0,0E0,0E0],"parents":[2147483647,0,0,1,1,2,2,4,4],"right_children":[2,4,6,-1,8,-1,-1,-1,-1],"split_conditions":[7.9990894E-1,1.000674E-1,1E0,-7.825055E0,7.0013463E-1,3.2302246E0,1.1879822E1,-2.2680151E0,7.0598143E-1],"split_indices":[0,0,0,0,0,0,0,0,0],"split_type":[0,0,0,0,0,0,0,0,0],"sum_hessian":[9E0,6E0,3E0,1E0,5E0,2E0,1E0,4E0,1E0],"tree_param":{"num_deleted":"0","num_feature":"2","num_nodes":"9","size_leaf_vector":"1"}},{"base_weights":[7.65719E0,-3.4227276E1,7.904071E1,-7.433801E0,-1.5152486E1,3.0148764E0,1.1285828E1,-2.0865698E0,6.7067873E-1],"categories":[],"categories_nodes":[],"categories_segments":[],"categories_sizes":[],"default_left":[0,0,0,0,0,0,0,0,0],"id":37,"left_children":[1,3,5,-1,7,-1,-1,-1,-1],"loss_changes":[3.2603955E4,4.2293213E3,3.211088E3,0E0,8.892616E2,0E0,0E0,0E0,0E0],"parents":[2147483647,0,0,1,1,2,2,4,4],"right_children":[2,4,6,-1,8,-1,-1,-1,-1],"split_conditions":[7.9990894E-1,1.000674E-1,1E0,-7.433801E0,7.0013463E-1,3.0148764E0,1.1285828E1,-2.0865698E0,6.7067873E-1],"split_indices":[0,0,0,0,0,0,0,0,0],"split_type":[0,0,0,0,0,0,0,0,0],"sum_hessian":[9E0,6E0,3E0,1E0,5E0,2E0,1E0,4E0,1E0],"tree_param":{"num_deleted":"0","num_feature":"2","num_nodes":"9","size_leaf_vector":"1"}},{"base_weights":[7.436572E0,-3.206878E1,7.471179E1,-7.0621095E0,-1.387321E1,2.8138835E0,1.0721534E1,-1.9196436E1,6.37146E-1,-2.131073E0,-5.369629E-1],"categories":[],"categories_nodes":[],"categories_segments":[],"categories_sizes":[],"default_left":[0,0,0,0,0,0,0,0,0,0,0],"id":38,"left_children":[1,3,5,-1,7,-1,-1,9,-1,-1,-1],"loss_changes":[2.8973229E4,3.9306284E3,3.0382285E3,0E0,7.68911E2,0E0,0E0,3.1739014E1,0E0,0E0,0E0],"parents":[2147483647,0,0,1,1,2,2,4,4,7,7],"right_children":[2,4,6,-1,8,-1,-1,10,-1,-1,-1],"split_conditions":[7.9990894E-1,1.000674E-1,1E0,-7.0621095E0,7.0013463E-1,2.8138835E0,1.0721534E1,4.9979103E-1,6.37146E-1,-2.131073E0,-5.369629E-1],"split_indices":[0,0,0,0,0,0,0,0,0,0,0],"split_type":[0,0,0,0,0,0,0,0,0,0,0],"sum_hessian":[9E0,6E0,3E0,1E0,5E0,2E0,1E0,4E0,1E0,3E0,1E0],"tree_param":{"num_deleted":"0","num_feature":"2","num_nodes":"11","size_leaf_vector":"1"}},{"base_weights":[7.137146E0,-3.0160906E1,7.062445E1,-6.709003E0,-1.2824382E1,2.6262858E0,1.0185462E1,-1.78104E1,6.0528564E-1,-1.9712403E0,-5.101196E-1],"categories":[],"categories_nodes":[],"categories_segments":[],"categories_sizes":[],"default_left":[0,0,0,0,0,0,0,0,0,0,0],"id":39,"left_children":[1,3,5,-1,7,-1,-1,9,-1,-1,-1],"loss_changes":[2.5809625E4,3.62117E3,2.8666855E3,0E0,6.725375E2,0E0,0E0,2.030774E1,0E0,0E0,0E0],"parents":[2147483647,0,0,1,1,2,2,4,4,7,7],"right_children":[2,4,6,-1,8,-1,-1,10,-1,-1,-1],"split_conditions":[7.9990894E-1,1.000674E-1,1E0,-6.709003E0,7.0013463E-1,2.6262858E0,1.0185462E1,4.9979103E-1,6.0528564E-1,-1.9712403E0,-5.101196E-1],"split_indices":[0,0,0,0,0,0,0,0,0,0,0],"split_type":[0,0,0,0,0,0,0,0,0,0,0],"sum_hessian":[9E0,6E0,3E0,1E0,5E0,2E0,1E0,4E0,1E0,3E0,1E0],"tree_param":{"num_deleted":"0","num_feature":"2","num_nodes":"11","size_leaf_vector":"1"}},{"base_weights":[6.8460817E0,-2.1955399E1,8.1368004E1,-5.2977703E1,-2.785014E0,2.5290163E0,9.676185E0,-6.3735538E0,-1.5731019E0,-1.2791595E0,1.1485432E0],"categories":[],"categories_nodes":[],"categories_segments":[],"categories_sizes":[],"default_left":[0,0,0,0,0,0,0,0,0,0,0],"id":40,"left_children":[1,3,5,7,9,-1,-1,-1,-1,-1,-1],"loss_changes":[2.3249885E4,4.610133E3,1.4263477E2,1.9945508E2,1.0037073E3,0E0,0E0,0E0,0E0,0E0,0E0],"parents":[2147483647,0,0,1,1,2,2,3,3,4,4],"right_children":[2,4,6,8,10,-1,-1,-1,-1,-1,-1],"split_conditions":[9.019828E-1,2.0000213E-1,1E0,1.000674E-1,7.0013463E-1,2.5290163E0,9.676185E0,-6.3735538E0,-1.5731019E0,-1.2791595E0,1.1485432E0],"split_indices":[0,0,0,0,0,0,0,0,0,0,0],"split_type":[0,0,0,0,0,0,0,0,0,0,0],"sum_hessian":[9E0,7E0,2E0,2E0,5E0,1E0,1E0,1E0,1E0,3E0,2E0],"tree_param":{"num_deleted":"0","num_feature":"2","num_nodes":"11","size_leaf_vector":"1"}},{"base_weights":[6.5742674E0,-2.07695E1,7.729956E1,-5.0328815E1,-2.5282593E0,2.4025636E0,9.19237E0,-6.054877E0,-1.4944458E0,-1.1832246E0,1.0719808E0],"categories":[],"categories_nodes":[],"categories_segments":[],"categories_sizes":[],"default_left":[0,0,0,0,0,0,0,0,0,0,0],"id":41,"left_children":[1,3,5,7,9,-1,-1,-1,-1,-1,-1],"loss_changes":[2.0944434E4,4.1863447E3,1.2873242E2,1.8001074E2,8.663983E2,0E0,0E0,0E0,0E0,0E0,0E0],"parents":[2147483647,0,0,1,1,2,2,3,3,4,4],"right_children":[2,4,6,8,10,-1,-1,-1,-1,-1,-1],"split_conditions":[9.019828E-1,2.0000213E-1,1E0,1.000674E-1,7.0013463E-1,2.4025636E0,9.19237E0,-6.054877E0,-1.4944458E0,-1.1832246E0,1.0719808E0],"split_indices":[0,0,0,0,0,0,0,0,0,0,0],"split_type":[0,0,0,0,0,0,0,0,0,0,0],"sum_hessian":[9E0,7E0,2E0,2E0,5E0,1E0,1E0,1E0,1E0,3E0,2E0],"tree_param":{"num_deleted":"0","num_feature":"2","num_nodes":"11","size_leaf_vector":"1"}},{"base_weights":[6.310254E0,-1.9650146E1,7.343457E1,-4.7812378E1,-2.2940063E0,2.2824342E0,8.732752E0,-5.75213E0,-1.4197266E0,-1.0944855E0,1.0005127E0],"categories":[],"categories_nodes":[],"categories_segments":[],"categories_sizes":[],"default_left":[0,0,0,0,0,0,0,0,0,0,0],"id":42,"left_children":[1,3,5,7,9,-1,-1,-1,-1,-1,-1],"loss_changes":[1.8868742E4,3.800619E3,1.1618164E2,1.6245459E2,7.4789233E2,0E0,0E0,0E0,0E0,0E0,0E0],"parents":[2147483647,0,0,1,1,2,2,3,3,4,4],"right_children":[2,4,6,8,10,-1,-1,-1,-1,-1,-1],"split_conditions":[9.019828E-1,2.0000213E-1,1E0,1.000674E-1,7.0013463E-1,2.2824342E0,8.732752E0,-5.75213E0,-1.4197266E0,-1.0944855E0,1.0005127E0],"split_indices":[0,0,0,0,0,0,0,0,0,0,0],"split_type":[0,0,0,0,0,0,0,0,0,0,0],"sum_hessian":[9E0,7E0,2E0,2E0,5E0,1E0,1E0,1E0,1E0,3E0,2E0],"tree_param":{"num_deleted":"0","num_feature":"2","num_nodes":"11","size_leaf_vector":"1"}},{"base_weights":[6.0541625E0,-1.8593369E1,6.9762856E1,-4.5421795E1,-2.0802612E0,2.1683106E0,8.296119E0,-5.4645267E0,-1.3487427E0,-1.0123993E1,9.338135E-1,-1.145341E0,-3.067871E-1],"categories":[],"categories_nodes":[],"categories_segments":[],"categories_sizes":[],"default_left":[0,0,0,0,0,0,0,0,0,0,0,0,0],"id":43,"left_children":[1,3,5,7,9,-1,-1,-1,-1,11,-1,-1,-1],"loss_changes":[1.6999746E4,3.449676E3,1.0486035E2,1.466128E2,6.456183E2,0E0,0E0,0E0,0E0,2.3845215E0,0E0,0E0,0E0],"parents":[2147483647,0,0,1,1,2,2,3,3,4,4,9,9],"right_children":[2,4,6,8,10,-1,-1,-1,-1,12,-1,-1,-1],"split_conditions":[9.019828E-1,2.0000213E-1,1E0,1.000674E-1,7.0013463E-1,2.1683106E0,8.296119E0,-5.4645267E0,-1.3487427E0,4.9979103E-1,9.338135E-1,-1.145341E0,-3.067871E-1],"split_indices":[0,0,0,0,0,0,0,0,0,0,0,0,0],"split_type":[0,0,0,0,0,0,0,0,0,0,0,0,0],"sum_hessian":[9E0,7E0,2E0,2E0,5E0,1E0,1E0,1E0,1E0,3E0,2E0,2E0,1E0],"tree_param":{"num_deleted":"0","num_feature":"2","num_nodes":"13","size_leaf_vector":"1"}},{"base_weights":[5.7620482E0,-1.7650467E1,6.627474E1,-4.3150715E1,-1.9585978E0,2.0599E0,7.881311E0,-5.191303E0,-1.281305E0,-9.474579E0,8.7155765E-1,-1.068982E0,-2.9144287E-1],"categories":[],"categories_nodes":[],"categories_segments":[],"categories_sizes":[],"default_left":[0,0,0,0,0,0,0,0,0,0,0,0,0],"id":44,"left_children":[1,3,5,7,9,-1,-1,-1,-1,11,-1,-1,-1],"loss_changes":[1.5337323E4,3.116658E3,9.462695E1,1.3231982E2,5.6393774E2,0E0,0E0,0E0,0E0,7.3394775E-1,0E0,0E0,0E0],"parents":[2147483647,0,0,1,1,2,2,3,3,4,4,9,9],"right_children":[2,4,6,8,10,-1,-1,-1,-1,12,-1,-1,-1],"split_conditions":[9.019828E-1,2.0000213E-1,1E0,1.000674E-1,7.0013463E-1,2.0599E0,7.881311E0,-5.191303E0,-1.281305E0,4.9979103E-1,8.7155765E-1,-1.068982E0,-2.9144287E-1],"split_indices":[0,0,0,0,0,0,0,0,0,0,0,0,0],"split_type":[0,0,0,0,0,0,0,0,0,0,0,0,0],"sum_hessian":[9E0,7E0,2E0,2E0,5E0,1E0,1E0,1E0,1E0,3E0,2E0,2E0,1E0],"tree_param":{"num_deleted":"0","num_feature":"2","num_nodes":"13","size_leaf_vector":"1"}},{"base_weights":[5.4838133E0,-1.6755615E1,6.2961018E1,-4.0993206E1,-1.8442179E0,1.9569092E0,7.4872437E0,-4.9317384E0,-1.2172425E0,-8.867218E-1,8.134522E-1],"categories":[],"categories_nodes":[],"categories_segments":[],"categories_sizes":[],"default_left":[0,0,0,0,0,0,0,0,0,0,0],"id":45,"left_children":[1,3,5,7,9,-1,-1,-1,-1,-1,-1],"loss_changes":[1.3837553E4,2.8157302E3,8.539258E1,1.19416016E2,4.9261472E2,0E0,0E0,0E0,0E0,0E0,0E0],"parents":[2147483647,0,0,1,1,2,2,3,3,4,4],"right_children":[2,4,6,8,10,-1,-1,-1,-1,-1,-1],"split_conditions":[9.019828E-1,2.0000213E-1,1E0,1.000674E-1,7.0013463E-1,1.9569092E0,7.4872437E0,-4.9317384E0,-1.2172425E0,-8.867218E-1,8.134522E-1],"split_indices":[0,0,0,0,0,0,0,0,0,0,0],"split_type":[0,0,0,0,0,0,0,0,0,0,0],"sum_hessian":[9E0,7E0,2E0,2E0,5E0,1E0,1E0,1E0,1E0,3E0,2E0],"tree_param":{"num_deleted":"0","num_feature":"2","num_nodes":"11","size_leaf_vector":"1"}},{"base_weights":[5.257605E0,-1.5857834E1,5.981291E1,-3.8943523E1,-1.6720175E0,1.8590577E0,7.1128783E0,-4.68515E0,-1.1563781E0,-8.202179E0,7.5922036E-1,-9.3860275E-1,-2.3253174E-1],"categories":[],"categories_nodes":[],"categories_segments":[],"categories_sizes":[],"default_left":[0,0,0,0,0,0,0,0,0,0,0,0,0],"id":46,"left_children":[1,3,5,7,9,-1,-1,-1,-1,11,-1,-1,-1],"loss_changes":[1.2468095E4,2.5548003E3,7.7075195E1,1.077749E2,4.2525378E2,0E0,0E0,0E0,0E0,6.0037537E0,0E0,0E0,0E0],"parents":[2147483647,0,0,1,1,2,2,3,3,4,4,9,9],"right_children":[2,4,6,8,10,-1,-1,-1,-1,12,-1,-1,-1],"split_conditions":[9.019828E-1,2.0000213E-1,1E0,1.000674E-1,7.0013463E-1,1.8590577E0,7.1128783E0,-4.68515E0,-1.1563781E0,4.9979103E-1,7.5922036E-1,-9.3860275E-1,-2.3253174E-1],"split_indices":[0,0,0,0,0,0,0,0,0,0,0,0,0],"split_type":[0,0,0,0,0,0,0,0,0,0,0,0,0],"sum_hessian":[9E0,7E0,2E0,2E0,5E0,1E0,1E0,1E0,1E0,3E0,2E0,2E0,1E0],"tree_param":{"num_deleted":"0","num_feature":"2","num_nodes":"13","size_leaf_vector":"1"}},{"base_weights":[5.0036745E0,-1.5053757E1,5.6822266E1,-3.6996338E1,-1.5735067E0,1.7661011E0,6.757239E0,-4.450891E0,-1.0985596E0,-7.674774E0,7.086019E-1,-8.760295E-1,-2.2091065E-1],"categories":[],"categories_nodes":[],"categories_segments":[],"categories_sizes":[],"default_left":[0,0,0,0,0,0,0,0,0,0,0,0,0],"id":47,"left_children":[1,3,5,7,9,-1,-1,-1,-1,11,-1,-1,-1],"loss_changes":[1.1248867E4,2.3081177E3,6.956738E1,9.726611E1,3.713881E2,0E0,0E0,0E0,0E0,4.379959E0,0E0,0E0,0E0],"parents":[2147483647,0,0,1,1,2,2,3,3,4,4,9,9],"right_children":[2,4,6,8,10,-1,-1,-1,-1,12,-1,-1,-1],"split_conditions":[9.019828E-1,2.0000213E-1,1E0,1.000674E-1,7.0013463E-1,1.7661011E0,6.757239E0,-4.450891E0,-1.0985596E0,4.9979103E-1,7.086019E-1,-8.760295E-1,-2.2091065E-1],"split_indices":[0,0,0,0,0,0,0,0,0,0,0,0,0],"split_type":[0,0,0,0,0,0,0,0,0,0,0,0,0],"sum_hessian":[9E0,7E0,2E0,2E0,5E0,1E0,1E0,1E0,1E0,3E0,2E0,2E0,1E0],"tree_param":{"num_deleted":"0","num_feature":"2","num_nodes":"13","size_leaf_vector":"1"}},{"base_weights":[4.761865E0,-1.4290588E1,5.398112E1,-3.5146526E1,-1.4808553E0,1.6777954E0,6.4193726E0,-4.228345E0,-1.043634E0,-7.181549E0,6.613688E0,-8.1763107E-1,-2.0986329E-1,2.0964356E-1,7.8240967E-1],"categories":[],"categories_nodes":[],"categories_segments":[],"categories_sizes":[],"default_left":[0,0,0,0,0,0,0,0,0,0,0,0,0,0,0],"id":48,"left_children":[1,3,5,7,9,-1,-1,-1,-1,11,13,-1,-1,-1,-1],"loss_changes":[1.0148897E4,2.085225E3,6.278418E1,8.777954E1,3.243636E2,0E0,0E0,0E0,0E0,3.0660858E0,4.4250488E-4,0E0,0E0,0E0,0E0],"parents":[2147483647,0,0,1,1,2,2,3,3,4,4,9,9,10,10],"right_children":[2,4,6,8,10,-1,-1,-1,-1,12,14,-1,-1,-1,-1],"split_conditions":[9.019828E-1,2.0000213E-1,1E0,1.000674E-1,7.0013463E-1,1.6777954E0,6.4193726E0,-4.228345E0,-1.043634E0,4.9979103E-1,7.9990894E-1,-8.1763107E-1,-2.0986329E-1,2.0964356E-1,7.8240967E-1],"split_indices":[0,0,0,0,0,0,0,0,0,0,0,0,0,0,0],"split_type":[0,0,0,0,0,0,0,0,0,0,0,0,0,0,0],"sum_hessian":[9E0,7E0,2E0,2E0,5E0,1E0,1E0,1E0,1E0,3E0,2E0,2E0,1E0,1E0,1E0],"tree_param":{"num_deleted":"0","num_feature":"2","num_nodes":"15","size_leaf_vector":"1"}},{"base_weights":[4.5646486E0,-1.3524963E1,5.1282063E1,-3.3389202E1,-1.3386841E0,1.5939087E0,6.098401E0,-4.0169253E0,-9.914551E-1,-6.7202454E0,6.282959E0,-7.6312256E-1,-1.9936524E-1,1.9915771E-1,7.4328613E-1],"categories":[],"categories_nodes":[],"categories_segments":[],"categories_sizes":[],"default_left":[0,0,0,0,0,0,0,0,0,0,0,0,0,0,0],"id":49,"left_children":[1,3,5,7,9,-1,-1,-1,-1,11,13,-1,-1,-1,-1],"loss_changes":[9.144587E3,1.8918717E3,5.6657227E1,7.921777E1,2.8832108E2,0E0,0E0,0E0,0E0,2.0093079E0,9.0026855E-4,0E0,0E0,0E0,0E0],"parents":[2147483647,0,0,1,1,2,2,3,3,4,4,9,9,10,10],"right_children":[2,4,6,8,10,-1,-1,-1,-1,12,14,-1,-1,-1,-1],"split_conditions":[9.019828E-1,2.0000213E-1,1E0,1.000674E-1,7.0013463E-1,1.5939087E0,6.098401E0,-4.0169253E0,-9.914551E-1,4.9979103E-1,7.9990894E-1,-7.6312256E-1,-1.9936524E-1,1.9915771E-1,7.4328613E-1],"split_indices":[0,0,0,0,0,0,0,0,0,0,0,0,0,0,0],"split_type":[0,0,0,0,0,0,0,0,0,0,0,0,0,0,0],"sum_hessian":[9E0,7E0,2E0,2E0,5E0,1E0,1E0,1E0,1E0,3E0,2E0,2E0,1E0,1E0,1E0],"tree_param":{"num_deleted":"0","num_feature":"2","num_nodes":"15","size_leaf_vector":"1"}},{"base_weights":[4.374585E0,-1.2800995E1,4.8717937E1,-3.1719727E1,-1.2081299E0,1.514209E0,5.7934813E0,-3.8160768E0,-9.418823E-1,-6.2888184E0,5.9688315E0,-7.122477E-1,-1.8939209E-1,1.8919678E-1,7.0612794E-1],"categories":[],"categories_nodes":[],"categories_segments":[],"categories_sizes":[],"default_left":[0,0,0,0,0,0,0,0,0,0,0,0,0,0,0],"id":50,"left_children":[1,3,5,7,9,-1,-1,-1,-1,11,13,-1,-1,-1,-1],"loss_changes":[8.239865E3,1.716257E3,5.113916E1,7.149365E1,2.563203E2,0E0,0E0,0E0,0E0,1.1659698E0,1.5640259E-3,0E0,0E0,0E0,0E0],"parents":[2147483647,0,0,1,1,2,2,3,3,4,4,9,9,10,10],"right_children":[2,4,6,8,10,-1,-1,-1,-1,12,14,-1,-1,-1,-1],"split_conditions":[9.019828E-1,2.0000213E-1,1E0,1.000674E-1,7.0013463E-1,1.514209E0,5.7934813E0,-3.8160768E0,-9.418823E-1,4.9979103E-1,7.9990894E-1,-7.122477E-1,-1.8939209E-1,1.8919678E-1,7.0612794E-1],"split_indices":[0,0,0,0,0,0,0,0,0,0,0,0,0,0,0],"split_type":[0,0,0,0,0,0,0,0,0,0,0,0,0,0,0],"sum_hessian":[9E0,7E0,2E0,2E0,5E0,1E0,1E0,1E0,1E0,3E0,2E0,2E0,1E0,1E0,1E0],"tree_param":{"num_deleted":"0","num_feature":"2","num_nodes":"15","size_leaf_vector":"1"}},{"base_weights":[4.1914916E0,-1.2116409E1,4.6282063E1,-3.0133749E1,-1.0883383E0,1.438501E0,5.5038085E0,-3.6252747E0,-8.947876E-1,-5.885315E0,5.67041E0,-6.647624E-1,-1.7991944E-1,1.7973633E-1,6.708252E-1],"categories":[],"categories_nodes":[],"categories_segments":[],"categories_sizes":[],"default_left":[0,0,0,0,0,0,0,0,0,0,0,0,0,0,0],"id":51,"left_children":[1,3,5,7,9,-1,-1,-1,-1,11,13,-1,-1,-1,-1],"loss_changes":[7.4248613E3,1.5567764E3,4.615039E1,6.452368E1,2.2790152E2,0E0,0E0,0E0,0E0,4.9917603E-1,1.663208E-3,0E0,0E0,0E0,0E0],"parents":[2147483647,0,0,1,1,2,2,3,3,4,4,9,9,10,10],"right_children":[2,4,6,8,10,-1,-1,-1,-1,12,14,-1,-1,-1,-1],"split_conditions":[9.019828E-1,2.0000213E-1,1E0,1.000674E-1,7.0013463E-1,1.438501E0,5.5038085E0,-3.6252747E0,-8.947876E-1,4.9979103E-1,7.9990894E-1,-6.647624E-1,-1.7991944E-1,1.7973633E-1,6.708252E-1],"split_indices":[0,0,0,0,0,0,0,0,0,0,0,0,0,0,0],"split_type":[0,0,0,0,0,0,0,0,0,0,0,0,0,0,0],"sum_hessian":[9E0,7E0,2E0,2E0,5E0,1E0,1E0,1E0,1E0,3E0,2E0,2E0,1E0,1E0,1E0],"tree_param":{"num_deleted":"0","num_feature":"2","num_nodes":"15","size_leaf_vector":"1"}},{"base_weights":[4.015149E0,-1.146904E1,4.3967937E1,-2.8627075E1,-9.785156E-1,1.3665771E0,5.2286134E0,-3.4440124E0,-8.5004884E-1,-5.5079347E-1,5.3868814E0,1.7075196E-1,6.372803E-1],"categories":[],"categories_nodes":[],"categories_segments":[],"categories_sizes":[],"default_left":[0,0,0,0,0,0,0,0,0,0,0,0,0],"id":52,"left_children":[1,3,5,7,9,-1,-1,-1,-1,-1,11,-1,-1],"loss_changes":[6.6906353E3,1.4119622E3,4.164746E1,5.8232666E1,2.0265988E2,0E0,0E0,0E0,0E0,0E0,9.918213E-4,0E0,0E0],"parents":[2147483647,0,0,1,1,2,2,3,3,4,4,10,10],"right_children":[2,4,6,8,10,-1,-1,-1,-1,-1,12,-1,-1],"split_conditions":[9.019828E-1,2.0000213E-1,1E0,1.000674E-1,7.0013463E-1,1.3665771E0,5.2286134E0,-3.4440124E0,-8.5004884E-1,-5.5079347E-1,7.9990894E-1,1.7075196E-1,6.372803E-1],"split_indices":[0,0,0,0,0,0,0,0,0,0,0,0,0],"split_type":[0,0,0,0,0,0,0,0,0,0,0,0,0],"sum_hessian":[9E0,7E0,2E0,2E0,5E0,1E0,1E0,1E0,1E0,3E0,2E0,1E0,1E0],"tree_param":{"num_deleted":"0","num_feature":"2","num_nodes":"13","size_leaf_vector":"1"}},{"base_weights":[3.8694825E0,-1.0826721E1,4.176953E1,-2.7195719E1,-8.3776855E-1,1.2982422E0,4.9671874E0,-3.271814E0,-8.0754393E-1,-5.0948486E0,5.1175942E0,-5.8372396E-1,-1.4338379E-1,1.6221924E-1,6.0541993E-1],"categories":[],"categories_nodes":[],"categories_segments":[],"categories_sizes":[],"default_left":[0,0,0,0,0,0,0,0,0,0,0,0,0,0,0],"id":53,"left_children":[1,3,5,7,9,-1,-1,-1,-1,11,13,-1,-1,-1,-1],"loss_changes":[6.0220957E3,1.2852896E3,3.7595215E1,5.2557373E1,1.7818811E2,0E0,0E0,0E0,0E0,2.5019455E0,3.5858154E-4,0E0,0E0,0E0,0E0],"parents":[2147483647,0,0,1,1,2,2,3,3,4,4,9,9,10,10],"right_children":[2,4,6,8,10,-1,-1,-1,-1,12,14,-1,-1,-1,-1],"split_conditions":[9.019828E-1,2.0000213E-1,1E0,1.000674E-1,7.0013463E-1,1.2982422E0,4.9671874E0,-3.271814E0,-8.0754393E-1,4.9979103E-1,7.9990894E-1,-5.8372396E-1,-1.4338379E-1,1.6221924E-1,6.0541993E-1],"split_indices":[0,0,0,0,0,0,0,0,0,0,0,0,0,0,0],"split_type":[0,0,0,0,0,0,0,0,0,0,0,0,0,0,0],"sum_hessian":[9E0,7E0,2E0,2E0,5E0,1E0,1E0,1E0,1E0,3E0,2E0,2E0,1E0,1E0,1E0],"tree_param":{"num_deleted":"0","num_feature":"2","num_nodes":"15","size_leaf_vector":"1"}},{"base_weights":[3.7051759E0,-1.0248901E1,3.968099E1,-2.5835938E1,-7.472331E-1,1.2333252E0,4.7188234E0,-3.1082215E0,-7.671692E-1,-4.767151E0,4.8617348E-1,-5.44808E-1,-1.3621826E-1],"categories":[],"categories_nodes":[],"categories_segments":[],"categories_sizes":[],"default_left":[0,0,0,0,0,0,0,0,0,0,0,0,0],"id":54,"left_children":[1,3,5,7,9,-1,-1,-1,-1,11,-1,-1,-1],"loss_changes":[5.4267793E3,1.1655172E3,3.3934082E1,4.743103E1,1.5846217E2,0E0,0E0,0E0,0E0,1.8528824E0,0E0,0E0,0E0],"parents":[2147483647,0,0,1,1,2,2,3,3,4,4,9,9],"right_children":[2,4,6,8,10,-1,-1,-1,-1,12,-1,-1,-1],"split_conditions":[9.019828E-1,2.0000213E-1,1E0,1.000674E-1,7.0013463E-1,1.2333252E0,4.7188234E0,-3.1082215E0,-7.671692E-1,4.9979103E-1,4.8617348E-1,-5.44808E-1,-1.3621826E-1],"split_indices":[0,0,0,0,0,0,0,0,0,0,0,0,0],"split_type":[0,0,0,0,0,0,0,0,0,0,0,0,0],"sum_hessian":[9E0,7E0,2E0,2E0,5E0,1E0,1E0,1E0,1E0,3E0,2E0,2E0,1E0],"tree_param":{"num_deleted":"0","num_feature":"2","num_nodes":"13","size_leaf_vector":"1"}},{"base_weights":[3.522876E0,-9.732758E0,3.769694E1,-2.4544107E1,-7.0495605E-1,1.1716553E0,4.482886E0,-2.9528077E0,-7.288086E-1,-4.4606934E0,4.537679E0,-5.0848794E-1,-1.2940674E-1,1.2980957E-1,5.508423E-1],"categories":[],"categories_nodes":[],"categories_segments":[],"categories_sizes":[],"default_left":[0,0,0,0,0,0,0,0,0,0,0,0,0,0,0],"id":55,"left_children":[1,3,5,7,9,-1,-1,-1,-1,11,13,-1,-1,-1,-1],"loss_changes":[4.896884E3,1.0524089E3,3.0630371E1,4.280725E1,1.3838095E2,0E0,0E0,0E0,0E0,1.3260803E0,2.2839584E0,0E0,0E0,0E0,0E0],"parents":[2147483647,0,0,1,1,2,2,3,3,4,4,9,9,10,10],"right_children":[2,4,6,8,10,-1,-1,-1,-1,12,14,-1,-1,-1,-1],"split_conditions":[9.019828E-1,2.0000213E-1,1E0,1.000674E-1,7.0013463E-1,1.1716553E0,4.482886E0,-2.9528077E0,-7.288086E-1,4.9979103E-1,7.9990894E-1,-5.0848794E-1,-1.2940674E-1,1.2980957E-1,5.508423E-1],"split_indices":[0,0,0,0,0,0,0,0,0,0,0,0,0,0,0],"split_type":[0,0,0,0,0,0,0,0,0,0,0,0,0,0,0],"sum_hessian":[9E0,7E0,2E0,2E0,5E0,1E0,1E0,1E0,1E0,3E0,2E0,2E0,1E0,1E0,1E0],"tree_param":{"num_deleted":"0","num_feature":"2","num_nodes":"15","size_leaf_vector":"1"}},{"base_weights":[3.3721557E0,-9.21434E0,3.581209E1,-2.3316935E1,-6.2731934E-1,1.1130737E0,4.2587404E0,-2.8051698E0,-6.923706E-1,-4.1740723E0,4.310791E0,-4.7458497E-1,-1.22937016E-1,1.2331543E-1,5.233032E-1],"categories":[],"categories_nodes":[],"categories_segments":[],"categories_sizes":[],"default_left":[0,0,0,0,0,0,0,0,0,0,0,0,0,0,0],"id":56,"left_children":[1,3,5,7,9,-1,-1,-1,-1,11,13,-1,-1,-1,-1],"loss_changes":[4.413036E3,9.541671E2,2.7642578E1,3.8632324E1,1.230791E2,0E0,0E0,0E0,0E0,9.0045166E-1,2.0618324E0,0E0,0E0,0E0,0E0],"parents":[2147483647,0,0,1,1,2,2,3,3,4,4,9,9,10,10],"right_children":[2,4,6,8,10,-1,-1,-1,-1,12,14,-1,-1,-1,-1],"split_conditions":[9.019828E-1,2.0000213E-1,1E0,1.000674E-1,7.0013463E-1,1.1130737E0,4.2587404E0,-2.8051698E0,-6.923706E-1,4.9979103E-1,7.9990894E-1,-4.7458497E-1,-1.22937016E-1,1.2331543E-1,5.233032E-1],"split_indices":[0,0,0,0,0,0,0,0,0,0,0,0,0,0,0],"split_type":[0,0,0,0,0,0,0,0,0,0,0,0,0,0,0],"sum_hessian":[9E0,7E0,2E0,2E0,5E0,1E0,1E0,1E0,1E0,3E0,2E0,2E0,1E0,1E0,1E0],"tree_param":{"num_deleted":"0","num_feature":"2","num_nodes":"15","size_leaf_vector":"1"}},{"base_weights":[3.227307E0,-8.723923E0,3.4021484E1,-2.2151083E1,-5.563558E-1,1.0574219E0,4.0458007E0,-2.664911E0,-6.577515E-1,-3.9060059E0,4.0952964E0,-4.4294435E-1,-1.1678467E-1,1.1715088E-1,4.9714357E-1],"categories":[],"categories_nodes":[],"categories_segments":[],"categories_sizes":[],"default_left":[0,0,0,0,0,0,0,0,0,0,0,0,0,0,0],"id":57,"left_children":[1,3,5,7,9,-1,-1,-1,-1,11,13,-1,-1,-1,-1],"loss_changes":[3.9770837E3,8.650139E2,2.4944824E1,3.4865967E1,1.0948468E2,0E0,0E0,0E0,0E0,5.60112E-1,1.8608589E0,0E0,0E0,0E0,0E0],"parents":[2147483647,0,0,1,1,2,2,3,3,4,4,9,9,10,10],"right_children":[2,4,6,8,10,-1,-1,-1,-1,12,14,-1,-1,-1,-1],"split_conditions":[9.019828E-1,2.0000213E-1,1E0,1.000674E-1,7.0013463E-1,1.0574219E0,4.0458007E0,-2.664911E0,-6.577515E-1,4.9979103E-1,7.9990894E-1,-4.4294435E-1,-1.1678467E-1,1.1715088E-1,4.9714357E-1],"split_indices":[0,0,0,0,0,0,0,0,0,0,0,0,0,0,0],"split_type":[0,0,0,0,0,0,0,0,0,0,0,0,0,0,0],"sum_hessian":[9E0,7E0,2E0,2E0,5E0,1E0,1E0,1E0,1E0,3E0,2E0,2E0,1E0,1E0,1E0],"tree_param":{"num_deleted":"0","num_feature":"2","num_nodes":"15","size_leaf_vector":"1"}},{"base_weights":[3.088086E0,-8.26004E0,3.2320393E1,-2.104354E1,-4.9161783E-1,1.0045532E0,3.8435059E0,-2.531665E0,-6.248657E-1,-3.6553345E0,3.8905437E0,-4.1341147E-1,-1.1094971E-1,1.11291505E-1,4.7229004E-1],"categories":[],"categories_nodes":[],"categories_segments":[],"categories_sizes":[],"default_left":[0,0,0,0,0,0,0,0,0,0,0,0,0,0,0],"id":58,"left_children":[1,3,5,7,9,-1,-1,-1,-1,11,13,-1,-1,-1,-1],"loss_changes":[3.5842869E3,7.8411554E2,2.2509521E1,3.1465454E1,9.740475E1,0E0,0E0,0E0,0E0,2.8879547E-1,1.6797447E0,0E0,0E0,0E0,0E0],"parents":[2147483647,0,0,1,1,2,2,3,3,4,4,9,9,10,10],"right_children":[2,4,6,8,10,-1,-1,-1,-1,12,14,-1,-1,-1,-1],"split_conditions":[9.019828E-1,2.0000213E-1,1E0,1.000674E-1,7.0013463E-1,1.0045532E0,3.8435059E0,-2.531665E0,-6.248657E-1,4.9979103E-1,7.9990894E-1,-4.1341147E-1,-1.1094971E-1,1.11291505E-1,4.7229004E-1],"split_indices":[0,0,0,0,0,0,0,0,0,0,0,0,0,0,0],"split_type":[0,0,0,0,0,0,0,0,0,0,0,0,0,0,0],"sum_hessian":[9E0,7E0,2E0,2E0,5E0,1E0,1E0,1E0,1E0,3E0,2E0,2E0,1E0,1E0,1E0],"tree_param":{"num_deleted":"0","num_feature":"2","num_nodes":"15","size_leaf_vector":"1"}},{"base_weights":[2.9543457E0,-7.8211975E0,3.0704346E1,-1.9991373E1,-4.325765E-1,9.543213E-1,3.6513307E0,-2.4050844E0,-5.9362185E-1,-3.4208984E0,3.696045E0,-3.85848E-1,-1.05407715E-1,1.057251E-1,4.4868165E-1],"categories":[],"categories_nodes":[],"categories_segments":[],"categories_sizes":[],"default_left":[0,0,0,0,0,0,0,0,0,0,0,0,0,0,0],"id":59,"left_children":[1,3,5,7,9,-1,-1,-1,-1,11,13,-1,-1,-1,-1],"loss_changes":[3.2303582E3,7.1071875E2,2.0318115E1,2.8398315E1,8.666969E1,0E0,0E0,0E0,0E0,7.557297E-2,1.5163574E0,0E0,0E0,0E0,0E0],"parents":[2147483647,0,0,1,1,2,2,3,3,4,4,9,9,10,10],"right_children":[2,4,6,8,10,-1,-1,-1,-1,12,14,-1,-1,-1,-1],"split_conditions":[9.019828E-1,2.0000213E-1,1E0,1.000674E-1,7.0013463E-1,9.543213E-1,3.6513307E0,-2.4050844E0,-5.9362185E-1,4.9979103E-1,7.9990894E-1,-3.85848E-1,-1.05407715E-1,1.057251E-1,4.4868165E-1],"split_indices":[0,0,0,0,0,0,0,0,0,0,0,0,0,0,0],"split_type":[0,0,0,0,0,0,0,0,0,0,0,0,0,0,0],"sum_hessian":[9E0,7E0,2E0,2E0,5E0,1E0,1E0,1E0,1E0,3E0,2E0,2E0,1E0,1E0,1E0],"tree_param":{"num_deleted":"0","num_feature":"2","num_nodes":"15","size_leaf_vector":"1"}},{"base_weights":[2.8259156E0,-7.406021E0,2.9169107E1,-1.8991821E1,-3.7878418E-1,9.06604E-1,3.4687622E0,-2.2848327E0,-5.6394047E-1,-3.201599E-1,3.5112305E0,1.0043945E-1,4.2624512E-1],"categories":[],"categories_nodes":[],"categories_segments":[],"categories_sizes":[],"default_left":[0,0,0,0,0,0,0,0,0,0,0,0,0],"id":60,"left_children":[1,3,5,7,9,-1,-1,-1,-1,-1,11,-1,-1],"loss_changes":[2.9114458E3,6.441354E2,1.833789E1,2.5630127E1,7.7126305E1,0E0,0E0,0E0,0E0,0E0,1.3683777E0,0E0,0E0],"parents":[2147483647,0,0,1,1,2,2,3,3,4,4,10,10],"right_children":[2,4,6,8,10,-1,-1,-1,-1,-1,12,-1,-1],"split_conditions":[9.019828E-1,2.0000213E-1,1E0,1.000674E-1,7.0013463E-1,9.06604E-1,3.4687622E0,-2.2848327E0,-5.6394047E-1,-3.201599E-1,7.9990894E-1,1.0043945E-1,4.2624512E-1],"split_indices":[0,0,0,0,0,0,0,0,0,0,0,0,0],"split_type":[0,0,0,0,0,0,0,0,0,0,0,0,0],"sum_hessian":[9E0,7E0,2E0,2E0,5E0,1E0,1E0,1E0,1E0,3E0,2E0,1E0,1E0],"tree_param":{"num_deleted":"0","num_feature":"2","num_nodes":"13","size_leaf_vector":"1"}},{"base_weights":[2.7166505E0,-6.995697E0,2.7710693E1,-1.8042236E1,-3.0647787E-1,8.612793E-1,3.2953248E0,-2.1705933E0,-5.357422E-1,-2.9614868E0,3.3356934E0,-3.3877766E-1,-8.413086E-2,9.5422365E-2,4.0493163E-1],"categories":[],"categories_nodes":[],"categories_segments":[],"categories_sizes":[],"default_left":[0,0,0,0,0,0,0,0,0,0,0,0,0,0,0],"id":61,"left_children":[1,3,5,7,9,-1,-1,-1,-1,11,13,-1,-1,-1,-1],"loss_changes":[2.621364E3,5.856123E2,1.6545654E1,2.313208E1,6.789859E1,0E0,0E0,0E0,0E0,7.650795E-1,1.2344627E0,0E0,0E0,0E0,0E0],"parents":[2147483647,0,0,1,1,2,2,3,3,4,4,9,9,10,10],"right_children":[2,4,6,8,10,-1,-1,-1,-1,12,14,-1,-1,-1,-1],"split_conditions":[9.019828E-1,2.0000213E-1,1E0,1.000674E-1,7.0013463E-1,8.612793E-1,3.2953248E0,-2.1705933E0,-5.357422E-1,4.9979103E-1,7.9990894E-1,-3.3877766E-1,-8.413086E-2,9.5422365E-2,4.0493163E-1],"split_indices":[0,0,0,0,0,0,0,0,0,0,0,0,0,0,0],"split_type":[0,0,0,0,0,0,0,0,0,0,0,0,0,0,0],"sum_hessian":[9E0,7E0,2E0,2E0,5E0,1E0,1E0,1E0,1E0,3E0,2E0,2E0,1E0,1E0,1E0],"tree_param":{"num_deleted":"0","num_feature":"2","num_nodes":"15","size_leaf_vector":"1"}},{"base_weights":[2.5977416E0,-6.6247406E0,2.6325113E1,-1.7140097E1,-2.6293945E-1,8.182129E-1,3.1305542E0,-2.0620606E0,-5.0895387E-1,-2.7710571E0,3.168864E0,-3.1619465E-1,-7.9919435E-2,9.064942E-2,3.8468018E-1],"categories":[],"categories_nodes":[],"categories_segments":[],"categories_sizes":[],"default_left":[0,0,0,0,0,0,0,0,0,0,0,0,0,0,0],"id":62,"left_children":[1,3,5,7,9,-1,-1,-1,-1,11,13,-1,-1,-1,-1],"loss_changes":[2.3626497E3,5.30666E2,1.4933594E1,2.0876892E1,6.0425304E1,0E0,0E0,0E0,0E0,5.561123E-1,1.1141338E0,0E0,0E0,0E0,0E0],"parents":[2147483647,0,0,1,1,2,2,3,3,4,4,9,9,10,10],"right_children":[2,4,6,8,10,-1,-1,-1,-1,12,14,-1,-1,-1,-1],"split_conditions":[9.019828E-1,2.0000213E-1,1E0,1.000674E-1,7.0013463E-1,8.182129E-1,3.1305542E0,-2.0620606E0,-5.0895387E-1,4.9979103E-1,7.9990894E-1,-3.1619465E-1,-7.9919435E-2,9.064942E-2,3.8468018E-1],"split_indices":[0,0,0,0,0,0,0,0,0,0,0,0,0,0,0],"split_type":[0,0,0,0,0,0,0,0,0,0,0,0,0,0,0],"sum_hessian":[9E0,7E0,2E0,2E0,5E0,1E0,1E0,1E0,1E0,3E0,2E0,2E0,1E0,1E0,1E0],"tree_param":{"num_deleted":"0","num_feature":"2","num_nodes":"15","size_leaf_vector":"1"}},{"base_weights":[2.4836426E0,-6.273773E0,2.5008871E1,-1.6283121E1,-2.2347005E-1,7.7730715E-1,2.9740236E0,-1.9589599E0,-4.8350832E-1,-2.5930176E0,3.0104167E0,-2.951172E-1,-7.5927734E-2,8.6120605E-2,3.654419E-1],"categories":[],"categories_nodes":[],"categories_segments":[],"categories_sizes":[],"default_left":[0,0,0,0,0,0,0,0,0,0,0,0,0,0,0],"id":63,"left_children":[1,3,5,7,9,-1,-1,-1,-1,11,13,-1,-1,-1,-1],"loss_changes":[2.1295276E3,4.8083795E2,1.3473755E1,1.8840698E1,5.3783154E1,0E0,0E0,0E0,0E0,3.862877E-1,1.0050831E0,0E0,0E0,0E0,0E0],"parents":[2147483647,0,0,1,1,2,2,3,3,4,4,9,9,10,10],"right_children":[2,4,6,8,10,-1,-1,-1,-1,12,14,-1,-1,-1,-1],"split_conditions":[9.019828E-1,2.0000213E-1,1E0,1.000674E-1,7.0013463E-1,7.7730715E-1,2.9740236E0,-1.9589599E0,-4.8350832E-1,4.9979103E-1,7.9990894E-1,-2.951172E-1,-7.5927734E-2,8.6120605E-2,3.654419E-1],"split_indices":[0,0,0,0,0,0,0,0,0,0,0,0,0,0,0],"split_type":[0,0,0,0,0,0,0,0,0,0,0,0,0,0,0],"sum_hessian":[9E0,7E0,2E0,2E0,5E0,1E0,1E0,1E0,1E0,3E0,2E0,2E0,1E0,1E0,1E0],"tree_param":{"num_deleted":"0","num_feature":"2","num_nodes":"15","size_leaf_vector":"1"}},{"base_weights":[2.3742065E0,-5.941635E0,2.3758383E1,-1.5468953E1,-1.8770345E-1,7.3844E-1,2.8253174E0,-1.8610108E0,-4.593323E-1,-2.4264526E0,2.8598633E0,-2.7543947E-1,-7.213135E-2,8.1811525E-2,3.4716797E-1],"categories":[],"categories_nodes":[],"categories_segments":[],"categories_sizes":[],"default_left":[0,0,0,0,0,0,0,0,0,0,0,0,0,0,0],"id":64,"left_children":[1,3,5,7,9,-1,-1,-1,-1,11,13,-1,-1,-1,-1],"loss_changes":[1.9194379E3,4.3565274E2,1.2160156E1,1.7003845E1,4.7875748E1,0E0,0E0,0E0,0E0,2.4996567E-1,9.072914E-1,0E0,0E0,0E0,0E0],"parents":[2147483647,0,0,1,1,2,2,3,3,4,4,9,9,10,10],"right_children":[2,4,6,8,10,-1,-1,-1,-1,12,14,-1,-1,-1,-1],"split_conditions":[9.019828E-1,2.0000213E-1,1E0,1.000674E-1,7.0013463E-1,7.3844E-1,2.8253174E0,-1.8610108E0,-4.593323E-1,4.9979103E-1,7.9990894E-1,-2.7543947E-1,-7.213135E-2,8.1811525E-2,3.4716797E-1],"split_indices":[0,0,0,0,0,0,0,0,0,0,0,0,0,0,0],"split_type":[0,0,0,0,0,0,0,0,0,0,0,0,0,0,0],"sum_hessian":[9E0,7E0,2E0,2E0,5E0,1E0,1E0,1E0,1E0,3E0,2E0,2E0,1E0,1E0,1E0],"tree_param":{"num_deleted":"0","num_feature":"2","num_nodes":"15","size_leaf_vector":"1"}},{"base_weights":[2.2692504E0,-5.627365E0,2.2570475E1,-1.4695516E1,-1.5539551E-1,7.015137E-1,2.6840577E0,-1.7679627E0,-4.3636474E-1,-2.270752E0,2.7168782E0,-2.9973754E-1,-1.0294189E-1,7.772217E-2,3.2980958E-1],"categories":[],"categories_nodes":[],"categories_segments":[],"categories_sizes":[],"default_left":[0,0,0,0,0,0,0,0,0,0,0,0,0,0,0],"id":65,"left_children":[1,3,5,7,9,-1,-1,-1,-1,11,13,-1,-1,-1,-1],"loss_changes":[1.7301221E3,3.9468158E2,1.0978149E1,1.5346619E1,4.2624653E1,0E0,0E0,0E0,0E0,5.223713E-1,8.1873703E-1,0E0,0E0,0E0,0E0],"parents":[2147483647,0,0,1,1,2,2,3,3,4,4,9,9,10,10],"right_children":[2,4,6,8,10,-1,-1,-1,-1,12,14,-1,-1,-1,-1],"split_conditions":[9.019828E-1,2.0000213E-1,1E0,1.000674E-1,7.0013463E-1,7.015137E-1,2.6840577E0,-1.7679627E0,-4.3636474E-1,4.000256E-1,7.9990894E-1,-2.9973754E-1,-1.0294189E-1,7.772217E-2,3.2980958E-1],"split_indices":[0,0,0,0,0,0,0,0,0,0,0,0,0,0,0],"split_type":[0,0,0,0,0,0,0,0,0,0,0,0,0,0,0],"sum_hessian":[9E0,7E0,2E0,2E0,5E0,1E0,1E0,1E0,1E0,3E0,2E0,1E0,2E0,1E0,1E0],"tree_param":{"num_deleted":"0","num_feature":"2","num_nodes":"15","size_leaf_vector":"1"}},{"base_weights":[2.1609497E0,-5.339554E0,2.1441977E1,-1.3960734E1,-1.3903809E-1,6.664429E-1,2.5498536E0,-1.6795654E0,-4.1454467E-1,-2.1443481E0,2.5810547E0,-2.847534E-1,-9.607747E-2,7.3840335E-2,3.1331787E-1],"categories":[],"categories_nodes":[],"categories_segments":[],"categories_sizes":[],"default_left":[0,0,0,0,0,0,0,0,0,0,0,0,0,0,0],"id":66,"left_children":[1,3,5,7,9,-1,-1,-1,-1,11,13,-1,-1,-1,-1],"loss_changes":[1.5606647E3,3.567356E2,9.904785E0,1.3851135E1,3.8262455E1,0E0,0E0,0E0,0E0,5.932503E-1,7.3856735E-1,0E0,0E0,0E0,0E0],"parents":[2147483647,0,0,1,1,2,2,3,3,4,4,9,9,10,10],"right_children":[2,4,6,8,10,-1,-1,-1,-1,12,14,-1,-1,-1,-1],"split_conditions":[9.019828E-1,2.0000213E-1,1E0,1.000674E-1,7.0013463E-1,6.664429E-1,2.5498536E0,-1.6795654E0,-4.1454467E-1,4.000256E-1,7.9990894E-1,-2.847534E-1,-9.607747E-2,7.3840335E-2,3.1331787E-1],"split_indices":[0,0,0,0,0,0,0,0,0,0,0,0,0,0,0],"split_type":[0,0,0,0,0,0,0,0,0,0,0,0,0,0,0],"sum_hessian":[9E0,7E0,2E0,2E0,5E0,1E0,1E0,1E0,1E0,3E0,2E0,1E0,2E0,1E0,1E0],"tree_param":{"num_deleted":"0","num_feature":"2","num_nodes":"15","size_leaf_vector":"1"}},{"base_weights":[2.0577393E0,-5.0665283E0,2.0369873E1,-1.3262695E1,-1.2402344E-1,6.331177E-1,2.4223633E0,-1.5955871E0,-3.9381716E-1,-2.0250854E0,2.4520671E0,-2.7051392E-1,-8.966878E-2,7.015381E-2,2.9765627E-1],"categories":[],"categories_nodes":[],"categories_segments":[],"categories_sizes":[],"default_left":[0,0,0,0,0,0,0,0,0,0,0,0,0,0,0],"id":67,"left_children":[1,3,5,7,9,-1,-1,-1,-1,11,13,-1,-1,-1,-1],"loss_changes":[1.4078099E3,3.224319E2,8.941162E0,1.2500793E1,3.4349495E1,0E0,0E0,0E0,0E0,6.438179E-1,6.662617E-1,0E0,0E0,0E0,0E0],"parents":[2147483647,0,0,1,1,2,2,3,3,4,4,9,9,10,10],"right_children":[2,4,6,8,10,-1,-1,-1,-1,12,14,-1,-1,-1,-1],"split_conditions":[9.019828E-1,2.0000213E-1,1E0,1.000674E-1,7.0013463E-1,6.331177E-1,2.4223633E0,-1.5955871E0,-3.9381716E-1,4.000256E-1,7.9990894E-1,-2.7051392E-1,-8.966878E-2,7.015381E-2,2.9765627E-1],"split_indices":[0,0,0,0,0,0,0,0,0,0,0,0,0,0,0],"split_type":[0,0,0,0,0,0,0,0,0,0,0,0,0,0,0],"sum_hessian":[9E0,7E0,2E0,2E0,5E0,1E0,1E0,1E0,1E0,3E0,2E0,1E0,2E0,1E0,1E0],"tree_param":{"num_deleted":"0","num_feature":"2","num_nodes":"15","size_leaf_vector":"1"}},{"base_weights":[1.9593506E0,-4.8075867E0,1.93514E1,-1.2599568E1,-1.10331215E-1,6.0146487E-1,2.3012452E0,-1.5158081E0,-3.741272E-1,-1.9126282E0,2.3295085E0,-2.5698853E-1,-8.369141E-2,6.665039E-2,2.8277588E-1],"categories":[],"categories_nodes":[],"categories_segments":[],"categories_sizes":[],"default_left":[0,0,0,0,0,0,0,0,0,0,0,0,0,0,0],"id":68,"left_children":[1,3,5,7,9,-1,-1,-1,-1,11,13,-1,-1,-1,-1],"loss_changes":[1.2699426E3,2.914173E2,8.067749E0,1.1281677E1,3.0839376E1,0E0,0E0,0E0,0E0,6.7730904E-1,6.010647E-1,0E0,0E0,0E0,0E0],"parents":[2147483647,0,0,1,1,2,2,3,3,4,4,9,9,10,10],"right_children":[2,4,6,8,10,-1,-1,-1,-1,12,14,-1,-1,-1,-1],"split_conditions":[9.019828E-1,2.0000213E-1,1E0,1.000674E-1,7.0013463E-1,6.0146487E-1,2.3012452E0,-1.5158081E0,-3.741272E-1,4.000256E-1,7.9990894E-1,-2.5698853E-1,-8.369141E-2,6.665039E-2,2.8277588E-1],"split_indices":[0,0,0,0,0,0,0,0,0,0,0,0,0,0,0],"split_type":[0,0,0,0,0,0,0,0,0,0,0,0,0,0,0],"sum_hessian":[9E0,7E0,2E0,2E0,5E0,1E0,1E0,1E0,1E0,3E0,2E0,1E0,2E0,1E0,1E0],"tree_param":{"num_deleted":"0","num_feature":"2","num_nodes":"15","size_leaf_vector":"1"}},{"base_weights":[1.8655761E0,-4.5619507E0,1.838379E1,-1.19695635E1,-9.781901E-2,5.7138675E-1,2.1861818E0,-1.4400147E0,-3.5541993E-1,-1.8065186E0,2.2130535E0,-2.4414062E-1,-7.810872E-2,6.331787E-2,2.6864013E-1],"categories":[],"categories_nodes":[],"categories_segments":[],"categories_sizes":[],"default_left":[0,0,0,0,0,0,0,0,0,0,0,0,0,0,0],"id":69,"left_children":[1,3,5,7,9,-1,-1,-1,-1,11,13,-1,-1,-1,-1],"loss_changes":[1.1455786E3,2.6337762E2,7.2835083E0,1.0181732E1,2.7689442E1,0E0,0E0,0E0,0E0,6.971836E-1,5.425186E-1,0E0,0E0,0E0,0E0],"parents":[2147483647,0,0,1,1,2,2,3,3,4,4,9,9,10,10],"right_children":[2,4,6,8,10,-1,-1,-1,-1,12,14,-1,-1,-1,-1],"split_conditions":[9.019828E-1,2.0000213E-1,1E0,1.000674E-1,7.0013463E-1,5.7138675E-1,2.1861818E0,-1.4400147E0,-3.5541993E-1,4.000256E-1,7.9990894E-1,-2.4414062E-1,-7.810872E-2,6.331787E-2,2.6864013E-1],"split_indices":[0,0,0,0,0,0,0,0,0,0,0,0,0,0,0],"split_type":[0,0,0,0,0,0,0,0,0,0,0,0,0,0,0],"sum_hessian":[9E0,7E0,2E0,2E0,5E0,1E0,1E0,1E0,1E0,3E0,2E0,1E0,2E0,1E0,1E0],"tree_param":{"num_deleted":"0","num_feature":"2","num_nodes":"15","size_leaf_vector":"1"}},{"base_weights":[1.776233E0,-4.3289337E0,1.74646E1,-1.1371053E1,-8.638509E-2,5.428223E-1,2.0768678E0,-1.3680115E0,-3.3764648E-1,-1.7064209E0,2.1024578E0,-2.319336E-1,-7.290039E-2,6.0156252E-2,2.552124E-1],"categories":[],"categories_nodes":[],"categories_segments":[],"categories_sizes":[],"default_left":[0,0,0,0,0,0,0,0,0,0,0,0,0,0,0],"id":70,"left_children":[1,3,5,7,9,-1,-1,-1,-1,11,13,-1,-1,-1,-1],"loss_changes":[1.0334039E3,2.3802998E2,6.5703735E0,9.189545E0,2.4863699E1,0E0,0E0,0E0,0E0,7.0548916E-1,4.8944378E-1,0E0,0E0,0E0,0E0],"parents":[2147483647,0,0,1,1,2,2,3,3,4,4,9,9,10,10],"right_children":[2,4,6,8,10,-1,-1,-1,-1,12,14,-1,-1,-1,-1],"split_conditions":[9.019828E-1,2.0000213E-1,1E0,1.000674E-1,7.0013463E-1,5.428223E-1,2.0768678E0,-1.3680115E0,-3.3764648E-1,4.000256E-1,7.9990894E-1,-2.319336E-1,-7.290039E-2,6.0156252E-2,2.552124E-1],"split_indices":[0,0,0,0,0,0,0,0,0,0,0,0,0,0,0],"split_type":[0,0,0,0,0,0,0,0,0,0,0,0,0,0,0],"sum_hessian":[9E0,7E0,2E0,2E0,5E0,1E0,1E0,1E0,1E0,3E0,2E0,1E0,2E0,1E0,1E0],"tree_param":{"num_deleted":"0","num_feature":"2","num_nodes":"15","size_leaf_vector":"1"}},{"base_weights":[1.6911011E0,-4.107895E0,1.659139E1,-1.080249E1,-7.594808E-2,5.1568604E-1,1.9730225E0,-1.2996094E0,-3.2076415E-1,-1.611969E0,1.9973959E0,-2.2033691E-1,-6.803792E-2,5.715332E-2,2.4245606E-1],"categories":[],"categories_nodes":[],"categories_segments":[],"categories_sizes":[],"default_left":[0,0,0,0,0,0,0,0,0,0,0,0,0,0,0],"id":71,"left_children":[1,3,5,7,9,-1,-1,-1,-1,11,13,-1,-1,-1,-1],"loss_changes":[9.322229E2,2.151176E2,5.927246E0,8.293457E0,2.2327936E1,0E0,0E0,0E0,0E0,7.0464325E-1,4.4151783E-1,0E0,0E0,0E0,0E0],"parents":[2147483647,0,0,1,1,2,2,3,3,4,4,9,9,10,10],"right_children":[2,4,6,8,10,-1,-1,-1,-1,12,14,-1,-1,-1,-1],"split_conditions":[9.019828E-1,2.0000213E-1,1E0,1.000674E-1,7.0013463E-1,5.1568604E-1,1.9730225E0,-1.2996094E0,-3.2076415E-1,4.000256E-1,7.9990894E-1,-2.2033691E-1,-6.803792E-2,5.715332E-2,2.4245606E-1],"split_indices":[0,0,0,0,0,0,0,0,0,0,0,0,0,0,0],"split_type":[0,0,0,0,0,0,0,0,0,0,0,0,0,0,0],"sum_hessian":[9E0,7E0,2E0,2E0,5E0,1E0,1E0,1E0,1E0,3E0,2E0,1E0,2E0,1E0,1E0],"tree_param":{"num_deleted":"0","num_feature":"2","num_nodes":"15","size_leaf_vector":"1"}},{"base_weights":[1.6099488E0,-3.8982391E0,1.57618E1,-1.026237E1,-6.6467285E-2,4.899048E-1,1.8743652E0,-1.2346314E0,-3.0472413E-1,-1.5228577E0,1.8975424E0,-2.0932007E-1,-6.350098E-2,5.4296877E-2,2.3033448E-1],"categories":[],"categories_nodes":[],"categories_segments":[],"categories_sizes":[],"default_left":[0,0,0,0,0,0,0,0,0,0,0,0,0,0,0],"id":72,"left_children":[1,3,5,7,9,-1,-1,-1,-1,11,13,-1,-1,-1,-1],"loss_changes":[8.409538E2,1.9440508E2,5.34729E0,7.485565E0,2.0051874E1,0E0,0E0,0E0,0E0,6.963091E-1,3.984232E-1,0E0,0E0,0E0,0E0],"parents":[2147483647,0,0,1,1,2,2,3,3,4,4,9,9,10,10],"right_children":[2,4,6,8,10,-1,-1,-1,-1,12,14,-1,-1,-1,-1],"split_conditions":[9.019828E-1,2.0000213E-1,1E0,1.000674E-1,7.0013463E-1,4.899048E-1,1.8743652E0,-1.2346314E0,-3.0472413E-1,4.000256E-1,7.9990894E-1,-2.0932007E-1,-6.350098E-2,5.4296877E-2,2.3033448E-1],"split_indices":[0,0,0,0,0,0,0,0,0,0,0,0,0,0,0],"split_type":[0,0,0,0,0,0,0,0,0,0,0,0,0,0,0],"sum_hessian":[9E0,7E0,2E0,2E0,5E0,1E0,1E0,1E0,1E0,3E0,2E0,1E0,2E0,1E0,1E0],"tree_param":{"num_deleted":"0","num_feature":"2","num_nodes":"15","size_leaf_vector":"1"}},{"base_weights":[1.5326416E0,-3.6993408E0,1.4973714E1,-9.749268E0,-5.7820637E-2,4.654053E-1,1.7806519E0,-1.1729004E0,-2.8948975E-1,-1.4387817E0,1.8027344E0,-1.9885254E-1,-5.926921E-2,5.1586915E-2,2.1882324E-1],"categories":[],"categories_nodes":[],"categories_segments":[],"categories_sizes":[],"default_left":[0,0,0,0,0,0,0,0,0,0,0,0,0,0,0],"id":73,"left_children":[1,3,5,7,9,-1,-1,-1,-1,11,13,-1,-1,-1,-1],"loss_changes":[7.586274E2,1.7568372E2,4.828308E0,6.7552795E0,1.8009867E1,0E0,0E0,0E0,0E0,6.8194675E-1,3.594103E-1,0E0,0E0,0E0,0E0],"parents":[2147483647,0,0,1,1,2,2,3,3,4,4,9,9,10,10],"right_children":[2,4,6,8,10,-1,-1,-1,-1,12,14,-1,-1,-1,-1],"split_conditions":[9.019828E-1,2.0000213E-1,1E0,1.000674E-1,7.0013463E-1,4.654053E-1,1.7806519E0,-1.1729004E0,-2.8948975E-1,4.000256E-1,7.9990894E-1,-1.9885254E-1,-5.926921E-2,5.1586915E-2,2.1882324E-1],"split_indices":[0,0,0,0,0,0,0,0,0,0,0,0,0,0,0],"split_type":[0,0,0,0,0,0,0,0,0,0,0,0,0,0,0],"sum_hessian":[9E0,7E0,2E0,2E0,5E0,1E0,1E0,1E0,1E0,3E0,2E0,1E0,2E0,1E0,1E0],"tree_param":{"num_deleted":"0","num_feature":"2","num_nodes":"15","size_leaf_vector":"1"}},{"base_weights":[1.4589965E0,-3.5106354E0,1.4225017E1,-9.2618E0,-4.99471E-2,4.4213867E-1,1.6916138E0,-1.1142578E0,-2.7501222E-1,-1.3594055E0,1.7126465E0,-1.8890992E-1,-5.531413E-2,4.901123E-2,2.0788574E-1],"categories":[],"categories_nodes":[],"categories_segments":[],"categories_sizes":[],"default_left":[0,0,0,0,0,0,0,0,0,0,0,0,0,0,0],"id":74,"left_children":[1,3,5,7,9,-1,-1,-1,-1,11,13,-1,-1,-1,-1],"loss_changes":[6.843631E2,1.5876129E2,4.3554077E0,6.097595E0,1.6176437E1,0E0,0E0,0E0,0E0,6.6335297E-1,3.242426E-1,0E0,0E0,0E0,0E0],"parents":[2147483647,0,0,1,1,2,2,3,3,4,4,9,9,10,10],"right_children":[2,4,6,8,10,-1,-1,-1,-1,12,14,-1,-1,-1,-1],"split_conditions":[9.019828E-1,2.0000213E-1,1E0,1.000674E-1,7.0013463E-1,4.4213867E-1,1.6916138E0,-1.1142578E0,-2.7501222E-1,4.000256E-1,7.9990894E-1,-1.8890992E-1,-5.531413E-2,4.901123E-2,2.0788574E-1],"split_indices":[0,0,0,0,0,0,0,0,0,0,0,0,0,0,0],"split_type":[0,0,0,0,0,0,0,0,0,0,0,0,0,0,0],"sum_hessian":[9E0,7E0,2E0,2E0,5E0,1E0,1E0,1E0,1E0,3E0,2E0,1E0,2E0,1E0,1E0],"tree_param":{"num_deleted":"0","num_feature":"2","num_nodes":"15","size_leaf_vector":"1"}},{"base_weights":[1.3888061E0,-3.3316498E0,1.3513753E1,-8.798706E0,-4.284668E-2,4.2003176E-1,1.6070312E0,-1.058545E0,-2.61261E-1,-1.2844849E0,1.6269531E0,-1.7946167E-1,-5.1623534E-2,4.6557616E-2,1.9748536E-1],"categories":[],"categories_nodes":[],"categories_segments":[],"categories_sizes":[],"default_left":[0,0,0,0,0,0,0,0,0,0,0,0,0,0,0],"id":75,"left_children":[1,3,5,7,9,-1,-1,-1,-1,11,13,-1,-1,-1,-1],"loss_changes":[6.1737585E2,1.434636E2,3.930664E0,5.503235E0,1.452952E1,0E0,0E0,0E0,0E0,6.411891E-1,2.926855E-1,0E0,0E0,0E0,0E0],"parents":[2147483647,0,0,1,1,2,2,3,3,4,4,9,9,10,10],"right_children":[2,4,6,8,10,-1,-1,-1,-1,12,14,-1,-1,-1,-1],"split_conditions":[9.019828E-1,2.0000213E-1,1E0,1.000674E-1,7.0013463E-1,4.2003176E-1,1.6070312E0,-1.058545E0,-2.61261E-1,4.000256E-1,7.9990894E-1,-1.7946167E-1,-5.1623534E-2,4.6557616E-2,1.9748536E-1],"split_indices":[0,0,0,0,0,0,0,0,0,0,0,0,0,0,0],"split_type":[0,0,0,0,0,0,0,0,0,0,0,0,0,0,0],"sum_hessian":[9E0,7E0,2E0,2E0,5E0,1E0,1E0,1E0,1E0,3E0,2E0,1E0,2E0,1E0,1E0],"tree_param":{"num_deleted":"0","num_feature":"2","num_nodes":"15","size_leaf_vector":"1"}},{"base_weights":[1.3219483E0,-3.1618652E0,1.2838135E1,-8.358765E0,-3.643799E-2,3.9903566E-1,1.5266846E0,-1.0056152E0,-2.4819946E-1,-1.2138367E0,1.5455729E0,-1.704895E-1,-4.818522E-2,4.4226076E-2,1.8760987E-1],"categories":[],"categories_nodes":[],"categories_segments":[],"categories_sizes":[],"default_left":[0,0,0,0,0,0,0,0,0,0,0,0,0,0,0],"id":76,"left_children":[1,3,5,7,9,-1,-1,-1,-1,11,13,-1,-1,-1,-1],"loss_changes":[5.569568E2,1.2963565E2,3.545929E0,4.9661713E0,1.3052019E1,0E0,0E0,0E0,0E0,6.1628056E-1,2.6429415E-1,0E0,0E0,0E0,0E0],"parents":[2147483647,0,0,1,1,2,2,3,3,4,4,9,9,10,10],"right_children":[2,4,6,8,10,-1,-1,-1,-1,12,14,-1,-1,-1,-1],"split_conditions":[9.019828E-1,2.0000213E-1,1E0,1.000674E-1,7.0013463E-1,3.9903566E-1,1.5266846E0,-1.0056152E0,-2.4819946E-1,4.000256E-1,7.9990894E-1,-1.704895E-1,-4.818522E-2,4.4226076E-2,1.8760987E-1],"split_indices":[0,0,0,0,0,0,0,0,0,0,0,0,0,0,0],"split_type":[0,0,0,0,0,0,0,0,0,0,0,0,0,0,0],"sum_hessian":[9E0,7E0,2E0,2E0,5E0,1E0,1E0,1E0,1E0,3E0,2E0,1E0,2E0,1E0,1E0],"tree_param":{"num_deleted":"0","num_feature":"2","num_nodes":"15","size_leaf_vector":"1"}},{"base_weights":[1.2582886E0,-3.0007477E0,1.2196289E1,-7.9408364E0,-3.0578613E-2,3.7908936E-1,1.450354E0,-9.553345E-1,-2.3579101E-1,-1.1471252E0,1.4683431E0,-1.619629E-1,-4.497477E-2,4.2016603E-2,1.7823486E-1],"categories":[],"categories_nodes":[],"categories_segments":[],"categories_sizes":[],"default_left":[0,0,0,0,0,0,0,0,0,0,0,0,0,0,0],"id":77,"left_children":[1,3,5,7,9,-1,-1,-1,-1,11,13,-1,-1,-1,-1],"loss_changes":[5.0245142E2,1.1714037E2,3.1987E0,4.481613E0,1.1726069E1,0E0,0E0,0E0,0E0,5.8962965E-1,2.3851776E-1,0E0,0E0,0E0,0E0],"parents":[2147483647,0,0,1,1,2,2,3,3,4,4,9,9,10,10],"right_children":[2,4,6,8,10,-1,-1,-1,-1,12,14,-1,-1,-1,-1],"split_conditions":[9.019828E-1,2.0000213E-1,1E0,1.000674E-1,7.0013463E-1,3.7908936E-1,1.450354E0,-9.553345E-1,-2.3579101E-1,4.000256E-1,7.9990894E-1,-1.619629E-1,-4.497477E-2,4.2016603E-2,1.7823486E-1],"split_indices":[0,0,0,0,0,0,0,0,0,0,0,0,0,0,0],"split_type":[0,0,0,0,0,0,0,0,0,0,0,0,0,0,0],"sum_hessian":[9E0,7E0,2E0,2E0,5E0,1E0,1E0,1E0,1E0,3E0,2E0,1E0,2E0,1E0,1E0],"tree_param":{"num_deleted":"0","num_feature":"2","num_nodes":"15","size_leaf_vector":"1"}},{"base_weights":[1.1976074E0,-2.8479004E0,1.1586426E1,-7.5437827E0,-2.5309244E-2,3.6013183E-1,1.377832E0,-9.075684E-1,-2.2399902E-1,-1.0841675E0,1.3949381E0,-1.5386353E-1,-4.197998E-2,3.9916992E-2,1.6932373E-1],"categories":[],"categories_nodes":[],"categories_segments":[],"categories_sizes":[],"default_left":[0,0,0,0,0,0,0,0,0,0,0,0,0,0,0],"id":78,"left_children":[1,3,5,7,9,-1,-1,-1,-1,11,13,-1,-1,-1,-1],"loss_changes":[4.5327747E2,1.0584552E2,2.8874207E0,4.045212E0,1.0535391E1,0E0,0E0,0E0,0E0,5.618162E-1,2.1522093E-1,0E0,0E0,0E0,0E0],"parents":[2147483647,0,0,1,1,2,2,3,3,4,4,9,9,10,10],"right_children":[2,4,6,8,10,-1,-1,-1,-1,12,14,-1,-1,-1,-1],"split_conditions":[9.019828E-1,2.0000213E-1,1E0,1.000674E-1,7.0013463E-1,3.6013183E-1,1.377832E0,-9.075684E-1,-2.2399902E-1,4.000256E-1,7.9990894E-1,-1.5386353E-1,-4.197998E-2,3.9916992E-2,1.6932373E-1],"split_indices":[0,0,0,0,0,0,0,0,0,0,0,0,0,0,0],"split_type":[0,0,0,0,0,0,0,0,0,0,0,0,0,0,0],"sum_hessian":[9E0,7E0,2E0,2E0,5E0,1E0,1E0,1E0,1E0,3E0,2E0,1E0,2E0,1E0,1E0],"tree_param":{"num_deleted":"0","num_feature":"2","num_nodes":"15","size_leaf_vector":"1"}},{"base_weights":[1.139795E0,-2.7029114E0,1.100708E1,-7.1665854E0,-2.0589193E-2,3.4212646E-1,1.3089355E0,-8.6218876E-1,-2.1279907E-1,-1.0247192E0,1.3251139E0,-1.461731E-1,-3.9180502E-2,3.791504E-2,1.6085206E-1],"categories":[],"categories_nodes":[],"categories_segments":[],"categories_sizes":[],"default_left":[0,0,0,0,0,0,0,0,0,0,0,0,0,0,0],"id":79,"left_children":[1,3,5,7,9,-1,-1,-1,-1,11,13,-1,-1,-1,-1],"loss_changes":[4.0892194E2,9.563654E1,2.6051025E0,3.6507263E0,9.465436E0,0E0,0E0,0E0,0E0,5.336504E-1,1.9440556E-1,0E0,0E0,0E0,0E0],"parents":[2147483647,0,0,1,1,2,2,3,3,4,4,9,9,10,10],"right_children":[2,4,6,8,10,-1,-1,-1,-1,12,14,-1,-1,-1,-1],"split_conditions":[9.019828E-1,2.0000213E-1,1E0,1.000674E-1,7.0013463E-1,3.4212646E-1,1.3089355E0,-8.6218876E-1,-2.1279907E-1,4.000256E-1,7.9990894E-1,-1.461731E-1,-3.9180502E-2,3.791504E-2,1.6085206E-1],"split_indices":[0,0,0,0,0,0,0,0,0,0,0,0,0,0,0],"split_type":[0,0,0,0,0,0,0,0,0,0,0,0,0,0,0],"sum_hessian":[9E0,7E0,2E0,2E0,5E0,1E0,1E0,1E0,1E0,3E0,2E0,1E0,2E0,1E0,1E0],"tree_param":{"num_deleted":"0","num_feature":"2","num_nodes":"15","size_leaf_vector":"1"}},{"base_weights":[1.0847657E0,-2.5653381E0,1.0456787E1,-6.808268E0,-1.6316732E-2,3.2502443E-1,1.2434937E0,-8.190796E-1,-2.0216064E-1,-9.686279E-1,1.2588705E0,-1.3886718E-1,-3.6572266E-2,3.602295E-2,1.5280762E-1],"categories":[],"categories_nodes":[],"categories_segments":[],"categories_sizes":[],"default_left":[0,0,0,0,0,0,0,0,0,0,0,0,0,0,0],"id":80,"left_children":[1,3,5,7,9,-1,-1,-1,-1,11,13,-1,-1,-1,-1],"loss_changes":[3.689137E2,8.641147E1,2.3502808E0,3.29451E0,8.505628E0,0E0,0E0,0E0,0E0,5.0511837E-1,1.7529964E-1,0E0,0E0,0E0,0E0],"parents":[2147483647,0,0,1,1,2,2,3,3,4,4,9,9,10,10],"right_children":[2,4,6,8,10,-1,-1,-1,-1,12,14,-1,-1,-1,-1],"split_conditions":[9.019828E-1,2.0000213E-1,1E0,1.000674E-1,7.0013463E-1,3.2502443E-1,1.2434937E0,-8.190796E-1,-2.0216064E-1,4.000256E-1,7.9990894E-1,-1.3886718E-1,-3.6572266E-2,3.602295E-2,1.5280762E-1],"split_indices":[0,0,0,0,0,0,0,0,0,0,0,0,0,0,0],"split_type":[0,0,0,0,0,0,0,0,0,0,0,0,0,0,0],"sum_hessian":[9E0,7E0,2E0,2E0,5E0,1E0,1E0,1E0,1E0,3E0,2E0,1E0,2E0,1E0,1E0],"tree_param":{"num_deleted":"0","num_feature":"2","num_nodes":"15","size_leaf_vector":"1"}},{"base_weights":[1.0323731E0,-2.434784E0,9.934001E0,-6.467855E0,-1.2451172E-2,3.0877686E-1,1.1813233E0,-7.78125E-1,-1.9205323E-1,-9.155884E-1,1.1958822E0,-1.319214E-1,-3.413086E-2,3.421631E-2,1.4516602E-1],"categories":[],"categories_nodes":[],"categories_segments":[],"categories_sizes":[],"default_left":[0,0,0,0,0,0,0,0,0,0,0,0,0,0,0],"id":81,"left_children":[1,3,5,7,9,-1,-1,-1,-1,11,13,-1,-1,-1,-1],"loss_changes":[3.3282056E2,7.8075E1,2.120453E0,2.9731522E0,7.6426806E0,0E0,0E0,0E0,0E0,4.769168E-1,1.5838337E-1,0E0,0E0,0E0,0E0],"parents":[2147483647,0,0,1,1,2,2,3,3,4,4,9,9,10,10],"right_children":[2,4,6,8,10,-1,-1,-1,-1,12,14,-1,-1,-1,-1],"split_conditions":[9.019828E-1,2.0000213E-1,1E0,1.000674E-1,7.0013463E-1,3.0877686E-1,1.1813233E0,-7.78125E-1,-1.9205323E-1,4.000256E-1,7.9990894E-1,-1.319214E-1,-3.413086E-2,3.421631E-2,1.4516602E-1],"split_indices":[0,0,0,0,0,0,0,0,0,0,0,0,0,0,0],"split_type":[0,0,0,0,0,0,0,0,0,0,0,0,0,0,0],"sum_hessian":[9E0,7E0,2E0,2E0,5E0,1E0,1E0,1E0,1E0,3E0,2E0,1E0,2E0,1E0,1E0],"tree_param":{"num_deleted":"0","num_feature":"2","num_nodes":"15","size_leaf_vector":"1"}},{"base_weights":[9.824463E-1,-2.310913E0,9.437256E0,-6.1444907E0,-8.972168E-3,2.9333496E-1,1.1222534E0,-7.392212E-1,-1.824524E-1,-8.6550903E-1,1.1360677E0,-1.2532349E-1,-3.185221E-2,3.2507326E-2,1.3790284E-1],"categories":[],"categories_nodes":[],"categories_segments":[],"categories_sizes":[],"default_left":[0,0,0,0,0,0,0,0,0,0,0,0,0,0,0],"id":82,"left_children":[1,3,5,7,9,-1,-1,-1,-1,11,13,-1,-1,-1,-1],"loss_changes":[3.0025595E2,7.054222E1,1.9142456E0,2.6830826E0,6.86789E0,0E0,0E0,0E0,0E0,4.491408E-1,1.4283395E-1,0E0,0E0,0E0,0E0],"parents":[2147483647,0,0,1,1,2,2,3,3,4,4,9,9,10,10],"right_children":[2,4,6,8,10,-1,-1,-1,-1,12,14,-1,-1,-1,-1],"split_conditions":[9.019828E-1,2.0000213E-1,1E0,1.000674E-1,7.0013463E-1,2.9333496E-1,1.1222534E0,-7.392212E-1,-1.824524E-1,4.000256E-1,7.9990894E-1,-1.2532349E-1,-3.185221E-2,3.2507326E-2,1.3790284E-1],"split_indices":[0,0,0,0,0,0,0,0,0,0,0,0,0,0,0],"split_type":[0,0,0,0,0,0,0,0,0,0,0,0,0,0,0],"sum_hessian":[9E0,7E0,2E0,2E0,5E0,1E0,1E0,1E0,1E0,3E0,2E0,1E0,2E0,1E0,1E0],"tree_param":{"num_deleted":"0","num_feature":"2","num_nodes":"15","size_leaf_vector":"1"}},{"base_weights":[9.348999E-1,-2.1933746E0,8.965332E0,-5.8372397E0,-5.87972E-3,2.7866212E-1,1.0661377E0,-7.022583E-1,-1.7332764E-1,-8.182678E-1,1.0792643E0,-1.19055174E-1,-2.973226E-2,3.0883789E-2,1.3100587E-1],"categories":[],"categories_nodes":[],"categories_segments":[],"categories_sizes":[],"default_left":[0,0,0,0,0,0,0,0,0,0,0,0,0,0,0],"id":83,"left_children":[1,3,5,7,9,-1,-1,-1,-1,11,13,-1,-1,-1,-1],"loss_changes":[2.7087827E2,6.3733162E1,1.7288971E0,2.4217453E0,6.172476E0,0E0,0E0,0E0,0E0,4.217801E-1,1.2883425E-1,0E0,0E0,0E0,0E0],"parents":[2147483647,0,0,1,1,2,2,3,3,4,4,9,9,10,10],"right_children":[2,4,6,8,10,-1,-1,-1,-1,12,14,-1,-1,-1,-1],"split_conditions":[9.019828E-1,2.0000213E-1,1E0,1.000674E-1,7.0013463E-1,2.7866212E-1,1.0661377E0,-7.022583E-1,-1.7332764E-1,4.000256E-1,7.9990894E-1,-1.19055174E-1,-2.973226E-2,3.0883789E-2,1.3100587E-1],"split_indices":[0,0,0,0,0,0,0,0,0,0,0,0,0,0,0],"split_type":[0,0,0,0,0,0,0,0,0,0,0,0,0,0,0],"sum_hessian":[9E0,7E0,2E0,2E0,5E0,1E0,1E0,1E0,1E0,3E0,2E0,1E0,2E0,1E0,1E0],"tree_param":{"num_deleted":"0","num_feature":"2","num_nodes":"15","size_leaf_vector":"1"}},{"base_weights":[8.8966066E-1,-2.081833E0,8.51709E0,-5.5453696E0,-3.092448E-3,2.6473388E-1,1.0128297E0,-6.671448E-1,-1.6466065E-1,-7.736206E-1,1.0253092E0,-1.1310425E-1,-2.7746582E-2,2.9345704E-2,1.2445068E-1],"categories":[],"categories_nodes":[],"categories_segments":[],"categories_sizes":[],"default_left":[0,0,0,0,0,0,0,0,0,0,0,0,0,0,0],"id":84,"left_children":[1,3,5,7,9,-1,-1,-1,-1,11,13,-1,-1,-1,-1],"loss_changes":[2.4437971E2,5.75812E1,1.5590973E0,2.1856918E0,5.547675E0,0E0,0E0,0E0,0E0,3.9552045E-1,1.16051435E-1,0E0,0E0,0E0,0E0],"parents":[2147483647,0,0,1,1,2,2,3,3,4,4,9,9,10,10],"right_children":[2,4,6,8,10,-1,-1,-1,-1,12,14,-1,-1,-1,-1],"split_conditions":[9.019828E-1,2.0000213E-1,1E0,1.000674E-1,7.0013463E-1,2.6473388E-1,1.0128297E0,-6.671448E-1,-1.6466065E-1,4.000256E-1,7.9990894E-1,-1.1310425E-1,-2.7746582E-2,2.9345704E-2,1.2445068E-1],"split_indices":[0,0,0,0,0,0,0,0,0,0,0,0,0,0,0],"split_type":[0,0,0,0,0,0,0,0,0,0,0,0,0,0,0],"sum_hessian":[9E0,7E0,2E0,2E0,5E0,1E0,1E0,1E0,1E0,3E0,2E0,1E0,2E0,1E0,1E0],"tree_param":{"num_deleted":"0","num_feature":"2","num_nodes":"15","size_leaf_vector":"1"}},{"base_weights":[8.4656984E-1,-1.9759979E0,8.091228E0,-5.268107E0,-6.1035156E-4,2.5150147E-1,9.6218264E-1,-6.3378906E-1,-1.5642701E-1,-7.314453E-1,9.7403973E-1,-1.0744629E-1,-2.5895182E-2,2.788086E-2,1.182251E-1],"categories":[],"categories_nodes":[],"categories_segments":[],"categories_sizes":[],"default_left":[0,0,0,0,0,0,0,0,0,0,0,0,0,0,0],"id":85,"left_children":[1,3,5,7,9,-1,-1,-1,-1,11,13,-1,-1,-1,-1],"loss_changes":[2.204736E2,5.2022316E1,1.4058075E0,1.9727402E0,4.9863067E0,0E0,0E0,0E0,0E0,3.7005997E-1,1.0464311E-1,0E0,0E0,0E0,0E0],"parents":[2147483647,0,0,1,1,2,2,3,3,4,4,9,9,10,10],"right_children":[2,4,6,8,10,-1,-1,-1,-1,12,14,-1,-1,-1,-1],"split_conditions":[9.019828E-1,2.0000213E-1,1E0,1.000674E-1,7.0013463E-1,2.5150147E-1,9.6218264E-1,-6.3378906E-1,-1.5642701E-1,4.000256E-1,7.9990894E-1,-1.0744629E-1,-2.5895182E-2,2.788086E-2,1.182251E-1],"split_indices":[0,0,0,0,0,0,0,0,0,0,0,0,0,0,0],"split_type":[0,0,0,0,0,0,0,0,0,0,0,0,0,0,0],"sum_hessian":[9E0,7E0,2E0,2E0,5E0,1E0,1E0,1E0,1E0,3E0,2E0,1E0,2E0,1E0,1E0],"tree_param":{"num_deleted":"0","num_feature":"2","num_nodes":"15","size_leaf_vector":"1"}},{"base_weights":[8.05542E-1,-1.8755798E0,7.686686E0,-5.00472E0,1.5869141E-3,2.3892823E-1,9.140747E-1,-6.020996E-1,-1.486084E-1,-6.916504E-1,9.253743E-1,-1.020752E-1,-2.4169922E-2,2.6489258E-2,1.123169E-1],"categories":[],"categories_nodes":[],"categories_segments":[],"categories_sizes":[],"default_left":[0,0,0,0,0,0,0,0,0,0,0,0,0,0,0],"id":86,"left_children":[1,3,5,7,9,-1,-1,-1,-1,11,13,-1,-1,-1,-1],"loss_changes":[1.9890884E2,4.699929E1,1.2684326E0,1.780014E0,4.482459E0,0E0,0E0,0E0,0E0,3.4560347E-1,9.439993E-2,0E0,0E0,0E0,0E0],"parents":[2147483647,0,0,1,1,2,2,3,3,4,4,9,9,10,10],"right_children":[2,4,6,8,10,-1,-1,-1,-1,12,14,-1,-1,-1,-1],"split_conditions":[9.019828E-1,2.0000213E-1,1E0,1.000674E-1,7.0013463E-1,2.3892823E-1,9.140747E-1,-6.020996E-1,-1.486084E-1,4.000256E-1,7.9990894E-1,-1.020752E-1,-2.4169922E-2,2.6489258E-2,1.123169E-1],"split_indices":[0,0,0,0,0,0,0,0,0,0,0,0,0,0,0],"split_type":[0,0,0,0,0,0,0,0,0,0,0,0,0,0,0],"sum_hessian":[9E0,7E0,2E0,2E0,5E0,1E0,1E0,1E0,1E0,3E0,2E0,1E0,2E0,1E0,1E0],"tree_param":{"num_deleted":"0","num_feature":"2","num_nodes":"15","size_leaf_vector":"1"}},{"base_weights":[7.664673E-1,-1.7802887E0,7.3023276E0,-4.7545166E0,3.540039E-3,2.2697754E-1,8.683716E-1,-5.719971E-1,-1.4118043E-1,-6.5405273E-1,8.791504E-1,-9.697266E-2,-2.2558594E-2,2.5170898E-2,1.06701665E-1],"categories":[],"categories_nodes":[],"categories_segments":[],"categories_sizes":[],"default_left":[0,0,0,0,0,0,0,0,0,0,0,0,0,0,0],"id":87,"left_children":[1,3,5,7,9,-1,-1,-1,-1,11,13,-1,-1,-1,-1],"loss_changes":[1.7945267E2,4.2460938E1,1.1456299E0,1.6062241E0,4.029781E0,0E0,0E0,0E0,0E0,3.2226634E-1,8.504748E-2,0E0,0E0,0E0,0E0],"parents":[2147483647,0,0,1,1,2,2,3,3,4,4,9,9,10,10],"right_children":[2,4,6,8,10,-1,-1,-1,-1,12,14,-1,-1,-1,-1],"split_conditions":[9.019828E-1,2.0000213E-1,1E0,1.000674E-1,7.0013463E-1,2.2697754E-1,8.683716E-1,-5.719971E-1,-1.4118043E-1,4.000256E-1,7.9990894E-1,-9.697266E-2,-2.2558594E-2,2.5170898E-2,1.06701665E-1],"split_indices":[0,0,0,0,0,0,0,0,0,0,0,0,0,0,0],"split_type":[0,0,0,0,0,0,0,0,0,0,0,0,0,0,0],"sum_hessian":[9E0,7E0,2E0,2E0,5E0,1E0,1E0,1E0,1E0,3E0,2E0,1E0,2E0,1E0,1E0],"tree_param":{"num_deleted":"0","num_feature":"2","num_nodes":"15","size_leaf_vector":"1"}},{"base_weights":[7.2926027E-1,-1.6898651E0,6.9371743E0,-4.516764E0,5.228678E-3,2.15625E-1,8.249512E-1,-5.43396E-1,-1.3411866E-1,-6.185608E-1,8.352051E-1,-9.212647E-2,-2.1057129E-2,2.3913575E-2,1.0136719E-1],"categories":[],"categories_nodes":[],"categories_segments":[],"categories_sizes":[],"default_left":[0,0,0,0,0,0,0,0,0,0,0,0,0,0,0],"id":88,"left_children":[1,3,5,7,9,-1,-1,-1,-1,11,13,-1,-1,-1,-1],"loss_changes":[1.6190012E2,3.835849E1,1.0345459E0,1.4499245E0,3.6230083E0,0E0,0E0,0E0,0E0,3.0000806E-1,7.673049E-2,0E0,0E0,0E0,0E0],"parents":[2147483647,0,0,1,1,2,2,3,3,4,4,9,9,10,10],"right_children":[2,4,6,8,10,-1,-1,-1,-1,12,14,-1,-1,-1,-1],"split_conditions":[9.019828E-1,2.0000213E-1,1E0,1.000674E-1,7.0013463E-1,2.15625E-1,8.249512E-1,-5.43396E-1,-1.3411866E-1,4.000256E-1,7.9990894E-1,-9.212647E-2,-2.1057129E-2,2.3913575E-2,1.0136719E-1],"split_indices":[0,0,0,0,0,0,0,0,0,0,0,0,0,0,0],"split_type":[0,0,0,0,0,0,0,0,0,0,0,0,0,0,0],"sum_hessian":[9E0,7E0,2E0,2E0,5E0,1E0,1E0,1E0,1E0,3E0,2E0,1E0,2E0,1E0,1E0],"tree_param":{"num_deleted":"0","num_feature":"2","num_nodes":"15","size_leaf_vector":"1"}},{"base_weights":[6.938721E-1,-1.6040344E0,6.590332E0,-4.2908936E0,6.7342124E-3,2.0484619E-1,7.837036E-1,-5.1622313E-1,-1.2741089E-1,-5.8499146E-1,7.9345703E-1,-7.3954266E-1,-6.0668946E-3,2.2717286E-2,9.630127E-2,-8.751831E-2,-2.3413086E-2],"categories":[],"categories_nodes":[],"categories_segments":[],"categories_sizes":[],"default_left":[0,0,0,0,0,0,0,0,0,0,0,0,0,0,0,0,0],"id":89,"left_children":[1,3,5,7,9,-1,-1,-1,-1,11,13,15,-1,-1,-1,-1,-1],"loss_changes":[1.4606624E2,3.465216E1,9.332428E-1,1.3086739E0,3.2573102E0,0E0,0E0,0E0,0E0,2.7927136E-1,6.927979E-2,7.555485E-4,0E0,0E0,0E0,0E0,0E0],"parents":[2147483647,0,0,1,1,2,2,3,3,4,4,9,9,10,10,11,11],"right_children":[2,4,6,8,10,-1,-1,-1,-1,12,14,16,-1,-1,-1,-1,-1],"split_conditions":[9.019828E-1,2.0000213E-1,1E0,1.000674E-1,7.0013463E-1,2.0484619E-1,7.837036E-1,-5.1622313E-1,-1.2741089E-1,4.9979103E-1,7.9990894E-1,4.000256E-1,-6.0668946E-3,2.2717286E-2,9.630127E-2,-8.751831E-2,-2.3413086E-2],"split_indices":[0,0,0,0,0,0,0,0,0,0,0,0,0,0,0,0,0],"split_type":[0,0,0,0,0,0,0,0,0,0,0,0,0,0,0,0,0],"sum_hessian":[9E0,7E0,2E0,2E0,5E0,1E0,1E0,1E0,1E0,3E0,2E0,2E0,1E0,1E0,1E0,1E0,1E0],"tree_param":{"num_deleted":"0","num_feature":"2","num_nodes":"17","size_leaf_vector":"1"}},{"base_weights":[6.592041E-1,-1.5238037E0,6.2608237E0,-4.0763345E0,6.4290366E-3,1.946045E-1,7.4451905E-1,-4.9041137E-1,-1.2103882E-1,-5.557251E-1,7.538249E-1,-7.0255536E-1,-5.761719E-3,2.1582032E-2,9.14917E-2,-8.3142094E-2,-2.224121E-2],"categories":[],"categories_nodes":[],"categories_segments":[],"categories_sizes":[],"default_left":[0,0,0,0,0,0,0,0,0,0,0,0,0,0,0,0,0],"id":90,"left_children":[1,3,5,7,9,-1,-1,-1,-1,11,13,15,-1,-1,-1,-1,-1],"loss_changes":[1.3182407E2,3.127394E1,8.421631E-1,1.1812286E0,2.9398293E0,0E0,0E0,0E0,0E0,2.5206995E-1,6.254721E-2,7.0369244E-4,0E0,0E0,0E0,0E0,0E0],"parents":[2147483647,0,0,1,1,2,2,3,3,4,4,9,9,10,10,11,11],"right_children":[2,4,6,8,10,-1,-1,-1,-1,12,14,16,-1,-1,-1,-1,-1],"split_conditions":[9.019828E-1,2.0000213E-1,1E0,1.000674E-1,7.0013463E-1,1.946045E-1,7.4451905E-1,-4.9041137E-1,-1.2103882E-1,4.9979103E-1,7.9990894E-1,4.000256E-1,-5.761719E-3,2.1582032E-2,9.14917E-2,-8.3142094E-2,-2.224121E-2],"split_indices":[0,0,0,0,0,0,0,0,0,0,0,0,0,0,0,0,0],"split_type":[0,0,0,0,0,0,0,0,0,0,0,0,0,0,0,0,0],"sum_hessian":[9E0,7E0,2E0,2E0,5E0,1E0,1E0,1E0,1E0,3E0,2E0,2E0,1E0,1E0,1E0,1E0,1E0],"tree_param":{"num_deleted":"0","num_feature":"2","num_nodes":"17","size_leaf_vector":"1"}},{"base_weights":[6.2624514E-1,-1.4476013E0,5.947754E0,-3.8725178E0,6.123861E-3,1.8487549E-1,7.072876E-1,-4.6589357E-1,-1.1498413E-1,-5.279236E-1,7.161458E-1,-6.6743976E-1,-5.46875E-3,2.0507812E-2,8.691406E-2,-7.8985594E-2,-2.1130372E-2],"categories":[],"categories_nodes":[],"categories_segments":[],"categories_sizes":[],"default_left":[0,0,0,0,0,0,0,0,0,0,0,0,0,0,0,0,0],"id":91,"left_children":[1,3,5,7,9,-1,-1,-1,-1,11,13,15,-1,-1,-1,-1,-1],"loss_changes":[1.18969894E2,2.8225014E1,7.5961304E-1,1.0664482E0,2.6531827E0,0E0,0E0,0E0,0E0,2.275958E-1,5.6330323E-2,6.158352E-4,0E0,0E0,0E0,0E0,0E0],"parents":[2147483647,0,0,1,1,2,2,3,3,4,4,9,9,10,10,11,11],"right_children":[2,4,6,8,10,-1,-1,-1,-1,12,14,16,-1,-1,-1,-1,-1],"split_conditions":[9.019828E-1,2.0000213E-1,1E0,1.000674E-1,7.0013463E-1,1.8487549E-1,7.072876E-1,-4.6589357E-1,-1.1498413E-1,4.9979103E-1,7.9990894E-1,4.000256E-1,-5.46875E-3,2.0507812E-2,8.691406E-2,-7.8985594E-2,-2.1130372E-2],"split_indices":[0,0,0,0,0,0,0,0,0,0,0,0,0,0,0,0,0],"split_type":[0,0,0,0,0,0,0,0,0,0,0,0,0,0,0,0,0],"sum_hessian":[9E0,7E0,2E0,2E0,5E0,1E0,1E0,1E0,1E0,3E0,2E0,2E0,1E0,1E0,1E0,1E0,1E0],"tree_param":{"num_deleted":"0","num_feature":"2","num_nodes":"17","size_leaf_vector":"1"}},{"base_weights":[5.949341E-1,-1.3752289E0,5.6503906E0,-3.6788738E0,5.79834E-3,1.7563477E-1,6.719238E-1,-4.4259644E-1,-1.0923462E-1,-5.015564E-1,6.8033856E-1,-6.340739E-1,-5.2001956E-3,1.9482423E-2,8.256836E-2,-7.503662E-2,-2.0074463E-2],"categories":[],"categories_nodes":[],"categories_segments":[],"categories_sizes":[],"default_left":[0,0,0,0,0,0,0,0,0,0,0,0,0,0,0,0,0],"id":92,"left_children":[1,3,5,7,9,-1,-1,-1,-1,11,13,15,-1,-1,-1,-1,-1],"loss_changes":[1.0737131E2,2.5472504E1,6.8510437E-1,9.6242523E-1,2.3946152E0,0E0,0E0,0E0,0E0,2.0532227E-1,5.0838113E-2,5.465746E-4,0E0,0E0,0E0,0E0,0E0],"parents":[2147483647,0,0,1,1,2,2,3,3,4,4,9,9,10,10,11,11],"right_children":[2,4,6,8,10,-1,-1,-1,-1,12,14,16,-1,-1,-1,-1,-1],"split_conditions":[9.019828E-1,2.0000213E-1,1E0,1.000674E-1,7.0013463E-1,1.7563477E-1,6.719238E-1,-4.4259644E-1,-1.0923462E-1,4.9979103E-1,7.9990894E-1,4.000256E-1,-5.2001956E-3,1.9482423E-2,8.256836E-2,-7.503662E-2,-2.0074463E-2],"split_indices":[0,0,0,0,0,0,0,0,0,0,0,0,0,0,0,0,0],"split_type":[0,0,0,0,0,0,0,0,0,0,0,0,0,0,0,0,0],"sum_hessian":[9E0,7E0,2E0,2E0,5E0,1E0,1E0,1E0,1E0,3E0,2E0,2E0,1E0,1E0,1E0,1E0,1E0],"tree_param":{"num_deleted":"0","num_feature":"2","num_nodes":"17","size_leaf_vector":"1"}},{"base_weights":[5.6519777E-1,-1.3064728E0,5.36792E0,-3.4949138E0,5.493164E-3,1.6685791E-1,6.383301E-1,-4.2046508E-1,-1.0377198E-1,-4.7650146E-1,6.463216E-1,-6.023763E-1,-4.9438477E-3,1.850586E-2,7.844239E-2,-7.128296E-2,-1.9073486E-2],"categories":[],"categories_nodes":[],"categories_segments":[],"categories_sizes":[],"default_left":[0,0,0,0,0,0,0,0,0,0,0,0,0,0,0,0,0],"id":93,"left_children":[1,3,5,7,9,-1,-1,-1,-1,11,13,15,-1,-1,-1,-1,-1],"loss_changes":[9.6904175E1,2.298848E1,6.176758E-1,8.686333E-1,2.1612284E0,0E0,0E0,0E0,0E0,1.852454E-1,4.5939922E-2,4.400015E-4,0E0,0E0,0E0,0E0,0E0],"parents":[2147483647,0,0,1,1,2,2,3,3,4,4,9,9,10,10,11,11],"right_children":[2,4,6,8,10,-1,-1,-1,-1,12,14,16,-1,-1,-1,-1,-1],"split_conditions":[9.019828E-1,2.0000213E-1,1E0,1.000674E-1,7.0013463E-1,1.6685791E-1,6.383301E-1,-4.2046508E-1,-1.0377198E-1,4.9979103E-1,7.9990894E-1,4.000256E-1,-4.9438477E-3,1.850586E-2,7.844239E-2,-7.128296E-2,-1.9073486E-2],"split_indices":[0,0,0,0,0,0,0,0,0,0,0,0,0,0,0,0,0],"split_type":[0,0,0,0,0,0,0,0,0,0,0,0,0,0,0,0,0],"sum_hessian":[9E0,7E0,2E0,2E0,5E0,1E0,1E0,1E0,1E0,3E0,2E0,2E0,1E0,1E0,1E0,1E0,1E0],"tree_param":{"num_deleted":"0","num_feature":"2","num_nodes":"17","size_leaf_vector":"1"}},{"base_weights":[5.3692627E-1,-1.2411652E0,5.099528E0,-3.3201904E0,5.2083335E-3,1.585205E-1,6.064087E-1,-3.9944458E-1,-9.858399E-2,-4.5269775E-1,6.140137E-1,-5.722656E-1,-4.699707E-3,1.7578125E-2,7.4523926E-2,-6.7718506E-2,-1.8121338E-2],"categories":[],"categories_nodes":[],"categories_segments":[],"categories_sizes":[],"default_left":[0,0,0,0,0,0,0,0,0,0,0,0,0,0,0,0,0],"id":94,"left_children":[1,3,5,7,9,-1,-1,-1,-1,11,13,15,-1,-1,-1,-1,-1],"loss_changes":[8.745659E1,2.074723E1,5.5649567E-1,7.8395844E-1,1.9506166E0,0E0,0E0,0E0,0E0,1.6714025E-1,4.152286E-2,3.7193298E-4,0E0,0E0,0E0,0E0,0E0],"parents":[2147483647,0,0,1,1,2,2,3,3,4,4,9,9,10,10,11,11],"right_children":[2,4,6,8,10,-1,-1,-1,-1,12,14,16,-1,-1,-1,-1,-1],"split_conditions":[9.019828E-1,2.0000213E-1,1E0,1.000674E-1,7.0013463E-1,1.585205E-1,6.064087E-1,-3.9944458E-1,-9.858399E-2,4.9979103E-1,7.9990894E-1,4.000256E-1,-4.699707E-3,1.7578125E-2,7.4523926E-2,-6.7718506E-2,-1.8121338E-2],"split_indices":[0,0,0,0,0,0,0,0,0,0,0,0,0,0,0,0,0],"split_type":[0,0,0,0,0,0,0,0,0,0,0,0,0,0,0,0,0],"sum_hessian":[9E0,7E0,2E0,2E0,5E0,1E0,1E0,1E0,1E0,3E0,2E0,2E0,1E0,1E0,1E0,1E0,1E0],"tree_param":{"num_deleted":"0","num_feature":"2","num_nodes":"17","size_leaf_vector":"1"}},{"base_weights":[5.10083E-1,-1.1791077E0,4.844564E0,-3.1541748E0,4.9438477E-3,1.5059815E-1,5.7608646E-1,-3.794739E-1,-9.3652345E-2,-4.3008423E-1,5.833333E-1,-5.4366046E-1,-4.4677737E-3,1.669922E-2,7.080078E-2,-6.4331055E-2,-1.7218018E-2],"categories":[],"categories_nodes":[],"categories_segments":[],"categories_sizes":[],"default_left":[0,0,0,0,0,0,0,0,0,0,0,0,0,0,0,0,0],"id":95,"left_children":[1,3,5,7,9,-1,-1,-1,-1,11,13,15,-1,-1,-1,-1,-1],"loss_changes":[7.892991E1,1.8724243E1,5.0167847E-1,7.0778084E-1,1.7605765E0,0E0,0E0,0E0,0E0,1.5080255E-1,3.7489533E-2,2.887845E-4,0E0,0E0,0E0,0E0,0E0],"parents":[2147483647,0,0,1,1,2,2,3,3,4,4,9,9,10,10,11,11],"right_children":[2,4,6,8,10,-1,-1,-1,-1,12,14,16,-1,-1,-1,-1,-1],"split_conditions":[9.019828E-1,2.0000213E-1,1E0,1.000674E-1,7.0013463E-1,1.5059815E-1,5.7608646E-1,-3.794739E-1,-9.3652345E-2,4.9979103E-1,7.9990894E-1,4.000256E-1,-4.4677737E-3,1.669922E-2,7.080078E-2,-6.4331055E-2,-1.7218018E-2],"split_indices":[0,0,0,0,0,0,0,0,0,0,0,0,0,0,0,0,0],"split_type":[0,0,0,0,0,0,0,0,0,0,0,0,0,0,0,0,0],"sum_hessian":[9E0,7E0,2E0,2E0,5E0,1E0,1E0,1E0,1E0,3E0,2E0,2E0,1E0,1E0,1E0,1E0,1E0],"tree_param":{"num_deleted":"0","num_feature":"2","num_nodes":"17","size_leaf_vector":"1"}},{"base_weights":[4.8457032E-1,-1.1201477E0,4.602295E0,-2.99646E0,4.699707E-3,1.430664E-1,5.4727787E-1,-3.6049804E-1,-8.897095E-2,-4.0859985E-1,5.541992E-1,-5.164795E-1,-4.248047E-3,1.586914E-2,6.726074E-2,-6.11145E-2,-1.6357422E-2],"categories":[],"categories_nodes":[],"categories_segments":[],"categories_sizes":[],"default_left":[0,0,0,0,0,0,0,0,0,0,0,0,0,0,0,0,0],"id":96,"left_children":[1,3,5,7,9,-1,-1,-1,-1,11,13,15,-1,-1,-1,-1,-1],"loss_changes":[7.1233116E1,1.6898602E1,4.5285416E-1,6.3861656E-1,1.5890932E0,0E0,0E0,0E0,0E0,1.36047E-1,3.375709E-2,2.5629997E-4,0E0,0E0,0E0,0E0,0E0],"parents":[2147483647,0,0,1,1,2,2,3,3,4,4,9,9,10,10,11,11],"right_children":[2,4,6,8,10,-1,-1,-1,-1,12,14,16,-1,-1,-1,-1,-1],"split_conditions":[9.019828E-1,2.0000213E-1,1E0,1.000674E-1,7.0013463E-1,1.430664E-1,5.4727787E-1,-3.6049804E-1,-8.897095E-2,4.9979103E-1,7.9990894E-1,4.000256E-1,-4.248047E-3,1.586914E-2,6.726074E-2,-6.11145E-2,-1.6357422E-2],"split_indices":[0,0,0,0,0,0,0,0,0,0,0,0,0,0,0,0,0],"split_type":[0,0,0,0,0,0,0,0,0,0,0,0,0,0,0,0,0],"sum_hessian":[9E0,7E0,2E0,2E0,5E0,1E0,1E0,1E0,1E0,3E0,2E0,2E0,1E0,1E0,1E0,1E0,1E0],"tree_param":{"num_deleted":"0","num_feature":"2","num_nodes":"17","size_leaf_vector":"1"}},{"base_weights":[4.6031493E-1,-1.0641632E0,4.372152E0,-2.846639E0,4.435221E-3,1.3591309E-1,5.199097E-1,-3.4247437E-1,-8.452149E-2,-3.881836E-1,5.2644855E-1,-4.9064127E-1,-4.0405276E-3,1.5075684E-2,6.3891605E-2,-5.805664E-2,-1.5539551E-2],"categories":[],"categories_nodes":[],"categories_segments":[],"categories_sizes":[],"default_left":[0,0,0,0,0,0,0,0,0,0,0,0,0,0,0,0,0],"id":97,"left_children":[1,3,5,7,9,-1,-1,-1,-1,11,13,15,-1,-1,-1,-1,-1],"loss_changes":[6.428778E1,1.5250632E1,4.0855408E-1,5.7645416E-1,1.4340723E0,0E0,0E0,0E0,0E0,1.227057E-1,3.0438304E-2,2.2363663E-4,0E0,0E0,0E0,0E0,0E0],"parents":[2147483647,0,0,1,1,2,2,3,3,4,4,9,9,10,10,11,11],"right_children":[2,4,6,8,10,-1,-1,-1,-1,12,14,16,-1,-1,-1,-1,-1],"split_conditions":[9.019828E-1,2.0000213E-1,1E0,1.000674E-1,7.0013463E-1,1.3591309E-1,5.199097E-1,-3.4247437E-1,-8.452149E-2,4.9979103E-1,7.9990894E-1,4.000256E-1,-4.0405276E-3,1.5075684E-2,6.3891605E-2,-5.805664E-2,-1.5539551E-2],"split_indices":[0,0,0,0,0,0,0,0,0,0,0,0,0,0,0,0,0],"split_type":[0,0,0,0,0,0,0,0,0,0,0,0,0,0,0,0,0],"sum_hessian":[9E0,7E0,2E0,2E0,5E0,1E0,1E0,1E0,1E0,3E0,2E0,2E0,1E0,1E0,1E0,1E0,1E0],"tree_param":{"num_deleted":"0","num_feature":"2","num_nodes":"17","size_leaf_vector":"1"}},{"base_weights":[4.3728027E-1,-1.0109558E0,4.153483E0,-2.704305E0,4.211426E-3,1.2911378E-1,4.939087E-1,-3.253479E-1,-8.029785E-2,-3.687439E-1,5.0008136E-1,-4.6610513E-1,-3.8330078E-3,1.4318848E-2,6.069336E-2,-5.515137E-2,-1.4764405E-2],"categories":[],"categories_nodes":[],"categories_segments":[],"categories_sizes":[],"default_left":[0,0,0,0,0,0,0,0,0,0,0,0,0,0,0,0,0],"id":98,"left_children":[1,3,5,7,9,-1,-1,-1,-1,11,13,15,-1,-1,-1,-1,-1],"loss_changes":[5.8018383E1,1.376365E1,3.6896133E-1,5.200043E-1,1.294026E0,0E0,0E0,0E0,0E0,1.1081213E-1,2.7498484E-2,1.7017126E-4,0E0,0E0,0E0,0E0,0E0],"parents":[2147483647,0,0,1,1,2,2,3,3,4,4,9,9,10,10,11,11],"right_children":[2,4,6,8,10,-1,-1,-1,-1,12,14,16,-1,-1,-1,-1,-1],"split_conditions":[9.019828E-1,2.0000213E-1,1E0,1.000674E-1,7.0013463E-1,1.2911378E-1,4.939087E-1,-3.253479E-1,-8.029785E-2,4.9979103E-1,7.9990894E-1,4.000256E-1,-3.8330078E-3,1.4318848E-2,6.069336E-2,-5.515137E-2,-1.4764405E-2],"split_indices":[0,0,0,0,0,0,0,0,0,0,0,0,0,0,0,0,0],"split_type":[0,0,0,0,0,0,0,0,0,0,0,0,0,0,0,0,0],"sum_hessian":[9E0,7E0,2E0,2E0,5E0,1E0,1E0,1E0,1E0,3E0,2E0,2E0,1E0,1E0,1E0,1E0,1E0],"tree_param":{"num_deleted":"0","num_feature":"2","num_nodes":"17","size_leaf_vector":"1"}},{"base_weights":[4.1540527E-1,-9.604187E-1,3.9458008E0,-2.5690918E0,3.9876304E-3,1.2265625E-1,4.6921387E-1,-3.0908203E-1,-7.628174E-2,-3.5028076E-1,4.7501627E-1,-4.427897E-1,-3.6376955E-3,1.3598633E-2,5.765381E-2,-5.239258E-2,-1.4025879E-2],"categories":[],"categories_nodes":[],"categories_segments":[],"categories_sizes":[],"default_left":[0,0,0,0,0,0,0,0,0,0,0,0,0,0,0,0,0],"id":99,"left_children":[1,3,5,7,9,-1,-1,-1,-1,11,13,15,-1,-1,-1,-1,-1],"loss_changes":[5.2361652E1,1.2421562E1,3.3320618E-1,4.694214E-1,1.1676124E0,0E0,0E0,0E0,0E0,1.000483E-1,2.4855494E-2,1.5330315E-4,0E0,0E0,0E0,0E0,0E0],"parents":[2147483647,0,0,1,1,2,2,3,3,4,4,9,9,10,10,11,11],"right_children":[2,4,6,8,10,-1,-1,-1,-1,12,14,16,-1,-1,-1,-1,-1],"split_conditions":[9.019828E-1,2.0000213E-1,1E0,1.000674E-1,7.0013463E-1,1.2265625E-1,4.6921387E-1,-3.0908203E-1,-7.628174E-2,4.9979103E-1,7.9990894E-1,4.000256E-1,-3.6376955E-3,1.3598633E-2,5.765381E-2,-5.239258E-2,-1.4025879E-2],"split_indices":[0,0,0,0,0,0,0,0,0,0,0,0,0,0,0,0,0],"split_type":[0,0,0,0,0,0,0,0,0,0,0,0,0,0,0,0,0],"sum_hessian":[9E0,7E0,2E0,2E0,5E0,1E0,1E0,1E0,1E0,3E0,2E0,2E0,1E0,1E0,1E0,1E0,1E0],"tree_param":{"num_deleted":"0","num_feature":"2","num_nodes":"17","size_leaf_vector":"1"}}]},"name":"gbtree"},"learner_model_param":{"base_score":"2.429111E3","boost_from_average":"1","num_class":"0","num_feature":"2","num_target":"1"},"objective":{"name":"reg:squarederror","reg_loss_param":{"scale_pos_weight":"1"}}},"version":[2,0,1]}