{"learner":{"attributes":{"scikit_learn":"{\"_estimator_type\": \"regressor\"}"},"feature_names":[],"feature_types":[],"gradient_booster":{"model":{"gbtree_model_param":{"num_parallel_tree":"1","num_trees":"100"},"iteration_indptr":[0,1,2,3,4,5,6,7,8,9,10,11,12,13,14,15,16,17,18,19,20,21,22,23,24,25,26,27,28,29,30,31,32,33,34,35,36,37,38,39,40,41,42,43,44,45,46,47,48,49,50,51,52,53,54,55,56,57,58,59,60,61,62,63,64,65,66,67,68,69,70,71,72,73,74,75,76,77,78,79,80,81,82,83,84,85,86,87,88,89,90,91,92,93,94,95,96,97,98,99,100],"tree_info":[0,0,0,0,0,0,0,0,0,0,0,0,0,0,0,0,0,0,0,0,0,0,0,0,0,0,0,0,0,0,0,0,0,0,0,0,0,0,0,0,0,0,0,0,0,0,0,0,0,0,0,0,0,0,0,0,0,0,0,0,0,0,0,0,0,0,0,0,0,0,0,0,0,0,0,0,0,0,0,0,0,0,0,0,0,0,0,0,0,0,0,0,0,0,0,0,0,0,0,0],"trees":[{"base_weights":[-5.722046E-7,-2.2885185E1,2.7462223E1,-2.607778E0,-3.4611112E-1,6.538889E-1,3.1058335E0],"categories":[],"categories_nodes":[],"categories_segments":[],"categories_sizes":[],"default_left":[0,0,0,0,0,0,0],"id":0,"left_children":[1,3,5,-1,-1,-1,-1],"loss_changes":[6.913259E3,2.8182056E2,1.7312598E2,0E0,0E0,0E0,0E0],"parents":[2147483647,0,0,1,1,2,2],"right_children":[2,4,6,-1,-1,-1,-1],"split_conditions":[6.003332E-1,4.0210196E-1,7.019761E-1,-2.607778E0,-3.4611112E-1,6.538889E-1,3.1058335E0],"split_indices":[0,0,0,0,0,0,0],"split_type":[0,0,0,0,0,0,0],"sum_hessian":[9E0,5E0,4E0,4E0,1E0,1E0,3E0],"tree_param":{"num_deleted":"0","num_feature":"2","num_nodes":"7","size_leaf_vector":"1"}},{"base_weights":[8.058186E-2,-2.1088984E1,2.5467943E1,-2.6410835E0,-6.9635195E-1,6.211945E-1,2.872896E0],"categories":[],"categories_nodes":[],"categories_segments":[],"categories_sizes":[],"default_left":[0,0,0,0,0,0,0],"id":1,"left_children":[1,3,5,-1,-1,-1,-1],"loss_changes":[5.911487E3,2.671294E2,1.3550781E2,0E0,0E0,0E0,0E0],"parents":[2147483647,0,0,1,1,2,2],"right_children":[2,4,6,-1,-1,-1,-1],"split_conditions":[6.003332E-1,3.0164096E-1,7.019761E-1,-2.6410835E0,-6.9635195E-1,6.211945E-1,2.872896E0],"split_indices":[0,0,0,0,0,0,0],"split_type":[0,0,0,0,0,0,0],"sum_hessian":[9E0,5E0,4E0,3E0,2E0,1E0,3E0],"tree_param":{"num_deleted":"0","num_feature":"2","num_nodes":"7","size_leaf_vector":"1"}},{"base_weights":[8.8189125E-2,-1.9536325E1,2.3619968E1,-2.4430025E0,-6.499286E-1,9.633915E-1,2.97327E0],"categories":[],"categories_nodes":[],"categories_segments":[],"categories_sizes":[],"default_left":[0,0,0,0,0,0,0],"id":2,"left_children":[1,3,5,-1,-1,-1,-1],"loss_changes":[5.079445E3,2.2401831E2,1.4102295E2,0E0,0E0,0E0,0E0],"parents":[2147483647,0,0,1,1,2,2],"right_children":[2,4,6,-1,-1,-1,-1],"split_conditions":[6.003332E-1,3.0164096E-1,9.061565E-1,-2.4430025E0,-6.499286E-1,9.633915E-1,2.97327E0],"split_indices":[0,0,0,0,0,0,0],"split_type":[0,0,0,0,0,0,0],"sum_hessian":[9E0,5E0,4E0,3E0,2E0,2E0,2E0],"tree_param":{"num_deleted":"0","num_feature":"2","num_nodes":"7","size_leaf_vector":"1"}},{"base_weights":[1.6374302E-1,-1.8098183E1,2.2045303E1,-2.2597773E0,-6.066E-1,8.9916545E-1,2.7750518E0],"categories":[],"categories_nodes":[],"categories_segments":[],"categories_sizes":[],"default_left":[0,0,0,0,0,0,0],"id":3,"left_children":[1,3,5,-1,-1,-1,-1],"loss_changes":[4.394974E3,1.8776123E2,1.22846436E2,0E0,0E0,0E0,0E0],"parents":[2147483647,0,0,1,1,2,2],"right_children":[2,4,6,-1,-1,-1,-1],"split_conditions":[6.003332E-1,3.0164096E-1,9.061565E-1,-2.2597773E0,-6.066E-1,8.9916545E-1,2.7750518E0],"split_indices":[0,0,0,0,0,0,0],"split_type":[0,0,0,0,0,0,0],"sum_hessian":[9E0,5E0,4E0,3E0,2E0,2E0,2E0],"tree_param":{"num_deleted":"0","num_feature":"2","num_nodes":"7","size_leaf_vector":"1"}},{"base_weights":[2.2815304E-1,-1.6766092E1,2.0575617E1,-1.9194666E0,-2.311615E-1,8.392211E-1,2.5900486E0],"categories":[],"categories_nodes":[],"categories_segments":[],"categories_sizes":[],"default_left":[0,0,0,0,0,0,0],"id":4,"left_children":[1,3,5,-1,-1,-1,-1],"loss_changes":[3.8028706E3,1.6625171E2,1.0701294E2,0E0,0E0,0E0,0E0],"parents":[2147483647,0,0,1,1,2,2],"right_children":[2,4,6,-1,-1,-1,-1],"split_conditions":[6.003332E-1,4.0210196E-1,9.061565E-1,-1.9194666E0,-2.311615E-1,8.392211E-1,2.5900486E0],"split_indices":[0,0,0,0,0,0,0],"split_type":[0,0,0,0,0,0,0],"sum_hessian":[9E0,5E0,4E0,4E0,1E0,2E0,2E0],"tree_param":{"num_deleted":"0","num_feature":"2","num_nodes":"7","size_leaf_vector":"1"}},{"base_weights":[3.3320218E-1,-1.544792E1,1.9203909E1,-1.9463339E0,-4.9447218E-1,7.832729E-1,2.4173784E0],"categories":[],"categories_nodes":[],"categories_segments":[],"categories_sizes":[],"default_left":[0,0,0,0,0,0,0],"id":5,"left_children":[1,3,5,-1,-1,-1,-1],"loss_changes":[3.2746697E3,1.5680762E2,9.321997E1,0E0,0E0,0E0,0E0],"parents":[2147483647,0,0,1,1,2,2],"right_children":[2,4,6,-1,-1,-1,-1],"split_conditions":[6.003332E-1,3.0164096E-1,9.061565E-1,-1.9463339E0,-4.9447218E-1,7.832729E-1,2.4173784E0],"split_indices":[0,0,0,0,0,0,0],"split_type":[0,0,0,0,0,0,0],"sum_hessian":[9E0,5E0,4E0,3E0,2E0,2E0,2E0],"tree_param":{"num_deleted":"0","num_feature":"2","num_nodes":"7","size_leaf_vector":"1"}},{"base_weights":[3.7586728E-1,-1.4309929E1,1.7923649E1,-1.8003588E0,-4.6150738E-1,7.3105484E-1,2.25622E0],"categories":[],"categories_nodes":[],"categories_segments":[],"categories_sizes":[],"default_left":[0,0,0,0,0,0,0],"id":6,"left_children":[1,3,5,-1,-1,-1,-1],"loss_changes":[2.8335173E3,1.3176904E2,8.120508E1,0E0,0E0,0E0,0E0],"parents":[2147483647,0,0,1,1,2,2],"right_children":[2,4,6,-1,-1,-1,-1],"split_conditions":[6.003332E-1,3.0164096E-1,9.061565E-1,-1.8003588E0,-4.6150738E-1,7.3105484E-1,2.25622E0],"split_indices":[0,0,0,0,0,0,0],"split_type":[0,0,0,0,0,0,0],"sum_hessian":[9E0,5E0,4E0,3E0,2E0,2E0,2E0],"tree_param":{"num_deleted":"0","num_feature":"2","num_nodes":"7","size_leaf_vector":"1"}},{"base_weights":[4.1082096E-1,-1.3255915E1,1.6728739E1,-1.6653321E0,-4.3074033E-1,3.793295E-1,1.9014276E0],"categories":[],"categories_nodes":[],"categories_segments":[],"categories_sizes":[],"default_left":[0,0,0,0,0,0,0],"id":7,"left_children":[1,3,5,-1,-1,-1,-1],"loss_changes":[2.4518816E3,1.10677734E2,7.5695435E1,0E0,0E0,0E0,0E0],"parents":[2147483647,0,0,1,1,2,2],"right_children":[2,4,6,-1,-1,-1,-1],"split_conditions":[6.003332E-1,3.0164096E-1,7.019761E-1,-1.6653321E0,-4.3074033E-1,3.793295E-1,1.9014276E0],"split_indices":[0,0,0,0,0,0,0],"split_type":[0,0,0,0,0,0,0],"sum_hessian":[9E0,5E0,4E0,3E0,2E0,1E0,3E0],"tree_param":{"num_deleted":"0","num_feature":"2","num_nodes":"7","size_leaf_vector":"1"}},{"base_weights":[3.8820744E-1,-1.2279668E1,1.5512016E1,-1.7192729E0,-5.5249553E0,6.062925E-1,1.9790436E0,-6.364824E-1,-1.502674E-1],"categories":[],"categories_nodes":[],"categories_segments":[],"categories_sizes":[],"default_left":[0,0,0,0,0,0,0,0,0],"id":8,"left_children":[1,3,5,-1,7,-1,-1,-1,-1],"loss_changes":[2.1063477E3,1.04128845E2,8.214795E1,0E0,3.9485016E0,0E0,0E0,0E0,0E0],"parents":[2147483647,0,0,1,1,2,2,4,4],"right_children":[2,4,6,-1,8,-1,-1,-1,-1],"split_conditions":[6.003332E-1,1.991945E-1,9.061565E-1,-1.7192729E0,4.0210196E-1,6.062925E-1,1.9790436E0,-6.364824E-1,-1.502674E-1],"split_indices":[0,0,0,0,0,0,0,0,0],"split_type":[0,0,0,0,0,0,0,0,0],"sum_hessian":[9E0,5E0,4E0,2E0,3E0,2E0,2E0,2E0,1E0],"tree_param":{"num_deleted":"0","num_feature":"2","num_nodes":"9","size_leaf_vector":"1"}},{"base_weights":[3.573183E-1,-1.1469372E1,1.4477882E1,-1.6046547E0,-5.169147E0,5.6587297E-1,1.8471075E0,-5.940503E-1,-1.4275399E-1],"categories":[],"categories_nodes":[],"categories_segments":[],"categories_sizes":[],"default_left":[0,0,0,0,0,0,0,0,0],"id":9,"left_children":[1,3,5,-1,7,-1,-1,-1,-1],"loss_changes":[1.8360475E3,9.007648E1,7.156006E1,0E0,3.0641327E0,0E0,0E0,0E0,0E0],"parents":[2147483647,0,0,1,1,2,2,4,4],"right_children":[2,4,6,-1,8,-1,-1,-1,-1],"split_conditions":[6.003332E-1,1.991945E-1,9.061565E-1,-1.6046547E0,4.0210196E-1,5.6587297E-1,1.8471075E0,-5.940503E-1,-1.4275399E-1],"split_indices":[0,0,0,0,0,0,0,0,0],"split_type":[0,0,0,0,0,0,0,0,0],"sum_hessian":[9E0,5E0,4E0,2E0,3E0,2E0,2E0,2E0,1E0],"tree_param":{"num_deleted":"0","num_feature":"2","num_nodes":"9","size_leaf_vector":"1"}},{"base_weights":[3.2873878E-1,-1.0712678E1,1.3512691E1,-1.4976777E0,-4.8364334E0,5.281481E-1,1.723967E0,-5.5444694E-1,-1.356163E-1],"categories":[],"categories_nodes":[],"categories_segments":[],"categories_sizes":[],"default_left":[0,0,0,0,0,0,0,0,0],"id":10,"left_children":[1,3,5,-1,7,-1,-1,-1,-1],"loss_changes":[1.6004521E3,7.7907104E1,6.233673E1,0E0,2.3374252E0,0E0,0E0,0E0,0E0],"parents":[2147483647,0,0,1,1,2,2,4,4],"right_children":[2,4,6,-1,8,-1,-1,-1,-1],"split_conditions":[6.003332E-1,1.991945E-1,9.061565E-1,-1.4976777E0,4.0210196E-1,5.281481E-1,1.723967E0,-5.5444694E-1,-1.356163E-1],"split_indices":[0,0,0,0,0,0,0,0,0],"split_type":[0,0,0,0,0,0,0,0,0],"sum_hessian":[9E0,5E0,4E0,2E0,3E0,2E0,2E0,2E0,1E0],"tree_param":{"num_deleted":"0","num_feature":"2","num_nodes":"9","size_leaf_vector":"1"}},{"base_weights":[3.023018E-1,-1.0006034E1,1.2611844E1,-1.3978326E0,-4.5253057E0,4.9293825E-1,1.6090357E0,-5.174838E-1,-1.2883548E-1],"categories":[],"categories_nodes":[],"categories_segments":[],"categories_sizes":[],"default_left":[0,0,0,0,0,0,0,0,0],"id":11,"left_children":[1,3,5,-1,7,-1,-1,-1,-1],"loss_changes":[1.3951035E3,6.737018E1,5.4302185E1,0E0,1.7429886E0,0E0,0E0,0E0,0E0],"parents":[2147483647,0,0,1,1,2,2,4,4],"right_children":[2,4,6,-1,8,-1,-1,-1,-1],"split_conditions":[6.003332E-1,1.991945E-1,9.061565E-1,-1.3978326E0,4.0210196E-1,4.9293825E-1,1.6090357E0,-5.174838E-1,-1.2883548E-1],"split_indices":[0,0,0,0,0,0,0,0,0],"split_type":[0,0,0,0,0,0,0,0,0],"sum_hessian":[9E0,5E0,4E0,2E0,3E0,2E0,2E0,2E0,1E0],"tree_param":{"num_deleted":"0","num_feature":"2","num_nodes":"9","size_leaf_vector":"1"}},{"base_weights":[2.7785283E-1,-9.346123E0,1.1771052E1,-1.3046438E0,-4.2343554E0,4.6007562E-1,1.5017666E0,-4.8298487E-1,-1.223938E-1],"categories":[],"categories_nodes":[],"categories_segments":[],"categories_sizes":[],"default_left":[0,0,0,0,0,0,0,0,0],"id":12,"left_children":[1,3,5,-1,7,-1,-1,-1,-1],"loss_changes":[1.2161165E3,5.824762E1,4.7303223E1,0E0,1.2593002E0,0E0,0E0,0E0,0E0],"parents":[2147483647,0,0,1,1,2,2,4,4],"right_children":[2,4,6,-1,8,-1,-1,-1,-1],"split_conditions":[6.003332E-1,1.991945E-1,9.061565E-1,-1.3046438E0,4.0210196E-1,4.6007562E-1,1.5017666E0,-4.8298487E-1,-1.223938E-1],"split_indices":[0,0,0,0,0,0,0,0,0],"split_type":[0,0,0,0,0,0,0,0,0],"sum_hessian":[9E0,5E0,4E0,2E0,3E0,2E0,2E0,2E0,1E0],"tree_param":{"num_deleted":"0","num_feature":"2","num_nodes":"9","size_leaf_vector":"1"}},{"base_weights":[2.5524902E-1,-8.729847E0,1.0986315E1,-1.2176675E0,-3.962264E0,2.2769661E-1,1.259441E0,-4.5078585E-1,-1.1627407E-1],"categories":[],"categories_nodes":[],"categories_segments":[],"categories_sizes":[],"default_left":[0,0,0,0,0,0,0,0,0],"id":13,"left_children":[1,3,5,-1,7,-1,-1,-1,-1],"loss_changes":[1.0601053E3,5.0351044E1,4.135028E1,0E0,8.68145E-1,0E0,0E0,0E0,0E0],"parents":[2147483647,0,0,1,1,2,2,4,4],"right_children":[2,4,6,-1,8,-1,-1,-1,-1],"split_conditions":[6.003332E-1,1.991945E-1,7.019761E-1,-1.2176675E0,4.0210196E-1,2.2769661E-1,1.259441E0,-4.5078585E-1,-1.1627407E-1],"split_indices":[0,0,0,0,0,0,0,0,0],"split_type":[0,0,0,0,0,0,0,0,0],"sum_hessian":[9E0,5E0,4E0,2E0,3E0,1E0,3E0,2E0,1E0],"tree_param":{"num_deleted":"0","num_feature":"2","num_nodes":"9","size_leaf_vector":"1"}},{"base_weights":[1.9996643E-1,-8.154317E0,1.0185113E1,-1.1364897E0,-3.7078018E0,3.7983283E-1,1.317686E0,-4.2073342E-1,-1.1046028E-1],"categories":[],"categories_nodes":[],"categories_segments":[],"categories_sizes":[],"default_left":[0,0,0,0,0,0,0,0,0],"id":14,"left_children":[1,3,5,-1,7,-1,-1,-1,-1],"loss_changes":[9.1724005E2,4.351657E1,4.548816E1,0E0,5.540962E-1,0E0,0E0,0E0,0E0],"parents":[2147483647,0,0,1,1,2,2,4,4],"right_children":[2,4,6,-1,8,-1,-1,-1,-1],"split_conditions":[6.003332E-1,1.991945E-1,9.061565E-1,-1.1364897E0,4.0210196E-1,3.7983283E-1,1.317686E0,-4.2073342E-1,-1.1046028E-1],"split_indices":[0,0,0,0,0,0,0,0,0],"split_type":[0,0,0,0,0,0,0,0,0],"sum_hessian":[9E0,5E0,4E0,2E0,3E0,2E0,2E0,2E0,1E0],"tree_param":{"num_deleted":"0","num_feature":"2","num_nodes":"9","size_leaf_vector":"1"}},{"base_weights":[1.8295307E-1,-7.6168323E0,9.506105E0,-1.0607238E0,-3.4698205E0,3.5451075E-1,1.2298402E0,-3.926845E-1,-1.0493737E-1],"categories":[],"categories_nodes":[],"categories_segments":[],"categories_sizes":[],"default_left":[0,0,0,0,0,0,0,0,0],"id":15,"left_children":[1,3,5,-1,7,-1,-1,-1,-1],"loss_changes":[7.995923E2,3.7602295E1,3.9625183E1,0E0,3.0408478E-1,0E0,0E0,0E0,0E0],"parents":[2147483647,0,0,1,1,2,2,4,4],"right_children":[2,4,6,-1,8,-1,-1,-1,-1],"split_conditions":[6.003332E-1,1.991945E-1,9.061565E-1,-1.0607238E0,4.0210196E-1,3.5451075E-1,1.2298402E0,-3.926845E-1,-1.0493737E-1],"split_indices":[0,0,0,0,0,0,0,0,0],"split_type":[0,0,0,0,0,0,0,0,0],"sum_hessian":[9E0,5E0,4E0,2E0,3E0,2E0,2E0,2E0,1E0],"tree_param":{"num_deleted":"0","num_feature":"2","num_nodes":"9","size_leaf_vector":"1"}},{"base_weights":[1.6725826E-1,-7.114873E0,8.872364E0,-9.9000883E-1,-3.2472434E0,3.308768E-1,1.1478505E0,-3.665055E-1,-9.969044E-2],"categories":[],"categories_nodes":[],"categories_segments":[],"categories_sizes":[],"default_left":[0,0,0,0,0,0,0,0,0],"id":16,"left_children":[1,3,5,-1,7,-1,-1,-1,-1],"loss_changes":[6.9704297E2,3.2485077E1,3.4517914E1,0E0,1.07162476E-1,0E0,0E0,0E0,0E0],"parents":[2147483647,0,0,1,1,2,2,4,4],"right_children":[2,4,6,-1,8,-1,-1,-1,-1],"split_conditions":[6.003332E-1,1.991945E-1,9.061565E-1,-9.9000883E-1,4.0210196E-1,3.308768E-1,1.1478505E0,-3.665055E-1,-9.969044E-2],"split_indices":[0,0,0,0,0,0,0,0,0],"split_type":[0,0,0,0,0,0,0,0,0],"sum_hessian":[9E0,5E0,4E0,2E0,3E0,2E0,2E0,2E0,1E0],"tree_param":{"num_deleted":"0","num_feature":"2","num_nodes":"9","size_leaf_vector":"1"}},{"base_weights":[1.5278454E-1,-6.6460867E0,8.280873E0,-9.240082E-1,-3.039069E-1,3.088183E-1,1.0713272E0],"categories":[],"categories_nodes":[],"categories_segments":[],"categories_sizes":[],"default_left":[0,0,0,0,0,0,0],"id":17,"left_children":[1,3,5,-1,-1,-1,-1],"loss_changes":[6.076536E2,2.8058289E1,3.0068909E1,0E0,0E0,0E0,0E0],"parents":[2147483647,0,0,1,1,2,2],"right_children":[2,4,6,-1,-1,-1,-1],"split_conditions":[6.003332E-1,1.991945E-1,9.061565E-1,-9.240082E-1,-3.039069E-1,3.088183E-1,1.0713272E0],"split_indices":[0,0,0,0,0,0,0],"split_type":[0,0,0,0,0,0,0],"sum_hessian":[9E0,5E0,4E0,2E0,3E0,2E0,2E0],"tree_param":{"num_deleted":"0","num_feature":"2","num_nodes":"7","size_leaf_vector":"1"}},{"base_weights":[1.5272903E-1,-6.186131E0,7.7288156E0,-7.797815E-1,-1.9751759E-1,2.882305E-1,9.999054E-1],"categories":[],"categories_nodes":[],"categories_segments":[],"categories_sizes":[],"default_left":[0,0,0,0,0,0,0],"id":18,"left_children":[1,3,5,-1,-1,-1,-1],"loss_changes":[5.2804895E2,2.5318314E1,2.6193329E1,0E0,0E0,0E0,0E0],"parents":[2147483647,0,0,1,1,2,2],"right_children":[2,4,6,-1,-1,-1,-1],"split_conditions":[6.003332E-1,3.0164096E-1,9.061565E-1,-7.797815E-1,-1.9751759E-1,2.882305E-1,9.999054E-1],"split_indices":[0,0,0,0,0,0,0],"split_type":[0,0,0,0,0,0,0],"sum_hessian":[9E0,5E0,4E0,3E0,2E0,2E0,2E0],"tree_param":{"num_deleted":"0","num_feature":"2","num_nodes":"7","size_leaf_vector":"1"}},{"base_weights":[1.6853905E-1,-5.7304015E0,7.2135596E0,-8.1042224E-1,-2.517435E0,2.6901513E-1,9.332448E-1,-2.8923482E-1,-6.963482E-2],"categories":[],"categories_nodes":[],"categories_segments":[],"categories_sizes":[],"default_left":[0,0,0,0,0,0,0,0,0],"id":19,"left_children":[1,3,5,-1,7,-1,-1,-1,-1],"loss_changes":[4.5691815E2,2.5360184E1,2.2817322E1,0E0,7.1691513E-1,0E0,0E0,0E0,0E0],"parents":[2147483647,0,0,1,1,2,2,4,4],"right_children":[2,4,6,-1,8,-1,-1,-1,-1],"split_conditions":[6.003332E-1,1.991945E-1,9.061565E-1,-8.1042224E-1,4.0210196E-1,2.6901513E-1,9.332448E-1,-2.8923482E-1,-6.963482E-2],"split_indices":[0,0,0,0,0,0,0,0,0],"split_type":[0,0,0,0,0,0,0,0,0],"sum_hessian":[9E0,5E0,4E0,2E0,3E0,2E0,2E0,2E0,1E0],"tree_param":{"num_deleted":"0","num_feature":"2","num_nodes":"9","size_leaf_vector":"1"}},{"base_weights":[1.5498237E-1,-5.3522434E0,6.732657E0,-7.563941E-1,-2.3554096E0,1.1974754E-1,7.8170836E-1,-2.699525E-1,-6.615315E-2],"categories":[],"categories_nodes":[],"categories_segments":[],"categories_sizes":[],"default_left":[0,0,0,0,0,0,0,0,0],"id":20,"left_children":[1,3,5,-1,7,-1,-1,-1,-1],"loss_changes":[3.982822E2,2.1952362E1,2.0651718E1,0E0,5.457401E-1,0E0,0E0,0E0,0E0],"parents":[2147483647,0,0,1,1,2,2,4,4],"right_children":[2,4,6,-1,8,-1,-1,-1,-1],"split_conditions":[6.003332E-1,1.991945E-1,7.019761E-1,-7.563941E-1,4.0210196E-1,1.1974754E-1,7.8170836E-1,-2.699525E-1,-6.615315E-2],"split_indices":[0,0,0,0,0,0,0,0,0],"split_type":[0,0,0,0,0,0,0,0,0],"sum_hessian":[9E0,5E0,4E0,2E0,3E0,1E0,3E0,2E0,1E0],"tree_param":{"num_deleted":"0","num_feature":"2","num_nodes":"9","size_leaf_vector":"1"}},{"base_weights":[1.2038002E-1,-4.999102E0,6.2396827E0,-7.059678E-1,-2.203895E0,2.2103234E-1,8.1891483E-1,-2.5195572E-1,-6.2845424E-2],"categories":[],"categories_nodes":[],"categories_segments":[],"categories_sizes":[],"default_left":[0,0,0,0,0,0,0,0,0],"id":21,"left_children":[1,3,5,-1,7,-1,-1,-1,-1],"loss_changes":[3.444694E2,1.8999634E1,2.1174835E1,0E0,4.0580368E-1,0E0,0E0,0E0,0E0],"parents":[2147483647,0,0,1,1,2,2,4,4],"right_children":[2,4,6,-1,8,-1,-1,-1,-1],"split_conditions":[6.003332E-1,1.991945E-1,9.061565E-1,-7.059678E-1,4.0210196E-1,2.2103234E-1,8.1891483E-1,-2.5195572E-1,-6.2845424E-2],"split_indices":[0,0,0,0,0,0,0,0,0],"split_type":[0,0,0,0,0,0,0,0,0],"sum_hessian":[9E0,5E0,4E0,2E0,3E0,2E0,2E0,2E0,1E0],"tree_param":{"num_deleted":"0","num_feature":"2","num_nodes":"9","size_leaf_vector":"1"}},{"base_weights":[1.1026001E-1,-4.6693196E0,5.823704E0,-7.5667745E-1,-2.576474E0,2.0629692E-1,7.643204E-1,-2.9220772E-1,-5.9703063E-2],"categories":[],"categories_nodes":[],"categories_segments":[],"categories_sizes":[],"default_left":[0,0,0,0,0,0,0,0,0],"id":22,"left_children":[1,3,5,-1,7,-1,-1,-1,-1],"loss_changes":[3.0027133E2,1.6887955E1,1.8445602E1,0E0,1.6759377E0,0E0,0E0,0E0,0E0],"parents":[2147483647,0,0,1,1,2,2,4,4],"right_children":[2,4,6,-1,8,-1,-1,-1,-1],"split_conditions":[6.003332E-1,9.9252E-2,9.061565E-1,-7.5667745E-1,4.0210196E-1,2.0629692E-1,7.643204E-1,-2.9220772E-1,-5.9703063E-2],"split_indices":[0,0,0,0,0,0,0,0,0],"split_type":[0,0,0,0,0,0,0,0,0],"sum_hessian":[9E0,5E0,4E0,1E0,4E0,2E0,2E0,3E0,1E0],"tree_param":{"num_deleted":"0","num_feature":"2","num_nodes":"9","size_leaf_vector":"1"}},{"base_weights":[8.543682E-2,-4.3871527E0,5.4354568E0,-7.188436E-1,-2.389209E0,1.9254379E-1,7.1336573E-1,-2.702922E-1,-5.6717873E-2],"categories":[],"categories_nodes":[],"categories_segments":[],"categories_sizes":[],"default_left":[0,0,0,0,0,0,0,0,0],"id":23,"left_children":[1,3,5,-1,7,-1,-1,-1,-1],"loss_changes":[2.631306E2,1.640615E1,1.6068146E1,0E0,1.3249302E0,0E0,0E0,0E0,0E0],"parents":[2147483647,0,0,1,1,2,2,4,4],"right_children":[2,4,6,-1,8,-1,-1,-1,-1],"split_conditions":[6.003332E-1,9.9252E-2,9.061565E-1,-7.188436E-1,4.0210196E-1,1.9254379E-1,7.1336573E-1,-2.702922E-1,-5.6717873E-2],"split_indices":[0,0,0,0,0,0,0,0,0],"split_type":[0,0,0,0,0,0,0,0,0],"sum_hessian":[9E0,5E0,4E0,1E0,4E0,2E0,2E0,3E0,1E0],"tree_param":{"num_deleted":"0","num_feature":"2","num_nodes":"9","size_leaf_vector":"1"}},{"base_weights":[6.2899016E-2,-4.122747E0,5.0730944E0,-6.829014E-1,-2.2156906E0,1.7970759E-1,6.6580814E-1,-2.5002033E-1,-5.388203E-2],"categories":[],"categories_nodes":[],"categories_segments":[],"categories_sizes":[],"default_left":[0,0,0,0,0,0,0,0,0],"id":24,"left_children":[1,3,5,-1,7,-1,-1,-1,-1],"loss_changes":[2.306241E2,1.5835037E1,1.3997147E1,0E0,1.0382919E0,0E0,0E0,0E0,0E0],"parents":[2147483647,0,0,1,1,2,2,4,4],"right_children":[2,4,6,-1,8,-1,-1,-1,-1],"split_conditions":[6.003332E-1,9.9252E-2,9.061565E-1,-6.829014E-1,4.0210196E-1,1.7970759E-1,6.6580814E-1,-2.5002033E-1,-5.388203E-2],"split_indices":[0,0,0,0,0,0,0,0,0],"split_type":[0,0,0,0,0,0,0,0,0],"sum_hessian":[9E0,5E0,4E0,1E0,4E0,2E0,2E0,3E0,1E0],"tree_param":{"num_deleted":"0","num_feature":"2","num_nodes":"9","size_leaf_vector":"1"}},{"base_weights":[4.2479802E-2,-3.8749394E0,4.734887E0,-6.487563E-1,-2.054902E0,1.6772704E-1,6.214208E-1,-2.3126881E-1,-5.11879E-2],"categories":[],"categories_nodes":[],"categories_segments":[],"categories_sizes":[],"default_left":[0,0,0,0,0,0,0,0,0],"id":25,"left_children":[1,3,5,-1,7,-1,-1,-1,-1],"loss_changes":[2.0216866E2,1.5199127E1,1.2193069E1,0E0,8.0503273E-1,0E0,0E0,0E0,0E0],"parents":[2147483647,0,0,1,1,2,2,4,4],"right_children":[2,4,6,-1,8,-1,-1,-1,-1],"split_conditions":[6.003332E-1,9.9252E-2,9.061565E-1,-6.487563E-1,4.0210196E-1,1.6772704E-1,6.214208E-1,-2.3126881E-1,-5.11879E-2],"split_indices":[0,0,0,0,0,0,0,0,0],"split_type":[0,0,0,0,0,0,0,0,0],"sum_hessian":[9E0,5E0,4E0,1E0,4E0,2E0,2E0,3E0,1E0],"tree_param":{"num_deleted":"0","num_feature":"2","num_nodes":"9","size_leaf_vector":"1"}},{"base_weights":[2.4025345E-2,-3.6426475E0,4.4192276E0,-6.163185E-1,-1.9059029E0,6.5394975E-2,5.1970595E-1,-2.1392365E-1,-4.8628427E-2],"categories":[],"categories_nodes":[],"categories_segments":[],"categories_sizes":[],"default_left":[0,0,0,0,0,0,0,0,0],"id":26,"left_children":[1,3,5,-1,7,-1,-1,-1,-1],"loss_changes":[1.7725537E2,1.4518753E1,1.1245148E1,0E0,6.159458E-1,0E0,0E0,0E0,0E0],"parents":[2147483647,0,0,1,1,2,2,4,4],"right_children":[2,4,6,-1,8,-1,-1,-1,-1],"split_conditions":[6.003332E-1,9.9252E-2,7.019761E-1,-6.163185E-1,4.0210196E-1,6.5394975E-2,5.1970595E-1,-2.1392365E-1,-4.8628427E-2],"split_indices":[0,0,0,0,0,0,0,0,0],"split_type":[0,0,0,0,0,0,0,0,0],"sum_hessian":[9E0,5E0,4E0,1E0,4E0,1E0,3E0,3E0,1E0],"tree_param":{"num_deleted":"0","num_feature":"2","num_nodes":"9","size_leaf_vector":"1"}},{"base_weights":[-7.754135E-3,-3.4248607E0,4.0943246E0,-5.8550256E-1,-1.7678225E0,1.9478598E-1,6.340092E-1,-1.9787934E-1,-4.6196938E-2],"categories":[],"categories_nodes":[],"categories_segments":[],"categories_sizes":[],"default_left":[0,0,0,0,0,0,0,0,0],"id":27,"left_children":[1,3,5,-1,7,-1,-1,-1,-1],"loss_changes":[1.541949E2,1.3810616E1,1.1752686E1,0E0,4.6334362E-1,0E0,0E0,0E0,0E0],"parents":[2147483647,0,0,1,1,2,2,4,4],"right_children":[2,4,6,-1,8,-1,-1,-1,-1],"split_conditions":[6.003332E-1,9.9252E-2,1E0,-5.8550256E-1,4.0210196E-1,1.9478598E-1,6.340092E-1,-1.9787934E-1,-4.6196938E-2],"split_indices":[0,0,0,0,0,0,0,0,0],"split_type":[0,0,0,0,0,0,0,0,0],"sum_hessian":[9E0,5E0,4E0,1E0,4E0,3E0,1E0,3E0,1E0],"tree_param":{"num_deleted":"0","num_feature":"2","num_nodes":"9","size_leaf_vector":"1"}},{"base_weights":[-7.05719E-3,-3.2206376E0,3.8506508E0,-5.5622745E-1,-1.6398554E0,1.8017702E0,6.023087E-1,-1.8303835E-1,-4.388714E-2,5.2385904E-2,2.0531209E-1],"categories":[],"categories_nodes":[],"categories_segments":[],"categories_sizes":[],"default_left":[0,0,0,0,0,0,0,0,0,0,0],"id":28,"left_children":[1,3,5,-1,7,9,-1,-1,-1,-1,-1],"loss_changes":[1.363721E2,1.3088375E1,1.1403091E1,0E0,3.4080315E-1,2.0927048E-1,0E0,0E0,0E0,0E0,0E0],"parents":[2147483647,0,0,1,1,2,2,4,4,5,5],"right_children":[2,4,6,-1,8,10,-1,-1,-1,-1,-1],"split_conditions":[6.003332E-1,9.9252E-2,1E0,-5.5622745E-1,4.0210196E-1,7.019761E-1,6.023087E-1,-1.8303835E-1,-4.388714E-2,5.2385904E-2,2.0531209E-1],"split_indices":[0,0,0,0,0,0,0,0,0,0,0],"split_type":[0,0,0,0,0,0,0,0,0,0,0],"sum_hessian":[9E0,5E0,4E0,1E0,4E0,3E0,1E0,3E0,1E0,1E0,2E0],"tree_param":{"num_deleted":"0","num_feature":"2","num_nodes":"11","size_leaf_vector":"1"}},{"base_weights":[1.3331414E-3,-3.0290992E0,3.6375854E0,-5.284161E-1,-1.5212549E0,1.6860161E0,5.7219315E-1,-1.693105E-1,-4.1692734E-2,4.976654E-2,1.9162445E-1],"categories":[],"categories_nodes":[],"categories_segments":[],"categories_sizes":[],"default_left":[0,0,0,0,0,0,0,0,0,0,0],"id":29,"left_children":[1,3,5,-1,7,9,-1,-1,-1,-1,-1],"loss_changes":[1.2121278E2,1.2363129E1,1.069146E1,0E0,2.4299335E-1,1.4071941E-1,0E0,0E0,0E0,0E0,0E0],"parents":[2147483647,0,0,1,1,2,2,4,4,5,5],"right_children":[2,4,6,-1,8,10,-1,-1,-1,-1,-1],"split_conditions":[6.003332E-1,9.9252E-2,1E0,-5.284161E-1,4.0210196E-1,7.019761E-1,5.7219315E-1,-1.693105E-1,-4.1692734E-2,4.976654E-2,1.9162445E-1],"split_indices":[0,0,0,0,0,0,0,0,0,0,0],"split_type":[0,0,0,0,0,0,0,0,0,0,0],"sum_hessian":[9E0,5E0,4E0,1E0,4E0,3E0,1E0,3E0,1E0,1E0,2E0],"tree_param":{"num_deleted":"0","num_feature":"2","num_nodes":"11","size_leaf_vector":"1"}},{"base_weights":[8.615494E-3,-2.8494256E0,3.4365418E0,-5.0199527E-1,-1.4113296E0,1.5777607E0,5.4358333E-1,-1.566122E-1,-3.9608E-2,4.7278214E-2,1.7884928E-1],"categories":[],"categories_nodes":[],"categories_segments":[],"categories_sizes":[],"default_left":[0,0,0,0,0,0,0,0,0,0,0],"id":30,"left_children":[1,3,5,-1,7,9,-1,-1,-1,-1,-1],"loss_changes":[1.0776371E2,1.1643749E1,1.0004784E1,0E0,1.6545486E-1,8.5850716E-2,0E0,0E0,0E0,0E0,0E0],"parents":[2147483647,0,0,1,1,2,2,4,4,5,5],"right_children":[2,4,6,-1,8,10,-1,-1,-1,-1,-1],"split_conditions":[6.003332E-1,9.9252E-2,1E0,-5.0199527E-1,4.0210196E-1,7.019761E-1,5.4358333E-1,-1.566122E-1,-3.9608E-2,4.7278214E-2,1.7884928E-1],"split_indices":[0,0,0,0,0,0,0,0,0,0,0],"split_type":[0,0,0,0,0,0,0,0,0,0,0],"sum_hessian":[9E0,5E0,4E0,1E0,4E0,3E0,1E0,3E0,1E0,1E0,2E0],"tree_param":{"num_deleted":"0","num_feature":"2","num_nodes":"11","size_leaf_vector":"1"}},{"base_weights":[1.4903259E-2,-2.6808522E0,3.2468293E0,-4.7689554E-1,-1.3094406E0,1.4765167E0,5.16404E-1,-1.4486627E-1,-3.7627604E-2,4.4914246E-2,1.6692607E-1],"categories":[],"categories_nodes":[],"categories_segments":[],"categories_sizes":[],"default_left":[0,0,0,0,0,0,0,0,0,0,0],"id":31,"left_children":[1,3,5,-1,7,9,-1,-1,-1,-1,-1],"loss_changes":[9.582909E1,1.0937229E1,9.34552E0,0E0,1.0448837E-1,4.2345047E-2,0E0,0E0,0E0,0E0,0E0],"parents":[2147483647,0,0,1,1,2,2,4,4,5,5],"right_children":[2,4,6,-1,8,10,-1,-1,-1,-1,-1],"split_conditions":[6.003332E-1,9.9252E-2,1E0,-4.7689554E-1,4.0210196E-1,7.019761E-1,5.16404E-1,-1.4486627E-1,-3.7627604E-2,4.4914246E-2,1.6692607E-1],"split_indices":[0,0,0,0,0,0,0,0,0,0,0],"split_type":[0,0,0,0,0,0,0,0,0,0,0],"sum_hessian":[9E0,5E0,4E0,1E0,4E0,3E0,1E0,3E0,1E0,1E0,2E0],"tree_param":{"num_deleted":"0","num_feature":"2","num_nodes":"11","size_leaf_vector":"1"}},{"base_weights":[2.0299148E-2,-2.522665E0,3.0677962E0,-4.5305076E-1,-1.214995E0,1.3818264E0,4.905838E-1,-1.3400128E-1,-3.5746194E-2,4.2668533E-2,1.5579782E-1],"categories":[],"categories_nodes":[],"categories_segments":[],"categories_sizes":[],"default_left":[0,0,0,0,0,0,0,0,0,0,0],"id":32,"left_children":[1,3,5,-1,7,9,-1,-1,-1,-1,-1],"loss_changes":[8.523579E1,1.0249031E1,8.715397E0,0E0,5.7030678E-2,8.23307E-3,0E0,0E0,0E0,0E0,0E0],"parents":[2147483647,0,0,1,1,2,2,4,4,5,5],"right_children":[2,4,6,-1,8,10,-1,-1,-1,-1,-1],"split_conditions":[6.003332E-1,9.9252E-2,1E0,-4.5305076E-1,4.0210196E-1,7.019761E-1,4.905838E-1,-1.3400128E-1,-3.5746194E-2,4.2668533E-2,1.5579782E-1],"split_indices":[0,0,0,0,0,0,0,0,0,0,0],"split_type":[0,0,0,0,0,0,0,0,0,0,0],"sum_hessian":[9E0,5E0,4E0,1E0,4E0,3E0,1E0,3E0,1E0,1E0,2E0],"tree_param":{"num_deleted":"0","num_feature":"2","num_nodes":"11","size_leaf_vector":"1"}},{"base_weights":[2.4894238E-2,-2.3741977E0,2.898826E0,-4.3039823E-1,-1.1274445E0,1.2932597E-1,4.6605453E-1,-1.2395115E-1,-3.395882E-2],"categories":[],"categories_nodes":[],"categories_segments":[],"categories_sizes":[],"default_left":[0,0,0,0,0,0,0,0,0],"id":33,"left_children":[1,3,5,-1,7,-1,-1,-1,-1],"loss_changes":[7.583066E1,9.58329E0,8.11549E0,0E0,2.0540714E-2,0E0,0E0,0E0,0E0],"parents":[2147483647,0,0,1,1,2,2,4,4],"right_children":[2,4,6,-1,8,-1,-1,-1,-1],"split_conditions":[6.003332E-1,9.9252E-2,1E0,-4.3039823E-1,4.0210196E-1,1.2932597E-1,4.6605453E-1,-1.2395115E-1,-3.395882E-2],"split_indices":[0,0,0,0,0,0,0,0,0],"split_type":[0,0,0,0,0,0,0,0,0],"sum_hessian":[9E0,5E0,4E0,1E0,4E0,3E0,1E0,3E0,1E0],"tree_param":{"num_deleted":"0","num_feature":"2","num_nodes":"9","size_leaf_vector":"1"}},{"base_weights":[2.3111725E-2,-2.2348297E0,2.728019E0,-4.0887833E-1,-1.0462822E-1,1.1962652E0,4.427517E-1,3.406887E-2,1.3678946E-1],"categories":[],"categories_nodes":[],"categories_segments":[],"categories_sizes":[],"default_left":[0,0,0,0,0,0,0,0,0],"id":34,"left_children":[1,3,5,-1,-1,7,-1,-1,-1],"loss_changes":[6.7171875E1,8.943052E0,7.719578E0,0E0,0E0,1.21341705E-1,0E0,0E0,0E0],"parents":[2147483647,0,0,1,1,2,2,5,5],"right_children":[2,4,6,-1,-1,8,-1,-1,-1],"split_conditions":[6.003332E-1,9.9252E-2,1E0,-4.0887833E-1,-1.0462822E-1,7.019761E-1,4.427517E-1,3.406887E-2,1.3678946E-1],"split_indices":[0,0,0,0,0,0,0,0,0],"split_type":[0,0,0,0,0,0,0,0,0],"sum_hessian":[9E0,5E0,4E0,1E0,4E0,3E0,1E0,1E0,2E0],"tree_param":{"num_deleted":"0","num_feature":"2","num_nodes":"9","size_leaf_vector":"1"}},{"base_weights":[3.0811787E-2,-2.0969307E0,2.5779405E0,-3.884344E-1,-9.6257913E-1,1.1193542E0,4.2061424E-1,-1.0680769E-1,-2.702942E-2,3.236542E-2,1.2767029E-1],"categories":[],"categories_nodes":[],"categories_segments":[],"categories_sizes":[],"default_left":[0,0,0,0,0,0,0,0,0,0,0],"id":35,"left_children":[1,3,5,-1,7,9,-1,-1,-1,-1,-1],"loss_changes":[5.9602093E1,8.426344E0,7.1661987E0,0E0,7.647753E-2,8.759928E-2,0E0,0E0,0E0,0E0,0E0],"parents":[2147483647,0,0,1,1,2,2,4,4,5,5],"right_children":[2,4,6,-1,8,10,-1,-1,-1,-1,-1],"split_conditions":[6.003332E-1,9.9252E-2,1E0,-3.884344E-1,4.0210196E-1,7.019761E-1,4.2061424E-1,-1.0680769E-1,-2.702942E-2,3.236542E-2,1.2767029E-1],"split_indices":[0,0,0,0,0,0,0,0,0,0,0],"split_type":[0,0,0,0,0,0,0,0,0,0,0],"sum_hessian":[9E0,5E0,4E0,1E0,4E0,3E0,1E0,3E0,1E0,1E0,2E0],"tree_param":{"num_deleted":"0","num_feature":"2","num_nodes":"11","size_leaf_vector":"1"}},{"base_weights":[3.3568572E-2,-1.9742826E0,2.4362762E0,-3.6901268E-1,-8.9308834E-1,1.0474281E0,3.9958343E-1,-9.8797105E-2,-2.5677873E-2,3.0747224E-2,1.1915894E-1],"categories":[],"categories_nodes":[],"categories_segments":[],"categories_sizes":[],"default_left":[0,0,0,0,0,0,0,0,0,0,0],"id":36,"left_children":[1,3,5,-1,7,9,-1,-1,-1,-1,-1],"loss_changes":[5.305269E1,7.8353577E0,6.644598E0,0E0,4.8184156E-2,6.031084E-2,0E0,0E0,0E0,0E0,0E0],"parents":[2147483647,0,0,1,1,2,2,4,4,5,5],"right_children":[2,4,6,-1,8,10,-1,-1,-1,-1,-1],"split_conditions":[6.003332E-1,9.9252E-2,1E0,-3.6901268E-1,4.0210196E-1,7.019761E-1,3.9958343E-1,-9.8797105E-2,-2.5677873E-2,3.0747224E-2,1.1915894E-1],"split_indices":[0,0,0,0,0,0,0,0,0,0,0],"split_type":[0,0,0,0,0,0,0,0,0,0,0],"sum_hessian":[9E0,5E0,4E0,1E0,4E0,3E0,1E0,3E0,1E0,1E0,2E0],"tree_param":{"num_deleted":"0","num_feature":"2","num_nodes":"11","size_leaf_vector":"1"}},{"base_weights":[3.5812568E-2,-1.8591026E0,2.3025482E0,-3.5056207E-1,-8.286749E-1,9.801636E-1,3.7960434E-1,-9.138735E-2,-2.4394035E-2,2.92099E-2,1.1121521E-1],"categories":[],"categories_nodes":[],"categories_segments":[],"categories_sizes":[],"default_left":[0,0,0,0,0,0,0,0,0,0,0],"id":37,"left_children":[1,3,5,-1,7,9,-1,-1,-1,-1,-1],"loss_changes":[4.723339E1,7.274687E0,6.154131E0,0E0,2.6162148E-2,3.8407803E-2,0E0,0E0,0E0,0E0,0E0],"parents":[2147483647,0,0,1,1,2,2,4,4,5,5],"right_children":[2,4,6,-1,8,10,-1,-1,-1,-1,-1],"split_conditions":[6.003332E-1,9.9252E-2,1E0,-3.5056207E-1,4.0210196E-1,7.019761E-1,3.7960434E-1,-9.138735E-2,-2.4394035E-2,2.92099E-2,1.1121521E-1],"split_indices":[0,0,0,0,0,0,0,0,0,0,0],"split_type":[0,0,0,0,0,0,0,0,0,0,0],"sum_hessian":[9E0,5E0,4E0,1E0,4E0,3E0,1E0,3E0,1E0,1E0,2E0],"tree_param":{"num_deleted":"0","num_feature":"2","num_nodes":"11","size_leaf_vector":"1"}},{"base_weights":[3.7600707E-2,-1.7509161E0,2.1763008E0,-2.8417447E-1,-4.950657E-2,9.1725445E-1,3.606243E-1,2.7749443E-2,1.0380097E-1],"categories":[],"categories_nodes":[],"categories_segments":[],"categories_sizes":[],"default_left":[0,0,0,0,0,0,0,0,0],"id":38,"left_children":[1,3,5,-1,-1,7,-1,-1,-1],"loss_changes":[4.206153E1,6.8126564E0,5.6939774E0,0E0,0E0,2.0975351E-2,0E0,0E0,0E0],"parents":[2147483647,0,0,1,1,2,2,5,5],"right_children":[2,4,6,-1,-1,8,-1,-1,-1],"split_conditions":[6.003332E-1,1.991945E-1,1E0,-2.8417447E-1,-4.950657E-2,7.019761E-1,3.606243E-1,2.7749443E-2,1.0380097E-1],"split_indices":[0,0,0,0,0,0,0,0,0],"split_type":[0,0,0,0,0,0,0,0,0],"sum_hessian":[9E0,5E0,4E0,2E0,3E0,3E0,1E0,1E0,2E0],"tree_param":{"num_deleted":"0","num_feature":"2","num_nodes":"9","size_leaf_vector":"1"}},{"base_weights":[4.969077E-2,-1.6314377E0,2.0571067E0,-3.1882522E-1,-6.8242437E-1,8.5841846E-1,3.42593E-1,-8.299958E-2,-3.0737815E-2,2.6362037E-2,9.688111E-2],"categories":[],"categories_nodes":[],"categories_segments":[],"categories_sizes":[],"default_left":[0,0,0,0,0,0,0,0,0,0,0],"id":39,"left_children":[1,3,5,-1,7,9,-1,-1,-1,-1,-1],"loss_changes":[3.7103283E1,6.6888876E0,5.2630806E0,0E0,2.1607876E-2,7.2467327E-3,0E0,0E0,0E0,0E0,0E0],"parents":[2147483647,0,0,1,1,2,2,4,4,5,5],"right_children":[2,4,6,-1,8,10,-1,-1,-1,-1,-1],"split_conditions":[6.003332E-1,9.9252E-2,1E0,-3.1882522E-1,3.0164096E-1,7.019761E-1,3.42593E-1,-8.299958E-2,-3.0737815E-2,2.6362037E-2,9.688111E-2],"split_indices":[0,0,0,0,0,0,0,0,0,0,0],"split_type":[0,0,0,0,0,0,0,0,0,0,0],"sum_hessian":[9E0,5E0,4E0,1E0,4E0,3E0,1E0,2E0,2E0,1E0,2E0],"tree_param":{"num_deleted":"0","num_feature":"2","num_nodes":"11","size_leaf_vector":"1"}},{"base_weights":[4.804983E-2,-1.5403876E0,1.9445648E0,-3.0288395E-1,-6.3692933E-1,8.033886E-2,3.254635E-1,-7.746627E-2,-2.8688623E-2],"categories":[],"categories_nodes":[],"categories_segments":[],"categories_sizes":[],"default_left":[0,0,0,0,0,0,0,0,0],"id":40,"left_children":[1,3,5,-1,7,-1,-1,-1,-1],"loss_changes":[3.312034E1,6.139369E0,4.8603687E0,0E0,1.8822908E-2,0E0,0E0,0E0,0E0],"parents":[2147483647,0,0,1,1,2,2,4,4],"right_children":[2,4,6,-1,8,-1,-1,-1,-1],"split_conditions":[6.003332E-1,9.9252E-2,1E0,-3.0288395E-1,3.0164096E-1,8.033886E-2,3.254635E-1,-7.746627E-2,-2.8688623E-2],"split_indices":[0,0,0,0,0,0,0,0,0],"split_type":[0,0,0,0,0,0,0,0,0],"sum_hessian":[9E0,5E0,4E0,1E0,4E0,3E0,1E0,2E0,2E0],"tree_param":{"num_deleted":"0","num_feature":"2","num_nodes":"9","size_leaf_vector":"1"}},{"base_weights":[4.2921923E-2,-1.4545217E0,1.8312699E0,-2.8773975E-1,-5.94467E-1,7.4313545E-1,3.0919036E-1,-7.2301835E-2,-2.6775995E-2,2.1026993E-2,8.506673E-2],"categories":[],"categories_nodes":[],"categories_segments":[],"categories_sizes":[],"default_left":[0,0,0,0,0,0,0,0,0,0,0],"id":41,"left_children":[1,3,5,-1,7,9,-1,-1,-1,-1,-1],"loss_changes":[2.9443121E1,5.6319895E0,4.560993E0,0E0,1.6397715E-2,5.0330162E-2,0E0,0E0,0E0,0E0,0E0],"parents":[2147483647,0,0,1,1,2,2,4,4,5,5],"right_children":[2,4,6,-1,8,10,-1,-1,-1,-1,-1],"split_conditions":[6.003332E-1,9.9252E-2,1E0,-2.8773975E-1,3.0164096E-1,7.019761E-1,3.0919036E-1,-7.2301835E-2,-2.6775995E-2,2.1026993E-2,8.506673E-2],"split_indices":[0,0,0,0,0,0,0,0,0,0,0],"split_type":[0,0,0,0,0,0,0,0,0,0,0],"sum_hessian":[9E0,5E0,4E0,1E0,4E0,3E0,1E0,2E0,2E0,1E0,2E0],"tree_param":{"num_deleted":"0","num_feature":"2","num_nodes":"11","size_leaf_vector":"1"}},{"base_weights":[4.147625E-2,-1.3735393E0,1.7311996E0,-2.7335277E-1,-5.548361E-1,6.953449E-1,2.9373094E-1,-6.748171E-2,-2.4990972E-2,1.9975662E-2,7.9395555E-2],"categories":[],"categories_nodes":[],"categories_segments":[],"categories_sizes":[],"default_left":[0,0,0,0,0,0,0,0,0,0,0],"id":42,"left_children":[1,3,5,-1,7,9,-1,-1,-1,-1,-1],"loss_changes":[2.6287722E1,5.1639013E0,4.2043285E0,0E0,1.4283538E-2,3.6883116E-2,0E0,0E0,0E0,0E0,0E0],"parents":[2147483647,0,0,1,1,2,2,4,4,5,5],"right_children":[2,4,6,-1,8,10,-1,-1,-1,-1,-1],"split_conditions":[6.003332E-1,9.9252E-2,1E0,-2.7335277E-1,3.0164096E-1,7.019761E-1,2.9373094E-1,-6.748171E-2,-2.4990972E-2,1.9975662E-2,7.9395555E-2],"split_indices":[0,0,0,0,0,0,0,0,0,0,0],"split_type":[0,0,0,0,0,0,0,0,0,0,0],"sum_hessian":[9E0,5E0,4E0,1E0,4E0,3E0,1E0,2E0,2E0,1E0,2E0],"tree_param":{"num_deleted":"0","num_feature":"2","num_nodes":"11","size_leaf_vector":"1"}},{"base_weights":[4.005556E-2,-1.2971565E0,1.636699E0,-2.5968513E-1,-5.1784724E-1,6.5065193E-1,2.7904436E-1,-6.298291E-2,-2.3324966E-2,1.8976975E-2,7.4102275E-2],"categories":[],"categories_nodes":[],"categories_segments":[],"categories_sizes":[],"default_left":[0,0,0,0,0,0,0,0,0,0,0],"id":43,"left_children":[1,3,5,-1,7,9,-1,-1,-1,-1,-1],"loss_changes":[2.347356E1,4.7324133E0,3.8726244E0,0E0,1.2441397E-2,2.5977373E-2,0E0,0E0,0E0,0E0,0E0],"parents":[2147483647,0,0,1,1,2,2,4,4,5,5],"right_children":[2,4,6,-1,8,10,-1,-1,-1,-1,-1],"split_conditions":[6.003332E-1,9.9252E-2,1E0,-2.5968513E-1,3.0164096E-1,7.019761E-1,2.7904436E-1,-6.298291E-2,-2.3324966E-2,1.8976975E-2,7.4102275E-2],"split_indices":[0,0,0,0,0,0,0,0,0,0,0],"split_type":[0,0,0,0,0,0,0,0,0,0,0],"sum_hessian":[9E0,5E0,4E0,1E0,4E0,3E0,1E0,2E0,2E0,1E0,2E0],"tree_param":{"num_deleted":"0","num_feature":"2","num_nodes":"11","size_leaf_vector":"1"}},{"base_weights":[3.8662575E-2,-1.2251061E0,1.5474526E0,-2.4670088E-1,-4.8332387E-1,6.0885525E-1,2.650921E-1,-5.3429056E-2,-1.3972855E-2,1.802807E-2,6.916199E-2],"categories":[],"categories_nodes":[],"categories_segments":[],"categories_sizes":[],"default_left":[0,0,0,0,0,0,0,0,0,0,0],"id":44,"left_children":[1,3,5,-1,7,9,-1,-1,-1,-1,-1],"loss_changes":[2.0963411E1,4.334964E0,3.5645342E0,0E0,1.2903929E-2,1.719749E-2,0E0,0E0,0E0,0E0,0E0],"parents":[2147483647,0,0,1,1,2,2,4,4,5,5],"right_children":[2,4,6,-1,8,10,-1,-1,-1,-1,-1],"split_conditions":[6.003332E-1,9.9252E-2,1E0,-2.4670088E-1,4.0210196E-1,7.019761E-1,2.650921E-1,-5.3429056E-2,-1.3972855E-2,1.802807E-2,6.916199E-2],"split_indices":[0,0,0,0,0,0,0,0,0,0,0],"split_type":[0,0,0,0,0,0,0,0,0,0,0],"sum_hessian":[9E0,5E0,4E0,1E0,4E0,3E0,1E0,3E0,1E0,1E0,2E0],"tree_param":{"num_deleted":"0","num_feature":"2","num_nodes":"11","size_leaf_vector":"1"}},{"base_weights":[3.861456E-2,-1.1549462E0,1.4631646E0,-2.3436585E-1,-4.4847202E-1,5.6976795E-1,2.5183755E-1,-5.522216E-2,-1.9523175E-2,1.7126655E-2,6.455129E-2],"categories":[],"categories_nodes":[],"categories_segments":[],"categories_sizes":[],"default_left":[0,0,0,0,0,0,0,0,0,0,0],"id":45,"left_children":[1,3,5,-1,7,9,-1,-1,-1,-1,-1],"loss_changes":[1.8692745E1,3.9877024E0,3.278719E0,0E0,2.355671E-2,1.0183096E-2,0E0,0E0,0E0,0E0,0E0],"parents":[2147483647,0,0,1,1,2,2,4,4,5,5],"right_children":[2,4,6,-1,8,10,-1,-1,-1,-1,-1],"split_conditions":[6.003332E-1,9.9252E-2,1E0,-2.3436585E-1,3.0164096E-1,7.019761E-1,2.5183755E-1,-5.522216E-2,-1.9523175E-2,1.7126655E-2,6.455129E-2],"split_indices":[0,0,0,0,0,0,0,0,0,0,0],"split_type":[0,0,0,0,0,0,0,0,0,0,0],"sum_hessian":[9E0,5E0,4E0,1E0,4E0,3E0,1E0,2E0,2E0,1E0,2E0],"tree_param":{"num_deleted":"0","num_feature":"2","num_nodes":"11","size_leaf_vector":"1"}},{"base_weights":[3.7193157E-2,-1.0909699E0,1.3835503E0,-2.2264755E-1,-4.1857377E-1,2.7446875E-2,2.0314483E-1,-5.154069E-2,-1.82216E-2],"categories":[],"categories_nodes":[],"categories_segments":[],"categories_sizes":[],"default_left":[0,0,0,0,0,0,0,0,0],"id":46,"left_children":[1,3,5,-1,7,-1,-1,-1,-1],"loss_changes":[1.6698515E1,3.6491127E0,3.0352898E0,0E0,2.0520985E-2,0E0,0E0,0E0,0E0],"parents":[2147483647,0,0,1,1,2,2,4,4],"right_children":[2,4,6,-1,8,-1,-1,-1,-1],"split_conditions":[6.003332E-1,9.9252E-2,9.061565E-1,-2.2264755E-1,3.0164096E-1,2.7446875E-2,2.0314483E-1,-5.154069E-2,-1.82216E-2],"split_indices":[0,0,0,0,0,0,0,0,0],"split_type":[0,0,0,0,0,0,0,0,0],"sum_hessian":[9E0,5E0,4E0,1E0,4E0,2E0,2E0,2E0,2E0],"tree_param":{"num_deleted":"0","num_feature":"2","num_nodes":"9","size_leaf_vector":"1"}},{"base_weights":[2.729106E-2,-1.0306079E0,1.2913116E0,-2.1151517E-1,-3.9066887E-1,4.686985E-2,2.2908822E-1,-4.810467E-2,-1.700681E-2],"categories":[],"categories_nodes":[],"categories_segments":[],"categories_sizes":[],"default_left":[0,0,0,0,0,0,0,0,0],"id":47,"left_children":[1,3,5,-1,7,-1,-1,-1,-1],"loss_changes":[1.4702898E1,3.3379273E0,3.0375652E0,0E0,1.7876327E-2,0E0,0E0,0E0,0E0],"parents":[2147483647,0,0,1,1,2,2,4,4],"right_children":[2,4,6,-1,8,-1,-1,-1,-1],"split_conditions":[6.003332E-1,9.9252E-2,1E0,-2.1151517E-1,3.0164096E-1,4.686985E-2,2.2908822E-1,-4.810467E-2,-1.700681E-2],"split_indices":[0,0,0,0,0,0,0,0,0],"split_type":[0,0,0,0,0,0,0,0,0],"sum_hessian":[9E0,5E0,4E0,1E0,4E0,3E0,1E0,2E0,2E0],"tree_param":{"num_deleted":"0","num_feature":"2","num_nodes":"9","size_leaf_vector":"1"}},{"base_weights":[2.4495315E-2,-6.458926E-1,1.8040314E0,-1.6758804E0,-2.3249945E-2,5.2970886E-2,2.1763383E-1,-2.0093942E-1,-5.0442647E-2,-2.035675E-2,2.2492345E-2],"categories":[],"categories_nodes":[],"categories_segments":[],"categories_sizes":[],"default_left":[0,0,0,0,0,0,0,0,0,0,0],"id":48,"left_children":[1,3,5,7,9,-1,-1,-1,-1,-1,-1],"loss_changes":[1.3095005E1,5.091551E0,2.704916E-1,1.584959E-1,3.1428725E-1,0E0,0E0,0E0,0E0,0E0,0E0],"parents":[2147483647,0,0,1,1,2,2,3,3,4,4],"right_children":[2,4,6,8,10,-1,-1,-1,-1,-1,-1],"split_conditions":[9.061565E-1,1.991945E-1,1E0,9.9252E-2,6.003332E-1,5.2970886E-2,2.1763383E-1,-2.0093942E-1,-5.0442647E-2,-2.035675E-2,2.2492345E-2],"split_indices":[0,0,0,0,0,0,0,0,0,0,0],"split_type":[0,0,0,0,0,0,0,0,0,0,0],"sum_hessian":[9E0,7E0,2E0,2E0,5E0,1E0,1E0,1E0,1E0,3E0,2E0],"tree_param":{"num_deleted":"0","num_feature":"2","num_nodes":"11","size_leaf_vector":"1"}},{"base_weights":[2.4181485E-2,-6.1245906E-1,1.713829E0,-1.5920864E0,-2.0568848E-2,5.0322343E-2,2.0675202E-1,-1.9089244E-1,-4.7920514E-2,-1.8830014E-2,2.0992916E-2],"categories":[],"categories_nodes":[],"categories_segments":[],"categories_sizes":[],"default_left":[0,0,0,0,0,0,0,0,0,0,0],"id":49,"left_children":[1,3,5,7,9,-1,-1,-1,-1,-1,-1],"loss_changes":[1.1806632E1,4.6059074E0,2.4411678E-1,1.4304304E-1,2.7150002E-1,0E0,0E0,0E0,0E0,0E0,0E0],"parents":[2147483647,0,0,1,1,2,2,3,3,4,4],"right_children":[2,4,6,8,10,-1,-1,-1,-1,-1,-1],"split_conditions":[9.061565E-1,1.991945E-1,1E0,9.9252E-2,6.003332E-1,5.0322343E-2,2.0675202E-1,-1.9089244E-1,-4.7920514E-2,-1.8830014E-2,2.0992916E-2],"split_indices":[0,0,0,0,0,0,0,0,0,0,0],"split_type":[0,0,0,0,0,0,0,0,0,0,0],"sum_hessian":[9E0,7E0,2E0,2E0,5E0,1E0,1E0,1E0,1E0,3E0,2E0],"tree_param":{"num_deleted":"0","num_feature":"2","num_nodes":"11","size_leaf_vector":"1"}},{"base_weights":[2.3805475E-2,-5.80795E-1,1.6281382E0,-1.5124822E0,-1.8152237E-2,4.780617E-2,1.9641457E-1,-1.8134783E-1,-4.5524504E-2,-1.7417813E-2,1.9593304E-2],"categories":[],"categories_nodes":[],"categories_segments":[],"categories_sizes":[],"default_left":[0,0,0,0,0,0,0,0,0,0,0],"id":50,"left_children":[1,3,5,7,9,-1,-1,-1,-1,-1,-1],"loss_changes":[1.0645418E1,4.166201E0,2.2032022E-1,1.2909555E-1,2.345443E-1,0E0,0E0,0E0,0E0,0E0,0E0],"parents":[2147483647,0,0,1,1,2,2,3,3,4,4],"right_children":[2,4,6,8,10,-1,-1,-1,-1,-1,-1],"split_conditions":[9.061565E-1,1.991945E-1,1E0,9.9252E-2,6.003332E-1,4.780617E-2,1.9641457E-1,-1.8134783E-1,-4.5524504E-2,-1.7417813E-2,1.9593304E-2],"split_indices":[0,0,0,0,0,0,0,0,0,0,0],"split_type":[0,0,0,0,0,0,0,0,0,0,0],"sum_hessian":[9E0,7E0,2E0,2E0,5E0,1E0,1E0,1E0,1E0,3E0,2E0],"tree_param":{"num_deleted":"0","num_feature":"2","num_nodes":"11","size_leaf_vector":"1"}},{"base_weights":[2.3377944E-2,-5.508023E-1,1.5467325E0,-1.436858E0,-1.5974045E-2,4.541588E-2,1.8659401E-1,-1.7228043E-1,-4.3248273E-2,-1.6111469E-2,1.828715E-2],"categories":[],"categories_nodes":[],"categories_segments":[],"categories_sizes":[],"default_left":[0,0,0,0,0,0,0,0,0,0,0],"id":51,"left_children":[1,3,5,7,9,-1,-1,-1,-1,-1,-1],"loss_changes":[9.598744E0,3.768149E0,1.9884014E-1,1.1650896E-1,2.0262672E-1,0E0,0E0,0E0,0E0,0E0,0E0],"parents":[2147483647,0,0,1,1,2,2,3,3,4,4],"right_children":[2,4,6,8,10,-1,-1,-1,-1,-1,-1],"split_conditions":[9.061565E-1,1.991945E-1,1E0,9.9252E-2,6.003332E-1,4.541588E-2,1.8659401E-1,-1.7228043E-1,-4.3248273E-2,-1.6111469E-2,1.828715E-2],"split_indices":[0,0,0,0,0,0,0,0,0,0,0],"split_type":[0,0,0,0,0,0,0,0,0,0,0],"sum_hessian":[9E0,7E0,2E0,2E0,5E0,1E0,1E0,1E0,1E0,3E0,2E0],"tree_param":{"num_deleted":"0","num_feature":"2","num_nodes":"11","size_leaf_vector":"1"}},{"base_weights":[2.2905875E-2,-5.2239114E-1,1.469396E0,-1.3650151E0,-1.40139265E-2,4.314499E-2,1.772644E-1,-1.6366641E-1,-4.1085865E-2,-1.4903069E-2,1.7067974E-2],"categories":[],"categories_nodes":[],"categories_segments":[],"categories_sizes":[],"default_left":[0,0,0,0,0,0,0,0,0,0,0],"id":52,"left_children":[1,3,5,7,9,-1,-1,-1,-1,-1,-1],"loss_changes":[8.655266E0,3.4078376E0,1.7945862E-1,1.0514927E-1,1.7505695E-1,0E0,0E0,0E0,0E0,0E0,0E0],"parents":[2147483647,0,0,1,1,2,2,3,3,4,4],"right_children":[2,4,6,8,10,-1,-1,-1,-1,-1,-1],"split_conditions":[9.061565E-1,1.991945E-1,1E0,9.9252E-2,6.003332E-1,4.314499E-2,1.772644E-1,-1.6366641E-1,-4.1085865E-2,-1.4903069E-2,1.7067974E-2],"split_indices":[0,0,0,0,0,0,0,0,0,0,0],"split_type":[0,0,0,0,0,0,0,0,0,0,0],"sum_hessian":[9E0,7E0,2E0,2E0,5E0,1E0,1E0,1E0,1E0,3E0,2E0],"tree_param":{"num_deleted":"0","num_feature":"2","num_nodes":"11","size_leaf_vector":"1"}},{"base_weights":[2.239821E-2,-4.9547502E-1,1.3959274E0,-1.2967643E0,-1.2251218E-2,4.098778E-2,1.6840135E-1,-1.554831E-1,-3.9031554E-2,-1.3785315E-2,1.5930176E-2],"categories":[],"categories_nodes":[],"categories_segments":[],"categories_sizes":[],"default_left":[0,0,0,0,0,0,0,0,0,0,0],"id":53,"left_children":[1,3,5,7,9,-1,-1,-1,-1,-1,-1],"loss_changes":[7.8047876E0,3.0817294E0,1.6196108E-1,9.489775E-2,1.5124457E-1,0E0,0E0,0E0,0E0,0E0,0E0],"parents":[2147483647,0,0,1,1,2,2,3,3,4,4],"right_children":[2,4,6,8,10,-1,-1,-1,-1,-1,-1],"split_conditions":[9.061565E-1,1.991945E-1,1E0,9.9252E-2,6.003332E-1,4.098778E-2,1.6840135E-1,-1.554831E-1,-3.9031554E-2,-1.3785315E-2,1.5930176E-2],"split_indices":[0,0,0,0,0,0,0,0,0,0,0],"split_type":[0,0,0,0,0,0,0,0,0,0,0],"sum_hessian":[9E0,7E0,2E0,2E0,5E0,1E0,1E0,1E0,1E0,3E0,2E0],"tree_param":{"num_deleted":"0","num_feature":"2","num_nodes":"11","size_leaf_vector":"1"}},{"base_weights":[2.1860313E-2,-4.699738E-1,1.3261312E0,-1.231926E0,-1.0668755E-2,3.8938522E-2,1.5998116E-1,-1.4770894E-1,-3.7079956E-2,-1.2751437E-2,1.4868164E-2],"categories":[],"categories_nodes":[],"categories_segments":[],"categories_sizes":[],"default_left":[0,0,0,0,0,0,0,0,0,0,0],"id":54,"left_children":[1,3,5,7,9,-1,-1,-1,-1,-1,-1],"loss_changes":[7.038096E0,2.7866044E0,1.4616394E-1,8.564615E-2,1.306754E-1,0E0,0E0,0E0,0E0,0E0,0E0],"parents":[2147483647,0,0,1,1,2,2,3,3,4,4],"right_children":[2,4,6,8,10,-1,-1,-1,-1,-1,-1],"split_conditions":[9.061565E-1,1.991945E-1,1E0,9.9252E-2,6.003332E-1,3.8938522E-2,1.5998116E-1,-1.4770894E-1,-3.7079956E-2,-1.2751437E-2,1.4868164E-2],"split_indices":[0,0,0,0,0,0,0,0,0,0,0],"split_type":[0,0,0,0,0,0,0,0,0,0,0],"sum_hessian":[9E0,7E0,2E0,2E0,5E0,1E0,1E0,1E0,1E0,3E0,2E0],"tree_param":{"num_deleted":"0","num_feature":"2","num_nodes":"11","size_leaf_vector":"1"}},{"base_weights":[2.1298504E-2,-4.458109E-1,1.2598242E0,-1.1703297E0,-9.249687E-3,3.6991503E-2,1.5198211E-1,-1.403235E-1,-3.5225965E-2,-1.1795091E-2,1.3876851E-2],"categories":[],"categories_nodes":[],"categories_segments":[],"categories_sizes":[],"default_left":[0,0,0,0,0,0,0,0,0,0,0],"id":55,"left_children":[1,3,5,7,9,-1,-1,-1,-1,-1,-1],"loss_changes":[6.346913E0,2.5195496E0,1.3191652E-1,7.72953E-2,1.1290644E-1,0E0,0E0,0E0,0E0,0E0,0E0],"parents":[2147483647,0,0,1,1,2,2,3,3,4,4],"right_children":[2,4,6,8,10,-1,-1,-1,-1,-1,-1],"split_conditions":[9.061565E-1,1.991945E-1,1E0,9.9252E-2,6.003332E-1,3.6991503E-2,1.5198211E-1,-1.403235E-1,-3.5225965E-2,-1.1795091E-2,1.3876851E-2],"split_indices":[0,0,0,0,0,0,0,0,0,0,0],"split_type":[0,0,0,0,0,0,0,0,0,0,0],"sum_hessian":[9E0,7E0,2E0,2E0,5E0,1E0,1E0,1E0,1E0,3E0,2E0],"tree_param":{"num_deleted":"0","num_feature":"2","num_nodes":"11","size_leaf_vector":"1"}},{"base_weights":[2.071836E-2,-4.2291358E-1,1.1968307E0,-1.1118133E0,-7.978122E-3,3.5141755E-2,1.4438286E-1,-1.3330732E-1,-3.346467E-2,-1.09104635E-2,1.295166E-2],"categories":[],"categories_nodes":[],"categories_segments":[],"categories_sizes":[],"default_left":[0,0,0,0,0,0,0,0,0,0,0],"id":56,"left_children":[1,3,5,7,9,-1,-1,-1,-1,-1,-1],"loss_changes":[5.7237663E0,2.2779212E0,1.19059086E-1,6.975913E-2,9.755703E-2,0E0,0E0,0E0,0E0,0E0,0E0],"parents":[2147483647,0,0,1,1,2,2,3,3,4,4],"right_children":[2,4,6,8,10,-1,-1,-1,-1,-1,-1],"split_conditions":[9.061565E-1,1.991945E-1,1E0,9.9252E-2,6.003332E-1,3.5141755E-2,1.4438286E-1,-1.3330732E-1,-3.346467E-2,-1.09104635E-2,1.295166E-2],"split_indices":[0,0,0,0,0,0,0,0,0,0,0],"split_type":[0,0,0,0,0,0,0,0,0,0,0],"sum_hessian":[9E0,7E0,2E0,2E0,5E0,1E0,1E0,1E0,1E0,3E0,2E0],"tree_param":{"num_deleted":"0","num_feature":"2","num_nodes":"11","size_leaf_vector":"1"}},{"base_weights":[2.0125246E-2,-4.0121406E-1,1.1369883E0,-1.0562228E0,-6.840706E-3,3.3384707E-2,1.3716355E-1,-1.2664197E-1,-3.179145E-2,-1.0092211E-2,1.20881405E-2],"categories":[],"categories_nodes":[],"categories_segments":[],"categories_sizes":[],"default_left":[0,0,0,0,0,0,0,0,0,0,0],"id":57,"left_children":[1,3,5,7,9,-1,-1,-1,-1,-1,-1],"loss_changes":[5.1619587E0,2.0593185E0,1.074481E-1,6.295705E-2,8.429725E-2,0E0,0E0,0E0,0E0,0E0,0E0],"parents":[2147483647,0,0,1,1,2,2,3,3,4,4],"right_children":[2,4,6,8,10,-1,-1,-1,-1,-1,-1],"split_conditions":[9.061565E-1,1.991945E-1,1E0,9.9252E-2,6.003332E-1,3.3384707E-2,1.3716355E-1,-1.2664197E-1,-3.179145E-2,-1.0092211E-2,1.20881405E-2],"split_indices":[0,0,0,0,0,0,0,0,0,0,0],"split_type":[0,0,0,0,0,0,0,0,0,0,0],"sum_hessian":[9E0,7E0,2E0,2E0,5E0,1E0,1E0,1E0,1E0,3E0,2E0],"tree_param":{"num_deleted":"0","num_feature":"2","num_nodes":"11","size_leaf_vector":"1"}},{"base_weights":[1.9524217E-2,-3.806469E-1,1.0801392E0,-1.0034115E0,-5.8234534E-3,3.1715393E-2,1.3030548E-1,-1.2030987E-1,-3.0201865E-2,-9.335279E-3,1.1282349E-2],"categories":[],"categories_nodes":[],"categories_segments":[],"categories_sizes":[],"default_left":[0,0,0,0,0,0,0,0,0,0,0],"id":58,"left_children":[1,3,5,7,9,-1,-1,-1,-1,-1,-1],"loss_changes":[4.6554265E0,1.8615708E0,9.697509E-2,5.68192E-2,7.284292E-2,0E0,0E0,0E0,0E0,0E0,0E0],"parents":[2147483647,0,0,1,1,2,2,3,3,4,4],"right_children":[2,4,6,8,10,-1,-1,-1,-1,-1,-1],"split_conditions":[9.061565E-1,1.991945E-1,1E0,9.9252E-2,6.003332E-1,3.1715393E-2,1.3030548E-1,-1.2030987E-1,-3.0201865E-2,-9.335279E-3,1.1282349E-2],"split_indices":[0,0,0,0,0,0,0,0,0,0,0],"split_type":[0,0,0,0,0,0,0,0,0,0,0],"sum_hessian":[9E0,7E0,2E0,2E0,5E0,1E0,1E0,1E0,1E0,3E0,2E0],"tree_param":{"num_deleted":"0","num_feature":"2","num_nodes":"11","size_leaf_vector":"1"}},{"base_weights":[1.8917203E-2,-3.6115345E-1,1.0261332E0,-9.5324093E-1,-4.917463E-3,3.0129625E-2,1.2379036E-1,-1.1429437E-1,-2.8691769E-2,-8.6351875E-3,1.0530091E-2],"categories":[],"categories_nodes":[],"categories_segments":[],"categories_sizes":[],"default_left":[0,0,0,0,0,0,0,0,0,0,0],"id":59,"left_children":[1,3,5,7,9,-1,-1,-1,-1,-1,-1],"loss_changes":[4.198724E0,1.6826955E0,8.7521315E-2,5.1279545E-2,6.294634E-2,0E0,0E0,0E0,0E0,0E0,0E0],"parents":[2147483647,0,0,1,1,2,2,3,3,4,4],"right_children":[2,4,6,8,10,-1,-1,-1,-1,-1,-1],"split_conditions":[9.061565E-1,1.991945E-1,1E0,9.9252E-2,6.003332E-1,3.0129625E-2,1.2379036E-1,-1.1429437E-1,-2.8691769E-2,-8.6351875E-3,1.0530091E-2],"split_indices":[0,0,0,0,0,0,0,0,0,0,0],"split_type":[0,0,0,0,0,0,0,0,0,0,0],"sum_hessian":[9E0,7E0,2E0,2E0,5E0,1E0,1E0,1E0,1E0,3E0,2E0],"tree_param":{"num_deleted":"0","num_feature":"2","num_nodes":"11","size_leaf_vector":"1"}},{"base_weights":[1.8309165E-2,-3.4267408E-1,9.7482806E-1,-9.055788E-1,-4.1093826E-3,2.86232E-2,1.17601015E-1,-1.0857966E-1,-2.7257157E-2,-7.987547E-2,9.828186E-2,-9.123294E-3,-2.2901536E-3,3.0563355E-3,1.1685944E-2],"categories":[],"categories_nodes":[],"categories_segments":[],"categories_sizes":[],"default_left":[0,0,0,0,0,0,0,0,0,0,0,0,0,0,0],"id":60,"left_children":[1,3,5,7,9,-1,-1,-1,-1,11,13,-1,-1,-1,-1],"loss_changes":[3.7869215E0,1.5209157E0,7.89876E-2,4.6280384E-2,5.4397017E-2,0E0,0E0,0E0,0E0,4.9894303E-4,2.0251982E-4,0E0,0E0,0E0,0E0],"parents":[2147483647,0,0,1,1,2,2,3,3,4,4,9,9,10,10],"right_children":[2,4,6,8,10,-1,-1,-1,-1,12,14,-1,-1,-1,-1],"split_conditions":[9.061565E-1,1.991945E-1,1E0,9.9252E-2,6.003332E-1,2.86232E-2,1.17601015E-1,-1.0857966E-1,-2.7257157E-2,4.0210196E-1,7.019761E-1,-9.123294E-3,-2.2901536E-3,3.0563355E-3,1.1685944E-2],"split_indices":[0,0,0,0,0,0,0,0,0,0,0,0,0,0,0],"split_type":[0,0,0,0,0,0,0,0,0,0,0,0,0,0,0],"sum_hessian":[9E0,7E0,2E0,2E0,5E0,1E0,1E0,1E0,1E0,3E0,2E0,2E0,1E0,1E0,1E0],"tree_param":{"num_deleted":"0","num_feature":"2","num_nodes":"15","size_leaf_vector":"1"}},{"base_weights":[1.7849397E-2,-3.2497066E-1,9.260864E-1,-8.602999E-1,-3.1442642E-3,2.7191926E-2,1.1172104E-1,-1.0315068E-1,-2.5894308E-2,-7.474184E-2,9.3367256E-2,-8.515104E-3,-2.1757127E-3,2.903557E-3,1.1101532E-2],"categories":[],"categories_nodes":[],"categories_segments":[],"categories_sizes":[],"default_left":[0,0,0,0,0,0,0,0,0,0,0,0,0,0,0],"id":61,"left_children":[1,3,5,7,9,-1,-1,-1,-1,11,13,-1,-1,-1,-1],"loss_changes":[3.4145696E0,1.3755596E0,7.1290016E-2,4.1767836E-2,4.843839E-2,0E0,0E0,0E0,0E0,3.5347044E-4,1.825951E-4,0E0,0E0,0E0,0E0],"parents":[2147483647,0,0,1,1,2,2,3,3,4,4,9,9,10,10],"right_children":[2,4,6,8,10,-1,-1,-1,-1,12,14,-1,-1,-1,-1],"split_conditions":[9.061565E-1,1.991945E-1,1E0,9.9252E-2,6.003332E-1,2.7191926E-2,1.1172104E-1,-1.0315068E-1,-2.5894308E-2,4.0210196E-1,7.019761E-1,-8.515104E-3,-2.1757127E-3,2.903557E-3,1.1101532E-2],"split_indices":[0,0,0,0,0,0,0,0,0,0,0,0,0,0,0],"split_type":[0,0,0,0,0,0,0,0,0,0,0,0,0,0,0],"sum_hessian":[9E0,7E0,2E0,2E0,5E0,1E0,1E0,1E0,1E0,3E0,2E0,2E0,1E0,1E0,1E0],"tree_param":{"num_deleted":"0","num_feature":"2","num_nodes":"15","size_leaf_vector":"1"}},{"base_weights":[1.738299E-2,-3.081901E-1,8.7978363E-1,-8.1728494E-1,-2.277692E-3,2.5832368E-2,1.0613518E-1,-9.799314E-2,-2.45996E-2,-6.9941044E-2,8.869934E-2,-7.9474775E-3,-2.0669939E-3,2.7584077E-3,1.0546493E-2],"categories":[],"categories_nodes":[],"categories_segments":[],"categories_sizes":[],"default_left":[0,0,0,0,0,0,0,0,0,0,0,0,0,0,0],"id":62,"left_children":[1,3,5,7,9,-1,-1,-1,-1,11,13,-1,-1,-1,-1],"loss_changes":[3.078885E0,1.2440461E0,6.433964E-2,3.769517E-2,4.3138586E-2,0E0,0E0,0E0,0E0,2.3620948E-4,1.647491E-4,0E0,0E0,0E0,0E0],"parents":[2147483647,0,0,1,1,2,2,3,3,4,4,9,9,10,10],"right_children":[2,4,6,8,10,-1,-1,-1,-1,12,14,-1,-1,-1,-1],"split_conditions":[9.061565E-1,1.991945E-1,1E0,9.9252E-2,6.003332E-1,2.5832368E-2,1.0613518E-1,-9.799314E-2,-2.45996E-2,4.0210196E-1,7.019761E-1,-7.9474775E-3,-2.0669939E-3,2.7584077E-3,1.0546493E-2],"split_indices":[0,0,0,0,0,0,0,0,0,0,0,0,0,0,0],"split_type":[0,0,0,0,0,0,0,0,0,0,0,0,0,0,0],"sum_hessian":[9E0,7E0,2E0,2E0,5E0,1E0,1E0,1E0,1E0,3E0,2E0,2E0,1E0,1E0,1E0],"tree_param":{"num_deleted":"0","num_feature":"2","num_nodes":"15","size_leaf_vector":"1"}},{"base_weights":[1.69119E-2,-2.922833E-1,8.357951E-1,-7.7642053E-1,-1.5007654E-3,2.4540711E-2,1.0082855E-1,-9.3093485E-2,-2.33696E-2,-6.545019E-2,8.426539E-2,-7.4176155E-3,-1.9636154E-3,2.6205063E-3,1.0019302E-2],"categories":[],"categories_nodes":[],"categories_segments":[],"categories_sizes":[],"default_left":[0,0,0,0,0,0,0,0,0,0,0,0,0,0,0],"id":63,"left_children":[1,3,5,7,9,-1,-1,-1,-1,11,13,-1,-1,-1,-1],"loss_changes":[2.7762363E0,1.1250639E0,5.8068514E-2,3.4020424E-2,3.8423363E-2,0E0,0E0,0E0,0E0,1.4255196E-4,1.4872663E-4,0E0,0E0,0E0,0E0],"parents":[2147483647,0,0,1,1,2,2,3,3,4,4,9,9,10,10],"right_children":[2,4,6,8,10,-1,-1,-1,-1,12,14,-1,-1,-1,-1],"split_conditions":[9.061565E-1,1.991945E-1,1E0,9.9252E-2,6.003332E-1,2.4540711E-2,1.0082855E-1,-9.3093485E-2,-2.33696E-2,4.0210196E-1,7.019761E-1,-7.4176155E-3,-1.9636154E-3,2.6205063E-3,1.0019302E-2],"split_indices":[0,0,0,0,0,0,0,0,0,0,0,0,0,0,0],"split_type":[0,0,0,0,0,0,0,0,0,0,0,0,0,0,0],"sum_hessian":[9E0,7E0,2E0,2E0,5E0,1E0,1E0,1E0,1E0,3E0,2E0,2E0,1E0,1E0,1E0],"tree_param":{"num_deleted":"0","num_feature":"2","num_nodes":"15","size_leaf_vector":"1"}},{"base_weights":[1.643703E-2,-2.7720514E-1,7.940038E-1,-7.3759943E-1,-8.0712634E-4,2.3313522E-2,9.578705E-2,-8.843881E-2,-2.220111E-2,-6.125021E-2,8.0052696E-2,-6.9231032E-3,-1.865387E-3,2.4894716E-3,9.518432E-3],"categories":[],"categories_nodes":[],"categories_segments":[],"categories_sizes":[],"default_left":[0,0,0,0,0,0,0,0,0,0,0,0,0,0,0],"id":64,"left_children":[1,3,5,7,9,-1,-1,-1,-1,11,13,-1,-1,-1,-1],"loss_changes":[2.5033658E0,1.0174212E0,5.2409768E-2,3.0703545E-2,3.4227747E-2,0E0,0E0,0E0,0E0,6.838888E-5,1.3430417E-4,0E0,0E0,0E0,0E0],"parents":[2147483647,0,0,1,1,2,2,3,3,4,4,9,9,10,10],"right_children":[2,4,6,8,10,-1,-1,-1,-1,12,14,-1,-1,-1,-1],"split_conditions":[9.061565E-1,1.991945E-1,1E0,9.9252E-2,6.003332E-1,2.3313522E-2,9.578705E-2,-8.843881E-2,-2.220111E-2,4.0210196E-1,7.019761E-1,-6.9231032E-3,-1.865387E-3,2.4894716E-3,9.518432E-3],"split_indices":[0,0,0,0,0,0,0,0,0,0,0,0,0,0,0],"split_type":[0,0,0,0,0,0,0,0,0,0,0,0,0,0,0],"sum_hessian":[9E0,7E0,2E0,2E0,5E0,1E0,1E0,1E0,1E0,3E0,2E0,2E0,1E0,1E0,1E0],"tree_param":{"num_deleted":"0","num_feature":"2","num_nodes":"15","size_leaf_vector":"1"}},{"base_weights":[1.5960837E-2,-2.6291257E-1,7.54303E-1,-7.0071936E-1,-1.9041698E-4,2.214775E-2,9.0997696E-2,-8.4016874E-2,-2.1091033E-2,-5.7322025E-2,7.604853E-2,-6.461525E-3,-1.7721177E-3,2.3649216E-3,9.042359E-3],"categories":[],"categories_nodes":[],"categories_segments":[],"categories_sizes":[],"default_left":[0,0,0,0,0,0,0,0,0,0,0,0,0,0,0],"id":65,"left_children":[1,3,5,7,9,-1,-1,-1,-1,11,13,-1,-1,-1,-1],"loss_changes":[2.2573555E0,9.200389E-1,4.730189E-2,2.7710438E-2,3.049318E-2,0E0,0E0,0E0,0E0,1.0213815E-5,1.2128055E-4,0E0,0E0,0E0,0E0],"parents":[2147483647,0,0,1,1,2,2,3,3,4,4,9,9,10,10],"right_children":[2,4,6,8,10,-1,-1,-1,-1,12,14,-1,-1,-1,-1],"split_conditions":[9.061565E-1,1.991945E-1,1E0,9.9252E-2,6.003332E-1,2.214775E-2,9.0997696E-2,-8.4016874E-2,-2.1091033E-2,4.0210196E-1,7.019761E-1,-6.461525E-3,-1.7721177E-3,2.3649216E-3,9.042359E-3],"split_indices":[0,0,0,0,0,0,0,0,0,0,0,0,0,0,0],"split_type":[0,0,0,0,0,0,0,0,0,0,0,0,0,0,0],"sum_hessian":[9E0,7E0,2E0,2E0,5E0,1E0,1E0,1E0,1E0,3E0,2E0,2E0,1E0,1E0,1E0],"tree_param":{"num_deleted":"0","num_feature":"2","num_nodes":"15","size_leaf_vector":"1"}},{"base_weights":[1.5486491E-2,-2.4936251E-1,7.165883E-1,-6.656832E-1,3.5826364E-4,2.1040345E-2,8.644791E-2,-7.981603E-2,-2.0036459E-2,-5.364752E-3,7.224655E-2,2.246666E-3,8.590317E-3],"categories":[],"categories_nodes":[],"categories_segments":[],"categories_sizes":[],"default_left":[0,0,0,0,0,0,0,0,0,0,0,0,0],"id":66,"left_children":[1,3,5,7,9,-1,-1,-1,-1,-1,11,-1,-1],"loss_changes":[2.0355515E0,8.3194995E-1,4.2690873E-2,2.5009036E-2,2.717015E-2,0E0,0E0,0E0,0E0,0E0,1.0951795E-4,0E0,0E0],"parents":[2147483647,0,0,1,1,2,2,3,3,4,4,10,10],"right_children":[2,4,6,8,10,-1,-1,-1,-1,-1,12,-1,-1],"split_conditions":[9.061565E-1,1.991945E-1,1E0,9.9252E-2,6.003332E-1,2.1040345E-2,8.644791E-2,-7.981603E-2,-2.0036459E-2,-5.364752E-3,7.019761E-1,2.246666E-3,8.590317E-3],"split_indices":[0,0,0,0,0,0,0,0,0,0,0,0,0],"split_type":[0,0,0,0,0,0,0,0,0,0,0,0,0],"sum_hessian":[9E0,7E0,2E0,2E0,5E0,1E0,1E0,1E0,1E0,3E0,2E0,1E0,1E0],"tree_param":{"num_deleted":"0","num_feature":"2","num_nodes":"13","size_leaf_vector":"1"}},{"base_weights":[1.524837E-2,-2.3622385E-1,6.807582E-1,-6.32399E-1,1.2343725E-3,1.9988252E-2,8.212548E-2,-7.582523E-2,-1.9034624E-2,-4.9623966E-2,6.863403E-2,-5.673027E-3,-1.4152527E-3,2.1343231E-3,8.160782E-3],"categories":[],"categories_nodes":[],"categories_segments":[],"categories_sizes":[],"default_left":[0,0,0,0,0,0,0,0,0,0,0,0,0,0,0],"id":67,"left_children":[1,3,5,7,9,-1,-1,-1,-1,11,13,-1,-1,-1,-1],"loss_changes":[1.8343835E0,7.53381E-1,3.8529634E-2,2.2570968E-2,2.3972902E-2,0E0,0E0,0E0,0E0,2.0540692E-4,9.8847784E-5,0E0,0E0,0E0,0E0],"parents":[2147483647,0,0,1,1,2,2,3,3,4,4,9,9,10,10],"right_children":[2,4,6,8,10,-1,-1,-1,-1,12,14,-1,-1,-1,-1],"split_conditions":[9.061565E-1,1.991945E-1,1E0,9.9252E-2,6.003332E-1,1.9988252E-2,8.212548E-2,-7.582523E-2,-1.9034624E-2,4.0210196E-1,7.019761E-1,-5.673027E-3,-1.4152527E-3,2.1343231E-3,8.160782E-3],"split_indices":[0,0,0,0,0,0,0,0,0,0,0,0,0,0,0],"split_type":[0,0,0,0,0,0,0,0,0,0,0,0,0,0,0],"sum_hessian":[9E0,7E0,2E0,2E0,5E0,1E0,1E0,1E0,1E0,3E0,2E0,2E0,1E0,1E0,1E0],"tree_param":{"num_deleted":"0","num_feature":"2","num_nodes":"15","size_leaf_vector":"1"}},{"base_weights":[1.47691965E-2,-2.2405884E-1,6.467209E-1,-6.007791E-1,1.6444525E-3,1.8988801E-2,7.8019336E-2,-7.2033964E-2,-1.8082906E-2,-4.6433926E-2,6.5200806E-2,-5.2948636E-3,-1.3444901E-3,2.0275116E-3,7.7526094E-3],"categories":[],"categories_nodes":[],"categories_segments":[],"categories_sizes":[],"default_left":[0,0,0,0,0,0,0,0,0,0,0,0,0,0,0],"id":68,"left_children":[1,3,5,7,9,-1,-1,-1,-1,11,13,-1,-1,-1,-1],"loss_changes":[1.6541812E0,6.81204E-1,3.477454E-2,2.0370126E-2,2.1361647E-2,0E0,0E0,0E0,0E0,1.4776643E-4,8.9314766E-5,0E0,0E0,0E0,0E0],"parents":[2147483647,0,0,1,1,2,2,3,3,4,4,9,9,10,10],"right_children":[2,4,6,8,10,-1,-1,-1,-1,12,14,-1,-1,-1,-1],"split_conditions":[9.061565E-1,1.991945E-1,1E0,9.9252E-2,6.003332E-1,1.8988801E-2,7.8019336E-2,-7.2033964E-2,-1.8082906E-2,4.0210196E-1,7.019761E-1,-5.2948636E-3,-1.3444901E-3,2.0275116E-3,7.7526094E-3],"split_indices":[0,0,0,0,0,0,0,0,0,0,0,0,0,0,0],"split_type":[0,0,0,0,0,0,0,0,0,0,0,0,0,0,0],"sum_hessian":[9E0,7E0,2E0,2E0,5E0,1E0,1E0,1E0,1E0,3E0,2E0,2E0,1E0,1E0,1E0],"tree_param":{"num_deleted":"0","num_feature":"2","num_nodes":"15","size_leaf_vector":"1"}},{"base_weights":[1.42952325E-2,-2.1252532E-1,6.1438495E-1,-5.707403E-1,2.0030339E-3,1.8039322E-2,7.411843E-2,-6.8432264E-2,-1.7178774E-2,-4.3450832E-2,6.194051E-2,-4.9418765E-3,-1.2773514E-3,1.9260406E-3,7.3650363E-3],"categories":[],"categories_nodes":[],"categories_segments":[],"categories_sizes":[],"default_left":[0,0,0,0,0,0,0,0,0,0,0,0,0,0,0],"id":69,"left_children":[1,3,5,7,9,-1,-1,-1,-1,11,13,-1,-1,-1,-1],"loss_changes":[1.4916992E0,6.159213E-1,3.1384945E-2,1.8383682E-2,1.9037707E-2,0E0,0E0,0E0,0E0,1.0106992E-4,8.079782E-5,0E0,0E0,0E0,0E0],"parents":[2147483647,0,0,1,1,2,2,3,3,4,4,9,9,10,10],"right_children":[2,4,6,8,10,-1,-1,-1,-1,12,14,-1,-1,-1,-1],"split_conditions":[9.061565E-1,1.991945E-1,1E0,9.9252E-2,6.003332E-1,1.8039322E-2,7.411843E-2,-6.8432264E-2,-1.7178774E-2,4.0210196E-1,7.019761E-1,-4.9418765E-3,-1.2773514E-3,1.9260406E-3,7.3650363E-3],"split_indices":[0,0,0,0,0,0,0,0,0,0,0,0,0,0,0],"split_type":[0,0,0,0,0,0,0,0,0,0,0,0,0,0,0],"sum_hessian":[9E0,7E0,2E0,2E0,5E0,1E0,1E0,1E0,1E0,3E0,2E0,2E0,1E0,1E0,1E0],"tree_param":{"num_deleted":"0","num_feature":"2","num_nodes":"15","size_leaf_vector":"1"}},{"base_weights":[1.3828063E-2,-2.0158985E-1,5.836665E-1,-5.4220337E-1,2.3152034E-3,1.7137527E-2,7.041245E-2,-6.501066E-2,-1.6319847E-2,-4.066038E-2,5.884425E-2,-4.612414E-3,-1.2134552E-3,1.8297195E-3,6.996918E-3],"categories":[],"categories_nodes":[],"categories_segments":[],"categories_sizes":[],"default_left":[0,0,0,0,0,0,0,0,0,0,0,0,0,0,0],"id":70,"left_children":[1,3,5,7,9,-1,-1,-1,-1,11,13,-1,-1,-1,-1],"loss_changes":[1.3451953E0,5.5687785E-1,2.8321743E-2,1.6591132E-2,1.6968843E-2,0E0,0E0,0E0,0E0,6.373739E-5,7.300917E-5,0E0,0E0,0E0,0E0],"parents":[2147483647,0,0,1,1,2,2,3,3,4,4,9,9,10,10],"right_children":[2,4,6,8,10,-1,-1,-1,-1,12,14,-1,-1,-1,-1],"split_conditions":[9.061565E-1,1.991945E-1,1E0,9.9252E-2,6.003332E-1,1.7137527E-2,7.041245E-2,-6.501066E-2,-1.6319847E-2,4.0210196E-1,7.019761E-1,-4.612414E-3,-1.2134552E-3,1.8297195E-3,6.996918E-3],"split_indices":[0,0,0,0,0,0,0,0,0,0,0,0,0,0,0],"split_type":[0,0,0,0,0,0,0,0,0,0,0,0,0,0,0],"sum_hessian":[9E0,7E0,2E0,2E0,5E0,1E0,1E0,1E0,1E0,3E0,2E0,2E0,1E0,1E0,1E0],"tree_param":{"num_deleted":"0","num_feature":"2","num_nodes":"15","size_leaf_vector":"1"}},{"base_weights":[1.3367402E-2,-1.9122227E-1,5.5448407E-1,-5.15093E-1,2.5835037E-3,1.6280746E-2,6.6891864E-2,-6.1760124E-2,-1.5503836E-2,-3.805113E-2,5.5901844E-2,-5.044079E-3,-1.7107645E-3,1.7381668E-3,6.64711E-3],"categories":[],"categories_nodes":[],"categories_segments":[],"categories_sizes":[],"default_left":[0,0,0,0,0,0,0,0,0,0,0,0,0,0,0],"id":71,"left_children":[1,3,5,7,9,-1,-1,-1,-1,11,13,-1,-1,-1,-1],"loss_changes":[1.2130985E0,5.0347495E-1,2.5559008E-2,1.49737E-2,1.5126555E-2,0E0,0E0,0E0,0E0,1.7500762E-4,6.601028E-5,0E0,0E0,0E0,0E0],"parents":[2147483647,0,0,1,1,2,2,3,3,4,4,9,9,10,10],"right_children":[2,4,6,8,10,-1,-1,-1,-1,12,14,-1,-1,-1,-1],"split_conditions":[9.061565E-1,1.991945E-1,1E0,9.9252E-2,6.003332E-1,1.6280746E-2,6.6891864E-2,-6.1760124E-2,-1.5503836E-2,3.0164096E-1,7.019761E-1,-5.044079E-3,-1.7107645E-3,1.7381668E-3,6.64711E-3],"split_indices":[0,0,0,0,0,0,0,0,0,0,0,0,0,0,0],"split_type":[0,0,0,0,0,0,0,0,0,0,0,0,0,0,0],"sum_hessian":[9E0,7E0,2E0,2E0,5E0,1E0,1E0,1E0,1E0,3E0,2E0,1E0,2E0,1E0,1E0],"tree_param":{"num_deleted":"0","num_feature":"2","num_nodes":"15","size_leaf_vector":"1"}},{"base_weights":[1.2784243E-2,-1.8155426E-1,5.2675885E-1,-4.893384E-1,2.5968552E-3,1.546669E-2,6.3547134E-2,-5.867212E-2,-1.4728642E-2,-3.5934925E-2,5.3106945E-2,-4.791832E-3,-1.5967687E-3,1.6511917E-3,6.31485E-3],"categories":[],"categories_nodes":[],"categories_segments":[],"categories_sizes":[],"default_left":[0,0,0,0,0,0,0,0,0,0,0,0,0,0,0],"id":72,"left_children":[1,3,5,7,9,-1,-1,-1,-1,11,13,-1,-1,-1,-1],"loss_changes":[1.0944858E0,4.5470107E-1,2.306676E-2,1.3513863E-2,1.3585855E-2,0E0,0E0,0E0,0E0,1.9195676E-4,5.9709884E-5,0E0,0E0,0E0,0E0],"parents":[2147483647,0,0,1,1,2,2,3,3,4,4,9,9,10,10],"right_children":[2,4,6,8,10,-1,-1,-1,-1,12,14,-1,-1,-1,-1],"split_conditions":[9.061565E-1,1.991945E-1,1E0,9.9252E-2,6.003332E-1,1.546669E-2,6.3547134E-2,-5.867212E-2,-1.4728642E-2,3.0164096E-1,7.019761E-1,-4.791832E-3,-1.5967687E-3,1.6511917E-3,6.31485E-3],"split_indices":[0,0,0,0,0,0,0,0,0,0,0,0,0,0,0],"split_type":[0,0,0,0,0,0,0,0,0,0,0,0,0,0,0],"sum_hessian":[9E0,7E0,2E0,2E0,5E0,1E0,1E0,1E0,1E0,3E0,2E0,1E0,2E0,1E0,1E0],"tree_param":{"num_deleted":"0","num_feature":"2","num_nodes":"15","size_leaf_vector":"1"}},{"base_weights":[1.222502E-2,-1.7237704E-1,5.004222E-1,-4.6487153E-1,2.5997162E-3,1.4693451E-2,6.0369875E-2,-5.5738516E-2,-1.3992215E-2,-3.3938408E-2,5.045064E-2,-4.552269E-3,-1.4902751E-3,1.5686036E-3,5.998993E-3],"categories":[],"categories_nodes":[],"categories_segments":[],"categories_sizes":[],"default_left":[0,0,0,0,0,0,0,0,0,0,0,0,0,0,0],"id":73,"left_children":[1,3,5,7,9,-1,-1,-1,-1,11,13,-1,-1,-1,-1],"loss_changes":[9.8748326E-1,4.106464E-1,2.0816803E-2,1.2196243E-2,1.2202513E-2,0E0,0E0,0E0,0E0,2.0364439E-4,5.388446E-5,0E0,0E0,0E0,0E0],"parents":[2147483647,0,0,1,1,2,2,3,3,4,4,9,9,10,10],"right_children":[2,4,6,8,10,-1,-1,-1,-1,12,14,-1,-1,-1,-1],"split_conditions":[9.061565E-1,1.991945E-1,1E0,9.9252E-2,6.003332E-1,1.4693451E-2,6.0369875E-2,-5.5738516E-2,-1.3992215E-2,3.0164096E-1,7.019761E-1,-4.552269E-3,-1.4902751E-3,1.5686036E-3,5.998993E-3],"split_indices":[0,0,0,0,0,0,0,0,0,0,0,0,0,0,0],"split_type":[0,0,0,0,0,0,0,0,0,0,0,0,0,0,0],"sum_hessian":[9E0,7E0,2E0,2E0,5E0,1E0,1E0,1E0,1E0,3E0,2E0,1E0,2E0,1E0,1E0],"tree_param":{"num_deleted":"0","num_feature":"2","num_nodes":"15","size_leaf_vector":"1"}},{"base_weights":[1.1688495E-2,-1.6366449E-1,4.754003E-1,-4.416279E-1,2.59463E-3,1.395874E-2,5.7351302E-2,-5.2951586E-2,-1.3292599E-2,-3.20549E-2,4.7929127E-2,-4.324627E-3,-1.3909022E-3,1.4902115E-3,5.6991577E-3],"categories":[],"categories_nodes":[],"categories_segments":[],"categories_sizes":[],"default_left":[0,0,0,0,0,0,0,0,0,0,0,0,0,0,0],"id":74,"left_children":[1,3,5,7,9,-1,-1,-1,-1,11,13,-1,-1,-1,-1],"loss_changes":[8.909386E-1,3.7085748E-1,1.8787444E-2,1.100713E-2,1.0961278E-2,0E0,0E0,0E0,0E0,2.1079555E-4,4.8621558E-5,0E0,0E0,0E0,0E0],"parents":[2147483647,0,0,1,1,2,2,3,3,4,4,9,9,10,10],"right_children":[2,4,6,8,10,-1,-1,-1,-1,12,14,-1,-1,-1,-1],"split_conditions":[9.061565E-1,1.991945E-1,1E0,9.9252E-2,6.003332E-1,1.395874E-2,5.7351302E-2,-5.2951586E-2,-1.3292599E-2,3.0164096E-1,7.019761E-1,-4.324627E-3,-1.3909022E-3,1.4902115E-3,5.6991577E-3],"split_indices":[0,0,0,0,0,0,0,0,0,0,0,0,0,0,0],"split_type":[0,0,0,0,0,0,0,0,0,0,0,0,0,0,0],"sum_hessian":[9E0,7E0,2E0,2E0,5E0,1E0,1E0,1E0,1E0,3E0,2E0,1E0,2E0,1E0,1E0],"tree_param":{"num_deleted":"0","num_feature":"2","num_nodes":"15","size_leaf_vector":"1"}},{"base_weights":[1.1173296E-2,-1.553945E-1,4.5162964E-1,-4.195466E-1,2.5806427E-3,1.326065E-2,5.4483797E-2,-5.0304007E-2,-1.26279835E-2,-3.0278206E-2,4.5532227E-2,-4.108429E-3,-1.2981415E-3,1.4156342E-3,5.4142E-3],"categories":[],"categories_nodes":[],"categories_segments":[],"categories_sizes":[],"default_left":[0,0,0,0,0,0,0,0,0,0,0,0,0,0,0],"id":75,"left_children":[1,3,5,7,9,-1,-1,-1,-1,11,13,-1,-1,-1,-1],"loss_changes":[8.038392E-1,3.3491838E-1,1.69577E-2,9.93377E-3,9.8466715E-3,0E0,0E0,0E0,0E0,2.1431013E-4,4.3964945E-5,0E0,0E0,0E0,0E0],"parents":[2147483647,0,0,1,1,2,2,3,3,4,4,9,9,10,10],"right_children":[2,4,6,8,10,-1,-1,-1,-1,12,14,-1,-1,-1,-1],"split_conditions":[9.061565E-1,1.991945E-1,1E0,9.9252E-2,6.003332E-1,1.326065E-2,5.4483797E-2,-5.0304007E-2,-1.26279835E-2,3.0164096E-1,7.019761E-1,-4.108429E-3,-1.2981415E-3,1.4156342E-3,5.4142E-3],"split_indices":[0,0,0,0,0,0,0,0,0,0,0,0,0,0,0],"split_type":[0,0,0,0,0,0,0,0,0,0,0,0,0,0,0],"sum_hessian":[9E0,7E0,2E0,2E0,5E0,1E0,1E0,1E0,1E0,3E0,2E0,1E0,2E0,1E0,1E0],"tree_param":{"num_deleted":"0","num_feature":"2","num_nodes":"15","size_leaf_vector":"1"}},{"base_weights":[1.0679537E-2,-1.4754403E-1,4.2904916E-1,-3.985694E-1,2.559344E-3,1.2597657E-2,5.175972E-2,-4.778881E-2,-1.1996604E-2,-2.8602123E-2,4.3254852E-2,-3.9030076E-3,-1.2116114E-3,1.3448716E-3,5.1433565E-3],"categories":[],"categories_nodes":[],"categories_segments":[],"categories_sizes":[],"default_left":[0,0,0,0,0,0,0,0,0,0,0,0,0,0,0],"id":76,"left_children":[1,3,5,7,9,-1,-1,-1,-1,11,13,-1,-1,-1,-1],"loss_changes":[7.2526294E-1,3.0245814E-1,1.5304327E-2,8.965015E-3,8.845971E-3,0E0,0E0,0E0,0E0,2.1476857E-4,3.9611943E-5,0E0,0E0,0E0,0E0],"parents":[2147483647,0,0,1,1,2,2,3,3,4,4,9,9,10,10],"right_children":[2,4,6,8,10,-1,-1,-1,-1,12,14,-1,-1,-1,-1],"split_conditions":[9.061565E-1,1.991945E-1,1E0,9.9252E-2,6.003332E-1,1.2597657E-2,5.175972E-2,-4.778881E-2,-1.1996604E-2,3.0164096E-1,7.019761E-1,-3.9030076E-3,-1.2116114E-3,1.3448716E-3,5.1433565E-3],"split_indices":[0,0,0,0,0,0,0,0,0,0,0,0,0,0,0],"split_type":[0,0,0,0,0,0,0,0,0,0,0,0,0,0,0],"sum_hessian":[9E0,7E0,2E0,2E0,5E0,1E0,1E0,1E0,1E0,3E0,2E0,1E0,2E0,1E0,1E0],"tree_param":{"num_deleted":"0","num_feature":"2","num_nodes":"15","size_leaf_vector":"1"}},{"base_weights":[1.0206437E-2,-1.4009115E-1,4.0759787E-1,-3.7864104E-1,2.5323231E-3,1.196785E-2,4.917183E-2,-4.5399368E-2,-1.139679E-2,-2.7020454E-2,4.109192E-2,-3.7078857E-3,-1.1308034E-3,1.2775421E-3,4.886246E-3],"categories":[],"categories_nodes":[],"categories_segments":[],"categories_sizes":[],"default_left":[0,0,0,0,0,0,0,0,0,0,0,0,0,0,0],"id":77,"left_children":[1,3,5,7,9,-1,-1,-1,-1,11,13,-1,-1,-1,-1],"loss_changes":[6.543706E-1,2.7314132E-1,1.3811618E-2,8.090764E-3,7.947582E-3,0E0,0E0,0E0,0E0,2.1287845E-4,3.5865232E-5,0E0,0E0,0E0,0E0],"parents":[2147483647,0,0,1,1,2,2,3,3,4,4,9,9,10,10],"right_children":[2,4,6,8,10,-1,-1,-1,-1,12,14,-1,-1,-1,-1],"split_conditions":[9.061565E-1,1.991945E-1,1E0,9.9252E-2,6.003332E-1,1.196785E-2,4.917183E-2,-4.5399368E-2,-1.139679E-2,3.0164096E-1,7.019761E-1,-3.7078857E-3,-1.1308034E-3,1.2775421E-3,4.886246E-3],"split_indices":[0,0,0,0,0,0,0,0,0,0,0,0,0,0,0],"split_type":[0,0,0,0,0,0,0,0,0,0,0,0,0,0,0],"sum_hessian":[9E0,7E0,2E0,2E0,5E0,1E0,1E0,1E0,1E0,3E0,2E0,1E0,2E0,1E0,1E0],"tree_param":{"num_deleted":"0","num_feature":"2","num_nodes":"15","size_leaf_vector":"1"}},{"base_weights":[9.752554E-3,-1.3301575E-1,3.872172E-1,-3.597091E-1,2.5002162E-3,1.1369324E-2,4.671326E-2,-4.31294E-2,-1.08269695E-2,-2.5528431E-2,3.903834E-2,-3.5224915E-3,-1.0554631E-3,1.2136459E-3,4.642105E-3],"categories":[],"categories_nodes":[],"categories_segments":[],"categories_sizes":[],"default_left":[0,0,0,0,0,0,0,0,0,0,0,0,0,0,0],"id":78,"left_children":[1,3,5,7,9,-1,-1,-1,-1,11,13,-1,-1,-1,-1],"loss_changes":[5.904059E-1,2.4666393E-1,1.246649E-2,7.301718E-3,7.1412725E-3,0E0,0E0,0E0,0E0,2.0898669E-4,3.2438897E-5,0E0,0E0,0E0,0E0],"parents":[2147483647,0,0,1,1,2,2,3,3,4,4,9,9,10,10],"right_children":[2,4,6,8,10,-1,-1,-1,-1,12,14,-1,-1,-1,-1],"split_conditions":[9.061565E-1,1.991945E-1,1E0,9.9252E-2,6.003332E-1,1.1369324E-2,4.671326E-2,-4.31294E-2,-1.08269695E-2,3.0164096E-1,7.019761E-1,-3.5224915E-3,-1.0554631E-3,1.2136459E-3,4.642105E-3],"split_indices":[0,0,0,0,0,0,0,0,0,0,0,0,0,0,0],"split_type":[0,0,0,0,0,0,0,0,0,0,0,0,0,0,0],"sum_hessian":[9E0,7E0,2E0,2E0,5E0,1E0,1E0,1E0,1E0,3E0,2E0,1E0,2E0,1E0,1E0],"tree_param":{"num_deleted":"0","num_feature":"2","num_nodes":"15","size_leaf_vector":"1"}},{"base_weights":[9.318197E-3,-1.2629838E-1,3.6785635E-1,-3.4172365E-1,2.4639766E-3,1.0800934E-2,4.4377517E-2,-4.097293E-2,-1.0285616E-2,-2.4119854E-2,3.7087757E-2,-3.346348E-3,-9.85082E-4,1.1529922E-3,4.4101714E-3],"categories":[],"categories_nodes":[],"categories_segments":[],"categories_sizes":[],"default_left":[0,0,0,0,0,0,0,0,0,0,0,0,0,0,0],"id":79,"left_children":[1,3,5,7,9,-1,-1,-1,-1,11,13,-1,-1,-1,-1],"loss_changes":[5.3269684E-1,2.227513E-1,1.1249989E-2,6.5898597E-3,6.4171473E-3,0E0,0E0,0E0,0E0,2.0365533E-4,2.9295217E-5,0E0,0E0,0E0,0E0],"parents":[2147483647,0,0,1,1,2,2,3,3,4,4,9,9,10,10],"right_children":[2,4,6,8,10,-1,-1,-1,-1,12,14,-1,-1,-1,-1],"split_conditions":[9.061565E-1,1.991945E-1,1E0,9.9252E-2,6.003332E-1,1.0800934E-2,4.4377517E-2,-4.097293E-2,-1.0285616E-2,3.0164096E-1,7.019761E-1,-3.346348E-3,-9.85082E-4,1.1529922E-3,4.4101714E-3],"split_indices":[0,0,0,0,0,0,0,0,0,0,0,0,0,0,0],"split_type":[0,0,0,0,0,0,0,0,0,0,0,0,0,0,0],"sum_hessian":[9E0,7E0,2E0,2E0,5E0,1E0,1E0,1E0,1E0,3E0,2E0,1E0,2E0,1E0,1E0],"tree_param":{"num_deleted":"0","num_feature":"2","num_nodes":"15","size_leaf_vector":"1"}},{"base_weights":[8.900893E-3,-1.1992209E-1,3.4946188E-1,-3.2463753E-1,2.4226506E-3,1.0260773E-2,4.215851E-2,-3.8924284E-2,-9.771347E-3,-2.2791386E-2,3.5233814E-2,-3.1790733E-3,-9.1946917E-4,1.0953903E-3,4.189682E-3],"categories":[],"categories_nodes":[],"categories_segments":[],"categories_sizes":[],"default_left":[0,0,0,0,0,0,0,0,0,0,0,0,0,0,0],"id":80,"left_children":[1,3,5,7,9,-1,-1,-1,-1,11,13,-1,-1,-1,-1],"loss_changes":[4.80629E-1,2.0115334E-1,1.015386E-2,5.9472322E-3,5.7668383E-3,0E0,0E0,0E0,0E0,1.9713957E-4,2.6397873E-5,0E0,0E0,0E0,0E0],"parents":[2147483647,0,0,1,1,2,2,3,3,4,4,9,9,10,10],"right_children":[2,4,6,8,10,-1,-1,-1,-1,12,14,-1,-1,-1,-1],"split_conditions":[9.061565E-1,1.991945E-1,1E0,9.9252E-2,6.003332E-1,1.0260773E-2,4.215851E-2,-3.8924284E-2,-9.771347E-3,3.0164096E-1,7.019761E-1,-3.1790733E-3,-9.1946917E-4,1.0953903E-3,4.189682E-3],"split_indices":[0,0,0,0,0,0,0,0,0,0,0,0,0,0,0],"split_type":[0,0,0,0,0,0,0,0,0,0,0,0,0,0,0],"sum_hessian":[9E0,7E0,2E0,2E0,5E0,1E0,1E0,1E0,1E0,3E0,2E0,1E0,2E0,1E0,1E0],"tree_param":{"num_deleted":"0","num_feature":"2","num_nodes":"15","size_leaf_vector":"1"}},{"base_weights":[8.501786E-3,-1.13868274E-1,3.31988E-1,-3.0840567E-1,2.3784637E-3,9.747696E-3,4.0050507E-2,-3.697807E-2,-9.28278E-3,-2.1536827E-2,3.34727E-2,-3.0200959E-3,-8.5817976E-4,1.0406495E-3,3.980255E-3],"categories":[],"categories_nodes":[],"categories_segments":[],"categories_sizes":[],"default_left":[0,0,0,0,0,0,0,0,0,0,0,0,0,0,0],"id":81,"left_children":[1,3,5,7,9,-1,-1,-1,-1,11,13,-1,-1,-1,-1],"loss_changes":[4.336532E-1,1.8164822E-1,9.1640055E-3,5.3673685E-3,5.1826616E-3,0E0,0E0,0E0,0E0,1.897976E-4,2.3812056E-5,0E0,0E0,0E0,0E0],"parents":[2147483647,0,0,1,1,2,2,3,3,4,4,9,9,10,10],"right_children":[2,4,6,8,10,-1,-1,-1,-1,12,14,-1,-1,-1,-1],"split_conditions":[9.061565E-1,1.991945E-1,1E0,9.9252E-2,6.003332E-1,9.747696E-3,4.0050507E-2,-3.697807E-2,-9.28278E-3,3.0164096E-1,7.019761E-1,-3.0200959E-3,-8.5817976E-4,1.0406495E-3,3.980255E-3],"split_indices":[0,0,0,0,0,0,0,0,0,0,0,0,0,0,0],"split_type":[0,0,0,0,0,0,0,0,0,0,0,0,0,0,0],"sum_hessian":[9E0,7E0,2E0,2E0,5E0,1E0,1E0,1E0,1E0,3E0,2E0,1E0,2E0,1E0,1E0],"tree_param":{"num_deleted":"0","num_feature":"2","num_nodes":"15","size_leaf_vector":"1"}},{"base_weights":[8.119392E-3,-1.0812163E-1,3.15389E-1,-2.929853E-1,2.3304622E-3,9.260178E-3,3.8048174E-2,-3.5129167E-2,-8.818626E-3,-2.035284E-2,3.1798046E-2,-2.8691292E-3,-8.009593E-4,9.885788E-4,3.781128E-3],"categories":[],"categories_nodes":[],"categories_segments":[],"categories_sizes":[],"default_left":[0,0,0,0,0,0,0,0,0,0,0,0,0,0,0],"id":82,"left_children":[1,3,5,7,9,-1,-1,-1,-1,11,13,-1,-1,-1,-1],"loss_changes":[3.912737E-1,1.6403139E-1,8.272231E-3,4.844159E-3,4.657713E-3,0E0,0E0,0E0,0E0,1.818887E-4,2.149609E-5,0E0,0E0,0E0,0E0],"parents":[2147483647,0,0,1,1,2,2,3,3,4,4,9,9,10,10],"right_children":[2,4,6,8,10,-1,-1,-1,-1,12,14,-1,-1,-1,-1],"split_conditions":[9.061565E-1,1.991945E-1,1E0,9.9252E-2,6.003332E-1,9.260178E-3,3.8048174E-2,-3.5129167E-2,-8.818626E-3,3.0164096E-1,7.019761E-1,-2.8691292E-3,-8.009593E-4,9.885788E-4,3.781128E-3],"split_indices":[0,0,0,0,0,0,0,0,0,0,0,0,0,0,0],"split_type":[0,0,0,0,0,0,0,0,0,0,0,0,0,0,0],"sum_hessian":[9E0,7E0,2E0,2E0,5E0,1E0,1E0,1E0,1E0,3E0,2E0,1E0,2E0,1E0,1E0],"tree_param":{"num_deleted":"0","num_feature":"2","num_nodes":"15","size_leaf_vector":"1"}},{"base_weights":[7.7530504E-3,-1.0266583E-1,2.9961905E-1,-2.7833602E-1,2.2802353E-3,8.797074E-3,3.6145784E-2,-3.3372708E-2,-8.377695E-3,-1.9235134E-2,3.0207315E-2,-2.7256967E-3,-7.475535E-4,9.3917846E-4,3.591919E-3],"categories":[],"categories_nodes":[],"categories_segments":[],"categories_sizes":[],"default_left":[0,0,0,0,0,0,0,0,0,0,0,0,0,0,0],"id":83,"left_children":[1,3,5,7,9,-1,-1,-1,-1,11,13,-1,-1,-1,-1],"loss_changes":[3.530358E-1,1.4812183E-1,7.466495E-3,4.3718666E-3,4.18621E-3,0E0,0E0,0E0,0E0,1.7357362E-4,1.9341707E-5,0E0,0E0,0E0,0E0],"parents":[2147483647,0,0,1,1,2,2,3,3,4,4,9,9,10,10],"right_children":[2,4,6,8,10,-1,-1,-1,-1,12,14,-1,-1,-1,-1],"split_conditions":[9.061565E-1,1.991945E-1,1E0,9.9252E-2,6.003332E-1,8.797074E-3,3.6145784E-2,-3.3372708E-2,-8.377695E-3,3.0164096E-1,7.019761E-1,-2.7256967E-3,-7.475535E-4,9.3917846E-4,3.591919E-3],"split_indices":[0,0,0,0,0,0,0,0,0,0,0,0,0,0,0],"split_type":[0,0,0,0,0,0,0,0,0,0,0,0,0,0,0],"sum_hessian":[9E0,7E0,2E0,2E0,5E0,1E0,1E0,1E0,1E0,3E0,2E0,1E0,2E0,1E0,1E0],"tree_param":{"num_deleted":"0","num_feature":"2","num_nodes":"15","size_leaf_vector":"1"}},{"base_weights":[7.402557E-3,-9.748585E-2,2.8463745E-1,-2.644191E-1,2.228419E-3,8.357239E-3,3.433838E-2,-3.1704072E-2,-7.958794E-3,-1.8179893E-2,2.8696695E-2,-2.5894165E-3,-6.9770816E-4,8.922577E-4,3.4122467E-3],"categories":[],"categories_nodes":[],"categories_segments":[],"categories_sizes":[],"default_left":[0,0,0,0,0,0,0,0,0,0,0,0,0,0,0],"id":84,"left_children":[1,3,5,7,9,-1,-1,-1,-1,11,13,-1,-1,-1,-1],"loss_changes":[3.185354E-1,1.3375425E-1,6.7380965E-3,3.945723E-3,3.76274E-3,0E0,0E0,0E0,0E0,1.6502035E-4,1.7409213E-5,0E0,0E0,0E0,0E0],"parents":[2147483647,0,0,1,1,2,2,3,3,4,4,9,9,10,10],"right_children":[2,4,6,8,10,-1,-1,-1,-1,12,14,-1,-1,-1,-1],"split_conditions":[9.061565E-1,1.991945E-1,1E0,9.9252E-2,6.003332E-1,8.357239E-3,3.433838E-2,-3.1704072E-2,-7.958794E-3,3.0164096E-1,7.019761E-1,-2.5894165E-3,-6.9770816E-4,8.922577E-4,3.4122467E-3],"split_indices":[0,0,0,0,0,0,0,0,0,0,0,0,0,0,0],"split_type":[0,0,0,0,0,0,0,0,0,0,0,0,0,0,0],"sum_hessian":[9E0,7E0,2E0,2E0,5E0,1E0,1E0,1E0,1E0,3E0,2E0,1E0,2E0,1E0,1E0],"tree_param":{"num_deleted":"0","num_feature":"2","num_nodes":"15","size_leaf_vector":"1"}},{"base_weights":[7.067734E-3,-9.2567615E-2,2.704061E-1,-2.5119826E-1,2.175649E-3,7.93953E-3,3.2621384E-2,-3.0118868E-2,-7.560873E-3,-1.7183304E-2,2.726237E-2,-2.4599077E-3,-6.511688E-4,8.476257E-4,3.2417297E-3],"categories":[],"categories_nodes":[],"categories_segments":[],"categories_sizes":[],"default_left":[0,0,0,0,0,0,0,0,0,0,0,0,0,0,0],"id":85,"left_children":[1,3,5,7,9,-1,-1,-1,-1,11,13,-1,-1,-1,-1],"loss_changes":[2.8740898E-1,1.20780006E-1,6.079793E-3,3.5608858E-3,3.3823734E-3,0E0,0E0,0E0,0E0,1.563715E-4,1.5745638E-5,0E0,0E0,0E0,0E0],"parents":[2147483647,0,0,1,1,2,2,3,3,4,4,9,9,10,10],"right_children":[2,4,6,8,10,-1,-1,-1,-1,12,14,-1,-1,-1,-1],"split_conditions":[9.061565E-1,1.991945E-1,1E0,9.9252E-2,6.003332E-1,7.93953E-3,3.2621384E-2,-3.0118868E-2,-7.560873E-3,3.0164096E-1,7.019761E-1,-2.4599077E-3,-6.511688E-4,8.476257E-4,3.2417297E-3],"split_indices":[0,0,0,0,0,0,0,0,0,0,0,0,0,0,0],"split_type":[0,0,0,0,0,0,0,0,0,0,0,0,0,0,0],"sum_hessian":[9E0,7E0,2E0,2E0,5E0,1E0,1E0,1E0,1E0,3E0,2E0,1E0,2E0,1E0,1E0],"tree_param":{"num_deleted":"0","num_feature":"2","num_nodes":"15","size_leaf_vector":"1"}},{"base_weights":[6.7465305E-3,-8.789843E-2,2.5688425E-1,-2.386384E-1,2.1212895E-3,7.5424197E-3,3.0990219E-2,-2.8612925E-2,-7.1828365E-3,-1.6242504E-2,2.5899252E-2,-2.3368837E-3,-6.0774485E-4,8.052826E-4,3.079605E-3],"categories":[],"categories_nodes":[],"categories_segments":[],"categories_sizes":[],"default_left":[0,0,0,0,0,0,0,0,0,0,0,0,0,0,0],"id":86,"left_children":[1,3,5,7,9,-1,-1,-1,-1,11,13,-1,-1,-1,-1],"loss_changes":[2.5932246E-1,1.09062776E-1,5.4877996E-3,3.213644E-3,3.04059E-3,0E0,0E0,0E0,0E0,1.4773523E-4,1.4175894E-5,0E0,0E0,0E0,0E0],"parents":[2147483647,0,0,1,1,2,2,3,3,4,4,9,9,10,10],"right_children":[2,4,6,8,10,-1,-1,-1,-1,12,14,-1,-1,-1,-1],"split_conditions":[9.061565E-1,1.991945E-1,1E0,9.9252E-2,6.003332E-1,7.5424197E-3,3.0990219E-2,-2.8612925E-2,-7.1828365E-3,3.0164096E-1,7.019761E-1,-2.3368837E-3,-6.0774485E-4,8.052826E-4,3.079605E-3],"split_indices":[0,0,0,0,0,0,0,0,0,0,0,0,0,0,0],"split_type":[0,0,0,0,0,0,0,0,0,0,0,0,0,0,0],"sum_hessian":[9E0,7E0,2E0,2E0,5E0,1E0,1E0,1E0,1E0,3E0,2E0,1E0,2E0,1E0,1E0],"tree_param":{"num_deleted":"0","num_feature":"2","num_nodes":"15","size_leaf_vector":"1"}},{"base_weights":[6.438953E-3,-8.34659E-2,2.440389E-1,-2.267064E-1,2.0653408E-3,7.165146E-3,2.944069E-2,-2.718228E-2,-6.8236827E-3,-1.5354633E-2,2.4603525E-2,-2.2200586E-3,-5.672455E-4,7.6503755E-4,2.9254914E-3],"categories":[],"categories_nodes":[],"categories_segments":[],"categories_sizes":[],"default_left":[0,0,0,0,0,0,0,0,0,0,0,0,0,0,0],"id":87,"left_children":[1,3,5,7,9,-1,-1,-1,-1,11,13,-1,-1,-1,-1],"loss_changes":[2.3398282E-1,9.848054E-2,4.953742E-3,2.9003918E-3,2.7334657E-3,0E0,0E0,0E0,0E0,1.392031E-4,1.2755976E-5,0E0,0E0,0E0,0E0],"parents":[2147483647,0,0,1,1,2,2,3,3,4,4,9,9,10,10],"right_children":[2,4,6,8,10,-1,-1,-1,-1,12,14,-1,-1,-1,-1],"split_conditions":[9.061565E-1,1.991945E-1,1E0,9.9252E-2,6.003332E-1,7.165146E-3,2.944069E-2,-2.718228E-2,-6.8236827E-3,3.0164096E-1,7.019761E-1,-2.2200586E-3,-5.672455E-4,7.6503755E-4,2.9254914E-3],"split_indices":[0,0,0,0,0,0,0,0,0,0,0,0,0,0,0],"split_type":[0,0,0,0,0,0,0,0,0,0,0,0,0,0,0],"sum_hessian":[9E0,7E0,2E0,2E0,5E0,1E0,1E0,1E0,1E0,3E0,2E0,1E0,2E0,1E0,1E0],"tree_param":{"num_deleted":"0","num_feature":"2","num_nodes":"15","size_leaf_vector":"1"}},{"base_weights":[6.1455728E-3,-7.925689E-2,2.3183696E-1,-2.1537113E-1,2.0097096E-3,6.806946E-3,2.7968599E-2,-2.5823165E-2,-6.4825057E-3,-1.4515877E-2,2.3373922E-2,-2.1090508E-3,-5.2941643E-4,7.266998E-4,2.7793886E-3],"categories":[],"categories_nodes":[],"categories_segments":[],"categories_sizes":[],"default_left":[0,0,0,0,0,0,0,0,0,0,0,0,0,0,0],"id":88,"left_children":[1,3,5,7,9,-1,-1,-1,-1,11,13,-1,-1,-1,-1],"loss_changes":[2.1112068E-1,8.892517E-2,4.470259E-3,2.6175678E-3,2.4576297E-3,0E0,0E0,0E0,0E0,1.3086078E-4,1.1597876E-5,0E0,0E0,0E0,0E0],"parents":[2147483647,0,0,1,1,2,2,3,3,4,4,9,9,10,10],"right_children":[2,4,6,8,10,-1,-1,-1,-1,12,14,-1,-1,-1,-1],"split_conditions":[9.061565E-1,1.991945E-1,1E0,9.9252E-2,6.003332E-1,6.806946E-3,2.7968599E-2,-2.5823165E-2,-6.4825057E-3,3.0164096E-1,7.019761E-1,-2.1090508E-3,-5.2941643E-4,7.266998E-4,2.7793886E-3],"split_indices":[0,0,0,0,0,0,0,0,0,0,0,0,0,0,0],"split_type":[0,0,0,0,0,0,0,0,0,0,0,0,0,0,0],"sum_hessian":[9E0,7E0,2E0,2E0,5E0,1E0,1E0,1E0,1E0,3E0,2E0,1E0,2E0,1E0,1E0],"tree_param":{"num_deleted":"0","num_feature":"2","num_nodes":"15","size_leaf_vector":"1"}},{"base_weights":[5.865437E-3,-7.5260215E-2,2.2024536E-1,-2.046027E-1,1.9543965E-3,6.466675E-3,2.657013E-2,-2.4532005E-2,-6.1584E-3,-1.3723373E-2,2.2206625E-2,-2.0035745E-3,-4.9406686E-4,6.904602E-4,2.6405335E-3],"categories":[],"categories_nodes":[],"categories_segments":[],"categories_sizes":[],"default_left":[0,0,0,0,0,0,0,0,0,0,0,0,0,0,0],"id":89,"left_children":[1,3,5,7,9,-1,-1,-1,-1,11,13,-1,-1,-1,-1],"loss_changes":[1.9049281E-1,8.029691E-2,4.0338784E-3,2.3622364E-3,2.2098084E-3,0E0,0E0,0E0,0E0,1.227688E-4,1.0427902E-5,0E0,0E0,0E0,0E0],"parents":[2147483647,0,0,1,1,2,2,3,3,4,4,9,9,10,10],"right_children":[2,4,6,8,10,-1,-1,-1,-1,12,14,-1,-1,-1,-1],"split_conditions":[9.061565E-1,1.991945E-1,1E0,9.9252E-2,6.003332E-1,6.466675E-3,2.657013E-2,-2.4532005E-2,-6.1584E-3,3.0164096E-1,7.019761E-1,-2.0035745E-3,-4.9406686E-4,6.904602E-4,2.6405335E-3],"split_indices":[0,0,0,0,0,0,0,0,0,0,0,0,0,0,0],"split_type":[0,0,0,0,0,0,0,0,0,0,0,0,0,0,0],"sum_hessian":[9E0,7E0,2E0,2E0,5E0,1E0,1E0,1E0,1E0,3E0,2E0,1E0,2E0,1E0,1E0],"tree_param":{"num_deleted":"0","num_feature":"2","num_nodes":"15","size_leaf_vector":"1"}},{"base_weights":[5.596471E-3,-7.146606E-2,2.0923106E-1,-1.9437242E-1,1.8981298E-3,6.1431886E-3,2.524147E-2,-2.3305405E-2,-5.850458E-3,-1.2975216E-2,2.1096548E-2,-1.9034386E-3,-4.6106972E-4,6.559372E-4,2.508545E-3],"categories":[],"categories_nodes":[],"categories_segments":[],"categories_sizes":[],"default_left":[0,0,0,0,0,0,0,0,0,0,0,0,0,0,0],"id":90,"left_children":[1,3,5,7,9,-1,-1,-1,-1,11,13,-1,-1,-1,-1],"loss_changes":[1.7187887E-1,7.250434E-2,3.641218E-3,2.1320358E-3,1.9870005E-3,0E0,0E0,0E0,0E0,1.1496636E-4,9.417301E-6,0E0,0E0,0E0,0E0],"parents":[2147483647,0,0,1,1,2,2,3,3,4,4,9,9,10,10],"right_children":[2,4,6,8,10,-1,-1,-1,-1,12,14,-1,-1,-1,-1],"split_conditions":[9.061565E-1,1.991945E-1,1E0,9.9252E-2,6.003332E-1,6.1431886E-3,2.524147E-2,-2.3305405E-2,-5.850458E-3,3.0164096E-1,7.019761E-1,-1.9034386E-3,-4.6106972E-4,6.559372E-4,2.508545E-3],"split_indices":[0,0,0,0,0,0,0,0,0,0,0,0,0,0,0],"split_type":[0,0,0,0,0,0,0,0,0,0,0,0,0,0,0],"sum_hessian":[9E0,7E0,2E0,2E0,5E0,1E0,1E0,1E0,1E0,3E0,2E0,1E0,2E0,1E0,1E0],"tree_param":{"num_deleted":"0","num_feature":"2","num_nodes":"15","size_leaf_vector":"1"}},{"base_weights":[5.340171E-3,-6.786397E-2,1.9877116E-1,-1.8465368E-1,1.8415451E-3,5.8361054E-3,2.3979569E-2,-2.2140134E-2,-5.5579185E-3,-1.2268543E-2,2.0041147E-2,-1.8082618E-3,-4.3029786E-4,6.231308E-4,2.3830414E-3],"categories":[],"categories_nodes":[],"categories_segments":[],"categories_sizes":[],"default_left":[0,0,0,0,0,0,0,0,0,0,0,0,0,0,0],"id":91,"left_children":[1,3,5,7,9,-1,-1,-1,-1,11,13,-1,-1,-1,-1],"loss_changes":[1.5508889E-1,6.546715E-2,3.2860562E-3,1.9242391E-3,1.7866637E-3,0E0,0E0,0E0,0E0,1.0744046E-4,8.492847E-6,0E0,0E0,0E0,0E0],"parents":[2147483647,0,0,1,1,2,2,3,3,4,4,9,9,10,10],"right_children":[2,4,6,8,10,-1,-1,-1,-1,12,14,-1,-1,-1,-1],"split_conditions":[9.061565E-1,1.991945E-1,1E0,9.9252E-2,6.003332E-1,5.8361054E-3,2.3979569E-2,-2.2140134E-2,-5.5579185E-3,3.0164096E-1,7.019761E-1,-1.8082618E-3,-4.3029786E-4,6.231308E-4,2.3830414E-3],"split_indices":[0,0,0,0,0,0,0,0,0,0,0,0,0,0,0],"split_type":[0,0,0,0,0,0,0,0,0,0,0,0,0,0,0],"sum_hessian":[9E0,7E0,2E0,2E0,5E0,1E0,1E0,1E0,1E0,3E0,2E0,1E0,2E0,1E0,1E0],"tree_param":{"num_deleted":"0","num_feature":"2","num_nodes":"15","size_leaf_vector":"1"}},{"base_weights":[5.0952313E-3,-6.4443186E-2,1.888326E-1,-1.7542095E-1,1.786232E-3,5.544281E-3,2.278061E-2,-2.1033127E-2,-5.280018E-3,-1.1600971E-2,1.9040426E-2,-1.7178536E-3,-4.0156045E-4,5.92041E-4,2.2640228E-3],"categories":[],"categories_nodes":[],"categories_segments":[],"categories_sizes":[],"default_left":[0,0,0,0,0,0,0,0,0,0,0,0,0,0,0],"id":92,"left_children":[1,3,5,7,9,-1,-1,-1,-1,11,13,-1,-1,-1,-1],"loss_changes":[1.3993704E-1,5.911329E-2,2.9657856E-3,1.7366484E-3,1.6067997E-3,0E0,0E0,0E0,0E0,1.0024925E-4,7.648952E-6,0E0,0E0,0E0,0E0],"parents":[2147483647,0,0,1,1,2,2,3,3,4,4,9,9,10,10],"right_children":[2,4,6,8,10,-1,-1,-1,-1,12,14,-1,-1,-1,-1],"split_conditions":[9.061565E-1,1.991945E-1,1E0,9.9252E-2,6.003332E-1,5.544281E-3,2.278061E-2,-2.1033127E-2,-5.280018E-3,3.0164096E-1,7.019761E-1,-1.7178536E-3,-4.0156045E-4,5.92041E-4,2.2640228E-3],"split_indices":[0,0,0,0,0,0,0,0,0,0,0,0,0,0,0],"split_type":[0,0,0,0,0,0,0,0,0,0,0,0,0,0,0],"sum_hessian":[9E0,7E0,2E0,2E0,5E0,1E0,1E0,1E0,1E0,3E0,2E0,1E0,2E0,1E0,1E0],"tree_param":{"num_deleted":"0","num_feature":"2","num_nodes":"15","size_leaf_vector":"1"}},{"base_weights":[4.8601357E-3,-6.1196063E-2,1.7938995E-1,-1.6665007E-1,1.7302831E-3,5.266953E-3,2.1641541E-2,-1.998147E-2,-5.016041E-3,-1.09705925E-2,1.8088022E-2,-1.6319276E-3,-3.74794E-4,5.624771E-4,2.1507263E-3],"categories":[],"categories_nodes":[],"categories_segments":[],"categories_sizes":[],"default_left":[0,0,0,0,0,0,0,0,0,0,0,0,0,0,0],"id":93,"left_children":[1,3,5,7,9,-1,-1,-1,-1,11,13,-1,-1,-1,-1],"loss_changes":[1.2626572E-1,5.3375036E-2,2.6771426E-3,1.5672147E-3,1.444982E-3,0E0,0E0,0E0,0E0,9.336305E-5,6.8711815E-6,0E0,0E0,0E0,0E0],"parents":[2147483647,0,0,1,1,2,2,3,3,4,4,9,9,10,10],"right_children":[2,4,6,8,10,-1,-1,-1,-1,12,14,-1,-1,-1,-1],"split_conditions":[9.061565E-1,1.991945E-1,1E0,9.9252E-2,6.003332E-1,5.266953E-3,2.1641541E-2,-1.998147E-2,-5.016041E-3,3.0164096E-1,7.019761E-1,-1.6319276E-3,-3.74794E-4,5.624771E-4,2.1507263E-3],"split_indices":[0,0,0,0,0,0,0,0,0,0,0,0,0,0,0],"split_type":[0,0,0,0,0,0,0,0,0,0,0,0,0,0,0],"sum_hessian":[9E0,7E0,2E0,2E0,5E0,1E0,1E0,1E0,1E0,3E0,2E0,1E0,2E0,1E0,1E0],"tree_param":{"num_deleted":"0","num_feature":"2","num_nodes":"15","size_leaf_vector":"1"}},{"base_weights":[4.6358407E-3,-5.8112822E-2,1.7042033E-1,-1.5831746E-1,1.67497E-3,5.0037387E-3,2.055931E-2,-1.8982396E-2,-4.7652246E-3,-1.03755E-2,1.7183939E-2,-1.550293E-3,-3.4987132E-4,5.344391E-4,2.043152E-3],"categories":[],"categories_nodes":[],"categories_segments":[],"categories_sizes":[],"default_left":[0,0,0,0,0,0,0,0,0,0,0,0,0,0,0],"id":94,"left_children":[1,3,5,7,9,-1,-1,-1,-1,11,13,-1,-1,-1,-1],"loss_changes":[1.1393116E-1,4.819329E-2,2.4152696E-3,1.4144778E-3,1.2996341E-3,0E0,0E0,0E0,0E0,8.680066E-5,6.1555766E-6,0E0,0E0,0E0,0E0],"parents":[2147483647,0,0,1,1,2,2,3,3,4,4,9,9,10,10],"right_children":[2,4,6,8,10,-1,-1,-1,-1,12,14,-1,-1,-1,-1],"split_conditions":[9.061565E-1,1.991945E-1,1E0,9.9252E-2,6.003332E-1,5.0037387E-3,2.055931E-2,-1.8982396E-2,-4.7652246E-3,3.0164096E-1,7.019761E-1,-1.550293E-3,-3.4987132E-4,5.344391E-4,2.043152E-3],"split_indices":[0,0,0,0,0,0,0,0,0,0,0,0,0,0,0],"split_type":[0,0,0,0,0,0,0,0,0,0,0,0,0,0,0],"sum_hessian":[9E0,7E0,2E0,2E0,5E0,1E0,1E0,1E0,1E0,3E0,2E0,1E0,2E0,1E0,1E0],"tree_param":{"num_deleted":"0","num_feature":"2","num_nodes":"15","size_leaf_vector":"1"}},{"base_weights":[4.4212164E-3,-5.518534E-2,1.618983E-1,-1.5040149E-1,1.6202927E-3,4.753494E-3,1.953125E-2,-1.8033275E-2,-4.526949E-3,-9.812832E-3,1.6324362E-2,-1.4727593E-3,-3.2653808E-4,5.0773623E-4,1.940918E-3],"categories":[],"categories_nodes":[],"categories_segments":[],"categories_sizes":[],"default_left":[0,0,0,0,0,0,0,0,0,0,0,0,0,0,0],"id":95,"left_children":[1,3,5,7,9,-1,-1,-1,-1,11,13,-1,-1,-1,-1],"loss_changes":[1.0280108E-1,4.35142E-2,2.1799132E-3,1.2766272E-3,1.1688689E-3,0E0,0E0,0E0,0E0,8.062544E-5,5.537411E-6,0E0,0E0,0E0,0E0],"parents":[2147483647,0,0,1,1,2,2,3,3,4,4,9,9,10,10],"right_children":[2,4,6,8,10,-1,-1,-1,-1,12,14,-1,-1,-1,-1],"split_conditions":[9.061565E-1,1.991945E-1,1E0,9.9252E-2,6.003332E-1,4.753494E-3,1.953125E-2,-1.8033275E-2,-4.526949E-3,3.0164096E-1,7.019761E-1,-1.4727593E-3,-3.2653808E-4,5.0773623E-4,1.940918E-3],"split_indices":[0,0,0,0,0,0,0,0,0,0,0,0,0,0,0],"split_type":[0,0,0,0,0,0,0,0,0,0,0,0,0,0,0],"sum_hessian":[9E0,7E0,2E0,2E0,5E0,1E0,1E0,1E0,1E0,3E0,2E0,1E0,2E0,1E0,1E0],"tree_param":{"num_deleted":"0","num_feature":"2","num_nodes":"15","size_leaf_vector":"1"}},{"base_weights":[4.216963E-3,-5.240511E-2,1.5380351E-1,-1.4288138E-1,1.5672048E-3,4.515839E-3,1.8554688E-2,-1.7131612E-2,-4.3005943E-3,-9.281158E-3,1.5509288E-2,-1.3991356E-3,-3.0473073E-4,4.823685E-4,1.8440246E-3],"categories":[],"categories_nodes":[],"categories_segments":[],"categories_sizes":[],"default_left":[0,0,0,0,0,0,0,0,0,0,0,0,0,0,0],"id":96,"left_children":[1,3,5,7,9,-1,-1,-1,-1,11,13,-1,-1,-1,-1],"loss_changes":[9.275909E-2,3.9289635E-2,1.9672886E-3,1.1521839E-3,1.0514369E-3,0E0,0E0,0E0,0E0,7.4814714E-5,5.0071976E-6,0E0,0E0,0E0,0E0],"parents":[2147483647,0,0,1,1,2,2,3,3,4,4,9,9,10,10],"right_children":[2,4,6,8,10,-1,-1,-1,-1,12,14,-1,-1,-1,-1],"split_conditions":[9.061565E-1,1.991945E-1,1E0,9.9252E-2,6.003332E-1,4.515839E-3,1.8554688E-2,-1.7131612E-2,-4.3005943E-3,3.0164096E-1,7.019761E-1,-1.3991356E-3,-3.0473073E-4,4.823685E-4,1.8440246E-3],"split_indices":[0,0,0,0,0,0,0,0,0,0,0,0,0,0,0],"split_type":[0,0,0,0,0,0,0,0,0,0,0,0,0,0,0],"sum_hessian":[9E0,7E0,2E0,2E0,5E0,1E0,1E0,1E0,1E0,3E0,2E0,1E0,2E0,1E0,1E0],"tree_param":{"num_deleted":"0","num_feature":"2","num_nodes":"15","size_leaf_vector":"1"}},{"base_weights":[4.021442E-3,-4.97656E-2,1.4611308E-1,-1.3573714E-1,1.5144348E-3,4.2900085E-3,1.7626954E-2,-1.6275031E-2,-4.085541E-3,-8.778572E-3,1.4733632E-2,-1.329136E-3,-2.843857E-4,4.5833588E-4,1.751709E-3],"categories":[],"categories_nodes":[],"categories_segments":[],"categories_sizes":[],"default_left":[0,0,0,0,0,0,0,0,0,0,0,0,0,0,0],"id":97,"left_children":[1,3,5,7,9,-1,-1,-1,-1,11,13,-1,-1,-1,-1],"loss_changes":[8.369829E-2,3.5474554E-2,1.7756373E-3,1.0399371E-3,9.45732E-4,0E0,0E0,0E0,0E0,6.932969E-5,4.471396E-6,0E0,0E0,0E0,0E0],"parents":[2147483647,0,0,1,1,2,2,3,3,4,4,9,9,10,10],"right_children":[2,4,6,8,10,-1,-1,-1,-1,12,14,-1,-1,-1,-1],"split_conditions":[9.061565E-1,1.991945E-1,1E0,9.9252E-2,6.003332E-1,4.2900085E-3,1.7626954E-2,-1.6275031E-2,-4.085541E-3,3.0164096E-1,7.019761E-1,-1.329136E-3,-2.843857E-4,4.5833588E-4,1.751709E-3],"split_indices":[0,0,0,0,0,0,0,0,0,0,0,0,0,0,0],"split_type":[0,0,0,0,0,0,0,0,0,0,0,0,0,0,0],"sum_hessian":[9E0,7E0,2E0,2E0,5E0,1E0,1E0,1E0,1E0,3E0,2E0,1E0,2E0,1E0,1E0],"tree_param":{"num_deleted":"0","num_feature":"2","num_nodes":"15","size_leaf_vector":"1"}},{"base_weights":[3.8350553E-3,-4.7259632E-2,1.388092E-1,-1.2895028E-1,1.4623007E-3,4.0756227E-3,1.674576E-2,-1.546128E-2,-3.8812638E-3,-8.303642E-3,1.3996124E-2,-1.2626648E-3,-2.6537578E-3,4.354477E-4,1.663971E-3,-3.2958985E-4,-6.847382E-5],"categories":[],"categories_nodes":[],"categories_segments":[],"categories_sizes":[],"default_left":[0,0,0,0,0,0,0,0,0,0,0,0,0,0,0,0,0],"id":98,"left_children":[1,3,5,7,9,-1,-1,-1,-1,11,13,-1,15,-1,-1,-1,-1],"loss_changes":[7.5524695E-2,3.2029577E-2,1.6022362E-3,9.3854964E-4,8.5064647E-4,0E0,0E0,0E0,0E0,6.4189866E-5,4.008296E-6,0E0,1.5363348E-6,0E0,0E0,0E0,0E0],"parents":[2147483647,0,0,1,1,2,2,3,3,4,4,9,9,10,10,12,12],"right_children":[2,4,6,8,10,-1,-1,-1,-1,12,14,-1,16,-1,-1,-1,-1],"split_conditions":[9.061565E-1,1.991945E-1,1E0,9.9252E-2,6.003332E-1,4.0756227E-3,1.674576E-2,-1.546128E-2,-3.8812638E-3,3.0164096E-1,7.019761E-1,-1.2626648E-3,4.0210196E-1,4.354477E-4,1.663971E-3,-3.2958985E-4,-6.847382E-5],"split_indices":[0,0,0,0,0,0,0,0,0,0,0,0,0,0,0,0,0],"split_type":[0,0,0,0,0,0,0,0,0,0,0,0,0,0,0,0,0],"sum_hessian":[9E0,7E0,2E0,2E0,5E0,1E0,1E0,1E0,1E0,3E0,2E0,1E0,2E0,1E0,1E0,1E0,1E0],"tree_param":{"num_deleted":"0","num_feature":"2","num_nodes":"17","size_leaf_vector":"1"}},{"base_weights":[3.6435872E-3,-4.489639E-2,1.31869E-1,-1.22502714E-1,1.3895035E-3,3.8719177E-3,1.5908433E-2,-1.4688216E-2,-3.687191E-3,-7.888317E-3,1.3296763E-2,-1.1995316E-3,-2.520879E-3,4.1370394E-4,1.5808105E-3,-3.130913E-4,-6.504059E-5],"categories":[],"categories_nodes":[],"categories_segments":[],"categories_sizes":[],"default_left":[0,0,0,0,0,0,0,0,0,0,0,0,0,0,0,0,0],"id":99,"left_children":[1,3,5,7,9,-1,-1,-1,-1,11,13,-1,15,-1,-1,-1,-1],"loss_changes":[6.816103E-2,2.8906843E-2,1.445692E-3,8.470677E-4,7.677296E-4,0E0,0E0,0E0,0E0,5.793749E-5,3.610854E-6,0E0,1.3867902E-6,0E0,0E0,0E0,0E0],"parents":[2147483647,0,0,1,1,2,2,3,3,4,4,9,9,10,10,12,12],"right_children":[2,4,6,8,10,-1,-1,-1,-1,12,14,-1,16,-1,-1,-1,-1],"split_conditions":[9.061565E-1,1.991945E-1,1E0,9.9252E-2,6.003332E-1,3.8719177E-3,1.5908433E-2,-1.4688216E-2,-3.687191E-3,3.0164096E-1,7.019761E-1,-1.1995316E-3,4.0210196E-1,4.1370394E-4,1.5808105E-3,-3.130913E-4,-6.504059E-5],"split_indices":[0,0,0,0,0,0,0,0,0,0,0,0,0,0,0,0,0],"split_type":[0,0,0,0,0,0,0,0,0,0,0,0,0,0,0,0,0],"sum_hessian":[9E0,7E0,2E0,2E0,5E0,1E0,1E0,1E0,1E0,3E0,2E0,1E0,2E0,1E0,1E0,1E0,1E0],"tree_param":{"num_deleted":"0","num_feature":"2","num_nodes":"17","size_leaf_vector":"1"}}]},"name":"gbtree"},"learner_model_param":{"base_score":"4.8322224E1","boost_from_average":"1","num_class":"0","num_feature":"2","num_target":"1"},"objective":{"name":"reg:squarederror","reg_loss_param":{"scale_pos_weight":"1"}}},"version":[2,0,1]}