{"model_name": "XgboostFitTrainer_3", "model_class": "xgboost", "model_file": "XgboostFitTrainer_3.json", "features": ["bpf_cpu_time_ms", "bpf_page_cache_hit", "cache_miss", "cgroupfs_cpu_usage_us", "cgroupfs_memory_usage_bytes", "cgroupfs_system_cpu_usage_us", "cgroupfs_user_cpu_usage_us", "cpu_cycles", "cpu_instructions"], "fe_files": [], "output_type": "AbsPower", "mae": 0.81, "mape": 3.1, "package_mae": 0.64, "core_mae": 0.81, "uncore_mae": 0.0, "dram_mae": 0.43, "package_mape": 1.96, "core_mape": 1.67, "uncore_mape": -1, "dram_mape": 3.1}