{"model_name": "PolynomialRegressionTrainer_0", "model_class": "scikit", "model_file": "PolynomialRegressionTrainer_0.json", "features": ["bpf_cpu_time_ms", "bpf_page_cache_hit", "cache_miss", "cgroupfs_cpu_usage_us", "cgroupfs_memory_usage_bytes", "cgroupfs_system_cpu_usage_us", "cgroupfs_user_cpu_usage_us", "cpu_cycles", "cpu_instructions"], "fe_files": ["poly_scaler.pkl"], "output_type": "AbsPower", "mae": 8.5, "mape": 1.29, "package_mae": 8.5, "core_mae": 0.0, "uncore_mae": 0.0, "dram_mae": 0.24, "package_mape": 3.09, "core_mape": -1, "uncore_mape": -1, "dram_mape": 1.29}