{"model_name": "XgboostFitTrainer_0", "trainer": "XgboostFitTrainer", "model_class": "xgboost", "model_file": "XgboostFitTrainer_0.json", "features": ["bpf_cpu_time_ms", "bpf_page_cache_hit"], "fe_files": [], "output_type": "AbsPower", "mae": 5.71, "mape": -1, "node_type": 0, "machine_spec": {"processor": "11th_gen_intel_core", "cores": 8, "chips": 1, "memory": 31, "frequency": 4800}, "package_mae": 5.71, "core_mae": 4.91, "uncore_mae": 1.59, "dram_mae": 0.0, "package_mape": 27.68, "core_mape": 59.23, "uncore_mape": 5835.68, "dram_mape": -1}