{"package": {"All_Weights": {"Bias_Weight": 84.86908494124461, "Categorical_Variables": {}, "Numerical_Variables": {"bpf_cpu_time_us": {"scale": 91202.66666666666, "mean": 0, "variance": 0, "weight": 0.0}, "cache_miss": {"scale": 1590590809.0, "mean": 0, "variance": 0, "weight": 143.3164526165031}, "cgroupfs_cpu_usage_us": {"scale": 12170083.666666666, "mean": 0, "variance": 0, "weight": 0.0}, "cgroupfs_memory_usage_bytes": {"scale": 4784128.0, "mean": 0, "variance": 0, "weight": 0.0}, "cgroupfs_system_cpu_usage_us": {"scale": 2759825.333333333, "mean": 0, "variance": 0, "weight": 0.0}, "cgroupfs_user_cpu_usage_us": {"scale": 9410258.0, "mean": 0, "variance": 0, "weight": 0.0}, "cpu_cycles": {"scale": 149704902796.3333, "mean": 0, "variance": 0, "weight": 669.9154993195078}, "cpu_instructions": {"scale": 213346687012.6667, "mean": 0, "variance": 0, "weight": 289.60494489008056}, "kubelet_cpu_usage": {"scale": 624.6666666666666, "mean": 0, "variance": 0, "weight": 0.0}, "kubelet_memory_bytes": {"scale": 13031665664.0, "mean": 0, "variance": 0, "weight": 16.62950839392999}}}}, "core": {"All_Weights": {"Bias_Weight": 0.0, "Categorical_Variables": {}, "Numerical_Variables": {"bpf_cpu_time_us": {"scale": 91202.66666666666, "mean": 0, "variance": 0, "weight": 0.0}, "cache_miss": {"scale": 1590590809.0, "mean": 0, "variance": 0, "weight": 0.0}, "cgroupfs_cpu_usage_us": {"scale": 12170083.666666666, "mean": 0, "variance": 0, "weight": 0.0}, "cgroupfs_memory_usage_bytes": {"scale": 4784128.0, "mean": 0, "variance": 0, "weight": 0.0}, "cgroupfs_system_cpu_usage_us": {"scale": 2759825.333333333, "mean": 0, "variance": 0, "weight": 0.0}, "cgroupfs_user_cpu_usage_us": {"scale": 9410258.0, "mean": 0, "variance": 0, "weight": 0.0}, "cpu_cycles": {"scale": 149704902796.3333, "mean": 0, "variance": 0, "weight": 0.0}, "cpu_instructions": {"scale": 213346687012.6667, "mean": 0, "variance": 0, "weight": 0.0}, "kubelet_cpu_usage": {"scale": 624.6666666666666, "mean": 0, "variance": 0, "weight": 0.0}, "kubelet_memory_bytes": {"scale": 13031665664.0, "mean": 0, "variance": 0, "weight": 0.0}}}}, "uncore": {"All_Weights": {"Bias_Weight": 0.0, "Categorical_Variables": {}, "Numerical_Variables": {"bpf_cpu_time_us": {"scale": 91202.66666666666, "mean": 0, "variance": 0, "weight": 0.0}, "cache_miss": {"scale": 1590590809.0, "mean": 0, "variance": 0, "weight": 0.0}, "cgroupfs_cpu_usage_us": {"scale": 12170083.666666666, "mean": 0, "variance": 0, "weight": 0.0}, "cgroupfs_memory_usage_bytes": {"scale": 4784128.0, "mean": 0, "variance": 0, "weight": 0.0}, "cgroupfs_system_cpu_usage_us": {"scale": 2759825.333333333, "mean": 0, "variance": 0, "weight": 0.0}, "cgroupfs_user_cpu_usage_us": {"scale": 9410258.0, "mean": 0, "variance": 0, "weight": 0.0}, "cpu_cycles": {"scale": 149704902796.3333, "mean": 0, "variance": 0, "weight": 0.0}, "cpu_instructions": {"scale": 213346687012.6667, "mean": 0, "variance": 0, "weight": 0.0}, "kubelet_cpu_usage": {"scale": 624.6666666666666, "mean": 0, "variance": 0, "weight": 0.0}, "kubelet_memory_bytes": {"scale": 13031665664.0, "mean": 0, "variance": 0, "weight": 0.0}}}}, "dram": {"All_Weights": {"Bias_Weight": 2.125663750962847, "Categorical_Variables": {}, "Numerical_Variables": {"bpf_cpu_time_us": {"scale": 91202.66666666666, "mean": 0, "variance": 0, "weight": 0.0}, "cache_miss": {"scale": 1590590809.0, "mean": 0, "variance": 0, "weight": 172.36736967157833}, "cgroupfs_cpu_usage_us": {"scale": 12170083.666666666, "mean": 0, "variance": 0, "weight": 0.0}, "cgroupfs_memory_usage_bytes": {"scale": 4784128.0, "mean": 0, "variance": 0, "weight": 2.3887974973435218}, "cgroupfs_system_cpu_usage_us": {"scale": 2759825.333333333, "mean": 0, "variance": 0, "weight": 0.0}, "cgroupfs_user_cpu_usage_us": {"scale": 9410258.0, "mean": 0, "variance": 0, "weight": 0.0}, "cpu_cycles": {"scale": 149704902796.3333, "mean": 0, "variance": 0, "weight": 10.644886302454633}, "cpu_instructions": {"scale": 213346687012.6667, "mean": 0, "variance": 0, "weight": 0.0}, "kubelet_cpu_usage": {"scale": 624.6666666666666, "mean": 0, "variance": 0, "weight": 0.0}, "kubelet_memory_bytes": {"scale": 13031665664.0, "mean": 0, "variance": 0, "weight": 36.33528046350965}}}}}