{"learner":{"attributes":{"scikit_learn":"{\"_estimator_type\": \"regressor\"}"},"feature_names":[],"feature_types":[],"gradient_booster":{"model":{"gbtree_model_param":{"num_parallel_tree":"1","num_trees":"100"},"iteration_indptr":[0,1,2,3,4,5,6,7,8,9,10,11,12,13,14,15,16,17,18,19,20,21,22,23,24,25,26,27,28,29,30,31,32,33,34,35,36,37,38,39,40,41,42,43,44,45,46,47,48,49,50,51,52,53,54,55,56,57,58,59,60,61,62,63,64,65,66,67,68,69,70,71,72,73,74,75,76,77,78,79,80,81,82,83,84,85,86,87,88,89,90,91,92,93,94,95,96,97,98,99,100],"tree_info":[0,0,0,0,0,0,0,0,0,0,0,0,0,0,0,0,0,0,0,0,0,0,0,0,0,0,0,0,0,0,0,0,0,0,0,0,0,0,0,0,0,0,0,0,0,0,0,0,0,0,0,0,0,0,0,0,0,0,0,0,0,0,0,0,0,0,0,0,0,0,0,0,0,0,0,0,0,0,0,0,0,0,0,0,0,0,0,0,0,0,0,0,0,0,0,0,0,0,0,0],"trees":[{"base_weights":[4.7683716E-7,-1.1099999E1,1.3320001E1,-1.258E0,-1.8499994E-1,2.6999998E-1,1.5300001E0],"categories":[],"categories_nodes":[],"categories_segments":[],"categories_sizes":[],"default_left":[0,0,0,0,0,0,0],"id":0,"left_children":[1,3,5,-1,-1,-1,-1],"loss_changes":[1.6263721E3,5.8867004E1,6.3828003E1,0E0,0E0,0E0,0E0],"parents":[2147483647,0,0,1,1,2,2],"right_children":[2,4,6,-1,-1,-1,-1],"split_conditions":[6.032456E-1,4.042316E-1,7.9543567E-1,-1.258E0,-1.8499994E-1,2.6999998E-1,1.5300001E0],"split_indices":[0,0,0,0,0,0,0],"split_type":[0,0,0,0,0,0,0],"sum_hessian":[9E0,5E0,4E0,4E0,1E0,1E0,3E0],"tree_param":{"num_deleted":"0","num_feature":"2","num_nodes":"7","size_leaf_vector":"1"}},{"base_weights":[3.569994E-2,-1.02305E1,1.2348E1,-1.27565E0,-3.4523332E-1,2.5649998E-1,1.4152501E0],"categories":[],"categories_nodes":[],"categories_segments":[],"categories_sizes":[],"default_left":[0,0,0,0,0,0,0],"id":1,"left_children":[1,3,5,-1,-1,-1,-1],"loss_changes":[1.3903317E3,5.8690186E1,5.1965942E1,0E0,0E0,0E0,0E0],"parents":[2147483647,0,0,1,1,2,2],"right_children":[2,4,6,-1,-1,-1,-1],"split_conditions":[6.032456E-1,3.0056068E-1,7.9543567E-1,-1.27565E0,-3.4523332E-1,2.5649998E-1,1.4152501E0],"split_indices":[0,0,0,0,0,0,0],"split_type":[0,0,0,0,0,0,0],"sum_hessian":[9E0,5E0,4E0,3E0,2E0,1E0,3E0],"tree_param":{"num_deleted":"0","num_feature":"2","num_nodes":"7","size_leaf_vector":"1"}},{"base_weights":[3.7216473E-2,-9.477597E0,1.144755E1,-1.1799763E0,-3.2221773E-1,2.4367495E-1,1.3091062E0],"categories":[],"categories_nodes":[],"categories_segments":[],"categories_sizes":[],"default_left":[0,0,0,0,0,0,0],"id":2,"left_children":[1,3,5,-1,-1,-1,-1],"loss_changes":[1.1941672E3,4.9135803E1,4.2147156E1,0E0,0E0,0E0,0E0],"parents":[2147483647,0,0,1,1,2,2],"right_children":[2,4,6,-1,-1,-1,-1],"split_conditions":[6.032456E-1,3.0056068E-1,7.9543567E-1,-1.1799763E0,-3.2221773E-1,2.4367495E-1,1.3091062E0],"split_indices":[0,0,0,0,0,0,0],"split_type":[0,0,0,0,0,0,0],"sum_hessian":[9E0,5E0,4E0,3E0,2E0,1E0,3E0],"tree_param":{"num_deleted":"0","num_feature":"2","num_nodes":"7","size_leaf_vector":"1"}},{"base_weights":[3.855314E-2,-8.780203E0,1.061335E1,-1.0914782E0,-3.0073652E-1,2.314912E-1,1.2109232E0],"categories":[],"categories_nodes":[],"categories_segments":[],"categories_sizes":[],"default_left":[0,0,0,0,0,0,0],"id":3,"left_children":[1,3,5,-1,-1,-1,-1],"loss_changes":[1.0257529E3,4.1110687E1,3.4035645E1,0E0,0E0,0E0,0E0],"parents":[2147483647,0,0,1,1,2,2],"right_children":[2,4,6,-1,-1,-1,-1],"split_conditions":[6.032456E-1,3.0056068E-1,7.9543567E-1,-1.0914782E0,-3.0073652E-1,2.314912E-1,1.2109232E0],"split_indices":[0,0,0,0,0,0,0],"split_type":[0,0,0,0,0,0,0],"sum_hessian":[9E0,5E0,4E0,3E0,2E0,1E0,3E0],"tree_param":{"num_deleted":"0","num_feature":"2","num_nodes":"7","size_leaf_vector":"1"}},{"base_weights":[3.971834E-2,-8.134218E0,9.840499E0,-1.0096172E0,-2.8068736E-1,2.1991663E-1,1.1201041E0],"categories":[],"categories_nodes":[],"categories_segments":[],"categories_sizes":[],"default_left":[0,0,0,0,0,0,0],"id":4,"left_children":[1,3,5,-1,-1,-1,-1],"loss_changes":[8.811544E2,3.4373352E1,2.7348785E1,0E0,0E0,0E0,0E0],"parents":[2147483647,0,0,1,1,2,2],"right_children":[2,4,6,-1,-1,-1,-1],"split_conditions":[6.032456E-1,3.0056068E-1,7.9543567E-1,-1.0096172E0,-2.8068736E-1,2.1991663E-1,1.1201041E0],"split_indices":[0,0,0,0,0,0,0],"split_type":[0,0,0,0,0,0,0],"sum_hessian":[9E0,5E0,4E0,3E0,2E0,1E0,3E0],"tree_param":{"num_deleted":"0","num_feature":"2","num_nodes":"7","size_leaf_vector":"1"}},{"base_weights":[4.071798E-2,-7.5358477E0,9.124453E0,-8.589792E-1,-1.1330614E-1,2.0892076E-1,1.0360962E0],"categories":[],"categories_nodes":[],"categories_segments":[],"categories_sizes":[],"default_left":[0,0,0,0,0,0,0],"id":5,"left_children":[1,3,5,-1,-1,-1,-1],"loss_changes":[7.569956E2,3.0756348E1,2.1849518E1,0E0,0E0,0E0,0E0],"parents":[2147483647,0,0,1,1,2,2],"right_children":[2,4,6,-1,-1,-1,-1],"split_conditions":[6.032456E-1,4.042316E-1,7.9543567E-1,-8.589792E-1,-1.1330614E-1,2.0892076E-1,1.0360962E0],"split_indices":[0,0,0,0,0,0,0],"split_type":[0,0,0,0,0,0,0],"sum_hessian":[9E0,5E0,4E0,4E0,1E0,1E0,3E0],"tree_param":{"num_deleted":"0","num_feature":"2","num_nodes":"7","size_leaf_vector":"1"}},{"base_weights":[6.391935E-2,-6.94431E0,8.461011E0,-8.694725E-1,-2.2956541E-1,1.9847469E-1,9.58389E-1],"categories":[],"categories_nodes":[],"categories_segments":[],"categories_sizes":[],"default_left":[0,0,0,0,0,0,0],"id":6,"left_children":[1,3,5,-1,-1,-1,-1],"loss_changes":[6.4724335E2,2.8862366E1,1.7338715E1,0E0,0E0,0E0,0E0],"parents":[2147483647,0,0,1,1,2,2],"right_children":[2,4,6,-1,-1,-1,-1],"split_conditions":[6.032456E-1,3.0056068E-1,7.9543567E-1,-8.694725E-1,-2.2956541E-1,1.9847469E-1,9.58389E-1],"split_indices":[0,0,0,0,0,0,0],"split_type":[0,0,0,0,0,0,0],"sum_hessian":[9E0,5E0,4E0,3E0,2E0,1E0,3E0],"tree_param":{"num_deleted":"0","num_feature":"2","num_nodes":"7","size_leaf_vector":"1"}},{"base_weights":[6.330977E-2,-6.433052E0,7.846282E0,-8.9378846E-1,-2.946165E-1,1.8855095E-1,8.8650984E-1],"categories":[],"categories_nodes":[],"categories_segments":[],"categories_sizes":[],"default_left":[0,0,0,0,0,0,0],"id":7,"left_children":[1,3,5,-1,-1,-1,-1],"loss_changes":[5.5608563E2,2.6071915E1,1.3649414E1,0E0,0E0,0E0,0E0],"parents":[2147483647,0,0,1,1,2,2],"right_children":[2,4,6,-1,-1,-1,-1],"split_conditions":[6.032456E-1,1.9755709E-1,7.9543567E-1,-8.9378846E-1,-2.946165E-1,1.8855095E-1,8.8650984E-1],"split_indices":[0,0,0,0,0,0,0],"split_type":[0,0,0,0,0,0,0],"sum_hessian":[9E0,5E0,4E0,2E0,3E0,1E0,3E0],"tree_param":{"num_deleted":"0","num_feature":"2","num_nodes":"7","size_leaf_vector":"1"}},{"base_weights":[4.564476E-2,-5.9878144E0,7.2766666E0,-8.342026E-1,-2.7252023E0,1.791234E-1,8.200216E-1,-3.0907246E-1,-8.143177E-2],"categories":[],"categories_nodes":[],"categories_segments":[],"categories_sizes":[],"default_left":[0,0,0,0,0,0,0,0,0],"id":8,"left_children":[1,3,5,-1,7,-1,-1,-1,-1],"loss_changes":[4.7985208E2,2.3351562E1,1.0641846E1,0E0,2.7705193E-1,0E0,0E0,0E0,0E0],"parents":[2147483647,0,0,1,1,2,2,4,4],"right_children":[2,4,6,-1,8,-1,-1,-1,-1],"split_conditions":[6.032456E-1,1.9755709E-1,7.9543567E-1,-8.342026E-1,4.042316E-1,1.791234E-1,8.200216E-1,-3.0907246E-1,-8.143177E-2],"split_indices":[0,0,0,0,0,0,0,0,0],"split_type":[0,0,0,0,0,0,0,0,0],"sum_hessian":[9E0,5E0,4E0,2E0,3E0,1E0,3E0,2E0,1E0],"tree_param":{"num_deleted":"0","num_feature":"2","num_nodes":"9","size_leaf_vector":"1"}},{"base_weights":[1.8523883E-2,-5.5931506E0,6.7488284E0,-7.7858907E-1,-2.550308E0,1.7016725E-1,7.5851995E-1,-2.8846762E-1,-7.736015E-2],"categories":[],"categories_nodes":[],"categories_segments":[],"categories_sizes":[],"default_left":[0,0,0,0,0,0,0,0,0],"id":9,"left_children":[1,3,5,-1,7,-1,-1,-1,-1],"loss_changes":[4.1543002E2,2.0176544E1,8.198944E0,0E0,1.4470863E-1,0E0,0E0,0E0,0E0],"parents":[2147483647,0,0,1,1,2,2,4,4],"right_children":[2,4,6,-1,8,-1,-1,-1,-1],"split_conditions":[6.032456E-1,1.9755709E-1,7.9543567E-1,-7.7858907E-1,4.042316E-1,1.7016725E-1,7.5851995E-1,-2.8846762E-1,-7.736015E-2],"split_indices":[0,0,0,0,0,0,0,0,0],"split_type":[0,0,0,0,0,0,0,0,0],"sum_hessian":[9E0,5E0,4E0,2E0,3E0,1E0,3E0,2E0,1E0],"tree_param":{"num_deleted":"0","num_feature":"2","num_nodes":"9","size_leaf_vector":"1"}},{"base_weights":[-4.90098E-3,-5.2245717E0,6.259684E0,-7.266831E-1,-2.3867342E0,2.562753E-1,7.8700536E-1,-2.6923648E-1,-7.349215E-2],"categories":[],"categories_nodes":[],"categories_segments":[],"categories_sizes":[],"default_left":[0,0,0,0,0,0,0,0,0],"id":10,"left_children":[1,3,5,-1,7,-1,-1,-1,-1],"loss_changes":[3.596949E2,1.742958E1,9.598129E0,0E0,4.0700912E-2,0E0,0E0,0E0,0E0],"parents":[2147483647,0,0,1,1,2,2,4,4],"right_children":[2,4,6,-1,8,-1,-1,-1,-1],"split_conditions":[6.032456E-1,1.9755709E-1,9.0718067E-1,-7.266831E-1,4.042316E-1,2.562753E-1,7.8700536E-1,-2.6923648E-1,-7.349215E-2],"split_indices":[0,0,0,0,0,0,0,0,0],"split_type":[0,0,0,0,0,0,0,0,0],"sum_hessian":[9E0,5E0,4E0,2E0,3E0,2E0,2E0,2E0,1E0],"tree_param":{"num_deleted":"0","num_feature":"2","num_nodes":"9","size_leaf_vector":"1"}},{"base_weights":[-7.0243357E-3,-4.88035E0,5.8423715E0,-6.13564E-1,-1.5798464E-1,2.391903E-1,7.3453826E-1],"categories":[],"categories_nodes":[],"categories_segments":[],"categories_sizes":[],"default_left":[0,0,0,0,0,0,0],"id":11,"left_children":[1,3,5,-1,-1,-1,-1],"loss_changes":[3.1357294E2,1.5165161E1,8.361023E0,0E0,0E0,0E0,0E0],"parents":[2147483647,0,0,1,1,2,2],"right_children":[2,4,6,-1,-1,-1,-1],"split_conditions":[6.032456E-1,3.0056068E-1,9.0718067E-1,-6.13564E-1,-1.5798464E-1,2.391903E-1,7.3453826E-1],"split_indices":[0,0,0,0,0,0,0],"split_type":[0,0,0,0,0,0,0],"sum_hessian":[9E0,5E0,4E0,3E0,2E0,2E0,2E0],"tree_param":{"num_deleted":"0","num_feature":"2","num_nodes":"7","size_leaf_vector":"1"}},{"base_weights":[1.389575E-2,-4.520907E0,5.45288E0,-6.3733333E-1,-2.0013602E0,2.232443E-1,6.85569E-1,-2.2556913E-1,-6.1918356E-2],"categories":[],"categories_nodes":[],"categories_segments":[],"categories_sizes":[],"default_left":[0,0,0,0,0,0,0,0,0],"id":12,"left_children":[1,3,5,-1,7,-1,-1,-1,-1],"loss_changes":[2.7129916E2,1.5248306E1,7.283371E0,0E0,9.433746E-3,0E0,0E0,0E0,0E0],"parents":[2147483647,0,0,1,1,2,2,4,4],"right_children":[2,4,6,-1,8,-1,-1,-1,-1],"split_conditions":[6.032456E-1,1.9755709E-1,9.0718067E-1,-6.3733333E-1,4.042316E-1,2.232443E-1,6.85569E-1,-2.2556913E-1,-6.1918356E-2],"split_indices":[0,0,0,0,0,0,0,0,0],"split_type":[0,0,0,0,0,0,0,0,0],"sum_hessian":[9E0,5E0,4E0,2E0,3E0,2E0,2E0,2E0,1E0],"tree_param":{"num_deleted":"0","num_feature":"2","num_nodes":"9","size_leaf_vector":"1"}},{"base_weights":[1.0905218E-2,-4.2229533E0,5.0893545E0,-5.948445E-1,-1.8730962E-1,2.0836137E-1,6.398644E-1],"categories":[],"categories_nodes":[],"categories_segments":[],"categories_sizes":[],"default_left":[0,0,0,0,0,0,0],"id":13,"left_children":[1,3,5,-1,-1,-1,-1],"loss_changes":[2.3650645E2,1.3185944E1,6.3446045E0,0E0,0E0,0E0,0E0],"parents":[2147483647,0,0,1,1,2,2],"right_children":[2,4,6,-1,-1,-1,-1],"split_conditions":[6.032456E-1,1.9755709E-1,9.0718067E-1,-5.948445E-1,-1.8730962E-1,2.0836137E-1,6.398644E-1],"split_indices":[0,0,0,0,0,0,0],"split_type":[0,0,0,0,0,0,0],"sum_hessian":[9E0,5E0,4E0,2E0,3E0,2E0,2E0],"tree_param":{"num_deleted":"0","num_feature":"2","num_nodes":"7","size_leaf_vector":"1"}},{"base_weights":[1.6421461E-2,-3.931017E0,4.7500634E0,-5.551882E-1,-1.7326143E0,1.944706E-1,5.9720665E-1,-1.9804393E-1,-4.945698E-2],"categories":[],"categories_nodes":[],"categories_segments":[],"categories_sizes":[],"default_left":[0,0,0,0,0,0,0,0,0],"id":14,"left_children":[1,3,5,-1,7,-1,-1,-1,-1],"loss_changes":[2.0553017E2,1.1760597E1,5.526863E0,0E0,2.4780846E-1,0E0,0E0,0E0,0E0],"parents":[2147483647,0,0,1,1,2,2,4,4],"right_children":[2,4,6,-1,8,-1,-1,-1,-1],"split_conditions":[6.032456E-1,1.9755709E-1,9.0718067E-1,-5.551882E-1,4.042316E-1,1.944706E-1,5.9720665E-1,-1.9804393E-1,-4.945698E-2],"split_indices":[0,0,0,0,0,0,0,0,0],"split_type":[0,0,0,0,0,0,0,0,0],"sum_hessian":[9E0,5E0,4E0,2E0,3E0,2E0,2E0,2E0,1E0],"tree_param":{"num_deleted":"0","num_feature":"2","num_nodes":"9","size_leaf_vector":"1"}},{"base_weights":[1.3678312E-2,-3.6716967E0,4.4333925E0,-5.181756E-1,-1.621228E0,1.815059E-1,5.573929E-1,-1.84841E-1,-4.6984103E-2],"categories":[],"categories_nodes":[],"categories_segments":[],"categories_sizes":[],"default_left":[0,0,0,0,0,0,0,0,0],"id":15,"left_children":[1,3,5,-1,7,-1,-1,-1,-1],"loss_changes":[1.7916112E2,1.017717E1,4.8145065E0,0E0,1.7783833E-1,0E0,0E0,0E0,0E0],"parents":[2147483647,0,0,1,1,2,2,4,4],"right_children":[2,4,6,-1,8,-1,-1,-1,-1],"split_conditions":[6.032456E-1,1.9755709E-1,9.0718067E-1,-5.181756E-1,4.042316E-1,1.815059E-1,5.573929E-1,-1.84841E-1,-4.6984103E-2],"split_indices":[0,0,0,0,0,0,0,0,0],"split_type":[0,0,0,0,0,0,0,0,0],"sum_hessian":[9E0,5E0,4E0,2E0,3E0,2E0,2E0,2E0,1E0],"tree_param":{"num_deleted":"0","num_feature":"2","num_nodes":"9","size_leaf_vector":"1"}},{"base_weights":[1.12004755E-2,-3.429527E0,4.1378336E0,-4.8363057E-1,-1.5170615E0,9.65065E-2,4.6897593E-1,-1.7251825E-1,-4.4634916E-2],"categories":[],"categories_nodes":[],"categories_segments":[],"categories_sizes":[],"default_left":[0,0,0,0,0,0,0,0,0],"id":16,"left_children":[1,3,5,-1,7,-1,-1,-1,-1],"loss_changes":[1.56177E2,8.805511E0,4.229744E0,0E0,1.2131691E-1,0E0,0E0,0E0,0E0],"parents":[2147483647,0,0,1,1,2,2,4,4],"right_children":[2,4,6,-1,8,-1,-1,-1,-1],"split_conditions":[6.032456E-1,1.9755709E-1,7.9543567E-1,-4.8363057E-1,4.042316E-1,9.65065E-2,4.6897593E-1,-1.7251825E-1,-4.4634916E-2],"split_indices":[0,0,0,0,0,0,0,0,0],"split_type":[0,0,0,0,0,0,0,0,0],"sum_hessian":[9E0,5E0,4E0,2E0,3E0,1E0,3E0,2E0,1E0],"tree_param":{"num_deleted":"0","num_feature":"2","num_nodes":"9","size_leaf_vector":"1"}},{"base_weights":[-3.4494877E-3,-3.2033718E0,3.8371472E0,-4.5138857E-1,-1.4196436E0,1.5055613E-1,4.8896843E-1,-1.6101708E-1,-4.2403128E-2],"categories":[],"categories_nodes":[],"categories_segments":[],"categories_sizes":[],"default_left":[0,0,0,0,0,0,0,0,0],"id":17,"left_children":[1,3,5,-1,7,-1,-1,-1,-1],"loss_changes":[1.3518791E2,7.617489E0,4.908676E0,0E0,7.600212E-2,0E0,0E0,0E0,0E0],"parents":[2147483647,0,0,1,1,2,2,4,4],"right_children":[2,4,6,-1,8,-1,-1,-1,-1],"split_conditions":[6.032456E-1,1.9755709E-1,9.0718067E-1,-4.5138857E-1,4.042316E-1,1.5055613E-1,4.8896843E-1,-1.6101708E-1,-4.2403128E-2],"split_indices":[0,0,0,0,0,0,0,0,0],"split_type":[0,0,0,0,0,0,0,0,0],"sum_hessian":[9E0,5E0,4E0,2E0,3E0,2E0,2E0,2E0,1E0],"tree_param":{"num_deleted":"0","num_feature":"2","num_nodes":"9","size_leaf_vector":"1"}},{"base_weights":[-4.6329023E-3,-2.9921696E0,3.5813377E0,-4.2129597E-1,-1.3285346E0,1.4051908E-1,4.5637056E-1,-1.502826E-1,-4.0283013E-2],"categories":[],"categories_nodes":[],"categories_segments":[],"categories_sizes":[],"default_left":[0,0,0,0,0,0,0,0,0],"id":18,"left_children":[1,3,5,-1,7,-1,-1,-1,-1],"loss_changes":[1.1784816E2,6.5886307E0,4.2760086E0,0E0,3.998661E-2,0E0,0E0,0E0,0E0],"parents":[2147483647,0,0,1,1,2,2,4,4],"right_children":[2,4,6,-1,8,-1,-1,-1,-1],"split_conditions":[6.032456E-1,1.9755709E-1,9.0718067E-1,-4.2129597E-1,4.042316E-1,1.4051908E-1,4.5637056E-1,-1.502826E-1,-4.0283013E-2],"split_indices":[0,0,0,0,0,0,0,0,0],"split_type":[0,0,0,0,0,0,0,0,0],"sum_hessian":[9E0,5E0,4E0,2E0,3E0,2E0,2E0,2E0,1E0],"tree_param":{"num_deleted":"0","num_feature":"2","num_nodes":"9","size_leaf_vector":"1"}},{"base_weights":[-5.6667803E-3,-2.7949295E0,3.342582E0,-3.9320958E-1,-1.2433226E0,1.311512E-1,4.2594582E-1,-1.4026378E-1,-3.8268853E-2],"categories":[],"categories_nodes":[],"categories_segments":[],"categories_sizes":[],"default_left":[0,0,0,0,0,0,0,0,0],"id":19,"left_children":[1,3,5,-1,7,-1,-1,-1,-1],"loss_changes":[1.02733734E2,5.6977463E0,3.724865E0,0E0,1.1674881E-2,0E0,0E0,0E0,0E0],"parents":[2147483647,0,0,1,1,2,2,4,4],"right_children":[2,4,6,-1,8,-1,-1,-1,-1],"split_conditions":[6.032456E-1,1.9755709E-1,9.0718067E-1,-3.9320958E-1,4.042316E-1,1.311512E-1,4.2594582E-1,-1.4026378E-1,-3.8268853E-2],"split_indices":[0,0,0,0,0,0,0,0,0],"split_type":[0,0,0,0,0,0,0,0,0],"sum_hessian":[9E0,5E0,4E0,2E0,3E0,2E0,2E0,2E0,1E0],"tree_param":{"num_deleted":"0","num_feature":"2","num_nodes":"9","size_leaf_vector":"1"}},{"base_weights":[-6.5646647E-3,-2.6107268E0,3.1197429E0,-4.2274672E-1,-1.4418855E0,1.2240773E-1,3.9754945E-1,-1.6205798E-1,-3.6355402E-2],"categories":[],"categories_nodes":[],"categories_segments":[],"categories_sizes":[],"default_left":[0,0,0,0,0,0,0,0,0],"id":20,"left_children":[1,3,5,-1,7,-1,-1,-1,-1],"loss_changes":[8.955892E1,5.242752E0,3.2447815E0,0E0,3.7429142E-1,0E0,0E0,0E0,0E0],"parents":[2147483647,0,0,1,1,2,2,4,4],"right_children":[2,4,6,-1,8,-1,-1,-1,-1],"split_conditions":[6.032456E-1,1.00414045E-1,9.0718067E-1,-4.2274672E-1,4.042316E-1,1.2240773E-1,3.9754945E-1,-1.6205798E-1,-3.6355402E-2],"split_indices":[0,0,0,0,0,0,0,0,0],"split_type":[0,0,0,0,0,0,0,0,0],"sum_hessian":[9E0,5E0,4E0,1E0,4E0,2E0,2E0,3E0,1E0],"tree_param":{"num_deleted":"0","num_feature":"2","num_nodes":"9","size_leaf_vector":"1"}},{"base_weights":[-1.6028166E-2,-2.4531808E0,2.9117608E0,-4.016094E-1,-1.3373796E0,1.1424726E-1,3.710462E-1,-1.4990364E-1,-3.4537602E-2],"categories":[],"categories_nodes":[],"categories_segments":[],"categories_sizes":[],"default_left":[0,0,0,0,0,0,0,0,0],"id":21,"left_children":[1,3,5,-1,7,-1,-1,-1,-1],"loss_changes":[7.849776E1,5.0923615E0,2.8265648E0,0E0,2.840891E-1,0E0,0E0,0E0,0E0],"parents":[2147483647,0,0,1,1,2,2,4,4],"right_children":[2,4,6,-1,8,-1,-1,-1,-1],"split_conditions":[6.032456E-1,1.00414045E-1,9.0718067E-1,-4.016094E-1,4.042316E-1,1.1424726E-1,3.710462E-1,-1.4990364E-1,-3.4537602E-2],"split_indices":[0,0,0,0,0,0,0,0,0],"split_type":[0,0,0,0,0,0,0,0,0],"sum_hessian":[9E0,5E0,4E0,1E0,4E0,2E0,2E0,3E0,1E0],"tree_param":{"num_deleted":"0","num_feature":"2","num_nodes":"9","size_leaf_vector":"1"}},{"base_weights":[-2.450118E-2,-2.3055377E0,2.717643E0,-3.815289E-1,-1.2405298E0,1.0663084E-1,3.4630966E-1,-1.3866088E-1,-3.2810688E-2],"categories":[],"categories_nodes":[],"categories_segments":[],"categories_sizes":[],"default_left":[0,0,0,0,0,0,0,0,0],"id":22,"left_children":[1,3,5,-1,7,-1,-1,-1,-1],"loss_changes":[6.881494E1,4.914404E0,2.4622383E0,0E0,2.1147299E-1,0E0,0E0,0E0,0E0],"parents":[2147483647,0,0,1,1,2,2,4,4],"right_children":[2,4,6,-1,8,-1,-1,-1,-1],"split_conditions":[6.032456E-1,1.00414045E-1,9.0718067E-1,-3.815289E-1,4.042316E-1,1.0663084E-1,3.4630966E-1,-1.3866088E-1,-3.2810688E-2],"split_indices":[0,0,0,0,0,0,0,0,0],"split_type":[0,0,0,0,0,0,0,0,0],"sum_hessian":[9E0,5E0,4E0,1E0,4E0,2E0,2E0,3E0,1E0],"tree_param":{"num_deleted":"0","num_feature":"2","num_nodes":"9","size_leaf_vector":"1"}},{"base_weights":[-3.2057334E-2,-2.167151E0,2.5364666E0,-3.6245248E-1,-1.1507714E0,9.9522084E-2,3.2322237E-1,-1.2826134E-1,-3.1170178E-2],"categories":[],"categories_nodes":[],"categories_segments":[],"categories_sizes":[],"default_left":[0,0,0,0,0,0,0,0,0],"id":23,"left_children":[1,3,5,-1,7,-1,-1,-1,-1],"loss_changes":[6.0337296E1,4.7164707E0,2.1448898E0,0E0,1.5332985E-1,0E0,0E0,0E0,0E0],"parents":[2147483647,0,0,1,1,2,2,4,4],"right_children":[2,4,6,-1,8,-1,-1,-1,-1],"split_conditions":[6.032456E-1,1.00414045E-1,9.0718067E-1,-3.6245248E-1,4.042316E-1,9.9522084E-2,3.2322237E-1,-1.2826134E-1,-3.1170178E-2],"split_indices":[0,0,0,0,0,0,0,0,0],"split_type":[0,0,0,0,0,0,0,0,0],"sum_hessian":[9E0,5E0,4E0,1E0,4E0,2E0,2E0,3E0,1E0],"tree_param":{"num_deleted":"0","num_feature":"2","num_nodes":"9","size_leaf_vector":"1"}},{"base_weights":[-3.8765572E-2,-2.0374165E0,2.3673687E0,-3.4432983E-1,-1.0675805E0,4.8429586E-2,2.717063E-1,-1.1864173E-1,-2.9611683E-2],"categories":[],"categories_nodes":[],"categories_segments":[],"categories_sizes":[],"default_left":[0,0,0,0,0,0,0,0,0],"id":24,"left_children":[1,3,5,-1,7,-1,-1,-1,-1],"loss_changes":[5.2913548E1,4.5048504E0,1.976635E0,0E0,1.0707283E-1,0E0,0E0,0E0,0E0],"parents":[2147483647,0,0,1,1,2,2,4,4],"right_children":[2,4,6,-1,8,-1,-1,-1,-1],"split_conditions":[6.032456E-1,1.00414045E-1,7.9543567E-1,-3.4432983E-1,4.042316E-1,4.8429586E-2,2.717063E-1,-1.1864173E-1,-2.9611683E-2],"split_indices":[0,0,0,0,0,0,0,0,0],"split_type":[0,0,0,0,0,0,0,0,0],"sum_hessian":[9E0,5E0,4E0,1E0,4E0,1E0,3E0,3E0,1E0],"tree_param":{"num_deleted":"0","num_feature":"2","num_nodes":"9","size_leaf_vector":"1"}},{"base_weights":[-5.213361E-2,-1.9157722E0,2.1946595E0,-3.2711336E-1,-9.904733E-1,8.2216136E-2,2.8356045E-1,-1.0974361E-1,-2.8131103E-2],"categories":[],"categories_nodes":[],"categories_segments":[],"categories_sizes":[],"default_left":[0,0,0,0,0,0,0,0,0],"id":25,"left_children":[1,3,5,-1,7,-1,-1,-1,-1],"loss_changes":[4.6076565E1,4.2847157E0,2.067154E0,0E0,7.054901E-2,0E0,0E0,0E0,0E0],"parents":[2147483647,0,0,1,1,2,2,4,4],"right_children":[2,4,6,-1,8,-1,-1,-1,-1],"split_conditions":[6.032456E-1,1.00414045E-1,9.0718067E-1,-3.2711336E-1,4.042316E-1,8.2216136E-2,2.8356045E-1,-1.0974361E-1,-2.8131103E-2],"split_indices":[0,0,0,0,0,0,0,0,0],"split_type":[0,0,0,0,0,0,0,0,0],"sum_hessian":[9E0,5E0,4E0,1E0,4E0,2E0,2E0,3E0,1E0],"tree_param":{"num_deleted":"0","num_feature":"2","num_nodes":"9","size_leaf_vector":"1"}},{"base_weights":[-5.684147E-2,-1.801693E0,2.0483487E0,-3.107577E-1,-9.190008E-1,7.673512E-2,2.6465634E-1,-1.0151284E-1,-2.672453E-2],"categories":[],"categories_nodes":[],"categories_segments":[],"categories_sizes":[],"default_left":[0,0,0,0,0,0,0,0,0],"id":26,"left_children":[1,3,5,-1,7,-1,-1,-1,-1],"loss_changes":[4.0422935E1,4.060295E0,1.8007145E0,0E0,4.1969776E-2,0E0,0E0,0E0,0E0],"parents":[2147483647,0,0,1,1,2,2,4,4],"right_children":[2,4,6,-1,8,-1,-1,-1,-1],"split_conditions":[6.032456E-1,1.00414045E-1,9.0718067E-1,-3.107577E-1,4.042316E-1,7.673512E-2,2.6465634E-1,-1.0151284E-1,-2.672453E-2],"split_indices":[0,0,0,0,0,0,0,0,0],"split_type":[0,0,0,0,0,0,0,0,0],"sum_hessian":[9E0,5E0,4E0,1E0,4E0,2E0,2E0,3E0,1E0],"tree_param":{"num_deleted":"0","num_feature":"2","num_nodes":"9","size_leaf_vector":"1"}},{"base_weights":[-6.0917757E-2,-1.6946896E0,1.911792E0,-2.952198E-1,-8.527483E-1,7.1619414E-2,2.470126E-1,-9.389937E-2,-2.5388336E-2],"categories":[],"categories_nodes":[],"categories_segments":[],"categories_sizes":[],"default_left":[0,0,0,0,0,0,0,0,0],"id":27,"left_children":[1,3,5,-1,7,-1,-1,-1,-1],"loss_changes":[3.546947E1,3.8350086E0,1.5686245E0,0E0,1.9852161E-2,0E0,0E0,0E0,0E0],"parents":[2147483647,0,0,1,1,2,2,4,4],"right_children":[2,4,6,-1,8,-1,-1,-1,-1],"split_conditions":[6.032456E-1,1.00414045E-1,9.0718067E-1,-2.952198E-1,4.042316E-1,7.1619414E-2,2.470126E-1,-9.389937E-2,-2.5388336E-2],"split_indices":[0,0,0,0,0,0,0,0,0],"split_type":[0,0,0,0,0,0,0,0,0],"sum_hessian":[9E0,5E0,4E0,1E0,4E0,2E0,2E0,3E0,1E0],"tree_param":{"num_deleted":"0","num_feature":"2","num_nodes":"9","size_leaf_vector":"1"}},{"base_weights":[-6.441374E-2,-1.5943052E0,1.7843387E0,-2.804588E-1,-7.91331E-1,6.6844754E-2,2.3054504E-1,-8.6856924E-2,-2.41189E-2],"categories":[],"categories_nodes":[],"categories_segments":[],"categories_sizes":[],"default_left":[0,0,0,0,0,0,0,0,0],"id":28,"left_children":[1,3,5,-1,7,-1,-1,-1,-1],"loss_changes":[3.1128687E1,3.611597E0,1.3664465E0,0E0,2.970457E-3,0E0,0E0,0E0,0E0],"parents":[2147483647,0,0,1,1,2,2,4,4],"right_children":[2,4,6,-1,8,-1,-1,-1,-1],"split_conditions":[6.032456E-1,1.00414045E-1,9.0718067E-1,-2.804588E-1,4.042316E-1,6.6844754E-2,2.3054504E-1,-8.6856924E-2,-2.41189E-2],"split_indices":[0,0,0,0,0,0,0,0,0],"split_type":[0,0,0,0,0,0,0,0,0],"sum_hessian":[9E0,5E0,4E0,1E0,4E0,2E0,2E0,3E0,1E0],"tree_param":{"num_deleted":"0","num_feature":"2","num_nodes":"9","size_leaf_vector":"1"}},{"base_weights":[-6.737695E-2,-1.5001138E0,1.6653827E0,-2.6643586E-1,-7.343932E-2,8.373208E-2,2.4888153E-1],"categories":[],"categories_nodes":[],"categories_segments":[],"categories_sizes":[],"default_left":[0,0,0,0,0,0,0],"id":29,"left_children":[1,3,5,-1,-1,-1,-1],"loss_changes":[2.7324152E1,3.392232E0,1.3253288E0,0E0,0E0,0E0,0E0],"parents":[2147483647,0,0,1,1,2,2],"right_children":[2,4,6,-1,-1,-1,-1],"split_conditions":[6.032456E-1,1.00414045E-1,1E0,-2.6643586E-1,-7.343932E-2,8.373208E-2,2.4888153E-1],"split_indices":[0,0,0,0,0,0,0],"split_type":[0,0,0,0,0,0,0],"sum_hessian":[9E0,5E0,4E0,1E0,4E0,3E0,1E0],"tree_param":{"num_deleted":"0","num_feature":"2","num_nodes":"7","size_leaf_vector":"1"}},{"base_weights":[-6.1365794E-2,-1.4067487E0,1.5653667E0,-2.5311407E-1,-6.75642E-1,7.745214E-2,2.3643743E-1,-7.483473E-2,-1.9241048E-2],"categories":[],"categories_nodes":[],"categories_segments":[],"categories_sizes":[],"default_left":[0,0,0,0,0,0,0,0,0],"id":30,"left_children":[1,3,5,-1,7,-1,-1,-1,-1],"loss_changes":[2.4087858E1,3.2221584E0,1.3281984E0,0E0,3.1677485E-2,0E0,0E0,0E0,0E0],"parents":[2147483647,0,0,1,1,2,2,4,4],"right_children":[2,4,6,-1,8,-1,-1,-1,-1],"split_conditions":[6.032456E-1,1.00414045E-1,1E0,-2.5311407E-1,4.042316E-1,7.745214E-2,2.3643743E-1,-7.483473E-2,-1.9241048E-2],"split_indices":[0,0,0,0,0,0,0,0,0],"split_type":[0,0,0,0,0,0,0,0,0],"sum_hessian":[9E0,5E0,4E0,1E0,4E0,3E0,1E0,3E0,1E0],"tree_param":{"num_deleted":"0","num_feature":"2","num_nodes":"9","size_leaf_vector":"1"}},{"base_weights":[-5.855956E-2,-1.3239386E0,1.4716072E0,-2.4045837E-1,-6.2689286E-1,7.1643166E-2,2.2461548E-1,-6.9222115E-2,-1.827898E-2],"categories":[],"categories_nodes":[],"categories_segments":[],"categories_sizes":[],"default_left":[0,0,0,0,0,0,0,0,0],"id":31,"left_children":[1,3,5,-1,7,-1,-1,-1,-1],"loss_changes":[2.1310728E1,3.0121384E0,1.315381E0,0E0,1.853156E-2,0E0,0E0,0E0,0E0],"parents":[2147483647,0,0,1,1,2,2,4,4],"right_children":[2,4,6,-1,8,-1,-1,-1,-1],"split_conditions":[6.032456E-1,1.00414045E-1,1E0,-2.4045837E-1,4.042316E-1,7.1643166E-2,2.2461548E-1,-6.9222115E-2,-1.827898E-2],"split_indices":[0,0,0,0,0,0,0,0,0],"split_type":[0,0,0,0,0,0,0,0,0],"sum_hessian":[9E0,5E0,4E0,1E0,4E0,3E0,1E0,3E0,1E0],"tree_param":{"num_deleted":"0","num_feature":"2","num_nodes":"9","size_leaf_vector":"1"}},{"base_weights":[-5.5874158E-2,-1.2462049E0,1.3836975E0,-2.2843544E-1,-5.81704E-1,6.6269875E-1,2.1338463E-1,-6.403047E-2,-1.7365074E-2,1.9495964E-2,7.5362526E-2],"categories":[],"categories_nodes":[],"categories_segments":[],"categories_sizes":[],"default_left":[0,0,0,0,0,0,0,0,0,0,0],"id":32,"left_children":[1,3,5,-1,7,9,-1,-1,-1,-1,-1],"loss_changes":[1.8860035E1,2.8102894E0,1.290184E0,0E0,8.371592E-3,2.3193121E-2,0E0,0E0,0E0,0E0,0E0],"parents":[2147483647,0,0,1,1,2,2,4,4,5,5],"right_children":[2,4,6,-1,8,10,-1,-1,-1,-1,-1],"split_conditions":[6.032456E-1,1.00414045E-1,1E0,-2.2843544E-1,4.042316E-1,7.9543567E-1,2.1338463E-1,-6.403047E-2,-1.7365074E-2,1.9495964E-2,7.5362526E-2],"split_indices":[0,0,0,0,0,0,0,0,0,0,0],"split_type":[0,0,0,0,0,0,0,0,0,0,0],"sum_hessian":[9E0,5E0,4E0,1E0,4E0,3E0,1E0,3E0,1E0,1E0,2E0],"tree_param":{"num_deleted":"0","num_feature":"2","num_nodes":"11","size_leaf_vector":"1"}},{"base_weights":[-5.0446033E-2,-1.173223E0,1.3069756E0,-2.1701367E-1,-5.398129E-1,6.2014294E-1,2.0271531E-1,-6.582761E-2,-2.4141217E-2,1.8521119E-2,7.0338316E-2],"categories":[],"categories_nodes":[],"categories_segments":[],"categories_sizes":[],"default_left":[0,0,0,0,0,0,0,0,0,0,0],"id":33,"left_children":[1,3,5,-1,7,9,-1,-1,-1,-1,-1],"loss_changes":[1.6774193E1,2.6172628E0,1.2160816E0,0E0,1.7831683E-2,1.45407915E-2,0E0,0E0,0E0,0E0,0E0],"parents":[2147483647,0,0,1,1,2,2,4,4,5,5],"right_children":[2,4,6,-1,8,10,-1,-1,-1,-1,-1],"split_conditions":[6.032456E-1,1.00414045E-1,1E0,-2.1701367E-1,3.0056068E-1,7.9543567E-1,2.0271531E-1,-6.582761E-2,-2.4141217E-2,1.8521119E-2,7.0338316E-2],"split_indices":[0,0,0,0,0,0,0,0,0,0,0],"split_type":[0,0,0,0,0,0,0,0,0,0,0],"sum_hessian":[9E0,5E0,4E0,1E0,4E0,3E0,1E0,2E0,2E0,1E0,2E0],"tree_param":{"num_deleted":"0","num_feature":"2","num_nodes":"11","size_leaf_vector":"1"}},{"base_weights":[-4.6942472E-2,-1.1070645E0,1.2345924E0,-2.0616297E-1,-5.038255E-1,5.8034325E-1,1.9257946E-1,-6.1439116E-2,-2.2531796E-2,1.7595101E-2,6.564903E-2],"categories":[],"categories_nodes":[],"categories_segments":[],"categories_sizes":[],"default_left":[0,0,0,0,0,0,0,0,0,0,0],"id":34,"left_children":[1,3,5,-1,7,9,-1,-1,-1,-1,-1],"loss_changes":[1.4952607E1,2.416284E0,1.1434703E0,0E0,1.5533447E-2,7.6630116E-3,0E0,0E0,0E0,0E0,0E0],"parents":[2147483647,0,0,1,1,2,2,4,4,5,5],"right_children":[2,4,6,-1,8,10,-1,-1,-1,-1,-1],"split_conditions":[6.032456E-1,1.00414045E-1,1E0,-2.0616297E-1,3.0056068E-1,7.9543567E-1,1.9257946E-1,-6.1439116E-2,-2.2531796E-2,1.7595101E-2,6.564903E-2],"split_indices":[0,0,0,0,0,0,0,0,0,0,0],"split_type":[0,0,0,0,0,0,0,0,0,0,0],"sum_hessian":[9E0,5E0,4E0,1E0,4E0,3E0,1E0,2E0,2E0,1E0,2E0],"tree_param":{"num_deleted":"0","num_feature":"2","num_nodes":"11","size_leaf_vector":"1"}},{"base_weights":[-4.3679476E-2,-1.0447137E0,1.1662976E0,-1.9585483E-1,-4.7023717E-1,5.431199E-1,1.829504E-1,-5.7343166E-2,-2.1029694E-2,1.6715337E-2,6.127243E-2],"categories":[],"categories_nodes":[],"categories_segments":[],"categories_sizes":[],"default_left":[0,0,0,0,0,0,0,0,0,0,0],"id":35,"left_children":[1,3,5,-1,7,9,-1,-1,-1,-1,-1],"loss_changes":[1.333073E1,2.2288775E0,1.0728374E0,0E0,1.3531089E-2,2.256751E-3,0E0,0E0,0E0,0E0,0E0],"parents":[2147483647,0,0,1,1,2,2,4,4,5,5],"right_children":[2,4,6,-1,8,10,-1,-1,-1,-1,-1],"split_conditions":[6.032456E-1,1.00414045E-1,1E0,-1.9585483E-1,3.0056068E-1,7.9543567E-1,1.829504E-1,-5.7343166E-2,-2.1029694E-2,1.6715337E-2,6.127243E-2],"split_indices":[0,0,0,0,0,0,0,0,0,0,0],"split_type":[0,0,0,0,0,0,0,0,0,0,0],"sum_hessian":[9E0,5E0,4E0,1E0,4E0,3E0,1E0,2E0,2E0,1E0,2E0],"tree_param":{"num_deleted":"0","num_feature":"2","num_nodes":"11","size_leaf_vector":"1"}},{"base_weights":[-4.0640093E-2,-9.859467E-1,1.1018559E0,-1.8606208E-1,-4.388877E-1,5.083051E-2,1.7380296E-1,-5.352028E-2,-1.9627666E-2],"categories":[],"categories_nodes":[],"categories_segments":[],"categories_sizes":[],"default_left":[0,0,0,0,0,0,0,0,0],"id":36,"left_children":[1,3,5,-1,7,-1,-1,-1,-1],"loss_changes":[1.1886461E1,2.0543861E0,1.0045576E0,0E0,1.1787713E-2,0E0,0E0,0E0,0E0],"parents":[2147483647,0,0,1,1,2,2,4,4],"right_children":[2,4,6,-1,8,-1,-1,-1,-1],"split_conditions":[6.032456E-1,1.00414045E-1,1E0,-1.8606208E-1,3.0056068E-1,5.083051E-2,1.7380296E-1,-5.352028E-2,-1.9627666E-2],"split_indices":[0,0,0,0,0,0,0,0,0],"split_type":[0,0,0,0,0,0,0,0,0],"sum_hessian":[9E0,5E0,4E0,1E0,4E0,3E0,1E0,2E0,2E0],"tree_param":{"num_deleted":"0","num_feature":"2","num_nodes":"9","size_leaf_vector":"1"}},{"base_weights":[-4.003353E-2,-9.3055344E-1,1.036597E0,-1.7675899E-1,-4.096282E-1,4.7018194E-1,1.6511288E-1,-4.995227E-2,-1.8319098E-2,1.3337994E-2,5.3798933E-2],"categories":[],"categories_nodes":[],"categories_segments":[],"categories_sizes":[],"default_left":[0,0,0,0,0,0,0,0,0,0,0],"id":37,"left_children":[1,3,5,-1,7,9,-1,-1,-1,-1,-1],"loss_changes":[1.0552218E1,1.8921456E0,9.6406937E-1,0E0,1.0269284E-2,1.9593537E-2,0E0,0E0,0E0,0E0,0E0],"parents":[2147483647,0,0,1,1,2,2,4,4,5,5],"right_children":[2,4,6,-1,8,10,-1,-1,-1,-1,-1],"split_conditions":[6.032456E-1,1.00414045E-1,1E0,-1.7675899E-1,3.0056068E-1,7.9543567E-1,1.6511288E-1,-4.995227E-2,-1.8319098E-2,1.3337994E-2,5.3798933E-2],"split_indices":[0,0,0,0,0,0,0,0,0,0,0],"split_type":[0,0,0,0,0,0,0,0,0,0,0],"sum_hessian":[9E0,5E0,4E0,1E0,4E0,3E0,1E0,2E0,2E0,1E0,2E0],"tree_param":{"num_deleted":"0","num_feature":"2","num_nodes":"11","size_leaf_vector":"1"}},{"base_weights":[-3.7308194E-2,-8.783367E-1,9.7938764E-1,-1.6792104E-1,-3.8231993E-1,4.3994808E-1,1.568573E-1,-4.66221E-2,-1.7097887E-2,1.267109E-2,5.0212353E-2],"categories":[],"categories_nodes":[],"categories_segments":[],"categories_sizes":[],"default_left":[0,0,0,0,0,0,0,0,0,0,0],"id":38,"left_children":[1,3,5,-1,7,9,-1,-1,-1,-1,-1],"loss_changes":[9.410934E0,1.7414846E0,8.990588E-1,0E0,8.94475E-3,1.4278114E-2,0E0,0E0,0E0,0E0,0E0],"parents":[2147483647,0,0,1,1,2,2,4,4,5,5],"right_children":[2,4,6,-1,8,10,-1,-1,-1,-1,-1],"split_conditions":[6.032456E-1,1.00414045E-1,1E0,-1.6792104E-1,3.0056068E-1,7.9543567E-1,1.568573E-1,-4.66221E-2,-1.7097887E-2,1.267109E-2,5.0212353E-2],"split_indices":[0,0,0,0,0,0,0,0,0,0,0],"split_type":[0,0,0,0,0,0,0,0,0,0,0],"sum_hessian":[9E0,5E0,4E0,1E0,4E0,3E0,1E0,2E0,2E0,1E0,2E0],"tree_param":{"num_deleted":"0","num_feature":"2","num_nodes":"11","size_leaf_vector":"1"}},{"base_weights":[-3.476741E-2,-8.2910997E-1,9.253971E-1,-1.5952498E-1,-3.5683203E-1,4.1167402E-1,1.4901447E-1,-4.351395E-2,-1.5958054E-2,1.2037563E-2,4.686483E-2],"categories":[],"categories_nodes":[],"categories_segments":[],"categories_sizes":[],"default_left":[0,0,0,0,0,0,0,0,0,0,0],"id":39,"left_children":[1,3,5,-1,7,9,-1,-1,-1,-1,-1],"loss_changes":[8.394251E0,1.601749E0,8.3716536E-1,0E0,7.791519E-3,9.972274E-3,0E0,0E0,0E0,0E0,0E0],"parents":[2147483647,0,0,1,1,2,2,4,4,5,5],"right_children":[2,4,6,-1,8,10,-1,-1,-1,-1,-1],"split_conditions":[6.032456E-1,1.00414045E-1,1E0,-1.5952498E-1,3.0056068E-1,7.9543567E-1,1.4901447E-1,-4.351395E-2,-1.5958054E-2,1.2037563E-2,4.686483E-2],"split_indices":[0,0,0,0,0,0,0,0,0,0,0],"split_type":[0,0,0,0,0,0,0,0,0,0,0],"sum_hessian":[9E0,5E0,4E0,1E0,4E0,3E0,1E0,2E0,2E0,1E0,2E0],"tree_param":{"num_deleted":"0","num_feature":"2","num_nodes":"11","size_leaf_vector":"1"}},{"base_weights":[-3.2398153E-2,-7.826982E-1,8.744415E-1,-1.5154873E-1,-3.3304292E-1,3.8523293E-1,1.415638E-1,-3.6849596E-2,-9.561539E-3,1.14357E-2,4.3740593E-2],"categories":[],"categories_nodes":[],"categories_segments":[],"categories_sizes":[],"default_left":[0,0,0,0,0,0,0,0,0,0,0],"id":40,"left_children":[1,3,5,-1,7,9,-1,-1,-1,-1,-1],"loss_changes":[7.488442E0,1.4722927E0,7.784395E-1,0E0,6.8537593E-3,6.5092444E-3,0E0,0E0,0E0,0E0,0E0],"parents":[2147483647,0,0,1,1,2,2,4,4,5,5],"right_children":[2,4,6,-1,8,10,-1,-1,-1,-1,-1],"split_conditions":[6.032456E-1,1.00414045E-1,1E0,-1.5154873E-1,4.042316E-1,7.9543567E-1,1.415638E-1,-3.6849596E-2,-9.561539E-3,1.14357E-2,4.3740593E-2],"split_indices":[0,0,0,0,0,0,0,0,0,0,0],"split_type":[0,0,0,0,0,0,0,0,0,0,0],"sum_hessian":[9E0,5E0,4E0,1E0,4E0,3E0,1E0,3E0,1E0,1E0,2E0],"tree_param":{"num_deleted":"0","num_feature":"2","num_nodes":"11","size_leaf_vector":"1"}},{"base_weights":[-2.9280042E-2,-7.374216E-1,8.263458E-1,-1.4397131E-1,-3.090207E-1,3.6050415E-1,1.3448563E-1,-3.8156368E-2,-1.3347085E-2,1.0863877E-2,4.0824637E-2],"categories":[],"categories_nodes":[],"categories_segments":[],"categories_sizes":[],"default_left":[0,0,0,0,0,0,0,0,0,0,0],"id":41,"left_children":[1,3,5,-1,7,9,-1,-1,-1,-1,-1],"loss_changes":[6.668408E0,1.3602722E0,7.228925E-1,0E0,1.27468705E-2,3.747046E-3,0E0,0E0,0E0,0E0,0E0],"parents":[2147483647,0,0,1,1,2,2,4,4,5,5],"right_children":[2,4,6,-1,8,10,-1,-1,-1,-1,-1],"split_conditions":[6.032456E-1,1.00414045E-1,1E0,-1.4397131E-1,3.0056068E-1,7.9543567E-1,1.3448563E-1,-3.8156368E-2,-1.3347085E-2,1.0863877E-2,4.0824637E-2],"split_indices":[0,0,0,0,0,0,0,0,0,0,0],"split_type":[0,0,0,0,0,0,0,0,0,0,0],"sum_hessian":[9E0,5E0,4E0,1E0,4E0,3E0,1E0,2E0,2E0,1E0,2E0],"tree_param":{"num_deleted":"0","num_feature":"2","num_nodes":"11","size_leaf_vector":"1"}},{"base_weights":[-2.7282214E-2,-6.9625837E-1,7.809456E-1,-1.3677274E-1,-2.8841907E-1,3.3737564E-1,1.2776127E-1,-3.5612598E-2,-1.2457243E-2,1.0320663E-2,3.8102977E-2],"categories":[],"categories_nodes":[],"categories_segments":[],"categories_sizes":[],"default_left":[0,0,0,0,0,0,0,0,0,0,0],"id":42,"left_children":[1,3,5,-1,7,9,-1,-1,-1,-1,-1],"loss_changes":[5.950591E0,1.24863E0,6.7049766E-1,0E0,1.1104286E-2,1.5649498E-3,0E0,0E0,0E0,0E0,0E0],"parents":[2147483647,0,0,1,1,2,2,4,4,5,5],"right_children":[2,4,6,-1,8,10,-1,-1,-1,-1,-1],"split_conditions":[6.032456E-1,1.00414045E-1,1E0,-1.3677274E-1,3.0056068E-1,7.9543567E-1,1.2776127E-1,-3.5612598E-2,-1.2457243E-2,1.0320663E-2,3.8102977E-2],"split_indices":[0,0,0,0,0,0,0,0,0,0,0],"split_type":[0,0,0,0,0,0,0,0,0,0,0],"sum_hessian":[9E0,5E0,4E0,1E0,4E0,3E0,1E0,2E0,2E0,1E0,2E0],"tree_param":{"num_deleted":"0","num_feature":"2","num_nodes":"11","size_leaf_vector":"1"}},{"base_weights":[-2.5419498E-2,-6.5743965E-1,7.380886E-1,-1.2993412E-1,-2.6919118E-1,3.1574488E-2,1.2137318E-1,-3.323841E-2,-1.1626784E-2],"categories":[],"categories_nodes":[],"categories_segments":[],"categories_sizes":[],"default_left":[0,0,0,0,0,0,0,0,0],"id":43,"left_children":[1,3,5,-1,7,-1,-1,-1,-1],"loss_changes":[5.310774E0,1.1455324E0,6.211951E-1,0E0,9.672821E-3,0E0,0E0,0E0,0E0],"parents":[2147483647,0,0,1,1,2,2,4,4],"right_children":[2,4,6,-1,8,-1,-1,-1,-1],"split_conditions":[6.032456E-1,1.00414045E-1,1E0,-1.2993412E-1,3.0056068E-1,3.1574488E-2,1.2137318E-1,-3.323841E-2,-1.1626784E-2],"split_indices":[0,0,0,0,0,0,0,0,0],"split_type":[0,0,0,0,0,0,0,0,0],"sum_hessian":[9E0,5E0,4E0,1E0,4E0,3E0,1E0,2E0,2E0],"tree_param":{"num_deleted":"0","num_feature":"2","num_nodes":"9","size_leaf_vector":"1"}},{"base_weights":[-2.5062466E-2,-6.208288E-1,6.9486964E-1,-1.23437405E-1,-2.5124493E-1,2.920642E-1,1.1530457E-1,-3.1022517E-2,-1.0851637E-2,8.225918E-3,3.3457946E-2],"categories":[],"categories_nodes":[],"categories_segments":[],"categories_sizes":[],"default_left":[0,0,0,0,0,0,0,0,0,0,0],"id":44,"left_children":[1,3,5,-1,7,9,-1,-1,-1,-1,-1],"loss_changes":[4.720508E0,1.0504081E0,5.860157E-1,0E0,8.426309E-3,8.157432E-3,0E0,0E0,0E0,0E0,0E0],"parents":[2147483647,0,0,1,1,2,2,4,4,5,5],"right_children":[2,4,6,-1,8,10,-1,-1,-1,-1,-1],"split_conditions":[6.032456E-1,1.00414045E-1,1E0,-1.23437405E-1,3.0056068E-1,7.9543567E-1,1.1530457E-1,-3.1022517E-2,-1.0851637E-2,8.225918E-3,3.3457946E-2],"split_indices":[0,0,0,0,0,0,0,0,0,0,0],"split_type":[0,0,0,0,0,0,0,0,0,0,0],"sum_hessian":[9E0,5E0,4E0,1E0,4E0,3E0,1E0,2E0,2E0,1E0,2E0],"tree_param":{"num_deleted":"0","num_feature":"2","num_nodes":"11","size_leaf_vector":"1"}},{"base_weights":[-2.3388673E-2,-5.86298E-1,6.5678024E-1,-9.920276E-2,-1.3542629E-2,2.7327824E-1,1.0953941E-1,7.814598E-3,3.1227365E-2],"categories":[],"categories_nodes":[],"categories_segments":[],"categories_sizes":[],"default_left":[0,0,0,0,0,0,0,0,0],"id":45,"left_children":[1,3,5,-1,-1,7,-1,-1,-1],"loss_changes":[4.2138033E0,9.632454E-1,5.416992E-1,0E0,0E0,6.034136E-3,0E0,0E0,0E0],"parents":[2147483647,0,0,1,1,2,2,5,5],"right_children":[2,4,6,-1,-1,8,-1,-1,-1],"split_conditions":[6.032456E-1,1.9755709E-1,1E0,-9.920276E-2,-1.3542629E-2,7.9543567E-1,1.0953941E-1,7.814598E-3,3.1227365E-2],"split_indices":[0,0,0,0,0,0,0,0,0],"split_type":[0,0,0,0,0,0,0,0,0],"sum_hessian":[9E0,5E0,4E0,2E0,3E0,3E0,1E0,1E0,2E0],"tree_param":{"num_deleted":"0","num_feature":"2","num_nodes":"9","size_leaf_vector":"1"}},{"base_weights":[-1.7466236E-2,-5.464593E-1,6.2081873E-1,-1.12305395E-1,-2.0652962E-1,2.5571108E-1,1.0406246E-1,-2.5196204E-2,-9.225401E-3,7.4238777E-3,2.914556E-2],"categories":[],"categories_nodes":[],"categories_segments":[],"categories_sizes":[],"default_left":[0,0,0,0,0,0,0,0,0,0,0],"id":46,"left_children":[1,3,5,-1,7,9,-1,-1,-1,-1,-1],"loss_changes":[3.7157354E0,9.440659E-1,5.002723E-1,0E0,2.7145892E-3,4.309267E-3,0E0,0E0,0E0,0E0,0E0],"parents":[2147483647,0,0,1,1,2,2,4,4,5,5],"right_children":[2,4,6,-1,8,10,-1,-1,-1,-1,-1],"split_conditions":[6.032456E-1,1.00414045E-1,1E0,-1.12305395E-1,3.0056068E-1,7.9543567E-1,1.0406246E-1,-2.5196204E-2,-9.225401E-3,7.4238777E-3,2.914556E-2],"split_indices":[0,0,0,0,0,0,0,0,0,0,0],"split_type":[0,0,0,0,0,0,0,0,0,0,0],"sum_hessian":[9E0,5E0,4E0,1E0,4E0,3E0,1E0,2E0,2E0,1E0,2E0],"tree_param":{"num_deleted":"0","num_feature":"2","num_nodes":"11","size_leaf_vector":"1"}},{"base_weights":[-1.6328622E-2,-5.162678E-1,5.868641E-1,-1.0669012E-1,-1.9276085E-1,2.3928308E-1,9.885941E-2,-2.3516465E-2,-8.6103445E-3,7.052708E-3,2.7202606E-2],"categories":[],"categories_nodes":[],"categories_segments":[],"categories_sizes":[],"default_left":[0,0,0,0,0,0,0,0,0,0,0],"id":47,"left_children":[1,3,5,-1,7,9,-1,-1,-1,-1,-1],"loss_changes":[3.3185756E0,8.6314535E-1,4.6161473E-1,0E0,2.3649037E-3,2.917096E-3,0E0,0E0,0E0,0E0,0E0],"parents":[2147483647,0,0,1,1,2,2,4,4,5,5],"right_children":[2,4,6,-1,8,10,-1,-1,-1,-1,-1],"split_conditions":[6.032456E-1,1.00414045E-1,1E0,-1.0669012E-1,3.0056068E-1,7.9543567E-1,9.885941E-2,-2.3516465E-2,-8.6103445E-3,7.052708E-3,2.7202606E-2],"split_indices":[0,0,0,0,0,0,0,0,0,0,0],"split_type":[0,0,0,0,0,0,0,0,0,0,0],"sum_hessian":[9E0,5E0,4E0,1E0,4E0,3E0,1E0,2E0,2E0,1E0,2E0],"tree_param":{"num_deleted":"0","num_feature":"2","num_nodes":"11","size_leaf_vector":"1"}},{"base_weights":[-1.526587E-2,-4.877771E-1,5.548008E-1,-1.0135561E-1,-1.799101E-1,2.2391844E-1,9.391651E-2,-1.9938542E-2,-5.100441E-3,6.700039E-3,2.53891E-2],"categories":[],"categories_nodes":[],"categories_segments":[],"categories_sizes":[],"default_left":[0,0,0,0,0,0,0,0,0,0,0],"id":48,"left_children":[1,3,5,-1,7,9,-1,-1,-1,-1,-1],"loss_changes":[2.964248E0,7.888714E-1,4.2560053E-1,0E0,2.3828596E-3,1.8021315E-3,0E0,0E0,0E0,0E0,0E0],"parents":[2147483647,0,0,1,1,2,2,4,4,5,5],"right_children":[2,4,6,-1,8,10,-1,-1,-1,-1,-1],"split_conditions":[6.032456E-1,1.00414045E-1,1E0,-1.0135561E-1,4.042316E-1,7.9543567E-1,9.391651E-2,-1.9938542E-2,-5.100441E-3,6.700039E-3,2.53891E-2],"split_indices":[0,0,0,0,0,0,0,0,0,0,0],"split_type":[0,0,0,0,0,0,0,0,0,0,0],"sum_hessian":[9E0,5E0,4E0,1E0,4E0,3E0,1E0,3E0,1E0,1E0,2E0],"tree_param":{"num_deleted":"0","num_feature":"2","num_nodes":"11","size_leaf_vector":"1"}},{"base_weights":[-1.3778711E-2,-4.6006525E-1,5.245209E-1,-9.628784E-2,-1.6692695E-1,2.09548E-1,8.922062E-2,-2.0619458E-2,-7.2017037E-3,6.3650133E-3,2.369639E-2],"categories":[],"categories_nodes":[],"categories_segments":[],"categories_sizes":[],"default_left":[0,0,0,0,0,0,0,0,0,0,0],"id":49,"left_children":[1,3,5,-1,7,9,-1,-1,-1,-1,-1],"loss_changes":[2.6436722E0,7.236322E-1,3.920945E-1,0E0,3.7849098E-3,9.1691315E-4,0E0,0E0,0E0,0E0,0E0],"parents":[2147483647,0,0,1,1,2,2,4,4,5,5],"right_children":[2,4,6,-1,8,10,-1,-1,-1,-1,-1],"split_conditions":[6.032456E-1,1.00414045E-1,1E0,-9.628784E-2,3.0056068E-1,7.9543567E-1,8.922062E-2,-2.0619458E-2,-7.2017037E-3,6.3650133E-3,2.369639E-2],"split_indices":[0,0,0,0,0,0,0,0,0,0,0],"split_type":[0,0,0,0,0,0,0,0,0,0,0],"sum_hessian":[9E0,5E0,4E0,1E0,4E0,3E0,1E0,2E0,2E0,1E0,2E0],"tree_param":{"num_deleted":"0","num_feature":"2","num_nodes":"11","size_leaf_vector":"1"}},{"base_weights":[-1.2883675E-2,-4.3474343E-1,4.9592477E-1,-9.1473445E-2,-1.5579835E-1,1.9610834E-1,8.4759526E-2,-2.2114946E-2,-8.41732E-3,6.046772E-3,2.2116598E-2],"categories":[],"categories_nodes":[],"categories_segments":[],"categories_sizes":[],"default_left":[0,0,0,0,0,0,0,0,0,0,0],"id":50,"left_children":[1,3,5,-1,7,9,-1,-1,-1,-1,-1],"loss_changes":[2.3620582E0,6.6083276E-1,3.6096227E-1,0E0,4.7890395E-3,2.21923E-4,0E0,0E0,0E0,0E0,0E0],"parents":[2147483647,0,0,1,1,2,2,4,4,5,5],"right_children":[2,4,6,-1,8,10,-1,-1,-1,-1,-1],"split_conditions":[6.032456E-1,1.00414045E-1,1E0,-9.1473445E-2,1.9755709E-1,7.9543567E-1,8.4759526E-2,-2.2114946E-2,-8.41732E-3,6.046772E-3,2.2116598E-2],"split_indices":[0,0,0,0,0,0,0,0,0,0,0],"split_type":[0,0,0,0,0,0,0,0,0,0,0],"sum_hessian":[9E0,5E0,4E0,1E0,4E0,3E0,1E0,1E0,3E0,1E0,2E0],"tree_param":{"num_deleted":"0","num_feature":"2","num_nodes":"11","size_leaf_vector":"1"}},{"base_weights":[-1.2503743E-2,-4.1160348E-1,4.689167E-1,-8.689977E-2,-1.4632511E-1,1.8353796E-2,8.052158E-2,-2.1009207E-2,-7.7860355E-3],"categories":[],"categories_nodes":[],"categories_segments":[],"categories_sizes":[],"default_left":[0,0,0,0,0,0,0,0,0],"id":51,"left_children":[1,3,5,-1,7,-1,-1,-1,-1],"loss_changes":[2.1143556E0,6.008645E-1,3.3207548E-1,0E0,5.4711103E-3,0E0,0E0,0E0,0E0],"parents":[2147483647,0,0,1,1,2,2,4,4],"right_children":[2,4,6,-1,8,-1,-1,-1,-1],"split_conditions":[6.032456E-1,1.00414045E-1,1E0,-8.689977E-2,1.9755709E-1,1.8353796E-2,8.052158E-2,-2.1009207E-2,-7.7860355E-3],"split_indices":[0,0,0,0,0,0,0,0,0],"split_type":[0,0,0,0,0,0,0,0,0],"sum_hessian":[9E0,5E0,4E0,1E0,4E0,3E0,1E0,1E0,3E0],"tree_param":{"num_deleted":"0","num_feature":"2","num_nodes":"9","size_leaf_vector":"1"}},{"base_weights":[-1.2935137E-2,-3.897258E-1,4.4180068E-1,-8.255478E-2,-1.3745184E-1,1.697731E-1,7.649555E-2,-1.9958759E-2,-7.202101E-3,4.8267366E-3,1.941859E-2],"categories":[],"categories_nodes":[],"categories_segments":[],"categories_sizes":[],"default_left":[0,0,0,0,0,0,0,0,0,0,0],"id":52,"left_children":[1,3,5,-1,7,9,-1,-1,-1,-1,-1],"loss_changes":[1.8855832E0,5.462062E-1,3.0966628E-1,0E0,5.9534684E-3,2.492331E-3,0E0,0E0,0E0,0E0,0E0],"parents":[2147483647,0,0,1,1,2,2,4,4,5,5],"right_children":[2,4,6,-1,8,10,-1,-1,-1,-1,-1],"split_conditions":[6.032456E-1,1.00414045E-1,1E0,-8.255478E-2,1.9755709E-1,7.9543567E-1,7.649555E-2,-1.9958759E-2,-7.202101E-3,4.8267366E-3,1.941859E-2],"split_indices":[0,0,0,0,0,0,0,0,0,0,0],"split_type":[0,0,0,0,0,0,0,0,0,0,0],"sum_hessian":[9E0,5E0,4E0,1E0,4E0,3E0,1E0,1E0,3E0,1E0,2E0],"tree_param":{"num_deleted":"0","num_feature":"2","num_nodes":"11","size_leaf_vector":"1"}},{"base_weights":[-1.2538838E-2,-3.690391E-1,4.1776925E-1,-7.842704E-2,-1.2913875E-1,1.5885782E-1,7.267075E-2,-1.896081E-2,-6.66194E-3,4.5853616E-3,1.8124135E-2],"categories":[],"categories_nodes":[],"categories_segments":[],"categories_sizes":[],"default_left":[0,0,0,0,0,0,0,0,0,0,0],"id":53,"left_children":[1,3,5,-1,7,9,-1,-1,-1,-1,-1],"loss_changes":[1.6882225E0,4.96405E-1,2.8449494E-1,0E0,6.2709525E-3,1.8071607E-3,0E0,0E0,0E0,0E0,0E0],"parents":[2147483647,0,0,1,1,2,2,4,4,5,5],"right_children":[2,4,6,-1,8,10,-1,-1,-1,-1,-1],"split_conditions":[6.032456E-1,1.00414045E-1,1E0,-7.842704E-2,1.9755709E-1,7.9543567E-1,7.267075E-2,-1.896081E-2,-6.66194E-3,4.5853616E-3,1.8124135E-2],"split_indices":[0,0,0,0,0,0,0,0,0,0,0],"split_type":[0,0,0,0,0,0,0,0,0,0,0],"sum_hessian":[9E0,5E0,4E0,1E0,4E0,3E0,1E0,1E0,3E0,1E0,2E0],"tree_param":{"num_deleted":"0","num_feature":"2","num_nodes":"11","size_leaf_vector":"1"}},{"base_weights":[-1.2151575E-2,-6.1678964E-1,2.1610665E-1,-7.450569E-2,-1.8012762E-2,-3.3318202E-3,5.82948E-1,-6.162262E-3,7.549986E-3,1.840496E-2,6.903725E-2],"categories":[],"categories_nodes":[],"categories_segments":[],"categories_sizes":[],"default_left":[0,0,0,0,0,0,0,0,0,0,0],"id":54,"left_children":[1,3,5,-1,-1,7,9,-1,-1,-1,-1],"loss_changes":[1.5134284E0,3.3823013E-2,6.459353E-1,0E0,0E0,3.2223467E-2,1.4914274E-3,0E0,0E0,0E0,0E0],"parents":[2147483647,0,0,1,1,2,2,5,5,6,6],"right_children":[2,4,6,-1,-1,8,10,-1,-1,-1,-1],"split_conditions":[1.9755709E-1,1.00414045E-1,9.0718067E-1,-7.450569E-2,-1.8012762E-2,6.032456E-1,1E0,-6.162262E-3,7.549986E-3,1.840496E-2,6.903725E-2],"split_indices":[0,0,0,0,0,0,0,0,0,0,0],"split_type":[0,0,0,0,0,0,0,0,0,0,0],"sum_hessian":[9E0,2E0,7E0,1E0,1E0,5E0,2E0,3E0,2E0,1E0,1E0],"tree_param":{"num_deleted":"0","num_feature":"2","num_nodes":"11","size_leaf_vector":"1"}},{"base_weights":[-1.1305248E-2,-5.8595026E-1,2.0559978E-1,-7.0780404E-2,-1.7112136E-2,-2.766927E-3,5.537999E-1,-5.700064E-3,7.0466995E-3,1.7484665E-2,6.558533E-2],"categories":[],"categories_nodes":[],"categories_segments":[],"categories_sizes":[],"default_left":[0,0,0,0,0,0,0,0,0,0,0],"id":55,"left_children":[1,3,5,-1,-1,7,9,-1,-1,-1,-1],"loss_changes":[1.3669052E0,3.052497E-2,5.819589E-1,0E0,0E0,2.7847148E-2,1.3465881E-3,0E0,0E0,0E0,0E0],"parents":[2147483647,0,0,1,1,2,2,5,5,6,6],"right_children":[2,4,6,-1,-1,8,10,-1,-1,-1,-1],"split_conditions":[1.9755709E-1,1.00414045E-1,9.0718067E-1,-7.0780404E-2,-1.7112136E-2,6.032456E-1,1E0,-5.700064E-3,7.0466995E-3,1.7484665E-2,6.558533E-2],"split_indices":[0,0,0,0,0,0,0,0,0,0,0],"split_type":[0,0,0,0,0,0,0,0,0,0,0],"sum_hessian":[9E0,2E0,7E0,1E0,1E0,5E0,2E0,3E0,2E0,1E0,1E0],"tree_param":{"num_deleted":"0","num_feature":"2","num_nodes":"11","size_leaf_vector":"1"}},{"base_weights":[-1.05226515E-2,-5.566527E-1,1.9559145E-1,-6.7241386E-2,-1.6256524E-2,-2.2659302E-3,5.2610904E-1,-5.2725794E-3,6.5769195E-3,1.6610337E-2,6.2306024E-2],"categories":[],"categories_nodes":[],"categories_segments":[],"categories_sizes":[],"default_left":[0,0,0,0,0,0,0,0,0,0,0],"id":56,"left_children":[1,3,5,-1,-1,7,9,-1,-1,-1,-1],"loss_changes":[1.2345276E0,2.754891E-2,5.2435493E-1,0E0,0E0,2.4065992E-2,1.2164712E-3,0E0,0E0,0E0,0E0],"parents":[2147483647,0,0,1,1,2,2,5,5,6,6],"right_children":[2,4,6,-1,-1,8,10,-1,-1,-1,-1],"split_conditions":[1.9755709E-1,1.00414045E-1,9.0718067E-1,-6.7241386E-2,-1.6256524E-2,6.032456E-1,1E0,-5.2725794E-3,6.5769195E-3,1.6610337E-2,6.2306024E-2],"split_indices":[0,0,0,0,0,0,0,0,0,0,0],"split_type":[0,0,0,0,0,0,0,0,0,0,0],"sum_hessian":[9E0,2E0,7E0,1E0,1E0,5E0,2E0,3E0,2E0,1E0,1E0],"tree_param":{"num_deleted":"0","num_feature":"2","num_nodes":"11","size_leaf_vector":"1"}},{"base_weights":[-9.797883E-3,-5.288201E-1,1.8606019E-1,-6.387931E-2,-1.5443707E-2,-1.8218359E-3,4.9980417E-1,-4.8771384E-3,6.138484E-3,1.5779877E-2,5.919075E-2],"categories":[],"categories_nodes":[],"categories_segments":[],"categories_sizes":[],"default_left":[0,0,0,0,0,0,0,0,0,0,0],"id":57,"left_children":[1,3,5,-1,-1,7,9,-1,-1,-1,-1],"loss_changes":[1.1149393E0,2.4862766E-2,4.7248536E-1,0E0,0E0,2.079897E-2,1.0972619E-3,0E0,0E0,0E0,0E0],"parents":[2147483647,0,0,1,1,2,2,5,5,6,6],"right_children":[2,4,6,-1,-1,8,10,-1,-1,-1,-1],"split_conditions":[1.9755709E-1,1.00414045E-1,9.0718067E-1,-6.387931E-2,-1.5443707E-2,6.032456E-1,1E0,-4.8771384E-3,6.138484E-3,1.5779877E-2,5.919075E-2],"split_indices":[0,0,0,0,0,0,0,0,0,0,0],"split_type":[0,0,0,0,0,0,0,0,0,0,0],"sum_hessian":[9E0,2E0,7E0,1E0,1E0,5E0,2E0,3E0,2E0,1E0,1E0],"tree_param":{"num_deleted":"0","num_feature":"2","num_nodes":"11","size_leaf_vector":"1"}},{"base_weights":[-9.127045E-3,-5.023791E-1,1.7698336E-1,-6.0685348E-2,-1.4671517E-2,-1.4292399E-3,4.748141E-1,-4.5113564E-3,5.729294E-3,1.4990807E-2,5.623131E-2],"categories":[],"categories_nodes":[],"categories_segments":[],"categories_sizes":[],"default_left":[0,0,0,0,0,0,0,0,0,0,0],"id":58,"left_children":[1,3,5,-1,-1,7,9,-1,-1,-1,-1],"loss_changes":[1.0069062E0,2.2438705E-2,4.257727E-1,0E0,0E0,1.797612E-2,9.915829E-4,0E0,0E0,0E0,0E0],"parents":[2147483647,0,0,1,1,2,2,5,5,6,6],"right_children":[2,4,6,-1,-1,8,10,-1,-1,-1,-1],"split_conditions":[1.9755709E-1,1.00414045E-1,9.0718067E-1,-6.0685348E-2,-1.4671517E-2,6.032456E-1,1E0,-4.5113564E-3,5.729294E-3,1.4990807E-2,5.623131E-2],"split_indices":[0,0,0,0,0,0,0,0,0,0,0],"split_type":[0,0,0,0,0,0,0,0,0,0,0],"sum_hessian":[9E0,2E0,7E0,1E0,1E0,5E0,2E0,3E0,2E0,1E0,1E0],"tree_param":{"num_deleted":"0","num_feature":"2","num_nodes":"11","size_leaf_vector":"1"}},{"base_weights":[-8.50637E-3,-4.772602E-1,1.6833961E-1,-5.765108E-2,-1.393795E-2,-1.0835329E-3,4.510727E-1,-4.1730166E-3,5.3473157E-3,1.4241219E-2,5.3419687E-2],"categories":[],"categories_nodes":[],"categories_segments":[],"categories_sizes":[],"default_left":[0,0,0,0,0,0,0,0,0,0,0],"id":59,"left_children":[1,3,5,-1,-1,7,9,-1,-1,-1,-1],"loss_changes":[9.093141E-1,2.0250738E-2,3.8370097E-1,0E0,0E0,1.5536717E-2,8.9526176E-4,0E0,0E0,0E0,0E0],"parents":[2147483647,0,0,1,1,2,2,5,5,6,6],"right_children":[2,4,6,-1,-1,8,10,-1,-1,-1,-1],"split_conditions":[1.9755709E-1,1.00414045E-1,9.0718067E-1,-5.765108E-2,-1.393795E-2,6.032456E-1,1E0,-4.1730166E-3,5.3473157E-3,1.4241219E-2,5.3419687E-2],"split_indices":[0,0,0,0,0,0,0,0,0,0,0],"split_type":[0,0,0,0,0,0,0,0,0,0,0],"sum_hessian":[9E0,2E0,7E0,1E0,1E0,5E0,2E0,3E0,2E0,1E0,1E0],"tree_param":{"num_deleted":"0","num_feature":"2","num_nodes":"11","size_leaf_vector":"1"}},{"base_weights":[-7.931257E-3,-4.5339718E-1,1.6010988E-1,-5.476853E-2,-1.3241053E-2,-7.7962875E-4,4.2851892E-1,-3.8600208E-3,4.9907686E-3,1.3529206E-2,5.0748635E-2],"categories":[],"categories_nodes":[],"categories_segments":[],"categories_sizes":[],"default_left":[0,0,0,0,0,0,0,0,0,0,0],"id":60,"left_children":[1,3,5,-1,-1,7,9,-1,-1,-1,-1],"loss_changes":[8.2115936E-1,1.8276393E-2,3.4580767E-1,0E0,0E0,1.34285875E-2,8.072257E-4,0E0,0E0,0E0,0E0],"parents":[2147483647,0,0,1,1,2,2,5,5,6,6],"right_children":[2,4,6,-1,-1,8,10,-1,-1,-1,-1],"split_conditions":[1.9755709E-1,1.00414045E-1,9.0718067E-1,-5.476853E-2,-1.3241053E-2,6.032456E-1,1E0,-3.8600208E-3,4.9907686E-3,1.3529206E-2,5.0748635E-2],"split_indices":[0,0,0,0,0,0,0,0,0,0,0],"split_type":[0,0,0,0,0,0,0,0,0,0,0],"sum_hessian":[9E0,2E0,7E0,1E0,1E0,5E0,2E0,3E0,2E0,1E0,1E0],"tree_param":{"num_deleted":"0","num_feature":"2","num_nodes":"11","size_leaf_vector":"1"}},{"base_weights":[-7.3980093E-3,-4.3072724E-1,1.522752E-1,-5.2030098E-2,-1.2578988E-2,-5.129178E-4,4.0709305E-1,-3.5704852E-3,4.6580634E-3,1.2852669E-2,4.8211288E-2],"categories":[],"categories_nodes":[],"categories_segments":[],"categories_sizes":[],"default_left":[0,0,0,0,0,0,0,0,0,0,0],"id":61,"left_children":[1,3,5,-1,-1,7,9,-1,-1,-1,-1],"loss_changes":[7.4153244E-1,1.6494572E-2,3.1167394E-1,0E0,0E0,1.1607033E-2,7.2962046E-4,0E0,0E0,0E0,0E0],"parents":[2147483647,0,0,1,1,2,2,5,5,6,6],"right_children":[2,4,6,-1,-1,8,10,-1,-1,-1,-1],"split_conditions":[1.9755709E-1,1.00414045E-1,9.0718067E-1,-5.2030098E-2,-1.2578988E-2,6.032456E-1,1E0,-3.5704852E-3,4.6580634E-3,1.2852669E-2,4.8211288E-2],"split_indices":[0,0,0,0,0,0,0,0,0,0,0],"split_type":[0,0,0,0,0,0,0,0,0,0,0],"sum_hessian":[9E0,2E0,7E0,1E0,1E0,5E0,2E0,3E0,2E0,1E0,1E0],"tree_param":{"num_deleted":"0","num_feature":"2","num_nodes":"11","size_leaf_vector":"1"}},{"base_weights":[-6.903672E-3,-4.091909E-1,1.44817E-1,-4.9428593E-2,-1.195004E-2,-2.802213E-4,3.867391E-1,-3.3026934E-3,4.347547E-3,1.2210083E-2,4.5800783E-2],"categories":[],"categories_nodes":[],"categories_segments":[],"categories_sizes":[],"default_left":[0,0,0,0,0,0,0,0,0,0,0],"id":62,"left_children":[1,3,5,-1,-1,7,9,-1,-1,-1,-1],"loss_changes":[6.696106E-1,1.488632E-2,2.8092617E-1,0E0,0E0,1.0032992E-2,6.581545E-4,0E0,0E0,0E0,0E0],"parents":[2147483647,0,0,1,1,2,2,5,5,6,6],"right_children":[2,4,6,-1,-1,8,10,-1,-1,-1,-1],"split_conditions":[1.9755709E-1,1.00414045E-1,9.0718067E-1,-4.9428593E-2,-1.195004E-2,6.032456E-1,1E0,-3.3026934E-3,4.347547E-3,1.2210083E-2,4.5800783E-2],"split_indices":[0,0,0,0,0,0,0,0,0,0,0],"split_type":[0,0,0,0,0,0,0,0,0,0,0],"sum_hessian":[9E0,2E0,7E0,1E0,1E0,5E0,2E0,3E0,2E0,1E0,1E0],"tree_param":{"num_deleted":"0","num_feature":"2","num_nodes":"11","size_leaf_vector":"1"}},{"base_weights":[-6.445515E-3,-3.8873136E-1,1.3771737E-1,-4.6957165E-2,-1.1352539E-2,-7.804235E-5,3.674024E-1,-3.0549765E-2,4.0576938E-3,1.1599541E-2,4.351082E-2,-3.46632E-3,-9.104729E-4],"categories":[],"categories_nodes":[],"categories_segments":[],"categories_sizes":[],"default_left":[0,0,0,0,0,0,0,0,0,0,0,0,0],"id":63,"left_children":[1,3,5,-1,-1,7,9,11,-1,-1,-1,-1,-1],"loss_changes":[6.0464936E-1,1.3434887E-2,2.5322503E-1,0E0,0E0,8.672579E-3,5.9455633E-4,3.725197E-5,0E0,0E0,0E0,0E0,0E0],"parents":[2147483647,0,0,1,1,2,2,5,5,6,6,7,7],"right_children":[2,4,6,-1,-1,8,10,12,-1,-1,-1,-1,-1],"split_conditions":[1.9755709E-1,1.00414045E-1,9.0718067E-1,-4.6957165E-2,-1.1352539E-2,6.032456E-1,1E0,4.042316E-1,4.0576938E-3,1.1599541E-2,4.351082E-2,-3.46632E-3,-9.104729E-4],"split_indices":[0,0,0,0,0,0,0,0,0,0,0,0,0],"split_type":[0,0,0,0,0,0,0,0,0,0,0,0,0],"sum_hessian":[9E0,2E0,7E0,1E0,1E0,5E0,2E0,3E0,2E0,1E0,1E0,2E0,1E0],"tree_param":{"num_deleted":"0","num_feature":"2","num_nodes":"13","size_leaf_vector":"1"}},{"base_weights":[-6.152916E-3,-3.692948E-1,1.307944E-1,-4.460931E-2,-1.0784912E-2,-1.2350082E-4,3.4903207E-1,-2.858901E-2,3.7871678E-3,1.1019516E-2,4.1335296E-2,-3.2352132E-3,-8.649826E-4],"categories":[],"categories_nodes":[],"categories_segments":[],"categories_sizes":[],"default_left":[0,0,0,0,0,0,0,0,0,0,0,0,0],"id":64,"left_children":[1,3,5,-1,-1,7,9,11,-1,-1,-1,-1,-1],"loss_changes":[5.456147E-1,1.2124985E-2,2.2861284E-1,0E0,0E0,7.5720265E-3,5.3712726E-4,2.0293985E-5,0E0,0E0,0E0,0E0,0E0],"parents":[2147483647,0,0,1,1,2,2,5,5,6,6,7,7],"right_children":[2,4,6,-1,-1,8,10,12,-1,-1,-1,-1,-1],"split_conditions":[1.9755709E-1,1.00414045E-1,9.0718067E-1,-4.460931E-2,-1.0784912E-2,6.032456E-1,1E0,4.042316E-1,3.7871678E-3,1.1019516E-2,4.1335296E-2,-3.2352132E-3,-8.649826E-4],"split_indices":[0,0,0,0,0,0,0,0,0,0,0,0,0],"split_type":[0,0,0,0,0,0,0,0,0,0,0,0,0],"sum_hessian":[9E0,2E0,7E0,1E0,1E0,5E0,2E0,3E0,2E0,1E0,1E0,2E0,1E0],"tree_param":{"num_deleted":"0","num_feature":"2","num_nodes":"13","size_leaf_vector":"1"}},{"base_weights":[-5.8731795E-3,-3.5083E-1,1.24219775E-1,-4.2378843E-2,-1.02456575E-2,-1.6355515E-4,3.3157983E-1,-2.6755095E-2,3.5346348E-3,1.0468483E-2,3.9268494E-2,-3.0195555E-3,-8.216858E-4],"categories":[],"categories_nodes":[],"categories_segments":[],"categories_sizes":[],"default_left":[0,0,0,0,0,0,0,0,0,0,0,0,0],"id":65,"left_children":[1,3,5,-1,-1,7,9,11,-1,-1,-1,-1,-1],"loss_changes":[4.9234456E-1,1.0942906E-2,2.0639129E-1,0E0,0E0,6.6112727E-3,4.851818E-4,7.0079695E-6,0E0,0E0,0E0,0E0,0E0],"parents":[2147483647,0,0,1,1,2,2,5,5,6,6,7,7],"right_children":[2,4,6,-1,-1,8,10,12,-1,-1,-1,-1,-1],"split_conditions":[1.9755709E-1,1.00414045E-1,9.0718067E-1,-4.2378843E-2,-1.02456575E-2,6.032456E-1,1E0,4.042316E-1,3.5346348E-3,1.0468483E-2,3.9268494E-2,-3.0195555E-3,-8.216858E-4],"split_indices":[0,0,0,0,0,0,0,0,0,0,0,0,0],"split_type":[0,0,0,0,0,0,0,0,0,0,0,0,0],"sum_hessian":[9E0,2E0,7E0,1E0,1E0,5E0,2E0,3E0,2E0,1E0,1E0,2E0,1E0],"tree_param":{"num_deleted":"0","num_feature":"2","num_nodes":"13","size_leaf_vector":"1"}},{"base_weights":[-5.605298E-3,-3.3328846E-1,1.1797655E-1,-4.02599E-2,-9.733367E-3,-1.9852321E-4,3.1500116E-1,-2.5039911E-3,3.2989501E-3,9.945107E-3,3.730507E-2],"categories":[],"categories_nodes":[],"categories_segments":[],"categories_sizes":[],"default_left":[0,0,0,0,0,0,0,0,0,0,0],"id":66,"left_children":[1,3,5,-1,-1,7,9,-1,-1,-1,-1],"loss_changes":[4.442771E-1,9.876043E-3,1.8632972E-1,0E0,0E0,5.7726735E-3,4.374385E-4,0E0,0E0,0E0,0E0],"parents":[2147483647,0,0,1,1,2,2,5,5,6,6],"right_children":[2,4,6,-1,-1,8,10,-1,-1,-1,-1],"split_conditions":[1.9755709E-1,1.00414045E-1,9.0718067E-1,-4.02599E-2,-9.733367E-3,6.032456E-1,1E0,-2.5039911E-3,3.2989501E-3,9.945107E-3,3.730507E-2],"split_indices":[0,0,0,0,0,0,0,0,0,0,0],"split_type":[0,0,0,0,0,0,0,0,0,0,0],"sum_hessian":[9E0,2E0,7E0,1E0,1E0,5E0,2E0,3E0,2E0,1E0,1E0],"tree_param":{"num_deleted":"0","num_feature":"2","num_nodes":"11","size_leaf_vector":"1"}},{"base_weights":[-5.2395104E-3,-3.1662408E-1,1.12184644E-1,-3.8246907E-2,-9.246707E-3,-4.6253204E-5,2.9925156E-1,-2.316165E-2,3.0789694E-3,9.4478605E-3,3.5439875E-2,-2.65131E-3,-6.55365E-4],"categories":[],"categories_nodes":[],"categories_segments":[],"categories_sizes":[],"default_left":[0,0,0,0,0,0,0,0,0,0,0,0,0],"id":67,"left_children":[1,3,5,-1,-1,7,9,11,-1,-1,-1,-1,-1],"loss_changes":[4.0116104E-1,8.91304E-3,1.6797134E-1,0E0,0E0,4.989851E-3,3.9485097E-4,4.888582E-5,0E0,0E0,0E0,0E0,0E0],"parents":[2147483647,0,0,1,1,2,2,5,5,6,6,7,7],"right_children":[2,4,6,-1,-1,8,10,12,-1,-1,-1,-1,-1],"split_conditions":[1.9755709E-1,1.00414045E-1,9.0718067E-1,-3.8246907E-2,-9.246707E-3,6.032456E-1,1E0,4.042316E-1,3.0789694E-3,9.4478605E-3,3.5439875E-2,-2.65131E-3,-6.55365E-4],"split_indices":[0,0,0,0,0,0,0,0,0,0,0,0,0],"split_type":[0,0,0,0,0,0,0,0,0,0,0,0,0],"sum_hessian":[9E0,2E0,7E0,1E0,1E0,5E0,2E0,3E0,2E0,1E0,1E0,2E0,1E0],"tree_param":{"num_deleted":"0","num_feature":"2","num_nodes":"13","size_leaf_vector":"1"}},{"base_weights":[-4.998726E-3,-3.0079284E-1,1.06548905E-1,-3.633456E-2,-8.784366E-3,-7.931391E-5,2.8428903E-1,-2.167201E-2,2.8737387E-2,8.975411E-3,3.3667948E-2,-2.4745623E-3,-6.225586E-4,8.489609E-4,3.461647E-3],"categories":[],"categories_nodes":[],"categories_segments":[],"categories_sizes":[],"default_left":[0,0,0,0,0,0,0,0,0,0,0,0,0,0,0],"id":68,"left_children":[1,3,5,-1,-1,7,9,11,13,-1,-1,-1,-1,-1,-1],"loss_changes":[3.6200047E-1,8.044094E-3,1.5163948E-1,0E0,0E0,4.3561785E-3,3.569275E-4,3.5849283E-5,6.323494E-5,0E0,0E0,0E0,0E0,0E0,0E0],"parents":[2147483647,0,0,1,1,2,2,5,5,6,6,7,7,8,8],"right_children":[2,4,6,-1,-1,8,10,12,14,-1,-1,-1,-1,-1,-1],"split_conditions":[1.9755709E-1,1.00414045E-1,9.0718067E-1,-3.633456E-2,-8.784366E-3,6.032456E-1,1E0,4.042316E-1,7.9543567E-1,8.975411E-3,3.3667948E-2,-2.4745623E-3,-6.225586E-4,8.489609E-4,3.461647E-3],"split_indices":[0,0,0,0,0,0,0,0,0,0,0,0,0,0,0],"split_type":[0,0,0,0,0,0,0,0,0,0,0,0,0,0,0],"sum_hessian":[9E0,2E0,7E0,1E0,1E0,5E0,2E0,3E0,2E0,1E0,1E0,2E0,1E0,1E0,1E0],"tree_param":{"num_deleted":"0","num_feature":"2","num_nodes":"15","size_leaf_vector":"1"}},{"base_weights":[-4.6250224E-3,-2.8575322E-1,1.01376176E-1,-3.4517832E-2,-8.345151E-3,1.3113022E-4,2.7007422E-1,-2.027917E-2,2.7301153E-2,8.526611E-3,3.198452E-2,-2.3095766E-3,-5.914688E-4,8.065224E-4,3.2886507E-3],"categories":[],"categories_nodes":[],"categories_segments":[],"categories_sizes":[],"default_left":[0,0,0,0,0,0,0,0,0,0,0,0,0,0,0],"id":69,"left_children":[1,3,5,-1,-1,7,9,11,13,-1,-1,-1,-1,-1,-1],"loss_changes":[3.269678E-1,7.2597414E-3,1.366033E-1,0E0,0E0,3.8809343E-3,3.2229722E-4,2.5231624E-5,5.708146E-5,0E0,0E0,0E0,0E0,0E0,0E0],"parents":[2147483647,0,0,1,1,2,2,5,5,6,6,7,7,8,8],"right_children":[2,4,6,-1,-1,8,10,12,14,-1,-1,-1,-1,-1,-1],"split_conditions":[1.9755709E-1,1.00414045E-1,9.0718067E-1,-3.4517832E-2,-8.345151E-3,6.032456E-1,1E0,4.042316E-1,7.9543567E-1,8.526611E-3,3.198452E-2,-2.3095766E-3,-5.914688E-4,8.065224E-4,3.2886507E-3],"split_indices":[0,0,0,0,0,0,0,0,0,0,0,0,0,0,0],"split_type":[0,0,0,0,0,0,0,0,0,0,0,0,0,0,0],"sum_hessian":[9E0,2E0,7E0,1E0,1E0,5E0,2E0,3E0,2E0,1E0,1E0,2E0,1E0,1E0,1E0],"tree_param":{"num_deleted":"0","num_feature":"2","num_nodes":"15","size_leaf_vector":"1"}},{"base_weights":[-4.2783557E-3,-2.7146557E-1,9.645164E-2,-3.279194E-2,-7.927895E-3,3.170967E-4,2.565702E-1,-1.897645E-2,2.5936127E-2,8.100319E-3,3.038521E-2,-2.15559E-3,-5.619049E-4,7.6618197E-4,3.124237E-3],"categories":[],"categories_nodes":[],"categories_segments":[],"categories_sizes":[],"default_left":[0,0,0,0,0,0,0,0,0,0,0,0,0,0,0],"id":70,"left_children":[1,3,5,-1,-1,7,9,11,13,-1,-1,-1,-1,-1,-1],"loss_changes":[2.9532096E-1,6.5519214E-3,1.2306202E-1,0E0,0E0,3.4578673E-3,2.9043853E-4,1.6695354E-5,5.1530544E-5,0E0,0E0,0E0,0E0,0E0,0E0],"parents":[2147483647,0,0,1,1,2,2,5,5,6,6,7,7,8,8],"right_children":[2,4,6,-1,-1,8,10,12,14,-1,-1,-1,-1,-1,-1],"split_conditions":[1.9755709E-1,1.00414045E-1,9.0718067E-1,-3.279194E-2,-7.927895E-3,6.032456E-1,1E0,4.042316E-1,7.9543567E-1,8.100319E-3,3.038521E-2,-2.15559E-3,-5.619049E-4,7.6618197E-4,3.124237E-3],"split_indices":[0,0,0,0,0,0,0,0,0,0,0,0,0,0,0],"split_type":[0,0,0,0,0,0,0,0,0,0,0,0,0,0,0],"sum_hessian":[9E0,2E0,7E0,1E0,1E0,5E0,2E0,3E0,2E0,1E0,1E0,2E0,1E0,1E0,1E0],"tree_param":{"num_deleted":"0","num_feature":"2","num_nodes":"15","size_leaf_vector":"1"}},{"base_weights":[-3.9564134E-3,-2.5789228E-1,9.176409E-2,-3.1152343E-2,-7.5315E-3,4.808108E-4,2.4374263E-1,-1.7758131E-2,2.463913E-2,7.695389E-3,2.8866006E-2,-2.0119033E-3,-5.337715E-4,7.2784425E-4,2.9680252E-3],"categories":[],"categories_nodes":[],"categories_segments":[],"categories_sizes":[],"default_left":[0,0,0,0,0,0,0,0,0,0,0,0,0,0,0],"id":71,"left_children":[1,3,5,-1,-1,7,9,11,13,-1,-1,-1,-1,-1,-1],"loss_changes":[2.6673397E-1,5.9131086E-3,1.108676E-1,0E0,0E0,3.081278E-3,2.616495E-4,9.903801E-6,4.6526082E-5,0E0,0E0,0E0,0E0,0E0,0E0],"parents":[2147483647,0,0,1,1,2,2,5,5,6,6,7,7,8,8],"right_children":[2,4,6,-1,-1,8,10,12,14,-1,-1,-1,-1,-1,-1],"split_conditions":[1.9755709E-1,1.00414045E-1,9.0718067E-1,-3.1152343E-2,-7.5315E-3,6.032456E-1,1E0,4.042316E-1,7.9543567E-1,7.695389E-3,2.8866006E-2,-2.0119033E-3,-5.337715E-4,7.2784425E-4,2.9680252E-3],"split_indices":[0,0,0,0,0,0,0,0,0,0,0,0,0,0,0],"split_type":[0,0,0,0,0,0,0,0,0,0,0,0,0,0,0],"sum_hessian":[9E0,2E0,7E0,1E0,1E0,5E0,2E0,3E0,2E0,1E0,1E0,2E0,1E0,1E0,1E0],"tree_param":{"num_deleted":"0","num_feature":"2","num_nodes":"15","size_leaf_vector":"1"}},{"base_weights":[-3.657806E-3,-2.4499762E-1,8.730185E-2,-2.9594725E-2,-7.154918E-3,6.244977E-4,2.3155594E-1,-1.661849E-2,2.3406982E-2,7.310677E-3,2.7422715E-2,-1.877753E-3,-5.0706865E-4,6.914139E-4,2.8196336E-3],"categories":[],"categories_nodes":[],"categories_segments":[],"categories_sizes":[],"default_left":[0,0,0,0,0,0,0,0,0,0,0,0,0,0,0],"id":72,"left_children":[1,3,5,-1,-1,7,9,11,13,-1,-1,-1,-1,-1,-1],"loss_changes":[2.4091059E-1,5.3366423E-3,9.98839E-2,0E0,0E0,2.7460174E-3,2.3579597E-4,4.513655E-6,4.2016734E-5,0E0,0E0,0E0,0E0,0E0,0E0],"parents":[2147483647,0,0,1,1,2,2,5,5,6,6,7,7,8,8],"right_children":[2,4,6,-1,-1,8,10,12,14,-1,-1,-1,-1,-1,-1],"split_conditions":[1.9755709E-1,1.00414045E-1,9.0718067E-1,-2.9594725E-2,-7.154918E-3,6.032456E-1,1E0,4.042316E-1,7.9543567E-1,7.310677E-3,2.7422715E-2,-1.877753E-3,-5.0706865E-4,6.914139E-4,2.8196336E-3],"split_indices":[0,0,0,0,0,0,0,0,0,0,0,0,0,0,0],"split_type":[0,0,0,0,0,0,0,0,0,0,0,0,0,0,0],"sum_hessian":[9E0,2E0,7E0,1E0,1E0,5E0,2E0,3E0,2E0,1E0,1E0,2E0,1E0,1E0,1E0],"tree_param":{"num_deleted":"0","num_feature":"2","num_nodes":"15","size_leaf_vector":"1"}},{"base_weights":[-3.3807815E-3,-2.3274773E-1,8.305442E-2,-2.811499E-2,-6.7971707E-3,7.5006485E-4,2.1997833E-1,-1.555276E-3,2.2237143E-2,6.9452287E-3,2.6051521E-2,6.5689086E-4,2.6786805E-3],"categories":[],"categories_nodes":[],"categories_segments":[],"categories_sizes":[],"default_left":[0,0,0,0,0,0,0,0,0,0,0,0,0],"id":73,"left_children":[1,3,5,-1,-1,7,9,-1,11,-1,-1,-1,-1],"loss_changes":[2.1758452E-1,4.8163086E-3,8.999049E-2,0E0,0E0,2.4476491E-3,2.1217763E-4,0E0,3.78954E-5,0E0,0E0,0E0,0E0],"parents":[2147483647,0,0,1,1,2,2,5,5,6,6,8,8],"right_children":[2,4,6,-1,-1,8,10,-1,12,-1,-1,-1,-1],"split_conditions":[1.9755709E-1,1.00414045E-1,9.0718067E-1,-2.811499E-2,-6.7971707E-3,6.032456E-1,1E0,-1.555276E-3,7.9543567E-1,6.9452287E-3,2.6051521E-2,6.5689086E-4,2.6786805E-3],"split_indices":[0,0,0,0,0,0,0,0,0,0,0,0,0],"split_type":[0,0,0,0,0,0,0,0,0,0,0,0,0],"sum_hessian":[9E0,2E0,7E0,1E0,1E0,5E0,2E0,3E0,2E0,1E0,1E0,1E0,1E0],"tree_param":{"num_deleted":"0","num_feature":"2","num_nodes":"13","size_leaf_vector":"1"}},{"base_weights":[-3.0561327E-3,-2.211103E-1,7.90962E-2,-2.6709242E-2,-6.457305E-3,9.719531E-4,2.089793E-1,-1.43864155E-2,2.1125793E-2,6.5979003E-3,2.4748994E-2,-1.6488711E-3,-4.0397645E-4,6.240845E-4,2.5447847E-3],"categories":[],"categories_nodes":[],"categories_segments":[],"categories_sizes":[],"default_left":[0,0,0,0,0,0,0,0,0,0,0,0,0,0,0],"id":74,"left_children":[1,3,5,-1,-1,7,9,11,13,-1,-1,-1,-1,-1,-1],"loss_changes":[1.9662556E-1,4.346773E-3,8.097302E-2,0E0,0E0,2.161105E-3,1.9195676E-4,2.0396314E-5,3.4184544E-5,0E0,0E0,0E0,0E0,0E0,0E0],"parents":[2147483647,0,0,1,1,2,2,5,5,6,6,7,7,8,8],"right_children":[2,4,6,-1,-1,8,10,12,14,-1,-1,-1,-1,-1,-1],"split_conditions":[1.9755709E-1,1.00414045E-1,9.0718067E-1,-2.6709242E-2,-6.457305E-3,6.032456E-1,1E0,4.042316E-1,7.9543567E-1,6.5979003E-3,2.4748994E-2,-1.6488711E-3,-4.0397645E-4,6.240845E-4,2.5447847E-3],"split_indices":[0,0,0,0,0,0,0,0,0,0,0,0,0,0,0],"split_type":[0,0,0,0,0,0,0,0,0,0,0,0,0,0,0],"sum_hessian":[9E0,2E0,7E0,1E0,1E0,5E0,2E0,3E0,2E0,1E0,1E0,2E0,1E0,1E0,1E0],"tree_param":{"num_deleted":"0","num_feature":"2","num_nodes":"15","size_leaf_vector":"1"}},{"base_weights":[-2.8209866E-3,-2.1005477E-1,7.524431E-2,-2.5373777E-2,-6.134439E-3,1.0609627E-3,1.9852956E-1,-1.3460875E-2,2.0069757E-2,6.267929E-3,2.3511505E-2,-1.5389443E-3,-3.8375854E-4,5.9289933E-4,2.4175644E-3],"categories":[],"categories_nodes":[],"categories_segments":[],"categories_sizes":[],"default_left":[0,0,0,0,0,0,0,0,0,0,0,0,0,0,0],"id":75,"left_children":[1,3,5,-1,-1,7,9,11,13,-1,-1,-1,-1,-1,-1],"loss_changes":[1.775831E-1,3.922954E-3,7.295506E-2,0E0,0E0,1.9264122E-3,1.7360598E-4,1.5178404E-5,3.084389E-5,0E0,0E0,0E0,0E0,0E0,0E0],"parents":[2147483647,0,0,1,1,2,2,5,5,6,6,7,7,8,8],"right_children":[2,4,6,-1,-1,8,10,12,14,-1,-1,-1,-1,-1,-1],"split_conditions":[1.9755709E-1,1.00414045E-1,9.0718067E-1,-2.5373777E-2,-6.134439E-3,6.032456E-1,1E0,4.042316E-1,7.9543567E-1,6.267929E-3,2.3511505E-2,-1.5389443E-3,-3.8375854E-4,5.9289933E-4,2.4175644E-3],"split_indices":[0,0,0,0,0,0,0,0,0,0,0,0,0,0,0],"split_type":[0,0,0,0,0,0,0,0,0,0,0,0,0,0,0],"sum_hessian":[9E0,2E0,7E0,1E0,1E0,5E0,2E0,3E0,2E0,1E0,1E0,2E0,1E0,1E0,1E0],"tree_param":{"num_deleted":"0","num_feature":"2","num_nodes":"15","size_leaf_vector":"1"}},{"base_weights":[-2.6028962E-3,-1.9955201E-1,7.157838E-2,-2.4105089E-2,-5.8277133E-3,1.135985E-3,1.8860371E-1,-1.2595415E-2,1.9065857E-2,5.954552E-3,2.2336006E-2,-1.6549111E-3,-5.761147E-4,5.632401E-4,2.2966384E-3],"categories":[],"categories_nodes":[],"categories_segments":[],"categories_sizes":[],"default_left":[0,0,0,0,0,0,0,0,0,0,0,0,0,0,0],"id":76,"left_children":[1,3,5,-1,-1,7,9,11,13,-1,-1,-1,-1,-1,-1],"loss_changes":[1.6038299E-1,3.540486E-3,6.573412E-2,0E0,0E0,1.7173558E-3,1.5667826E-4,1.2740609E-5,2.7836883E-5,0E0,0E0,0E0,0E0,0E0,0E0],"parents":[2147483647,0,0,1,1,2,2,5,5,6,6,7,7,8,8],"right_children":[2,4,6,-1,-1,8,10,12,14,-1,-1,-1,-1,-1,-1],"split_conditions":[1.9755709E-1,1.00414045E-1,9.0718067E-1,-2.4105089E-2,-5.8277133E-3,6.032456E-1,1E0,3.0056068E-1,7.9543567E-1,5.954552E-3,2.2336006E-2,-1.6549111E-3,-5.761147E-4,5.632401E-4,2.2966384E-3],"split_indices":[0,0,0,0,0,0,0,0,0,0,0,0,0,0,0],"split_type":[0,0,0,0,0,0,0,0,0,0,0,0,0,0,0],"sum_hessian":[9E0,2E0,7E0,1E0,1E0,5E0,2E0,3E0,2E0,1E0,1E0,1E0,2E0,1E0,1E0],"tree_param":{"num_deleted":"0","num_feature":"2","num_nodes":"15","size_leaf_vector":"1"}},{"base_weights":[-2.4438202E-3,-1.8957435E-1,6.80356E-2,-2.2899834E-2,-5.536318E-3,1.127243E-3,1.7917378E-1,-1.1893749E-2,1.8112818E-2,5.6568147E-3,2.1219254E-2,-1.5721798E-3,-5.377134E-4,5.351067E-4,2.1818161E-3],"categories":[],"categories_nodes":[],"categories_segments":[],"categories_sizes":[],"default_left":[0,0,0,0,0,0,0,0,0,0,0,0,0,0,0],"id":77,"left_children":[1,3,5,-1,-1,7,9,11,13,-1,-1,-1,-1,-1,-1],"loss_changes":[1.4478631E-1,3.1953454E-3,5.928662E-2,0E0,0E0,1.5424436E-3,1.4150888E-4,1.52454595E-5,2.510962E-5,0E0,0E0,0E0,0E0,0E0,0E0],"parents":[2147483647,0,0,1,1,2,2,5,5,6,6,7,7,8,8],"right_children":[2,4,6,-1,-1,8,10,12,14,-1,-1,-1,-1,-1,-1],"split_conditions":[1.9755709E-1,1.00414045E-1,9.0718067E-1,-2.2899834E-2,-5.536318E-3,6.032456E-1,1E0,3.0056068E-1,7.9543567E-1,5.6568147E-3,2.1219254E-2,-1.5721798E-3,-5.377134E-4,5.351067E-4,2.1818161E-3],"split_indices":[0,0,0,0,0,0,0,0,0,0,0,0,0,0,0],"split_type":[0,0,0,0,0,0,0,0,0,0,0,0,0,0,0],"sum_hessian":[9E0,2E0,7E0,1E0,1E0,5E0,2E0,3E0,2E0,1E0,1E0,1E0,2E0,1E0,1E0],"tree_param":{"num_deleted":"0","num_feature":"2","num_nodes":"15","size_leaf_vector":"1"}},{"base_weights":[-2.294597E-3,-1.8009554E-1,6.466758E-2,-2.1754842E-2,-5.25949E-3,1.11564E-3,1.702156E-1,-1.1231661E-2,1.7206827E-2,5.373955E-3,2.0158386E-2,-1.4935493E-3,-5.018552E-4,5.083084E-4,2.072716E-3],"categories":[],"categories_nodes":[],"categories_segments":[],"categories_sizes":[],"default_left":[0,0,0,0,0,0,0,0,0,0,0,0,0,0,0],"id":78,"left_children":[1,3,5,-1,-1,7,9,11,13,-1,-1,-1,-1,-1,-1],"loss_changes":[1.3070573E-1,2.8838664E-3,5.3472355E-2,0E0,0E0,1.3853576E-3,1.2792647E-4,1.7094717E-5,2.2680848E-5,0E0,0E0,0E0,0E0,0E0,0E0],"parents":[2147483647,0,0,1,1,2,2,5,5,6,6,7,7,8,8],"right_children":[2,4,6,-1,-1,8,10,12,14,-1,-1,-1,-1,-1,-1],"split_conditions":[1.9755709E-1,1.00414045E-1,9.0718067E-1,-2.1754842E-2,-5.25949E-3,6.032456E-1,1E0,3.0056068E-1,7.9543567E-1,5.373955E-3,2.0158386E-2,-1.4935493E-3,-5.018552E-4,5.083084E-4,2.072716E-3],"split_indices":[0,0,0,0,0,0,0,0,0,0,0,0,0,0,0],"split_type":[0,0,0,0,0,0,0,0,0,0,0,0,0,0,0],"sum_hessian":[9E0,2E0,7E0,1E0,1E0,5E0,2E0,3E0,2E0,1E0,1E0,1E0,2E0,1E0,1E0],"tree_param":{"num_deleted":"0","num_feature":"2","num_nodes":"15","size_leaf_vector":"1"}},{"base_weights":[-2.154541E-3,-1.7109077E-1,6.146586E-2,-2.06671E-2,-4.9965144E-3,1.1019707E-3,1.6170502E-1,-1.0607481E-2,1.634725E-2,5.1052095E-3,1.9150544E-2,-1.4188767E-3,-4.6841303E-4,4.8294067E-4,1.9691468E-3],"categories":[],"categories_nodes":[],"categories_segments":[],"categories_sizes":[],"default_left":[0,0,0,0,0,0,0,0,0,0,0,0,0,0,0],"id":79,"left_children":[1,3,5,-1,-1,7,9,11,13,-1,-1,-1,-1,-1,-1],"loss_changes":[1.17994145E-1,2.6026815E-3,4.8228413E-2,0E0,0E0,1.2444862E-3,1.1575967E-4,1.8390798E-5,2.0456442E-5,0E0,0E0,0E0,0E0,0E0,0E0],"parents":[2147483647,0,0,1,1,2,2,5,5,6,6,7,7,8,8],"right_children":[2,4,6,-1,-1,8,10,12,14,-1,-1,-1,-1,-1,-1],"split_conditions":[1.9755709E-1,1.00414045E-1,9.0718067E-1,-2.06671E-2,-4.9965144E-3,6.032456E-1,1E0,3.0056068E-1,7.9543567E-1,5.1052095E-3,1.9150544E-2,-1.4188767E-3,-4.6841303E-4,4.8294067E-4,1.9691468E-3],"split_indices":[0,0,0,0,0,0,0,0,0,0,0,0,0,0,0],"split_type":[0,0,0,0,0,0,0,0,0,0,0,0,0,0,0],"sum_hessian":[9E0,2E0,7E0,1E0,1E0,5E0,2E0,3E0,2E0,1E0,1E0,1E0,2E0,1E0,1E0],"tree_param":{"num_deleted":"0","num_feature":"2","num_nodes":"15","size_leaf_vector":"1"}},{"base_weights":[-2.0230263E-3,-1.625363E-1,5.8422327E-2,-1.9633746E-2,-4.7466992E-3,1.086235E-3,1.536204E-1,-1.0018349E-2,1.5530269E-2,4.850006E-3,1.8193055E-2,-1.3479233E-3,-4.371643E-4,4.5881272E-4,1.8707275E-3],"categories":[],"categories_nodes":[],"categories_segments":[],"categories_sizes":[],"default_left":[0,0,0,0,0,0,0,0,0,0,0,0,0,0,0],"id":80,"left_children":[1,3,5,-1,-1,7,9,11,13,-1,-1,-1,-1,-1,-1],"loss_changes":[1.0651856E-1,2.34887E-3,4.3499414E-2,0E0,0E0,1.1179575E-3,1.04278326E-4,1.9243977E-5,1.8458406E-5,0E0,0E0,0E0,0E0,0E0,0E0],"parents":[2147483647,0,0,1,1,2,2,5,5,6,6,7,7,8,8],"right_children":[2,4,6,-1,-1,8,10,12,14,-1,-1,-1,-1,-1,-1],"split_conditions":[1.9755709E-1,1.00414045E-1,9.0718067E-1,-1.9633746E-2,-4.7466992E-3,6.032456E-1,1E0,3.0056068E-1,7.9543567E-1,4.850006E-3,1.8193055E-2,-1.3479233E-3,-4.371643E-4,4.5881272E-4,1.8707275E-3],"split_indices":[0,0,0,0,0,0,0,0,0,0,0,0,0,0,0],"split_type":[0,0,0,0,0,0,0,0,0,0,0,0,0,0,0],"sum_hessian":[9E0,2E0,7E0,1E0,1E0,5E0,2E0,3E0,2E0,1E0,1E0,1E0,2E0,1E0,1E0],"tree_param":{"num_deleted":"0","num_feature":"2","num_nodes":"15","size_leaf_vector":"1"}},{"base_weights":[-1.8998146E-3,-1.5440941E-1,5.552876E-2,-1.8652057E-2,-4.5093535E-3,1.0682741E-3,1.4594014E-1,-9.463072E-3,1.4753978E-2,4.607582E-3,1.728344E-2,-1.2805462E-3,-4.0804545E-4,4.3582916E-4,1.7772674E-3],"categories":[],"categories_nodes":[],"categories_segments":[],"categories_sizes":[],"default_left":[0,0,0,0,0,0,0,0,0,0,0,0,0,0,0],"id":81,"left_children":[1,3,5,-1,-1,7,9,11,13,-1,-1,-1,-1,-1,-1],"loss_changes":[9.615825E-2,2.1199137E-3,3.9234877E-2,0E0,0E0,1.0043913E-3,9.384006E-5,1.9711122E-5,1.6685692E-5,0E0,0E0,0E0,0E0,0E0,0E0],"parents":[2147483647,0,0,1,1,2,2,5,5,6,6,7,7,8,8],"right_children":[2,4,6,-1,-1,8,10,12,14,-1,-1,-1,-1,-1,-1],"split_conditions":[1.9755709E-1,1.00414045E-1,9.0718067E-1,-1.8652057E-2,-4.5093535E-3,6.032456E-1,1E0,3.0056068E-1,7.9543567E-1,4.607582E-3,1.728344E-2,-1.2805462E-3,-4.0804545E-4,4.3582916E-4,1.7772674E-3],"split_indices":[0,0,0,0,0,0,0,0,0,0,0,0,0,0,0],"split_type":[0,0,0,0,0,0,0,0,0,0,0,0,0,0,0],"sum_hessian":[9E0,2E0,7E0,1E0,1E0,5E0,2E0,3E0,2E0,1E0,1E0,1E0,2E0,1E0,1E0],"tree_param":{"num_deleted":"0","num_feature":"2","num_nodes":"15","size_leaf_vector":"1"}},{"base_weights":[-1.7844588E-3,-1.4668891E-1,5.2777767E-2,-1.7719455E-2,-4.2838813E-3,1.0490417E-3,1.3864262E-1,-8.938789E-3,1.4016469E-2,4.3771747E-3,1.641922E-2,-1.2165069E-3,-3.8083395E-4,4.140854E-4,1.688385E-3],"categories":[],"categories_nodes":[],"categories_segments":[],"categories_sizes":[],"default_left":[0,0,0,0,0,0,0,0,0,0,0,0,0,0,0],"id":82,"left_children":[1,3,5,-1,-1,7,9,11,13,-1,-1,-1,-1,-1,-1],"loss_changes":[8.680501E-2,1.9132346E-3,3.5387997E-2,0E0,0E0,9.0238906E-4,8.4750354E-5,1.9880361E-5,1.5037891E-5,0E0,0E0,0E0,0E0,0E0,0E0],"parents":[2147483647,0,0,1,1,2,2,5,5,6,6,7,7,8,8],"right_children":[2,4,6,-1,-1,8,10,12,14,-1,-1,-1,-1,-1,-1],"split_conditions":[1.9755709E-1,1.00414045E-1,9.0718067E-1,-1.7719455E-2,-4.2838813E-3,6.032456E-1,1E0,3.0056068E-1,7.9543567E-1,4.3771747E-3,1.641922E-2,-1.2165069E-3,-3.8083395E-4,4.140854E-4,1.688385E-3],"split_indices":[0,0,0,0,0,0,0,0,0,0,0,0,0,0,0],"split_type":[0,0,0,0,0,0,0,0,0,0,0,0,0,0,0],"sum_hessian":[9E0,2E0,7E0,1E0,1E0,5E0,2E0,3E0,2E0,1E0,1E0,1E0,2E0,1E0,1E0],"tree_param":{"num_deleted":"0","num_feature":"2","num_nodes":"15","size_leaf_vector":"1"}},{"base_weights":[-1.6760081E-3,-1.3935445E-1,5.016291E-2,-1.6833482E-2,-4.069686E-3,1.0282198E-3,1.3171132E-1,-8.444071E-3,1.3315201E-2,4.1584014E-3,1.5598297E-2,-1.1556626E-3,-3.5543443E-4,3.9339066E-4,1.6038895E-3],"categories":[],"categories_nodes":[],"categories_segments":[],"categories_sizes":[],"default_left":[0,0,0,0,0,0,0,0,0,0,0,0,0,0,0],"id":83,"left_children":[1,3,5,-1,-1,7,9,11,13,-1,-1,-1,-1,-1,-1],"loss_changes":[7.836145E-2,1.7267019E-3,3.191942E-2,0E0,0E0,8.1074965E-4,7.6215714E-5,1.9801926E-5,1.3559766E-5,0E0,0E0,0E0,0E0,0E0,0E0],"parents":[2147483647,0,0,1,1,2,2,5,5,6,6,7,7,8,8],"right_children":[2,4,6,-1,-1,8,10,12,14,-1,-1,-1,-1,-1,-1],"split_conditions":[1.9755709E-1,1.00414045E-1,9.0718067E-1,-1.6833482E-2,-4.069686E-3,6.032456E-1,1E0,3.0056068E-1,7.9543567E-1,4.1584014E-3,1.5598297E-2,-1.1556626E-3,-3.5543443E-4,3.9339066E-4,1.6038895E-3],"split_indices":[0,0,0,0,0,0,0,0,0,0,0,0,0,0,0],"split_type":[0,0,0,0,0,0,0,0,0,0,0,0,0,0,0],"sum_hessian":[9E0,2E0,7E0,1E0,1E0,5E0,2E0,3E0,2E0,1E0,1E0,1E0,2E0,1E0,1E0],"tree_param":{"num_deleted":"0","num_feature":"2","num_nodes":"15","size_leaf_vector":"1"}},{"base_weights":[-1.5741854E-3,-1.323867E-1,4.767728E-2,-1.5991809E-2,-3.8661957E-3,1.0067621E-3,1.2512589E-1,-7.977486E-3,1.2650172E-2,3.9505004E-3,1.4818382E-2,-1.09787E-3,-3.317515E-4,3.7374496E-4,1.5237809E-3],"categories":[],"categories_nodes":[],"categories_segments":[],"categories_sizes":[],"default_left":[0,0,0,0,0,0,0,0,0,0,0,0,0,0,0],"id":84,"left_children":[1,3,5,-1,-1,7,9,11,13,-1,-1,-1,-1,-1,-1],"loss_changes":[7.073891E-2,1.5583672E-3,2.879056E-2,0E0,0E0,7.2856026E-4,6.872043E-5,1.952026E-5,1.2238073E-5,0E0,0E0,0E0,0E0,0E0,0E0],"parents":[2147483647,0,0,1,1,2,2,5,5,6,6,7,7,8,8],"right_children":[2,4,6,-1,-1,8,10,12,14,-1,-1,-1,-1,-1,-1],"split_conditions":[1.9755709E-1,1.00414045E-1,9.0718067E-1,-1.5991809E-2,-3.8661957E-3,6.032456E-1,1E0,3.0056068E-1,7.9543567E-1,3.9505004E-3,1.4818382E-2,-1.09787E-3,-3.317515E-4,3.7374496E-4,1.5237809E-3],"split_indices":[0,0,0,0,0,0,0,0,0,0,0,0,0,0,0],"split_type":[0,0,0,0,0,0,0,0,0,0,0,0,0,0,0],"sum_hessian":[9E0,2E0,7E0,1E0,1E0,5E0,2E0,3E0,2E0,1E0,1E0,1E0,2E0,1E0,1E0],"tree_param":{"num_deleted":"0","num_feature":"2","num_nodes":"15","size_leaf_vector":"1"}},{"base_weights":[-1.4790446E-3,-1.2576737E-1,4.5313954E-2,-1.5192218E-2,-3.672886E-3,9.843508E-4,1.1886851E-1,-7.5371265E-3,1.2018204E-2,3.7528991E-3,1.40773775E-2,-1.0429859E-3,-3.0962628E-4,3.5505297E-4,1.4476776E-3],"categories":[],"categories_nodes":[],"categories_segments":[],"categories_sizes":[],"default_left":[0,0,0,0,0,0,0,0,0,0,0,0,0,0,0],"id":85,"left_children":[1,3,5,-1,-1,7,9,11,13,-1,-1,-1,-1,-1,-1],"loss_changes":[6.385724E-2,1.4064312E-3,2.596815E-2,0E0,0E0,6.547311E-4,6.2189996E-5,1.9091356E-5,1.10549445E-5,0E0,0E0,0E0,0E0,0E0,0E0],"parents":[2147483647,0,0,1,1,2,2,5,5,6,6,7,7,8,8],"right_children":[2,4,6,-1,-1,8,10,12,14,-1,-1,-1,-1,-1,-1],"split_conditions":[1.9755709E-1,1.00414045E-1,9.0718067E-1,-1.5192218E-2,-3.672886E-3,6.032456E-1,1E0,3.0056068E-1,7.9543567E-1,3.7528991E-3,1.40773775E-2,-1.0429859E-3,-3.0962628E-4,3.5505297E-4,1.4476776E-3],"split_indices":[0,0,0,0,0,0,0,0,0,0,0,0,0,0,0],"split_type":[0,0,0,0,0,0,0,0,0,0,0,0,0,0,0],"sum_hessian":[9E0,2E0,7E0,1E0,1E0,5E0,2E0,3E0,2E0,1E0,1E0,1E0,2E0,1E0,1E0],"tree_param":{"num_deleted":"0","num_feature":"2","num_nodes":"15","size_leaf_vector":"1"}},{"base_weights":[-1.3897151E-3,-1.1947893E-1,4.3067455E-2,-1.4432608E-2,-3.4892322E-3,9.606679E-4,1.1292521E-1,-7.121563E-3,1.1416753E-2,3.5652162E-3,1.3373566E-2,-9.9082E-4,-2.889951E-4,3.3731462E-4,1.3751984E-3],"categories":[],"categories_nodes":[],"categories_segments":[],"categories_sizes":[],"default_left":[0,0,0,0,0,0,0,0,0,0,0,0,0,0,0],"id":86,"left_children":[1,3,5,-1,-1,7,9,11,13,-1,-1,-1,-1,-1,-1],"loss_changes":[5.7644777E-2,1.2693368E-3,2.34234E-2,0E0,0E0,5.883561E-4,5.6296587E-5,1.8533654E-5,9.96358E-6,0E0,0E0,0E0,0E0,0E0,0E0],"parents":[2147483647,0,0,1,1,2,2,5,5,6,6,7,7,8,8],"right_children":[2,4,6,-1,-1,8,10,12,14,-1,-1,-1,-1,-1,-1],"split_conditions":[1.9755709E-1,1.00414045E-1,9.0718067E-1,-1.4432608E-2,-3.4892322E-3,6.032456E-1,1E0,3.0056068E-1,7.9543567E-1,3.5652162E-3,1.3373566E-2,-9.9082E-4,-2.889951E-4,3.3731462E-4,1.3751984E-3],"split_indices":[0,0,0,0,0,0,0,0,0,0,0,0,0,0,0],"split_type":[0,0,0,0,0,0,0,0,0,0,0,0,0,0,0],"sum_hessian":[9E0,2E0,7E0,1E0,1E0,5E0,2E0,3E0,2E0,1E0,1E0,1E0,2E0,1E0,1E0],"tree_param":{"num_deleted":"0","num_feature":"2","num_nodes":"15","size_leaf_vector":"1"}},{"base_weights":[-1.3057739E-3,-1.1350506E-1,4.093218E-2,-1.37109775E-2,-3.3147812E-3,9.37144E-4,1.0727819E-1,-6.729126E-3,1.0846456E-2,3.386879E-3,1.2704849E-2,-8.073807E-4,-1.3475418E-4,3.2043457E-4,1.3065338E-3],"categories":[],"categories_nodes":[],"categories_segments":[],"categories_sizes":[],"default_left":[0,0,0,0,0,0,0,0,0,0,0,0,0,0,0],"id":87,"left_children":[1,3,5,-1,-1,7,9,11,13,-1,-1,-1,-1,-1,-1],"loss_changes":[5.2036688E-2,1.1455417E-3,2.1127556E-2,0E0,0E0,5.287919E-4,5.0999224E-5,1.8066261E-5,9.004987E-6,0E0,0E0,0E0,0E0,0E0,0E0],"parents":[2147483647,0,0,1,1,2,2,5,5,6,6,7,7,8,8],"right_children":[2,4,6,-1,-1,8,10,12,14,-1,-1,-1,-1,-1,-1],"split_conditions":[1.9755709E-1,1.00414045E-1,9.0718067E-1,-1.37109775E-2,-3.3147812E-3,6.032456E-1,1E0,4.042316E-1,7.9543567E-1,3.386879E-3,1.2704849E-2,-8.073807E-4,-1.3475418E-4,3.2043457E-4,1.3065338E-3],"split_indices":[0,0,0,0,0,0,0,0,0,0,0,0,0,0,0],"split_type":[0,0,0,0,0,0,0,0,0,0,0,0,0,0,0],"sum_hessian":[9E0,2E0,7E0,1E0,1E0,5E0,2E0,3E0,2E0,1E0,1E0,2E0,1E0,1E0,1E0],"tree_param":{"num_deleted":"0","num_feature":"2","num_nodes":"15","size_leaf_vector":"1"}},{"base_weights":[-1.1996299E-3,-1.0782974E-1,3.8936615E-2,-1.3025428E-2,-3.1490326E-3,9.581248E-4,1.01914726E-1,-6.2913895E-3,1.0304769E-2,3.2175065E-3,1.2069702E-2,-9.0088847E-4,-2.3825963E-4,3.0441285E-4,1.2413025E-3],"categories":[],"categories_nodes":[],"categories_segments":[],"categories_sizes":[],"default_left":[0,0,0,0,0,0,0,0,0,0,0,0,0,0,0],"id":88,"left_children":[1,3,5,-1,-1,7,9,11,13,-1,-1,-1,-1,-1,-1],"loss_changes":[4.699585E-2,1.0338798E-3,1.9036861E-2,0E0,0E0,4.713831E-4,4.61787E-5,2.1023967E-5,8.135015E-6,0E0,0E0,0E0,0E0,0E0,0E0],"parents":[2147483647,0,0,1,1,2,2,5,5,6,6,7,7,8,8],"right_children":[2,4,6,-1,-1,8,10,12,14,-1,-1,-1,-1,-1,-1],"split_conditions":[1.9755709E-1,1.00414045E-1,9.0718067E-1,-1.3025428E-2,-3.1490326E-3,6.032456E-1,1E0,3.0056068E-1,7.9543567E-1,3.2175065E-3,1.2069702E-2,-9.0088847E-4,-2.3825963E-4,3.0441285E-4,1.2413025E-3],"split_indices":[0,0,0,0,0,0,0,0,0,0,0,0,0,0,0],"split_type":[0,0,0,0,0,0,0,0,0,0,0,0,0,0,0],"sum_hessian":[9E0,2E0,7E0,1E0,1E0,5E0,2E0,3E0,2E0,1E0,1E0,1E0,2E0,1E0,1E0],"tree_param":{"num_deleted":"0","num_feature":"2","num_nodes":"15","size_leaf_vector":"1"}},{"base_weights":[-1.1274219E-3,-1.0243825E-1,3.7005067E-2,-1.2374157E-2,-2.991581E-3,9.303093E-4,9.681956E-2,-5.9468746E-3,9.789784E-3,3.0567169E-3,1.1466217E-2,-8.5582735E-4,-2.2236507E-4,2.8915406E-4,1.1793136E-3],"categories":[],"categories_nodes":[],"categories_segments":[],"categories_sizes":[],"default_left":[0,0,0,0,0,0,0,0,0,0,0,0,0,0,0],"id":89,"left_children":[1,3,5,-1,-1,7,9,11,13,-1,-1,-1,-1,-1,-1],"loss_changes":[4.2423073E-2,9.330772E-4,1.7172277E-2,0E0,0E0,4.2378806E-4,4.1449443E-5,1.9860672E-5,7.358496E-6,0E0,0E0,0E0,0E0,0E0,0E0],"parents":[2147483647,0,0,1,1,2,2,5,5,6,6,7,7,8,8],"right_children":[2,4,6,-1,-1,8,10,12,14,-1,-1,-1,-1,-1,-1],"split_conditions":[1.9755709E-1,1.00414045E-1,9.0718067E-1,-1.2374157E-2,-2.991581E-3,6.032456E-1,1E0,3.0056068E-1,7.9543567E-1,3.0567169E-3,1.1466217E-2,-8.5582735E-4,-2.2236507E-4,2.8915406E-4,1.1793136E-3],"split_indices":[0,0,0,0,0,0,0,0,0,0,0,0,0,0,0],"split_type":[0,0,0,0,0,0,0,0,0,0,0,0,0,0,0],"sum_hessian":[9E0,2E0,7E0,1E0,1E0,5E0,2E0,3E0,2E0,1E0,1E0,1E0,2E0,1E0,1E0],"tree_param":{"num_deleted":"0","num_feature":"2","num_nodes":"15","size_leaf_vector":"1"}},{"base_weights":[-1.0598779E-3,-9.73163E-2,3.5168767E-2,-1.1755449E-2,-2.8419972E-3,9.0233487E-4,9.197871E-2,-5.6216717E-3,9.300232E-3,2.9039383E-3,1.0892868E-2,-8.13055E-4,-2.0751954E-4,2.746582E-4,1.1203766E-3],"categories":[],"categories_nodes":[],"categories_segments":[],"categories_sizes":[],"default_left":[0,0,0,0,0,0,0,0,0,0,0,0,0,0,0],"id":90,"left_children":[1,3,5,-1,-1,7,9,11,13,-1,-1,-1,-1,-1,-1],"loss_changes":[3.8294893E-2,8.421168E-4,1.5490397E-2,0E0,0E0,3.8101047E-4,3.7238002E-5,1.8718245E-5,6.653223E-6,0E0,0E0,0E0,0E0,0E0,0E0],"parents":[2147483647,0,0,1,1,2,2,5,5,6,6,7,7,8,8],"right_children":[2,4,6,-1,-1,8,10,12,14,-1,-1,-1,-1,-1,-1],"split_conditions":[1.9755709E-1,1.00414045E-1,9.0718067E-1,-1.1755449E-2,-2.8419972E-3,6.032456E-1,1E0,3.0056068E-1,7.9543567E-1,2.9039383E-3,1.0892868E-2,-8.13055E-4,-2.0751954E-4,2.746582E-4,1.1203766E-3],"split_indices":[0,0,0,0,0,0,0,0,0,0,0,0,0,0,0],"split_type":[0,0,0,0,0,0,0,0,0,0,0,0,0,0,0],"sum_hessian":[9E0,2E0,7E0,1E0,1E0,5E0,2E0,3E0,2E0,1E0,1E0,1E0,2E0,1E0,1E0],"tree_param":{"num_deleted":"0","num_feature":"2","num_nodes":"15","size_leaf_vector":"1"}},{"base_weights":[-9.96603E-4,-9.245051E-2,3.3423185E-2,-1.1167676E-2,-2.6998997E-3,8.7451935E-4,8.7379456E-2,-5.31435E-3,8.834839E-3,2.758789E-3,1.0348129E-2,-7.7238085E-4,-1.9365946E-4,2.609253E-4,1.0643005E-3],"categories":[],"categories_nodes":[],"categories_segments":[],"categories_sizes":[],"default_left":[0,0,0,0,0,0,0,0,0,0,0,0,0,0,0],"id":91,"left_children":[1,3,5,-1,-1,7,9,11,13,-1,-1,-1,-1,-1,-1],"loss_changes":[3.4568228E-2,7.600039E-4,1.3973223E-2,0E0,0E0,3.4254367E-4,3.3430755E-5,1.759635E-5,6.000395E-6,0E0,0E0,0E0,0E0,0E0,0E0],"parents":[2147483647,0,0,1,1,2,2,5,5,6,6,7,7,8,8],"right_children":[2,4,6,-1,-1,8,10,12,14,-1,-1,-1,-1,-1,-1],"split_conditions":[1.9755709E-1,1.00414045E-1,9.0718067E-1,-1.1167676E-2,-2.6998997E-3,6.032456E-1,1E0,3.0056068E-1,7.9543567E-1,2.758789E-3,1.0348129E-2,-7.7238085E-4,-1.9365946E-4,2.609253E-4,1.0643005E-3],"split_indices":[0,0,0,0,0,0,0,0,0,0,0,0,0,0,0],"split_type":[0,0,0,0,0,0,0,0,0,0,0,0,0,0,0],"sum_hessian":[9E0,2E0,7E0,1E0,1E0,5E0,2E0,3E0,2E0,1E0,1E0,1E0,2E0,1E0,1E0],"tree_param":{"num_deleted":"0","num_feature":"2","num_nodes":"15","size_leaf_vector":"1"}},{"base_weights":[-9.370789E-4,-8.7827995E-2,3.176415E-2,-1.0609292E-2,-2.564907E-3,8.4702176E-4,8.301035E-2,-5.0241947E-3,8.39297E-3,2.6208877E-3,9.830666E-3,-7.3375704E-4,-1.8072128E-4,2.4785995E-4,1.0110856E-3],"categories":[],"categories_nodes":[],"categories_segments":[],"categories_sizes":[],"default_left":[0,0,0,0,0,0,0,0,0,0,0,0,0,0,0],"id":92,"left_children":[1,3,5,-1,-1,7,9,11,13,-1,-1,-1,-1,-1,-1],"loss_changes":[3.1204179E-2,6.858967E-4,1.2604772E-2,0E0,0E0,3.079913E-4,3.0050054E-5,1.6507794E-5,5.419861E-6,0E0,0E0,0E0,0E0,0E0,0E0],"parents":[2147483647,0,0,1,1,2,2,5,5,6,6,7,7,8,8],"right_children":[2,4,6,-1,-1,8,10,12,14,-1,-1,-1,-1,-1,-1],"split_conditions":[1.9755709E-1,1.00414045E-1,9.0718067E-1,-1.0609292E-2,-2.564907E-3,6.032456E-1,1E0,3.0056068E-1,7.9543567E-1,2.6208877E-3,9.830666E-3,-7.3375704E-4,-1.8072128E-4,2.4785995E-4,1.0110856E-3],"split_indices":[0,0,0,0,0,0,0,0,0,0,0,0,0,0,0],"split_type":[0,0,0,0,0,0,0,0,0,0,0,0,0,0,0],"sum_hessian":[9E0,2E0,7E0,1E0,1E0,5E0,2E0,3E0,2E0,1E0,1E0,1E0,2E0,1E0,1E0],"tree_param":{"num_deleted":"0","num_feature":"2","num_nodes":"15","size_leaf_vector":"1"}},{"base_weights":[-8.810833E-4,-8.343659E-2,3.0187368E-2,-1.0078828E-2,-2.4366619E-3,8.1984204E-4,7.885996E-2,-4.750252E-3,7.973353E-3,2.489853E-3,9.339142E-3,-6.9708825E-4,-1.6864142E-4,2.354622E-4,9.605408E-4],"categories":[],"categories_nodes":[],"categories_segments":[],"categories_sizes":[],"default_left":[0,0,0,0,0,0,0,0,0,0,0,0,0,0,0],"id":93,"left_children":[1,3,5,-1,-1,7,9,11,13,-1,-1,-1,-1,-1,-1],"loss_changes":[2.816745E-2,6.190203E-4,1.1370497E-2,0E0,0E0,2.7694978E-4,2.7105212E-5,1.545882E-5,4.8931106E-6,0E0,0E0,0E0,0E0,0E0,0E0],"parents":[2147483647,0,0,1,1,2,2,5,5,6,6,7,7,8,8],"right_children":[2,4,6,-1,-1,8,10,12,14,-1,-1,-1,-1,-1,-1],"split_conditions":[1.9755709E-1,1.00414045E-1,9.0718067E-1,-1.0078828E-2,-2.4366619E-3,6.032456E-1,1E0,3.0056068E-1,7.9543567E-1,2.489853E-3,9.339142E-3,-6.9708825E-4,-1.6864142E-4,2.354622E-4,9.605408E-4],"split_indices":[0,0,0,0,0,0,0,0,0,0,0,0,0,0,0],"split_type":[0,0,0,0,0,0,0,0,0,0,0,0,0,0,0],"sum_hessian":[9E0,2E0,7E0,1E0,1E0,5E0,2E0,3E0,2E0,1E0,1E0,1E0,2E0,1E0,1E0],"tree_param":{"num_deleted":"0","num_feature":"2","num_nodes":"15","size_leaf_vector":"1"}},{"base_weights":[-8.2868634E-4,-7.926477E-2,2.868843E-2,-9.5748855E-3,-2.31483E-3,7.928212E-4,7.491684E-2,-4.491806E-3,7.574717E-3,2.365303E-3,8.872223E-3,-6.6223147E-4,-1.5741984E-4,2.23732E-4,9.124756E-4],"categories":[],"categories_nodes":[],"categories_segments":[],"categories_sizes":[],"default_left":[0,0,0,0,0,0,0,0,0,0,0,0,0,0,0],"id":94,"left_children":[1,3,5,-1,-1,7,9,11,13,-1,-1,-1,-1,-1,-1],"loss_changes":[2.5426053E-2,5.5866316E-4,1.0257162E-2,0E0,0E0,2.490629E-4,2.4601817E-5,1.4439116E-5,4.4045155E-6,0E0,0E0,0E0,0E0,0E0,0E0],"parents":[2147483647,0,0,1,1,2,2,5,5,6,6,7,7,8,8],"right_children":[2,4,6,-1,-1,8,10,12,14,-1,-1,-1,-1,-1,-1],"split_conditions":[1.9755709E-1,1.00414045E-1,9.0718067E-1,-9.5748855E-3,-2.31483E-3,6.032456E-1,1E0,3.0056068E-1,7.9543567E-1,2.365303E-3,8.872223E-3,-6.6223147E-4,-1.5741984E-4,2.23732E-4,9.124756E-4],"split_indices":[0,0,0,0,0,0,0,0,0,0,0,0,0,0,0],"split_type":[0,0,0,0,0,0,0,0,0,0,0,0,0,0,0],"sum_hessian":[9E0,2E0,7E0,1E0,1E0,5E0,2E0,3E0,2E0,1E0,1E0,1E0,2E0,1E0,1E0],"tree_param":{"num_deleted":"0","num_feature":"2","num_nodes":"15","size_leaf_vector":"1"}},{"base_weights":[-7.7923835E-4,-7.530146E-2,2.7263999E-2,-9.096141E-3,-2.1990777E-3,7.665952E-4,7.117081E-2,-4.247427E-3,7.1964264E-3,2.2470474E-3,8.428574E-3,-6.2913896E-4,-1.4689764E-4,2.1257401E-4,8.6688995E-4],"categories":[],"categories_nodes":[],"categories_segments":[],"categories_sizes":[],"default_left":[0,0,0,0,0,0,0,0,0,0,0,0,0,0,0],"id":95,"left_children":[1,3,5,-1,-1,7,9,11,13,-1,-1,-1,-1,-1,-1],"loss_changes":[2.2951461E-2,5.042162E-4,9.252772E-3,0E0,0E0,2.240022E-4,2.2163615E-5,1.3474288E-5,3.9715087E-6,0E0,0E0,0E0,0E0,0E0,0E0],"parents":[2147483647,0,0,1,1,2,2,5,5,6,6,7,7,8,8],"right_children":[2,4,6,-1,-1,8,10,12,14,-1,-1,-1,-1,-1,-1],"split_conditions":[1.9755709E-1,1.00414045E-1,9.0718067E-1,-9.096141E-3,-2.1990777E-3,6.032456E-1,1E0,3.0056068E-1,7.9543567E-1,2.2470474E-3,8.428574E-3,-6.2913896E-4,-1.4689764E-4,2.1257401E-4,8.6688995E-4],"split_indices":[0,0,0,0,0,0,0,0,0,0,0,0,0,0,0],"split_type":[0,0,0,0,0,0,0,0,0,0,0,0,0,0,0],"sum_hessian":[9E0,2E0,7E0,1E0,1E0,5E0,2E0,3E0,2E0,1E0,1E0,1E0,2E0,1E0,1E0],"tree_param":{"num_deleted":"0","num_feature":"2","num_nodes":"15","size_leaf_vector":"1"}},{"base_weights":[-7.3288975E-4,-7.1536355E-2,2.591002E-2,-8.641334E-3,-2.089119E-3,7.40846E-4,6.7611694E-2,-4.016638E-3,6.837209E-3,2.1347047E-3,8.00705E-3,-5.976677E-4,-1.3710657E-4,2.0198822E-4,8.235932E-4],"categories":[],"categories_nodes":[],"categories_segments":[],"categories_sizes":[],"default_left":[0,0,0,0,0,0,0,0,0,0,0,0,0,0,0],"id":96,"left_children":[1,3,5,-1,-1,7,9,11,13,-1,-1,-1,-1,-1,-1],"loss_changes":[2.071761E-2,4.5506563E-4,8.346684E-3,0E0,0E0,2.0148269E-4,1.9936822E-5,1.254728E-5,3.5786943E-6,0E0,0E0,0E0,0E0,0E0,0E0],"parents":[2147483647,0,0,1,1,2,2,5,5,6,6,7,7,8,8],"right_children":[2,4,6,-1,-1,8,10,12,14,-1,-1,-1,-1,-1,-1],"split_conditions":[1.9755709E-1,1.00414045E-1,9.0718067E-1,-8.641334E-3,-2.089119E-3,6.032456E-1,1E0,3.0056068E-1,7.9543567E-1,2.1347047E-3,8.00705E-3,-5.976677E-4,-1.3710657E-4,2.0198822E-4,8.235932E-4],"split_indices":[0,0,0,0,0,0,0,0,0,0,0,0,0,0,0],"split_type":[0,0,0,0,0,0,0,0,0,0,0,0,0,0,0],"sum_hessian":[9E0,2E0,7E0,1E0,1E0,5E0,2E0,3E0,2E0,1E0,1E0,1E0,2E0,1E0,1E0],"tree_param":{"num_deleted":"0","num_feature":"2","num_nodes":"15","size_leaf_vector":"1"}},{"base_weights":[-6.8953633E-4,-6.795957E-2,2.4622917E-2,-8.209268E-3,-1.9846677E-3,7.1525574E-4,6.42306E-2,-3.7984848E-3,6.4951577E-3,2.0278932E-3,7.6066973E-3,-5.6777004E-4,-1.2795131E-4,1.9187927E-4,7.8239443E-4],"categories":[],"categories_nodes":[],"categories_segments":[],"categories_sizes":[],"default_left":[0,0,0,0,0,0,0,0,0,0,0,0,0,0,0],"id":97,"left_children":[1,3,5,-1,-1,7,9,11,13,-1,-1,-1,-1,-1,-1],"loss_changes":[1.8701058E-2,4.1068718E-4,7.529476E-3,0E0,0E0,1.8120563E-4,1.8127263E-5,1.1670072E-5,3.2305106E-6,0E0,0E0,0E0,0E0,0E0,0E0],"parents":[2147483647,0,0,1,1,2,2,5,5,6,6,7,7,8,8],"right_children":[2,4,6,-1,-1,8,10,12,14,-1,-1,-1,-1,-1,-1],"split_conditions":[1.9755709E-1,1.00414045E-1,9.0718067E-1,-8.209268E-3,-1.9846677E-3,6.032456E-1,1E0,3.0056068E-1,7.9543567E-1,2.0278932E-3,7.6066973E-3,-5.6777004E-4,-1.2795131E-4,1.9187927E-4,7.8239443E-4],"split_indices":[0,0,0,0,0,0,0,0,0,0,0,0,0,0,0],"split_type":[0,0,0,0,0,0,0,0,0,0,0,0,0,0,0],"sum_hessian":[9E0,2E0,7E0,1E0,1E0,5E0,2E0,3E0,2E0,1E0,1E0,1E0,2E0,1E0,1E0],"tree_param":{"num_deleted":"0","num_feature":"2","num_nodes":"15","size_leaf_vector":"1"}},{"base_weights":[-6.4890535E-4,-6.456161E-2,2.3399472E-2,-7.7988035E-3,-1.885438E-3,6.8998337E-4,6.1018627E-2,-3.5927296E-3,6.170273E-3,1.9264221E-3,7.2263717E-3,-5.393982E-4,-1.1943182E-4,1.8224717E-4,7.432938E-4],"categories":[],"categories_nodes":[],"categories_segments":[],"categories_sizes":[],"default_left":[0,0,0,0,0,0,0,0,0,0,0,0,0,0,0],"id":98,"left_children":[1,3,5,-1,-1,7,9,11,13,-1,-1,-1,-1,-1,-1],"loss_changes":[1.6880676E-2,3.7063845E-4,6.792392E-3,0E0,0E0,1.6299116E-4,1.649186E-5,1.0838445E-5,2.9231305E-6,0E0,0E0,0E0,0E0,0E0,0E0],"parents":[2147483647,0,0,1,1,2,2,5,5,6,6,7,7,8,8],"right_children":[2,4,6,-1,-1,8,10,12,14,-1,-1,-1,-1,-1,-1],"split_conditions":[1.9755709E-1,1.00414045E-1,9.0718067E-1,-7.7988035E-3,-1.885438E-3,6.032456E-1,1E0,3.0056068E-1,7.9543567E-1,1.9264221E-3,7.2263717E-3,-5.393982E-4,-1.1943182E-4,1.8224717E-4,7.432938E-4],"split_indices":[0,0,0,0,0,0,0,0,0,0,0,0,0,0,0],"split_type":[0,0,0,0,0,0,0,0,0,0,0,0,0,0,0],"sum_hessian":[9E0,2E0,7E0,1E0,1E0,5E0,2E0,3E0,2E0,1E0,1E0,1E0,2E0,1E0,1E0],"tree_param":{"num_deleted":"0","num_feature":"2","num_nodes":"15","size_leaf_vector":"1"}},{"base_weights":[-6.1041117E-4,-6.1333537E-2,2.2237062E-2,-7.4088634E-3,-1.7911673E-3,6.653468E-4,5.796814E-2,-3.3979416E-3,5.8612823E-3,1.830101E-3,6.86512E-3,-5.124092E-4,-1.1145273E-4,1.7309189E-4,7.061005E-4],"categories":[],"categories_nodes":[],"categories_segments":[],"categories_sizes":[],"default_left":[0,0,0,0,0,0,0,0,0,0,0,0,0,0,0],"id":99,"left_children":[1,3,5,-1,-1,7,9,11,13,-1,-1,-1,-1,-1,-1],"loss_changes":[1.5237578E-2,3.3449847E-4,6.1276765E-3,0E0,0E0,1.465918E-4,1.4912337E-5,1.0055122E-5,2.643843E-6,0E0,0E0,0E0,0E0,0E0,0E0],"parents":[2147483647,0,0,1,1,2,2,5,5,6,6,7,7,8,8],"right_children":[2,4,6,-1,-1,8,10,12,14,-1,-1,-1,-1,-1,-1],"split_conditions":[1.9755709E-1,1.00414045E-1,9.0718067E-1,-7.4088634E-3,-1.7911673E-3,6.032456E-1,1E0,3.0056068E-1,7.9543567E-1,1.830101E-3,6.86512E-3,-5.124092E-4,-1.1145273E-4,1.7309189E-4,7.061005E-4],"split_indices":[0,0,0,0,0,0,0,0,0,0,0,0,0,0,0],"split_type":[0,0,0,0,0,0,0,0,0,0,0,0,0,0,0],"sum_hessian":[9E0,2E0,7E0,1E0,1E0,5E0,2E0,3E0,2E0,1E0,1E0,1E0,2E0,1E0,1E0],"tree_param":{"num_deleted":"0","num_feature":"2","num_nodes":"15","size_leaf_vector":"1"}}]},"name":"gbtree"},"learner_model_param":{"base_score":"2.39E1","boost_from_average":"1","num_class":"0","num_feature":"2","num_target":"1"},"objective":{"name":"reg:squarederror","reg_loss_param":{"scale_pos_weight":"1"}}},"version":[2,0,1]}